Update available: 2.3.6 -> 2.3.8. Run: pip install --upgrade fcode
RC MAP w 30 h 30 ours 2,14 theirs 26,14
RC SEAT 1 id 3 seat 0
RC POS 1 id 3 seat 0 role raid fs 1 body 1 pos 4,14 stuck 0
RC POS 2 id 3 seat 0 role raid fs 1 body 1 pos 4,14 stuck 1
RC SEAT 2 id 5 seat 1
RC POS 2 id 5 seat 1 role expand fs 0 body 1 pos 3,16 stuck 0
V528 PICK r 2 id 5 tgt 2,7 cs 28 bs 28 reg 0 cc 6 bc 6 cands 4 banned 0 regall 0 seat 1
RC WALK 2 id 5 role expand pos 3,16 tgt 2,7 want SOUTH
RC POS 3 id 3 seat 0 role raid fs 1 body 1 pos 4,14 stuck 2
RC POS 3 id 5 seat 1 role expand fs 0 body 1 pos 3,17 stuck 0
RC WALK 3 id 5 role expand pos 3,17 tgt 2,7 want WEST
RC SEAT 3 id 7 seat 2
RC POS 3 id 7 seat 2 role expand fs 0 body 1 pos 2,16 stuck 0
V528 PICK r 3 id 7 tgt 4,20 cs 21 bs 21 reg 0 cc 5 bc 5 cands 4 banned 0 regall 0 seat 2
RC WALK 3 id 7 role expand pos 2,16 tgt 4,19 want EAST
RC POS 4 id 3 seat 0 role raid fs 1 body 1 pos 4,14 stuck 3
RC POS 4 id 5 seat 1 role expand fs 0 body 1 pos 2,17 stuck 0
RC WALK 4 id 5 role expand pos 2,17 tgt 2,7 want NORTH
RC POS 4 id 7 seat 2 role expand fs 0 body 1 pos 3,16 stuck 0
RC WALK 4 id 7 role expand pos 3,16 tgt 4,19 want SOUTH
RC SEAT 4 id 9 seat 3
RC POS 4 id 9 seat 3 role raid fs 1 body 2 pos 4,15 stuck 0
RC POS 5 id 3 seat 0 role raid fs 1 body 1 pos 4,14 stuck 4
RC POS 5 id 5 seat 1 role expand fs 0 body 1 pos 2,16 stuck 0
RC WALK 5 id 5 role expand pos 2,16 tgt 2,7 want WEST
RC POS 5 id 7 seat 2 role expand fs 0 body 1 pos 3,17 stuck 0
RC WALK 5 id 7 role expand pos 3,17 tgt 4,19 want SOUTH
RC POS 5 id 9 seat 3 role raid fs 1 body 2 pos 5,15 stuck 0
RC POS 6 id 3 seat 0 role raid fs 1 body 1 pos 4,14 stuck 5
RC POS 6 id 5 seat 1 role expand fs 0 body 1 pos 1,16 stuck 0
RC WALK 6 id 5 role expand pos 1,16 tgt 2,7 want NORTH
RC POS 6 id 7 seat 2 role expand fs 0 body 1 pos 3,18 stuck 0
RC WALK 6 id 7 role expand pos 3,18 tgt 4,19 want EAST
RC POS 6 id 9 seat 3 role raid fs 1 body 2 pos 5,15 stuck 1
RC POS 7 id 3 seat 0 role raid fs 1 body 1 pos 10,15 stuck 0
RC POS 7 id 5 seat 1 role expand fs 0 body 1 pos 1,15 stuck 0
RC WALK 7 id 5 role expand pos 1,15 tgt 2,7 want NORTH
RC POS 7 id 7 seat 2 role expand fs 0 body 1 pos 4,18 stuck 0
RC WALK 7 id 7 role expand pos 4,18 tgt 4,19 want SOUTH
RC POS 7 id 9 seat 3 role raid fs 1 body 2 pos 5,15 stuck 2
RC POS 8 id 3 seat 0 role raid fs 1 body 1 pos 10,15 stuck 1
RC POS 8 id 5 seat 1 role expand fs 0 body 1 pos 1,14 stuck 0
RC WALK 8 id 5 role expand pos 1,14 tgt 2,7 want NORTH
RC POS 8 id 7 seat 2 role expand fs 0 body 1 pos 4,19 stuck 0
V528 CONN r 8 id 7 at 4,20 chosen 5 best 5 regret 0 cands 3 role expand seat 2
RC POS 8 id 9 seat 3 role raid fs 1 body 2 pos 10,14 stuck 0
RC POS 9 id 3 seat 0 role raid fs 1 body 1 pos 16,16 stuck 0
RC POS 9 id 5 seat 1 role expand fs 0 body 1 pos 1,13 stuck 0
RC WALK 9 id 5 role expand pos 1,13 tgt 2,7 want NORTH
RC POS 9 id 7 seat 2 role expand fs 0 body 1 pos 4,19 stuck 1
RC POS 9 id 9 seat 3 role raid fs 1 body 2 pos 11,14 stuck 0
RC POS 10 id 3 seat 0 role raid fs 1 body 1 pos 16,16 stuck 1
RC POS 10 id 5 seat 1 role expand fs 0 body 1 pos 1,12 stuck 0
RC WALK 10 id 5 role expand pos 1,12 tgt 2,7 want NORTH
RC POS 10 id 7 seat 2 role expand fs 0 body 1 pos 4,19 stuck 2
RC POS 10 id 9 seat 3 role raid fs 1 body 2 pos 16,15 stuck 0
RC POS 11 id 3 seat 0 role raid fs 1 body 1 pos 22,16 stuck 0
RC POS 11 id 5 seat 1 role expand fs 0 body 1 pos 1,11 stuck 0
RC WALK 11 id 5 role expand pos 1,11 tgt 2,8 want NORTH
RC POS 11 id 7 seat 2 role expand fs 0 body 1 pos 4,18 stuck 0
RC POS 11 id 9 seat 3 role raid fs 1 body 2 pos 17,15 stuck 0
RC POS 12 id 3 seat 0 role raid fs 1 body 1 pos 22,16 stuck 1
RC POS 12 id 5 seat 1 role expand fs 0 body 1 pos 1,10 stuck 0
RC WALK 12 id 5 role expand pos 1,10 tgt 2,8 want NORTH
RC POS 12 id 7 seat 2 role expand fs 0 body 1 pos 4,18 stuck 1
RC POS 12 id 9 seat 3 role raid fs 1 body 2 pos 22,15 stuck 0
RC POS 13 id 3 seat 0 role raid fs 1 body 1 pos 27,13 stuck 0
RC POS 13 id 5 seat 1 role expand fs 0 body 1 pos 1,9 stuck 0
RC WALK 13 id 5 role expand pos 1,9 tgt 2,8 want EAST
RC POS 13 id 7 seat 2 role expand fs 0 body 1 pos 4,18 stuck 2
RC WALK 13 id 7 role expand pos 4,18 tgt 3,17 want WEST
RC POS 13 id 9 seat 3 role raid fs 1 body 2 pos 22,15 stuck 1
RC POS 14 id 3 seat 0 role raid fs 1 body 1 pos 27,13 stuck 1
RC WALK 14 id 3 role raid pos 27,13 tgt 28,13 want EAST
RC POS 14 id 5 seat 1 role expand fs 0 body 1 pos 2,9 stuck 0
RC WALK 14 id 5 role expand pos 2,9 tgt 2,8 want NORTH
RC POS 14 id 7 seat 2 role expand fs 0 body 1 pos 3,18 stuck 0
RC POS 14 id 9 seat 3 role raid fs 1 body 2 pos 26,12 stuck 0
RC WALK 14 id 9 role raid pos 26,12 tgt 27,12 want EAST
RC POS 15 id 3 seat 0 role raid fs 1 body 1 pos 28,13 stuck 0
RC POS 15 id 5 seat 1 role expand fs 0 body 1 pos 2,8 stuck 0
V528 PICK r 15 id 5 tgt 11,15 cs 43 bs 22 reg 21 cc 9 bc 7 cands 4 banned 0 regall 21 seat 1
RC WALK 15 id 5 role expand pos 2,8 tgt 2,7 want NORTH
RC POS 15 id 7 seat 2 role expand fs 0 body 1 pos 3,18 stuck 1
RC WALK 15 id 7 role expand pos 3,18 tgt 3,16 want NORTH
RC POS 15 id 9 seat 3 role raid fs 1 body 2 pos 27,12 stuck 0
RC WALK 15 id 9 role raid pos 27,12 tgt 28,14 want EAST
RC SEAT 15 id 29 seat 4
RC POS 15 id 29 seat 4 role defend fs 0 body 1 pos 3,16 stuck 0
RC WALK 15 id 29 role defend pos 3,16 tgt 2,8 want WEST
RC POS 16 id 3 seat 0 role raid fs 1 body 1 pos 28,13 stuck 1
RC POS 16 id 5 seat 1 role expand fs 0 body 1 pos 2,7 stuck 0
V528 PICK r 16 id 5 tgt 18,15 cs 72 bs 21 reg 51 cc 16 bc 7 cands 4 banned 0 regall 51 seat 1
RC WALK 16 id 5 role expand pos 2,7 tgt 18,15 want EAST
RC POS 16 id 7 seat 2 role expand fs 0 body 1 pos 3,17 stuck 0
RC POS 16 id 9 seat 3 role raid fs 1 body 2 pos 28,12 stuck 0
RC WALK 16 id 9 role raid pos 28,12 tgt 29,15 want EAST
RC POS 16 id 29 seat 4 role defend fs 0 body 1 pos 2,16 stuck 0
RC WALK 16 id 29 role defend pos 2,16 tgt 2,8 want WEST
RC POS 17 id 3 seat 0 role raid fs 1 body 1 pos 28,13 stuck 2
RC WALK 17 id 3 role raid pos 28,13 tgt 29,15 want EAST
RC POS 17 id 5 seat 1 role expand fs 0 body 1 pos 3,7 stuck 0
RC WALK 17 id 5 role expand pos 3,7 tgt 2,8 want WEST
RC POS 17 id 7 seat 2 role expand fs 0 body 1 pos 3,17 stuck 1
RC WALK 17 id 7 role expand pos 3,17 tgt 3,16 want NORTH
RC POS 17 id 9 seat 3 role raid fs 1 body 2 pos 29,12 stuck 0
RC WALK 17 id 9 role raid pos 29,12 tgt 29,15 want WEST
RC POS 17 id 29 seat 4 role defend fs 0 body 1 pos 1,16 stuck 0
RC WALK 17 id 29 role defend pos 1,16 tgt 2,8 want NORTH
RC POS 18 id 3 seat 0 role raid fs 1 body 1 pos 29,13 stuck 0
RC WALK 18 id 3 role raid pos 29,13 tgt 28,13 want WEST
RC POS 18 id 5 seat 1 role expand fs 0 body 1 pos 2,7 stuck 0
RC WALK 18 id 5 role expand pos 2,7 tgt 2,8 want SOUTH
RC POS 18 id 7 seat 2 role expand fs 0 body 1 pos 3,16 stuck 0
V528 PICK r 18 id 7 tgt 9,9 cs 43 bs 43 reg 0 cc 10 bc 10 cands 3 banned 0 regall 0 seat 2
RC WALK 18 id 7 role expand pos 3,16 tgt 9,9 want WEST
RC POS 18 id 9 seat 3 role raid fs 1 body 2 pos 28,12 stuck 0
RC WALK 18 id 9 role raid pos 28,12 tgt 27,12 want WEST
RC POS 18 id 29 seat 4 role defend fs 0 body 1 pos 1,15 stuck 0
RC WALK 18 id 29 role defend pos 1,15 tgt 2,8 want NORTH
RC POS 19 id 3 seat 0 role raid fs 1 body 1 pos 28,13 stuck 0
RC POS 19 id 5 seat 1 role expand fs 0 body 1 pos 2,8 stuck 0
V528 CONN r 19 id 5 at 2,7 chosen 7 best 7 regret 0 cands 3 role expand seat 1
RC POS 19 id 7 seat 2 role expand fs 0 body 1 pos 2,16 stuck 0
RC WALK 19 id 7 role expand pos 2,16 tgt 9,9 want WEST
RC POS 19 id 9 seat 3 role raid fs 1 body 2 pos 27,12 stuck 0
RC WALK 19 id 9 role raid pos 27,12 tgt 25,14 want WEST
RC POS 19 id 29 seat 4 role defend fs 0 body 1 pos 1,14 stuck 0
RC WALK 19 id 29 role defend pos 1,14 tgt 2,8 want NORTH
RC POS 20 id 3 seat 0 role raid fs 1 body 1 pos 28,13 stuck 1
RC WALK 20 id 3 role raid pos 28,13 tgt 29,15 want EAST
RC POS 20 id 5 seat 1 role expand fs 0 body 1 pos 2,8 stuck 1
RC POS 20 id 7 seat 2 role expand fs 0 body 1 pos 1,16 stuck 0
RC WALK 20 id 7 role expand pos 1,16 tgt 9,9 want NORTH
RC POS 20 id 9 seat 3 role raid fs 1 body 2 pos 26,12 stuck 0
RC POS 20 id 29 seat 4 role defend fs 0 body 1 pos 1,13 stuck 0
RC WALK 20 id 29 role defend pos 1,13 tgt 2,8 want NORTH
RC POS 21 id 3 seat 0 role raid fs 1 body 1 pos 29,13 stuck 0
RC WALK 21 id 3 role raid pos 29,13 tgt 29,15 want SOUTH
RC POS 21 id 5 seat 1 role expand fs 0 body 1 pos 2,8 stuck 2
RC POS 21 id 7 seat 2 role expand fs 0 body 1 pos 1,15 stuck 0
RC WALK 21 id 7 role expand pos 1,15 tgt 9,9 want NORTH
RC POS 21 id 9 seat 3 role raid fs 1 body 2 pos 27,12 stuck 0
RC WALK 21 id 9 role raid pos 27,12 tgt 25,14 want WEST
RC POS 21 id 29 seat 4 role defend fs 0 body 1 pos 1,12 stuck 0
RC WALK 21 id 29 role defend pos 1,12 tgt 2,8 want NORTH
RC POS 22 id 3 seat 0 role raid fs 1 body 1 pos 29,14 stuck 0
RC WALK 22 id 3 role raid pos 29,14 tgt 25,14 want NORTH
RC POS 22 id 5 seat 1 role expand fs 0 body 1 pos 2,9 stuck 0
RC POS 22 id 7 seat 2 role expand fs 0 body 1 pos 1,14 stuck 0
RC WALK 22 id 7 role expand pos 1,14 tgt 9,9 want NORTH
RC POS 22 id 9 seat 3 role raid fs 1 body 2 pos 26,12 stuck 0
RC POS 22 id 29 seat 4 role defend fs 0 body 1 pos 1,11 stuck 0
RC WALK 22 id 29 role defend pos 1,11 tgt 2,8 want NORTH
RC POS 23 id 3 seat 0 role raid fs 1 body 1 pos 29,13 stuck 0
RC WALK 23 id 3 role raid pos 29,13 tgt 25,14 want WEST
RC POS 23 id 5 seat 1 role expand fs 0 body 1 pos 2,9 stuck 1
RC POS 23 id 7 seat 2 role expand fs 0 body 1 pos 1,13 stuck 0
RC WALK 23 id 7 role expand pos 1,13 tgt 9,9 want EAST
RC POS 23 id 9 seat 3 role raid fs 1 body 2 pos 27,12 stuck 0
RC WALK 23 id 9 role raid pos 27,12 tgt 25,14 want WEST
RC POS 23 id 29 seat 4 role defend fs 0 body 1 pos 1,10 stuck 0
RC WALK 23 id 29 role defend pos 1,10 tgt 2,8 want NORTH
RC POS 24 id 3 seat 0 role raid fs 1 body 1 pos 28,13 stuck 0
RC WALK 24 id 3 role raid pos 28,13 tgt 25,14 want NORTH
RC POS 24 id 5 seat 1 role expand fs 0 body 1 pos 2,9 stuck 2
RC WALK 24 id 5 role expand pos 2,9 tgt 2,11 want SOUTH
RC POS 24 id 7 seat 2 role expand fs 0 body 1 pos 2,13 stuck 0
RC WALK 24 id 7 role expand pos 2,13 tgt 9,9 want EAST
RC POS 24 id 29 seat 4 role defend fs 0 body 1 pos 1,9 stuck 0
RC WALK 24 id 29 role defend pos 1,9 tgt 2,8 want EAST
RC POS 25 id 3 seat 0 role raid fs 1 body 1 pos 28,12 stuck 0
RC WALK 25 id 3 role raid pos 28,12 tgt 25,14 want WEST
RC POS 25 id 5 seat 1 role expand fs 0 body 1 pos 2,10 stuck 0
RC POS 25 id 7 seat 2 role expand fs 0 body 1 pos 3,13 stuck 0
RC WALK 25 id 7 role expand pos 3,13 tgt 9,9 want NORTH
RC POS 25 id 29 seat 4 role defend fs 0 body 1 pos 2,9 stuck 0
RC WALK 25 id 29 role defend pos 2,9 tgt 2,8 want NORTH
RC POS 26 id 3 seat 0 role raid fs 1 body 1 pos 27,12 stuck 0
RC WALK 26 id 3 role raid pos 27,12 tgt 25,14 want WEST
RC POS 26 id 5 seat 1 role expand fs 0 body 1 pos 2,10 stuck 1
RC WALK 26 id 5 role expand pos 2,10 tgt 2,12 want SOUTH
RC POS 26 id 7 seat 2 role expand fs 0 body 1 pos 3,12 stuck 0
RC WALK 26 id 7 role expand pos 3,12 tgt 9,9 want NORTH
RC POS 26 id 29 seat 4 role defend fs 0 body 1 pos 2,8 stuck 0
RC WALK 26 id 29 role defend pos 2,8 tgt 2,7 want CENTRE
RC POS 27 id 3 seat 0 role raid fs 1 body 1 pos 26,12 stuck 0
RC POS 27 id 5 seat 1 role expand fs 0 body 1 pos 2,11 stuck 0
RC POS 27 id 7 seat 2 role expand fs 0 body 1 pos 3,11 stuck 0
RC WALK 27 id 7 role expand pos 3,11 tgt 9,9 want EAST
RC POS 27 id 29 seat 4 role defend fs 0 body 1 pos 2,8 stuck 1
RC WALK 27 id 29 role defend pos 2,8 tgt 2,7 want CENTRE
RC POS 28 id 3 seat 0 role raid fs 1 body 1 pos 27,12 stuck 0
RC POS 28 id 5 seat 1 role expand fs 0 body 1 pos 2,11 stuck 1
RC WALK 28 id 5 role expand pos 2,11 tgt 2,13 want SOUTH
RC POS 28 id 7 seat 2 role expand fs 0 body 1 pos 4,11 stuck 0
RC WALK 28 id 7 role expand pos 4,11 tgt 9,9 want WEST
RC POS 28 id 29 seat 4 role defend fs 0 body 1 pos 2,8 stuck 2
RC WALK 28 id 29 role defend pos 2,8 tgt 2,7 want CENTRE
RC POS 29 id 3 seat 0 role raid fs 1 body 1 pos 27,12 stuck 1
RC WALK 29 id 3 role raid pos 27,12 tgt 25,14 want WEST
RC POS 29 id 5 seat 1 role expand fs 0 body 1 pos 2,12 stuck 0
RC POS 29 id 7 seat 2 role expand fs 0 body 1 pos 3,11 stuck 0
RC WALK 29 id 7 role expand pos 3,11 tgt 9,9 want SOUTH
RC POS 29 id 29 seat 4 role defend fs 0 body 1 pos 2,8 stuck 3
RC WALK 29 id 29 role defend pos 2,8 tgt 2,7 want CENTRE
RC POS 30 id 3 seat 0 role raid fs 1 body 1 pos 26,12 stuck 0
RC POS 30 id 5 seat 1 role expand fs 0 body 1 pos 2,12 stuck 1
RC WALK 30 id 5 role expand pos 2,12 tgt 2,13 want SOUTH
RC POS 30 id 7 seat 2 role expand fs 0 body 1 pos 3,12 stuck 0
RC WALK 30 id 7 role expand pos 3,12 tgt 9,9 want NORTH
RC POS 30 id 29 seat 4 role defend fs 0 body 1 pos 2,8 stuck 4
RC WALK 30 id 29 role defend pos 2,8 tgt 2,7 want CENTRE
RC POS 31 id 3 seat 0 role raid fs 1 body 1 pos 26,11 stuck 0
RC WALK 31 id 3 role raid pos 26,11 tgt 25,14 want EAST
RC POS 31 id 5 seat 1 role expand fs 0 body 1 pos 2,13 stuck 0
V528 PICK r 31 id 5 tgt 21,26 cs 116 bs 9 reg 107 cc 28 bc 1 cands 4 banned 0 regall 107 seat 1
RC WALK 31 id 5 role expand pos 2,13 tgt 21,26 want WEST
RC POS 31 id 7 seat 2 role expand fs 0 body 1 pos 3,11 stuck 0
RC WALK 31 id 7 role expand pos 3,11 tgt 9,9 want EAST
RC POS 31 id 29 seat 4 role defend fs 0 body 1 pos 2,8 stuck 5
RC WALK 31 id 29 role defend pos 2,8 tgt 2,7 want CENTRE
RC POS 32 id 3 seat 0 role raid fs 1 body 1 pos 27,11 stuck 0
RC WALK 32 id 3 role raid pos 27,11 tgt 25,14 want WEST
RC POS 32 id 5 seat 1 role expand fs 0 body 1 pos 1,13 stuck 0
RC WALK 32 id 5 role expand pos 1,13 tgt 21,26 want SOUTH
RC POS 32 id 7 seat 2 role expand fs 0 body 1 pos 4,11 stuck 0
RC WALK 32 id 7 role expand pos 4,11 tgt 9,9 want EAST
RC POS 32 id 29 seat 4 role defend fs 0 body 1 pos 2,8 stuck 1
RC WALK 32 id 29 role defend pos 2,8 tgt 2,7 want CENTRE
RC POS 33 id 3 seat 0 role raid fs 1 body 1 pos 26,11 stuck 0
RC WALK 33 id 3 role raid pos 26,11 tgt 25,14 want EAST
RC POS 33 id 5 seat 1 role expand fs 0 body 1 pos 1,14 stuck 0
RC WALK 33 id 5 role expand pos 1,14 tgt 21,26 want SOUTH
RC POS 33 id 7 seat 2 role expand fs 0 body 1 pos 5,11 stuck 0
RC WALK 33 id 7 role expand pos 5,11 tgt 9,10 want NORTH
RC POS 33 id 29 seat 4 role defend fs 0 body 1 pos 2,8 stuck 2
RC WALK 33 id 29 role defend pos 2,8 tgt 2,7 want CENTRE
RC POS 34 id 3 seat 0 role raid fs 1 body 1 pos 27,11 stuck 0
RC WALK 34 id 3 role raid pos 27,11 tgt 28,13 want EAST
RC POS 34 id 5 seat 1 role expand fs 0 body 1 pos 1,15 stuck 0
RC WALK 34 id 5 role expand pos 1,15 tgt 21,26 want SOUTH
RC POS 34 id 7 seat 2 role expand fs 0 body 1 pos 5,10 stuck 0
RC WALK 34 id 7 role expand pos 5,10 tgt 9,10 want EAST
RC POS 34 id 29 seat 4 role defend fs 0 body 1 pos 2,8 stuck 3
RC WALK 34 id 29 role defend pos 2,8 tgt 2,7 want CENTRE
RC POS 35 id 3 seat 0 role raid fs 1 body 1 pos 28,11 stuck 0
RC WALK 35 id 3 role raid pos 28,11 tgt 28,13 want SOUTH
RC POS 35 id 5 seat 1 role expand fs 0 body 1 pos 1,16 stuck 0
RC WALK 35 id 5 role expand pos 1,16 tgt 21,26 want EAST
RC POS 35 id 7 seat 2 role expand fs 0 body 1 pos 6,10 stuck 0
RC WALK 35 id 7 role expand pos 6,10 tgt 9,10 want EAST
RC POS 35 id 29 seat 4 role defend fs 0 body 1 pos 2,8 stuck 4
RC POS 36 id 3 seat 0 role raid fs 1 body 1 pos 28,12 stuck 0
RC WALK 36 id 3 role raid pos 28,12 tgt 27,12 want WEST
RC POS 36 id 5 seat 1 role expand fs 0 body 1 pos 2,16 stuck 0
RC WALK 36 id 5 role expand pos 2,16 tgt 21,26 want EAST
RC POS 36 id 7 seat 2 role expand fs 0 body 1 pos 7,10 stuck 0
RC WALK 36 id 7 role expand pos 7,10 tgt 9,10 want EAST
RC POS 36 id 29 seat 4 role defend fs 0 body 1 pos 2,8 stuck 5
RC WALK 36 id 29 role defend pos 2,8 tgt 2,12 want SOUTH
RC POS 37 id 3 seat 0 role raid fs 1 body 1 pos 27,12 stuck 0
RC POS 37 id 5 seat 1 role expand fs 0 body 1 pos 3,16 stuck 0
RC WALK 37 id 5 role expand pos 3,16 tgt 21,26 want SOUTH
RC POS 37 id 7 seat 2 role expand fs 0 body 1 pos 8,10 stuck 0
RC WALK 37 id 7 role expand pos 8,10 tgt 9,10 want EAST
RC POS 37 id 29 seat 4 role defend fs 0 body 1 pos 2,9 stuck 0
RC WALK 37 id 29 role defend pos 2,9 tgt 1,12 want SOUTH
RC POS 38 id 3 seat 0 role raid fs 1 body 1 pos 27,12 stuck 1
RC POS 38 id 5 seat 1 role expand fs 0 body 1 pos 3,17 stuck 0
RC WALK 38 id 5 role expand pos 3,17 tgt 21,26 want SOUTH
RC POS 38 id 7 seat 2 role expand fs 0 body 1 pos 9,10 stuck 0
V528 PICK r 38 id 7 tgt 8,26 cs 47 bs 15 reg 32 cc 10 bc 0 cands 4 banned 0 regall 32 seat 2
RC WALK 38 id 7 role expand pos 9,10 tgt 9,9 want NORTH
RC POS 38 id 29 seat 4 role defend fs 0 body 1 pos 2,10 stuck 0
RC WALK 38 id 29 role defend pos 2,10 tgt 1,13 want SOUTH
RC POS 39 id 3 seat 0 role raid fs 1 body 1 pos 27,12 stuck 2
RC POS 39 id 5 seat 1 role expand fs 0 body 1 pos 3,18 stuck 0
RC WALK 39 id 5 role expand pos 3,18 tgt 21,26 want EAST
RC POS 39 id 7 seat 2 role expand fs 0 body 1 pos 9,9 stuck 0
V528 PICK r 39 id 7 tgt 27,7 cs 110 bs 16 reg 94 cc 30 bc 0 cands 4 banned 0 regall 94 seat 2
RC WALK 39 id 7 role expand pos 9,9 tgt 27,7 want EAST
RC POS 39 id 29 seat 4 role defend fs 0 body 1 pos 2,11 stuck 0
RC WALK 39 id 29 role defend pos 2,11 tgt 1,13 want SOUTH
RC POS 40 id 3 seat 0 role raid fs 1 body 1 pos 27,12 stuck 3
RC POS 40 id 5 seat 1 role expand fs 0 body 1 pos 4,18 stuck 0
RC WALK 40 id 5 role expand pos 4,18 tgt 21,26 want EAST
RC POS 40 id 7 seat 2 role expand fs 0 body 1 pos 10,9 stuck 0
RC WALK 40 id 7 role expand pos 10,9 tgt 9,10 want WEST
RC POS 40 id 29 seat 4 role defend fs 0 body 1 pos 2,12 stuck 0
RC WALK 40 id 29 role defend pos 2,12 tgt 1,13 want WEST
RC POS 41 id 3 seat 0 role raid fs 1 body 1 pos 27,12 stuck 4
RC POS 41 id 5 seat 1 role expand fs 0 body 1 pos 5,18 stuck 0
RC WALK 41 id 5 role expand pos 5,18 tgt 21,26 want SOUTH
RC POS 41 id 7 seat 2 role expand fs 0 body 1 pos 9,9 stuck 0
RC WALK 41 id 7 role expand pos 9,9 tgt 9,10 want SOUTH
RC POS 41 id 29 seat 4 role defend fs 0 body 1 pos 1,12 stuck 0
RC WALK 41 id 29 role defend pos 1,12 tgt 1,13 want CENTRE
RC POS 42 id 3 seat 0 role raid fs 1 body 1 pos 27,12 stuck 5
RC POS 42 id 5 seat 1 role expand fs 0 body 1 pos 5,19 stuck 0
RC WALK 42 id 5 role expand pos 5,19 tgt 4,19 want WEST
RC POS 42 id 7 seat 2 role expand fs 0 body 1 pos 9,10 stuck 0
V528 PICK r 42 id 7 tgt 4,20 cs 15 bs 15 reg 0 cc 0 bc 0 cands 4 banned 0 regall 0 seat 2
RC WALK 42 id 7 role expand pos 9,10 tgt 9,9 want NORTH
RC POS 42 id 29 seat 4 role defend fs 0 body 1 pos 1,12 stuck 1
RC WALK 42 id 29 role defend pos 1,12 tgt 1,13 want CENTRE
RC POS 43 id 3 seat 0 role raid fs 1 body 1 pos 27,12 stuck 6
RC POS 43 id 5 seat 1 role expand fs 0 body 1 pos 4,19 stuck 0
V528 PICK r 43 id 5 tgt 2,7 cs 17 bs 17 reg 0 cc 1 bc 1 cands 4 banned 0 regall 0 seat 1
RC WALK 43 id 5 role expand pos 4,19 tgt 4,20 want CENTRE
RC POS 43 id 7 seat 2 role expand fs 0 body 1 pos 9,9 stuck 0
V528 PICK r 43 id 7 tgt 9,9 cs 36 bs 16 reg 20 cc 12 bc 0 cands 4 banned 0 regall 20 seat 2
RC WALK 43 id 7 role expand pos 9,9 tgt 9,10 want SOUTH
RC POS 43 id 29 seat 4 role defend fs 0 body 1 pos 1,12 stuck 2
RC WALK 43 id 29 role defend pos 1,12 tgt 0,13 want WEST
RC POS 44 id 3 seat 0 role raid fs 1 body 1 pos 27,12 stuck 7
RC POS 44 id 5 seat 1 role expand fs 0 body 1 pos 4,19 stuck 1
RC WALK 44 id 5 role expand pos 4,19 tgt 4,20 want CENTRE
RC POS 44 id 7 seat 2 role expand fs 0 body 1 pos 9,10 stuck 0
V528 PICK r 44 id 7 tgt 8,26 cs 47 bs 15 reg 32 cc 10 bc 0 cands 4 banned 0 regall 32 seat 2
RC WALK 44 id 7 role expand pos 9,10 tgt 9,9 want NORTH
RC POS 44 id 29 seat 4 role defend fs 0 body 1 pos 0,12 stuck 0
RC POS 45 id 3 seat 0 role raid fs 1 body 1 pos 27,12 stuck 8
RC WALK 45 id 3 role raid pos 27,12 tgt 25,14 want NORTH
RC POS 45 id 5 seat 1 role expand fs 0 body 1 pos 4,19 stuck 2
RC WALK 45 id 5 role expand pos 4,19 tgt 4,20 want CENTRE
RC POS 45 id 7 seat 2 role expand fs 0 body 1 pos 9,9 stuck 0
V528 PICK r 45 id 7 tgt 27,7 cs 110 bs 16 reg 94 cc 30 bc 0 cands 4 banned 0 regall 94 seat 2
RC WALK 45 id 7 role expand pos 9,9 tgt 27,7 want EAST
RC POS 45 id 29 seat 4 role defend fs 0 body 1 pos 0,12 stuck 1
RC WALK 45 id 29 role defend pos 0,12 tgt 0,15 want SOUTH
RC POS 46 id 3 seat 0 role raid fs 1 body 1 pos 27,11 stuck 0
RC WALK 46 id 3 role raid pos 27,11 tgt 25,14 want WEST
RC POS 46 id 5 seat 1 role expand fs 0 body 1 pos 4,19 stuck 3
RC WALK 46 id 5 role expand pos 4,19 tgt 4,20 want CENTRE
RC POS 46 id 7 seat 2 role expand fs 0 body 1 pos 10,9 stuck 0
RC WALK 46 id 7 role expand pos 10,9 tgt 9,10 want WEST
RC POS 46 id 29 seat 4 role defend fs 0 body 1 pos 0,13 stuck 0
RC WALK 46 id 29 role defend pos 0,13 tgt 0,15 want SOUTH
RC POS 47 id 3 seat 0 role raid fs 1 body 1 pos 26,11 stuck 0
RC WALK 47 id 3 role raid pos 26,11 tgt 25,14 want EAST
RC POS 47 id 5 seat 1 role expand fs 0 body 1 pos 4,19 stuck 4
RC WALK 47 id 5 role expand pos 4,19 tgt 4,20 want CENTRE
RC POS 47 id 7 seat 2 role expand fs 0 body 1 pos 9,9 stuck 0
RC WALK 47 id 7 role expand pos 9,9 tgt 9,10 want SOUTH
RC POS 47 id 29 seat 4 role defend fs 0 body 1 pos 0,14 stuck 0
RC WALK 47 id 29 role defend pos 0,14 tgt 0,16 want SOUTH
RC POS 48 id 3 seat 0 role raid fs 1 body 1 pos 27,11 stuck 0
RC WALK 48 id 3 role raid pos 27,11 tgt 27,12 want SOUTH
RC POS 48 id 5 seat 1 role expand fs 0 body 1 pos 4,19 stuck 5
V528 PICK r 48 id 5 tgt 11,15 cs 38 bs 17 reg 21 cc 9 bc 1 cands 4 banned 0 regall 21 seat 1
RC WALK 48 id 5 role expand pos 4,19 tgt 4,20 want CENTRE
RC POS 48 id 7 seat 2 role expand fs 0 body 1 pos 9,10 stuck 0
V528 PICK r 48 id 7 tgt 4,20 cs 15 bs 15 reg 0 cc 0 bc 0 cands 4 banned 0 regall 0 seat 2
RC WALK 48 id 7 role expand pos 9,10 tgt 9,9 want NORTH
RC POS 48 id 29 seat 4 role defend fs 0 body 1 pos 0,15 stuck 0
RC WALK 48 id 29 role defend pos 0,15 tgt 1,16 want SOUTH
RC POS 49 id 3 seat 0 role raid fs 1 body 1 pos 27,12 stuck 0
RC POS 49 id 5 seat 1 role expand fs 0 body 1 pos 4,19 stuck 1
RC WALK 49 id 5 role expand pos 4,19 tgt 4,20 want CENTRE
RC POS 49 id 7 seat 2 role expand fs 0 body 1 pos 9,9 stuck 0
V528 PICK r 49 id 7 tgt 9,9 cs 36 bs 16 reg 20 cc 12 bc 0 cands 4 banned 0 regall 20 seat 2
RC WALK 49 id 7 role expand pos 9,9 tgt 9,10 want SOUTH
RC POS 49 id 29 seat 4 role defend fs 0 body 1 pos 0,16 stuck 0
RC WALK 49 id 29 role defend pos 0,16 tgt 1,16 want CENTRE
RC POS 50 id 3 seat 0 role raid fs 1 body 1 pos 27,12 stuck 1
RC POS 50 id 5 seat 1 role expand fs 0 body 1 pos 4,19 stuck 2
RC WALK 50 id 5 role expand pos 4,19 tgt 4,20 want CENTRE
RC POS 50 id 7 seat 2 role expand fs 0 body 1 pos 9,10 stuck 0
V528 PICK r 50 id 7 tgt 8,26 cs 47 bs 15 reg 32 cc 10 bc 0 cands 4 banned 0 regall 32 seat 2
RC WALK 50 id 7 role expand pos 9,10 tgt 9,9 want NORTH
RC POS 50 id 29 seat 4 role defend fs 0 body 1 pos 0,16 stuck 1
RC WALK 50 id 29 role defend pos 0,16 tgt 1,17 want EAST
RC POS 51 id 3 seat 0 role raid fs 1 body 1 pos 27,12 stuck 2
RC POS 51 id 5 seat 1 role expand fs 0 body 1 pos 4,19 stuck 3
RC WALK 51 id 5 role expand pos 4,19 tgt 4,20 want CENTRE
RC POS 51 id 7 seat 2 role expand fs 0 body 1 pos 9,9 stuck 0
V528 PICK r 51 id 7 tgt 27,7 cs 110 bs 16 reg 94 cc 30 bc 0 cands 4 banned 0 regall 94 seat 2
RC WALK 51 id 7 role expand pos 9,9 tgt 27,7 want EAST
RC POS 51 id 29 seat 4 role defend fs 0 body 1 pos 1,16 stuck 0
RC WALK 51 id 29 role defend pos 1,16 tgt 2,17 want SOUTH
RC POS 52 id 3 seat 0 role raid fs 1 body 1 pos 27,12 stuck 3
RC POS 52 id 5 seat 1 role expand fs 0 body 1 pos 4,19 stuck 4
RC WALK 52 id 5 role expand pos 4,19 tgt 4,20 want CENTRE
RC POS 52 id 7 seat 2 role expand fs 0 body 1 pos 10,9 stuck 0
RC WALK 52 id 7 role expand pos 10,9 tgt 9,10 want WEST
RC POS 52 id 29 seat 4 role defend fs 0 body 1 pos 1,17 stuck 0
RC WALK 52 id 29 role defend pos 1,17 tgt 3,17 want EAST
RC POS 53 id 3 seat 0 role raid fs 1 body 1 pos 27,12 stuck 4
RC POS 53 id 5 seat 1 role expand fs 0 body 1 pos 4,19 stuck 5
V528 PICK r 53 id 5 tgt 18,15 cs 66 bs 17 reg 49 cc 16 bc 1 cands 4 banned 0 regall 49 seat 1
RC WALK 53 id 5 role expand pos 4,19 tgt 4,20 want CENTRE
RC POS 53 id 7 seat 2 role expand fs 0 body 1 pos 9,9 stuck 0
RC WALK 53 id 7 role expand pos 9,9 tgt 9,10 want SOUTH
RC POS 53 id 29 seat 4 role defend fs 0 body 1 pos 2,17 stuck 0
RC POS 54 id 3 seat 0 role raid fs 1 body 1 pos 27,12 stuck 5
RC POS 54 id 5 seat 1 role expand fs 0 body 1 pos 4,19 stuck 1
RC WALK 54 id 5 role expand pos 4,19 tgt 4,20 want CENTRE
RC POS 54 id 7 seat 2 role expand fs 0 body 1 pos 9,10 stuck 0
V528 PICK r 54 id 7 tgt 4,20 cs 15 bs 15 reg 0 cc 0 bc 0 cands 4 banned 0 regall 0 seat 2
RC WALK 54 id 7 role expand pos 9,10 tgt 9,9 want NORTH
RC POS 54 id 29 seat 4 role defend fs 0 body 1 pos 2,17 stuck 1
RC WALK 54 id 29 role defend pos 2,17 tgt 3,16 want EAST
RC POS 55 id 3 seat 0 role raid fs 1 body 1 pos 27,12 stuck 6
RC POS 55 id 5 seat 1 role expand fs 0 body 1 pos 4,19 stuck 2
RC WALK 55 id 5 role expand pos 4,19 tgt 4,20 want CENTRE
RC POS 55 id 7 seat 2 role expand fs 0 body 1 pos 9,9 stuck 0
V528 PICK r 55 id 7 tgt 9,9 cs 36 bs 16 reg 20 cc 12 bc 0 cands 4 banned 0 regall 20 seat 2
RC WALK 55 id 7 role expand pos 9,9 tgt 9,10 want SOUTH
RC POS 55 id 29 seat 4 role defend fs 0 body 1 pos 3,17 stuck 0
RC WALK 55 id 29 role defend pos 3,17 tgt 3,16 want CENTRE
RC POS 56 id 3 seat 0 role raid fs 1 body 1 pos 27,12 stuck 7
RC POS 56 id 5 seat 1 role expand fs 0 body 1 pos 4,19 stuck 3
RC WALK 56 id 5 role expand pos 4,19 tgt 4,20 want CENTRE
RC POS 56 id 7 seat 2 role expand fs 0 body 1 pos 9,10 stuck 0
V528 PICK r 56 id 7 tgt 8,26 cs 47 bs 15 reg 32 cc 10 bc 0 cands 4 banned 0 regall 32 seat 2
RC WALK 56 id 7 role expand pos 9,10 tgt 9,9 want NORTH
RC POS 56 id 29 seat 4 role defend fs 0 body 1 pos 3,17 stuck 1
RC WALK 56 id 29 role defend pos 3,17 tgt 3,16 want CENTRE
RC POS 57 id 3 seat 0 role raid fs 1 body 1 pos 27,12 stuck 8
RC WALK 57 id 3 role raid pos 27,12 tgt 25,14 want NORTH
RC POS 57 id 5 seat 1 role expand fs 0 body 1 pos 4,19 stuck 4
RC WALK 57 id 5 role expand pos 4,19 tgt 4,20 want CENTRE
RC POS 57 id 7 seat 2 role expand fs 0 body 1 pos 9,9 stuck 0
V528 PICK r 57 id 7 tgt 27,7 cs 110 bs 16 reg 94 cc 30 bc 0 cands 4 banned 0 regall 94 seat 2
RC WALK 57 id 7 role expand pos 9,9 tgt 27,7 want EAST
RC POS 57 id 29 seat 4 role defend fs 0 body 1 pos 3,17 stuck 2
RC WALK 57 id 29 role defend pos 3,17 tgt 3,16 want CENTRE
RC POS 58 id 3 seat 0 role raid fs 1 body 1 pos 27,11 stuck 0
RC WALK 58 id 3 role raid pos 27,11 tgt 27,16 want SOUTH
RC POS 58 id 5 seat 1 role expand fs 0 body 1 pos 4,19 stuck 5
V528 PICK r 58 id 5 tgt 21,26 cs 99 bs 17 reg 82 cc 25 bc 1 cands 4 banned 0 regall 82 seat 1
RC WALK 58 id 5 role expand pos 4,19 tgt 4,20 want CENTRE
RC POS 58 id 7 seat 2 role expand fs 0 body 1 pos 10,9 stuck 0
RC WALK 58 id 7 role expand pos 10,9 tgt 9,10 want WEST
RC POS 58 id 29 seat 4 role defend fs 0 body 1 pos 3,17 stuck 3
RC WALK 58 id 29 role defend pos 3,17 tgt 3,16 want CENTRE
RC POS 59 id 3 seat 0 role raid fs 1 body 1 pos 27,12 stuck 0
RC POS 59 id 5 seat 1 role expand fs 0 body 1 pos 4,19 stuck 1
RC WALK 59 id 5 role expand pos 4,19 tgt 4,20 want CENTRE
RC POS 59 id 7 seat 2 role expand fs 0 body 1 pos 9,9 stuck 0
RC WALK 59 id 7 role expand pos 9,9 tgt 9,10 want SOUTH
RC POS 59 id 29 seat 4 role defend fs 0 body 1 pos 3,17 stuck 4
RC WALK 59 id 29 role defend pos 3,17 tgt 3,16 want CENTRE
RC POS 60 id 3 seat 0 role raid fs 1 body 1 pos 27,12 stuck 1
RC WALK 60 id 3 role raid pos 27,12 tgt 25,14 want WEST
RC POS 60 id 5 seat 1 role expand fs 0 body 1 pos 4,19 stuck 2
RC WALK 60 id 5 role expand pos 4,19 tgt 4,20 want CENTRE
RC POS 60 id 7 seat 2 role expand fs 0 body 1 pos 9,10 stuck 0
V528 PICK r 60 id 7 tgt 4,20 cs 15 bs 15 reg 0 cc 0 bc 0 cands 4 banned 0 regall 0 seat 2
RC WALK 60 id 7 role expand pos 9,10 tgt 9,9 want NORTH
RC POS 60 id 29 seat 4 role defend fs 0 body 1 pos 3,17 stuck 5
RC WALK 60 id 29 role defend pos 3,17 tgt 10,16 want SOUTH
RC POS 61 id 3 seat 0 role raid fs 1 body 1 pos 26,12 stuck 0
RC POS 61 id 5 seat 1 role expand fs 0 body 1 pos 4,19 stuck 3
RC WALK 61 id 5 role expand pos 4,19 tgt 4,20 want CENTRE
RC POS 61 id 7 seat 2 role expand fs 0 body 1 pos 9,9 stuck 0
V528 PICK r 61 id 7 tgt 9,9 cs 36 bs 16 reg 20 cc 12 bc 0 cands 4 banned 0 regall 20 seat 2
RC WALK 61 id 7 role expand pos 9,9 tgt 9,10 want SOUTH
RC POS 61 id 29 seat 4 role defend fs 0 body 1 pos 3,18 stuck 0
RC POS 62 id 3 seat 0 role raid fs 1 body 1 pos 27,12 stuck 0
RC WALK 62 id 3 role raid pos 27,12 tgt 25,14 want WEST
RC POS 62 id 5 seat 1 role expand fs 0 body 1 pos 4,19 stuck 4
RC WALK 62 id 5 role expand pos 4,19 tgt 4,20 want CENTRE
RC POS 62 id 7 seat 2 role expand fs 0 body 1 pos 9,10 stuck 0
V528 PICK r 62 id 7 tgt 8,26 cs 47 bs 15 reg 32 cc 10 bc 0 cands 4 banned 0 regall 32 seat 2
RC WALK 62 id 7 role expand pos 9,10 tgt 9,9 want NORTH
RC POS 62 id 29 seat 4 role defend fs 0 body 1 pos 3,18 stuck 1
RC POS 63 id 5 seat 1 role expand fs 0 body 1 pos 4,19 stuck 5
V528 PICK r 63 id 5 tgt 2,7 cs 17 bs 17 reg 0 cc 1 bc 1 cands 4 banned 0 regall 0 seat 1
RC WALK 63 id 5 role expand pos 4,19 tgt 4,20 want CENTRE
RC POS 63 id 7 seat 2 role expand fs 0 body 1 pos 9,9 stuck 0
V528 PICK r 63 id 7 tgt 27,7 cs 110 bs 16 reg 94 cc 30 bc 0 cands 4 banned 0 regall 94 seat 2
RC WALK 63 id 7 role expand pos 9,9 tgt 27,7 want EAST
RC POS 63 id 29 seat 4 role defend fs 0 body 1 pos 3,18 stuck 2
RC POS 64 id 5 seat 1 role expand fs 0 body 1 pos 4,19 stuck 1
RC WALK 64 id 5 role expand pos 4,19 tgt 4,20 want CENTRE
RC POS 64 id 7 seat 2 role expand fs 0 body 1 pos 10,9 stuck 0
RC WALK 64 id 7 role expand pos 10,9 tgt 9,10 want WEST
RC POS 64 id 29 seat 4 role defend fs 0 body 1 pos 3,18 stuck 3
RC POS 65 id 5 seat 1 role expand fs 0 body 1 pos 4,19 stuck 2
RC WALK 65 id 5 role expand pos 4,19 tgt 4,20 want CENTRE
RC POS 65 id 7 seat 2 role expand fs 0 body 1 pos 9,9 stuck 0
RC WALK 65 id 7 role expand pos 9,9 tgt 9,10 want SOUTH
RC POS 65 id 29 seat 4 role defend fs 0 body 1 pos 3,18 stuck 4
RC WALK 65 id 29 role defend pos 3,18 tgt 10,16 want EAST
RC POS 66 id 5 seat 1 role expand fs 0 body 1 pos 4,19 stuck 3
RC WALK 66 id 5 role expand pos 4,19 tgt 4,20 want CENTRE
RC POS 66 id 7 seat 2 role expand fs 0 body 1 pos 9,10 stuck 0
V528 PICK r 66 id 7 tgt 4,20 cs 15 bs 15 reg 0 cc 0 bc 0 cands 4 banned 0 regall 0 seat 2
RC WALK 66 id 7 role expand pos 9,10 tgt 9,9 want NORTH
RC POS 66 id 29 seat 4 role defend fs 0 body 1 pos 4,18 stuck 0
RC WALK 66 id 29 role defend pos 4,18 tgt 10,16 want EAST
RC POS 67 id 5 seat 1 role expand fs 0 body 1 pos 4,19 stuck 4
RC WALK 67 id 5 role expand pos 4,19 tgt 4,20 want CENTRE
RC POS 67 id 7 seat 2 role expand fs 0 body 1 pos 9,9 stuck 0
V528 PICK r 67 id 7 tgt 9,9 cs 36 bs 16 reg 20 cc 12 bc 0 cands 4 banned 0 regall 20 seat 2
RC WALK 67 id 7 role expand pos 9,9 tgt 9,10 want SOUTH
RC POS 67 id 29 seat 4 role defend fs 0 body 1 pos 5,18 stuck 0
RC WALK 67 id 29 role defend pos 5,18 tgt 10,16 want SOUTH
RC POS 68 id 5 seat 1 role expand fs 0 body 1 pos 4,19 stuck 5
V528 PICK r 68 id 5 tgt 11,15 cs 38 bs 17 reg 21 cc 9 bc 1 cands 4 banned 0 regall 21 seat 1
RC WALK 68 id 5 role expand pos 4,19 tgt 4,20 want CENTRE
RC POS 68 id 7 seat 2 role expand fs 0 body 1 pos 9,10 stuck 0
V528 PICK r 68 id 7 tgt 8,26 cs 47 bs 15 reg 32 cc 10 bc 0 cands 4 banned 0 regall 32 seat 2
RC WALK 68 id 7 role expand pos 9,10 tgt 9,9 want NORTH
RC POS 68 id 29 seat 4 role defend fs 0 body 1 pos 5,19 stuck 0
RC WALK 68 id 29 role defend pos 5,19 tgt 4,20 want SOUTH
RC POS 69 id 5 seat 1 role expand fs 0 body 1 pos 4,19 stuck 1
RC WALK 69 id 5 role expand pos 4,19 tgt 4,20 want CENTRE
RC POS 69 id 7 seat 2 role expand fs 0 body 1 pos 9,9 stuck 0
V528 PICK r 69 id 7 tgt 27,7 cs 110 bs 16 reg 94 cc 30 bc 0 cands 4 banned 0 regall 94 seat 2
RC WALK 69 id 7 role expand pos 9,9 tgt 27,7 want EAST
RC POS 69 id 29 seat 4 role defend fs 0 body 1 pos 5,20 stuck 0
RC WALK 69 id 29 role defend pos 5,20 tgt 4,20 want CENTRE
RC POS 70 id 5 seat 1 role expand fs 0 body 1 pos 4,19 stuck 2
RC WALK 70 id 5 role expand pos 4,19 tgt 4,20 want CENTRE
RC POS 70 id 7 seat 2 role expand fs 0 body 1 pos 10,9 stuck 0
RC WALK 70 id 7 role expand pos 10,9 tgt 9,10 want WEST
RC POS 70 id 29 seat 4 role defend fs 0 body 1 pos 5,20 stuck 1
RC WALK 70 id 29 role defend pos 5,20 tgt 4,20 want CENTRE
RC POS 71 id 5 seat 1 role expand fs 0 body 1 pos 4,19 stuck 3
RC WALK 71 id 5 role expand pos 4,19 tgt 4,20 want CENTRE
RC POS 71 id 7 seat 2 role expand fs 0 body 1 pos 9,9 stuck 0
RC WALK 71 id 7 role expand pos 9,9 tgt 9,10 want SOUTH
RC POS 71 id 29 seat 4 role defend fs 0 body 1 pos 5,20 stuck 2
RC WALK 71 id 29 role defend pos 5,20 tgt 4,20 want CENTRE
RC POS 72 id 5 seat 1 role expand fs 0 body 1 pos 4,19 stuck 4
RC WALK 72 id 5 role expand pos 4,19 tgt 4,20 want CENTRE
RC POS 72 id 7 seat 2 role expand fs 0 body 1 pos 9,10 stuck 0
V528 CONN r 72 id 7 at 9,9 chosen 12 best 0 regret 12 cands 3 role expand seat 2
RC POS 72 id 29 seat 4 role defend fs 0 body 1 pos 5,20 stuck 3
RC WALK 72 id 29 role defend pos 5,20 tgt 4,20 want CENTRE
RC POS 73 id 5 seat 1 role expand fs 0 body 1 pos 4,19 stuck 5
V528 PICK r 73 id 5 tgt 18,15 cs 66 bs 17 reg 49 cc 16 bc 1 cands 4 banned 0 regall 49 seat 1
RC WALK 73 id 5 role expand pos 4,19 tgt 4,20 want CENTRE
RC POS 73 id 7 seat 2 role expand fs 0 body 1 pos 9,10 stuck 1
RC POS 73 id 29 seat 4 role defend fs 0 body 1 pos 5,20 stuck 4
RC WALK 73 id 29 role defend pos 5,20 tgt 4,20 want CENTRE
RC POS 74 id 5 seat 1 role expand fs 0 body 1 pos 4,19 stuck 1
RC WALK 74 id 5 role expand pos 4,19 tgt 4,20 want CENTRE
RC POS 74 id 7 seat 2 role expand fs 0 body 1 pos 9,10 stuck 2
RC POS 74 id 29 seat 4 role defend fs 0 body 1 pos 5,20 stuck 5
RC WALK 74 id 29 role defend pos 5,20 tgt 4,20 want CENTRE
RC POS 75 id 5 seat 1 role expand fs 0 body 1 pos 4,19 stuck 2
RC WALK 75 id 5 role expand pos 4,19 tgt 4,20 want CENTRE
RC POS 75 id 7 seat 2 role expand fs 0 body 1 pos 8,10 stuck 0
RC POS 75 id 29 seat 4 role defend fs 0 body 1 pos 5,20 stuck 1
RC WALK 75 id 29 role defend pos 5,20 tgt 4,20 want CENTRE
RC POS 76 id 5 seat 1 role expand fs 0 body 1 pos 4,19 stuck 3
RC WALK 76 id 5 role expand pos 4,19 tgt 4,20 want CENTRE
RC POS 76 id 7 seat 2 role expand fs 0 body 1 pos 8,10 stuck 1
RC POS 76 id 29 seat 4 role defend fs 0 body 1 pos 5,20 stuck 2
RC WALK 76 id 29 role defend pos 5,20 tgt 4,20 want CENTRE
RC POS 77 id 5 seat 1 role expand fs 0 body 1 pos 4,19 stuck 4
RC WALK 77 id 5 role expand pos 4,19 tgt 4,20 want CENTRE
RC POS 77 id 7 seat 2 role expand fs 0 body 1 pos 8,10 stuck 2
RC WALK 77 id 7 role expand pos 8,10 tgt 6,10 want WEST
RC POS 77 id 29 seat 4 role defend fs 0 body 1 pos 5,20 stuck 3
RC WALK 77 id 29 role defend pos 5,20 tgt 4,20 want CENTRE
RC POS 78 id 5 seat 1 role expand fs 0 body 1 pos 4,19 stuck 5
V528 PICK r 78 id 5 tgt 21,26 cs 99 bs 17 reg 82 cc 25 bc 1 cands 4 banned 0 regall 82 seat 1
RC WALK 78 id 5 role expand pos 4,19 tgt 4,20 want CENTRE
RC POS 78 id 7 seat 2 role expand fs 0 body 1 pos 7,10 stuck 0
RC POS 78 id 29 seat 4 role defend fs 0 body 1 pos 5,20 stuck 4
RC WALK 78 id 29 role defend pos 5,20 tgt 4,20 want CENTRE
RC POS 79 id 5 seat 1 role expand fs 0 body 1 pos 4,19 stuck 1
RC WALK 79 id 5 role expand pos 4,19 tgt 4,20 want CENTRE
RC POS 79 id 7 seat 2 role expand fs 0 body 1 pos 7,10 stuck 1
RC WALK 79 id 7 role expand pos 7,10 tgt 5,10 want WEST
RC POS 79 id 29 seat 4 role defend fs 0 body 1 pos 5,20 stuck 5
RC WALK 79 id 29 role defend pos 5,20 tgt 3,16 want NORTH
RC POS 80 id 5 seat 1 role expand fs 0 body 1 pos 4,19 stuck 2
RC WALK 80 id 5 role expand pos 4,19 tgt 4,20 want CENTRE
RC POS 80 id 7 seat 2 role expand fs 0 body 1 pos 6,10 stuck 0
RC POS 80 id 29 seat 4 role defend fs 0 body 1 pos 5,19 stuck 0
RC POS 81 id 5 seat 1 role expand fs 0 body 1 pos 4,19 stuck 3
RC WALK 81 id 5 role expand pos 4,19 tgt 4,20 want CENTRE
RC POS 81 id 7 seat 2 role expand fs 0 body 1 pos 6,10 stuck 1
RC WALK 81 id 7 role expand pos 6,10 tgt 4,10 want WEST
RC POS 81 id 29 seat 4 role defend fs 0 body 1 pos 5,19 stuck 1
RC WALK 81 id 29 role defend pos 5,19 tgt 3,16 want NORTH
RC POS 82 id 5 seat 1 role expand fs 0 body 1 pos 4,19 stuck 4
RC WALK 82 id 5 role expand pos 4,19 tgt 4,20 want CENTRE
RC POS 82 id 7 seat 2 role expand fs 0 body 1 pos 5,10 stuck 0
RC POS 82 id 29 seat 4 role defend fs 0 body 1 pos 6,19 stuck 0
RC WALK 82 id 29 role defend pos 6,19 tgt 3,16 want WEST
RC POS 83 id 5 seat 1 role expand fs 0 body 1 pos 4,19 stuck 5
V528 PICK r 83 id 5 tgt 2,7 cs 17 bs 17 reg 0 cc 1 bc 1 cands 4 banned 0 regall 0 seat 1
RC WALK 83 id 5 role expand pos 4,19 tgt 4,20 want CENTRE
RC POS 83 id 7 seat 2 role expand fs 0 body 1 pos 5,10 stuck 1
RC WALK 83 id 7 role expand pos 5,10 tgt 3,10 want WEST
RC POS 83 id 29 seat 4 role defend fs 0 body 1 pos 5,19 stuck 0
RC WALK 83 id 29 role defend pos 5,19 tgt 4,20 want SOUTH
RC POS 84 id 5 seat 1 role expand fs 0 body 1 pos 4,19 stuck 1
RC WALK 84 id 5 role expand pos 4,19 tgt 4,20 want CENTRE
RC POS 84 id 7 seat 2 role expand fs 0 body 1 pos 4,10 stuck 0
RC POS 84 id 29 seat 4 role defend fs 0 body 1 pos 5,20 stuck 0
RC WALK 84 id 29 role defend pos 5,20 tgt 4,20 want CENTRE
RC POS 85 id 5 seat 1 role expand fs 0 body 1 pos 4,19 stuck 2
RC WALK 85 id 5 role expand pos 4,19 tgt 4,20 want CENTRE
RC POS 85 id 7 seat 2 role expand fs 0 body 1 pos 4,10 stuck 1
RC WALK 85 id 7 role expand pos 4,10 tgt 3,11 want WEST
RC POS 85 id 29 seat 4 role defend fs 0 body 1 pos 5,20 stuck 1
RC WALK 85 id 29 role defend pos 5,20 tgt 4,20 want CENTRE
RC POS 86 id 5 seat 1 role expand fs 0 body 1 pos 4,19 stuck 3
RC WALK 86 id 5 role expand pos 4,19 tgt 4,20 want CENTRE
RC POS 86 id 7 seat 2 role expand fs 0 body 1 pos 3,10 stuck 0
RC POS 86 id 29 seat 4 role defend fs 0 body 1 pos 5,20 stuck 2
RC WALK 86 id 29 role defend pos 5,20 tgt 4,20 want CENTRE
RC POS 87 id 5 seat 1 role expand fs 0 body 1 pos 4,19 stuck 4
RC WALK 87 id 5 role expand pos 4,19 tgt 4,20 want CENTRE
RC POS 87 id 7 seat 2 role expand fs 0 body 1 pos 3,10 stuck 1
RC WALK 87 id 7 role expand pos 3,10 tgt 3,12 want SOUTH
RC POS 87 id 29 seat 4 role defend fs 0 body 1 pos 5,20 stuck 3
RC WALK 87 id 29 role defend pos 5,20 tgt 4,20 want CENTRE
RC POS 88 id 5 seat 1 role expand fs 0 body 1 pos 4,19 stuck 5
V528 PICK r 88 id 5 tgt 11,15 cs 38 bs 17 reg 21 cc 9 bc 1 cands 4 banned 0 regall 21 seat 1
RC WALK 88 id 5 role expand pos 4,19 tgt 4,20 want CENTRE
RC POS 88 id 7 seat 2 role expand fs 0 body 1 pos 3,11 stuck 0
RC POS 88 id 29 seat 4 role defend fs 0 body 1 pos 5,20 stuck 4
RC WALK 88 id 29 role defend pos 5,20 tgt 4,20 want CENTRE
RC POS 89 id 5 seat 1 role expand fs 0 body 1 pos 4,19 stuck 1
RC WALK 89 id 5 role expand pos 4,19 tgt 4,20 want CENTRE
RC POS 89 id 7 seat 2 role expand fs 0 body 1 pos 3,11 stuck 1
RC WALK 89 id 7 role expand pos 3,11 tgt 3,13 want SOUTH
RC POS 89 id 29 seat 4 role defend fs 0 body 1 pos 5,20 stuck 5
RC WALK 89 id 29 role defend pos 5,20 tgt 4,20 want CENTRE
RC POS 90 id 5 seat 1 role expand fs 0 body 1 pos 4,19 stuck 2
RC WALK 90 id 5 role expand pos 4,19 tgt 4,20 want CENTRE
RC POS 90 id 7 seat 2 role expand fs 0 body 1 pos 3,12 stuck 0
RC POS 90 id 29 seat 4 role defend fs 0 body 1 pos 5,20 stuck 1
RC WALK 90 id 29 role defend pos 5,20 tgt 4,20 want CENTRE
RC POS 91 id 5 seat 1 role expand fs 0 body 1 pos 4,19 stuck 3
RC WALK 91 id 5 role expand pos 4,19 tgt 4,20 want CENTRE
RC POS 91 id 7 seat 2 role expand fs 0 body 1 pos 3,12 stuck 1
RC WALK 91 id 7 role expand pos 3,12 tgt 3,13 want SOUTH
RC POS 91 id 29 seat 4 role defend fs 0 body 1 pos 5,20 stuck 2
RC WALK 91 id 29 role defend pos 5,20 tgt 4,20 want CENTRE
RC POS 92 id 5 seat 1 role expand fs 0 body 1 pos 4,19 stuck 4
RC WALK 92 id 5 role expand pos 4,19 tgt 4,20 want CENTRE
RC POS 92 id 7 seat 2 role expand fs 0 body 1 pos 3,13 stuck 0
V528 PICK r 92 id 7 tgt 4,20 cs 11 bs 11 reg 0 cc 1 bc 1 cands 4 banned 0 regall 0 seat 2
RC WALK 92 id 7 role expand pos 3,13 tgt 4,20 want WEST
RC POS 92 id 29 seat 4 role defend fs 0 body 1 pos 5,20 stuck 3
RC WALK 92 id 29 role defend pos 5,20 tgt 4,20 want CENTRE
RC POS 93 id 5 seat 1 role expand fs 0 body 1 pos 4,19 stuck 5
V528 PICK r 93 id 5 tgt 18,15 cs 66 bs 17 reg 49 cc 16 bc 1 cands 4 banned 0 regall 49 seat 1
RC WALK 93 id 5 role expand pos 4,19 tgt 4,20 want CENTRE
RC POS 93 id 7 seat 2 role expand fs 0 body 1 pos 2,13 stuck 0
RC WALK 93 id 7 role expand pos 2,13 tgt 4,20 want WEST
RC POS 93 id 29 seat 4 role defend fs 0 body 1 pos 5,20 stuck 4
RC WALK 93 id 29 role defend pos 5,20 tgt 4,20 want CENTRE
RC POS 94 id 5 seat 1 role expand fs 0 body 1 pos 4,19 stuck 1
RC WALK 94 id 5 role expand pos 4,19 tgt 4,20 want CENTRE
RC POS 94 id 7 seat 2 role expand fs 0 body 1 pos 1,13 stuck 0
RC WALK 94 id 7 role expand pos 1,13 tgt 4,20 want SOUTH
RC POS 94 id 29 seat 4 role defend fs 0 body 1 pos 5,20 stuck 5
RC WALK 94 id 29 role defend pos 5,20 tgt 4,20 want CENTRE
RC POS 95 id 5 seat 1 role expand fs 0 body 1 pos 4,19 stuck 2
RC WALK 95 id 5 role expand pos 4,19 tgt 4,20 want CENTRE
RC POS 95 id 7 seat 2 role expand fs 0 body 1 pos 1,14 stuck 0
RC WALK 95 id 7 role expand pos 1,14 tgt 4,20 want WEST
RC POS 95 id 29 seat 4 role defend fs 0 body 1 pos 5,20 stuck 1
RC WALK 95 id 29 role defend pos 5,20 tgt 4,20 want CENTRE
RC POS 96 id 5 seat 1 role expand fs 0 body 1 pos 4,19 stuck 3
RC WALK 96 id 5 role expand pos 4,19 tgt 4,20 want CENTRE
RC POS 96 id 7 seat 2 role expand fs 0 body 1 pos 0,14 stuck 0
RC WALK 96 id 7 role expand pos 0,14 tgt 4,20 want SOUTH
RC POS 96 id 29 seat 4 role defend fs 0 body 1 pos 5,20 stuck 2
RC WALK 96 id 29 role defend pos 5,20 tgt 4,20 want CENTRE
RC POS 97 id 5 seat 1 role expand fs 0 body 1 pos 4,19 stuck 4
RC WALK 97 id 5 role expand pos 4,19 tgt 4,20 want CENTRE
RC POS 97 id 7 seat 2 role expand fs 0 body 1 pos 0,15 stuck 0
RC WALK 97 id 7 role expand pos 0,15 tgt 4,20 want SOUTH
RC POS 97 id 29 seat 4 role defend fs 0 body 1 pos 5,20 stuck 3
RC WALK 97 id 29 role defend pos 5,20 tgt 4,20 want CENTRE
RC POS 98 id 5 seat 1 role expand fs 0 body 1 pos 4,19 stuck 5
V528 PICK r 98 id 5 tgt 21,26 cs 102 bs 17 reg 85 cc 26 bc 1 cands 4 banned 0 regall 85 seat 1
RC WALK 98 id 5 role expand pos 4,19 tgt 4,20 want CENTRE
RC POS 98 id 7 seat 2 role expand fs 0 body 1 pos 0,16 stuck 0
RC WALK 98 id 7 role expand pos 0,16 tgt 4,20 want EAST
RC POS 98 id 29 seat 4 role defend fs 0 body 1 pos 5,20 stuck 4
RC WALK 98 id 29 role defend pos 5,20 tgt 4,20 want CENTRE
RC POS 99 id 5 seat 1 role expand fs 0 body 1 pos 4,19 stuck 1
RC WALK 99 id 5 role expand pos 4,19 tgt 4,20 want CENTRE
RC POS 99 id 7 seat 2 role expand fs 0 body 1 pos 1,16 stuck 0
RC WALK 99 id 7 role expand pos 1,16 tgt 4,20 want SOUTH
RC POS 99 id 29 seat 4 role defend fs 0 body 1 pos 5,20 stuck 5
RC WALK 99 id 29 role defend pos 5,20 tgt 4,20 want CENTRE
RC POS 100 id 5 seat 1 role expand fs 0 body 1 pos 4,19 stuck 2
RC WALK 100 id 5 role expand pos 4,19 tgt 4,20 want CENTRE
RC POS 100 id 7 seat 2 role expand fs 0 body 1 pos 1,17 stuck 0
RC WALK 100 id 7 role expand pos 1,17 tgt 4,20 want EAST
RC POS 100 id 29 seat 4 role defend fs 0 body 1 pos 5,20 stuck 1
RC WALK 100 id 29 role defend pos 5,20 tgt 4,20 want CENTRE
RC POS 101 id 5 seat 1 role expand fs 0 body 1 pos 4,19 stuck 3
RC WALK 101 id 5 role expand pos 4,19 tgt 4,20 want CENTRE
RC POS 101 id 7 seat 2 role expand fs 0 body 1 pos 2,17 stuck 0
RC POS 101 id 29 seat 4 role defend fs 0 body 1 pos 5,20 stuck 2
RC WALK 101 id 29 role defend pos 5,20 tgt 4,20 want CENTRE
RC POS 102 id 5 seat 1 role expand fs 0 body 1 pos 4,19 stuck 4
RC WALK 102 id 5 role expand pos 4,19 tgt 4,20 want CENTRE
RC POS 102 id 7 seat 2 role expand fs 0 body 1 pos 2,17 stuck 1
RC WALK 102 id 7 role expand pos 2,17 tgt 4,20 want EAST
RC POS 102 id 29 seat 4 role defend fs 0 body 1 pos 5,20 stuck 3
RC WALK 102 id 29 role defend pos 5,20 tgt 4,20 want CENTRE
RC POS 103 id 5 seat 1 role expand fs 0 body 1 pos 4,19 stuck 5
V528 PICK r 103 id 5 tgt 2,7 cs 17 bs 17 reg 0 cc 1 bc 1 cands 4 banned 0 regall 0 seat 1
RC WALK 103 id 5 role expand pos 4,19 tgt 4,20 want CENTRE
RC POS 103 id 7 seat 2 role expand fs 0 body 1 pos 3,17 stuck 0
RC WALK 103 id 7 role expand pos 3,17 tgt 4,20 want SOUTH
RC POS 103 id 29 seat 4 role defend fs 0 body 1 pos 5,20 stuck 4
RC WALK 103 id 29 role defend pos 5,20 tgt 4,20 want CENTRE
RC POS 104 id 5 seat 1 role expand fs 0 body 1 pos 4,19 stuck 1
RC WALK 104 id 5 role expand pos 4,19 tgt 4,20 want CENTRE
RC POS 104 id 7 seat 2 role expand fs 0 body 1 pos 3,18 stuck 0
RC WALK 104 id 7 role expand pos 3,18 tgt 4,20 want SOUTH
RC POS 104 id 29 seat 4 role defend fs 0 body 1 pos 5,20 stuck 5
RC WALK 104 id 29 role defend pos 5,20 tgt 4,20 want CENTRE
RC POS 105 id 5 seat 1 role expand fs 0 body 1 pos 4,19 stuck 2
RC WALK 105 id 5 role expand pos 4,19 tgt 4,20 want CENTRE
RC POS 105 id 7 seat 2 role expand fs 0 body 1 pos 3,19 stuck 0
RC WALK 105 id 7 role expand pos 3,19 tgt 4,20 want SOUTH
RC POS 105 id 29 seat 4 role defend fs 0 body 1 pos 5,20 stuck 1
RC WALK 105 id 29 role defend pos 5,20 tgt 4,20 want CENTRE
RC POS 106 id 5 seat 1 role expand fs 0 body 1 pos 4,19 stuck 3
RC WALK 106 id 5 role expand pos 4,19 tgt 4,20 want CENTRE
RC POS 106 id 7 seat 2 role expand fs 0 body 1 pos 3,20 stuck 0
RC WALK 106 id 7 role expand pos 3,20 tgt 4,20 want CENTRE
RC POS 106 id 29 seat 4 role defend fs 0 body 1 pos 5,20 stuck 2
RC WALK 106 id 29 role defend pos 5,20 tgt 4,20 want CENTRE
RC POS 107 id 5 seat 1 role expand fs 0 body 1 pos 4,19 stuck 4
RC WALK 107 id 5 role expand pos 4,19 tgt 4,20 want CENTRE
RC POS 107 id 7 seat 2 role expand fs 0 body 1 pos 3,20 stuck 1
RC WALK 107 id 7 role expand pos 3,20 tgt 4,20 want CENTRE
RC POS 107 id 29 seat 4 role defend fs 0 body 1 pos 5,20 stuck 3
RC WALK 107 id 29 role defend pos 5,20 tgt 4,20 want CENTRE
RC POS 108 id 5 seat 1 role expand fs 0 body 1 pos 4,19 stuck 5
V528 PICK r 108 id 5 tgt 11,15 cs 38 bs 17 reg 21 cc 9 bc 1 cands 4 banned 0 regall 21 seat 1
RC WALK 108 id 5 role expand pos 4,19 tgt 4,20 want CENTRE
RC POS 108 id 7 seat 2 role expand fs 0 body 1 pos 3,20 stuck 2
RC WALK 108 id 7 role expand pos 3,20 tgt 4,20 want CENTRE
RC POS 108 id 29 seat 4 role defend fs 0 body 1 pos 5,20 stuck 4
RC WALK 108 id 29 role defend pos 5,20 tgt 4,20 want CENTRE
RC POS 109 id 5 seat 1 role expand fs 0 body 1 pos 4,19 stuck 1
RC WALK 109 id 5 role expand pos 4,19 tgt 4,20 want CENTRE
RC POS 109 id 7 seat 2 role expand fs 0 body 1 pos 3,20 stuck 3
RC WALK 109 id 7 role expand pos 3,20 tgt 4,20 want CENTRE
RC POS 109 id 29 seat 4 role defend fs 0 body 1 pos 5,20 stuck 5
RC WALK 109 id 29 role defend pos 5,20 tgt 4,20 want CENTRE
RC POS 110 id 5 seat 1 role expand fs 0 body 1 pos 4,19 stuck 2
RC WALK 110 id 5 role expand pos 4,19 tgt 4,20 want CENTRE
RC POS 110 id 7 seat 2 role expand fs 0 body 1 pos 3,20 stuck 4
RC WALK 110 id 7 role expand pos 3,20 tgt 4,20 want CENTRE
RC POS 110 id 29 seat 4 role defend fs 0 body 1 pos 5,20 stuck 1
RC WALK 110 id 29 role defend pos 5,20 tgt 4,20 want CENTRE
RC POS 111 id 5 seat 1 role expand fs 0 body 1 pos 4,19 stuck 3
RC WALK 111 id 5 role expand pos 4,19 tgt 4,20 want CENTRE
RC POS 111 id 7 seat 2 role expand fs 0 body 1 pos 3,20 stuck 5
V528 PICK r 111 id 7 tgt 9,9 cs 26 bs 26 reg 0 cc 3 bc 3 cands 3 banned 0 regall 0 seat 2
RC WALK 111 id 7 role expand pos 3,20 tgt 4,20 want CENTRE
RC POS 111 id 29 seat 4 role defend fs 0 body 1 pos 5,20 stuck 2
RC WALK 111 id 29 role defend pos 5,20 tgt 4,20 want CENTRE
RC POS 112 id 5 seat 1 role expand fs 0 body 1 pos 4,19 stuck 4
RC WALK 112 id 5 role expand pos 4,19 tgt 4,20 want CENTRE
RC POS 112 id 7 seat 2 role expand fs 0 body 1 pos 3,20 stuck 1
RC WALK 112 id 7 role expand pos 3,20 tgt 4,20 want CENTRE
RC POS 112 id 29 seat 4 role defend fs 0 body 1 pos 5,20 stuck 3
RC WALK 112 id 29 role defend pos 5,20 tgt 4,20 want CENTRE
RC POS 113 id 5 seat 1 role expand fs 0 body 1 pos 4,19 stuck 5
V528 PICK r 113 id 5 tgt 18,15 cs 66 bs 17 reg 49 cc 16 bc 1 cands 4 banned 0 regall 49 seat 1
RC WALK 113 id 5 role expand pos 4,19 tgt 4,20 want CENTRE
RC POS 113 id 7 seat 2 role expand fs 0 body 1 pos 3,20 stuck 2
RC WALK 113 id 7 role expand pos 3,20 tgt 4,20 want CENTRE
RC POS 113 id 29 seat 4 role defend fs 0 body 1 pos 5,20 stuck 4
RC WALK 113 id 29 role defend pos 5,20 tgt 4,20 want CENTRE
RC POS 114 id 5 seat 1 role expand fs 0 body 1 pos 4,19 stuck 1
RC WALK 114 id 5 role expand pos 4,19 tgt 4,20 want CENTRE
RC POS 114 id 7 seat 2 role expand fs 0 body 1 pos 3,20 stuck 3
RC WALK 114 id 7 role expand pos 3,20 tgt 4,20 want CENTRE
RC POS 114 id 29 seat 4 role defend fs 0 body 1 pos 5,20 stuck 5
RC WALK 114 id 29 role defend pos 5,20 tgt 4,20 want CENTRE
RC SEAT 114 id 215 seat 5
RC POS 114 id 215 seat 5 role raid fs 1 body 1 pos 4,15 stuck 0
RC POS 115 id 5 seat 1 role expand fs 0 body 1 pos 4,19 stuck 2
RC WALK 115 id 5 role expand pos 4,19 tgt 4,20 want CENTRE
RC POS 115 id 7 seat 2 role expand fs 0 body 1 pos 3,20 stuck 4
RC WALK 115 id 7 role expand pos 3,20 tgt 4,20 want CENTRE
RC POS 115 id 29 seat 4 role defend fs 0 body 1 pos 5,20 stuck 1
RC WALK 115 id 29 role defend pos 5,20 tgt 4,20 want CENTRE
RC POS 115 id 215 seat 5 role raid fs 1 body 1 pos 4,15 stuck 1
RC POS 116 id 5 seat 1 role expand fs 0 body 1 pos 4,19 stuck 3
RC WALK 116 id 5 role expand pos 4,19 tgt 4,20 want CENTRE
RC POS 116 id 7 seat 2 role expand fs 0 body 1 pos 3,20 stuck 5
V528 PICK r 116 id 7 tgt 8,26 cs 41 bs 26 reg 15 cc 10 bc 3 cands 3 banned 0 regall 15 seat 2
RC WALK 116 id 7 role expand pos 3,20 tgt 4,20 want CENTRE
RC POS 116 id 29 seat 4 role defend fs 0 body 1 pos 5,20 stuck 2
RC WALK 116 id 29 role defend pos 5,20 tgt 4,20 want CENTRE
RC POS 116 id 215 seat 5 role raid fs 1 body 1 pos 10,16 stuck 0
RC WALK 116 id 215 role raid pos 10,16 tgt 28,16 want EAST
RC POS 117 id 5 seat 1 role expand fs 0 body 1 pos 4,19 stuck 4
RC WALK 117 id 5 role expand pos 4,19 tgt 4,20 want CENTRE
RC POS 117 id 7 seat 2 role expand fs 0 body 1 pos 3,20 stuck 1
RC WALK 117 id 7 role expand pos 3,20 tgt 4,20 want CENTRE
RC POS 117 id 29 seat 4 role defend fs 0 body 1 pos 5,20 stuck 3
RC WALK 117 id 29 role defend pos 5,20 tgt 4,20 want CENTRE
RC POS 117 id 215 seat 5 role raid fs 1 body 1 pos 11,16 stuck 0
RC WALK 117 id 215 role raid pos 11,16 tgt 28,16 want EAST
RC POS 118 id 5 seat 1 role expand fs 0 body 1 pos 4,19 stuck 5
V528 PICK r 118 id 5 tgt 21,26 cs 99 bs 17 reg 82 cc 25 bc 1 cands 4 banned 0 regall 82 seat 1
RC WALK 118 id 5 role expand pos 4,19 tgt 4,20 want CENTRE
RC POS 118 id 7 seat 2 role expand fs 0 body 1 pos 3,20 stuck 2
RC WALK 118 id 7 role expand pos 3,20 tgt 4,20 want CENTRE
RC POS 118 id 29 seat 4 role defend fs 0 body 1 pos 5,20 stuck 4
RC WALK 118 id 29 role defend pos 5,20 tgt 4,20 want CENTRE
RC POS 118 id 215 seat 5 role raid fs 1 body 1 pos 12,16 stuck 0
RC WALK 118 id 215 role raid pos 12,16 tgt 28,16 want EAST
RC POS 119 id 5 seat 1 role expand fs 0 body 1 pos 4,19 stuck 1
RC WALK 119 id 5 role expand pos 4,19 tgt 4,20 want CENTRE
RC POS 119 id 7 seat 2 role expand fs 0 body 1 pos 3,20 stuck 3
RC WALK 119 id 7 role expand pos 3,20 tgt 4,20 want CENTRE
RC POS 119 id 29 seat 4 role defend fs 0 body 1 pos 5,20 stuck 5
RC WALK 119 id 29 role defend pos 5,20 tgt 4,20 want CENTRE
RC POS 119 id 215 seat 5 role raid fs 1 body 1 pos 13,16 stuck 0
RC WALK 119 id 215 role raid pos 13,16 tgt 28,16 want EAST
RC POS 120 id 5 seat 1 role expand fs 0 body 1 pos 4,19 stuck 2
RC WALK 120 id 5 role expand pos 4,19 tgt 4,20 want CENTRE
RC POS 120 id 7 seat 2 role expand fs 0 body 1 pos 3,20 stuck 4
RC WALK 120 id 7 role expand pos 3,20 tgt 4,20 want CENTRE
RC POS 120 id 29 seat 4 role defend fs 0 body 1 pos 5,20 stuck 1
RC WALK 120 id 29 role defend pos 5,20 tgt 4,20 want CENTRE
RC POS 120 id 215 seat 5 role raid fs 1 body 1 pos 14,16 stuck 0
RC WALK 120 id 215 role raid pos 14,16 tgt 28,16 want EAST
RC POS 121 id 5 seat 1 role expand fs 0 body 1 pos 4,19 stuck 3
RC WALK 121 id 5 role expand pos 4,19 tgt 4,20 want CENTRE
RC POS 121 id 7 seat 2 role expand fs 0 body 1 pos 3,20 stuck 5
V528 PICK r 121 id 7 tgt 27,7 cs 106 bs 26 reg 80 cc 23 bc 3 cands 3 banned 0 regall 80 seat 2
RC WALK 121 id 7 role expand pos 3,20 tgt 4,20 want CENTRE
RC POS 121 id 29 seat 4 role defend fs 0 body 1 pos 5,20 stuck 2
RC WALK 121 id 29 role defend pos 5,20 tgt 4,20 want CENTRE
RC POS 121 id 215 seat 5 role raid fs 1 body 1 pos 15,16 stuck 0
RC WALK 121 id 215 role raid pos 15,16 tgt 28,16 want EAST
RC POS 122 id 5 seat 1 role expand fs 0 body 1 pos 4,19 stuck 4
RC WALK 122 id 5 role expand pos 4,19 tgt 4,20 want CENTRE
RC POS 122 id 7 seat 2 role expand fs 0 body 1 pos 3,20 stuck 1
RC WALK 122 id 7 role expand pos 3,20 tgt 4,20 want CENTRE
RC POS 122 id 29 seat 4 role defend fs 0 body 1 pos 5,20 stuck 3
RC WALK 122 id 29 role defend pos 5,20 tgt 4,20 want CENTRE
RC POS 122 id 215 seat 5 role raid fs 1 body 1 pos 16,16 stuck 0
RC WALK 122 id 215 role raid pos 16,16 tgt 28,16 want EAST
RC POS 123 id 5 seat 1 role expand fs 0 body 1 pos 4,19 stuck 5
V528 PICK r 123 id 5 tgt 2,7 cs 17 bs 17 reg 0 cc 1 bc 1 cands 4 banned 0 regall 0 seat 1
RC WALK 123 id 5 role expand pos 4,19 tgt 4,20 want CENTRE
RC POS 123 id 7 seat 2 role expand fs 0 body 1 pos 3,20 stuck 2
RC WALK 123 id 7 role expand pos 3,20 tgt 4,20 want CENTRE
RC POS 123 id 29 seat 4 role defend fs 0 body 1 pos 5,20 stuck 4
RC WALK 123 id 29 role defend pos 5,20 tgt 4,20 want CENTRE
RC POS 123 id 215 seat 5 role raid fs 1 body 1 pos 17,16 stuck 0
RC WALK 123 id 215 role raid pos 17,16 tgt 28,16 want EAST
RC POS 124 id 5 seat 1 role expand fs 0 body 1 pos 4,19 stuck 1
RC WALK 124 id 5 role expand pos 4,19 tgt 4,20 want CENTRE
RC POS 124 id 7 seat 2 role expand fs 0 body 1 pos 3,20 stuck 3
RC WALK 124 id 7 role expand pos 3,20 tgt 4,20 want CENTRE
RC POS 124 id 29 seat 4 role defend fs 0 body 1 pos 5,20 stuck 5
RC WALK 124 id 29 role defend pos 5,20 tgt 4,20 want CENTRE
RC POS 124 id 215 seat 5 role raid fs 1 body 1 pos 18,16 stuck 0
RC WALK 124 id 215 role raid pos 18,16 tgt 28,16 want EAST
RC POS 125 id 5 seat 1 role expand fs 0 body 1 pos 4,19 stuck 2
RC WALK 125 id 5 role expand pos 4,19 tgt 4,20 want CENTRE
RC POS 125 id 7 seat 2 role expand fs 0 body 1 pos 3,20 stuck 4
RC WALK 125 id 7 role expand pos 3,20 tgt 4,20 want CENTRE
RC POS 125 id 29 seat 4 role defend fs 0 body 1 pos 5,20 stuck 1
RC WALK 125 id 29 role defend pos 5,20 tgt 4,20 want CENTRE
RC POS 125 id 215 seat 5 role raid fs 1 body 1 pos 19,16 stuck 0
RC WALK 125 id 215 role raid pos 19,16 tgt 28,16 want SOUTH
RC POS 126 id 5 seat 1 role expand fs 0 body 1 pos 4,19 stuck 3
RC WALK 126 id 5 role expand pos 4,19 tgt 4,20 want CENTRE
RC POS 126 id 7 seat 2 role expand fs 0 body 1 pos 3,20 stuck 5
V528 PICK r 126 id 7 tgt 9,9 cs 26 bs 26 reg 0 cc 3 bc 3 cands 3 banned 0 regall 0 seat 2
RC WALK 126 id 7 role expand pos 3,20 tgt 4,20 want CENTRE
RC POS 126 id 29 seat 4 role defend fs 0 body 1 pos 5,20 stuck 2
RC WALK 126 id 29 role defend pos 5,20 tgt 4,20 want CENTRE
RC POS 126 id 215 seat 5 role raid fs 1 body 1 pos 19,17 stuck 0
RC WALK 126 id 215 role raid pos 19,17 tgt 28,16 want EAST
RC POS 127 id 5 seat 1 role expand fs 0 body 1 pos 4,19 stuck 4
RC WALK 127 id 5 role expand pos 4,19 tgt 4,20 want CENTRE
RC POS 127 id 7 seat 2 role expand fs 0 body 1 pos 3,20 stuck 1
RC WALK 127 id 7 role expand pos 3,20 tgt 4,20 want CENTRE
RC POS 127 id 29 seat 4 role defend fs 0 body 1 pos 5,20 stuck 3
RC WALK 127 id 29 role defend pos 5,20 tgt 4,20 want CENTRE
RC POS 127 id 215 seat 5 role raid fs 1 body 1 pos 20,17 stuck 0
RC WALK 127 id 215 role raid pos 20,17 tgt 28,16 want SOUTH
RC POS 128 id 5 seat 1 role expand fs 0 body 1 pos 4,19 stuck 5
V528 PICK r 128 id 5 tgt 11,15 cs 38 bs 17 reg 21 cc 9 bc 1 cands 4 banned 0 regall 21 seat 1
RC WALK 128 id 5 role expand pos 4,19 tgt 4,20 want CENTRE
RC POS 128 id 7 seat 2 role expand fs 0 body 1 pos 3,20 stuck 2
RC WALK 128 id 7 role expand pos 3,20 tgt 4,20 want CENTRE
RC POS 128 id 29 seat 4 role defend fs 0 body 1 pos 5,20 stuck 4
RC WALK 128 id 29 role defend pos 5,20 tgt 4,20 want CENTRE
RC POS 128 id 215 seat 5 role raid fs 1 body 1 pos 20,18 stuck 0
RC WALK 128 id 215 role raid pos 20,18 tgt 28,16 want SOUTH
RC POS 129 id 5 seat 1 role expand fs 0 body 1 pos 4,19 stuck 1
RC WALK 129 id 5 role expand pos 4,19 tgt 4,20 want CENTRE
RC POS 129 id 7 seat 2 role expand fs 0 body 1 pos 3,20 stuck 3
RC WALK 129 id 7 role expand pos 3,20 tgt 4,20 want CENTRE
RC POS 129 id 29 seat 4 role defend fs 0 body 1 pos 5,20 stuck 5
RC WALK 129 id 29 role defend pos 5,20 tgt 4,20 want CENTRE
RC POS 129 id 215 seat 5 role raid fs 1 body 1 pos 20,19 stuck 0
RC WALK 129 id 215 role raid pos 20,19 tgt 28,16 want EAST
RC POS 130 id 5 seat 1 role expand fs 0 body 1 pos 4,19 stuck 2
RC WALK 130 id 5 role expand pos 4,19 tgt 4,20 want CENTRE
RC POS 130 id 7 seat 2 role expand fs 0 body 1 pos 3,20 stuck 4
RC WALK 130 id 7 role expand pos 3,20 tgt 4,20 want CENTRE
RC POS 130 id 29 seat 4 role defend fs 0 body 1 pos 5,20 stuck 1
RC WALK 130 id 29 role defend pos 5,20 tgt 4,20 want CENTRE
RC POS 130 id 215 seat 5 role raid fs 1 body 1 pos 21,19 stuck 0
RC WALK 130 id 215 role raid pos 21,19 tgt 28,16 want EAST
RC POS 131 id 5 seat 1 role expand fs 0 body 1 pos 4,19 stuck 3
RC WALK 131 id 5 role expand pos 4,19 tgt 4,20 want CENTRE
RC POS 131 id 7 seat 2 role expand fs 0 body 1 pos 3,20 stuck 5
V528 PICK r 131 id 7 tgt 8,26 cs 41 bs 26 reg 15 cc 10 bc 3 cands 3 banned 0 regall 15 seat 2
RC WALK 131 id 7 role expand pos 3,20 tgt 4,20 want CENTRE
RC POS 131 id 29 seat 4 role defend fs 0 body 1 pos 5,20 stuck 2
RC WALK 131 id 29 role defend pos 5,20 tgt 4,20 want CENTRE
RC POS 131 id 215 seat 5 role raid fs 1 body 1 pos 22,19 stuck 0
RC WALK 131 id 215 role raid pos 22,19 tgt 28,16 want EAST
RC POS 132 id 5 seat 1 role expand fs 0 body 1 pos 4,19 stuck 4
RC WALK 132 id 5 role expand pos 4,19 tgt 4,20 want CENTRE
RC POS 132 id 7 seat 2 role expand fs 0 body 1 pos 3,20 stuck 1
RC WALK 132 id 7 role expand pos 3,20 tgt 4,20 want CENTRE
RC POS 132 id 29 seat 4 role defend fs 0 body 1 pos 5,20 stuck 3
RC WALK 132 id 29 role defend pos 5,20 tgt 4,20 want CENTRE
RC POS 132 id 215 seat 5 role raid fs 1 body 1 pos 23,19 stuck 0
RC POS 133 id 5 seat 1 role expand fs 0 body 1 pos 4,19 stuck 5
V528 PICK r 133 id 5 tgt 18,15 cs 66 bs 17 reg 49 cc 16 bc 1 cands 4 banned 0 regall 49 seat 1
RC WALK 133 id 5 role expand pos 4,19 tgt 4,20 want CENTRE
RC POS 133 id 7 seat 2 role expand fs 0 body 1 pos 3,20 stuck 2
RC WALK 133 id 7 role expand pos 3,20 tgt 4,20 want CENTRE
RC POS 133 id 29 seat 4 role defend fs 0 body 1 pos 5,20 stuck 4
RC WALK 133 id 29 role defend pos 5,20 tgt 4,20 want CENTRE
RC POS 133 id 215 seat 5 role raid fs 1 body 1 pos 23,19 stuck 1
RC POS 134 id 5 seat 1 role expand fs 0 body 1 pos 4,19 stuck 1
RC WALK 134 id 5 role expand pos 4,19 tgt 4,20 want CENTRE
RC POS 134 id 7 seat 2 role expand fs 0 body 1 pos 3,20 stuck 3
RC WALK 134 id 7 role expand pos 3,20 tgt 4,20 want CENTRE
RC POS 134 id 29 seat 4 role defend fs 0 body 1 pos 5,20 stuck 5
RC WALK 134 id 29 role defend pos 5,20 tgt 4,20 want CENTRE
RC POS 134 id 215 seat 5 role raid fs 1 body 1 pos 28,16 stuck 0
RC WALK 134 id 215 role raid pos 28,16 tgt 25,14 want WEST
RC POS 135 id 5 seat 1 role expand fs 0 body 1 pos 4,19 stuck 2
RC WALK 135 id 5 role expand pos 4,19 tgt 4,20 want CENTRE
RC POS 135 id 7 seat 2 role expand fs 0 body 1 pos 3,20 stuck 4
RC WALK 135 id 7 role expand pos 3,20 tgt 4,20 want CENTRE
RC POS 135 id 29 seat 4 role defend fs 0 body 1 pos 5,20 stuck 1
RC WALK 135 id 29 role defend pos 5,20 tgt 4,20 want CENTRE
RC POS 135 id 215 seat 5 role raid fs 1 body 1 pos 27,16 stuck 0
RC WALK 135 id 215 role raid pos 27,16 tgt 25,14 want WEST
RC POS 136 id 5 seat 1 role expand fs 0 body 1 pos 4,19 stuck 3
RC WALK 136 id 5 role expand pos 4,19 tgt 4,20 want CENTRE
RC POS 136 id 7 seat 2 role expand fs 0 body 1 pos 3,20 stuck 5
V528 PICK r 136 id 7 tgt 27,7 cs 106 bs 26 reg 80 cc 23 bc 3 cands 3 banned 0 regall 80 seat 2
RC WALK 136 id 7 role expand pos 3,20 tgt 4,20 want CENTRE
RC POS 136 id 29 seat 4 role defend fs 0 body 1 pos 5,20 stuck 2
RC WALK 136 id 29 role defend pos 5,20 tgt 4,20 want CENTRE
RC POS 136 id 215 seat 5 role raid fs 1 body 1 pos 26,16 stuck 0
RC WALK 136 id 215 role raid pos 26,16 tgt 25,14 want SOUTH
RC POS 137 id 5 seat 1 role expand fs 0 body 1 pos 4,19 stuck 4
RC WALK 137 id 5 role expand pos 4,19 tgt 4,20 want CENTRE
RC POS 137 id 7 seat 2 role expand fs 0 body 1 pos 3,20 stuck 1
RC WALK 137 id 7 role expand pos 3,20 tgt 4,20 want CENTRE
RC POS 137 id 29 seat 4 role defend fs 0 body 1 pos 5,20 stuck 3
RC WALK 137 id 29 role defend pos 5,20 tgt 4,20 want CENTRE
RC POS 137 id 215 seat 5 role raid fs 1 body 1 pos 26,17 stuck 0
RC WALK 137 id 215 role raid pos 26,17 tgt 25,14 want SOUTH
RC POS 138 id 5 seat 1 role expand fs 0 body 1 pos 4,19 stuck 5
V528 PICK r 138 id 5 tgt 21,26 cs 99 bs 17 reg 82 cc 25 bc 1 cands 4 banned 0 regall 82 seat 1
RC WALK 138 id 5 role expand pos 4,19 tgt 4,20 want CENTRE
RC POS 138 id 7 seat 2 role expand fs 0 body 1 pos 3,20 stuck 2
RC WALK 138 id 7 role expand pos 3,20 tgt 4,20 want CENTRE
RC POS 138 id 29 seat 4 role defend fs 0 body 1 pos 5,20 stuck 4
RC WALK 138 id 29 role defend pos 5,20 tgt 4,20 want CENTRE
RC POS 138 id 215 seat 5 role raid fs 1 body 1 pos 26,18 stuck 0
RC WALK 138 id 215 role raid pos 26,18 tgt 25,14 want WEST
RC POS 139 id 5 seat 1 role expand fs 0 body 1 pos 4,19 stuck 1
RC WALK 139 id 5 role expand pos 4,19 tgt 4,20 want CENTRE
RC POS 139 id 7 seat 2 role expand fs 0 body 1 pos 3,20 stuck 3
RC WALK 139 id 7 role expand pos 3,20 tgt 4,20 want CENTRE
RC POS 139 id 29 seat 4 role defend fs 0 body 1 pos 5,20 stuck 5
RC WALK 139 id 29 role defend pos 5,20 tgt 4,20 want CENTRE
RC POS 139 id 215 seat 5 role raid fs 1 body 1 pos 25,18 stuck 0
RC WALK 139 id 215 role raid pos 25,18 tgt 25,14 want WEST
RC POS 140 id 5 seat 1 role expand fs 0 body 1 pos 4,19 stuck 2
RC WALK 140 id 5 role expand pos 4,19 tgt 4,20 want CENTRE
RC POS 140 id 7 seat 2 role expand fs 0 body 1 pos 3,20 stuck 4
RC WALK 140 id 7 role expand pos 3,20 tgt 4,20 want CENTRE
RC POS 140 id 29 seat 4 role defend fs 0 body 1 pos 5,20 stuck 1
RC WALK 140 id 29 role defend pos 5,20 tgt 4,20 want CENTRE
RC POS 140 id 215 seat 5 role raid fs 1 body 1 pos 24,18 stuck 0
RC WALK 140 id 215 role raid pos 24,18 tgt 24,15 want SOUTH
RC POS 141 id 5 seat 1 role expand fs 0 body 1 pos 4,19 stuck 3
RC WALK 141 id 5 role expand pos 4,19 tgt 4,20 want CENTRE
RC POS 141 id 7 seat 2 role expand fs 0 body 1 pos 3,20 stuck 5
V528 PICK r 141 id 7 tgt 9,9 cs 26 bs 26 reg 0 cc 3 bc 3 cands 3 banned 0 regall 0 seat 2
RC WALK 141 id 7 role expand pos 3,20 tgt 4,20 want CENTRE
RC POS 141 id 29 seat 4 role defend fs 0 body 1 pos 5,20 stuck 2
RC WALK 141 id 29 role defend pos 5,20 tgt 4,20 want CENTRE
RC POS 141 id 215 seat 5 role raid fs 1 body 1 pos 24,19 stuck 0
RC WALK 141 id 215 role raid pos 24,19 tgt 24,15 want WEST
RC POS 142 id 5 seat 1 role expand fs 0 body 1 pos 4,19 stuck 4
RC WALK 142 id 5 role expand pos 4,19 tgt 4,20 want CENTRE
RC POS 142 id 7 seat 2 role expand fs 0 body 1 pos 3,20 stuck 1
RC WALK 142 id 7 role expand pos 3,20 tgt 4,20 want CENTRE
RC POS 142 id 29 seat 4 role defend fs 0 body 1 pos 5,20 stuck 3
RC WALK 142 id 29 role defend pos 5,20 tgt 4,20 want CENTRE
RC POS 142 id 215 seat 5 role raid fs 1 body 1 pos 23,19 stuck 0
RC WALK 142 id 215 role raid pos 23,19 tgt 24,15 want WEST
RC POS 143 id 5 seat 1 role expand fs 0 body 1 pos 4,19 stuck 5
V528 PICK r 143 id 5 tgt 2,7 cs 17 bs 17 reg 0 cc 1 bc 1 cands 4 banned 0 regall 0 seat 1
RC WALK 143 id 5 role expand pos 4,19 tgt 4,20 want CENTRE
RC POS 143 id 7 seat 2 role expand fs 0 body 1 pos 3,20 stuck 2
RC WALK 143 id 7 role expand pos 3,20 tgt 4,20 want CENTRE
RC POS 143 id 29 seat 4 role defend fs 0 body 1 pos 5,20 stuck 4
RC WALK 143 id 29 role defend pos 5,20 tgt 4,20 want CENTRE
RC POS 143 id 215 seat 5 role raid fs 1 body 1 pos 22,19 stuck 0
RC WALK 143 id 215 role raid pos 22,19 tgt 24,15 want WEST
RC POS 144 id 5 seat 1 role expand fs 0 body 1 pos 4,19 stuck 1
RC WALK 144 id 5 role expand pos 4,19 tgt 4,20 want CENTRE
RC POS 144 id 7 seat 2 role expand fs 0 body 1 pos 3,20 stuck 3
RC WALK 144 id 7 role expand pos 3,20 tgt 4,20 want CENTRE
RC POS 144 id 29 seat 4 role defend fs 0 body 1 pos 5,20 stuck 5
RC WALK 144 id 29 role defend pos 5,20 tgt 4,20 want CENTRE
RC POS 144 id 215 seat 5 role raid fs 1 body 1 pos 21,19 stuck 0
RC WALK 144 id 215 role raid pos 21,19 tgt 24,15 want WEST
RC POS 145 id 5 seat 1 role expand fs 0 body 1 pos 4,19 stuck 2
RC WALK 145 id 5 role expand pos 4,19 tgt 4,20 want CENTRE
RC POS 145 id 7 seat 2 role expand fs 0 body 1 pos 3,20 stuck 4
RC WALK 145 id 7 role expand pos 3,20 tgt 4,20 want CENTRE
RC POS 145 id 29 seat 4 role defend fs 0 body 1 pos 5,20 stuck 1
RC WALK 145 id 29 role defend pos 5,20 tgt 4,20 want CENTRE
RC POS 145 id 215 seat 5 role raid fs 1 body 1 pos 20,19 stuck 0
RC WALK 145 id 215 role raid pos 20,19 tgt 28,16 want EAST
RC POS 146 id 5 seat 1 role expand fs 0 body 1 pos 4,19 stuck 3
RC WALK 146 id 5 role expand pos 4,19 tgt 4,20 want CENTRE
RC POS 146 id 7 seat 2 role expand fs 0 body 1 pos 3,20 stuck 5
V528 PICK r 146 id 7 tgt 8,26 cs 41 bs 26 reg 15 cc 10 bc 3 cands 3 banned 0 regall 15 seat 2
RC WALK 146 id 7 role expand pos 3,20 tgt 4,20 want CENTRE
RC POS 146 id 29 seat 4 role defend fs 0 body 1 pos 5,20 stuck 2
RC WALK 146 id 29 role defend pos 5,20 tgt 4,20 want CENTRE
RC POS 146 id 215 seat 5 role raid fs 1 body 1 pos 21,19 stuck 0
RC WALK 146 id 215 role raid pos 21,19 tgt 24,15 want WEST
RC POS 147 id 5 seat 1 role expand fs 0 body 1 pos 4,19 stuck 4
RC WALK 147 id 5 role expand pos 4,19 tgt 4,20 want CENTRE
RC POS 147 id 7 seat 2 role expand fs 0 body 1 pos 3,20 stuck 1
RC WALK 147 id 7 role expand pos 3,20 tgt 4,20 want CENTRE
RC POS 147 id 29 seat 4 role defend fs 0 body 1 pos 5,20 stuck 3
RC WALK 147 id 29 role defend pos 5,20 tgt 4,20 want CENTRE
RC POS 147 id 215 seat 5 role raid fs 1 body 1 pos 20,19 stuck 0
RC WALK 147 id 215 role raid pos 20,19 tgt 28,16 want EAST
RC POS 148 id 5 seat 1 role expand fs 0 body 1 pos 4,19 stuck 5
V528 PICK r 148 id 5 tgt 11,15 cs 38 bs 17 reg 21 cc 9 bc 1 cands 4 banned 0 regall 21 seat 1
RC WALK 148 id 5 role expand pos 4,19 tgt 4,20 want CENTRE
RC POS 148 id 7 seat 2 role expand fs 0 body 1 pos 3,20 stuck 2
RC WALK 148 id 7 role expand pos 3,20 tgt 4,20 want CENTRE
RC POS 148 id 29 seat 4 role defend fs 0 body 1 pos 5,20 stuck 4
RC WALK 148 id 29 role defend pos 5,20 tgt 4,20 want CENTRE
RC POS 148 id 215 seat 5 role raid fs 1 body 1 pos 21,19 stuck 0
RC WALK 148 id 215 role raid pos 21,19 tgt 24,15 want WEST
RC POS 149 id 5 seat 1 role expand fs 0 body 1 pos 4,19 stuck 1
RC WALK 149 id 5 role expand pos 4,19 tgt 4,20 want CENTRE
RC POS 149 id 7 seat 2 role expand fs 0 body 1 pos 3,20 stuck 3
RC WALK 149 id 7 role expand pos 3,20 tgt 4,20 want CENTRE
RC POS 149 id 29 seat 4 role defend fs 0 body 1 pos 5,20 stuck 5
RC WALK 149 id 29 role defend pos 5,20 tgt 4,20 want CENTRE
RC POS 149 id 215 seat 5 role raid fs 1 body 1 pos 20,19 stuck 0
RC WALK 149 id 215 role raid pos 20,19 tgt 28,16 want EAST
RC POS 150 id 5 seat 1 role expand fs 0 body 1 pos 4,19 stuck 2
RC WALK 150 id 5 role expand pos 4,19 tgt 4,20 want CENTRE
RC POS 150 id 7 seat 2 role expand fs 0 body 1 pos 3,20 stuck 4
RC WALK 150 id 7 role expand pos 3,20 tgt 4,20 want CENTRE
RC POS 150 id 29 seat 4 role defend fs 0 body 1 pos 5,20 stuck 1
RC WALK 150 id 29 role defend pos 5,20 tgt 4,20 want CENTRE
RC POS 150 id 215 seat 5 role raid fs 1 body 1 pos 21,19 stuck 0
RC WALK 150 id 215 role raid pos 21,19 tgt 24,15 want WEST
RC POS 151 id 5 seat 1 role expand fs 0 body 1 pos 4,19 stuck 3
RC WALK 151 id 5 role expand pos 4,19 tgt 4,20 want CENTRE
RC POS 151 id 7 seat 2 role expand fs 0 body 1 pos 3,20 stuck 5
V528 PICK r 151 id 7 tgt 27,7 cs 106 bs 26 reg 80 cc 23 bc 3 cands 3 banned 0 regall 80 seat 2
RC WALK 151 id 7 role expand pos 3,20 tgt 4,20 want CENTRE
RC POS 151 id 29 seat 4 role defend fs 0 body 1 pos 5,20 stuck 2
RC WALK 151 id 29 role defend pos 5,20 tgt 4,20 want CENTRE
RC POS 151 id 215 seat 5 role raid fs 1 body 1 pos 20,19 stuck 0
RC WALK 151 id 215 role raid pos 20,19 tgt 28,16 want EAST
RC POS 152 id 5 seat 1 role expand fs 0 body 1 pos 4,19 stuck 4
RC WALK 152 id 5 role expand pos 4,19 tgt 4,20 want CENTRE
RC POS 152 id 7 seat 2 role expand fs 0 body 1 pos 3,20 stuck 1
RC WALK 152 id 7 role expand pos 3,20 tgt 4,20 want CENTRE
RC POS 152 id 29 seat 4 role defend fs 0 body 1 pos 5,20 stuck 3
RC WALK 152 id 29 role defend pos 5,20 tgt 4,20 want CENTRE
RC POS 152 id 215 seat 5 role raid fs 1 body 1 pos 21,19 stuck 0
RC WALK 152 id 215 role raid pos 21,19 tgt 24,15 want WEST
RC POS 153 id 5 seat 1 role expand fs 0 body 1 pos 4,19 stuck 5
V528 PICK r 153 id 5 tgt 18,15 cs 66 bs 17 reg 49 cc 16 bc 1 cands 4 banned 0 regall 49 seat 1
RC WALK 153 id 5 role expand pos 4,19 tgt 4,20 want CENTRE
RC POS 153 id 7 seat 2 role expand fs 0 body 1 pos 3,20 stuck 2
RC WALK 153 id 7 role expand pos 3,20 tgt 4,20 want CENTRE
RC POS 153 id 29 seat 4 role defend fs 0 body 1 pos 5,20 stuck 4
RC WALK 153 id 29 role defend pos 5,20 tgt 4,20 want CENTRE
RC POS 153 id 215 seat 5 role raid fs 1 body 1 pos 20,19 stuck 0
RC WALK 153 id 215 role raid pos 20,19 tgt 28,16 want EAST
RC POS 154 id 5 seat 1 role expand fs 0 body 1 pos 4,19 stuck 1
RC WALK 154 id 5 role expand pos 4,19 tgt 4,20 want CENTRE
RC POS 154 id 7 seat 2 role expand fs 0 body 1 pos 3,20 stuck 3
RC WALK 154 id 7 role expand pos 3,20 tgt 4,20 want CENTRE
RC POS 154 id 29 seat 4 role defend fs 0 body 1 pos 5,20 stuck 5
RC WALK 154 id 29 role defend pos 5,20 tgt 4,20 want CENTRE
RC POS 154 id 215 seat 5 role raid fs 1 body 1 pos 21,19 stuck 0
RC WALK 154 id 215 role raid pos 21,19 tgt 24,15 want WEST
RC POS 155 id 5 seat 1 role expand fs 0 body 1 pos 4,19 stuck 2
RC WALK 155 id 5 role expand pos 4,19 tgt 4,20 want CENTRE
RC POS 155 id 7 seat 2 role expand fs 0 body 1 pos 3,20 stuck 4
RC WALK 155 id 7 role expand pos 3,20 tgt 4,20 want CENTRE
RC POS 155 id 29 seat 4 role defend fs 0 body 1 pos 5,20 stuck 1
RC WALK 155 id 29 role defend pos 5,20 tgt 4,20 want CENTRE
RC POS 155 id 215 seat 5 role raid fs 1 body 1 pos 20,19 stuck 0
RC WALK 155 id 215 role raid pos 20,19 tgt 28,16 want EAST
RC POS 156 id 5 seat 1 role expand fs 0 body 1 pos 4,19 stuck 3
RC WALK 156 id 5 role expand pos 4,19 tgt 4,20 want CENTRE
RC POS 156 id 7 seat 2 role expand fs 0 body 1 pos 3,20 stuck 5
V528 PICK r 156 id 7 tgt 9,9 cs 26 bs 26 reg 0 cc 3 bc 3 cands 3 banned 0 regall 0 seat 2
RC WALK 156 id 7 role expand pos 3,20 tgt 4,20 want CENTRE
RC POS 156 id 29 seat 4 role defend fs 0 body 1 pos 5,20 stuck 2
RC WALK 156 id 29 role defend pos 5,20 tgt 4,20 want CENTRE
RC POS 156 id 215 seat 5 role raid fs 1 body 1 pos 21,19 stuck 0
RC WALK 156 id 215 role raid pos 21,19 tgt 24,15 want WEST
RC POS 157 id 5 seat 1 role expand fs 0 body 1 pos 4,19 stuck 4
RC WALK 157 id 5 role expand pos 4,19 tgt 4,20 want CENTRE
RC POS 157 id 7 seat 2 role expand fs 0 body 1 pos 3,20 stuck 1
RC WALK 157 id 7 role expand pos 3,20 tgt 4,20 want CENTRE
RC POS 157 id 29 seat 4 role defend fs 0 body 1 pos 5,20 stuck 3
RC WALK 157 id 29 role defend pos 5,20 tgt 4,20 want CENTRE
RC POS 157 id 215 seat 5 role raid fs 1 body 1 pos 20,19 stuck 0
RC WALK 157 id 215 role raid pos 20,19 tgt 28,16 want EAST
RC POS 158 id 5 seat 1 role expand fs 0 body 1 pos 4,19 stuck 5
V528 PICK r 158 id 5 tgt 21,26 cs 99 bs 17 reg 82 cc 25 bc 1 cands 4 banned 0 regall 82 seat 1
RC WALK 158 id 5 role expand pos 4,19 tgt 4,20 want CENTRE
RC POS 158 id 7 seat 2 role expand fs 0 body 1 pos 3,20 stuck 2
RC WALK 158 id 7 role expand pos 3,20 tgt 4,20 want CENTRE
RC POS 158 id 29 seat 4 role defend fs 0 body 1 pos 5,20 stuck 4
RC WALK 158 id 29 role defend pos 5,20 tgt 4,20 want CENTRE
RC POS 158 id 215 seat 5 role raid fs 1 body 1 pos 21,19 stuck 0
RC WALK 158 id 215 role raid pos 21,19 tgt 24,15 want WEST
RC POS 159 id 5 seat 1 role expand fs 0 body 1 pos 4,19 stuck 1
RC WALK 159 id 5 role expand pos 4,19 tgt 4,20 want CENTRE
RC POS 159 id 7 seat 2 role expand fs 0 body 1 pos 3,20 stuck 3
RC WALK 159 id 7 role expand pos 3,20 tgt 4,20 want CENTRE
RC POS 159 id 29 seat 4 role defend fs 0 body 1 pos 5,20 stuck 5
RC WALK 159 id 29 role defend pos 5,20 tgt 4,20 want CENTRE
RC POS 159 id 215 seat 5 role raid fs 1 body 1 pos 20,19 stuck 0
RC WALK 159 id 215 role raid pos 20,19 tgt 28,16 want EAST
RC POS 160 id 5 seat 1 role expand fs 0 body 1 pos 4,19 stuck 2
RC WALK 160 id 5 role expand pos 4,19 tgt 4,20 want CENTRE
RC POS 160 id 7 seat 2 role expand fs 0 body 1 pos 3,20 stuck 4
RC WALK 160 id 7 role expand pos 3,20 tgt 4,20 want CENTRE
RC POS 160 id 29 seat 4 role defend fs 0 body 1 pos 5,20 stuck 1
RC WALK 160 id 29 role defend pos 5,20 tgt 4,20 want CENTRE
RC POS 160 id 215 seat 5 role raid fs 1 body 1 pos 21,19 stuck 0
RC WALK 160 id 215 role raid pos 21,19 tgt 24,15 want WEST
RC POS 161 id 5 seat 1 role expand fs 0 body 1 pos 4,19 stuck 3
RC WALK 161 id 5 role expand pos 4,19 tgt 4,20 want CENTRE
RC POS 161 id 7 seat 2 role expand fs 0 body 1 pos 3,20 stuck 5
V528 PICK r 161 id 7 tgt 8,26 cs 41 bs 26 reg 15 cc 10 bc 3 cands 3 banned 0 regall 15 seat 2
RC WALK 161 id 7 role expand pos 3,20 tgt 4,20 want CENTRE
RC POS 161 id 29 seat 4 role defend fs 0 body 1 pos 5,20 stuck 2
RC WALK 161 id 29 role defend pos 5,20 tgt 4,20 want CENTRE
RC POS 161 id 215 seat 5 role raid fs 1 body 1 pos 20,19 stuck 0
RC WALK 161 id 215 role raid pos 20,19 tgt 28,16 want EAST
RC POS 162 id 5 seat 1 role expand fs 0 body 1 pos 4,19 stuck 4
RC WALK 162 id 5 role expand pos 4,19 tgt 4,20 want CENTRE
RC POS 162 id 7 seat 2 role expand fs 0 body 1 pos 3,20 stuck 1
RC WALK 162 id 7 role expand pos 3,20 tgt 4,20 want CENTRE
RC POS 162 id 29 seat 4 role defend fs 0 body 1 pos 5,20 stuck 3
RC WALK 162 id 29 role defend pos 5,20 tgt 4,20 want CENTRE
RC POS 162 id 215 seat 5 role raid fs 1 body 1 pos 21,19 stuck 0
RC WALK 162 id 215 role raid pos 21,19 tgt 24,15 want WEST
RC POS 163 id 5 seat 1 role expand fs 0 body 1 pos 4,19 stuck 5
V528 PICK r 163 id 5 tgt 2,7 cs 17 bs 17 reg 0 cc 1 bc 1 cands 4 banned 0 regall 0 seat 1
RC WALK 163 id 5 role expand pos 4,19 tgt 4,20 want CENTRE
RC POS 163 id 7 seat 2 role expand fs 0 body 1 pos 3,20 stuck 2
RC WALK 163 id 7 role expand pos 3,20 tgt 4,20 want CENTRE
RC POS 163 id 29 seat 4 role defend fs 0 body 1 pos 5,20 stuck 4
RC WALK 163 id 29 role defend pos 5,20 tgt 4,20 want CENTRE
RC POS 163 id 215 seat 5 role raid fs 1 body 1 pos 20,19 stuck 0
RC WALK 163 id 215 role raid pos 20,19 tgt 28,16 want EAST
RC POS 164 id 5 seat 1 role expand fs 0 body 1 pos 4,19 stuck 1
RC WALK 164 id 5 role expand pos 4,19 tgt 4,20 want CENTRE
RC POS 164 id 7 seat 2 role expand fs 0 body 1 pos 3,20 stuck 3
RC WALK 164 id 7 role expand pos 3,20 tgt 4,20 want CENTRE
RC POS 164 id 29 seat 4 role defend fs 0 body 1 pos 5,20 stuck 5
RC WALK 164 id 29 role defend pos 5,20 tgt 4,20 want CENTRE
RC POS 164 id 215 seat 5 role raid fs 1 body 1 pos 21,19 stuck 0
RC WALK 164 id 215 role raid pos 21,19 tgt 24,15 want WEST
RC POS 165 id 5 seat 1 role expand fs 0 body 1 pos 4,19 stuck 2
RC WALK 165 id 5 role expand pos 4,19 tgt 4,20 want CENTRE
RC POS 165 id 7 seat 2 role expand fs 0 body 1 pos 3,20 stuck 4
RC WALK 165 id 7 role expand pos 3,20 tgt 4,20 want CENTRE
RC POS 165 id 29 seat 4 role defend fs 0 body 1 pos 5,20 stuck 1
RC WALK 165 id 29 role defend pos 5,20 tgt 4,20 want CENTRE
RC POS 165 id 215 seat 5 role raid fs 1 body 1 pos 20,19 stuck 0
RC WALK 165 id 215 role raid pos 20,19 tgt 28,16 want EAST
RC POS 166 id 5 seat 1 role expand fs 0 body 1 pos 4,19 stuck 3
RC WALK 166 id 5 role expand pos 4,19 tgt 4,20 want CENTRE
RC POS 166 id 7 seat 2 role expand fs 0 body 1 pos 3,20 stuck 5
V528 PICK r 166 id 7 tgt 27,7 cs 106 bs 26 reg 80 cc 23 bc 3 cands 3 banned 0 regall 80 seat 2
RC WALK 166 id 7 role expand pos 3,20 tgt 4,20 want CENTRE
RC POS 166 id 29 seat 4 role defend fs 0 body 1 pos 5,20 stuck 2
RC WALK 166 id 29 role defend pos 5,20 tgt 4,20 want CENTRE
RC POS 166 id 215 seat 5 role raid fs 1 body 1 pos 21,19 stuck 0
RC WALK 166 id 215 role raid pos 21,19 tgt 24,15 want WEST
RC POS 167 id 5 seat 1 role expand fs 0 body 1 pos 4,19 stuck 4
RC WALK 167 id 5 role expand pos 4,19 tgt 4,20 want CENTRE
RC POS 167 id 7 seat 2 role expand fs 0 body 1 pos 3,20 stuck 1
RC WALK 167 id 7 role expand pos 3,20 tgt 4,20 want CENTRE
RC POS 167 id 29 seat 4 role defend fs 0 body 1 pos 5,20 stuck 3
RC WALK 167 id 29 role defend pos 5,20 tgt 4,20 want CENTRE
RC POS 167 id 215 seat 5 role raid fs 1 body 1 pos 20,19 stuck 0
RC WALK 167 id 215 role raid pos 20,19 tgt 28,16 want EAST
RC POS 168 id 5 seat 1 role expand fs 0 body 1 pos 4,19 stuck 5
V528 PICK r 168 id 5 tgt 11,15 cs 38 bs 17 reg 21 cc 9 bc 1 cands 4 banned 0 regall 21 seat 1
RC WALK 168 id 5 role expand pos 4,19 tgt 4,20 want CENTRE
RC POS 168 id 7 seat 2 role expand fs 0 body 1 pos 3,20 stuck 2
RC WALK 168 id 7 role expand pos 3,20 tgt 4,20 want CENTRE
RC POS 168 id 29 seat 4 role defend fs 0 body 1 pos 5,20 stuck 4
RC WALK 168 id 29 role defend pos 5,20 tgt 4,20 want CENTRE
RC POS 168 id 215 seat 5 role raid fs 1 body 1 pos 21,19 stuck 0
RC WALK 168 id 215 role raid pos 21,19 tgt 24,15 want WEST
RC POS 169 id 5 seat 1 role expand fs 0 body 1 pos 4,19 stuck 1
RC WALK 169 id 5 role expand pos 4,19 tgt 4,20 want CENTRE
RC POS 169 id 7 seat 2 role expand fs 0 body 1 pos 3,20 stuck 3
RC WALK 169 id 7 role expand pos 3,20 tgt 4,20 want CENTRE
RC POS 169 id 29 seat 4 role defend fs 0 body 1 pos 5,20 stuck 5
RC WALK 169 id 29 role defend pos 5,20 tgt 4,20 want CENTRE
RC POS 169 id 215 seat 5 role raid fs 1 body 1 pos 20,19 stuck 0
RC WALK 169 id 215 role raid pos 20,19 tgt 28,16 want EAST
RC POS 170 id 5 seat 1 role expand fs 0 body 1 pos 4,19 stuck 2
RC WALK 170 id 5 role expand pos 4,19 tgt 4,20 want CENTRE
RC POS 170 id 7 seat 2 role expand fs 0 body 1 pos 3,20 stuck 4
RC WALK 170 id 7 role expand pos 3,20 tgt 4,20 want CENTRE
RC POS 170 id 29 seat 4 role defend fs 0 body 1 pos 5,20 stuck 1
RC WALK 170 id 29 role defend pos 5,20 tgt 4,20 want CENTRE
RC POS 170 id 215 seat 5 role raid fs 1 body 1 pos 21,19 stuck 0
RC WALK 170 id 215 role raid pos 21,19 tgt 24,15 want WEST
RC POS 171 id 5 seat 1 role expand fs 0 body 1 pos 4,19 stuck 3
RC WALK 171 id 5 role expand pos 4,19 tgt 4,20 want CENTRE
RC POS 171 id 7 seat 2 role expand fs 0 body 1 pos 3,20 stuck 5
V528 PICK r 171 id 7 tgt 9,9 cs 26 bs 26 reg 0 cc 3 bc 3 cands 3 banned 0 regall 0 seat 2
RC WALK 171 id 7 role expand pos 3,20 tgt 4,20 want CENTRE
RC POS 171 id 29 seat 4 role defend fs 0 body 1 pos 5,20 stuck 2
RC WALK 171 id 29 role defend pos 5,20 tgt 4,20 want CENTRE
RC POS 171 id 215 seat 5 role raid fs 1 body 1 pos 20,19 stuck 0
RC WALK 171 id 215 role raid pos 20,19 tgt 28,16 want EAST
RC POS 172 id 5 seat 1 role expand fs 0 body 1 pos 4,19 stuck 4
RC WALK 172 id 5 role expand pos 4,19 tgt 4,20 want CENTRE
RC POS 172 id 7 seat 2 role expand fs 0 body 1 pos 3,20 stuck 1
RC WALK 172 id 7 role expand pos 3,20 tgt 4,20 want CENTRE
RC POS 172 id 29 seat 4 role defend fs 0 body 1 pos 5,20 stuck 3
RC WALK 172 id 29 role defend pos 5,20 tgt 4,20 want CENTRE
RC POS 172 id 215 seat 5 role raid fs 1 body 1 pos 21,19 stuck 0
RC WALK 172 id 215 role raid pos 21,19 tgt 24,15 want WEST
RC POS 173 id 5 seat 1 role expand fs 0 body 1 pos 4,19 stuck 5
V528 PICK r 173 id 5 tgt 18,15 cs 66 bs 17 reg 49 cc 16 bc 1 cands 4 banned 0 regall 49 seat 1
RC WALK 173 id 5 role expand pos 4,19 tgt 4,20 want CENTRE
RC POS 173 id 7 seat 2 role expand fs 0 body 1 pos 3,20 stuck 2
RC WALK 173 id 7 role expand pos 3,20 tgt 4,20 want CENTRE
RC POS 173 id 29 seat 4 role defend fs 0 body 1 pos 5,20 stuck 4
RC WALK 173 id 29 role defend pos 5,20 tgt 4,20 want CENTRE
RC POS 173 id 215 seat 5 role raid fs 1 body 1 pos 20,19 stuck 0
RC WALK 173 id 215 role raid pos 20,19 tgt 28,16 want EAST
RC POS 174 id 5 seat 1 role expand fs 0 body 1 pos 4,19 stuck 1
RC WALK 174 id 5 role expand pos 4,19 tgt 4,20 want CENTRE
RC POS 174 id 7 seat 2 role expand fs 0 body 1 pos 3,20 stuck 3
RC WALK 174 id 7 role expand pos 3,20 tgt 4,20 want CENTRE
RC POS 174 id 29 seat 4 role defend fs 0 body 1 pos 5,20 stuck 5
RC WALK 174 id 29 role defend pos 5,20 tgt 4,20 want CENTRE
RC POS 174 id 215 seat 5 role raid fs 1 body 1 pos 21,19 stuck 0
RC WALK 174 id 215 role raid pos 21,19 tgt 24,15 want WEST
RC POS 175 id 5 seat 1 role expand fs 0 body 1 pos 4,19 stuck 2
RC WALK 175 id 5 role expand pos 4,19 tgt 4,20 want CENTRE
RC POS 175 id 7 seat 2 role expand fs 0 body 1 pos 3,20 stuck 4
RC WALK 175 id 7 role expand pos 3,20 tgt 4,20 want CENTRE
RC POS 175 id 29 seat 4 role defend fs 0 body 1 pos 5,20 stuck 1
RC WALK 175 id 29 role defend pos 5,20 tgt 4,20 want CENTRE
RC POS 175 id 215 seat 5 role raid fs 1 body 1 pos 20,19 stuck 0
RC WALK 175 id 215 role raid pos 20,19 tgt 28,16 want EAST
RC POS 176 id 5 seat 1 role expand fs 0 body 1 pos 4,19 stuck 3
RC WALK 176 id 5 role expand pos 4,19 tgt 4,20 want CENTRE
RC POS 176 id 7 seat 2 role expand fs 0 body 1 pos 3,20 stuck 5
V528 PICK r 176 id 7 tgt 8,26 cs 41 bs 26 reg 15 cc 10 bc 3 cands 3 banned 0 regall 15 seat 2
RC WALK 176 id 7 role expand pos 3,20 tgt 4,20 want CENTRE
RC POS 176 id 29 seat 4 role defend fs 0 body 1 pos 5,20 stuck 2
RC WALK 176 id 29 role defend pos 5,20 tgt 4,20 want CENTRE
RC POS 176 id 215 seat 5 role raid fs 1 body 1 pos 21,19 stuck 0
RC WALK 176 id 215 role raid pos 21,19 tgt 24,15 want WEST
RC POS 177 id 5 seat 1 role expand fs 0 body 1 pos 4,19 stuck 4
RC WALK 177 id 5 role expand pos 4,19 tgt 4,20 want CENTRE
RC POS 177 id 7 seat 2 role expand fs 0 body 1 pos 3,20 stuck 1
RC WALK 177 id 7 role expand pos 3,20 tgt 4,20 want CENTRE
RC POS 177 id 29 seat 4 role defend fs 0 body 1 pos 5,20 stuck 3
RC WALK 177 id 29 role defend pos 5,20 tgt 4,20 want CENTRE
RC POS 177 id 215 seat 5 role raid fs 1 body 1 pos 20,19 stuck 0
RC WALK 177 id 215 role raid pos 20,19 tgt 28,16 want EAST
RC POS 178 id 5 seat 1 role expand fs 0 body 1 pos 4,19 stuck 5
V528 PICK r 178 id 5 tgt 21,26 cs 99 bs 17 reg 82 cc 25 bc 1 cands 4 banned 0 regall 82 seat 1
RC WALK 178 id 5 role expand pos 4,19 tgt 4,20 want CENTRE
RC POS 178 id 7 seat 2 role expand fs 0 body 1 pos 3,20 stuck 2
RC WALK 178 id 7 role expand pos 3,20 tgt 4,20 want CENTRE
RC POS 178 id 29 seat 4 role defend fs 0 body 1 pos 5,20 stuck 4
RC WALK 178 id 29 role defend pos 5,20 tgt 4,20 want CENTRE
RC POS 178 id 215 seat 5 role raid fs 1 body 1 pos 21,19 stuck 0
RC WALK 178 id 215 role raid pos 21,19 tgt 24,15 want WEST
RC POS 179 id 5 seat 1 role expand fs 0 body 1 pos 4,19 stuck 1
RC WALK 179 id 5 role expand pos 4,19 tgt 4,20 want CENTRE
RC POS 179 id 7 seat 2 role expand fs 0 body 1 pos 3,20 stuck 3
RC WALK 179 id 7 role expand pos 3,20 tgt 4,20 want CENTRE
RC POS 179 id 29 seat 4 role defend fs 0 body 1 pos 5,20 stuck 5
RC WALK 179 id 29 role defend pos 5,20 tgt 4,20 want CENTRE
RC POS 179 id 215 seat 5 role raid fs 1 body 1 pos 20,19 stuck 0
RC WALK 179 id 215 role raid pos 20,19 tgt 28,16 want EAST
RC POS 180 id 5 seat 1 role expand fs 0 body 1 pos 4,19 stuck 2
RC WALK 180 id 5 role expand pos 4,19 tgt 4,20 want CENTRE
RC POS 180 id 7 seat 2 role expand fs 0 body 1 pos 3,20 stuck 4
RC WALK 180 id 7 role expand pos 3,20 tgt 4,20 want CENTRE
RC POS 180 id 29 seat 4 role defend fs 0 body 1 pos 5,20 stuck 1
RC WALK 180 id 29 role defend pos 5,20 tgt 4,20 want CENTRE
RC POS 180 id 215 seat 5 role raid fs 1 body 1 pos 21,19 stuck 0
RC WALK 180 id 215 role raid pos 21,19 tgt 24,15 want WEST
RC POS 181 id 5 seat 1 role expand fs 0 body 1 pos 4,19 stuck 3
RC WALK 181 id 5 role expand pos 4,19 tgt 4,20 want CENTRE
RC POS 181 id 7 seat 2 role expand fs 0 body 1 pos 3,20 stuck 5
V528 PICK r 181 id 7 tgt 27,7 cs 106 bs 26 reg 80 cc 23 bc 3 cands 3 banned 0 regall 80 seat 2
RC WALK 181 id 7 role expand pos 3,20 tgt 4,20 want CENTRE
RC POS 181 id 29 seat 4 role defend fs 0 body 1 pos 5,20 stuck 2
RC WALK 181 id 29 role defend pos 5,20 tgt 4,20 want CENTRE
RC POS 181 id 215 seat 5 role raid fs 1 body 1 pos 20,19 stuck 0
RC POS 182 id 5 seat 1 role expand fs 0 body 1 pos 4,19 stuck 4
RC WALK 182 id 5 role expand pos 4,19 tgt 4,20 want CENTRE
RC POS 182 id 7 seat 2 role expand fs 0 body 1 pos 3,20 stuck 1
RC WALK 182 id 7 role expand pos 3,20 tgt 4,20 want CENTRE
RC POS 182 id 29 seat 4 role defend fs 0 body 1 pos 5,20 stuck 3
RC WALK 182 id 29 role defend pos 5,20 tgt 4,20 want CENTRE
RC POS 182 id 215 seat 5 role raid fs 1 body 1 pos 20,19 stuck 1
RC POS 183 id 5 seat 1 role expand fs 0 body 1 pos 4,19 stuck 5
V528 PICK r 183 id 5 tgt 2,7 cs 17 bs 17 reg 0 cc 1 bc 1 cands 4 banned 0 regall 0 seat 1
RC WALK 183 id 5 role expand pos 4,19 tgt 4,20 want CENTRE
RC POS 183 id 7 seat 2 role expand fs 0 body 1 pos 3,20 stuck 2
RC WALK 183 id 7 role expand pos 3,20 tgt 4,20 want CENTRE
RC POS 183 id 29 seat 4 role defend fs 0 body 1 pos 5,20 stuck 4
RC WALK 183 id 29 role defend pos 5,20 tgt 4,20 want CENTRE
RC POS 183 id 215 seat 5 role raid fs 1 body 1 pos 24,15 stuck 0
RC POS 184 id 5 seat 1 role expand fs 0 body 1 pos 4,19 stuck 1
RC WALK 184 id 5 role expand pos 4,19 tgt 4,20 want CENTRE
RC POS 184 id 7 seat 2 role expand fs 0 body 1 pos 3,20 stuck 3
RC WALK 184 id 7 role expand pos 3,20 tgt 4,20 want CENTRE
RC POS 184 id 29 seat 4 role defend fs 0 body 1 pos 5,20 stuck 5
RC WALK 184 id 29 role defend pos 5,20 tgt 4,20 want CENTRE
RC POS 184 id 215 seat 5 role raid fs 1 body 1 pos 24,15 stuck 1
RC POS 185 id 5 seat 1 role expand fs 0 body 1 pos 4,19 stuck 2
RC WALK 185 id 5 role expand pos 4,19 tgt 4,20 want CENTRE
RC POS 185 id 7 seat 2 role expand fs 0 body 1 pos 3,20 stuck 4
RC WALK 185 id 7 role expand pos 3,20 tgt 4,20 want CENTRE
RC POS 185 id 29 seat 4 role defend fs 0 body 1 pos 5,20 stuck 1
RC WALK 185 id 29 role defend pos 5,20 tgt 4,20 want CENTRE
RC POS 185 id 215 seat 5 role raid fs 1 body 1 pos 24,15 stuck 2
RC POS 186 id 5 seat 1 role expand fs 0 body 1 pos 4,19 stuck 3
RC WALK 186 id 5 role expand pos 4,19 tgt 4,20 want CENTRE
RC POS 186 id 7 seat 2 role expand fs 0 body 1 pos 3,20 stuck 5
V528 PICK r 186 id 7 tgt 9,9 cs 26 bs 26 reg 0 cc 3 bc 3 cands 3 banned 0 regall 0 seat 2
RC WALK 186 id 7 role expand pos 3,20 tgt 4,20 want CENTRE
RC POS 186 id 29 seat 4 role defend fs 0 body 1 pos 5,20 stuck 2
RC WALK 186 id 29 role defend pos 5,20 tgt 4,20 want CENTRE
RC POS 186 id 215 seat 5 role raid fs 1 body 1 pos 24,15 stuck 3
RC POS 187 id 5 seat 1 role expand fs 0 body 1 pos 4,19 stuck 4
RC WALK 187 id 5 role expand pos 4,19 tgt 4,20 want CENTRE
RC POS 187 id 7 seat 2 role expand fs 0 body 1 pos 3,20 stuck 1
RC WALK 187 id 7 role expand pos 3,20 tgt 4,20 want CENTRE
RC POS 187 id 29 seat 4 role defend fs 0 body 1 pos 5,20 stuck 3
RC WALK 187 id 29 role defend pos 5,20 tgt 4,20 want CENTRE
RC POS 187 id 215 seat 5 role raid fs 1 body 1 pos 24,15 stuck 4
RC WALK 187 id 215 role raid pos 24,15 tgt 25,15 want EAST
RC POS 188 id 5 seat 1 role expand fs 0 body 1 pos 4,19 stuck 5
V528 PICK r 188 id 5 tgt 11,15 cs 38 bs 17 reg 21 cc 9 bc 1 cands 4 banned 0 regall 21 seat 1
RC WALK 188 id 5 role expand pos 4,19 tgt 4,20 want CENTRE
RC POS 188 id 7 seat 2 role expand fs 0 body 1 pos 3,20 stuck 2
RC WALK 188 id 7 role expand pos 3,20 tgt 4,20 want CENTRE
RC POS 188 id 29 seat 4 role defend fs 0 body 1 pos 5,20 stuck 4
RC WALK 188 id 29 role defend pos 5,20 tgt 4,20 want CENTRE
RC POS 188 id 215 seat 5 role raid fs 1 body 1 pos 25,15 stuck 0
RC POS 189 id 5 seat 1 role expand fs 0 body 1 pos 4,19 stuck 1
RC WALK 189 id 5 role expand pos 4,19 tgt 4,20 want CENTRE
RC POS 189 id 7 seat 2 role expand fs 0 body 1 pos 3,20 stuck 3
RC WALK 189 id 7 role expand pos 3,20 tgt 4,20 want CENTRE
RC POS 189 id 29 seat 4 role defend fs 0 body 1 pos 5,20 stuck 5
RC WALK 189 id 29 role defend pos 5,20 tgt 4,20 want CENTRE
RC POS 189 id 215 seat 5 role raid fs 1 body 1 pos 25,15 stuck 1
RC POS 190 id 5 seat 1 role expand fs 0 body 1 pos 4,19 stuck 2
RC WALK 190 id 5 role expand pos 4,19 tgt 4,20 want CENTRE
RC POS 190 id 7 seat 2 role expand fs 0 body 1 pos 3,20 stuck 4
RC WALK 190 id 7 role expand pos 3,20 tgt 4,20 want CENTRE
RC POS 190 id 29 seat 4 role defend fs 0 body 1 pos 5,20 stuck 1
RC WALK 190 id 29 role defend pos 5,20 tgt 7,16 want NORTH
RC POS 190 id 215 seat 5 role raid fs 1 body 1 pos 25,15 stuck 2
RC POS 191 id 5 seat 1 role expand fs 0 body 1 pos 4,19 stuck 3
RC WALK 191 id 5 role expand pos 4,19 tgt 4,20 want CENTRE
RC POS 191 id 7 seat 2 role expand fs 0 body 1 pos 3,20 stuck 5
V528 PICK r 191 id 7 tgt 8,26 cs 41 bs 26 reg 15 cc 10 bc 3 cands 3 banned 0 regall 15 seat 2
RC WALK 191 id 7 role expand pos 3,20 tgt 4,20 want CENTRE
RC POS 191 id 29 seat 4 role defend fs 0 body 1 pos 5,19 stuck 0
RC WALK 191 id 29 role defend pos 5,19 tgt 6,16 want EAST
RC POS 191 id 215 seat 5 role raid fs 1 body 1 pos 25,15 stuck 3
RC POS 192 id 5 seat 1 role expand fs 0 body 1 pos 4,19 stuck 4
RC WALK 192 id 5 role expand pos 4,19 tgt 4,20 want CENTRE
RC POS 192 id 7 seat 2 role expand fs 0 body 1 pos 3,20 stuck 1
RC WALK 192 id 7 role expand pos 3,20 tgt 4,20 want CENTRE
RC POS 192 id 29 seat 4 role defend fs 0 body 1 pos 6,19 stuck 0
RC WALK 192 id 29 role defend pos 6,19 tgt 5,16 want EAST
RC POS 192 id 215 seat 5 role raid fs 1 body 1 pos 25,15 stuck 4
RC POS 193 id 5 seat 1 role expand fs 0 body 1 pos 4,19 stuck 5
V528 PICK r 193 id 5 tgt 18,15 cs 69 bs 17 reg 52 cc 17 bc 1 cands 4 banned 0 regall 52 seat 1
RC WALK 193 id 5 role expand pos 4,19 tgt 4,20 want CENTRE
RC POS 193 id 7 seat 2 role expand fs 0 body 1 pos 3,20 stuck 2
RC WALK 193 id 7 role expand pos 3,20 tgt 4,20 want CENTRE
RC POS 193 id 29 seat 4 role defend fs 0 body 1 pos 7,19 stuck 0
RC WALK 193 id 29 role defend pos 7,19 tgt 5,15 want EAST
RC POS 193 id 215 seat 5 role raid fs 1 body 1 pos 25,15 stuck 5
RC POS 194 id 5 seat 1 role expand fs 0 body 1 pos 4,19 stuck 1
RC WALK 194 id 5 role expand pos 4,19 tgt 4,20 want CENTRE
RC POS 194 id 7 seat 2 role expand fs 0 body 1 pos 3,20 stuck 3
RC WALK 194 id 7 role expand pos 3,20 tgt 4,20 want CENTRE
RC POS 194 id 29 seat 4 role defend fs 0 body 1 pos 8,19 stuck 0
RC WALK 194 id 29 role defend pos 8,19 tgt 5,15 want EAST
RC POS 194 id 215 seat 5 role raid fs 1 body 1 pos 25,15 stuck 6
RC POS 195 id 5 seat 1 role expand fs 0 body 1 pos 4,19 stuck 2
RC WALK 195 id 5 role expand pos 4,19 tgt 4,20 want CENTRE
RC POS 195 id 7 seat 2 role expand fs 0 body 1 pos 3,20 stuck 4
RC WALK 195 id 7 role expand pos 3,20 tgt 4,20 want CENTRE
RC POS 195 id 29 seat 4 role defend fs 0 body 1 pos 9,19 stuck 0
RC WALK 195 id 29 role defend pos 9,19 tgt 5,15 want NORTH
RC POS 195 id 215 seat 5 role raid fs 1 body 1 pos 25,15 stuck 7
RC POS 196 id 5 seat 1 role expand fs 0 body 1 pos 4,19 stuck 3
RC WALK 196 id 5 role expand pos 4,19 tgt 4,20 want CENTRE
RC POS 196 id 7 seat 2 role expand fs 0 body 1 pos 3,20 stuck 5
V528 PICK r 196 id 7 tgt 27,7 cs 106 bs 26 reg 80 cc 23 bc 3 cands 3 banned 0 regall 80 seat 2
RC WALK 196 id 7 role expand pos 3,20 tgt 4,20 want CENTRE
RC POS 196 id 29 seat 4 role defend fs 0 body 1 pos 9,18 stuck 0
RC WALK 196 id 29 role defend pos 9,18 tgt 5,16 want NORTH
RC POS 196 id 215 seat 5 role raid fs 1 body 1 pos 25,15 stuck 8
RC POS 197 id 5 seat 1 role expand fs 0 body 1 pos 4,19 stuck 4
RC WALK 197 id 5 role expand pos 4,19 tgt 4,20 want CENTRE
RC POS 197 id 7 seat 2 role expand fs 0 body 1 pos 3,20 stuck 1
RC WALK 197 id 7 role expand pos 3,20 tgt 4,20 want CENTRE
RC POS 197 id 29 seat 4 role defend fs 0 body 1 pos 9,17 stuck 0
RC WALK 197 id 29 role defend pos 9,17 tgt 6,16 want WEST
RC POS 197 id 215 seat 5 role raid fs 1 body 1 pos 25,15 stuck 9
RC POS 198 id 5 seat 1 role expand fs 0 body 1 pos 4,19 stuck 5
V528 PICK r 198 id 5 tgt 21,26 cs 99 bs 17 reg 82 cc 25 bc 1 cands 4 banned 0 regall 82 seat 1
RC WALK 198 id 5 role expand pos 4,19 tgt 4,20 want CENTRE
RC POS 198 id 7 seat 2 role expand fs 0 body 1 pos 3,20 stuck 2
RC WALK 198 id 7 role expand pos 3,20 tgt 4,20 want CENTRE
RC POS 198 id 29 seat 4 role defend fs 0 body 1 pos 8,17 stuck 0
RC WALK 198 id 29 role defend pos 8,17 tgt 7,16 want NORTH
RC POS 198 id 215 seat 5 role raid fs 1 body 1 pos 25,15 stuck 10
RC POS 199 id 5 seat 1 role expand fs 0 body 1 pos 4,19 stuck 1
RC WALK 199 id 5 role expand pos 4,19 tgt 4,20 want CENTRE
RC POS 199 id 7 seat 2 role expand fs 0 body 1 pos 3,20 stuck 3
RC WALK 199 id 7 role expand pos 3,20 tgt 4,20 want CENTRE
RC POS 199 id 29 seat 4 role defend fs 0 body 1 pos 8,16 stuck 0
RC WALK 199 id 29 role defend pos 8,16 tgt 7,15 want WEST
RC POS 199 id 215 seat 5 role raid fs 1 body 1 pos 25,15 stuck 11
RC POS 200 id 5 seat 1 role expand fs 0 body 1 pos 4,19 stuck 2
RC WALK 200 id 5 role expand pos 4,19 tgt 4,20 want CENTRE
RC POS 200 id 7 seat 2 role expand fs 0 body 1 pos 3,20 stuck 4
RC WALK 200 id 7 role expand pos 3,20 tgt 4,20 want CENTRE
RC POS 200 id 29 seat 4 role defend fs 0 body 1 pos 7,16 stuck 0
RC WALK 200 id 29 role defend pos 7,16 tgt 7,15 want NORTH
RC POS 200 id 215 seat 5 role raid fs 1 body 1 pos 25,15 stuck 12
RC POS 201 id 5 seat 1 role expand fs 0 body 1 pos 4,19 stuck 3
RC WALK 201 id 5 role expand pos 4,19 tgt 4,20 want CENTRE
RC POS 201 id 7 seat 2 role expand fs 0 body 1 pos 3,20 stuck 5
V528 PICK r 201 id 7 tgt 9,9 cs 26 bs 26 reg 0 cc 3 bc 3 cands 3 banned 0 regall 0 seat 2
RC WALK 201 id 7 role expand pos 3,20 tgt 4,20 want CENTRE
RC POS 201 id 29 seat 4 role defend fs 0 body 1 pos 7,15 stuck 0
RC WALK 201 id 29 role defend pos 7,15 tgt 11,13 want EAST
RC POS 201 id 215 seat 5 role raid fs 1 body 1 pos 25,15 stuck 13
RC POS 202 id 5 seat 1 role expand fs 0 body 1 pos 4,19 stuck 4
RC WALK 202 id 5 role expand pos 4,19 tgt 4,20 want CENTRE
RC POS 202 id 7 seat 2 role expand fs 0 body 1 pos 3,20 stuck 1
RC WALK 202 id 7 role expand pos 3,20 tgt 4,20 want CENTRE
RC POS 202 id 29 seat 4 role defend fs 0 body 1 pos 8,15 stuck 0
RC WALK 202 id 29 role defend pos 8,15 tgt 7,16 want WEST
RC POS 202 id 215 seat 5 role raid fs 1 body 1 pos 25,15 stuck 14
RC POS 203 id 5 seat 1 role expand fs 0 body 1 pos 4,19 stuck 5
V528 PICK r 203 id 5 tgt 2,7 cs 17 bs 17 reg 0 cc 1 bc 1 cands 4 banned 0 regall 0 seat 1
RC WALK 203 id 5 role expand pos 4,19 tgt 4,20 want CENTRE
RC POS 203 id 7 seat 2 role expand fs 0 body 1 pos 3,20 stuck 2
RC WALK 203 id 7 role expand pos 3,20 tgt 4,20 want CENTRE
RC POS 203 id 29 seat 4 role defend fs 0 body 1 pos 7,15 stuck 0
RC WALK 203 id 29 role defend pos 7,15 tgt 6,16 want SOUTH
RC POS 203 id 215 seat 5 role raid fs 1 body 1 pos 25,15 stuck 15
RC POS 204 id 5 seat 1 role expand fs 0 body 1 pos 4,19 stuck 1
RC WALK 204 id 5 role expand pos 4,19 tgt 4,20 want CENTRE
RC POS 204 id 7 seat 2 role expand fs 0 body 1 pos 3,20 stuck 3
RC WALK 204 id 7 role expand pos 3,20 tgt 4,20 want CENTRE
RC POS 204 id 29 seat 4 role defend fs 0 body 1 pos 7,16 stuck 0
RC WALK 204 id 29 role defend pos 7,16 tgt 5,16 want WEST
RC POS 204 id 215 seat 5 role raid fs 1 body 1 pos 25,15 stuck 16
RC POS 205 id 5 seat 1 role expand fs 0 body 1 pos 4,19 stuck 2
RC WALK 205 id 5 role expand pos 4,19 tgt 4,20 want CENTRE
RC POS 205 id 7 seat 2 role expand fs 0 body 1 pos 3,20 stuck 4
RC WALK 205 id 7 role expand pos 3,20 tgt 4,20 want CENTRE
RC POS 205 id 29 seat 4 role defend fs 0 body 1 pos 6,16 stuck 0
RC WALK 205 id 29 role defend pos 6,16 tgt 5,15 want WEST
RC POS 205 id 215 seat 5 role raid fs 1 body 1 pos 25,15 stuck 17
RC POS 206 id 5 seat 1 role expand fs 0 body 1 pos 4,19 stuck 3
RC WALK 206 id 5 role expand pos 4,19 tgt 4,20 want CENTRE
RC POS 206 id 7 seat 2 role expand fs 0 body 1 pos 3,20 stuck 5
V528 PICK r 206 id 7 tgt 8,26 cs 41 bs 26 reg 15 cc 10 bc 3 cands 3 banned 0 regall 15 seat 2
RC WALK 206 id 7 role expand pos 3,20 tgt 4,20 want CENTRE
RC POS 206 id 29 seat 4 role defend fs 0 body 1 pos 5,16 stuck 0
RC WALK 206 id 29 role defend pos 5,16 tgt 5,14 want NORTH
RC POS 206 id 215 seat 5 role raid fs 1 body 1 pos 25,15 stuck 18
RC POS 207 id 5 seat 1 role expand fs 0 body 1 pos 4,19 stuck 4
RC WALK 207 id 5 role expand pos 4,19 tgt 4,20 want CENTRE
RC POS 207 id 7 seat 2 role expand fs 0 body 1 pos 3,20 stuck 1
RC WALK 207 id 7 role expand pos 3,20 tgt 4,20 want CENTRE
RC POS 207 id 29 seat 4 role defend fs 0 body 1 pos 5,15 stuck 0
RC WALK 207 id 29 role defend pos 5,15 tgt 5,13 want NORTH
RC POS 207 id 215 seat 5 role raid fs 1 body 1 pos 25,15 stuck 19
RC POS 208 id 5 seat 1 role expand fs 0 body 1 pos 4,19 stuck 5
V528 PICK r 208 id 5 tgt 11,15 cs 41 bs 17 reg 24 cc 10 bc 1 cands 4 banned 0 regall 24 seat 1
RC WALK 208 id 5 role expand pos 4,19 tgt 4,20 want CENTRE
RC POS 208 id 7 seat 2 role expand fs 0 body 1 pos 3,20 stuck 2
RC WALK 208 id 7 role expand pos 3,20 tgt 4,20 want CENTRE
RC POS 208 id 29 seat 4 role defend fs 0 body 1 pos 5,14 stuck 0
RC WALK 208 id 29 role defend pos 5,14 tgt 6,13 want NORTH
RC POS 208 id 215 seat 5 role raid fs 1 body 1 pos 25,15 stuck 20
RC POS 209 id 5 seat 1 role expand fs 0 body 1 pos 4,19 stuck 1
RC WALK 209 id 5 role expand pos 4,19 tgt 4,20 want CENTRE
RC POS 209 id 7 seat 2 role expand fs 0 body 1 pos 3,20 stuck 3
RC WALK 209 id 7 role expand pos 3,20 tgt 4,20 want CENTRE
RC POS 209 id 29 seat 4 role defend fs 0 body 1 pos 5,13 stuck 0
RC WALK 209 id 29 role defend pos 5,13 tgt 7,13 want EAST
RC POS 209 id 215 seat 5 role raid fs 1 body 1 pos 25,15 stuck 21
RC POS 210 id 5 seat 1 role expand fs 0 body 1 pos 4,19 stuck 2
RC WALK 210 id 5 role expand pos 4,19 tgt 4,20 want CENTRE
RC POS 210 id 7 seat 2 role expand fs 0 body 1 pos 3,20 stuck 4
RC WALK 210 id 7 role expand pos 3,20 tgt 4,20 want CENTRE
RC POS 210 id 29 seat 4 role defend fs 0 body 1 pos 6,13 stuck 0
RC WALK 210 id 29 role defend pos 6,13 tgt 7,14 want EAST
RC POS 210 id 215 seat 5 role raid fs 1 body 1 pos 25,15 stuck 22
RC POS 211 id 5 seat 1 role expand fs 0 body 1 pos 4,19 stuck 3
RC WALK 211 id 5 role expand pos 4,19 tgt 4,20 want CENTRE
RC POS 211 id 7 seat 2 role expand fs 0 body 1 pos 3,20 stuck 5
V528 PICK r 211 id 7 tgt 27,7 cs 106 bs 26 reg 80 cc 23 bc 3 cands 3 banned 0 regall 80 seat 2
RC WALK 211 id 7 role expand pos 3,20 tgt 4,20 want CENTRE
RC POS 211 id 29 seat 4 role defend fs 0 body 1 pos 7,13 stuck 0
RC WALK 211 id 29 role defend pos 7,13 tgt 7,15 want SOUTH
RC POS 211 id 215 seat 5 role raid fs 1 body 1 pos 25,15 stuck 23
RC POS 212 id 5 seat 1 role expand fs 0 body 1 pos 4,19 stuck 4
RC WALK 212 id 5 role expand pos 4,19 tgt 4,20 want CENTRE
RC POS 212 id 7 seat 2 role expand fs 0 body 1 pos 3,20 stuck 1
RC WALK 212 id 7 role expand pos 3,20 tgt 4,20 want CENTRE
RC POS 212 id 29 seat 4 role defend fs 0 body 1 pos 7,14 stuck 0
RC WALK 212 id 29 role defend pos 7,14 tgt 7,15 want SOUTH
RC POS 212 id 215 seat 5 role raid fs 1 body 1 pos 25,15 stuck 24
RC POS 213 id 5 seat 1 role expand fs 0 body 1 pos 4,19 stuck 5
V528 PICK r 213 id 5 tgt 18,15 cs 69 bs 17 reg 52 cc 17 bc 1 cands 4 banned 0 regall 52 seat 1
RC WALK 213 id 5 role expand pos 4,19 tgt 4,20 want CENTRE
RC POS 213 id 7 seat 2 role expand fs 0 body 1 pos 3,20 stuck 2
RC WALK 213 id 7 role expand pos 3,20 tgt 4,20 want CENTRE
RC POS 213 id 29 seat 4 role defend fs 0 body 1 pos 7,15 stuck 0
RC WALK 213 id 29 role defend pos 7,15 tgt 8,14 want EAST
RC POS 213 id 215 seat 5 role raid fs 1 body 1 pos 25,15 stuck 25
RC POS 214 id 5 seat 1 role expand fs 0 body 1 pos 4,19 stuck 1
RC WALK 214 id 5 role expand pos 4,19 tgt 4,20 want CENTRE
RC POS 214 id 7 seat 2 role expand fs 0 body 1 pos 3,20 stuck 3
RC WALK 214 id 7 role expand pos 3,20 tgt 4,20 want CENTRE
RC POS 214 id 29 seat 4 role defend fs 0 body 1 pos 8,15 stuck 0
RC WALK 214 id 29 role defend pos 8,15 tgt 8,14 want NORTH
RC POS 214 id 215 seat 5 role raid fs 1 body 1 pos 25,15 stuck 26
RC POS 215 id 5 seat 1 role expand fs 0 body 1 pos 4,19 stuck 2
RC WALK 215 id 5 role expand pos 4,19 tgt 4,20 want CENTRE
RC POS 215 id 7 seat 2 role expand fs 0 body 1 pos 3,20 stuck 4
RC WALK 215 id 7 role expand pos 3,20 tgt 4,20 want CENTRE
RC POS 215 id 29 seat 4 role defend fs 0 body 1 pos 8,14 stuck 0
RC WALK 215 id 29 role defend pos 8,14 tgt 11,13 want EAST
RC POS 215 id 215 seat 5 role raid fs 1 body 1 pos 25,15 stuck 27
RC POS 216 id 5 seat 1 role expand fs 0 body 1 pos 4,19 stuck 3
RC WALK 216 id 5 role expand pos 4,19 tgt 4,20 want CENTRE
RC POS 216 id 7 seat 2 role expand fs 0 body 1 pos 3,20 stuck 5
V528 PICK r 216 id 7 tgt 9,9 cs 26 bs 26 reg 0 cc 3 bc 3 cands 3 banned 0 regall 0 seat 2
RC WALK 216 id 7 role expand pos 3,20 tgt 4,20 want CENTRE
RC POS 216 id 29 seat 4 role defend fs 0 body 1 pos 9,14 stuck 0
RC WALK 216 id 29 role defend pos 9,14 tgt 11,13 want EAST
RC POS 216 id 215 seat 5 role raid fs 1 body 1 pos 25,15 stuck 28
RC POS 217 id 5 seat 1 role expand fs 0 body 1 pos 4,19 stuck 4
RC WALK 217 id 5 role expand pos 4,19 tgt 4,20 want CENTRE
RC POS 217 id 7 seat 2 role expand fs 0 body 1 pos 3,20 stuck 1
RC WALK 217 id 7 role expand pos 3,20 tgt 4,20 want CENTRE
RC POS 217 id 29 seat 4 role defend fs 0 body 1 pos 10,14 stuck 0
RC WALK 217 id 29 role defend pos 10,14 tgt 8,14 want WEST
RC POS 217 id 215 seat 5 role raid fs 1 body 1 pos 25,15 stuck 29
RC POS 218 id 5 seat 1 role expand fs 0 body 1 pos 4,19 stuck 5
V528 PICK r 218 id 5 tgt 21,26 cs 99 bs 17 reg 82 cc 25 bc 1 cands 4 banned 0 regall 82 seat 1
RC WALK 218 id 5 role expand pos 4,19 tgt 4,20 want CENTRE
RC POS 218 id 7 seat 2 role expand fs 0 body 1 pos 3,20 stuck 2
RC WALK 218 id 7 role expand pos 3,20 tgt 4,20 want CENTRE
RC POS 218 id 29 seat 4 role defend fs 0 body 1 pos 9,14 stuck 0
RC WALK 218 id 29 role defend pos 9,14 tgt 8,14 want WEST
RC POS 218 id 215 seat 5 role raid fs 1 body 1 pos 25,15 stuck 30
RC POS 219 id 5 seat 1 role expand fs 0 body 1 pos 4,19 stuck 1
RC WALK 219 id 5 role expand pos 4,19 tgt 4,20 want CENTRE
RC POS 219 id 7 seat 2 role expand fs 0 body 1 pos 3,20 stuck 3
RC WALK 219 id 7 role expand pos 3,20 tgt 4,20 want CENTRE
RC POS 219 id 29 seat 4 role defend fs 0 body 1 pos 8,14 stuck 0
RC WALK 219 id 29 role defend pos 8,14 tgt 11,13 want EAST
RC POS 219 id 215 seat 5 role raid fs 1 body 1 pos 25,15 stuck 31
RC POS 220 id 5 seat 1 role expand fs 0 body 1 pos 4,19 stuck 2
RC WALK 220 id 5 role expand pos 4,19 tgt 4,20 want CENTRE
RC POS 220 id 7 seat 2 role expand fs 0 body 1 pos 3,20 stuck 4
RC WALK 220 id 7 role expand pos 3,20 tgt 4,20 want CENTRE
RC POS 220 id 29 seat 4 role defend fs 0 body 1 pos 9,14 stuck 0
RC WALK 220 id 29 role defend pos 9,14 tgt 11,13 want EAST
RC POS 220 id 215 seat 5 role raid fs 1 body 1 pos 25,15 stuck 32
RC POS 221 id 5 seat 1 role expand fs 0 body 1 pos 4,19 stuck 3
RC WALK 221 id 5 role expand pos 4,19 tgt 4,20 want CENTRE
RC POS 221 id 7 seat 2 role expand fs 0 body 1 pos 3,20 stuck 5
V528 PICK r 221 id 7 tgt 8,26 cs 41 bs 26 reg 15 cc 10 bc 3 cands 3 banned 0 regall 15 seat 2
RC WALK 221 id 7 role expand pos 3,20 tgt 4,20 want CENTRE
RC POS 221 id 29 seat 4 role defend fs 0 body 1 pos 10,14 stuck 0
RC WALK 221 id 29 role defend pos 10,14 tgt 7,15 want WEST
RC POS 221 id 215 seat 5 role raid fs 1 body 1 pos 25,15 stuck 33
RC POS 222 id 5 seat 1 role expand fs 0 body 1 pos 4,19 stuck 4
RC WALK 222 id 5 role expand pos 4,19 tgt 4,20 want CENTRE
RC POS 222 id 7 seat 2 role expand fs 0 body 1 pos 3,20 stuck 1
RC WALK 222 id 7 role expand pos 3,20 tgt 4,20 want CENTRE
RC POS 222 id 29 seat 4 role defend fs 0 body 1 pos 9,14 stuck 0
RC WALK 222 id 29 role defend pos 9,14 tgt 7,16 want WEST
RC POS 222 id 215 seat 5 role raid fs 1 body 1 pos 25,15 stuck 34
RC POS 223 id 5 seat 1 role expand fs 0 body 1 pos 4,19 stuck 5
V528 PICK r 223 id 5 tgt 2,7 cs 17 bs 17 reg 0 cc 1 bc 1 cands 4 banned 0 regall 0 seat 1
RC WALK 223 id 5 role expand pos 4,19 tgt 4,20 want CENTRE
RC POS 223 id 7 seat 2 role expand fs 0 body 1 pos 3,20 stuck 2
RC WALK 223 id 7 role expand pos 3,20 tgt 4,20 want CENTRE
RC POS 223 id 29 seat 4 role defend fs 0 body 1 pos 8,14 stuck 0
RC WALK 223 id 29 role defend pos 8,14 tgt 6,16 want WEST
RC POS 223 id 215 seat 5 role raid fs 1 body 1 pos 25,15 stuck 35
RC POS 224 id 5 seat 1 role expand fs 0 body 1 pos 4,19 stuck 1
RC WALK 224 id 5 role expand pos 4,19 tgt 4,20 want CENTRE
RC POS 224 id 7 seat 2 role expand fs 0 body 1 pos 3,20 stuck 3
RC WALK 224 id 7 role expand pos 3,20 tgt 4,20 want CENTRE
RC POS 224 id 29 seat 4 role defend fs 0 body 1 pos 7,14 stuck 0
RC WALK 224 id 29 role defend pos 7,14 tgt 5,16 want SOUTH
RC POS 224 id 215 seat 5 role raid fs 1 body 1 pos 25,15 stuck 36
RC POS 225 id 5 seat 1 role expand fs 0 body 1 pos 4,19 stuck 2
RC WALK 225 id 5 role expand pos 4,19 tgt 4,20 want CENTRE
RC POS 225 id 7 seat 2 role expand fs 0 body 1 pos 3,20 stuck 4
RC WALK 225 id 7 role expand pos 3,20 tgt 4,20 want CENTRE
RC POS 225 id 29 seat 4 role defend fs 0 body 1 pos 7,15 stuck 0
RC WALK 225 id 29 role defend pos 7,15 tgt 5,16 want SOUTH
RC POS 225 id 215 seat 5 role raid fs 1 body 1 pos 25,15 stuck 37
RC POS 226 id 5 seat 1 role expand fs 0 body 1 pos 4,19 stuck 3
RC WALK 226 id 5 role expand pos 4,19 tgt 4,20 want CENTRE
RC POS 226 id 7 seat 2 role expand fs 0 body 1 pos 3,20 stuck 5
V528 PICK r 226 id 7 tgt 27,7 cs 106 bs 26 reg 80 cc 23 bc 3 cands 3 banned 0 regall 80 seat 2
RC WALK 226 id 7 role expand pos 3,20 tgt 4,20 want CENTRE
RC POS 226 id 29 seat 4 role defend fs 0 body 1 pos 7,16 stuck 0
RC WALK 226 id 29 role defend pos 7,16 tgt 5,15 want WEST
RC POS 226 id 215 seat 5 role raid fs 1 body 1 pos 25,15 stuck 38
RC POS 227 id 5 seat 1 role expand fs 0 body 1 pos 4,19 stuck 4
RC WALK 227 id 5 role expand pos 4,19 tgt 4,20 want CENTRE
RC POS 227 id 7 seat 2 role expand fs 0 body 1 pos 3,20 stuck 1
RC WALK 227 id 7 role expand pos 3,20 tgt 4,20 want CENTRE
RC POS 227 id 29 seat 4 role defend fs 0 body 1 pos 6,16 stuck 0
RC WALK 227 id 29 role defend pos 6,16 tgt 5,15 want WEST
RC POS 227 id 215 seat 5 role raid fs 1 body 1 pos 25,15 stuck 39
RC POS 228 id 5 seat 1 role expand fs 0 body 1 pos 4,19 stuck 5
V528 PICK r 228 id 5 tgt 11,15 cs 41 bs 17 reg 24 cc 10 bc 1 cands 4 banned 0 regall 24 seat 1
RC WALK 228 id 5 role expand pos 4,19 tgt 4,20 want CENTRE
RC POS 228 id 7 seat 2 role expand fs 0 body 1 pos 3,20 stuck 2
RC WALK 228 id 7 role expand pos 3,20 tgt 4,20 want CENTRE
RC POS 228 id 29 seat 4 role defend fs 0 body 1 pos 5,16 stuck 0
RC WALK 228 id 29 role defend pos 5,16 tgt 2,13 want NORTH
RC POS 228 id 215 seat 5 role raid fs 1 body 1 pos 25,15 stuck 40
RC POS 229 id 5 seat 1 role expand fs 0 body 1 pos 4,19 stuck 1
RC WALK 229 id 5 role expand pos 4,19 tgt 4,20 want CENTRE
RC POS 229 id 7 seat 2 role expand fs 0 body 1 pos 3,20 stuck 3
RC WALK 229 id 7 role expand pos 3,20 tgt 4,20 want CENTRE
RC POS 229 id 29 seat 4 role defend fs 0 body 1 pos 5,15 stuck 0
RC WALK 229 id 29 role defend pos 5,15 tgt 2,13 want NORTH
RC POS 229 id 215 seat 5 role raid fs 1 body 1 pos 25,15 stuck 41
RC POS 230 id 5 seat 1 role expand fs 0 body 1 pos 4,19 stuck 2
RC WALK 230 id 5 role expand pos 4,19 tgt 4,20 want CENTRE
RC POS 230 id 7 seat 2 role expand fs 0 body 1 pos 3,20 stuck 4
RC WALK 230 id 7 role expand pos 3,20 tgt 4,20 want CENTRE
RC POS 230 id 29 seat 4 role defend fs 0 body 1 pos 5,14 stuck 0
RC WALK 230 id 29 role defend pos 5,14 tgt 2,13 want NORTH
RC POS 230 id 215 seat 5 role raid fs 1 body 1 pos 25,15 stuck 42
RC POS 231 id 5 seat 1 role expand fs 0 body 1 pos 4,19 stuck 3
RC WALK 231 id 5 role expand pos 4,19 tgt 4,20 want CENTRE
RC POS 231 id 7 seat 2 role expand fs 0 body 1 pos 3,20 stuck 5
V528 PICK r 231 id 7 tgt 9,9 cs 26 bs 26 reg 0 cc 3 bc 3 cands 3 banned 0 regall 0 seat 2
RC WALK 231 id 7 role expand pos 3,20 tgt 4,20 want CENTRE
RC POS 231 id 29 seat 4 role defend fs 0 body 1 pos 5,13 stuck 0
RC WALK 231 id 29 role defend pos 5,13 tgt 2,13 want EAST
RC POS 231 id 215 seat 5 role raid fs 1 body 1 pos 25,15 stuck 43
RC POS 232 id 5 seat 1 role expand fs 0 body 1 pos 4,19 stuck 4
RC WALK 232 id 5 role expand pos 4,19 tgt 4,20 want CENTRE
RC POS 232 id 7 seat 2 role expand fs 0 body 1 pos 3,20 stuck 1
RC WALK 232 id 7 role expand pos 3,20 tgt 4,20 want CENTRE
RC POS 232 id 29 seat 4 role defend fs 0 body 1 pos 6,13 stuck 0
RC WALK 232 id 29 role defend pos 6,13 tgt 2,13 want EAST
RC POS 232 id 215 seat 5 role raid fs 1 body 1 pos 25,15 stuck 44
RC POS 233 id 5 seat 1 role expand fs 0 body 1 pos 4,19 stuck 5
V528 PICK r 233 id 5 tgt 18,15 cs 69 bs 17 reg 52 cc 17 bc 1 cands 4 banned 0 regall 52 seat 1
RC WALK 233 id 5 role expand pos 4,19 tgt 4,20 want CENTRE
RC POS 233 id 7 seat 2 role expand fs 0 body 1 pos 3,20 stuck 2
RC WALK 233 id 7 role expand pos 3,20 tgt 4,20 want CENTRE
RC POS 233 id 29 seat 4 role defend fs 0 body 1 pos 7,13 stuck 0
RC WALK 233 id 29 role defend pos 7,13 tgt 2,13 want SOUTH
RC POS 233 id 215 seat 5 role raid fs 1 body 1 pos 25,15 stuck 45
RC POS 234 id 5 seat 1 role expand fs 0 body 1 pos 4,19 stuck 1
RC WALK 234 id 5 role expand pos 4,19 tgt 4,20 want CENTRE
RC POS 234 id 7 seat 2 role expand fs 0 body 1 pos 3,20 stuck 3
RC WALK 234 id 7 role expand pos 3,20 tgt 4,20 want CENTRE
RC POS 234 id 29 seat 4 role defend fs 0 body 1 pos 7,14 stuck 0
RC WALK 234 id 29 role defend pos 7,14 tgt 2,13 want SOUTH
RC POS 234 id 215 seat 5 role raid fs 1 body 1 pos 25,15 stuck 46
RC POS 235 id 5 seat 1 role expand fs 0 body 1 pos 4,19 stuck 2
RC WALK 235 id 5 role expand pos 4,19 tgt 4,20 want CENTRE
RC POS 235 id 7 seat 2 role expand fs 0 body 1 pos 3,20 stuck 4
RC WALK 235 id 7 role expand pos 3,20 tgt 4,20 want CENTRE
RC POS 235 id 29 seat 4 role defend fs 0 body 1 pos 7,15 stuck 0
RC WALK 235 id 29 role defend pos 7,15 tgt 2,13 want NORTH
RC POS 235 id 215 seat 5 role raid fs 1 body 1 pos 25,15 stuck 47
RC POS 236 id 5 seat 1 role expand fs 0 body 1 pos 4,19 stuck 3
RC WALK 236 id 5 role expand pos 4,19 tgt 4,20 want CENTRE
RC POS 236 id 7 seat 2 role expand fs 0 body 1 pos 3,20 stuck 5
V528 PICK r 236 id 7 tgt 8,26 cs 41 bs 26 reg 15 cc 10 bc 3 cands 3 banned 0 regall 15 seat 2
RC WALK 236 id 7 role expand pos 3,20 tgt 4,20 want CENTRE
RC POS 236 id 29 seat 4 role defend fs 0 body 1 pos 7,14 stuck 0
RC WALK 236 id 29 role defend pos 7,14 tgt 2,13 want SOUTH
RC POS 236 id 215 seat 5 role raid fs 1 body 1 pos 25,15 stuck 48
RC POS 237 id 5 seat 1 role expand fs 0 body 1 pos 4,19 stuck 4
RC WALK 237 id 5 role expand pos 4,19 tgt 4,20 want CENTRE
RC POS 237 id 7 seat 2 role expand fs 0 body 1 pos 3,20 stuck 1
RC WALK 237 id 7 role expand pos 3,20 tgt 4,20 want CENTRE
RC POS 237 id 29 seat 4 role defend fs 0 body 1 pos 7,15 stuck 0
RC WALK 237 id 29 role defend pos 7,15 tgt 2,13 want NORTH
RC POS 237 id 215 seat 5 role raid fs 1 body 1 pos 25,15 stuck 49
RC POS 238 id 5 seat 1 role expand fs 0 body 1 pos 4,19 stuck 5
V528 PICK r 238 id 5 tgt 21,26 cs 99 bs 17 reg 82 cc 25 bc 1 cands 4 banned 0 regall 82 seat 1
RC WALK 238 id 5 role expand pos 4,19 tgt 4,20 want CENTRE
RC POS 238 id 7 seat 2 role expand fs 0 body 1 pos 3,20 stuck 2
RC WALK 238 id 7 role expand pos 3,20 tgt 4,20 want CENTRE
RC POS 238 id 29 seat 4 role defend fs 0 body 1 pos 7,14 stuck 0
RC WALK 238 id 29 role defend pos 7,14 tgt 2,13 want SOUTH
RC POS 238 id 215 seat 5 role raid fs 1 body 1 pos 25,15 stuck 50
RC POS 239 id 5 seat 1 role expand fs 0 body 1 pos 4,19 stuck 1
RC WALK 239 id 5 role expand pos 4,19 tgt 4,20 want CENTRE
RC POS 239 id 7 seat 2 role expand fs 0 body 1 pos 3,20 stuck 3
RC WALK 239 id 7 role expand pos 3,20 tgt 4,20 want CENTRE
RC POS 239 id 29 seat 4 role defend fs 0 body 1 pos 7,15 stuck 0
RC WALK 239 id 29 role defend pos 7,15 tgt 2,13 want NORTH
RC POS 239 id 215 seat 5 role raid fs 1 body 1 pos 25,15 stuck 51
RC POS 240 id 5 seat 1 role expand fs 0 body 1 pos 4,19 stuck 2
RC WALK 240 id 5 role expand pos 4,19 tgt 4,20 want CENTRE
RC POS 240 id 7 seat 2 role expand fs 0 body 1 pos 3,20 stuck 4
RC WALK 240 id 7 role expand pos 3,20 tgt 4,20 want CENTRE
RC POS 240 id 29 seat 4 role defend fs 0 body 1 pos 7,14 stuck 0
RC WALK 240 id 29 role defend pos 7,14 tgt 2,13 want SOUTH
RC POS 240 id 215 seat 5 role raid fs 1 body 1 pos 25,15 stuck 52
RC POS 241 id 5 seat 1 role expand fs 0 body 1 pos 4,19 stuck 3
RC WALK 241 id 5 role expand pos 4,19 tgt 4,20 want CENTRE
RC POS 241 id 7 seat 2 role expand fs 0 body 1 pos 3,20 stuck 5
V528 PICK r 241 id 7 tgt 27,7 cs 106 bs 26 reg 80 cc 23 bc 3 cands 3 banned 0 regall 80 seat 2
RC WALK 241 id 7 role expand pos 3,20 tgt 4,20 want CENTRE
RC POS 241 id 29 seat 4 role defend fs 0 body 1 pos 7,15 stuck 0
RC WALK 241 id 29 role defend pos 7,15 tgt 2,13 want NORTH
RC POS 241 id 215 seat 5 role raid fs 1 body 1 pos 25,15 stuck 53
RC POS 242 id 5 seat 1 role expand fs 0 body 1 pos 4,19 stuck 4
RC WALK 242 id 5 role expand pos 4,19 tgt 4,20 want CENTRE
RC POS 242 id 7 seat 2 role expand fs 0 body 1 pos 3,20 stuck 1
RC WALK 242 id 7 role expand pos 3,20 tgt 4,20 want CENTRE
RC POS 242 id 29 seat 4 role defend fs 0 body 1 pos 7,14 stuck 0
RC WALK 242 id 29 role defend pos 7,14 tgt 2,13 want SOUTH
RC POS 242 id 215 seat 5 role raid fs 1 body 1 pos 25,15 stuck 54
RC POS 243 id 5 seat 1 role expand fs 0 body 1 pos 4,19 stuck 5
V528 PICK r 243 id 5 tgt 2,7 cs 17 bs 17 reg 0 cc 1 bc 1 cands 4 banned 0 regall 0 seat 1
RC WALK 243 id 5 role expand pos 4,19 tgt 4,20 want CENTRE
RC POS 243 id 7 seat 2 role expand fs 0 body 1 pos 3,20 stuck 2
RC WALK 243 id 7 role expand pos 3,20 tgt 4,20 want CENTRE
RC POS 243 id 29 seat 4 role defend fs 0 body 1 pos 7,15 stuck 0
RC WALK 243 id 29 role defend pos 7,15 tgt 2,13 want NORTH
RC POS 243 id 215 seat 5 role raid fs 1 body 1 pos 25,15 stuck 55
RC POS 244 id 5 seat 1 role expand fs 0 body 1 pos 4,19 stuck 1
RC WALK 244 id 5 role expand pos 4,19 tgt 4,20 want CENTRE
RC POS 244 id 7 seat 2 role expand fs 0 body 1 pos 3,20 stuck 3
RC WALK 244 id 7 role expand pos 3,20 tgt 4,20 want CENTRE
RC POS 244 id 29 seat 4 role defend fs 0 body 1 pos 7,14 stuck 0
RC WALK 244 id 29 role defend pos 7,14 tgt 2,13 want SOUTH
RC POS 244 id 215 seat 5 role raid fs 1 body 1 pos 25,15 stuck 56
RC POS 245 id 5 seat 1 role expand fs 0 body 1 pos 4,19 stuck 2
RC WALK 245 id 5 role expand pos 4,19 tgt 4,20 want CENTRE
RC POS 245 id 7 seat 2 role expand fs 0 body 1 pos 3,20 stuck 4
RC WALK 245 id 7 role expand pos 3,20 tgt 4,20 want CENTRE
RC POS 245 id 29 seat 4 role defend fs 0 body 1 pos 7,15 stuck 0
RC WALK 245 id 29 role defend pos 7,15 tgt 2,13 want NORTH
RC POS 245 id 215 seat 5 role raid fs 1 body 1 pos 25,15 stuck 57
RC POS 246 id 5 seat 1 role expand fs 0 body 1 pos 4,19 stuck 3
RC WALK 246 id 5 role expand pos 4,19 tgt 4,20 want CENTRE
RC POS 246 id 7 seat 2 role expand fs 0 body 1 pos 3,20 stuck 5
V528 PICK r 246 id 7 tgt 9,9 cs 26 bs 26 reg 0 cc 3 bc 3 cands 3 banned 0 regall 0 seat 2
RC WALK 246 id 7 role expand pos 3,20 tgt 4,20 want CENTRE
RC POS 246 id 29 seat 4 role defend fs 0 body 1 pos 7,14 stuck 0
RC WALK 246 id 29 role defend pos 7,14 tgt 2,13 want SOUTH
RC POS 246 id 215 seat 5 role raid fs 1 body 1 pos 25,15 stuck 58
RC POS 247 id 5 seat 1 role expand fs 0 body 1 pos 4,19 stuck 4
RC WALK 247 id 5 role expand pos 4,19 tgt 4,20 want CENTRE
RC POS 247 id 7 seat 2 role expand fs 0 body 1 pos 3,20 stuck 1
RC WALK 247 id 7 role expand pos 3,20 tgt 4,20 want CENTRE
RC POS 247 id 29 seat 4 role defend fs 0 body 1 pos 7,15 stuck 0
RC WALK 247 id 29 role defend pos 7,15 tgt 2,13 want NORTH
RC POS 247 id 215 seat 5 role raid fs 1 body 1 pos 25,15 stuck 59
RC POS 248 id 5 seat 1 role expand fs 0 body 1 pos 4,19 stuck 5
V528 PICK r 248 id 5 tgt 11,15 cs 41 bs 17 reg 24 cc 10 bc 1 cands 4 banned 0 regall 24 seat 1
RC WALK 248 id 5 role expand pos 4,19 tgt 4,20 want CENTRE
RC POS 248 id 7 seat 2 role expand fs 0 body 1 pos 3,20 stuck 2
RC WALK 248 id 7 role expand pos 3,20 tgt 4,20 want CENTRE
RC POS 248 id 29 seat 4 role defend fs 0 body 1 pos 7,14 stuck 0
RC WALK 248 id 29 role defend pos 7,14 tgt 2,13 want SOUTH
RC POS 248 id 215 seat 5 role raid fs 1 body 1 pos 25,15 stuck 60
RC POS 249 id 5 seat 1 role expand fs 0 body 1 pos 4,19 stuck 1
RC WALK 249 id 5 role expand pos 4,19 tgt 4,20 want CENTRE
RC POS 249 id 7 seat 2 role expand fs 0 body 1 pos 3,20 stuck 3
RC WALK 249 id 7 role expand pos 3,20 tgt 4,20 want CENTRE
RC POS 249 id 29 seat 4 role defend fs 0 body 1 pos 7,15 stuck 0
RC WALK 249 id 29 role defend pos 7,15 tgt 2,13 want NORTH
RC POS 249 id 215 seat 5 role raid fs 1 body 1 pos 25,15 stuck 61
RC POS 250 id 5 seat 1 role expand fs 0 body 1 pos 4,19 stuck 2
RC WALK 250 id 5 role expand pos 4,19 tgt 4,20 want CENTRE
RC POS 250 id 7 seat 2 role expand fs 0 body 1 pos 3,20 stuck 4
RC WALK 250 id 7 role expand pos 3,20 tgt 4,20 want CENTRE
RC POS 250 id 29 seat 4 role defend fs 0 body 1 pos 7,14 stuck 0
RC WALK 250 id 29 role defend pos 7,14 tgt 2,13 want SOUTH
RC POS 250 id 215 seat 5 role raid fs 1 body 1 pos 25,15 stuck 62
RC WALK 250 id 215 role raid pos 25,15 tgt 26,16 want WEST
RC POS 251 id 5 seat 1 role expand fs 0 body 1 pos 4,19 stuck 3
RC WALK 251 id 5 role expand pos 4,19 tgt 4,20 want CENTRE
RC POS 251 id 7 seat 2 role expand fs 0 body 1 pos 3,20 stuck 5
V528 PICK r 251 id 7 tgt 8,26 cs 41 bs 26 reg 15 cc 10 bc 3 cands 3 banned 0 regall 15 seat 2
RC WALK 251 id 7 role expand pos 3,20 tgt 4,20 want CENTRE
RC POS 251 id 29 seat 4 role defend fs 0 body 1 pos 7,15 stuck 0
RC WALK 251 id 29 role defend pos 7,15 tgt 2,13 want NORTH
RC POS 251 id 215 seat 5 role raid fs 1 body 1 pos 24,15 stuck 0
RC WALK 251 id 215 role raid pos 24,15 tgt 25,15 want EAST
RC POS 252 id 5 seat 1 role expand fs 0 body 1 pos 4,19 stuck 4
RC WALK 252 id 5 role expand pos 4,19 tgt 4,20 want CENTRE
RC POS 252 id 7 seat 2 role expand fs 0 body 1 pos 3,20 stuck 1
RC WALK 252 id 7 role expand pos 3,20 tgt 4,20 want CENTRE
RC POS 252 id 29 seat 4 role defend fs 0 body 1 pos 7,14 stuck 0
RC WALK 252 id 29 role defend pos 7,14 tgt 2,13 want SOUTH
RC POS 252 id 215 seat 5 role raid fs 1 body 1 pos 25,15 stuck 0
RC POS 253 id 5 seat 1 role expand fs 0 body 1 pos 4,19 stuck 5
V528 PICK r 253 id 5 tgt 18,15 cs 69 bs 17 reg 52 cc 17 bc 1 cands 4 banned 0 regall 52 seat 1
RC WALK 253 id 5 role expand pos 4,19 tgt 4,20 want CENTRE
RC POS 253 id 7 seat 2 role expand fs 0 body 1 pos 3,20 stuck 2
RC WALK 253 id 7 role expand pos 3,20 tgt 4,20 want CENTRE
RC POS 253 id 29 seat 4 role defend fs 0 body 1 pos 7,15 stuck 0
RC WALK 253 id 29 role defend pos 7,15 tgt 2,13 want NORTH
RC POS 253 id 215 seat 5 role raid fs 1 body 1 pos 25,15 stuck 1
RC POS 254 id 5 seat 1 role expand fs 0 body 1 pos 4,19 stuck 1
RC WALK 254 id 5 role expand pos 4,19 tgt 4,20 want CENTRE
RC POS 254 id 7 seat 2 role expand fs 0 body 1 pos 3,20 stuck 3
RC WALK 254 id 7 role expand pos 3,20 tgt 4,20 want CENTRE
RC POS 254 id 29 seat 4 role defend fs 0 body 1 pos 7,14 stuck 0
RC WALK 254 id 29 role defend pos 7,14 tgt 2,13 want SOUTH
RC POS 254 id 215 seat 5 role raid fs 1 body 1 pos 25,15 stuck 2
RC POS 255 id 5 seat 1 role expand fs 0 body 1 pos 4,19 stuck 2
RC WALK 255 id 5 role expand pos 4,19 tgt 4,20 want CENTRE
RC POS 255 id 7 seat 2 role expand fs 0 body 1 pos 3,20 stuck 4
RC WALK 255 id 7 role expand pos 3,20 tgt 4,20 want CENTRE
RC POS 255 id 29 seat 4 role defend fs 0 body 1 pos 7,15 stuck 0
RC WALK 255 id 29 role defend pos 7,15 tgt 2,13 want NORTH
RC POS 255 id 215 seat 5 role raid fs 1 body 1 pos 25,15 stuck 3
RC POS 256 id 5 seat 1 role expand fs 0 body 1 pos 4,19 stuck 3
RC WALK 256 id 5 role expand pos 4,19 tgt 4,20 want CENTRE
RC POS 256 id 7 seat 2 role expand fs 0 body 1 pos 3,20 stuck 5
V528 PICK r 256 id 7 tgt 27,7 cs 106 bs 26 reg 80 cc 23 bc 3 cands 3 banned 0 regall 80 seat 2
RC WALK 256 id 7 role expand pos 3,20 tgt 4,20 want CENTRE
RC POS 256 id 29 seat 4 role defend fs 0 body 1 pos 7,14 stuck 0
RC WALK 256 id 29 role defend pos 7,14 tgt 2,13 want SOUTH
RC POS 256 id 215 seat 5 role raid fs 1 body 1 pos 25,15 stuck 4
RC POS 257 id 5 seat 1 role expand fs 0 body 1 pos 4,19 stuck 4
RC WALK 257 id 5 role expand pos 4,19 tgt 4,20 want CENTRE
RC POS 257 id 7 seat 2 role expand fs 0 body 1 pos 3,20 stuck 1
RC WALK 257 id 7 role expand pos 3,20 tgt 4,20 want CENTRE
RC POS 257 id 29 seat 4 role defend fs 0 body 1 pos 7,15 stuck 0
RC WALK 257 id 29 role defend pos 7,15 tgt 2,13 want NORTH
RC POS 257 id 215 seat 5 role raid fs 1 body 1 pos 25,15 stuck 5
RC POS 258 id 5 seat 1 role expand fs 0 body 1 pos 4,19 stuck 5
V528 PICK r 258 id 5 tgt 21,26 cs 99 bs 17 reg 82 cc 25 bc 1 cands 4 banned 0 regall 82 seat 1
RC WALK 258 id 5 role expand pos 4,19 tgt 4,20 want CENTRE
RC POS 258 id 7 seat 2 role expand fs 0 body 1 pos 3,20 stuck 2
RC WALK 258 id 7 role expand pos 3,20 tgt 4,20 want CENTRE
RC POS 258 id 29 seat 4 role defend fs 0 body 1 pos 7,14 stuck 0
RC WALK 258 id 29 role defend pos 7,14 tgt 2,13 want SOUTH
RC POS 258 id 215 seat 5 role raid fs 1 body 1 pos 25,15 stuck 6
RC POS 259 id 5 seat 1 role expand fs 0 body 1 pos 4,19 stuck 1
RC WALK 259 id 5 role expand pos 4,19 tgt 4,20 want CENTRE
RC POS 259 id 7 seat 2 role expand fs 0 body 1 pos 3,20 stuck 3
RC WALK 259 id 7 role expand pos 3,20 tgt 4,20 want CENTRE
RC POS 259 id 29 seat 4 role defend fs 0 body 1 pos 7,15 stuck 0
RC WALK 259 id 29 role defend pos 7,15 tgt 2,13 want NORTH
RC POS 259 id 215 seat 5 role raid fs 1 body 1 pos 25,15 stuck 7
RC POS 260 id 5 seat 1 role expand fs 0 body 1 pos 4,19 stuck 2
RC WALK 260 id 5 role expand pos 4,19 tgt 4,20 want CENTRE
RC POS 260 id 7 seat 2 role expand fs 0 body 1 pos 3,20 stuck 4
RC WALK 260 id 7 role expand pos 3,20 tgt 4,20 want CENTRE
RC POS 260 id 29 seat 4 role defend fs 0 body 1 pos 7,14 stuck 0
RC WALK 260 id 29 role defend pos 7,14 tgt 2,13 want SOUTH
RC POS 260 id 215 seat 5 role raid fs 1 body 1 pos 25,15 stuck 8
RC POS 261 id 5 seat 1 role expand fs 0 body 1 pos 4,19 stuck 3
RC WALK 261 id 5 role expand pos 4,19 tgt 4,20 want CENTRE
RC POS 261 id 7 seat 2 role expand fs 0 body 1 pos 3,20 stuck 5
V528 PICK r 261 id 7 tgt 9,9 cs 26 bs 26 reg 0 cc 3 bc 3 cands 3 banned 0 regall 0 seat 2
RC WALK 261 id 7 role expand pos 3,20 tgt 4,20 want CENTRE
RC POS 261 id 29 seat 4 role defend fs 0 body 1 pos 7,15 stuck 0
RC WALK 261 id 29 role defend pos 7,15 tgt 2,13 want NORTH
RC POS 261 id 215 seat 5 role raid fs 1 body 1 pos 25,15 stuck 9
RC POS 262 id 5 seat 1 role expand fs 0 body 1 pos 4,19 stuck 4
RC WALK 262 id 5 role expand pos 4,19 tgt 4,20 want CENTRE
RC POS 262 id 7 seat 2 role expand fs 0 body 1 pos 3,20 stuck 1
RC WALK 262 id 7 role expand pos 3,20 tgt 4,20 want CENTRE
RC POS 262 id 29 seat 4 role defend fs 0 body 1 pos 7,14 stuck 0
RC WALK 262 id 29 role defend pos 7,14 tgt 2,13 want SOUTH
RC POS 262 id 215 seat 5 role raid fs 1 body 1 pos 25,15 stuck 10
RC POS 263 id 5 seat 1 role expand fs 0 body 1 pos 4,19 stuck 5
V528 PICK r 263 id 5 tgt 2,7 cs 17 bs 17 reg 0 cc 1 bc 1 cands 4 banned 0 regall 0 seat 1
RC WALK 263 id 5 role expand pos 4,19 tgt 4,20 want CENTRE
RC POS 263 id 7 seat 2 role expand fs 0 body 1 pos 3,20 stuck 2
RC WALK 263 id 7 role expand pos 3,20 tgt 4,20 want CENTRE
RC POS 263 id 29 seat 4 role defend fs 0 body 1 pos 7,15 stuck 0
RC WALK 263 id 29 role defend pos 7,15 tgt 2,13 want NORTH
RC POS 263 id 215 seat 5 role raid fs 1 body 1 pos 25,15 stuck 11
RC POS 264 id 5 seat 1 role expand fs 0 body 1 pos 4,19 stuck 1
RC WALK 264 id 5 role expand pos 4,19 tgt 4,20 want CENTRE
RC POS 264 id 7 seat 2 role expand fs 0 body 1 pos 3,20 stuck 3
RC WALK 264 id 7 role expand pos 3,20 tgt 4,20 want CENTRE
RC POS 264 id 29 seat 4 role defend fs 0 body 1 pos 7,14 stuck 0
RC WALK 264 id 29 role defend pos 7,14 tgt 2,13 want SOUTH
RC POS 264 id 215 seat 5 role raid fs 1 body 1 pos 25,15 stuck 12
RC POS 265 id 5 seat 1 role expand fs 0 body 1 pos 4,19 stuck 2
RC WALK 265 id 5 role expand pos 4,19 tgt 4,20 want CENTRE
RC POS 265 id 7 seat 2 role expand fs 0 body 1 pos 3,20 stuck 4
RC WALK 265 id 7 role expand pos 3,20 tgt 4,20 want CENTRE
RC POS 265 id 29 seat 4 role defend fs 0 body 1 pos 7,15 stuck 0
RC WALK 265 id 29 role defend pos 7,15 tgt 2,13 want NORTH
RC POS 265 id 215 seat 5 role raid fs 1 body 1 pos 25,15 stuck 13
RC POS 266 id 5 seat 1 role expand fs 0 body 1 pos 4,19 stuck 3
RC WALK 266 id 5 role expand pos 4,19 tgt 4,20 want CENTRE
RC POS 266 id 7 seat 2 role expand fs 0 body 1 pos 3,20 stuck 5
V528 PICK r 266 id 7 tgt 8,26 cs 41 bs 26 reg 15 cc 10 bc 3 cands 3 banned 0 regall 15 seat 2
RC WALK 266 id 7 role expand pos 3,20 tgt 4,20 want CENTRE
RC POS 266 id 29 seat 4 role defend fs 0 body 1 pos 7,14 stuck 0
RC WALK 266 id 29 role defend pos 7,14 tgt 2,13 want SOUTH
RC POS 266 id 215 seat 5 role raid fs 1 body 1 pos 25,15 stuck 14
RC POS 267 id 5 seat 1 role expand fs 0 body 1 pos 4,19 stuck 4
RC WALK 267 id 5 role expand pos 4,19 tgt 4,20 want CENTRE
RC POS 267 id 7 seat 2 role expand fs 0 body 1 pos 3,20 stuck 1
RC WALK 267 id 7 role expand pos 3,20 tgt 4,20 want CENTRE
RC POS 267 id 29 seat 4 role defend fs 0 body 1 pos 7,15 stuck 0
RC WALK 267 id 29 role defend pos 7,15 tgt 2,13 want NORTH
RC POS 267 id 215 seat 5 role raid fs 1 body 1 pos 25,15 stuck 15
RC POS 268 id 5 seat 1 role expand fs 0 body 1 pos 4,19 stuck 5
V528 PICK r 268 id 5 tgt 11,15 cs 41 bs 17 reg 24 cc 10 bc 1 cands 4 banned 0 regall 24 seat 1
RC WALK 268 id 5 role expand pos 4,19 tgt 4,20 want CENTRE
RC POS 268 id 7 seat 2 role expand fs 0 body 1 pos 3,20 stuck 2
RC WALK 268 id 7 role expand pos 3,20 tgt 4,20 want CENTRE
RC POS 268 id 29 seat 4 role defend fs 0 body 1 pos 7,14 stuck 0
RC WALK 268 id 29 role defend pos 7,14 tgt 2,13 want SOUTH
RC POS 268 id 215 seat 5 role raid fs 1 body 1 pos 25,15 stuck 16
RC POS 269 id 5 seat 1 role expand fs 0 body 1 pos 4,19 stuck 1
RC WALK 269 id 5 role expand pos 4,19 tgt 4,20 want CENTRE
RC POS 269 id 7 seat 2 role expand fs 0 body 1 pos 3,20 stuck 3
RC WALK 269 id 7 role expand pos 3,20 tgt 4,20 want CENTRE
RC POS 269 id 29 seat 4 role defend fs 0 body 1 pos 7,15 stuck 0
RC WALK 269 id 29 role defend pos 7,15 tgt 2,13 want NORTH
RC POS 269 id 215 seat 5 role raid fs 1 body 1 pos 25,15 stuck 17
RC POS 270 id 5 seat 1 role expand fs 0 body 1 pos 4,19 stuck 2
RC WALK 270 id 5 role expand pos 4,19 tgt 4,20 want CENTRE
RC POS 270 id 7 seat 2 role expand fs 0 body 1 pos 3,20 stuck 4
RC WALK 270 id 7 role expand pos 3,20 tgt 4,20 want CENTRE
RC POS 270 id 29 seat 4 role defend fs 0 body 1 pos 7,14 stuck 0
RC WALK 270 id 29 role defend pos 7,14 tgt 2,13 want SOUTH
RC POS 270 id 215 seat 5 role raid fs 1 body 1 pos 25,15 stuck 18
RC POS 271 id 5 seat 1 role expand fs 0 body 1 pos 4,19 stuck 3
RC WALK 271 id 5 role expand pos 4,19 tgt 4,20 want CENTRE
RC POS 271 id 7 seat 2 role expand fs 0 body 1 pos 3,20 stuck 5
V528 PICK r 271 id 7 tgt 27,7 cs 106 bs 26 reg 80 cc 23 bc 3 cands 3 banned 0 regall 80 seat 2
RC WALK 271 id 7 role expand pos 3,20 tgt 4,20 want CENTRE
RC POS 271 id 29 seat 4 role defend fs 0 body 1 pos 7,15 stuck 0
RC WALK 271 id 29 role defend pos 7,15 tgt 2,13 want NORTH
RC POS 271 id 215 seat 5 role raid fs 1 body 1 pos 25,15 stuck 19
RC POS 272 id 5 seat 1 role expand fs 0 body 1 pos 4,19 stuck 4
RC WALK 272 id 5 role expand pos 4,19 tgt 4,20 want CENTRE
RC POS 272 id 7 seat 2 role expand fs 0 body 1 pos 3,20 stuck 1
RC WALK 272 id 7 role expand pos 3,20 tgt 4,20 want CENTRE
RC POS 272 id 29 seat 4 role defend fs 0 body 1 pos 7,14 stuck 0
RC WALK 272 id 29 role defend pos 7,14 tgt 3,16 want SOUTH
RC POS 272 id 215 seat 5 role raid fs 1 body 1 pos 25,15 stuck 20
RC POS 273 id 5 seat 1 role expand fs 0 body 1 pos 4,19 stuck 5
V528 PICK r 273 id 5 tgt 18,15 cs 69 bs 17 reg 52 cc 17 bc 1 cands 4 banned 0 regall 52 seat 1
RC WALK 273 id 5 role expand pos 4,19 tgt 4,20 want CENTRE
RC POS 273 id 7 seat 2 role expand fs 0 body 1 pos 3,20 stuck 2
RC WALK 273 id 7 role expand pos 3,20 tgt 3,16 want NORTH
RC POS 273 id 29 seat 4 role defend fs 0 body 1 pos 7,15 stuck 0
RC WALK 273 id 29 role defend pos 7,15 tgt 3,16 want SOUTH
RC POS 273 id 215 seat 5 role raid fs 1 body 1 pos 25,15 stuck 21
RC POS 274 id 5 seat 1 role expand fs 0 body 1 pos 4,19 stuck 1
RC WALK 274 id 5 role expand pos 4,19 tgt 4,20 want CENTRE
RC POS 274 id 7 seat 2 role expand fs 0 body 1 pos 3,19 stuck 0
RC WALK 274 id 7 role expand pos 3,19 tgt 3,16 want NORTH
RC POS 274 id 29 seat 4 role defend fs 0 body 1 pos 7,16 stuck 0
RC WALK 274 id 29 role defend pos 7,16 tgt 2,14 want NORTH
RC POS 274 id 215 seat 5 role raid fs 1 body 1 pos 25,15 stuck 22
RC POS 275 id 5 seat 1 role expand fs 0 body 1 pos 4,19 stuck 2
RC WALK 275 id 5 role expand pos 4,19 tgt 4,20 want CENTRE
RC POS 275 id 7 seat 2 role expand fs 0 body 1 pos 3,18 stuck 0
RC WALK 275 id 7 role expand pos 3,18 tgt 3,16 want NORTH
RC POS 275 id 29 seat 4 role defend fs 0 body 1 pos 7,15 stuck 0
RC WALK 275 id 29 role defend pos 7,15 tgt 2,14 want SOUTH
RC POS 275 id 215 seat 5 role raid fs 1 body 1 pos 25,15 stuck 23
RC POS 276 id 5 seat 1 role expand fs 0 body 1 pos 4,19 stuck 3
RC WALK 276 id 5 role expand pos 4,19 tgt 4,20 want CENTRE
RC POS 276 id 7 seat 2 role expand fs 0 body 1 pos 3,17 stuck 0
RC WALK 276 id 7 role expand pos 3,17 tgt 3,16 want NORTH
RC POS 276 id 29 seat 4 role defend fs 0 body 1 pos 7,16 stuck 0
RC WALK 276 id 29 role defend pos 7,16 tgt 2,14 want NORTH
RC POS 276 id 215 seat 5 role raid fs 1 body 1 pos 25,15 stuck 24
RC WALK 276 id 215 role raid pos 25,15 tgt 26,16 want WEST
RC POS 277 id 5 seat 1 role expand fs 0 body 1 pos 4,19 stuck 4
RC WALK 277 id 5 role expand pos 4,19 tgt 2,14 want NORTH
RC POS 277 id 29 seat 4 role defend fs 0 body 1 pos 7,15 stuck 0
RC WALK 277 id 29 role defend pos 7,15 tgt 2,14 want SOUTH
RC POS 278 id 5 seat 1 role expand fs 0 body 1 pos 4,18 stuck 0
RC WALK 278 id 5 role expand pos 4,18 tgt 2,14 want WEST
RC POS 278 id 29 seat 4 role defend fs 0 body 1 pos 7,16 stuck 0
RC WALK 278 id 29 role defend pos 7,16 tgt 2,14 want EAST
RC POS 279 id 5 seat 1 role expand fs 0 body 1 pos 3,18 stuck 0
RC WALK 279 id 5 role expand pos 3,18 tgt 1,14 want NORTH
RC POS 279 id 29 seat 4 role defend fs 0 body 1 pos 8,16 stuck 0
RC WALK 279 id 29 role defend pos 8,16 tgt 2,14 want SOUTH
RC POS 280 id 5 seat 1 role expand fs 0 body 1 pos 3,17 stuck 0
RC WALK 280 id 5 role expand pos 3,17 tgt 1,14 want WEST
RC POS 280 id 29 seat 4 role defend fs 0 body 1 pos 8,17 stuck 0
RC WALK 280 id 29 role defend pos 8,17 tgt 2,14 want NORTH
RC POS 281 id 5 seat 1 role expand fs 0 body 1 pos 2,17 stuck 0
RC WALK 281 id 5 role expand pos 2,17 tgt 1,14 want WEST
RC POS 281 id 29 seat 4 role defend fs 0 body 1 pos 8,16 stuck 0
RC WALK 281 id 29 role defend pos 8,16 tgt 2,14 want SOUTH
RC POS 282 id 5 seat 1 role expand fs 0 body 1 pos 1,17 stuck 0
RC WALK 282 id 5 role expand pos 1,17 tgt 1,14 want NORTH
RC POS 282 id 29 seat 4 role defend fs 0 body 1 pos 8,17 stuck 0
RC WALK 282 id 29 role defend pos 8,17 tgt 2,14 want NORTH
RC POS 283 id 5 seat 1 role expand fs 0 body 1 pos 1,16 stuck 0
RC WALK 283 id 5 role expand pos 1,16 tgt 1,14 want WEST
RC POS 283 id 29 seat 4 role defend fs 0 body 1 pos 8,16 stuck 0
RC WALK 283 id 29 role defend pos 8,16 tgt 2,14 want SOUTH
RC POS 284 id 5 seat 1 role expand fs 0 body 1 pos 0,16 stuck 0
RC WALK 284 id 5 role expand pos 0,16 tgt 1,14 want NORTH
RC POS 284 id 29 seat 4 role defend fs 0 body 1 pos 8,17 stuck 0
RC WALK 284 id 29 role defend pos 8,17 tgt 2,14 want NORTH
RC POS 285 id 5 seat 1 role expand fs 0 body 1 pos 0,15 stuck 0
RC WALK 285 id 5 role expand pos 0,15 tgt 1,14 want NORTH
RC POS 285 id 29 seat 4 role defend fs 0 body 1 pos 8,16 stuck 0
RC WALK 285 id 29 role defend pos 8,16 tgt 2,14 want SOUTH
RC POS 286 id 5 seat 1 role expand fs 0 body 1 pos 0,14 stuck 0
RC WALK 286 id 5 role expand pos 0,14 tgt 1,14 want EAST
RC POS 286 id 29 seat 4 role defend fs 0 body 1 pos 8,17 stuck 0
RC WALK 286 id 29 role defend pos 8,17 tgt 2,14 want NORTH
RC POS 287 id 29 seat 4 role defend fs 0 body 1 pos 8,16 stuck 0
RC WALK 287 id 29 role defend pos 8,16 tgt 2,14 want SOUTH
RC POS 288 id 29 seat 4 role defend fs 0 body 1 pos 8,17 stuck 0
RC WALK 288 id 29 role defend pos 8,17 tgt 2,14 want NORTH
RC POS 289 id 29 seat 4 role defend fs 0 body 1 pos 8,16 stuck 0
RC WALK 289 id 29 role defend pos 8,16 tgt 2,14 want SOUTH
RC POS 290 id 29 seat 4 role defend fs 0 body 1 pos 8,17 stuck 0
RC WALK 290 id 29 role defend pos 8,17 tgt 2,14 want NORTH
RC POS 291 id 29 seat 4 role defend fs 0 body 1 pos 8,16 stuck 0
RC WALK 291 id 29 role defend pos 8,16 tgt 2,14 want SOUTH
RC POS 292 id 29 seat 4 role defend fs 0 body 1 pos 8,17 stuck 0
RC WALK 292 id 29 role defend pos 8,17 tgt 2,14 want NORTH
RC POS 293 id 29 seat 4 role defend fs 0 body 1 pos 8,16 stuck 0
RC WALK 293 id 29 role defend pos 8,16 tgt 2,14 want SOUTH
RC POS 294 id 29 seat 4 role defend fs 0 body 1 pos 8,17 stuck 0
RC WALK 294 id 29 role defend pos 8,17 tgt 2,14 want NORTH
RC POS 295 id 29 seat 4 role defend fs 0 body 1 pos 8,16 stuck 0
RC WALK 295 id 29 role defend pos 8,16 tgt 2,14 want SOUTH
RC POS 296 id 29 seat 4 role defend fs 0 body 1 pos 8,17 stuck 0
RC WALK 296 id 29 role defend pos 8,17 tgt 2,14 want NORTH
RC POS 297 id 29 seat 4 role defend fs 0 body 1 pos 8,16 stuck 0
RC WALK 297 id 29 role defend pos 8,16 tgt 2,14 want NORTH
RC POS 298 id 29 seat 4 role defend fs 0 body 1 pos 8,15 stuck 0
RC WALK 298 id 29 role defend pos 8,15 tgt 2,14 want NORTH
RC POS 299 id 29 seat 4 role defend fs 0 body 1 pos 8,14 stuck 0
RC WALK 299 id 29 role defend pos 8,14 tgt 2,14 want SOUTH
RC POS 300 id 29 seat 4 role defend fs 0 body 1 pos 8,15 stuck 0
RC WALK 300 id 29 role defend pos 8,15 tgt 2,14 want SOUTH
RC POS 301 id 29 seat 4 role defend fs 0 body 1 pos 8,16 stuck 0
RC WALK 301 id 29 role defend pos 8,16 tgt 2,14 want SOUTH
RC POS 302 id 29 seat 4 role defend fs 0 body 1 pos 8,17 stuck 0
RC WALK 302 id 29 role defend pos 8,17 tgt 2,14 want NORTH
RC POS 303 id 29 seat 4 role defend fs 0 body 1 pos 8,16 stuck 0
RC WALK 303 id 29 role defend pos 8,16 tgt 2,14 want SOUTH
RC POS 304 id 29 seat 4 role defend fs 0 body 1 pos 8,17 stuck 0
RC WALK 304 id 29 role defend pos 8,17 tgt 2,14 want NORTH
RC POS 305 id 29 seat 4 role defend fs 0 body 1 pos 8,16 stuck 0
RC WALK 305 id 29 role defend pos 8,16 tgt 2,14 want SOUTH
RC POS 306 id 29 seat 4 role defend fs 0 body 1 pos 8,17 stuck 0
RC WALK 306 id 29 role defend pos 8,17 tgt 2,14 want NORTH
RC POS 307 id 29 seat 4 role defend fs 0 body 1 pos 8,16 stuck 0
RC WALK 307 id 29 role defend pos 8,16 tgt 2,14 want SOUTH
RC POS 308 id 29 seat 4 role defend fs 0 body 1 pos 8,17 stuck 0
RC WALK 308 id 29 role defend pos 8,17 tgt 2,14 want NORTH
RC POS 309 id 29 seat 4 role defend fs 0 body 1 pos 8,16 stuck 0
RC WALK 309 id 29 role defend pos 8,16 tgt 2,14 want SOUTH
RC POS 310 id 29 seat 4 role defend fs 0 body 1 pos 8,17 stuck 0
RC WALK 310 id 29 role defend pos 8,17 tgt 2,14 want NORTH
RC POS 311 id 29 seat 4 role defend fs 0 body 1 pos 8,16 stuck 0
RC WALK 311 id 29 role defend pos 8,16 tgt 2,14 want SOUTH
RC POS 312 id 29 seat 4 role defend fs 0 body 1 pos 8,17 stuck 0
RC WALK 312 id 29 role defend pos 8,17 tgt 2,14 want NORTH
RC POS 313 id 29 seat 4 role defend fs 0 body 1 pos 8,16 stuck 0
RC WALK 313 id 29 role defend pos 8,16 tgt 2,14 want SOUTH
RC POS 314 id 29 seat 4 role defend fs 0 body 1 pos 8,17 stuck 0
RC WALK 314 id 29 role defend pos 8,17 tgt 2,14 want NORTH
RC POS 315 id 29 seat 4 role defend fs 0 body 1 pos 8,16 stuck 0
RC WALK 315 id 29 role defend pos 8,16 tgt 2,14 want SOUTH
RC POS 316 id 29 seat 4 role defend fs 0 body 1 pos 8,17 stuck 0
RC WALK 316 id 29 role defend pos 8,17 tgt 2,14 want NORTH
RC POS 317 id 29 seat 4 role defend fs 0 body 1 pos 8,16 stuck 0
RC WALK 317 id 29 role defend pos 8,16 tgt 2,14 want SOUTH
RC POS 318 id 29 seat 4 role defend fs 0 body 1 pos 8,17 stuck 0
RC WALK 318 id 29 role defend pos 8,17 tgt 2,14 want NORTH
RC POS 319 id 29 seat 4 role defend fs 0 body 1 pos 8,16 stuck 0
RC WALK 319 id 29 role defend pos 8,16 tgt 2,14 want SOUTH
RC POS 320 id 29 seat 4 role defend fs 0 body 1 pos 8,17 stuck 0
RC WALK 320 id 29 role defend pos 8,17 tgt 2,14 want NORTH
RC POS 321 id 29 seat 4 role defend fs 0 body 1 pos 8,16 stuck 0
RC WALK 321 id 29 role defend pos 8,16 tgt 2,14 want SOUTH
RC POS 322 id 29 seat 4 role defend fs 0 body 1 pos 8,17 stuck 0
RC WALK 322 id 29 role defend pos 8,17 tgt 2,14 want NORTH
RC POS 323 id 29 seat 4 role defend fs 0 body 1 pos 8,16 stuck 0
RC WALK 323 id 29 role defend pos 8,16 tgt 2,14 want SOUTH
RC POS 324 id 29 seat 4 role defend fs 0 body 1 pos 8,17 stuck 0
RC WALK 324 id 29 role defend pos 8,17 tgt 2,14 want NORTH
RC POS 325 id 29 seat 4 role defend fs 0 body 1 pos 8,16 stuck 0
RC WALK 325 id 29 role defend pos 8,16 tgt 2,14 want SOUTH
RC POS 326 id 29 seat 4 role defend fs 0 body 1 pos 8,17 stuck 0
RC WALK 326 id 29 role defend pos 8,17 tgt 2,14 want NORTH
RC POS 327 id 29 seat 4 role defend fs 0 body 1 pos 8,16 stuck 0
RC WALK 327 id 29 role defend pos 8,16 tgt 2,14 want SOUTH
RC POS 328 id 29 seat 4 role defend fs 0 body 1 pos 8,17 stuck 0
RC WALK 328 id 29 role defend pos 8,17 tgt 2,14 want NORTH
RC POS 329 id 29 seat 4 role defend fs 0 body 1 pos 8,16 stuck 0
RC WALK 329 id 29 role defend pos 8,16 tgt 2,14 want SOUTH
RC POS 330 id 29 seat 4 role defend fs 0 body 1 pos 8,17 stuck 0
RC WALK 330 id 29 role defend pos 8,17 tgt 2,14 want NORTH
RC POS 331 id 29 seat 4 role defend fs 0 body 1 pos 8,16 stuck 0
RC WALK 331 id 29 role defend pos 8,16 tgt 2,14 want SOUTH
RC POS 332 id 29 seat 4 role defend fs 0 body 1 pos 8,17 stuck 0
RC WALK 332 id 29 role defend pos 8,17 tgt 2,14 want NORTH
RC POS 333 id 29 seat 4 role defend fs 0 body 1 pos 8,16 stuck 0
RC WALK 333 id 29 role defend pos 8,16 tgt 2,14 want SOUTH
RC POS 334 id 29 seat 4 role defend fs 0 body 1 pos 8,17 stuck 0
RC WALK 334 id 29 role defend pos 8,17 tgt 2,14 want NORTH
RC POS 335 id 29 seat 4 role defend fs 0 body 1 pos 8,16 stuck 0
RC WALK 335 id 29 role defend pos 8,16 tgt 2,14 want SOUTH
RC POS 336 id 29 seat 4 role defend fs 0 body 1 pos 8,17 stuck 0
RC WALK 336 id 29 role defend pos 8,17 tgt 2,14 want NORTH
RC POS 337 id 29 seat 4 role defend fs 0 body 1 pos 8,16 stuck 0
RC WALK 337 id 29 role defend pos 8,16 tgt 2,14 want NORTH
RC POS 338 id 29 seat 4 role defend fs 0 body 1 pos 8,15 stuck 0
RC WALK 338 id 29 role defend pos 8,15 tgt 2,14 want NORTH
RC POS 339 id 29 seat 4 role defend fs 0 body 1 pos 8,14 stuck 0
RC WALK 339 id 29 role defend pos 8,14 tgt 2,14 want SOUTH
RC POS 340 id 29 seat 4 role defend fs 0 body 1 pos 8,15 stuck 0
RC WALK 340 id 29 role defend pos 8,15 tgt 2,14 want NORTH
RC POS 341 id 29 seat 4 role defend fs 0 body 1 pos 8,14 stuck 0
RC WALK 341 id 29 role defend pos 8,14 tgt 2,14 want SOUTH
RC POS 342 id 29 seat 4 role defend fs 0 body 1 pos 8,15 stuck 0
RC WALK 342 id 29 role defend pos 8,15 tgt 2,14 want SOUTH
RC POS 343 id 29 seat 4 role defend fs 0 body 1 pos 8,16 stuck 0
RC WALK 343 id 29 role defend pos 8,16 tgt 2,14 want SOUTH
RC POS 344 id 29 seat 4 role defend fs 0 body 1 pos 8,17 stuck 0
RC WALK 344 id 29 role defend pos 8,17 tgt 2,14 want NORTH
RC POS 345 id 29 seat 4 role defend fs 0 body 1 pos 8,16 stuck 0
RC WALK 345 id 29 role defend pos 8,16 tgt 2,14 want SOUTH
RC POS 346 id 29 seat 4 role defend fs 0 body 1 pos 8,17 stuck 0
RC WALK 346 id 29 role defend pos 8,17 tgt 2,14 want NORTH
RC POS 347 id 29 seat 4 role defend fs 0 body 1 pos 8,16 stuck 0
RC WALK 347 id 29 role defend pos 8,16 tgt 2,14 want SOUTH
RC POS 348 id 29 seat 4 role defend fs 0 body 1 pos 8,17 stuck 0
RC WALK 348 id 29 role defend pos 8,17 tgt 2,14 want NORTH
RC POS 349 id 29 seat 4 role defend fs 0 body 1 pos 8,16 stuck 0
RC WALK 349 id 29 role defend pos 8,16 tgt 2,14 want SOUTH
RC POS 350 id 29 seat 4 role defend fs 0 body 1 pos 8,17 stuck 0
RC WALK 350 id 29 role defend pos 8,17 tgt 2,14 want NORTH
RC POS 351 id 29 seat 4 role defend fs 0 body 1 pos 8,16 stuck 0
RC WALK 351 id 29 role defend pos 8,16 tgt 2,14 want SOUTH
RC POS 352 id 29 seat 4 role defend fs 0 body 1 pos 8,17 stuck 0
RC WALK 352 id 29 role defend pos 8,17 tgt 2,14 want NORTH
RC POS 353 id 29 seat 4 role defend fs 0 body 1 pos 8,16 stuck 0
RC WALK 353 id 29 role defend pos 8,16 tgt 2,14 want SOUTH
RC POS 354 id 29 seat 4 role defend fs 0 body 1 pos 8,17 stuck 0
RC WALK 354 id 29 role defend pos 8,17 tgt 2,14 want NORTH
RC POS 355 id 29 seat 4 role defend fs 0 body 1 pos 8,16 stuck 0
RC WALK 355 id 29 role defend pos 8,16 tgt 2,14 want SOUTH
RC POS 356 id 29 seat 4 role defend fs 0 body 1 pos 8,17 stuck 0
RC WALK 356 id 29 role defend pos 8,17 tgt 2,14 want NORTH
RC POS 357 id 29 seat 4 role defend fs 0 body 1 pos 8,16 stuck 0
RC WALK 357 id 29 role defend pos 8,16 tgt 2,14 want SOUTH
RC POS 358 id 29 seat 4 role defend fs 0 body 1 pos 8,17 stuck 0
RC WALK 358 id 29 role defend pos 8,17 tgt 2,14 want NORTH
RC POS 359 id 29 seat 4 role defend fs 0 body 1 pos 8,16 stuck 0
RC WALK 359 id 29 role defend pos 8,16 tgt 2,14 want SOUTH
RC POS 360 id 29 seat 4 role defend fs 0 body 1 pos 8,17 stuck 0
RC WALK 360 id 29 role defend pos 8,17 tgt 2,14 want NORTH
RC POS 361 id 29 seat 4 role defend fs 0 body 1 pos 8,16 stuck 0
RC WALK 361 id 29 role defend pos 8,16 tgt 2,14 want SOUTH
RC POS 362 id 29 seat 4 role defend fs 0 body 1 pos 8,17 stuck 0
RC WALK 362 id 29 role defend pos 8,17 tgt 2,14 want NORTH
RC POS 363 id 29 seat 4 role defend fs 0 body 1 pos 8,16 stuck 0
RC WALK 363 id 29 role defend pos 8,16 tgt 2,14 want SOUTH
RC POS 364 id 29 seat 4 role defend fs 0 body 1 pos 8,17 stuck 0
RC WALK 364 id 29 role defend pos 8,17 tgt 2,14 want NORTH
RC POS 365 id 29 seat 4 role defend fs 0 body 1 pos 8,16 stuck 0
RC WALK 365 id 29 role defend pos 8,16 tgt 2,14 want SOUTH
RC POS 366 id 29 seat 4 role defend fs 0 body 1 pos 8,17 stuck 0
RC WALK 366 id 29 role defend pos 8,17 tgt 2,14 want NORTH
RC POS 367 id 29 seat 4 role defend fs 0 body 1 pos 8,16 stuck 0
RC WALK 367 id 29 role defend pos 8,16 tgt 2,14 want SOUTH
RC POS 368 id 29 seat 4 role defend fs 0 body 1 pos 8,17 stuck 0
RC WALK 368 id 29 role defend pos 8,17 tgt 2,14 want NORTH
RC POS 369 id 29 seat 4 role defend fs 0 body 1 pos 8,16 stuck 0
RC WALK 369 id 29 role defend pos 8,16 tgt 2,14 want SOUTH
RC POS 370 id 29 seat 4 role defend fs 0 body 1 pos 8,17 stuck 0
RC WALK 370 id 29 role defend pos 8,17 tgt 2,14 want NORTH
RC POS 371 id 29 seat 4 role defend fs 0 body 1 pos 8,16 stuck 0
RC WALK 371 id 29 role defend pos 8,16 tgt 2,14 want SOUTH
RC POS 372 id 29 seat 4 role defend fs 0 body 1 pos 8,17 stuck 0
RC WALK 372 id 29 role defend pos 8,17 tgt 2,14 want NORTH
RC POS 373 id 29 seat 4 role defend fs 0 body 1 pos 8,16 stuck 0
RC WALK 373 id 29 role defend pos 8,16 tgt 2,14 want SOUTH
RC POS 374 id 29 seat 4 role defend fs 0 body 1 pos 8,17 stuck 0
RC WALK 374 id 29 role defend pos 8,17 tgt 2,14 want NORTH
RC POS 375 id 29 seat 4 role defend fs 0 body 1 pos 8,16 stuck 0
RC WALK 375 id 29 role defend pos 8,16 tgt 2,14 want SOUTH
RC POS 376 id 29 seat 4 role defend fs 0 body 1 pos 8,17 stuck 0
RC WALK 376 id 29 role defend pos 8,17 tgt 2,14 want NORTH
RC POS 377 id 29 seat 4 role defend fs 0 body 1 pos 8,16 stuck 0
RC WALK 377 id 29 role defend pos 8,16 tgt 2,14 want SOUTH
RC POS 378 id 29 seat 4 role defend fs 0 body 1 pos 8,17 stuck 0
RC WALK 378 id 29 role defend pos 8,17 tgt 2,14 want NORTH
RC POS 379 id 29 seat 4 role defend fs 0 body 1 pos 8,16 stuck 0
RC WALK 379 id 29 role defend pos 8,16 tgt 2,14 want SOUTH
RC POS 380 id 29 seat 4 role defend fs 0 body 1 pos 8,17 stuck 0
RC WALK 380 id 29 role defend pos 8,17 tgt 2,14 want NORTH
RC POS 381 id 29 seat 4 role defend fs 0 body 1 pos 8,16 stuck 0
RC WALK 381 id 29 role defend pos 8,16 tgt 2,14 want SOUTH
RC POS 382 id 29 seat 4 role defend fs 0 body 1 pos 8,17 stuck 0
RC WALK 382 id 29 role defend pos 8,17 tgt 2,14 want NORTH
RC POS 383 id 29 seat 4 role defend fs 0 body 1 pos 8,16 stuck 0
RC WALK 383 id 29 role defend pos 8,16 tgt 2,14 want SOUTH
RC POS 384 id 29 seat 4 role defend fs 0 body 1 pos 8,17 stuck 0
RC WALK 384 id 29 role defend pos 8,17 tgt 2,14 want NORTH
RC POS 385 id 29 seat 4 role defend fs 0 body 1 pos 8,16 stuck 0
RC WALK 385 id 29 role defend pos 8,16 tgt 2,14 want SOUTH
RC POS 386 id 29 seat 4 role defend fs 0 body 1 pos 8,17 stuck 0
RC WALK 386 id 29 role defend pos 8,17 tgt 2,14 want NORTH
RC POS 387 id 29 seat 4 role defend fs 0 body 1 pos 8,16 stuck 0
RC WALK 387 id 29 role defend pos 8,16 tgt 2,14 want SOUTH
RC POS 388 id 29 seat 4 role defend fs 0 body 1 pos 8,17 stuck 0
RC WALK 388 id 29 role defend pos 8,17 tgt 2,14 want NORTH
RC POS 389 id 29 seat 4 role defend fs 0 body 1 pos 8,16 stuck 0
RC WALK 389 id 29 role defend pos 8,16 tgt 2,14 want SOUTH
RC POS 390 id 29 seat 4 role defend fs 0 body 1 pos 8,17 stuck 0
RC WALK 390 id 29 role defend pos 8,17 tgt 2,14 want NORTH
RC POS 391 id 29 seat 4 role defend fs 0 body 1 pos 8,16 stuck 0
RC WALK 391 id 29 role defend pos 8,16 tgt 2,14 want SOUTH
RC POS 392 id 29 seat 4 role defend fs 0 body 1 pos 8,17 stuck 0
RC WALK 392 id 29 role defend pos 8,17 tgt 2,14 want NORTH
RC POS 393 id 29 seat 4 role defend fs 0 body 1 pos 8,16 stuck 0
RC WALK 393 id 29 role defend pos 8,16 tgt 2,14 want SOUTH
RC POS 394 id 29 seat 4 role defend fs 0 body 1 pos 8,17 stuck 0
RC WALK 394 id 29 role defend pos 8,17 tgt 2,14 want NORTH
RC POS 395 id 29 seat 4 role defend fs 0 body 1 pos 8,16 stuck 0
RC WALK 395 id 29 role defend pos 8,16 tgt 2,14 want SOUTH
RC POS 396 id 29 seat 4 role defend fs 0 body 1 pos 8,17 stuck 0
RC WALK 396 id 29 role defend pos 8,17 tgt 2,14 want NORTH
RC POS 397 id 29 seat 4 role defend fs 0 body 1 pos 8,16 stuck 0
RC WALK 397 id 29 role defend pos 8,16 tgt 2,14 want SOUTH
RC POS 398 id 29 seat 4 role defend fs 0 body 1 pos 8,17 stuck 0
RC WALK 398 id 29 role defend pos 8,17 tgt 2,14 want NORTH
RC POS 399 id 29 seat 4 role defend fs 0 body 1 pos 8,16 stuck 0
RC WALK 399 id 29 role defend pos 8,16 tgt 2,14 want SOUTH
RC POS 400 id 29 seat 4 role defend fs 0 body 1 pos 8,17 stuck 0
RC WALK 400 id 29 role defend pos 8,17 tgt 2,14 want NORTH
RC POS 401 id 29 seat 4 role defend fs 0 body 1 pos 8,16 stuck 0
RC WALK 401 id 29 role defend pos 8,16 tgt 2,14 want SOUTH
RC POS 402 id 29 seat 4 role defend fs 0 body 1 pos 8,17 stuck 0
RC WALK 402 id 29 role defend pos 8,17 tgt 2,14 want NORTH
RC POS 403 id 29 seat 4 role defend fs 0 body 1 pos 8,16 stuck 0
RC WALK 403 id 29 role defend pos 8,16 tgt 2,14 want SOUTH
RC POS 404 id 29 seat 4 role defend fs 0 body 1 pos 8,17 stuck 0
RC WALK 404 id 29 role defend pos 8,17 tgt 2,14 want NORTH
RC POS 405 id 29 seat 4 role defend fs 0 body 1 pos 8,16 stuck 0
RC WALK 405 id 29 role defend pos 8,16 tgt 2,14 want NORTH
RC POS 406 id 29 seat 4 role defend fs 0 body 1 pos 8,15 stuck 0
RC WALK 406 id 29 role defend pos 8,15 tgt 2,14 want NORTH
RC POS 407 id 29 seat 4 role defend fs 0 body 1 pos 8,14 stuck 0
RC WALK 407 id 29 role defend pos 8,14 tgt 2,14 want SOUTH
RC POS 408 id 29 seat 4 role defend fs 0 body 1 pos 8,15 stuck 0
RC WALK 408 id 29 role defend pos 8,15 tgt 2,14 want SOUTH
RC POS 409 id 29 seat 4 role defend fs 0 body 1 pos 8,16 stuck 0
RC WALK 409 id 29 role defend pos 8,16 tgt 2,14 want SOUTH
RC POS 410 id 29 seat 4 role defend fs 0 body 1 pos 8,17 stuck 0
RC WALK 410 id 29 role defend pos 8,17 tgt 2,14 want NORTH
RC POS 411 id 29 seat 4 role defend fs 0 body 1 pos 8,16 stuck 0
RC WALK 411 id 29 role defend pos 8,16 tgt 2,14 want SOUTH
RC POS 412 id 29 seat 4 role defend fs 0 body 1 pos 8,17 stuck 0
RC WALK 412 id 29 role defend pos 8,17 tgt 2,14 want NORTH
RC POS 413 id 29 seat 4 role defend fs 0 body 1 pos 8,16 stuck 0
RC WALK 413 id 29 role defend pos 8,16 tgt 2,14 want SOUTH
RC POS 414 id 29 seat 4 role defend fs 0 body 1 pos 8,17 stuck 0
RC WALK 414 id 29 role defend pos 8,17 tgt 2,14 want NORTH
RC POS 415 id 29 seat 4 role defend fs 0 body 1 pos 8,16 stuck 0
RC WALK 415 id 29 role defend pos 8,16 tgt 2,14 want SOUTH
RC POS 416 id 29 seat 4 role defend fs 0 body 1 pos 8,17 stuck 0
RC WALK 416 id 29 role defend pos 8,17 tgt 2,14 want NORTH
RC POS 417 id 29 seat 4 role defend fs 0 body 1 pos 8,16 stuck 0
RC WALK 417 id 29 role defend pos 8,16 tgt 2,14 want SOUTH
RC POS 418 id 29 seat 4 role defend fs 0 body 1 pos 8,17 stuck 0
RC WALK 418 id 29 role defend pos 8,17 tgt 2,14 want NORTH
RC POS 419 id 29 seat 4 role defend fs 0 body 1 pos 8,16 stuck 0
RC WALK 419 id 29 role defend pos 8,16 tgt 2,14 want SOUTH
RC POS 420 id 29 seat 4 role defend fs 0 body 1 pos 8,17 stuck 0
RC WALK 420 id 29 role defend pos 8,17 tgt 2,14 want NORTH
RC POS 421 id 29 seat 4 role defend fs 0 body 1 pos 8,16 stuck 0
RC WALK 421 id 29 role defend pos 8,16 tgt 2,14 want SOUTH
RC POS 422 id 29 seat 4 role defend fs 0 body 1 pos 8,17 stuck 0
RC WALK 422 id 29 role defend pos 8,17 tgt 2,14 want NORTH
RC POS 423 id 29 seat 4 role defend fs 0 body 1 pos 8,16 stuck 0
RC WALK 423 id 29 role defend pos 8,16 tgt 2,14 want SOUTH
RC POS 424 id 29 seat 4 role defend fs 0 body 1 pos 8,17 stuck 0
RC WALK 424 id 29 role defend pos 8,17 tgt 2,14 want NORTH
RC POS 425 id 29 seat 4 role defend fs 0 body 1 pos 8,16 stuck 0
RC WALK 425 id 29 role defend pos 8,16 tgt 2,14 want SOUTH
RC POS 426 id 29 seat 4 role defend fs 0 body 1 pos 8,17 stuck 0
RC WALK 426 id 29 role defend pos 8,17 tgt 2,14 want NORTH
RC POS 427 id 29 seat 4 role defend fs 0 body 1 pos 8,16 stuck 0
RC WALK 427 id 29 role defend pos 8,16 tgt 2,14 want SOUTH
RC POS 428 id 29 seat 4 role defend fs 0 body 1 pos 8,17 stuck 0
RC WALK 428 id 29 role defend pos 8,17 tgt 2,14 want NORTH
RC POS 429 id 29 seat 4 role defend fs 0 body 1 pos 8,16 stuck 0
RC WALK 429 id 29 role defend pos 8,16 tgt 2,14 want SOUTH
RC POS 430 id 29 seat 4 role defend fs 0 body 1 pos 8,17 stuck 0
RC WALK 430 id 29 role defend pos 8,17 tgt 2,14 want NORTH
RC POS 431 id 29 seat 4 role defend fs 0 body 1 pos 8,16 stuck 0
RC WALK 431 id 29 role defend pos 8,16 tgt 2,14 want SOUTH
RC POS 432 id 29 seat 4 role defend fs 0 body 1 pos 8,17 stuck 0
RC WALK 432 id 29 role defend pos 8,17 tgt 2,14 want NORTH
RC POS 433 id 29 seat 4 role defend fs 0 body 1 pos 8,16 stuck 0
RC WALK 433 id 29 role defend pos 8,16 tgt 2,14 want SOUTH
RC POS 434 id 29 seat 4 role defend fs 0 body 1 pos 8,17 stuck 0
RC WALK 434 id 29 role defend pos 8,17 tgt 2,14 want NORTH
RC POS 435 id 29 seat 4 role defend fs 0 body 1 pos 8,16 stuck 0
RC WALK 435 id 29 role defend pos 8,16 tgt 2,14 want SOUTH
RC POS 436 id 29 seat 4 role defend fs 0 body 1 pos 8,17 stuck 0
RC WALK 436 id 29 role defend pos 8,17 tgt 2,14 want NORTH
RC POS 437 id 29 seat 4 role defend fs 0 body 1 pos 8,16 stuck 0
RC WALK 437 id 29 role defend pos 8,16 tgt 2,14 want SOUTH
RC POS 438 id 29 seat 4 role defend fs 0 body 1 pos 8,17 stuck 0
RC WALK 438 id 29 role defend pos 8,17 tgt 2,14 want NORTH
RC POS 439 id 29 seat 4 role defend fs 0 body 1 pos 8,16 stuck 0
RC WALK 439 id 29 role defend pos 8,16 tgt 2,14 want SOUTH
RC POS 440 id 29 seat 4 role defend fs 0 body 1 pos 8,17 stuck 0
RC WALK 440 id 29 role defend pos 8,17 tgt 2,14 want NORTH
RC POS 441 id 29 seat 4 role defend fs 0 body 1 pos 8,16 stuck 0
RC WALK 441 id 29 role defend pos 8,16 tgt 2,14 want SOUTH
RC POS 442 id 29 seat 4 role defend fs 0 body 1 pos 8,17 stuck 0
RC WALK 442 id 29 role defend pos 8,17 tgt 2,14 want NORTH
RC POS 443 id 29 seat 4 role defend fs 0 body 1 pos 8,16 stuck 0
RC WALK 443 id 29 role defend pos 8,16 tgt 2,14 want SOUTH
RC POS 444 id 29 seat 4 role defend fs 0 body 1 pos 8,17 stuck 0
RC WALK 444 id 29 role defend pos 8,17 tgt 2,14 want NORTH
RC POS 445 id 29 seat 4 role defend fs 0 body 1 pos 8,16 stuck 0
RC WALK 445 id 29 role defend pos 8,16 tgt 2,14 want SOUTH
RC POS 446 id 29 seat 4 role defend fs 0 body 1 pos 8,17 stuck 0
RC WALK 446 id 29 role defend pos 8,17 tgt 2,14 want NORTH
RC POS 447 id 29 seat 4 role defend fs 0 body 1 pos 8,16 stuck 0
RC WALK 447 id 29 role defend pos 8,16 tgt 2,14 want SOUTH
RC POS 448 id 29 seat 4 role defend fs 0 body 1 pos 8,17 stuck 0
RC WALK 448 id 29 role defend pos 8,17 tgt 2,14 want NORTH
RC POS 449 id 29 seat 4 role defend fs 0 body 1 pos 8,16 stuck 0
RC WALK 449 id 29 role defend pos 8,16 tgt 2,14 want SOUTH
RC POS 450 id 29 seat 4 role defend fs 0 body 1 pos 8,17 stuck 0
RC WALK 450 id 29 role defend pos 8,17 tgt 2,14 want NORTH
RC POS 451 id 29 seat 4 role defend fs 0 body 1 pos 8,16 stuck 0
RC WALK 451 id 29 role defend pos 8,16 tgt 2,14 want SOUTH
RC POS 452 id 29 seat 4 role defend fs 0 body 1 pos 8,17 stuck 0
RC WALK 452 id 29 role defend pos 8,17 tgt 2,14 want NORTH
RC POS 453 id 29 seat 4 role defend fs 0 body 1 pos 8,16 stuck 0
RC WALK 453 id 29 role defend pos 8,16 tgt 2,14 want NORTH
RC POS 454 id 29 seat 4 role defend fs 0 body 1 pos 8,15 stuck 0
RC WALK 454 id 29 role defend pos 8,15 tgt 2,14 want NORTH
RC POS 455 id 29 seat 4 role defend fs 0 body 1 pos 8,14 stuck 0
RC WALK 455 id 29 role defend pos 8,14 tgt 2,14 want SOUTH
RC POS 456 id 29 seat 4 role defend fs 0 body 1 pos 8,15 stuck 0
RC WALK 456 id 29 role defend pos 8,15 tgt 2,14 want NORTH
RC POS 457 id 29 seat 4 role defend fs 0 body 1 pos 8,14 stuck 0
RC WALK 457 id 29 role defend pos 8,14 tgt 2,14 want SOUTH
RC POS 458 id 29 seat 4 role defend fs 0 body 1 pos 8,15 stuck 0
RC WALK 458 id 29 role defend pos 8,15 tgt 2,14 want SOUTH
RC POS 459 id 29 seat 4 role defend fs 0 body 1 pos 8,16 stuck 0
RC WALK 459 id 29 role defend pos 8,16 tgt 2,14 want SOUTH
RC POS 460 id 29 seat 4 role defend fs 0 body 1 pos 8,17 stuck 0
RC WALK 460 id 29 role defend pos 8,17 tgt 2,14 want NORTH
RC POS 461 id 29 seat 4 role defend fs 0 body 1 pos 8,16 stuck 0
RC WALK 461 id 29 role defend pos 8,16 tgt 2,14 want SOUTH
RC POS 462 id 29 seat 4 role defend fs 0 body 1 pos 8,17 stuck 0
RC WALK 462 id 29 role defend pos 8,17 tgt 2,14 want NORTH
RC POS 463 id 29 seat 4 role defend fs 0 body 1 pos 8,16 stuck 0
RC WALK 463 id 29 role defend pos 8,16 tgt 2,14 want SOUTH
RC POS 464 id 29 seat 4 role defend fs 0 body 1 pos 8,17 stuck 0
RC WALK 464 id 29 role defend pos 8,17 tgt 2,14 want NORTH
RC POS 465 id 29 seat 4 role defend fs 0 body 1 pos 8,16 stuck 0
RC WALK 465 id 29 role defend pos 8,16 tgt 2,14 want SOUTH
RC POS 466 id 29 seat 4 role defend fs 0 body 1 pos 8,17 stuck 0
RC WALK 466 id 29 role defend pos 8,17 tgt 2,14 want NORTH
RC POS 467 id 29 seat 4 role defend fs 0 body 1 pos 8,16 stuck 0
RC WALK 467 id 29 role defend pos 8,16 tgt 2,14 want SOUTH
RC POS 468 id 29 seat 4 role defend fs 0 body 1 pos 8,17 stuck 0
RC WALK 468 id 29 role defend pos 8,17 tgt 2,14 want NORTH
RC POS 469 id 29 seat 4 role defend fs 0 body 1 pos 8,16 stuck 0
RC WALK 469 id 29 role defend pos 8,16 tgt 2,14 want NORTH
RC POS 470 id 29 seat 4 role defend fs 0 body 1 pos 8,15 stuck 0
RC WALK 470 id 29 role defend pos 8,15 tgt 2,14 want NORTH
RC POS 471 id 29 seat 4 role defend fs 0 body 1 pos 8,14 stuck 0
RC WALK 471 id 29 role defend pos 8,14 tgt 2,14 want SOUTH
RC POS 472 id 29 seat 4 role defend fs 0 body 1 pos 8,15 stuck 0
RC WALK 472 id 29 role defend pos 8,15 tgt 2,14 want SOUTH
RC POS 473 id 29 seat 4 role defend fs 0 body 1 pos 8,16 stuck 0
RC WALK 473 id 29 role defend pos 8,16 tgt 2,14 want SOUTH
RC POS 474 id 29 seat 4 role defend fs 0 body 1 pos 8,17 stuck 0
RC WALK 474 id 29 role defend pos 8,17 tgt 2,14 want NORTH
RC POS 475 id 29 seat 4 role defend fs 0 body 1 pos 8,16 stuck 0
RC WALK 475 id 29 role defend pos 8,16 tgt 2,14 want SOUTH
RC POS 476 id 29 seat 4 role defend fs 0 body 1 pos 8,17 stuck 0
RC WALK 476 id 29 role defend pos 8,17 tgt 2,14 want NORTH
RC POS 477 id 29 seat 4 role defend fs 0 body 1 pos 8,16 stuck 0
RC WALK 477 id 29 role defend pos 8,16 tgt 2,14 want SOUTH
RC POS 478 id 29 seat 4 role defend fs 0 body 1 pos 8,17 stuck 0
RC WALK 478 id 29 role defend pos 8,17 tgt 2,14 want NORTH
RC POS 479 id 29 seat 4 role defend fs 0 body 1 pos 8,16 stuck 0
RC WALK 479 id 29 role defend pos 8,16 tgt 2,14 want SOUTH
RC POS 480 id 29 seat 4 role defend fs 0 body 1 pos 8,17 stuck 0
RC WALK 480 id 29 role defend pos 8,17 tgt 2,14 want NORTH
RC POS 481 id 29 seat 4 role defend fs 0 body 1 pos 8,16 stuck 0
RC WALK 481 id 29 role defend pos 8,16 tgt 2,14 want SOUTH
RC POS 482 id 29 seat 4 role defend fs 0 body 1 pos 8,17 stuck 0
RC WALK 482 id 29 role defend pos 8,17 tgt 2,14 want NORTH
RC POS 483 id 29 seat 4 role defend fs 0 body 1 pos 8,16 stuck 0
RC WALK 483 id 29 role defend pos 8,16 tgt 2,14 want SOUTH
RC POS 484 id 29 seat 4 role defend fs 0 body 1 pos 8,17 stuck 0
RC WALK 484 id 29 role defend pos 8,17 tgt 2,14 want NORTH
RC POS 485 id 29 seat 4 role defend fs 0 body 1 pos 8,16 stuck 0
RC WALK 485 id 29 role defend pos 8,16 tgt 2,14 want SOUTH
RC POS 486 id 29 seat 4 role defend fs 0 body 1 pos 8,17 stuck 0
RC WALK 486 id 29 role defend pos 8,17 tgt 2,14 want NORTH
RC POS 487 id 29 seat 4 role defend fs 0 body 1 pos 8,16 stuck 0
RC WALK 487 id 29 role defend pos 8,16 tgt 2,14 want SOUTH
RC POS 488 id 29 seat 4 role defend fs 0 body 1 pos 8,17 stuck 0
RC WALK 488 id 29 role defend pos 8,17 tgt 2,14 want NORTH
RC POS 489 id 29 seat 4 role defend fs 0 body 1 pos 8,16 stuck 0
RC WALK 489 id 29 role defend pos 8,16 tgt 2,14 want SOUTH
RC POS 490 id 29 seat 4 role defend fs 0 body 1 pos 8,17 stuck 0
RC WALK 490 id 29 role defend pos 8,17 tgt 2,14 want NORTH
RC POS 491 id 29 seat 4 role defend fs 0 body 1 pos 8,16 stuck 0
RC WALK 491 id 29 role defend pos 8,16 tgt 2,14 want SOUTH
RC POS 492 id 29 seat 4 role defend fs 0 body 1 pos 8,17 stuck 0
RC WALK 492 id 29 role defend pos 8,17 tgt 2,14 want NORTH
RC POS 493 id 29 seat 4 role defend fs 0 body 1 pos 8,16 stuck 0
RC WALK 493 id 29 role defend pos 8,16 tgt 2,14 want SOUTH
RC POS 494 id 29 seat 4 role defend fs 0 body 1 pos 8,17 stuck 0
RC WALK 494 id 29 role defend pos 8,17 tgt 2,14 want NORTH
RC POS 495 id 29 seat 4 role defend fs 0 body 1 pos 8,16 stuck 0
RC WALK 495 id 29 role defend pos 8,16 tgt 2,14 want SOUTH
RC POS 496 id 29 seat 4 role defend fs 0 body 1 pos 8,17 stuck 0
RC WALK 496 id 29 role defend pos 8,17 tgt 2,14 want NORTH
RC POS 497 id 29 seat 4 role defend fs 0 body 1 pos 8,16 stuck 0
RC WALK 497 id 29 role defend pos 8,16 tgt 2,14 want SOUTH
RC POS 498 id 29 seat 4 role defend fs 0 body 1 pos 8,17 stuck 0
RC WALK 498 id 29 role defend pos 8,17 tgt 2,14 want NORTH
RC POS 499 id 29 seat 4 role defend fs 0 body 1 pos 8,16 stuck 0
RC WALK 499 id 29 role defend pos 8,16 tgt 2,14 want SOUTH
RC POS 500 id 29 seat 4 role defend fs 0 body 1 pos 8,17 stuck 0
RC WALK 500 id 29 role defend pos 8,17 tgt 2,14 want NORTH
RC POS 501 id 29 seat 4 role defend fs 0 body 1 pos 8,16 stuck 0
RC WALK 501 id 29 role defend pos 8,16 tgt 2,14 want SOUTH
RC POS 502 id 29 seat 4 role defend fs 0 body 1 pos 8,17 stuck 0
RC WALK 502 id 29 role defend pos 8,17 tgt 2,14 want NORTH
RC POS 503 id 29 seat 4 role defend fs 0 body 1 pos 8,16 stuck 0
RC WALK 503 id 29 role defend pos 8,16 tgt 2,14 want SOUTH
RC POS 504 id 29 seat 4 role defend fs 0 body 1 pos 8,17 stuck 0
RC WALK 504 id 29 role defend pos 8,17 tgt 2,14 want NORTH
RC POS 505 id 29 seat 4 role defend fs 0 body 1 pos 8,16 stuck 0
RC WALK 505 id 29 role defend pos 8,16 tgt 2,14 want SOUTH
RC POS 506 id 29 seat 4 role defend fs 0 body 1 pos 8,17 stuck 0
RC WALK 506 id 29 role defend pos 8,17 tgt 2,14 want NORTH
RC POS 507 id 29 seat 4 role defend fs 0 body 1 pos 8,16 stuck 0
RC WALK 507 id 29 role defend pos 8,16 tgt 2,14 want SOUTH
RC POS 508 id 29 seat 4 role defend fs 0 body 1 pos 8,17 stuck 0
RC WALK 508 id 29 role defend pos 8,17 tgt 2,14 want NORTH
RC POS 509 id 29 seat 4 role defend fs 0 body 1 pos 8,16 stuck 0
RC WALK 509 id 29 role defend pos 8,16 tgt 2,14 want SOUTH
RC POS 510 id 29 seat 4 role defend fs 0 body 1 pos 8,17 stuck 0
RC WALK 510 id 29 role defend pos 8,17 tgt 2,14 want NORTH
RC POS 511 id 29 seat 4 role defend fs 0 body 1 pos 8,16 stuck 0
RC WALK 511 id 29 role defend pos 8,16 tgt 2,14 want SOUTH
RC POS 512 id 29 seat 4 role defend fs 0 body 1 pos 8,17 stuck 0
RC WALK 512 id 29 role defend pos 8,17 tgt 2,14 want NORTH
RC POS 513 id 29 seat 4 role defend fs 0 body 1 pos 8,16 stuck 0
RC WALK 513 id 29 role defend pos 8,16 tgt 2,14 want SOUTH
RC POS 514 id 29 seat 4 role defend fs 0 body 1 pos 8,17 stuck 0
RC WALK 514 id 29 role defend pos 8,17 tgt 2,14 want NORTH
RC POS 515 id 29 seat 4 role defend fs 0 body 1 pos 8,16 stuck 0
RC WALK 515 id 29 role defend pos 8,16 tgt 2,14 want SOUTH
RC POS 516 id 29 seat 4 role defend fs 0 body 1 pos 8,17 stuck 0
RC WALK 516 id 29 role defend pos 8,17 tgt 2,14 want NORTH
RC POS 517 id 29 seat 4 role defend fs 0 body 1 pos 8,16 stuck 0
RC WALK 517 id 29 role defend pos 8,16 tgt 2,14 want SOUTH
RC POS 518 id 29 seat 4 role defend fs 0 body 1 pos 8,17 stuck 0
RC WALK 518 id 29 role defend pos 8,17 tgt 2,14 want NORTH
RC POS 519 id 29 seat 4 role defend fs 0 body 1 pos 8,16 stuck 0
RC WALK 519 id 29 role defend pos 8,16 tgt 2,14 want SOUTH
RC POS 520 id 29 seat 4 role defend fs 0 body 1 pos 8,17 stuck 0
RC WALK 520 id 29 role defend pos 8,17 tgt 2,14 want NORTH
RC POS 521 id 29 seat 4 role defend fs 0 body 1 pos 8,16 stuck 0
RC WALK 521 id 29 role defend pos 8,16 tgt 2,14 want SOUTH
RC POS 522 id 29 seat 4 role defend fs 0 body 1 pos 8,17 stuck 0
RC WALK 522 id 29 role defend pos 8,17 tgt 2,14 want NORTH
RC POS 523 id 29 seat 4 role defend fs 0 body 1 pos 8,16 stuck 0
RC WALK 523 id 29 role defend pos 8,16 tgt 2,14 want SOUTH
RC POS 524 id 29 seat 4 role defend fs 0 body 1 pos 8,17 stuck 0
RC WALK 524 id 29 role defend pos 8,17 tgt 2,14 want NORTH
RC POS 525 id 29 seat 4 role defend fs 0 body 1 pos 8,16 stuck 0
RC WALK 525 id 29 role defend pos 8,16 tgt 2,14 want SOUTH
RC POS 526 id 29 seat 4 role defend fs 0 body 1 pos 8,17 stuck 0
RC WALK 526 id 29 role defend pos 8,17 tgt 7,13 want NORTH
RC POS 527 id 29 seat 4 role defend fs 0 body 1 pos 8,16 stuck 0
RC WALK 527 id 29 role defend pos 8,16 tgt 6,13 want NORTH
RC POS 528 id 29 seat 4 role defend fs 0 body 1 pos 8,15 stuck 0
RC WALK 528 id 29 role defend pos 8,15 tgt 7,13 want NORTH
RC POS 529 id 29 seat 4 role defend fs 0 body 1 pos 8,14 stuck 0
RC WALK 529 id 29 role defend pos 8,14 tgt 7,14 want CENTRE
RC POS 530 id 29 seat 4 role defend fs 0 body 1 pos 8,14 stuck 1
RC WALK 530 id 29 role defend pos 8,14 tgt 7,15 want WEST
RC POS 531 id 29 seat 4 role defend fs 0 body 1 pos 7,14 stuck 0
RC WALK 531 id 29 role defend pos 7,14 tgt 7,16 want SOUTH
RC POS 532 id 29 seat 4 role defend fs 0 body 1 pos 7,15 stuck 0
RC WALK 532 id 29 role defend pos 7,15 tgt 2,14 want EAST
RC POS 533 id 29 seat 4 role defend fs 0 body 1 pos 8,15 stuck 0
RC WALK 533 id 29 role defend pos 8,15 tgt 2,14 want SOUTH
RC POS 534 id 29 seat 4 role defend fs 0 body 1 pos 8,16 stuck 0
RC WALK 534 id 29 role defend pos 8,16 tgt 2,14 want NORTH
RC POS 535 id 29 seat 4 role defend fs 0 body 1 pos 8,15 stuck 0
RC WALK 535 id 29 role defend pos 8,15 tgt 2,14 want NORTH
RC POS 536 id 29 seat 4 role defend fs 0 body 1 pos 8,14 stuck 0
RC WALK 536 id 29 role defend pos 8,14 tgt 2,14 want SOUTH
RC POS 537 id 29 seat 4 role defend fs 0 body 1 pos 8,15 stuck 0
RC WALK 537 id 29 role defend pos 8,15 tgt 7,16 want WEST
RC POS 538 id 29 seat 4 role defend fs 0 body 1 pos 7,15 stuck 0
RC WALK 538 id 29 role defend pos 7,15 tgt 6,16 want SOUTH
RC POS 539 id 29 seat 4 role defend fs 0 body 1 pos 7,16 stuck 0
RC WALK 539 id 29 role defend pos 7,16 tgt 5,16 want WEST
RC POS 540 id 29 seat 4 role defend fs 0 body 1 pos 6,16 stuck 0
RC WALK 540 id 29 role defend pos 6,16 tgt 5,15 want WEST
RC POS 541 id 29 seat 4 role defend fs 0 body 1 pos 5,16 stuck 0
RC WALK 541 id 29 role defend pos 5,16 tgt 5,14 want NORTH
RC POS 542 id 29 seat 4 role defend fs 0 body 1 pos 5,15 stuck 0
RC WALK 542 id 29 role defend pos 5,15 tgt 5,13 want NORTH
RC POS 543 id 29 seat 4 role defend fs 0 body 1 pos 5,14 stuck 0
RC WALK 543 id 29 role defend pos 5,14 tgt 6,13 want NORTH
RC POS 544 id 29 seat 4 role defend fs 0 body 1 pos 5,13 stuck 0
RC WALK 544 id 29 role defend pos 5,13 tgt 7,13 want EAST
RC POS 545 id 29 seat 4 role defend fs 0 body 1 pos 6,13 stuck 0
RC WALK 545 id 29 role defend pos 6,13 tgt 7,14 want EAST
RC POS 546 id 29 seat 4 role defend fs 0 body 1 pos 7,13 stuck 0
RC WALK 546 id 29 role defend pos 7,13 tgt 7,15 want SOUTH
RC POS 547 id 29 seat 4 role defend fs 0 body 1 pos 7,14 stuck 0
RC WALK 547 id 29 role defend pos 7,14 tgt 7,16 want SOUTH
RC POS 548 id 29 seat 4 role defend fs 0 body 1 pos 7,15 stuck 0
RC WALK 548 id 29 role defend pos 7,15 tgt 2,14 want EAST
RC POS 549 id 29 seat 4 role defend fs 0 body 1 pos 8,15 stuck 0
RC WALK 549 id 29 role defend pos 8,15 tgt 2,14 want SOUTH
RC POS 550 id 29 seat 4 role defend fs 0 body 1 pos 8,16 stuck 0
RC WALK 550 id 29 role defend pos 8,16 tgt 2,14 want EAST
RC POS 551 id 29 seat 4 role defend fs 0 body 1 pos 9,16 stuck 0
RC WALK 551 id 29 role defend pos 9,16 tgt 2,14 want WEST
RC POS 552 id 29 seat 4 role defend fs 0 body 1 pos 8,16 stuck 0
RC WALK 552 id 29 role defend pos 8,16 tgt 2,14 want NORTH
RC POS 553 id 29 seat 4 role defend fs 0 body 1 pos 8,15 stuck 0
RC WALK 553 id 29 role defend pos 8,15 tgt 2,14 want SOUTH
RC POS 554 id 29 seat 4 role defend fs 0 body 1 pos 8,16 stuck 0
RC WALK 554 id 29 role defend pos 8,16 tgt 2,14 want NORTH
RC POS 555 id 29 seat 4 role defend fs 0 body 1 pos 8,15 stuck 0
RC WALK 555 id 29 role defend pos 8,15 tgt 2,14 want SOUTH
RC POS 556 id 29 seat 4 role defend fs 0 body 1 pos 8,16 stuck 0
RC WALK 556 id 29 role defend pos 8,16 tgt 2,14 want NORTH
RC POS 557 id 29 seat 4 role defend fs 0 body 1 pos 8,15 stuck 0
RC WALK 557 id 29 role defend pos 8,15 tgt 2,14 want SOUTH
RC POS 558 id 29 seat 4 role defend fs 0 body 1 pos 8,16 stuck 0
RC WALK 558 id 29 role defend pos 8,16 tgt 2,14 want NORTH
RC POS 559 id 29 seat 4 role defend fs 0 body 1 pos 8,15 stuck 0
RC WALK 559 id 29 role defend pos 8,15 tgt 2,14 want SOUTH
RC POS 560 id 29 seat 4 role defend fs 0 body 1 pos 8,16 stuck 0
RC WALK 560 id 29 role defend pos 8,16 tgt 2,14 want NORTH
RC POS 561 id 29 seat 4 role defend fs 0 body 1 pos 8,15 stuck 0
RC WALK 561 id 29 role defend pos 8,15 tgt 2,14 want SOUTH
RC POS 562 id 29 seat 4 role defend fs 0 body 1 pos 8,16 stuck 0
RC WALK 562 id 29 role defend pos 8,16 tgt 2,14 want NORTH
RC POS 563 id 29 seat 4 role defend fs 0 body 1 pos 8,15 stuck 0
RC WALK 563 id 29 role defend pos 8,15 tgt 2,14 want SOUTH
RC POS 564 id 29 seat 4 role defend fs 0 body 1 pos 8,16 stuck 0
RC WALK 564 id 29 role defend pos 8,16 tgt 2,14 want NORTH
RC POS 565 id 29 seat 4 role defend fs 0 body 1 pos 8,15 stuck 0
RC WALK 565 id 29 role defend pos 8,15 tgt 2,14 want SOUTH
RC POS 566 id 29 seat 4 role defend fs 0 body 1 pos 8,16 stuck 0
RC WALK 566 id 29 role defend pos 8,16 tgt 2,14 want NORTH
RC POS 567 id 29 seat 4 role defend fs 0 body 1 pos 8,15 stuck 0
RC WALK 567 id 29 role defend pos 8,15 tgt 2,14 want SOUTH
RC POS 568 id 29 seat 4 role defend fs 0 body 1 pos 8,16 stuck 0
RC WALK 568 id 29 role defend pos 8,16 tgt 2,14 want NORTH
RC POS 569 id 29 seat 4 role defend fs 0 body 1 pos 8,15 stuck 0
RC WALK 569 id 29 role defend pos 8,15 tgt 2,14 want SOUTH
RC POS 570 id 29 seat 4 role defend fs 0 body 1 pos 8,16 stuck 0
RC WALK 570 id 29 role defend pos 8,16 tgt 2,14 want NORTH
RC POS 571 id 29 seat 4 role defend fs 0 body 1 pos 8,15 stuck 0
RC WALK 571 id 29 role defend pos 8,15 tgt 2,14 want SOUTH
RC POS 572 id 29 seat 4 role defend fs 0 body 1 pos 8,16 stuck 0
RC WALK 572 id 29 role defend pos 8,16 tgt 2,14 want NORTH
RC POS 573 id 29 seat 4 role defend fs 0 body 1 pos 8,15 stuck 0
RC WALK 573 id 29 role defend pos 8,15 tgt 2,14 want SOUTH
RC POS 574 id 29 seat 4 role defend fs 0 body 1 pos 8,16 stuck 0
RC WALK 574 id 29 role defend pos 8,16 tgt 2,14 want NORTH
RC POS 575 id 29 seat 4 role defend fs 0 body 1 pos 8,15 stuck 0
RC WALK 575 id 29 role defend pos 8,15 tgt 2,14 want SOUTH
RC POS 576 id 29 seat 4 role defend fs 0 body 1 pos 8,16 stuck 0
RC WALK 576 id 29 role defend pos 8,16 tgt 2,14 want NORTH
RC POS 577 id 29 seat 4 role defend fs 0 body 1 pos 8,15 stuck 0
RC WALK 577 id 29 role defend pos 8,15 tgt 2,14 want SOUTH
RC POS 578 id 29 seat 4 role defend fs 0 body 1 pos 8,16 stuck 0
RC WALK 578 id 29 role defend pos 8,16 tgt 2,14 want NORTH
RC POS 579 id 29 seat 4 role defend fs 0 body 1 pos 8,15 stuck 0
RC WALK 579 id 29 role defend pos 8,15 tgt 2,14 want SOUTH
RC POS 580 id 29 seat 4 role defend fs 0 body 1 pos 8,16 stuck 0
RC WALK 580 id 29 role defend pos 8,16 tgt 2,14 want NORTH
RC POS 581 id 29 seat 4 role defend fs 0 body 1 pos 8,15 stuck 0
RC WALK 581 id 29 role defend pos 8,15 tgt 2,14 want SOUTH
RC POS 582 id 29 seat 4 role defend fs 0 body 1 pos 8,16 stuck 0
RC WALK 582 id 29 role defend pos 8,16 tgt 2,14 want NORTH
RC POS 583 id 29 seat 4 role defend fs 0 body 1 pos 8,15 stuck 0
RC WALK 583 id 29 role defend pos 8,15 tgt 2,14 want NORTH
RC POS 584 id 29 seat 4 role defend fs 0 body 1 pos 8,14 stuck 0
RC WALK 584 id 29 role defend pos 8,14 tgt 2,14 want SOUTH
RC POS 585 id 29 seat 4 role defend fs 0 body 1 pos 8,15 stuck 0
RC WALK 585 id 29 role defend pos 8,15 tgt 2,14 want SOUTH
RC POS 586 id 29 seat 4 role defend fs 0 body 1 pos 8,16 stuck 0
RC WALK 586 id 29 role defend pos 8,16 tgt 2,14 want EAST
RC POS 587 id 29 seat 4 role defend fs 0 body 1 pos 9,16 stuck 0
RC WALK 587 id 29 role defend pos 9,16 tgt 2,14 want EAST
RC POS 588 id 29 seat 4 role defend fs 0 body 1 pos 10,16 stuck 0
RC WALK 588 id 29 role defend pos 10,16 tgt 7,16 want WEST
RC POS 589 id 29 seat 4 role defend fs 0 body 1 pos 9,16 stuck 0
RC WALK 589 id 29 role defend pos 9,16 tgt 8,14 want NORTH
RC POS 590 id 29 seat 4 role defend fs 0 body 1 pos 9,15 stuck 0
RC WALK 590 id 29 role defend pos 9,15 tgt 6,16 want SOUTH
RC POS 591 id 29 seat 4 role defend fs 0 body 1 pos 9,16 stuck 0
RC WALK 591 id 29 role defend pos 9,16 tgt 8,14 want NORTH
RC POS 592 id 29 seat 4 role defend fs 0 body 1 pos 9,15 stuck 0
RC WALK 592 id 29 role defend pos 9,15 tgt 5,15 want SOUTH
RC POS 593 id 29 seat 4 role defend fs 0 body 1 pos 9,16 stuck 0
RC WALK 593 id 29 role defend pos 9,16 tgt 8,14 want NORTH
RC POS 594 id 29 seat 4 role defend fs 0 body 1 pos 9,15 stuck 0
RC WALK 594 id 29 role defend pos 9,15 tgt 2,14 want NORTH
RC POS 595 id 29 seat 4 role defend fs 0 body 1 pos 9,14 stuck 0
RC WALK 595 id 29 role defend pos 9,14 tgt 2,14 want NORTH
RC POS 596 id 29 seat 4 role defend fs 0 body 1 pos 9,13 stuck 0
RC WALK 596 id 29 role defend pos 9,13 tgt 2,14 want WEST
RC POS 597 id 29 seat 4 role defend fs 0 body 1 pos 8,13 stuck 0
RC WALK 597 id 29 role defend pos 8,13 tgt 2,14 want SOUTH
RC POS 598 id 29 seat 4 role defend fs 0 body 1 pos 8,14 stuck 0
RC WALK 598 id 29 role defend pos 8,14 tgt 2,14 want SOUTH
