Update available: 2.3.6 -> 2.3.8. Run: pip install --upgrade fcode
RC MAP w 30 h 30 ours 14,2 theirs 14,26
RC SEAT 1 id 3 seat 0
RC POS 1 id 3 seat 0 role raid fs 1 body 1 pos 14,4 stuck 0
RC POS 2 id 3 seat 0 role raid fs 1 body 1 pos 14,4 stuck 1
RC SEAT 2 id 5 seat 1
RC POS 2 id 5 seat 1 role expand fs 0 body 1 pos 13,4 stuck 0
V528 PICK r 2 id 5 tgt 3,2 cs 42 bs 42 reg 0 cc 10 bc 10 cands 6 banned 0 regall 0 seat 1
RC WALK 2 id 5 role expand pos 13,4 tgt 3,2 want WEST
RC POS 3 id 3 seat 0 role raid fs 1 body 1 pos 14,4 stuck 2
RC POS 3 id 5 seat 1 role expand fs 0 body 1 pos 12,4 stuck 0
RC WALK 3 id 5 role expand pos 12,4 tgt 3,2 want WEST
RC SEAT 3 id 7 seat 2
RC POS 3 id 7 seat 2 role expand fs 0 body 1 pos 13,3 stuck 0
V528 PICK r 3 id 7 tgt 14,14 cs 45 bs 45 reg 0 cc 11 bc 11 cands 6 banned 0 regall 0 seat 2
RC WALK 3 id 7 role expand pos 13,3 tgt 14,14 want WEST
RC POS 4 id 3 seat 0 role raid fs 1 body 1 pos 14,4 stuck 3
RC POS 4 id 5 seat 1 role expand fs 0 body 1 pos 11,4 stuck 0
RC WALK 4 id 5 role expand pos 11,4 tgt 3,2 want WEST
RC POS 4 id 7 seat 2 role expand fs 0 body 1 pos 12,3 stuck 0
RC WALK 4 id 7 role expand pos 12,3 tgt 14,14 want SOUTH
RC SEAT 4 id 9 seat 3
RC POS 4 id 9 seat 3 role raid fs 1 body 2 pos 13,4 stuck 0
RC POS 5 id 3 seat 0 role raid fs 1 body 1 pos 14,4 stuck 4
RC POS 5 id 5 seat 1 role expand fs 0 body 1 pos 10,4 stuck 0
RC WALK 5 id 5 role expand pos 10,4 tgt 3,2 want WEST
RC POS 5 id 7 seat 2 role expand fs 0 body 1 pos 12,4 stuck 0
RC WALK 5 id 7 role expand pos 12,4 tgt 14,14 want SOUTH
RC POS 5 id 9 seat 3 role raid fs 1 body 2 pos 13,4 stuck 1
RC POS 6 id 3 seat 0 role raid fs 1 body 1 pos 14,4 stuck 5
RC POS 6 id 5 seat 1 role expand fs 0 body 1 pos 9,4 stuck 0
RC WALK 6 id 5 role expand pos 9,4 tgt 3,2 want WEST
RC POS 6 id 7 seat 2 role expand fs 0 body 1 pos 12,5 stuck 0
RC WALK 6 id 7 role expand pos 12,5 tgt 14,14 want SOUTH
RC POS 6 id 9 seat 3 role raid fs 1 body 2 pos 13,5 stuck 0
RC POS 7 id 3 seat 0 role raid fs 1 body 1 pos 15,10 stuck 0
RC POS 7 id 5 seat 1 role expand fs 0 body 1 pos 8,4 stuck 0
RC WALK 7 id 5 role expand pos 8,4 tgt 3,2 want WEST
RC POS 7 id 7 seat 2 role expand fs 0 body 1 pos 12,6 stuck 0
RC WALK 7 id 7 role expand pos 12,6 tgt 14,14 want SOUTH
RC POS 7 id 9 seat 3 role raid fs 1 body 2 pos 13,6 stuck 0
RC POS 8 id 3 seat 0 role raid fs 1 body 1 pos 15,10 stuck 1
RC POS 8 id 5 seat 1 role expand fs 0 body 1 pos 7,4 stuck 0
RC WALK 8 id 5 role expand pos 7,4 tgt 4,2 want WEST
RC POS 8 id 7 seat 2 role expand fs 0 body 1 pos 12,7 stuck 0
RC WALK 8 id 7 role expand pos 12,7 tgt 14,14 want SOUTH
RC POS 8 id 9 seat 3 role raid fs 1 body 2 pos 14,10 stuck 0
RC POS 9 id 3 seat 0 role raid fs 1 body 1 pos 16,16 stuck 0
RC POS 9 id 5 seat 1 role expand fs 0 body 1 pos 6,4 stuck 0
RC WALK 9 id 5 role expand pos 6,4 tgt 4,2 want WEST
RC POS 9 id 7 seat 2 role expand fs 0 body 1 pos 12,8 stuck 0
RC WALK 9 id 7 role expand pos 12,8 tgt 14,14 want SOUTH
RC POS 9 id 9 seat 3 role raid fs 1 body 2 pos 14,11 stuck 0
RC POS 10 id 3 seat 0 role raid fs 1 body 1 pos 16,16 stuck 1
RC POS 10 id 5 seat 1 role expand fs 0 body 1 pos 5,4 stuck 0
RC WALK 10 id 5 role expand pos 5,4 tgt 4,2 want NORTH
RC POS 10 id 7 seat 2 role expand fs 0 body 1 pos 12,9 stuck 0
RC WALK 10 id 7 role expand pos 12,9 tgt 14,14 want SOUTH
RC POS 10 id 9 seat 3 role raid fs 1 body 2 pos 15,16 stuck 0
RC POS 11 id 3 seat 0 role raid fs 1 body 1 pos 16,22 stuck 0
RC POS 11 id 5 seat 1 role expand fs 0 body 1 pos 5,3 stuck 0
RC WALK 11 id 5 role expand pos 5,3 tgt 4,2 want NORTH
RC POS 11 id 7 seat 2 role expand fs 0 body 1 pos 12,10 stuck 0
RC WALK 11 id 7 role expand pos 12,10 tgt 14,13 want EAST
RC POS 11 id 9 seat 3 role raid fs 1 body 2 pos 15,17 stuck 0
RC POS 12 id 3 seat 0 role raid fs 1 body 1 pos 16,22 stuck 1
RC POS 12 id 5 seat 1 role expand fs 0 body 1 pos 5,2 stuck 0
RC WALK 12 id 5 role expand pos 5,2 tgt 4,2 want WEST
RC POS 12 id 7 seat 2 role expand fs 0 body 1 pos 13,10 stuck 0
RC WALK 12 id 7 role expand pos 13,10 tgt 14,13 want EAST
RC POS 12 id 9 seat 3 role raid fs 1 body 2 pos 15,22 stuck 0
RC POS 13 id 3 seat 0 role raid fs 1 body 1 pos 13,27 stuck 0
RC POS 13 id 5 seat 1 role expand fs 0 body 1 pos 4,2 stuck 0
V528 CONN r 13 id 5 at 3,2 chosen 12 best 12 regret 0 cands 5 role expand seat 1
RC POS 13 id 7 seat 2 role expand fs 0 body 1 pos 14,10 stuck 0
RC WALK 13 id 7 role expand pos 14,10 tgt 14,13 want SOUTH
RC POS 13 id 9 seat 3 role raid fs 1 body 2 pos 15,23 stuck 0
RC POS 14 id 3 seat 0 role raid fs 1 body 1 pos 13,27 stuck 1
RC WALK 14 id 3 role raid pos 13,27 tgt 13,28 want SOUTH
RC POS 14 id 5 seat 1 role expand fs 0 body 1 pos 4,2 stuck 1
RC POS 14 id 7 seat 2 role expand fs 0 body 1 pos 14,11 stuck 0
RC WALK 14 id 7 role expand pos 14,11 tgt 14,13 want SOUTH
RC POS 14 id 9 seat 3 role raid fs 1 body 2 pos 14,25 stuck 0
RC POS 15 id 3 seat 0 role raid fs 1 body 1 pos 13,28 stuck 0
RC POS 15 id 5 seat 1 role expand fs 0 body 1 pos 4,2 stuck 2
RC POS 15 id 7 seat 2 role expand fs 0 body 1 pos 14,12 stuck 0
RC WALK 15 id 7 role expand pos 14,12 tgt 14,13 want SOUTH
RC POS 15 id 9 seat 3 role raid fs 1 body 2 pos 14,25 stuck 1
RC SEAT 15 id 18 seat 4
RC POS 15 id 18 seat 4 role defend fs 0 body 1 pos 15,4 stuck 0
RC WALK 15 id 18 role defend pos 15,4 tgt 11,6 want WEST
RC POS 16 id 3 seat 0 role raid fs 1 body 1 pos 14,28 stuck 0
RC POS 16 id 5 seat 1 role expand fs 0 body 1 pos 5,2 stuck 0
RC POS 16 id 7 seat 2 role expand fs 0 body 1 pos 14,13 stuck 0
V528 CONN r 16 id 7 at 14,14 chosen 12 best 12 regret 0 cands 5 role expand seat 2
RC POS 16 id 9 seat 3 role raid fs 1 body 2 pos 14,25 stuck 2
RC POS 16 id 18 seat 4 role defend fs 0 body 1 pos 14,4 stuck 0
RC WALK 16 id 18 role defend pos 14,4 tgt 11,6 want WEST
RC POS 17 id 3 seat 0 role raid fs 1 body 1 pos 14,28 stuck 1
RC WALK 17 id 3 role raid pos 14,28 tgt 16,28 want SOUTH
RC POS 17 id 5 seat 1 role expand fs 0 body 1 pos 5,2 stuck 1
RC POS 17 id 7 seat 2 role expand fs 0 body 1 pos 14,13 stuck 1
RC POS 17 id 9 seat 3 role raid fs 1 body 2 pos 14,25 stuck 3
RC POS 17 id 18 seat 4 role defend fs 0 body 1 pos 13,4 stuck 0
RC WALK 17 id 18 role defend pos 13,4 tgt 11,6 want WEST
RC POS 18 id 3 seat 0 role raid fs 1 body 1 pos 14,29 stuck 0
RC POS 18 id 5 seat 1 role expand fs 0 body 1 pos 5,2 stuck 2
RC WALK 18 id 5 role expand pos 5,2 tgt 7,2 want EAST
RC POS 18 id 7 seat 2 role expand fs 0 body 1 pos 14,13 stuck 2
RC POS 18 id 9 seat 3 role raid fs 1 body 2 pos 14,25 stuck 4
RC POS 18 id 18 seat 4 role defend fs 0 body 1 pos 12,4 stuck 0
RC WALK 18 id 18 role defend pos 12,4 tgt 11,6 want SOUTH
RC POS 19 id 3 seat 0 role raid fs 1 body 1 pos 14,29 stuck 1
RC WALK 19 id 3 role raid pos 14,29 tgt 16,28 want EAST
RC POS 19 id 5 seat 1 role expand fs 0 body 1 pos 6,2 stuck 0
RC POS 19 id 7 seat 2 role expand fs 0 body 1 pos 14,12 stuck 0
RC POS 19 id 9 seat 3 role raid fs 1 body 2 pos 14,25 stuck 5
RC POS 19 id 18 seat 4 role defend fs 0 body 1 pos 12,5 stuck 0
RC WALK 19 id 18 role defend pos 12,5 tgt 11,6 want WEST
RC POS 20 id 3 seat 0 role raid fs 1 body 1 pos 15,29 stuck 0
RC WALK 20 id 3 role raid pos 15,29 tgt 16,28 want EAST
RC POS 20 id 5 seat 1 role expand fs 0 body 1 pos 6,2 stuck 1
RC WALK 20 id 5 role expand pos 6,2 tgt 8,2 want EAST
RC POS 20 id 7 seat 2 role expand fs 0 body 1 pos 14,12 stuck 1
RC POS 20 id 9 seat 3 role raid fs 1 body 2 pos 14,25 stuck 6
RC POS 20 id 18 seat 4 role defend fs 0 body 1 pos 11,5 stuck 0
RC WALK 20 id 18 role defend pos 11,5 tgt 11,6 want SOUTH
RC POS 21 id 3 seat 0 role raid fs 1 body 1 pos 16,29 stuck 0
RC WALK 21 id 3 role raid pos 16,29 tgt 16,28 want NORTH
RC POS 21 id 5 seat 1 role expand fs 0 body 1 pos 7,2 stuck 0
RC POS 21 id 7 seat 2 role expand fs 0 body 1 pos 14,12 stuck 2
RC WALK 21 id 7 role expand pos 14,12 tgt 14,10 want NORTH
RC POS 21 id 9 seat 3 role raid fs 1 body 2 pos 14,25 stuck 7
RC POS 21 id 18 seat 4 role defend fs 0 body 1 pos 11,6 stuck 0
RC WALK 21 id 18 role defend pos 11,6 tgt 9,3 want NORTH
RC POS 22 id 3 seat 0 role raid fs 1 body 1 pos 16,28 stuck 0
RC POS 22 id 5 seat 1 role expand fs 0 body 1 pos 7,2 stuck 1
RC WALK 22 id 5 role expand pos 7,2 tgt 9,2 want EAST
RC POS 22 id 7 seat 2 role expand fs 0 body 1 pos 14,11 stuck 0
RC POS 22 id 9 seat 3 role raid fs 1 body 2 pos 14,25 stuck 8
RC POS 22 id 18 seat 4 role defend fs 0 body 1 pos 11,5 stuck 0
RC WALK 22 id 18 role defend pos 11,5 tgt 9,3 want WEST
RC POS 23 id 3 seat 0 role raid fs 1 body 1 pos 16,28 stuck 1
RC WALK 23 id 3 role raid pos 16,28 tgt 16,25 want EAST
RC POS 23 id 5 seat 1 role expand fs 0 body 1 pos 8,2 stuck 0
RC POS 23 id 7 seat 2 role expand fs 0 body 1 pos 14,11 stuck 1
RC WALK 23 id 7 role expand pos 14,11 tgt 14,9 want NORTH
RC POS 23 id 9 seat 3 role raid fs 1 body 2 pos 14,25 stuck 9
RC POS 23 id 18 seat 4 role defend fs 0 body 1 pos 10,5 stuck 0
RC WALK 23 id 18 role defend pos 10,5 tgt 9,3 want NORTH
RC POS 24 id 3 seat 0 role raid fs 1 body 1 pos 17,28 stuck 0
RC WALK 24 id 3 role raid pos 17,28 tgt 17,26 want NORTH
RC POS 24 id 5 seat 1 role expand fs 0 body 1 pos 8,2 stuck 1
RC WALK 24 id 5 role expand pos 8,2 tgt 10,2 want EAST
RC POS 24 id 7 seat 2 role expand fs 0 body 1 pos 14,10 stuck 0
RC POS 24 id 9 seat 3 role raid fs 1 body 2 pos 14,25 stuck 10
RC POS 24 id 18 seat 4 role defend fs 0 body 1 pos 10,4 stuck 0
RC WALK 24 id 18 role defend pos 10,4 tgt 9,3 want WEST
RC POS 25 id 3 seat 0 role raid fs 1 body 1 pos 17,27 stuck 0
RC WALK 25 id 3 role raid pos 17,27 tgt 17,26 want NORTH
RC POS 25 id 5 seat 1 role expand fs 0 body 1 pos 9,2 stuck 0
RC POS 25 id 7 seat 2 role expand fs 0 body 1 pos 14,10 stuck 1
RC WALK 25 id 7 role expand pos 14,10 tgt 14,8 want NORTH
RC POS 25 id 9 seat 3 role raid fs 1 body 2 pos 14,25 stuck 11
RC POS 25 id 18 seat 4 role defend fs 0 body 1 pos 9,4 stuck 0
RC WALK 25 id 18 role defend pos 9,4 tgt 9,3 want NORTH
RC POS 26 id 3 seat 0 role raid fs 1 body 1 pos 17,26 stuck 0
RC POS 26 id 5 seat 1 role expand fs 0 body 1 pos 9,2 stuck 1
RC POS 26 id 7 seat 2 role expand fs 0 body 1 pos 14,9 stuck 0
RC POS 26 id 9 seat 3 role raid fs 1 body 2 pos 14,25 stuck 12
RC POS 26 id 18 seat 4 role defend fs 0 body 1 pos 9,3 stuck 0
RC WALK 26 id 18 role defend pos 9,3 tgt 9,0 want WEST
RC POS 27 id 3 seat 0 role raid fs 1 body 1 pos 17,26 stuck 1
RC POS 27 id 5 seat 1 role expand fs 0 body 1 pos 9,2 stuck 2
RC POS 27 id 7 seat 2 role expand fs 0 body 1 pos 14,9 stuck 1
RC POS 27 id 9 seat 3 role raid fs 1 body 2 pos 14,25 stuck 13
RC POS 27 id 18 seat 4 role defend fs 0 body 1 pos 8,3 stuck 0
RC WALK 27 id 18 role defend pos 8,3 tgt 9,0 want NORTH
RC POS 28 id 3 seat 0 role raid fs 1 body 1 pos 17,26 stuck 2
RC POS 28 id 5 seat 1 role expand fs 0 body 1 pos 9,2 stuck 3
RC POS 28 id 7 seat 2 role expand fs 0 body 1 pos 14,9 stuck 2
RC POS 28 id 9 seat 3 role raid fs 1 body 2 pos 14,25 stuck 14
RC POS 28 id 18 seat 4 role defend fs 0 body 1 pos 8,2 stuck 0
RC WALK 28 id 18 role defend pos 8,2 tgt 9,0 want NORTH
RC POS 29 id 3 seat 0 role raid fs 1 body 1 pos 17,26 stuck 3
RC WALK 29 id 3 role raid pos 17,26 tgt 12,26 want SOUTH
RC POS 29 id 5 seat 1 role expand fs 0 body 1 pos 9,2 stuck 4
RC WALK 29 id 5 role expand pos 9,2 tgt 11,2 want EAST
RC POS 29 id 7 seat 2 role expand fs 0 body 1 pos 14,9 stuck 3
RC POS 29 id 9 seat 3 role raid fs 1 body 2 pos 14,25 stuck 15
RC POS 29 id 18 seat 4 role defend fs 0 body 1 pos 8,1 stuck 0
RC WALK 29 id 18 role defend pos 8,1 tgt 9,0 want EAST
RC POS 30 id 3 seat 0 role raid fs 1 body 1 pos 17,27 stuck 0
RC WALK 30 id 3 role raid pos 17,27 tgt 12,27 want SOUTH
RC POS 30 id 5 seat 1 role expand fs 0 body 1 pos 10,2 stuck 0
RC POS 30 id 7 seat 2 role expand fs 0 body 1 pos 14,9 stuck 4
RC POS 30 id 9 seat 3 role raid fs 1 body 2 pos 14,25 stuck 16
RC POS 30 id 18 seat 4 role defend fs 0 body 1 pos 9,1 stuck 0
RC WALK 30 id 18 role defend pos 9,1 tgt 9,0 want NORTH
RC POS 31 id 3 seat 0 role raid fs 1 body 1 pos 17,28 stuck 0
RC WALK 31 id 3 role raid pos 17,28 tgt 12,27 want WEST
RC POS 31 id 5 seat 1 role expand fs 0 body 1 pos 10,2 stuck 1
RC POS 31 id 7 seat 2 role expand fs 0 body 1 pos 14,9 stuck 5
RC POS 31 id 9 seat 3 role raid fs 1 body 2 pos 14,25 stuck 17
RC POS 31 id 18 seat 4 role defend fs 0 body 1 pos 9,0 stuck 0
RC WALK 31 id 18 role defend pos 9,0 tgt 11,0 want EAST
RC POS 32 id 3 seat 0 role raid fs 1 body 1 pos 16,28 stuck 0
RC WALK 32 id 3 role raid pos 16,28 tgt 12,27 want SOUTH
RC POS 32 id 5 seat 1 role expand fs 0 body 1 pos 10,2 stuck 2
RC POS 32 id 7 seat 2 role expand fs 0 body 1 pos 14,9 stuck 6
RC POS 32 id 9 seat 3 role raid fs 1 body 2 pos 14,25 stuck 18
RC POS 32 id 18 seat 4 role defend fs 0 body 1 pos 10,0 stuck 0
RC WALK 32 id 18 role defend pos 10,0 tgt 11,0 want EAST
RC POS 33 id 3 seat 0 role raid fs 1 body 1 pos 16,29 stuck 0
RC WALK 33 id 3 role raid pos 16,29 tgt 12,27 want WEST
RC POS 33 id 5 seat 1 role expand fs 0 body 1 pos 10,2 stuck 3
RC WALK 33 id 5 role expand pos 10,2 tgt 12,2 want EAST
RC POS 33 id 7 seat 2 role expand fs 0 body 1 pos 14,9 stuck 7
RC WALK 33 id 7 role expand pos 14,9 tgt 14,7 want NORTH
RC POS 33 id 9 seat 3 role raid fs 1 body 2 pos 14,25 stuck 19
RC POS 33 id 18 seat 4 role defend fs 0 body 1 pos 11,0 stuck 0
RC WALK 33 id 18 role defend pos 11,0 tgt 14,0 want EAST
RC POS 34 id 3 seat 0 role raid fs 1 body 1 pos 15,29 stuck 0
RC WALK 34 id 3 role raid pos 15,29 tgt 12,27 want WEST
RC POS 34 id 5 seat 1 role expand fs 0 body 1 pos 11,2 stuck 0
RC POS 34 id 7 seat 2 role expand fs 0 body 1 pos 14,8 stuck 0
RC POS 34 id 9 seat 3 role raid fs 1 body 2 pos 14,25 stuck 20
RC POS 34 id 18 seat 4 role defend fs 0 body 1 pos 12,0 stuck 0
RC WALK 34 id 18 role defend pos 12,0 tgt 14,0 want EAST
RC POS 35 id 3 seat 0 role raid fs 1 body 1 pos 14,29 stuck 0
RC WALK 35 id 3 role raid pos 14,29 tgt 12,27 want WEST
RC POS 35 id 5 seat 1 role expand fs 0 body 1 pos 11,2 stuck 1
RC POS 35 id 7 seat 2 role expand fs 0 body 1 pos 14,8 stuck 1
RC POS 35 id 9 seat 3 role raid fs 1 body 2 pos 14,25 stuck 21
RC POS 35 id 18 seat 4 role defend fs 0 body 1 pos 13,0 stuck 0
RC WALK 35 id 18 role defend pos 13,0 tgt 14,0 want EAST
RC POS 36 id 3 seat 0 role raid fs 1 body 1 pos 13,29 stuck 0
RC POS 36 id 5 seat 1 role expand fs 0 body 1 pos 11,2 stuck 2
RC POS 36 id 7 seat 2 role expand fs 0 body 1 pos 14,8 stuck 2
RC POS 36 id 9 seat 3 role raid fs 1 body 2 pos 14,25 stuck 22
RC POS 36 id 18 seat 4 role defend fs 0 body 1 pos 14,0 stuck 0
RC WALK 36 id 18 role defend pos 14,0 tgt 16,4 want SOUTH
RC POS 37 id 3 seat 0 role raid fs 1 body 1 pos 14,29 stuck 0
RC WALK 37 id 3 role raid pos 14,29 tgt 12,27 want WEST
RC POS 37 id 5 seat 1 role expand fs 0 body 1 pos 11,2 stuck 3
RC WALK 37 id 5 role expand pos 11,2 tgt 13,2 want EAST
RC POS 37 id 7 seat 2 role expand fs 0 body 1 pos 14,8 stuck 3
RC POS 37 id 9 seat 3 role raid fs 1 body 2 pos 14,25 stuck 23
RC POS 37 id 18 seat 4 role defend fs 0 body 1 pos 14,1 stuck 0
RC WALK 37 id 18 role defend pos 14,1 tgt 16,4 want EAST
RC POS 38 id 3 seat 0 role raid fs 1 body 1 pos 13,29 stuck 0
RC POS 38 id 5 seat 1 role expand fs 0 body 1 pos 12,2 stuck 0
RC POS 38 id 7 seat 2 role expand fs 0 body 1 pos 14,8 stuck 4
RC POS 38 id 9 seat 3 role raid fs 1 body 2 pos 14,25 stuck 24
RC POS 38 id 18 seat 4 role defend fs 0 body 1 pos 15,1 stuck 0
RC WALK 38 id 18 role defend pos 15,1 tgt 16,4 want EAST
RC POS 39 id 3 seat 0 role raid fs 1 body 1 pos 12,29 stuck 0
RC WALK 39 id 3 role raid pos 12,29 tgt 12,27 want NORTH
RC POS 39 id 5 seat 1 role expand fs 0 body 1 pos 12,2 stuck 1
RC POS 39 id 7 seat 2 role expand fs 0 body 1 pos 14,8 stuck 5
RC POS 39 id 9 seat 3 role raid fs 1 body 2 pos 14,25 stuck 25
RC POS 39 id 18 seat 4 role defend fs 0 body 1 pos 16,1 stuck 0
RC WALK 39 id 18 role defend pos 16,1 tgt 16,4 want SOUTH
RC POS 40 id 3 seat 0 role raid fs 1 body 1 pos 12,28 stuck 0
RC WALK 40 id 3 role raid pos 12,28 tgt 12,27 want NORTH
RC POS 40 id 5 seat 1 role expand fs 0 body 1 pos 12,2 stuck 2
RC POS 40 id 7 seat 2 role expand fs 0 body 1 pos 14,8 stuck 6
RC POS 40 id 9 seat 3 role raid fs 1 body 2 pos 14,25 stuck 26
RC POS 40 id 18 seat 4 role defend fs 0 body 1 pos 16,2 stuck 0
RC WALK 40 id 18 role defend pos 16,2 tgt 16,4 want EAST
RC POS 41 id 3 seat 0 role raid fs 1 body 1 pos 12,27 stuck 0
RC POS 41 id 5 seat 1 role expand fs 0 body 1 pos 12,2 stuck 3
RC WALK 41 id 5 role expand pos 12,2 tgt 13,2 want EAST
RC POS 41 id 7 seat 2 role expand fs 0 body 1 pos 14,8 stuck 7
RC WALK 41 id 7 role expand pos 14,8 tgt 14,6 want NORTH
RC POS 41 id 9 seat 3 role raid fs 1 body 2 pos 14,25 stuck 27
RC POS 41 id 18 seat 4 role defend fs 0 body 1 pos 17,2 stuck 0
RC WALK 41 id 18 role defend pos 17,2 tgt 17,4 want SOUTH
RC POS 42 id 3 seat 0 role raid fs 1 body 1 pos 12,27 stuck 1
RC POS 42 id 5 seat 1 role expand fs 0 body 1 pos 13,2 stuck 0
V528 PICK r 42 id 5 tgt 14,15 cs 59 bs 25 reg 34 cc 15 bc 5 cands 6 banned 0 regall 34 seat 1
RC WALK 42 id 5 role expand pos 13,2 tgt 14,15 want SOUTH
RC POS 42 id 7 seat 2 role expand fs 0 body 1 pos 14,7 stuck 0
RC POS 42 id 9 seat 3 role raid fs 1 body 2 pos 14,25 stuck 28
RC POS 42 id 18 seat 4 role defend fs 0 body 1 pos 17,3 stuck 0
RC WALK 42 id 18 role defend pos 17,3 tgt 18,4 want EAST
RC POS 43 id 3 seat 0 role raid fs 1 body 1 pos 12,27 stuck 2
RC WALK 43 id 3 role raid pos 12,27 tgt 12,26 want NORTH
RC POS 43 id 5 seat 1 role expand fs 0 body 1 pos 13,3 stuck 0
RC WALK 43 id 5 role expand pos 13,3 tgt 14,15 want SOUTH
RC POS 43 id 7 seat 2 role expand fs 0 body 1 pos 14,7 stuck 1
RC WALK 43 id 7 role expand pos 14,7 tgt 14,5 want NORTH
RC POS 43 id 9 seat 3 role raid fs 1 body 2 pos 14,25 stuck 29
RC POS 43 id 18 seat 4 role defend fs 0 body 1 pos 18,3 stuck 0
RC WALK 43 id 18 role defend pos 18,3 tgt 17,4 want WEST
RC POS 44 id 3 seat 0 role raid fs 1 body 1 pos 12,26 stuck 0
RC POS 44 id 5 seat 1 role expand fs 0 body 1 pos 13,4 stuck 0
RC WALK 44 id 5 role expand pos 13,4 tgt 14,15 want SOUTH
RC POS 44 id 7 seat 2 role expand fs 0 body 1 pos 14,6 stuck 0
RC POS 44 id 9 seat 3 role raid fs 1 body 2 pos 14,25 stuck 30
RC POS 44 id 18 seat 4 role defend fs 0 body 1 pos 17,3 stuck 0
RC WALK 44 id 18 role defend pos 17,3 tgt 18,4 want EAST
RC POS 45 id 3 seat 0 role raid fs 1 body 1 pos 12,26 stuck 1
RC WALK 45 id 3 role raid pos 12,26 tgt 12,25 want NORTH
RC POS 45 id 5 seat 1 role expand fs 0 body 1 pos 13,5 stuck 0
RC WALK 45 id 5 role expand pos 13,5 tgt 14,15 want SOUTH
RC POS 45 id 7 seat 2 role expand fs 0 body 1 pos 14,6 stuck 1
RC WALK 45 id 7 role expand pos 14,6 tgt 14,4 want NORTH
RC POS 45 id 9 seat 3 role raid fs 1 body 2 pos 14,25 stuck 31
RC POS 45 id 18 seat 4 role defend fs 0 body 1 pos 18,3 stuck 0
RC WALK 45 id 18 role defend pos 18,3 tgt 17,4 want WEST
RC POS 46 id 3 seat 0 role raid fs 1 body 1 pos 12,25 stuck 0
RC POS 46 id 5 seat 1 role expand fs 0 body 1 pos 13,6 stuck 0
RC WALK 46 id 5 role expand pos 13,6 tgt 14,15 want SOUTH
RC POS 46 id 7 seat 2 role expand fs 0 body 1 pos 14,5 stuck 0
RC POS 46 id 9 seat 3 role raid fs 1 body 2 pos 14,25 stuck 32
RC POS 46 id 18 seat 4 role defend fs 0 body 1 pos 17,3 stuck 0
RC WALK 46 id 18 role defend pos 17,3 tgt 18,4 want EAST
RC POS 47 id 3 seat 0 role raid fs 1 body 1 pos 12,25 stuck 1
RC POS 47 id 5 seat 1 role expand fs 0 body 1 pos 13,7 stuck 0
RC WALK 47 id 5 role expand pos 13,7 tgt 14,15 want SOUTH
RC POS 47 id 7 seat 2 role expand fs 0 body 1 pos 14,5 stuck 1
RC WALK 47 id 7 role expand pos 14,5 tgt 14,4 want NORTH
RC POS 47 id 9 seat 3 role raid fs 1 body 2 pos 14,25 stuck 33
RC POS 47 id 18 seat 4 role defend fs 0 body 1 pos 18,3 stuck 0
RC WALK 47 id 18 role defend pos 18,3 tgt 18,4 want SOUTH
RC POS 48 id 3 seat 0 role raid fs 1 body 1 pos 12,25 stuck 2
RC POS 48 id 5 seat 1 role expand fs 0 body 1 pos 13,8 stuck 0
RC WALK 48 id 5 role expand pos 13,8 tgt 14,15 want SOUTH
RC POS 48 id 7 seat 2 role expand fs 0 body 1 pos 14,4 stuck 0
V528 PICK r 48 id 7 tgt 2,3 cs 49 bs 25 reg 24 cc 12 bc 5 cands 6 banned 0 regall 24 seat 2
RC WALK 48 id 7 role expand pos 14,4 tgt 2,3 want WEST
RC POS 48 id 9 seat 3 role raid fs 1 body 2 pos 14,25 stuck 34
RC POS 48 id 18 seat 4 role defend fs 0 body 1 pos 18,4 stuck 0
RC WALK 48 id 18 role defend pos 18,4 tgt 18,0 want NORTH
RC POS 49 id 3 seat 0 role raid fs 1 body 1 pos 12,25 stuck 3
RC POS 49 id 5 seat 1 role expand fs 0 body 1 pos 13,9 stuck 0
RC WALK 49 id 5 role expand pos 13,9 tgt 14,15 want SOUTH
RC POS 49 id 7 seat 2 role expand fs 0 body 1 pos 13,4 stuck 0
RC WALK 49 id 7 role expand pos 13,4 tgt 2,3 want WEST
RC POS 49 id 9 seat 3 role raid fs 1 body 2 pos 14,25 stuck 35
RC POS 49 id 18 seat 4 role defend fs 0 body 1 pos 18,3 stuck 0
RC WALK 49 id 18 role defend pos 18,3 tgt 18,0 want NORTH
RC POS 50 id 3 seat 0 role raid fs 1 body 1 pos 12,25 stuck 4
RC POS 50 id 5 seat 1 role expand fs 0 body 1 pos 13,10 stuck 0
RC WALK 50 id 5 role expand pos 13,10 tgt 14,15 want EAST
RC POS 50 id 7 seat 2 role expand fs 0 body 1 pos 12,4 stuck 0
RC WALK 50 id 7 role expand pos 12,4 tgt 2,3 want WEST
RC POS 50 id 9 seat 3 role raid fs 1 body 2 pos 14,25 stuck 36
RC POS 50 id 18 seat 4 role defend fs 0 body 1 pos 18,2 stuck 0
RC WALK 50 id 18 role defend pos 18,2 tgt 18,0 want NORTH
RC POS 51 id 3 seat 0 role raid fs 1 body 1 pos 12,25 stuck 5
RC POS 51 id 5 seat 1 role expand fs 0 body 1 pos 14,10 stuck 0
RC WALK 51 id 5 role expand pos 14,10 tgt 14,15 want SOUTH
RC POS 51 id 7 seat 2 role expand fs 0 body 1 pos 11,4 stuck 0
RC WALK 51 id 7 role expand pos 11,4 tgt 2,3 want WEST
RC POS 51 id 9 seat 3 role raid fs 1 body 2 pos 14,25 stuck 37
RC POS 51 id 18 seat 4 role defend fs 0 body 1 pos 18,1 stuck 0
RC POS 52 id 3 seat 0 role raid fs 1 body 1 pos 12,25 stuck 6
RC POS 52 id 5 seat 1 role expand fs 0 body 1 pos 14,11 stuck 0
RC WALK 52 id 5 role expand pos 14,11 tgt 13,15 want SOUTH
RC POS 52 id 7 seat 2 role expand fs 0 body 1 pos 10,4 stuck 0
RC WALK 52 id 7 role expand pos 10,4 tgt 2,3 want WEST
RC POS 52 id 9 seat 3 role raid fs 1 body 2 pos 14,25 stuck 38
RC WALK 52 id 9 role raid pos 14,25 tgt 13,24 want NORTH
RC POS 52 id 18 seat 4 role defend fs 0 body 1 pos 18,1 stuck 1
RC WALK 52 id 18 role defend pos 18,1 tgt 18,0 want CENTRE
RC POS 53 id 3 seat 0 role raid fs 1 body 1 pos 12,25 stuck 7
RC POS 53 id 5 seat 1 role expand fs 0 body 1 pos 14,12 stuck 0
RC WALK 53 id 5 role expand pos 14,12 tgt 13,15 want SOUTH
RC POS 53 id 7 seat 2 role expand fs 0 body 1 pos 9,4 stuck 0
RC WALK 53 id 7 role expand pos 9,4 tgt 2,3 want WEST
RC POS 53 id 9 seat 3 role raid fs 1 body 2 pos 14,25 stuck 40
RC POS 53 id 18 seat 4 role defend fs 0 body 1 pos 18,1 stuck 2
RC WALK 53 id 18 role defend pos 18,1 tgt 18,0 want CENTRE
RC POS 54 id 3 seat 0 role raid fs 1 body 1 pos 12,25 stuck 8
RC POS 54 id 5 seat 1 role expand fs 0 body 1 pos 14,13 stuck 0
RC WALK 54 id 5 role expand pos 14,13 tgt 15,13 want EAST
RC POS 54 id 7 seat 2 role expand fs 0 body 1 pos 8,4 stuck 0
RC WALK 54 id 7 role expand pos 8,4 tgt 2,3 want WEST
RC POS 54 id 9 seat 3 role raid fs 1 body 2 pos 14,25 stuck 41
RC POS 54 id 18 seat 4 role defend fs 0 body 1 pos 18,1 stuck 3
RC WALK 54 id 18 role defend pos 18,1 tgt 18,0 want CENTRE
RC POS 55 id 3 seat 0 role raid fs 1 body 1 pos 12,25 stuck 9
RC POS 55 id 5 seat 1 role expand fs 0 body 1 pos 15,13 stuck 0
V528 PICK r 55 id 5 tgt 27,3 cs 67 bs 38 reg 29 cc 15 bc 5 cands 5 banned 0 regall 29 seat 1
RC WALK 55 id 5 role expand pos 15,13 tgt 15,14 want SOUTH
RC POS 55 id 7 seat 2 role expand fs 0 body 1 pos 7,4 stuck 0
RC WALK 55 id 7 role expand pos 7,4 tgt 2,3 want WEST
RC POS 55 id 9 seat 3 role raid fs 1 body 2 pos 14,25 stuck 42
RC WALK 55 id 9 role raid pos 14,25 tgt 14,24 want NORTH
RC POS 55 id 18 seat 4 role defend fs 0 body 1 pos 18,1 stuck 4
RC WALK 55 id 18 role defend pos 18,1 tgt 18,0 want CENTRE
RC POS 56 id 3 seat 0 role raid fs 1 body 1 pos 12,25 stuck 10
RC POS 56 id 5 seat 1 role expand fs 0 body 1 pos 15,14 stuck 0
V528 PICK r 56 id 5 tgt 20,14 cs 41 bs 39 reg 2 cc 12 bc 5 cands 5 banned 0 regall 2 seat 1
RC WALK 56 id 5 role expand pos 15,14 tgt 16,15 want EAST
RC POS 56 id 7 seat 2 role expand fs 0 body 1 pos 6,4 stuck 0
RC WALK 56 id 7 role expand pos 6,4 tgt 2,4 want WEST
RC POS 56 id 9 seat 3 role raid fs 1 body 2 pos 14,24 stuck 0
RC POS 56 id 18 seat 4 role defend fs 0 body 1 pos 18,1 stuck 5
RC WALK 56 id 18 role defend pos 18,1 tgt 20,1 want EAST
RC POS 57 id 3 seat 0 role raid fs 1 body 1 pos 12,25 stuck 11
RC POS 57 id 5 seat 1 role expand fs 0 body 1 pos 16,14 stuck 0
RC WALK 57 id 5 role expand pos 16,14 tgt 16,15 want SOUTH
RC POS 57 id 7 seat 2 role expand fs 0 body 1 pos 5,4 stuck 0
RC WALK 57 id 7 role expand pos 5,4 tgt 2,4 want WEST
RC POS 57 id 9 seat 3 role raid fs 1 body 2 pos 14,24 stuck 1
RC WALK 57 id 9 role raid pos 14,24 tgt 13,24 want WEST
RC POS 57 id 18 seat 4 role defend fs 0 body 1 pos 19,1 stuck 0
RC WALK 57 id 18 role defend pos 19,1 tgt 20,1 want EAST
RC POS 58 id 3 seat 0 role raid fs 1 body 1 pos 12,25 stuck 12
RC WALK 58 id 3 role raid pos 12,25 tgt 14,24 want NORTH
RC POS 58 id 5 seat 1 role expand fs 0 body 1 pos 16,15 stuck 0
V528 PICK r 58 id 5 tgt 27,14 cs 75 bs 41 reg 34 cc 21 bc 5 cands 5 banned 0 regall 34 seat 1
RC WALK 58 id 5 role expand pos 16,15 tgt 15,15 want CENTRE
RC POS 58 id 7 seat 2 role expand fs 0 body 1 pos 4,4 stuck 0
RC WALK 58 id 7 role expand pos 4,4 tgt 2,4 want SOUTH
RC POS 58 id 9 seat 3 role raid fs 1 body 2 pos 13,24 stuck 0
RC POS 58 id 18 seat 4 role defend fs 0 body 1 pos 20,1 stuck 0
RC WALK 58 id 18 role defend pos 20,1 tgt 20,5 want SOUTH
RC POS 59 id 3 seat 0 role raid fs 1 body 1 pos 12,24 stuck 0
RC WALK 59 id 3 role raid pos 12,24 tgt 12,26 want SOUTH
RC POS 59 id 5 seat 1 role expand fs 0 body 1 pos 16,15 stuck 1
RC WALK 59 id 5 role expand pos 16,15 tgt 15,15 want CENTRE
RC POS 59 id 7 seat 2 role expand fs 0 body 1 pos 4,5 stuck 0
RC WALK 59 id 7 role expand pos 4,5 tgt 2,4 want WEST
RC POS 59 id 9 seat 3 role raid fs 1 body 2 pos 13,24 stuck 1
RC WALK 59 id 9 role raid pos 13,24 tgt 12,26 want WEST
RC POS 59 id 18 seat 4 role defend fs 0 body 1 pos 20,2 stuck 0
RC WALK 59 id 18 role defend pos 20,2 tgt 20,5 want SOUTH
RC POS 60 id 3 seat 0 role raid fs 1 body 1 pos 12,25 stuck 0
RC POS 60 id 5 seat 1 role expand fs 0 body 1 pos 16,15 stuck 2
RC WALK 60 id 5 role expand pos 16,15 tgt 15,15 want CENTRE
RC POS 60 id 7 seat 2 role expand fs 0 body 1 pos 3,5 stuck 0
RC WALK 60 id 7 role expand pos 3,5 tgt 2,4 want WEST
RC POS 60 id 9 seat 3 role raid fs 1 body 2 pos 12,24 stuck 0
RC WALK 60 id 9 role raid pos 12,24 tgt 12,26 want WEST
RC POS 60 id 18 seat 4 role defend fs 0 body 1 pos 20,3 stuck 0
RC WALK 60 id 18 role defend pos 20,3 tgt 20,5 want SOUTH
RC POS 61 id 3 seat 0 role raid fs 1 body 1 pos 12,25 stuck 1
RC WALK 61 id 3 role raid pos 12,25 tgt 12,26 want SOUTH
RC POS 61 id 5 seat 1 role expand fs 0 body 1 pos 16,15 stuck 3
RC WALK 61 id 5 role expand pos 16,15 tgt 15,15 want CENTRE
RC POS 61 id 7 seat 2 role expand fs 0 body 1 pos 2,5 stuck 0
RC WALK 61 id 7 role expand pos 2,5 tgt 2,4 want NORTH
RC POS 61 id 9 seat 3 role raid fs 1 body 2 pos 11,24 stuck 0
RC WALK 61 id 9 role raid pos 11,24 tgt 13,24 want EAST
RC POS 61 id 18 seat 4 role defend fs 0 body 1 pos 20,4 stuck 0
RC WALK 61 id 18 role defend pos 20,4 tgt 20,5 want SOUTH
RC POS 62 id 3 seat 0 role raid fs 1 body 1 pos 12,26 stuck 0
RC POS 62 id 5 seat 1 role expand fs 0 body 1 pos 16,15 stuck 4
RC WALK 62 id 5 role expand pos 16,15 tgt 15,15 want CENTRE
RC POS 62 id 7 seat 2 role expand fs 0 body 1 pos 2,4 stuck 0
V528 PICK r 62 id 7 tgt 23,8 cs 49 bs 37 reg 12 cc 8 bc 5 cands 6 banned 0 regall 12 seat 2
RC WALK 62 id 7 role expand pos 2,4 tgt 2,3 want NORTH
RC POS 62 id 9 seat 3 role raid fs 1 body 2 pos 12,24 stuck 0
RC WALK 62 id 9 role raid pos 12,24 tgt 13,24 want EAST
RC POS 62 id 18 seat 4 role defend fs 0 body 1 pos 20,5 stuck 0
RC WALK 62 id 18 role defend pos 20,5 tgt 23,7 want EAST
RC POS 63 id 3 seat 0 role raid fs 1 body 1 pos 12,26 stuck 1
RC WALK 63 id 3 role raid pos 12,26 tgt 12,25 want NORTH
RC POS 63 id 5 seat 1 role expand fs 0 body 1 pos 16,15 stuck 5
V528 PICK r 63 id 5 tgt 3,27 cs 112 bs 38 reg 74 cc 29 bc 11 cands 5 banned 0 regall 74 seat 1
RC WALK 63 id 5 role expand pos 16,15 tgt 15,15 want CENTRE
RC POS 63 id 7 seat 2 role expand fs 0 body 1 pos 2,3 stuck 0
V528 PICK r 63 id 7 tgt 20,15 cs 66 bs 36 reg 30 cc 12 bc 12 cands 6 banned 0 regall 30 seat 2
RC WALK 63 id 7 role expand pos 2,3 tgt 4,2 want SOUTH
RC POS 63 id 9 seat 3 role raid fs 1 body 2 pos 13,24 stuck 0
RC POS 63 id 18 seat 4 role defend fs 0 body 1 pos 21,5 stuck 0
RC WALK 63 id 18 role defend pos 21,5 tgt 23,7 want EAST
RC POS 64 id 3 seat 0 role raid fs 1 body 1 pos 12,25 stuck 0
RC POS 64 id 5 seat 1 role expand fs 0 body 1 pos 16,15 stuck 1
RC WALK 64 id 5 role expand pos 16,15 tgt 15,15 want CENTRE
RC POS 64 id 7 seat 2 role expand fs 0 body 1 pos 2,4 stuck 0
RC WALK 64 id 7 role expand pos 2,4 tgt 2,3 want NORTH
RC POS 64 id 9 seat 3 role raid fs 1 body 2 pos 13,24 stuck 1
RC WALK 64 id 9 role raid pos 13,24 tgt 14,24 want EAST
RC POS 64 id 18 seat 4 role defend fs 0 body 1 pos 22,5 stuck 0
RC WALK 64 id 18 role defend pos 22,5 tgt 23,7 want SOUTH
RC POS 65 id 3 seat 0 role raid fs 1 body 1 pos 12,25 stuck 1
RC POS 65 id 5 seat 1 role expand fs 0 body 1 pos 16,15 stuck 2
RC WALK 65 id 5 role expand pos 16,15 tgt 15,15 want CENTRE
RC POS 65 id 7 seat 2 role expand fs 0 body 1 pos 2,3 stuck 0
V528 PICK r 65 id 7 tgt 27,15 cs 94 bs 36 reg 58 cc 19 bc 12 cands 6 banned 0 regall 58 seat 2
RC WALK 65 id 7 role expand pos 2,3 tgt 4,2 want SOUTH
RC POS 65 id 9 seat 3 role raid fs 1 body 2 pos 14,24 stuck 0
RC POS 65 id 18 seat 4 role defend fs 0 body 1 pos 22,6 stuck 0
RC WALK 65 id 18 role defend pos 22,6 tgt 23,7 want EAST
RC POS 66 id 3 seat 0 role raid fs 1 body 1 pos 12,25 stuck 2
RC POS 66 id 5 seat 1 role expand fs 0 body 1 pos 16,15 stuck 3
RC WALK 66 id 5 role expand pos 16,15 tgt 15,15 want CENTRE
RC POS 66 id 7 seat 2 role expand fs 0 body 1 pos 2,4 stuck 0
RC WALK 66 id 7 role expand pos 2,4 tgt 2,3 want NORTH
RC POS 66 id 9 seat 3 role raid fs 1 body 2 pos 14,24 stuck 1
RC POS 66 id 18 seat 4 role defend fs 0 body 1 pos 23,6 stuck 0
RC WALK 66 id 18 role defend pos 23,6 tgt 23,7 want SOUTH
RC POS 67 id 3 seat 0 role raid fs 1 body 1 pos 12,25 stuck 3
RC POS 67 id 5 seat 1 role expand fs 0 body 1 pos 16,15 stuck 4
RC WALK 67 id 5 role expand pos 16,15 tgt 15,15 want CENTRE
RC POS 67 id 7 seat 2 role expand fs 0 body 1 pos 2,3 stuck 0
V528 PICK r 67 id 7 tgt 2,26 cs 110 bs 36 reg 74 cc 29 bc 12 cands 6 banned 0 regall 74 seat 2
RC WALK 67 id 7 role expand pos 2,3 tgt 4,2 want SOUTH
RC POS 67 id 9 seat 3 role raid fs 1 body 2 pos 14,24 stuck 2
RC POS 67 id 18 seat 4 role defend fs 0 body 1 pos 23,7 stuck 0
RC WALK 67 id 18 role defend pos 23,7 tgt 23,8 want SOUTH
RC POS 68 id 3 seat 0 role raid fs 1 body 1 pos 12,25 stuck 4
RC POS 68 id 5 seat 1 role expand fs 0 body 1 pos 16,15 stuck 5
V528 PICK r 68 id 5 tgt 3,2 cs 41 bs 38 reg 3 cc 5 bc 11 cands 5 banned 0 regall 3 seat 1
RC WALK 68 id 5 role expand pos 16,15 tgt 15,15 want CENTRE
RC POS 68 id 7 seat 2 role expand fs 0 body 1 pos 2,4 stuck 0
RC WALK 68 id 7 role expand pos 2,4 tgt 2,3 want NORTH
RC POS 68 id 9 seat 3 role raid fs 1 body 2 pos 14,24 stuck 3
RC POS 68 id 18 seat 4 role defend fs 0 body 1 pos 23,8 stuck 0
RC WALK 68 id 18 role defend pos 23,8 tgt 23,7 want NORTH
RC POS 69 id 3 seat 0 role raid fs 1 body 1 pos 12,25 stuck 5
RC POS 69 id 5 seat 1 role expand fs 0 body 1 pos 16,15 stuck 1
RC WALK 69 id 5 role expand pos 16,15 tgt 15,15 want CENTRE
RC POS 69 id 7 seat 2 role expand fs 0 body 1 pos 2,3 stuck 0
V528 PICK r 69 id 7 tgt 14,14 cs 38 bs 36 reg 2 cc 5 bc 12 cands 6 banned 0 regall 2 seat 2
RC WALK 69 id 7 role expand pos 2,3 tgt 4,2 want SOUTH
RC POS 69 id 9 seat 3 role raid fs 1 body 2 pos 14,24 stuck 4
RC POS 69 id 18 seat 4 role defend fs 0 body 1 pos 23,7 stuck 0
RC WALK 69 id 18 role defend pos 23,7 tgt 23,8 want SOUTH
RC POS 70 id 3 seat 0 role raid fs 1 body 1 pos 12,25 stuck 6
RC POS 70 id 5 seat 1 role expand fs 0 body 1 pos 16,15 stuck 2
RC WALK 70 id 5 role expand pos 16,15 tgt 15,15 want CENTRE
RC POS 70 id 7 seat 2 role expand fs 0 body 1 pos 2,4 stuck 0
RC WALK 70 id 7 role expand pos 2,4 tgt 2,3 want NORTH
RC POS 70 id 9 seat 3 role raid fs 1 body 2 pos 14,24 stuck 5
RC POS 70 id 18 seat 4 role defend fs 0 body 1 pos 23,8 stuck 0
RC WALK 70 id 18 role defend pos 23,8 tgt 23,7 want NORTH
RC POS 71 id 3 seat 0 role raid fs 1 body 1 pos 12,25 stuck 7
RC POS 71 id 5 seat 1 role expand fs 0 body 1 pos 16,15 stuck 3
RC WALK 71 id 5 role expand pos 16,15 tgt 15,15 want CENTRE
RC POS 71 id 7 seat 2 role expand fs 0 body 1 pos 2,3 stuck 0
V528 PICK r 71 id 7 tgt 2,3 cs 36 bs 36 reg 0 cc 12 bc 12 cands 6 banned 0 regall 0 seat 2
RC WALK 71 id 7 role expand pos 2,3 tgt 4,2 want SOUTH
RC POS 71 id 9 seat 3 role raid fs 1 body 2 pos 14,24 stuck 6
RC POS 71 id 18 seat 4 role defend fs 0 body 1 pos 23,7 stuck 0
RC WALK 71 id 18 role defend pos 23,7 tgt 23,8 want SOUTH
RC POS 72 id 3 seat 0 role raid fs 1 body 1 pos 12,25 stuck 8
RC POS 72 id 5 seat 1 role expand fs 0 body 1 pos 16,15 stuck 4
RC WALK 72 id 5 role expand pos 16,15 tgt 15,15 want CENTRE
RC POS 72 id 7 seat 2 role expand fs 0 body 1 pos 2,4 stuck 0
RC WALK 72 id 7 role expand pos 2,4 tgt 2,3 want NORTH
RC POS 72 id 9 seat 3 role raid fs 1 body 2 pos 14,24 stuck 7
RC POS 72 id 18 seat 4 role defend fs 0 body 1 pos 23,8 stuck 0
RC WALK 72 id 18 role defend pos 23,8 tgt 23,7 want NORTH
RC POS 73 id 3 seat 0 role raid fs 1 body 1 pos 12,25 stuck 9
RC POS 73 id 5 seat 1 role expand fs 0 body 1 pos 16,15 stuck 5
V528 PICK r 73 id 5 tgt 27,3 cs 68 bs 38 reg 30 cc 15 bc 11 cands 5 banned 0 regall 30 seat 1
RC WALK 73 id 5 role expand pos 16,15 tgt 15,15 want CENTRE
RC POS 73 id 7 seat 2 role expand fs 0 body 1 pos 2,3 stuck 0
V528 PICK r 73 id 7 tgt 23,8 cs 50 bs 30 reg 20 cc 8 bc 10 cands 6 banned 0 regall 20 seat 2
RC WALK 73 id 7 role expand pos 2,3 tgt 4,2 want SOUTH
RC POS 73 id 9 seat 3 role raid fs 1 body 2 pos 14,24 stuck 8
RC POS 73 id 18 seat 4 role defend fs 0 body 1 pos 23,7 stuck 0
RC WALK 73 id 18 role defend pos 23,7 tgt 23,8 want SOUTH
RC POS 74 id 3 seat 0 role raid fs 1 body 1 pos 12,25 stuck 10
RC POS 74 id 5 seat 1 role expand fs 0 body 1 pos 16,15 stuck 1
RC WALK 74 id 5 role expand pos 16,15 tgt 15,15 want CENTRE
RC POS 74 id 7 seat 2 role expand fs 0 body 1 pos 2,4 stuck 0
RC WALK 74 id 7 role expand pos 2,4 tgt 2,3 want NORTH
RC POS 74 id 9 seat 3 role raid fs 1 body 2 pos 14,24 stuck 9
RC POS 74 id 18 seat 4 role defend fs 0 body 1 pos 23,8 stuck 0
RC WALK 74 id 18 role defend pos 23,8 tgt 23,7 want NORTH
RC POS 75 id 3 seat 0 role raid fs 1 body 1 pos 12,25 stuck 11
RC POS 75 id 5 seat 1 role expand fs 0 body 1 pos 16,15 stuck 2
RC WALK 75 id 5 role expand pos 16,15 tgt 15,15 want CENTRE
RC POS 75 id 7 seat 2 role expand fs 0 body 1 pos 2,3 stuck 0
V528 PICK r 75 id 7 tgt 20,15 cs 66 bs 30 reg 36 cc 12 bc 10 cands 6 banned 0 regall 36 seat 2
RC WALK 75 id 7 role expand pos 2,3 tgt 4,2 want SOUTH
RC POS 75 id 9 seat 3 role raid fs 1 body 2 pos 14,24 stuck 10
RC WALK 75 id 9 role raid pos 14,24 tgt 16,24 want EAST
RC POS 75 id 18 seat 4 role defend fs 0 body 1 pos 23,7 stuck 0
RC WALK 75 id 18 role defend pos 23,7 tgt 23,8 want SOUTH
RC POS 76 id 3 seat 0 role raid fs 1 body 1 pos 12,25 stuck 12
RC WALK 76 id 3 role raid pos 12,25 tgt 14,24 want NORTH
RC POS 76 id 5 seat 1 role expand fs 0 body 1 pos 16,15 stuck 3
RC WALK 76 id 5 role expand pos 16,15 tgt 15,15 want CENTRE
RC POS 76 id 7 seat 2 role expand fs 0 body 1 pos 2,4 stuck 0
RC WALK 76 id 7 role expand pos 2,4 tgt 2,3 want NORTH
RC POS 76 id 9 seat 3 role raid fs 1 body 2 pos 15,24 stuck 0
RC WALK 76 id 9 role raid pos 15,24 tgt 16,24 want EAST
RC POS 76 id 18 seat 4 role defend fs 0 body 1 pos 23,8 stuck 0
RC WALK 76 id 18 role defend pos 23,8 tgt 23,7 want NORTH
RC POS 77 id 3 seat 0 role raid fs 1 body 1 pos 12,24 stuck 0
RC WALK 77 id 3 role raid pos 12,24 tgt 14,24 want NORTH
RC POS 77 id 5 seat 1 role expand fs 0 body 1 pos 16,15 stuck 4
RC WALK 77 id 5 role expand pos 16,15 tgt 15,15 want CENTRE
RC POS 77 id 7 seat 2 role expand fs 0 body 1 pos 2,3 stuck 0
V528 PICK r 77 id 7 tgt 27,15 cs 94 bs 30 reg 64 cc 19 bc 10 cands 6 banned 0 regall 64 seat 2
RC WALK 77 id 7 role expand pos 2,3 tgt 4,2 want SOUTH
RC POS 77 id 9 seat 3 role raid fs 1 body 2 pos 16,24 stuck 0
RC POS 77 id 18 seat 4 role defend fs 0 body 1 pos 23,7 stuck 0
RC WALK 77 id 18 role defend pos 23,7 tgt 23,8 want SOUTH
RC POS 78 id 3 seat 0 role raid fs 1 body 1 pos 12,23 stuck 0
RC WALK 78 id 3 role raid pos 12,23 tgt 14,24 want EAST
RC POS 78 id 5 seat 1 role expand fs 0 body 1 pos 16,15 stuck 5
V528 PICK r 78 id 5 tgt 20,14 cs 38 bs 38 reg 0 cc 11 bc 11 cands 5 banned 0 regall 0 seat 1
RC WALK 78 id 5 role expand pos 16,15 tgt 15,15 want CENTRE
RC POS 78 id 7 seat 2 role expand fs 0 body 1 pos 2,4 stuck 0
RC WALK 78 id 7 role expand pos 2,4 tgt 2,3 want NORTH
RC POS 78 id 9 seat 3 role raid fs 1 body 2 pos 16,24 stuck 1
RC WALK 78 id 9 role raid pos 16,24 tgt 14,24 want WEST
RC POS 78 id 18 seat 4 role defend fs 0 body 1 pos 23,8 stuck 0
RC WALK 78 id 18 role defend pos 23,8 tgt 23,7 want NORTH
RC POS 79 id 3 seat 0 role raid fs 1 body 1 pos 13,23 stuck 0
RC WALK 79 id 3 role raid pos 13,23 tgt 14,24 want EAST
RC POS 79 id 5 seat 1 role expand fs 0 body 1 pos 16,15 stuck 1
RC WALK 79 id 5 role expand pos 16,15 tgt 15,15 want CENTRE
RC POS 79 id 7 seat 2 role expand fs 0 body 1 pos 2,3 stuck 0
V528 PICK r 79 id 7 tgt 2,26 cs 110 bs 30 reg 80 cc 29 bc 10 cands 6 banned 0 regall 80 seat 2
RC WALK 79 id 7 role expand pos 2,3 tgt 4,2 want SOUTH
RC POS 79 id 9 seat 3 role raid fs 1 body 2 pos 15,24 stuck 0
RC WALK 79 id 9 role raid pos 15,24 tgt 14,24 want WEST
RC POS 79 id 18 seat 4 role defend fs 0 body 1 pos 23,7 stuck 0
RC WALK 79 id 18 role defend pos 23,7 tgt 23,8 want SOUTH
RC POS 80 id 3 seat 0 role raid fs 1 body 1 pos 14,23 stuck 0
RC WALK 80 id 3 role raid pos 14,23 tgt 14,28 want WEST
RC POS 80 id 5 seat 1 role expand fs 0 body 1 pos 16,15 stuck 2
RC WALK 80 id 5 role expand pos 16,15 tgt 15,15 want CENTRE
RC POS 80 id 7 seat 2 role expand fs 0 body 1 pos 2,4 stuck 0
RC WALK 80 id 7 role expand pos 2,4 tgt 2,3 want NORTH
RC POS 80 id 9 seat 3 role raid fs 1 body 2 pos 14,24 stuck 0
RC POS 80 id 18 seat 4 role defend fs 0 body 1 pos 23,8 stuck 0
RC WALK 80 id 18 role defend pos 23,8 tgt 23,7 want NORTH
RC POS 81 id 3 seat 0 role raid fs 1 body 1 pos 13,23 stuck 0
RC WALK 81 id 3 role raid pos 13,23 tgt 14,28 want WEST
RC POS 81 id 5 seat 1 role expand fs 0 body 1 pos 16,15 stuck 3
RC WALK 81 id 5 role expand pos 16,15 tgt 15,15 want CENTRE
RC POS 81 id 7 seat 2 role expand fs 0 body 1 pos 2,3 stuck 0
V528 PICK r 81 id 7 tgt 14,14 cs 38 bs 30 reg 8 cc 5 bc 10 cands 6 banned 0 regall 8 seat 2
RC WALK 81 id 7 role expand pos 2,3 tgt 4,2 want SOUTH
RC POS 81 id 9 seat 3 role raid fs 1 body 2 pos 14,24 stuck 1
RC POS 81 id 18 seat 4 role defend fs 0 body 1 pos 23,7 stuck 0
RC WALK 81 id 18 role defend pos 23,7 tgt 23,8 want SOUTH
RC POS 82 id 3 seat 0 role raid fs 1 body 1 pos 12,23 stuck 0
RC WALK 82 id 3 role raid pos 12,23 tgt 16,26 want EAST
RC POS 82 id 5 seat 1 role expand fs 0 body 1 pos 16,15 stuck 4
RC WALK 82 id 5 role expand pos 16,15 tgt 15,15 want CENTRE
RC POS 82 id 7 seat 2 role expand fs 0 body 1 pos 2,4 stuck 0
RC WALK 82 id 7 role expand pos 2,4 tgt 2,3 want NORTH
RC POS 82 id 9 seat 3 role raid fs 1 body 2 pos 14,24 stuck 2
RC WALK 82 id 9 role raid pos 14,24 tgt 12,28 want NORTH
RC POS 82 id 18 seat 4 role defend fs 0 body 1 pos 23,8 stuck 0
RC WALK 82 id 18 role defend pos 23,8 tgt 23,7 want NORTH
RC POS 83 id 3 seat 0 role raid fs 1 body 1 pos 13,23 stuck 0
RC WALK 83 id 3 role raid pos 13,23 tgt 14,28 want WEST
RC POS 83 id 5 seat 1 role expand fs 0 body 1 pos 16,15 stuck 5
V528 PICK r 83 id 5 tgt 27,14 cs 72 bs 38 reg 34 cc 20 bc 11 cands 5 banned 0 regall 34 seat 1
RC WALK 83 id 5 role expand pos 16,15 tgt 15,15 want CENTRE
RC POS 83 id 7 seat 2 role expand fs 0 body 1 pos 2,3 stuck 0
V528 PICK r 83 id 7 tgt 2,3 cs 30 bs 30 reg 0 cc 10 bc 10 cands 6 banned 0 regall 0 seat 2
RC WALK 83 id 7 role expand pos 2,3 tgt 4,2 want SOUTH
RC POS 83 id 9 seat 3 role raid fs 1 body 2 pos 14,23 stuck 0
RC WALK 83 id 9 role raid pos 14,23 tgt 14,28 want EAST
RC POS 83 id 18 seat 4 role defend fs 0 body 1 pos 23,7 stuck 0
RC WALK 83 id 18 role defend pos 23,7 tgt 23,8 want SOUTH
RC POS 84 id 3 seat 0 role raid fs 1 body 1 pos 12,23 stuck 0
RC WALK 84 id 3 role raid pos 12,23 tgt 16,26 want EAST
RC POS 84 id 5 seat 1 role expand fs 0 body 1 pos 16,15 stuck 1
RC WALK 84 id 5 role expand pos 16,15 tgt 15,15 want CENTRE
RC POS 84 id 7 seat 2 role expand fs 0 body 1 pos 2,4 stuck 0
RC WALK 84 id 7 role expand pos 2,4 tgt 2,3 want NORTH
RC POS 84 id 9 seat 3 role raid fs 1 body 2 pos 15,23 stuck 0
RC WALK 84 id 9 role raid pos 15,23 tgt 15,28 want EAST
RC POS 84 id 18 seat 4 role defend fs 0 body 1 pos 23,8 stuck 0
RC WALK 84 id 18 role defend pos 23,8 tgt 23,7 want NORTH
RC POS 85 id 3 seat 0 role raid fs 1 body 1 pos 13,23 stuck 0
RC WALK 85 id 3 role raid pos 13,23 tgt 14,28 want WEST
RC POS 85 id 5 seat 1 role expand fs 0 body 1 pos 16,15 stuck 2
RC WALK 85 id 5 role expand pos 16,15 tgt 15,15 want CENTRE
RC POS 85 id 7 seat 2 role expand fs 0 body 1 pos 2,3 stuck 0
V528 PICK r 85 id 7 tgt 23,8 cs 50 bs 30 reg 20 cc 8 bc 10 cands 6 banned 0 regall 20 seat 2
RC WALK 85 id 7 role expand pos 2,3 tgt 4,2 want SOUTH
RC POS 85 id 9 seat 3 role raid fs 1 body 2 pos 16,23 stuck 0
RC WALK 85 id 9 role raid pos 16,23 tgt 16,28 want EAST
RC POS 85 id 18 seat 4 role defend fs 0 body 1 pos 23,7 stuck 0
RC WALK 85 id 18 role defend pos 23,7 tgt 23,8 want SOUTH
RC POS 86 id 3 seat 0 role raid fs 1 body 1 pos 12,23 stuck 0
RC WALK 86 id 3 role raid pos 12,23 tgt 16,26 want EAST
RC POS 86 id 5 seat 1 role expand fs 0 body 1 pos 16,15 stuck 3
RC WALK 86 id 5 role expand pos 16,15 tgt 15,15 want CENTRE
RC POS 86 id 7 seat 2 role expand fs 0 body 1 pos 2,4 stuck 0
RC WALK 86 id 7 role expand pos 2,4 tgt 2,3 want NORTH
RC POS 86 id 9 seat 3 role raid fs 1 body 2 pos 17,23 stuck 0
RC WALK 86 id 9 role raid pos 17,23 tgt 16,28 want EAST
RC POS 86 id 18 seat 4 role defend fs 0 body 1 pos 23,8 stuck 0
RC WALK 86 id 18 role defend pos 23,8 tgt 23,7 want NORTH
RC POS 87 id 3 seat 0 role raid fs 1 body 1 pos 13,23 stuck 0
RC WALK 87 id 3 role raid pos 13,23 tgt 14,28 want WEST
RC POS 87 id 5 seat 1 role expand fs 0 body 1 pos 16,15 stuck 4
RC WALK 87 id 5 role expand pos 16,15 tgt 15,15 want CENTRE
RC POS 87 id 7 seat 2 role expand fs 0 body 1 pos 2,3 stuck 0
V528 PICK r 87 id 7 tgt 20,15 cs 66 bs 30 reg 36 cc 12 bc 10 cands 6 banned 0 regall 36 seat 2
RC WALK 87 id 7 role expand pos 2,3 tgt 4,2 want SOUTH
RC POS 87 id 9 seat 3 role raid fs 1 body 2 pos 18,23 stuck 0
RC WALK 87 id 9 role raid pos 18,23 tgt 13,24 want WEST
RC POS 87 id 18 seat 4 role defend fs 0 body 1 pos 23,7 stuck 0
RC WALK 87 id 18 role defend pos 23,7 tgt 23,8 want SOUTH
RC POS 88 id 3 seat 0 role raid fs 1 body 1 pos 12,23 stuck 0
RC WALK 88 id 3 role raid pos 12,23 tgt 16,26 want EAST
RC POS 88 id 5 seat 1 role expand fs 0 body 1 pos 16,15 stuck 5
V528 PICK r 88 id 5 tgt 3,27 cs 112 bs 38 reg 74 cc 29 bc 11 cands 5 banned 0 regall 74 seat 1
RC WALK 88 id 5 role expand pos 16,15 tgt 15,15 want CENTRE
RC POS 88 id 7 seat 2 role expand fs 0 body 1 pos 2,4 stuck 0
RC WALK 88 id 7 role expand pos 2,4 tgt 2,3 want NORTH
RC POS 88 id 9 seat 3 role raid fs 1 body 2 pos 17,23 stuck 0
RC WALK 88 id 9 role raid pos 17,23 tgt 16,28 want EAST
RC POS 88 id 18 seat 4 role defend fs 0 body 1 pos 23,8 stuck 0
RC WALK 88 id 18 role defend pos 23,8 tgt 23,7 want NORTH
RC POS 89 id 3 seat 0 role raid fs 1 body 1 pos 13,23 stuck 0
RC WALK 89 id 3 role raid pos 13,23 tgt 14,28 want WEST
RC POS 89 id 5 seat 1 role expand fs 0 body 1 pos 16,15 stuck 1
RC WALK 89 id 5 role expand pos 16,15 tgt 15,15 want CENTRE
RC POS 89 id 7 seat 2 role expand fs 0 body 1 pos 2,3 stuck 0
V528 PICK r 89 id 7 tgt 27,15 cs 94 bs 30 reg 64 cc 19 bc 10 cands 6 banned 0 regall 64 seat 2
RC WALK 89 id 7 role expand pos 2,3 tgt 4,2 want SOUTH
RC POS 89 id 9 seat 3 role raid fs 1 body 2 pos 18,23 stuck 0
RC WALK 89 id 9 role raid pos 18,23 tgt 13,24 want WEST
RC POS 89 id 18 seat 4 role defend fs 0 body 1 pos 23,7 stuck 0
RC WALK 89 id 18 role defend pos 23,7 tgt 23,8 want SOUTH
RC POS 90 id 3 seat 0 role raid fs 1 body 1 pos 12,23 stuck 0
RC WALK 90 id 3 role raid pos 12,23 tgt 16,26 want EAST
RC POS 90 id 5 seat 1 role expand fs 0 body 1 pos 16,15 stuck 2
RC WALK 90 id 5 role expand pos 16,15 tgt 15,15 want CENTRE
RC POS 90 id 7 seat 2 role expand fs 0 body 1 pos 2,4 stuck 0
RC WALK 90 id 7 role expand pos 2,4 tgt 2,3 want NORTH
RC POS 90 id 9 seat 3 role raid fs 1 body 2 pos 17,23 stuck 0
RC WALK 90 id 9 role raid pos 17,23 tgt 16,28 want EAST
RC POS 90 id 18 seat 4 role defend fs 0 body 1 pos 23,8 stuck 0
RC WALK 90 id 18 role defend pos 23,8 tgt 23,7 want NORTH
RC POS 91 id 3 seat 0 role raid fs 1 body 1 pos 13,23 stuck 0
RC WALK 91 id 3 role raid pos 13,23 tgt 14,28 want WEST
RC POS 91 id 5 seat 1 role expand fs 0 body 1 pos 16,15 stuck 3
RC WALK 91 id 5 role expand pos 16,15 tgt 15,15 want CENTRE
RC POS 91 id 7 seat 2 role expand fs 0 body 1 pos 2,3 stuck 0
V528 PICK r 91 id 7 tgt 2,26 cs 110 bs 30 reg 80 cc 29 bc 10 cands 6 banned 0 regall 80 seat 2
RC WALK 91 id 7 role expand pos 2,3 tgt 4,2 want SOUTH
RC POS 91 id 9 seat 3 role raid fs 1 body 2 pos 18,23 stuck 0
RC WALK 91 id 9 role raid pos 18,23 tgt 13,24 want WEST
RC POS 91 id 18 seat 4 role defend fs 0 body 1 pos 23,7 stuck 0
RC WALK 91 id 18 role defend pos 23,7 tgt 23,8 want SOUTH
RC POS 92 id 3 seat 0 role raid fs 1 body 1 pos 12,23 stuck 0
RC WALK 92 id 3 role raid pos 12,23 tgt 16,26 want EAST
RC POS 92 id 5 seat 1 role expand fs 0 body 1 pos 16,15 stuck 4
RC WALK 92 id 5 role expand pos 16,15 tgt 15,15 want CENTRE
RC POS 92 id 7 seat 2 role expand fs 0 body 1 pos 2,4 stuck 0
RC WALK 92 id 7 role expand pos 2,4 tgt 2,3 want NORTH
RC POS 92 id 9 seat 3 role raid fs 1 body 2 pos 17,23 stuck 0
RC WALK 92 id 9 role raid pos 17,23 tgt 16,28 want SOUTH
RC POS 92 id 18 seat 4 role defend fs 0 body 1 pos 23,8 stuck 0
RC WALK 92 id 18 role defend pos 23,8 tgt 23,7 want NORTH
RC POS 93 id 3 seat 0 role raid fs 1 body 1 pos 13,23 stuck 0
RC WALK 93 id 3 role raid pos 13,23 tgt 14,28 want WEST
RC POS 93 id 5 seat 1 role expand fs 0 body 1 pos 16,15 stuck 5
V528 PICK r 93 id 5 tgt 3,2 cs 41 bs 38 reg 3 cc 5 bc 11 cands 5 banned 0 regall 3 seat 1
RC WALK 93 id 5 role expand pos 16,15 tgt 15,15 want CENTRE
RC POS 93 id 7 seat 2 role expand fs 0 body 1 pos 2,3 stuck 0
V528 PICK r 93 id 7 tgt 14,14 cs 38 bs 30 reg 8 cc 5 bc 10 cands 6 banned 0 regall 8 seat 2
RC WALK 93 id 7 role expand pos 2,3 tgt 4,2 want SOUTH
RC POS 93 id 9 seat 3 role raid fs 1 body 2 pos 17,24 stuck 0
RC WALK 93 id 9 role raid pos 17,24 tgt 12,27 want WEST
RC POS 93 id 18 seat 4 role defend fs 0 body 1 pos 23,7 stuck 0
RC WALK 93 id 18 role defend pos 23,7 tgt 23,8 want SOUTH
RC POS 94 id 3 seat 0 role raid fs 1 body 1 pos 12,23 stuck 0
RC WALK 94 id 3 role raid pos 12,23 tgt 16,26 want EAST
RC POS 94 id 5 seat 1 role expand fs 0 body 1 pos 16,15 stuck 1
RC WALK 94 id 5 role expand pos 16,15 tgt 15,15 want CENTRE
RC POS 94 id 7 seat 2 role expand fs 0 body 1 pos 2,4 stuck 0
RC WALK 94 id 7 role expand pos 2,4 tgt 2,3 want NORTH
RC POS 94 id 9 seat 3 role raid fs 1 body 2 pos 16,24 stuck 0
RC POS 94 id 18 seat 4 role defend fs 0 body 1 pos 23,8 stuck 0
RC WALK 94 id 18 role defend pos 23,8 tgt 23,7 want NORTH
RC POS 95 id 3 seat 0 role raid fs 1 body 1 pos 13,23 stuck 0
RC WALK 95 id 3 role raid pos 13,23 tgt 14,28 want WEST
RC POS 95 id 5 seat 1 role expand fs 0 body 1 pos 16,15 stuck 2
RC WALK 95 id 5 role expand pos 16,15 tgt 15,15 want CENTRE
RC POS 95 id 7 seat 2 role expand fs 0 body 1 pos 2,3 stuck 0
V528 PICK r 95 id 7 tgt 2,3 cs 30 bs 30 reg 0 cc 10 bc 10 cands 6 banned 0 regall 0 seat 2
RC WALK 95 id 7 role expand pos 2,3 tgt 4,2 want SOUTH
RC POS 95 id 9 seat 3 role raid fs 1 body 2 pos 16,24 stuck 1
RC WALK 95 id 9 role raid pos 16,24 tgt 12,28 want WEST
RC POS 95 id 18 seat 4 role defend fs 0 body 1 pos 23,7 stuck 0
RC WALK 95 id 18 role defend pos 23,7 tgt 23,8 want SOUTH
RC POS 96 id 3 seat 0 role raid fs 1 body 1 pos 12,23 stuck 0
RC WALK 96 id 3 role raid pos 12,23 tgt 16,26 want EAST
RC POS 96 id 5 seat 1 role expand fs 0 body 1 pos 16,15 stuck 3
RC WALK 96 id 5 role expand pos 16,15 tgt 15,15 want CENTRE
RC POS 96 id 7 seat 2 role expand fs 0 body 1 pos 2,4 stuck 0
RC WALK 96 id 7 role expand pos 2,4 tgt 2,3 want NORTH
RC POS 96 id 9 seat 3 role raid fs 1 body 2 pos 15,24 stuck 0
RC WALK 96 id 9 role raid pos 15,24 tgt 12,28 want WEST
RC POS 96 id 18 seat 4 role defend fs 0 body 1 pos 23,8 stuck 0
RC WALK 96 id 18 role defend pos 23,8 tgt 23,7 want NORTH
RC POS 97 id 3 seat 0 role raid fs 1 body 1 pos 13,23 stuck 0
RC WALK 97 id 3 role raid pos 13,23 tgt 14,28 want WEST
RC POS 97 id 5 seat 1 role expand fs 0 body 1 pos 16,15 stuck 4
RC WALK 97 id 5 role expand pos 16,15 tgt 15,15 want CENTRE
RC POS 97 id 7 seat 2 role expand fs 0 body 1 pos 2,3 stuck 0
V528 PICK r 97 id 7 tgt 23,8 cs 50 bs 30 reg 20 cc 8 bc 10 cands 6 banned 0 regall 20 seat 2
RC WALK 97 id 7 role expand pos 2,3 tgt 4,2 want SOUTH
RC POS 97 id 9 seat 3 role raid fs 1 body 2 pos 14,24 stuck 0
RC WALK 97 id 9 role raid pos 14,24 tgt 12,28 want NORTH
RC POS 97 id 18 seat 4 role defend fs 0 body 1 pos 23,7 stuck 0
RC WALK 97 id 18 role defend pos 23,7 tgt 23,8 want SOUTH
RC POS 98 id 3 seat 0 role raid fs 1 body 1 pos 12,23 stuck 0
RC WALK 98 id 3 role raid pos 12,23 tgt 16,26 want EAST
RC POS 98 id 5 seat 1 role expand fs 0 body 1 pos 16,15 stuck 5
V528 PICK r 98 id 5 tgt 27,3 cs 68 bs 38 reg 30 cc 15 bc 11 cands 5 banned 0 regall 30 seat 1
RC WALK 98 id 5 role expand pos 16,15 tgt 15,15 want CENTRE
RC POS 98 id 7 seat 2 role expand fs 0 body 1 pos 2,4 stuck 0
RC WALK 98 id 7 role expand pos 2,4 tgt 2,3 want NORTH
RC POS 98 id 9 seat 3 role raid fs 1 body 2 pos 14,23 stuck 0
RC WALK 98 id 9 role raid pos 14,23 tgt 14,28 want NORTH
RC POS 98 id 18 seat 4 role defend fs 0 body 1 pos 23,8 stuck 0
RC WALK 98 id 18 role defend pos 23,8 tgt 23,7 want NORTH
RC POS 99 id 3 seat 0 role raid fs 1 body 1 pos 13,23 stuck 0
RC WALK 99 id 3 role raid pos 13,23 tgt 14,28 want WEST
RC POS 99 id 5 seat 1 role expand fs 0 body 1 pos 16,15 stuck 1
RC WALK 99 id 5 role expand pos 16,15 tgt 15,15 want CENTRE
RC POS 99 id 7 seat 2 role expand fs 0 body 1 pos 2,3 stuck 0
V528 PICK r 99 id 7 tgt 20,15 cs 66 bs 30 reg 36 cc 12 bc 10 cands 6 banned 0 regall 36 seat 2
RC WALK 99 id 7 role expand pos 2,3 tgt 4,2 want SOUTH
RC POS 99 id 9 seat 3 role raid fs 1 body 2 pos 14,22 stuck 0
RC WALK 99 id 9 role raid pos 14,22 tgt 14,28 want WEST
RC POS 99 id 18 seat 4 role defend fs 0 body 1 pos 23,7 stuck 0
RC WALK 99 id 18 role defend pos 23,7 tgt 23,8 want SOUTH
RC POS 100 id 3 seat 0 role raid fs 1 body 1 pos 12,23 stuck 0
RC WALK 100 id 3 role raid pos 12,23 tgt 16,26 want EAST
RC POS 100 id 5 seat 1 role expand fs 0 body 1 pos 16,15 stuck 2
RC WALK 100 id 5 role expand pos 16,15 tgt 15,15 want CENTRE
RC POS 100 id 7 seat 2 role expand fs 0 body 1 pos 2,4 stuck 0
RC WALK 100 id 7 role expand pos 2,4 tgt 2,3 want NORTH
RC POS 100 id 9 seat 3 role raid fs 1 body 2 pos 13,22 stuck 0
RC WALK 100 id 9 role raid pos 13,22 tgt 12,27 want WEST
RC POS 100 id 18 seat 4 role defend fs 0 body 1 pos 23,8 stuck 0
RC WALK 100 id 18 role defend pos 23,8 tgt 23,7 want NORTH
RC POS 101 id 3 seat 0 role raid fs 1 body 1 pos 13,23 stuck 0
RC WALK 101 id 3 role raid pos 13,23 tgt 14,28 want WEST
RC POS 101 id 5 seat 1 role expand fs 0 body 1 pos 16,15 stuck 3
RC WALK 101 id 5 role expand pos 16,15 tgt 15,15 want CENTRE
RC POS 101 id 7 seat 2 role expand fs 0 body 1 pos 2,3 stuck 0
V528 PICK r 101 id 7 tgt 27,15 cs 94 bs 30 reg 64 cc 19 bc 10 cands 6 banned 0 regall 64 seat 2
RC WALK 101 id 7 role expand pos 2,3 tgt 4,2 want SOUTH
RC POS 101 id 9 seat 3 role raid fs 1 body 2 pos 12,22 stuck 0
RC WALK 101 id 9 role raid pos 12,22 tgt 12,27 want WEST
RC POS 101 id 18 seat 4 role defend fs 0 body 1 pos 23,7 stuck 0
RC WALK 101 id 18 role defend pos 23,7 tgt 23,8 want SOUTH
RC POS 102 id 3 seat 0 role raid fs 1 body 1 pos 12,23 stuck 0
RC WALK 102 id 3 role raid pos 12,23 tgt 16,26 want EAST
RC POS 102 id 5 seat 1 role expand fs 0 body 1 pos 16,15 stuck 4
RC WALK 102 id 5 role expand pos 16,15 tgt 15,15 want CENTRE
RC POS 102 id 7 seat 2 role expand fs 0 body 1 pos 2,4 stuck 0
RC WALK 102 id 7 role expand pos 2,4 tgt 2,3 want NORTH
RC POS 102 id 9 seat 3 role raid fs 1 body 2 pos 11,22 stuck 0
RC WALK 102 id 9 role raid pos 11,22 tgt 15,24 want EAST
RC POS 102 id 18 seat 4 role defend fs 0 body 1 pos 23,8 stuck 0
RC WALK 102 id 18 role defend pos 23,8 tgt 23,7 want NORTH
RC POS 103 id 3 seat 0 role raid fs 1 body 1 pos 13,23 stuck 0
RC WALK 103 id 3 role raid pos 13,23 tgt 14,28 want WEST
RC POS 103 id 5 seat 1 role expand fs 0 body 1 pos 16,15 stuck 5
V528 PICK r 103 id 5 tgt 20,14 cs 38 bs 38 reg 0 cc 11 bc 11 cands 5 banned 0 regall 0 seat 1
RC WALK 103 id 5 role expand pos 16,15 tgt 15,15 want CENTRE
RC POS 103 id 7 seat 2 role expand fs 0 body 1 pos 2,3 stuck 0
V528 PICK r 103 id 7 tgt 2,26 cs 110 bs 30 reg 80 cc 29 bc 10 cands 6 banned 0 regall 80 seat 2
RC WALK 103 id 7 role expand pos 2,3 tgt 4,2 want SOUTH
RC POS 103 id 9 seat 3 role raid fs 1 body 2 pos 12,22 stuck 0
RC WALK 103 id 9 role raid pos 12,22 tgt 12,27 want WEST
RC POS 103 id 18 seat 4 role defend fs 0 body 1 pos 23,7 stuck 0
RC WALK 103 id 18 role defend pos 23,7 tgt 23,8 want SOUTH
RC POS 104 id 3 seat 0 role raid fs 1 body 1 pos 12,23 stuck 0
RC WALK 104 id 3 role raid pos 12,23 tgt 16,26 want EAST
RC POS 104 id 5 seat 1 role expand fs 0 body 1 pos 16,15 stuck 1
RC WALK 104 id 5 role expand pos 16,15 tgt 15,15 want CENTRE
RC POS 104 id 7 seat 2 role expand fs 0 body 1 pos 2,4 stuck 0
RC WALK 104 id 7 role expand pos 2,4 tgt 2,3 want NORTH
RC POS 104 id 9 seat 3 role raid fs 1 body 2 pos 11,22 stuck 0
RC WALK 104 id 9 role raid pos 11,22 tgt 15,24 want EAST
RC POS 104 id 18 seat 4 role defend fs 0 body 1 pos 23,8 stuck 0
RC WALK 104 id 18 role defend pos 23,8 tgt 23,7 want NORTH
RC POS 105 id 3 seat 0 role raid fs 1 body 1 pos 13,23 stuck 0
RC WALK 105 id 3 role raid pos 13,23 tgt 14,28 want WEST
RC POS 105 id 5 seat 1 role expand fs 0 body 1 pos 16,15 stuck 2
RC WALK 105 id 5 role expand pos 16,15 tgt 15,15 want CENTRE
RC POS 105 id 7 seat 2 role expand fs 0 body 1 pos 2,3 stuck 0
V528 PICK r 105 id 7 tgt 14,14 cs 38 bs 30 reg 8 cc 5 bc 10 cands 6 banned 0 regall 8 seat 2
RC WALK 105 id 7 role expand pos 2,3 tgt 4,2 want SOUTH
RC POS 105 id 9 seat 3 role raid fs 1 body 2 pos 12,22 stuck 0
RC WALK 105 id 9 role raid pos 12,22 tgt 12,27 want WEST
RC POS 105 id 18 seat 4 role defend fs 0 body 1 pos 23,7 stuck 0
RC WALK 105 id 18 role defend pos 23,7 tgt 23,8 want SOUTH
RC POS 106 id 3 seat 0 role raid fs 1 body 1 pos 12,23 stuck 0
RC WALK 106 id 3 role raid pos 12,23 tgt 16,26 want EAST
RC POS 106 id 5 seat 1 role expand fs 0 body 1 pos 16,15 stuck 3
RC WALK 106 id 5 role expand pos 16,15 tgt 15,15 want CENTRE
RC POS 106 id 7 seat 2 role expand fs 0 body 1 pos 2,4 stuck 0
RC WALK 106 id 7 role expand pos 2,4 tgt 2,3 want NORTH
RC POS 106 id 9 seat 3 role raid fs 1 body 2 pos 11,22 stuck 0
RC WALK 106 id 9 role raid pos 11,22 tgt 15,24 want EAST
RC POS 106 id 18 seat 4 role defend fs 0 body 1 pos 23,8 stuck 0
RC WALK 106 id 18 role defend pos 23,8 tgt 23,7 want NORTH
RC POS 107 id 3 seat 0 role raid fs 1 body 1 pos 13,23 stuck 0
RC WALK 107 id 3 role raid pos 13,23 tgt 14,28 want WEST
RC POS 107 id 5 seat 1 role expand fs 0 body 1 pos 16,15 stuck 4
RC WALK 107 id 5 role expand pos 16,15 tgt 15,15 want CENTRE
RC POS 107 id 7 seat 2 role expand fs 0 body 1 pos 2,3 stuck 0
V528 PICK r 107 id 7 tgt 2,3 cs 30 bs 30 reg 0 cc 10 bc 10 cands 6 banned 0 regall 0 seat 2
RC WALK 107 id 7 role expand pos 2,3 tgt 4,2 want SOUTH
RC POS 107 id 9 seat 3 role raid fs 1 body 2 pos 12,22 stuck 0
RC WALK 107 id 9 role raid pos 12,22 tgt 12,27 want WEST
RC POS 107 id 18 seat 4 role defend fs 0 body 1 pos 23,7 stuck 0
RC WALK 107 id 18 role defend pos 23,7 tgt 23,8 want SOUTH
RC POS 108 id 3 seat 0 role raid fs 1 body 1 pos 12,23 stuck 0
RC WALK 108 id 3 role raid pos 12,23 tgt 16,26 want EAST
RC POS 108 id 5 seat 1 role expand fs 0 body 1 pos 16,15 stuck 5
V528 PICK r 108 id 5 tgt 27,14 cs 72 bs 38 reg 34 cc 20 bc 11 cands 5 banned 0 regall 34 seat 1
RC WALK 108 id 5 role expand pos 16,15 tgt 15,15 want CENTRE
RC POS 108 id 7 seat 2 role expand fs 0 body 1 pos 2,4 stuck 0
RC WALK 108 id 7 role expand pos 2,4 tgt 2,3 want NORTH
RC POS 108 id 9 seat 3 role raid fs 1 body 2 pos 11,22 stuck 0
RC WALK 108 id 9 role raid pos 11,22 tgt 15,24 want EAST
RC POS 108 id 18 seat 4 role defend fs 0 body 1 pos 23,8 stuck 0
RC WALK 108 id 18 role defend pos 23,8 tgt 23,7 want NORTH
RC POS 109 id 3 seat 0 role raid fs 1 body 1 pos 13,23 stuck 0
RC WALK 109 id 3 role raid pos 13,23 tgt 14,28 want WEST
RC POS 109 id 5 seat 1 role expand fs 0 body 1 pos 16,15 stuck 1
RC WALK 109 id 5 role expand pos 16,15 tgt 15,15 want CENTRE
RC POS 109 id 7 seat 2 role expand fs 0 body 1 pos 2,3 stuck 0
V528 PICK r 109 id 7 tgt 23,8 cs 50 bs 30 reg 20 cc 8 bc 10 cands 6 banned 0 regall 20 seat 2
RC WALK 109 id 7 role expand pos 2,3 tgt 4,2 want SOUTH
RC POS 109 id 9 seat 3 role raid fs 1 body 2 pos 12,22 stuck 0
RC WALK 109 id 9 role raid pos 12,22 tgt 12,27 want WEST
RC POS 109 id 18 seat 4 role defend fs 0 body 1 pos 23,7 stuck 0
RC WALK 109 id 18 role defend pos 23,7 tgt 23,8 want SOUTH
RC POS 110 id 3 seat 0 role raid fs 1 body 1 pos 12,23 stuck 0
RC WALK 110 id 3 role raid pos 12,23 tgt 16,26 want EAST
RC POS 110 id 5 seat 1 role expand fs 0 body 1 pos 16,15 stuck 2
RC WALK 110 id 5 role expand pos 16,15 tgt 15,15 want CENTRE
RC POS 110 id 7 seat 2 role expand fs 0 body 1 pos 2,4 stuck 0
RC WALK 110 id 7 role expand pos 2,4 tgt 2,3 want NORTH
RC POS 110 id 9 seat 3 role raid fs 1 body 2 pos 11,22 stuck 0
RC WALK 110 id 9 role raid pos 11,22 tgt 15,24 want EAST
RC POS 110 id 18 seat 4 role defend fs 0 body 1 pos 23,8 stuck 0
RC WALK 110 id 18 role defend pos 23,8 tgt 23,7 want NORTH
RC POS 111 id 3 seat 0 role raid fs 1 body 1 pos 13,23 stuck 0
RC WALK 111 id 3 role raid pos 13,23 tgt 14,28 want WEST
RC POS 111 id 5 seat 1 role expand fs 0 body 1 pos 16,15 stuck 3
RC WALK 111 id 5 role expand pos 16,15 tgt 15,15 want CENTRE
RC POS 111 id 7 seat 2 role expand fs 0 body 1 pos 2,3 stuck 0
V528 PICK r 111 id 7 tgt 20,15 cs 66 bs 30 reg 36 cc 12 bc 10 cands 6 banned 0 regall 36 seat 2
RC WALK 111 id 7 role expand pos 2,3 tgt 4,2 want SOUTH
RC POS 111 id 9 seat 3 role raid fs 1 body 2 pos 12,22 stuck 0
RC WALK 111 id 9 role raid pos 12,22 tgt 12,27 want WEST
RC POS 111 id 18 seat 4 role defend fs 0 body 1 pos 23,7 stuck 0
RC WALK 111 id 18 role defend pos 23,7 tgt 23,8 want SOUTH
RC POS 112 id 3 seat 0 role raid fs 1 body 1 pos 12,23 stuck 0
RC WALK 112 id 3 role raid pos 12,23 tgt 16,26 want EAST
RC POS 112 id 5 seat 1 role expand fs 0 body 1 pos 16,15 stuck 4
RC WALK 112 id 5 role expand pos 16,15 tgt 15,15 want CENTRE
RC POS 112 id 7 seat 2 role expand fs 0 body 1 pos 2,4 stuck 0
RC WALK 112 id 7 role expand pos 2,4 tgt 2,3 want NORTH
RC POS 112 id 9 seat 3 role raid fs 1 body 2 pos 11,22 stuck 0
RC WALK 112 id 9 role raid pos 11,22 tgt 15,24 want EAST
RC POS 112 id 18 seat 4 role defend fs 0 body 1 pos 23,8 stuck 0
RC WALK 112 id 18 role defend pos 23,8 tgt 23,7 want NORTH
RC POS 113 id 3 seat 0 role raid fs 1 body 1 pos 13,23 stuck 0
RC WALK 113 id 3 role raid pos 13,23 tgt 14,28 want WEST
RC POS 113 id 5 seat 1 role expand fs 0 body 1 pos 16,15 stuck 5
V528 PICK r 113 id 5 tgt 3,27 cs 112 bs 38 reg 74 cc 29 bc 11 cands 5 banned 0 regall 74 seat 1
RC WALK 113 id 5 role expand pos 16,15 tgt 15,15 want CENTRE
RC POS 113 id 7 seat 2 role expand fs 0 body 1 pos 2,3 stuck 0
V528 PICK r 113 id 7 tgt 27,15 cs 94 bs 30 reg 64 cc 19 bc 10 cands 6 banned 0 regall 64 seat 2
RC WALK 113 id 7 role expand pos 2,3 tgt 4,2 want SOUTH
RC POS 113 id 9 seat 3 role raid fs 1 body 2 pos 12,22 stuck 0
RC WALK 113 id 9 role raid pos 12,22 tgt 12,27 want WEST
RC POS 113 id 18 seat 4 role defend fs 0 body 1 pos 23,7 stuck 0
RC WALK 113 id 18 role defend pos 23,7 tgt 23,8 want SOUTH
RC POS 114 id 3 seat 0 role raid fs 1 body 1 pos 12,23 stuck 0
RC WALK 114 id 3 role raid pos 12,23 tgt 16,26 want EAST
RC POS 114 id 5 seat 1 role expand fs 0 body 1 pos 16,15 stuck 1
RC WALK 114 id 5 role expand pos 16,15 tgt 15,15 want CENTRE
RC POS 114 id 7 seat 2 role expand fs 0 body 1 pos 2,4 stuck 0
RC WALK 114 id 7 role expand pos 2,4 tgt 2,3 want NORTH
RC POS 114 id 9 seat 3 role raid fs 1 body 2 pos 11,22 stuck 0
RC WALK 114 id 9 role raid pos 11,22 tgt 15,24 want EAST
RC POS 114 id 18 seat 4 role defend fs 0 body 1 pos 23,8 stuck 0
RC WALK 114 id 18 role defend pos 23,8 tgt 23,7 want NORTH
RC POS 115 id 3 seat 0 role raid fs 1 body 1 pos 13,23 stuck 0
RC WALK 115 id 3 role raid pos 13,23 tgt 14,28 want WEST
RC POS 115 id 5 seat 1 role expand fs 0 body 1 pos 16,15 stuck 2
RC WALK 115 id 5 role expand pos 16,15 tgt 15,15 want CENTRE
RC POS 115 id 7 seat 2 role expand fs 0 body 1 pos 2,3 stuck 0
V528 PICK r 115 id 7 tgt 2,26 cs 110 bs 30 reg 80 cc 29 bc 10 cands 6 banned 0 regall 80 seat 2
RC WALK 115 id 7 role expand pos 2,3 tgt 4,2 want SOUTH
RC POS 115 id 9 seat 3 role raid fs 1 body 2 pos 12,22 stuck 0
RC WALK 115 id 9 role raid pos 12,22 tgt 12,27 want WEST
RC POS 115 id 18 seat 4 role defend fs 0 body 1 pos 23,7 stuck 0
RC WALK 115 id 18 role defend pos 23,7 tgt 23,8 want SOUTH
RC POS 116 id 3 seat 0 role raid fs 1 body 1 pos 12,23 stuck 0
RC WALK 116 id 3 role raid pos 12,23 tgt 16,26 want EAST
RC POS 116 id 5 seat 1 role expand fs 0 body 1 pos 16,15 stuck 3
RC WALK 116 id 5 role expand pos 16,15 tgt 15,15 want CENTRE
RC POS 116 id 7 seat 2 role expand fs 0 body 1 pos 2,4 stuck 0
RC WALK 116 id 7 role expand pos 2,4 tgt 2,3 want NORTH
RC POS 116 id 9 seat 3 role raid fs 1 body 2 pos 11,22 stuck 0
RC WALK 116 id 9 role raid pos 11,22 tgt 15,24 want EAST
RC POS 116 id 18 seat 4 role defend fs 0 body 1 pos 23,8 stuck 0
RC WALK 116 id 18 role defend pos 23,8 tgt 23,7 want NORTH
RC POS 117 id 3 seat 0 role raid fs 1 body 1 pos 13,23 stuck 0
RC WALK 117 id 3 role raid pos 13,23 tgt 14,28 want WEST
RC POS 117 id 5 seat 1 role expand fs 0 body 1 pos 16,15 stuck 4
RC WALK 117 id 5 role expand pos 16,15 tgt 15,15 want CENTRE
RC POS 117 id 7 seat 2 role expand fs 0 body 1 pos 2,3 stuck 0
V528 PICK r 117 id 7 tgt 14,14 cs 38 bs 30 reg 8 cc 5 bc 10 cands 6 banned 0 regall 8 seat 2
RC WALK 117 id 7 role expand pos 2,3 tgt 4,2 want SOUTH
RC POS 117 id 9 seat 3 role raid fs 1 body 2 pos 12,22 stuck 0
RC WALK 117 id 9 role raid pos 12,22 tgt 12,27 want WEST
RC POS 117 id 18 seat 4 role defend fs 0 body 1 pos 23,7 stuck 0
RC WALK 117 id 18 role defend pos 23,7 tgt 23,8 want SOUTH
RC POS 118 id 3 seat 0 role raid fs 1 body 1 pos 12,23 stuck 0
RC WALK 118 id 3 role raid pos 12,23 tgt 16,26 want EAST
RC POS 118 id 5 seat 1 role expand fs 0 body 1 pos 16,15 stuck 5
V528 PICK r 118 id 5 tgt 3,2 cs 41 bs 38 reg 3 cc 5 bc 11 cands 5 banned 0 regall 3 seat 1
RC WALK 118 id 5 role expand pos 16,15 tgt 15,15 want CENTRE
RC POS 118 id 7 seat 2 role expand fs 0 body 1 pos 2,4 stuck 0
RC WALK 118 id 7 role expand pos 2,4 tgt 2,3 want NORTH
RC POS 118 id 9 seat 3 role raid fs 1 body 2 pos 11,22 stuck 0
RC WALK 118 id 9 role raid pos 11,22 tgt 15,24 want EAST
RC POS 118 id 18 seat 4 role defend fs 0 body 1 pos 23,8 stuck 0
RC WALK 118 id 18 role defend pos 23,8 tgt 23,7 want NORTH
RC POS 119 id 3 seat 0 role raid fs 1 body 1 pos 13,23 stuck 0
RC WALK 119 id 3 role raid pos 13,23 tgt 14,28 want WEST
RC POS 119 id 5 seat 1 role expand fs 0 body 1 pos 16,15 stuck 1
RC WALK 119 id 5 role expand pos 16,15 tgt 15,15 want CENTRE
RC POS 119 id 7 seat 2 role expand fs 0 body 1 pos 2,3 stuck 0
V528 PICK r 119 id 7 tgt 2,3 cs 30 bs 30 reg 0 cc 10 bc 10 cands 6 banned 0 regall 0 seat 2
RC WALK 119 id 7 role expand pos 2,3 tgt 4,2 want SOUTH
RC POS 119 id 9 seat 3 role raid fs 1 body 2 pos 12,22 stuck 0
RC WALK 119 id 9 role raid pos 12,22 tgt 12,27 want WEST
RC POS 119 id 18 seat 4 role defend fs 0 body 1 pos 23,7 stuck 0
RC WALK 119 id 18 role defend pos 23,7 tgt 23,8 want SOUTH
RC POS 120 id 3 seat 0 role raid fs 1 body 1 pos 12,23 stuck 0
RC WALK 120 id 3 role raid pos 12,23 tgt 16,26 want EAST
RC POS 120 id 5 seat 1 role expand fs 0 body 1 pos 16,15 stuck 2
RC WALK 120 id 5 role expand pos 16,15 tgt 15,15 want CENTRE
RC POS 120 id 7 seat 2 role expand fs 0 body 1 pos 2,4 stuck 0
RC WALK 120 id 7 role expand pos 2,4 tgt 2,3 want NORTH
RC POS 120 id 9 seat 3 role raid fs 1 body 2 pos 11,22 stuck 0
RC WALK 120 id 9 role raid pos 11,22 tgt 15,24 want EAST
RC POS 120 id 18 seat 4 role defend fs 0 body 1 pos 23,8 stuck 0
RC WALK 120 id 18 role defend pos 23,8 tgt 23,7 want NORTH
RC POS 121 id 3 seat 0 role raid fs 1 body 1 pos 13,23 stuck 0
RC WALK 121 id 3 role raid pos 13,23 tgt 14,28 want WEST
RC POS 121 id 5 seat 1 role expand fs 0 body 1 pos 16,15 stuck 3
RC WALK 121 id 5 role expand pos 16,15 tgt 15,15 want CENTRE
RC POS 121 id 7 seat 2 role expand fs 0 body 1 pos 2,3 stuck 0
V528 PICK r 121 id 7 tgt 23,8 cs 50 bs 30 reg 20 cc 8 bc 10 cands 6 banned 0 regall 20 seat 2
RC WALK 121 id 7 role expand pos 2,3 tgt 4,2 want SOUTH
RC POS 121 id 9 seat 3 role raid fs 1 body 2 pos 12,22 stuck 0
RC WALK 121 id 9 role raid pos 12,22 tgt 12,27 want WEST
RC POS 121 id 18 seat 4 role defend fs 0 body 1 pos 23,7 stuck 0
RC WALK 121 id 18 role defend pos 23,7 tgt 23,8 want SOUTH
RC POS 122 id 3 seat 0 role raid fs 1 body 1 pos 12,23 stuck 0
RC WALK 122 id 3 role raid pos 12,23 tgt 16,26 want EAST
RC POS 122 id 5 seat 1 role expand fs 0 body 1 pos 16,15 stuck 4
RC WALK 122 id 5 role expand pos 16,15 tgt 15,15 want CENTRE
RC POS 122 id 7 seat 2 role expand fs 0 body 1 pos 2,4 stuck 0
RC WALK 122 id 7 role expand pos 2,4 tgt 2,3 want NORTH
RC POS 122 id 9 seat 3 role raid fs 1 body 2 pos 11,22 stuck 0
RC WALK 122 id 9 role raid pos 11,22 tgt 15,24 want EAST
RC POS 122 id 18 seat 4 role defend fs 0 body 1 pos 23,8 stuck 0
RC WALK 122 id 18 role defend pos 23,8 tgt 23,7 want NORTH
RC POS 123 id 3 seat 0 role raid fs 1 body 1 pos 13,23 stuck 0
RC WALK 123 id 3 role raid pos 13,23 tgt 14,28 want WEST
RC POS 123 id 5 seat 1 role expand fs 0 body 1 pos 16,15 stuck 5
V528 PICK r 123 id 5 tgt 27,3 cs 68 bs 38 reg 30 cc 15 bc 11 cands 5 banned 0 regall 30 seat 1
RC WALK 123 id 5 role expand pos 16,15 tgt 15,15 want CENTRE
RC POS 123 id 7 seat 2 role expand fs 0 body 1 pos 2,3 stuck 0
V528 PICK r 123 id 7 tgt 20,15 cs 66 bs 30 reg 36 cc 12 bc 10 cands 6 banned 0 regall 36 seat 2
RC WALK 123 id 7 role expand pos 2,3 tgt 4,2 want SOUTH
RC POS 123 id 9 seat 3 role raid fs 1 body 2 pos 12,22 stuck 0
RC WALK 123 id 9 role raid pos 12,22 tgt 12,27 want WEST
RC POS 123 id 18 seat 4 role defend fs 0 body 1 pos 23,7 stuck 0
RC WALK 123 id 18 role defend pos 23,7 tgt 23,8 want SOUTH
RC POS 124 id 3 seat 0 role raid fs 1 body 1 pos 12,23 stuck 0
RC WALK 124 id 3 role raid pos 12,23 tgt 16,26 want EAST
RC POS 124 id 5 seat 1 role expand fs 0 body 1 pos 16,15 stuck 1
RC WALK 124 id 5 role expand pos 16,15 tgt 15,15 want CENTRE
RC POS 124 id 7 seat 2 role expand fs 0 body 1 pos 2,4 stuck 0
RC WALK 124 id 7 role expand pos 2,4 tgt 2,3 want NORTH
RC POS 124 id 9 seat 3 role raid fs 1 body 2 pos 11,22 stuck 0
RC WALK 124 id 9 role raid pos 11,22 tgt 15,24 want EAST
RC POS 124 id 18 seat 4 role defend fs 0 body 1 pos 23,8 stuck 0
RC WALK 124 id 18 role defend pos 23,8 tgt 23,7 want NORTH
RC POS 125 id 3 seat 0 role raid fs 1 body 1 pos 13,23 stuck 0
RC WALK 125 id 3 role raid pos 13,23 tgt 14,28 want WEST
RC POS 125 id 5 seat 1 role expand fs 0 body 1 pos 16,15 stuck 2
RC WALK 125 id 5 role expand pos 16,15 tgt 15,15 want CENTRE
RC POS 125 id 7 seat 2 role expand fs 0 body 1 pos 2,3 stuck 0
V528 PICK r 125 id 7 tgt 27,15 cs 94 bs 30 reg 64 cc 19 bc 10 cands 6 banned 0 regall 64 seat 2
RC WALK 125 id 7 role expand pos 2,3 tgt 4,2 want SOUTH
RC POS 125 id 9 seat 3 role raid fs 1 body 2 pos 12,22 stuck 0
RC WALK 125 id 9 role raid pos 12,22 tgt 12,27 want WEST
RC POS 125 id 18 seat 4 role defend fs 0 body 1 pos 23,7 stuck 0
RC WALK 125 id 18 role defend pos 23,7 tgt 23,8 want SOUTH
RC POS 126 id 3 seat 0 role raid fs 1 body 1 pos 12,23 stuck 0
RC WALK 126 id 3 role raid pos 12,23 tgt 16,26 want EAST
RC POS 126 id 5 seat 1 role expand fs 0 body 1 pos 16,15 stuck 3
RC WALK 126 id 5 role expand pos 16,15 tgt 15,15 want CENTRE
RC POS 126 id 7 seat 2 role expand fs 0 body 1 pos 2,4 stuck 0
RC WALK 126 id 7 role expand pos 2,4 tgt 2,3 want NORTH
RC POS 126 id 9 seat 3 role raid fs 1 body 2 pos 11,22 stuck 0
RC WALK 126 id 9 role raid pos 11,22 tgt 15,24 want EAST
RC POS 126 id 18 seat 4 role defend fs 0 body 1 pos 23,8 stuck 0
RC WALK 126 id 18 role defend pos 23,8 tgt 23,7 want NORTH
RC POS 127 id 3 seat 0 role raid fs 1 body 1 pos 13,23 stuck 0
RC WALK 127 id 3 role raid pos 13,23 tgt 14,28 want WEST
RC POS 127 id 5 seat 1 role expand fs 0 body 1 pos 16,15 stuck 4
RC WALK 127 id 5 role expand pos 16,15 tgt 15,15 want CENTRE
RC POS 127 id 7 seat 2 role expand fs 0 body 1 pos 2,3 stuck 0
V528 PICK r 127 id 7 tgt 2,26 cs 110 bs 30 reg 80 cc 29 bc 10 cands 6 banned 0 regall 80 seat 2
RC WALK 127 id 7 role expand pos 2,3 tgt 4,2 want SOUTH
RC POS 127 id 9 seat 3 role raid fs 1 body 2 pos 12,22 stuck 0
RC WALK 127 id 9 role raid pos 12,22 tgt 12,27 want WEST
RC POS 127 id 18 seat 4 role defend fs 0 body 1 pos 23,7 stuck 0
RC WALK 127 id 18 role defend pos 23,7 tgt 23,8 want SOUTH
RC POS 128 id 3 seat 0 role raid fs 1 body 1 pos 12,23 stuck 0
RC WALK 128 id 3 role raid pos 12,23 tgt 16,26 want EAST
RC POS 128 id 5 seat 1 role expand fs 0 body 1 pos 16,15 stuck 5
V528 PICK r 128 id 5 tgt 20,14 cs 38 bs 38 reg 0 cc 11 bc 11 cands 5 banned 0 regall 0 seat 1
RC WALK 128 id 5 role expand pos 16,15 tgt 15,15 want CENTRE
RC POS 128 id 7 seat 2 role expand fs 0 body 1 pos 2,4 stuck 0
RC WALK 128 id 7 role expand pos 2,4 tgt 2,3 want NORTH
RC POS 128 id 9 seat 3 role raid fs 1 body 2 pos 11,22 stuck 0
RC WALK 128 id 9 role raid pos 11,22 tgt 15,24 want EAST
RC POS 128 id 18 seat 4 role defend fs 0 body 1 pos 23,8 stuck 0
RC WALK 128 id 18 role defend pos 23,8 tgt 23,7 want NORTH
RC POS 129 id 3 seat 0 role raid fs 1 body 1 pos 13,23 stuck 0
RC WALK 129 id 3 role raid pos 13,23 tgt 14,28 want WEST
RC POS 129 id 5 seat 1 role expand fs 0 body 1 pos 16,15 stuck 1
RC WALK 129 id 5 role expand pos 16,15 tgt 15,15 want CENTRE
RC POS 129 id 7 seat 2 role expand fs 0 body 1 pos 2,3 stuck 0
V528 PICK r 129 id 7 tgt 14,14 cs 38 bs 30 reg 8 cc 5 bc 10 cands 6 banned 0 regall 8 seat 2
RC WALK 129 id 7 role expand pos 2,3 tgt 4,2 want SOUTH
RC POS 129 id 9 seat 3 role raid fs 1 body 2 pos 12,22 stuck 0
RC WALK 129 id 9 role raid pos 12,22 tgt 12,27 want WEST
RC POS 129 id 18 seat 4 role defend fs 0 body 1 pos 23,7 stuck 0
RC WALK 129 id 18 role defend pos 23,7 tgt 23,8 want SOUTH
RC POS 130 id 3 seat 0 role raid fs 1 body 1 pos 12,23 stuck 0
RC WALK 130 id 3 role raid pos 12,23 tgt 16,26 want EAST
RC POS 130 id 5 seat 1 role expand fs 0 body 1 pos 16,15 stuck 2
RC WALK 130 id 5 role expand pos 16,15 tgt 15,15 want CENTRE
RC POS 130 id 7 seat 2 role expand fs 0 body 1 pos 2,4 stuck 0
RC WALK 130 id 7 role expand pos 2,4 tgt 2,3 want NORTH
RC POS 130 id 9 seat 3 role raid fs 1 body 2 pos 11,22 stuck 0
RC WALK 130 id 9 role raid pos 11,22 tgt 15,24 want EAST
RC POS 130 id 18 seat 4 role defend fs 0 body 1 pos 23,8 stuck 0
RC WALK 130 id 18 role defend pos 23,8 tgt 23,7 want NORTH
RC POS 131 id 3 seat 0 role raid fs 1 body 1 pos 13,23 stuck 0
RC WALK 131 id 3 role raid pos 13,23 tgt 14,28 want WEST
RC POS 131 id 5 seat 1 role expand fs 0 body 1 pos 16,15 stuck 3
RC WALK 131 id 5 role expand pos 16,15 tgt 15,15 want CENTRE
RC POS 131 id 7 seat 2 role expand fs 0 body 1 pos 2,3 stuck 0
V528 PICK r 131 id 7 tgt 2,3 cs 30 bs 30 reg 0 cc 10 bc 10 cands 6 banned 0 regall 0 seat 2
RC WALK 131 id 7 role expand pos 2,3 tgt 4,2 want SOUTH
RC POS 131 id 9 seat 3 role raid fs 1 body 2 pos 12,22 stuck 0
RC WALK 131 id 9 role raid pos 12,22 tgt 12,27 want WEST
RC POS 131 id 18 seat 4 role defend fs 0 body 1 pos 23,7 stuck 0
RC WALK 131 id 18 role defend pos 23,7 tgt 23,8 want SOUTH
RC POS 132 id 3 seat 0 role raid fs 1 body 1 pos 12,23 stuck 0
RC WALK 132 id 3 role raid pos 12,23 tgt 16,26 want EAST
RC POS 132 id 5 seat 1 role expand fs 0 body 1 pos 16,15 stuck 4
RC WALK 132 id 5 role expand pos 16,15 tgt 15,15 want CENTRE
RC POS 132 id 7 seat 2 role expand fs 0 body 1 pos 2,4 stuck 0
RC WALK 132 id 7 role expand pos 2,4 tgt 2,3 want NORTH
RC POS 132 id 9 seat 3 role raid fs 1 body 2 pos 11,22 stuck 0
RC WALK 132 id 9 role raid pos 11,22 tgt 15,24 want EAST
RC POS 132 id 18 seat 4 role defend fs 0 body 1 pos 23,8 stuck 0
RC WALK 132 id 18 role defend pos 23,8 tgt 23,7 want NORTH
RC POS 133 id 3 seat 0 role raid fs 1 body 1 pos 13,23 stuck 0
RC WALK 133 id 3 role raid pos 13,23 tgt 14,28 want WEST
RC POS 133 id 5 seat 1 role expand fs 0 body 1 pos 16,15 stuck 5
V528 PICK r 133 id 5 tgt 27,14 cs 72 bs 38 reg 34 cc 20 bc 11 cands 5 banned 0 regall 34 seat 1
RC WALK 133 id 5 role expand pos 16,15 tgt 15,15 want CENTRE
RC POS 133 id 7 seat 2 role expand fs 0 body 1 pos 2,3 stuck 0
V528 PICK r 133 id 7 tgt 23,8 cs 50 bs 30 reg 20 cc 8 bc 10 cands 6 banned 0 regall 20 seat 2
RC WALK 133 id 7 role expand pos 2,3 tgt 4,2 want SOUTH
RC POS 133 id 9 seat 3 role raid fs 1 body 2 pos 12,22 stuck 0
RC WALK 133 id 9 role raid pos 12,22 tgt 12,27 want WEST
RC POS 133 id 18 seat 4 role defend fs 0 body 1 pos 23,7 stuck 0
RC WALK 133 id 18 role defend pos 23,7 tgt 23,8 want SOUTH
RC POS 134 id 3 seat 0 role raid fs 1 body 1 pos 12,23 stuck 0
RC WALK 134 id 3 role raid pos 12,23 tgt 16,26 want EAST
RC POS 134 id 5 seat 1 role expand fs 0 body 1 pos 16,15 stuck 1
RC WALK 134 id 5 role expand pos 16,15 tgt 15,15 want CENTRE
RC POS 134 id 7 seat 2 role expand fs 0 body 1 pos 2,4 stuck 0
RC WALK 134 id 7 role expand pos 2,4 tgt 2,3 want NORTH
RC POS 134 id 9 seat 3 role raid fs 1 body 2 pos 11,22 stuck 0
RC WALK 134 id 9 role raid pos 11,22 tgt 15,24 want EAST
RC POS 134 id 18 seat 4 role defend fs 0 body 1 pos 23,8 stuck 0
RC WALK 134 id 18 role defend pos 23,8 tgt 23,7 want NORTH
RC POS 135 id 3 seat 0 role raid fs 1 body 1 pos 13,23 stuck 0
RC WALK 135 id 3 role raid pos 13,23 tgt 14,28 want WEST
RC POS 135 id 5 seat 1 role expand fs 0 body 1 pos 16,15 stuck 2
RC WALK 135 id 5 role expand pos 16,15 tgt 15,15 want CENTRE
RC POS 135 id 7 seat 2 role expand fs 0 body 1 pos 2,3 stuck 0
V528 PICK r 135 id 7 tgt 20,15 cs 66 bs 30 reg 36 cc 12 bc 10 cands 6 banned 0 regall 36 seat 2
RC WALK 135 id 7 role expand pos 2,3 tgt 4,2 want SOUTH
RC POS 135 id 9 seat 3 role raid fs 1 body 2 pos 12,22 stuck 0
RC WALK 135 id 9 role raid pos 12,22 tgt 12,27 want WEST
RC POS 135 id 18 seat 4 role defend fs 0 body 1 pos 23,7 stuck 0
RC WALK 135 id 18 role defend pos 23,7 tgt 23,8 want SOUTH
RC POS 136 id 3 seat 0 role raid fs 1 body 1 pos 12,23 stuck 0
RC WALK 136 id 3 role raid pos 12,23 tgt 16,26 want EAST
RC POS 136 id 5 seat 1 role expand fs 0 body 1 pos 16,15 stuck 3
RC WALK 136 id 5 role expand pos 16,15 tgt 15,15 want CENTRE
RC POS 136 id 7 seat 2 role expand fs 0 body 1 pos 2,4 stuck 0
RC WALK 136 id 7 role expand pos 2,4 tgt 2,3 want NORTH
RC POS 136 id 9 seat 3 role raid fs 1 body 2 pos 11,22 stuck 0
RC WALK 136 id 9 role raid pos 11,22 tgt 15,24 want EAST
RC POS 136 id 18 seat 4 role defend fs 0 body 1 pos 23,8 stuck 0
RC WALK 136 id 18 role defend pos 23,8 tgt 23,7 want NORTH
RC POS 137 id 3 seat 0 role raid fs 1 body 1 pos 13,23 stuck 0
RC WALK 137 id 3 role raid pos 13,23 tgt 14,28 want WEST
RC POS 137 id 5 seat 1 role expand fs 0 body 1 pos 16,15 stuck 4
RC WALK 137 id 5 role expand pos 16,15 tgt 15,15 want CENTRE
RC POS 137 id 7 seat 2 role expand fs 0 body 1 pos 2,3 stuck 0
V528 PICK r 137 id 7 tgt 27,15 cs 94 bs 30 reg 64 cc 19 bc 10 cands 6 banned 0 regall 64 seat 2
RC WALK 137 id 7 role expand pos 2,3 tgt 4,2 want SOUTH
RC POS 137 id 9 seat 3 role raid fs 1 body 2 pos 12,22 stuck 0
RC WALK 137 id 9 role raid pos 12,22 tgt 12,27 want WEST
RC POS 137 id 18 seat 4 role defend fs 0 body 1 pos 23,7 stuck 0
RC WALK 137 id 18 role defend pos 23,7 tgt 23,8 want SOUTH
RC POS 138 id 3 seat 0 role raid fs 1 body 1 pos 12,23 stuck 0
RC WALK 138 id 3 role raid pos 12,23 tgt 16,26 want EAST
RC POS 138 id 5 seat 1 role expand fs 0 body 1 pos 16,15 stuck 5
V528 PICK r 138 id 5 tgt 3,27 cs 112 bs 38 reg 74 cc 29 bc 11 cands 5 banned 0 regall 74 seat 1
RC WALK 138 id 5 role expand pos 16,15 tgt 15,15 want CENTRE
RC POS 138 id 7 seat 2 role expand fs 0 body 1 pos 2,4 stuck 0
RC WALK 138 id 7 role expand pos 2,4 tgt 2,3 want NORTH
RC POS 138 id 9 seat 3 role raid fs 1 body 2 pos 11,22 stuck 0
RC WALK 138 id 9 role raid pos 11,22 tgt 15,24 want EAST
RC POS 138 id 18 seat 4 role defend fs 0 body 1 pos 23,8 stuck 0
RC WALK 138 id 18 role defend pos 23,8 tgt 23,7 want NORTH
RC POS 139 id 3 seat 0 role raid fs 1 body 1 pos 13,23 stuck 0
RC WALK 139 id 3 role raid pos 13,23 tgt 14,28 want WEST
RC POS 139 id 5 seat 1 role expand fs 0 body 1 pos 16,15 stuck 1
RC WALK 139 id 5 role expand pos 16,15 tgt 15,15 want CENTRE
RC POS 139 id 7 seat 2 role expand fs 0 body 1 pos 2,3 stuck 0
V528 PICK r 139 id 7 tgt 2,26 cs 110 bs 30 reg 80 cc 29 bc 10 cands 6 banned 0 regall 80 seat 2
RC WALK 139 id 7 role expand pos 2,3 tgt 4,2 want SOUTH
RC POS 139 id 9 seat 3 role raid fs 1 body 2 pos 12,22 stuck 0
RC WALK 139 id 9 role raid pos 12,22 tgt 12,27 want WEST
RC POS 139 id 18 seat 4 role defend fs 0 body 1 pos 23,7 stuck 0
RC WALK 139 id 18 role defend pos 23,7 tgt 23,8 want SOUTH
RC POS 140 id 3 seat 0 role raid fs 1 body 1 pos 12,23 stuck 0
RC WALK 140 id 3 role raid pos 12,23 tgt 16,26 want EAST
RC POS 140 id 5 seat 1 role expand fs 0 body 1 pos 16,15 stuck 2
RC WALK 140 id 5 role expand pos 16,15 tgt 15,15 want CENTRE
RC POS 140 id 7 seat 2 role expand fs 0 body 1 pos 2,4 stuck 0
RC WALK 140 id 7 role expand pos 2,4 tgt 2,3 want NORTH
RC POS 140 id 9 seat 3 role raid fs 1 body 2 pos 11,22 stuck 0
RC WALK 140 id 9 role raid pos 11,22 tgt 15,24 want EAST
RC POS 140 id 18 seat 4 role defend fs 0 body 1 pos 23,8 stuck 0
RC WALK 140 id 18 role defend pos 23,8 tgt 23,7 want NORTH
RC POS 141 id 3 seat 0 role raid fs 1 body 1 pos 13,23 stuck 0
RC WALK 141 id 3 role raid pos 13,23 tgt 14,28 want WEST
RC POS 141 id 5 seat 1 role expand fs 0 body 1 pos 16,15 stuck 3
RC WALK 141 id 5 role expand pos 16,15 tgt 15,15 want CENTRE
RC POS 141 id 7 seat 2 role expand fs 0 body 1 pos 2,3 stuck 0
V528 PICK r 141 id 7 tgt 14,14 cs 38 bs 30 reg 8 cc 5 bc 10 cands 6 banned 0 regall 8 seat 2
RC WALK 141 id 7 role expand pos 2,3 tgt 4,2 want SOUTH
RC POS 141 id 9 seat 3 role raid fs 1 body 2 pos 12,22 stuck 0
RC WALK 141 id 9 role raid pos 12,22 tgt 12,27 want WEST
RC POS 141 id 18 seat 4 role defend fs 0 body 1 pos 23,7 stuck 0
RC WALK 141 id 18 role defend pos 23,7 tgt 23,8 want SOUTH
RC POS 142 id 3 seat 0 role raid fs 1 body 1 pos 12,23 stuck 0
RC WALK 142 id 3 role raid pos 12,23 tgt 16,26 want EAST
RC POS 142 id 5 seat 1 role expand fs 0 body 1 pos 16,15 stuck 4
RC WALK 142 id 5 role expand pos 16,15 tgt 15,15 want CENTRE
RC POS 142 id 7 seat 2 role expand fs 0 body 1 pos 2,4 stuck 0
RC WALK 142 id 7 role expand pos 2,4 tgt 2,3 want NORTH
RC POS 142 id 9 seat 3 role raid fs 1 body 2 pos 11,22 stuck 0
RC WALK 142 id 9 role raid pos 11,22 tgt 15,24 want EAST
RC POS 142 id 18 seat 4 role defend fs 0 body 1 pos 23,8 stuck 0
RC WALK 142 id 18 role defend pos 23,8 tgt 23,7 want NORTH
RC POS 143 id 3 seat 0 role raid fs 1 body 1 pos 13,23 stuck 0
RC WALK 143 id 3 role raid pos 13,23 tgt 14,28 want WEST
RC POS 143 id 5 seat 1 role expand fs 0 body 1 pos 16,15 stuck 5
V528 PICK r 143 id 5 tgt 3,2 cs 41 bs 38 reg 3 cc 5 bc 11 cands 5 banned 0 regall 3 seat 1
RC WALK 143 id 5 role expand pos 16,15 tgt 15,15 want CENTRE
RC POS 143 id 7 seat 2 role expand fs 0 body 1 pos 2,3 stuck 0
V528 PICK r 143 id 7 tgt 2,3 cs 30 bs 30 reg 0 cc 10 bc 10 cands 6 banned 0 regall 0 seat 2
RC WALK 143 id 7 role expand pos 2,3 tgt 4,2 want SOUTH
RC POS 143 id 9 seat 3 role raid fs 1 body 2 pos 12,22 stuck 0
RC WALK 143 id 9 role raid pos 12,22 tgt 12,27 want WEST
RC POS 143 id 18 seat 4 role defend fs 0 body 1 pos 23,7 stuck 0
RC WALK 143 id 18 role defend pos 23,7 tgt 23,8 want SOUTH
RC POS 144 id 3 seat 0 role raid fs 1 body 1 pos 12,23 stuck 0
RC WALK 144 id 3 role raid pos 12,23 tgt 16,26 want EAST
RC POS 144 id 5 seat 1 role expand fs 0 body 1 pos 16,15 stuck 1
RC WALK 144 id 5 role expand pos 16,15 tgt 15,15 want CENTRE
RC POS 144 id 7 seat 2 role expand fs 0 body 1 pos 2,4 stuck 0
RC WALK 144 id 7 role expand pos 2,4 tgt 2,3 want NORTH
RC POS 144 id 9 seat 3 role raid fs 1 body 2 pos 11,22 stuck 0
RC WALK 144 id 9 role raid pos 11,22 tgt 15,24 want EAST
RC POS 144 id 18 seat 4 role defend fs 0 body 1 pos 23,8 stuck 0
RC WALK 144 id 18 role defend pos 23,8 tgt 23,7 want NORTH
RC POS 145 id 3 seat 0 role raid fs 1 body 1 pos 13,23 stuck 0
RC WALK 145 id 3 role raid pos 13,23 tgt 14,28 want WEST
RC POS 145 id 5 seat 1 role expand fs 0 body 1 pos 16,15 stuck 2
RC WALK 145 id 5 role expand pos 16,15 tgt 15,15 want CENTRE
RC POS 145 id 7 seat 2 role expand fs 0 body 1 pos 2,3 stuck 0
V528 PICK r 145 id 7 tgt 23,8 cs 50 bs 30 reg 20 cc 8 bc 10 cands 6 banned 0 regall 20 seat 2
RC WALK 145 id 7 role expand pos 2,3 tgt 4,2 want SOUTH
RC POS 145 id 9 seat 3 role raid fs 1 body 2 pos 12,22 stuck 0
RC WALK 145 id 9 role raid pos 12,22 tgt 12,27 want WEST
RC POS 145 id 18 seat 4 role defend fs 0 body 1 pos 23,7 stuck 0
RC WALK 145 id 18 role defend pos 23,7 tgt 23,8 want SOUTH
RC POS 146 id 3 seat 0 role raid fs 1 body 1 pos 12,23 stuck 0
RC WALK 146 id 3 role raid pos 12,23 tgt 16,26 want EAST
RC POS 146 id 5 seat 1 role expand fs 0 body 1 pos 16,15 stuck 3
RC WALK 146 id 5 role expand pos 16,15 tgt 15,15 want CENTRE
RC POS 146 id 7 seat 2 role expand fs 0 body 1 pos 2,4 stuck 0
RC WALK 146 id 7 role expand pos 2,4 tgt 2,3 want NORTH
RC POS 146 id 9 seat 3 role raid fs 1 body 2 pos 11,22 stuck 0
RC WALK 146 id 9 role raid pos 11,22 tgt 15,24 want EAST
RC POS 146 id 18 seat 4 role defend fs 0 body 1 pos 23,8 stuck 0
RC WALK 146 id 18 role defend pos 23,8 tgt 23,7 want NORTH
RC POS 147 id 3 seat 0 role raid fs 1 body 1 pos 13,23 stuck 0
RC WALK 147 id 3 role raid pos 13,23 tgt 14,28 want WEST
RC POS 147 id 5 seat 1 role expand fs 0 body 1 pos 16,15 stuck 4
RC WALK 147 id 5 role expand pos 16,15 tgt 15,15 want CENTRE
RC POS 147 id 7 seat 2 role expand fs 0 body 1 pos 2,3 stuck 0
V528 PICK r 147 id 7 tgt 20,15 cs 66 bs 30 reg 36 cc 12 bc 10 cands 6 banned 0 regall 36 seat 2
RC WALK 147 id 7 role expand pos 2,3 tgt 4,2 want SOUTH
RC POS 147 id 9 seat 3 role raid fs 1 body 2 pos 12,22 stuck 0
RC WALK 147 id 9 role raid pos 12,22 tgt 12,27 want WEST
RC POS 147 id 18 seat 4 role defend fs 0 body 1 pos 23,7 stuck 0
RC WALK 147 id 18 role defend pos 23,7 tgt 23,8 want SOUTH
RC POS 148 id 3 seat 0 role raid fs 1 body 1 pos 12,23 stuck 0
RC WALK 148 id 3 role raid pos 12,23 tgt 16,26 want EAST
RC POS 148 id 5 seat 1 role expand fs 0 body 1 pos 16,15 stuck 5
V528 PICK r 148 id 5 tgt 27,3 cs 68 bs 38 reg 30 cc 15 bc 11 cands 5 banned 0 regall 30 seat 1
RC WALK 148 id 5 role expand pos 16,15 tgt 15,15 want CENTRE
RC POS 148 id 7 seat 2 role expand fs 0 body 1 pos 2,4 stuck 0
RC WALK 148 id 7 role expand pos 2,4 tgt 2,3 want NORTH
RC POS 148 id 9 seat 3 role raid fs 1 body 2 pos 11,22 stuck 0
RC WALK 148 id 9 role raid pos 11,22 tgt 15,24 want EAST
RC POS 148 id 18 seat 4 role defend fs 0 body 1 pos 23,8 stuck 0
RC WALK 148 id 18 role defend pos 23,8 tgt 23,7 want NORTH
RC POS 149 id 3 seat 0 role raid fs 1 body 1 pos 13,23 stuck 0
RC WALK 149 id 3 role raid pos 13,23 tgt 14,28 want WEST
RC POS 149 id 5 seat 1 role expand fs 0 body 1 pos 16,15 stuck 1
RC WALK 149 id 5 role expand pos 16,15 tgt 15,15 want CENTRE
RC POS 149 id 7 seat 2 role expand fs 0 body 1 pos 2,3 stuck 0
V528 PICK r 149 id 7 tgt 27,15 cs 94 bs 30 reg 64 cc 19 bc 10 cands 6 banned 0 regall 64 seat 2
RC WALK 149 id 7 role expand pos 2,3 tgt 4,2 want SOUTH
RC POS 149 id 9 seat 3 role raid fs 1 body 2 pos 12,22 stuck 0
RC WALK 149 id 9 role raid pos 12,22 tgt 12,27 want WEST
RC POS 149 id 18 seat 4 role defend fs 0 body 1 pos 23,7 stuck 0
RC WALK 149 id 18 role defend pos 23,7 tgt 23,8 want SOUTH
RC POS 150 id 3 seat 0 role raid fs 1 body 1 pos 12,23 stuck 0
RC WALK 150 id 3 role raid pos 12,23 tgt 16,26 want EAST
RC POS 150 id 5 seat 1 role expand fs 0 body 1 pos 16,15 stuck 2
RC WALK 150 id 5 role expand pos 16,15 tgt 15,15 want CENTRE
RC POS 150 id 7 seat 2 role expand fs 0 body 1 pos 2,4 stuck 0
RC WALK 150 id 7 role expand pos 2,4 tgt 2,3 want NORTH
RC POS 150 id 9 seat 3 role raid fs 1 body 2 pos 11,22 stuck 0
RC WALK 150 id 9 role raid pos 11,22 tgt 15,24 want EAST
RC POS 150 id 18 seat 4 role defend fs 0 body 1 pos 23,8 stuck 0
RC WALK 150 id 18 role defend pos 23,8 tgt 23,7 want NORTH
RC POS 151 id 3 seat 0 role raid fs 1 body 1 pos 13,23 stuck 0
RC WALK 151 id 3 role raid pos 13,23 tgt 14,28 want WEST
RC POS 151 id 5 seat 1 role expand fs 0 body 1 pos 16,15 stuck 3
RC WALK 151 id 5 role expand pos 16,15 tgt 15,15 want CENTRE
RC POS 151 id 7 seat 2 role expand fs 0 body 1 pos 2,3 stuck 0
V528 PICK r 151 id 7 tgt 2,26 cs 110 bs 30 reg 80 cc 29 bc 10 cands 6 banned 0 regall 80 seat 2
RC WALK 151 id 7 role expand pos 2,3 tgt 4,2 want SOUTH
RC POS 151 id 9 seat 3 role raid fs 1 body 2 pos 12,22 stuck 0
RC WALK 151 id 9 role raid pos 12,22 tgt 12,27 want WEST
RC POS 151 id 18 seat 4 role defend fs 0 body 1 pos 23,7 stuck 0
RC WALK 151 id 18 role defend pos 23,7 tgt 23,8 want SOUTH
RC POS 152 id 3 seat 0 role raid fs 1 body 1 pos 12,23 stuck 0
RC WALK 152 id 3 role raid pos 12,23 tgt 14,28 want SOUTH
RC POS 152 id 5 seat 1 role expand fs 0 body 1 pos 16,15 stuck 4
RC WALK 152 id 5 role expand pos 16,15 tgt 15,15 want CENTRE
RC POS 152 id 7 seat 2 role expand fs 0 body 1 pos 2,4 stuck 0
RC WALK 152 id 7 role expand pos 2,4 tgt 2,3 want NORTH
RC POS 152 id 9 seat 3 role raid fs 1 body 2 pos 11,22 stuck 0
RC WALK 152 id 9 role raid pos 11,22 tgt 15,24 want EAST
RC POS 152 id 18 seat 4 role defend fs 0 body 1 pos 23,8 stuck 0
RC WALK 152 id 18 role defend pos 23,8 tgt 23,7 want NORTH
RC POS 153 id 3 seat 0 role raid fs 1 body 1 pos 12,24 stuck 0
RC WALK 153 id 3 role raid pos 12,24 tgt 17,27 want NORTH
RC POS 153 id 5 seat 1 role expand fs 0 body 1 pos 16,15 stuck 5
V528 PICK r 153 id 5 tgt 20,14 cs 38 bs 38 reg 0 cc 11 bc 11 cands 5 banned 0 regall 0 seat 1
RC WALK 153 id 5 role expand pos 16,15 tgt 15,15 want CENTRE
RC POS 153 id 7 seat 2 role expand fs 0 body 1 pos 2,3 stuck 0
V528 PICK r 153 id 7 tgt 14,14 cs 38 bs 30 reg 8 cc 5 bc 10 cands 6 banned 0 regall 8 seat 2
RC WALK 153 id 7 role expand pos 2,3 tgt 4,2 want SOUTH
RC POS 153 id 9 seat 3 role raid fs 1 body 2 pos 12,22 stuck 0
RC WALK 153 id 9 role raid pos 12,22 tgt 12,27 want WEST
RC POS 153 id 18 seat 4 role defend fs 0 body 1 pos 23,7 stuck 0
RC WALK 153 id 18 role defend pos 23,7 tgt 23,8 want SOUTH
RC POS 154 id 3 seat 0 role raid fs 1 body 1 pos 12,23 stuck 0
RC WALK 154 id 3 role raid pos 12,23 tgt 14,28 want SOUTH
RC POS 154 id 5 seat 1 role expand fs 0 body 1 pos 16,15 stuck 1
RC WALK 154 id 5 role expand pos 16,15 tgt 15,15 want CENTRE
RC POS 154 id 7 seat 2 role expand fs 0 body 1 pos 2,4 stuck 0
RC WALK 154 id 7 role expand pos 2,4 tgt 2,3 want NORTH
RC POS 154 id 9 seat 3 role raid fs 1 body 2 pos 11,22 stuck 0
RC WALK 154 id 9 role raid pos 11,22 tgt 15,24 want EAST
RC POS 154 id 18 seat 4 role defend fs 0 body 1 pos 23,8 stuck 0
RC WALK 154 id 18 role defend pos 23,8 tgt 23,7 want NORTH
RC POS 155 id 3 seat 0 role raid fs 1 body 1 pos 12,24 stuck 0
RC WALK 155 id 3 role raid pos 12,24 tgt 17,27 want NORTH
RC POS 155 id 5 seat 1 role expand fs 0 body 1 pos 16,15 stuck 2
RC WALK 155 id 5 role expand pos 16,15 tgt 15,15 want CENTRE
RC POS 155 id 7 seat 2 role expand fs 0 body 1 pos 2,3 stuck 0
V528 PICK r 155 id 7 tgt 2,3 cs 30 bs 30 reg 0 cc 10 bc 10 cands 6 banned 0 regall 0 seat 2
RC WALK 155 id 7 role expand pos 2,3 tgt 4,2 want SOUTH
RC POS 155 id 9 seat 3 role raid fs 1 body 2 pos 12,22 stuck 0
RC WALK 155 id 9 role raid pos 12,22 tgt 12,27 want WEST
RC POS 155 id 18 seat 4 role defend fs 0 body 1 pos 23,7 stuck 0
RC WALK 155 id 18 role defend pos 23,7 tgt 23,8 want SOUTH
RC POS 156 id 3 seat 0 role raid fs 1 body 1 pos 12,23 stuck 0
RC WALK 156 id 3 role raid pos 12,23 tgt 16,25 want EAST
RC POS 156 id 5 seat 1 role expand fs 0 body 1 pos 16,15 stuck 3
RC WALK 156 id 5 role expand pos 16,15 tgt 15,15 want CENTRE
RC POS 156 id 7 seat 2 role expand fs 0 body 1 pos 2,4 stuck 0
RC WALK 156 id 7 role expand pos 2,4 tgt 2,3 want NORTH
RC POS 156 id 9 seat 3 role raid fs 1 body 2 pos 11,22 stuck 0
RC WALK 156 id 9 role raid pos 11,22 tgt 15,24 want EAST
RC POS 156 id 18 seat 4 role defend fs 0 body 1 pos 23,8 stuck 0
RC WALK 156 id 18 role defend pos 23,8 tgt 23,7 want NORTH
RC POS 157 id 3 seat 0 role raid fs 1 body 1 pos 13,23 stuck 0
RC WALK 157 id 3 role raid pos 13,23 tgt 14,28 want WEST
RC POS 157 id 5 seat 1 role expand fs 0 body 1 pos 16,15 stuck 4
RC WALK 157 id 5 role expand pos 16,15 tgt 15,15 want CENTRE
RC POS 157 id 7 seat 2 role expand fs 0 body 1 pos 2,3 stuck 0
V528 PICK r 157 id 7 tgt 23,8 cs 50 bs 30 reg 20 cc 8 bc 10 cands 6 banned 0 regall 20 seat 2
RC WALK 157 id 7 role expand pos 2,3 tgt 4,2 want SOUTH
RC POS 157 id 9 seat 3 role raid fs 1 body 2 pos 12,22 stuck 0
RC WALK 157 id 9 role raid pos 12,22 tgt 12,27 want WEST
RC POS 157 id 18 seat 4 role defend fs 0 body 1 pos 23,7 stuck 0
RC WALK 157 id 18 role defend pos 23,7 tgt 23,8 want SOUTH
RC POS 158 id 3 seat 0 role raid fs 1 body 1 pos 12,23 stuck 0
RC WALK 158 id 3 role raid pos 12,23 tgt 16,25 want EAST
RC POS 158 id 5 seat 1 role expand fs 0 body 1 pos 16,15 stuck 5
V528 PICK r 158 id 5 tgt 27,14 cs 72 bs 38 reg 34 cc 20 bc 11 cands 5 banned 0 regall 34 seat 1
RC WALK 158 id 5 role expand pos 16,15 tgt 15,15 want CENTRE
RC POS 158 id 7 seat 2 role expand fs 0 body 1 pos 2,4 stuck 0
RC WALK 158 id 7 role expand pos 2,4 tgt 2,3 want NORTH
RC POS 158 id 9 seat 3 role raid fs 1 body 2 pos 11,22 stuck 0
RC WALK 158 id 9 role raid pos 11,22 tgt 15,24 want EAST
RC POS 158 id 18 seat 4 role defend fs 0 body 1 pos 23,8 stuck 0
RC WALK 158 id 18 role defend pos 23,8 tgt 23,7 want NORTH
RC POS 159 id 3 seat 0 role raid fs 1 body 1 pos 13,23 stuck 0
RC WALK 159 id 3 role raid pos 13,23 tgt 14,28 want WEST
RC POS 159 id 5 seat 1 role expand fs 0 body 1 pos 16,15 stuck 1
RC WALK 159 id 5 role expand pos 16,15 tgt 15,15 want CENTRE
RC POS 159 id 7 seat 2 role expand fs 0 body 1 pos 2,3 stuck 0
V528 PICK r 159 id 7 tgt 20,15 cs 66 bs 30 reg 36 cc 12 bc 10 cands 6 banned 0 regall 36 seat 2
RC WALK 159 id 7 role expand pos 2,3 tgt 4,2 want SOUTH
RC POS 159 id 9 seat 3 role raid fs 1 body 2 pos 12,22 stuck 0
RC WALK 159 id 9 role raid pos 12,22 tgt 12,27 want WEST
RC POS 159 id 18 seat 4 role defend fs 0 body 1 pos 23,7 stuck 0
RC WALK 159 id 18 role defend pos 23,7 tgt 23,8 want SOUTH
RC POS 160 id 3 seat 0 role raid fs 1 body 1 pos 12,23 stuck 0
RC POS 160 id 5 seat 1 role expand fs 0 body 1 pos 16,15 stuck 2
RC WALK 160 id 5 role expand pos 16,15 tgt 15,15 want CENTRE
RC POS 160 id 7 seat 2 role expand fs 0 body 1 pos 2,4 stuck 0
RC WALK 160 id 7 role expand pos 2,4 tgt 2,3 want NORTH
RC POS 160 id 9 seat 3 role raid fs 1 body 2 pos 11,22 stuck 0
RC WALK 160 id 9 role raid pos 11,22 tgt 15,24 want EAST
RC POS 160 id 18 seat 4 role defend fs 0 body 1 pos 23,8 stuck 0
RC WALK 160 id 18 role defend pos 23,8 tgt 23,7 want NORTH
RC POS 161 id 3 seat 0 role raid fs 1 body 1 pos 12,23 stuck 1
RC WALK 161 id 3 role raid pos 12,23 tgt 16,25 want EAST
RC POS 161 id 5 seat 1 role expand fs 0 body 1 pos 16,15 stuck 3
RC WALK 161 id 5 role expand pos 16,15 tgt 15,15 want CENTRE
RC POS 161 id 7 seat 2 role expand fs 0 body 1 pos 2,3 stuck 0
V528 PICK r 161 id 7 tgt 27,15 cs 94 bs 30 reg 64 cc 19 bc 10 cands 6 banned 0 regall 64 seat 2
RC WALK 161 id 7 role expand pos 2,3 tgt 4,2 want SOUTH
RC POS 161 id 9 seat 3 role raid fs 1 body 2 pos 12,22 stuck 0
RC WALK 161 id 9 role raid pos 12,22 tgt 12,27 want SOUTH
RC POS 161 id 18 seat 4 role defend fs 0 body 1 pos 23,7 stuck 0
RC WALK 161 id 18 role defend pos 23,7 tgt 23,8 want SOUTH
RC POS 162 id 3 seat 0 role raid fs 1 body 1 pos 13,23 stuck 0
RC WALK 162 id 3 role raid pos 13,23 tgt 16,25 want EAST
RC POS 162 id 5 seat 1 role expand fs 0 body 1 pos 16,15 stuck 4
RC WALK 162 id 5 role expand pos 16,15 tgt 15,15 want CENTRE
RC POS 162 id 7 seat 2 role expand fs 0 body 1 pos 2,4 stuck 0
RC WALK 162 id 7 role expand pos 2,4 tgt 2,3 want NORTH
RC POS 162 id 9 seat 3 role raid fs 1 body 2 pos 12,23 stuck 0
RC WALK 162 id 9 role raid pos 12,23 tgt 16,25 want EAST
RC POS 162 id 18 seat 4 role defend fs 0 body 1 pos 23,8 stuck 0
RC WALK 162 id 18 role defend pos 23,8 tgt 23,7 want NORTH
RC POS 163 id 3 seat 0 role raid fs 1 body 1 pos 14,23 stuck 0
RC WALK 163 id 3 role raid pos 14,23 tgt 14,28 want NORTH
RC POS 163 id 5 seat 1 role expand fs 0 body 1 pos 16,15 stuck 5
V528 PICK r 163 id 5 tgt 3,27 cs 112 bs 38 reg 74 cc 29 bc 11 cands 5 banned 0 regall 74 seat 1
RC WALK 163 id 5 role expand pos 16,15 tgt 15,15 want CENTRE
RC POS 163 id 7 seat 2 role expand fs 0 body 1 pos 2,3 stuck 0
V528 PICK r 163 id 7 tgt 2,26 cs 110 bs 30 reg 80 cc 29 bc 10 cands 6 banned 0 regall 80 seat 2
RC WALK 163 id 7 role expand pos 2,3 tgt 4,2 want SOUTH
RC POS 163 id 9 seat 3 role raid fs 1 body 2 pos 13,23 stuck 0
RC WALK 163 id 9 role raid pos 13,23 tgt 16,26 want EAST
RC POS 163 id 18 seat 4 role defend fs 0 body 1 pos 23,7 stuck 0
RC WALK 163 id 18 role defend pos 23,7 tgt 23,8 want SOUTH
RC POS 164 id 3 seat 0 role raid fs 1 body 1 pos 14,22 stuck 0
RC WALK 164 id 3 role raid pos 14,22 tgt 14,28 want WEST
RC POS 164 id 5 seat 1 role expand fs 0 body 1 pos 16,15 stuck 1
RC WALK 164 id 5 role expand pos 16,15 tgt 15,15 want CENTRE
RC POS 164 id 7 seat 2 role expand fs 0 body 1 pos 2,4 stuck 0
RC WALK 164 id 7 role expand pos 2,4 tgt 2,3 want NORTH
RC POS 164 id 9 seat 3 role raid fs 1 body 2 pos 14,23 stuck 0
RC WALK 164 id 9 role raid pos 14,23 tgt 14,28 want WEST
RC POS 164 id 18 seat 4 role defend fs 0 body 1 pos 23,8 stuck 0
RC WALK 164 id 18 role defend pos 23,8 tgt 23,7 want NORTH
RC POS 165 id 3 seat 0 role raid fs 1 body 1 pos 13,22 stuck 0
RC WALK 165 id 3 role raid pos 13,22 tgt 12,27 want WEST
RC POS 165 id 5 seat 1 role expand fs 0 body 1 pos 16,15 stuck 2
RC WALK 165 id 5 role expand pos 16,15 tgt 15,15 want CENTRE
RC POS 165 id 7 seat 2 role expand fs 0 body 1 pos 2,3 stuck 0
V528 PICK r 165 id 7 tgt 14,14 cs 38 bs 30 reg 8 cc 5 bc 10 cands 6 banned 0 regall 8 seat 2
RC WALK 165 id 7 role expand pos 2,3 tgt 4,2 want SOUTH
RC POS 165 id 9 seat 3 role raid fs 1 body 2 pos 13,23 stuck 0
RC WALK 165 id 9 role raid pos 13,23 tgt 14,28 want WEST
RC POS 165 id 18 seat 4 role defend fs 0 body 1 pos 23,7 stuck 0
RC WALK 165 id 18 role defend pos 23,7 tgt 23,8 want SOUTH
RC POS 166 id 3 seat 0 role raid fs 1 body 1 pos 12,22 stuck 0
RC WALK 166 id 3 role raid pos 12,22 tgt 12,27 want WEST
RC POS 166 id 5 seat 1 role expand fs 0 body 1 pos 16,15 stuck 3
RC WALK 166 id 5 role expand pos 16,15 tgt 15,15 want CENTRE
RC POS 166 id 7 seat 2 role expand fs 0 body 1 pos 2,4 stuck 0
RC WALK 166 id 7 role expand pos 2,4 tgt 2,3 want NORTH
RC POS 166 id 9 seat 3 role raid fs 1 body 2 pos 12,23 stuck 0
RC WALK 166 id 9 role raid pos 12,23 tgt 16,26 want EAST
RC POS 166 id 18 seat 4 role defend fs 0 body 1 pos 23,8 stuck 0
RC WALK 166 id 18 role defend pos 23,8 tgt 23,7 want NORTH
RC POS 167 id 3 seat 0 role raid fs 1 body 1 pos 11,22 stuck 0
RC WALK 167 id 3 role raid pos 11,22 tgt 12,27 want EAST
RC POS 167 id 5 seat 1 role expand fs 0 body 1 pos 16,15 stuck 4
RC WALK 167 id 5 role expand pos 16,15 tgt 15,15 want CENTRE
RC POS 167 id 7 seat 2 role expand fs 0 body 1 pos 2,3 stuck 0
V528 PICK r 167 id 7 tgt 2,3 cs 30 bs 30 reg 0 cc 10 bc 10 cands 6 banned 0 regall 0 seat 2
RC WALK 167 id 7 role expand pos 2,3 tgt 4,2 want SOUTH
RC POS 167 id 9 seat 3 role raid fs 1 body 2 pos 13,23 stuck 0
RC WALK 167 id 9 role raid pos 13,23 tgt 14,28 want WEST
RC POS 167 id 18 seat 4 role defend fs 0 body 1 pos 23,7 stuck 0
RC WALK 167 id 18 role defend pos 23,7 tgt 23,8 want SOUTH
RC POS 168 id 3 seat 0 role raid fs 1 body 1 pos 12,22 stuck 0
RC WALK 168 id 3 role raid pos 12,22 tgt 12,27 want WEST
RC POS 168 id 5 seat 1 role expand fs 0 body 1 pos 16,15 stuck 5
V528 PICK r 168 id 5 tgt 3,2 cs 41 bs 38 reg 3 cc 5 bc 11 cands 5 banned 0 regall 3 seat 1
RC WALK 168 id 5 role expand pos 16,15 tgt 15,15 want CENTRE
RC POS 168 id 7 seat 2 role expand fs 0 body 1 pos 2,4 stuck 0
RC WALK 168 id 7 role expand pos 2,4 tgt 2,3 want NORTH
RC POS 168 id 9 seat 3 role raid fs 1 body 2 pos 12,23 stuck 0
RC WALK 168 id 9 role raid pos 12,23 tgt 16,26 want EAST
RC POS 168 id 18 seat 4 role defend fs 0 body 1 pos 23,8 stuck 0
RC WALK 168 id 18 role defend pos 23,8 tgt 23,7 want NORTH
RC POS 169 id 3 seat 0 role raid fs 1 body 1 pos 11,22 stuck 0
RC WALK 169 id 3 role raid pos 11,22 tgt 12,27 want EAST
RC POS 169 id 5 seat 1 role expand fs 0 body 1 pos 16,15 stuck 1
RC WALK 169 id 5 role expand pos 16,15 tgt 15,15 want CENTRE
RC POS 169 id 7 seat 2 role expand fs 0 body 1 pos 2,3 stuck 0
V528 PICK r 169 id 7 tgt 23,8 cs 50 bs 30 reg 20 cc 8 bc 10 cands 6 banned 0 regall 20 seat 2
RC WALK 169 id 7 role expand pos 2,3 tgt 4,2 want SOUTH
RC POS 169 id 9 seat 3 role raid fs 1 body 2 pos 13,23 stuck 0
RC WALK 169 id 9 role raid pos 13,23 tgt 14,28 want WEST
RC POS 169 id 18 seat 4 role defend fs 0 body 1 pos 23,7 stuck 0
RC WALK 169 id 18 role defend pos 23,7 tgt 23,8 want SOUTH
RC POS 170 id 3 seat 0 role raid fs 1 body 1 pos 12,22 stuck 0
RC WALK 170 id 3 role raid pos 12,22 tgt 12,27 want WEST
RC POS 170 id 5 seat 1 role expand fs 0 body 1 pos 16,15 stuck 2
RC WALK 170 id 5 role expand pos 16,15 tgt 15,15 want CENTRE
RC POS 170 id 7 seat 2 role expand fs 0 body 1 pos 2,4 stuck 0
RC WALK 170 id 7 role expand pos 2,4 tgt 2,3 want NORTH
RC POS 170 id 9 seat 3 role raid fs 1 body 2 pos 12,23 stuck 0
RC WALK 170 id 9 role raid pos 12,23 tgt 16,26 want EAST
RC POS 170 id 18 seat 4 role defend fs 0 body 1 pos 23,8 stuck 0
RC WALK 170 id 18 role defend pos 23,8 tgt 23,7 want NORTH
RC POS 171 id 3 seat 0 role raid fs 1 body 1 pos 11,22 stuck 0
RC WALK 171 id 3 role raid pos 11,22 tgt 12,27 want EAST
RC POS 171 id 5 seat 1 role expand fs 0 body 1 pos 16,15 stuck 3
RC WALK 171 id 5 role expand pos 16,15 tgt 15,15 want CENTRE
RC POS 171 id 7 seat 2 role expand fs 0 body 1 pos 2,3 stuck 0
V528 PICK r 171 id 7 tgt 20,15 cs 66 bs 30 reg 36 cc 12 bc 10 cands 6 banned 0 regall 36 seat 2
RC WALK 171 id 7 role expand pos 2,3 tgt 4,2 want SOUTH
RC POS 171 id 9 seat 3 role raid fs 1 body 2 pos 13,23 stuck 0
RC WALK 171 id 9 role raid pos 13,23 tgt 14,28 want WEST
RC POS 171 id 18 seat 4 role defend fs 0 body 1 pos 23,7 stuck 0
RC WALK 171 id 18 role defend pos 23,7 tgt 23,8 want SOUTH
RC POS 172 id 3 seat 0 role raid fs 1 body 1 pos 12,22 stuck 0
RC WALK 172 id 3 role raid pos 12,22 tgt 12,27 want WEST
RC POS 172 id 5 seat 1 role expand fs 0 body 1 pos 16,15 stuck 4
RC WALK 172 id 5 role expand pos 16,15 tgt 15,15 want CENTRE
RC POS 172 id 7 seat 2 role expand fs 0 body 1 pos 2,4 stuck 0
RC WALK 172 id 7 role expand pos 2,4 tgt 2,3 want NORTH
RC POS 172 id 9 seat 3 role raid fs 1 body 2 pos 12,23 stuck 0
RC WALK 172 id 9 role raid pos 12,23 tgt 16,26 want EAST
RC POS 172 id 18 seat 4 role defend fs 0 body 1 pos 23,8 stuck 0
RC WALK 172 id 18 role defend pos 23,8 tgt 23,7 want NORTH
RC POS 173 id 3 seat 0 role raid fs 1 body 1 pos 11,22 stuck 0
RC WALK 173 id 3 role raid pos 11,22 tgt 12,27 want EAST
RC POS 173 id 5 seat 1 role expand fs 0 body 1 pos 16,15 stuck 5
V528 PICK r 173 id 5 tgt 27,3 cs 68 bs 38 reg 30 cc 15 bc 11 cands 5 banned 0 regall 30 seat 1
RC WALK 173 id 5 role expand pos 16,15 tgt 15,15 want CENTRE
RC POS 173 id 7 seat 2 role expand fs 0 body 1 pos 2,3 stuck 0
V528 PICK r 173 id 7 tgt 27,15 cs 94 bs 30 reg 64 cc 19 bc 10 cands 6 banned 0 regall 64 seat 2
RC WALK 173 id 7 role expand pos 2,3 tgt 4,2 want SOUTH
RC POS 173 id 9 seat 3 role raid fs 1 body 2 pos 13,23 stuck 0
RC WALK 173 id 9 role raid pos 13,23 tgt 14,28 want WEST
RC POS 173 id 18 seat 4 role defend fs 0 body 1 pos 23,7 stuck 0
RC WALK 173 id 18 role defend pos 23,7 tgt 23,8 want SOUTH
RC POS 174 id 3 seat 0 role raid fs 1 body 1 pos 12,22 stuck 0
RC WALK 174 id 3 role raid pos 12,22 tgt 12,27 want WEST
RC POS 174 id 5 seat 1 role expand fs 0 body 1 pos 16,15 stuck 1
RC WALK 174 id 5 role expand pos 16,15 tgt 15,15 want CENTRE
RC POS 174 id 7 seat 2 role expand fs 0 body 1 pos 2,4 stuck 0
RC WALK 174 id 7 role expand pos 2,4 tgt 2,3 want NORTH
RC POS 174 id 9 seat 3 role raid fs 1 body 2 pos 12,23 stuck 0
RC WALK 174 id 9 role raid pos 12,23 tgt 16,26 want EAST
RC POS 174 id 18 seat 4 role defend fs 0 body 1 pos 23,8 stuck 0
RC WALK 174 id 18 role defend pos 23,8 tgt 23,7 want NORTH
RC POS 175 id 3 seat 0 role raid fs 1 body 1 pos 11,22 stuck 0
RC WALK 175 id 3 role raid pos 11,22 tgt 12,27 want EAST
RC POS 175 id 5 seat 1 role expand fs 0 body 1 pos 16,15 stuck 2
RC WALK 175 id 5 role expand pos 16,15 tgt 15,15 want CENTRE
RC POS 175 id 7 seat 2 role expand fs 0 body 1 pos 2,3 stuck 0
V528 PICK r 175 id 7 tgt 2,26 cs 110 bs 30 reg 80 cc 29 bc 10 cands 6 banned 0 regall 80 seat 2
RC WALK 175 id 7 role expand pos 2,3 tgt 4,2 want SOUTH
RC POS 175 id 9 seat 3 role raid fs 1 body 2 pos 13,23 stuck 0
RC WALK 175 id 9 role raid pos 13,23 tgt 14,28 want WEST
RC POS 175 id 18 seat 4 role defend fs 0 body 1 pos 23,7 stuck 0
RC WALK 175 id 18 role defend pos 23,7 tgt 23,8 want SOUTH
RC POS 176 id 3 seat 0 role raid fs 1 body 1 pos 12,22 stuck 0
RC WALK 176 id 3 role raid pos 12,22 tgt 12,27 want WEST
RC POS 176 id 5 seat 1 role expand fs 0 body 1 pos 16,15 stuck 3
RC WALK 176 id 5 role expand pos 16,15 tgt 15,15 want CENTRE
RC POS 176 id 7 seat 2 role expand fs 0 body 1 pos 2,4 stuck 0
RC WALK 176 id 7 role expand pos 2,4 tgt 2,3 want NORTH
RC POS 176 id 9 seat 3 role raid fs 1 body 2 pos 12,23 stuck 0
RC WALK 176 id 9 role raid pos 12,23 tgt 16,26 want EAST
RC POS 176 id 18 seat 4 role defend fs 0 body 1 pos 23,8 stuck 0
RC WALK 176 id 18 role defend pos 23,8 tgt 23,7 want NORTH
RC POS 177 id 3 seat 0 role raid fs 1 body 1 pos 11,22 stuck 0
RC WALK 177 id 3 role raid pos 11,22 tgt 12,27 want EAST
RC POS 177 id 5 seat 1 role expand fs 0 body 1 pos 16,15 stuck 4
RC WALK 177 id 5 role expand pos 16,15 tgt 15,15 want CENTRE
RC POS 177 id 7 seat 2 role expand fs 0 body 1 pos 2,3 stuck 0
V528 PICK r 177 id 7 tgt 14,14 cs 38 bs 30 reg 8 cc 5 bc 10 cands 6 banned 0 regall 8 seat 2
RC WALK 177 id 7 role expand pos 2,3 tgt 4,2 want SOUTH
RC POS 177 id 9 seat 3 role raid fs 1 body 2 pos 13,23 stuck 0
RC WALK 177 id 9 role raid pos 13,23 tgt 15,24 want EAST
RC POS 177 id 18 seat 4 role defend fs 0 body 1 pos 23,7 stuck 0
RC WALK 177 id 18 role defend pos 23,7 tgt 23,8 want SOUTH
RC POS 178 id 3 seat 0 role raid fs 1 body 1 pos 12,22 stuck 0
RC WALK 178 id 3 role raid pos 12,22 tgt 12,27 want SOUTH
RC POS 178 id 5 seat 1 role expand fs 0 body 1 pos 16,15 stuck 5
V528 PICK r 178 id 5 tgt 20,14 cs 38 bs 38 reg 0 cc 11 bc 11 cands 5 banned 0 regall 0 seat 1
RC WALK 178 id 5 role expand pos 16,15 tgt 15,15 want CENTRE
RC POS 178 id 7 seat 2 role expand fs 0 body 1 pos 2,4 stuck 0
RC WALK 178 id 7 role expand pos 2,4 tgt 2,3 want NORTH
RC POS 178 id 9 seat 3 role raid fs 1 body 2 pos 14,23 stuck 0
RC WALK 178 id 9 role raid pos 14,23 tgt 15,24 want EAST
RC POS 178 id 18 seat 4 role defend fs 0 body 1 pos 23,8 stuck 0
RC WALK 178 id 18 role defend pos 23,8 tgt 23,7 want NORTH
RC POS 179 id 3 seat 0 role raid fs 1 body 1 pos 12,23 stuck 0
RC WALK 179 id 3 role raid pos 12,23 tgt 15,24 want EAST
RC POS 179 id 5 seat 1 role expand fs 0 body 1 pos 16,15 stuck 1
RC WALK 179 id 5 role expand pos 16,15 tgt 15,15 want CENTRE
RC POS 179 id 7 seat 2 role expand fs 0 body 1 pos 2,3 stuck 0
V528 PICK r 179 id 7 tgt 2,3 cs 30 bs 30 reg 0 cc 10 bc 10 cands 6 banned 0 regall 0 seat 2
RC WALK 179 id 7 role expand pos 2,3 tgt 4,2 want SOUTH
RC POS 179 id 9 seat 3 role raid fs 1 body 2 pos 15,23 stuck 0
RC WALK 179 id 9 role raid pos 15,23 tgt 15,24 want SOUTH
RC POS 179 id 18 seat 4 role defend fs 0 body 1 pos 23,7 stuck 0
RC WALK 179 id 18 role defend pos 23,7 tgt 23,8 want SOUTH
RC POS 180 id 3 seat 0 role raid fs 1 body 1 pos 13,23 stuck 0
RC WALK 180 id 3 role raid pos 13,23 tgt 14,28 want WEST
RC POS 180 id 5 seat 1 role expand fs 0 body 1 pos 16,15 stuck 2
RC WALK 180 id 5 role expand pos 16,15 tgt 15,15 want CENTRE
RC POS 180 id 7 seat 2 role expand fs 0 body 1 pos 2,4 stuck 0
RC WALK 180 id 7 role expand pos 2,4 tgt 2,3 want NORTH
RC POS 180 id 9 seat 3 role raid fs 1 body 2 pos 15,24 stuck 0
RC POS 180 id 18 seat 4 role defend fs 0 body 1 pos 23,8 stuck 0
RC WALK 180 id 18 role defend pos 23,8 tgt 23,7 want NORTH
RC POS 181 id 3 seat 0 role raid fs 1 body 1 pos 12,23 stuck 0
RC WALK 181 id 3 role raid pos 12,23 tgt 16,26 want EAST
RC POS 181 id 5 seat 1 role expand fs 0 body 1 pos 16,15 stuck 3
RC WALK 181 id 5 role expand pos 16,15 tgt 15,15 want CENTRE
RC POS 181 id 7 seat 2 role expand fs 0 body 1 pos 2,3 stuck 0
V528 PICK r 181 id 7 tgt 23,8 cs 50 bs 30 reg 20 cc 8 bc 10 cands 6 banned 0 regall 20 seat 2
RC WALK 181 id 7 role expand pos 2,3 tgt 4,2 want SOUTH
RC POS 181 id 9 seat 3 role raid fs 1 body 2 pos 15,24 stuck 1
RC WALK 181 id 9 role raid pos 15,24 tgt 16,24 want EAST
RC POS 181 id 18 seat 4 role defend fs 0 body 1 pos 23,7 stuck 0
RC WALK 181 id 18 role defend pos 23,7 tgt 23,8 want SOUTH
