Update available: 2.3.6 -> 2.3.8. Run: pip install --upgrade fcode
RC MAP w 30 h 30 ours 2,2 theirs 26,26
V527I SEALNT 0 ph 0 fwd 0 hv 0
V527I SEALNT 1 ph 0 fwd 0 hv 0
RC SEAT 1 id 3 seat 0
RC POS 1 id 3 seat 0 role raid fs 0 body 1 pos 3,4 stuck 0
RC WALK 1 id 3 role raid pos 3,4 tgt 25,25 want SOUTH
V527I SEALNT 2 ph 0 fwd 0 hv 0
RC POS 2 id 3 seat 0 role raid fs 0 body 1 pos 3,5 stuck 0
RC WALK 2 id 3 role raid pos 3,5 tgt 25,25 want SOUTH
RC SEAT 2 id 5 seat 1
RC POS 2 id 5 seat 1 role expand fs 0 body 1 pos 4,2 stuck 0
V528 PICK r 2 id 5 tgt 2,6 cs 12 bs 12 reg 0 cc 2 bc 2 cands 4 banned 0 regall 0 seat 1
RC WALK 2 id 5 role expand pos 4,2 tgt 2,5 want NORTH
V527I SEALNT 3 ph 0 fwd 0 hv 0
RC POS 3 id 3 seat 0 role raid fs 0 body 1 pos 3,6 stuck 0
RC WALK 3 id 3 role raid pos 3,6 tgt 25,25 want SOUTH
RC POS 3 id 5 seat 1 role expand fs 0 body 1 pos 4,1 stuck 0
RC WALK 3 id 5 role expand pos 4,1 tgt 2,5 want WEST
RC SEAT 3 id 7 seat 2
RC POS 3 id 7 seat 2 role expand fs 0 body 1 pos 4,3 stuck 0
V528 PICK r 3 id 7 tgt 6,2 cs 15 bs 15 reg 0 cc 4 bc 4 cands 4 banned 0 regall 0 seat 2
RC WALK 3 id 7 role expand pos 4,3 tgt 5,2 want EAST
V527I SEALNT 4 ph 0 fwd 0 hv 0
RC POS 4 id 3 seat 0 role raid fs 0 body 1 pos 3,7 stuck 0
RC WALK 4 id 3 role raid pos 3,7 tgt 25,25 want SOUTH
RC POS 4 id 5 seat 1 role expand fs 0 body 1 pos 3,1 stuck 0
RC WALK 4 id 5 role expand pos 3,1 tgt 2,5 want WEST
RC POS 4 id 7 seat 2 role expand fs 0 body 1 pos 5,3 stuck 0
RC WALK 4 id 7 role expand pos 5,3 tgt 5,2 want NORTH
RC SEAT 4 id 9 seat 3
RC POS 4 id 9 seat 3 role expand fs 0 body 1 pos 4,2 stuck 0
V528 PICK r 4 id 9 tgt 3,9 cs 23 bs 23 reg 0 cc 5 bc 5 cands 4 banned 0 regall 0 seat 3
RC WALK 4 id 9 role expand pos 4,2 tgt 3,9 want SOUTH
V527I SEALNT 5 ph 0 fwd 0 hv 0
RC POS 5 id 3 seat 0 role raid fs 0 body 1 pos 3,8 stuck 0
RC WALK 5 id 3 role raid pos 3,8 tgt 25,25 want EAST
RC POS 5 id 5 seat 1 role expand fs 0 body 1 pos 2,1 stuck 0
RC WALK 5 id 5 role expand pos 2,1 tgt 2,5 want WEST
RC POS 5 id 7 seat 2 role expand fs 0 body 1 pos 5,2 stuck 0
V528 CONN r 5 id 7 at 6,2 chosen 4 best 4 regret 0 cands 3 role expand seat 2
RC POS 5 id 9 seat 3 role expand fs 0 body 1 pos 4,3 stuck 0
RC WALK 5 id 9 role expand pos 4,3 tgt 3,9 want EAST
RC SEAT 5 id 11 seat 4
RC POS 5 id 11 seat 4 role defend fs 0 body 1 pos 1,4 stuck 0
RC WALK 5 id 11 role defend pos 1,4 tgt 2,5 want EAST
V527I SEALNT 6 ph 0 fwd 0 hv 1
RC POS 6 id 3 seat 0 role raid fs 0 body 1 pos 4,8 stuck 0
RC WALK 6 id 3 role raid pos 4,8 tgt 25,25 want EAST
RC POS 6 id 5 seat 1 role expand fs 0 body 1 pos 1,1 stuck 0
RC WALK 6 id 5 role expand pos 1,1 tgt 2,5 want SOUTH
RC POS 6 id 7 seat 2 role expand fs 0 body 1 pos 5,2 stuck 1
RC POS 6 id 9 seat 3 role expand fs 0 body 1 pos 5,3 stuck 0
RC POS 6 id 11 seat 4 role defend fs 0 body 1 pos 2,4 stuck 0
RC WALK 6 id 11 role defend pos 2,4 tgt 2,5 want SOUTH
V527I SEALNT 7 ph 0 fwd 0 hv 1
RC POS 7 id 3 seat 0 role raid fs 0 body 1 pos 5,8 stuck 0
RC WALK 7 id 3 role raid pos 5,8 tgt 25,25 want EAST
RC POS 7 id 5 seat 1 role expand fs 0 body 1 pos 1,2 stuck 0
RC WALK 7 id 5 role expand pos 1,2 tgt 2,5 want WEST
RC POS 7 id 7 seat 2 role expand fs 0 body 1 pos 5,2 stuck 2
V528 PICK r 7 id 7 tgt 7,9 cs 42 bs 42 reg 0 cc 11 bc 11 cands 3 banned 0 regall 0 seat 2
RC WALK 7 id 7 role expand pos 5,2 tgt 7,9 want NORTH
RC POS 7 id 9 seat 3 role expand fs 0 body 1 pos 5,3 stuck 1
RC WALK 7 id 9 role expand pos 5,3 tgt 3,9 want SOUTH
RC POS 7 id 11 seat 4 role defend fs 0 body 1 pos 2,5 stuck 0
V528 CONN r 7 id 11 at 2,6 chosen 2 best 2 regret 0 cands 15 role defend seat 4
RC SEAT 7 id 14 seat 5
RC POS 7 id 14 seat 5 role raid fs 0 body 1 pos 1,3 stuck 0
RC WALK 7 id 14 role raid pos 1,3 tgt 28,25 want SOUTH
V527I SEALNT 8 ph 0 fwd 0 hv 2
RC POS 8 id 3 seat 0 role raid fs 0 body 1 pos 6,8 stuck 0
RC WALK 8 id 3 role raid pos 6,8 tgt 25,25 want EAST
RC POS 8 id 5 seat 1 role expand fs 0 body 1 pos 0,2 stuck 0
RC WALK 8 id 5 role expand pos 0,2 tgt 2,5 want SOUTH
RC POS 8 id 7 seat 2 role expand fs 0 body 1 pos 5,1 stuck 0
RC WALK 8 id 7 role expand pos 5,1 tgt 7,9 want SOUTH
RC POS 8 id 9 seat 3 role expand fs 0 body 1 pos 5,4 stuck 0
RC WALK 8 id 9 role expand pos 5,4 tgt 3,9 want SOUTH
RC POS 8 id 11 seat 4 role defend fs 0 body 1 pos 2,5 stuck 1
RC POS 8 id 14 seat 5 role raid fs 0 body 1 pos 1,4 stuck 0
RC WALK 8 id 14 role raid pos 1,4 tgt 28,25 want EAST
V527I SEALNT 9 ph 0 fwd 0 hv 2
RC POS 9 id 3 seat 0 role raid fs 0 body 1 pos 7,8 stuck 0
RC WALK 9 id 3 role raid pos 7,8 tgt 25,25 want EAST
RC POS 9 id 5 seat 1 role expand fs 0 body 1 pos 0,3 stuck 0
RC WALK 9 id 5 role expand pos 0,3 tgt 2,5 want EAST
RC POS 9 id 7 seat 2 role expand fs 0 body 1 pos 5,2 stuck 0
RC WALK 9 id 7 role expand pos 5,2 tgt 7,9 want SOUTH
RC POS 9 id 9 seat 3 role expand fs 0 body 1 pos 5,5 stuck 0
RC WALK 9 id 9 role expand pos 5,5 tgt 3,8 want SOUTH
RC POS 9 id 11 seat 4 role defend fs 0 body 1 pos 2,5 stuck 2
RC POS 9 id 14 seat 5 role raid fs 0 body 1 pos 2,4 stuck 0
RC WALK 9 id 14 role raid pos 2,4 tgt 28,25 want SOUTH
V527I SEALNT 10 ph 0 fwd 0 hv 2
RC POS 10 id 3 seat 0 role raid fs 0 body 1 pos 8,8 stuck 0
RC WALK 10 id 3 role raid pos 8,8 tgt 25,25 want EAST
RC POS 10 id 5 seat 1 role expand fs 0 body 1 pos 1,3 stuck 0
RC WALK 10 id 5 role expand pos 1,3 tgt 2,5 want SOUTH
RC POS 10 id 7 seat 2 role expand fs 0 body 1 pos 5,3 stuck 0
RC WALK 10 id 7 role expand pos 5,3 tgt 7,9 want SOUTH
RC POS 10 id 9 seat 3 role expand fs 0 body 1 pos 5,6 stuck 0
RC WALK 10 id 9 role expand pos 5,6 tgt 3,8 want EAST
RC POS 10 id 11 seat 4 role defend fs 0 body 1 pos 3,5 stuck 0
RC POS 10 id 14 seat 5 role raid fs 0 body 1 pos 2,5 stuck 0
RC WALK 10 id 14 role raid pos 2,5 tgt 28,25 want WEST
V527I SEALNT 11 ph 0 fwd 0 hv 2
RC POS 11 id 3 seat 0 role raid fs 0 body 1 pos 9,8 stuck 0
RC WALK 11 id 3 role raid pos 9,8 tgt 25,25 want SOUTH
RC POS 11 id 5 seat 1 role expand fs 0 body 1 pos 1,4 stuck 0
RC WALK 11 id 5 role expand pos 1,4 tgt 2,5 want EAST
RC POS 11 id 7 seat 2 role expand fs 0 body 1 pos 5,4 stuck 0
RC WALK 11 id 7 role expand pos 5,4 tgt 7,9 want SOUTH
RC POS 11 id 9 seat 3 role expand fs 0 body 1 pos 6,6 stuck 0
RC WALK 11 id 9 role expand pos 6,6 tgt 3,8 want EAST
RC POS 11 id 11 seat 4 role defend fs 0 body 1 pos 3,5 stuck 1
RC WALK 11 id 11 role defend pos 3,5 tgt 2,4 want WEST
RC POS 11 id 14 seat 5 role raid fs 0 body 1 pos 1,5 stuck 0
RC WALK 11 id 14 role raid pos 1,5 tgt 28,25 want SOUTH
V527I SEALNT 12 ph 0 fwd 0 hv 2
RC POS 12 id 3 seat 0 role raid fs 0 body 1 pos 9,9 stuck 0
RC WALK 12 id 3 role raid pos 9,9 tgt 25,25 want EAST
RC POS 12 id 5 seat 1 role expand fs 0 body 1 pos 2,4 stuck 0
RC WALK 12 id 5 role expand pos 2,4 tgt 2,5 want CENTRE
RC POS 12 id 7 seat 2 role expand fs 0 body 1 pos 5,5 stuck 0
RC WALK 12 id 7 role expand pos 5,5 tgt 7,8 want EAST
RC POS 12 id 9 seat 3 role expand fs 0 body 1 pos 7,6 stuck 0
RC WALK 12 id 9 role expand pos 7,6 tgt 3,8 want EAST
RC POS 12 id 11 seat 4 role defend fs 0 body 1 pos 2,5 stuck 0
RC WALK 12 id 11 role defend pos 2,5 tgt 2,4 want CENTRE
RC POS 12 id 14 seat 5 role raid fs 0 body 1 pos 1,6 stuck 0
RC WALK 12 id 14 role raid pos 1,6 tgt 28,25 want SOUTH
V527I SEALNT 13 ph 0 fwd 0 hv 2
RC POS 13 id 3 seat 0 role raid fs 0 body 1 pos 10,9 stuck 0
RC WALK 13 id 3 role raid pos 10,9 tgt 25,25 want EAST
RC POS 13 id 5 seat 1 role expand fs 0 body 1 pos 2,4 stuck 1
RC WALK 13 id 5 role expand pos 2,4 tgt 2,5 want CENTRE
RC POS 13 id 7 seat 2 role expand fs 0 body 1 pos 6,5 stuck 0
RC WALK 13 id 7 role expand pos 6,5 tgt 7,8 want EAST
RC POS 13 id 9 seat 3 role expand fs 0 body 1 pos 8,6 stuck 0
RC WALK 13 id 9 role expand pos 8,6 tgt 3,8 want SOUTH
RC POS 13 id 11 seat 4 role defend fs 0 body 1 pos 2,5 stuck 1
RC WALK 13 id 11 role defend pos 2,5 tgt 2,4 want CENTRE
RC POS 13 id 14 seat 5 role raid fs 0 body 1 pos 1,7 stuck 0
RC WALK 13 id 14 role raid pos 1,7 tgt 28,25 want EAST
V527I SEALNT 14 ph 0 fwd 0 hv 2
RC POS 14 id 3 seat 0 role raid fs 0 body 1 pos 11,9 stuck 0
RC WALK 14 id 3 role raid pos 11,9 tgt 25,25 want EAST
RC POS 14 id 5 seat 1 role expand fs 0 body 1 pos 2,4 stuck 2
RC WALK 14 id 5 role expand pos 2,4 tgt 2,5 want CENTRE
RC POS 14 id 7 seat 2 role expand fs 0 body 1 pos 7,5 stuck 0
RC WALK 14 id 7 role expand pos 7,5 tgt 7,8 want EAST
RC POS 14 id 9 seat 3 role expand fs 0 body 1 pos 8,7 stuck 0
RC WALK 14 id 9 role expand pos 8,7 tgt 3,8 want SOUTH
RC POS 14 id 11 seat 4 role defend fs 0 body 1 pos 2,5 stuck 2
RC WALK 14 id 11 role defend pos 2,5 tgt 2,4 want CENTRE
RC POS 14 id 14 seat 5 role raid fs 0 body 1 pos 2,7 stuck 0
RC WALK 14 id 14 role raid pos 2,7 tgt 28,25 want EAST
V527I SEALNT 15 ph 0 fwd 0 hv 2
RC POS 15 id 3 seat 0 role raid fs 0 body 1 pos 12,9 stuck 0
RC WALK 15 id 3 role raid pos 12,9 tgt 25,25 want EAST
RC POS 15 id 5 seat 1 role expand fs 0 body 1 pos 2,4 stuck 3
RC WALK 15 id 5 role expand pos 2,4 tgt 2,5 want CENTRE
RC POS 15 id 7 seat 2 role expand fs 0 body 1 pos 8,5 stuck 0
RC WALK 15 id 7 role expand pos 8,5 tgt 7,8 want SOUTH
RC POS 15 id 9 seat 3 role expand fs 0 body 1 pos 8,8 stuck 0
RC WALK 15 id 9 role expand pos 8,8 tgt 7,8 want WEST
RC POS 15 id 11 seat 4 role defend fs 0 body 1 pos 2,5 stuck 3
RC WALK 15 id 11 role defend pos 2,5 tgt 2,4 want CENTRE
RC POS 15 id 14 seat 5 role raid fs 0 body 1 pos 3,7 stuck 0
RC WALK 15 id 14 role raid pos 3,7 tgt 28,25 want SOUTH
V527I SEALNT 16 ph 0 fwd 0 hv 2
RC POS 16 id 3 seat 0 role raid fs 0 body 1 pos 13,9 stuck 0
RC WALK 16 id 3 role raid pos 13,9 tgt 25,25 want EAST
RC POS 16 id 5 seat 1 role expand fs 0 body 1 pos 2,4 stuck 4
RC WALK 16 id 5 role expand pos 2,4 tgt 2,5 want CENTRE
RC POS 16 id 7 seat 2 role expand fs 0 body 1 pos 8,6 stuck 0
RC WALK 16 id 7 role expand pos 8,6 tgt 7,8 want SOUTH
RC POS 16 id 9 seat 3 role expand fs 0 body 1 pos 7,8 stuck 0
V528 CONN r 16 id 9 at 7,9 chosen 9 best 5 regret 4 cands 4 role expand seat 3
RC POS 16 id 11 seat 4 role defend fs 0 body 1 pos 2,5 stuck 4
RC WALK 16 id 11 role defend pos 2,5 tgt 2,4 want CENTRE
RC POS 16 id 14 seat 5 role raid fs 0 body 1 pos 3,8 stuck 0
RC WALK 16 id 14 role raid pos 3,8 tgt 28,25 want SOUTH
V527I SEALNT 17 ph 0 fwd 0 hv 3
RC POS 17 id 3 seat 0 role raid fs 0 body 1 pos 14,9 stuck 0
RC WALK 17 id 3 role raid pos 14,9 tgt 25,25 want SOUTH
RC POS 17 id 5 seat 1 role expand fs 0 body 1 pos 2,4 stuck 5
V528 PICK r 17 id 5 tgt 11,3 cs 28 bs 28 reg 0 cc 6 bc 6 cands 3 banned 0 regall 0 seat 1
RC WALK 17 id 5 role expand pos 2,4 tgt 11,3 want WEST
RC POS 17 id 7 seat 2 role expand fs 0 body 1 pos 8,7 stuck 0
RC WALK 17 id 7 role expand pos 8,7 tgt 7,8 want SOUTH
RC POS 17 id 9 seat 3 role expand fs 0 body 1 pos 7,8 stuck 1
RC POS 17 id 11 seat 4 role defend fs 0 body 1 pos 2,5 stuck 5
RC WALK 17 id 11 role defend pos 2,5 tgt 3,8 want EAST
RC POS 17 id 14 seat 5 role raid fs 0 body 1 pos 3,9 stuck 0
RC WALK 17 id 14 role raid pos 3,9 tgt 28,25 want SOUTH
V527I SEALNT 18 ph 0 fwd 0 hv 3
RC POS 18 id 3 seat 0 role raid fs 0 body 1 pos 14,10 stuck 0
RC WALK 18 id 3 role raid pos 14,10 tgt 25,25 want SOUTH
RC POS 18 id 5 seat 1 role expand fs 0 body 1 pos 1,4 stuck 0
RC WALK 18 id 5 role expand pos 1,4 tgt 11,3 want NORTH
RC POS 18 id 7 seat 2 role expand fs 0 body 1 pos 8,8 stuck 0
RC POS 18 id 9 seat 3 role expand fs 0 body 1 pos 7,8 stuck 2
RC WALK 18 id 9 role expand pos 7,8 tgt 5,8 want WEST
RC POS 18 id 11 seat 4 role defend fs 0 body 1 pos 3,5 stuck 0
RC WALK 18 id 11 role defend pos 3,5 tgt 3,8 want SOUTH
RC POS 18 id 14 seat 5 role raid fs 0 body 1 pos 3,10 stuck 0
RC WALK 18 id 14 role raid pos 3,10 tgt 28,25 want SOUTH
V527I SEALNT 19 ph 0 fwd 0 hv 3
RC POS 19 id 3 seat 0 role raid fs 0 body 1 pos 14,11 stuck 0
RC WALK 19 id 3 role raid pos 14,11 tgt 25,25 want SOUTH
RC POS 19 id 5 seat 1 role expand fs 0 body 1 pos 1,3 stuck 0
RC WALK 19 id 5 role expand pos 1,3 tgt 11,3 want NORTH
RC POS 19 id 7 seat 2 role expand fs 0 body 1 pos 8,8 stuck 1
RC WALK 19 id 7 role expand pos 8,8 tgt 7,8 want WEST
RC POS 19 id 9 seat 3 role expand fs 0 body 1 pos 6,8 stuck 0
RC POS 19 id 11 seat 4 role defend fs 0 body 1 pos 3,6 stuck 0
RC WALK 19 id 11 role defend pos 3,6 tgt 3,8 want SOUTH
RC POS 19 id 14 seat 5 role raid fs 0 body 1 pos 3,11 stuck 0
RC WALK 19 id 14 role raid pos 3,11 tgt 28,25 want EAST
V527I SEALNT 20 ph 0 fwd 0 hv 3
RC POS 20 id 3 seat 0 role raid fs 0 body 1 pos 14,12 stuck 0
RC WALK 20 id 3 role raid pos 14,12 tgt 25,25 want SOUTH
RC POS 20 id 5 seat 1 role expand fs 0 body 1 pos 1,2 stuck 0
RC WALK 20 id 5 role expand pos 1,2 tgt 11,3 want NORTH
RC POS 20 id 7 seat 2 role expand fs 0 body 1 pos 7,8 stuck 0
V528 PICK r 20 id 7 tgt 6,2 cs 7 bs 7 reg 0 cc 0 bc 0 cands 3 banned 0 regall 0 seat 2
RC WALK 20 id 7 role expand pos 7,8 tgt 6,2 want EAST
RC POS 20 id 9 seat 3 role expand fs 0 body 1 pos 6,8 stuck 1
RC WALK 20 id 9 role expand pos 6,8 tgt 4,8 want WEST
RC POS 20 id 11 seat 4 role defend fs 0 body 1 pos 3,7 stuck 0
RC WALK 20 id 11 role defend pos 3,7 tgt 3,8 want SOUTH
RC POS 20 id 14 seat 5 role raid fs 0 body 1 pos 4,11 stuck 0
RC WALK 20 id 14 role raid pos 4,11 tgt 28,25 want EAST
V527I SEALNT 21 ph 0 fwd 0 hv 3
RC POS 21 id 3 seat 0 role raid fs 0 body 1 pos 14,13 stuck 0
RC WALK 21 id 3 role raid pos 14,13 tgt 25,25 want SOUTH
RC POS 21 id 5 seat 1 role expand fs 0 body 1 pos 1,1 stuck 0
RC WALK 21 id 5 role expand pos 1,1 tgt 11,3 want EAST
RC POS 21 id 7 seat 2 role expand fs 0 body 1 pos 8,8 stuck 0
RC WALK 21 id 7 role expand pos 8,8 tgt 6,2 want NORTH
RC POS 21 id 9 seat 3 role expand fs 0 body 1 pos 5,8 stuck 0
RC POS 21 id 11 seat 4 role defend fs 0 body 1 pos 3,8 stuck 0
V528 CONN r 21 id 11 at 3,9 chosen 4 best 0 regret 4 cands 13 role defend seat 4
RC POS 21 id 14 seat 5 role raid fs 0 body 1 pos 5,11 stuck 0
RC WALK 21 id 14 role raid pos 5,11 tgt 28,25 want EAST
V527I SEALNT 22 ph 0 fwd 0 hv 4
RC POS 22 id 3 seat 0 role raid fs 0 body 1 pos 14,14 stuck 0
RC WALK 22 id 3 role raid pos 14,14 tgt 25,25 want EAST
RC POS 22 id 5 seat 1 role expand fs 0 body 1 pos 2,1 stuck 0
RC WALK 22 id 5 role expand pos 2,1 tgt 11,3 want EAST
RC POS 22 id 7 seat 2 role expand fs 0 body 1 pos 8,7 stuck 0
RC WALK 22 id 7 role expand pos 8,7 tgt 6,2 want NORTH
RC POS 22 id 9 seat 3 role expand fs 0 body 1 pos 5,8 stuck 1
RC WALK 22 id 9 role expand pos 5,8 tgt 3,8 want WEST
RC POS 22 id 11 seat 4 role defend fs 0 body 1 pos 3,8 stuck 1
RC POS 22 id 14 seat 5 role raid fs 0 body 1 pos 6,11 stuck 0
RC WALK 22 id 14 role raid pos 6,11 tgt 28,25 want EAST
V527I SEALNT 23 ph 0 fwd 0 hv 4
RC POS 23 id 3 seat 0 role raid fs 0 body 1 pos 15,14 stuck 0
RC WALK 23 id 3 role raid pos 15,14 tgt 25,25 want SOUTH
RC POS 23 id 5 seat 1 role expand fs 0 body 1 pos 3,1 stuck 0
RC WALK 23 id 5 role expand pos 3,1 tgt 11,3 want EAST
RC POS 23 id 7 seat 2 role expand fs 0 body 1 pos 8,6 stuck 0
RC WALK 23 id 7 role expand pos 8,6 tgt 6,2 want NORTH
RC POS 23 id 9 seat 3 role expand fs 0 body 1 pos 4,8 stuck 0
RC POS 23 id 11 seat 4 role defend fs 0 body 1 pos 3,8 stuck 2
RC WALK 23 id 11 role defend pos 3,8 tgt 3,6 want NORTH
RC POS 23 id 14 seat 5 role raid fs 0 body 1 pos 7,11 stuck 0
RC WALK 23 id 14 role raid pos 7,11 tgt 28,25 want SOUTH
V527I SEALNT 24 ph 0 fwd 0 hv 4
RC POS 24 id 3 seat 0 role raid fs 0 body 1 pos 15,15 stuck 0
RC WALK 24 id 3 role raid pos 15,15 tgt 25,25 want EAST
RC POS 24 id 5 seat 1 role expand fs 0 body 1 pos 4,1 stuck 0
RC WALK 24 id 5 role expand pos 4,1 tgt 11,3 want EAST
RC POS 24 id 7 seat 2 role expand fs 0 body 1 pos 8,5 stuck 0
RC WALK 24 id 7 role expand pos 8,5 tgt 5,2 want WEST
RC POS 24 id 9 seat 3 role expand fs 0 body 1 pos 4,8 stuck 1
RC WALK 24 id 9 role expand pos 4,8 tgt 3,7 want WEST
RC POS 24 id 11 seat 4 role defend fs 0 body 1 pos 3,7 stuck 0
RC POS 24 id 14 seat 5 role raid fs 0 body 1 pos 7,12 stuck 0
RC WALK 24 id 14 role raid pos 7,12 tgt 28,25 want SOUTH
V527I SEALNT 25 ph 0 fwd 0 hv 4
RC POS 25 id 3 seat 0 role raid fs 0 body 1 pos 16,15 stuck 0
RC WALK 25 id 3 role raid pos 16,15 tgt 25,25 want EAST
RC POS 25 id 5 seat 1 role expand fs 0 body 1 pos 5,1 stuck 0
RC WALK 25 id 5 role expand pos 5,1 tgt 11,3 want EAST
RC POS 25 id 7 seat 2 role expand fs 0 body 1 pos 7,5 stuck 0
RC WALK 25 id 7 role expand pos 7,5 tgt 5,2 want NORTH
RC POS 25 id 9 seat 3 role expand fs 0 body 1 pos 3,8 stuck 0
RC WALK 25 id 9 role expand pos 3,8 tgt 3,6 want WEST
RC POS 25 id 11 seat 4 role defend fs 0 body 1 pos 3,7 stuck 1
RC WALK 25 id 11 role defend pos 3,7 tgt 3,5 want NORTH
RC POS 25 id 14 seat 5 role raid fs 0 body 1 pos 7,13 stuck 0
RC WALK 25 id 14 role raid pos 7,13 tgt 28,25 want SOUTH
V527I SEALNT 26 ph 0 fwd 0 hv 4
RC POS 26 id 3 seat 0 role raid fs 0 body 1 pos 17,15 stuck 0
RC WALK 26 id 3 role raid pos 17,15 tgt 25,25 want EAST
RC POS 26 id 5 seat 1 role expand fs 0 body 1 pos 6,1 stuck 0
RC WALK 26 id 5 role expand pos 6,1 tgt 11,3 want EAST
RC POS 26 id 7 seat 2 role expand fs 0 body 1 pos 7,4 stuck 0
RC WALK 26 id 7 role expand pos 7,4 tgt 5,2 want WEST
RC POS 26 id 9 seat 3 role expand fs 0 body 1 pos 2,8 stuck 0
RC WALK 26 id 9 role expand pos 2,8 tgt 3,6 want NORTH
RC POS 26 id 11 seat 4 role defend fs 0 body 1 pos 3,6 stuck 0
RC POS 26 id 14 seat 5 role raid fs 0 body 1 pos 7,14 stuck 0
RC WALK 26 id 14 role raid pos 7,14 tgt 28,25 want EAST
V527I SEALNT 27 ph 0 fwd 0 hv 4
RC POS 27 id 3 seat 0 role raid fs 0 body 1 pos 18,15 stuck 0
RC WALK 27 id 3 role raid pos 18,15 tgt 25,25 want EAST
RC POS 27 id 5 seat 1 role expand fs 0 body 1 pos 7,1 stuck 0
RC WALK 27 id 5 role expand pos 7,1 tgt 10,3 want EAST
RC POS 27 id 7 seat 2 role expand fs 0 body 1 pos 6,4 stuck 0
RC WALK 27 id 7 role expand pos 6,4 tgt 5,2 want NORTH
RC POS 27 id 9 seat 3 role expand fs 0 body 1 pos 2,7 stuck 0
RC WALK 27 id 9 role expand pos 2,7 tgt 3,6 want EAST
RC POS 27 id 11 seat 4 role defend fs 0 body 1 pos 3,6 stuck 1
RC WALK 27 id 11 role defend pos 3,6 tgt 3,4 want NORTH
RC POS 27 id 14 seat 5 role raid fs 0 body 1 pos 8,14 stuck 0
RC WALK 27 id 14 role raid pos 8,14 tgt 28,25 want EAST
V527I SEALNT 28 ph 0 fwd 0 hv 4
RC POS 28 id 3 seat 0 role raid fs 0 body 1 pos 19,15 stuck 0
RC WALK 28 id 3 role raid pos 19,15 tgt 25,25 want EAST
RC POS 28 id 5 seat 1 role expand fs 0 body 1 pos 8,1 stuck 0
RC WALK 28 id 5 role expand pos 8,1 tgt 10,3 want EAST
RC POS 28 id 7 seat 2 role expand fs 0 body 1 pos 6,3 stuck 0
RC WALK 28 id 7 role expand pos 6,3 tgt 5,2 want WEST
RC POS 28 id 9 seat 3 role expand fs 0 body 1 pos 3,7 stuck 0
RC WALK 28 id 9 role expand pos 3,7 tgt 3,5 want NORTH
RC POS 28 id 11 seat 4 role defend fs 0 body 1 pos 3,5 stuck 0
RC POS 28 id 14 seat 5 role raid fs 0 body 1 pos 9,14 stuck 0
RC WALK 28 id 14 role raid pos 9,14 tgt 28,25 want EAST
V527I SEALNT 29 ph 0 fwd 0 hv 4
RC POS 29 id 3 seat 0 role raid fs 0 body 1 pos 20,15 stuck 0
RC WALK 29 id 3 role raid pos 20,15 tgt 25,25 want EAST
RC POS 29 id 5 seat 1 role expand fs 0 body 1 pos 9,1 stuck 0
RC WALK 29 id 5 role expand pos 9,1 tgt 10,3 want SOUTH
RC POS 29 id 7 seat 2 role expand fs 0 body 1 pos 5,3 stuck 0
RC WALK 29 id 7 role expand pos 5,3 tgt 5,2 want NORTH
RC POS 29 id 9 seat 3 role expand fs 0 body 1 pos 3,6 stuck 0
RC WALK 29 id 9 role expand pos 3,6 tgt 3,4 want SOUTH
RC POS 29 id 11 seat 4 role defend fs 0 body 1 pos 3,5 stuck 1
RC WALK 29 id 11 role defend pos 3,5 tgt 3,4 want NORTH
RC POS 29 id 14 seat 5 role raid fs 0 body 1 pos 10,14 stuck 0
RC WALK 29 id 14 role raid pos 10,14 tgt 28,25 want EAST
V527I SEALNT 30 ph 0 fwd 0 hv 4
RC POS 30 id 3 seat 0 role raid fs 0 body 1 pos 21,15 stuck 0
RC WALK 30 id 3 role raid pos 21,15 tgt 25,25 want EAST
RC POS 30 id 5 seat 1 role expand fs 0 body 1 pos 9,2 stuck 0
RC WALK 30 id 5 role expand pos 9,2 tgt 10,3 want EAST
RC POS 30 id 7 seat 2 role expand fs 0 body 1 pos 5,2 stuck 0
V528 PICK r 30 id 7 tgt 7,9 cs 24 bs 24 reg 0 cc 5 bc 5 cands 3 banned 0 regall 0 seat 2
RC WALK 30 id 7 role expand pos 5,2 tgt 7,9 want SOUTH
RC POS 30 id 9 seat 3 role expand fs 0 body 1 pos 3,7 stuck 0
RC WALK 30 id 9 role expand pos 3,7 tgt 3,4 want NORTH
RC POS 30 id 11 seat 4 role defend fs 0 body 1 pos 3,4 stuck 0
RC WALK 30 id 11 role defend pos 3,4 tgt 0,2 want WEST
RC POS 30 id 14 seat 5 role raid fs 0 body 1 pos 11,14 stuck 0
RC WALK 30 id 14 role raid pos 11,14 tgt 28,25 want EAST
V527I SEALNT 31 ph 0 fwd 0 hv 4
RC POS 31 id 3 seat 0 role raid fs 0 body 1 pos 22,15 stuck 0
RC WALK 31 id 3 role raid pos 22,15 tgt 25,25 want SOUTH
RC POS 31 id 5 seat 1 role expand fs 0 body 1 pos 10,2 stuck 0
RC WALK 31 id 5 role expand pos 10,2 tgt 10,3 want SOUTH
RC POS 31 id 7 seat 2 role expand fs 0 body 1 pos 5,3 stuck 0
RC WALK 31 id 7 role expand pos 5,3 tgt 7,9 want SOUTH
RC POS 31 id 9 seat 3 role expand fs 0 body 1 pos 3,6 stuck 0
RC WALK 31 id 9 role expand pos 3,6 tgt 3,4 want NORTH
RC POS 31 id 11 seat 4 role defend fs 0 body 1 pos 2,4 stuck 0
RC WALK 31 id 11 role defend pos 2,4 tgt 0,2 want WEST
RC POS 31 id 14 seat 5 role raid fs 0 body 1 pos 12,14 stuck 0
RC WALK 31 id 14 role raid pos 12,14 tgt 28,25 want EAST
V527I SEALNT 32 ph 0 fwd 0 hv 4
RC POS 32 id 3 seat 0 role raid fs 0 body 1 pos 22,16 stuck 0
RC POS 32 id 5 seat 1 role expand fs 0 body 1 pos 10,3 stuck 0
V528 CONN r 32 id 5 at 11,3 chosen 6 best 0 regret 6 cands 3 role expand seat 1
RC POS 32 id 7 seat 2 role expand fs 0 body 1 pos 5,4 stuck 0
RC WALK 32 id 7 role expand pos 5,4 tgt 7,9 want SOUTH
RC POS 32 id 9 seat 3 role expand fs 0 body 1 pos 3,5 stuck 0
RC WALK 32 id 9 role expand pos 3,5 tgt 3,4 want NORTH
RC POS 32 id 11 seat 4 role defend fs 0 body 1 pos 1,4 stuck 0
RC WALK 32 id 11 role defend pos 1,4 tgt 0,2 want NORTH
RC POS 32 id 14 seat 5 role raid fs 0 body 1 pos 13,14 stuck 0
RC WALK 32 id 14 role raid pos 13,14 tgt 28,25 want EAST
V527I SEALNT 33 ph 0 fwd 0 hv 5
RC POS 33 id 3 seat 0 role raid fs 0 body 1 pos 22,16 stuck 1
RC WALK 33 id 3 role raid pos 22,16 tgt 25,25 want EAST
RC POS 33 id 5 seat 1 role expand fs 0 body 1 pos 10,3 stuck 1
RC POS 33 id 7 seat 2 role expand fs 0 body 1 pos 5,5 stuck 0
RC WALK 33 id 7 role expand pos 5,5 tgt 7,8 want SOUTH
RC POS 33 id 9 seat 3 role raid fs 0 body 1 pos 3,4 stuck 0
RC WALK 33 id 9 role raid pos 3,4 tgt 25,28 want SOUTH
RC POS 33 id 11 seat 4 role defend fs 0 body 1 pos 1,3 stuck 0
RC WALK 33 id 11 role defend pos 1,3 tgt 0,2 want WEST
RC POS 33 id 14 seat 5 role raid fs 0 body 1 pos 14,14 stuck 0
RC WALK 33 id 14 role raid pos 14,14 tgt 28,25 want EAST
V527I SEALNT 34 ph 0 fwd 0 hv 5
RC POS 34 id 3 seat 0 role raid fs 0 body 1 pos 23,16 stuck 0
RC WALK 34 id 3 role raid pos 23,16 tgt 25,25 want SOUTH
RC POS 34 id 5 seat 1 role expand fs 0 body 1 pos 10,3 stuck 2
RC POS 34 id 7 seat 2 role expand fs 0 body 1 pos 5,6 stuck 0
RC WALK 34 id 7 role expand pos 5,6 tgt 7,8 want EAST
RC POS 34 id 9 seat 3 role raid fs 0 body 1 pos 3,5 stuck 0
RC WALK 34 id 9 role raid pos 3,5 tgt 25,28 want SOUTH
RC POS 34 id 11 seat 4 role defend fs 0 body 1 pos 0,3 stuck 0
RC WALK 34 id 11 role defend pos 0,3 tgt 0,2 want NORTH
RC POS 34 id 14 seat 5 role raid fs 0 body 1 pos 15,14 stuck 0
RC WALK 34 id 14 role raid pos 15,14 tgt 28,25 want EAST
V527I SEALNT 35 ph 0 fwd 0 hv 5
RC POS 35 id 3 seat 0 role raid fs 0 body 1 pos 23,17 stuck 0
RC WALK 35 id 3 role raid pos 23,17 tgt 25,25 want SOUTH
RC POS 35 id 5 seat 1 role expand fs 0 body 1 pos 9,3 stuck 0
RC POS 35 id 7 seat 2 role expand fs 0 body 1 pos 6,6 stuck 0
RC WALK 35 id 7 role expand pos 6,6 tgt 7,8 want EAST
RC POS 35 id 9 seat 3 role raid fs 0 body 1 pos 3,6 stuck 0
RC WALK 35 id 9 role raid pos 3,6 tgt 25,28 want SOUTH
RC POS 35 id 11 seat 4 role defend fs 0 body 1 pos 0,2 stuck 0
RC WALK 35 id 11 role defend pos 0,2 tgt 0,0 want NORTH
RC POS 35 id 14 seat 5 role raid fs 0 body 1 pos 16,14 stuck 0
RC WALK 35 id 14 role raid pos 16,14 tgt 28,25 want EAST
V527I SEALNT 36 ph 0 fwd 0 hv 5
RC POS 36 id 3 seat 0 role raid fs 0 body 1 pos 23,18 stuck 0
RC WALK 36 id 3 role raid pos 23,18 tgt 25,25 want WEST
RC POS 36 id 5 seat 1 role expand fs 0 body 1 pos 9,3 stuck 1
RC POS 36 id 7 seat 2 role expand fs 0 body 1 pos 7,6 stuck 0
RC WALK 36 id 7 role expand pos 7,6 tgt 7,8 want EAST
RC POS 36 id 9 seat 3 role raid fs 0 body 1 pos 3,7 stuck 0
RC WALK 36 id 9 role raid pos 3,7 tgt 25,28 want SOUTH
RC POS 36 id 11 seat 4 role defend fs 0 body 1 pos 0,1 stuck 0
RC WALK 36 id 11 role defend pos 0,1 tgt 0,0 want NORTH
RC POS 36 id 14 seat 5 role raid fs 0 body 1 pos 17,14 stuck 0
RC WALK 36 id 14 role raid pos 17,14 tgt 28,25 want EAST
V527I SEALNT 37 ph 0 fwd 0 hv 5
RC POS 37 id 3 seat 0 role raid fs 0 body 1 pos 22,18 stuck 0
RC WALK 37 id 3 role raid pos 22,18 tgt 25,25 want SOUTH
RC POS 37 id 5 seat 1 role expand fs 0 body 1 pos 9,3 stuck 2
RC WALK 37 id 5 role expand pos 9,3 tgt 7,3 want WEST
RC POS 37 id 7 seat 2 role expand fs 0 body 1 pos 8,6 stuck 0
RC WALK 37 id 7 role expand pos 8,6 tgt 7,8 want SOUTH
RC POS 37 id 9 seat 3 role raid fs 0 body 1 pos 3,8 stuck 0
RC WALK 37 id 9 role raid pos 3,8 tgt 25,28 want EAST
RC POS 37 id 11 seat 4 role defend fs 0 body 1 pos 0,0 stuck 0
RC WALK 37 id 11 role defend pos 0,0 tgt 1,0 want EAST
RC POS 37 id 14 seat 5 role raid fs 0 body 1 pos 18,14 stuck 0
RC WALK 37 id 14 role raid pos 18,14 tgt 28,25 want SOUTH
V527I SEALNT 38 ph 0 fwd 0 hv 5
RC POS 38 id 3 seat 0 role raid fs 0 body 1 pos 22,19 stuck 0
RC WALK 38 id 3 role raid pos 22,19 tgt 25,25 want WEST
RC POS 38 id 5 seat 1 role expand fs 0 body 1 pos 8,3 stuck 0
RC POS 38 id 7 seat 2 role expand fs 0 body 1 pos 8,7 stuck 0
RC WALK 38 id 7 role expand pos 8,7 tgt 7,8 want SOUTH
RC POS 38 id 9 seat 3 role raid fs 0 body 1 pos 4,8 stuck 0
RC WALK 38 id 9 role raid pos 4,8 tgt 25,28 want WEST
RC POS 38 id 11 seat 4 role defend fs 0 body 1 pos 1,0 stuck 0
RC WALK 38 id 11 role defend pos 1,0 tgt 3,0 want EAST
RC POS 38 id 14 seat 5 role raid fs 0 body 1 pos 18,15 stuck 0
RC WALK 38 id 14 role raid pos 18,15 tgt 28,25 want EAST
V527I SEALNT 39 ph 0 fwd 0 hv 5
RC POS 39 id 3 seat 0 role raid fs 0 body 1 pos 21,19 stuck 0
RC WALK 39 id 3 role raid pos 21,19 tgt 25,25 want SOUTH
RC POS 39 id 5 seat 1 role expand fs 0 body 1 pos 8,3 stuck 1
RC WALK 39 id 5 role expand pos 8,3 tgt 6,3 want WEST
RC POS 39 id 7 seat 2 role expand fs 0 body 1 pos 8,8 stuck 0
RC WALK 39 id 7 role expand pos 8,8 tgt 7,8 want WEST
RC POS 39 id 9 seat 3 role raid fs 0 body 1 pos 3,8 stuck 0
RC WALK 39 id 9 role raid pos 3,8 tgt 25,28 want WEST
RC POS 39 id 11 seat 4 role defend fs 0 body 1 pos 2,0 stuck 0
RC WALK 39 id 11 role defend pos 2,0 tgt 3,0 want EAST
RC POS 39 id 14 seat 5 role raid fs 0 body 1 pos 19,15 stuck 0
RC WALK 39 id 14 role raid pos 19,15 tgt 28,25 want EAST
V527I SEALNT 40 ph 0 fwd 0 hv 5
RC POS 40 id 3 seat 0 role raid fs 0 body 1 pos 21,20 stuck 0
RC WALK 40 id 3 role raid pos 21,20 tgt 25,25 want SOUTH
RC POS 40 id 5 seat 1 role expand fs 0 body 1 pos 7,3 stuck 0
RC POS 40 id 7 seat 2 role expand fs 0 body 1 pos 7,8 stuck 0
RC POS 40 id 9 seat 3 role raid fs 0 body 1 pos 2,8 stuck 0
RC WALK 40 id 9 role raid pos 2,8 tgt 25,28 want EAST
RC POS 40 id 11 seat 4 role defend fs 0 body 1 pos 3,0 stuck 0
RC WALK 40 id 11 role defend pos 3,0 tgt 5,0 want EAST
RC POS 40 id 14 seat 5 role raid fs 0 body 1 pos 20,15 stuck 0
RC WALK 40 id 14 role raid pos 20,15 tgt 28,25 want SOUTH
V527I SEALNT 41 ph 0 fwd 0 hv 5
RC POS 41 id 3 seat 0 role raid fs 0 body 1 pos 21,21 stuck 0
RC WALK 41 id 3 role raid pos 21,21 tgt 25,25 want SOUTH
RC POS 41 id 5 seat 1 role expand fs 0 body 1 pos 7,3 stuck 1
RC WALK 41 id 5 role expand pos 7,3 tgt 5,3 want WEST
RC POS 41 id 7 seat 2 role expand fs 0 body 1 pos 7,8 stuck 1
RC POS 41 id 9 seat 3 role raid fs 0 body 1 pos 3,8 stuck 0
RC WALK 41 id 9 role raid pos 3,8 tgt 25,28 want WEST
RC POS 41 id 11 seat 4 role defend fs 0 body 1 pos 4,0 stuck 0
RC WALK 41 id 11 role defend pos 4,0 tgt 5,0 want EAST
RC POS 41 id 14 seat 5 role raid fs 0 body 1 pos 20,16 stuck 0
RC WALK 41 id 14 role raid pos 20,16 tgt 28,25 want SOUTH
V527I SEALNT 42 ph 0 fwd 0 hv 5
RC POS 42 id 3 seat 0 role raid fs 0 body 1 pos 21,22 stuck 0
RC WALK 42 id 3 role raid pos 21,22 tgt 25,25 want NORTH
RC POS 42 id 5 seat 1 role expand fs 0 body 1 pos 6,3 stuck 0
RC POS 42 id 7 seat 2 role expand fs 0 body 1 pos 7,8 stuck 2
RC POS 42 id 9 seat 3 role raid fs 0 body 1 pos 2,8 stuck 0
RC WALK 42 id 9 role raid pos 2,8 tgt 25,28 want EAST
RC POS 42 id 11 seat 4 role defend fs 0 body 1 pos 5,0 stuck 0
RC WALK 42 id 11 role defend pos 5,0 tgt 5,2 want SOUTH
RC POS 42 id 14 seat 5 role raid fs 0 body 1 pos 20,17 stuck 0
RC WALK 42 id 14 role raid pos 20,17 tgt 28,25 want SOUTH
V527I SEALNT 43 ph 0 fwd 0 hv 5
RC POS 43 id 3 seat 0 role raid fs 0 body 1 pos 21,21 stuck 0
RC WALK 43 id 3 role raid pos 21,21 tgt 25,25 want EAST
RC POS 43 id 5 seat 1 role expand fs 0 body 1 pos 6,3 stuck 1
RC WALK 43 id 5 role expand pos 6,3 tgt 4,3 want WEST
RC POS 43 id 7 seat 2 role expand fs 0 body 1 pos 7,8 stuck 3
RC POS 43 id 9 seat 3 role raid fs 0 body 1 pos 3,8 stuck 0
RC WALK 43 id 9 role raid pos 3,8 tgt 25,28 want WEST
RC POS 43 id 11 seat 4 role defend fs 0 body 1 pos 5,1 stuck 0
RC WALK 43 id 11 role defend pos 5,1 tgt 5,2 want SOUTH
RC POS 43 id 14 seat 5 role raid fs 0 body 1 pos 20,18 stuck 0
RC WALK 43 id 14 role raid pos 20,18 tgt 25,25 want SOUTH
V527I SEALNT 44 ph 0 fwd 0 hv 5
RC POS 44 id 3 seat 0 role raid fs 0 body 1 pos 22,21 stuck 0
RC POS 44 id 5 seat 1 role expand fs 0 body 1 pos 5,3 stuck 0
RC POS 44 id 7 seat 2 role expand fs 0 body 1 pos 7,8 stuck 4
RC POS 44 id 9 seat 3 role raid fs 0 body 1 pos 2,8 stuck 0
RC WALK 44 id 9 role raid pos 2,8 tgt 25,28 want EAST
RC POS 44 id 11 seat 4 role defend fs 0 body 1 pos 5,2 stuck 0
RC WALK 44 id 11 role defend pos 5,2 tgt 6,4 want NORTH
RC POS 44 id 14 seat 5 role raid fs 0 body 1 pos 20,19 stuck 0
RC WALK 44 id 14 role raid pos 20,19 tgt 25,25 want SOUTH
V527I SEALNT 45 ph 0 fwd 0 hv 5
RC POS 45 id 3 seat 0 role raid fs 0 body 1 pos 22,21 stuck 1
RC WALK 45 id 3 role raid pos 22,21 tgt 25,25 want WEST
RC POS 45 id 5 seat 1 role expand fs 0 body 1 pos 5,3 stuck 1
RC WALK 45 id 5 role expand pos 5,3 tgt 4,3 want WEST
RC POS 45 id 7 seat 2 role expand fs 0 body 1 pos 7,8 stuck 5
RC POS 45 id 9 seat 3 role raid fs 0 body 1 pos 3,8 stuck 0
RC WALK 45 id 9 role raid pos 3,8 tgt 25,28 want WEST
RC POS 45 id 11 seat 4 role defend fs 0 body 1 pos 5,1 stuck 0
RC WALK 45 id 11 role defend pos 5,1 tgt 6,4 want SOUTH
RC POS 45 id 14 seat 5 role raid fs 0 body 1 pos 20,20 stuck 0
RC WALK 45 id 14 role raid pos 20,20 tgt 25,25 want SOUTH
V527I SEALNT 46 ph 0 fwd 0 hv 5
RC POS 46 id 3 seat 0 role raid fs 0 body 1 pos 21,21 stuck 0
RC WALK 46 id 3 role raid pos 21,21 tgt 25,25 want SOUTH
RC POS 46 id 5 seat 1 role expand fs 0 body 1 pos 4,3 stuck 0
V528 PICK r 46 id 5 tgt 11,3 cs 16 bs 16 reg 0 cc 3 bc 3 cands 3 banned 0 regall 0 seat 1
RC WALK 46 id 5 role expand pos 4,3 tgt 11,3 want EAST
RC POS 46 id 7 seat 2 role expand fs 0 body 1 pos 7,8 stuck 6
V528 CONN r 46 id 7 at 7,9 chosen 0 best 0 regret 0 cands 3 role expand seat 2
RC POS 46 id 9 seat 3 role raid fs 0 body 1 pos 2,8 stuck 0
RC WALK 46 id 9 role raid pos 2,8 tgt 25,28 want EAST
RC POS 46 id 11 seat 4 role defend fs 0 body 1 pos 5,2 stuck 0
RC WALK 46 id 11 role defend pos 5,2 tgt 6,4 want NORTH
RC POS 46 id 14 seat 5 role raid fs 0 body 1 pos 20,21 stuck 0
RC WALK 46 id 14 role raid pos 20,21 tgt 25,25 want EAST
V527I SEALNT 47 ph 0 fwd 0 hv 6
RC POS 47 id 3 seat 0 role raid fs 0 body 1 pos 21,22 stuck 0
RC WALK 47 id 3 role raid pos 21,22 tgt 25,25 want SOUTH
RC POS 47 id 5 seat 1 role expand fs 0 body 1 pos 5,3 stuck 0
RC WALK 47 id 5 role expand pos 5,3 tgt 11,3 want EAST
RC POS 47 id 7 seat 2 role expand fs 0 body 1 pos 7,8 stuck 7
RC WALK 47 id 7 role expand pos 7,8 tgt 5,8 want WEST
RC POS 47 id 9 seat 3 role raid fs 0 body 1 pos 3,8 stuck 0
RC WALK 47 id 9 role raid pos 3,8 tgt 25,28 want WEST
RC POS 47 id 11 seat 4 role defend fs 0 body 1 pos 5,1 stuck 0
RC WALK 47 id 11 role defend pos 5,1 tgt 6,4 want SOUTH
RC POS 47 id 14 seat 5 role raid fs 0 body 1 pos 21,21 stuck 0
RC WALK 47 id 14 role raid pos 21,21 tgt 25,25 want EAST
V527I SEALNT 48 ph 0 fwd 0 hv 6
RC POS 48 id 3 seat 0 role raid fs 0 body 1 pos 21,23 stuck 0
RC WALK 48 id 3 role raid pos 21,23 tgt 25,25 want EAST
RC POS 48 id 5 seat 1 role expand fs 0 body 1 pos 6,3 stuck 0
RC WALK 48 id 5 role expand pos 6,3 tgt 11,3 want EAST
RC POS 48 id 7 seat 2 role expand fs 0 body 1 pos 6,8 stuck 0
RC WALK 48 id 7 role expand pos 6,8 tgt 4,8 want WEST
RC POS 48 id 9 seat 3 role raid fs 0 body 1 pos 2,8 stuck 0
RC WALK 48 id 9 role raid pos 2,8 tgt 25,28 want EAST
RC POS 48 id 11 seat 4 role defend fs 0 body 1 pos 5,2 stuck 0
RC WALK 48 id 11 role defend pos 5,2 tgt 6,4 want SOUTH
RC POS 48 id 14 seat 5 role raid fs 0 body 1 pos 22,21 stuck 0
RC WALK 48 id 14 role raid pos 22,21 tgt 25,25 want WEST
V527I SEALNT 49 ph 0 fwd 0 hv 6
RC POS 49 id 3 seat 0 role raid fs 0 body 1 pos 22,23 stuck 0
RC WALK 49 id 3 role raid pos 22,23 tgt 25,25 want EAST
RC POS 49 id 5 seat 1 role expand fs 0 body 1 pos 7,3 stuck 0
RC WALK 49 id 5 role expand pos 7,3 tgt 10,3 want EAST
RC POS 49 id 7 seat 2 role expand fs 0 body 1 pos 5,8 stuck 0
RC WALK 49 id 7 role expand pos 5,8 tgt 3,8 want WEST
RC POS 49 id 9 seat 3 role raid fs 0 body 1 pos 3,8 stuck 0
RC WALK 49 id 9 role raid pos 3,8 tgt 25,28 want WEST
RC POS 49 id 11 seat 4 role defend fs 0 body 1 pos 5,3 stuck 0
RC WALK 49 id 11 role defend pos 5,3 tgt 6,4 want EAST
RC POS 49 id 14 seat 5 role raid fs 0 body 1 pos 21,21 stuck 0
RC WALK 49 id 14 role raid pos 21,21 tgt 25,25 want SOUTH
V527I SEALNT 50 ph 0 fwd 0 hv 6
RC POS 50 id 3 seat 0 role raid fs 0 body 1 pos 23,23 stuck 0
RC WALK 50 id 3 role raid pos 23,23 tgt 25,25 want EAST
RC POS 50 id 5 seat 1 role expand fs 0 body 1 pos 8,3 stuck 0
RC WALK 50 id 5 role expand pos 8,3 tgt 10,3 want EAST
RC POS 50 id 7 seat 2 role expand fs 0 body 1 pos 4,8 stuck 0
RC WALK 50 id 7 role expand pos 4,8 tgt 3,7 want WEST
RC POS 50 id 9 seat 3 role raid fs 0 body 1 pos 2,8 stuck 0
RC WALK 50 id 9 role raid pos 2,8 tgt 25,28 want SOUTH
RC POS 50 id 11 seat 4 role defend fs 0 body 1 pos 6,3 stuck 0
RC WALK 50 id 11 role defend pos 6,3 tgt 6,4 want SOUTH
RC POS 50 id 14 seat 5 role raid fs 0 body 1 pos 21,22 stuck 0
RC WALK 50 id 14 role raid pos 21,22 tgt 25,25 want SOUTH
V527I SEALNT 51 ph 0 fwd 0 hv 6
RC POS 51 id 3 seat 0 role raid fs 0 body 1 pos 24,23 stuck 0
RC WALK 51 id 3 role raid pos 24,23 tgt 25,25 want SOUTH
RC POS 51 id 5 seat 1 role expand fs 0 body 1 pos 9,3 stuck 0
RC WALK 51 id 5 role expand pos 9,3 tgt 10,3 want EAST
RC POS 51 id 7 seat 2 role expand fs 0 body 1 pos 3,8 stuck 0
RC WALK 51 id 7 role expand pos 3,8 tgt 3,6 want NORTH
RC POS 51 id 9 seat 3 role raid fs 0 body 1 pos 2,9 stuck 0
RC WALK 51 id 9 role raid pos 2,9 tgt 25,28 want SOUTH
RC POS 51 id 11 seat 4 role defend fs 0 body 1 pos 6,4 stuck 0
RC WALK 51 id 11 role defend pos 6,4 tgt 3,6 want WEST
RC POS 51 id 14 seat 5 role raid fs 0 body 1 pos 21,23 stuck 0
RC WALK 51 id 14 role raid pos 21,23 tgt 25,25 want EAST
V527I SEALNT 52 ph 0 fwd 0 hv 6
RC POS 52 id 3 seat 0 role raid fs 0 body 1 pos 24,24 stuck 0
RC WALK 52 id 3 role raid pos 24,24 tgt 25,25 want SOUTH
RC POS 52 id 5 seat 1 role expand fs 0 body 1 pos 10,3 stuck 0
V528 CONN r 52 id 5 at 11,3 chosen 0 best 0 regret 0 cands 3 role expand seat 1
RC POS 52 id 7 seat 2 role expand fs 0 body 1 pos 3,7 stuck 0
RC WALK 52 id 7 role expand pos 3,7 tgt 3,5 want NORTH
RC POS 52 id 9 seat 3 role raid fs 0 body 1 pos 2,10 stuck 0
RC WALK 52 id 9 role raid pos 2,10 tgt 25,28 want EAST
RC POS 52 id 11 seat 4 role defend fs 0 body 1 pos 5,4 stuck 0
RC WALK 52 id 11 role defend pos 5,4 tgt 3,6 want NORTH
RC POS 52 id 14 seat 5 role raid fs 0 body 1 pos 22,23 stuck 0
RC WALK 52 id 14 role raid pos 22,23 tgt 25,25 want EAST
V527I SEALNT 53 ph 0 fwd 0 hv 7
RC POS 53 id 3 seat 0 role raid fs 0 body 1 pos 24,25 stuck 0
RC WALK 53 id 3 role raid pos 24,25 tgt 25,28 want SOUTH
RC POS 53 id 5 seat 1 role expand fs 0 body 1 pos 10,3 stuck 1
RC WALK 53 id 5 role expand pos 10,3 tgt 8,3 want WEST
RC POS 53 id 7 seat 2 role expand fs 0 body 1 pos 3,6 stuck 0
RC WALK 53 id 7 role expand pos 3,6 tgt 3,4 want NORTH
RC POS 53 id 9 seat 3 role raid fs 0 body 1 pos 3,10 stuck 0
RC WALK 53 id 9 role raid pos 3,10 tgt 25,28 want SOUTH
RC POS 53 id 11 seat 4 role defend fs 0 body 1 pos 5,3 stuck 0
RC WALK 53 id 11 role defend pos 5,3 tgt 4,3 want WEST
RC POS 53 id 14 seat 5 role raid fs 0 body 1 pos 23,23 stuck 0
RC WALK 53 id 14 role raid pos 23,23 tgt 25,25 want EAST
V527I SEALNT 54 ph 0 fwd 0 hv 7
RC POS 54 id 3 seat 0 role raid fs 0 body 1 pos 24,26 stuck 0
RC POS 54 id 5 seat 1 role expand fs 0 body 1 pos 9,3 stuck 0
RC WALK 54 id 5 role expand pos 9,3 tgt 7,3 want WEST
RC POS 54 id 7 seat 2 role expand fs 0 body 1 pos 3,5 stuck 0
RC WALK 54 id 7 role expand pos 3,5 tgt 3,4 want NORTH
RC POS 54 id 9 seat 3 role raid fs 0 body 1 pos 3,11 stuck 0
RC WALK 54 id 9 role raid pos 3,11 tgt 25,28 want EAST
RC POS 54 id 14 seat 5 role raid fs 0 body 1 pos 24,23 stuck 0
RC WALK 54 id 14 role raid pos 24,23 tgt 25,25 want SOUTH
V527I SEALNT 55 ph 0 fwd 0 hv 7
RC POS 55 id 3 seat 0 role raid fs 0 body 1 pos 24,26 stuck 1
RC WALK 55 id 3 role raid pos 24,26 tgt 25,28 want SOUTH
RC POS 55 id 5 seat 1 role expand fs 0 body 1 pos 8,3 stuck 0
RC WALK 55 id 5 role expand pos 8,3 tgt 6,3 want WEST
RC POS 55 id 9 seat 3 role raid fs 0 body 1 pos 4,11 stuck 0
RC WALK 55 id 9 role raid pos 4,11 tgt 25,28 want EAST
RC POS 55 id 14 seat 5 role raid fs 0 body 1 pos 24,24 stuck 0
RC WALK 55 id 14 role raid pos 24,24 tgt 25,28 want SOUTH
V527I SEALNT 56 ph 0 fwd 0 hv 7
RC POS 56 id 3 seat 0 role raid fs 0 body 1 pos 24,27 stuck 0
RC WALK 56 id 3 role raid pos 24,27 tgt 25,28 want EAST
RC POS 56 id 5 seat 1 role expand fs 0 body 1 pos 7,3 stuck 0
RC WALK 56 id 5 role expand pos 7,3 tgt 5,3 want SOUTH
RC POS 56 id 9 seat 3 role raid fs 0 body 1 pos 5,11 stuck 0
RC WALK 56 id 9 role raid pos 5,11 tgt 25,28 want EAST
RC POS 56 id 14 seat 5 role raid fs 0 body 1 pos 24,25 stuck 0
RC WALK 56 id 14 role raid pos 24,25 tgt 25,28 want SOUTH
V527I SEALNT 57 ph 0 fwd 0 hv 7
RC POS 57 id 3 seat 0 role raid fs 0 body 1 pos 25,27 stuck 0
RC WALK 57 id 3 role raid pos 25,27 tgt 25,28 want SOUTH
RC POS 57 id 5 seat 1 role expand fs 0 body 1 pos 7,4 stuck 0
RC WALK 57 id 5 role expand pos 7,4 tgt 5,3 want WEST
RC POS 57 id 9 seat 3 role raid fs 0 body 1 pos 6,11 stuck 0
RC WALK 57 id 9 role raid pos 6,11 tgt 25,28 want EAST
RC POS 57 id 14 seat 5 role raid fs 0 body 1 pos 24,26 stuck 0
RC WALK 57 id 14 role raid pos 24,26 tgt 25,28 want SOUTH
V527I SEALNT 58 ph 0 fwd 0 hv 7
RC POS 58 id 3 seat 0 role raid fs 0 body 1 pos 25,28 stuck 0
RC POS 58 id 5 seat 1 role expand fs 0 body 1 pos 6,4 stuck 0
RC WALK 58 id 5 role expand pos 6,4 tgt 5,3 want WEST
RC POS 58 id 9 seat 3 role raid fs 0 body 1 pos 7,11 stuck 0
RC WALK 58 id 9 role raid pos 7,11 tgt 25,28 want SOUTH
RC POS 58 id 14 seat 5 role raid fs 0 body 1 pos 24,27 stuck 0
RC WALK 58 id 14 role raid pos 24,27 tgt 25,28 want EAST
V527I SEALNT 59 ph 0 fwd 0 hv 7
RC POS 59 id 3 seat 0 role raid fs 0 body 1 pos 25,28 stuck 1
RC WALK 59 id 3 role raid pos 25,28 tgt 28,28 want SOUTH
RC POS 59 id 5 seat 1 role expand fs 0 body 1 pos 5,4 stuck 0
RC WALK 59 id 5 role expand pos 5,4 tgt 4,3 want NORTH
RC POS 59 id 9 seat 3 role raid fs 0 body 1 pos 7,12 stuck 0
RC WALK 59 id 9 role raid pos 7,12 tgt 25,28 want SOUTH
RC POS 59 id 14 seat 5 role raid fs 0 body 1 pos 25,27 stuck 0
RC WALK 59 id 14 role raid pos 25,27 tgt 25,28 want SOUTH
V527I SEALNT 60 ph 0 fwd 0 hv 7
RC POS 60 id 3 seat 0 role raid fs 0 body 1 pos 25,29 stuck 0
RC WALK 60 id 3 role raid pos 25,29 tgt 28,28 want EAST
RC POS 60 id 5 seat 1 role expand fs 0 body 1 pos 5,3 stuck 0
RC WALK 60 id 5 role expand pos 5,3 tgt 4,3 want CENTRE
RC POS 60 id 9 seat 3 role raid fs 0 body 1 pos 7,13 stuck 0
RC WALK 60 id 9 role raid pos 7,13 tgt 25,28 want SOUTH
RC POS 60 id 11 seat 4 role defend fs 0 body 1 pos 4,3 stuck 6
RC POS 60 id 14 seat 5 role raid fs 0 body 1 pos 25,28 stuck 0
V527I SEALNT 61 ph 0 fwd 0 hv 7
RC POS 61 id 3 seat 0 role raid fs 0 body 1 pos 26,29 stuck 0
RC WALK 61 id 3 role raid pos 26,29 tgt 28,28 want EAST
RC POS 61 id 5 seat 1 role expand fs 0 body 1 pos 5,3 stuck 1
RC WALK 61 id 5 role expand pos 5,3 tgt 4,3 want CENTRE
RC POS 61 id 9 seat 3 role raid fs 0 body 1 pos 7,14 stuck 0
RC WALK 61 id 9 role raid pos 7,14 tgt 25,28 want EAST
RC POS 61 id 14 seat 5 role raid fs 0 body 1 pos 25,28 stuck 1
RC WALK 61 id 14 role raid pos 25,28 tgt 28,28 want WEST
V527I SEALNT 62 ph 0 fwd 0 hv 7
RC POS 62 id 3 seat 0 role raid fs 0 body 1 pos 27,29 stuck 0
RC POS 62 id 5 seat 1 role expand fs 0 body 1 pos 5,3 stuck 2
RC WALK 62 id 5 role expand pos 5,3 tgt 4,3 want CENTRE
RC POS 62 id 9 seat 3 role raid fs 0 body 1 pos 8,14 stuck 0
RC WALK 62 id 9 role raid pos 8,14 tgt 25,28 want EAST
RC POS 62 id 11 seat 4 role defend fs 0 body 1 pos 4,3 stuck 8
RC POS 62 id 14 seat 5 role raid fs 0 body 1 pos 24,28 stuck 0
RC WALK 62 id 14 role raid pos 24,28 tgt 28,28 want WEST
V527I SEALNT 63 ph 0 fwd 0 hv 7
RC POS 63 id 3 seat 0 role raid fs 0 body 1 pos 27,29 stuck 1
RC WALK 63 id 3 role raid pos 27,29 tgt 28,28 want EAST
RC POS 63 id 5 seat 1 role expand fs 0 body 1 pos 5,3 stuck 3
RC WALK 63 id 5 role expand pos 5,3 tgt 4,3 want CENTRE
RC POS 63 id 9 seat 3 role raid fs 0 body 1 pos 9,14 stuck 0
RC WALK 63 id 9 role raid pos 9,14 tgt 25,28 want EAST
RC POS 63 id 11 seat 4 role defend fs 0 body 1 pos 4,3 stuck 9
RC POS 63 id 14 seat 5 role raid fs 0 body 1 pos 23,28 stuck 0
RC WALK 63 id 14 role raid pos 23,28 tgt 28,28 want SOUTH
V527I SEALNT 64 ph 0 fwd 0 hv 7
RC POS 64 id 3 seat 0 role raid fs 0 body 1 pos 28,29 stuck 0
RC POS 64 id 5 seat 1 role expand fs 0 body 1 pos 5,3 stuck 4
RC WALK 64 id 5 role expand pos 5,3 tgt 4,2 want NORTH
RC POS 64 id 9 seat 3 role raid fs 0 body 1 pos 10,14 stuck 0
RC WALK 64 id 9 role raid pos 10,14 tgt 25,28 want EAST
RC POS 64 id 14 seat 5 role raid fs 0 body 1 pos 23,29 stuck 0
RC WALK 64 id 14 role raid pos 23,29 tgt 28,28 want EAST
V527I SEALNT 65 ph 0 fwd 1 hv 7
RC POS 65 id 3 seat 0 role raid fs 0 body 1 pos 28,29 stuck 1
RC WALK 65 id 3 role raid pos 28,29 tgt 28,25 want EAST
RC POS 65 id 5 seat 1 role expand fs 0 body 1 pos 5,2 stuck 0
V528 PICK r 65 id 5 tgt 2,6 cs 7 bs 7 reg 0 cc 0 bc 0 cands 4 banned 0 regall 0 seat 1
RC WALK 65 id 5 role expand pos 5,2 tgt 2,6 want SOUTH
RC POS 65 id 9 seat 3 role raid fs 0 body 1 pos 11,14 stuck 0
RC WALK 65 id 9 role raid pos 11,14 tgt 25,28 want EAST
RC POS 65 id 14 seat 5 role raid fs 0 body 1 pos 24,29 stuck 0
RC WALK 65 id 14 role raid pos 24,29 tgt 28,28 want EAST
V527I SEALNT 66 ph 0 fwd 1 hv 7
RC POS 66 id 3 seat 0 role raid fs 0 body 1 pos 29,29 stuck 0
RC WALK 66 id 3 role raid pos 29,29 tgt 28,25 want NORTH
RC POS 66 id 5 seat 1 role expand fs 0 body 1 pos 5,3 stuck 0
RC WALK 66 id 5 role expand pos 5,3 tgt 1,3 want SOUTH
RC POS 66 id 9 seat 3 role raid fs 0 body 1 pos 12,14 stuck 0
RC WALK 66 id 9 role raid pos 12,14 tgt 25,28 want SOUTH
RC POS 66 id 14 seat 5 role raid fs 0 body 1 pos 25,29 stuck 0
RC WALK 66 id 14 role raid pos 25,29 tgt 28,28 want EAST
V527I SEALNT 67 ph 0 fwd 1 hv 7
RC POS 67 id 3 seat 0 role raid fs 0 body 1 pos 29,28 stuck 0
RC WALK 67 id 3 role raid pos 29,28 tgt 28,25 want NORTH
RC POS 67 id 5 seat 1 role expand fs 0 body 1 pos 5,4 stuck 0
V528 PICK r 67 id 5 tgt 11,3 cs 7 bs 7 reg 0 cc 0 bc 0 cands 3 banned 0 regall 0 seat 1
RC WALK 67 id 5 role expand pos 5,4 tgt 11,3 want EAST
RC POS 67 id 9 seat 3 role raid fs 0 body 1 pos 12,15 stuck 0
RC WALK 67 id 9 role raid pos 12,15 tgt 25,28 want EAST
RC POS 67 id 14 seat 5 role raid fs 0 body 1 pos 26,29 stuck 0
RC WALK 67 id 14 role raid pos 26,29 tgt 28,25 want WEST
V527I SEALNT 68 ph 0 fwd 1 hv 7
RC POS 68 id 3 seat 0 role raid fs 0 body 1 pos 29,27 stuck 0
RC POS 68 id 5 seat 1 role expand fs 0 body 1 pos 6,4 stuck 0
RC WALK 68 id 5 role expand pos 6,4 tgt 2,4 want WEST
RC POS 68 id 9 seat 3 role raid fs 0 body 1 pos 13,15 stuck 0
RC WALK 68 id 9 role raid pos 13,15 tgt 25,28 want SOUTH
RC POS 68 id 14 seat 5 role raid fs 0 body 1 pos 25,29 stuck 0
RC WALK 68 id 14 role raid pos 25,29 tgt 28,25 want NORTH
V527I SEALNT 69 ph 0 fwd 1 hv 7
RC POS 69 id 3 seat 0 role raid fs 0 body 1 pos 29,27 stuck 1
RC WALK 69 id 3 role raid pos 29,27 tgt 28,25 want NORTH
RC POS 69 id 5 seat 1 role expand fs 0 body 1 pos 5,4 stuck 0
V528 PICK r 69 id 5 tgt 11,3 cs 7 bs 7 reg 0 cc 0 bc 0 cands 3 banned 0 regall 0 seat 1
RC WALK 69 id 5 role expand pos 5,4 tgt 11,3 want EAST
RC POS 69 id 9 seat 3 role raid fs 0 body 1 pos 13,16 stuck 0
RC WALK 69 id 9 role raid pos 13,16 tgt 25,28 want EAST
RC POS 69 id 14 seat 5 role raid fs 0 body 1 pos 25,28 stuck 0
RC WALK 69 id 14 role raid pos 25,28 tgt 28,25 want WEST
V527I SEALNT 70 ph 0 fwd 1 hv 7
RC POS 70 id 3 seat 0 role raid fs 0 body 1 pos 29,26 stuck 0
RC POS 70 id 5 seat 1 role expand fs 0 body 1 pos 6,4 stuck 0
RC WALK 70 id 5 role expand pos 6,4 tgt 2,4 want WEST
RC POS 70 id 9 seat 3 role raid fs 0 body 1 pos 14,16 stuck 0
RC WALK 70 id 9 role raid pos 14,16 tgt 25,28 want SOUTH
RC POS 70 id 14 seat 5 role raid fs 0 body 1 pos 24,28 stuck 0
RC WALK 70 id 14 role raid pos 24,28 tgt 28,25 want EAST
V527I SEALNT 71 ph 0 fwd 1 hv 7
RC POS 71 id 3 seat 0 role raid fs 0 body 1 pos 29,26 stuck 1
RC WALK 71 id 3 role raid pos 29,26 tgt 27,25 want NORTH
RC POS 71 id 5 seat 1 role expand fs 0 body 1 pos 5,4 stuck 0
V528 PICK r 71 id 5 tgt 11,3 cs 7 bs 7 reg 0 cc 0 bc 0 cands 3 banned 0 regall 0 seat 1
RC WALK 71 id 5 role expand pos 5,4 tgt 11,3 want EAST
RC POS 71 id 9 seat 3 role raid fs 0 body 1 pos 14,17 stuck 0
RC WALK 71 id 9 role raid pos 14,17 tgt 25,28 want EAST
RC POS 71 id 14 seat 5 role raid fs 0 body 1 pos 25,28 stuck 0
RC WALK 71 id 14 role raid pos 25,28 tgt 28,25 want SOUTH
V527I SEALNT 72 ph 0 fwd 1 hv 7
RC POS 72 id 3 seat 0 role raid fs 0 body 1 pos 29,25 stuck 0
RC WALK 72 id 3 role raid pos 29,25 tgt 27,25 want WEST
RC POS 72 id 5 seat 1 role expand fs 0 body 1 pos 6,4 stuck 0
RC WALK 72 id 5 role expand pos 6,4 tgt 2,4 want WEST
RC POS 72 id 9 seat 3 role raid fs 0 body 1 pos 15,17 stuck 0
RC WALK 72 id 9 role raid pos 15,17 tgt 25,28 want SOUTH
RC POS 72 id 14 seat 5 role raid fs 0 body 1 pos 25,29 stuck 0
RC WALK 72 id 14 role raid pos 25,29 tgt 28,25 want EAST
V527I SEALNT 73 ph 0 fwd 1 hv 7
RC POS 73 id 3 seat 0 role raid fs 0 body 1 pos 28,25 stuck 0
RC WALK 73 id 3 role raid pos 28,25 tgt 27,25 want WEST
RC POS 73 id 5 seat 1 role expand fs 0 body 1 pos 5,4 stuck 0
RC WALK 73 id 5 role expand pos 5,4 tgt 2,4 want NORTH
RC POS 73 id 9 seat 3 role raid fs 0 body 1 pos 15,18 stuck 0
RC WALK 73 id 9 role raid pos 15,18 tgt 25,28 want SOUTH
RC POS 73 id 14 seat 5 role raid fs 0 body 1 pos 26,29 stuck 0
RC WALK 73 id 14 role raid pos 26,29 tgt 26,25 want EAST
V527I SEALNT 74 ph 0 fwd 1 hv 7
RC POS 74 id 3 seat 0 role raid fs 0 body 1 pos 27,25 stuck 0
RC POS 74 id 5 seat 1 role expand fs 0 body 1 pos 5,3 stuck 0
RC POS 74 id 9 seat 3 role raid fs 0 body 1 pos 15,19 stuck 0
RC WALK 74 id 9 role raid pos 15,19 tgt 25,28 want SOUTH
RC POS 74 id 14 seat 5 role raid fs 0 body 1 pos 27,29 stuck 0
RC WALK 74 id 14 role raid pos 27,29 tgt 26,25 want EAST
V527I SEALNT 75 ph 0 fwd 1 hv 7
RC POS 75 id 3 seat 0 role raid fs 0 body 1 pos 27,25 stuck 1
RC POS 75 id 5 seat 1 role expand fs 0 body 1 pos 5,3 stuck 1
RC POS 75 id 9 seat 3 role raid fs 0 body 1 pos 15,20 stuck 0
RC WALK 75 id 9 role raid pos 15,20 tgt 25,28 want EAST
RC POS 75 id 14 seat 5 role raid fs 0 body 1 pos 28,29 stuck 0
RC WALK 75 id 14 role raid pos 28,29 tgt 26,25 want EAST
V527I SEALNT 76 ph 0 fwd 1 hv 7
RC POS 76 id 3 seat 0 role raid fs 0 body 1 pos 27,25 stuck 1
RC POS 76 id 5 seat 1 role expand fs 0 body 1 pos 5,3 stuck 2
RC WALK 76 id 5 role expand pos 5,3 tgt 2,4 want NORTH
RC POS 76 id 9 seat 3 role raid fs 0 body 1 pos 16,20 stuck 0
RC WALK 76 id 9 role raid pos 16,20 tgt 25,28 want EAST
RC POS 76 id 14 seat 5 role raid fs 0 body 1 pos 29,29 stuck 0
RC WALK 76 id 14 role raid pos 29,29 tgt 26,25 want NORTH
V527I SEALNT 77 ph 0 fwd 1 hv 7
RC POS 77 id 3 seat 0 role raid fs 0 body 1 pos 27,25 stuck 1
RC POS 77 id 5 seat 1 role expand fs 0 body 1 pos 5,2 stuck 0
RC WALK 77 id 5 role expand pos 5,2 tgt 2,2 want WEST
RC POS 77 id 9 seat 3 role raid fs 0 body 1 pos 17,20 stuck 0
RC WALK 77 id 9 role raid pos 17,20 tgt 25,28 want EAST
RC POS 77 id 14 seat 5 role raid fs 0 body 1 pos 29,28 stuck 0
RC WALK 77 id 14 role raid pos 29,28 tgt 26,25 want NORTH
V527I SEALNT 78 ph 0 fwd 1 hv 7
RC POS 78 id 3 seat 0 role raid fs 0 body 1 pos 27,25 stuck 1
RC POS 78 id 5 seat 1 role expand fs 0 body 1 pos 5,1 stuck 0
RC WALK 78 id 5 role expand pos 5,1 tgt 2,2 want WEST
RC POS 78 id 9 seat 3 role raid fs 0 body 1 pos 18,20 stuck 0
RC WALK 78 id 9 role raid pos 18,20 tgt 25,25 want EAST
RC POS 78 id 14 seat 5 role raid fs 0 body 1 pos 29,27 stuck 0
RC WALK 78 id 14 role raid pos 29,27 tgt 26,25 want NORTH
V527I SEALNT 79 ph 0 fwd 1 hv 7
RC POS 79 id 3 seat 0 role raid fs 0 body 1 pos 27,25 stuck 1
RC POS 79 id 5 seat 1 role expand fs 0 body 1 pos 4,1 stuck 0
RC WALK 79 id 5 role expand pos 4,1 tgt 2,2 want SOUTH
RC POS 79 id 9 seat 3 role raid fs 0 body 1 pos 19,20 stuck 0
RC WALK 79 id 9 role raid pos 19,20 tgt 25,25 want EAST
RC POS 79 id 14 seat 5 role raid fs 0 body 1 pos 29,26 stuck 0
RC WALK 79 id 14 role raid pos 29,26 tgt 26,25 want NORTH
V527I SEALNT 80 ph 0 fwd 1 hv 7
RC POS 80 id 3 seat 0 role raid fs 0 body 1 pos 27,25 stuck 1
RC POS 80 id 5 seat 1 role expand fs 0 body 1 pos 5,1 stuck 0
RC WALK 80 id 5 role expand pos 5,1 tgt 2,2 want WEST
RC POS 80 id 9 seat 3 role raid fs 0 body 1 pos 20,20 stuck 0
RC WALK 80 id 9 role raid pos 20,20 tgt 25,25 want EAST
RC POS 80 id 14 seat 5 role raid fs 0 body 1 pos 29,25 stuck 0
RC WALK 80 id 14 role raid pos 29,25 tgt 26,25 want WEST
V527I SEALNT 81 ph 0 fwd 1 hv 7
RC POS 81 id 3 seat 0 role raid fs 0 body 1 pos 27,25 stuck 1
RC POS 81 id 5 seat 1 role expand fs 0 body 1 pos 4,1 stuck 0
RC WALK 81 id 5 role expand pos 4,1 tgt 2,2 want SOUTH
RC POS 81 id 9 seat 3 role raid fs 0 body 1 pos 21,20 stuck 0
RC WALK 81 id 9 role raid pos 21,20 tgt 25,25 want SOUTH
RC POS 81 id 14 seat 5 role raid fs 0 body 1 pos 28,25 stuck 0
RC WALK 81 id 14 role raid pos 28,25 tgt 26,25 want NORTH
V527I SEALNT 82 ph 0 fwd 1 hv 7
RC POS 82 id 3 seat 0 role raid fs 0 body 1 pos 27,25 stuck 1
RC POS 82 id 5 seat 1 role expand fs 0 body 1 pos 5,1 stuck 0
RC WALK 82 id 5 role expand pos 5,1 tgt 2,2 want WEST
RC POS 82 id 9 seat 3 role raid fs 0 body 1 pos 21,21 stuck 0
RC WALK 82 id 9 role raid pos 21,21 tgt 25,25 want SOUTH
RC POS 82 id 14 seat 5 role raid fs 0 body 1 pos 28,24 stuck 0
RC WALK 82 id 14 role raid pos 28,24 tgt 26,25 want WEST
V527I SEALNT 83 ph 0 fwd 1 hv 7
RC POS 83 id 3 seat 0 role raid fs 0 body 1 pos 27,25 stuck 1
RC POS 83 id 5 seat 1 role expand fs 0 body 1 pos 4,1 stuck 0
RC WALK 83 id 5 role expand pos 4,1 tgt 2,2 want SOUTH
RC POS 83 id 9 seat 3 role raid fs 0 body 1 pos 21,22 stuck 0
RC WALK 83 id 9 role raid pos 21,22 tgt 25,25 want SOUTH
RC POS 83 id 14 seat 5 role raid fs 0 body 1 pos 27,24 stuck 0
RC WALK 83 id 14 role raid pos 27,24 tgt 26,25 want WEST
V527I SEALNT 84 ph 0 fwd 1 hv 7
RC POS 84 id 3 seat 0 role raid fs 0 body 1 pos 27,25 stuck 1
RC POS 84 id 5 seat 1 role expand fs 0 body 1 pos 5,1 stuck 0
RC WALK 84 id 5 role expand pos 5,1 tgt 2,2 want WEST
RC POS 84 id 9 seat 3 role raid fs 0 body 1 pos 21,23 stuck 0
RC WALK 84 id 9 role raid pos 21,23 tgt 28,25 want EAST
RC POS 84 id 14 seat 5 role raid fs 0 body 1 pos 26,24 stuck 0
RC WALK 84 id 14 role raid pos 26,24 tgt 26,25 want CENTRE
V527I SEALNT 85 ph 0 fwd 1 hv 7
RC POS 85 id 3 seat 0 role raid fs 0 body 1 pos 27,25 stuck 2
RC POS 85 id 5 seat 1 role expand fs 0 body 1 pos 4,1 stuck 0
RC WALK 85 id 5 role expand pos 4,1 tgt 2,2 want SOUTH
RC POS 85 id 9 seat 3 role raid fs 0 body 1 pos 22,23 stuck 0
RC WALK 85 id 9 role raid pos 22,23 tgt 28,25 want EAST
RC POS 85 id 14 seat 5 role raid fs 0 body 1 pos 26,24 stuck 1
RC WALK 85 id 14 role raid pos 26,24 tgt 28,25 want EAST
V527I SEALNT 86 ph 0 fwd 1 hv 7
RC POS 86 id 3 seat 0 role raid fs 0 body 1 pos 27,25 stuck 1
RC POS 86 id 5 seat 1 role expand fs 0 body 1 pos 5,1 stuck 0
RC WALK 86 id 5 role expand pos 5,1 tgt 2,2 want WEST
RC POS 86 id 9 seat 3 role raid fs 0 body 1 pos 23,23 stuck 0
RC WALK 86 id 9 role raid pos 23,23 tgt 28,25 want EAST
RC POS 86 id 14 seat 5 role raid fs 0 body 1 pos 27,24 stuck 0
RC WALK 86 id 14 role raid pos 27,24 tgt 28,25 want EAST
V527I SEALNT 87 ph 0 fwd 1 hv 7
RC POS 87 id 3 seat 0 role raid fs 0 body 1 pos 27,25 stuck 1
RC POS 87 id 5 seat 1 role expand fs 0 body 1 pos 4,1 stuck 0
RC WALK 87 id 5 role expand pos 4,1 tgt 2,2 want SOUTH
RC POS 87 id 9 seat 3 role raid fs 0 body 1 pos 24,23 stuck 0
RC WALK 87 id 9 role raid pos 24,23 tgt 28,25 want SOUTH
RC POS 87 id 14 seat 5 role raid fs 0 body 1 pos 28,24 stuck 0
RC WALK 87 id 14 role raid pos 28,24 tgt 28,25 want SOUTH
V527I SEALNT 88 ph 0 fwd 1 hv 7
RC POS 88 id 3 seat 0 role raid fs 0 body 1 pos 27,25 stuck 1
RC POS 88 id 5 seat 1 role expand fs 0 body 1 pos 5,1 stuck 0
RC WALK 88 id 5 role expand pos 5,1 tgt 2,2 want WEST
RC POS 88 id 9 seat 3 role raid fs 0 body 1 pos 24,24 stuck 0
RC WALK 88 id 9 role raid pos 24,24 tgt 28,25 want SOUTH
RC POS 88 id 14 seat 5 role raid fs 0 body 1 pos 28,25 stuck 0
V527I SEALNT 89 ph 0 fwd 1 hv 7
RC POS 89 id 3 seat 0 role raid fs 0 body 1 pos 27,25 stuck 1
RC POS 89 id 5 seat 1 role expand fs 0 body 1 pos 4,1 stuck 0
RC WALK 89 id 5 role expand pos 4,1 tgt 2,2 want SOUTH
RC POS 89 id 9 seat 3 role raid fs 0 body 1 pos 24,25 stuck 0
RC WALK 89 id 9 role raid pos 24,25 tgt 28,25 want SOUTH
RC POS 89 id 14 seat 5 role raid fs 0 body 1 pos 28,25 stuck 1
V527I SEALNT 90 ph 0 fwd 1 hv 7
RC POS 90 id 3 seat 0 role raid fs 0 body 1 pos 27,25 stuck 1
RC POS 90 id 5 seat 1 role expand fs 0 body 1 pos 5,1 stuck 0
RC WALK 90 id 5 role expand pos 5,1 tgt 2,2 want WEST
RC POS 90 id 9 seat 3 role raid fs 0 body 1 pos 24,26 stuck 0
RC WALK 90 id 9 role raid pos 24,26 tgt 25,28 want SOUTH
RC POS 90 id 14 seat 5 role raid fs 0 body 1 pos 28,25 stuck 1
V527I SEALNT 91 ph 0 fwd 1 hv 7
RC POS 91 id 3 seat 0 role raid fs 0 body 1 pos 27,25 stuck 1
RC POS 91 id 5 seat 1 role expand fs 0 body 1 pos 4,1 stuck 0
RC WALK 91 id 5 role expand pos 4,1 tgt 2,2 want SOUTH
RC POS 91 id 9 seat 3 role raid fs 0 body 1 pos 24,27 stuck 0
RC WALK 91 id 9 role raid pos 24,27 tgt 25,28 want SOUTH
RC POS 91 id 14 seat 5 role raid fs 0 body 1 pos 28,25 stuck 1
V527I SEALNT 92 ph 0 fwd 1 hv 7
RC POS 92 id 3 seat 0 role raid fs 0 body 1 pos 27,25 stuck 1
RC POS 92 id 5 seat 1 role expand fs 0 body 1 pos 5,1 stuck 0
RC WALK 92 id 5 role expand pos 5,1 tgt 2,2 want WEST
RC POS 92 id 9 seat 3 role raid fs 0 body 1 pos 24,28 stuck 0
RC WALK 92 id 9 role raid pos 24,28 tgt 25,28 want EAST
RC POS 92 id 14 seat 5 role raid fs 0 body 1 pos 28,25 stuck 1
V527I SEALNT 93 ph 0 fwd 1 hv 7
RC POS 93 id 3 seat 0 role raid fs 0 body 1 pos 27,25 stuck 1
RC POS 93 id 5 seat 1 role expand fs 0 body 1 pos 4,1 stuck 0
RC WALK 93 id 5 role expand pos 4,1 tgt 2,2 want SOUTH
RC POS 93 id 9 seat 3 role raid fs 0 body 1 pos 25,28 stuck 0
RC POS 93 id 14 seat 5 role raid fs 0 body 1 pos 28,25 stuck 1
V527I SEALNT 94 ph 0 fwd 1 hv 7
RC POS 94 id 3 seat 0 role raid fs 0 body 1 pos 27,25 stuck 1
RC POS 94 id 5 seat 1 role expand fs 0 body 1 pos 5,1 stuck 0
RC WALK 94 id 5 role expand pos 5,1 tgt 2,2 want WEST
RC POS 94 id 7 seat 2 role expand fs 0 body 1 pos 3,4 stuck 39
RC POS 94 id 9 seat 3 role raid fs 0 body 1 pos 25,28 stuck 1
RC POS 94 id 11 seat 4 role defend fs 0 body 1 pos 4,3 stuck 40
RC POS 94 id 14 seat 5 role raid fs 0 body 1 pos 28,25 stuck 1
V527I SEALNT 95 ph 0 fwd 1 hv 7
RC POS 95 id 3 seat 0 role raid fs 0 body 1 pos 27,25 stuck 1
RC POS 95 id 5 seat 1 role expand fs 0 body 1 pos 4,1 stuck 0
RC WALK 95 id 5 role expand pos 4,1 tgt 2,2 want SOUTH
RC POS 95 id 7 seat 2 role expand fs 0 body 1 pos 3,4 stuck 40
RC POS 95 id 9 seat 3 role raid fs 0 body 1 pos 25,28 stuck 1
RC POS 95 id 11 seat 4 role defend fs 0 body 1 pos 4,3 stuck 41
RC POS 95 id 14 seat 5 role raid fs 0 body 1 pos 28,25 stuck 1
V527I SEALNT 96 ph 0 fwd 1 hv 7
RC POS 96 id 3 seat 0 role raid fs 0 body 1 pos 27,25 stuck 1
RC POS 96 id 5 seat 1 role expand fs 0 body 1 pos 5,1 stuck 0
RC WALK 96 id 5 role expand pos 5,1 tgt 2,2 want WEST
RC POS 96 id 9 seat 3 role raid fs 0 body 1 pos 25,28 stuck 1
RC POS 96 id 14 seat 5 role raid fs 0 body 1 pos 28,25 stuck 1
V527I SEALNT 97 ph 0 fwd 1 hv 7
RC POS 97 id 3 seat 0 role raid fs 0 body 1 pos 27,25 stuck 1
RC POS 97 id 5 seat 1 role expand fs 0 body 1 pos 4,1 stuck 0
RC WALK 97 id 5 role expand pos 4,1 tgt 2,2 want SOUTH
RC POS 97 id 9 seat 3 role raid fs 0 body 1 pos 25,28 stuck 1
RC POS 97 id 14 seat 5 role raid fs 0 body 1 pos 28,25 stuck 1
V527I SEALNT 98 ph 0 fwd 1 hv 7
RC POS 98 id 3 seat 0 role raid fs 0 body 1 pos 27,25 stuck 1
RC POS 98 id 5 seat 1 role expand fs 0 body 1 pos 5,1 stuck 0
RC WALK 98 id 5 role expand pos 5,1 tgt 2,2 want WEST
RC POS 98 id 9 seat 3 role raid fs 0 body 1 pos 25,28 stuck 1
RC POS 98 id 14 seat 5 role raid fs 0 body 1 pos 28,25 stuck 1
V527I SEALNT 99 ph 0 fwd 1 hv 7
RC POS 99 id 3 seat 0 role raid fs 0 body 1 pos 27,25 stuck 1
RC POS 99 id 5 seat 1 role expand fs 0 body 1 pos 4,1 stuck 0
RC WALK 99 id 5 role expand pos 4,1 tgt 2,2 want SOUTH
RC POS 99 id 7 seat 2 role expand fs 0 body 1 pos 3,4 stuck 44
RC POS 99 id 9 seat 3 role raid fs 0 body 1 pos 25,28 stuck 1
RC POS 99 id 11 seat 4 role defend fs 0 body 1 pos 4,3 stuck 45
RC POS 99 id 14 seat 5 role raid fs 0 body 1 pos 28,25 stuck 1
V527I SEALNT 100 ph 0 fwd 1 hv 7
RC POS 100 id 3 seat 0 role raid fs 0 body 1 pos 27,25 stuck 1
RC POS 100 id 5 seat 1 role expand fs 0 body 1 pos 5,1 stuck 0
RC WALK 100 id 5 role expand pos 5,1 tgt 2,2 want WEST
RC POS 100 id 9 seat 3 role raid fs 0 body 1 pos 25,28 stuck 1
RC POS 100 id 14 seat 5 role raid fs 0 body 1 pos 28,25 stuck 1
V527I SEALNT 101 ph 0 fwd 1 hv 7
RC POS 101 id 3 seat 0 role raid fs 0 body 1 pos 27,25 stuck 1
RC POS 101 id 5 seat 1 role expand fs 0 body 1 pos 4,1 stuck 0
RC WALK 101 id 5 role expand pos 4,1 tgt 2,2 want SOUTH
RC POS 101 id 9 seat 3 role raid fs 0 body 1 pos 25,28 stuck 1
RC POS 101 id 14 seat 5 role raid fs 0 body 1 pos 28,25 stuck 1
V527I SEALNT 102 ph 0 fwd 1 hv 7
RC POS 102 id 3 seat 0 role raid fs 0 body 1 pos 27,25 stuck 1
RC POS 102 id 5 seat 1 role expand fs 0 body 1 pos 5,1 stuck 0
RC WALK 102 id 5 role expand pos 5,1 tgt 2,2 want WEST
RC POS 102 id 9 seat 3 role raid fs 0 body 1 pos 25,28 stuck 1
RC POS 102 id 14 seat 5 role raid fs 0 body 1 pos 28,25 stuck 1
V527I SEALNT 103 ph 0 fwd 1 hv 7
RC POS 103 id 3 seat 0 role raid fs 0 body 1 pos 27,25 stuck 1
RC POS 103 id 5 seat 1 role expand fs 0 body 1 pos 4,1 stuck 0
RC WALK 103 id 5 role expand pos 4,1 tgt 2,2 want SOUTH
RC POS 103 id 7 seat 2 role expand fs 0 body 1 pos 3,4 stuck 48
RC POS 103 id 9 seat 3 role raid fs 0 body 1 pos 25,28 stuck 1
RC POS 103 id 11 seat 4 role defend fs 0 body 1 pos 4,3 stuck 49
RC POS 103 id 14 seat 5 role raid fs 0 body 1 pos 28,25 stuck 1
V527I SEALNT 104 ph 0 fwd 1 hv 7
RC POS 104 id 3 seat 0 role raid fs 0 body 1 pos 27,25 stuck 1
RC POS 104 id 5 seat 1 role expand fs 0 body 1 pos 5,1 stuck 0
RC WALK 104 id 5 role expand pos 5,1 tgt 2,2 want WEST
RC POS 104 id 9 seat 3 role raid fs 0 body 1 pos 25,28 stuck 1
RC POS 104 id 14 seat 5 role raid fs 0 body 1 pos 28,25 stuck 1
V527I SEALNT 105 ph 0 fwd 1 hv 7
RC POS 105 id 3 seat 0 role raid fs 0 body 1 pos 27,25 stuck 1
RC POS 105 id 5 seat 1 role expand fs 0 body 1 pos 4,1 stuck 0
RC WALK 105 id 5 role expand pos 4,1 tgt 2,2 want SOUTH
RC POS 105 id 9 seat 3 role raid fs 0 body 1 pos 25,28 stuck 1
RC POS 105 id 14 seat 5 role raid fs 0 body 1 pos 28,25 stuck 1
V527I SEALNT 106 ph 0 fwd 1 hv 7
RC POS 106 id 3 seat 0 role raid fs 0 body 1 pos 27,25 stuck 1
RC POS 106 id 5 seat 1 role expand fs 0 body 1 pos 5,1 stuck 0
RC WALK 106 id 5 role expand pos 5,1 tgt 2,2 want WEST
RC POS 106 id 9 seat 3 role raid fs 0 body 1 pos 25,28 stuck 1
RC POS 106 id 14 seat 5 role raid fs 0 body 1 pos 28,25 stuck 1
V527I SEALNT 107 ph 0 fwd 1 hv 7
RC POS 107 id 3 seat 0 role raid fs 0 body 1 pos 27,25 stuck 1
RC POS 107 id 5 seat 1 role expand fs 0 body 1 pos 4,1 stuck 0
RC WALK 107 id 5 role expand pos 4,1 tgt 2,2 want SOUTH
RC POS 107 id 7 seat 2 role expand fs 0 body 1 pos 3,4 stuck 52
RC POS 107 id 9 seat 3 role raid fs 0 body 1 pos 25,28 stuck 1
RC POS 107 id 11 seat 4 role defend fs 0 body 1 pos 4,3 stuck 53
RC POS 107 id 14 seat 5 role raid fs 0 body 1 pos 28,25 stuck 1
V527I SEALNT 108 ph 0 fwd 1 hv 7
RC POS 108 id 3 seat 0 role raid fs 0 body 1 pos 27,25 stuck 1
RC POS 108 id 5 seat 1 role expand fs 0 body 1 pos 5,1 stuck 0
RC WALK 108 id 5 role expand pos 5,1 tgt 2,2 want WEST
RC POS 108 id 9 seat 3 role raid fs 0 body 1 pos 25,28 stuck 1
RC POS 108 id 14 seat 5 role raid fs 0 body 1 pos 28,25 stuck 1
V527I SEALNT 109 ph 0 fwd 1 hv 7
RC POS 109 id 3 seat 0 role raid fs 0 body 1 pos 27,25 stuck 1
RC POS 109 id 5 seat 1 role expand fs 0 body 1 pos 4,1 stuck 0
RC WALK 109 id 5 role expand pos 4,1 tgt 2,2 want SOUTH
RC POS 109 id 9 seat 3 role raid fs 0 body 1 pos 25,28 stuck 1
RC POS 109 id 14 seat 5 role raid fs 0 body 1 pos 28,25 stuck 1
V527I SEALNT 110 ph 0 fwd 1 hv 7
RC POS 110 id 3 seat 0 role raid fs 0 body 1 pos 27,25 stuck 1
RC POS 110 id 5 seat 1 role expand fs 0 body 1 pos 5,1 stuck 0
RC WALK 110 id 5 role expand pos 5,1 tgt 2,2 want WEST
RC POS 110 id 9 seat 3 role raid fs 0 body 1 pos 25,28 stuck 1
RC POS 110 id 14 seat 5 role raid fs 0 body 1 pos 28,25 stuck 1
V527I SEALNT 111 ph 0 fwd 1 hv 7
RC POS 111 id 3 seat 0 role raid fs 0 body 1 pos 27,25 stuck 1
RC POS 111 id 5 seat 1 role expand fs 0 body 1 pos 4,1 stuck 0
RC WALK 111 id 5 role expand pos 4,1 tgt 2,2 want SOUTH
RC POS 111 id 7 seat 2 role expand fs 0 body 1 pos 3,4 stuck 56
RC POS 111 id 9 seat 3 role raid fs 0 body 1 pos 25,28 stuck 1
RC POS 111 id 11 seat 4 role defend fs 0 body 1 pos 4,3 stuck 57
RC POS 111 id 14 seat 5 role raid fs 0 body 1 pos 28,25 stuck 1
V527I SEALNT 112 ph 0 fwd 1 hv 7
RC POS 112 id 3 seat 0 role raid fs 0 body 1 pos 27,25 stuck 1
RC POS 112 id 5 seat 1 role expand fs 0 body 1 pos 5,1 stuck 0
RC WALK 112 id 5 role expand pos 5,1 tgt 2,2 want WEST
RC POS 112 id 9 seat 3 role raid fs 0 body 1 pos 25,28 stuck 1
RC POS 112 id 14 seat 5 role raid fs 0 body 1 pos 28,25 stuck 1
V527I SEALNT 113 ph 0 fwd 1 hv 7
RC POS 113 id 3 seat 0 role raid fs 0 body 1 pos 27,25 stuck 1
RC POS 113 id 5 seat 1 role expand fs 0 body 1 pos 4,1 stuck 0
RC WALK 113 id 5 role expand pos 4,1 tgt 2,2 want SOUTH
RC POS 113 id 9 seat 3 role raid fs 0 body 1 pos 25,28 stuck 1
RC POS 113 id 14 seat 5 role raid fs 0 body 1 pos 28,25 stuck 1
V527I SEALNT 114 ph 0 fwd 1 hv 7
RC POS 114 id 3 seat 0 role raid fs 0 body 1 pos 27,25 stuck 1
RC POS 114 id 5 seat 1 role expand fs 0 body 1 pos 5,1 stuck 0
RC WALK 114 id 5 role expand pos 5,1 tgt 2,2 want WEST
RC POS 114 id 9 seat 3 role raid fs 0 body 1 pos 25,28 stuck 1
RC POS 114 id 14 seat 5 role raid fs 0 body 1 pos 28,25 stuck 1
V527I SEALNT 115 ph 0 fwd 1 hv 7
RC POS 115 id 3 seat 0 role raid fs 0 body 1 pos 27,25 stuck 1
RC POS 115 id 5 seat 1 role expand fs 0 body 1 pos 4,1 stuck 0
RC WALK 115 id 5 role expand pos 4,1 tgt 2,2 want SOUTH
RC POS 115 id 7 seat 2 role expand fs 0 body 1 pos 3,4 stuck 60
RC POS 115 id 9 seat 3 role raid fs 0 body 1 pos 25,28 stuck 1
RC POS 115 id 11 seat 4 role defend fs 0 body 1 pos 4,3 stuck 61
RC POS 115 id 14 seat 5 role raid fs 0 body 1 pos 28,25 stuck 1
V527I SEALNT 116 ph 0 fwd 1 hv 7
RC POS 116 id 3 seat 0 role raid fs 0 body 1 pos 27,25 stuck 1
RC POS 116 id 5 seat 1 role expand fs 0 body 1 pos 5,1 stuck 0
RC WALK 116 id 5 role expand pos 5,1 tgt 2,2 want WEST
RC POS 116 id 9 seat 3 role raid fs 0 body 1 pos 25,28 stuck 1
RC POS 116 id 14 seat 5 role raid fs 0 body 1 pos 28,25 stuck 1
V527I SEALNT 117 ph 0 fwd 1 hv 7
RC POS 117 id 3 seat 0 role raid fs 0 body 1 pos 27,25 stuck 1
RC POS 117 id 5 seat 1 role expand fs 0 body 1 pos 4,1 stuck 0
RC WALK 117 id 5 role expand pos 4,1 tgt 2,2 want SOUTH
RC POS 117 id 9 seat 3 role raid fs 0 body 1 pos 25,28 stuck 1
RC POS 117 id 14 seat 5 role raid fs 0 body 1 pos 28,25 stuck 1
V527I SEALNT 118 ph 0 fwd 1 hv 7
RC POS 118 id 3 seat 0 role raid fs 0 body 1 pos 27,25 stuck 1
RC POS 118 id 5 seat 1 role expand fs 0 body 1 pos 5,1 stuck 0
RC WALK 118 id 5 role expand pos 5,1 tgt 2,2 want WEST
RC POS 118 id 9 seat 3 role raid fs 0 body 1 pos 25,28 stuck 1
RC POS 118 id 14 seat 5 role raid fs 0 body 1 pos 28,25 stuck 1
V527I SEALNT 119 ph 0 fwd 1 hv 7
RC POS 119 id 3 seat 0 role raid fs 0 body 1 pos 27,25 stuck 1
RC POS 119 id 5 seat 1 role expand fs 0 body 1 pos 4,1 stuck 0
RC WALK 119 id 5 role expand pos 4,1 tgt 2,2 want SOUTH
RC POS 119 id 7 seat 2 role expand fs 0 body 1 pos 3,4 stuck 64
RC POS 119 id 9 seat 3 role raid fs 0 body 1 pos 25,28 stuck 1
RC POS 119 id 11 seat 4 role defend fs 0 body 1 pos 4,3 stuck 65
RC POS 119 id 14 seat 5 role raid fs 0 body 1 pos 28,25 stuck 1
V527I SEALNT 120 ph 0 fwd 1 hv 7
RC POS 120 id 3 seat 0 role raid fs 0 body 1 pos 27,25 stuck 1
RC POS 120 id 5 seat 1 role expand fs 0 body 1 pos 5,1 stuck 0
RC WALK 120 id 5 role expand pos 5,1 tgt 2,2 want WEST
RC POS 120 id 9 seat 3 role raid fs 0 body 1 pos 25,28 stuck 1
RC POS 120 id 14 seat 5 role raid fs 0 body 1 pos 28,25 stuck 1
V527I SEALNT 121 ph 0 fwd 1 hv 7
RC POS 121 id 3 seat 0 role raid fs 0 body 1 pos 27,25 stuck 1
RC POS 121 id 5 seat 1 role expand fs 0 body 1 pos 4,1 stuck 0
RC WALK 121 id 5 role expand pos 4,1 tgt 2,2 want SOUTH
RC POS 121 id 9 seat 3 role raid fs 0 body 1 pos 25,28 stuck 1
RC POS 121 id 14 seat 5 role raid fs 0 body 1 pos 28,25 stuck 1
V527I SEALNT 122 ph 0 fwd 1 hv 7
RC POS 122 id 3 seat 0 role raid fs 0 body 1 pos 27,25 stuck 1
RC POS 122 id 5 seat 1 role expand fs 0 body 1 pos 5,1 stuck 0
RC WALK 122 id 5 role expand pos 5,1 tgt 2,2 want WEST
RC POS 122 id 9 seat 3 role raid fs 0 body 1 pos 25,28 stuck 1
RC POS 122 id 14 seat 5 role raid fs 0 body 1 pos 28,25 stuck 1
V527I SEALNT 123 ph 0 fwd 1 hv 7
RC POS 123 id 3 seat 0 role raid fs 0 body 1 pos 27,25 stuck 1
RC POS 123 id 5 seat 1 role expand fs 0 body 1 pos 4,1 stuck 0
RC WALK 123 id 5 role expand pos 4,1 tgt 2,2 want SOUTH
RC POS 123 id 7 seat 2 role expand fs 0 body 1 pos 3,4 stuck 68
RC POS 123 id 9 seat 3 role raid fs 0 body 1 pos 25,28 stuck 1
RC POS 123 id 11 seat 4 role defend fs 0 body 1 pos 4,3 stuck 69
RC POS 123 id 14 seat 5 role raid fs 0 body 1 pos 28,25 stuck 1
V527I SEALNT 124 ph 0 fwd 1 hv 7
RC POS 124 id 3 seat 0 role raid fs 0 body 1 pos 27,25 stuck 1
RC POS 124 id 5 seat 1 role expand fs 0 body 1 pos 5,1 stuck 0
RC WALK 124 id 5 role expand pos 5,1 tgt 2,2 want WEST
RC POS 124 id 9 seat 3 role raid fs 0 body 1 pos 25,28 stuck 1
RC POS 124 id 14 seat 5 role raid fs 0 body 1 pos 28,25 stuck 1
V527I SEALNT 125 ph 0 fwd 1 hv 7
RC POS 125 id 3 seat 0 role raid fs 0 body 1 pos 27,25 stuck 1
RC POS 125 id 5 seat 1 role expand fs 0 body 1 pos 4,1 stuck 0
RC WALK 125 id 5 role expand pos 4,1 tgt 2,2 want SOUTH
RC POS 125 id 9 seat 3 role raid fs 0 body 1 pos 25,28 stuck 1
RC POS 125 id 14 seat 5 role raid fs 0 body 1 pos 28,25 stuck 1
V527I SEALNT 126 ph 0 fwd 1 hv 7
RC POS 126 id 3 seat 0 role raid fs 0 body 1 pos 27,25 stuck 1
RC POS 126 id 5 seat 1 role expand fs 0 body 1 pos 5,1 stuck 0
RC WALK 126 id 5 role expand pos 5,1 tgt 2,2 want WEST
RC POS 126 id 9 seat 3 role raid fs 0 body 1 pos 25,28 stuck 1
RC POS 126 id 14 seat 5 role raid fs 0 body 1 pos 28,25 stuck 1
V527I SEALNT 127 ph 0 fwd 1 hv 7
RC POS 127 id 3 seat 0 role raid fs 0 body 1 pos 27,25 stuck 1
RC POS 127 id 5 seat 1 role expand fs 0 body 1 pos 4,1 stuck 0
RC WALK 127 id 5 role expand pos 4,1 tgt 2,2 want SOUTH
RC POS 127 id 9 seat 3 role raid fs 0 body 1 pos 25,28 stuck 1
RC POS 127 id 14 seat 5 role raid fs 0 body 1 pos 28,25 stuck 1
V527I SEALNT 128 ph 0 fwd 1 hv 7
RC POS 128 id 3 seat 0 role raid fs 0 body 1 pos 27,25 stuck 1
RC POS 128 id 5 seat 1 role expand fs 0 body 1 pos 5,1 stuck 0
RC WALK 128 id 5 role expand pos 5,1 tgt 2,2 want WEST
RC POS 128 id 9 seat 3 role raid fs 0 body 1 pos 25,28 stuck 1
RC POS 128 id 14 seat 5 role raid fs 0 body 1 pos 28,25 stuck 1
V527I SEALNT 129 ph 0 fwd 1 hv 7
RC POS 129 id 3 seat 0 role raid fs 0 body 1 pos 27,25 stuck 1
RC POS 129 id 5 seat 1 role expand fs 0 body 1 pos 4,1 stuck 0
RC WALK 129 id 5 role expand pos 4,1 tgt 2,2 want SOUTH
RC POS 129 id 9 seat 3 role raid fs 0 body 1 pos 25,28 stuck 1
RC POS 129 id 11 seat 4 role defend fs 0 body 1 pos 4,3 stuck 75
RC POS 129 id 14 seat 5 role raid fs 0 body 1 pos 28,25 stuck 1
V527I SEALNT 130 ph 0 fwd 1 hv 7
RC POS 130 id 3 seat 0 role raid fs 0 body 1 pos 27,25 stuck 1
RC POS 130 id 5 seat 1 role expand fs 0 body 1 pos 5,1 stuck 0
RC WALK 130 id 5 role expand pos 5,1 tgt 2,2 want WEST
RC POS 130 id 7 seat 2 role expand fs 0 body 1 pos 3,4 stuck 75
RC POS 130 id 9 seat 3 role raid fs 0 body 1 pos 25,28 stuck 2
RC POS 130 id 11 seat 4 role defend fs 0 body 1 pos 4,3 stuck 76
RC POS 130 id 14 seat 5 role raid fs 0 body 1 pos 28,25 stuck 1
V527I SEALNT 131 ph 0 fwd 1 hv 7
RC POS 131 id 3 seat 0 role raid fs 0 body 1 pos 27,25 stuck 1
RC POS 131 id 5 seat 1 role expand fs 0 body 1 pos 4,1 stuck 0
RC WALK 131 id 5 role expand pos 4,1 tgt 2,2 want SOUTH
RC POS 131 id 7 seat 2 role expand fs 0 body 1 pos 3,4 stuck 76
RC POS 131 id 9 seat 3 role raid fs 0 body 1 pos 25,28 stuck 1
RC POS 131 id 11 seat 4 role defend fs 0 body 1 pos 4,3 stuck 77
RC POS 131 id 14 seat 5 role raid fs 0 body 1 pos 28,25 stuck 1
V527I SEALNT 132 ph 0 fwd 1 hv 7
RC POS 132 id 3 seat 0 role raid fs 0 body 1 pos 27,25 stuck 1
RC POS 132 id 5 seat 1 role expand fs 0 body 1 pos 5,1 stuck 0
RC WALK 132 id 5 role expand pos 5,1 tgt 2,2 want WEST
RC POS 132 id 9 seat 3 role raid fs 0 body 1 pos 25,28 stuck 1
RC POS 132 id 14 seat 5 role raid fs 0 body 1 pos 28,25 stuck 1
V527I SEALNT 133 ph 0 fwd 1 hv 7
RC POS 133 id 3 seat 0 role raid fs 0 body 1 pos 27,25 stuck 1
RC POS 133 id 5 seat 1 role expand fs 0 body 1 pos 4,1 stuck 0
RC WALK 133 id 5 role expand pos 4,1 tgt 2,2 want SOUTH
RC POS 133 id 9 seat 3 role raid fs 0 body 1 pos 25,28 stuck 1
RC POS 133 id 14 seat 5 role raid fs 0 body 1 pos 28,25 stuck 1
V527I SEALNT 134 ph 0 fwd 1 hv 7
RC POS 134 id 3 seat 0 role raid fs 0 body 1 pos 27,25 stuck 1
RC POS 134 id 5 seat 1 role expand fs 0 body 1 pos 5,1 stuck 0
RC WALK 134 id 5 role expand pos 5,1 tgt 2,2 want WEST
RC POS 134 id 9 seat 3 role raid fs 0 body 1 pos 25,28 stuck 1
RC POS 134 id 14 seat 5 role raid fs 0 body 1 pos 28,25 stuck 1
V527I SEALNT 135 ph 0 fwd 1 hv 7
RC POS 135 id 3 seat 0 role raid fs 0 body 1 pos 27,25 stuck 1
RC POS 135 id 5 seat 1 role expand fs 0 body 1 pos 4,1 stuck 0
RC WALK 135 id 5 role expand pos 4,1 tgt 2,2 want SOUTH
RC POS 135 id 9 seat 3 role raid fs 0 body 1 pos 25,28 stuck 1
RC POS 135 id 14 seat 5 role raid fs 0 body 1 pos 28,25 stuck 1
V527I SEALNT 136 ph 0 fwd 1 hv 7
RC POS 136 id 3 seat 0 role raid fs 0 body 1 pos 27,25 stuck 1
RC POS 136 id 5 seat 1 role expand fs 0 body 1 pos 5,1 stuck 0
RC WALK 136 id 5 role expand pos 5,1 tgt 2,2 want WEST
RC POS 136 id 9 seat 3 role raid fs 0 body 1 pos 25,28 stuck 1
RC POS 136 id 14 seat 5 role raid fs 0 body 1 pos 28,25 stuck 1
V527I SEALNT 137 ph 0 fwd 1 hv 7
RC POS 137 id 3 seat 0 role raid fs 0 body 1 pos 27,25 stuck 1
RC POS 137 id 5 seat 1 role expand fs 0 body 1 pos 4,1 stuck 0
RC WALK 137 id 5 role expand pos 4,1 tgt 2,2 want SOUTH
RC POS 137 id 9 seat 3 role raid fs 0 body 1 pos 25,28 stuck 1
RC POS 137 id 14 seat 5 role raid fs 0 body 1 pos 28,25 stuck 1
V527I SEALNT 138 ph 0 fwd 1 hv 7
RC POS 138 id 3 seat 0 role raid fs 0 body 1 pos 27,25 stuck 1
RC POS 138 id 5 seat 1 role expand fs 0 body 1 pos 5,1 stuck 0
RC WALK 138 id 5 role expand pos 5,1 tgt 2,2 want WEST
RC POS 138 id 9 seat 3 role raid fs 0 body 1 pos 25,28 stuck 1
RC POS 138 id 14 seat 5 role raid fs 0 body 1 pos 28,25 stuck 1
V527I SEALNT 139 ph 0 fwd 1 hv 7
RC POS 139 id 3 seat 0 role raid fs 0 body 1 pos 27,25 stuck 1
RC POS 139 id 5 seat 1 role expand fs 0 body 1 pos 4,1 stuck 0
RC WALK 139 id 5 role expand pos 4,1 tgt 2,2 want SOUTH
RC POS 139 id 9 seat 3 role raid fs 0 body 1 pos 25,28 stuck 1
RC POS 139 id 14 seat 5 role raid fs 0 body 1 pos 28,25 stuck 1
V527I SEALNT 140 ph 0 fwd 1 hv 7
RC POS 140 id 3 seat 0 role raid fs 0 body 1 pos 27,25 stuck 1
RC POS 140 id 5 seat 1 role expand fs 0 body 1 pos 5,1 stuck 0
RC WALK 140 id 5 role expand pos 5,1 tgt 2,2 want WEST
RC POS 140 id 9 seat 3 role raid fs 0 body 1 pos 25,28 stuck 1
RC POS 140 id 14 seat 5 role raid fs 0 body 1 pos 28,25 stuck 1
V527I SEALNT 141 ph 0 fwd 1 hv 7
RC POS 141 id 3 seat 0 role raid fs 0 body 1 pos 27,25 stuck 1
RC POS 141 id 5 seat 1 role expand fs 0 body 1 pos 4,1 stuck 0
RC WALK 141 id 5 role expand pos 4,1 tgt 2,2 want SOUTH
RC POS 141 id 9 seat 3 role raid fs 0 body 1 pos 25,28 stuck 1
RC POS 141 id 14 seat 5 role raid fs 0 body 1 pos 28,25 stuck 1
V527I SEALNT 142 ph 0 fwd 1 hv 7
RC POS 142 id 3 seat 0 role raid fs 0 body 1 pos 27,25 stuck 1
RC POS 142 id 5 seat 1 role expand fs 0 body 1 pos 5,1 stuck 0
RC WALK 142 id 5 role expand pos 5,1 tgt 2,2 want WEST
RC POS 142 id 9 seat 3 role raid fs 0 body 1 pos 25,28 stuck 1
RC POS 142 id 14 seat 5 role raid fs 0 body 1 pos 28,25 stuck 1
V527I SEALNT 143 ph 0 fwd 1 hv 7
RC POS 143 id 3 seat 0 role raid fs 0 body 1 pos 27,25 stuck 1
RC POS 143 id 5 seat 1 role expand fs 0 body 1 pos 4,1 stuck 0
RC WALK 143 id 5 role expand pos 4,1 tgt 2,2 want SOUTH
RC POS 143 id 9 seat 3 role raid fs 0 body 1 pos 25,28 stuck 1
RC POS 143 id 14 seat 5 role raid fs 0 body 1 pos 28,25 stuck 1
V527I SEALNT 144 ph 0 fwd 1 hv 7
RC POS 144 id 3 seat 0 role raid fs 0 body 1 pos 27,25 stuck 1
RC POS 144 id 5 seat 1 role expand fs 0 body 1 pos 5,1 stuck 0
RC WALK 144 id 5 role expand pos 5,1 tgt 2,2 want WEST
RC POS 144 id 9 seat 3 role raid fs 0 body 1 pos 25,28 stuck 1
RC POS 144 id 14 seat 5 role raid fs 0 body 1 pos 28,25 stuck 1
V527I SEALNT 145 ph 0 fwd 1 hv 7
RC POS 145 id 3 seat 0 role raid fs 0 body 1 pos 27,25 stuck 1
RC POS 145 id 5 seat 1 role expand fs 0 body 1 pos 4,1 stuck 0
RC WALK 145 id 5 role expand pos 4,1 tgt 2,2 want SOUTH
RC POS 145 id 9 seat 3 role raid fs 0 body 1 pos 25,28 stuck 1
RC POS 145 id 14 seat 5 role raid fs 0 body 1 pos 28,25 stuck 1
V527I SEALNT 146 ph 0 fwd 1 hv 7
RC POS 146 id 3 seat 0 role raid fs 0 body 1 pos 27,25 stuck 1
RC POS 146 id 5 seat 1 role expand fs 0 body 1 pos 5,1 stuck 0
RC WALK 146 id 5 role expand pos 5,1 tgt 2,2 want WEST
RC POS 146 id 9 seat 3 role raid fs 0 body 1 pos 25,28 stuck 1
RC POS 146 id 14 seat 5 role raid fs 0 body 1 pos 28,25 stuck 1
V527I SEALNT 147 ph 0 fwd 1 hv 7
RC POS 147 id 3 seat 0 role raid fs 0 body 1 pos 27,25 stuck 1
RC POS 147 id 5 seat 1 role expand fs 0 body 1 pos 4,1 stuck 0
RC WALK 147 id 5 role expand pos 4,1 tgt 2,2 want SOUTH
RC POS 147 id 9 seat 3 role raid fs 0 body 1 pos 25,28 stuck 1
RC POS 147 id 14 seat 5 role raid fs 0 body 1 pos 28,25 stuck 1
V527I SEALNT 148 ph 0 fwd 1 hv 7
RC POS 148 id 3 seat 0 role raid fs 0 body 1 pos 27,25 stuck 1
RC POS 148 id 5 seat 1 role expand fs 0 body 1 pos 5,1 stuck 0
RC WALK 148 id 5 role expand pos 5,1 tgt 2,2 want WEST
RC POS 148 id 9 seat 3 role raid fs 0 body 1 pos 25,28 stuck 1
RC POS 148 id 14 seat 5 role raid fs 0 body 1 pos 28,25 stuck 1
V527I SEALNT 149 ph 0 fwd 1 hv 7
RC POS 149 id 3 seat 0 role raid fs 0 body 1 pos 27,25 stuck 1
RC POS 149 id 5 seat 1 role expand fs 0 body 1 pos 4,1 stuck 0
RC WALK 149 id 5 role expand pos 4,1 tgt 2,2 want SOUTH
RC POS 149 id 9 seat 3 role raid fs 0 body 1 pos 25,28 stuck 1
RC POS 149 id 14 seat 5 role raid fs 0 body 1 pos 28,25 stuck 1
V527I SEALNT 150 ph 0 fwd 1 hv 7
RC POS 150 id 3 seat 0 role raid fs 0 body 1 pos 27,25 stuck 1
RC POS 150 id 5 seat 1 role expand fs 0 body 1 pos 5,1 stuck 0
RC WALK 150 id 5 role expand pos 5,1 tgt 2,2 want WEST
RC POS 150 id 9 seat 3 role raid fs 0 body 1 pos 25,28 stuck 1
RC POS 150 id 14 seat 5 role raid fs 0 body 1 pos 28,25 stuck 1
V527I SEALNT 151 ph 0 fwd 1 hv 7
RC POS 151 id 3 seat 0 role raid fs 0 body 1 pos 27,25 stuck 1
RC POS 151 id 5 seat 1 role expand fs 0 body 1 pos 4,1 stuck 0
RC WALK 151 id 5 role expand pos 4,1 tgt 2,2 want SOUTH
RC POS 151 id 9 seat 3 role raid fs 0 body 1 pos 25,28 stuck 1
RC POS 151 id 14 seat 5 role raid fs 0 body 1 pos 28,25 stuck 1
V527I SEALNT 152 ph 0 fwd 1 hv 7
RC POS 152 id 3 seat 0 role raid fs 0 body 1 pos 27,25 stuck 1
RC POS 152 id 5 seat 1 role expand fs 0 body 1 pos 5,1 stuck 0
RC WALK 152 id 5 role expand pos 5,1 tgt 2,2 want WEST
RC POS 152 id 9 seat 3 role raid fs 0 body 1 pos 25,28 stuck 1
RC POS 152 id 14 seat 5 role raid fs 0 body 1 pos 28,25 stuck 1
V527I SEALNT 153 ph 0 fwd 1 hv 7
RC POS 153 id 3 seat 0 role raid fs 0 body 1 pos 27,25 stuck 1
RC POS 153 id 5 seat 1 role expand fs 0 body 1 pos 4,1 stuck 0
V528 PICK r 153 id 5 tgt 2,6 cs 10 bs 10 reg 0 cc 1 bc 1 cands 4 banned 0 regall 0 seat 1
RC WALK 153 id 5 role expand pos 4,1 tgt 2,6 want NORTH
RC POS 153 id 9 seat 3 role raid fs 0 body 1 pos 25,28 stuck 1
RC POS 153 id 14 seat 5 role raid fs 0 body 1 pos 28,25 stuck 1
V527I SEALNT 154 ph 0 fwd 1 hv 7
RC POS 154 id 3 seat 0 role raid fs 0 body 1 pos 27,25 stuck 1
RC POS 154 id 5 seat 1 role expand fs 0 body 1 pos 4,0 stuck 0
RC WALK 154 id 5 role expand pos 4,0 tgt 2,2 want SOUTH
RC POS 154 id 9 seat 3 role raid fs 0 body 1 pos 25,28 stuck 1
RC POS 154 id 14 seat 5 role raid fs 0 body 1 pos 28,25 stuck 1
V527I SEALNT 155 ph 0 fwd 1 hv 7
RC POS 155 id 3 seat 0 role raid fs 0 body 1 pos 27,25 stuck 1
RC POS 155 id 5 seat 1 role expand fs 0 body 1 pos 4,1 stuck 0
V528 PICK r 155 id 5 tgt 2,6 cs 10 bs 10 reg 0 cc 1 bc 1 cands 4 banned 0 regall 0 seat 1
RC WALK 155 id 5 role expand pos 4,1 tgt 2,6 want NORTH
RC POS 155 id 9 seat 3 role raid fs 0 body 1 pos 25,28 stuck 1
RC POS 155 id 14 seat 5 role raid fs 0 body 1 pos 28,25 stuck 1
V527I SEALNT 156 ph 0 fwd 1 hv 7
RC POS 156 id 3 seat 0 role raid fs 0 body 1 pos 27,25 stuck 1
RC POS 156 id 5 seat 1 role expand fs 0 body 1 pos 4,0 stuck 0
RC WALK 156 id 5 role expand pos 4,0 tgt 2,6 want WEST
RC POS 156 id 9 seat 3 role raid fs 0 body 1 pos 25,28 stuck 1
RC POS 156 id 14 seat 5 role raid fs 0 body 1 pos 28,25 stuck 1
V527I SEALNT 157 ph 0 fwd 1 hv 7
RC POS 157 id 3 seat 0 role raid fs 0 body 1 pos 27,25 stuck 1
RC POS 157 id 5 seat 1 role expand fs 0 body 1 pos 3,0 stuck 0
RC WALK 157 id 5 role expand pos 3,0 tgt 2,6 want WEST
RC POS 157 id 9 seat 3 role raid fs 0 body 1 pos 25,28 stuck 1
RC POS 157 id 14 seat 5 role raid fs 0 body 1 pos 28,25 stuck 1
V527I SEALNT 158 ph 0 fwd 1 hv 7
RC POS 158 id 3 seat 0 role raid fs 0 body 1 pos 27,25 stuck 1
RC POS 158 id 5 seat 1 role expand fs 0 body 1 pos 2,0 stuck 0
RC WALK 158 id 5 role expand pos 2,0 tgt 2,6 want WEST
RC POS 158 id 9 seat 3 role raid fs 0 body 1 pos 25,28 stuck 1
RC POS 158 id 14 seat 5 role raid fs 0 body 1 pos 28,25 stuck 1
V527I SEALNT 159 ph 0 fwd 1 hv 7
RC POS 159 id 3 seat 0 role raid fs 0 body 1 pos 27,25 stuck 1
RC POS 159 id 5 seat 1 role expand fs 0 body 1 pos 1,0 stuck 0
RC WALK 159 id 5 role expand pos 1,0 tgt 2,6 want SOUTH
RC POS 159 id 9 seat 3 role raid fs 0 body 1 pos 25,28 stuck 1
RC POS 159 id 14 seat 5 role raid fs 0 body 1 pos 28,25 stuck 1
V527I SEALNT 160 ph 0 fwd 1 hv 7
RC POS 160 id 3 seat 0 role raid fs 0 body 1 pos 27,25 stuck 1
RC POS 160 id 5 seat 1 role expand fs 0 body 1 pos 1,1 stuck 0
RC WALK 160 id 5 role expand pos 1,1 tgt 2,6 want WEST
RC POS 160 id 9 seat 3 role raid fs 0 body 1 pos 25,28 stuck 1
RC POS 160 id 11 seat 4 role defend fs 0 body 1 pos 4,3 stuck 106
RC WALK 160 id 11 role defend pos 4,3 tgt 4,2 want CENTRE
RC POS 160 id 14 seat 5 role raid fs 0 body 1 pos 28,25 stuck 1
V527I SEALNT 161 ph 0 fwd 1 hv 7
RC POS 161 id 3 seat 0 role raid fs 0 body 1 pos 27,25 stuck 1
RC POS 161 id 5 seat 1 role expand fs 0 body 1 pos 0,1 stuck 0
RC WALK 161 id 5 role expand pos 0,1 tgt 2,6 want SOUTH
RC POS 161 id 9 seat 3 role raid fs 0 body 1 pos 25,28 stuck 1
RC POS 161 id 14 seat 5 role raid fs 0 body 1 pos 28,25 stuck 1
V527I SEALNT 162 ph 0 fwd 1 hv 7
RC POS 162 id 3 seat 0 role raid fs 0 body 1 pos 27,25 stuck 1
RC POS 162 id 5 seat 1 role expand fs 0 body 1 pos 0,2 stuck 0
RC WALK 162 id 5 role expand pos 0,2 tgt 2,5 want SOUTH
RC POS 162 id 9 seat 3 role raid fs 0 body 1 pos 25,28 stuck 1
RC POS 162 id 14 seat 5 role raid fs 0 body 1 pos 28,25 stuck 1
V527I SEALNT 163 ph 0 fwd 1 hv 7
RC POS 163 id 3 seat 0 role raid fs 0 body 1 pos 27,25 stuck 1
RC POS 163 id 5 seat 1 role expand fs 0 body 1 pos 0,3 stuck 0
RC WALK 163 id 5 role expand pos 0,3 tgt 2,5 want SOUTH
RC POS 163 id 9 seat 3 role raid fs 0 body 1 pos 25,28 stuck 1
RC POS 163 id 11 seat 4 role defend fs 0 body 1 pos 4,3 stuck 109
RC WALK 163 id 11 role defend pos 4,3 tgt 4,2 want CENTRE
RC POS 163 id 14 seat 5 role raid fs 0 body 1 pos 28,25 stuck 1
V527I SEALNT 164 ph 0 fwd 1 hv 7
RC POS 164 id 3 seat 0 role raid fs 0 body 1 pos 27,25 stuck 1
RC POS 164 id 5 seat 1 role expand fs 0 body 1 pos 0,4 stuck 0
RC WALK 164 id 5 role expand pos 0,4 tgt 2,5 want EAST
RC POS 164 id 7 seat 2 role expand fs 0 body 1 pos 3,4 stuck 109
V528 PICK r 164 id 7 tgt 7,9 cs 12 bs 12 reg 0 cc 1 bc 1 cands 3 banned 0 regall 0 seat 2
RC WALK 164 id 7 role expand pos 3,4 tgt 7,9 want SOUTH
RC POS 164 id 9 seat 3 role raid fs 0 body 1 pos 25,28 stuck 1
RC POS 164 id 11 seat 4 role defend fs 0 body 1 pos 4,3 stuck 110
RC WALK 164 id 11 role defend pos 4,3 tgt 4,2 want CENTRE
RC POS 164 id 14 seat 5 role raid fs 0 body 1 pos 28,25 stuck 1
V527I SEALNT 165 ph 0 fwd 1 hv 7
RC POS 165 id 3 seat 0 role raid fs 0 body 1 pos 27,25 stuck 1
RC POS 165 id 5 seat 1 role expand fs 0 body 1 pos 1,4 stuck 0
RC WALK 165 id 5 role expand pos 1,4 tgt 2,5 want SOUTH
RC POS 165 id 7 seat 2 role expand fs 0 body 1 pos 3,5 stuck 0
RC WALK 165 id 7 role expand pos 3,5 tgt 2,2 want WEST
RC POS 165 id 9 seat 3 role raid fs 0 body 1 pos 25,28 stuck 1
RC POS 165 id 14 seat 5 role raid fs 0 body 1 pos 28,25 stuck 1
V527I SEALNT 166 ph 0 fwd 1 hv 7
RC POS 166 id 3 seat 0 role raid fs 0 body 1 pos 27,25 stuck 1
RC POS 166 id 5 seat 1 role expand fs 0 body 1 pos 1,5 stuck 0
RC WALK 166 id 5 role expand pos 1,5 tgt 2,5 want CENTRE
RC POS 166 id 7 seat 2 role expand fs 0 body 1 pos 2,5 stuck 0
RC WALK 166 id 7 role expand pos 2,5 tgt 2,2 want NORTH
RC POS 166 id 9 seat 3 role raid fs 0 body 1 pos 25,28 stuck 1
RC POS 166 id 14 seat 5 role raid fs 0 body 1 pos 28,25 stuck 1
V527I SEALNT 167 ph 0 fwd 1 hv 7
RC POS 167 id 3 seat 0 role raid fs 0 body 1 pos 27,25 stuck 1
RC POS 167 id 5 seat 1 role expand fs 0 body 1 pos 1,5 stuck 1
RC WALK 167 id 5 role expand pos 1,5 tgt 2,5 want EAST
RC POS 167 id 7 seat 2 role expand fs 0 body 1 pos 3,5 stuck 0
RC WALK 167 id 7 role expand pos 3,5 tgt 2,2 want WEST
RC POS 167 id 9 seat 3 role raid fs 0 body 1 pos 25,28 stuck 1
RC POS 167 id 14 seat 5 role raid fs 0 body 1 pos 28,25 stuck 1
V527I SEALNT 168 ph 0 fwd 1 hv 7
RC POS 168 id 3 seat 0 role raid fs 0 body 1 pos 27,25 stuck 1
RC POS 168 id 5 seat 1 role expand fs 0 body 1 pos 2,5 stuck 0
V528 PICK r 168 id 5 tgt 11,3 cs 14 bs 14 reg 0 cc 1 bc 1 cands 3 banned 0 regall 0 seat 1
RC WALK 168 id 5 role expand pos 2,5 tgt 11,3 want WEST
RC POS 168 id 7 seat 2 role expand fs 0 body 1 pos 3,6 stuck 0
RC WALK 168 id 7 role expand pos 3,6 tgt 2,2 want SOUTH
RC POS 168 id 9 seat 3 role raid fs 0 body 1 pos 25,28 stuck 1
RC POS 168 id 14 seat 5 role raid fs 0 body 1 pos 28,25 stuck 1
V527I SEALNT 169 ph 0 fwd 1 hv 7
RC POS 169 id 3 seat 0 role raid fs 0 body 1 pos 27,25 stuck 1
RC POS 169 id 5 seat 1 role expand fs 0 body 1 pos 1,5 stuck 0
RC WALK 169 id 5 role expand pos 1,5 tgt 11,3 want SOUTH
RC POS 169 id 7 seat 2 role expand fs 0 body 1 pos 3,7 stuck 0
RC WALK 169 id 7 role expand pos 3,7 tgt 2,2 want NORTH
RC POS 169 id 9 seat 3 role raid fs 0 body 1 pos 25,28 stuck 1
RC POS 169 id 14 seat 5 role raid fs 0 body 1 pos 28,25 stuck 1
V527I SEALNT 170 ph 0 fwd 1 hv 7
RC POS 170 id 3 seat 0 role raid fs 0 body 1 pos 27,25 stuck 1
RC POS 170 id 5 seat 1 role expand fs 0 body 1 pos 1,6 stuck 0
RC WALK 170 id 5 role expand pos 1,6 tgt 11,3 want SOUTH
RC POS 170 id 7 seat 2 role expand fs 0 body 1 pos 3,6 stuck 0
V528 PICK r 170 id 7 tgt 6,2 cs 10 bs 10 reg 0 cc 1 bc 1 cands 4 banned 0 regall 0 seat 2
RC WALK 170 id 7 role expand pos 3,6 tgt 6,2 want NORTH
RC POS 170 id 9 seat 3 role raid fs 0 body 1 pos 25,28 stuck 1
RC POS 170 id 11 seat 4 role defend fs 0 body 1 pos 4,3 stuck 116
RC WALK 170 id 11 role defend pos 4,3 tgt 4,2 want CENTRE
RC POS 170 id 14 seat 5 role raid fs 0 body 1 pos 28,25 stuck 1
V527I SEALNT 171 ph 0 fwd 1 hv 7
RC POS 171 id 3 seat 0 role raid fs 0 body 1 pos 27,25 stuck 1
RC POS 171 id 5 seat 1 role expand fs 0 body 1 pos 1,7 stuck 0
RC WALK 171 id 5 role expand pos 1,7 tgt 11,3 want EAST
RC POS 171 id 7 seat 2 role expand fs 0 body 1 pos 3,5 stuck 0
RC WALK 171 id 7 role expand pos 3,5 tgt 5,2 want WEST
RC POS 171 id 9 seat 3 role raid fs 0 body 1 pos 25,28 stuck 1
RC POS 171 id 11 seat 4 role defend fs 0 body 1 pos 4,3 stuck 117
RC WALK 171 id 11 role defend pos 4,3 tgt 4,2 want CENTRE
RC POS 171 id 14 seat 5 role raid fs 0 body 1 pos 28,25 stuck 1
V527I SEALNT 172 ph 0 fwd 1 hv 7
RC POS 172 id 3 seat 0 role raid fs 0 body 1 pos 27,25 stuck 1
RC POS 172 id 5 seat 1 role expand fs 0 body 1 pos 2,7 stuck 0
RC WALK 172 id 5 role expand pos 2,7 tgt 11,3 want EAST
RC POS 172 id 7 seat 2 role expand fs 0 body 1 pos 2,5 stuck 0
RC WALK 172 id 7 role expand pos 2,5 tgt 5,2 want WEST
RC POS 172 id 9 seat 3 role raid fs 0 body 1 pos 25,28 stuck 1
RC POS 172 id 11 seat 4 role defend fs 0 body 1 pos 4,3 stuck 118
RC WALK 172 id 11 role defend pos 4,3 tgt 4,2 want CENTRE
RC POS 172 id 14 seat 5 role raid fs 0 body 1 pos 28,25 stuck 1
V527I SEALNT 173 ph 0 fwd 1 hv 7
RC POS 173 id 3 seat 0 role raid fs 0 body 1 pos 27,25 stuck 1
RC POS 173 id 5 seat 1 role expand fs 0 body 1 pos 3,7 stuck 0
RC WALK 173 id 5 role expand pos 3,7 tgt 11,3 want SOUTH
RC POS 173 id 7 seat 2 role expand fs 0 body 1 pos 1,5 stuck 0
RC WALK 173 id 7 role expand pos 1,5 tgt 2,2 want NORTH
RC POS 173 id 9 seat 3 role raid fs 0 body 1 pos 25,28 stuck 1
RC POS 173 id 14 seat 5 role raid fs 0 body 1 pos 28,25 stuck 1
V527I SEALNT 174 ph 0 fwd 1 hv 7
RC POS 174 id 3 seat 0 role raid fs 0 body 1 pos 27,25 stuck 1
RC POS 174 id 5 seat 1 role expand fs 0 body 1 pos 3,8 stuck 0
RC WALK 174 id 5 role expand pos 3,8 tgt 11,3 want EAST
RC POS 174 id 7 seat 2 role expand fs 0 body 1 pos 1,4 stuck 0
RC WALK 174 id 7 role expand pos 1,4 tgt 2,2 want EAST
RC POS 174 id 9 seat 3 role raid fs 0 body 1 pos 25,28 stuck 1
RC POS 174 id 14 seat 5 role raid fs 0 body 1 pos 28,25 stuck 1
V527I SEALNT 175 ph 0 fwd 1 hv 7
RC POS 175 id 3 seat 0 role raid fs 0 body 1 pos 27,25 stuck 1
RC POS 175 id 5 seat 1 role expand fs 0 body 1 pos 4,8 stuck 0
RC WALK 175 id 5 role expand pos 4,8 tgt 11,3 want EAST
RC POS 175 id 7 seat 2 role expand fs 0 body 1 pos 1,5 stuck 0
RC WALK 175 id 7 role expand pos 1,5 tgt 2,2 want NORTH
RC POS 175 id 9 seat 3 role raid fs 0 body 1 pos 25,28 stuck 1
RC POS 175 id 14 seat 5 role raid fs 0 body 1 pos 28,25 stuck 1
V527I SEALNT 176 ph 0 fwd 1 hv 7
RC POS 176 id 3 seat 0 role raid fs 0 body 1 pos 27,25 stuck 1
RC POS 176 id 5 seat 1 role expand fs 0 body 1 pos 5,8 stuck 0
RC WALK 176 id 5 role expand pos 5,8 tgt 11,3 want EAST
RC POS 176 id 7 seat 2 role expand fs 0 body 1 pos 1,4 stuck 0
RC WALK 176 id 7 role expand pos 1,4 tgt 2,2 want EAST
RC POS 176 id 9 seat 3 role raid fs 0 body 1 pos 25,28 stuck 1
RC POS 176 id 14 seat 5 role raid fs 0 body 1 pos 28,25 stuck 1
V527I SEALNT 177 ph 0 fwd 1 hv 7
RC POS 177 id 3 seat 0 role raid fs 0 body 1 pos 27,25 stuck 1
RC POS 177 id 5 seat 1 role expand fs 0 body 1 pos 6,8 stuck 0
RC WALK 177 id 5 role expand pos 6,8 tgt 7,8 want EAST
RC POS 177 id 7 seat 2 role expand fs 0 body 1 pos 1,5 stuck 0
RC WALK 177 id 7 role expand pos 1,5 tgt 2,2 want NORTH
RC POS 177 id 9 seat 3 role raid fs 0 body 1 pos 25,28 stuck 1
RC POS 177 id 14 seat 5 role raid fs 0 body 1 pos 28,25 stuck 1
V527I SEALNT 178 ph 0 fwd 1 hv 7
RC POS 178 id 3 seat 0 role raid fs 0 body 1 pos 27,25 stuck 1
RC POS 178 id 5 seat 1 role expand fs 0 body 1 pos 7,8 stuck 0
V528 PICK r 178 id 5 tgt 11,3 cs 12 bs 12 reg 0 cc 1 bc 1 cands 4 banned 0 regall 0 seat 1
RC WALK 178 id 5 role expand pos 7,8 tgt 7,9 want SOUTH
RC POS 178 id 7 seat 2 role expand fs 0 body 1 pos 1,4 stuck 0
RC WALK 178 id 7 role expand pos 1,4 tgt 2,2 want EAST
RC POS 178 id 9 seat 3 role raid fs 0 body 1 pos 25,28 stuck 1
RC POS 178 id 14 seat 5 role raid fs 0 body 1 pos 28,25 stuck 1
V527I SEALNT 179 ph 0 fwd 1 hv 7
RC POS 179 id 3 seat 0 role raid fs 0 body 1 pos 27,25 stuck 1
RC POS 179 id 5 seat 1 role expand fs 0 body 1 pos 7,9 stuck 0
V528 PICK r 179 id 5 tgt 11,3 cs 13 bs 13 reg 0 cc 1 bc 1 cands 4 banned 0 regall 0 seat 1
RC WALK 179 id 5 role expand pos 7,9 tgt 11,3 want NORTH
RC POS 179 id 7 seat 2 role expand fs 0 body 1 pos 1,5 stuck 0
RC WALK 179 id 7 role expand pos 1,5 tgt 2,2 want NORTH
RC POS 179 id 9 seat 3 role raid fs 0 body 1 pos 25,28 stuck 1
RC POS 179 id 14 seat 5 role raid fs 0 body 1 pos 28,25 stuck 1
V527I SEALNT 180 ph 0 fwd 1 hv 7
RC POS 180 id 3 seat 0 role raid fs 0 body 1 pos 27,25 stuck 1
RC POS 180 id 5 seat 1 role expand fs 0 body 1 pos 7,8 stuck 0
RC WALK 180 id 5 role expand pos 7,8 tgt 7,9 want SOUTH
RC POS 180 id 7 seat 2 role expand fs 0 body 1 pos 1,4 stuck 0
RC WALK 180 id 7 role expand pos 1,4 tgt 2,2 want EAST
RC POS 180 id 9 seat 3 role raid fs 0 body 1 pos 25,28 stuck 1
RC POS 180 id 14 seat 5 role raid fs 0 body 1 pos 28,25 stuck 1
V527I SEALNT 181 ph 0 fwd 1 hv 7
RC POS 181 id 3 seat 0 role raid fs 0 body 1 pos 27,25 stuck 1
RC POS 181 id 5 seat 1 role expand fs 0 body 1 pos 7,9 stuck 0
V528 PICK r 181 id 5 tgt 2,6 cs 11 bs 11 reg 0 cc 1 bc 1 cands 4 banned 0 regall 0 seat 1
RC WALK 181 id 5 role expand pos 7,9 tgt 2,6 want WEST
RC POS 181 id 7 seat 2 role expand fs 0 body 1 pos 1,5 stuck 0
RC WALK 181 id 7 role expand pos 1,5 tgt 2,2 want NORTH
RC POS 181 id 9 seat 3 role raid fs 0 body 1 pos 25,28 stuck 1
RC POS 181 id 14 seat 5 role raid fs 0 body 1 pos 28,25 stuck 1
V527I SEALNT 182 ph 0 fwd 1 hv 7
RC POS 182 id 3 seat 0 role raid fs 0 body 1 pos 27,25 stuck 1
RC POS 182 id 5 seat 1 role expand fs 0 body 1 pos 6,9 stuck 0
RC WALK 182 id 5 role expand pos 6,9 tgt 7,8 want EAST
RC POS 182 id 7 seat 2 role expand fs 0 body 1 pos 1,4 stuck 0
V528 PICK r 182 id 7 tgt 7,9 cs 14 bs 14 reg 0 cc 1 bc 1 cands 4 banned 0 regall 0 seat 2
RC WALK 182 id 7 role expand pos 1,4 tgt 7,9 want SOUTH
RC POS 182 id 9 seat 3 role raid fs 0 body 1 pos 25,28 stuck 1
RC POS 182 id 11 seat 4 role defend fs 0 body 1 pos 4,3 stuck 128
RC WALK 182 id 11 role defend pos 4,3 tgt 4,2 want CENTRE
RC POS 182 id 14 seat 5 role raid fs 0 body 1 pos 28,25 stuck 1
V527I SEALNT 183 ph 0 fwd 1 hv 7
RC POS 183 id 3 seat 0 role raid fs 0 body 1 pos 27,25 stuck 1
RC POS 183 id 5 seat 1 role expand fs 0 body 1 pos 7,9 stuck 0
RC WALK 183 id 5 role expand pos 7,9 tgt 7,8 want NORTH
RC POS 183 id 7 seat 2 role expand fs 0 body 1 pos 1,5 stuck 0
RC WALK 183 id 7 role expand pos 1,5 tgt 7,9 want EAST
RC POS 183 id 9 seat 3 role raid fs 0 body 1 pos 25,28 stuck 1
RC POS 183 id 11 seat 4 role defend fs 0 body 1 pos 4,3 stuck 129
RC WALK 183 id 11 role defend pos 4,3 tgt 4,2 want CENTRE
RC POS 183 id 14 seat 5 role raid fs 0 body 1 pos 28,25 stuck 1
V527I SEALNT 184 ph 0 fwd 1 hv 7
RC POS 184 id 3 seat 0 role raid fs 0 body 1 pos 27,25 stuck 1
RC POS 184 id 5 seat 1 role expand fs 0 body 1 pos 7,8 stuck 0
V528 PICK r 184 id 5 tgt 2,6 cs 10 bs 10 reg 0 cc 1 bc 1 cands 4 banned 0 regall 0 seat 1
RC WALK 184 id 5 role expand pos 7,8 tgt 7,9 want SOUTH
RC POS 184 id 7 seat 2 role expand fs 0 body 1 pos 2,5 stuck 0
RC WALK 184 id 7 role expand pos 2,5 tgt 7,9 want EAST
RC POS 184 id 9 seat 3 role raid fs 0 body 1 pos 25,28 stuck 1
RC POS 184 id 11 seat 4 role defend fs 0 body 1 pos 4,3 stuck 130
RC WALK 184 id 11 role defend pos 4,3 tgt 4,2 want CENTRE
RC POS 184 id 14 seat 5 role raid fs 0 body 1 pos 28,25 stuck 1
V527I SEALNT 185 ph 0 fwd 1 hv 7
RC POS 185 id 3 seat 0 role raid fs 0 body 1 pos 27,25 stuck 1
RC POS 185 id 5 seat 1 role expand fs 0 body 1 pos 7,9 stuck 0
V528 PICK r 185 id 5 tgt 2,6 cs 11 bs 11 reg 0 cc 1 bc 1 cands 4 banned 0 regall 0 seat 1
RC WALK 185 id 5 role expand pos 7,9 tgt 2,6 want WEST
RC POS 185 id 7 seat 2 role expand fs 0 body 1 pos 3,5 stuck 0
RC WALK 185 id 7 role expand pos 3,5 tgt 7,9 want SOUTH
RC POS 185 id 9 seat 3 role raid fs 0 body 1 pos 25,28 stuck 1
RC POS 185 id 11 seat 4 role defend fs 0 body 1 pos 4,3 stuck 131
RC WALK 185 id 11 role defend pos 4,3 tgt 4,2 want CENTRE
RC POS 185 id 14 seat 5 role raid fs 0 body 1 pos 28,25 stuck 1
V527I SEALNT 186 ph 0 fwd 1 hv 7
RC POS 186 id 3 seat 0 role raid fs 0 body 1 pos 27,25 stuck 1
RC POS 186 id 5 seat 1 role expand fs 0 body 1 pos 6,9 stuck 0
RC WALK 186 id 5 role expand pos 6,9 tgt 7,8 want EAST
RC POS 186 id 7 seat 2 role expand fs 0 body 1 pos 3,6 stuck 0
RC WALK 186 id 7 role expand pos 3,6 tgt 7,9 want SOUTH
RC POS 186 id 9 seat 3 role raid fs 0 body 1 pos 25,28 stuck 1
RC POS 186 id 11 seat 4 role defend fs 0 body 1 pos 4,3 stuck 132
RC WALK 186 id 11 role defend pos 4,3 tgt 4,2 want CENTRE
RC POS 186 id 14 seat 5 role raid fs 0 body 1 pos 28,25 stuck 1
V527I SEALNT 187 ph 0 fwd 1 hv 7
RC POS 187 id 3 seat 0 role raid fs 0 body 1 pos 27,25 stuck 1
RC POS 187 id 5 seat 1 role expand fs 0 body 1 pos 7,9 stuck 0
RC WALK 187 id 5 role expand pos 7,9 tgt 7,8 want NORTH
RC POS 187 id 7 seat 2 role expand fs 0 body 1 pos 3,7 stuck 0
RC WALK 187 id 7 role expand pos 3,7 tgt 7,9 want SOUTH
RC POS 187 id 9 seat 3 role raid fs 0 body 1 pos 25,28 stuck 1
RC POS 187 id 11 seat 4 role defend fs 0 body 1 pos 4,3 stuck 133
RC WALK 187 id 11 role defend pos 4,3 tgt 0,11 want EAST
RC POS 187 id 14 seat 5 role raid fs 0 body 1 pos 28,25 stuck 1
V527I SEALNT 188 ph 0 fwd 1 hv 7
RC POS 188 id 3 seat 0 role raid fs 0 body 1 pos 27,25 stuck 1
RC POS 188 id 5 seat 1 role expand fs 0 body 1 pos 7,8 stuck 0
V528 PICK r 188 id 5 tgt 2,6 cs 10 bs 10 reg 0 cc 1 bc 1 cands 4 banned 0 regall 0 seat 1
RC WALK 188 id 5 role expand pos 7,8 tgt 7,9 want SOUTH
RC POS 188 id 7 seat 2 role expand fs 0 body 1 pos 3,8 stuck 0
RC WALK 188 id 7 role expand pos 3,8 tgt 7,8 want EAST
RC POS 188 id 9 seat 3 role raid fs 0 body 1 pos 25,28 stuck 1
RC POS 188 id 11 seat 4 role defend fs 0 body 1 pos 5,3 stuck 0
RC WALK 188 id 11 role defend pos 5,3 tgt 0,11 want SOUTH
RC POS 188 id 14 seat 5 role raid fs 0 body 1 pos 28,25 stuck 1
V527I SEALNT 189 ph 0 fwd 1 hv 7
RC POS 189 id 3 seat 0 role raid fs 0 body 1 pos 27,25 stuck 1
RC POS 189 id 5 seat 1 role expand fs 0 body 1 pos 7,9 stuck 0
V528 PICK r 189 id 5 tgt 2,6 cs 11 bs 11 reg 0 cc 1 bc 1 cands 4 banned 0 regall 0 seat 1
RC WALK 189 id 5 role expand pos 7,9 tgt 2,6 want SOUTH
RC POS 189 id 7 seat 2 role expand fs 0 body 1 pos 4,8 stuck 0
RC WALK 189 id 7 role expand pos 4,8 tgt 7,8 want EAST
RC POS 189 id 9 seat 3 role raid fs 0 body 1 pos 25,28 stuck 1
RC POS 189 id 11 seat 4 role defend fs 0 body 1 pos 5,4 stuck 0
RC WALK 189 id 11 role defend pos 5,4 tgt 0,11 want SOUTH
RC POS 189 id 14 seat 5 role raid fs 0 body 1 pos 28,25 stuck 1
V527I SEALNT 190 ph 0 fwd 1 hv 7
RC POS 190 id 3 seat 0 role raid fs 0 body 1 pos 27,25 stuck 1
RC POS 190 id 5 seat 1 role expand fs 0 body 1 pos 7,10 stuck 0
RC WALK 190 id 5 role expand pos 7,10 tgt 7,8 want NORTH
RC POS 190 id 7 seat 2 role expand fs 0 body 1 pos 5,8 stuck 0
RC WALK 190 id 7 role expand pos 5,8 tgt 7,8 want EAST
RC POS 190 id 9 seat 3 role raid fs 0 body 1 pos 25,28 stuck 1
RC POS 190 id 11 seat 4 role defend fs 0 body 1 pos 5,5 stuck 0
RC WALK 190 id 11 role defend pos 5,5 tgt 0,11 want EAST
RC POS 190 id 14 seat 5 role raid fs 0 body 1 pos 28,25 stuck 1
V527I SEALNT 191 ph 0 fwd 1 hv 7
RC POS 191 id 3 seat 0 role raid fs 0 body 1 pos 27,25 stuck 1
RC POS 191 id 5 seat 1 role expand fs 0 body 1 pos 7,9 stuck 0
RC WALK 191 id 5 role expand pos 7,9 tgt 7,8 want NORTH
RC POS 191 id 7 seat 2 role expand fs 0 body 1 pos 6,8 stuck 0
RC WALK 191 id 7 role expand pos 6,8 tgt 7,9 want SOUTH
RC POS 191 id 9 seat 3 role raid fs 0 body 1 pos 25,28 stuck 1
RC POS 191 id 11 seat 4 role defend fs 0 body 1 pos 6,5 stuck 0
RC WALK 191 id 11 role defend pos 6,5 tgt 0,11 want EAST
RC POS 191 id 14 seat 5 role raid fs 0 body 1 pos 28,25 stuck 1
V527I SEALNT 192 ph 0 fwd 1 hv 7
RC POS 192 id 3 seat 0 role raid fs 0 body 1 pos 27,25 stuck 1
RC POS 192 id 5 seat 1 role expand fs 0 body 1 pos 7,8 stuck 0
V528 PICK r 192 id 5 tgt 2,6 cs 10 bs 10 reg 0 cc 1 bc 1 cands 4 banned 0 regall 0 seat 1
RC WALK 192 id 5 role expand pos 7,8 tgt 7,9 want SOUTH
RC POS 192 id 7 seat 2 role expand fs 0 body 1 pos 6,9 stuck 0
RC WALK 192 id 7 role expand pos 6,9 tgt 7,8 want NORTH
RC POS 192 id 9 seat 3 role raid fs 0 body 1 pos 25,28 stuck 1
RC POS 192 id 11 seat 4 role defend fs 0 body 1 pos 7,5 stuck 0
RC WALK 192 id 11 role defend pos 7,5 tgt 0,11 want EAST
RC POS 192 id 14 seat 5 role raid fs 0 body 1 pos 28,25 stuck 1
V527I SEALNT 193 ph 0 fwd 1 hv 7
RC POS 193 id 3 seat 0 role raid fs 0 body 1 pos 27,25 stuck 1
RC POS 193 id 5 seat 1 role expand fs 0 body 1 pos 7,9 stuck 0
V528 PICK r 193 id 5 tgt 2,6 cs 11 bs 11 reg 0 cc 1 bc 1 cands 4 banned 0 regall 0 seat 1
RC WALK 193 id 5 role expand pos 7,9 tgt 2,6 want WEST
RC POS 193 id 7 seat 2 role expand fs 0 body 1 pos 6,8 stuck 0
RC WALK 193 id 7 role expand pos 6,8 tgt 7,8 want EAST
RC POS 193 id 9 seat 3 role raid fs 0 body 1 pos 25,28 stuck 1
RC POS 193 id 11 seat 4 role defend fs 0 body 1 pos 8,5 stuck 0
RC WALK 193 id 11 role defend pos 8,5 tgt 0,11 want SOUTH
RC POS 193 id 14 seat 5 role raid fs 0 body 1 pos 28,25 stuck 1
V527I SEALNT 194 ph 0 fwd 1 hv 7
RC POS 194 id 3 seat 0 role raid fs 0 body 1 pos 27,25 stuck 1
RC POS 194 id 5 seat 1 role expand fs 0 body 1 pos 6,9 stuck 0
RC WALK 194 id 5 role expand pos 6,9 tgt 7,9 want EAST
RC POS 194 id 7 seat 2 role expand fs 0 body 1 pos 7,8 stuck 0
V528 PICK r 194 id 7 tgt 7,9 cs 4 bs 4 reg 0 cc 1 bc 1 cands 4 banned 0 regall 0 seat 2
RC WALK 194 id 7 role expand pos 7,8 tgt 7,9 want CENTRE
RC POS 194 id 9 seat 3 role raid fs 0 body 1 pos 25,28 stuck 1
RC POS 194 id 11 seat 4 role defend fs 0 body 1 pos 8,6 stuck 0
RC WALK 194 id 11 role defend pos 8,6 tgt 0,11 want SOUTH
RC POS 194 id 14 seat 5 role raid fs 0 body 1 pos 28,25 stuck 1
V527I SEALNT 195 ph 0 fwd 1 hv 7
RC POS 195 id 3 seat 0 role raid fs 0 body 1 pos 27,25 stuck 1
RC POS 195 id 5 seat 1 role expand fs 0 body 1 pos 7,9 stuck 0
V528 PICK r 195 id 5 tgt 2,6 cs 11 bs 11 reg 0 cc 1 bc 1 cands 4 banned 0 regall 0 seat 1
RC WALK 195 id 5 role expand pos 7,9 tgt 2,6 want WEST
RC POS 195 id 7 seat 2 role expand fs 0 body 1 pos 7,8 stuck 1
RC WALK 195 id 7 role expand pos 7,8 tgt 7,9 want SOUTH
RC POS 195 id 9 seat 3 role raid fs 0 body 1 pos 25,28 stuck 1
RC POS 195 id 11 seat 4 role defend fs 0 body 1 pos 8,7 stuck 0
RC WALK 195 id 11 role defend pos 8,7 tgt 0,11 want SOUTH
RC POS 195 id 14 seat 5 role raid fs 0 body 1 pos 28,25 stuck 1
V527I SEALNT 196 ph 0 fwd 1 hv 7
RC POS 196 id 3 seat 0 role raid fs 0 body 1 pos 27,25 stuck 1
RC POS 196 id 5 seat 1 role expand fs 0 body 1 pos 6,9 stuck 0
RC WALK 196 id 5 role expand pos 6,9 tgt 2,6 want WEST
RC POS 196 id 7 seat 2 role expand fs 0 body 1 pos 7,9 stuck 0
V528 PICK r 196 id 7 tgt 7,9 cs 3 bs 3 reg 0 cc 1 bc 1 cands 4 banned 0 regall 0 seat 2
RC WALK 196 id 7 role expand pos 7,9 tgt 7,8 want NORTH
RC POS 196 id 9 seat 3 role raid fs 0 body 1 pos 25,28 stuck 1
RC POS 196 id 11 seat 4 role defend fs 0 body 1 pos 8,8 stuck 0
RC WALK 196 id 11 role defend pos 8,8 tgt 7,9 want SOUTH
RC POS 196 id 14 seat 5 role raid fs 0 body 1 pos 28,25 stuck 1
V527I SEALNT 197 ph 0 fwd 1 hv 7
RC POS 197 id 3 seat 0 role raid fs 0 body 1 pos 27,25 stuck 1
RC POS 197 id 5 seat 1 role expand fs 0 body 1 pos 5,9 stuck 0
RC WALK 197 id 5 role expand pos 5,9 tgt 2,6 want WEST
RC POS 197 id 7 seat 2 role expand fs 0 body 1 pos 7,8 stuck 0
V528 PICK r 197 id 7 tgt 7,9 cs 4 bs 4 reg 0 cc 1 bc 1 cands 4 banned 0 regall 0 seat 2
RC WALK 197 id 7 role expand pos 7,8 tgt 7,9 want SOUTH
RC POS 197 id 9 seat 3 role raid fs 0 body 1 pos 25,28 stuck 1
RC POS 197 id 11 seat 4 role defend fs 0 body 1 pos 8,9 stuck 0
RC WALK 197 id 11 role defend pos 8,9 tgt 7,8 want NORTH
RC POS 197 id 14 seat 5 role raid fs 0 body 1 pos 28,25 stuck 1
V527I SEALNT 198 ph 0 fwd 1 hv 7
RC POS 198 id 3 seat 0 role raid fs 0 body 1 pos 27,25 stuck 1
RC POS 198 id 5 seat 1 role expand fs 0 body 1 pos 4,9 stuck 0
RC WALK 198 id 5 role expand pos 4,9 tgt 2,5 want NORTH
RC POS 198 id 7 seat 2 role expand fs 0 body 1 pos 7,9 stuck 0
V528 PICK r 198 id 7 tgt 7,9 cs 3 bs 3 reg 0 cc 1 bc 1 cands 4 banned 0 regall 0 seat 2
RC WALK 198 id 7 role expand pos 7,9 tgt 7,8 want NORTH
RC POS 198 id 9 seat 3 role raid fs 0 body 1 pos 25,28 stuck 1
RC POS 198 id 11 seat 4 role defend fs 0 body 1 pos 8,8 stuck 0
RC WALK 198 id 11 role defend pos 8,8 tgt 7,9 want SOUTH
RC POS 198 id 14 seat 5 role raid fs 0 body 1 pos 28,25 stuck 1
V527I SEALNT 199 ph 0 fwd 1 hv 7
RC POS 199 id 3 seat 0 role raid fs 0 body 1 pos 27,25 stuck 1
RC POS 199 id 5 seat 1 role expand fs 0 body 1 pos 4,8 stuck 0
RC WALK 199 id 5 role expand pos 4,8 tgt 2,5 want WEST
RC POS 199 id 7 seat 2 role expand fs 0 body 1 pos 7,8 stuck 0
V528 PICK r 199 id 7 tgt 7,9 cs 4 bs 4 reg 0 cc 1 bc 1 cands 4 banned 0 regall 0 seat 2
RC WALK 199 id 7 role expand pos 7,8 tgt 7,9 want SOUTH
RC POS 199 id 9 seat 3 role raid fs 0 body 1 pos 25,28 stuck 1
RC POS 199 id 11 seat 4 role defend fs 0 body 1 pos 8,9 stuck 0
RC WALK 199 id 11 role defend pos 8,9 tgt 7,8 want NORTH
RC POS 199 id 14 seat 5 role raid fs 0 body 1 pos 28,25 stuck 1
V527I SEALNT 200 ph 0 fwd 1 hv 7
RC POS 200 id 3 seat 0 role raid fs 0 body 1 pos 27,25 stuck 1
RC POS 200 id 5 seat 1 role expand fs 0 body 1 pos 3,8 stuck 0
RC WALK 200 id 5 role expand pos 3,8 tgt 2,5 want NORTH
RC POS 200 id 7 seat 2 role expand fs 0 body 1 pos 7,9 stuck 0
V528 PICK r 200 id 7 tgt 7,9 cs 3 bs 3 reg 0 cc 1 bc 1 cands 4 banned 0 regall 0 seat 2
RC WALK 200 id 7 role expand pos 7,9 tgt 7,8 want NORTH
RC POS 200 id 9 seat 3 role raid fs 0 body 1 pos 25,28 stuck 1
RC POS 200 id 11 seat 4 role defend fs 0 body 1 pos 8,8 stuck 0
RC WALK 200 id 11 role defend pos 8,8 tgt 7,9 want SOUTH
RC POS 200 id 14 seat 5 role raid fs 0 body 1 pos 28,25 stuck 1
V527I SEALNT 201 ph 0 fwd 1 hv 7
RC POS 201 id 3 seat 0 role raid fs 0 body 1 pos 27,25 stuck 1
RC POS 201 id 5 seat 1 role expand fs 0 body 1 pos 3,7 stuck 0
RC WALK 201 id 5 role expand pos 3,7 tgt 2,5 want NORTH
RC POS 201 id 7 seat 2 role expand fs 0 body 1 pos 7,8 stuck 0
V528 PICK r 201 id 7 tgt 7,9 cs 4 bs 4 reg 0 cc 1 bc 1 cands 4 banned 0 regall 0 seat 2
RC WALK 201 id 7 role expand pos 7,8 tgt 7,9 want SOUTH
RC POS 201 id 9 seat 3 role raid fs 0 body 1 pos 25,28 stuck 1
RC POS 201 id 11 seat 4 role defend fs 0 body 1 pos 8,9 stuck 0
RC WALK 201 id 11 role defend pos 8,9 tgt 7,8 want NORTH
RC POS 201 id 14 seat 5 role raid fs 0 body 1 pos 28,25 stuck 1
V527I SEALNT 202 ph 0 fwd 1 hv 7
RC POS 202 id 3 seat 0 role raid fs 0 body 1 pos 27,25 stuck 1
RC POS 202 id 5 seat 1 role expand fs 0 body 1 pos 3,6 stuck 0
RC WALK 202 id 5 role expand pos 3,6 tgt 2,5 want NORTH
RC POS 202 id 7 seat 2 role expand fs 0 body 1 pos 7,9 stuck 0
V528 PICK r 202 id 7 tgt 7,9 cs 3 bs 3 reg 0 cc 1 bc 1 cands 4 banned 0 regall 0 seat 2
RC WALK 202 id 7 role expand pos 7,9 tgt 7,8 want NORTH
RC POS 202 id 9 seat 3 role raid fs 0 body 1 pos 25,28 stuck 1
RC POS 202 id 11 seat 4 role defend fs 0 body 1 pos 8,8 stuck 0
RC WALK 202 id 11 role defend pos 8,8 tgt 7,9 want SOUTH
RC POS 202 id 14 seat 5 role raid fs 0 body 1 pos 28,25 stuck 1
V527I SEALNT 203 ph 0 fwd 1 hv 7
RC POS 203 id 3 seat 0 role raid fs 0 body 1 pos 27,25 stuck 1
RC POS 203 id 5 seat 1 role expand fs 0 body 1 pos 3,5 stuck 0
RC WALK 203 id 5 role expand pos 3,5 tgt 2,5 want WEST
RC POS 203 id 7 seat 2 role expand fs 0 body 1 pos 7,8 stuck 0
V528 PICK r 203 id 7 tgt 7,9 cs 4 bs 4 reg 0 cc 1 bc 1 cands 4 banned 0 regall 0 seat 2
RC WALK 203 id 7 role expand pos 7,8 tgt 7,9 want SOUTH
RC POS 203 id 9 seat 3 role raid fs 0 body 1 pos 25,28 stuck 1
RC POS 203 id 11 seat 4 role defend fs 0 body 1 pos 8,9 stuck 0
RC WALK 203 id 11 role defend pos 8,9 tgt 7,8 want NORTH
RC POS 203 id 14 seat 5 role raid fs 0 body 1 pos 28,25 stuck 1
V527I SEALNT 204 ph 0 fwd 1 hv 7
RC POS 204 id 3 seat 0 role raid fs 0 body 1 pos 27,25 stuck 1
RC POS 204 id 5 seat 1 role expand fs 0 body 1 pos 2,5 stuck 0
V528 PICK r 204 id 5 tgt 11,3 cs 23 bs 23 reg 0 cc 4 bc 4 cands 3 banned 0 regall 0 seat 1
RC WALK 204 id 5 role expand pos 2,5 tgt 11,3 want EAST
RC POS 204 id 7 seat 2 role expand fs 0 body 1 pos 7,9 stuck 0
V528 PICK r 204 id 7 tgt 7,9 cs 3 bs 3 reg 0 cc 1 bc 1 cands 4 banned 0 regall 0 seat 2
RC WALK 204 id 7 role expand pos 7,9 tgt 7,8 want NORTH
RC POS 204 id 9 seat 3 role raid fs 0 body 1 pos 25,28 stuck 1
RC POS 204 id 11 seat 4 role defend fs 0 body 1 pos 8,8 stuck 0
RC WALK 204 id 11 role defend pos 8,8 tgt 7,9 want SOUTH
RC POS 204 id 14 seat 5 role raid fs 0 body 1 pos 28,25 stuck 1
V527I SEALNT 205 ph 0 fwd 1 hv 7
RC POS 205 id 3 seat 0 role raid fs 0 body 1 pos 27,25 stuck 1
RC POS 205 id 5 seat 1 role expand fs 0 body 1 pos 3,5 stuck 0
RC WALK 205 id 5 role expand pos 3,5 tgt 11,3 want SOUTH
RC POS 205 id 7 seat 2 role expand fs 0 body 1 pos 7,8 stuck 0
V528 PICK r 205 id 7 tgt 7,9 cs 4 bs 4 reg 0 cc 1 bc 1 cands 4 banned 0 regall 0 seat 2
RC WALK 205 id 7 role expand pos 7,8 tgt 7,9 want SOUTH
RC POS 205 id 9 seat 3 role raid fs 0 body 1 pos 25,28 stuck 1
RC POS 205 id 11 seat 4 role defend fs 0 body 1 pos 8,9 stuck 0
RC WALK 205 id 11 role defend pos 8,9 tgt 7,8 want NORTH
RC POS 205 id 14 seat 5 role raid fs 0 body 1 pos 28,25 stuck 1
V527I SEALNT 206 ph 0 fwd 1 hv 7
RC POS 206 id 3 seat 0 role raid fs 0 body 1 pos 27,25 stuck 1
RC POS 206 id 5 seat 1 role expand fs 0 body 1 pos 3,6 stuck 0
RC WALK 206 id 5 role expand pos 3,6 tgt 11,3 want SOUTH
RC POS 206 id 7 seat 2 role expand fs 0 body 1 pos 7,9 stuck 0
V528 PICK r 206 id 7 tgt 7,9 cs 3 bs 3 reg 0 cc 1 bc 1 cands 4 banned 0 regall 0 seat 2
RC WALK 206 id 7 role expand pos 7,9 tgt 7,8 want NORTH
RC POS 206 id 9 seat 3 role raid fs 0 body 1 pos 25,28 stuck 1
RC POS 206 id 11 seat 4 role defend fs 0 body 1 pos 8,8 stuck 0
RC WALK 206 id 11 role defend pos 8,8 tgt 7,9 want SOUTH
RC POS 206 id 14 seat 5 role raid fs 0 body 1 pos 28,25 stuck 1
V527I SEALNT 207 ph 0 fwd 1 hv 7
RC POS 207 id 3 seat 0 role raid fs 0 body 1 pos 27,25 stuck 1
RC POS 207 id 5 seat 1 role expand fs 0 body 1 pos 3,7 stuck 0
RC WALK 207 id 5 role expand pos 3,7 tgt 11,3 want SOUTH
RC POS 207 id 7 seat 2 role expand fs 0 body 1 pos 7,8 stuck 0
V528 PICK r 207 id 7 tgt 7,9 cs 4 bs 4 reg 0 cc 1 bc 1 cands 4 banned 0 regall 0 seat 2
RC WALK 207 id 7 role expand pos 7,8 tgt 7,9 want SOUTH
RC POS 207 id 9 seat 3 role raid fs 0 body 1 pos 25,28 stuck 1
RC POS 207 id 11 seat 4 role defend fs 0 body 1 pos 8,9 stuck 0
RC WALK 207 id 11 role defend pos 8,9 tgt 7,8 want NORTH
RC POS 207 id 14 seat 5 role raid fs 0 body 1 pos 28,25 stuck 1
V527I SEALNT 208 ph 0 fwd 1 hv 7
RC POS 208 id 3 seat 0 role raid fs 0 body 1 pos 27,25 stuck 1
RC POS 208 id 5 seat 1 role expand fs 0 body 1 pos 3,8 stuck 0
RC WALK 208 id 5 role expand pos 3,8 tgt 11,3 want EAST
RC POS 208 id 7 seat 2 role expand fs 0 body 1 pos 7,9 stuck 0
V528 PICK r 208 id 7 tgt 7,9 cs 3 bs 3 reg 0 cc 1 bc 1 cands 4 banned 0 regall 0 seat 2
RC WALK 208 id 7 role expand pos 7,9 tgt 7,8 want NORTH
RC POS 208 id 9 seat 3 role raid fs 0 body 1 pos 25,28 stuck 1
RC POS 208 id 11 seat 4 role defend fs 0 body 1 pos 8,8 stuck 0
RC WALK 208 id 11 role defend pos 8,8 tgt 7,9 want SOUTH
RC POS 208 id 14 seat 5 role raid fs 0 body 1 pos 28,25 stuck 1
V527I SEALNT 209 ph 0 fwd 1 hv 7
RC POS 209 id 3 seat 0 role raid fs 0 body 1 pos 27,25 stuck 1
RC POS 209 id 5 seat 1 role expand fs 0 body 1 pos 4,8 stuck 0
RC WALK 209 id 5 role expand pos 4,8 tgt 11,3 want EAST
RC POS 209 id 7 seat 2 role expand fs 0 body 1 pos 7,8 stuck 0
V528 PICK r 209 id 7 tgt 7,9 cs 4 bs 4 reg 0 cc 1 bc 1 cands 4 banned 0 regall 0 seat 2
RC WALK 209 id 7 role expand pos 7,8 tgt 7,9 want SOUTH
RC POS 209 id 9 seat 3 role raid fs 0 body 1 pos 25,28 stuck 1
RC POS 209 id 14 seat 5 role raid fs 0 body 1 pos 28,25 stuck 1
V527I SEALNT 210 ph 0 fwd 1 hv 7
RC POS 210 id 3 seat 0 role raid fs 0 body 1 pos 27,25 stuck 1
RC POS 210 id 5 seat 1 role expand fs 0 body 1 pos 5,8 stuck 0
RC WALK 210 id 5 role expand pos 5,8 tgt 11,3 want EAST
RC POS 210 id 7 seat 2 role expand fs 0 body 1 pos 7,9 stuck 0
V528 PICK r 210 id 7 tgt 7,9 cs 3 bs 3 reg 0 cc 1 bc 1 cands 4 banned 0 regall 0 seat 2
RC WALK 210 id 7 role expand pos 7,9 tgt 7,8 want NORTH
RC POS 210 id 9 seat 3 role raid fs 0 body 1 pos 25,28 stuck 1
RC POS 210 id 14 seat 5 role raid fs 0 body 1 pos 28,25 stuck 1
V527I SEALNT 211 ph 0 fwd 1 hv 7
RC POS 211 id 3 seat 0 role raid fs 0 body 1 pos 27,25 stuck 1
RC POS 211 id 5 seat 1 role expand fs 0 body 1 pos 6,8 stuck 0
RC WALK 211 id 5 role expand pos 6,8 tgt 7,9 want SOUTH
RC POS 211 id 7 seat 2 role expand fs 0 body 1 pos 7,8 stuck 0
V528 PICK r 211 id 7 tgt 7,9 cs 4 bs 4 reg 0 cc 1 bc 1 cands 4 banned 0 regall 0 seat 2
RC WALK 211 id 7 role expand pos 7,8 tgt 7,9 want SOUTH
RC POS 211 id 9 seat 3 role raid fs 0 body 1 pos 25,28 stuck 1
RC POS 211 id 14 seat 5 role raid fs 0 body 1 pos 28,25 stuck 1
V527I SEALNT 212 ph 0 fwd 1 hv 7
RC POS 212 id 3 seat 0 role raid fs 0 body 1 pos 27,25 stuck 1
RC POS 212 id 5 seat 1 role expand fs 0 body 1 pos 6,9 stuck 0
RC WALK 212 id 5 role expand pos 6,9 tgt 7,8 want NORTH
RC POS 212 id 7 seat 2 role expand fs 0 body 1 pos 7,9 stuck 0
V528 PICK r 212 id 7 tgt 7,9 cs 3 bs 3 reg 0 cc 1 bc 1 cands 4 banned 0 regall 0 seat 2
RC WALK 212 id 7 role expand pos 7,9 tgt 7,8 want NORTH
RC POS 212 id 9 seat 3 role raid fs 0 body 1 pos 25,28 stuck 1
RC POS 212 id 14 seat 5 role raid fs 0 body 1 pos 28,25 stuck 1
V527I SEALNT 213 ph 0 fwd 1 hv 7
RC POS 213 id 3 seat 0 role raid fs 0 body 1 pos 27,25 stuck 1
RC POS 213 id 5 seat 1 role expand fs 0 body 1 pos 6,8 stuck 0
RC WALK 213 id 5 role expand pos 6,8 tgt 7,9 want SOUTH
RC POS 213 id 7 seat 2 role expand fs 0 body 1 pos 7,8 stuck 0
V528 PICK r 213 id 7 tgt 7,9 cs 4 bs 4 reg 0 cc 1 bc 1 cands 4 banned 0 regall 0 seat 2
RC WALK 213 id 7 role expand pos 7,8 tgt 7,9 want SOUTH
RC POS 213 id 9 seat 3 role raid fs 0 body 1 pos 25,28 stuck 1
RC POS 213 id 14 seat 5 role raid fs 0 body 1 pos 28,25 stuck 1
V527I SEALNT 214 ph 0 fwd 1 hv 7
RC POS 214 id 3 seat 0 role raid fs 0 body 1 pos 27,25 stuck 1
RC POS 214 id 5 seat 1 role expand fs 0 body 1 pos 6,9 stuck 0
RC WALK 214 id 5 role expand pos 6,9 tgt 7,8 want NORTH
RC POS 214 id 7 seat 2 role expand fs 0 body 1 pos 7,9 stuck 0
V528 PICK r 214 id 7 tgt 7,9 cs 3 bs 3 reg 0 cc 1 bc 1 cands 4 banned 0 regall 0 seat 2
RC WALK 214 id 7 role expand pos 7,9 tgt 7,8 want NORTH
RC POS 214 id 9 seat 3 role raid fs 0 body 1 pos 25,28 stuck 1
RC POS 214 id 14 seat 5 role raid fs 0 body 1 pos 28,25 stuck 1
V527I SEALNT 215 ph 0 fwd 1 hv 7
RC POS 215 id 3 seat 0 role raid fs 0 body 1 pos 27,25 stuck 1
RC POS 215 id 5 seat 1 role expand fs 0 body 1 pos 6,8 stuck 0
RC WALK 215 id 5 role expand pos 6,8 tgt 7,9 want SOUTH
RC POS 215 id 7 seat 2 role expand fs 0 body 1 pos 7,8 stuck 0
RC WALK 215 id 7 role expand pos 7,8 tgt 2,2 want WEST
RC POS 215 id 9 seat 3 role raid fs 0 body 1 pos 25,28 stuck 1
RC POS 215 id 14 seat 5 role raid fs 0 body 1 pos 28,25 stuck 1
V527I SEALNT 216 ph 0 fwd 1 hv 7
RC POS 216 id 3 seat 0 role raid fs 0 body 1 pos 27,25 stuck 1
RC POS 216 id 5 seat 1 role expand fs 0 body 1 pos 6,9 stuck 0
RC WALK 216 id 5 role expand pos 6,9 tgt 7,8 want EAST
RC POS 216 id 7 seat 2 role expand fs 0 body 1 pos 6,8 stuck 0
RC WALK 216 id 7 role expand pos 6,8 tgt 2,2 want WEST
RC POS 216 id 9 seat 3 role raid fs 0 body 1 pos 25,28 stuck 1
RC POS 216 id 14 seat 5 role raid fs 0 body 1 pos 28,25 stuck 1
V527I SEALNT 217 ph 0 fwd 1 hv 7
RC POS 217 id 3 seat 0 role raid fs 0 body 1 pos 27,25 stuck 1
RC POS 217 id 7 seat 2 role expand fs 0 body 1 pos 5,8 stuck 0
RC WALK 217 id 7 role expand pos 5,8 tgt 2,2 want WEST
RC POS 217 id 9 seat 3 role raid fs 0 body 1 pos 25,28 stuck 1
RC POS 217 id 14 seat 5 role raid fs 0 body 1 pos 28,25 stuck 1
V527I SEALNT 218 ph 0 fwd 1 hv 7
RC POS 218 id 3 seat 0 role raid fs 0 body 1 pos 27,25 stuck 1
RC POS 218 id 7 seat 2 role expand fs 0 body 1 pos 4,8 stuck 0
RC WALK 218 id 7 role expand pos 4,8 tgt 2,2 want WEST
RC POS 218 id 9 seat 3 role raid fs 0 body 1 pos 25,28 stuck 1
RC POS 218 id 14 seat 5 role raid fs 0 body 1 pos 28,25 stuck 1
V527I SEALNT 219 ph 0 fwd 1 hv 7
RC POS 219 id 3 seat 0 role raid fs 0 body 1 pos 27,25 stuck 1
RC POS 219 id 7 seat 2 role expand fs 0 body 1 pos 3,8 stuck 0
RC WALK 219 id 7 role expand pos 3,8 tgt 2,2 want NORTH
RC POS 219 id 9 seat 3 role raid fs 0 body 1 pos 25,28 stuck 1
RC POS 219 id 14 seat 5 role raid fs 0 body 1 pos 28,25 stuck 1
V527I SEALNT 220 ph 0 fwd 1 hv 7
RC POS 220 id 3 seat 0 role raid fs 0 body 1 pos 27,25 stuck 1
RC POS 220 id 7 seat 2 role expand fs 0 body 1 pos 3,7 stuck 0
RC WALK 220 id 7 role expand pos 3,7 tgt 2,2 want NORTH
RC POS 220 id 9 seat 3 role raid fs 0 body 1 pos 25,28 stuck 1
RC POS 220 id 14 seat 5 role raid fs 0 body 1 pos 28,25 stuck 1
V527I SEALNT 221 ph 0 fwd 1 hv 7
RC POS 221 id 3 seat 0 role raid fs 0 body 1 pos 27,25 stuck 1
RC POS 221 id 7 seat 2 role expand fs 0 body 1 pos 3,6 stuck 0
RC WALK 221 id 7 role expand pos 3,6 tgt 2,2 want NORTH
RC POS 221 id 9 seat 3 role raid fs 0 body 1 pos 25,28 stuck 1
RC POS 221 id 14 seat 5 role raid fs 0 body 1 pos 28,25 stuck 1
V527I SEALNT 222 ph 0 fwd 1 hv 7
RC POS 222 id 3 seat 0 role raid fs 0 body 1 pos 27,25 stuck 1
RC POS 222 id 7 seat 2 role expand fs 0 body 1 pos 3,5 stuck 0
RC WALK 222 id 7 role expand pos 3,5 tgt 2,2 want WEST
RC POS 222 id 9 seat 3 role raid fs 0 body 1 pos 25,28 stuck 1
RC POS 222 id 14 seat 5 role raid fs 0 body 1 pos 28,25 stuck 1
V527I SEALNT 223 ph 0 fwd 1 hv 7
RC POS 223 id 3 seat 0 role raid fs 0 body 1 pos 27,25 stuck 1
RC POS 223 id 7 seat 2 role expand fs 0 body 1 pos 2,5 stuck 0
RC WALK 223 id 7 role expand pos 2,5 tgt 2,2 want NORTH
RC POS 223 id 9 seat 3 role raid fs 0 body 1 pos 25,28 stuck 1
RC POS 223 id 14 seat 5 role raid fs 0 body 1 pos 28,25 stuck 1
V527I SEALNT 224 ph 0 fwd 1 hv 7
RC POS 224 id 3 seat 0 role raid fs 0 body 1 pos 27,25 stuck 1
RC POS 224 id 7 seat 2 role expand fs 0 body 1 pos 3,5 stuck 0
RC WALK 224 id 7 role expand pos 3,5 tgt 2,2 want WEST
RC POS 224 id 9 seat 3 role raid fs 0 body 1 pos 25,28 stuck 1
RC POS 224 id 14 seat 5 role raid fs 0 body 1 pos 28,25 stuck 1
V527I SEALNT 225 ph 0 fwd 1 hv 7
RC POS 225 id 3 seat 0 role raid fs 0 body 1 pos 27,25 stuck 1
RC POS 225 id 7 seat 2 role expand fs 0 body 1 pos 2,5 stuck 0
RC WALK 225 id 7 role expand pos 2,5 tgt 2,2 want NORTH
RC POS 225 id 9 seat 3 role raid fs 0 body 1 pos 25,28 stuck 1
RC POS 225 id 14 seat 5 role raid fs 0 body 1 pos 28,25 stuck 1
V527I SEALNT 226 ph 0 fwd 1 hv 7
RC POS 226 id 3 seat 0 role raid fs 0 body 1 pos 27,25 stuck 1
RC POS 226 id 7 seat 2 role expand fs 0 body 1 pos 3,5 stuck 0
RC WALK 226 id 7 role expand pos 3,5 tgt 2,2 want WEST
RC POS 226 id 9 seat 3 role raid fs 0 body 1 pos 25,28 stuck 1
RC POS 226 id 14 seat 5 role raid fs 0 body 1 pos 28,25 stuck 1
V527I SEALNT 227 ph 0 fwd 1 hv 7
RC POS 227 id 3 seat 0 role raid fs 0 body 1 pos 27,25 stuck 1
RC POS 227 id 7 seat 2 role expand fs 0 body 1 pos 2,5 stuck 0
RC WALK 227 id 7 role expand pos 2,5 tgt 2,2 want NORTH
RC POS 227 id 9 seat 3 role raid fs 0 body 1 pos 25,28 stuck 1
RC POS 227 id 14 seat 5 role raid fs 0 body 1 pos 28,25 stuck 1
V527I SEALNT 228 ph 0 fwd 1 hv 7
RC POS 228 id 3 seat 0 role raid fs 0 body 1 pos 27,25 stuck 1
RC POS 228 id 7 seat 2 role expand fs 0 body 1 pos 3,5 stuck 0
RC WALK 228 id 7 role expand pos 3,5 tgt 2,2 want WEST
RC POS 228 id 9 seat 3 role raid fs 0 body 1 pos 25,28 stuck 1
RC POS 228 id 14 seat 5 role raid fs 0 body 1 pos 28,25 stuck 1
V527I SEALNT 229 ph 0 fwd 1 hv 7
RC POS 229 id 3 seat 0 role raid fs 0 body 1 pos 27,25 stuck 1
RC POS 229 id 7 seat 2 role expand fs 0 body 1 pos 2,5 stuck 0
RC WALK 229 id 7 role expand pos 2,5 tgt 2,2 want NORTH
RC POS 229 id 9 seat 3 role raid fs 0 body 1 pos 25,28 stuck 1
RC POS 229 id 14 seat 5 role raid fs 0 body 1 pos 28,25 stuck 1
V527I SEALNT 230 ph 0 fwd 1 hv 7
RC POS 230 id 3 seat 0 role raid fs 0 body 1 pos 27,25 stuck 1
RC POS 230 id 7 seat 2 role expand fs 0 body 1 pos 3,5 stuck 0
RC WALK 230 id 7 role expand pos 3,5 tgt 2,2 want WEST
RC POS 230 id 9 seat 3 role raid fs 0 body 1 pos 25,28 stuck 1
RC POS 230 id 14 seat 5 role raid fs 0 body 1 pos 28,25 stuck 1
V527I SEALNT 231 ph 0 fwd 1 hv 7
RC POS 231 id 3 seat 0 role raid fs 0 body 1 pos 27,25 stuck 1
RC POS 231 id 7 seat 2 role expand fs 0 body 1 pos 2,5 stuck 0
RC WALK 231 id 7 role expand pos 2,5 tgt 2,2 want NORTH
RC POS 231 id 9 seat 3 role raid fs 0 body 1 pos 25,28 stuck 1
RC POS 231 id 14 seat 5 role raid fs 0 body 1 pos 28,25 stuck 1
V527I SEALNT 232 ph 0 fwd 1 hv 7
RC POS 232 id 3 seat 0 role raid fs 0 body 1 pos 27,25 stuck 1
RC POS 232 id 7 seat 2 role expand fs 0 body 1 pos 3,5 stuck 0
RC WALK 232 id 7 role expand pos 3,5 tgt 2,2 want WEST
RC POS 232 id 9 seat 3 role raid fs 0 body 1 pos 25,28 stuck 1
RC POS 232 id 14 seat 5 role raid fs 0 body 1 pos 28,25 stuck 1
V527I SEALNT 233 ph 0 fwd 1 hv 7
RC POS 233 id 3 seat 0 role raid fs 0 body 1 pos 27,25 stuck 1
RC POS 233 id 7 seat 2 role expand fs 0 body 1 pos 2,5 stuck 0
RC WALK 233 id 7 role expand pos 2,5 tgt 2,2 want NORTH
RC POS 233 id 9 seat 3 role raid fs 0 body 1 pos 25,28 stuck 1
RC POS 233 id 14 seat 5 role raid fs 0 body 1 pos 28,25 stuck 1
V527I SEALNT 234 ph 0 fwd 1 hv 7
RC POS 234 id 3 seat 0 role raid fs 0 body 1 pos 27,25 stuck 1
RC POS 234 id 7 seat 2 role expand fs 0 body 1 pos 3,5 stuck 0
RC WALK 234 id 7 role expand pos 3,5 tgt 2,2 want WEST
RC POS 234 id 9 seat 3 role raid fs 0 body 1 pos 25,28 stuck 1
RC POS 234 id 14 seat 5 role raid fs 0 body 1 pos 28,25 stuck 1
V527I SEALNT 235 ph 0 fwd 1 hv 7
RC POS 235 id 3 seat 0 role raid fs 0 body 1 pos 27,25 stuck 1
RC POS 235 id 7 seat 2 role expand fs 0 body 1 pos 2,5 stuck 0
RC WALK 235 id 7 role expand pos 2,5 tgt 2,2 want NORTH
RC POS 235 id 9 seat 3 role raid fs 0 body 1 pos 25,28 stuck 1
RC POS 235 id 14 seat 5 role raid fs 0 body 1 pos 28,25 stuck 1
V527I SEALNT 236 ph 0 fwd 1 hv 7
RC POS 236 id 3 seat 0 role raid fs 0 body 1 pos 27,25 stuck 1
RC POS 236 id 7 seat 2 role expand fs 0 body 1 pos 3,5 stuck 0
RC WALK 236 id 7 role expand pos 3,5 tgt 2,2 want WEST
RC POS 236 id 9 seat 3 role raid fs 0 body 1 pos 25,28 stuck 1
RC POS 236 id 14 seat 5 role raid fs 0 body 1 pos 28,25 stuck 1
V527I SEALNT 237 ph 0 fwd 1 hv 7
RC POS 237 id 3 seat 0 role raid fs 0 body 1 pos 27,25 stuck 1
RC POS 237 id 7 seat 2 role expand fs 0 body 1 pos 2,5 stuck 0
RC WALK 237 id 7 role expand pos 2,5 tgt 2,2 want NORTH
RC POS 237 id 9 seat 3 role raid fs 0 body 1 pos 25,28 stuck 1
RC POS 237 id 14 seat 5 role raid fs 0 body 1 pos 28,25 stuck 1
V527I SEALNT 238 ph 0 fwd 1 hv 7
RC POS 238 id 3 seat 0 role raid fs 0 body 1 pos 27,25 stuck 1
RC POS 238 id 7 seat 2 role expand fs 0 body 1 pos 3,5 stuck 0
RC WALK 238 id 7 role expand pos 3,5 tgt 2,2 want WEST
RC POS 238 id 9 seat 3 role raid fs 0 body 1 pos 25,28 stuck 1
RC POS 238 id 14 seat 5 role raid fs 0 body 1 pos 28,25 stuck 1
V527I SEALNT 239 ph 0 fwd 1 hv 7
RC POS 239 id 3 seat 0 role raid fs 0 body 1 pos 27,25 stuck 1
RC POS 239 id 7 seat 2 role expand fs 0 body 1 pos 2,5 stuck 0
RC WALK 239 id 7 role expand pos 2,5 tgt 2,2 want NORTH
RC POS 239 id 9 seat 3 role raid fs 0 body 1 pos 25,28 stuck 1
RC POS 239 id 14 seat 5 role raid fs 0 body 1 pos 28,25 stuck 1
V527I SEALNT 240 ph 0 fwd 1 hv 7
RC POS 240 id 3 seat 0 role raid fs 0 body 1 pos 27,25 stuck 1
RC POS 240 id 7 seat 2 role expand fs 0 body 1 pos 3,5 stuck 0
RC WALK 240 id 7 role expand pos 3,5 tgt 2,2 want WEST
RC POS 240 id 9 seat 3 role raid fs 0 body 1 pos 25,28 stuck 1
RC POS 240 id 14 seat 5 role raid fs 0 body 1 pos 28,25 stuck 1
V527I SEALNT 241 ph 0 fwd 1 hv 7
RC POS 241 id 3 seat 0 role raid fs 0 body 1 pos 27,25 stuck 1
RC POS 241 id 7 seat 2 role expand fs 0 body 1 pos 2,5 stuck 0
RC WALK 241 id 7 role expand pos 2,5 tgt 2,2 want NORTH
RC POS 241 id 9 seat 3 role raid fs 0 body 1 pos 25,28 stuck 1
RC POS 241 id 14 seat 5 role raid fs 0 body 1 pos 28,25 stuck 1
V527I SEALNT 242 ph 0 fwd 1 hv 7
RC POS 242 id 3 seat 0 role raid fs 0 body 1 pos 27,25 stuck 1
RC POS 242 id 7 seat 2 role expand fs 0 body 1 pos 3,5 stuck 0
RC WALK 242 id 7 role expand pos 3,5 tgt 2,2 want WEST
RC POS 242 id 9 seat 3 role raid fs 0 body 1 pos 25,28 stuck 1
RC POS 242 id 14 seat 5 role raid fs 0 body 1 pos 28,25 stuck 1
V527I SEALNT 243 ph 0 fwd 1 hv 7
RC POS 243 id 3 seat 0 role raid fs 0 body 1 pos 27,25 stuck 1
RC POS 243 id 7 seat 2 role expand fs 0 body 1 pos 2,5 stuck 0
RC WALK 243 id 7 role expand pos 2,5 tgt 2,2 want NORTH
RC POS 243 id 9 seat 3 role raid fs 0 body 1 pos 25,28 stuck 1
RC POS 243 id 14 seat 5 role raid fs 0 body 1 pos 28,25 stuck 1
V527I SEALNT 244 ph 0 fwd 1 hv 7
RC POS 244 id 3 seat 0 role raid fs 0 body 1 pos 27,25 stuck 1
RC POS 244 id 7 seat 2 role expand fs 0 body 1 pos 3,5 stuck 0
RC WALK 244 id 7 role expand pos 3,5 tgt 2,2 want WEST
RC POS 244 id 9 seat 3 role raid fs 0 body 1 pos 25,28 stuck 1
RC POS 244 id 14 seat 5 role raid fs 0 body 1 pos 28,25 stuck 1
V527I SEALNT 245 ph 0 fwd 1 hv 7
RC POS 245 id 3 seat 0 role raid fs 0 body 1 pos 27,25 stuck 1
RC POS 245 id 7 seat 2 role expand fs 0 body 1 pos 2,5 stuck 0
RC WALK 245 id 7 role expand pos 2,5 tgt 2,2 want NORTH
RC POS 245 id 9 seat 3 role raid fs 0 body 1 pos 25,28 stuck 1
RC POS 245 id 14 seat 5 role raid fs 0 body 1 pos 28,25 stuck 1
V527I SEALNT 246 ph 0 fwd 1 hv 7
RC POS 246 id 3 seat 0 role raid fs 0 body 1 pos 27,25 stuck 1
RC POS 246 id 7 seat 2 role expand fs 0 body 1 pos 3,5 stuck 0
RC WALK 246 id 7 role expand pos 3,5 tgt 2,2 want WEST
RC POS 246 id 9 seat 3 role raid fs 0 body 1 pos 25,28 stuck 1
RC POS 246 id 14 seat 5 role raid fs 0 body 1 pos 28,25 stuck 1
V527I SEALNT 247 ph 0 fwd 1 hv 7
RC POS 247 id 3 seat 0 role raid fs 0 body 1 pos 27,25 stuck 1
RC POS 247 id 7 seat 2 role expand fs 0 body 1 pos 2,5 stuck 0
RC WALK 247 id 7 role expand pos 2,5 tgt 2,2 want NORTH
RC POS 247 id 9 seat 3 role raid fs 0 body 1 pos 25,28 stuck 1
RC POS 247 id 14 seat 5 role raid fs 0 body 1 pos 28,25 stuck 1
V527I SEALNT 248 ph 0 fwd 1 hv 7
RC POS 248 id 3 seat 0 role raid fs 0 body 1 pos 27,25 stuck 1
RC POS 248 id 7 seat 2 role expand fs 0 body 1 pos 3,5 stuck 0
RC WALK 248 id 7 role expand pos 3,5 tgt 2,2 want WEST
RC POS 248 id 9 seat 3 role raid fs 0 body 1 pos 25,28 stuck 1
RC POS 248 id 14 seat 5 role raid fs 0 body 1 pos 28,25 stuck 1
V527I SEALNT 249 ph 0 fwd 1 hv 7
RC POS 249 id 3 seat 0 role raid fs 0 body 1 pos 27,25 stuck 1
RC POS 249 id 7 seat 2 role expand fs 0 body 1 pos 2,5 stuck 0
RC WALK 249 id 7 role expand pos 2,5 tgt 2,2 want NORTH
RC POS 249 id 9 seat 3 role raid fs 0 body 1 pos 25,28 stuck 1
RC POS 249 id 14 seat 5 role raid fs 0 body 1 pos 28,25 stuck 1
V527I SEALNT 250 ph 0 fwd 1 hv 7
RC POS 250 id 3 seat 0 role raid fs 0 body 1 pos 27,25 stuck 1
RC POS 250 id 7 seat 2 role expand fs 0 body 1 pos 3,5 stuck 0
RC WALK 250 id 7 role expand pos 3,5 tgt 2,2 want WEST
RC POS 250 id 9 seat 3 role raid fs 0 body 1 pos 25,28 stuck 1
RC POS 250 id 14 seat 5 role raid fs 0 body 1 pos 28,25 stuck 1
V527I SEALNT 251 ph 0 fwd 1 hv 7
RC POS 251 id 3 seat 0 role raid fs 0 body 1 pos 27,25 stuck 1
RC POS 251 id 7 seat 2 role expand fs 0 body 1 pos 2,5 stuck 0
RC WALK 251 id 7 role expand pos 2,5 tgt 2,2 want NORTH
RC POS 251 id 9 seat 3 role raid fs 0 body 1 pos 25,28 stuck 1
RC POS 251 id 14 seat 5 role raid fs 0 body 1 pos 28,25 stuck 1
V527I SEALNT 252 ph 0 fwd 1 hv 7
RC POS 252 id 3 seat 0 role raid fs 0 body 1 pos 27,25 stuck 1
RC POS 252 id 7 seat 2 role expand fs 0 body 1 pos 3,5 stuck 0
RC WALK 252 id 7 role expand pos 3,5 tgt 2,2 want WEST
RC POS 252 id 9 seat 3 role raid fs 0 body 1 pos 25,28 stuck 1
RC POS 252 id 14 seat 5 role raid fs 0 body 1 pos 28,25 stuck 1
V527I SEALNT 253 ph 0 fwd 1 hv 7
RC POS 253 id 3 seat 0 role raid fs 0 body 1 pos 27,25 stuck 1
RC POS 253 id 7 seat 2 role expand fs 0 body 1 pos 2,5 stuck 0
RC WALK 253 id 7 role expand pos 2,5 tgt 2,2 want NORTH
RC POS 253 id 9 seat 3 role raid fs 0 body 1 pos 25,28 stuck 1
RC POS 253 id 14 seat 5 role raid fs 0 body 1 pos 28,25 stuck 1
V527I SEALNT 254 ph 0 fwd 1 hv 7
RC POS 254 id 3 seat 0 role raid fs 0 body 1 pos 27,25 stuck 1
RC POS 254 id 7 seat 2 role expand fs 0 body 1 pos 3,5 stuck 0
RC WALK 254 id 7 role expand pos 3,5 tgt 2,2 want WEST
RC POS 254 id 9 seat 3 role raid fs 0 body 1 pos 25,28 stuck 1
RC POS 254 id 14 seat 5 role raid fs 0 body 1 pos 28,25 stuck 1
V527I SEALNT 255 ph 0 fwd 1 hv 7
RC POS 255 id 3 seat 0 role raid fs 0 body 1 pos 27,25 stuck 1
RC POS 255 id 7 seat 2 role expand fs 0 body 1 pos 2,5 stuck 0
RC WALK 255 id 7 role expand pos 2,5 tgt 2,2 want NORTH
RC POS 255 id 9 seat 3 role raid fs 0 body 1 pos 25,28 stuck 1
RC POS 255 id 14 seat 5 role raid fs 0 body 1 pos 28,25 stuck 1
V527I SEALNT 256 ph 0 fwd 1 hv 7
RC POS 256 id 3 seat 0 role raid fs 0 body 1 pos 27,25 stuck 1
RC POS 256 id 7 seat 2 role expand fs 0 body 1 pos 3,5 stuck 0
RC WALK 256 id 7 role expand pos 3,5 tgt 2,2 want WEST
RC POS 256 id 9 seat 3 role raid fs 0 body 1 pos 25,28 stuck 1
RC POS 256 id 14 seat 5 role raid fs 0 body 1 pos 28,25 stuck 1
V527I SEALNT 257 ph 0 fwd 1 hv 7
RC POS 257 id 3 seat 0 role raid fs 0 body 1 pos 27,25 stuck 1
RC POS 257 id 7 seat 2 role expand fs 0 body 1 pos 2,5 stuck 0
RC WALK 257 id 7 role expand pos 2,5 tgt 2,2 want NORTH
RC POS 257 id 9 seat 3 role raid fs 0 body 1 pos 25,28 stuck 1
RC POS 257 id 14 seat 5 role raid fs 0 body 1 pos 28,25 stuck 1
V527I SEALNT 258 ph 0 fwd 1 hv 7
RC POS 258 id 3 seat 0 role raid fs 0 body 1 pos 27,25 stuck 1
RC POS 258 id 7 seat 2 role expand fs 0 body 1 pos 3,5 stuck 0
RC WALK 258 id 7 role expand pos 3,5 tgt 2,2 want WEST
RC POS 258 id 9 seat 3 role raid fs 0 body 1 pos 25,28 stuck 1
RC POS 258 id 14 seat 5 role raid fs 0 body 1 pos 28,25 stuck 1
V527I SEALNT 259 ph 0 fwd 1 hv 7
RC POS 259 id 3 seat 0 role raid fs 0 body 1 pos 27,25 stuck 1
RC POS 259 id 7 seat 2 role expand fs 0 body 1 pos 2,5 stuck 0
RC WALK 259 id 7 role expand pos 2,5 tgt 2,2 want NORTH
RC POS 259 id 9 seat 3 role raid fs 0 body 1 pos 25,28 stuck 1
RC POS 259 id 14 seat 5 role raid fs 0 body 1 pos 28,25 stuck 1
V527I SEALNT 260 ph 0 fwd 1 hv 7
RC POS 260 id 3 seat 0 role raid fs 0 body 1 pos 27,25 stuck 1
RC POS 260 id 7 seat 2 role expand fs 0 body 1 pos 3,5 stuck 0
RC WALK 260 id 7 role expand pos 3,5 tgt 2,2 want WEST
RC POS 260 id 9 seat 3 role raid fs 0 body 1 pos 25,28 stuck 1
RC POS 260 id 14 seat 5 role raid fs 0 body 1 pos 28,25 stuck 1
V527I SEALNT 261 ph 0 fwd 1 hv 7
RC POS 261 id 3 seat 0 role raid fs 0 body 1 pos 27,25 stuck 1
RC POS 261 id 7 seat 2 role expand fs 0 body 1 pos 2,5 stuck 0
RC WALK 261 id 7 role expand pos 2,5 tgt 2,2 want NORTH
RC POS 261 id 9 seat 3 role raid fs 0 body 1 pos 25,28 stuck 1
RC POS 261 id 14 seat 5 role raid fs 0 body 1 pos 28,25 stuck 1
V527I SEALNT 262 ph 0 fwd 1 hv 7
RC POS 262 id 3 seat 0 role raid fs 0 body 1 pos 27,25 stuck 1
RC POS 262 id 7 seat 2 role expand fs 0 body 1 pos 3,5 stuck 0
RC WALK 262 id 7 role expand pos 3,5 tgt 2,2 want WEST
RC POS 262 id 9 seat 3 role raid fs 0 body 1 pos 25,28 stuck 1
RC POS 262 id 14 seat 5 role raid fs 0 body 1 pos 28,25 stuck 1
V527I SEALNT 263 ph 0 fwd 1 hv 7
RC POS 263 id 3 seat 0 role raid fs 0 body 1 pos 27,25 stuck 1
RC POS 263 id 7 seat 2 role expand fs 0 body 1 pos 2,5 stuck 0
RC WALK 263 id 7 role expand pos 2,5 tgt 2,2 want NORTH
RC POS 263 id 9 seat 3 role raid fs 0 body 1 pos 25,28 stuck 1
RC POS 263 id 14 seat 5 role raid fs 0 body 1 pos 28,25 stuck 1
V527I SEALNT 264 ph 0 fwd 1 hv 7
RC POS 264 id 3 seat 0 role raid fs 0 body 1 pos 27,25 stuck 1
RC POS 264 id 7 seat 2 role expand fs 0 body 1 pos 3,5 stuck 0
RC WALK 264 id 7 role expand pos 3,5 tgt 2,2 want WEST
RC POS 264 id 9 seat 3 role raid fs 0 body 1 pos 25,28 stuck 1
RC POS 264 id 14 seat 5 role raid fs 0 body 1 pos 28,25 stuck 1
V527I SEALNT 265 ph 0 fwd 1 hv 7
RC POS 265 id 3 seat 0 role raid fs 0 body 1 pos 27,25 stuck 1
RC POS 265 id 7 seat 2 role expand fs 0 body 1 pos 2,5 stuck 0
RC WALK 265 id 7 role expand pos 2,5 tgt 2,2 want NORTH
RC POS 265 id 9 seat 3 role raid fs 0 body 1 pos 25,28 stuck 1
RC POS 265 id 14 seat 5 role raid fs 0 body 1 pos 28,25 stuck 1
V527I SEALNT 266 ph 0 fwd 1 hv 7
RC POS 266 id 3 seat 0 role raid fs 0 body 1 pos 27,25 stuck 1
RC POS 266 id 7 seat 2 role expand fs 0 body 1 pos 3,5 stuck 0
RC WALK 266 id 7 role expand pos 3,5 tgt 2,2 want WEST
RC POS 266 id 9 seat 3 role raid fs 0 body 1 pos 25,28 stuck 1
RC POS 266 id 14 seat 5 role raid fs 0 body 1 pos 28,25 stuck 1
V527I SEALNT 267 ph 0 fwd 1 hv 7
RC POS 267 id 3 seat 0 role raid fs 0 body 1 pos 27,25 stuck 1
RC POS 267 id 7 seat 2 role expand fs 0 body 1 pos 2,5 stuck 0
RC WALK 267 id 7 role expand pos 2,5 tgt 2,2 want NORTH
RC POS 267 id 9 seat 3 role raid fs 0 body 1 pos 25,28 stuck 1
RC POS 267 id 14 seat 5 role raid fs 0 body 1 pos 28,25 stuck 1
V527I SEALNT 268 ph 0 fwd 1 hv 7
RC POS 268 id 3 seat 0 role raid fs 0 body 1 pos 27,25 stuck 1
RC POS 268 id 7 seat 2 role expand fs 0 body 1 pos 3,5 stuck 0
RC WALK 268 id 7 role expand pos 3,5 tgt 2,2 want WEST
RC POS 268 id 9 seat 3 role raid fs 0 body 1 pos 25,28 stuck 1
RC POS 268 id 14 seat 5 role raid fs 0 body 1 pos 28,25 stuck 1
V527I SEALNT 269 ph 0 fwd 1 hv 7
RC POS 269 id 3 seat 0 role raid fs 0 body 1 pos 27,25 stuck 1
RC POS 269 id 7 seat 2 role expand fs 0 body 1 pos 2,5 stuck 0
RC WALK 269 id 7 role expand pos 2,5 tgt 2,2 want NORTH
RC POS 269 id 9 seat 3 role raid fs 0 body 1 pos 25,28 stuck 1
RC POS 269 id 14 seat 5 role raid fs 0 body 1 pos 28,25 stuck 1
V527I SEALNT 270 ph 0 fwd 1 hv 7
RC POS 270 id 3 seat 0 role raid fs 0 body 1 pos 27,25 stuck 1
RC POS 270 id 7 seat 2 role expand fs 0 body 1 pos 3,5 stuck 0
RC WALK 270 id 7 role expand pos 3,5 tgt 2,2 want WEST
RC POS 270 id 9 seat 3 role raid fs 0 body 1 pos 25,28 stuck 1
RC POS 270 id 14 seat 5 role raid fs 0 body 1 pos 28,25 stuck 1
V527I SEALNT 271 ph 0 fwd 1 hv 7
RC POS 271 id 3 seat 0 role raid fs 0 body 1 pos 27,25 stuck 1
RC POS 271 id 7 seat 2 role expand fs 0 body 1 pos 2,5 stuck 0
RC WALK 271 id 7 role expand pos 2,5 tgt 2,2 want NORTH
RC POS 271 id 9 seat 3 role raid fs 0 body 1 pos 25,28 stuck 1
RC POS 271 id 14 seat 5 role raid fs 0 body 1 pos 28,25 stuck 1
V527I SEALNT 272 ph 0 fwd 1 hv 7
RC POS 272 id 3 seat 0 role raid fs 0 body 1 pos 27,25 stuck 1
RC POS 272 id 7 seat 2 role expand fs 0 body 1 pos 3,5 stuck 0
RC WALK 272 id 7 role expand pos 3,5 tgt 2,2 want WEST
RC POS 272 id 9 seat 3 role raid fs 0 body 1 pos 25,28 stuck 1
RC POS 272 id 14 seat 5 role raid fs 0 body 1 pos 28,25 stuck 1
V527I SEALNT 273 ph 0 fwd 1 hv 7
RC POS 273 id 3 seat 0 role raid fs 0 body 1 pos 27,25 stuck 1
RC POS 273 id 7 seat 2 role expand fs 0 body 1 pos 2,5 stuck 0
RC WALK 273 id 7 role expand pos 2,5 tgt 2,2 want NORTH
RC POS 273 id 9 seat 3 role raid fs 0 body 1 pos 25,28 stuck 1
RC POS 273 id 14 seat 5 role raid fs 0 body 1 pos 28,25 stuck 1
V527I SEALNT 274 ph 0 fwd 1 hv 7
RC POS 274 id 3 seat 0 role raid fs 0 body 1 pos 27,25 stuck 1
RC POS 274 id 7 seat 2 role expand fs 0 body 1 pos 3,5 stuck 0
RC WALK 274 id 7 role expand pos 3,5 tgt 2,2 want WEST
RC POS 274 id 9 seat 3 role raid fs 0 body 1 pos 25,28 stuck 1
RC POS 274 id 14 seat 5 role raid fs 0 body 1 pos 28,25 stuck 1
V527I SEALNT 275 ph 0 fwd 1 hv 7
RC POS 275 id 3 seat 0 role raid fs 0 body 1 pos 27,25 stuck 1
RC POS 275 id 7 seat 2 role expand fs 0 body 1 pos 2,5 stuck 0
RC WALK 275 id 7 role expand pos 2,5 tgt 2,2 want NORTH
RC POS 275 id 9 seat 3 role raid fs 0 body 1 pos 25,28 stuck 1
RC POS 275 id 14 seat 5 role raid fs 0 body 1 pos 28,25 stuck 1
V527I SEALNT 276 ph 0 fwd 1 hv 7
RC POS 276 id 3 seat 0 role raid fs 0 body 1 pos 27,25 stuck 1
RC POS 276 id 7 seat 2 role expand fs 0 body 1 pos 3,5 stuck 0
RC WALK 276 id 7 role expand pos 3,5 tgt 2,2 want WEST
RC POS 276 id 9 seat 3 role raid fs 0 body 1 pos 25,28 stuck 1
RC POS 276 id 14 seat 5 role raid fs 0 body 1 pos 28,25 stuck 1
