ts	shard	game	map	seed	seat	winner	cond	turns
2026-08-15T04:53:41Z	BODYAWRR	0	antler	14342000	A	T	core_destroyed	174
2026-08-15T04:53:42Z	BODYAWRR	1	antler	14342000	B	C	core_destroyed	208
2026-08-15T04:53:41Z	BODYAWRR	2	archipelago	14342000	A	C	core_destroyed	99
2026-08-15T04:53:42Z	BODYAWRR	3	archipelago	14342000	B	C	core_destroyed	163
2026-08-15T04:53:46Z	BODYAWRR	4	auroraveil	14342000	A	C	core_destroyed	247
2026-08-15T04:53:45Z	BODYAWRR	5	auroraveil	14342000	B	C	core_destroyed	213
2026-08-15T04:53:49Z	BODYAWRR	6	drakkarfjord	14342000	A	C	tiebreak	1000
2026-08-15T04:53:52Z	BODYAWRR	7	drakkarfjord	14342000	B	T	core_destroyed	483
2026-08-15T04:53:55Z	BODYAWRR	8	drumlin	14342000	A	T	core_destroyed	200
2026-08-15T04:53:56Z	BODYAWRR	9	drumlin	14342000	B	C	core_destroyed	202
2026-08-15T04:53:56Z	BODYAWRR	10	fjordgate	14342000	A	C	tiebreak	1000
2026-08-15T04:53:58Z	BODYAWRR	11	fjordgate	14342000	B	C	tiebreak	1000
2026-08-15T04:54:00Z	BODYAWRR	12	frostgate	14342000	A	T	core_destroyed	122
2026-08-15T04:54:00Z	BODYAWRR	13	frostgate	14342000	B	T	core_destroyed	151
2026-08-15T04:54:01Z	BODYAWRR	14	glacierkeep	14342000	A	T	core_destroyed	179
2026-08-15T04:54:06Z	BODYAWRR	15	glacierkeep	14342000	B	T	core_destroyed	733
2026-08-15T04:54:10Z	BODYAWRR	16	icefloe	14342000	A	T	core_destroyed	241
2026-08-15T04:54:09Z	BODYAWRR	17	icefloe	14342000	B	C	core_destroyed	146
2026-08-15T04:54:09Z	BODYAWRR	18	midgard	14342000	A	C	core_destroyed	90
2026-08-15T04:54:09Z	BODYAWRR	19	midgard	14342000	B	C	core_destroyed	188
2026-08-15T04:54:12Z	BODYAWRR	20	nordkap	14342000	A	C	core_destroyed	267
2026-08-15T04:54:11Z	BODYAWRR	21	nordkap	14342000	B	T	core_destroyed	168
2026-08-15T04:54:12Z	BODYAWRR	22	ragnarok	14342000	A	T	core_destroyed	179
2026-08-15T04:54:13Z	BODYAWRR	23	ragnarok	14342000	B	T	core_destroyed	223
2026-08-15T04:54:15Z	BODYAWRR	24	royale	14342000	A	T	core_destroyed	132
2026-08-15T04:54:14Z	BODYAWRR	25	royale	14342000	B	C	core_destroyed	142
2026-08-15T04:54:17Z	BODYAWRR	26	valkyrie	14342000	A	C	core_destroyed	225
2026-08-15T04:54:15Z	BODYAWRR	27	valkyrie	14342000	B	T	core_destroyed	169
2026-08-15T04:54:20Z	BODYAWRR	28	yulerune	14342000	A	C	core_destroyed	375
2026-08-15T04:54:18Z	BODYAWRR	29	yulerune	14342000	B	C	core_destroyed	132
2026-08-15T04:54:19Z	BODYAWRR	30	antler	14342001	A	C	core_destroyed	179
2026-08-15T04:54:19Z	BODYAWRR	31	antler	14342001	B	T	core_destroyed	163
2026-08-15T04:54:24Z	BODYAWRR	32	archipelago	14342001	A	T	core_destroyed	230
2026-08-15T04:54:22Z	BODYAWRR	33	archipelago	14342001	B	T	core_destroyed	155
2026-08-15T04:54:22Z	BODYAWRR	34	auroraveil	14342001	A	T	core_destroyed	130
2026-08-15T04:54:23Z	BODYAWRR	35	auroraveil	14342001	B	T	core_destroyed	297
2026-08-15T04:54:28Z	BODYAWRR	36	drakkarfjord	14342001	A	C	core_destroyed	293
2026-08-15T04:54:32Z	BODYAWRR	37	drakkarfjord	14342001	B	T	tiebreak	1000
2026-08-15T04:54:29Z	BODYAWRR	38	drumlin	14342001	A	T	core_destroyed	353
2026-08-15T04:54:28Z	BODYAWRR	39	drumlin	14342001	B	C	core_destroyed	246
2026-08-15T04:54:33Z	BODYAWRR	40	fjordgate	14342001	A	T	core_destroyed	108
2026-08-15T04:54:34Z	BODYAWRR	41	fjordgate	14342001	B	T	core_destroyed	254
2026-08-15T04:54:34Z	BODYAWRR	42	frostgate	14342001	A	T	core_destroyed	129
2026-08-15T04:54:36Z	BODYAWRR	43	frostgate	14342001	B	T	tiebreak	1000
2026-08-15T04:54:49Z	BODYAWRR	44	glacierkeep	14342001	A	T	tiebreak	1000
2026-08-15T04:54:41Z	BODYAWRR	45	glacierkeep	14342001	B	C	core_destroyed	324
2026-08-15T04:54:39Z	BODYAWRR	46	icefloe	14342001	A	C	core_destroyed	202
2026-08-15T04:54:39Z	BODYAWRR	47	icefloe	14342001	B	T	core_destroyed	322
2026-08-15T04:54:54Z	BODYAWRR	48	midgard	14342001	A	T	core_destroyed	214
2026-08-15T04:54:51Z	BODYAWRR	49	midgard	14342001	B	T	core_destroyed	77
2026-08-15T04:54:51Z	BODYAWRR	50	nordkap	14342001	A	C	core_destroyed	285
2026-08-15T04:54:52Z	BODYAWRR	51	nordkap	14342001	B	C	core_destroyed	212
2026-08-15T04:54:59Z	BODYAWRR	52	ragnarok	14342001	A	T	core_destroyed	381
2026-08-15T04:54:57Z	BODYAWRR	53	ragnarok	14342001	B	C	core_destroyed	107
2026-08-15T04:54:56Z	BODYAWRR	54	royale	14342001	A	T	core_destroyed	184
2026-08-15T04:54:55Z	BODYAWRR	55	royale	14342001	B	T	core_destroyed	151
2026-08-15T04:55:05Z	BODYAWRR	56	valkyrie	14342001	A	C	core_destroyed	338
2026-08-15T04:55:03Z	BODYAWRR	57	valkyrie	14342001	B	T	core_destroyed	409
2026-08-15T04:55:03Z	BODYAWRR	58	yulerune	14342001	A	T	core_destroyed	210
2026-08-15T04:55:05Z	BODYAWRR	59	yulerune	14342001	B	C	core_destroyed	293
2026-08-15T04:55:07Z	BODYAWRR	60	antler	14342002	A	C	core_destroyed	164
2026-08-15T04:55:07Z	BODYAWRR	61	antler	14342002	B	T	core_destroyed	206
2026-08-15T04:55:08Z	BODYAWRR	62	archipelago	14342002	A	T	core_destroyed	175
2026-08-15T04:55:09Z	BODYAWRR	63	archipelago	14342002	B	C	core_destroyed	141
2026-08-15T04:55:11Z	BODYAWRR	64	auroraveil	14342002	A	T	core_destroyed	142
2026-08-15T04:55:11Z	BODYAWRR	65	auroraveil	14342002	B	C	core_destroyed	189
2026-08-15T04:55:13Z	BODYAWRR	66	drakkarfjord	14342002	A	C	core_destroyed	447
2026-08-15T04:55:13Z	BODYAWRR	67	drakkarfjord	14342002	B	T	core_destroyed	297
2026-08-15T04:55:19Z	BODYAWRR	68	drumlin	14342002	A	T	core_destroyed	484
2026-08-15T04:55:16Z	BODYAWRR	69	drumlin	14342002	B	C	core_destroyed	239
2026-08-15T04:55:15Z	BODYAWRR	70	fjordgate	14342002	A	C	core_destroyed	126
2026-08-15T04:55:15Z	BODYAWRR	71	fjordgate	14342002	B	T	core_destroyed	181
2026-08-15T04:55:21Z	BODYAWRR	72	frostgate	14342002	A	T	core_destroyed	126
2026-08-15T04:55:25Z	BODYAWRR	73	frostgate	14342002	B	C	core_destroyed	902
2026-08-15T04:55:22Z	BODYAWRR	74	glacierkeep	14342002	A	T	core_destroyed	285
2026-08-15T04:55:22Z	BODYAWRR	75	glacierkeep	14342002	B	T	core_destroyed	203
2026-08-15T04:55:27Z	BODYAWRR	76	icefloe	14342002	A	C	core_destroyed	151
2026-08-15T04:55:27Z	BODYAWRR	77	icefloe	14342002	B	C	core_destroyed	128
2026-08-15T04:55:29Z	BODYAWRR	78	midgard	14342002	A	T	core_destroyed	165
2026-08-15T04:55:28Z	BODYAWRR	79	midgard	14342002	B	C	core_destroyed	130
2026-08-15T04:55:31Z	BODYAWRR	80	nordkap	14342002	A	T	core_destroyed	157
2026-08-15T04:55:30Z	BODYAWRR	81	nordkap	14342002	B	C	core_destroyed	140
2026-08-15T04:56:23Z	BODYAWRR	82	ragnarok	14342002	A	C	tiebreak	1000
2026-08-15T04:55:31Z	BODYAWRR	83	ragnarok	14342002	B	C	core_destroyed	139
2026-08-15T04:56:24Z	BODYAWRR	84	royale	14342002	A	T	core_destroyed	113
2026-08-15T04:56:26Z	BODYAWRR	85	royale	14342002	B	T	core_destroyed	288
2026-08-15T04:56:26Z	BODYAWRR	86	valkyrie	14342002	A	C	core_destroyed	211
2026-08-15T04:56:27Z	BODYAWRR	87	valkyrie	14342002	B	T	core_destroyed	292
2026-08-15T04:56:29Z	BODYAWRR	88	yulerune	14342002	A	T	core_destroyed	143
2026-08-15T04:56:29Z	BODYAWRR	89	yulerune	14342002	B	T	core_destroyed	252
2026-08-15T04:56:30Z	BODYAWRR	90	antler	14342003	A	C	core_destroyed	321
2026-08-15T04:56:29Z	BODYAWRR	91	antler	14342003	B	C	core_destroyed	247
2026-08-15T04:56:32Z	BODYAWRR	92	archipelago	14342003	A	C	core_destroyed	78
2026-08-15T04:56:35Z	BODYAWRR	93	archipelago	14342003	B	C	core_destroyed	308
2026-08-15T04:56:32Z	BODYAWRR	94	auroraveil	14342003	A	C	core_destroyed	120
2026-08-15T04:56:32Z	BODYAWRR	95	auroraveil	14342003	B	C	core_destroyed	109
2026-08-15T04:56:38Z	BODYAWRR	96	drakkarfjord	14342003	A	C	core_destroyed	101
2026-08-15T04:56:40Z	BODYAWRR	97	drakkarfjord	14342003	B	C	core_destroyed	258
2026-08-15T04:56:37Z	BODYAWRR	98	drumlin	14342003	A	C	core_destroyed	107
2026-08-15T04:56:42Z	BODYAWRR	99	drumlin	14342003	B	C	core_destroyed	338
2026-08-15T04:56:44Z	BODYAWRR	100	fjordgate	14342003	A	T	core_destroyed	158
2026-08-15T04:56:46Z	BODYAWRR	101	fjordgate	14342003	B	T	core_destroyed	625
2026-08-15T04:56:45Z	BODYAWRR	102	frostgate	14342003	A	T	core_destroyed	261
2026-08-15T04:56:47Z	BODYAWRR	103	frostgate	14342003	B	T	tiebreak	1000
2026-08-15T04:56:50Z	BODYAWRR	104	glacierkeep	14342003	A	T	core_destroyed	307
2026-08-15T04:56:55Z	BODYAWRR	105	glacierkeep	14342003	B	T	core_destroyed	790
2026-08-15T04:56:51Z	BODYAWRR	106	icefloe	14342003	A	C	core_destroyed	224
2026-08-15T04:56:50Z	BODYAWRR	107	icefloe	14342003	B	C	core_destroyed	190
2026-08-15T04:56:57Z	BODYAWRR	108	midgard	14342003	A	T	core_destroyed	94
2026-08-15T04:57:00Z	BODYAWRR	109	midgard	14342003	B	T	core_destroyed	282
2026-08-15T04:56:57Z	BODYAWRR	110	nordkap	14342003	A	C	core_destroyed	293
2026-08-15T04:56:57Z	BODYAWRR	111	nordkap	14342003	B	C	core_destroyed	194
2026-08-15T04:57:03Z	BODYAWRR	112	ragnarok	14342003	A	C	core_destroyed	413
2026-08-15T04:57:06Z	BODYAWRR	113	ragnarok	14342003	B	T	core_destroyed	231
2026-08-15T04:57:01Z	BODYAWRR	114	royale	14342003	A	T	core_destroyed	145
2026-08-15T04:57:03Z	BODYAWRR	115	royale	14342003	B	T	core_destroyed	288
2026-08-15T04:57:08Z	BODYAWRR	116	valkyrie	14342003	A	T	core_destroyed	132
2026-08-15T04:57:08Z	BODYAWRR	117	valkyrie	14342003	B	T	core_destroyed	100
2026-08-15T04:57:08Z	BODYAWRR	118	yulerune	14342003	A	C	core_destroyed	213
2026-08-15T04:57:10Z	BODYAWRR	119	yulerune	14342003	B	C	core_destroyed	270
2026-08-15T04:57:12Z	BODYAWRR	120	antler	14342004	A	T	core_destroyed	105
2026-08-15T04:57:12Z	BODYAWRR	121	antler	14342004	B	C	core_destroyed	140
2026-08-15T04:57:13Z	BODYAWRR	122	archipelago	14342004	A	C	core_destroyed	117
2026-08-15T04:57:14Z	BODYAWRR	123	archipelago	14342004	B	C	core_destroyed	289
2026-08-15T04:57:16Z	BODYAWRR	124	auroraveil	14342004	A	C	core_destroyed	210
2026-08-15T04:57:19Z	BODYAWRR	125	auroraveil	14342004	B	C	core_destroyed	413
2026-08-15T04:57:23Z	BODYAWRR	126	drakkarfjord	14342004	A	C	core_destroyed	682
2026-08-15T04:57:17Z	BODYAWRR	127	drakkarfjord	14342004	B	T	core_destroyed	172
2026-08-15T04:57:25Z	BODYAWRR	128	drumlin	14342004	A	T	core_destroyed	122
2026-08-15T04:57:28Z	BODYAWRR	129	drumlin	14342004	B	T	core_destroyed	347
2026-08-15T04:57:25Z	BODYAWRR	130	fjordgate	14342004	A	C	core_destroyed	187
2026-08-15T04:57:25Z	BODYAWRR	131	fjordgate	14342004	B	C	core_destroyed	233
2026-08-15T04:57:31Z	BODYAWRR	132	frostgate	14342004	A	C	core_destroyed	346
2026-08-15T04:57:31Z	BODYAWRR	133	frostgate	14342004	B	T	core_destroyed	197
2026-08-15T04:57:31Z	BODYAWRR	134	glacierkeep	14342004	A	T	core_destroyed	236
2026-08-15T04:57:30Z	BODYAWRR	135	glacierkeep	14342004	B	C	core_destroyed	149
2026-08-15T04:57:33Z	BODYAWRR	136	icefloe	14342004	A	C	core_destroyed	202
2026-08-15T04:57:34Z	BODYAWRR	137	icefloe	14342004	B	C	core_destroyed	321
2026-08-15T04:57:33Z	BODYAWRR	138	midgard	14342004	A	T	core_destroyed	82
2026-08-15T04:57:33Z	BODYAWRR	139	midgard	14342004	B	T	core_destroyed	109
2026-08-15T04:57:36Z	BODYAWRR	140	nordkap	14342004	A	T	core_destroyed	347
2026-08-15T04:57:38Z	BODYAWRR	141	nordkap	14342004	B	T	tiebreak	1000
2026-08-15T04:57:43Z	BODYAWRR	142	ragnarok	14342004	A	C	core_destroyed	301
2026-08-15T04:57:37Z	BODYAWRR	143	ragnarok	14342004	B	C	core_destroyed	135
2026-08-15T04:57:45Z	BODYAWRR	144	royale	14342004	A	T	core_destroyed	113
2026-08-15T04:57:46Z	BODYAWRR	145	royale	14342004	B	C	core_destroyed	251
2026-08-15T04:57:47Z	BODYAWRR	146	valkyrie	14342004	A	C	core_destroyed	417
2026-08-15T04:57:46Z	BODYAWRR	147	valkyrie	14342004	B	T	core_destroyed	102
2026-08-15T04:57:52Z	BODYAWRR	148	yulerune	14342004	A	T	core_destroyed	309
2026-08-15T04:57:50Z	BODYAWRR	149	yulerune	14342004	B	C	core_destroyed	189
2026-08-15T04:57:49Z	BODYAWRR	150	antler	14342005	A	C	core_destroyed	138
2026-08-15T04:57:49Z	BODYAWRR	151	antler	14342005	B	T	core_destroyed	264
2026-08-15T04:57:55Z	BODYAWRR	152	archipelago	14342005	A	C	core_destroyed	169
2026-08-15T04:57:56Z	BODYAWRR	153	archipelago	14342005	B	T	core_destroyed	242
2026-08-15T04:57:54Z	BODYAWRR	154	auroraveil	14342005	A	T	core_destroyed	100
2026-08-15T04:57:55Z	BODYAWRR	155	auroraveil	14342005	B	C	core_destroyed	221
2026-08-15T04:58:01Z	BODYAWRR	156	drakkarfjord	14342005	A	C	core_destroyed	333
2026-08-15T04:58:03Z	BODYAWRR	157	drakkarfjord	14342005	B	C	core_destroyed	324
2026-08-15T04:57:58Z	BODYAWRR	158	drumlin	14342005	A	T	core_destroyed	131
2026-08-15T04:57:58Z	BODYAWRR	159	drumlin	14342005	B	C	core_destroyed	134
2026-08-15T04:58:04Z	BODYAWRR	160	fjordgate	14342005	A	C	core_destroyed	168
2026-08-15T04:58:04Z	BODYAWRR	161	fjordgate	14342005	B	C	core_destroyed	102
2026-08-15T04:58:05Z	BODYAWRR	162	frostgate	14342005	A	T	core_destroyed	301
2026-08-15T04:58:05Z	BODYAWRR	163	frostgate	14342005	B	C	core_destroyed	301
2026-08-15T04:58:08Z	BODYAWRR	164	glacierkeep	14342005	A	T	core_destroyed	500
2026-08-15T04:58:11Z	BODYAWRR	165	glacierkeep	14342005	B	C	core_destroyed	813
2026-08-15T04:58:08Z	BODYAWRR	166	icefloe	14342005	A	T	core_destroyed	264
2026-08-15T04:58:11Z	BODYAWRR	167	icefloe	14342005	B	T	core_destroyed	336
2026-08-15T04:58:13Z	BODYAWRR	168	midgard	14342005	A	T	core_destroyed	79
2026-08-15T04:58:14Z	BODYAWRR	169	midgard	14342005	B	C	core_destroyed	152
2026-08-15T04:58:15Z	BODYAWRR	170	nordkap	14342005	A	T	tiebreak	1000
2026-08-15T04:58:12Z	BODYAWRR	171	nordkap	14342005	B	T	core_destroyed	163
2026-08-15T04:59:06Z	BODYAWRR	172	ragnarok	14342005	A	T	tiebreak	1000
2026-08-15T04:59:06Z	BODYAWRR	173	ragnarok	14342005	B	C	tiebreak	1000
2026-08-15T04:58:19Z	BODYAWRR	174	royale	14342005	A	C	tiebreak	1000
2026-08-15T04:58:17Z	BODYAWRR	175	royale	14342005	B	T	core_destroyed	361
2026-08-15T04:59:13Z	BODYAWRR	176	valkyrie	14342005	A	T	core_destroyed	297
2026-08-15T04:59:12Z	BODYAWRR	177	valkyrie	14342005	B	T	core_destroyed	396
2026-08-15T04:59:10Z	BODYAWRR	178	yulerune	14342005	A	T	core_destroyed	205
2026-08-15T04:59:10Z	BODYAWRR	179	yulerune	14342005	B	T	core_destroyed	266
2026-08-15T04:59:15Z	BODYAWRR	180	antler	14342006	A	T	core_destroyed	197
2026-08-15T04:59:15Z	BODYAWRR	181	antler	14342006	B	C	core_destroyed	108
2026-08-15T04:59:17Z	BODYAWRR	182	archipelago	14342006	A	T	core_destroyed	136
2026-08-15T04:59:16Z	BODYAWRR	183	archipelago	14342006	B	T	core_destroyed	84
2026-08-15T04:59:18Z	BODYAWRR	184	auroraveil	14342006	A	C	core_destroyed	110
2026-08-15T04:59:18Z	BODYAWRR	185	auroraveil	14342006	B	C	core_destroyed	100
2026-08-15T04:59:19Z	BODYAWRR	186	drakkarfjord	14342006	A	C	core_destroyed	156
2026-08-15T04:59:22Z	BODYAWRR	187	drakkarfjord	14342006	B	C	core_destroyed	577
2026-08-15T04:59:24Z	BODYAWRR	188	drumlin	14342006	A	T	core_destroyed	115
2026-08-15T04:59:24Z	BODYAWRR	189	drumlin	14342006	B	C	core_destroyed	136
2026-08-15T04:59:24Z	BODYAWRR	190	fjordgate	14342006	A	C	core_destroyed	254
2026-08-15T04:59:23Z	BODYAWRR	191	fjordgate	14342006	B	C	core_destroyed	134
2026-08-15T04:59:27Z	BODYAWRR	192	frostgate	14342006	A	T	core_destroyed	153
2026-08-15T04:59:28Z	BODYAWRR	193	frostgate	14342006	B	T	core_destroyed	273
2026-08-15T04:59:34Z	BODYAWRR	194	glacierkeep	14342006	A	T	core_destroyed	678
2026-08-15T04:59:28Z	BODYAWRR	195	glacierkeep	14342006	B	T	core_destroyed	385
2026-08-15T04:59:36Z	BODYAWRR	196	icefloe	14342006	A	T	core_destroyed	220
2026-08-15T04:59:40Z	BODYAWRR	197	icefloe	14342006	B	C	core_destroyed	410
2026-08-15T04:59:36Z	BODYAWRR	198	midgard	14342006	A	T	core_destroyed	80
2026-08-15T04:59:39Z	BODYAWRR	199	midgard	14342006	B	C	core_destroyed	241
2026-08-15T04:59:44Z	BODYAWRR	200	nordkap	14342006	A	T	core_destroyed	233
2026-08-15T04:59:43Z	BODYAWRR	201	nordkap	14342006	B	C	core_destroyed	264
2026-08-15T05:00:33Z	BODYAWRR	202	ragnarok	14342006	A	C	tiebreak	1000
2026-08-15T04:59:45Z	BODYAWRR	203	ragnarok	14342006	B	T	core_destroyed	241
2026-08-15T05:00:36Z	BODYAWRR	204	royale	14342006	A	C	core_destroyed	226
2026-08-15T05:00:35Z	BODYAWRR	205	royale	14342006	B	T	core_destroyed	196
2026-08-15T05:00:35Z	BODYAWRR	206	valkyrie	14342006	A	T	core_destroyed	101
2026-08-15T05:00:35Z	BODYAWRR	207	valkyrie	14342006	B	C	core_destroyed	112
2026-08-15T05:00:39Z	BODYAWRR	208	yulerune	14342006	A	C	core_destroyed	187
2026-08-15T05:00:38Z	BODYAWRR	209	yulerune	14342006	B	C	core_destroyed	248
2026-08-15T05:00:37Z	BODYAWRR	210	antler	14342007	A	T	core_destroyed	164
2026-08-15T05:00:38Z	BODYAWRR	211	antler	14342007	B	T	core_destroyed	264
2026-08-15T05:00:41Z	BODYAWRR	212	archipelago	14342007	A	C	core_destroyed	82
2026-08-15T05:00:42Z	BODYAWRR	213	archipelago	14342007	B	C	core_destroyed	140
2026-08-15T05:00:41Z	BODYAWRR	214	auroraveil	14342007	A	C	core_destroyed	160
2026-08-15T05:00:41Z	BODYAWRR	215	auroraveil	14342007	B	T	core_destroyed	295
2026-08-15T05:00:45Z	BODYAWRR	216	drakkarfjord	14342007	A	T	core_destroyed	229
2026-08-15T05:00:45Z	BODYAWRR	217	drakkarfjord	14342007	B	C	core_destroyed	223
2026-08-15T05:00:45Z	BODYAWRR	218	drumlin	14342007	A	T	core_destroyed	181
2026-08-15T05:00:44Z	BODYAWRR	219	drumlin	14342007	B	C	core_destroyed	80
2026-08-15T05:00:47Z	BODYAWRR	220	fjordgate	14342007	A	T	core_destroyed	157
2026-08-15T05:00:50Z	BODYAWRR	221	fjordgate	14342007	B	C	core_destroyed	897
2026-08-15T05:00:47Z	BODYAWRR	222	frostgate	14342007	A	C	core_destroyed	141
2026-08-15T05:00:48Z	BODYAWRR	223	frostgate	14342007	B	C	core_destroyed	317
2026-08-15T05:00:53Z	BODYAWRR	224	glacierkeep	14342007	A	T	core_destroyed	224
2026-08-15T05:00:54Z	BODYAWRR	225	glacierkeep	14342007	B	C	core_destroyed	520
2026-08-15T05:00:53Z	BODYAWRR	226	icefloe	14342007	A	T	core_destroyed	211
2026-08-15T05:00:55Z	BODYAWRR	227	icefloe	14342007	B	T	core_destroyed	338
2026-08-15T05:00:58Z	BODYAWRR	228	midgard	14342007	A	C	core_destroyed	155
2026-08-15T05:00:57Z	BODYAWRR	229	midgard	14342007	B	T	core_destroyed	113
2026-08-15T05:00:57Z	BODYAWRR	230	nordkap	14342007	A	C	core_destroyed	246
2026-08-15T05:00:57Z	BODYAWRR	231	nordkap	14342007	B	C	core_destroyed	147
2026-08-15T05:01:00Z	BODYAWRR	232	ragnarok	14342007	A	T	core_destroyed	156
2026-08-15T05:01:02Z	BODYAWRR	233	ragnarok	14342007	B	T	core_destroyed	262
2026-08-15T05:00:59Z	BODYAWRR	234	royale	14342007	A	T	core_destroyed	112
2026-08-15T05:01:03Z	BODYAWRR	235	royale	14342007	B	T	core_destroyed	693
2026-08-15T05:01:05Z	BODYAWRR	236	valkyrie	14342007	A	T	core_destroyed	84
2026-08-15T05:01:05Z	BODYAWRR	237	valkyrie	14342007	B	T	core_destroyed	116
2026-08-15T05:01:04Z	BODYAWRR	238	yulerune	14342007	A	C	core_destroyed	89
2026-08-15T05:01:06Z	BODYAWRR	239	yulerune	14342007	B	T	core_destroyed	228
2026-08-15T05:01:08Z	BODYAWRR	240	antler	14342008	A	T	core_destroyed	163
2026-08-15T05:01:07Z	BODYAWRR	241	antler	14342008	B	C	core_destroyed	209
2026-08-15T05:01:08Z	BODYAWRR	242	archipelago	14342008	A	T	core_destroyed	110
2026-08-15T05:01:16Z	BODYAWRR	243	archipelago	14342008	B	C	core_destroyed	407
2026-08-15T05:01:20Z	BODYAWRR	244	auroraveil	14342008	A	T	core_destroyed	256
2026-08-15T05:01:23Z	BODYAWRR	245	auroraveil	14342008	B	T	core_destroyed	854
2026-08-15T05:01:20Z	BODYAWRR	246	drakkarfjord	14342008	A	C	core_destroyed	390
2026-08-15T05:01:19Z	BODYAWRR	247	drakkarfjord	14342008	B	C	core_destroyed	201
2026-08-15T05:01:24Z	BODYAWRR	248	drumlin	14342008	A	C	core_destroyed	131
2026-08-15T05:01:26Z	BODYAWRR	249	drumlin	14342008	B	C	core_destroyed	258
2026-08-15T05:01:25Z	BODYAWRR	250	fjordgate	14342008	A	T	core_destroyed	273
2026-08-15T05:01:25Z	BODYAWRR	251	fjordgate	14342008	B	C	core_destroyed	196
2026-08-15T05:01:27Z	BODYAWRR	252	frostgate	14342008	A	C	core_destroyed	123
2026-08-15T05:01:28Z	BODYAWRR	253	frostgate	14342008	B	T	core_destroyed	131
2026-08-15T05:01:32Z	BODYAWRR	254	glacierkeep	14342008	A	T	tiebreak	1000
2026-08-15T05:01:28Z	BODYAWRR	255	glacierkeep	14342008	B	C	core_destroyed	316
2026-08-15T05:01:37Z	BODYAWRR	256	icefloe	14342008	A	T	core_destroyed	360
2026-08-15T05:01:38Z	BODYAWRR	257	icefloe	14342008	B	T	core_destroyed	432
2026-08-15T05:01:34Z	BODYAWRR	258	midgard	14342008	A	C	core_destroyed	82
2026-08-15T05:01:34Z	BODYAWRR	259	midgard	14342008	B	C	core_destroyed	117
2026-08-15T05:01:41Z	BODYAWRR	260	nordkap	14342008	A	T	core_destroyed	213
2026-08-15T05:01:46Z	BODYAWRR	261	nordkap	14342008	B	C	tiebreak	1000
2026-08-15T05:01:42Z	BODYAWRR	262	ragnarok	14342008	A	T	core_destroyed	148
2026-08-15T05:02:32Z	BODYAWRR	263	ragnarok	14342008	B	C	tiebreak	1000
2026-08-15T05:02:34Z	BODYAWRR	264	royale	14342008	A	C	core_destroyed	329
2026-08-15T05:02:33Z	BODYAWRR	265	royale	14342008	B	T	core_destroyed	139
2026-08-15T05:02:36Z	BODYAWRR	266	valkyrie	14342008	A	C	core_destroyed	229
2026-08-15T05:02:35Z	BODYAWRR	267	valkyrie	14342008	B	C	core_destroyed	259
2026-08-15T05:02:38Z	BODYAWRR	268	yulerune	14342008	A	C	core_destroyed	171
2026-08-15T05:02:39Z	BODYAWRR	269	yulerune	14342008	B	C	core_destroyed	205
2026-08-15T05:02:38Z	BODYAWRR	270	antler	14342009	A	T	core_destroyed	281
2026-08-15T05:02:38Z	BODYAWRR	271	antler	14342009	B	C	core_destroyed	441
2026-08-15T05:02:41Z	BODYAWRR	272	archipelago	14342009	A	C	core_destroyed	94
2026-08-15T05:02:41Z	BODYAWRR	273	archipelago	14342009	B	C	core_destroyed	78
2026-08-15T05:02:42Z	BODYAWRR	274	auroraveil	14342009	A	C	core_destroyed	228
2026-08-15T05:02:45Z	BODYAWRR	275	auroraveil	14342009	B	C	core_destroyed	562
2026-08-15T05:02:47Z	BODYAWRR	276	drakkarfjord	14342009	A	T	core_destroyed	141
2026-08-15T05:02:48Z	BODYAWRR	277	drakkarfjord	14342009	B	T	core_destroyed	218
2026-08-15T05:02:46Z	BODYAWRR	278	drumlin	14342009	A	T	core_destroyed	98
2026-08-15T05:02:50Z	BODYAWRR	279	drumlin	14342009	B	T	core_destroyed	287
2026-08-15T05:02:52Z	BODYAWRR	280	fjordgate	14342009	A	T	core_destroyed	124
2026-08-15T05:02:53Z	BODYAWRR	281	fjordgate	14342009	B	T	core_destroyed	477
2026-08-15T05:02:52Z	BODYAWRR	282	frostgate	14342009	A	T	core_destroyed	199
2026-08-15T05:02:53Z	BODYAWRR	283	frostgate	14342009	B	C	core_destroyed	194
2026-08-15T05:02:58Z	BODYAWRR	284	glacierkeep	14342009	A	C	tiebreak	1000
2026-08-15T05:02:57Z	BODYAWRR	285	glacierkeep	14342009	B	T	tiebreak	1000
2026-08-15T05:02:56Z	BODYAWRR	286	icefloe	14342009	A	T	core_destroyed	226
2026-08-15T05:02:54Z	BODYAWRR	287	icefloe	14342009	B	T	core_destroyed	89
2026-08-15T05:03:01Z	BODYAWRR	288	midgard	14342009	A	T	core_destroyed	105
2026-08-15T05:03:03Z	BODYAWRR	289	midgard	14342009	B	C	core_destroyed	179
2026-08-15T05:03:00Z	BODYAWRR	290	nordkap	14342009	A	T	core_destroyed	211
2026-08-15T05:03:01Z	BODYAWRR	291	nordkap	14342009	B	T	core_destroyed	330
2026-08-15T05:03:05Z	BODYAWRR	292	ragnarok	14342009	A	T	core_destroyed	118
2026-08-15T05:03:06Z	BODYAWRR	293	ragnarok	14342009	B	C	core_destroyed	159
2026-08-15T05:03:04Z	BODYAWRR	294	royale	14342009	A	T	core_destroyed	106
2026-08-15T05:03:07Z	BODYAWRR	295	royale	14342009	B	C	core_destroyed	658
2026-08-15T05:03:12Z	BODYAWRR	296	valkyrie	14342009	A	T	core_destroyed	240
2026-08-15T05:03:11Z	BODYAWRR	297	valkyrie	14342009	B	T	core_destroyed	537
2026-08-15T05:03:09Z	BODYAWRR	298	yulerune	14342009	A	T	core_destroyed	196
2026-08-15T05:03:11Z	BODYAWRR	299	yulerune	14342009	B	C	core_destroyed	388
2026-08-15T05:03:15Z	BODYAWRR	300	antler	14342010	A	C	core_destroyed	273
2026-08-15T05:03:14Z	BODYAWRR	301	antler	14342010	B	T	core_destroyed	264
2026-08-15T05:03:15Z	BODYAWRR	302	archipelago	14342010	A	C	core_destroyed	255
2026-08-15T05:03:16Z	BODYAWRR	303	archipelago	14342010	B	C	core_destroyed	225
2026-08-15T05:03:18Z	BODYAWRR	304	auroraveil	14342010	A	T	core_destroyed	138
2026-08-15T05:03:18Z	BODYAWRR	305	auroraveil	14342010	B	C	core_destroyed	187
2026-08-15T05:03:18Z	BODYAWRR	306	drakkarfjord	14342010	A	C	core_destroyed	141
2026-08-15T05:03:19Z	BODYAWRR	307	drakkarfjord	14342010	B	C	core_destroyed	200
2026-08-15T05:03:20Z	BODYAWRR	308	drumlin	14342010	A	C	core_destroyed	125
2026-08-15T05:03:26Z	BODYAWRR	309	drumlin	14342010	B	C	core_destroyed	904
2026-08-15T05:03:20Z	BODYAWRR	310	fjordgate	14342010	A	T	core_destroyed	129
2026-08-15T05:03:21Z	BODYAWRR	311	fjordgate	14342010	B	T	core_destroyed	193
2026-08-15T05:03:27Z	BODYAWRR	312	frostgate	14342010	A	T	core_destroyed	121
2026-08-15T05:03:28Z	BODYAWRR	313	frostgate	14342010	B	C	core_destroyed	168
2026-08-15T05:03:28Z	BODYAWRR	314	glacierkeep	14342010	A	T	core_destroyed	125
2026-08-15T05:03:28Z	BODYAWRR	315	glacierkeep	14342010	B	C	core_destroyed	203
2026-08-15T05:03:33Z	BODYAWRR	316	icefloe	14342010	A	T	core_destroyed	623
2026-08-15T05:03:31Z	BODYAWRR	317	icefloe	14342010	B	C	core_destroyed	261
2026-08-15T05:03:31Z	BODYAWRR	318	midgard	14342010	A	T	core_destroyed	160
2026-08-15T05:03:43Z	BODYAWRR	319	midgard	14342010	B	C	tiebreak	1000
2026-08-15T05:03:44Z	BODYAWRR	320	nordkap	14342010	A	T	core_destroyed	171
2026-08-15T05:03:44Z	BODYAWRR	321	nordkap	14342010	B	C	core_destroyed	273
2026-08-15T05:03:46Z	BODYAWRR	322	ragnarok	14342010	A	C	core_destroyed	290
2026-08-15T05:03:45Z	BODYAWRR	323	ragnarok	14342010	B	C	core_destroyed	122
2026-08-15T05:03:48Z	BODYAWRR	324	royale	14342010	A	T	core_destroyed	163
2026-08-15T05:03:48Z	BODYAWRR	325	royale	14342010	B	T	core_destroyed	163
2026-08-15T05:03:50Z	BODYAWRR	326	valkyrie	14342010	A	C	core_destroyed	417
2026-08-15T05:03:49Z	BODYAWRR	327	valkyrie	14342010	B	T	core_destroyed	193
2026-08-15T05:03:53Z	BODYAWRR	328	yulerune	14342010	A	T	core_destroyed	207
2026-08-15T05:03:52Z	BODYAWRR	329	yulerune	14342010	B	T	core_destroyed	132
2026-08-15T05:03:52Z	BODYAWRR	330	antler	14342011	A	T	core_destroyed	156
2026-08-15T05:03:51Z	BODYAWRR	331	antler	14342011	B	C	core_destroyed	96
2026-08-15T05:03:56Z	BODYAWRR	332	archipelago	14342011	A	C	core_destroyed	127
2026-08-15T05:03:55Z	BODYAWRR	333	archipelago	14342011	B	C	core_destroyed	146
2026-08-15T05:03:55Z	BODYAWRR	334	auroraveil	14342011	A	C	core_destroyed	233
2026-08-15T05:03:54Z	BODYAWRR	335	auroraveil	14342011	B	C	core_destroyed	108
2026-08-15T05:04:02Z	BODYAWRR	336	drakkarfjord	14342011	A	T	core_destroyed	360
2026-08-15T05:03:59Z	BODYAWRR	337	drakkarfjord	14342011	B	T	core_destroyed	150
2026-08-15T05:04:00Z	BODYAWRR	338	drumlin	14342011	A	C	core_destroyed	271
2026-08-15T05:03:58Z	BODYAWRR	339	drumlin	14342011	B	C	core_destroyed	119
2026-08-15T05:04:04Z	BODYAWRR	340	fjordgate	14342011	A	C	core_destroyed	281
2026-08-15T05:04:04Z	BODYAWRR	341	fjordgate	14342011	B	C	core_destroyed	145
2026-08-15T05:04:04Z	BODYAWRR	342	frostgate	14342011	A	T	core_destroyed	145
2026-08-15T05:04:05Z	BODYAWRR	343	frostgate	14342011	B	T	core_destroyed	192
2026-08-15T05:04:08Z	BODYAWRR	344	glacierkeep	14342011	A	T	core_destroyed	349
2026-08-15T05:04:08Z	BODYAWRR	345	glacierkeep	14342011	B	C	core_destroyed	297
2026-08-15T05:04:07Z	BODYAWRR	346	icefloe	14342011	A	C	core_destroyed	245
2026-08-15T05:04:06Z	BODYAWRR	347	icefloe	14342011	B	C	core_destroyed	143
2026-08-15T05:04:12Z	BODYAWRR	348	midgard	14342011	A	T	core_destroyed	173
2026-08-15T05:04:10Z	BODYAWRR	349	midgard	14342011	B	C	core_destroyed	137
2026-08-15T05:04:12Z	BODYAWRR	350	nordkap	14342011	A	C	tiebreak	1000
2026-08-15T05:04:10Z	BODYAWRR	351	nordkap	14342011	B	T	core_destroyed	244
2026-08-15T05:05:03Z	BODYAWRR	352	ragnarok	14342011	A	C	tiebreak	1000
2026-08-15T05:04:19Z	BODYAWRR	353	ragnarok	14342011	B	T	core_destroyed	234
2026-08-15T05:04:14Z	BODYAWRR	354	royale	14342011	A	T	core_destroyed	163
2026-08-15T05:04:15Z	BODYAWRR	355	royale	14342011	B	T	core_destroyed	275
2026-08-15T05:05:08Z	BODYAWRR	356	valkyrie	14342011	A	T	core_destroyed	304
2026-08-15T05:05:05Z	BODYAWRR	357	valkyrie	14342011	B	C	core_destroyed	124
2026-08-15T05:05:07Z	BODYAWRR	358	yulerune	14342011	A	C	core_destroyed	229
2026-08-15T05:05:06Z	BODYAWRR	359	yulerune	14342011	B	C	core_destroyed	286
2026-08-15T05:05:10Z	BODYAWRR	360	antler	14342012	A	C	core_destroyed	160
2026-08-15T05:05:11Z	BODYAWRR	361	antler	14342012	B	C	core_destroyed	422
2026-08-15T05:05:11Z	BODYAWRR	362	archipelago	14342012	A	T	core_destroyed	145
2026-08-15T05:05:11Z	BODYAWRR	363	archipelago	14342012	B	T	core_destroyed	114
2026-08-15T05:05:13Z	BODYAWRR	364	auroraveil	14342012	A	T	core_destroyed	121
2026-08-15T05:05:13Z	BODYAWRR	365	auroraveil	14342012	B	C	core_destroyed	176
2026-08-15T05:05:16Z	BODYAWRR	366	drakkarfjord	14342012	A	T	core_destroyed	405
2026-08-15T05:05:15Z	BODYAWRR	367	drakkarfjord	14342012	B	T	core_destroyed	255
2026-08-15T05:05:19Z	BODYAWRR	368	drumlin	14342012	A	T	core_destroyed	239
2026-08-15T05:05:18Z	BODYAWRR	369	drumlin	14342012	B	C	core_destroyed	93
2026-08-15T05:05:18Z	BODYAWRR	370	fjordgate	14342012	A	T	core_destroyed	120
2026-08-15T05:05:20Z	BODYAWRR	371	fjordgate	14342012	B	T	tiebreak	1000
2026-08-15T05:05:23Z	BODYAWRR	372	frostgate	14342012	A	C	core_destroyed	191
2026-08-15T05:05:23Z	BODYAWRR	373	frostgate	14342012	B	C	core_destroyed	336
2026-08-15T05:05:24Z	BODYAWRR	374	glacierkeep	14342012	A	T	core_destroyed	263
2026-08-15T05:05:23Z	BODYAWRR	375	glacierkeep	14342012	B	C	core_destroyed	227
2026-08-15T05:05:29Z	BODYAWRR	376	icefloe	14342012	A	C	core_destroyed	240
2026-08-15T05:05:29Z	BODYAWRR	377	icefloe	14342012	B	C	core_destroyed	571
2026-08-15T05:05:27Z	BODYAWRR	378	midgard	14342012	A	C	core_destroyed	160
2026-08-15T05:05:30Z	BODYAWRR	379	midgard	14342012	B	C	core_destroyed	250
2026-08-15T05:05:32Z	BODYAWRR	380	nordkap	14342012	A	T	core_destroyed	159
2026-08-15T05:05:32Z	BODYAWRR	381	nordkap	14342012	B	T	core_destroyed	226
2026-08-15T05:05:32Z	BODYAWRR	382	ragnarok	14342012	A	C	core_destroyed	145
2026-08-15T05:05:35Z	BODYAWRR	383	ragnarok	14342012	B	T	core_destroyed	225
2026-08-15T05:05:36Z	BODYAWRR	384	royale	14342012	A	T	core_destroyed	145
2026-08-15T05:05:37Z	BODYAWRR	385	royale	14342012	B	C	core_destroyed	178
2026-08-15T05:05:39Z	BODYAWRR	386	valkyrie	14342012	A	C	core_destroyed	254
2026-08-15T05:05:42Z	BODYAWRR	387	valkyrie	14342012	B	T	core_destroyed	346
2026-08-15T05:05:47Z	BODYAWRR	388	yulerune	14342012	A	T	core_destroyed	329
2026-08-15T05:05:45Z	BODYAWRR	389	yulerune	14342012	B	C	core_destroyed	194
2026-08-15T05:05:47Z	BODYAWRR	390	antler	14342013	A	C	tiebreak	1000
2026-08-15T05:05:44Z	BODYAWRR	391	antler	14342013	B	T	core_destroyed	264
2026-08-15T05:05:50Z	BODYAWRR	392	archipelago	14342013	A	C	core_destroyed	99
2026-08-15T05:05:49Z	BODYAWRR	393	archipelago	14342013	B	T	core_destroyed	84
2026-08-15T05:05:49Z	BODYAWRR	394	auroraveil	14342013	A	C	core_destroyed	209
2026-08-15T05:05:49Z	BODYAWRR	395	auroraveil	14342013	B	C	core_destroyed	181
2026-08-15T05:05:55Z	BODYAWRR	396	drakkarfjord	14342013	A	T	core_destroyed	309
2026-08-15T05:05:56Z	BODYAWRR	397	drakkarfjord	14342013	B	C	tiebreak	1000
2026-08-15T05:05:53Z	BODYAWRR	398	drumlin	14342013	A	C	core_destroyed	224
2026-08-15T05:05:55Z	BODYAWRR	399	drumlin	14342013	B	T	core_destroyed	413
2026-08-15T05:05:58Z	BODYAWRR	400	fjordgate	14342013	A	T	core_destroyed	142
2026-08-15T05:06:05Z	BODYAWRR	401	fjordgate	14342013	B	C	tiebreak	1000
2026-08-15T05:05:58Z	BODYAWRR	402	frostgate	14342013	A	C	core_destroyed	120
2026-08-15T05:05:58Z	BODYAWRR	403	frostgate	14342013	B	T	core_destroyed	117
2026-08-15T05:06:07Z	BODYAWRR	404	glacierkeep	14342013	A	T	core_destroyed	221
2026-08-15T05:06:07Z	BODYAWRR	405	glacierkeep	14342013	B	T	core_destroyed	231
2026-08-15T05:06:10Z	BODYAWRR	406	icefloe	14342013	A	C	tiebreak	1000
2026-08-15T05:06:10Z	BODYAWRR	407	icefloe	14342013	B	T	core_destroyed	302
2026-08-15T05:06:13Z	BODYAWRR	408	midgard	14342013	A	T	core_destroyed	116
2026-08-15T05:06:13Z	BODYAWRR	409	midgard	14342013	B	T	core_destroyed	96
2026-08-15T05:06:12Z	BODYAWRR	410	nordkap	14342013	A	T	core_destroyed	111
2026-08-15T05:06:12Z	BODYAWRR	411	nordkap	14342013	B	T	core_destroyed	269
2026-08-15T05:06:16Z	BODYAWRR	412	ragnarok	14342013	A	C	core_destroyed	188
2026-08-15T05:06:19Z	BODYAWRR	413	ragnarok	14342013	B	C	core_destroyed	365
2026-08-15T05:06:15Z	BODYAWRR	414	royale	14342013	A	T	core_destroyed	385
2026-08-15T05:06:16Z	BODYAWRR	415	royale	14342013	B	T	core_destroyed	318
2026-08-15T05:06:22Z	BODYAWRR	416	valkyrie	14342013	A	C	core_destroyed	306
2026-08-15T05:06:22Z	BODYAWRR	417	valkyrie	14342013	B	T	core_destroyed	146
2026-08-15T05:06:22Z	BODYAWRR	418	yulerune	14342013	A	T	core_destroyed	190
2026-08-15T05:06:21Z	BODYAWRR	419	yulerune	14342013	B	C	core_destroyed	160
2026-08-15T05:06:24Z	BODYAWRR	420	antler	14342014	A	T	core_destroyed	155
2026-08-15T05:06:23Z	BODYAWRR	421	antler	14342014	B	T	core_destroyed	92
2026-08-15T05:06:25Z	BODYAWRR	422	archipelago	14342014	A	T	core_destroyed	105
2026-08-15T05:06:26Z	BODYAWRR	423	archipelago	14342014	B	T	core_destroyed	247
2026-08-15T05:06:28Z	BODYAWRR	424	auroraveil	14342014	A	T	core_destroyed	122
2026-08-15T05:06:30Z	BODYAWRR	425	auroraveil	14342014	B	T	core_destroyed	540
2026-08-15T05:06:31Z	BODYAWRR	426	drakkarfjord	14342014	A	T	core_destroyed	284
2026-08-15T05:06:35Z	BODYAWRR	427	drakkarfjord	14342014	B	T	tiebreak	1000
2026-08-15T05:06:39Z	BODYAWRR	428	drumlin	14342014	A	T	core_destroyed	361
2026-08-15T05:06:38Z	BODYAWRR	429	drumlin	14342014	B	T	core_destroyed	213
2026-08-15T05:06:37Z	BODYAWRR	430	fjordgate	14342014	A	T	core_destroyed	185
2026-08-15T05:06:37Z	BODYAWRR	431	fjordgate	14342014	B	T	core_destroyed	193
2026-08-15T05:06:44Z	BODYAWRR	432	frostgate	14342014	A	C	core_destroyed	414
2026-08-15T05:06:41Z	BODYAWRR	433	frostgate	14342014	B	C	core_destroyed	99
2026-08-15T05:06:47Z	BODYAWRR	434	glacierkeep	14342014	A	C	core_destroyed	819
2026-08-15T05:06:46Z	BODYAWRR	435	glacierkeep	14342014	B	T	core_destroyed	428
2026-08-15T05:06:52Z	BODYAWRR	436	icefloe	14342014	A	T	core_destroyed	361
2026-08-15T05:06:50Z	BODYAWRR	437	icefloe	14342014	B	T	core_destroyed	230
2026-08-15T05:07:02Z	BODYAWRR	438	midgard	14342014	A	T	core_destroyed	885
2026-08-15T05:06:50Z	BODYAWRR	439	midgard	14342014	B	T	core_destroyed	157
2026-08-15T05:07:07Z	BODYAWRR	440	nordkap	14342014	A	T	tiebreak	1000
2026-08-15T05:07:04Z	BODYAWRR	441	nordkap	14342014	B	T	core_destroyed	206
2026-08-15T05:07:05Z	BODYAWRR	442	ragnarok	14342014	A	T	core_destroyed	211
2026-08-15T05:07:12Z	BODYAWRR	443	ragnarok	14342014	B	T	core_destroyed	463
2026-08-15T05:07:17Z	BODYAWRR	444	royale	14342014	A	C	core_destroyed	297
2026-08-15T05:07:15Z	BODYAWRR	445	royale	14342014	B	C	core_destroyed	400
2026-08-15T05:07:15Z	BODYAWRR	446	valkyrie	14342014	A	C	core_destroyed	172
2026-08-15T05:07:20Z	BODYAWRR	447	valkyrie	14342014	B	T	core_destroyed	521
2026-08-15T05:07:23Z	BODYAWRR	448	yulerune	14342014	A	C	core_destroyed	200
2026-08-15T05:07:24Z	BODYAWRR	449	yulerune	14342014	B	C	core_destroyed	417
2026-08-15T05:07:21Z	BODYAWRR	450	antler	14342015	A	T	core_destroyed	157
2026-08-15T05:07:21Z	BODYAWRR	451	antler	14342015	B	C	core_destroyed	142
2026-08-15T05:07:27Z	BODYAWRR	452	archipelago	14342015	A	C	core_destroyed	167
2026-08-15T05:07:28Z	BODYAWRR	453	archipelago	14342015	B	T	core_destroyed	202
2026-08-15T05:07:27Z	BODYAWRR	454	auroraveil	14342015	A	C	core_destroyed	229
2026-08-15T05:07:26Z	BODYAWRR	455	auroraveil	14342015	B	C	core_destroyed	161
2026-08-15T05:07:33Z	BODYAWRR	456	drakkarfjord	14342015	A	C	core_destroyed	333
2026-08-15T05:07:31Z	BODYAWRR	457	drakkarfjord	14342015	B	C	core_destroyed	291
2026-08-15T05:07:29Z	BODYAWRR	458	drumlin	14342015	A	T	core_destroyed	90
2026-08-15T05:07:32Z	BODYAWRR	459	drumlin	14342015	B	T	core_destroyed	254
2026-08-15T05:07:37Z	BODYAWRR	460	fjordgate	14342015	A	T	tiebreak	1000
2026-08-15T05:07:34Z	BODYAWRR	461	fjordgate	14342015	B	C	core_destroyed	123
2026-08-15T05:07:35Z	BODYAWRR	462	frostgate	14342015	A	T	core_destroyed	168
2026-08-15T05:07:34Z	BODYAWRR	463	frostgate	14342015	B	C	core_destroyed	152
2026-08-15T05:07:42Z	BODYAWRR	464	glacierkeep	14342015	A	C	tiebreak	1000
2026-08-15T05:07:45Z	BODYAWRR	465	glacierkeep	14342015	B	C	core_destroyed	772
2026-08-15T05:07:40Z	BODYAWRR	466	icefloe	14342015	A	T	core_destroyed	188
2026-08-15T05:07:46Z	BODYAWRR	467	icefloe	14342015	B	T	core_destroyed	765
2026-08-15T05:07:48Z	BODYAWRR	468	midgard	14342015	A	T	core_destroyed	104
2026-08-15T05:07:48Z	BODYAWRR	469	midgard	14342015	B	C	core_destroyed	82
2026-08-15T05:07:48Z	BODYAWRR	470	nordkap	14342015	A	C	core_destroyed	153
2026-08-15T05:07:48Z	BODYAWRR	471	nordkap	14342015	B	T	core_destroyed	138
2026-08-15T05:07:51Z	BODYAWRR	472	ragnarok	14342015	A	C	core_destroyed	139
2026-08-15T05:07:50Z	BODYAWRR	473	ragnarok	14342015	B	T	core_destroyed	121
2026-08-15T05:07:51Z	BODYAWRR	474	royale	14342015	A	T	core_destroyed	444
2026-08-15T05:07:50Z	BODYAWRR	475	royale	14342015	B	T	core_destroyed	113
2026-08-15T05:08:05Z	BODYAWRR	476	valkyrie	14342015	A	T	tiebreak	1000
2026-08-15T05:07:53Z	BODYAWRR	477	valkyrie	14342015	B	T	core_destroyed	137
2026-08-15T05:07:56Z	BODYAWRR	478	yulerune	14342015	A	T	core_destroyed	357
2026-08-15T05:07:53Z	BODYAWRR	479	yulerune	14342015	B	T	core_destroyed	110
2026-08-15T05:08:07Z	BODYAWRR	480	antler	14342016	A	T	core_destroyed	262
2026-08-15T05:08:08Z	BODYAWRR	481	antler	14342016	B	C	core_destroyed	283
2026-08-15T05:08:07Z	BODYAWRR	482	archipelago	14342016	A	C	core_destroyed	103
2026-08-15T05:08:08Z	BODYAWRR	483	archipelago	14342016	B	C	core_destroyed	165
2026-08-15T05:08:11Z	BODYAWRR	484	auroraveil	14342016	A	T	core_destroyed	161
2026-08-15T05:08:11Z	BODYAWRR	485	auroraveil	14342016	B	T	core_destroyed	165
2026-08-15T05:08:12Z	BODYAWRR	486	drakkarfjord	14342016	A	C	core_destroyed	272
2026-08-15T05:08:16Z	BODYAWRR	487	drakkarfjord	14342016	B	T	core_destroyed	606
2026-08-15T05:08:18Z	BODYAWRR	488	drumlin	14342016	A	T	core_destroyed	98
2026-08-15T05:08:19Z	BODYAWRR	489	drumlin	14342016	B	T	core_destroyed	182
2026-08-15T05:08:19Z	BODYAWRR	490	fjordgate	14342016	A	T	core_destroyed	523
2026-08-15T05:08:20Z	BODYAWRR	491	fjordgate	14342016	B	C	core_destroyed	529
2026-08-15T05:08:22Z	BODYAWRR	492	frostgate	14342016	A	T	core_destroyed	123
2026-08-15T05:08:27Z	BODYAWRR	493	frostgate	14342016	B	T	tiebreak	1000
2026-08-15T05:08:23Z	BODYAWRR	494	glacierkeep	14342016	A	T	core_destroyed	221
2026-08-15T05:08:27Z	BODYAWRR	495	glacierkeep	14342016	B	C	tiebreak	1000
2026-08-15T05:08:29Z	BODYAWRR	496	icefloe	14342016	A	C	core_destroyed	118
2026-08-15T05:08:30Z	BODYAWRR	497	icefloe	14342016	B	C	core_destroyed	267
2026-08-15T05:08:31Z	BODYAWRR	498	midgard	14342016	A	C	core_destroyed	261
2026-08-15T05:08:33Z	BODYAWRR	499	midgard	14342016	B	C	core_destroyed	275
2026-08-15T05:08:35Z	BODYAWRR	500	nordkap	14342016	A	T	core_destroyed	102
2026-08-15T05:08:36Z	BODYAWRR	501	nordkap	14342016	B	T	core_destroyed	178
2026-08-15T05:08:36Z	BODYAWRR	502	ragnarok	14342016	A	T	core_destroyed	124
2026-08-15T05:08:37Z	BODYAWRR	503	ragnarok	14342016	B	T	core_destroyed	153
2026-08-15T05:08:40Z	BODYAWRR	504	royale	14342016	A	C	core_destroyed	877
2026-08-15T05:08:38Z	BODYAWRR	505	royale	14342016	B	C	core_destroyed	169
2026-08-15T05:08:39Z	BODYAWRR	506	valkyrie	14342016	A	C	core_destroyed	180
2026-08-15T05:08:40Z	BODYAWRR	507	valkyrie	14342016	B	T	core_destroyed	162
2026-08-15T05:08:45Z	BODYAWRR	508	yulerune	14342016	A	T	core_destroyed	289
2026-08-15T05:08:42Z	BODYAWRR	509	yulerune	14342016	B	C	core_destroyed	129
2026-08-15T05:08:42Z	BODYAWRR	510	antler	14342017	A	T	core_destroyed	251
2026-08-15T05:08:43Z	BODYAWRR	511	antler	14342017	B	C	core_destroyed	309
2026-08-15T05:08:48Z	BODYAWRR	512	archipelago	14342017	A	C	core_destroyed	127
2026-08-15T05:08:48Z	BODYAWRR	513	archipelago	14342017	B	C	core_destroyed	130
2026-08-15T05:08:47Z	BODYAWRR	514	auroraveil	14342017	A	C	core_destroyed	115
2026-08-15T05:08:48Z	BODYAWRR	515	auroraveil	14342017	B	T	core_destroyed	243
2026-08-15T05:08:57Z	BODYAWRR	516	drakkarfjord	14342017	A	C	core_destroyed	389
2026-08-15T05:09:04Z	BODYAWRR	517	drakkarfjord	14342017	B	T	tiebreak	1000
2026-08-15T05:08:50Z	BODYAWRR	518	drumlin	14342017	A	T	core_destroyed	133
2026-08-15T05:08:53Z	BODYAWRR	519	drumlin	14342017	B	T	core_destroyed	338
2026-08-15T05:09:06Z	BODYAWRR	520	fjordgate	14342017	A	C	core_destroyed	332
2026-08-15T05:09:06Z	BODYAWRR	521	fjordgate	14342017	B	T	core_destroyed	182
2026-08-15T05:09:06Z	BODYAWRR	522	frostgate	14342017	A	T	core_destroyed	413
2026-08-15T05:09:10Z	BODYAWRR	523	frostgate	14342017	B	T	core_destroyed	315
2026-08-15T05:09:11Z	BODYAWRR	524	glacierkeep	14342017	A	T	core_destroyed	135
2026-08-15T05:09:13Z	BODYAWRR	525	glacierkeep	14342017	B	T	core_destroyed	224
2026-08-15T05:09:12Z	BODYAWRR	526	icefloe	14342017	A	T	core_destroyed	134
2026-08-15T05:09:12Z	BODYAWRR	527	icefloe	14342017	B	C	core_destroyed	228
2026-08-15T05:09:15Z	BODYAWRR	528	midgard	14342017	A	T	core_destroyed	74
2026-08-15T05:09:15Z	BODYAWRR	529	midgard	14342017	B	C	core_destroyed	83
2026-08-15T05:09:15Z	BODYAWRR	530	nordkap	14342017	A	T	core_destroyed	245
2026-08-15T05:09:14Z	BODYAWRR	531	nordkap	14342017	B	C	core_destroyed	126
2026-08-15T05:09:21Z	BODYAWRR	532	ragnarok	14342017	A	C	core_destroyed	298
2026-08-15T05:09:23Z	BODYAWRR	533	ragnarok	14342017	B	T	core_destroyed	557
2026-08-15T05:09:17Z	BODYAWRR	534	royale	14342017	A	T	core_destroyed	365
2026-08-15T05:09:17Z	BODYAWRR	535	royale	14342017	B	T	core_destroyed	132
2026-08-15T05:09:27Z	BODYAWRR	536	valkyrie	14342017	A	C	core_destroyed	205
2026-08-15T05:09:27Z	BODYAWRR	537	valkyrie	14342017	B	T	core_destroyed	185
2026-08-15T05:09:26Z	BODYAWRR	538	yulerune	14342017	A	T	core_destroyed	229
2026-08-15T05:09:29Z	BODYAWRR	539	yulerune	14342017	B	C	core_destroyed	333
2026-08-15T05:09:31Z	BODYAWRR	540	antler	14342018	A	T	core_destroyed	197
2026-08-15T05:09:31Z	BODYAWRR	541	antler	14342018	B	T	core_destroyed	163
2026-08-15T05:09:37Z	BODYAWRR	542	archipelago	14342018	A	C	core_destroyed	346
2026-08-15T05:09:32Z	BODYAWRR	543	archipelago	14342018	B	T	core_destroyed	146
2026-08-15T05:09:40Z	BODYAWRR	544	auroraveil	14342018	A	T	core_destroyed	183
2026-08-15T05:09:39Z	BODYAWRR	545	auroraveil	14342018	B	C	core_destroyed	127
2026-08-15T05:09:42Z	BODYAWRR	546	drakkarfjord	14342018	A	T	core_destroyed	298
2026-08-15T05:09:42Z	BODYAWRR	547	drakkarfjord	14342018	B	C	core_destroyed	322
2026-08-15T05:09:46Z	BODYAWRR	548	drumlin	14342018	A	T	core_destroyed	212
2026-08-15T05:09:50Z	BODYAWRR	549	drumlin	14342018	B	T	core_destroyed	421
2026-08-15T05:09:44Z	BODYAWRR	550	fjordgate	14342018	A	T	core_destroyed	277
2026-08-15T05:09:44Z	BODYAWRR	551	fjordgate	14342018	B	C	core_destroyed	258
2026-08-15T05:09:52Z	BODYAWRR	552	frostgate	14342018	A	T	core_destroyed	297
2026-08-15T05:09:52Z	BODYAWRR	553	frostgate	14342018	B	T	core_destroyed	116
2026-08-15T05:09:53Z	BODYAWRR	554	glacierkeep	14342018	A	T	core_destroyed	288
2026-08-15T05:09:52Z	BODYAWRR	555	glacierkeep	14342018	B	C	core_destroyed	213
2026-08-15T05:09:57Z	BODYAWRR	556	icefloe	14342018	A	T	core_destroyed	246
2026-08-15T05:09:56Z	BODYAWRR	557	icefloe	14342018	B	T	core_destroyed	189
2026-08-15T05:09:57Z	BODYAWRR	558	midgard	14342018	A	T	core_destroyed	129
2026-08-15T05:09:56Z	BODYAWRR	559	midgard	14342018	B	C	core_destroyed	93
2026-08-15T05:10:04Z	BODYAWRR	560	nordkap	14342018	A	C	tiebreak	1000
2026-08-15T05:09:59Z	BODYAWRR	561	nordkap	14342018	B	T	core_destroyed	183
2026-08-15T05:10:11Z	BODYAWRR	562	ragnarok	14342018	A	C	core_destroyed	370
2026-08-15T05:10:03Z	BODYAWRR	563	ragnarok	14342018	B	C	tiebreak	1000
2026-08-15T05:10:13Z	BODYAWRR	564	royale	14342018	A	C	core_destroyed	277
2026-08-15T05:10:13Z	BODYAWRR	565	royale	14342018	B	T	core_destroyed	143
2026-08-15T05:10:14Z	BODYAWRR	566	valkyrie	14342018	A	T	core_destroyed	158
2026-08-15T05:10:21Z	BODYAWRR	567	valkyrie	14342018	B	C	tiebreak	1000
2026-08-15T05:10:22Z	BODYAWRR	568	yulerune	14342018	A	C	core_destroyed	117
2026-08-15T05:10:24Z	BODYAWRR	569	yulerune	14342018	B	C	core_destroyed	307
2026-08-15T05:10:25Z	BODYAWRR	570	antler	14342019	A	C	core_destroyed	412
2026-08-15T05:10:22Z	BODYAWRR	571	antler	14342019	B	C	core_destroyed	186
2026-08-15T05:10:27Z	BODYAWRR	572	archipelago	14342019	A	C	core_destroyed	93
2026-08-15T05:10:34Z	BODYAWRR	573	archipelago	14342019	B	C	core_destroyed	404
2026-08-15T05:10:27Z	BODYAWRR	574	auroraveil	14342019	A	C	core_destroyed	133
2026-08-15T05:10:27Z	BODYAWRR	575	auroraveil	14342019	B	C	core_destroyed	121
2026-08-15T05:10:37Z	BODYAWRR	576	drakkarfjord	14342019	A	C	core_destroyed	234
2026-08-15T05:10:38Z	BODYAWRR	577	drakkarfjord	14342019	B	T	core_destroyed	505
2026-08-15T05:10:40Z	BODYAWRR	578	drumlin	14342019	A	T	core_destroyed	447
2026-08-15T05:10:36Z	BODYAWRR	579	drumlin	14342019	B	C	core_destroyed	237
2026-08-15T05:10:45Z	BODYAWRR	580	fjordgate	14342019	A	C	tiebreak	1000
2026-08-15T05:10:42Z	BODYAWRR	581	fjordgate	14342019	B	T	core_destroyed	103
2026-08-15T05:10:42Z	BODYAWRR	582	frostgate	14342019	A	C	core_destroyed	125
2026-08-15T05:10:42Z	BODYAWRR	583	frostgate	14342019	B	T	core_destroyed	111
2026-08-15T05:10:52Z	BODYAWRR	584	glacierkeep	14342019	A	C	core_destroyed	645
2026-08-15T05:10:48Z	BODYAWRR	585	glacierkeep	14342019	B	T	core_destroyed	208
2026-08-15T05:10:51Z	BODYAWRR	586	icefloe	14342019	A	T	core_destroyed	458
2026-08-15T05:10:48Z	BODYAWRR	587	icefloe	14342019	B	C	core_destroyed	215
2026-08-15T05:10:55Z	BODYAWRR	588	midgard	14342019	A	T	core_destroyed	183
2026-08-15T05:10:54Z	BODYAWRR	589	midgard	14342019	B	T	core_destroyed	85
2026-08-15T05:10:53Z	BODYAWRR	590	nordkap	14342019	A	T	core_destroyed	99
2026-08-15T05:10:56Z	BODYAWRR	591	nordkap	14342019	B	C	tiebreak	1000
2026-08-15T05:10:59Z	BODYAWRR	592	ragnarok	14342019	A	C	core_destroyed	147
2026-08-15T05:10:59Z	BODYAWRR	593	ragnarok	14342019	B	C	core_destroyed	167
2026-08-15T05:10:57Z	BODYAWRR	594	royale	14342019	A	C	core_destroyed	180
2026-08-15T05:10:58Z	BODYAWRR	595	royale	14342019	B	C	core_destroyed	381
2026-08-15T05:11:01Z	BODYAWRR	596	valkyrie	14342019	A	T	core_destroyed	116
2026-08-15T05:11:08Z	BODYAWRR	597	valkyrie	14342019	B	C	core_destroyed	493
2026-08-15T05:11:04Z	BODYAWRR	598	yulerune	14342019	A	T	core_destroyed	273
2026-08-15T05:11:03Z	BODYAWRR	599	yulerune	14342019	B	T	core_destroyed	284
2026-08-15T05:11:11Z	BODYAWRR	600	antler	14342020	A	C	core_destroyed	533
2026-08-15T05:11:11Z	BODYAWRR	601	antler	14342020	B	T	core_destroyed	287
2026-08-15T05:11:12Z	BODYAWRR	602	archipelago	14342020	A	T	core_destroyed	165
2026-08-15T05:11:12Z	BODYAWRR	603	archipelago	14342020	B	C	core_destroyed	182
2026-08-15T05:11:15Z	BODYAWRR	604	auroraveil	14342020	A	T	core_destroyed	186
2026-08-15T05:11:15Z	BODYAWRR	605	auroraveil	14342020	B	C	core_destroyed	138
2026-08-15T05:11:17Z	BODYAWRR	606	drakkarfjord	14342020	A	T	core_destroyed	238
2026-08-15T05:11:21Z	BODYAWRR	607	drakkarfjord	14342020	B	T	tiebreak	1000
2026-08-15T05:11:24Z	BODYAWRR	608	drumlin	14342020	A	T	core_destroyed	206
2026-08-15T05:11:27Z	BODYAWRR	609	drumlin	14342020	B	T	core_destroyed	481
2026-08-15T05:11:25Z	BODYAWRR	610	fjordgate	14342020	A	C	tiebreak	1000
2026-08-15T05:11:24Z	BODYAWRR	611	fjordgate	14342020	B	T	core_destroyed	495
2026-08-15T05:11:29Z	BODYAWRR	612	frostgate	14342020	A	T	core_destroyed	253
2026-08-15T05:11:29Z	BODYAWRR	613	frostgate	14342020	B	T	core_destroyed	116
2026-08-15T05:11:30Z	BODYAWRR	614	glacierkeep	14342020	A	T	core_destroyed	204
2026-08-15T05:11:30Z	BODYAWRR	615	glacierkeep	14342020	B	T	core_destroyed	293
2026-08-15T05:11:34Z	BODYAWRR	616	icefloe	14342020	A	T	core_destroyed	303
2026-08-15T05:11:36Z	BODYAWRR	617	icefloe	14342020	B	C	core_destroyed	651
2026-08-15T05:11:33Z	BODYAWRR	618	midgard	14342020	A	T	core_destroyed	90
2026-08-15T05:11:33Z	BODYAWRR	619	midgard	14342020	B	C	core_destroyed	121
2026-08-15T05:11:38Z	BODYAWRR	620	nordkap	14342020	A	T	core_destroyed	203
2026-08-15T05:11:38Z	BODYAWRR	621	nordkap	14342020	B	T	core_destroyed	242
2026-08-15T05:11:40Z	BODYAWRR	622	ragnarok	14342020	A	C	core_destroyed	199
2026-08-15T05:11:39Z	BODYAWRR	623	ragnarok	14342020	B	T	core_destroyed	147
2026-08-15T05:11:42Z	BODYAWRR	624	royale	14342020	A	C	core_destroyed	293
2026-08-15T05:11:42Z	BODYAWRR	625	royale	14342020	B	T	core_destroyed	167
2026-08-15T05:11:43Z	BODYAWRR	626	valkyrie	14342020	A	T	core_destroyed	211
2026-08-15T05:11:42Z	BODYAWRR	627	valkyrie	14342020	B	T	core_destroyed	112
2026-08-15T05:11:45Z	BODYAWRR	628	yulerune	14342020	A	T	core_destroyed	152
2026-08-15T05:11:46Z	BODYAWRR	629	yulerune	14342020	B	C	core_destroyed	192
2026-08-15T05:11:45Z	BODYAWRR	630	antler	14342021	A	T	core_destroyed	113
2026-08-15T05:11:47Z	BODYAWRR	631	antler	14342021	B	C	core_destroyed	376
2026-08-15T05:11:55Z	BODYAWRR	632	archipelago	14342021	A	C	core_destroyed	527
2026-08-15T05:11:49Z	BODYAWRR	633	archipelago	14342021	B	T	core_destroyed	133
2026-08-15T05:11:48Z	BODYAWRR	634	auroraveil	14342021	A	C	core_destroyed	120
2026-08-15T05:11:49Z	BODYAWRR	635	auroraveil	14342021	B	T	core_destroyed	130
2026-08-15T05:12:00Z	BODYAWRR	636	drakkarfjord	14342021	A	T	core_destroyed	493
2026-08-15T05:11:59Z	BODYAWRR	637	drakkarfjord	14342021	B	T	core_destroyed	294
2026-08-15T05:11:57Z	BODYAWRR	638	drumlin	14342021	A	T	core_destroyed	159
2026-08-15T05:11:59Z	BODYAWRR	639	drumlin	14342021	B	T	core_destroyed	335
2026-08-15T05:12:02Z	BODYAWRR	640	fjordgate	14342021	A	T	core_destroyed	189
2026-08-15T05:12:02Z	BODYAWRR	641	fjordgate	14342021	B	C	core_destroyed	159
2026-08-15T05:12:01Z	BODYAWRR	642	frostgate	14342021	A	T	core_destroyed	152
2026-08-15T05:12:04Z	BODYAWRR	643	frostgate	14342021	B	C	core_destroyed	205
2026-08-15T05:12:10Z	BODYAWRR	644	glacierkeep	14342021	A	T	core_destroyed	460
2026-08-15T05:12:16Z	BODYAWRR	645	glacierkeep	14342021	B	T	tiebreak	1000
2026-08-15T05:12:09Z	BODYAWRR	646	icefloe	14342021	A	T	core_destroyed	517
2026-08-15T05:12:06Z	BODYAWRR	647	icefloe	14342021	B	T	core_destroyed	168
2026-08-15T05:12:19Z	BODYAWRR	648	midgard	14342021	A	T	core_destroyed	91
2026-08-15T05:12:22Z	BODYAWRR	649	midgard	14342021	B	T	core_destroyed	367
2026-08-15T05:12:18Z	BODYAWRR	650	nordkap	14342021	A	C	core_destroyed	193
2026-08-15T05:12:19Z	BODYAWRR	651	nordkap	14342021	B	C	core_destroyed	200
2026-08-15T05:12:25Z	BODYAWRR	652	ragnarok	14342021	A	T	core_destroyed	248
2026-08-15T05:12:24Z	BODYAWRR	653	ragnarok	14342021	B	C	core_destroyed	110
2026-08-15T05:12:23Z	BODYAWRR	654	royale	14342021	A	C	core_destroyed	132
2026-08-15T05:12:24Z	BODYAWRR	655	royale	14342021	B	T	core_destroyed	301
2026-08-15T05:12:28Z	BODYAWRR	656	valkyrie	14342021	A	T	core_destroyed	230
2026-08-15T05:12:37Z	BODYAWRR	657	valkyrie	14342021	B	C	core_destroyed	517
2026-08-15T05:12:29Z	BODYAWRR	658	yulerune	14342021	A	C	core_destroyed	290
2026-08-15T05:12:29Z	BODYAWRR	659	yulerune	14342021	B	T	core_destroyed	180
2026-08-15T05:12:40Z	BODYAWRR	660	antler	14342022	A	T	core_destroyed	400
2026-08-15T05:12:40Z	BODYAWRR	661	antler	14342022	B	T	core_destroyed	534
2026-08-15T05:12:40Z	BODYAWRR	662	archipelago	14342022	A	C	core_destroyed	169
2026-08-15T05:12:40Z	BODYAWRR	663	archipelago	14342022	B	C	core_destroyed	123
2026-08-15T05:12:42Z	BODYAWRR	664	auroraveil	14342022	A	C	core_destroyed	112
2026-08-15T05:12:42Z	BODYAWRR	665	auroraveil	14342022	B	C	core_destroyed	153
2026-08-15T05:12:49Z	BODYAWRR	666	drakkarfjord	14342022	A	C	tiebreak	1000
2026-08-15T05:12:46Z	BODYAWRR	667	drakkarfjord	14342022	B	T	core_destroyed	432
2026-08-15T05:12:51Z	BODYAWRR	668	drumlin	14342022	A	T	core_destroyed	136
2026-08-15T05:13:00Z	BODYAWRR	669	drumlin	14342022	B	T	core_destroyed	628
2026-08-15T05:12:52Z	BODYAWRR	670	fjordgate	14342022	A	T	core_destroyed	347
2026-08-15T05:12:52Z	BODYAWRR	671	fjordgate	14342022	B	C	core_destroyed	234
2026-08-15T05:13:03Z	BODYAWRR	672	frostgate	14342022	A	T	core_destroyed	200
2026-08-15T05:13:03Z	BODYAWRR	673	frostgate	14342022	B	C	core_destroyed	160
2026-08-15T05:13:02Z	BODYAWRR	674	glacierkeep	14342022	A	T	core_destroyed	151
2026-08-15T05:13:05Z	BODYAWRR	675	glacierkeep	14342022	B	C	core_destroyed	400
2026-08-15T05:13:07Z	BODYAWRR	676	icefloe	14342022	A	T	core_destroyed	126
2026-08-15T05:13:08Z	BODYAWRR	677	icefloe	14342022	B	C	core_destroyed	193
2026-08-15T05:13:09Z	BODYAWRR	678	midgard	14342022	A	T	core_destroyed	201
2026-08-15T05:13:08Z	BODYAWRR	679	midgard	14342022	B	T	core_destroyed	85
2026-08-15T05:13:12Z	BODYAWRR	680	nordkap	14342022	A	C	core_destroyed	230
2026-08-15T05:13:11Z	BODYAWRR	681	nordkap	14342022	B	T	core_destroyed	192
2026-08-15T05:13:12Z	BODYAWRR	682	ragnarok	14342022	A	T	core_destroyed	137
2026-08-15T05:13:11Z	BODYAWRR	683	ragnarok	14342022	B	C	core_destroyed	167
2026-08-15T05:13:14Z	BODYAWRR	684	royale	14342022	A	T	core_destroyed	277
2026-08-15T05:13:14Z	BODYAWRR	685	royale	14342022	B	C	core_destroyed	119
2026-08-15T05:13:15Z	BODYAWRR	686	valkyrie	14342022	A	T	core_destroyed	125
2026-08-15T05:13:15Z	BODYAWRR	687	valkyrie	14342022	B	T	core_destroyed	119
2026-08-15T05:13:20Z	BODYAWRR	688	yulerune	14342022	A	T	core_destroyed	253
2026-08-15T05:13:18Z	BODYAWRR	689	yulerune	14342022	B	T	core_destroyed	205
2026-08-15T05:13:16Z	BODYAWRR	690	antler	14342023	A	T	core_destroyed	133
2026-08-15T05:13:19Z	BODYAWRR	691	antler	14342023	B	T	core_destroyed	673
2026-08-15T05:13:22Z	BODYAWRR	692	archipelago	14342023	A	C	core_destroyed	71
2026-08-15T05:13:24Z	BODYAWRR	693	archipelago	14342023	B	C	core_destroyed	160
2026-08-15T05:13:24Z	BODYAWRR	694	auroraveil	14342023	A	T	core_destroyed	523
2026-08-15T05:13:23Z	BODYAWRR	695	auroraveil	14342023	B	C	core_destroyed	343
2026-08-15T05:13:33Z	BODYAWRR	696	drakkarfjord	14342023	A	T	core_destroyed	386
2026-08-15T05:13:28Z	BODYAWRR	697	drakkarfjord	14342023	B	T	core_destroyed	266
2026-08-15T05:13:26Z	BODYAWRR	698	drumlin	14342023	A	T	core_destroyed	180
2026-08-15T05:13:27Z	BODYAWRR	699	drumlin	14342023	B	C	core_destroyed	185
2026-08-15T05:13:34Z	BODYAWRR	700	fjordgate	14342023	A	C	core_destroyed	139
2026-08-15T05:13:34Z	BODYAWRR	701	fjordgate	14342023	B	C	core_destroyed	146
2026-08-15T05:13:35Z	BODYAWRR	702	frostgate	14342023	A	C	core_destroyed	265
2026-08-15T05:13:34Z	BODYAWRR	703	frostgate	14342023	B	C	core_destroyed	104
2026-08-15T05:13:37Z	BODYAWRR	704	glacierkeep	14342023	A	T	core_destroyed	194
2026-08-15T05:13:37Z	BODYAWRR	705	glacierkeep	14342023	B	C	core_destroyed	165
2026-08-15T05:13:38Z	BODYAWRR	706	icefloe	14342023	A	C	core_destroyed	243
2026-08-15T05:13:39Z	BODYAWRR	707	icefloe	14342023	B	C	core_destroyed	236
2026-08-15T05:13:41Z	BODYAWRR	708	midgard	14342023	A	T	core_destroyed	83
2026-08-15T05:13:45Z	BODYAWRR	709	midgard	14342023	B	T	core_destroyed	464
2026-08-15T05:13:43Z	BODYAWRR	710	nordkap	14342023	A	C	core_destroyed	342
2026-08-15T05:13:42Z	BODYAWRR	711	nordkap	14342023	B	T	core_destroyed	230
2026-08-15T05:13:49Z	BODYAWRR	712	ragnarok	14342023	A	C	core_destroyed	254
2026-08-15T05:13:48Z	BODYAWRR	713	ragnarok	14342023	B	C	core_destroyed	205
2026-08-15T05:13:50Z	BODYAWRR	714	royale	14342023	A	T	core_destroyed	388
2026-08-15T05:13:46Z	BODYAWRR	715	royale	14342023	B	T	core_destroyed	189
2026-08-15T05:13:52Z	BODYAWRR	716	valkyrie	14342023	A	C	core_destroyed	189
2026-08-15T05:13:56Z	BODYAWRR	717	valkyrie	14342023	B	C	core_destroyed	328
2026-08-15T05:13:53Z	BODYAWRR	718	yulerune	14342023	A	T	core_destroyed	201
2026-08-15T05:13:51Z	BODYAWRR	719	yulerune	14342023	B	T	core_destroyed	118
2026-08-15T05:13:58Z	BODYAWRR	720	antler	14342024	A	T	core_destroyed	206
2026-08-15T05:13:58Z	BODYAWRR	721	antler	14342024	B	T	core_destroyed	184
2026-08-15T05:13:58Z	BODYAWRR	722	archipelago	14342024	A	C	core_destroyed	79
2026-08-15T05:13:59Z	BODYAWRR	723	archipelago	14342024	B	T	core_destroyed	100
2026-08-15T05:14:00Z	BODYAWRR	724	auroraveil	14342024	A	T	core_destroyed	96
2026-08-15T05:14:02Z	BODYAWRR	725	auroraveil	14342024	B	T	core_destroyed	237
2026-08-15T05:14:06Z	BODYAWRR	726	drakkarfjord	14342024	A	C	core_destroyed	530
2026-08-15T05:14:03Z	BODYAWRR	727	drakkarfjord	14342024	B	T	core_destroyed	311
2026-08-15T05:14:10Z	BODYAWRR	728	drumlin	14342024	A	T	core_destroyed	493
2026-08-15T05:14:09Z	BODYAWRR	729	drumlin	14342024	B	C	core_destroyed	517
2026-08-15T05:14:08Z	BODYAWRR	730	fjordgate	14342024	A	C	core_destroyed	210
2026-08-15T05:14:07Z	BODYAWRR	731	fjordgate	14342024	B	T	core_destroyed	181
2026-08-15T05:14:14Z	BODYAWRR	732	frostgate	14342024	A	T	core_destroyed	296
2026-08-15T05:14:13Z	BODYAWRR	733	frostgate	14342024	B	C	core_destroyed	305
2026-08-15T05:14:12Z	BODYAWRR	734	glacierkeep	14342024	A	T	core_destroyed	216
2026-08-15T05:14:12Z	BODYAWRR	735	glacierkeep	14342024	B	C	core_destroyed	264
2026-08-15T05:14:18Z	BODYAWRR	736	icefloe	14342024	A	C	core_destroyed	194
2026-08-15T05:14:18Z	BODYAWRR	737	icefloe	14342024	B	T	core_destroyed	262
2026-08-15T05:14:17Z	BODYAWRR	738	midgard	14342024	A	T	core_destroyed	94
2026-08-15T05:14:18Z	BODYAWRR	739	midgard	14342024	B	C	core_destroyed	369
2026-08-15T05:14:20Z	BODYAWRR	740	nordkap	14342024	A	T	core_destroyed	155
2026-08-15T05:14:20Z	BODYAWRR	741	nordkap	14342024	B	C	core_destroyed	156
2026-08-15T05:14:21Z	BODYAWRR	742	ragnarok	14342024	A	C	core_destroyed	114
2026-08-15T05:14:21Z	BODYAWRR	743	ragnarok	14342024	B	C	core_destroyed	189
2026-08-15T05:14:23Z	BODYAWRR	744	royale	14342024	A	T	core_destroyed	171
2026-08-15T05:14:25Z	BODYAWRR	745	royale	14342024	B	T	core_destroyed	493
2026-08-15T05:14:23Z	BODYAWRR	746	valkyrie	14342024	A	C	core_destroyed	204
2026-08-15T05:14:30Z	BODYAWRR	747	valkyrie	14342024	B	C	tiebreak	1000
2026-08-15T05:14:33Z	BODYAWRR	748	yulerune	14342024	A	C	core_destroyed	325
2026-08-15T05:14:32Z	BODYAWRR	749	yulerune	14342024	B	C	core_destroyed	177
2026-08-15T05:14:32Z	BODYAWRR	750	antler	14342025	A	C	core_destroyed	279
2026-08-15T05:14:32Z	BODYAWRR	751	antler	14342025	B	T	core_destroyed	139
2026-08-15T05:14:37Z	BODYAWRR	752	archipelago	14342025	A	T	core_destroyed	266
2026-08-15T05:14:36Z	BODYAWRR	753	archipelago	14342025	B	T	core_destroyed	120
2026-08-15T05:14:36Z	BODYAWRR	754	auroraveil	14342025	A	T	core_destroyed	337
2026-08-15T05:14:36Z	BODYAWRR	755	auroraveil	14342025	B	C	core_destroyed	220
2026-08-15T05:14:43Z	BODYAWRR	756	drakkarfjord	14342025	A	C	tiebreak	1000
2026-08-15T05:14:46Z	BODYAWRR	757	drakkarfjord	14342025	B	T	core_destroyed	488
2026-08-15T05:14:38Z	BODYAWRR	758	drumlin	14342025	A	T	core_destroyed	176
2026-08-15T05:14:40Z	BODYAWRR	759	drumlin	14342025	B	C	core_destroyed	218
2026-08-15T05:14:48Z	BODYAWRR	760	fjordgate	14342025	A	C	core_destroyed	293
2026-08-15T05:14:52Z	BODYAWRR	761	fjordgate	14342025	B	T	tiebreak	1000
2026-08-15T05:14:48Z	BODYAWRR	762	frostgate	14342025	A	T	core_destroyed	186
2026-08-15T05:14:50Z	BODYAWRR	763	frostgate	14342025	B	T	core_destroyed	517
2026-08-15T05:14:55Z	BODYAWRR	764	glacierkeep	14342025	A	T	core_destroyed	242
2026-08-15T05:15:01Z	BODYAWRR	765	glacierkeep	14342025	B	C	core_destroyed	445
2026-08-15T05:14:56Z	BODYAWRR	766	icefloe	14342025	A	T	core_destroyed	266
2026-08-15T05:14:54Z	BODYAWRR	767	icefloe	14342025	B	C	core_destroyed	145
2026-08-15T05:15:05Z	BODYAWRR	768	midgard	14342025	A	C	core_destroyed	241
2026-08-15T05:15:05Z	BODYAWRR	769	midgard	14342025	B	T	core_destroyed	140
2026-08-15T05:15:04Z	BODYAWRR	770	nordkap	14342025	A	C	core_destroyed	244
2026-08-15T05:15:03Z	BODYAWRR	771	nordkap	14342025	B	C	core_destroyed	241
2026-08-15T05:15:11Z	BODYAWRR	772	ragnarok	14342025	A	C	core_destroyed	358
2026-08-15T05:15:08Z	BODYAWRR	773	ragnarok	14342025	B	T	core_destroyed	110
2026-08-15T05:15:06Z	BODYAWRR	774	royale	14342025	A	T	core_destroyed	150
2026-08-15T05:15:08Z	BODYAWRR	775	royale	14342025	B	T	core_destroyed	386
2026-08-15T05:15:13Z	BODYAWRR	776	valkyrie	14342025	A	C	core_destroyed	160
2026-08-15T05:15:14Z	BODYAWRR	777	valkyrie	14342025	B	T	core_destroyed	224
2026-08-15T05:15:14Z	BODYAWRR	778	yulerune	14342025	A	C	core_destroyed	193
2026-08-15T05:15:14Z	BODYAWRR	779	yulerune	14342025	B	C	core_destroyed	239
2026-08-15T05:15:18Z	BODYAWRR	780	antler	14342026	A	C	core_destroyed	296
2026-08-15T05:15:16Z	BODYAWRR	781	antler	14342026	B	C	core_destroyed	202
2026-08-15T05:15:19Z	BODYAWRR	782	archipelago	14342026	A	C	core_destroyed	228
2026-08-15T05:15:18Z	BODYAWRR	783	archipelago	14342026	B	T	core_destroyed	229
2026-08-15T05:15:22Z	BODYAWRR	784	auroraveil	14342026	A	C	core_destroyed	306
2026-08-15T05:15:21Z	BODYAWRR	785	auroraveil	14342026	B	C	core_destroyed	141
2026-08-15T05:15:22Z	BODYAWRR	786	drakkarfjord	14342026	A	C	core_destroyed	237
2026-08-15T05:15:27Z	BODYAWRR	787	drakkarfjord	14342026	B	T	core_destroyed	504
2026-08-15T05:15:29Z	BODYAWRR	788	drumlin	14342026	A	T	core_destroyed	121
2026-08-15T05:15:29Z	BODYAWRR	789	drumlin	14342026	B	C	core_destroyed	114
2026-08-15T05:15:28Z	BODYAWRR	790	fjordgate	14342026	A	T	core_destroyed	164
2026-08-15T05:15:29Z	BODYAWRR	791	fjordgate	14342026	B	T	core_destroyed	175
2026-08-15T05:15:31Z	BODYAWRR	792	frostgate	14342026	A	T	core_destroyed	182
2026-08-15T05:15:31Z	BODYAWRR	793	frostgate	14342026	B	T	core_destroyed	108
2026-08-15T05:15:34Z	BODYAWRR	794	glacierkeep	14342026	A	C	core_destroyed	573
2026-08-15T05:15:38Z	BODYAWRR	795	glacierkeep	14342026	B	T	core_destroyed	568
2026-08-15T05:15:48Z	BODYAWRR	796	icefloe	14342026	A	T	core_destroyed	681
2026-08-15T05:15:42Z	BODYAWRR	797	icefloe	14342026	B	C	core_destroyed	290
2026-08-15T05:15:40Z	BODYAWRR	798	midgard	14342026	A	T	core_destroyed	121
2026-08-15T05:15:41Z	BODYAWRR	799	midgard	14342026	B	T	core_destroyed	78
2026-08-15T05:15:51Z	BODYAWRR	800	nordkap	14342026	A	C	core_destroyed	228
2026-08-15T05:15:50Z	BODYAWRR	801	nordkap	14342026	B	C	core_destroyed	537
2026-08-15T05:16:41Z	BODYAWRR	802	ragnarok	14342026	A	T	tiebreak	1000
2026-08-15T05:15:52Z	BODYAWRR	803	ragnarok	14342026	B	C	core_destroyed	391
2026-08-15T05:16:43Z	BODYAWRR	804	royale	14342026	A	T	core_destroyed	356
2026-08-15T05:16:43Z	BODYAWRR	805	royale	14342026	B	T	core_destroyed	238
2026-08-15T05:16:44Z	BODYAWRR	806	valkyrie	14342026	A	C	core_destroyed	180
2026-08-15T05:16:52Z	BODYAWRR	807	valkyrie	14342026	B	C	core_destroyed	517
2026-08-15T05:16:55Z	BODYAWRR	808	yulerune	14342026	A	C	core_destroyed	294
2026-08-15T05:16:57Z	BODYAWRR	809	yulerune	14342026	B	T	core_destroyed	336
2026-08-15T05:16:55Z	BODYAWRR	810	antler	14342027	A	T	core_destroyed	226
2026-08-15T05:16:55Z	BODYAWRR	811	antler	14342027	B	T	core_destroyed	355
2026-08-15T05:17:02Z	BODYAWRR	812	archipelago	14342027	A	C	core_destroyed	239
2026-08-15T05:17:00Z	BODYAWRR	813	archipelago	14342027	B	T	core_destroyed	96
2026-08-15T05:17:00Z	BODYAWRR	814	auroraveil	14342027	A	C	core_destroyed	192
2026-08-15T05:16:59Z	BODYAWRR	815	auroraveil	14342027	B	C	core_destroyed	182
2026-08-15T05:17:09Z	BODYAWRR	816	drakkarfjord	14342027	A	T	core_destroyed	347
2026-08-15T05:17:09Z	BODYAWRR	817	drakkarfjord	14342027	B	C	core_destroyed	393
2026-08-15T05:17:05Z	BODYAWRR	818	drumlin	14342027	A	T	core_destroyed	212
2026-08-15T05:17:05Z	BODYAWRR	819	drumlin	14342027	B	T	core_destroyed	325
2026-08-15T05:17:11Z	BODYAWRR	820	fjordgate	14342027	A	C	core_destroyed	270
2026-08-15T05:17:11Z	BODYAWRR	821	fjordgate	14342027	B	T	core_destroyed	245
2026-08-15T05:17:12Z	BODYAWRR	822	frostgate	14342027	A	T	core_destroyed	177
2026-08-15T05:17:12Z	BODYAWRR	823	frostgate	14342027	B	T	core_destroyed	282
2026-08-15T05:17:15Z	BODYAWRR	824	glacierkeep	14342027	A	T	core_destroyed	226
2026-08-15T05:17:18Z	BODYAWRR	825	glacierkeep	14342027	B	C	core_destroyed	367
2026-08-15T05:17:15Z	BODYAWRR	826	icefloe	14342027	A	T	core_destroyed	192
2026-08-15T05:17:14Z	BODYAWRR	827	icefloe	14342027	B	C	core_destroyed	121
2026-08-15T05:17:20Z	BODYAWRR	828	midgard	14342027	A	T	core_destroyed	95
2026-08-15T05:17:21Z	BODYAWRR	829	midgard	14342027	B	T	core_destroyed	234
2026-08-15T05:17:20Z	BODYAWRR	830	nordkap	14342027	A	T	core_destroyed	169
2026-08-15T05:17:20Z	BODYAWRR	831	nordkap	14342027	B	C	core_destroyed	320
2026-08-15T05:18:16Z	BODYAWRR	832	ragnarok	14342027	A	T	tiebreak	1000
2026-08-15T05:17:24Z	BODYAWRR	833	ragnarok	14342027	B	C	core_destroyed	171
2026-08-15T05:17:23Z	BODYAWRR	834	royale	14342027	A	T	core_destroyed	309
2026-08-15T05:17:23Z	BODYAWRR	835	royale	14342027	B	T	core_destroyed	179
2026-08-15T05:18:17Z	BODYAWRR	836	valkyrie	14342027	A	T	core_destroyed	85
2026-08-15T05:18:24Z	BODYAWRR	837	valkyrie	14342027	B	C	core_destroyed	418
2026-08-15T05:18:19Z	BODYAWRR	838	yulerune	14342027	A	C	core_destroyed	217
2026-08-15T05:18:18Z	BODYAWRR	839	yulerune	14342027	B	C	core_destroyed	155
2026-08-15T05:18:26Z	BODYAWRR	840	antler	14342028	A	C	core_destroyed	221
2026-08-15T05:18:25Z	BODYAWRR	841	antler	14342028	B	C	core_destroyed	139
2026-08-15T05:18:29Z	BODYAWRR	842	archipelago	14342028	A	C	core_destroyed	246
2026-08-15T05:18:27Z	BODYAWRR	843	archipelago	14342028	B	C	core_destroyed	107
2026-08-15T05:18:32Z	BODYAWRR	844	auroraveil	14342028	A	T	core_destroyed	293
2026-08-15T05:18:34Z	BODYAWRR	845	auroraveil	14342028	B	C	tiebreak	1000
2026-08-15T05:18:32Z	BODYAWRR	846	drakkarfjord	14342028	A	C	core_destroyed	166
2026-08-15T05:18:37Z	BODYAWRR	847	drakkarfjord	14342028	B	T	core_destroyed	625
2026-08-15T05:18:39Z	BODYAWRR	848	drumlin	14342028	A	T	core_destroyed	156
2026-08-15T05:18:40Z	BODYAWRR	849	drumlin	14342028	B	T	core_destroyed	233
2026-08-15T05:18:38Z	BODYAWRR	850	fjordgate	14342028	A	T	core_destroyed	132
2026-08-15T05:18:38Z	BODYAWRR	851	fjordgate	14342028	B	C	core_destroyed	116
2026-08-15T05:18:42Z	BODYAWRR	852	frostgate	14342028	A	T	core_destroyed	295
2026-08-15T05:18:41Z	BODYAWRR	853	frostgate	14342028	B	T	core_destroyed	177
2026-08-15T05:18:45Z	BODYAWRR	854	glacierkeep	14342028	A	T	core_destroyed	565
2026-08-15T05:18:42Z	BODYAWRR	855	glacierkeep	14342028	B	C	core_destroyed	196
2026-08-15T05:18:47Z	BODYAWRR	856	icefloe	14342028	A	T	core_destroyed	189
2026-08-15T05:18:49Z	BODYAWRR	857	icefloe	14342028	B	C	core_destroyed	364
2026-08-15T05:18:52Z	BODYAWRR	858	midgard	14342028	A	C	core_destroyed	346
2026-08-15T05:18:51Z	BODYAWRR	859	midgard	14342028	B	T	core_destroyed	275
2026-08-15T05:18:56Z	BODYAWRR	860	nordkap	14342028	A	C	core_destroyed	333
2026-08-15T05:18:53Z	BODYAWRR	861	nordkap	14342028	B	C	core_destroyed	129
2026-08-15T05:18:58Z	BODYAWRR	862	ragnarok	14342028	A	T	core_destroyed	247
2026-08-15T05:19:05Z	BODYAWRR	863	ragnarok	14342028	B	C	tiebreak	1000
2026-08-15T05:19:06Z	BODYAWRR	864	royale	14342028	A	T	core_destroyed	118
2026-08-15T05:19:08Z	BODYAWRR	865	royale	14342028	B	C	core_destroyed	405
2026-08-15T05:19:07Z	BODYAWRR	866	valkyrie	14342028	A	T	core_destroyed	194
2026-08-15T05:19:07Z	BODYAWRR	867	valkyrie	14342028	B	C	core_destroyed	133
2026-08-15T05:19:10Z	BODYAWRR	868	yulerune	14342028	A	T	core_destroyed	329
2026-08-15T05:19:09Z	BODYAWRR	869	yulerune	14342028	B	C	core_destroyed	136
2026-08-15T05:19:10Z	BODYAWRR	870	antler	14342029	A	T	core_destroyed	221
2026-08-15T05:19:12Z	BODYAWRR	871	antler	14342029	B	T	core_destroyed	467
2026-08-15T05:19:15Z	BODYAWRR	872	archipelago	14342029	A	C	core_destroyed	122
2026-08-15T05:19:15Z	BODYAWRR	873	archipelago	14342029	B	T	core_destroyed	212
2026-08-15T05:19:14Z	BODYAWRR	874	auroraveil	14342029	A	T	core_destroyed	153
2026-08-15T05:19:18Z	BODYAWRR	875	auroraveil	14342029	B	C	tiebreak	1000
2026-08-15T05:19:26Z	BODYAWRR	876	drakkarfjord	14342029	A	C	core_destroyed	778
2026-08-15T05:19:23Z	BODYAWRR	877	drakkarfjord	14342029	B	T	core_destroyed	521
2026-08-15T05:19:20Z	BODYAWRR	878	drumlin	14342029	A	T	core_destroyed	123
2026-08-15T05:19:19Z	BODYAWRR	879	drumlin	14342029	B	C	core_destroyed	80
2026-08-15T05:19:28Z	BODYAWRR	880	fjordgate	14342029	A	C	core_destroyed	453
2026-08-15T05:19:29Z	BODYAWRR	881	fjordgate	14342029	B	T	core_destroyed	458
2026-08-15T05:19:29Z	BODYAWRR	882	frostgate	14342029	A	T	tiebreak	1000
2026-08-15T05:19:28Z	BODYAWRR	883	frostgate	14342029	B	T	core_destroyed	176
2026-08-15T05:19:32Z	BODYAWRR	884	glacierkeep	14342029	A	C	core_destroyed	193
2026-08-15T05:19:39Z	BODYAWRR	885	glacierkeep	14342029	B	T	core_destroyed	881
2026-08-15T05:19:33Z	BODYAWRR	886	icefloe	14342029	A	C	core_destroyed	263
2026-08-15T05:19:33Z	BODYAWRR	887	icefloe	14342029	B	T	core_destroyed	245
2026-08-15T05:19:41Z	BODYAWRR	888	midgard	14342029	A	T	core_destroyed	91
2026-08-15T05:19:46Z	BODYAWRR	889	midgard	14342029	B	T	core_destroyed	220
2026-08-15T05:19:40Z	BODYAWRR	890	nordkap	14342029	A	T	core_destroyed	138
2026-08-15T05:19:41Z	BODYAWRR	891	nordkap	14342029	B	C	core_destroyed	122
2026-08-15T05:19:58Z	BODYAWRR	892	ragnarok	14342029	A	T	core_destroyed	592
2026-08-15T05:19:50Z	BODYAWRR	893	ragnarok	14342029	B	T	core_destroyed	519
2026-08-15T05:19:48Z	BODYAWRR	894	royale	14342029	A	T	core_destroyed	333
2026-08-15T05:19:49Z	BODYAWRR	895	royale	14342029	B	T	core_destroyed	398
2026-08-15T05:20:03Z	BODYAWRR	896	valkyrie	14342029	A	C	core_destroyed	289
2026-08-15T05:20:01Z	BODYAWRR	897	valkyrie	14342029	B	T	core_destroyed	196
2026-08-15T05:20:04Z	BODYAWRR	898	yulerune	14342029	A	T	core_destroyed	279
2026-08-15T05:20:00Z	BODYAWRR	899	yulerune	14342029	B	T	core_destroyed	136
2026-08-15T05:20:06Z	BODYAWRR	900	antler	14342030	A	C	core_destroyed	194
2026-08-15T05:20:06Z	BODYAWRR	901	antler	14342030	B	C	core_destroyed	228
2026-08-15T05:20:06Z	BODYAWRR	902	archipelago	14342030	A	T	core_destroyed	78
2026-08-15T05:20:06Z	BODYAWRR	903	archipelago	14342030	B	T	core_destroyed	126
2026-08-15T05:20:08Z	BODYAWRR	904	auroraveil	14342030	A	T	core_destroyed	142
2026-08-15T05:20:08Z	BODYAWRR	905	auroraveil	14342030	B	C	core_destroyed	178
2026-08-15T05:20:11Z	BODYAWRR	906	drakkarfjord	14342030	A	T	core_destroyed	394
2026-08-15T05:20:10Z	BODYAWRR	907	drakkarfjord	14342030	B	T	core_destroyed	227
2026-08-15T05:20:13Z	BODYAWRR	908	drumlin	14342030	A	T	core_destroyed	158
2026-08-15T05:20:13Z	BODYAWRR	909	drumlin	14342030	B	C	core_destroyed	154
2026-08-15T05:20:13Z	BODYAWRR	910	fjordgate	14342030	A	C	core_destroyed	179
2026-08-15T05:20:12Z	BODYAWRR	911	fjordgate	14342030	B	T	core_destroyed	136
2026-08-15T05:20:15Z	BODYAWRR	912	frostgate	14342030	A	T	core_destroyed	169
2026-08-15T05:20:22Z	BODYAWRR	913	frostgate	14342030	B	T	tiebreak	1000
2026-08-15T05:20:15Z	BODYAWRR	914	glacierkeep	14342030	A	T	core_destroyed	151
2026-08-15T05:20:17Z	BODYAWRR	915	glacierkeep	14342030	B	T	core_destroyed	217
2026-08-15T05:20:27Z	BODYAWRR	916	icefloe	14342030	A	T	core_destroyed	338
2026-08-15T05:20:24Z	BODYAWRR	917	icefloe	14342030	B	C	core_destroyed	136
2026-08-15T05:20:26Z	BODYAWRR	918	midgard	14342030	A	C	core_destroyed	224
2026-08-15T05:20:24Z	BODYAWRR	919	midgard	14342030	B	T	core_destroyed	164
2026-08-15T05:20:29Z	BODYAWRR	920	nordkap	14342030	A	T	core_destroyed	199
2026-08-15T05:20:29Z	BODYAWRR	921	nordkap	14342030	B	C	core_destroyed	273
2026-08-15T05:20:29Z	BODYAWRR	922	ragnarok	14342030	A	T	core_destroyed	125
2026-08-15T05:20:29Z	BODYAWRR	923	ragnarok	14342030	B	C	core_destroyed	102
2026-08-15T05:20:31Z	BODYAWRR	924	royale	14342030	A	C	core_destroyed	264
2026-08-15T05:20:31Z	BODYAWRR	925	royale	14342030	B	T	core_destroyed	229
2026-08-15T05:20:33Z	BODYAWRR	926	valkyrie	14342030	A	C	core_destroyed	265
2026-08-15T05:20:32Z	BODYAWRR	927	valkyrie	14342030	B	C	core_destroyed	201
2026-08-15T05:20:35Z	BODYAWRR	928	yulerune	14342030	A	T	core_destroyed	141
2026-08-15T05:20:35Z	BODYAWRR	929	yulerune	14342030	B	C	core_destroyed	175
2026-08-15T05:20:35Z	BODYAWRR	930	antler	14342031	A	T	core_destroyed	185
2026-08-15T05:20:37Z	BODYAWRR	931	antler	14342031	B	C	core_destroyed	375
2026-08-15T05:20:40Z	BODYAWRR	932	archipelago	14342031	A	T	core_destroyed	137
2026-08-15T05:20:40Z	BODYAWRR	933	archipelago	14342031	B	T	core_destroyed	137
2026-08-15T05:20:39Z	BODYAWRR	934	auroraveil	14342031	A	C	core_destroyed	134
2026-08-15T05:20:38Z	BODYAWRR	935	auroraveil	14342031	B	C	core_destroyed	110
2026-08-15T05:20:50Z	BODYAWRR	936	drakkarfjord	14342031	A	T	tiebreak	1000
2026-08-15T05:20:45Z	BODYAWRR	937	drakkarfjord	14342031	B	C	core_destroyed	363
2026-08-15T05:20:43Z	BODYAWRR	938	drumlin	14342031	A	C	core_destroyed	210
2026-08-15T05:20:43Z	BODYAWRR	939	drumlin	14342031	B	T	core_destroyed	194
2026-08-15T05:20:51Z	BODYAWRR	940	fjordgate	14342031	A	T	core_destroyed	191
2026-08-15T05:20:51Z	BODYAWRR	941	fjordgate	14342031	B	C	core_destroyed	150
2026-08-15T05:20:52Z	BODYAWRR	942	frostgate	14342031	A	C	core_destroyed	273
2026-08-15T05:20:52Z	BODYAWRR	943	frostgate	14342031	B	C	core_destroyed	164
2026-08-15T05:20:56Z	BODYAWRR	944	glacierkeep	14342031	A	T	core_destroyed	491
2026-08-15T05:20:57Z	BODYAWRR	945	glacierkeep	14342031	B	T	core_destroyed	353
2026-08-15T05:20:54Z	BODYAWRR	946	icefloe	14342031	A	C	core_destroyed	199
2026-08-15T05:20:58Z	BODYAWRR	947	icefloe	14342031	B	T	core_destroyed	494
2026-08-15T05:21:01Z	BODYAWRR	948	midgard	14342031	A	C	core_destroyed	120
2026-08-15T05:21:01Z	BODYAWRR	949	midgard	14342031	B	T	core_destroyed	118
2026-08-15T05:21:00Z	BODYAWRR	950	nordkap	14342031	A	T	core_destroyed	177
2026-08-15T05:21:03Z	BODYAWRR	951	nordkap	14342031	B	C	tiebreak	1000
2026-08-15T05:22:02Z	BODYAWRR	952	ragnarok	14342031	A	T	tiebreak	1000
2026-08-15T05:21:05Z	BODYAWRR	953	ragnarok	14342031	B	C	core_destroyed	136
2026-08-15T05:21:05Z	BODYAWRR	954	royale	14342031	A	C	core_destroyed	281
2026-08-15T05:21:05Z	BODYAWRR	955	royale	14342031	B	T	core_destroyed	124
2026-08-15T05:22:06Z	BODYAWRR	956	valkyrie	14342031	A	T	core_destroyed	449
2026-08-15T05:22:06Z	BODYAWRR	957	valkyrie	14342031	B	T	core_destroyed	356
2026-08-15T05:22:05Z	BODYAWRR	958	yulerune	14342031	A	T	core_destroyed	394
2026-08-15T05:22:04Z	BODYAWRR	959	yulerune	14342031	B	T	core_destroyed	147
2026-08-15T05:22:10Z	BODYAWRR	960	antler	14342032	A	T	core_destroyed	308
2026-08-15T05:22:09Z	BODYAWRR	961	antler	14342032	B	T	core_destroyed	253
2026-08-15T05:22:09Z	BODYAWRR	962	archipelago	14342032	A	C	core_destroyed	105
2026-08-15T05:22:09Z	BODYAWRR	963	archipelago	14342032	B	C	core_destroyed	99
2026-08-15T05:22:12Z	BODYAWRR	964	auroraveil	14342032	A	T	core_destroyed	133
2026-08-15T05:22:12Z	BODYAWRR	965	auroraveil	14342032	B	T	core_destroyed	121
2026-08-15T05:22:15Z	BODYAWRR	966	drakkarfjord	14342032	A	C	core_destroyed	281
2026-08-15T05:22:18Z	BODYAWRR	967	drakkarfjord	14342032	B	C	core_destroyed	507
2026-08-15T05:22:25Z	BODYAWRR	968	drumlin	14342032	A	T	core_destroyed	417
2026-08-15T05:22:20Z	BODYAWRR	969	drumlin	14342032	B	T	core_destroyed	209
2026-08-15T05:22:20Z	BODYAWRR	970	fjordgate	14342032	A	T	core_destroyed	461
2026-08-15T05:22:20Z	BODYAWRR	971	fjordgate	14342032	B	C	core_destroyed	317
2026-08-15T05:22:28Z	BODYAWRR	972	frostgate	14342032	A	C	core_destroyed	189
2026-08-15T05:22:28Z	BODYAWRR	973	frostgate	14342032	B	T	core_destroyed	176
2026-08-15T05:22:31Z	BODYAWRR	974	glacierkeep	14342032	A	T	core_destroyed	413
2026-08-15T05:22:36Z	BODYAWRR	975	glacierkeep	14342032	B	T	core_destroyed	577
2026-08-15T05:22:39Z	BODYAWRR	976	icefloe	14342032	A	T	core_destroyed	180
2026-08-15T05:22:41Z	BODYAWRR	977	icefloe	14342032	B	C	core_destroyed	356
2026-08-15T05:22:40Z	BODYAWRR	978	midgard	14342032	A	T	core_destroyed	167
2026-08-15T05:22:39Z	BODYAWRR	979	midgard	14342032	B	T	core_destroyed	105
2026-08-15T05:22:43Z	BODYAWRR	980	nordkap	14342032	A	T	core_destroyed	184
2026-08-15T05:22:43Z	BODYAWRR	981	nordkap	14342032	B	T	core_destroyed	270
2026-08-15T05:22:44Z	BODYAWRR	982	ragnarok	14342032	A	T	core_destroyed	137
2026-08-15T05:22:44Z	BODYAWRR	983	ragnarok	14342032	B	C	core_destroyed	95
2026-08-15T05:22:46Z	BODYAWRR	984	royale	14342032	A	C	core_destroyed	150
2026-08-15T05:22:45Z	BODYAWRR	985	royale	14342032	B	T	core_destroyed	105
2026-08-15T05:22:47Z	BODYAWRR	986	valkyrie	14342032	A	C	core_destroyed	279
2026-08-15T05:22:46Z	BODYAWRR	987	valkyrie	14342032	B	C	core_destroyed	161
2026-08-15T05:22:49Z	BODYAWRR	988	yulerune	14342032	A	T	core_destroyed	153
2026-08-15T05:22:53Z	BODYAWRR	989	yulerune	14342032	B	C	core_destroyed	477
2026-08-15T05:22:50Z	BODYAWRR	990	antler	14342033	A	T	core_destroyed	341
2026-08-15T05:22:50Z	BODYAWRR	991	antler	14342033	B	T	core_destroyed	336
2026-08-15T05:22:57Z	BODYAWRR	992	archipelago	14342033	A	C	core_destroyed	154
2026-08-15T05:22:56Z	BODYAWRR	993	archipelago	14342033	B	T	core_destroyed	169
2026-08-15T05:22:57Z	BODYAWRR	994	auroraveil	14342033	A	T	core_destroyed	313
2026-08-15T05:23:03Z	BODYAWRR	995	auroraveil	14342033	B	C	tiebreak	1000
2026-08-15T05:23:15Z	BODYAWRR	996	drakkarfjord	14342033	A	T	tiebreak	1000
2026-08-15T05:23:09Z	BODYAWRR	997	drakkarfjord	14342033	B	T	core_destroyed	276
2026-08-15T05:23:11Z	BODYAWRR	998	drumlin	14342033	A	C	core_destroyed	597
2026-08-15T05:23:06Z	BODYAWRR	999	drumlin	14342033	B	C	core_destroyed	246
2026-08-15T05:23:18Z	BODYAWRR	1000	fjordgate	14342033	A	C	core_destroyed	297
2026-08-15T05:23:17Z	BODYAWRR	1001	fjordgate	14342033	B	C	core_destroyed	248
2026-08-15T05:23:17Z	BODYAWRR	1002	frostgate	14342033	A	C	core_destroyed	145
2026-08-15T05:23:20Z	BODYAWRR	1003	frostgate	14342033	B	C	tiebreak	1000
2026-08-15T05:23:26Z	BODYAWRR	1004	glacierkeep	14342033	A	C	core_destroyed	817
2026-08-15T05:23:22Z	BODYAWRR	1005	glacierkeep	14342033	B	T	core_destroyed	201
2026-08-15T05:23:23Z	BODYAWRR	1006	icefloe	14342033	A	T	core_destroyed	213
2026-08-15T05:23:25Z	BODYAWRR	1007	icefloe	14342033	B	T	core_destroyed	335
2026-08-15T05:23:31Z	BODYAWRR	1008	midgard	14342033	A	T	core_destroyed	243
2026-08-15T05:23:33Z	BODYAWRR	1009	midgard	14342033	B	T	core_destroyed	220
2026-08-15T05:23:28Z	BODYAWRR	1010	nordkap	14342033	A	C	core_destroyed	160
2026-08-15T05:23:29Z	BODYAWRR	1011	nordkap	14342033	B	T	core_destroyed	339
2026-08-15T05:23:36Z	BODYAWRR	1012	ragnarok	14342033	A	C	core_destroyed	310
2026-08-15T05:23:38Z	BODYAWRR	1013	ragnarok	14342033	B	C	core_destroyed	329
2026-08-15T05:23:35Z	BODYAWRR	1014	royale	14342033	A	C	core_destroyed	237
2026-08-15T05:23:36Z	BODYAWRR	1015	royale	14342033	B	T	core_destroyed	352
2026-08-15T05:23:41Z	BODYAWRR	1016	valkyrie	14342033	A	C	core_destroyed	134
2026-08-15T05:23:41Z	BODYAWRR	1017	valkyrie	14342033	B	T	core_destroyed	204
2026-08-15T05:23:42Z	BODYAWRR	1018	yulerune	14342033	A	T	core_destroyed	214
2026-08-15T05:23:41Z	BODYAWRR	1019	yulerune	14342033	B	T	core_destroyed	224
2026-08-15T05:23:44Z	BODYAWRR	1020	antler	14342034	A	T	core_destroyed	166
2026-08-15T05:23:43Z	BODYAWRR	1021	antler	14342034	B	T	core_destroyed	150
2026-08-15T05:23:46Z	BODYAWRR	1022	archipelago	14342034	A	T	core_destroyed	182
2026-08-15T05:23:45Z	BODYAWRR	1023	archipelago	14342034	B	T	core_destroyed	159
2026-08-15T05:23:48Z	BODYAWRR	1024	auroraveil	14342034	A	T	core_destroyed	151
2026-08-15T05:23:48Z	BODYAWRR	1025	auroraveil	14342034	B	C	core_destroyed	217
2026-08-15T05:23:53Z	BODYAWRR	1026	drakkarfjord	14342034	A	C	core_destroyed	470
2026-08-15T05:23:55Z	BODYAWRR	1027	drakkarfjord	14342034	B	T	tiebreak	1000
2026-08-15T05:23:57Z	BODYAWRR	1028	drumlin	14342034	A	C	core_destroyed	157
2026-08-15T05:23:56Z	BODYAWRR	1029	drumlin	14342034	B	C	core_destroyed	155
2026-08-15T05:23:57Z	BODYAWRR	1030	fjordgate	14342034	A	T	core_destroyed	311
2026-08-15T05:23:57Z	BODYAWRR	1031	fjordgate	14342034	B	T	core_destroyed	252
2026-08-15T05:24:00Z	BODYAWRR	1032	frostgate	14342034	A	C	core_destroyed	513
2026-08-15T05:23:59Z	BODYAWRR	1033	frostgate	14342034	B	T	core_destroyed	130
2026-08-15T05:24:00Z	BODYAWRR	1034	glacierkeep	14342034	A	T	core_destroyed	297
2026-08-15T05:24:00Z	BODYAWRR	1035	glacierkeep	14342034	B	T	core_destroyed	208
2026-08-15T05:24:06Z	BODYAWRR	1036	icefloe	14342034	A	C	core_destroyed	384
2026-08-15T05:24:02Z	BODYAWRR	1037	icefloe	14342034	B	C	core_destroyed	148
2026-08-15T05:24:05Z	BODYAWRR	1038	midgard	14342034	A	C	core_destroyed	319
2026-08-15T05:24:02Z	BODYAWRR	1039	midgard	14342034	B	C	core_destroyed	88
2026-08-15T05:24:09Z	BODYAWRR	1040	nordkap	14342034	A	T	core_destroyed	276
2026-08-15T05:24:09Z	BODYAWRR	1041	nordkap	14342034	B	C	core_destroyed	363
2026-08-15T05:24:08Z	BODYAWRR	1042	ragnarok	14342034	A	T	core_destroyed	139
2026-08-15T05:24:08Z	BODYAWRR	1043	ragnarok	14342034	B	C	core_destroyed	119
2026-08-15T05:24:11Z	BODYAWRR	1044	royale	14342034	A	C	core_destroyed	158
2026-08-15T05:24:12Z	BODYAWRR	1045	royale	14342034	B	T	core_destroyed	449
2026-08-15T05:24:14Z	BODYAWRR	1046	valkyrie	14342034	A	T	core_destroyed	713
2026-08-15T05:24:11Z	BODYAWRR	1047	valkyrie	14342034	B	C	core_destroyed	105
2026-08-15T05:24:16Z	BODYAWRR	1048	yulerune	14342034	A	T	core_destroyed	140
2026-08-15T05:24:17Z	BODYAWRR	1049	yulerune	14342034	B	T	core_destroyed	237
2026-08-15T05:24:17Z	BODYAWRR	1050	antler	14342035	A	T	core_destroyed	151
2026-08-15T05:24:20Z	BODYAWRR	1051	antler	14342035	B	C	tiebreak	1000
2026-08-15T05:24:27Z	BODYAWRR	1052	archipelago	14342035	A	T	core_destroyed	531
2026-08-15T05:24:22Z	BODYAWRR	1053	archipelago	14342035	B	T	core_destroyed	167
2026-08-15T05:24:23Z	BODYAWRR	1054	auroraveil	14342035	A	T	core_destroyed	222
2026-08-15T05:24:22Z	BODYAWRR	1055	auroraveil	14342035	B	C	core_destroyed	249
2026-08-15T05:24:32Z	BODYAWRR	1056	drakkarfjord	14342035	A	T	core_destroyed	393
2026-08-15T05:24:32Z	BODYAWRR	1057	drakkarfjord	14342035	B	T	core_destroyed	202
2026-08-15T05:24:32Z	BODYAWRR	1058	drumlin	14342035	A	C	core_destroyed	301
2026-08-15T05:24:29Z	BODYAWRR	1059	drumlin	14342035	B	T	core_destroyed	112
2026-08-15T05:24:37Z	BODYAWRR	1060	fjordgate	14342035	A	T	tiebreak	1000
2026-08-15T05:24:36Z	BODYAWRR	1061	fjordgate	14342035	B	C	core_destroyed	374
2026-08-15T05:24:35Z	BODYAWRR	1062	frostgate	14342035	A	C	core_destroyed	275
2026-08-15T05:24:34Z	BODYAWRR	1063	frostgate	14342035	B	T	tiebreak	217
2026-08-15T05:24:39Z	BODYAWRR	1064	glacierkeep	14342035	A	T	core_destroyed	171
2026-08-15T05:24:49Z	BODYAWRR	1065	glacierkeep	14342035	B	C	tiebreak	1000
2026-08-15T05:24:39Z	BODYAWRR	1066	icefloe	14342035	A	C	core_destroyed	182
2026-08-15T05:24:40Z	BODYAWRR	1067	icefloe	14342035	B	C	core_destroyed	208
2026-08-15T05:24:51Z	BODYAWRR	1068	midgard	14342035	A	T	core_destroyed	134
2026-08-15T05:24:52Z	BODYAWRR	1069	midgard	14342035	B	C	core_destroyed	184
2026-08-15T05:24:51Z	BODYAWRR	1070	nordkap	14342035	A	C	core_destroyed	333
2026-08-15T05:24:50Z	BODYAWRR	1071	nordkap	14342035	B	T	core_destroyed	102
2026-08-15T05:24:59Z	BODYAWRR	1072	ragnarok	14342035	A	C	core_destroyed	309
2026-08-15T05:25:47Z	BODYAWRR	1073	ragnarok	14342035	B	T	tiebreak	1000
2026-08-15T05:24:54Z	BODYAWRR	1074	royale	14342035	A	C	core_destroyed	184
2026-08-15T05:24:55Z	BODYAWRR	1075	royale	14342035	B	T	tiebreak	1000
2026-08-15T05:25:51Z	BODYAWRR	1076	valkyrie	14342035	A	T	core_destroyed	265
2026-08-15T05:25:49Z	BODYAWRR	1077	valkyrie	14342035	B	C	core_destroyed	95
2026-08-15T05:25:50Z	BODYAWRR	1078	yulerune	14342035	A	C	core_destroyed	238
2026-08-15T05:25:49Z	BODYAWRR	1079	yulerune	14342035	B	T	core_destroyed	178
2026-08-15T05:25:57Z	BODYAWRR	1080	antler	14342036	A	T	tiebreak	1000
2026-08-15T05:25:53Z	BODYAWRR	1081	antler	14342036	B	C	core_destroyed	170
2026-08-15T05:25:54Z	BODYAWRR	1082	archipelago	14342036	A	C	core_destroyed	126
2026-08-15T05:25:54Z	BODYAWRR	1083	archipelago	14342036	B	T	core_destroyed	162
2026-08-15T05:26:01Z	BODYAWRR	1084	auroraveil	14342036	A	C	core_destroyed	333
2026-08-15T05:26:05Z	BODYAWRR	1085	auroraveil	14342036	B	T	tiebreak	1000
2026-08-15T05:26:02Z	BODYAWRR	1086	drakkarfjord	14342036	A	T	core_destroyed	236
2026-08-15T05:26:05Z	BODYAWRR	1087	drakkarfjord	14342036	B	T	core_destroyed	464
2026-08-15T05:26:11Z	BODYAWRR	1088	drumlin	14342036	A	C	tiebreak	1000
2026-08-15T05:26:07Z	BODYAWRR	1089	drumlin	14342036	B	C	core_destroyed	98
2026-08-15T05:26:07Z	BODYAWRR	1090	fjordgate	14342036	A	T	core_destroyed	92
2026-08-15T05:26:08Z	BODYAWRR	1091	fjordgate	14342036	B	T	core_destroyed	257
2026-08-15T05:26:12Z	BODYAWRR	1092	frostgate	14342036	A	C	core_destroyed	159
2026-08-15T05:26:13Z	BODYAWRR	1093	frostgate	14342036	B	C	core_destroyed	180
2026-08-15T05:26:14Z	BODYAWRR	1094	glacierkeep	14342036	A	T	core_destroyed	287
2026-08-15T05:26:13Z	BODYAWRR	1095	glacierkeep	14342036	B	C	core_destroyed	182
2026-08-15T05:26:17Z	BODYAWRR	1096	icefloe	14342036	A	C	core_destroyed	168
2026-08-15T05:26:16Z	BODYAWRR	1097	icefloe	14342036	B	C	core_destroyed	241
2026-08-15T05:26:17Z	BODYAWRR	1098	midgard	14342036	A	T	core_destroyed	81
2026-08-15T05:26:19Z	BODYAWRR	1099	midgard	14342036	B	T	core_destroyed	248
2026-08-15T05:26:21Z	BODYAWRR	1100	nordkap	14342036	A	T	core_destroyed	133
2026-08-15T05:26:23Z	BODYAWRR	1101	nordkap	14342036	B	C	core_destroyed	430
2026-08-15T05:26:23Z	BODYAWRR	1102	ragnarok	14342036	A	T	core_destroyed	220
2026-08-15T05:26:24Z	BODYAWRR	1103	ragnarok	14342036	B	T	core_destroyed	234
2026-08-15T05:26:26Z	BODYAWRR	1104	royale	14342036	A	C	core_destroyed	372
2026-08-15T05:26:28Z	BODYAWRR	1105	royale	14342036	B	T	core_destroyed	276
2026-08-15T05:26:29Z	BODYAWRR	1106	valkyrie	14342036	A	T	core_destroyed	212
2026-08-15T05:26:28Z	BODYAWRR	1107	valkyrie	14342036	B	C	core_destroyed	233
2026-08-15T05:26:41Z	BODYAWRR	1108	yulerune	14342036	A	T	tiebreak	1000
2026-08-15T05:26:32Z	BODYAWRR	1109	yulerune	14342036	B	T	core_destroyed	168
2026-08-15T05:26:30Z	BODYAWRR	1110	antler	14342037	A	T	core_destroyed	164
2026-08-15T05:26:32Z	BODYAWRR	1111	antler	14342037	B	C	core_destroyed	348
2026-08-15T05:26:44Z	BODYAWRR	1112	archipelago	14342037	A	T	core_destroyed	108
2026-08-15T05:26:43Z	BODYAWRR	1113	archipelago	14342037	B	C	core_destroyed	119
2026-08-15T05:26:43Z	BODYAWRR	1114	auroraveil	14342037	A	T	core_destroyed	154
2026-08-15T05:26:45Z	BODYAWRR	1115	auroraveil	14342037	B	C	core_destroyed	306
2026-08-15T05:26:48Z	BODYAWRR	1116	drakkarfjord	14342037	A	C	core_destroyed	133
2026-08-15T05:26:52Z	BODYAWRR	1117	drakkarfjord	14342037	B	C	core_destroyed	366
2026-08-15T05:26:52Z	BODYAWRR	1118	drumlin	14342037	A	T	core_destroyed	778
2026-08-15T05:26:49Z	BODYAWRR	1119	drumlin	14342037	B	T	core_destroyed	225
2026-08-15T05:26:55Z	BODYAWRR	1120	fjordgate	14342037	A	T	core_destroyed	332
2026-08-15T05:26:55Z	BODYAWRR	1121	fjordgate	14342037	B	T	core_destroyed	636
2026-08-15T05:26:53Z	BODYAWRR	1122	frostgate	14342037	A	T	core_destroyed	117
2026-08-15T05:26:54Z	BODYAWRR	1123	frostgate	14342037	B	C	core_destroyed	313
2026-08-15T05:26:57Z	BODYAWRR	1124	glacierkeep	14342037	A	C	core_destroyed	160
2026-08-15T05:27:03Z	BODYAWRR	1125	glacierkeep	14342037	B	C	tiebreak	1000
2026-08-15T05:26:57Z	BODYAWRR	1126	icefloe	14342037	A	T	core_destroyed	104
2026-08-15T05:26:58Z	BODYAWRR	1127	icefloe	14342037	B	C	core_destroyed	246
2026-08-15T05:27:06Z	BODYAWRR	1128	midgard	14342037	A	T	core_destroyed	163
2026-08-15T05:27:05Z	BODYAWRR	1129	midgard	14342037	B	C	core_destroyed	120
2026-08-15T05:27:08Z	BODYAWRR	1130	nordkap	14342037	A	T	core_destroyed	454
2026-08-15T05:27:04Z	BODYAWRR	1131	nordkap	14342037	B	T	core_destroyed	144
2026-08-15T05:27:13Z	BODYAWRR	1132	ragnarok	14342037	A	T	core_destroyed	485
2026-08-15T05:27:10Z	BODYAWRR	1133	ragnarok	14342037	B	C	core_destroyed	157
2026-08-15T05:27:10Z	BODYAWRR	1134	royale	14342037	A	C	core_destroyed	556
2026-08-15T05:27:09Z	BODYAWRR	1135	royale	14342037	B	T	core_destroyed	132
2026-08-15T05:27:16Z	BODYAWRR	1136	valkyrie	14342037	A	T	core_destroyed	293
2026-08-15T05:27:17Z	BODYAWRR	1137	valkyrie	14342037	B	T	core_destroyed	194
2026-08-15T05:27:18Z	BODYAWRR	1138	yulerune	14342037	A	T	core_destroyed	318
2026-08-15T05:27:15Z	BODYAWRR	1139	yulerune	14342037	B	C	core_destroyed	211
2026-08-15T05:27:20Z	BODYAWRR	1140	antler	14342038	A	T	core_destroyed	174
2026-08-15T05:27:21Z	BODYAWRR	1141	antler	14342038	B	C	core_destroyed	392
2026-08-15T05:27:23Z	BODYAWRR	1142	archipelago	14342038	A	C	core_destroyed	327
2026-08-15T05:27:20Z	BODYAWRR	1143	archipelago	14342038	B	T	core_destroyed	122
2026-08-15T05:27:26Z	BODYAWRR	1144	auroraveil	14342038	A	T	core_destroyed	324
2026-08-15T05:27:25Z	BODYAWRR	1145	auroraveil	14342038	B	T	core_destroyed	213
2026-08-15T05:27:26Z	BODYAWRR	1146	drakkarfjord	14342038	A	T	core_destroyed	317
2026-08-15T05:27:27Z	BODYAWRR	1147	drakkarfjord	14342038	B	T	core_destroyed	297
2026-08-15T05:27:34Z	BODYAWRR	1148	drumlin	14342038	A	C	core_destroyed	401
2026-08-15T05:27:32Z	BODYAWRR	1149	drumlin	14342038	B	T	core_destroyed	340
2026-08-15T05:27:29Z	BODYAWRR	1150	fjordgate	14342038	A	T	core_destroyed	132
2026-08-15T05:27:29Z	BODYAWRR	1151	fjordgate	14342038	B	C	core_destroyed	110
2026-08-15T05:27:35Z	BODYAWRR	1152	frostgate	14342038	A	T	core_destroyed	141
2026-08-15T05:27:35Z	BODYAWRR	1153	frostgate	14342038	B	T	core_destroyed	162
2026-08-15T05:27:36Z	BODYAWRR	1154	glacierkeep	14342038	A	T	core_destroyed	171
2026-08-15T05:27:45Z	BODYAWRR	1155	glacierkeep	14342038	B	T	tiebreak	1000
2026-08-15T05:27:48Z	BODYAWRR	1156	icefloe	14342038	A	T	core_destroyed	195
2026-08-15T05:27:47Z	BODYAWRR	1157	icefloe	14342038	B	C	core_destroyed	204
2026-08-15T05:27:48Z	BODYAWRR	1158	midgard	14342038	A	C	core_destroyed	124
2026-08-15T05:27:48Z	BODYAWRR	1159	midgard	14342038	B	C	core_destroyed	200
2026-08-15T05:27:50Z	BODYAWRR	1160	nordkap	14342038	A	T	core_destroyed	126
2026-08-15T05:27:51Z	BODYAWRR	1161	nordkap	14342038	B	T	core_destroyed	195
2026-08-15T05:27:51Z	BODYAWRR	1162	ragnarok	14342038	A	T	core_destroyed	130
2026-08-15T05:28:51Z	BODYAWRR	1163	ragnarok	14342038	B	C	tiebreak	1000
2026-08-15T05:28:53Z	BODYAWRR	1164	royale	14342038	A	T	core_destroyed	218
2026-08-15T05:28:53Z	BODYAWRR	1165	royale	14342038	B	C	core_destroyed	176
2026-08-15T05:28:53Z	BODYAWRR	1166	valkyrie	14342038	A	T	core_destroyed	98
2026-08-15T05:28:54Z	BODYAWRR	1167	valkyrie	14342038	B	T	core_destroyed	224
2026-08-15T05:28:56Z	BODYAWRR	1168	yulerune	14342038	A	C	core_destroyed	168
2026-08-15T05:29:01Z	BODYAWRR	1169	yulerune	14342038	B	T	core_destroyed	368
2026-08-15T05:28:58Z	BODYAWRR	1170	antler	14342039	A	T	core_destroyed	356
2026-08-15T05:28:56Z	BODYAWRR	1171	antler	14342039	B	C	core_destroyed	146
2026-08-15T05:29:02Z	BODYAWRR	1172	archipelago	14342039	A	C	core_destroyed	82
2026-08-15T05:29:05Z	BODYAWRR	1173	archipelago	14342039	B	C	core_destroyed	210
2026-08-15T05:29:04Z	BODYAWRR	1174	auroraveil	14342039	A	T	core_destroyed	537
2026-08-15T05:29:03Z	BODYAWRR	1175	auroraveil	14342039	B	T	core_destroyed	213
2026-08-15T05:29:19Z	BODYAWRR	1176	drakkarfjord	14342039	A	T	core_destroyed	634
2026-08-15T05:29:09Z	BODYAWRR	1177	drakkarfjord	14342039	B	C	core_destroyed	328
2026-08-15T05:29:07Z	BODYAWRR	1178	drumlin	14342039	A	C	core_destroyed	284
2026-08-15T05:29:10Z	BODYAWRR	1179	drumlin	14342039	B	C	core_destroyed	381
2026-08-15T05:29:21Z	BODYAWRR	1180	fjordgate	14342039	A	T	core_destroyed	181
2026-08-15T05:29:21Z	BODYAWRR	1181	fjordgate	14342039	B	T	core_destroyed	480
2026-08-15T05:29:21Z	BODYAWRR	1182	frostgate	14342039	A	T	core_destroyed	149
2026-08-15T05:29:22Z	BODYAWRR	1183	frostgate	14342039	B	C	core_destroyed	197
2026-08-15T05:29:26Z	BODYAWRR	1184	glacierkeep	14342039	A	C	core_destroyed	314
2026-08-15T05:29:25Z	BODYAWRR	1185	glacierkeep	14342039	B	T	core_destroyed	229
2026-08-15T05:29:26Z	BODYAWRR	1186	icefloe	14342039	A	T	core_destroyed	309
2026-08-15T05:29:26Z	BODYAWRR	1187	icefloe	14342039	B	C	core_destroyed	246
2026-08-15T05:29:29Z	BODYAWRR	1188	midgard	14342039	A	T	core_destroyed	161
2026-08-15T05:29:29Z	BODYAWRR	1189	midgard	14342039	B	T	core_destroyed	143
2026-08-15T05:29:28Z	BODYAWRR	1190	nordkap	14342039	A	T	core_destroyed	146
2026-08-15T05:29:29Z	BODYAWRR	1191	nordkap	14342039	B	T	core_destroyed	282
2026-08-15T05:30:21Z	BODYAWRR	1192	ragnarok	14342039	A	C	tiebreak	1000
2026-08-15T05:29:32Z	BODYAWRR	1193	ragnarok	14342039	B	C	core_destroyed	173
2026-08-15T05:29:31Z	BODYAWRR	1194	royale	14342039	A	T	core_destroyed	301
2026-08-15T05:29:31Z	BODYAWRR	1195	royale	14342039	B	T	core_destroyed	117
2026-08-15T05:30:24Z	BODYAWRR	1196	valkyrie	14342039	A	T	core_destroyed	190
2026-08-15T05:30:26Z	BODYAWRR	1197	valkyrie	14342039	B	T	core_destroyed	298
2026-08-15T05:30:25Z	BODYAWRR	1198	yulerune	14342039	A	T	core_destroyed	224
2026-08-15T05:30:23Z	BODYAWRR	1199	yulerune	14342039	B	T	core_destroyed	111
2026-08-15T05:30:30Z	BODYAWRR	1200	antler	14342040	A	T	core_destroyed	402
2026-08-15T05:30:29Z	BODYAWRR	1201	antler	14342040	B	C	core_destroyed	244
2026-08-15T05:30:30Z	BODYAWRR	1202	archipelago	14342040	A	T	core_destroyed	165
2026-08-15T05:30:32Z	BODYAWRR	1203	archipelago	14342040	B	C	core_destroyed	363
2026-08-15T05:30:34Z	BODYAWRR	1204	auroraveil	14342040	A	T	core_destroyed	261
2026-08-15T05:30:35Z	BODYAWRR	1205	auroraveil	14342040	B	C	core_destroyed	192
2026-08-15T05:30:40Z	BODYAWRR	1206	drakkarfjord	14342040	A	T	tiebreak	1000
2026-08-15T05:30:36Z	BODYAWRR	1207	drakkarfjord	14342040	B	T	core_destroyed	228
2026-08-15T05:30:42Z	BODYAWRR	1208	drumlin	14342040	A	C	core_destroyed	116
2026-08-15T05:30:43Z	BODYAWRR	1209	drumlin	14342040	B	T	core_destroyed	176
2026-08-15T05:30:42Z	BODYAWRR	1210	fjordgate	14342040	A	C	core_destroyed	225
2026-08-15T05:30:42Z	BODYAWRR	1211	fjordgate	14342040	B	C	core_destroyed	179
2026-08-15T05:30:46Z	BODYAWRR	1212	frostgate	14342040	A	C	core_destroyed	357
2026-08-15T05:30:45Z	BODYAWRR	1213	frostgate	14342040	B	T	core_destroyed	191
2026-08-15T05:30:51Z	BODYAWRR	1214	glacierkeep	14342040	A	C	core_destroyed	808
2026-08-15T05:30:46Z	BODYAWRR	1215	glacierkeep	14342040	B	C	core_destroyed	276
2026-08-15T05:30:56Z	BODYAWRR	1216	icefloe	14342040	A	C	core_destroyed	318
2026-08-15T05:30:53Z	BODYAWRR	1217	icefloe	14342040	B	C	core_destroyed	178
2026-08-15T05:30:54Z	BODYAWRR	1218	midgard	14342040	A	T	core_destroyed	88
2026-08-15T05:30:54Z	BODYAWRR	1219	midgard	14342040	B	T	core_destroyed	139
2026-08-15T05:30:59Z	BODYAWRR	1220	nordkap	14342040	A	C	core_destroyed	409
2026-08-15T05:30:58Z	BODYAWRR	1221	nordkap	14342040	B	T	core_destroyed	387
2026-08-15T05:31:51Z	BODYAWRR	1222	ragnarok	14342040	A	C	tiebreak	1000
2026-08-15T05:31:01Z	BODYAWRR	1223	ragnarok	14342040	B	C	core_destroyed	335
2026-08-15T05:31:52Z	BODYAWRR	1224	royale	14342040	A	C	core_destroyed	129
2026-08-15T05:31:53Z	BODYAWRR	1225	royale	14342040	B	C	core_destroyed	357
2026-08-15T05:31:56Z	BODYAWRR	1226	valkyrie	14342040	A	C	core_destroyed	294
2026-08-15T05:31:53Z	BODYAWRR	1227	valkyrie	14342040	B	T	core_destroyed	109
2026-08-15T05:31:58Z	BODYAWRR	1228	yulerune	14342040	A	C	core_destroyed	172
2026-08-15T05:31:59Z	BODYAWRR	1229	yulerune	14342040	B	C	core_destroyed	397
2026-08-15T05:31:58Z	BODYAWRR	1230	antler	14342041	A	T	core_destroyed	204
2026-08-15T05:31:59Z	BODYAWRR	1231	antler	14342041	B	C	core_destroyed	349
2026-08-15T05:32:12Z	BODYAWRR	1232	archipelago	14342041	A	T	core_destroyed	518
2026-08-15T05:32:02Z	BODYAWRR	1233	archipelago	14342041	B	C	core_destroyed	177
2026-08-15T05:32:01Z	BODYAWRR	1234	auroraveil	14342041	A	C	core_destroyed	112
2026-08-15T05:32:02Z	BODYAWRR	1235	auroraveil	14342041	B	C	core_destroyed	203
2026-08-15T05:32:31Z	BODYAWRR	1236	drakkarfjord	14342041	A	T	tiebreak	1000
2026-08-15T05:32:17Z	BODYAWRR	1237	drakkarfjord	14342041	B	C	core_destroyed	347
2026-08-15T05:32:14Z	BODYAWRR	1238	drumlin	14342041	A	T	core_destroyed	117
2026-08-15T05:32:15Z	BODYAWRR	1239	drumlin	14342041	B	T	core_destroyed	198
2026-08-15T05:32:32Z	BODYAWRR	1240	fjordgate	14342041	A	C	core_destroyed	166
2026-08-15T05:32:35Z	BODYAWRR	1241	fjordgate	14342041	B	C	tiebreak	1000
2026-08-15T05:32:35Z	BODYAWRR	1242	frostgate	14342041	A	T	core_destroyed	723
2026-08-15T05:32:32Z	BODYAWRR	1243	frostgate	14342041	B	T	core_destroyed	114
2026-08-15T05:32:38Z	BODYAWRR	1244	glacierkeep	14342041	A	T	core_destroyed	335
2026-08-15T05:32:50Z	BODYAWRR	1245	glacierkeep	14342041	B	T	tiebreak	1000
2026-08-15T05:32:39Z	BODYAWRR	1246	icefloe	14342041	A	C	core_destroyed	333
2026-08-15T05:32:37Z	BODYAWRR	1247	icefloe	14342041	B	C	core_destroyed	163
2026-08-15T05:32:54Z	BODYAWRR	1248	midgard	14342041	A	T	core_destroyed	155
2026-08-15T05:32:53Z	BODYAWRR	1249	midgard	14342041	B	T	core_destroyed	122
2026-08-15T05:32:52Z	BODYAWRR	1250	nordkap	14342041	A	T	core_destroyed	157
2026-08-15T05:32:52Z	BODYAWRR	1251	nordkap	14342041	B	T	core_destroyed	285
2026-08-15T05:33:00Z	BODYAWRR	1252	ragnarok	14342041	A	T	core_destroyed	263
2026-08-15T05:33:36Z	BODYAWRR	1253	ragnarok	14342041	B	T	tiebreak	1000
2026-08-15T05:32:55Z	BODYAWRR	1254	royale	14342041	A	T	core_destroyed	237
2026-08-15T05:32:56Z	BODYAWRR	1255	royale	14342041	B	C	core_destroyed	373
2026-08-15T05:33:41Z	BODYAWRR	1256	valkyrie	14342041	A	T	core_destroyed	429
2026-08-15T05:33:37Z	BODYAWRR	1257	valkyrie	14342041	B	T	core_destroyed	82
2026-08-15T05:33:37Z	BODYAWRR	1258	yulerune	14342041	A	T	core_destroyed	119
2026-08-15T05:33:37Z	BODYAWRR	1259	yulerune	14342041	B	C	core_destroyed	132
2026-08-15T05:33:44Z	BODYAWRR	1260	antler	14342042	A	T	core_destroyed	427
2026-08-15T05:33:45Z	BODYAWRR	1261	antler	14342042	B	C	core_destroyed	720
2026-08-15T05:33:44Z	BODYAWRR	1262	archipelago	14342042	A	C	core_destroyed	110
2026-08-15T05:33:44Z	BODYAWRR	1263	archipelago	14342042	B	T	core_destroyed	87
2026-08-15T05:33:48Z	BODYAWRR	1264	auroraveil	14342042	A	T	core_destroyed	341
2026-08-15T05:33:47Z	BODYAWRR	1265	auroraveil	14342042	B	T	core_destroyed	99
2026-08-15T05:33:50Z	BODYAWRR	1266	drakkarfjord	14342042	A	T	core_destroyed	284
2026-08-15T05:33:50Z	BODYAWRR	1267	drakkarfjord	14342042	B	T	core_destroyed	261
2026-08-15T05:33:53Z	BODYAWRR	1268	drumlin	14342042	A	T	core_destroyed	237
2026-08-15T05:33:51Z	BODYAWRR	1269	drumlin	14342042	B	T	core_destroyed	133
2026-08-15T05:33:51Z	BODYAWRR	1270	fjordgate	14342042	A	C	core_destroyed	155
2026-08-15T05:33:54Z	BODYAWRR	1271	fjordgate	14342042	B	C	core_destroyed	718
2026-08-15T05:33:56Z	BODYAWRR	1272	frostgate	14342042	A	T	core_destroyed	144
2026-08-15T05:33:57Z	BODYAWRR	1273	frostgate	14342042	B	T	core_destroyed	200
2026-08-15T05:34:03Z	BODYAWRR	1274	glacierkeep	14342042	A	T	core_destroyed	664
2026-08-15T05:33:57Z	BODYAWRR	1275	glacierkeep	14342042	B	T	core_destroyed	469
2026-08-15T05:34:06Z	BODYAWRR	1276	icefloe	14342042	A	T	core_destroyed	346
2026-08-15T05:34:05Z	BODYAWRR	1277	icefloe	14342042	B	C	core_destroyed	128
2026-08-15T05:34:05Z	BODYAWRR	1278	midgard	14342042	A	T	core_destroyed	84
2026-08-15T05:34:05Z	BODYAWRR	1279	midgard	14342042	B	C	core_destroyed	87
2026-08-15T05:34:08Z	BODYAWRR	1280	nordkap	14342042	A	T	core_destroyed	337
2026-08-15T05:34:09Z	BODYAWRR	1281	nordkap	14342042	B	T	core_destroyed	517
2026-08-15T05:34:11Z	BODYAWRR	1282	ragnarok	14342042	A	T	core_destroyed	381
2026-08-15T05:35:14Z	BODYAWRR	1283	ragnarok	14342042	B	C	tiebreak	1000
2026-08-15T05:35:16Z	BODYAWRR	1284	royale	14342042	A	C	core_destroyed	128
2026-08-15T05:35:16Z	BODYAWRR	1285	royale	14342042	B	C	core_destroyed	230
2026-08-15T05:35:17Z	BODYAWRR	1286	valkyrie	14342042	A	C	core_destroyed	175
2026-08-15T05:35:18Z	BODYAWRR	1287	valkyrie	14342042	B	T	core_destroyed	250
2026-08-15T05:35:21Z	BODYAWRR	1288	yulerune	14342042	A	C	core_destroyed	226
2026-08-15T05:35:23Z	BODYAWRR	1289	yulerune	14342042	B	T	core_destroyed	307
2026-08-15T05:35:20Z	BODYAWRR	1290	antler	14342043	A	T	core_destroyed	338
2026-08-15T05:35:20Z	BODYAWRR	1291	antler	14342043	B	T	core_destroyed	385
2026-08-15T05:35:26Z	BODYAWRR	1292	archipelago	14342043	A	C	core_destroyed	113
2026-08-15T05:35:29Z	BODYAWRR	1293	archipelago	14342043	B	C	core_destroyed	514
2026-08-15T05:35:26Z	BODYAWRR	1294	auroraveil	14342043	A	C	core_destroyed	198
2026-08-15T05:35:27Z	BODYAWRR	1295	auroraveil	14342043	B	T	core_destroyed	397
2026-08-15T05:35:36Z	BODYAWRR	1296	drakkarfjord	14342043	A	C	tiebreak	1000
2026-08-15T05:35:34Z	BODYAWRR	1297	drakkarfjord	14342043	B	T	core_destroyed	241
2026-08-15T05:35:32Z	BODYAWRR	1298	drumlin	14342043	A	C	core_destroyed	308
2026-08-15T05:35:33Z	BODYAWRR	1299	drumlin	14342043	B	T	core_destroyed	320
2026-08-15T05:35:38Z	BODYAWRR	1300	fjordgate	14342043	A	C	core_destroyed	262
2026-08-15T05:35:39Z	BODYAWRR	1301	fjordgate	14342043	B	C	core_destroyed	649
2026-08-15T05:35:38Z	BODYAWRR	1302	frostgate	14342043	A	C	core_destroyed	292
2026-08-15T05:35:38Z	BODYAWRR	1303	frostgate	14342043	B	C	core_destroyed	193
2026-08-15T05:35:45Z	BODYAWRR	1304	glacierkeep	14342043	A	T	core_destroyed	614
2026-08-15T05:35:49Z	BODYAWRR	1305	glacierkeep	14342043	B	T	core_destroyed	828
2026-08-15T05:35:41Z	BODYAWRR	1306	icefloe	14342043	A	T	core_destroyed	141
2026-08-15T05:35:42Z	BODYAWRR	1307	icefloe	14342043	B	C	core_destroyed	226
2026-08-15T05:35:51Z	BODYAWRR	1308	midgard	14342043	A	T	core_destroyed	77
2026-08-15T05:35:52Z	BODYAWRR	1309	midgard	14342043	B	C	core_destroyed	74
2026-08-15T05:35:50Z	BODYAWRR	1310	nordkap	14342043	A	T	core_destroyed	125
2026-08-15T05:35:53Z	BODYAWRR	1311	nordkap	14342043	B	T	core_destroyed	635
2026-08-15T05:35:55Z	BODYAWRR	1312	ragnarok	14342043	A	T	core_destroyed	143
2026-08-15T05:35:56Z	BODYAWRR	1313	ragnarok	14342043	B	C	core_destroyed	325
2026-08-15T05:35:55Z	BODYAWRR	1314	royale	14342043	A	T	core_destroyed	425
2026-08-15T05:35:55Z	BODYAWRR	1315	royale	14342043	B	C	core_destroyed	293
2026-08-15T05:35:59Z	BODYAWRR	1316	valkyrie	14342043	A	C	core_destroyed	216
2026-08-15T05:35:59Z	BODYAWRR	1317	valkyrie	14342043	B	T	core_destroyed	171
2026-08-15T05:36:00Z	BODYAWRR	1318	yulerune	14342043	A	T	core_destroyed	232
2026-08-15T05:36:00Z	BODYAWRR	1319	yulerune	14342043	B	T	core_destroyed	287
2026-08-15T05:36:01Z	BODYAWRR	1320	antler	14342044	A	T	core_destroyed	151
2026-08-15T05:36:01Z	BODYAWRR	1321	antler	14342044	B	T	core_destroyed	121
2026-08-15T05:36:02Z	BODYAWRR	1322	archipelago	14342044	A	C	core_destroyed	82
2026-08-15T05:36:03Z	BODYAWRR	1323	archipelago	14342044	B	T	core_destroyed	125
2026-08-15T05:36:06Z	BODYAWRR	1324	auroraveil	14342044	A	T	core_destroyed	210
2026-08-15T05:36:05Z	BODYAWRR	1325	auroraveil	14342044	B	T	core_destroyed	145
2026-08-15T05:36:09Z	BODYAWRR	1326	drakkarfjord	14342044	A	T	core_destroyed	606
2026-08-15T05:36:06Z	BODYAWRR	1327	drakkarfjord	14342044	B	T	core_destroyed	239
2026-08-15T05:36:11Z	BODYAWRR	1328	drumlin	14342044	A	T	core_destroyed	243
2026-08-15T05:36:11Z	BODYAWRR	1329	drumlin	14342044	B	C	core_destroyed	104
2026-08-15T05:36:11Z	BODYAWRR	1330	fjordgate	14342044	A	C	core_destroyed	293
2026-08-15T05:36:11Z	BODYAWRR	1331	fjordgate	14342044	B	T	core_destroyed	202
2026-08-15T05:36:13Z	BODYAWRR	1332	frostgate	14342044	A	C	core_destroyed	147
2026-08-15T05:36:13Z	BODYAWRR	1333	frostgate	14342044	B	C	core_destroyed	154
2026-08-15T05:36:16Z	BODYAWRR	1334	glacierkeep	14342044	A	T	core_destroyed	386
2026-08-15T05:36:18Z	BODYAWRR	1335	glacierkeep	14342044	B	T	core_destroyed	477
2026-08-15T05:36:21Z	BODYAWRR	1336	icefloe	14342044	A	T	core_destroyed	214
2026-08-15T05:36:21Z	BODYAWRR	1337	icefloe	14342044	B	C	core_destroyed	237
2026-08-15T05:36:21Z	BODYAWRR	1338	midgard	14342044	A	C	core_destroyed	86
2026-08-15T05:36:25Z	BODYAWRR	1339	midgard	14342044	B	T	core_destroyed	299
2026-08-15T05:36:28Z	BODYAWRR	1340	nordkap	14342044	A	T	core_destroyed	270
2026-08-15T05:36:27Z	BODYAWRR	1341	nordkap	14342044	B	C	core_destroyed	168
2026-08-15T05:37:18Z	BODYAWRR	1342	ragnarok	14342044	A	T	tiebreak	1000
2026-08-15T05:36:28Z	BODYAWRR	1343	ragnarok	14342044	B	T	core_destroyed	117
2026-08-15T05:37:20Z	BODYAWRR	1344	royale	14342044	A	T	core_destroyed	129
2026-08-15T05:37:20Z	BODYAWRR	1345	royale	14342044	B	T	core_destroyed	371
2026-08-15T05:37:22Z	BODYAWRR	1346	valkyrie	14342044	A	C	core_destroyed	391
2026-08-15T05:37:22Z	BODYAWRR	1347	valkyrie	14342044	B	T	core_destroyed	242
2026-08-15T05:37:27Z	BODYAWRR	1348	yulerune	14342044	A	T	core_destroyed	305
2026-08-15T05:37:27Z	BODYAWRR	1349	yulerune	14342044	B	C	core_destroyed	331
2026-08-15T05:37:26Z	BODYAWRR	1350	antler	14342045	A	T	core_destroyed	439
2026-08-15T05:37:25Z	BODYAWRR	1351	antler	14342045	B	C	core_destroyed	253
2026-08-15T05:37:30Z	BODYAWRR	1352	archipelago	14342045	A	T	core_destroyed	120
2026-08-15T05:37:32Z	BODYAWRR	1353	archipelago	14342045	B	T	core_destroyed	284
2026-08-15T05:37:31Z	BODYAWRR	1354	auroraveil	14342045	A	T	core_destroyed	309
2026-08-15T05:37:31Z	BODYAWRR	1355	auroraveil	14342045	B	T	core_destroyed	361
2026-08-15T05:37:35Z	BODYAWRR	1356	drakkarfjord	14342045	A	C	core_destroyed	171
2026-08-15T05:37:48Z	BODYAWRR	1357	drakkarfjord	14342045	B	C	core_destroyed	639
2026-08-15T05:37:35Z	BODYAWRR	1358	drumlin	14342045	A	C	core_destroyed	232
2026-08-15T05:37:35Z	BODYAWRR	1359	drumlin	14342045	B	C	core_destroyed	490
2026-08-15T05:37:50Z	BODYAWRR	1360	fjordgate	14342045	A	T	core_destroyed	190
2026-08-15T05:37:49Z	BODYAWRR	1361	fjordgate	14342045	B	T	core_destroyed	165
2026-08-15T05:37:50Z	BODYAWRR	1362	frostgate	14342045	A	T	core_destroyed	313
2026-08-15T05:37:49Z	BODYAWRR	1363	frostgate	14342045	B	C	core_destroyed	156
2026-08-15T05:37:57Z	BODYAWRR	1364	glacierkeep	14342045	A	T	core_destroyed	522
2026-08-15T05:37:54Z	BODYAWRR	1365	glacierkeep	14342045	B	C	core_destroyed	297
2026-08-15T05:37:52Z	BODYAWRR	1366	icefloe	14342045	A	C	core_destroyed	166
2026-08-15T05:37:53Z	BODYAWRR	1367	icefloe	14342045	B	T	core_destroyed	200
2026-08-15T05:38:00Z	BODYAWRR	1368	midgard	14342045	A	T	core_destroyed	143
2026-08-15T05:38:00Z	BODYAWRR	1369	midgard	14342045	B	T	core_destroyed	142
2026-08-15T05:38:01Z	BODYAWRR	1370	nordkap	14342045	A	C	core_destroyed	809
2026-08-15T05:38:00Z	BODYAWRR	1371	nordkap	14342045	B	T	core_destroyed	327
2026-08-15T05:38:04Z	BODYAWRR	1372	ragnarok	14342045	A	T	core_destroyed	114
2026-08-15T05:38:03Z	BODYAWRR	1373	ragnarok	14342045	B	C	core_destroyed	163
2026-08-15T05:38:02Z	BODYAWRR	1374	royale	14342045	A	T	core_destroyed	106
2026-08-15T05:38:03Z	BODYAWRR	1375	royale	14342045	B	T	core_destroyed	425
2026-08-15T05:38:08Z	BODYAWRR	1376	valkyrie	14342045	A	C	core_destroyed	219
2026-08-15T05:38:07Z	BODYAWRR	1377	valkyrie	14342045	B	T	core_destroyed	185
2026-08-15T05:38:06Z	BODYAWRR	1378	yulerune	14342045	A	T	core_destroyed	162
2026-08-15T05:38:06Z	BODYAWRR	1379	yulerune	14342045	B	C	core_destroyed	167
2026-08-15T05:38:09Z	BODYAWRR	1380	antler	14342046	A	T	core_destroyed	209
2026-08-15T05:38:10Z	BODYAWRR	1381	antler	14342046	B	T	core_destroyed	280
2026-08-15T05:38:10Z	BODYAWRR	1382	archipelago	14342046	A	C	core_destroyed	97
2026-08-15T05:38:13Z	BODYAWRR	1383	archipelago	14342046	B	T	core_destroyed	249
2026-08-15T05:38:14Z	BODYAWRR	1384	auroraveil	14342046	A	C	core_destroyed	96
2026-08-15T05:38:15Z	BODYAWRR	1385	auroraveil	14342046	B	C	core_destroyed	238
2026-08-15T05:38:20Z	BODYAWRR	1386	drakkarfjord	14342046	A	T	core_destroyed	342
2026-08-15T05:38:16Z	BODYAWRR	1387	drakkarfjord	14342046	B	C	core_destroyed	217
2026-08-15T05:38:22Z	BODYAWRR	1388	drumlin	14342046	A	T	core_destroyed	239
2026-08-15T05:38:22Z	BODYAWRR	1389	drumlin	14342046	B	T	core_destroyed	119
2026-08-15T05:38:22Z	BODYAWRR	1390	fjordgate	14342046	A	T	core_destroyed	489
2026-08-15T05:38:21Z	BODYAWRR	1391	fjordgate	14342046	B	C	core_destroyed	116
2026-08-15T05:38:27Z	BODYAWRR	1392	frostgate	14342046	A	C	core_destroyed	421
2026-08-15T05:38:25Z	BODYAWRR	1393	frostgate	14342046	B	C	core_destroyed	405
2026-08-15T05:38:28Z	BODYAWRR	1394	glacierkeep	14342046	A	T	core_destroyed	354
2026-08-15T05:38:28Z	BODYAWRR	1395	glacierkeep	14342046	B	C	tiebreak	1000
2026-08-15T05:38:34Z	BODYAWRR	1396	icefloe	14342046	A	C	core_destroyed	384
2026-08-15T05:38:32Z	BODYAWRR	1397	icefloe	14342046	B	C	core_destroyed	250
2026-08-15T05:38:32Z	BODYAWRR	1398	midgard	14342046	A	T	core_destroyed	131
2026-08-15T05:38:31Z	BODYAWRR	1399	midgard	14342046	B	T	core_destroyed	103
2026-08-15T05:38:37Z	BODYAWRR	1400	nordkap	14342046	A	C	core_destroyed	569
2026-08-15T05:38:38Z	BODYAWRR	1401	nordkap	14342046	B	T	tiebreak	1000
2026-08-15T05:38:37Z	BODYAWRR	1402	ragnarok	14342046	A	T	core_destroyed	109
2026-08-15T05:38:38Z	BODYAWRR	1403	ragnarok	14342046	B	T	core_destroyed	406
2026-08-15T05:38:40Z	BODYAWRR	1404	royale	14342046	A	C	core_destroyed	180
2026-08-15T05:38:39Z	BODYAWRR	1405	royale	14342046	B	T	core_destroyed	138
2026-08-15T05:38:40Z	BODYAWRR	1406	valkyrie	14342046	A	C	core_destroyed	236
2026-08-15T05:38:44Z	BODYAWRR	1407	valkyrie	14342046	B	C	core_destroyed	224
2026-08-15T05:38:47Z	BODYAWRR	1408	yulerune	14342046	A	T	core_destroyed	173
2026-08-15T05:38:47Z	BODYAWRR	1409	yulerune	14342046	B	C	core_destroyed	214
2026-08-15T05:38:47Z	BODYAWRR	1410	antler	14342047	A	T	core_destroyed	450
2026-08-15T05:38:46Z	BODYAWRR	1411	antler	14342047	B	C	core_destroyed	96
2026-08-15T05:38:49Z	BODYAWRR	1412	archipelago	14342047	A	C	core_destroyed	84
2026-08-15T05:38:49Z	BODYAWRR	1413	archipelago	14342047	B	T	core_destroyed	85
2026-08-15T05:38:48Z	BODYAWRR	1414	auroraveil	14342047	A	T	core_destroyed	106
2026-08-15T05:38:48Z	BODYAWRR	1415	auroraveil	14342047	B	C	core_destroyed	154
2026-08-15T05:38:56Z	BODYAWRR	1416	drakkarfjord	14342047	A	C	core_destroyed	376
2026-08-15T05:38:52Z	BODYAWRR	1417	drakkarfjord	14342047	B	T	core_destroyed	219
2026-08-15T05:38:51Z	BODYAWRR	1418	drumlin	14342047	A	C	core_destroyed	129
2026-08-15T05:39:04Z	BODYAWRR	1419	drumlin	14342047	B	T	tiebreak	1000
2026-08-15T05:39:06Z	BODYAWRR	1420	fjordgate	14342047	A	T	core_destroyed	293
2026-08-15T05:39:06Z	BODYAWRR	1421	fjordgate	14342047	B	T	core_destroyed	261
2026-08-15T05:39:06Z	BODYAWRR	1422	frostgate	14342047	A	T	core_destroyed	209
2026-08-15T05:39:06Z	BODYAWRR	1423	frostgate	14342047	B	C	core_destroyed	189
2026-08-15T05:39:10Z	BODYAWRR	1424	glacierkeep	14342047	A	T	core_destroyed	292
2026-08-15T05:39:08Z	BODYAWRR	1425	glacierkeep	14342047	B	C	core_destroyed	133
2026-08-15T05:39:10Z	BODYAWRR	1426	icefloe	14342047	A	T	core_destroyed	232
2026-08-15T05:39:09Z	BODYAWRR	1427	icefloe	14342047	B	T	core_destroyed	184
2026-08-15T05:39:13Z	BODYAWRR	1428	midgard	14342047	A	T	core_destroyed	90
2026-08-15T05:39:13Z	BODYAWRR	1429	midgard	14342047	B	T	core_destroyed	124
2026-08-15T05:39:14Z	BODYAWRR	1430	nordkap	14342047	A	T	tiebreak	1000
2026-08-15T05:39:12Z	BODYAWRR	1431	nordkap	14342047	B	C	core_destroyed	177
2026-08-15T05:39:22Z	BODYAWRR	1432	ragnarok	14342047	A	T	core_destroyed	302
2026-08-15T05:39:18Z	BODYAWRR	1433	ragnarok	14342047	B	C	core_destroyed	187
2026-08-15T05:39:17Z	BODYAWRR	1434	royale	14342047	A	T	core_destroyed	332
2026-08-15T05:39:16Z	BODYAWRR	1435	royale	14342047	B	C	core_destroyed	337
2026-08-15T05:39:29Z	BODYAWRR	1436	valkyrie	14342047	A	T	core_destroyed	548
2026-08-15T05:39:27Z	BODYAWRR	1437	valkyrie	14342047	B	T	core_destroyed	305
2026-08-15T05:39:24Z	BODYAWRR	1438	yulerune	14342047	A	C	core_destroyed	158
2026-08-15T05:39:26Z	BODYAWRR	1439	yulerune	14342047	B	T	core_destroyed	429
2026-08-15T05:39:32Z	BODYAWRR	1440	antler	14342048	A	T	core_destroyed	261
2026-08-15T05:39:31Z	BODYAWRR	1441	antler	14342048	B	T	core_destroyed	378
2026-08-15T05:39:31Z	BODYAWRR	1442	archipelago	14342048	A	T	core_destroyed	124
2026-08-15T05:39:31Z	BODYAWRR	1443	archipelago	14342048	B	T	core_destroyed	91
2026-08-15T05:39:34Z	BODYAWRR	1444	auroraveil	14342048	A	C	core_destroyed	140
2026-08-15T05:39:33Z	BODYAWRR	1445	auroraveil	14342048	B	C	core_destroyed	78
2026-08-15T05:39:35Z	BODYAWRR	1446	drakkarfjord	14342048	A	C	core_destroyed	228
2026-08-15T05:39:35Z	BODYAWRR	1447	drakkarfjord	14342048	B	T	core_destroyed	222
2026-08-15T05:39:38Z	BODYAWRR	1448	drumlin	14342048	A	T	core_destroyed	257
2026-08-15T05:39:39Z	BODYAWRR	1449	drumlin	14342048	B	T	core_destroyed	197
2026-08-15T05:39:37Z	BODYAWRR	1450	fjordgate	14342048	A	C	core_destroyed	148
2026-08-15T05:39:37Z	BODYAWRR	1451	fjordgate	14342048	B	C	core_destroyed	101
2026-08-15T05:39:40Z	BODYAWRR	1452	frostgate	14342048	A	T	core_destroyed	189
2026-08-15T05:39:41Z	BODYAWRR	1453	frostgate	14342048	B	T	core_destroyed	148
2026-08-15T05:39:40Z	BODYAWRR	1454	glacierkeep	14342048	A	T	core_destroyed	117
2026-08-15T05:39:41Z	BODYAWRR	1455	glacierkeep	14342048	B	T	core_destroyed	208
2026-08-15T05:39:43Z	BODYAWRR	1456	icefloe	14342048	A	T	core_destroyed	113
2026-08-15T05:39:45Z	BODYAWRR	1457	icefloe	14342048	B	T	core_destroyed	251
2026-08-15T05:39:45Z	BODYAWRR	1458	midgard	14342048	A	T	core_destroyed	168
2026-08-15T05:39:44Z	BODYAWRR	1459	midgard	14342048	B	T	core_destroyed	95
2026-08-15T05:39:48Z	BODYAWRR	1460	nordkap	14342048	A	T	core_destroyed	232
2026-08-15T05:39:47Z	BODYAWRR	1461	nordkap	14342048	B	C	core_destroyed	180
2026-08-15T05:39:48Z	BODYAWRR	1462	ragnarok	14342048	A	T	core_destroyed	202
2026-08-15T05:39:52Z	BODYAWRR	1463	ragnarok	14342048	B	T	core_destroyed	358
2026-08-15T05:39:54Z	BODYAWRR	1464	royale	14342048	A	C	core_destroyed	305
2026-08-15T05:39:54Z	BODYAWRR	1465	royale	14342048	B	C	core_destroyed	150
2026-08-15T05:39:55Z	BODYAWRR	1466	valkyrie	14342048	A	T	core_destroyed	168
2026-08-15T05:39:54Z	BODYAWRR	1467	valkyrie	14342048	B	T	core_destroyed	104
2026-08-15T05:39:58Z	BODYAWRR	1468	yulerune	14342048	A	T	core_destroyed	166
2026-08-15T05:39:59Z	BODYAWRR	1469	yulerune	14342048	B	C	core_destroyed	325
2026-08-15T05:39:59Z	BODYAWRR	1470	antler	14342049	A	C	core_destroyed	410
2026-08-15T05:39:57Z	BODYAWRR	1471	antler	14342049	B	C	core_destroyed	170
2026-08-15T05:40:02Z	BODYAWRR	1472	archipelago	14342049	A	C	core_destroyed	132
2026-08-15T05:40:03Z	BODYAWRR	1473	archipelago	14342049	B	T	core_destroyed	220
2026-08-15T05:40:05Z	BODYAWRR	1474	auroraveil	14342049	A	T	core_destroyed	457
2026-08-15T05:40:03Z	BODYAWRR	1475	auroraveil	14342049	B	T	core_destroyed	301
2026-08-15T05:40:13Z	BODYAWRR	1476	drakkarfjord	14342049	A	T	core_destroyed	636
2026-08-15T05:40:13Z	BODYAWRR	1477	drakkarfjord	14342049	B	T	tiebreak	1000
2026-08-15T05:40:07Z	BODYAWRR	1478	drumlin	14342049	A	T	core_destroyed	151
2026-08-15T05:40:09Z	BODYAWRR	1479	drumlin	14342049	B	T	core_destroyed	250
2026-08-15T05:40:15Z	BODYAWRR	1480	fjordgate	14342049	A	C	core_destroyed	168
2026-08-15T05:40:16Z	BODYAWRR	1481	fjordgate	14342049	B	C	core_destroyed	300
2026-08-15T05:40:15Z	BODYAWRR	1482	frostgate	14342049	A	C	core_destroyed	308
2026-08-15T05:40:17Z	BODYAWRR	1483	frostgate	14342049	B	C	core_destroyed	257
2026-08-15T05:40:26Z	BODYAWRR	1484	glacierkeep	14342049	A	C	core_destroyed	419
2026-08-15T05:40:20Z	BODYAWRR	1485	glacierkeep	14342049	B	T	core_destroyed	300
2026-08-15T05:40:20Z	BODYAWRR	1486	icefloe	14342049	A	T	core_destroyed	267
2026-08-15T05:40:19Z	BODYAWRR	1487	icefloe	14342049	B	C	core_destroyed	132
2026-08-15T05:40:28Z	BODYAWRR	1488	midgard	14342049	A	T	core_destroyed	169
2026-08-15T05:40:29Z	BODYAWRR	1489	midgard	14342049	B	T	core_destroyed	156
2026-08-15T05:40:29Z	BODYAWRR	1490	nordkap	14342049	A	C	core_destroyed	296
2026-08-15T05:40:28Z	BODYAWRR	1491	nordkap	14342049	B	C	core_destroyed	270
2026-08-15T05:40:36Z	BODYAWRR	1492	ragnarok	14342049	A	C	core_destroyed	324
2026-08-15T05:40:35Z	BODYAWRR	1493	ragnarok	14342049	B	T	core_destroyed	368
2026-08-15T05:40:33Z	BODYAWRR	1494	royale	14342049	A	T	core_destroyed	466
2026-08-15T05:40:30Z	BODYAWRR	1495	royale	14342049	B	T	core_destroyed	151
2026-08-15T05:40:38Z	BODYAWRR	1496	valkyrie	14342049	A	C	core_destroyed	204
2026-08-15T05:40:40Z	BODYAWRR	1497	valkyrie	14342049	B	T	core_destroyed	179
2026-08-15T05:40:43Z	BODYAWRR	1498	yulerune	14342049	A	T	core_destroyed	472
2026-08-15T05:40:38Z	BODYAWRR	1499	yulerune	14342049	B	C	core_destroyed	217
2026-08-15T05:40:44Z	BODYAWRR	1500	antler	14342050	A	T	core_destroyed	187
2026-08-15T05:40:46Z	BODYAWRR	1501	antler	14342050	B	T	core_destroyed	228
2026-08-15T05:40:45Z	BODYAWRR	1502	archipelago	14342050	A	C	core_destroyed	114
2026-08-15T05:40:45Z	BODYAWRR	1503	archipelago	14342050	B	T	core_destroyed	212
2026-08-15T05:40:47Z	BODYAWRR	1504	auroraveil	14342050	A	T	core_destroyed	130
2026-08-15T05:40:48Z	BODYAWRR	1505	auroraveil	14342050	B	C	core_destroyed	185
2026-08-15T05:40:54Z	BODYAWRR	1506	drakkarfjord	14342050	A	T	core_destroyed	410
2026-08-15T05:40:52Z	BODYAWRR	1507	drakkarfjord	14342050	B	C	core_destroyed	795
2026-08-15T05:41:00Z	BODYAWRR	1508	drumlin	14342050	A	T	core_destroyed	341
2026-08-15T05:40:57Z	BODYAWRR	1509	drumlin	14342050	B	T	core_destroyed	192
2026-08-15T05:40:57Z	BODYAWRR	1510	fjordgate	14342050	A	C	core_destroyed	284
2026-08-15T05:40:56Z	BODYAWRR	1511	fjordgate	14342050	B	C	core_destroyed	176
2026-08-15T05:41:01Z	BODYAWRR	1512	frostgate	14342050	A	C	core_destroyed	129
2026-08-15T05:41:01Z	BODYAWRR	1513	frostgate	14342050	B	T	core_destroyed	148
2026-08-15T05:41:02Z	BODYAWRR	1514	glacierkeep	14342050	A	T	core_destroyed	317
2026-08-15T05:41:02Z	BODYAWRR	1515	glacierkeep	14342050	B	C	core_destroyed	113
2026-08-15T05:41:05Z	BODYAWRR	1516	icefloe	14342050	A	C	core_destroyed	193
2026-08-15T05:41:09Z	BODYAWRR	1517	icefloe	14342050	B	C	core_destroyed	407
2026-08-15T05:41:05Z	BODYAWRR	1518	midgard	14342050	A	C	core_destroyed	205
2026-08-15T05:41:05Z	BODYAWRR	1519	midgard	14342050	B	C	core_destroyed	88
2026-08-15T05:41:11Z	BODYAWRR	1520	nordkap	14342050	A	T	core_destroyed	127
2026-08-15T05:41:11Z	BODYAWRR	1521	nordkap	14342050	B	T	core_destroyed	305
2026-08-15T05:41:13Z	BODYAWRR	1522	ragnarok	14342050	A	C	core_destroyed	174
2026-08-15T05:41:14Z	BODYAWRR	1523	ragnarok	14342050	B	C	core_destroyed	251
2026-08-15T05:41:16Z	BODYAWRR	1524	royale	14342050	A	C	core_destroyed	332
2026-08-15T05:41:16Z	BODYAWRR	1525	royale	14342050	B	C	core_destroyed	313
2026-08-15T05:41:19Z	BODYAWRR	1526	valkyrie	14342050	A	C	core_destroyed	254
2026-08-15T05:41:17Z	BODYAWRR	1527	valkyrie	14342050	B	T	core_destroyed	142
2026-08-15T05:41:23Z	BODYAWRR	1528	yulerune	14342050	A	C	core_destroyed	314
2026-08-15T05:41:21Z	BODYAWRR	1529	yulerune	14342050	B	T	core_destroyed	325
2026-08-15T05:41:22Z	BODYAWRR	1530	antler	14342051	A	T	core_destroyed	306
2026-08-15T05:41:21Z	BODYAWRR	1531	antler	14342051	B	C	core_destroyed	182
