Update available: 2.3.6 -> 2.3.8. Run: pip install --upgrade fcode
RC MAP w 14 h 18 ours 6,4 theirs 6,12
RC ECO 0 harvstore 0 harvseen -1 ti 500 units 1 scale 100.0
RC ECO 1 harvstore 0 harvseen -1 ti 470 units 2 scale 120.0
RC SEAT 1 id 3 seat 0
RC POS 1 id 3 seat 0 role raid fs 1 body 1 pos 6,6 stuck 0
RC TEMPO 1 id 3 body 1 born 1 lp 0 must 0 why norid ride None ti 434 lcost 28 acd 0 mcd 0 pos 6,6 dsq 36
RC ECO 2 harvstore 0 harvseen -1 ti 434 units 3 scale 140.0
RC POS 2 id 3 seat 0 role raid fs 1 body 1 pos 6,6 stuck 1
RC TEMPO 2 id 3 body 1 born 1 lp 0 must 0 why norid ride None ti 392 lcost 32 acd 0 mcd 0 pos 6,6 dsq 36
RC SEAT 2 id 5 seat 1
RC POS 2 id 5 seat 1 role expand fs 0 body 1 pos 7,3 stuck 0
RC ECO 3 harvstore 1 harvseen -1 ti 360 units 4 scale 165.0
RC POS 3 id 3 seat 0 role raid fs 1 body 1 pos 6,6 stuck 2
RC TEMPO 3 id 3 body 1 born 1 lp 0 must 0 why norid ride None ti 311 lcost 37 acd 0 mcd 0 pos 6,6 dsq 36
RC POS 3 id 5 seat 1 role expand fs 0 body 1 pos 7,3 stuck 1
RC SEAT 3 id 7 seat 2
RC POS 3 id 7 seat 2 role expand fs 0 body 1 pos 6,3 stuck 0
RC ECO 4 harvstore 1 harvseen -1 ti 316 units 5 scale 186.0
RC POS 4 id 3 seat 0 role raid fs 1 body 1 pos 6,6 stuck 3
RC TEMPO 4 id 3 body 1 born 1 lp 0 must 0 why norid ride None ti 316 lcost 37 acd 0 mcd 0 pos 6,6 dsq 36
RC POS 4 id 5 seat 1 role expand fs 0 body 1 pos 8,3 stuck 0
RC POS 4 id 7 seat 2 role expand fs 0 body 1 pos 6,3 stuck 1
RC SEAT 4 id 10 seat 3
APPT520 CLAIM 4 id 10
RC POS 4 id 10 seat 3 role raid fs 1 body 2 pos 5,6 stuck 0
RC TEMPO 4 id 10 body 2 born 4 lp 0 must 0 why norid ride None ti 316 lcost 37 acd 0 mcd 0 pos 5,6 dsq 37
RC ECO 5 harvstore 1 harvseen -1 ti 326 units 5 scale 186.0
RC POS 5 id 3 seat 0 role raid fs 1 body 1 pos 6,6 stuck 4
RC TEMPO 5 id 3 body 1 born 1 lp 0 must 1 why near4 ride None ti 326 lcost 37 acd 0 mcd 0 pos 6,6 dsq 36
RC HOP 5 lid 17 body 1 at 6,7 dsq 25
RC POS 5 id 5 seat 1 role expand fs 0 body 1 pos 8,2 stuck 0
RC POS 5 id 7 seat 2 role expand fs 0 body 1 pos 5,3 stuck 0
RC POS 5 id 10 seat 3 role raid fs 1 body 2 pos 4,6 stuck 0
RC TEMPO 5 id 10 body 2 born 4 lp 0 must 1 why near0 ride None ti 289 lcost 39 acd 0 mcd 0 pos 4,6 dsq 40
RC ECO 6 harvstore 1 harvseen -1 ti 289 units 6 scale 196.0
RC POS 6 id 3 seat 0 role raid fs 1 body 1 pos 6,6 stuck 5
RC TEMPO 6 id 3 body 1 born 1 lp 1 must 1 why near1 ride None ti 273 lcost 39 acd 0 mcd 0 pos 6,6 dsq 36
RC POS 6 id 5 seat 1 role expand fs 0 body 1 pos 8,1 stuck 0
RC POS 6 id 7 seat 2 role expand fs 0 body 1 pos 5,2 stuck 0
RC POS 6 id 10 seat 3 role raid fs 1 body 2 pos 5,6 stuck 0
RC TEMPO 6 id 10 body 2 born 4 lp 1 must 1 why near0 ride None ti 234 lcost 40 acd 0 mcd 0 pos 5,6 dsq 37
RC SPLIT 6 lid 17 body 3 arc 2 n 1
SPLIT520 6 lch (6, 7) body 3 arc 2 to (5, 12) dsq 1 walk 1 n 1
RC ECO 7 harvstore 2 harvseen -1 ti 234 units 6 scale 201.0
RC POS 7 id 3 seat 0 role raid fs 1 body 1 pos 5,12 stuck 0
RC ARRIVE 7 id 3 body 1 dsq 1
ARC520 CLAIM 7 id 3 body 1 arc 1 at (5, 12)
RC POS 7 id 5 seat 1 role expand fs 0 body 1 pos 8,0 stuck 0
RC POS 7 id 7 seat 2 role expand fs 0 body 1 pos 5,2 stuck 1
RC POS 7 id 10 seat 3 role raid fs 1 body 2 pos 6,6 stuck 0
RC TEMPO 7 id 10 body 2 born 4 lp 1 must 1 why near0 ride 6 ti 174 lcost 41 acd 0 mcd 0 pos 6,6 dsq 36
RC SPLIT 7 lid 17 body 10 arc 1 n 2
SPLIT520 7 lch (6, 7) body 10 arc 1 to (6, 11) dsq 1 walk 0 n 2
RC ECO 8 harvstore 3 harvseen -1 ti 184 units 5 scale 198.0
RC POS 8 id 3 seat 0 role raid fs 1 body 1 pos 5,12 stuck 1
RC POS 8 id 5 seat 1 role expand fs 0 body 1 pos 8,0 stuck 1
RC POS 8 id 7 seat 2 role expand fs 0 body 1 pos 5,2 stuck 2
RC POS 8 id 10 seat 3 role raid fs 1 body 2 pos 6,11 stuck 0
RC ARRIVE 8 id 10 body 2 dsq 1
ARC520 COLLIDE 8 id 10 body 2 peer 1 took 2 n 1
ARC520 CLAIM 8 id 10 body 2 arc 2 at (6, 11)
RC ECO 9 harvstore 3 harvseen -1 ti 117 units 6 scale 221.0
RC POS 9 id 3 seat 0 role raid fs 1 body 1 pos 5,12 stuck 2
RC POS 9 id 5 seat 1 role expand fs 0 body 1 pos 8,0 stuck 2
RC POS 9 id 7 seat 2 role expand fs 0 body 1 pos 5,3 stuck 0
RC POS 9 id 10 seat 3 role raid fs 1 body 2 pos 6,11 stuck 1
RC SEAT 9 id 28 seat 4
RC POS 9 id 28 seat 4 role defend fs 0 body 1 pos 8,3 stuck 0
RC ECO 10 harvstore 3 harvseen -1 ti 45 units 7 scale 242.0
RC POS 10 id 3 seat 0 role raid fs 1 body 1 pos 5,12 stuck 4
RC POS 10 id 5 seat 1 role expand fs 0 body 1 pos 8,1 stuck 0
RC POS 10 id 7 seat 2 role expand fs 0 body 1 pos 5,3 stuck 1
RC POS 10 id 10 seat 3 role raid fs 1 body 2 pos 6,10 stuck 0
RC POS 10 id 28 seat 4 role defend fs 0 body 1 pos 8,3 stuck 1
RC ECO 11 harvstore 3 harvseen -1 ti 24 units 7 scale 245.0
RC POS 11 id 3 seat 0 role raid fs 1 body 1 pos 5,12 stuck 6
RC POS 11 id 5 seat 1 role expand fs 0 body 1 pos 8,1 stuck 1
RC POS 11 id 7 seat 2 role expand fs 0 body 1 pos 5,3 stuck 2
RC POS 11 id 10 seat 3 role raid fs 1 body 2 pos 6,10 stuck 1
RC POS 11 id 28 seat 4 role defend fs 0 body 1 pos 7,3 stuck 0
RC ECO 12 harvstore 3 harvseen -1 ti 24 units 7 scale 245.0
RC POS 12 id 3 seat 0 role raid fs 1 body 1 pos 5,12 stuck 8
RC POS 12 id 5 seat 1 role expand fs 0 body 1 pos 7,1 stuck 0
RC POS 12 id 7 seat 2 role expand fs 0 body 1 pos 5,2 stuck 0
RC POS 12 id 10 seat 3 role raid fs 1 body 2 pos 6,9 stuck 0
RC POS 12 id 28 seat 4 role defend fs 0 body 1 pos 6,3 stuck 0
RC ECO 13 harvstore 3 harvseen -1 ti 44 units 7 scale 245.0
RC POS 13 id 3 seat 0 role raid fs 1 body 1 pos 5,12 stuck 10
RC POS 13 id 5 seat 1 role expand fs 0 body 1 pos 6,1 stuck 0
RC POS 13 id 7 seat 2 role expand fs 0 body 1 pos 5,3 stuck 0
RC POS 13 id 10 seat 3 role raid fs 1 body 2 pos 5,9 stuck 0
RC POS 13 id 28 seat 4 role defend fs 0 body 1 pos 6,2 stuck 0
RC ECO 14 harvstore 3 harvseen -1 ti 34 units 7 scale 245.0
RC POS 14 id 3 seat 0 role raid fs 1 body 1 pos 5,12 stuck 12
RC POS 14 id 5 seat 1 role expand fs 0 body 1 pos 6,0 stuck 0
RC POS 14 id 7 seat 2 role expand fs 0 body 1 pos 6,3 stuck 0
RC POS 14 id 10 seat 3 role raid fs 1 body 2 pos 6,9 stuck 0
RC POS 14 id 28 seat 4 role defend fs 0 body 1 pos 5,2 stuck 0
RC ECO 15 harvstore 3 harvseen -1 ti 34 units 7 scale 245.0
RC POS 15 id 3 seat 0 role raid fs 1 body 1 pos 5,12 stuck 14
RC POS 15 id 5 seat 1 role expand fs 0 body 1 pos 5,0 stuck 0
RC POS 15 id 7 seat 2 role expand fs 0 body 1 pos 7,3 stuck 0
RC POS 15 id 10 seat 3 role raid fs 1 body 2 pos 6,10 stuck 0
RC POS 15 id 28 seat 4 role defend fs 0 body 1 pos 5,3 stuck 0
RC ECO 16 harvstore 3 harvseen -1 ti 44 units 7 scale 245.0
RC POS 16 id 3 seat 0 role raid fs 1 body 1 pos 5,12 stuck 16
RC POS 16 id 5 seat 1 role expand fs 0 body 1 pos 4,0 stuck 0
RC POS 16 id 7 seat 2 role expand fs 0 body 1 pos 8,3 stuck 0
RC POS 16 id 10 seat 3 role raid fs 1 body 2 pos 7,10 stuck 0
RC POS 16 id 28 seat 4 role defend fs 0 body 1 pos 5,4 stuck 0
RC ECO 17 harvstore 3 harvseen -1 ti 64 units 6 scale 225.0
RC POS 17 id 5 seat 1 role expand fs 0 body 1 pos 5,0 stuck 0
RC POS 17 id 7 seat 2 role expand fs 0 body 1 pos 8,4 stuck 0
RC POS 17 id 10 seat 3 role raid fs 1 body 2 pos 8,10 stuck 0
RC POS 17 id 28 seat 4 role defend fs 0 body 1 pos 5,5 stuck 0
RC ECO 18 harvstore 3 harvseen -1 ti 19 units 7 scale 235.0
RC POS 18 id 5 seat 1 role expand fs 0 body 1 pos 6,0 stuck 0
RC POS 18 id 7 seat 2 role expand fs 0 body 1 pos 8,5 stuck 0
RC POS 18 id 10 seat 3 role raid fs 1 body 2 pos 8,10 stuck 1
RC POS 18 id 28 seat 4 role defend fs 0 body 1 pos 5,6 stuck 0
RC ECO 19 harvstore 3 harvseen -1 ti 19 units 7 scale 235.0
RC POS 19 id 5 seat 1 role expand fs 0 body 1 pos 6,1 stuck 0
RC POS 19 id 7 seat 2 role expand fs 0 body 1 pos 8,6 stuck 0
RC POS 19 id 10 seat 3 role raid fs 1 body 2 pos 7,10 stuck 0
RC POS 19 id 28 seat 4 role defend fs 0 body 1 pos 5,6 stuck 1
RC ECO 20 harvstore 3 harvseen -1 ti 29 units 7 scale 235.0
RC POS 20 id 5 seat 1 role expand fs 0 body 1 pos 6,2 stuck 0
RC POS 20 id 7 seat 2 role expand fs 0 body 1 pos 9,6 stuck 0
RC POS 20 id 10 seat 3 role raid fs 1 body 2 pos 8,10 stuck 0
RC POS 20 id 28 seat 4 role defend fs 0 body 1 pos 5,6 stuck 2
RC ECO 21 harvstore 3 harvseen -1 ti 49 units 7 scale 235.0
RC POS 21 id 5 seat 1 role expand fs 0 body 1 pos 6,3 stuck 0
RC POS 21 id 7 seat 2 role expand fs 0 body 1 pos 10,6 stuck 0
RC POS 21 id 10 seat 3 role raid fs 1 body 2 pos 7,10 stuck 0
RC POS 21 id 28 seat 4 role defend fs 0 body 1 pos 5,6 stuck 3
RC ECO 22 harvstore 3 harvseen -1 ti 49 units 7 scale 235.0
RC POS 22 id 5 seat 1 role expand fs 0 body 1 pos 7,3 stuck 0
RC POS 22 id 7 seat 2 role expand fs 0 body 1 pos 10,5 stuck 0
RC POS 22 id 10 seat 3 role raid fs 1 body 2 pos 7,9 stuck 0
RC POS 22 id 28 seat 4 role defend fs 0 body 1 pos 5,6 stuck 4
RC ECO 23 harvstore 3 harvseen -1 ti 42 units 7 scale 236.0
RC POS 23 id 5 seat 1 role expand fs 0 body 1 pos 7,3 stuck 1
RC POS 23 id 7 seat 2 role expand fs 0 body 1 pos 10,4 stuck 0
RC POS 23 id 10 seat 3 role raid fs 1 body 2 pos 6,9 stuck 0
RC POS 23 id 28 seat 4 role defend fs 0 body 1 pos 4,6 stuck 0
RC ECO 24 harvstore 3 harvseen -1 ti 52 units 7 scale 236.0
RC POS 24 id 5 seat 1 role expand fs 0 body 1 pos 8,3 stuck 0
RC POS 24 id 7 seat 2 role expand fs 0 body 1 pos 10,3 stuck 0
RC POS 24 id 10 seat 3 role raid fs 1 body 2 pos 5,9 stuck 0
RC POS 24 id 28 seat 4 role defend fs 0 body 1 pos 4,7 stuck 0
RC ECO 25 harvstore 3 harvseen -1 ti 65 units 7 scale 237.0
RC POS 25 id 5 seat 1 role expand fs 0 body 1 pos 8,3 stuck 1
RC POS 25 id 7 seat 2 role expand fs 0 body 1 pos 11,3 stuck 0
RC POS 25 id 10 seat 3 role raid fs 1 body 2 pos 4,9 stuck 0
RC POS 25 id 28 seat 4 role defend fs 0 body 1 pos 4,7 stuck 1
RC ECO 26 harvstore 3 harvseen -1 ti 65 units 7 scale 237.0
RC POS 26 id 5 seat 1 role expand fs 0 body 1 pos 8,4 stuck 0
RC POS 26 id 7 seat 2 role expand fs 0 body 1 pos 11,2 stuck 0
RC POS 26 id 10 seat 3 role raid fs 1 body 2 pos 4,10 stuck 0
RC POS 26 id 28 seat 4 role defend fs 0 body 1 pos 4,7 stuck 2
RC ECO 27 harvstore 3 harvseen -1 ti 65 units 7 scale 237.0
RC POS 27 id 5 seat 1 role expand fs 0 body 1 pos 8,5 stuck 0
RC POS 27 id 7 seat 2 role expand fs 0 body 1 pos 12,2 stuck 0
RC POS 27 id 10 seat 3 role raid fs 1 body 2 pos 4,11 stuck 0
RC POS 27 id 28 seat 4 role defend fs 0 body 1 pos 4,7 stuck 3
RC ECO 28 harvstore 3 harvseen -1 ti 75 units 7 scale 237.0
RC POS 28 id 5 seat 1 role expand fs 0 body 1 pos 8,6 stuck 0
RC POS 28 id 7 seat 2 role expand fs 0 body 1 pos 11,2 stuck 0
RC POS 28 id 10 seat 3 role raid fs 1 body 2 pos 3,11 stuck 0
RC POS 28 id 28 seat 4 role defend fs 0 body 1 pos 4,7 stuck 4
RC ECO 29 harvstore 3 harvseen -1 ti 95 units 7 scale 237.0
RC POS 29 id 5 seat 1 role expand fs 0 body 1 pos 9,6 stuck 0
RC POS 29 id 7 seat 2 role expand fs 0 body 1 pos 12,2 stuck 0
RC POS 29 id 10 seat 3 role raid fs 1 body 2 pos 2,11 stuck 0
RC POS 29 id 28 seat 4 role defend fs 0 body 1 pos 4,7 stuck 5
RC ECO 30 harvstore 4 harvseen -1 ti 38 units 7 scale 242.0
RC POS 30 id 5 seat 1 role expand fs 0 body 1 pos 9,7 stuck 0
RC POS 30 id 7 seat 2 role expand fs 0 body 1 pos 12,2 stuck 2
RC POS 30 id 10 seat 3 role raid fs 1 body 2 pos 2,12 stuck 0
RC POS 30 id 28 seat 4 role defend fs 0 body 1 pos 4,7 stuck 1
RC ECO 31 harvstore 4 harvseen -1 ti 38 units 7 scale 242.0
RC POS 31 id 5 seat 1 role expand fs 0 body 1 pos 9,8 stuck 0
RC POS 31 id 7 seat 2 role expand fs 0 body 1 pos 11,2 stuck 0
RC POS 31 id 10 seat 3 role raid fs 1 body 2 pos 2,13 stuck 0
RC POS 31 id 28 seat 4 role defend fs 0 body 1 pos 3,7 stuck 0
RC ECO 32 harvstore 4 harvseen -1 ti 31 units 7 scale 243.0
RC POS 32 id 5 seat 1 role expand fs 0 body 1 pos 9,9 stuck 0
RC POS 32 id 7 seat 2 role expand fs 0 body 1 pos 11,2 stuck 1
RC POS 32 id 10 seat 3 role raid fs 1 body 2 pos 3,13 stuck 0
RC POS 32 id 28 seat 4 role defend fs 0 body 1 pos 4,7 stuck 0
RC ECO 33 harvstore 4 harvseen -1 ti 51 units 7 scale 243.0
RC POS 33 id 5 seat 1 role expand fs 0 body 1 pos 8,9 stuck 0
RC POS 33 id 7 seat 2 role expand fs 0 body 1 pos 11,3 stuck 0
RC POS 33 id 10 seat 3 role raid fs 1 body 2 pos 3,14 stuck 0
RC POS 33 id 28 seat 4 role defend fs 0 body 1 pos 3,7 stuck 0
RC ECO 34 harvstore 4 harvseen -1 ti 34 units 7 scale 244.0
RC POS 34 id 5 seat 1 role expand fs 0 body 1 pos 7,9 stuck 0
RC POS 34 id 7 seat 2 role expand fs 0 body 1 pos 11,3 stuck 1
RC POS 34 id 10 seat 3 role raid fs 1 body 2 pos 3,15 stuck 0
RC POS 34 id 28 seat 4 role defend fs 0 body 1 pos 4,7 stuck 0
RC ECO 35 harvstore 4 harvseen -1 ti 34 units 7 scale 244.0
RC POS 35 id 5 seat 1 role expand fs 0 body 1 pos 6,9 stuck 0
RC POS 35 id 7 seat 2 role expand fs 0 body 1 pos 10,3 stuck 0
RC POS 35 id 10 seat 3 role raid fs 1 body 2 pos 4,15 stuck 0
RC POS 35 id 28 seat 4 role defend fs 0 body 1 pos 3,7 stuck 0
RC ECO 36 harvstore 4 harvseen -1 ti 27 units 7 scale 245.0
RC POS 36 id 5 seat 1 role expand fs 0 body 1 pos 5,9 stuck 0
RC POS 36 id 7 seat 2 role expand fs 0 body 1 pos 10,3 stuck 1
RC POS 36 id 10 seat 3 role raid fs 1 body 2 pos 5,15 stuck 0
RC POS 36 id 28 seat 4 role defend fs 0 body 1 pos 4,7 stuck 0
RC ECO 37 harvstore 4 harvseen -1 ti 47 units 7 scale 245.0
RC POS 37 id 5 seat 1 role expand fs 0 body 1 pos 4,9 stuck 0
RC POS 37 id 7 seat 2 role expand fs 0 body 1 pos 10,4 stuck 0
RC POS 37 id 10 seat 3 role raid fs 1 body 2 pos 6,15 stuck 0
RC POS 37 id 28 seat 4 role defend fs 0 body 1 pos 3,7 stuck 0
RC ECO 38 harvstore 4 harvseen -1 ti 30 units 7 scale 246.0
RC POS 38 id 5 seat 1 role expand fs 0 body 1 pos 4,10 stuck 0
RC POS 38 id 7 seat 2 role expand fs 0 body 1 pos 10,4 stuck 1
RC POS 38 id 10 seat 3 role raid fs 1 body 2 pos 6,16 stuck 0
RC POS 38 id 28 seat 4 role defend fs 0 body 1 pos 4,7 stuck 0
RC ECO 39 harvstore 4 harvseen -1 ti 30 units 7 scale 246.0
RC POS 39 id 5 seat 1 role expand fs 0 body 1 pos 4,11 stuck 0
RC POS 39 id 7 seat 2 role expand fs 0 body 1 pos 10,5 stuck 0
RC POS 39 id 10 seat 3 role raid fs 1 body 2 pos 6,17 stuck 0
RC POS 39 id 28 seat 4 role defend fs 0 body 1 pos 3,7 stuck 0
RC ECO 40 harvstore 4 harvseen -1 ti 33 units 7 scale 247.0
RC POS 40 id 5 seat 1 role expand fs 0 body 1 pos 3,11 stuck 0
RC POS 40 id 7 seat 2 role expand fs 0 body 1 pos 10,5 stuck 1
RC POS 40 id 10 seat 3 role raid fs 1 body 2 pos 5,17 stuck 0
RC POS 40 id 28 seat 4 role defend fs 0 body 1 pos 4,7 stuck 0
RC ECO 41 harvstore 4 harvseen -1 ti 53 units 7 scale 246.0
RC POS 41 id 5 seat 1 role expand fs 0 body 1 pos 2,11 stuck 0
RC POS 41 id 7 seat 2 role expand fs 0 body 1 pos 10,6 stuck 0
RC POS 41 id 10 seat 3 role raid fs 1 body 2 pos 4,17 stuck 0
RC POS 41 id 28 seat 4 role defend fs 0 body 1 pos 3,7 stuck 0
RC ECO 42 harvstore 4 harvseen -1 ti 46 units 7 scale 247.0
RC POS 42 id 5 seat 1 role expand fs 0 body 1 pos 2,12 stuck 0
RC POS 42 id 7 seat 2 role expand fs 0 body 1 pos 10,6 stuck 1
RC POS 42 id 10 seat 3 role raid fs 1 body 2 pos 4,16 stuck 0
RC POS 42 id 28 seat 4 role defend fs 0 body 1 pos 4,7 stuck 0
RC ECO 43 harvstore 4 harvseen -1 ti 46 units 7 scale 247.0
RC POS 43 id 5 seat 1 role expand fs 0 body 1 pos 2,13 stuck 0
RC POS 43 id 7 seat 2 role expand fs 0 body 1 pos 9,6 stuck 0
RC POS 43 id 10 seat 3 role raid fs 1 body 2 pos 4,15 stuck 0
RC POS 43 id 28 seat 4 role defend fs 0 body 1 pos 3,7 stuck 0
RC ECO 44 harvstore 4 harvseen -1 ti 49 units 7 scale 248.0
RC POS 44 id 5 seat 1 role expand fs 0 body 1 pos 3,13 stuck 0
RC POS 44 id 7 seat 2 role expand fs 0 body 1 pos 9,6 stuck 1
RC POS 44 id 10 seat 3 role raid fs 1 body 2 pos 5,15 stuck 0
RC POS 44 id 28 seat 4 role defend fs 0 body 1 pos 4,7 stuck 0
RC ECO 45 harvstore 4 harvseen -1 ti 59 units 7 scale 248.0
RC POS 45 id 5 seat 1 role expand fs 0 body 1 pos 4,13 stuck 0
RC POS 45 id 7 seat 2 role expand fs 0 body 1 pos 8,6 stuck 0
RC POS 45 id 10 seat 3 role raid fs 1 body 2 pos 6,15 stuck 0
RC POS 45 id 28 seat 4 role defend fs 0 body 1 pos 3,7 stuck 0
RC ECO 46 harvstore 4 harvseen -1 ti 57 units 7 scale 248.0
RC POS 46 id 5 seat 1 role expand fs 0 body 1 pos 3,13 stuck 0
RC POS 46 id 7 seat 2 role expand fs 0 body 1 pos 8,6 stuck 1
RC POS 46 id 10 seat 3 role raid fs 1 body 2 pos 6,15 stuck 1
RC POS 46 id 28 seat 4 role defend fs 0 body 1 pos 4,7 stuck 0
RC ECO 47 harvstore 4 harvseen -1 ti 57 units 7 scale 248.0
RC POS 47 id 5 seat 1 role expand fs 0 body 1 pos 3,14 stuck 0
RC POS 47 id 7 seat 2 role expand fs 0 body 1 pos 8,6 stuck 2
RC POS 47 id 10 seat 3 role raid fs 1 body 2 pos 6,14 stuck 0
RC POS 47 id 28 seat 4 role defend fs 0 body 1 pos 3,7 stuck 0
RC ECO 48 harvstore 4 harvseen -1 ti 65 units 7 scale 248.0
RC POS 48 id 5 seat 1 role expand fs 0 body 1 pos 3,15 stuck 0
RC POS 48 id 7 seat 2 role expand fs 0 body 1 pos 8,6 stuck 3
RC POS 48 id 10 seat 3 role raid fs 1 body 2 pos 6,14 stuck 1
RC POS 48 id 28 seat 4 role defend fs 0 body 1 pos 3,8 stuck 0
RC ECO 49 harvstore 5 harvseen -1 ti 24 units 7 scale 253.0
RC POS 49 id 5 seat 1 role expand fs 0 body 1 pos 4,15 stuck 0
RC POS 49 id 7 seat 2 role expand fs 0 body 1 pos 8,6 stuck 4
RC POS 49 id 10 seat 3 role raid fs 1 body 2 pos 6,14 stuck 2
RC POS 49 id 28 seat 4 role defend fs 0 body 1 pos 3,8 stuck 2
RC ECO 50 harvstore 5 harvseen -1 ti 24 units 7 scale 253.0
RC POS 50 id 5 seat 1 role expand fs 0 body 1 pos 4,16 stuck 0
RC POS 50 id 7 seat 2 role expand fs 0 body 1 pos 8,6 stuck 5
RC POS 50 id 10 seat 3 role raid fs 1 body 2 pos 7,14 stuck 0
RC POS 50 id 28 seat 4 role defend fs 0 body 1 pos 2,8 stuck 0
RC ECO 51 harvstore 5 harvseen -1 ti 24 units 7 scale 253.0
RC POS 51 id 5 seat 1 role expand fs 0 body 1 pos 4,17 stuck 0
RC POS 51 id 7 seat 2 role expand fs 0 body 1 pos 9,6 stuck 0
RC POS 51 id 10 seat 3 role raid fs 1 body 2 pos 7,14 stuck 1
RC POS 51 id 28 seat 4 role defend fs 0 body 1 pos 2,7 stuck 0
RC ECO 52 harvstore 5 harvseen -1 ti 34 units 7 scale 252.0
RC POS 52 id 5 seat 1 role expand fs 0 body 1 pos 5,17 stuck 0
RC POS 52 id 7 seat 2 role expand fs 0 body 1 pos 10,6 stuck 0
RC POS 52 id 10 seat 3 role raid fs 1 body 2 pos 8,14 stuck 0
RC POS 52 id 28 seat 4 role defend fs 0 body 1 pos 2,6 stuck 0
RC ECO 53 harvstore 5 harvseen -1 ti 37 units 7 scale 253.0
RC POS 53 id 5 seat 1 role expand fs 0 body 1 pos 6,17 stuck 0
RC POS 53 id 7 seat 2 role expand fs 0 body 1 pos 10,5 stuck 0
RC POS 53 id 10 seat 3 role raid fs 1 body 2 pos 8,14 stuck 1
RC POS 53 id 28 seat 4 role defend fs 0 body 1 pos 2,6 stuck 1
RC ECO 54 harvstore 5 harvseen -1 ti 37 units 7 scale 253.0
RC POS 54 id 5 seat 1 role expand fs 0 body 1 pos 6,16 stuck 0
RC POS 54 id 7 seat 2 role expand fs 0 body 1 pos 10,4 stuck 0
RC POS 54 id 10 seat 3 role raid fs 1 body 2 pos 8,14 stuck 2
RC POS 54 id 28 seat 4 role defend fs 0 body 1 pos 3,6 stuck 0
RC ECO 55 harvstore 5 harvseen -1 ti 30 units 7 scale 254.0
RC POS 55 id 5 seat 1 role expand fs 0 body 1 pos 6,15 stuck 0
RC POS 55 id 7 seat 2 role expand fs 0 body 1 pos 10,3 stuck 0
RC POS 55 id 10 seat 3 role raid fs 1 body 2 pos 8,14 stuck 3
RC POS 55 id 28 seat 4 role defend fs 0 body 1 pos 3,6 stuck 1
RC ECO 56 harvstore 5 harvseen -1 ti 40 units 7 scale 254.0
RC POS 56 id 5 seat 1 role expand fs 0 body 1 pos 5,15 stuck 0
RC POS 56 id 7 seat 2 role expand fs 0 body 1 pos 11,3 stuck 0
RC POS 56 id 10 seat 3 role raid fs 1 body 2 pos 8,14 stuck 4
RC POS 56 id 28 seat 4 role defend fs 0 body 1 pos 3,5 stuck 0
RC ECO 57 harvstore 5 harvseen -1 ti 43 units 7 scale 255.0
RC POS 57 id 5 seat 1 role expand fs 0 body 1 pos 4,15 stuck 0
RC POS 57 id 7 seat 2 role expand fs 0 body 1 pos 11,2 stuck 0
RC POS 57 id 10 seat 3 role raid fs 1 body 2 pos 8,14 stuck 5
RC POS 57 id 28 seat 4 role defend fs 0 body 1 pos 3,5 stuck 1
RC ECO 58 harvstore 5 harvseen -1 ti 43 units 7 scale 255.0
RC POS 58 id 5 seat 1 role expand fs 0 body 1 pos 3,15 stuck 0
RC POS 58 id 7 seat 2 role expand fs 0 body 1 pos 12,2 stuck 0
RC POS 58 id 10 seat 3 role raid fs 1 body 2 pos 8,14 stuck 6
RC POS 58 id 28 seat 4 role defend fs 0 body 1 pos 3,4 stuck 0
RC ECO 59 harvstore 5 harvseen -1 ti 36 units 7 scale 256.0
RC POS 59 id 5 seat 1 role expand fs 0 body 1 pos 3,14 stuck 0
RC POS 59 id 7 seat 2 role expand fs 0 body 1 pos 11,2 stuck 0
RC POS 59 id 10 seat 3 role raid fs 1 body 2 pos 8,14 stuck 7
RC POS 59 id 28 seat 4 role defend fs 0 body 1 pos 3,4 stuck 1
RC ECO 60 harvstore 5 harvseen -1 ti 46 units 7 scale 256.0
RC POS 60 id 5 seat 1 role expand fs 0 body 1 pos 3,13 stuck 0
RC POS 60 id 7 seat 2 role expand fs 0 body 1 pos 12,2 stuck 0
RC POS 60 id 10 seat 3 role raid fs 1 body 2 pos 8,14 stuck 8
RC POS 60 id 28 seat 4 role defend fs 0 body 1 pos 3,3 stuck 0
RC POS 61 id 5 seat 1 role expand fs 0 body 1 pos 2,13 stuck 0
RC POS 61 id 7 seat 2 role expand fs 0 body 1 pos 11,2 stuck 0
RC POS 61 id 10 seat 3 role raid fs 1 body 2 pos 8,14 stuck 9
RC POS 61 id 28 seat 4 role defend fs 0 body 1 pos 3,3 stuck 1
RC POS 62 id 5 seat 1 role expand fs 0 body 1 pos 2,12 stuck 0
RC POS 62 id 7 seat 2 role expand fs 0 body 1 pos 12,2 stuck 0
RC POS 62 id 10 seat 3 role raid fs 1 body 2 pos 8,14 stuck 10
RC POS 62 id 28 seat 4 role defend fs 0 body 1 pos 4,3 stuck 0
RC POS 63 id 5 seat 1 role expand fs 0 body 1 pos 2,11 stuck 0
RC POS 63 id 7 seat 2 role expand fs 0 body 1 pos 11,2 stuck 0
RC POS 63 id 10 seat 3 role raid fs 1 body 2 pos 8,14 stuck 11
RC POS 63 id 28 seat 4 role defend fs 0 body 1 pos 4,2 stuck 0
RC POS 64 id 5 seat 1 role expand fs 0 body 1 pos 2,10 stuck 0
RC POS 64 id 7 seat 2 role expand fs 0 body 1 pos 12,2 stuck 0
RC POS 64 id 10 seat 3 role raid fs 1 body 2 pos 8,14 stuck 12
RC POS 64 id 28 seat 4 role defend fs 0 body 1 pos 4,3 stuck 0
RC POS 65 id 5 seat 1 role expand fs 0 body 1 pos 2,9 stuck 0
RC POS 65 id 7 seat 2 role expand fs 0 body 1 pos 11,2 stuck 0
RC POS 65 id 10 seat 3 role raid fs 1 body 2 pos 8,14 stuck 13
RC POS 65 id 28 seat 4 role defend fs 0 body 1 pos 4,2 stuck 0
RC POS 66 id 5 seat 1 role expand fs 0 body 1 pos 2,8 stuck 0
RC POS 66 id 7 seat 2 role expand fs 0 body 1 pos 11,2 stuck 1
RC POS 66 id 10 seat 3 role raid fs 1 body 2 pos 8,14 stuck 14
RC POS 66 id 28 seat 4 role defend fs 0 body 1 pos 4,3 stuck 0
RC POS 67 id 5 seat 1 role expand fs 0 body 1 pos 2,7 stuck 0
RC POS 67 id 7 seat 2 role expand fs 0 body 1 pos 11,3 stuck 0
RC POS 67 id 10 seat 3 role raid fs 1 body 2 pos 8,13 stuck 0
RC POS 67 id 28 seat 4 role defend fs 0 body 1 pos 4,2 stuck 0
RC POS 68 id 5 seat 1 role expand fs 0 body 1 pos 2,6 stuck 0
RC POS 68 id 7 seat 2 role expand fs 0 body 1 pos 11,3 stuck 1
RC POS 68 id 10 seat 3 role raid fs 1 body 2 pos 8,13 stuck 1
RC POS 68 id 28 seat 4 role defend fs 0 body 1 pos 4,3 stuck 0
RC POS 69 id 5 seat 1 role expand fs 0 body 1 pos 3,6 stuck 0
RC POS 69 id 7 seat 2 role expand fs 0 body 1 pos 10,3 stuck 0
RC POS 69 id 10 seat 3 role raid fs 1 body 2 pos 8,14 stuck 0
RC POS 69 id 28 seat 4 role defend fs 0 body 1 pos 4,2 stuck 0
RC POS 70 id 5 seat 1 role expand fs 0 body 1 pos 3,5 stuck 0
RC POS 70 id 7 seat 2 role expand fs 0 body 1 pos 10,4 stuck 0
RC POS 70 id 10 seat 3 role raid fs 1 body 2 pos 8,13 stuck 0
RC POS 70 id 28 seat 4 role defend fs 0 body 1 pos 4,3 stuck 0
RC POS 71 id 5 seat 1 role expand fs 0 body 1 pos 3,4 stuck 0
RC POS 71 id 7 seat 2 role expand fs 0 body 1 pos 10,5 stuck 0
RC POS 71 id 10 seat 3 role raid fs 1 body 2 pos 8,13 stuck 1
RC POS 71 id 28 seat 4 role defend fs 0 body 1 pos 4,2 stuck 0
RC POS 72 id 5 seat 1 role expand fs 0 body 1 pos 3,3 stuck 0
RC POS 72 id 7 seat 2 role expand fs 0 body 1 pos 10,6 stuck 0
RC POS 72 id 10 seat 3 role raid fs 1 body 2 pos 8,14 stuck 0
RC POS 72 id 28 seat 4 role defend fs 0 body 1 pos 4,3 stuck 0
RC POS 73 id 5 seat 1 role expand fs 0 body 1 pos 3,2 stuck 0
RC POS 73 id 7 seat 2 role expand fs 0 body 1 pos 9,6 stuck 0
RC POS 73 id 10 seat 3 role raid fs 1 body 2 pos 8,13 stuck 0
RC POS 73 id 28 seat 4 role defend fs 0 body 1 pos 4,2 stuck 0
RC POS 74 id 5 seat 1 role expand fs 0 body 1 pos 3,1 stuck 0
RC POS 74 id 7 seat 2 role expand fs 0 body 1 pos 8,6 stuck 0
RC POS 74 id 28 seat 4 role defend fs 0 body 1 pos 4,3 stuck 0
RC ECO 75 harvstore 6 harvseen -1 ti 35 units 6 scale 243.0
RC POS 75 id 5 seat 1 role expand fs 0 body 1 pos 4,1 stuck 0
RC POS 75 id 7 seat 2 role expand fs 0 body 1 pos 8,6 stuck 1
RC POS 75 id 28 seat 4 role defend fs 0 body 1 pos 4,2 stuck 0
RC POS 76 id 5 seat 1 role expand fs 0 body 1 pos 3,1 stuck 0
RC POS 76 id 7 seat 2 role expand fs 0 body 1 pos 8,6 stuck 2
RC POS 76 id 28 seat 4 role defend fs 0 body 1 pos 4,3 stuck 0
RC POS 77 id 5 seat 1 role expand fs 0 body 1 pos 4,1 stuck 0
RC POS 77 id 7 seat 2 role expand fs 0 body 1 pos 8,6 stuck 3
RC POS 77 id 28 seat 4 role defend fs 0 body 1 pos 4,2 stuck 0
RC POS 78 id 5 seat 1 role expand fs 0 body 1 pos 3,1 stuck 0
RC POS 78 id 7 seat 2 role expand fs 0 body 1 pos 8,6 stuck 4
RC POS 78 id 28 seat 4 role defend fs 0 body 1 pos 4,3 stuck 0
RC POS 79 id 5 seat 1 role expand fs 0 body 1 pos 4,1 stuck 0
RC POS 79 id 7 seat 2 role expand fs 0 body 1 pos 8,6 stuck 5
RC POS 79 id 28 seat 4 role defend fs 0 body 1 pos 4,2 stuck 0
RC POS 80 id 5 seat 1 role expand fs 0 body 1 pos 3,1 stuck 0
RC POS 80 id 7 seat 2 role expand fs 0 body 1 pos 8,7 stuck 0
RC POS 80 id 28 seat 4 role defend fs 0 body 1 pos 4,3 stuck 0
RC POS 81 id 5 seat 1 role expand fs 0 body 1 pos 4,1 stuck 0
RC POS 81 id 7 seat 2 role expand fs 0 body 1 pos 8,8 stuck 0
RC POS 81 id 28 seat 4 role defend fs 0 body 1 pos 4,2 stuck 0
RC POS 82 id 5 seat 1 role expand fs 0 body 1 pos 3,1 stuck 0
RC POS 82 id 7 seat 2 role expand fs 0 body 1 pos 8,9 stuck 0
RC POS 82 id 28 seat 4 role defend fs 0 body 1 pos 4,2 stuck 1
RC POS 83 id 5 seat 1 role expand fs 0 body 1 pos 4,1 stuck 0
RC POS 83 id 7 seat 2 role expand fs 0 body 1 pos 7,9 stuck 0
RC POS 83 id 28 seat 4 role defend fs 0 body 1 pos 4,3 stuck 0
RC POS 84 id 5 seat 1 role expand fs 0 body 1 pos 3,1 stuck 0
RC POS 84 id 7 seat 2 role expand fs 0 body 1 pos 6,9 stuck 0
RC POS 84 id 28 seat 4 role defend fs 0 body 1 pos 4,2 stuck 0
RC POS 85 id 5 seat 1 role expand fs 0 body 1 pos 4,1 stuck 0
RC POS 85 id 7 seat 2 role expand fs 0 body 1 pos 5,9 stuck 0
RC POS 85 id 28 seat 4 role defend fs 0 body 1 pos 4,3 stuck 0
RC POS 86 id 5 seat 1 role expand fs 0 body 1 pos 3,1 stuck 0
RC POS 86 id 7 seat 2 role expand fs 0 body 1 pos 4,9 stuck 0
RC POS 86 id 28 seat 4 role defend fs 0 body 1 pos 4,2 stuck 0
RC POS 87 id 5 seat 1 role expand fs 0 body 1 pos 4,1 stuck 0
RC POS 87 id 7 seat 2 role expand fs 0 body 1 pos 4,10 stuck 0
RC POS 87 id 28 seat 4 role defend fs 0 body 1 pos 4,3 stuck 0
RC POS 88 id 5 seat 1 role expand fs 0 body 1 pos 3,1 stuck 0
RC POS 88 id 7 seat 2 role expand fs 0 body 1 pos 4,11 stuck 0
RC POS 88 id 28 seat 4 role defend fs 0 body 1 pos 4,2 stuck 0
RC POS 89 id 5 seat 1 role expand fs 0 body 1 pos 4,1 stuck 0
RC POS 89 id 7 seat 2 role expand fs 0 body 1 pos 3,11 stuck 0
RC POS 89 id 28 seat 4 role defend fs 0 body 1 pos 4,3 stuck 0
RC POS 90 id 5 seat 1 role expand fs 0 body 1 pos 3,1 stuck 0
RC POS 90 id 7 seat 2 role expand fs 0 body 1 pos 2,11 stuck 0
RC POS 90 id 28 seat 4 role defend fs 0 body 1 pos 4,2 stuck 0
RC POS 91 id 5 seat 1 role expand fs 0 body 1 pos 4,1 stuck 0
RC POS 91 id 7 seat 2 role expand fs 0 body 1 pos 2,12 stuck 0
RC POS 91 id 28 seat 4 role defend fs 0 body 1 pos 4,3 stuck 0
RC POS 92 id 5 seat 1 role expand fs 0 body 1 pos 3,1 stuck 0
RC POS 92 id 7 seat 2 role expand fs 0 body 1 pos 2,13 stuck 0
RC POS 92 id 28 seat 4 role defend fs 0 body 1 pos 4,2 stuck 0
RC POS 93 id 5 seat 1 role expand fs 0 body 1 pos 4,1 stuck 0
RC POS 93 id 7 seat 2 role expand fs 0 body 1 pos 3,13 stuck 0
RC POS 93 id 28 seat 4 role defend fs 0 body 1 pos 4,3 stuck 0
RC POS 94 id 5 seat 1 role expand fs 0 body 1 pos 3,1 stuck 0
RC POS 94 id 7 seat 2 role expand fs 0 body 1 pos 3,14 stuck 0
RC POS 94 id 28 seat 4 role defend fs 0 body 1 pos 4,2 stuck 0
RC POS 95 id 5 seat 1 role expand fs 0 body 1 pos 4,1 stuck 0
RC POS 95 id 7 seat 2 role expand fs 0 body 1 pos 3,15 stuck 0
RC POS 95 id 28 seat 4 role defend fs 0 body 1 pos 4,3 stuck 0
RC POS 96 id 5 seat 1 role expand fs 0 body 1 pos 3,1 stuck 0
RC POS 96 id 7 seat 2 role expand fs 0 body 1 pos 3,14 stuck 0
RC POS 96 id 28 seat 4 role defend fs 0 body 1 pos 4,2 stuck 0
RC POS 97 id 5 seat 1 role expand fs 0 body 1 pos 4,1 stuck 0
RC POS 97 id 7 seat 2 role expand fs 0 body 1 pos 3,13 stuck 0
RC POS 97 id 28 seat 4 role defend fs 0 body 1 pos 4,3 stuck 0
RC POS 98 id 5 seat 1 role expand fs 0 body 1 pos 3,1 stuck 0
RC POS 98 id 28 seat 4 role defend fs 0 body 1 pos 4,2 stuck 0
RC POS 99 id 5 seat 1 role expand fs 0 body 1 pos 4,1 stuck 0
RC POS 99 id 28 seat 4 role defend fs 0 body 1 pos 4,3 stuck 0
RC ECO 100 harvstore 6 harvseen -1 ti 33 units 6 scale 243.0
RC POS 100 id 5 seat 1 role expand fs 0 body 1 pos 3,1 stuck 0
RC POS 100 id 28 seat 4 role defend fs 0 body 1 pos 4,2 stuck 0
RC POS 101 id 5 seat 1 role expand fs 0 body 1 pos 4,1 stuck 0
RC POS 101 id 28 seat 4 role defend fs 0 body 1 pos 4,3 stuck 0
RC POS 102 id 5 seat 1 role expand fs 0 body 1 pos 3,1 stuck 0
RC POS 102 id 28 seat 4 role defend fs 0 body 1 pos 4,2 stuck 0
RC POS 103 id 5 seat 1 role expand fs 0 body 1 pos 4,1 stuck 0
RC POS 103 id 28 seat 4 role defend fs 0 body 1 pos 4,3 stuck 0
RC POS 104 id 5 seat 1 role expand fs 0 body 1 pos 3,1 stuck 0
RC POS 104 id 28 seat 4 role defend fs 0 body 1 pos 4,2 stuck 0
RC POS 105 id 5 seat 1 role expand fs 0 body 1 pos 4,1 stuck 0
RC POS 105 id 28 seat 4 role defend fs 0 body 1 pos 4,3 stuck 0
RC POS 106 id 5 seat 1 role expand fs 0 body 1 pos 3,1 stuck 0
RC POS 106 id 28 seat 4 role defend fs 0 body 1 pos 4,2 stuck 0
RC POS 107 id 5 seat 1 role expand fs 0 body 1 pos 4,1 stuck 0
RC POS 107 id 28 seat 4 role defend fs 0 body 1 pos 4,3 stuck 0
RC POS 108 id 5 seat 1 role expand fs 0 body 1 pos 3,1 stuck 0
RC POS 108 id 28 seat 4 role defend fs 0 body 1 pos 4,2 stuck 0
RC POS 109 id 5 seat 1 role expand fs 0 body 1 pos 4,1 stuck 0
RC POS 109 id 28 seat 4 role defend fs 0 body 1 pos 4,3 stuck 0
RC POS 110 id 5 seat 1 role expand fs 0 body 1 pos 3,1 stuck 0
RC POS 110 id 28 seat 4 role defend fs 0 body 1 pos 4,2 stuck 0
RC POS 111 id 5 seat 1 role expand fs 0 body 1 pos 4,1 stuck 0
RC POS 111 id 28 seat 4 role defend fs 0 body 1 pos 4,3 stuck 0
RC POS 112 id 5 seat 1 role expand fs 0 body 1 pos 3,1 stuck 0
RC POS 112 id 28 seat 4 role defend fs 0 body 1 pos 4,2 stuck 0
RC POS 113 id 5 seat 1 role expand fs 0 body 1 pos 4,1 stuck 0
RC POS 113 id 28 seat 4 role defend fs 0 body 1 pos 4,3 stuck 0
RC POS 114 id 5 seat 1 role expand fs 0 body 1 pos 3,1 stuck 0
RC POS 114 id 28 seat 4 role defend fs 0 body 1 pos 4,2 stuck 0
RC POS 115 id 5 seat 1 role expand fs 0 body 1 pos 4,1 stuck 0
RC POS 115 id 28 seat 4 role defend fs 0 body 1 pos 4,3 stuck 0
RC POS 116 id 5 seat 1 role expand fs 0 body 1 pos 3,1 stuck 0
RC POS 116 id 28 seat 4 role defend fs 0 body 1 pos 4,2 stuck 0
RC POS 117 id 5 seat 1 role expand fs 0 body 1 pos 4,1 stuck 0
RC POS 117 id 28 seat 4 role defend fs 0 body 1 pos 4,3 stuck 0
RC POS 118 id 5 seat 1 role expand fs 0 body 1 pos 3,1 stuck 0
RC POS 118 id 28 seat 4 role defend fs 0 body 1 pos 4,2 stuck 0
RC POS 119 id 5 seat 1 role expand fs 0 body 1 pos 4,1 stuck 0
RC POS 119 id 28 seat 4 role defend fs 0 body 1 pos 4,3 stuck 0
RC POS 120 id 5 seat 1 role expand fs 0 body 1 pos 3,1 stuck 0
RC POS 120 id 28 seat 4 role defend fs 0 body 1 pos 4,2 stuck 0
RC POS 121 id 5 seat 1 role expand fs 0 body 1 pos 4,1 stuck 0
RC POS 121 id 28 seat 4 role defend fs 0 body 1 pos 4,3 stuck 0
RC SEAT 121 id 218 seat 5
RC POS 121 id 218 seat 5 role raid fs 1 body 1 pos 7,6 stuck 0
RC HOP 121 lid 220 body 1 at 7,7 dsq 25
RC POS 122 id 5 seat 1 role expand fs 0 body 1 pos 3,1 stuck 0
RC POS 122 id 28 seat 4 role defend fs 0 body 1 pos 4,2 stuck 0
RC POS 122 id 218 seat 5 role raid fs 1 body 1 pos 7,6 stuck 1
RC THROW 122 lid 220 body 218 n 1
RC POS 123 id 5 seat 1 role expand fs 0 body 1 pos 4,1 stuck 0
RC POS 123 id 28 seat 4 role defend fs 0 body 1 pos 4,3 stuck 0
RC POS 123 id 218 seat 5 role raid fs 1 body 1 pos 8,12 stuck 0
RC ARRIVE 123 id 218 body 1 dsq 1
ARC520 CLAIM 123 id 218 body 1 arc 1 at (8, 12)
RC POS 124 id 5 seat 1 role expand fs 0 body 1 pos 3,1 stuck 0
RC POS 124 id 28 seat 4 role defend fs 0 body 1 pos 3,3 stuck 0
RC POS 124 id 218 seat 5 role raid fs 1 body 1 pos 8,12 stuck 1
RC ECO 125 harvstore 6 harvseen -1 ti 39 units 8 scale 273.0
RC POS 125 id 5 seat 1 role expand fs 0 body 1 pos 4,1 stuck 0
RC POS 125 id 28 seat 4 role defend fs 0 body 1 pos 4,3 stuck 0
RC POS 125 id 218 seat 5 role raid fs 1 body 1 pos 8,13 stuck 0
RC POS 126 id 5 seat 1 role expand fs 0 body 1 pos 3,1 stuck 0
RC POS 126 id 28 seat 4 role defend fs 0 body 1 pos 4,2 stuck 0
RC POS 126 id 218 seat 5 role raid fs 1 body 1 pos 8,13 stuck 1
RC POS 127 id 5 seat 1 role expand fs 0 body 1 pos 4,1 stuck 0
RC POS 127 id 28 seat 4 role defend fs 0 body 1 pos 4,3 stuck 0
RC POS 127 id 218 seat 5 role raid fs 1 body 1 pos 8,13 stuck 2
RC POS 128 id 5 seat 1 role expand fs 0 body 1 pos 3,1 stuck 0
RC POS 128 id 28 seat 4 role defend fs 0 body 1 pos 4,2 stuck 0
RC POS 128 id 218 seat 5 role raid fs 1 body 1 pos 8,13 stuck 3
RC POS 129 id 5 seat 1 role expand fs 0 body 1 pos 4,1 stuck 0
RC POS 129 id 28 seat 4 role defend fs 0 body 1 pos 4,3 stuck 0
RC POS 129 id 218 seat 5 role raid fs 1 body 1 pos 8,13 stuck 4
RC POS 130 id 5 seat 1 role expand fs 0 body 1 pos 3,1 stuck 0
RC POS 130 id 28 seat 4 role defend fs 0 body 1 pos 4,2 stuck 0
RC POS 130 id 218 seat 5 role raid fs 1 body 1 pos 8,13 stuck 5
RC POS 131 id 5 seat 1 role expand fs 0 body 1 pos 4,1 stuck 0
RC POS 131 id 28 seat 4 role defend fs 0 body 1 pos 4,3 stuck 0
RC POS 131 id 218 seat 5 role raid fs 1 body 1 pos 8,14 stuck 0
RC POS 132 id 5 seat 1 role expand fs 0 body 1 pos 3,1 stuck 0
RC POS 132 id 28 seat 4 role defend fs 0 body 1 pos 4,2 stuck 0
RC POS 132 id 218 seat 5 role raid fs 1 body 1 pos 8,13 stuck 0
RC POS 133 id 5 seat 1 role expand fs 0 body 1 pos 4,1 stuck 0
RC POS 133 id 28 seat 4 role defend fs 0 body 1 pos 4,3 stuck 0
RC POS 133 id 218 seat 5 role raid fs 1 body 1 pos 8,13 stuck 1
RC POS 134 id 5 seat 1 role expand fs 0 body 1 pos 3,1 stuck 0
RC POS 134 id 28 seat 4 role defend fs 0 body 1 pos 4,2 stuck 0
RC POS 134 id 218 seat 5 role raid fs 1 body 1 pos 8,13 stuck 2
RC POS 135 id 5 seat 1 role expand fs 0 body 1 pos 4,1 stuck 0
RC POS 135 id 28 seat 4 role defend fs 0 body 1 pos 4,3 stuck 0
RC POS 135 id 218 seat 5 role raid fs 1 body 1 pos 8,14 stuck 0
RC POS 136 id 5 seat 1 role expand fs 0 body 1 pos 3,1 stuck 0
RC POS 136 id 28 seat 4 role defend fs 0 body 1 pos 4,2 stuck 0
RC POS 136 id 218 seat 5 role raid fs 1 body 1 pos 8,13 stuck 0
RC POS 137 id 5 seat 1 role expand fs 0 body 1 pos 4,1 stuck 0
RC POS 137 id 28 seat 4 role defend fs 0 body 1 pos 4,3 stuck 0
RC POS 137 id 218 seat 5 role raid fs 1 body 1 pos 8,13 stuck 1
RC POS 138 id 5 seat 1 role expand fs 0 body 1 pos 3,1 stuck 0
RC POS 138 id 28 seat 4 role defend fs 0 body 1 pos 4,2 stuck 0
RC POS 138 id 218 seat 5 role raid fs 1 body 1 pos 8,13 stuck 2
RC POS 139 id 5 seat 1 role expand fs 0 body 1 pos 4,1 stuck 0
RC POS 139 id 28 seat 4 role defend fs 0 body 1 pos 4,3 stuck 0
RC POS 139 id 218 seat 5 role raid fs 1 body 1 pos 8,14 stuck 0
RC POS 140 id 5 seat 1 role expand fs 0 body 1 pos 3,1 stuck 0
RC POS 140 id 28 seat 4 role defend fs 0 body 1 pos 4,2 stuck 0
RC POS 140 id 218 seat 5 role raid fs 1 body 1 pos 8,13 stuck 0
RC POS 141 id 5 seat 1 role expand fs 0 body 1 pos 4,1 stuck 0
RC POS 141 id 28 seat 4 role defend fs 0 body 1 pos 4,3 stuck 0
RC POS 141 id 218 seat 5 role raid fs 1 body 1 pos 8,13 stuck 1
RC POS 142 id 5 seat 1 role expand fs 0 body 1 pos 3,1 stuck 0
RC POS 142 id 28 seat 4 role defend fs 0 body 1 pos 4,2 stuck 0
RC POS 143 id 5 seat 1 role expand fs 0 body 1 pos 4,1 stuck 0
RC POS 143 id 28 seat 4 role defend fs 0 body 1 pos 4,3 stuck 0
RC POS 144 id 5 seat 1 role expand fs 0 body 1 pos 3,1 stuck 0
RC POS 144 id 28 seat 4 role defend fs 0 body 1 pos 4,2 stuck 0
RC POS 145 id 5 seat 1 role expand fs 0 body 1 pos 4,1 stuck 0
RC POS 145 id 28 seat 4 role defend fs 0 body 1 pos 4,3 stuck 0
RC POS 146 id 5 seat 1 role expand fs 0 body 1 pos 3,1 stuck 0
RC POS 146 id 28 seat 4 role defend fs 0 body 1 pos 4,2 stuck 0
RC POS 147 id 5 seat 1 role expand fs 0 body 1 pos 4,1 stuck 0
RC POS 147 id 28 seat 4 role defend fs 0 body 1 pos 4,3 stuck 0
RC POS 148 id 5 seat 1 role expand fs 0 body 1 pos 3,1 stuck 0
RC POS 148 id 28 seat 4 role defend fs 0 body 1 pos 4,2 stuck 0
RC POS 149 id 5 seat 1 role expand fs 0 body 1 pos 4,1 stuck 0
RC POS 149 id 28 seat 4 role defend fs 0 body 1 pos 4,3 stuck 0
RC ECO 150 harvstore 6 harvseen -1 ti 93 units 6 scale 243.0
RC POS 150 id 5 seat 1 role expand fs 0 body 1 pos 3,1 stuck 0
RC POS 150 id 28 seat 4 role defend fs 0 body 1 pos 4,2 stuck 0
RC POS 151 id 5 seat 1 role expand fs 0 body 1 pos 4,1 stuck 0
RC POS 151 id 28 seat 4 role defend fs 0 body 1 pos 4,3 stuck 0
RC POS 152 id 5 seat 1 role expand fs 0 body 1 pos 3,1 stuck 0
RC POS 152 id 28 seat 4 role defend fs 0 body 1 pos 4,2 stuck 0
RC POS 153 id 5 seat 1 role expand fs 0 body 1 pos 4,1 stuck 0
RC POS 153 id 28 seat 4 role defend fs 0 body 1 pos 4,3 stuck 0
RC POS 154 id 5 seat 1 role expand fs 0 body 1 pos 3,1 stuck 0
RC POS 154 id 28 seat 4 role defend fs 0 body 1 pos 4,2 stuck 0
RC POS 155 id 5 seat 1 role expand fs 0 body 1 pos 4,1 stuck 0
RC POS 155 id 28 seat 4 role defend fs 0 body 1 pos 4,3 stuck 0
RC POS 156 id 5 seat 1 role expand fs 0 body 1 pos 3,1 stuck 0
RC POS 156 id 28 seat 4 role defend fs 0 body 1 pos 4,2 stuck 0
RC POS 157 id 5 seat 1 role expand fs 0 body 1 pos 4,1 stuck 0
RC POS 157 id 28 seat 4 role defend fs 0 body 1 pos 4,3 stuck 0
RC POS 158 id 5 seat 1 role expand fs 0 body 1 pos 3,1 stuck 0
RC POS 158 id 28 seat 4 role defend fs 0 body 1 pos 4,2 stuck 0
RC SEAT 158 id 267 seat 6
RC POS 158 id 267 seat 6 role raid fs 1 body 1 pos 8,5 stuck 0
RC POS 159 id 5 seat 1 role expand fs 0 body 1 pos 4,1 stuck 0
RC POS 159 id 28 seat 4 role defend fs 0 body 1 pos 4,3 stuck 0
RC POS 159 id 267 seat 6 role raid fs 1 body 1 pos 8,6 stuck 0
RC HOP 159 lid 270 body 1 at 8,7 dsq 26
RC POS 160 id 5 seat 1 role expand fs 0 body 1 pos 3,1 stuck 0
RC POS 160 id 28 seat 4 role defend fs 0 body 1 pos 4,2 stuck 0
RC POS 160 id 267 seat 6 role raid fs 1 body 1 pos 8,6 stuck 1
RC THROW 160 lid 270 body 267 n 1
RC POS 161 id 5 seat 1 role expand fs 0 body 1 pos 4,1 stuck 0
RC POS 161 id 28 seat 4 role defend fs 0 body 1 pos 4,3 stuck 0
RC POS 161 id 267 seat 6 role raid fs 1 body 1 pos 8,12 stuck 0
RC ARRIVE 161 id 267 body 1 dsq 1
ARC520 CLAIM 161 id 267 body 1 arc 1 at (8, 12)
RC POS 162 id 5 seat 1 role expand fs 0 body 1 pos 3,1 stuck 0
RC POS 162 id 28 seat 4 role defend fs 0 body 1 pos 4,2 stuck 0
RC POS 163 id 5 seat 1 role expand fs 0 body 1 pos 4,1 stuck 0
RC POS 163 id 28 seat 4 role defend fs 0 body 1 pos 4,3 stuck 0
RC POS 164 id 5 seat 1 role expand fs 0 body 1 pos 3,1 stuck 0
RC POS 164 id 28 seat 4 role defend fs 0 body 1 pos 4,2 stuck 0
RC POS 165 id 5 seat 1 role expand fs 0 body 1 pos 4,1 stuck 0
RC POS 165 id 28 seat 4 role defend fs 0 body 1 pos 4,3 stuck 0
RC POS 166 id 5 seat 1 role expand fs 0 body 1 pos 3,1 stuck 0
RC POS 166 id 28 seat 4 role defend fs 0 body 1 pos 4,2 stuck 0
RC POS 167 id 5 seat 1 role expand fs 0 body 1 pos 4,1 stuck 0
RC POS 167 id 28 seat 4 role defend fs 0 body 1 pos 4,3 stuck 0
RC POS 168 id 5 seat 1 role expand fs 0 body 1 pos 3,1 stuck 0
RC POS 168 id 28 seat 4 role defend fs 0 body 1 pos 4,2 stuck 0
RC POS 169 id 5 seat 1 role expand fs 0 body 1 pos 4,1 stuck 0
RC POS 169 id 28 seat 4 role defend fs 0 body 1 pos 4,3 stuck 0
RC POS 170 id 5 seat 1 role expand fs 0 body 1 pos 3,1 stuck 0
RC POS 170 id 28 seat 4 role defend fs 0 body 1 pos 3,3 stuck 0
RC POS 171 id 5 seat 1 role expand fs 0 body 1 pos 4,1 stuck 0
RC POS 171 id 28 seat 4 role defend fs 0 body 1 pos 4,3 stuck 0
RC POS 172 id 5 seat 1 role expand fs 0 body 1 pos 3,1 stuck 0
RC POS 172 id 28 seat 4 role defend fs 0 body 1 pos 4,2 stuck 0
RC POS 173 id 5 seat 1 role expand fs 0 body 1 pos 4,1 stuck 0
RC POS 173 id 28 seat 4 role defend fs 0 body 1 pos 4,3 stuck 0
RC POS 174 id 5 seat 1 role expand fs 0 body 1 pos 3,1 stuck 0
RC POS 174 id 28 seat 4 role defend fs 0 body 1 pos 4,3 stuck 1
RC ECO 175 harvstore 6 harvseen -1 ti 17 units 7 scale 263.0
RC POS 175 id 5 seat 1 role expand fs 0 body 1 pos 4,1 stuck 0
RC POS 175 id 28 seat 4 role defend fs 0 body 1 pos 3,3 stuck 0
RC POS 176 id 5 seat 1 role expand fs 0 body 1 pos 3,1 stuck 0
RC POS 176 id 28 seat 4 role defend fs 0 body 1 pos 4,3 stuck 0
RC POS 177 id 5 seat 1 role expand fs 0 body 1 pos 4,1 stuck 0
RC POS 177 id 28 seat 4 role defend fs 0 body 1 pos 3,3 stuck 0
RC POS 178 id 5 seat 1 role expand fs 0 body 1 pos 3,1 stuck 0
RC POS 178 id 28 seat 4 role defend fs 0 body 1 pos 4,3 stuck 0
RC POS 179 id 5 seat 1 role expand fs 0 body 1 pos 4,1 stuck 0
RC POS 179 id 28 seat 4 role defend fs 0 body 1 pos 4,4 stuck 0
RC POS 180 id 5 seat 1 role expand fs 0 body 1 pos 3,1 stuck 0
RC POS 180 id 28 seat 4 role defend fs 0 body 1 pos 5,4 stuck 0
RC POS 181 id 5 seat 1 role expand fs 0 body 1 pos 4,1 stuck 0
RC POS 181 id 28 seat 4 role defend fs 0 body 1 pos 4,4 stuck 0
RC POS 182 id 5 seat 1 role expand fs 0 body 1 pos 3,1 stuck 0
RC POS 182 id 28 seat 4 role defend fs 0 body 1 pos 4,4 stuck 1
RC POS 183 id 5 seat 1 role expand fs 0 body 1 pos 4,1 stuck 0
RC POS 183 id 28 seat 4 role defend fs 0 body 1 pos 3,4 stuck 0
RC POS 184 id 5 seat 1 role expand fs 0 body 1 pos 3,1 stuck 0
RC POS 184 id 28 seat 4 role defend fs 0 body 1 pos 3,3 stuck 0
RC POS 185 id 5 seat 1 role expand fs 0 body 1 pos 4,1 stuck 0
RC POS 185 id 28 seat 4 role defend fs 0 body 1 pos 2,3 stuck 0
RC POS 186 id 5 seat 1 role expand fs 0 body 1 pos 3,1 stuck 0
RC POS 186 id 28 seat 4 role defend fs 0 body 1 pos 2,2 stuck 0
RC POS 187 id 5 seat 1 role expand fs 0 body 1 pos 4,1 stuck 0
RC POS 187 id 28 seat 4 role defend fs 0 body 1 pos 1,2 stuck 0
RC POS 188 id 5 seat 1 role expand fs 0 body 1 pos 3,1 stuck 0
RC POS 188 id 28 seat 4 role defend fs 0 body 1 pos 1,1 stuck 0
RC POS 189 id 5 seat 1 role expand fs 0 body 1 pos 4,1 stuck 0
RC POS 189 id 28 seat 4 role defend fs 0 body 1 pos 0,1 stuck 0
RC POS 190 id 5 seat 1 role expand fs 0 body 1 pos 3,1 stuck 0
RC POS 190 id 28 seat 4 role defend fs 0 body 1 pos 0,0 stuck 0
RC POS 191 id 5 seat 1 role expand fs 0 body 1 pos 4,1 stuck 0
RC POS 191 id 28 seat 4 role defend fs 0 body 1 pos 1,0 stuck 0
RC POS 192 id 5 seat 1 role expand fs 0 body 1 pos 3,1 stuck 0
RC POS 192 id 28 seat 4 role defend fs 0 body 1 pos 2,0 stuck 0
RC POS 193 id 5 seat 1 role expand fs 0 body 1 pos 4,1 stuck 0
RC POS 193 id 28 seat 4 role defend fs 0 body 1 pos 2,0 stuck 1
RC POS 194 id 5 seat 1 role expand fs 0 body 1 pos 3,1 stuck 0
RC POS 194 id 28 seat 4 role defend fs 0 body 1 pos 2,0 stuck 2
RC POS 195 id 5 seat 1 role expand fs 0 body 1 pos 4,1 stuck 0
RC POS 195 id 28 seat 4 role defend fs 0 body 1 pos 2,0 stuck 3
RC POS 196 id 5 seat 1 role expand fs 0 body 1 pos 3,1 stuck 0
RC POS 196 id 28 seat 4 role defend fs 0 body 1 pos 2,0 stuck 4
RC POS 197 id 5 seat 1 role expand fs 0 body 1 pos 4,1 stuck 0
RC POS 197 id 28 seat 4 role defend fs 0 body 1 pos 2,0 stuck 5
RC POS 198 id 5 seat 1 role expand fs 0 body 1 pos 3,1 stuck 0
RC POS 198 id 28 seat 4 role defend fs 0 body 1 pos 2,1 stuck 0
RC POS 199 id 5 seat 1 role expand fs 0 body 1 pos 4,1 stuck 0
RC POS 199 id 28 seat 4 role defend fs 0 body 1 pos 2,2 stuck 0
RC ECO 200 harvstore 6 harvseen -1 ti 116 units 7 scale 263.0
RC POS 200 id 5 seat 1 role expand fs 0 body 1 pos 3,1 stuck 0
RC POS 200 id 28 seat 4 role defend fs 0 body 1 pos 2,3 stuck 0
RC POS 201 id 5 seat 1 role expand fs 0 body 1 pos 4,1 stuck 0
RC POS 201 id 28 seat 4 role defend fs 0 body 1 pos 2,3 stuck 1
RC POS 202 id 5 seat 1 role expand fs 0 body 1 pos 3,1 stuck 0
RC POS 202 id 28 seat 4 role defend fs 0 body 1 pos 3,3 stuck 0
RC POS 203 id 5 seat 1 role expand fs 0 body 1 pos 4,1 stuck 0
RC POS 203 id 28 seat 4 role defend fs 0 body 1 pos 3,4 stuck 0
RC POS 204 id 5 seat 1 role expand fs 0 body 1 pos 3,1 stuck 0
RC POS 204 id 28 seat 4 role defend fs 0 body 1 pos 3,5 stuck 0
RC POS 205 id 5 seat 1 role expand fs 0 body 1 pos 4,1 stuck 0
RC POS 205 id 28 seat 4 role defend fs 0 body 1 pos 3,6 stuck 0
RC POS 206 id 5 seat 1 role expand fs 0 body 1 pos 3,1 stuck 0
RC POS 206 id 28 seat 4 role defend fs 0 body 1 pos 3,5 stuck 0
RC POS 207 id 5 seat 1 role expand fs 0 body 1 pos 4,1 stuck 0
RC POS 207 id 28 seat 4 role defend fs 0 body 1 pos 3,6 stuck 0
RC POS 208 id 5 seat 1 role expand fs 0 body 1 pos 3,1 stuck 0
RC POS 208 id 28 seat 4 role defend fs 0 body 1 pos 3,5 stuck 0
RC POS 209 id 5 seat 1 role expand fs 0 body 1 pos 4,1 stuck 0
RC POS 209 id 28 seat 4 role defend fs 0 body 1 pos 3,6 stuck 0
RC POS 210 id 5 seat 1 role expand fs 0 body 1 pos 3,1 stuck 0
RC POS 210 id 28 seat 4 role defend fs 0 body 1 pos 3,6 stuck 1
RC POS 211 id 5 seat 1 role expand fs 0 body 1 pos 4,1 stuck 0
RC POS 211 id 28 seat 4 role defend fs 0 body 1 pos 3,5 stuck 0
RC POS 212 id 5 seat 1 role expand fs 0 body 1 pos 3,1 stuck 0
RC POS 212 id 28 seat 4 role defend fs 0 body 1 pos 3,6 stuck 0
RC POS 213 id 5 seat 1 role expand fs 0 body 1 pos 4,1 stuck 0
RC POS 213 id 28 seat 4 role defend fs 0 body 1 pos 3,5 stuck 0
RC POS 214 id 5 seat 1 role expand fs 0 body 1 pos 3,1 stuck 0
RC POS 214 id 28 seat 4 role defend fs 0 body 1 pos 3,6 stuck 0
RC POS 215 id 5 seat 1 role expand fs 0 body 1 pos 4,1 stuck 0
RC POS 215 id 28 seat 4 role defend fs 0 body 1 pos 3,5 stuck 0
RC POS 216 id 5 seat 1 role expand fs 0 body 1 pos 3,1 stuck 0
RC POS 216 id 28 seat 4 role defend fs 0 body 1 pos 3,6 stuck 0
RC POS 217 id 5 seat 1 role expand fs 0 body 1 pos 4,1 stuck 0
RC POS 217 id 28 seat 4 role defend fs 0 body 1 pos 3,5 stuck 0
RC POS 218 id 5 seat 1 role expand fs 0 body 1 pos 3,1 stuck 0
RC POS 218 id 28 seat 4 role defend fs 0 body 1 pos 3,6 stuck 0
RC POS 219 id 5 seat 1 role expand fs 0 body 1 pos 4,1 stuck 0
RC POS 219 id 28 seat 4 role defend fs 0 body 1 pos 3,5 stuck 0
RC POS 220 id 5 seat 1 role expand fs 0 body 1 pos 3,1 stuck 0
RC POS 220 id 28 seat 4 role defend fs 0 body 1 pos 3,6 stuck 0
RC POS 221 id 5 seat 1 role expand fs 0 body 1 pos 4,1 stuck 0
RC POS 221 id 28 seat 4 role defend fs 0 body 1 pos 3,5 stuck 0
RC POS 222 id 5 seat 1 role expand fs 0 body 1 pos 3,1 stuck 0
RC POS 222 id 28 seat 4 role defend fs 0 body 1 pos 3,6 stuck 0
RC POS 223 id 5 seat 1 role expand fs 0 body 1 pos 4,1 stuck 0
RC POS 223 id 28 seat 4 role defend fs 0 body 1 pos 3,5 stuck 0
RC POS 224 id 5 seat 1 role expand fs 0 body 1 pos 3,1 stuck 0
RC POS 224 id 28 seat 4 role defend fs 0 body 1 pos 3,6 stuck 0
RC ECO 225 harvstore 6 harvseen -1 ti 28 units 9 scale 303.0
RC POS 225 id 5 seat 1 role expand fs 0 body 1 pos 4,1 stuck 0
RC POS 225 id 28 seat 4 role defend fs 0 body 1 pos 3,5 stuck 0
RC POS 226 id 5 seat 1 role expand fs 0 body 1 pos 3,1 stuck 0
RC POS 226 id 28 seat 4 role defend fs 0 body 1 pos 3,6 stuck 0
RC POS 227 id 5 seat 1 role expand fs 0 body 1 pos 4,1 stuck 0
RC POS 227 id 28 seat 4 role defend fs 0 body 1 pos 3,5 stuck 0
RC POS 228 id 5 seat 1 role expand fs 0 body 1 pos 3,1 stuck 0
RC POS 228 id 28 seat 4 role defend fs 0 body 1 pos 3,6 stuck 0
RC POS 229 id 5 seat 1 role expand fs 0 body 1 pos 4,1 stuck 0
RC POS 229 id 28 seat 4 role defend fs 0 body 1 pos 3,5 stuck 0
RC POS 230 id 5 seat 1 role expand fs 0 body 1 pos 3,1 stuck 0
RC POS 230 id 28 seat 4 role defend fs 0 body 1 pos 3,6 stuck 0
RC POS 231 id 5 seat 1 role expand fs 0 body 1 pos 4,1 stuck 0
RC POS 231 id 28 seat 4 role defend fs 0 body 1 pos 3,5 stuck 0
RC POS 232 id 5 seat 1 role expand fs 0 body 1 pos 3,1 stuck 0
RC POS 232 id 28 seat 4 role defend fs 0 body 1 pos 3,6 stuck 0
RC POS 233 id 5 seat 1 role expand fs 0 body 1 pos 4,1 stuck 0
RC POS 233 id 28 seat 4 role defend fs 0 body 1 pos 3,5 stuck 0
RC POS 234 id 5 seat 1 role expand fs 0 body 1 pos 3,1 stuck 0
RC POS 234 id 28 seat 4 role defend fs 0 body 1 pos 3,6 stuck 0
RC POS 235 id 5 seat 1 role expand fs 0 body 1 pos 4,1 stuck 0
RC POS 235 id 28 seat 4 role defend fs 0 body 1 pos 3,5 stuck 0
RC POS 236 id 5 seat 1 role expand fs 0 body 1 pos 3,1 stuck 0
RC POS 236 id 28 seat 4 role defend fs 0 body 1 pos 3,6 stuck 0
RC POS 237 id 5 seat 1 role expand fs 0 body 1 pos 4,1 stuck 0
RC POS 237 id 28 seat 4 role defend fs 0 body 1 pos 3,5 stuck 0
RC POS 238 id 5 seat 1 role expand fs 0 body 1 pos 3,1 stuck 0
RC POS 238 id 28 seat 4 role defend fs 0 body 1 pos 3,6 stuck 0
RC POS 239 id 5 seat 1 role expand fs 0 body 1 pos 4,1 stuck 0
RC POS 239 id 28 seat 4 role defend fs 0 body 1 pos 3,5 stuck 0
RC POS 240 id 5 seat 1 role expand fs 0 body 1 pos 3,1 stuck 0
RC POS 240 id 28 seat 4 role defend fs 0 body 1 pos 3,6 stuck 0
RC POS 241 id 5 seat 1 role expand fs 0 body 1 pos 4,1 stuck 0
RC POS 241 id 28 seat 4 role defend fs 0 body 1 pos 3,5 stuck 0
RC POS 242 id 5 seat 1 role expand fs 0 body 1 pos 3,1 stuck 0
RC POS 242 id 28 seat 4 role defend fs 0 body 1 pos 3,6 stuck 0
RC POS 243 id 5 seat 1 role expand fs 0 body 1 pos 4,1 stuck 0
RC POS 243 id 28 seat 4 role defend fs 0 body 1 pos 3,5 stuck 0
RC POS 244 id 5 seat 1 role expand fs 0 body 1 pos 3,1 stuck 0
RC POS 244 id 28 seat 4 role defend fs 0 body 1 pos 3,6 stuck 0
RC POS 245 id 5 seat 1 role expand fs 0 body 1 pos 4,1 stuck 0
RC POS 245 id 28 seat 4 role defend fs 0 body 1 pos 3,5 stuck 0
RC POS 246 id 5 seat 1 role expand fs 0 body 1 pos 3,1 stuck 0
RC POS 246 id 28 seat 4 role defend fs 0 body 1 pos 3,6 stuck 0
RC POS 247 id 5 seat 1 role expand fs 0 body 1 pos 4,1 stuck 0
RC POS 247 id 28 seat 4 role defend fs 0 body 1 pos 3,5 stuck 0
RC POS 248 id 5 seat 1 role expand fs 0 body 1 pos 3,1 stuck 0
RC POS 248 id 28 seat 4 role defend fs 0 body 1 pos 3,6 stuck 0
RC POS 249 id 5 seat 1 role expand fs 0 body 1 pos 4,1 stuck 0
RC POS 249 id 28 seat 4 role defend fs 0 body 1 pos 3,5 stuck 0
RC ECO 250 harvstore 6 harvseen -1 ti 78 units 9 scale 303.0
RC POS 250 id 5 seat 1 role expand fs 0 body 1 pos 3,1 stuck 0
RC POS 250 id 28 seat 4 role defend fs 0 body 1 pos 3,6 stuck 0
RC POS 251 id 5 seat 1 role expand fs 0 body 1 pos 4,1 stuck 0
RC POS 251 id 28 seat 4 role defend fs 0 body 1 pos 3,5 stuck 0
RC POS 252 id 5 seat 1 role expand fs 0 body 1 pos 3,1 stuck 0
RC POS 252 id 28 seat 4 role defend fs 0 body 1 pos 3,6 stuck 0
RC POS 253 id 5 seat 1 role expand fs 0 body 1 pos 4,1 stuck 0
RC POS 253 id 28 seat 4 role defend fs 0 body 1 pos 3,5 stuck 0
RC POS 254 id 5 seat 1 role expand fs 0 body 1 pos 3,1 stuck 0
RC POS 254 id 28 seat 4 role defend fs 0 body 1 pos 3,6 stuck 0
RC POS 255 id 5 seat 1 role expand fs 0 body 1 pos 4,1 stuck 0
RC POS 255 id 28 seat 4 role defend fs 0 body 1 pos 3,5 stuck 0
RC POS 256 id 5 seat 1 role expand fs 0 body 1 pos 3,1 stuck 0
RC POS 256 id 28 seat 4 role defend fs 0 body 1 pos 3,6 stuck 0
RC POS 257 id 5 seat 1 role expand fs 0 body 1 pos 4,1 stuck 0
RC POS 257 id 28 seat 4 role defend fs 0 body 1 pos 3,5 stuck 0
RC POS 258 id 5 seat 1 role expand fs 0 body 1 pos 3,1 stuck 0
RC POS 258 id 28 seat 4 role defend fs 0 body 1 pos 3,6 stuck 0
RC POS 259 id 5 seat 1 role expand fs 0 body 1 pos 4,1 stuck 0
RC POS 259 id 28 seat 4 role defend fs 0 body 1 pos 3,5 stuck 0
RC POS 260 id 5 seat 1 role expand fs 0 body 1 pos 3,1 stuck 0
RC POS 260 id 28 seat 4 role defend fs 0 body 1 pos 3,6 stuck 0
RC POS 261 id 5 seat 1 role expand fs 0 body 1 pos 4,1 stuck 0
RC POS 261 id 28 seat 4 role defend fs 0 body 1 pos 3,5 stuck 0
RC POS 262 id 5 seat 1 role expand fs 0 body 1 pos 3,1 stuck 0
RC POS 262 id 28 seat 4 role defend fs 0 body 1 pos 3,6 stuck 0
RC POS 263 id 5 seat 1 role expand fs 0 body 1 pos 4,1 stuck 0
RC POS 263 id 28 seat 4 role defend fs 0 body 1 pos 3,5 stuck 0
RC POS 264 id 5 seat 1 role expand fs 0 body 1 pos 3,1 stuck 0
RC POS 264 id 28 seat 4 role defend fs 0 body 1 pos 3,6 stuck 0
RC POS 265 id 5 seat 1 role expand fs 0 body 1 pos 4,1 stuck 0
RC POS 265 id 28 seat 4 role defend fs 0 body 1 pos 3,5 stuck 0
RC POS 266 id 5 seat 1 role expand fs 0 body 1 pos 3,1 stuck 0
RC POS 266 id 28 seat 4 role defend fs 0 body 1 pos 3,6 stuck 0
RC POS 267 id 5 seat 1 role expand fs 0 body 1 pos 4,1 stuck 0
RC POS 267 id 28 seat 4 role defend fs 0 body 1 pos 3,5 stuck 0
RC POS 268 id 5 seat 1 role expand fs 0 body 1 pos 3,1 stuck 0
RC POS 268 id 28 seat 4 role defend fs 0 body 1 pos 3,6 stuck 0
RC POS 269 id 5 seat 1 role expand fs 0 body 1 pos 4,1 stuck 0
RC POS 269 id 28 seat 4 role defend fs 0 body 1 pos 3,5 stuck 0
RC POS 270 id 5 seat 1 role expand fs 0 body 1 pos 3,1 stuck 0
RC POS 270 id 28 seat 4 role defend fs 0 body 1 pos 3,6 stuck 0
RC POS 271 id 5 seat 1 role expand fs 0 body 1 pos 4,1 stuck 0
RC POS 271 id 28 seat 4 role defend fs 0 body 1 pos 3,5 stuck 0
RC POS 272 id 5 seat 1 role expand fs 0 body 1 pos 3,1 stuck 0
RC POS 272 id 28 seat 4 role defend fs 0 body 1 pos 3,6 stuck 0
RC POS 273 id 5 seat 1 role expand fs 0 body 1 pos 4,1 stuck 0
RC POS 273 id 28 seat 4 role defend fs 0 body 1 pos 3,5 stuck 0
RC POS 274 id 5 seat 1 role expand fs 0 body 1 pos 3,1 stuck 0
RC POS 274 id 28 seat 4 role defend fs 0 body 1 pos 3,6 stuck 0
RC ECO 275 harvstore 6 harvseen -1 ti 94 units 9 scale 303.0
RC POS 275 id 5 seat 1 role expand fs 0 body 1 pos 4,1 stuck 0
RC POS 275 id 28 seat 4 role defend fs 0 body 1 pos 3,5 stuck 0
RC POS 276 id 5 seat 1 role expand fs 0 body 1 pos 3,1 stuck 0
RC POS 276 id 28 seat 4 role defend fs 0 body 1 pos 3,6 stuck 0
RC POS 277 id 5 seat 1 role expand fs 0 body 1 pos 4,1 stuck 0
RC POS 277 id 28 seat 4 role defend fs 0 body 1 pos 3,5 stuck 0
RC POS 278 id 5 seat 1 role expand fs 0 body 1 pos 3,1 stuck 0
RC POS 278 id 28 seat 4 role defend fs 0 body 1 pos 3,6 stuck 0
RC POS 279 id 5 seat 1 role expand fs 0 body 1 pos 4,1 stuck 0
RC POS 279 id 28 seat 4 role defend fs 0 body 1 pos 3,5 stuck 0
RC POS 280 id 5 seat 1 role expand fs 0 body 1 pos 3,1 stuck 0
RC POS 280 id 28 seat 4 role defend fs 0 body 1 pos 3,6 stuck 0
RC POS 281 id 5 seat 1 role expand fs 0 body 1 pos 4,1 stuck 0
RC POS 281 id 28 seat 4 role defend fs 0 body 1 pos 3,5 stuck 0
RC POS 282 id 5 seat 1 role expand fs 0 body 1 pos 3,1 stuck 0
RC POS 282 id 28 seat 4 role defend fs 0 body 1 pos 3,6 stuck 0
RC POS 283 id 5 seat 1 role expand fs 0 body 1 pos 4,1 stuck 0
RC POS 283 id 28 seat 4 role defend fs 0 body 1 pos 3,5 stuck 0
RC POS 284 id 5 seat 1 role expand fs 0 body 1 pos 3,1 stuck 0
RC POS 284 id 28 seat 4 role defend fs 0 body 1 pos 3,6 stuck 0
RC POS 285 id 5 seat 1 role expand fs 0 body 1 pos 4,1 stuck 0
RC POS 285 id 28 seat 4 role defend fs 0 body 1 pos 3,5 stuck 0
RC POS 286 id 5 seat 1 role expand fs 0 body 1 pos 3,1 stuck 0
RC POS 286 id 28 seat 4 role defend fs 0 body 1 pos 3,6 stuck 0
RC POS 287 id 5 seat 1 role expand fs 0 body 1 pos 4,1 stuck 0
RC POS 287 id 28 seat 4 role defend fs 0 body 1 pos 3,5 stuck 0
RC POS 288 id 5 seat 1 role expand fs 0 body 1 pos 3,1 stuck 0
RC POS 288 id 28 seat 4 role defend fs 0 body 1 pos 3,6 stuck 0
RC POS 289 id 5 seat 1 role expand fs 0 body 1 pos 4,1 stuck 0
RC POS 289 id 28 seat 4 role defend fs 0 body 1 pos 3,5 stuck 0
RC POS 290 id 5 seat 1 role expand fs 0 body 1 pos 3,1 stuck 0
RC POS 290 id 28 seat 4 role defend fs 0 body 1 pos 3,6 stuck 0
RC POS 291 id 5 seat 1 role expand fs 0 body 1 pos 4,1 stuck 0
RC POS 291 id 28 seat 4 role defend fs 0 body 1 pos 3,5 stuck 0
RC POS 292 id 5 seat 1 role expand fs 0 body 1 pos 3,1 stuck 0
RC POS 292 id 28 seat 4 role defend fs 0 body 1 pos 3,6 stuck 0
RC POS 293 id 5 seat 1 role expand fs 0 body 1 pos 4,1 stuck 0
RC POS 293 id 28 seat 4 role defend fs 0 body 1 pos 3,5 stuck 0
RC POS 294 id 5 seat 1 role expand fs 0 body 1 pos 3,1 stuck 0
RC POS 294 id 28 seat 4 role defend fs 0 body 1 pos 3,6 stuck 0
RC POS 295 id 5 seat 1 role expand fs 0 body 1 pos 4,1 stuck 0
RC POS 295 id 28 seat 4 role defend fs 0 body 1 pos 3,5 stuck 0
RC POS 296 id 5 seat 1 role expand fs 0 body 1 pos 3,1 stuck 0
RC POS 296 id 28 seat 4 role defend fs 0 body 1 pos 3,6 stuck 0
RC POS 297 id 5 seat 1 role expand fs 0 body 1 pos 4,1 stuck 0
RC POS 297 id 28 seat 4 role defend fs 0 body 1 pos 2,6 stuck 0
RC POS 298 id 5 seat 1 role expand fs 0 body 1 pos 3,1 stuck 0
RC POS 298 id 28 seat 4 role defend fs 0 body 1 pos 2,7 stuck 0
RC POS 299 id 5 seat 1 role expand fs 0 body 1 pos 4,1 stuck 0
RC POS 299 id 28 seat 4 role defend fs 0 body 1 pos 2,7 stuck 1
RC ECO 300 harvstore 6 harvseen -1 ti 18 units 10 scale 322.0
RC POS 300 id 5 seat 1 role expand fs 0 body 1 pos 3,1 stuck 0
RC POS 300 id 28 seat 4 role defend fs 0 body 1 pos 1,7 stuck 0
RC POS 301 id 5 seat 1 role expand fs 0 body 1 pos 4,1 stuck 0
RC POS 301 id 28 seat 4 role defend fs 0 body 1 pos 1,8 stuck 0
RC POS 302 id 5 seat 1 role expand fs 0 body 1 pos 3,1 stuck 0
RC POS 302 id 28 seat 4 role defend fs 0 body 1 pos 1,9 stuck 0
RC POS 303 id 5 seat 1 role expand fs 0 body 1 pos 4,1 stuck 0
RC POS 303 id 28 seat 4 role defend fs 0 body 1 pos 2,9 stuck 0
RC POS 304 id 5 seat 1 role expand fs 0 body 1 pos 3,1 stuck 0
RC POS 304 id 28 seat 4 role defend fs 0 body 1 pos 3,9 stuck 0
RC POS 305 id 5 seat 1 role expand fs 0 body 1 pos 4,1 stuck 0
RC POS 305 id 28 seat 4 role defend fs 0 body 1 pos 4,9 stuck 0
RC POS 306 id 5 seat 1 role expand fs 0 body 1 pos 3,1 stuck 0
RC POS 306 id 28 seat 4 role defend fs 0 body 1 pos 5,9 stuck 0
RC POS 307 id 5 seat 1 role expand fs 0 body 1 pos 4,1 stuck 0
RC POS 307 id 28 seat 4 role defend fs 0 body 1 pos 6,9 stuck 0
RC POS 308 id 5 seat 1 role expand fs 0 body 1 pos 3,1 stuck 0
RC POS 308 id 28 seat 4 role defend fs 0 body 1 pos 6,8 stuck 0
RC POS 309 id 5 seat 1 role expand fs 0 body 1 pos 4,1 stuck 0
RC POS 309 id 28 seat 4 role defend fs 0 body 1 pos 6,7 stuck 0
RC POS 310 id 5 seat 1 role expand fs 0 body 1 pos 3,1 stuck 0
RC POS 310 id 28 seat 4 role defend fs 0 body 1 pos 7,7 stuck 0
RC POS 311 id 5 seat 1 role expand fs 0 body 1 pos 4,1 stuck 0
RC POS 311 id 28 seat 4 role defend fs 0 body 1 pos 7,7 stuck 1
RC POS 312 id 5 seat 1 role expand fs 0 body 1 pos 3,1 stuck 0
RC POS 312 id 28 seat 4 role defend fs 0 body 1 pos 7,6 stuck 0
RC POS 313 id 5 seat 1 role expand fs 0 body 1 pos 4,1 stuck 0
RC POS 313 id 28 seat 4 role defend fs 0 body 1 pos 8,6 stuck 0
RC POS 314 id 5 seat 1 role expand fs 0 body 1 pos 3,1 stuck 0
RC POS 314 id 28 seat 4 role defend fs 0 body 1 pos 8,6 stuck 1
RC POS 315 id 5 seat 1 role expand fs 0 body 1 pos 4,1 stuck 0
RC POS 315 id 28 seat 4 role defend fs 0 body 1 pos 8,7 stuck 0
RC POS 316 id 5 seat 1 role expand fs 0 body 1 pos 3,1 stuck 0
RC POS 316 id 28 seat 4 role defend fs 0 body 1 pos 9,7 stuck 0
RC POS 317 id 5 seat 1 role expand fs 0 body 1 pos 4,1 stuck 0
RC POS 317 id 28 seat 4 role defend fs 0 body 1 pos 10,7 stuck 0
RC POS 318 id 5 seat 1 role expand fs 0 body 1 pos 3,1 stuck 0
RC POS 318 id 28 seat 4 role defend fs 0 body 1 pos 10,6 stuck 0
RC POS 319 id 5 seat 1 role expand fs 0 body 1 pos 4,1 stuck 0
RC POS 319 id 28 seat 4 role defend fs 0 body 1 pos 10,6 stuck 1
RC POS 320 id 5 seat 1 role expand fs 0 body 1 pos 3,1 stuck 0
RC POS 320 id 28 seat 4 role defend fs 0 body 1 pos 10,6 stuck 2
RC POS 321 id 5 seat 1 role expand fs 0 body 1 pos 4,1 stuck 0
RC POS 321 id 28 seat 4 role defend fs 0 body 1 pos 10,6 stuck 3
RC POS 322 id 5 seat 1 role expand fs 0 body 1 pos 3,1 stuck 0
RC POS 322 id 28 seat 4 role defend fs 0 body 1 pos 10,6 stuck 4
RC POS 323 id 5 seat 1 role expand fs 0 body 1 pos 4,1 stuck 0
RC POS 323 id 28 seat 4 role defend fs 0 body 1 pos 10,6 stuck 5
RC POS 324 id 5 seat 1 role expand fs 0 body 1 pos 3,1 stuck 0
RC POS 324 id 28 seat 4 role defend fs 0 body 1 pos 10,6 stuck 6
RC ECO 325 harvstore 6 harvseen -1 ti 38 units 11 scale 344.0
RC POS 325 id 5 seat 1 role expand fs 0 body 1 pos 4,1 stuck 0
RC POS 325 id 28 seat 4 role defend fs 0 body 1 pos 10,6 stuck 7
RC POS 326 id 5 seat 1 role expand fs 0 body 1 pos 3,1 stuck 0
RC POS 326 id 28 seat 4 role defend fs 0 body 1 pos 10,6 stuck 8
RC POS 327 id 5 seat 1 role expand fs 0 body 1 pos 4,1 stuck 0
RC POS 327 id 28 seat 4 role defend fs 0 body 1 pos 10,6 stuck 9
RC POS 328 id 5 seat 1 role expand fs 0 body 1 pos 3,1 stuck 0
RC POS 328 id 28 seat 4 role defend fs 0 body 1 pos 10,6 stuck 10
RC POS 329 id 5 seat 1 role expand fs 0 body 1 pos 4,1 stuck 0
RC POS 329 id 28 seat 4 role defend fs 0 body 1 pos 10,6 stuck 11
RC POS 330 id 5 seat 1 role expand fs 0 body 1 pos 3,1 stuck 0
RC POS 330 id 28 seat 4 role defend fs 0 body 1 pos 10,5 stuck 0
RC POS 331 id 5 seat 1 role expand fs 0 body 1 pos 4,1 stuck 0
RC POS 331 id 28 seat 4 role defend fs 0 body 1 pos 11,5 stuck 0
RC POS 332 id 5 seat 1 role expand fs 0 body 1 pos 3,1 stuck 0
RC POS 332 id 28 seat 4 role defend fs 0 body 1 pos 12,5 stuck 0
RC POS 333 id 5 seat 1 role expand fs 0 body 1 pos 4,1 stuck 0
RC POS 333 id 28 seat 4 role defend fs 0 body 1 pos 13,5 stuck 0
RC POS 334 id 5 seat 1 role expand fs 0 body 1 pos 3,1 stuck 0
RC POS 334 id 28 seat 4 role defend fs 0 body 1 pos 13,5 stuck 1
RC POS 335 id 5 seat 1 role expand fs 0 body 1 pos 4,1 stuck 0
RC POS 335 id 28 seat 4 role defend fs 0 body 1 pos 12,5 stuck 0
RC POS 336 id 5 seat 1 role expand fs 0 body 1 pos 3,1 stuck 0
RC POS 336 id 28 seat 4 role defend fs 0 body 1 pos 12,6 stuck 0
RC POS 337 id 5 seat 1 role expand fs 0 body 1 pos 4,1 stuck 0
RC POS 337 id 28 seat 4 role defend fs 0 body 1 pos 12,7 stuck 0
RC POS 338 id 5 seat 1 role expand fs 0 body 1 pos 3,1 stuck 0
RC POS 338 id 28 seat 4 role defend fs 0 body 1 pos 12,8 stuck 0
RC POS 339 id 5 seat 1 role expand fs 0 body 1 pos 4,1 stuck 0
RC POS 339 id 28 seat 4 role defend fs 0 body 1 pos 12,9 stuck 0
RC POS 340 id 5 seat 1 role expand fs 0 body 1 pos 3,1 stuck 0
RC POS 340 id 28 seat 4 role defend fs 0 body 1 pos 12,10 stuck 0
RC POS 341 id 5 seat 1 role expand fs 0 body 1 pos 4,1 stuck 0
RC POS 341 id 28 seat 4 role defend fs 0 body 1 pos 12,11 stuck 0
RC POS 342 id 5 seat 1 role expand fs 0 body 1 pos 3,1 stuck 0
RC POS 342 id 28 seat 4 role defend fs 0 body 1 pos 11,11 stuck 0
RC POS 343 id 5 seat 1 role expand fs 0 body 1 pos 4,1 stuck 0
RC POS 344 id 5 seat 1 role expand fs 0 body 1 pos 3,1 stuck 0
RC POS 345 id 5 seat 1 role expand fs 0 body 1 pos 4,1 stuck 0
RC POS 346 id 5 seat 1 role expand fs 0 body 1 pos 3,1 stuck 0
RC POS 347 id 5 seat 1 role expand fs 0 body 1 pos 4,1 stuck 0
RC POS 348 id 5 seat 1 role expand fs 0 body 1 pos 3,1 stuck 0
RC POS 349 id 5 seat 1 role expand fs 0 body 1 pos 4,1 stuck 0
RC ECO 350 harvstore 6 harvseen -1 ti 107 units 11 scale 344.0
RC POS 350 id 5 seat 1 role expand fs 0 body 1 pos 3,1 stuck 0
RC POS 351 id 5 seat 1 role expand fs 0 body 1 pos 4,1 stuck 0
RC POS 352 id 5 seat 1 role expand fs 0 body 1 pos 3,1 stuck 0
RC POS 353 id 5 seat 1 role expand fs 0 body 1 pos 4,1 stuck 0
RC POS 354 id 5 seat 1 role expand fs 0 body 1 pos 3,1 stuck 0
RC POS 355 id 5 seat 1 role expand fs 0 body 1 pos 4,1 stuck 0
RC POS 356 id 5 seat 1 role expand fs 0 body 1 pos 3,1 stuck 0
RC POS 357 id 5 seat 1 role expand fs 0 body 1 pos 4,1 stuck 0
RC SEAT 357 id 529 seat 7
RC POS 357 id 529 seat 7 role raid fs 1 body 1 pos 8,5 stuck 0
RC POS 358 id 5 seat 1 role expand fs 0 body 1 pos 3,1 stuck 0
RC POS 358 id 529 seat 7 role raid fs 1 body 1 pos 8,6 stuck 0
RC HOP 358 lid 532 body 1 at 8,7 dsq 26
RC POS 359 id 5 seat 1 role expand fs 0 body 1 pos 4,1 stuck 0
RC POS 359 id 529 seat 7 role raid fs 1 body 1 pos 8,6 stuck 1
RC THROW 359 lid 532 body 529 n 1
RC POS 360 id 5 seat 1 role expand fs 0 body 1 pos 3,1 stuck 0
RC POS 361 id 5 seat 1 role expand fs 0 body 1 pos 4,1 stuck 0
RC POS 362 id 5 seat 1 role expand fs 0 body 1 pos 3,1 stuck 0
RC POS 363 id 5 seat 1 role expand fs 0 body 1 pos 4,1 stuck 0
RC POS 364 id 5 seat 1 role expand fs 0 body 1 pos 3,1 stuck 0
RC POS 365 id 5 seat 1 role expand fs 0 body 1 pos 4,1 stuck 0
RC POS 366 id 5 seat 1 role expand fs 0 body 1 pos 3,1 stuck 0
RC POS 367 id 5 seat 1 role expand fs 0 body 1 pos 4,1 stuck 0
RC POS 368 id 5 seat 1 role expand fs 0 body 1 pos 3,1 stuck 0
RC POS 369 id 5 seat 1 role expand fs 0 body 1 pos 4,1 stuck 0
RC POS 370 id 5 seat 1 role expand fs 0 body 1 pos 3,1 stuck 0
RC POS 371 id 5 seat 1 role expand fs 0 body 1 pos 4,1 stuck 0
RC POS 372 id 5 seat 1 role expand fs 0 body 1 pos 3,1 stuck 0
RC POS 373 id 5 seat 1 role expand fs 0 body 1 pos 2,1 stuck 0
RC POS 374 id 5 seat 1 role expand fs 0 body 1 pos 2,2 stuck 0
RC ECO 375 harvstore 6 harvseen -1 ti 150 units 11 scale 344.0
RC POS 375 id 5 seat 1 role expand fs 0 body 1 pos 2,3 stuck 0
RC POS 376 id 5 seat 1 role expand fs 0 body 1 pos 3,3 stuck 0
RC POS 377 id 5 seat 1 role expand fs 0 body 1 pos 4,3 stuck 0
RC POS 378 id 5 seat 1 role expand fs 0 body 1 pos 4,4 stuck 0
RC SEAT 378 id 564 seat 8
RC POS 378 id 564 seat 8 role raid fs 1 body 1 pos 5,6 stuck 0
RC POS 379 id 564 seat 8 role raid fs 1 body 1 pos 5,6 stuck 2
RC POS 380 id 564 seat 8 role raid fs 1 body 1 pos 5,6 stuck 4
RC POS 381 id 564 seat 8 role raid fs 1 body 1 pos 5,6 stuck 6
RC POS 382 id 564 seat 8 role raid fs 1 body 1 pos 5,6 stuck 8
RC POS 383 id 564 seat 8 role raid fs 1 body 1 pos 5,6 stuck 10
RC POS 384 id 564 seat 8 role raid fs 1 body 1 pos 5,6 stuck 12
RC POS 385 id 564 seat 8 role raid fs 1 body 1 pos 5,6 stuck 14
RC POS 386 id 564 seat 8 role raid fs 1 body 1 pos 5,6 stuck 16
RC POS 387 id 564 seat 8 role raid fs 1 body 1 pos 5,6 stuck 18
RC POS 388 id 564 seat 8 role raid fs 1 body 1 pos 5,6 stuck 20
RC POS 389 id 564 seat 8 role raid fs 1 body 1 pos 5,6 stuck 22
RC POS 390 id 564 seat 8 role raid fs 1 body 1 pos 5,6 stuck 24
RC POS 391 id 564 seat 8 role raid fs 1 body 1 pos 5,6 stuck 26
RC POS 392 id 564 seat 8 role raid fs 1 body 1 pos 5,6 stuck 28
RC POS 393 id 564 seat 8 role raid fs 1 body 1 pos 5,6 stuck 30
RC POS 394 id 564 seat 8 role raid fs 1 body 1 pos 5,6 stuck 32
RC SEAT 394 id 589 seat 9
APPT520 CLAIM 394 id 589
RC POS 394 id 589 seat 9 role raid fs 1 body 2 pos 8,4 stuck 0
RC POS 395 id 564 seat 8 role raid fs 1 body 1 pos 5,6 stuck 34
RC POS 395 id 589 seat 9 role raid fs 1 body 2 pos 8,5 stuck 0
RC POS 396 id 564 seat 8 role raid fs 1 body 1 pos 5,6 stuck 36
RC POS 396 id 589 seat 9 role raid fs 1 body 2 pos 8,6 stuck 0
RC POS 397 id 564 seat 8 role raid fs 1 body 1 pos 5,6 stuck 38
RC POS 397 id 589 seat 9 role raid fs 1 body 2 pos 8,7 stuck 0
RC POS 398 id 564 seat 8 role raid fs 1 body 1 pos 5,6 stuck 40
RC POS 398 id 589 seat 9 role raid fs 1 body 2 pos 8,8 stuck 0
RC POS 399 id 564 seat 8 role raid fs 1 body 1 pos 5,6 stuck 42
RC POS 399 id 589 seat 9 role raid fs 1 body 2 pos 8,9 stuck 0
RC ECO 400 harvstore 6 harvseen -1 ti 129 units 13 scale 378.0
RC POS 400 id 564 seat 8 role raid fs 1 body 1 pos 5,6 stuck 44
RC POS 400 id 589 seat 9 role raid fs 1 body 2 pos 7,9 stuck 0
RC HOP 400 lid 601 body 2 at 7,10 dsq 4
RC POS 401 id 564 seat 8 role raid fs 1 body 1 pos 5,6 stuck 46
RC POS 401 id 589 seat 9 role raid fs 1 body 2 pos 7,9 stuck 1
RC POS 402 id 564 seat 8 role raid fs 1 body 1 pos 5,6 stuck 48
RC POS 402 id 589 seat 9 role raid fs 1 body 2 pos 8,9 stuck 0
RC POS 403 id 564 seat 8 role raid fs 1 body 1 pos 5,6 stuck 50
RC POS 403 id 589 seat 9 role raid fs 1 body 2 pos 8,10 stuck 0
RC ARRIVE 403 id 589 body 2 dsq 5
ARC520 CLAIM 403 id 589 body 2 arc 1 at (8, 10)
RC POS 404 id 564 seat 8 role raid fs 1 body 1 pos 5,6 stuck 52
RC POS 404 id 589 seat 9 role raid fs 1 body 2 pos 8,9 stuck 0
RC POS 405 id 564 seat 8 role raid fs 1 body 1 pos 5,6 stuck 54
RC POS 405 id 589 seat 9 role raid fs 1 body 2 pos 7,9 stuck 0
RC POS 406 id 564 seat 8 role raid fs 1 body 1 pos 5,6 stuck 56
RC POS 406 id 589 seat 9 role raid fs 1 body 2 pos 6,9 stuck 0
RC POS 407 id 564 seat 8 role raid fs 1 body 1 pos 5,6 stuck 58
RC POS 407 id 589 seat 9 role raid fs 1 body 2 pos 5,9 stuck 0
RC POS 408 id 564 seat 8 role raid fs 1 body 1 pos 5,6 stuck 60
RC POS 408 id 589 seat 9 role raid fs 1 body 2 pos 4,9 stuck 0
RC POS 409 id 564 seat 8 role raid fs 1 body 1 pos 5,6 stuck 62
RC POS 409 id 589 seat 9 role raid fs 1 body 2 pos 4,10 stuck 0
RC POS 410 id 564 seat 8 role raid fs 1 body 1 pos 5,6 stuck 64
RC POS 410 id 589 seat 9 role raid fs 1 body 2 pos 4,11 stuck 0
RC POS 411 id 564 seat 8 role raid fs 1 body 1 pos 5,6 stuck 66
RC POS 411 id 589 seat 9 role raid fs 1 body 2 pos 3,11 stuck 0
RC POS 412 id 564 seat 8 role raid fs 1 body 1 pos 5,6 stuck 68
RC POS 412 id 589 seat 9 role raid fs 1 body 2 pos 4,11 stuck 0
RC POS 413 id 564 seat 8 role raid fs 1 body 1 pos 5,6 stuck 70
RC POS 413 id 589 seat 9 role raid fs 1 body 2 pos 3,11 stuck 0
RC POS 414 id 564 seat 8 role raid fs 1 body 1 pos 5,6 stuck 72
RC SEAT 414 id 621 seat 10
RC POS 414 id 621 seat 10 role raid fs 0 body 1 pos 8,4 stuck 0
RC POS 415 id 564 seat 8 role raid fs 1 body 1 pos 5,6 stuck 74
RC POS 415 id 621 seat 10 role raid fs 0 body 1 pos 8,4 stuck 1
RC POS 416 id 564 seat 8 role raid fs 1 body 1 pos 5,6 stuck 76
RC POS 416 id 621 seat 10 role raid fs 0 body 1 pos 8,4 stuck 2
RC POS 417 id 564 seat 8 role raid fs 1 body 1 pos 5,6 stuck 1
RC POS 417 id 621 seat 10 role raid fs 0 body 1 pos 8,4 stuck 3
RC POS 418 id 564 seat 8 role raid fs 1 body 1 pos 5,6 stuck 3
RC POS 418 id 621 seat 10 role raid fs 0 body 1 pos 8,4 stuck 4
RC POS 419 id 564 seat 8 role raid fs 1 body 1 pos 5,6 stuck 5
RC POS 419 id 621 seat 10 role raid fs 0 body 1 pos 8,4 stuck 5
RC POS 420 id 564 seat 8 role raid fs 1 body 1 pos 5,6 stuck 7
RC POS 420 id 621 seat 10 role raid fs 0 body 1 pos 8,4 stuck 6
RC POS 421 id 564 seat 8 role raid fs 1 body 1 pos 5,6 stuck 9
RC POS 421 id 621 seat 10 role raid fs 0 body 1 pos 8,4 stuck 7
RC POS 422 id 564 seat 8 role raid fs 1 body 1 pos 5,6 stuck 11
RC POS 422 id 621 seat 10 role raid fs 0 body 1 pos 8,4 stuck 8
RC POS 423 id 564 seat 8 role raid fs 1 body 1 pos 5,6 stuck 13
RC POS 423 id 621 seat 10 role raid fs 0 body 1 pos 8,4 stuck 9
RC POS 424 id 564 seat 8 role raid fs 1 body 1 pos 5,6 stuck 15
RC POS 424 id 621 seat 10 role raid fs 0 body 1 pos 8,4 stuck 10
RC ECO 425 harvstore 6 harvseen -1 ti 162 units 14 scale 388.0
RC POS 425 id 564 seat 8 role raid fs 1 body 1 pos 5,6 stuck 1
RC POS 425 id 621 seat 10 role raid fs 0 body 1 pos 8,4 stuck 11
RC POS 426 id 564 seat 8 role raid fs 1 body 1 pos 5,6 stuck 3
RC POS 426 id 621 seat 10 role raid fs 0 body 1 pos 8,4 stuck 12
RC POS 427 id 564 seat 8 role raid fs 1 body 1 pos 5,6 stuck 5
RC POS 427 id 621 seat 10 role raid fs 0 body 1 pos 8,4 stuck 13
RC POS 428 id 564 seat 8 role raid fs 1 body 1 pos 5,6 stuck 7
RC POS 428 id 621 seat 10 role raid fs 0 body 1 pos 8,4 stuck 14
RC POS 429 id 564 seat 8 role raid fs 1 body 1 pos 5,6 stuck 9
RC POS 429 id 621 seat 10 role raid fs 0 body 1 pos 8,4 stuck 15
RC SEAT 429 id 645 seat 11
RC POS 429 id 645 seat 11 role raid fs 1 body 1 pos 8,3 stuck 0
RC POS 430 id 564 seat 8 role raid fs 1 body 1 pos 5,6 stuck 11
RC POS 430 id 621 seat 10 role raid fs 0 body 1 pos 8,4 stuck 16
RC POS 430 id 645 seat 11 role raid fs 1 body 1 pos 7,3 stuck 0
RC POS 431 id 564 seat 8 role raid fs 1 body 1 pos 5,6 stuck 13
RC POS 431 id 621 seat 10 role raid fs 0 body 1 pos 8,4 stuck 17
RC POS 431 id 645 seat 11 role raid fs 1 body 1 pos 8,3 stuck 0
RC POS 432 id 564 seat 8 role raid fs 1 body 1 pos 5,6 stuck 15
RC POS 432 id 621 seat 10 role raid fs 0 body 1 pos 8,4 stuck 18
RC POS 432 id 645 seat 11 role raid fs 1 body 1 pos 7,3 stuck 0
RC POS 433 id 564 seat 8 role raid fs 1 body 1 pos 5,6 stuck 1
RC POS 433 id 621 seat 10 role raid fs 0 body 1 pos 8,4 stuck 19
RC POS 433 id 645 seat 11 role raid fs 1 body 1 pos 8,3 stuck 0
RC POS 434 id 564 seat 8 role raid fs 1 body 1 pos 5,6 stuck 3
RC POS 434 id 621 seat 10 role raid fs 0 body 1 pos 8,4 stuck 20
RC POS 434 id 645 seat 11 role raid fs 1 body 1 pos 7,3 stuck 0
RC POS 435 id 564 seat 8 role raid fs 1 body 1 pos 5,6 stuck 5
RC POS 435 id 621 seat 10 role raid fs 0 body 1 pos 8,4 stuck 21
RC POS 435 id 645 seat 11 role raid fs 1 body 1 pos 8,3 stuck 0
RC POS 436 id 564 seat 8 role raid fs 1 body 1 pos 5,6 stuck 7
RC POS 436 id 621 seat 10 role raid fs 0 body 1 pos 8,4 stuck 22
RC POS 436 id 645 seat 11 role raid fs 1 body 1 pos 7,3 stuck 0
RC POS 437 id 564 seat 8 role raid fs 1 body 1 pos 5,6 stuck 9
RC POS 437 id 621 seat 10 role raid fs 0 body 1 pos 8,4 stuck 23
RC POS 437 id 645 seat 11 role raid fs 1 body 1 pos 8,3 stuck 0
RC POS 438 id 564 seat 8 role raid fs 1 body 1 pos 5,6 stuck 11
RC POS 438 id 621 seat 10 role raid fs 0 body 1 pos 8,4 stuck 24
RC POS 438 id 645 seat 11 role raid fs 1 body 1 pos 7,3 stuck 0
RC POS 439 id 564 seat 8 role raid fs 1 body 1 pos 5,6 stuck 13
RC POS 439 id 621 seat 10 role raid fs 0 body 1 pos 8,4 stuck 25
RC POS 439 id 645 seat 11 role raid fs 1 body 1 pos 8,3 stuck 0
RC POS 440 id 564 seat 8 role raid fs 1 body 1 pos 5,6 stuck 15
RC POS 440 id 621 seat 10 role raid fs 0 body 1 pos 8,4 stuck 26
RC POS 440 id 645 seat 11 role raid fs 1 body 1 pos 7,3 stuck 0
RC POS 441 id 564 seat 8 role raid fs 1 body 1 pos 5,6 stuck 17
RC POS 441 id 621 seat 10 role raid fs 0 body 1 pos 8,4 stuck 27
RC POS 441 id 645 seat 11 role raid fs 1 body 1 pos 8,3 stuck 0
RC POS 442 id 564 seat 8 role raid fs 1 body 1 pos 5,6 stuck 19
RC POS 442 id 621 seat 10 role raid fs 0 body 1 pos 8,4 stuck 28
RC POS 442 id 645 seat 11 role raid fs 1 body 1 pos 7,3 stuck 0
RC POS 443 id 564 seat 8 role raid fs 1 body 1 pos 5,6 stuck 21
RC POS 443 id 621 seat 10 role raid fs 0 body 1 pos 8,4 stuck 29
RC POS 443 id 645 seat 11 role raid fs 1 body 1 pos 8,3 stuck 0
RC POS 444 id 564 seat 8 role raid fs 1 body 1 pos 5,6 stuck 23
RC POS 444 id 621 seat 10 role raid fs 0 body 1 pos 8,4 stuck 30
RC POS 444 id 645 seat 11 role raid fs 1 body 1 pos 7,3 stuck 0
RC POS 445 id 564 seat 8 role raid fs 1 body 1 pos 5,6 stuck 25
RC POS 445 id 621 seat 10 role raid fs 0 body 1 pos 8,4 stuck 31
RC POS 445 id 645 seat 11 role raid fs 1 body 1 pos 8,3 stuck 0
RC SEAT 445 id 671 seat 12
APPT520 CLAIM 445 id 671
RC POS 445 id 671 seat 12 role raid fs 1 body 2 pos 8,6 stuck 0
RC POS 446 id 564 seat 8 role raid fs 1 body 1 pos 5,6 stuck 27
RC POS 446 id 621 seat 10 role raid fs 0 body 1 pos 8,4 stuck 32
RC POS 446 id 645 seat 11 role raid fs 1 body 1 pos 7,3 stuck 0
RC POS 446 id 671 seat 12 role raid fs 1 body 2 pos 8,7 stuck 0
RC POS 447 id 564 seat 8 role raid fs 1 body 1 pos 5,6 stuck 29
RC POS 447 id 621 seat 10 role raid fs 0 body 1 pos 8,4 stuck 33
RC POS 447 id 645 seat 11 role raid fs 1 body 1 pos 8,3 stuck 0
RC POS 447 id 671 seat 12 role raid fs 1 body 2 pos 8,8 stuck 0
RC POS 448 id 564 seat 8 role raid fs 1 body 1 pos 5,6 stuck 31
RC POS 448 id 621 seat 10 role raid fs 0 body 1 pos 8,4 stuck 34
RC POS 448 id 645 seat 11 role raid fs 1 body 1 pos 7,3 stuck 0
RC POS 448 id 671 seat 12 role raid fs 1 body 2 pos 8,9 stuck 0
RC POS 449 id 564 seat 8 role raid fs 1 body 1 pos 5,6 stuck 33
RC POS 449 id 621 seat 10 role raid fs 0 body 1 pos 8,4 stuck 35
RC POS 449 id 645 seat 11 role raid fs 1 body 1 pos 8,3 stuck 0
RC POS 449 id 671 seat 12 role raid fs 1 body 2 pos 8,10 stuck 0
RC ARRIVE 449 id 671 body 2 dsq 5
ARC520 CLAIM 449 id 671 body 2 arc 1 at (8, 10)
RC ECO 450 harvstore 6 harvseen -1 ti 114 units 16 scale 428.0
RC POS 450 id 564 seat 8 role raid fs 1 body 1 pos 5,6 stuck 35
RC POS 450 id 621 seat 10 role raid fs 0 body 1 pos 8,4 stuck 36
RC POS 450 id 645 seat 11 role raid fs 1 body 1 pos 7,3 stuck 0
RC POS 450 id 671 seat 12 role raid fs 1 body 2 pos 8,9 stuck 0
RC POS 451 id 564 seat 8 role raid fs 1 body 1 pos 5,6 stuck 37
RC POS 451 id 621 seat 10 role raid fs 0 body 1 pos 8,4 stuck 37
RC POS 451 id 645 seat 11 role raid fs 1 body 1 pos 8,3 stuck 0
RC POS 451 id 671 seat 12 role raid fs 1 body 2 pos 7,9 stuck 0
RC POS 452 id 564 seat 8 role raid fs 1 body 1 pos 5,6 stuck 39
RC POS 452 id 621 seat 10 role raid fs 0 body 1 pos 8,4 stuck 38
RC POS 452 id 645 seat 11 role raid fs 1 body 1 pos 7,3 stuck 0
RC POS 452 id 671 seat 12 role raid fs 1 body 2 pos 6,9 stuck 0
RC POS 453 id 564 seat 8 role raid fs 1 body 1 pos 5,6 stuck 41
RC POS 453 id 621 seat 10 role raid fs 0 body 1 pos 8,4 stuck 39
RC POS 453 id 645 seat 11 role raid fs 1 body 1 pos 8,3 stuck 0
RC POS 453 id 671 seat 12 role raid fs 1 body 2 pos 5,9 stuck 0
RC POS 454 id 564 seat 8 role raid fs 1 body 1 pos 5,6 stuck 43
RC POS 454 id 621 seat 10 role raid fs 0 body 1 pos 8,4 stuck 40
RC POS 454 id 645 seat 11 role raid fs 1 body 1 pos 7,3 stuck 0
RC POS 454 id 671 seat 12 role raid fs 1 body 2 pos 4,9 stuck 0
RC POS 455 id 564 seat 8 role raid fs 1 body 1 pos 5,6 stuck 45
RC POS 455 id 621 seat 10 role raid fs 0 body 1 pos 8,4 stuck 41
RC POS 455 id 645 seat 11 role raid fs 1 body 1 pos 8,3 stuck 0
RC POS 455 id 671 seat 12 role raid fs 1 body 2 pos 4,10 stuck 0
RC POS 456 id 564 seat 8 role raid fs 1 body 1 pos 5,6 stuck 47
RC POS 456 id 621 seat 10 role raid fs 0 body 1 pos 8,4 stuck 42
RC POS 456 id 645 seat 11 role raid fs 1 body 1 pos 7,3 stuck 0
RC POS 456 id 671 seat 12 role raid fs 1 body 2 pos 4,11 stuck 0
RC POS 457 id 564 seat 8 role raid fs 1 body 1 pos 5,6 stuck 49
RC POS 457 id 621 seat 10 role raid fs 0 body 1 pos 8,4 stuck 43
RC POS 457 id 645 seat 11 role raid fs 1 body 1 pos 8,3 stuck 0
RC POS 457 id 671 seat 12 role raid fs 1 body 2 pos 3,11 stuck 0
RC POS 458 id 564 seat 8 role raid fs 1 body 1 pos 5,6 stuck 51
RC POS 458 id 621 seat 10 role raid fs 0 body 1 pos 8,4 stuck 44
RC POS 458 id 645 seat 11 role raid fs 1 body 1 pos 7,3 stuck 0
RC POS 458 id 671 seat 12 role raid fs 1 body 2 pos 4,11 stuck 0
RC POS 459 id 564 seat 8 role raid fs 1 body 1 pos 5,6 stuck 53
RC POS 459 id 621 seat 10 role raid fs 0 body 1 pos 8,4 stuck 45
RC POS 459 id 645 seat 11 role raid fs 1 body 1 pos 8,3 stuck 0
RC POS 459 id 671 seat 12 role raid fs 1 body 2 pos 3,11 stuck 0
RC POS 460 id 564 seat 8 role raid fs 1 body 1 pos 5,6 stuck 55
RC POS 460 id 621 seat 10 role raid fs 0 body 1 pos 8,4 stuck 46
RC POS 460 id 645 seat 11 role raid fs 1 body 1 pos 7,3 stuck 0
RC POS 461 id 564 seat 8 role raid fs 1 body 1 pos 5,6 stuck 57
RC POS 461 id 621 seat 10 role raid fs 0 body 1 pos 8,4 stuck 47
RC POS 461 id 645 seat 11 role raid fs 1 body 1 pos 8,3 stuck 0
RC POS 462 id 564 seat 8 role raid fs 1 body 1 pos 5,6 stuck 59
RC POS 462 id 621 seat 10 role raid fs 0 body 1 pos 8,4 stuck 48
RC POS 462 id 645 seat 11 role raid fs 1 body 1 pos 7,3 stuck 0
RC POS 463 id 564 seat 8 role raid fs 1 body 1 pos 5,6 stuck 61
RC POS 463 id 621 seat 10 role raid fs 0 body 1 pos 8,4 stuck 49
RC POS 463 id 645 seat 11 role raid fs 1 body 1 pos 7,3 stuck 1
RC POS 464 id 564 seat 8 role raid fs 1 body 1 pos 5,6 stuck 63
RC POS 464 id 621 seat 10 role raid fs 0 body 1 pos 8,4 stuck 50
RC POS 464 id 645 seat 11 role raid fs 1 body 1 pos 7,3 stuck 2
RC POS 465 id 564 seat 8 role raid fs 1 body 1 pos 5,6 stuck 65
RC POS 465 id 621 seat 10 role raid fs 0 body 1 pos 8,4 stuck 51
RC POS 465 id 645 seat 11 role raid fs 1 body 1 pos 7,3 stuck 3
RC POS 466 id 564 seat 8 role raid fs 1 body 1 pos 5,6 stuck 67
RC POS 466 id 621 seat 10 role raid fs 0 body 1 pos 8,4 stuck 52
RC POS 466 id 645 seat 11 role raid fs 1 body 1 pos 7,3 stuck 4
RC POS 467 id 564 seat 8 role raid fs 1 body 1 pos 5,6 stuck 69
RC POS 467 id 621 seat 10 role raid fs 0 body 1 pos 8,4 stuck 53
RC POS 467 id 645 seat 11 role raid fs 1 body 1 pos 7,3 stuck 5
RC POS 468 id 564 seat 8 role raid fs 1 body 1 pos 5,6 stuck 71
RC POS 468 id 621 seat 10 role raid fs 0 body 1 pos 8,4 stuck 54
RC POS 468 id 645 seat 11 role raid fs 1 body 1 pos 7,3 stuck 6
RC POS 469 id 564 seat 8 role raid fs 1 body 1 pos 5,6 stuck 73
RC POS 469 id 621 seat 10 role raid fs 0 body 1 pos 8,4 stuck 55
RC POS 469 id 645 seat 11 role raid fs 1 body 1 pos 7,3 stuck 7
RC POS 470 id 564 seat 8 role raid fs 1 body 1 pos 5,6 stuck 75
RC POS 470 id 621 seat 10 role raid fs 0 body 1 pos 8,4 stuck 56
RC POS 470 id 645 seat 11 role raid fs 1 body 1 pos 7,3 stuck 8
RC SEAT 470 id 709 seat 13
RC POS 470 id 709 seat 13 role raid fs 0 body 1 pos 7,6 stuck 0
RC POS 471 id 564 seat 8 role raid fs 1 body 1 pos 5,6 stuck 77
RC POS 471 id 621 seat 10 role raid fs 0 body 1 pos 8,4 stuck 57
RC POS 471 id 645 seat 11 role raid fs 1 body 1 pos 7,3 stuck 9
RC POS 471 id 709 seat 13 role raid fs 0 body 1 pos 7,6 stuck 1
RC POS 472 id 564 seat 8 role raid fs 1 body 1 pos 5,6 stuck 79
RC POS 472 id 621 seat 10 role raid fs 0 body 1 pos 8,4 stuck 58
RC POS 472 id 645 seat 11 role raid fs 1 body 1 pos 7,3 stuck 10
RC POS 472 id 709 seat 13 role raid fs 0 body 1 pos 7,6 stuck 2
RC POS 473 id 564 seat 8 role raid fs 1 body 1 pos 5,6 stuck 81
RC POS 473 id 621 seat 10 role raid fs 0 body 1 pos 8,4 stuck 59
RC POS 473 id 645 seat 11 role raid fs 1 body 1 pos 7,3 stuck 11
RC POS 473 id 709 seat 13 role raid fs 0 body 1 pos 7,6 stuck 3
RC POS 474 id 564 seat 8 role raid fs 1 body 1 pos 5,6 stuck 83
RC POS 474 id 621 seat 10 role raid fs 0 body 1 pos 8,4 stuck 60
RC POS 474 id 645 seat 11 role raid fs 1 body 1 pos 7,3 stuck 12
RC POS 474 id 709 seat 13 role raid fs 0 body 1 pos 7,6 stuck 4
RC ECO 475 harvstore 6 harvseen -1 ti 80 units 17 scale 448.0
RC POS 475 id 564 seat 8 role raid fs 1 body 1 pos 5,6 stuck 85
RC POS 475 id 621 seat 10 role raid fs 0 body 1 pos 8,4 stuck 61
RC POS 475 id 645 seat 11 role raid fs 1 body 1 pos 7,3 stuck 13
RC POS 475 id 709 seat 13 role raid fs 0 body 1 pos 7,6 stuck 5
RC POS 476 id 564 seat 8 role raid fs 1 body 1 pos 5,6 stuck 87
RC POS 476 id 621 seat 10 role raid fs 0 body 1 pos 8,4 stuck 62
RC POS 476 id 645 seat 11 role raid fs 1 body 1 pos 7,3 stuck 14
RC POS 476 id 709 seat 13 role raid fs 0 body 1 pos 7,6 stuck 6
RC POS 477 id 564 seat 8 role raid fs 1 body 1 pos 5,6 stuck 89
RC POS 477 id 621 seat 10 role raid fs 0 body 1 pos 8,4 stuck 63
RC POS 477 id 645 seat 11 role raid fs 1 body 1 pos 7,3 stuck 15
RC POS 477 id 709 seat 13 role raid fs 0 body 1 pos 7,6 stuck 7
RC POS 478 id 564 seat 8 role raid fs 1 body 1 pos 5,6 stuck 91
RC POS 478 id 621 seat 10 role raid fs 0 body 1 pos 8,4 stuck 64
RC POS 478 id 645 seat 11 role raid fs 1 body 1 pos 7,3 stuck 16
RC POS 478 id 709 seat 13 role raid fs 0 body 1 pos 7,6 stuck 8
RC POS 479 id 564 seat 8 role raid fs 1 body 1 pos 5,6 stuck 93
RC POS 479 id 621 seat 10 role raid fs 0 body 1 pos 8,4 stuck 65
RC POS 479 id 645 seat 11 role raid fs 1 body 1 pos 7,3 stuck 17
RC POS 479 id 709 seat 13 role raid fs 0 body 1 pos 7,6 stuck 9
RC POS 480 id 564 seat 8 role raid fs 1 body 1 pos 5,6 stuck 95
RC POS 480 id 621 seat 10 role raid fs 0 body 1 pos 8,4 stuck 66
RC POS 480 id 645 seat 11 role raid fs 1 body 1 pos 7,3 stuck 18
RC POS 480 id 709 seat 13 role raid fs 0 body 1 pos 7,6 stuck 10
RC POS 481 id 564 seat 8 role raid fs 1 body 1 pos 5,6 stuck 97
RC POS 481 id 621 seat 10 role raid fs 0 body 1 pos 8,4 stuck 67
RC POS 481 id 645 seat 11 role raid fs 1 body 1 pos 7,3 stuck 19
RC POS 481 id 709 seat 13 role raid fs 0 body 1 pos 7,6 stuck 11
RC POS 482 id 564 seat 8 role raid fs 1 body 1 pos 5,6 stuck 99
RC POS 482 id 621 seat 10 role raid fs 0 body 1 pos 8,4 stuck 68
RC POS 482 id 645 seat 11 role raid fs 1 body 1 pos 7,3 stuck 20
RC POS 482 id 709 seat 13 role raid fs 0 body 1 pos 7,6 stuck 12
RC POS 483 id 564 seat 8 role raid fs 1 body 1 pos 6,6 stuck 0
RC POS 483 id 621 seat 10 role raid fs 0 body 1 pos 8,4 stuck 69
RC POS 483 id 645 seat 11 role raid fs 1 body 1 pos 7,3 stuck 21
RC POS 483 id 709 seat 13 role raid fs 0 body 1 pos 7,6 stuck 13
RC POS 484 id 564 seat 8 role raid fs 1 body 1 pos 6,6 stuck 1
RC POS 484 id 621 seat 10 role raid fs 0 body 1 pos 8,4 stuck 70
RC POS 484 id 645 seat 11 role raid fs 1 body 1 pos 7,3 stuck 22
RC POS 484 id 709 seat 13 role raid fs 0 body 1 pos 7,6 stuck 14
RC POS 485 id 564 seat 8 role raid fs 1 body 1 pos 6,6 stuck 2
RC POS 485 id 621 seat 10 role raid fs 0 body 1 pos 8,4 stuck 71
RC POS 485 id 645 seat 11 role raid fs 1 body 1 pos 7,3 stuck 23
RC POS 485 id 709 seat 13 role raid fs 0 body 1 pos 7,6 stuck 15
RC POS 486 id 564 seat 8 role raid fs 1 body 1 pos 6,6 stuck 3
RC POS 486 id 621 seat 10 role raid fs 0 body 1 pos 8,4 stuck 72
RC POS 486 id 645 seat 11 role raid fs 1 body 1 pos 7,3 stuck 24
RC POS 486 id 709 seat 13 role raid fs 0 body 1 pos 7,6 stuck 16
RC POS 487 id 564 seat 8 role raid fs 1 body 1 pos 6,6 stuck 4
RC POS 487 id 621 seat 10 role raid fs 0 body 1 pos 8,4 stuck 73
RC POS 487 id 645 seat 11 role raid fs 1 body 1 pos 7,3 stuck 25
RC POS 487 id 709 seat 13 role raid fs 0 body 1 pos 7,6 stuck 17
RC POS 488 id 564 seat 8 role raid fs 1 body 1 pos 6,6 stuck 5
RC POS 488 id 621 seat 10 role raid fs 0 body 1 pos 8,4 stuck 74
RC POS 488 id 645 seat 11 role raid fs 1 body 1 pos 7,3 stuck 26
RC POS 488 id 709 seat 13 role raid fs 0 body 1 pos 7,6 stuck 18
RC POS 489 id 564 seat 8 role raid fs 1 body 1 pos 6,6 stuck 6
RC POS 489 id 621 seat 10 role raid fs 0 body 1 pos 8,4 stuck 75
RC POS 489 id 645 seat 11 role raid fs 1 body 1 pos 7,3 stuck 27
RC POS 489 id 709 seat 13 role raid fs 0 body 1 pos 7,6 stuck 19
RC POS 490 id 564 seat 8 role raid fs 1 body 1 pos 6,6 stuck 7
RC POS 490 id 621 seat 10 role raid fs 0 body 1 pos 8,4 stuck 76
RC POS 490 id 645 seat 11 role raid fs 1 body 1 pos 7,3 stuck 28
RC POS 490 id 709 seat 13 role raid fs 0 body 1 pos 7,6 stuck 20
RC POS 491 id 564 seat 8 role raid fs 1 body 1 pos 6,6 stuck 8
RC POS 491 id 621 seat 10 role raid fs 0 body 1 pos 8,4 stuck 77
RC POS 491 id 645 seat 11 role raid fs 1 body 1 pos 7,3 stuck 29
RC POS 491 id 709 seat 13 role raid fs 0 body 1 pos 7,6 stuck 21
RC POS 492 id 564 seat 8 role raid fs 1 body 1 pos 6,6 stuck 9
RC POS 492 id 621 seat 10 role raid fs 0 body 1 pos 8,4 stuck 78
RC POS 492 id 645 seat 11 role raid fs 1 body 1 pos 7,3 stuck 30
RC POS 492 id 709 seat 13 role raid fs 0 body 1 pos 7,6 stuck 22
RC POS 493 id 564 seat 8 role raid fs 1 body 1 pos 6,6 stuck 10
RC POS 493 id 621 seat 10 role raid fs 0 body 1 pos 8,4 stuck 79
RC POS 493 id 645 seat 11 role raid fs 1 body 1 pos 7,3 stuck 31
RC POS 493 id 709 seat 13 role raid fs 0 body 1 pos 7,6 stuck 23
RC POS 494 id 564 seat 8 role raid fs 1 body 1 pos 6,6 stuck 11
RC POS 494 id 621 seat 10 role raid fs 0 body 1 pos 8,4 stuck 80
RC POS 494 id 645 seat 11 role raid fs 1 body 1 pos 7,3 stuck 32
RC POS 494 id 709 seat 13 role raid fs 0 body 1 pos 7,6 stuck 24
RC POS 495 id 564 seat 8 role raid fs 1 body 1 pos 6,6 stuck 12
RC POS 495 id 621 seat 10 role raid fs 0 body 1 pos 8,4 stuck 81
RC POS 495 id 645 seat 11 role raid fs 1 body 1 pos 7,3 stuck 33
RC POS 495 id 709 seat 13 role raid fs 0 body 1 pos 7,6 stuck 25
RC POS 496 id 564 seat 8 role raid fs 1 body 1 pos 6,6 stuck 13
RC POS 496 id 621 seat 10 role raid fs 0 body 1 pos 8,4 stuck 82
RC POS 496 id 645 seat 11 role raid fs 1 body 1 pos 7,3 stuck 34
RC POS 496 id 709 seat 13 role raid fs 0 body 1 pos 7,6 stuck 26
RC POS 497 id 564 seat 8 role raid fs 1 body 1 pos 6,6 stuck 14
RC POS 497 id 621 seat 10 role raid fs 0 body 1 pos 8,4 stuck 83
RC POS 497 id 645 seat 11 role raid fs 1 body 1 pos 7,3 stuck 35
RC POS 497 id 709 seat 13 role raid fs 0 body 1 pos 7,6 stuck 27
RC POS 498 id 564 seat 8 role raid fs 1 body 1 pos 6,6 stuck 15
RC POS 498 id 621 seat 10 role raid fs 0 body 1 pos 8,4 stuck 84
RC POS 498 id 645 seat 11 role raid fs 1 body 1 pos 7,3 stuck 36
RC POS 498 id 709 seat 13 role raid fs 0 body 1 pos 7,6 stuck 28
RC POS 499 id 564 seat 8 role raid fs 1 body 1 pos 6,6 stuck 16
RC POS 499 id 621 seat 10 role raid fs 0 body 1 pos 8,4 stuck 85
RC POS 499 id 645 seat 11 role raid fs 1 body 1 pos 7,3 stuck 37
RC POS 499 id 709 seat 13 role raid fs 0 body 1 pos 7,6 stuck 29
RC ECO 500 harvstore 6 harvseen -1 ti 102 units 18 scale 468.0
RC POS 500 id 564 seat 8 role raid fs 1 body 1 pos 6,6 stuck 17
RC POS 500 id 621 seat 10 role raid fs 0 body 1 pos 8,4 stuck 86
RC POS 500 id 645 seat 11 role raid fs 1 body 1 pos 7,3 stuck 38
RC POS 500 id 709 seat 13 role raid fs 0 body 1 pos 7,6 stuck 30
RC POS 501 id 564 seat 8 role raid fs 1 body 1 pos 6,6 stuck 18
RC POS 501 id 621 seat 10 role raid fs 0 body 1 pos 8,4 stuck 87
RC POS 501 id 645 seat 11 role raid fs 1 body 1 pos 7,3 stuck 39
RC POS 501 id 709 seat 13 role raid fs 0 body 1 pos 7,6 stuck 31
RC POS 502 id 564 seat 8 role raid fs 1 body 1 pos 6,6 stuck 19
RC POS 502 id 621 seat 10 role raid fs 0 body 1 pos 8,4 stuck 88
RC POS 502 id 645 seat 11 role raid fs 1 body 1 pos 7,3 stuck 40
RC POS 502 id 709 seat 13 role raid fs 0 body 1 pos 7,6 stuck 32
RC POS 503 id 564 seat 8 role raid fs 1 body 1 pos 6,6 stuck 20
RC POS 503 id 621 seat 10 role raid fs 0 body 1 pos 8,4 stuck 89
RC POS 503 id 645 seat 11 role raid fs 1 body 1 pos 7,3 stuck 41
RC POS 503 id 709 seat 13 role raid fs 0 body 1 pos 7,6 stuck 33
RC POS 504 id 564 seat 8 role raid fs 1 body 1 pos 6,6 stuck 21
RC POS 504 id 621 seat 10 role raid fs 0 body 1 pos 8,4 stuck 90
RC POS 504 id 645 seat 11 role raid fs 1 body 1 pos 7,3 stuck 42
RC POS 504 id 709 seat 13 role raid fs 0 body 1 pos 7,6 stuck 34
RC POS 505 id 564 seat 8 role raid fs 1 body 1 pos 6,6 stuck 22
RC POS 505 id 621 seat 10 role raid fs 0 body 1 pos 8,4 stuck 91
RC POS 505 id 645 seat 11 role raid fs 1 body 1 pos 7,3 stuck 43
RC POS 505 id 709 seat 13 role raid fs 0 body 1 pos 7,6 stuck 35
RC POS 506 id 564 seat 8 role raid fs 1 body 1 pos 6,6 stuck 23
RC POS 506 id 621 seat 10 role raid fs 0 body 1 pos 8,4 stuck 92
RC POS 506 id 645 seat 11 role raid fs 1 body 1 pos 7,3 stuck 44
RC POS 506 id 709 seat 13 role raid fs 0 body 1 pos 7,6 stuck 36
RC POS 507 id 564 seat 8 role raid fs 1 body 1 pos 6,6 stuck 24
RC POS 507 id 621 seat 10 role raid fs 0 body 1 pos 8,4 stuck 93
RC POS 507 id 645 seat 11 role raid fs 1 body 1 pos 7,3 stuck 45
RC POS 507 id 709 seat 13 role raid fs 0 body 1 pos 7,6 stuck 37
RC POS 508 id 564 seat 8 role raid fs 1 body 1 pos 6,6 stuck 25
RC POS 508 id 621 seat 10 role raid fs 0 body 1 pos 8,4 stuck 94
RC POS 508 id 645 seat 11 role raid fs 1 body 1 pos 7,3 stuck 46
RC POS 508 id 709 seat 13 role raid fs 0 body 1 pos 7,6 stuck 38
RC POS 509 id 5 seat 1 role expand fs 0 body 1 pos 5,4 stuck 130
RC POS 509 id 564 seat 8 role raid fs 1 body 1 pos 6,6 stuck 26
RC POS 509 id 621 seat 10 role raid fs 0 body 1 pos 8,4 stuck 95
RC POS 509 id 645 seat 11 role raid fs 1 body 1 pos 8,3 stuck 0
RC POS 509 id 709 seat 13 role raid fs 0 body 1 pos 8,6 stuck 0
RC POS 510 id 5 seat 1 role expand fs 0 body 1 pos 4,4 stuck 0
RC POS 510 id 564 seat 8 role raid fs 1 body 1 pos 6,6 stuck 27
RC POS 510 id 621 seat 10 role raid fs 0 body 1 pos 8,4 stuck 96
RC POS 510 id 645 seat 11 role raid fs 1 body 1 pos 7,3 stuck 0
RC POS 510 id 709 seat 13 role raid fs 0 body 1 pos 8,7 stuck 0
RC POS 511 id 5 seat 1 role expand fs 0 body 1 pos 4,3 stuck 0
RC POS 511 id 564 seat 8 role raid fs 1 body 1 pos 6,6 stuck 28
RC POS 511 id 621 seat 10 role raid fs 0 body 1 pos 8,4 stuck 97
RC POS 511 id 645 seat 11 role raid fs 1 body 1 pos 7,3 stuck 1
RC POS 511 id 709 seat 13 role raid fs 0 body 1 pos 8,8 stuck 0
RC POS 512 id 5 seat 1 role expand fs 0 body 1 pos 3,3 stuck 0
RC POS 512 id 564 seat 8 role raid fs 1 body 1 pos 6,6 stuck 29
RC POS 512 id 621 seat 10 role raid fs 0 body 1 pos 8,4 stuck 98
RC POS 512 id 645 seat 11 role raid fs 1 body 1 pos 7,3 stuck 2
RC POS 512 id 709 seat 13 role raid fs 0 body 1 pos 8,9 stuck 0
RC POS 513 id 5 seat 1 role expand fs 0 body 1 pos 2,3 stuck 0
RC POS 513 id 564 seat 8 role raid fs 1 body 1 pos 6,6 stuck 30
RC POS 513 id 621 seat 10 role raid fs 0 body 1 pos 8,4 stuck 99
RC POS 513 id 645 seat 11 role raid fs 1 body 1 pos 8,3 stuck 0
RC POS 513 id 709 seat 13 role raid fs 0 body 1 pos 8,10 stuck 0
RC POS 514 id 5 seat 1 role expand fs 0 body 1 pos 2,2 stuck 0
RC POS 514 id 564 seat 8 role raid fs 1 body 1 pos 6,6 stuck 31
RC POS 514 id 621 seat 10 role raid fs 0 body 1 pos 8,4 stuck 100
RC POS 514 id 645 seat 11 role raid fs 1 body 1 pos 7,3 stuck 0
RC POS 514 id 709 seat 13 role raid fs 0 body 1 pos 8,10 stuck 1
RC POS 515 id 5 seat 1 role expand fs 0 body 1 pos 2,1 stuck 0
RC POS 515 id 564 seat 8 role raid fs 1 body 1 pos 6,6 stuck 32
RC POS 515 id 621 seat 10 role raid fs 0 body 1 pos 8,4 stuck 101
RC POS 515 id 645 seat 11 role raid fs 1 body 1 pos 7,3 stuck 1
RC POS 515 id 709 seat 13 role raid fs 0 body 1 pos 8,9 stuck 0
RC POS 516 id 5 seat 1 role expand fs 0 body 1 pos 3,1 stuck 0
RC POS 516 id 564 seat 8 role raid fs 1 body 1 pos 6,6 stuck 33
RC POS 516 id 621 seat 10 role raid fs 0 body 1 pos 8,4 stuck 102
RC POS 516 id 645 seat 11 role raid fs 1 body 1 pos 7,3 stuck 2
RC POS 516 id 709 seat 13 role raid fs 0 body 1 pos 7,9 stuck 0
RC POS 517 id 5 seat 1 role expand fs 0 body 1 pos 4,1 stuck 0
RC POS 517 id 564 seat 8 role raid fs 1 body 1 pos 6,6 stuck 34
RC POS 517 id 621 seat 10 role raid fs 0 body 1 pos 8,4 stuck 103
RC POS 517 id 645 seat 11 role raid fs 1 body 1 pos 8,3 stuck 0
RC POS 517 id 709 seat 13 role raid fs 0 body 1 pos 7,9 stuck 1
RC POS 518 id 5 seat 1 role expand fs 0 body 1 pos 4,0 stuck 0
RC POS 518 id 564 seat 8 role raid fs 1 body 1 pos 6,6 stuck 35
RC POS 518 id 621 seat 10 role raid fs 0 body 1 pos 8,4 stuck 104
RC POS 518 id 645 seat 11 role raid fs 1 body 1 pos 7,3 stuck 0
RC POS 518 id 709 seat 13 role raid fs 0 body 1 pos 6,9 stuck 0
RC POS 519 id 5 seat 1 role expand fs 0 body 1 pos 5,0 stuck 0
RC POS 519 id 564 seat 8 role raid fs 1 body 1 pos 6,6 stuck 36
RC POS 519 id 621 seat 10 role raid fs 0 body 1 pos 8,4 stuck 105
RC POS 519 id 645 seat 11 role raid fs 1 body 1 pos 7,3 stuck 1
RC POS 519 id 709 seat 13 role raid fs 0 body 1 pos 5,9 stuck 0
RC POS 520 id 5 seat 1 role expand fs 0 body 1 pos 6,0 stuck 0
RC POS 520 id 564 seat 8 role raid fs 1 body 1 pos 6,6 stuck 37
RC POS 520 id 621 seat 10 role raid fs 0 body 1 pos 8,4 stuck 106
RC POS 520 id 645 seat 11 role raid fs 1 body 1 pos 7,3 stuck 2
RC POS 520 id 709 seat 13 role raid fs 0 body 1 pos 4,9 stuck 0
RC POS 521 id 5 seat 1 role expand fs 0 body 1 pos 7,0 stuck 0
RC POS 521 id 564 seat 8 role raid fs 1 body 1 pos 6,6 stuck 38
RC POS 521 id 621 seat 10 role raid fs 0 body 1 pos 8,4 stuck 107
RC POS 521 id 645 seat 11 role raid fs 1 body 1 pos 8,3 stuck 0
RC POS 521 id 709 seat 13 role raid fs 0 body 1 pos 4,10 stuck 0
RC POS 522 id 5 seat 1 role expand fs 0 body 1 pos 8,0 stuck 0
RC POS 522 id 564 seat 8 role raid fs 1 body 1 pos 6,6 stuck 39
RC POS 522 id 621 seat 10 role raid fs 0 body 1 pos 8,4 stuck 108
RC POS 522 id 645 seat 11 role raid fs 1 body 1 pos 7,3 stuck 0
RC POS 522 id 709 seat 13 role raid fs 0 body 1 pos 4,11 stuck 0
RC POS 523 id 5 seat 1 role expand fs 0 body 1 pos 7,0 stuck 0
RC POS 523 id 564 seat 8 role raid fs 1 body 1 pos 6,6 stuck 40
RC POS 523 id 621 seat 10 role raid fs 0 body 1 pos 8,4 stuck 109
RC POS 523 id 645 seat 11 role raid fs 1 body 1 pos 7,3 stuck 1
RC POS 523 id 709 seat 13 role raid fs 0 body 1 pos 3,11 stuck 0
RC POS 524 id 5 seat 1 role expand fs 0 body 1 pos 6,0 stuck 0
RC POS 524 id 564 seat 8 role raid fs 1 body 1 pos 6,6 stuck 41
RC POS 524 id 621 seat 10 role raid fs 0 body 1 pos 8,4 stuck 110
RC POS 524 id 645 seat 11 role raid fs 1 body 1 pos 7,3 stuck 2
RC POS 524 id 709 seat 13 role raid fs 0 body 1 pos 2,11 stuck 0
RC ECO 525 harvstore 6 harvseen -1 ti 87 units 19 scale 488.0
RC POS 525 id 5 seat 1 role expand fs 0 body 1 pos 5,0 stuck 0
RC POS 525 id 564 seat 8 role raid fs 1 body 1 pos 6,6 stuck 42
RC POS 525 id 621 seat 10 role raid fs 0 body 1 pos 8,4 stuck 111
RC POS 525 id 645 seat 11 role raid fs 1 body 1 pos 8,3 stuck 0
RC POS 525 id 709 seat 13 role raid fs 0 body 1 pos 1,11 stuck 0
RC POS 526 id 5 seat 1 role expand fs 0 body 1 pos 4,0 stuck 0
RC POS 526 id 564 seat 8 role raid fs 1 body 1 pos 6,6 stuck 43
RC POS 526 id 621 seat 10 role raid fs 0 body 1 pos 8,4 stuck 112
RC POS 526 id 645 seat 11 role raid fs 1 body 1 pos 7,3 stuck 0
RC POS 526 id 709 seat 13 role raid fs 0 body 1 pos 1,12 stuck 0
RC POS 527 id 5 seat 1 role expand fs 0 body 1 pos 4,1 stuck 0
RC POS 527 id 564 seat 8 role raid fs 1 body 1 pos 6,6 stuck 44
RC POS 527 id 621 seat 10 role raid fs 0 body 1 pos 8,4 stuck 113
RC POS 527 id 645 seat 11 role raid fs 1 body 1 pos 7,3 stuck 1
RC POS 528 id 5 seat 1 role expand fs 0 body 1 pos 3,1 stuck 0
RC POS 528 id 564 seat 8 role raid fs 1 body 1 pos 6,6 stuck 45
RC POS 528 id 621 seat 10 role raid fs 0 body 1 pos 8,4 stuck 114
RC POS 528 id 645 seat 11 role raid fs 1 body 1 pos 7,3 stuck 2
RC POS 529 id 5 seat 1 role expand fs 0 body 1 pos 2,1 stuck 0
RC POS 529 id 564 seat 8 role raid fs 1 body 1 pos 6,6 stuck 46
RC POS 529 id 621 seat 10 role raid fs 0 body 1 pos 8,4 stuck 115
RC POS 529 id 645 seat 11 role raid fs 1 body 1 pos 8,3 stuck 0
RC POS 530 id 5 seat 1 role expand fs 0 body 1 pos 2,2 stuck 0
RC POS 530 id 564 seat 8 role raid fs 1 body 1 pos 6,6 stuck 47
RC POS 530 id 621 seat 10 role raid fs 0 body 1 pos 8,4 stuck 116
RC POS 530 id 645 seat 11 role raid fs 1 body 1 pos 7,3 stuck 0
RC POS 531 id 5 seat 1 role expand fs 0 body 1 pos 2,3 stuck 0
RC POS 531 id 564 seat 8 role raid fs 1 body 1 pos 6,6 stuck 48
RC POS 531 id 621 seat 10 role raid fs 0 body 1 pos 8,4 stuck 117
RC POS 531 id 645 seat 11 role raid fs 1 body 1 pos 7,3 stuck 1
RC POS 532 id 5 seat 1 role expand fs 0 body 1 pos 3,3 stuck 0
RC POS 532 id 564 seat 8 role raid fs 1 body 1 pos 6,6 stuck 49
RC POS 532 id 621 seat 10 role raid fs 0 body 1 pos 8,4 stuck 118
RC POS 532 id 645 seat 11 role raid fs 1 body 1 pos 7,3 stuck 2
RC POS 533 id 5 seat 1 role expand fs 0 body 1 pos 3,4 stuck 0
RC POS 533 id 564 seat 8 role raid fs 1 body 1 pos 6,6 stuck 50
RC POS 533 id 621 seat 10 role raid fs 0 body 1 pos 8,4 stuck 119
RC POS 533 id 645 seat 11 role raid fs 1 body 1 pos 8,3 stuck 0
RC POS 534 id 5 seat 1 role expand fs 0 body 1 pos 3,4 stuck 1
RC POS 534 id 564 seat 8 role raid fs 1 body 1 pos 6,6 stuck 51
RC POS 534 id 621 seat 10 role raid fs 0 body 1 pos 8,4 stuck 120
RC POS 534 id 645 seat 11 role raid fs 1 body 1 pos 7,3 stuck 0
RC POS 535 id 5 seat 1 role expand fs 0 body 1 pos 3,4 stuck 2
RC POS 535 id 564 seat 8 role raid fs 1 body 1 pos 6,6 stuck 52
RC POS 535 id 621 seat 10 role raid fs 0 body 1 pos 8,4 stuck 121
RC POS 535 id 645 seat 11 role raid fs 1 body 1 pos 7,3 stuck 1
RC POS 536 id 5 seat 1 role expand fs 0 body 1 pos 3,4 stuck 3
RC POS 536 id 564 seat 8 role raid fs 1 body 1 pos 6,6 stuck 53
RC POS 536 id 621 seat 10 role raid fs 0 body 1 pos 8,4 stuck 122
RC POS 536 id 645 seat 11 role raid fs 1 body 1 pos 7,3 stuck 2
RC POS 537 id 5 seat 1 role expand fs 0 body 1 pos 3,4 stuck 4
RC POS 537 id 564 seat 8 role raid fs 1 body 1 pos 6,6 stuck 54
RC POS 537 id 621 seat 10 role raid fs 0 body 1 pos 8,4 stuck 123
RC POS 537 id 645 seat 11 role raid fs 1 body 1 pos 8,3 stuck 0
RC POS 538 id 5 seat 1 role expand fs 0 body 1 pos 3,4 stuck 5
RC POS 538 id 564 seat 8 role raid fs 1 body 1 pos 6,6 stuck 55
RC POS 538 id 621 seat 10 role raid fs 0 body 1 pos 8,4 stuck 124
RC POS 538 id 645 seat 11 role raid fs 1 body 1 pos 7,3 stuck 0
RC POS 539 id 5 seat 1 role expand fs 0 body 1 pos 3,4 stuck 6
RC POS 539 id 564 seat 8 role raid fs 1 body 1 pos 6,6 stuck 56
RC POS 539 id 621 seat 10 role raid fs 0 body 1 pos 8,4 stuck 125
RC POS 539 id 645 seat 11 role raid fs 1 body 1 pos 7,3 stuck 1
RC POS 540 id 5 seat 1 role expand fs 0 body 1 pos 3,4 stuck 7
RC POS 540 id 564 seat 8 role raid fs 1 body 1 pos 6,6 stuck 57
RC POS 540 id 621 seat 10 role raid fs 0 body 1 pos 8,4 stuck 126
RC POS 540 id 645 seat 11 role raid fs 1 body 1 pos 7,3 stuck 2
RC POS 541 id 5 seat 1 role expand fs 0 body 1 pos 3,4 stuck 8
RC POS 541 id 564 seat 8 role raid fs 1 body 1 pos 6,6 stuck 58
RC POS 541 id 621 seat 10 role raid fs 0 body 1 pos 8,4 stuck 127
RC POS 541 id 645 seat 11 role raid fs 1 body 1 pos 8,3 stuck 0
RC POS 542 id 5 seat 1 role expand fs 0 body 1 pos 3,4 stuck 9
RC POS 542 id 564 seat 8 role raid fs 1 body 1 pos 6,6 stuck 59
RC POS 542 id 621 seat 10 role raid fs 0 body 1 pos 8,4 stuck 128
RC POS 542 id 645 seat 11 role raid fs 1 body 1 pos 7,3 stuck 0
RC POS 543 id 5 seat 1 role expand fs 0 body 1 pos 3,4 stuck 10
RC POS 543 id 564 seat 8 role raid fs 1 body 1 pos 6,6 stuck 60
RC POS 543 id 621 seat 10 role raid fs 0 body 1 pos 8,4 stuck 129
RC POS 543 id 645 seat 11 role raid fs 1 body 1 pos 7,3 stuck 1
RC POS 544 id 5 seat 1 role expand fs 0 body 1 pos 3,4 stuck 11
RC POS 544 id 564 seat 8 role raid fs 1 body 1 pos 6,6 stuck 61
RC POS 544 id 621 seat 10 role raid fs 0 body 1 pos 8,4 stuck 130
RC POS 544 id 645 seat 11 role raid fs 1 body 1 pos 7,3 stuck 2
RC POS 545 id 5 seat 1 role expand fs 0 body 1 pos 3,4 stuck 12
RC POS 545 id 564 seat 8 role raid fs 1 body 1 pos 6,6 stuck 62
RC POS 545 id 621 seat 10 role raid fs 0 body 1 pos 8,4 stuck 131
RC POS 545 id 645 seat 11 role raid fs 1 body 1 pos 8,3 stuck 0
RC POS 546 id 5 seat 1 role expand fs 0 body 1 pos 3,4 stuck 13
RC POS 546 id 564 seat 8 role raid fs 1 body 1 pos 6,6 stuck 63
RC POS 546 id 621 seat 10 role raid fs 0 body 1 pos 8,4 stuck 132
RC POS 546 id 645 seat 11 role raid fs 1 body 1 pos 7,3 stuck 0
RC POS 547 id 5 seat 1 role expand fs 0 body 1 pos 3,4 stuck 14
RC POS 547 id 564 seat 8 role raid fs 1 body 1 pos 6,6 stuck 64
RC POS 547 id 621 seat 10 role raid fs 0 body 1 pos 8,4 stuck 133
RC POS 547 id 645 seat 11 role raid fs 1 body 1 pos 7,3 stuck 1
RC POS 548 id 5 seat 1 role expand fs 0 body 1 pos 3,4 stuck 15
RC POS 548 id 564 seat 8 role raid fs 1 body 1 pos 6,6 stuck 65
RC POS 548 id 621 seat 10 role raid fs 0 body 1 pos 8,4 stuck 134
RC POS 548 id 645 seat 11 role raid fs 1 body 1 pos 7,3 stuck 2
RC POS 549 id 5 seat 1 role expand fs 0 body 1 pos 3,4 stuck 16
RC POS 549 id 564 seat 8 role raid fs 1 body 1 pos 6,6 stuck 66
RC POS 549 id 621 seat 10 role raid fs 0 body 1 pos 8,4 stuck 135
RC POS 549 id 645 seat 11 role raid fs 1 body 1 pos 8,3 stuck 0
RC ECO 550 harvstore 6 harvseen -1 ti 89 units 18 scale 469.0
RC POS 550 id 5 seat 1 role expand fs 0 body 1 pos 3,4 stuck 17
RC POS 550 id 564 seat 8 role raid fs 1 body 1 pos 6,6 stuck 67
RC POS 550 id 621 seat 10 role raid fs 0 body 1 pos 8,4 stuck 136
RC POS 550 id 645 seat 11 role raid fs 1 body 1 pos 7,3 stuck 0
RC POS 551 id 5 seat 1 role expand fs 0 body 1 pos 3,4 stuck 18
RC POS 551 id 564 seat 8 role raid fs 1 body 1 pos 6,6 stuck 68
RC POS 551 id 621 seat 10 role raid fs 0 body 1 pos 8,4 stuck 137
RC POS 551 id 645 seat 11 role raid fs 1 body 1 pos 7,3 stuck 1
RC POS 552 id 5 seat 1 role expand fs 0 body 1 pos 3,4 stuck 19
RC POS 552 id 564 seat 8 role raid fs 1 body 1 pos 6,6 stuck 69
RC POS 552 id 621 seat 10 role raid fs 0 body 1 pos 8,4 stuck 138
RC POS 552 id 645 seat 11 role raid fs 1 body 1 pos 7,3 stuck 2
RC POS 553 id 5 seat 1 role expand fs 0 body 1 pos 3,4 stuck 20
RC POS 553 id 564 seat 8 role raid fs 1 body 1 pos 6,6 stuck 70
RC POS 553 id 621 seat 10 role raid fs 0 body 1 pos 8,4 stuck 139
RC POS 553 id 645 seat 11 role raid fs 1 body 1 pos 8,3 stuck 0
RC POS 554 id 5 seat 1 role expand fs 0 body 1 pos 3,4 stuck 21
RC POS 554 id 564 seat 8 role raid fs 1 body 1 pos 6,6 stuck 71
RC POS 554 id 621 seat 10 role raid fs 0 body 1 pos 8,4 stuck 140
RC POS 554 id 645 seat 11 role raid fs 1 body 1 pos 7,3 stuck 0
RC POS 555 id 5 seat 1 role expand fs 0 body 1 pos 3,4 stuck 22
RC POS 555 id 564 seat 8 role raid fs 1 body 1 pos 6,6 stuck 72
RC POS 555 id 621 seat 10 role raid fs 0 body 1 pos 8,4 stuck 141
RC POS 555 id 645 seat 11 role raid fs 1 body 1 pos 7,3 stuck 1
RC POS 556 id 5 seat 1 role expand fs 0 body 1 pos 3,4 stuck 23
RC POS 556 id 564 seat 8 role raid fs 1 body 1 pos 6,6 stuck 73
RC POS 556 id 621 seat 10 role raid fs 0 body 1 pos 8,4 stuck 142
RC POS 556 id 645 seat 11 role raid fs 1 body 1 pos 7,3 stuck 2
RC POS 557 id 5 seat 1 role expand fs 0 body 1 pos 3,4 stuck 24
RC POS 557 id 564 seat 8 role raid fs 1 body 1 pos 6,6 stuck 74
RC POS 557 id 621 seat 10 role raid fs 0 body 1 pos 8,4 stuck 143
RC POS 557 id 645 seat 11 role raid fs 1 body 1 pos 8,3 stuck 0
RC POS 558 id 5 seat 1 role expand fs 0 body 1 pos 3,4 stuck 25
RC POS 558 id 564 seat 8 role raid fs 1 body 1 pos 6,6 stuck 75
RC POS 558 id 621 seat 10 role raid fs 0 body 1 pos 8,4 stuck 144
RC POS 558 id 645 seat 11 role raid fs 1 body 1 pos 7,3 stuck 0
RC POS 559 id 5 seat 1 role expand fs 0 body 1 pos 3,4 stuck 26
RC POS 559 id 564 seat 8 role raid fs 1 body 1 pos 6,6 stuck 76
RC POS 559 id 621 seat 10 role raid fs 0 body 1 pos 8,4 stuck 145
RC POS 559 id 645 seat 11 role raid fs 1 body 1 pos 7,3 stuck 1
RC POS 560 id 5 seat 1 role expand fs 0 body 1 pos 3,4 stuck 27
RC POS 560 id 564 seat 8 role raid fs 1 body 1 pos 6,6 stuck 77
RC POS 560 id 621 seat 10 role raid fs 0 body 1 pos 8,4 stuck 146
RC POS 560 id 645 seat 11 role raid fs 1 body 1 pos 7,3 stuck 2
RC POS 561 id 5 seat 1 role expand fs 0 body 1 pos 3,4 stuck 28
RC POS 561 id 564 seat 8 role raid fs 1 body 1 pos 6,6 stuck 78
RC POS 561 id 621 seat 10 role raid fs 0 body 1 pos 8,4 stuck 147
RC POS 561 id 645 seat 11 role raid fs 1 body 1 pos 8,3 stuck 0
RC POS 562 id 5 seat 1 role expand fs 0 body 1 pos 3,4 stuck 29
RC POS 562 id 564 seat 8 role raid fs 1 body 1 pos 6,6 stuck 79
RC POS 562 id 621 seat 10 role raid fs 0 body 1 pos 8,4 stuck 148
RC POS 562 id 645 seat 11 role raid fs 1 body 1 pos 7,3 stuck 0
RC POS 563 id 5 seat 1 role expand fs 0 body 1 pos 3,4 stuck 30
RC POS 563 id 564 seat 8 role raid fs 1 body 1 pos 6,6 stuck 80
RC POS 563 id 621 seat 10 role raid fs 0 body 1 pos 8,4 stuck 149
RC POS 563 id 645 seat 11 role raid fs 1 body 1 pos 7,3 stuck 1
RC POS 564 id 5 seat 1 role expand fs 0 body 1 pos 3,4 stuck 31
RC POS 564 id 564 seat 8 role raid fs 1 body 1 pos 6,6 stuck 81
RC POS 564 id 621 seat 10 role raid fs 0 body 1 pos 8,4 stuck 150
RC POS 564 id 645 seat 11 role raid fs 1 body 1 pos 7,3 stuck 2
RC POS 565 id 5 seat 1 role expand fs 0 body 1 pos 3,4 stuck 32
RC POS 565 id 564 seat 8 role raid fs 1 body 1 pos 6,6 stuck 82
RC POS 565 id 621 seat 10 role raid fs 0 body 1 pos 8,4 stuck 151
RC POS 565 id 645 seat 11 role raid fs 1 body 1 pos 8,3 stuck 0
RC POS 566 id 5 seat 1 role expand fs 0 body 1 pos 3,4 stuck 33
RC POS 566 id 564 seat 8 role raid fs 1 body 1 pos 6,6 stuck 83
RC POS 566 id 621 seat 10 role raid fs 0 body 1 pos 8,4 stuck 152
RC POS 566 id 645 seat 11 role raid fs 1 body 1 pos 7,3 stuck 0
RC POS 567 id 5 seat 1 role expand fs 0 body 1 pos 3,4 stuck 34
RC POS 567 id 564 seat 8 role raid fs 1 body 1 pos 6,6 stuck 84
RC POS 567 id 621 seat 10 role raid fs 0 body 1 pos 8,4 stuck 153
RC POS 567 id 645 seat 11 role raid fs 1 body 1 pos 7,3 stuck 1
RC POS 568 id 5 seat 1 role expand fs 0 body 1 pos 3,4 stuck 35
RC POS 568 id 564 seat 8 role raid fs 1 body 1 pos 6,6 stuck 85
RC POS 568 id 621 seat 10 role raid fs 0 body 1 pos 8,4 stuck 154
RC POS 568 id 645 seat 11 role raid fs 1 body 1 pos 7,3 stuck 2
RC POS 569 id 5 seat 1 role expand fs 0 body 1 pos 3,4 stuck 36
RC POS 569 id 564 seat 8 role raid fs 1 body 1 pos 6,6 stuck 86
RC POS 569 id 621 seat 10 role raid fs 0 body 1 pos 8,4 stuck 155
RC POS 569 id 645 seat 11 role raid fs 1 body 1 pos 8,3 stuck 0
RC POS 570 id 5 seat 1 role expand fs 0 body 1 pos 3,4 stuck 37
RC POS 570 id 564 seat 8 role raid fs 1 body 1 pos 6,6 stuck 87
RC POS 570 id 621 seat 10 role raid fs 0 body 1 pos 8,4 stuck 156
RC POS 570 id 645 seat 11 role raid fs 1 body 1 pos 7,3 stuck 0
RC POS 571 id 5 seat 1 role expand fs 0 body 1 pos 3,4 stuck 38
RC POS 571 id 564 seat 8 role raid fs 1 body 1 pos 6,6 stuck 88
RC POS 571 id 621 seat 10 role raid fs 0 body 1 pos 8,4 stuck 157
RC POS 571 id 645 seat 11 role raid fs 1 body 1 pos 7,3 stuck 1
RC POS 572 id 5 seat 1 role expand fs 0 body 1 pos 3,4 stuck 39
RC POS 572 id 564 seat 8 role raid fs 1 body 1 pos 6,6 stuck 89
RC POS 572 id 621 seat 10 role raid fs 0 body 1 pos 8,4 stuck 158
RC POS 572 id 645 seat 11 role raid fs 1 body 1 pos 7,3 stuck 2
RC POS 573 id 5 seat 1 role expand fs 0 body 1 pos 3,4 stuck 40
RC POS 573 id 564 seat 8 role raid fs 1 body 1 pos 6,6 stuck 90
RC POS 573 id 621 seat 10 role raid fs 0 body 1 pos 8,4 stuck 159
RC POS 573 id 645 seat 11 role raid fs 1 body 1 pos 8,3 stuck 0
RC POS 574 id 5 seat 1 role expand fs 0 body 1 pos 3,4 stuck 41
RC POS 574 id 564 seat 8 role raid fs 1 body 1 pos 6,6 stuck 91
RC POS 574 id 621 seat 10 role raid fs 0 body 1 pos 8,4 stuck 160
RC POS 574 id 645 seat 11 role raid fs 1 body 1 pos 7,3 stuck 0
RC ECO 575 harvstore 6 harvseen -1 ti 59 units 18 scale 468.0
RC POS 575 id 5 seat 1 role expand fs 0 body 1 pos 3,4 stuck 42
RC POS 575 id 564 seat 8 role raid fs 1 body 1 pos 6,6 stuck 92
RC POS 575 id 621 seat 10 role raid fs 0 body 1 pos 8,4 stuck 161
RC POS 575 id 645 seat 11 role raid fs 1 body 1 pos 7,3 stuck 1
RC POS 576 id 5 seat 1 role expand fs 0 body 1 pos 3,4 stuck 43
RC POS 576 id 564 seat 8 role raid fs 1 body 1 pos 6,6 stuck 93
RC POS 576 id 621 seat 10 role raid fs 0 body 1 pos 8,4 stuck 162
RC POS 576 id 645 seat 11 role raid fs 1 body 1 pos 7,3 stuck 2
RC POS 577 id 5 seat 1 role expand fs 0 body 1 pos 3,4 stuck 44
RC POS 577 id 564 seat 8 role raid fs 1 body 1 pos 6,6 stuck 94
RC POS 577 id 621 seat 10 role raid fs 0 body 1 pos 8,4 stuck 163
RC POS 577 id 645 seat 11 role raid fs 1 body 1 pos 8,3 stuck 0
RC POS 578 id 5 seat 1 role expand fs 0 body 1 pos 3,4 stuck 45
RC POS 578 id 564 seat 8 role raid fs 1 body 1 pos 6,6 stuck 95
RC POS 578 id 621 seat 10 role raid fs 0 body 1 pos 8,4 stuck 164
RC POS 578 id 645 seat 11 role raid fs 1 body 1 pos 7,3 stuck 0
RC POS 579 id 5 seat 1 role expand fs 0 body 1 pos 3,4 stuck 46
RC POS 579 id 564 seat 8 role raid fs 1 body 1 pos 6,6 stuck 96
RC POS 579 id 621 seat 10 role raid fs 0 body 1 pos 8,4 stuck 165
RC POS 579 id 645 seat 11 role raid fs 1 body 1 pos 7,3 stuck 1
RC POS 580 id 5 seat 1 role expand fs 0 body 1 pos 3,4 stuck 47
RC POS 580 id 564 seat 8 role raid fs 1 body 1 pos 6,6 stuck 97
RC POS 580 id 621 seat 10 role raid fs 0 body 1 pos 8,4 stuck 166
RC POS 580 id 645 seat 11 role raid fs 1 body 1 pos 7,3 stuck 2
RC POS 581 id 5 seat 1 role expand fs 0 body 1 pos 3,4 stuck 48
RC POS 581 id 564 seat 8 role raid fs 1 body 1 pos 6,6 stuck 98
RC POS 581 id 621 seat 10 role raid fs 0 body 1 pos 8,4 stuck 167
RC POS 581 id 645 seat 11 role raid fs 1 body 1 pos 8,3 stuck 0
RC POS 582 id 5 seat 1 role expand fs 0 body 1 pos 3,4 stuck 49
RC POS 582 id 564 seat 8 role raid fs 1 body 1 pos 6,6 stuck 99
RC POS 582 id 621 seat 10 role raid fs 0 body 1 pos 8,4 stuck 168
RC POS 582 id 645 seat 11 role raid fs 1 body 1 pos 7,3 stuck 0
RC POS 583 id 5 seat 1 role expand fs 0 body 1 pos 3,4 stuck 50
RC POS 583 id 564 seat 8 role raid fs 1 body 1 pos 6,6 stuck 100
RC POS 583 id 621 seat 10 role raid fs 0 body 1 pos 8,4 stuck 169
RC POS 583 id 645 seat 11 role raid fs 1 body 1 pos 7,3 stuck 1
RC POS 584 id 5 seat 1 role expand fs 0 body 1 pos 3,4 stuck 51
RC POS 584 id 564 seat 8 role raid fs 1 body 1 pos 6,6 stuck 101
RC POS 584 id 621 seat 10 role raid fs 0 body 1 pos 8,4 stuck 170
RC POS 584 id 645 seat 11 role raid fs 1 body 1 pos 7,3 stuck 2
RC POS 585 id 5 seat 1 role expand fs 0 body 1 pos 3,4 stuck 52
RC POS 585 id 564 seat 8 role raid fs 1 body 1 pos 6,6 stuck 102
RC POS 585 id 621 seat 10 role raid fs 0 body 1 pos 8,4 stuck 171
RC POS 585 id 645 seat 11 role raid fs 1 body 1 pos 8,3 stuck 0
RC POS 586 id 5 seat 1 role expand fs 0 body 1 pos 3,4 stuck 53
RC POS 586 id 564 seat 8 role raid fs 1 body 1 pos 6,6 stuck 103
RC POS 586 id 621 seat 10 role raid fs 0 body 1 pos 8,4 stuck 172
RC POS 586 id 645 seat 11 role raid fs 1 body 1 pos 7,3 stuck 0
RC POS 587 id 5 seat 1 role expand fs 0 body 1 pos 3,4 stuck 54
RC POS 587 id 564 seat 8 role raid fs 1 body 1 pos 6,6 stuck 104
RC POS 587 id 621 seat 10 role raid fs 0 body 1 pos 8,4 stuck 173
RC POS 587 id 645 seat 11 role raid fs 1 body 1 pos 7,3 stuck 1
RC POS 588 id 5 seat 1 role expand fs 0 body 1 pos 3,4 stuck 55
RC POS 588 id 564 seat 8 role raid fs 1 body 1 pos 6,6 stuck 105
RC POS 588 id 621 seat 10 role raid fs 0 body 1 pos 8,4 stuck 174
RC POS 588 id 645 seat 11 role raid fs 1 body 1 pos 7,3 stuck 2
RC POS 589 id 5 seat 1 role expand fs 0 body 1 pos 3,4 stuck 56
RC POS 589 id 564 seat 8 role raid fs 1 body 1 pos 6,6 stuck 106
RC POS 589 id 621 seat 10 role raid fs 0 body 1 pos 8,4 stuck 175
RC POS 589 id 645 seat 11 role raid fs 1 body 1 pos 8,3 stuck 0
RC POS 590 id 5 seat 1 role expand fs 0 body 1 pos 3,4 stuck 57
RC POS 590 id 564 seat 8 role raid fs 1 body 1 pos 6,6 stuck 107
RC POS 590 id 621 seat 10 role raid fs 0 body 1 pos 8,4 stuck 176
RC POS 590 id 645 seat 11 role raid fs 1 body 1 pos 7,3 stuck 0
RC POS 591 id 5 seat 1 role expand fs 0 body 1 pos 3,4 stuck 58
RC POS 591 id 564 seat 8 role raid fs 1 body 1 pos 6,6 stuck 108
RC POS 591 id 621 seat 10 role raid fs 0 body 1 pos 8,4 stuck 177
RC POS 591 id 645 seat 11 role raid fs 1 body 1 pos 7,3 stuck 1
RC POS 592 id 5 seat 1 role expand fs 0 body 1 pos 3,4 stuck 59
RC POS 592 id 564 seat 8 role raid fs 1 body 1 pos 6,6 stuck 109
RC POS 592 id 621 seat 10 role raid fs 0 body 1 pos 8,4 stuck 178
RC POS 592 id 645 seat 11 role raid fs 1 body 1 pos 7,3 stuck 2
RC POS 593 id 5 seat 1 role expand fs 0 body 1 pos 3,4 stuck 60
RC POS 593 id 564 seat 8 role raid fs 1 body 1 pos 6,6 stuck 110
RC POS 593 id 621 seat 10 role raid fs 0 body 1 pos 8,4 stuck 179
RC POS 593 id 645 seat 11 role raid fs 1 body 1 pos 8,3 stuck 0
RC POS 594 id 5 seat 1 role expand fs 0 body 1 pos 3,4 stuck 61
RC POS 594 id 564 seat 8 role raid fs 1 body 1 pos 6,6 stuck 111
RC POS 594 id 621 seat 10 role raid fs 0 body 1 pos 8,4 stuck 180
RC POS 594 id 645 seat 11 role raid fs 1 body 1 pos 7,3 stuck 0
RC POS 595 id 5 seat 1 role expand fs 0 body 1 pos 3,4 stuck 62
RC POS 595 id 564 seat 8 role raid fs 1 body 1 pos 6,6 stuck 112
RC POS 595 id 621 seat 10 role raid fs 0 body 1 pos 8,4 stuck 181
RC POS 595 id 645 seat 11 role raid fs 1 body 1 pos 7,3 stuck 1
RC POS 596 id 5 seat 1 role expand fs 0 body 1 pos 3,4 stuck 63
RC POS 596 id 564 seat 8 role raid fs 1 body 1 pos 6,6 stuck 113
RC POS 596 id 621 seat 10 role raid fs 0 body 1 pos 8,4 stuck 182
RC POS 596 id 645 seat 11 role raid fs 1 body 1 pos 7,3 stuck 2
RC POS 597 id 5 seat 1 role expand fs 0 body 1 pos 3,4 stuck 64
RC POS 597 id 564 seat 8 role raid fs 1 body 1 pos 6,6 stuck 114
RC POS 597 id 621 seat 10 role raid fs 0 body 1 pos 8,4 stuck 183
RC POS 597 id 645 seat 11 role raid fs 1 body 1 pos 8,3 stuck 0
RC POS 598 id 5 seat 1 role expand fs 0 body 1 pos 3,4 stuck 65
RC POS 598 id 564 seat 8 role raid fs 1 body 1 pos 6,6 stuck 115
RC POS 598 id 621 seat 10 role raid fs 0 body 1 pos 8,4 stuck 184
RC POS 598 id 645 seat 11 role raid fs 1 body 1 pos 7,3 stuck 0
RC POS 599 id 5 seat 1 role expand fs 0 body 1 pos 3,4 stuck 66
RC POS 599 id 564 seat 8 role raid fs 1 body 1 pos 6,6 stuck 116
RC POS 599 id 621 seat 10 role raid fs 0 body 1 pos 8,4 stuck 185
RC POS 599 id 645 seat 11 role raid fs 1 body 1 pos 7,3 stuck 1
RC ECO 600 harvstore 6 harvseen -1 ti 46 units 18 scale 469.0
RC POS 600 id 5 seat 1 role expand fs 0 body 1 pos 3,4 stuck 67
RC POS 600 id 564 seat 8 role raid fs 1 body 1 pos 6,6 stuck 117
RC POS 600 id 621 seat 10 role raid fs 0 body 1 pos 8,4 stuck 186
RC POS 600 id 645 seat 11 role raid fs 1 body 1 pos 7,3 stuck 2
RC POS 601 id 5 seat 1 role expand fs 0 body 1 pos 3,4 stuck 68
RC POS 601 id 564 seat 8 role raid fs 1 body 1 pos 6,6 stuck 118
RC POS 601 id 621 seat 10 role raid fs 0 body 1 pos 8,4 stuck 187
RC POS 601 id 645 seat 11 role raid fs 1 body 1 pos 8,3 stuck 0
RC POS 602 id 5 seat 1 role expand fs 0 body 1 pos 3,4 stuck 69
RC POS 602 id 564 seat 8 role raid fs 1 body 1 pos 6,6 stuck 119
RC POS 602 id 621 seat 10 role raid fs 0 body 1 pos 8,4 stuck 188
RC POS 602 id 645 seat 11 role raid fs 1 body 1 pos 7,3 stuck 0
RC POS 603 id 5 seat 1 role expand fs 0 body 1 pos 3,4 stuck 70
RC POS 603 id 564 seat 8 role raid fs 1 body 1 pos 6,6 stuck 120
RC POS 603 id 621 seat 10 role raid fs 0 body 1 pos 8,4 stuck 189
RC POS 603 id 645 seat 11 role raid fs 1 body 1 pos 7,3 stuck 1
RC POS 604 id 5 seat 1 role expand fs 0 body 1 pos 3,4 stuck 71
RC POS 604 id 564 seat 8 role raid fs 1 body 1 pos 6,6 stuck 121
RC POS 604 id 621 seat 10 role raid fs 0 body 1 pos 8,4 stuck 190
RC POS 604 id 645 seat 11 role raid fs 1 body 1 pos 7,3 stuck 2
RC POS 605 id 5 seat 1 role expand fs 0 body 1 pos 3,4 stuck 72
RC POS 605 id 564 seat 8 role raid fs 1 body 1 pos 6,6 stuck 122
RC POS 605 id 621 seat 10 role raid fs 0 body 1 pos 8,4 stuck 191
RC POS 605 id 645 seat 11 role raid fs 1 body 1 pos 8,3 stuck 0
RC POS 606 id 5 seat 1 role expand fs 0 body 1 pos 3,4 stuck 73
RC POS 606 id 564 seat 8 role raid fs 1 body 1 pos 6,6 stuck 123
RC POS 606 id 621 seat 10 role raid fs 0 body 1 pos 8,4 stuck 192
RC POS 606 id 645 seat 11 role raid fs 1 body 1 pos 7,3 stuck 0
RC POS 607 id 5 seat 1 role expand fs 0 body 1 pos 3,4 stuck 74
RC POS 607 id 564 seat 8 role raid fs 1 body 1 pos 6,6 stuck 124
RC POS 607 id 621 seat 10 role raid fs 0 body 1 pos 8,4 stuck 193
RC POS 607 id 645 seat 11 role raid fs 1 body 1 pos 7,3 stuck 1
RC POS 608 id 5 seat 1 role expand fs 0 body 1 pos 3,4 stuck 75
RC POS 608 id 564 seat 8 role raid fs 1 body 1 pos 6,6 stuck 125
RC POS 608 id 621 seat 10 role raid fs 0 body 1 pos 8,4 stuck 194
RC POS 608 id 645 seat 11 role raid fs 1 body 1 pos 7,3 stuck 2
RC POS 609 id 5 seat 1 role expand fs 0 body 1 pos 3,4 stuck 76
RC POS 609 id 564 seat 8 role raid fs 1 body 1 pos 6,6 stuck 126
RC POS 609 id 621 seat 10 role raid fs 0 body 1 pos 8,4 stuck 195
RC POS 609 id 645 seat 11 role raid fs 1 body 1 pos 8,3 stuck 0
RC POS 610 id 5 seat 1 role expand fs 0 body 1 pos 3,4 stuck 77
RC POS 610 id 564 seat 8 role raid fs 1 body 1 pos 6,6 stuck 127
RC POS 610 id 621 seat 10 role raid fs 0 body 1 pos 8,4 stuck 196
RC POS 610 id 645 seat 11 role raid fs 1 body 1 pos 7,3 stuck 0
RC POS 611 id 5 seat 1 role expand fs 0 body 1 pos 3,4 stuck 78
RC POS 611 id 564 seat 8 role raid fs 1 body 1 pos 6,6 stuck 128
RC POS 611 id 621 seat 10 role raid fs 0 body 1 pos 8,4 stuck 197
RC POS 611 id 645 seat 11 role raid fs 1 body 1 pos 7,3 stuck 1
