Update available: 2.3.6 -> 2.3.8. Run: pip install --upgrade fcode
CREW523 0 site mag slotfs 0 merged 0 won 0 n 0 of 1
CREW523 0 site budget slotfs 0 merged 0 won 0 n 0 of 2
CREW523 0 site spawn slotfs 0 merged 0 won 0 n 0 of 3
CREW523 1 site mag slotfs 0 merged 0 won 0 n 0 of 4
CREW523 1 site budget slotfs 0 merged 0 won 0 n 0 of 5
CREW523 1 site spawn slotfs 0 merged 0 won 0 n 0 of 6
CREW523 2 site mag slotfs 1 merged 1 won 0 n 0 of 7
CREW523 2 site budget slotfs 1 merged 1 won 0 n 0 of 8
CREW523 2 site spawn slotfs 1 merged 1 won 0 n 0 of 9
CREW523 3 site mag slotfs 1 merged 1 won 0 n 0 of 10
CREW523 3 site budget slotfs 1 merged 1 won 0 n 0 of 11
CREW523 3 site spawn slotfs 1 merged 1 won 0 n 0 of 12
CREW523 4 site mag slotfs 1 merged 1 won 0 n 0 of 13
CREW523 4 site budget slotfs 1 merged 1 won 0 n 0 of 14
CREW523 5 site mag slotfs 1 merged 1 won 0 n 0 of 15
CREW523 5 site budget slotfs 1 merged 1 won 0 n 0 of 16
CREW523 6 site mag slotfs 1 merged 1 won 0 n 0 of 17
CREW523 6 site budget slotfs 1 merged 1 won 0 n 0 of 18
CREW523 7 site mag slotfs 1 merged 1 won 0 n 0 of 19
CREW523 7 site budget slotfs 1 merged 1 won 0 n 0 of 20
CREW523 8 site mag slotfs 1 merged 1 won 0 n 0 of 21
CREW523 8 site budget slotfs 1 merged 1 won 0 n 0 of 22
CREW523 9 site mag slotfs 1 merged 1 won 0 n 0 of 23
CREW523 9 site budget slotfs 1 merged 1 won 0 n 0 of 24
PH523 9 id 3 body 1 arc 2 orth 7 own 0 merged 0 arcclosed 0 ph 2
CREW523 10 site mag slotfs 2 merged 2 won 0 n 0 of 25
CREW523 10 site budget slotfs 2 merged 2 won 0 n 0 of 26
CREW523 10 site spawn slotfs 2 merged 2 won 0 n 0 of 27
PH523 10 id 3 body 1 arc 2 orth 5 own 0 merged 0 arcclosed 0 ph 2
PH523 10 id 9 body 2 arc 1 orth 5 own 0 merged 0 arcclosed 0 ph 2
CREW523 11 site mag slotfs 2 merged 2 won 0 n 0 of 28
CREW523 11 site budget slotfs 2 merged 2 won 0 n 0 of 29
PH523 11 id 3 body 1 arc 2 orth 4 own 0 merged 0 arcclosed 0 ph 2
PH523 11 id 9 body 2 arc 1 orth 4 own 0 merged 0 arcclosed 0 ph 2
CREW523 12 site mag slotfs 2 merged 2 won 0 n 0 of 30
CREW523 12 site budget slotfs 2 merged 2 won 0 n 0 of 31
PH523 12 id 3 body 1 arc 2 orth 4 own 0 merged 0 arcclosed 0 ph 2
PH523 12 id 9 body 2 arc 1 orth 4 own 0 merged 0 arcclosed 0 ph 2
CREW523 13 site mag slotfs 2 merged 2 won 0 n 0 of 32
CREW523 13 site budget slotfs 2 merged 2 won 0 n 0 of 33
PH523 13 id 3 body 1 arc 2 orth 5 own 0 merged 0 arcclosed 0 ph 2
PH523 13 id 9 body 2 arc 1 orth 5 own 0 merged 0 arcclosed 0 ph 2
CREW523 14 site mag slotfs 2 merged 2 won 0 n 0 of 34
CREW523 14 site budget slotfs 2 merged 2 won 0 n 0 of 35
PH523 14 id 3 body 1 arc 2 orth 5 own 0 merged 0 arcclosed 0 ph 2
PH523 14 id 9 body 2 arc 1 orth 5 own 0 merged 0 arcclosed 0 ph 2
CREW523 15 site mag slotfs 2 merged 2 won 0 n 0 of 36
CREW523 15 site budget slotfs 2 merged 2 won 0 n 0 of 37
PH523 15 id 3 body 1 arc 2 orth 5 own 0 merged 0 arcclosed 0 ph 2
PH523 15 id 9 body 2 arc 1 orth 5 own 0 merged 0 arcclosed 0 ph 2
CREW523 16 site mag slotfs 2 merged 2 won 0 n 0 of 38
CREW523 16 site budget slotfs 2 merged 2 won 0 n 0 of 39
PH523 16 id 3 body 1 arc 2 orth 4 own 0 merged 0 arcclosed 0 ph 2
PH523 16 id 9 body 2 arc 1 orth 4 own 0 merged 0 arcclosed 0 ph 2
CREW523 17 site mag slotfs 2 merged 2 won 0 n 0 of 40
CREW523 17 site budget slotfs 2 merged 2 won 0 n 0 of 41
PH523 17 id 3 body 1 arc 2 orth 4 own 0 merged 0 arcclosed 0 ph 2
PH523 17 id 9 body 2 arc 1 orth 4 own 0 merged 0 arcclosed 0 ph 2
CREW523 18 site mag slotfs 2 merged 2 won 0 n 0 of 42
CREW523 18 site budget slotfs 2 merged 2 won 0 n 0 of 43
PH523 18 id 3 body 1 arc 2 orth 4 own 0 merged 0 arcclosed 0 ph 2
PH523 18 id 9 body 2 arc 1 orth 4 own 0 merged 0 arcclosed 0 ph 2
CREW523 19 site mag slotfs 2 merged 2 won 0 n 0 of 44
CREW523 19 site budget slotfs 2 merged 2 won 0 n 0 of 45
PH523 19 id 3 body 1 arc 2 orth 4 own 0 merged 0 arcclosed 0 ph 2
PH523 19 id 9 body 2 arc 1 orth 4 own 0 merged 0 arcclosed 0 ph 2
CREW523 20 site mag slotfs 2 merged 2 won 0 n 0 of 46
CREW523 20 site budget slotfs 2 merged 2 won 0 n 0 of 47
PH523 20 id 3 body 1 arc 2 orth 4 own 0 merged 0 arcclosed 0 ph 2
PH523 20 id 9 body 2 arc 1 orth 4 own 0 merged 0 arcclosed 0 ph 2
CREW523 21 site mag slotfs 2 merged 2 won 0 n 0 of 48
CREW523 21 site budget slotfs 2 merged 2 won 0 n 0 of 49
PH523 21 id 3 body 1 arc 2 orth 4 own 0 merged 0 arcclosed 0 ph 2
PH523 21 id 9 body 2 arc 1 orth 4 own 0 merged 0 arcclosed 0 ph 2
CREW523 22 site mag slotfs 2 merged 2 won 0 n 0 of 50
CREW523 22 site budget slotfs 2 merged 2 won 0 n 0 of 51
PH523 22 id 3 body 1 arc 2 orth 4 own 0 merged 0 arcclosed 0 ph 2
PH523 22 id 9 body 2 arc 1 orth 4 own 0 merged 0 arcclosed 0 ph 2
CREW523 23 site mag slotfs 2 merged 2 won 0 n 0 of 52
CREW523 23 site budget slotfs 2 merged 2 won 0 n 0 of 53
PH523 23 id 3 body 1 arc 2 orth 4 own 0 merged 0 arcclosed 0 ph 2
PH523 23 id 9 body 2 arc 1 orth 4 own 0 merged 0 arcclosed 0 ph 2
CREW523 24 site mag slotfs 2 merged 2 won 0 n 0 of 54
CREW523 24 site budget slotfs 2 merged 2 won 0 n 0 of 55
PH523 24 id 3 body 1 arc 2 orth 4 own 0 merged 0 arcclosed 0 ph 2
PH523 24 id 9 body 2 arc 1 orth 4 own 0 merged 0 arcclosed 0 ph 2
CREW523 25 site mag slotfs 2 merged 2 won 0 n 0 of 56
CREW523 25 site budget slotfs 2 merged 2 won 0 n 0 of 57
PH523 25 id 3 body 1 arc 2 orth 4 own 0 merged 0 arcclosed 0 ph 2
PH523 25 id 9 body 2 arc 1 orth 4 own 0 merged 0 arcclosed 0 ph 2
CREW523 26 site mag slotfs 2 merged 2 won 0 n 0 of 58
CREW523 26 site budget slotfs 2 merged 2 won 0 n 0 of 59
PH523 26 id 3 body 1 arc 2 orth 4 own 0 merged 0 arcclosed 0 ph 2
PH523 26 id 9 body 2 arc 1 orth 4 own 0 merged 0 arcclosed 0 ph 2
CREW523 27 site mag slotfs 2 merged 2 won 0 n 0 of 60
CREW523 27 site budget slotfs 2 merged 2 won 0 n 0 of 61
PH523 27 id 3 body 1 arc 2 orth 4 own 0 merged 0 arcclosed 0 ph 2
PH523 27 id 9 body 2 arc 1 orth 4 own 0 merged 0 arcclosed 0 ph 2
CREW523 28 site mag slotfs 2 merged 2 won 0 n 0 of 62
CREW523 28 site budget slotfs 2 merged 2 won 0 n 0 of 63
PH523 28 id 3 body 1 arc 2 orth 4 own 0 merged 0 arcclosed 0 ph 2
PH523 28 id 9 body 2 arc 1 orth 4 own 0 merged 0 arcclosed 0 ph 2
CREW523 29 site mag slotfs 2 merged 2 won 0 n 0 of 64
CREW523 29 site budget slotfs 2 merged 2 won 0 n 0 of 65
PH523 29 id 3 body 1 arc 2 orth 4 own 0 merged 0 arcclosed 0 ph 2
PH523 29 id 9 body 2 arc 1 orth 4 own 0 merged 0 arcclosed 0 ph 2
CREW523 30 site mag slotfs 2 merged 2 won 0 n 0 of 66
CREW523 30 site budget slotfs 2 merged 2 won 0 n 0 of 67
PH523 30 id 3 body 1 arc 2 orth 4 own 0 merged 0 arcclosed 0 ph 2
PH523 30 id 9 body 2 arc 1 orth 4 own 0 merged 0 arcclosed 0 ph 2
CREW523 31 site mag slotfs 2 merged 2 won 0 n 0 of 68
CREW523 31 site budget slotfs 2 merged 2 won 0 n 0 of 69
PH523 31 id 3 body 1 arc 2 orth 4 own 0 merged 0 arcclosed 0 ph 2
PH523 31 id 9 body 2 arc 1 orth 4 own 0 merged 0 arcclosed 0 ph 2
CREW523 32 site mag slotfs 2 merged 2 won 0 n 0 of 70
CREW523 32 site budget slotfs 2 merged 2 won 0 n 0 of 71
PH523 32 id 3 body 1 arc 2 orth 4 own 0 merged 0 arcclosed 0 ph 2
PH523 32 id 9 body 2 arc 1 orth 4 own 0 merged 0 arcclosed 0 ph 2
CREW523 33 site mag slotfs 2 merged 2 won 0 n 0 of 72
CREW523 33 site budget slotfs 2 merged 2 won 0 n 0 of 73
PH523 33 id 3 body 1 arc 2 orth 4 own 0 merged 0 arcclosed 0 ph 2
PH523 33 id 9 body 2 arc 1 orth 4 own 0 merged 0 arcclosed 0 ph 2
CREW523 34 site mag slotfs 2 merged 2 won 0 n 0 of 74
CREW523 34 site budget slotfs 2 merged 2 won 0 n 0 of 75
PH523 34 id 3 body 1 arc 2 orth 4 own 0 merged 0 arcclosed 0 ph 2
PH523 34 id 9 body 2 arc 1 orth 4 own 0 merged 0 arcclosed 0 ph 2
CREW523 35 site mag slotfs 2 merged 2 won 0 n 0 of 76
CREW523 35 site budget slotfs 2 merged 2 won 0 n 0 of 77
PH523 35 id 3 body 1 arc 2 orth 4 own 0 merged 0 arcclosed 0 ph 2
PH523 35 id 9 body 2 arc 1 orth 4 own 0 merged 0 arcclosed 0 ph 2
CREW523 36 site mag slotfs 2 merged 2 won 0 n 0 of 78
CREW523 36 site budget slotfs 2 merged 2 won 0 n 0 of 79
PH523 36 id 3 body 1 arc 2 orth 4 own 0 merged 0 arcclosed 0 ph 2
PH523 36 id 9 body 2 arc 1 orth 4 own 0 merged 0 arcclosed 0 ph 2
CREW523 37 site mag slotfs 2 merged 2 won 0 n 0 of 80
CREW523 37 site budget slotfs 2 merged 2 won 0 n 0 of 81
PH523 37 id 3 body 1 arc 2 orth 4 own 0 merged 0 arcclosed 0 ph 2
PH523 37 id 9 body 2 arc 1 orth 4 own 0 merged 0 arcclosed 0 ph 2
CREW523 38 site mag slotfs 2 merged 2 won 0 n 0 of 82
CREW523 38 site budget slotfs 2 merged 2 won 0 n 0 of 83
PH523 38 id 3 body 1 arc 2 orth 4 own 0 merged 0 arcclosed 0 ph 2
PH523 38 id 9 body 2 arc 1 orth 4 own 0 merged 0 arcclosed 0 ph 2
CREW523 39 site mag slotfs 2 merged 2 won 0 n 0 of 84
CREW523 39 site budget slotfs 2 merged 2 won 0 n 0 of 85
PH523 39 id 3 body 1 arc 2 orth 4 own 0 merged 0 arcclosed 0 ph 2
PH523 39 id 9 body 2 arc 1 orth 4 own 0 merged 0 arcclosed 0 ph 2
CREW523 40 site mag slotfs 2 merged 2 won 0 n 0 of 86
CREW523 40 site budget slotfs 2 merged 2 won 0 n 0 of 87
PH523 40 id 3 body 1 arc 2 orth 4 own 0 merged 0 arcclosed 0 ph 2
PH523 40 id 9 body 2 arc 1 orth 4 own 0 merged 0 arcclosed 0 ph 2
CREW523 41 site mag slotfs 2 merged 2 won 0 n 0 of 88
CREW523 41 site budget slotfs 2 merged 2 won 0 n 0 of 89
PH523 41 id 3 body 1 arc 2 orth 4 own 0 merged 0 arcclosed 0 ph 2
PH523 41 id 9 body 2 arc 1 orth 4 own 0 merged 0 arcclosed 0 ph 2
CREW523 42 site mag slotfs 2 merged 2 won 0 n 0 of 90
CREW523 42 site budget slotfs 2 merged 2 won 0 n 0 of 91
PH523 42 id 3 body 1 arc 2 orth 4 own 0 merged 0 arcclosed 0 ph 2
PH523 42 id 9 body 2 arc 1 orth 4 own 0 merged 0 arcclosed 0 ph 2
CREW523 43 site mag slotfs 2 merged 2 won 0 n 0 of 92
CREW523 43 site budget slotfs 2 merged 2 won 0 n 0 of 93
PH523 43 id 3 body 1 arc 2 orth 4 own 0 merged 0 arcclosed 0 ph 2
PH523 43 id 9 body 2 arc 1 orth 4 own 0 merged 0 arcclosed 0 ph 2
CREW523 44 site mag slotfs 2 merged 2 won 0 n 0 of 94
CREW523 44 site budget slotfs 2 merged 2 won 0 n 0 of 95
PH523 44 id 3 body 1 arc 2 orth 4 own 0 merged 0 arcclosed 0 ph 2
PH523 44 id 9 body 2 arc 1 orth 4 own 0 merged 0 arcclosed 0 ph 2
CREW523 45 site mag slotfs 2 merged 2 won 0 n 0 of 96
CREW523 45 site budget slotfs 2 merged 2 won 0 n 0 of 97
PH523 45 id 3 body 1 arc 2 orth 4 own 0 merged 0 arcclosed 0 ph 2
PH523 45 id 9 body 2 arc 1 orth 5 own 0 merged 0 arcclosed 0 ph 2
CREW523 46 site mag slotfs 2 merged 2 won 0 n 0 of 98
CREW523 46 site budget slotfs 2 merged 2 won 0 n 0 of 99
PH523 46 id 3 body 1 arc 2 orth 4 own 0 merged 0 arcclosed 0 ph 2
PH523 46 id 9 body 2 arc 1 orth 5 own 0 merged 0 arcclosed 0 ph 2
CREW523 47 site mag slotfs 2 merged 2 won 0 n 0 of 100
CREW523 47 site budget slotfs 2 merged 2 won 0 n 0 of 101
PH523 47 id 3 body 1 arc 2 orth 5 own 0 merged 0 arcclosed 0 ph 2
PH523 47 id 9 body 2 arc 1 orth 4 own 0 merged 0 arcclosed 0 ph 2
CREW523 48 site mag slotfs 2 merged 2 won 0 n 0 of 102
CREW523 48 site budget slotfs 2 merged 2 won 0 n 0 of 103
PH523 48 id 3 body 1 arc 2 orth 4 own 0 merged 0 arcclosed 0 ph 2
PH523 48 id 9 body 2 arc 1 orth 3 own 0 merged 0 arcclosed 0 ph 2
CREW523 49 site mag slotfs 2 merged 2 won 0 n 0 of 104
CREW523 49 site budget slotfs 2 merged 2 won 0 n 0 of 105
PH523 49 id 3 body 1 arc 2 orth 3 own 0 merged 0 arcclosed 0 ph 2
PH523 49 id 9 body 2 arc 1 orth 3 own 0 merged 0 arcclosed 0 ph 2
CREW523 50 site mag slotfs 2 merged 2 won 0 n 0 of 106
CREW523 50 site budget slotfs 2 merged 2 won 0 n 0 of 107
PH523 50 id 3 body 1 arc 2 orth 3 own 0 merged 0 arcclosed 0 ph 2
PH523 50 id 9 body 2 arc 1 orth 3 own 0 merged 0 arcclosed 0 ph 2
CREW523 51 site mag slotfs 2 merged 2 won 0 n 0 of 108
CREW523 51 site budget slotfs 2 merged 2 won 0 n 0 of 109
PH523 51 id 3 body 1 arc 2 orth 3 own 0 merged 0 arcclosed 0 ph 2
PH523 51 id 9 body 2 arc 1 orth 3 own 0 merged 0 arcclosed 0 ph 2
CREW523 52 site mag slotfs 2 merged 2 won 0 n 0 of 110
CREW523 52 site budget slotfs 2 merged 2 won 0 n 0 of 111
PH523 52 id 3 body 1 arc 2 orth 3 own 0 merged 0 arcclosed 0 ph 2
PH523 52 id 9 body 2 arc 1 orth 3 own 0 merged 0 arcclosed 0 ph 2
CREW523 53 site mag slotfs 2 merged 2 won 0 n 0 of 112
CREW523 53 site budget slotfs 2 merged 2 won 0 n 0 of 113
PH523 53 id 3 body 1 arc 2 orth 2 own 0 merged 0 arcclosed 0 ph 2
PH523 53 id 9 body 2 arc 1 orth 4 own 0 merged 0 arcclosed 0 ph 2
CREW523 54 site mag slotfs 2 merged 2 won 0 n 0 of 114
CREW523 54 site budget slotfs 2 merged 2 won 0 n 0 of 115
PH523 54 id 3 body 1 arc 2 orth 2 own 0 merged 0 arcclosed 0 ph 2
PH523 54 id 9 body 2 arc 1 orth 3 own 0 merged 0 arcclosed 0 ph 2
CREW523 55 site mag slotfs 2 merged 2 won 0 n 0 of 116
CREW523 55 site budget slotfs 2 merged 2 won 0 n 0 of 117
PH523 55 id 3 body 1 arc 2 orth 2 own 0 merged 0 arcclosed 0 ph 2
PH523 55 id 9 body 2 arc 1 orth 1 own 0 merged 0 arcclosed 0 ph 2
CREW523 56 site mag slotfs 2 merged 2 won 0 n 0 of 118
CREW523 56 site budget slotfs 2 merged 2 won 0 n 0 of 119
PH523 56 id 3 body 1 arc 2 orth 1 own 0 merged 0 arcclosed 0 ph 2
PH523 56 id 9 body 2 arc 1 orth 1 own 0 merged 0 arcclosed 0 ph 2
CREW523 57 site mag slotfs 2 merged 2 won 0 n 0 of 120
CREW523 57 site budget slotfs 2 merged 2 won 0 n 0 of 121
PH523 57 id 3 body 1 arc 2 orth 1 own 0 merged 0 arcclosed 0 ph 2
PH523 57 id 9 body 2 arc 1 orth 1 own 0 merged 0 arcclosed 0 ph 2
CREW523 58 site mag slotfs 2 merged 2 won 0 n 0 of 122
CREW523 58 site budget slotfs 2 merged 2 won 0 n 0 of 123
PH523 58 id 3 body 1 arc 2 orth 1 own 0 merged 0 arcclosed 0 ph 2
PH523 58 id 9 body 2 arc 1 orth 1 own 0 merged 0 arcclosed 0 ph 2
CREW523 59 site mag slotfs 2 merged 2 won 0 n 0 of 124
CREW523 59 site budget slotfs 2 merged 2 won 0 n 0 of 125
PH523 59 id 3 body 1 arc 2 orth 1 own 0 merged 0 arcclosed 0 ph 2
PH523 59 id 9 body 2 arc 1 orth 0 own 1 merged 1 arcclosed 0 ph 3
CREW523 60 site mag slotfs 2 merged 3 won 1 n 1 of 126
CREW523 60 site budget slotfs 2 merged 3 won 1 n 2 of 127
PH523 60 id 3 body 1 arc 2 orth 0 own 1 merged 1 arcclosed 0 ph 3
PH523 60 id 9 body 2 arc 1 orth 0 own 1 merged 1 arcclosed 0 ph 3
CREW523 61 site mag slotfs 3 merged 3 won 0 n 2 of 128
CREW523 61 site budget slotfs 3 merged 3 won 0 n 2 of 129
PH523 61 id 3 body 1 arc 2 orth 0 own 1 merged 1 arcclosed 0 ph 3
PH523 61 id 9 body 2 arc 1 orth 0 own 1 merged 1 arcclosed 0 ph 3
CREW523 62 site mag slotfs 3 merged 3 won 0 n 2 of 130
CREW523 62 site budget slotfs 3 merged 3 won 0 n 2 of 131
PH523 62 id 3 body 1 arc 2 orth 0 own 1 merged 1 arcclosed 0 ph 3
PH523 62 id 9 body 2 arc 1 orth 0 own 1 merged 1 arcclosed 0 ph 3
CREW523 63 site mag slotfs 3 merged 3 won 0 n 2 of 132
CREW523 63 site budget slotfs 3 merged 3 won 0 n 2 of 133
PH523 63 id 3 body 1 arc 2 orth 0 own 1 merged 1 arcclosed 0 ph 3
PH523 63 id 9 body 2 arc 1 orth 2 own 0 merged 1 arcclosed 0 ph 3
SALT523 63 id 9 orth 2 own 0 union 1 n 1 ownN 7
SALT523 63 id 9 orth 2 own 0 union 1 n 2 ownN 7
CREW523 64 site mag slotfs 3 merged 3 won 0 n 2 of 134
CREW523 64 site budget slotfs 3 merged 3 won 0 n 2 of 135
PH523 64 id 3 body 1 arc 2 orth 0 own 1 merged 1 arcclosed 0 ph 3
PH523 64 id 9 body 2 arc 1 orth 0 own 1 merged 1 arcclosed 0 ph 3
CREW523 65 site mag slotfs 3 merged 3 won 0 n 2 of 136
CREW523 65 site budget slotfs 3 merged 3 won 0 n 2 of 137
PH523 65 id 3 body 1 arc 2 orth 0 own 1 merged 1 arcclosed 0 ph 4
PH523 65 id 9 body 2 arc 1 orth 0 own 1 merged 1 arcclosed 0 ph 3
CREW523 66 site mag slotfs 4 merged 4 won 0 n 2 of 138
FUND523 66 ammo 24 bank 0 floor 16 need 20 spare 1 sust 1 flip 0 of 1
MAG522 66 ph 4 on 0 near 0 fund 1 fuse 1 ttl 1 ti 4 ammo 24 bar 8 want 22 floor 16 bind 0 nbind 0 nnear 0
CREW523 66 site budget slotfs 4 merged 4 won 0 n 2 of 139
PH523 66 id 3 body 1 arc 2 orth 0 own 1 merged 1 arcclosed 0 ph 4
PH523 66 id 9 body 2 arc 1 orth 0 own 1 merged 1 arcclosed 0 ph 4
CREW523 67 site mag slotfs 4 merged 4 won 0 n 2 of 140
FUND523 67 ammo 24 bank 0 floor 16 need 20 spare 1 sust 1 flip 0 of 2
MAG522 67 ph 4 on 0 near 0 fund 1 fuse 1 ttl 1 ti 4 ammo 24 bar 8 want 22 floor 16 bind 0 nbind 0 nnear 0
CREW523 67 site budget slotfs 4 merged 4 won 0 n 2 of 141
PH523 67 id 3 body 1 arc 2 orth 0 own 1 merged 1 arcclosed 0 ph 4
PH523 67 id 9 body 2 arc 1 orth 0 own 1 merged 1 arcclosed 0 ph 4
CREW523 68 site mag slotfs 4 merged 4 won 0 n 2 of 142
FUND523 68 ammo 14 bank 0 floor 16 need 20 spare 1 sust 0 flip 1 of 3
MAG522 68 ph 4 on 0 near 0 fund 1 fuse 0 ttl 1 ti 14 ammo 14 bar 8 want 22 floor 16 bind 0 nbind 0 nnear 0
CREW523 68 site budget slotfs 4 merged 4 won 0 n 2 of 143
PH523 68 id 3 body 1 arc 2 orth 0 own 1 merged 1 arcclosed 0 ph 4
PH523 68 id 9 body 2 arc 1 orth 0 own 1 merged 1 arcclosed 0 ph 4
CREW523 69 site mag slotfs 4 merged 4 won 0 n 2 of 144
FUND523 69 ammo 14 bank 0 floor 16 need 20 spare 1 sust 0 flip 2 of 4
MAG522 69 ph 4 on 0 near 0 fund 1 fuse 0 ttl 1 ti 14 ammo 14 bar 8 want 22 floor 16 bind 0 nbind 0 nnear 0
CREW523 69 site budget slotfs 4 merged 4 won 0 n 2 of 145
PH523 69 id 3 body 1 arc 2 orth 0 own 1 merged 1 arcclosed 0 ph 4
PH523 69 id 9 body 2 arc 1 orth 0 own 1 merged 1 arcclosed 0 ph 4
CREW523 70 site mag slotfs 4 merged 4 won 0 n 2 of 146
FUND523 70 ammo 4 bank 0 floor 16 need 20 spare 0 sust 0 flip 2 of 5
MAG522 70 ph 4 on 0 near 0 fund 0 fuse 0 ttl 1 ti 14 ammo 4 bar 8 want 22 floor 16 bind 0 nbind 0 nnear 0
CREW523 70 site budget slotfs 4 merged 4 won 0 n 2 of 147
PH523 70 id 3 body 1 arc 2 orth 0 own 1 merged 1 arcclosed 0 ph 4
PH523 70 id 9 body 2 arc 1 orth 0 own 1 merged 1 arcclosed 0 ph 4
CREW523 71 site mag slotfs 4 merged 4 won 0 n 2 of 148
FUND523 71 ammo 4 bank 0 floor 16 need 20 spare 0 sust 0 flip 2 of 6
MAG522 71 ph 4 on 0 near 0 fund 0 fuse 0 ttl 1 ti 14 ammo 4 bar 8 want 22 floor 16 bind 0 nbind 0 nnear 0
CREW523 71 site budget slotfs 4 merged 4 won 0 n 2 of 149
PH523 71 id 3 body 1 arc 2 orth 0 own 1 merged 1 arcclosed 0 ph 4
PH523 71 id 9 body 2 arc 1 orth 0 own 1 merged 1 arcclosed 0 ph 4
CREW523 72 site mag slotfs 4 merged 4 won 0 n 2 of 150
FUND523 72 ammo 4 bank 8 floor 16 need 20 spare 0 sust 0 flip 2 of 7
MAG522 72 ph 4 on 0 near 0 fund 0 fuse 0 ttl 1 ti 24 ammo 4 bar 8 want 22 floor 16 bind 0 nbind 0 nnear 0
CREW523 72 site budget slotfs 4 merged 4 won 0 n 2 of 151
PH523 72 id 3 body 1 arc 2 orth 0 own 1 merged 1 arcclosed 0 ph 4
PH523 72 id 9 body 2 arc 1 orth 0 own 1 merged 1 arcclosed 0 ph 4
CREW523 73 site mag slotfs 4 merged 4 won 0 n 2 of 152
FUND523 73 ammo 2 bank 0 floor 16 need 20 spare 0 sust 0 flip 2 of 8
MAG522 73 ph 4 on 0 near 0 fund 0 fuse 0 ttl 1 ti 16 ammo 2 bar 8 want 22 floor 16 bind 0 nbind 0 nnear 0
CREW523 73 site budget slotfs 4 merged 4 won 0 n 2 of 153
PH523 73 id 3 body 1 arc 2 orth 0 own 1 merged 1 arcclosed 0 ph 4
PH523 73 id 9 body 2 arc 1 orth 0 own 1 merged 1 arcclosed 0 ph 4
CREW523 74 site mag slotfs 4 merged 4 won 0 n 2 of 154
FUND523 74 ammo 2 bank 0 floor 16 need 20 spare 0 sust 0 flip 2 of 9
MAG522 74 ph 4 on 0 near 0 fund 0 fuse 0 ttl 1 ti 16 ammo 2 bar 8 want 22 floor 16 bind 0 nbind 0 nnear 0
CREW523 74 site budget slotfs 4 merged 4 won 0 n 2 of 155
PH523 74 id 3 body 1 arc 2 orth 0 own 1 merged 1 arcclosed 0 ph 4
PH523 74 id 9 body 2 arc 1 orth 0 own 1 merged 1 arcclosed 0 ph 4
CREW523 75 site mag slotfs 4 merged 4 won 0 n 2 of 156
FUND523 75 ammo 2 bank 0 floor 16 need 20 spare 0 sust 0 flip 2 of 10
MAG522 75 ph 4 on 0 near 0 fund 0 fuse 0 ttl 1 ti 16 ammo 2 bar 8 want 22 floor 16 bind 0 nbind 0 nnear 0
CREW523 75 site budget slotfs 4 merged 4 won 0 n 2 of 157
PH523 75 id 3 body 1 arc 2 orth 0 own 1 merged 1 arcclosed 0 ph 4
PH523 75 id 9 body 2 arc 1 orth 0 own 1 merged 1 arcclosed 0 ph 4
CREW523 76 site mag slotfs 4 merged 4 won 0 n 2 of 158
FUND523 76 ammo 2 bank 10 floor 16 need 20 spare 0 sust 0 flip 2 of 11
MAG522 76 ph 4 on 0 near 0 fund 0 fuse 0 ttl 1 ti 26 ammo 2 bar 8 want 22 floor 16 bind 0 nbind 0 nnear 0
CREW523 76 site budget slotfs 4 merged 4 won 0 n 2 of 159
PH523 76 id 3 body 1 arc 2 orth 0 own 1 merged 1 arcclosed 0 ph 4
PH523 76 id 9 body 2 arc 1 orth 0 own 1 merged 1 arcclosed 0 ph 4
CREW523 77 site mag slotfs 4 merged 4 won 0 n 2 of 160
FUND523 77 ammo 2 bank 0 floor 16 need 20 spare 0 sust 0 flip 2 of 12
MAG522 77 ph 4 on 0 near 0 fund 0 fuse 0 ttl 1 ti 16 ammo 2 bar 8 want 22 floor 16 bind 0 nbind 0 nnear 0
CREW523 77 site budget slotfs 4 merged 4 won 0 n 2 of 161
PH523 77 id 3 body 1 arc 2 orth 2 own 0 merged 1 arcclosed 0 ph 5
SALT523 77 id 3 orth 2 own 0 union 1 n 1 ownN 20
PH523 77 id 9 body 2 arc 1 orth 2 own 0 merged 1 arcclosed 0 ph 5
SALT523 77 id 9 orth 2 own 0 union 1 n 3 ownN 22
CREW523 78 site mag slotfs 5 merged 5 won 0 n 2 of 162
FUND523 78 ammo 2 bank 0 floor 16 need 20 spare 0 sust 0 flip 2 of 13
MAG522 78 ph 5 on 0 near 0 fund 0 fuse 0 ttl 1 ti 16 ammo 2 bar 8 want 22 floor 16 bind 0 nbind 0 nnear 0
CREW523 78 site budget slotfs 5 merged 5 won 0 n 2 of 163
PH523 78 id 3 body 1 arc 2 orth 0 own 1 merged 1 arcclosed 0 ph 4
PH523 78 id 9 body 2 arc 1 orth 3 own 0 merged 0 arcclosed 0 ph 5
CREW523 79 site mag slotfs 4 merged 4 won 0 n 2 of 164
FUND523 79 ammo 2 bank 0 floor 16 need 20 spare 0 sust 0 flip 2 of 14
MAG522 79 ph 4 on 0 near 0 fund 0 fuse 0 ttl 1 ti 16 ammo 2 bar 8 want 22 floor 16 bind 0 nbind 0 nnear 0
CREW523 79 site budget slotfs 4 merged 4 won 0 n 2 of 165
PH523 79 id 3 body 1 arc 2 orth 2 own 0 merged 1 arcclosed 0 ph 5
SALT523 79 id 3 orth 2 own 0 union 1 n 2 ownN 21
PH523 79 id 9 body 2 arc 1 orth 2 own 0 merged 1 arcclosed 0 ph 5
SALT523 79 id 9 orth 2 own 0 union 1 n 4 ownN 22
CREW523 80 site mag slotfs 5 merged 5 won 0 n 2 of 166
FUND523 80 ammo 2 bank 10 floor 16 need 20 spare 0 sust 0 flip 2 of 15
MAG522 80 ph 5 on 0 near 0 fund 0 fuse 0 ttl 1 ti 26 ammo 2 bar 8 want 22 floor 16 bind 0 nbind 0 nnear 0
CREW523 80 site budget slotfs 5 merged 5 won 0 n 2 of 167
PH523 80 id 3 body 1 arc 2 orth 0 own 1 merged 1 arcclosed 0 ph 4
PH523 80 id 9 body 2 arc 1 orth 3 own 0 merged 0 arcclosed 0 ph 5
CREW523 81 site mag slotfs 4 merged 4 won 0 n 2 of 168
FUND523 81 ammo 2 bank 0 floor 16 need 20 spare 0 sust 0 flip 2 of 16
MAG522 81 ph 4 on 0 near 0 fund 0 fuse 0 ttl 1 ti 16 ammo 2 bar 8 want 22 floor 16 bind 0 nbind 0 nnear 0
CREW523 81 site budget slotfs 4 merged 4 won 0 n 2 of 169
PH523 81 id 3 body 1 arc 2 orth 2 own 0 merged 1 arcclosed 0 ph 5
SALT523 81 id 3 orth 2 own 0 union 1 n 3 ownN 22
PH523 81 id 9 body 2 arc 1 orth 0 own 1 merged 1 arcclosed 0 ph 4
CREW523 82 site mag slotfs 5 merged 4 won 1 n 3 of 170
FUND523 82 ammo 2 bank 0 floor 16 need 20 spare 0 sust 0 flip 2 of 17
MAG522 82 ph 4 on 0 near 0 fund 0 fuse 0 ttl 1 ti 16 ammo 2 bar 8 want 22 floor 16 bind 0 nbind 0 nnear 0
CREW523 82 site budget slotfs 5 merged 4 won 1 n 4 of 171
PH523 82 id 3 body 1 arc 2 orth 0 own 1 merged 1 arcclosed 0 ph 4
PH523 82 id 9 body 2 arc 1 orth 0 own 1 merged 1 arcclosed 0 ph 4
CREW523 83 site mag slotfs 4 merged 4 won 0 n 4 of 172
FUND523 83 ammo 2 bank 0 floor 16 need 20 spare 0 sust 0 flip 2 of 18
MAG522 83 ph 4 on 0 near 0 fund 0 fuse 0 ttl 1 ti 16 ammo 2 bar 8 want 22 floor 16 bind 0 nbind 0 nnear 0
CREW523 83 site budget slotfs 4 merged 4 won 0 n 4 of 173
PH523 83 id 3 body 1 arc 2 orth 0 own 1 merged 1 arcclosed 0 ph 4
PH523 83 id 9 body 2 arc 1 orth 0 own 1 merged 1 arcclosed 0 ph 4
CREW523 84 site mag slotfs 4 merged 4 won 0 n 4 of 174
FUND523 84 ammo 2 bank 10 floor 16 need 20 spare 0 sust 0 flip 2 of 19
MAG522 84 ph 4 on 0 near 0 fund 0 fuse 0 ttl 1 ti 26 ammo 2 bar 8 want 22 floor 16 bind 0 nbind 0 nnear 0
CREW523 84 site budget slotfs 4 merged 4 won 0 n 4 of 175
PH523 84 id 3 body 1 arc 2 orth 0 own 1 merged 1 arcclosed 0 ph 4
PH523 84 id 9 body 2 arc 1 orth 0 own 1 merged 1 arcclosed 0 ph 4
CREW523 85 site mag slotfs 4 merged 4 won 0 n 4 of 176
FUND523 85 ammo 2 bank 0 floor 16 need 20 spare 0 sust 0 flip 2 of 20
MAG522 85 ph 4 on 0 near 0 fund 0 fuse 0 ttl 1 ti 16 ammo 2 bar 8 want 22 floor 16 bind 0 nbind 0 nnear 0
CREW523 85 site budget slotfs 4 merged 4 won 0 n 4 of 177
PH523 85 id 3 body 1 arc 2 orth 2 own 0 merged 1 arcclosed 0 ph 5
SALT523 85 id 3 orth 2 own 0 union 1 n 4 ownN 25
PH523 85 id 9 body 2 arc 1 orth 2 own 0 merged 1 arcclosed 0 ph 5
SALT523 85 id 9 orth 2 own 0 union 1 n 5 ownN 26
CREW523 86 site mag slotfs 5 merged 5 won 0 n 4 of 178
FUND523 86 ammo 2 bank 0 floor 16 need 20 spare 0 sust 0 flip 2 of 21
MAG522 86 ph 5 on 0 near 0 fund 0 fuse 0 ttl 1 ti 16 ammo 2 bar 8 want 22 floor 16 bind 0 nbind 0 nnear 0
CREW523 86 site budget slotfs 5 merged 5 won 0 n 4 of 179
PH523 86 id 3 body 1 arc 2 orth 0 own 1 merged 1 arcclosed 0 ph 4
PH523 86 id 9 body 2 arc 1 orth 3 own 0 merged 0 arcclosed 0 ph 5
CREW523 87 site mag slotfs 4 merged 4 won 0 n 4 of 180
FUND523 87 ammo 2 bank 0 floor 16 need 20 spare 0 sust 0 flip 2 of 22
MAG522 87 ph 4 on 0 near 0 fund 0 fuse 0 ttl 1 ti 16 ammo 2 bar 8 want 22 floor 16 bind 0 nbind 0 nnear 0
CREW523 87 site budget slotfs 4 merged 4 won 0 n 4 of 181
PH523 87 id 3 body 1 arc 2 orth 0 own 1 merged 1 arcclosed 0 ph 4
PH523 87 id 9 body 2 arc 1 orth 0 own 1 merged 1 arcclosed 0 ph 4
CREW523 88 site mag slotfs 4 merged 4 won 0 n 4 of 182
FUND523 88 ammo 2 bank 10 floor 16 need 20 spare 0 sust 0 flip 2 of 23
MAG522 88 ph 4 on 0 near 0 fund 0 fuse 0 ttl 1 ti 26 ammo 2 bar 8 want 22 floor 16 bind 0 nbind 0 nnear 0
CREW523 88 site budget slotfs 4 merged 4 won 0 n 4 of 183
PH523 88 id 3 body 1 arc 2 orth 0 own 1 merged 1 arcclosed 0 ph 4
PH523 88 id 9 body 2 arc 1 orth 2 own 0 merged 1 arcclosed 0 ph 5
SALT523 88 id 9 orth 2 own 0 union 1 n 6 ownN 27
CREW523 89 site mag slotfs 4 merged 4 won 0 n 4 of 184
FUND523 89 ammo 2 bank 0 floor 16 need 20 spare 0 sust 0 flip 2 of 24
MAG522 89 ph 4 on 0 near 0 fund 0 fuse 0 ttl 1 ti 16 ammo 2 bar 8 want 22 floor 16 bind 0 nbind 0 nnear 0
CREW523 89 site budget slotfs 4 merged 4 won 0 n 4 of 185
PH523 89 id 3 body 1 arc 2 orth 0 own 1 merged 1 arcclosed 0 ph 4
PH523 89 id 9 body 2 arc 1 orth 0 own 1 merged 1 arcclosed 0 ph 4
CREW523 90 site mag slotfs 4 merged 4 won 0 n 4 of 186
FUND523 90 ammo 2 bank 0 floor 16 need 20 spare 0 sust 0 flip 2 of 25
MAG522 90 ph 4 on 0 near 0 fund 0 fuse 0 ttl 1 ti 16 ammo 2 bar 8 want 22 floor 16 bind 0 nbind 0 nnear 0
CREW523 90 site budget slotfs 4 merged 4 won 0 n 4 of 187
PH523 90 id 3 body 1 arc 2 orth 0 own 1 merged 1 arcclosed 0 ph 4
PH523 90 id 9 body 2 arc 1 orth 2 own 0 merged 1 arcclosed 0 ph 5
SALT523 90 id 9 orth 2 own 0 union 1 n 7 ownN 28
CREW523 91 site mag slotfs 4 merged 4 won 0 n 4 of 188
FUND523 91 ammo 2 bank 2 floor 14 need 20 spare 0 sust 0 flip 2 of 26
MAG522 91 ph 4 on 0 near 0 fund 0 fuse 0 ttl 1 ti 16 ammo 2 bar 7 want 20 floor 14 bind 0 nbind 0 nnear 0
CREW523 91 site budget slotfs 4 merged 4 won 0 n 4 of 189
CREW523 91 site spawn slotfs 4 merged 4 won 0 n 4 of 190
PH523 91 id 3 body 1 arc 2 orth 0 own 1 merged 1 arcclosed 0 ph 4
PH523 91 id 9 body 2 arc 1 orth 0 own 1 merged 1 arcclosed 0 ph 4
CREW523 92 site mag slotfs 4 merged 4 won 0 n 4 of 191
FUND523 92 ammo 4 bank 10 floor 14 need 20 spare 0 sust 0 flip 2 of 27
MAG522 92 ph 4 on 0 near 0 fund 0 fuse 0 ttl 1 ti 24 ammo 4 bar 7 want 20 floor 14 bind 0 nbind 0 nnear 0
CREW523 92 site budget slotfs 4 merged 4 won 0 n 4 of 192
CREW523 92 site spawn slotfs 4 merged 4 won 0 n 4 of 193
PH523 92 id 3 body 1 arc 2 orth 0 own 1 merged 1 arcclosed 0 ph 4
PH523 92 id 9 body 2 arc 1 orth 3 own 0 merged 1 arcclosed 0 ph 5
SALT523 92 id 9 orth 3 own 0 union 1 n 8 ownN 29
CREW523 93 site mag slotfs 4 merged 4 won 0 n 4 of 194
FUND523 93 ammo 14 bank 0 floor 14 need 20 spare 1 sust 0 flip 3 of 28
MAG522 93 ph 4 on 0 near 0 fund 1 fuse 0 ttl 1 ti 14 ammo 14 bar 7 want 20 floor 14 bind 0 nbind 0 nnear 0
CREW523 93 site budget slotfs 4 merged 4 won 0 n 4 of 195
CREW523 93 site spawn slotfs 4 merged 4 won 0 n 4 of 196
PH523 93 id 3 body 1 arc 2 orth 0 own 1 merged 1 arcclosed 0 ph 4
PH523 93 id 9 body 2 arc 1 orth 4 own 0 merged 1 arcclosed 0 ph 5
SALT523 93 id 9 orth 4 own 0 union 1 n 9 ownN 29
CREW523 94 site mag slotfs 4 merged 4 won 0 n 4 of 197
FUND523 94 ammo 14 bank 0 floor 14 need 20 spare 1 sust 0 flip 4 of 29
MAG522 94 ph 4 on 0 near 0 fund 1 fuse 0 ttl 1 ti 14 ammo 14 bar 7 want 20 floor 14 bind 0 nbind 0 nnear 0
CREW523 94 site budget slotfs 4 merged 4 won 0 n 4 of 198
CREW523 94 site spawn slotfs 4 merged 4 won 0 n 4 of 199
PH523 94 id 3 body 1 arc 2 orth 0 own 1 merged 1 arcclosed 0 ph 3
PH523 94 id 9 body 2 arc 1 orth 2 own 0 merged 1 arcclosed 0 ph 3
SALT523 94 id 9 orth 2 own 0 union 1 n 10 ownN 29
SALT523 94 id 9 orth 2 own 0 union 1 n 11 ownN 29
CREW523 95 site mag slotfs 3 merged 3 won 0 n 4 of 200
CREW523 95 site budget slotfs 3 merged 3 won 0 n 4 of 201
CREW523 95 site spawn slotfs 3 merged 3 won 0 n 4 of 202
PH523 95 id 3 body 1 arc 2 orth 0 own 1 merged 1 arcclosed 0 ph 3
PH523 95 id 9 body 2 arc 1 orth 0 own 1 merged 1 arcclosed 0 ph 3
CREW523 96 site mag slotfs 3 merged 3 won 0 n 4 of 203
CREW523 96 site budget slotfs 3 merged 3 won 0 n 4 of 204
CREW523 96 site spawn slotfs 3 merged 3 won 0 n 4 of 205
PH523 96 id 3 body 1 arc 2 orth 0 own 1 merged 1 arcclosed 0 ph 3
PH523 96 id 9 body 2 arc 1 orth 0 own 1 merged 1 arcclosed 0 ph 3
CREW523 97 site mag slotfs 3 merged 3 won 0 n 4 of 206
CREW523 97 site budget slotfs 3 merged 3 won 0 n 4 of 207
CREW523 97 site spawn slotfs 3 merged 3 won 0 n 4 of 208
PH523 97 id 3 body 1 arc 2 orth 0 own 1 merged 1 arcclosed 0 ph 3
PH523 97 id 9 body 2 arc 1 orth 2 own 0 merged 1 arcclosed 0 ph 3
SALT523 97 id 9 orth 2 own 0 union 1 n 12 ownN 33
SALT523 97 id 9 orth 2 own 0 union 1 n 13 ownN 33
CREW523 98 site mag slotfs 3 merged 3 won 0 n 4 of 209
CREW523 98 site budget slotfs 3 merged 3 won 0 n 4 of 210
CREW523 98 site spawn slotfs 3 merged 3 won 0 n 4 of 211
PH523 98 id 3 body 1 arc 2 orth 1 own 0 merged 1 arcclosed 0 ph 3
SALT523 98 id 3 orth 1 own 0 union 1 n 5 ownN 41
SALT523 98 id 3 orth 1 own 0 union 1 n 6 ownN 41
PH523 98 id 9 body 2 arc 1 orth 1 own 0 merged 1 arcclosed 0 ph 3
SALT523 98 id 9 orth 1 own 0 union 1 n 14 ownN 33
SALT523 98 id 9 orth 1 own 0 union 1 n 15 ownN 33
CREW523 99 site mag slotfs 3 merged 3 won 0 n 4 of 212
CREW523 99 site budget slotfs 3 merged 3 won 0 n 4 of 213
CREW523 99 site spawn slotfs 3 merged 3 won 0 n 4 of 214
PH523 99 id 3 body 1 arc 2 orth 1 own 0 merged 1 arcclosed 0 ph 3
SALT523 99 id 3 orth 1 own 0 union 1 n 7 ownN 41
SALT523 99 id 3 orth 1 own 0 union 1 n 8 ownN 41
PH523 99 id 9 body 2 arc 1 orth 1 own 0 merged 1 arcclosed 0 ph 3
SALT523 99 id 9 orth 1 own 0 union 1 n 16 ownN 33
SALT523 99 id 9 orth 1 own 0 union 1 n 17 ownN 33
CREW523 100 site mag slotfs 3 merged 3 won 0 n 4 of 215
CREW523 100 site budget slotfs 3 merged 3 won 0 n 4 of 216
CREW523 100 site spawn slotfs 3 merged 3 won 0 n 4 of 217
PH523 100 id 3 body 1 arc 2 orth 1 own 0 merged 1 arcclosed 0 ph 3
SALT523 100 id 3 orth 1 own 0 union 1 n 9 ownN 41
SALT523 100 id 3 orth 1 own 0 union 1 n 10 ownN 41
PH523 100 id 9 body 2 arc 1 orth 1 own 0 merged 1 arcclosed 0 ph 3
SALT523 100 id 9 orth 1 own 0 union 1 n 18 ownN 33
SALT523 100 id 9 orth 1 own 0 union 1 n 19 ownN 33
CREW523 101 site mag slotfs 3 merged 3 won 0 n 4 of 218
CREW523 101 site budget slotfs 3 merged 3 won 0 n 4 of 219
CREW523 101 site spawn slotfs 3 merged 3 won 0 n 4 of 220
PH523 101 id 3 body 1 arc 2 orth 1 own 0 merged 1 arcclosed 0 ph 3
SALT523 101 id 3 orth 1 own 0 union 1 n 11 ownN 41
SALT523 101 id 3 orth 1 own 0 union 1 n 12 ownN 41
PH523 101 id 9 body 2 arc 1 orth 1 own 0 merged 1 arcclosed 0 ph 3
SALT523 101 id 9 orth 1 own 0 union 1 n 20 ownN 33
SALT523 101 id 9 orth 1 own 0 union 1 n 21 ownN 33
CREW523 102 site mag slotfs 3 merged 3 won 0 n 4 of 221
CREW523 102 site budget slotfs 3 merged 3 won 0 n 4 of 222
CREW523 102 site spawn slotfs 3 merged 3 won 0 n 4 of 223
PH523 102 id 3 body 1 arc 2 orth 1 own 0 merged 1 arcclosed 0 ph 3
SALT523 102 id 3 orth 1 own 0 union 1 n 13 ownN 41
SALT523 102 id 3 orth 1 own 0 union 1 n 14 ownN 41
PH523 102 id 9 body 2 arc 1 orth 1 own 0 merged 1 arcclosed 0 ph 3
SALT523 102 id 9 orth 1 own 0 union 1 n 22 ownN 33
SALT523 102 id 9 orth 1 own 0 union 1 n 23 ownN 33
CREW523 103 site mag slotfs 3 merged 3 won 0 n 4 of 224
CREW523 103 site budget slotfs 3 merged 3 won 0 n 4 of 225
CREW523 103 site spawn slotfs 3 merged 3 won 0 n 4 of 226
PH523 103 id 3 body 1 arc 2 orth 1 own 0 merged 1 arcclosed 0 ph 3
SALT523 103 id 3 orth 1 own 0 union 1 n 15 ownN 41
SALT523 103 id 3 orth 1 own 0 union 1 n 16 ownN 41
PH523 103 id 9 body 2 arc 1 orth 1 own 0 merged 1 arcclosed 0 ph 3
SALT523 103 id 9 orth 1 own 0 union 1 n 24 ownN 33
SALT523 103 id 9 orth 1 own 0 union 1 n 25 ownN 33
CREW523 104 site mag slotfs 3 merged 3 won 0 n 4 of 227
CREW523 104 site budget slotfs 3 merged 3 won 0 n 4 of 228
CREW523 104 site spawn slotfs 3 merged 3 won 0 n 4 of 229
PH523 104 id 3 body 1 arc 2 orth 1 own 0 merged 1 arcclosed 0 ph 3
SALT523 104 id 3 orth 1 own 0 union 1 n 17 ownN 41
SALT523 104 id 3 orth 1 own 0 union 1 n 18 ownN 41
PH523 104 id 9 body 2 arc 1 orth 1 own 0 merged 1 arcclosed 0 ph 3
SALT523 104 id 9 orth 1 own 0 union 1 n 26 ownN 33
SALT523 104 id 9 orth 1 own 0 union 1 n 27 ownN 33
CREW523 105 site mag slotfs 3 merged 3 won 0 n 4 of 230
CREW523 105 site budget slotfs 3 merged 3 won 0 n 4 of 231
CREW523 105 site spawn slotfs 3 merged 3 won 0 n 4 of 232
PH523 105 id 3 body 1 arc 2 orth 1 own 0 merged 1 arcclosed 0 ph 3
SALT523 105 id 3 orth 1 own 0 union 1 n 19 ownN 41
SALT523 105 id 3 orth 1 own 0 union 1 n 20 ownN 41
PH523 105 id 9 body 2 arc 1 orth 1 own 0 merged 1 arcclosed 0 ph 3
SALT523 105 id 9 orth 1 own 0 union 1 n 28 ownN 33
SALT523 105 id 9 orth 1 own 0 union 1 n 29 ownN 33
CREW523 106 site mag slotfs 3 merged 3 won 0 n 4 of 233
CREW523 106 site budget slotfs 3 merged 3 won 0 n 4 of 234
CREW523 106 site spawn slotfs 3 merged 3 won 0 n 4 of 235
PH523 106 id 3 body 1 arc 2 orth 1 own 0 merged 1 arcclosed 0 ph 3
SALT523 106 id 3 orth 1 own 0 union 1 n 21 ownN 41
SALT523 106 id 3 orth 1 own 0 union 1 n 22 ownN 41
PH523 106 id 9 body 2 arc 1 orth 1 own 0 merged 1 arcclosed 0 ph 3
SALT523 106 id 9 orth 1 own 0 union 1 n 30 ownN 33
SALT523 106 id 9 orth 1 own 0 union 1 n 31 ownN 33
CREW523 107 site mag slotfs 3 merged 3 won 0 n 4 of 236
CREW523 107 site budget slotfs 3 merged 3 won 0 n 4 of 237
CREW523 107 site spawn slotfs 3 merged 3 won 0 n 4 of 238
PH523 107 id 3 body 1 arc 2 orth 1 own 0 merged 1 arcclosed 0 ph 3
SALT523 107 id 3 orth 1 own 0 union 1 n 23 ownN 41
SALT523 107 id 3 orth 1 own 0 union 1 n 24 ownN 41
PH523 107 id 9 body 2 arc 1 orth 1 own 0 merged 1 arcclosed 0 ph 3
SALT523 107 id 9 orth 1 own 0 union 1 n 32 ownN 33
SALT523 107 id 9 orth 1 own 0 union 1 n 33 ownN 33
CREW523 108 site mag slotfs 3 merged 3 won 0 n 4 of 239
CREW523 108 site budget slotfs 3 merged 3 won 0 n 4 of 240
CREW523 108 site spawn slotfs 3 merged 3 won 0 n 4 of 241
PH523 108 id 3 body 1 arc 2 orth 1 own 0 merged 1 arcclosed 0 ph 3
SALT523 108 id 3 orth 1 own 0 union 1 n 25 ownN 41
SALT523 108 id 3 orth 1 own 0 union 1 n 26 ownN 41
PH523 108 id 9 body 2 arc 1 orth 1 own 0 merged 1 arcclosed 0 ph 3
SALT523 108 id 9 orth 1 own 0 union 1 n 34 ownN 33
SALT523 108 id 9 orth 1 own 0 union 1 n 35 ownN 33
CREW523 109 site mag slotfs 3 merged 3 won 0 n 4 of 242
CREW523 109 site budget slotfs 3 merged 3 won 0 n 4 of 243
CREW523 109 site spawn slotfs 3 merged 3 won 0 n 4 of 244
PH523 109 id 3 body 1 arc 2 orth 1 own 0 merged 1 arcclosed 0 ph 3
SALT523 109 id 3 orth 1 own 0 union 1 n 27 ownN 41
SALT523 109 id 3 orth 1 own 0 union 1 n 28 ownN 41
PH523 109 id 9 body 2 arc 1 orth 1 own 0 merged 1 arcclosed 0 ph 3
SALT523 109 id 9 orth 1 own 0 union 1 n 36 ownN 33
SALT523 109 id 9 orth 1 own 0 union 1 n 37 ownN 33
CREW523 110 site mag slotfs 3 merged 3 won 0 n 4 of 245
CREW523 110 site budget slotfs 3 merged 3 won 0 n 4 of 246
CREW523 110 site spawn slotfs 3 merged 3 won 0 n 4 of 247
PH523 110 id 3 body 1 arc 2 orth 1 own 0 merged 1 arcclosed 0 ph 3
SALT523 110 id 3 orth 1 own 0 union 1 n 29 ownN 41
SALT523 110 id 3 orth 1 own 0 union 1 n 30 ownN 41
PH523 110 id 9 body 2 arc 1 orth 1 own 0 merged 1 arcclosed 0 ph 3
SALT523 110 id 9 orth 1 own 0 union 1 n 38 ownN 33
SALT523 110 id 9 orth 1 own 0 union 1 n 39 ownN 33
CREW523 111 site mag slotfs 3 merged 3 won 0 n 4 of 248
CREW523 111 site budget slotfs 3 merged 3 won 0 n 4 of 249
CREW523 111 site spawn slotfs 3 merged 3 won 0 n 4 of 250
PH523 111 id 3 body 1 arc 2 orth 2 own 0 merged 1 arcclosed 0 ph 3
SALT523 111 id 3 orth 2 own 0 union 1 n 31 ownN 41
SALT523 111 id 3 orth 2 own 0 union 1 n 32 ownN 41
PH523 111 id 9 body 2 arc 1 orth 2 own 0 merged 1 arcclosed 0 ph 3
SALT523 111 id 9 orth 2 own 0 union 1 n 40 ownN 33
SALT523 111 id 9 orth 2 own 0 union 1 n 41 ownN 33
CREW523 112 site mag slotfs 3 merged 3 won 0 n 4 of 251
CREW523 112 site budget slotfs 3 merged 3 won 0 n 4 of 252
CREW523 112 site spawn slotfs 3 merged 3 won 0 n 4 of 253
PH523 112 id 3 body 1 arc 2 orth 2 own 0 merged 1 arcclosed 0 ph 3
SALT523 112 id 3 orth 2 own 0 union 1 n 33 ownN 41
SALT523 112 id 3 orth 2 own 0 union 1 n 34 ownN 41
PH523 112 id 9 body 2 arc 1 orth 3 own 0 merged 1 arcclosed 0 ph 3
SALT523 112 id 9 orth 3 own 0 union 1 n 42 ownN 33
SALT523 112 id 9 orth 3 own 0 union 1 n 43 ownN 33
CREW523 113 site mag slotfs 3 merged 3 won 0 n 4 of 254
CREW523 113 site budget slotfs 3 merged 3 won 0 n 4 of 255
CREW523 113 site spawn slotfs 3 merged 3 won 0 n 4 of 256
PH523 113 id 3 body 1 arc 2 orth 4 own 0 merged 1 arcclosed 0 ph 3
SALT523 113 id 3 orth 4 own 0 union 1 n 35 ownN 41
SALT523 113 id 3 orth 4 own 0 union 1 n 36 ownN 41
PH523 113 id 9 body 2 arc 1 orth 2 own 0 merged 1 arcclosed 0 ph 3
SALT523 113 id 9 orth 2 own 0 union 1 n 44 ownN 33
SALT523 113 id 9 orth 2 own 0 union 1 n 45 ownN 33
CREW523 114 site mag slotfs 3 merged 3 won 0 n 4 of 257
CREW523 114 site budget slotfs 3 merged 3 won 0 n 4 of 258
CREW523 114 site spawn slotfs 3 merged 3 won 0 n 4 of 259
PH523 114 id 3 body 1 arc 2 orth 4 own 0 merged 1 arcclosed 0 ph 3
SALT523 114 id 3 orth 4 own 0 union 1 n 37 ownN 41
SALT523 114 id 3 orth 4 own 0 union 1 n 38 ownN 41
PH523 114 id 9 body 2 arc 1 orth 2 own 0 merged 1 arcclosed 0 ph 3
SALT523 114 id 9 orth 2 own 0 union 1 n 46 ownN 33
SALT523 114 id 9 orth 2 own 0 union 1 n 47 ownN 33
CREW523 115 site mag slotfs 3 merged 3 won 0 n 4 of 260
CREW523 115 site budget slotfs 3 merged 3 won 0 n 4 of 261
CREW523 115 site spawn slotfs 3 merged 3 won 0 n 4 of 262
PH523 115 id 3 body 1 arc 2 orth 3 own 0 merged 1 arcclosed 0 ph 3
SALT523 115 id 3 orth 3 own 0 union 1 n 39 ownN 41
SALT523 115 id 3 orth 3 own 0 union 1 n 40 ownN 41
PH523 115 id 9 body 2 arc 1 orth 2 own 0 merged 1 arcclosed 0 ph 3
SALT523 115 id 9 orth 2 own 0 union 1 n 48 ownN 33
SALT523 115 id 9 orth 2 own 0 union 1 n 49 ownN 33
CREW523 116 site mag slotfs 3 merged 3 won 0 n 4 of 263
CREW523 116 site budget slotfs 3 merged 3 won 0 n 4 of 264
CREW523 116 site spawn slotfs 3 merged 3 won 0 n 4 of 265
PH523 116 id 3 body 1 arc 2 orth 4 own 0 merged 1 arcclosed 0 ph 3
SALT523 116 id 3 orth 4 own 0 union 1 n 41 ownN 41
SALT523 116 id 3 orth 4 own 0 union 1 n 42 ownN 41
PH523 116 id 9 body 2 arc 1 orth 2 own 0 merged 1 arcclosed 0 ph 3
SALT523 116 id 9 orth 2 own 0 union 1 n 50 ownN 33
SALT523 116 id 9 orth 2 own 0 union 1 n 51 ownN 33
CREW523 117 site mag slotfs 3 merged 3 won 0 n 4 of 266
CREW523 117 site budget slotfs 3 merged 3 won 0 n 4 of 267
CREW523 117 site spawn slotfs 3 merged 3 won 0 n 4 of 268
PH523 117 id 3 body 1 arc 2 orth 3 own 0 merged 1 arcclosed 0 ph 3
SALT523 117 id 3 orth 3 own 0 union 1 n 43 ownN 41
SALT523 117 id 3 orth 3 own 0 union 1 n 44 ownN 41
PH523 117 id 9 body 2 arc 1 orth 2 own 0 merged 1 arcclosed 0 ph 3
SALT523 117 id 9 orth 2 own 0 union 1 n 52 ownN 33
SALT523 117 id 9 orth 2 own 0 union 1 n 53 ownN 33
CREW523 118 site mag slotfs 3 merged 3 won 0 n 4 of 269
CREW523 118 site budget slotfs 3 merged 3 won 0 n 4 of 270
CREW523 118 site spawn slotfs 3 merged 3 won 0 n 4 of 271
PH523 118 id 3 body 1 arc 2 orth 4 own 0 merged 1 arcclosed 0 ph 3
SALT523 118 id 3 orth 4 own 0 union 1 n 45 ownN 41
SALT523 118 id 3 orth 4 own 0 union 1 n 46 ownN 41
PH523 118 id 9 body 2 arc 1 orth 2 own 0 merged 1 arcclosed 0 ph 3
SALT523 118 id 9 orth 2 own 0 union 1 n 54 ownN 33
SALT523 118 id 9 orth 2 own 0 union 1 n 55 ownN 33
CREW523 119 site mag slotfs 3 merged 3 won 0 n 4 of 272
CREW523 119 site budget slotfs 3 merged 3 won 0 n 4 of 273
CREW523 119 site spawn slotfs 3 merged 3 won 0 n 4 of 274
PH523 119 id 3 body 1 arc 2 orth 4 own 0 merged 1 arcclosed 0 ph 3
SALT523 119 id 3 orth 4 own 0 union 1 n 47 ownN 41
SALT523 119 id 3 orth 4 own 0 union 1 n 48 ownN 41
PH523 119 id 9 body 2 arc 1 orth 2 own 0 merged 1 arcclosed 0 ph 3
SALT523 119 id 9 orth 2 own 0 union 1 n 56 ownN 33
SALT523 119 id 9 orth 2 own 0 union 1 n 57 ownN 33
CREW523 120 site mag slotfs 3 merged 3 won 0 n 4 of 275
CREW523 120 site budget slotfs 3 merged 3 won 0 n 4 of 276
CREW523 120 site spawn slotfs 3 merged 3 won 0 n 4 of 277
PH523 120 id 3 body 1 arc 2 orth 4 own 0 merged 1 arcclosed 0 ph 3
SALT523 120 id 3 orth 4 own 0 union 1 n 49 ownN 41
SALT523 120 id 3 orth 4 own 0 union 1 n 50 ownN 41
PH523 120 id 9 body 2 arc 1 orth 2 own 0 merged 1 arcclosed 0 ph 3
SALT523 120 id 9 orth 2 own 0 union 1 n 58 ownN 33
SALT523 120 id 9 orth 2 own 0 union 1 n 59 ownN 33
CREW523 121 site mag slotfs 3 merged 3 won 0 n 4 of 278
CREW523 121 site budget slotfs 3 merged 3 won 0 n 4 of 279
CREW523 121 site spawn slotfs 3 merged 3 won 0 n 4 of 280
PH523 121 id 3 body 1 arc 2 orth 4 own 0 merged 1 arcclosed 0 ph 3
SALT523 121 id 3 orth 4 own 0 union 1 n 51 ownN 41
SALT523 121 id 3 orth 4 own 0 union 1 n 52 ownN 41
PH523 121 id 9 body 2 arc 1 orth 2 own 0 merged 1 arcclosed 0 ph 3
SALT523 121 id 9 orth 2 own 0 union 1 n 60 ownN 33
SALT523 121 id 9 orth 2 own 0 union 1 n 61 ownN 33
CREW523 122 site mag slotfs 3 merged 3 won 0 n 4 of 281
CREW523 122 site budget slotfs 3 merged 3 won 0 n 4 of 282
CREW523 122 site spawn slotfs 3 merged 3 won 0 n 4 of 283
PH523 122 id 3 body 1 arc 2 orth 4 own 0 merged 1 arcclosed 0 ph 3
SALT523 122 id 3 orth 4 own 0 union 1 n 53 ownN 41
SALT523 122 id 3 orth 4 own 0 union 1 n 54 ownN 41
PH523 122 id 9 body 2 arc 1 orth 2 own 0 merged 1 arcclosed 0 ph 3
SALT523 122 id 9 orth 2 own 0 union 1 n 62 ownN 33
SALT523 122 id 9 orth 2 own 0 union 1 n 63 ownN 33
CREW523 123 site mag slotfs 3 merged 3 won 0 n 4 of 284
CREW523 123 site budget slotfs 3 merged 3 won 0 n 4 of 285
CREW523 123 site spawn slotfs 3 merged 3 won 0 n 4 of 286
PH523 123 id 3 body 1 arc 2 orth 3 own 0 merged 1 arcclosed 0 ph 3
SALT523 123 id 3 orth 3 own 0 union 1 n 55 ownN 41
SALT523 123 id 3 orth 3 own 0 union 1 n 56 ownN 41
PH523 123 id 9 body 2 arc 1 orth 2 own 0 merged 1 arcclosed 0 ph 3
SALT523 123 id 9 orth 2 own 0 union 1 n 64 ownN 33
SALT523 123 id 9 orth 2 own 0 union 1 n 65 ownN 33
CREW523 124 site mag slotfs 3 merged 3 won 0 n 4 of 287
CREW523 124 site budget slotfs 3 merged 3 won 0 n 4 of 288
CREW523 124 site spawn slotfs 3 merged 3 won 0 n 4 of 289
PH523 124 id 3 body 1 arc 2 orth 4 own 0 merged 1 arcclosed 0 ph 3
SALT523 124 id 3 orth 4 own 0 union 1 n 57 ownN 41
SALT523 124 id 3 orth 4 own 0 union 1 n 58 ownN 41
PH523 124 id 9 body 2 arc 1 orth 2 own 0 merged 1 arcclosed 0 ph 3
SALT523 124 id 9 orth 2 own 0 union 1 n 66 ownN 33
SALT523 124 id 9 orth 2 own 0 union 1 n 67 ownN 33
CREW523 125 site mag slotfs 3 merged 3 won 0 n 4 of 290
CREW523 125 site budget slotfs 3 merged 3 won 0 n 4 of 291
CREW523 125 site spawn slotfs 3 merged 3 won 0 n 4 of 292
PH523 125 id 3 body 1 arc 2 orth 4 own 0 merged 1 arcclosed 0 ph 3
SALT523 125 id 3 orth 4 own 0 union 1 n 59 ownN 41
SALT523 125 id 3 orth 4 own 0 union 1 n 60 ownN 41
PH523 125 id 9 body 2 arc 1 orth 2 own 0 merged 1 arcclosed 0 ph 3
SALT523 125 id 9 orth 2 own 0 union 1 n 68 ownN 33
SALT523 125 id 9 orth 2 own 0 union 1 n 69 ownN 33
CREW523 126 site mag slotfs 3 merged 3 won 0 n 4 of 293
CREW523 126 site budget slotfs 3 merged 3 won 0 n 4 of 294
CREW523 126 site spawn slotfs 3 merged 3 won 0 n 4 of 295
PH523 126 id 3 body 1 arc 2 orth 4 own 0 merged 1 arcclosed 0 ph 3
SALT523 126 id 3 orth 4 own 0 union 1 n 61 ownN 41
SALT523 126 id 3 orth 4 own 0 union 1 n 62 ownN 41
PH523 126 id 9 body 2 arc 1 orth 2 own 0 merged 1 arcclosed 0 ph 3
SALT523 126 id 9 orth 2 own 0 union 1 n 70 ownN 33
SALT523 126 id 9 orth 2 own 0 union 1 n 71 ownN 33
CREW523 127 site mag slotfs 3 merged 3 won 0 n 4 of 296
CREW523 127 site budget slotfs 3 merged 3 won 0 n 4 of 297
CREW523 127 site spawn slotfs 3 merged 3 won 0 n 4 of 298
PH523 127 id 3 body 1 arc 2 orth 4 own 0 merged 1 arcclosed 0 ph 3
SALT523 127 id 3 orth 4 own 0 union 1 n 63 ownN 41
SALT523 127 id 3 orth 4 own 0 union 1 n 64 ownN 41
PH523 127 id 9 body 2 arc 1 orth 2 own 0 merged 1 arcclosed 0 ph 3
SALT523 127 id 9 orth 2 own 0 union 1 n 72 ownN 33
SALT523 127 id 9 orth 2 own 0 union 1 n 73 ownN 33
CREW523 128 site mag slotfs 3 merged 3 won 0 n 4 of 299
CREW523 128 site budget slotfs 3 merged 3 won 0 n 4 of 300
CREW523 128 site spawn slotfs 3 merged 3 won 0 n 4 of 301
PH523 128 id 3 body 1 arc 2 orth 4 own 0 merged 1 arcclosed 0 ph 3
SALT523 128 id 3 orth 4 own 0 union 1 n 65 ownN 41
SALT523 128 id 3 orth 4 own 0 union 1 n 66 ownN 41
PH523 128 id 9 body 2 arc 1 orth 2 own 0 merged 1 arcclosed 0 ph 3
SALT523 128 id 9 orth 2 own 0 union 1 n 74 ownN 33
SALT523 128 id 9 orth 2 own 0 union 1 n 75 ownN 33
CREW523 129 site mag slotfs 3 merged 3 won 0 n 4 of 302
CREW523 129 site budget slotfs 3 merged 3 won 0 n 4 of 303
CREW523 129 site spawn slotfs 3 merged 3 won 0 n 4 of 304
PH523 129 id 3 body 1 arc 2 orth 4 own 0 merged 1 arcclosed 0 ph 3
SALT523 129 id 3 orth 4 own 0 union 1 n 67 ownN 41
SALT523 129 id 3 orth 4 own 0 union 1 n 68 ownN 41
PH523 129 id 9 body 2 arc 1 orth 2 own 0 merged 1 arcclosed 0 ph 3
SALT523 129 id 9 orth 2 own 0 union 1 n 76 ownN 33
SALT523 129 id 9 orth 2 own 0 union 1 n 77 ownN 33
CREW523 130 site mag slotfs 3 merged 3 won 0 n 4 of 305
CREW523 130 site budget slotfs 3 merged 3 won 0 n 4 of 306
CREW523 130 site spawn slotfs 3 merged 3 won 0 n 4 of 307
PH523 130 id 3 body 1 arc 2 orth 4 own 0 merged 1 arcclosed 0 ph 3
SALT523 130 id 3 orth 4 own 0 union 1 n 69 ownN 41
SALT523 130 id 3 orth 4 own 0 union 1 n 70 ownN 41
PH523 130 id 9 body 2 arc 1 orth 4 own 0 merged 1 arcclosed 0 ph 3
SALT523 130 id 9 orth 4 own 0 union 1 n 78 ownN 33
SALT523 130 id 9 orth 4 own 0 union 1 n 79 ownN 33
CREW523 131 site mag slotfs 3 merged 3 won 0 n 4 of 308
CREW523 131 site budget slotfs 3 merged 3 won 0 n 4 of 309
CREW523 131 site spawn slotfs 3 merged 3 won 0 n 4 of 310
PH523 131 id 3 body 1 arc 2 orth 4 own 0 merged 1 arcclosed 0 ph 3
SALT523 131 id 3 orth 4 own 0 union 1 n 71 ownN 41
SALT523 131 id 3 orth 4 own 0 union 1 n 72 ownN 41
PH523 131 id 9 body 2 arc 1 orth 2 own 0 merged 1 arcclosed 0 ph 3
SALT523 131 id 9 orth 2 own 0 union 1 n 80 ownN 33
SALT523 131 id 9 orth 2 own 0 union 1 n 81 ownN 33
CREW523 132 site mag slotfs 3 merged 3 won 0 n 4 of 311
CREW523 132 site budget slotfs 3 merged 3 won 0 n 4 of 312
CREW523 132 site spawn slotfs 3 merged 3 won 0 n 4 of 313
PH523 132 id 3 body 1 arc 2 orth 6 own 0 merged 1 arcclosed 0 ph 3
SALT523 132 id 3 orth 6 own 0 union 1 n 73 ownN 41
SALT523 132 id 3 orth 6 own 0 union 1 n 74 ownN 41
PH523 132 id 9 body 2 arc 1 orth 4 own 0 merged 1 arcclosed 0 ph 3
SALT523 132 id 9 orth 4 own 0 union 1 n 82 ownN 33
SALT523 132 id 9 orth 4 own 0 union 1 n 83 ownN 33
CREW523 133 site mag slotfs 3 merged 3 won 0 n 4 of 314
CREW523 133 site budget slotfs 3 merged 3 won 0 n 4 of 315
CREW523 133 site spawn slotfs 3 merged 3 won 0 n 4 of 316
PH523 133 id 3 body 1 arc 2 orth 5 own 0 merged 1 arcclosed 0 ph 3
SALT523 133 id 3 orth 5 own 0 union 1 n 75 ownN 41
SALT523 133 id 3 orth 5 own 0 union 1 n 76 ownN 41
PH523 133 id 9 body 2 arc 1 orth 2 own 0 merged 1 arcclosed 0 ph 3
SALT523 133 id 9 orth 2 own 0 union 1 n 84 ownN 33
SALT523 133 id 9 orth 2 own 0 union 1 n 85 ownN 33
CREW523 134 site mag slotfs 3 merged 3 won 0 n 4 of 317
CREW523 134 site budget slotfs 3 merged 3 won 0 n 4 of 318
CREW523 134 site spawn slotfs 3 merged 3 won 0 n 4 of 319
PH523 134 id 3 body 1 arc 2 orth 5 own 0 merged 1 arcclosed 0 ph 3
SALT523 134 id 3 orth 5 own 0 union 1 n 77 ownN 41
SALT523 134 id 3 orth 5 own 0 union 1 n 78 ownN 41
PH523 134 id 9 body 2 arc 1 orth 4 own 0 merged 1 arcclosed 0 ph 3
SALT523 134 id 9 orth 4 own 0 union 1 n 86 ownN 33
SALT523 134 id 9 orth 4 own 0 union 1 n 87 ownN 33
CREW523 135 site mag slotfs 3 merged 3 won 0 n 4 of 320
CREW523 135 site budget slotfs 3 merged 3 won 0 n 4 of 321
CREW523 135 site spawn slotfs 3 merged 3 won 0 n 4 of 322
PH523 135 id 3 body 1 arc 2 orth 3 own 0 merged 1 arcclosed 0 ph 3
SALT523 135 id 3 orth 3 own 0 union 1 n 79 ownN 41
SALT523 135 id 3 orth 3 own 0 union 1 n 80 ownN 41
PH523 135 id 9 body 2 arc 1 orth 2 own 0 merged 1 arcclosed 0 ph 3
SALT523 135 id 9 orth 2 own 0 union 1 n 88 ownN 33
SALT523 135 id 9 orth 2 own 0 union 1 n 89 ownN 33
CREW523 136 site mag slotfs 3 merged 3 won 0 n 4 of 323
CREW523 136 site budget slotfs 3 merged 3 won 0 n 4 of 324
CREW523 136 site spawn slotfs 3 merged 3 won 0 n 4 of 325
PH523 136 id 3 body 1 arc 2 orth 2 own 0 merged 1 arcclosed 0 ph 3
SALT523 136 id 3 orth 2 own 0 union 1 n 81 ownN 41
SALT523 136 id 3 orth 2 own 0 union 1 n 82 ownN 41
PH523 136 id 9 body 2 arc 1 orth 4 own 0 merged 1 arcclosed 0 ph 3
SALT523 136 id 9 orth 4 own 0 union 1 n 90 ownN 33
CREW523 137 site mag slotfs 3 merged 3 won 0 n 4 of 326
CREW523 137 site budget slotfs 3 merged 3 won 0 n 4 of 327
CREW523 137 site spawn slotfs 3 merged 3 won 0 n 4 of 328
PH523 137 id 3 body 1 arc 2 orth 2 own 0 merged 1 arcclosed 0 ph 3
SALT523 137 id 3 orth 2 own 0 union 1 n 83 ownN 41
SALT523 137 id 3 orth 2 own 0 union 1 n 84 ownN 41
PH523 137 id 9 body 2 arc 1 orth 4 own 0 merged 1 arcclosed 0 ph 3
SALT523 137 id 9 orth 4 own 0 union 1 n 91 ownN 33
SALT523 137 id 9 orth 4 own 0 union 1 n 92 ownN 33
CREW523 138 site mag slotfs 3 merged 3 won 0 n 4 of 329
CREW523 138 site budget slotfs 3 merged 3 won 0 n 4 of 330
CREW523 138 site spawn slotfs 3 merged 3 won 0 n 4 of 331
PH523 138 id 3 body 1 arc 2 orth 2 own 0 merged 1 arcclosed 0 ph 3
SALT523 138 id 3 orth 2 own 0 union 1 n 85 ownN 41
SALT523 138 id 3 orth 2 own 0 union 1 n 86 ownN 41
PH523 138 id 9 body 2 arc 1 orth 2 own 0 merged 1 arcclosed 0 ph 3
SALT523 138 id 9 orth 2 own 0 union 1 n 93 ownN 33
SALT523 138 id 9 orth 2 own 0 union 1 n 94 ownN 33
CREW523 139 site mag slotfs 3 merged 3 won 0 n 4 of 332
CREW523 139 site budget slotfs 3 merged 3 won 0 n 4 of 333
CREW523 139 site spawn slotfs 3 merged 3 won 0 n 4 of 334
PH523 139 id 3 body 1 arc 2 orth 2 own 0 merged 1 arcclosed 0 ph 3
SALT523 139 id 3 orth 2 own 0 union 1 n 87 ownN 41
SALT523 139 id 3 orth 2 own 0 union 1 n 88 ownN 41
PH523 139 id 9 body 2 arc 1 orth 2 own 0 merged 1 arcclosed 0 ph 3
SALT523 139 id 9 orth 2 own 0 union 1 n 95 ownN 33
SALT523 139 id 9 orth 2 own 0 union 1 n 96 ownN 33
CREW523 140 site mag slotfs 3 merged 3 won 0 n 4 of 335
CREW523 140 site budget slotfs 3 merged 3 won 0 n 4 of 336
CREW523 140 site spawn slotfs 3 merged 3 won 0 n 4 of 337
PH523 140 id 3 body 1 arc 2 orth 2 own 0 merged 1 arcclosed 0 ph 3
SALT523 140 id 3 orth 2 own 0 union 1 n 89 ownN 41
SALT523 140 id 3 orth 2 own 0 union 1 n 90 ownN 41
PH523 140 id 9 body 2 arc 1 orth 4 own 0 merged 1 arcclosed 0 ph 3
SALT523 140 id 9 orth 4 own 0 union 1 n 97 ownN 33
SALT523 140 id 9 orth 4 own 0 union 1 n 98 ownN 33
CREW523 141 site mag slotfs 3 merged 3 won 0 n 4 of 338
CREW523 141 site budget slotfs 3 merged 3 won 0 n 4 of 339
CREW523 141 site spawn slotfs 3 merged 3 won 0 n 4 of 340
PH523 141 id 3 body 1 arc 2 orth 2 own 0 merged 1 arcclosed 0 ph 3
SALT523 141 id 3 orth 2 own 0 union 1 n 91 ownN 41
SALT523 141 id 3 orth 2 own 0 union 1 n 92 ownN 41
PH523 141 id 9 body 2 arc 1 orth 2 own 0 merged 1 arcclosed 0 ph 3
SALT523 141 id 9 orth 2 own 0 union 1 n 99 ownN 33
SALT523 141 id 9 orth 2 own 0 union 1 n 100 ownN 33
CREW523 142 site mag slotfs 3 merged 3 won 0 n 4 of 341
CREW523 142 site budget slotfs 3 merged 3 won 0 n 4 of 342
CREW523 142 site spawn slotfs 3 merged 3 won 0 n 4 of 343
PH523 142 id 3 body 1 arc 2 orth 2 own 0 merged 1 arcclosed 0 ph 3
SALT523 142 id 3 orth 2 own 0 union 1 n 93 ownN 41
SALT523 142 id 3 orth 2 own 0 union 1 n 94 ownN 41
PH523 142 id 9 body 2 arc 1 orth 4 own 0 merged 1 arcclosed 0 ph 3
SALT523 142 id 9 orth 4 own 0 union 1 n 101 ownN 33
SALT523 142 id 9 orth 4 own 0 union 1 n 102 ownN 33
CREW523 143 site mag slotfs 3 merged 3 won 0 n 4 of 344
CREW523 143 site budget slotfs 3 merged 3 won 0 n 4 of 345
CREW523 143 site spawn slotfs 3 merged 3 won 0 n 4 of 346
PH523 143 id 3 body 1 arc 2 orth 2 own 0 merged 1 arcclosed 0 ph 3
SALT523 143 id 3 orth 2 own 0 union 1 n 95 ownN 41
SALT523 143 id 3 orth 2 own 0 union 1 n 96 ownN 41
PH523 143 id 9 body 2 arc 1 orth 6 own 0 merged 1 arcclosed 0 ph 3
SALT523 143 id 9 orth 6 own 0 union 1 n 103 ownN 33
SALT523 143 id 9 orth 6 own 0 union 1 n 104 ownN 33
CREW523 144 site mag slotfs 3 merged 3 won 0 n 4 of 347
CREW523 144 site budget slotfs 3 merged 3 won 0 n 4 of 348
CREW523 144 site spawn slotfs 3 merged 3 won 0 n 4 of 349
PH523 144 id 3 body 1 arc 2 orth 2 own 0 merged 1 arcclosed 0 ph 3
SALT523 144 id 3 orth 2 own 0 union 1 n 97 ownN 41
SALT523 144 id 3 orth 2 own 0 union 1 n 98 ownN 41
PH523 144 id 9 body 2 arc 1 orth 5 own 0 merged 1 arcclosed 0 ph 3
SALT523 144 id 9 orth 5 own 0 union 1 n 105 ownN 33
SALT523 144 id 9 orth 5 own 0 union 1 n 106 ownN 33
CREW523 145 site mag slotfs 3 merged 3 won 0 n 4 of 350
CREW523 145 site budget slotfs 3 merged 3 won 0 n 4 of 351
CREW523 145 site spawn slotfs 3 merged 3 won 0 n 4 of 352
PH523 145 id 3 body 1 arc 2 orth 2 own 0 merged 1 arcclosed 0 ph 3
SALT523 145 id 3 orth 2 own 0 union 1 n 99 ownN 41
SALT523 145 id 3 orth 2 own 0 union 1 n 100 ownN 41
PH523 145 id 9 body 2 arc 1 orth 4 own 0 merged 1 arcclosed 0 ph 3
SALT523 145 id 9 orth 4 own 0 union 1 n 107 ownN 33
SALT523 145 id 9 orth 4 own 0 union 1 n 108 ownN 33
CREW523 146 site mag slotfs 3 merged 3 won 0 n 4 of 353
CREW523 146 site budget slotfs 3 merged 3 won 0 n 4 of 354
CREW523 146 site spawn slotfs 3 merged 3 won 0 n 4 of 355
PH523 146 id 3 body 1 arc 2 orth 2 own 0 merged 1 arcclosed 0 ph 3
PH523 146 id 9 body 2 arc 1 orth 2 own 0 merged 1 arcclosed 0 ph 3
SALT523 146 id 9 orth 2 own 0 union 1 n 109 ownN 33
CREW523 147 site mag slotfs 3 merged 3 won 0 n 4 of 356
CREW523 147 site budget slotfs 3 merged 3 won 0 n 4 of 357
CREW523 147 site spawn slotfs 3 merged 3 won 0 n 4 of 358
PH523 147 id 3 body 1 arc 2 orth 1 own 0 merged 1 arcclosed 0 ph 3
SALT523 147 id 3 orth 1 own 0 union 1 n 101 ownN 41
SALT523 147 id 3 orth 1 own 0 union 1 n 102 ownN 41
PH523 147 id 9 body 2 arc 1 orth 1 own 0 merged 1 arcclosed 0 ph 3
CREW523 148 site mag slotfs 3 merged 3 won 0 n 4 of 359
CREW523 148 site budget slotfs 3 merged 3 won 0 n 4 of 360
CREW523 148 site spawn slotfs 3 merged 3 won 0 n 4 of 361
PH523 148 id 3 body 1 arc 2 orth 1 own 0 merged 1 arcclosed 0 ph 3
PH523 148 id 9 body 2 arc 1 orth 3 own 0 merged 1 arcclosed 0 ph 3
SALT523 148 id 9 orth 3 own 0 union 1 n 110 ownN 33
SALT523 148 id 9 orth 3 own 0 union 1 n 111 ownN 33
CREW523 149 site mag slotfs 3 merged 3 won 0 n 4 of 362
CREW523 149 site budget slotfs 3 merged 3 won 0 n 4 of 363
CREW523 149 site spawn slotfs 3 merged 3 won 0 n 4 of 364
PH523 149 id 3 body 1 arc 2 orth 1 own 0 merged 1 arcclosed 0 ph 3
SALT523 149 id 3 orth 1 own 0 union 1 n 103 ownN 41
SALT523 149 id 3 orth 1 own 0 union 1 n 104 ownN 41
PH523 149 id 9 body 2 arc 1 orth 4 own 0 merged 1 arcclosed 0 ph 3
SALT523 149 id 9 orth 4 own 0 union 1 n 112 ownN 33
SALT523 149 id 9 orth 4 own 0 union 1 n 113 ownN 33
CREW523 150 site mag slotfs 3 merged 3 won 0 n 4 of 365
CREW523 150 site budget slotfs 3 merged 3 won 0 n 4 of 366
CREW523 150 site spawn slotfs 3 merged 3 won 0 n 4 of 367
PH523 150 id 3 body 1 arc 2 orth 1 own 0 merged 1 arcclosed 0 ph 3
PH523 150 id 9 body 2 arc 1 orth 5 own 0 merged 1 arcclosed 0 ph 3
SALT523 150 id 9 orth 5 own 0 union 1 n 114 ownN 33
SALT523 150 id 9 orth 5 own 0 union 1 n 115 ownN 33
CREW523 151 site mag slotfs 3 merged 3 won 0 n 4 of 368
CREW523 151 site budget slotfs 3 merged 3 won 0 n 4 of 369
CREW523 151 site spawn slotfs 3 merged 3 won 0 n 4 of 370
PH523 151 id 3 body 1 arc 2 orth 1 own 0 merged 1 arcclosed 0 ph 3
SALT523 151 id 3 orth 1 own 0 union 1 n 105 ownN 41
SALT523 151 id 3 orth 1 own 0 union 1 n 106 ownN 41
PH523 151 id 9 body 2 arc 1 orth 3 own 0 merged 1 arcclosed 0 ph 3
CREW523 152 site mag slotfs 3 merged 3 won 0 n 4 of 371
CREW523 152 site budget slotfs 3 merged 3 won 0 n 4 of 372
CREW523 152 site spawn slotfs 3 merged 3 won 0 n 4 of 373
PH523 152 id 3 body 1 arc 2 orth 1 own 0 merged 1 arcclosed 0 ph 3
SALT523 152 id 3 orth 1 own 0 union 1 n 107 ownN 41
SALT523 152 id 3 orth 1 own 0 union 1 n 108 ownN 41
PH523 152 id 9 body 2 arc 1 orth 1 own 0 merged 1 arcclosed 0 ph 3
SALT523 152 id 9 orth 1 own 0 union 1 n 116 ownN 33
SALT523 152 id 9 orth 1 own 0 union 1 n 117 ownN 33
CREW523 153 site mag slotfs 3 merged 3 won 0 n 4 of 374
CREW523 153 site budget slotfs 3 merged 3 won 0 n 4 of 375
CREW523 153 site spawn slotfs 3 merged 3 won 0 n 4 of 376
PH523 153 id 3 body 1 arc 2 orth 1 own 0 merged 1 arcclosed 0 ph 3
SALT523 153 id 3 orth 1 own 0 union 1 n 109 ownN 41
SALT523 153 id 3 orth 1 own 0 union 1 n 110 ownN 41
PH523 153 id 9 body 2 arc 1 orth 1 own 0 merged 1 arcclosed 0 ph 3
SALT523 153 id 9 orth 1 own 0 union 1 n 118 ownN 33
SALT523 153 id 9 orth 1 own 0 union 1 n 119 ownN 33
CREW523 154 site mag slotfs 3 merged 3 won 0 n 4 of 377
CREW523 154 site budget slotfs 3 merged 3 won 0 n 4 of 378
CREW523 154 site spawn slotfs 3 merged 3 won 0 n 4 of 379
PH523 154 id 3 body 1 arc 2 orth 1 own 0 merged 1 arcclosed 0 ph 3
SALT523 154 id 3 orth 1 own 0 union 1 n 111 ownN 41
PH523 154 id 9 body 2 arc 1 orth 0 own 1 merged 1 arcclosed 0 ph 3
CREW523 155 site mag slotfs 3 merged 3 won 0 n 4 of 380
CREW523 155 site budget slotfs 3 merged 3 won 0 n 4 of 381
CREW523 155 site spawn slotfs 3 merged 3 won 0 n 4 of 382
PH523 155 id 3 body 1 arc 2 orth 0 own 1 merged 1 arcclosed 0 ph 3
PH523 155 id 9 body 2 arc 1 orth 0 own 1 merged 1 arcclosed 0 ph 3
CREW523 156 site mag slotfs 3 merged 3 won 0 n 4 of 383
CREW523 156 site budget slotfs 3 merged 3 won 0 n 4 of 384
CREW523 156 site spawn slotfs 3 merged 3 won 0 n 4 of 385
PH523 156 id 3 body 1 arc 2 orth 0 own 1 merged 1 arcclosed 0 ph 3
PH523 156 id 9 body 2 arc 1 orth 0 own 1 merged 1 arcclosed 0 ph 3
CREW523 157 site mag slotfs 3 merged 3 won 0 n 4 of 386
CREW523 157 site budget slotfs 3 merged 3 won 0 n 4 of 387
CREW523 157 site spawn slotfs 3 merged 3 won 0 n 4 of 388
PH523 157 id 3 body 1 arc 2 orth 0 own 1 merged 1 arcclosed 0 ph 3
PH523 157 id 9 body 2 arc 1 orth 0 own 1 merged 1 arcclosed 0 ph 3
CREW523 158 site mag slotfs 3 merged 3 won 0 n 4 of 389
CREW523 158 site budget slotfs 3 merged 3 won 0 n 4 of 390
CREW523 158 site spawn slotfs 3 merged 3 won 0 n 4 of 391
PH523 158 id 3 body 1 arc 2 orth 0 own 1 merged 1 arcclosed 0 ph 3
PH523 158 id 9 body 2 arc 1 orth 0 own 1 merged 1 arcclosed 0 ph 3
CREW523 159 site mag slotfs 3 merged 3 won 0 n 4 of 392
CREW523 159 site budget slotfs 3 merged 3 won 0 n 4 of 393
CREW523 159 site spawn slotfs 3 merged 3 won 0 n 4 of 394
PH523 159 id 3 body 1 arc 2 orth 0 own 1 merged 1 arcclosed 0 ph 3
PH523 159 id 9 body 2 arc 1 orth 0 own 1 merged 1 arcclosed 0 ph 3
CREW523 160 site mag slotfs 3 merged 3 won 0 n 4 of 395
CREW523 160 site budget slotfs 3 merged 3 won 0 n 4 of 396
CREW523 160 site spawn slotfs 3 merged 3 won 0 n 4 of 397
PH523 160 id 3 body 1 arc 2 orth 0 own 1 merged 1 arcclosed 0 ph 3
PH523 160 id 9 body 2 arc 1 orth 0 own 1 merged 1 arcclosed 0 ph 3
CREW523 161 site mag slotfs 3 merged 3 won 0 n 4 of 398
CREW523 161 site budget slotfs 3 merged 3 won 0 n 4 of 399
CREW523 161 site spawn slotfs 3 merged 3 won 0 n 4 of 400
PH523 161 id 3 body 1 arc 2 orth 0 own 1 merged 1 arcclosed 0 ph 3
PH523 161 id 9 body 2 arc 1 orth 0 own 1 merged 1 arcclosed 0 ph 3
CREW523 162 site mag slotfs 3 merged 3 won 0 n 4 of 401
CREW523 162 site budget slotfs 3 merged 3 won 0 n 4 of 402
CREW523 162 site spawn slotfs 3 merged 3 won 0 n 4 of 403
PH523 162 id 3 body 1 arc 2 orth 0 own 1 merged 1 arcclosed 0 ph 3
PH523 162 id 9 body 2 arc 1 orth 0 own 1 merged 1 arcclosed 0 ph 3
CREW523 163 site mag slotfs 3 merged 3 won 0 n 4 of 404
CREW523 163 site budget slotfs 3 merged 3 won 0 n 4 of 405
CREW523 163 site spawn slotfs 3 merged 3 won 0 n 4 of 406
PH523 163 id 3 body 1 arc 2 orth 0 own 1 merged 1 arcclosed 0 ph 3
PH523 163 id 9 body 2 arc 1 orth 0 own 1 merged 1 arcclosed 0 ph 3
CREW523 164 site mag slotfs 3 merged 3 won 0 n 4 of 407
CREW523 164 site budget slotfs 3 merged 3 won 0 n 4 of 408
CREW523 164 site spawn slotfs 3 merged 3 won 0 n 4 of 409
PH523 164 id 3 body 1 arc 2 orth 0 own 1 merged 1 arcclosed 0 ph 3
PH523 164 id 9 body 2 arc 1 orth 0 own 1 merged 1 arcclosed 0 ph 3
CREW523 165 site mag slotfs 3 merged 3 won 0 n 4 of 410
CREW523 165 site budget slotfs 3 merged 3 won 0 n 4 of 411
CREW523 165 site spawn slotfs 3 merged 3 won 0 n 4 of 412
PH523 165 id 3 body 1 arc 2 orth 1 own 0 merged 1 arcclosed 0 ph 3
SALT523 165 id 3 orth 1 own 0 union 1 n 112 ownN 60
SALT523 165 id 3 orth 1 own 0 union 1 n 113 ownN 60
PH523 165 id 9 body 2 arc 1 orth 1 own 0 merged 1 arcclosed 0 ph 3
SALT523 165 id 9 orth 1 own 0 union 1 n 120 ownN 55
SALT523 165 id 9 orth 1 own 0 union 1 n 121 ownN 55
CREW523 166 site mag slotfs 3 merged 3 won 0 n 4 of 413
CREW523 166 site budget slotfs 3 merged 3 won 0 n 4 of 414
CREW523 166 site spawn slotfs 3 merged 3 won 0 n 4 of 415
PH523 166 id 3 body 1 arc 2 orth 1 own 0 merged 1 arcclosed 0 ph 3
SALT523 166 id 3 orth 1 own 0 union 1 n 114 ownN 60
SALT523 166 id 3 orth 1 own 0 union 1 n 115 ownN 60
PH523 166 id 9 body 2 arc 1 orth 1 own 0 merged 1 arcclosed 0 ph 3
SALT523 166 id 9 orth 1 own 0 union 1 n 122 ownN 55
SALT523 166 id 9 orth 1 own 0 union 1 n 123 ownN 55
CREW523 167 site mag slotfs 3 merged 3 won 0 n 4 of 416
CREW523 167 site budget slotfs 3 merged 3 won 0 n 4 of 417
CREW523 167 site spawn slotfs 3 merged 3 won 0 n 4 of 418
PH523 167 id 3 body 1 arc 2 orth 1 own 0 merged 1 arcclosed 0 ph 3
SALT523 167 id 3 orth 1 own 0 union 1 n 116 ownN 60
SALT523 167 id 3 orth 1 own 0 union 1 n 117 ownN 60
PH523 167 id 9 body 2 arc 1 orth 1 own 0 merged 1 arcclosed 0 ph 3
SALT523 167 id 9 orth 1 own 0 union 1 n 124 ownN 55
SALT523 167 id 9 orth 1 own 0 union 1 n 125 ownN 55
CREW523 168 site mag slotfs 3 merged 3 won 0 n 4 of 419
CREW523 168 site budget slotfs 3 merged 3 won 0 n 4 of 420
CREW523 168 site spawn slotfs 3 merged 3 won 0 n 4 of 421
PH523 168 id 3 body 1 arc 2 orth 1 own 0 merged 1 arcclosed 0 ph 3
SALT523 168 id 3 orth 1 own 0 union 1 n 118 ownN 60
SALT523 168 id 3 orth 1 own 0 union 1 n 119 ownN 60
PH523 168 id 9 body 2 arc 1 orth 3 own 0 merged 1 arcclosed 0 ph 3
SALT523 168 id 9 orth 3 own 0 union 1 n 126 ownN 55
CREW523 169 site mag slotfs 3 merged 3 won 0 n 4 of 422
CREW523 169 site budget slotfs 3 merged 3 won 0 n 4 of 423
CREW523 169 site spawn slotfs 3 merged 3 won 0 n 4 of 424
PH523 169 id 3 body 1 arc 2 orth 1 own 0 merged 1 arcclosed 0 ph 3
SALT523 169 id 3 orth 1 own 0 union 1 n 120 ownN 60
SALT523 169 id 3 orth 1 own 0 union 1 n 121 ownN 60
PH523 169 id 9 body 2 arc 1 orth 3 own 0 merged 1 arcclosed 0 ph 3
SALT523 169 id 9 orth 3 own 0 union 1 n 127 ownN 55
SALT523 169 id 9 orth 3 own 0 union 1 n 128 ownN 55
CREW523 170 site mag slotfs 3 merged 3 won 0 n 4 of 425
CREW523 170 site budget slotfs 3 merged 3 won 0 n 4 of 426
CREW523 170 site spawn slotfs 3 merged 3 won 0 n 4 of 427
PH523 170 id 3 body 1 arc 2 orth 1 own 0 merged 1 arcclosed 0 ph 3
SALT523 170 id 3 orth 1 own 0 union 1 n 122 ownN 60
SALT523 170 id 3 orth 1 own 0 union 1 n 123 ownN 60
PH523 170 id 9 body 2 arc 1 orth 5 own 0 merged 1 arcclosed 0 ph 3
SALT523 170 id 9 orth 5 own 0 union 1 n 129 ownN 55
SALT523 170 id 9 orth 5 own 0 union 1 n 130 ownN 55
CREW523 171 site mag slotfs 3 merged 3 won 0 n 4 of 428
CREW523 171 site budget slotfs 3 merged 3 won 0 n 4 of 429
CREW523 171 site spawn slotfs 3 merged 3 won 0 n 4 of 430
PH523 171 id 3 body 1 arc 2 orth 1 own 0 merged 1 arcclosed 0 ph 3
SALT523 171 id 3 orth 1 own 0 union 1 n 124 ownN 60
SALT523 171 id 3 orth 1 own 0 union 1 n 125 ownN 60
PH523 171 id 9 body 2 arc 1 orth 4 own 0 merged 1 arcclosed 0 ph 3
SALT523 171 id 9 orth 4 own 0 union 1 n 131 ownN 55
SALT523 171 id 9 orth 4 own 0 union 1 n 132 ownN 55
CREW523 172 site mag slotfs 3 merged 3 won 0 n 4 of 431
CREW523 172 site budget slotfs 3 merged 3 won 0 n 4 of 432
CREW523 172 site spawn slotfs 3 merged 3 won 0 n 4 of 433
PH523 172 id 3 body 1 arc 2 orth 1 own 0 merged 1 arcclosed 0 ph 3
SALT523 172 id 3 orth 1 own 0 union 1 n 126 ownN 60
SALT523 172 id 3 orth 1 own 0 union 1 n 127 ownN 60
PH523 172 id 9 body 2 arc 1 orth 3 own 0 merged 1 arcclosed 0 ph 3
SALT523 172 id 9 orth 3 own 0 union 1 n 133 ownN 55
SALT523 172 id 9 orth 3 own 0 union 1 n 134 ownN 55
CREW523 173 site mag slotfs 3 merged 3 won 0 n 4 of 434
CREW523 173 site budget slotfs 3 merged 3 won 0 n 4 of 435
CREW523 173 site spawn slotfs 3 merged 3 won 0 n 4 of 436
PH523 173 id 3 body 1 arc 2 orth 1 own 0 merged 1 arcclosed 0 ph 3
SALT523 173 id 3 orth 1 own 0 union 1 n 128 ownN 60
SALT523 173 id 3 orth 1 own 0 union 1 n 129 ownN 60
PH523 173 id 9 body 2 arc 1 orth 1 own 0 merged 1 arcclosed 0 ph 3
SALT523 173 id 9 orth 1 own 0 union 1 n 135 ownN 55
CREW523 174 site mag slotfs 3 merged 3 won 0 n 4 of 437
CREW523 174 site budget slotfs 3 merged 3 won 0 n 4 of 438
CREW523 174 site spawn slotfs 3 merged 3 won 0 n 4 of 439
PH523 174 id 3 body 1 arc 2 orth 0 own 1 merged 1 arcclosed 0 ph 3
PH523 174 id 9 body 2 arc 1 orth 0 own 1 merged 1 arcclosed 0 ph 3
CREW523 175 site mag slotfs 3 merged 3 won 0 n 4 of 440
CREW523 175 site budget slotfs 3 merged 3 won 0 n 4 of 441
CREW523 175 site spawn slotfs 3 merged 3 won 0 n 4 of 442
PH523 175 id 3 body 1 arc 2 orth 0 own 1 merged 1 arcclosed 0 ph 3
PH523 175 id 9 body 2 arc 1 orth 2 own 0 merged 1 arcclosed 0 ph 3
SALT523 175 id 9 orth 2 own 0 union 1 n 136 ownN 57
SALT523 175 id 9 orth 2 own 0 union 1 n 137 ownN 57
CREW523 176 site mag slotfs 3 merged 3 won 0 n 4 of 443
CREW523 176 site budget slotfs 3 merged 3 won 0 n 4 of 444
CREW523 176 site spawn slotfs 3 merged 3 won 0 n 4 of 445
PH523 176 id 3 body 1 arc 2 orth 0 own 1 merged 1 arcclosed 0 ph 3
PH523 176 id 9 body 2 arc 1 orth 3 own 0 merged 1 arcclosed 0 ph 3
SALT523 176 id 9 orth 3 own 0 union 1 n 138 ownN 57
SALT523 176 id 9 orth 3 own 0 union 1 n 139 ownN 57
CREW523 177 site mag slotfs 3 merged 3 won 0 n 4 of 446
CREW523 177 site budget slotfs 3 merged 3 won 0 n 4 of 447
CREW523 177 site spawn slotfs 3 merged 3 won 0 n 4 of 448
PH523 177 id 3 body 1 arc 2 orth 0 own 1 merged 1 arcclosed 0 ph 3
PH523 177 id 9 body 2 arc 1 orth 4 own 0 merged 1 arcclosed 0 ph 3
SALT523 177 id 9 orth 4 own 0 union 1 n 140 ownN 57
SALT523 177 id 9 orth 4 own 0 union 1 n 141 ownN 57
CREW523 178 site mag slotfs 3 merged 3 won 0 n 4 of 449
CREW523 178 site budget slotfs 3 merged 3 won 0 n 4 of 450
CREW523 178 site spawn slotfs 3 merged 3 won 0 n 4 of 451
PH523 178 id 3 body 1 arc 2 orth 1 own 0 merged 1 arcclosed 0 ph 3
SALT523 178 id 3 orth 1 own 0 union 1 n 130 ownN 68
SALT523 178 id 3 orth 1 own 0 union 1 n 131 ownN 68
PH523 178 id 9 body 2 arc 1 orth 3 own 0 merged 1 arcclosed 0 ph 3
SALT523 178 id 9 orth 3 own 0 union 1 n 142 ownN 57
SALT523 178 id 9 orth 3 own 0 union 1 n 143 ownN 57
CREW523 179 site mag slotfs 3 merged 3 won 0 n 4 of 452
CREW523 179 site budget slotfs 3 merged 3 won 0 n 4 of 453
CREW523 179 site spawn slotfs 3 merged 3 won 0 n 4 of 454
PH523 179 id 3 body 1 arc 2 orth 1 own 0 merged 1 arcclosed 0 ph 3
SALT523 179 id 3 orth 1 own 0 union 1 n 132 ownN 68
SALT523 179 id 3 orth 1 own 0 union 1 n 133 ownN 68
PH523 179 id 9 body 2 arc 1 orth 1 own 0 merged 1 arcclosed 0 ph 3
SALT523 179 id 9 orth 1 own 0 union 1 n 144 ownN 57
SALT523 179 id 9 orth 1 own 0 union 1 n 145 ownN 57
CREW523 180 site mag slotfs 3 merged 3 won 0 n 4 of 455
CREW523 180 site budget slotfs 3 merged 3 won 0 n 4 of 456
CREW523 180 site spawn slotfs 3 merged 3 won 0 n 4 of 457
PH523 180 id 3 body 1 arc 2 orth 1 own 0 merged 1 arcclosed 0 ph 3
SALT523 180 id 3 orth 1 own 0 union 1 n 134 ownN 68
SALT523 180 id 3 orth 1 own 0 union 1 n 135 ownN 68
PH523 180 id 9 body 2 arc 1 orth 1 own 0 merged 1 arcclosed 0 ph 3
SALT523 180 id 9 orth 1 own 0 union 1 n 146 ownN 57
SALT523 180 id 9 orth 1 own 0 union 1 n 147 ownN 57
CREW523 181 site mag slotfs 3 merged 3 won 0 n 4 of 458
CREW523 181 site budget slotfs 3 merged 3 won 0 n 4 of 459
CREW523 181 site spawn slotfs 3 merged 3 won 0 n 4 of 460
PH523 181 id 3 body 1 arc 2 orth 1 own 0 merged 1 arcclosed 0 ph 3
SALT523 181 id 3 orth 1 own 0 union 1 n 136 ownN 68
SALT523 181 id 3 orth 1 own 0 union 1 n 137 ownN 68
PH523 181 id 9 body 2 arc 1 orth 1 own 0 merged 1 arcclosed 0 ph 3
SALT523 181 id 9 orth 1 own 0 union 1 n 148 ownN 57
SALT523 181 id 9 orth 1 own 0 union 1 n 149 ownN 57
CREW523 182 site mag slotfs 3 merged 3 won 0 n 4 of 461
CREW523 182 site budget slotfs 3 merged 3 won 0 n 4 of 462
CREW523 182 site spawn slotfs 3 merged 3 won 0 n 4 of 463
PH523 182 id 3 body 1 arc 2 orth 1 own 0 merged 1 arcclosed 0 ph 3
SALT523 182 id 3 orth 1 own 0 union 1 n 138 ownN 68
SALT523 182 id 3 orth 1 own 0 union 1 n 139 ownN 68
PH523 182 id 9 body 2 arc 1 orth 1 own 0 merged 1 arcclosed 0 ph 3
SALT523 182 id 9 orth 1 own 0 union 1 n 150 ownN 57
SALT523 182 id 9 orth 1 own 0 union 1 n 151 ownN 57
CREW523 183 site mag slotfs 3 merged 3 won 0 n 4 of 464
CREW523 183 site budget slotfs 3 merged 3 won 0 n 4 of 465
CREW523 183 site spawn slotfs 3 merged 3 won 0 n 4 of 466
PH523 183 id 3 body 1 arc 2 orth 1 own 0 merged 1 arcclosed 0 ph 3
SALT523 183 id 3 orth 1 own 0 union 1 n 140 ownN 68
SALT523 183 id 3 orth 1 own 0 union 1 n 141 ownN 68
PH523 183 id 9 body 2 arc 1 orth 1 own 0 merged 1 arcclosed 0 ph 3
SALT523 183 id 9 orth 1 own 0 union 1 n 152 ownN 57
SALT523 183 id 9 orth 1 own 0 union 1 n 153 ownN 57
CREW523 184 site mag slotfs 3 merged 3 won 0 n 4 of 467
CREW523 184 site budget slotfs 3 merged 3 won 0 n 4 of 468
CREW523 184 site spawn slotfs 3 merged 3 won 0 n 4 of 469
PH523 184 id 3 body 1 arc 2 orth 1 own 0 merged 1 arcclosed 0 ph 3
SALT523 184 id 3 orth 1 own 0 union 1 n 142 ownN 68
SALT523 184 id 3 orth 1 own 0 union 1 n 143 ownN 68
PH523 184 id 9 body 2 arc 1 orth 1 own 0 merged 1 arcclosed 0 ph 3
SALT523 184 id 9 orth 1 own 0 union 1 n 154 ownN 57
SALT523 184 id 9 orth 1 own 0 union 1 n 155 ownN 57
CREW523 185 site mag slotfs 3 merged 3 won 0 n 4 of 470
CREW523 185 site budget slotfs 3 merged 3 won 0 n 4 of 471
CREW523 185 site spawn slotfs 3 merged 3 won 0 n 4 of 472
PH523 185 id 3 body 1 arc 2 orth 1 own 0 merged 1 arcclosed 0 ph 3
SALT523 185 id 3 orth 1 own 0 union 1 n 144 ownN 68
SALT523 185 id 3 orth 1 own 0 union 1 n 145 ownN 68
PH523 185 id 9 body 2 arc 1 orth 1 own 0 merged 1 arcclosed 0 ph 3
SALT523 185 id 9 orth 1 own 0 union 1 n 156 ownN 57
SALT523 185 id 9 orth 1 own 0 union 1 n 157 ownN 57
CREW523 186 site mag slotfs 3 merged 3 won 0 n 4 of 473
CREW523 186 site budget slotfs 3 merged 3 won 0 n 4 of 474
CREW523 186 site spawn slotfs 3 merged 3 won 0 n 4 of 475
PH523 186 id 3 body 1 arc 2 orth 1 own 0 merged 1 arcclosed 0 ph 3
SALT523 186 id 3 orth 1 own 0 union 1 n 146 ownN 68
SALT523 186 id 3 orth 1 own 0 union 1 n 147 ownN 68
PH523 186 id 9 body 2 arc 1 orth 1 own 0 merged 1 arcclosed 0 ph 3
SALT523 186 id 9 orth 1 own 0 union 1 n 158 ownN 57
SALT523 186 id 9 orth 1 own 0 union 1 n 159 ownN 57
CREW523 187 site mag slotfs 3 merged 3 won 0 n 4 of 476
CREW523 187 site budget slotfs 3 merged 3 won 0 n 4 of 477
CREW523 187 site spawn slotfs 3 merged 3 won 0 n 4 of 478
PH523 187 id 3 body 1 arc 2 orth 1 own 0 merged 1 arcclosed 0 ph 3
SALT523 187 id 3 orth 1 own 0 union 1 n 148 ownN 68
SALT523 187 id 3 orth 1 own 0 union 1 n 149 ownN 68
PH523 187 id 9 body 2 arc 1 orth 1 own 0 merged 1 arcclosed 0 ph 3
SALT523 187 id 9 orth 1 own 0 union 1 n 160 ownN 57
SALT523 187 id 9 orth 1 own 0 union 1 n 161 ownN 57
CREW523 188 site mag slotfs 3 merged 3 won 0 n 4 of 479
CREW523 188 site budget slotfs 3 merged 3 won 0 n 4 of 480
CREW523 188 site spawn slotfs 3 merged 3 won 0 n 4 of 481
PH523 188 id 3 body 1 arc 2 orth 1 own 0 merged 1 arcclosed 0 ph 3
SALT523 188 id 3 orth 1 own 0 union 1 n 150 ownN 68
SALT523 188 id 3 orth 1 own 0 union 1 n 151 ownN 68
PH523 188 id 9 body 2 arc 1 orth 1 own 0 merged 1 arcclosed 0 ph 3
SALT523 188 id 9 orth 1 own 0 union 1 n 162 ownN 57
SALT523 188 id 9 orth 1 own 0 union 1 n 163 ownN 57
CREW523 189 site mag slotfs 3 merged 3 won 0 n 4 of 482
CREW523 189 site budget slotfs 3 merged 3 won 0 n 4 of 483
CREW523 189 site spawn slotfs 3 merged 3 won 0 n 4 of 484
PH523 189 id 3 body 1 arc 2 orth 1 own 0 merged 1 arcclosed 0 ph 3
SALT523 189 id 3 orth 1 own 0 union 1 n 152 ownN 68
SALT523 189 id 3 orth 1 own 0 union 1 n 153 ownN 68
PH523 189 id 9 body 2 arc 1 orth 1 own 0 merged 1 arcclosed 0 ph 3
SALT523 189 id 9 orth 1 own 0 union 1 n 164 ownN 57
SALT523 189 id 9 orth 1 own 0 union 1 n 165 ownN 57
CREW523 190 site mag slotfs 3 merged 3 won 0 n 4 of 485
CREW523 190 site budget slotfs 3 merged 3 won 0 n 4 of 486
CREW523 190 site spawn slotfs 3 merged 3 won 0 n 4 of 487
PH523 190 id 3 body 1 arc 2 orth 2 own 0 merged 1 arcclosed 0 ph 3
SALT523 190 id 3 orth 2 own 0 union 1 n 154 ownN 68
SALT523 190 id 3 orth 2 own 0 union 1 n 155 ownN 68
PH523 190 id 9 body 2 arc 1 orth 2 own 0 merged 1 arcclosed 0 ph 3
SALT523 190 id 9 orth 2 own 0 union 1 n 166 ownN 57
SALT523 190 id 9 orth 2 own 0 union 1 n 167 ownN 57
CREW523 191 site mag slotfs 3 merged 3 won 0 n 4 of 488
CREW523 191 site budget slotfs 3 merged 3 won 0 n 4 of 489
CREW523 191 site spawn slotfs 3 merged 3 won 0 n 4 of 490
PH523 191 id 3 body 1 arc 2 orth 2 own 0 merged 1 arcclosed 0 ph 3
SALT523 191 id 3 orth 2 own 0 union 1 n 156 ownN 68
SALT523 191 id 3 orth 2 own 0 union 1 n 157 ownN 68
PH523 191 id 9 body 2 arc 1 orth 4 own 0 merged 1 arcclosed 0 ph 3
SALT523 191 id 9 orth 4 own 0 union 1 n 168 ownN 57
SALT523 191 id 9 orth 4 own 0 union 1 n 169 ownN 57
CREW523 192 site mag slotfs 3 merged 3 won 0 n 4 of 491
CREW523 192 site budget slotfs 3 merged 3 won 0 n 4 of 492
CREW523 192 site spawn slotfs 3 merged 3 won 0 n 4 of 493
PH523 192 id 3 body 1 arc 2 orth 2 own 0 merged 1 arcclosed 0 ph 3
SALT523 192 id 3 orth 2 own 0 union 1 n 158 ownN 68
SALT523 192 id 3 orth 2 own 0 union 1 n 159 ownN 68
PH523 192 id 9 body 2 arc 1 orth 6 own 0 merged 1 arcclosed 0 ph 3
SALT523 192 id 9 orth 6 own 0 union 1 n 170 ownN 57
SALT523 192 id 9 orth 6 own 0 union 1 n 171 ownN 57
CREW523 193 site mag slotfs 3 merged 3 won 0 n 4 of 494
CREW523 193 site budget slotfs 3 merged 3 won 0 n 4 of 495
CREW523 193 site spawn slotfs 3 merged 3 won 0 n 4 of 496
PH523 193 id 3 body 1 arc 2 orth 2 own 0 merged 1 arcclosed 0 ph 3
PH523 193 id 9 body 2 arc 1 orth 5 own 0 merged 1 arcclosed 0 ph 3
SALT523 193 id 9 orth 5 own 0 union 1 n 172 ownN 57
SALT523 193 id 9 orth 5 own 0 union 1 n 173 ownN 57
CREW523 194 site mag slotfs 3 merged 3 won 0 n 4 of 497
CREW523 194 site budget slotfs 3 merged 3 won 0 n 4 of 498
CREW523 194 site spawn slotfs 3 merged 3 won 0 n 4 of 499
PH523 194 id 3 body 1 arc 2 orth 2 own 0 merged 1 arcclosed 0 ph 3
SALT523 194 id 3 orth 2 own 0 union 1 n 160 ownN 68
SALT523 194 id 3 orth 2 own 0 union 1 n 161 ownN 68
PH523 194 id 9 body 2 arc 1 orth 4 own 0 merged 1 arcclosed 0 ph 3
SALT523 194 id 9 orth 4 own 0 union 1 n 174 ownN 57
SALT523 194 id 9 orth 4 own 0 union 1 n 175 ownN 57
CREW523 195 site mag slotfs 3 merged 3 won 0 n 4 of 500
CREW523 195 site budget slotfs 3 merged 3 won 0 n 4 of 501
CREW523 195 site spawn slotfs 3 merged 3 won 0 n 4 of 502
PH523 195 id 3 body 1 arc 2 orth 2 own 0 merged 1 arcclosed 0 ph 3
PH523 195 id 9 body 2 arc 1 orth 2 own 0 merged 1 arcclosed 0 ph 3
SALT523 195 id 9 orth 2 own 0 union 1 n 176 ownN 57
CREW523 196 site mag slotfs 3 merged 3 won 0 n 4 of 503
CREW523 196 site budget slotfs 3 merged 3 won 0 n 4 of 504
CREW523 196 site spawn slotfs 3 merged 3 won 0 n 4 of 505
PH523 196 id 3 body 1 arc 2 orth 1 own 0 merged 1 arcclosed 0 ph 3
SALT523 196 id 3 orth 1 own 0 union 1 n 162 ownN 68
SALT523 196 id 3 orth 1 own 0 union 1 n 163 ownN 68
PH523 196 id 9 body 2 arc 1 orth 1 own 0 merged 1 arcclosed 0 ph 3
SALT523 196 id 9 orth 1 own 0 union 1 n 177 ownN 57
SALT523 196 id 9 orth 1 own 0 union 1 n 178 ownN 57
CREW523 197 site mag slotfs 3 merged 3 won 0 n 4 of 506
CREW523 197 site budget slotfs 3 merged 3 won 0 n 4 of 507
CREW523 197 site spawn slotfs 3 merged 3 won 0 n 4 of 508
PH523 197 id 3 body 1 arc 2 orth 1 own 0 merged 1 arcclosed 0 ph 3
SALT523 197 id 3 orth 1 own 0 union 1 n 164 ownN 68
SALT523 197 id 3 orth 1 own 0 union 1 n 165 ownN 68
PH523 197 id 9 body 2 arc 1 orth 1 own 0 merged 1 arcclosed 0 ph 3
SALT523 197 id 9 orth 1 own 0 union 1 n 179 ownN 57
SALT523 197 id 9 orth 1 own 0 union 1 n 180 ownN 57
CREW523 198 site mag slotfs 3 merged 3 won 0 n 4 of 509
CREW523 198 site budget slotfs 3 merged 3 won 0 n 4 of 510
CREW523 198 site spawn slotfs 3 merged 3 won 0 n 4 of 511
PH523 198 id 3 body 1 arc 2 orth 1 own 0 merged 1 arcclosed 0 ph 3
SALT523 198 id 3 orth 1 own 0 union 1 n 166 ownN 68
SALT523 198 id 3 orth 1 own 0 union 1 n 167 ownN 68
PH523 198 id 9 body 2 arc 1 orth 1 own 0 merged 1 arcclosed 0 ph 3
SALT523 198 id 9 orth 1 own 0 union 1 n 181 ownN 57
SALT523 198 id 9 orth 1 own 0 union 1 n 182 ownN 57
CREW523 199 site mag slotfs 3 merged 3 won 0 n 4 of 512
CREW523 199 site budget slotfs 3 merged 3 won 0 n 4 of 513
CREW523 199 site spawn slotfs 3 merged 3 won 0 n 4 of 514
PH523 199 id 3 body 1 arc 2 orth 1 own 0 merged 1 arcclosed 0 ph 3
SALT523 199 id 3 orth 1 own 0 union 1 n 168 ownN 68
SALT523 199 id 3 orth 1 own 0 union 1 n 169 ownN 68
PH523 199 id 9 body 2 arc 1 orth 1 own 0 merged 1 arcclosed 0 ph 3
SALT523 199 id 9 orth 1 own 0 union 1 n 183 ownN 57
SALT523 199 id 9 orth 1 own 0 union 1 n 184 ownN 57
CREW523 200 site mag slotfs 3 merged 3 won 0 n 4 of 515
CREW523 200 site budget slotfs 3 merged 3 won 0 n 4 of 516
CREW523 200 site spawn slotfs 3 merged 3 won 0 n 4 of 517
PH523 200 id 3 body 1 arc 2 orth 1 own 0 merged 1 arcclosed 0 ph 3
SALT523 200 id 3 orth 1 own 0 union 1 n 170 ownN 68
SALT523 200 id 3 orth 1 own 0 union 1 n 171 ownN 68
PH523 200 id 9 body 2 arc 1 orth 1 own 0 merged 1 arcclosed 0 ph 3
SALT523 200 id 9 orth 1 own 0 union 1 n 185 ownN 57
SALT523 200 id 9 orth 1 own 0 union 1 n 186 ownN 57
CREW523 201 site mag slotfs 3 merged 3 won 0 n 4 of 518
CREW523 201 site budget slotfs 3 merged 3 won 0 n 4 of 519
CREW523 201 site spawn slotfs 3 merged 3 won 0 n 4 of 520
PH523 201 id 3 body 1 arc 2 orth 1 own 0 merged 1 arcclosed 0 ph 3
SALT523 201 id 3 orth 1 own 0 union 1 n 172 ownN 68
SALT523 201 id 3 orth 1 own 0 union 1 n 173 ownN 68
PH523 201 id 9 body 2 arc 1 orth 1 own 0 merged 1 arcclosed 0 ph 3
SALT523 201 id 9 orth 1 own 0 union 1 n 187 ownN 57
SALT523 201 id 9 orth 1 own 0 union 1 n 188 ownN 57
CREW523 202 site mag slotfs 3 merged 3 won 0 n 4 of 521
CREW523 202 site budget slotfs 3 merged 3 won 0 n 4 of 522
CREW523 202 site spawn slotfs 3 merged 3 won 0 n 4 of 523
PH523 202 id 3 body 1 arc 2 orth 1 own 0 merged 1 arcclosed 0 ph 3
SALT523 202 id 3 orth 1 own 0 union 1 n 174 ownN 68
SALT523 202 id 3 orth 1 own 0 union 1 n 175 ownN 68
PH523 202 id 9 body 2 arc 1 orth 1 own 0 merged 1 arcclosed 0 ph 3
SALT523 202 id 9 orth 1 own 0 union 1 n 189 ownN 57
SALT523 202 id 9 orth 1 own 0 union 1 n 190 ownN 57
CREW523 203 site mag slotfs 3 merged 3 won 0 n 4 of 524
CREW523 203 site budget slotfs 3 merged 3 won 0 n 4 of 525
CREW523 203 site spawn slotfs 3 merged 3 won 0 n 4 of 526
PH523 203 id 3 body 1 arc 2 orth 1 own 0 merged 1 arcclosed 0 ph 3
PH523 203 id 9 body 2 arc 1 orth 3 own 0 merged 1 arcclosed 0 ph 3
CREW523 204 site mag slotfs 3 merged 3 won 0 n 4 of 527
CREW523 204 site budget slotfs 3 merged 3 won 0 n 4 of 528
CREW523 204 site spawn slotfs 3 merged 3 won 0 n 4 of 529
PH523 204 id 3 body 1 arc 2 orth 1 own 0 merged 1 arcclosed 0 ph 3
SALT523 204 id 3 orth 1 own 0 union 1 n 176 ownN 68
SALT523 204 id 3 orth 1 own 0 union 1 n 177 ownN 68
PH523 204 id 9 body 2 arc 1 orth 1 own 0 merged 1 arcclosed 0 ph 3
SALT523 204 id 9 orth 1 own 0 union 1 n 191 ownN 57
SALT523 204 id 9 orth 1 own 0 union 1 n 192 ownN 57
CREW523 205 site mag slotfs 3 merged 3 won 0 n 4 of 530
CREW523 205 site budget slotfs 3 merged 3 won 0 n 4 of 531
CREW523 205 site spawn slotfs 3 merged 3 won 0 n 4 of 532
PH523 205 id 3 body 1 arc 2 orth 1 own 0 merged 1 arcclosed 0 ph 3
PH523 205 id 9 body 2 arc 1 orth 3 own 0 merged 1 arcclosed 0 ph 3
CREW523 206 site mag slotfs 3 merged 3 won 0 n 4 of 533
CREW523 206 site budget slotfs 3 merged 3 won 0 n 4 of 534
CREW523 206 site spawn slotfs 3 merged 3 won 0 n 4 of 535
PH523 206 id 3 body 1 arc 2 orth 1 own 0 merged 1 arcclosed 0 ph 3
SALT523 206 id 3 orth 1 own 0 union 1 n 178 ownN 68
SALT523 206 id 3 orth 1 own 0 union 1 n 179 ownN 68
PH523 206 id 9 body 2 arc 1 orth 1 own 0 merged 1 arcclosed 0 ph 3
SALT523 206 id 9 orth 1 own 0 union 1 n 193 ownN 57
SALT523 206 id 9 orth 1 own 0 union 1 n 194 ownN 57
CREW523 207 site mag slotfs 3 merged 3 won 0 n 4 of 536
CREW523 207 site budget slotfs 3 merged 3 won 0 n 4 of 537
CREW523 207 site spawn slotfs 3 merged 3 won 0 n 4 of 538
PH523 207 id 3 body 1 arc 2 orth 1 own 0 merged 1 arcclosed 0 ph 3
PH523 207 id 9 body 2 arc 1 orth 3 own 0 merged 1 arcclosed 0 ph 3
CREW523 208 site mag slotfs 3 merged 3 won 0 n 4 of 539
CREW523 208 site budget slotfs 3 merged 3 won 0 n 4 of 540
CREW523 208 site spawn slotfs 3 merged 3 won 0 n 4 of 541
PH523 208 id 3 body 1 arc 2 orth 1 own 0 merged 1 arcclosed 0 ph 3
SALT523 208 id 3 orth 1 own 0 union 1 n 180 ownN 68
SALT523 208 id 3 orth 1 own 0 union 1 n 181 ownN 68
PH523 208 id 9 body 2 arc 1 orth 1 own 0 merged 1 arcclosed 0 ph 3
SALT523 208 id 9 orth 1 own 0 union 1 n 195 ownN 57
SALT523 208 id 9 orth 1 own 0 union 1 n 196 ownN 57
CREW523 209 site mag slotfs 3 merged 3 won 0 n 4 of 542
CREW523 209 site budget slotfs 3 merged 3 won 0 n 4 of 543
CREW523 209 site spawn slotfs 3 merged 3 won 0 n 4 of 544
PH523 209 id 3 body 1 arc 2 orth 1 own 0 merged 1 arcclosed 0 ph 3
SALT523 209 id 3 orth 1 own 0 union 1 n 182 ownN 68
SALT523 209 id 3 orth 1 own 0 union 1 n 183 ownN 68
PH523 209 id 9 body 2 arc 1 orth 3 own 0 merged 1 arcclosed 0 ph 3
CREW523 210 site mag slotfs 3 merged 3 won 0 n 4 of 545
CREW523 210 site budget slotfs 3 merged 3 won 0 n 4 of 546
CREW523 210 site spawn slotfs 3 merged 3 won 0 n 4 of 547
PH523 210 id 3 body 1 arc 2 orth 1 own 0 merged 1 arcclosed 0 ph 3
SALT523 210 id 3 orth 1 own 0 union 1 n 184 ownN 68
SALT523 210 id 3 orth 1 own 0 union 1 n 185 ownN 68
PH523 210 id 9 body 2 arc 1 orth 1 own 0 merged 1 arcclosed 0 ph 3
SALT523 210 id 9 orth 1 own 0 union 1 n 197 ownN 57
SALT523 210 id 9 orth 1 own 0 union 1 n 198 ownN 57
CREW523 211 site mag slotfs 3 merged 3 won 0 n 4 of 548
CREW523 211 site budget slotfs 3 merged 3 won 0 n 4 of 549
CREW523 211 site spawn slotfs 3 merged 3 won 0 n 4 of 550
PH523 211 id 3 body 1 arc 2 orth 1 own 0 merged 1 arcclosed 0 ph 3
SALT523 211 id 3 orth 1 own 0 union 1 n 186 ownN 68
PH523 211 id 9 body 2 arc 1 orth 0 own 1 merged 1 arcclosed 0 ph 3
CREW523 212 site mag slotfs 3 merged 3 won 0 n 4 of 551
CREW523 212 site budget slotfs 3 merged 3 won 0 n 4 of 552
CREW523 212 site spawn slotfs 3 merged 3 won 0 n 4 of 553
PH523 212 id 3 body 1 arc 2 orth 0 own 1 merged 1 arcclosed 0 ph 3
PH523 212 id 9 body 2 arc 1 orth 2 own 0 merged 1 arcclosed 0 ph 3
CREW523 213 site mag slotfs 3 merged 3 won 0 n 4 of 554
CREW523 213 site budget slotfs 3 merged 3 won 0 n 4 of 555
CREW523 213 site spawn slotfs 3 merged 3 won 0 n 4 of 556
PH523 213 id 3 body 1 arc 2 orth 0 own 1 merged 1 arcclosed 0 ph 3
PH523 213 id 9 body 2 arc 1 orth 2 own 0 merged 1 arcclosed 0 ph 3
SALT523 213 id 9 orth 2 own 0 union 1 n 199 ownN 59
SALT523 213 id 9 orth 2 own 0 union 1 n 200 ownN 59
CREW523 214 site mag slotfs 3 merged 3 won 0 n 4 of 557
CREW523 214 site budget slotfs 3 merged 3 won 0 n 4 of 558
CREW523 214 site spawn slotfs 3 merged 3 won 0 n 4 of 559
PH523 214 id 3 body 1 arc 2 orth 0 own 1 merged 1 arcclosed 0 ph 3
PH523 214 id 9 body 2 arc 1 orth 2 own 0 merged 1 arcclosed 0 ph 3
CREW523 215 site mag slotfs 3 merged 3 won 0 n 4 of 560
CREW523 215 site budget slotfs 3 merged 3 won 0 n 4 of 561
CREW523 215 site spawn slotfs 3 merged 3 won 0 n 4 of 562
PH523 215 id 3 body 1 arc 2 orth 0 own 1 merged 1 arcclosed 0 ph 3
PH523 215 id 9 body 2 arc 1 orth 2 own 0 merged 1 arcclosed 0 ph 3
SALT523 215 id 9 orth 2 own 0 union 1 n 201 ownN 59
SALT523 215 id 9 orth 2 own 0 union 1 n 202 ownN 59
CREW523 216 site mag slotfs 3 merged 3 won 0 n 4 of 563
CREW523 216 site budget slotfs 3 merged 3 won 0 n 4 of 564
CREW523 216 site spawn slotfs 3 merged 3 won 0 n 4 of 565
PH523 216 id 3 body 1 arc 2 orth 0 own 1 merged 1 arcclosed 0 ph 3
PH523 216 id 9 body 2 arc 1 orth 2 own 0 merged 1 arcclosed 0 ph 3
SALT523 216 id 9 orth 2 own 0 union 1 n 203 ownN 59
SALT523 216 id 9 orth 2 own 0 union 1 n 204 ownN 59
CREW523 217 site mag slotfs 3 merged 3 won 0 n 4 of 566
CREW523 217 site budget slotfs 3 merged 3 won 0 n 4 of 567
CREW523 217 site spawn slotfs 3 merged 3 won 0 n 4 of 568
PH523 217 id 3 body 1 arc 2 orth 0 own 1 merged 1 arcclosed 0 ph 3
PH523 217 id 9 body 2 arc 1 orth 3 own 0 merged 1 arcclosed 0 ph 3
SALT523 217 id 9 orth 3 own 0 union 1 n 205 ownN 59
SALT523 217 id 9 orth 3 own 0 union 1 n 206 ownN 59
CREW523 218 site mag slotfs 3 merged 3 won 0 n 4 of 569
CREW523 218 site budget slotfs 3 merged 3 won 0 n 4 of 570
CREW523 218 site spawn slotfs 3 merged 3 won 0 n 4 of 571
PH523 218 id 3 body 1 arc 2 orth 0 own 1 merged 1 arcclosed 0 ph 3
PH523 218 id 9 body 2 arc 1 orth 4 own 0 merged 1 arcclosed 0 ph 3
SALT523 218 id 9 orth 4 own 0 union 1 n 207 ownN 59
SALT523 218 id 9 orth 4 own 0 union 1 n 208 ownN 59
CREW523 219 site mag slotfs 3 merged 3 won 0 n 4 of 572
CREW523 219 site budget slotfs 3 merged 3 won 0 n 4 of 573
CREW523 219 site spawn slotfs 3 merged 3 won 0 n 4 of 574
PH523 219 id 3 body 1 arc 2 orth 0 own 1 merged 1 arcclosed 0 ph 3
PH523 219 id 9 body 2 arc 1 orth 2 own 0 merged 1 arcclosed 0 ph 3
CREW523 220 site mag slotfs 3 merged 3 won 0 n 4 of 575
CREW523 220 site budget slotfs 3 merged 3 won 0 n 4 of 576
CREW523 220 site spawn slotfs 3 merged 3 won 0 n 4 of 577
PH523 220 id 3 body 1 arc 2 orth 0 own 1 merged 1 arcclosed 0 ph 3
PH523 220 id 9 body 2 arc 1 orth 0 own 1 merged 1 arcclosed 0 ph 3
CREW523 221 site mag slotfs 3 merged 3 won 0 n 4 of 578
CREW523 221 site budget slotfs 3 merged 3 won 0 n 4 of 579
CREW523 221 site spawn slotfs 3 merged 3 won 0 n 4 of 580
PH523 221 id 3 body 1 arc 2 orth 0 own 1 merged 1 arcclosed 0 ph 3
PH523 221 id 9 body 2 arc 1 orth 0 own 1 merged 1 arcclosed 0 ph 3
CREW523 222 site mag slotfs 3 merged 3 won 0 n 4 of 581
CREW523 222 site budget slotfs 3 merged 3 won 0 n 4 of 582
CREW523 222 site spawn slotfs 3 merged 3 won 0 n 4 of 583
PH523 222 id 3 body 1 arc 2 orth 0 own 1 merged 1 arcclosed 0 ph 3
PH523 222 id 9 body 2 arc 1 orth 0 own 1 merged 1 arcclosed 0 ph 3
CREW523 223 site mag slotfs 3 merged 3 won 0 n 4 of 584
CREW523 223 site budget slotfs 3 merged 3 won 0 n 4 of 585
CREW523 223 site spawn slotfs 3 merged 3 won 0 n 4 of 586
PH523 223 id 3 body 1 arc 2 orth 0 own 1 merged 1 arcclosed 0 ph 3
PH523 223 id 9 body 2 arc 1 orth 0 own 1 merged 1 arcclosed 0 ph 3
CREW523 224 site mag slotfs 3 merged 3 won 0 n 4 of 587
CREW523 224 site budget slotfs 3 merged 3 won 0 n 4 of 588
CREW523 224 site spawn slotfs 3 merged 3 won 0 n 4 of 589
PH523 224 id 3 body 1 arc 2 orth 0 own 1 merged 1 arcclosed 0 ph 3
PH523 224 id 9 body 2 arc 1 orth 0 own 1 merged 1 arcclosed 0 ph 3
CREW523 225 site mag slotfs 3 merged 3 won 0 n 4 of 590
CREW523 225 site budget slotfs 3 merged 3 won 0 n 4 of 591
CREW523 225 site spawn slotfs 3 merged 3 won 0 n 4 of 592
PH523 225 id 3 body 1 arc 2 orth 0 own 1 merged 1 arcclosed 0 ph 3
PH523 225 id 9 body 2 arc 1 orth 0 own 1 merged 1 arcclosed 0 ph 3
CREW523 226 site mag slotfs 3 merged 3 won 0 n 4 of 593
CREW523 226 site budget slotfs 3 merged 3 won 0 n 4 of 594
CREW523 226 site spawn slotfs 3 merged 3 won 0 n 4 of 595
PH523 226 id 3 body 1 arc 2 orth 0 own 1 merged 1 arcclosed 0 ph 3
PH523 226 id 9 body 2 arc 1 orth 0 own 1 merged 1 arcclosed 0 ph 3
CREW523 227 site mag slotfs 3 merged 3 won 0 n 4 of 596
CREW523 227 site budget slotfs 3 merged 3 won 0 n 4 of 597
CREW523 227 site spawn slotfs 3 merged 3 won 0 n 4 of 598
PH523 227 id 3 body 1 arc 2 orth 0 own 1 merged 1 arcclosed 0 ph 3
PH523 227 id 9 body 2 arc 1 orth 0 own 1 merged 1 arcclosed 0 ph 3
CREW523 228 site mag slotfs 3 merged 3 won 0 n 4 of 599
CREW523 228 site budget slotfs 3 merged 3 won 0 n 4 of 600
CREW523 228 site spawn slotfs 3 merged 3 won 0 n 4 of 601
PH523 228 id 3 body 1 arc 2 orth 0 own 1 merged 1 arcclosed 0 ph 3
PH523 228 id 9 body 2 arc 1 orth 0 own 1 merged 1 arcclosed 0 ph 3
CREW523 229 site mag slotfs 3 merged 3 won 0 n 4 of 602
CREW523 229 site budget slotfs 3 merged 3 won 0 n 4 of 603
CREW523 229 site spawn slotfs 3 merged 3 won 0 n 4 of 604
PH523 229 id 3 body 1 arc 2 orth 0 own 1 merged 1 arcclosed 0 ph 3
PH523 229 id 9 body 2 arc 1 orth 0 own 1 merged 1 arcclosed 0 ph 3
CREW523 230 site mag slotfs 3 merged 3 won 0 n 4 of 605
CREW523 230 site budget slotfs 3 merged 3 won 0 n 4 of 606
CREW523 230 site spawn slotfs 3 merged 3 won 0 n 4 of 607
PH523 230 id 3 body 1 arc 2 orth 1 own 0 merged 1 arcclosed 0 ph 3
SALT523 230 id 3 orth 1 own 0 union 1 n 187 ownN 103
SALT523 230 id 3 orth 1 own 0 union 1 n 188 ownN 103
PH523 230 id 9 body 2 arc 1 orth 1 own 0 merged 1 arcclosed 0 ph 3
SALT523 230 id 9 orth 1 own 0 union 1 n 209 ownN 79
SALT523 230 id 9 orth 1 own 0 union 1 n 210 ownN 79
CREW523 231 site mag slotfs 3 merged 3 won 0 n 4 of 608
CREW523 231 site budget slotfs 3 merged 3 won 0 n 4 of 609
CREW523 231 site spawn slotfs 3 merged 3 won 0 n 4 of 610
PH523 231 id 3 body 1 arc 2 orth 1 own 0 merged 1 arcclosed 0 ph 3
SALT523 231 id 3 orth 1 own 0 union 1 n 189 ownN 103
SALT523 231 id 3 orth 1 own 0 union 1 n 190 ownN 103
PH523 231 id 9 body 2 arc 1 orth 1 own 0 merged 1 arcclosed 0 ph 3
SALT523 231 id 9 orth 1 own 0 union 1 n 211 ownN 79
SALT523 231 id 9 orth 1 own 0 union 1 n 212 ownN 79
CREW523 232 site mag slotfs 3 merged 3 won 0 n 4 of 611
CREW523 232 site budget slotfs 3 merged 3 won 0 n 4 of 612
CREW523 232 site spawn slotfs 3 merged 3 won 0 n 4 of 613
PH523 232 id 3 body 1 arc 2 orth 1 own 0 merged 1 arcclosed 0 ph 3
SALT523 232 id 3 orth 1 own 0 union 1 n 191 ownN 103
SALT523 232 id 3 orth 1 own 0 union 1 n 192 ownN 103
PH523 232 id 9 body 2 arc 1 orth 1 own 0 merged 1 arcclosed 0 ph 3
SALT523 232 id 9 orth 1 own 0 union 1 n 213 ownN 79
SALT523 232 id 9 orth 1 own 0 union 1 n 214 ownN 79
CREW523 233 site mag slotfs 3 merged 3 won 0 n 4 of 614
CREW523 233 site budget slotfs 3 merged 3 won 0 n 4 of 615
CREW523 233 site spawn slotfs 3 merged 3 won 0 n 4 of 616
PH523 233 id 3 body 1 arc 2 orth 1 own 0 merged 1 arcclosed 0 ph 3
SALT523 233 id 3 orth 1 own 0 union 1 n 193 ownN 103
SALT523 233 id 3 orth 1 own 0 union 1 n 194 ownN 103
PH523 233 id 9 body 2 arc 1 orth 1 own 0 merged 1 arcclosed 0 ph 3
SALT523 233 id 9 orth 1 own 0 union 1 n 215 ownN 79
SALT523 233 id 9 orth 1 own 0 union 1 n 216 ownN 79
CREW523 234 site mag slotfs 3 merged 3 won 0 n 4 of 617
CREW523 234 site budget slotfs 3 merged 3 won 0 n 4 of 618
CREW523 234 site spawn slotfs 3 merged 3 won 0 n 4 of 619
PH523 234 id 3 body 1 arc 2 orth 1 own 0 merged 1 arcclosed 0 ph 3
SALT523 234 id 3 orth 1 own 0 union 1 n 195 ownN 103
SALT523 234 id 3 orth 1 own 0 union 1 n 196 ownN 103
PH523 234 id 9 body 2 arc 1 orth 1 own 0 merged 1 arcclosed 0 ph 3
SALT523 234 id 9 orth 1 own 0 union 1 n 217 ownN 79
SALT523 234 id 9 orth 1 own 0 union 1 n 218 ownN 79
CREW523 235 site mag slotfs 3 merged 3 won 0 n 4 of 620
CREW523 235 site budget slotfs 3 merged 3 won 0 n 4 of 621
CREW523 235 site spawn slotfs 3 merged 3 won 0 n 4 of 622
PH523 235 id 3 body 1 arc 2 orth 1 own 0 merged 1 arcclosed 0 ph 3
SALT523 235 id 3 orth 1 own 0 union 1 n 197 ownN 103
SALT523 235 id 3 orth 1 own 0 union 1 n 198 ownN 103
PH523 235 id 9 body 2 arc 1 orth 1 own 0 merged 1 arcclosed 0 ph 3
SALT523 235 id 9 orth 1 own 0 union 1 n 219 ownN 79
SALT523 235 id 9 orth 1 own 0 union 1 n 220 ownN 79
CREW523 236 site mag slotfs 3 merged 3 won 0 n 4 of 623
CREW523 236 site budget slotfs 3 merged 3 won 0 n 4 of 624
CREW523 236 site spawn slotfs 3 merged 3 won 0 n 4 of 625
PH523 236 id 3 body 1 arc 2 orth 1 own 0 merged 1 arcclosed 0 ph 3
SALT523 236 id 3 orth 1 own 0 union 1 n 199 ownN 103
SALT523 236 id 3 orth 1 own 0 union 1 n 200 ownN 103
PH523 236 id 9 body 2 arc 1 orth 1 own 0 merged 1 arcclosed 0 ph 3
SALT523 236 id 9 orth 1 own 0 union 1 n 221 ownN 79
SALT523 236 id 9 orth 1 own 0 union 1 n 222 ownN 79
CREW523 237 site mag slotfs 3 merged 3 won 0 n 4 of 626
CREW523 237 site budget slotfs 3 merged 3 won 0 n 4 of 627
CREW523 237 site spawn slotfs 3 merged 3 won 0 n 4 of 628
PH523 237 id 3 body 1 arc 2 orth 1 own 0 merged 1 arcclosed 0 ph 3
SALT523 237 id 3 orth 1 own 0 union 1 n 201 ownN 103
SALT523 237 id 3 orth 1 own 0 union 1 n 202 ownN 103
PH523 237 id 9 body 2 arc 1 orth 1 own 0 merged 1 arcclosed 0 ph 3
SALT523 237 id 9 orth 1 own 0 union 1 n 223 ownN 79
SALT523 237 id 9 orth 1 own 0 union 1 n 224 ownN 79
CREW523 238 site mag slotfs 3 merged 3 won 0 n 4 of 629
CREW523 238 site budget slotfs 3 merged 3 won 0 n 4 of 630
CREW523 238 site spawn slotfs 3 merged 3 won 0 n 4 of 631
PH523 238 id 3 body 1 arc 2 orth 1 own 0 merged 1 arcclosed 0 ph 3
SALT523 238 id 3 orth 1 own 0 union 1 n 203 ownN 103
SALT523 238 id 3 orth 1 own 0 union 1 n 204 ownN 103
PH523 238 id 9 body 2 arc 1 orth 1 own 0 merged 1 arcclosed 0 ph 3
SALT523 238 id 9 orth 1 own 0 union 1 n 225 ownN 79
SALT523 238 id 9 orth 1 own 0 union 1 n 226 ownN 79
CREW523 239 site mag slotfs 3 merged 3 won 0 n 4 of 632
CREW523 239 site budget slotfs 3 merged 3 won 0 n 4 of 633
CREW523 239 site spawn slotfs 3 merged 3 won 0 n 4 of 634
PH523 239 id 3 body 1 arc 2 orth 1 own 0 merged 1 arcclosed 0 ph 3
SALT523 239 id 3 orth 1 own 0 union 1 n 205 ownN 103
SALT523 239 id 3 orth 1 own 0 union 1 n 206 ownN 103
PH523 239 id 9 body 2 arc 1 orth 1 own 0 merged 1 arcclosed 0 ph 3
SALT523 239 id 9 orth 1 own 0 union 1 n 227 ownN 79
SALT523 239 id 9 orth 1 own 0 union 1 n 228 ownN 79
CREW523 240 site mag slotfs 3 merged 3 won 0 n 4 of 635
CREW523 240 site budget slotfs 3 merged 3 won 0 n 4 of 636
CREW523 240 site spawn slotfs 3 merged 3 won 0 n 4 of 637
PH523 240 id 3 body 1 arc 2 orth 1 own 0 merged 1 arcclosed 0 ph 3
SALT523 240 id 3 orth 1 own 0 union 1 n 207 ownN 103
SALT523 240 id 3 orth 1 own 0 union 1 n 208 ownN 103
PH523 240 id 9 body 2 arc 1 orth 1 own 0 merged 1 arcclosed 0 ph 3
SALT523 240 id 9 orth 1 own 0 union 1 n 229 ownN 79
SALT523 240 id 9 orth 1 own 0 union 1 n 230 ownN 79
CREW523 241 site mag slotfs 3 merged 3 won 0 n 4 of 638
CREW523 241 site budget slotfs 3 merged 3 won 0 n 4 of 639
CREW523 241 site spawn slotfs 3 merged 3 won 0 n 4 of 640
PH523 241 id 3 body 1 arc 2 orth 1 own 0 merged 1 arcclosed 0 ph 3
SALT523 241 id 3 orth 1 own 0 union 1 n 209 ownN 103
SALT523 241 id 3 orth 1 own 0 union 1 n 210 ownN 103
PH523 241 id 9 body 2 arc 1 orth 1 own 0 merged 1 arcclosed 0 ph 3
SALT523 241 id 9 orth 1 own 0 union 1 n 231 ownN 79
SALT523 241 id 9 orth 1 own 0 union 1 n 232 ownN 79
CREW523 242 site mag slotfs 3 merged 3 won 0 n 4 of 641
CREW523 242 site budget slotfs 3 merged 3 won 0 n 4 of 642
CREW523 242 site spawn slotfs 3 merged 3 won 0 n 4 of 643
PH523 242 id 3 body 1 arc 2 orth 2 own 0 merged 1 arcclosed 0 ph 3
SALT523 242 id 3 orth 2 own 0 union 1 n 211 ownN 103
SALT523 242 id 3 orth 2 own 0 union 1 n 212 ownN 103
PH523 242 id 9 body 2 arc 1 orth 2 own 0 merged 1 arcclosed 0 ph 3
SALT523 242 id 9 orth 2 own 0 union 1 n 233 ownN 79
SALT523 242 id 9 orth 2 own 0 union 1 n 234 ownN 79
CREW523 243 site mag slotfs 3 merged 3 won 0 n 4 of 644
CREW523 243 site budget slotfs 3 merged 3 won 0 n 4 of 645
CREW523 243 site spawn slotfs 3 merged 3 won 0 n 4 of 646
PH523 243 id 3 body 1 arc 2 orth 2 own 0 merged 1 arcclosed 0 ph 3
SALT523 243 id 3 orth 2 own 0 union 1 n 213 ownN 103
SALT523 243 id 3 orth 2 own 0 union 1 n 214 ownN 103
PH523 243 id 9 body 2 arc 1 orth 2 own 0 merged 1 arcclosed 0 ph 3
SALT523 243 id 9 orth 2 own 0 union 1 n 235 ownN 79
SALT523 243 id 9 orth 2 own 0 union 1 n 236 ownN 79
CREW523 244 site mag slotfs 3 merged 3 won 0 n 4 of 647
CREW523 244 site budget slotfs 3 merged 3 won 0 n 4 of 648
CREW523 244 site spawn slotfs 3 merged 3 won 0 n 4 of 649
PH523 244 id 3 body 1 arc 2 orth 2 own 0 merged 1 arcclosed 0 ph 3
SALT523 244 id 3 orth 2 own 0 union 1 n 215 ownN 103
SALT523 244 id 3 orth 2 own 0 union 1 n 216 ownN 103
PH523 244 id 9 body 2 arc 1 orth 2 own 0 merged 1 arcclosed 0 ph 3
SALT523 244 id 9 orth 2 own 0 union 1 n 237 ownN 79
SALT523 244 id 9 orth 2 own 0 union 1 n 238 ownN 79
CREW523 245 site mag slotfs 3 merged 3 won 0 n 4 of 650
CREW523 245 site budget slotfs 3 merged 3 won 0 n 4 of 651
CREW523 245 site spawn slotfs 3 merged 3 won 0 n 4 of 652
PH523 245 id 3 body 1 arc 2 orth 2 own 0 merged 1 arcclosed 0 ph 3
PH523 245 id 9 body 2 arc 1 orth 4 own 0 merged 1 arcclosed 0 ph 3
SALT523 245 id 9 orth 4 own 0 union 1 n 239 ownN 79
SALT523 245 id 9 orth 4 own 0 union 1 n 240 ownN 79
CREW523 246 site mag slotfs 3 merged 3 won 0 n 4 of 653
CREW523 246 site budget slotfs 3 merged 3 won 0 n 4 of 654
CREW523 246 site spawn slotfs 3 merged 3 won 0 n 4 of 655
PH523 246 id 3 body 1 arc 2 orth 2 own 0 merged 1 arcclosed 0 ph 3
SALT523 246 id 3 orth 2 own 0 union 1 n 217 ownN 103
SALT523 246 id 3 orth 2 own 0 union 1 n 218 ownN 103
PH523 246 id 9 body 2 arc 1 orth 6 own 0 merged 1 arcclosed 0 ph 3
SALT523 246 id 9 orth 6 own 0 union 1 n 241 ownN 79
SALT523 246 id 9 orth 6 own 0 union 1 n 242 ownN 79
CREW523 247 site mag slotfs 3 merged 3 won 0 n 4 of 656
CREW523 247 site budget slotfs 3 merged 3 won 0 n 4 of 657
CREW523 247 site spawn slotfs 3 merged 3 won 0 n 4 of 658
PH523 247 id 3 body 1 arc 2 orth 2 own 0 merged 1 arcclosed 0 ph 3
PH523 247 id 9 body 2 arc 1 orth 5 own 0 merged 1 arcclosed 0 ph 3
SALT523 247 id 9 orth 5 own 0 union 1 n 243 ownN 79
SALT523 247 id 9 orth 5 own 0 union 1 n 244 ownN 79
CREW523 248 site mag slotfs 3 merged 3 won 0 n 4 of 659
CREW523 248 site budget slotfs 3 merged 3 won 0 n 4 of 660
CREW523 248 site spawn slotfs 3 merged 3 won 0 n 4 of 661
PH523 248 id 3 body 1 arc 2 orth 2 own 0 merged 1 arcclosed 0 ph 3
SALT523 248 id 3 orth 2 own 0 union 1 n 219 ownN 103
SALT523 248 id 3 orth 2 own 0 union 1 n 220 ownN 103
PH523 248 id 9 body 2 arc 1 orth 4 own 0 merged 1 arcclosed 0 ph 3
SALT523 248 id 9 orth 4 own 0 union 1 n 245 ownN 79
SALT523 248 id 9 orth 4 own 0 union 1 n 246 ownN 79
CREW523 249 site mag slotfs 3 merged 3 won 0 n 4 of 662
CREW523 249 site budget slotfs 3 merged 3 won 0 n 4 of 663
CREW523 249 site spawn slotfs 3 merged 3 won 0 n 4 of 664
PH523 249 id 3 body 1 arc 2 orth 2 own 0 merged 1 arcclosed 0 ph 3
PH523 249 id 9 body 2 arc 1 orth 2 own 0 merged 1 arcclosed 0 ph 3
SALT523 249 id 9 orth 2 own 0 union 1 n 247 ownN 79
CREW523 250 site mag slotfs 3 merged 3 won 0 n 4 of 665
CREW523 250 site budget slotfs 3 merged 3 won 0 n 4 of 666
CREW523 250 site spawn slotfs 3 merged 3 won 0 n 4 of 667
PH523 250 id 3 body 1 arc 2 orth 1 own 0 merged 1 arcclosed 0 ph 3
SALT523 250 id 3 orth 1 own 0 union 1 n 221 ownN 103
SALT523 250 id 3 orth 1 own 0 union 1 n 222 ownN 103
PH523 250 id 9 body 2 arc 1 orth 1 own 0 merged 1 arcclosed 0 ph 3
SALT523 250 id 9 orth 1 own 0 union 1 n 248 ownN 79
SALT523 250 id 9 orth 1 own 0 union 1 n 249 ownN 79
CREW523 251 site mag slotfs 3 merged 3 won 0 n 4 of 668
CREW523 251 site budget slotfs 3 merged 3 won 0 n 4 of 669
CREW523 251 site spawn slotfs 3 merged 3 won 0 n 4 of 670
PH523 251 id 3 body 1 arc 2 orth 1 own 0 merged 1 arcclosed 0 ph 3
SALT523 251 id 3 orth 1 own 0 union 1 n 223 ownN 103
SALT523 251 id 3 orth 1 own 0 union 1 n 224 ownN 103
PH523 251 id 9 body 2 arc 1 orth 1 own 0 merged 1 arcclosed 0 ph 3
SALT523 251 id 9 orth 1 own 0 union 1 n 250 ownN 79
SALT523 251 id 9 orth 1 own 0 union 1 n 251 ownN 79
CREW523 252 site mag slotfs 3 merged 3 won 0 n 4 of 671
CREW523 252 site budget slotfs 3 merged 3 won 0 n 4 of 672
CREW523 252 site spawn slotfs 3 merged 3 won 0 n 4 of 673
PH523 252 id 3 body 1 arc 2 orth 1 own 0 merged 1 arcclosed 0 ph 3
SALT523 252 id 3 orth 1 own 0 union 1 n 225 ownN 103
SALT523 252 id 3 orth 1 own 0 union 1 n 226 ownN 103
PH523 252 id 9 body 2 arc 1 orth 1 own 0 merged 1 arcclosed 0 ph 3
SALT523 252 id 9 orth 1 own 0 union 1 n 252 ownN 79
SALT523 252 id 9 orth 1 own 0 union 1 n 253 ownN 79
CREW523 253 site mag slotfs 3 merged 3 won 0 n 4 of 674
CREW523 253 site budget slotfs 3 merged 3 won 0 n 4 of 675
CREW523 253 site spawn slotfs 3 merged 3 won 0 n 4 of 676
PH523 253 id 3 body 1 arc 2 orth 1 own 0 merged 1 arcclosed 0 ph 3
SALT523 253 id 3 orth 1 own 0 union 1 n 227 ownN 103
SALT523 253 id 3 orth 1 own 0 union 1 n 228 ownN 103
PH523 253 id 9 body 2 arc 1 orth 1 own 0 merged 1 arcclosed 0 ph 3
SALT523 253 id 9 orth 1 own 0 union 1 n 254 ownN 79
SALT523 253 id 9 orth 1 own 0 union 1 n 255 ownN 79
CREW523 254 site mag slotfs 3 merged 3 won 0 n 4 of 677
CREW523 254 site budget slotfs 3 merged 3 won 0 n 4 of 678
CREW523 254 site spawn slotfs 3 merged 3 won 0 n 4 of 679
PH523 254 id 3 body 1 arc 2 orth 1 own 0 merged 1 arcclosed 0 ph 3
SALT523 254 id 3 orth 1 own 0 union 1 n 229 ownN 103
SALT523 254 id 3 orth 1 own 0 union 1 n 230 ownN 103
PH523 254 id 9 body 2 arc 1 orth 1 own 0 merged 1 arcclosed 0 ph 3
SALT523 254 id 9 orth 1 own 0 union 1 n 256 ownN 79
SALT523 254 id 9 orth 1 own 0 union 1 n 257 ownN 79
CREW523 255 site mag slotfs 3 merged 3 won 0 n 4 of 680
CREW523 255 site budget slotfs 3 merged 3 won 0 n 4 of 681
CREW523 255 site spawn slotfs 3 merged 3 won 0 n 4 of 682
PH523 255 id 3 body 1 arc 2 orth 1 own 0 merged 1 arcclosed 0 ph 3
PH523 255 id 9 body 2 arc 1 orth 3 own 0 merged 1 arcclosed 0 ph 3
CREW523 256 site mag slotfs 3 merged 3 won 0 n 4 of 683
CREW523 256 site budget slotfs 3 merged 3 won 0 n 4 of 684
CREW523 256 site spawn slotfs 3 merged 3 won 0 n 4 of 685
PH523 256 id 3 body 1 arc 2 orth 1 own 0 merged 1 arcclosed 0 ph 3
SALT523 256 id 3 orth 1 own 0 union 1 n 231 ownN 103
SALT523 256 id 3 orth 1 own 0 union 1 n 232 ownN 103
PH523 256 id 9 body 2 arc 1 orth 1 own 0 merged 1 arcclosed 0 ph 3
SALT523 256 id 9 orth 1 own 0 union 1 n 258 ownN 79
SALT523 256 id 9 orth 1 own 0 union 1 n 259 ownN 79
CREW523 257 site mag slotfs 3 merged 3 won 0 n 4 of 686
CREW523 257 site budget slotfs 3 merged 3 won 0 n 4 of 687
CREW523 257 site spawn slotfs 3 merged 3 won 0 n 4 of 688
PH523 257 id 3 body 1 arc 2 orth 1 own 0 merged 1 arcclosed 0 ph 3
PH523 257 id 9 body 2 arc 1 orth 3 own 0 merged 1 arcclosed 0 ph 3
CREW523 258 site mag slotfs 3 merged 3 won 0 n 4 of 689
CREW523 258 site budget slotfs 3 merged 3 won 0 n 4 of 690
CREW523 258 site spawn slotfs 3 merged 3 won 0 n 4 of 691
PH523 258 id 3 body 1 arc 2 orth 1 own 0 merged 1 arcclosed 0 ph 3
SALT523 258 id 3 orth 1 own 0 union 1 n 233 ownN 103
SALT523 258 id 3 orth 1 own 0 union 1 n 234 ownN 103
PH523 258 id 9 body 2 arc 1 orth 1 own 0 merged 1 arcclosed 0 ph 3
SALT523 258 id 9 orth 1 own 0 union 1 n 260 ownN 79
SALT523 258 id 9 orth 1 own 0 union 1 n 261 ownN 79
CREW523 259 site mag slotfs 3 merged 3 won 0 n 4 of 692
CREW523 259 site budget slotfs 3 merged 3 won 0 n 4 of 693
CREW523 259 site spawn slotfs 3 merged 3 won 0 n 4 of 694
PH523 259 id 3 body 1 arc 2 orth 1 own 0 merged 1 arcclosed 0 ph 3
PH523 259 id 9 body 2 arc 1 orth 3 own 0 merged 1 arcclosed 0 ph 3
CREW523 260 site mag slotfs 3 merged 3 won 0 n 4 of 695
CREW523 260 site budget slotfs 3 merged 3 won 0 n 4 of 696
CREW523 260 site spawn slotfs 3 merged 3 won 0 n 4 of 697
PH523 260 id 3 body 1 arc 2 orth 1 own 0 merged 1 arcclosed 0 ph 3
SALT523 260 id 3 orth 1 own 0 union 1 n 235 ownN 103
SALT523 260 id 3 orth 1 own 0 union 1 n 236 ownN 103
PH523 260 id 9 body 2 arc 1 orth 1 own 0 merged 1 arcclosed 0 ph 3
SALT523 260 id 9 orth 1 own 0 union 1 n 262 ownN 79
SALT523 260 id 9 orth 1 own 0 union 1 n 263 ownN 79
CREW523 261 site mag slotfs 3 merged 3 won 0 n 4 of 698
CREW523 261 site budget slotfs 3 merged 3 won 0 n 4 of 699
CREW523 261 site spawn slotfs 3 merged 3 won 0 n 4 of 700
PH523 261 id 3 body 1 arc 2 orth 1 own 0 merged 1 arcclosed 0 ph 3
SALT523 261 id 3 orth 1 own 0 union 1 n 237 ownN 103
SALT523 261 id 3 orth 1 own 0 union 1 n 238 ownN 103
PH523 261 id 9 body 2 arc 1 orth 3 own 0 merged 1 arcclosed 0 ph 3
CREW523 262 site mag slotfs 3 merged 3 won 0 n 4 of 701
CREW523 262 site budget slotfs 3 merged 3 won 0 n 4 of 702
CREW523 262 site spawn slotfs 3 merged 3 won 0 n 4 of 703
PH523 262 id 3 body 1 arc 2 orth 1 own 0 merged 1 arcclosed 0 ph 3
SALT523 262 id 3 orth 1 own 0 union 1 n 239 ownN 103
SALT523 262 id 3 orth 1 own 0 union 1 n 240 ownN 103
PH523 262 id 9 body 2 arc 1 orth 1 own 0 merged 1 arcclosed 0 ph 3
SALT523 262 id 9 orth 1 own 0 union 1 n 264 ownN 79
SALT523 262 id 9 orth 1 own 0 union 1 n 265 ownN 79
CREW523 263 site mag slotfs 3 merged 3 won 0 n 4 of 704
CREW523 263 site budget slotfs 3 merged 3 won 0 n 4 of 705
CREW523 263 site spawn slotfs 3 merged 3 won 0 n 4 of 706
PH523 263 id 3 body 1 arc 2 orth 1 own 0 merged 1 arcclosed 0 ph 3
SALT523 263 id 3 orth 1 own 0 union 1 n 241 ownN 103
PH523 263 id 9 body 2 arc 1 orth 0 own 1 merged 1 arcclosed 0 ph 3
CREW523 264 site mag slotfs 3 merged 3 won 0 n 4 of 707
CREW523 264 site budget slotfs 3 merged 3 won 0 n 4 of 708
CREW523 264 site spawn slotfs 3 merged 3 won 0 n 4 of 709
PH523 264 id 3 body 1 arc 2 orth 0 own 1 merged 1 arcclosed 0 ph 3
PH523 264 id 9 body 2 arc 1 orth 2 own 0 merged 1 arcclosed 0 ph 3
CREW523 265 site mag slotfs 3 merged 3 won 0 n 4 of 710
CREW523 265 site budget slotfs 3 merged 3 won 0 n 4 of 711
CREW523 265 site spawn slotfs 3 merged 3 won 0 n 4 of 712
PH523 265 id 3 body 1 arc 2 orth 0 own 1 merged 1 arcclosed 0 ph 3
PH523 265 id 9 body 2 arc 1 orth 2 own 0 merged 1 arcclosed 0 ph 3
SALT523 265 id 9 orth 2 own 0 union 1 n 266 ownN 81
SALT523 265 id 9 orth 2 own 0 union 1 n 267 ownN 81
CREW523 266 site mag slotfs 3 merged 3 won 0 n 4 of 713
CREW523 266 site budget slotfs 3 merged 3 won 0 n 4 of 714
CREW523 266 site spawn slotfs 3 merged 3 won 0 n 4 of 715
PH523 266 id 3 body 1 arc 2 orth 0 own 1 merged 1 arcclosed 0 ph 3
PH523 266 id 9 body 2 arc 1 orth 3 own 0 merged 1 arcclosed 0 ph 3
SALT523 266 id 9 orth 3 own 0 union 1 n 268 ownN 81
CREW523 267 site mag slotfs 3 merged 3 won 0 n 4 of 716
CREW523 267 site budget slotfs 3 merged 3 won 0 n 4 of 717
CREW523 267 site spawn slotfs 3 merged 3 won 0 n 4 of 718
PH523 267 id 3 body 1 arc 2 orth 0 own 1 merged 1 arcclosed 0 ph 3
PH523 267 id 9 body 2 arc 1 orth 3 own 0 merged 1 arcclosed 0 ph 3
SALT523 267 id 9 orth 3 own 0 union 1 n 269 ownN 81
SALT523 267 id 9 orth 3 own 0 union 1 n 270 ownN 81
CREW523 268 site mag slotfs 3 merged 3 won 0 n 4 of 719
CREW523 268 site budget slotfs 3 merged 3 won 0 n 4 of 720
CREW523 268 site spawn slotfs 3 merged 3 won 0 n 4 of 721
PH523 268 id 3 body 1 arc 2 orth 0 own 1 merged 1 arcclosed 0 ph 3
PH523 268 id 9 body 2 arc 1 orth 4 own 0 merged 1 arcclosed 0 ph 3
SALT523 268 id 9 orth 4 own 0 union 1 n 271 ownN 81
SALT523 268 id 9 orth 4 own 0 union 1 n 272 ownN 81
CREW523 269 site mag slotfs 3 merged 3 won 0 n 4 of 722
CREW523 269 site budget slotfs 3 merged 3 won 0 n 4 of 723
CREW523 269 site spawn slotfs 3 merged 3 won 0 n 4 of 724
PH523 269 id 3 body 1 arc 2 orth 0 own 1 merged 1 arcclosed 0 ph 3
PH523 269 id 9 body 2 arc 1 orth 2 own 0 merged 1 arcclosed 0 ph 3
SALT523 269 id 9 orth 2 own 0 union 1 n 273 ownN 81
SALT523 269 id 9 orth 2 own 0 union 1 n 274 ownN 81
CREW523 270 site mag slotfs 3 merged 3 won 0 n 4 of 725
CREW523 270 site budget slotfs 3 merged 3 won 0 n 4 of 726
CREW523 270 site spawn slotfs 3 merged 3 won 0 n 4 of 727
PH523 270 id 3 body 1 arc 2 orth 0 own 1 merged 1 arcclosed 0 ph 3
PH523 270 id 9 body 2 arc 1 orth 4 own 0 merged 1 arcclosed 0 ph 3
SALT523 270 id 9 orth 4 own 0 union 1 n 275 ownN 81
SALT523 270 id 9 orth 4 own 0 union 1 n 276 ownN 81
CREW523 271 site mag slotfs 3 merged 3 won 0 n 4 of 728
CREW523 271 site budget slotfs 3 merged 3 won 0 n 4 of 729
CREW523 271 site spawn slotfs 3 merged 3 won 0 n 4 of 730
PH523 271 id 3 body 1 arc 2 orth 0 own 1 merged 1 arcclosed 0 ph 3
PH523 271 id 9 body 2 arc 1 orth 2 own 0 merged 1 arcclosed 0 ph 3
SALT523 271 id 9 orth 2 own 0 union 1 n 277 ownN 81
SALT523 271 id 9 orth 2 own 0 union 1 n 278 ownN 81
CREW523 272 site mag slotfs 3 merged 3 won 0 n 4 of 731
CREW523 272 site budget slotfs 3 merged 3 won 0 n 4 of 732
CREW523 272 site spawn slotfs 3 merged 3 won 0 n 4 of 733
PH523 272 id 3 body 1 arc 2 orth 0 own 1 merged 1 arcclosed 0 ph 3
PH523 272 id 9 body 2 arc 1 orth 4 own 0 merged 1 arcclosed 0 ph 3
SALT523 272 id 9 orth 4 own 0 union 1 n 279 ownN 81
SALT523 272 id 9 orth 4 own 0 union 1 n 280 ownN 81
CREW523 273 site mag slotfs 3 merged 3 won 0 n 4 of 734
CREW523 273 site budget slotfs 3 merged 3 won 0 n 4 of 735
CREW523 273 site spawn slotfs 3 merged 3 won 0 n 4 of 736
PH523 273 id 3 body 1 arc 2 orth 0 own 1 merged 1 arcclosed 0 ph 3
PH523 273 id 9 body 2 arc 1 orth 2 own 0 merged 1 arcclosed 0 ph 3
SALT523 273 id 9 orth 2 own 0 union 1 n 281 ownN 81
SALT523 273 id 9 orth 2 own 0 union 1 n 282 ownN 81
CREW523 274 site mag slotfs 3 merged 3 won 0 n 4 of 737
CREW523 274 site budget slotfs 3 merged 3 won 0 n 4 of 738
CREW523 274 site spawn slotfs 3 merged 3 won 0 n 4 of 739
PH523 274 id 3 body 1 arc 2 orth 0 own 1 merged 1 arcclosed 0 ph 3
PH523 274 id 9 body 2 arc 1 orth 4 own 0 merged 1 arcclosed 0 ph 3
SALT523 274 id 9 orth 4 own 0 union 1 n 283 ownN 81
SALT523 274 id 9 orth 4 own 0 union 1 n 284 ownN 81
CREW523 275 site mag slotfs 3 merged 3 won 0 n 4 of 740
CREW523 275 site budget slotfs 3 merged 3 won 0 n 4 of 741
CREW523 275 site spawn slotfs 3 merged 3 won 0 n 4 of 742
PH523 275 id 3 body 1 arc 2 orth 0 own 1 merged 1 arcclosed 0 ph 3
PH523 275 id 9 body 2 arc 1 orth 2 own 0 merged 1 arcclosed 0 ph 3
SALT523 275 id 9 orth 2 own 0 union 1 n 285 ownN 81
SALT523 275 id 9 orth 2 own 0 union 1 n 286 ownN 81
CREW523 276 site mag slotfs 3 merged 3 won 0 n 4 of 743
CREW523 276 site budget slotfs 3 merged 3 won 0 n 4 of 744
CREW523 276 site spawn slotfs 3 merged 3 won 0 n 4 of 745
PH523 276 id 3 body 1 arc 2 orth 0 own 1 merged 1 arcclosed 0 ph 3
PH523 276 id 9 body 2 arc 1 orth 4 own 0 merged 1 arcclosed 0 ph 3
SALT523 276 id 9 orth 4 own 0 union 1 n 287 ownN 81
SALT523 276 id 9 orth 4 own 0 union 1 n 288 ownN 81
CREW523 277 site mag slotfs 3 merged 3 won 0 n 4 of 746
CREW523 277 site budget slotfs 3 merged 3 won 0 n 4 of 747
CREW523 277 site spawn slotfs 3 merged 3 won 0 n 4 of 748
PH523 277 id 3 body 1 arc 2 orth 0 own 1 merged 1 arcclosed 0 ph 3
PH523 277 id 9 body 2 arc 1 orth 2 own 0 merged 1 arcclosed 0 ph 3
SALT523 277 id 9 orth 2 own 0 union 1 n 289 ownN 81
SALT523 277 id 9 orth 2 own 0 union 1 n 290 ownN 81
CREW523 278 site mag slotfs 3 merged 3 won 0 n 4 of 749
CREW523 278 site budget slotfs 3 merged 3 won 0 n 4 of 750
CREW523 278 site spawn slotfs 3 merged 3 won 0 n 4 of 751
PH523 278 id 3 body 1 arc 2 orth 0 own 1 merged 1 arcclosed 0 ph 3
PH523 278 id 9 body 2 arc 1 orth 4 own 0 merged 1 arcclosed 0 ph 3
SALT523 278 id 9 orth 4 own 0 union 1 n 291 ownN 81
SALT523 278 id 9 orth 4 own 0 union 1 n 292 ownN 81
CREW523 279 site mag slotfs 3 merged 3 won 0 n 4 of 752
CREW523 279 site budget slotfs 3 merged 3 won 0 n 4 of 753
CREW523 279 site spawn slotfs 3 merged 3 won 0 n 4 of 754
PH523 279 id 3 body 1 arc 2 orth 1 own 0 merged 1 arcclosed 0 ph 3
SALT523 279 id 3 orth 1 own 0 union 1 n 242 ownN 132
SALT523 279 id 3 orth 1 own 0 union 1 n 243 ownN 132
PH523 279 id 9 body 2 arc 1 orth 3 own 0 merged 1 arcclosed 0 ph 3
SALT523 279 id 9 orth 3 own 0 union 1 n 293 ownN 81
SALT523 279 id 9 orth 3 own 0 union 1 n 294 ownN 81
CREW523 280 site mag slotfs 3 merged 3 won 0 n 4 of 755
CREW523 280 site budget slotfs 3 merged 3 won 0 n 4 of 756
CREW523 280 site spawn slotfs 3 merged 3 won 0 n 4 of 757
PH523 280 id 3 body 1 arc 2 orth 1 own 0 merged 1 arcclosed 0 ph 3
SALT523 280 id 3 orth 1 own 0 union 1 n 244 ownN 132
SALT523 280 id 3 orth 1 own 0 union 1 n 245 ownN 132
PH523 280 id 9 body 2 arc 1 orth 5 own 0 merged 1 arcclosed 0 ph 3
SALT523 280 id 9 orth 5 own 0 union 1 n 295 ownN 81
SALT523 280 id 9 orth 5 own 0 union 1 n 296 ownN 81
CREW523 281 site mag slotfs 3 merged 3 won 0 n 4 of 758
CREW523 281 site budget slotfs 3 merged 3 won 0 n 4 of 759
CREW523 281 site spawn slotfs 3 merged 3 won 0 n 4 of 760
PH523 281 id 3 body 1 arc 2 orth 1 own 0 merged 1 arcclosed 0 ph 3
SALT523 281 id 3 orth 1 own 0 union 1 n 246 ownN 132
SALT523 281 id 3 orth 1 own 0 union 1 n 247 ownN 132
PH523 281 id 9 body 2 arc 1 orth 3 own 0 merged 1 arcclosed 0 ph 3
CREW523 282 site mag slotfs 3 merged 3 won 0 n 4 of 761
CREW523 282 site budget slotfs 3 merged 3 won 0 n 4 of 762
CREW523 282 site spawn slotfs 3 merged 3 won 0 n 4 of 763
PH523 282 id 3 body 1 arc 2 orth 1 own 0 merged 1 arcclosed 0 ph 3
SALT523 282 id 3 orth 1 own 0 union 1 n 248 ownN 132
SALT523 282 id 3 orth 1 own 0 union 1 n 249 ownN 132
PH523 282 id 9 body 2 arc 1 orth 1 own 0 merged 1 arcclosed 0 ph 3
SALT523 282 id 9 orth 1 own 0 union 1 n 297 ownN 81
SALT523 282 id 9 orth 1 own 0 union 1 n 298 ownN 81
CREW523 283 site mag slotfs 3 merged 3 won 0 n 4 of 764
CREW523 283 site budget slotfs 3 merged 3 won 0 n 4 of 765
CREW523 283 site spawn slotfs 3 merged 3 won 0 n 4 of 766
PH523 283 id 3 body 1 arc 2 orth 1 own 0 merged 1 arcclosed 0 ph 3
SALT523 283 id 3 orth 1 own 0 union 1 n 250 ownN 132
SALT523 283 id 3 orth 1 own 0 union 1 n 251 ownN 132
PH523 283 id 9 body 2 arc 1 orth 1 own 0 merged 1 arcclosed 0 ph 3
SALT523 283 id 9 orth 1 own 0 union 1 n 299 ownN 81
SALT523 283 id 9 orth 1 own 0 union 1 n 300 ownN 81
CREW523 284 site mag slotfs 3 merged 3 won 0 n 4 of 767
CREW523 284 site budget slotfs 3 merged 3 won 0 n 4 of 768
CREW523 284 site spawn slotfs 3 merged 3 won 0 n 4 of 769
PH523 284 id 3 body 1 arc 2 orth 1 own 0 merged 1 arcclosed 0 ph 3
SALT523 284 id 3 orth 1 own 0 union 1 n 252 ownN 132
SALT523 284 id 3 orth 1 own 0 union 1 n 253 ownN 132
PH523 284 id 9 body 2 arc 1 orth 1 own 0 merged 1 arcclosed 0 ph 3
SALT523 284 id 9 orth 1 own 0 union 1 n 301 ownN 81
SALT523 284 id 9 orth 1 own 0 union 1 n 302 ownN 81
CREW523 285 site mag slotfs 3 merged 3 won 0 n 4 of 770
CREW523 285 site budget slotfs 3 merged 3 won 0 n 4 of 771
CREW523 285 site spawn slotfs 3 merged 3 won 0 n 4 of 772
PH523 285 id 3 body 1 arc 2 orth 1 own 0 merged 1 arcclosed 0 ph 3
SALT523 285 id 3 orth 1 own 0 union 1 n 254 ownN 132
SALT523 285 id 3 orth 1 own 0 union 1 n 255 ownN 132
PH523 285 id 9 body 2 arc 1 orth 1 own 0 merged 1 arcclosed 0 ph 3
SALT523 285 id 9 orth 1 own 0 union 1 n 303 ownN 81
SALT523 285 id 9 orth 1 own 0 union 1 n 304 ownN 81
CREW523 286 site mag slotfs 3 merged 3 won 0 n 4 of 773
CREW523 286 site budget slotfs 3 merged 3 won 0 n 4 of 774
CREW523 286 site spawn slotfs 3 merged 3 won 0 n 4 of 775
PH523 286 id 3 body 1 arc 2 orth 1 own 0 merged 1 arcclosed 0 ph 3
SALT523 286 id 3 orth 1 own 0 union 1 n 256 ownN 132
SALT523 286 id 3 orth 1 own 0 union 1 n 257 ownN 132
PH523 286 id 9 body 2 arc 1 orth 1 own 0 merged 1 arcclosed 0 ph 3
SALT523 286 id 9 orth 1 own 0 union 1 n 305 ownN 81
SALT523 286 id 9 orth 1 own 0 union 1 n 306 ownN 81
CREW523 287 site mag slotfs 3 merged 3 won 0 n 4 of 776
CREW523 287 site budget slotfs 3 merged 3 won 0 n 4 of 777
CREW523 287 site spawn slotfs 3 merged 3 won 0 n 4 of 778
PH523 287 id 3 body 1 arc 2 orth 1 own 0 merged 1 arcclosed 0 ph 3
SALT523 287 id 3 orth 1 own 0 union 1 n 258 ownN 132
SALT523 287 id 3 orth 1 own 0 union 1 n 259 ownN 132
PH523 287 id 9 body 2 arc 1 orth 1 own 0 merged 1 arcclosed 0 ph 3
SALT523 287 id 9 orth 1 own 0 union 1 n 307 ownN 81
SALT523 287 id 9 orth 1 own 0 union 1 n 308 ownN 81
CREW523 288 site mag slotfs 3 merged 3 won 0 n 4 of 779
CREW523 288 site budget slotfs 3 merged 3 won 0 n 4 of 780
CREW523 288 site spawn slotfs 3 merged 3 won 0 n 4 of 781
PH523 288 id 3 body 1 arc 2 orth 1 own 0 merged 1 arcclosed 0 ph 3
SALT523 288 id 3 orth 1 own 0 union 1 n 260 ownN 132
SALT523 288 id 3 orth 1 own 0 union 1 n 261 ownN 132
PH523 288 id 9 body 2 arc 1 orth 1 own 0 merged 1 arcclosed 0 ph 3
SALT523 288 id 9 orth 1 own 0 union 1 n 309 ownN 81
SALT523 288 id 9 orth 1 own 0 union 1 n 310 ownN 81
CREW523 289 site mag slotfs 3 merged 3 won 0 n 4 of 782
CREW523 289 site budget slotfs 3 merged 3 won 0 n 4 of 783
CREW523 289 site spawn slotfs 3 merged 3 won 0 n 4 of 784
PH523 289 id 3 body 1 arc 2 orth 1 own 0 merged 1 arcclosed 0 ph 3
SALT523 289 id 3 orth 1 own 0 union 1 n 262 ownN 132
SALT523 289 id 3 orth 1 own 0 union 1 n 263 ownN 132
PH523 289 id 9 body 2 arc 1 orth 1 own 0 merged 1 arcclosed 0 ph 3
SALT523 289 id 9 orth 1 own 0 union 1 n 311 ownN 81
SALT523 289 id 9 orth 1 own 0 union 1 n 312 ownN 81
CREW523 290 site mag slotfs 3 merged 3 won 0 n 4 of 785
CREW523 290 site budget slotfs 3 merged 3 won 0 n 4 of 786
CREW523 290 site spawn slotfs 3 merged 3 won 0 n 4 of 787
PH523 290 id 3 body 1 arc 2 orth 1 own 0 merged 1 arcclosed 0 ph 3
SALT523 290 id 3 orth 1 own 0 union 1 n 264 ownN 132
SALT523 290 id 3 orth 1 own 0 union 1 n 265 ownN 132
PH523 290 id 9 body 2 arc 1 orth 1 own 0 merged 1 arcclosed 0 ph 3
SALT523 290 id 9 orth 1 own 0 union 1 n 313 ownN 81
SALT523 290 id 9 orth 1 own 0 union 1 n 314 ownN 81
CREW523 291 site mag slotfs 3 merged 3 won 0 n 4 of 788
CREW523 291 site budget slotfs 3 merged 3 won 0 n 4 of 789
CREW523 291 site spawn slotfs 3 merged 3 won 0 n 4 of 790
PH523 291 id 3 body 1 arc 2 orth 1 own 0 merged 1 arcclosed 0 ph 3
SALT523 291 id 3 orth 1 own 0 union 1 n 266 ownN 132
SALT523 291 id 3 orth 1 own 0 union 1 n 267 ownN 132
PH523 291 id 9 body 2 arc 1 orth 1 own 0 merged 1 arcclosed 0 ph 3
SALT523 291 id 9 orth 1 own 0 union 1 n 315 ownN 81
SALT523 291 id 9 orth 1 own 0 union 1 n 316 ownN 81
CREW523 292 site mag slotfs 3 merged 3 won 0 n 4 of 791
CREW523 292 site budget slotfs 3 merged 3 won 0 n 4 of 792
CREW523 292 site spawn slotfs 3 merged 3 won 0 n 4 of 793
PH523 292 id 3 body 1 arc 2 orth 1 own 0 merged 1 arcclosed 0 ph 3
SALT523 292 id 3 orth 1 own 0 union 1 n 268 ownN 132
SALT523 292 id 3 orth 1 own 0 union 1 n 269 ownN 132
PH523 292 id 9 body 2 arc 1 orth 1 own 0 merged 1 arcclosed 0 ph 3
SALT523 292 id 9 orth 1 own 0 union 1 n 317 ownN 81
SALT523 292 id 9 orth 1 own 0 union 1 n 318 ownN 81
CREW523 293 site mag slotfs 3 merged 3 won 0 n 4 of 794
CREW523 293 site budget slotfs 3 merged 3 won 0 n 4 of 795
CREW523 293 site spawn slotfs 3 merged 3 won 0 n 4 of 796
PH523 293 id 3 body 1 arc 2 orth 1 own 0 merged 1 arcclosed 0 ph 3
SALT523 293 id 3 orth 1 own 0 union 1 n 270 ownN 132
SALT523 293 id 3 orth 1 own 0 union 1 n 271 ownN 132
PH523 293 id 9 body 2 arc 1 orth 1 own 0 merged 1 arcclosed 0 ph 3
SALT523 293 id 9 orth 1 own 0 union 1 n 319 ownN 81
SALT523 293 id 9 orth 1 own 0 union 1 n 320 ownN 81
CREW523 294 site mag slotfs 3 merged 3 won 0 n 4 of 797
CREW523 294 site budget slotfs 3 merged 3 won 0 n 4 of 798
CREW523 294 site spawn slotfs 3 merged 3 won 0 n 4 of 799
PH523 294 id 3 body 1 arc 2 orth 1 own 0 merged 1 arcclosed 0 ph 3
SALT523 294 id 3 orth 1 own 0 union 1 n 272 ownN 132
SALT523 294 id 3 orth 1 own 0 union 1 n 273 ownN 132
PH523 294 id 9 body 2 arc 1 orth 1 own 0 merged 1 arcclosed 0 ph 3
SALT523 294 id 9 orth 1 own 0 union 1 n 321 ownN 81
SALT523 294 id 9 orth 1 own 0 union 1 n 322 ownN 81
CREW523 295 site mag slotfs 3 merged 3 won 0 n 4 of 800
CREW523 295 site budget slotfs 3 merged 3 won 0 n 4 of 801
CREW523 295 site spawn slotfs 3 merged 3 won 0 n 4 of 802
PH523 295 id 3 body 1 arc 2 orth 1 own 0 merged 1 arcclosed 0 ph 3
SALT523 295 id 3 orth 1 own 0 union 1 n 274 ownN 132
SALT523 295 id 3 orth 1 own 0 union 1 n 275 ownN 132
PH523 295 id 9 body 2 arc 1 orth 1 own 0 merged 1 arcclosed 0 ph 3
SALT523 295 id 9 orth 1 own 0 union 1 n 323 ownN 81
SALT523 295 id 9 orth 1 own 0 union 1 n 324 ownN 81
CREW523 296 site mag slotfs 3 merged 3 won 0 n 4 of 803
CREW523 296 site budget slotfs 3 merged 3 won 0 n 4 of 804
CREW523 296 site spawn slotfs 3 merged 3 won 0 n 4 of 805
PH523 296 id 3 body 1 arc 2 orth 1 own 0 merged 1 arcclosed 0 ph 3
SALT523 296 id 3 orth 1 own 0 union 1 n 276 ownN 132
SALT523 296 id 3 orth 1 own 0 union 1 n 277 ownN 132
PH523 296 id 9 body 2 arc 1 orth 1 own 0 merged 1 arcclosed 0 ph 3
SALT523 296 id 9 orth 1 own 0 union 1 n 325 ownN 81
SALT523 296 id 9 orth 1 own 0 union 1 n 326 ownN 81
CREW523 297 site mag slotfs 3 merged 3 won 0 n 4 of 806
CREW523 297 site budget slotfs 3 merged 3 won 0 n 4 of 807
CREW523 297 site spawn slotfs 3 merged 3 won 0 n 4 of 808
PH523 297 id 3 body 1 arc 2 orth 1 own 0 merged 1 arcclosed 0 ph 3
SALT523 297 id 3 orth 1 own 0 union 1 n 278 ownN 132
SALT523 297 id 3 orth 1 own 0 union 1 n 279 ownN 132
PH523 297 id 9 body 2 arc 1 orth 1 own 0 merged 1 arcclosed 0 ph 3
SALT523 297 id 9 orth 1 own 0 union 1 n 327 ownN 81
SALT523 297 id 9 orth 1 own 0 union 1 n 328 ownN 81
CREW523 298 site mag slotfs 3 merged 3 won 0 n 4 of 809
CREW523 298 site budget slotfs 3 merged 3 won 0 n 4 of 810
CREW523 298 site spawn slotfs 3 merged 3 won 0 n 4 of 811
PH523 298 id 3 body 1 arc 2 orth 1 own 0 merged 1 arcclosed 0 ph 3
SALT523 298 id 3 orth 1 own 0 union 1 n 280 ownN 132
SALT523 298 id 3 orth 1 own 0 union 1 n 281 ownN 132
PH523 298 id 9 body 2 arc 1 orth 1 own 0 merged 1 arcclosed 0 ph 3
SALT523 298 id 9 orth 1 own 0 union 1 n 329 ownN 81
SALT523 298 id 9 orth 1 own 0 union 1 n 330 ownN 81
CREW523 299 site mag slotfs 3 merged 3 won 0 n 4 of 812
CREW523 299 site budget slotfs 3 merged 3 won 0 n 4 of 813
CREW523 299 site spawn slotfs 3 merged 3 won 0 n 4 of 814
PH523 299 id 3 body 1 arc 2 orth 1 own 0 merged 1 arcclosed 0 ph 3
SALT523 299 id 3 orth 1 own 0 union 1 n 282 ownN 132
SALT523 299 id 3 orth 1 own 0 union 1 n 283 ownN 132
PH523 299 id 9 body 2 arc 1 orth 1 own 0 merged 1 arcclosed 0 ph 3
SALT523 299 id 9 orth 1 own 0 union 1 n 331 ownN 81
SALT523 299 id 9 orth 1 own 0 union 1 n 332 ownN 81
CREW523 300 site mag slotfs 3 merged 3 won 0 n 4 of 815
CREW523 300 site budget slotfs 3 merged 3 won 0 n 4 of 816
CREW523 300 site spawn slotfs 3 merged 3 won 0 n 4 of 817
PH523 300 id 3 body 1 arc 2 orth 1 own 0 merged 1 arcclosed 0 ph 3
SALT523 300 id 3 orth 1 own 0 union 1 n 284 ownN 132
SALT523 300 id 3 orth 1 own 0 union 1 n 285 ownN 132
PH523 300 id 9 body 2 arc 1 orth 1 own 0 merged 1 arcclosed 0 ph 3
SALT523 300 id 9 orth 1 own 0 union 1 n 333 ownN 81
SALT523 300 id 9 orth 1 own 0 union 1 n 334 ownN 81
CREW523 301 site mag slotfs 3 merged 3 won 0 n 4 of 818
CREW523 301 site budget slotfs 3 merged 3 won 0 n 4 of 819
CREW523 301 site spawn slotfs 3 merged 3 won 0 n 4 of 820
PH523 301 id 3 body 1 arc 2 orth 1 own 0 merged 1 arcclosed 0 ph 3
SALT523 301 id 3 orth 1 own 0 union 1 n 286 ownN 132
SALT523 301 id 3 orth 1 own 0 union 1 n 287 ownN 132
PH523 301 id 9 body 2 arc 1 orth 1 own 0 merged 1 arcclosed 0 ph 3
SALT523 301 id 9 orth 1 own 0 union 1 n 335 ownN 81
SALT523 301 id 9 orth 1 own 0 union 1 n 336 ownN 81
CREW523 302 site mag slotfs 3 merged 3 won 0 n 4 of 821
CREW523 302 site budget slotfs 3 merged 3 won 0 n 4 of 822
CREW523 302 site spawn slotfs 3 merged 3 won 0 n 4 of 823
PH523 302 id 3 body 1 arc 2 orth 1 own 0 merged 1 arcclosed 0 ph 3
SALT523 302 id 3 orth 1 own 0 union 1 n 288 ownN 132
SALT523 302 id 3 orth 1 own 0 union 1 n 289 ownN 132
PH523 302 id 9 body 2 arc 1 orth 1 own 0 merged 1 arcclosed 0 ph 3
SALT523 302 id 9 orth 1 own 0 union 1 n 337 ownN 81
SALT523 302 id 9 orth 1 own 0 union 1 n 338 ownN 81
CREW523 303 site mag slotfs 3 merged 3 won 0 n 4 of 824
CREW523 303 site budget slotfs 3 merged 3 won 0 n 4 of 825
CREW523 303 site spawn slotfs 3 merged 3 won 0 n 4 of 826
PH523 303 id 3 body 1 arc 2 orth 2 own 0 merged 1 arcclosed 0 ph 3
SALT523 303 id 3 orth 2 own 0 union 1 n 290 ownN 132
SALT523 303 id 3 orth 2 own 0 union 1 n 291 ownN 132
PH523 303 id 9 body 2 arc 1 orth 2 own 0 merged 1 arcclosed 0 ph 3
SALT523 303 id 9 orth 2 own 0 union 1 n 339 ownN 81
SALT523 303 id 9 orth 2 own 0 union 1 n 340 ownN 81
CREW523 304 site mag slotfs 3 merged 3 won 0 n 4 of 827
CREW523 304 site budget slotfs 3 merged 3 won 0 n 4 of 828
CREW523 304 site spawn slotfs 3 merged 3 won 0 n 4 of 829
PH523 304 id 3 body 1 arc 2 orth 2 own 0 merged 1 arcclosed 0 ph 3
SALT523 304 id 3 orth 2 own 0 union 1 n 292 ownN 132
SALT523 304 id 3 orth 2 own 0 union 1 n 293 ownN 132
PH523 304 id 9 body 2 arc 1 orth 4 own 0 merged 1 arcclosed 0 ph 3
SALT523 304 id 9 orth 4 own 0 union 1 n 341 ownN 81
CREW523 305 site mag slotfs 3 merged 3 won 0 n 4 of 830
CREW523 305 site budget slotfs 3 merged 3 won 0 n 4 of 831
CREW523 305 site spawn slotfs 3 merged 3 won 0 n 4 of 832
PH523 305 id 3 body 1 arc 2 orth 2 own 0 merged 1 arcclosed 0 ph 3
SALT523 305 id 3 orth 2 own 0 union 1 n 294 ownN 132
SALT523 305 id 3 orth 2 own 0 union 1 n 295 ownN 132
PH523 305 id 9 body 2 arc 1 orth 4 own 0 merged 1 arcclosed 0 ph 3
SALT523 305 id 9 orth 4 own 0 union 1 n 342 ownN 81
SALT523 305 id 9 orth 4 own 0 union 1 n 343 ownN 81
CREW523 306 site mag slotfs 3 merged 3 won 0 n 4 of 833
CREW523 306 site budget slotfs 3 merged 3 won 0 n 4 of 834
CREW523 306 site spawn slotfs 3 merged 3 won 0 n 4 of 835
PH523 306 id 3 body 1 arc 2 orth 2 own 0 merged 1 arcclosed 0 ph 3
PH523 306 id 9 body 2 arc 1 orth 6 own 0 merged 1 arcclosed 0 ph 3
SALT523 306 id 9 orth 6 own 0 union 1 n 344 ownN 81
SALT523 306 id 9 orth 6 own 0 union 1 n 345 ownN 81
CREW523 307 site mag slotfs 3 merged 3 won 0 n 4 of 836
CREW523 307 site budget slotfs 3 merged 3 won 0 n 4 of 837
CREW523 307 site spawn slotfs 3 merged 3 won 0 n 4 of 838
PH523 307 id 3 body 1 arc 2 orth 2 own 0 merged 1 arcclosed 0 ph 3
SALT523 307 id 3 orth 2 own 0 union 1 n 296 ownN 132
SALT523 307 id 3 orth 2 own 0 union 1 n 297 ownN 132
PH523 307 id 9 body 2 arc 1 orth 5 own 0 merged 1 arcclosed 0 ph 3
SALT523 307 id 9 orth 5 own 0 union 1 n 346 ownN 81
SALT523 307 id 9 orth 5 own 0 union 1 n 347 ownN 81
CREW523 308 site mag slotfs 3 merged 3 won 0 n 4 of 839
CREW523 308 site budget slotfs 3 merged 3 won 0 n 4 of 840
CREW523 308 site spawn slotfs 3 merged 3 won 0 n 4 of 841
PH523 308 id 3 body 1 arc 2 orth 2 own 0 merged 1 arcclosed 0 ph 3
PH523 308 id 9 body 2 arc 1 orth 4 own 0 merged 1 arcclosed 0 ph 3
SALT523 308 id 9 orth 4 own 0 union 1 n 348 ownN 81
SALT523 308 id 9 orth 4 own 0 union 1 n 349 ownN 81
CREW523 309 site mag slotfs 3 merged 3 won 0 n 4 of 842
CREW523 309 site budget slotfs 3 merged 3 won 0 n 4 of 843
CREW523 309 site spawn slotfs 3 merged 3 won 0 n 4 of 844
PH523 309 id 3 body 1 arc 2 orth 2 own 0 merged 1 arcclosed 0 ph 3
SALT523 309 id 3 orth 2 own 0 union 1 n 298 ownN 132
SALT523 309 id 3 orth 2 own 0 union 1 n 299 ownN 132
PH523 309 id 9 body 2 arc 1 orth 4 own 0 merged 1 arcclosed 0 ph 3
SALT523 309 id 9 orth 4 own 0 union 1 n 350 ownN 81
SALT523 309 id 9 orth 4 own 0 union 1 n 351 ownN 81
CREW523 310 site mag slotfs 3 merged 3 won 0 n 4 of 845
CREW523 310 site budget slotfs 3 merged 3 won 0 n 4 of 846
CREW523 310 site spawn slotfs 3 merged 3 won 0 n 4 of 847
PH523 310 id 3 body 1 arc 2 orth 2 own 0 merged 1 arcclosed 0 ph 3
PH523 310 id 9 body 2 arc 1 orth 2 own 0 merged 1 arcclosed 0 ph 3
SALT523 310 id 9 orth 2 own 0 union 1 n 352 ownN 81
CREW523 311 site mag slotfs 3 merged 3 won 0 n 4 of 848
CREW523 311 site budget slotfs 3 merged 3 won 0 n 4 of 849
CREW523 311 site spawn slotfs 3 merged 3 won 0 n 4 of 850
PH523 311 id 3 body 1 arc 2 orth 1 own 0 merged 1 arcclosed 0 ph 3
SALT523 311 id 3 orth 1 own 0 union 1 n 300 ownN 132
SALT523 311 id 3 orth 1 own 0 union 1 n 301 ownN 132
PH523 311 id 9 body 2 arc 1 orth 1 own 0 merged 1 arcclosed 0 ph 3
SALT523 311 id 9 orth 1 own 0 union 1 n 353 ownN 81
SALT523 311 id 9 orth 1 own 0 union 1 n 354 ownN 81
CREW523 312 site mag slotfs 3 merged 3 won 0 n 4 of 851
CREW523 312 site budget slotfs 3 merged 3 won 0 n 4 of 852
CREW523 312 site spawn slotfs 3 merged 3 won 0 n 4 of 853
PH523 312 id 3 body 1 arc 2 orth 1 own 0 merged 1 arcclosed 0 ph 3
SALT523 312 id 3 orth 1 own 0 union 1 n 302 ownN 132
SALT523 312 id 3 orth 1 own 0 union 1 n 303 ownN 132
PH523 312 id 9 body 2 arc 1 orth 1 own 0 merged 1 arcclosed 0 ph 3
SALT523 312 id 9 orth 1 own 0 union 1 n 355 ownN 81
SALT523 312 id 9 orth 1 own 0 union 1 n 356 ownN 81
CREW523 313 site mag slotfs 3 merged 3 won 0 n 4 of 854
CREW523 313 site budget slotfs 3 merged 3 won 0 n 4 of 855
CREW523 313 site spawn slotfs 3 merged 3 won 0 n 4 of 856
PH523 313 id 3 body 1 arc 2 orth 1 own 0 merged 1 arcclosed 0 ph 3
SALT523 313 id 3 orth 1 own 0 union 1 n 304 ownN 132
SALT523 313 id 3 orth 1 own 0 union 1 n 305 ownN 132
PH523 313 id 9 body 2 arc 1 orth 1 own 0 merged 1 arcclosed 0 ph 3
SALT523 313 id 9 orth 1 own 0 union 1 n 357 ownN 81
SALT523 313 id 9 orth 1 own 0 union 1 n 358 ownN 81
CREW523 314 site mag slotfs 3 merged 3 won 0 n 4 of 857
CREW523 314 site budget slotfs 3 merged 3 won 0 n 4 of 858
CREW523 314 site spawn slotfs 3 merged 3 won 0 n 4 of 859
PH523 314 id 3 body 1 arc 2 orth 1 own 0 merged 1 arcclosed 0 ph 3
SALT523 314 id 3 orth 1 own 0 union 1 n 306 ownN 132
SALT523 314 id 3 orth 1 own 0 union 1 n 307 ownN 132
PH523 314 id 9 body 2 arc 1 orth 1 own 0 merged 1 arcclosed 0 ph 3
SALT523 314 id 9 orth 1 own 0 union 1 n 359 ownN 81
SALT523 314 id 9 orth 1 own 0 union 1 n 360 ownN 81
CREW523 315 site mag slotfs 3 merged 3 won 0 n 4 of 860
CREW523 315 site budget slotfs 3 merged 3 won 0 n 4 of 861
CREW523 315 site spawn slotfs 3 merged 3 won 0 n 4 of 862
PH523 315 id 3 body 1 arc 2 orth 1 own 0 merged 1 arcclosed 0 ph 3
SALT523 315 id 3 orth 1 own 0 union 1 n 308 ownN 132
SALT523 315 id 3 orth 1 own 0 union 1 n 309 ownN 132
PH523 315 id 9 body 2 arc 1 orth 1 own 0 merged 1 arcclosed 0 ph 3
SALT523 315 id 9 orth 1 own 0 union 1 n 361 ownN 81
SALT523 315 id 9 orth 1 own 0 union 1 n 362 ownN 81
CREW523 316 site mag slotfs 3 merged 3 won 0 n 4 of 863
CREW523 316 site budget slotfs 3 merged 3 won 0 n 4 of 864
CREW523 316 site spawn slotfs 3 merged 3 won 0 n 4 of 865
PH523 316 id 3 body 1 arc 2 orth 1 own 0 merged 1 arcclosed 0 ph 3
PH523 316 id 9 body 2 arc 1 orth 3 own 0 merged 1 arcclosed 0 ph 3
SALT523 316 id 9 orth 3 own 0 union 1 n 363 ownN 81
SALT523 316 id 9 orth 3 own 0 union 1 n 364 ownN 81
CREW523 317 site mag slotfs 3 merged 3 won 0 n 4 of 866
CREW523 317 site budget slotfs 3 merged 3 won 0 n 4 of 867
CREW523 317 site spawn slotfs 3 merged 3 won 0 n 4 of 868
PH523 317 id 3 body 1 arc 2 orth 1 own 0 merged 1 arcclosed 0 ph 3
SALT523 317 id 3 orth 1 own 0 union 1 n 310 ownN 132
SALT523 317 id 3 orth 1 own 0 union 1 n 311 ownN 132
PH523 317 id 9 body 2 arc 1 orth 1 own 0 merged 1 arcclosed 0 ph 3
SALT523 317 id 9 orth 1 own 0 union 1 n 365 ownN 81
SALT523 317 id 9 orth 1 own 0 union 1 n 366 ownN 81
CREW523 318 site mag slotfs 3 merged 3 won 0 n 4 of 869
CREW523 318 site budget slotfs 3 merged 3 won 0 n 4 of 870
CREW523 318 site spawn slotfs 3 merged 3 won 0 n 4 of 871
PH523 318 id 3 body 1 arc 2 orth 1 own 0 merged 1 arcclosed 0 ph 3
PH523 318 id 9 body 2 arc 1 orth 3 own 0 merged 1 arcclosed 0 ph 3
SALT523 318 id 9 orth 3 own 0 union 1 n 367 ownN 81
SALT523 318 id 9 orth 3 own 0 union 1 n 368 ownN 81
CREW523 319 site mag slotfs 3 merged 3 won 0 n 4 of 872
CREW523 319 site budget slotfs 3 merged 3 won 0 n 4 of 873
CREW523 319 site spawn slotfs 3 merged 3 won 0 n 4 of 874
PH523 319 id 3 body 1 arc 2 orth 1 own 0 merged 1 arcclosed 0 ph 3
SALT523 319 id 3 orth 1 own 0 union 1 n 312 ownN 132
SALT523 319 id 3 orth 1 own 0 union 1 n 313 ownN 132
PH523 319 id 9 body 2 arc 1 orth 1 own 0 merged 1 arcclosed 0 ph 3
SALT523 319 id 9 orth 1 own 0 union 1 n 369 ownN 81
SALT523 319 id 9 orth 1 own 0 union 1 n 370 ownN 81
CREW523 320 site mag slotfs 3 merged 3 won 0 n 4 of 875
CREW523 320 site budget slotfs 3 merged 3 won 0 n 4 of 876
CREW523 320 site spawn slotfs 3 merged 3 won 0 n 4 of 877
PH523 320 id 3 body 1 arc 2 orth 1 own 0 merged 1 arcclosed 0 ph 3
PH523 320 id 9 body 2 arc 1 orth 3 own 0 merged 1 arcclosed 0 ph 3
SALT523 320 id 9 orth 3 own 0 union 1 n 371 ownN 81
SALT523 320 id 9 orth 3 own 0 union 1 n 372 ownN 81
CREW523 321 site mag slotfs 3 merged 3 won 0 n 4 of 878
CREW523 321 site budget slotfs 3 merged 3 won 0 n 4 of 879
CREW523 321 site spawn slotfs 3 merged 3 won 0 n 4 of 880
PH523 321 id 3 body 1 arc 2 orth 1 own 0 merged 1 arcclosed 0 ph 3
SALT523 321 id 3 orth 1 own 0 union 1 n 314 ownN 132
SALT523 321 id 3 orth 1 own 0 union 1 n 315 ownN 132
PH523 321 id 9 body 2 arc 1 orth 1 own 0 merged 1 arcclosed 0 ph 3
SALT523 321 id 9 orth 1 own 0 union 1 n 373 ownN 81
SALT523 321 id 9 orth 1 own 0 union 1 n 374 ownN 81
CREW523 322 site mag slotfs 3 merged 3 won 0 n 4 of 881
CREW523 322 site budget slotfs 3 merged 3 won 0 n 4 of 882
CREW523 322 site spawn slotfs 3 merged 3 won 0 n 4 of 883
PH523 322 id 3 body 1 arc 2 orth 1 own 0 merged 1 arcclosed 0 ph 3
SALT523 322 id 3 orth 1 own 0 union 1 n 316 ownN 132
SALT523 322 id 3 orth 1 own 0 union 1 n 317 ownN 132
PH523 322 id 9 body 2 arc 1 orth 3 own 0 merged 1 arcclosed 0 ph 3
SALT523 322 id 9 orth 3 own 0 union 1 n 375 ownN 81
SALT523 322 id 9 orth 3 own 0 union 1 n 376 ownN 81
CREW523 323 site mag slotfs 3 merged 3 won 0 n 4 of 884
CREW523 323 site budget slotfs 3 merged 3 won 0 n 4 of 885
CREW523 323 site spawn slotfs 3 merged 3 won 0 n 4 of 886
PH523 323 id 3 body 1 arc 2 orth 1 own 0 merged 1 arcclosed 0 ph 3
SALT523 323 id 3 orth 1 own 0 union 1 n 318 ownN 132
SALT523 323 id 3 orth 1 own 0 union 1 n 319 ownN 132
PH523 323 id 9 body 2 arc 1 orth 3 own 0 merged 1 arcclosed 0 ph 3
SALT523 323 id 9 orth 3 own 0 union 1 n 377 ownN 81
SALT523 323 id 9 orth 3 own 0 union 1 n 378 ownN 81
CREW523 324 site mag slotfs 3 merged 3 won 0 n 4 of 887
CREW523 324 site budget slotfs 3 merged 3 won 0 n 4 of 888
CREW523 324 site spawn slotfs 3 merged 3 won 0 n 4 of 889
PH523 324 id 3 body 1 arc 2 orth 1 own 0 merged 1 arcclosed 0 ph 3
SALT523 324 id 3 orth 1 own 0 union 1 n 320 ownN 132
PH523 324 id 9 body 2 arc 1 orth 3 own 0 merged 1 arcclosed 0 ph 3
SALT523 324 id 9 orth 3 own 0 union 1 n 379 ownN 81
SALT523 324 id 9 orth 3 own 0 union 1 n 380 ownN 81
CREW523 325 site mag slotfs 3 merged 3 won 0 n 4 of 890
CREW523 325 site budget slotfs 3 merged 3 won 0 n 4 of 891
CREW523 325 site spawn slotfs 3 merged 3 won 0 n 4 of 892
PH523 325 id 3 body 1 arc 2 orth 0 own 1 merged 1 arcclosed 0 ph 3
PH523 325 id 9 body 2 arc 1 orth 4 own 0 merged 1 arcclosed 0 ph 3
SALT523 325 id 9 orth 4 own 0 union 1 n 381 ownN 81
SALT523 325 id 9 orth 4 own 0 union 1 n 382 ownN 81
CREW523 326 site mag slotfs 3 merged 3 won 0 n 4 of 893
CREW523 326 site budget slotfs 3 merged 3 won 0 n 4 of 894
CREW523 326 site spawn slotfs 3 merged 3 won 0 n 4 of 895
PH523 326 id 3 body 1 arc 2 orth 0 own 1 merged 1 arcclosed 0 ph 3
PH523 326 id 9 body 2 arc 1 orth 2 own 0 merged 1 arcclosed 0 ph 3
CREW523 327 site mag slotfs 3 merged 3 won 0 n 4 of 896
CREW523 327 site budget slotfs 3 merged 3 won 0 n 4 of 897
CREW523 327 site spawn slotfs 3 merged 3 won 0 n 4 of 898
PH523 327 id 3 body 1 arc 2 orth 0 own 1 merged 1 arcclosed 0 ph 3
PH523 327 id 9 body 2 arc 1 orth 4 own 0 merged 1 arcclosed 0 ph 3
SALT523 327 id 9 orth 4 own 0 union 1 n 383 ownN 81
SALT523 327 id 9 orth 4 own 0 union 1 n 384 ownN 81
CREW523 328 site mag slotfs 3 merged 3 won 0 n 4 of 899
CREW523 328 site budget slotfs 3 merged 3 won 0 n 4 of 900
CREW523 328 site spawn slotfs 3 merged 3 won 0 n 4 of 901
PH523 328 id 3 body 1 arc 2 orth 0 own 1 merged 1 arcclosed 0 ph 3
PH523 328 id 9 body 2 arc 1 orth 2 own 0 merged 1 arcclosed 0 ph 3
CREW523 329 site mag slotfs 3 merged 3 won 0 n 4 of 902
CREW523 329 site budget slotfs 3 merged 3 won 0 n 4 of 903
CREW523 329 site spawn slotfs 3 merged 3 won 0 n 4 of 904
PH523 329 id 3 body 1 arc 2 orth 0 own 1 merged 1 arcclosed 0 ph 3
PH523 329 id 9 body 2 arc 1 orth 0 own 1 merged 1 arcclosed 0 ph 3
CREW523 330 site mag slotfs 3 merged 3 won 0 n 4 of 905
CREW523 330 site budget slotfs 3 merged 3 won 0 n 4 of 906
CREW523 330 site spawn slotfs 3 merged 3 won 0 n 4 of 907
PH523 330 id 3 body 1 arc 2 orth 0 own 1 merged 1 arcclosed 0 ph 3
PH523 330 id 9 body 2 arc 1 orth 2 own 0 merged 1 arcclosed 0 ph 3
CREW523 331 site mag slotfs 3 merged 3 won 0 n 4 of 908
CREW523 331 site budget slotfs 3 merged 3 won 0 n 4 of 909
CREW523 331 site spawn slotfs 3 merged 3 won 0 n 4 of 910
PH523 331 id 3 body 1 arc 2 orth 0 own 1 merged 1 arcclosed 0 ph 3
PH523 331 id 9 body 2 arc 1 orth 0 own 1 merged 1 arcclosed 0 ph 3
CREW523 332 site mag slotfs 3 merged 3 won 0 n 4 of 911
CREW523 332 site budget slotfs 3 merged 3 won 0 n 4 of 912
CREW523 332 site spawn slotfs 3 merged 3 won 0 n 4 of 913
PH523 332 id 3 body 1 arc 2 orth 0 own 1 merged 1 arcclosed 0 ph 3
PH523 332 id 9 body 2 arc 1 orth 0 own 1 merged 1 arcclosed 0 ph 3
CREW523 333 site mag slotfs 3 merged 3 won 0 n 4 of 914
CREW523 333 site budget slotfs 3 merged 3 won 0 n 4 of 915
CREW523 333 site spawn slotfs 3 merged 3 won 0 n 4 of 916
PH523 333 id 3 body 1 arc 2 orth 0 own 1 merged 1 arcclosed 0 ph 3
PH523 333 id 9 body 2 arc 1 orth 0 own 1 merged 1 arcclosed 0 ph 3
CREW523 334 site mag slotfs 3 merged 3 won 0 n 4 of 917
CREW523 334 site budget slotfs 3 merged 3 won 0 n 4 of 918
CREW523 334 site spawn slotfs 3 merged 3 won 0 n 4 of 919
PH523 334 id 3 body 1 arc 2 orth 0 own 1 merged 1 arcclosed 0 ph 3
PH523 334 id 9 body 2 arc 1 orth 0 own 1 merged 1 arcclosed 0 ph 3
CREW523 335 site mag slotfs 3 merged 3 won 0 n 4 of 920
CREW523 335 site budget slotfs 3 merged 3 won 0 n 4 of 921
CREW523 335 site spawn slotfs 3 merged 3 won 0 n 4 of 922
PH523 335 id 3 body 1 arc 2 orth 0 own 1 merged 1 arcclosed 0 ph 3
PH523 335 id 9 body 2 arc 1 orth 2 own 0 merged 1 arcclosed 0 ph 3
SALT523 335 id 9 orth 2 own 0 union 1 n 385 ownN 91
SALT523 335 id 9 orth 2 own 0 union 1 n 386 ownN 91
CREW523 336 site mag slotfs 3 merged 3 won 0 n 4 of 923
CREW523 336 site budget slotfs 3 merged 3 won 0 n 4 of 924
CREW523 336 site spawn slotfs 3 merged 3 won 0 n 4 of 925
PH523 336 id 3 body 1 arc 2 orth 0 own 1 merged 1 arcclosed 0 ph 3
PH523 336 id 9 body 2 arc 1 orth 0 own 1 merged 1 arcclosed 0 ph 3
CREW523 337 site mag slotfs 3 merged 3 won 0 n 4 of 926
CREW523 337 site budget slotfs 3 merged 3 won 0 n 4 of 927
CREW523 337 site spawn slotfs 3 merged 3 won 0 n 4 of 928
PH523 337 id 3 body 1 arc 2 orth 0 own 1 merged 1 arcclosed 0 ph 3
PH523 337 id 9 body 2 arc 1 orth 3 own 0 merged 1 arcclosed 0 ph 3
SALT523 337 id 9 orth 3 own 0 union 1 n 387 ownN 93
SALT523 337 id 9 orth 3 own 0 union 1 n 388 ownN 93
CREW523 338 site mag slotfs 3 merged 3 won 0 n 4 of 929
CREW523 338 site budget slotfs 3 merged 3 won 0 n 4 of 930
CREW523 338 site spawn slotfs 3 merged 3 won 0 n 4 of 931
PH523 338 id 3 body 1 arc 2 orth 0 own 1 merged 1 arcclosed 0 ph 3
PH523 338 id 9 body 2 arc 1 orth 0 own 1 merged 1 arcclosed 0 ph 3
CREW523 339 site mag slotfs 3 merged 3 won 0 n 4 of 932
CREW523 339 site budget slotfs 3 merged 3 won 0 n 4 of 933
CREW523 339 site spawn slotfs 3 merged 3 won 0 n 4 of 934
PH523 339 id 3 body 1 arc 2 orth 0 own 1 merged 1 arcclosed 0 ph 3
PH523 339 id 9 body 2 arc 1 orth 3 own 0 merged 1 arcclosed 0 ph 3
SALT523 339 id 9 orth 3 own 0 union 1 n 389 ownN 95
SALT523 339 id 9 orth 3 own 0 union 1 n 390 ownN 95
CREW523 340 site mag slotfs 3 merged 3 won 0 n 4 of 935
CREW523 340 site budget slotfs 3 merged 3 won 0 n 4 of 936
CREW523 340 site spawn slotfs 3 merged 3 won 0 n 4 of 937
PH523 340 id 3 body 1 arc 2 orth 0 own 1 merged 1 arcclosed 0 ph 3
PH523 340 id 9 body 2 arc 1 orth 0 own 1 merged 1 arcclosed 0 ph 3
CREW523 341 site mag slotfs 3 merged 3 won 0 n 4 of 938
CREW523 341 site budget slotfs 3 merged 3 won 0 n 4 of 939
CREW523 341 site spawn slotfs 3 merged 3 won 0 n 4 of 940
PH523 341 id 3 body 1 arc 2 orth 0 own 1 merged 1 arcclosed 0 ph 3
PH523 341 id 9 body 2 arc 1 orth 3 own 0 merged 1 arcclosed 0 ph 3
SALT523 341 id 9 orth 3 own 0 union 1 n 391 ownN 97
SALT523 341 id 9 orth 3 own 0 union 1 n 392 ownN 97
CREW523 342 site mag slotfs 3 merged 3 won 0 n 4 of 941
CREW523 342 site budget slotfs 3 merged 3 won 0 n 4 of 942
CREW523 342 site spawn slotfs 3 merged 3 won 0 n 4 of 943
PH523 342 id 3 body 1 arc 2 orth 1 own 0 merged 1 arcclosed 0 ph 3
SALT523 342 id 3 orth 1 own 0 union 1 n 321 ownN 165
SALT523 342 id 3 orth 1 own 0 union 1 n 322 ownN 165
PH523 342 id 9 body 2 arc 1 orth 1 own 0 merged 1 arcclosed 0 ph 3
SALT523 342 id 9 orth 1 own 0 union 1 n 393 ownN 97
SALT523 342 id 9 orth 1 own 0 union 1 n 394 ownN 97
CREW523 343 site mag slotfs 3 merged 3 won 0 n 4 of 944
CREW523 343 site budget slotfs 3 merged 3 won 0 n 4 of 945
CREW523 343 site spawn slotfs 3 merged 3 won 0 n 4 of 946
PH523 343 id 3 body 1 arc 2 orth 1 own 0 merged 1 arcclosed 0 ph 3
SALT523 343 id 3 orth 1 own 0 union 1 n 323 ownN 165
SALT523 343 id 3 orth 1 own 0 union 1 n 324 ownN 165
PH523 343 id 9 body 2 arc 1 orth 3 own 0 merged 1 arcclosed 0 ph 3
SALT523 343 id 9 orth 3 own 0 union 1 n 395 ownN 97
SALT523 343 id 9 orth 3 own 0 union 1 n 396 ownN 97
CREW523 344 site mag slotfs 3 merged 3 won 0 n 4 of 947
CREW523 344 site budget slotfs 3 merged 3 won 0 n 4 of 948
CREW523 344 site spawn slotfs 3 merged 3 won 0 n 4 of 949
PH523 344 id 3 body 1 arc 2 orth 1 own 0 merged 1 arcclosed 0 ph 3
SALT523 344 id 3 orth 1 own 0 union 1 n 325 ownN 165
SALT523 344 id 3 orth 1 own 0 union 1 n 326 ownN 165
PH523 344 id 9 body 2 arc 1 orth 1 own 0 merged 1 arcclosed 0 ph 3
SALT523 344 id 9 orth 1 own 0 union 1 n 397 ownN 97
SALT523 344 id 9 orth 1 own 0 union 1 n 398 ownN 97
CREW523 345 site mag slotfs 3 merged 3 won 0 n 4 of 950
CREW523 345 site budget slotfs 3 merged 3 won 0 n 4 of 951
CREW523 345 site spawn slotfs 3 merged 3 won 0 n 4 of 952
PH523 345 id 3 body 1 arc 2 orth 1 own 0 merged 1 arcclosed 0 ph 3
SALT523 345 id 3 orth 1 own 0 union 1 n 327 ownN 165
SALT523 345 id 3 orth 1 own 0 union 1 n 328 ownN 165
PH523 345 id 9 body 2 arc 1 orth 3 own 0 merged 1 arcclosed 0 ph 3
SALT523 345 id 9 orth 3 own 0 union 1 n 399 ownN 97
SALT523 345 id 9 orth 3 own 0 union 1 n 400 ownN 97
CREW523 346 site mag slotfs 3 merged 3 won 0 n 4 of 953
CREW523 346 site budget slotfs 3 merged 3 won 0 n 4 of 954
CREW523 346 site spawn slotfs 3 merged 3 won 0 n 4 of 955
PH523 346 id 3 body 1 arc 2 orth 1 own 0 merged 1 arcclosed 0 ph 3
SALT523 346 id 3 orth 1 own 0 union 1 n 329 ownN 165
SALT523 346 id 3 orth 1 own 0 union 1 n 330 ownN 165
PH523 346 id 9 body 2 arc 1 orth 1 own 0 merged 1 arcclosed 0 ph 3
SALT523 346 id 9 orth 1 own 0 union 1 n 401 ownN 97
SALT523 346 id 9 orth 1 own 0 union 1 n 402 ownN 97
CREW523 347 site mag slotfs 3 merged 3 won 0 n 4 of 956
CREW523 347 site budget slotfs 3 merged 3 won 0 n 4 of 957
CREW523 347 site spawn slotfs 3 merged 3 won 0 n 4 of 958
PH523 347 id 3 body 1 arc 2 orth 1 own 0 merged 1 arcclosed 0 ph 3
SALT523 347 id 3 orth 1 own 0 union 1 n 331 ownN 165
SALT523 347 id 3 orth 1 own 0 union 1 n 332 ownN 165
PH523 347 id 9 body 2 arc 1 orth 3 own 0 merged 1 arcclosed 0 ph 3
SALT523 347 id 9 orth 3 own 0 union 1 n 403 ownN 97
SALT523 347 id 9 orth 3 own 0 union 1 n 404 ownN 97
CREW523 348 site mag slotfs 3 merged 3 won 0 n 4 of 959
CREW523 348 site budget slotfs 3 merged 3 won 0 n 4 of 960
CREW523 348 site spawn slotfs 3 merged 3 won 0 n 4 of 961
PH523 348 id 3 body 1 arc 2 orth 1 own 0 merged 1 arcclosed 0 ph 3
SALT523 348 id 3 orth 1 own 0 union 1 n 333 ownN 165
SALT523 348 id 3 orth 1 own 0 union 1 n 334 ownN 165
PH523 348 id 9 body 2 arc 1 orth 1 own 0 merged 1 arcclosed 0 ph 3
SALT523 348 id 9 orth 1 own 0 union 1 n 405 ownN 97
SALT523 348 id 9 orth 1 own 0 union 1 n 406 ownN 97
CREW523 349 site mag slotfs 3 merged 3 won 0 n 4 of 962
CREW523 349 site budget slotfs 3 merged 3 won 0 n 4 of 963
CREW523 349 site spawn slotfs 3 merged 3 won 0 n 4 of 964
PH523 349 id 3 body 1 arc 2 orth 1 own 0 merged 1 arcclosed 0 ph 3
SALT523 349 id 3 orth 1 own 0 union 1 n 335 ownN 165
SALT523 349 id 3 orth 1 own 0 union 1 n 336 ownN 165
PH523 349 id 9 body 2 arc 1 orth 3 own 0 merged 1 arcclosed 0 ph 3
SALT523 349 id 9 orth 3 own 0 union 1 n 407 ownN 97
SALT523 349 id 9 orth 3 own 0 union 1 n 408 ownN 97
CREW523 350 site mag slotfs 3 merged 3 won 0 n 4 of 965
CREW523 350 site budget slotfs 3 merged 3 won 0 n 4 of 966
CREW523 350 site spawn slotfs 3 merged 3 won 0 n 4 of 967
PH523 350 id 3 body 1 arc 2 orth 1 own 0 merged 1 arcclosed 0 ph 3
SALT523 350 id 3 orth 1 own 0 union 1 n 337 ownN 165
SALT523 350 id 3 orth 1 own 0 union 1 n 338 ownN 165
PH523 350 id 9 body 2 arc 1 orth 1 own 0 merged 1 arcclosed 0 ph 3
SALT523 350 id 9 orth 1 own 0 union 1 n 409 ownN 97
SALT523 350 id 9 orth 1 own 0 union 1 n 410 ownN 97
CREW523 351 site mag slotfs 3 merged 3 won 0 n 4 of 968
CREW523 351 site budget slotfs 3 merged 3 won 0 n 4 of 969
CREW523 351 site spawn slotfs 3 merged 3 won 0 n 4 of 970
PH523 351 id 3 body 1 arc 2 orth 1 own 0 merged 1 arcclosed 0 ph 3
SALT523 351 id 3 orth 1 own 0 union 1 n 339 ownN 165
SALT523 351 id 3 orth 1 own 0 union 1 n 340 ownN 165
PH523 351 id 9 body 2 arc 1 orth 3 own 0 merged 1 arcclosed 0 ph 3
SALT523 351 id 9 orth 3 own 0 union 1 n 411 ownN 97
SALT523 351 id 9 orth 3 own 0 union 1 n 412 ownN 97
CREW523 352 site mag slotfs 3 merged 3 won 0 n 4 of 971
CREW523 352 site budget slotfs 3 merged 3 won 0 n 4 of 972
CREW523 352 site spawn slotfs 3 merged 3 won 0 n 4 of 973
PH523 352 id 3 body 1 arc 2 orth 1 own 0 merged 1 arcclosed 0 ph 3
SALT523 352 id 3 orth 1 own 0 union 1 n 341 ownN 165
SALT523 352 id 3 orth 1 own 0 union 1 n 342 ownN 165
PH523 352 id 9 body 2 arc 1 orth 1 own 0 merged 1 arcclosed 0 ph 3
SALT523 352 id 9 orth 1 own 0 union 1 n 413 ownN 97
SALT523 352 id 9 orth 1 own 0 union 1 n 414 ownN 97
CREW523 353 site mag slotfs 3 merged 3 won 0 n 4 of 974
CREW523 353 site budget slotfs 3 merged 3 won 0 n 4 of 975
CREW523 353 site spawn slotfs 3 merged 3 won 0 n 4 of 976
PH523 353 id 3 body 1 arc 2 orth 1 own 0 merged 1 arcclosed 0 ph 3
SALT523 353 id 3 orth 1 own 0 union 1 n 343 ownN 165
SALT523 353 id 3 orth 1 own 0 union 1 n 344 ownN 165
PH523 353 id 9 body 2 arc 1 orth 3 own 0 merged 1 arcclosed 0 ph 3
SALT523 353 id 9 orth 3 own 0 union 1 n 415 ownN 97
SALT523 353 id 9 orth 3 own 0 union 1 n 416 ownN 97
CREW523 354 site mag slotfs 3 merged 3 won 0 n 4 of 977
CREW523 354 site budget slotfs 3 merged 3 won 0 n 4 of 978
CREW523 354 site spawn slotfs 3 merged 3 won 0 n 4 of 979
PH523 354 id 3 body 1 arc 2 orth 1 own 0 merged 1 arcclosed 0 ph 3
SALT523 354 id 3 orth 1 own 0 union 1 n 345 ownN 165
SALT523 354 id 3 orth 1 own 0 union 1 n 346 ownN 165
PH523 354 id 9 body 2 arc 1 orth 1 own 0 merged 1 arcclosed 0 ph 3
SALT523 354 id 9 orth 1 own 0 union 1 n 417 ownN 97
SALT523 354 id 9 orth 1 own 0 union 1 n 418 ownN 97
CREW523 355 site mag slotfs 3 merged 3 won 0 n 4 of 980
CREW523 355 site budget slotfs 3 merged 3 won 0 n 4 of 981
CREW523 355 site spawn slotfs 3 merged 3 won 0 n 4 of 982
PH523 355 id 3 body 1 arc 2 orth 1 own 0 merged 1 arcclosed 0 ph 3
SALT523 355 id 3 orth 1 own 0 union 1 n 347 ownN 165
SALT523 355 id 3 orth 1 own 0 union 1 n 348 ownN 165
PH523 355 id 9 body 2 arc 1 orth 3 own 0 merged 1 arcclosed 0 ph 3
SALT523 355 id 9 orth 3 own 0 union 1 n 419 ownN 97
SALT523 355 id 9 orth 3 own 0 union 1 n 420 ownN 97
CREW523 356 site mag slotfs 3 merged 3 won 0 n 4 of 983
CREW523 356 site budget slotfs 3 merged 3 won 0 n 4 of 984
CREW523 356 site spawn slotfs 3 merged 3 won 0 n 4 of 985
PH523 356 id 3 body 1 arc 2 orth 1 own 0 merged 1 arcclosed 0 ph 3
SALT523 356 id 3 orth 1 own 0 union 1 n 349 ownN 165
SALT523 356 id 3 orth 1 own 0 union 1 n 350 ownN 165
PH523 356 id 9 body 2 arc 1 orth 1 own 0 merged 1 arcclosed 0 ph 3
SALT523 356 id 9 orth 1 own 0 union 1 n 421 ownN 97
SALT523 356 id 9 orth 1 own 0 union 1 n 422 ownN 97
CREW523 357 site mag slotfs 3 merged 3 won 0 n 4 of 986
CREW523 357 site budget slotfs 3 merged 3 won 0 n 4 of 987
CREW523 357 site spawn slotfs 3 merged 3 won 0 n 4 of 988
PH523 357 id 3 body 1 arc 2 orth 2 own 0 merged 1 arcclosed 0 ph 3
SALT523 357 id 3 orth 2 own 0 union 1 n 351 ownN 165
SALT523 357 id 3 orth 2 own 0 union 1 n 352 ownN 165
PH523 357 id 9 body 2 arc 1 orth 3 own 0 merged 1 arcclosed 0 ph 3
SALT523 357 id 9 orth 3 own 0 union 1 n 423 ownN 97
SALT523 357 id 9 orth 3 own 0 union 1 n 424 ownN 97
CREW523 358 site mag slotfs 3 merged 3 won 0 n 4 of 989
CREW523 358 site budget slotfs 3 merged 3 won 0 n 4 of 990
CREW523 358 site spawn slotfs 3 merged 3 won 0 n 4 of 991
PH523 358 id 3 body 1 arc 2 orth 2 own 0 merged 1 arcclosed 0 ph 3
SALT523 358 id 3 orth 2 own 0 union 1 n 353 ownN 165
SALT523 358 id 3 orth 2 own 0 union 1 n 354 ownN 165
PH523 358 id 9 body 2 arc 1 orth 4 own 0 merged 1 arcclosed 0 ph 3
SALT523 358 id 9 orth 4 own 0 union 1 n 425 ownN 97
SALT523 358 id 9 orth 4 own 0 union 1 n 426 ownN 97
CREW523 359 site mag slotfs 3 merged 3 won 0 n 4 of 992
CREW523 359 site budget slotfs 3 merged 3 won 0 n 4 of 993
CREW523 359 site spawn slotfs 3 merged 3 won 0 n 4 of 994
PH523 359 id 3 body 1 arc 2 orth 2 own 0 merged 1 arcclosed 0 ph 3
SALT523 359 id 3 orth 2 own 0 union 1 n 355 ownN 165
SALT523 359 id 3 orth 2 own 0 union 1 n 356 ownN 165
PH523 359 id 9 body 2 arc 1 orth 3 own 0 merged 1 arcclosed 0 ph 3
SALT523 359 id 9 orth 3 own 0 union 1 n 427 ownN 97
SALT523 359 id 9 orth 3 own 0 union 1 n 428 ownN 97
CREW523 360 site mag slotfs 3 merged 3 won 0 n 4 of 995
CREW523 360 site budget slotfs 3 merged 3 won 0 n 4 of 996
CREW523 360 site spawn slotfs 3 merged 3 won 0 n 4 of 997
PH523 360 id 3 body 1 arc 2 orth 2 own 0 merged 1 arcclosed 0 ph 3
PH523 360 id 9 body 2 arc 1 orth 2 own 0 merged 1 arcclosed 0 ph 3
SALT523 360 id 9 orth 2 own 0 union 1 n 429 ownN 97
SALT523 360 id 9 orth 2 own 0 union 1 n 430 ownN 97
CREW523 361 site mag slotfs 3 merged 3 won 0 n 4 of 998
CREW523 361 site budget slotfs 3 merged 3 won 0 n 4 of 999
CREW523 361 site spawn slotfs 3 merged 3 won 0 n 4 of 1000
PH523 361 id 3 body 1 arc 2 orth 2 own 0 merged 1 arcclosed 0 ph 3
SALT523 361 id 3 orth 2 own 0 union 1 n 357 ownN 165
SALT523 361 id 3 orth 2 own 0 union 1 n 358 ownN 165
PH523 361 id 9 body 2 arc 1 orth 4 own 0 merged 1 arcclosed 0 ph 3
SALT523 361 id 9 orth 4 own 0 union 1 n 431 ownN 97
SALT523 361 id 9 orth 4 own 0 union 1 n 432 ownN 97
CREW523 362 site mag slotfs 3 merged 3 won 0 n 4 of 1001
CREW523 362 site budget slotfs 3 merged 3 won 0 n 4 of 1002
CREW523 362 site spawn slotfs 3 merged 3 won 0 n 4 of 1003
PH523 362 id 3 body 1 arc 2 orth 2 own 0 merged 1 arcclosed 0 ph 3
PH523 362 id 9 body 2 arc 1 orth 2 own 0 merged 1 arcclosed 0 ph 3
SALT523 362 id 9 orth 2 own 0 union 1 n 433 ownN 97
SALT523 362 id 9 orth 2 own 0 union 1 n 434 ownN 97
CREW523 363 site mag slotfs 3 merged 3 won 0 n 4 of 1004
CREW523 363 site budget slotfs 3 merged 3 won 0 n 4 of 1005
CREW523 363 site spawn slotfs 3 merged 3 won 0 n 4 of 1006
PH523 363 id 3 body 1 arc 2 orth 2 own 0 merged 1 arcclosed 0 ph 3
SALT523 363 id 3 orth 2 own 0 union 1 n 359 ownN 165
SALT523 363 id 3 orth 2 own 0 union 1 n 360 ownN 165
PH523 363 id 9 body 2 arc 1 orth 2 own 0 merged 1 arcclosed 0 ph 3
SALT523 363 id 9 orth 2 own 0 union 1 n 435 ownN 97
SALT523 363 id 9 orth 2 own 0 union 1 n 436 ownN 97
CREW523 364 site mag slotfs 3 merged 3 won 0 n 4 of 1007
CREW523 364 site budget slotfs 3 merged 3 won 0 n 4 of 1008
CREW523 364 site spawn slotfs 3 merged 3 won 0 n 4 of 1009
PH523 364 id 3 body 1 arc 2 orth 2 own 0 merged 1 arcclosed 0 ph 3
PH523 364 id 9 body 2 arc 1 orth 2 own 0 merged 1 arcclosed 0 ph 3
SALT523 364 id 9 orth 2 own 0 union 1 n 437 ownN 97
SALT523 364 id 9 orth 2 own 0 union 1 n 438 ownN 97
CREW523 365 site mag slotfs 3 merged 3 won 0 n 4 of 1010
CREW523 365 site budget slotfs 3 merged 3 won 0 n 4 of 1011
CREW523 365 site spawn slotfs 3 merged 3 won 0 n 4 of 1012
PH523 365 id 3 body 1 arc 2 orth 2 own 0 merged 1 arcclosed 0 ph 3
SALT523 365 id 3 orth 2 own 0 union 1 n 361 ownN 165
SALT523 365 id 3 orth 2 own 0 union 1 n 362 ownN 165
PH523 365 id 9 body 2 arc 1 orth 2 own 0 merged 1 arcclosed 0 ph 3
SALT523 365 id 9 orth 2 own 0 union 1 n 439 ownN 97
SALT523 365 id 9 orth 2 own 0 union 1 n 440 ownN 97
CREW523 366 site mag slotfs 3 merged 3 won 0 n 4 of 1013
CREW523 366 site budget slotfs 3 merged 3 won 0 n 4 of 1014
CREW523 366 site spawn slotfs 3 merged 3 won 0 n 4 of 1015
PH523 366 id 3 body 1 arc 2 orth 2 own 0 merged 1 arcclosed 0 ph 3
PH523 366 id 9 body 2 arc 1 orth 2 own 0 merged 1 arcclosed 0 ph 3
SALT523 366 id 9 orth 2 own 0 union 1 n 441 ownN 97
SALT523 366 id 9 orth 2 own 0 union 1 n 442 ownN 97
CREW523 367 site mag slotfs 3 merged 3 won 0 n 4 of 1016
CREW523 367 site budget slotfs 3 merged 3 won 0 n 4 of 1017
CREW523 367 site spawn slotfs 3 merged 3 won 0 n 4 of 1018
PH523 367 id 3 body 1 arc 2 orth 2 own 0 merged 1 arcclosed 0 ph 3
SALT523 367 id 3 orth 2 own 0 union 1 n 363 ownN 165
SALT523 367 id 3 orth 2 own 0 union 1 n 364 ownN 165
PH523 367 id 9 body 2 arc 1 orth 2 own 0 merged 1 arcclosed 0 ph 3
SALT523 367 id 9 orth 2 own 0 union 1 n 443 ownN 97
SALT523 367 id 9 orth 2 own 0 union 1 n 444 ownN 97
CREW523 368 site mag slotfs 3 merged 3 won 0 n 4 of 1019
CREW523 368 site budget slotfs 3 merged 3 won 0 n 4 of 1020
CREW523 368 site spawn slotfs 3 merged 3 won 0 n 4 of 1021
PH523 368 id 3 body 1 arc 2 orth 2 own 0 merged 1 arcclosed 0 ph 3
PH523 368 id 9 body 2 arc 1 orth 2 own 0 merged 1 arcclosed 0 ph 3
SALT523 368 id 9 orth 2 own 0 union 1 n 445 ownN 97
SALT523 368 id 9 orth 2 own 0 union 1 n 446 ownN 97
CREW523 369 site mag slotfs 3 merged 3 won 0 n 4 of 1022
CREW523 369 site budget slotfs 3 merged 3 won 0 n 4 of 1023
CREW523 369 site spawn slotfs 3 merged 3 won 0 n 4 of 1024
PH523 369 id 3 body 1 arc 2 orth 2 own 0 merged 1 arcclosed 0 ph 3
SALT523 369 id 3 orth 2 own 0 union 1 n 365 ownN 165
SALT523 369 id 3 orth 2 own 0 union 1 n 366 ownN 165
PH523 369 id 9 body 2 arc 1 orth 2 own 0 merged 1 arcclosed 0 ph 3
SALT523 369 id 9 orth 2 own 0 union 1 n 447 ownN 97
SALT523 369 id 9 orth 2 own 0 union 1 n 448 ownN 97
CREW523 370 site mag slotfs 3 merged 3 won 0 n 4 of 1025
CREW523 370 site budget slotfs 3 merged 3 won 0 n 4 of 1026
CREW523 370 site spawn slotfs 3 merged 3 won 0 n 4 of 1027
PH523 370 id 3 body 1 arc 2 orth 2 own 0 merged 1 arcclosed 0 ph 3
PH523 370 id 9 body 2 arc 1 orth 2 own 0 merged 1 arcclosed 0 ph 3
SALT523 370 id 9 orth 2 own 0 union 1 n 449 ownN 97
SALT523 370 id 9 orth 2 own 0 union 1 n 450 ownN 97
CREW523 371 site mag slotfs 3 merged 3 won 0 n 4 of 1028
CREW523 371 site budget slotfs 3 merged 3 won 0 n 4 of 1029
CREW523 371 site spawn slotfs 3 merged 3 won 0 n 4 of 1030
PH523 371 id 3 body 1 arc 2 orth 2 own 0 merged 1 arcclosed 0 ph 3
SALT523 371 id 3 orth 2 own 0 union 1 n 367 ownN 165
SALT523 371 id 3 orth 2 own 0 union 1 n 368 ownN 165
PH523 371 id 9 body 2 arc 1 orth 2 own 0 merged 1 arcclosed 0 ph 3
SALT523 371 id 9 orth 2 own 0 union 1 n 451 ownN 97
SALT523 371 id 9 orth 2 own 0 union 1 n 452 ownN 97
CREW523 372 site mag slotfs 3 merged 3 won 0 n 4 of 1031
CREW523 372 site budget slotfs 3 merged 3 won 0 n 4 of 1032
CREW523 372 site spawn slotfs 3 merged 3 won 0 n 4 of 1033
PH523 372 id 3 body 1 arc 2 orth 2 own 0 merged 1 arcclosed 0 ph 3
PH523 372 id 9 body 2 arc 1 orth 2 own 0 merged 1 arcclosed 0 ph 3
SALT523 372 id 9 orth 2 own 0 union 1 n 453 ownN 97
SALT523 372 id 9 orth 2 own 0 union 1 n 454 ownN 97
CREW523 373 site mag slotfs 3 merged 3 won 0 n 4 of 1034
CREW523 373 site budget slotfs 3 merged 3 won 0 n 4 of 1035
CREW523 373 site spawn slotfs 3 merged 3 won 0 n 4 of 1036
PH523 373 id 3 body 1 arc 2 orth 2 own 0 merged 1 arcclosed 0 ph 3
SALT523 373 id 3 orth 2 own 0 union 1 n 369 ownN 165
SALT523 373 id 3 orth 2 own 0 union 1 n 370 ownN 165
PH523 373 id 9 body 2 arc 1 orth 4 own 0 merged 1 arcclosed 0 ph 3
SALT523 373 id 9 orth 4 own 0 union 1 n 455 ownN 97
SALT523 373 id 9 orth 4 own 0 union 1 n 456 ownN 97
CREW523 374 site mag slotfs 3 merged 3 won 0 n 4 of 1037
CREW523 374 site budget slotfs 3 merged 3 won 0 n 4 of 1038
CREW523 374 site spawn slotfs 3 merged 3 won 0 n 4 of 1039
PH523 374 id 3 body 1 arc 2 orth 2 own 0 merged 1 arcclosed 0 ph 3
PH523 374 id 9 body 2 arc 1 orth 2 own 0 merged 1 arcclosed 0 ph 3
SALT523 374 id 9 orth 2 own 0 union 1 n 457 ownN 97
SALT523 374 id 9 orth 2 own 0 union 1 n 458 ownN 97
CREW523 375 site mag slotfs 3 merged 3 won 0 n 4 of 1040
CREW523 375 site budget slotfs 3 merged 3 won 0 n 4 of 1041
CREW523 375 site spawn slotfs 3 merged 3 won 0 n 4 of 1042
PH523 375 id 3 body 1 arc 2 orth 2 own 0 merged 1 arcclosed 0 ph 3
SALT523 375 id 3 orth 2 own 0 union 1 n 371 ownN 165
SALT523 375 id 3 orth 2 own 0 union 1 n 372 ownN 165
PH523 375 id 9 body 2 arc 1 orth 4 own 0 merged 1 arcclosed 0 ph 3
SALT523 375 id 9 orth 4 own 0 union 1 n 459 ownN 97
SALT523 375 id 9 orth 4 own 0 union 1 n 460 ownN 97
CREW523 376 site mag slotfs 3 merged 3 won 0 n 4 of 1043
CREW523 376 site budget slotfs 3 merged 3 won 0 n 4 of 1044
CREW523 376 site spawn slotfs 3 merged 3 won 0 n 4 of 1045
PH523 376 id 3 body 1 arc 2 orth 2 own 0 merged 1 arcclosed 0 ph 3
PH523 376 id 9 body 2 arc 1 orth 2 own 0 merged 1 arcclosed 0 ph 3
SALT523 376 id 9 orth 2 own 0 union 1 n 461 ownN 97
SALT523 376 id 9 orth 2 own 0 union 1 n 462 ownN 97
CREW523 377 site mag slotfs 3 merged 3 won 0 n 4 of 1046
CREW523 377 site budget slotfs 3 merged 3 won 0 n 4 of 1047
CREW523 377 site spawn slotfs 3 merged 3 won 0 n 4 of 1048
PH523 377 id 3 body 1 arc 2 orth 2 own 0 merged 1 arcclosed 0 ph 3
SALT523 377 id 3 orth 2 own 0 union 1 n 373 ownN 165
SALT523 377 id 3 orth 2 own 0 union 1 n 374 ownN 165
PH523 377 id 9 body 2 arc 1 orth 4 own 0 merged 1 arcclosed 0 ph 3
SALT523 377 id 9 orth 4 own 0 union 1 n 463 ownN 97
SALT523 377 id 9 orth 4 own 0 union 1 n 464 ownN 97
CREW523 378 site mag slotfs 3 merged 3 won 0 n 4 of 1049
CREW523 378 site budget slotfs 3 merged 3 won 0 n 4 of 1050
CREW523 378 site spawn slotfs 3 merged 3 won 0 n 4 of 1051
PH523 378 id 3 body 1 arc 2 orth 2 own 0 merged 1 arcclosed 0 ph 3
PH523 378 id 9 body 2 arc 1 orth 2 own 0 merged 1 arcclosed 0 ph 3
SALT523 378 id 9 orth 2 own 0 union 1 n 465 ownN 97
SALT523 378 id 9 orth 2 own 0 union 1 n 466 ownN 97
CREW523 379 site mag slotfs 3 merged 3 won 0 n 4 of 1052
CREW523 379 site budget slotfs 3 merged 3 won 0 n 4 of 1053
CREW523 379 site spawn slotfs 3 merged 3 won 0 n 4 of 1054
PH523 379 id 3 body 1 arc 2 orth 2 own 0 merged 1 arcclosed 0 ph 3
SALT523 379 id 3 orth 2 own 0 union 1 n 375 ownN 165
SALT523 379 id 3 orth 2 own 0 union 1 n 376 ownN 165
PH523 379 id 9 body 2 arc 1 orth 4 own 0 merged 1 arcclosed 0 ph 3
SALT523 379 id 9 orth 4 own 0 union 1 n 467 ownN 97
SALT523 379 id 9 orth 4 own 0 union 1 n 468 ownN 97
CREW523 380 site mag slotfs 3 merged 3 won 0 n 4 of 1055
CREW523 380 site budget slotfs 3 merged 3 won 0 n 4 of 1056
CREW523 380 site spawn slotfs 3 merged 3 won 0 n 4 of 1057
PH523 380 id 3 body 1 arc 2 orth 2 own 0 merged 1 arcclosed 0 ph 3
PH523 380 id 9 body 2 arc 1 orth 2 own 0 merged 1 arcclosed 0 ph 3
SALT523 380 id 9 orth 2 own 0 union 1 n 469 ownN 97
SALT523 380 id 9 orth 2 own 0 union 1 n 470 ownN 97
CREW523 381 site mag slotfs 3 merged 3 won 0 n 4 of 1058
CREW523 381 site budget slotfs 3 merged 3 won 0 n 4 of 1059
CREW523 381 site spawn slotfs 3 merged 3 won 0 n 4 of 1060
PH523 381 id 3 body 1 arc 2 orth 2 own 0 merged 1 arcclosed 0 ph 3
SALT523 381 id 3 orth 2 own 0 union 1 n 377 ownN 165
SALT523 381 id 3 orth 2 own 0 union 1 n 378 ownN 165
PH523 381 id 9 body 2 arc 1 orth 4 own 0 merged 1 arcclosed 0 ph 3
SALT523 381 id 9 orth 4 own 0 union 1 n 471 ownN 97
SALT523 381 id 9 orth 4 own 0 union 1 n 472 ownN 97
CREW523 382 site mag slotfs 3 merged 3 won 0 n 4 of 1061
CREW523 382 site budget slotfs 3 merged 3 won 0 n 4 of 1062
CREW523 382 site spawn slotfs 3 merged 3 won 0 n 4 of 1063
PH523 382 id 9 body 2 arc 1 orth 2 own 0 merged 1 arcclosed 0 ph 3
SALT523 382 id 9 orth 2 own 0 union 1 n 473 ownN 97
SALT523 382 id 9 orth 2 own 0 union 1 n 474 ownN 97
CREW523 383 site mag slotfs 3 merged 3 won 0 n 4 of 1064
CREW523 383 site budget slotfs 3 merged 3 won 0 n 4 of 1065
CREW523 383 site spawn slotfs 3 merged 3 won 0 n 4 of 1066
PH523 383 id 9 body 2 arc 1 orth 2 own 0 merged 1 arcclosed 0 ph 3
SALT523 383 id 9 orth 2 own 0 union 1 n 475 ownN 97
SALT523 383 id 9 orth 2 own 0 union 1 n 476 ownN 97
CREW523 384 site mag slotfs 3 merged 3 won 0 n 4 of 1067
CREW523 384 site budget slotfs 3 merged 3 won 0 n 4 of 1068
CREW523 384 site spawn slotfs 3 merged 3 won 0 n 4 of 1069
PH523 384 id 9 body 2 arc 1 orth 2 own 0 merged 1 arcclosed 0 ph 3
CREW523 385 site mag slotfs 3 merged 3 won 0 n 4 of 1070
CREW523 385 site budget slotfs 3 merged 3 won 0 n 4 of 1071
CREW523 385 site spawn slotfs 3 merged 3 won 0 n 4 of 1072
PH523 385 id 9 body 2 arc 1 orth 2 own 0 merged 1 arcclosed 0 ph 3
SALT523 385 id 9 orth 2 own 0 union 1 n 477 ownN 97
SALT523 385 id 9 orth 2 own 0 union 1 n 478 ownN 97
CREW523 386 site mag slotfs 3 merged 3 won 0 n 4 of 1073
CREW523 386 site budget slotfs 3 merged 3 won 0 n 4 of 1074
CREW523 386 site spawn slotfs 3 merged 3 won 0 n 4 of 1075
PH523 386 id 9 body 2 arc 1 orth 2 own 0 merged 1 arcclosed 0 ph 3
CREW523 387 site mag slotfs 3 merged 3 won 0 n 4 of 1076
CREW523 387 site budget slotfs 3 merged 3 won 0 n 4 of 1077
CREW523 387 site spawn slotfs 3 merged 3 won 0 n 4 of 1078
PH523 387 id 9 body 2 arc 1 orth 2 own 0 merged 1 arcclosed 0 ph 3
SALT523 387 id 9 orth 2 own 0 union 1 n 479 ownN 97
SALT523 387 id 9 orth 2 own 0 union 1 n 480 ownN 97
CREW523 388 site mag slotfs 3 merged 3 won 0 n 4 of 1079
CREW523 388 site budget slotfs 3 merged 3 won 0 n 4 of 1080
CREW523 388 site spawn slotfs 3 merged 3 won 0 n 4 of 1081
CREW523 389 site mag slotfs 3 merged 3 won 0 n 4 of 1082
CREW523 389 site budget slotfs 3 merged 3 won 0 n 4 of 1083
CREW523 389 site spawn slotfs 3 merged 3 won 0 n 4 of 1084
CREW523 390 site mag slotfs 3 merged 3 won 0 n 4 of 1085
CREW523 390 site budget slotfs 3 merged 3 won 0 n 4 of 1086
CREW523 390 site spawn slotfs 3 merged 3 won 0 n 4 of 1087
CREW523 391 site mag slotfs 3 merged 3 won 0 n 4 of 1088
CREW523 391 site budget slotfs 3 merged 3 won 0 n 4 of 1089
CREW523 391 site spawn slotfs 3 merged 3 won 0 n 4 of 1090
CREW523 392 site mag slotfs 3 merged 3 won 0 n 4 of 1091
CREW523 392 site budget slotfs 3 merged 3 won 0 n 4 of 1092
CREW523 392 site spawn slotfs 3 merged 3 won 0 n 4 of 1093
CREW523 393 site mag slotfs 3 merged 3 won 0 n 4 of 1094
CREW523 393 site budget slotfs 3 merged 3 won 0 n 4 of 1095
CREW523 393 site spawn slotfs 3 merged 3 won 0 n 4 of 1096
CREW523 394 site mag slotfs 3 merged 3 won 0 n 4 of 1097
CREW523 394 site budget slotfs 3 merged 3 won 0 n 4 of 1098
CREW523 394 site spawn slotfs 3 merged 3 won 0 n 4 of 1099
CREW523 395 site mag slotfs 3 merged 3 won 0 n 4 of 1100
CREW523 395 site budget slotfs 3 merged 3 won 0 n 4 of 1101
CREW523 395 site spawn slotfs 3 merged 3 won 0 n 4 of 1102
CREW523 396 site mag slotfs 3 merged 3 won 0 n 4 of 1103
CREW523 396 site budget slotfs 3 merged 3 won 0 n 4 of 1104
CREW523 396 site spawn slotfs 3 merged 3 won 0 n 4 of 1105
CREW523 397 site mag slotfs 3 merged 3 won 0 n 4 of 1106
CREW523 397 site budget slotfs 3 merged 3 won 0 n 4 of 1107
CREW523 397 site spawn slotfs 3 merged 3 won 0 n 4 of 1108
CREW523 398 site mag slotfs 3 merged 3 won 0 n 4 of 1109
CREW523 398 site budget slotfs 3 merged 3 won 0 n 4 of 1110
CREW523 398 site spawn slotfs 3 merged 3 won 0 n 4 of 1111
CREW523 399 site mag slotfs 3 merged 3 won 0 n 4 of 1112
CREW523 399 site budget slotfs 3 merged 3 won 0 n 4 of 1113
CREW523 399 site spawn slotfs 3 merged 3 won 0 n 4 of 1114
CREW523 400 site mag slotfs 3 merged 3 won 0 n 4 of 1115
CREW523 400 site budget slotfs 3 merged 3 won 0 n 4 of 1116
CREW523 400 site spawn slotfs 3 merged 3 won 0 n 4 of 1117
CREW523 401 site mag slotfs 3 merged 3 won 0 n 4 of 1118
CREW523 401 site budget slotfs 3 merged 3 won 0 n 4 of 1119
CREW523 401 site spawn slotfs 3 merged 3 won 0 n 4 of 1120
CREW523 402 site mag slotfs 3 merged 3 won 0 n 4 of 1121
CREW523 402 site budget slotfs 3 merged 3 won 0 n 4 of 1122
CREW523 402 site spawn slotfs 3 merged 3 won 0 n 4 of 1123
CREW523 403 site mag slotfs 3 merged 3 won 0 n 4 of 1124
CREW523 403 site budget slotfs 3 merged 3 won 0 n 4 of 1125
CREW523 403 site spawn slotfs 3 merged 3 won 0 n 4 of 1126
CREW523 404 site mag slotfs 3 merged 3 won 0 n 4 of 1127
CREW523 404 site budget slotfs 3 merged 3 won 0 n 4 of 1128
CREW523 404 site spawn slotfs 3 merged 3 won 0 n 4 of 1129
CREW523 405 site mag slotfs 3 merged 3 won 0 n 4 of 1130
CREW523 405 site budget slotfs 3 merged 3 won 0 n 4 of 1131
CREW523 405 site spawn slotfs 3 merged 3 won 0 n 4 of 1132
CREW523 406 site mag slotfs 3 merged 3 won 0 n 4 of 1133
CREW523 406 site budget slotfs 3 merged 3 won 0 n 4 of 1134
CREW523 406 site spawn slotfs 3 merged 3 won 0 n 4 of 1135
CREW523 407 site mag slotfs 3 merged 3 won 0 n 4 of 1136
CREW523 407 site budget slotfs 3 merged 3 won 0 n 4 of 1137
CREW523 407 site spawn slotfs 3 merged 3 won 0 n 4 of 1138
CREW523 408 site mag slotfs 3 merged 3 won 0 n 4 of 1139
CREW523 408 site budget slotfs 3 merged 3 won 0 n 4 of 1140
CREW523 408 site spawn slotfs 3 merged 3 won 0 n 4 of 1141
CREW523 409 site mag slotfs 3 merged 3 won 0 n 4 of 1142
CREW523 409 site budget slotfs 3 merged 3 won 0 n 4 of 1143
CREW523 409 site spawn slotfs 3 merged 3 won 0 n 4 of 1144
CREW523 410 site mag slotfs 3 merged 3 won 0 n 4 of 1145
CREW523 410 site budget slotfs 3 merged 3 won 0 n 4 of 1146
CREW523 410 site spawn slotfs 3 merged 3 won 0 n 4 of 1147
CREW523 411 site mag slotfs 3 merged 3 won 0 n 4 of 1148
CREW523 411 site budget slotfs 3 merged 3 won 0 n 4 of 1149
CREW523 411 site spawn slotfs 3 merged 3 won 0 n 4 of 1150
CREW523 412 site mag slotfs 3 merged 3 won 0 n 4 of 1151
CREW523 412 site budget slotfs 3 merged 3 won 0 n 4 of 1152
CREW523 412 site spawn slotfs 3 merged 3 won 0 n 4 of 1153
CREW523 413 site mag slotfs 3 merged 3 won 0 n 4 of 1154
CREW523 413 site budget slotfs 3 merged 3 won 0 n 4 of 1155
CREW523 413 site spawn slotfs 3 merged 3 won 0 n 4 of 1156
CREW523 414 site mag slotfs 3 merged 3 won 0 n 4 of 1157
CREW523 414 site budget slotfs 3 merged 3 won 0 n 4 of 1158
CREW523 414 site spawn slotfs 3 merged 3 won 0 n 4 of 1159
CREW523 415 site mag slotfs 3 merged 3 won 0 n 4 of 1160
CREW523 415 site budget slotfs 3 merged 3 won 0 n 4 of 1161
CREW523 415 site spawn slotfs 3 merged 3 won 0 n 4 of 1162
CREW523 416 site mag slotfs 3 merged 3 won 0 n 4 of 1163
CREW523 416 site budget slotfs 3 merged 3 won 0 n 4 of 1164
CREW523 416 site spawn slotfs 3 merged 3 won 0 n 4 of 1165
CREW523 417 site mag slotfs 3 merged 3 won 0 n 4 of 1166
CREW523 417 site budget slotfs 3 merged 3 won 0 n 4 of 1167
CREW523 417 site spawn slotfs 3 merged 3 won 0 n 4 of 1168
CREW523 418 site mag slotfs 3 merged 3 won 0 n 4 of 1169
CREW523 418 site budget slotfs 3 merged 3 won 0 n 4 of 1170
CREW523 418 site spawn slotfs 3 merged 3 won 0 n 4 of 1171
CREW523 419 site mag slotfs 3 merged 3 won 0 n 4 of 1172
CREW523 419 site budget slotfs 3 merged 3 won 0 n 4 of 1173
CREW523 419 site spawn slotfs 3 merged 3 won 0 n 4 of 1174
CREW523 420 site mag slotfs 3 merged 3 won 0 n 4 of 1175
CREW523 420 site budget slotfs 3 merged 3 won 0 n 4 of 1176
CREW523 420 site spawn slotfs 3 merged 3 won 0 n 4 of 1177
CREW523 421 site mag slotfs 3 merged 3 won 0 n 4 of 1178
CREW523 421 site budget slotfs 3 merged 3 won 0 n 4 of 1179
CREW523 421 site spawn slotfs 3 merged 3 won 0 n 4 of 1180
CREW523 422 site mag slotfs 3 merged 3 won 0 n 4 of 1181
CREW523 422 site budget slotfs 3 merged 3 won 0 n 4 of 1182
CREW523 422 site spawn slotfs 3 merged 3 won 0 n 4 of 1183
CREW523 423 site mag slotfs 3 merged 3 won 0 n 4 of 1184
CREW523 423 site budget slotfs 3 merged 3 won 0 n 4 of 1185
CREW523 423 site spawn slotfs 3 merged 3 won 0 n 4 of 1186
CREW523 424 site mag slotfs 3 merged 3 won 0 n 4 of 1187
CREW523 424 site budget slotfs 3 merged 3 won 0 n 4 of 1188
CREW523 424 site spawn slotfs 3 merged 3 won 0 n 4 of 1189
CREW523 425 site mag slotfs 3 merged 3 won 0 n 4 of 1190
CREW523 425 site budget slotfs 3 merged 3 won 0 n 4 of 1191
CREW523 425 site spawn slotfs 3 merged 3 won 0 n 4 of 1192
CREW523 426 site mag slotfs 3 merged 3 won 0 n 4 of 1193
CREW523 426 site budget slotfs 3 merged 3 won 0 n 4 of 1194
CREW523 426 site spawn slotfs 3 merged 3 won 0 n 4 of 1195
CREW523 427 site mag slotfs 3 merged 3 won 0 n 4 of 1196
CREW523 427 site budget slotfs 3 merged 3 won 0 n 4 of 1197
CREW523 427 site spawn slotfs 3 merged 3 won 0 n 4 of 1198
CREW523 428 site mag slotfs 3 merged 3 won 0 n 4 of 1199
CREW523 428 site budget slotfs 3 merged 3 won 0 n 4 of 1200
CREW523 428 site spawn slotfs 3 merged 3 won 0 n 4 of 1201
CREW523 429 site mag slotfs 3 merged 3 won 0 n 4 of 1202
CREW523 429 site budget slotfs 3 merged 3 won 0 n 4 of 1203
CREW523 429 site spawn slotfs 3 merged 3 won 0 n 4 of 1204
CREW523 430 site mag slotfs 3 merged 3 won 0 n 4 of 1205
CREW523 430 site budget slotfs 3 merged 3 won 0 n 4 of 1206
CREW523 430 site spawn slotfs 3 merged 3 won 0 n 4 of 1207
CREW523 431 site mag slotfs 3 merged 3 won 0 n 4 of 1208
CREW523 431 site budget slotfs 3 merged 3 won 0 n 4 of 1209
CREW523 431 site spawn slotfs 3 merged 3 won 0 n 4 of 1210
CREW523 432 site mag slotfs 3 merged 3 won 0 n 4 of 1211
CREW523 432 site budget slotfs 3 merged 3 won 0 n 4 of 1212
CREW523 432 site spawn slotfs 3 merged 3 won 0 n 4 of 1213
CREW523 433 site mag slotfs 3 merged 3 won 0 n 4 of 1214
CREW523 433 site budget slotfs 3 merged 3 won 0 n 4 of 1215
CREW523 433 site spawn slotfs 3 merged 3 won 0 n 4 of 1216
CREW523 434 site mag slotfs 3 merged 3 won 0 n 4 of 1217
CREW523 434 site budget slotfs 3 merged 3 won 0 n 4 of 1218
CREW523 434 site spawn slotfs 3 merged 3 won 0 n 4 of 1219
CREW523 435 site mag slotfs 3 merged 3 won 0 n 4 of 1220
CREW523 435 site budget slotfs 3 merged 3 won 0 n 4 of 1221
CREW523 435 site spawn slotfs 3 merged 3 won 0 n 4 of 1222
CREW523 436 site mag slotfs 3 merged 3 won 0 n 4 of 1223
CREW523 436 site budget slotfs 3 merged 3 won 0 n 4 of 1224
CREW523 436 site spawn slotfs 3 merged 3 won 0 n 4 of 1225
CREW523 437 site mag slotfs 3 merged 3 won 0 n 4 of 1226
CREW523 437 site budget slotfs 3 merged 3 won 0 n 4 of 1227
CREW523 437 site spawn slotfs 3 merged 3 won 0 n 4 of 1228
CREW523 438 site mag slotfs 3 merged 3 won 0 n 4 of 1229
CREW523 438 site budget slotfs 3 merged 3 won 0 n 4 of 1230
CREW523 438 site spawn slotfs 3 merged 3 won 0 n 4 of 1231
CREW523 439 site mag slotfs 3 merged 3 won 0 n 4 of 1232
CREW523 439 site budget slotfs 3 merged 3 won 0 n 4 of 1233
CREW523 439 site spawn slotfs 3 merged 3 won 0 n 4 of 1234
CREW523 440 site mag slotfs 3 merged 3 won 0 n 4 of 1235
CREW523 440 site budget slotfs 3 merged 3 won 0 n 4 of 1236
CREW523 440 site spawn slotfs 3 merged 3 won 0 n 4 of 1237
CREW523 441 site mag slotfs 3 merged 3 won 0 n 4 of 1238
CREW523 441 site budget slotfs 3 merged 3 won 0 n 4 of 1239
CREW523 441 site spawn slotfs 3 merged 3 won 0 n 4 of 1240
CREW523 442 site mag slotfs 3 merged 3 won 0 n 4 of 1241
CREW523 442 site budget slotfs 3 merged 3 won 0 n 4 of 1242
CREW523 442 site spawn slotfs 3 merged 3 won 0 n 4 of 1243
CREW523 443 site mag slotfs 3 merged 3 won 0 n 4 of 1244
CREW523 443 site budget slotfs 3 merged 3 won 0 n 4 of 1245
CREW523 443 site spawn slotfs 3 merged 3 won 0 n 4 of 1246
CREW523 444 site mag slotfs 3 merged 3 won 0 n 4 of 1247
CREW523 444 site budget slotfs 3 merged 3 won 0 n 4 of 1248
CREW523 444 site spawn slotfs 3 merged 3 won 0 n 4 of 1249
CREW523 445 site mag slotfs 3 merged 3 won 0 n 4 of 1250
CREW523 445 site budget slotfs 3 merged 3 won 0 n 4 of 1251
CREW523 445 site spawn slotfs 3 merged 3 won 0 n 4 of 1252
CREW523 446 site mag slotfs 3 merged 3 won 0 n 4 of 1253
CREW523 446 site budget slotfs 3 merged 3 won 0 n 4 of 1254
CREW523 446 site spawn slotfs 3 merged 3 won 0 n 4 of 1255
CREW523 447 site mag slotfs 3 merged 3 won 0 n 4 of 1256
CREW523 447 site budget slotfs 3 merged 3 won 0 n 4 of 1257
CREW523 447 site spawn slotfs 3 merged 3 won 0 n 4 of 1258
CREW523 448 site mag slotfs 3 merged 3 won 0 n 4 of 1259
CREW523 448 site budget slotfs 3 merged 3 won 0 n 4 of 1260
CREW523 448 site spawn slotfs 3 merged 3 won 0 n 4 of 1261
CREW523 449 site mag slotfs 3 merged 3 won 0 n 4 of 1262
CREW523 449 site budget slotfs 3 merged 3 won 0 n 4 of 1263
CREW523 449 site spawn slotfs 3 merged 3 won 0 n 4 of 1264
CREW523 450 site mag slotfs 3 merged 3 won 0 n 4 of 1265
CREW523 450 site budget slotfs 3 merged 3 won 0 n 4 of 1266
CREW523 450 site spawn slotfs 3 merged 3 won 0 n 4 of 1267
CREW523 451 site mag slotfs 3 merged 3 won 0 n 4 of 1268
CREW523 451 site budget slotfs 3 merged 3 won 0 n 4 of 1269
CREW523 451 site spawn slotfs 3 merged 3 won 0 n 4 of 1270
CREW523 452 site mag slotfs 3 merged 3 won 0 n 4 of 1271
CREW523 452 site budget slotfs 3 merged 3 won 0 n 4 of 1272
CREW523 452 site spawn slotfs 3 merged 3 won 0 n 4 of 1273
CREW523 453 site mag slotfs 3 merged 3 won 0 n 4 of 1274
CREW523 453 site budget slotfs 3 merged 3 won 0 n 4 of 1275
CREW523 453 site spawn slotfs 3 merged 3 won 0 n 4 of 1276
CREW523 454 site mag slotfs 3 merged 3 won 0 n 4 of 1277
CREW523 454 site budget slotfs 3 merged 3 won 0 n 4 of 1278
CREW523 454 site spawn slotfs 3 merged 3 won 0 n 4 of 1279
CREW523 455 site mag slotfs 3 merged 3 won 0 n 4 of 1280
CREW523 455 site budget slotfs 3 merged 3 won 0 n 4 of 1281
CREW523 455 site spawn slotfs 3 merged 3 won 0 n 4 of 1282
CREW523 456 site mag slotfs 3 merged 3 won 0 n 4 of 1283
CREW523 456 site budget slotfs 3 merged 3 won 0 n 4 of 1284
CREW523 456 site spawn slotfs 3 merged 3 won 0 n 4 of 1285
CREW523 457 site mag slotfs 3 merged 3 won 0 n 4 of 1286
CREW523 457 site budget slotfs 3 merged 3 won 0 n 4 of 1287
CREW523 457 site spawn slotfs 3 merged 3 won 0 n 4 of 1288
CREW523 458 site mag slotfs 3 merged 3 won 0 n 4 of 1289
CREW523 458 site budget slotfs 3 merged 3 won 0 n 4 of 1290
CREW523 458 site spawn slotfs 3 merged 3 won 0 n 4 of 1291
CREW523 459 site mag slotfs 3 merged 3 won 0 n 4 of 1292
CREW523 459 site budget slotfs 3 merged 3 won 0 n 4 of 1293
CREW523 459 site spawn slotfs 3 merged 3 won 0 n 4 of 1294
CREW523 460 site mag slotfs 3 merged 3 won 0 n 4 of 1295
CREW523 460 site budget slotfs 3 merged 3 won 0 n 4 of 1296
CREW523 460 site spawn slotfs 3 merged 3 won 0 n 4 of 1297
CREW523 461 site mag slotfs 3 merged 3 won 0 n 4 of 1298
CREW523 461 site budget slotfs 3 merged 3 won 0 n 4 of 1299
CREW523 461 site spawn slotfs 3 merged 3 won 0 n 4 of 1300
CREW523 462 site mag slotfs 3 merged 3 won 0 n 4 of 1301
CREW523 462 site budget slotfs 3 merged 3 won 0 n 4 of 1302
CREW523 462 site spawn slotfs 3 merged 3 won 0 n 4 of 1303
CREW523 463 site mag slotfs 3 merged 3 won 0 n 4 of 1304
CREW523 463 site budget slotfs 3 merged 3 won 0 n 4 of 1305
CREW523 463 site spawn slotfs 3 merged 3 won 0 n 4 of 1306
CREW523 464 site mag slotfs 3 merged 3 won 0 n 4 of 1307
CREW523 464 site budget slotfs 3 merged 3 won 0 n 4 of 1308
CREW523 464 site spawn slotfs 3 merged 3 won 0 n 4 of 1309
CREW523 465 site mag slotfs 3 merged 3 won 0 n 4 of 1310
CREW523 465 site budget slotfs 3 merged 3 won 0 n 4 of 1311
CREW523 465 site spawn slotfs 3 merged 3 won 0 n 4 of 1312
CREW523 466 site mag slotfs 3 merged 3 won 0 n 4 of 1313
CREW523 466 site budget slotfs 3 merged 3 won 0 n 4 of 1314
CREW523 466 site spawn slotfs 3 merged 3 won 0 n 4 of 1315
CREW523 467 site mag slotfs 3 merged 3 won 0 n 4 of 1316
CREW523 467 site budget slotfs 3 merged 3 won 0 n 4 of 1317
CREW523 467 site spawn slotfs 3 merged 3 won 0 n 4 of 1318
CREW523 468 site mag slotfs 3 merged 3 won 0 n 4 of 1319
CREW523 468 site budget slotfs 3 merged 3 won 0 n 4 of 1320
CREW523 468 site spawn slotfs 3 merged 3 won 0 n 4 of 1321
CREW523 469 site mag slotfs 3 merged 3 won 0 n 4 of 1322
CREW523 469 site budget slotfs 3 merged 3 won 0 n 4 of 1323
CREW523 469 site spawn slotfs 3 merged 3 won 0 n 4 of 1324
CREW523 470 site mag slotfs 3 merged 3 won 0 n 4 of 1325
CREW523 470 site budget slotfs 3 merged 3 won 0 n 4 of 1326
CREW523 470 site spawn slotfs 3 merged 3 won 0 n 4 of 1327
CREW523 471 site mag slotfs 3 merged 3 won 0 n 4 of 1328
CREW523 471 site budget slotfs 3 merged 3 won 0 n 4 of 1329
CREW523 471 site spawn slotfs 3 merged 3 won 0 n 4 of 1330
CREW523 472 site mag slotfs 3 merged 3 won 0 n 4 of 1331
CREW523 472 site budget slotfs 3 merged 3 won 0 n 4 of 1332
CREW523 472 site spawn slotfs 3 merged 3 won 0 n 4 of 1333
CREW523 473 site mag slotfs 3 merged 3 won 0 n 4 of 1334
CREW523 473 site budget slotfs 3 merged 3 won 0 n 4 of 1335
CREW523 473 site spawn slotfs 3 merged 3 won 0 n 4 of 1336
CREW523 474 site mag slotfs 3 merged 3 won 0 n 4 of 1337
CREW523 474 site budget slotfs 3 merged 3 won 0 n 4 of 1338
CREW523 474 site spawn slotfs 3 merged 3 won 0 n 4 of 1339
CREW523 475 site mag slotfs 3 merged 3 won 0 n 4 of 1340
CREW523 475 site budget slotfs 3 merged 3 won 0 n 4 of 1341
CREW523 475 site spawn slotfs 3 merged 3 won 0 n 4 of 1342
CREW523 476 site mag slotfs 3 merged 3 won 0 n 4 of 1343
CREW523 476 site budget slotfs 3 merged 3 won 0 n 4 of 1344
CREW523 476 site spawn slotfs 3 merged 3 won 0 n 4 of 1345
CREW523 477 site mag slotfs 3 merged 3 won 0 n 4 of 1346
CREW523 477 site budget slotfs 3 merged 3 won 0 n 4 of 1347
CREW523 477 site spawn slotfs 3 merged 3 won 0 n 4 of 1348
CREW523 478 site mag slotfs 3 merged 3 won 0 n 4 of 1349
CREW523 478 site budget slotfs 3 merged 3 won 0 n 4 of 1350
CREW523 478 site spawn slotfs 3 merged 3 won 0 n 4 of 1351
CREW523 479 site mag slotfs 3 merged 3 won 0 n 4 of 1352
CREW523 479 site budget slotfs 3 merged 3 won 0 n 4 of 1353
CREW523 479 site spawn slotfs 3 merged 3 won 0 n 4 of 1354
CREW523 480 site mag slotfs 3 merged 3 won 0 n 4 of 1355
CREW523 480 site budget slotfs 3 merged 3 won 0 n 4 of 1356
CREW523 480 site spawn slotfs 3 merged 3 won 0 n 4 of 1357
CREW523 481 site mag slotfs 3 merged 3 won 0 n 4 of 1358
CREW523 481 site budget slotfs 3 merged 3 won 0 n 4 of 1359
CREW523 481 site spawn slotfs 3 merged 3 won 0 n 4 of 1360
CREW523 482 site mag slotfs 3 merged 3 won 0 n 4 of 1361
CREW523 482 site budget slotfs 3 merged 3 won 0 n 4 of 1362
CREW523 482 site spawn slotfs 3 merged 3 won 0 n 4 of 1363
CREW523 483 site mag slotfs 3 merged 3 won 0 n 4 of 1364
CREW523 483 site budget slotfs 3 merged 3 won 0 n 4 of 1365
CREW523 483 site spawn slotfs 3 merged 3 won 0 n 4 of 1366
CREW523 484 site mag slotfs 3 merged 3 won 0 n 4 of 1367
CREW523 484 site budget slotfs 3 merged 3 won 0 n 4 of 1368
CREW523 484 site spawn slotfs 3 merged 3 won 0 n 4 of 1369
CREW523 485 site mag slotfs 3 merged 3 won 0 n 4 of 1370
CREW523 485 site budget slotfs 3 merged 3 won 0 n 4 of 1371
CREW523 485 site spawn slotfs 3 merged 3 won 0 n 4 of 1372
CREW523 486 site mag slotfs 3 merged 3 won 0 n 4 of 1373
CREW523 486 site budget slotfs 3 merged 3 won 0 n 4 of 1374
CREW523 486 site spawn slotfs 3 merged 3 won 0 n 4 of 1375
CREW523 487 site mag slotfs 3 merged 3 won 0 n 4 of 1376
CREW523 487 site budget slotfs 3 merged 3 won 0 n 4 of 1377
CREW523 487 site spawn slotfs 3 merged 3 won 0 n 4 of 1378
CREW523 488 site mag slotfs 3 merged 3 won 0 n 4 of 1379
CREW523 488 site budget slotfs 3 merged 3 won 0 n 4 of 1380
CREW523 488 site spawn slotfs 3 merged 3 won 0 n 4 of 1381
CREW523 489 site mag slotfs 3 merged 3 won 0 n 4 of 1382
CREW523 489 site budget slotfs 3 merged 3 won 0 n 4 of 1383
CREW523 489 site spawn slotfs 3 merged 3 won 0 n 4 of 1384
CREW523 490 site mag slotfs 3 merged 3 won 0 n 4 of 1385
CREW523 490 site budget slotfs 3 merged 3 won 0 n 4 of 1386
CREW523 490 site spawn slotfs 3 merged 3 won 0 n 4 of 1387
CREW523 491 site mag slotfs 3 merged 3 won 0 n 4 of 1388
CREW523 491 site budget slotfs 3 merged 3 won 0 n 4 of 1389
CREW523 491 site spawn slotfs 3 merged 3 won 0 n 4 of 1390
CREW523 492 site mag slotfs 3 merged 3 won 0 n 4 of 1391
CREW523 492 site budget slotfs 3 merged 3 won 0 n 4 of 1392
CREW523 492 site spawn slotfs 3 merged 3 won 0 n 4 of 1393
CREW523 493 site mag slotfs 3 merged 3 won 0 n 4 of 1394
CREW523 493 site budget slotfs 3 merged 3 won 0 n 4 of 1395
CREW523 493 site spawn slotfs 3 merged 3 won 0 n 4 of 1396
CREW523 494 site mag slotfs 3 merged 3 won 0 n 4 of 1397
CREW523 494 site budget slotfs 3 merged 3 won 0 n 4 of 1398
CREW523 494 site spawn slotfs 3 merged 3 won 0 n 4 of 1399
CREW523 495 site mag slotfs 3 merged 3 won 0 n 4 of 1400
CREW523 495 site budget slotfs 3 merged 3 won 0 n 4 of 1401
CREW523 495 site spawn slotfs 3 merged 3 won 0 n 4 of 1402
CREW523 496 site mag slotfs 3 merged 3 won 0 n 4 of 1403
CREW523 496 site budget slotfs 3 merged 3 won 0 n 4 of 1404
CREW523 496 site spawn slotfs 3 merged 3 won 0 n 4 of 1405
CREW523 497 site mag slotfs 3 merged 3 won 0 n 4 of 1406
CREW523 497 site budget slotfs 3 merged 3 won 0 n 4 of 1407
CREW523 497 site spawn slotfs 3 merged 3 won 0 n 4 of 1408
CREW523 498 site mag slotfs 3 merged 3 won 0 n 4 of 1409
CREW523 498 site budget slotfs 3 merged 3 won 0 n 4 of 1410
CREW523 498 site spawn slotfs 3 merged 3 won 0 n 4 of 1411
CREW523 499 site mag slotfs 3 merged 3 won 0 n 4 of 1412
CREW523 499 site budget slotfs 3 merged 3 won 0 n 4 of 1413
CREW523 499 site spawn slotfs 3 merged 3 won 0 n 4 of 1414
CREW523 500 site mag slotfs 3 merged 3 won 0 n 4 of 1415
CREW523 500 site budget slotfs 3 merged 3 won 0 n 4 of 1416
CREW523 500 site spawn slotfs 3 merged 3 won 0 n 4 of 1417
CREW523 501 site mag slotfs 3 merged 3 won 0 n 4 of 1418
CREW523 501 site budget slotfs 3 merged 3 won 0 n 4 of 1419
CREW523 501 site spawn slotfs 3 merged 3 won 0 n 4 of 1420
CREW523 502 site mag slotfs 3 merged 3 won 0 n 4 of 1421
CREW523 502 site budget slotfs 3 merged 3 won 0 n 4 of 1422
CREW523 502 site spawn slotfs 3 merged 3 won 0 n 4 of 1423
CREW523 503 site mag slotfs 3 merged 3 won 0 n 4 of 1424
CREW523 503 site budget slotfs 3 merged 3 won 0 n 4 of 1425
CREW523 503 site spawn slotfs 3 merged 3 won 0 n 4 of 1426
CREW523 504 site mag slotfs 3 merged 3 won 0 n 4 of 1427
CREW523 504 site budget slotfs 3 merged 3 won 0 n 4 of 1428
CREW523 504 site spawn slotfs 3 merged 3 won 0 n 4 of 1429
CREW523 505 site mag slotfs 3 merged 3 won 0 n 4 of 1430
CREW523 505 site budget slotfs 3 merged 3 won 0 n 4 of 1431
CREW523 505 site spawn slotfs 3 merged 3 won 0 n 4 of 1432
CREW523 506 site mag slotfs 3 merged 3 won 0 n 4 of 1433
CREW523 506 site budget slotfs 3 merged 3 won 0 n 4 of 1434
CREW523 506 site spawn slotfs 3 merged 3 won 0 n 4 of 1435
CREW523 507 site mag slotfs 3 merged 3 won 0 n 4 of 1436
CREW523 507 site budget slotfs 3 merged 3 won 0 n 4 of 1437
CREW523 507 site spawn slotfs 3 merged 3 won 0 n 4 of 1438
CREW523 508 site mag slotfs 3 merged 3 won 0 n 4 of 1439
CREW523 508 site budget slotfs 3 merged 3 won 0 n 4 of 1440
CREW523 508 site spawn slotfs 3 merged 3 won 0 n 4 of 1441
CREW523 509 site mag slotfs 3 merged 3 won 0 n 4 of 1442
CREW523 509 site budget slotfs 3 merged 3 won 0 n 4 of 1443
CREW523 509 site spawn slotfs 3 merged 3 won 0 n 4 of 1444
CREW523 510 site mag slotfs 3 merged 3 won 0 n 4 of 1445
CREW523 510 site budget slotfs 3 merged 3 won 0 n 4 of 1446
CREW523 510 site spawn slotfs 3 merged 3 won 0 n 4 of 1447
CREW523 511 site mag slotfs 3 merged 3 won 0 n 4 of 1448
CREW523 511 site budget slotfs 3 merged 3 won 0 n 4 of 1449
CREW523 511 site spawn slotfs 3 merged 3 won 0 n 4 of 1450
CREW523 512 site mag slotfs 3 merged 3 won 0 n 4 of 1451
CREW523 512 site budget slotfs 3 merged 3 won 0 n 4 of 1452
CREW523 512 site spawn slotfs 3 merged 3 won 0 n 4 of 1453
CREW523 513 site mag slotfs 3 merged 3 won 0 n 4 of 1454
CREW523 513 site budget slotfs 3 merged 3 won 0 n 4 of 1455
CREW523 513 site spawn slotfs 3 merged 3 won 0 n 4 of 1456
CREW523 514 site mag slotfs 3 merged 3 won 0 n 4 of 1457
CREW523 514 site budget slotfs 3 merged 3 won 0 n 4 of 1458
CREW523 514 site spawn slotfs 3 merged 3 won 0 n 4 of 1459
CREW523 515 site mag slotfs 3 merged 3 won 0 n 4 of 1460
CREW523 515 site budget slotfs 3 merged 3 won 0 n 4 of 1461
CREW523 515 site spawn slotfs 3 merged 3 won 0 n 4 of 1462
CREW523 516 site mag slotfs 3 merged 3 won 0 n 4 of 1463
CREW523 516 site budget slotfs 3 merged 3 won 0 n 4 of 1464
CREW523 516 site spawn slotfs 3 merged 3 won 0 n 4 of 1465
CREW523 517 site mag slotfs 3 merged 3 won 0 n 4 of 1466
CREW523 517 site budget slotfs 3 merged 3 won 0 n 4 of 1467
CREW523 517 site spawn slotfs 3 merged 3 won 0 n 4 of 1468
CREW523 518 site mag slotfs 3 merged 3 won 0 n 4 of 1469
CREW523 518 site budget slotfs 3 merged 3 won 0 n 4 of 1470
CREW523 518 site spawn slotfs 3 merged 3 won 0 n 4 of 1471
CREW523 519 site mag slotfs 3 merged 3 won 0 n 4 of 1472
CREW523 519 site budget slotfs 3 merged 3 won 0 n 4 of 1473
CREW523 519 site spawn slotfs 3 merged 3 won 0 n 4 of 1474
CREW523 520 site mag slotfs 3 merged 3 won 0 n 4 of 1475
CREW523 520 site budget slotfs 3 merged 3 won 0 n 4 of 1476
CREW523 520 site spawn slotfs 3 merged 3 won 0 n 4 of 1477
CREW523 521 site mag slotfs 3 merged 3 won 0 n 4 of 1478
CREW523 521 site budget slotfs 3 merged 3 won 0 n 4 of 1479
CREW523 521 site spawn slotfs 3 merged 3 won 0 n 4 of 1480
CREW523 522 site mag slotfs 3 merged 3 won 0 n 4 of 1481
CREW523 522 site budget slotfs 3 merged 3 won 0 n 4 of 1482
CREW523 522 site spawn slotfs 3 merged 3 won 0 n 4 of 1483
CREW523 523 site mag slotfs 3 merged 3 won 0 n 4 of 1484
CREW523 523 site budget slotfs 3 merged 3 won 0 n 4 of 1485
CREW523 523 site spawn slotfs 3 merged 3 won 0 n 4 of 1486
CREW523 524 site mag slotfs 3 merged 3 won 0 n 4 of 1487
CREW523 524 site budget slotfs 3 merged 3 won 0 n 4 of 1488
CREW523 524 site spawn slotfs 3 merged 3 won 0 n 4 of 1489
CREW523 525 site mag slotfs 3 merged 3 won 0 n 4 of 1490
CREW523 525 site budget slotfs 3 merged 3 won 0 n 4 of 1491
CREW523 525 site spawn slotfs 3 merged 3 won 0 n 4 of 1492
CREW523 526 site mag slotfs 3 merged 3 won 0 n 4 of 1493
CREW523 526 site budget slotfs 3 merged 3 won 0 n 4 of 1494
CREW523 526 site spawn slotfs 3 merged 3 won 0 n 4 of 1495
CREW523 527 site mag slotfs 3 merged 3 won 0 n 4 of 1496
CREW523 527 site budget slotfs 3 merged 3 won 0 n 4 of 1497
CREW523 527 site spawn slotfs 3 merged 3 won 0 n 4 of 1498
CREW523 528 site mag slotfs 3 merged 3 won 0 n 4 of 1499
CREW523 528 site budget slotfs 3 merged 3 won 0 n 4 of 1500
CREW523 528 site spawn slotfs 3 merged 3 won 0 n 4 of 1501
CREW523 529 site mag slotfs 3 merged 3 won 0 n 4 of 1502
CREW523 529 site budget slotfs 3 merged 3 won 0 n 4 of 1503
CREW523 529 site spawn slotfs 3 merged 3 won 0 n 4 of 1504
CREW523 530 site mag slotfs 3 merged 3 won 0 n 4 of 1505
CREW523 530 site budget slotfs 3 merged 3 won 0 n 4 of 1506
CREW523 530 site spawn slotfs 3 merged 3 won 0 n 4 of 1507
CREW523 531 site mag slotfs 3 merged 3 won 0 n 4 of 1508
CREW523 531 site budget slotfs 3 merged 3 won 0 n 4 of 1509
CREW523 531 site spawn slotfs 3 merged 3 won 0 n 4 of 1510
CREW523 532 site mag slotfs 3 merged 3 won 0 n 4 of 1511
CREW523 532 site budget slotfs 3 merged 3 won 0 n 4 of 1512
CREW523 532 site spawn slotfs 3 merged 3 won 0 n 4 of 1513
CREW523 533 site mag slotfs 3 merged 3 won 0 n 4 of 1514
CREW523 533 site budget slotfs 3 merged 3 won 0 n 4 of 1515
CREW523 533 site spawn slotfs 3 merged 3 won 0 n 4 of 1516
CREW523 534 site mag slotfs 3 merged 3 won 0 n 4 of 1517
CREW523 534 site budget slotfs 3 merged 3 won 0 n 4 of 1518
CREW523 534 site spawn slotfs 3 merged 3 won 0 n 4 of 1519
CREW523 535 site mag slotfs 3 merged 3 won 0 n 4 of 1520
CREW523 535 site budget slotfs 3 merged 3 won 0 n 4 of 1521
CREW523 535 site spawn slotfs 3 merged 3 won 0 n 4 of 1522
CREW523 536 site mag slotfs 3 merged 3 won 0 n 4 of 1523
CREW523 536 site budget slotfs 3 merged 3 won 0 n 4 of 1524
CREW523 536 site spawn slotfs 3 merged 3 won 0 n 4 of 1525
CREW523 537 site mag slotfs 3 merged 3 won 0 n 4 of 1526
CREW523 537 site budget slotfs 3 merged 3 won 0 n 4 of 1527
CREW523 537 site spawn slotfs 3 merged 3 won 0 n 4 of 1528
CREW523 538 site mag slotfs 3 merged 3 won 0 n 4 of 1529
CREW523 538 site budget slotfs 3 merged 3 won 0 n 4 of 1530
CREW523 538 site spawn slotfs 3 merged 3 won 0 n 4 of 1531
CREW523 539 site mag slotfs 3 merged 3 won 0 n 4 of 1532
CREW523 539 site budget slotfs 3 merged 3 won 0 n 4 of 1533
CREW523 539 site spawn slotfs 3 merged 3 won 0 n 4 of 1534
CREW523 540 site mag slotfs 3 merged 3 won 0 n 4 of 1535
CREW523 540 site budget slotfs 3 merged 3 won 0 n 4 of 1536
CREW523 540 site spawn slotfs 3 merged 3 won 0 n 4 of 1537
CREW523 541 site mag slotfs 3 merged 3 won 0 n 4 of 1538
CREW523 541 site budget slotfs 3 merged 3 won 0 n 4 of 1539
CREW523 541 site spawn slotfs 3 merged 3 won 0 n 4 of 1540
CREW523 542 site mag slotfs 3 merged 3 won 0 n 4 of 1541
CREW523 542 site budget slotfs 3 merged 3 won 0 n 4 of 1542
CREW523 542 site spawn slotfs 3 merged 3 won 0 n 4 of 1543
CREW523 543 site mag slotfs 3 merged 3 won 0 n 4 of 1544
CREW523 543 site budget slotfs 3 merged 3 won 0 n 4 of 1545
CREW523 543 site spawn slotfs 3 merged 3 won 0 n 4 of 1546
CREW523 544 site mag slotfs 3 merged 3 won 0 n 4 of 1547
CREW523 544 site budget slotfs 3 merged 3 won 0 n 4 of 1548
CREW523 544 site spawn slotfs 3 merged 3 won 0 n 4 of 1549
CREW523 545 site mag slotfs 3 merged 3 won 0 n 4 of 1550
CREW523 545 site budget slotfs 3 merged 3 won 0 n 4 of 1551
CREW523 545 site spawn slotfs 3 merged 3 won 0 n 4 of 1552
CREW523 546 site mag slotfs 3 merged 3 won 0 n 4 of 1553
CREW523 546 site budget slotfs 3 merged 3 won 0 n 4 of 1554
CREW523 546 site spawn slotfs 3 merged 3 won 0 n 4 of 1555
CREW523 547 site mag slotfs 3 merged 3 won 0 n 4 of 1556
CREW523 547 site budget slotfs 3 merged 3 won 0 n 4 of 1557
CREW523 547 site spawn slotfs 3 merged 3 won 0 n 4 of 1558
CREW523 548 site mag slotfs 3 merged 3 won 0 n 4 of 1559
CREW523 548 site budget slotfs 3 merged 3 won 0 n 4 of 1560
CREW523 548 site spawn slotfs 3 merged 3 won 0 n 4 of 1561
CREW523 549 site mag slotfs 3 merged 3 won 0 n 4 of 1562
CREW523 549 site budget slotfs 3 merged 3 won 0 n 4 of 1563
CREW523 549 site spawn slotfs 3 merged 3 won 0 n 4 of 1564
CREW523 550 site mag slotfs 3 merged 3 won 0 n 4 of 1565
CREW523 550 site budget slotfs 3 merged 3 won 0 n 4 of 1566
CREW523 550 site spawn slotfs 3 merged 3 won 0 n 4 of 1567
CREW523 551 site mag slotfs 3 merged 3 won 0 n 4 of 1568
CREW523 551 site budget slotfs 3 merged 3 won 0 n 4 of 1569
CREW523 551 site spawn slotfs 3 merged 3 won 0 n 4 of 1570
CREW523 552 site mag slotfs 3 merged 3 won 0 n 4 of 1571
CREW523 552 site budget slotfs 3 merged 3 won 0 n 4 of 1572
CREW523 552 site spawn slotfs 3 merged 3 won 0 n 4 of 1573
CREW523 553 site mag slotfs 3 merged 3 won 0 n 4 of 1574
CREW523 553 site budget slotfs 3 merged 3 won 0 n 4 of 1575
CREW523 553 site spawn slotfs 3 merged 3 won 0 n 4 of 1576
CREW523 554 site mag slotfs 3 merged 3 won 0 n 4 of 1577
CREW523 554 site budget slotfs 3 merged 3 won 0 n 4 of 1578
CREW523 554 site spawn slotfs 3 merged 3 won 0 n 4 of 1579
CREW523 555 site mag slotfs 3 merged 3 won 0 n 4 of 1580
CREW523 555 site budget slotfs 3 merged 3 won 0 n 4 of 1581
CREW523 555 site spawn slotfs 3 merged 3 won 0 n 4 of 1582
CREW523 556 site mag slotfs 3 merged 3 won 0 n 4 of 1583
CREW523 556 site budget slotfs 3 merged 3 won 0 n 4 of 1584
CREW523 556 site spawn slotfs 3 merged 3 won 0 n 4 of 1585
CREW523 557 site mag slotfs 3 merged 3 won 0 n 4 of 1586
CREW523 557 site budget slotfs 3 merged 3 won 0 n 4 of 1587
CREW523 557 site spawn slotfs 3 merged 3 won 0 n 4 of 1588
CREW523 558 site mag slotfs 3 merged 3 won 0 n 4 of 1589
CREW523 558 site budget slotfs 3 merged 3 won 0 n 4 of 1590
CREW523 558 site spawn slotfs 3 merged 3 won 0 n 4 of 1591
CREW523 559 site mag slotfs 3 merged 3 won 0 n 4 of 1592
CREW523 559 site budget slotfs 3 merged 3 won 0 n 4 of 1593
CREW523 559 site spawn slotfs 3 merged 3 won 0 n 4 of 1594
CREW523 560 site mag slotfs 3 merged 3 won 0 n 4 of 1595
CREW523 560 site budget slotfs 3 merged 3 won 0 n 4 of 1596
CREW523 560 site spawn slotfs 3 merged 3 won 0 n 4 of 1597
CREW523 561 site mag slotfs 3 merged 3 won 0 n 4 of 1598
CREW523 561 site budget slotfs 3 merged 3 won 0 n 4 of 1599
CREW523 561 site spawn slotfs 3 merged 3 won 0 n 4 of 1600
CREW523 562 site mag slotfs 3 merged 3 won 0 n 4 of 1601
CREW523 562 site budget slotfs 3 merged 3 won 0 n 4 of 1602
CREW523 562 site spawn slotfs 3 merged 3 won 0 n 4 of 1603
CREW523 563 site mag slotfs 3 merged 3 won 0 n 4 of 1604
CREW523 563 site budget slotfs 3 merged 3 won 0 n 4 of 1605
CREW523 563 site spawn slotfs 3 merged 3 won 0 n 4 of 1606
CREW523 564 site mag slotfs 3 merged 3 won 0 n 4 of 1607
CREW523 564 site budget slotfs 3 merged 3 won 0 n 4 of 1608
CREW523 564 site spawn slotfs 3 merged 3 won 0 n 4 of 1609
CREW523 565 site mag slotfs 3 merged 3 won 0 n 4 of 1610
CREW523 565 site budget slotfs 3 merged 3 won 0 n 4 of 1611
CREW523 565 site spawn slotfs 3 merged 3 won 0 n 4 of 1612
CREW523 566 site mag slotfs 3 merged 3 won 0 n 4 of 1613
CREW523 566 site budget slotfs 3 merged 3 won 0 n 4 of 1614
CREW523 566 site spawn slotfs 3 merged 3 won 0 n 4 of 1615
CREW523 567 site mag slotfs 3 merged 3 won 0 n 4 of 1616
CREW523 567 site budget slotfs 3 merged 3 won 0 n 4 of 1617
CREW523 567 site spawn slotfs 3 merged 3 won 0 n 4 of 1618
CREW523 568 site mag slotfs 3 merged 3 won 0 n 4 of 1619
CREW523 568 site budget slotfs 3 merged 3 won 0 n 4 of 1620
CREW523 568 site spawn slotfs 3 merged 3 won 0 n 4 of 1621
CREW523 569 site mag slotfs 3 merged 3 won 0 n 4 of 1622
CREW523 569 site budget slotfs 3 merged 3 won 0 n 4 of 1623
CREW523 569 site spawn slotfs 3 merged 3 won 0 n 4 of 1624
CREW523 570 site mag slotfs 3 merged 3 won 0 n 4 of 1625
CREW523 570 site budget slotfs 3 merged 3 won 0 n 4 of 1626
CREW523 570 site spawn slotfs 3 merged 3 won 0 n 4 of 1627
CREW523 571 site mag slotfs 3 merged 3 won 0 n 4 of 1628
CREW523 571 site budget slotfs 3 merged 3 won 0 n 4 of 1629
CREW523 571 site spawn slotfs 3 merged 3 won 0 n 4 of 1630
CREW523 572 site mag slotfs 3 merged 3 won 0 n 4 of 1631
CREW523 572 site budget slotfs 3 merged 3 won 0 n 4 of 1632
CREW523 572 site spawn slotfs 3 merged 3 won 0 n 4 of 1633
CREW523 573 site mag slotfs 3 merged 3 won 0 n 4 of 1634
CREW523 573 site budget slotfs 3 merged 3 won 0 n 4 of 1635
CREW523 573 site spawn slotfs 3 merged 3 won 0 n 4 of 1636
CREW523 574 site mag slotfs 3 merged 3 won 0 n 4 of 1637
CREW523 574 site budget slotfs 3 merged 3 won 0 n 4 of 1638
CREW523 574 site spawn slotfs 3 merged 3 won 0 n 4 of 1639
CREW523 575 site mag slotfs 3 merged 3 won 0 n 4 of 1640
CREW523 575 site budget slotfs 3 merged 3 won 0 n 4 of 1641
CREW523 575 site spawn slotfs 3 merged 3 won 0 n 4 of 1642
CREW523 576 site mag slotfs 3 merged 3 won 0 n 4 of 1643
CREW523 576 site budget slotfs 3 merged 3 won 0 n 4 of 1644
CREW523 576 site spawn slotfs 3 merged 3 won 0 n 4 of 1645
CREW523 577 site mag slotfs 3 merged 3 won 0 n 4 of 1646
CREW523 577 site budget slotfs 3 merged 3 won 0 n 4 of 1647
CREW523 577 site spawn slotfs 3 merged 3 won 0 n 4 of 1648
CREW523 578 site mag slotfs 3 merged 3 won 0 n 4 of 1649
CREW523 578 site budget slotfs 3 merged 3 won 0 n 4 of 1650
CREW523 578 site spawn slotfs 3 merged 3 won 0 n 4 of 1651
CREW523 579 site mag slotfs 3 merged 3 won 0 n 4 of 1652
CREW523 579 site budget slotfs 3 merged 3 won 0 n 4 of 1653
CREW523 579 site spawn slotfs 3 merged 3 won 0 n 4 of 1654
CREW523 580 site mag slotfs 3 merged 3 won 0 n 4 of 1655
CREW523 580 site budget slotfs 3 merged 3 won 0 n 4 of 1656
CREW523 580 site spawn slotfs 3 merged 3 won 0 n 4 of 1657
CREW523 581 site mag slotfs 3 merged 3 won 0 n 4 of 1658
CREW523 581 site budget slotfs 3 merged 3 won 0 n 4 of 1659
CREW523 581 site spawn slotfs 3 merged 3 won 0 n 4 of 1660
CREW523 582 site mag slotfs 3 merged 3 won 0 n 4 of 1661
CREW523 582 site budget slotfs 3 merged 3 won 0 n 4 of 1662
CREW523 582 site spawn slotfs 3 merged 3 won 0 n 4 of 1663
CREW523 583 site mag slotfs 3 merged 3 won 0 n 4 of 1664
CREW523 583 site budget slotfs 3 merged 3 won 0 n 4 of 1665
CREW523 583 site spawn slotfs 3 merged 3 won 0 n 4 of 1666
CREW523 584 site mag slotfs 3 merged 3 won 0 n 4 of 1667
CREW523 584 site budget slotfs 3 merged 3 won 0 n 4 of 1668
CREW523 584 site spawn slotfs 3 merged 3 won 0 n 4 of 1669
CREW523 585 site mag slotfs 3 merged 3 won 0 n 4 of 1670
CREW523 585 site budget slotfs 3 merged 3 won 0 n 4 of 1671
CREW523 585 site spawn slotfs 3 merged 3 won 0 n 4 of 1672
CREW523 586 site mag slotfs 3 merged 3 won 0 n 4 of 1673
CREW523 586 site budget slotfs 3 merged 3 won 0 n 4 of 1674
CREW523 586 site spawn slotfs 3 merged 3 won 0 n 4 of 1675
CREW523 587 site mag slotfs 3 merged 3 won 0 n 4 of 1676
CREW523 587 site budget slotfs 3 merged 3 won 0 n 4 of 1677
CREW523 587 site spawn slotfs 3 merged 3 won 0 n 4 of 1678
CREW523 588 site mag slotfs 3 merged 3 won 0 n 4 of 1679
CREW523 588 site budget slotfs 3 merged 3 won 0 n 4 of 1680
CREW523 588 site spawn slotfs 3 merged 3 won 0 n 4 of 1681
CREW523 589 site mag slotfs 3 merged 3 won 0 n 4 of 1682
CREW523 589 site budget slotfs 3 merged 3 won 0 n 4 of 1683
CREW523 589 site spawn slotfs 3 merged 3 won 0 n 4 of 1684
CREW523 590 site mag slotfs 3 merged 3 won 0 n 4 of 1685
CREW523 590 site budget slotfs 3 merged 3 won 0 n 4 of 1686
CREW523 590 site spawn slotfs 3 merged 3 won 0 n 4 of 1687
CREW523 591 site mag slotfs 3 merged 3 won 0 n 4 of 1688
CREW523 591 site budget slotfs 3 merged 3 won 0 n 4 of 1689
CREW523 591 site spawn slotfs 3 merged 3 won 0 n 4 of 1690
CREW523 592 site mag slotfs 3 merged 3 won 0 n 4 of 1691
CREW523 592 site budget slotfs 3 merged 3 won 0 n 4 of 1692
CREW523 592 site spawn slotfs 3 merged 3 won 0 n 4 of 1693
CREW523 593 site mag slotfs 3 merged 3 won 0 n 4 of 1694
CREW523 593 site budget slotfs 3 merged 3 won 0 n 4 of 1695
CREW523 593 site spawn slotfs 3 merged 3 won 0 n 4 of 1696
CREW523 594 site mag slotfs 3 merged 3 won 0 n 4 of 1697
CREW523 594 site budget slotfs 3 merged 3 won 0 n 4 of 1698
CREW523 594 site spawn slotfs 3 merged 3 won 0 n 4 of 1699
CREW523 595 site mag slotfs 3 merged 3 won 0 n 4 of 1700
CREW523 595 site budget slotfs 3 merged 3 won 0 n 4 of 1701
CREW523 595 site spawn slotfs 3 merged 3 won 0 n 4 of 1702
CREW523 596 site mag slotfs 3 merged 3 won 0 n 4 of 1703
CREW523 596 site budget slotfs 3 merged 3 won 0 n 4 of 1704
CREW523 596 site spawn slotfs 3 merged 3 won 0 n 4 of 1705
CREW523 597 site mag slotfs 3 merged 3 won 0 n 4 of 1706
CREW523 597 site budget slotfs 3 merged 3 won 0 n 4 of 1707
CREW523 597 site spawn slotfs 3 merged 3 won 0 n 4 of 1708
CREW523 598 site mag slotfs 3 merged 3 won 0 n 4 of 1709
CREW523 598 site budget slotfs 3 merged 3 won 0 n 4 of 1710
CREW523 598 site spawn slotfs 3 merged 3 won 0 n 4 of 1711
CREW523 599 site mag slotfs 3 merged 3 won 0 n 4 of 1712
CREW523 599 site budget slotfs 3 merged 3 won 0 n 4 of 1713
CREW523 599 site spawn slotfs 3 merged 3 won 0 n 4 of 1714
CREW523 600 site mag slotfs 3 merged 3 won 0 n 4 of 1715
CREW523 600 site budget slotfs 3 merged 3 won 0 n 4 of 1716
CREW523 600 site spawn slotfs 3 merged 3 won 0 n 4 of 1717
CREW523 601 site mag slotfs 3 merged 3 won 0 n 4 of 1718
CREW523 601 site budget slotfs 3 merged 3 won 0 n 4 of 1719
CREW523 601 site spawn slotfs 3 merged 3 won 0 n 4 of 1720
CREW523 602 site mag slotfs 3 merged 3 won 0 n 4 of 1721
CREW523 602 site budget slotfs 3 merged 3 won 0 n 4 of 1722
CREW523 602 site spawn slotfs 3 merged 3 won 0 n 4 of 1723
CREW523 603 site mag slotfs 3 merged 3 won 0 n 4 of 1724
CREW523 603 site budget slotfs 3 merged 3 won 0 n 4 of 1725
CREW523 603 site spawn slotfs 3 merged 3 won 0 n 4 of 1726
CREW523 604 site mag slotfs 3 merged 3 won 0 n 4 of 1727
CREW523 604 site budget slotfs 3 merged 3 won 0 n 4 of 1728
CREW523 604 site spawn slotfs 3 merged 3 won 0 n 4 of 1729
CREW523 605 site mag slotfs 3 merged 3 won 0 n 4 of 1730
CREW523 605 site budget slotfs 3 merged 3 won 0 n 4 of 1731
CREW523 605 site spawn slotfs 3 merged 3 won 0 n 4 of 1732
CREW523 606 site mag slotfs 3 merged 3 won 0 n 4 of 1733
CREW523 606 site budget slotfs 3 merged 3 won 0 n 4 of 1734
CREW523 606 site spawn slotfs 3 merged 3 won 0 n 4 of 1735
CREW523 607 site mag slotfs 3 merged 3 won 0 n 4 of 1736
CREW523 607 site budget slotfs 3 merged 3 won 0 n 4 of 1737
CREW523 607 site spawn slotfs 3 merged 3 won 0 n 4 of 1738
CREW523 608 site mag slotfs 3 merged 3 won 0 n 4 of 1739
CREW523 608 site budget slotfs 3 merged 3 won 0 n 4 of 1740
CREW523 608 site spawn slotfs 3 merged 3 won 0 n 4 of 1741
CREW523 609 site mag slotfs 3 merged 3 won 0 n 4 of 1742
CREW523 609 site budget slotfs 3 merged 3 won 0 n 4 of 1743
CREW523 609 site spawn slotfs 3 merged 3 won 0 n 4 of 1744
CREW523 610 site mag slotfs 3 merged 3 won 0 n 4 of 1745
CREW523 610 site budget slotfs 3 merged 3 won 0 n 4 of 1746
CREW523 610 site spawn slotfs 3 merged 3 won 0 n 4 of 1747
CREW523 611 site mag slotfs 3 merged 3 won 0 n 4 of 1748
CREW523 611 site budget slotfs 3 merged 3 won 0 n 4 of 1749
CREW523 611 site spawn slotfs 3 merged 3 won 0 n 4 of 1750
CREW523 612 site mag slotfs 3 merged 3 won 0 n 4 of 1751
CREW523 612 site budget slotfs 3 merged 3 won 0 n 4 of 1752
CREW523 612 site spawn slotfs 3 merged 3 won 0 n 4 of 1753
CREW523 613 site mag slotfs 3 merged 3 won 0 n 4 of 1754
CREW523 613 site budget slotfs 3 merged 3 won 0 n 4 of 1755
CREW523 613 site spawn slotfs 3 merged 3 won 0 n 4 of 1756
CREW523 614 site mag slotfs 3 merged 3 won 0 n 4 of 1757
CREW523 614 site budget slotfs 3 merged 3 won 0 n 4 of 1758
CREW523 614 site spawn slotfs 3 merged 3 won 0 n 4 of 1759
CREW523 615 site mag slotfs 3 merged 3 won 0 n 4 of 1760
CREW523 615 site budget slotfs 3 merged 3 won 0 n 4 of 1761
CREW523 615 site spawn slotfs 3 merged 3 won 0 n 4 of 1762
CREW523 616 site mag slotfs 3 merged 3 won 0 n 4 of 1763
CREW523 616 site budget slotfs 3 merged 3 won 0 n 4 of 1764
CREW523 616 site spawn slotfs 3 merged 3 won 0 n 4 of 1765
CREW523 617 site mag slotfs 3 merged 3 won 0 n 4 of 1766
CREW523 617 site budget slotfs 3 merged 3 won 0 n 4 of 1767
CREW523 617 site spawn slotfs 3 merged 3 won 0 n 4 of 1768
CREW523 618 site mag slotfs 3 merged 3 won 0 n 4 of 1769
CREW523 618 site budget slotfs 3 merged 3 won 0 n 4 of 1770
CREW523 618 site spawn slotfs 3 merged 3 won 0 n 4 of 1771
CREW523 619 site mag slotfs 3 merged 3 won 0 n 4 of 1772
CREW523 619 site budget slotfs 3 merged 3 won 0 n 4 of 1773
CREW523 619 site spawn slotfs 3 merged 3 won 0 n 4 of 1774
CREW523 620 site mag slotfs 3 merged 3 won 0 n 4 of 1775
CREW523 620 site budget slotfs 3 merged 3 won 0 n 4 of 1776
CREW523 620 site spawn slotfs 3 merged 3 won 0 n 4 of 1777
CREW523 621 site mag slotfs 3 merged 3 won 0 n 4 of 1778
CREW523 621 site budget slotfs 3 merged 3 won 0 n 4 of 1779
CREW523 621 site spawn slotfs 3 merged 3 won 0 n 4 of 1780
CREW523 622 site mag slotfs 3 merged 3 won 0 n 4 of 1781
CREW523 622 site budget slotfs 3 merged 3 won 0 n 4 of 1782
CREW523 622 site spawn slotfs 3 merged 3 won 0 n 4 of 1783
CREW523 623 site mag slotfs 3 merged 3 won 0 n 4 of 1784
CREW523 623 site budget slotfs 3 merged 3 won 0 n 4 of 1785
CREW523 623 site spawn slotfs 3 merged 3 won 0 n 4 of 1786
CREW523 624 site mag slotfs 3 merged 3 won 0 n 4 of 1787
CREW523 624 site budget slotfs 3 merged 3 won 0 n 4 of 1788
CREW523 624 site spawn slotfs 3 merged 3 won 0 n 4 of 1789
CREW523 625 site mag slotfs 3 merged 3 won 0 n 4 of 1790
CREW523 625 site budget slotfs 3 merged 3 won 0 n 4 of 1791
CREW523 625 site spawn slotfs 3 merged 3 won 0 n 4 of 1792
CREW523 626 site mag slotfs 3 merged 3 won 0 n 4 of 1793
CREW523 626 site budget slotfs 3 merged 3 won 0 n 4 of 1794
CREW523 626 site spawn slotfs 3 merged 3 won 0 n 4 of 1795
CREW523 627 site mag slotfs 3 merged 3 won 0 n 4 of 1796
CREW523 627 site budget slotfs 3 merged 3 won 0 n 4 of 1797
CREW523 627 site spawn slotfs 3 merged 3 won 0 n 4 of 1798
CREW523 628 site mag slotfs 3 merged 3 won 0 n 4 of 1799
CREW523 628 site budget slotfs 3 merged 3 won 0 n 4 of 1800
CREW523 628 site spawn slotfs 3 merged 3 won 0 n 4 of 1801
CREW523 629 site mag slotfs 3 merged 3 won 0 n 4 of 1802
CREW523 629 site budget slotfs 3 merged 3 won 0 n 4 of 1803
CREW523 629 site spawn slotfs 3 merged 3 won 0 n 4 of 1804
CREW523 630 site mag slotfs 3 merged 3 won 0 n 4 of 1805
CREW523 630 site budget slotfs 3 merged 3 won 0 n 4 of 1806
CREW523 630 site spawn slotfs 3 merged 3 won 0 n 4 of 1807
CREW523 631 site mag slotfs 3 merged 3 won 0 n 4 of 1808
CREW523 631 site budget slotfs 3 merged 3 won 0 n 4 of 1809
CREW523 631 site spawn slotfs 3 merged 3 won 0 n 4 of 1810
CREW523 632 site mag slotfs 3 merged 3 won 0 n 4 of 1811
CREW523 632 site budget slotfs 3 merged 3 won 0 n 4 of 1812
CREW523 632 site spawn slotfs 3 merged 3 won 0 n 4 of 1813
CREW523 633 site mag slotfs 3 merged 3 won 0 n 4 of 1814
CREW523 633 site budget slotfs 3 merged 3 won 0 n 4 of 1815
CREW523 633 site spawn slotfs 3 merged 3 won 0 n 4 of 1816
CREW523 634 site mag slotfs 3 merged 3 won 0 n 4 of 1817
CREW523 634 site budget slotfs 3 merged 3 won 0 n 4 of 1818
CREW523 634 site spawn slotfs 3 merged 3 won 0 n 4 of 1819
CREW523 635 site mag slotfs 3 merged 3 won 0 n 4 of 1820
CREW523 635 site budget slotfs 3 merged 3 won 0 n 4 of 1821
CREW523 635 site spawn slotfs 3 merged 3 won 0 n 4 of 1822
CREW523 636 site mag slotfs 3 merged 3 won 0 n 4 of 1823
CREW523 636 site budget slotfs 3 merged 3 won 0 n 4 of 1824
CREW523 636 site spawn slotfs 3 merged 3 won 0 n 4 of 1825
CREW523 637 site mag slotfs 3 merged 3 won 0 n 4 of 1826
CREW523 637 site budget slotfs 3 merged 3 won 0 n 4 of 1827
CREW523 637 site spawn slotfs 3 merged 3 won 0 n 4 of 1828
CREW523 638 site mag slotfs 3 merged 3 won 0 n 4 of 1829
CREW523 638 site budget slotfs 3 merged 3 won 0 n 4 of 1830
CREW523 638 site spawn slotfs 3 merged 3 won 0 n 4 of 1831
CREW523 639 site mag slotfs 3 merged 3 won 0 n 4 of 1832
CREW523 639 site budget slotfs 3 merged 3 won 0 n 4 of 1833
CREW523 639 site spawn slotfs 3 merged 3 won 0 n 4 of 1834
CREW523 640 site mag slotfs 3 merged 3 won 0 n 4 of 1835
CREW523 640 site budget slotfs 3 merged 3 won 0 n 4 of 1836
CREW523 640 site spawn slotfs 3 merged 3 won 0 n 4 of 1837
CREW523 641 site mag slotfs 3 merged 3 won 0 n 4 of 1838
CREW523 641 site budget slotfs 3 merged 3 won 0 n 4 of 1839
CREW523 641 site spawn slotfs 3 merged 3 won 0 n 4 of 1840
CREW523 642 site mag slotfs 3 merged 3 won 0 n 4 of 1841
CREW523 642 site budget slotfs 3 merged 3 won 0 n 4 of 1842
CREW523 642 site spawn slotfs 3 merged 3 won 0 n 4 of 1843
CREW523 643 site mag slotfs 3 merged 3 won 0 n 4 of 1844
CREW523 643 site budget slotfs 3 merged 3 won 0 n 4 of 1845
CREW523 643 site spawn slotfs 3 merged 3 won 0 n 4 of 1846
CREW523 644 site mag slotfs 3 merged 3 won 0 n 4 of 1847
CREW523 644 site budget slotfs 3 merged 3 won 0 n 4 of 1848
CREW523 644 site spawn slotfs 3 merged 3 won 0 n 4 of 1849
CREW523 645 site mag slotfs 3 merged 3 won 0 n 4 of 1850
CREW523 645 site budget slotfs 3 merged 3 won 0 n 4 of 1851
CREW523 645 site spawn slotfs 3 merged 3 won 0 n 4 of 1852
CREW523 646 site mag slotfs 3 merged 3 won 0 n 4 of 1853
CREW523 646 site budget slotfs 3 merged 3 won 0 n 4 of 1854
CREW523 646 site spawn slotfs 3 merged 3 won 0 n 4 of 1855
CREW523 647 site mag slotfs 3 merged 3 won 0 n 4 of 1856
CREW523 647 site budget slotfs 3 merged 3 won 0 n 4 of 1857
CREW523 647 site spawn slotfs 3 merged 3 won 0 n 4 of 1858
CREW523 648 site mag slotfs 3 merged 3 won 0 n 4 of 1859
CREW523 648 site budget slotfs 3 merged 3 won 0 n 4 of 1860
CREW523 648 site spawn slotfs 3 merged 3 won 0 n 4 of 1861
CREW523 649 site mag slotfs 3 merged 3 won 0 n 4 of 1862
CREW523 649 site budget slotfs 3 merged 3 won 0 n 4 of 1863
CREW523 649 site spawn slotfs 3 merged 3 won 0 n 4 of 1864
CREW523 650 site mag slotfs 3 merged 3 won 0 n 4 of 1865
CREW523 650 site budget slotfs 3 merged 3 won 0 n 4 of 1866
CREW523 650 site spawn slotfs 3 merged 3 won 0 n 4 of 1867
CREW523 651 site mag slotfs 3 merged 3 won 0 n 4 of 1868
CREW523 651 site budget slotfs 3 merged 3 won 0 n 4 of 1869
CREW523 651 site spawn slotfs 3 merged 3 won 0 n 4 of 1870
CREW523 652 site mag slotfs 3 merged 3 won 0 n 4 of 1871
CREW523 652 site budget slotfs 3 merged 3 won 0 n 4 of 1872
CREW523 652 site spawn slotfs 3 merged 3 won 0 n 4 of 1873
CREW523 653 site mag slotfs 3 merged 3 won 0 n 4 of 1874
CREW523 653 site budget slotfs 3 merged 3 won 0 n 4 of 1875
CREW523 653 site spawn slotfs 3 merged 3 won 0 n 4 of 1876
CREW523 654 site mag slotfs 3 merged 3 won 0 n 4 of 1877
CREW523 654 site budget slotfs 3 merged 3 won 0 n 4 of 1878
CREW523 654 site spawn slotfs 3 merged 3 won 0 n 4 of 1879
CREW523 655 site mag slotfs 3 merged 3 won 0 n 4 of 1880
CREW523 655 site budget slotfs 3 merged 3 won 0 n 4 of 1881
CREW523 655 site spawn slotfs 3 merged 3 won 0 n 4 of 1882
CREW523 656 site mag slotfs 3 merged 3 won 0 n 4 of 1883
CREW523 656 site budget slotfs 3 merged 3 won 0 n 4 of 1884
CREW523 656 site spawn slotfs 3 merged 3 won 0 n 4 of 1885
CREW523 657 site mag slotfs 3 merged 3 won 0 n 4 of 1886
CREW523 657 site budget slotfs 3 merged 3 won 0 n 4 of 1887
CREW523 657 site spawn slotfs 3 merged 3 won 0 n 4 of 1888
CREW523 658 site mag slotfs 3 merged 3 won 0 n 4 of 1889
CREW523 658 site budget slotfs 3 merged 3 won 0 n 4 of 1890
CREW523 658 site spawn slotfs 3 merged 3 won 0 n 4 of 1891
CREW523 659 site mag slotfs 3 merged 3 won 0 n 4 of 1892
CREW523 659 site budget slotfs 3 merged 3 won 0 n 4 of 1893
CREW523 659 site spawn slotfs 3 merged 3 won 0 n 4 of 1894
CREW523 660 site mag slotfs 3 merged 3 won 0 n 4 of 1895
CREW523 660 site budget slotfs 3 merged 3 won 0 n 4 of 1896
CREW523 660 site spawn slotfs 3 merged 3 won 0 n 4 of 1897
CREW523 661 site mag slotfs 3 merged 3 won 0 n 4 of 1898
CREW523 661 site budget slotfs 3 merged 3 won 0 n 4 of 1899
CREW523 661 site spawn slotfs 3 merged 3 won 0 n 4 of 1900
CREW523 662 site mag slotfs 3 merged 3 won 0 n 4 of 1901
CREW523 662 site budget slotfs 3 merged 3 won 0 n 4 of 1902
CREW523 662 site spawn slotfs 3 merged 3 won 0 n 4 of 1903
CREW523 663 site mag slotfs 3 merged 3 won 0 n 4 of 1904
CREW523 663 site budget slotfs 3 merged 3 won 0 n 4 of 1905
CREW523 663 site spawn slotfs 3 merged 3 won 0 n 4 of 1906
CREW523 664 site mag slotfs 3 merged 3 won 0 n 4 of 1907
CREW523 664 site budget slotfs 3 merged 3 won 0 n 4 of 1908
CREW523 664 site spawn slotfs 3 merged 3 won 0 n 4 of 1909
CREW523 665 site mag slotfs 3 merged 3 won 0 n 4 of 1910
CREW523 665 site budget slotfs 3 merged 3 won 0 n 4 of 1911
CREW523 665 site spawn slotfs 3 merged 3 won 0 n 4 of 1912
CREW523 666 site mag slotfs 3 merged 3 won 0 n 4 of 1913
CREW523 666 site budget slotfs 3 merged 3 won 0 n 4 of 1914
CREW523 666 site spawn slotfs 3 merged 3 won 0 n 4 of 1915
CREW523 667 site mag slotfs 3 merged 3 won 0 n 4 of 1916
CREW523 667 site budget slotfs 3 merged 3 won 0 n 4 of 1917
CREW523 667 site spawn slotfs 3 merged 3 won 0 n 4 of 1918
CREW523 668 site mag slotfs 3 merged 3 won 0 n 4 of 1919
CREW523 668 site budget slotfs 3 merged 3 won 0 n 4 of 1920
CREW523 668 site spawn slotfs 3 merged 3 won 0 n 4 of 1921
CREW523 669 site mag slotfs 3 merged 3 won 0 n 4 of 1922
CREW523 669 site budget slotfs 3 merged 3 won 0 n 4 of 1923
CREW523 669 site spawn slotfs 3 merged 3 won 0 n 4 of 1924
CREW523 670 site mag slotfs 3 merged 3 won 0 n 4 of 1925
CREW523 670 site budget slotfs 3 merged 3 won 0 n 4 of 1926
CREW523 670 site spawn slotfs 3 merged 3 won 0 n 4 of 1927
CREW523 671 site mag slotfs 3 merged 3 won 0 n 4 of 1928
CREW523 671 site budget slotfs 3 merged 3 won 0 n 4 of 1929
CREW523 671 site spawn slotfs 3 merged 3 won 0 n 4 of 1930
CREW523 672 site mag slotfs 3 merged 3 won 0 n 4 of 1931
CREW523 672 site budget slotfs 3 merged 3 won 0 n 4 of 1932
CREW523 672 site spawn slotfs 3 merged 3 won 0 n 4 of 1933
CREW523 673 site mag slotfs 3 merged 3 won 0 n 4 of 1934
CREW523 673 site budget slotfs 3 merged 3 won 0 n 4 of 1935
CREW523 673 site spawn slotfs 3 merged 3 won 0 n 4 of 1936
CREW523 674 site mag slotfs 3 merged 3 won 0 n 4 of 1937
CREW523 674 site budget slotfs 3 merged 3 won 0 n 4 of 1938
CREW523 674 site spawn slotfs 3 merged 3 won 0 n 4 of 1939
CREW523 675 site mag slotfs 3 merged 3 won 0 n 4 of 1940
CREW523 675 site budget slotfs 3 merged 3 won 0 n 4 of 1941
CREW523 675 site spawn slotfs 3 merged 3 won 0 n 4 of 1942
CREW523 676 site mag slotfs 3 merged 3 won 0 n 4 of 1943
CREW523 676 site budget slotfs 3 merged 3 won 0 n 4 of 1944
CREW523 676 site spawn slotfs 3 merged 3 won 0 n 4 of 1945
CREW523 677 site mag slotfs 3 merged 3 won 0 n 4 of 1946
CREW523 677 site budget slotfs 3 merged 3 won 0 n 4 of 1947
CREW523 677 site spawn slotfs 3 merged 3 won 0 n 4 of 1948
CREW523 678 site mag slotfs 3 merged 3 won 0 n 4 of 1949
CREW523 678 site budget slotfs 3 merged 3 won 0 n 4 of 1950
CREW523 678 site spawn slotfs 3 merged 3 won 0 n 4 of 1951
CREW523 679 site mag slotfs 3 merged 3 won 0 n 4 of 1952
CREW523 679 site budget slotfs 3 merged 3 won 0 n 4 of 1953
CREW523 679 site spawn slotfs 3 merged 3 won 0 n 4 of 1954
CREW523 680 site mag slotfs 3 merged 3 won 0 n 4 of 1955
CREW523 680 site budget slotfs 3 merged 3 won 0 n 4 of 1956
CREW523 680 site spawn slotfs 3 merged 3 won 0 n 4 of 1957
CREW523 681 site mag slotfs 3 merged 3 won 0 n 4 of 1958
CREW523 681 site budget slotfs 3 merged 3 won 0 n 4 of 1959
CREW523 681 site spawn slotfs 3 merged 3 won 0 n 4 of 1960
CREW523 682 site mag slotfs 3 merged 3 won 0 n 4 of 1961
CREW523 682 site budget slotfs 3 merged 3 won 0 n 4 of 1962
CREW523 682 site spawn slotfs 3 merged 3 won 0 n 4 of 1963
CREW523 683 site mag slotfs 3 merged 3 won 0 n 4 of 1964
CREW523 683 site budget slotfs 3 merged 3 won 0 n 4 of 1965
CREW523 683 site spawn slotfs 3 merged 3 won 0 n 4 of 1966
CREW523 684 site mag slotfs 3 merged 3 won 0 n 4 of 1967
CREW523 684 site budget slotfs 3 merged 3 won 0 n 4 of 1968
CREW523 684 site spawn slotfs 3 merged 3 won 0 n 4 of 1969
CREW523 685 site mag slotfs 3 merged 3 won 0 n 4 of 1970
CREW523 685 site budget slotfs 3 merged 3 won 0 n 4 of 1971
CREW523 685 site spawn slotfs 3 merged 3 won 0 n 4 of 1972
CREW523 686 site mag slotfs 3 merged 3 won 0 n 4 of 1973
CREW523 686 site budget slotfs 3 merged 3 won 0 n 4 of 1974
CREW523 686 site spawn slotfs 3 merged 3 won 0 n 4 of 1975
CREW523 687 site mag slotfs 3 merged 3 won 0 n 4 of 1976
CREW523 687 site budget slotfs 3 merged 3 won 0 n 4 of 1977
CREW523 687 site spawn slotfs 3 merged 3 won 0 n 4 of 1978
CREW523 688 site mag slotfs 3 merged 3 won 0 n 4 of 1979
CREW523 688 site budget slotfs 3 merged 3 won 0 n 4 of 1980
CREW523 688 site spawn slotfs 3 merged 3 won 0 n 4 of 1981
CREW523 689 site mag slotfs 3 merged 3 won 0 n 4 of 1982
CREW523 689 site budget slotfs 3 merged 3 won 0 n 4 of 1983
CREW523 689 site spawn slotfs 3 merged 3 won 0 n 4 of 1984
CREW523 690 site mag slotfs 3 merged 3 won 0 n 4 of 1985
CREW523 690 site budget slotfs 3 merged 3 won 0 n 4 of 1986
CREW523 690 site spawn slotfs 3 merged 3 won 0 n 4 of 1987
CREW523 691 site mag slotfs 3 merged 3 won 0 n 4 of 1988
CREW523 691 site budget slotfs 3 merged 3 won 0 n 4 of 1989
CREW523 691 site spawn slotfs 3 merged 3 won 0 n 4 of 1990
CREW523 692 site mag slotfs 3 merged 3 won 0 n 4 of 1991
CREW523 692 site budget slotfs 3 merged 3 won 0 n 4 of 1992
CREW523 692 site spawn slotfs 3 merged 3 won 0 n 4 of 1993
CREW523 693 site mag slotfs 3 merged 3 won 0 n 4 of 1994
CREW523 693 site budget slotfs 3 merged 3 won 0 n 4 of 1995
CREW523 693 site spawn slotfs 3 merged 3 won 0 n 4 of 1996
CREW523 694 site mag slotfs 3 merged 3 won 0 n 4 of 1997
CREW523 694 site budget slotfs 3 merged 3 won 0 n 4 of 1998
CREW523 694 site spawn slotfs 3 merged 3 won 0 n 4 of 1999
CREW523 695 site mag slotfs 3 merged 3 won 0 n 4 of 2000
CREW523 695 site budget slotfs 3 merged 3 won 0 n 4 of 2001
CREW523 695 site spawn slotfs 3 merged 3 won 0 n 4 of 2002
CREW523 696 site mag slotfs 3 merged 3 won 0 n 4 of 2003
CREW523 696 site budget slotfs 3 merged 3 won 0 n 4 of 2004
CREW523 696 site spawn slotfs 3 merged 3 won 0 n 4 of 2005
CREW523 697 site mag slotfs 3 merged 3 won 0 n 4 of 2006
CREW523 697 site budget slotfs 3 merged 3 won 0 n 4 of 2007
CREW523 697 site spawn slotfs 3 merged 3 won 0 n 4 of 2008
CREW523 698 site mag slotfs 3 merged 3 won 0 n 4 of 2009
CREW523 698 site budget slotfs 3 merged 3 won 0 n 4 of 2010
CREW523 698 site spawn slotfs 3 merged 3 won 0 n 4 of 2011
CREW523 699 site mag slotfs 3 merged 3 won 0 n 4 of 2012
CREW523 699 site budget slotfs 3 merged 3 won 0 n 4 of 2013
CREW523 699 site spawn slotfs 3 merged 3 won 0 n 4 of 2014
CREW523 700 site mag slotfs 3 merged 3 won 0 n 4 of 2015
CREW523 700 site budget slotfs 3 merged 3 won 0 n 4 of 2016
CREW523 700 site spawn slotfs 3 merged 3 won 0 n 4 of 2017
CREW523 701 site mag slotfs 3 merged 3 won 0 n 4 of 2018
CREW523 701 site budget slotfs 3 merged 3 won 0 n 4 of 2019
CREW523 701 site spawn slotfs 3 merged 3 won 0 n 4 of 2020
CREW523 702 site mag slotfs 3 merged 3 won 0 n 4 of 2021
CREW523 702 site budget slotfs 3 merged 3 won 0 n 4 of 2022
CREW523 702 site spawn slotfs 3 merged 3 won 0 n 4 of 2023
CREW523 703 site mag slotfs 3 merged 3 won 0 n 4 of 2024
CREW523 703 site budget slotfs 3 merged 3 won 0 n 4 of 2025
CREW523 703 site spawn slotfs 3 merged 3 won 0 n 4 of 2026
CREW523 704 site mag slotfs 3 merged 3 won 0 n 4 of 2027
CREW523 704 site budget slotfs 3 merged 3 won 0 n 4 of 2028
CREW523 704 site spawn slotfs 3 merged 3 won 0 n 4 of 2029
CREW523 705 site mag slotfs 3 merged 3 won 0 n 4 of 2030
CREW523 705 site budget slotfs 3 merged 3 won 0 n 4 of 2031
CREW523 705 site spawn slotfs 3 merged 3 won 0 n 4 of 2032
CREW523 706 site mag slotfs 3 merged 3 won 0 n 4 of 2033
CREW523 706 site budget slotfs 3 merged 3 won 0 n 4 of 2034
CREW523 706 site spawn slotfs 3 merged 3 won 0 n 4 of 2035
CREW523 707 site mag slotfs 3 merged 3 won 0 n 4 of 2036
CREW523 707 site budget slotfs 3 merged 3 won 0 n 4 of 2037
CREW523 707 site spawn slotfs 3 merged 3 won 0 n 4 of 2038
CREW523 708 site mag slotfs 3 merged 3 won 0 n 4 of 2039
CREW523 708 site budget slotfs 3 merged 3 won 0 n 4 of 2040
CREW523 708 site spawn slotfs 3 merged 3 won 0 n 4 of 2041
CREW523 709 site mag slotfs 3 merged 3 won 0 n 4 of 2042
CREW523 709 site budget slotfs 3 merged 3 won 0 n 4 of 2043
CREW523 709 site spawn slotfs 3 merged 3 won 0 n 4 of 2044
CREW523 710 site mag slotfs 3 merged 3 won 0 n 4 of 2045
CREW523 710 site budget slotfs 3 merged 3 won 0 n 4 of 2046
CREW523 710 site spawn slotfs 3 merged 3 won 0 n 4 of 2047
CREW523 711 site mag slotfs 3 merged 3 won 0 n 4 of 2048
CREW523 711 site budget slotfs 3 merged 3 won 0 n 4 of 2049
CREW523 711 site spawn slotfs 3 merged 3 won 0 n 4 of 2050
CREW523 712 site mag slotfs 3 merged 3 won 0 n 4 of 2051
CREW523 712 site budget slotfs 3 merged 3 won 0 n 4 of 2052
CREW523 712 site spawn slotfs 3 merged 3 won 0 n 4 of 2053
CREW523 713 site mag slotfs 3 merged 3 won 0 n 4 of 2054
CREW523 713 site budget slotfs 3 merged 3 won 0 n 4 of 2055
CREW523 713 site spawn slotfs 3 merged 3 won 0 n 4 of 2056
CREW523 714 site mag slotfs 3 merged 3 won 0 n 4 of 2057
CREW523 714 site budget slotfs 3 merged 3 won 0 n 4 of 2058
CREW523 714 site spawn slotfs 3 merged 3 won 0 n 4 of 2059
CREW523 715 site mag slotfs 3 merged 3 won 0 n 4 of 2060
CREW523 715 site budget slotfs 3 merged 3 won 0 n 4 of 2061
CREW523 715 site spawn slotfs 3 merged 3 won 0 n 4 of 2062
CREW523 716 site mag slotfs 3 merged 3 won 0 n 4 of 2063
CREW523 716 site budget slotfs 3 merged 3 won 0 n 4 of 2064
CREW523 716 site spawn slotfs 3 merged 3 won 0 n 4 of 2065
CREW523 717 site mag slotfs 3 merged 3 won 0 n 4 of 2066
CREW523 717 site budget slotfs 3 merged 3 won 0 n 4 of 2067
CREW523 717 site spawn slotfs 3 merged 3 won 0 n 4 of 2068
CREW523 718 site mag slotfs 3 merged 3 won 0 n 4 of 2069
CREW523 718 site budget slotfs 3 merged 3 won 0 n 4 of 2070
CREW523 718 site spawn slotfs 3 merged 3 won 0 n 4 of 2071
CREW523 719 site mag slotfs 3 merged 3 won 0 n 4 of 2072
CREW523 719 site budget slotfs 3 merged 3 won 0 n 4 of 2073
CREW523 719 site spawn slotfs 3 merged 3 won 0 n 4 of 2074
