Update available: 2.3.6 -> 2.3.8. Run: pip install --upgrade fcode
RC MAP w 30 h 30 ours 2,2 theirs 26,26
V527I SEALNT 0 ph 0 fwd 0 hv 0
V527I SEALNT 1 ph 0 fwd 0 hv 0
RC SEAT 1 id 3 seat 0
RC POS 1 id 3 seat 0 role raid fs 0 body 1 pos 4,3 stuck 0
RC WALK 1 id 3 role raid pos 4,3 tgt 25,25 want EAST
V527I SEALNT 2 ph 0 fwd 0 hv 0
RC POS 2 id 3 seat 0 role raid fs 0 body 1 pos 5,3 stuck 0
RC WALK 2 id 3 role raid pos 5,3 tgt 25,25 want SOUTH
RC SEAT 2 id 5 seat 1
RC POS 2 id 5 seat 1 role expand fs 0 body 1 pos 4,2 stuck 0
V528 PICK r 2 id 5 tgt 2,6 cs 12 bs 12 reg 0 cc 2 bc 2 cands 4 banned 0 regall 0 seat 1
RC WALK 2 id 5 role expand pos 4,2 tgt 2,5 want NORTH
V527I SEALNT 3 ph 0 fwd 0 hv 0
RC POS 3 id 3 seat 0 role raid fs 0 body 1 pos 5,4 stuck 0
RC WALK 3 id 3 role raid pos 5,4 tgt 25,25 want SOUTH
RC POS 3 id 5 seat 1 role expand fs 0 body 1 pos 4,1 stuck 0
RC WALK 3 id 5 role expand pos 4,1 tgt 2,5 want WEST
RC SEAT 3 id 7 seat 2
RC POS 3 id 7 seat 2 role expand fs 0 body 1 pos 4,3 stuck 0
V528 PICK r 3 id 7 tgt 6,2 cs 15 bs 15 reg 0 cc 4 bc 4 cands 4 banned 0 regall 0 seat 2
RC WALK 3 id 7 role expand pos 4,3 tgt 5,2 want EAST
V527I SEALNT 4 ph 0 fwd 0 hv 0
RC POS 4 id 3 seat 0 role raid fs 0 body 1 pos 5,5 stuck 0
RC WALK 4 id 3 role raid pos 5,5 tgt 25,25 want EAST
RC POS 4 id 5 seat 1 role expand fs 0 body 1 pos 3,1 stuck 0
RC WALK 4 id 5 role expand pos 3,1 tgt 2,5 want WEST
RC POS 4 id 7 seat 2 role expand fs 0 body 1 pos 5,3 stuck 0
RC WALK 4 id 7 role expand pos 5,3 tgt 5,2 want NORTH
RC SEAT 4 id 9 seat 3
RC POS 4 id 9 seat 3 role expand fs 0 body 1 pos 4,2 stuck 0
V528 PICK r 4 id 9 tgt 3,9 cs 23 bs 23 reg 0 cc 5 bc 5 cands 4 banned 0 regall 0 seat 3
RC WALK 4 id 9 role expand pos 4,2 tgt 3,9 want SOUTH
V527I SEALNT 5 ph 0 fwd 0 hv 0
RC POS 5 id 3 seat 0 role raid fs 0 body 1 pos 6,5 stuck 0
RC WALK 5 id 3 role raid pos 6,5 tgt 25,25 want SOUTH
RC POS 5 id 5 seat 1 role expand fs 0 body 1 pos 2,1 stuck 0
RC WALK 5 id 5 role expand pos 2,1 tgt 2,5 want WEST
RC POS 5 id 7 seat 2 role expand fs 0 body 1 pos 5,2 stuck 0
V528 CONN r 5 id 7 at 6,2 chosen 4 best 4 regret 0 cands 3 role expand seat 2
RC POS 5 id 9 seat 3 role expand fs 0 body 1 pos 4,3 stuck 0
RC WALK 5 id 9 role expand pos 4,3 tgt 3,9 want EAST
RC SEAT 5 id 11 seat 4
RC POS 5 id 11 seat 4 role defend fs 0 body 1 pos 1,4 stuck 0
RC WALK 5 id 11 role defend pos 1,4 tgt 2,5 want EAST
V527I SEALNT 6 ph 0 fwd 0 hv 1
RC POS 6 id 3 seat 0 role raid fs 0 body 1 pos 6,6 stuck 0
RC WALK 6 id 3 role raid pos 6,6 tgt 25,25 want EAST
RC POS 6 id 5 seat 1 role expand fs 0 body 1 pos 1,1 stuck 0
RC WALK 6 id 5 role expand pos 1,1 tgt 2,5 want SOUTH
RC POS 6 id 7 seat 2 role expand fs 0 body 1 pos 5,2 stuck 1
RC POS 6 id 9 seat 3 role expand fs 0 body 1 pos 5,3 stuck 0
RC POS 6 id 11 seat 4 role defend fs 0 body 1 pos 2,4 stuck 0
RC WALK 6 id 11 role defend pos 2,4 tgt 2,5 want SOUTH
V527I SEALNT 7 ph 0 fwd 0 hv 1
RC POS 7 id 3 seat 0 role raid fs 0 body 1 pos 7,6 stuck 0
RC WALK 7 id 3 role raid pos 7,6 tgt 25,25 want EAST
RC POS 7 id 5 seat 1 role expand fs 0 body 1 pos 1,2 stuck 0
RC WALK 7 id 5 role expand pos 1,2 tgt 2,5 want SOUTH
RC POS 7 id 7 seat 2 role expand fs 0 body 1 pos 5,2 stuck 2
V528 PICK r 7 id 7 tgt 7,9 cs 36 bs 36 reg 0 cc 9 bc 9 cands 3 banned 0 regall 0 seat 2
RC WALK 7 id 7 role expand pos 5,2 tgt 7,9 want NORTH
RC POS 7 id 9 seat 3 role expand fs 0 body 1 pos 5,3 stuck 1
RC WALK 7 id 9 role expand pos 5,3 tgt 3,9 want EAST
RC POS 7 id 11 seat 4 role defend fs 0 body 1 pos 2,5 stuck 0
V528 CONN r 7 id 11 at 2,6 chosen 2 best 2 regret 0 cands 15 role defend seat 4
RC SEAT 7 id 14 seat 5
RC POS 7 id 14 seat 5 role raid fs 0 body 1 pos 4,2 stuck 0
RC WALK 7 id 14 role raid pos 4,2 tgt 28,25 want EAST
V527I SEALNT 8 ph 0 fwd 0 hv 2
RC POS 8 id 3 seat 0 role raid fs 0 body 1 pos 8,6 stuck 0
RC WALK 8 id 3 role raid pos 8,6 tgt 25,25 want SOUTH
RC POS 8 id 5 seat 1 role expand fs 0 body 1 pos 1,3 stuck 0
RC WALK 8 id 5 role expand pos 1,3 tgt 2,5 want SOUTH
RC POS 8 id 7 seat 2 role expand fs 0 body 1 pos 5,1 stuck 0
RC WALK 8 id 7 role expand pos 5,1 tgt 7,9 want EAST
RC POS 8 id 9 seat 3 role expand fs 0 body 1 pos 6,3 stuck 0
RC WALK 8 id 9 role expand pos 6,3 tgt 3,9 want WEST
RC POS 8 id 11 seat 4 role defend fs 0 body 1 pos 2,5 stuck 1
RC POS 8 id 14 seat 5 role raid fs 0 body 1 pos 5,2 stuck 0
RC WALK 8 id 14 role raid pos 5,2 tgt 28,25 want NORTH
V527I SEALNT 9 ph 0 fwd 0 hv 2
RC POS 9 id 3 seat 0 role raid fs 0 body 1 pos 8,7 stuck 0
RC WALK 9 id 3 role raid pos 8,7 tgt 25,25 want SOUTH
RC POS 9 id 5 seat 1 role expand fs 0 body 1 pos 1,4 stuck 0
RC WALK 9 id 5 role expand pos 1,4 tgt 2,5 want EAST
RC POS 9 id 7 seat 2 role expand fs 0 body 1 pos 6,1 stuck 0
RC WALK 9 id 7 role expand pos 6,1 tgt 7,9 want EAST
RC POS 9 id 9 seat 3 role expand fs 0 body 1 pos 5,3 stuck 0
RC WALK 9 id 9 role expand pos 5,3 tgt 3,9 want SOUTH
RC POS 9 id 11 seat 4 role defend fs 0 body 1 pos 2,5 stuck 2
RC POS 9 id 14 seat 5 role raid fs 0 body 1 pos 5,1 stuck 0
RC WALK 9 id 14 role raid pos 5,1 tgt 28,25 want SOUTH
V527I SEALNT 10 ph 0 fwd 0 hv 2
RC POS 10 id 3 seat 0 role raid fs 0 body 1 pos 8,8 stuck 0
RC WALK 10 id 3 role raid pos 8,8 tgt 25,25 want EAST
RC POS 10 id 5 seat 1 role expand fs 0 body 1 pos 2,4 stuck 0
RC POS 10 id 7 seat 2 role expand fs 0 body 1 pos 7,1 stuck 0
RC WALK 10 id 7 role expand pos 7,1 tgt 7,9 want SOUTH
RC POS 10 id 9 seat 3 role expand fs 0 body 1 pos 5,4 stuck 0
RC WALK 10 id 9 role expand pos 5,4 tgt 3,9 want SOUTH
RC POS 10 id 11 seat 4 role defend fs 0 body 1 pos 3,5 stuck 0
RC WALK 10 id 11 role defend pos 3,5 tgt 2,4 want WEST
RC POS 10 id 14 seat 5 role raid fs 0 body 1 pos 5,2 stuck 0
RC WALK 10 id 14 role raid pos 5,2 tgt 28,25 want SOUTH
V527I SEALNT 11 ph 0 fwd 0 hv 2
RC POS 11 id 3 seat 0 role raid fs 0 body 1 pos 9,8 stuck 0
RC WALK 11 id 3 role raid pos 9,8 tgt 25,25 want SOUTH
RC POS 11 id 5 seat 1 role expand fs 0 body 1 pos 2,4 stuck 1
RC WALK 11 id 5 role expand pos 2,4 tgt 2,5 want CENTRE
RC POS 11 id 7 seat 2 role expand fs 0 body 1 pos 7,2 stuck 0
RC WALK 11 id 7 role expand pos 7,2 tgt 7,9 want SOUTH
RC POS 11 id 9 seat 3 role expand fs 0 body 1 pos 5,5 stuck 0
RC WALK 11 id 9 role expand pos 5,5 tgt 3,8 want SOUTH
RC POS 11 id 11 seat 4 role defend fs 0 body 1 pos 2,5 stuck 0
RC WALK 11 id 11 role defend pos 2,5 tgt 2,4 want CENTRE
RC POS 11 id 14 seat 5 role raid fs 0 body 1 pos 5,3 stuck 0
RC WALK 11 id 14 role raid pos 5,3 tgt 28,25 want EAST
V527I SEALNT 12 ph 0 fwd 0 hv 2
RC POS 12 id 3 seat 0 role raid fs 0 body 1 pos 9,9 stuck 0
RC WALK 12 id 3 role raid pos 9,9 tgt 25,25 want EAST
RC POS 12 id 5 seat 1 role expand fs 0 body 1 pos 2,4 stuck 2
RC WALK 12 id 5 role expand pos 2,4 tgt 2,5 want CENTRE
RC POS 12 id 7 seat 2 role expand fs 0 body 1 pos 7,3 stuck 0
RC WALK 12 id 7 role expand pos 7,3 tgt 7,9 want SOUTH
RC POS 12 id 9 seat 3 role expand fs 0 body 1 pos 5,6 stuck 0
RC WALK 12 id 9 role expand pos 5,6 tgt 3,8 want EAST
RC POS 12 id 11 seat 4 role defend fs 0 body 1 pos 2,5 stuck 1
RC WALK 12 id 11 role defend pos 2,5 tgt 2,4 want CENTRE
RC POS 12 id 14 seat 5 role raid fs 0 body 1 pos 6,3 stuck 0
RC WALK 12 id 14 role raid pos 6,3 tgt 28,25 want EAST
V527I SEALNT 13 ph 0 fwd 0 hv 2
RC POS 13 id 3 seat 0 role raid fs 0 body 1 pos 10,9 stuck 0
RC WALK 13 id 3 role raid pos 10,9 tgt 25,25 want EAST
RC POS 13 id 5 seat 1 role expand fs 0 body 1 pos 2,4 stuck 3
RC WALK 13 id 5 role expand pos 2,4 tgt 2,5 want CENTRE
RC POS 13 id 7 seat 2 role expand fs 0 body 1 pos 7,4 stuck 0
RC WALK 13 id 7 role expand pos 7,4 tgt 7,9 want SOUTH
RC POS 13 id 9 seat 3 role expand fs 0 body 1 pos 6,6 stuck 0
RC WALK 13 id 9 role expand pos 6,6 tgt 3,8 want EAST
RC POS 13 id 11 seat 4 role defend fs 0 body 1 pos 2,5 stuck 2
RC WALK 13 id 11 role defend pos 2,5 tgt 2,4 want CENTRE
RC POS 13 id 14 seat 5 role raid fs 0 body 1 pos 7,3 stuck 0
RC WALK 13 id 14 role raid pos 7,3 tgt 28,25 want SOUTH
V527I SEALNT 14 ph 0 fwd 0 hv 2
RC POS 14 id 3 seat 0 role raid fs 0 body 1 pos 11,9 stuck 0
RC WALK 14 id 3 role raid pos 11,9 tgt 25,25 want EAST
RC POS 14 id 5 seat 1 role expand fs 0 body 1 pos 2,4 stuck 4
RC WALK 14 id 5 role expand pos 2,4 tgt 2,5 want CENTRE
RC POS 14 id 7 seat 2 role expand fs 0 body 1 pos 7,5 stuck 0
RC WALK 14 id 7 role expand pos 7,5 tgt 7,8 want EAST
RC POS 14 id 9 seat 3 role expand fs 0 body 1 pos 7,6 stuck 0
RC WALK 14 id 9 role expand pos 7,6 tgt 3,8 want EAST
RC POS 14 id 11 seat 4 role defend fs 0 body 1 pos 2,5 stuck 3
RC WALK 14 id 11 role defend pos 2,5 tgt 2,4 want CENTRE
RC POS 14 id 14 seat 5 role raid fs 0 body 1 pos 7,4 stuck 0
RC WALK 14 id 14 role raid pos 7,4 tgt 28,25 want EAST
V527I SEALNT 15 ph 0 fwd 0 hv 2
RC POS 15 id 3 seat 0 role raid fs 0 body 1 pos 12,9 stuck 0
RC WALK 15 id 3 role raid pos 12,9 tgt 25,25 want EAST
RC POS 15 id 5 seat 1 role expand fs 0 body 1 pos 2,4 stuck 5
V528 PICK r 15 id 5 tgt 11,3 cs 34 bs 34 reg 0 cc 8 bc 8 cands 3 banned 0 regall 0 seat 1
RC WALK 15 id 5 role expand pos 2,4 tgt 11,3 want WEST
RC POS 15 id 7 seat 2 role expand fs 0 body 1 pos 8,5 stuck 0
RC WALK 15 id 7 role expand pos 8,5 tgt 7,8 want WEST
RC POS 15 id 9 seat 3 role expand fs 0 body 1 pos 8,6 stuck 0
RC WALK 15 id 9 role expand pos 8,6 tgt 3,8 want SOUTH
RC POS 15 id 11 seat 4 role defend fs 0 body 1 pos 2,5 stuck 4
RC WALK 15 id 11 role defend pos 2,5 tgt 2,4 want NORTH
RC POS 15 id 14 seat 5 role raid fs 0 body 1 pos 8,4 stuck 0
RC WALK 15 id 14 role raid pos 8,4 tgt 28,25 want NORTH
V527I SEALNT 16 ph 0 fwd 0 hv 2
RC POS 16 id 3 seat 0 role raid fs 0 body 1 pos 13,9 stuck 0
RC WALK 16 id 3 role raid pos 13,9 tgt 25,25 want EAST
RC POS 16 id 5 seat 1 role expand fs 0 body 1 pos 1,4 stuck 0
RC WALK 16 id 5 role expand pos 1,4 tgt 11,3 want NORTH
RC POS 16 id 7 seat 2 role expand fs 0 body 1 pos 7,5 stuck 0
RC WALK 16 id 7 role expand pos 7,5 tgt 7,8 want NORTH
RC POS 16 id 9 seat 3 role expand fs 0 body 1 pos 8,7 stuck 0
RC WALK 16 id 9 role expand pos 8,7 tgt 3,8 want SOUTH
RC POS 16 id 11 seat 4 role defend fs 0 body 1 pos 2,4 stuck 0
RC WALK 16 id 11 role defend pos 2,4 tgt 0,2 want WEST
RC POS 16 id 14 seat 5 role raid fs 0 body 1 pos 8,3 stuck 0
RC WALK 16 id 14 role raid pos 8,3 tgt 28,25 want SOUTH
V527I SEALNT 17 ph 0 fwd 0 hv 2
RC POS 17 id 3 seat 0 role raid fs 0 body 1 pos 14,9 stuck 0
RC WALK 17 id 3 role raid pos 14,9 tgt 25,25 want SOUTH
RC POS 17 id 5 seat 1 role expand fs 0 body 1 pos 1,3 stuck 0
RC WALK 17 id 5 role expand pos 1,3 tgt 11,3 want NORTH
RC POS 17 id 7 seat 2 role expand fs 0 body 1 pos 7,4 stuck 0
RC WALK 17 id 7 role expand pos 7,4 tgt 7,8 want SOUTH
RC POS 17 id 9 seat 3 role expand fs 0 body 1 pos 8,8 stuck 0
RC WALK 17 id 9 role expand pos 8,8 tgt 7,8 want WEST
RC POS 17 id 11 seat 4 role defend fs 0 body 1 pos 1,4 stuck 0
RC WALK 17 id 11 role defend pos 1,4 tgt 0,2 want NORTH
RC POS 17 id 14 seat 5 role raid fs 0 body 1 pos 8,4 stuck 0
RC WALK 17 id 14 role raid pos 8,4 tgt 28,25 want SOUTH
V527I SEALNT 18 ph 0 fwd 0 hv 2
RC POS 18 id 3 seat 0 role raid fs 0 body 1 pos 14,10 stuck 0
RC WALK 18 id 3 role raid pos 14,10 tgt 25,25 want SOUTH
RC POS 18 id 5 seat 1 role expand fs 0 body 1 pos 1,2 stuck 0
RC WALK 18 id 5 role expand pos 1,2 tgt 11,3 want NORTH
RC POS 18 id 7 seat 2 role expand fs 0 body 1 pos 7,5 stuck 0
RC WALK 18 id 7 role expand pos 7,5 tgt 7,8 want SOUTH
RC POS 18 id 9 seat 3 role expand fs 0 body 1 pos 7,8 stuck 0
V528 CONN r 18 id 9 at 7,9 chosen 8 best 4 regret 4 cands 4 role expand seat 3
RC POS 18 id 11 seat 4 role defend fs 0 body 1 pos 1,3 stuck 0
RC WALK 18 id 11 role defend pos 1,3 tgt 0,2 want WEST
RC POS 18 id 14 seat 5 role raid fs 0 body 1 pos 8,5 stuck 0
RC WALK 18 id 14 role raid pos 8,5 tgt 28,25 want SOUTH
V527I SEALNT 19 ph 0 fwd 0 hv 3
RC POS 19 id 3 seat 0 role raid fs 0 body 1 pos 14,11 stuck 0
RC WALK 19 id 3 role raid pos 14,11 tgt 25,25 want SOUTH
RC POS 19 id 5 seat 1 role expand fs 0 body 1 pos 1,1 stuck 0
RC WALK 19 id 5 role expand pos 1,1 tgt 11,3 want EAST
RC POS 19 id 7 seat 2 role expand fs 0 body 1 pos 7,6 stuck 0
RC WALK 19 id 7 role expand pos 7,6 tgt 7,8 want NORTH
RC POS 19 id 9 seat 3 role expand fs 0 body 1 pos 7,8 stuck 1
RC POS 19 id 11 seat 4 role defend fs 0 body 1 pos 0,3 stuck 0
RC WALK 19 id 11 role defend pos 0,3 tgt 0,2 want NORTH
RC POS 19 id 14 seat 5 role raid fs 0 body 1 pos 8,6 stuck 0
RC WALK 19 id 14 role raid pos 8,6 tgt 28,25 want SOUTH
V527I SEALNT 20 ph 0 fwd 0 hv 3
RC POS 20 id 3 seat 0 role raid fs 0 body 1 pos 14,12 stuck 0
RC WALK 20 id 3 role raid pos 14,12 tgt 25,25 want SOUTH
RC POS 20 id 5 seat 1 role expand fs 0 body 1 pos 2,1 stuck 0
RC WALK 20 id 5 role expand pos 2,1 tgt 11,3 want EAST
RC POS 20 id 7 seat 2 role expand fs 0 body 1 pos 7,5 stuck 0
RC WALK 20 id 7 role expand pos 7,5 tgt 7,8 want EAST
RC POS 20 id 9 seat 3 role expand fs 0 body 1 pos 7,8 stuck 2
RC POS 20 id 11 seat 4 role defend fs 0 body 1 pos 0,2 stuck 0
RC WALK 20 id 11 role defend pos 0,2 tgt 0,1 want NORTH
RC POS 20 id 14 seat 5 role raid fs 0 body 1 pos 8,7 stuck 0
RC WALK 20 id 14 role raid pos 8,7 tgt 28,25 want EAST
V527I SEALNT 21 ph 0 fwd 0 hv 3
RC POS 21 id 3 seat 0 role raid fs 0 body 1 pos 14,13 stuck 0
RC WALK 21 id 3 role raid pos 14,13 tgt 25,25 want SOUTH
RC POS 21 id 5 seat 1 role expand fs 0 body 1 pos 3,1 stuck 0
RC WALK 21 id 5 role expand pos 3,1 tgt 11,3 want EAST
RC POS 21 id 7 seat 2 role expand fs 0 body 1 pos 8,5 stuck 0
RC WALK 21 id 7 role expand pos 8,5 tgt 7,8 want SOUTH
RC POS 21 id 9 seat 3 role expand fs 0 body 1 pos 6,8 stuck 0
RC POS 21 id 11 seat 4 role defend fs 0 body 1 pos 0,1 stuck 0
RC WALK 21 id 11 role defend pos 0,1 tgt 1,0 want EAST
RC POS 21 id 14 seat 5 role raid fs 0 body 1 pos 9,7 stuck 0
RC WALK 21 id 14 role raid pos 9,7 tgt 28,25 want EAST
V527I SEALNT 22 ph 0 fwd 0 hv 3
RC POS 22 id 3 seat 0 role raid fs 0 body 1 pos 14,14 stuck 0
RC WALK 22 id 3 role raid pos 14,14 tgt 25,25 want EAST
RC POS 22 id 5 seat 1 role expand fs 0 body 1 pos 4,1 stuck 0
RC WALK 22 id 5 role expand pos 4,1 tgt 11,3 want EAST
RC POS 22 id 7 seat 2 role expand fs 0 body 1 pos 8,6 stuck 0
RC WALK 22 id 7 role expand pos 8,6 tgt 7,8 want SOUTH
RC POS 22 id 9 seat 3 role expand fs 0 body 1 pos 6,8 stuck 1
RC POS 22 id 11 seat 4 role defend fs 0 body 1 pos 1,1 stuck 0
RC WALK 22 id 11 role defend pos 1,1 tgt 1,0 want NORTH
RC POS 22 id 14 seat 5 role raid fs 0 body 1 pos 10,7 stuck 0
RC WALK 22 id 14 role raid pos 10,7 tgt 28,25 want EAST
V527I SEALNT 23 ph 0 fwd 0 hv 3
RC POS 23 id 3 seat 0 role raid fs 0 body 1 pos 15,14 stuck 0
RC WALK 23 id 3 role raid pos 15,14 tgt 25,25 want SOUTH
RC POS 23 id 5 seat 1 role expand fs 0 body 1 pos 5,1 stuck 0
RC WALK 23 id 5 role expand pos 5,1 tgt 11,3 want EAST
RC POS 23 id 7 seat 2 role expand fs 0 body 1 pos 8,7 stuck 0
RC WALK 23 id 7 role expand pos 8,7 tgt 7,8 want SOUTH
RC POS 23 id 9 seat 3 role expand fs 0 body 1 pos 6,8 stuck 2
RC WALK 23 id 9 role expand pos 6,8 tgt 4,8 want WEST
RC POS 23 id 11 seat 4 role defend fs 0 body 1 pos 1,0 stuck 0
RC WALK 23 id 11 role defend pos 1,0 tgt 2,0 want EAST
RC POS 23 id 14 seat 5 role raid fs 0 body 1 pos 11,7 stuck 0
RC WALK 23 id 14 role raid pos 11,7 tgt 28,25 want EAST
V527I SEALNT 24 ph 0 fwd 0 hv 3
RC POS 24 id 3 seat 0 role raid fs 0 body 1 pos 15,15 stuck 0
RC WALK 24 id 3 role raid pos 15,15 tgt 25,25 want EAST
RC POS 24 id 5 seat 1 role expand fs 0 body 1 pos 6,1 stuck 0
RC WALK 24 id 5 role expand pos 6,1 tgt 11,3 want EAST
RC POS 24 id 7 seat 2 role expand fs 0 body 1 pos 8,8 stuck 0
RC WALK 24 id 7 role expand pos 8,8 tgt 7,8 want WEST
RC POS 24 id 9 seat 3 role expand fs 0 body 1 pos 5,8 stuck 0
RC POS 24 id 11 seat 4 role defend fs 0 body 1 pos 2,0 stuck 0
RC WALK 24 id 11 role defend pos 2,0 tgt 5,0 want EAST
RC POS 24 id 14 seat 5 role raid fs 0 body 1 pos 12,7 stuck 0
RC WALK 24 id 14 role raid pos 12,7 tgt 28,25 want EAST
V527I SEALNT 25 ph 0 fwd 0 hv 3
RC POS 25 id 3 seat 0 role raid fs 0 body 1 pos 16,15 stuck 0
RC WALK 25 id 3 role raid pos 16,15 tgt 25,25 want EAST
RC POS 25 id 5 seat 1 role expand fs 0 body 1 pos 7,1 stuck 0
RC WALK 25 id 5 role expand pos 7,1 tgt 10,3 want EAST
RC POS 25 id 7 seat 2 role expand fs 0 body 1 pos 7,8 stuck 0
V528 PICK r 25 id 7 tgt 6,2 cs 7 bs 7 reg 0 cc 0 bc 0 cands 3 banned 0 regall 0 seat 2
RC WALK 25 id 7 role expand pos 7,8 tgt 6,2 want EAST
RC POS 25 id 9 seat 3 role expand fs 0 body 1 pos 5,8 stuck 1
RC WALK 25 id 9 role expand pos 5,8 tgt 3,8 want WEST
RC POS 25 id 11 seat 4 role defend fs 0 body 1 pos 3,0 stuck 0
RC WALK 25 id 11 role defend pos 3,0 tgt 5,0 want EAST
RC POS 25 id 14 seat 5 role raid fs 0 body 1 pos 13,7 stuck 0
RC WALK 25 id 14 role raid pos 13,7 tgt 28,25 want EAST
V527I SEALNT 26 ph 0 fwd 0 hv 3
RC POS 26 id 3 seat 0 role raid fs 0 body 1 pos 17,15 stuck 0
RC WALK 26 id 3 role raid pos 17,15 tgt 25,25 want EAST
RC POS 26 id 5 seat 1 role expand fs 0 body 1 pos 8,1 stuck 0
RC WALK 26 id 5 role expand pos 8,1 tgt 10,3 want EAST
RC POS 26 id 7 seat 2 role expand fs 0 body 1 pos 8,8 stuck 0
RC WALK 26 id 7 role expand pos 8,8 tgt 6,2 want NORTH
RC POS 26 id 9 seat 3 role expand fs 0 body 1 pos 4,8 stuck 0
RC POS 26 id 11 seat 4 role defend fs 0 body 1 pos 4,0 stuck 0
RC WALK 26 id 11 role defend pos 4,0 tgt 5,0 want EAST
RC POS 26 id 14 seat 5 role raid fs 0 body 1 pos 14,7 stuck 0
RC WALK 26 id 14 role raid pos 14,7 tgt 28,25 want SOUTH
V527I SEALNT 27 ph 0 fwd 0 hv 3
RC POS 27 id 3 seat 0 role raid fs 0 body 1 pos 18,15 stuck 0
RC WALK 27 id 3 role raid pos 18,15 tgt 25,25 want EAST
RC POS 27 id 5 seat 1 role expand fs 0 body 1 pos 9,1 stuck 0
RC WALK 27 id 5 role expand pos 9,1 tgt 10,3 want SOUTH
RC POS 27 id 7 seat 2 role expand fs 0 body 1 pos 8,7 stuck 0
RC WALK 27 id 7 role expand pos 8,7 tgt 6,2 want NORTH
RC POS 27 id 9 seat 3 role expand fs 0 body 1 pos 4,8 stuck 1
RC WALK 27 id 9 role expand pos 4,8 tgt 3,7 want WEST
RC POS 27 id 11 seat 4 role defend fs 0 body 1 pos 5,0 stuck 0
RC WALK 27 id 11 role defend pos 5,0 tgt 5,2 want SOUTH
RC POS 27 id 14 seat 5 role raid fs 0 body 1 pos 14,8 stuck 0
RC WALK 27 id 14 role raid pos 14,8 tgt 28,25 want SOUTH
V527I SEALNT 28 ph 0 fwd 0 hv 3
RC POS 28 id 3 seat 0 role raid fs 0 body 1 pos 19,15 stuck 0
RC WALK 28 id 3 role raid pos 19,15 tgt 25,25 want EAST
RC POS 28 id 5 seat 1 role expand fs 0 body 1 pos 9,2 stuck 0
RC WALK 28 id 5 role expand pos 9,2 tgt 10,3 want EAST
RC POS 28 id 7 seat 2 role expand fs 0 body 1 pos 8,6 stuck 0
RC WALK 28 id 7 role expand pos 8,6 tgt 6,2 want NORTH
RC POS 28 id 9 seat 3 role expand fs 0 body 1 pos 3,8 stuck 0
RC POS 28 id 11 seat 4 role defend fs 0 body 1 pos 5,1 stuck 0
RC WALK 28 id 11 role defend pos 5,1 tgt 5,2 want SOUTH
RC POS 28 id 14 seat 5 role raid fs 0 body 1 pos 14,9 stuck 0
RC WALK 28 id 14 role raid pos 14,9 tgt 28,25 want SOUTH
V527I SEALNT 29 ph 0 fwd 0 hv 3
RC POS 29 id 3 seat 0 role raid fs 0 body 1 pos 20,15 stuck 0
RC WALK 29 id 3 role raid pos 20,15 tgt 25,25 want EAST
RC POS 29 id 5 seat 1 role expand fs 0 body 1 pos 10,2 stuck 0
RC WALK 29 id 5 role expand pos 10,2 tgt 10,3 want SOUTH
RC POS 29 id 7 seat 2 role expand fs 0 body 1 pos 8,5 stuck 0
RC WALK 29 id 7 role expand pos 8,5 tgt 6,2 want NORTH
RC POS 29 id 9 seat 3 role expand fs 0 body 1 pos 3,8 stuck 1
V528 CONN r 29 id 9 at 3,9 chosen 4 best 4 regret 0 cands 3 role expand seat 3
RC WALK 29 id 9 role expand pos 3,8 tgt 3,6 want NORTH
RC POS 29 id 11 seat 4 role defend fs 0 body 1 pos 5,2 stuck 0
RC WALK 29 id 11 role defend pos 5,2 tgt 5,4 want SOUTH
RC POS 29 id 14 seat 5 role raid fs 0 body 1 pos 14,10 stuck 0
RC WALK 29 id 14 role raid pos 14,10 tgt 28,25 want SOUTH
V527I SEALNT 30 ph 0 fwd 0 hv 4
RC POS 30 id 3 seat 0 role raid fs 0 body 1 pos 21,15 stuck 0
RC WALK 30 id 3 role raid pos 21,15 tgt 25,25 want EAST
RC POS 30 id 5 seat 1 role expand fs 0 body 1 pos 10,3 stuck 0
V528 CONN r 30 id 5 at 11,3 chosen 6 best 0 regret 6 cands 3 role expand seat 1
RC POS 30 id 7 seat 2 role expand fs 0 body 1 pos 8,4 stuck 0
RC WALK 30 id 7 role expand pos 8,4 tgt 5,2 want WEST
RC POS 30 id 9 seat 3 role expand fs 0 body 1 pos 3,8 stuck 3
RC WALK 30 id 9 role expand pos 3,8 tgt 3,6 want NORTH
RC POS 30 id 11 seat 4 role defend fs 0 body 1 pos 5,3 stuck 0
RC WALK 30 id 11 role defend pos 5,3 tgt 5,4 want SOUTH
RC POS 30 id 14 seat 5 role raid fs 0 body 1 pos 14,11 stuck 0
RC WALK 30 id 14 role raid pos 14,11 tgt 28,25 want EAST
V527I SEALNT 31 ph 0 fwd 0 hv 5
RC POS 31 id 3 seat 0 role raid fs 0 body 1 pos 22,15 stuck 0
RC WALK 31 id 3 role raid pos 22,15 tgt 25,25 want SOUTH
RC POS 31 id 5 seat 1 role expand fs 0 body 1 pos 10,3 stuck 1
RC POS 31 id 7 seat 2 role expand fs 0 body 1 pos 7,4 stuck 0
RC WALK 31 id 7 role expand pos 7,4 tgt 5,2 want WEST
RC POS 31 id 9 seat 3 role expand fs 0 body 1 pos 3,7 stuck 0
RC POS 31 id 11 seat 4 role defend fs 0 body 1 pos 5,4 stuck 0
RC WALK 31 id 11 role defend pos 5,4 tgt 3,6 want NORTH
RC POS 31 id 14 seat 5 role raid fs 0 body 1 pos 15,11 stuck 0
RC WALK 31 id 14 role raid pos 15,11 tgt 28,25 want SOUTH
V527I SEALNT 32 ph 0 fwd 0 hv 5
RC POS 32 id 3 seat 0 role raid fs 0 body 1 pos 22,16 stuck 0
RC POS 32 id 5 seat 1 role expand fs 0 body 1 pos 10,3 stuck 2
RC POS 32 id 7 seat 2 role expand fs 0 body 1 pos 6,4 stuck 0
RC WALK 32 id 7 role expand pos 6,4 tgt 5,2 want NORTH
RC POS 32 id 9 seat 3 role expand fs 0 body 1 pos 3,7 stuck 1
RC WALK 32 id 9 role expand pos 3,7 tgt 3,5 want NORTH
RC POS 32 id 11 seat 4 role defend fs 0 body 1 pos 5,3 stuck 0
RC WALK 32 id 11 role defend pos 5,3 tgt 3,6 want WEST
RC POS 32 id 14 seat 5 role raid fs 0 body 1 pos 15,12 stuck 0
RC WALK 32 id 14 role raid pos 15,12 tgt 28,25 want EAST
V527I SEALNT 33 ph 0 fwd 0 hv 5
RC POS 33 id 3 seat 0 role raid fs 0 body 1 pos 22,16 stuck 1
RC WALK 33 id 3 role raid pos 22,16 tgt 25,25 want EAST
RC POS 33 id 5 seat 1 role expand fs 0 body 1 pos 9,3 stuck 0
RC POS 33 id 7 seat 2 role expand fs 0 body 1 pos 6,3 stuck 0
RC WALK 33 id 7 role expand pos 6,3 tgt 5,2 want WEST
RC POS 33 id 9 seat 3 role expand fs 0 body 1 pos 3,6 stuck 0
RC POS 33 id 11 seat 4 role defend fs 0 body 1 pos 4,3 stuck 0
RC WALK 33 id 11 role defend pos 4,3 tgt 3,6 want NORTH
RC POS 33 id 14 seat 5 role raid fs 0 body 1 pos 16,12 stuck 0
RC WALK 33 id 14 role raid pos 16,12 tgt 28,25 want SOUTH
V527I SEALNT 34 ph 0 fwd 0 hv 5
RC POS 34 id 3 seat 0 role raid fs 0 body 1 pos 23,16 stuck 0
RC WALK 34 id 3 role raid pos 23,16 tgt 25,25 want SOUTH
RC POS 34 id 5 seat 1 role expand fs 0 body 1 pos 9,3 stuck 1
RC POS 34 id 7 seat 2 role expand fs 0 body 1 pos 5,3 stuck 0
RC WALK 34 id 7 role expand pos 5,3 tgt 5,2 want NORTH
RC POS 34 id 9 seat 3 role expand fs 0 body 1 pos 3,6 stuck 1
RC WALK 34 id 9 role expand pos 3,6 tgt 3,4 want NORTH
RC POS 34 id 11 seat 4 role defend fs 0 body 1 pos 4,2 stuck 0
RC WALK 34 id 11 role defend pos 4,2 tgt 3,6 want NORTH
RC POS 34 id 14 seat 5 role raid fs 0 body 1 pos 16,13 stuck 0
RC WALK 34 id 14 role raid pos 16,13 tgt 28,25 want EAST
V527I SEALNT 35 ph 0 fwd 0 hv 5
RC POS 35 id 3 seat 0 role raid fs 0 body 1 pos 23,17 stuck 0
RC WALK 35 id 3 role raid pos 23,17 tgt 25,25 want SOUTH
RC POS 35 id 5 seat 1 role expand fs 0 body 1 pos 9,3 stuck 2
RC WALK 35 id 5 role expand pos 9,3 tgt 7,3 want WEST
RC POS 35 id 7 seat 2 role expand fs 0 body 1 pos 5,2 stuck 0
V528 PICK r 35 id 7 tgt 7,9 cs 27 bs 27 reg 0 cc 6 bc 6 cands 3 banned 0 regall 0 seat 2
RC WALK 35 id 7 role expand pos 5,2 tgt 7,9 want SOUTH
RC POS 35 id 9 seat 3 role expand fs 0 body 1 pos 3,5 stuck 0
RC POS 35 id 11 seat 4 role defend fs 0 body 1 pos 4,1 stuck 0
RC WALK 35 id 11 role defend pos 4,1 tgt 3,6 want WEST
RC POS 35 id 14 seat 5 role raid fs 0 body 1 pos 17,13 stuck 0
RC WALK 35 id 14 role raid pos 17,13 tgt 28,25 want SOUTH
V527I SEALNT 36 ph 0 fwd 0 hv 5
RC POS 36 id 3 seat 0 role raid fs 0 body 1 pos 23,18 stuck 0
RC WALK 36 id 3 role raid pos 23,18 tgt 25,25 want WEST
RC POS 36 id 5 seat 1 role expand fs 0 body 1 pos 8,3 stuck 0
RC POS 36 id 7 seat 2 role expand fs 0 body 1 pos 5,3 stuck 0
RC WALK 36 id 7 role expand pos 5,3 tgt 7,9 want SOUTH
RC POS 36 id 9 seat 3 role raid fs 0 body 1 pos 3,5 stuck 1
RC WALK 36 id 9 role raid pos 3,5 tgt 25,28 want SOUTH
RC POS 36 id 11 seat 4 role defend fs 0 body 1 pos 3,1 stuck 0
RC WALK 36 id 11 role defend pos 3,1 tgt 3,6 want WEST
RC POS 36 id 14 seat 5 role raid fs 0 body 1 pos 17,14 stuck 0
RC WALK 36 id 14 role raid pos 17,14 tgt 28,25 want EAST
V527I SEALNT 37 ph 0 fwd 0 hv 5
RC POS 37 id 3 seat 0 role raid fs 0 body 1 pos 22,18 stuck 0
RC WALK 37 id 3 role raid pos 22,18 tgt 25,25 want SOUTH
RC POS 37 id 5 seat 1 role expand fs 0 body 1 pos 8,3 stuck 1
RC WALK 37 id 5 role expand pos 8,3 tgt 6,3 want WEST
RC POS 37 id 7 seat 2 role expand fs 0 body 1 pos 5,4 stuck 0
RC WALK 37 id 7 role expand pos 5,4 tgt 7,9 want SOUTH
RC POS 37 id 9 seat 3 role raid fs 0 body 1 pos 3,6 stuck 0
RC WALK 37 id 9 role raid pos 3,6 tgt 25,28 want SOUTH
RC POS 37 id 11 seat 4 role defend fs 0 body 1 pos 2,1 stuck 0
RC WALK 37 id 11 role defend pos 2,1 tgt 3,6 want WEST
RC POS 37 id 14 seat 5 role raid fs 0 body 1 pos 18,14 stuck 0
RC WALK 37 id 14 role raid pos 18,14 tgt 28,25 want SOUTH
V527I SEALNT 38 ph 0 fwd 0 hv 5
RC POS 38 id 3 seat 0 role raid fs 0 body 1 pos 22,19 stuck 0
RC WALK 38 id 3 role raid pos 22,19 tgt 25,25 want WEST
RC POS 38 id 5 seat 1 role expand fs 0 body 1 pos 7,3 stuck 0
RC POS 38 id 7 seat 2 role expand fs 0 body 1 pos 5,5 stuck 0
RC WALK 38 id 7 role expand pos 5,5 tgt 7,8 want SOUTH
RC POS 38 id 9 seat 3 role raid fs 0 body 1 pos 3,7 stuck 0
RC WALK 38 id 9 role raid pos 3,7 tgt 25,28 want SOUTH
RC POS 38 id 11 seat 4 role defend fs 0 body 1 pos 1,1 stuck 0
RC WALK 38 id 11 role defend pos 1,1 tgt 3,6 want SOUTH
RC POS 38 id 14 seat 5 role raid fs 0 body 1 pos 18,15 stuck 0
RC WALK 38 id 14 role raid pos 18,15 tgt 28,25 want EAST
V527I SEALNT 39 ph 0 fwd 0 hv 5
RC POS 39 id 3 seat 0 role raid fs 0 body 1 pos 21,19 stuck 0
RC WALK 39 id 3 role raid pos 21,19 tgt 25,25 want EAST
RC POS 39 id 5 seat 1 role expand fs 0 body 1 pos 7,3 stuck 1
RC WALK 39 id 5 role expand pos 7,3 tgt 5,3 want WEST
RC POS 39 id 7 seat 2 role expand fs 0 body 1 pos 5,6 stuck 0
RC WALK 39 id 7 role expand pos 5,6 tgt 7,8 want EAST
RC POS 39 id 9 seat 3 role raid fs 0 body 1 pos 3,8 stuck 0
RC WALK 39 id 9 role raid pos 3,8 tgt 25,28 want EAST
RC POS 39 id 11 seat 4 role defend fs 0 body 1 pos 1,2 stuck 0
RC WALK 39 id 11 role defend pos 1,2 tgt 3,6 want SOUTH
RC POS 39 id 14 seat 5 role raid fs 0 body 1 pos 19,15 stuck 0
RC WALK 39 id 14 role raid pos 19,15 tgt 28,25 want EAST
V527I SEALNT 40 ph 0 fwd 0 hv 5
RC POS 40 id 3 seat 0 role raid fs 0 body 1 pos 22,19 stuck 0
RC WALK 40 id 3 role raid pos 22,19 tgt 25,25 want NORTH
RC POS 40 id 5 seat 1 role expand fs 0 body 1 pos 6,3 stuck 0
RC POS 40 id 7 seat 2 role expand fs 0 body 1 pos 6,6 stuck 0
RC WALK 40 id 7 role expand pos 6,6 tgt 7,8 want EAST
RC POS 40 id 9 seat 3 role raid fs 0 body 1 pos 4,8 stuck 0
RC WALK 40 id 9 role raid pos 4,8 tgt 25,28 want EAST
RC POS 40 id 11 seat 4 role defend fs 0 body 1 pos 1,3 stuck 0
RC WALK 40 id 11 role defend pos 1,3 tgt 3,6 want SOUTH
RC POS 40 id 14 seat 5 role raid fs 0 body 1 pos 20,15 stuck 0
RC WALK 40 id 14 role raid pos 20,15 tgt 28,25 want SOUTH
V527I SEALNT 41 ph 0 fwd 0 hv 5
RC POS 41 id 3 seat 0 role raid fs 0 body 1 pos 22,18 stuck 0
RC WALK 41 id 3 role raid pos 22,18 tgt 25,25 want SOUTH
RC POS 41 id 5 seat 1 role expand fs 0 body 1 pos 6,3 stuck 1
RC WALK 41 id 5 role expand pos 6,3 tgt 4,3 want WEST
RC POS 41 id 7 seat 2 role expand fs 0 body 1 pos 7,6 stuck 0
RC WALK 41 id 7 role expand pos 7,6 tgt 7,8 want EAST
RC POS 41 id 9 seat 3 role raid fs 0 body 1 pos 5,8 stuck 0
RC WALK 41 id 9 role raid pos 5,8 tgt 25,28 want EAST
RC POS 41 id 11 seat 4 role defend fs 0 body 1 pos 1,4 stuck 0
RC WALK 41 id 11 role defend pos 1,4 tgt 3,6 want EAST
RC POS 41 id 14 seat 5 role raid fs 0 body 1 pos 20,16 stuck 0
RC WALK 41 id 14 role raid pos 20,16 tgt 28,25 want SOUTH
V527I SEALNT 42 ph 0 fwd 0 hv 5
RC POS 42 id 3 seat 0 role raid fs 0 body 1 pos 22,19 stuck 0
RC WALK 42 id 3 role raid pos 22,19 tgt 25,25 want WEST
RC POS 42 id 5 seat 1 role expand fs 0 body 1 pos 5,3 stuck 0
RC POS 42 id 7 seat 2 role expand fs 0 body 1 pos 8,6 stuck 0
RC WALK 42 id 7 role expand pos 8,6 tgt 7,8 want SOUTH
RC POS 42 id 9 seat 3 role raid fs 0 body 1 pos 6,8 stuck 0
RC WALK 42 id 9 role raid pos 6,8 tgt 25,28 want SOUTH
RC POS 42 id 11 seat 4 role defend fs 0 body 1 pos 2,4 stuck 0
RC WALK 42 id 11 role defend pos 2,4 tgt 3,6 want SOUTH
RC POS 42 id 14 seat 5 role raid fs 0 body 1 pos 20,17 stuck 0
RC WALK 42 id 14 role raid pos 20,17 tgt 28,25 want NORTH
V527I SEALNT 43 ph 0 fwd 0 hv 5
RC POS 43 id 3 seat 0 role raid fs 0 body 1 pos 21,19 stuck 0
RC WALK 43 id 3 role raid pos 21,19 tgt 25,25 want WEST
RC POS 43 id 5 seat 1 role expand fs 0 body 1 pos 5,3 stuck 1
RC WALK 43 id 5 role expand pos 5,3 tgt 4,3 want WEST
RC POS 43 id 7 seat 2 role expand fs 0 body 1 pos 8,7 stuck 0
RC WALK 43 id 7 role expand pos 8,7 tgt 7,8 want SOUTH
RC POS 43 id 9 seat 3 role raid fs 0 body 1 pos 6,9 stuck 0
RC WALK 43 id 9 role raid pos 6,9 tgt 25,28 want NORTH
RC POS 43 id 11 seat 4 role defend fs 0 body 1 pos 2,5 stuck 0
RC WALK 43 id 11 role defend pos 2,5 tgt 3,6 want EAST
RC POS 43 id 14 seat 5 role raid fs 0 body 1 pos 20,16 stuck 0
RC WALK 43 id 14 role raid pos 20,16 tgt 28,25 want NORTH
V527I SEALNT 44 ph 0 fwd 0 hv 5
RC POS 44 id 3 seat 0 role raid fs 0 body 1 pos 20,19 stuck 0
RC WALK 44 id 3 role raid pos 20,19 tgt 25,25 want SOUTH
RC POS 44 id 5 seat 1 role expand fs 0 body 1 pos 4,3 stuck 0
V528 PICK r 44 id 5 tgt 11,3 cs 7 bs 7 reg 0 cc 0 bc 0 cands 3 banned 0 regall 0 seat 1
RC WALK 44 id 5 role expand pos 4,3 tgt 11,3 want EAST
RC POS 44 id 7 seat 2 role expand fs 0 body 1 pos 8,8 stuck 0
RC WALK 44 id 7 role expand pos 8,8 tgt 7,8 want WEST
RC POS 44 id 9 seat 3 role raid fs 0 body 1 pos 6,8 stuck 0
RC WALK 44 id 9 role raid pos 6,8 tgt 25,28 want WEST
RC POS 44 id 11 seat 4 role defend fs 0 body 1 pos 3,5 stuck 0
RC WALK 44 id 11 role defend pos 3,5 tgt 3,6 want SOUTH
RC POS 44 id 14 seat 5 role raid fs 0 body 1 pos 20,15 stuck 0
RC WALK 44 id 14 role raid pos 20,15 tgt 28,25 want SOUTH
V527I SEALNT 45 ph 0 fwd 0 hv 5
RC POS 45 id 3 seat 0 role raid fs 0 body 1 pos 20,20 stuck 0
RC POS 45 id 5 seat 1 role expand fs 0 body 1 pos 5,3 stuck 0
RC WALK 45 id 5 role expand pos 5,3 tgt 11,3 want EAST
RC POS 45 id 7 seat 2 role expand fs 0 body 1 pos 7,8 stuck 0
V528 CONN r 45 id 7 at 7,9 chosen 2 best 0 regret 2 cands 3 role expand seat 2
RC POS 45 id 9 seat 3 role raid fs 0 body 1 pos 5,8 stuck 0
RC WALK 45 id 9 role raid pos 5,8 tgt 25,28 want WEST
RC POS 45 id 11 seat 4 role defend fs 0 body 1 pos 3,6 stuck 0
RC WALK 45 id 11 role defend pos 3,6 tgt 1,6 want NORTH
RC POS 45 id 14 seat 5 role raid fs 0 body 1 pos 20,16 stuck 0
RC WALK 45 id 14 role raid pos 20,16 tgt 28,25 want NORTH
V527I SEALNT 46 ph 0 fwd 0 hv 6
RC POS 46 id 3 seat 0 role raid fs 0 body 1 pos 20,20 stuck 1
RC WALK 46 id 3 role raid pos 20,20 tgt 25,25 want SOUTH
RC POS 46 id 5 seat 1 role expand fs 0 body 1 pos 6,3 stuck 0
RC WALK 46 id 5 role expand pos 6,3 tgt 11,3 want EAST
RC POS 46 id 7 seat 2 role expand fs 0 body 1 pos 7,8 stuck 1
RC WALK 46 id 7 role expand pos 7,8 tgt 5,8 want WEST
RC POS 46 id 9 seat 3 role raid fs 0 body 1 pos 4,8 stuck 0
RC WALK 46 id 9 role raid pos 4,8 tgt 25,28 want WEST
RC POS 46 id 11 seat 4 role defend fs 0 body 1 pos 3,5 stuck 0
RC WALK 46 id 11 role defend pos 3,5 tgt 1,6 want WEST
RC POS 46 id 14 seat 5 role raid fs 0 body 1 pos 20,15 stuck 0
RC WALK 46 id 14 role raid pos 20,15 tgt 28,25 want SOUTH
V527I SEALNT 47 ph 0 fwd 0 hv 6
RC POS 47 id 3 seat 0 role raid fs 0 body 1 pos 20,21 stuck 0
RC WALK 47 id 3 role raid pos 20,21 tgt 25,25 want EAST
RC POS 47 id 5 seat 1 role expand fs 0 body 1 pos 7,3 stuck 0
RC WALK 47 id 5 role expand pos 7,3 tgt 10,3 want EAST
RC POS 47 id 7 seat 2 role expand fs 0 body 1 pos 6,8 stuck 0
RC WALK 47 id 7 role expand pos 6,8 tgt 4,8 want WEST
RC POS 47 id 9 seat 3 role raid fs 0 body 1 pos 3,8 stuck 0
RC WALK 47 id 9 role raid pos 3,8 tgt 25,28 want WEST
RC POS 47 id 11 seat 4 role defend fs 0 body 1 pos 2,5 stuck 0
RC WALK 47 id 11 role defend pos 2,5 tgt 1,6 want WEST
RC POS 47 id 14 seat 5 role raid fs 0 body 1 pos 20,16 stuck 0
RC WALK 47 id 14 role raid pos 20,16 tgt 28,25 want SOUTH
V527I SEALNT 48 ph 0 fwd 0 hv 6
RC POS 48 id 3 seat 0 role raid fs 0 body 1 pos 21,21 stuck 0
RC WALK 48 id 3 role raid pos 21,21 tgt 25,25 want SOUTH
RC POS 48 id 5 seat 1 role expand fs 0 body 1 pos 8,3 stuck 0
RC WALK 48 id 5 role expand pos 8,3 tgt 10,3 want EAST
RC POS 48 id 7 seat 2 role expand fs 0 body 1 pos 6,9 stuck 0
RC POS 48 id 9 seat 3 role raid fs 0 body 1 pos 2,8 stuck 0
RC WALK 48 id 9 role raid pos 2,8 tgt 25,28 want SOUTH
RC POS 48 id 11 seat 4 role defend fs 0 body 1 pos 1,5 stuck 0
RC WALK 48 id 11 role defend pos 1,5 tgt 1,6 want SOUTH
RC POS 48 id 14 seat 5 role raid fs 0 body 1 pos 20,17 stuck 0
RC WALK 48 id 14 role raid pos 20,17 tgt 28,25 want SOUTH
V527I SEALNT 49 ph 0 fwd 0 hv 6
RC POS 49 id 3 seat 0 role raid fs 0 body 1 pos 21,22 stuck 0
RC WALK 49 id 3 role raid pos 21,22 tgt 25,25 want SOUTH
RC POS 49 id 5 seat 1 role expand fs 0 body 1 pos 9,3 stuck 0
RC WALK 49 id 5 role expand pos 9,3 tgt 10,3 want EAST
RC POS 49 id 7 seat 2 role expand fs 0 body 1 pos 6,9 stuck 1
RC POS 49 id 9 seat 3 role raid fs 0 body 1 pos 2,9 stuck 0
RC WALK 49 id 9 role raid pos 2,9 tgt 25,28 want SOUTH
RC POS 49 id 11 seat 4 role defend fs 0 body 1 pos 1,6 stuck 0
RC WALK 49 id 11 role defend pos 1,6 tgt 0,4 want NORTH
RC POS 49 id 14 seat 5 role raid fs 0 body 1 pos 20,18 stuck 0
RC WALK 49 id 14 role raid pos 20,18 tgt 25,25 want SOUTH
V527I SEALNT 50 ph 0 fwd 0 hv 6
RC POS 50 id 3 seat 0 role raid fs 0 body 1 pos 21,23 stuck 0
RC WALK 50 id 3 role raid pos 21,23 tgt 25,25 want EAST
RC POS 50 id 5 seat 1 role expand fs 0 body 1 pos 10,3 stuck 0
V528 PICK r 50 id 5 tgt 2,6 cs 11 bs 11 reg 0 cc 0 bc 0 cands 3 banned 0 regall 0 seat 1
RC WALK 50 id 5 role expand pos 10,3 tgt 2,6 want WEST
RC POS 50 id 7 seat 2 role expand fs 0 body 1 pos 6,9 stuck 2
RC POS 50 id 9 seat 3 role raid fs 0 body 1 pos 2,10 stuck 0
RC WALK 50 id 9 role raid pos 2,10 tgt 25,28 want EAST
RC POS 50 id 11 seat 4 role defend fs 0 body 1 pos 1,5 stuck 0
RC WALK 50 id 11 role defend pos 1,5 tgt 3,7 want EAST
RC POS 50 id 14 seat 5 role raid fs 0 body 1 pos 20,19 stuck 0
RC WALK 50 id 14 role raid pos 20,19 tgt 25,25 want SOUTH
V527I SEALNT 51 ph 0 fwd 0 hv 6
RC POS 51 id 3 seat 0 role raid fs 0 body 1 pos 22,23 stuck 0
RC WALK 51 id 3 role raid pos 22,23 tgt 25,25 want EAST
RC POS 51 id 5 seat 1 role expand fs 0 body 1 pos 9,3 stuck 0
RC WALK 51 id 5 role expand pos 9,3 tgt 2,6 want WEST
RC POS 51 id 7 seat 2 role expand fs 0 body 1 pos 6,9 stuck 3
RC WALK 51 id 7 role expand pos 6,9 tgt 4,8 want NORTH
RC POS 51 id 9 seat 3 role raid fs 0 body 1 pos 3,10 stuck 0
RC WALK 51 id 9 role raid pos 3,10 tgt 25,28 want SOUTH
RC POS 51 id 11 seat 4 role defend fs 0 body 1 pos 2,5 stuck 0
RC WALK 51 id 11 role defend pos 2,5 tgt 3,6 want EAST
RC POS 51 id 14 seat 5 role raid fs 0 body 1 pos 20,20 stuck 0
RC WALK 51 id 14 role raid pos 20,20 tgt 25,25 want SOUTH
V527I SEALNT 52 ph 0 fwd 0 hv 6
RC POS 52 id 3 seat 0 role raid fs 0 body 1 pos 23,23 stuck 0
RC WALK 52 id 3 role raid pos 23,23 tgt 25,25 want EAST
RC POS 52 id 5 seat 1 role expand fs 0 body 1 pos 8,3 stuck 0
RC WALK 52 id 5 role expand pos 8,3 tgt 2,6 want WEST
RC POS 52 id 7 seat 2 role expand fs 0 body 1 pos 6,8 stuck 0
RC WALK 52 id 7 role expand pos 6,8 tgt 4,8 want WEST
RC POS 52 id 9 seat 3 role raid fs 0 body 1 pos 3,11 stuck 0
RC WALK 52 id 9 role raid pos 3,11 tgt 25,28 want EAST
RC POS 52 id 11 seat 4 role defend fs 0 body 1 pos 3,5 stuck 0
RC WALK 52 id 11 role defend pos 3,5 tgt 3,7 want SOUTH
RC POS 52 id 14 seat 5 role raid fs 0 body 1 pos 20,21 stuck 0
RC WALK 52 id 14 role raid pos 20,21 tgt 25,25 want EAST
V527I SEALNT 53 ph 0 fwd 0 hv 6
RC POS 53 id 3 seat 0 role raid fs 0 body 1 pos 24,23 stuck 0
RC WALK 53 id 3 role raid pos 24,23 tgt 25,28 want SOUTH
RC POS 53 id 5 seat 1 role expand fs 0 body 1 pos 7,3 stuck 0
RC WALK 53 id 5 role expand pos 7,3 tgt 2,6 want WEST
RC POS 53 id 7 seat 2 role expand fs 0 body 1 pos 5,8 stuck 0
RC WALK 53 id 7 role expand pos 5,8 tgt 3,8 want WEST
RC POS 53 id 9 seat 3 role raid fs 0 body 1 pos 4,11 stuck 0
RC WALK 53 id 9 role raid pos 4,11 tgt 25,28 want EAST
RC POS 53 id 11 seat 4 role defend fs 0 body 1 pos 3,6 stuck 0
RC WALK 53 id 11 role defend pos 3,6 tgt 2,7 want SOUTH
RC POS 53 id 14 seat 5 role raid fs 0 body 1 pos 21,21 stuck 0
RC WALK 53 id 14 role raid pos 21,21 tgt 25,25 want EAST
V527I SEALNT 54 ph 0 fwd 0 hv 6
RC POS 54 id 3 seat 0 role raid fs 0 body 1 pos 24,24 stuck 0
RC WALK 54 id 3 role raid pos 24,24 tgt 25,28 want SOUTH
RC POS 54 id 5 seat 1 role expand fs 0 body 1 pos 6,3 stuck 0
RC WALK 54 id 5 role expand pos 6,3 tgt 2,6 want WEST
RC POS 54 id 7 seat 2 role expand fs 0 body 1 pos 4,8 stuck 0
RC WALK 54 id 7 role expand pos 4,8 tgt 3,7 want WEST
RC POS 54 id 9 seat 3 role raid fs 0 body 1 pos 5,11 stuck 0
RC WALK 54 id 9 role raid pos 5,11 tgt 25,28 want EAST
RC POS 54 id 11 seat 4 role defend fs 0 body 1 pos 3,7 stuck 0
RC WALK 54 id 11 role defend pos 3,7 tgt 1,7 want WEST
RC POS 54 id 14 seat 5 role raid fs 0 body 1 pos 22,21 stuck 0
RC WALK 54 id 14 role raid pos 22,21 tgt 25,25 want EAST
V527I SEALNT 55 ph 0 fwd 0 hv 6
RC POS 55 id 3 seat 0 role raid fs 0 body 1 pos 24,25 stuck 0
RC WALK 55 id 3 role raid pos 24,25 tgt 25,28 want SOUTH
RC POS 55 id 5 seat 1 role expand fs 0 body 1 pos 5,3 stuck 0
RC WALK 55 id 5 role expand pos 5,3 tgt 2,5 want WEST
RC POS 55 id 7 seat 2 role expand fs 0 body 1 pos 3,8 stuck 0
V528 CONN r 55 id 7 at 3,9 chosen 0 best 0 regret 0 cands 4 role expand seat 2
RC WALK 55 id 7 role expand pos 3,8 tgt 3,6 want NORTH
RC POS 55 id 9 seat 3 role raid fs 0 body 1 pos 6,11 stuck 0
RC WALK 55 id 9 role raid pos 6,11 tgt 25,28 want EAST
RC POS 55 id 11 seat 4 role defend fs 0 body 1 pos 2,7 stuck 0
RC WALK 55 id 11 role defend pos 2,7 tgt 1,6 want WEST
RC POS 55 id 14 seat 5 role raid fs 0 body 1 pos 23,21 stuck 0
RC WALK 55 id 14 role raid pos 23,21 tgt 25,28 want EAST
V527I SEALNT 56 ph 0 fwd 0 hv 7
RC POS 56 id 3 seat 0 role raid fs 0 body 1 pos 24,26 stuck 0
RC POS 56 id 5 seat 1 role expand fs 0 body 1 pos 4,3 stuck 0
RC WALK 56 id 5 role expand pos 4,3 tgt 2,5 want NORTH
RC POS 56 id 7 seat 2 role expand fs 0 body 1 pos 3,8 stuck 2
RC WALK 56 id 7 role expand pos 3,8 tgt 3,6 want NORTH
RC POS 56 id 9 seat 3 role raid fs 0 body 1 pos 7,11 stuck 0
RC WALK 56 id 9 role raid pos 7,11 tgt 25,28 want SOUTH
RC POS 56 id 11 seat 4 role defend fs 0 body 1 pos 1,7 stuck 0
RC WALK 56 id 11 role defend pos 1,7 tgt 1,5 want NORTH
RC POS 56 id 14 seat 5 role raid fs 0 body 1 pos 24,21 stuck 0
RC WALK 56 id 14 role raid pos 24,21 tgt 25,28 want EAST
V527I SEALNT 57 ph 0 fwd 0 hv 7
RC POS 57 id 3 seat 0 role raid fs 0 body 1 pos 24,26 stuck 1
RC WALK 57 id 3 role raid pos 24,26 tgt 25,28 want SOUTH
RC POS 57 id 5 seat 1 role expand fs 0 body 1 pos 4,2 stuck 0
RC WALK 57 id 5 role expand pos 4,2 tgt 2,5 want NORTH
RC POS 57 id 7 seat 2 role expand fs 0 body 1 pos 3,7 stuck 0
RC WALK 57 id 7 role expand pos 3,7 tgt 3,5 want NORTH
RC POS 57 id 9 seat 3 role raid fs 0 body 1 pos 7,12 stuck 0
RC WALK 57 id 9 role raid pos 7,12 tgt 25,28 want SOUTH
RC POS 57 id 11 seat 4 role defend fs 0 body 1 pos 1,6 stuck 0
RC WALK 57 id 11 role defend pos 1,6 tgt 1,4 want NORTH
RC POS 57 id 14 seat 5 role raid fs 0 body 1 pos 25,21 stuck 0
RC WALK 57 id 14 role raid pos 25,21 tgt 25,28 want EAST
V527I SEALNT 58 ph 0 fwd 0 hv 7
RC POS 58 id 3 seat 0 role raid fs 0 body 1 pos 24,27 stuck 0
RC WALK 58 id 3 role raid pos 24,27 tgt 25,28 want EAST
RC POS 58 id 5 seat 1 role expand fs 0 body 1 pos 4,1 stuck 0
RC WALK 58 id 5 role expand pos 4,1 tgt 2,5 want WEST
RC POS 58 id 7 seat 2 role expand fs 0 body 1 pos 3,6 stuck 0
RC WALK 58 id 7 role expand pos 3,6 tgt 3,4 want NORTH
RC POS 58 id 9 seat 3 role raid fs 0 body 1 pos 7,13 stuck 0
RC WALK 58 id 9 role raid pos 7,13 tgt 25,28 want SOUTH
RC POS 58 id 11 seat 4 role defend fs 0 body 1 pos 1,5 stuck 0
RC WALK 58 id 11 role defend pos 1,5 tgt 1,4 want CENTRE
RC POS 58 id 14 seat 5 role raid fs 0 body 1 pos 26,21 stuck 0
RC WALK 58 id 14 role raid pos 26,21 tgt 25,28 want SOUTH
V527I SEALNT 59 ph 0 fwd 0 hv 7
RC POS 59 id 3 seat 0 role raid fs 0 body 1 pos 25,27 stuck 0
RC POS 59 id 5 seat 1 role expand fs 0 body 1 pos 3,1 stuck 0
RC WALK 59 id 5 role expand pos 3,1 tgt 2,5 want WEST
RC POS 59 id 7 seat 2 role expand fs 0 body 1 pos 3,5 stuck 0
RC WALK 59 id 7 role expand pos 3,5 tgt 3,4 want NORTH
RC POS 59 id 9 seat 3 role raid fs 0 body 1 pos 7,14 stuck 0
RC WALK 59 id 9 role raid pos 7,14 tgt 25,28 want EAST
RC POS 59 id 11 seat 4 role defend fs 0 body 1 pos 1,5 stuck 1
RC WALK 59 id 11 role defend pos 1,5 tgt 1,4 want CENTRE
RC POS 59 id 14 seat 5 role raid fs 0 body 1 pos 26,22 stuck 0
RC WALK 59 id 14 role raid pos 26,22 tgt 25,28 want SOUTH
V527I SEALNT 60 ph 0 fwd 0 hv 7
RC POS 60 id 3 seat 0 role raid fs 0 body 1 pos 25,27 stuck 1
RC POS 60 id 5 seat 1 role expand fs 0 body 1 pos 2,1 stuck 0
RC WALK 60 id 5 role expand pos 2,1 tgt 2,5 want EAST
RC POS 60 id 7 seat 2 role expand fs 0 body 1 pos 3,4 stuck 0
V528 PICK r 60 id 7 tgt 7,9 cs 9 bs 9 reg 0 cc 0 bc 0 cands 3 banned 0 regall 0 seat 2
RC WALK 60 id 7 role expand pos 3,4 tgt 7,9 want SOUTH
RC POS 60 id 9 seat 3 role raid fs 0 body 1 pos 8,14 stuck 0
RC WALK 60 id 9 role raid pos 8,14 tgt 25,28 want EAST
RC POS 60 id 11 seat 4 role defend fs 0 body 1 pos 1,5 stuck 2
RC WALK 60 id 11 role defend pos 1,5 tgt 0,4 want WEST
RC POS 60 id 14 seat 5 role raid fs 0 body 1 pos 26,23 stuck 0
RC WALK 60 id 14 role raid pos 26,23 tgt 25,28 want SOUTH
V527I SEALNT 61 ph 0 fwd 0 hv 7
RC POS 61 id 3 seat 0 role raid fs 0 body 1 pos 25,27 stuck 1
RC POS 61 id 5 seat 1 role expand fs 0 body 1 pos 3,1 stuck 0
RC WALK 61 id 5 role expand pos 3,1 tgt 2,5 want EAST
RC POS 61 id 7 seat 2 role expand fs 0 body 1 pos 3,5 stuck 0
RC WALK 61 id 7 role expand pos 3,5 tgt 7,9 want SOUTH
RC POS 61 id 9 seat 3 role raid fs 0 body 1 pos 9,14 stuck 0
RC WALK 61 id 9 role raid pos 9,14 tgt 25,28 want EAST
RC POS 61 id 11 seat 4 role defend fs 0 body 1 pos 0,5 stuck 0
RC WALK 61 id 11 role defend pos 0,5 tgt 0,3 want NORTH
RC POS 61 id 14 seat 5 role raid fs 0 body 1 pos 26,24 stuck 0
RC WALK 61 id 14 role raid pos 26,24 tgt 28,25 want EAST
V527I SEALNT 62 ph 0 fwd 0 hv 7
RC POS 62 id 3 seat 0 role raid fs 0 body 1 pos 25,27 stuck 1
RC POS 62 id 5 seat 1 role expand fs 0 body 1 pos 4,1 stuck 0
RC WALK 62 id 5 role expand pos 4,1 tgt 2,5 want EAST
RC POS 62 id 7 seat 2 role expand fs 0 body 1 pos 3,6 stuck 0
RC WALK 62 id 7 role expand pos 3,6 tgt 7,9 want SOUTH
RC POS 62 id 9 seat 3 role raid fs 0 body 1 pos 10,14 stuck 0
RC WALK 62 id 9 role raid pos 10,14 tgt 25,28 want EAST
RC POS 62 id 11 seat 4 role defend fs 0 body 1 pos 0,4 stuck 0
RC POS 62 id 14 seat 5 role raid fs 0 body 1 pos 27,24 stuck 0
RC WALK 62 id 14 role raid pos 27,24 tgt 28,25 want EAST
V527I SEALNT 63 ph 0 fwd 0 hv 7
RC POS 63 id 3 seat 0 role raid fs 0 body 1 pos 25,27 stuck 1
RC POS 63 id 5 seat 1 role expand fs 0 body 1 pos 5,1 stuck 0
RC WALK 63 id 5 role expand pos 5,1 tgt 2,5 want NORTH
RC POS 63 id 7 seat 2 role expand fs 0 body 1 pos 3,7 stuck 0
RC WALK 63 id 7 role expand pos 3,7 tgt 7,8 want SOUTH
RC POS 63 id 9 seat 3 role raid fs 0 body 1 pos 11,14 stuck 0
RC WALK 63 id 9 role raid pos 11,14 tgt 25,28 want EAST
RC POS 63 id 11 seat 4 role defend fs 0 body 1 pos 0,4 stuck 1
RC WALK 63 id 11 role defend pos 0,4 tgt 0,2 want NORTH
RC POS 63 id 14 seat 5 role raid fs 0 body 1 pos 28,24 stuck 0
RC WALK 63 id 14 role raid pos 28,24 tgt 28,25 want SOUTH
V527I SEALNT 64 ph 0 fwd 0 hv 7
RC POS 64 id 3 seat 0 role raid fs 0 body 1 pos 25,27 stuck 1
RC POS 64 id 5 seat 1 role expand fs 0 body 1 pos 5,0 stuck 0
RC WALK 64 id 5 role expand pos 5,0 tgt 2,5 want WEST
RC POS 64 id 7 seat 2 role expand fs 0 body 1 pos 3,8 stuck 0
RC WALK 64 id 7 role expand pos 3,8 tgt 3,9 want SOUTH
RC POS 64 id 9 seat 3 role raid fs 0 body 1 pos 12,14 stuck 0
RC WALK 64 id 9 role raid pos 12,14 tgt 25,28 want SOUTH
RC POS 64 id 11 seat 4 role defend fs 0 body 1 pos 0,3 stuck 0
RC WALK 64 id 11 role defend pos 0,3 tgt 0,1 want NORTH
RC POS 64 id 14 seat 5 role raid fs 0 body 1 pos 28,25 stuck 0
V527I SEALNT 65 ph 0 fwd 0 hv 7
RC POS 65 id 3 seat 0 role raid fs 0 body 1 pos 25,27 stuck 1
RC POS 65 id 5 seat 1 role expand fs 0 body 1 pos 4,0 stuck 0
RC WALK 65 id 5 role expand pos 4,0 tgt 2,5 want EAST
RC POS 65 id 7 seat 2 role expand fs 0 body 1 pos 3,9 stuck 0
V528 PICK r 65 id 7 tgt 7,9 cs 4 bs 4 reg 0 cc 0 bc 0 cands 4 banned 0 regall 0 seat 2
RC WALK 65 id 7 role expand pos 3,9 tgt 7,8 want EAST
RC POS 65 id 9 seat 3 role raid fs 0 body 1 pos 12,15 stuck 0
RC WALK 65 id 9 role raid pos 12,15 tgt 25,28 want EAST
RC POS 65 id 11 seat 4 role defend fs 0 body 1 pos 0,2 stuck 0
RC WALK 65 id 11 role defend pos 0,2 tgt 1,1 want NORTH
RC POS 65 id 14 seat 5 role raid fs 0 body 1 pos 28,25 stuck 1
V527I SEALNT 66 ph 0 fwd 0 hv 7
RC POS 66 id 3 seat 0 role raid fs 0 body 1 pos 25,27 stuck 1
RC POS 66 id 5 seat 1 role expand fs 0 body 1 pos 5,0 stuck 0
RC WALK 66 id 5 role expand pos 5,0 tgt 2,5 want WEST
RC POS 66 id 7 seat 2 role expand fs 0 body 1 pos 4,9 stuck 0
RC WALK 66 id 7 role expand pos 4,9 tgt 3,8 want WEST
RC POS 66 id 9 seat 3 role raid fs 0 body 1 pos 13,15 stuck 0
RC WALK 66 id 9 role raid pos 13,15 tgt 25,28 want SOUTH
RC POS 66 id 11 seat 4 role defend fs 0 body 1 pos 0,1 stuck 0
RC WALK 66 id 11 role defend pos 0,1 tgt 1,1 want CENTRE
RC POS 66 id 14 seat 5 role raid fs 0 body 1 pos 28,25 stuck 1
V527I SEALNT 67 ph 0 fwd 0 hv 7
RC POS 67 id 3 seat 0 role raid fs 0 body 1 pos 25,27 stuck 1
RC POS 67 id 5 seat 1 role expand fs 0 body 1 pos 4,0 stuck 0
RC WALK 67 id 5 role expand pos 4,0 tgt 2,5 want SOUTH
RC POS 67 id 7 seat 2 role expand fs 0 body 1 pos 3,9 stuck 0
RC WALK 67 id 7 role expand pos 3,9 tgt 3,8 want NORTH
RC POS 67 id 9 seat 3 role raid fs 0 body 1 pos 13,16 stuck 0
RC WALK 67 id 9 role raid pos 13,16 tgt 25,28 want EAST
RC POS 67 id 11 seat 4 role defend fs 0 body 1 pos 0,1 stuck 1
RC WALK 67 id 11 role defend pos 0,1 tgt 1,0 want EAST
RC POS 67 id 14 seat 5 role raid fs 0 body 1 pos 28,25 stuck 1
RC WALK 67 id 14 role raid pos 28,25 tgt 28,28 want EAST
V527I SEALNT 68 ph 0 fwd 0 hv 7
RC POS 68 id 3 seat 0 role raid fs 0 body 1 pos 25,27 stuck 1
RC POS 68 id 5 seat 1 role expand fs 0 body 1 pos 4,1 stuck 0
RC WALK 68 id 5 role expand pos 4,1 tgt 2,5 want EAST
RC POS 68 id 7 seat 2 role expand fs 0 body 1 pos 3,8 stuck 0
V528 PICK r 68 id 7 tgt 7,9 cs 5 bs 5 reg 0 cc 0 bc 0 cands 4 banned 0 regall 0 seat 2
RC WALK 68 id 7 role expand pos 3,8 tgt 3,9 want SOUTH
RC POS 68 id 9 seat 3 role raid fs 0 body 1 pos 14,16 stuck 0
RC WALK 68 id 9 role raid pos 14,16 tgt 25,28 want SOUTH
RC POS 68 id 11 seat 4 role defend fs 0 body 1 pos 1,1 stuck 0
RC WALK 68 id 11 role defend pos 1,1 tgt 0,0 want WEST
RC POS 68 id 14 seat 5 role raid fs 0 body 1 pos 29,25 stuck 0
RC WALK 68 id 14 role raid pos 29,25 tgt 28,28 want SOUTH
V527I SEALNT 69 ph 0 fwd 0 hv 7
RC POS 69 id 3 seat 0 role raid fs 0 body 1 pos 25,27 stuck 1
RC POS 69 id 5 seat 1 role expand fs 0 body 1 pos 5,1 stuck 0
RC WALK 69 id 5 role expand pos 5,1 tgt 2,5 want SOUTH
RC POS 69 id 7 seat 2 role expand fs 0 body 1 pos 3,9 stuck 0
V528 PICK r 69 id 7 tgt 7,9 cs 4 bs 4 reg 0 cc 0 bc 0 cands 4 banned 0 regall 0 seat 2
RC WALK 69 id 7 role expand pos 3,9 tgt 7,8 want EAST
RC POS 69 id 9 seat 3 role raid fs 0 body 1 pos 14,17 stuck 0
RC WALK 69 id 9 role raid pos 14,17 tgt 25,28 want EAST
RC POS 69 id 11 seat 4 role defend fs 0 body 1 pos 0,1 stuck 0
RC WALK 69 id 11 role defend pos 0,1 tgt 1,0 want EAST
RC POS 69 id 14 seat 5 role raid fs 0 body 1 pos 29,26 stuck 0
RC WALK 69 id 14 role raid pos 29,26 tgt 28,28 want SOUTH
V527I SEALNT 70 ph 0 fwd 0 hv 7
RC POS 70 id 3 seat 0 role raid fs 0 body 1 pos 25,27 stuck 1
RC POS 70 id 5 seat 1 role expand fs 0 body 1 pos 5,2 stuck 0
RC POS 70 id 7 seat 2 role expand fs 0 body 1 pos 4,9 stuck 0
RC WALK 70 id 7 role expand pos 4,9 tgt 3,8 want WEST
RC POS 70 id 9 seat 3 role raid fs 0 body 1 pos 15,17 stuck 0
RC WALK 70 id 9 role raid pos 15,17 tgt 25,28 want SOUTH
RC POS 70 id 11 seat 4 role defend fs 0 body 1 pos 1,1 stuck 0
RC WALK 70 id 11 role defend pos 1,1 tgt 0,0 want WEST
RC POS 70 id 14 seat 5 role raid fs 0 body 1 pos 29,27 stuck 0
V527I SEALNT 71 ph 0 fwd 0 hv 7
RC POS 71 id 3 seat 0 role raid fs 0 body 1 pos 25,27 stuck 1
RC POS 71 id 5 seat 1 role expand fs 0 body 1 pos 5,2 stuck 1
RC WALK 71 id 5 role expand pos 5,2 tgt 2,5 want SOUTH
RC POS 71 id 9 seat 3 role raid fs 0 body 1 pos 15,18 stuck 0
RC WALK 71 id 9 role raid pos 15,18 tgt 25,28 want SOUTH
RC POS 71 id 11 seat 4 role defend fs 0 body 1 pos 0,1 stuck 0
RC WALK 71 id 11 role defend pos 0,1 tgt 0,0 want NORTH
RC POS 71 id 14 seat 5 role raid fs 0 body 1 pos 29,27 stuck 1
RC WALK 71 id 14 role raid pos 29,27 tgt 28,28 want SOUTH
V527I SEALNT 72 ph 0 fwd 0 hv 7
RC POS 72 id 3 seat 0 role raid fs 0 body 1 pos 25,27 stuck 1
RC POS 72 id 5 seat 1 role expand fs 0 body 1 pos 5,3 stuck 0
RC WALK 72 id 5 role expand pos 5,3 tgt 2,5 want NORTH
RC POS 72 id 9 seat 3 role raid fs 0 body 1 pos 15,19 stuck 0
RC WALK 72 id 9 role raid pos 15,19 tgt 25,28 want SOUTH
RC POS 72 id 11 seat 4 role defend fs 0 body 1 pos 0,0 stuck 0
RC WALK 72 id 11 role defend pos 0,0 tgt 0,2 want SOUTH
RC POS 72 id 14 seat 5 role raid fs 0 body 1 pos 29,28 stuck 0
RC WALK 72 id 14 role raid pos 29,28 tgt 28,28 want WEST
V527I SEALNT 73 ph 0 fwd 0 hv 7
RC POS 73 id 3 seat 0 role raid fs 0 body 1 pos 25,27 stuck 1
RC POS 73 id 5 seat 1 role expand fs 0 body 1 pos 5,2 stuck 0
RC WALK 73 id 5 role expand pos 5,2 tgt 6,2 want EAST
RC POS 73 id 9 seat 3 role raid fs 0 body 1 pos 15,20 stuck 0
RC WALK 73 id 9 role raid pos 15,20 tgt 25,28 want EAST
RC POS 73 id 11 seat 4 role defend fs 0 body 1 pos 0,1 stuck 0
RC WALK 73 id 11 role defend pos 0,1 tgt 0,2 want SOUTH
RC POS 73 id 14 seat 5 role raid fs 0 body 1 pos 28,28 stuck 0
V527I SEALNT 74 ph 0 fwd 0 hv 7
RC POS 74 id 3 seat 0 role raid fs 0 body 1 pos 25,27 stuck 1
RC POS 74 id 5 seat 1 role expand fs 0 body 1 pos 6,2 stuck 0
V528 PICK r 74 id 5 tgt 2,6 cs 8 bs 8 reg 0 cc 0 bc 0 cands 4 banned 0 regall 0 seat 1
RC WALK 74 id 5 role expand pos 6,2 tgt 2,6 want SOUTH
RC POS 74 id 9 seat 3 role raid fs 0 body 1 pos 16,20 stuck 0
RC WALK 74 id 9 role raid pos 16,20 tgt 25,28 want EAST
RC POS 74 id 11 seat 4 role defend fs 0 body 1 pos 0,2 stuck 0
RC WALK 74 id 11 role defend pos 0,2 tgt 0,0 want NORTH
RC POS 74 id 14 seat 5 role raid fs 0 body 1 pos 28,28 stuck 1
RC WALK 74 id 14 role raid pos 28,28 tgt 26,28 want SOUTH
V527I SEALNT 75 ph 0 fwd 0 hv 7
RC POS 75 id 3 seat 0 role raid fs 0 body 1 pos 25,27 stuck 1
RC POS 75 id 5 seat 1 role expand fs 0 body 1 pos 6,3 stuck 0
RC WALK 75 id 5 role expand pos 6,3 tgt 5,2 want WEST
RC POS 75 id 9 seat 3 role raid fs 0 body 1 pos 17,20 stuck 0
RC WALK 75 id 9 role raid pos 17,20 tgt 25,28 want EAST
RC POS 75 id 11 seat 4 role defend fs 0 body 1 pos 0,1 stuck 0
RC WALK 75 id 11 role defend pos 0,1 tgt 0,0 want NORTH
RC POS 75 id 14 seat 5 role raid fs 0 body 1 pos 28,29 stuck 0
RC WALK 75 id 14 role raid pos 28,29 tgt 26,28 want WEST
V527I SEALNT 76 ph 0 fwd 0 hv 7
RC POS 76 id 3 seat 0 role raid fs 0 body 1 pos 25,27 stuck 1
RC POS 76 id 5 seat 1 role expand fs 0 body 1 pos 5,3 stuck 0
RC POS 76 id 9 seat 3 role raid fs 0 body 1 pos 18,20 stuck 0
RC WALK 76 id 9 role raid pos 18,20 tgt 25,25 want EAST
RC POS 76 id 11 seat 4 role defend fs 0 body 1 pos 0,0 stuck 0
RC WALK 76 id 11 role defend pos 0,0 tgt 1,0 want EAST
RC POS 76 id 14 seat 5 role raid fs 0 body 1 pos 27,29 stuck 0
RC WALK 76 id 14 role raid pos 27,29 tgt 26,28 want WEST
V527I SEALNT 77 ph 0 fwd 0 hv 7
RC POS 77 id 3 seat 0 role raid fs 0 body 1 pos 25,27 stuck 1
RC POS 77 id 5 seat 1 role expand fs 0 body 1 pos 5,3 stuck 1
RC WALK 77 id 5 role expand pos 5,3 tgt 5,2 want NORTH
RC POS 77 id 9 seat 3 role raid fs 0 body 1 pos 19,20 stuck 0
RC WALK 77 id 9 role raid pos 19,20 tgt 25,25 want EAST
RC POS 77 id 11 seat 4 role defend fs 0 body 1 pos 1,0 stuck 0
RC WALK 77 id 11 role defend pos 1,0 tgt 4,0 want SOUTH
RC POS 77 id 14 seat 5 role raid fs 0 body 1 pos 26,29 stuck 0
V527I SEALNT 78 ph 0 fwd 0 hv 7
RC POS 78 id 3 seat 0 role raid fs 0 body 1 pos 25,27 stuck 1
RC POS 78 id 5 seat 1 role expand fs 0 body 1 pos 5,2 stuck 0
V528 PICK r 78 id 5 tgt 2,6 cs 7 bs 7 reg 0 cc 0 bc 0 cands 4 banned 0 regall 0 seat 1
RC WALK 78 id 5 role expand pos 5,2 tgt 6,2 want EAST
RC POS 78 id 9 seat 3 role raid fs 0 body 1 pos 20,20 stuck 0
RC WALK 78 id 9 role raid pos 20,20 tgt 25,25 want SOUTH
RC POS 78 id 11 seat 4 role defend fs 0 body 1 pos 1,1 stuck 0
RC WALK 78 id 11 role defend pos 1,1 tgt 4,0 want WEST
RC POS 78 id 14 seat 5 role raid fs 0 body 1 pos 26,29 stuck 1
RC WALK 78 id 14 role raid pos 26,29 tgt 26,28 want CENTRE
V527I SEALNT 79 ph 0 fwd 0 hv 7
RC POS 79 id 3 seat 0 role raid fs 0 body 1 pos 25,27 stuck 1
RC POS 79 id 5 seat 1 role expand fs 0 body 1 pos 6,2 stuck 0
V528 PICK r 79 id 5 tgt 2,6 cs 8 bs 8 reg 0 cc 0 bc 0 cands 4 banned 0 regall 0 seat 1
RC WALK 79 id 5 role expand pos 6,2 tgt 2,6 want SOUTH
RC POS 79 id 9 seat 3 role raid fs 0 body 1 pos 20,21 stuck 0
RC WALK 79 id 9 role raid pos 20,21 tgt 25,25 want EAST
RC POS 79 id 11 seat 4 role defend fs 0 body 1 pos 0,1 stuck 0
RC WALK 79 id 11 role defend pos 0,1 tgt 4,0 want SOUTH
RC POS 79 id 14 seat 5 role raid fs 0 body 1 pos 26,29 stuck 2
RC WALK 79 id 14 role raid pos 26,29 tgt 26,28 want CENTRE
V527I SEALNT 80 ph 0 fwd 0 hv 7
RC POS 80 id 3 seat 0 role raid fs 0 body 1 pos 25,27 stuck 1
RC POS 80 id 5 seat 1 role expand fs 0 body 1 pos 6,3 stuck 0
RC WALK 80 id 5 role expand pos 6,3 tgt 5,2 want WEST
RC POS 80 id 9 seat 3 role raid fs 0 body 1 pos 21,21 stuck 0
RC WALK 80 id 9 role raid pos 21,21 tgt 25,25 want SOUTH
RC POS 80 id 11 seat 4 role defend fs 0 body 1 pos 0,2 stuck 0
RC WALK 80 id 11 role defend pos 0,2 tgt 4,0 want NORTH
RC POS 80 id 14 seat 5 role raid fs 0 body 1 pos 26,29 stuck 3
RC WALK 80 id 14 role raid pos 26,29 tgt 26,25 want WEST
V527I SEALNT 81 ph 0 fwd 0 hv 7
RC POS 81 id 3 seat 0 role raid fs 0 body 1 pos 25,27 stuck 1
RC POS 81 id 5 seat 1 role expand fs 0 body 1 pos 5,3 stuck 0
RC POS 81 id 9 seat 3 role raid fs 0 body 1 pos 21,22 stuck 0
RC WALK 81 id 9 role raid pos 21,22 tgt 25,25 want SOUTH
RC POS 81 id 11 seat 4 role defend fs 0 body 1 pos 0,1 stuck 0
RC WALK 81 id 11 role defend pos 0,1 tgt 4,0 want EAST
RC POS 81 id 14 seat 5 role raid fs 0 body 1 pos 25,29 stuck 0
RC WALK 81 id 14 role raid pos 25,29 tgt 26,25 want WEST
V527I SEALNT 82 ph 0 fwd 0 hv 7
RC POS 82 id 3 seat 0 role raid fs 0 body 1 pos 25,27 stuck 1
RC POS 82 id 5 seat 1 role expand fs 0 body 1 pos 5,3 stuck 1
RC POS 82 id 9 seat 3 role raid fs 0 body 1 pos 21,23 stuck 0
RC WALK 82 id 9 role raid pos 21,23 tgt 28,25 want NORTH
RC POS 82 id 11 seat 4 role defend fs 0 body 1 pos 1,1 stuck 0
RC WALK 82 id 11 role defend pos 1,1 tgt 4,0 want NORTH
RC POS 82 id 14 seat 5 role raid fs 0 body 1 pos 24,29 stuck 0
RC WALK 82 id 14 role raid pos 24,29 tgt 26,25 want NORTH
V527I SEALNT 83 ph 0 fwd 0 hv 7
RC POS 83 id 3 seat 0 role raid fs 0 body 1 pos 25,27 stuck 1
RC POS 83 id 5 seat 1 role expand fs 0 body 1 pos 5,3 stuck 2
RC WALK 83 id 5 role expand pos 5,3 tgt 5,2 want NORTH
RC POS 83 id 9 seat 3 role raid fs 0 body 1 pos 21,22 stuck 0
RC WALK 83 id 9 role raid pos 21,22 tgt 28,25 want NORTH
RC POS 83 id 11 seat 4 role defend fs 0 body 1 pos 1,0 stuck 0
RC WALK 83 id 11 role defend pos 1,0 tgt 4,0 want EAST
RC POS 83 id 14 seat 5 role raid fs 0 body 1 pos 24,28 stuck 0
RC WALK 83 id 14 role raid pos 24,28 tgt 26,25 want WEST
V527I SEALNT 84 ph 0 fwd 0 hv 7
RC POS 84 id 3 seat 0 role raid fs 0 body 1 pos 25,27 stuck 1
RC POS 84 id 5 seat 1 role expand fs 0 body 1 pos 5,2 stuck 0
V528 CONN r 84 id 5 at 6,2 chosen 0 best 0 regret 0 cands 4 role expand seat 1
RC POS 84 id 9 seat 3 role raid fs 0 body 1 pos 21,21 stuck 0
RC WALK 84 id 9 role raid pos 21,21 tgt 28,25 want EAST
RC POS 84 id 11 seat 4 role defend fs 0 body 1 pos 2,0 stuck 0
RC WALK 84 id 11 role defend pos 2,0 tgt 4,0 want EAST
RC POS 84 id 14 seat 5 role raid fs 0 body 1 pos 23,28 stuck 0
RC WALK 84 id 14 role raid pos 23,28 tgt 26,25 want EAST
V527I SEALNT 85 ph 0 fwd 0 hv 8
RC POS 85 id 3 seat 0 role raid fs 0 body 1 pos 25,27 stuck 1
RC POS 85 id 5 seat 1 role expand fs 0 body 1 pos 5,2 stuck 1
V528 PICK r 85 id 5 tgt 2,6 cs 7 bs 7 reg 0 cc 0 bc 0 cands 4 banned 0 regall 0 seat 1
RC WALK 85 id 5 role expand pos 5,2 tgt 2,6 want SOUTH
RC POS 85 id 9 seat 3 role raid fs 0 body 1 pos 22,21 stuck 0
RC WALK 85 id 9 role raid pos 22,21 tgt 28,25 want EAST
RC POS 85 id 11 seat 4 role defend fs 0 body 1 pos 3,0 stuck 0
RC WALK 85 id 11 role defend pos 3,0 tgt 4,0 want EAST
RC POS 85 id 14 seat 5 role raid fs 0 body 1 pos 24,28 stuck 0
RC WALK 85 id 14 role raid pos 24,28 tgt 26,25 want WEST
V527I SEALNT 86 ph 0 fwd 0 hv 8
RC POS 86 id 3 seat 0 role raid fs 0 body 1 pos 25,27 stuck 1
RC POS 86 id 5 seat 1 role expand fs 0 body 1 pos 5,3 stuck 0
RC WALK 86 id 5 role expand pos 5,3 tgt 2,5 want SOUTH
RC POS 86 id 9 seat 3 role raid fs 0 body 1 pos 23,21 stuck 0
RC WALK 86 id 9 role raid pos 23,21 tgt 28,25 want EAST
RC POS 86 id 11 seat 4 role defend fs 0 body 1 pos 4,0 stuck 0
RC WALK 86 id 11 role defend pos 4,0 tgt 7,0 want EAST
RC POS 86 id 14 seat 5 role raid fs 0 body 1 pos 23,28 stuck 0
RC WALK 86 id 14 role raid pos 23,28 tgt 28,28 want EAST
V527I SEALNT 87 ph 0 fwd 0 hv 8
RC POS 87 id 3 seat 0 role raid fs 0 body 1 pos 25,27 stuck 1
RC POS 87 id 5 seat 1 role expand fs 0 body 1 pos 5,4 stuck 0
RC WALK 87 id 5 role expand pos 5,4 tgt 2,5 want SOUTH
RC POS 87 id 9 seat 3 role raid fs 0 body 1 pos 24,21 stuck 0
RC WALK 87 id 9 role raid pos 24,21 tgt 28,25 want EAST
RC POS 87 id 11 seat 4 role defend fs 0 body 1 pos 5,0 stuck 0
RC WALK 87 id 11 role defend pos 5,0 tgt 7,0 want EAST
RC POS 87 id 14 seat 5 role raid fs 0 body 1 pos 24,28 stuck 0
RC WALK 87 id 14 role raid pos 24,28 tgt 28,28 want WEST
V527I SEALNT 88 ph 0 fwd 0 hv 8
RC POS 88 id 3 seat 0 role raid fs 0 body 1 pos 25,27 stuck 1
RC POS 88 id 5 seat 1 role expand fs 0 body 1 pos 5,5 stuck 0
RC WALK 88 id 5 role expand pos 5,5 tgt 2,5 want SOUTH
RC POS 88 id 9 seat 3 role raid fs 0 body 1 pos 25,21 stuck 0
RC WALK 88 id 9 role raid pos 25,21 tgt 28,25 want EAST
RC POS 88 id 11 seat 4 role defend fs 0 body 1 pos 6,0 stuck 0
RC WALK 88 id 11 role defend pos 6,0 tgt 7,0 want EAST
RC POS 88 id 14 seat 5 role raid fs 0 body 1 pos 23,28 stuck 0
RC WALK 88 id 14 role raid pos 23,28 tgt 28,28 want EAST
V527I SEALNT 89 ph 0 fwd 0 hv 8
RC POS 89 id 3 seat 0 role raid fs 0 body 1 pos 25,27 stuck 1
RC POS 89 id 5 seat 1 role expand fs 0 body 1 pos 5,6 stuck 0
RC WALK 89 id 5 role expand pos 5,6 tgt 2,5 want EAST
RC POS 89 id 9 seat 3 role raid fs 0 body 1 pos 26,21 stuck 0
RC WALK 89 id 9 role raid pos 26,21 tgt 28,25 want SOUTH
RC POS 89 id 11 seat 4 role defend fs 0 body 1 pos 7,0 stuck 0
RC WALK 89 id 11 role defend pos 7,0 tgt 5,2 want WEST
RC POS 89 id 14 seat 5 role raid fs 0 body 1 pos 24,28 stuck 0
RC WALK 89 id 14 role raid pos 24,28 tgt 28,28 want SOUTH
V527I SEALNT 90 ph 0 fwd 0 hv 8
RC POS 90 id 3 seat 0 role raid fs 0 body 1 pos 25,27 stuck 1
RC POS 90 id 5 seat 1 role expand fs 0 body 1 pos 6,6 stuck 0
RC WALK 90 id 5 role expand pos 6,6 tgt 2,5 want EAST
RC POS 90 id 9 seat 3 role raid fs 0 body 1 pos 26,22 stuck 0
RC WALK 90 id 9 role raid pos 26,22 tgt 28,25 want SOUTH
RC POS 90 id 11 seat 4 role defend fs 0 body 1 pos 6,0 stuck 0
RC WALK 90 id 11 role defend pos 6,0 tgt 5,2 want SOUTH
RC POS 90 id 14 seat 5 role raid fs 0 body 1 pos 24,29 stuck 0
RC WALK 90 id 14 role raid pos 24,29 tgt 28,28 want EAST
V527I SEALNT 91 ph 0 fwd 0 hv 8
RC POS 91 id 3 seat 0 role raid fs 0 body 1 pos 25,27 stuck 1
RC POS 91 id 5 seat 1 role expand fs 0 body 1 pos 7,6 stuck 0
RC WALK 91 id 5 role expand pos 7,6 tgt 2,5 want EAST
RC POS 91 id 9 seat 3 role raid fs 0 body 1 pos 26,23 stuck 0
RC WALK 91 id 9 role raid pos 26,23 tgt 28,25 want SOUTH
RC POS 91 id 11 seat 4 role defend fs 0 body 1 pos 6,1 stuck 0
RC WALK 91 id 11 role defend pos 6,1 tgt 4,2 want WEST
RC POS 91 id 14 seat 5 role raid fs 0 body 1 pos 25,29 stuck 0
RC WALK 91 id 14 role raid pos 25,29 tgt 28,28 want EAST
V527I SEALNT 92 ph 0 fwd 0 hv 8
RC POS 92 id 3 seat 0 role raid fs 0 body 1 pos 25,27 stuck 1
RC POS 92 id 5 seat 1 role expand fs 0 body 1 pos 8,6 stuck 0
RC WALK 92 id 5 role expand pos 8,6 tgt 2,5 want SOUTH
RC POS 92 id 9 seat 3 role raid fs 0 body 1 pos 26,24 stuck 0
RC WALK 92 id 9 role raid pos 26,24 tgt 28,25 want EAST
RC POS 92 id 11 seat 4 role defend fs 0 body 1 pos 5,1 stuck 0
RC WALK 92 id 11 role defend pos 5,1 tgt 4,2 want WEST
RC POS 92 id 14 seat 5 role raid fs 0 body 1 pos 26,29 stuck 0
RC WALK 92 id 14 role raid pos 26,29 tgt 26,25 want EAST
V527I SEALNT 93 ph 0 fwd 0 hv 8
RC POS 93 id 3 seat 0 role raid fs 0 body 1 pos 25,27 stuck 1
RC POS 93 id 5 seat 1 role expand fs 0 body 1 pos 8,7 stuck 0
RC WALK 93 id 5 role expand pos 8,7 tgt 2,5 want SOUTH
RC POS 93 id 9 seat 3 role raid fs 0 body 1 pos 27,24 stuck 0
RC WALK 93 id 9 role raid pos 27,24 tgt 28,25 want EAST
RC POS 93 id 11 seat 4 role defend fs 0 body 1 pos 4,1 stuck 0
RC WALK 93 id 11 role defend pos 4,1 tgt 4,2 want CENTRE
RC POS 93 id 14 seat 5 role raid fs 0 body 1 pos 27,29 stuck 0
RC WALK 93 id 14 role raid pos 27,29 tgt 26,25 want EAST
V527I SEALNT 94 ph 0 fwd 0 hv 8
RC POS 94 id 3 seat 0 role raid fs 0 body 1 pos 25,27 stuck 1
RC POS 94 id 5 seat 1 role expand fs 0 body 1 pos 8,8 stuck 0
RC WALK 94 id 5 role expand pos 8,8 tgt 7,8 want WEST
RC POS 94 id 9 seat 3 role raid fs 0 body 1 pos 28,24 stuck 0
RC WALK 94 id 9 role raid pos 28,24 tgt 27,25 want WEST
RC POS 94 id 11 seat 4 role defend fs 0 body 1 pos 4,1 stuck 1
RC WALK 94 id 11 role defend pos 4,1 tgt 4,2 want CENTRE
RC POS 94 id 14 seat 5 role raid fs 0 body 1 pos 28,29 stuck 0
RC WALK 94 id 14 role raid pos 28,29 tgt 26,25 want NORTH
V527I SEALNT 95 ph 0 fwd 0 hv 8
RC POS 95 id 3 seat 0 role raid fs 0 body 1 pos 25,27 stuck 1
RC POS 95 id 5 seat 1 role expand fs 0 body 1 pos 7,8 stuck 0
V528 CONN r 95 id 5 at 7,9 chosen 5 best 0 regret 5 cands 4 role expand seat 1
RC POS 95 id 9 seat 3 role raid fs 0 body 1 pos 27,24 stuck 0
RC WALK 95 id 9 role raid pos 27,24 tgt 27,25 want SOUTH
RC POS 95 id 11 seat 4 role defend fs 0 body 1 pos 4,1 stuck 2
RC WALK 95 id 11 role defend pos 4,1 tgt 4,2 want CENTRE
RC POS 95 id 14 seat 5 role raid fs 0 body 1 pos 28,28 stuck 0
RC WALK 95 id 14 role raid pos 28,28 tgt 26,25 want EAST
V527I SEALNT 96 ph 0 fwd 0 hv 9
RC POS 96 id 3 seat 0 role raid fs 0 body 1 pos 25,27 stuck 1
RC POS 96 id 5 seat 1 role expand fs 0 body 1 pos 7,8 stuck 1
RC WALK 96 id 5 role expand pos 7,8 tgt 5,8 want WEST
RC POS 96 id 9 seat 3 role raid fs 0 body 1 pos 27,25 stuck 0
RC POS 96 id 11 seat 4 role defend fs 0 body 1 pos 4,1 stuck 3
RC WALK 96 id 11 role defend pos 4,1 tgt 4,2 want CENTRE
RC POS 96 id 14 seat 5 role raid fs 0 body 1 pos 29,28 stuck 0
RC WALK 96 id 14 role raid pos 29,28 tgt 26,25 want NORTH
V527I SEALNT 97 ph 0 fwd 0 hv 9
RC POS 97 id 3 seat 0 role raid fs 0 body 1 pos 25,27 stuck 1
RC POS 97 id 5 seat 1 role expand fs 0 body 1 pos 6,8 stuck 0
RC POS 97 id 9 seat 3 role raid fs 0 body 1 pos 27,25 stuck 1
RC POS 97 id 11 seat 4 role defend fs 0 body 1 pos 4,1 stuck 4
RC WALK 97 id 11 role defend pos 4,1 tgt 4,2 want CENTRE
RC POS 97 id 14 seat 5 role raid fs 0 body 1 pos 29,27 stuck 0
RC WALK 97 id 14 role raid pos 29,27 tgt 26,25 want NORTH
V527I SEALNT 98 ph 0 fwd 0 hv 9
RC POS 98 id 3 seat 0 role raid fs 0 body 1 pos 25,27 stuck 1
RC POS 98 id 5 seat 1 role expand fs 0 body 1 pos 6,8 stuck 1
RC WALK 98 id 5 role expand pos 6,8 tgt 4,8 want WEST
RC POS 98 id 9 seat 3 role raid fs 0 body 1 pos 27,25 stuck 1
RC POS 98 id 11 seat 4 role defend fs 0 body 1 pos 4,1 stuck 5
RC WALK 98 id 11 role defend pos 4,1 tgt 5,2 want EAST
RC POS 98 id 14 seat 5 role raid fs 0 body 1 pos 29,26 stuck 0
RC WALK 98 id 14 role raid pos 29,26 tgt 26,25 want NORTH
V527I SEALNT 99 ph 0 fwd 0 hv 9
RC POS 99 id 3 seat 0 role raid fs 0 body 1 pos 25,27 stuck 1
RC POS 99 id 5 seat 1 role expand fs 0 body 1 pos 5,8 stuck 0
RC POS 99 id 9 seat 3 role raid fs 0 body 1 pos 27,25 stuck 1
RC POS 99 id 11 seat 4 role defend fs 0 body 1 pos 5,1 stuck 0
RC WALK 99 id 11 role defend pos 5,1 tgt 5,2 want SOUTH
RC POS 99 id 14 seat 5 role raid fs 0 body 1 pos 29,25 stuck 0
RC WALK 99 id 14 role raid pos 29,25 tgt 26,25 want WEST
V527I SEALNT 100 ph 0 fwd 0 hv 9
RC POS 100 id 3 seat 0 role raid fs 0 body 1 pos 25,27 stuck 1
RC POS 100 id 5 seat 1 role expand fs 0 body 1 pos 5,8 stuck 1
RC WALK 100 id 5 role expand pos 5,8 tgt 3,8 want WEST
RC POS 100 id 9 seat 3 role raid fs 0 body 1 pos 27,25 stuck 1
RC POS 100 id 11 seat 4 role defend fs 0 body 1 pos 5,2 stuck 0
RC POS 100 id 14 seat 5 role raid fs 0 body 1 pos 28,25 stuck 0
RC WALK 100 id 14 role raid pos 28,25 tgt 26,25 want NORTH
V527I SEALNT 101 ph 0 fwd 0 hv 9
RC POS 101 id 3 seat 0 role raid fs 0 body 1 pos 25,27 stuck 1
RC POS 101 id 5 seat 1 role expand fs 0 body 1 pos 4,8 stuck 0
RC WALK 101 id 5 role expand pos 4,8 tgt 3,7 want WEST
RC POS 101 id 9 seat 3 role raid fs 0 body 1 pos 27,25 stuck 1
RC POS 101 id 11 seat 4 role defend fs 0 body 1 pos 5,2 stuck 1
RC WALK 101 id 11 role defend pos 5,2 tgt 6,2 want EAST
RC POS 101 id 14 seat 5 role raid fs 0 body 1 pos 28,24 stuck 0
RC WALK 101 id 14 role raid pos 28,24 tgt 26,25 want WEST
V527I SEALNT 102 ph 0 fwd 0 hv 9
RC POS 102 id 3 seat 0 role raid fs 0 body 1 pos 25,27 stuck 1
RC POS 102 id 5 seat 1 role expand fs 0 body 1 pos 3,8 stuck 0
RC WALK 102 id 5 role expand pos 3,8 tgt 3,6 want NORTH
RC POS 102 id 9 seat 3 role raid fs 0 body 1 pos 27,25 stuck 1
RC POS 102 id 11 seat 4 role defend fs 0 body 1 pos 6,2 stuck 0
RC WALK 102 id 11 role defend pos 6,2 tgt 5,2 want WEST
RC POS 102 id 14 seat 5 role raid fs 0 body 1 pos 27,24 stuck 0
RC WALK 102 id 14 role raid pos 27,24 tgt 26,25 want WEST
V527I SEALNT 103 ph 0 fwd 0 hv 9
RC POS 103 id 3 seat 0 role raid fs 0 body 1 pos 25,27 stuck 1
RC POS 103 id 5 seat 1 role expand fs 0 body 1 pos 3,7 stuck 0
RC WALK 103 id 5 role expand pos 3,7 tgt 3,5 want NORTH
RC POS 103 id 9 seat 3 role raid fs 0 body 1 pos 27,25 stuck 1
RC POS 103 id 11 seat 4 role defend fs 0 body 1 pos 5,2 stuck 0
RC WALK 103 id 11 role defend pos 5,2 tgt 6,2 want EAST
RC POS 103 id 14 seat 5 role raid fs 0 body 1 pos 26,24 stuck 0
RC WALK 103 id 14 role raid pos 26,24 tgt 26,25 want SOUTH
V527I SEALNT 104 ph 0 fwd 0 hv 9
RC POS 104 id 3 seat 0 role raid fs 0 body 1 pos 25,27 stuck 1
RC POS 104 id 5 seat 1 role expand fs 0 body 1 pos 3,6 stuck 0
RC WALK 104 id 5 role expand pos 3,6 tgt 3,4 want NORTH
RC POS 104 id 9 seat 3 role raid fs 0 body 1 pos 27,25 stuck 1
RC POS 104 id 11 seat 4 role defend fs 0 body 1 pos 6,2 stuck 0
RC WALK 104 id 11 role defend pos 6,2 tgt 5,2 want WEST
RC POS 104 id 14 seat 5 role raid fs 0 body 1 pos 26,25 stuck 0
V527I SEALNT 105 ph 0 fwd 0 hv 9
RC POS 105 id 3 seat 0 role raid fs 0 body 1 pos 25,27 stuck 1
RC POS 105 id 5 seat 1 role expand fs 0 body 1 pos 3,5 stuck 0
RC WALK 105 id 5 role expand pos 3,5 tgt 3,4 want CENTRE
RC POS 105 id 9 seat 3 role raid fs 0 body 1 pos 27,25 stuck 1
RC POS 105 id 11 seat 4 role defend fs 0 body 1 pos 5,2 stuck 0
RC WALK 105 id 11 role defend pos 5,2 tgt 6,2 want EAST
RC POS 105 id 14 seat 5 role raid fs 0 body 1 pos 26,25 stuck 1
V527I SEALNT 106 ph 0 fwd 0 hv 9
RC POS 106 id 3 seat 0 role raid fs 0 body 1 pos 25,27 stuck 1
RC POS 106 id 5 seat 1 role expand fs 0 body 1 pos 3,5 stuck 1
RC WALK 106 id 5 role expand pos 3,5 tgt 3,4 want CENTRE
RC POS 106 id 9 seat 3 role raid fs 0 body 1 pos 27,25 stuck 1
RC POS 106 id 11 seat 4 role defend fs 0 body 1 pos 6,2 stuck 0
RC WALK 106 id 11 role defend pos 6,2 tgt 5,2 want WEST
RC POS 106 id 14 seat 5 role raid fs 0 body 1 pos 26,25 stuck 1
V527I SEALNT 107 ph 0 fwd 0 hv 9
RC POS 107 id 3 seat 0 role raid fs 0 body 1 pos 25,27 stuck 1
RC POS 107 id 5 seat 1 role expand fs 0 body 1 pos 3,5 stuck 2
RC WALK 107 id 5 role expand pos 3,5 tgt 3,4 want CENTRE
RC POS 107 id 9 seat 3 role raid fs 0 body 1 pos 27,25 stuck 1
RC POS 107 id 11 seat 4 role defend fs 0 body 1 pos 5,2 stuck 0
RC WALK 107 id 11 role defend pos 5,2 tgt 6,2 want EAST
RC POS 107 id 14 seat 5 role raid fs 0 body 1 pos 26,25 stuck 1
V527I SEALNT 108 ph 0 fwd 0 hv 9
RC POS 108 id 3 seat 0 role raid fs 0 body 1 pos 25,27 stuck 1
RC POS 108 id 5 seat 1 role expand fs 0 body 1 pos 3,5 stuck 3
RC WALK 108 id 5 role expand pos 3,5 tgt 3,4 want CENTRE
RC POS 108 id 9 seat 3 role raid fs 0 body 1 pos 27,25 stuck 1
RC POS 108 id 11 seat 4 role defend fs 0 body 1 pos 6,2 stuck 0
RC WALK 108 id 11 role defend pos 6,2 tgt 5,2 want WEST
RC POS 108 id 14 seat 5 role raid fs 0 body 1 pos 26,25 stuck 1
V527I SEALNT 109 ph 0 fwd 0 hv 9
RC POS 109 id 3 seat 0 role raid fs 0 body 1 pos 25,27 stuck 1
RC POS 109 id 5 seat 1 role expand fs 0 body 1 pos 3,5 stuck 4
RC WALK 109 id 5 role expand pos 3,5 tgt 3,4 want CENTRE
RC POS 109 id 9 seat 3 role raid fs 0 body 1 pos 27,25 stuck 1
RC POS 109 id 11 seat 4 role defend fs 0 body 1 pos 5,2 stuck 0
RC WALK 109 id 11 role defend pos 5,2 tgt 6,2 want EAST
RC POS 109 id 14 seat 5 role raid fs 0 body 1 pos 26,25 stuck 1
V527I SEALNT 110 ph 0 fwd 0 hv 9
RC POS 110 id 3 seat 0 role raid fs 0 body 1 pos 25,27 stuck 1
RC POS 110 id 5 seat 1 role expand fs 0 body 1 pos 3,5 stuck 5
V528 PICK r 110 id 5 tgt 11,3 cs 16 bs 16 reg 0 cc 2 bc 2 cands 3 banned 0 regall 0 seat 1
RC WALK 110 id 5 role expand pos 3,5 tgt 11,3 want SOUTH
RC POS 110 id 9 seat 3 role raid fs 0 body 1 pos 27,25 stuck 1
RC POS 110 id 11 seat 4 role defend fs 0 body 1 pos 6,2 stuck 0
RC WALK 110 id 11 role defend pos 6,2 tgt 5,2 want WEST
RC POS 110 id 14 seat 5 role raid fs 0 body 1 pos 26,25 stuck 1
V527I SEALNT 111 ph 0 fwd 0 hv 9
RC POS 111 id 3 seat 0 role raid fs 0 body 1 pos 25,27 stuck 1
RC POS 111 id 5 seat 1 role expand fs 0 body 1 pos 3,6 stuck 0
RC WALK 111 id 5 role expand pos 3,6 tgt 11,3 want SOUTH
RC POS 111 id 9 seat 3 role raid fs 0 body 1 pos 27,25 stuck 1
RC POS 111 id 11 seat 4 role defend fs 0 body 1 pos 5,2 stuck 0
RC WALK 111 id 11 role defend pos 5,2 tgt 6,2 want EAST
RC POS 111 id 14 seat 5 role raid fs 0 body 1 pos 26,25 stuck 1
V527I SEALNT 112 ph 0 fwd 0 hv 9
RC POS 112 id 3 seat 0 role raid fs 0 body 1 pos 25,27 stuck 1
RC POS 112 id 5 seat 1 role expand fs 0 body 1 pos 3,7 stuck 0
RC WALK 112 id 5 role expand pos 3,7 tgt 11,3 want SOUTH
RC POS 112 id 9 seat 3 role raid fs 0 body 1 pos 27,25 stuck 1
RC POS 112 id 14 seat 5 role raid fs 0 body 1 pos 26,25 stuck 1
V527I SEALNT 113 ph 0 fwd 0 hv 9
RC POS 113 id 3 seat 0 role raid fs 0 body 1 pos 25,27 stuck 1
RC POS 113 id 5 seat 1 role expand fs 0 body 1 pos 3,8 stuck 0
RC WALK 113 id 5 role expand pos 3,8 tgt 3,9 want SOUTH
RC POS 113 id 9 seat 3 role raid fs 0 body 1 pos 27,25 stuck 1
RC POS 113 id 14 seat 5 role raid fs 0 body 1 pos 26,25 stuck 1
V527I SEALNT 114 ph 0 fwd 0 hv 9
RC POS 114 id 3 seat 0 role raid fs 0 body 1 pos 25,27 stuck 1
RC POS 114 id 5 seat 1 role expand fs 0 body 1 pos 3,9 stuck 0
V528 PICK r 114 id 5 tgt 11,3 cs 20 bs 20 reg 0 cc 2 bc 2 cands 3 banned 0 regall 0 seat 1
RC WALK 114 id 5 role expand pos 3,9 tgt 11,3 want EAST
RC POS 114 id 9 seat 3 role raid fs 0 body 1 pos 27,25 stuck 1
RC POS 114 id 14 seat 5 role raid fs 0 body 1 pos 26,25 stuck 1
V527I SEALNT 115 ph 0 fwd 0 hv 9
RC POS 115 id 3 seat 0 role raid fs 0 body 1 pos 25,27 stuck 1
RC POS 115 id 5 seat 1 role expand fs 0 body 1 pos 4,9 stuck 0
RC WALK 115 id 5 role expand pos 4,9 tgt 3,8 want WEST
RC POS 115 id 9 seat 3 role raid fs 0 body 1 pos 27,25 stuck 1
RC POS 115 id 14 seat 5 role raid fs 0 body 1 pos 26,25 stuck 1
V527I SEALNT 116 ph 0 fwd 0 hv 9
RC POS 116 id 3 seat 0 role raid fs 0 body 1 pos 25,27 stuck 1
RC POS 116 id 5 seat 1 role expand fs 0 body 1 pos 3,9 stuck 0
RC WALK 116 id 5 role expand pos 3,9 tgt 3,8 want NORTH
RC POS 116 id 9 seat 3 role raid fs 0 body 1 pos 27,25 stuck 1
RC POS 116 id 14 seat 5 role raid fs 0 body 1 pos 26,25 stuck 1
V527I SEALNT 117 ph 0 fwd 0 hv 9
RC POS 117 id 3 seat 0 role raid fs 0 body 1 pos 25,27 stuck 1
RC POS 117 id 5 seat 1 role expand fs 0 body 1 pos 3,8 stuck 0
V528 PICK r 117 id 5 tgt 11,3 cs 19 bs 19 reg 0 cc 2 bc 2 cands 3 banned 0 regall 0 seat 1
RC WALK 117 id 5 role expand pos 3,8 tgt 3,9 want SOUTH
RC POS 117 id 9 seat 3 role raid fs 0 body 1 pos 27,25 stuck 1
RC POS 117 id 14 seat 5 role raid fs 0 body 1 pos 26,25 stuck 1
V527I SEALNT 118 ph 0 fwd 0 hv 9
RC POS 118 id 3 seat 0 role raid fs 0 body 1 pos 25,27 stuck 1
RC POS 118 id 5 seat 1 role expand fs 0 body 1 pos 3,9 stuck 0
V528 PICK r 118 id 5 tgt 11,3 cs 20 bs 20 reg 0 cc 2 bc 2 cands 3 banned 0 regall 0 seat 1
RC WALK 118 id 5 role expand pos 3,9 tgt 11,3 want EAST
RC POS 118 id 9 seat 3 role raid fs 0 body 1 pos 27,25 stuck 1
RC WALK 118 id 9 role raid pos 27,25 tgt 28,25 want EAST
RC POS 118 id 14 seat 5 role raid fs 0 body 1 pos 26,25 stuck 1
V527I SEALNT 119 ph 0 fwd 0 hv 9
RC POS 119 id 3 seat 0 role raid fs 0 body 1 pos 25,27 stuck 1
RC POS 119 id 5 seat 1 role expand fs 0 body 1 pos 4,9 stuck 0
RC WALK 119 id 5 role expand pos 4,9 tgt 3,8 want WEST
RC POS 119 id 9 seat 3 role raid fs 0 body 1 pos 28,25 stuck 0
RC POS 119 id 14 seat 5 role raid fs 0 body 1 pos 26,25 stuck 2
V527I SEALNT 120 ph 0 fwd 0 hv 9
RC POS 120 id 3 seat 0 role raid fs 0 body 1 pos 25,27 stuck 1
RC POS 120 id 5 seat 1 role expand fs 0 body 1 pos 3,9 stuck 0
RC WALK 120 id 5 role expand pos 3,9 tgt 3,8 want NORTH
RC POS 120 id 9 seat 3 role raid fs 0 body 1 pos 28,25 stuck 1
RC POS 120 id 14 seat 5 role raid fs 0 body 1 pos 26,25 stuck 1
V527I SEALNT 121 ph 0 fwd 0 hv 9
RC POS 121 id 3 seat 0 role raid fs 0 body 1 pos 25,27 stuck 1
RC POS 121 id 5 seat 1 role expand fs 0 body 1 pos 3,8 stuck 0
V528 PICK r 121 id 5 tgt 11,3 cs 19 bs 19 reg 0 cc 2 bc 2 cands 3 banned 0 regall 0 seat 1
RC WALK 121 id 5 role expand pos 3,8 tgt 3,9 want SOUTH
RC POS 121 id 9 seat 3 role raid fs 0 body 1 pos 28,25 stuck 1
RC POS 121 id 14 seat 5 role raid fs 0 body 1 pos 26,25 stuck 1
V527I SEALNT 122 ph 0 fwd 0 hv 9
RC POS 122 id 3 seat 0 role raid fs 0 body 1 pos 25,27 stuck 1
RC POS 122 id 5 seat 1 role expand fs 0 body 1 pos 3,9 stuck 0
V528 PICK r 122 id 5 tgt 11,3 cs 20 bs 20 reg 0 cc 2 bc 2 cands 3 banned 0 regall 0 seat 1
RC WALK 122 id 5 role expand pos 3,9 tgt 11,3 want EAST
RC POS 122 id 9 seat 3 role raid fs 0 body 1 pos 28,25 stuck 1
RC POS 122 id 14 seat 5 role raid fs 0 body 1 pos 26,25 stuck 1
V527I SEALNT 123 ph 0 fwd 0 hv 9
RC POS 123 id 3 seat 0 role raid fs 0 body 1 pos 25,27 stuck 1
RC POS 123 id 5 seat 1 role expand fs 0 body 1 pos 4,9 stuck 0
RC WALK 123 id 5 role expand pos 4,9 tgt 3,8 want WEST
RC POS 123 id 9 seat 3 role raid fs 0 body 1 pos 28,25 stuck 1
RC POS 123 id 14 seat 5 role raid fs 0 body 1 pos 26,25 stuck 1
V527I SEALNT 124 ph 0 fwd 0 hv 9
RC POS 124 id 3 seat 0 role raid fs 0 body 1 pos 25,27 stuck 1
RC POS 124 id 5 seat 1 role expand fs 0 body 1 pos 3,9 stuck 0
RC WALK 124 id 5 role expand pos 3,9 tgt 3,8 want NORTH
RC POS 124 id 9 seat 3 role raid fs 0 body 1 pos 28,25 stuck 1
RC POS 124 id 14 seat 5 role raid fs 0 body 1 pos 26,25 stuck 1
V527I SEALNT 125 ph 0 fwd 0 hv 9
RC POS 125 id 3 seat 0 role raid fs 0 body 1 pos 25,27 stuck 1
RC POS 125 id 5 seat 1 role expand fs 0 body 1 pos 3,8 stuck 0
V528 PICK r 125 id 5 tgt 11,3 cs 19 bs 19 reg 0 cc 2 bc 2 cands 3 banned 0 regall 0 seat 1
RC WALK 125 id 5 role expand pos 3,8 tgt 3,9 want SOUTH
RC POS 125 id 9 seat 3 role raid fs 0 body 1 pos 28,25 stuck 1
RC POS 125 id 14 seat 5 role raid fs 0 body 1 pos 26,25 stuck 1
V527I SEALNT 126 ph 0 fwd 0 hv 9
RC POS 126 id 3 seat 0 role raid fs 0 body 1 pos 25,27 stuck 1
RC POS 126 id 5 seat 1 role expand fs 0 body 1 pos 3,9 stuck 0
V528 PICK r 126 id 5 tgt 11,3 cs 20 bs 20 reg 0 cc 2 bc 2 cands 3 banned 0 regall 0 seat 1
RC WALK 126 id 5 role expand pos 3,9 tgt 11,3 want EAST
RC POS 126 id 9 seat 3 role raid fs 0 body 1 pos 28,25 stuck 1
RC POS 126 id 14 seat 5 role raid fs 0 body 1 pos 26,25 stuck 1
V527I SEALNT 127 ph 0 fwd 0 hv 9
RC POS 127 id 3 seat 0 role raid fs 0 body 1 pos 25,27 stuck 1
RC POS 127 id 5 seat 1 role expand fs 0 body 1 pos 4,9 stuck 0
RC WALK 127 id 5 role expand pos 4,9 tgt 3,8 want WEST
RC POS 127 id 9 seat 3 role raid fs 0 body 1 pos 28,25 stuck 1
RC POS 127 id 14 seat 5 role raid fs 0 body 1 pos 26,25 stuck 1
V527I SEALNT 128 ph 0 fwd 0 hv 9
RC POS 128 id 3 seat 0 role raid fs 0 body 1 pos 25,27 stuck 1
RC POS 128 id 5 seat 1 role expand fs 0 body 1 pos 3,9 stuck 0
RC WALK 128 id 5 role expand pos 3,9 tgt 3,8 want NORTH
RC POS 128 id 9 seat 3 role raid fs 0 body 1 pos 28,25 stuck 1
RC POS 128 id 14 seat 5 role raid fs 0 body 1 pos 26,25 stuck 1
V527I SEALNT 129 ph 0 fwd 0 hv 9
RC POS 129 id 3 seat 0 role raid fs 0 body 1 pos 25,27 stuck 1
RC POS 129 id 5 seat 1 role expand fs 0 body 1 pos 3,8 stuck 0
V528 PICK r 129 id 5 tgt 11,3 cs 19 bs 19 reg 0 cc 2 bc 2 cands 3 banned 0 regall 0 seat 1
RC WALK 129 id 5 role expand pos 3,8 tgt 3,9 want SOUTH
RC POS 129 id 9 seat 3 role raid fs 0 body 1 pos 28,25 stuck 1
RC POS 129 id 14 seat 5 role raid fs 0 body 1 pos 26,25 stuck 1
V527I SEALNT 130 ph 0 fwd 0 hv 9
RC POS 130 id 3 seat 0 role raid fs 0 body 1 pos 25,27 stuck 1
RC POS 130 id 5 seat 1 role expand fs 0 body 1 pos 3,9 stuck 0
V528 PICK r 130 id 5 tgt 11,3 cs 20 bs 20 reg 0 cc 2 bc 2 cands 3 banned 0 regall 0 seat 1
RC WALK 130 id 5 role expand pos 3,9 tgt 11,3 want EAST
RC POS 130 id 9 seat 3 role raid fs 0 body 1 pos 28,25 stuck 1
RC POS 130 id 14 seat 5 role raid fs 0 body 1 pos 26,25 stuck 1
V527I SEALNT 131 ph 0 fwd 0 hv 9
RC POS 131 id 3 seat 0 role raid fs 0 body 1 pos 25,27 stuck 1
RC POS 131 id 5 seat 1 role expand fs 0 body 1 pos 4,9 stuck 0
RC WALK 131 id 5 role expand pos 4,9 tgt 3,8 want WEST
RC POS 131 id 9 seat 3 role raid fs 0 body 1 pos 28,25 stuck 1
RC POS 131 id 14 seat 5 role raid fs 0 body 1 pos 26,25 stuck 1
V527I SEALNT 132 ph 0 fwd 0 hv 9
RC POS 132 id 3 seat 0 role raid fs 0 body 1 pos 25,27 stuck 1
RC POS 132 id 5 seat 1 role expand fs 0 body 1 pos 3,9 stuck 0
RC WALK 132 id 5 role expand pos 3,9 tgt 3,8 want NORTH
RC POS 132 id 9 seat 3 role raid fs 0 body 1 pos 28,25 stuck 1
RC POS 132 id 14 seat 5 role raid fs 0 body 1 pos 26,25 stuck 1
V527I SEALNT 133 ph 0 fwd 0 hv 9
RC POS 133 id 3 seat 0 role raid fs 0 body 1 pos 25,27 stuck 1
RC POS 133 id 5 seat 1 role expand fs 0 body 1 pos 3,8 stuck 0
V528 PICK r 133 id 5 tgt 11,3 cs 19 bs 19 reg 0 cc 2 bc 2 cands 3 banned 0 regall 0 seat 1
RC WALK 133 id 5 role expand pos 3,8 tgt 3,9 want SOUTH
RC POS 133 id 9 seat 3 role raid fs 0 body 1 pos 28,25 stuck 1
RC POS 133 id 14 seat 5 role raid fs 0 body 1 pos 26,25 stuck 1
V527I SEALNT 134 ph 0 fwd 0 hv 9
RC POS 134 id 3 seat 0 role raid fs 0 body 1 pos 25,27 stuck 1
RC POS 134 id 5 seat 1 role expand fs 0 body 1 pos 3,9 stuck 0
V528 PICK r 134 id 5 tgt 11,3 cs 20 bs 20 reg 0 cc 2 bc 2 cands 3 banned 0 regall 0 seat 1
RC WALK 134 id 5 role expand pos 3,9 tgt 11,3 want EAST
RC POS 134 id 9 seat 3 role raid fs 0 body 1 pos 28,25 stuck 1
RC POS 134 id 14 seat 5 role raid fs 0 body 1 pos 26,25 stuck 1
V527I SEALNT 135 ph 0 fwd 0 hv 9
RC POS 135 id 3 seat 0 role raid fs 0 body 1 pos 25,27 stuck 1
RC POS 135 id 5 seat 1 role expand fs 0 body 1 pos 4,9 stuck 0
RC WALK 135 id 5 role expand pos 4,9 tgt 3,8 want WEST
RC POS 135 id 9 seat 3 role raid fs 0 body 1 pos 28,25 stuck 1
RC POS 135 id 14 seat 5 role raid fs 0 body 1 pos 26,25 stuck 1
V527I SEALNT 136 ph 0 fwd 0 hv 9
RC POS 136 id 3 seat 0 role raid fs 0 body 1 pos 25,27 stuck 1
RC POS 136 id 5 seat 1 role expand fs 0 body 1 pos 3,9 stuck 0
RC WALK 136 id 5 role expand pos 3,9 tgt 3,8 want NORTH
RC POS 136 id 9 seat 3 role raid fs 0 body 1 pos 28,25 stuck 1
RC POS 136 id 14 seat 5 role raid fs 0 body 1 pos 26,25 stuck 1
V527I SEALNT 137 ph 0 fwd 0 hv 9
RC POS 137 id 3 seat 0 role raid fs 0 body 1 pos 25,27 stuck 1
RC POS 137 id 5 seat 1 role expand fs 0 body 1 pos 3,8 stuck 0
V528 PICK r 137 id 5 tgt 11,3 cs 19 bs 19 reg 0 cc 2 bc 2 cands 3 banned 0 regall 0 seat 1
RC WALK 137 id 5 role expand pos 3,8 tgt 3,9 want SOUTH
RC POS 137 id 9 seat 3 role raid fs 0 body 1 pos 28,25 stuck 1
RC POS 137 id 14 seat 5 role raid fs 0 body 1 pos 26,25 stuck 1
V527I SEALNT 138 ph 0 fwd 0 hv 9
RC POS 138 id 3 seat 0 role raid fs 0 body 1 pos 25,27 stuck 1
RC POS 138 id 5 seat 1 role expand fs 0 body 1 pos 3,9 stuck 0
V528 PICK r 138 id 5 tgt 11,3 cs 20 bs 20 reg 0 cc 2 bc 2 cands 3 banned 0 regall 0 seat 1
RC WALK 138 id 5 role expand pos 3,9 tgt 11,3 want EAST
RC POS 138 id 9 seat 3 role raid fs 0 body 1 pos 28,25 stuck 1
RC POS 138 id 14 seat 5 role raid fs 0 body 1 pos 26,25 stuck 1
V527I SEALNT 139 ph 0 fwd 0 hv 9
RC POS 139 id 3 seat 0 role raid fs 0 body 1 pos 25,27 stuck 1
RC POS 139 id 5 seat 1 role expand fs 0 body 1 pos 4,9 stuck 0
RC WALK 139 id 5 role expand pos 4,9 tgt 3,8 want WEST
RC POS 139 id 9 seat 3 role raid fs 0 body 1 pos 28,25 stuck 1
RC POS 139 id 14 seat 5 role raid fs 0 body 1 pos 26,25 stuck 1
V527I SEALNT 140 ph 0 fwd 0 hv 9
RC POS 140 id 3 seat 0 role raid fs 0 body 1 pos 25,27 stuck 1
RC POS 140 id 5 seat 1 role expand fs 0 body 1 pos 3,9 stuck 0
RC WALK 140 id 5 role expand pos 3,9 tgt 3,8 want NORTH
RC POS 140 id 9 seat 3 role raid fs 0 body 1 pos 28,25 stuck 1
RC POS 140 id 14 seat 5 role raid fs 0 body 1 pos 26,25 stuck 1
V527I SEALNT 141 ph 0 fwd 0 hv 9
RC POS 141 id 3 seat 0 role raid fs 0 body 1 pos 25,27 stuck 1
RC POS 141 id 5 seat 1 role expand fs 0 body 1 pos 3,8 stuck 0
V528 PICK r 141 id 5 tgt 11,3 cs 19 bs 19 reg 0 cc 2 bc 2 cands 3 banned 0 regall 0 seat 1
RC WALK 141 id 5 role expand pos 3,8 tgt 3,9 want SOUTH
RC POS 141 id 9 seat 3 role raid fs 0 body 1 pos 28,25 stuck 1
RC POS 141 id 14 seat 5 role raid fs 0 body 1 pos 26,25 stuck 1
V527I SEALNT 142 ph 0 fwd 0 hv 9
RC POS 142 id 3 seat 0 role raid fs 0 body 1 pos 25,27 stuck 1
RC POS 142 id 5 seat 1 role expand fs 0 body 1 pos 3,9 stuck 0
V528 PICK r 142 id 5 tgt 11,3 cs 20 bs 20 reg 0 cc 2 bc 2 cands 3 banned 0 regall 0 seat 1
RC WALK 142 id 5 role expand pos 3,9 tgt 11,3 want EAST
RC POS 142 id 9 seat 3 role raid fs 0 body 1 pos 28,25 stuck 1
RC POS 142 id 14 seat 5 role raid fs 0 body 1 pos 26,25 stuck 1
V527I SEALNT 143 ph 0 fwd 0 hv 9
RC POS 143 id 3 seat 0 role raid fs 0 body 1 pos 25,27 stuck 1
RC POS 143 id 5 seat 1 role expand fs 0 body 1 pos 4,9 stuck 0
RC WALK 143 id 5 role expand pos 4,9 tgt 3,8 want WEST
RC POS 143 id 9 seat 3 role raid fs 0 body 1 pos 28,25 stuck 1
RC POS 143 id 14 seat 5 role raid fs 0 body 1 pos 26,25 stuck 1
V527I SEALNT 144 ph 0 fwd 0 hv 9
RC POS 144 id 3 seat 0 role raid fs 0 body 1 pos 25,27 stuck 1
RC POS 144 id 5 seat 1 role expand fs 0 body 1 pos 3,9 stuck 0
RC WALK 144 id 5 role expand pos 3,9 tgt 3,8 want NORTH
RC POS 144 id 9 seat 3 role raid fs 0 body 1 pos 28,25 stuck 1
RC POS 144 id 14 seat 5 role raid fs 0 body 1 pos 26,25 stuck 1
V527I SEALNT 145 ph 0 fwd 0 hv 9
RC POS 145 id 3 seat 0 role raid fs 0 body 1 pos 25,27 stuck 1
RC POS 145 id 5 seat 1 role expand fs 0 body 1 pos 3,8 stuck 0
V528 PICK r 145 id 5 tgt 11,3 cs 19 bs 19 reg 0 cc 2 bc 2 cands 3 banned 0 regall 0 seat 1
RC WALK 145 id 5 role expand pos 3,8 tgt 3,9 want SOUTH
RC POS 145 id 9 seat 3 role raid fs 0 body 1 pos 28,25 stuck 1
RC POS 145 id 14 seat 5 role raid fs 0 body 1 pos 26,25 stuck 1
V527I SEALNT 146 ph 0 fwd 0 hv 9
RC POS 146 id 3 seat 0 role raid fs 0 body 1 pos 25,27 stuck 1
RC POS 146 id 5 seat 1 role expand fs 0 body 1 pos 3,9 stuck 0
V528 PICK r 146 id 5 tgt 11,3 cs 20 bs 20 reg 0 cc 2 bc 2 cands 3 banned 0 regall 0 seat 1
RC WALK 146 id 5 role expand pos 3,9 tgt 11,3 want EAST
RC POS 146 id 9 seat 3 role raid fs 0 body 1 pos 28,25 stuck 1
RC POS 146 id 14 seat 5 role raid fs 0 body 1 pos 26,25 stuck 1
V527I SEALNT 147 ph 0 fwd 0 hv 9
RC POS 147 id 3 seat 0 role raid fs 0 body 1 pos 25,27 stuck 1
RC POS 147 id 5 seat 1 role expand fs 0 body 1 pos 4,9 stuck 0
RC WALK 147 id 5 role expand pos 4,9 tgt 3,8 want WEST
RC POS 147 id 9 seat 3 role raid fs 0 body 1 pos 28,25 stuck 1
RC POS 147 id 14 seat 5 role raid fs 0 body 1 pos 26,25 stuck 1
V527I SEALNT 148 ph 0 fwd 0 hv 9
RC POS 148 id 3 seat 0 role raid fs 0 body 1 pos 25,27 stuck 1
RC POS 148 id 5 seat 1 role expand fs 0 body 1 pos 3,9 stuck 0
RC WALK 148 id 5 role expand pos 3,9 tgt 3,8 want NORTH
RC POS 148 id 9 seat 3 role raid fs 0 body 1 pos 28,25 stuck 1
RC POS 148 id 14 seat 5 role raid fs 0 body 1 pos 26,25 stuck 1
V527I SEALNT 149 ph 0 fwd 0 hv 9
RC POS 149 id 3 seat 0 role raid fs 0 body 1 pos 25,27 stuck 1
RC POS 149 id 5 seat 1 role expand fs 0 body 1 pos 3,8 stuck 0
V528 CONN r 149 id 5 at 3,9 chosen 1 best 1 regret 0 cands 3 role expand seat 1
RC POS 149 id 9 seat 3 role raid fs 0 body 1 pos 28,25 stuck 1
RC POS 149 id 14 seat 5 role raid fs 0 body 1 pos 26,25 stuck 1
V527I SEALNT 150 ph 0 fwd 0 hv 10
RC POS 150 id 3 seat 0 role raid fs 0 body 1 pos 25,27 stuck 1
RC POS 150 id 5 seat 1 role expand fs 0 body 1 pos 3,8 stuck 1
RC POS 150 id 9 seat 3 role raid fs 0 body 1 pos 28,25 stuck 1
RC POS 150 id 14 seat 5 role raid fs 0 body 1 pos 26,25 stuck 1
V527I SEALNT 151 ph 0 fwd 0 hv 10
RC POS 151 id 3 seat 0 role raid fs 0 body 1 pos 25,27 stuck 1
RC POS 151 id 5 seat 1 role expand fs 0 body 1 pos 3,7 stuck 0
RC POS 151 id 9 seat 3 role raid fs 0 body 1 pos 28,25 stuck 1
RC POS 151 id 14 seat 5 role raid fs 0 body 1 pos 26,25 stuck 1
V527I SEALNT 152 ph 0 fwd 0 hv 10
RC POS 152 id 3 seat 0 role raid fs 0 body 1 pos 25,27 stuck 1
RC POS 152 id 5 seat 1 role expand fs 0 body 1 pos 3,7 stuck 1
RC WALK 152 id 5 role expand pos 3,7 tgt 3,5 want NORTH
RC POS 152 id 9 seat 3 role raid fs 0 body 1 pos 28,25 stuck 1
RC POS 152 id 14 seat 5 role raid fs 0 body 1 pos 26,25 stuck 1
V527I SEALNT 153 ph 0 fwd 0 hv 10
RC POS 153 id 3 seat 0 role raid fs 0 body 1 pos 25,27 stuck 1
RC POS 153 id 5 seat 1 role expand fs 0 body 1 pos 3,6 stuck 0
RC WALK 153 id 5 role expand pos 3,6 tgt 2,5 want NORTH
RC POS 153 id 9 seat 3 role raid fs 0 body 1 pos 28,25 stuck 1
RC POS 153 id 14 seat 5 role raid fs 0 body 1 pos 26,25 stuck 1
V527I SEALNT 154 ph 0 fwd 0 hv 10
RC POS 154 id 3 seat 0 role raid fs 0 body 1 pos 25,27 stuck 1
RC POS 154 id 5 seat 1 role expand fs 0 body 1 pos 3,5 stuck 0
RC WALK 154 id 5 role expand pos 3,5 tgt 2,4 want WEST
RC POS 154 id 9 seat 3 role raid fs 0 body 1 pos 28,25 stuck 1
RC POS 154 id 14 seat 5 role raid fs 0 body 1 pos 26,25 stuck 1
V527I SEALNT 155 ph 0 fwd 0 hv 10
RC POS 155 id 3 seat 0 role raid fs 0 body 1 pos 25,27 stuck 1
RC POS 155 id 5 seat 1 role expand fs 0 body 1 pos 3,6 stuck 0
RC WALK 155 id 5 role expand pos 3,6 tgt 2,4 want NORTH
RC POS 155 id 9 seat 3 role raid fs 0 body 1 pos 28,25 stuck 1
RC POS 155 id 14 seat 5 role raid fs 0 body 1 pos 26,25 stuck 1
V527I SEALNT 156 ph 0 fwd 0 hv 10
RC POS 156 id 3 seat 0 role raid fs 0 body 1 pos 25,27 stuck 1
RC POS 156 id 5 seat 1 role expand fs 0 body 1 pos 3,5 stuck 0
RC WALK 156 id 5 role expand pos 3,5 tgt 2,4 want WEST
RC POS 156 id 9 seat 3 role raid fs 0 body 1 pos 28,25 stuck 1
RC POS 156 id 14 seat 5 role raid fs 0 body 1 pos 26,25 stuck 1
V527I SEALNT 157 ph 0 fwd 0 hv 10
RC POS 157 id 3 seat 0 role raid fs 0 body 1 pos 25,27 stuck 1
RC POS 157 id 5 seat 1 role expand fs 0 body 1 pos 3,6 stuck 0
RC WALK 157 id 5 role expand pos 3,6 tgt 2,4 want NORTH
RC POS 157 id 9 seat 3 role raid fs 0 body 1 pos 28,25 stuck 1
RC POS 157 id 14 seat 5 role raid fs 0 body 1 pos 26,25 stuck 1
V527I SEALNT 158 ph 0 fwd 0 hv 10
RC POS 158 id 3 seat 0 role raid fs 0 body 1 pos 25,27 stuck 1
RC POS 158 id 5 seat 1 role expand fs 0 body 1 pos 3,5 stuck 0
RC WALK 158 id 5 role expand pos 3,5 tgt 2,4 want WEST
RC POS 158 id 9 seat 3 role raid fs 0 body 1 pos 28,25 stuck 1
RC POS 158 id 14 seat 5 role raid fs 0 body 1 pos 26,25 stuck 1
V527I SEALNT 159 ph 0 fwd 0 hv 10
RC POS 159 id 3 seat 0 role raid fs 0 body 1 pos 25,27 stuck 1
RC POS 159 id 5 seat 1 role expand fs 0 body 1 pos 3,6 stuck 0
RC WALK 159 id 5 role expand pos 3,6 tgt 2,4 want NORTH
RC POS 159 id 9 seat 3 role raid fs 0 body 1 pos 28,25 stuck 1
RC POS 159 id 14 seat 5 role raid fs 0 body 1 pos 26,25 stuck 1
V527I SEALNT 160 ph 0 fwd 0 hv 10
RC POS 160 id 3 seat 0 role raid fs 0 body 1 pos 25,27 stuck 1
RC POS 160 id 5 seat 1 role expand fs 0 body 1 pos 3,5 stuck 0
RC WALK 160 id 5 role expand pos 3,5 tgt 2,4 want WEST
RC POS 160 id 9 seat 3 role raid fs 0 body 1 pos 28,25 stuck 1
RC POS 160 id 14 seat 5 role raid fs 0 body 1 pos 26,25 stuck 1
V527I SEALNT 161 ph 0 fwd 0 hv 10
RC POS 161 id 3 seat 0 role raid fs 0 body 1 pos 25,27 stuck 1
RC POS 161 id 5 seat 1 role expand fs 0 body 1 pos 3,6 stuck 0
RC WALK 161 id 5 role expand pos 3,6 tgt 2,4 want NORTH
RC POS 161 id 9 seat 3 role raid fs 0 body 1 pos 28,25 stuck 1
RC POS 161 id 14 seat 5 role raid fs 0 body 1 pos 26,25 stuck 1
V527I SEALNT 162 ph 0 fwd 0 hv 10
RC POS 162 id 3 seat 0 role raid fs 0 body 1 pos 25,27 stuck 1
RC POS 162 id 5 seat 1 role expand fs 0 body 1 pos 3,5 stuck 0
RC WALK 162 id 5 role expand pos 3,5 tgt 2,4 want WEST
RC POS 162 id 9 seat 3 role raid fs 0 body 1 pos 28,25 stuck 1
RC POS 162 id 14 seat 5 role raid fs 0 body 1 pos 26,25 stuck 1
V527I SEALNT 163 ph 0 fwd 0 hv 10
RC POS 163 id 3 seat 0 role raid fs 0 body 1 pos 25,27 stuck 1
RC POS 163 id 5 seat 1 role expand fs 0 body 1 pos 3,6 stuck 0
RC WALK 163 id 5 role expand pos 3,6 tgt 2,4 want NORTH
RC POS 163 id 9 seat 3 role raid fs 0 body 1 pos 28,25 stuck 1
RC POS 163 id 14 seat 5 role raid fs 0 body 1 pos 26,25 stuck 1
V527I SEALNT 164 ph 0 fwd 0 hv 10
RC POS 164 id 3 seat 0 role raid fs 0 body 1 pos 25,27 stuck 1
RC POS 164 id 5 seat 1 role expand fs 0 body 1 pos 3,5 stuck 0
RC WALK 164 id 5 role expand pos 3,5 tgt 2,4 want WEST
RC POS 164 id 9 seat 3 role raid fs 0 body 1 pos 28,25 stuck 1
RC POS 164 id 14 seat 5 role raid fs 0 body 1 pos 26,25 stuck 1
V527I SEALNT 165 ph 0 fwd 0 hv 10
RC POS 165 id 3 seat 0 role raid fs 0 body 1 pos 25,27 stuck 1
RC POS 165 id 5 seat 1 role expand fs 0 body 1 pos 3,6 stuck 0
RC WALK 165 id 5 role expand pos 3,6 tgt 2,4 want NORTH
RC POS 165 id 9 seat 3 role raid fs 0 body 1 pos 28,25 stuck 1
RC POS 165 id 14 seat 5 role raid fs 0 body 1 pos 26,25 stuck 1
V527I SEALNT 166 ph 0 fwd 0 hv 10
RC POS 166 id 3 seat 0 role raid fs 0 body 1 pos 25,27 stuck 1
RC POS 166 id 5 seat 1 role expand fs 0 body 1 pos 3,5 stuck 0
RC WALK 166 id 5 role expand pos 3,5 tgt 2,4 want WEST
RC POS 166 id 9 seat 3 role raid fs 0 body 1 pos 28,25 stuck 1
RC POS 166 id 14 seat 5 role raid fs 0 body 1 pos 26,25 stuck 1
V527I SEALNT 167 ph 0 fwd 0 hv 10
RC POS 167 id 3 seat 0 role raid fs 0 body 1 pos 25,27 stuck 1
RC POS 167 id 5 seat 1 role expand fs 0 body 1 pos 3,6 stuck 0
RC WALK 167 id 5 role expand pos 3,6 tgt 2,4 want NORTH
RC POS 167 id 9 seat 3 role raid fs 0 body 1 pos 28,25 stuck 1
RC POS 167 id 14 seat 5 role raid fs 0 body 1 pos 26,25 stuck 1
V527I SEALNT 168 ph 0 fwd 0 hv 10
RC POS 168 id 3 seat 0 role raid fs 0 body 1 pos 25,27 stuck 1
RC POS 168 id 5 seat 1 role expand fs 0 body 1 pos 3,5 stuck 0
RC WALK 168 id 5 role expand pos 3,5 tgt 2,4 want WEST
RC POS 168 id 9 seat 3 role raid fs 0 body 1 pos 28,25 stuck 1
RC POS 168 id 14 seat 5 role raid fs 0 body 1 pos 26,25 stuck 1
V527I SEALNT 169 ph 0 fwd 0 hv 10
RC POS 169 id 3 seat 0 role raid fs 0 body 1 pos 25,27 stuck 1
RC POS 169 id 5 seat 1 role expand fs 0 body 1 pos 3,6 stuck 0
RC WALK 169 id 5 role expand pos 3,6 tgt 2,4 want NORTH
RC POS 169 id 9 seat 3 role raid fs 0 body 1 pos 28,25 stuck 1
RC POS 169 id 14 seat 5 role raid fs 0 body 1 pos 26,25 stuck 1
V527I SEALNT 170 ph 0 fwd 0 hv 10
RC POS 170 id 3 seat 0 role raid fs 0 body 1 pos 25,27 stuck 1
RC POS 170 id 5 seat 1 role expand fs 0 body 1 pos 3,5 stuck 0
RC WALK 170 id 5 role expand pos 3,5 tgt 2,4 want WEST
RC POS 170 id 9 seat 3 role raid fs 0 body 1 pos 28,25 stuck 1
RC POS 170 id 14 seat 5 role raid fs 0 body 1 pos 26,25 stuck 1
V527I SEALNT 171 ph 0 fwd 0 hv 10
RC POS 171 id 3 seat 0 role raid fs 0 body 1 pos 25,27 stuck 1
RC POS 171 id 5 seat 1 role expand fs 0 body 1 pos 3,6 stuck 0
RC WALK 171 id 5 role expand pos 3,6 tgt 2,4 want NORTH
RC POS 171 id 9 seat 3 role raid fs 0 body 1 pos 28,25 stuck 1
RC POS 171 id 14 seat 5 role raid fs 0 body 1 pos 26,25 stuck 1
V527I SEALNT 172 ph 0 fwd 0 hv 10
RC POS 172 id 3 seat 0 role raid fs 0 body 1 pos 25,27 stuck 1
RC POS 172 id 5 seat 1 role expand fs 0 body 1 pos 3,5 stuck 0
RC WALK 172 id 5 role expand pos 3,5 tgt 2,4 want WEST
RC POS 172 id 9 seat 3 role raid fs 0 body 1 pos 28,25 stuck 1
RC POS 172 id 14 seat 5 role raid fs 0 body 1 pos 26,25 stuck 1
V527I SEALNT 173 ph 0 fwd 0 hv 10
RC POS 173 id 3 seat 0 role raid fs 0 body 1 pos 25,27 stuck 1
RC POS 173 id 5 seat 1 role expand fs 0 body 1 pos 3,6 stuck 0
RC WALK 173 id 5 role expand pos 3,6 tgt 2,4 want NORTH
RC POS 173 id 9 seat 3 role raid fs 0 body 1 pos 28,25 stuck 1
RC POS 173 id 14 seat 5 role raid fs 0 body 1 pos 26,25 stuck 1
V527I SEALNT 174 ph 0 fwd 0 hv 10
RC POS 174 id 3 seat 0 role raid fs 0 body 1 pos 25,27 stuck 1
RC POS 174 id 5 seat 1 role expand fs 0 body 1 pos 3,5 stuck 0
RC WALK 174 id 5 role expand pos 3,5 tgt 2,4 want WEST
RC POS 174 id 9 seat 3 role raid fs 0 body 1 pos 28,25 stuck 1
RC POS 174 id 14 seat 5 role raid fs 0 body 1 pos 26,25 stuck 1
V527I SEALNT 175 ph 0 fwd 0 hv 10
RC POS 175 id 3 seat 0 role raid fs 0 body 1 pos 25,27 stuck 1
RC POS 175 id 5 seat 1 role expand fs 0 body 1 pos 3,6 stuck 0
RC WALK 175 id 5 role expand pos 3,6 tgt 2,4 want NORTH
RC POS 175 id 9 seat 3 role raid fs 0 body 1 pos 28,25 stuck 1
RC POS 175 id 14 seat 5 role raid fs 0 body 1 pos 26,25 stuck 1
V527I SEALNT 176 ph 0 fwd 0 hv 10
RC POS 176 id 3 seat 0 role raid fs 0 body 1 pos 25,27 stuck 1
RC POS 176 id 5 seat 1 role expand fs 0 body 1 pos 3,5 stuck 0
RC WALK 176 id 5 role expand pos 3,5 tgt 2,4 want WEST
RC POS 176 id 9 seat 3 role raid fs 0 body 1 pos 28,25 stuck 1
RC POS 176 id 14 seat 5 role raid fs 0 body 1 pos 26,25 stuck 1
V527I SEALNT 177 ph 0 fwd 0 hv 10
RC POS 177 id 3 seat 0 role raid fs 0 body 1 pos 25,27 stuck 1
RC POS 177 id 5 seat 1 role expand fs 0 body 1 pos 3,6 stuck 0
RC WALK 177 id 5 role expand pos 3,6 tgt 2,4 want NORTH
RC POS 177 id 9 seat 3 role raid fs 0 body 1 pos 28,25 stuck 1
RC POS 177 id 14 seat 5 role raid fs 0 body 1 pos 26,25 stuck 1
V527I SEALNT 178 ph 0 fwd 0 hv 10
RC POS 178 id 3 seat 0 role raid fs 0 body 1 pos 25,27 stuck 1
RC POS 178 id 5 seat 1 role expand fs 0 body 1 pos 3,5 stuck 0
RC WALK 178 id 5 role expand pos 3,5 tgt 2,4 want WEST
RC POS 178 id 9 seat 3 role raid fs 0 body 1 pos 28,25 stuck 1
RC POS 178 id 14 seat 5 role raid fs 0 body 1 pos 26,25 stuck 1
V527I SEALNT 179 ph 0 fwd 0 hv 10
RC POS 179 id 3 seat 0 role raid fs 0 body 1 pos 25,27 stuck 1
RC POS 179 id 5 seat 1 role expand fs 0 body 1 pos 3,6 stuck 0
RC WALK 179 id 5 role expand pos 3,6 tgt 2,4 want NORTH
RC POS 179 id 9 seat 3 role raid fs 0 body 1 pos 28,25 stuck 1
RC POS 179 id 14 seat 5 role raid fs 0 body 1 pos 26,25 stuck 1
V527I SEALNT 180 ph 0 fwd 0 hv 10
RC POS 180 id 3 seat 0 role raid fs 0 body 1 pos 25,27 stuck 1
RC POS 180 id 5 seat 1 role expand fs 0 body 1 pos 3,5 stuck 0
RC WALK 180 id 5 role expand pos 3,5 tgt 2,4 want WEST
RC POS 180 id 9 seat 3 role raid fs 0 body 1 pos 28,25 stuck 1
RC POS 180 id 14 seat 5 role raid fs 0 body 1 pos 26,25 stuck 1
V527I SEALNT 181 ph 0 fwd 0 hv 10
RC POS 181 id 3 seat 0 role raid fs 0 body 1 pos 25,27 stuck 1
RC POS 181 id 5 seat 1 role expand fs 0 body 1 pos 3,6 stuck 0
RC WALK 181 id 5 role expand pos 3,6 tgt 2,4 want NORTH
RC POS 181 id 9 seat 3 role raid fs 0 body 1 pos 28,25 stuck 1
RC POS 181 id 14 seat 5 role raid fs 0 body 1 pos 26,25 stuck 1
V527I SEALNT 182 ph 0 fwd 0 hv 10
RC POS 182 id 3 seat 0 role raid fs 0 body 1 pos 25,27 stuck 1
RC POS 182 id 5 seat 1 role expand fs 0 body 1 pos 3,5 stuck 0
RC WALK 182 id 5 role expand pos 3,5 tgt 2,4 want WEST
RC POS 182 id 9 seat 3 role raid fs 0 body 1 pos 28,25 stuck 1
RC POS 182 id 14 seat 5 role raid fs 0 body 1 pos 26,25 stuck 1
V527I SEALNT 183 ph 0 fwd 0 hv 10
RC POS 183 id 3 seat 0 role raid fs 0 body 1 pos 25,27 stuck 1
RC POS 183 id 5 seat 1 role expand fs 0 body 1 pos 3,6 stuck 0
RC WALK 183 id 5 role expand pos 3,6 tgt 2,4 want NORTH
RC POS 183 id 9 seat 3 role raid fs 0 body 1 pos 28,25 stuck 1
RC POS 183 id 14 seat 5 role raid fs 0 body 1 pos 26,25 stuck 1
V527I SEALNT 184 ph 0 fwd 0 hv 10
RC POS 184 id 3 seat 0 role raid fs 0 body 1 pos 25,27 stuck 1
RC POS 184 id 5 seat 1 role expand fs 0 body 1 pos 3,5 stuck 0
RC WALK 184 id 5 role expand pos 3,5 tgt 2,4 want WEST
RC POS 184 id 9 seat 3 role raid fs 0 body 1 pos 28,25 stuck 1
RC POS 184 id 14 seat 5 role raid fs 0 body 1 pos 26,25 stuck 1
V527I SEALNT 185 ph 0 fwd 0 hv 10
RC POS 185 id 3 seat 0 role raid fs 0 body 1 pos 25,27 stuck 1
RC POS 185 id 5 seat 1 role expand fs 0 body 1 pos 3,6 stuck 0
RC WALK 185 id 5 role expand pos 3,6 tgt 2,4 want NORTH
RC POS 185 id 9 seat 3 role raid fs 0 body 1 pos 28,25 stuck 1
RC POS 185 id 14 seat 5 role raid fs 0 body 1 pos 26,25 stuck 1
V527I SEALNT 186 ph 0 fwd 0 hv 10
RC POS 186 id 3 seat 0 role raid fs 0 body 1 pos 25,27 stuck 1
RC POS 186 id 5 seat 1 role expand fs 0 body 1 pos 3,5 stuck 0
RC WALK 186 id 5 role expand pos 3,5 tgt 2,4 want WEST
RC POS 186 id 9 seat 3 role raid fs 0 body 1 pos 28,25 stuck 1
RC POS 186 id 14 seat 5 role raid fs 0 body 1 pos 26,25 stuck 1
V527I SEALNT 187 ph 0 fwd 0 hv 10
RC POS 187 id 3 seat 0 role raid fs 0 body 1 pos 25,27 stuck 1
RC POS 187 id 5 seat 1 role expand fs 0 body 1 pos 3,6 stuck 0
RC WALK 187 id 5 role expand pos 3,6 tgt 2,4 want NORTH
RC POS 187 id 9 seat 3 role raid fs 0 body 1 pos 28,25 stuck 1
RC POS 187 id 14 seat 5 role raid fs 0 body 1 pos 26,25 stuck 1
V527I SEALNT 188 ph 0 fwd 0 hv 10
RC POS 188 id 3 seat 0 role raid fs 0 body 1 pos 25,27 stuck 1
RC POS 188 id 5 seat 1 role expand fs 0 body 1 pos 3,5 stuck 0
RC WALK 188 id 5 role expand pos 3,5 tgt 2,4 want WEST
RC POS 188 id 9 seat 3 role raid fs 0 body 1 pos 28,25 stuck 1
RC POS 188 id 14 seat 5 role raid fs 0 body 1 pos 26,25 stuck 1
V527I SEALNT 189 ph 0 fwd 0 hv 10
RC POS 189 id 3 seat 0 role raid fs 0 body 1 pos 25,27 stuck 1
RC POS 189 id 5 seat 1 role expand fs 0 body 1 pos 3,6 stuck 0
RC WALK 189 id 5 role expand pos 3,6 tgt 2,4 want NORTH
RC POS 189 id 9 seat 3 role raid fs 0 body 1 pos 28,25 stuck 1
RC POS 189 id 14 seat 5 role raid fs 0 body 1 pos 26,25 stuck 1
V527I SEALNT 190 ph 0 fwd 0 hv 10
RC POS 190 id 3 seat 0 role raid fs 0 body 1 pos 25,27 stuck 1
RC POS 190 id 5 seat 1 role expand fs 0 body 1 pos 3,5 stuck 0
RC WALK 190 id 5 role expand pos 3,5 tgt 2,4 want WEST
RC POS 190 id 9 seat 3 role raid fs 0 body 1 pos 28,25 stuck 1
RC POS 190 id 14 seat 5 role raid fs 0 body 1 pos 26,25 stuck 1
V527I SEALNT 191 ph 0 fwd 0 hv 10
RC POS 191 id 3 seat 0 role raid fs 0 body 1 pos 25,27 stuck 1
RC POS 191 id 5 seat 1 role expand fs 0 body 1 pos 3,6 stuck 0
RC WALK 191 id 5 role expand pos 3,6 tgt 2,4 want NORTH
RC POS 191 id 9 seat 3 role raid fs 0 body 1 pos 28,25 stuck 1
RC POS 191 id 14 seat 5 role raid fs 0 body 1 pos 26,25 stuck 1
V527I SEALNT 192 ph 0 fwd 0 hv 10
RC POS 192 id 3 seat 0 role raid fs 0 body 1 pos 25,27 stuck 1
RC POS 192 id 5 seat 1 role expand fs 0 body 1 pos 3,5 stuck 0
RC WALK 192 id 5 role expand pos 3,5 tgt 2,4 want WEST
RC POS 192 id 9 seat 3 role raid fs 0 body 1 pos 28,25 stuck 1
RC POS 192 id 14 seat 5 role raid fs 0 body 1 pos 26,25 stuck 1
V527I SEALNT 193 ph 0 fwd 1 hv 10
RC POS 193 id 3 seat 0 role raid fs 0 body 1 pos 25,27 stuck 1
RC POS 193 id 5 seat 1 role expand fs 0 body 1 pos 3,6 stuck 0
RC WALK 193 id 5 role expand pos 3,6 tgt 2,4 want NORTH
RC POS 193 id 9 seat 3 role raid fs 0 body 1 pos 28,25 stuck 2
RC POS 193 id 14 seat 5 role raid fs 0 body 1 pos 26,25 stuck 1
V527I SEALNT 194 ph 0 fwd 1 hv 10
RC POS 194 id 3 seat 0 role raid fs 0 body 1 pos 25,27 stuck 1
RC POS 194 id 5 seat 1 role expand fs 0 body 1 pos 3,5 stuck 0
RC WALK 194 id 5 role expand pos 3,5 tgt 2,4 want WEST
RC POS 194 id 9 seat 3 role raid fs 0 body 1 pos 28,25 stuck 1
RC POS 194 id 14 seat 5 role raid fs 0 body 1 pos 26,25 stuck 1
V527I SEALNT 195 ph 0 fwd 1 hv 10
RC POS 195 id 3 seat 0 role raid fs 0 body 1 pos 25,27 stuck 1
RC POS 195 id 5 seat 1 role expand fs 0 body 1 pos 3,6 stuck 0
RC WALK 195 id 5 role expand pos 3,6 tgt 2,4 want NORTH
RC POS 195 id 9 seat 3 role raid fs 0 body 1 pos 28,25 stuck 1
RC POS 195 id 14 seat 5 role raid fs 0 body 1 pos 26,25 stuck 1
V527I SEALNT 196 ph 0 fwd 1 hv 10
RC POS 196 id 3 seat 0 role raid fs 0 body 1 pos 25,27 stuck 1
RC POS 196 id 5 seat 1 role expand fs 0 body 1 pos 3,5 stuck 0
RC WALK 196 id 5 role expand pos 3,5 tgt 2,4 want WEST
RC POS 196 id 9 seat 3 role raid fs 0 body 1 pos 28,25 stuck 1
RC POS 196 id 14 seat 5 role raid fs 0 body 1 pos 26,25 stuck 1
V527I SEALNT 197 ph 0 fwd 1 hv 10
RC POS 197 id 3 seat 0 role raid fs 0 body 1 pos 25,27 stuck 1
RC POS 197 id 5 seat 1 role expand fs 0 body 1 pos 3,6 stuck 0
RC WALK 197 id 5 role expand pos 3,6 tgt 2,4 want NORTH
RC POS 197 id 9 seat 3 role raid fs 0 body 1 pos 28,25 stuck 1
RC POS 197 id 14 seat 5 role raid fs 0 body 1 pos 26,25 stuck 1
V527I SEALNT 198 ph 0 fwd 1 hv 10
RC POS 198 id 3 seat 0 role raid fs 0 body 1 pos 25,27 stuck 1
RC POS 198 id 5 seat 1 role expand fs 0 body 1 pos 3,5 stuck 0
RC WALK 198 id 5 role expand pos 3,5 tgt 2,4 want WEST
RC POS 198 id 9 seat 3 role raid fs 0 body 1 pos 28,25 stuck 1
RC POS 198 id 14 seat 5 role raid fs 0 body 1 pos 26,25 stuck 1
V527I SEALNT 199 ph 0 fwd 1 hv 10
RC POS 199 id 3 seat 0 role raid fs 0 body 1 pos 25,27 stuck 1
RC POS 199 id 5 seat 1 role expand fs 0 body 1 pos 3,6 stuck 0
RC WALK 199 id 5 role expand pos 3,6 tgt 2,4 want NORTH
RC POS 199 id 9 seat 3 role raid fs 0 body 1 pos 28,25 stuck 1
RC POS 199 id 14 seat 5 role raid fs 0 body 1 pos 26,25 stuck 1
V527I SEALNT 200 ph 0 fwd 1 hv 10
RC POS 200 id 3 seat 0 role raid fs 0 body 1 pos 25,27 stuck 1
RC POS 200 id 5 seat 1 role expand fs 0 body 1 pos 3,5 stuck 0
RC WALK 200 id 5 role expand pos 3,5 tgt 2,4 want WEST
RC POS 200 id 9 seat 3 role raid fs 0 body 1 pos 28,25 stuck 1
RC POS 200 id 14 seat 5 role raid fs 0 body 1 pos 26,25 stuck 1
V527I SEALNT 201 ph 0 fwd 1 hv 10
RC POS 201 id 3 seat 0 role raid fs 0 body 1 pos 25,27 stuck 1
RC POS 201 id 5 seat 1 role expand fs 0 body 1 pos 3,6 stuck 0
RC WALK 201 id 5 role expand pos 3,6 tgt 2,4 want NORTH
RC POS 201 id 9 seat 3 role raid fs 0 body 1 pos 28,25 stuck 1
RC POS 201 id 14 seat 5 role raid fs 0 body 1 pos 26,25 stuck 1
V527I SEALNT 202 ph 0 fwd 1 hv 10
RC POS 202 id 3 seat 0 role raid fs 0 body 1 pos 25,27 stuck 1
RC POS 202 id 5 seat 1 role expand fs 0 body 1 pos 3,5 stuck 0
RC WALK 202 id 5 role expand pos 3,5 tgt 2,4 want WEST
RC POS 202 id 9 seat 3 role raid fs 0 body 1 pos 28,25 stuck 1
RC POS 202 id 14 seat 5 role raid fs 0 body 1 pos 26,25 stuck 1
V527I SEALNT 203 ph 0 fwd 1 hv 10
RC POS 203 id 3 seat 0 role raid fs 0 body 1 pos 25,27 stuck 1
RC POS 203 id 5 seat 1 role expand fs 0 body 1 pos 3,6 stuck 0
RC WALK 203 id 5 role expand pos 3,6 tgt 2,4 want NORTH
RC POS 203 id 9 seat 3 role raid fs 0 body 1 pos 28,25 stuck 1
RC POS 203 id 14 seat 5 role raid fs 0 body 1 pos 26,25 stuck 1
V527I SEALNT 204 ph 0 fwd 1 hv 10
RC POS 204 id 3 seat 0 role raid fs 0 body 1 pos 25,27 stuck 1
RC POS 204 id 5 seat 1 role expand fs 0 body 1 pos 3,5 stuck 0
RC WALK 204 id 5 role expand pos 3,5 tgt 2,4 want WEST
RC POS 204 id 9 seat 3 role raid fs 0 body 1 pos 28,25 stuck 1
RC POS 204 id 14 seat 5 role raid fs 0 body 1 pos 26,25 stuck 1
V527I SEALNT 205 ph 0 fwd 1 hv 10
RC POS 205 id 3 seat 0 role raid fs 0 body 1 pos 25,27 stuck 1
RC POS 205 id 5 seat 1 role expand fs 0 body 1 pos 3,6 stuck 0
RC WALK 205 id 5 role expand pos 3,6 tgt 2,4 want NORTH
RC POS 205 id 9 seat 3 role raid fs 0 body 1 pos 28,25 stuck 1
RC POS 205 id 14 seat 5 role raid fs 0 body 1 pos 26,25 stuck 1
V527I SEALNT 206 ph 0 fwd 1 hv 10
RC POS 206 id 3 seat 0 role raid fs 0 body 1 pos 25,27 stuck 1
RC POS 206 id 5 seat 1 role expand fs 0 body 1 pos 3,5 stuck 0
RC WALK 206 id 5 role expand pos 3,5 tgt 2,4 want WEST
RC POS 206 id 9 seat 3 role raid fs 0 body 1 pos 28,25 stuck 1
RC POS 206 id 14 seat 5 role raid fs 0 body 1 pos 26,25 stuck 1
V527I SEALNT 207 ph 0 fwd 1 hv 10
RC POS 207 id 3 seat 0 role raid fs 0 body 1 pos 25,27 stuck 1
RC POS 207 id 5 seat 1 role expand fs 0 body 1 pos 3,6 stuck 0
RC WALK 207 id 5 role expand pos 3,6 tgt 2,4 want NORTH
RC POS 207 id 9 seat 3 role raid fs 0 body 1 pos 28,25 stuck 1
RC POS 207 id 14 seat 5 role raid fs 0 body 1 pos 26,25 stuck 1
V527I SEALNT 208 ph 0 fwd 1 hv 10
RC POS 208 id 3 seat 0 role raid fs 0 body 1 pos 25,27 stuck 1
RC POS 208 id 5 seat 1 role expand fs 0 body 1 pos 3,5 stuck 0
RC WALK 208 id 5 role expand pos 3,5 tgt 2,4 want WEST
RC POS 208 id 9 seat 3 role raid fs 0 body 1 pos 28,25 stuck 1
RC POS 208 id 14 seat 5 role raid fs 0 body 1 pos 26,25 stuck 1
V527I SEALNT 209 ph 0 fwd 1 hv 10
RC POS 209 id 3 seat 0 role raid fs 0 body 1 pos 25,27 stuck 1
RC POS 209 id 5 seat 1 role expand fs 0 body 1 pos 3,6 stuck 0
RC WALK 209 id 5 role expand pos 3,6 tgt 2,4 want NORTH
RC POS 209 id 9 seat 3 role raid fs 0 body 1 pos 28,25 stuck 1
RC POS 209 id 14 seat 5 role raid fs 0 body 1 pos 26,25 stuck 1
V527I SEALNT 210 ph 0 fwd 1 hv 10
RC POS 210 id 3 seat 0 role raid fs 0 body 1 pos 25,27 stuck 1
RC POS 210 id 5 seat 1 role expand fs 0 body 1 pos 3,5 stuck 0
RC WALK 210 id 5 role expand pos 3,5 tgt 2,4 want WEST
RC POS 210 id 9 seat 3 role raid fs 0 body 1 pos 28,25 stuck 1
RC POS 210 id 14 seat 5 role raid fs 0 body 1 pos 26,25 stuck 1
V527I SEALNT 211 ph 0 fwd 1 hv 10
RC POS 211 id 3 seat 0 role raid fs 0 body 1 pos 25,27 stuck 1
RC POS 211 id 5 seat 1 role expand fs 0 body 1 pos 3,6 stuck 0
RC WALK 211 id 5 role expand pos 3,6 tgt 2,4 want NORTH
RC POS 211 id 9 seat 3 role raid fs 0 body 1 pos 28,25 stuck 1
RC POS 211 id 14 seat 5 role raid fs 0 body 1 pos 26,25 stuck 1
V527I SEALNT 212 ph 0 fwd 1 hv 10
RC POS 212 id 3 seat 0 role raid fs 0 body 1 pos 25,27 stuck 1
RC POS 212 id 5 seat 1 role expand fs 0 body 1 pos 3,5 stuck 0
RC WALK 212 id 5 role expand pos 3,5 tgt 2,4 want WEST
RC POS 212 id 9 seat 3 role raid fs 0 body 1 pos 28,25 stuck 1
RC POS 212 id 14 seat 5 role raid fs 0 body 1 pos 26,25 stuck 1
V527I SEALNT 213 ph 0 fwd 1 hv 10
RC POS 213 id 3 seat 0 role raid fs 0 body 1 pos 25,27 stuck 1
RC POS 213 id 5 seat 1 role expand fs 0 body 1 pos 3,6 stuck 0
RC WALK 213 id 5 role expand pos 3,6 tgt 2,4 want NORTH
RC POS 213 id 9 seat 3 role raid fs 0 body 1 pos 28,25 stuck 1
RC POS 213 id 14 seat 5 role raid fs 0 body 1 pos 26,25 stuck 1
V527I SEALNT 214 ph 0 fwd 1 hv 10
RC POS 214 id 3 seat 0 role raid fs 0 body 1 pos 25,27 stuck 1
RC POS 214 id 5 seat 1 role expand fs 0 body 1 pos 3,5 stuck 0
RC WALK 214 id 5 role expand pos 3,5 tgt 2,4 want WEST
RC POS 214 id 9 seat 3 role raid fs 0 body 1 pos 28,25 stuck 1
RC POS 214 id 14 seat 5 role raid fs 0 body 1 pos 26,25 stuck 1
V527I SEALNT 215 ph 0 fwd 1 hv 10
RC POS 215 id 3 seat 0 role raid fs 0 body 1 pos 25,27 stuck 1
RC POS 215 id 5 seat 1 role expand fs 0 body 1 pos 3,6 stuck 0
RC WALK 215 id 5 role expand pos 3,6 tgt 2,4 want NORTH
RC POS 215 id 9 seat 3 role raid fs 0 body 1 pos 28,25 stuck 1
RC POS 215 id 14 seat 5 role raid fs 0 body 1 pos 26,25 stuck 1
V527I SEALNT 216 ph 0 fwd 1 hv 10
RC POS 216 id 3 seat 0 role raid fs 0 body 1 pos 25,27 stuck 1
RC POS 216 id 5 seat 1 role expand fs 0 body 1 pos 3,5 stuck 0
RC WALK 216 id 5 role expand pos 3,5 tgt 2,4 want WEST
RC POS 216 id 9 seat 3 role raid fs 0 body 1 pos 28,25 stuck 1
RC POS 216 id 14 seat 5 role raid fs 0 body 1 pos 26,25 stuck 1
V527I SEALNT 217 ph 0 fwd 1 hv 10
RC POS 217 id 3 seat 0 role raid fs 0 body 1 pos 25,27 stuck 1
RC POS 217 id 5 seat 1 role expand fs 0 body 1 pos 3,6 stuck 0
RC WALK 217 id 5 role expand pos 3,6 tgt 2,4 want NORTH
RC POS 217 id 9 seat 3 role raid fs 0 body 1 pos 28,25 stuck 1
RC POS 217 id 14 seat 5 role raid fs 0 body 1 pos 26,25 stuck 1
V527I SEALNT 218 ph 0 fwd 1 hv 10
RC POS 218 id 3 seat 0 role raid fs 0 body 1 pos 25,27 stuck 1
RC POS 218 id 5 seat 1 role expand fs 0 body 1 pos 3,5 stuck 0
RC WALK 218 id 5 role expand pos 3,5 tgt 2,4 want WEST
RC POS 218 id 9 seat 3 role raid fs 0 body 1 pos 28,25 stuck 1
RC POS 218 id 14 seat 5 role raid fs 0 body 1 pos 26,25 stuck 1
V527I SEALNT 219 ph 0 fwd 1 hv 10
RC POS 219 id 3 seat 0 role raid fs 0 body 1 pos 25,27 stuck 1
RC POS 219 id 5 seat 1 role expand fs 0 body 1 pos 3,6 stuck 0
RC WALK 219 id 5 role expand pos 3,6 tgt 2,4 want NORTH
RC POS 219 id 14 seat 5 role raid fs 0 body 1 pos 26,25 stuck 1
V527I SEALNT 220 ph 0 fwd 1 hv 10
RC POS 220 id 3 seat 0 role raid fs 0 body 1 pos 25,27 stuck 1
RC POS 220 id 5 seat 1 role expand fs 0 body 1 pos 3,5 stuck 0
RC WALK 220 id 5 role expand pos 3,5 tgt 2,4 want WEST
RC POS 220 id 14 seat 5 role raid fs 0 body 1 pos 26,25 stuck 1
V527I SEALNT 221 ph 0 fwd 1 hv 10
RC POS 221 id 3 seat 0 role raid fs 0 body 1 pos 25,27 stuck 1
RC POS 221 id 5 seat 1 role expand fs 0 body 1 pos 3,6 stuck 0
RC WALK 221 id 5 role expand pos 3,6 tgt 2,4 want NORTH
RC POS 221 id 14 seat 5 role raid fs 0 body 1 pos 26,25 stuck 1
V527I SEALNT 222 ph 0 fwd 1 hv 10
RC POS 222 id 3 seat 0 role raid fs 0 body 1 pos 25,27 stuck 1
RC POS 222 id 5 seat 1 role expand fs 0 body 1 pos 3,5 stuck 0
RC WALK 222 id 5 role expand pos 3,5 tgt 2,4 want WEST
RC POS 222 id 14 seat 5 role raid fs 0 body 1 pos 26,25 stuck 1
V527I SEALNT 223 ph 0 fwd 1 hv 10
RC POS 223 id 3 seat 0 role raid fs 0 body 1 pos 25,27 stuck 1
RC POS 223 id 5 seat 1 role expand fs 0 body 1 pos 3,6 stuck 0
RC WALK 223 id 5 role expand pos 3,6 tgt 2,4 want NORTH
RC POS 223 id 14 seat 5 role raid fs 0 body 1 pos 26,25 stuck 1
V527I SEALNT 224 ph 0 fwd 1 hv 10
RC POS 224 id 3 seat 0 role raid fs 0 body 1 pos 25,27 stuck 1
RC POS 224 id 5 seat 1 role expand fs 0 body 1 pos 3,5 stuck 0
RC WALK 224 id 5 role expand pos 3,5 tgt 2,4 want WEST
RC POS 224 id 14 seat 5 role raid fs 0 body 1 pos 26,25 stuck 1
V527I SEALNT 225 ph 0 fwd 1 hv 10
RC POS 225 id 3 seat 0 role raid fs 0 body 1 pos 25,27 stuck 1
RC POS 225 id 5 seat 1 role expand fs 0 body 1 pos 3,6 stuck 0
RC WALK 225 id 5 role expand pos 3,6 tgt 2,4 want NORTH
RC POS 225 id 14 seat 5 role raid fs 0 body 1 pos 26,25 stuck 1
V527I SEALNT 226 ph 0 fwd 1 hv 10
RC POS 226 id 3 seat 0 role raid fs 0 body 1 pos 25,27 stuck 1
RC POS 226 id 5 seat 1 role expand fs 0 body 1 pos 3,5 stuck 0
RC WALK 226 id 5 role expand pos 3,5 tgt 2,4 want WEST
RC POS 226 id 14 seat 5 role raid fs 0 body 1 pos 26,25 stuck 1
V527I SEALNT 227 ph 0 fwd 1 hv 10
RC POS 227 id 3 seat 0 role raid fs 0 body 1 pos 25,27 stuck 1
RC POS 227 id 5 seat 1 role expand fs 0 body 1 pos 3,6 stuck 0
RC WALK 227 id 5 role expand pos 3,6 tgt 2,4 want NORTH
RC POS 227 id 14 seat 5 role raid fs 0 body 1 pos 26,25 stuck 1
V527I SEALNT 228 ph 0 fwd 1 hv 10
RC POS 228 id 3 seat 0 role raid fs 0 body 1 pos 25,27 stuck 1
RC POS 228 id 5 seat 1 role expand fs 0 body 1 pos 3,5 stuck 0
RC WALK 228 id 5 role expand pos 3,5 tgt 2,4 want WEST
RC POS 228 id 14 seat 5 role raid fs 0 body 1 pos 26,25 stuck 1
V527I SEALNT 229 ph 0 fwd 1 hv 10
RC POS 229 id 3 seat 0 role raid fs 0 body 1 pos 25,27 stuck 1
RC POS 229 id 5 seat 1 role expand fs 0 body 1 pos 3,6 stuck 0
RC WALK 229 id 5 role expand pos 3,6 tgt 2,4 want NORTH
RC POS 229 id 14 seat 5 role raid fs 0 body 1 pos 26,25 stuck 1
V527I SEALNT 230 ph 0 fwd 1 hv 10
RC POS 230 id 3 seat 0 role raid fs 0 body 1 pos 25,27 stuck 1
RC POS 230 id 5 seat 1 role expand fs 0 body 1 pos 3,5 stuck 0
RC WALK 230 id 5 role expand pos 3,5 tgt 2,4 want WEST
RC POS 230 id 14 seat 5 role raid fs 0 body 1 pos 26,25 stuck 1
V527I SEALNT 231 ph 0 fwd 1 hv 10
RC POS 231 id 3 seat 0 role raid fs 0 body 1 pos 25,27 stuck 1
RC POS 231 id 5 seat 1 role expand fs 0 body 1 pos 3,6 stuck 0
RC WALK 231 id 5 role expand pos 3,6 tgt 2,4 want NORTH
RC POS 231 id 14 seat 5 role raid fs 0 body 1 pos 26,25 stuck 1
V527I SEALNT 232 ph 0 fwd 1 hv 10
RC POS 232 id 3 seat 0 role raid fs 0 body 1 pos 25,27 stuck 1
RC POS 232 id 5 seat 1 role expand fs 0 body 1 pos 3,5 stuck 0
RC WALK 232 id 5 role expand pos 3,5 tgt 2,4 want WEST
RC POS 232 id 14 seat 5 role raid fs 0 body 1 pos 26,25 stuck 1
V527I SEALNT 233 ph 0 fwd 1 hv 10
RC POS 233 id 3 seat 0 role raid fs 0 body 1 pos 25,27 stuck 1
RC POS 233 id 5 seat 1 role expand fs 0 body 1 pos 3,6 stuck 0
RC WALK 233 id 5 role expand pos 3,6 tgt 2,4 want NORTH
RC POS 233 id 14 seat 5 role raid fs 0 body 1 pos 26,25 stuck 1
V527I SEALNT 234 ph 0 fwd 1 hv 10
RC POS 234 id 3 seat 0 role raid fs 0 body 1 pos 25,27 stuck 1
RC POS 234 id 5 seat 1 role expand fs 0 body 1 pos 3,5 stuck 0
RC WALK 234 id 5 role expand pos 3,5 tgt 2,4 want WEST
RC POS 234 id 14 seat 5 role raid fs 0 body 1 pos 26,25 stuck 2
V527I SEALNT 235 ph 0 fwd 1 hv 10
RC POS 235 id 3 seat 0 role raid fs 0 body 1 pos 25,27 stuck 1
RC POS 235 id 5 seat 1 role expand fs 0 body 1 pos 3,6 stuck 0
RC WALK 235 id 5 role expand pos 3,6 tgt 2,4 want NORTH
RC POS 235 id 14 seat 5 role raid fs 0 body 1 pos 26,25 stuck 3
V527I SEALNT 236 ph 0 fwd 1 hv 10
RC POS 236 id 3 seat 0 role raid fs 0 body 1 pos 25,27 stuck 1
RC POS 236 id 5 seat 1 role expand fs 0 body 1 pos 3,5 stuck 0
RC WALK 236 id 5 role expand pos 3,5 tgt 2,4 want WEST
RC POS 236 id 14 seat 5 role raid fs 0 body 1 pos 26,25 stuck 4
V527I SEALNT 237 ph 0 fwd 1 hv 10
RC POS 237 id 3 seat 0 role raid fs 0 body 1 pos 25,27 stuck 1
RC POS 237 id 5 seat 1 role expand fs 0 body 1 pos 3,6 stuck 0
RC WALK 237 id 5 role expand pos 3,6 tgt 2,4 want NORTH
RC POS 237 id 14 seat 5 role raid fs 0 body 1 pos 26,25 stuck 5
V527I SEALNT 238 ph 0 fwd 1 hv 10
RC POS 238 id 3 seat 0 role raid fs 0 body 1 pos 25,27 stuck 1
RC POS 238 id 5 seat 1 role expand fs 0 body 1 pos 3,5 stuck 0
RC WALK 238 id 5 role expand pos 3,5 tgt 2,4 want WEST
RC POS 238 id 14 seat 5 role raid fs 0 body 1 pos 26,25 stuck 6
V527I SEALNT 239 ph 0 fwd 1 hv 10
RC POS 239 id 3 seat 0 role raid fs 0 body 1 pos 25,27 stuck 1
RC POS 239 id 5 seat 1 role expand fs 0 body 1 pos 3,6 stuck 0
RC WALK 239 id 5 role expand pos 3,6 tgt 2,4 want NORTH
RC POS 239 id 14 seat 5 role raid fs 0 body 1 pos 26,25 stuck 7
V527I SEALNT 240 ph 0 fwd 1 hv 10
RC POS 240 id 3 seat 0 role raid fs 0 body 1 pos 25,27 stuck 1
RC POS 240 id 5 seat 1 role expand fs 0 body 1 pos 3,5 stuck 0
RC WALK 240 id 5 role expand pos 3,5 tgt 2,4 want WEST
RC POS 240 id 14 seat 5 role raid fs 0 body 1 pos 26,25 stuck 8
V527I SEALNT 241 ph 0 fwd 1 hv 10
RC POS 241 id 3 seat 0 role raid fs 0 body 1 pos 25,27 stuck 1
RC POS 241 id 5 seat 1 role expand fs 0 body 1 pos 3,6 stuck 0
RC WALK 241 id 5 role expand pos 3,6 tgt 2,4 want NORTH
RC POS 241 id 14 seat 5 role raid fs 0 body 1 pos 26,25 stuck 9
V527I SEALNT 242 ph 0 fwd 1 hv 10
RC POS 242 id 3 seat 0 role raid fs 0 body 1 pos 25,27 stuck 1
RC POS 242 id 5 seat 1 role expand fs 0 body 1 pos 3,5 stuck 0
RC WALK 242 id 5 role expand pos 3,5 tgt 2,4 want WEST
RC POS 242 id 14 seat 5 role raid fs 0 body 1 pos 26,25 stuck 10
V527I SEALNT 243 ph 0 fwd 1 hv 10
RC POS 243 id 3 seat 0 role raid fs 0 body 1 pos 25,27 stuck 1
RC POS 243 id 5 seat 1 role expand fs 0 body 1 pos 3,6 stuck 0
RC WALK 243 id 5 role expand pos 3,6 tgt 2,4 want NORTH
RC POS 243 id 14 seat 5 role raid fs 0 body 1 pos 26,25 stuck 11
V527I SEALNT 244 ph 0 fwd 1 hv 10
RC POS 244 id 3 seat 0 role raid fs 0 body 1 pos 25,27 stuck 1
RC POS 244 id 5 seat 1 role expand fs 0 body 1 pos 3,5 stuck 0
RC WALK 244 id 5 role expand pos 3,5 tgt 2,4 want WEST
RC POS 244 id 14 seat 5 role raid fs 0 body 1 pos 26,25 stuck 12
V527I SEALNT 245 ph 0 fwd 1 hv 10
RC POS 245 id 3 seat 0 role raid fs 0 body 1 pos 25,27 stuck 1
RC POS 245 id 5 seat 1 role expand fs 0 body 1 pos 3,6 stuck 0
RC WALK 245 id 5 role expand pos 3,6 tgt 2,4 want NORTH
RC POS 245 id 14 seat 5 role raid fs 0 body 1 pos 26,25 stuck 13
V527I SEALNT 246 ph 0 fwd 1 hv 10
RC POS 246 id 3 seat 0 role raid fs 0 body 1 pos 25,27 stuck 1
RC POS 246 id 5 seat 1 role expand fs 0 body 1 pos 3,5 stuck 0
RC WALK 246 id 5 role expand pos 3,5 tgt 2,4 want WEST
RC POS 246 id 14 seat 5 role raid fs 0 body 1 pos 26,25 stuck 14
V527I SEALNT 247 ph 0 fwd 1 hv 10
RC POS 247 id 3 seat 0 role raid fs 0 body 1 pos 25,27 stuck 1
RC POS 247 id 5 seat 1 role expand fs 0 body 1 pos 3,6 stuck 0
RC WALK 247 id 5 role expand pos 3,6 tgt 2,4 want NORTH
RC POS 247 id 14 seat 5 role raid fs 0 body 1 pos 26,25 stuck 15
V527I SEALNT 248 ph 0 fwd 1 hv 10
RC POS 248 id 3 seat 0 role raid fs 0 body 1 pos 25,27 stuck 1
RC POS 248 id 5 seat 1 role expand fs 0 body 1 pos 3,5 stuck 0
RC WALK 248 id 5 role expand pos 3,5 tgt 2,4 want WEST
RC POS 248 id 14 seat 5 role raid fs 0 body 1 pos 26,25 stuck 16
V527I SEALNT 249 ph 0 fwd 1 hv 10
RC POS 249 id 3 seat 0 role raid fs 0 body 1 pos 25,27 stuck 1
RC POS 249 id 5 seat 1 role expand fs 0 body 1 pos 3,6 stuck 0
RC WALK 249 id 5 role expand pos 3,6 tgt 2,4 want NORTH
RC POS 249 id 14 seat 5 role raid fs 0 body 1 pos 26,25 stuck 17
V527I SEALNT 250 ph 0 fwd 1 hv 10
RC POS 250 id 3 seat 0 role raid fs 0 body 1 pos 25,27 stuck 1
RC POS 250 id 5 seat 1 role expand fs 0 body 1 pos 3,5 stuck 0
RC WALK 250 id 5 role expand pos 3,5 tgt 2,4 want WEST
RC POS 250 id 14 seat 5 role raid fs 0 body 1 pos 26,25 stuck 18
V527I SEALNT 251 ph 0 fwd 1 hv 10
RC POS 251 id 3 seat 0 role raid fs 0 body 1 pos 25,27 stuck 1
RC POS 251 id 5 seat 1 role expand fs 0 body 1 pos 3,6 stuck 0
RC WALK 251 id 5 role expand pos 3,6 tgt 2,4 want NORTH
RC POS 251 id 14 seat 5 role raid fs 0 body 1 pos 26,25 stuck 19
V527I SEALNT 252 ph 0 fwd 1 hv 10
RC POS 252 id 3 seat 0 role raid fs 0 body 1 pos 25,27 stuck 1
RC POS 252 id 5 seat 1 role expand fs 0 body 1 pos 3,5 stuck 0
RC WALK 252 id 5 role expand pos 3,5 tgt 2,4 want WEST
RC POS 252 id 14 seat 5 role raid fs 0 body 1 pos 26,25 stuck 1
V527I SEALNT 253 ph 0 fwd 1 hv 10
RC POS 253 id 3 seat 0 role raid fs 0 body 1 pos 25,27 stuck 1
RC POS 253 id 5 seat 1 role expand fs 0 body 1 pos 3,6 stuck 0
RC WALK 253 id 5 role expand pos 3,6 tgt 2,4 want NORTH
RC POS 253 id 14 seat 5 role raid fs 0 body 1 pos 26,25 stuck 1
V527I SEALNT 254 ph 0 fwd 1 hv 10
RC POS 254 id 3 seat 0 role raid fs 0 body 1 pos 25,27 stuck 1
RC POS 254 id 5 seat 1 role expand fs 0 body 1 pos 3,5 stuck 0
RC WALK 254 id 5 role expand pos 3,5 tgt 2,4 want WEST
RC POS 254 id 14 seat 5 role raid fs 0 body 1 pos 26,25 stuck 1
V527I SEALNT 255 ph 0 fwd 1 hv 10
RC POS 255 id 3 seat 0 role raid fs 0 body 1 pos 25,27 stuck 1
RC POS 255 id 5 seat 1 role expand fs 0 body 1 pos 3,6 stuck 0
RC WALK 255 id 5 role expand pos 3,6 tgt 2,4 want NORTH
RC POS 255 id 14 seat 5 role raid fs 0 body 1 pos 26,25 stuck 1
V527I SEALNT 256 ph 0 fwd 1 hv 10
RC POS 256 id 3 seat 0 role raid fs 0 body 1 pos 25,27 stuck 1
RC POS 256 id 5 seat 1 role expand fs 0 body 1 pos 3,5 stuck 0
RC WALK 256 id 5 role expand pos 3,5 tgt 2,4 want WEST
RC POS 256 id 14 seat 5 role raid fs 0 body 1 pos 26,25 stuck 1
V527I SEALNT 257 ph 0 fwd 1 hv 10
RC POS 257 id 3 seat 0 role raid fs 0 body 1 pos 25,27 stuck 1
RC POS 257 id 5 seat 1 role expand fs 0 body 1 pos 3,6 stuck 0
RC WALK 257 id 5 role expand pos 3,6 tgt 2,4 want NORTH
RC POS 257 id 14 seat 5 role raid fs 0 body 1 pos 26,25 stuck 2
V527I SEALNT 258 ph 0 fwd 1 hv 10
RC POS 258 id 3 seat 0 role raid fs 0 body 1 pos 25,27 stuck 1
RC POS 258 id 5 seat 1 role expand fs 0 body 1 pos 3,5 stuck 0
RC WALK 258 id 5 role expand pos 3,5 tgt 2,4 want WEST
RC POS 258 id 14 seat 5 role raid fs 0 body 1 pos 26,25 stuck 3
V527I SEALNT 259 ph 0 fwd 1 hv 10
RC POS 259 id 3 seat 0 role raid fs 0 body 1 pos 25,27 stuck 1
RC POS 259 id 5 seat 1 role expand fs 0 body 1 pos 3,6 stuck 0
RC WALK 259 id 5 role expand pos 3,6 tgt 2,4 want NORTH
RC POS 259 id 14 seat 5 role raid fs 0 body 1 pos 26,25 stuck 4
V527I SEALNT 260 ph 0 fwd 1 hv 10
RC POS 260 id 3 seat 0 role raid fs 0 body 1 pos 25,27 stuck 1
RC POS 260 id 5 seat 1 role expand fs 0 body 1 pos 3,5 stuck 0
RC WALK 260 id 5 role expand pos 3,5 tgt 2,4 want WEST
RC POS 260 id 14 seat 5 role raid fs 0 body 1 pos 26,25 stuck 5
V527I SEALNT 261 ph 0 fwd 1 hv 10
RC POS 261 id 3 seat 0 role raid fs 0 body 1 pos 25,27 stuck 1
RC POS 261 id 5 seat 1 role expand fs 0 body 1 pos 3,6 stuck 0
RC WALK 261 id 5 role expand pos 3,6 tgt 2,4 want NORTH
RC POS 261 id 14 seat 5 role raid fs 0 body 1 pos 26,25 stuck 6
V527I SEALNT 262 ph 0 fwd 1 hv 10
RC POS 262 id 3 seat 0 role raid fs 0 body 1 pos 25,27 stuck 1
RC POS 262 id 5 seat 1 role expand fs 0 body 1 pos 3,5 stuck 0
RC WALK 262 id 5 role expand pos 3,5 tgt 2,4 want WEST
RC POS 262 id 14 seat 5 role raid fs 0 body 1 pos 26,25 stuck 7
V527I SEALNT 263 ph 0 fwd 1 hv 10
RC POS 263 id 3 seat 0 role raid fs 0 body 1 pos 25,27 stuck 1
RC POS 263 id 5 seat 1 role expand fs 0 body 1 pos 3,6 stuck 0
RC WALK 263 id 5 role expand pos 3,6 tgt 2,4 want NORTH
RC POS 263 id 14 seat 5 role raid fs 0 body 1 pos 26,25 stuck 8
V527I SEALNT 264 ph 0 fwd 1 hv 10
RC POS 264 id 3 seat 0 role raid fs 0 body 1 pos 25,27 stuck 1
RC POS 264 id 5 seat 1 role expand fs 0 body 1 pos 3,5 stuck 0
RC WALK 264 id 5 role expand pos 3,5 tgt 2,4 want WEST
RC POS 264 id 14 seat 5 role raid fs 0 body 1 pos 26,25 stuck 9
V527I SEALNT 265 ph 0 fwd 1 hv 10
RC POS 265 id 3 seat 0 role raid fs 0 body 1 pos 25,27 stuck 1
RC POS 265 id 5 seat 1 role expand fs 0 body 1 pos 3,6 stuck 0
RC WALK 265 id 5 role expand pos 3,6 tgt 2,4 want NORTH
RC POS 265 id 14 seat 5 role raid fs 0 body 1 pos 26,25 stuck 10
V527I SEALNT 266 ph 0 fwd 1 hv 10
RC POS 266 id 3 seat 0 role raid fs 0 body 1 pos 25,27 stuck 1
RC POS 266 id 5 seat 1 role expand fs 0 body 1 pos 3,5 stuck 0
RC WALK 266 id 5 role expand pos 3,5 tgt 2,4 want WEST
RC POS 266 id 14 seat 5 role raid fs 0 body 1 pos 26,25 stuck 11
V527I SEALNT 267 ph 0 fwd 1 hv 10
RC POS 267 id 3 seat 0 role raid fs 0 body 1 pos 25,27 stuck 1
RC POS 267 id 5 seat 1 role expand fs 0 body 1 pos 3,6 stuck 0
RC WALK 267 id 5 role expand pos 3,6 tgt 2,4 want NORTH
RC POS 267 id 14 seat 5 role raid fs 0 body 1 pos 26,25 stuck 12
V527I SEALNT 268 ph 0 fwd 1 hv 10
RC POS 268 id 3 seat 0 role raid fs 0 body 1 pos 25,27 stuck 1
RC POS 268 id 5 seat 1 role expand fs 0 body 1 pos 3,5 stuck 0
RC WALK 268 id 5 role expand pos 3,5 tgt 2,4 want WEST
RC POS 268 id 14 seat 5 role raid fs 0 body 1 pos 26,25 stuck 13
V527I SEALNT 269 ph 0 fwd 1 hv 10
RC POS 269 id 3 seat 0 role raid fs 0 body 1 pos 25,27 stuck 1
RC POS 269 id 5 seat 1 role expand fs 0 body 1 pos 3,6 stuck 0
RC WALK 269 id 5 role expand pos 3,6 tgt 2,4 want NORTH
RC POS 269 id 14 seat 5 role raid fs 0 body 1 pos 26,25 stuck 14
V527I SEALNT 270 ph 0 fwd 1 hv 10
RC POS 270 id 3 seat 0 role raid fs 0 body 1 pos 25,27 stuck 1
RC POS 270 id 5 seat 1 role expand fs 0 body 1 pos 3,5 stuck 0
RC WALK 270 id 5 role expand pos 3,5 tgt 2,4 want WEST
RC POS 270 id 14 seat 5 role raid fs 0 body 1 pos 26,25 stuck 15
V527I SEALNT 271 ph 0 fwd 1 hv 10
RC POS 271 id 3 seat 0 role raid fs 0 body 1 pos 25,27 stuck 1
RC POS 271 id 5 seat 1 role expand fs 0 body 1 pos 3,6 stuck 0
RC WALK 271 id 5 role expand pos 3,6 tgt 2,4 want NORTH
RC POS 271 id 14 seat 5 role raid fs 0 body 1 pos 26,25 stuck 16
V527I SEALNT 272 ph 0 fwd 1 hv 10
RC POS 272 id 3 seat 0 role raid fs 0 body 1 pos 25,27 stuck 1
RC POS 272 id 5 seat 1 role expand fs 0 body 1 pos 3,5 stuck 0
RC WALK 272 id 5 role expand pos 3,5 tgt 2,4 want WEST
RC POS 272 id 14 seat 5 role raid fs 0 body 1 pos 26,25 stuck 17
V527I SEALNT 273 ph 0 fwd 1 hv 10
RC POS 273 id 3 seat 0 role raid fs 0 body 1 pos 25,27 stuck 1
RC POS 273 id 5 seat 1 role expand fs 0 body 1 pos 3,6 stuck 0
RC WALK 273 id 5 role expand pos 3,6 tgt 2,4 want NORTH
RC POS 273 id 14 seat 5 role raid fs 0 body 1 pos 26,25 stuck 18
V527I SEALNT 274 ph 0 fwd 1 hv 10
RC POS 274 id 3 seat 0 role raid fs 0 body 1 pos 25,27 stuck 1
RC POS 274 id 5 seat 1 role expand fs 0 body 1 pos 3,5 stuck 0
RC WALK 274 id 5 role expand pos 3,5 tgt 2,4 want WEST
RC POS 274 id 14 seat 5 role raid fs 0 body 1 pos 26,25 stuck 19
V527I SEALNT 275 ph 0 fwd 1 hv 10
RC POS 275 id 3 seat 0 role raid fs 0 body 1 pos 25,27 stuck 1
RC POS 275 id 5 seat 1 role expand fs 0 body 1 pos 3,6 stuck 0
RC WALK 275 id 5 role expand pos 3,6 tgt 2,4 want NORTH
RC POS 275 id 14 seat 5 role raid fs 0 body 1 pos 26,25 stuck 20
V527I SEALNT 276 ph 0 fwd 1 hv 10
RC POS 276 id 3 seat 0 role raid fs 0 body 1 pos 25,27 stuck 1
RC POS 276 id 5 seat 1 role expand fs 0 body 1 pos 3,5 stuck 0
RC WALK 276 id 5 role expand pos 3,5 tgt 2,4 want WEST
RC POS 276 id 14 seat 5 role raid fs 0 body 1 pos 26,25 stuck 21
V527I SEALNT 277 ph 0 fwd 1 hv 10
RC POS 277 id 3 seat 0 role raid fs 0 body 1 pos 25,27 stuck 1
RC POS 277 id 5 seat 1 role expand fs 0 body 1 pos 3,6 stuck 0
RC WALK 277 id 5 role expand pos 3,6 tgt 2,4 want NORTH
RC POS 277 id 14 seat 5 role raid fs 0 body 1 pos 26,25 stuck 1
V527I SEALNT 278 ph 0 fwd 1 hv 10
RC POS 278 id 3 seat 0 role raid fs 0 body 1 pos 25,27 stuck 1
RC POS 278 id 5 seat 1 role expand fs 0 body 1 pos 3,5 stuck 0
RC WALK 278 id 5 role expand pos 3,5 tgt 2,4 want WEST
RC POS 278 id 14 seat 5 role raid fs 0 body 1 pos 26,25 stuck 1
V527I SEALNT 279 ph 0 fwd 1 hv 10
RC POS 279 id 3 seat 0 role raid fs 0 body 1 pos 25,27 stuck 1
RC POS 279 id 5 seat 1 role expand fs 0 body 1 pos 3,6 stuck 0
RC WALK 279 id 5 role expand pos 3,6 tgt 2,4 want NORTH
RC POS 279 id 14 seat 5 role raid fs 0 body 1 pos 26,25 stuck 1
V527I SEALNT 280 ph 0 fwd 1 hv 10
RC POS 280 id 3 seat 0 role raid fs 0 body 1 pos 25,27 stuck 1
RC POS 280 id 5 seat 1 role expand fs 0 body 1 pos 3,5 stuck 0
RC WALK 280 id 5 role expand pos 3,5 tgt 2,4 want WEST
RC POS 280 id 14 seat 5 role raid fs 0 body 1 pos 26,25 stuck 1
V527I SEALNT 281 ph 0 fwd 1 hv 10
RC POS 281 id 3 seat 0 role raid fs 0 body 1 pos 25,27 stuck 1
RC POS 281 id 5 seat 1 role expand fs 0 body 1 pos 3,6 stuck 0
RC WALK 281 id 5 role expand pos 3,6 tgt 2,4 want NORTH
RC POS 281 id 14 seat 5 role raid fs 0 body 1 pos 26,25 stuck 1
V527I SEALNT 282 ph 0 fwd 1 hv 10
RC POS 282 id 3 seat 0 role raid fs 0 body 1 pos 25,27 stuck 1
RC POS 282 id 5 seat 1 role expand fs 0 body 1 pos 3,5 stuck 0
RC WALK 282 id 5 role expand pos 3,5 tgt 2,4 want WEST
RC POS 282 id 14 seat 5 role raid fs 0 body 1 pos 26,25 stuck 1
V527I SEALNT 283 ph 0 fwd 1 hv 10
RC POS 283 id 3 seat 0 role raid fs 0 body 1 pos 25,27 stuck 1
RC POS 283 id 5 seat 1 role expand fs 0 body 1 pos 3,6 stuck 0
RC WALK 283 id 5 role expand pos 3,6 tgt 2,4 want NORTH
RC POS 283 id 14 seat 5 role raid fs 0 body 1 pos 26,25 stuck 2
V527I SEALNT 284 ph 0 fwd 1 hv 10
RC POS 284 id 3 seat 0 role raid fs 0 body 1 pos 25,27 stuck 1
RC POS 284 id 5 seat 1 role expand fs 0 body 1 pos 3,5 stuck 0
RC WALK 284 id 5 role expand pos 3,5 tgt 2,4 want WEST
RC POS 284 id 14 seat 5 role raid fs 0 body 1 pos 26,25 stuck 3
V527I SEALNT 285 ph 0 fwd 1 hv 10
RC POS 285 id 3 seat 0 role raid fs 0 body 1 pos 25,27 stuck 1
RC POS 285 id 5 seat 1 role expand fs 0 body 1 pos 3,6 stuck 0
RC WALK 285 id 5 role expand pos 3,6 tgt 2,4 want NORTH
RC POS 285 id 14 seat 5 role raid fs 0 body 1 pos 26,25 stuck 4
V527I SEALNT 286 ph 0 fwd 1 hv 10
RC POS 286 id 3 seat 0 role raid fs 0 body 1 pos 25,27 stuck 1
RC POS 286 id 5 seat 1 role expand fs 0 body 1 pos 3,5 stuck 0
RC WALK 286 id 5 role expand pos 3,5 tgt 2,4 want WEST
RC POS 286 id 14 seat 5 role raid fs 0 body 1 pos 26,25 stuck 5
V527I SEALNT 287 ph 0 fwd 1 hv 10
RC POS 287 id 3 seat 0 role raid fs 0 body 1 pos 25,27 stuck 1
RC POS 287 id 5 seat 1 role expand fs 0 body 1 pos 3,6 stuck 0
RC WALK 287 id 5 role expand pos 3,6 tgt 2,4 want NORTH
RC POS 287 id 14 seat 5 role raid fs 0 body 1 pos 26,25 stuck 6
V527I SEALNT 288 ph 0 fwd 1 hv 10
RC POS 288 id 3 seat 0 role raid fs 0 body 1 pos 25,27 stuck 1
RC POS 288 id 5 seat 1 role expand fs 0 body 1 pos 3,5 stuck 0
RC WALK 288 id 5 role expand pos 3,5 tgt 2,4 want WEST
RC POS 288 id 14 seat 5 role raid fs 0 body 1 pos 26,25 stuck 7
V527I SEALNT 289 ph 0 fwd 1 hv 10
RC POS 289 id 3 seat 0 role raid fs 0 body 1 pos 25,27 stuck 1
RC POS 289 id 5 seat 1 role expand fs 0 body 1 pos 3,6 stuck 0
RC WALK 289 id 5 role expand pos 3,6 tgt 2,4 want NORTH
RC POS 289 id 14 seat 5 role raid fs 0 body 1 pos 26,25 stuck 8
V527I SEALNT 290 ph 0 fwd 1 hv 10
RC POS 290 id 3 seat 0 role raid fs 0 body 1 pos 25,27 stuck 1
RC POS 290 id 5 seat 1 role expand fs 0 body 1 pos 3,5 stuck 0
RC WALK 290 id 5 role expand pos 3,5 tgt 2,4 want WEST
RC POS 290 id 14 seat 5 role raid fs 0 body 1 pos 26,25 stuck 9
V527I SEALNT 291 ph 0 fwd 1 hv 10
RC POS 291 id 3 seat 0 role raid fs 0 body 1 pos 25,27 stuck 1
RC POS 291 id 5 seat 1 role expand fs 0 body 1 pos 3,6 stuck 0
RC WALK 291 id 5 role expand pos 3,6 tgt 2,4 want NORTH
RC POS 291 id 14 seat 5 role raid fs 0 body 1 pos 26,25 stuck 10
V527I SEALNT 292 ph 0 fwd 1 hv 10
RC POS 292 id 3 seat 0 role raid fs 0 body 1 pos 25,27 stuck 1
RC POS 292 id 5 seat 1 role expand fs 0 body 1 pos 3,5 stuck 0
RC WALK 292 id 5 role expand pos 3,5 tgt 2,4 want WEST
RC POS 292 id 14 seat 5 role raid fs 0 body 1 pos 26,25 stuck 11
V527I SEALNT 293 ph 0 fwd 1 hv 10
RC POS 293 id 3 seat 0 role raid fs 0 body 1 pos 25,27 stuck 1
RC POS 293 id 5 seat 1 role expand fs 0 body 1 pos 3,6 stuck 0
RC WALK 293 id 5 role expand pos 3,6 tgt 2,4 want NORTH
RC POS 293 id 14 seat 5 role raid fs 0 body 1 pos 26,25 stuck 12
V527I SEALNT 294 ph 0 fwd 1 hv 10
RC POS 294 id 3 seat 0 role raid fs 0 body 1 pos 25,27 stuck 1
RC POS 294 id 5 seat 1 role expand fs 0 body 1 pos 3,5 stuck 0
RC WALK 294 id 5 role expand pos 3,5 tgt 2,4 want WEST
RC POS 294 id 14 seat 5 role raid fs 0 body 1 pos 26,25 stuck 13
V527I SEALNT 295 ph 0 fwd 1 hv 10
RC POS 295 id 3 seat 0 role raid fs 0 body 1 pos 25,27 stuck 1
RC POS 295 id 5 seat 1 role expand fs 0 body 1 pos 3,6 stuck 0
RC WALK 295 id 5 role expand pos 3,6 tgt 2,4 want NORTH
RC POS 295 id 14 seat 5 role raid fs 0 body 1 pos 26,25 stuck 14
V527I SEALNT 296 ph 0 fwd 1 hv 10
RC POS 296 id 3 seat 0 role raid fs 0 body 1 pos 25,27 stuck 1
RC POS 296 id 5 seat 1 role expand fs 0 body 1 pos 3,5 stuck 0
RC WALK 296 id 5 role expand pos 3,5 tgt 2,4 want WEST
RC POS 296 id 14 seat 5 role raid fs 0 body 1 pos 26,25 stuck 15
V527I SEALNT 297 ph 0 fwd 1 hv 10
RC POS 297 id 3 seat 0 role raid fs 0 body 1 pos 25,27 stuck 1
RC POS 297 id 5 seat 1 role expand fs 0 body 1 pos 3,6 stuck 0
RC WALK 297 id 5 role expand pos 3,6 tgt 2,4 want NORTH
RC POS 297 id 14 seat 5 role raid fs 0 body 1 pos 26,25 stuck 16
V527I SEALNT 298 ph 0 fwd 1 hv 10
RC POS 298 id 3 seat 0 role raid fs 0 body 1 pos 25,27 stuck 1
RC POS 298 id 5 seat 1 role expand fs 0 body 1 pos 3,5 stuck 0
RC WALK 298 id 5 role expand pos 3,5 tgt 2,4 want WEST
RC POS 298 id 14 seat 5 role raid fs 0 body 1 pos 26,25 stuck 17
V527I SEALNT 299 ph 0 fwd 1 hv 10
RC POS 299 id 3 seat 0 role raid fs 0 body 1 pos 25,27 stuck 1
RC POS 299 id 5 seat 1 role expand fs 0 body 1 pos 3,6 stuck 0
RC WALK 299 id 5 role expand pos 3,6 tgt 2,4 want NORTH
RC POS 299 id 14 seat 5 role raid fs 0 body 1 pos 26,25 stuck 18
V527I SEALNT 300 ph 0 fwd 1 hv 10
RC POS 300 id 3 seat 0 role raid fs 0 body 1 pos 25,27 stuck 1
RC POS 300 id 5 seat 1 role expand fs 0 body 1 pos 3,5 stuck 0
RC WALK 300 id 5 role expand pos 3,5 tgt 2,4 want WEST
RC POS 300 id 14 seat 5 role raid fs 0 body 1 pos 26,25 stuck 19
V527I SEALNT 301 ph 0 fwd 1 hv 10
RC POS 301 id 3 seat 0 role raid fs 0 body 1 pos 25,27 stuck 1
RC POS 301 id 5 seat 1 role expand fs 0 body 1 pos 3,6 stuck 0
RC WALK 301 id 5 role expand pos 3,6 tgt 2,4 want NORTH
RC POS 301 id 14 seat 5 role raid fs 0 body 1 pos 26,25 stuck 20
V527I SEALNT 302 ph 0 fwd 1 hv 10
RC POS 302 id 3 seat 0 role raid fs 0 body 1 pos 25,27 stuck 1
RC POS 302 id 5 seat 1 role expand fs 0 body 1 pos 3,5 stuck 0
RC WALK 302 id 5 role expand pos 3,5 tgt 2,4 want WEST
RC POS 302 id 14 seat 5 role raid fs 0 body 1 pos 26,25 stuck 21
V527I SEALNT 303 ph 0 fwd 1 hv 10
RC POS 303 id 3 seat 0 role raid fs 0 body 1 pos 25,27 stuck 1
RC POS 303 id 5 seat 1 role expand fs 0 body 1 pos 3,6 stuck 0
RC WALK 303 id 5 role expand pos 3,6 tgt 2,4 want NORTH
RC POS 303 id 14 seat 5 role raid fs 0 body 1 pos 26,25 stuck 1
V527I SEALNT 304 ph 0 fwd 1 hv 10
RC POS 304 id 3 seat 0 role raid fs 0 body 1 pos 25,27 stuck 1
RC POS 304 id 5 seat 1 role expand fs 0 body 1 pos 3,5 stuck 0
RC WALK 304 id 5 role expand pos 3,5 tgt 2,4 want WEST
RC POS 304 id 14 seat 5 role raid fs 0 body 1 pos 26,25 stuck 1
V527I SEALNT 305 ph 0 fwd 1 hv 10
RC POS 305 id 3 seat 0 role raid fs 0 body 1 pos 25,27 stuck 1
RC POS 305 id 5 seat 1 role expand fs 0 body 1 pos 3,6 stuck 0
RC WALK 305 id 5 role expand pos 3,6 tgt 2,4 want NORTH
RC POS 305 id 14 seat 5 role raid fs 0 body 1 pos 26,25 stuck 1
V527I SEALNT 306 ph 0 fwd 1 hv 10
RC POS 306 id 3 seat 0 role raid fs 0 body 1 pos 25,27 stuck 1
RC POS 306 id 5 seat 1 role expand fs 0 body 1 pos 3,5 stuck 0
RC WALK 306 id 5 role expand pos 3,5 tgt 2,4 want WEST
RC POS 306 id 14 seat 5 role raid fs 0 body 1 pos 26,25 stuck 1
V527I SEALNT 307 ph 0 fwd 1 hv 10
RC POS 307 id 3 seat 0 role raid fs 0 body 1 pos 25,27 stuck 1
RC POS 307 id 5 seat 1 role expand fs 0 body 1 pos 3,6 stuck 0
RC WALK 307 id 5 role expand pos 3,6 tgt 2,4 want NORTH
RC POS 307 id 14 seat 5 role raid fs 0 body 1 pos 26,25 stuck 1
V527I SEALNT 308 ph 0 fwd 1 hv 10
RC POS 308 id 3 seat 0 role raid fs 0 body 1 pos 25,27 stuck 1
RC POS 308 id 5 seat 1 role expand fs 0 body 1 pos 3,5 stuck 0
RC WALK 308 id 5 role expand pos 3,5 tgt 2,4 want WEST
RC POS 308 id 14 seat 5 role raid fs 0 body 1 pos 26,25 stuck 1
V527I SEALNT 309 ph 0 fwd 1 hv 10
RC POS 309 id 3 seat 0 role raid fs 0 body 1 pos 25,27 stuck 1
RC POS 309 id 5 seat 1 role expand fs 0 body 1 pos 3,6 stuck 0
RC WALK 309 id 5 role expand pos 3,6 tgt 2,4 want NORTH
RC POS 309 id 14 seat 5 role raid fs 0 body 1 pos 26,25 stuck 2
RC SEAT 309 id 290 seat 6
RC POS 309 id 290 seat 6 role raid fs 0 body 1 pos 1,1 stuck 0
RC WALK 309 id 290 role raid pos 1,1 tgt 28,28 want NORTH
V527I SEALNT 310 ph 0 fwd 1 hv 10
RC POS 310 id 3 seat 0 role raid fs 0 body 1 pos 25,27 stuck 1
RC POS 310 id 5 seat 1 role expand fs 0 body 1 pos 3,5 stuck 0
RC WALK 310 id 5 role expand pos 3,5 tgt 2,4 want WEST
RC POS 310 id 14 seat 5 role raid fs 0 body 1 pos 26,25 stuck 3
RC POS 310 id 290 seat 6 role raid fs 0 body 1 pos 1,0 stuck 0
RC WALK 310 id 290 role raid pos 1,0 tgt 28,28 want EAST
V527I SEALNT 311 ph 0 fwd 1 hv 10
RC POS 311 id 3 seat 0 role raid fs 0 body 1 pos 25,27 stuck 1
RC POS 311 id 5 seat 1 role expand fs 0 body 1 pos 3,6 stuck 0
RC WALK 311 id 5 role expand pos 3,6 tgt 2,4 want NORTH
RC POS 311 id 14 seat 5 role raid fs 0 body 1 pos 26,25 stuck 4
RC POS 311 id 290 seat 6 role raid fs 0 body 1 pos 2,0 stuck 0
RC WALK 311 id 290 role raid pos 2,0 tgt 28,28 want EAST
V527I SEALNT 312 ph 0 fwd 1 hv 10
RC POS 312 id 3 seat 0 role raid fs 0 body 1 pos 25,27 stuck 1
RC POS 312 id 5 seat 1 role expand fs 0 body 1 pos 3,5 stuck 0
RC WALK 312 id 5 role expand pos 3,5 tgt 2,4 want WEST
RC POS 312 id 14 seat 5 role raid fs 0 body 1 pos 26,25 stuck 5
RC POS 312 id 290 seat 6 role raid fs 0 body 1 pos 3,0 stuck 0
RC WALK 312 id 290 role raid pos 3,0 tgt 28,28 want EAST
V527I SEALNT 313 ph 0 fwd 1 hv 10
RC POS 313 id 3 seat 0 role raid fs 0 body 1 pos 25,27 stuck 1
RC POS 313 id 5 seat 1 role expand fs 0 body 1 pos 3,6 stuck 0
RC WALK 313 id 5 role expand pos 3,6 tgt 2,4 want NORTH
RC POS 313 id 14 seat 5 role raid fs 0 body 1 pos 26,25 stuck 6
RC POS 313 id 290 seat 6 role raid fs 0 body 1 pos 4,0 stuck 0
RC WALK 313 id 290 role raid pos 4,0 tgt 28,28 want EAST
V527I SEALNT 314 ph 0 fwd 1 hv 10
RC POS 314 id 3 seat 0 role raid fs 0 body 1 pos 25,27 stuck 1
RC POS 314 id 5 seat 1 role expand fs 0 body 1 pos 3,5 stuck 0
RC WALK 314 id 5 role expand pos 3,5 tgt 2,4 want WEST
RC POS 314 id 14 seat 5 role raid fs 0 body 1 pos 26,25 stuck 7
RC POS 314 id 290 seat 6 role raid fs 0 body 1 pos 5,0 stuck 0
RC WALK 314 id 290 role raid pos 5,0 tgt 28,28 want EAST
V527I SEALNT 315 ph 0 fwd 1 hv 10
RC POS 315 id 3 seat 0 role raid fs 0 body 1 pos 25,27 stuck 1
RC POS 315 id 5 seat 1 role expand fs 0 body 1 pos 3,6 stuck 0
RC WALK 315 id 5 role expand pos 3,6 tgt 2,4 want NORTH
RC POS 315 id 14 seat 5 role raid fs 0 body 1 pos 26,25 stuck 8
RC POS 315 id 290 seat 6 role raid fs 0 body 1 pos 6,0 stuck 0
RC WALK 315 id 290 role raid pos 6,0 tgt 28,28 want SOUTH
V527I SEALNT 316 ph 0 fwd 1 hv 10
RC POS 316 id 3 seat 0 role raid fs 0 body 1 pos 25,27 stuck 1
RC POS 316 id 5 seat 1 role expand fs 0 body 1 pos 3,5 stuck 0
RC WALK 316 id 5 role expand pos 3,5 tgt 2,4 want WEST
RC POS 316 id 14 seat 5 role raid fs 0 body 1 pos 26,25 stuck 9
RC POS 316 id 290 seat 6 role raid fs 0 body 1 pos 6,1 stuck 0
RC WALK 316 id 290 role raid pos 6,1 tgt 28,28 want SOUTH
V527I SEALNT 317 ph 0 fwd 1 hv 10
RC POS 317 id 3 seat 0 role raid fs 0 body 1 pos 25,27 stuck 1
RC POS 317 id 5 seat 1 role expand fs 0 body 1 pos 3,6 stuck 0
RC WALK 317 id 5 role expand pos 3,6 tgt 2,4 want NORTH
RC POS 317 id 14 seat 5 role raid fs 0 body 1 pos 26,25 stuck 10
RC POS 317 id 290 seat 6 role raid fs 0 body 1 pos 6,2 stuck 0
RC WALK 317 id 290 role raid pos 6,2 tgt 28,28 want SOUTH
V527I SEALNT 318 ph 0 fwd 1 hv 10
RC POS 318 id 3 seat 0 role raid fs 0 body 1 pos 25,27 stuck 1
RC POS 318 id 5 seat 1 role expand fs 0 body 1 pos 3,5 stuck 0
RC WALK 318 id 5 role expand pos 3,5 tgt 2,4 want WEST
RC POS 318 id 14 seat 5 role raid fs 0 body 1 pos 26,25 stuck 11
RC POS 318 id 290 seat 6 role raid fs 0 body 1 pos 6,3 stuck 0
RC WALK 318 id 290 role raid pos 6,3 tgt 28,28 want SOUTH
V527I SEALNT 319 ph 0 fwd 1 hv 10
RC POS 319 id 3 seat 0 role raid fs 0 body 1 pos 25,27 stuck 1
RC POS 319 id 5 seat 1 role expand fs 0 body 1 pos 3,6 stuck 0
RC WALK 319 id 5 role expand pos 3,6 tgt 2,4 want NORTH
RC POS 319 id 14 seat 5 role raid fs 0 body 1 pos 26,25 stuck 12
RC POS 319 id 290 seat 6 role raid fs 0 body 1 pos 6,4 stuck 0
RC WALK 319 id 290 role raid pos 6,4 tgt 28,28 want SOUTH
V527I SEALNT 320 ph 0 fwd 1 hv 10
RC POS 320 id 3 seat 0 role raid fs 0 body 1 pos 25,27 stuck 1
RC POS 320 id 5 seat 1 role expand fs 0 body 1 pos 3,5 stuck 0
RC WALK 320 id 5 role expand pos 3,5 tgt 2,4 want WEST
RC POS 320 id 14 seat 5 role raid fs 0 body 1 pos 26,25 stuck 13
RC POS 320 id 290 seat 6 role raid fs 0 body 1 pos 6,5 stuck 0
RC WALK 320 id 290 role raid pos 6,5 tgt 28,28 want SOUTH
V527I SEALNT 321 ph 0 fwd 1 hv 10
RC POS 321 id 3 seat 0 role raid fs 0 body 1 pos 25,27 stuck 1
RC POS 321 id 5 seat 1 role expand fs 0 body 1 pos 3,6 stuck 0
RC WALK 321 id 5 role expand pos 3,6 tgt 2,4 want NORTH
RC POS 321 id 14 seat 5 role raid fs 0 body 1 pos 26,25 stuck 14
RC POS 321 id 290 seat 6 role raid fs 0 body 1 pos 6,6 stuck 0
RC WALK 321 id 290 role raid pos 6,6 tgt 28,28 want EAST
V527I SEALNT 322 ph 0 fwd 1 hv 10
RC POS 322 id 3 seat 0 role raid fs 0 body 1 pos 25,27 stuck 1
RC POS 322 id 5 seat 1 role expand fs 0 body 1 pos 3,5 stuck 0
RC WALK 322 id 5 role expand pos 3,5 tgt 2,4 want WEST
RC POS 322 id 14 seat 5 role raid fs 0 body 1 pos 26,25 stuck 15
RC POS 322 id 290 seat 6 role raid fs 0 body 1 pos 7,6 stuck 0
RC WALK 322 id 290 role raid pos 7,6 tgt 28,28 want EAST
V527I SEALNT 323 ph 0 fwd 1 hv 10
RC POS 323 id 3 seat 0 role raid fs 0 body 1 pos 25,27 stuck 1
RC POS 323 id 5 seat 1 role expand fs 0 body 1 pos 3,6 stuck 0
RC WALK 323 id 5 role expand pos 3,6 tgt 2,4 want NORTH
RC POS 323 id 14 seat 5 role raid fs 0 body 1 pos 26,25 stuck 16
RC POS 323 id 290 seat 6 role raid fs 0 body 1 pos 8,6 stuck 0
RC WALK 323 id 290 role raid pos 8,6 tgt 28,28 want SOUTH
V527I SEALNT 324 ph 0 fwd 1 hv 10
RC POS 324 id 3 seat 0 role raid fs 0 body 1 pos 25,27 stuck 1
RC POS 324 id 5 seat 1 role expand fs 0 body 1 pos 3,5 stuck 0
RC WALK 324 id 5 role expand pos 3,5 tgt 2,4 want WEST
RC POS 324 id 14 seat 5 role raid fs 0 body 1 pos 26,25 stuck 17
RC POS 324 id 290 seat 6 role raid fs 0 body 1 pos 8,7 stuck 0
RC WALK 324 id 290 role raid pos 8,7 tgt 28,28 want SOUTH
V527I SEALNT 325 ph 0 fwd 1 hv 10
RC POS 325 id 3 seat 0 role raid fs 0 body 1 pos 25,27 stuck 1
RC POS 325 id 5 seat 1 role expand fs 0 body 1 pos 3,6 stuck 0
RC WALK 325 id 5 role expand pos 3,6 tgt 2,4 want NORTH
RC POS 325 id 14 seat 5 role raid fs 0 body 1 pos 26,25 stuck 18
RC POS 325 id 290 seat 6 role raid fs 0 body 1 pos 8,8 stuck 0
RC WALK 325 id 290 role raid pos 8,8 tgt 28,28 want EAST
V527I SEALNT 326 ph 0 fwd 1 hv 10
RC POS 326 id 3 seat 0 role raid fs 0 body 1 pos 25,27 stuck 1
RC POS 326 id 5 seat 1 role expand fs 0 body 1 pos 3,5 stuck 0
RC WALK 326 id 5 role expand pos 3,5 tgt 2,4 want WEST
RC POS 326 id 14 seat 5 role raid fs 0 body 1 pos 26,25 stuck 19
RC POS 326 id 290 seat 6 role raid fs 0 body 1 pos 9,8 stuck 0
RC WALK 326 id 290 role raid pos 9,8 tgt 28,28 want SOUTH
V527I SEALNT 327 ph 0 fwd 1 hv 10
RC POS 327 id 3 seat 0 role raid fs 0 body 1 pos 25,27 stuck 1
RC POS 327 id 5 seat 1 role expand fs 0 body 1 pos 3,6 stuck 0
RC WALK 327 id 5 role expand pos 3,6 tgt 2,4 want NORTH
RC POS 327 id 14 seat 5 role raid fs 0 body 1 pos 26,25 stuck 20
RC POS 327 id 290 seat 6 role raid fs 0 body 1 pos 9,9 stuck 0
RC WALK 327 id 290 role raid pos 9,9 tgt 28,28 want EAST
V527I SEALNT 328 ph 0 fwd 1 hv 10
RC POS 328 id 3 seat 0 role raid fs 0 body 1 pos 25,27 stuck 1
RC POS 328 id 5 seat 1 role expand fs 0 body 1 pos 3,5 stuck 0
RC WALK 328 id 5 role expand pos 3,5 tgt 2,4 want WEST
RC POS 328 id 14 seat 5 role raid fs 0 body 1 pos 26,25 stuck 21
RC POS 328 id 290 seat 6 role raid fs 0 body 1 pos 10,9 stuck 0
RC WALK 328 id 290 role raid pos 10,9 tgt 28,28 want EAST
V527I SEALNT 329 ph 0 fwd 1 hv 10
RC POS 329 id 3 seat 0 role raid fs 0 body 1 pos 25,27 stuck 1
RC POS 329 id 5 seat 1 role expand fs 0 body 1 pos 3,6 stuck 0
RC WALK 329 id 5 role expand pos 3,6 tgt 2,4 want NORTH
RC POS 329 id 14 seat 5 role raid fs 0 body 1 pos 26,25 stuck 1
RC POS 329 id 290 seat 6 role raid fs 0 body 1 pos 11,9 stuck 0
RC WALK 329 id 290 role raid pos 11,9 tgt 28,28 want EAST
V527I SEALNT 330 ph 0 fwd 1 hv 10
RC POS 330 id 3 seat 0 role raid fs 0 body 1 pos 25,27 stuck 1
RC POS 330 id 5 seat 1 role expand fs 0 body 1 pos 3,5 stuck 0
RC WALK 330 id 5 role expand pos 3,5 tgt 2,4 want WEST
RC POS 330 id 14 seat 5 role raid fs 0 body 1 pos 26,25 stuck 1
RC POS 330 id 290 seat 6 role raid fs 0 body 1 pos 12,9 stuck 0
RC WALK 330 id 290 role raid pos 12,9 tgt 28,28 want EAST
V527I SEALNT 331 ph 0 fwd 1 hv 10
RC POS 331 id 3 seat 0 role raid fs 0 body 1 pos 25,27 stuck 1
RC POS 331 id 5 seat 1 role expand fs 0 body 1 pos 3,6 stuck 0
RC WALK 331 id 5 role expand pos 3,6 tgt 2,4 want NORTH
RC POS 331 id 14 seat 5 role raid fs 0 body 1 pos 26,25 stuck 1
RC POS 331 id 290 seat 6 role raid fs 0 body 1 pos 13,9 stuck 0
RC WALK 331 id 290 role raid pos 13,9 tgt 28,28 want EAST
V527I SEALNT 332 ph 0 fwd 1 hv 10
RC POS 332 id 3 seat 0 role raid fs 0 body 1 pos 25,27 stuck 1
RC POS 332 id 5 seat 1 role expand fs 0 body 1 pos 3,5 stuck 0
RC WALK 332 id 5 role expand pos 3,5 tgt 2,4 want WEST
RC POS 332 id 14 seat 5 role raid fs 0 body 1 pos 26,25 stuck 1
RC POS 332 id 290 seat 6 role raid fs 0 body 1 pos 14,9 stuck 0
RC WALK 332 id 290 role raid pos 14,9 tgt 28,28 want SOUTH
V527I SEALNT 333 ph 0 fwd 1 hv 10
RC POS 333 id 3 seat 0 role raid fs 0 body 1 pos 25,27 stuck 1
RC POS 333 id 5 seat 1 role expand fs 0 body 1 pos 3,6 stuck 0
RC WALK 333 id 5 role expand pos 3,6 tgt 2,4 want NORTH
RC POS 333 id 14 seat 5 role raid fs 0 body 1 pos 26,25 stuck 1
RC POS 333 id 290 seat 6 role raid fs 0 body 1 pos 14,10 stuck 0
RC WALK 333 id 290 role raid pos 14,10 tgt 28,28 want SOUTH
V527I SEALNT 334 ph 0 fwd 1 hv 10
RC POS 334 id 3 seat 0 role raid fs 0 body 1 pos 25,27 stuck 1
RC POS 334 id 5 seat 1 role expand fs 0 body 1 pos 3,5 stuck 0
RC WALK 334 id 5 role expand pos 3,5 tgt 2,4 want WEST
RC POS 334 id 14 seat 5 role raid fs 0 body 1 pos 26,25 stuck 1
RC POS 334 id 290 seat 6 role raid fs 0 body 1 pos 14,11 stuck 0
RC WALK 334 id 290 role raid pos 14,11 tgt 28,28 want SOUTH
V527I SEALNT 335 ph 0 fwd 1 hv 10
RC POS 335 id 3 seat 0 role raid fs 0 body 1 pos 25,27 stuck 1
RC POS 335 id 5 seat 1 role expand fs 0 body 1 pos 3,6 stuck 0
RC WALK 335 id 5 role expand pos 3,6 tgt 2,4 want NORTH
RC POS 335 id 14 seat 5 role raid fs 0 body 1 pos 26,25 stuck 2
RC POS 335 id 290 seat 6 role raid fs 0 body 1 pos 14,12 stuck 0
RC WALK 335 id 290 role raid pos 14,12 tgt 28,28 want SOUTH
V527I SEALNT 336 ph 0 fwd 1 hv 10
RC POS 336 id 3 seat 0 role raid fs 0 body 1 pos 25,27 stuck 1
RC POS 336 id 5 seat 1 role expand fs 0 body 1 pos 3,5 stuck 0
RC WALK 336 id 5 role expand pos 3,5 tgt 2,4 want WEST
RC POS 336 id 14 seat 5 role raid fs 0 body 1 pos 26,25 stuck 3
RC POS 336 id 290 seat 6 role raid fs 0 body 1 pos 14,13 stuck 0
RC WALK 336 id 290 role raid pos 14,13 tgt 28,28 want SOUTH
V527I SEALNT 337 ph 0 fwd 1 hv 10
RC POS 337 id 3 seat 0 role raid fs 0 body 1 pos 25,27 stuck 1
RC POS 337 id 5 seat 1 role expand fs 0 body 1 pos 3,6 stuck 0
RC WALK 337 id 5 role expand pos 3,6 tgt 2,4 want NORTH
RC POS 337 id 14 seat 5 role raid fs 0 body 1 pos 26,25 stuck 4
RC POS 337 id 290 seat 6 role raid fs 0 body 1 pos 14,14 stuck 0
RC WALK 337 id 290 role raid pos 14,14 tgt 28,28 want EAST
V527I SEALNT 338 ph 0 fwd 1 hv 10
RC POS 338 id 3 seat 0 role raid fs 0 body 1 pos 25,27 stuck 1
RC POS 338 id 5 seat 1 role expand fs 0 body 1 pos 3,5 stuck 0
RC WALK 338 id 5 role expand pos 3,5 tgt 2,4 want WEST
RC POS 338 id 14 seat 5 role raid fs 0 body 1 pos 26,25 stuck 5
RC POS 338 id 290 seat 6 role raid fs 0 body 1 pos 15,14 stuck 0
RC WALK 338 id 290 role raid pos 15,14 tgt 28,28 want EAST
V527I SEALNT 339 ph 0 fwd 1 hv 10
RC POS 339 id 3 seat 0 role raid fs 0 body 1 pos 25,27 stuck 1
RC POS 339 id 5 seat 1 role expand fs 0 body 1 pos 3,6 stuck 0
RC WALK 339 id 5 role expand pos 3,6 tgt 2,4 want NORTH
RC POS 339 id 14 seat 5 role raid fs 0 body 1 pos 26,25 stuck 6
RC POS 339 id 290 seat 6 role raid fs 0 body 1 pos 16,14 stuck 0
RC WALK 339 id 290 role raid pos 16,14 tgt 28,28 want SOUTH
V527I SEALNT 340 ph 0 fwd 1 hv 10
RC POS 340 id 3 seat 0 role raid fs 0 body 1 pos 25,27 stuck 1
RC POS 340 id 5 seat 1 role expand fs 0 body 1 pos 3,5 stuck 0
RC WALK 340 id 5 role expand pos 3,5 tgt 2,4 want WEST
RC POS 340 id 14 seat 5 role raid fs 0 body 1 pos 26,25 stuck 7
RC POS 340 id 290 seat 6 role raid fs 0 body 1 pos 16,15 stuck 0
RC WALK 340 id 290 role raid pos 16,15 tgt 28,28 want EAST
V527I SEALNT 341 ph 0 fwd 1 hv 10
RC POS 341 id 3 seat 0 role raid fs 0 body 1 pos 25,27 stuck 1
RC POS 341 id 5 seat 1 role expand fs 0 body 1 pos 3,6 stuck 0
RC WALK 341 id 5 role expand pos 3,6 tgt 2,4 want NORTH
RC POS 341 id 14 seat 5 role raid fs 0 body 1 pos 26,25 stuck 8
RC POS 341 id 290 seat 6 role raid fs 0 body 1 pos 17,15 stuck 0
RC WALK 341 id 290 role raid pos 17,15 tgt 28,28 want EAST
V527I SEALNT 342 ph 0 fwd 1 hv 10
RC POS 342 id 3 seat 0 role raid fs 0 body 1 pos 25,27 stuck 1
RC POS 342 id 5 seat 1 role expand fs 0 body 1 pos 3,5 stuck 0
RC WALK 342 id 5 role expand pos 3,5 tgt 2,4 want WEST
RC POS 342 id 14 seat 5 role raid fs 0 body 1 pos 26,25 stuck 9
RC POS 342 id 290 seat 6 role raid fs 0 body 1 pos 18,15 stuck 0
RC WALK 342 id 290 role raid pos 18,15 tgt 28,28 want EAST
V527I SEALNT 343 ph 0 fwd 1 hv 10
RC POS 343 id 3 seat 0 role raid fs 0 body 1 pos 25,27 stuck 1
RC POS 343 id 5 seat 1 role expand fs 0 body 1 pos 3,6 stuck 0
RC WALK 343 id 5 role expand pos 3,6 tgt 2,4 want NORTH
RC POS 343 id 14 seat 5 role raid fs 0 body 1 pos 26,25 stuck 10
RC POS 343 id 290 seat 6 role raid fs 0 body 1 pos 19,15 stuck 0
RC WALK 343 id 290 role raid pos 19,15 tgt 28,28 want EAST
V527I SEALNT 344 ph 0 fwd 1 hv 10
RC POS 344 id 3 seat 0 role raid fs 0 body 1 pos 25,27 stuck 1
RC POS 344 id 5 seat 1 role expand fs 0 body 1 pos 3,5 stuck 0
RC WALK 344 id 5 role expand pos 3,5 tgt 2,4 want WEST
RC POS 344 id 14 seat 5 role raid fs 0 body 1 pos 26,25 stuck 11
RC POS 344 id 290 seat 6 role raid fs 0 body 1 pos 20,15 stuck 0
RC WALK 344 id 290 role raid pos 20,15 tgt 28,28 want SOUTH
V527I SEALNT 345 ph 0 fwd 1 hv 10
RC POS 345 id 3 seat 0 role raid fs 0 body 1 pos 25,27 stuck 1
RC POS 345 id 5 seat 1 role expand fs 0 body 1 pos 3,6 stuck 0
RC WALK 345 id 5 role expand pos 3,6 tgt 2,4 want NORTH
RC POS 345 id 14 seat 5 role raid fs 0 body 1 pos 26,25 stuck 12
RC POS 345 id 290 seat 6 role raid fs 0 body 1 pos 20,16 stuck 0
RC WALK 345 id 290 role raid pos 20,16 tgt 28,28 want SOUTH
V527I SEALNT 346 ph 0 fwd 1 hv 10
RC POS 346 id 3 seat 0 role raid fs 0 body 1 pos 25,27 stuck 1
RC POS 346 id 5 seat 1 role expand fs 0 body 1 pos 3,5 stuck 0
RC WALK 346 id 5 role expand pos 3,5 tgt 2,4 want WEST
RC POS 346 id 14 seat 5 role raid fs 0 body 1 pos 26,25 stuck 13
RC POS 346 id 290 seat 6 role raid fs 0 body 1 pos 20,17 stuck 0
RC WALK 346 id 290 role raid pos 20,17 tgt 28,28 want SOUTH
V527I SEALNT 347 ph 0 fwd 1 hv 10
RC POS 347 id 3 seat 0 role raid fs 0 body 1 pos 25,27 stuck 1
RC POS 347 id 5 seat 1 role expand fs 0 body 1 pos 3,6 stuck 0
RC WALK 347 id 5 role expand pos 3,6 tgt 2,4 want NORTH
RC POS 347 id 14 seat 5 role raid fs 0 body 1 pos 26,25 stuck 14
RC POS 347 id 290 seat 6 role raid fs 0 body 1 pos 20,18 stuck 0
RC WALK 347 id 290 role raid pos 20,18 tgt 25,25 want SOUTH
V527I SEALNT 348 ph 0 fwd 1 hv 10
RC POS 348 id 3 seat 0 role raid fs 0 body 1 pos 25,27 stuck 1
RC POS 348 id 5 seat 1 role expand fs 0 body 1 pos 3,5 stuck 0
RC WALK 348 id 5 role expand pos 3,5 tgt 2,4 want WEST
RC POS 348 id 14 seat 5 role raid fs 0 body 1 pos 26,25 stuck 15
RC POS 348 id 290 seat 6 role raid fs 0 body 1 pos 20,19 stuck 0
RC WALK 348 id 290 role raid pos 20,19 tgt 25,25 want SOUTH
V527I SEALNT 349 ph 0 fwd 1 hv 10
RC POS 349 id 3 seat 0 role raid fs 0 body 1 pos 25,27 stuck 1
RC POS 349 id 5 seat 1 role expand fs 0 body 1 pos 3,6 stuck 0
RC WALK 349 id 5 role expand pos 3,6 tgt 2,4 want NORTH
RC POS 349 id 14 seat 5 role raid fs 0 body 1 pos 26,25 stuck 16
RC POS 349 id 290 seat 6 role raid fs 0 body 1 pos 20,20 stuck 0
RC WALK 349 id 290 role raid pos 20,20 tgt 25,25 want SOUTH
V527I SEALNT 350 ph 0 fwd 1 hv 10
RC POS 350 id 3 seat 0 role raid fs 0 body 1 pos 25,27 stuck 1
RC POS 350 id 5 seat 1 role expand fs 0 body 1 pos 3,5 stuck 0
RC WALK 350 id 5 role expand pos 3,5 tgt 2,4 want WEST
RC POS 350 id 14 seat 5 role raid fs 0 body 1 pos 26,25 stuck 17
RC POS 350 id 290 seat 6 role raid fs 0 body 1 pos 20,21 stuck 0
RC WALK 350 id 290 role raid pos 20,21 tgt 25,25 want EAST
V527I SEALNT 351 ph 0 fwd 1 hv 10
RC POS 351 id 3 seat 0 role raid fs 0 body 1 pos 25,27 stuck 1
RC POS 351 id 5 seat 1 role expand fs 0 body 1 pos 3,6 stuck 0
RC WALK 351 id 5 role expand pos 3,6 tgt 2,4 want NORTH
RC POS 351 id 14 seat 5 role raid fs 0 body 1 pos 26,25 stuck 18
RC POS 351 id 290 seat 6 role raid fs 0 body 1 pos 21,21 stuck 0
RC WALK 351 id 290 role raid pos 21,21 tgt 25,25 want SOUTH
V527I SEALNT 352 ph 0 fwd 1 hv 10
RC POS 352 id 3 seat 0 role raid fs 0 body 1 pos 25,27 stuck 1
RC POS 352 id 5 seat 1 role expand fs 0 body 1 pos 3,5 stuck 0
RC WALK 352 id 5 role expand pos 3,5 tgt 2,4 want WEST
RC POS 352 id 14 seat 5 role raid fs 0 body 1 pos 26,25 stuck 19
RC POS 352 id 290 seat 6 role raid fs 0 body 1 pos 21,22 stuck 0
V527I SEALNT 353 ph 0 fwd 1 hv 10
RC POS 353 id 3 seat 0 role raid fs 0 body 1 pos 25,27 stuck 1
RC POS 353 id 5 seat 1 role expand fs 0 body 1 pos 3,6 stuck 0
RC WALK 353 id 5 role expand pos 3,6 tgt 2,4 want NORTH
RC POS 353 id 14 seat 5 role raid fs 0 body 1 pos 26,25 stuck 20
RC POS 353 id 290 seat 6 role raid fs 0 body 1 pos 21,22 stuck 1
RC WALK 353 id 290 role raid pos 21,22 tgt 25,25 want SOUTH
V527I SEALNT 354 ph 0 fwd 1 hv 10
RC POS 354 id 3 seat 0 role raid fs 0 body 1 pos 25,27 stuck 1
RC POS 354 id 5 seat 1 role expand fs 0 body 1 pos 3,5 stuck 0
RC WALK 354 id 5 role expand pos 3,5 tgt 2,4 want WEST
RC POS 354 id 14 seat 5 role raid fs 0 body 1 pos 26,25 stuck 21
RC POS 354 id 290 seat 6 role raid fs 0 body 1 pos 21,23 stuck 0
RC WALK 354 id 290 role raid pos 21,23 tgt 25,25 want EAST
V527I SEALNT 355 ph 0 fwd 1 hv 10
RC POS 355 id 3 seat 0 role raid fs 0 body 1 pos 25,27 stuck 1
RC POS 355 id 5 seat 1 role expand fs 0 body 1 pos 3,6 stuck 0
RC WALK 355 id 5 role expand pos 3,6 tgt 2,4 want NORTH
RC POS 355 id 14 seat 5 role raid fs 0 body 1 pos 26,25 stuck 1
RC POS 355 id 290 seat 6 role raid fs 0 body 1 pos 22,23 stuck 0
RC WALK 355 id 290 role raid pos 22,23 tgt 25,25 want EAST
V527I SEALNT 356 ph 0 fwd 1 hv 10
RC POS 356 id 3 seat 0 role raid fs 0 body 1 pos 25,27 stuck 1
RC POS 356 id 5 seat 1 role expand fs 0 body 1 pos 3,5 stuck 0
RC WALK 356 id 5 role expand pos 3,5 tgt 2,4 want WEST
RC POS 356 id 14 seat 5 role raid fs 0 body 1 pos 26,25 stuck 1
RC POS 356 id 290 seat 6 role raid fs 0 body 1 pos 23,23 stuck 0
RC WALK 356 id 290 role raid pos 23,23 tgt 25,25 want EAST
V527I SEALNT 357 ph 0 fwd 1 hv 10
RC POS 357 id 3 seat 0 role raid fs 0 body 1 pos 25,27 stuck 1
RC POS 357 id 5 seat 1 role expand fs 0 body 1 pos 3,6 stuck 0
RC WALK 357 id 5 role expand pos 3,6 tgt 2,4 want NORTH
RC POS 357 id 14 seat 5 role raid fs 0 body 1 pos 26,25 stuck 1
RC POS 357 id 290 seat 6 role raid fs 0 body 1 pos 24,23 stuck 0
RC WALK 357 id 290 role raid pos 24,23 tgt 25,25 want SOUTH
V527I SEALNT 358 ph 0 fwd 1 hv 10
RC POS 358 id 3 seat 0 role raid fs 0 body 1 pos 25,27 stuck 1
RC POS 358 id 5 seat 1 role expand fs 0 body 1 pos 3,5 stuck 0
RC WALK 358 id 5 role expand pos 3,5 tgt 2,4 want WEST
RC POS 358 id 14 seat 5 role raid fs 0 body 1 pos 26,25 stuck 1
RC POS 358 id 290 seat 6 role raid fs 0 body 1 pos 24,24 stuck 0
RC WALK 358 id 290 role raid pos 24,24 tgt 25,25 want SOUTH
V527I SEALNT 359 ph 0 fwd 1 hv 10
RC POS 359 id 3 seat 0 role raid fs 0 body 1 pos 25,27 stuck 1
RC POS 359 id 5 seat 1 role expand fs 0 body 1 pos 3,6 stuck 0
RC WALK 359 id 5 role expand pos 3,6 tgt 2,4 want NORTH
RC POS 359 id 14 seat 5 role raid fs 0 body 1 pos 26,25 stuck 1
RC POS 359 id 290 seat 6 role raid fs 0 body 1 pos 24,25 stuck 0
RC WALK 359 id 290 role raid pos 24,25 tgt 28,28 want SOUTH
V527I SEALNT 360 ph 0 fwd 1 hv 10
RC POS 360 id 3 seat 0 role raid fs 0 body 1 pos 25,27 stuck 1
RC POS 360 id 5 seat 1 role expand fs 0 body 1 pos 3,5 stuck 0
RC WALK 360 id 5 role expand pos 3,5 tgt 2,4 want WEST
RC POS 360 id 14 seat 5 role raid fs 0 body 1 pos 26,25 stuck 1
RC POS 360 id 290 seat 6 role raid fs 0 body 1 pos 24,26 stuck 0
RC WALK 360 id 290 role raid pos 24,26 tgt 28,28 want WEST
V527I SEALNT 361 ph 0 fwd 1 hv 10
RC POS 361 id 3 seat 0 role raid fs 0 body 1 pos 25,27 stuck 1
RC POS 361 id 5 seat 1 role expand fs 0 body 1 pos 3,6 stuck 0
RC WALK 361 id 5 role expand pos 3,6 tgt 2,4 want NORTH
RC POS 361 id 14 seat 5 role raid fs 0 body 1 pos 26,25 stuck 2
RC POS 361 id 290 seat 6 role raid fs 0 body 1 pos 23,26 stuck 0
RC WALK 361 id 290 role raid pos 23,26 tgt 28,28 want WEST
V527I SEALNT 362 ph 0 fwd 1 hv 10
RC POS 362 id 3 seat 0 role raid fs 0 body 1 pos 25,27 stuck 1
RC POS 362 id 5 seat 1 role expand fs 0 body 1 pos 3,5 stuck 0
RC WALK 362 id 5 role expand pos 3,5 tgt 2,4 want WEST
RC POS 362 id 14 seat 5 role raid fs 0 body 1 pos 26,25 stuck 3
RC POS 362 id 290 seat 6 role raid fs 0 body 1 pos 22,26 stuck 0
RC WALK 362 id 290 role raid pos 22,26 tgt 28,28 want SOUTH
V527I SEALNT 363 ph 0 fwd 1 hv 10
RC POS 363 id 3 seat 0 role raid fs 0 body 1 pos 25,27 stuck 1
RC POS 363 id 5 seat 1 role expand fs 0 body 1 pos 3,6 stuck 0
RC WALK 363 id 5 role expand pos 3,6 tgt 2,4 want NORTH
RC POS 363 id 14 seat 5 role raid fs 0 body 1 pos 26,25 stuck 4
RC POS 363 id 290 seat 6 role raid fs 0 body 1 pos 22,27 stuck 0
RC WALK 363 id 290 role raid pos 22,27 tgt 28,28 want SOUTH
V527I SEALNT 364 ph 0 fwd 1 hv 10
RC POS 364 id 3 seat 0 role raid fs 0 body 1 pos 25,27 stuck 1
RC POS 364 id 5 seat 1 role expand fs 0 body 1 pos 3,5 stuck 0
RC WALK 364 id 5 role expand pos 3,5 tgt 2,4 want WEST
RC POS 364 id 14 seat 5 role raid fs 0 body 1 pos 26,25 stuck 5
RC POS 364 id 290 seat 6 role raid fs 0 body 1 pos 22,28 stuck 0
RC WALK 364 id 290 role raid pos 22,28 tgt 28,28 want EAST
V527I SEALNT 365 ph 0 fwd 1 hv 10
RC POS 365 id 3 seat 0 role raid fs 0 body 1 pos 25,27 stuck 1
RC POS 365 id 5 seat 1 role expand fs 0 body 1 pos 3,6 stuck 0
RC WALK 365 id 5 role expand pos 3,6 tgt 2,4 want NORTH
RC POS 365 id 14 seat 5 role raid fs 0 body 1 pos 26,25 stuck 6
RC POS 365 id 290 seat 6 role raid fs 0 body 1 pos 23,28 stuck 0
RC WALK 365 id 290 role raid pos 23,28 tgt 28,28 want EAST
V527I SEALNT 366 ph 0 fwd 1 hv 10
RC POS 366 id 3 seat 0 role raid fs 0 body 1 pos 25,27 stuck 1
RC POS 366 id 5 seat 1 role expand fs 0 body 1 pos 3,5 stuck 0
RC WALK 366 id 5 role expand pos 3,5 tgt 2,4 want WEST
RC POS 366 id 14 seat 5 role raid fs 0 body 1 pos 26,25 stuck 7
RC POS 366 id 290 seat 6 role raid fs 0 body 1 pos 24,28 stuck 0
RC WALK 366 id 290 role raid pos 24,28 tgt 28,28 want SOUTH
V527I SEALNT 367 ph 0 fwd 1 hv 10
RC POS 367 id 3 seat 0 role raid fs 0 body 1 pos 25,27 stuck 1
RC POS 367 id 5 seat 1 role expand fs 0 body 1 pos 3,6 stuck 0
RC WALK 367 id 5 role expand pos 3,6 tgt 2,4 want NORTH
RC POS 367 id 14 seat 5 role raid fs 0 body 1 pos 26,25 stuck 8
RC POS 367 id 290 seat 6 role raid fs 0 body 1 pos 24,29 stuck 0
RC WALK 367 id 290 role raid pos 24,29 tgt 28,28 want NORTH
V527I SEALNT 368 ph 0 fwd 1 hv 10
RC POS 368 id 3 seat 0 role raid fs 0 body 1 pos 25,27 stuck 1
RC POS 368 id 5 seat 1 role expand fs 0 body 1 pos 3,5 stuck 0
RC WALK 368 id 5 role expand pos 3,5 tgt 2,4 want WEST
RC POS 368 id 14 seat 5 role raid fs 0 body 1 pos 26,25 stuck 9
RC POS 368 id 290 seat 6 role raid fs 0 body 1 pos 24,28 stuck 0
RC WALK 368 id 290 role raid pos 24,28 tgt 28,28 want SOUTH
V527I SEALNT 369 ph 0 fwd 1 hv 10
RC POS 369 id 3 seat 0 role raid fs 0 body 1 pos 25,27 stuck 1
RC POS 369 id 5 seat 1 role expand fs 0 body 1 pos 3,6 stuck 0
RC WALK 369 id 5 role expand pos 3,6 tgt 2,4 want NORTH
RC POS 369 id 14 seat 5 role raid fs 0 body 1 pos 26,25 stuck 10
RC POS 369 id 290 seat 6 role raid fs 0 body 1 pos 24,29 stuck 0
RC WALK 369 id 290 role raid pos 24,29 tgt 28,28 want NORTH
V527I SEALNT 370 ph 0 fwd 1 hv 10
RC POS 370 id 3 seat 0 role raid fs 0 body 1 pos 25,27 stuck 1
RC POS 370 id 5 seat 1 role expand fs 0 body 1 pos 3,5 stuck 0
RC WALK 370 id 5 role expand pos 3,5 tgt 2,4 want WEST
RC POS 370 id 14 seat 5 role raid fs 0 body 1 pos 26,25 stuck 11
RC POS 370 id 290 seat 6 role raid fs 0 body 1 pos 24,28 stuck 0
RC WALK 370 id 290 role raid pos 24,28 tgt 28,28 want SOUTH
V527I SEALNT 371 ph 0 fwd 1 hv 10
RC POS 371 id 3 seat 0 role raid fs 0 body 1 pos 25,27 stuck 1
RC POS 371 id 5 seat 1 role expand fs 0 body 1 pos 3,6 stuck 0
RC WALK 371 id 5 role expand pos 3,6 tgt 2,4 want NORTH
RC POS 371 id 14 seat 5 role raid fs 0 body 1 pos 26,25 stuck 12
RC POS 371 id 290 seat 6 role raid fs 0 body 1 pos 24,29 stuck 0
RC WALK 371 id 290 role raid pos 24,29 tgt 28,25 want NORTH
V527I SEALNT 372 ph 0 fwd 1 hv 10
RC POS 372 id 3 seat 0 role raid fs 0 body 1 pos 25,27 stuck 1
RC POS 372 id 5 seat 1 role expand fs 0 body 1 pos 3,5 stuck 0
RC WALK 372 id 5 role expand pos 3,5 tgt 2,4 want WEST
RC POS 372 id 14 seat 5 role raid fs 0 body 1 pos 26,25 stuck 13
RC POS 372 id 290 seat 6 role raid fs 0 body 1 pos 24,28 stuck 0
RC WALK 372 id 290 role raid pos 24,28 tgt 28,25 want SOUTH
V527I SEALNT 373 ph 0 fwd 1 hv 10
RC POS 373 id 3 seat 0 role raid fs 0 body 1 pos 25,27 stuck 1
RC POS 373 id 5 seat 1 role expand fs 0 body 1 pos 3,6 stuck 0
RC WALK 373 id 5 role expand pos 3,6 tgt 2,4 want NORTH
RC POS 373 id 14 seat 5 role raid fs 0 body 1 pos 26,25 stuck 14
RC POS 373 id 290 seat 6 role raid fs 0 body 1 pos 24,29 stuck 0
RC WALK 373 id 290 role raid pos 24,29 tgt 28,25 want NORTH
V527I SEALNT 374 ph 0 fwd 1 hv 10
RC POS 374 id 3 seat 0 role raid fs 0 body 1 pos 25,27 stuck 1
RC POS 374 id 5 seat 1 role expand fs 0 body 1 pos 3,5 stuck 0
RC WALK 374 id 5 role expand pos 3,5 tgt 2,4 want WEST
RC POS 374 id 14 seat 5 role raid fs 0 body 1 pos 26,25 stuck 15
RC POS 374 id 290 seat 6 role raid fs 0 body 1 pos 24,28 stuck 0
RC WALK 374 id 290 role raid pos 24,28 tgt 28,25 want SOUTH
V527I SEALNT 375 ph 0 fwd 1 hv 10
RC POS 375 id 3 seat 0 role raid fs 0 body 1 pos 25,27 stuck 1
RC POS 375 id 5 seat 1 role expand fs 0 body 1 pos 3,6 stuck 0
RC WALK 375 id 5 role expand pos 3,6 tgt 2,4 want NORTH
RC POS 375 id 14 seat 5 role raid fs 0 body 1 pos 26,25 stuck 16
RC POS 375 id 290 seat 6 role raid fs 0 body 1 pos 24,29 stuck 0
RC WALK 375 id 290 role raid pos 24,29 tgt 28,25 want NORTH
V527I SEALNT 376 ph 0 fwd 1 hv 10
RC POS 376 id 3 seat 0 role raid fs 0 body 1 pos 25,27 stuck 1
RC POS 376 id 5 seat 1 role expand fs 0 body 1 pos 3,5 stuck 0
RC WALK 376 id 5 role expand pos 3,5 tgt 2,4 want WEST
RC POS 376 id 14 seat 5 role raid fs 0 body 1 pos 26,25 stuck 17
RC POS 376 id 290 seat 6 role raid fs 0 body 1 pos 24,28 stuck 0
RC WALK 376 id 290 role raid pos 24,28 tgt 28,25 want SOUTH
V527I SEALNT 377 ph 0 fwd 1 hv 10
RC POS 377 id 3 seat 0 role raid fs 0 body 1 pos 25,27 stuck 1
RC POS 377 id 5 seat 1 role expand fs 0 body 1 pos 3,6 stuck 0
RC WALK 377 id 5 role expand pos 3,6 tgt 2,4 want NORTH
RC POS 377 id 14 seat 5 role raid fs 0 body 1 pos 26,25 stuck 18
RC POS 377 id 290 seat 6 role raid fs 0 body 1 pos 24,29 stuck 0
RC WALK 377 id 290 role raid pos 24,29 tgt 28,25 want NORTH
V527I SEALNT 378 ph 0 fwd 1 hv 10
RC POS 378 id 3 seat 0 role raid fs 0 body 1 pos 25,27 stuck 1
RC POS 378 id 5 seat 1 role expand fs 0 body 1 pos 3,5 stuck 0
RC WALK 378 id 5 role expand pos 3,5 tgt 2,4 want WEST
RC POS 378 id 14 seat 5 role raid fs 0 body 1 pos 26,25 stuck 19
RC POS 378 id 290 seat 6 role raid fs 0 body 1 pos 24,28 stuck 0
RC WALK 378 id 290 role raid pos 24,28 tgt 28,25 want SOUTH
V527I SEALNT 379 ph 0 fwd 1 hv 10
RC POS 379 id 3 seat 0 role raid fs 0 body 1 pos 25,27 stuck 1
RC POS 379 id 5 seat 1 role expand fs 0 body 1 pos 3,6 stuck 0
RC WALK 379 id 5 role expand pos 3,6 tgt 2,4 want NORTH
RC POS 379 id 14 seat 5 role raid fs 0 body 1 pos 26,25 stuck 20
RC POS 379 id 290 seat 6 role raid fs 0 body 1 pos 24,29 stuck 0
RC WALK 379 id 290 role raid pos 24,29 tgt 28,25 want NORTH
V527I SEALNT 380 ph 0 fwd 1 hv 10
RC POS 380 id 3 seat 0 role raid fs 0 body 1 pos 25,27 stuck 1
RC POS 380 id 5 seat 1 role expand fs 0 body 1 pos 3,5 stuck 0
RC WALK 380 id 5 role expand pos 3,5 tgt 2,4 want WEST
RC POS 380 id 14 seat 5 role raid fs 0 body 1 pos 26,25 stuck 21
RC POS 380 id 290 seat 6 role raid fs 0 body 1 pos 24,28 stuck 0
RC WALK 380 id 290 role raid pos 24,28 tgt 28,25 want SOUTH
V527I SEALNT 381 ph 0 fwd 1 hv 10
RC POS 381 id 3 seat 0 role raid fs 0 body 1 pos 25,27 stuck 1
RC POS 381 id 5 seat 1 role expand fs 0 body 1 pos 3,6 stuck 0
RC WALK 381 id 5 role expand pos 3,6 tgt 2,4 want NORTH
RC POS 381 id 14 seat 5 role raid fs 0 body 1 pos 26,25 stuck 1
RC POS 381 id 290 seat 6 role raid fs 0 body 1 pos 24,29 stuck 0
RC WALK 381 id 290 role raid pos 24,29 tgt 28,25 want NORTH
V527I SEALNT 382 ph 0 fwd 1 hv 10
RC POS 382 id 3 seat 0 role raid fs 0 body 1 pos 25,27 stuck 1
RC POS 382 id 5 seat 1 role expand fs 0 body 1 pos 3,5 stuck 0
RC WALK 382 id 5 role expand pos 3,5 tgt 2,4 want WEST
RC POS 382 id 14 seat 5 role raid fs 0 body 1 pos 26,25 stuck 1
RC POS 382 id 290 seat 6 role raid fs 0 body 1 pos 24,28 stuck 0
RC WALK 382 id 290 role raid pos 24,28 tgt 28,25 want SOUTH
V527I SEALNT 383 ph 0 fwd 1 hv 10
RC POS 383 id 3 seat 0 role raid fs 0 body 1 pos 25,27 stuck 1
RC POS 383 id 5 seat 1 role expand fs 0 body 1 pos 3,6 stuck 0
RC WALK 383 id 5 role expand pos 3,6 tgt 2,4 want NORTH
RC POS 383 id 14 seat 5 role raid fs 0 body 1 pos 26,25 stuck 1
RC POS 383 id 290 seat 6 role raid fs 0 body 1 pos 24,29 stuck 0
RC WALK 383 id 290 role raid pos 24,29 tgt 28,25 want NORTH
V527I SEALNT 384 ph 0 fwd 1 hv 10
RC POS 384 id 3 seat 0 role raid fs 0 body 1 pos 25,27 stuck 1
RC POS 384 id 5 seat 1 role expand fs 0 body 1 pos 3,5 stuck 0
RC WALK 384 id 5 role expand pos 3,5 tgt 2,4 want WEST
RC POS 384 id 14 seat 5 role raid fs 0 body 1 pos 26,25 stuck 1
RC POS 384 id 290 seat 6 role raid fs 0 body 1 pos 24,28 stuck 0
RC WALK 384 id 290 role raid pos 24,28 tgt 28,25 want SOUTH
V527I SEALNT 385 ph 0 fwd 1 hv 10
RC POS 385 id 3 seat 0 role raid fs 0 body 1 pos 25,27 stuck 1
RC POS 385 id 5 seat 1 role expand fs 0 body 1 pos 3,6 stuck 0
RC WALK 385 id 5 role expand pos 3,6 tgt 2,4 want NORTH
RC POS 385 id 14 seat 5 role raid fs 0 body 1 pos 26,25 stuck 1
RC POS 385 id 290 seat 6 role raid fs 0 body 1 pos 24,29 stuck 0
RC WALK 385 id 290 role raid pos 24,29 tgt 28,25 want NORTH
V527I SEALNT 386 ph 0 fwd 1 hv 10
RC POS 386 id 3 seat 0 role raid fs 0 body 1 pos 25,27 stuck 1
RC POS 386 id 5 seat 1 role expand fs 0 body 1 pos 3,5 stuck 0
RC WALK 386 id 5 role expand pos 3,5 tgt 2,4 want WEST
RC POS 386 id 14 seat 5 role raid fs 0 body 1 pos 26,25 stuck 1
RC POS 386 id 290 seat 6 role raid fs 0 body 1 pos 24,28 stuck 0
RC WALK 386 id 290 role raid pos 24,28 tgt 28,25 want SOUTH
V527I SEALNT 387 ph 0 fwd 1 hv 10
RC POS 387 id 3 seat 0 role raid fs 0 body 1 pos 25,27 stuck 1
RC POS 387 id 5 seat 1 role expand fs 0 body 1 pos 3,6 stuck 0
RC WALK 387 id 5 role expand pos 3,6 tgt 2,4 want NORTH
RC POS 387 id 14 seat 5 role raid fs 0 body 1 pos 26,25 stuck 1
RC POS 387 id 290 seat 6 role raid fs 0 body 1 pos 24,29 stuck 0
RC WALK 387 id 290 role raid pos 24,29 tgt 28,25 want NORTH
V527I SEALNT 388 ph 0 fwd 1 hv 10
RC POS 388 id 3 seat 0 role raid fs 0 body 1 pos 25,27 stuck 1
RC POS 388 id 5 seat 1 role expand fs 0 body 1 pos 3,5 stuck 0
RC WALK 388 id 5 role expand pos 3,5 tgt 2,4 want WEST
RC POS 388 id 14 seat 5 role raid fs 0 body 1 pos 26,25 stuck 1
RC POS 388 id 290 seat 6 role raid fs 0 body 1 pos 24,28 stuck 0
RC WALK 388 id 290 role raid pos 24,28 tgt 28,25 want SOUTH
V527I SEALNT 389 ph 0 fwd 1 hv 10
RC POS 389 id 5 seat 1 role expand fs 0 body 1 pos 3,6 stuck 0
RC WALK 389 id 5 role expand pos 3,6 tgt 2,4 want NORTH
RC POS 389 id 14 seat 5 role raid fs 0 body 1 pos 26,25 stuck 1
RC POS 389 id 290 seat 6 role raid fs 0 body 1 pos 24,29 stuck 0
RC WALK 389 id 290 role raid pos 24,29 tgt 25,27 want NORTH
V527I SEALNT 390 ph 0 fwd 1 hv 10
RC POS 390 id 5 seat 1 role expand fs 0 body 1 pos 3,5 stuck 0
RC WALK 390 id 5 role expand pos 3,5 tgt 2,4 want WEST
RC POS 390 id 14 seat 5 role raid fs 0 body 1 pos 26,25 stuck 1
RC POS 390 id 290 seat 6 role raid fs 0 body 1 pos 24,28 stuck 0
RC WALK 390 id 290 role raid pos 24,28 tgt 25,27 want EAST
V527I SEALNT 391 ph 0 fwd 1 hv 10
RC POS 391 id 5 seat 1 role expand fs 0 body 1 pos 3,6 stuck 0
RC WALK 391 id 5 role expand pos 3,6 tgt 2,4 want NORTH
RC POS 391 id 14 seat 5 role raid fs 0 body 1 pos 26,25 stuck 1
RC POS 391 id 290 seat 6 role raid fs 0 body 1 pos 24,29 stuck 0
RC WALK 391 id 290 role raid pos 24,29 tgt 25,27 want NORTH
V527I SEALNT 392 ph 0 fwd 1 hv 10
RC POS 392 id 5 seat 1 role expand fs 0 body 1 pos 3,5 stuck 0
RC WALK 392 id 5 role expand pos 3,5 tgt 2,4 want WEST
RC POS 392 id 14 seat 5 role raid fs 0 body 1 pos 26,25 stuck 1
RC POS 392 id 290 seat 6 role raid fs 0 body 1 pos 24,28 stuck 0
RC WALK 392 id 290 role raid pos 24,28 tgt 25,27 want EAST
V527I SEALNT 393 ph 0 fwd 1 hv 10
RC POS 393 id 5 seat 1 role expand fs 0 body 1 pos 3,6 stuck 0
RC WALK 393 id 5 role expand pos 3,6 tgt 2,4 want NORTH
RC POS 393 id 14 seat 5 role raid fs 0 body 1 pos 26,25 stuck 1
RC POS 393 id 290 seat 6 role raid fs 0 body 1 pos 24,29 stuck 0
RC WALK 393 id 290 role raid pos 24,29 tgt 25,27 want NORTH
V527I SEALNT 394 ph 0 fwd 1 hv 10
RC POS 394 id 5 seat 1 role expand fs 0 body 1 pos 3,5 stuck 0
RC WALK 394 id 5 role expand pos 3,5 tgt 2,4 want WEST
RC POS 394 id 14 seat 5 role raid fs 0 body 1 pos 26,25 stuck 2
RC POS 394 id 290 seat 6 role raid fs 0 body 1 pos 24,28 stuck 0
RC WALK 394 id 290 role raid pos 24,28 tgt 25,27 want EAST
V527I SEALNT 395 ph 0 fwd 1 hv 10
RC POS 395 id 5 seat 1 role expand fs 0 body 1 pos 3,6 stuck 0
RC WALK 395 id 5 role expand pos 3,6 tgt 2,4 want NORTH
RC POS 395 id 14 seat 5 role raid fs 0 body 1 pos 26,25 stuck 3
RC POS 395 id 290 seat 6 role raid fs 0 body 1 pos 24,29 stuck 0
RC WALK 395 id 290 role raid pos 24,29 tgt 25,27 want NORTH
V527I SEALNT 396 ph 0 fwd 1 hv 10
RC POS 396 id 5 seat 1 role expand fs 0 body 1 pos 3,5 stuck 0
RC WALK 396 id 5 role expand pos 3,5 tgt 2,4 want WEST
RC POS 396 id 14 seat 5 role raid fs 0 body 1 pos 26,25 stuck 4
RC POS 396 id 290 seat 6 role raid fs 0 body 1 pos 24,28 stuck 0
RC WALK 396 id 290 role raid pos 24,28 tgt 25,27 want EAST
V527I SEALNT 397 ph 0 fwd 1 hv 10
RC POS 397 id 5 seat 1 role expand fs 0 body 1 pos 3,6 stuck 0
RC WALK 397 id 5 role expand pos 3,6 tgt 2,4 want NORTH
RC POS 397 id 14 seat 5 role raid fs 0 body 1 pos 26,25 stuck 5
RC POS 397 id 290 seat 6 role raid fs 0 body 1 pos 24,29 stuck 0
RC WALK 397 id 290 role raid pos 24,29 tgt 25,27 want NORTH
V527I SEALNT 398 ph 0 fwd 1 hv 10
RC POS 398 id 5 seat 1 role expand fs 0 body 1 pos 3,5 stuck 0
RC WALK 398 id 5 role expand pos 3,5 tgt 2,4 want WEST
RC POS 398 id 14 seat 5 role raid fs 0 body 1 pos 26,25 stuck 6
RC POS 398 id 290 seat 6 role raid fs 0 body 1 pos 24,28 stuck 0
RC WALK 398 id 290 role raid pos 24,28 tgt 25,27 want EAST
V527I SEALNT 399 ph 0 fwd 1 hv 10
RC POS 399 id 5 seat 1 role expand fs 0 body 1 pos 3,6 stuck 0
RC WALK 399 id 5 role expand pos 3,6 tgt 2,4 want NORTH
RC POS 399 id 14 seat 5 role raid fs 0 body 1 pos 26,25 stuck 7
RC POS 399 id 290 seat 6 role raid fs 0 body 1 pos 24,29 stuck 0
RC WALK 399 id 290 role raid pos 24,29 tgt 25,27 want NORTH
V527I SEALNT 400 ph 0 fwd 1 hv 10
RC POS 400 id 5 seat 1 role expand fs 0 body 1 pos 3,5 stuck 0
RC WALK 400 id 5 role expand pos 3,5 tgt 2,4 want WEST
RC POS 400 id 14 seat 5 role raid fs 0 body 1 pos 26,25 stuck 8
RC POS 400 id 290 seat 6 role raid fs 0 body 1 pos 24,28 stuck 0
RC WALK 400 id 290 role raid pos 24,28 tgt 25,27 want EAST
V527I SEALNT 401 ph 0 fwd 1 hv 10
RC POS 401 id 5 seat 1 role expand fs 0 body 1 pos 3,6 stuck 0
RC WALK 401 id 5 role expand pos 3,6 tgt 2,4 want NORTH
RC POS 401 id 14 seat 5 role raid fs 0 body 1 pos 26,25 stuck 9
RC POS 401 id 290 seat 6 role raid fs 0 body 1 pos 24,29 stuck 0
RC WALK 401 id 290 role raid pos 24,29 tgt 25,27 want NORTH
V527I SEALNT 402 ph 0 fwd 1 hv 10
RC POS 402 id 5 seat 1 role expand fs 0 body 1 pos 3,5 stuck 0
RC WALK 402 id 5 role expand pos 3,5 tgt 2,4 want WEST
RC POS 402 id 14 seat 5 role raid fs 0 body 1 pos 26,25 stuck 10
RC POS 402 id 290 seat 6 role raid fs 0 body 1 pos 24,28 stuck 0
RC WALK 402 id 290 role raid pos 24,28 tgt 25,27 want EAST
V527I SEALNT 403 ph 0 fwd 1 hv 10
RC POS 403 id 5 seat 1 role expand fs 0 body 1 pos 3,6 stuck 0
RC WALK 403 id 5 role expand pos 3,6 tgt 2,4 want NORTH
RC POS 403 id 14 seat 5 role raid fs 0 body 1 pos 26,25 stuck 11
RC POS 403 id 290 seat 6 role raid fs 0 body 1 pos 24,29 stuck 0
RC WALK 403 id 290 role raid pos 24,29 tgt 25,27 want NORTH
V527I SEALNT 404 ph 0 fwd 1 hv 10
RC POS 404 id 5 seat 1 role expand fs 0 body 1 pos 3,5 stuck 0
RC WALK 404 id 5 role expand pos 3,5 tgt 2,4 want WEST
RC POS 404 id 14 seat 5 role raid fs 0 body 1 pos 26,25 stuck 12
RC POS 404 id 290 seat 6 role raid fs 0 body 1 pos 24,28 stuck 0
RC WALK 404 id 290 role raid pos 24,28 tgt 25,27 want EAST
V527I SEALNT 405 ph 0 fwd 1 hv 10
RC POS 405 id 5 seat 1 role expand fs 0 body 1 pos 3,6 stuck 0
RC WALK 405 id 5 role expand pos 3,6 tgt 2,4 want NORTH
RC POS 405 id 14 seat 5 role raid fs 0 body 1 pos 26,25 stuck 13
RC POS 405 id 290 seat 6 role raid fs 0 body 1 pos 24,29 stuck 0
RC WALK 405 id 290 role raid pos 24,29 tgt 25,27 want NORTH
V527I SEALNT 406 ph 0 fwd 1 hv 10
RC POS 406 id 5 seat 1 role expand fs 0 body 1 pos 3,5 stuck 0
RC WALK 406 id 5 role expand pos 3,5 tgt 2,4 want WEST
RC POS 406 id 14 seat 5 role raid fs 0 body 1 pos 26,25 stuck 14
RC POS 406 id 290 seat 6 role raid fs 0 body 1 pos 24,28 stuck 0
RC WALK 406 id 290 role raid pos 24,28 tgt 25,27 want EAST
V527I SEALNT 407 ph 0 fwd 1 hv 10
RC POS 407 id 5 seat 1 role expand fs 0 body 1 pos 3,6 stuck 0
RC WALK 407 id 5 role expand pos 3,6 tgt 2,4 want NORTH
RC POS 407 id 14 seat 5 role raid fs 0 body 1 pos 26,25 stuck 15
RC POS 407 id 290 seat 6 role raid fs 0 body 1 pos 24,29 stuck 0
RC WALK 407 id 290 role raid pos 24,29 tgt 25,27 want NORTH
V527I SEALNT 408 ph 0 fwd 1 hv 10
RC POS 408 id 5 seat 1 role expand fs 0 body 1 pos 3,5 stuck 0
RC WALK 408 id 5 role expand pos 3,5 tgt 2,4 want WEST
RC POS 408 id 14 seat 5 role raid fs 0 body 1 pos 26,25 stuck 16
RC POS 408 id 290 seat 6 role raid fs 0 body 1 pos 24,28 stuck 0
RC WALK 408 id 290 role raid pos 24,28 tgt 25,27 want EAST
V527I SEALNT 409 ph 0 fwd 1 hv 10
RC POS 409 id 5 seat 1 role expand fs 0 body 1 pos 3,6 stuck 0
RC WALK 409 id 5 role expand pos 3,6 tgt 2,4 want NORTH
RC POS 409 id 14 seat 5 role raid fs 0 body 1 pos 26,25 stuck 17
RC POS 409 id 290 seat 6 role raid fs 0 body 1 pos 24,29 stuck 0
RC WALK 409 id 290 role raid pos 24,29 tgt 25,27 want NORTH
V527I SEALNT 410 ph 0 fwd 1 hv 10
RC POS 410 id 5 seat 1 role expand fs 0 body 1 pos 3,5 stuck 0
RC WALK 410 id 5 role expand pos 3,5 tgt 2,4 want WEST
RC POS 410 id 14 seat 5 role raid fs 0 body 1 pos 26,25 stuck 18
RC POS 410 id 290 seat 6 role raid fs 0 body 1 pos 24,28 stuck 0
RC WALK 410 id 290 role raid pos 24,28 tgt 25,27 want EAST
V527I SEALNT 411 ph 0 fwd 1 hv 10
RC POS 411 id 5 seat 1 role expand fs 0 body 1 pos 3,6 stuck 0
RC WALK 411 id 5 role expand pos 3,6 tgt 2,4 want NORTH
RC POS 411 id 14 seat 5 role raid fs 0 body 1 pos 26,25 stuck 19
RC POS 411 id 290 seat 6 role raid fs 0 body 1 pos 24,29 stuck 0
RC WALK 411 id 290 role raid pos 24,29 tgt 25,27 want NORTH
V527I SEALNT 412 ph 0 fwd 1 hv 10
RC POS 412 id 5 seat 1 role expand fs 0 body 1 pos 3,5 stuck 0
RC WALK 412 id 5 role expand pos 3,5 tgt 2,4 want WEST
RC POS 412 id 14 seat 5 role raid fs 0 body 1 pos 26,25 stuck 20
RC POS 412 id 290 seat 6 role raid fs 0 body 1 pos 24,28 stuck 0
RC WALK 412 id 290 role raid pos 24,28 tgt 25,27 want EAST
V527I SEALNT 413 ph 0 fwd 1 hv 10
RC POS 413 id 5 seat 1 role expand fs 0 body 1 pos 3,6 stuck 0
RC WALK 413 id 5 role expand pos 3,6 tgt 2,4 want NORTH
RC POS 413 id 14 seat 5 role raid fs 0 body 1 pos 26,25 stuck 21
RC POS 413 id 290 seat 6 role raid fs 0 body 1 pos 24,29 stuck 0
RC WALK 413 id 290 role raid pos 24,29 tgt 25,27 want NORTH
V527I SEALNT 414 ph 0 fwd 1 hv 10
RC POS 414 id 5 seat 1 role expand fs 0 body 1 pos 3,5 stuck 0
RC WALK 414 id 5 role expand pos 3,5 tgt 2,4 want WEST
RC POS 414 id 14 seat 5 role raid fs 0 body 1 pos 26,25 stuck 22
RC POS 414 id 290 seat 6 role raid fs 0 body 1 pos 24,28 stuck 0
RC WALK 414 id 290 role raid pos 24,28 tgt 25,27 want EAST
V527I SEALNT 415 ph 0 fwd 1 hv 10
RC POS 415 id 5 seat 1 role expand fs 0 body 1 pos 3,6 stuck 0
RC WALK 415 id 5 role expand pos 3,6 tgt 2,4 want NORTH
RC POS 415 id 14 seat 5 role raid fs 0 body 1 pos 26,25 stuck 23
RC POS 415 id 290 seat 6 role raid fs 0 body 1 pos 24,29 stuck 0
RC WALK 415 id 290 role raid pos 24,29 tgt 25,27 want NORTH
V527I SEALNT 416 ph 0 fwd 1 hv 10
RC POS 416 id 5 seat 1 role expand fs 0 body 1 pos 3,5 stuck 0
RC WALK 416 id 5 role expand pos 3,5 tgt 2,4 want WEST
RC POS 416 id 14 seat 5 role raid fs 0 body 1 pos 26,25 stuck 24
RC POS 416 id 290 seat 6 role raid fs 0 body 1 pos 24,28 stuck 0
RC WALK 416 id 290 role raid pos 24,28 tgt 25,27 want EAST
V527I SEALNT 417 ph 0 fwd 1 hv 10
RC POS 417 id 5 seat 1 role expand fs 0 body 1 pos 3,6 stuck 0
RC WALK 417 id 5 role expand pos 3,6 tgt 2,4 want NORTH
RC POS 417 id 14 seat 5 role raid fs 0 body 1 pos 26,25 stuck 25
RC POS 417 id 290 seat 6 role raid fs 0 body 1 pos 24,29 stuck 0
RC WALK 417 id 290 role raid pos 24,29 tgt 25,27 want NORTH
V527I SEALNT 418 ph 0 fwd 1 hv 10
RC POS 418 id 5 seat 1 role expand fs 0 body 1 pos 3,5 stuck 0
RC WALK 418 id 5 role expand pos 3,5 tgt 2,4 want WEST
RC POS 418 id 14 seat 5 role raid fs 0 body 1 pos 26,25 stuck 1
RC POS 418 id 290 seat 6 role raid fs 0 body 1 pos 24,28 stuck 0
RC WALK 418 id 290 role raid pos 24,28 tgt 25,27 want EAST
V527I SEALNT 419 ph 0 fwd 1 hv 10
RC POS 419 id 5 seat 1 role expand fs 0 body 1 pos 3,6 stuck 0
RC WALK 419 id 5 role expand pos 3,6 tgt 2,4 want NORTH
RC POS 419 id 14 seat 5 role raid fs 0 body 1 pos 26,25 stuck 1
RC POS 419 id 290 seat 6 role raid fs 0 body 1 pos 24,29 stuck 0
RC WALK 419 id 290 role raid pos 24,29 tgt 25,27 want NORTH
V527I SEALNT 420 ph 0 fwd 1 hv 10
RC POS 420 id 5 seat 1 role expand fs 0 body 1 pos 3,5 stuck 0
RC WALK 420 id 5 role expand pos 3,5 tgt 2,4 want WEST
RC POS 420 id 14 seat 5 role raid fs 0 body 1 pos 26,25 stuck 1
RC POS 420 id 290 seat 6 role raid fs 0 body 1 pos 24,28 stuck 0
RC WALK 420 id 290 role raid pos 24,28 tgt 25,27 want EAST
V527I SEALNT 421 ph 0 fwd 1 hv 10
RC POS 421 id 5 seat 1 role expand fs 0 body 1 pos 3,6 stuck 0
RC WALK 421 id 5 role expand pos 3,6 tgt 2,4 want NORTH
RC POS 421 id 14 seat 5 role raid fs 0 body 1 pos 26,25 stuck 1
RC POS 421 id 290 seat 6 role raid fs 0 body 1 pos 24,29 stuck 0
RC WALK 421 id 290 role raid pos 24,29 tgt 25,27 want NORTH
V527I SEALNT 422 ph 0 fwd 1 hv 10
RC POS 422 id 5 seat 1 role expand fs 0 body 1 pos 3,5 stuck 0
RC WALK 422 id 5 role expand pos 3,5 tgt 2,4 want WEST
RC POS 422 id 14 seat 5 role raid fs 0 body 1 pos 26,25 stuck 1
RC POS 422 id 290 seat 6 role raid fs 0 body 1 pos 24,28 stuck 0
RC WALK 422 id 290 role raid pos 24,28 tgt 25,27 want EAST
V527I SEALNT 423 ph 0 fwd 1 hv 10
RC POS 423 id 5 seat 1 role expand fs 0 body 1 pos 3,6 stuck 0
RC WALK 423 id 5 role expand pos 3,6 tgt 2,4 want NORTH
RC POS 423 id 14 seat 5 role raid fs 0 body 1 pos 26,25 stuck 1
RC POS 423 id 290 seat 6 role raid fs 0 body 1 pos 24,29 stuck 0
RC WALK 423 id 290 role raid pos 24,29 tgt 25,27 want NORTH
V527I SEALNT 424 ph 0 fwd 1 hv 10
RC POS 424 id 5 seat 1 role expand fs 0 body 1 pos 3,5 stuck 0
RC WALK 424 id 5 role expand pos 3,5 tgt 2,4 want WEST
RC POS 424 id 14 seat 5 role raid fs 0 body 1 pos 26,25 stuck 1
RC POS 424 id 290 seat 6 role raid fs 0 body 1 pos 24,28 stuck 0
RC WALK 424 id 290 role raid pos 24,28 tgt 25,27 want EAST
V527I SEALNT 425 ph 0 fwd 1 hv 10
RC POS 425 id 5 seat 1 role expand fs 0 body 1 pos 3,6 stuck 0
RC WALK 425 id 5 role expand pos 3,6 tgt 2,4 want NORTH
RC POS 425 id 14 seat 5 role raid fs 0 body 1 pos 26,25 stuck 1
RC POS 425 id 290 seat 6 role raid fs 0 body 1 pos 24,29 stuck 0
RC WALK 425 id 290 role raid pos 24,29 tgt 25,27 want NORTH
V527I SEALNT 426 ph 0 fwd 1 hv 10
RC POS 426 id 5 seat 1 role expand fs 0 body 1 pos 3,5 stuck 0
RC WALK 426 id 5 role expand pos 3,5 tgt 2,4 want WEST
RC POS 426 id 14 seat 5 role raid fs 0 body 1 pos 26,25 stuck 1
V527I SEALNT 427 ph 0 fwd 1 hv 10
RC POS 427 id 5 seat 1 role expand fs 0 body 1 pos 3,6 stuck 0
RC WALK 427 id 5 role expand pos 3,6 tgt 2,4 want NORTH
RC POS 427 id 14 seat 5 role raid fs 0 body 1 pos 26,25 stuck 1
V527I SEALNT 428 ph 0 fwd 1 hv 10
RC POS 428 id 5 seat 1 role expand fs 0 body 1 pos 3,5 stuck 0
RC WALK 428 id 5 role expand pos 3,5 tgt 2,4 want WEST
RC POS 428 id 14 seat 5 role raid fs 0 body 1 pos 26,25 stuck 1
V527I SEALNT 429 ph 0 fwd 1 hv 10
RC POS 429 id 5 seat 1 role expand fs 0 body 1 pos 3,6 stuck 0
RC WALK 429 id 5 role expand pos 3,6 tgt 2,4 want NORTH
RC POS 429 id 14 seat 5 role raid fs 0 body 1 pos 26,25 stuck 1
V527I SEALNT 430 ph 0 fwd 1 hv 10
RC POS 430 id 5 seat 1 role expand fs 0 body 1 pos 3,5 stuck 0
RC WALK 430 id 5 role expand pos 3,5 tgt 2,4 want WEST
RC POS 430 id 14 seat 5 role raid fs 0 body 1 pos 26,25 stuck 1
V527I SEALNT 431 ph 0 fwd 1 hv 10
RC POS 431 id 5 seat 1 role expand fs 0 body 1 pos 3,6 stuck 0
RC WALK 431 id 5 role expand pos 3,6 tgt 2,4 want NORTH
RC POS 431 id 14 seat 5 role raid fs 0 body 1 pos 26,25 stuck 1
V527I SEALNT 432 ph 0 fwd 1 hv 10
RC POS 432 id 5 seat 1 role expand fs 0 body 1 pos 3,5 stuck 0
RC WALK 432 id 5 role expand pos 3,5 tgt 2,4 want WEST
RC POS 432 id 14 seat 5 role raid fs 0 body 1 pos 26,25 stuck 1
V527I SEALNT 433 ph 0 fwd 1 hv 10
RC POS 433 id 5 seat 1 role expand fs 0 body 1 pos 3,6 stuck 0
RC WALK 433 id 5 role expand pos 3,6 tgt 2,4 want NORTH
RC POS 433 id 14 seat 5 role raid fs 0 body 1 pos 26,25 stuck 1
V527I SEALNT 434 ph 0 fwd 1 hv 10
RC POS 434 id 5 seat 1 role expand fs 0 body 1 pos 3,5 stuck 0
RC WALK 434 id 5 role expand pos 3,5 tgt 2,4 want WEST
RC POS 434 id 14 seat 5 role raid fs 0 body 1 pos 26,25 stuck 1
V527I SEALNT 435 ph 0 fwd 1 hv 10
RC POS 435 id 5 seat 1 role expand fs 0 body 1 pos 3,6 stuck 0
RC WALK 435 id 5 role expand pos 3,6 tgt 2,4 want NORTH
RC POS 435 id 14 seat 5 role raid fs 0 body 1 pos 26,25 stuck 1
V527I SEALNT 436 ph 0 fwd 1 hv 10
RC POS 436 id 5 seat 1 role expand fs 0 body 1 pos 3,5 stuck 0
RC WALK 436 id 5 role expand pos 3,5 tgt 2,4 want WEST
RC POS 436 id 14 seat 5 role raid fs 0 body 1 pos 26,25 stuck 1
V527I SEALNT 437 ph 0 fwd 1 hv 10
RC POS 437 id 5 seat 1 role expand fs 0 body 1 pos 3,6 stuck 0
RC WALK 437 id 5 role expand pos 3,6 tgt 2,4 want NORTH
RC POS 437 id 14 seat 5 role raid fs 0 body 1 pos 26,25 stuck 1
RC SEAT 437 id 293 seat 7
RC POS 437 id 293 seat 7 role raid fs 0 body 1 pos 1,1 stuck 0
RC WALK 437 id 293 role raid pos 1,1 tgt 26,25 want NORTH
V527I SEALNT 438 ph 0 fwd 1 hv 10
RC POS 438 id 5 seat 1 role expand fs 0 body 1 pos 3,5 stuck 0
RC WALK 438 id 5 role expand pos 3,5 tgt 2,4 want WEST
RC POS 438 id 14 seat 5 role raid fs 0 body 1 pos 26,25 stuck 1
RC POS 438 id 293 seat 7 role raid fs 0 body 1 pos 1,0 stuck 0
RC WALK 438 id 293 role raid pos 1,0 tgt 26,25 want EAST
V527I SEALNT 439 ph 0 fwd 1 hv 10
RC POS 439 id 5 seat 1 role expand fs 0 body 1 pos 3,6 stuck 0
RC WALK 439 id 5 role expand pos 3,6 tgt 2,4 want NORTH
RC POS 439 id 14 seat 5 role raid fs 0 body 1 pos 26,25 stuck 1
RC POS 439 id 293 seat 7 role raid fs 0 body 1 pos 2,0 stuck 0
RC WALK 439 id 293 role raid pos 2,0 tgt 26,25 want EAST
V527I SEALNT 440 ph 0 fwd 1 hv 10
RC POS 440 id 5 seat 1 role expand fs 0 body 1 pos 3,5 stuck 0
RC WALK 440 id 5 role expand pos 3,5 tgt 2,4 want WEST
RC POS 440 id 14 seat 5 role raid fs 0 body 1 pos 26,25 stuck 1
RC POS 440 id 293 seat 7 role raid fs 0 body 1 pos 3,0 stuck 0
RC WALK 440 id 293 role raid pos 3,0 tgt 26,25 want EAST
V527I SEALNT 441 ph 0 fwd 1 hv 10
RC POS 441 id 5 seat 1 role expand fs 0 body 1 pos 3,6 stuck 0
RC WALK 441 id 5 role expand pos 3,6 tgt 2,4 want NORTH
RC POS 441 id 14 seat 5 role raid fs 0 body 1 pos 26,25 stuck 1
RC POS 441 id 293 seat 7 role raid fs 0 body 1 pos 4,0 stuck 0
RC WALK 441 id 293 role raid pos 4,0 tgt 26,25 want EAST
V527I SEALNT 442 ph 0 fwd 1 hv 10
RC POS 442 id 5 seat 1 role expand fs 0 body 1 pos 3,5 stuck 0
RC WALK 442 id 5 role expand pos 3,5 tgt 2,4 want WEST
RC POS 442 id 14 seat 5 role raid fs 0 body 1 pos 26,25 stuck 1
RC POS 442 id 293 seat 7 role raid fs 0 body 1 pos 5,0 stuck 0
RC WALK 442 id 293 role raid pos 5,0 tgt 26,25 want EAST
V527I SEALNT 443 ph 0 fwd 1 hv 10
RC POS 443 id 5 seat 1 role expand fs 0 body 1 pos 3,6 stuck 0
RC WALK 443 id 5 role expand pos 3,6 tgt 2,4 want NORTH
RC POS 443 id 14 seat 5 role raid fs 0 body 1 pos 26,25 stuck 1
RC POS 443 id 293 seat 7 role raid fs 0 body 1 pos 6,0 stuck 0
RC WALK 443 id 293 role raid pos 6,0 tgt 26,25 want SOUTH
V527I SEALNT 444 ph 0 fwd 1 hv 10
RC POS 444 id 5 seat 1 role expand fs 0 body 1 pos 3,5 stuck 0
RC WALK 444 id 5 role expand pos 3,5 tgt 2,4 want WEST
RC POS 444 id 14 seat 5 role raid fs 0 body 1 pos 26,25 stuck 1
RC POS 444 id 293 seat 7 role raid fs 0 body 1 pos 6,1 stuck 0
RC WALK 444 id 293 role raid pos 6,1 tgt 26,25 want SOUTH
V527I SEALNT 445 ph 0 fwd 1 hv 10
RC POS 445 id 5 seat 1 role expand fs 0 body 1 pos 3,6 stuck 0
RC WALK 445 id 5 role expand pos 3,6 tgt 2,4 want NORTH
RC POS 445 id 14 seat 5 role raid fs 0 body 1 pos 26,25 stuck 1
RC POS 445 id 293 seat 7 role raid fs 0 body 1 pos 6,2 stuck 0
RC WALK 445 id 293 role raid pos 6,2 tgt 26,25 want SOUTH
V527I SEALNT 446 ph 0 fwd 1 hv 10
RC POS 446 id 5 seat 1 role expand fs 0 body 1 pos 3,5 stuck 0
RC WALK 446 id 5 role expand pos 3,5 tgt 2,4 want WEST
RC POS 446 id 14 seat 5 role raid fs 0 body 1 pos 26,25 stuck 1
RC POS 446 id 293 seat 7 role raid fs 0 body 1 pos 6,3 stuck 0
RC WALK 446 id 293 role raid pos 6,3 tgt 26,25 want SOUTH
V527I SEALNT 447 ph 0 fwd 1 hv 10
RC POS 447 id 5 seat 1 role expand fs 0 body 1 pos 3,6 stuck 0
RC WALK 447 id 5 role expand pos 3,6 tgt 2,4 want NORTH
RC POS 447 id 14 seat 5 role raid fs 0 body 1 pos 26,25 stuck 1
RC POS 447 id 293 seat 7 role raid fs 0 body 1 pos 6,4 stuck 0
RC WALK 447 id 293 role raid pos 6,4 tgt 26,25 want SOUTH
V527I SEALNT 448 ph 0 fwd 1 hv 10
RC POS 448 id 5 seat 1 role expand fs 0 body 1 pos 3,5 stuck 0
RC WALK 448 id 5 role expand pos 3,5 tgt 2,4 want WEST
RC POS 448 id 14 seat 5 role raid fs 0 body 1 pos 26,25 stuck 1
RC POS 448 id 293 seat 7 role raid fs 0 body 1 pos 6,5 stuck 0
RC WALK 448 id 293 role raid pos 6,5 tgt 26,25 want EAST
V527I SEALNT 449 ph 0 fwd 1 hv 10
RC POS 449 id 5 seat 1 role expand fs 0 body 1 pos 3,6 stuck 0
RC WALK 449 id 5 role expand pos 3,6 tgt 2,4 want NORTH
RC POS 449 id 14 seat 5 role raid fs 0 body 1 pos 26,25 stuck 1
RC POS 449 id 293 seat 7 role raid fs 0 body 1 pos 7,5 stuck 0
RC WALK 449 id 293 role raid pos 7,5 tgt 26,25 want SOUTH
V527I SEALNT 450 ph 0 fwd 1 hv 10
RC POS 450 id 5 seat 1 role expand fs 0 body 1 pos 3,5 stuck 0
RC WALK 450 id 5 role expand pos 3,5 tgt 2,4 want WEST
RC POS 450 id 14 seat 5 role raid fs 0 body 1 pos 26,25 stuck 1
RC POS 450 id 293 seat 7 role raid fs 0 body 1 pos 7,6 stuck 0
RC WALK 450 id 293 role raid pos 7,6 tgt 26,25 want EAST
V527I SEALNT 451 ph 0 fwd 1 hv 10
RC POS 451 id 5 seat 1 role expand fs 0 body 1 pos 3,6 stuck 0
RC WALK 451 id 5 role expand pos 3,6 tgt 2,4 want NORTH
RC POS 451 id 14 seat 5 role raid fs 0 body 1 pos 26,25 stuck 1
RC POS 451 id 293 seat 7 role raid fs 0 body 1 pos 8,6 stuck 0
RC WALK 451 id 293 role raid pos 8,6 tgt 26,25 want SOUTH
V527I SEALNT 452 ph 0 fwd 1 hv 10
RC POS 452 id 5 seat 1 role expand fs 0 body 1 pos 3,5 stuck 0
RC WALK 452 id 5 role expand pos 3,5 tgt 2,4 want WEST
RC POS 452 id 14 seat 5 role raid fs 0 body 1 pos 26,25 stuck 1
RC POS 452 id 293 seat 7 role raid fs 0 body 1 pos 8,7 stuck 0
RC WALK 452 id 293 role raid pos 8,7 tgt 26,25 want EAST
V527I SEALNT 453 ph 0 fwd 1 hv 10
RC POS 453 id 5 seat 1 role expand fs 0 body 1 pos 3,6 stuck 0
RC WALK 453 id 5 role expand pos 3,6 tgt 2,4 want NORTH
RC POS 453 id 14 seat 5 role raid fs 0 body 1 pos 26,25 stuck 1
RC POS 453 id 293 seat 7 role raid fs 0 body 1 pos 9,7 stuck 0
RC WALK 453 id 293 role raid pos 9,7 tgt 26,25 want SOUTH
V527I SEALNT 454 ph 0 fwd 1 hv 10
RC POS 454 id 5 seat 1 role expand fs 0 body 1 pos 3,5 stuck 0
RC WALK 454 id 5 role expand pos 3,5 tgt 2,4 want WEST
RC POS 454 id 14 seat 5 role raid fs 0 body 1 pos 26,25 stuck 1
RC POS 454 id 293 seat 7 role raid fs 0 body 1 pos 9,8 stuck 0
RC WALK 454 id 293 role raid pos 9,8 tgt 26,25 want EAST
V527I SEALNT 455 ph 0 fwd 1 hv 10
RC POS 455 id 5 seat 1 role expand fs 0 body 1 pos 3,6 stuck 0
RC WALK 455 id 5 role expand pos 3,6 tgt 2,4 want NORTH
RC POS 455 id 14 seat 5 role raid fs 0 body 1 pos 26,25 stuck 1
RC POS 455 id 293 seat 7 role raid fs 0 body 1 pos 10,8 stuck 0
RC WALK 455 id 293 role raid pos 10,8 tgt 26,25 want SOUTH
V527I SEALNT 456 ph 0 fwd 1 hv 10
RC POS 456 id 5 seat 1 role expand fs 0 body 1 pos 3,5 stuck 0
RC WALK 456 id 5 role expand pos 3,5 tgt 2,4 want WEST
RC POS 456 id 14 seat 5 role raid fs 0 body 1 pos 26,25 stuck 1
RC POS 456 id 293 seat 7 role raid fs 0 body 1 pos 10,9 stuck 0
RC WALK 456 id 293 role raid pos 10,9 tgt 26,25 want EAST
V527I SEALNT 457 ph 0 fwd 1 hv 10
RC POS 457 id 5 seat 1 role expand fs 0 body 1 pos 3,6 stuck 0
RC WALK 457 id 5 role expand pos 3,6 tgt 2,4 want NORTH
RC POS 457 id 14 seat 5 role raid fs 0 body 1 pos 26,25 stuck 1
RC POS 457 id 293 seat 7 role raid fs 0 body 1 pos 11,9 stuck 0
RC WALK 457 id 293 role raid pos 11,9 tgt 26,25 want EAST
V527I SEALNT 458 ph 0 fwd 1 hv 10
RC POS 458 id 5 seat 1 role expand fs 0 body 1 pos 3,5 stuck 0
RC WALK 458 id 5 role expand pos 3,5 tgt 2,4 want WEST
RC POS 458 id 14 seat 5 role raid fs 0 body 1 pos 26,25 stuck 1
RC POS 458 id 293 seat 7 role raid fs 0 body 1 pos 12,9 stuck 0
RC WALK 458 id 293 role raid pos 12,9 tgt 26,25 want EAST
V527I SEALNT 459 ph 0 fwd 1 hv 10
RC POS 459 id 5 seat 1 role expand fs 0 body 1 pos 3,6 stuck 0
RC WALK 459 id 5 role expand pos 3,6 tgt 2,4 want NORTH
RC POS 459 id 14 seat 5 role raid fs 0 body 1 pos 26,25 stuck 1
RC POS 459 id 293 seat 7 role raid fs 0 body 1 pos 13,9 stuck 0
RC WALK 459 id 293 role raid pos 13,9 tgt 26,25 want EAST
V527I SEALNT 460 ph 0 fwd 1 hv 10
RC POS 460 id 5 seat 1 role expand fs 0 body 1 pos 3,5 stuck 0
RC WALK 460 id 5 role expand pos 3,5 tgt 2,4 want WEST
RC POS 460 id 14 seat 5 role raid fs 0 body 1 pos 26,25 stuck 1
RC POS 460 id 293 seat 7 role raid fs 0 body 1 pos 14,9 stuck 0
RC WALK 460 id 293 role raid pos 14,9 tgt 26,25 want SOUTH
V527I SEALNT 461 ph 0 fwd 1 hv 10
RC POS 461 id 5 seat 1 role expand fs 0 body 1 pos 3,6 stuck 0
RC WALK 461 id 5 role expand pos 3,6 tgt 2,4 want NORTH
RC POS 461 id 14 seat 5 role raid fs 0 body 1 pos 26,25 stuck 1
RC POS 461 id 293 seat 7 role raid fs 0 body 1 pos 14,10 stuck 0
RC WALK 461 id 293 role raid pos 14,10 tgt 26,25 want SOUTH
V527I SEALNT 462 ph 0 fwd 1 hv 10
RC POS 462 id 5 seat 1 role expand fs 0 body 1 pos 3,5 stuck 0
RC WALK 462 id 5 role expand pos 3,5 tgt 2,4 want WEST
RC POS 462 id 14 seat 5 role raid fs 0 body 1 pos 26,25 stuck 1
RC POS 462 id 293 seat 7 role raid fs 0 body 1 pos 14,11 stuck 0
RC WALK 462 id 293 role raid pos 14,11 tgt 26,25 want SOUTH
V527I SEALNT 463 ph 0 fwd 1 hv 10
RC POS 463 id 5 seat 1 role expand fs 0 body 1 pos 3,6 stuck 0
RC WALK 463 id 5 role expand pos 3,6 tgt 2,4 want NORTH
RC POS 463 id 14 seat 5 role raid fs 0 body 1 pos 26,25 stuck 1
RC POS 463 id 293 seat 7 role raid fs 0 body 1 pos 14,12 stuck 0
RC WALK 463 id 293 role raid pos 14,12 tgt 26,25 want SOUTH
V527I SEALNT 464 ph 0 fwd 1 hv 10
RC POS 464 id 5 seat 1 role expand fs 0 body 1 pos 3,5 stuck 0
RC WALK 464 id 5 role expand pos 3,5 tgt 2,4 want WEST
RC POS 464 id 14 seat 5 role raid fs 0 body 1 pos 26,25 stuck 1
RC POS 464 id 293 seat 7 role raid fs 0 body 1 pos 14,13 stuck 0
RC WALK 464 id 293 role raid pos 14,13 tgt 26,25 want EAST
V527I SEALNT 465 ph 0 fwd 1 hv 10
RC POS 465 id 5 seat 1 role expand fs 0 body 1 pos 3,6 stuck 0
RC WALK 465 id 5 role expand pos 3,6 tgt 2,4 want NORTH
RC POS 465 id 14 seat 5 role raid fs 0 body 1 pos 26,25 stuck 1
RC POS 465 id 293 seat 7 role raid fs 0 body 1 pos 15,13 stuck 0
RC WALK 465 id 293 role raid pos 15,13 tgt 26,25 want SOUTH
V527I SEALNT 466 ph 0 fwd 1 hv 10
RC POS 466 id 5 seat 1 role expand fs 0 body 1 pos 3,5 stuck 0
RC WALK 466 id 5 role expand pos 3,5 tgt 2,4 want WEST
RC POS 466 id 14 seat 5 role raid fs 0 body 1 pos 26,25 stuck 1
RC POS 466 id 293 seat 7 role raid fs 0 body 1 pos 15,14 stuck 0
RC WALK 466 id 293 role raid pos 15,14 tgt 26,25 want EAST
V527I SEALNT 467 ph 0 fwd 1 hv 10
RC POS 467 id 5 seat 1 role expand fs 0 body 1 pos 3,6 stuck 0
RC WALK 467 id 5 role expand pos 3,6 tgt 2,4 want NORTH
RC POS 467 id 14 seat 5 role raid fs 0 body 1 pos 26,25 stuck 1
RC POS 467 id 293 seat 7 role raid fs 0 body 1 pos 16,14 stuck 0
RC WALK 467 id 293 role raid pos 16,14 tgt 26,25 want SOUTH
V527I SEALNT 468 ph 0 fwd 1 hv 10
RC POS 468 id 5 seat 1 role expand fs 0 body 1 pos 3,5 stuck 0
RC WALK 468 id 5 role expand pos 3,5 tgt 2,4 want WEST
RC POS 468 id 14 seat 5 role raid fs 0 body 1 pos 26,25 stuck 1
RC POS 468 id 293 seat 7 role raid fs 0 body 1 pos 16,15 stuck 0
RC WALK 468 id 293 role raid pos 16,15 tgt 26,25 want EAST
V527I SEALNT 469 ph 0 fwd 1 hv 10
RC POS 469 id 5 seat 1 role expand fs 0 body 1 pos 3,6 stuck 0
RC WALK 469 id 5 role expand pos 3,6 tgt 2,4 want NORTH
RC POS 469 id 14 seat 5 role raid fs 0 body 1 pos 26,25 stuck 1
RC POS 469 id 293 seat 7 role raid fs 0 body 1 pos 17,15 stuck 0
RC WALK 469 id 293 role raid pos 17,15 tgt 26,25 want EAST
RC SEAT 469 id 294 seat 8
RC POS 469 id 294 seat 8 role raid fs 0 body 1 pos 1,1 stuck 0
RC WALK 469 id 294 role raid pos 1,1 tgt 27,25 want NORTH
V527I SEALNT 470 ph 0 fwd 1 hv 10
RC POS 470 id 5 seat 1 role expand fs 0 body 1 pos 3,5 stuck 0
RC WALK 470 id 5 role expand pos 3,5 tgt 2,4 want WEST
RC POS 470 id 14 seat 5 role raid fs 0 body 1 pos 26,25 stuck 1
RC POS 470 id 293 seat 7 role raid fs 0 body 1 pos 18,15 stuck 0
RC WALK 470 id 293 role raid pos 18,15 tgt 26,25 want EAST
RC POS 470 id 294 seat 8 role raid fs 0 body 1 pos 1,0 stuck 0
RC WALK 470 id 294 role raid pos 1,0 tgt 27,25 want EAST
V527I SEALNT 471 ph 0 fwd 1 hv 10
RC POS 471 id 5 seat 1 role expand fs 0 body 1 pos 3,6 stuck 0
RC WALK 471 id 5 role expand pos 3,6 tgt 2,4 want NORTH
RC POS 471 id 14 seat 5 role raid fs 0 body 1 pos 26,25 stuck 1
RC POS 471 id 293 seat 7 role raid fs 0 body 1 pos 19,15 stuck 0
RC WALK 471 id 293 role raid pos 19,15 tgt 26,25 want EAST
RC POS 471 id 294 seat 8 role raid fs 0 body 1 pos 2,0 stuck 0
RC WALK 471 id 294 role raid pos 2,0 tgt 27,25 want EAST
V527I SEALNT 472 ph 0 fwd 1 hv 10
RC POS 472 id 5 seat 1 role expand fs 0 body 1 pos 3,5 stuck 0
RC WALK 472 id 5 role expand pos 3,5 tgt 2,4 want WEST
RC POS 472 id 14 seat 5 role raid fs 0 body 1 pos 26,25 stuck 1
RC POS 472 id 293 seat 7 role raid fs 0 body 1 pos 20,15 stuck 0
RC WALK 472 id 293 role raid pos 20,15 tgt 26,25 want SOUTH
RC POS 472 id 294 seat 8 role raid fs 0 body 1 pos 3,0 stuck 0
RC WALK 472 id 294 role raid pos 3,0 tgt 27,25 want EAST
V527I SEALNT 473 ph 0 fwd 1 hv 10
RC POS 473 id 5 seat 1 role expand fs 0 body 1 pos 3,6 stuck 0
RC WALK 473 id 5 role expand pos 3,6 tgt 2,4 want NORTH
RC POS 473 id 14 seat 5 role raid fs 0 body 1 pos 26,25 stuck 1
RC POS 473 id 293 seat 7 role raid fs 0 body 1 pos 20,16 stuck 0
RC WALK 473 id 293 role raid pos 20,16 tgt 26,25 want SOUTH
RC POS 473 id 294 seat 8 role raid fs 0 body 1 pos 4,0 stuck 0
RC WALK 473 id 294 role raid pos 4,0 tgt 27,25 want EAST
V527I SEALNT 474 ph 0 fwd 1 hv 10
RC POS 474 id 5 seat 1 role expand fs 0 body 1 pos 3,5 stuck 0
RC WALK 474 id 5 role expand pos 3,5 tgt 2,4 want WEST
RC POS 474 id 14 seat 5 role raid fs 0 body 1 pos 26,25 stuck 1
RC POS 474 id 293 seat 7 role raid fs 0 body 1 pos 20,17 stuck 0
RC WALK 474 id 293 role raid pos 20,17 tgt 26,25 want SOUTH
RC POS 474 id 294 seat 8 role raid fs 0 body 1 pos 5,0 stuck 0
RC WALK 474 id 294 role raid pos 5,0 tgt 27,25 want EAST
V527I SEALNT 475 ph 0 fwd 1 hv 10
RC POS 475 id 5 seat 1 role expand fs 0 body 1 pos 3,6 stuck 0
RC WALK 475 id 5 role expand pos 3,6 tgt 2,4 want NORTH
RC POS 475 id 14 seat 5 role raid fs 0 body 1 pos 26,25 stuck 1
RC POS 475 id 293 seat 7 role raid fs 0 body 1 pos 20,18 stuck 0
RC WALK 475 id 293 role raid pos 20,18 tgt 25,25 want SOUTH
RC POS 475 id 294 seat 8 role raid fs 0 body 1 pos 6,0 stuck 0
RC WALK 475 id 294 role raid pos 6,0 tgt 27,25 want SOUTH
V527I SEALNT 476 ph 0 fwd 1 hv 10
RC POS 476 id 5 seat 1 role expand fs 0 body 1 pos 3,5 stuck 0
RC WALK 476 id 5 role expand pos 3,5 tgt 2,4 want WEST
RC POS 476 id 14 seat 5 role raid fs 0 body 1 pos 26,25 stuck 1
RC POS 476 id 293 seat 7 role raid fs 0 body 1 pos 20,19 stuck 0
RC WALK 476 id 293 role raid pos 20,19 tgt 25,25 want SOUTH
RC POS 476 id 294 seat 8 role raid fs 0 body 1 pos 6,1 stuck 0
RC WALK 476 id 294 role raid pos 6,1 tgt 27,25 want SOUTH
V527I SEALNT 477 ph 0 fwd 1 hv 10
RC POS 477 id 5 seat 1 role expand fs 0 body 1 pos 3,6 stuck 0
RC WALK 477 id 5 role expand pos 3,6 tgt 2,4 want NORTH
RC POS 477 id 14 seat 5 role raid fs 0 body 1 pos 26,25 stuck 1
RC POS 477 id 293 seat 7 role raid fs 0 body 1 pos 20,20 stuck 0
RC WALK 477 id 293 role raid pos 20,20 tgt 25,25 want SOUTH
RC POS 477 id 294 seat 8 role raid fs 0 body 1 pos 6,2 stuck 0
RC WALK 477 id 294 role raid pos 6,2 tgt 27,25 want SOUTH
V527I SEALNT 478 ph 0 fwd 1 hv 10
RC POS 478 id 5 seat 1 role expand fs 0 body 1 pos 3,5 stuck 0
RC WALK 478 id 5 role expand pos 3,5 tgt 2,4 want WEST
RC POS 478 id 14 seat 5 role raid fs 0 body 1 pos 26,25 stuck 1
RC POS 478 id 293 seat 7 role raid fs 0 body 1 pos 20,21 stuck 0
RC WALK 478 id 293 role raid pos 20,21 tgt 25,25 want SOUTH
RC POS 478 id 294 seat 8 role raid fs 0 body 1 pos 6,3 stuck 0
RC WALK 478 id 294 role raid pos 6,3 tgt 27,25 want SOUTH
V527I SEALNT 479 ph 0 fwd 1 hv 10
RC POS 479 id 5 seat 1 role expand fs 0 body 1 pos 3,6 stuck 0
RC WALK 479 id 5 role expand pos 3,6 tgt 2,4 want NORTH
RC POS 479 id 14 seat 5 role raid fs 0 body 1 pos 26,25 stuck 2
RC POS 479 id 293 seat 7 role raid fs 0 body 1 pos 20,22 stuck 0
RC WALK 479 id 293 role raid pos 20,22 tgt 25,25 want EAST
RC POS 479 id 294 seat 8 role raid fs 0 body 1 pos 6,4 stuck 0
RC WALK 479 id 294 role raid pos 6,4 tgt 27,25 want EAST
V527I SEALNT 480 ph 0 fwd 1 hv 10
RC POS 480 id 5 seat 1 role expand fs 0 body 1 pos 3,5 stuck 0
RC WALK 480 id 5 role expand pos 3,5 tgt 2,4 want WEST
RC POS 480 id 14 seat 5 role raid fs 0 body 1 pos 26,25 stuck 3
RC POS 480 id 293 seat 7 role raid fs 0 body 1 pos 21,22 stuck 0
RC WALK 480 id 293 role raid pos 21,22 tgt 25,25 want SOUTH
RC POS 480 id 294 seat 8 role raid fs 0 body 1 pos 7,4 stuck 0
RC WALK 480 id 294 role raid pos 7,4 tgt 27,25 want SOUTH
V527I SEALNT 481 ph 0 fwd 1 hv 10
RC POS 481 id 5 seat 1 role expand fs 0 body 1 pos 3,6 stuck 0
RC WALK 481 id 5 role expand pos 3,6 tgt 2,4 want NORTH
RC POS 481 id 14 seat 5 role raid fs 0 body 1 pos 26,25 stuck 4
RC POS 481 id 293 seat 7 role raid fs 0 body 1 pos 21,23 stuck 0
RC WALK 481 id 293 role raid pos 21,23 tgt 28,25 want EAST
RC POS 481 id 294 seat 8 role raid fs 0 body 1 pos 7,5 stuck 0
RC WALK 481 id 294 role raid pos 7,5 tgt 27,25 want EAST
V527I SEALNT 482 ph 0 fwd 1 hv 10
RC POS 482 id 5 seat 1 role expand fs 0 body 1 pos 3,5 stuck 0
RC WALK 482 id 5 role expand pos 3,5 tgt 2,4 want WEST
RC POS 482 id 14 seat 5 role raid fs 0 body 1 pos 26,25 stuck 5
RC POS 482 id 293 seat 7 role raid fs 0 body 1 pos 22,23 stuck 0
RC WALK 482 id 293 role raid pos 22,23 tgt 28,25 want SOUTH
RC POS 482 id 294 seat 8 role raid fs 0 body 1 pos 8,5 stuck 0
RC WALK 482 id 294 role raid pos 8,5 tgt 27,25 want SOUTH
V527I SEALNT 483 ph 0 fwd 1 hv 10
RC POS 483 id 5 seat 1 role expand fs 0 body 1 pos 3,6 stuck 0
RC WALK 483 id 5 role expand pos 3,6 tgt 2,4 want NORTH
RC POS 483 id 14 seat 5 role raid fs 0 body 1 pos 26,25 stuck 6
RC POS 483 id 293 seat 7 role raid fs 0 body 1 pos 22,24 stuck 0
RC WALK 483 id 293 role raid pos 22,24 tgt 28,25 want EAST
RC POS 483 id 294 seat 8 role raid fs 0 body 1 pos 8,6 stuck 0
RC WALK 483 id 294 role raid pos 8,6 tgt 27,25 want SOUTH
V527I SEALNT 484 ph 0 fwd 1 hv 10
RC POS 484 id 5 seat 1 role expand fs 0 body 1 pos 3,5 stuck 0
RC WALK 484 id 5 role expand pos 3,5 tgt 2,4 want WEST
RC POS 484 id 14 seat 5 role raid fs 0 body 1 pos 26,25 stuck 7
RC POS 484 id 293 seat 7 role raid fs 0 body 1 pos 23,24 stuck 0
RC WALK 484 id 293 role raid pos 23,24 tgt 28,25 want SOUTH
RC POS 484 id 294 seat 8 role raid fs 0 body 1 pos 8,7 stuck 0
RC WALK 484 id 294 role raid pos 8,7 tgt 27,25 want EAST
V527I SEALNT 485 ph 0 fwd 1 hv 10
RC POS 485 id 5 seat 1 role expand fs 0 body 1 pos 3,6 stuck 0
RC WALK 485 id 5 role expand pos 3,6 tgt 2,4 want NORTH
RC POS 485 id 14 seat 5 role raid fs 0 body 1 pos 26,25 stuck 1
RC POS 485 id 293 seat 7 role raid fs 0 body 1 pos 23,25 stuck 0
RC WALK 485 id 293 role raid pos 23,25 tgt 28,25 want SOUTH
RC POS 485 id 294 seat 8 role raid fs 0 body 1 pos 9,7 stuck 0
RC WALK 485 id 294 role raid pos 9,7 tgt 27,25 want EAST
V527I SEALNT 486 ph 0 fwd 1 hv 10
RC POS 486 id 5 seat 1 role expand fs 0 body 1 pos 3,5 stuck 0
RC WALK 486 id 5 role expand pos 3,5 tgt 2,4 want WEST
RC POS 486 id 14 seat 5 role raid fs 0 body 1 pos 26,25 stuck 2
RC POS 486 id 293 seat 7 role raid fs 0 body 1 pos 23,26 stuck 0
RC WALK 486 id 293 role raid pos 23,26 tgt 28,25 want WEST
RC POS 486 id 294 seat 8 role raid fs 0 body 1 pos 10,7 stuck 0
RC WALK 486 id 294 role raid pos 10,7 tgt 27,25 want SOUTH
V527I SEALNT 487 ph 0 fwd 1 hv 10
RC POS 487 id 5 seat 1 role expand fs 0 body 1 pos 3,6 stuck 0
RC WALK 487 id 5 role expand pos 3,6 tgt 2,4 want NORTH
RC POS 487 id 14 seat 5 role raid fs 0 body 1 pos 26,25 stuck 3
RC POS 487 id 293 seat 7 role raid fs 0 body 1 pos 22,26 stuck 0
RC WALK 487 id 293 role raid pos 22,26 tgt 28,25 want SOUTH
RC POS 487 id 294 seat 8 role raid fs 0 body 1 pos 10,8 stuck 0
RC WALK 487 id 294 role raid pos 10,8 tgt 27,25 want SOUTH
V527I SEALNT 488 ph 0 fwd 1 hv 10
RC POS 488 id 5 seat 1 role expand fs 0 body 1 pos 3,5 stuck 0
RC WALK 488 id 5 role expand pos 3,5 tgt 2,4 want WEST
RC POS 488 id 14 seat 5 role raid fs 0 body 1 pos 26,25 stuck 4
RC POS 488 id 293 seat 7 role raid fs 0 body 1 pos 22,27 stuck 0
RC WALK 488 id 293 role raid pos 22,27 tgt 28,25 want SOUTH
RC POS 488 id 294 seat 8 role raid fs 0 body 1 pos 10,9 stuck 0
RC WALK 488 id 294 role raid pos 10,9 tgt 27,25 want EAST
V527I SEALNT 489 ph 0 fwd 1 hv 10
RC POS 489 id 5 seat 1 role expand fs 0 body 1 pos 3,6 stuck 0
RC WALK 489 id 5 role expand pos 3,6 tgt 2,4 want NORTH
RC POS 489 id 14 seat 5 role raid fs 0 body 1 pos 26,25 stuck 5
RC POS 489 id 293 seat 7 role raid fs 0 body 1 pos 22,28 stuck 0
RC WALK 489 id 293 role raid pos 22,28 tgt 28,25 want NORTH
RC POS 489 id 294 seat 8 role raid fs 0 body 1 pos 11,9 stuck 0
RC WALK 489 id 294 role raid pos 11,9 tgt 27,25 want EAST
V527I SEALNT 490 ph 0 fwd 1 hv 10
RC POS 490 id 5 seat 1 role expand fs 0 body 1 pos 3,5 stuck 0
RC WALK 490 id 5 role expand pos 3,5 tgt 2,4 want WEST
RC POS 490 id 14 seat 5 role raid fs 0 body 1 pos 26,25 stuck 6
RC POS 490 id 293 seat 7 role raid fs 0 body 1 pos 22,27 stuck 0
RC WALK 490 id 293 role raid pos 22,27 tgt 28,25 want SOUTH
RC POS 490 id 294 seat 8 role raid fs 0 body 1 pos 12,9 stuck 0
RC WALK 490 id 294 role raid pos 12,9 tgt 27,25 want EAST
V527I SEALNT 491 ph 0 fwd 1 hv 10
RC POS 491 id 5 seat 1 role expand fs 0 body 1 pos 3,6 stuck 0
RC WALK 491 id 5 role expand pos 3,6 tgt 2,4 want NORTH
RC POS 491 id 14 seat 5 role raid fs 0 body 1 pos 26,25 stuck 1
RC POS 491 id 293 seat 7 role raid fs 0 body 1 pos 22,28 stuck 0
RC WALK 491 id 293 role raid pos 22,28 tgt 28,25 want NORTH
RC POS 491 id 294 seat 8 role raid fs 0 body 1 pos 13,9 stuck 0
RC WALK 491 id 294 role raid pos 13,9 tgt 27,25 want EAST
V527I SEALNT 492 ph 0 fwd 1 hv 10
RC POS 492 id 5 seat 1 role expand fs 0 body 1 pos 3,5 stuck 0
RC WALK 492 id 5 role expand pos 3,5 tgt 2,4 want WEST
RC POS 492 id 14 seat 5 role raid fs 0 body 1 pos 26,25 stuck 2
RC POS 492 id 293 seat 7 role raid fs 0 body 1 pos 22,27 stuck 0
RC WALK 492 id 293 role raid pos 22,27 tgt 28,25 want SOUTH
RC POS 492 id 294 seat 8 role raid fs 0 body 1 pos 14,9 stuck 0
RC WALK 492 id 294 role raid pos 14,9 tgt 27,25 want SOUTH
V527I SEALNT 493 ph 0 fwd 1 hv 10
RC POS 493 id 5 seat 1 role expand fs 0 body 1 pos 3,6 stuck 0
RC WALK 493 id 5 role expand pos 3,6 tgt 2,4 want NORTH
RC POS 493 id 14 seat 5 role raid fs 0 body 1 pos 26,25 stuck 3
RC POS 493 id 293 seat 7 role raid fs 0 body 1 pos 22,28 stuck 0
RC WALK 493 id 293 role raid pos 22,28 tgt 28,28 want NORTH
RC POS 493 id 294 seat 8 role raid fs 0 body 1 pos 14,10 stuck 0
RC WALK 493 id 294 role raid pos 14,10 tgt 27,25 want SOUTH
V527I SEALNT 494 ph 0 fwd 1 hv 10
RC POS 494 id 5 seat 1 role expand fs 0 body 1 pos 3,5 stuck 0
RC WALK 494 id 5 role expand pos 3,5 tgt 2,4 want WEST
RC POS 494 id 14 seat 5 role raid fs 0 body 1 pos 26,25 stuck 4
RC POS 494 id 293 seat 7 role raid fs 0 body 1 pos 22,27 stuck 0
RC WALK 494 id 293 role raid pos 22,27 tgt 28,28 want SOUTH
RC POS 494 id 294 seat 8 role raid fs 0 body 1 pos 14,11 stuck 0
RC WALK 494 id 294 role raid pos 14,11 tgt 27,25 want SOUTH
V527I SEALNT 495 ph 0 fwd 1 hv 10
RC POS 495 id 5 seat 1 role expand fs 0 body 1 pos 3,6 stuck 0
RC WALK 495 id 5 role expand pos 3,6 tgt 2,4 want NORTH
RC POS 495 id 14 seat 5 role raid fs 0 body 1 pos 26,25 stuck 5
RC POS 495 id 293 seat 7 role raid fs 0 body 1 pos 22,28 stuck 0
RC WALK 495 id 293 role raid pos 22,28 tgt 28,28 want NORTH
RC POS 495 id 294 seat 8 role raid fs 0 body 1 pos 14,12 stuck 0
RC WALK 495 id 294 role raid pos 14,12 tgt 27,25 want EAST
V527I SEALNT 496 ph 0 fwd 1 hv 10
RC POS 496 id 5 seat 1 role expand fs 0 body 1 pos 3,5 stuck 0
RC WALK 496 id 5 role expand pos 3,5 tgt 2,4 want WEST
RC POS 496 id 14 seat 5 role raid fs 0 body 1 pos 26,25 stuck 6
RC POS 496 id 293 seat 7 role raid fs 0 body 1 pos 22,27 stuck 0
RC WALK 496 id 293 role raid pos 22,27 tgt 28,28 want SOUTH
RC POS 496 id 294 seat 8 role raid fs 0 body 1 pos 15,12 stuck 0
RC WALK 496 id 294 role raid pos 15,12 tgt 27,25 want SOUTH
V527I SEALNT 497 ph 0 fwd 1 hv 10
RC POS 497 id 5 seat 1 role expand fs 0 body 1 pos 3,6 stuck 0
RC WALK 497 id 5 role expand pos 3,6 tgt 2,4 want NORTH
RC POS 497 id 14 seat 5 role raid fs 0 body 1 pos 26,25 stuck 1
RC POS 497 id 293 seat 7 role raid fs 0 body 1 pos 22,28 stuck 0
RC WALK 497 id 293 role raid pos 22,28 tgt 28,28 want NORTH
RC POS 497 id 294 seat 8 role raid fs 0 body 1 pos 15,13 stuck 0
RC WALK 497 id 294 role raid pos 15,13 tgt 27,25 want EAST
V527I SEALNT 498 ph 0 fwd 1 hv 10
RC POS 498 id 5 seat 1 role expand fs 0 body 1 pos 3,5 stuck 0
RC WALK 498 id 5 role expand pos 3,5 tgt 2,4 want WEST
RC POS 498 id 14 seat 5 role raid fs 0 body 1 pos 26,25 stuck 2
RC POS 498 id 293 seat 7 role raid fs 0 body 1 pos 22,27 stuck 0
RC WALK 498 id 293 role raid pos 22,27 tgt 28,28 want SOUTH
RC POS 498 id 294 seat 8 role raid fs 0 body 1 pos 16,13 stuck 0
RC WALK 498 id 294 role raid pos 16,13 tgt 27,25 want SOUTH
V527I SEALNT 499 ph 0 fwd 1 hv 10
RC POS 499 id 5 seat 1 role expand fs 0 body 1 pos 3,6 stuck 0
RC WALK 499 id 5 role expand pos 3,6 tgt 2,4 want NORTH
RC POS 499 id 14 seat 5 role raid fs 0 body 1 pos 26,25 stuck 3
RC POS 499 id 293 seat 7 role raid fs 0 body 1 pos 22,28 stuck 0
RC WALK 499 id 293 role raid pos 22,28 tgt 28,28 want NORTH
RC POS 499 id 294 seat 8 role raid fs 0 body 1 pos 16,14 stuck 0
RC WALK 499 id 294 role raid pos 16,14 tgt 27,25 want EAST
V527I SEALNT 500 ph 0 fwd 1 hv 10
RC POS 500 id 5 seat 1 role expand fs 0 body 1 pos 3,5 stuck 0
RC WALK 500 id 5 role expand pos 3,5 tgt 2,4 want WEST
RC POS 500 id 14 seat 5 role raid fs 0 body 1 pos 26,25 stuck 4
RC POS 500 id 293 seat 7 role raid fs 0 body 1 pos 22,27 stuck 0
RC WALK 500 id 293 role raid pos 22,27 tgt 28,28 want SOUTH
RC POS 500 id 294 seat 8 role raid fs 0 body 1 pos 17,14 stuck 0
RC WALK 500 id 294 role raid pos 17,14 tgt 27,25 want SOUTH
V527I SEALNT 501 ph 0 fwd 1 hv 10
RC POS 501 id 5 seat 1 role expand fs 0 body 1 pos 3,6 stuck 0
RC WALK 501 id 5 role expand pos 3,6 tgt 2,4 want NORTH
RC POS 501 id 14 seat 5 role raid fs 0 body 1 pos 26,25 stuck 5
RC POS 501 id 293 seat 7 role raid fs 0 body 1 pos 22,28 stuck 0
RC WALK 501 id 293 role raid pos 22,28 tgt 28,28 want NORTH
RC POS 501 id 294 seat 8 role raid fs 0 body 1 pos 17,15 stuck 0
RC WALK 501 id 294 role raid pos 17,15 tgt 27,25 want EAST
V527I SEALNT 502 ph 0 fwd 1 hv 10
RC POS 502 id 5 seat 1 role expand fs 0 body 1 pos 3,5 stuck 0
RC WALK 502 id 5 role expand pos 3,5 tgt 2,4 want WEST
RC POS 502 id 14 seat 5 role raid fs 0 body 1 pos 26,25 stuck 6
RC POS 502 id 293 seat 7 role raid fs 0 body 1 pos 22,27 stuck 0
RC WALK 502 id 293 role raid pos 22,27 tgt 28,28 want NORTH
RC POS 502 id 294 seat 8 role raid fs 0 body 1 pos 18,15 stuck 0
RC WALK 502 id 294 role raid pos 18,15 tgt 27,25 want EAST
V527I SEALNT 503 ph 0 fwd 1 hv 10
RC POS 503 id 5 seat 1 role expand fs 0 body 1 pos 3,6 stuck 0
RC WALK 503 id 5 role expand pos 3,6 tgt 2,4 want NORTH
RC POS 503 id 14 seat 5 role raid fs 0 body 1 pos 26,25 stuck 1
RC POS 503 id 293 seat 7 role raid fs 0 body 1 pos 22,26 stuck 0
RC WALK 503 id 293 role raid pos 22,26 tgt 28,28 want SOUTH
RC POS 503 id 294 seat 8 role raid fs 0 body 1 pos 19,15 stuck 0
RC WALK 503 id 294 role raid pos 19,15 tgt 27,25 want EAST
V527I SEALNT 504 ph 0 fwd 1 hv 10
RC POS 504 id 5 seat 1 role expand fs 0 body 1 pos 3,5 stuck 0
RC WALK 504 id 5 role expand pos 3,5 tgt 2,4 want WEST
RC POS 504 id 14 seat 5 role raid fs 0 body 1 pos 26,25 stuck 1
RC POS 504 id 293 seat 7 role raid fs 0 body 1 pos 22,27 stuck 0
RC WALK 504 id 293 role raid pos 22,27 tgt 28,28 want SOUTH
RC POS 504 id 294 seat 8 role raid fs 0 body 1 pos 20,15 stuck 0
RC WALK 504 id 294 role raid pos 20,15 tgt 27,25 want SOUTH
V527I SEALNT 505 ph 0 fwd 1 hv 10
RC POS 505 id 5 seat 1 role expand fs 0 body 1 pos 3,6 stuck 0
RC WALK 505 id 5 role expand pos 3,6 tgt 2,4 want NORTH
RC POS 505 id 14 seat 5 role raid fs 0 body 1 pos 26,25 stuck 1
RC POS 505 id 293 seat 7 role raid fs 0 body 1 pos 22,28 stuck 0
RC WALK 505 id 293 role raid pos 22,28 tgt 28,28 want EAST
RC POS 505 id 294 seat 8 role raid fs 0 body 1 pos 20,16 stuck 0
RC WALK 505 id 294 role raid pos 20,16 tgt 27,25 want SOUTH
V527I SEALNT 506 ph 0 fwd 1 hv 10
RC POS 506 id 5 seat 1 role expand fs 0 body 1 pos 3,5 stuck 0
RC WALK 506 id 5 role expand pos 3,5 tgt 2,4 want WEST
RC POS 506 id 14 seat 5 role raid fs 0 body 1 pos 26,25 stuck 2
RC POS 506 id 293 seat 7 role raid fs 0 body 1 pos 23,28 stuck 0
RC WALK 506 id 293 role raid pos 23,28 tgt 28,28 want WEST
RC POS 506 id 294 seat 8 role raid fs 0 body 1 pos 20,17 stuck 0
RC WALK 506 id 294 role raid pos 20,17 tgt 27,25 want SOUTH
V527I SEALNT 507 ph 0 fwd 1 hv 10
RC POS 507 id 5 seat 1 role expand fs 0 body 1 pos 3,6 stuck 0
RC WALK 507 id 5 role expand pos 3,6 tgt 2,4 want NORTH
RC POS 507 id 14 seat 5 role raid fs 0 body 1 pos 26,25 stuck 3
RC POS 507 id 293 seat 7 role raid fs 0 body 1 pos 22,28 stuck 0
RC WALK 507 id 293 role raid pos 22,28 tgt 28,28 want EAST
RC POS 507 id 294 seat 8 role raid fs 0 body 1 pos 20,18 stuck 0
RC WALK 507 id 294 role raid pos 20,18 tgt 25,25 want SOUTH
V527I SEALNT 508 ph 0 fwd 1 hv 10
RC POS 508 id 5 seat 1 role expand fs 0 body 1 pos 3,5 stuck 0
RC WALK 508 id 5 role expand pos 3,5 tgt 2,4 want WEST
RC POS 508 id 14 seat 5 role raid fs 0 body 1 pos 26,25 stuck 4
RC POS 508 id 293 seat 7 role raid fs 0 body 1 pos 23,28 stuck 0
RC WALK 508 id 293 role raid pos 23,28 tgt 28,28 want WEST
RC POS 508 id 294 seat 8 role raid fs 0 body 1 pos 20,19 stuck 0
RC WALK 508 id 294 role raid pos 20,19 tgt 25,25 want SOUTH
V527I SEALNT 509 ph 0 fwd 1 hv 10
RC POS 509 id 5 seat 1 role expand fs 0 body 1 pos 3,6 stuck 0
RC WALK 509 id 5 role expand pos 3,6 tgt 2,4 want NORTH
RC POS 509 id 14 seat 5 role raid fs 0 body 1 pos 26,25 stuck 5
RC POS 509 id 293 seat 7 role raid fs 0 body 1 pos 22,28 stuck 0
RC WALK 509 id 293 role raid pos 22,28 tgt 28,28 want EAST
RC POS 509 id 294 seat 8 role raid fs 0 body 1 pos 20,20 stuck 0
RC WALK 509 id 294 role raid pos 20,20 tgt 25,25 want SOUTH
V527I SEALNT 510 ph 0 fwd 1 hv 10
RC POS 510 id 5 seat 1 role expand fs 0 body 1 pos 3,5 stuck 0
RC WALK 510 id 5 role expand pos 3,5 tgt 2,4 want WEST
RC POS 510 id 14 seat 5 role raid fs 0 body 1 pos 26,25 stuck 6
RC POS 510 id 293 seat 7 role raid fs 0 body 1 pos 23,28 stuck 0
RC WALK 510 id 293 role raid pos 23,28 tgt 28,28 want WEST
RC POS 510 id 294 seat 8 role raid fs 0 body 1 pos 20,21 stuck 0
RC WALK 510 id 294 role raid pos 20,21 tgt 25,25 want SOUTH
V527I SEALNT 511 ph 0 fwd 1 hv 10
RC POS 511 id 5 seat 1 role expand fs 0 body 1 pos 3,6 stuck 0
RC WALK 511 id 5 role expand pos 3,6 tgt 2,4 want NORTH
RC POS 511 id 14 seat 5 role raid fs 0 body 1 pos 26,25 stuck 7
RC POS 511 id 293 seat 7 role raid fs 0 body 1 pos 22,28 stuck 0
RC WALK 511 id 293 role raid pos 22,28 tgt 28,28 want EAST
RC POS 511 id 294 seat 8 role raid fs 0 body 1 pos 20,22 stuck 0
RC WALK 511 id 294 role raid pos 20,22 tgt 25,25 want EAST
V527I SEALNT 512 ph 0 fwd 1 hv 10
RC POS 512 id 5 seat 1 role expand fs 0 body 1 pos 3,5 stuck 0
RC WALK 512 id 5 role expand pos 3,5 tgt 2,4 want WEST
RC POS 512 id 14 seat 5 role raid fs 0 body 1 pos 26,25 stuck 8
RC POS 512 id 293 seat 7 role raid fs 0 body 1 pos 23,28 stuck 0
RC WALK 512 id 293 role raid pos 23,28 tgt 28,28 want WEST
RC POS 512 id 294 seat 8 role raid fs 0 body 1 pos 21,22 stuck 0
RC WALK 512 id 294 role raid pos 21,22 tgt 25,25 want SOUTH
V527I SEALNT 513 ph 0 fwd 1 hv 10
RC POS 513 id 5 seat 1 role expand fs 0 body 1 pos 3,6 stuck 0
RC WALK 513 id 5 role expand pos 3,6 tgt 2,4 want NORTH
RC POS 513 id 14 seat 5 role raid fs 0 body 1 pos 26,25 stuck 9
RC POS 513 id 293 seat 7 role raid fs 0 body 1 pos 22,28 stuck 0
RC WALK 513 id 293 role raid pos 22,28 tgt 28,28 want EAST
RC POS 513 id 294 seat 8 role raid fs 0 body 1 pos 21,23 stuck 0
RC WALK 513 id 294 role raid pos 21,23 tgt 28,25 want EAST
V527I SEALNT 514 ph 0 fwd 1 hv 10
RC POS 514 id 5 seat 1 role expand fs 0 body 1 pos 3,5 stuck 0
RC WALK 514 id 5 role expand pos 3,5 tgt 2,4 want WEST
RC POS 514 id 14 seat 5 role raid fs 0 body 1 pos 26,25 stuck 10
RC POS 514 id 293 seat 7 role raid fs 0 body 1 pos 23,28 stuck 0
RC WALK 514 id 293 role raid pos 23,28 tgt 28,28 want WEST
RC POS 514 id 294 seat 8 role raid fs 0 body 1 pos 22,23 stuck 0
RC WALK 514 id 294 role raid pos 22,23 tgt 28,25 want SOUTH
V527I SEALNT 515 ph 0 fwd 1 hv 10
RC POS 515 id 5 seat 1 role expand fs 0 body 1 pos 3,6 stuck 0
RC WALK 515 id 5 role expand pos 3,6 tgt 2,4 want NORTH
RC POS 515 id 14 seat 5 role raid fs 0 body 1 pos 26,25 stuck 11
RC POS 515 id 293 seat 7 role raid fs 0 body 1 pos 22,28 stuck 0
RC WALK 515 id 293 role raid pos 22,28 tgt 28,28 want EAST
RC POS 515 id 294 seat 8 role raid fs 0 body 1 pos 22,24 stuck 0
RC WALK 515 id 294 role raid pos 22,24 tgt 28,25 want SOUTH
V527I SEALNT 516 ph 0 fwd 1 hv 10
RC POS 516 id 5 seat 1 role expand fs 0 body 1 pos 3,5 stuck 0
RC WALK 516 id 5 role expand pos 3,5 tgt 2,4 want WEST
RC POS 516 id 14 seat 5 role raid fs 0 body 1 pos 26,25 stuck 12
RC POS 516 id 293 seat 7 role raid fs 0 body 1 pos 23,28 stuck 0
RC WALK 516 id 293 role raid pos 23,28 tgt 28,28 want WEST
RC POS 516 id 294 seat 8 role raid fs 0 body 1 pos 22,25 stuck 0
RC WALK 516 id 294 role raid pos 22,25 tgt 28,25 want SOUTH
V527I SEALNT 517 ph 0 fwd 1 hv 10
RC POS 517 id 5 seat 1 role expand fs 0 body 1 pos 3,6 stuck 0
RC WALK 517 id 5 role expand pos 3,6 tgt 2,4 want NORTH
RC POS 517 id 14 seat 5 role raid fs 0 body 1 pos 26,25 stuck 13
RC POS 517 id 293 seat 7 role raid fs 0 body 1 pos 22,28 stuck 0
RC WALK 517 id 293 role raid pos 22,28 tgt 28,28 want EAST
RC POS 517 id 294 seat 8 role raid fs 0 body 1 pos 22,26 stuck 0
RC WALK 517 id 294 role raid pos 22,26 tgt 28,25 want SOUTH
V527I SEALNT 518 ph 0 fwd 1 hv 10
RC POS 518 id 5 seat 1 role expand fs 0 body 1 pos 3,5 stuck 0
RC WALK 518 id 5 role expand pos 3,5 tgt 2,4 want WEST
RC POS 518 id 14 seat 5 role raid fs 0 body 1 pos 26,25 stuck 14
RC POS 518 id 293 seat 7 role raid fs 0 body 1 pos 23,28 stuck 0
RC WALK 518 id 293 role raid pos 23,28 tgt 28,28 want WEST
RC POS 518 id 294 seat 8 role raid fs 0 body 1 pos 22,27 stuck 0
V527I SEALNT 519 ph 0 fwd 1 hv 10
RC POS 519 id 5 seat 1 role expand fs 0 body 1 pos 3,6 stuck 0
RC WALK 519 id 5 role expand pos 3,6 tgt 2,4 want NORTH
RC POS 519 id 14 seat 5 role raid fs 0 body 1 pos 26,25 stuck 15
RC POS 519 id 293 seat 7 role raid fs 0 body 1 pos 22,28 stuck 0
RC WALK 519 id 293 role raid pos 22,28 tgt 28,28 want EAST
RC POS 519 id 294 seat 8 role raid fs 0 body 1 pos 22,27 stuck 1
RC WALK 519 id 294 role raid pos 22,27 tgt 25,27 want EAST
V527I SEALNT 520 ph 0 fwd 1 hv 10
RC POS 520 id 5 seat 1 role expand fs 0 body 1 pos 3,5 stuck 0
RC WALK 520 id 5 role expand pos 3,5 tgt 2,4 want WEST
RC POS 520 id 14 seat 5 role raid fs 0 body 1 pos 26,25 stuck 16
RC POS 520 id 293 seat 7 role raid fs 0 body 1 pos 23,28 stuck 0
RC WALK 520 id 293 role raid pos 23,28 tgt 28,28 want SOUTH
RC POS 520 id 294 seat 8 role raid fs 0 body 1 pos 22,28 stuck 0
RC WALK 520 id 294 role raid pos 22,28 tgt 25,27 want EAST
V527I SEALNT 521 ph 0 fwd 1 hv 10
RC POS 521 id 5 seat 1 role expand fs 0 body 1 pos 3,6 stuck 0
RC WALK 521 id 5 role expand pos 3,6 tgt 2,4 want NORTH
RC POS 521 id 14 seat 5 role raid fs 0 body 1 pos 26,25 stuck 17
RC POS 521 id 293 seat 7 role raid fs 0 body 1 pos 23,29 stuck 0
RC WALK 521 id 293 role raid pos 23,29 tgt 28,28 want EAST
RC POS 521 id 294 seat 8 role raid fs 0 body 1 pos 23,28 stuck 0
RC WALK 521 id 294 role raid pos 23,28 tgt 25,27 want EAST
V527I SEALNT 522 ph 0 fwd 1 hv 10
RC POS 522 id 5 seat 1 role expand fs 0 body 1 pos 3,5 stuck 0
RC WALK 522 id 5 role expand pos 3,5 tgt 2,4 want WEST
RC POS 522 id 14 seat 5 role raid fs 0 body 1 pos 26,25 stuck 18
RC POS 522 id 293 seat 7 role raid fs 0 body 1 pos 24,29 stuck 0
RC WALK 522 id 293 role raid pos 24,29 tgt 28,28 want EAST
RC POS 522 id 294 seat 8 role raid fs 0 body 1 pos 24,28 stuck 0
RC WALK 522 id 294 role raid pos 24,28 tgt 25,27 want EAST
V527I SEALNT 523 ph 0 fwd 1 hv 10
RC POS 523 id 5 seat 1 role expand fs 0 body 1 pos 3,6 stuck 0
RC WALK 523 id 5 role expand pos 3,6 tgt 2,4 want NORTH
RC POS 523 id 14 seat 5 role raid fs 0 body 1 pos 26,25 stuck 19
RC POS 523 id 293 seat 7 role raid fs 0 body 1 pos 25,29 stuck 0
RC WALK 523 id 293 role raid pos 25,29 tgt 25,27 want NORTH
RC POS 523 id 294 seat 8 role raid fs 0 body 1 pos 24,29 stuck 0
RC WALK 523 id 294 role raid pos 24,29 tgt 25,27 want NORTH
V527I SEALNT 524 ph 0 fwd 1 hv 10
RC POS 524 id 5 seat 1 role expand fs 0 body 1 pos 3,5 stuck 0
RC WALK 524 id 5 role expand pos 3,5 tgt 2,4 want WEST
RC POS 524 id 14 seat 5 role raid fs 0 body 1 pos 26,25 stuck 20
RC POS 524 id 293 seat 7 role raid fs 0 body 1 pos 26,29 stuck 0
RC WALK 524 id 293 role raid pos 26,29 tgt 25,27 want NORTH
RC POS 524 id 294 seat 8 role raid fs 0 body 1 pos 24,28 stuck 0
RC WALK 524 id 294 role raid pos 24,28 tgt 25,27 want EAST
V527I SEALNT 525 ph 0 fwd 1 hv 10
RC POS 525 id 5 seat 1 role expand fs 0 body 1 pos 3,6 stuck 0
RC WALK 525 id 5 role expand pos 3,6 tgt 2,4 want NORTH
RC POS 525 id 14 seat 5 role raid fs 0 body 1 pos 26,25 stuck 21
RC POS 525 id 293 seat 7 role raid fs 0 body 1 pos 27,29 stuck 0
RC WALK 525 id 293 role raid pos 27,29 tgt 25,27 want WEST
RC POS 525 id 294 seat 8 role raid fs 0 body 1 pos 24,29 stuck 0
RC WALK 525 id 294 role raid pos 24,29 tgt 25,27 want NORTH
V527I SEALNT 526 ph 0 fwd 1 hv 10
RC POS 526 id 5 seat 1 role expand fs 0 body 1 pos 3,5 stuck 0
RC WALK 526 id 5 role expand pos 3,5 tgt 2,4 want WEST
RC POS 526 id 14 seat 5 role raid fs 0 body 1 pos 26,25 stuck 22
RC POS 526 id 293 seat 7 role raid fs 0 body 1 pos 26,29 stuck 0
RC WALK 526 id 293 role raid pos 26,29 tgt 25,27 want NORTH
RC POS 526 id 294 seat 8 role raid fs 0 body 1 pos 24,28 stuck 0
RC WALK 526 id 294 role raid pos 24,28 tgt 25,27 want EAST
V527I SEALNT 527 ph 0 fwd 1 hv 10
RC POS 527 id 5 seat 1 role expand fs 0 body 1 pos 3,6 stuck 0
RC WALK 527 id 5 role expand pos 3,6 tgt 2,4 want NORTH
RC POS 527 id 14 seat 5 role raid fs 0 body 1 pos 26,25 stuck 23
RC POS 527 id 293 seat 7 role raid fs 0 body 1 pos 27,29 stuck 0
RC WALK 527 id 293 role raid pos 27,29 tgt 25,27 want WEST
RC POS 527 id 294 seat 8 role raid fs 0 body 1 pos 24,29 stuck 0
RC WALK 527 id 294 role raid pos 24,29 tgt 25,27 want NORTH
V527I SEALNT 528 ph 0 fwd 1 hv 10
RC POS 528 id 5 seat 1 role expand fs 0 body 1 pos 3,5 stuck 0
RC WALK 528 id 5 role expand pos 3,5 tgt 2,4 want WEST
RC POS 528 id 14 seat 5 role raid fs 0 body 1 pos 26,25 stuck 24
RC POS 528 id 293 seat 7 role raid fs 0 body 1 pos 26,29 stuck 0
V527I SEALNT 529 ph 0 fwd 1 hv 10
RC POS 529 id 5 seat 1 role expand fs 0 body 1 pos 3,6 stuck 0
RC WALK 529 id 5 role expand pos 3,6 tgt 2,4 want NORTH
RC POS 529 id 14 seat 5 role raid fs 0 body 1 pos 26,25 stuck 1
RC POS 529 id 293 seat 7 role raid fs 0 body 1 pos 26,29 stuck 1
RC WALK 529 id 293 role raid pos 26,29 tgt 25,27 want NORTH
V527I SEALNT 530 ph 0 fwd 1 hv 10
RC POS 530 id 5 seat 1 role expand fs 0 body 1 pos 3,5 stuck 0
RC WALK 530 id 5 role expand pos 3,5 tgt 2,4 want WEST
RC POS 530 id 14 seat 5 role raid fs 0 body 1 pos 26,25 stuck 1
RC POS 530 id 293 seat 7 role raid fs 0 body 1 pos 25,29 stuck 0
RC WALK 530 id 293 role raid pos 25,29 tgt 25,27 want NORTH
V527I SEALNT 531 ph 0 fwd 1 hv 10
RC POS 531 id 5 seat 1 role expand fs 0 body 1 pos 3,6 stuck 0
RC WALK 531 id 5 role expand pos 3,6 tgt 2,4 want NORTH
RC POS 531 id 14 seat 5 role raid fs 0 body 1 pos 26,25 stuck 1
RC POS 531 id 293 seat 7 role raid fs 0 body 1 pos 26,29 stuck 0
RC WALK 531 id 293 role raid pos 26,29 tgt 25,27 want NORTH
V527I SEALNT 532 ph 0 fwd 1 hv 10
RC POS 532 id 5 seat 1 role expand fs 0 body 1 pos 3,5 stuck 0
RC WALK 532 id 5 role expand pos 3,5 tgt 2,4 want WEST
RC POS 532 id 14 seat 5 role raid fs 0 body 1 pos 26,25 stuck 1
RC POS 532 id 293 seat 7 role raid fs 0 body 1 pos 25,29 stuck 0
RC WALK 532 id 293 role raid pos 25,29 tgt 25,27 want NORTH
V527I SEALNT 533 ph 0 fwd 1 hv 10
RC POS 533 id 5 seat 1 role expand fs 0 body 1 pos 3,6 stuck 0
RC WALK 533 id 5 role expand pos 3,6 tgt 2,4 want NORTH
RC POS 533 id 14 seat 5 role raid fs 0 body 1 pos 26,25 stuck 1
RC POS 533 id 293 seat 7 role raid fs 0 body 1 pos 26,29 stuck 0
RC WALK 533 id 293 role raid pos 26,29 tgt 25,27 want NORTH
V527I SEALNT 534 ph 0 fwd 1 hv 10
RC POS 534 id 5 seat 1 role expand fs 0 body 1 pos 3,5 stuck 0
RC WALK 534 id 5 role expand pos 3,5 tgt 2,4 want WEST
RC POS 534 id 14 seat 5 role raid fs 0 body 1 pos 26,25 stuck 2
RC POS 534 id 293 seat 7 role raid fs 0 body 1 pos 25,29 stuck 0
RC WALK 534 id 293 role raid pos 25,29 tgt 25,27 want NORTH
V527I SEALNT 535 ph 0 fwd 1 hv 10
RC POS 535 id 5 seat 1 role expand fs 0 body 1 pos 3,6 stuck 0
RC WALK 535 id 5 role expand pos 3,6 tgt 2,4 want NORTH
RC POS 535 id 14 seat 5 role raid fs 0 body 1 pos 26,25 stuck 3
RC POS 535 id 293 seat 7 role raid fs 0 body 1 pos 26,29 stuck 0
RC WALK 535 id 293 role raid pos 26,29 tgt 25,27 want NORTH
V527I SEALNT 536 ph 0 fwd 1 hv 10
RC POS 536 id 5 seat 1 role expand fs 0 body 1 pos 3,5 stuck 0
RC WALK 536 id 5 role expand pos 3,5 tgt 2,4 want WEST
RC POS 536 id 14 seat 5 role raid fs 0 body 1 pos 26,25 stuck 4
RC POS 536 id 293 seat 7 role raid fs 0 body 1 pos 25,29 stuck 0
RC WALK 536 id 293 role raid pos 25,29 tgt 25,27 want NORTH
V527I SEALNT 537 ph 0 fwd 1 hv 10
RC POS 537 id 5 seat 1 role expand fs 0 body 1 pos 3,6 stuck 0
RC WALK 537 id 5 role expand pos 3,6 tgt 2,4 want NORTH
RC POS 537 id 14 seat 5 role raid fs 0 body 1 pos 26,25 stuck 5
RC POS 537 id 293 seat 7 role raid fs 0 body 1 pos 26,29 stuck 0
RC WALK 537 id 293 role raid pos 26,29 tgt 25,27 want NORTH
V527I SEALNT 538 ph 0 fwd 1 hv 10
RC POS 538 id 5 seat 1 role expand fs 0 body 1 pos 3,5 stuck 0
RC WALK 538 id 5 role expand pos 3,5 tgt 2,4 want WEST
RC POS 538 id 14 seat 5 role raid fs 0 body 1 pos 26,25 stuck 6
RC POS 538 id 293 seat 7 role raid fs 0 body 1 pos 25,29 stuck 0
RC WALK 538 id 293 role raid pos 25,29 tgt 25,27 want NORTH
V527I SEALNT 539 ph 0 fwd 1 hv 10
RC POS 539 id 5 seat 1 role expand fs 0 body 1 pos 3,6 stuck 0
RC WALK 539 id 5 role expand pos 3,6 tgt 2,4 want NORTH
RC POS 539 id 14 seat 5 role raid fs 0 body 1 pos 26,25 stuck 7
RC POS 539 id 293 seat 7 role raid fs 0 body 1 pos 26,29 stuck 0
RC WALK 539 id 293 role raid pos 26,29 tgt 25,27 want NORTH
V527I SEALNT 540 ph 0 fwd 1 hv 10
RC POS 540 id 5 seat 1 role expand fs 0 body 1 pos 3,5 stuck 0
RC WALK 540 id 5 role expand pos 3,5 tgt 2,4 want WEST
RC POS 540 id 14 seat 5 role raid fs 0 body 1 pos 26,25 stuck 8
RC POS 540 id 293 seat 7 role raid fs 0 body 1 pos 25,29 stuck 0
RC WALK 540 id 293 role raid pos 25,29 tgt 25,27 want NORTH
V527I SEALNT 541 ph 0 fwd 1 hv 10
RC POS 541 id 5 seat 1 role expand fs 0 body 1 pos 3,6 stuck 0
RC WALK 541 id 5 role expand pos 3,6 tgt 2,4 want NORTH
RC POS 541 id 14 seat 5 role raid fs 0 body 1 pos 26,25 stuck 9
RC POS 541 id 293 seat 7 role raid fs 0 body 1 pos 26,29 stuck 0
RC WALK 541 id 293 role raid pos 26,29 tgt 25,27 want NORTH
V527I SEALNT 542 ph 0 fwd 1 hv 10
RC POS 542 id 5 seat 1 role expand fs 0 body 1 pos 3,5 stuck 0
RC WALK 542 id 5 role expand pos 3,5 tgt 2,4 want WEST
RC POS 542 id 14 seat 5 role raid fs 0 body 1 pos 26,25 stuck 10
RC POS 542 id 293 seat 7 role raid fs 0 body 1 pos 25,29 stuck 0
RC WALK 542 id 293 role raid pos 25,29 tgt 25,27 want NORTH
V527I SEALNT 543 ph 0 fwd 1 hv 10
RC POS 543 id 5 seat 1 role expand fs 0 body 1 pos 3,6 stuck 0
RC WALK 543 id 5 role expand pos 3,6 tgt 2,4 want NORTH
RC POS 543 id 14 seat 5 role raid fs 0 body 1 pos 26,25 stuck 11
RC POS 543 id 293 seat 7 role raid fs 0 body 1 pos 26,29 stuck 0
RC WALK 543 id 293 role raid pos 26,29 tgt 25,27 want NORTH
V527I SEALNT 544 ph 0 fwd 1 hv 10
RC POS 544 id 5 seat 1 role expand fs 0 body 1 pos 3,5 stuck 0
RC WALK 544 id 5 role expand pos 3,5 tgt 2,4 want WEST
RC POS 544 id 14 seat 5 role raid fs 0 body 1 pos 26,25 stuck 12
RC POS 544 id 293 seat 7 role raid fs 0 body 1 pos 25,29 stuck 0
RC WALK 544 id 293 role raid pos 25,29 tgt 25,27 want NORTH
V527I SEALNT 545 ph 0 fwd 1 hv 10
RC POS 545 id 5 seat 1 role expand fs 0 body 1 pos 3,6 stuck 0
RC WALK 545 id 5 role expand pos 3,6 tgt 2,4 want NORTH
RC POS 545 id 14 seat 5 role raid fs 0 body 1 pos 26,25 stuck 13
RC POS 545 id 293 seat 7 role raid fs 0 body 1 pos 26,29 stuck 0
RC WALK 545 id 293 role raid pos 26,29 tgt 25,27 want NORTH
V527I SEALNT 546 ph 0 fwd 1 hv 10
RC POS 546 id 5 seat 1 role expand fs 0 body 1 pos 3,5 stuck 0
RC WALK 546 id 5 role expand pos 3,5 tgt 2,4 want WEST
RC POS 546 id 14 seat 5 role raid fs 0 body 1 pos 26,25 stuck 14
RC POS 546 id 293 seat 7 role raid fs 0 body 1 pos 25,29 stuck 0
RC WALK 546 id 293 role raid pos 25,29 tgt 25,27 want NORTH
V527I SEALNT 547 ph 0 fwd 1 hv 10
RC POS 547 id 5 seat 1 role expand fs 0 body 1 pos 3,6 stuck 0
RC WALK 547 id 5 role expand pos 3,6 tgt 2,4 want NORTH
RC POS 547 id 14 seat 5 role raid fs 0 body 1 pos 26,25 stuck 15
RC POS 547 id 293 seat 7 role raid fs 0 body 1 pos 26,29 stuck 0
RC WALK 547 id 293 role raid pos 26,29 tgt 25,27 want NORTH
V527I SEALNT 548 ph 0 fwd 1 hv 10
RC POS 548 id 5 seat 1 role expand fs 0 body 1 pos 3,5 stuck 0
RC WALK 548 id 5 role expand pos 3,5 tgt 2,4 want WEST
RC POS 548 id 14 seat 5 role raid fs 0 body 1 pos 26,25 stuck 16
RC POS 548 id 293 seat 7 role raid fs 0 body 1 pos 25,29 stuck 0
RC WALK 548 id 293 role raid pos 25,29 tgt 25,27 want NORTH
V527I SEALNT 549 ph 0 fwd 1 hv 10
RC POS 549 id 5 seat 1 role expand fs 0 body 1 pos 3,6 stuck 0
RC WALK 549 id 5 role expand pos 3,6 tgt 2,4 want NORTH
RC POS 549 id 14 seat 5 role raid fs 0 body 1 pos 26,25 stuck 17
RC POS 549 id 293 seat 7 role raid fs 0 body 1 pos 26,29 stuck 0
RC WALK 549 id 293 role raid pos 26,29 tgt 25,27 want NORTH
V527I SEALNT 550 ph 0 fwd 1 hv 10
RC POS 550 id 5 seat 1 role expand fs 0 body 1 pos 3,5 stuck 0
RC WALK 550 id 5 role expand pos 3,5 tgt 2,4 want WEST
RC POS 550 id 14 seat 5 role raid fs 0 body 1 pos 26,25 stuck 18
RC POS 550 id 293 seat 7 role raid fs 0 body 1 pos 25,29 stuck 0
RC WALK 550 id 293 role raid pos 25,29 tgt 25,27 want NORTH
V527I SEALNT 551 ph 0 fwd 1 hv 10
RC POS 551 id 5 seat 1 role expand fs 0 body 1 pos 3,6 stuck 0
RC WALK 551 id 5 role expand pos 3,6 tgt 2,4 want NORTH
RC POS 551 id 14 seat 5 role raid fs 0 body 1 pos 26,25 stuck 19
RC POS 551 id 293 seat 7 role raid fs 0 body 1 pos 26,29 stuck 0
RC WALK 551 id 293 role raid pos 26,29 tgt 25,27 want NORTH
V527I SEALNT 552 ph 0 fwd 1 hv 10
RC POS 552 id 5 seat 1 role expand fs 0 body 1 pos 3,5 stuck 0
RC WALK 552 id 5 role expand pos 3,5 tgt 2,4 want WEST
RC POS 552 id 14 seat 5 role raid fs 0 body 1 pos 26,25 stuck 20
RC POS 552 id 293 seat 7 role raid fs 0 body 1 pos 25,29 stuck 0
RC WALK 552 id 293 role raid pos 25,29 tgt 25,27 want NORTH
V527I SEALNT 553 ph 0 fwd 1 hv 10
RC POS 553 id 5 seat 1 role expand fs 0 body 1 pos 3,6 stuck 0
RC WALK 553 id 5 role expand pos 3,6 tgt 2,4 want NORTH
RC POS 553 id 14 seat 5 role raid fs 0 body 1 pos 26,25 stuck 21
RC POS 553 id 293 seat 7 role raid fs 0 body 1 pos 26,29 stuck 0
RC WALK 553 id 293 role raid pos 26,29 tgt 25,27 want NORTH
V527I SEALNT 554 ph 0 fwd 1 hv 10
RC POS 554 id 5 seat 1 role expand fs 0 body 1 pos 3,5 stuck 0
RC WALK 554 id 5 role expand pos 3,5 tgt 2,4 want WEST
RC POS 554 id 14 seat 5 role raid fs 0 body 1 pos 26,25 stuck 22
RC POS 554 id 293 seat 7 role raid fs 0 body 1 pos 25,29 stuck 0
RC WALK 554 id 293 role raid pos 25,29 tgt 25,27 want NORTH
V527I SEALNT 555 ph 0 fwd 1 hv 10
RC POS 555 id 5 seat 1 role expand fs 0 body 1 pos 3,6 stuck 0
RC WALK 555 id 5 role expand pos 3,6 tgt 2,4 want NORTH
RC POS 555 id 14 seat 5 role raid fs 0 body 1 pos 26,25 stuck 23
RC POS 555 id 293 seat 7 role raid fs 0 body 1 pos 26,29 stuck 0
RC WALK 555 id 293 role raid pos 26,29 tgt 25,27 want NORTH
V527I SEALNT 556 ph 0 fwd 1 hv 10
RC POS 556 id 5 seat 1 role expand fs 0 body 1 pos 3,5 stuck 0
RC WALK 556 id 5 role expand pos 3,5 tgt 2,4 want WEST
RC POS 556 id 14 seat 5 role raid fs 0 body 1 pos 26,25 stuck 24
RC POS 556 id 293 seat 7 role raid fs 0 body 1 pos 25,29 stuck 0
RC WALK 556 id 293 role raid pos 25,29 tgt 25,27 want NORTH
V527I SEALNT 557 ph 0 fwd 1 hv 10
RC POS 557 id 5 seat 1 role expand fs 0 body 1 pos 3,6 stuck 0
RC WALK 557 id 5 role expand pos 3,6 tgt 2,4 want NORTH
RC POS 557 id 14 seat 5 role raid fs 0 body 1 pos 26,25 stuck 25
RC POS 557 id 293 seat 7 role raid fs 0 body 1 pos 26,29 stuck 0
RC WALK 557 id 293 role raid pos 26,29 tgt 25,27 want NORTH
V527I SEALNT 558 ph 0 fwd 1 hv 10
RC POS 558 id 5 seat 1 role expand fs 0 body 1 pos 3,5 stuck 0
RC WALK 558 id 5 role expand pos 3,5 tgt 2,4 want WEST
RC POS 558 id 14 seat 5 role raid fs 0 body 1 pos 26,25 stuck 1
RC POS 558 id 293 seat 7 role raid fs 0 body 1 pos 25,29 stuck 0
RC WALK 558 id 293 role raid pos 25,29 tgt 25,27 want NORTH
V527I SEALNT 559 ph 0 fwd 1 hv 10
RC POS 559 id 5 seat 1 role expand fs 0 body 1 pos 3,6 stuck 0
RC WALK 559 id 5 role expand pos 3,6 tgt 2,4 want NORTH
RC POS 559 id 14 seat 5 role raid fs 0 body 1 pos 26,25 stuck 1
RC POS 559 id 293 seat 7 role raid fs 0 body 1 pos 26,29 stuck 0
RC WALK 559 id 293 role raid pos 26,29 tgt 28,25 want WEST
V527I SEALNT 560 ph 0 fwd 1 hv 10
RC POS 560 id 5 seat 1 role expand fs 0 body 1 pos 3,5 stuck 0
RC WALK 560 id 5 role expand pos 3,5 tgt 2,4 want WEST
RC POS 560 id 14 seat 5 role raid fs 0 body 1 pos 26,25 stuck 1
RC POS 560 id 293 seat 7 role raid fs 0 body 1 pos 25,29 stuck 0
RC WALK 560 id 293 role raid pos 25,29 tgt 28,25 want WEST
V527I SEALNT 561 ph 0 fwd 1 hv 10
RC POS 561 id 5 seat 1 role expand fs 0 body 1 pos 3,6 stuck 0
RC WALK 561 id 5 role expand pos 3,6 tgt 2,4 want NORTH
RC POS 561 id 14 seat 5 role raid fs 0 body 1 pos 26,25 stuck 1
RC POS 561 id 293 seat 7 role raid fs 0 body 1 pos 24,29 stuck 0
RC WALK 561 id 293 role raid pos 24,29 tgt 28,25 want NORTH
V527I SEALNT 562 ph 0 fwd 1 hv 10
RC POS 562 id 5 seat 1 role expand fs 0 body 1 pos 3,5 stuck 0
RC WALK 562 id 5 role expand pos 3,5 tgt 2,4 want WEST
RC POS 562 id 14 seat 5 role raid fs 0 body 1 pos 26,25 stuck 1
RC POS 562 id 293 seat 7 role raid fs 0 body 1 pos 24,28 stuck 0
RC WALK 562 id 293 role raid pos 24,28 tgt 28,25 want WEST
V527I SEALNT 563 ph 0 fwd 1 hv 10
RC POS 563 id 5 seat 1 role expand fs 0 body 1 pos 3,6 stuck 0
RC WALK 563 id 5 role expand pos 3,6 tgt 2,4 want NORTH
RC POS 563 id 14 seat 5 role raid fs 0 body 1 pos 26,25 stuck 1
RC POS 563 id 293 seat 7 role raid fs 0 body 1 pos 23,28 stuck 0
RC WALK 563 id 293 role raid pos 23,28 tgt 28,25 want WEST
V527I SEALNT 564 ph 0 fwd 1 hv 10
RC POS 564 id 5 seat 1 role expand fs 0 body 1 pos 3,5 stuck 0
RC WALK 564 id 5 role expand pos 3,5 tgt 2,4 want WEST
RC POS 564 id 14 seat 5 role raid fs 0 body 1 pos 26,25 stuck 1
RC POS 564 id 293 seat 7 role raid fs 0 body 1 pos 22,28 stuck 0
RC WALK 564 id 293 role raid pos 22,28 tgt 28,25 want EAST
V527I SEALNT 565 ph 0 fwd 1 hv 10
RC POS 565 id 5 seat 1 role expand fs 0 body 1 pos 3,6 stuck 0
RC WALK 565 id 5 role expand pos 3,6 tgt 2,4 want NORTH
RC POS 565 id 14 seat 5 role raid fs 0 body 1 pos 26,25 stuck 1
RC POS 565 id 293 seat 7 role raid fs 0 body 1 pos 23,28 stuck 0
RC WALK 565 id 293 role raid pos 23,28 tgt 28,28 want WEST
V527I SEALNT 566 ph 0 fwd 1 hv 10
RC POS 566 id 5 seat 1 role expand fs 0 body 1 pos 3,5 stuck 0
RC WALK 566 id 5 role expand pos 3,5 tgt 2,4 want WEST
RC POS 566 id 14 seat 5 role raid fs 0 body 1 pos 26,25 stuck 1
RC POS 566 id 293 seat 7 role raid fs 0 body 1 pos 22,28 stuck 0
RC WALK 566 id 293 role raid pos 22,28 tgt 28,28 want EAST
V527I SEALNT 567 ph 0 fwd 1 hv 10
RC POS 567 id 5 seat 1 role expand fs 0 body 1 pos 3,6 stuck 0
RC WALK 567 id 5 role expand pos 3,6 tgt 2,4 want NORTH
RC POS 567 id 14 seat 5 role raid fs 0 body 1 pos 26,25 stuck 1
RC POS 567 id 293 seat 7 role raid fs 0 body 1 pos 23,28 stuck 0
RC WALK 567 id 293 role raid pos 23,28 tgt 28,28 want WEST
V527I SEALNT 568 ph 0 fwd 1 hv 10
RC POS 568 id 5 seat 1 role expand fs 0 body 1 pos 3,5 stuck 0
RC WALK 568 id 5 role expand pos 3,5 tgt 2,4 want WEST
RC POS 568 id 14 seat 5 role raid fs 0 body 1 pos 26,25 stuck 1
RC POS 568 id 293 seat 7 role raid fs 0 body 1 pos 22,28 stuck 0
RC WALK 568 id 293 role raid pos 22,28 tgt 28,28 want EAST
V527I SEALNT 569 ph 0 fwd 1 hv 10
RC POS 569 id 5 seat 1 role expand fs 0 body 1 pos 3,6 stuck 0
RC WALK 569 id 5 role expand pos 3,6 tgt 2,4 want NORTH
RC POS 569 id 14 seat 5 role raid fs 0 body 1 pos 26,25 stuck 1
RC POS 569 id 293 seat 7 role raid fs 0 body 1 pos 23,28 stuck 0
RC WALK 569 id 293 role raid pos 23,28 tgt 28,28 want WEST
V527I SEALNT 570 ph 0 fwd 1 hv 10
RC POS 570 id 5 seat 1 role expand fs 0 body 1 pos 3,5 stuck 0
RC WALK 570 id 5 role expand pos 3,5 tgt 2,4 want WEST
RC POS 570 id 14 seat 5 role raid fs 0 body 1 pos 26,25 stuck 1
RC POS 570 id 293 seat 7 role raid fs 0 body 1 pos 22,28 stuck 0
RC WALK 570 id 293 role raid pos 22,28 tgt 28,28 want EAST
V527I SEALNT 571 ph 0 fwd 1 hv 10
RC POS 571 id 5 seat 1 role expand fs 0 body 1 pos 3,6 stuck 0
RC WALK 571 id 5 role expand pos 3,6 tgt 2,4 want NORTH
RC POS 571 id 14 seat 5 role raid fs 0 body 1 pos 26,25 stuck 1
RC POS 571 id 293 seat 7 role raid fs 0 body 1 pos 23,28 stuck 0
RC WALK 571 id 293 role raid pos 23,28 tgt 28,28 want WEST
V527I SEALNT 572 ph 0 fwd 1 hv 10
RC POS 572 id 5 seat 1 role expand fs 0 body 1 pos 3,5 stuck 0
RC WALK 572 id 5 role expand pos 3,5 tgt 2,4 want WEST
RC POS 572 id 14 seat 5 role raid fs 0 body 1 pos 26,25 stuck 1
RC POS 572 id 293 seat 7 role raid fs 0 body 1 pos 22,28 stuck 0
RC WALK 572 id 293 role raid pos 22,28 tgt 28,28 want EAST
V527I SEALNT 573 ph 0 fwd 1 hv 10
RC POS 573 id 5 seat 1 role expand fs 0 body 1 pos 3,6 stuck 0
RC WALK 573 id 5 role expand pos 3,6 tgt 2,4 want NORTH
RC POS 573 id 14 seat 5 role raid fs 0 body 1 pos 26,25 stuck 1
RC POS 573 id 293 seat 7 role raid fs 0 body 1 pos 23,28 stuck 0
RC WALK 573 id 293 role raid pos 23,28 tgt 28,28 want WEST
V527I SEALNT 574 ph 0 fwd 1 hv 10
RC POS 574 id 5 seat 1 role expand fs 0 body 1 pos 3,5 stuck 0
RC WALK 574 id 5 role expand pos 3,5 tgt 2,4 want WEST
RC POS 574 id 14 seat 5 role raid fs 0 body 1 pos 26,25 stuck 1
RC POS 574 id 293 seat 7 role raid fs 0 body 1 pos 22,28 stuck 0
RC WALK 574 id 293 role raid pos 22,28 tgt 28,28 want EAST
V527I SEALNT 575 ph 0 fwd 1 hv 10
RC POS 575 id 5 seat 1 role expand fs 0 body 1 pos 3,6 stuck 0
RC WALK 575 id 5 role expand pos 3,6 tgt 2,4 want NORTH
RC POS 575 id 14 seat 5 role raid fs 0 body 1 pos 26,25 stuck 1
RC POS 575 id 293 seat 7 role raid fs 0 body 1 pos 23,28 stuck 0
RC WALK 575 id 293 role raid pos 23,28 tgt 28,28 want WEST
V527I SEALNT 576 ph 0 fwd 1 hv 10
RC POS 576 id 5 seat 1 role expand fs 0 body 1 pos 3,5 stuck 0
RC WALK 576 id 5 role expand pos 3,5 tgt 2,4 want WEST
RC POS 576 id 14 seat 5 role raid fs 0 body 1 pos 26,25 stuck 1
RC POS 576 id 293 seat 7 role raid fs 0 body 1 pos 22,28 stuck 0
RC WALK 576 id 293 role raid pos 22,28 tgt 28,28 want EAST
V527I SEALNT 577 ph 0 fwd 1 hv 10
RC POS 577 id 5 seat 1 role expand fs 0 body 1 pos 3,6 stuck 0
RC WALK 577 id 5 role expand pos 3,6 tgt 2,4 want NORTH
RC POS 577 id 14 seat 5 role raid fs 0 body 1 pos 26,25 stuck 1
RC POS 577 id 293 seat 7 role raid fs 0 body 1 pos 23,28 stuck 0
RC WALK 577 id 293 role raid pos 23,28 tgt 28,28 want WEST
V527I SEALNT 578 ph 0 fwd 1 hv 10
RC POS 578 id 5 seat 1 role expand fs 0 body 1 pos 3,5 stuck 0
RC WALK 578 id 5 role expand pos 3,5 tgt 2,4 want WEST
RC POS 578 id 14 seat 5 role raid fs 0 body 1 pos 26,25 stuck 1
RC POS 578 id 293 seat 7 role raid fs 0 body 1 pos 22,28 stuck 0
RC WALK 578 id 293 role raid pos 22,28 tgt 28,28 want EAST
V527I SEALNT 579 ph 0 fwd 1 hv 10
RC POS 579 id 5 seat 1 role expand fs 0 body 1 pos 3,6 stuck 0
RC WALK 579 id 5 role expand pos 3,6 tgt 2,4 want NORTH
RC POS 579 id 14 seat 5 role raid fs 0 body 1 pos 26,25 stuck 1
RC POS 579 id 293 seat 7 role raid fs 0 body 1 pos 23,28 stuck 0
RC WALK 579 id 293 role raid pos 23,28 tgt 28,28 want WEST
V527I SEALNT 580 ph 0 fwd 1 hv 10
RC POS 580 id 5 seat 1 role expand fs 0 body 1 pos 3,5 stuck 0
RC WALK 580 id 5 role expand pos 3,5 tgt 2,4 want WEST
RC POS 580 id 14 seat 5 role raid fs 0 body 1 pos 26,25 stuck 1
RC POS 580 id 293 seat 7 role raid fs 0 body 1 pos 22,28 stuck 0
RC WALK 580 id 293 role raid pos 22,28 tgt 28,28 want EAST
V527I SEALNT 581 ph 0 fwd 1 hv 10
RC POS 581 id 5 seat 1 role expand fs 0 body 1 pos 3,6 stuck 0
RC WALK 581 id 5 role expand pos 3,6 tgt 2,4 want NORTH
RC POS 581 id 14 seat 5 role raid fs 0 body 1 pos 26,25 stuck 1
RC POS 581 id 293 seat 7 role raid fs 0 body 1 pos 23,28 stuck 0
RC WALK 581 id 293 role raid pos 23,28 tgt 28,28 want WEST
V527I SEALNT 582 ph 0 fwd 1 hv 10
RC POS 582 id 5 seat 1 role expand fs 0 body 1 pos 3,5 stuck 0
RC WALK 582 id 5 role expand pos 3,5 tgt 2,4 want WEST
RC POS 582 id 14 seat 5 role raid fs 0 body 1 pos 26,25 stuck 1
RC POS 582 id 293 seat 7 role raid fs 0 body 1 pos 22,28 stuck 0
RC WALK 582 id 293 role raid pos 22,28 tgt 28,28 want EAST
V527I SEALNT 583 ph 0 fwd 1 hv 10
RC POS 583 id 5 seat 1 role expand fs 0 body 1 pos 3,6 stuck 0
RC WALK 583 id 5 role expand pos 3,6 tgt 2,4 want NORTH
RC POS 583 id 14 seat 5 role raid fs 0 body 1 pos 26,25 stuck 1
RC POS 583 id 293 seat 7 role raid fs 0 body 1 pos 23,28 stuck 0
RC WALK 583 id 293 role raid pos 23,28 tgt 28,28 want WEST
V527I SEALNT 584 ph 0 fwd 1 hv 10
RC POS 584 id 5 seat 1 role expand fs 0 body 1 pos 3,5 stuck 0
RC WALK 584 id 5 role expand pos 3,5 tgt 2,4 want WEST
RC POS 584 id 14 seat 5 role raid fs 0 body 1 pos 26,25 stuck 1
RC POS 584 id 293 seat 7 role raid fs 0 body 1 pos 22,28 stuck 0
RC WALK 584 id 293 role raid pos 22,28 tgt 28,28 want EAST
V527I SEALNT 585 ph 0 fwd 1 hv 10
RC POS 585 id 5 seat 1 role expand fs 0 body 1 pos 3,6 stuck 0
RC WALK 585 id 5 role expand pos 3,6 tgt 2,4 want NORTH
RC POS 585 id 14 seat 5 role raid fs 0 body 1 pos 26,25 stuck 1
RC POS 585 id 293 seat 7 role raid fs 0 body 1 pos 23,28 stuck 0
RC WALK 585 id 293 role raid pos 23,28 tgt 28,28 want WEST
V527I SEALNT 586 ph 0 fwd 1 hv 10
RC POS 586 id 5 seat 1 role expand fs 0 body 1 pos 3,5 stuck 0
RC WALK 586 id 5 role expand pos 3,5 tgt 2,4 want WEST
RC POS 586 id 14 seat 5 role raid fs 0 body 1 pos 26,25 stuck 1
RC POS 586 id 293 seat 7 role raid fs 0 body 1 pos 22,28 stuck 0
RC WALK 586 id 293 role raid pos 22,28 tgt 28,28 want EAST
V527I SEALNT 587 ph 0 fwd 1 hv 10
RC POS 587 id 5 seat 1 role expand fs 0 body 1 pos 3,6 stuck 0
RC WALK 587 id 5 role expand pos 3,6 tgt 2,4 want NORTH
RC POS 587 id 14 seat 5 role raid fs 0 body 1 pos 26,25 stuck 1
RC POS 587 id 293 seat 7 role raid fs 0 body 1 pos 23,28 stuck 0
RC WALK 587 id 293 role raid pos 23,28 tgt 28,28 want WEST
V527I SEALNT 588 ph 0 fwd 1 hv 10
RC POS 588 id 5 seat 1 role expand fs 0 body 1 pos 3,5 stuck 0
RC WALK 588 id 5 role expand pos 3,5 tgt 2,4 want WEST
RC POS 588 id 14 seat 5 role raid fs 0 body 1 pos 26,25 stuck 1
RC POS 588 id 293 seat 7 role raid fs 0 body 1 pos 22,28 stuck 0
RC WALK 588 id 293 role raid pos 22,28 tgt 28,28 want EAST
V527I SEALNT 589 ph 0 fwd 1 hv 10
RC POS 589 id 5 seat 1 role expand fs 0 body 1 pos 3,6 stuck 0
RC WALK 589 id 5 role expand pos 3,6 tgt 2,4 want NORTH
RC POS 589 id 14 seat 5 role raid fs 0 body 1 pos 26,25 stuck 1
RC POS 589 id 293 seat 7 role raid fs 0 body 1 pos 23,28 stuck 0
RC WALK 589 id 293 role raid pos 23,28 tgt 28,28 want WEST
V527I SEALNT 590 ph 0 fwd 1 hv 10
RC POS 590 id 5 seat 1 role expand fs 0 body 1 pos 3,5 stuck 0
RC WALK 590 id 5 role expand pos 3,5 tgt 2,4 want WEST
RC POS 590 id 14 seat 5 role raid fs 0 body 1 pos 26,25 stuck 1
RC POS 590 id 293 seat 7 role raid fs 0 body 1 pos 22,28 stuck 0
RC WALK 590 id 293 role raid pos 22,28 tgt 28,28 want EAST
V527I SEALNT 591 ph 0 fwd 1 hv 10
RC POS 591 id 5 seat 1 role expand fs 0 body 1 pos 3,6 stuck 0
RC WALK 591 id 5 role expand pos 3,6 tgt 2,4 want NORTH
RC POS 591 id 14 seat 5 role raid fs 0 body 1 pos 26,25 stuck 1
RC POS 591 id 293 seat 7 role raid fs 0 body 1 pos 23,28 stuck 0
RC WALK 591 id 293 role raid pos 23,28 tgt 28,28 want WEST
V527I SEALNT 592 ph 0 fwd 1 hv 10
RC POS 592 id 5 seat 1 role expand fs 0 body 1 pos 3,5 stuck 0
RC WALK 592 id 5 role expand pos 3,5 tgt 2,4 want WEST
RC POS 592 id 14 seat 5 role raid fs 0 body 1 pos 26,25 stuck 1
RC POS 592 id 293 seat 7 role raid fs 0 body 1 pos 22,28 stuck 0
RC WALK 592 id 293 role raid pos 22,28 tgt 28,28 want EAST
V527I SEALNT 593 ph 0 fwd 1 hv 10
RC POS 593 id 5 seat 1 role expand fs 0 body 1 pos 3,6 stuck 0
RC WALK 593 id 5 role expand pos 3,6 tgt 2,4 want NORTH
RC POS 593 id 14 seat 5 role raid fs 0 body 1 pos 26,25 stuck 1
RC POS 593 id 293 seat 7 role raid fs 0 body 1 pos 23,28 stuck 0
RC WALK 593 id 293 role raid pos 23,28 tgt 28,28 want WEST
V527I SEALNT 594 ph 0 fwd 1 hv 10
RC POS 594 id 5 seat 1 role expand fs 0 body 1 pos 3,5 stuck 0
RC WALK 594 id 5 role expand pos 3,5 tgt 2,4 want WEST
RC POS 594 id 14 seat 5 role raid fs 0 body 1 pos 26,25 stuck 1
RC POS 594 id 293 seat 7 role raid fs 0 body 1 pos 22,28 stuck 0
RC WALK 594 id 293 role raid pos 22,28 tgt 28,28 want EAST
V527I SEALNT 595 ph 0 fwd 1 hv 10
RC POS 595 id 5 seat 1 role expand fs 0 body 1 pos 3,6 stuck 0
RC WALK 595 id 5 role expand pos 3,6 tgt 2,4 want NORTH
RC POS 595 id 14 seat 5 role raid fs 0 body 1 pos 26,25 stuck 1
RC POS 595 id 293 seat 7 role raid fs 0 body 1 pos 23,28 stuck 0
RC WALK 595 id 293 role raid pos 23,28 tgt 28,28 want WEST
V527I SEALNT 596 ph 0 fwd 1 hv 10
RC POS 596 id 5 seat 1 role expand fs 0 body 1 pos 3,5 stuck 0
RC WALK 596 id 5 role expand pos 3,5 tgt 2,4 want WEST
RC POS 596 id 14 seat 5 role raid fs 0 body 1 pos 26,25 stuck 1
RC POS 596 id 293 seat 7 role raid fs 0 body 1 pos 22,28 stuck 0
RC WALK 596 id 293 role raid pos 22,28 tgt 28,28 want EAST
V527I SEALNT 597 ph 0 fwd 1 hv 10
RC POS 597 id 5 seat 1 role expand fs 0 body 1 pos 3,6 stuck 0
RC WALK 597 id 5 role expand pos 3,6 tgt 2,4 want NORTH
RC POS 597 id 14 seat 5 role raid fs 0 body 1 pos 26,25 stuck 1
RC POS 597 id 293 seat 7 role raid fs 0 body 1 pos 23,28 stuck 0
RC WALK 597 id 293 role raid pos 23,28 tgt 28,28 want WEST
V527I SEALNT 598 ph 0 fwd 1 hv 10
RC POS 598 id 5 seat 1 role expand fs 0 body 1 pos 3,5 stuck 0
RC WALK 598 id 5 role expand pos 3,5 tgt 2,4 want WEST
RC POS 598 id 14 seat 5 role raid fs 0 body 1 pos 26,25 stuck 1
RC POS 598 id 293 seat 7 role raid fs 0 body 1 pos 22,28 stuck 0
RC WALK 598 id 293 role raid pos 22,28 tgt 28,28 want EAST
V527I SEALNT 599 ph 0 fwd 1 hv 10
RC POS 599 id 5 seat 1 role expand fs 0 body 1 pos 3,6 stuck 0
RC WALK 599 id 5 role expand pos 3,6 tgt 2,4 want NORTH
RC POS 599 id 14 seat 5 role raid fs 0 body 1 pos 26,25 stuck 1
RC POS 599 id 293 seat 7 role raid fs 0 body 1 pos 23,28 stuck 0
RC WALK 599 id 293 role raid pos 23,28 tgt 28,28 want WEST
V527I SEALNT 600 ph 0 fwd 1 hv 10
RC POS 600 id 5 seat 1 role expand fs 0 body 1 pos 3,5 stuck 0
RC WALK 600 id 5 role expand pos 3,5 tgt 2,4 want WEST
RC POS 600 id 14 seat 5 role raid fs 0 body 1 pos 26,25 stuck 1
RC POS 600 id 293 seat 7 role raid fs 0 body 1 pos 22,28 stuck 0
RC WALK 600 id 293 role raid pos 22,28 tgt 28,28 want EAST
V527I SEALNT 601 ph 0 fwd 1 hv 10
RC POS 601 id 5 seat 1 role expand fs 0 body 1 pos 3,6 stuck 0
RC WALK 601 id 5 role expand pos 3,6 tgt 2,4 want NORTH
RC POS 601 id 14 seat 5 role raid fs 0 body 1 pos 26,25 stuck 1
RC POS 601 id 293 seat 7 role raid fs 0 body 1 pos 23,28 stuck 0
RC WALK 601 id 293 role raid pos 23,28 tgt 28,28 want WEST
V527I SEALNT 602 ph 0 fwd 1 hv 10
RC POS 602 id 5 seat 1 role expand fs 0 body 1 pos 3,5 stuck 0
RC WALK 602 id 5 role expand pos 3,5 tgt 2,4 want WEST
RC POS 602 id 14 seat 5 role raid fs 0 body 1 pos 26,25 stuck 1
RC POS 602 id 293 seat 7 role raid fs 0 body 1 pos 22,28 stuck 0
RC WALK 602 id 293 role raid pos 22,28 tgt 28,28 want EAST
V527I SEALNT 603 ph 0 fwd 1 hv 10
RC POS 603 id 5 seat 1 role expand fs 0 body 1 pos 3,6 stuck 0
RC WALK 603 id 5 role expand pos 3,6 tgt 2,4 want NORTH
RC POS 603 id 14 seat 5 role raid fs 0 body 1 pos 26,25 stuck 1
RC POS 603 id 293 seat 7 role raid fs 0 body 1 pos 23,28 stuck 0
RC WALK 603 id 293 role raid pos 23,28 tgt 28,28 want WEST
V527I SEALNT 604 ph 0 fwd 1 hv 10
RC POS 604 id 5 seat 1 role expand fs 0 body 1 pos 3,5 stuck 0
RC WALK 604 id 5 role expand pos 3,5 tgt 2,4 want WEST
RC POS 604 id 14 seat 5 role raid fs 0 body 1 pos 26,25 stuck 1
RC POS 604 id 293 seat 7 role raid fs 0 body 1 pos 22,28 stuck 0
RC WALK 604 id 293 role raid pos 22,28 tgt 28,28 want EAST
V527I SEALNT 605 ph 0 fwd 1 hv 10
RC POS 605 id 5 seat 1 role expand fs 0 body 1 pos 3,6 stuck 0
RC WALK 605 id 5 role expand pos 3,6 tgt 2,4 want NORTH
RC POS 605 id 14 seat 5 role raid fs 0 body 1 pos 26,25 stuck 1
RC POS 605 id 293 seat 7 role raid fs 0 body 1 pos 23,28 stuck 0
RC WALK 605 id 293 role raid pos 23,28 tgt 28,28 want WEST
V527I SEALNT 606 ph 0 fwd 1 hv 10
RC POS 606 id 5 seat 1 role expand fs 0 body 1 pos 3,5 stuck 0
RC WALK 606 id 5 role expand pos 3,5 tgt 2,4 want WEST
RC POS 606 id 14 seat 5 role raid fs 0 body 1 pos 26,25 stuck 1
RC POS 606 id 293 seat 7 role raid fs 0 body 1 pos 22,28 stuck 0
RC WALK 606 id 293 role raid pos 22,28 tgt 28,28 want EAST
V527I SEALNT 607 ph 0 fwd 1 hv 10
RC POS 607 id 5 seat 1 role expand fs 0 body 1 pos 3,6 stuck 0
RC WALK 607 id 5 role expand pos 3,6 tgt 2,4 want NORTH
RC POS 607 id 14 seat 5 role raid fs 0 body 1 pos 26,25 stuck 1
RC POS 607 id 293 seat 7 role raid fs 0 body 1 pos 23,28 stuck 0
RC WALK 607 id 293 role raid pos 23,28 tgt 28,28 want WEST
V527I SEALNT 608 ph 0 fwd 1 hv 10
RC POS 608 id 5 seat 1 role expand fs 0 body 1 pos 3,5 stuck 0
RC WALK 608 id 5 role expand pos 3,5 tgt 2,4 want WEST
RC POS 608 id 14 seat 5 role raid fs 0 body 1 pos 26,25 stuck 1
RC POS 608 id 293 seat 7 role raid fs 0 body 1 pos 22,28 stuck 0
RC WALK 608 id 293 role raid pos 22,28 tgt 28,28 want EAST
V527I SEALNT 609 ph 0 fwd 1 hv 10
RC POS 609 id 5 seat 1 role expand fs 0 body 1 pos 3,6 stuck 0
RC WALK 609 id 5 role expand pos 3,6 tgt 2,4 want NORTH
RC POS 609 id 14 seat 5 role raid fs 0 body 1 pos 26,25 stuck 1
RC POS 609 id 293 seat 7 role raid fs 0 body 1 pos 23,28 stuck 0
RC WALK 609 id 293 role raid pos 23,28 tgt 28,28 want WEST
V527I SEALNT 610 ph 0 fwd 1 hv 10
RC POS 610 id 5 seat 1 role expand fs 0 body 1 pos 3,5 stuck 0
RC WALK 610 id 5 role expand pos 3,5 tgt 2,4 want WEST
RC POS 610 id 14 seat 5 role raid fs 0 body 1 pos 26,25 stuck 1
RC POS 610 id 293 seat 7 role raid fs 0 body 1 pos 22,28 stuck 0
RC WALK 610 id 293 role raid pos 22,28 tgt 28,28 want EAST
V527I SEALNT 611 ph 0 fwd 1 hv 10
RC POS 611 id 5 seat 1 role expand fs 0 body 1 pos 3,6 stuck 0
RC WALK 611 id 5 role expand pos 3,6 tgt 2,4 want NORTH
RC POS 611 id 14 seat 5 role raid fs 0 body 1 pos 26,25 stuck 1
RC POS 611 id 293 seat 7 role raid fs 0 body 1 pos 23,28 stuck 0
RC WALK 611 id 293 role raid pos 23,28 tgt 28,28 want WEST
V527I SEALNT 612 ph 0 fwd 1 hv 10
RC POS 612 id 5 seat 1 role expand fs 0 body 1 pos 3,5 stuck 0
RC WALK 612 id 5 role expand pos 3,5 tgt 2,4 want WEST
RC POS 612 id 14 seat 5 role raid fs 0 body 1 pos 26,25 stuck 1
RC POS 612 id 293 seat 7 role raid fs 0 body 1 pos 22,28 stuck 0
RC WALK 612 id 293 role raid pos 22,28 tgt 28,28 want EAST
V527I SEALNT 613 ph 0 fwd 1 hv 10
RC POS 613 id 5 seat 1 role expand fs 0 body 1 pos 3,6 stuck 0
RC WALK 613 id 5 role expand pos 3,6 tgt 2,4 want NORTH
RC POS 613 id 14 seat 5 role raid fs 0 body 1 pos 26,25 stuck 1
RC POS 613 id 293 seat 7 role raid fs 0 body 1 pos 23,28 stuck 0
RC WALK 613 id 293 role raid pos 23,28 tgt 28,28 want WEST
V527I SEALNT 614 ph 0 fwd 1 hv 10
RC POS 614 id 5 seat 1 role expand fs 0 body 1 pos 3,5 stuck 0
RC WALK 614 id 5 role expand pos 3,5 tgt 2,4 want WEST
RC POS 614 id 14 seat 5 role raid fs 0 body 1 pos 26,25 stuck 1
RC POS 614 id 293 seat 7 role raid fs 0 body 1 pos 22,28 stuck 0
RC WALK 614 id 293 role raid pos 22,28 tgt 28,28 want EAST
V527I SEALNT 615 ph 0 fwd 1 hv 10
RC POS 615 id 5 seat 1 role expand fs 0 body 1 pos 3,6 stuck 0
RC WALK 615 id 5 role expand pos 3,6 tgt 2,4 want NORTH
RC POS 615 id 14 seat 5 role raid fs 0 body 1 pos 26,25 stuck 1
RC POS 615 id 293 seat 7 role raid fs 0 body 1 pos 23,28 stuck 0
RC WALK 615 id 293 role raid pos 23,28 tgt 28,28 want WEST
V527I SEALNT 616 ph 0 fwd 1 hv 10
RC POS 616 id 5 seat 1 role expand fs 0 body 1 pos 3,5 stuck 0
RC WALK 616 id 5 role expand pos 3,5 tgt 2,4 want WEST
RC POS 616 id 14 seat 5 role raid fs 0 body 1 pos 26,25 stuck 1
RC POS 616 id 293 seat 7 role raid fs 0 body 1 pos 22,28 stuck 0
RC WALK 616 id 293 role raid pos 22,28 tgt 28,28 want EAST
V527I SEALNT 617 ph 0 fwd 1 hv 10
RC POS 617 id 5 seat 1 role expand fs 0 body 1 pos 3,6 stuck 0
RC WALK 617 id 5 role expand pos 3,6 tgt 2,4 want NORTH
RC POS 617 id 14 seat 5 role raid fs 0 body 1 pos 26,25 stuck 1
RC POS 617 id 293 seat 7 role raid fs 0 body 1 pos 23,28 stuck 0
RC WALK 617 id 293 role raid pos 23,28 tgt 28,28 want WEST
V527I SEALNT 618 ph 0 fwd 1 hv 10
RC POS 618 id 5 seat 1 role expand fs 0 body 1 pos 3,5 stuck 0
RC WALK 618 id 5 role expand pos 3,5 tgt 2,4 want WEST
RC POS 618 id 14 seat 5 role raid fs 0 body 1 pos 26,25 stuck 1
RC POS 618 id 293 seat 7 role raid fs 0 body 1 pos 22,28 stuck 0
RC WALK 618 id 293 role raid pos 22,28 tgt 28,28 want EAST
V527I SEALNT 619 ph 0 fwd 1 hv 10
RC POS 619 id 5 seat 1 role expand fs 0 body 1 pos 3,6 stuck 0
RC WALK 619 id 5 role expand pos 3,6 tgt 2,4 want NORTH
RC POS 619 id 14 seat 5 role raid fs 0 body 1 pos 26,25 stuck 1
RC POS 619 id 293 seat 7 role raid fs 0 body 1 pos 23,28 stuck 0
RC WALK 619 id 293 role raid pos 23,28 tgt 28,28 want WEST
V527I SEALNT 620 ph 0 fwd 1 hv 10
RC POS 620 id 5 seat 1 role expand fs 0 body 1 pos 3,5 stuck 0
RC WALK 620 id 5 role expand pos 3,5 tgt 2,4 want WEST
RC POS 620 id 14 seat 5 role raid fs 0 body 1 pos 26,25 stuck 1
RC POS 620 id 293 seat 7 role raid fs 0 body 1 pos 22,28 stuck 0
RC WALK 620 id 293 role raid pos 22,28 tgt 28,28 want EAST
V527I SEALNT 621 ph 0 fwd 1 hv 10
RC POS 621 id 5 seat 1 role expand fs 0 body 1 pos 3,6 stuck 0
RC WALK 621 id 5 role expand pos 3,6 tgt 2,4 want NORTH
RC POS 621 id 14 seat 5 role raid fs 0 body 1 pos 26,25 stuck 1
RC POS 621 id 293 seat 7 role raid fs 0 body 1 pos 23,28 stuck 0
RC WALK 621 id 293 role raid pos 23,28 tgt 28,28 want WEST
V527I SEALNT 622 ph 0 fwd 1 hv 10
RC POS 622 id 5 seat 1 role expand fs 0 body 1 pos 3,5 stuck 0
RC WALK 622 id 5 role expand pos 3,5 tgt 2,4 want WEST
RC POS 622 id 14 seat 5 role raid fs 0 body 1 pos 26,25 stuck 1
RC POS 622 id 293 seat 7 role raid fs 0 body 1 pos 22,28 stuck 0
RC WALK 622 id 293 role raid pos 22,28 tgt 28,28 want EAST
V527I SEALNT 623 ph 0 fwd 1 hv 10
RC POS 623 id 5 seat 1 role expand fs 0 body 1 pos 3,6 stuck 0
RC WALK 623 id 5 role expand pos 3,6 tgt 2,4 want NORTH
RC POS 623 id 14 seat 5 role raid fs 0 body 1 pos 26,25 stuck 1
RC POS 623 id 293 seat 7 role raid fs 0 body 1 pos 23,28 stuck 0
RC WALK 623 id 293 role raid pos 23,28 tgt 28,28 want WEST
V527I SEALNT 624 ph 0 fwd 1 hv 10
RC POS 624 id 5 seat 1 role expand fs 0 body 1 pos 3,5 stuck 0
RC WALK 624 id 5 role expand pos 3,5 tgt 2,4 want WEST
RC POS 624 id 14 seat 5 role raid fs 0 body 1 pos 26,25 stuck 1
RC POS 624 id 293 seat 7 role raid fs 0 body 1 pos 22,28 stuck 0
RC WALK 624 id 293 role raid pos 22,28 tgt 28,28 want EAST
V527I SEALNT 625 ph 0 fwd 1 hv 10
RC POS 625 id 5 seat 1 role expand fs 0 body 1 pos 3,6 stuck 0
RC WALK 625 id 5 role expand pos 3,6 tgt 2,4 want NORTH
RC POS 625 id 14 seat 5 role raid fs 0 body 1 pos 26,25 stuck 1
RC POS 625 id 293 seat 7 role raid fs 0 body 1 pos 23,28 stuck 0
RC WALK 625 id 293 role raid pos 23,28 tgt 28,28 want WEST
V527I SEALNT 626 ph 0 fwd 1 hv 10
RC POS 626 id 5 seat 1 role expand fs 0 body 1 pos 3,5 stuck 0
RC WALK 626 id 5 role expand pos 3,5 tgt 2,4 want WEST
RC POS 626 id 14 seat 5 role raid fs 0 body 1 pos 26,25 stuck 1
RC POS 626 id 293 seat 7 role raid fs 0 body 1 pos 22,28 stuck 0
RC WALK 626 id 293 role raid pos 22,28 tgt 28,28 want EAST
V527I SEALNT 627 ph 0 fwd 1 hv 10
RC POS 627 id 5 seat 1 role expand fs 0 body 1 pos 3,6 stuck 0
RC WALK 627 id 5 role expand pos 3,6 tgt 2,4 want NORTH
RC POS 627 id 14 seat 5 role raid fs 0 body 1 pos 26,25 stuck 1
RC POS 627 id 293 seat 7 role raid fs 0 body 1 pos 23,28 stuck 0
RC WALK 627 id 293 role raid pos 23,28 tgt 28,28 want WEST
V527I SEALNT 628 ph 0 fwd 1 hv 10
RC POS 628 id 5 seat 1 role expand fs 0 body 1 pos 3,5 stuck 0
RC WALK 628 id 5 role expand pos 3,5 tgt 2,4 want WEST
RC POS 628 id 14 seat 5 role raid fs 0 body 1 pos 26,25 stuck 1
RC POS 628 id 293 seat 7 role raid fs 0 body 1 pos 22,28 stuck 0
RC WALK 628 id 293 role raid pos 22,28 tgt 28,28 want EAST
V527I SEALNT 629 ph 0 fwd 1 hv 10
RC POS 629 id 5 seat 1 role expand fs 0 body 1 pos 3,6 stuck 0
RC WALK 629 id 5 role expand pos 3,6 tgt 2,4 want NORTH
RC POS 629 id 14 seat 5 role raid fs 0 body 1 pos 26,25 stuck 1
RC POS 629 id 293 seat 7 role raid fs 0 body 1 pos 23,28 stuck 0
RC WALK 629 id 293 role raid pos 23,28 tgt 28,28 want WEST
V527I SEALNT 630 ph 0 fwd 1 hv 10
RC POS 630 id 5 seat 1 role expand fs 0 body 1 pos 3,5 stuck 0
RC WALK 630 id 5 role expand pos 3,5 tgt 2,4 want WEST
RC POS 630 id 14 seat 5 role raid fs 0 body 1 pos 26,25 stuck 1
RC POS 630 id 293 seat 7 role raid fs 0 body 1 pos 22,28 stuck 0
RC WALK 630 id 293 role raid pos 22,28 tgt 28,28 want EAST
V527I SEALNT 631 ph 0 fwd 1 hv 10
RC POS 631 id 5 seat 1 role expand fs 0 body 1 pos 3,6 stuck 0
RC WALK 631 id 5 role expand pos 3,6 tgt 2,4 want NORTH
RC POS 631 id 14 seat 5 role raid fs 0 body 1 pos 26,25 stuck 1
RC POS 631 id 293 seat 7 role raid fs 0 body 1 pos 23,28 stuck 0
RC WALK 631 id 293 role raid pos 23,28 tgt 28,28 want WEST
V527I SEALNT 632 ph 0 fwd 1 hv 10
RC POS 632 id 5 seat 1 role expand fs 0 body 1 pos 3,5 stuck 0
RC WALK 632 id 5 role expand pos 3,5 tgt 2,4 want WEST
RC POS 632 id 14 seat 5 role raid fs 0 body 1 pos 26,25 stuck 1
RC POS 632 id 293 seat 7 role raid fs 0 body 1 pos 22,28 stuck 0
RC WALK 632 id 293 role raid pos 22,28 tgt 28,28 want EAST
V527I SEALNT 633 ph 0 fwd 1 hv 10
RC POS 633 id 5 seat 1 role expand fs 0 body 1 pos 3,6 stuck 0
RC WALK 633 id 5 role expand pos 3,6 tgt 2,4 want NORTH
RC POS 633 id 14 seat 5 role raid fs 0 body 1 pos 26,25 stuck 1
RC POS 633 id 293 seat 7 role raid fs 0 body 1 pos 23,28 stuck 0
RC WALK 633 id 293 role raid pos 23,28 tgt 28,28 want WEST
V527I SEALNT 634 ph 0 fwd 1 hv 10
RC POS 634 id 5 seat 1 role expand fs 0 body 1 pos 3,5 stuck 0
RC WALK 634 id 5 role expand pos 3,5 tgt 2,4 want WEST
RC POS 634 id 14 seat 5 role raid fs 0 body 1 pos 26,25 stuck 1
RC POS 634 id 293 seat 7 role raid fs 0 body 1 pos 22,28 stuck 0
RC WALK 634 id 293 role raid pos 22,28 tgt 28,28 want EAST
V527I SEALNT 635 ph 0 fwd 1 hv 10
RC POS 635 id 5 seat 1 role expand fs 0 body 1 pos 3,6 stuck 0
RC WALK 635 id 5 role expand pos 3,6 tgt 2,4 want NORTH
RC POS 635 id 14 seat 5 role raid fs 0 body 1 pos 26,25 stuck 1
RC POS 635 id 293 seat 7 role raid fs 0 body 1 pos 23,28 stuck 0
RC WALK 635 id 293 role raid pos 23,28 tgt 28,28 want WEST
V527I SEALNT 636 ph 0 fwd 1 hv 10
RC POS 636 id 5 seat 1 role expand fs 0 body 1 pos 3,5 stuck 0
RC WALK 636 id 5 role expand pos 3,5 tgt 2,4 want WEST
RC POS 636 id 14 seat 5 role raid fs 0 body 1 pos 26,25 stuck 1
RC POS 636 id 293 seat 7 role raid fs 0 body 1 pos 22,28 stuck 0
RC WALK 636 id 293 role raid pos 22,28 tgt 28,28 want EAST
V527I SEALNT 637 ph 0 fwd 1 hv 10
RC POS 637 id 5 seat 1 role expand fs 0 body 1 pos 3,6 stuck 0
RC WALK 637 id 5 role expand pos 3,6 tgt 2,4 want NORTH
RC POS 637 id 14 seat 5 role raid fs 0 body 1 pos 26,25 stuck 1
RC POS 637 id 293 seat 7 role raid fs 0 body 1 pos 23,28 stuck 0
RC WALK 637 id 293 role raid pos 23,28 tgt 28,28 want WEST
V527I SEALNT 638 ph 0 fwd 1 hv 10
RC POS 638 id 5 seat 1 role expand fs 0 body 1 pos 3,5 stuck 0
RC WALK 638 id 5 role expand pos 3,5 tgt 2,4 want WEST
RC POS 638 id 14 seat 5 role raid fs 0 body 1 pos 26,25 stuck 1
RC POS 638 id 293 seat 7 role raid fs 0 body 1 pos 22,28 stuck 0
RC WALK 638 id 293 role raid pos 22,28 tgt 28,28 want EAST
V527I SEALNT 639 ph 0 fwd 1 hv 10
RC POS 639 id 5 seat 1 role expand fs 0 body 1 pos 3,6 stuck 0
RC WALK 639 id 5 role expand pos 3,6 tgt 2,4 want NORTH
RC POS 639 id 14 seat 5 role raid fs 0 body 1 pos 26,25 stuck 1
RC POS 639 id 293 seat 7 role raid fs 0 body 1 pos 23,28 stuck 0
RC WALK 639 id 293 role raid pos 23,28 tgt 28,28 want WEST
V527I SEALNT 640 ph 0 fwd 1 hv 10
RC POS 640 id 5 seat 1 role expand fs 0 body 1 pos 3,5 stuck 0
RC WALK 640 id 5 role expand pos 3,5 tgt 2,4 want WEST
RC POS 640 id 14 seat 5 role raid fs 0 body 1 pos 26,25 stuck 1
RC POS 640 id 293 seat 7 role raid fs 0 body 1 pos 22,28 stuck 0
RC WALK 640 id 293 role raid pos 22,28 tgt 28,28 want EAST
V527I SEALNT 641 ph 0 fwd 1 hv 10
RC POS 641 id 5 seat 1 role expand fs 0 body 1 pos 3,6 stuck 0
RC WALK 641 id 5 role expand pos 3,6 tgt 2,4 want NORTH
RC POS 641 id 14 seat 5 role raid fs 0 body 1 pos 26,25 stuck 1
RC POS 641 id 293 seat 7 role raid fs 0 body 1 pos 23,28 stuck 0
RC WALK 641 id 293 role raid pos 23,28 tgt 28,28 want WEST
V527I SEALNT 642 ph 0 fwd 1 hv 10
RC POS 642 id 5 seat 1 role expand fs 0 body 1 pos 3,5 stuck 0
RC WALK 642 id 5 role expand pos 3,5 tgt 2,4 want WEST
RC POS 642 id 14 seat 5 role raid fs 0 body 1 pos 26,25 stuck 1
RC POS 642 id 293 seat 7 role raid fs 0 body 1 pos 22,28 stuck 0
RC WALK 642 id 293 role raid pos 22,28 tgt 28,28 want EAST
V527I SEALNT 643 ph 0 fwd 1 hv 10
RC POS 643 id 5 seat 1 role expand fs 0 body 1 pos 3,6 stuck 0
RC WALK 643 id 5 role expand pos 3,6 tgt 2,4 want NORTH
RC POS 643 id 14 seat 5 role raid fs 0 body 1 pos 26,25 stuck 1
RC POS 643 id 293 seat 7 role raid fs 0 body 1 pos 23,28 stuck 0
RC WALK 643 id 293 role raid pos 23,28 tgt 28,28 want WEST
V527I SEALNT 644 ph 0 fwd 1 hv 10
RC POS 644 id 5 seat 1 role expand fs 0 body 1 pos 3,5 stuck 0
RC WALK 644 id 5 role expand pos 3,5 tgt 2,4 want WEST
RC POS 644 id 14 seat 5 role raid fs 0 body 1 pos 26,25 stuck 1
RC POS 644 id 293 seat 7 role raid fs 0 body 1 pos 22,28 stuck 0
RC WALK 644 id 293 role raid pos 22,28 tgt 28,28 want EAST
V527I SEALNT 645 ph 0 fwd 1 hv 10
RC POS 645 id 5 seat 1 role expand fs 0 body 1 pos 3,6 stuck 0
RC WALK 645 id 5 role expand pos 3,6 tgt 2,4 want NORTH
RC POS 645 id 14 seat 5 role raid fs 0 body 1 pos 26,25 stuck 1
RC POS 645 id 293 seat 7 role raid fs 0 body 1 pos 23,28 stuck 0
RC WALK 645 id 293 role raid pos 23,28 tgt 28,28 want WEST
V527I SEALNT 646 ph 0 fwd 1 hv 10
RC POS 646 id 5 seat 1 role expand fs 0 body 1 pos 3,5 stuck 0
RC WALK 646 id 5 role expand pos 3,5 tgt 2,4 want WEST
RC POS 646 id 14 seat 5 role raid fs 0 body 1 pos 26,25 stuck 1
RC POS 646 id 293 seat 7 role raid fs 0 body 1 pos 22,28 stuck 0
RC WALK 646 id 293 role raid pos 22,28 tgt 28,28 want EAST
V527I SEALNT 647 ph 0 fwd 1 hv 10
RC POS 647 id 5 seat 1 role expand fs 0 body 1 pos 3,6 stuck 0
RC WALK 647 id 5 role expand pos 3,6 tgt 2,4 want NORTH
RC POS 647 id 14 seat 5 role raid fs 0 body 1 pos 26,25 stuck 1
RC POS 647 id 293 seat 7 role raid fs 0 body 1 pos 23,28 stuck 0
RC WALK 647 id 293 role raid pos 23,28 tgt 28,28 want WEST
V527I SEALNT 648 ph 0 fwd 1 hv 10
RC POS 648 id 5 seat 1 role expand fs 0 body 1 pos 3,5 stuck 0
RC WALK 648 id 5 role expand pos 3,5 tgt 2,4 want WEST
RC POS 648 id 14 seat 5 role raid fs 0 body 1 pos 26,25 stuck 1
RC POS 648 id 293 seat 7 role raid fs 0 body 1 pos 22,28 stuck 0
RC WALK 648 id 293 role raid pos 22,28 tgt 28,28 want EAST
V527I SEALNT 649 ph 0 fwd 1 hv 10
RC POS 649 id 5 seat 1 role expand fs 0 body 1 pos 3,6 stuck 0
RC WALK 649 id 5 role expand pos 3,6 tgt 2,4 want NORTH
RC POS 649 id 14 seat 5 role raid fs 0 body 1 pos 26,25 stuck 1
RC POS 649 id 293 seat 7 role raid fs 0 body 1 pos 23,28 stuck 0
RC WALK 649 id 293 role raid pos 23,28 tgt 28,28 want WEST
V527I SEALNT 650 ph 0 fwd 1 hv 10
RC POS 650 id 5 seat 1 role expand fs 0 body 1 pos 3,5 stuck 0
RC WALK 650 id 5 role expand pos 3,5 tgt 2,4 want WEST
RC POS 650 id 14 seat 5 role raid fs 0 body 1 pos 26,25 stuck 1
RC POS 650 id 293 seat 7 role raid fs 0 body 1 pos 22,28 stuck 0
RC WALK 650 id 293 role raid pos 22,28 tgt 28,28 want EAST
V527I SEALNT 651 ph 0 fwd 1 hv 10
RC POS 651 id 5 seat 1 role expand fs 0 body 1 pos 3,6 stuck 0
RC WALK 651 id 5 role expand pos 3,6 tgt 2,4 want NORTH
RC POS 651 id 14 seat 5 role raid fs 0 body 1 pos 26,25 stuck 1
RC POS 651 id 293 seat 7 role raid fs 0 body 1 pos 23,28 stuck 0
RC WALK 651 id 293 role raid pos 23,28 tgt 28,28 want WEST
V527I SEALNT 652 ph 0 fwd 1 hv 10
RC POS 652 id 5 seat 1 role expand fs 0 body 1 pos 3,5 stuck 0
RC WALK 652 id 5 role expand pos 3,5 tgt 2,4 want WEST
RC POS 652 id 14 seat 5 role raid fs 0 body 1 pos 26,25 stuck 1
RC POS 652 id 293 seat 7 role raid fs 0 body 1 pos 22,28 stuck 0
RC WALK 652 id 293 role raid pos 22,28 tgt 28,28 want EAST
V527I SEALNT 653 ph 0 fwd 1 hv 10
RC POS 653 id 5 seat 1 role expand fs 0 body 1 pos 3,6 stuck 0
RC WALK 653 id 5 role expand pos 3,6 tgt 2,4 want NORTH
RC POS 653 id 14 seat 5 role raid fs 0 body 1 pos 26,25 stuck 1
RC POS 653 id 293 seat 7 role raid fs 0 body 1 pos 23,28 stuck 0
RC WALK 653 id 293 role raid pos 23,28 tgt 28,28 want WEST
V527I SEALNT 654 ph 0 fwd 1 hv 10
RC POS 654 id 5 seat 1 role expand fs 0 body 1 pos 3,5 stuck 0
RC WALK 654 id 5 role expand pos 3,5 tgt 2,4 want WEST
RC POS 654 id 14 seat 5 role raid fs 0 body 1 pos 26,25 stuck 1
RC POS 654 id 293 seat 7 role raid fs 0 body 1 pos 22,28 stuck 0
RC WALK 654 id 293 role raid pos 22,28 tgt 28,28 want EAST
V527I SEALNT 655 ph 0 fwd 1 hv 10
RC POS 655 id 5 seat 1 role expand fs 0 body 1 pos 3,6 stuck 0
RC WALK 655 id 5 role expand pos 3,6 tgt 2,4 want NORTH
RC POS 655 id 14 seat 5 role raid fs 0 body 1 pos 26,25 stuck 1
RC POS 655 id 293 seat 7 role raid fs 0 body 1 pos 23,28 stuck 0
RC WALK 655 id 293 role raid pos 23,28 tgt 28,28 want WEST
V527I SEALNT 656 ph 0 fwd 1 hv 10
RC POS 656 id 5 seat 1 role expand fs 0 body 1 pos 3,5 stuck 0
RC WALK 656 id 5 role expand pos 3,5 tgt 2,4 want WEST
RC POS 656 id 14 seat 5 role raid fs 0 body 1 pos 26,25 stuck 1
RC POS 656 id 293 seat 7 role raid fs 0 body 1 pos 22,28 stuck 0
RC WALK 656 id 293 role raid pos 22,28 tgt 28,28 want EAST
V527I SEALNT 657 ph 0 fwd 1 hv 10
RC POS 657 id 5 seat 1 role expand fs 0 body 1 pos 3,6 stuck 0
RC WALK 657 id 5 role expand pos 3,6 tgt 2,4 want NORTH
RC POS 657 id 14 seat 5 role raid fs 0 body 1 pos 26,25 stuck 1
RC POS 657 id 293 seat 7 role raid fs 0 body 1 pos 23,28 stuck 0
RC WALK 657 id 293 role raid pos 23,28 tgt 28,28 want WEST
V527I SEALNT 658 ph 0 fwd 1 hv 10
RC POS 658 id 5 seat 1 role expand fs 0 body 1 pos 3,5 stuck 0
RC WALK 658 id 5 role expand pos 3,5 tgt 2,4 want WEST
RC POS 658 id 14 seat 5 role raid fs 0 body 1 pos 26,25 stuck 1
RC POS 658 id 293 seat 7 role raid fs 0 body 1 pos 22,28 stuck 0
RC WALK 658 id 293 role raid pos 22,28 tgt 28,28 want EAST
V527I SEALNT 659 ph 0 fwd 1 hv 10
RC POS 659 id 5 seat 1 role expand fs 0 body 1 pos 3,6 stuck 0
RC WALK 659 id 5 role expand pos 3,6 tgt 2,4 want NORTH
RC POS 659 id 14 seat 5 role raid fs 0 body 1 pos 26,25 stuck 1
RC POS 659 id 293 seat 7 role raid fs 0 body 1 pos 23,28 stuck 0
RC WALK 659 id 293 role raid pos 23,28 tgt 28,28 want WEST
V527I SEALNT 660 ph 0 fwd 1 hv 10
RC POS 660 id 5 seat 1 role expand fs 0 body 1 pos 3,5 stuck 0
RC WALK 660 id 5 role expand pos 3,5 tgt 2,4 want WEST
RC POS 660 id 14 seat 5 role raid fs 0 body 1 pos 26,25 stuck 1
RC POS 660 id 293 seat 7 role raid fs 0 body 1 pos 22,28 stuck 0
RC WALK 660 id 293 role raid pos 22,28 tgt 28,28 want EAST
V527I SEALNT 661 ph 0 fwd 1 hv 10
RC POS 661 id 5 seat 1 role expand fs 0 body 1 pos 3,6 stuck 0
RC WALK 661 id 5 role expand pos 3,6 tgt 2,4 want NORTH
RC POS 661 id 14 seat 5 role raid fs 0 body 1 pos 26,25 stuck 1
RC POS 661 id 293 seat 7 role raid fs 0 body 1 pos 23,28 stuck 0
RC WALK 661 id 293 role raid pos 23,28 tgt 28,28 want WEST
V527I SEALNT 662 ph 0 fwd 1 hv 10
RC POS 662 id 5 seat 1 role expand fs 0 body 1 pos 3,5 stuck 0
RC WALK 662 id 5 role expand pos 3,5 tgt 2,4 want WEST
RC POS 662 id 14 seat 5 role raid fs 0 body 1 pos 26,25 stuck 1
RC POS 662 id 293 seat 7 role raid fs 0 body 1 pos 22,28 stuck 0
RC WALK 662 id 293 role raid pos 22,28 tgt 28,28 want EAST
V527I SEALNT 663 ph 0 fwd 1 hv 10
RC POS 663 id 5 seat 1 role expand fs 0 body 1 pos 3,6 stuck 0
RC WALK 663 id 5 role expand pos 3,6 tgt 2,4 want NORTH
RC POS 663 id 14 seat 5 role raid fs 0 body 1 pos 26,25 stuck 1
RC POS 663 id 293 seat 7 role raid fs 0 body 1 pos 23,28 stuck 0
RC WALK 663 id 293 role raid pos 23,28 tgt 28,28 want WEST
V527I SEALNT 664 ph 0 fwd 1 hv 10
RC POS 664 id 5 seat 1 role expand fs 0 body 1 pos 3,5 stuck 0
RC WALK 664 id 5 role expand pos 3,5 tgt 2,4 want WEST
RC POS 664 id 14 seat 5 role raid fs 0 body 1 pos 26,25 stuck 1
RC POS 664 id 293 seat 7 role raid fs 0 body 1 pos 22,28 stuck 0
RC WALK 664 id 293 role raid pos 22,28 tgt 28,28 want EAST
V527I SEALNT 665 ph 0 fwd 1 hv 10
RC POS 665 id 5 seat 1 role expand fs 0 body 1 pos 3,6 stuck 0
RC WALK 665 id 5 role expand pos 3,6 tgt 2,4 want NORTH
RC POS 665 id 14 seat 5 role raid fs 0 body 1 pos 26,25 stuck 1
RC POS 665 id 293 seat 7 role raid fs 0 body 1 pos 23,28 stuck 0
RC WALK 665 id 293 role raid pos 23,28 tgt 28,28 want WEST
V527I SEALNT 666 ph 0 fwd 1 hv 10
RC POS 666 id 5 seat 1 role expand fs 0 body 1 pos 3,5 stuck 0
RC WALK 666 id 5 role expand pos 3,5 tgt 2,4 want WEST
RC POS 666 id 14 seat 5 role raid fs 0 body 1 pos 26,25 stuck 1
RC POS 666 id 293 seat 7 role raid fs 0 body 1 pos 22,28 stuck 0
RC WALK 666 id 293 role raid pos 22,28 tgt 28,28 want EAST
V527I SEALNT 667 ph 0 fwd 1 hv 10
RC POS 667 id 5 seat 1 role expand fs 0 body 1 pos 3,6 stuck 0
RC WALK 667 id 5 role expand pos 3,6 tgt 2,4 want NORTH
RC POS 667 id 14 seat 5 role raid fs 0 body 1 pos 26,25 stuck 1
RC POS 667 id 293 seat 7 role raid fs 0 body 1 pos 23,28 stuck 0
RC WALK 667 id 293 role raid pos 23,28 tgt 28,28 want WEST
V527I SEALNT 668 ph 0 fwd 1 hv 10
RC POS 668 id 5 seat 1 role expand fs 0 body 1 pos 3,5 stuck 0
RC WALK 668 id 5 role expand pos 3,5 tgt 2,4 want WEST
RC POS 668 id 14 seat 5 role raid fs 0 body 1 pos 26,25 stuck 1
RC POS 668 id 293 seat 7 role raid fs 0 body 1 pos 22,28 stuck 0
RC WALK 668 id 293 role raid pos 22,28 tgt 28,28 want EAST
V527I SEALNT 669 ph 0 fwd 1 hv 10
RC POS 669 id 5 seat 1 role expand fs 0 body 1 pos 3,6 stuck 0
RC WALK 669 id 5 role expand pos 3,6 tgt 2,4 want NORTH
RC POS 669 id 14 seat 5 role raid fs 0 body 1 pos 26,25 stuck 1
RC POS 669 id 293 seat 7 role raid fs 0 body 1 pos 23,28 stuck 0
RC WALK 669 id 293 role raid pos 23,28 tgt 28,28 want WEST
V527I SEALNT 670 ph 0 fwd 1 hv 10
RC POS 670 id 5 seat 1 role expand fs 0 body 1 pos 3,5 stuck 0
RC WALK 670 id 5 role expand pos 3,5 tgt 2,4 want WEST
RC POS 670 id 14 seat 5 role raid fs 0 body 1 pos 26,25 stuck 1
RC POS 670 id 293 seat 7 role raid fs 0 body 1 pos 22,28 stuck 0
RC WALK 670 id 293 role raid pos 22,28 tgt 28,28 want EAST
V527I SEALNT 671 ph 0 fwd 1 hv 10
RC POS 671 id 5 seat 1 role expand fs 0 body 1 pos 3,6 stuck 0
RC WALK 671 id 5 role expand pos 3,6 tgt 2,2 want SOUTH
RC POS 671 id 14 seat 5 role raid fs 0 body 1 pos 26,25 stuck 1
RC POS 671 id 293 seat 7 role raid fs 0 body 1 pos 23,28 stuck 0
RC WALK 671 id 293 role raid pos 23,28 tgt 28,28 want WEST
V527I SEALNT 672 ph 0 fwd 1 hv 10
RC POS 672 id 5 seat 1 role expand fs 0 body 1 pos 3,7 stuck 0
RC WALK 672 id 5 role expand pos 3,7 tgt 2,2 want WEST
RC POS 672 id 14 seat 5 role raid fs 0 body 1 pos 26,25 stuck 1
RC POS 672 id 293 seat 7 role raid fs 0 body 1 pos 22,28 stuck 0
RC WALK 672 id 293 role raid pos 22,28 tgt 28,28 want EAST
V527I SEALNT 673 ph 0 fwd 1 hv 10
RC POS 673 id 5 seat 1 role expand fs 0 body 1 pos 2,7 stuck 0
RC WALK 673 id 5 role expand pos 2,7 tgt 2,2 want WEST
RC POS 673 id 14 seat 5 role raid fs 0 body 1 pos 26,25 stuck 1
RC POS 673 id 293 seat 7 role raid fs 0 body 1 pos 23,28 stuck 0
RC WALK 673 id 293 role raid pos 23,28 tgt 28,28 want WEST
V527I SEALNT 674 ph 0 fwd 1 hv 10
RC POS 674 id 5 seat 1 role expand fs 0 body 1 pos 1,7 stuck 0
RC WALK 674 id 5 role expand pos 1,7 tgt 2,2 want NORTH
RC POS 674 id 14 seat 5 role raid fs 0 body 1 pos 26,25 stuck 1
RC POS 674 id 293 seat 7 role raid fs 0 body 1 pos 22,28 stuck 0
RC WALK 674 id 293 role raid pos 22,28 tgt 28,28 want EAST
V527I SEALNT 675 ph 0 fwd 1 hv 10
RC POS 675 id 5 seat 1 role expand fs 0 body 1 pos 1,6 stuck 0
RC WALK 675 id 5 role expand pos 1,6 tgt 2,2 want NORTH
RC POS 675 id 14 seat 5 role raid fs 0 body 1 pos 26,25 stuck 1
RC POS 675 id 293 seat 7 role raid fs 0 body 1 pos 23,28 stuck 0
RC WALK 675 id 293 role raid pos 23,28 tgt 28,28 want WEST
V527I SEALNT 676 ph 0 fwd 1 hv 10
RC POS 676 id 5 seat 1 role expand fs 0 body 1 pos 1,5 stuck 0
RC WALK 676 id 5 role expand pos 1,5 tgt 2,2 want NORTH
RC POS 676 id 14 seat 5 role raid fs 0 body 1 pos 26,25 stuck 1
RC POS 676 id 293 seat 7 role raid fs 0 body 1 pos 22,28 stuck 0
RC WALK 676 id 293 role raid pos 22,28 tgt 28,28 want EAST
V527I SEALNT 677 ph 0 fwd 1 hv 10
RC POS 677 id 5 seat 1 role expand fs 0 body 1 pos 0,5 stuck 0
RC WALK 677 id 5 role expand pos 0,5 tgt 2,2 want NORTH
RC POS 677 id 14 seat 5 role raid fs 0 body 1 pos 26,25 stuck 1
RC POS 677 id 293 seat 7 role raid fs 0 body 1 pos 23,28 stuck 0
RC WALK 677 id 293 role raid pos 23,28 tgt 28,28 want WEST
V527I SEALNT 678 ph 0 fwd 1 hv 10
RC POS 678 id 5 seat 1 role expand fs 0 body 1 pos 0,4 stuck 0
RC WALK 678 id 5 role expand pos 0,4 tgt 2,2 want NORTH
RC POS 678 id 14 seat 5 role raid fs 0 body 1 pos 26,25 stuck 1
RC POS 678 id 293 seat 7 role raid fs 0 body 1 pos 22,28 stuck 0
RC WALK 678 id 293 role raid pos 22,28 tgt 28,28 want EAST
V527I SEALNT 679 ph 0 fwd 1 hv 10
RC POS 679 id 5 seat 1 role expand fs 0 body 1 pos 0,3 stuck 0
RC WALK 679 id 5 role expand pos 0,3 tgt 2,2 want NORTH
RC POS 679 id 14 seat 5 role raid fs 0 body 1 pos 26,25 stuck 1
RC POS 679 id 293 seat 7 role raid fs 0 body 1 pos 23,28 stuck 0
RC WALK 679 id 293 role raid pos 23,28 tgt 28,28 want WEST
V527I SEALNT 680 ph 0 fwd 1 hv 10
RC POS 680 id 5 seat 1 role expand fs 0 body 1 pos 0,2 stuck 0
RC WALK 680 id 5 role expand pos 0,2 tgt 2,2 want SOUTH
RC POS 680 id 14 seat 5 role raid fs 0 body 1 pos 26,25 stuck 1
RC POS 680 id 293 seat 7 role raid fs 0 body 1 pos 22,28 stuck 0
RC WALK 680 id 293 role raid pos 22,28 tgt 28,28 want EAST
V527I SEALNT 681 ph 0 fwd 1 hv 10
RC POS 681 id 5 seat 1 role expand fs 0 body 1 pos 0,3 stuck 0
RC WALK 681 id 5 role expand pos 0,3 tgt 2,2 want NORTH
RC POS 681 id 14 seat 5 role raid fs 0 body 1 pos 26,25 stuck 1
RC POS 681 id 293 seat 7 role raid fs 0 body 1 pos 23,28 stuck 0
RC WALK 681 id 293 role raid pos 23,28 tgt 28,28 want WEST
V527I SEALNT 682 ph 0 fwd 1 hv 10
RC POS 682 id 5 seat 1 role expand fs 0 body 1 pos 0,2 stuck 0
RC WALK 682 id 5 role expand pos 0,2 tgt 2,2 want SOUTH
RC POS 682 id 14 seat 5 role raid fs 0 body 1 pos 26,25 stuck 1
RC POS 682 id 293 seat 7 role raid fs 0 body 1 pos 22,28 stuck 0
RC WALK 682 id 293 role raid pos 22,28 tgt 28,28 want EAST
V527I SEALNT 683 ph 0 fwd 1 hv 10
RC POS 683 id 5 seat 1 role expand fs 0 body 1 pos 0,3 stuck 0
RC WALK 683 id 5 role expand pos 0,3 tgt 2,2 want NORTH
RC POS 683 id 14 seat 5 role raid fs 0 body 1 pos 26,25 stuck 1
RC POS 683 id 293 seat 7 role raid fs 0 body 1 pos 23,28 stuck 0
RC WALK 683 id 293 role raid pos 23,28 tgt 28,28 want WEST
V527I SEALNT 684 ph 0 fwd 1 hv 10
RC POS 684 id 5 seat 1 role expand fs 0 body 1 pos 0,2 stuck 0
RC WALK 684 id 5 role expand pos 0,2 tgt 2,2 want SOUTH
RC POS 684 id 14 seat 5 role raid fs 0 body 1 pos 26,25 stuck 1
RC POS 684 id 293 seat 7 role raid fs 0 body 1 pos 22,28 stuck 0
RC WALK 684 id 293 role raid pos 22,28 tgt 28,28 want EAST
V527I SEALNT 685 ph 0 fwd 1 hv 10
RC POS 685 id 5 seat 1 role expand fs 0 body 1 pos 0,3 stuck 0
RC WALK 685 id 5 role expand pos 0,3 tgt 2,2 want NORTH
RC POS 685 id 14 seat 5 role raid fs 0 body 1 pos 26,25 stuck 1
RC POS 685 id 293 seat 7 role raid fs 0 body 1 pos 23,28 stuck 0
RC WALK 685 id 293 role raid pos 23,28 tgt 28,28 want WEST
V527I SEALNT 686 ph 0 fwd 1 hv 10
RC POS 686 id 5 seat 1 role expand fs 0 body 1 pos 0,2 stuck 0
RC WALK 686 id 5 role expand pos 0,2 tgt 2,2 want SOUTH
RC POS 686 id 14 seat 5 role raid fs 0 body 1 pos 26,25 stuck 1
RC POS 686 id 293 seat 7 role raid fs 0 body 1 pos 22,28 stuck 0
RC WALK 686 id 293 role raid pos 22,28 tgt 28,28 want EAST
V527I SEALNT 687 ph 0 fwd 1 hv 10
RC POS 687 id 5 seat 1 role expand fs 0 body 1 pos 0,3 stuck 0
RC WALK 687 id 5 role expand pos 0,3 tgt 2,2 want NORTH
RC POS 687 id 14 seat 5 role raid fs 0 body 1 pos 26,25 stuck 1
RC POS 687 id 293 seat 7 role raid fs 0 body 1 pos 23,28 stuck 0
RC WALK 687 id 293 role raid pos 23,28 tgt 28,28 want WEST
V527I SEALNT 688 ph 0 fwd 1 hv 10
RC POS 688 id 5 seat 1 role expand fs 0 body 1 pos 0,2 stuck 0
RC WALK 688 id 5 role expand pos 0,2 tgt 2,2 want SOUTH
RC POS 688 id 14 seat 5 role raid fs 0 body 1 pos 26,25 stuck 1
RC POS 688 id 293 seat 7 role raid fs 0 body 1 pos 22,28 stuck 0
RC WALK 688 id 293 role raid pos 22,28 tgt 28,28 want EAST
V527I SEALNT 689 ph 0 fwd 1 hv 10
RC POS 689 id 5 seat 1 role expand fs 0 body 1 pos 0,3 stuck 0
RC WALK 689 id 5 role expand pos 0,3 tgt 2,2 want NORTH
RC POS 689 id 14 seat 5 role raid fs 0 body 1 pos 26,25 stuck 1
RC POS 689 id 293 seat 7 role raid fs 0 body 1 pos 23,28 stuck 0
RC WALK 689 id 293 role raid pos 23,28 tgt 28,28 want WEST
V527I SEALNT 690 ph 0 fwd 1 hv 10
RC POS 690 id 5 seat 1 role expand fs 0 body 1 pos 0,2 stuck 0
RC WALK 690 id 5 role expand pos 0,2 tgt 2,2 want SOUTH
RC POS 690 id 14 seat 5 role raid fs 0 body 1 pos 26,25 stuck 1
RC POS 690 id 293 seat 7 role raid fs 0 body 1 pos 22,28 stuck 0
RC WALK 690 id 293 role raid pos 22,28 tgt 28,28 want EAST
V527I SEALNT 691 ph 0 fwd 1 hv 10
RC POS 691 id 5 seat 1 role expand fs 0 body 1 pos 0,3 stuck 0
RC WALK 691 id 5 role expand pos 0,3 tgt 2,2 want NORTH
RC POS 691 id 14 seat 5 role raid fs 0 body 1 pos 26,25 stuck 1
RC POS 691 id 293 seat 7 role raid fs 0 body 1 pos 23,28 stuck 0
RC WALK 691 id 293 role raid pos 23,28 tgt 28,28 want WEST
V527I SEALNT 692 ph 0 fwd 1 hv 10
RC POS 692 id 5 seat 1 role expand fs 0 body 1 pos 0,2 stuck 0
RC WALK 692 id 5 role expand pos 0,2 tgt 2,2 want SOUTH
RC POS 692 id 14 seat 5 role raid fs 0 body 1 pos 26,25 stuck 1
RC POS 692 id 293 seat 7 role raid fs 0 body 1 pos 22,28 stuck 0
RC WALK 692 id 293 role raid pos 22,28 tgt 28,28 want EAST
V527I SEALNT 693 ph 0 fwd 1 hv 10
RC POS 693 id 5 seat 1 role expand fs 0 body 1 pos 0,3 stuck 0
RC WALK 693 id 5 role expand pos 0,3 tgt 2,2 want NORTH
RC POS 693 id 14 seat 5 role raid fs 0 body 1 pos 26,25 stuck 1
RC POS 693 id 293 seat 7 role raid fs 0 body 1 pos 23,28 stuck 0
RC WALK 693 id 293 role raid pos 23,28 tgt 28,28 want WEST
V527I SEALNT 694 ph 0 fwd 1 hv 10
RC POS 694 id 5 seat 1 role expand fs 0 body 1 pos 0,2 stuck 0
RC WALK 694 id 5 role expand pos 0,2 tgt 2,2 want SOUTH
RC POS 694 id 14 seat 5 role raid fs 0 body 1 pos 26,25 stuck 1
RC POS 694 id 293 seat 7 role raid fs 0 body 1 pos 22,28 stuck 0
RC WALK 694 id 293 role raid pos 22,28 tgt 28,28 want EAST
V527I SEALNT 695 ph 0 fwd 1 hv 10
RC POS 695 id 5 seat 1 role expand fs 0 body 1 pos 0,3 stuck 0
RC WALK 695 id 5 role expand pos 0,3 tgt 2,2 want NORTH
RC POS 695 id 14 seat 5 role raid fs 0 body 1 pos 26,25 stuck 1
RC POS 695 id 293 seat 7 role raid fs 0 body 1 pos 23,28 stuck 0
RC WALK 695 id 293 role raid pos 23,28 tgt 28,28 want WEST
V527I SEALNT 696 ph 0 fwd 1 hv 10
RC POS 696 id 5 seat 1 role expand fs 0 body 1 pos 0,2 stuck 0
RC WALK 696 id 5 role expand pos 0,2 tgt 2,2 want SOUTH
RC POS 696 id 14 seat 5 role raid fs 0 body 1 pos 26,25 stuck 1
RC POS 696 id 293 seat 7 role raid fs 0 body 1 pos 22,28 stuck 0
RC WALK 696 id 293 role raid pos 22,28 tgt 28,28 want EAST
V527I SEALNT 697 ph 0 fwd 1 hv 10
RC POS 697 id 5 seat 1 role expand fs 0 body 1 pos 0,3 stuck 0
RC WALK 697 id 5 role expand pos 0,3 tgt 2,2 want NORTH
RC POS 697 id 14 seat 5 role raid fs 0 body 1 pos 26,25 stuck 1
RC POS 697 id 293 seat 7 role raid fs 0 body 1 pos 23,28 stuck 0
RC WALK 697 id 293 role raid pos 23,28 tgt 28,28 want WEST
V527I SEALNT 698 ph 0 fwd 1 hv 10
RC POS 698 id 5 seat 1 role expand fs 0 body 1 pos 0,2 stuck 0
RC WALK 698 id 5 role expand pos 0,2 tgt 2,2 want SOUTH
RC POS 698 id 14 seat 5 role raid fs 0 body 1 pos 26,25 stuck 1
RC POS 698 id 293 seat 7 role raid fs 0 body 1 pos 22,28 stuck 0
RC WALK 698 id 293 role raid pos 22,28 tgt 28,28 want EAST
V527I SEALNT 699 ph 0 fwd 1 hv 10
RC POS 699 id 5 seat 1 role expand fs 0 body 1 pos 0,3 stuck 0
RC WALK 699 id 5 role expand pos 0,3 tgt 2,2 want NORTH
RC POS 699 id 14 seat 5 role raid fs 0 body 1 pos 26,25 stuck 1
RC POS 699 id 293 seat 7 role raid fs 0 body 1 pos 23,28 stuck 0
RC WALK 699 id 293 role raid pos 23,28 tgt 28,28 want WEST
V527I SEALNT 700 ph 0 fwd 1 hv 10
RC POS 700 id 5 seat 1 role expand fs 0 body 1 pos 0,2 stuck 0
RC WALK 700 id 5 role expand pos 0,2 tgt 2,2 want SOUTH
RC POS 700 id 14 seat 5 role raid fs 0 body 1 pos 26,25 stuck 1
RC POS 700 id 293 seat 7 role raid fs 0 body 1 pos 22,28 stuck 0
RC WALK 700 id 293 role raid pos 22,28 tgt 28,28 want EAST
V527I SEALNT 701 ph 0 fwd 1 hv 10
RC POS 701 id 5 seat 1 role expand fs 0 body 1 pos 0,3 stuck 0
RC WALK 701 id 5 role expand pos 0,3 tgt 2,2 want NORTH
RC POS 701 id 14 seat 5 role raid fs 0 body 1 pos 26,25 stuck 1
RC POS 701 id 293 seat 7 role raid fs 0 body 1 pos 23,28 stuck 0
RC WALK 701 id 293 role raid pos 23,28 tgt 28,28 want WEST
V527I SEALNT 702 ph 0 fwd 1 hv 10
RC POS 702 id 5 seat 1 role expand fs 0 body 1 pos 0,2 stuck 0
RC WALK 702 id 5 role expand pos 0,2 tgt 2,2 want SOUTH
RC POS 702 id 14 seat 5 role raid fs 0 body 1 pos 26,25 stuck 1
RC POS 702 id 293 seat 7 role raid fs 0 body 1 pos 22,28 stuck 0
RC WALK 702 id 293 role raid pos 22,28 tgt 28,28 want EAST
V527I SEALNT 703 ph 0 fwd 1 hv 10
RC POS 703 id 5 seat 1 role expand fs 0 body 1 pos 0,3 stuck 0
RC WALK 703 id 5 role expand pos 0,3 tgt 2,2 want NORTH
RC POS 703 id 14 seat 5 role raid fs 0 body 1 pos 26,25 stuck 1
RC POS 703 id 293 seat 7 role raid fs 0 body 1 pos 23,28 stuck 0
RC WALK 703 id 293 role raid pos 23,28 tgt 28,28 want WEST
V527I SEALNT 704 ph 0 fwd 1 hv 10
RC POS 704 id 5 seat 1 role expand fs 0 body 1 pos 0,2 stuck 0
RC WALK 704 id 5 role expand pos 0,2 tgt 2,2 want SOUTH
RC POS 704 id 14 seat 5 role raid fs 0 body 1 pos 26,25 stuck 1
RC POS 704 id 293 seat 7 role raid fs 0 body 1 pos 22,28 stuck 0
RC WALK 704 id 293 role raid pos 22,28 tgt 28,28 want EAST
V527I SEALNT 705 ph 0 fwd 1 hv 10
RC POS 705 id 5 seat 1 role expand fs 0 body 1 pos 0,3 stuck 0
RC WALK 705 id 5 role expand pos 0,3 tgt 2,2 want NORTH
RC POS 705 id 14 seat 5 role raid fs 0 body 1 pos 26,25 stuck 1
RC POS 705 id 293 seat 7 role raid fs 0 body 1 pos 23,28 stuck 0
RC WALK 705 id 293 role raid pos 23,28 tgt 28,28 want WEST
V527I SEALNT 706 ph 0 fwd 1 hv 10
RC POS 706 id 5 seat 1 role expand fs 0 body 1 pos 0,2 stuck 0
RC WALK 706 id 5 role expand pos 0,2 tgt 2,2 want SOUTH
RC POS 706 id 14 seat 5 role raid fs 0 body 1 pos 26,25 stuck 1
RC POS 706 id 293 seat 7 role raid fs 0 body 1 pos 22,28 stuck 0
RC WALK 706 id 293 role raid pos 22,28 tgt 28,28 want EAST
V527I SEALNT 707 ph 0 fwd 1 hv 10
RC POS 707 id 5 seat 1 role expand fs 0 body 1 pos 0,3 stuck 0
RC WALK 707 id 5 role expand pos 0,3 tgt 2,2 want NORTH
RC POS 707 id 14 seat 5 role raid fs 0 body 1 pos 26,25 stuck 1
RC POS 707 id 293 seat 7 role raid fs 0 body 1 pos 23,28 stuck 0
RC WALK 707 id 293 role raid pos 23,28 tgt 28,28 want WEST
V527I SEALNT 708 ph 0 fwd 1 hv 10
RC POS 708 id 5 seat 1 role expand fs 0 body 1 pos 0,2 stuck 0
RC WALK 708 id 5 role expand pos 0,2 tgt 2,2 want SOUTH
RC POS 708 id 14 seat 5 role raid fs 0 body 1 pos 26,25 stuck 1
RC POS 708 id 293 seat 7 role raid fs 0 body 1 pos 22,28 stuck 0
RC WALK 708 id 293 role raid pos 22,28 tgt 28,28 want EAST
V527I SEALNT 709 ph 0 fwd 1 hv 10
RC POS 709 id 5 seat 1 role expand fs 0 body 1 pos 0,3 stuck 0
RC WALK 709 id 5 role expand pos 0,3 tgt 2,2 want NORTH
RC POS 709 id 14 seat 5 role raid fs 0 body 1 pos 26,25 stuck 1
RC POS 709 id 293 seat 7 role raid fs 0 body 1 pos 23,28 stuck 0
RC WALK 709 id 293 role raid pos 23,28 tgt 28,28 want WEST
V527I SEALNT 710 ph 0 fwd 1 hv 10
RC POS 710 id 5 seat 1 role expand fs 0 body 1 pos 0,2 stuck 0
RC WALK 710 id 5 role expand pos 0,2 tgt 2,2 want SOUTH
RC POS 710 id 14 seat 5 role raid fs 0 body 1 pos 26,25 stuck 1
RC POS 710 id 293 seat 7 role raid fs 0 body 1 pos 22,28 stuck 0
RC WALK 710 id 293 role raid pos 22,28 tgt 28,28 want EAST
V527I SEALNT 711 ph 0 fwd 1 hv 10
RC POS 711 id 5 seat 1 role expand fs 0 body 1 pos 0,3 stuck 0
RC WALK 711 id 5 role expand pos 0,3 tgt 2,2 want NORTH
RC POS 711 id 14 seat 5 role raid fs 0 body 1 pos 26,25 stuck 1
RC POS 711 id 293 seat 7 role raid fs 0 body 1 pos 23,28 stuck 0
RC WALK 711 id 293 role raid pos 23,28 tgt 28,28 want WEST
V527I SEALNT 712 ph 0 fwd 1 hv 10
RC POS 712 id 5 seat 1 role expand fs 0 body 1 pos 0,2 stuck 0
RC WALK 712 id 5 role expand pos 0,2 tgt 2,2 want SOUTH
RC POS 712 id 14 seat 5 role raid fs 0 body 1 pos 26,25 stuck 1
RC POS 712 id 293 seat 7 role raid fs 0 body 1 pos 22,28 stuck 0
RC WALK 712 id 293 role raid pos 22,28 tgt 28,28 want EAST
V527I SEALNT 713 ph 0 fwd 1 hv 10
RC POS 713 id 5 seat 1 role expand fs 0 body 1 pos 0,3 stuck 0
RC WALK 713 id 5 role expand pos 0,3 tgt 2,2 want NORTH
RC POS 713 id 14 seat 5 role raid fs 0 body 1 pos 26,25 stuck 1
RC POS 713 id 293 seat 7 role raid fs 0 body 1 pos 23,28 stuck 0
RC WALK 713 id 293 role raid pos 23,28 tgt 28,28 want WEST
V527I SEALNT 714 ph 0 fwd 1 hv 10
RC POS 714 id 5 seat 1 role expand fs 0 body 1 pos 0,2 stuck 0
RC WALK 714 id 5 role expand pos 0,2 tgt 2,2 want SOUTH
RC POS 714 id 14 seat 5 role raid fs 0 body 1 pos 26,25 stuck 1
RC POS 714 id 293 seat 7 role raid fs 0 body 1 pos 22,28 stuck 0
RC WALK 714 id 293 role raid pos 22,28 tgt 28,28 want EAST
V527I SEALNT 715 ph 0 fwd 1 hv 10
RC POS 715 id 5 seat 1 role expand fs 0 body 1 pos 0,3 stuck 0
RC WALK 715 id 5 role expand pos 0,3 tgt 2,2 want NORTH
RC POS 715 id 14 seat 5 role raid fs 0 body 1 pos 26,25 stuck 1
RC POS 715 id 293 seat 7 role raid fs 0 body 1 pos 23,28 stuck 0
RC WALK 715 id 293 role raid pos 23,28 tgt 28,28 want WEST
V527I SEALNT 716 ph 0 fwd 1 hv 10
RC POS 716 id 5 seat 1 role expand fs 0 body 1 pos 0,2 stuck 0
RC WALK 716 id 5 role expand pos 0,2 tgt 2,2 want SOUTH
RC POS 716 id 14 seat 5 role raid fs 0 body 1 pos 26,25 stuck 1
RC POS 716 id 293 seat 7 role raid fs 0 body 1 pos 22,28 stuck 0
RC WALK 716 id 293 role raid pos 22,28 tgt 28,28 want EAST
V527I SEALNT 717 ph 0 fwd 1 hv 10
RC POS 717 id 5 seat 1 role expand fs 0 body 1 pos 0,3 stuck 0
RC WALK 717 id 5 role expand pos 0,3 tgt 2,2 want NORTH
RC POS 717 id 14 seat 5 role raid fs 0 body 1 pos 26,25 stuck 1
RC POS 717 id 293 seat 7 role raid fs 0 body 1 pos 23,28 stuck 0
RC WALK 717 id 293 role raid pos 23,28 tgt 28,28 want WEST
V527I SEALNT 718 ph 0 fwd 1 hv 10
RC POS 718 id 5 seat 1 role expand fs 0 body 1 pos 0,2 stuck 0
RC WALK 718 id 5 role expand pos 0,2 tgt 2,2 want SOUTH
RC POS 718 id 14 seat 5 role raid fs 0 body 1 pos 26,25 stuck 1
RC POS 718 id 293 seat 7 role raid fs 0 body 1 pos 22,28 stuck 0
RC WALK 718 id 293 role raid pos 22,28 tgt 28,28 want EAST
V527I SEALNT 719 ph 0 fwd 1 hv 10
RC POS 719 id 5 seat 1 role expand fs 0 body 1 pos 0,3 stuck 0
RC WALK 719 id 5 role expand pos 0,3 tgt 2,2 want NORTH
RC POS 719 id 14 seat 5 role raid fs 0 body 1 pos 26,25 stuck 1
RC POS 719 id 293 seat 7 role raid fs 0 body 1 pos 23,28 stuck 0
RC WALK 719 id 293 role raid pos 23,28 tgt 28,28 want WEST
V527I SEALNT 720 ph 0 fwd 1 hv 10
RC POS 720 id 5 seat 1 role expand fs 0 body 1 pos 0,2 stuck 0
RC WALK 720 id 5 role expand pos 0,2 tgt 2,2 want SOUTH
RC POS 720 id 14 seat 5 role raid fs 0 body 1 pos 26,25 stuck 1
RC POS 720 id 293 seat 7 role raid fs 0 body 1 pos 22,28 stuck 0
RC WALK 720 id 293 role raid pos 22,28 tgt 28,28 want EAST
V527I SEALNT 721 ph 0 fwd 1 hv 10
RC POS 721 id 5 seat 1 role expand fs 0 body 1 pos 0,3 stuck 0
RC WALK 721 id 5 role expand pos 0,3 tgt 2,2 want NORTH
RC POS 721 id 14 seat 5 role raid fs 0 body 1 pos 26,25 stuck 1
RC POS 721 id 293 seat 7 role raid fs 0 body 1 pos 23,28 stuck 0
RC WALK 721 id 293 role raid pos 23,28 tgt 28,28 want WEST
V527I SEALNT 722 ph 0 fwd 1 hv 10
RC POS 722 id 5 seat 1 role expand fs 0 body 1 pos 0,2 stuck 0
RC WALK 722 id 5 role expand pos 0,2 tgt 2,2 want SOUTH
RC POS 722 id 14 seat 5 role raid fs 0 body 1 pos 26,25 stuck 1
RC POS 722 id 293 seat 7 role raid fs 0 body 1 pos 22,28 stuck 0
RC WALK 722 id 293 role raid pos 22,28 tgt 28,28 want EAST
V527I SEALNT 723 ph 0 fwd 1 hv 10
RC POS 723 id 5 seat 1 role expand fs 0 body 1 pos 0,3 stuck 0
RC WALK 723 id 5 role expand pos 0,3 tgt 2,2 want NORTH
RC POS 723 id 14 seat 5 role raid fs 0 body 1 pos 26,25 stuck 1
RC POS 723 id 293 seat 7 role raid fs 0 body 1 pos 23,28 stuck 0
RC WALK 723 id 293 role raid pos 23,28 tgt 28,28 want WEST
V527I SEALNT 724 ph 0 fwd 1 hv 10
RC POS 724 id 5 seat 1 role expand fs 0 body 1 pos 0,2 stuck 0
RC WALK 724 id 5 role expand pos 0,2 tgt 2,2 want SOUTH
RC POS 724 id 14 seat 5 role raid fs 0 body 1 pos 26,25 stuck 1
RC POS 724 id 293 seat 7 role raid fs 0 body 1 pos 22,28 stuck 0
RC WALK 724 id 293 role raid pos 22,28 tgt 28,28 want EAST
V527I SEALNT 725 ph 0 fwd 1 hv 10
RC POS 725 id 5 seat 1 role expand fs 0 body 1 pos 0,3 stuck 0
RC WALK 725 id 5 role expand pos 0,3 tgt 2,2 want NORTH
RC POS 725 id 14 seat 5 role raid fs 0 body 1 pos 26,25 stuck 1
RC POS 725 id 293 seat 7 role raid fs 0 body 1 pos 23,28 stuck 0
RC WALK 725 id 293 role raid pos 23,28 tgt 28,28 want WEST
V527I SEALNT 726 ph 0 fwd 1 hv 10
RC POS 726 id 5 seat 1 role expand fs 0 body 1 pos 0,2 stuck 0
RC WALK 726 id 5 role expand pos 0,2 tgt 2,2 want SOUTH
RC POS 726 id 14 seat 5 role raid fs 0 body 1 pos 26,25 stuck 1
RC POS 726 id 293 seat 7 role raid fs 0 body 1 pos 22,28 stuck 0
RC WALK 726 id 293 role raid pos 22,28 tgt 28,28 want EAST
V527I SEALNT 727 ph 0 fwd 1 hv 10
RC POS 727 id 5 seat 1 role expand fs 0 body 1 pos 0,3 stuck 0
RC WALK 727 id 5 role expand pos 0,3 tgt 2,2 want NORTH
RC POS 727 id 14 seat 5 role raid fs 0 body 1 pos 26,25 stuck 1
RC POS 727 id 293 seat 7 role raid fs 0 body 1 pos 23,28 stuck 0
RC WALK 727 id 293 role raid pos 23,28 tgt 28,28 want WEST
V527I SEALNT 728 ph 0 fwd 1 hv 10
RC POS 728 id 5 seat 1 role expand fs 0 body 1 pos 0,2 stuck 0
RC WALK 728 id 5 role expand pos 0,2 tgt 2,2 want SOUTH
RC POS 728 id 14 seat 5 role raid fs 0 body 1 pos 26,25 stuck 1
RC POS 728 id 293 seat 7 role raid fs 0 body 1 pos 22,28 stuck 0
RC WALK 728 id 293 role raid pos 22,28 tgt 28,28 want EAST
V527I SEALNT 729 ph 0 fwd 1 hv 10
RC POS 729 id 5 seat 1 role expand fs 0 body 1 pos 0,3 stuck 0
RC WALK 729 id 5 role expand pos 0,3 tgt 2,2 want NORTH
RC POS 729 id 14 seat 5 role raid fs 0 body 1 pos 26,25 stuck 1
RC POS 729 id 293 seat 7 role raid fs 0 body 1 pos 23,28 stuck 0
RC WALK 729 id 293 role raid pos 23,28 tgt 28,28 want WEST
V527I SEALNT 730 ph 0 fwd 1 hv 10
RC POS 730 id 5 seat 1 role expand fs 0 body 1 pos 0,2 stuck 0
RC WALK 730 id 5 role expand pos 0,2 tgt 2,2 want SOUTH
RC POS 730 id 14 seat 5 role raid fs 0 body 1 pos 26,25 stuck 1
RC POS 730 id 293 seat 7 role raid fs 0 body 1 pos 22,28 stuck 0
RC WALK 730 id 293 role raid pos 22,28 tgt 28,28 want EAST
V527I SEALNT 731 ph 0 fwd 1 hv 10
RC POS 731 id 5 seat 1 role expand fs 0 body 1 pos 0,3 stuck 0
RC WALK 731 id 5 role expand pos 0,3 tgt 2,2 want NORTH
RC POS 731 id 14 seat 5 role raid fs 0 body 1 pos 26,25 stuck 1
RC POS 731 id 293 seat 7 role raid fs 0 body 1 pos 23,28 stuck 0
RC WALK 731 id 293 role raid pos 23,28 tgt 28,28 want WEST
V527I SEALNT 732 ph 0 fwd 1 hv 10
RC POS 732 id 5 seat 1 role expand fs 0 body 1 pos 0,2 stuck 0
RC WALK 732 id 5 role expand pos 0,2 tgt 2,2 want SOUTH
RC POS 732 id 14 seat 5 role raid fs 0 body 1 pos 26,25 stuck 1
RC POS 732 id 293 seat 7 role raid fs 0 body 1 pos 22,28 stuck 0
RC WALK 732 id 293 role raid pos 22,28 tgt 28,28 want EAST
V527I SEALNT 733 ph 0 fwd 1 hv 10
RC POS 733 id 5 seat 1 role expand fs 0 body 1 pos 0,3 stuck 0
RC WALK 733 id 5 role expand pos 0,3 tgt 2,2 want NORTH
RC POS 733 id 14 seat 5 role raid fs 0 body 1 pos 26,25 stuck 1
RC POS 733 id 293 seat 7 role raid fs 0 body 1 pos 23,28 stuck 0
RC WALK 733 id 293 role raid pos 23,28 tgt 28,28 want WEST
V527I SEALNT 734 ph 0 fwd 1 hv 10
RC POS 734 id 5 seat 1 role expand fs 0 body 1 pos 0,2 stuck 0
RC WALK 734 id 5 role expand pos 0,2 tgt 2,2 want SOUTH
RC POS 734 id 14 seat 5 role raid fs 0 body 1 pos 26,25 stuck 1
RC POS 734 id 293 seat 7 role raid fs 0 body 1 pos 22,28 stuck 0
RC WALK 734 id 293 role raid pos 22,28 tgt 28,28 want EAST
V527I SEALNT 735 ph 0 fwd 1 hv 10
RC POS 735 id 5 seat 1 role expand fs 0 body 1 pos 0,3 stuck 0
RC WALK 735 id 5 role expand pos 0,3 tgt 2,2 want NORTH
RC POS 735 id 14 seat 5 role raid fs 0 body 1 pos 26,25 stuck 1
RC POS 735 id 293 seat 7 role raid fs 0 body 1 pos 23,28 stuck 0
RC WALK 735 id 293 role raid pos 23,28 tgt 28,28 want WEST
V527I SEALNT 736 ph 0 fwd 1 hv 10
RC POS 736 id 5 seat 1 role expand fs 0 body 1 pos 0,2 stuck 0
RC WALK 736 id 5 role expand pos 0,2 tgt 2,2 want SOUTH
RC POS 736 id 14 seat 5 role raid fs 0 body 1 pos 26,25 stuck 1
RC POS 736 id 293 seat 7 role raid fs 0 body 1 pos 22,28 stuck 0
RC WALK 736 id 293 role raid pos 22,28 tgt 28,28 want EAST
V527I SEALNT 737 ph 0 fwd 1 hv 10
RC POS 737 id 5 seat 1 role expand fs 0 body 1 pos 0,3 stuck 0
RC WALK 737 id 5 role expand pos 0,3 tgt 2,2 want NORTH
RC POS 737 id 14 seat 5 role raid fs 0 body 1 pos 26,25 stuck 1
RC POS 737 id 293 seat 7 role raid fs 0 body 1 pos 23,28 stuck 0
RC WALK 737 id 293 role raid pos 23,28 tgt 28,28 want WEST
V527I SEALNT 738 ph 0 fwd 1 hv 10
RC POS 738 id 5 seat 1 role expand fs 0 body 1 pos 0,2 stuck 0
RC WALK 738 id 5 role expand pos 0,2 tgt 2,2 want SOUTH
RC POS 738 id 14 seat 5 role raid fs 0 body 1 pos 26,25 stuck 1
RC POS 738 id 293 seat 7 role raid fs 0 body 1 pos 22,28 stuck 0
RC WALK 738 id 293 role raid pos 22,28 tgt 28,28 want EAST
V527I SEALNT 739 ph 0 fwd 1 hv 10
RC POS 739 id 5 seat 1 role expand fs 0 body 1 pos 0,3 stuck 0
RC WALK 739 id 5 role expand pos 0,3 tgt 2,2 want NORTH
RC POS 739 id 14 seat 5 role raid fs 0 body 1 pos 26,25 stuck 1
RC POS 739 id 293 seat 7 role raid fs 0 body 1 pos 23,28 stuck 0
RC WALK 739 id 293 role raid pos 23,28 tgt 28,28 want WEST
V527I SEALNT 740 ph 0 fwd 1 hv 10
RC POS 740 id 5 seat 1 role expand fs 0 body 1 pos 0,2 stuck 0
RC WALK 740 id 5 role expand pos 0,2 tgt 2,2 want SOUTH
RC POS 740 id 14 seat 5 role raid fs 0 body 1 pos 26,25 stuck 1
RC POS 740 id 293 seat 7 role raid fs 0 body 1 pos 22,28 stuck 0
RC WALK 740 id 293 role raid pos 22,28 tgt 28,28 want EAST
V527I SEALNT 741 ph 0 fwd 1 hv 10
RC POS 741 id 5 seat 1 role expand fs 0 body 1 pos 0,3 stuck 0
RC WALK 741 id 5 role expand pos 0,3 tgt 2,2 want NORTH
RC POS 741 id 14 seat 5 role raid fs 0 body 1 pos 26,25 stuck 1
RC POS 741 id 293 seat 7 role raid fs 0 body 1 pos 23,28 stuck 0
RC WALK 741 id 293 role raid pos 23,28 tgt 28,28 want WEST
V527I SEALNT 742 ph 0 fwd 1 hv 10
RC POS 742 id 5 seat 1 role expand fs 0 body 1 pos 0,2 stuck 0
RC WALK 742 id 5 role expand pos 0,2 tgt 2,2 want SOUTH
RC POS 742 id 14 seat 5 role raid fs 0 body 1 pos 26,25 stuck 1
RC POS 742 id 293 seat 7 role raid fs 0 body 1 pos 22,28 stuck 0
RC WALK 742 id 293 role raid pos 22,28 tgt 28,28 want EAST
V527I SEALNT 743 ph 0 fwd 1 hv 10
RC POS 743 id 5 seat 1 role expand fs 0 body 1 pos 0,3 stuck 0
RC WALK 743 id 5 role expand pos 0,3 tgt 2,2 want NORTH
RC POS 743 id 14 seat 5 role raid fs 0 body 1 pos 26,25 stuck 1
RC POS 743 id 293 seat 7 role raid fs 0 body 1 pos 23,28 stuck 0
RC WALK 743 id 293 role raid pos 23,28 tgt 28,28 want WEST
V527I SEALNT 744 ph 0 fwd 1 hv 10
RC POS 744 id 5 seat 1 role expand fs 0 body 1 pos 0,2 stuck 0
RC WALK 744 id 5 role expand pos 0,2 tgt 2,2 want SOUTH
RC POS 744 id 14 seat 5 role raid fs 0 body 1 pos 26,25 stuck 1
RC POS 744 id 293 seat 7 role raid fs 0 body 1 pos 22,28 stuck 0
RC WALK 744 id 293 role raid pos 22,28 tgt 28,28 want EAST
V527I SEALNT 745 ph 0 fwd 1 hv 10
RC POS 745 id 5 seat 1 role expand fs 0 body 1 pos 0,3 stuck 0
RC WALK 745 id 5 role expand pos 0,3 tgt 2,2 want NORTH
RC POS 745 id 14 seat 5 role raid fs 0 body 1 pos 26,25 stuck 1
RC POS 745 id 293 seat 7 role raid fs 0 body 1 pos 23,28 stuck 0
RC WALK 745 id 293 role raid pos 23,28 tgt 28,28 want WEST
V527I SEALNT 746 ph 0 fwd 1 hv 10
RC POS 746 id 5 seat 1 role expand fs 0 body 1 pos 0,2 stuck 0
RC WALK 746 id 5 role expand pos 0,2 tgt 2,2 want SOUTH
RC POS 746 id 14 seat 5 role raid fs 0 body 1 pos 26,25 stuck 1
RC POS 746 id 293 seat 7 role raid fs 0 body 1 pos 22,28 stuck 0
RC WALK 746 id 293 role raid pos 22,28 tgt 28,28 want EAST
V527I SEALNT 747 ph 0 fwd 1 hv 10
RC POS 747 id 5 seat 1 role expand fs 0 body 1 pos 0,3 stuck 0
RC WALK 747 id 5 role expand pos 0,3 tgt 2,2 want NORTH
RC POS 747 id 14 seat 5 role raid fs 0 body 1 pos 26,25 stuck 1
RC POS 747 id 293 seat 7 role raid fs 0 body 1 pos 23,28 stuck 0
RC WALK 747 id 293 role raid pos 23,28 tgt 28,28 want WEST
V527I SEALNT 748 ph 0 fwd 1 hv 10
RC POS 748 id 5 seat 1 role expand fs 0 body 1 pos 0,2 stuck 0
RC WALK 748 id 5 role expand pos 0,2 tgt 2,2 want SOUTH
RC POS 748 id 14 seat 5 role raid fs 0 body 1 pos 26,25 stuck 1
RC POS 748 id 293 seat 7 role raid fs 0 body 1 pos 22,28 stuck 0
RC WALK 748 id 293 role raid pos 22,28 tgt 28,28 want EAST
V527I SEALNT 749 ph 0 fwd 1 hv 10
RC POS 749 id 5 seat 1 role expand fs 0 body 1 pos 0,3 stuck 0
RC WALK 749 id 5 role expand pos 0,3 tgt 2,2 want NORTH
RC POS 749 id 14 seat 5 role raid fs 0 body 1 pos 26,25 stuck 1
RC POS 749 id 293 seat 7 role raid fs 0 body 1 pos 23,28 stuck 0
RC WALK 749 id 293 role raid pos 23,28 tgt 28,28 want WEST
V527I SEALNT 750 ph 0 fwd 1 hv 10
RC POS 750 id 5 seat 1 role expand fs 0 body 1 pos 0,2 stuck 0
RC WALK 750 id 5 role expand pos 0,2 tgt 2,2 want SOUTH
RC POS 750 id 14 seat 5 role raid fs 0 body 1 pos 26,25 stuck 1
RC POS 750 id 293 seat 7 role raid fs 0 body 1 pos 22,28 stuck 0
RC WALK 750 id 293 role raid pos 22,28 tgt 28,28 want EAST
V527I SEALNT 751 ph 0 fwd 1 hv 10
RC POS 751 id 5 seat 1 role expand fs 0 body 1 pos 0,3 stuck 0
RC WALK 751 id 5 role expand pos 0,3 tgt 2,2 want NORTH
RC POS 751 id 14 seat 5 role raid fs 0 body 1 pos 26,25 stuck 1
RC POS 751 id 293 seat 7 role raid fs 0 body 1 pos 23,28 stuck 0
RC WALK 751 id 293 role raid pos 23,28 tgt 28,28 want WEST
V527I SEALNT 752 ph 0 fwd 1 hv 10
RC POS 752 id 5 seat 1 role expand fs 0 body 1 pos 0,2 stuck 0
RC WALK 752 id 5 role expand pos 0,2 tgt 2,2 want SOUTH
RC POS 752 id 14 seat 5 role raid fs 0 body 1 pos 26,25 stuck 1
RC POS 752 id 293 seat 7 role raid fs 0 body 1 pos 22,28 stuck 0
RC WALK 752 id 293 role raid pos 22,28 tgt 28,28 want EAST
V527I SEALNT 753 ph 0 fwd 1 hv 10
RC POS 753 id 5 seat 1 role expand fs 0 body 1 pos 0,3 stuck 0
RC WALK 753 id 5 role expand pos 0,3 tgt 2,2 want NORTH
RC POS 753 id 14 seat 5 role raid fs 0 body 1 pos 26,25 stuck 1
RC POS 753 id 293 seat 7 role raid fs 0 body 1 pos 23,28 stuck 0
RC WALK 753 id 293 role raid pos 23,28 tgt 28,28 want WEST
V527I SEALNT 754 ph 0 fwd 1 hv 10
RC POS 754 id 5 seat 1 role expand fs 0 body 1 pos 0,2 stuck 0
RC WALK 754 id 5 role expand pos 0,2 tgt 2,2 want SOUTH
RC POS 754 id 14 seat 5 role raid fs 0 body 1 pos 26,25 stuck 1
RC POS 754 id 293 seat 7 role raid fs 0 body 1 pos 22,28 stuck 0
RC WALK 754 id 293 role raid pos 22,28 tgt 28,28 want EAST
V527I SEALNT 755 ph 0 fwd 1 hv 10
RC POS 755 id 5 seat 1 role expand fs 0 body 1 pos 0,3 stuck 0
RC WALK 755 id 5 role expand pos 0,3 tgt 2,2 want NORTH
RC POS 755 id 14 seat 5 role raid fs 0 body 1 pos 26,25 stuck 1
RC POS 755 id 293 seat 7 role raid fs 0 body 1 pos 23,28 stuck 0
RC WALK 755 id 293 role raid pos 23,28 tgt 28,28 want WEST
V527I SEALNT 756 ph 0 fwd 1 hv 10
RC POS 756 id 5 seat 1 role expand fs 0 body 1 pos 0,2 stuck 0
RC WALK 756 id 5 role expand pos 0,2 tgt 2,2 want SOUTH
RC POS 756 id 14 seat 5 role raid fs 0 body 1 pos 26,25 stuck 1
RC POS 756 id 293 seat 7 role raid fs 0 body 1 pos 22,28 stuck 0
RC WALK 756 id 293 role raid pos 22,28 tgt 28,28 want EAST
V527I SEALNT 757 ph 0 fwd 1 hv 10
RC POS 757 id 5 seat 1 role expand fs 0 body 1 pos 0,3 stuck 0
RC WALK 757 id 5 role expand pos 0,3 tgt 2,2 want NORTH
RC POS 757 id 14 seat 5 role raid fs 0 body 1 pos 26,25 stuck 1
RC POS 757 id 293 seat 7 role raid fs 0 body 1 pos 23,28 stuck 0
RC WALK 757 id 293 role raid pos 23,28 tgt 28,28 want WEST
V527I SEALNT 758 ph 0 fwd 1 hv 10
RC POS 758 id 5 seat 1 role expand fs 0 body 1 pos 0,2 stuck 0
RC WALK 758 id 5 role expand pos 0,2 tgt 2,2 want SOUTH
RC POS 758 id 14 seat 5 role raid fs 0 body 1 pos 26,25 stuck 1
RC POS 758 id 293 seat 7 role raid fs 0 body 1 pos 22,28 stuck 0
RC WALK 758 id 293 role raid pos 22,28 tgt 28,28 want EAST
V527I SEALNT 759 ph 0 fwd 1 hv 10
RC POS 759 id 5 seat 1 role expand fs 0 body 1 pos 0,3 stuck 0
RC WALK 759 id 5 role expand pos 0,3 tgt 2,2 want NORTH
RC POS 759 id 14 seat 5 role raid fs 0 body 1 pos 26,25 stuck 1
RC POS 759 id 293 seat 7 role raid fs 0 body 1 pos 23,28 stuck 0
RC WALK 759 id 293 role raid pos 23,28 tgt 28,28 want WEST
V527I SEALNT 760 ph 0 fwd 1 hv 10
RC POS 760 id 5 seat 1 role expand fs 0 body 1 pos 0,2 stuck 0
RC WALK 760 id 5 role expand pos 0,2 tgt 2,2 want SOUTH
RC POS 760 id 14 seat 5 role raid fs 0 body 1 pos 26,25 stuck 1
RC POS 760 id 293 seat 7 role raid fs 0 body 1 pos 22,28 stuck 0
RC WALK 760 id 293 role raid pos 22,28 tgt 28,28 want EAST
V527I SEALNT 761 ph 0 fwd 1 hv 10
RC POS 761 id 5 seat 1 role expand fs 0 body 1 pos 0,3 stuck 0
RC WALK 761 id 5 role expand pos 0,3 tgt 2,2 want NORTH
RC POS 761 id 14 seat 5 role raid fs 0 body 1 pos 26,25 stuck 1
RC POS 761 id 293 seat 7 role raid fs 0 body 1 pos 23,28 stuck 0
RC WALK 761 id 293 role raid pos 23,28 tgt 28,28 want WEST
V527I SEALNT 762 ph 0 fwd 1 hv 10
RC POS 762 id 5 seat 1 role expand fs 0 body 1 pos 0,2 stuck 0
RC WALK 762 id 5 role expand pos 0,2 tgt 2,2 want SOUTH
RC POS 762 id 14 seat 5 role raid fs 0 body 1 pos 26,25 stuck 1
RC POS 762 id 293 seat 7 role raid fs 0 body 1 pos 22,28 stuck 0
RC WALK 762 id 293 role raid pos 22,28 tgt 28,28 want EAST
V527I SEALNT 763 ph 0 fwd 1 hv 10
RC POS 763 id 5 seat 1 role expand fs 0 body 1 pos 0,3 stuck 0
RC WALK 763 id 5 role expand pos 0,3 tgt 2,2 want NORTH
RC POS 763 id 14 seat 5 role raid fs 0 body 1 pos 26,25 stuck 1
RC POS 763 id 293 seat 7 role raid fs 0 body 1 pos 23,28 stuck 0
RC WALK 763 id 293 role raid pos 23,28 tgt 28,28 want WEST
V527I SEALNT 764 ph 0 fwd 1 hv 10
RC POS 764 id 5 seat 1 role expand fs 0 body 1 pos 0,2 stuck 0
RC WALK 764 id 5 role expand pos 0,2 tgt 2,2 want SOUTH
RC POS 764 id 14 seat 5 role raid fs 0 body 1 pos 26,25 stuck 1
RC POS 764 id 293 seat 7 role raid fs 0 body 1 pos 22,28 stuck 0
RC WALK 764 id 293 role raid pos 22,28 tgt 28,28 want EAST
V527I SEALNT 765 ph 0 fwd 1 hv 10
RC POS 765 id 5 seat 1 role expand fs 0 body 1 pos 0,3 stuck 0
RC WALK 765 id 5 role expand pos 0,3 tgt 2,2 want NORTH
RC POS 765 id 14 seat 5 role raid fs 0 body 1 pos 26,25 stuck 1
RC POS 765 id 293 seat 7 role raid fs 0 body 1 pos 23,28 stuck 0
RC WALK 765 id 293 role raid pos 23,28 tgt 28,28 want WEST
V527I SEALNT 766 ph 0 fwd 1 hv 10
RC POS 766 id 5 seat 1 role expand fs 0 body 1 pos 0,2 stuck 0
RC WALK 766 id 5 role expand pos 0,2 tgt 2,2 want SOUTH
RC POS 766 id 14 seat 5 role raid fs 0 body 1 pos 26,25 stuck 1
RC POS 766 id 293 seat 7 role raid fs 0 body 1 pos 22,28 stuck 0
RC WALK 766 id 293 role raid pos 22,28 tgt 28,28 want EAST
V527I SEALNT 767 ph 0 fwd 1 hv 10
RC POS 767 id 5 seat 1 role expand fs 0 body 1 pos 0,3 stuck 0
RC WALK 767 id 5 role expand pos 0,3 tgt 2,2 want NORTH
RC POS 767 id 14 seat 5 role raid fs 0 body 1 pos 26,25 stuck 1
RC POS 767 id 293 seat 7 role raid fs 0 body 1 pos 23,28 stuck 0
RC WALK 767 id 293 role raid pos 23,28 tgt 28,28 want WEST
V527I SEALNT 768 ph 0 fwd 1 hv 10
RC POS 768 id 5 seat 1 role expand fs 0 body 1 pos 0,2 stuck 0
RC WALK 768 id 5 role expand pos 0,2 tgt 2,2 want SOUTH
RC POS 768 id 14 seat 5 role raid fs 0 body 1 pos 26,25 stuck 1
RC POS 768 id 293 seat 7 role raid fs 0 body 1 pos 22,28 stuck 0
RC WALK 768 id 293 role raid pos 22,28 tgt 28,28 want EAST
V527I SEALNT 769 ph 0 fwd 1 hv 10
RC POS 769 id 5 seat 1 role expand fs 0 body 1 pos 0,3 stuck 0
RC WALK 769 id 5 role expand pos 0,3 tgt 2,2 want NORTH
RC POS 769 id 14 seat 5 role raid fs 0 body 1 pos 26,25 stuck 1
RC POS 769 id 293 seat 7 role raid fs 0 body 1 pos 23,28 stuck 0
RC WALK 769 id 293 role raid pos 23,28 tgt 28,28 want WEST
V527I SEALNT 770 ph 0 fwd 1 hv 10
RC POS 770 id 5 seat 1 role expand fs 0 body 1 pos 0,2 stuck 0
RC WALK 770 id 5 role expand pos 0,2 tgt 2,2 want SOUTH
RC POS 770 id 14 seat 5 role raid fs 0 body 1 pos 26,25 stuck 1
RC POS 770 id 293 seat 7 role raid fs 0 body 1 pos 22,28 stuck 0
RC WALK 770 id 293 role raid pos 22,28 tgt 28,28 want EAST
V527I SEALNT 771 ph 0 fwd 1 hv 10
RC POS 771 id 5 seat 1 role expand fs 0 body 1 pos 0,3 stuck 0
RC WALK 771 id 5 role expand pos 0,3 tgt 2,2 want NORTH
RC POS 771 id 14 seat 5 role raid fs 0 body 1 pos 26,25 stuck 1
RC POS 771 id 293 seat 7 role raid fs 0 body 1 pos 23,28 stuck 0
RC WALK 771 id 293 role raid pos 23,28 tgt 28,28 want WEST
V527I SEALNT 772 ph 0 fwd 1 hv 10
RC POS 772 id 5 seat 1 role expand fs 0 body 1 pos 0,2 stuck 0
RC WALK 772 id 5 role expand pos 0,2 tgt 2,2 want SOUTH
RC POS 772 id 14 seat 5 role raid fs 0 body 1 pos 26,25 stuck 1
RC POS 772 id 293 seat 7 role raid fs 0 body 1 pos 22,28 stuck 0
RC WALK 772 id 293 role raid pos 22,28 tgt 28,28 want EAST
V527I SEALNT 773 ph 0 fwd 1 hv 10
RC POS 773 id 5 seat 1 role expand fs 0 body 1 pos 0,3 stuck 0
RC WALK 773 id 5 role expand pos 0,3 tgt 2,2 want NORTH
RC POS 773 id 14 seat 5 role raid fs 0 body 1 pos 26,25 stuck 1
RC POS 773 id 293 seat 7 role raid fs 0 body 1 pos 23,28 stuck 0
RC WALK 773 id 293 role raid pos 23,28 tgt 28,28 want WEST
V527I SEALNT 774 ph 0 fwd 1 hv 10
RC POS 774 id 5 seat 1 role expand fs 0 body 1 pos 0,2 stuck 0
RC WALK 774 id 5 role expand pos 0,2 tgt 2,2 want SOUTH
RC POS 774 id 14 seat 5 role raid fs 0 body 1 pos 26,25 stuck 1
RC POS 774 id 293 seat 7 role raid fs 0 body 1 pos 22,28 stuck 0
RC WALK 774 id 293 role raid pos 22,28 tgt 28,28 want EAST
V527I SEALNT 775 ph 0 fwd 1 hv 10
RC POS 775 id 5 seat 1 role expand fs 0 body 1 pos 0,3 stuck 0
RC WALK 775 id 5 role expand pos 0,3 tgt 2,2 want NORTH
RC POS 775 id 14 seat 5 role raid fs 0 body 1 pos 26,25 stuck 1
RC POS 775 id 293 seat 7 role raid fs 0 body 1 pos 23,28 stuck 0
RC WALK 775 id 293 role raid pos 23,28 tgt 28,28 want WEST
V527I SEALNT 776 ph 0 fwd 1 hv 10
RC POS 776 id 5 seat 1 role expand fs 0 body 1 pos 0,2 stuck 0
RC WALK 776 id 5 role expand pos 0,2 tgt 2,2 want SOUTH
RC POS 776 id 14 seat 5 role raid fs 0 body 1 pos 26,25 stuck 1
RC POS 776 id 293 seat 7 role raid fs 0 body 1 pos 22,28 stuck 0
RC WALK 776 id 293 role raid pos 22,28 tgt 28,28 want EAST
V527I SEALNT 777 ph 0 fwd 1 hv 10
RC POS 777 id 5 seat 1 role expand fs 0 body 1 pos 0,3 stuck 0
RC WALK 777 id 5 role expand pos 0,3 tgt 2,2 want NORTH
RC POS 777 id 14 seat 5 role raid fs 0 body 1 pos 26,25 stuck 1
RC POS 777 id 293 seat 7 role raid fs 0 body 1 pos 23,28 stuck 0
RC WALK 777 id 293 role raid pos 23,28 tgt 28,28 want WEST
V527I SEALNT 778 ph 0 fwd 1 hv 10
RC POS 778 id 5 seat 1 role expand fs 0 body 1 pos 0,2 stuck 0
RC WALK 778 id 5 role expand pos 0,2 tgt 2,2 want SOUTH
RC POS 778 id 14 seat 5 role raid fs 0 body 1 pos 26,25 stuck 1
RC POS 778 id 293 seat 7 role raid fs 0 body 1 pos 22,28 stuck 0
RC WALK 778 id 293 role raid pos 22,28 tgt 28,28 want EAST
V527I SEALNT 779 ph 0 fwd 1 hv 10
RC POS 779 id 5 seat 1 role expand fs 0 body 1 pos 0,3 stuck 0
RC WALK 779 id 5 role expand pos 0,3 tgt 2,2 want NORTH
RC POS 779 id 14 seat 5 role raid fs 0 body 1 pos 26,25 stuck 1
RC POS 779 id 293 seat 7 role raid fs 0 body 1 pos 23,28 stuck 0
RC WALK 779 id 293 role raid pos 23,28 tgt 28,28 want WEST
V527I SEALNT 780 ph 0 fwd 1 hv 10
RC POS 780 id 5 seat 1 role expand fs 0 body 1 pos 0,2 stuck 0
RC WALK 780 id 5 role expand pos 0,2 tgt 2,2 want SOUTH
RC POS 780 id 14 seat 5 role raid fs 0 body 1 pos 26,25 stuck 1
RC POS 780 id 293 seat 7 role raid fs 0 body 1 pos 22,28 stuck 0
RC WALK 780 id 293 role raid pos 22,28 tgt 28,28 want EAST
V527I SEALNT 781 ph 0 fwd 1 hv 10
RC POS 781 id 5 seat 1 role expand fs 0 body 1 pos 0,3 stuck 0
RC WALK 781 id 5 role expand pos 0,3 tgt 2,2 want NORTH
RC POS 781 id 14 seat 5 role raid fs 0 body 1 pos 26,25 stuck 1
RC POS 781 id 293 seat 7 role raid fs 0 body 1 pos 23,28 stuck 0
RC WALK 781 id 293 role raid pos 23,28 tgt 28,28 want WEST
V527I SEALNT 782 ph 0 fwd 1 hv 10
RC POS 782 id 5 seat 1 role expand fs 0 body 1 pos 0,2 stuck 0
RC WALK 782 id 5 role expand pos 0,2 tgt 2,2 want SOUTH
RC POS 782 id 14 seat 5 role raid fs 0 body 1 pos 26,25 stuck 1
RC POS 782 id 293 seat 7 role raid fs 0 body 1 pos 22,28 stuck 0
RC WALK 782 id 293 role raid pos 22,28 tgt 28,28 want EAST
V527I SEALNT 783 ph 0 fwd 1 hv 10
RC POS 783 id 5 seat 1 role expand fs 0 body 1 pos 0,3 stuck 0
RC WALK 783 id 5 role expand pos 0,3 tgt 2,2 want NORTH
RC POS 783 id 14 seat 5 role raid fs 0 body 1 pos 26,25 stuck 1
RC POS 783 id 293 seat 7 role raid fs 0 body 1 pos 23,28 stuck 0
RC WALK 783 id 293 role raid pos 23,28 tgt 28,28 want WEST
V527I SEALNT 784 ph 0 fwd 1 hv 10
RC POS 784 id 5 seat 1 role expand fs 0 body 1 pos 0,2 stuck 0
RC WALK 784 id 5 role expand pos 0,2 tgt 2,2 want SOUTH
RC POS 784 id 14 seat 5 role raid fs 0 body 1 pos 26,25 stuck 1
RC POS 784 id 293 seat 7 role raid fs 0 body 1 pos 22,28 stuck 0
RC WALK 784 id 293 role raid pos 22,28 tgt 28,28 want EAST
V527I SEALNT 785 ph 0 fwd 1 hv 10
RC POS 785 id 5 seat 1 role expand fs 0 body 1 pos 0,3 stuck 0
RC WALK 785 id 5 role expand pos 0,3 tgt 2,2 want NORTH
RC POS 785 id 14 seat 5 role raid fs 0 body 1 pos 26,25 stuck 1
RC POS 785 id 293 seat 7 role raid fs 0 body 1 pos 23,28 stuck 0
RC WALK 785 id 293 role raid pos 23,28 tgt 28,28 want WEST
V527I SEALNT 786 ph 0 fwd 1 hv 10
RC POS 786 id 5 seat 1 role expand fs 0 body 1 pos 0,2 stuck 0
RC WALK 786 id 5 role expand pos 0,2 tgt 2,2 want SOUTH
RC POS 786 id 14 seat 5 role raid fs 0 body 1 pos 26,25 stuck 1
RC POS 786 id 293 seat 7 role raid fs 0 body 1 pos 22,28 stuck 0
RC WALK 786 id 293 role raid pos 22,28 tgt 28,28 want EAST
V527I SEALNT 787 ph 0 fwd 1 hv 10
RC POS 787 id 5 seat 1 role expand fs 0 body 1 pos 0,3 stuck 0
RC WALK 787 id 5 role expand pos 0,3 tgt 2,2 want NORTH
RC POS 787 id 14 seat 5 role raid fs 0 body 1 pos 26,25 stuck 1
RC POS 787 id 293 seat 7 role raid fs 0 body 1 pos 23,28 stuck 0
RC WALK 787 id 293 role raid pos 23,28 tgt 28,28 want WEST
V527I SEALNT 788 ph 0 fwd 1 hv 10
RC POS 788 id 5 seat 1 role expand fs 0 body 1 pos 0,2 stuck 0
RC WALK 788 id 5 role expand pos 0,2 tgt 2,2 want SOUTH
RC POS 788 id 14 seat 5 role raid fs 0 body 1 pos 26,25 stuck 1
RC POS 788 id 293 seat 7 role raid fs 0 body 1 pos 22,28 stuck 0
RC WALK 788 id 293 role raid pos 22,28 tgt 28,28 want EAST
V527I SEALNT 789 ph 0 fwd 1 hv 10
RC POS 789 id 5 seat 1 role expand fs 0 body 1 pos 0,3 stuck 0
RC WALK 789 id 5 role expand pos 0,3 tgt 2,2 want NORTH
RC POS 789 id 14 seat 5 role raid fs 0 body 1 pos 26,25 stuck 1
RC POS 789 id 293 seat 7 role raid fs 0 body 1 pos 23,28 stuck 0
RC WALK 789 id 293 role raid pos 23,28 tgt 28,28 want WEST
V527I SEALNT 790 ph 0 fwd 1 hv 10
RC POS 790 id 5 seat 1 role expand fs 0 body 1 pos 0,2 stuck 0
RC WALK 790 id 5 role expand pos 0,2 tgt 2,2 want SOUTH
RC POS 790 id 14 seat 5 role raid fs 0 body 1 pos 26,25 stuck 1
RC POS 790 id 293 seat 7 role raid fs 0 body 1 pos 22,28 stuck 0
RC WALK 790 id 293 role raid pos 22,28 tgt 28,28 want EAST
V527I SEALNT 791 ph 0 fwd 1 hv 10
RC POS 791 id 5 seat 1 role expand fs 0 body 1 pos 0,3 stuck 0
RC WALK 791 id 5 role expand pos 0,3 tgt 2,2 want NORTH
RC POS 791 id 14 seat 5 role raid fs 0 body 1 pos 26,25 stuck 1
RC POS 791 id 293 seat 7 role raid fs 0 body 1 pos 23,28 stuck 0
RC WALK 791 id 293 role raid pos 23,28 tgt 28,28 want WEST
V527I SEALNT 792 ph 0 fwd 1 hv 10
RC POS 792 id 5 seat 1 role expand fs 0 body 1 pos 0,2 stuck 0
RC WALK 792 id 5 role expand pos 0,2 tgt 2,2 want SOUTH
RC POS 792 id 14 seat 5 role raid fs 0 body 1 pos 26,25 stuck 1
RC POS 792 id 293 seat 7 role raid fs 0 body 1 pos 22,28 stuck 0
RC WALK 792 id 293 role raid pos 22,28 tgt 28,28 want EAST
V527I SEALNT 793 ph 0 fwd 1 hv 10
RC POS 793 id 5 seat 1 role expand fs 0 body 1 pos 0,3 stuck 0
RC WALK 793 id 5 role expand pos 0,3 tgt 2,2 want NORTH
RC POS 793 id 14 seat 5 role raid fs 0 body 1 pos 26,25 stuck 1
RC POS 793 id 293 seat 7 role raid fs 0 body 1 pos 23,28 stuck 0
RC WALK 793 id 293 role raid pos 23,28 tgt 28,28 want WEST
V527I SEALNT 794 ph 0 fwd 1 hv 10
RC POS 794 id 5 seat 1 role expand fs 0 body 1 pos 0,2 stuck 0
RC WALK 794 id 5 role expand pos 0,2 tgt 2,2 want SOUTH
RC POS 794 id 14 seat 5 role raid fs 0 body 1 pos 26,25 stuck 1
RC POS 794 id 293 seat 7 role raid fs 0 body 1 pos 22,28 stuck 0
RC WALK 794 id 293 role raid pos 22,28 tgt 28,28 want EAST
V527I SEALNT 795 ph 0 fwd 1 hv 10
RC POS 795 id 5 seat 1 role expand fs 0 body 1 pos 0,3 stuck 0
RC WALK 795 id 5 role expand pos 0,3 tgt 2,2 want NORTH
RC POS 795 id 14 seat 5 role raid fs 0 body 1 pos 26,25 stuck 1
RC POS 795 id 293 seat 7 role raid fs 0 body 1 pos 23,28 stuck 0
RC WALK 795 id 293 role raid pos 23,28 tgt 28,28 want WEST
V527I SEALNT 796 ph 0 fwd 1 hv 10
RC POS 796 id 5 seat 1 role expand fs 0 body 1 pos 0,2 stuck 0
RC WALK 796 id 5 role expand pos 0,2 tgt 2,2 want SOUTH
RC POS 796 id 14 seat 5 role raid fs 0 body 1 pos 26,25 stuck 1
RC POS 796 id 293 seat 7 role raid fs 0 body 1 pos 22,28 stuck 0
RC WALK 796 id 293 role raid pos 22,28 tgt 28,28 want EAST
V527I SEALNT 797 ph 0 fwd 1 hv 10
RC POS 797 id 5 seat 1 role expand fs 0 body 1 pos 0,3 stuck 0
RC WALK 797 id 5 role expand pos 0,3 tgt 2,2 want NORTH
RC POS 797 id 14 seat 5 role raid fs 0 body 1 pos 26,25 stuck 1
RC POS 797 id 293 seat 7 role raid fs 0 body 1 pos 23,28 stuck 0
RC WALK 797 id 293 role raid pos 23,28 tgt 28,28 want WEST
V527I SEALNT 798 ph 0 fwd 1 hv 10
RC POS 798 id 5 seat 1 role expand fs 0 body 1 pos 0,2 stuck 0
RC WALK 798 id 5 role expand pos 0,2 tgt 2,2 want SOUTH
RC POS 798 id 14 seat 5 role raid fs 0 body 1 pos 26,25 stuck 1
RC POS 798 id 293 seat 7 role raid fs 0 body 1 pos 22,28 stuck 0
RC WALK 798 id 293 role raid pos 22,28 tgt 28,28 want EAST
V527I SEALNT 799 ph 0 fwd 1 hv 10
RC POS 799 id 5 seat 1 role expand fs 0 body 1 pos 0,3 stuck 0
RC WALK 799 id 5 role expand pos 0,3 tgt 2,2 want NORTH
RC POS 799 id 14 seat 5 role raid fs 0 body 1 pos 26,25 stuck 1
RC POS 799 id 293 seat 7 role raid fs 0 body 1 pos 23,28 stuck 0
RC WALK 799 id 293 role raid pos 23,28 tgt 28,28 want WEST
V527I SEALNT 800 ph 0 fwd 1 hv 10
RC POS 800 id 5 seat 1 role expand fs 0 body 1 pos 0,2 stuck 0
RC WALK 800 id 5 role expand pos 0,2 tgt 2,2 want SOUTH
RC POS 800 id 14 seat 5 role raid fs 0 body 1 pos 26,25 stuck 1
RC POS 800 id 293 seat 7 role raid fs 0 body 1 pos 22,28 stuck 0
RC WALK 800 id 293 role raid pos 22,28 tgt 28,28 want EAST
V527I SEALNT 801 ph 0 fwd 1 hv 10
RC POS 801 id 5 seat 1 role expand fs 0 body 1 pos 0,3 stuck 0
RC WALK 801 id 5 role expand pos 0,3 tgt 2,2 want NORTH
RC POS 801 id 14 seat 5 role raid fs 0 body 1 pos 26,25 stuck 1
RC POS 801 id 293 seat 7 role raid fs 0 body 1 pos 23,28 stuck 0
RC WALK 801 id 293 role raid pos 23,28 tgt 28,28 want WEST
V527I SEALNT 802 ph 0 fwd 1 hv 10
RC POS 802 id 5 seat 1 role expand fs 0 body 1 pos 0,2 stuck 0
RC WALK 802 id 5 role expand pos 0,2 tgt 2,2 want SOUTH
RC POS 802 id 14 seat 5 role raid fs 0 body 1 pos 26,25 stuck 1
RC POS 802 id 293 seat 7 role raid fs 0 body 1 pos 22,28 stuck 0
RC WALK 802 id 293 role raid pos 22,28 tgt 28,28 want EAST
V527I SEALNT 803 ph 0 fwd 1 hv 10
RC POS 803 id 5 seat 1 role expand fs 0 body 1 pos 0,3 stuck 0
RC WALK 803 id 5 role expand pos 0,3 tgt 2,2 want NORTH
RC POS 803 id 14 seat 5 role raid fs 0 body 1 pos 26,25 stuck 1
RC POS 803 id 293 seat 7 role raid fs 0 body 1 pos 23,28 stuck 0
RC WALK 803 id 293 role raid pos 23,28 tgt 28,28 want WEST
V527I SEALNT 804 ph 0 fwd 1 hv 10
RC POS 804 id 5 seat 1 role expand fs 0 body 1 pos 0,2 stuck 0
RC WALK 804 id 5 role expand pos 0,2 tgt 2,2 want SOUTH
RC POS 804 id 14 seat 5 role raid fs 0 body 1 pos 26,25 stuck 1
RC POS 804 id 293 seat 7 role raid fs 0 body 1 pos 22,28 stuck 0
RC WALK 804 id 293 role raid pos 22,28 tgt 28,28 want EAST
V527I SEALNT 805 ph 0 fwd 1 hv 10
RC POS 805 id 5 seat 1 role expand fs 0 body 1 pos 0,3 stuck 0
RC WALK 805 id 5 role expand pos 0,3 tgt 2,2 want NORTH
RC POS 805 id 14 seat 5 role raid fs 0 body 1 pos 26,25 stuck 1
RC POS 805 id 293 seat 7 role raid fs 0 body 1 pos 23,28 stuck 0
RC WALK 805 id 293 role raid pos 23,28 tgt 28,28 want WEST
V527I SEALNT 806 ph 0 fwd 1 hv 10
RC POS 806 id 5 seat 1 role expand fs 0 body 1 pos 0,2 stuck 0
RC WALK 806 id 5 role expand pos 0,2 tgt 2,2 want SOUTH
RC POS 806 id 14 seat 5 role raid fs 0 body 1 pos 26,25 stuck 1
RC POS 806 id 293 seat 7 role raid fs 0 body 1 pos 22,28 stuck 0
RC WALK 806 id 293 role raid pos 22,28 tgt 28,28 want EAST
V527I SEALNT 807 ph 0 fwd 1 hv 10
RC POS 807 id 5 seat 1 role expand fs 0 body 1 pos 0,3 stuck 0
RC WALK 807 id 5 role expand pos 0,3 tgt 2,2 want NORTH
RC POS 807 id 14 seat 5 role raid fs 0 body 1 pos 26,25 stuck 1
RC POS 807 id 293 seat 7 role raid fs 0 body 1 pos 23,28 stuck 0
RC WALK 807 id 293 role raid pos 23,28 tgt 28,28 want WEST
V527I SEALNT 808 ph 0 fwd 1 hv 10
RC POS 808 id 5 seat 1 role expand fs 0 body 1 pos 0,2 stuck 0
RC WALK 808 id 5 role expand pos 0,2 tgt 2,2 want SOUTH
RC POS 808 id 14 seat 5 role raid fs 0 body 1 pos 26,25 stuck 1
RC POS 808 id 293 seat 7 role raid fs 0 body 1 pos 22,28 stuck 0
RC WALK 808 id 293 role raid pos 22,28 tgt 28,28 want EAST
V527I SEALNT 809 ph 0 fwd 1 hv 10
RC POS 809 id 5 seat 1 role expand fs 0 body 1 pos 0,3 stuck 0
RC WALK 809 id 5 role expand pos 0,3 tgt 2,2 want NORTH
RC POS 809 id 14 seat 5 role raid fs 0 body 1 pos 26,25 stuck 1
RC POS 809 id 293 seat 7 role raid fs 0 body 1 pos 23,28 stuck 0
RC WALK 809 id 293 role raid pos 23,28 tgt 28,28 want WEST
V527I SEALNT 810 ph 0 fwd 1 hv 10
RC POS 810 id 5 seat 1 role expand fs 0 body 1 pos 0,2 stuck 0
RC WALK 810 id 5 role expand pos 0,2 tgt 2,2 want SOUTH
RC POS 810 id 14 seat 5 role raid fs 0 body 1 pos 26,25 stuck 1
RC POS 810 id 293 seat 7 role raid fs 0 body 1 pos 22,28 stuck 0
RC WALK 810 id 293 role raid pos 22,28 tgt 28,28 want EAST
V527I SEALNT 811 ph 0 fwd 1 hv 10
RC POS 811 id 5 seat 1 role expand fs 0 body 1 pos 0,3 stuck 0
RC WALK 811 id 5 role expand pos 0,3 tgt 2,2 want NORTH
RC POS 811 id 14 seat 5 role raid fs 0 body 1 pos 26,25 stuck 1
RC POS 811 id 293 seat 7 role raid fs 0 body 1 pos 23,28 stuck 0
RC WALK 811 id 293 role raid pos 23,28 tgt 28,28 want WEST
V527I SEALNT 812 ph 0 fwd 1 hv 10
RC POS 812 id 5 seat 1 role expand fs 0 body 1 pos 0,2 stuck 0
RC WALK 812 id 5 role expand pos 0,2 tgt 2,2 want SOUTH
RC POS 812 id 14 seat 5 role raid fs 0 body 1 pos 26,25 stuck 1
RC POS 812 id 293 seat 7 role raid fs 0 body 1 pos 22,28 stuck 0
RC WALK 812 id 293 role raid pos 22,28 tgt 28,28 want EAST
