Update available: 2.3.6 -> 2.3.8. Run: pip install --upgrade fcode
RC MAP w 10 h 10 ours 2,2 theirs 6,6
V527I SEALNT 0 ph 0 fwd 0 hv 0
V527I SEALNT 1 ph 0 fwd 0 hv 0
RC SEAT 1 id 3 seat 0
RC POS 1 id 3 seat 0 role raid fs 1 body 1 pos 4,4 stuck 0
RC WALK 1 id 3 role raid pos 4,4 tgt 5,4 want EAST
V527I SEALNT 2 ph 2 fwd 0 hv 0
RC POS 2 id 3 seat 0 role raid fs 1 body 1 pos 5,4 stuck 0
RC SEAT 2 id 5 seat 1
RC POS 2 id 5 seat 1 role expand fs 0 body 1 pos 4,2 stuck 0
V528 PICK r 2 id 5 tgt 6,2 cs 14 bs 14 reg 0 cc 4 bc 4 cands 3 banned 0 regall 0 seat 1
RC WALK 2 id 5 role expand pos 4,2 tgt 5,2 want EAST
V527I SEALNT 3 ph 2 fwd 0 hv 0
RC POS 3 id 3 seat 0 role raid fs 1 body 1 pos 5,4 stuck 1
RC POS 3 id 5 seat 1 role expand fs 0 body 1 pos 5,2 stuck 0
V528 CONN r 3 id 5 at 6,2 chosen 4 best 3 regret 1 cands 2 role expand seat 1
RC SEAT 3 id 7 seat 2
RC POS 3 id 7 seat 2 role expand fs 0 body 1 pos 4,3 stuck 0
V528 PICK r 3 id 7 tgt 6,0 cs 17 bs 17 reg 0 cc 4 bc 4 cands 3 banned 0 regall 0 seat 2
RC WALK 3 id 7 role expand pos 4,3 tgt 5,0 want NORTH
V527I SEALNT 4 ph 2 fwd 0 hv 1
RC POS 4 id 3 seat 0 role raid fs 1 body 1 pos 5,4 stuck 2
RC WALK 4 id 3 role raid pos 5,4 tgt 5,6 want NORTH
RC POS 4 id 5 seat 1 role expand fs 0 body 1 pos 5,2 stuck 1
RC POS 4 id 7 seat 2 role expand fs 0 body 1 pos 4,2 stuck 0
RC SEAT 4 id 10 seat 3
RC POS 4 id 10 seat 3 role raid fs 1 body 2 pos 4,4 stuck 0
RC WALK 4 id 10 role raid pos 4,4 tgt 4,6 want SOUTH
V527I SEALNT 5 ph 2 fwd 0 hv 1
RC POS 5 id 3 seat 0 role raid fs 1 body 1 pos 8,6 stuck 0
RC WALK 5 id 3 role raid pos 8,6 tgt 7,5 want NORTH
RC POS 5 id 5 seat 1 role expand fs 0 body 1 pos 5,2 stuck 2
V528 PICK r 5 id 5 tgt 3,7 cs 16 bs 16 reg 0 cc 3 bc 3 cands 2 banned 0 regall 0 seat 1
RC WALK 5 id 5 role expand pos 5,2 tgt 3,7 want SOUTH
RC POS 5 id 7 seat 2 role expand fs 0 body 1 pos 4,2 stuck 1
RC WALK 5 id 7 role expand pos 4,2 tgt 5,0 want EAST
RC POS 5 id 10 seat 3 role raid fs 1 body 2 pos 4,5 stuck 0
RC WALK 5 id 10 role raid pos 4,5 tgt 4,6 want SOUTH
RC SEAT 5 id 14 seat 4
RC POS 5 id 14 seat 4 role defend fs 0 body 1 pos 4,1 stuck 0
RC WALK 5 id 14 role defend pos 4,1 tgt 5,0 want EAST
V527I SEALNT 6 ph 2 fwd 0 hv 1
RC POS 6 id 3 seat 0 role raid fs 1 body 1 pos 9,6 stuck 0
V527 SELFCUT 6 n 1
RC POS 6 id 5 seat 1 role expand fs 0 body 1 pos 5,3 stuck 0
RC WALK 6 id 5 role expand pos 5,3 tgt 3,6 want SOUTH
RC POS 6 id 7 seat 2 role expand fs 0 body 1 pos 5,2 stuck 0
RC WALK 6 id 7 role expand pos 5,2 tgt 5,0 want WEST
RC POS 6 id 10 seat 3 role raid fs 1 body 2 pos 4,6 stuck 0
RC POS 6 id 14 seat 4 role defend fs 0 body 1 pos 5,1 stuck 0
RC WALK 6 id 14 role defend pos 5,1 tgt 5,0 want NORTH
V527I SEALNT 7 ph 2 fwd 0 hv 1
RC POS 7 id 3 seat 0 role raid fs 1 body 1 pos 9,6 stuck 1
RC WALK 7 id 3 role raid pos 9,6 tgt 8,5 want NORTH
RC POS 7 id 5 seat 1 role expand fs 0 body 1 pos 5,4 stuck 0
RC WALK 7 id 5 role expand pos 5,4 tgt 3,6 want WEST
RC POS 7 id 7 seat 2 role expand fs 0 body 1 pos 4,2 stuck 0
RC WALK 7 id 7 role expand pos 4,2 tgt 5,0 want NORTH
RC POS 7 id 10 seat 3 role raid fs 1 body 2 pos 4,6 stuck 1
RC WALK 7 id 10 role raid pos 4,6 tgt 4,7 want SOUTH
RC POS 7 id 14 seat 4 role defend fs 0 body 1 pos 5,0 stuck 0
V528 CONN r 7 id 14 at 6,0 chosen 2 best 2 regret 0 cands 4 role defend seat 4
V527I SEALNT 8 ph 2 fwd 0 hv 2
RC POS 8 id 3 seat 0 role raid fs 1 body 1 pos 9,5 stuck 0
RC POS 8 id 5 seat 1 role expand fs 0 body 1 pos 4,4 stuck 0
RC WALK 8 id 5 role expand pos 4,4 tgt 3,6 want SOUTH
RC POS 8 id 7 seat 2 role expand fs 0 body 1 pos 4,1 stuck 0
RC WALK 8 id 7 role expand pos 4,1 tgt 5,0 want EAST
RC POS 8 id 10 seat 3 role raid fs 1 body 2 pos 4,7 stuck 0
RC POS 8 id 14 seat 4 role defend fs 0 body 1 pos 5,0 stuck 1
V527I SEALNT 9 ph 2 fwd 0 hv 2
RC POS 9 id 3 seat 0 role raid fs 1 body 1 pos 8,5 stuck 0
V527 SELFCUT 9 n 2
RC POS 9 id 5 seat 1 role expand fs 0 body 1 pos 4,5 stuck 0
RC WALK 9 id 5 role expand pos 4,5 tgt 3,6 want WEST
RC POS 9 id 7 seat 2 role expand fs 0 body 1 pos 5,1 stuck 0
RC POS 9 id 10 seat 3 role raid fs 1 body 2 pos 4,7 stuck 1
RC WALK 9 id 10 role raid pos 4,7 tgt 6,8 want NORTH
RC POS 9 id 14 seat 4 role defend fs 0 body 1 pos 5,0 stuck 2
RC WALK 9 id 14 role defend pos 5,0 tgt 3,0 want WEST
V527I SEALNT 10 ph 2 fwd 0 hv 2
RC POS 10 id 3 seat 0 role raid fs 1 body 1 pos 8,5 stuck 1
RC WALK 10 id 3 role raid pos 8,5 tgt 8,8 want NORTH
RC POS 10 id 5 seat 1 role expand fs 0 body 1 pos 3,5 stuck 0
RC WALK 10 id 5 role expand pos 3,5 tgt 3,6 want SOUTH
RC POS 10 id 7 seat 2 role expand fs 0 body 1 pos 5,1 stuck 1
RC WALK 10 id 7 role expand pos 5,1 tgt 5,0 want NORTH
RC POS 10 id 10 seat 3 role raid fs 1 body 2 pos 4,6 stuck 0
RC WALK 10 id 10 role raid pos 4,6 tgt 9,7 want SOUTH
RC POS 10 id 14 seat 4 role defend fs 0 body 1 pos 4,0 stuck 0
RC WALK 10 id 14 role defend pos 4,0 tgt 5,3 want SOUTH
V527I SEALNT 11 ph 2 fwd 0 hv 2
RC POS 11 id 3 seat 0 role raid fs 1 body 1 pos 8,4 stuck 0
RC WALK 11 id 3 role raid pos 8,4 tgt 8,8 want EAST
RC POS 11 id 5 seat 1 role expand fs 0 body 1 pos 3,6 stuck 0
V528 CONN r 11 id 5 at 3,7 chosen 3 best 3 regret 0 cands 2 role expand seat 1
RC POS 11 id 7 seat 2 role expand fs 0 body 1 pos 5,0 stuck 0
V528 PICK r 11 id 7 tgt 8,1 cs 19 bs 19 reg 0 cc 5 bc 5 cands 2 banned 0 regall 0 seat 2
RC WALK 11 id 7 role expand pos 5,0 tgt 7,1 want SOUTH
RC POS 11 id 10 seat 3 role raid fs 1 body 2 pos 4,7 stuck 0
RC WALK 11 id 10 role raid pos 4,7 tgt 6,8 want NORTH
RC POS 11 id 14 seat 4 role defend fs 0 body 1 pos 4,1 stuck 0
RC WALK 11 id 14 role defend pos 4,1 tgt 5,4 want SOUTH
V527I SEALNT 12 ph 2 fwd 0 hv 3
RC POS 12 id 3 seat 0 role raid fs 1 body 1 pos 9,4 stuck 0
RC POS 12 id 5 seat 1 role expand fs 0 body 1 pos 3,6 stuck 1
RC POS 12 id 7 seat 2 role expand fs 0 body 1 pos 5,1 stuck 0
RC WALK 12 id 7 role expand pos 5,1 tgt 7,1 want EAST
RC POS 12 id 10 seat 3 role raid fs 1 body 2 pos 4,6 stuck 0
RC WALK 12 id 10 role raid pos 4,6 tgt 9,7 want SOUTH
RC POS 12 id 14 seat 4 role defend fs 0 body 1 pos 4,2 stuck 0
RC WALK 12 id 14 role defend pos 4,2 tgt 4,4 want EAST
V527I SEALNT 13 ph 2 fwd 0 hv 3
RC POS 13 id 3 seat 0 role raid fs 1 body 1 pos 8,4 stuck 0
RC WALK 13 id 3 role raid pos 8,4 tgt 8,8 want EAST
RC POS 13 id 5 seat 1 role expand fs 0 body 1 pos 3,6 stuck 2
RC POS 13 id 7 seat 2 role expand fs 0 body 1 pos 6,1 stuck 0
RC WALK 13 id 7 role expand pos 6,1 tgt 7,1 want EAST
RC POS 13 id 10 seat 3 role raid fs 1 body 2 pos 4,7 stuck 0
RC WALK 13 id 10 role raid pos 4,7 tgt 6,8 want NORTH
RC POS 13 id 14 seat 4 role defend fs 0 body 1 pos 5,2 stuck 0
V527I SEALNT 14 ph 2 fwd 0 hv 3
RC POS 14 id 5 seat 1 role expand fs 0 body 1 pos 3,5 stuck 0
RC POS 14 id 7 seat 2 role expand fs 0 body 1 pos 7,1 stuck 0
V528 PICK r 14 id 7 tgt 3,9 cs 30 bs 30 reg 0 cc 6 bc 6 cands 1 banned 0 regall 0 seat 2
RC WALK 14 id 7 role expand pos 7,1 tgt 3,9 want WEST
RC POS 14 id 10 seat 3 role raid fs 1 body 2 pos 4,6 stuck 0
RC WALK 14 id 10 role raid pos 4,6 tgt 6,8 want WEST
RC POS 14 id 14 seat 4 role defend fs 0 body 1 pos 5,2 stuck 1
RC WALK 14 id 14 role defend pos 5,2 tgt 8,2 want NORTH
V527I SEALNT 15 ph 2 fwd 0 hv 3
RC POS 15 id 5 seat 1 role expand fs 0 body 1 pos 3,5 stuck 1
RC WALK 15 id 5 role expand pos 3,5 tgt 3,6 want CENTRE
RC POS 15 id 7 seat 2 role expand fs 0 body 1 pos 6,1 stuck 0
RC WALK 15 id 7 role expand pos 6,1 tgt 3,9 want WEST
RC POS 15 id 10 seat 3 role raid fs 1 body 2 pos 3,6 stuck 0
RC WALK 15 id 10 role raid pos 3,6 tgt 8,6 want WEST
RC POS 15 id 14 seat 4 role defend fs 0 body 1 pos 5,1 stuck 0
RC WALK 15 id 14 role defend pos 5,1 tgt 8,2 want WEST
V527I SEALNT 16 ph 2 fwd 0 hv 3
RC POS 16 id 5 seat 1 role expand fs 0 body 1 pos 3,5 stuck 2
RC WALK 16 id 5 role expand pos 3,5 tgt 3,6 want SOUTH
RC POS 16 id 7 seat 2 role expand fs 0 body 1 pos 7,1 stuck 0
RC WALK 16 id 7 role expand pos 7,1 tgt 3,9 want WEST
RC POS 16 id 10 seat 3 role raid fs 1 body 2 pos 2,6 stuck 0
RC WALK 16 id 10 role raid pos 2,6 tgt 6,5 want NORTH
RC POS 16 id 14 seat 4 role defend fs 0 body 1 pos 4,1 stuck 0
RC WALK 16 id 14 role defend pos 4,1 tgt 3,0 want WEST
V527I SEALNT 17 ph 2 fwd 0 hv 3
RC POS 17 id 5 seat 1 role expand fs 0 body 1 pos 3,6 stuck 0
V528 PICK r 17 id 5 tgt 6,2 cs 7 bs 7 reg 0 cc 0 bc 0 cands 2 banned 0 regall 0 seat 1
RC WALK 17 id 5 role expand pos 3,6 tgt 6,2 want WEST
RC POS 17 id 7 seat 2 role expand fs 0 body 1 pos 6,1 stuck 0
RC WALK 17 id 7 role expand pos 6,1 tgt 3,9 want WEST
RC POS 17 id 10 seat 3 role raid fs 1 body 2 pos 2,5 stuck 0
RC WALK 17 id 10 role raid pos 2,5 tgt 6,5 want NORTH
RC POS 17 id 14 seat 4 role defend fs 0 body 1 pos 3,1 stuck 0
V527I SEALNT 18 ph 2 fwd 0 hv 3
RC POS 18 id 5 seat 1 role expand fs 0 body 1 pos 2,6 stuck 0
RC WALK 18 id 5 role expand pos 2,6 tgt 6,2 want NORTH
RC POS 18 id 7 seat 2 role expand fs 0 body 1 pos 5,1 stuck 0
RC WALK 18 id 7 role expand pos 5,1 tgt 3,9 want WEST
RC POS 18 id 10 seat 3 role raid fs 1 body 2 pos 2,4 stuck 0
RC WALK 18 id 10 role raid pos 2,4 tgt 7,4 want WEST
RC POS 18 id 14 seat 4 role defend fs 0 body 1 pos 3,1 stuck 1
V527I SEALNT 19 ph 2 fwd 0 hv 3
RC POS 19 id 5 seat 1 role expand fs 0 body 1 pos 2,5 stuck 0
RC WALK 19 id 5 role expand pos 2,5 tgt 6,2 want WEST
RC POS 19 id 7 seat 2 role expand fs 0 body 1 pos 4,1 stuck 0
RC POS 19 id 10 seat 3 role raid fs 1 body 2 pos 1,4 stuck 0
RC WALK 19 id 10 role raid pos 1,4 tgt 6,4 want EAST
RC POS 19 id 14 seat 4 role defend fs 0 body 1 pos 3,0 stuck 0
RC WALK 19 id 14 role defend pos 3,0 tgt 5,0 want EAST
V527I SEALNT 20 ph 2 fwd 0 hv 3
RC POS 20 id 5 seat 1 role expand fs 0 body 1 pos 1,5 stuck 0
RC WALK 20 id 5 role expand pos 1,5 tgt 6,2 want EAST
RC POS 20 id 7 seat 2 role expand fs 0 body 1 pos 4,1 stuck 1
RC WALK 20 id 7 role expand pos 4,1 tgt 3,9 want WEST
RC POS 20 id 10 seat 3 role raid fs 1 body 2 pos 2,4 stuck 0
RC WALK 20 id 10 role raid pos 2,4 tgt 7,4 want WEST
RC POS 20 id 14 seat 4 role defend fs 0 body 1 pos 4,0 stuck 0
RC WALK 20 id 14 role defend pos 4,0 tgt 5,0 want EAST
V527I SEALNT 21 ph 2 fwd 0 hv 3
RC POS 21 id 5 seat 1 role expand fs 0 body 1 pos 2,5 stuck 0
RC WALK 21 id 5 role expand pos 2,5 tgt 6,2 want WEST
RC POS 21 id 7 seat 2 role expand fs 0 body 1 pos 3,1 stuck 0
RC WALK 21 id 7 role expand pos 3,1 tgt 3,9 want EAST
RC POS 21 id 10 seat 3 role raid fs 1 body 2 pos 1,4 stuck 0
RC WALK 21 id 10 role raid pos 1,4 tgt 6,4 want EAST
RC POS 21 id 14 seat 4 role defend fs 0 body 1 pos 5,0 stuck 0
RC WALK 21 id 14 role defend pos 5,0 tgt 7,1 want SOUTH
V527I SEALNT 22 ph 2 fwd 0 hv 3
RC POS 22 id 5 seat 1 role expand fs 0 body 1 pos 1,5 stuck 0
RC WALK 22 id 5 role expand pos 1,5 tgt 6,2 want EAST
RC POS 22 id 7 seat 2 role expand fs 0 body 1 pos 4,1 stuck 0
RC WALK 22 id 7 role expand pos 4,1 tgt 3,9 want WEST
RC POS 22 id 10 seat 3 role raid fs 1 body 2 pos 2,4 stuck 0
RC WALK 22 id 10 role raid pos 2,4 tgt 7,4 want WEST
RC POS 22 id 14 seat 4 role defend fs 0 body 1 pos 5,1 stuck 0
RC WALK 22 id 14 role defend pos 5,1 tgt 7,1 want EAST
V527I SEALNT 23 ph 2 fwd 0 hv 3
RC POS 23 id 5 seat 1 role expand fs 0 body 1 pos 2,5 stuck 0
RC WALK 23 id 5 role expand pos 2,5 tgt 6,2 want WEST
RC POS 23 id 7 seat 2 role expand fs 0 body 1 pos 3,1 stuck 0
RC WALK 23 id 7 role expand pos 3,1 tgt 3,9 want WEST
RC POS 23 id 10 seat 3 role raid fs 1 body 2 pos 1,4 stuck 0
RC WALK 23 id 10 role raid pos 1,4 tgt 6,4 want EAST
RC POS 23 id 14 seat 4 role defend fs 0 body 1 pos 6,1 stuck 0
RC WALK 23 id 14 role defend pos 6,1 tgt 7,1 want EAST
V527I SEALNT 24 ph 2 fwd 0 hv 3
RC POS 24 id 5 seat 1 role expand fs 0 body 1 pos 1,5 stuck 0
RC WALK 24 id 5 role expand pos 1,5 tgt 6,2 want EAST
RC POS 24 id 7 seat 2 role expand fs 0 body 1 pos 2,1 stuck 0
RC WALK 24 id 7 role expand pos 2,1 tgt 3,9 want WEST
RC POS 24 id 10 seat 3 role raid fs 1 body 2 pos 2,4 stuck 0
RC WALK 24 id 10 role raid pos 2,4 tgt 7,4 want WEST
RC POS 24 id 14 seat 4 role defend fs 0 body 1 pos 7,1 stuck 0
RC WALK 24 id 14 role defend pos 7,1 tgt 8,4 want WEST
V527I SEALNT 25 ph 2 fwd 0 hv 3
RC POS 25 id 5 seat 1 role expand fs 0 body 1 pos 2,5 stuck 0
RC WALK 25 id 5 role expand pos 2,5 tgt 6,2 want NORTH
RC POS 25 id 7 seat 2 role expand fs 0 body 1 pos 1,1 stuck 0
RC WALK 25 id 7 role expand pos 1,1 tgt 3,9 want SOUTH
RC POS 25 id 10 seat 3 role raid fs 1 body 2 pos 1,4 stuck 0
RC WALK 25 id 10 role raid pos 1,4 tgt 6,4 want SOUTH
RC POS 25 id 14 seat 4 role defend fs 0 body 1 pos 6,1 stuck 0
RC WALK 25 id 14 role defend pos 6,1 tgt 8,4 want WEST
V527I SEALNT 26 ph 2 fwd 0 hv 3
RC POS 26 id 5 seat 1 role expand fs 0 body 1 pos 2,4 stuck 0
RC WALK 26 id 5 role expand pos 2,4 tgt 5,2 want WEST
RC POS 26 id 7 seat 2 role expand fs 0 body 1 pos 1,2 stuck 0
RC WALK 26 id 7 role expand pos 1,2 tgt 3,9 want NORTH
RC POS 26 id 10 seat 3 role raid fs 1 body 2 pos 1,5 stuck 0
RC WALK 26 id 10 role raid pos 1,5 tgt 6,5 want EAST
RC POS 26 id 14 seat 4 role defend fs 0 body 1 pos 5,1 stuck 0
RC WALK 26 id 14 role defend pos 5,1 tgt 8,4 want WEST
V527I SEALNT 27 ph 2 fwd 0 hv 3
RC POS 27 id 5 seat 1 role expand fs 0 body 1 pos 1,4 stuck 0
RC WALK 27 id 5 role expand pos 1,4 tgt 5,2 want SOUTH
RC POS 27 id 7 seat 2 role expand fs 0 body 1 pos 1,1 stuck 0
RC WALK 27 id 7 role expand pos 1,1 tgt 3,9 want EAST
RC POS 27 id 10 seat 3 role raid fs 1 body 2 pos 2,5 stuck 0
RC WALK 27 id 10 role raid pos 2,5 tgt 6,5 want NORTH
RC POS 27 id 14 seat 4 role defend fs 0 body 1 pos 4,1 stuck 0
RC WALK 27 id 14 role defend pos 4,1 tgt 8,4 want WEST
V527I SEALNT 28 ph 2 fwd 0 hv 3
RC POS 28 id 5 seat 1 role expand fs 0 body 1 pos 1,5 stuck 0
RC WALK 28 id 5 role expand pos 1,5 tgt 5,2 want EAST
RC POS 28 id 7 seat 2 role expand fs 0 body 1 pos 2,1 stuck 0
RC WALK 28 id 7 role expand pos 2,1 tgt 3,9 want WEST
RC POS 28 id 10 seat 3 role raid fs 1 body 2 pos 2,4 stuck 0
RC WALK 28 id 10 role raid pos 2,4 tgt 7,4 want WEST
RC POS 28 id 14 seat 4 role defend fs 0 body 1 pos 3,1 stuck 0
RC WALK 28 id 14 role defend pos 3,1 tgt 8,4 want EAST
V527I SEALNT 29 ph 2 fwd 0 hv 3
RC POS 29 id 5 seat 1 role expand fs 0 body 1 pos 2,5 stuck 0
RC WALK 29 id 5 role expand pos 2,5 tgt 5,2 want EAST
RC POS 29 id 7 seat 2 role expand fs 0 body 1 pos 1,1 stuck 0
RC WALK 29 id 7 role expand pos 1,1 tgt 3,9 want SOUTH
RC POS 29 id 10 seat 3 role raid fs 1 body 2 pos 1,4 stuck 0
RC WALK 29 id 10 role raid pos 1,4 tgt 6,4 want EAST
RC POS 29 id 14 seat 4 role defend fs 0 body 1 pos 4,1 stuck 0
RC WALK 29 id 14 role defend pos 4,1 tgt 8,4 want WEST
V527I SEALNT 30 ph 2 fwd 0 hv 3
RC POS 30 id 5 seat 1 role expand fs 0 body 1 pos 3,5 stuck 0
RC WALK 30 id 5 role expand pos 3,5 tgt 5,2 want WEST
RC POS 30 id 7 seat 2 role expand fs 0 body 1 pos 1,2 stuck 0
RC WALK 30 id 7 role expand pos 1,2 tgt 3,9 want SOUTH
RC POS 30 id 10 seat 3 role raid fs 1 body 2 pos 2,4 stuck 0
RC WALK 30 id 10 role raid pos 2,4 tgt 7,4 want WEST
RC POS 30 id 14 seat 4 role defend fs 0 body 1 pos 3,1 stuck 0
RC WALK 30 id 14 role defend pos 3,1 tgt 8,4 want EAST
V527I SEALNT 31 ph 2 fwd 0 hv 3
RC POS 31 id 5 seat 1 role expand fs 0 body 1 pos 2,5 stuck 0
RC WALK 31 id 5 role expand pos 2,5 tgt 5,2 want WEST
RC POS 31 id 7 seat 2 role expand fs 0 body 1 pos 1,3 stuck 0
RC WALK 31 id 7 role expand pos 1,3 tgt 3,9 want NORTH
RC POS 31 id 10 seat 3 role raid fs 1 body 2 pos 1,4 stuck 0
RC WALK 31 id 10 role raid pos 1,4 tgt 6,4 want EAST
RC POS 31 id 14 seat 4 role defend fs 0 body 1 pos 4,1 stuck 0
RC WALK 31 id 14 role defend pos 4,1 tgt 8,4 want WEST
V527I SEALNT 32 ph 2 fwd 0 hv 3
RC POS 32 id 5 seat 1 role expand fs 0 body 1 pos 1,5 stuck 0
RC WALK 32 id 5 role expand pos 1,5 tgt 5,2 want EAST
RC POS 32 id 7 seat 2 role expand fs 0 body 1 pos 1,2 stuck 0
RC WALK 32 id 7 role expand pos 1,2 tgt 3,9 want SOUTH
RC POS 32 id 10 seat 3 role raid fs 1 body 2 pos 2,4 stuck 0
RC WALK 32 id 10 role raid pos 2,4 tgt 7,4 want WEST
RC POS 32 id 14 seat 4 role defend fs 0 body 1 pos 3,1 stuck 0
RC WALK 32 id 14 role defend pos 3,1 tgt 8,4 want EAST
V527I SEALNT 33 ph 2 fwd 0 hv 3
RC POS 33 id 5 seat 1 role expand fs 0 body 1 pos 2,5 stuck 0
RC WALK 33 id 5 role expand pos 2,5 tgt 5,2 want WEST
RC POS 33 id 7 seat 2 role expand fs 0 body 1 pos 1,3 stuck 0
RC WALK 33 id 7 role expand pos 1,3 tgt 3,9 want NORTH
RC POS 33 id 10 seat 3 role raid fs 1 body 2 pos 1,4 stuck 0
RC WALK 33 id 10 role raid pos 1,4 tgt 6,4 want EAST
RC POS 33 id 14 seat 4 role defend fs 0 body 1 pos 4,1 stuck 0
RC WALK 33 id 14 role defend pos 4,1 tgt 8,4 want WEST
V527I SEALNT 34 ph 2 fwd 0 hv 3
RC POS 34 id 5 seat 1 role expand fs 0 body 1 pos 1,5 stuck 0
RC WALK 34 id 5 role expand pos 1,5 tgt 5,2 want EAST
RC POS 34 id 7 seat 2 role expand fs 0 body 1 pos 1,2 stuck 0
RC WALK 34 id 7 role expand pos 1,2 tgt 3,9 want SOUTH
RC POS 34 id 10 seat 3 role raid fs 1 body 2 pos 2,4 stuck 0
RC WALK 34 id 10 role raid pos 2,4 tgt 7,4 want WEST
RC POS 34 id 14 seat 4 role defend fs 0 body 1 pos 3,1 stuck 0
RC WALK 34 id 14 role defend pos 3,1 tgt 8,4 want EAST
V527I SEALNT 35 ph 2 fwd 0 hv 3
RC POS 35 id 5 seat 1 role expand fs 0 body 1 pos 2,5 stuck 0
RC WALK 35 id 5 role expand pos 2,5 tgt 5,2 want WEST
RC POS 35 id 7 seat 2 role expand fs 0 body 1 pos 1,3 stuck 0
RC WALK 35 id 7 role expand pos 1,3 tgt 3,9 want NORTH
RC POS 35 id 10 seat 3 role raid fs 1 body 2 pos 1,4 stuck 0
RC WALK 35 id 10 role raid pos 1,4 tgt 6,4 want EAST
RC POS 35 id 14 seat 4 role defend fs 0 body 1 pos 4,1 stuck 0
RC WALK 35 id 14 role defend pos 4,1 tgt 8,4 want WEST
V527I SEALNT 36 ph 2 fwd 0 hv 3
RC POS 36 id 5 seat 1 role expand fs 0 body 1 pos 1,5 stuck 0
RC WALK 36 id 5 role expand pos 1,5 tgt 5,2 want EAST
RC POS 36 id 7 seat 2 role expand fs 0 body 1 pos 1,2 stuck 0
RC WALK 36 id 7 role expand pos 1,2 tgt 3,9 want SOUTH
RC POS 36 id 10 seat 3 role raid fs 1 body 2 pos 2,4 stuck 0
RC WALK 36 id 10 role raid pos 2,4 tgt 7,4 want WEST
RC POS 36 id 14 seat 4 role defend fs 0 body 1 pos 3,1 stuck 0
RC WALK 36 id 14 role defend pos 3,1 tgt 8,4 want EAST
V527I SEALNT 37 ph 2 fwd 0 hv 3
RC POS 37 id 5 seat 1 role expand fs 0 body 1 pos 2,5 stuck 0
RC WALK 37 id 5 role expand pos 2,5 tgt 5,2 want WEST
RC POS 37 id 7 seat 2 role expand fs 0 body 1 pos 1,3 stuck 0
RC WALK 37 id 7 role expand pos 1,3 tgt 3,9 want NORTH
RC POS 37 id 10 seat 3 role raid fs 1 body 2 pos 1,4 stuck 0
RC WALK 37 id 10 role raid pos 1,4 tgt 6,4 want EAST
RC POS 37 id 14 seat 4 role defend fs 0 body 1 pos 4,1 stuck 0
RC WALK 37 id 14 role defend pos 4,1 tgt 8,4 want WEST
V527I SEALNT 38 ph 2 fwd 0 hv 3
RC POS 38 id 5 seat 1 role expand fs 0 body 1 pos 1,5 stuck 0
RC WALK 38 id 5 role expand pos 1,5 tgt 5,2 want EAST
RC POS 38 id 7 seat 2 role expand fs 0 body 1 pos 1,2 stuck 0
RC WALK 38 id 7 role expand pos 1,2 tgt 3,9 want SOUTH
RC POS 38 id 10 seat 3 role raid fs 1 body 2 pos 2,4 stuck 0
RC WALK 38 id 10 role raid pos 2,4 tgt 7,4 want WEST
RC POS 38 id 14 seat 4 role defend fs 0 body 1 pos 3,1 stuck 0
RC WALK 38 id 14 role defend pos 3,1 tgt 8,4 want EAST
V527I SEALNT 39 ph 2 fwd 0 hv 3
RC POS 39 id 5 seat 1 role expand fs 0 body 1 pos 2,5 stuck 0
RC WALK 39 id 5 role expand pos 2,5 tgt 5,2 want WEST
RC POS 39 id 7 seat 2 role expand fs 0 body 1 pos 1,3 stuck 0
RC WALK 39 id 7 role expand pos 1,3 tgt 3,9 want NORTH
RC POS 39 id 10 seat 3 role raid fs 1 body 2 pos 1,4 stuck 0
RC WALK 39 id 10 role raid pos 1,4 tgt 6,4 want EAST
RC POS 39 id 14 seat 4 role defend fs 0 body 1 pos 4,1 stuck 0
RC WALK 39 id 14 role defend pos 4,1 tgt 8,4 want WEST
V527I SEALNT 40 ph 2 fwd 0 hv 3
RC POS 40 id 5 seat 1 role expand fs 0 body 1 pos 1,5 stuck 0
RC WALK 40 id 5 role expand pos 1,5 tgt 5,2 want EAST
RC POS 40 id 7 seat 2 role expand fs 0 body 1 pos 1,2 stuck 0
RC WALK 40 id 7 role expand pos 1,2 tgt 3,9 want SOUTH
RC POS 40 id 10 seat 3 role raid fs 1 body 2 pos 2,4 stuck 0
RC WALK 40 id 10 role raid pos 2,4 tgt 7,4 want WEST
RC POS 40 id 14 seat 4 role defend fs 0 body 1 pos 3,1 stuck 0
RC WALK 40 id 14 role defend pos 3,1 tgt 8,4 want EAST
V527I SEALNT 41 ph 2 fwd 0 hv 3
RC POS 41 id 5 seat 1 role expand fs 0 body 1 pos 2,5 stuck 0
RC WALK 41 id 5 role expand pos 2,5 tgt 5,2 want WEST
RC POS 41 id 7 seat 2 role expand fs 0 body 1 pos 1,3 stuck 0
RC WALK 41 id 7 role expand pos 1,3 tgt 3,9 want NORTH
RC POS 41 id 10 seat 3 role raid fs 1 body 2 pos 1,4 stuck 0
RC WALK 41 id 10 role raid pos 1,4 tgt 6,4 want EAST
RC POS 41 id 14 seat 4 role defend fs 0 body 1 pos 4,1 stuck 0
RC WALK 41 id 14 role defend pos 4,1 tgt 8,4 want WEST
V527I SEALNT 42 ph 2 fwd 0 hv 3
RC POS 42 id 5 seat 1 role expand fs 0 body 1 pos 1,5 stuck 0
RC WALK 42 id 5 role expand pos 1,5 tgt 5,2 want EAST
RC POS 42 id 7 seat 2 role expand fs 0 body 1 pos 1,2 stuck 0
RC WALK 42 id 7 role expand pos 1,2 tgt 3,9 want SOUTH
RC POS 42 id 10 seat 3 role raid fs 1 body 2 pos 2,4 stuck 0
RC WALK 42 id 10 role raid pos 2,4 tgt 7,4 want WEST
RC POS 42 id 14 seat 4 role defend fs 0 body 1 pos 3,1 stuck 0
RC WALK 42 id 14 role defend pos 3,1 tgt 8,4 want EAST
V527I SEALNT 43 ph 2 fwd 0 hv 3
RC POS 43 id 5 seat 1 role expand fs 0 body 1 pos 2,5 stuck 0
RC WALK 43 id 5 role expand pos 2,5 tgt 5,2 want WEST
RC POS 43 id 7 seat 2 role expand fs 0 body 1 pos 1,3 stuck 0
RC WALK 43 id 7 role expand pos 1,3 tgt 3,9 want NORTH
RC POS 43 id 10 seat 3 role raid fs 1 body 2 pos 1,4 stuck 0
RC WALK 43 id 10 role raid pos 1,4 tgt 6,4 want EAST
RC POS 43 id 14 seat 4 role defend fs 0 body 1 pos 4,1 stuck 0
RC WALK 43 id 14 role defend pos 4,1 tgt 8,4 want WEST
V527I SEALNT 44 ph 2 fwd 0 hv 3
RC POS 44 id 5 seat 1 role expand fs 0 body 1 pos 1,5 stuck 0
RC WALK 44 id 5 role expand pos 1,5 tgt 5,2 want EAST
RC POS 44 id 7 seat 2 role expand fs 0 body 1 pos 1,2 stuck 0
RC WALK 44 id 7 role expand pos 1,2 tgt 3,9 want SOUTH
RC POS 44 id 10 seat 3 role raid fs 1 body 2 pos 2,4 stuck 0
RC WALK 44 id 10 role raid pos 2,4 tgt 7,4 want WEST
RC POS 44 id 14 seat 4 role defend fs 0 body 1 pos 3,1 stuck 0
RC WALK 44 id 14 role defend pos 3,1 tgt 3,5 want WEST
V527I SEALNT 45 ph 2 fwd 0 hv 3
RC POS 45 id 5 seat 1 role expand fs 0 body 1 pos 2,5 stuck 0
RC WALK 45 id 5 role expand pos 2,5 tgt 5,2 want SOUTH
RC POS 45 id 7 seat 2 role expand fs 0 body 1 pos 1,3 stuck 0
RC WALK 45 id 7 role expand pos 1,3 tgt 3,9 want WEST
RC POS 45 id 10 seat 3 role raid fs 1 body 2 pos 1,4 stuck 0
RC WALK 45 id 10 role raid pos 1,4 tgt 6,4 want SOUTH
RC POS 45 id 14 seat 4 role defend fs 0 body 1 pos 2,1 stuck 0
RC WALK 45 id 14 role defend pos 2,1 tgt 2,5 want WEST
V527I SEALNT 46 ph 2 fwd 0 hv 3
RC POS 46 id 5 seat 1 role expand fs 0 body 1 pos 2,6 stuck 0
RC WALK 46 id 5 role expand pos 2,6 tgt 5,2 want EAST
RC POS 46 id 7 seat 2 role expand fs 0 body 1 pos 0,3 stuck 0
RC WALK 46 id 7 role expand pos 0,3 tgt 3,9 want SOUTH
RC POS 46 id 10 seat 3 role raid fs 1 body 2 pos 1,5 stuck 0
RC WALK 46 id 10 role raid pos 1,5 tgt 6,5 want EAST
RC POS 46 id 14 seat 4 role defend fs 0 body 1 pos 1,1 stuck 0
RC WALK 46 id 14 role defend pos 1,1 tgt 2,5 want SOUTH
V527I SEALNT 47 ph 2 fwd 0 hv 3
RC POS 47 id 5 seat 1 role expand fs 0 body 1 pos 3,6 stuck 0
RC WALK 47 id 5 role expand pos 3,6 tgt 5,2 want EAST
RC POS 47 id 7 seat 2 role expand fs 0 body 1 pos 0,4 stuck 0
RC WALK 47 id 7 role expand pos 0,4 tgt 3,9 want SOUTH
RC POS 47 id 10 seat 3 role raid fs 1 body 2 pos 2,5 stuck 0
RC WALK 47 id 10 role raid pos 2,5 tgt 6,5 want NORTH
RC POS 47 id 14 seat 4 role defend fs 0 body 1 pos 1,2 stuck 0
RC WALK 47 id 14 role defend pos 1,2 tgt 1,6 want SOUTH
V527I SEALNT 48 ph 2 fwd 0 hv 3
RC POS 48 id 5 seat 1 role expand fs 0 body 1 pos 4,6 stuck 0
RC WALK 48 id 5 role expand pos 4,6 tgt 5,2 want NORTH
RC POS 48 id 7 seat 2 role expand fs 0 body 1 pos 0,5 stuck 0
RC WALK 48 id 7 role expand pos 0,5 tgt 3,9 want EAST
RC POS 48 id 10 seat 3 role raid fs 1 body 2 pos 2,4 stuck 0
RC WALK 48 id 10 role raid pos 2,4 tgt 7,4 want SOUTH
RC POS 48 id 14 seat 4 role defend fs 0 body 1 pos 1,3 stuck 0
RC WALK 48 id 14 role defend pos 1,3 tgt 1,7 want NORTH
V527I SEALNT 49 ph 2 fwd 0 hv 3
RC POS 49 id 5 seat 1 role expand fs 0 body 1 pos 4,5 stuck 0
RC WALK 49 id 5 role expand pos 4,5 tgt 5,2 want WEST
RC POS 49 id 7 seat 2 role expand fs 0 body 1 pos 1,5 stuck 0
RC WALK 49 id 7 role expand pos 1,5 tgt 3,9 want SOUTH
RC POS 49 id 10 seat 3 role raid fs 1 body 2 pos 2,5 stuck 0
RC WALK 49 id 10 role raid pos 2,5 tgt 6,5 want SOUTH
RC POS 49 id 14 seat 4 role defend fs 0 body 1 pos 1,2 stuck 0
RC WALK 49 id 14 role defend pos 1,2 tgt 1,7 want NORTH
V527I SEALNT 50 ph 2 fwd 0 hv 3
RC POS 50 id 5 seat 1 role expand fs 0 body 1 pos 3,5 stuck 0
RC WALK 50 id 5 role expand pos 3,5 tgt 5,2 want EAST
RC POS 50 id 7 seat 2 role expand fs 0 body 1 pos 1,6 stuck 0
RC WALK 50 id 7 role expand pos 1,6 tgt 4,9 want NORTH
RC POS 50 id 10 seat 3 role raid fs 1 body 2 pos 2,6 stuck 0
RC WALK 50 id 10 role raid pos 2,6 tgt 4,7 want EAST
RC POS 50 id 14 seat 4 role defend fs 0 body 1 pos 1,1 stuck 0
RC WALK 50 id 14 role defend pos 1,1 tgt 1,7 want SOUTH
V527I SEALNT 51 ph 2 fwd 0 hv 3
RC POS 51 id 5 seat 1 role expand fs 0 body 1 pos 4,5 stuck 0
RC WALK 51 id 5 role expand pos 4,5 tgt 5,2 want WEST
RC POS 51 id 7 seat 2 role expand fs 0 body 1 pos 1,5 stuck 0
RC WALK 51 id 7 role expand pos 1,5 tgt 4,9 want WEST
RC POS 51 id 10 seat 3 role raid fs 1 body 2 pos 3,6 stuck 0
RC WALK 51 id 10 role raid pos 3,6 tgt 4,7 want EAST
RC POS 51 id 14 seat 4 role defend fs 0 body 1 pos 1,2 stuck 0
RC WALK 51 id 14 role defend pos 1,2 tgt 1,7 want SOUTH
V527I SEALNT 52 ph 2 fwd 0 hv 3
RC POS 52 id 5 seat 1 role expand fs 0 body 1 pos 3,5 stuck 0
RC WALK 52 id 5 role expand pos 3,5 tgt 5,2 want WEST
RC POS 52 id 7 seat 2 role expand fs 0 body 1 pos 0,5 stuck 0
RC WALK 52 id 7 role expand pos 0,5 tgt 4,9 want EAST
RC POS 52 id 10 seat 3 role raid fs 1 body 2 pos 4,6 stuck 0
RC WALK 52 id 10 role raid pos 4,6 tgt 4,7 want SOUTH
RC POS 52 id 14 seat 4 role defend fs 0 body 1 pos 1,3 stuck 0
RC WALK 52 id 14 role defend pos 1,3 tgt 1,7 want NORTH
V527I SEALNT 53 ph 2 fwd 0 hv 3
RC POS 53 id 5 seat 1 role expand fs 0 body 1 pos 2,5 stuck 0
RC WALK 53 id 5 role expand pos 2,5 tgt 5,2 want NORTH
RC POS 53 id 7 seat 2 role expand fs 0 body 1 pos 1,5 stuck 0
RC WALK 53 id 7 role expand pos 1,5 tgt 4,9 want EAST
RC POS 53 id 10 seat 3 role raid fs 1 body 2 pos 4,7 stuck 0
V527 SELFCUT 53 n 1
RC POS 53 id 14 seat 4 role defend fs 0 body 1 pos 1,2 stuck 0
RC WALK 53 id 14 role defend pos 1,2 tgt 1,7 want SOUTH
V527I SEALNT 54 ph 2 fwd 0 hv 3
RC POS 54 id 5 seat 1 role expand fs 0 body 1 pos 2,4 stuck 0
RC WALK 54 id 5 role expand pos 2,4 tgt 5,2 want WEST
RC POS 54 id 7 seat 2 role expand fs 0 body 1 pos 2,5 stuck 0
RC WALK 54 id 7 role expand pos 2,5 tgt 4,9 want WEST
RC POS 54 id 10 seat 3 role raid fs 1 body 2 pos 4,7 stuck 1
V527 SELFCUT 54 n 2
RC POS 54 id 14 seat 4 role defend fs 0 body 1 pos 1,3 stuck 0
RC WALK 54 id 14 role defend pos 1,3 tgt 1,7 want NORTH
V527I SEALNT 55 ph 2 fwd 0 hv 3
RC POS 55 id 5 seat 1 role expand fs 0 body 1 pos 1,4 stuck 0
RC WALK 55 id 5 role expand pos 1,4 tgt 5,2 want EAST
RC POS 55 id 7 seat 2 role expand fs 0 body 1 pos 1,5 stuck 0
RC WALK 55 id 7 role expand pos 1,5 tgt 4,9 want EAST
RC POS 55 id 10 seat 3 role raid fs 1 body 2 pos 4,7 stuck 2
V527 SELFCUT 55 n 3
RC POS 55 id 14 seat 4 role defend fs 0 body 1 pos 1,2 stuck 0
RC WALK 55 id 14 role defend pos 1,2 tgt 1,7 want SOUTH
V527I SEALNT 56 ph 2 fwd 0 hv 3
RC POS 56 id 5 seat 1 role expand fs 0 body 1 pos 2,4 stuck 0
RC WALK 56 id 5 role expand pos 2,4 tgt 5,2 want WEST
RC POS 56 id 7 seat 2 role expand fs 0 body 1 pos 2,5 stuck 0
RC WALK 56 id 7 role expand pos 2,5 tgt 4,9 want EAST
RC POS 56 id 10 seat 3 role raid fs 1 body 2 pos 4,7 stuck 3
V527 SELFCUT 56 n 4
RC POS 56 id 14 seat 4 role defend fs 0 body 1 pos 1,3 stuck 0
RC WALK 56 id 14 role defend pos 1,3 tgt 1,7 want WEST
V527I SEALNT 57 ph 2 fwd 0 hv 3
RC POS 57 id 5 seat 1 role expand fs 0 body 1 pos 1,4 stuck 0
RC WALK 57 id 5 role expand pos 1,4 tgt 5,2 want NORTH
RC POS 57 id 7 seat 2 role expand fs 0 body 1 pos 3,5 stuck 0
RC WALK 57 id 7 role expand pos 3,5 tgt 4,9 want EAST
RC POS 57 id 10 seat 3 role raid fs 1 body 2 pos 4,7 stuck 4
RC POS 57 id 14 seat 4 role defend fs 0 body 1 pos 0,3 stuck 0
V527I SEALNT 58 ph 2 fwd 0 hv 3
RC POS 58 id 5 seat 1 role expand fs 0 body 1 pos 1,3 stuck 0
RC WALK 58 id 5 role expand pos 1,3 tgt 5,2 want NORTH
RC POS 58 id 7 seat 2 role expand fs 0 body 1 pos 4,5 stuck 0
RC WALK 58 id 7 role expand pos 4,5 tgt 4,9 want SOUTH
RC POS 58 id 10 seat 3 role raid fs 1 body 2 pos 5,7 stuck 0
RC WALK 58 id 10 role raid pos 5,7 tgt 5,8 want SOUTH
RC POS 58 id 14 seat 4 role defend fs 0 body 1 pos 0,3 stuck 1
RC WALK 58 id 14 role defend pos 0,3 tgt 1,7 want EAST
V527I SEALNT 59 ph 2 fwd 0 hv 3
RC POS 59 id 5 seat 1 role expand fs 0 body 1 pos 1,2 stuck 0
RC WALK 59 id 5 role expand pos 1,2 tgt 5,2 want NORTH
RC POS 59 id 7 seat 2 role expand fs 0 body 1 pos 4,6 stuck 0
RC WALK 59 id 7 role expand pos 4,6 tgt 4,9 want SOUTH
RC POS 59 id 10 seat 3 role raid fs 1 body 2 pos 5,8 stuck 0
RC POS 59 id 14 seat 4 role defend fs 0 body 1 pos 1,3 stuck 0
RC WALK 59 id 14 role defend pos 1,3 tgt 5,4 want SOUTH
V527I SEALNT 60 ph 2 fwd 0 hv 3
RC POS 60 id 5 seat 1 role expand fs 0 body 1 pos 1,1 stuck 0
RC WALK 60 id 5 role expand pos 1,1 tgt 5,2 want EAST
RC POS 60 id 7 seat 2 role expand fs 0 body 1 pos 4,7 stuck 0
RC WALK 60 id 7 role expand pos 4,7 tgt 4,9 want NORTH
RC POS 60 id 10 seat 3 role raid fs 1 body 2 pos 5,8 stuck 1
RC POS 60 id 14 seat 4 role defend fs 0 body 1 pos 1,4 stuck 0
RC WALK 60 id 14 role defend pos 1,4 tgt 4,4 want EAST
V527I SEALNT 61 ph 2 fwd 0 hv 3
RC POS 61 id 5 seat 1 role expand fs 0 body 1 pos 2,1 stuck 0
RC WALK 61 id 5 role expand pos 2,1 tgt 5,2 want EAST
RC POS 61 id 7 seat 2 role expand fs 0 body 1 pos 4,6 stuck 0
RC WALK 61 id 7 role expand pos 4,6 tgt 4,9 want SOUTH
RC POS 61 id 10 seat 3 role raid fs 1 body 2 pos 5,8 stuck 2
RC POS 61 id 14 seat 4 role defend fs 0 body 1 pos 2,4 stuck 0
RC WALK 61 id 14 role defend pos 2,4 tgt 4,5 want SOUTH
V527I SEALNT 62 ph 2 fwd 0 hv 3
RC POS 62 id 5 seat 1 role expand fs 0 body 1 pos 3,1 stuck 0
RC WALK 62 id 5 role expand pos 3,1 tgt 5,2 want EAST
RC POS 62 id 7 seat 2 role expand fs 0 body 1 pos 4,7 stuck 0
RC WALK 62 id 7 role expand pos 4,7 tgt 4,9 want SOUTH
RC POS 62 id 10 seat 3 role raid fs 1 body 2 pos 5,8 stuck 3
RC POS 62 id 14 seat 4 role defend fs 0 body 1 pos 2,5 stuck 0
RC WALK 62 id 14 role defend pos 2,5 tgt 3,5 want CENTRE
V527I SEALNT 63 ph 2 fwd 0 hv 3
RC POS 63 id 5 seat 1 role expand fs 0 body 1 pos 4,1 stuck 0
RC WALK 63 id 5 role expand pos 4,1 tgt 5,2 want EAST
RC POS 63 id 7 seat 2 role expand fs 0 body 1 pos 4,8 stuck 0
RC WALK 63 id 7 role expand pos 4,8 tgt 4,9 want SOUTH
RC POS 63 id 10 seat 3 role raid fs 1 body 2 pos 5,8 stuck 4
RC POS 63 id 14 seat 4 role defend fs 0 body 1 pos 2,5 stuck 1
V527I SEALNT 64 ph 2 fwd 0 hv 3
RC POS 64 id 5 seat 1 role expand fs 0 body 1 pos 5,1 stuck 0
RC WALK 64 id 5 role expand pos 5,1 tgt 5,2 want SOUTH
RC POS 64 id 7 seat 2 role expand fs 0 body 1 pos 4,9 stuck 0
V528 PICK r 64 id 7 tgt 6,0 cs 11 bs 11 reg 0 cc 0 bc 0 cands 2 banned 0 regall 0 seat 2
RC WALK 64 id 7 role expand pos 4,9 tgt 6,0 want NORTH
RC POS 64 id 10 seat 3 role raid fs 1 body 2 pos 5,8 stuck 5
RC POS 64 id 14 seat 4 role defend fs 0 body 1 pos 2,5 stuck 2
RC WALK 64 id 14 role defend pos 2,5 tgt 3,5 want CENTRE
V527I SEALNT 65 ph 2 fwd 0 hv 3
RC POS 65 id 5 seat 1 role expand fs 0 body 1 pos 5,2 stuck 0
V528 PICK r 65 id 5 tgt 3,7 cs 19 bs 19 reg 0 cc 4 bc 4 cands 2 banned 0 regall 0 seat 1
RC WALK 65 id 5 role expand pos 5,2 tgt 3,7 want SOUTH
RC POS 65 id 7 seat 2 role expand fs 0 body 1 pos 4,8 stuck 0
RC WALK 65 id 7 role expand pos 4,8 tgt 3,6 want NORTH
RC POS 65 id 10 seat 3 role raid fs 1 body 2 pos 5,8 stuck 6
RC POS 65 id 14 seat 4 role defend fs 0 body 1 pos 2,5 stuck 3
RC WALK 65 id 14 role defend pos 2,5 tgt 3,5 want CENTRE
V527I SEALNT 66 ph 2 fwd 0 hv 3
RC POS 66 id 5 seat 1 role expand fs 0 body 1 pos 5,3 stuck 0
RC WALK 66 id 5 role expand pos 5,3 tgt 3,6 want EAST
RC POS 66 id 7 seat 2 role expand fs 0 body 1 pos 4,7 stuck 0
RC WALK 66 id 7 role expand pos 4,7 tgt 3,6 want WEST
RC POS 66 id 10 seat 3 role raid fs 1 body 2 pos 5,8 stuck 7
RC POS 66 id 14 seat 4 role defend fs 0 body 1 pos 2,5 stuck 4
RC WALK 66 id 14 role defend pos 2,5 tgt 3,5 want CENTRE
V527I SEALNT 67 ph 2 fwd 0 hv 3
RC POS 67 id 5 seat 1 role expand fs 0 body 1 pos 6,3 stuck 0
RC WALK 67 id 5 role expand pos 6,3 tgt 3,6 want WEST
RC POS 67 id 7 seat 2 role expand fs 0 body 1 pos 3,7 stuck 0
RC WALK 67 id 7 role expand pos 3,7 tgt 3,6 want NORTH
RC POS 67 id 10 seat 3 role raid fs 1 body 2 pos 5,8 stuck 8
RC POS 67 id 14 seat 4 role defend fs 0 body 1 pos 2,5 stuck 5
RC WALK 67 id 14 role defend pos 2,5 tgt 3,5 want CENTRE
V527I SEALNT 68 ph 2 fwd 0 hv 3
RC POS 68 id 5 seat 1 role expand fs 0 body 1 pos 5,3 stuck 0
RC WALK 68 id 5 role expand pos 5,3 tgt 3,6 want SOUTH
RC POS 68 id 7 seat 2 role expand fs 0 body 1 pos 3,6 stuck 0
V528 PICK r 68 id 7 tgt 6,0 cs 9 bs 9 reg 0 cc 0 bc 0 cands 2 banned 0 regall 0 seat 2
RC WALK 68 id 7 role expand pos 3,6 tgt 3,7 want SOUTH
RC POS 68 id 10 seat 3 role raid fs 1 body 2 pos 5,8 stuck 9
RC POS 68 id 14 seat 4 role defend fs 0 body 1 pos 2,5 stuck 6
RC WALK 68 id 14 role defend pos 2,5 tgt 4,5 want EAST
V527I SEALNT 69 ph 2 fwd 0 hv 3
RC POS 69 id 5 seat 1 role expand fs 0 body 1 pos 5,4 stuck 0
RC WALK 69 id 5 role expand pos 5,4 tgt 3,6 want WEST
RC POS 69 id 7 seat 2 role expand fs 0 body 1 pos 3,7 stuck 0
V528 PICK r 69 id 7 tgt 6,0 cs 10 bs 10 reg 0 cc 0 bc 0 cands 2 banned 0 regall 0 seat 2
RC WALK 69 id 7 role expand pos 3,7 tgt 6,0 want SOUTH
RC POS 69 id 10 seat 3 role raid fs 1 body 2 pos 5,8 stuck 10
RC POS 69 id 14 seat 4 role defend fs 0 body 1 pos 3,5 stuck 0
RC WALK 69 id 14 role defend pos 3,5 tgt 4,5 want EAST
V527I SEALNT 70 ph 2 fwd 0 hv 3
RC POS 70 id 5 seat 1 role expand fs 0 body 1 pos 4,4 stuck 0
RC WALK 70 id 5 role expand pos 4,4 tgt 3,6 want EAST
RC POS 70 id 7 seat 2 role expand fs 0 body 1 pos 3,8 stuck 0
RC WALK 70 id 7 role expand pos 3,8 tgt 3,6 want NORTH
RC POS 70 id 10 seat 3 role raid fs 1 body 2 pos 5,8 stuck 11
RC POS 70 id 14 seat 4 role defend fs 0 body 1 pos 4,5 stuck 0
RC WALK 70 id 14 role defend pos 4,5 tgt 3,6 want WEST
V527I SEALNT 71 ph 2 fwd 0 hv 3
RC POS 71 id 5 seat 1 role expand fs 0 body 1 pos 5,4 stuck 0
RC WALK 71 id 5 role expand pos 5,4 tgt 3,6 want WEST
RC POS 71 id 7 seat 2 role expand fs 0 body 1 pos 3,7 stuck 0
RC WALK 71 id 7 role expand pos 3,7 tgt 3,6 want NORTH
RC POS 71 id 10 seat 3 role raid fs 1 body 2 pos 5,8 stuck 12
RC POS 71 id 14 seat 4 role defend fs 0 body 1 pos 3,5 stuck 0
RC WALK 71 id 14 role defend pos 3,5 tgt 3,6 want CENTRE
V527I SEALNT 72 ph 2 fwd 0 hv 3
RC POS 72 id 5 seat 1 role expand fs 0 body 1 pos 4,4 stuck 0
RC WALK 72 id 5 role expand pos 4,4 tgt 3,6 want SOUTH
RC POS 72 id 7 seat 2 role expand fs 0 body 1 pos 3,6 stuck 0
V528 PICK r 72 id 7 tgt 6,0 cs 9 bs 9 reg 0 cc 0 bc 0 cands 2 banned 0 regall 0 seat 2
RC WALK 72 id 7 role expand pos 3,6 tgt 6,0 want EAST
RC POS 72 id 10 seat 3 role raid fs 1 body 2 pos 5,8 stuck 13
RC POS 72 id 14 seat 4 role defend fs 0 body 1 pos 3,5 stuck 1
RC WALK 72 id 14 role defend pos 3,5 tgt 3,6 want SOUTH
V527I SEALNT 73 ph 2 fwd 0 hv 3
RC POS 73 id 5 seat 1 role expand fs 0 body 1 pos 4,5 stuck 0
RC WALK 73 id 5 role expand pos 4,5 tgt 3,6 want WEST
RC POS 73 id 7 seat 2 role expand fs 0 body 1 pos 4,6 stuck 0
RC WALK 73 id 7 role expand pos 4,6 tgt 3,7 want NORTH
RC POS 73 id 10 seat 3 role raid fs 1 body 2 pos 5,8 stuck 14
RC POS 73 id 14 seat 4 role defend fs 0 body 1 pos 3,6 stuck 0
RC WALK 73 id 14 role defend pos 3,6 tgt 3,7 want SOUTH
V527I SEALNT 74 ph 2 fwd 0 hv 3
RC POS 74 id 5 seat 1 role expand fs 0 body 1 pos 3,5 stuck 0
RC WALK 74 id 5 role expand pos 3,5 tgt 3,6 want SOUTH
RC POS 74 id 7 seat 2 role expand fs 0 body 1 pos 4,5 stuck 0
RC WALK 74 id 7 role expand pos 4,5 tgt 3,7 want WEST
RC POS 74 id 10 seat 3 role raid fs 1 body 2 pos 5,8 stuck 15
RC POS 74 id 14 seat 4 role defend fs 0 body 1 pos 3,7 stuck 0
RC WALK 74 id 14 role defend pos 3,7 tgt 3,7 want CENTRE
V527I SEALNT 75 ph 2 fwd 0 hv 3
RC POS 75 id 5 seat 1 role expand fs 0 body 1 pos 3,6 stuck 0
V528 PICK r 75 id 5 tgt 6,2 cs 7 bs 7 reg 0 cc 0 bc 0 cands 3 banned 0 regall 0 seat 1
RC WALK 75 id 5 role expand pos 3,6 tgt 6,2 want EAST
RC POS 75 id 7 seat 2 role expand fs 0 body 1 pos 3,5 stuck 0
RC WALK 75 id 7 role expand pos 3,5 tgt 3,6 want SOUTH
RC POS 75 id 10 seat 3 role raid fs 1 body 2 pos 5,8 stuck 16
RC POS 75 id 14 seat 4 role defend fs 0 body 1 pos 3,7 stuck 1
RC WALK 75 id 14 role defend pos 3,7 tgt 3,7 want CENTRE
V527I SEALNT 76 ph 2 fwd 0 hv 3
RC POS 76 id 5 seat 1 role expand fs 0 body 1 pos 4,6 stuck 0
RC WALK 76 id 5 role expand pos 4,6 tgt 5,2 want NORTH
RC POS 76 id 7 seat 2 role expand fs 0 body 1 pos 3,6 stuck 0
V528 PICK r 76 id 7 tgt 6,0 cs 9 bs 9 reg 0 cc 0 bc 0 cands 2 banned 0 regall 0 seat 2
RC WALK 76 id 7 role expand pos 3,6 tgt 6,0 want NORTH
RC POS 76 id 10 seat 3 role raid fs 1 body 2 pos 5,8 stuck 17
RC POS 76 id 14 seat 4 role defend fs 0 body 1 pos 3,7 stuck 1
RC WALK 76 id 14 role defend pos 3,7 tgt 3,6 want NORTH
V527I SEALNT 77 ph 2 fwd 0 hv 3
RC POS 77 id 5 seat 1 role expand fs 0 body 1 pos 4,5 stuck 0
RC WALK 77 id 5 role expand pos 4,5 tgt 5,2 want NORTH
RC POS 77 id 7 seat 2 role expand fs 0 body 1 pos 3,5 stuck 0
RC WALK 77 id 7 role expand pos 3,5 tgt 6,0 want WEST
RC POS 77 id 10 seat 3 role raid fs 1 body 2 pos 5,8 stuck 18
RC POS 77 id 14 seat 4 role defend fs 0 body 1 pos 3,6 stuck 0
V528 CONN r 77 id 14 at 3,7 chosen 4 best 0 regret 4 cands 4 role defend seat 4
V527I SEALNT 78 ph 2 fwd 0 hv 4
RC POS 78 id 5 seat 1 role expand fs 0 body 1 pos 4,4 stuck 0
RC WALK 78 id 5 role expand pos 4,4 tgt 5,2 want EAST
RC POS 78 id 7 seat 2 role expand fs 0 body 1 pos 2,5 stuck 0
RC WALK 78 id 7 role expand pos 2,5 tgt 6,0 want NORTH
RC POS 78 id 10 seat 3 role raid fs 1 body 2 pos 5,7 stuck 0
RC WALK 78 id 10 role raid pos 5,7 tgt 8,7 want SOUTH
RC POS 78 id 14 seat 4 role defend fs 0 body 1 pos 3,6 stuck 1
RC WALK 78 id 14 role defend pos 3,6 tgt 4,7 want EAST
V527I SEALNT 79 ph 2 fwd 0 hv 4
RC POS 79 id 5 seat 1 role expand fs 0 body 1 pos 5,4 stuck 0
RC WALK 79 id 5 role expand pos 5,4 tgt 5,2 want NORTH
RC POS 79 id 7 seat 2 role expand fs 0 body 1 pos 2,4 stuck 0
RC WALK 79 id 7 role expand pos 2,4 tgt 6,0 want WEST
RC POS 79 id 10 seat 3 role raid fs 1 body 2 pos 5,8 stuck 0
RC POS 79 id 14 seat 4 role defend fs 0 body 1 pos 4,6 stuck 0
RC WALK 79 id 14 role defend pos 4,6 tgt 2,5 want WEST
V527I SEALNT 80 ph 2 fwd 0 hv 4
RC POS 80 id 5 seat 1 role expand fs 0 body 1 pos 5,3 stuck 0
RC WALK 80 id 5 role expand pos 5,3 tgt 5,2 want NORTH
RC POS 80 id 7 seat 2 role expand fs 0 body 1 pos 1,4 stuck 0
RC WALK 80 id 7 role expand pos 1,4 tgt 6,0 want NORTH
RC POS 80 id 10 seat 3 role raid fs 1 body 2 pos 5,9 stuck 0
RC WALK 80 id 10 role raid pos 5,9 tgt 6,9 want EAST
RC POS 80 id 14 seat 4 role defend fs 0 body 1 pos 3,6 stuck 0
RC WALK 80 id 14 role defend pos 3,6 tgt 4,7 want EAST
V527I SEALNT 81 ph 2 fwd 0 hv 4
RC POS 81 id 5 seat 1 role expand fs 0 body 1 pos 5,2 stuck 0
V528 PICK r 81 id 5 tgt 3,7 cs 19 bs 19 reg 0 cc 4 bc 4 cands 2 banned 0 regall 0 seat 1
RC WALK 81 id 5 role expand pos 5,2 tgt 3,7 want SOUTH
RC POS 81 id 7 seat 2 role expand fs 0 body 1 pos 1,3 stuck 0
RC WALK 81 id 7 role expand pos 1,3 tgt 6,0 want NORTH
RC POS 81 id 10 seat 3 role raid fs 1 body 2 pos 6,9 stuck 0
RC WALK 81 id 10 role raid pos 6,9 tgt 7,9 want EAST
RC POS 81 id 14 seat 4 role defend fs 0 body 1 pos 4,6 stuck 0
RC WALK 81 id 14 role defend pos 4,6 tgt 2,5 want WEST
V527I SEALNT 82 ph 2 fwd 0 hv 4
RC POS 82 id 5 seat 1 role expand fs 0 body 1 pos 5,3 stuck 0
RC WALK 82 id 5 role expand pos 5,3 tgt 3,7 want SOUTH
RC POS 82 id 7 seat 2 role expand fs 0 body 1 pos 1,2 stuck 0
RC WALK 82 id 7 role expand pos 1,2 tgt 6,0 want NORTH
RC POS 82 id 10 seat 3 role raid fs 1 body 2 pos 7,9 stuck 0
V527 SELFCUT 82 n 5
RC POS 82 id 14 seat 4 role defend fs 0 body 1 pos 3,6 stuck 0
RC WALK 82 id 14 role defend pos 3,6 tgt 4,7 want EAST
V527I SEALNT 83 ph 2 fwd 0 hv 4
RC POS 83 id 5 seat 1 role expand fs 0 body 1 pos 5,4 stuck 0
RC WALK 83 id 5 role expand pos 5,4 tgt 3,6 want WEST
RC POS 83 id 7 seat 2 role expand fs 0 body 1 pos 1,1 stuck 0
RC WALK 83 id 7 role expand pos 1,1 tgt 6,0 want EAST
RC POS 83 id 10 seat 3 role raid fs 1 body 2 pos 7,9 stuck 1
RC WALK 83 id 10 role raid pos 7,9 tgt 5,8 want WEST
RC POS 83 id 14 seat 4 role defend fs 0 body 1 pos 4,6 stuck 0
RC WALK 83 id 14 role defend pos 4,6 tgt 2,5 want WEST
V527I SEALNT 84 ph 2 fwd 0 hv 4
RC POS 84 id 5 seat 1 role expand fs 0 body 1 pos 4,4 stuck 0
RC WALK 84 id 5 role expand pos 4,4 tgt 3,6 want SOUTH
RC POS 84 id 7 seat 2 role expand fs 0 body 1 pos 2,1 stuck 0
RC WALK 84 id 7 role expand pos 2,1 tgt 5,0 want EAST
RC POS 84 id 10 seat 3 role raid fs 1 body 2 pos 6,9 stuck 0
RC WALK 84 id 10 role raid pos 6,9 tgt 5,8 want WEST
RC POS 84 id 14 seat 4 role defend fs 0 body 1 pos 3,6 stuck 0
RC WALK 84 id 14 role defend pos 3,6 tgt 4,7 want EAST
V527I SEALNT 85 ph 2 fwd 0 hv 4
RC POS 85 id 5 seat 1 role expand fs 0 body 1 pos 4,5 stuck 0
RC WALK 85 id 5 role expand pos 4,5 tgt 3,6 want WEST
RC POS 85 id 7 seat 2 role expand fs 0 body 1 pos 3,1 stuck 0
RC WALK 85 id 7 role expand pos 3,1 tgt 5,0 want EAST
RC POS 85 id 10 seat 3 role raid fs 1 body 2 pos 5,9 stuck 0
RC WALK 85 id 10 role raid pos 5,9 tgt 6,9 want EAST
RC POS 85 id 14 seat 4 role defend fs 0 body 1 pos 4,6 stuck 0
RC WALK 85 id 14 role defend pos 4,6 tgt 2,5 want SOUTH
V527I SEALNT 86 ph 2 fwd 0 hv 4
RC POS 86 id 5 seat 1 role expand fs 0 body 1 pos 3,5 stuck 0
RC WALK 86 id 5 role expand pos 3,5 tgt 3,6 want SOUTH
RC POS 86 id 7 seat 2 role expand fs 0 body 1 pos 4,1 stuck 0
RC WALK 86 id 7 role expand pos 4,1 tgt 5,0 want EAST
RC POS 86 id 10 seat 3 role raid fs 1 body 2 pos 6,9 stuck 0
RC POS 86 id 14 seat 4 role defend fs 0 body 1 pos 4,7 stuck 0
V527I SEALNT 87 ph 2 fwd 0 hv 4
RC POS 87 id 5 seat 1 role expand fs 0 body 1 pos 3,6 stuck 0
V528 PICK r 87 id 5 tgt 6,2 cs 7 bs 7 reg 0 cc 0 bc 0 cands 2 banned 0 regall 0 seat 1
RC WALK 87 id 5 role expand pos 3,6 tgt 6,2 want NORTH
RC POS 87 id 7 seat 2 role expand fs 0 body 1 pos 5,1 stuck 0
RC WALK 87 id 7 role expand pos 5,1 tgt 5,0 want NORTH
RC POS 87 id 10 seat 3 role raid fs 1 body 2 pos 6,9 stuck 1
RC POS 87 id 14 seat 4 role defend fs 0 body 1 pos 4,6 stuck 0
RC WALK 87 id 14 role defend pos 4,6 tgt 2,5 want SOUTH
V527I SEALNT 88 ph 2 fwd 0 hv 4
RC POS 88 id 5 seat 1 role expand fs 0 body 1 pos 3,5 stuck 0
RC WALK 88 id 5 role expand pos 3,5 tgt 5,2 want EAST
RC POS 88 id 7 seat 2 role expand fs 0 body 1 pos 5,0 stuck 0
V528 PICK r 88 id 7 tgt 3,9 cs 35 bs 35 reg 0 cc 8 bc 8 cands 1 banned 0 regall 0 seat 2
RC WALK 88 id 7 role expand pos 5,0 tgt 3,9 want SOUTH
RC POS 88 id 10 seat 3 role raid fs 1 body 2 pos 6,9 stuck 2
RC POS 88 id 14 seat 4 role defend fs 0 body 1 pos 4,7 stuck 0
V527I SEALNT 89 ph 2 fwd 0 hv 4
RC POS 89 id 5 seat 1 role expand fs 0 body 1 pos 4,5 stuck 0
RC WALK 89 id 5 role expand pos 4,5 tgt 5,2 want NORTH
RC POS 89 id 7 seat 2 role expand fs 0 body 1 pos 5,1 stuck 0
RC WALK 89 id 7 role expand pos 5,1 tgt 3,9 want WEST
RC POS 89 id 10 seat 3 role raid fs 1 body 2 pos 6,9 stuck 3
RC POS 89 id 14 seat 4 role defend fs 0 body 1 pos 4,6 stuck 0
RC WALK 89 id 14 role defend pos 4,6 tgt 2,5 want WEST
V527I SEALNT 90 ph 2 fwd 0 hv 4
RC POS 90 id 5 seat 1 role expand fs 0 body 1 pos 4,4 stuck 0
RC WALK 90 id 5 role expand pos 4,4 tgt 5,2 want EAST
RC POS 90 id 7 seat 2 role expand fs 0 body 1 pos 4,1 stuck 0
RC WALK 90 id 7 role expand pos 4,1 tgt 3,9 want WEST
RC POS 90 id 10 seat 3 role raid fs 1 body 2 pos 6,9 stuck 4
RC POS 90 id 14 seat 4 role defend fs 0 body 1 pos 3,6 stuck 0
RC WALK 90 id 14 role defend pos 3,6 tgt 4,7 want EAST
V527I SEALNT 91 ph 2 fwd 0 hv 4
RC POS 91 id 5 seat 1 role expand fs 0 body 1 pos 5,4 stuck 0
RC WALK 91 id 5 role expand pos 5,4 tgt 5,2 want NORTH
RC POS 91 id 7 seat 2 role expand fs 0 body 1 pos 3,1 stuck 0
RC WALK 91 id 7 role expand pos 3,1 tgt 3,9 want WEST
RC POS 91 id 10 seat 3 role raid fs 1 body 2 pos 6,9 stuck 5
RC POS 91 id 14 seat 4 role defend fs 0 body 1 pos 4,6 stuck 0
V527I SEALNT 92 ph 2 fwd 0 hv 4
RC POS 92 id 7 seat 2 role expand fs 0 body 1 pos 2,1 stuck 0
RC WALK 92 id 7 role expand pos 2,1 tgt 3,9 want WEST
RC POS 92 id 10 seat 3 role raid fs 1 body 2 pos 6,9 stuck 6
RC POS 92 id 14 seat 4 role defend fs 0 body 1 pos 4,6 stuck 1
RC WALK 92 id 14 role defend pos 4,6 tgt 6,3 want WEST
V527I SEALNT 93 ph 2 fwd 0 hv 4
RC POS 93 id 7 seat 2 role expand fs 0 body 1 pos 1,1 stuck 0
RC WALK 93 id 7 role expand pos 1,1 tgt 3,9 want SOUTH
RC POS 93 id 10 seat 3 role raid fs 1 body 2 pos 6,9 stuck 7
RC POS 93 id 14 seat 4 role defend fs 0 body 1 pos 3,6 stuck 0
RC WALK 93 id 14 role defend pos 3,6 tgt 5,3 want NORTH
V527I SEALNT 94 ph 2 fwd 0 hv 4
RC POS 94 id 7 seat 2 role expand fs 0 body 1 pos 1,2 stuck 0
RC WALK 94 id 7 role expand pos 1,2 tgt 3,9 want SOUTH
RC POS 94 id 10 seat 3 role raid fs 1 body 2 pos 6,9 stuck 8
RC POS 94 id 14 seat 4 role defend fs 0 body 1 pos 3,5 stuck 0
RC WALK 94 id 14 role defend pos 3,5 tgt 5,2 want SOUTH
V527I SEALNT 95 ph 2 fwd 0 hv 4
RC POS 95 id 7 seat 2 role expand fs 0 body 1 pos 1,3 stuck 0
RC WALK 95 id 7 role expand pos 1,3 tgt 3,9 want SOUTH
RC POS 95 id 10 seat 3 role raid fs 1 body 2 pos 6,9 stuck 9
RC POS 95 id 14 seat 4 role defend fs 0 body 1 pos 3,6 stuck 0
RC WALK 95 id 14 role defend pos 3,6 tgt 2,5 want NORTH
V527I SEALNT 96 ph 2 fwd 0 hv 4
RC POS 96 id 7 seat 2 role expand fs 0 body 1 pos 1,4 stuck 0
RC WALK 96 id 7 role expand pos 1,4 tgt 3,9 want SOUTH
RC POS 96 id 10 seat 3 role raid fs 1 body 2 pos 6,9 stuck 10
RC POS 96 id 14 seat 4 role defend fs 0 body 1 pos 3,5 stuck 0
V527I SEALNT 97 ph 2 fwd 0 hv 4
RC POS 97 id 7 seat 2 role expand fs 0 body 1 pos 1,5 stuck 0
RC WALK 97 id 7 role expand pos 1,5 tgt 3,9 want SOUTH
RC POS 97 id 10 seat 3 role raid fs 1 body 2 pos 6,9 stuck 11
RC POS 97 id 14 seat 4 role defend fs 0 body 1 pos 3,5 stuck 1
RC WALK 97 id 14 role defend pos 3,5 tgt 5,1 want WEST
V527I SEALNT 98 ph 2 fwd 0 hv 4
RC POS 98 id 7 seat 2 role expand fs 0 body 1 pos 1,6 stuck 0
RC WALK 98 id 7 role expand pos 1,6 tgt 4,9 want SOUTH
RC POS 98 id 10 seat 3 role raid fs 1 body 2 pos 6,9 stuck 12
RC POS 98 id 14 seat 4 role defend fs 0 body 1 pos 2,5 stuck 0
RC WALK 98 id 14 role defend pos 2,5 tgt 5,2 want NORTH
V527I SEALNT 99 ph 2 fwd 0 hv 4
RC POS 99 id 7 seat 2 role expand fs 0 body 1 pos 1,7 stuck 0
RC WALK 99 id 7 role expand pos 1,7 tgt 1,8 want SOUTH
RC POS 99 id 10 seat 3 role raid fs 1 body 2 pos 6,9 stuck 13
RC POS 99 id 14 seat 4 role defend fs 0 body 1 pos 2,4 stuck 0
RC WALK 99 id 14 role defend pos 2,4 tgt 5,3 want WEST
V527I SEALNT 100 ph 2 fwd 0 hv 4
RC POS 100 id 7 seat 2 role expand fs 0 body 1 pos 1,8 stuck 0
V528 PICK r 100 id 7 tgt 6,0 cs 13 bs 13 reg 0 cc 0 bc 0 cands 2 banned 0 regall 0 seat 2
RC WALK 100 id 7 role expand pos 1,8 tgt 6,0 want EAST
RC POS 100 id 10 seat 3 role raid fs 1 body 2 pos 6,9 stuck 14
RC POS 100 id 14 seat 4 role defend fs 0 body 1 pos 1,4 stuck 0
RC WALK 100 id 14 role defend pos 1,4 tgt 5,4 want NORTH
V527I SEALNT 101 ph 2 fwd 0 hv 4
RC POS 101 id 7 seat 2 role expand fs 0 body 1 pos 2,8 stuck 0
RC WALK 101 id 7 role expand pos 2,8 tgt 1,7 want WEST
RC POS 101 id 10 seat 3 role raid fs 1 body 2 pos 6,9 stuck 15
RC POS 101 id 14 seat 4 role defend fs 0 body 1 pos 1,3 stuck 0
RC WALK 101 id 14 role defend pos 1,3 tgt 2,4 want SOUTH
V527I SEALNT 102 ph 2 fwd 0 hv 4
RC POS 102 id 7 seat 2 role expand fs 0 body 1 pos 1,8 stuck 0
RC WALK 102 id 7 role expand pos 1,8 tgt 1,7 want NORTH
RC POS 102 id 10 seat 3 role raid fs 1 body 2 pos 6,9 stuck 16
RC POS 102 id 14 seat 4 role defend fs 0 body 1 pos 1,4 stuck 0
V527I SEALNT 103 ph 2 fwd 0 hv 4
RC POS 103 id 7 seat 2 role expand fs 0 body 1 pos 1,7 stuck 0
V528 CONN r 103 id 7 at 1,8 chosen 7 best 0 regret 7 cands 2 role expand seat 2
RC POS 103 id 10 seat 3 role raid fs 1 body 2 pos 6,9 stuck 17
RC POS 103 id 14 seat 4 role defend fs 0 body 1 pos 1,4 stuck 1
RC WALK 103 id 14 role defend pos 1,4 tgt 2,4 want EAST
V527I SEALNT 104 ph 2 fwd 0 hv 5
RC POS 104 id 7 seat 2 role expand fs 0 body 1 pos 1,7 stuck 1
RC POS 104 id 10 seat 3 role raid fs 1 body 2 pos 6,9 stuck 18
RC POS 104 id 14 seat 4 role defend fs 0 body 1 pos 2,4 stuck 0
RC WALK 104 id 14 role defend pos 2,4 tgt 6,4 want WEST
V527I SEALNT 105 ph 2 fwd 0 hv 5
RC POS 105 id 7 seat 2 role expand fs 0 body 1 pos 1,7 stuck 2
RC POS 105 id 10 seat 3 role raid fs 1 body 2 pos 6,9 stuck 19
RC POS 105 id 14 seat 4 role defend fs 0 body 1 pos 1,4 stuck 0
RC WALK 105 id 14 role defend pos 1,4 tgt 5,4 want NORTH
V527I SEALNT 106 ph 2 fwd 0 hv 5
RC POS 106 id 7 seat 2 role expand fs 0 body 1 pos 1,6 stuck 0
RC POS 106 id 10 seat 3 role raid fs 1 body 2 pos 6,9 stuck 20
RC POS 106 id 14 seat 4 role defend fs 0 body 1 pos 1,3 stuck 0
RC WALK 106 id 14 role defend pos 1,3 tgt 5,3 want NORTH
V527I SEALNT 107 ph 2 fwd 0 hv 5
RC POS 107 id 7 seat 2 role expand fs 0 body 1 pos 1,6 stuck 1
RC POS 107 id 10 seat 3 role raid fs 1 body 2 pos 6,9 stuck 21
RC POS 107 id 14 seat 4 role defend fs 0 body 1 pos 1,2 stuck 0
RC WALK 107 id 14 role defend pos 1,2 tgt 5,2 want NORTH
V527I SEALNT 108 ph 2 fwd 0 hv 5
RC POS 108 id 7 seat 2 role expand fs 0 body 1 pos 1,6 stuck 2
RC WALK 108 id 7 role expand pos 1,6 tgt 2,5 want NORTH
RC POS 108 id 10 seat 3 role raid fs 1 body 2 pos 6,9 stuck 22
RC POS 108 id 14 seat 4 role defend fs 0 body 1 pos 1,1 stuck 0
RC WALK 108 id 14 role defend pos 1,1 tgt 5,3 want EAST
V527I SEALNT 109 ph 2 fwd 0 hv 5
RC POS 109 id 7 seat 2 role expand fs 0 body 1 pos 1,5 stuck 0
RC WALK 109 id 7 role expand pos 1,5 tgt 2,4 want EAST
RC POS 109 id 10 seat 3 role raid fs 1 body 2 pos 6,9 stuck 23
RC POS 109 id 14 seat 4 role defend fs 0 body 1 pos 2,1 stuck 0
RC WALK 109 id 14 role defend pos 2,1 tgt 5,3 want EAST
V527I SEALNT 110 ph 2 fwd 0 hv 5
RC POS 110 id 7 seat 2 role expand fs 0 body 1 pos 2,5 stuck 0
RC WALK 110 id 7 role expand pos 2,5 tgt 2,4 want NORTH
RC POS 110 id 10 seat 3 role raid fs 1 body 2 pos 6,9 stuck 24
V527I SEALNT 111 ph 2 fwd 0 hv 5
RC POS 111 id 10 seat 3 role raid fs 1 body 2 pos 6,9 stuck 25
V527I SEALNT 112 ph 2 fwd 0 hv 5
RC POS 112 id 10 seat 3 role raid fs 1 body 2 pos 6,9 stuck 26
V527I SEALNT 113 ph 2 fwd 0 hv 5
RC POS 113 id 10 seat 3 role raid fs 1 body 2 pos 6,9 stuck 27
V527I SEALNT 114 ph 2 fwd 0 hv 5
RC POS 114 id 10 seat 3 role raid fs 1 body 2 pos 6,9 stuck 28
V527I SEALNT 115 ph 2 fwd 0 hv 5
RC POS 115 id 10 seat 3 role raid fs 1 body 2 pos 6,9 stuck 29
RC WALK 115 id 10 role raid pos 6,9 tgt 5,8 want WEST
V527I SEALNT 116 ph 2 fwd 0 hv 5
RC POS 116 id 10 seat 3 role raid fs 1 body 2 pos 5,9 stuck 0
RC WALK 116 id 10 role raid pos 5,9 tgt 5,8 want NORTH
V527I SEALNT 117 ph 2 fwd 0 hv 5
RC POS 117 id 10 seat 3 role raid fs 1 body 2 pos 5,8 stuck 0
V527I SEALNT 118 ph 2 fwd 0 hv 5
RC POS 118 id 10 seat 3 role raid fs 1 body 2 pos 5,8 stuck 1
V527I SEALNT 119 ph 2 fwd 0 hv 5
RC POS 119 id 10 seat 3 role raid fs 1 body 2 pos 5,8 stuck 2
V527I SEALNT 120 ph 2 fwd 0 hv 5
RC POS 120 id 10 seat 3 role raid fs 1 body 2 pos 5,8 stuck 3
V527I SEALNT 121 ph 2 fwd 0 hv 5
RC POS 121 id 10 seat 3 role raid fs 1 body 2 pos 5,8 stuck 4
V527I SEALNT 122 ph 2 fwd 0 hv 5
RC POS 122 id 10 seat 3 role raid fs 1 body 2 pos 5,8 stuck 5
V527I SEALNT 123 ph 2 fwd 0 hv 5
RC POS 123 id 10 seat 3 role raid fs 1 body 2 pos 5,8 stuck 6
V527I SEALNT 124 ph 2 fwd 0 hv 5
RC POS 124 id 7 seat 2 role expand fs 0 body 1 pos 2,4 stuck 13
V528 PICK r 124 id 7 tgt 6,0 cs 8 bs 8 reg 0 cc 0 bc 0 cands 3 banned 0 regall 0 seat 2
RC WALK 124 id 7 role expand pos 2,4 tgt 6,0 want WEST
RC POS 124 id 10 seat 3 role raid fs 1 body 2 pos 5,8 stuck 7
RC POS 124 id 14 seat 4 role defend fs 0 body 1 pos 3,1 stuck 14
V527I SEALNT 125 ph 2 fwd 0 hv 5
RC POS 125 id 7 seat 2 role expand fs 0 body 1 pos 1,4 stuck 0
RC WALK 125 id 7 role expand pos 1,4 tgt 2,4 want EAST
RC POS 125 id 10 seat 3 role raid fs 1 body 2 pos 5,8 stuck 8
RC WALK 125 id 10 role raid pos 5,8 tgt 6,5 want NORTH
V527I SEALNT 126 ph 2 fwd 0 hv 5
RC POS 126 id 10 seat 3 role raid fs 1 body 2 pos 5,7 stuck 0
RC WALK 126 id 10 role raid pos 5,7 tgt 8,7 want WEST
V527I SEALNT 127 ph 2 fwd 0 hv 5
RC POS 127 id 10 seat 3 role raid fs 1 body 2 pos 4,7 stuck 0
RC POS 127 id 14 seat 4 role defend fs 0 body 1 pos 3,1 stuck 17
V527I SEALNT 128 ph 2 fwd 0 hv 5
RC POS 128 id 10 seat 3 role raid fs 1 body 2 pos 4,7 stuck 1
RC WALK 128 id 10 role raid pos 4,7 tgt 8,7 want NORTH
RC POS 128 id 14 seat 4 role defend fs 0 body 1 pos 3,1 stuck 18
RC WALK 128 id 14 role defend pos 3,1 tgt 4,2 want NORTH
V527I SEALNT 129 ph 2 fwd 0 hv 5
RC POS 129 id 10 seat 3 role raid fs 1 body 2 pos 4,6 stuck 0
RC WALK 129 id 10 role raid pos 4,6 tgt 6,5 want WEST
RC POS 129 id 14 seat 4 role defend fs 0 body 1 pos 3,0 stuck 0
RC WALK 129 id 14 role defend pos 3,0 tgt 3,1 want SOUTH
V527I SEALNT 130 ph 2 fwd 0 hv 5
RC POS 130 id 10 seat 3 role raid fs 1 body 2 pos 3,6 stuck 0
RC WALK 130 id 10 role raid pos 3,6 tgt 8,8 want NORTH
V527I SEALNT 131 ph 2 fwd 0 hv 5
RC POS 131 id 10 seat 3 role raid fs 1 body 2 pos 3,5 stuck 0
RC WALK 131 id 10 role raid pos 3,5 tgt 8,8 want SOUTH
V527I SEALNT 132 ph 2 fwd 0 hv 5
RC POS 132 id 7 seat 2 role expand fs 0 body 1 pos 2,4 stuck 6
V528 PICK r 132 id 7 tgt 6,0 cs 8 bs 8 reg 0 cc 0 bc 0 cands 3 banned 0 regall 0 seat 2
RC WALK 132 id 7 role expand pos 2,4 tgt 6,0 want WEST
RC POS 132 id 10 seat 3 role raid fs 1 body 2 pos 3,6 stuck 0
RC WALK 132 id 10 role raid pos 3,6 tgt 8,8 want NORTH
RC POS 132 id 14 seat 4 role defend fs 0 body 1 pos 3,1 stuck 2
RC WALK 132 id 14 role defend pos 3,1 tgt 4,2 want NORTH
V527I SEALNT 133 ph 2 fwd 0 hv 5
RC POS 133 id 7 seat 2 role expand fs 0 body 1 pos 1,4 stuck 0
RC WALK 133 id 7 role expand pos 1,4 tgt 6,0 want NORTH
RC POS 133 id 10 seat 3 role raid fs 1 body 2 pos 3,5 stuck 0
RC WALK 133 id 10 role raid pos 3,5 tgt 6,5 want SOUTH
RC POS 133 id 14 seat 4 role defend fs 0 body 1 pos 3,0 stuck 0
RC WALK 133 id 14 role defend pos 3,0 tgt 4,2 want EAST
V527I SEALNT 134 ph 2 fwd 0 hv 5
RC POS 134 id 7 seat 2 role expand fs 0 body 1 pos 1,3 stuck 0
RC WALK 134 id 7 role expand pos 1,3 tgt 6,0 want SOUTH
RC POS 134 id 10 seat 3 role raid fs 1 body 2 pos 3,6 stuck 0
RC WALK 134 id 10 role raid pos 3,6 tgt 6,5 want NORTH
RC POS 134 id 14 seat 4 role defend fs 0 body 1 pos 4,0 stuck 0
RC WALK 134 id 14 role defend pos 4,0 tgt 4,2 want EAST
V527I SEALNT 135 ph 2 fwd 0 hv 5
RC POS 135 id 7 seat 2 role expand fs 0 body 1 pos 1,4 stuck 0
RC WALK 135 id 7 role expand pos 1,4 tgt 6,0 want NORTH
RC POS 135 id 10 seat 3 role raid fs 1 body 2 pos 3,5 stuck 0
RC WALK 135 id 10 role raid pos 3,5 tgt 6,5 want SOUTH
RC POS 135 id 14 seat 4 role defend fs 0 body 1 pos 5,0 stuck 0
RC WALK 135 id 14 role defend pos 5,0 tgt 4,2 want SOUTH
V527I SEALNT 136 ph 2 fwd 0 hv 5
RC POS 136 id 7 seat 2 role expand fs 0 body 1 pos 1,3 stuck 0
RC WALK 136 id 7 role expand pos 1,3 tgt 6,0 want NORTH
RC POS 136 id 10 seat 3 role raid fs 1 body 2 pos 3,6 stuck 0
RC WALK 136 id 10 role raid pos 3,6 tgt 6,5 want NORTH
RC POS 136 id 14 seat 4 role defend fs 0 body 1 pos 5,1 stuck 0
V527I SEALNT 137 ph 2 fwd 0 hv 5
RC POS 137 id 7 seat 2 role expand fs 0 body 1 pos 1,2 stuck 0
RC WALK 137 id 7 role expand pos 1,2 tgt 6,0 want NORTH
RC POS 137 id 10 seat 3 role raid fs 1 body 2 pos 3,5 stuck 0
RC WALK 137 id 10 role raid pos 3,5 tgt 6,5 want SOUTH
RC POS 137 id 14 seat 4 role defend fs 0 body 1 pos 5,1 stuck 1
RC WALK 137 id 14 role defend pos 5,1 tgt 4,2 want WEST
V527I SEALNT 138 ph 2 fwd 0 hv 5
RC POS 138 id 7 seat 2 role expand fs 0 body 1 pos 1,1 stuck 0
RC WALK 138 id 7 role expand pos 1,1 tgt 6,0 want SOUTH
RC POS 138 id 10 seat 3 role raid fs 1 body 2 pos 3,6 stuck 0
RC WALK 138 id 10 role raid pos 3,6 tgt 6,5 want NORTH
RC POS 138 id 14 seat 4 role defend fs 0 body 1 pos 5,0 stuck 0
RC WALK 138 id 14 role defend pos 5,0 tgt 4,2 want SOUTH
V527I SEALNT 139 ph 2 fwd 0 hv 5
RC POS 139 id 7 seat 2 role expand fs 0 body 1 pos 1,2 stuck 0
RC WALK 139 id 7 role expand pos 1,2 tgt 6,0 want NORTH
RC POS 139 id 10 seat 3 role raid fs 1 body 2 pos 3,5 stuck 0
RC WALK 139 id 10 role raid pos 3,5 tgt 6,5 want SOUTH
RC POS 139 id 14 seat 4 role defend fs 0 body 1 pos 5,1 stuck 0
RC WALK 139 id 14 role defend pos 5,1 tgt 4,2 want WEST
V527I SEALNT 140 ph 2 fwd 0 hv 5
RC POS 140 id 7 seat 2 role expand fs 0 body 1 pos 1,1 stuck 0
RC WALK 140 id 7 role expand pos 1,1 tgt 6,0 want SOUTH
RC POS 140 id 10 seat 3 role raid fs 1 body 2 pos 3,6 stuck 0
RC WALK 140 id 10 role raid pos 3,6 tgt 6,5 want NORTH
RC POS 140 id 14 seat 4 role defend fs 0 body 1 pos 5,0 stuck 0
RC WALK 140 id 14 role defend pos 5,0 tgt 4,2 want SOUTH
V527I SEALNT 141 ph 2 fwd 0 hv 5
RC POS 141 id 7 seat 2 role expand fs 0 body 1 pos 1,2 stuck 0
RC WALK 141 id 7 role expand pos 1,2 tgt 6,0 want NORTH
RC POS 141 id 10 seat 3 role raid fs 1 body 2 pos 3,5 stuck 0
RC WALK 141 id 10 role raid pos 3,5 tgt 6,5 want SOUTH
RC POS 141 id 14 seat 4 role defend fs 0 body 1 pos 5,1 stuck 0
RC WALK 141 id 14 role defend pos 5,1 tgt 4,2 want WEST
V527I SEALNT 142 ph 2 fwd 0 hv 5
RC POS 142 id 7 seat 2 role expand fs 0 body 1 pos 1,1 stuck 0
RC WALK 142 id 7 role expand pos 1,1 tgt 6,0 want SOUTH
RC POS 142 id 10 seat 3 role raid fs 1 body 2 pos 3,6 stuck 0
RC WALK 142 id 10 role raid pos 3,6 tgt 6,5 want NORTH
RC POS 142 id 14 seat 4 role defend fs 0 body 1 pos 5,0 stuck 0
RC WALK 142 id 14 role defend pos 5,0 tgt 4,2 want SOUTH
V527I SEALNT 143 ph 2 fwd 0 hv 5
RC POS 143 id 7 seat 2 role expand fs 0 body 1 pos 1,2 stuck 0
RC WALK 143 id 7 role expand pos 1,2 tgt 6,0 want NORTH
RC POS 143 id 10 seat 3 role raid fs 1 body 2 pos 3,5 stuck 0
RC WALK 143 id 10 role raid pos 3,5 tgt 6,5 want SOUTH
RC POS 143 id 14 seat 4 role defend fs 0 body 1 pos 5,1 stuck 0
RC WALK 143 id 14 role defend pos 5,1 tgt 4,2 want WEST
V527I SEALNT 144 ph 2 fwd 0 hv 5
RC POS 144 id 7 seat 2 role expand fs 0 body 1 pos 1,1 stuck 0
RC WALK 144 id 7 role expand pos 1,1 tgt 6,0 want SOUTH
RC POS 144 id 10 seat 3 role raid fs 1 body 2 pos 3,6 stuck 0
RC WALK 144 id 10 role raid pos 3,6 tgt 6,5 want NORTH
RC POS 144 id 14 seat 4 role defend fs 0 body 1 pos 5,0 stuck 0
RC WALK 144 id 14 role defend pos 5,0 tgt 4,2 want SOUTH
V527I SEALNT 145 ph 2 fwd 0 hv 5
RC POS 145 id 7 seat 2 role expand fs 0 body 1 pos 1,2 stuck 0
RC WALK 145 id 7 role expand pos 1,2 tgt 6,0 want NORTH
RC POS 145 id 10 seat 3 role raid fs 1 body 2 pos 3,5 stuck 0
RC WALK 145 id 10 role raid pos 3,5 tgt 6,5 want SOUTH
RC POS 145 id 14 seat 4 role defend fs 0 body 1 pos 5,1 stuck 0
RC WALK 145 id 14 role defend pos 5,1 tgt 4,2 want WEST
V527I SEALNT 146 ph 2 fwd 0 hv 5
RC POS 146 id 7 seat 2 role expand fs 0 body 1 pos 1,1 stuck 0
RC WALK 146 id 7 role expand pos 1,1 tgt 6,0 want SOUTH
RC POS 146 id 10 seat 3 role raid fs 1 body 2 pos 3,6 stuck 0
RC WALK 146 id 10 role raid pos 3,6 tgt 6,5 want NORTH
RC POS 146 id 14 seat 4 role defend fs 0 body 1 pos 5,0 stuck 0
RC WALK 146 id 14 role defend pos 5,0 tgt 4,2 want SOUTH
V527I SEALNT 147 ph 2 fwd 0 hv 5
RC POS 147 id 7 seat 2 role expand fs 0 body 1 pos 1,2 stuck 0
RC WALK 147 id 7 role expand pos 1,2 tgt 6,0 want NORTH
RC POS 147 id 10 seat 3 role raid fs 1 body 2 pos 3,5 stuck 0
RC WALK 147 id 10 role raid pos 3,5 tgt 6,5 want SOUTH
RC POS 147 id 14 seat 4 role defend fs 0 body 1 pos 5,1 stuck 0
RC WALK 147 id 14 role defend pos 5,1 tgt 4,2 want WEST
V527I SEALNT 148 ph 2 fwd 0 hv 5
RC POS 148 id 7 seat 2 role expand fs 0 body 1 pos 1,1 stuck 0
RC WALK 148 id 7 role expand pos 1,1 tgt 6,0 want SOUTH
RC POS 148 id 10 seat 3 role raid fs 1 body 2 pos 3,6 stuck 0
RC WALK 148 id 10 role raid pos 3,6 tgt 6,5 want NORTH
RC POS 148 id 14 seat 4 role defend fs 0 body 1 pos 5,0 stuck 0
V527I SEALNT 149 ph 2 fwd 0 hv 5
RC POS 149 id 7 seat 2 role expand fs 0 body 1 pos 1,2 stuck 0
RC WALK 149 id 7 role expand pos 1,2 tgt 6,0 want SOUTH
RC POS 149 id 10 seat 3 role raid fs 1 body 2 pos 3,5 stuck 0
RC WALK 149 id 10 role raid pos 3,5 tgt 6,5 want SOUTH
RC POS 149 id 14 seat 4 role defend fs 0 body 1 pos 5,0 stuck 1
RC WALK 149 id 14 role defend pos 5,0 tgt 4,2 want WEST
V527I SEALNT 150 ph 2 fwd 0 hv 5
RC POS 150 id 7 seat 2 role expand fs 0 body 1 pos 1,3 stuck 0
RC WALK 150 id 7 role expand pos 1,3 tgt 6,0 want SOUTH
RC POS 150 id 10 seat 3 role raid fs 1 body 2 pos 3,6 stuck 0
RC WALK 150 id 10 role raid pos 3,6 tgt 6,5 want NORTH
RC POS 150 id 14 seat 4 role defend fs 0 body 1 pos 4,0 stuck 0
RC WALK 150 id 14 role defend pos 4,0 tgt 4,2 want WEST
V527I SEALNT 151 ph 2 fwd 0 hv 5
RC POS 151 id 7 seat 2 role expand fs 0 body 1 pos 1,4 stuck 0
RC WALK 151 id 7 role expand pos 1,4 tgt 6,0 want NORTH
RC POS 151 id 10 seat 3 role raid fs 1 body 2 pos 3,5 stuck 0
RC WALK 151 id 10 role raid pos 3,5 tgt 6,5 want SOUTH
RC POS 151 id 14 seat 4 role defend fs 0 body 1 pos 3,0 stuck 0
RC WALK 151 id 14 role defend pos 3,0 tgt 4,2 want SOUTH
V527I SEALNT 152 ph 2 fwd 0 hv 5
RC POS 152 id 7 seat 2 role expand fs 0 body 1 pos 1,3 stuck 0
RC WALK 152 id 7 role expand pos 1,3 tgt 6,0 want NORTH
RC POS 152 id 10 seat 3 role raid fs 1 body 2 pos 3,6 stuck 0
RC WALK 152 id 10 role raid pos 3,6 tgt 6,5 want NORTH
RC POS 152 id 14 seat 4 role defend fs 0 body 1 pos 3,1 stuck 0
RC WALK 152 id 14 role defend pos 3,1 tgt 4,2 want WEST
V527I SEALNT 153 ph 2 fwd 0 hv 5
RC POS 153 id 7 seat 2 role expand fs 0 body 1 pos 1,2 stuck 0
RC WALK 153 id 7 role expand pos 1,2 tgt 6,0 want SOUTH
RC POS 153 id 10 seat 3 role raid fs 1 body 2 pos 3,5 stuck 0
RC WALK 153 id 10 role raid pos 3,5 tgt 6,5 want SOUTH
RC POS 153 id 14 seat 4 role defend fs 0 body 1 pos 2,1 stuck 0
RC WALK 153 id 14 role defend pos 2,1 tgt 4,2 want WEST
V527I SEALNT 154 ph 2 fwd 0 hv 5
RC POS 154 id 7 seat 2 role expand fs 0 body 1 pos 1,3 stuck 0
RC WALK 154 id 7 role expand pos 1,3 tgt 6,0 want SOUTH
RC POS 154 id 10 seat 3 role raid fs 1 body 2 pos 3,6 stuck 0
RC WALK 154 id 10 role raid pos 3,6 tgt 6,5 want NORTH
RC POS 154 id 14 seat 4 role defend fs 0 body 1 pos 1,1 stuck 0
RC WALK 154 id 14 role defend pos 1,1 tgt 4,2 want EAST
V527I SEALNT 155 ph 2 fwd 0 hv 5
RC POS 155 id 7 seat 2 role expand fs 0 body 1 pos 1,4 stuck 0
RC WALK 155 id 7 role expand pos 1,4 tgt 6,0 want EAST
RC POS 155 id 10 seat 3 role raid fs 1 body 2 pos 3,5 stuck 0
RC WALK 155 id 10 role raid pos 3,5 tgt 6,5 want NORTH
RC POS 155 id 14 seat 4 role defend fs 0 body 1 pos 2,1 stuck 0
RC WALK 155 id 14 role defend pos 2,1 tgt 4,2 want WEST
V527I SEALNT 156 ph 2 fwd 0 hv 5
RC POS 156 id 7 seat 2 role expand fs 0 body 1 pos 2,4 stuck 0
RC POS 156 id 10 seat 3 role raid fs 1 body 2 pos 3,4 stuck 0
RC WALK 156 id 10 role raid pos 3,4 tgt 7,4 want EAST
RC POS 156 id 14 seat 4 role defend fs 0 body 1 pos 1,1 stuck 0
RC WALK 156 id 14 role defend pos 1,1 tgt 4,2 want EAST
V527I SEALNT 157 ph 2 fwd 0 hv 5
RC POS 157 id 7 seat 2 role expand fs 0 body 1 pos 2,4 stuck 1
RC WALK 157 id 7 role expand pos 2,4 tgt 6,0 want EAST
RC POS 157 id 10 seat 3 role raid fs 1 body 2 pos 4,4 stuck 0
RC WALK 157 id 10 role raid pos 4,4 tgt 7,4 want EAST
RC POS 157 id 14 seat 4 role defend fs 0 body 1 pos 2,1 stuck 0
RC WALK 157 id 14 role defend pos 2,1 tgt 4,2 want WEST
V527I SEALNT 158 ph 2 fwd 0 hv 5
RC POS 158 id 7 seat 2 role expand fs 0 body 1 pos 3,4 stuck 0
RC WALK 158 id 7 role expand pos 3,4 tgt 6,0 want EAST
RC POS 158 id 10 seat 3 role raid fs 1 body 2 pos 5,4 stuck 0
RC WALK 158 id 10 role raid pos 5,4 tgt 7,4 want EAST
RC POS 158 id 14 seat 4 role defend fs 0 body 1 pos 1,1 stuck 0
RC WALK 158 id 14 role defend pos 1,1 tgt 4,2 want EAST
V527I SEALNT 159 ph 2 fwd 0 hv 5
RC POS 159 id 7 seat 2 role expand fs 0 body 1 pos 4,4 stuck 0
RC WALK 159 id 7 role expand pos 4,4 tgt 5,0 want WEST
RC POS 159 id 14 seat 4 role defend fs 0 body 1 pos 2,1 stuck 0
RC WALK 159 id 14 role defend pos 2,1 tgt 4,2 want WEST
V527I SEALNT 160 ph 2 fwd 0 hv 5
RC POS 160 id 7 seat 2 role expand fs 0 body 1 pos 3,4 stuck 0
RC WALK 160 id 7 role expand pos 3,4 tgt 5,0 want EAST
RC POS 160 id 14 seat 4 role defend fs 0 body 1 pos 1,1 stuck 0
RC WALK 160 id 14 role defend pos 1,1 tgt 4,2 want EAST
V527I SEALNT 161 ph 2 fwd 0 hv 5
RC POS 161 id 7 seat 2 role expand fs 0 body 1 pos 4,4 stuck 0
RC WALK 161 id 7 role expand pos 4,4 tgt 5,0 want WEST
RC POS 161 id 14 seat 4 role defend fs 0 body 1 pos 2,1 stuck 0
RC WALK 161 id 14 role defend pos 2,1 tgt 4,2 want WEST
V527I SEALNT 162 ph 2 fwd 0 hv 5
RC POS 162 id 7 seat 2 role expand fs 0 body 1 pos 3,4 stuck 0
RC WALK 162 id 7 role expand pos 3,4 tgt 5,0 want EAST
RC POS 162 id 14 seat 4 role defend fs 0 body 1 pos 1,1 stuck 0
RC WALK 162 id 14 role defend pos 1,1 tgt 4,2 want EAST
V527I SEALNT 163 ph 2 fwd 0 hv 5
RC POS 163 id 7 seat 2 role expand fs 0 body 1 pos 4,4 stuck 0
RC WALK 163 id 7 role expand pos 4,4 tgt 5,0 want WEST
RC POS 163 id 14 seat 4 role defend fs 0 body 1 pos 2,1 stuck 0
RC WALK 163 id 14 role defend pos 2,1 tgt 4,2 want WEST
V527I SEALNT 164 ph 2 fwd 0 hv 5
RC POS 164 id 7 seat 2 role expand fs 0 body 1 pos 3,4 stuck 0
RC WALK 164 id 7 role expand pos 3,4 tgt 5,0 want EAST
RC POS 164 id 14 seat 4 role defend fs 0 body 1 pos 1,1 stuck 0
RC WALK 164 id 14 role defend pos 1,1 tgt 4,2 want EAST
V527I SEALNT 165 ph 2 fwd 0 hv 5
RC POS 165 id 7 seat 2 role expand fs 0 body 1 pos 4,4 stuck 0
RC WALK 165 id 7 role expand pos 4,4 tgt 5,0 want WEST
RC POS 165 id 14 seat 4 role defend fs 0 body 1 pos 2,1 stuck 0
V527I SEALNT 166 ph 2 fwd 0 hv 5
RC POS 166 id 7 seat 2 role expand fs 0 body 1 pos 3,4 stuck 0
RC WALK 166 id 7 role expand pos 3,4 tgt 5,0 want EAST
RC POS 166 id 14 seat 4 role defend fs 0 body 1 pos 2,1 stuck 1
RC WALK 166 id 14 role defend pos 2,1 tgt 4,2 want WEST
V527I SEALNT 167 ph 2 fwd 0 hv 5
RC POS 167 id 7 seat 2 role expand fs 0 body 1 pos 4,4 stuck 0
RC WALK 167 id 7 role expand pos 4,4 tgt 5,0 want WEST
RC POS 167 id 14 seat 4 role defend fs 0 body 1 pos 1,1 stuck 0
RC WALK 167 id 14 role defend pos 1,1 tgt 4,2 want SOUTH
V527I SEALNT 168 ph 2 fwd 0 hv 5
RC POS 168 id 7 seat 2 role expand fs 0 body 1 pos 3,4 stuck 0
RC WALK 168 id 7 role expand pos 3,4 tgt 5,0 want EAST
RC POS 168 id 14 seat 4 role defend fs 0 body 1 pos 1,2 stuck 0
RC WALK 168 id 14 role defend pos 1,2 tgt 4,2 want NORTH
V527I SEALNT 169 ph 2 fwd 0 hv 5
RC POS 169 id 7 seat 2 role expand fs 0 body 1 pos 4,4 stuck 0
RC WALK 169 id 7 role expand pos 4,4 tgt 5,0 want WEST
RC POS 169 id 14 seat 4 role defend fs 0 body 1 pos 1,1 stuck 0
RC WALK 169 id 14 role defend pos 1,1 tgt 4,2 want SOUTH
V527I SEALNT 170 ph 2 fwd 0 hv 5
RC POS 170 id 7 seat 2 role expand fs 0 body 1 pos 3,4 stuck 0
RC WALK 170 id 7 role expand pos 3,4 tgt 5,0 want EAST
RC POS 170 id 14 seat 4 role defend fs 0 body 1 pos 1,2 stuck 0
RC WALK 170 id 14 role defend pos 1,2 tgt 4,2 want NORTH
V527I SEALNT 171 ph 2 fwd 0 hv 5
RC POS 171 id 7 seat 2 role expand fs 0 body 1 pos 4,4 stuck 0
RC WALK 171 id 7 role expand pos 4,4 tgt 5,0 want WEST
RC POS 171 id 14 seat 4 role defend fs 0 body 1 pos 1,1 stuck 0
RC WALK 171 id 14 role defend pos 1,1 tgt 4,2 want SOUTH
V527I SEALNT 172 ph 2 fwd 0 hv 5
RC POS 172 id 7 seat 2 role expand fs 0 body 1 pos 3,4 stuck 0
RC WALK 172 id 7 role expand pos 3,4 tgt 5,0 want EAST
RC POS 172 id 14 seat 4 role defend fs 0 body 1 pos 1,2 stuck 0
RC WALK 172 id 14 role defend pos 1,2 tgt 4,2 want NORTH
V527I SEALNT 173 ph 2 fwd 0 hv 5
RC POS 173 id 7 seat 2 role expand fs 0 body 1 pos 4,4 stuck 0
RC WALK 173 id 7 role expand pos 4,4 tgt 5,0 want WEST
RC POS 173 id 14 seat 4 role defend fs 0 body 1 pos 1,1 stuck 0
RC WALK 173 id 14 role defend pos 1,1 tgt 4,2 want SOUTH
V527I SEALNT 174 ph 2 fwd 0 hv 5
RC POS 174 id 7 seat 2 role expand fs 0 body 1 pos 3,4 stuck 0
RC WALK 174 id 7 role expand pos 3,4 tgt 5,0 want EAST
RC POS 174 id 14 seat 4 role defend fs 0 body 1 pos 1,2 stuck 0
RC WALK 174 id 14 role defend pos 1,2 tgt 4,2 want NORTH
V527I SEALNT 175 ph 2 fwd 0 hv 5
RC POS 175 id 7 seat 2 role expand fs 0 body 1 pos 4,4 stuck 0
RC WALK 175 id 7 role expand pos 4,4 tgt 5,0 want WEST
RC POS 175 id 14 seat 4 role defend fs 0 body 1 pos 1,1 stuck 0
RC WALK 175 id 14 role defend pos 1,1 tgt 4,2 want SOUTH
V527I SEALNT 176 ph 2 fwd 0 hv 5
RC POS 176 id 7 seat 2 role expand fs 0 body 1 pos 3,4 stuck 0
RC WALK 176 id 7 role expand pos 3,4 tgt 5,0 want EAST
RC POS 176 id 14 seat 4 role defend fs 0 body 1 pos 1,2 stuck 0
V527I SEALNT 177 ph 2 fwd 0 hv 5
RC POS 177 id 7 seat 2 role expand fs 0 body 1 pos 4,4 stuck 0
RC WALK 177 id 7 role expand pos 4,4 tgt 5,0 want WEST
RC POS 177 id 14 seat 4 role defend fs 0 body 1 pos 1,2 stuck 1
RC WALK 177 id 14 role defend pos 1,2 tgt 4,2 want NORTH
V527I SEALNT 178 ph 2 fwd 0 hv 5
RC POS 178 id 7 seat 2 role expand fs 0 body 1 pos 3,4 stuck 0
RC WALK 178 id 7 role expand pos 3,4 tgt 5,0 want EAST
RC POS 178 id 14 seat 4 role defend fs 0 body 1 pos 1,1 stuck 0
RC WALK 178 id 14 role defend pos 1,1 tgt 4,2 want EAST
V527I SEALNT 179 ph 2 fwd 0 hv 5
RC POS 179 id 7 seat 2 role expand fs 0 body 1 pos 4,4 stuck 0
RC WALK 179 id 7 role expand pos 4,4 tgt 5,0 want WEST
RC POS 179 id 14 seat 4 role defend fs 0 body 1 pos 2,1 stuck 0
RC WALK 179 id 14 role defend pos 2,1 tgt 4,2 want WEST
V527I SEALNT 180 ph 2 fwd 0 hv 5
RC POS 180 id 7 seat 2 role expand fs 0 body 1 pos 3,4 stuck 0
RC WALK 180 id 7 role expand pos 3,4 tgt 5,0 want EAST
RC POS 180 id 14 seat 4 role defend fs 0 body 1 pos 1,1 stuck 0
RC WALK 180 id 14 role defend pos 1,1 tgt 4,2 want EAST
V527I SEALNT 181 ph 2 fwd 0 hv 5
RC POS 181 id 7 seat 2 role expand fs 0 body 1 pos 4,4 stuck 0
RC WALK 181 id 7 role expand pos 4,4 tgt 5,0 want WEST
RC POS 181 id 14 seat 4 role defend fs 0 body 1 pos 2,1 stuck 0
RC WALK 181 id 14 role defend pos 2,1 tgt 4,2 want WEST
V527I SEALNT 182 ph 2 fwd 0 hv 5
RC POS 182 id 7 seat 2 role expand fs 0 body 1 pos 3,4 stuck 0
RC WALK 182 id 7 role expand pos 3,4 tgt 5,0 want EAST
RC POS 182 id 14 seat 4 role defend fs 0 body 1 pos 1,1 stuck 0
RC WALK 182 id 14 role defend pos 1,1 tgt 4,2 want EAST
V527I SEALNT 183 ph 2 fwd 0 hv 5
RC POS 183 id 7 seat 2 role expand fs 0 body 1 pos 4,4 stuck 0
RC WALK 183 id 7 role expand pos 4,4 tgt 5,0 want WEST
RC POS 183 id 14 seat 4 role defend fs 0 body 1 pos 2,1 stuck 0
RC WALK 183 id 14 role defend pos 2,1 tgt 4,2 want WEST
V527I SEALNT 184 ph 2 fwd 0 hv 5
RC POS 184 id 7 seat 2 role expand fs 0 body 1 pos 3,4 stuck 0
RC WALK 184 id 7 role expand pos 3,4 tgt 5,0 want EAST
RC POS 184 id 14 seat 4 role defend fs 0 body 1 pos 1,1 stuck 0
RC WALK 184 id 14 role defend pos 1,1 tgt 4,2 want EAST
V527I SEALNT 185 ph 2 fwd 0 hv 5
RC POS 185 id 7 seat 2 role expand fs 0 body 1 pos 4,4 stuck 0
RC WALK 185 id 7 role expand pos 4,4 tgt 5,0 want WEST
RC POS 185 id 14 seat 4 role defend fs 0 body 1 pos 2,1 stuck 0
RC WALK 185 id 14 role defend pos 2,1 tgt 4,2 want WEST
V527I SEALNT 186 ph 2 fwd 0 hv 5
RC POS 186 id 7 seat 2 role expand fs 0 body 1 pos 3,4 stuck 0
RC WALK 186 id 7 role expand pos 3,4 tgt 5,0 want EAST
RC POS 186 id 14 seat 4 role defend fs 0 body 1 pos 1,1 stuck 0
RC WALK 186 id 14 role defend pos 1,1 tgt 4,2 want EAST
V527I SEALNT 187 ph 2 fwd 0 hv 5
RC POS 187 id 7 seat 2 role expand fs 0 body 1 pos 4,4 stuck 0
RC WALK 187 id 7 role expand pos 4,4 tgt 5,0 want WEST
RC POS 187 id 14 seat 4 role defend fs 0 body 1 pos 2,1 stuck 0
RC WALK 187 id 14 role defend pos 2,1 tgt 4,2 want WEST
V527I SEALNT 188 ph 2 fwd 0 hv 5
RC POS 188 id 7 seat 2 role expand fs 0 body 1 pos 3,4 stuck 0
RC WALK 188 id 7 role expand pos 3,4 tgt 5,0 want EAST
RC POS 188 id 14 seat 4 role defend fs 0 body 1 pos 1,1 stuck 0
RC WALK 188 id 14 role defend pos 1,1 tgt 4,2 want EAST
V527I SEALNT 189 ph 2 fwd 0 hv 5
RC POS 189 id 7 seat 2 role expand fs 0 body 1 pos 4,4 stuck 0
RC WALK 189 id 7 role expand pos 4,4 tgt 5,0 want WEST
RC POS 189 id 14 seat 4 role defend fs 0 body 1 pos 2,1 stuck 0
RC WALK 189 id 14 role defend pos 2,1 tgt 4,2 want WEST
V527I SEALNT 190 ph 2 fwd 0 hv 5
RC POS 190 id 7 seat 2 role expand fs 0 body 1 pos 3,4 stuck 0
RC WALK 190 id 7 role expand pos 3,4 tgt 5,0 want EAST
RC POS 190 id 14 seat 4 role defend fs 0 body 1 pos 1,1 stuck 0
RC WALK 190 id 14 role defend pos 1,1 tgt 4,2 want EAST
V527I SEALNT 191 ph 2 fwd 0 hv 5
RC POS 191 id 7 seat 2 role expand fs 0 body 1 pos 4,4 stuck 0
RC WALK 191 id 7 role expand pos 4,4 tgt 5,0 want WEST
RC POS 191 id 14 seat 4 role defend fs 0 body 1 pos 2,1 stuck 0
RC WALK 191 id 14 role defend pos 2,1 tgt 4,2 want WEST
V527I SEALNT 192 ph 2 fwd 0 hv 5
RC POS 192 id 7 seat 2 role expand fs 0 body 1 pos 3,4 stuck 0
RC WALK 192 id 7 role expand pos 3,4 tgt 5,0 want EAST
RC POS 192 id 14 seat 4 role defend fs 0 body 1 pos 1,1 stuck 0
RC WALK 192 id 14 role defend pos 1,1 tgt 4,2 want EAST
V527I SEALNT 193 ph 2 fwd 0 hv 5
RC POS 193 id 7 seat 2 role expand fs 0 body 1 pos 4,4 stuck 0
RC WALK 193 id 7 role expand pos 4,4 tgt 5,0 want WEST
RC POS 193 id 14 seat 4 role defend fs 0 body 1 pos 2,1 stuck 0
RC WALK 193 id 14 role defend pos 2,1 tgt 4,2 want WEST
V527I SEALNT 194 ph 2 fwd 0 hv 5
RC POS 194 id 7 seat 2 role expand fs 0 body 1 pos 3,4 stuck 0
RC WALK 194 id 7 role expand pos 3,4 tgt 5,0 want EAST
RC POS 194 id 14 seat 4 role defend fs 0 body 1 pos 1,1 stuck 0
RC WALK 194 id 14 role defend pos 1,1 tgt 4,2 want EAST
V527I SEALNT 195 ph 2 fwd 0 hv 5
RC POS 195 id 7 seat 2 role expand fs 0 body 1 pos 4,4 stuck 0
RC WALK 195 id 7 role expand pos 4,4 tgt 5,0 want WEST
RC POS 195 id 14 seat 4 role defend fs 0 body 1 pos 2,1 stuck 0
RC WALK 195 id 14 role defend pos 2,1 tgt 4,2 want WEST
V527I SEALNT 196 ph 2 fwd 0 hv 5
RC POS 196 id 7 seat 2 role expand fs 0 body 1 pos 3,4 stuck 0
RC WALK 196 id 7 role expand pos 3,4 tgt 5,0 want EAST
RC POS 196 id 14 seat 4 role defend fs 0 body 1 pos 1,1 stuck 0
RC WALK 196 id 14 role defend pos 1,1 tgt 4,2 want EAST
V527I SEALNT 197 ph 2 fwd 0 hv 5
RC POS 197 id 7 seat 2 role expand fs 0 body 1 pos 4,4 stuck 0
RC WALK 197 id 7 role expand pos 4,4 tgt 5,0 want WEST
RC POS 197 id 14 seat 4 role defend fs 0 body 1 pos 2,1 stuck 0
RC WALK 197 id 14 role defend pos 2,1 tgt 4,2 want WEST
V527I SEALNT 198 ph 2 fwd 0 hv 5
RC POS 198 id 7 seat 2 role expand fs 0 body 1 pos 3,4 stuck 0
RC WALK 198 id 7 role expand pos 3,4 tgt 5,0 want EAST
RC POS 198 id 14 seat 4 role defend fs 0 body 1 pos 1,1 stuck 0
RC WALK 198 id 14 role defend pos 1,1 tgt 4,2 want EAST
V527I SEALNT 199 ph 2 fwd 0 hv 5
RC POS 199 id 7 seat 2 role expand fs 0 body 1 pos 4,4 stuck 0
RC WALK 199 id 7 role expand pos 4,4 tgt 5,0 want WEST
RC POS 199 id 14 seat 4 role defend fs 0 body 1 pos 2,1 stuck 0
RC WALK 199 id 14 role defend pos 2,1 tgt 4,2 want WEST
V527I SEALNT 200 ph 2 fwd 0 hv 5
RC POS 200 id 7 seat 2 role expand fs 0 body 1 pos 3,4 stuck 0
RC WALK 200 id 7 role expand pos 3,4 tgt 5,0 want EAST
RC POS 200 id 14 seat 4 role defend fs 0 body 1 pos 1,1 stuck 0
RC WALK 200 id 14 role defend pos 1,1 tgt 4,2 want EAST
V527I SEALNT 201 ph 2 fwd 0 hv 5
RC POS 201 id 7 seat 2 role expand fs 0 body 1 pos 4,4 stuck 0
RC WALK 201 id 7 role expand pos 4,4 tgt 5,0 want WEST
RC POS 201 id 14 seat 4 role defend fs 0 body 1 pos 2,1 stuck 0
RC WALK 201 id 14 role defend pos 2,1 tgt 4,2 want WEST
V527I SEALNT 202 ph 2 fwd 0 hv 5
RC POS 202 id 7 seat 2 role expand fs 0 body 1 pos 3,4 stuck 0
RC WALK 202 id 7 role expand pos 3,4 tgt 5,0 want EAST
RC POS 202 id 14 seat 4 role defend fs 0 body 1 pos 1,1 stuck 0
RC WALK 202 id 14 role defend pos 1,1 tgt 4,2 want EAST
V527I SEALNT 203 ph 2 fwd 0 hv 5
RC POS 203 id 7 seat 2 role expand fs 0 body 1 pos 4,4 stuck 0
RC WALK 203 id 7 role expand pos 4,4 tgt 5,0 want WEST
RC POS 203 id 14 seat 4 role defend fs 0 body 1 pos 2,1 stuck 0
RC WALK 203 id 14 role defend pos 2,1 tgt 5,4 want WEST
V527I SEALNT 204 ph 2 fwd 0 hv 5
RC POS 204 id 7 seat 2 role expand fs 0 body 1 pos 3,4 stuck 0
RC WALK 204 id 7 role expand pos 3,4 tgt 5,0 want SOUTH
RC POS 204 id 14 seat 4 role defend fs 0 body 1 pos 1,1 stuck 0
RC WALK 204 id 14 role defend pos 1,1 tgt 4,4 want SOUTH
V527I SEALNT 205 ph 2 fwd 0 hv 5
RC POS 205 id 7 seat 2 role expand fs 0 body 1 pos 3,5 stuck 0
RC WALK 205 id 7 role expand pos 3,5 tgt 5,0 want SOUTH
RC POS 205 id 14 seat 4 role defend fs 0 body 1 pos 1,2 stuck 0
V527I SEALNT 206 ph 2 fwd 0 hv 5
RC POS 206 id 7 seat 2 role expand fs 0 body 1 pos 3,6 stuck 0
RC WALK 206 id 7 role expand pos 3,6 tgt 5,0 want NORTH
RC POS 206 id 14 seat 4 role defend fs 0 body 1 pos 1,2 stuck 1
RC WALK 206 id 14 role defend pos 1,2 tgt 4,4 want SOUTH
V527I SEALNT 207 ph 2 fwd 0 hv 5
RC POS 207 id 7 seat 2 role expand fs 0 body 1 pos 3,5 stuck 0
RC WALK 207 id 7 role expand pos 3,5 tgt 5,0 want NORTH
RC POS 207 id 14 seat 4 role defend fs 0 body 1 pos 1,3 stuck 0
RC WALK 207 id 14 role defend pos 1,3 tgt 4,4 want SOUTH
V527I SEALNT 208 ph 2 fwd 0 hv 5
RC POS 208 id 7 seat 2 role expand fs 0 body 1 pos 3,4 stuck 0
RC WALK 208 id 7 role expand pos 3,4 tgt 5,0 want EAST
RC POS 208 id 14 seat 4 role defend fs 0 body 1 pos 1,4 stuck 0
RC WALK 208 id 14 role defend pos 1,4 tgt 4,4 want EAST
V527I SEALNT 209 ph 2 fwd 0 hv 5
RC POS 209 id 7 seat 2 role expand fs 0 body 1 pos 4,4 stuck 0
RC WALK 209 id 7 role expand pos 4,4 tgt 5,0 want NORTH
RC POS 209 id 14 seat 4 role defend fs 0 body 1 pos 2,4 stuck 0
RC WALK 209 id 14 role defend pos 2,4 tgt 4,4 want EAST
V527I SEALNT 210 ph 2 fwd 0 hv 5
RC POS 210 id 7 seat 2 role expand fs 0 body 1 pos 5,4 stuck 0
RC WALK 210 id 7 role expand pos 5,4 tgt 5,0 want WEST
RC POS 210 id 14 seat 4 role defend fs 0 body 1 pos 3,4 stuck 0
RC WALK 210 id 14 role defend pos 3,4 tgt 4,4 want CENTRE
V527I SEALNT 211 ph 2 fwd 0 hv 5
RC POS 211 id 7 seat 2 role expand fs 0 body 1 pos 4,4 stuck 0
RC WALK 211 id 7 role expand pos 4,4 tgt 5,0 want NORTH
RC POS 211 id 14 seat 4 role defend fs 0 body 1 pos 3,4 stuck 1
RC WALK 211 id 14 role defend pos 3,4 tgt 4,4 want EAST
V527I SEALNT 212 ph 2 fwd 0 hv 5
RC POS 212 id 7 seat 2 role expand fs 0 body 1 pos 4,3 stuck 0
RC WALK 212 id 7 role expand pos 4,3 tgt 5,0 want NORTH
RC POS 212 id 14 seat 4 role defend fs 0 body 1 pos 4,4 stuck 0
V527I SEALNT 213 ph 2 fwd 0 hv 5
RC POS 213 id 7 seat 2 role expand fs 0 body 1 pos 4,2 stuck 0
RC WALK 213 id 7 role expand pos 4,2 tgt 5,0 want NORTH
RC POS 213 id 14 seat 4 role defend fs 0 body 1 pos 4,4 stuck 1
RC WALK 213 id 14 role defend pos 4,4 tgt 9,9 want EAST
V527I SEALNT 214 ph 2 fwd 0 hv 5
RC POS 214 id 7 seat 2 role expand fs 0 body 1 pos 4,2 stuck 2
RC WALK 214 id 7 role expand pos 4,2 tgt 5,0 want NORTH
RC POS 214 id 14 seat 4 role defend fs 0 body 1 pos 5,4 stuck 0
RC WALK 214 id 14 role defend pos 5,4 tgt 9,9 want EAST
V527I SEALNT 215 ph 2 fwd 0 hv 5
RC POS 215 id 7 seat 2 role expand fs 0 body 1 pos 4,2 stuck 4
RC WALK 215 id 7 role expand pos 4,2 tgt 5,0 want NORTH
RC POS 215 id 14 seat 4 role defend fs 0 body 1 pos 6,4 stuck 0
RC WALK 215 id 14 role defend pos 6,4 tgt 9,9 want SOUTH
V527I SEALNT 216 ph 2 fwd 0 hv 5
RC POS 216 id 7 seat 2 role expand fs 0 body 1 pos 4,2 stuck 6
V528 PICK r 216 id 7 tgt 3,9 cs 20 bs 20 reg 0 cc 4 bc 4 cands 2 banned 0 regall 0 seat 2
RC WALK 216 id 7 role expand pos 4,2 tgt 3,9 want SOUTH
RC POS 216 id 14 seat 4 role defend fs 0 body 1 pos 6,5 stuck 0
RC WALK 216 id 14 role defend pos 6,5 tgt 9,9 want SOUTH
V527I SEALNT 217 ph 2 fwd 0 hv 5
RC POS 217 id 7 seat 2 role expand fs 0 body 1 pos 4,2 stuck 2
RC WALK 217 id 7 role expand pos 4,2 tgt 3,9 want SOUTH
RC POS 217 id 14 seat 4 role defend fs 0 body 1 pos 7,5 stuck 0
RC WALK 217 id 14 role defend pos 7,5 tgt 9,9 want SOUTH
V527I SEALNT 218 ph 2 fwd 0 hv 5
RC POS 218 id 7 seat 2 role expand fs 0 body 1 pos 4,2 stuck 4
RC WALK 218 id 7 role expand pos 4,2 tgt 3,9 want SOUTH
RC POS 218 id 14 seat 4 role defend fs 0 body 1 pos 6,5 stuck 0
RC WALK 218 id 14 role defend pos 6,5 tgt 9,9 want SOUTH
V527I SEALNT 219 ph 2 fwd 0 hv 5
RC POS 219 id 7 seat 2 role expand fs 0 body 1 pos 4,2 stuck 6
V528 PICK r 219 id 7 tgt 8,1 cs 1205 bs 1205 reg 0 cc 400 bc 400 cands 2 banned 1 regall 1185 seat 2
RC WALK 219 id 7 role expand pos 4,2 tgt 8,1 want EAST
V527I SEALNT 220 ph 2 fwd 0 hv 5
RC POS 220 id 7 seat 2 role expand fs 0 body 1 pos 4,2 stuck 2
RC WALK 220 id 7 role expand pos 4,2 tgt 8,1 want EAST
V527I SEALNT 221 ph 2 fwd 0 hv 5
RC POS 221 id 7 seat 2 role expand fs 0 body 1 pos 4,2 stuck 4
RC WALK 221 id 7 role expand pos 4,2 tgt 8,1 want EAST
V527I SEALNT 222 ph 2 fwd 0 hv 5
RC POS 222 id 7 seat 2 role expand fs 0 body 1 pos 4,2 stuck 6
V528 PICK r 222 id 7 tgt 3,9 cs 20 bs 20 reg 0 cc 4 bc 4 cands 2 banned 2 regall 0 seat 2
RC WALK 222 id 7 role expand pos 4,2 tgt 3,9 want SOUTH
V527I SEALNT 223 ph 2 fwd 0 hv 5
RC POS 223 id 7 seat 2 role expand fs 0 body 1 pos 4,2 stuck 2
RC WALK 223 id 7 role expand pos 4,2 tgt 3,9 want SOUTH
V527I SEALNT 224 ph 2 fwd 0 hv 5
RC POS 224 id 7 seat 2 role expand fs 0 body 1 pos 4,2 stuck 4
RC WALK 224 id 7 role expand pos 4,2 tgt 3,9 want SOUTH
V527I SEALNT 225 ph 2 fwd 0 hv 5
RC POS 225 id 7 seat 2 role expand fs 0 body 1 pos 4,2 stuck 6
V528 PICK r 225 id 7 tgt 3,9 cs 20 bs 20 reg 0 cc 4 bc 4 cands 2 banned 2 regall 0 seat 2
RC WALK 225 id 7 role expand pos 4,2 tgt 3,9 want SOUTH
V527I SEALNT 226 ph 2 fwd 0 hv 5
RC POS 226 id 7 seat 2 role expand fs 0 body 1 pos 4,2 stuck 2
RC WALK 226 id 7 role expand pos 4,2 tgt 3,9 want SOUTH
V527I SEALNT 227 ph 2 fwd 0 hv 5
RC POS 227 id 7 seat 2 role expand fs 0 body 1 pos 4,2 stuck 4
RC WALK 227 id 7 role expand pos 4,2 tgt 3,9 want SOUTH
V527I SEALNT 228 ph 2 fwd 0 hv 5
RC POS 228 id 7 seat 2 role expand fs 0 body 1 pos 4,2 stuck 6
V528 PICK r 228 id 7 tgt 3,9 cs 20 bs 20 reg 0 cc 4 bc 4 cands 2 banned 2 regall 0 seat 2
RC WALK 228 id 7 role expand pos 4,2 tgt 3,9 want SOUTH
V527I SEALNT 229 ph 2 fwd 0 hv 5
RC POS 229 id 7 seat 2 role expand fs 0 body 1 pos 4,2 stuck 2
RC WALK 229 id 7 role expand pos 4,2 tgt 3,9 want SOUTH
V527I SEALNT 230 ph 2 fwd 0 hv 5
RC POS 230 id 7 seat 2 role expand fs 0 body 1 pos 4,2 stuck 4
RC WALK 230 id 7 role expand pos 4,2 tgt 3,9 want SOUTH
V527I SEALNT 231 ph 2 fwd 0 hv 5
RC POS 231 id 7 seat 2 role expand fs 0 body 1 pos 4,2 stuck 6
V528 PICK r 231 id 7 tgt 3,9 cs 20 bs 20 reg 0 cc 4 bc 4 cands 2 banned 2 regall 0 seat 2
RC WALK 231 id 7 role expand pos 4,2 tgt 3,9 want SOUTH
RC SEAT 231 id 254 seat 5
RC POS 231 id 254 seat 5 role raid fs 1 body 1 pos 3,4 stuck 0
RC WALK 231 id 254 role raid pos 3,4 tgt 8,8 want EAST
V527I SEALNT 232 ph 1 fwd 0 hv 5
RC POS 232 id 7 seat 2 role expand fs 0 body 1 pos 4,2 stuck 2
RC WALK 232 id 7 role expand pos 4,2 tgt 3,9 want SOUTH
RC POS 232 id 254 seat 5 role raid fs 1 body 1 pos 4,4 stuck 0
RC WALK 232 id 254 role raid pos 4,4 tgt 6,4 want EAST
V527I SEALNT 233 ph 5 fwd 0 hv 5
RC POS 233 id 7 seat 2 role expand fs 0 body 1 pos 4,2 stuck 4
RC WALK 233 id 7 role expand pos 4,2 tgt 3,9 want SOUTH
RC POS 233 id 254 seat 5 role raid fs 1 body 1 pos 5,4 stuck 0
RC WALK 233 id 254 role raid pos 5,4 tgt 6,4 want EAST
V527I SEALNT 234 ph 5 fwd 0 hv 5
RC POS 234 id 7 seat 2 role expand fs 0 body 1 pos 4,2 stuck 6
V528 PICK r 234 id 7 tgt 3,9 cs 20 bs 20 reg 0 cc 4 bc 4 cands 2 banned 2 regall 0 seat 2
RC WALK 234 id 7 role expand pos 4,2 tgt 3,9 want SOUTH
RC POS 234 id 254 seat 5 role raid fs 1 body 1 pos 6,4 stuck 0
V527I SEALNT 235 ph 5 fwd 0 hv 5
RC POS 235 id 7 seat 2 role expand fs 0 body 1 pos 4,2 stuck 2
RC WALK 235 id 7 role expand pos 4,2 tgt 3,9 want SOUTH
RC POS 235 id 254 seat 5 role raid fs 1 body 1 pos 6,5 stuck 0
RC WALK 235 id 254 role raid pos 6,5 tgt 8,5 want NORTH
V527I SEALNT 236 ph 5 fwd 0 hv 5
RC POS 236 id 7 seat 2 role expand fs 0 body 1 pos 4,2 stuck 4
RC WALK 236 id 7 role expand pos 4,2 tgt 3,9 want SOUTH
RC POS 236 id 254 seat 5 role raid fs 1 body 1 pos 6,4 stuck 0
V527I SEALNT 237 ph 5 fwd 0 hv 5
RC POS 237 id 7 seat 2 role expand fs 0 body 1 pos 4,2 stuck 6
V528 PICK r 237 id 7 tgt 3,9 cs 20 bs 20 reg 0 cc 4 bc 4 cands 2 banned 2 regall 0 seat 2
RC WALK 237 id 7 role expand pos 4,2 tgt 3,9 want SOUTH
RC POS 237 id 254 seat 5 role raid fs 1 body 1 pos 6,5 stuck 0
V527I SEALNT 238 ph 5 fwd 0 hv 5
RC POS 238 id 7 seat 2 role expand fs 0 body 1 pos 4,2 stuck 2
RC WALK 238 id 7 role expand pos 4,2 tgt 3,9 want SOUTH
RC POS 238 id 254 seat 5 role raid fs 1 body 1 pos 6,5 stuck 1
V527I SEALNT 239 ph 5 fwd 0 hv 5
RC POS 239 id 7 seat 2 role expand fs 0 body 1 pos 4,2 stuck 4
RC WALK 239 id 7 role expand pos 4,2 tgt 3,9 want SOUTH
RC POS 239 id 254 seat 5 role raid fs 1 body 1 pos 6,5 stuck 2
V527 BUNKER HOLD 239 why trapped blk gate
RC WALK 239 id 254 role raid pos 6,5 tgt 8,5 want EAST
V527I SEALNT 240 ph 5 fwd 0 hv 5
RC POS 240 id 7 seat 2 role expand fs 0 body 1 pos 4,2 stuck 6
V528 PICK r 240 id 7 tgt 3,9 cs 20 bs 20 reg 0 cc 4 bc 4 cands 2 banned 2 regall 0 seat 2
RC WALK 240 id 7 role expand pos 4,2 tgt 3,9 want SOUTH
RC POS 240 id 254 seat 5 role raid fs 1 body 1 pos 6,5 stuck 4
V527 BUNKER HOLD 240 why trapped blk gate
RC WALK 240 id 254 role raid pos 6,5 tgt 8,5 want EAST
V527I SEALNT 241 ph 5 fwd 0 hv 5
RC POS 241 id 7 seat 2 role expand fs 0 body 1 pos 4,2 stuck 2
RC WALK 241 id 7 role expand pos 4,2 tgt 3,9 want SOUTH
RC POS 241 id 254 seat 5 role raid fs 1 body 1 pos 6,5 stuck 6
V527 BUNKER HOLD 241 why trapped blk gate
RC WALK 241 id 254 role raid pos 6,5 tgt 8,5 want EAST
V527I SEALNT 242 ph 5 fwd 0 hv 5
RC POS 242 id 7 seat 2 role expand fs 0 body 1 pos 4,2 stuck 4
RC WALK 242 id 7 role expand pos 4,2 tgt 3,9 want SOUTH
RC POS 242 id 254 seat 5 role raid fs 1 body 1 pos 6,5 stuck 8
RC WALK 242 id 254 role raid pos 6,5 tgt 8,5 want NORTH
V527I SEALNT 243 ph 5 fwd 0 hv 5
RC POS 243 id 7 seat 2 role expand fs 0 body 1 pos 4,2 stuck 6
V528 PICK r 243 id 7 tgt 3,9 cs 20 bs 20 reg 0 cc 4 bc 4 cands 2 banned 2 regall 0 seat 2
RC WALK 243 id 7 role expand pos 4,2 tgt 3,9 want SOUTH
RC POS 243 id 254 seat 5 role raid fs 1 body 1 pos 6,4 stuck 0
V527I SEALNT 244 ph 5 fwd 0 hv 5
RC POS 244 id 7 seat 2 role expand fs 0 body 1 pos 4,2 stuck 2
RC WALK 244 id 7 role expand pos 4,2 tgt 3,9 want SOUTH
RC POS 244 id 254 seat 5 role raid fs 1 body 1 pos 6,5 stuck 0
V527I SEALNT 245 ph 5 fwd 0 hv 5
RC POS 245 id 7 seat 2 role expand fs 0 body 1 pos 4,2 stuck 4
RC WALK 245 id 7 role expand pos 4,2 tgt 3,9 want SOUTH
RC POS 245 id 254 seat 5 role raid fs 1 body 1 pos 6,5 stuck 1
RC WALK 245 id 254 role raid pos 6,5 tgt 8,5 want NORTH
V527I SEALNT 246 ph 5 fwd 0 hv 5
RC POS 246 id 7 seat 2 role expand fs 0 body 1 pos 4,2 stuck 6
V528 PICK r 246 id 7 tgt 3,9 cs 20 bs 20 reg 0 cc 4 bc 4 cands 2 banned 2 regall 0 seat 2
RC WALK 246 id 7 role expand pos 4,2 tgt 3,9 want SOUTH
V527I SEALNT 247 ph 5 fwd 0 hv 5
RC POS 247 id 7 seat 2 role expand fs 0 body 1 pos 4,2 stuck 2
RC WALK 247 id 7 role expand pos 4,2 tgt 3,9 want SOUTH
V527I SEALNT 248 ph 5 fwd 0 hv 5
RC POS 248 id 7 seat 2 role expand fs 0 body 1 pos 4,2 stuck 4
RC WALK 248 id 7 role expand pos 4,2 tgt 3,9 want SOUTH
V527I SEALNT 249 ph 5 fwd 0 hv 5
RC POS 249 id 7 seat 2 role expand fs 0 body 1 pos 4,2 stuck 6
V528 PICK r 249 id 7 tgt 8,1 cs 1205 bs 1205 reg 0 cc 400 bc 400 cands 2 banned 1 regall 1185 seat 2
RC WALK 249 id 7 role expand pos 4,2 tgt 8,1 want EAST
V527I SEALNT 250 ph 5 fwd 0 hv 5
RC POS 250 id 7 seat 2 role expand fs 0 body 1 pos 4,2 stuck 2
RC WALK 250 id 7 role expand pos 4,2 tgt 8,1 want EAST
V527I SEALNT 251 ph 5 fwd 0 hv 5
RC POS 251 id 7 seat 2 role expand fs 0 body 1 pos 4,2 stuck 4
RC WALK 251 id 7 role expand pos 4,2 tgt 8,1 want EAST
V527I SEALNT 252 ph 5 fwd 0 hv 5
RC POS 252 id 7 seat 2 role expand fs 0 body 1 pos 4,2 stuck 6
V528 PICK r 252 id 7 tgt 3,9 cs 20 bs 20 reg 0 cc 4 bc 4 cands 2 banned 2 regall 0 seat 2
RC WALK 252 id 7 role expand pos 4,2 tgt 3,9 want SOUTH
V527I SEALNT 253 ph 5 fwd 0 hv 5
RC POS 253 id 7 seat 2 role expand fs 0 body 1 pos 4,2 stuck 2
RC WALK 253 id 7 role expand pos 4,2 tgt 3,9 want SOUTH
V527I SEALNT 254 ph 5 fwd 0 hv 5
RC POS 254 id 7 seat 2 role expand fs 0 body 1 pos 4,2 stuck 4
RC WALK 254 id 7 role expand pos 4,2 tgt 3,9 want SOUTH
V527I SEALNT 255 ph 5 fwd 0 hv 5
RC POS 255 id 7 seat 2 role expand fs 0 body 1 pos 4,2 stuck 6
V528 PICK r 255 id 7 tgt 3,9 cs 20 bs 20 reg 0 cc 4 bc 4 cands 2 banned 2 regall 0 seat 2
RC WALK 255 id 7 role expand pos 4,2 tgt 3,9 want SOUTH
RC SEAT 255 id 277 seat 6
RC POS 255 id 277 seat 6 role raid fs 1 body 1 pos 2,4 stuck 0
RC WALK 255 id 277 role raid pos 2,4 tgt 8,8 want EAST
V527I SEALNT 256 ph 1 fwd 0 hv 5
RC POS 256 id 7 seat 2 role expand fs 0 body 1 pos 4,2 stuck 2
RC WALK 256 id 7 role expand pos 4,2 tgt 3,9 want SOUTH
RC POS 256 id 277 seat 6 role raid fs 1 body 1 pos 3,4 stuck 0
V527I SEALNT 257 ph 1 fwd 0 hv 5
RC POS 257 id 7 seat 2 role expand fs 0 body 1 pos 4,2 stuck 4
RC WALK 257 id 7 role expand pos 4,2 tgt 3,9 want SOUTH
RC POS 257 id 277 seat 6 role raid fs 1 body 1 pos 3,4 stuck 1
V527I SEALNT 258 ph 1 fwd 0 hv 5
RC POS 258 id 7 seat 2 role expand fs 0 body 1 pos 4,2 stuck 6
V528 PICK r 258 id 7 tgt 3,9 cs 20 bs 20 reg 0 cc 4 bc 4 cands 2 banned 2 regall 0 seat 2
RC WALK 258 id 7 role expand pos 4,2 tgt 3,9 want SOUTH
RC POS 258 id 277 seat 6 role raid fs 1 body 1 pos 3,5 stuck 0
V527I SEALNT 259 ph 1 fwd 0 hv 5
RC POS 259 id 7 seat 2 role expand fs 0 body 1 pos 4,2 stuck 2
RC WALK 259 id 7 role expand pos 4,2 tgt 3,9 want SOUTH
RC POS 259 id 277 seat 6 role raid fs 1 body 1 pos 3,5 stuck 1
V527I SEALNT 260 ph 1 fwd 0 hv 5
RC POS 260 id 7 seat 2 role expand fs 0 body 1 pos 4,2 stuck 4
RC WALK 260 id 7 role expand pos 4,2 tgt 3,9 want SOUTH
RC POS 260 id 277 seat 6 role raid fs 1 body 1 pos 3,5 stuck 2
V527I SEALNT 261 ph 1 fwd 0 hv 5
RC POS 261 id 7 seat 2 role expand fs 0 body 1 pos 4,2 stuck 6
V528 PICK r 261 id 7 tgt 3,9 cs 20 bs 20 reg 0 cc 4 bc 4 cands 2 banned 2 regall 0 seat 2
RC WALK 261 id 7 role expand pos 4,2 tgt 3,9 want SOUTH
RC POS 261 id 277 seat 6 role raid fs 1 body 1 pos 3,5 stuck 3
V527I SEALNT 262 ph 1 fwd 0 hv 5
RC POS 262 id 7 seat 2 role expand fs 0 body 1 pos 4,2 stuck 2
RC WALK 262 id 7 role expand pos 4,2 tgt 3,9 want SOUTH
RC POS 262 id 277 seat 6 role raid fs 1 body 1 pos 3,5 stuck 4
V527I SEALNT 263 ph 1 fwd 0 hv 5
RC POS 263 id 7 seat 2 role expand fs 0 body 1 pos 4,2 stuck 4
RC WALK 263 id 7 role expand pos 4,2 tgt 3,9 want SOUTH
RC POS 263 id 277 seat 6 role raid fs 1 body 1 pos 3,5 stuck 5
V527I SEALNT 264 ph 1 fwd 0 hv 5
RC POS 264 id 7 seat 2 role expand fs 0 body 1 pos 4,2 stuck 6
V528 PICK r 264 id 7 tgt 3,9 cs 20 bs 20 reg 0 cc 4 bc 4 cands 2 banned 2 regall 0 seat 2
RC WALK 264 id 7 role expand pos 4,2 tgt 3,9 want SOUTH
RC POS 264 id 277 seat 6 role raid fs 1 body 1 pos 3,5 stuck 6
V527I SEALNT 265 ph 1 fwd 0 hv 5
RC POS 265 id 7 seat 2 role expand fs 0 body 1 pos 4,2 stuck 2
RC WALK 265 id 7 role expand pos 4,2 tgt 3,9 want SOUTH
RC POS 265 id 277 seat 6 role raid fs 1 body 1 pos 3,5 stuck 7
V527I SEALNT 266 ph 1 fwd 0 hv 5
RC POS 266 id 7 seat 2 role expand fs 0 body 1 pos 4,2 stuck 4
RC WALK 266 id 7 role expand pos 4,2 tgt 3,9 want SOUTH
RC POS 266 id 277 seat 6 role raid fs 1 body 1 pos 3,5 stuck 8
V527I SEALNT 267 ph 1 fwd 0 hv 5
RC POS 267 id 7 seat 2 role expand fs 0 body 1 pos 4,2 stuck 6
V528 PICK r 267 id 7 tgt 3,9 cs 20 bs 20 reg 0 cc 4 bc 4 cands 2 banned 2 regall 0 seat 2
RC WALK 267 id 7 role expand pos 4,2 tgt 3,9 want SOUTH
RC POS 267 id 277 seat 6 role raid fs 1 body 1 pos 3,5 stuck 9
V527I SEALNT 268 ph 1 fwd 0 hv 5
RC POS 268 id 7 seat 2 role expand fs 0 body 1 pos 4,2 stuck 2
RC WALK 268 id 7 role expand pos 4,2 tgt 3,9 want SOUTH
RC POS 268 id 277 seat 6 role raid fs 1 body 1 pos 3,5 stuck 10
V527I SEALNT 269 ph 1 fwd 0 hv 5
RC POS 269 id 7 seat 2 role expand fs 0 body 1 pos 4,2 stuck 4
RC WALK 269 id 7 role expand pos 4,2 tgt 3,9 want SOUTH
RC POS 269 id 277 seat 6 role raid fs 1 body 1 pos 3,5 stuck 11
V527I SEALNT 270 ph 1 fwd 0 hv 5
RC POS 270 id 7 seat 2 role expand fs 0 body 1 pos 4,2 stuck 6
V528 PICK r 270 id 7 tgt 3,9 cs 20 bs 20 reg 0 cc 4 bc 4 cands 2 banned 2 regall 0 seat 2
RC WALK 270 id 7 role expand pos 4,2 tgt 3,9 want SOUTH
RC POS 270 id 277 seat 6 role raid fs 1 body 1 pos 3,5 stuck 12
V527I SEALNT 271 ph 1 fwd 0 hv 5
RC POS 271 id 7 seat 2 role expand fs 0 body 1 pos 4,2 stuck 2
RC WALK 271 id 7 role expand pos 4,2 tgt 3,9 want SOUTH
RC POS 271 id 277 seat 6 role raid fs 1 body 1 pos 3,5 stuck 13
V527I SEALNT 272 ph 1 fwd 0 hv 5
RC POS 272 id 7 seat 2 role expand fs 0 body 1 pos 4,2 stuck 4
RC WALK 272 id 7 role expand pos 4,2 tgt 3,9 want SOUTH
RC POS 272 id 277 seat 6 role raid fs 1 body 1 pos 3,5 stuck 14
V527I SEALNT 273 ph 1 fwd 0 hv 5
RC POS 273 id 7 seat 2 role expand fs 0 body 1 pos 4,2 stuck 6
V528 PICK r 273 id 7 tgt 3,9 cs 20 bs 20 reg 0 cc 4 bc 4 cands 2 banned 2 regall 0 seat 2
RC WALK 273 id 7 role expand pos 4,2 tgt 3,9 want SOUTH
RC POS 273 id 277 seat 6 role raid fs 1 body 1 pos 3,5 stuck 15
V527I SEALNT 274 ph 1 fwd 0 hv 5
RC POS 274 id 7 seat 2 role expand fs 0 body 1 pos 4,2 stuck 2
RC WALK 274 id 7 role expand pos 4,2 tgt 3,9 want SOUTH
RC POS 274 id 277 seat 6 role raid fs 1 body 1 pos 3,5 stuck 16
V527I SEALNT 275 ph 1 fwd 0 hv 5
RC POS 275 id 7 seat 2 role expand fs 0 body 1 pos 4,2 stuck 4
RC WALK 275 id 7 role expand pos 4,2 tgt 3,9 want SOUTH
RC POS 275 id 277 seat 6 role raid fs 1 body 1 pos 3,5 stuck 17
V527I SEALNT 276 ph 1 fwd 0 hv 5
RC POS 276 id 7 seat 2 role expand fs 0 body 1 pos 4,2 stuck 6
V528 PICK r 276 id 7 tgt 3,9 cs 20 bs 20 reg 0 cc 4 bc 4 cands 2 banned 2 regall 0 seat 2
RC WALK 276 id 7 role expand pos 4,2 tgt 3,9 want SOUTH
RC POS 276 id 277 seat 6 role raid fs 1 body 1 pos 3,5 stuck 18
V527I SEALNT 277 ph 1 fwd 0 hv 5
RC POS 277 id 7 seat 2 role expand fs 0 body 1 pos 4,2 stuck 2
RC WALK 277 id 7 role expand pos 4,2 tgt 3,9 want SOUTH
RC POS 277 id 277 seat 6 role raid fs 1 body 1 pos 3,5 stuck 19
V527I SEALNT 278 ph 1 fwd 0 hv 5
RC POS 278 id 7 seat 2 role expand fs 0 body 1 pos 4,2 stuck 4
RC WALK 278 id 7 role expand pos 4,2 tgt 3,9 want SOUTH
RC POS 278 id 277 seat 6 role raid fs 1 body 1 pos 3,5 stuck 20
V527I SEALNT 279 ph 1 fwd 0 hv 5
RC POS 279 id 7 seat 2 role expand fs 0 body 1 pos 4,2 stuck 6
V528 PICK r 279 id 7 tgt 8,1 cs 1205 bs 1205 reg 0 cc 400 bc 400 cands 2 banned 1 regall 1185 seat 2
RC WALK 279 id 7 role expand pos 4,2 tgt 8,1 want EAST
RC POS 279 id 277 seat 6 role raid fs 1 body 1 pos 3,5 stuck 21
V527I SEALNT 280 ph 1 fwd 0 hv 5
RC POS 280 id 7 seat 2 role expand fs 0 body 1 pos 4,2 stuck 2
RC WALK 280 id 7 role expand pos 4,2 tgt 8,1 want EAST
RC POS 280 id 277 seat 6 role raid fs 1 body 1 pos 3,5 stuck 22
V527I SEALNT 281 ph 1 fwd 0 hv 5
RC POS 281 id 7 seat 2 role expand fs 0 body 1 pos 4,2 stuck 4
RC WALK 281 id 7 role expand pos 4,2 tgt 8,1 want EAST
RC POS 281 id 277 seat 6 role raid fs 1 body 1 pos 3,5 stuck 23
V527I SEALNT 282 ph 1 fwd 0 hv 5
RC POS 282 id 7 seat 2 role expand fs 0 body 1 pos 4,2 stuck 6
V528 PICK r 282 id 7 tgt 3,9 cs 20 bs 20 reg 0 cc 4 bc 4 cands 2 banned 2 regall 0 seat 2
RC WALK 282 id 7 role expand pos 4,2 tgt 3,9 want SOUTH
RC POS 282 id 277 seat 6 role raid fs 1 body 1 pos 3,5 stuck 24
V527I SEALNT 283 ph 1 fwd 0 hv 5
RC POS 283 id 7 seat 2 role expand fs 0 body 1 pos 4,2 stuck 2
RC WALK 283 id 7 role expand pos 4,2 tgt 3,9 want SOUTH
RC POS 283 id 277 seat 6 role raid fs 1 body 1 pos 3,5 stuck 25
V527I SEALNT 284 ph 1 fwd 0 hv 5
RC POS 284 id 7 seat 2 role expand fs 0 body 1 pos 4,2 stuck 4
RC WALK 284 id 7 role expand pos 4,2 tgt 3,9 want SOUTH
RC POS 284 id 277 seat 6 role raid fs 1 body 1 pos 3,5 stuck 26
V527I SEALNT 285 ph 1 fwd 0 hv 5
RC POS 285 id 7 seat 2 role expand fs 0 body 1 pos 4,2 stuck 6
V528 PICK r 285 id 7 tgt 3,9 cs 20 bs 20 reg 0 cc 4 bc 4 cands 2 banned 2 regall 0 seat 2
RC WALK 285 id 7 role expand pos 4,2 tgt 3,9 want SOUTH
RC POS 285 id 277 seat 6 role raid fs 1 body 1 pos 3,5 stuck 27
V527I SEALNT 286 ph 1 fwd 0 hv 5
RC POS 286 id 7 seat 2 role expand fs 0 body 1 pos 4,2 stuck 2
RC WALK 286 id 7 role expand pos 4,2 tgt 3,9 want SOUTH
RC POS 286 id 277 seat 6 role raid fs 1 body 1 pos 3,5 stuck 28
V527I SEALNT 287 ph 1 fwd 0 hv 5
RC POS 287 id 7 seat 2 role expand fs 0 body 1 pos 4,2 stuck 4
RC WALK 287 id 7 role expand pos 4,2 tgt 3,9 want SOUTH
RC POS 287 id 277 seat 6 role raid fs 1 body 1 pos 3,5 stuck 29
V527I SEALNT 288 ph 1 fwd 0 hv 5
RC POS 288 id 7 seat 2 role expand fs 0 body 1 pos 4,2 stuck 6
V528 PICK r 288 id 7 tgt 3,9 cs 20 bs 20 reg 0 cc 4 bc 4 cands 2 banned 2 regall 0 seat 2
RC WALK 288 id 7 role expand pos 4,2 tgt 3,9 want SOUTH
RC POS 288 id 277 seat 6 role raid fs 1 body 1 pos 3,5 stuck 30
V527I SEALNT 289 ph 1 fwd 0 hv 5
RC POS 289 id 7 seat 2 role expand fs 0 body 1 pos 4,2 stuck 2
RC WALK 289 id 7 role expand pos 4,2 tgt 3,9 want SOUTH
RC POS 289 id 277 seat 6 role raid fs 1 body 1 pos 3,5 stuck 31
RC WALK 289 id 277 role raid pos 3,5 tgt 8,5 want SOUTH
V527I SEALNT 290 ph 1 fwd 0 hv 5
RC POS 290 id 7 seat 2 role expand fs 0 body 1 pos 4,2 stuck 4
RC WALK 290 id 7 role expand pos 4,2 tgt 3,9 want SOUTH
RC POS 290 id 277 seat 6 role raid fs 1 body 1 pos 3,6 stuck 0
RC WALK 290 id 277 role raid pos 3,6 tgt 8,5 want NORTH
V527I SEALNT 291 ph 1 fwd 0 hv 5
RC POS 291 id 7 seat 2 role expand fs 0 body 1 pos 4,2 stuck 6
V528 PICK r 291 id 7 tgt 3,9 cs 20 bs 20 reg 0 cc 4 bc 4 cands 2 banned 2 regall 0 seat 2
RC WALK 291 id 7 role expand pos 4,2 tgt 3,9 want SOUTH
RC POS 291 id 277 seat 6 role raid fs 1 body 1 pos 3,5 stuck 0
RC WALK 291 id 277 role raid pos 3,5 tgt 8,5 want SOUTH
V527I SEALNT 292 ph 1 fwd 0 hv 5
RC POS 292 id 7 seat 2 role expand fs 0 body 1 pos 4,2 stuck 2
RC WALK 292 id 7 role expand pos 4,2 tgt 3,9 want SOUTH
RC POS 292 id 277 seat 6 role raid fs 1 body 1 pos 3,6 stuck 0
RC WALK 292 id 277 role raid pos 3,6 tgt 8,5 want NORTH
V527I SEALNT 293 ph 1 fwd 0 hv 5
RC POS 293 id 7 seat 2 role expand fs 0 body 1 pos 4,2 stuck 4
RC WALK 293 id 7 role expand pos 4,2 tgt 3,9 want SOUTH
RC POS 293 id 277 seat 6 role raid fs 1 body 1 pos 3,5 stuck 0
RC WALK 293 id 277 role raid pos 3,5 tgt 8,5 want SOUTH
V527I SEALNT 294 ph 1 fwd 0 hv 5
RC POS 294 id 7 seat 2 role expand fs 0 body 1 pos 4,2 stuck 6
V528 PICK r 294 id 7 tgt 3,9 cs 20 bs 20 reg 0 cc 4 bc 4 cands 2 banned 2 regall 0 seat 2
RC WALK 294 id 7 role expand pos 4,2 tgt 3,9 want SOUTH
RC POS 294 id 277 seat 6 role raid fs 1 body 1 pos 3,6 stuck 0
RC WALK 294 id 277 role raid pos 3,6 tgt 8,5 want NORTH
V527I SEALNT 295 ph 1 fwd 0 hv 5
RC POS 295 id 7 seat 2 role expand fs 0 body 1 pos 4,2 stuck 2
RC WALK 295 id 7 role expand pos 4,2 tgt 3,9 want SOUTH
RC POS 295 id 277 seat 6 role raid fs 1 body 1 pos 3,5 stuck 0
RC WALK 295 id 277 role raid pos 3,5 tgt 8,5 want SOUTH
V527I SEALNT 296 ph 1 fwd 0 hv 5
RC POS 296 id 7 seat 2 role expand fs 0 body 1 pos 4,2 stuck 4
RC WALK 296 id 7 role expand pos 4,2 tgt 3,9 want SOUTH
RC POS 296 id 277 seat 6 role raid fs 1 body 1 pos 3,6 stuck 0
RC WALK 296 id 277 role raid pos 3,6 tgt 8,5 want NORTH
V527I SEALNT 297 ph 1 fwd 0 hv 5
RC POS 297 id 7 seat 2 role expand fs 0 body 1 pos 4,2 stuck 6
V528 PICK r 297 id 7 tgt 3,9 cs 20 bs 20 reg 0 cc 4 bc 4 cands 2 banned 2 regall 0 seat 2
RC WALK 297 id 7 role expand pos 4,2 tgt 3,9 want SOUTH
RC POS 297 id 277 seat 6 role raid fs 1 body 1 pos 3,5 stuck 0
RC WALK 297 id 277 role raid pos 3,5 tgt 8,5 want SOUTH
V527I SEALNT 298 ph 1 fwd 0 hv 5
RC POS 298 id 7 seat 2 role expand fs 0 body 1 pos 4,2 stuck 2
RC WALK 298 id 7 role expand pos 4,2 tgt 3,9 want SOUTH
RC POS 298 id 277 seat 6 role raid fs 1 body 1 pos 3,6 stuck 0
RC WALK 298 id 277 role raid pos 3,6 tgt 8,5 want NORTH
V527I SEALNT 299 ph 1 fwd 0 hv 5
RC POS 299 id 7 seat 2 role expand fs 0 body 1 pos 4,2 stuck 4
RC WALK 299 id 7 role expand pos 4,2 tgt 3,9 want SOUTH
RC POS 299 id 277 seat 6 role raid fs 1 body 1 pos 3,5 stuck 0
RC WALK 299 id 277 role raid pos 3,5 tgt 8,5 want SOUTH
V527I SEALNT 300 ph 1 fwd 0 hv 5
RC POS 300 id 7 seat 2 role expand fs 0 body 1 pos 4,2 stuck 6
V528 PICK r 300 id 7 tgt 3,9 cs 20 bs 20 reg 0 cc 4 bc 4 cands 2 banned 2 regall 0 seat 2
RC WALK 300 id 7 role expand pos 4,2 tgt 3,9 want SOUTH
RC POS 300 id 277 seat 6 role raid fs 1 body 1 pos 3,6 stuck 0
RC WALK 300 id 277 role raid pos 3,6 tgt 8,5 want NORTH
V527I SEALNT 301 ph 1 fwd 0 hv 5
RC POS 301 id 7 seat 2 role expand fs 0 body 1 pos 4,2 stuck 2
RC WALK 301 id 7 role expand pos 4,2 tgt 3,9 want SOUTH
RC POS 301 id 277 seat 6 role raid fs 1 body 1 pos 3,5 stuck 0
RC WALK 301 id 277 role raid pos 3,5 tgt 8,5 want SOUTH
V527I SEALNT 302 ph 1 fwd 0 hv 5
RC POS 302 id 7 seat 2 role expand fs 0 body 1 pos 4,2 stuck 4
RC WALK 302 id 7 role expand pos 4,2 tgt 3,9 want SOUTH
RC POS 302 id 277 seat 6 role raid fs 1 body 1 pos 3,6 stuck 0
RC WALK 302 id 277 role raid pos 3,6 tgt 8,5 want NORTH
V527I SEALNT 303 ph 1 fwd 0 hv 5
RC POS 303 id 7 seat 2 role expand fs 0 body 1 pos 4,2 stuck 6
V528 PICK r 303 id 7 tgt 3,9 cs 20 bs 20 reg 0 cc 4 bc 4 cands 2 banned 2 regall 0 seat 2
RC WALK 303 id 7 role expand pos 4,2 tgt 3,9 want SOUTH
RC POS 303 id 277 seat 6 role raid fs 1 body 1 pos 3,5 stuck 0
RC WALK 303 id 277 role raid pos 3,5 tgt 8,5 want SOUTH
V527I SEALNT 304 ph 1 fwd 0 hv 5
RC POS 304 id 7 seat 2 role expand fs 0 body 1 pos 4,2 stuck 2
RC WALK 304 id 7 role expand pos 4,2 tgt 3,9 want SOUTH
RC POS 304 id 277 seat 6 role raid fs 1 body 1 pos 3,6 stuck 0
RC WALK 304 id 277 role raid pos 3,6 tgt 8,5 want NORTH
V527I SEALNT 305 ph 1 fwd 0 hv 5
RC POS 305 id 7 seat 2 role expand fs 0 body 1 pos 4,2 stuck 4
RC WALK 305 id 7 role expand pos 4,2 tgt 3,9 want SOUTH
RC POS 305 id 277 seat 6 role raid fs 1 body 1 pos 3,5 stuck 0
RC WALK 305 id 277 role raid pos 3,5 tgt 8,5 want SOUTH
V527I SEALNT 306 ph 1 fwd 0 hv 5
RC POS 306 id 7 seat 2 role expand fs 0 body 1 pos 4,2 stuck 6
V528 PICK r 306 id 7 tgt 3,9 cs 20 bs 20 reg 0 cc 4 bc 4 cands 2 banned 2 regall 0 seat 2
RC WALK 306 id 7 role expand pos 4,2 tgt 3,9 want SOUTH
RC POS 306 id 277 seat 6 role raid fs 1 body 1 pos 3,6 stuck 0
RC WALK 306 id 277 role raid pos 3,6 tgt 8,5 want NORTH
V527I SEALNT 307 ph 1 fwd 0 hv 5
RC POS 307 id 7 seat 2 role expand fs 0 body 1 pos 4,2 stuck 2
RC WALK 307 id 7 role expand pos 4,2 tgt 3,9 want SOUTH
RC POS 307 id 277 seat 6 role raid fs 1 body 1 pos 3,5 stuck 0
RC WALK 307 id 277 role raid pos 3,5 tgt 8,5 want SOUTH
V527I SEALNT 308 ph 1 fwd 0 hv 5
RC POS 308 id 7 seat 2 role expand fs 0 body 1 pos 4,2 stuck 4
RC WALK 308 id 7 role expand pos 4,2 tgt 3,9 want SOUTH
RC POS 308 id 277 seat 6 role raid fs 1 body 1 pos 3,6 stuck 0
RC WALK 308 id 277 role raid pos 3,6 tgt 8,5 want NORTH
V527I SEALNT 309 ph 1 fwd 0 hv 5
RC POS 309 id 7 seat 2 role expand fs 0 body 1 pos 4,2 stuck 6
V528 PICK r 309 id 7 tgt 8,1 cs 1205 bs 1205 reg 0 cc 400 bc 400 cands 2 banned 1 regall 1185 seat 2
RC WALK 309 id 7 role expand pos 4,2 tgt 8,1 want EAST
RC POS 309 id 277 seat 6 role raid fs 1 body 1 pos 3,5 stuck 0
RC WALK 309 id 277 role raid pos 3,5 tgt 8,5 want SOUTH
V527I SEALNT 310 ph 1 fwd 0 hv 5
RC POS 310 id 7 seat 2 role expand fs 0 body 1 pos 4,2 stuck 2
RC WALK 310 id 7 role expand pos 4,2 tgt 8,1 want EAST
RC POS 310 id 277 seat 6 role raid fs 1 body 1 pos 3,6 stuck 0
RC WALK 310 id 277 role raid pos 3,6 tgt 8,5 want NORTH
V527I SEALNT 311 ph 1 fwd 0 hv 5
RC POS 311 id 7 seat 2 role expand fs 0 body 1 pos 4,2 stuck 4
RC WALK 311 id 7 role expand pos 4,2 tgt 8,1 want EAST
RC POS 311 id 277 seat 6 role raid fs 1 body 1 pos 3,5 stuck 0
RC WALK 311 id 277 role raid pos 3,5 tgt 8,5 want SOUTH
V527I SEALNT 312 ph 1 fwd 0 hv 5
RC POS 312 id 7 seat 2 role expand fs 0 body 1 pos 4,2 stuck 6
V528 PICK r 312 id 7 tgt 3,9 cs 20 bs 20 reg 0 cc 4 bc 4 cands 2 banned 2 regall 0 seat 2
RC WALK 312 id 7 role expand pos 4,2 tgt 3,9 want SOUTH
RC POS 312 id 277 seat 6 role raid fs 1 body 1 pos 3,6 stuck 0
RC WALK 312 id 277 role raid pos 3,6 tgt 8,5 want NORTH
V527I SEALNT 313 ph 1 fwd 0 hv 5
RC POS 313 id 7 seat 2 role expand fs 0 body 1 pos 4,2 stuck 2
RC WALK 313 id 7 role expand pos 4,2 tgt 3,9 want SOUTH
RC POS 313 id 277 seat 6 role raid fs 1 body 1 pos 3,5 stuck 0
RC WALK 313 id 277 role raid pos 3,5 tgt 8,5 want SOUTH
V527I SEALNT 314 ph 1 fwd 0 hv 5
RC POS 314 id 7 seat 2 role expand fs 0 body 1 pos 4,2 stuck 4
RC WALK 314 id 7 role expand pos 4,2 tgt 3,9 want SOUTH
RC POS 314 id 277 seat 6 role raid fs 1 body 1 pos 3,6 stuck 0
RC WALK 314 id 277 role raid pos 3,6 tgt 8,5 want NORTH
V527I SEALNT 315 ph 1 fwd 0 hv 5
RC POS 315 id 7 seat 2 role expand fs 0 body 1 pos 4,2 stuck 6
V528 PICK r 315 id 7 tgt 3,9 cs 20 bs 20 reg 0 cc 4 bc 4 cands 2 banned 2 regall 0 seat 2
RC WALK 315 id 7 role expand pos 4,2 tgt 3,9 want SOUTH
RC POS 315 id 277 seat 6 role raid fs 1 body 1 pos 3,5 stuck 0
RC WALK 315 id 277 role raid pos 3,5 tgt 8,5 want SOUTH
V527I SEALNT 316 ph 1 fwd 0 hv 5
RC POS 316 id 7 seat 2 role expand fs 0 body 1 pos 4,2 stuck 2
RC WALK 316 id 7 role expand pos 4,2 tgt 3,9 want SOUTH
RC POS 316 id 277 seat 6 role raid fs 1 body 1 pos 3,6 stuck 0
RC WALK 316 id 277 role raid pos 3,6 tgt 8,5 want NORTH
V527I SEALNT 317 ph 1 fwd 0 hv 5
RC POS 317 id 7 seat 2 role expand fs 0 body 1 pos 4,2 stuck 4
RC WALK 317 id 7 role expand pos 4,2 tgt 3,9 want SOUTH
RC POS 317 id 277 seat 6 role raid fs 1 body 1 pos 3,5 stuck 0
RC WALK 317 id 277 role raid pos 3,5 tgt 8,5 want SOUTH
V527I SEALNT 318 ph 1 fwd 0 hv 5
RC POS 318 id 7 seat 2 role expand fs 0 body 1 pos 4,2 stuck 6
V528 PICK r 318 id 7 tgt 3,9 cs 20 bs 20 reg 0 cc 4 bc 4 cands 2 banned 2 regall 0 seat 2
RC WALK 318 id 7 role expand pos 4,2 tgt 3,9 want SOUTH
RC POS 318 id 277 seat 6 role raid fs 1 body 1 pos 3,6 stuck 0
RC WALK 318 id 277 role raid pos 3,6 tgt 8,5 want NORTH
V527I SEALNT 319 ph 1 fwd 0 hv 5
RC POS 319 id 7 seat 2 role expand fs 0 body 1 pos 4,2 stuck 2
RC WALK 319 id 7 role expand pos 4,2 tgt 3,9 want SOUTH
RC POS 319 id 277 seat 6 role raid fs 1 body 1 pos 3,5 stuck 0
RC WALK 319 id 277 role raid pos 3,5 tgt 8,5 want SOUTH
V527I SEALNT 320 ph 1 fwd 0 hv 5
RC POS 320 id 7 seat 2 role expand fs 0 body 1 pos 4,2 stuck 4
RC WALK 320 id 7 role expand pos 4,2 tgt 3,9 want SOUTH
RC POS 320 id 277 seat 6 role raid fs 1 body 1 pos 3,6 stuck 0
RC WALK 320 id 277 role raid pos 3,6 tgt 8,5 want NORTH
V527I SEALNT 321 ph 1 fwd 0 hv 5
RC POS 321 id 7 seat 2 role expand fs 0 body 1 pos 4,2 stuck 6
V528 PICK r 321 id 7 tgt 3,9 cs 20 bs 20 reg 0 cc 4 bc 4 cands 2 banned 2 regall 0 seat 2
RC WALK 321 id 7 role expand pos 4,2 tgt 3,9 want SOUTH
RC POS 321 id 277 seat 6 role raid fs 1 body 1 pos 3,5 stuck 0
RC WALK 321 id 277 role raid pos 3,5 tgt 8,5 want SOUTH
V527I SEALNT 322 ph 1 fwd 0 hv 5
RC POS 322 id 7 seat 2 role expand fs 0 body 1 pos 4,2 stuck 2
RC WALK 322 id 7 role expand pos 4,2 tgt 3,9 want SOUTH
RC POS 322 id 277 seat 6 role raid fs 1 body 1 pos 3,6 stuck 0
RC WALK 322 id 277 role raid pos 3,6 tgt 8,5 want NORTH
V527I SEALNT 323 ph 1 fwd 0 hv 5
RC POS 323 id 7 seat 2 role expand fs 0 body 1 pos 4,2 stuck 4
RC WALK 323 id 7 role expand pos 4,2 tgt 3,9 want SOUTH
RC POS 323 id 277 seat 6 role raid fs 1 body 1 pos 3,5 stuck 0
RC WALK 323 id 277 role raid pos 3,5 tgt 8,5 want SOUTH
V527I SEALNT 324 ph 1 fwd 0 hv 5
RC POS 324 id 7 seat 2 role expand fs 0 body 1 pos 4,2 stuck 6
V528 PICK r 324 id 7 tgt 3,9 cs 20 bs 20 reg 0 cc 4 bc 4 cands 2 banned 2 regall 0 seat 2
RC WALK 324 id 7 role expand pos 4,2 tgt 3,9 want SOUTH
RC POS 324 id 277 seat 6 role raid fs 1 body 1 pos 3,6 stuck 0
RC WALK 324 id 277 role raid pos 3,6 tgt 8,5 want NORTH
V527I SEALNT 325 ph 1 fwd 0 hv 5
RC POS 325 id 7 seat 2 role expand fs 0 body 1 pos 4,2 stuck 2
RC WALK 325 id 7 role expand pos 4,2 tgt 3,9 want SOUTH
RC POS 325 id 277 seat 6 role raid fs 1 body 1 pos 3,5 stuck 0
RC WALK 325 id 277 role raid pos 3,5 tgt 8,5 want SOUTH
V527I SEALNT 326 ph 1 fwd 0 hv 5
RC POS 326 id 7 seat 2 role expand fs 0 body 1 pos 4,2 stuck 4
RC WALK 326 id 7 role expand pos 4,2 tgt 3,9 want SOUTH
RC POS 326 id 277 seat 6 role raid fs 1 body 1 pos 3,6 stuck 0
RC WALK 326 id 277 role raid pos 3,6 tgt 8,5 want NORTH
V527I SEALNT 327 ph 1 fwd 0 hv 5
RC POS 327 id 7 seat 2 role expand fs 0 body 1 pos 4,2 stuck 6
V528 PICK r 327 id 7 tgt 3,9 cs 20 bs 20 reg 0 cc 4 bc 4 cands 2 banned 2 regall 0 seat 2
RC WALK 327 id 7 role expand pos 4,2 tgt 3,9 want SOUTH
RC POS 327 id 277 seat 6 role raid fs 1 body 1 pos 3,5 stuck 0
RC WALK 327 id 277 role raid pos 3,5 tgt 8,5 want SOUTH
V527I SEALNT 328 ph 1 fwd 0 hv 5
RC POS 328 id 7 seat 2 role expand fs 0 body 1 pos 4,2 stuck 2
RC WALK 328 id 7 role expand pos 4,2 tgt 3,9 want SOUTH
RC POS 328 id 277 seat 6 role raid fs 1 body 1 pos 3,6 stuck 0
RC WALK 328 id 277 role raid pos 3,6 tgt 8,5 want NORTH
V527I SEALNT 329 ph 1 fwd 0 hv 5
RC POS 329 id 7 seat 2 role expand fs 0 body 1 pos 4,2 stuck 4
RC WALK 329 id 7 role expand pos 4,2 tgt 3,9 want SOUTH
RC POS 329 id 277 seat 6 role raid fs 1 body 1 pos 3,5 stuck 0
RC WALK 329 id 277 role raid pos 3,5 tgt 8,5 want SOUTH
V527I SEALNT 330 ph 1 fwd 0 hv 5
RC POS 330 id 7 seat 2 role expand fs 0 body 1 pos 4,2 stuck 6
V528 PICK r 330 id 7 tgt 3,9 cs 20 bs 20 reg 0 cc 4 bc 4 cands 2 banned 2 regall 0 seat 2
RC WALK 330 id 7 role expand pos 4,2 tgt 3,9 want SOUTH
RC POS 330 id 277 seat 6 role raid fs 1 body 1 pos 3,6 stuck 0
RC WALK 330 id 277 role raid pos 3,6 tgt 8,5 want NORTH
V527I SEALNT 331 ph 1 fwd 0 hv 5
RC POS 331 id 7 seat 2 role expand fs 0 body 1 pos 4,2 stuck 2
RC WALK 331 id 7 role expand pos 4,2 tgt 3,9 want SOUTH
RC POS 331 id 277 seat 6 role raid fs 1 body 1 pos 3,5 stuck 0
RC WALK 331 id 277 role raid pos 3,5 tgt 8,5 want SOUTH
V527I SEALNT 332 ph 1 fwd 0 hv 5
RC POS 332 id 7 seat 2 role expand fs 0 body 1 pos 4,2 stuck 4
RC WALK 332 id 7 role expand pos 4,2 tgt 3,9 want SOUTH
RC POS 332 id 277 seat 6 role raid fs 1 body 1 pos 3,6 stuck 0
RC WALK 332 id 277 role raid pos 3,6 tgt 8,5 want NORTH
V527I SEALNT 333 ph 1 fwd 0 hv 5
RC POS 333 id 7 seat 2 role expand fs 0 body 1 pos 4,2 stuck 6
V528 PICK r 333 id 7 tgt 3,9 cs 20 bs 20 reg 0 cc 4 bc 4 cands 2 banned 2 regall 0 seat 2
RC WALK 333 id 7 role expand pos 4,2 tgt 3,9 want SOUTH
RC POS 333 id 277 seat 6 role raid fs 1 body 1 pos 3,5 stuck 0
RC WALK 333 id 277 role raid pos 3,5 tgt 8,5 want SOUTH
V527I SEALNT 334 ph 1 fwd 0 hv 5
RC POS 334 id 7 seat 2 role expand fs 0 body 1 pos 4,2 stuck 2
RC WALK 334 id 7 role expand pos 4,2 tgt 3,9 want SOUTH
RC POS 334 id 277 seat 6 role raid fs 1 body 1 pos 3,6 stuck 0
RC WALK 334 id 277 role raid pos 3,6 tgt 8,5 want NORTH
V527I SEALNT 335 ph 1 fwd 0 hv 5
RC POS 335 id 7 seat 2 role expand fs 0 body 1 pos 4,2 stuck 4
RC WALK 335 id 7 role expand pos 4,2 tgt 3,9 want SOUTH
RC POS 335 id 277 seat 6 role raid fs 1 body 1 pos 3,5 stuck 0
RC WALK 335 id 277 role raid pos 3,5 tgt 8,5 want SOUTH
V527I SEALNT 336 ph 1 fwd 0 hv 5
RC POS 336 id 7 seat 2 role expand fs 0 body 1 pos 4,2 stuck 6
V528 PICK r 336 id 7 tgt 3,9 cs 20 bs 20 reg 0 cc 4 bc 4 cands 2 banned 2 regall 0 seat 2
RC WALK 336 id 7 role expand pos 4,2 tgt 3,9 want SOUTH
RC POS 336 id 277 seat 6 role raid fs 1 body 1 pos 3,6 stuck 0
RC WALK 336 id 277 role raid pos 3,6 tgt 8,5 want NORTH
V527I SEALNT 337 ph 1 fwd 0 hv 5
RC POS 337 id 7 seat 2 role expand fs 0 body 1 pos 4,2 stuck 2
RC WALK 337 id 7 role expand pos 4,2 tgt 3,9 want SOUTH
RC POS 337 id 277 seat 6 role raid fs 1 body 1 pos 3,5 stuck 0
RC WALK 337 id 277 role raid pos 3,5 tgt 8,5 want SOUTH
V527I SEALNT 338 ph 1 fwd 0 hv 5
RC POS 338 id 7 seat 2 role expand fs 0 body 1 pos 4,2 stuck 4
RC WALK 338 id 7 role expand pos 4,2 tgt 3,9 want SOUTH
RC POS 338 id 277 seat 6 role raid fs 1 body 1 pos 3,6 stuck 0
RC WALK 338 id 277 role raid pos 3,6 tgt 8,5 want NORTH
V527I SEALNT 339 ph 1 fwd 0 hv 5
RC POS 339 id 7 seat 2 role expand fs 0 body 1 pos 4,2 stuck 6
V528 PICK r 339 id 7 tgt 8,1 cs 1205 bs 1205 reg 0 cc 400 bc 400 cands 2 banned 1 regall 1185 seat 2
RC WALK 339 id 7 role expand pos 4,2 tgt 8,1 want EAST
RC POS 339 id 277 seat 6 role raid fs 1 body 1 pos 3,5 stuck 0
RC WALK 339 id 277 role raid pos 3,5 tgt 8,5 want SOUTH
V527I SEALNT 340 ph 1 fwd 0 hv 5
RC POS 340 id 7 seat 2 role expand fs 0 body 1 pos 4,2 stuck 2
RC WALK 340 id 7 role expand pos 4,2 tgt 8,1 want EAST
RC POS 340 id 277 seat 6 role raid fs 1 body 1 pos 3,6 stuck 0
RC WALK 340 id 277 role raid pos 3,6 tgt 8,5 want NORTH
V527I SEALNT 341 ph 1 fwd 0 hv 5
RC POS 341 id 7 seat 2 role expand fs 0 body 1 pos 4,2 stuck 4
RC WALK 341 id 7 role expand pos 4,2 tgt 8,1 want EAST
RC POS 341 id 277 seat 6 role raid fs 1 body 1 pos 3,5 stuck 0
RC WALK 341 id 277 role raid pos 3,5 tgt 8,5 want SOUTH
V527I SEALNT 342 ph 1 fwd 0 hv 5
RC POS 342 id 7 seat 2 role expand fs 0 body 1 pos 4,2 stuck 6
V528 PICK r 342 id 7 tgt 3,9 cs 20 bs 20 reg 0 cc 4 bc 4 cands 2 banned 2 regall 0 seat 2
RC WALK 342 id 7 role expand pos 4,2 tgt 3,9 want SOUTH
RC POS 342 id 277 seat 6 role raid fs 1 body 1 pos 3,6 stuck 0
RC WALK 342 id 277 role raid pos 3,6 tgt 8,5 want NORTH
V527I SEALNT 343 ph 1 fwd 0 hv 5
RC POS 343 id 7 seat 2 role expand fs 0 body 1 pos 4,2 stuck 2
RC WALK 343 id 7 role expand pos 4,2 tgt 3,9 want SOUTH
RC POS 343 id 277 seat 6 role raid fs 1 body 1 pos 3,5 stuck 0
RC WALK 343 id 277 role raid pos 3,5 tgt 8,5 want SOUTH
V527I SEALNT 344 ph 1 fwd 0 hv 5
RC POS 344 id 7 seat 2 role expand fs 0 body 1 pos 4,2 stuck 4
RC WALK 344 id 7 role expand pos 4,2 tgt 3,9 want SOUTH
RC POS 344 id 277 seat 6 role raid fs 1 body 1 pos 3,6 stuck 0
RC WALK 344 id 277 role raid pos 3,6 tgt 8,5 want NORTH
V527I SEALNT 345 ph 1 fwd 0 hv 5
RC POS 345 id 7 seat 2 role expand fs 0 body 1 pos 4,2 stuck 6
V528 PICK r 345 id 7 tgt 3,9 cs 20 bs 20 reg 0 cc 4 bc 4 cands 2 banned 2 regall 0 seat 2
RC WALK 345 id 7 role expand pos 4,2 tgt 3,9 want SOUTH
RC POS 345 id 277 seat 6 role raid fs 1 body 1 pos 3,5 stuck 0
RC WALK 345 id 277 role raid pos 3,5 tgt 8,5 want SOUTH
V527I SEALNT 346 ph 1 fwd 0 hv 5
RC POS 346 id 7 seat 2 role expand fs 0 body 1 pos 4,2 stuck 2
RC WALK 346 id 7 role expand pos 4,2 tgt 3,9 want SOUTH
RC POS 346 id 277 seat 6 role raid fs 1 body 1 pos 3,6 stuck 0
RC WALK 346 id 277 role raid pos 3,6 tgt 8,5 want NORTH
V527I SEALNT 347 ph 1 fwd 0 hv 5
RC POS 347 id 7 seat 2 role expand fs 0 body 1 pos 4,2 stuck 4
RC WALK 347 id 7 role expand pos 4,2 tgt 3,9 want SOUTH
RC POS 347 id 277 seat 6 role raid fs 1 body 1 pos 3,5 stuck 0
RC WALK 347 id 277 role raid pos 3,5 tgt 8,5 want SOUTH
V527I SEALNT 348 ph 1 fwd 0 hv 5
RC POS 348 id 7 seat 2 role expand fs 0 body 1 pos 4,2 stuck 6
V528 PICK r 348 id 7 tgt 3,9 cs 20 bs 20 reg 0 cc 4 bc 4 cands 2 banned 2 regall 0 seat 2
RC WALK 348 id 7 role expand pos 4,2 tgt 3,9 want SOUTH
RC POS 348 id 277 seat 6 role raid fs 1 body 1 pos 3,6 stuck 0
RC WALK 348 id 277 role raid pos 3,6 tgt 8,5 want NORTH
V527I SEALNT 349 ph 1 fwd 0 hv 5
RC POS 349 id 7 seat 2 role expand fs 0 body 1 pos 4,2 stuck 2
RC WALK 349 id 7 role expand pos 4,2 tgt 3,9 want SOUTH
RC POS 349 id 277 seat 6 role raid fs 1 body 1 pos 3,5 stuck 0
RC WALK 349 id 277 role raid pos 3,5 tgt 8,5 want SOUTH
V527I SEALNT 350 ph 1 fwd 0 hv 5
RC POS 350 id 7 seat 2 role expand fs 0 body 1 pos 4,2 stuck 4
RC WALK 350 id 7 role expand pos 4,2 tgt 3,9 want SOUTH
RC POS 350 id 277 seat 6 role raid fs 1 body 1 pos 3,6 stuck 0
RC WALK 350 id 277 role raid pos 3,6 tgt 8,5 want NORTH
V527I SEALNT 351 ph 1 fwd 0 hv 5
RC POS 351 id 7 seat 2 role expand fs 0 body 1 pos 4,2 stuck 6
V528 PICK r 351 id 7 tgt 3,9 cs 20 bs 20 reg 0 cc 4 bc 4 cands 2 banned 2 regall 0 seat 2
RC WALK 351 id 7 role expand pos 4,2 tgt 3,9 want SOUTH
RC POS 351 id 277 seat 6 role raid fs 1 body 1 pos 3,5 stuck 0
RC WALK 351 id 277 role raid pos 3,5 tgt 8,5 want SOUTH
V527I SEALNT 352 ph 1 fwd 0 hv 5
RC POS 352 id 7 seat 2 role expand fs 0 body 1 pos 4,2 stuck 2
RC WALK 352 id 7 role expand pos 4,2 tgt 3,9 want SOUTH
RC POS 352 id 277 seat 6 role raid fs 1 body 1 pos 3,6 stuck 0
RC WALK 352 id 277 role raid pos 3,6 tgt 8,5 want NORTH
V527I SEALNT 353 ph 1 fwd 0 hv 5
RC POS 353 id 7 seat 2 role expand fs 0 body 1 pos 4,2 stuck 4
RC WALK 353 id 7 role expand pos 4,2 tgt 3,9 want SOUTH
RC POS 353 id 277 seat 6 role raid fs 1 body 1 pos 3,5 stuck 0
RC WALK 353 id 277 role raid pos 3,5 tgt 8,5 want SOUTH
V527I SEALNT 354 ph 1 fwd 0 hv 5
RC POS 354 id 7 seat 2 role expand fs 0 body 1 pos 4,2 stuck 6
V528 PICK r 354 id 7 tgt 3,9 cs 20 bs 20 reg 0 cc 4 bc 4 cands 2 banned 2 regall 0 seat 2
RC WALK 354 id 7 role expand pos 4,2 tgt 3,9 want SOUTH
RC POS 354 id 277 seat 6 role raid fs 1 body 1 pos 3,6 stuck 0
RC WALK 354 id 277 role raid pos 3,6 tgt 8,5 want NORTH
V527I SEALNT 355 ph 1 fwd 0 hv 5
RC POS 355 id 7 seat 2 role expand fs 0 body 1 pos 4,2 stuck 2
RC WALK 355 id 7 role expand pos 4,2 tgt 3,9 want SOUTH
RC POS 355 id 277 seat 6 role raid fs 1 body 1 pos 3,5 stuck 0
RC WALK 355 id 277 role raid pos 3,5 tgt 8,5 want SOUTH
V527I SEALNT 356 ph 1 fwd 0 hv 5
RC POS 356 id 7 seat 2 role expand fs 0 body 1 pos 4,2 stuck 4
RC WALK 356 id 7 role expand pos 4,2 tgt 3,9 want SOUTH
RC POS 356 id 277 seat 6 role raid fs 1 body 1 pos 3,6 stuck 0
RC WALK 356 id 277 role raid pos 3,6 tgt 8,5 want NORTH
V527I SEALNT 357 ph 1 fwd 0 hv 5
RC POS 357 id 7 seat 2 role expand fs 0 body 1 pos 4,2 stuck 6
V528 PICK r 357 id 7 tgt 3,9 cs 20 bs 20 reg 0 cc 4 bc 4 cands 2 banned 2 regall 0 seat 2
RC WALK 357 id 7 role expand pos 4,2 tgt 3,9 want SOUTH
RC POS 357 id 277 seat 6 role raid fs 1 body 1 pos 3,5 stuck 0
RC WALK 357 id 277 role raid pos 3,5 tgt 8,5 want SOUTH
V527I SEALNT 358 ph 1 fwd 0 hv 5
RC POS 358 id 7 seat 2 role expand fs 0 body 1 pos 4,2 stuck 2
RC WALK 358 id 7 role expand pos 4,2 tgt 3,9 want SOUTH
RC POS 358 id 277 seat 6 role raid fs 1 body 1 pos 3,6 stuck 0
RC WALK 358 id 277 role raid pos 3,6 tgt 8,5 want NORTH
V527I SEALNT 359 ph 1 fwd 0 hv 5
RC POS 359 id 7 seat 2 role expand fs 0 body 1 pos 4,2 stuck 4
RC WALK 359 id 7 role expand pos 4,2 tgt 3,9 want SOUTH
RC POS 359 id 277 seat 6 role raid fs 1 body 1 pos 3,5 stuck 0
RC WALK 359 id 277 role raid pos 3,5 tgt 8,5 want SOUTH
V527I SEALNT 360 ph 1 fwd 0 hv 5
RC POS 360 id 7 seat 2 role expand fs 0 body 1 pos 4,2 stuck 6
V528 PICK r 360 id 7 tgt 3,9 cs 20 bs 20 reg 0 cc 4 bc 4 cands 2 banned 2 regall 0 seat 2
RC WALK 360 id 7 role expand pos 4,2 tgt 3,9 want SOUTH
RC POS 360 id 277 seat 6 role raid fs 1 body 1 pos 3,6 stuck 0
RC WALK 360 id 277 role raid pos 3,6 tgt 8,5 want NORTH
V527I SEALNT 361 ph 1 fwd 0 hv 5
RC POS 361 id 7 seat 2 role expand fs 0 body 1 pos 4,2 stuck 2
RC WALK 361 id 7 role expand pos 4,2 tgt 3,9 want SOUTH
RC POS 361 id 277 seat 6 role raid fs 1 body 1 pos 3,5 stuck 0
RC WALK 361 id 277 role raid pos 3,5 tgt 8,5 want SOUTH
V527I SEALNT 362 ph 1 fwd 0 hv 5
RC POS 362 id 7 seat 2 role expand fs 0 body 1 pos 4,2 stuck 4
RC WALK 362 id 7 role expand pos 4,2 tgt 3,9 want SOUTH
RC POS 362 id 277 seat 6 role raid fs 1 body 1 pos 3,6 stuck 0
RC WALK 362 id 277 role raid pos 3,6 tgt 8,5 want NORTH
V527I SEALNT 363 ph 1 fwd 0 hv 5
RC POS 363 id 7 seat 2 role expand fs 0 body 1 pos 4,2 stuck 6
V528 PICK r 363 id 7 tgt 3,9 cs 20 bs 20 reg 0 cc 4 bc 4 cands 2 banned 2 regall 0 seat 2
RC WALK 363 id 7 role expand pos 4,2 tgt 3,9 want SOUTH
RC POS 363 id 277 seat 6 role raid fs 1 body 1 pos 3,5 stuck 0
RC WALK 363 id 277 role raid pos 3,5 tgt 8,5 want SOUTH
V527I SEALNT 364 ph 1 fwd 0 hv 5
RC POS 364 id 7 seat 2 role expand fs 0 body 1 pos 4,2 stuck 2
RC WALK 364 id 7 role expand pos 4,2 tgt 3,9 want SOUTH
RC POS 364 id 277 seat 6 role raid fs 1 body 1 pos 3,6 stuck 0
RC WALK 364 id 277 role raid pos 3,6 tgt 8,5 want NORTH
V527I SEALNT 365 ph 1 fwd 0 hv 5
RC POS 365 id 7 seat 2 role expand fs 0 body 1 pos 4,2 stuck 4
RC WALK 365 id 7 role expand pos 4,2 tgt 3,9 want SOUTH
RC POS 365 id 277 seat 6 role raid fs 1 body 1 pos 3,5 stuck 0
RC WALK 365 id 277 role raid pos 3,5 tgt 8,5 want SOUTH
V527I SEALNT 366 ph 1 fwd 0 hv 5
RC POS 366 id 7 seat 2 role expand fs 0 body 1 pos 4,2 stuck 6
V528 PICK r 366 id 7 tgt 3,9 cs 20 bs 20 reg 0 cc 4 bc 4 cands 2 banned 2 regall 0 seat 2
RC WALK 366 id 7 role expand pos 4,2 tgt 3,9 want SOUTH
RC POS 366 id 277 seat 6 role raid fs 1 body 1 pos 3,6 stuck 0
RC WALK 366 id 277 role raid pos 3,6 tgt 8,5 want NORTH
V527I SEALNT 367 ph 1 fwd 0 hv 5
RC POS 367 id 7 seat 2 role expand fs 0 body 1 pos 4,2 stuck 2
RC WALK 367 id 7 role expand pos 4,2 tgt 3,9 want SOUTH
RC POS 367 id 277 seat 6 role raid fs 1 body 1 pos 3,5 stuck 0
RC WALK 367 id 277 role raid pos 3,5 tgt 8,5 want SOUTH
V527I SEALNT 368 ph 1 fwd 0 hv 5
RC POS 368 id 7 seat 2 role expand fs 0 body 1 pos 4,2 stuck 4
RC WALK 368 id 7 role expand pos 4,2 tgt 3,9 want SOUTH
RC POS 368 id 277 seat 6 role raid fs 1 body 1 pos 3,6 stuck 0
RC WALK 368 id 277 role raid pos 3,6 tgt 8,5 want NORTH
V527I SEALNT 369 ph 1 fwd 0 hv 5
RC POS 369 id 7 seat 2 role expand fs 0 body 1 pos 4,2 stuck 6
V528 PICK r 369 id 7 tgt 8,1 cs 1205 bs 1205 reg 0 cc 400 bc 400 cands 2 banned 1 regall 1185 seat 2
RC WALK 369 id 7 role expand pos 4,2 tgt 8,1 want EAST
RC POS 369 id 277 seat 6 role raid fs 1 body 1 pos 3,5 stuck 0
RC WALK 369 id 277 role raid pos 3,5 tgt 8,5 want SOUTH
V527I SEALNT 370 ph 1 fwd 0 hv 5
RC POS 370 id 7 seat 2 role expand fs 0 body 1 pos 4,2 stuck 2
RC WALK 370 id 7 role expand pos 4,2 tgt 8,1 want EAST
RC POS 370 id 277 seat 6 role raid fs 1 body 1 pos 3,6 stuck 0
RC WALK 370 id 277 role raid pos 3,6 tgt 8,5 want NORTH
V527I SEALNT 371 ph 1 fwd 0 hv 5
RC POS 371 id 7 seat 2 role expand fs 0 body 1 pos 4,2 stuck 4
RC WALK 371 id 7 role expand pos 4,2 tgt 8,1 want EAST
RC POS 371 id 277 seat 6 role raid fs 1 body 1 pos 3,5 stuck 0
RC WALK 371 id 277 role raid pos 3,5 tgt 8,5 want SOUTH
V527I SEALNT 372 ph 1 fwd 0 hv 5
RC POS 372 id 7 seat 2 role expand fs 0 body 1 pos 4,2 stuck 6
V528 PICK r 372 id 7 tgt 3,9 cs 20 bs 20 reg 0 cc 4 bc 4 cands 2 banned 2 regall 0 seat 2
RC WALK 372 id 7 role expand pos 4,2 tgt 3,9 want SOUTH
RC POS 372 id 277 seat 6 role raid fs 1 body 1 pos 3,6 stuck 0
RC WALK 372 id 277 role raid pos 3,6 tgt 8,5 want NORTH
V527I SEALNT 373 ph 1 fwd 0 hv 5
RC POS 373 id 7 seat 2 role expand fs 0 body 1 pos 4,2 stuck 2
RC WALK 373 id 7 role expand pos 4,2 tgt 3,9 want SOUTH
RC POS 373 id 277 seat 6 role raid fs 1 body 1 pos 3,5 stuck 0
RC WALK 373 id 277 role raid pos 3,5 tgt 8,5 want SOUTH
V527I SEALNT 374 ph 1 fwd 0 hv 5
RC POS 374 id 7 seat 2 role expand fs 0 body 1 pos 4,2 stuck 4
RC WALK 374 id 7 role expand pos 4,2 tgt 3,9 want SOUTH
RC POS 374 id 277 seat 6 role raid fs 1 body 1 pos 3,6 stuck 0
RC WALK 374 id 277 role raid pos 3,6 tgt 8,5 want NORTH
V527I SEALNT 375 ph 1 fwd 0 hv 5
RC POS 375 id 7 seat 2 role expand fs 0 body 1 pos 4,2 stuck 6
V528 PICK r 375 id 7 tgt 3,9 cs 20 bs 20 reg 0 cc 4 bc 4 cands 2 banned 2 regall 0 seat 2
RC WALK 375 id 7 role expand pos 4,2 tgt 3,9 want SOUTH
RC POS 375 id 277 seat 6 role raid fs 1 body 1 pos 3,5 stuck 0
RC WALK 375 id 277 role raid pos 3,5 tgt 8,5 want SOUTH
V527I SEALNT 376 ph 1 fwd 0 hv 5
RC POS 376 id 7 seat 2 role expand fs 0 body 1 pos 4,2 stuck 2
RC WALK 376 id 7 role expand pos 4,2 tgt 3,9 want SOUTH
RC POS 376 id 277 seat 6 role raid fs 1 body 1 pos 3,6 stuck 0
RC WALK 376 id 277 role raid pos 3,6 tgt 8,5 want NORTH
V527I SEALNT 377 ph 1 fwd 0 hv 5
RC POS 377 id 7 seat 2 role expand fs 0 body 1 pos 4,2 stuck 4
RC WALK 377 id 7 role expand pos 4,2 tgt 3,9 want SOUTH
RC POS 377 id 277 seat 6 role raid fs 1 body 1 pos 3,5 stuck 0
RC WALK 377 id 277 role raid pos 3,5 tgt 8,5 want SOUTH
V527I SEALNT 378 ph 1 fwd 0 hv 5
RC POS 378 id 7 seat 2 role expand fs 0 body 1 pos 4,2 stuck 6
V528 PICK r 378 id 7 tgt 3,9 cs 20 bs 20 reg 0 cc 4 bc 4 cands 2 banned 2 regall 0 seat 2
RC WALK 378 id 7 role expand pos 4,2 tgt 3,9 want SOUTH
RC POS 378 id 277 seat 6 role raid fs 1 body 1 pos 3,6 stuck 0
RC WALK 378 id 277 role raid pos 3,6 tgt 8,5 want NORTH
V527I SEALNT 379 ph 1 fwd 0 hv 5
RC POS 379 id 7 seat 2 role expand fs 0 body 1 pos 4,2 stuck 2
RC WALK 379 id 7 role expand pos 4,2 tgt 3,9 want SOUTH
RC POS 379 id 277 seat 6 role raid fs 1 body 1 pos 3,5 stuck 0
RC WALK 379 id 277 role raid pos 3,5 tgt 8,5 want SOUTH
V527I SEALNT 380 ph 1 fwd 0 hv 5
RC POS 380 id 7 seat 2 role expand fs 0 body 1 pos 4,2 stuck 4
RC WALK 380 id 7 role expand pos 4,2 tgt 3,9 want SOUTH
RC POS 380 id 277 seat 6 role raid fs 1 body 1 pos 3,6 stuck 0
RC WALK 380 id 277 role raid pos 3,6 tgt 8,5 want NORTH
V527I SEALNT 381 ph 1 fwd 0 hv 5
RC POS 381 id 7 seat 2 role expand fs 0 body 1 pos 4,2 stuck 6
V528 PICK r 381 id 7 tgt 3,9 cs 20 bs 20 reg 0 cc 4 bc 4 cands 2 banned 2 regall 0 seat 2
RC WALK 381 id 7 role expand pos 4,2 tgt 3,9 want SOUTH
RC POS 381 id 277 seat 6 role raid fs 1 body 1 pos 3,5 stuck 0
RC WALK 381 id 277 role raid pos 3,5 tgt 8,5 want SOUTH
V527I SEALNT 382 ph 1 fwd 0 hv 5
RC POS 382 id 7 seat 2 role expand fs 0 body 1 pos 4,2 stuck 2
RC WALK 382 id 7 role expand pos 4,2 tgt 3,9 want SOUTH
RC POS 382 id 277 seat 6 role raid fs 1 body 1 pos 3,6 stuck 0
RC WALK 382 id 277 role raid pos 3,6 tgt 8,5 want NORTH
V527I SEALNT 383 ph 1 fwd 0 hv 5
RC POS 383 id 7 seat 2 role expand fs 0 body 1 pos 4,2 stuck 4
RC WALK 383 id 7 role expand pos 4,2 tgt 3,9 want SOUTH
RC POS 383 id 277 seat 6 role raid fs 1 body 1 pos 3,5 stuck 0
RC WALK 383 id 277 role raid pos 3,5 tgt 8,5 want SOUTH
V527I SEALNT 384 ph 1 fwd 0 hv 5
RC POS 384 id 7 seat 2 role expand fs 0 body 1 pos 4,2 stuck 6
V528 PICK r 384 id 7 tgt 3,9 cs 20 bs 20 reg 0 cc 4 bc 4 cands 2 banned 2 regall 0 seat 2
RC WALK 384 id 7 role expand pos 4,2 tgt 3,9 want SOUTH
RC POS 384 id 277 seat 6 role raid fs 1 body 1 pos 3,6 stuck 0
RC WALK 384 id 277 role raid pos 3,6 tgt 8,5 want NORTH
V527I SEALNT 385 ph 1 fwd 0 hv 5
RC POS 385 id 7 seat 2 role expand fs 0 body 1 pos 4,2 stuck 2
RC WALK 385 id 7 role expand pos 4,2 tgt 3,9 want SOUTH
RC POS 385 id 277 seat 6 role raid fs 1 body 1 pos 3,5 stuck 0
RC WALK 385 id 277 role raid pos 3,5 tgt 8,5 want SOUTH
V527I SEALNT 386 ph 1 fwd 0 hv 5
RC POS 386 id 7 seat 2 role expand fs 0 body 1 pos 4,2 stuck 4
RC WALK 386 id 7 role expand pos 4,2 tgt 3,9 want SOUTH
RC POS 386 id 277 seat 6 role raid fs 1 body 1 pos 3,6 stuck 0
RC WALK 386 id 277 role raid pos 3,6 tgt 8,5 want NORTH
V527I SEALNT 387 ph 1 fwd 0 hv 5
RC POS 387 id 7 seat 2 role expand fs 0 body 1 pos 4,2 stuck 6
V528 PICK r 387 id 7 tgt 3,9 cs 20 bs 20 reg 0 cc 4 bc 4 cands 2 banned 2 regall 0 seat 2
RC WALK 387 id 7 role expand pos 4,2 tgt 3,9 want SOUTH
RC POS 387 id 277 seat 6 role raid fs 1 body 1 pos 3,5 stuck 0
RC WALK 387 id 277 role raid pos 3,5 tgt 8,5 want SOUTH
V527I SEALNT 388 ph 1 fwd 0 hv 5
RC POS 388 id 7 seat 2 role expand fs 0 body 1 pos 4,2 stuck 2
RC WALK 388 id 7 role expand pos 4,2 tgt 3,9 want SOUTH
RC POS 388 id 277 seat 6 role raid fs 1 body 1 pos 3,6 stuck 0
RC WALK 388 id 277 role raid pos 3,6 tgt 8,5 want NORTH
V527I SEALNT 389 ph 1 fwd 0 hv 5
RC POS 389 id 7 seat 2 role expand fs 0 body 1 pos 4,2 stuck 4
RC WALK 389 id 7 role expand pos 4,2 tgt 3,9 want SOUTH
RC POS 389 id 277 seat 6 role raid fs 1 body 1 pos 3,5 stuck 0
RC WALK 389 id 277 role raid pos 3,5 tgt 8,5 want SOUTH
V527I SEALNT 390 ph 1 fwd 0 hv 5
RC POS 390 id 7 seat 2 role expand fs 0 body 1 pos 4,2 stuck 6
V528 PICK r 390 id 7 tgt 3,9 cs 20 bs 20 reg 0 cc 4 bc 4 cands 2 banned 2 regall 0 seat 2
RC WALK 390 id 7 role expand pos 4,2 tgt 3,9 want SOUTH
RC POS 390 id 277 seat 6 role raid fs 1 body 1 pos 3,6 stuck 0
RC WALK 390 id 277 role raid pos 3,6 tgt 8,5 want NORTH
V527I SEALNT 391 ph 1 fwd 0 hv 5
RC POS 391 id 7 seat 2 role expand fs 0 body 1 pos 4,2 stuck 2
RC WALK 391 id 7 role expand pos 4,2 tgt 3,9 want SOUTH
RC POS 391 id 277 seat 6 role raid fs 1 body 1 pos 3,5 stuck 0
RC WALK 391 id 277 role raid pos 3,5 tgt 8,5 want SOUTH
V527I SEALNT 392 ph 1 fwd 0 hv 5
RC POS 392 id 7 seat 2 role expand fs 0 body 1 pos 4,2 stuck 4
RC WALK 392 id 7 role expand pos 4,2 tgt 3,9 want SOUTH
RC POS 392 id 277 seat 6 role raid fs 1 body 1 pos 3,6 stuck 0
RC WALK 392 id 277 role raid pos 3,6 tgt 8,5 want NORTH
V527I SEALNT 393 ph 1 fwd 0 hv 5
RC POS 393 id 7 seat 2 role expand fs 0 body 1 pos 4,2 stuck 6
V528 PICK r 393 id 7 tgt 3,9 cs 20 bs 20 reg 0 cc 4 bc 4 cands 2 banned 2 regall 0 seat 2
RC WALK 393 id 7 role expand pos 4,2 tgt 3,9 want SOUTH
RC POS 393 id 277 seat 6 role raid fs 1 body 1 pos 3,5 stuck 0
RC WALK 393 id 277 role raid pos 3,5 tgt 8,5 want SOUTH
V527I SEALNT 394 ph 1 fwd 0 hv 5
RC POS 394 id 7 seat 2 role expand fs 0 body 1 pos 4,2 stuck 2
RC WALK 394 id 7 role expand pos 4,2 tgt 3,9 want SOUTH
RC POS 394 id 277 seat 6 role raid fs 1 body 1 pos 3,6 stuck 0
RC WALK 394 id 277 role raid pos 3,6 tgt 8,5 want NORTH
V527I SEALNT 395 ph 1 fwd 0 hv 5
RC POS 395 id 7 seat 2 role expand fs 0 body 1 pos 4,2 stuck 4
RC WALK 395 id 7 role expand pos 4,2 tgt 3,9 want SOUTH
RC POS 395 id 277 seat 6 role raid fs 1 body 1 pos 3,5 stuck 0
RC WALK 395 id 277 role raid pos 3,5 tgt 8,5 want SOUTH
V527I SEALNT 396 ph 1 fwd 0 hv 5
RC POS 396 id 7 seat 2 role expand fs 0 body 1 pos 4,2 stuck 6
V528 PICK r 396 id 7 tgt 3,9 cs 20 bs 20 reg 0 cc 4 bc 4 cands 2 banned 2 regall 0 seat 2
RC WALK 396 id 7 role expand pos 4,2 tgt 3,9 want SOUTH
RC POS 396 id 277 seat 6 role raid fs 1 body 1 pos 3,6 stuck 0
RC WALK 396 id 277 role raid pos 3,6 tgt 8,5 want NORTH
V527I SEALNT 397 ph 1 fwd 0 hv 5
RC POS 397 id 7 seat 2 role expand fs 0 body 1 pos 4,2 stuck 2
RC WALK 397 id 7 role expand pos 4,2 tgt 3,9 want SOUTH
RC POS 397 id 277 seat 6 role raid fs 1 body 1 pos 3,5 stuck 0
RC WALK 397 id 277 role raid pos 3,5 tgt 8,5 want SOUTH
V527I SEALNT 398 ph 1 fwd 0 hv 5
RC POS 398 id 7 seat 2 role expand fs 0 body 1 pos 4,2 stuck 4
RC WALK 398 id 7 role expand pos 4,2 tgt 3,9 want SOUTH
RC POS 398 id 277 seat 6 role raid fs 1 body 1 pos 3,6 stuck 0
RC WALK 398 id 277 role raid pos 3,6 tgt 8,5 want NORTH
V527I SEALNT 399 ph 1 fwd 0 hv 5
RC POS 399 id 7 seat 2 role expand fs 0 body 1 pos 4,2 stuck 6
V528 PICK r 399 id 7 tgt 8,1 cs 1205 bs 1205 reg 0 cc 400 bc 400 cands 2 banned 1 regall 1185 seat 2
RC WALK 399 id 7 role expand pos 4,2 tgt 8,1 want EAST
RC POS 399 id 277 seat 6 role raid fs 1 body 1 pos 3,5 stuck 0
RC WALK 399 id 277 role raid pos 3,5 tgt 8,5 want SOUTH
V527I SEALNT 400 ph 1 fwd 0 hv 5
RC POS 400 id 7 seat 2 role expand fs 0 body 1 pos 4,2 stuck 2
RC WALK 400 id 7 role expand pos 4,2 tgt 8,1 want EAST
RC POS 400 id 277 seat 6 role raid fs 1 body 1 pos 3,6 stuck 0
RC WALK 400 id 277 role raid pos 3,6 tgt 8,5 want NORTH
V527I SEALNT 401 ph 1 fwd 0 hv 5
RC POS 401 id 7 seat 2 role expand fs 0 body 1 pos 4,2 stuck 4
RC WALK 401 id 7 role expand pos 4,2 tgt 8,1 want EAST
RC POS 401 id 277 seat 6 role raid fs 1 body 1 pos 3,5 stuck 0
RC WALK 401 id 277 role raid pos 3,5 tgt 8,5 want SOUTH
V527I SEALNT 402 ph 1 fwd 0 hv 5
RC POS 402 id 7 seat 2 role expand fs 0 body 1 pos 4,2 stuck 6
V528 PICK r 402 id 7 tgt 3,9 cs 20 bs 20 reg 0 cc 4 bc 4 cands 2 banned 2 regall 0 seat 2
RC WALK 402 id 7 role expand pos 4,2 tgt 3,9 want SOUTH
RC POS 402 id 277 seat 6 role raid fs 1 body 1 pos 3,6 stuck 0
RC WALK 402 id 277 role raid pos 3,6 tgt 8,5 want NORTH
V527I SEALNT 403 ph 1 fwd 0 hv 5
RC POS 403 id 7 seat 2 role expand fs 0 body 1 pos 4,2 stuck 2
RC WALK 403 id 7 role expand pos 4,2 tgt 3,9 want SOUTH
RC POS 403 id 277 seat 6 role raid fs 1 body 1 pos 3,5 stuck 0
RC WALK 403 id 277 role raid pos 3,5 tgt 8,5 want SOUTH
V527I SEALNT 404 ph 1 fwd 0 hv 5
RC POS 404 id 7 seat 2 role expand fs 0 body 1 pos 4,2 stuck 4
RC WALK 404 id 7 role expand pos 4,2 tgt 3,9 want SOUTH
RC POS 404 id 277 seat 6 role raid fs 1 body 1 pos 3,6 stuck 0
RC WALK 404 id 277 role raid pos 3,6 tgt 8,5 want NORTH
V527I SEALNT 405 ph 1 fwd 0 hv 5
RC POS 405 id 7 seat 2 role expand fs 0 body 1 pos 4,2 stuck 6
V528 PICK r 405 id 7 tgt 3,9 cs 20 bs 20 reg 0 cc 4 bc 4 cands 2 banned 2 regall 0 seat 2
RC WALK 405 id 7 role expand pos 4,2 tgt 3,9 want SOUTH
RC POS 405 id 277 seat 6 role raid fs 1 body 1 pos 3,5 stuck 0
RC WALK 405 id 277 role raid pos 3,5 tgt 8,5 want SOUTH
V527I SEALNT 406 ph 1 fwd 0 hv 5
RC POS 406 id 7 seat 2 role expand fs 0 body 1 pos 4,2 stuck 2
RC WALK 406 id 7 role expand pos 4,2 tgt 3,9 want SOUTH
RC POS 406 id 277 seat 6 role raid fs 1 body 1 pos 3,6 stuck 0
RC WALK 406 id 277 role raid pos 3,6 tgt 8,5 want NORTH
V527I SEALNT 407 ph 1 fwd 0 hv 5
RC POS 407 id 7 seat 2 role expand fs 0 body 1 pos 4,2 stuck 4
RC WALK 407 id 7 role expand pos 4,2 tgt 3,9 want SOUTH
RC POS 407 id 277 seat 6 role raid fs 1 body 1 pos 3,5 stuck 0
RC WALK 407 id 277 role raid pos 3,5 tgt 8,5 want SOUTH
V527I SEALNT 408 ph 1 fwd 0 hv 5
RC POS 408 id 7 seat 2 role expand fs 0 body 1 pos 4,2 stuck 6
V528 PICK r 408 id 7 tgt 3,9 cs 20 bs 20 reg 0 cc 4 bc 4 cands 2 banned 2 regall 0 seat 2
RC WALK 408 id 7 role expand pos 4,2 tgt 3,9 want SOUTH
RC POS 408 id 277 seat 6 role raid fs 1 body 1 pos 3,6 stuck 0
RC WALK 408 id 277 role raid pos 3,6 tgt 8,5 want NORTH
V527I SEALNT 409 ph 1 fwd 0 hv 5
RC POS 409 id 7 seat 2 role expand fs 0 body 1 pos 4,2 stuck 2
RC WALK 409 id 7 role expand pos 4,2 tgt 3,9 want SOUTH
RC POS 409 id 277 seat 6 role raid fs 1 body 1 pos 3,5 stuck 0
RC WALK 409 id 277 role raid pos 3,5 tgt 8,5 want SOUTH
V527I SEALNT 410 ph 1 fwd 0 hv 5
RC POS 410 id 7 seat 2 role expand fs 0 body 1 pos 4,2 stuck 4
RC WALK 410 id 7 role expand pos 4,2 tgt 3,9 want SOUTH
RC POS 410 id 277 seat 6 role raid fs 1 body 1 pos 3,6 stuck 0
RC WALK 410 id 277 role raid pos 3,6 tgt 8,5 want NORTH
V527I SEALNT 411 ph 1 fwd 0 hv 5
RC POS 411 id 7 seat 2 role expand fs 0 body 1 pos 4,2 stuck 6
V528 PICK r 411 id 7 tgt 3,9 cs 20 bs 20 reg 0 cc 4 bc 4 cands 2 banned 2 regall 0 seat 2
RC WALK 411 id 7 role expand pos 4,2 tgt 3,9 want SOUTH
RC POS 411 id 277 seat 6 role raid fs 1 body 1 pos 3,5 stuck 0
RC WALK 411 id 277 role raid pos 3,5 tgt 8,5 want SOUTH
V527I SEALNT 412 ph 1 fwd 0 hv 5
RC POS 412 id 7 seat 2 role expand fs 0 body 1 pos 4,2 stuck 2
RC WALK 412 id 7 role expand pos 4,2 tgt 3,9 want SOUTH
RC POS 412 id 277 seat 6 role raid fs 1 body 1 pos 3,6 stuck 0
RC WALK 412 id 277 role raid pos 3,6 tgt 8,5 want NORTH
V527I SEALNT 413 ph 1 fwd 0 hv 5
RC POS 413 id 7 seat 2 role expand fs 0 body 1 pos 4,2 stuck 4
RC WALK 413 id 7 role expand pos 4,2 tgt 3,9 want SOUTH
RC POS 413 id 277 seat 6 role raid fs 1 body 1 pos 3,5 stuck 0
RC WALK 413 id 277 role raid pos 3,5 tgt 8,5 want SOUTH
V527I SEALNT 414 ph 1 fwd 0 hv 5
RC POS 414 id 7 seat 2 role expand fs 0 body 1 pos 4,2 stuck 6
V528 PICK r 414 id 7 tgt 3,9 cs 20 bs 20 reg 0 cc 4 bc 4 cands 2 banned 2 regall 0 seat 2
RC WALK 414 id 7 role expand pos 4,2 tgt 3,9 want SOUTH
RC POS 414 id 277 seat 6 role raid fs 1 body 1 pos 3,6 stuck 0
RC WALK 414 id 277 role raid pos 3,6 tgt 8,5 want NORTH
V527I SEALNT 415 ph 1 fwd 0 hv 5
RC POS 415 id 7 seat 2 role expand fs 0 body 1 pos 4,2 stuck 2
RC WALK 415 id 7 role expand pos 4,2 tgt 3,9 want SOUTH
RC POS 415 id 277 seat 6 role raid fs 1 body 1 pos 3,5 stuck 0
RC WALK 415 id 277 role raid pos 3,5 tgt 8,5 want SOUTH
V527I SEALNT 416 ph 1 fwd 0 hv 5
RC POS 416 id 7 seat 2 role expand fs 0 body 1 pos 4,2 stuck 4
RC WALK 416 id 7 role expand pos 4,2 tgt 3,9 want SOUTH
RC POS 416 id 277 seat 6 role raid fs 1 body 1 pos 3,6 stuck 0
RC WALK 416 id 277 role raid pos 3,6 tgt 8,5 want NORTH
V527I SEALNT 417 ph 1 fwd 0 hv 5
RC POS 417 id 7 seat 2 role expand fs 0 body 1 pos 4,2 stuck 6
V528 PICK r 417 id 7 tgt 3,9 cs 20 bs 20 reg 0 cc 4 bc 4 cands 2 banned 2 regall 0 seat 2
RC WALK 417 id 7 role expand pos 4,2 tgt 3,9 want SOUTH
RC POS 417 id 277 seat 6 role raid fs 1 body 1 pos 3,5 stuck 0
RC WALK 417 id 277 role raid pos 3,5 tgt 8,5 want SOUTH
V527I SEALNT 418 ph 1 fwd 0 hv 5
RC POS 418 id 7 seat 2 role expand fs 0 body 1 pos 4,2 stuck 2
RC WALK 418 id 7 role expand pos 4,2 tgt 3,9 want SOUTH
RC POS 418 id 277 seat 6 role raid fs 1 body 1 pos 3,6 stuck 0
RC WALK 418 id 277 role raid pos 3,6 tgt 8,5 want NORTH
V527I SEALNT 419 ph 1 fwd 0 hv 5
RC POS 419 id 7 seat 2 role expand fs 0 body 1 pos 4,2 stuck 4
RC WALK 419 id 7 role expand pos 4,2 tgt 3,9 want SOUTH
RC POS 419 id 277 seat 6 role raid fs 1 body 1 pos 3,5 stuck 0
RC WALK 419 id 277 role raid pos 3,5 tgt 8,5 want SOUTH
V527I SEALNT 420 ph 1 fwd 0 hv 5
RC POS 420 id 7 seat 2 role expand fs 0 body 1 pos 4,2 stuck 6
V528 PICK r 420 id 7 tgt 3,9 cs 20 bs 20 reg 0 cc 4 bc 4 cands 2 banned 2 regall 0 seat 2
RC WALK 420 id 7 role expand pos 4,2 tgt 3,9 want SOUTH
RC POS 420 id 277 seat 6 role raid fs 1 body 1 pos 3,6 stuck 0
RC WALK 420 id 277 role raid pos 3,6 tgt 8,5 want NORTH
V527I SEALNT 421 ph 1 fwd 0 hv 5
RC POS 421 id 7 seat 2 role expand fs 0 body 1 pos 4,2 stuck 2
RC WALK 421 id 7 role expand pos 4,2 tgt 3,9 want SOUTH
RC POS 421 id 277 seat 6 role raid fs 1 body 1 pos 3,5 stuck 0
RC WALK 421 id 277 role raid pos 3,5 tgt 8,5 want SOUTH
V527I SEALNT 422 ph 1 fwd 0 hv 5
RC POS 422 id 7 seat 2 role expand fs 0 body 1 pos 4,2 stuck 4
RC WALK 422 id 7 role expand pos 4,2 tgt 3,9 want SOUTH
RC POS 422 id 277 seat 6 role raid fs 1 body 1 pos 3,6 stuck 0
RC WALK 422 id 277 role raid pos 3,6 tgt 8,5 want NORTH
V527I SEALNT 423 ph 1 fwd 0 hv 5
RC POS 423 id 7 seat 2 role expand fs 0 body 1 pos 4,2 stuck 6
V528 PICK r 423 id 7 tgt 3,9 cs 20 bs 20 reg 0 cc 4 bc 4 cands 2 banned 2 regall 0 seat 2
RC WALK 423 id 7 role expand pos 4,2 tgt 3,9 want SOUTH
RC POS 423 id 277 seat 6 role raid fs 1 body 1 pos 3,5 stuck 0
RC WALK 423 id 277 role raid pos 3,5 tgt 8,5 want SOUTH
V527I SEALNT 424 ph 1 fwd 0 hv 5
RC POS 424 id 7 seat 2 role expand fs 0 body 1 pos 4,2 stuck 2
RC WALK 424 id 7 role expand pos 4,2 tgt 3,9 want SOUTH
RC POS 424 id 277 seat 6 role raid fs 1 body 1 pos 3,6 stuck 0
RC WALK 424 id 277 role raid pos 3,6 tgt 8,5 want NORTH
V527I SEALNT 425 ph 1 fwd 0 hv 5
RC POS 425 id 7 seat 2 role expand fs 0 body 1 pos 4,2 stuck 4
RC WALK 425 id 7 role expand pos 4,2 tgt 3,9 want SOUTH
RC POS 425 id 277 seat 6 role raid fs 1 body 1 pos 3,5 stuck 0
RC WALK 425 id 277 role raid pos 3,5 tgt 8,5 want SOUTH
V527I SEALNT 426 ph 1 fwd 0 hv 5
RC POS 426 id 7 seat 2 role expand fs 0 body 1 pos 4,2 stuck 6
V528 PICK r 426 id 7 tgt 3,9 cs 20 bs 20 reg 0 cc 4 bc 4 cands 2 banned 2 regall 0 seat 2
RC WALK 426 id 7 role expand pos 4,2 tgt 3,9 want SOUTH
RC POS 426 id 277 seat 6 role raid fs 1 body 1 pos 3,6 stuck 0
RC WALK 426 id 277 role raid pos 3,6 tgt 8,5 want NORTH
V527I SEALNT 427 ph 1 fwd 0 hv 5
RC POS 427 id 7 seat 2 role expand fs 0 body 1 pos 4,2 stuck 2
RC WALK 427 id 7 role expand pos 4,2 tgt 3,9 want SOUTH
RC POS 427 id 277 seat 6 role raid fs 1 body 1 pos 3,5 stuck 0
RC WALK 427 id 277 role raid pos 3,5 tgt 8,5 want SOUTH
V527I SEALNT 428 ph 1 fwd 0 hv 5
RC POS 428 id 7 seat 2 role expand fs 0 body 1 pos 4,2 stuck 4
RC WALK 428 id 7 role expand pos 4,2 tgt 3,9 want SOUTH
RC POS 428 id 277 seat 6 role raid fs 1 body 1 pos 3,6 stuck 0
RC WALK 428 id 277 role raid pos 3,6 tgt 8,5 want NORTH
V527I SEALNT 429 ph 1 fwd 0 hv 5
RC POS 429 id 7 seat 2 role expand fs 0 body 1 pos 4,2 stuck 6
V528 PICK r 429 id 7 tgt 8,1 cs 1205 bs 1205 reg 0 cc 400 bc 400 cands 2 banned 1 regall 1185 seat 2
RC WALK 429 id 7 role expand pos 4,2 tgt 8,1 want EAST
RC POS 429 id 277 seat 6 role raid fs 1 body 1 pos 3,5 stuck 0
RC WALK 429 id 277 role raid pos 3,5 tgt 8,5 want SOUTH
V527I SEALNT 430 ph 1 fwd 0 hv 5
RC POS 430 id 7 seat 2 role expand fs 0 body 1 pos 4,2 stuck 2
RC WALK 430 id 7 role expand pos 4,2 tgt 8,1 want EAST
RC POS 430 id 277 seat 6 role raid fs 1 body 1 pos 3,6 stuck 0
RC WALK 430 id 277 role raid pos 3,6 tgt 8,5 want NORTH
V527I SEALNT 431 ph 1 fwd 0 hv 5
RC POS 431 id 7 seat 2 role expand fs 0 body 1 pos 4,2 stuck 4
RC WALK 431 id 7 role expand pos 4,2 tgt 8,1 want EAST
RC POS 431 id 277 seat 6 role raid fs 1 body 1 pos 3,5 stuck 0
RC WALK 431 id 277 role raid pos 3,5 tgt 8,5 want SOUTH
V527I SEALNT 432 ph 1 fwd 0 hv 5
RC POS 432 id 7 seat 2 role expand fs 0 body 1 pos 4,2 stuck 6
V528 PICK r 432 id 7 tgt 3,9 cs 20 bs 20 reg 0 cc 4 bc 4 cands 2 banned 2 regall 0 seat 2
RC WALK 432 id 7 role expand pos 4,2 tgt 3,9 want SOUTH
RC POS 432 id 277 seat 6 role raid fs 1 body 1 pos 3,6 stuck 0
RC WALK 432 id 277 role raid pos 3,6 tgt 8,5 want NORTH
V527I SEALNT 433 ph 1 fwd 0 hv 5
RC POS 433 id 7 seat 2 role expand fs 0 body 1 pos 4,2 stuck 2
RC WALK 433 id 7 role expand pos 4,2 tgt 3,9 want SOUTH
RC POS 433 id 277 seat 6 role raid fs 1 body 1 pos 3,5 stuck 0
RC WALK 433 id 277 role raid pos 3,5 tgt 8,5 want SOUTH
V527I SEALNT 434 ph 1 fwd 0 hv 5
RC POS 434 id 7 seat 2 role expand fs 0 body 1 pos 4,2 stuck 4
RC WALK 434 id 7 role expand pos 4,2 tgt 3,9 want SOUTH
RC POS 434 id 277 seat 6 role raid fs 1 body 1 pos 3,6 stuck 0
RC WALK 434 id 277 role raid pos 3,6 tgt 8,5 want NORTH
V527I SEALNT 435 ph 1 fwd 0 hv 5
RC POS 435 id 7 seat 2 role expand fs 0 body 1 pos 4,2 stuck 6
V528 PICK r 435 id 7 tgt 3,9 cs 20 bs 20 reg 0 cc 4 bc 4 cands 2 banned 2 regall 0 seat 2
RC WALK 435 id 7 role expand pos 4,2 tgt 3,9 want SOUTH
RC POS 435 id 277 seat 6 role raid fs 1 body 1 pos 3,5 stuck 0
RC WALK 435 id 277 role raid pos 3,5 tgt 8,5 want SOUTH
V527I SEALNT 436 ph 1 fwd 0 hv 5
RC POS 436 id 7 seat 2 role expand fs 0 body 1 pos 4,2 stuck 2
RC WALK 436 id 7 role expand pos 4,2 tgt 3,9 want SOUTH
RC POS 436 id 277 seat 6 role raid fs 1 body 1 pos 3,6 stuck 0
RC WALK 436 id 277 role raid pos 3,6 tgt 8,5 want NORTH
V527I SEALNT 437 ph 1 fwd 0 hv 5
RC POS 437 id 7 seat 2 role expand fs 0 body 1 pos 4,2 stuck 4
RC WALK 437 id 7 role expand pos 4,2 tgt 3,9 want SOUTH
RC POS 437 id 277 seat 6 role raid fs 1 body 1 pos 3,5 stuck 0
RC WALK 437 id 277 role raid pos 3,5 tgt 8,5 want SOUTH
V527I SEALNT 438 ph 1 fwd 0 hv 5
RC POS 438 id 7 seat 2 role expand fs 0 body 1 pos 4,2 stuck 6
V528 PICK r 438 id 7 tgt 3,9 cs 20 bs 20 reg 0 cc 4 bc 4 cands 2 banned 2 regall 0 seat 2
RC WALK 438 id 7 role expand pos 4,2 tgt 3,9 want SOUTH
RC POS 438 id 277 seat 6 role raid fs 1 body 1 pos 3,6 stuck 0
RC WALK 438 id 277 role raid pos 3,6 tgt 8,5 want NORTH
V527I SEALNT 439 ph 1 fwd 0 hv 5
RC POS 439 id 7 seat 2 role expand fs 0 body 1 pos 4,2 stuck 2
RC WALK 439 id 7 role expand pos 4,2 tgt 3,9 want SOUTH
RC POS 439 id 277 seat 6 role raid fs 1 body 1 pos 3,5 stuck 0
RC WALK 439 id 277 role raid pos 3,5 tgt 8,5 want SOUTH
V527I SEALNT 440 ph 1 fwd 0 hv 5
RC POS 440 id 7 seat 2 role expand fs 0 body 1 pos 4,2 stuck 4
RC WALK 440 id 7 role expand pos 4,2 tgt 3,9 want SOUTH
RC POS 440 id 277 seat 6 role raid fs 1 body 1 pos 3,6 stuck 0
RC WALK 440 id 277 role raid pos 3,6 tgt 8,5 want NORTH
V527I SEALNT 441 ph 1 fwd 0 hv 5
RC POS 441 id 7 seat 2 role expand fs 0 body 1 pos 4,2 stuck 6
V528 PICK r 441 id 7 tgt 3,9 cs 20 bs 20 reg 0 cc 4 bc 4 cands 2 banned 2 regall 0 seat 2
RC WALK 441 id 7 role expand pos 4,2 tgt 3,9 want SOUTH
RC POS 441 id 277 seat 6 role raid fs 1 body 1 pos 3,5 stuck 0
RC WALK 441 id 277 role raid pos 3,5 tgt 8,5 want SOUTH
V527I SEALNT 442 ph 1 fwd 0 hv 5
RC POS 442 id 7 seat 2 role expand fs 0 body 1 pos 4,2 stuck 2
RC WALK 442 id 7 role expand pos 4,2 tgt 3,9 want SOUTH
RC POS 442 id 277 seat 6 role raid fs 1 body 1 pos 3,6 stuck 0
RC WALK 442 id 277 role raid pos 3,6 tgt 8,5 want NORTH
V527I SEALNT 443 ph 1 fwd 0 hv 5
RC POS 443 id 7 seat 2 role expand fs 0 body 1 pos 4,2 stuck 4
RC WALK 443 id 7 role expand pos 4,2 tgt 3,9 want SOUTH
RC POS 443 id 277 seat 6 role raid fs 1 body 1 pos 3,5 stuck 0
RC WALK 443 id 277 role raid pos 3,5 tgt 8,5 want SOUTH
V527I SEALNT 444 ph 1 fwd 0 hv 5
RC POS 444 id 7 seat 2 role expand fs 0 body 1 pos 4,2 stuck 6
V528 PICK r 444 id 7 tgt 3,9 cs 20 bs 20 reg 0 cc 4 bc 4 cands 2 banned 2 regall 0 seat 2
RC WALK 444 id 7 role expand pos 4,2 tgt 3,9 want SOUTH
RC POS 444 id 277 seat 6 role raid fs 1 body 1 pos 3,6 stuck 0
RC WALK 444 id 277 role raid pos 3,6 tgt 8,5 want NORTH
V527I SEALNT 445 ph 1 fwd 0 hv 5
RC POS 445 id 7 seat 2 role expand fs 0 body 1 pos 4,2 stuck 2
RC WALK 445 id 7 role expand pos 4,2 tgt 3,9 want SOUTH
RC POS 445 id 277 seat 6 role raid fs 1 body 1 pos 3,5 stuck 0
RC WALK 445 id 277 role raid pos 3,5 tgt 8,5 want SOUTH
V527I SEALNT 446 ph 1 fwd 0 hv 5
RC POS 446 id 7 seat 2 role expand fs 0 body 1 pos 4,2 stuck 4
RC WALK 446 id 7 role expand pos 4,2 tgt 3,9 want SOUTH
RC POS 446 id 277 seat 6 role raid fs 1 body 1 pos 3,6 stuck 0
RC WALK 446 id 277 role raid pos 3,6 tgt 8,5 want NORTH
V527I SEALNT 447 ph 1 fwd 0 hv 5
RC POS 447 id 7 seat 2 role expand fs 0 body 1 pos 4,2 stuck 6
V528 PICK r 447 id 7 tgt 3,9 cs 20 bs 20 reg 0 cc 4 bc 4 cands 2 banned 2 regall 0 seat 2
RC WALK 447 id 7 role expand pos 4,2 tgt 3,9 want SOUTH
RC POS 447 id 277 seat 6 role raid fs 1 body 1 pos 3,5 stuck 0
RC WALK 447 id 277 role raid pos 3,5 tgt 8,5 want SOUTH
V527I SEALNT 448 ph 1 fwd 0 hv 5
RC POS 448 id 7 seat 2 role expand fs 0 body 1 pos 4,2 stuck 2
RC WALK 448 id 7 role expand pos 4,2 tgt 3,9 want SOUTH
RC POS 448 id 277 seat 6 role raid fs 1 body 1 pos 3,6 stuck 0
RC WALK 448 id 277 role raid pos 3,6 tgt 8,5 want NORTH
V527I SEALNT 449 ph 1 fwd 0 hv 5
RC POS 449 id 7 seat 2 role expand fs 0 body 1 pos 4,2 stuck 4
RC WALK 449 id 7 role expand pos 4,2 tgt 3,9 want SOUTH
RC POS 449 id 277 seat 6 role raid fs 1 body 1 pos 3,5 stuck 0
RC WALK 449 id 277 role raid pos 3,5 tgt 8,5 want SOUTH
V527I SEALNT 450 ph 1 fwd 0 hv 5
RC POS 450 id 7 seat 2 role expand fs 0 body 1 pos 4,2 stuck 6
V528 PICK r 450 id 7 tgt 3,9 cs 20 bs 20 reg 0 cc 4 bc 4 cands 2 banned 2 regall 0 seat 2
RC WALK 450 id 7 role expand pos 4,2 tgt 3,9 want SOUTH
RC POS 450 id 277 seat 6 role raid fs 1 body 1 pos 3,6 stuck 0
RC WALK 450 id 277 role raid pos 3,6 tgt 8,5 want NORTH
V527I SEALNT 451 ph 1 fwd 0 hv 5
RC POS 451 id 7 seat 2 role expand fs 0 body 1 pos 4,2 stuck 2
RC WALK 451 id 7 role expand pos 4,2 tgt 3,9 want SOUTH
RC POS 451 id 277 seat 6 role raid fs 1 body 1 pos 3,5 stuck 0
RC WALK 451 id 277 role raid pos 3,5 tgt 8,5 want SOUTH
V527I SEALNT 452 ph 1 fwd 0 hv 5
RC POS 452 id 7 seat 2 role expand fs 0 body 1 pos 4,2 stuck 4
RC WALK 452 id 7 role expand pos 4,2 tgt 3,9 want SOUTH
RC POS 452 id 277 seat 6 role raid fs 1 body 1 pos 3,6 stuck 0
RC WALK 452 id 277 role raid pos 3,6 tgt 8,5 want NORTH
V527I SEALNT 453 ph 1 fwd 0 hv 5
RC POS 453 id 7 seat 2 role expand fs 0 body 1 pos 4,2 stuck 6
V528 PICK r 453 id 7 tgt 3,9 cs 20 bs 20 reg 0 cc 4 bc 4 cands 2 banned 2 regall 0 seat 2
RC WALK 453 id 7 role expand pos 4,2 tgt 3,9 want SOUTH
RC POS 453 id 277 seat 6 role raid fs 1 body 1 pos 3,5 stuck 0
RC WALK 453 id 277 role raid pos 3,5 tgt 8,5 want SOUTH
V527I SEALNT 454 ph 1 fwd 0 hv 5
RC POS 454 id 7 seat 2 role expand fs 0 body 1 pos 4,2 stuck 2
RC WALK 454 id 7 role expand pos 4,2 tgt 3,9 want SOUTH
RC POS 454 id 277 seat 6 role raid fs 1 body 1 pos 3,6 stuck 0
RC WALK 454 id 277 role raid pos 3,6 tgt 8,5 want NORTH
V527I SEALNT 455 ph 1 fwd 0 hv 5
RC POS 455 id 7 seat 2 role expand fs 0 body 1 pos 4,2 stuck 4
RC WALK 455 id 7 role expand pos 4,2 tgt 3,9 want SOUTH
RC POS 455 id 277 seat 6 role raid fs 1 body 1 pos 3,5 stuck 0
RC WALK 455 id 277 role raid pos 3,5 tgt 8,5 want SOUTH
V527I SEALNT 456 ph 1 fwd 0 hv 5
RC POS 456 id 7 seat 2 role expand fs 0 body 1 pos 4,2 stuck 6
V528 PICK r 456 id 7 tgt 3,9 cs 20 bs 20 reg 0 cc 4 bc 4 cands 2 banned 2 regall 0 seat 2
RC WALK 456 id 7 role expand pos 4,2 tgt 3,9 want SOUTH
RC POS 456 id 277 seat 6 role raid fs 1 body 1 pos 3,6 stuck 0
RC WALK 456 id 277 role raid pos 3,6 tgt 8,5 want NORTH
V527I SEALNT 457 ph 1 fwd 0 hv 5
RC POS 457 id 7 seat 2 role expand fs 0 body 1 pos 4,2 stuck 2
RC WALK 457 id 7 role expand pos 4,2 tgt 3,9 want SOUTH
RC POS 457 id 277 seat 6 role raid fs 1 body 1 pos 3,5 stuck 0
RC WALK 457 id 277 role raid pos 3,5 tgt 8,5 want SOUTH
V527I SEALNT 458 ph 1 fwd 0 hv 5
RC POS 458 id 7 seat 2 role expand fs 0 body 1 pos 4,2 stuck 4
RC WALK 458 id 7 role expand pos 4,2 tgt 3,9 want SOUTH
RC POS 458 id 277 seat 6 role raid fs 1 body 1 pos 3,6 stuck 0
RC WALK 458 id 277 role raid pos 3,6 tgt 8,5 want NORTH
V527I SEALNT 459 ph 1 fwd 0 hv 5
RC POS 459 id 7 seat 2 role expand fs 0 body 1 pos 4,2 stuck 6
V528 PICK r 459 id 7 tgt 8,1 cs 1205 bs 1205 reg 0 cc 400 bc 400 cands 2 banned 1 regall 1185 seat 2
RC WALK 459 id 7 role expand pos 4,2 tgt 8,1 want EAST
RC POS 459 id 277 seat 6 role raid fs 1 body 1 pos 3,5 stuck 0
RC WALK 459 id 277 role raid pos 3,5 tgt 8,5 want SOUTH
V527I SEALNT 460 ph 1 fwd 0 hv 5
RC POS 460 id 7 seat 2 role expand fs 0 body 1 pos 4,2 stuck 2
RC WALK 460 id 7 role expand pos 4,2 tgt 8,1 want EAST
RC POS 460 id 277 seat 6 role raid fs 1 body 1 pos 3,6 stuck 0
RC WALK 460 id 277 role raid pos 3,6 tgt 8,5 want NORTH
V527I SEALNT 461 ph 1 fwd 0 hv 5
RC POS 461 id 7 seat 2 role expand fs 0 body 1 pos 4,2 stuck 4
RC WALK 461 id 7 role expand pos 4,2 tgt 8,1 want EAST
RC POS 461 id 277 seat 6 role raid fs 1 body 1 pos 3,5 stuck 0
RC WALK 461 id 277 role raid pos 3,5 tgt 8,5 want SOUTH
V527I SEALNT 462 ph 1 fwd 0 hv 5
RC POS 462 id 7 seat 2 role expand fs 0 body 1 pos 4,2 stuck 6
V528 PICK r 462 id 7 tgt 3,9 cs 20 bs 20 reg 0 cc 4 bc 4 cands 2 banned 2 regall 0 seat 2
RC WALK 462 id 7 role expand pos 4,2 tgt 3,9 want SOUTH
RC POS 462 id 277 seat 6 role raid fs 1 body 1 pos 3,6 stuck 0
RC WALK 462 id 277 role raid pos 3,6 tgt 8,5 want NORTH
V527I SEALNT 463 ph 1 fwd 0 hv 5
RC POS 463 id 7 seat 2 role expand fs 0 body 1 pos 4,2 stuck 2
RC WALK 463 id 7 role expand pos 4,2 tgt 3,9 want SOUTH
RC POS 463 id 277 seat 6 role raid fs 1 body 1 pos 3,5 stuck 0
RC WALK 463 id 277 role raid pos 3,5 tgt 8,5 want SOUTH
V527I SEALNT 464 ph 1 fwd 0 hv 5
RC POS 464 id 7 seat 2 role expand fs 0 body 1 pos 4,2 stuck 4
RC WALK 464 id 7 role expand pos 4,2 tgt 3,9 want SOUTH
RC POS 464 id 277 seat 6 role raid fs 1 body 1 pos 3,6 stuck 0
RC WALK 464 id 277 role raid pos 3,6 tgt 8,5 want NORTH
V527I SEALNT 465 ph 1 fwd 0 hv 5
RC POS 465 id 7 seat 2 role expand fs 0 body 1 pos 4,2 stuck 6
V528 PICK r 465 id 7 tgt 3,9 cs 20 bs 20 reg 0 cc 4 bc 4 cands 2 banned 2 regall 0 seat 2
RC WALK 465 id 7 role expand pos 4,2 tgt 3,9 want SOUTH
RC POS 465 id 277 seat 6 role raid fs 1 body 1 pos 3,5 stuck 0
RC WALK 465 id 277 role raid pos 3,5 tgt 8,5 want SOUTH
V527I SEALNT 466 ph 1 fwd 0 hv 5
RC POS 466 id 7 seat 2 role expand fs 0 body 1 pos 4,2 stuck 2
RC WALK 466 id 7 role expand pos 4,2 tgt 3,9 want SOUTH
RC POS 466 id 277 seat 6 role raid fs 1 body 1 pos 3,6 stuck 0
RC WALK 466 id 277 role raid pos 3,6 tgt 8,5 want NORTH
V527I SEALNT 467 ph 1 fwd 0 hv 5
RC POS 467 id 7 seat 2 role expand fs 0 body 1 pos 4,2 stuck 4
RC WALK 467 id 7 role expand pos 4,2 tgt 3,9 want SOUTH
RC POS 467 id 277 seat 6 role raid fs 1 body 1 pos 3,5 stuck 0
RC WALK 467 id 277 role raid pos 3,5 tgt 8,5 want SOUTH
V527I SEALNT 468 ph 1 fwd 0 hv 5
RC POS 468 id 7 seat 2 role expand fs 0 body 1 pos 4,2 stuck 6
V528 PICK r 468 id 7 tgt 3,9 cs 20 bs 20 reg 0 cc 4 bc 4 cands 2 banned 2 regall 0 seat 2
RC WALK 468 id 7 role expand pos 4,2 tgt 3,9 want SOUTH
RC POS 468 id 277 seat 6 role raid fs 1 body 1 pos 3,6 stuck 0
RC WALK 468 id 277 role raid pos 3,6 tgt 8,5 want NORTH
V527I SEALNT 469 ph 1 fwd 0 hv 5
RC POS 469 id 7 seat 2 role expand fs 0 body 1 pos 4,2 stuck 2
RC WALK 469 id 7 role expand pos 4,2 tgt 3,9 want SOUTH
RC POS 469 id 277 seat 6 role raid fs 1 body 1 pos 3,5 stuck 0
RC WALK 469 id 277 role raid pos 3,5 tgt 8,5 want SOUTH
V527I SEALNT 470 ph 1 fwd 0 hv 5
RC POS 470 id 7 seat 2 role expand fs 0 body 1 pos 4,2 stuck 4
RC WALK 470 id 7 role expand pos 4,2 tgt 3,9 want SOUTH
RC POS 470 id 277 seat 6 role raid fs 1 body 1 pos 3,6 stuck 0
RC WALK 470 id 277 role raid pos 3,6 tgt 8,5 want NORTH
V527I SEALNT 471 ph 1 fwd 0 hv 5
RC POS 471 id 7 seat 2 role expand fs 0 body 1 pos 4,2 stuck 6
V528 PICK r 471 id 7 tgt 3,9 cs 20 bs 20 reg 0 cc 4 bc 4 cands 2 banned 2 regall 0 seat 2
RC WALK 471 id 7 role expand pos 4,2 tgt 3,9 want SOUTH
RC POS 471 id 277 seat 6 role raid fs 1 body 1 pos 3,5 stuck 0
RC WALK 471 id 277 role raid pos 3,5 tgt 8,5 want SOUTH
V527I SEALNT 472 ph 1 fwd 0 hv 5
RC POS 472 id 7 seat 2 role expand fs 0 body 1 pos 4,2 stuck 2
RC WALK 472 id 7 role expand pos 4,2 tgt 3,9 want SOUTH
RC POS 472 id 277 seat 6 role raid fs 1 body 1 pos 3,6 stuck 0
RC WALK 472 id 277 role raid pos 3,6 tgt 8,5 want NORTH
V527I SEALNT 473 ph 1 fwd 0 hv 5
RC POS 473 id 7 seat 2 role expand fs 0 body 1 pos 4,2 stuck 4
RC WALK 473 id 7 role expand pos 4,2 tgt 3,9 want SOUTH
RC POS 473 id 277 seat 6 role raid fs 1 body 1 pos 3,5 stuck 0
RC WALK 473 id 277 role raid pos 3,5 tgt 8,5 want SOUTH
V527I SEALNT 474 ph 1 fwd 0 hv 5
RC POS 474 id 7 seat 2 role expand fs 0 body 1 pos 4,2 stuck 6
V528 PICK r 474 id 7 tgt 3,9 cs 20 bs 20 reg 0 cc 4 bc 4 cands 2 banned 2 regall 0 seat 2
RC WALK 474 id 7 role expand pos 4,2 tgt 3,9 want SOUTH
RC POS 474 id 277 seat 6 role raid fs 1 body 1 pos 3,6 stuck 0
RC WALK 474 id 277 role raid pos 3,6 tgt 8,5 want NORTH
V527I SEALNT 475 ph 1 fwd 0 hv 5
RC POS 475 id 7 seat 2 role expand fs 0 body 1 pos 4,2 stuck 2
RC WALK 475 id 7 role expand pos 4,2 tgt 3,9 want SOUTH
RC POS 475 id 277 seat 6 role raid fs 1 body 1 pos 3,5 stuck 0
RC WALK 475 id 277 role raid pos 3,5 tgt 8,5 want SOUTH
V527I SEALNT 476 ph 1 fwd 0 hv 5
RC POS 476 id 7 seat 2 role expand fs 0 body 1 pos 4,2 stuck 4
RC WALK 476 id 7 role expand pos 4,2 tgt 3,9 want SOUTH
RC POS 476 id 277 seat 6 role raid fs 1 body 1 pos 3,6 stuck 0
RC WALK 476 id 277 role raid pos 3,6 tgt 8,5 want NORTH
V527I SEALNT 477 ph 1 fwd 0 hv 5
RC POS 477 id 7 seat 2 role expand fs 0 body 1 pos 4,2 stuck 6
V528 PICK r 477 id 7 tgt 3,9 cs 20 bs 20 reg 0 cc 4 bc 4 cands 2 banned 2 regall 0 seat 2
RC WALK 477 id 7 role expand pos 4,2 tgt 3,9 want SOUTH
RC POS 477 id 277 seat 6 role raid fs 1 body 1 pos 3,5 stuck 0
RC WALK 477 id 277 role raid pos 3,5 tgt 8,5 want SOUTH
V527I SEALNT 478 ph 1 fwd 0 hv 5
RC POS 478 id 7 seat 2 role expand fs 0 body 1 pos 4,2 stuck 2
RC WALK 478 id 7 role expand pos 4,2 tgt 3,9 want SOUTH
RC POS 478 id 277 seat 6 role raid fs 1 body 1 pos 3,6 stuck 0
RC WALK 478 id 277 role raid pos 3,6 tgt 8,5 want NORTH
V527I SEALNT 479 ph 1 fwd 0 hv 5
RC POS 479 id 7 seat 2 role expand fs 0 body 1 pos 4,2 stuck 4
RC WALK 479 id 7 role expand pos 4,2 tgt 3,9 want SOUTH
RC POS 479 id 277 seat 6 role raid fs 1 body 1 pos 3,5 stuck 0
RC WALK 479 id 277 role raid pos 3,5 tgt 8,5 want SOUTH
V527I SEALNT 480 ph 1 fwd 0 hv 5
RC POS 480 id 7 seat 2 role expand fs 0 body 1 pos 4,2 stuck 6
V528 PICK r 480 id 7 tgt 3,9 cs 20 bs 20 reg 0 cc 4 bc 4 cands 2 banned 2 regall 0 seat 2
RC WALK 480 id 7 role expand pos 4,2 tgt 3,9 want SOUTH
RC POS 480 id 277 seat 6 role raid fs 1 body 1 pos 3,6 stuck 0
RC WALK 480 id 277 role raid pos 3,6 tgt 8,5 want NORTH
V527I SEALNT 481 ph 1 fwd 0 hv 5
RC POS 481 id 7 seat 2 role expand fs 0 body 1 pos 4,2 stuck 2
RC WALK 481 id 7 role expand pos 4,2 tgt 3,9 want SOUTH
RC POS 481 id 277 seat 6 role raid fs 1 body 1 pos 3,5 stuck 0
RC WALK 481 id 277 role raid pos 3,5 tgt 8,5 want SOUTH
V527I SEALNT 482 ph 1 fwd 0 hv 5
RC POS 482 id 7 seat 2 role expand fs 0 body 1 pos 4,2 stuck 4
RC WALK 482 id 7 role expand pos 4,2 tgt 3,9 want SOUTH
RC POS 482 id 277 seat 6 role raid fs 1 body 1 pos 3,6 stuck 0
RC WALK 482 id 277 role raid pos 3,6 tgt 8,5 want NORTH
V527I SEALNT 483 ph 1 fwd 0 hv 5
RC POS 483 id 7 seat 2 role expand fs 0 body 1 pos 4,2 stuck 6
V528 PICK r 483 id 7 tgt 3,9 cs 20 bs 20 reg 0 cc 4 bc 4 cands 2 banned 2 regall 0 seat 2
RC WALK 483 id 7 role expand pos 4,2 tgt 3,9 want SOUTH
RC POS 483 id 277 seat 6 role raid fs 1 body 1 pos 3,5 stuck 0
RC WALK 483 id 277 role raid pos 3,5 tgt 8,5 want SOUTH
V527I SEALNT 484 ph 1 fwd 0 hv 5
RC POS 484 id 7 seat 2 role expand fs 0 body 1 pos 4,2 stuck 2
RC WALK 484 id 7 role expand pos 4,2 tgt 3,9 want SOUTH
RC POS 484 id 277 seat 6 role raid fs 1 body 1 pos 3,6 stuck 0
RC WALK 484 id 277 role raid pos 3,6 tgt 8,5 want NORTH
V527I SEALNT 485 ph 1 fwd 0 hv 5
RC POS 485 id 7 seat 2 role expand fs 0 body 1 pos 4,2 stuck 4
RC WALK 485 id 7 role expand pos 4,2 tgt 3,9 want SOUTH
RC POS 485 id 277 seat 6 role raid fs 1 body 1 pos 3,5 stuck 0
RC WALK 485 id 277 role raid pos 3,5 tgt 8,5 want SOUTH
V527I SEALNT 486 ph 1 fwd 0 hv 5
RC POS 486 id 277 seat 6 role raid fs 1 body 1 pos 3,6 stuck 0
RC WALK 486 id 277 role raid pos 3,6 tgt 8,5 want NORTH
V527I SEALNT 487 ph 1 fwd 0 hv 5
RC POS 487 id 277 seat 6 role raid fs 1 body 1 pos 3,5 stuck 0
RC WALK 487 id 277 role raid pos 3,5 tgt 8,5 want SOUTH
V527I SEALNT 488 ph 1 fwd 0 hv 5
RC POS 488 id 277 seat 6 role raid fs 1 body 1 pos 3,6 stuck 0
RC WALK 488 id 277 role raid pos 3,6 tgt 8,5 want NORTH
V527I SEALNT 489 ph 1 fwd 0 hv 5
RC POS 489 id 277 seat 6 role raid fs 1 body 1 pos 3,5 stuck 0
RC WALK 489 id 277 role raid pos 3,5 tgt 8,5 want SOUTH
RC SEAT 489 id 463 seat 7
RC POS 489 id 463 seat 7 role raid fs 1 body 1 pos 2,4 stuck 0
RC WALK 489 id 463 role raid pos 2,4 tgt 8,8 want EAST
V527I SEALNT 490 ph 1 fwd 0 hv 5
RC POS 490 id 277 seat 6 role raid fs 1 body 1 pos 3,6 stuck 0
RC WALK 490 id 277 role raid pos 3,6 tgt 8,5 want NORTH
RC POS 490 id 463 seat 7 role raid fs 1 body 1 pos 3,4 stuck 0
RC SEAT 490 id 465 seat 8
RC POS 490 id 465 seat 8 role raid fs 1 body 2 pos 1,4 stuck 0
V527I SEALNT 491 ph 1 fwd 0 hv 5
RC POS 491 id 277 seat 6 role raid fs 1 body 1 pos 3,5 stuck 0
RC WALK 491 id 277 role raid pos 3,5 tgt 8,5 want SOUTH
RC POS 491 id 463 seat 7 role raid fs 1 body 1 pos 3,4 stuck 1
RC POS 491 id 465 seat 8 role raid fs 1 body 2 pos 1,4 stuck 1
RC SEAT 491 id 467 seat 9
RC POS 491 id 467 seat 9 role raid fs 0 body 1 pos 2,4 stuck 0
V527I SEALNT 492 ph 1 fwd 0 hv 5
RC POS 492 id 277 seat 6 role raid fs 1 body 1 pos 3,6 stuck 0
RC WALK 492 id 277 role raid pos 3,6 tgt 8,5 want NORTH
RC POS 492 id 463 seat 7 role raid fs 1 body 1 pos 3,5 stuck 0
RC POS 492 id 465 seat 8 role raid fs 1 body 2 pos 1,4 stuck 2
RC POS 492 id 467 seat 9 role raid fs 0 body 1 pos 2,4 stuck 1
RC SEAT 492 id 469 seat 10
RC POS 492 id 469 seat 10 role raid fs 0 body 1 pos 1,3 stuck 0
V527I SEALNT 493 ph 1 fwd 0 hv 5
RC POS 493 id 277 seat 6 role raid fs 1 body 1 pos 4,6 stuck 0
RC WALK 493 id 277 role raid pos 4,6 tgt 8,5 want WEST
RC POS 493 id 463 seat 7 role raid fs 1 body 1 pos 3,5 stuck 1
RC POS 493 id 465 seat 8 role raid fs 1 body 2 pos 1,4 stuck 3
RC POS 493 id 467 seat 9 role raid fs 0 body 1 pos 2,4 stuck 2
RC POS 493 id 469 seat 10 role raid fs 0 body 1 pos 1,3 stuck 1
RC SEAT 493 id 470 seat 11
RC POS 493 id 470 seat 11 role raid fs 0 body 1 pos 2,1 stuck 0
V527I SEALNT 494 ph 1 fwd 0 hv 5
RC POS 494 id 277 seat 6 role raid fs 1 body 1 pos 3,6 stuck 0
RC WALK 494 id 277 role raid pos 3,6 tgt 8,5 want NORTH
RC POS 494 id 463 seat 7 role raid fs 1 body 1 pos 3,5 stuck 2
RC POS 494 id 465 seat 8 role raid fs 1 body 2 pos 1,4 stuck 4
RC POS 494 id 467 seat 9 role raid fs 0 body 1 pos 2,4 stuck 3
RC POS 494 id 469 seat 10 role raid fs 0 body 1 pos 1,3 stuck 2
RC POS 494 id 470 seat 11 role raid fs 0 body 1 pos 2,1 stuck 1
RC SEAT 494 id 472 seat 12
RC POS 494 id 472 seat 12 role raid fs 0 body 1 pos 3,4 stuck 0
V527I SEALNT 495 ph 1 fwd 0 hv 5
RC POS 495 id 277 seat 6 role raid fs 1 body 1 pos 4,6 stuck 0
RC WALK 495 id 277 role raid pos 4,6 tgt 8,5 want WEST
RC POS 495 id 463 seat 7 role raid fs 1 body 1 pos 3,5 stuck 3
RC POS 495 id 465 seat 8 role raid fs 1 body 2 pos 1,4 stuck 5
RC POS 495 id 467 seat 9 role raid fs 0 body 1 pos 2,4 stuck 4
RC POS 495 id 469 seat 10 role raid fs 0 body 1 pos 1,3 stuck 3
RC POS 495 id 470 seat 11 role raid fs 0 body 1 pos 2,1 stuck 2
RC POS 495 id 472 seat 12 role raid fs 0 body 1 pos 3,4 stuck 1
RC SEAT 495 id 474 seat 13
RC POS 495 id 474 seat 13 role raid fs 0 body 1 pos 1,2 stuck 0
V527I SEALNT 496 ph 1 fwd 0 hv 5
RC POS 496 id 277 seat 6 role raid fs 1 body 1 pos 3,6 stuck 0
RC WALK 496 id 277 role raid pos 3,6 tgt 8,5 want NORTH
RC POS 496 id 463 seat 7 role raid fs 1 body 1 pos 3,5 stuck 4
RC POS 496 id 465 seat 8 role raid fs 1 body 2 pos 1,4 stuck 6
RC WALK 496 id 465 role raid pos 1,4 tgt 8,8 want EAST
RC POS 496 id 467 seat 9 role raid fs 0 body 1 pos 2,4 stuck 5
RC POS 496 id 469 seat 10 role raid fs 0 body 1 pos 1,3 stuck 4
RC WALK 496 id 469 role raid pos 1,3 tgt 8,5 want SOUTH
RC POS 496 id 470 seat 11 role raid fs 0 body 1 pos 2,1 stuck 3
RC WALK 496 id 470 role raid pos 2,1 tgt 5,5 want SOUTH
RC POS 496 id 472 seat 12 role raid fs 0 body 1 pos 3,4 stuck 2
RC WALK 496 id 472 role raid pos 3,4 tgt 8,5 want SOUTH
RC POS 496 id 474 seat 13 role raid fs 0 body 1 pos 1,2 stuck 1
RC WALK 496 id 474 role raid pos 1,2 tgt 5,5 want SOUTH
V527I SEALNT 497 ph 1 fwd 0 hv 5
RC POS 497 id 7 seat 2 role expand fs 0 body 1 pos 4,2 stuck 17
V528 PICK r 497 id 7 tgt 8,1 cs 1205 bs 1205 reg 0 cc 400 bc 400 cands 2 banned 1 regall 1179 seat 2
RC WALK 497 id 7 role expand pos 4,2 tgt 8,1 want EAST
RC POS 497 id 277 seat 6 role raid fs 1 body 1 pos 4,6 stuck 0
RC WALK 497 id 277 role raid pos 4,6 tgt 8,5 want WEST
RC POS 497 id 463 seat 7 role raid fs 1 body 1 pos 3,5 stuck 5
RC POS 497 id 465 seat 8 role raid fs 1 body 2 pos 1,5 stuck 0
RC WALK 497 id 465 role raid pos 1,5 tgt 8,8 want EAST
RC POS 497 id 467 seat 9 role raid fs 0 body 1 pos 2,4 stuck 6
RC POS 497 id 469 seat 10 role raid fs 0 body 1 pos 1,4 stuck 0
RC WALK 497 id 469 role raid pos 1,4 tgt 8,5 want EAST
RC POS 497 id 470 seat 11 role raid fs 0 body 1 pos 3,1 stuck 0
RC POS 497 id 472 seat 12 role raid fs 0 body 1 pos 3,4 stuck 4
RC POS 497 id 474 seat 13 role raid fs 0 body 1 pos 1,3 stuck 0
V527I SEALNT 498 ph 1 fwd 0 hv 5
RC POS 498 id 277 seat 6 role raid fs 1 body 1 pos 3,6 stuck 0
RC WALK 498 id 277 role raid pos 3,6 tgt 8,5 want NORTH
RC POS 498 id 463 seat 7 role raid fs 1 body 1 pos 3,5 stuck 6
RC POS 498 id 465 seat 8 role raid fs 1 body 2 pos 2,5 stuck 0
RC WALK 498 id 465 role raid pos 2,5 tgt 8,8 want EAST
RC POS 498 id 467 seat 9 role raid fs 0 body 1 pos 2,4 stuck 7
RC WALK 498 id 467 role raid pos 2,4 tgt 8,5 want EAST
RC POS 498 id 469 seat 10 role raid fs 0 body 1 pos 1,5 stuck 0
RC WALK 498 id 469 role raid pos 1,5 tgt 8,5 want EAST
RC POS 498 id 470 seat 11 role raid fs 0 body 1 pos 3,1 stuck 1
RC WALK 498 id 470 role raid pos 3,1 tgt 5,5 want SOUTH
RC POS 498 id 472 seat 12 role raid fs 0 body 1 pos 3,4 stuck 5
RC WALK 498 id 472 role raid pos 3,4 tgt 8,5 want SOUTH
RC POS 498 id 474 seat 13 role raid fs 0 body 1 pos 1,3 stuck 1
RC WALK 498 id 474 role raid pos 1,3 tgt 5,5 want SOUTH
V527I SEALNT 499 ph 1 fwd 0 hv 5
RC POS 499 id 7 seat 2 role expand fs 0 body 1 pos 4,2 stuck 3
RC WALK 499 id 7 role expand pos 4,2 tgt 8,1 want EAST
RC POS 499 id 277 seat 6 role raid fs 1 body 1 pos 4,6 stuck 0
RC WALK 499 id 277 role raid pos 4,6 tgt 8,5 want WEST
RC POS 499 id 463 seat 7 role raid fs 1 body 1 pos 3,5 stuck 7
RC POS 499 id 465 seat 8 role raid fs 1 body 2 pos 2,5 stuck 2
RC WALK 499 id 465 role raid pos 2,5 tgt 8,8 want EAST
RC POS 499 id 467 seat 9 role raid fs 0 body 1 pos 1,4 stuck 0
RC WALK 499 id 467 role raid pos 1,4 tgt 8,5 want EAST
RC POS 499 id 469 seat 10 role raid fs 0 body 1 pos 1,6 stuck 0
RC WALK 499 id 469 role raid pos 1,6 tgt 8,5 want NORTH
RC POS 499 id 470 seat 11 role raid fs 0 body 1 pos 2,1 stuck 0
RC POS 499 id 472 seat 12 role raid fs 0 body 1 pos 2,4 stuck 0
RC POS 499 id 474 seat 13 role raid fs 0 body 1 pos 0,3 stuck 0
RC WALK 499 id 474 role raid pos 0,3 tgt 5,5 want EAST
V527I SEALNT 500 ph 1 fwd 0 hv 5
RC POS 500 id 277 seat 6 role raid fs 1 body 1 pos 3,6 stuck 0
RC WALK 500 id 277 role raid pos 3,6 tgt 8,5 want NORTH
RC POS 500 id 463 seat 7 role raid fs 1 body 1 pos 3,5 stuck 8
RC POS 500 id 465 seat 8 role raid fs 1 body 2 pos 1,5 stuck 0
RC WALK 500 id 465 role raid pos 1,5 tgt 8,8 want EAST
RC POS 500 id 467 seat 9 role raid fs 0 body 1 pos 1,3 stuck 0
RC POS 500 id 469 seat 10 role raid fs 0 body 1 pos 1,7 stuck 0
RC WALK 500 id 469 role raid pos 1,7 tgt 8,5 want NORTH
RC POS 500 id 470 seat 11 role raid fs 0 body 1 pos 2,1 stuck 1
RC POS 500 id 472 seat 12 role raid fs 0 body 1 pos 2,4 stuck 1
RC WALK 500 id 472 role raid pos 2,4 tgt 8,5 want EAST
RC POS 500 id 474 seat 13 role raid fs 0 body 1 pos 0,3 stuck 2
RC WALK 500 id 474 role raid pos 0,3 tgt 5,5 want EAST
V527I SEALNT 501 ph 1 fwd 0 hv 5
RC POS 501 id 7 seat 2 role expand fs 0 body 1 pos 4,2 stuck 6
V528 PICK r 501 id 7 tgt 3,9 cs 26 bs 26 reg 0 cc 6 bc 6 cands 2 banned 2 regall 0 seat 2
RC WALK 501 id 7 role expand pos 4,2 tgt 3,9 want SOUTH
RC POS 501 id 277 seat 6 role raid fs 1 body 1 pos 4,6 stuck 0
RC WALK 501 id 277 role raid pos 4,6 tgt 8,5 want WEST
RC POS 501 id 463 seat 7 role raid fs 1 body 1 pos 3,5 stuck 9
RC POS 501 id 465 seat 8 role raid fs 1 body 2 pos 2,5 stuck 0
RC WALK 501 id 465 role raid pos 2,5 tgt 8,8 want EAST
RC POS 501 id 467 seat 9 role raid fs 0 body 1 pos 1,3 stuck 1
RC POS 501 id 469 seat 10 role raid fs 0 body 1 pos 1,6 stuck 0
RC WALK 501 id 469 role raid pos 1,6 tgt 8,5 want NORTH
RC POS 501 id 470 seat 11 role raid fs 0 body 1 pos 2,1 stuck 2
RC POS 501 id 472 seat 12 role raid fs 0 body 1 pos 3,4 stuck 0
RC POS 501 id 474 seat 13 role raid fs 0 body 1 pos 0,3 stuck 4
RC WALK 501 id 474 role raid pos 0,3 tgt 5,5 want EAST
V527I SEALNT 502 ph 1 fwd 0 hv 5
RC POS 502 id 277 seat 6 role raid fs 1 body 1 pos 3,6 stuck 0
RC WALK 502 id 277 role raid pos 3,6 tgt 8,5 want NORTH
RC POS 502 id 463 seat 7 role raid fs 1 body 1 pos 3,5 stuck 10
RC POS 502 id 465 seat 8 role raid fs 1 body 2 pos 2,4 stuck 0
RC WALK 502 id 465 role raid pos 2,4 tgt 8,8 want EAST
RC POS 502 id 467 seat 9 role raid fs 0 body 1 pos 1,3 stuck 2
RC POS 502 id 469 seat 10 role raid fs 0 body 1 pos 1,5 stuck 0
RC WALK 502 id 469 role raid pos 1,5 tgt 8,5 want EAST
RC POS 502 id 470 seat 11 role raid fs 0 body 1 pos 2,1 stuck 3
RC WALK 502 id 470 role raid pos 2,1 tgt 5,5 want SOUTH
RC POS 502 id 472 seat 12 role raid fs 0 body 1 pos 3,4 stuck 1
RC WALK 502 id 472 role raid pos 3,4 tgt 8,5 want SOUTH
RC POS 502 id 474 seat 13 role raid fs 0 body 1 pos 0,3 stuck 6
RC WALK 502 id 474 role raid pos 0,3 tgt 5,5 want EAST
V527I SEALNT 503 ph 1 fwd 0 hv 5
RC POS 503 id 7 seat 2 role expand fs 0 body 1 pos 4,2 stuck 3
RC WALK 503 id 7 role expand pos 4,2 tgt 3,9 want SOUTH
RC POS 503 id 277 seat 6 role raid fs 1 body 1 pos 4,6 stuck 0
RC WALK 503 id 277 role raid pos 4,6 tgt 8,5 want WEST
RC POS 503 id 463 seat 7 role raid fs 1 body 1 pos 3,5 stuck 11
RC POS 503 id 465 seat 8 role raid fs 1 body 2 pos 2,5 stuck 0
RC WALK 503 id 465 role raid pos 2,5 tgt 8,8 want EAST
RC POS 503 id 467 seat 9 role raid fs 0 body 1 pos 1,3 stuck 3
RC POS 503 id 469 seat 10 role raid fs 0 body 1 pos 1,6 stuck 0
RC WALK 503 id 469 role raid pos 1,6 tgt 8,5 want NORTH
RC POS 503 id 470 seat 11 role raid fs 0 body 1 pos 3,1 stuck 0
RC POS 503 id 472 seat 12 role raid fs 0 body 1 pos 2,4 stuck 0
RC POS 503 id 474 seat 13 role raid fs 0 body 1 pos 0,3 stuck 8
RC WALK 503 id 474 role raid pos 0,3 tgt 5,5 want EAST
V527I SEALNT 504 ph 1 fwd 0 hv 5
RC POS 504 id 277 seat 6 role raid fs 1 body 1 pos 3,6 stuck 0
RC WALK 504 id 277 role raid pos 3,6 tgt 8,5 want NORTH
RC POS 504 id 463 seat 7 role raid fs 1 body 1 pos 3,5 stuck 12
RC POS 504 id 465 seat 8 role raid fs 1 body 2 pos 1,5 stuck 0
RC WALK 504 id 465 role raid pos 1,5 tgt 8,8 want EAST
RC POS 504 id 467 seat 9 role raid fs 0 body 1 pos 1,3 stuck 4
RC POS 504 id 469 seat 10 role raid fs 0 body 1 pos 1,7 stuck 0
RC WALK 504 id 469 role raid pos 1,7 tgt 8,5 want NORTH
RC POS 504 id 470 seat 11 role raid fs 0 body 1 pos 3,1 stuck 1
RC WALK 504 id 470 role raid pos 3,1 tgt 5,5 want SOUTH
RC POS 504 id 472 seat 12 role raid fs 0 body 1 pos 2,4 stuck 1
RC WALK 504 id 472 role raid pos 2,4 tgt 8,5 want EAST
RC POS 504 id 474 seat 13 role raid fs 0 body 1 pos 0,3 stuck 10
RC WALK 504 id 474 role raid pos 0,3 tgt 5,5 want EAST
V527I SEALNT 505 ph 1 fwd 0 hv 5
RC POS 505 id 7 seat 2 role expand fs 0 body 1 pos 4,2 stuck 6
V528 PICK r 505 id 7 tgt 3,9 cs 26 bs 26 reg 0 cc 6 bc 6 cands 2 banned 2 regall 0 seat 2
RC WALK 505 id 7 role expand pos 4,2 tgt 3,9 want SOUTH
RC POS 505 id 277 seat 6 role raid fs 1 body 1 pos 4,6 stuck 0
RC WALK 505 id 277 role raid pos 4,6 tgt 8,5 want WEST
RC POS 505 id 463 seat 7 role raid fs 1 body 1 pos 3,5 stuck 13
RC POS 505 id 465 seat 8 role raid fs 1 body 2 pos 2,5 stuck 0
RC WALK 505 id 465 role raid pos 2,5 tgt 8,8 want EAST
RC POS 505 id 467 seat 9 role raid fs 0 body 1 pos 1,3 stuck 5
RC POS 505 id 469 seat 10 role raid fs 0 body 1 pos 1,6 stuck 0
RC WALK 505 id 469 role raid pos 1,6 tgt 8,5 want NORTH
RC POS 505 id 470 seat 11 role raid fs 0 body 1 pos 2,1 stuck 0
RC POS 505 id 472 seat 12 role raid fs 0 body 1 pos 3,4 stuck 0
RC POS 505 id 474 seat 13 role raid fs 0 body 1 pos 0,3 stuck 12
RC WALK 505 id 474 role raid pos 0,3 tgt 5,5 want EAST
V527I SEALNT 506 ph 1 fwd 0 hv 5
RC POS 506 id 277 seat 6 role raid fs 1 body 1 pos 3,6 stuck 0
RC WALK 506 id 277 role raid pos 3,6 tgt 8,5 want NORTH
RC POS 506 id 463 seat 7 role raid fs 1 body 1 pos 3,5 stuck 14
RC POS 506 id 465 seat 8 role raid fs 1 body 2 pos 2,4 stuck 0
RC WALK 506 id 465 role raid pos 2,4 tgt 8,8 want EAST
RC POS 506 id 467 seat 9 role raid fs 0 body 1 pos 1,3 stuck 6
RC POS 506 id 469 seat 10 role raid fs 0 body 1 pos 1,5 stuck 0
RC WALK 506 id 469 role raid pos 1,5 tgt 8,5 want EAST
RC POS 506 id 470 seat 11 role raid fs 0 body 1 pos 2,1 stuck 1
RC WALK 506 id 470 role raid pos 2,1 tgt 5,5 want SOUTH
RC POS 506 id 472 seat 12 role raid fs 0 body 1 pos 3,4 stuck 1
RC WALK 506 id 472 role raid pos 3,4 tgt 8,5 want SOUTH
RC POS 506 id 474 seat 13 role raid fs 0 body 1 pos 0,3 stuck 14
RC WALK 506 id 474 role raid pos 0,3 tgt 5,5 want EAST
V527I SEALNT 507 ph 1 fwd 0 hv 5
RC POS 507 id 7 seat 2 role expand fs 0 body 1 pos 4,2 stuck 3
RC WALK 507 id 7 role expand pos 4,2 tgt 3,9 want SOUTH
RC POS 507 id 277 seat 6 role raid fs 1 body 1 pos 4,6 stuck 0
RC WALK 507 id 277 role raid pos 4,6 tgt 8,5 want WEST
RC POS 507 id 463 seat 7 role raid fs 1 body 1 pos 3,5 stuck 15
RC POS 507 id 465 seat 8 role raid fs 1 body 2 pos 2,5 stuck 0
RC WALK 507 id 465 role raid pos 2,5 tgt 8,8 want EAST
RC POS 507 id 467 seat 9 role raid fs 0 body 1 pos 1,3 stuck 7
RC POS 507 id 469 seat 10 role raid fs 0 body 1 pos 1,6 stuck 0
RC WALK 507 id 469 role raid pos 1,6 tgt 8,5 want NORTH
RC POS 507 id 470 seat 11 role raid fs 0 body 1 pos 3,1 stuck 0
RC POS 507 id 472 seat 12 role raid fs 0 body 1 pos 2,4 stuck 0
RC POS 507 id 474 seat 13 role raid fs 0 body 1 pos 0,3 stuck 1
RC WALK 507 id 474 role raid pos 0,3 tgt 8,5 want EAST
V527I SEALNT 508 ph 1 fwd 0 hv 5
RC POS 508 id 277 seat 6 role raid fs 1 body 1 pos 3,6 stuck 0
RC WALK 508 id 277 role raid pos 3,6 tgt 8,5 want NORTH
RC POS 508 id 463 seat 7 role raid fs 1 body 1 pos 3,5 stuck 16
RC POS 508 id 465 seat 8 role raid fs 1 body 2 pos 1,5 stuck 0
RC WALK 508 id 465 role raid pos 1,5 tgt 8,8 want EAST
RC POS 508 id 467 seat 9 role raid fs 0 body 1 pos 1,3 stuck 8
RC POS 508 id 469 seat 10 role raid fs 0 body 1 pos 1,7 stuck 0
RC WALK 508 id 469 role raid pos 1,7 tgt 5,8 want NORTH
RC POS 508 id 470 seat 11 role raid fs 0 body 1 pos 3,1 stuck 1
RC WALK 508 id 470 role raid pos 3,1 tgt 8,5 want EAST
RC POS 508 id 472 seat 12 role raid fs 0 body 1 pos 2,4 stuck 1
RC WALK 508 id 472 role raid pos 2,4 tgt 8,5 want EAST
RC POS 508 id 474 seat 13 role raid fs 0 body 1 pos 0,3 stuck 3
RC WALK 508 id 474 role raid pos 0,3 tgt 8,5 want EAST
V527I SEALNT 509 ph 1 fwd 0 hv 5
RC POS 509 id 7 seat 2 role expand fs 0 body 1 pos 4,2 stuck 6
V528 PICK r 509 id 7 tgt 3,9 cs 26 bs 26 reg 0 cc 6 bc 6 cands 2 banned 2 regall 0 seat 2
RC WALK 509 id 7 role expand pos 4,2 tgt 3,9 want SOUTH
RC POS 509 id 277 seat 6 role raid fs 1 body 1 pos 4,6 stuck 0
RC WALK 509 id 277 role raid pos 4,6 tgt 8,5 want WEST
RC POS 509 id 463 seat 7 role raid fs 1 body 1 pos 3,5 stuck 17
RC POS 509 id 465 seat 8 role raid fs 1 body 2 pos 2,5 stuck 0
RC WALK 509 id 465 role raid pos 2,5 tgt 8,8 want EAST
RC POS 509 id 467 seat 9 role raid fs 0 body 1 pos 1,3 stuck 9
RC POS 509 id 469 seat 10 role raid fs 0 body 1 pos 1,6 stuck 0
RC WALK 509 id 469 role raid pos 1,6 tgt 5,8 want NORTH
RC POS 509 id 470 seat 11 role raid fs 0 body 1 pos 3,0 stuck 0
RC WALK 509 id 470 role raid pos 3,0 tgt 8,5 want EAST
RC POS 509 id 472 seat 12 role raid fs 0 body 1 pos 3,4 stuck 0
RC POS 509 id 474 seat 13 role raid fs 0 body 1 pos 0,3 stuck 5
RC WALK 509 id 474 role raid pos 0,3 tgt 8,5 want EAST
V527I SEALNT 510 ph 1 fwd 0 hv 5
RC POS 510 id 277 seat 6 role raid fs 1 body 1 pos 3,6 stuck 0
RC WALK 510 id 277 role raid pos 3,6 tgt 8,5 want NORTH
RC POS 510 id 463 seat 7 role raid fs 1 body 1 pos 3,5 stuck 18
RC POS 510 id 465 seat 8 role raid fs 1 body 2 pos 2,4 stuck 0
RC WALK 510 id 465 role raid pos 2,4 tgt 8,8 want EAST
RC POS 510 id 467 seat 9 role raid fs 0 body 1 pos 1,3 stuck 10
RC POS 510 id 469 seat 10 role raid fs 0 body 1 pos 1,5 stuck 0
RC WALK 510 id 469 role raid pos 1,5 tgt 5,8 want EAST
RC POS 510 id 470 seat 11 role raid fs 0 body 1 pos 4,0 stuck 0
RC WALK 510 id 470 role raid pos 4,0 tgt 8,5 want SOUTH
RC POS 510 id 472 seat 12 role raid fs 0 body 1 pos 3,4 stuck 1
RC POS 510 id 474 seat 13 role raid fs 0 body 1 pos 0,3 stuck 7
RC WALK 510 id 474 role raid pos 0,3 tgt 8,5 want EAST
V527I SEALNT 511 ph 1 fwd 0 hv 5
RC POS 511 id 7 seat 2 role expand fs 0 body 1 pos 4,2 stuck 3
RC WALK 511 id 7 role expand pos 4,2 tgt 3,9 want SOUTH
RC POS 511 id 277 seat 6 role raid fs 1 body 1 pos 4,6 stuck 0
RC WALK 511 id 277 role raid pos 4,6 tgt 8,5 want WEST
RC POS 511 id 463 seat 7 role raid fs 1 body 1 pos 3,5 stuck 19
RC POS 511 id 465 seat 8 role raid fs 1 body 2 pos 2,5 stuck 0
RC WALK 511 id 465 role raid pos 2,5 tgt 8,8 want EAST
RC POS 511 id 467 seat 9 role raid fs 0 body 1 pos 1,3 stuck 11
RC POS 511 id 469 seat 10 role raid fs 0 body 1 pos 1,6 stuck 0
RC WALK 511 id 469 role raid pos 1,6 tgt 5,8 want NORTH
RC POS 511 id 470 seat 11 role raid fs 0 body 1 pos 3,0 stuck 0
RC WALK 511 id 470 role raid pos 3,0 tgt 8,5 want EAST
RC POS 511 id 472 seat 12 role raid fs 0 body 1 pos 3,4 stuck 2
RC POS 511 id 474 seat 13 role raid fs 0 body 1 pos 0,3 stuck 9
RC WALK 511 id 474 role raid pos 0,3 tgt 8,5 want EAST
V527I SEALNT 512 ph 1 fwd 0 hv 5
RC POS 512 id 277 seat 6 role raid fs 1 body 1 pos 3,6 stuck 0
RC WALK 512 id 277 role raid pos 3,6 tgt 8,5 want NORTH
RC POS 512 id 463 seat 7 role raid fs 1 body 1 pos 3,5 stuck 20
RC POS 512 id 465 seat 8 role raid fs 1 body 2 pos 2,4 stuck 0
RC WALK 512 id 465 role raid pos 2,4 tgt 8,8 want EAST
RC POS 512 id 467 seat 9 role raid fs 0 body 1 pos 1,3 stuck 12
RC POS 512 id 469 seat 10 role raid fs 0 body 1 pos 1,5 stuck 0
RC WALK 512 id 469 role raid pos 1,5 tgt 5,8 want EAST
RC POS 512 id 470 seat 11 role raid fs 0 body 1 pos 4,0 stuck 0
RC WALK 512 id 470 role raid pos 4,0 tgt 8,5 want SOUTH
RC POS 512 id 472 seat 12 role raid fs 0 body 1 pos 3,4 stuck 3
RC POS 512 id 474 seat 13 role raid fs 0 body 1 pos 0,3 stuck 11
RC WALK 512 id 474 role raid pos 0,3 tgt 8,5 want EAST
V527I SEALNT 513 ph 1 fwd 0 hv 5
RC POS 513 id 7 seat 2 role expand fs 0 body 1 pos 4,2 stuck 6
V528 PICK r 513 id 7 tgt 3,9 cs 26 bs 26 reg 0 cc 6 bc 6 cands 2 banned 2 regall 0 seat 2
RC WALK 513 id 7 role expand pos 4,2 tgt 3,9 want SOUTH
RC POS 513 id 277 seat 6 role raid fs 1 body 1 pos 4,6 stuck 0
RC WALK 513 id 277 role raid pos 4,6 tgt 8,5 want WEST
RC POS 513 id 463 seat 7 role raid fs 1 body 1 pos 3,5 stuck 21
RC POS 513 id 465 seat 8 role raid fs 1 body 2 pos 2,5 stuck 0
RC WALK 513 id 465 role raid pos 2,5 tgt 8,8 want EAST
RC POS 513 id 467 seat 9 role raid fs 0 body 1 pos 1,3 stuck 13
RC POS 513 id 469 seat 10 role raid fs 0 body 1 pos 1,6 stuck 0
RC WALK 513 id 469 role raid pos 1,6 tgt 5,8 want NORTH
RC POS 513 id 470 seat 11 role raid fs 0 body 1 pos 3,0 stuck 0
RC WALK 513 id 470 role raid pos 3,0 tgt 8,5 want EAST
RC POS 513 id 472 seat 12 role raid fs 0 body 1 pos 3,4 stuck 4
RC POS 513 id 474 seat 13 role raid fs 0 body 1 pos 0,3 stuck 13
RC WALK 513 id 474 role raid pos 0,3 tgt 8,5 want EAST
V527I SEALNT 514 ph 1 fwd 0 hv 5
RC POS 514 id 277 seat 6 role raid fs 1 body 1 pos 3,6 stuck 0
RC WALK 514 id 277 role raid pos 3,6 tgt 8,5 want NORTH
RC POS 514 id 463 seat 7 role raid fs 1 body 1 pos 3,5 stuck 22
RC POS 514 id 465 seat 8 role raid fs 1 body 2 pos 2,4 stuck 0
RC WALK 514 id 465 role raid pos 2,4 tgt 8,8 want EAST
RC POS 514 id 467 seat 9 role raid fs 0 body 1 pos 1,3 stuck 14
RC POS 514 id 469 seat 10 role raid fs 0 body 1 pos 1,5 stuck 0
RC WALK 514 id 469 role raid pos 1,5 tgt 8,5 want EAST
RC POS 514 id 470 seat 11 role raid fs 0 body 1 pos 4,0 stuck 0
RC WALK 514 id 470 role raid pos 4,0 tgt 5,5 want SOUTH
RC POS 514 id 472 seat 12 role raid fs 0 body 1 pos 3,4 stuck 5
RC POS 514 id 474 seat 13 role raid fs 0 body 1 pos 0,3 stuck 15
RC WALK 514 id 474 role raid pos 0,3 tgt 8,5 want EAST
V527I SEALNT 515 ph 1 fwd 0 hv 5
RC POS 515 id 7 seat 2 role expand fs 0 body 1 pos 4,2 stuck 3
RC WALK 515 id 7 role expand pos 4,2 tgt 3,9 want SOUTH
RC POS 515 id 277 seat 6 role raid fs 1 body 1 pos 4,6 stuck 0
RC WALK 515 id 277 role raid pos 4,6 tgt 8,5 want WEST
RC POS 515 id 463 seat 7 role raid fs 1 body 1 pos 3,5 stuck 23
RC POS 515 id 465 seat 8 role raid fs 1 body 2 pos 2,5 stuck 0
RC WALK 515 id 465 role raid pos 2,5 tgt 8,8 want EAST
RC POS 515 id 467 seat 9 role raid fs 0 body 1 pos 1,3 stuck 15
RC POS 515 id 469 seat 10 role raid fs 0 body 1 pos 1,6 stuck 0
RC WALK 515 id 469 role raid pos 1,6 tgt 8,5 want NORTH
RC POS 515 id 470 seat 11 role raid fs 0 body 1 pos 3,0 stuck 0
RC WALK 515 id 470 role raid pos 3,0 tgt 5,5 want SOUTH
RC POS 515 id 472 seat 12 role raid fs 0 body 1 pos 3,4 stuck 6
RC POS 515 id 474 seat 13 role raid fs 0 body 1 pos 0,3 stuck 1
RC WALK 515 id 474 role raid pos 0,3 tgt 5,8 want EAST
V527I SEALNT 516 ph 1 fwd 0 hv 5
RC POS 516 id 277 seat 6 role raid fs 1 body 1 pos 3,6 stuck 0
RC WALK 516 id 277 role raid pos 3,6 tgt 8,5 want NORTH
RC POS 516 id 463 seat 7 role raid fs 1 body 1 pos 3,5 stuck 24
RC POS 516 id 465 seat 8 role raid fs 1 body 2 pos 2,4 stuck 0
RC WALK 516 id 465 role raid pos 2,4 tgt 8,8 want EAST
RC POS 516 id 467 seat 9 role raid fs 0 body 1 pos 1,3 stuck 16
RC POS 516 id 469 seat 10 role raid fs 0 body 1 pos 1,5 stuck 0
RC WALK 516 id 469 role raid pos 1,5 tgt 8,5 want EAST
RC POS 516 id 470 seat 11 role raid fs 0 body 1 pos 3,1 stuck 0
RC POS 516 id 472 seat 12 role raid fs 0 body 1 pos 3,4 stuck 7
RC WALK 516 id 472 role raid pos 3,4 tgt 8,5 want SOUTH
RC POS 516 id 474 seat 13 role raid fs 0 body 1 pos 0,3 stuck 3
RC WALK 516 id 474 role raid pos 0,3 tgt 5,8 want EAST
V527I SEALNT 517 ph 1 fwd 0 hv 5
RC POS 517 id 7 seat 2 role expand fs 0 body 1 pos 4,2 stuck 6
V528 PICK r 517 id 7 tgt 3,9 cs 26 bs 26 reg 0 cc 6 bc 6 cands 2 banned 2 regall 0 seat 2
RC WALK 517 id 7 role expand pos 4,2 tgt 3,9 want SOUTH
RC POS 517 id 277 seat 6 role raid fs 1 body 1 pos 4,6 stuck 0
RC WALK 517 id 277 role raid pos 4,6 tgt 8,5 want WEST
RC POS 517 id 463 seat 7 role raid fs 1 body 1 pos 3,5 stuck 25
RC POS 517 id 465 seat 8 role raid fs 1 body 2 pos 2,5 stuck 0
RC WALK 517 id 465 role raid pos 2,5 tgt 8,8 want EAST
RC POS 517 id 467 seat 9 role raid fs 0 body 1 pos 1,3 stuck 17
RC POS 517 id 469 seat 10 role raid fs 0 body 1 pos 1,6 stuck 0
RC WALK 517 id 469 role raid pos 1,6 tgt 8,5 want NORTH
RC POS 517 id 470 seat 11 role raid fs 0 body 1 pos 3,1 stuck 1
RC POS 517 id 472 seat 12 role raid fs 0 body 1 pos 2,4 stuck 0
RC POS 517 id 474 seat 13 role raid fs 0 body 1 pos 0,3 stuck 5
RC WALK 517 id 474 role raid pos 0,3 tgt 5,8 want EAST
V527I SEALNT 518 ph 1 fwd 0 hv 5
RC POS 518 id 277 seat 6 role raid fs 1 body 1 pos 3,6 stuck 0
RC WALK 518 id 277 role raid pos 3,6 tgt 8,5 want NORTH
RC POS 518 id 463 seat 7 role raid fs 1 body 1 pos 3,5 stuck 26
RC POS 518 id 465 seat 8 role raid fs 1 body 2 pos 1,5 stuck 0
RC WALK 518 id 465 role raid pos 1,5 tgt 8,8 want EAST
RC POS 518 id 467 seat 9 role raid fs 0 body 1 pos 1,3 stuck 18
RC POS 518 id 469 seat 10 role raid fs 0 body 1 pos 1,7 stuck 0
RC WALK 518 id 469 role raid pos 1,7 tgt 8,5 want NORTH
RC POS 518 id 470 seat 11 role raid fs 0 body 1 pos 3,1 stuck 2
RC WALK 518 id 470 role raid pos 3,1 tgt 5,5 want SOUTH
RC POS 518 id 472 seat 12 role raid fs 0 body 1 pos 2,4 stuck 1
RC WALK 518 id 472 role raid pos 2,4 tgt 8,5 want EAST
RC POS 518 id 474 seat 13 role raid fs 0 body 1 pos 0,3 stuck 7
RC WALK 518 id 474 role raid pos 0,3 tgt 5,8 want EAST
V527I SEALNT 519 ph 1 fwd 0 hv 5
RC POS 519 id 7 seat 2 role expand fs 0 body 1 pos 4,2 stuck 3
RC WALK 519 id 7 role expand pos 4,2 tgt 3,9 want SOUTH
RC POS 519 id 277 seat 6 role raid fs 1 body 1 pos 4,6 stuck 0
RC WALK 519 id 277 role raid pos 4,6 tgt 8,5 want WEST
RC POS 519 id 463 seat 7 role raid fs 1 body 1 pos 3,5 stuck 27
RC POS 519 id 465 seat 8 role raid fs 1 body 2 pos 2,5 stuck 0
RC WALK 519 id 465 role raid pos 2,5 tgt 8,8 want EAST
RC POS 519 id 467 seat 9 role raid fs 0 body 1 pos 1,3 stuck 19
RC POS 519 id 469 seat 10 role raid fs 0 body 1 pos 1,6 stuck 0
RC WALK 519 id 469 role raid pos 1,6 tgt 8,5 want NORTH
RC POS 519 id 470 seat 11 role raid fs 0 body 1 pos 2,1 stuck 0
RC POS 519 id 472 seat 12 role raid fs 0 body 1 pos 3,4 stuck 0
RC POS 519 id 474 seat 13 role raid fs 0 body 1 pos 0,3 stuck 9
RC WALK 519 id 474 role raid pos 0,3 tgt 5,8 want EAST
V527I SEALNT 520 ph 1 fwd 0 hv 5
RC POS 520 id 277 seat 6 role raid fs 1 body 1 pos 3,6 stuck 0
RC WALK 520 id 277 role raid pos 3,6 tgt 8,5 want NORTH
RC POS 520 id 463 seat 7 role raid fs 1 body 1 pos 3,5 stuck 28
RC POS 520 id 465 seat 8 role raid fs 1 body 2 pos 2,4 stuck 0
RC WALK 520 id 465 role raid pos 2,4 tgt 8,8 want EAST
RC POS 520 id 467 seat 9 role raid fs 0 body 1 pos 1,3 stuck 20
RC POS 520 id 469 seat 10 role raid fs 0 body 1 pos 1,5 stuck 0
RC WALK 520 id 469 role raid pos 1,5 tgt 8,5 want EAST
RC POS 520 id 470 seat 11 role raid fs 0 body 1 pos 2,1 stuck 1
RC WALK 520 id 470 role raid pos 2,1 tgt 5,5 want SOUTH
RC POS 520 id 472 seat 12 role raid fs 0 body 1 pos 3,4 stuck 1
RC WALK 520 id 472 role raid pos 3,4 tgt 8,5 want SOUTH
RC POS 520 id 474 seat 13 role raid fs 0 body 1 pos 0,3 stuck 11
RC WALK 520 id 474 role raid pos 0,3 tgt 5,8 want EAST
V527I SEALNT 521 ph 1 fwd 0 hv 5
RC POS 521 id 7 seat 2 role expand fs 0 body 1 pos 4,2 stuck 6
V528 PICK r 521 id 7 tgt 3,9 cs 26 bs 26 reg 0 cc 6 bc 6 cands 2 banned 2 regall 0 seat 2
RC WALK 521 id 7 role expand pos 4,2 tgt 3,9 want SOUTH
RC POS 521 id 277 seat 6 role raid fs 1 body 1 pos 4,6 stuck 0
RC WALK 521 id 277 role raid pos 4,6 tgt 8,5 want WEST
RC POS 521 id 463 seat 7 role raid fs 1 body 1 pos 3,5 stuck 29
RC POS 521 id 465 seat 8 role raid fs 1 body 2 pos 2,5 stuck 0
RC WALK 521 id 465 role raid pos 2,5 tgt 8,8 want EAST
RC POS 521 id 467 seat 9 role raid fs 0 body 1 pos 1,3 stuck 21
RC POS 521 id 469 seat 10 role raid fs 0 body 1 pos 1,6 stuck 0
RC WALK 521 id 469 role raid pos 1,6 tgt 8,5 want NORTH
RC POS 521 id 470 seat 11 role raid fs 0 body 1 pos 3,1 stuck 0
RC POS 521 id 472 seat 12 role raid fs 0 body 1 pos 2,4 stuck 0
RC POS 521 id 474 seat 13 role raid fs 0 body 1 pos 0,3 stuck 13
RC WALK 521 id 474 role raid pos 0,3 tgt 5,8 want EAST
V527I SEALNT 522 ph 1 fwd 0 hv 5
RC POS 522 id 277 seat 6 role raid fs 1 body 1 pos 3,6 stuck 0
RC WALK 522 id 277 role raid pos 3,6 tgt 8,5 want NORTH
RC POS 522 id 463 seat 7 role raid fs 1 body 1 pos 3,5 stuck 30
RC POS 522 id 465 seat 8 role raid fs 1 body 2 pos 1,5 stuck 0
RC WALK 522 id 465 role raid pos 1,5 tgt 8,8 want EAST
RC POS 522 id 467 seat 9 role raid fs 0 body 1 pos 1,3 stuck 22
RC POS 522 id 469 seat 10 role raid fs 0 body 1 pos 1,7 stuck 0
RC WALK 522 id 469 role raid pos 1,7 tgt 8,5 want NORTH
RC POS 522 id 470 seat 11 role raid fs 0 body 1 pos 3,1 stuck 1
RC WALK 522 id 470 role raid pos 3,1 tgt 5,5 want SOUTH
RC POS 522 id 472 seat 12 role raid fs 0 body 1 pos 2,4 stuck 1
RC WALK 522 id 472 role raid pos 2,4 tgt 8,5 want EAST
RC POS 522 id 474 seat 13 role raid fs 0 body 1 pos 0,3 stuck 15
RC WALK 522 id 474 role raid pos 0,3 tgt 5,8 want EAST
V527I SEALNT 523 ph 1 fwd 0 hv 5
RC POS 523 id 7 seat 2 role expand fs 0 body 1 pos 4,2 stuck 3
RC WALK 523 id 7 role expand pos 4,2 tgt 3,9 want SOUTH
RC POS 523 id 277 seat 6 role raid fs 1 body 1 pos 4,6 stuck 0
RC WALK 523 id 277 role raid pos 4,6 tgt 8,5 want WEST
RC POS 523 id 463 seat 7 role raid fs 1 body 1 pos 3,5 stuck 31
RC WALK 523 id 463 role raid pos 3,5 tgt 8,5 want SOUTH
RC POS 523 id 465 seat 8 role raid fs 1 body 2 pos 2,5 stuck 0
RC WALK 523 id 465 role raid pos 2,5 tgt 8,8 want EAST
RC POS 523 id 467 seat 9 role raid fs 0 body 1 pos 1,3 stuck 23
RC POS 523 id 469 seat 10 role raid fs 0 body 1 pos 1,6 stuck 0
RC WALK 523 id 469 role raid pos 1,6 tgt 8,5 want NORTH
RC POS 523 id 470 seat 11 role raid fs 0 body 1 pos 2,1 stuck 0
RC POS 523 id 472 seat 12 role raid fs 0 body 1 pos 3,4 stuck 0
RC POS 523 id 474 seat 13 role raid fs 0 body 1 pos 0,3 stuck 1
RC WALK 523 id 474 role raid pos 0,3 tgt 2,2 want EAST
V527I SEALNT 524 ph 1 fwd 0 hv 5
RC POS 524 id 277 seat 6 role raid fs 1 body 1 pos 3,6 stuck 0
RC WALK 524 id 277 role raid pos 3,6 tgt 8,5 want NORTH
RC POS 524 id 463 seat 7 role raid fs 1 body 1 pos 3,5 stuck 33
RC WALK 524 id 463 role raid pos 3,5 tgt 8,5 want SOUTH
RC POS 524 id 465 seat 8 role raid fs 1 body 2 pos 2,4 stuck 0
RC WALK 524 id 465 role raid pos 2,4 tgt 8,8 want EAST
RC POS 524 id 467 seat 9 role raid fs 0 body 1 pos 1,3 stuck 24
RC POS 524 id 469 seat 10 role raid fs 0 body 1 pos 1,5 stuck 0
RC WALK 524 id 469 role raid pos 1,5 tgt 8,5 want EAST
RC POS 524 id 470 seat 11 role raid fs 0 body 1 pos 2,1 stuck 1
RC WALK 524 id 470 role raid pos 2,1 tgt 5,5 want SOUTH
RC POS 524 id 472 seat 12 role raid fs 0 body 1 pos 3,4 stuck 1
RC WALK 524 id 472 role raid pos 3,4 tgt 8,5 want SOUTH
RC POS 524 id 474 seat 13 role raid fs 0 body 1 pos 0,3 stuck 3
V528 PICK r 524 id 474 tgt 1,8 cs 6 bs 6 reg 0 cc 0 bc 0 cands 3 banned 0 regall 0 seat 13
RC WALK 524 id 474 role raid pos 0,3 tgt 1,8 want EAST
V527I SEALNT 525 ph 1 fwd 0 hv 5
RC POS 525 id 7 seat 2 role expand fs 0 body 1 pos 4,2 stuck 6
V528 PICK r 525 id 7 tgt 3,9 cs 26 bs 26 reg 0 cc 6 bc 6 cands 2 banned 2 regall 0 seat 2
RC WALK 525 id 7 role expand pos 4,2 tgt 3,9 want SOUTH
RC POS 525 id 277 seat 6 role raid fs 1 body 1 pos 4,6 stuck 0
RC WALK 525 id 277 role raid pos 4,6 tgt 8,5 want WEST
RC POS 525 id 463 seat 7 role raid fs 1 body 1 pos 3,6 stuck 0
RC WALK 525 id 463 role raid pos 3,6 tgt 8,5 want NORTH
RC POS 525 id 465 seat 8 role raid fs 1 body 2 pos 2,5 stuck 0
RC WALK 525 id 465 role raid pos 2,5 tgt 8,8 want EAST
RC POS 525 id 467 seat 9 role raid fs 0 body 1 pos 1,3 stuck 25
RC POS 525 id 469 seat 10 role raid fs 0 body 1 pos 1,6 stuck 0
RC WALK 525 id 469 role raid pos 1,6 tgt 8,5 want NORTH
RC POS 525 id 470 seat 11 role raid fs 0 body 1 pos 3,1 stuck 0
RC POS 525 id 472 seat 12 role raid fs 0 body 1 pos 3,5 stuck 0
RC WALK 525 id 472 role raid pos 3,5 tgt 8,5 want SOUTH
RC POS 525 id 474 seat 13 role raid fs 0 body 1 pos 0,3 stuck 2
RC WALK 525 id 474 role raid pos 0,3 tgt 1,2 want EAST
V527I SEALNT 526 ph 1 fwd 0 hv 5
RC POS 526 id 277 seat 6 role raid fs 1 body 1 pos 4,7 stuck 0
RC POS 526 id 463 seat 7 role raid fs 1 body 1 pos 4,6 stuck 0
RC WALK 526 id 463 role raid pos 4,6 tgt 8,5 want WEST
RC POS 526 id 465 seat 8 role raid fs 1 body 2 pos 2,4 stuck 0
RC WALK 526 id 465 role raid pos 2,4 tgt 8,8 want EAST
RC POS 526 id 467 seat 9 role raid fs 0 body 1 pos 1,3 stuck 26
RC POS 526 id 469 seat 10 role raid fs 0 body 1 pos 1,5 stuck 0
RC WALK 526 id 469 role raid pos 1,5 tgt 8,5 want EAST
RC POS 526 id 470 seat 11 role raid fs 0 body 1 pos 3,1 stuck 1
RC POS 526 id 472 seat 12 role raid fs 0 body 1 pos 3,6 stuck 0
RC WALK 526 id 472 role raid pos 3,6 tgt 8,5 want NORTH
RC POS 526 id 474 seat 13 role raid fs 0 body 1 pos 0,3 stuck 4
V528 PICK r 526 id 474 tgt 1,8 cs 6 bs 6 reg 0 cc 0 bc 0 cands 3 banned 0 regall 0 seat 13
RC WALK 526 id 474 role raid pos 0,3 tgt 1,8 want EAST
V527I SEALNT 527 ph 1 fwd 3 hv 5
RC POS 527 id 7 seat 2 role expand fs 0 body 1 pos 4,2 stuck 3
RC WALK 527 id 7 role expand pos 4,2 tgt 3,9 want SOUTH
RC POS 527 id 277 seat 6 role raid fs 1 body 1 pos 4,7 stuck 1
RC WALK 527 id 277 role raid pos 4,7 tgt 8,5 want NORTH
RC POS 527 id 463 seat 7 role raid fs 1 body 1 pos 4,6 stuck 2
RC WALK 527 id 463 role raid pos 4,6 tgt 8,5 want WEST
RC POS 527 id 465 seat 8 role raid fs 1 body 2 pos 3,4 stuck 0
RC POS 527 id 467 seat 9 role raid fs 0 body 1 pos 1,3 stuck 27
RC POS 527 id 469 seat 10 role raid fs 0 body 1 pos 2,5 stuck 0
RC WALK 527 id 469 role raid pos 2,5 tgt 8,5 want EAST
RC POS 527 id 470 seat 11 role raid fs 0 body 1 pos 3,1 stuck 2
RC POS 527 id 472 seat 12 role raid fs 0 body 1 pos 3,5 stuck 0
RC WALK 527 id 472 role raid pos 3,5 tgt 8,5 want EAST
RC POS 527 id 474 seat 13 role raid fs 0 body 1 pos 0,3 stuck 2
RC WALK 527 id 474 role raid pos 0,3 tgt 2,2 want EAST
V527I SEALNT 528 ph 1 fwd 3 hv 5
RC POS 528 id 277 seat 6 role raid fs 1 body 1 pos 4,7 stuck 3
RC WALK 528 id 277 role raid pos 4,7 tgt 8,5 want NORTH
RC POS 528 id 463 seat 7 role raid fs 1 body 1 pos 3,6 stuck 0
RC WALK 528 id 463 role raid pos 3,6 tgt 8,5 want NORTH
RC POS 528 id 465 seat 8 role raid fs 1 body 2 pos 3,4 stuck 1
RC POS 528 id 467 seat 9 role raid fs 0 body 1 pos 1,3 stuck 28
RC POS 528 id 469 seat 10 role raid fs 0 body 1 pos 2,4 stuck 0
RC POS 528 id 470 seat 11 role raid fs 0 body 1 pos 3,1 stuck 3
RC WALK 528 id 470 role raid pos 3,1 tgt 8,5 want EAST
RC POS 528 id 472 seat 12 role raid fs 0 body 1 pos 2,5 stuck 0
RC WALK 528 id 472 role raid pos 2,5 tgt 8,5 want EAST
RC POS 528 id 474 seat 13 role raid fs 0 body 1 pos 0,3 stuck 4
V528 PICK r 528 id 474 tgt 1,8 cs 6 bs 6 reg 0 cc 0 bc 0 cands 3 banned 0 regall 0 seat 13
RC WALK 528 id 474 role raid pos 0,3 tgt 1,8 want EAST
V527I SEALNT 529 ph 1 fwd 3 hv 5
RC POS 529 id 7 seat 2 role expand fs 0 body 1 pos 4,2 stuck 6
V528 PICK r 529 id 7 tgt 8,1 cs 1205 bs 1205 reg 0 cc 400 bc 400 cands 2 banned 1 regall 1179 seat 2
RC WALK 529 id 7 role expand pos 4,2 tgt 8,1 want EAST
RC POS 529 id 277 seat 6 role raid fs 1 body 1 pos 4,6 stuck 0
RC WALK 529 id 277 role raid pos 4,6 tgt 8,5 want WEST
RC POS 529 id 463 seat 7 role raid fs 1 body 1 pos 3,5 stuck 0
RC WALK 529 id 463 role raid pos 3,5 tgt 8,5 want EAST
RC POS 529 id 465 seat 8 role raid fs 1 body 2 pos 3,4 stuck 2
RC POS 529 id 467 seat 9 role raid fs 0 body 1 pos 1,3 stuck 29
RC POS 529 id 469 seat 10 role raid fs 0 body 1 pos 2,4 stuck 1
RC POS 529 id 470 seat 11 role raid fs 0 body 1 pos 3,0 stuck 0
RC WALK 529 id 470 role raid pos 3,0 tgt 8,5 want EAST
RC POS 529 id 472 seat 12 role raid fs 0 body 1 pos 1,5 stuck 0
RC WALK 529 id 472 role raid pos 1,5 tgt 8,5 want EAST
RC POS 529 id 474 seat 13 role raid fs 0 body 1 pos 0,3 stuck 2
RC WALK 529 id 474 role raid pos 0,3 tgt 2,2 want EAST
V527I SEALNT 530 ph 1 fwd 3 hv 5
RC POS 530 id 277 seat 6 role raid fs 1 body 1 pos 3,6 stuck 0
RC WALK 530 id 277 role raid pos 3,6 tgt 8,5 want NORTH
RC POS 530 id 463 seat 7 role raid fs 1 body 1 pos 2,5 stuck 0
RC WALK 530 id 463 role raid pos 2,5 tgt 8,5 want EAST
RC POS 530 id 465 seat 8 role raid fs 1 body 2 pos 3,5 stuck 0
RC POS 530 id 467 seat 9 role raid fs 0 body 1 pos 1,3 stuck 30
RC POS 530 id 469 seat 10 role raid fs 0 body 1 pos 2,4 stuck 2
RC POS 530 id 470 seat 11 role raid fs 0 body 1 pos 4,0 stuck 0
RC WALK 530 id 470 role raid pos 4,0 tgt 8,5 want SOUTH
RC POS 530 id 472 seat 12 role raid fs 0 body 1 pos 1,6 stuck 0
RC WALK 530 id 472 role raid pos 1,6 tgt 8,5 want NORTH
RC POS 530 id 474 seat 13 role raid fs 0 body 1 pos 0,3 stuck 4
V528 PICK r 530 id 474 tgt 1,8 cs 6 bs 6 reg 0 cc 0 bc 0 cands 3 banned 0 regall 0 seat 13
RC WALK 530 id 474 role raid pos 0,3 tgt 1,8 want EAST
V527I SEALNT 531 ph 1 fwd 3 hv 5
RC POS 531 id 7 seat 2 role expand fs 0 body 1 pos 4,2 stuck 3
RC WALK 531 id 7 role expand pos 4,2 tgt 8,1 want EAST
RC POS 531 id 277 seat 6 role raid fs 1 body 1 pos 4,6 stuck 0
RC WALK 531 id 277 role raid pos 4,6 tgt 8,5 want WEST
RC POS 531 id 463 seat 7 role raid fs 1 body 1 pos 1,5 stuck 0
RC WALK 531 id 463 role raid pos 1,5 tgt 8,5 want EAST
RC POS 531 id 465 seat 8 role raid fs 1 body 2 pos 3,5 stuck 1
RC POS 531 id 467 seat 9 role raid fs 0 body 1 pos 1,3 stuck 31
RC POS 531 id 469 seat 10 role raid fs 0 body 1 pos 2,4 stuck 3
RC POS 531 id 470 seat 11 role raid fs 0 body 1 pos 3,0 stuck 0
RC WALK 531 id 470 role raid pos 3,0 tgt 8,5 want EAST
RC POS 531 id 472 seat 12 role raid fs 0 body 1 pos 1,7 stuck 0
RC WALK 531 id 472 role raid pos 1,7 tgt 8,5 want NORTH
RC POS 531 id 474 seat 13 role raid fs 0 body 1 pos 0,3 stuck 2
RC WALK 531 id 474 role raid pos 0,3 tgt 2,2 want EAST
V527I SEALNT 532 ph 1 fwd 3 hv 5
RC POS 532 id 277 seat 6 role raid fs 1 body 1 pos 3,6 stuck 0
RC WALK 532 id 277 role raid pos 3,6 tgt 8,5 want NORTH
RC POS 532 id 463 seat 7 role raid fs 1 body 1 pos 2,5 stuck 0
RC WALK 532 id 463 role raid pos 2,5 tgt 8,5 want EAST
RC POS 532 id 465 seat 8 role raid fs 1 body 2 pos 3,5 stuck 2
RC POS 532 id 467 seat 9 role raid fs 0 body 1 pos 1,3 stuck 32
RC POS 532 id 469 seat 10 role raid fs 0 body 1 pos 2,4 stuck 4
RC POS 532 id 470 seat 11 role raid fs 0 body 1 pos 4,0 stuck 0
RC WALK 532 id 470 role raid pos 4,0 tgt 8,5 want SOUTH
RC POS 532 id 472 seat 12 role raid fs 0 body 1 pos 1,6 stuck 0
RC WALK 532 id 472 role raid pos 1,6 tgt 8,5 want NORTH
RC POS 532 id 474 seat 13 role raid fs 0 body 1 pos 0,3 stuck 4
V528 PICK r 532 id 474 tgt 1,8 cs 6 bs 6 reg 0 cc 0 bc 0 cands 3 banned 0 regall 0 seat 13
RC WALK 532 id 474 role raid pos 0,3 tgt 1,8 want EAST
V527I SEALNT 533 ph 1 fwd 3 hv 5
RC POS 533 id 7 seat 2 role expand fs 0 body 1 pos 4,2 stuck 6
V528 PICK r 533 id 7 tgt 3,9 cs 26 bs 26 reg 0 cc 6 bc 6 cands 2 banned 2 regall 0 seat 2
RC WALK 533 id 7 role expand pos 4,2 tgt 3,9 want SOUTH
RC POS 533 id 277 seat 6 role raid fs 1 body 1 pos 4,6 stuck 0
RC WALK 533 id 277 role raid pos 4,6 tgt 8,5 want WEST
RC POS 533 id 463 seat 7 role raid fs 1 body 1 pos 1,5 stuck 0
RC WALK 533 id 463 role raid pos 1,5 tgt 8,5 want EAST
RC POS 533 id 465 seat 8 role raid fs 1 body 2 pos 3,5 stuck 3
RC POS 533 id 467 seat 9 role raid fs 0 body 1 pos 1,3 stuck 33
RC POS 533 id 469 seat 10 role raid fs 0 body 1 pos 2,4 stuck 5
RC POS 533 id 470 seat 11 role raid fs 0 body 1 pos 3,0 stuck 0
RC WALK 533 id 470 role raid pos 3,0 tgt 8,5 want EAST
RC POS 533 id 472 seat 12 role raid fs 0 body 1 pos 1,7 stuck 0
RC WALK 533 id 472 role raid pos 1,7 tgt 8,5 want NORTH
RC POS 533 id 474 seat 13 role raid fs 0 body 1 pos 0,3 stuck 2
RC WALK 533 id 474 role raid pos 0,3 tgt 2,2 want EAST
V527I SEALNT 534 ph 1 fwd 3 hv 5
RC POS 534 id 277 seat 6 role raid fs 1 body 1 pos 3,6 stuck 0
RC WALK 534 id 277 role raid pos 3,6 tgt 8,5 want NORTH
RC POS 534 id 463 seat 7 role raid fs 1 body 1 pos 2,5 stuck 0
RC WALK 534 id 463 role raid pos 2,5 tgt 8,5 want EAST
RC POS 534 id 465 seat 8 role raid fs 1 body 2 pos 3,5 stuck 4
RC POS 534 id 467 seat 9 role raid fs 0 body 1 pos 1,3 stuck 34
RC POS 534 id 469 seat 10 role raid fs 0 body 1 pos 2,4 stuck 6
RC POS 534 id 470 seat 11 role raid fs 0 body 1 pos 4,0 stuck 0
RC WALK 534 id 470 role raid pos 4,0 tgt 5,5 want SOUTH
RC POS 534 id 472 seat 12 role raid fs 0 body 1 pos 1,6 stuck 0
RC WALK 534 id 472 role raid pos 1,6 tgt 5,8 want NORTH
RC POS 534 id 474 seat 13 role raid fs 0 body 1 pos 0,3 stuck 4
V528 PICK r 534 id 474 tgt 1,8 cs 6 bs 6 reg 0 cc 0 bc 0 cands 3 banned 0 regall 0 seat 13
RC WALK 534 id 474 role raid pos 0,3 tgt 1,8 want EAST
V527I SEALNT 535 ph 1 fwd 3 hv 5
RC POS 535 id 7 seat 2 role expand fs 0 body 1 pos 4,2 stuck 3
RC WALK 535 id 7 role expand pos 4,2 tgt 3,9 want SOUTH
RC POS 535 id 277 seat 6 role raid fs 1 body 1 pos 4,6 stuck 0
RC WALK 535 id 277 role raid pos 4,6 tgt 8,5 want WEST
RC POS 535 id 463 seat 7 role raid fs 1 body 1 pos 1,5 stuck 0
RC WALK 535 id 463 role raid pos 1,5 tgt 8,5 want EAST
RC POS 535 id 465 seat 8 role raid fs 1 body 2 pos 3,5 stuck 5
RC POS 535 id 467 seat 9 role raid fs 0 body 1 pos 1,3 stuck 35
RC POS 535 id 469 seat 10 role raid fs 0 body 1 pos 2,4 stuck 7
RC POS 535 id 470 seat 11 role raid fs 0 body 1 pos 3,0 stuck 0
RC WALK 535 id 470 role raid pos 3,0 tgt 5,5 want SOUTH
RC POS 535 id 472 seat 12 role raid fs 0 body 1 pos 1,7 stuck 0
RC WALK 535 id 472 role raid pos 1,7 tgt 5,8 want NORTH
RC POS 535 id 474 seat 13 role raid fs 0 body 1 pos 0,3 stuck 2
RC WALK 535 id 474 role raid pos 0,3 tgt 2,2 want EAST
V527I SEALNT 536 ph 1 fwd 3 hv 5
RC POS 536 id 277 seat 6 role raid fs 1 body 1 pos 3,6 stuck 0
RC WALK 536 id 277 role raid pos 3,6 tgt 8,5 want NORTH
RC POS 536 id 463 seat 7 role raid fs 1 body 1 pos 2,5 stuck 0
RC WALK 536 id 463 role raid pos 2,5 tgt 8,5 want EAST
RC POS 536 id 465 seat 8 role raid fs 1 body 2 pos 3,5 stuck 6
RC POS 536 id 467 seat 9 role raid fs 0 body 1 pos 1,3 stuck 36
RC POS 536 id 469 seat 10 role raid fs 0 body 1 pos 2,4 stuck 8
RC POS 536 id 470 seat 11 role raid fs 0 body 1 pos 3,1 stuck 0
RC WALK 536 id 470 role raid pos 3,1 tgt 5,5 want SOUTH
RC POS 536 id 472 seat 12 role raid fs 0 body 1 pos 1,6 stuck 0
RC WALK 536 id 472 role raid pos 1,6 tgt 5,8 want NORTH
RC POS 536 id 474 seat 13 role raid fs 0 body 1 pos 0,3 stuck 4
V528 PICK r 536 id 474 tgt 1,8 cs 6 bs 6 reg 0 cc 0 bc 0 cands 3 banned 0 regall 0 seat 13
RC WALK 536 id 474 role raid pos 0,3 tgt 1,8 want EAST
V527I SEALNT 537 ph 1 fwd 3 hv 5
RC POS 537 id 7 seat 2 role expand fs 0 body 1 pos 4,2 stuck 6
V528 PICK r 537 id 7 tgt 3,9 cs 26 bs 26 reg 0 cc 6 bc 6 cands 2 banned 2 regall 0 seat 2
RC WALK 537 id 7 role expand pos 4,2 tgt 3,9 want SOUTH
RC POS 537 id 277 seat 6 role raid fs 1 body 1 pos 4,6 stuck 0
RC WALK 537 id 277 role raid pos 4,6 tgt 8,5 want WEST
RC POS 537 id 463 seat 7 role raid fs 1 body 1 pos 1,5 stuck 0
RC WALK 537 id 463 role raid pos 1,5 tgt 8,5 want EAST
RC POS 537 id 465 seat 8 role raid fs 1 body 2 pos 3,5 stuck 7
RC POS 537 id 467 seat 9 role raid fs 0 body 1 pos 1,3 stuck 37
RC POS 537 id 469 seat 10 role raid fs 0 body 1 pos 2,4 stuck 9
RC POS 537 id 470 seat 11 role raid fs 0 body 1 pos 2,1 stuck 0
RC POS 537 id 472 seat 12 role raid fs 0 body 1 pos 1,7 stuck 0
RC WALK 537 id 472 role raid pos 1,7 tgt 5,8 want NORTH
RC POS 537 id 474 seat 13 role raid fs 0 body 1 pos 0,3 stuck 2
RC WALK 537 id 474 role raid pos 0,3 tgt 2,2 want EAST
V527I SEALNT 538 ph 1 fwd 3 hv 5
RC POS 538 id 277 seat 6 role raid fs 1 body 1 pos 3,6 stuck 0
RC WALK 538 id 277 role raid pos 3,6 tgt 8,5 want NORTH
RC POS 538 id 463 seat 7 role raid fs 1 body 1 pos 2,5 stuck 0
RC WALK 538 id 463 role raid pos 2,5 tgt 8,5 want EAST
RC POS 538 id 465 seat 8 role raid fs 1 body 2 pos 3,5 stuck 8
RC POS 538 id 467 seat 9 role raid fs 0 body 1 pos 1,3 stuck 38
RC POS 538 id 469 seat 10 role raid fs 0 body 1 pos 2,4 stuck 10
RC WALK 538 id 469 role raid pos 2,4 tgt 8,5 want EAST
RC POS 538 id 470 seat 11 role raid fs 0 body 1 pos 2,1 stuck 1
RC WALK 538 id 470 role raid pos 2,1 tgt 5,5 want SOUTH
RC POS 538 id 472 seat 12 role raid fs 0 body 1 pos 1,6 stuck 0
RC WALK 538 id 472 role raid pos 1,6 tgt 5,8 want NORTH
RC POS 538 id 474 seat 13 role raid fs 0 body 1 pos 0,3 stuck 4
V528 PICK r 538 id 474 tgt 1,8 cs 6 bs 6 reg 0 cc 0 bc 0 cands 3 banned 0 regall 0 seat 13
RC WALK 538 id 474 role raid pos 0,3 tgt 1,8 want EAST
V527I SEALNT 539 ph 1 fwd 3 hv 5
RC POS 539 id 7 seat 2 role expand fs 0 body 1 pos 4,2 stuck 3
RC WALK 539 id 7 role expand pos 4,2 tgt 3,9 want SOUTH
RC POS 539 id 277 seat 6 role raid fs 1 body 1 pos 4,6 stuck 0
RC WALK 539 id 277 role raid pos 4,6 tgt 8,5 want WEST
RC POS 539 id 463 seat 7 role raid fs 1 body 1 pos 1,5 stuck 0
RC WALK 539 id 463 role raid pos 1,5 tgt 8,5 want EAST
RC POS 539 id 465 seat 8 role raid fs 1 body 2 pos 3,5 stuck 9
RC POS 539 id 467 seat 9 role raid fs 0 body 1 pos 1,3 stuck 39
RC POS 539 id 469 seat 10 role raid fs 0 body 1 pos 3,4 stuck 0
RC POS 539 id 470 seat 11 role raid fs 0 body 1 pos 3,1 stuck 0
RC POS 539 id 472 seat 12 role raid fs 0 body 1 pos 1,7 stuck 0
RC WALK 539 id 472 role raid pos 1,7 tgt 5,8 want NORTH
RC POS 539 id 474 seat 13 role raid fs 0 body 1 pos 0,3 stuck 2
RC WALK 539 id 474 role raid pos 0,3 tgt 2,2 want EAST
V527I SEALNT 540 ph 1 fwd 3 hv 5
RC POS 540 id 277 seat 6 role raid fs 1 body 1 pos 3,6 stuck 0
RC WALK 540 id 277 role raid pos 3,6 tgt 8,5 want NORTH
RC POS 540 id 463 seat 7 role raid fs 1 body 1 pos 2,5 stuck 0
RC WALK 540 id 463 role raid pos 2,5 tgt 8,5 want EAST
RC POS 540 id 465 seat 8 role raid fs 1 body 2 pos 3,5 stuck 10
RC POS 540 id 467 seat 9 role raid fs 0 body 1 pos 1,3 stuck 40
RC POS 540 id 469 seat 10 role raid fs 0 body 1 pos 3,4 stuck 1
RC WALK 540 id 469 role raid pos 3,4 tgt 8,5 want EAST
RC POS 540 id 470 seat 11 role raid fs 0 body 1 pos 3,1 stuck 1
RC WALK 540 id 470 role raid pos 3,1 tgt 8,5 want EAST
RC POS 540 id 472 seat 12 role raid fs 0 body 1 pos 1,6 stuck 0
RC WALK 540 id 472 role raid pos 1,6 tgt 5,8 want NORTH
RC POS 540 id 474 seat 13 role raid fs 0 body 1 pos 0,3 stuck 4
V528 PICK r 540 id 474 tgt 1,8 cs 6 bs 6 reg 0 cc 0 bc 0 cands 3 banned 0 regall 0 seat 13
RC WALK 540 id 474 role raid pos 0,3 tgt 1,8 want EAST
V527I SEALNT 541 ph 1 fwd 3 hv 5
RC POS 541 id 7 seat 2 role expand fs 0 body 1 pos 4,2 stuck 6
V528 PICK r 541 id 7 tgt 3,9 cs 26 bs 26 reg 0 cc 6 bc 6 cands 2 banned 2 regall 0 seat 2
RC WALK 541 id 7 role expand pos 4,2 tgt 3,9 want SOUTH
RC POS 541 id 277 seat 6 role raid fs 1 body 1 pos 4,6 stuck 0
RC WALK 541 id 277 role raid pos 4,6 tgt 8,5 want WEST
RC POS 541 id 463 seat 7 role raid fs 1 body 1 pos 2,4 stuck 0
RC POS 541 id 465 seat 8 role raid fs 1 body 2 pos 3,5 stuck 11
RC POS 541 id 467 seat 9 role raid fs 0 body 1 pos 1,3 stuck 41
RC POS 541 id 469 seat 10 role raid fs 0 body 1 pos 3,4 stuck 3
RC POS 541 id 470 seat 11 role raid fs 0 body 1 pos 3,0 stuck 0
RC WALK 541 id 470 role raid pos 3,0 tgt 8,5 want EAST
RC POS 541 id 472 seat 12 role raid fs 0 body 1 pos 1,5 stuck 0
RC WALK 541 id 472 role raid pos 1,5 tgt 5,8 want EAST
RC POS 541 id 474 seat 13 role raid fs 0 body 1 pos 0,3 stuck 2
RC WALK 541 id 474 role raid pos 0,3 tgt 2,2 want EAST
V527I SEALNT 542 ph 1 fwd 3 hv 5
RC POS 542 id 277 seat 6 role raid fs 1 body 1 pos 3,6 stuck 0
RC WALK 542 id 277 role raid pos 3,6 tgt 8,5 want NORTH
RC POS 542 id 463 seat 7 role raid fs 1 body 1 pos 2,4 stuck 1
RC POS 542 id 465 seat 8 role raid fs 1 body 2 pos 3,5 stuck 12
RC POS 542 id 467 seat 9 role raid fs 0 body 1 pos 1,3 stuck 42
RC WALK 542 id 467 role raid pos 1,3 tgt 8,5 want SOUTH
RC POS 542 id 469 seat 10 role raid fs 0 body 1 pos 3,4 stuck 4
RC WALK 542 id 469 role raid pos 3,4 tgt 8,5 want EAST
RC POS 542 id 470 seat 11 role raid fs 0 body 1 pos 4,0 stuck 0
RC WALK 542 id 470 role raid pos 4,0 tgt 8,5 want SOUTH
RC POS 542 id 472 seat 12 role raid fs 0 body 1 pos 2,5 stuck 0
RC WALK 542 id 472 role raid pos 2,5 tgt 5,8 want EAST
RC POS 542 id 474 seat 13 role raid fs 0 body 1 pos 0,3 stuck 4
V528 PICK r 542 id 474 tgt 1,8 cs 6 bs 6 reg 0 cc 0 bc 0 cands 3 banned 0 regall 0 seat 13
RC WALK 542 id 474 role raid pos 0,3 tgt 1,8 want EAST
V527I SEALNT 543 ph 1 fwd 3 hv 5
RC POS 543 id 7 seat 2 role expand fs 0 body 1 pos 4,2 stuck 3
RC WALK 543 id 7 role expand pos 4,2 tgt 3,9 want SOUTH
RC POS 543 id 277 seat 6 role raid fs 1 body 1 pos 4,6 stuck 0
RC WALK 543 id 277 role raid pos 4,6 tgt 8,5 want WEST
RC POS 543 id 463 seat 7 role raid fs 1 body 1 pos 2,4 stuck 2
RC POS 543 id 465 seat 8 role raid fs 1 body 2 pos 3,5 stuck 13
RC POS 543 id 467 seat 9 role raid fs 0 body 1 pos 1,4 stuck 0
RC WALK 543 id 467 role raid pos 1,4 tgt 8,5 want EAST
RC POS 543 id 469 seat 10 role raid fs 0 body 1 pos 3,4 stuck 6
RC POS 543 id 470 seat 11 role raid fs 0 body 1 pos 3,0 stuck 0
RC WALK 543 id 470 role raid pos 3,0 tgt 8,5 want EAST
RC POS 543 id 472 seat 12 role raid fs 0 body 1 pos 1,5 stuck 0
RC WALK 543 id 472 role raid pos 1,5 tgt 5,8 want EAST
RC POS 543 id 474 seat 13 role raid fs 0 body 1 pos 1,3 stuck 0
V527I SEALNT 544 ph 1 fwd 3 hv 5
RC POS 544 id 277 seat 6 role raid fs 1 body 1 pos 3,6 stuck 0
RC WALK 544 id 277 role raid pos 3,6 tgt 8,5 want NORTH
RC POS 544 id 463 seat 7 role raid fs 1 body 1 pos 2,4 stuck 3
RC POS 544 id 465 seat 8 role raid fs 1 body 2 pos 3,5 stuck 14
RC POS 544 id 467 seat 9 role raid fs 0 body 1 pos 1,4 stuck 2
RC WALK 544 id 467 role raid pos 1,4 tgt 8,5 want EAST
RC POS 544 id 469 seat 10 role raid fs 0 body 1 pos 3,4 stuck 7
RC POS 544 id 470 seat 11 role raid fs 0 body 1 pos 4,0 stuck 0
RC WALK 544 id 470 role raid pos 4,0 tgt 8,5 want SOUTH
RC POS 544 id 472 seat 12 role raid fs 0 body 1 pos 2,5 stuck 0
RC WALK 544 id 472 role raid pos 2,5 tgt 5,8 want EAST
RC POS 544 id 474 seat 13 role raid fs 0 body 1 pos 1,3 stuck 1
V528 PICK r 544 id 474 tgt 1,8 cs 5 bs 5 reg 0 cc 0 bc 0 cands 2 banned 0 regall 0 seat 13
RC WALK 544 id 474 role raid pos 1,3 tgt 1,8 want SOUTH
V527I SEALNT 545 ph 1 fwd 3 hv 5
RC POS 545 id 7 seat 2 role expand fs 0 body 1 pos 4,2 stuck 6
V528 PICK r 545 id 7 tgt 3,9 cs 26 bs 26 reg 0 cc 6 bc 6 cands 2 banned 2 regall 0 seat 2
RC WALK 545 id 7 role expand pos 4,2 tgt 3,9 want SOUTH
RC POS 545 id 277 seat 6 role raid fs 1 body 1 pos 4,6 stuck 0
RC WALK 545 id 277 role raid pos 4,6 tgt 8,5 want WEST
RC POS 545 id 463 seat 7 role raid fs 1 body 1 pos 2,4 stuck 4
RC POS 545 id 465 seat 8 role raid fs 1 body 2 pos 3,5 stuck 15
RC POS 545 id 467 seat 9 role raid fs 0 body 1 pos 1,5 stuck 0
RC WALK 545 id 467 role raid pos 1,5 tgt 8,5 want EAST
RC POS 545 id 469 seat 10 role raid fs 0 body 1 pos 3,4 stuck 8
RC POS 545 id 470 seat 11 role raid fs 0 body 1 pos 3,0 stuck 0
RC WALK 545 id 470 role raid pos 3,0 tgt 8,5 want EAST
RC POS 545 id 472 seat 12 role raid fs 0 body 1 pos 2,5 stuck 2
RC WALK 545 id 472 role raid pos 2,5 tgt 5,8 want EAST
RC POS 545 id 474 seat 13 role raid fs 0 body 1 pos 1,4 stuck 0
RC WALK 545 id 474 role raid pos 1,4 tgt 2,2 want NORTH
V527I SEALNT 546 ph 1 fwd 3 hv 5
RC POS 546 id 277 seat 6 role raid fs 1 body 1 pos 3,6 stuck 0
RC WALK 546 id 277 role raid pos 3,6 tgt 8,5 want NORTH
RC POS 546 id 463 seat 7 role raid fs 1 body 1 pos 2,4 stuck 5
RC POS 546 id 465 seat 8 role raid fs 1 body 2 pos 3,5 stuck 16
RC POS 546 id 467 seat 9 role raid fs 0 body 1 pos 1,6 stuck 0
RC WALK 546 id 467 role raid pos 1,6 tgt 8,5 want NORTH
RC POS 546 id 469 seat 10 role raid fs 0 body 1 pos 3,4 stuck 9
RC POS 546 id 470 seat 11 role raid fs 0 body 1 pos 4,0 stuck 0
RC WALK 546 id 470 role raid pos 4,0 tgt 5,5 want SOUTH
RC POS 546 id 472 seat 12 role raid fs 0 body 1 pos 1,5 stuck 0
RC WALK 546 id 472 role raid pos 1,5 tgt 8,5 want EAST
RC POS 546 id 474 seat 13 role raid fs 0 body 1 pos 1,3 stuck 0
V528 PICK r 546 id 474 tgt 1,8 cs 5 bs 5 reg 0 cc 0 bc 0 cands 2 banned 0 regall 0 seat 13
RC WALK 546 id 474 role raid pos 1,3 tgt 1,8 want SOUTH
V527I SEALNT 547 ph 1 fwd 3 hv 5
RC POS 547 id 7 seat 2 role expand fs 0 body 1 pos 4,2 stuck 3
RC WALK 547 id 7 role expand pos 4,2 tgt 3,9 want SOUTH
RC POS 547 id 277 seat 6 role raid fs 1 body 1 pos 4,6 stuck 0
RC WALK 547 id 277 role raid pos 4,6 tgt 8,5 want WEST
RC POS 547 id 463 seat 7 role raid fs 1 body 1 pos 2,4 stuck 6
RC POS 547 id 465 seat 8 role raid fs 1 body 2 pos 3,5 stuck 17
RC POS 547 id 467 seat 9 role raid fs 0 body 1 pos 1,7 stuck 0
RC WALK 547 id 467 role raid pos 1,7 tgt 8,5 want NORTH
RC POS 547 id 469 seat 10 role raid fs 0 body 1 pos 3,4 stuck 10
RC POS 547 id 470 seat 11 role raid fs 0 body 1 pos 3,0 stuck 0
RC WALK 547 id 470 role raid pos 3,0 tgt 5,5 want SOUTH
RC POS 547 id 472 seat 12 role raid fs 0 body 1 pos 2,5 stuck 0
RC WALK 547 id 472 role raid pos 2,5 tgt 8,5 want EAST
RC POS 547 id 474 seat 13 role raid fs 0 body 1 pos 1,4 stuck 0
RC WALK 547 id 474 role raid pos 1,4 tgt 2,2 want NORTH
V527I SEALNT 548 ph 1 fwd 3 hv 5
RC POS 548 id 277 seat 6 role raid fs 1 body 1 pos 3,6 stuck 0
RC WALK 548 id 277 role raid pos 3,6 tgt 8,5 want NORTH
RC POS 548 id 463 seat 7 role raid fs 1 body 1 pos 2,4 stuck 7
RC POS 548 id 465 seat 8 role raid fs 1 body 2 pos 3,5 stuck 18
RC POS 548 id 467 seat 9 role raid fs 0 body 1 pos 1,6 stuck 0
RC WALK 548 id 467 role raid pos 1,6 tgt 5,8 want NORTH
RC POS 548 id 469 seat 10 role raid fs 0 body 1 pos 3,4 stuck 11
RC POS 548 id 470 seat 11 role raid fs 0 body 1 pos 3,1 stuck 0
RC WALK 548 id 470 role raid pos 3,1 tgt 5,5 want SOUTH
RC POS 548 id 472 seat 12 role raid fs 0 body 1 pos 1,5 stuck 0
RC WALK 548 id 472 role raid pos 1,5 tgt 8,5 want EAST
RC POS 548 id 474 seat 13 role raid fs 0 body 1 pos 1,3 stuck 0
V528 PICK r 548 id 474 tgt 1,8 cs 5 bs 5 reg 0 cc 0 bc 0 cands 2 banned 0 regall 0 seat 13
RC WALK 548 id 474 role raid pos 1,3 tgt 1,8 want SOUTH
V527I SEALNT 549 ph 1 fwd 3 hv 5
RC POS 549 id 7 seat 2 role expand fs 0 body 1 pos 4,2 stuck 6
V528 PICK r 549 id 7 tgt 3,9 cs 26 bs 26 reg 0 cc 6 bc 6 cands 2 banned 2 regall 0 seat 2
RC WALK 549 id 7 role expand pos 4,2 tgt 3,9 want SOUTH
RC POS 549 id 277 seat 6 role raid fs 1 body 1 pos 4,6 stuck 0
RC WALK 549 id 277 role raid pos 4,6 tgt 8,5 want WEST
RC POS 549 id 463 seat 7 role raid fs 1 body 1 pos 2,4 stuck 8
RC POS 549 id 465 seat 8 role raid fs 1 body 2 pos 3,5 stuck 19
RC POS 549 id 467 seat 9 role raid fs 0 body 1 pos 1,7 stuck 0
RC WALK 549 id 467 role raid pos 1,7 tgt 5,8 want NORTH
RC POS 549 id 469 seat 10 role raid fs 0 body 1 pos 3,4 stuck 12
RC POS 549 id 470 seat 11 role raid fs 0 body 1 pos 2,1 stuck 0
RC POS 549 id 472 seat 12 role raid fs 0 body 1 pos 2,5 stuck 0
RC WALK 549 id 472 role raid pos 2,5 tgt 8,5 want EAST
RC POS 549 id 474 seat 13 role raid fs 0 body 1 pos 1,4 stuck 0
RC WALK 549 id 474 role raid pos 1,4 tgt 2,2 want NORTH
V527I SEALNT 550 ph 1 fwd 3 hv 5
RC POS 550 id 277 seat 6 role raid fs 1 body 1 pos 3,6 stuck 0
RC WALK 550 id 277 role raid pos 3,6 tgt 8,5 want NORTH
RC POS 550 id 463 seat 7 role raid fs 1 body 1 pos 2,4 stuck 9
RC POS 550 id 465 seat 8 role raid fs 1 body 2 pos 3,5 stuck 20
RC POS 550 id 467 seat 9 role raid fs 0 body 1 pos 1,6 stuck 0
RC WALK 550 id 467 role raid pos 1,6 tgt 5,8 want NORTH
RC POS 550 id 469 seat 10 role raid fs 0 body 1 pos 3,4 stuck 13
RC WALK 550 id 469 role raid pos 3,4 tgt 8,5 want EAST
RC POS 550 id 470 seat 11 role raid fs 0 body 1 pos 2,1 stuck 1
RC WALK 550 id 470 role raid pos 2,1 tgt 5,5 want SOUTH
RC POS 550 id 472 seat 12 role raid fs 0 body 1 pos 1,5 stuck 0
RC WALK 550 id 472 role raid pos 1,5 tgt 8,5 want EAST
RC POS 550 id 474 seat 13 role raid fs 0 body 1 pos 1,3 stuck 0
V528 PICK r 550 id 474 tgt 1,8 cs 5 bs 5 reg 0 cc 0 bc 0 cands 2 banned 0 regall 0 seat 13
RC WALK 550 id 474 role raid pos 1,3 tgt 1,8 want SOUTH
V527I SEALNT 551 ph 1 fwd 3 hv 5
RC POS 551 id 7 seat 2 role expand fs 0 body 1 pos 4,2 stuck 3
RC WALK 551 id 7 role expand pos 4,2 tgt 3,9 want SOUTH
RC POS 551 id 277 seat 6 role raid fs 1 body 1 pos 4,6 stuck 0
RC WALK 551 id 277 role raid pos 4,6 tgt 8,5 want WEST
RC POS 551 id 463 seat 7 role raid fs 1 body 1 pos 2,4 stuck 10
RC POS 551 id 465 seat 8 role raid fs 1 body 2 pos 3,5 stuck 21
RC POS 551 id 467 seat 9 role raid fs 0 body 1 pos 1,7 stuck 0
RC WALK 551 id 467 role raid pos 1,7 tgt 5,8 want NORTH
RC POS 551 id 469 seat 10 role raid fs 0 body 1 pos 3,4 stuck 15
RC POS 551 id 470 seat 11 role raid fs 0 body 1 pos 3,1 stuck 0
RC POS 551 id 472 seat 12 role raid fs 0 body 1 pos 2,5 stuck 0
RC WALK 551 id 472 role raid pos 2,5 tgt 8,5 want EAST
RC POS 551 id 474 seat 13 role raid fs 0 body 1 pos 1,4 stuck 0
RC WALK 551 id 474 role raid pos 1,4 tgt 2,2 want NORTH
V527I SEALNT 552 ph 1 fwd 3 hv 5
RC POS 552 id 277 seat 6 role raid fs 1 body 1 pos 3,6 stuck 0
RC WALK 552 id 277 role raid pos 3,6 tgt 8,5 want NORTH
RC POS 552 id 463 seat 7 role raid fs 1 body 1 pos 2,4 stuck 11
RC POS 552 id 465 seat 8 role raid fs 1 body 2 pos 3,5 stuck 22
RC POS 552 id 467 seat 9 role raid fs 0 body 1 pos 1,6 stuck 0
RC WALK 552 id 467 role raid pos 1,6 tgt 5,8 want NORTH
RC POS 552 id 469 seat 10 role raid fs 0 body 1 pos 3,4 stuck 16
RC WALK 552 id 469 role raid pos 3,4 tgt 8,5 want EAST
RC POS 552 id 470 seat 11 role raid fs 0 body 1 pos 3,1 stuck 1
RC WALK 552 id 470 role raid pos 3,1 tgt 8,5 want EAST
RC POS 552 id 472 seat 12 role raid fs 0 body 1 pos 1,5 stuck 0
RC WALK 552 id 472 role raid pos 1,5 tgt 8,5 want EAST
RC POS 552 id 474 seat 13 role raid fs 0 body 1 pos 1,3 stuck 0
V528 PICK r 552 id 474 tgt 1,8 cs 5 bs 5 reg 0 cc 0 bc 0 cands 2 banned 0 regall 0 seat 13
RC WALK 552 id 474 role raid pos 1,3 tgt 1,8 want SOUTH
V527I SEALNT 553 ph 1 fwd 3 hv 5
RC POS 553 id 7 seat 2 role expand fs 0 body 1 pos 4,2 stuck 6
V528 PICK r 553 id 7 tgt 3,9 cs 26 bs 26 reg 0 cc 6 bc 6 cands 2 banned 2 regall 0 seat 2
RC WALK 553 id 7 role expand pos 4,2 tgt 3,9 want SOUTH
RC POS 553 id 277 seat 6 role raid fs 1 body 1 pos 4,6 stuck 0
RC WALK 553 id 277 role raid pos 4,6 tgt 8,5 want WEST
RC POS 553 id 463 seat 7 role raid fs 1 body 1 pos 2,4 stuck 12
RC POS 553 id 465 seat 8 role raid fs 1 body 2 pos 3,5 stuck 23
RC POS 553 id 467 seat 9 role raid fs 0 body 1 pos 1,7 stuck 0
RC WALK 553 id 467 role raid pos 1,7 tgt 5,8 want NORTH
RC POS 553 id 469 seat 10 role raid fs 0 body 1 pos 3,4 stuck 18
RC POS 553 id 470 seat 11 role raid fs 0 body 1 pos 3,0 stuck 0
RC WALK 553 id 470 role raid pos 3,0 tgt 8,5 want EAST
RC POS 553 id 472 seat 12 role raid fs 0 body 1 pos 2,5 stuck 0
RC WALK 553 id 472 role raid pos 2,5 tgt 8,5 want EAST
RC POS 553 id 474 seat 13 role raid fs 0 body 1 pos 1,4 stuck 0
RC WALK 553 id 474 role raid pos 1,4 tgt 2,2 want NORTH
V527I SEALNT 554 ph 1 fwd 3 hv 5
RC POS 554 id 277 seat 6 role raid fs 1 body 1 pos 3,6 stuck 0
RC WALK 554 id 277 role raid pos 3,6 tgt 8,5 want NORTH
RC POS 554 id 463 seat 7 role raid fs 1 body 1 pos 2,4 stuck 13
RC POS 554 id 465 seat 8 role raid fs 1 body 2 pos 3,5 stuck 24
RC POS 554 id 467 seat 9 role raid fs 0 body 1 pos 1,6 stuck 0
RC WALK 554 id 467 role raid pos 1,6 tgt 5,8 want NORTH
RC POS 554 id 469 seat 10 role raid fs 0 body 1 pos 3,4 stuck 19
RC POS 554 id 470 seat 11 role raid fs 0 body 1 pos 4,0 stuck 0
RC WALK 554 id 470 role raid pos 4,0 tgt 8,5 want SOUTH
RC POS 554 id 472 seat 12 role raid fs 0 body 1 pos 1,5 stuck 0
RC WALK 554 id 472 role raid pos 1,5 tgt 8,5 want EAST
RC POS 554 id 474 seat 13 role raid fs 0 body 1 pos 1,3 stuck 0
V528 PICK r 554 id 474 tgt 1,8 cs 5 bs 5 reg 0 cc 0 bc 0 cands 2 banned 0 regall 0 seat 13
RC WALK 554 id 474 role raid pos 1,3 tgt 1,8 want SOUTH
V527I SEALNT 555 ph 1 fwd 3 hv 5
RC POS 555 id 7 seat 2 role expand fs 0 body 1 pos 4,2 stuck 3
RC WALK 555 id 7 role expand pos 4,2 tgt 3,9 want SOUTH
RC POS 555 id 277 seat 6 role raid fs 1 body 1 pos 4,6 stuck 0
RC WALK 555 id 277 role raid pos 4,6 tgt 8,5 want WEST
RC POS 555 id 463 seat 7 role raid fs 1 body 1 pos 2,4 stuck 14
RC WALK 555 id 463 role raid pos 2,4 tgt 8,5 want EAST
RC POS 555 id 465 seat 8 role raid fs 1 body 2 pos 3,5 stuck 25
RC POS 555 id 467 seat 9 role raid fs 0 body 1 pos 1,7 stuck 0
RC WALK 555 id 467 role raid pos 1,7 tgt 5,8 want NORTH
RC POS 555 id 469 seat 10 role raid fs 0 body 1 pos 3,4 stuck 20
RC WALK 555 id 469 role raid pos 3,4 tgt 8,5 want EAST
RC POS 555 id 470 seat 11 role raid fs 0 body 1 pos 3,0 stuck 0
RC WALK 555 id 470 role raid pos 3,0 tgt 8,5 want EAST
RC POS 555 id 472 seat 12 role raid fs 0 body 1 pos 2,5 stuck 0
RC WALK 555 id 472 role raid pos 2,5 tgt 8,5 want EAST
RC POS 555 id 474 seat 13 role raid fs 0 body 1 pos 1,4 stuck 0
RC WALK 555 id 474 role raid pos 1,4 tgt 1,7 want SOUTH
V527I SEALNT 556 ph 1 fwd 3 hv 5
RC POS 556 id 7 seat 2 role expand fs 0 body 1 pos 4,2 stuck 5
V528 PICK r 556 id 7 tgt 3,9 cs 26 bs 26 reg 0 cc 6 bc 6 cands 2 banned 2 regall 0 seat 2
RC WALK 556 id 7 role expand pos 4,2 tgt 3,9 want SOUTH
RC POS 556 id 277 seat 6 role raid fs 1 body 1 pos 3,6 stuck 0
RC WALK 556 id 277 role raid pos 3,6 tgt 8,5 want NORTH
RC POS 556 id 463 seat 7 role raid fs 1 body 1 pos 2,4 stuck 16
RC POS 556 id 465 seat 8 role raid fs 1 body 2 pos 3,5 stuck 26
RC POS 556 id 467 seat 9 role raid fs 0 body 1 pos 1,6 stuck 0
RC WALK 556 id 467 role raid pos 1,6 tgt 5,8 want NORTH
RC POS 556 id 469 seat 10 role raid fs 0 body 1 pos 3,4 stuck 22
RC POS 556 id 470 seat 11 role raid fs 0 body 1 pos 4,0 stuck 0
RC WALK 556 id 470 role raid pos 4,0 tgt 8,5 want SOUTH
RC POS 556 id 472 seat 12 role raid fs 0 body 1 pos 1,5 stuck 0
RC WALK 556 id 472 role raid pos 1,5 tgt 8,5 want EAST
RC POS 556 id 474 seat 13 role raid fs 0 body 1 pos 1,3 stuck 0
V527I SEALNT 557 ph 1 fwd 3 hv 5
RC POS 557 id 277 seat 6 role raid fs 1 body 1 pos 4,6 stuck 0
RC WALK 557 id 277 role raid pos 4,6 tgt 8,5 want WEST
RC POS 557 id 463 seat 7 role raid fs 1 body 1 pos 2,4 stuck 17
RC POS 557 id 465 seat 8 role raid fs 1 body 2 pos 3,5 stuck 27
RC POS 557 id 467 seat 9 role raid fs 0 body 1 pos 1,7 stuck 0
RC WALK 557 id 467 role raid pos 1,7 tgt 5,8 want NORTH
RC POS 557 id 469 seat 10 role raid fs 0 body 1 pos 3,4 stuck 23
RC POS 557 id 470 seat 11 role raid fs 0 body 1 pos 3,0 stuck 0
RC WALK 557 id 470 role raid pos 3,0 tgt 8,5 want EAST
RC POS 557 id 472 seat 12 role raid fs 0 body 1 pos 2,5 stuck 0
RC WALK 557 id 472 role raid pos 2,5 tgt 8,5 want EAST
RC POS 557 id 474 seat 13 role raid fs 0 body 1 pos 1,3 stuck 1
V528 PICK r 557 id 474 tgt 1,8 cs 5 bs 5 reg 0 cc 0 bc 0 cands 2 banned 0 regall 0 seat 13
RC WALK 557 id 474 role raid pos 1,3 tgt 1,8 want SOUTH
V527I SEALNT 558 ph 1 fwd 3 hv 5
RC POS 558 id 7 seat 2 role expand fs 0 body 1 pos 4,2 stuck 3
RC WALK 558 id 7 role expand pos 4,2 tgt 3,9 want SOUTH
RC POS 558 id 277 seat 6 role raid fs 1 body 1 pos 3,6 stuck 0
RC WALK 558 id 277 role raid pos 3,6 tgt 8,5 want NORTH
RC POS 558 id 463 seat 7 role raid fs 1 body 1 pos 2,4 stuck 18
RC WALK 558 id 463 role raid pos 2,4 tgt 8,5 want EAST
RC POS 558 id 465 seat 8 role raid fs 1 body 2 pos 3,5 stuck 28
RC POS 558 id 467 seat 9 role raid fs 0 body 1 pos 1,6 stuck 0
RC WALK 558 id 467 role raid pos 1,6 tgt 5,8 want NORTH
RC POS 558 id 469 seat 10 role raid fs 0 body 1 pos 3,4 stuck 24
RC WALK 558 id 469 role raid pos 3,4 tgt 8,5 want EAST
RC POS 558 id 470 seat 11 role raid fs 0 body 1 pos 4,0 stuck 0
RC WALK 558 id 470 role raid pos 4,0 tgt 5,5 want SOUTH
RC POS 558 id 472 seat 12 role raid fs 0 body 1 pos 1,5 stuck 0
RC WALK 558 id 472 role raid pos 1,5 tgt 8,5 want EAST
RC POS 558 id 474 seat 13 role raid fs 0 body 1 pos 1,4 stuck 0
RC WALK 558 id 474 role raid pos 1,4 tgt 1,8 want SOUTH
V527I SEALNT 559 ph 1 fwd 3 hv 5
RC POS 559 id 7 seat 2 role expand fs 0 body 1 pos 4,2 stuck 5
V528 PICK r 559 id 7 tgt 8,1 cs 1205 bs 1205 reg 0 cc 400 bc 400 cands 2 banned 1 regall 1179 seat 2
RC WALK 559 id 7 role expand pos 4,2 tgt 8,1 want EAST
RC POS 559 id 277 seat 6 role raid fs 1 body 1 pos 4,6 stuck 0
RC WALK 559 id 277 role raid pos 4,6 tgt 8,5 want WEST
RC POS 559 id 463 seat 7 role raid fs 1 body 1 pos 2,5 stuck 0
RC WALK 559 id 463 role raid pos 2,5 tgt 8,5 want EAST
RC POS 559 id 465 seat 8 role raid fs 1 body 2 pos 3,5 stuck 29
RC POS 559 id 467 seat 9 role raid fs 0 body 1 pos 1,7 stuck 0
RC WALK 559 id 467 role raid pos 1,7 tgt 5,8 want NORTH
RC POS 559 id 469 seat 10 role raid fs 0 body 1 pos 2,4 stuck 0
RC WALK 559 id 469 role raid pos 2,4 tgt 8,5 want EAST
RC POS 559 id 470 seat 11 role raid fs 0 body 1 pos 3,0 stuck 0
RC WALK 559 id 470 role raid pos 3,0 tgt 5,5 want SOUTH
RC POS 559 id 472 seat 12 role raid fs 0 body 1 pos 1,6 stuck 0
RC WALK 559 id 472 role raid pos 1,6 tgt 8,5 want NORTH
RC POS 559 id 474 seat 13 role raid fs 0 body 1 pos 1,5 stuck 0
RC WALK 559 id 474 role raid pos 1,5 tgt 1,8 want SOUTH
V527I SEALNT 560 ph 1 fwd 3 hv 5
RC POS 560 id 7 seat 2 role expand fs 0 body 1 pos 4,2 stuck 2
RC WALK 560 id 7 role expand pos 4,2 tgt 8,1 want EAST
RC POS 560 id 277 seat 6 role raid fs 1 body 1 pos 3,6 stuck 0
RC WALK 560 id 277 role raid pos 3,6 tgt 8,5 want NORTH
RC POS 560 id 463 seat 7 role raid fs 1 body 1 pos 2,5 stuck 2
RC WALK 560 id 463 role raid pos 2,5 tgt 8,5 want EAST
RC POS 560 id 465 seat 8 role raid fs 1 body 2 pos 3,5 stuck 30
RC POS 560 id 467 seat 9 role raid fs 0 body 1 pos 0,7 stuck 0
RC WALK 560 id 467 role raid pos 0,7 tgt 5,8 want EAST
RC POS 560 id 469 seat 10 role raid fs 0 body 1 pos 3,4 stuck 0
RC WALK 560 id 469 role raid pos 3,4 tgt 8,5 want EAST
RC POS 560 id 470 seat 11 role raid fs 0 body 1 pos 3,1 stuck 0
RC WALK 560 id 470 role raid pos 3,1 tgt 5,5 want SOUTH
RC POS 560 id 472 seat 12 role raid fs 0 body 1 pos 1,7 stuck 0
RC WALK 560 id 472 role raid pos 1,7 tgt 8,5 want NORTH
RC POS 560 id 474 seat 13 role raid fs 0 body 1 pos 1,6 stuck 0
RC WALK 560 id 474 role raid pos 1,6 tgt 1,8 want SOUTH
V527I SEALNT 561 ph 1 fwd 3 hv 5
RC POS 561 id 7 seat 2 role expand fs 0 body 1 pos 4,2 stuck 4
RC WALK 561 id 7 role expand pos 4,2 tgt 8,1 want EAST
RC POS 561 id 277 seat 6 role raid fs 1 body 1 pos 4,6 stuck 0
RC WALK 561 id 277 role raid pos 4,6 tgt 8,5 want WEST
RC POS 561 id 463 seat 7 role raid fs 1 body 1 pos 2,4 stuck 0
RC WALK 561 id 463 role raid pos 2,4 tgt 8,5 want EAST
RC POS 561 id 465 seat 8 role raid fs 1 body 2 pos 3,5 stuck 31
RC WALK 561 id 465 role raid pos 3,5 tgt 8,5 want EAST
RC POS 561 id 467 seat 9 role raid fs 0 body 1 pos 0,7 stuck 2
RC WALK 561 id 467 role raid pos 0,7 tgt 5,8 want EAST
RC POS 561 id 469 seat 10 role raid fs 0 body 1 pos 3,4 stuck 2
RC WALK 561 id 469 role raid pos 3,4 tgt 8,5 want EAST
RC POS 561 id 470 seat 11 role raid fs 0 body 1 pos 2,1 stuck 0
RC WALK 561 id 470 role raid pos 2,1 tgt 5,5 want SOUTH
RC POS 561 id 472 seat 12 role raid fs 0 body 1 pos 1,7 stuck 2
RC WALK 561 id 472 role raid pos 1,7 tgt 8,5 want NORTH
RC POS 561 id 474 seat 13 role raid fs 0 body 1 pos 1,5 stuck 0
RC WALK 561 id 474 role raid pos 1,5 tgt 1,7 want SOUTH
V527I SEALNT 562 ph 1 fwd 3 hv 5
RC POS 562 id 7 seat 2 role expand fs 0 body 1 pos 4,2 stuck 6
V528 PICK r 562 id 7 tgt 3,9 cs 26 bs 26 reg 0 cc 6 bc 6 cands 2 banned 2 regall 0 seat 2
RC WALK 562 id 7 role expand pos 4,2 tgt 3,9 want SOUTH
RC POS 562 id 277 seat 6 role raid fs 1 body 1 pos 3,6 stuck 0
RC WALK 562 id 277 role raid pos 3,6 tgt 8,5 want NORTH
RC POS 562 id 463 seat 7 role raid fs 1 body 1 pos 2,5 stuck 0
RC WALK 562 id 463 role raid pos 2,5 tgt 8,5 want EAST
RC POS 562 id 465 seat 8 role raid fs 1 body 2 pos 3,5 stuck 33
RC WALK 562 id 465 role raid pos 3,5 tgt 8,5 want EAST
RC POS 562 id 467 seat 9 role raid fs 0 body 1 pos 0,7 stuck 4
RC WALK 562 id 467 role raid pos 0,7 tgt 5,8 want EAST
RC POS 562 id 469 seat 10 role raid fs 0 body 1 pos 2,4 stuck 0
RC WALK 562 id 469 role raid pos 2,4 tgt 8,5 want EAST
RC POS 562 id 470 seat 11 role raid fs 0 body 1 pos 3,1 stuck 0
RC WALK 562 id 470 role raid pos 3,1 tgt 5,5 want SOUTH
RC POS 562 id 472 seat 12 role raid fs 0 body 1 pos 1,6 stuck 0
RC WALK 562 id 472 role raid pos 1,6 tgt 8,5 want NORTH
RC POS 562 id 474 seat 13 role raid fs 0 body 1 pos 0,5 stuck 0
RC WALK 562 id 474 role raid pos 0,5 tgt 1,7 want EAST
V527I SEALNT 563 ph 1 fwd 3 hv 5
RC POS 563 id 7 seat 2 role expand fs 0 body 1 pos 4,2 stuck 2
RC WALK 563 id 7 role expand pos 4,2 tgt 3,9 want SOUTH
RC POS 563 id 277 seat 6 role raid fs 1 body 1 pos 4,6 stuck 0
RC WALK 563 id 277 role raid pos 4,6 tgt 8,5 want WEST
RC POS 563 id 463 seat 7 role raid fs 1 body 1 pos 1,5 stuck 0
RC WALK 563 id 463 role raid pos 1,5 tgt 8,5 want EAST
RC POS 563 id 465 seat 8 role raid fs 1 body 2 pos 3,6 stuck 0
RC WALK 563 id 465 role raid pos 3,6 tgt 8,5 want NORTH
RC POS 563 id 467 seat 9 role raid fs 0 body 1 pos 1,7 stuck 0
RC WALK 563 id 467 role raid pos 1,7 tgt 5,8 want NORTH
RC POS 563 id 469 seat 10 role raid fs 0 body 1 pos 3,4 stuck 0
RC WALK 563 id 469 role raid pos 3,4 tgt 8,5 want EAST
RC POS 563 id 470 seat 11 role raid fs 0 body 1 pos 2,1 stuck 0
RC WALK 563 id 470 role raid pos 2,1 tgt 5,5 want SOUTH
RC POS 563 id 472 seat 12 role raid fs 0 body 1 pos 1,6 stuck 2
RC WALK 563 id 472 role raid pos 1,6 tgt 8,5 want NORTH
RC POS 563 id 474 seat 13 role raid fs 0 body 1 pos 0,5 stuck 2
RC WALK 563 id 474 role raid pos 0,5 tgt 1,7 want EAST
V527I SEALNT 564 ph 1 fwd 3 hv 5
RC POS 564 id 7 seat 2 role expand fs 0 body 1 pos 4,2 stuck 4
RC WALK 564 id 7 role expand pos 4,2 tgt 3,9 want SOUTH
RC POS 564 id 277 seat 6 role raid fs 1 body 1 pos 4,7 stuck 0
RC WALK 564 id 277 role raid pos 4,7 tgt 8,5 want NORTH
RC POS 564 id 463 seat 7 role raid fs 1 body 1 pos 2,5 stuck 0
RC WALK 564 id 463 role raid pos 2,5 tgt 8,5 want EAST
RC POS 564 id 465 seat 8 role raid fs 1 body 2 pos 3,5 stuck 0
RC WALK 564 id 465 role raid pos 3,5 tgt 8,5 want EAST
RC POS 564 id 467 seat 9 role raid fs 0 body 1 pos 0,7 stuck 0
RC WALK 564 id 467 role raid pos 0,7 tgt 5,8 want EAST
RC POS 564 id 469 seat 10 role raid fs 0 body 1 pos 2,4 stuck 0
RC POS 564 id 470 seat 11 role raid fs 0 body 1 pos 3,1 stuck 0
RC POS 564 id 472 seat 12 role raid fs 0 body 1 pos 1,5 stuck 0
RC WALK 564 id 472 role raid pos 1,5 tgt 8,5 want EAST
RC POS 564 id 474 seat 13 role raid fs 0 body 1 pos 0,5 stuck 4
RC WALK 564 id 474 role raid pos 0,5 tgt 2,2 want EAST
V527I SEALNT 565 ph 1 fwd 3 hv 5
RC POS 565 id 277 seat 6 role raid fs 1 body 1 pos 4,6 stuck 0
RC WALK 565 id 277 role raid pos 4,6 tgt 8,5 want WEST
RC POS 565 id 463 seat 7 role raid fs 1 body 1 pos 2,5 stuck 2
RC WALK 565 id 463 role raid pos 2,5 tgt 8,5 want EAST
RC POS 565 id 465 seat 8 role raid fs 1 body 2 pos 3,6 stuck 0
RC WALK 565 id 465 role raid pos 3,6 tgt 8,5 want NORTH
RC POS 565 id 467 seat 9 role raid fs 0 body 1 pos 1,7 stuck 0
RC WALK 565 id 467 role raid pos 1,7 tgt 5,8 want NORTH
RC POS 565 id 469 seat 10 role raid fs 0 body 1 pos 2,4 stuck 1
RC POS 565 id 470 seat 11 role raid fs 0 body 1 pos 3,1 stuck 1
RC POS 565 id 472 seat 12 role raid fs 0 body 1 pos 1,6 stuck 0
RC WALK 565 id 472 role raid pos 1,6 tgt 8,5 want NORTH
RC POS 565 id 474 seat 13 role raid fs 0 body 1 pos 1,5 stuck 0
V528 PICK r 565 id 474 tgt 6,2 cs 11 bs 11 reg 0 cc 1 bc 1 cands 1 banned 0 regall 0 seat 13
RC WALK 565 id 474 role raid pos 1,5 tgt 6,2 want EAST
V527I SEALNT 566 ph 1 fwd 3 hv 5
RC POS 566 id 7 seat 2 role expand fs 0 body 1 pos 4,2 stuck 7
V528 PICK r 566 id 7 tgt 3,9 cs 20 bs 20 reg 0 cc 4 bc 4 cands 2 banned 2 regall 0 seat 2
RC WALK 566 id 7 role expand pos 4,2 tgt 3,9 want SOUTH
RC POS 566 id 277 seat 6 role raid fs 1 body 1 pos 4,7 stuck 0
RC WALK 566 id 277 role raid pos 4,7 tgt 8,5 want NORTH
RC POS 566 id 463 seat 7 role raid fs 1 body 1 pos 3,5 stuck 0
RC WALK 566 id 463 role raid pos 3,5 tgt 8,5 want EAST
RC POS 566 id 465 seat 8 role raid fs 1 body 2 pos 4,6 stuck 0
RC WALK 566 id 465 role raid pos 4,6 tgt 8,5 want WEST
RC POS 566 id 467 seat 9 role raid fs 0 body 1 pos 0,7 stuck 0
RC WALK 566 id 467 role raid pos 0,7 tgt 5,8 want EAST
RC POS 566 id 469 seat 10 role raid fs 0 body 1 pos 2,4 stuck 2
RC WALK 566 id 469 role raid pos 2,4 tgt 8,5 want EAST
RC POS 566 id 470 seat 11 role raid fs 0 body 1 pos 3,1 stuck 2
RC WALK 566 id 470 role raid pos 3,1 tgt 8,5 want EAST
RC POS 566 id 472 seat 12 role raid fs 0 body 1 pos 1,7 stuck 0
RC WALK 566 id 472 role raid pos 1,7 tgt 8,5 want NORTH
RC POS 566 id 474 seat 13 role raid fs 0 body 1 pos 2,5 stuck 0
RC WALK 566 id 474 role raid pos 2,5 tgt 6,2 want EAST
V527I SEALNT 567 ph 1 fwd 3 hv 5
RC POS 567 id 7 seat 2 role expand fs 0 body 1 pos 4,2 stuck 2
RC WALK 567 id 7 role expand pos 4,2 tgt 3,9 want SOUTH
RC POS 567 id 277 seat 6 role raid fs 1 body 1 pos 4,7 stuck 2
RC WALK 567 id 277 role raid pos 4,7 tgt 8,5 want NORTH
RC POS 567 id 463 seat 7 role raid fs 1 body 1 pos 3,6 stuck 0
RC WALK 567 id 463 role raid pos 3,6 tgt 8,5 want NORTH
RC POS 567 id 465 seat 8 role raid fs 1 body 2 pos 4,6 stuck 2
RC WALK 567 id 465 role raid pos 4,6 tgt 8,5 want WEST
RC POS 567 id 467 seat 9 role raid fs 0 body 1 pos 0,7 stuck 2
RC WALK 567 id 467 role raid pos 0,7 tgt 5,8 want EAST
RC POS 567 id 469 seat 10 role raid fs 0 body 1 pos 3,4 stuck 0
RC WALK 567 id 469 role raid pos 3,4 tgt 8,5 want EAST
RC POS 567 id 470 seat 11 role raid fs 0 body 1 pos 3,0 stuck 0
RC WALK 567 id 470 role raid pos 3,0 tgt 8,5 want EAST
RC POS 567 id 472 seat 12 role raid fs 0 body 1 pos 1,6 stuck 0
RC WALK 567 id 472 role raid pos 1,6 tgt 8,5 want NORTH
RC POS 567 id 474 seat 13 role raid fs 0 body 1 pos 3,5 stuck 0
RC WALK 567 id 474 role raid pos 3,5 tgt 6,2 want EAST
V527I SEALNT 568 ph 1 fwd 3 hv 5
RC POS 568 id 7 seat 2 role expand fs 0 body 1 pos 4,2 stuck 4
RC WALK 568 id 7 role expand pos 4,2 tgt 3,9 want SOUTH
RC POS 568 id 277 seat 6 role raid fs 1 body 1 pos 4,7 stuck 4
RC WALK 568 id 277 role raid pos 4,7 tgt 8,5 want NORTH
RC POS 568 id 463 seat 7 role raid fs 1 body 1 pos 3,6 stuck 2
RC WALK 568 id 463 role raid pos 3,6 tgt 8,5 want NORTH
RC POS 568 id 465 seat 8 role raid fs 1 body 2 pos 4,6 stuck 4
RC WALK 568 id 465 role raid pos 4,6 tgt 8,5 want WEST
RC POS 568 id 467 seat 9 role raid fs 0 body 1 pos 1,7 stuck 0
RC WALK 568 id 467 role raid pos 1,7 tgt 5,8 want NORTH
RC POS 568 id 469 seat 10 role raid fs 0 body 1 pos 2,4 stuck 0
RC WALK 568 id 469 role raid pos 2,4 tgt 8,5 want EAST
RC POS 568 id 470 seat 11 role raid fs 0 body 1 pos 4,0 stuck 0
RC WALK 568 id 470 role raid pos 4,0 tgt 8,5 want SOUTH
RC POS 568 id 472 seat 12 role raid fs 0 body 1 pos 1,5 stuck 0
RC WALK 568 id 472 role raid pos 1,5 tgt 8,5 want EAST
RC POS 568 id 474 seat 13 role raid fs 0 body 1 pos 3,4 stuck 0
RC WALK 568 id 474 role raid pos 3,4 tgt 6,2 want EAST
V527I SEALNT 569 ph 1 fwd 3 hv 5
RC POS 569 id 7 seat 2 role expand fs 0 body 1 pos 4,2 stuck 6
V528 PICK r 569 id 7 tgt 3,9 cs 20 bs 20 reg 0 cc 4 bc 4 cands 2 banned 2 regall 0 seat 2
RC WALK 569 id 7 role expand pos 4,2 tgt 3,9 want SOUTH
RC POS 569 id 277 seat 6 role raid fs 1 body 1 pos 4,7 stuck 6
RC WALK 569 id 277 role raid pos 4,7 tgt 8,5 want NORTH
RC POS 569 id 463 seat 7 role raid fs 1 body 1 pos 3,5 stuck 0
RC WALK 569 id 463 role raid pos 3,5 tgt 8,5 want EAST
RC POS 569 id 465 seat 8 role raid fs 1 body 2 pos 3,6 stuck 0
RC WALK 569 id 465 role raid pos 3,6 tgt 8,5 want NORTH
RC POS 569 id 467 seat 9 role raid fs 0 body 1 pos 1,6 stuck 0
RC WALK 569 id 467 role raid pos 1,6 tgt 5,8 want NORTH
RC POS 569 id 469 seat 10 role raid fs 0 body 1 pos 2,5 stuck 0
RC WALK 569 id 469 role raid pos 2,5 tgt 8,5 want EAST
RC POS 569 id 470 seat 11 role raid fs 0 body 1 pos 3,0 stuck 0
RC WALK 569 id 470 role raid pos 3,0 tgt 8,5 want EAST
RC POS 569 id 472 seat 12 role raid fs 0 body 1 pos 1,4 stuck 0
RC WALK 569 id 472 role raid pos 1,4 tgt 8,5 want EAST
RC POS 569 id 474 seat 13 role raid fs 0 body 1 pos 2,4 stuck 0
RC WALK 569 id 474 role raid pos 2,4 tgt 6,2 want EAST
V527I SEALNT 570 ph 1 fwd 3 hv 5
RC POS 570 id 7 seat 2 role expand fs 0 body 1 pos 4,2 stuck 2
RC WALK 570 id 7 role expand pos 4,2 tgt 3,9 want SOUTH
RC POS 570 id 277 seat 6 role raid fs 1 body 1 pos 4,6 stuck 0
RC WALK 570 id 277 role raid pos 4,6 tgt 8,5 want WEST
RC POS 570 id 463 seat 7 role raid fs 1 body 1 pos 3,4 stuck 0
RC WALK 570 id 463 role raid pos 3,4 tgt 8,5 want EAST
RC POS 570 id 465 seat 8 role raid fs 1 body 2 pos 3,5 stuck 0
RC WALK 570 id 465 role raid pos 3,5 tgt 8,5 want EAST
RC POS 570 id 467 seat 9 role raid fs 0 body 1 pos 1,5 stuck 0
RC WALK 570 id 467 role raid pos 1,5 tgt 5,8 want EAST
RC POS 570 id 469 seat 10 role raid fs 0 body 1 pos 2,5 stuck 2
RC WALK 570 id 469 role raid pos 2,5 tgt 8,5 want EAST
RC POS 570 id 470 seat 11 role raid fs 0 body 1 pos 4,0 stuck 0
RC WALK 570 id 470 role raid pos 4,0 tgt 8,5 want SOUTH
RC POS 570 id 472 seat 12 role raid fs 0 body 1 pos 1,3 stuck 0
RC WALK 570 id 472 role raid pos 1,3 tgt 8,5 want SOUTH
RC POS 570 id 474 seat 13 role raid fs 0 body 1 pos 1,4 stuck 0
RC WALK 570 id 474 role raid pos 1,4 tgt 6,2 want EAST
V527I SEALNT 571 ph 1 fwd 3 hv 5
RC POS 571 id 7 seat 2 role expand fs 0 body 1 pos 4,2 stuck 4
RC WALK 571 id 7 role expand pos 4,2 tgt 3,9 want SOUTH
RC POS 571 id 277 seat 6 role raid fs 1 body 1 pos 3,6 stuck 0
RC WALK 571 id 277 role raid pos 3,6 tgt 8,5 want NORTH
RC POS 571 id 463 seat 7 role raid fs 1 body 1 pos 2,4 stuck 0
RC WALK 571 id 463 role raid pos 2,4 tgt 8,5 want EAST
RC POS 571 id 465 seat 8 role raid fs 1 body 2 pos 3,4 stuck 0
RC WALK 571 id 465 role raid pos 3,4 tgt 8,5 want EAST
RC POS 571 id 467 seat 9 role raid fs 0 body 1 pos 1,6 stuck 0
RC WALK 571 id 467 role raid pos 1,6 tgt 5,8 want NORTH
RC POS 571 id 469 seat 10 role raid fs 0 body 1 pos 3,5 stuck 0
RC WALK 571 id 469 role raid pos 3,5 tgt 8,5 want EAST
RC POS 571 id 470 seat 11 role raid fs 0 body 1 pos 3,0 stuck 0
RC WALK 571 id 470 role raid pos 3,0 tgt 8,5 want EAST
RC POS 571 id 472 seat 12 role raid fs 0 body 1 pos 0,3 stuck 0
RC WALK 571 id 472 role raid pos 0,3 tgt 8,5 want EAST
RC POS 571 id 474 seat 13 role raid fs 0 body 1 pos 1,5 stuck 0
RC WALK 571 id 474 role raid pos 1,5 tgt 6,2 want EAST
V527I SEALNT 572 ph 1 fwd 3 hv 5
RC POS 572 id 7 seat 2 role expand fs 0 body 1 pos 4,2 stuck 6
V528 PICK r 572 id 7 tgt 3,9 cs 20 bs 20 reg 0 cc 4 bc 4 cands 2 banned 2 regall 0 seat 2
RC WALK 572 id 7 role expand pos 4,2 tgt 3,9 want SOUTH
RC POS 572 id 277 seat 6 role raid fs 1 body 1 pos 4,6 stuck 0
RC WALK 572 id 277 role raid pos 4,6 tgt 8,5 want WEST
RC POS 572 id 463 seat 7 role raid fs 1 body 1 pos 2,5 stuck 0
RC WALK 572 id 463 role raid pos 2,5 tgt 8,5 want EAST
RC POS 572 id 465 seat 8 role raid fs 1 body 2 pos 2,4 stuck 0
RC POS 572 id 467 seat 9 role raid fs 0 body 1 pos 1,7 stuck 0
RC WALK 572 id 467 role raid pos 1,7 tgt 5,8 want NORTH
RC POS 572 id 469 seat 10 role raid fs 0 body 1 pos 3,6 stuck 0
RC WALK 572 id 469 role raid pos 3,6 tgt 8,5 want NORTH
RC POS 572 id 470 seat 11 role raid fs 0 body 1 pos 4,0 stuck 0
RC WALK 572 id 470 role raid pos 4,0 tgt 5,5 want SOUTH
RC POS 572 id 472 seat 12 role raid fs 0 body 1 pos 1,3 stuck 0
RC POS 572 id 474 seat 13 role raid fs 0 body 1 pos 1,6 stuck 0
RC WALK 572 id 474 role raid pos 1,6 tgt 2,2 want NORTH
V527I SEALNT 573 ph 1 fwd 3 hv 5
RC POS 573 id 277 seat 6 role raid fs 1 body 1 pos 4,7 stuck 0
RC WALK 573 id 277 role raid pos 4,7 tgt 8,5 want NORTH
RC POS 573 id 463 seat 7 role raid fs 1 body 1 pos 3,5 stuck 0
RC WALK 573 id 463 role raid pos 3,5 tgt 8,5 want EAST
RC POS 573 id 465 seat 8 role raid fs 1 body 2 pos 2,4 stuck 1
RC POS 573 id 467 seat 9 role raid fs 0 body 1 pos 0,7 stuck 0
RC WALK 573 id 467 role raid pos 0,7 tgt 5,8 want EAST
RC POS 573 id 469 seat 10 role raid fs 0 body 1 pos 4,6 stuck 0
RC WALK 573 id 469 role raid pos 4,6 tgt 8,5 want WEST
RC POS 573 id 470 seat 11 role raid fs 0 body 1 pos 3,0 stuck 0
RC WALK 573 id 470 role raid pos 3,0 tgt 5,5 want SOUTH
RC POS 573 id 472 seat 12 role raid fs 0 body 1 pos 1,3 stuck 1
RC POS 573 id 474 seat 13 role raid fs 0 body 1 pos 1,5 stuck 0
V528 PICK r 573 id 474 tgt 6,2 cs 11 bs 11 reg 0 cc 1 bc 1 cands 1 banned 0 regall 0 seat 13
RC WALK 573 id 474 role raid pos 1,5 tgt 6,2 want EAST
V527I SEALNT 574 ph 1 fwd 3 hv 5
RC POS 574 id 7 seat 2 role expand fs 0 body 1 pos 4,2 stuck 3
RC WALK 574 id 7 role expand pos 4,2 tgt 3,9 want SOUTH
RC POS 574 id 277 seat 6 role raid fs 1 body 1 pos 4,7 stuck 2
RC WALK 574 id 277 role raid pos 4,7 tgt 8,5 want NORTH
RC POS 574 id 463 seat 7 role raid fs 1 body 1 pos 3,6 stuck 0
RC WALK 574 id 463 role raid pos 3,6 tgt 8,5 want NORTH
RC POS 574 id 465 seat 8 role raid fs 1 body 2 pos 2,4 stuck 2
RC WALK 574 id 465 role raid pos 2,4 tgt 8,5 want EAST
RC POS 574 id 467 seat 9 role raid fs 0 body 1 pos 1,7 stuck 0
RC WALK 574 id 467 role raid pos 1,7 tgt 5,8 want NORTH
RC POS 574 id 469 seat 10 role raid fs 0 body 1 pos 4,6 stuck 2
RC WALK 574 id 469 role raid pos 4,6 tgt 8,5 want WEST
RC POS 574 id 470 seat 11 role raid fs 0 body 1 pos 3,1 stuck 0
RC WALK 574 id 470 role raid pos 3,1 tgt 5,5 want SOUTH
RC POS 574 id 472 seat 12 role raid fs 0 body 1 pos 1,3 stuck 2
RC WALK 574 id 472 role raid pos 1,3 tgt 8,5 want SOUTH
RC POS 574 id 474 seat 13 role raid fs 0 body 1 pos 2,5 stuck 0
RC WALK 574 id 474 role raid pos 2,5 tgt 6,2 want EAST
V527I SEALNT 575 ph 1 fwd 3 hv 5
RC POS 575 id 7 seat 2 role expand fs 0 body 1 pos 4,2 stuck 5
V528 PICK r 575 id 7 tgt 3,9 cs 20 bs 20 reg 0 cc 4 bc 4 cands 2 banned 2 regall 0 seat 2
RC WALK 575 id 7 role expand pos 4,2 tgt 3,9 want SOUTH
RC POS 575 id 277 seat 6 role raid fs 1 body 1 pos 4,7 stuck 4
RC WALK 575 id 277 role raid pos 4,7 tgt 8,5 want NORTH
RC POS 575 id 463 seat 7 role raid fs 1 body 1 pos 3,5 stuck 0
RC WALK 575 id 463 role raid pos 3,5 tgt 8,5 want EAST
RC POS 575 id 465 seat 8 role raid fs 1 body 2 pos 3,4 stuck 0
RC WALK 575 id 465 role raid pos 3,4 tgt 8,5 want EAST
RC POS 575 id 467 seat 9 role raid fs 0 body 1 pos 1,6 stuck 0
RC WALK 575 id 467 role raid pos 1,6 tgt 5,8 want NORTH
RC POS 575 id 469 seat 10 role raid fs 0 body 1 pos 3,6 stuck 0
RC WALK 575 id 469 role raid pos 3,6 tgt 8,5 want NORTH
RC POS 575 id 470 seat 11 role raid fs 0 body 1 pos 2,1 stuck 0
RC WALK 575 id 470 role raid pos 2,1 tgt 5,5 want SOUTH
RC POS 575 id 472 seat 12 role raid fs 0 body 1 pos 1,4 stuck 0
RC WALK 575 id 472 role raid pos 1,4 tgt 8,5 want EAST
RC POS 575 id 474 seat 13 role raid fs 0 body 1 pos 2,4 stuck 0
RC WALK 575 id 474 role raid pos 2,4 tgt 6,2 want EAST
V527I SEALNT 576 ph 1 fwd 3 hv 5
RC POS 576 id 7 seat 2 role expand fs 0 body 1 pos 4,2 stuck 2
RC WALK 576 id 7 role expand pos 4,2 tgt 3,9 want SOUTH
RC POS 576 id 277 seat 6 role raid fs 1 body 1 pos 4,6 stuck 0
RC WALK 576 id 277 role raid pos 4,6 tgt 8,5 want WEST
RC POS 576 id 463 seat 7 role raid fs 1 body 1 pos 2,5 stuck 0
RC WALK 576 id 463 role raid pos 2,5 tgt 8,5 want EAST
RC POS 576 id 465 seat 8 role raid fs 1 body 2 pos 3,5 stuck 0
RC WALK 576 id 465 role raid pos 3,5 tgt 8,5 want EAST
RC POS 576 id 467 seat 9 role raid fs 0 body 1 pos 1,5 stuck 0
RC WALK 576 id 467 role raid pos 1,5 tgt 5,8 want EAST
RC POS 576 id 469 seat 10 role raid fs 0 body 1 pos 3,6 stuck 2
RC WALK 576 id 469 role raid pos 3,6 tgt 8,5 want NORTH
RC POS 576 id 470 seat 11 role raid fs 0 body 1 pos 3,1 stuck 0
RC POS 576 id 472 seat 12 role raid fs 0 body 1 pos 1,3 stuck 0
RC POS 576 id 474 seat 13 role raid fs 0 body 1 pos 3,4 stuck 0
V527I SEALNT 577 ph 1 fwd 3 hv 5
RC POS 577 id 277 seat 6 role raid fs 1 body 1 pos 4,7 stuck 0
RC WALK 577 id 277 role raid pos 4,7 tgt 8,5 want NORTH
RC POS 577 id 463 seat 7 role raid fs 1 body 1 pos 2,4 stuck 0
RC POS 577 id 465 seat 8 role raid fs 1 body 2 pos 2,5 stuck 0
RC WALK 577 id 465 role raid pos 2,5 tgt 8,5 want EAST
RC POS 577 id 467 seat 9 role raid fs 0 body 1 pos 1,6 stuck 0
RC WALK 577 id 467 role raid pos 1,6 tgt 5,8 want NORTH
RC POS 577 id 469 seat 10 role raid fs 0 body 1 pos 3,5 stuck 0
RC WALK 577 id 469 role raid pos 3,5 tgt 8,5 want EAST
RC POS 577 id 470 seat 11 role raid fs 0 body 1 pos 3,1 stuck 1
RC POS 577 id 472 seat 12 role raid fs 0 body 1 pos 1,3 stuck 1
RC WALK 577 id 472 role raid pos 1,3 tgt 8,5 want SOUTH
RC POS 577 id 474 seat 13 role raid fs 0 body 1 pos 3,4 stuck 1
RC WALK 577 id 474 role raid pos 3,4 tgt 0,9 want SOUTH
V527I SEALNT 578 ph 1 fwd 3 hv 5
RC POS 578 id 7 seat 2 role expand fs 0 body 1 pos 4,2 stuck 5
V528 PICK r 578 id 7 tgt 3,9 cs 26 bs 26 reg 0 cc 6 bc 6 cands 2 banned 2 regall 0 seat 2
RC WALK 578 id 7 role expand pos 4,2 tgt 3,9 want SOUTH
RC POS 578 id 277 seat 6 role raid fs 1 body 1 pos 4,6 stuck 0
RC WALK 578 id 277 role raid pos 4,6 tgt 8,5 want WEST
RC POS 578 id 463 seat 7 role raid fs 1 body 1 pos 2,4 stuck 1
RC WALK 578 id 463 role raid pos 2,4 tgt 8,5 want EAST
RC POS 578 id 465 seat 8 role raid fs 1 body 2 pos 1,5 stuck 0
RC WALK 578 id 465 role raid pos 1,5 tgt 8,5 want EAST
RC POS 578 id 467 seat 9 role raid fs 0 body 1 pos 1,7 stuck 0
RC WALK 578 id 467 role raid pos 1,7 tgt 5,8 want NORTH
RC POS 578 id 469 seat 10 role raid fs 0 body 1 pos 3,6 stuck 0
RC WALK 578 id 469 role raid pos 3,6 tgt 8,5 want NORTH
RC POS 578 id 470 seat 11 role raid fs 0 body 1 pos 3,1 stuck 2
RC WALK 578 id 470 role raid pos 3,1 tgt 8,5 want EAST
RC POS 578 id 472 seat 12 role raid fs 0 body 1 pos 1,4 stuck 0
RC WALK 578 id 472 role raid pos 1,4 tgt 8,5 want EAST
RC POS 578 id 474 seat 13 role raid fs 0 body 1 pos 3,5 stuck 0
RC WALK 578 id 474 role raid pos 3,5 tgt 0,9 want SOUTH
V527I SEALNT 579 ph 1 fwd 3 hv 5
RC POS 579 id 7 seat 2 role expand fs 0 body 1 pos 4,2 stuck 2
RC WALK 579 id 7 role expand pos 4,2 tgt 3,9 want SOUTH
RC POS 579 id 277 seat 6 role raid fs 1 body 1 pos 4,7 stuck 0
RC WALK 579 id 277 role raid pos 4,7 tgt 8,5 want NORTH
RC POS 579 id 463 seat 7 role raid fs 1 body 1 pos 3,4 stuck 0
RC WALK 579 id 463 role raid pos 3,4 tgt 8,5 want EAST
RC POS 579 id 465 seat 8 role raid fs 1 body 2 pos 2,5 stuck 0
RC WALK 579 id 465 role raid pos 2,5 tgt 8,5 want EAST
RC POS 579 id 467 seat 9 role raid fs 0 body 1 pos 1,6 stuck 0
RC WALK 579 id 467 role raid pos 1,6 tgt 5,8 want NORTH
RC POS 579 id 469 seat 10 role raid fs 0 body 1 pos 4,6 stuck 0
RC WALK 579 id 469 role raid pos 4,6 tgt 8,5 want WEST
RC POS 579 id 470 seat 11 role raid fs 0 body 1 pos 3,0 stuck 0
RC WALK 579 id 470 role raid pos 3,0 tgt 8,5 want EAST
RC POS 579 id 472 seat 12 role raid fs 0 body 1 pos 2,4 stuck 0
RC WALK 579 id 472 role raid pos 2,4 tgt 8,5 want EAST
RC POS 579 id 474 seat 13 role raid fs 0 body 1 pos 3,6 stuck 0
RC WALK 579 id 474 role raid pos 3,6 tgt 0,9 want WEST
V527I SEALNT 580 ph 1 fwd 3 hv 5
RC POS 580 id 7 seat 2 role expand fs 0 body 1 pos 4,2 stuck 4
RC WALK 580 id 7 role expand pos 4,2 tgt 3,9 want SOUTH
RC POS 580 id 277 seat 6 role raid fs 1 body 1 pos 4,7 stuck 2
RC WALK 580 id 277 role raid pos 4,7 tgt 8,5 want NORTH
RC POS 580 id 463 seat 7 role raid fs 1 body 1 pos 3,5 stuck 0
RC WALK 580 id 463 role raid pos 3,5 tgt 8,5 want EAST
RC POS 580 id 465 seat 8 role raid fs 1 body 2 pos 1,5 stuck 0
RC WALK 580 id 465 role raid pos 1,5 tgt 8,5 want EAST
RC POS 580 id 467 seat 9 role raid fs 0 body 1 pos 1,7 stuck 0
RC WALK 580 id 467 role raid pos 1,7 tgt 5,8 want NORTH
RC POS 580 id 469 seat 10 role raid fs 0 body 1 pos 4,6 stuck 2
RC WALK 580 id 469 role raid pos 4,6 tgt 8,5 want WEST
RC POS 580 id 470 seat 11 role raid fs 0 body 1 pos 4,0 stuck 0
RC WALK 580 id 470 role raid pos 4,0 tgt 8,5 want SOUTH
RC POS 580 id 472 seat 12 role raid fs 0 body 1 pos 3,4 stuck 0
RC WALK 580 id 472 role raid pos 3,4 tgt 8,5 want EAST
RC POS 580 id 474 seat 13 role raid fs 0 body 1 pos 3,6 stuck 2
RC WALK 580 id 474 role raid pos 3,6 tgt 0,9 want WEST
V527I SEALNT 581 ph 1 fwd 3 hv 5
RC POS 581 id 7 seat 2 role expand fs 0 body 1 pos 4,2 stuck 6
V528 PICK r 581 id 7 tgt 3,9 cs 26 bs 26 reg 0 cc 6 bc 6 cands 2 banned 2 regall 0 seat 2
RC WALK 581 id 7 role expand pos 4,2 tgt 3,9 want SOUTH
RC POS 581 id 277 seat 6 role raid fs 1 body 1 pos 4,7 stuck 4
RC WALK 581 id 277 role raid pos 4,7 tgt 8,5 want NORTH
RC POS 581 id 463 seat 7 role raid fs 1 body 1 pos 2,5 stuck 0
RC WALK 581 id 463 role raid pos 2,5 tgt 8,5 want EAST
RC POS 581 id 465 seat 8 role raid fs 1 body 2 pos 1,6 stuck 0
RC WALK 581 id 465 role raid pos 1,6 tgt 8,5 want NORTH
RC POS 581 id 467 seat 9 role raid fs 0 body 1 pos 0,7 stuck 0
RC WALK 581 id 467 role raid pos 0,7 tgt 5,8 want EAST
RC POS 581 id 469 seat 10 role raid fs 0 body 1 pos 4,6 stuck 4
RC WALK 581 id 469 role raid pos 4,6 tgt 8,5 want WEST
RC POS 581 id 470 seat 11 role raid fs 0 body 1 pos 3,0 stuck 0
RC WALK 581 id 470 role raid pos 3,0 tgt 8,5 want EAST
RC POS 581 id 472 seat 12 role raid fs 0 body 1 pos 3,5 stuck 0
RC WALK 581 id 472 role raid pos 3,5 tgt 8,5 want EAST
RC POS 581 id 474 seat 13 role raid fs 0 body 1 pos 3,6 stuck 4
RC WALK 581 id 474 role raid pos 3,6 tgt 0,9 want WEST
V527I SEALNT 582 ph 1 fwd 3 hv 5
RC POS 582 id 7 seat 2 role expand fs 0 body 1 pos 4,2 stuck 2
RC WALK 582 id 7 role expand pos 4,2 tgt 3,9 want SOUTH
RC POS 582 id 277 seat 6 role raid fs 1 body 1 pos 4,7 stuck 6
RC WALK 582 id 277 role raid pos 4,7 tgt 8,5 want NORTH
RC POS 582 id 463 seat 7 role raid fs 1 body 1 pos 2,4 stuck 0
RC WALK 582 id 463 role raid pos 2,4 tgt 8,5 want EAST
RC POS 582 id 465 seat 8 role raid fs 1 body 2 pos 1,5 stuck 0
RC WALK 582 id 465 role raid pos 1,5 tgt 8,5 want EAST
RC POS 582 id 467 seat 9 role raid fs 0 body 1 pos 1,7 stuck 0
RC WALK 582 id 467 role raid pos 1,7 tgt 5,8 want NORTH
RC POS 582 id 469 seat 10 role raid fs 0 body 1 pos 4,6 stuck 6
RC WALK 582 id 469 role raid pos 4,6 tgt 8,5 want WEST
RC POS 582 id 470 seat 11 role raid fs 0 body 1 pos 4,0 stuck 0
RC WALK 582 id 470 role raid pos 4,0 tgt 8,5 want SOUTH
RC POS 582 id 472 seat 12 role raid fs 0 body 1 pos 3,4 stuck 0
RC WALK 582 id 472 role raid pos 3,4 tgt 8,5 want EAST
RC POS 582 id 474 seat 13 role raid fs 0 body 1 pos 3,5 stuck 0
RC WALK 582 id 474 role raid pos 3,5 tgt 6,5 want EAST
V527I SEALNT 583 ph 1 fwd 3 hv 5
RC POS 583 id 7 seat 2 role expand fs 0 body 1 pos 4,2 stuck 4
RC WALK 583 id 7 role expand pos 4,2 tgt 3,9 want SOUTH
RC POS 583 id 277 seat 6 role raid fs 1 body 1 pos 4,7 stuck 8
RC WALK 583 id 277 role raid pos 4,7 tgt 8,5 want NORTH
RC POS 583 id 463 seat 7 role raid fs 1 body 1 pos 2,5 stuck 0
RC WALK 583 id 463 role raid pos 2,5 tgt 8,5 want EAST
RC POS 583 id 465 seat 8 role raid fs 1 body 2 pos 1,6 stuck 0
RC WALK 583 id 465 role raid pos 1,6 tgt 8,5 want NORTH
RC POS 583 id 467 seat 9 role raid fs 0 body 1 pos 0,7 stuck 0
RC WALK 583 id 467 role raid pos 0,7 tgt 5,8 want EAST
RC POS 583 id 469 seat 10 role raid fs 0 body 1 pos 3,6 stuck 0
RC WALK 583 id 469 role raid pos 3,6 tgt 8,5 want NORTH
RC POS 583 id 470 seat 11 role raid fs 0 body 1 pos 3,0 stuck 0
RC WALK 583 id 470 role raid pos 3,0 tgt 8,5 want EAST
RC POS 583 id 472 seat 12 role raid fs 0 body 1 pos 2,4 stuck 0
RC WALK 583 id 472 role raid pos 2,4 tgt 8,5 want EAST
RC POS 583 id 474 seat 13 role raid fs 0 body 1 pos 3,4 stuck 0
RC WALK 583 id 474 role raid pos 3,4 tgt 6,5 want EAST
V527I SEALNT 584 ph 1 fwd 3 hv 5
RC POS 584 id 7 seat 2 role expand fs 0 body 1 pos 4,2 stuck 6
V528 PICK r 584 id 7 tgt 3,9 cs 26 bs 26 reg 0 cc 6 bc 6 cands 2 banned 2 regall 0 seat 2
RC WALK 584 id 7 role expand pos 4,2 tgt 3,9 want SOUTH
RC POS 584 id 277 seat 6 role raid fs 1 body 1 pos 4,6 stuck 0
RC WALK 584 id 277 role raid pos 4,6 tgt 8,5 want WEST
RC POS 584 id 463 seat 7 role raid fs 1 body 1 pos 3,5 stuck 0
RC WALK 584 id 463 role raid pos 3,5 tgt 8,5 want EAST
RC POS 584 id 465 seat 8 role raid fs 1 body 2 pos 1,5 stuck 0
RC WALK 584 id 465 role raid pos 1,5 tgt 8,5 want EAST
RC POS 584 id 467 seat 9 role raid fs 0 body 1 pos 1,7 stuck 0
RC WALK 584 id 467 role raid pos 1,7 tgt 5,8 want NORTH
RC POS 584 id 469 seat 10 role raid fs 0 body 1 pos 3,6 stuck 2
RC WALK 584 id 469 role raid pos 3,6 tgt 8,5 want NORTH
RC POS 584 id 470 seat 11 role raid fs 0 body 1 pos 4,0 stuck 0
RC WALK 584 id 470 role raid pos 4,0 tgt 5,5 want SOUTH
RC POS 584 id 472 seat 12 role raid fs 0 body 1 pos 2,5 stuck 0
RC WALK 584 id 472 role raid pos 2,5 tgt 8,5 want EAST
RC POS 584 id 474 seat 13 role raid fs 0 body 1 pos 2,4 stuck 0
V527I SEALNT 585 ph 1 fwd 3 hv 5
RC POS 585 id 277 seat 6 role raid fs 1 body 1 pos 4,7 stuck 0
RC WALK 585 id 277 role raid pos 4,7 tgt 8,5 want NORTH
RC POS 585 id 463 seat 7 role raid fs 1 body 1 pos 3,4 stuck 0
RC POS 585 id 465 seat 8 role raid fs 1 body 2 pos 1,6 stuck 0
RC WALK 585 id 465 role raid pos 1,6 tgt 8,5 want NORTH
RC POS 585 id 467 seat 9 role raid fs 0 body 1 pos 0,7 stuck 0
RC WALK 585 id 467 role raid pos 0,7 tgt 5,8 want EAST
RC POS 585 id 469 seat 10 role raid fs 0 body 1 pos 3,5 stuck 0
RC WALK 585 id 469 role raid pos 3,5 tgt 8,5 want EAST
RC POS 585 id 470 seat 11 role raid fs 0 body 1 pos 3,0 stuck 0
RC WALK 585 id 470 role raid pos 3,0 tgt 5,5 want SOUTH
RC POS 585 id 472 seat 12 role raid fs 0 body 1 pos 1,5 stuck 0
RC WALK 585 id 472 role raid pos 1,5 tgt 8,5 want EAST
RC POS 585 id 474 seat 13 role raid fs 0 body 1 pos 2,4 stuck 1
V527I SEALNT 586 ph 1 fwd 3 hv 5
RC POS 586 id 277 seat 6 role raid fs 1 body 1 pos 4,6 stuck 0
RC WALK 586 id 277 role raid pos 4,6 tgt 8,5 want WEST
RC POS 586 id 463 seat 7 role raid fs 1 body 1 pos 3,4 stuck 1
RC WALK 586 id 463 role raid pos 3,4 tgt 8,5 want EAST
RC POS 586 id 465 seat 8 role raid fs 1 body 2 pos 1,7 stuck 0
RC WALK 586 id 465 role raid pos 1,7 tgt 5,8 want NORTH
RC POS 586 id 467 seat 9 role raid fs 0 body 1 pos 0,7 stuck 2
RC WALK 586 id 467 role raid pos 0,7 tgt 5,8 want EAST
RC POS 586 id 469 seat 10 role raid fs 0 body 1 pos 3,6 stuck 0
RC WALK 586 id 469 role raid pos 3,6 tgt 8,5 want NORTH
RC POS 586 id 470 seat 11 role raid fs 0 body 1 pos 3,1 stuck 0
RC WALK 586 id 470 role raid pos 3,1 tgt 5,5 want SOUTH
RC POS 586 id 472 seat 12 role raid fs 0 body 1 pos 2,5 stuck 0
RC WALK 586 id 472 role raid pos 2,5 tgt 8,5 want EAST
RC POS 586 id 474 seat 13 role raid fs 0 body 1 pos 2,4 stuck 2
RC WALK 586 id 474 role raid pos 2,4 tgt 6,5 want EAST
V527I SEALNT 587 ph 1 fwd 3 hv 5
RC POS 587 id 7 seat 2 role expand fs 0 body 1 pos 4,2 stuck 4
RC WALK 587 id 7 role expand pos 4,2 tgt 3,9 want SOUTH
RC POS 587 id 277 seat 6 role raid fs 1 body 1 pos 4,7 stuck 0
RC WALK 587 id 277 role raid pos 4,7 tgt 8,5 want NORTH
RC POS 587 id 463 seat 7 role raid fs 1 body 1 pos 3,5 stuck 0
RC WALK 587 id 463 role raid pos 3,5 tgt 8,5 want EAST
RC POS 587 id 465 seat 8 role raid fs 1 body 2 pos 1,6 stuck 0
RC WALK 587 id 465 role raid pos 1,6 tgt 5,8 want NORTH
RC POS 587 id 467 seat 9 role raid fs 0 body 1 pos 1,7 stuck 0
RC WALK 587 id 467 role raid pos 1,7 tgt 5,8 want NORTH
RC POS 587 id 469 seat 10 role raid fs 0 body 1 pos 4,6 stuck 0
RC WALK 587 id 469 role raid pos 4,6 tgt 8,5 want WEST
RC POS 587 id 470 seat 11 role raid fs 0 body 1 pos 2,1 stuck 0
RC WALK 587 id 470 role raid pos 2,1 tgt 5,5 want SOUTH
RC POS 587 id 472 seat 12 role raid fs 0 body 1 pos 1,5 stuck 0
RC WALK 587 id 472 role raid pos 1,5 tgt 8,5 want EAST
RC POS 587 id 474 seat 13 role raid fs 0 body 1 pos 3,4 stuck 0
RC WALK 587 id 474 role raid pos 3,4 tgt 6,5 want EAST
V527I SEALNT 588 ph 1 fwd 3 hv 5
RC POS 588 id 7 seat 2 role expand fs 0 body 1 pos 4,2 stuck 6
V528 PICK r 588 id 7 tgt 8,1 cs 1205 bs 1205 reg 0 cc 400 bc 400 cands 2 banned 1 regall 1179 seat 2
RC WALK 588 id 7 role expand pos 4,2 tgt 8,1 want EAST
RC POS 588 id 277 seat 6 role raid fs 1 body 1 pos 4,7 stuck 2
RC WALK 588 id 277 role raid pos 4,7 tgt 8,5 want NORTH
RC POS 588 id 463 seat 7 role raid fs 1 body 1 pos 3,6 stuck 0
RC WALK 588 id 463 role raid pos 3,6 tgt 8,5 want NORTH
RC POS 588 id 465 seat 8 role raid fs 1 body 2 pos 1,6 stuck 2
RC WALK 588 id 465 role raid pos 1,6 tgt 5,8 want NORTH
RC POS 588 id 467 seat 9 role raid fs 0 body 1 pos 0,7 stuck 0
RC WALK 588 id 467 role raid pos 0,7 tgt 5,8 want EAST
RC POS 588 id 469 seat 10 role raid fs 0 body 1 pos 4,6 stuck 2
RC WALK 588 id 469 role raid pos 4,6 tgt 8,5 want WEST
RC POS 588 id 470 seat 11 role raid fs 0 body 1 pos 3,1 stuck 0
RC WALK 588 id 470 role raid pos 3,1 tgt 5,5 want SOUTH
RC POS 588 id 472 seat 12 role raid fs 0 body 1 pos 2,5 stuck 0
RC WALK 588 id 472 role raid pos 2,5 tgt 8,5 want EAST
RC POS 588 id 474 seat 13 role raid fs 0 body 1 pos 3,5 stuck 0
RC WALK 588 id 474 role raid pos 3,5 tgt 6,5 want EAST
V527I SEALNT 589 ph 1 fwd 3 hv 5
RC POS 589 id 7 seat 2 role expand fs 0 body 1 pos 4,2 stuck 2
RC WALK 589 id 7 role expand pos 4,2 tgt 8,1 want EAST
RC POS 589 id 277 seat 6 role raid fs 1 body 1 pos 4,7 stuck 4
RC WALK 589 id 277 role raid pos 4,7 tgt 8,5 want NORTH
RC POS 589 id 463 seat 7 role raid fs 1 body 1 pos 3,6 stuck 2
RC WALK 589 id 463 role raid pos 3,6 tgt 8,5 want NORTH
RC POS 589 id 465 seat 8 role raid fs 1 body 2 pos 1,5 stuck 0
RC WALK 589 id 465 role raid pos 1,5 tgt 5,8 want EAST
RC POS 589 id 467 seat 9 role raid fs 0 body 1 pos 1,7 stuck 0
RC WALK 589 id 467 role raid pos 1,7 tgt 5,8 want NORTH
RC POS 589 id 469 seat 10 role raid fs 0 body 1 pos 4,6 stuck 4
RC WALK 589 id 469 role raid pos 4,6 tgt 8,5 want WEST
RC POS 589 id 470 seat 11 role raid fs 0 body 1 pos 2,1 stuck 0
RC WALK 589 id 470 role raid pos 2,1 tgt 5,5 want SOUTH
RC POS 589 id 472 seat 12 role raid fs 0 body 1 pos 2,4 stuck 0
RC WALK 589 id 472 role raid pos 2,4 tgt 8,5 want EAST
RC POS 589 id 474 seat 13 role raid fs 0 body 1 pos 3,4 stuck 0
RC WALK 589 id 474 role raid pos 3,4 tgt 6,5 want EAST
V527I SEALNT 590 ph 1 fwd 3 hv 5
RC POS 590 id 7 seat 2 role expand fs 0 body 1 pos 4,2 stuck 4
RC WALK 590 id 7 role expand pos 4,2 tgt 8,1 want EAST
RC POS 590 id 277 seat 6 role raid fs 1 body 1 pos 4,7 stuck 6
RC WALK 590 id 277 role raid pos 4,7 tgt 8,5 want NORTH
RC POS 590 id 463 seat 7 role raid fs 1 body 1 pos 3,5 stuck 0
RC WALK 590 id 463 role raid pos 3,5 tgt 8,5 want EAST
RC POS 590 id 465 seat 8 role raid fs 1 body 2 pos 2,5 stuck 0
RC WALK 590 id 465 role raid pos 2,5 tgt 5,8 want EAST
RC POS 590 id 467 seat 9 role raid fs 0 body 1 pos 1,6 stuck 0
RC WALK 590 id 467 role raid pos 1,6 tgt 5,8 want NORTH
RC POS 590 id 469 seat 10 role raid fs 0 body 1 pos 3,6 stuck 0
RC WALK 590 id 469 role raid pos 3,6 tgt 8,5 want NORTH
RC POS 590 id 470 seat 11 role raid fs 0 body 1 pos 3,1 stuck 0
RC WALK 590 id 470 role raid pos 3,1 tgt 8,5 want EAST
RC POS 590 id 472 seat 12 role raid fs 0 body 1 pos 1,4 stuck 0
RC WALK 590 id 472 role raid pos 1,4 tgt 8,5 want EAST
RC POS 590 id 474 seat 13 role raid fs 0 body 1 pos 2,4 stuck 0
RC WALK 590 id 474 role raid pos 2,4 tgt 6,5 want EAST
V527I SEALNT 591 ph 1 fwd 3 hv 5
RC POS 591 id 7 seat 2 role expand fs 0 body 1 pos 4,2 stuck 6
V528 PICK r 591 id 7 tgt 3,9 cs 26 bs 26 reg 0 cc 6 bc 6 cands 2 banned 2 regall 0 seat 2
RC WALK 591 id 7 role expand pos 4,2 tgt 3,9 want SOUTH
RC POS 591 id 277 seat 6 role raid fs 1 body 1 pos 4,6 stuck 0
RC WALK 591 id 277 role raid pos 4,6 tgt 8,5 want WEST
RC POS 591 id 463 seat 7 role raid fs 1 body 1 pos 3,4 stuck 0
RC WALK 591 id 463 role raid pos 3,4 tgt 8,5 want EAST
RC POS 591 id 465 seat 8 role raid fs 1 body 2 pos 3,5 stuck 0
RC WALK 591 id 465 role raid pos 3,5 tgt 5,8 want SOUTH
RC POS 591 id 467 seat 9 role raid fs 0 body 1 pos 1,5 stuck 0
RC WALK 591 id 467 role raid pos 1,5 tgt 5,8 want EAST
RC POS 591 id 469 seat 10 role raid fs 0 body 1 pos 3,6 stuck 2
RC WALK 591 id 469 role raid pos 3,6 tgt 8,5 want NORTH
RC POS 591 id 470 seat 11 role raid fs 0 body 1 pos 3,0 stuck 0
RC WALK 591 id 470 role raid pos 3,0 tgt 8,5 want EAST
RC POS 591 id 472 seat 12 role raid fs 0 body 1 pos 1,3 stuck 0
RC WALK 591 id 472 role raid pos 1,3 tgt 8,5 want SOUTH
RC POS 591 id 474 seat 13 role raid fs 0 body 1 pos 2,5 stuck 0
RC WALK 591 id 474 role raid pos 2,5 tgt 6,5 want EAST
V527I SEALNT 592 ph 1 fwd 3 hv 5
RC POS 592 id 7 seat 2 role expand fs 0 body 1 pos 4,2 stuck 2
RC WALK 592 id 7 role expand pos 4,2 tgt 3,9 want SOUTH
RC POS 592 id 277 seat 6 role raid fs 1 body 1 pos 4,7 stuck 0
RC WALK 592 id 277 role raid pos 4,7 tgt 8,5 want NORTH
RC POS 592 id 463 seat 7 role raid fs 1 body 1 pos 2,4 stuck 0
RC POS 592 id 465 seat 8 role raid fs 1 body 2 pos 3,4 stuck 0
RC POS 592 id 467 seat 9 role raid fs 0 body 1 pos 1,6 stuck 0
RC WALK 592 id 467 role raid pos 1,6 tgt 5,8 want NORTH
RC POS 592 id 469 seat 10 role raid fs 0 body 1 pos 3,5 stuck 0
RC WALK 592 id 469 role raid pos 3,5 tgt 8,5 want EAST
RC POS 592 id 470 seat 11 role raid fs 0 body 1 pos 4,0 stuck 0
RC WALK 592 id 470 role raid pos 4,0 tgt 8,5 want SOUTH
RC POS 592 id 472 seat 12 role raid fs 0 body 1 pos 1,4 stuck 0
RC WALK 592 id 472 role raid pos 1,4 tgt 8,5 want EAST
RC POS 592 id 474 seat 13 role raid fs 0 body 1 pos 1,5 stuck 0
RC WALK 592 id 474 role raid pos 1,5 tgt 6,5 want EAST
V527I SEALNT 593 ph 1 fwd 3 hv 5
RC POS 593 id 277 seat 6 role raid fs 1 body 1 pos 4,6 stuck 0
RC WALK 593 id 277 role raid pos 4,6 tgt 8,5 want WEST
RC POS 593 id 463 seat 7 role raid fs 1 body 1 pos 2,4 stuck 1
RC POS 593 id 465 seat 8 role raid fs 1 body 2 pos 3,4 stuck 1
RC POS 593 id 467 seat 9 role raid fs 0 body 1 pos 1,7 stuck 0
RC WALK 593 id 467 role raid pos 1,7 tgt 5,8 want NORTH
RC POS 593 id 469 seat 10 role raid fs 0 body 1 pos 3,6 stuck 0
RC WALK 593 id 469 role raid pos 3,6 tgt 8,5 want NORTH
RC POS 593 id 470 seat 11 role raid fs 0 body 1 pos 3,0 stuck 0
RC WALK 593 id 470 role raid pos 3,0 tgt 8,5 want EAST
RC POS 593 id 472 seat 12 role raid fs 0 body 1 pos 1,3 stuck 0
RC WALK 593 id 472 role raid pos 1,3 tgt 8,5 want SOUTH
RC POS 593 id 474 seat 13 role raid fs 0 body 1 pos 2,5 stuck 0
RC WALK 593 id 474 role raid pos 2,5 tgt 6,5 want EAST
V527I SEALNT 594 ph 1 fwd 3 hv 5
RC POS 594 id 7 seat 2 role expand fs 0 body 1 pos 4,2 stuck 5
V528 PICK r 594 id 7 tgt 3,9 cs 26 bs 26 reg 0 cc 6 bc 6 cands 2 banned 2 regall 0 seat 2
RC WALK 594 id 7 role expand pos 4,2 tgt 3,9 want SOUTH
RC POS 594 id 277 seat 6 role raid fs 1 body 1 pos 4,7 stuck 0
RC WALK 594 id 277 role raid pos 4,7 tgt 8,5 want NORTH
RC POS 594 id 463 seat 7 role raid fs 1 body 1 pos 2,4 stuck 2
RC WALK 594 id 463 role raid pos 2,4 tgt 8,5 want EAST
RC POS 594 id 465 seat 8 role raid fs 1 body 2 pos 3,4 stuck 2
RC WALK 594 id 465 role raid pos 3,4 tgt 8,5 want EAST
RC POS 594 id 467 seat 9 role raid fs 0 body 1 pos 1,6 stuck 0
RC WALK 594 id 467 role raid pos 1,6 tgt 5,8 want NORTH
RC POS 594 id 469 seat 10 role raid fs 0 body 1 pos 3,5 stuck 0
RC WALK 594 id 469 role raid pos 3,5 tgt 8,5 want EAST
RC POS 594 id 470 seat 11 role raid fs 0 body 1 pos 4,0 stuck 0
RC WALK 594 id 470 role raid pos 4,0 tgt 8,5 want SOUTH
RC POS 594 id 472 seat 12 role raid fs 0 body 1 pos 1,4 stuck 0
RC WALK 594 id 472 role raid pos 1,4 tgt 8,5 want EAST
RC POS 594 id 474 seat 13 role raid fs 0 body 1 pos 1,5 stuck 0
RC WALK 594 id 474 role raid pos 1,5 tgt 6,5 want EAST
V527I SEALNT 595 ph 1 fwd 3 hv 5
RC POS 595 id 7 seat 2 role expand fs 0 body 1 pos 4,2 stuck 2
RC WALK 595 id 7 role expand pos 4,2 tgt 3,9 want SOUTH
RC POS 595 id 277 seat 6 role raid fs 1 body 1 pos 4,6 stuck 0
RC WALK 595 id 277 role raid pos 4,6 tgt 8,5 want WEST
RC POS 595 id 463 seat 7 role raid fs 1 body 1 pos 2,5 stuck 0
RC WALK 595 id 463 role raid pos 2,5 tgt 8,5 want EAST
RC POS 595 id 465 seat 8 role raid fs 1 body 2 pos 2,4 stuck 0
RC WALK 595 id 465 role raid pos 2,4 tgt 8,5 want EAST
RC POS 595 id 467 seat 9 role raid fs 0 body 1 pos 1,7 stuck 0
RC WALK 595 id 467 role raid pos 1,7 tgt 5,8 want NORTH
RC POS 595 id 469 seat 10 role raid fs 0 body 1 pos 3,6 stuck 0
RC WALK 595 id 469 role raid pos 3,6 tgt 8,5 want NORTH
RC POS 595 id 470 seat 11 role raid fs 0 body 1 pos 3,0 stuck 0
RC WALK 595 id 470 role raid pos 3,0 tgt 8,5 want EAST
RC POS 595 id 472 seat 12 role raid fs 0 body 1 pos 1,3 stuck 0
RC WALK 595 id 472 role raid pos 1,3 tgt 8,5 want SOUTH
RC POS 595 id 474 seat 13 role raid fs 0 body 1 pos 1,6 stuck 0
RC WALK 595 id 474 role raid pos 1,6 tgt 6,5 want NORTH
V527I SEALNT 596 ph 1 fwd 3 hv 5
RC POS 596 id 7 seat 2 role expand fs 0 body 1 pos 4,2 stuck 4
RC WALK 596 id 7 role expand pos 4,2 tgt 3,9 want SOUTH
RC POS 596 id 277 seat 6 role raid fs 1 body 1 pos 4,7 stuck 0
RC WALK 596 id 277 role raid pos 4,7 tgt 8,5 want NORTH
RC POS 596 id 463 seat 7 role raid fs 1 body 1 pos 3,5 stuck 0
RC WALK 596 id 463 role raid pos 3,5 tgt 8,5 want EAST
RC POS 596 id 465 seat 8 role raid fs 1 body 2 pos 3,4 stuck 0
RC POS 596 id 467 seat 9 role raid fs 0 body 1 pos 0,7 stuck 0
RC WALK 596 id 467 role raid pos 0,7 tgt 5,8 want EAST
RC POS 596 id 469 seat 10 role raid fs 0 body 1 pos 4,6 stuck 0
RC WALK 596 id 469 role raid pos 4,6 tgt 8,5 want WEST
RC POS 596 id 470 seat 11 role raid fs 0 body 1 pos 4,0 stuck 0
RC WALK 596 id 470 role raid pos 4,0 tgt 5,5 want SOUTH
RC POS 596 id 472 seat 12 role raid fs 0 body 1 pos 1,4 stuck 0
RC WALK 596 id 472 role raid pos 1,4 tgt 8,5 want EAST
RC POS 596 id 474 seat 13 role raid fs 0 body 1 pos 1,5 stuck 0
RC WALK 596 id 474 role raid pos 1,5 tgt 6,5 want EAST
V527I SEALNT 597 ph 1 fwd 3 hv 5
RC POS 597 id 277 seat 6 role raid fs 1 body 1 pos 4,7 stuck 2
RC WALK 597 id 277 role raid pos 4,7 tgt 8,5 want NORTH
RC POS 597 id 463 seat 7 role raid fs 1 body 1 pos 3,6 stuck 0
RC WALK 597 id 463 role raid pos 3,6 tgt 8,5 want NORTH
RC POS 597 id 465 seat 8 role raid fs 1 body 2 pos 3,4 stuck 1
RC POS 597 id 467 seat 9 role raid fs 0 body 1 pos 1,7 stuck 0
RC WALK 597 id 467 role raid pos 1,7 tgt 5,8 want NORTH
RC POS 597 id 469 seat 10 role raid fs 0 body 1 pos 4,6 stuck 2
RC WALK 597 id 469 role raid pos 4,6 tgt 8,5 want WEST
RC POS 597 id 470 seat 11 role raid fs 0 body 1 pos 3,0 stuck 0
RC WALK 597 id 470 role raid pos 3,0 tgt 5,5 want SOUTH
RC POS 597 id 472 seat 12 role raid fs 0 body 1 pos 2,4 stuck 0
RC POS 597 id 474 seat 13 role raid fs 0 body 1 pos 2,5 stuck 0
RC WALK 597 id 474 role raid pos 2,5 tgt 6,5 want EAST
V527I SEALNT 598 ph 1 fwd 3 hv 5
RC POS 598 id 277 seat 6 role raid fs 1 body 1 pos 4,7 stuck 4
RC WALK 598 id 277 role raid pos 4,7 tgt 8,5 want NORTH
RC POS 598 id 463 seat 7 role raid fs 1 body 1 pos 3,5 stuck 0
RC WALK 598 id 463 role raid pos 3,5 tgt 8,5 want EAST
RC POS 598 id 465 seat 8 role raid fs 1 body 2 pos 3,4 stuck 2
RC WALK 598 id 465 role raid pos 3,4 tgt 8,5 want EAST
RC POS 598 id 467 seat 9 role raid fs 0 body 1 pos 1,6 stuck 0
RC WALK 598 id 467 role raid pos 1,6 tgt 5,8 want NORTH
RC POS 598 id 469 seat 10 role raid fs 0 body 1 pos 3,6 stuck 0
RC WALK 598 id 469 role raid pos 3,6 tgt 8,5 want NORTH
RC POS 598 id 470 seat 11 role raid fs 0 body 1 pos 3,1 stuck 0
RC WALK 598 id 470 role raid pos 3,1 tgt 5,5 want SOUTH
RC POS 598 id 472 seat 12 role raid fs 0 body 1 pos 2,4 stuck 1
RC WALK 598 id 472 role raid pos 2,4 tgt 8,5 want EAST
RC POS 598 id 474 seat 13 role raid fs 0 body 1 pos 1,5 stuck 0
RC WALK 598 id 474 role raid pos 1,5 tgt 6,5 want EAST
V527I SEALNT 599 ph 1 fwd 3 hv 5
RC POS 599 id 7 seat 2 role expand fs 0 body 1 pos 4,2 stuck 8
V528 PICK r 599 id 7 tgt 3,9 cs 26 bs 26 reg 0 cc 6 bc 6 cands 2 banned 2 regall 0 seat 2
RC WALK 599 id 7 role expand pos 4,2 tgt 3,9 want SOUTH
RC POS 599 id 277 seat 6 role raid fs 1 body 1 pos 4,6 stuck 0
RC WALK 599 id 277 role raid pos 4,6 tgt 8,5 want WEST
RC POS 599 id 463 seat 7 role raid fs 1 body 1 pos 2,5 stuck 0
RC WALK 599 id 463 role raid pos 2,5 tgt 8,5 want EAST
RC POS 599 id 465 seat 8 role raid fs 1 body 2 pos 3,5 stuck 0
RC WALK 599 id 465 role raid pos 3,5 tgt 8,5 want EAST
RC POS 599 id 467 seat 9 role raid fs 0 body 1 pos 1,7 stuck 0
RC WALK 599 id 467 role raid pos 1,7 tgt 5,8 want NORTH
RC POS 599 id 469 seat 10 role raid fs 0 body 1 pos 3,6 stuck 2
RC WALK 599 id 469 role raid pos 3,6 tgt 8,5 want NORTH
RC POS 599 id 470 seat 11 role raid fs 0 body 1 pos 2,1 stuck 0
RC WALK 599 id 470 role raid pos 2,1 tgt 5,5 want SOUTH
RC POS 599 id 472 seat 12 role raid fs 0 body 1 pos 3,4 stuck 0
RC WALK 599 id 472 role raid pos 3,4 tgt 8,5 want EAST
RC POS 599 id 474 seat 13 role raid fs 0 body 1 pos 1,6 stuck 0
RC WALK 599 id 474 role raid pos 1,6 tgt 6,5 want NORTH
V527I SEALNT 600 ph 1 fwd 3 hv 5
RC POS 600 id 7 seat 2 role expand fs 0 body 1 pos 4,2 stuck 2
RC WALK 600 id 7 role expand pos 4,2 tgt 3,9 want SOUTH
RC POS 600 id 277 seat 6 role raid fs 1 body 1 pos 4,7 stuck 0
RC WALK 600 id 277 role raid pos 4,7 tgt 8,5 want NORTH
RC POS 600 id 463 seat 7 role raid fs 1 body 1 pos 2,4 stuck 0
RC WALK 600 id 463 role raid pos 2,4 tgt 8,5 want EAST
RC POS 600 id 465 seat 8 role raid fs 1 body 2 pos 2,5 stuck 0
RC WALK 600 id 465 role raid pos 2,5 tgt 8,5 want EAST
RC POS 600 id 467 seat 9 role raid fs 0 body 1 pos 0,7 stuck 0
RC WALK 600 id 467 role raid pos 0,7 tgt 5,8 want EAST
RC POS 600 id 469 seat 10 role raid fs 0 body 1 pos 3,5 stuck 0
RC WALK 600 id 469 role raid pos 3,5 tgt 8,5 want EAST
RC POS 600 id 470 seat 11 role raid fs 0 body 1 pos 3,1 stuck 0
RC WALK 600 id 470 role raid pos 3,1 tgt 5,5 want SOUTH
RC POS 600 id 472 seat 12 role raid fs 0 body 1 pos 3,4 stuck 2
RC WALK 600 id 472 role raid pos 3,4 tgt 8,5 want EAST
RC POS 600 id 474 seat 13 role raid fs 0 body 1 pos 1,5 stuck 0
RC WALK 600 id 474 role raid pos 1,5 tgt 6,5 want EAST
V527I SEALNT 601 ph 1 fwd 3 hv 5
RC POS 601 id 7 seat 2 role expand fs 0 body 1 pos 4,2 stuck 4
RC WALK 601 id 7 role expand pos 4,2 tgt 3,9 want SOUTH
RC POS 601 id 277 seat 6 role raid fs 1 body 1 pos 4,6 stuck 0
RC WALK 601 id 277 role raid pos 4,6 tgt 8,5 want WEST
RC POS 601 id 463 seat 7 role raid fs 1 body 1 pos 1,4 stuck 0
RC WALK 601 id 463 role raid pos 1,4 tgt 8,5 want EAST
RC POS 601 id 465 seat 8 role raid fs 1 body 2 pos 2,4 stuck 0
RC WALK 601 id 465 role raid pos 2,4 tgt 8,5 want EAST
RC POS 601 id 467 seat 9 role raid fs 0 body 1 pos 1,7 stuck 0
RC WALK 601 id 467 role raid pos 1,7 tgt 5,8 want NORTH
RC POS 601 id 469 seat 10 role raid fs 0 body 1 pos 3,6 stuck 0
RC WALK 601 id 469 role raid pos 3,6 tgt 8,5 want NORTH
RC POS 601 id 470 seat 11 role raid fs 0 body 1 pos 2,1 stuck 0
RC WALK 601 id 470 role raid pos 2,1 tgt 5,5 want SOUTH
RC POS 601 id 472 seat 12 role raid fs 0 body 1 pos 3,5 stuck 0
RC WALK 601 id 472 role raid pos 3,5 tgt 8,5 want EAST
RC POS 601 id 474 seat 13 role raid fs 0 body 1 pos 2,5 stuck 0
RC WALK 601 id 474 role raid pos 2,5 tgt 6,5 want EAST
V527I SEALNT 602 ph 1 fwd 3 hv 5
RC POS 602 id 7 seat 2 role expand fs 0 body 1 pos 4,2 stuck 6
V528 PICK r 602 id 7 tgt 3,9 cs 20 bs 20 reg 0 cc 4 bc 4 cands 2 banned 2 regall 0 seat 2
RC WALK 602 id 7 role expand pos 4,2 tgt 3,9 want SOUTH
RC POS 602 id 277 seat 6 role raid fs 1 body 1 pos 4,7 stuck 0
RC WALK 602 id 277 role raid pos 4,7 tgt 8,5 want NORTH
RC POS 602 id 463 seat 7 role raid fs 1 body 1 pos 1,5 stuck 0
RC WALK 602 id 463 role raid pos 1,5 tgt 8,5 want EAST
RC POS 602 id 465 seat 8 role raid fs 1 body 2 pos 3,4 stuck 0
RC WALK 602 id 465 role raid pos 3,4 tgt 8,5 want EAST
RC POS 602 id 467 seat 9 role raid fs 0 body 1 pos 1,6 stuck 0
RC WALK 602 id 467 role raid pos 1,6 tgt 5,8 want NORTH
RC POS 602 id 469 seat 10 role raid fs 0 body 1 pos 4,6 stuck 0
RC WALK 602 id 469 role raid pos 4,6 tgt 8,5 want WEST
RC POS 602 id 470 seat 11 role raid fs 0 body 1 pos 3,1 stuck 0
RC WALK 602 id 470 role raid pos 3,1 tgt 8,5 want EAST
RC POS 602 id 472 seat 12 role raid fs 0 body 1 pos 3,6 stuck 0
RC WALK 602 id 472 role raid pos 3,6 tgt 8,5 want NORTH
RC POS 602 id 474 seat 13 role raid fs 0 body 1 pos 3,5 stuck 0
RC WALK 602 id 474 role raid pos 3,5 tgt 6,5 want EAST
V527I SEALNT 603 ph 1 fwd 3 hv 5
RC POS 603 id 7 seat 2 role expand fs 0 body 1 pos 4,2 stuck 2
RC WALK 603 id 7 role expand pos 4,2 tgt 3,9 want SOUTH
RC POS 603 id 277 seat 6 role raid fs 1 body 1 pos 4,7 stuck 2
RC WALK 603 id 277 role raid pos 4,7 tgt 8,5 want NORTH
RC POS 603 id 463 seat 7 role raid fs 1 body 1 pos 2,5 stuck 0
RC WALK 603 id 463 role raid pos 2,5 tgt 8,5 want EAST
RC POS 603 id 465 seat 8 role raid fs 1 body 2 pos 2,4 stuck 0
RC WALK 603 id 465 role raid pos 2,4 tgt 8,5 want EAST
RC POS 603 id 467 seat 9 role raid fs 0 body 1 pos 1,5 stuck 0
RC WALK 603 id 467 role raid pos 1,5 tgt 5,8 want EAST
RC POS 603 id 469 seat 10 role raid fs 0 body 1 pos 4,6 stuck 2
RC WALK 603 id 469 role raid pos 4,6 tgt 8,5 want WEST
RC POS 603 id 470 seat 11 role raid fs 0 body 1 pos 3,0 stuck 0
RC WALK 603 id 470 role raid pos 3,0 tgt 8,5 want EAST
RC POS 603 id 472 seat 12 role raid fs 0 body 1 pos 3,6 stuck 2
RC WALK 603 id 472 role raid pos 3,6 tgt 8,5 want NORTH
RC POS 603 id 474 seat 13 role raid fs 0 body 1 pos 3,4 stuck 0
RC WALK 603 id 474 role raid pos 3,4 tgt 6,5 want EAST
V527I SEALNT 604 ph 1 fwd 3 hv 5
RC POS 604 id 7 seat 2 role expand fs 0 body 1 pos 4,2 stuck 4
RC WALK 604 id 7 role expand pos 4,2 tgt 3,9 want SOUTH
RC POS 604 id 277 seat 6 role raid fs 1 body 1 pos 4,7 stuck 4
RC WALK 604 id 277 role raid pos 4,7 tgt 8,5 want NORTH
RC POS 604 id 463 seat 7 role raid fs 1 body 1 pos 3,5 stuck 0
RC WALK 604 id 463 role raid pos 3,5 tgt 8,5 want EAST
RC POS 604 id 465 seat 8 role raid fs 1 body 2 pos 2,5 stuck 0
RC WALK 604 id 465 role raid pos 2,5 tgt 8,5 want EAST
RC POS 604 id 467 seat 9 role raid fs 0 body 1 pos 1,6 stuck 0
RC WALK 604 id 467 role raid pos 1,6 tgt 5,8 want NORTH
RC POS 604 id 469 seat 10 role raid fs 0 body 1 pos 4,6 stuck 4
RC WALK 604 id 469 role raid pos 4,6 tgt 8,5 want WEST
RC POS 604 id 470 seat 11 role raid fs 0 body 1 pos 4,0 stuck 0
RC WALK 604 id 470 role raid pos 4,0 tgt 8,5 want SOUTH
RC POS 604 id 472 seat 12 role raid fs 0 body 1 pos 3,6 stuck 4
RC WALK 604 id 472 role raid pos 3,6 tgt 8,5 want NORTH
RC POS 604 id 474 seat 13 role raid fs 0 body 1 pos 2,4 stuck 0
V527I SEALNT 605 ph 1 fwd 3 hv 5
RC POS 605 id 277 seat 6 role raid fs 1 body 1 pos 4,7 stuck 6
RC WALK 605 id 277 role raid pos 4,7 tgt 8,5 want NORTH
RC POS 605 id 463 seat 7 role raid fs 1 body 1 pos 3,4 stuck 0
RC POS 605 id 465 seat 8 role raid fs 1 body 2 pos 3,5 stuck 0
RC WALK 605 id 465 role raid pos 3,5 tgt 8,5 want EAST
RC POS 605 id 467 seat 9 role raid fs 0 body 1 pos 1,5 stuck 0
RC WALK 605 id 467 role raid pos 1,5 tgt 5,8 want EAST
RC POS 605 id 469 seat 10 role raid fs 0 body 1 pos 4,6 stuck 6
RC WALK 605 id 469 role raid pos 4,6 tgt 8,5 want WEST
RC POS 605 id 470 seat 11 role raid fs 0 body 1 pos 3,0 stuck 0
RC WALK 605 id 470 role raid pos 3,0 tgt 8,5 want EAST
RC POS 605 id 472 seat 12 role raid fs 0 body 1 pos 3,6 stuck 6
RC WALK 605 id 472 role raid pos 3,6 tgt 8,5 want NORTH
RC POS 605 id 474 seat 13 role raid fs 0 body 1 pos 2,4 stuck 1
V527I SEALNT 606 ph 1 fwd 3 hv 5
RC POS 606 id 277 seat 6 role raid fs 1 body 1 pos 4,7 stuck 8
RC WALK 606 id 277 role raid pos 4,7 tgt 8,5 want NORTH
RC POS 606 id 463 seat 7 role raid fs 1 body 1 pos 3,4 stuck 1
RC WALK 606 id 463 role raid pos 3,4 tgt 8,5 want EAST
RC POS 606 id 465 seat 8 role raid fs 1 body 2 pos 2,5 stuck 0
RC WALK 606 id 465 role raid pos 2,5 tgt 8,5 want EAST
RC POS 606 id 467 seat 9 role raid fs 0 body 1 pos 1,6 stuck 0
RC WALK 606 id 467 role raid pos 1,6 tgt 5,8 want NORTH
RC POS 606 id 469 seat 10 role raid fs 0 body 1 pos 4,6 stuck 8
RC WALK 606 id 469 role raid pos 4,6 tgt 8,5 want WEST
RC POS 606 id 470 seat 11 role raid fs 0 body 1 pos 4,0 stuck 0
RC WALK 606 id 470 role raid pos 4,0 tgt 8,5 want SOUTH
RC POS 606 id 472 seat 12 role raid fs 0 body 1 pos 3,5 stuck 0
RC WALK 606 id 472 role raid pos 3,5 tgt 8,5 want EAST
RC POS 606 id 474 seat 13 role raid fs 0 body 1 pos 2,4 stuck 2
RC WALK 606 id 474 role raid pos 2,4 tgt 6,5 want EAST
V527I SEALNT 607 ph 1 fwd 3 hv 5
RC POS 607 id 7 seat 2 role expand fs 0 body 1 pos 4,2 stuck 8
V528 PICK r 607 id 7 tgt 3,9 cs 20 bs 20 reg 0 cc 4 bc 4 cands 2 banned 2 regall 0 seat 2
RC WALK 607 id 7 role expand pos 4,2 tgt 3,9 want SOUTH
RC POS 607 id 277 seat 6 role raid fs 1 body 1 pos 4,7 stuck 10
RC WALK 607 id 277 role raid pos 4,7 tgt 8,5 want NORTH
RC POS 607 id 463 seat 7 role raid fs 1 body 1 pos 3,4 stuck 3
RC WALK 607 id 463 role raid pos 3,4 tgt 8,5 want EAST
RC POS 607 id 465 seat 8 role raid fs 1 body 2 pos 1,5 stuck 0
RC WALK 607 id 465 role raid pos 1,5 tgt 8,5 want EAST
RC POS 607 id 467 seat 9 role raid fs 0 body 1 pos 1,7 stuck 0
RC WALK 607 id 467 role raid pos 1,7 tgt 5,8 want NORTH
RC POS 607 id 469 seat 10 role raid fs 0 body 1 pos 3,6 stuck 0
RC WALK 607 id 469 role raid pos 3,6 tgt 8,5 want NORTH
RC POS 607 id 470 seat 11 role raid fs 0 body 1 pos 3,0 stuck 0
RC WALK 607 id 470 role raid pos 3,0 tgt 8,5 want EAST
RC POS 607 id 472 seat 12 role raid fs 0 body 1 pos 2,5 stuck 0
RC WALK 607 id 472 role raid pos 2,5 tgt 8,5 want EAST
RC POS 607 id 474 seat 13 role raid fs 0 body 1 pos 1,4 stuck 0
RC WALK 607 id 474 role raid pos 1,4 tgt 6,5 want EAST
V527I SEALNT 608 ph 1 fwd 3 hv 5
RC POS 608 id 7 seat 2 role expand fs 0 body 1 pos 4,2 stuck 2
RC WALK 608 id 7 role expand pos 4,2 tgt 3,9 want SOUTH
RC POS 608 id 277 seat 6 role raid fs 1 body 1 pos 4,6 stuck 0
RC WALK 608 id 277 role raid pos 4,6 tgt 8,5 want WEST
RC POS 608 id 463 seat 7 role raid fs 1 body 1 pos 3,5 stuck 0
RC WALK 608 id 463 role raid pos 3,5 tgt 8,5 want EAST
RC POS 608 id 465 seat 8 role raid fs 1 body 2 pos 1,6 stuck 0
RC WALK 608 id 465 role raid pos 1,6 tgt 8,5 want NORTH
RC POS 608 id 467 seat 9 role raid fs 0 body 1 pos 0,7 stuck 0
RC WALK 608 id 467 role raid pos 0,7 tgt 5,8 want EAST
RC POS 608 id 469 seat 10 role raid fs 0 body 1 pos 3,6 stuck 2
RC WALK 608 id 469 role raid pos 3,6 tgt 8,5 want NORTH
RC POS 608 id 470 seat 11 role raid fs 0 body 1 pos 4,0 stuck 0
RC WALK 608 id 470 role raid pos 4,0 tgt 5,5 want SOUTH
RC POS 608 id 472 seat 12 role raid fs 0 body 1 pos 2,4 stuck 0
RC WALK 608 id 472 role raid pos 2,4 tgt 8,5 want EAST
RC POS 608 id 474 seat 13 role raid fs 0 body 1 pos 1,5 stuck 0
RC WALK 608 id 474 role raid pos 1,5 tgt 6,5 want EAST
V527I SEALNT 609 ph 1 fwd 3 hv 5
RC POS 609 id 7 seat 2 role expand fs 0 body 1 pos 4,2 stuck 4
RC WALK 609 id 7 role expand pos 4,2 tgt 3,9 want SOUTH
RC POS 609 id 277 seat 6 role raid fs 1 body 1 pos 4,7 stuck 0
RC WALK 609 id 277 role raid pos 4,7 tgt 8,5 want NORTH
RC POS 609 id 463 seat 7 role raid fs 1 body 1 pos 3,4 stuck 0
RC WALK 609 id 463 role raid pos 3,4 tgt 8,5 want EAST
RC POS 609 id 465 seat 8 role raid fs 1 body 2 pos 1,7 stuck 0
RC WALK 609 id 465 role raid pos 1,7 tgt 8,5 want NORTH
RC POS 609 id 467 seat 9 role raid fs 0 body 1 pos 0,7 stuck 2
RC WALK 609 id 467 role raid pos 0,7 tgt 5,8 want EAST
RC POS 609 id 469 seat 10 role raid fs 0 body 1 pos 3,5 stuck 0
RC WALK 609 id 469 role raid pos 3,5 tgt 8,5 want EAST
RC POS 609 id 470 seat 11 role raid fs 0 body 1 pos 3,0 stuck 0
RC WALK 609 id 470 role raid pos 3,0 tgt 5,5 want SOUTH
RC POS 609 id 472 seat 12 role raid fs 0 body 1 pos 2,5 stuck 0
RC WALK 609 id 472 role raid pos 2,5 tgt 8,5 want EAST
RC POS 609 id 474 seat 13 role raid fs 0 body 1 pos 1,6 stuck 0
RC WALK 609 id 474 role raid pos 1,6 tgt 6,5 want NORTH
V527I SEALNT 610 ph 1 fwd 3 hv 5
RC POS 610 id 7 seat 2 role expand fs 0 body 1 pos 4,2 stuck 6
V528 PICK r 610 id 7 tgt 3,9 cs 20 bs 20 reg 0 cc 4 bc 4 cands 2 banned 2 regall 0 seat 2
RC WALK 610 id 7 role expand pos 4,2 tgt 3,9 want SOUTH
RC POS 610 id 277 seat 6 role raid fs 1 body 1 pos 4,6 stuck 0
RC WALK 610 id 277 role raid pos 4,6 tgt 8,5 want WEST
RC POS 610 id 463 seat 7 role raid fs 1 body 1 pos 2,4 stuck 0
RC WALK 610 id 463 role raid pos 2,4 tgt 8,5 want EAST
RC POS 610 id 465 seat 8 role raid fs 1 body 2 pos 1,7 stuck 2
RC WALK 610 id 465 role raid pos 1,7 tgt 8,5 want NORTH
RC POS 610 id 467 seat 9 role raid fs 0 body 1 pos 0,7 stuck 4
RC WALK 610 id 467 role raid pos 0,7 tgt 5,8 want EAST
RC POS 610 id 469 seat 10 role raid fs 0 body 1 pos 3,6 stuck 0
RC WALK 610 id 469 role raid pos 3,6 tgt 8,5 want NORTH
RC POS 610 id 470 seat 11 role raid fs 0 body 1 pos 3,1 stuck 0
RC WALK 610 id 470 role raid pos 3,1 tgt 5,5 want SOUTH
RC POS 610 id 472 seat 12 role raid fs 0 body 1 pos 3,5 stuck 0
RC WALK 610 id 472 role raid pos 3,5 tgt 8,5 want EAST
RC POS 610 id 474 seat 13 role raid fs 0 body 1 pos 1,5 stuck 0
RC WALK 610 id 474 role raid pos 1,5 tgt 6,5 want EAST
V527I SEALNT 611 ph 1 fwd 3 hv 5
RC POS 611 id 7 seat 2 role expand fs 0 body 1 pos 4,2 stuck 2
RC WALK 611 id 7 role expand pos 4,2 tgt 3,9 want SOUTH
RC POS 611 id 277 seat 6 role raid fs 1 body 1 pos 4,7 stuck 0
RC WALK 611 id 277 role raid pos 4,7 tgt 8,5 want NORTH
RC POS 611 id 463 seat 7 role raid fs 1 body 1 pos 3,4 stuck 0
RC WALK 611 id 463 role raid pos 3,4 tgt 8,5 want EAST
RC POS 611 id 465 seat 8 role raid fs 1 body 2 pos 1,6 stuck 0
RC WALK 611 id 465 role raid pos 1,6 tgt 8,5 want NORTH
RC POS 611 id 467 seat 9 role raid fs 0 body 1 pos 1,7 stuck 0
RC WALK 611 id 467 role raid pos 1,7 tgt 5,8 want NORTH
RC POS 611 id 469 seat 10 role raid fs 0 body 1 pos 4,6 stuck 0
RC WALK 611 id 469 role raid pos 4,6 tgt 8,5 want WEST
RC POS 611 id 470 seat 11 role raid fs 0 body 1 pos 2,1 stuck 0
RC WALK 611 id 470 role raid pos 2,1 tgt 5,5 want SOUTH
RC POS 611 id 472 seat 12 role raid fs 0 body 1 pos 3,6 stuck 0
RC WALK 611 id 472 role raid pos 3,6 tgt 8,5 want NORTH
RC POS 611 id 474 seat 13 role raid fs 0 body 1 pos 2,5 stuck 0
RC WALK 611 id 474 role raid pos 2,5 tgt 6,5 want EAST
V527I SEALNT 612 ph 1 fwd 3 hv 5
RC POS 612 id 7 seat 2 role expand fs 0 body 1 pos 4,2 stuck 4
RC WALK 612 id 7 role expand pos 4,2 tgt 3,9 want SOUTH
RC POS 612 id 277 seat 6 role raid fs 1 body 1 pos 4,7 stuck 2
RC WALK 612 id 277 role raid pos 4,7 tgt 8,5 want NORTH
RC POS 612 id 463 seat 7 role raid fs 1 body 1 pos 3,5 stuck 0
RC WALK 612 id 463 role raid pos 3,5 tgt 8,5 want EAST
RC POS 612 id 465 seat 8 role raid fs 1 body 2 pos 1,5 stuck 0
RC WALK 612 id 465 role raid pos 1,5 tgt 8,5 want EAST
RC POS 612 id 467 seat 9 role raid fs 0 body 1 pos 1,6 stuck 0
RC WALK 612 id 467 role raid pos 1,6 tgt 5,8 want NORTH
RC POS 612 id 469 seat 10 role raid fs 0 body 1 pos 4,6 stuck 2
RC WALK 612 id 469 role raid pos 4,6 tgt 8,5 want WEST
RC POS 612 id 470 seat 11 role raid fs 0 body 1 pos 3,1 stuck 0
RC POS 612 id 472 seat 12 role raid fs 0 body 1 pos 3,6 stuck 2
RC WALK 612 id 472 role raid pos 3,6 tgt 8,5 want NORTH
RC POS 612 id 474 seat 13 role raid fs 0 body 1 pos 2,4 stuck 0
V527I SEALNT 613 ph 1 fwd 3 hv 5
RC POS 613 id 277 seat 6 role raid fs 1 body 1 pos 4,7 stuck 4
RC WALK 613 id 277 role raid pos 4,7 tgt 8,5 want NORTH
RC POS 613 id 463 seat 7 role raid fs 1 body 1 pos 3,4 stuck 0
RC POS 613 id 465 seat 8 role raid fs 1 body 2 pos 2,5 stuck 0
RC WALK 613 id 465 role raid pos 2,5 tgt 8,5 want EAST
RC POS 613 id 467 seat 9 role raid fs 0 body 1 pos 1,5 stuck 0
RC WALK 613 id 467 role raid pos 1,5 tgt 5,8 want EAST
RC POS 613 id 469 seat 10 role raid fs 0 body 1 pos 4,6 stuck 4
RC WALK 613 id 469 role raid pos 4,6 tgt 8,5 want WEST
RC POS 613 id 470 seat 11 role raid fs 0 body 1 pos 3,1 stuck 1
RC POS 613 id 472 seat 12 role raid fs 0 body 1 pos 3,5 stuck 0
RC WALK 613 id 472 role raid pos 3,5 tgt 8,5 want EAST
RC POS 613 id 474 seat 13 role raid fs 0 body 1 pos 2,4 stuck 1
RC WALK 613 id 474 role raid pos 2,4 tgt 6,5 want EAST
V527I SEALNT 614 ph 1 fwd 3 hv 5
RC POS 614 id 7 seat 2 role expand fs 0 body 1 pos 4,2 stuck 7
V528 PICK r 614 id 7 tgt 3,9 cs 26 bs 26 reg 0 cc 6 bc 6 cands 2 banned 2 regall 0 seat 2
RC WALK 614 id 7 role expand pos 4,2 tgt 3,9 want SOUTH
RC POS 614 id 277 seat 6 role raid fs 1 body 1 pos 4,7 stuck 6
RC WALK 614 id 277 role raid pos 4,7 tgt 8,5 want NORTH
RC POS 614 id 463 seat 7 role raid fs 1 body 1 pos 3,4 stuck 1
RC WALK 614 id 463 role raid pos 3,4 tgt 8,5 want EAST
RC POS 614 id 465 seat 8 role raid fs 1 body 2 pos 2,5 stuck 2
RC WALK 614 id 465 role raid pos 2,5 tgt 8,5 want EAST
RC POS 614 id 467 seat 9 role raid fs 0 body 1 pos 1,6 stuck 0
RC WALK 614 id 467 role raid pos 1,6 tgt 5,8 want NORTH
RC POS 614 id 469 seat 10 role raid fs 0 body 1 pos 3,6 stuck 0
RC WALK 614 id 469 role raid pos 3,6 tgt 8,5 want NORTH
RC POS 614 id 470 seat 11 role raid fs 0 body 1 pos 3,1 stuck 2
RC WALK 614 id 470 role raid pos 3,1 tgt 8,5 want EAST
RC POS 614 id 472 seat 12 role raid fs 0 body 1 pos 3,5 stuck 2
RC WALK 614 id 472 role raid pos 3,5 tgt 8,5 want EAST
RC POS 614 id 474 seat 13 role raid fs 0 body 1 pos 1,4 stuck 0
RC WALK 614 id 474 role raid pos 1,4 tgt 6,5 want EAST
V527I SEALNT 615 ph 1 fwd 3 hv 5
RC POS 615 id 7 seat 2 role expand fs 0 body 1 pos 4,2 stuck 2
RC WALK 615 id 7 role expand pos 4,2 tgt 3,9 want SOUTH
RC POS 615 id 277 seat 6 role raid fs 1 body 1 pos 4,6 stuck 0
RC WALK 615 id 277 role raid pos 4,6 tgt 8,5 want WEST
RC POS 615 id 463 seat 7 role raid fs 1 body 1 pos 2,4 stuck 0
RC WALK 615 id 463 role raid pos 2,4 tgt 8,5 want EAST
RC POS 615 id 465 seat 8 role raid fs 1 body 2 pos 1,5 stuck 0
RC WALK 615 id 465 role raid pos 1,5 tgt 8,5 want EAST
RC POS 615 id 467 seat 9 role raid fs 0 body 1 pos 1,7 stuck 0
RC WALK 615 id 467 role raid pos 1,7 tgt 5,8 want NORTH
RC POS 615 id 469 seat 10 role raid fs 0 body 1 pos 3,6 stuck 2
RC WALK 615 id 469 role raid pos 3,6 tgt 8,5 want NORTH
RC POS 615 id 470 seat 11 role raid fs 0 body 1 pos 3,0 stuck 0
RC WALK 615 id 470 role raid pos 3,0 tgt 8,5 want EAST
RC POS 615 id 472 seat 12 role raid fs 0 body 1 pos 3,4 stuck 0
RC WALK 615 id 472 role raid pos 3,4 tgt 8,5 want EAST
RC POS 615 id 474 seat 13 role raid fs 0 body 1 pos 1,3 stuck 0
RC WALK 615 id 474 role raid pos 1,3 tgt 6,5 want SOUTH
V527I SEALNT 616 ph 1 fwd 3 hv 5
RC POS 616 id 7 seat 2 role expand fs 0 body 1 pos 4,2 stuck 4
RC WALK 616 id 7 role expand pos 4,2 tgt 3,9 want SOUTH
RC POS 616 id 277 seat 6 role raid fs 1 body 1 pos 4,7 stuck 0
RC WALK 616 id 277 role raid pos 4,7 tgt 8,5 want NORTH
RC POS 616 id 463 seat 7 role raid fs 1 body 1 pos 2,5 stuck 0
RC WALK 616 id 463 role raid pos 2,5 tgt 8,5 want EAST
RC POS 616 id 465 seat 8 role raid fs 1 body 2 pos 1,6 stuck 0
RC WALK 616 id 465 role raid pos 1,6 tgt 8,5 want NORTH
RC POS 616 id 467 seat 9 role raid fs 0 body 1 pos 0,7 stuck 0
RC WALK 616 id 467 role raid pos 0,7 tgt 5,8 want EAST
RC POS 616 id 469 seat 10 role raid fs 0 body 1 pos 3,5 stuck 0
RC WALK 616 id 469 role raid pos 3,5 tgt 8,5 want EAST
RC POS 616 id 470 seat 11 role raid fs 0 body 1 pos 4,0 stuck 0
RC WALK 616 id 470 role raid pos 4,0 tgt 8,5 want SOUTH
RC POS 616 id 472 seat 12 role raid fs 0 body 1 pos 2,4 stuck 0
RC POS 616 id 474 seat 13 role raid fs 0 body 1 pos 1,4 stuck 0
RC WALK 616 id 474 role raid pos 1,4 tgt 6,5 want EAST
V527I SEALNT 617 ph 1 fwd 3 hv 5
RC POS 617 id 277 seat 6 role raid fs 1 body 1 pos 4,6 stuck 0
RC WALK 617 id 277 role raid pos 4,6 tgt 8,5 want WEST
RC POS 617 id 463 seat 7 role raid fs 1 body 1 pos 1,5 stuck 0
RC WALK 617 id 463 role raid pos 1,5 tgt 8,5 want EAST
RC POS 617 id 465 seat 8 role raid fs 1 body 2 pos 1,7 stuck 0
RC WALK 617 id 465 role raid pos 1,7 tgt 8,5 want NORTH
RC POS 617 id 467 seat 9 role raid fs 0 body 1 pos 0,7 stuck 2
RC WALK 617 id 467 role raid pos 0,7 tgt 5,8 want EAST
RC POS 617 id 469 seat 10 role raid fs 0 body 1 pos 3,6 stuck 0
RC WALK 617 id 469 role raid pos 3,6 tgt 8,5 want NORTH
RC POS 617 id 470 seat 11 role raid fs 0 body 1 pos 3,0 stuck 0
RC WALK 617 id 470 role raid pos 3,0 tgt 8,5 want EAST
RC POS 617 id 472 seat 12 role raid fs 0 body 1 pos 2,4 stuck 1
RC POS 617 id 474 seat 13 role raid fs 0 body 1 pos 1,3 stuck 0
V527I SEALNT 618 ph 1 fwd 3 hv 5
RC POS 618 id 277 seat 6 role raid fs 1 body 1 pos 4,7 stuck 0
RC WALK 618 id 277 role raid pos 4,7 tgt 8,5 want NORTH
RC POS 618 id 463 seat 7 role raid fs 1 body 1 pos 2,5 stuck 0
RC WALK 618 id 463 role raid pos 2,5 tgt 8,5 want EAST
RC POS 618 id 465 seat 8 role raid fs 1 body 2 pos 1,6 stuck 0
RC WALK 618 id 465 role raid pos 1,6 tgt 5,8 want NORTH
RC POS 618 id 467 seat 9 role raid fs 0 body 1 pos 1,7 stuck 0
RC WALK 618 id 467 role raid pos 1,7 tgt 5,8 want NORTH
RC POS 618 id 469 seat 10 role raid fs 0 body 1 pos 3,5 stuck 0
RC WALK 618 id 469 role raid pos 3,5 tgt 8,5 want EAST
RC POS 618 id 470 seat 11 role raid fs 0 body 1 pos 4,0 stuck 0
RC WALK 618 id 470 role raid pos 4,0 tgt 8,5 want SOUTH
RC POS 618 id 472 seat 12 role raid fs 0 body 1 pos 2,4 stuck 2
RC WALK 618 id 472 role raid pos 2,4 tgt 8,5 want EAST
RC POS 618 id 474 seat 13 role raid fs 0 body 1 pos 1,3 stuck 1
RC WALK 618 id 474 role raid pos 1,3 tgt 6,5 want SOUTH
V527I SEALNT 619 ph 1 fwd 3 hv 5
RC POS 619 id 7 seat 2 role expand fs 0 body 1 pos 4,2 stuck 8
V528 PICK r 619 id 7 tgt 8,1 cs 1205 bs 1205 reg 0 cc 400 bc 400 cands 2 banned 1 regall 1179 seat 2
RC WALK 619 id 7 role expand pos 4,2 tgt 8,1 want EAST
RC POS 619 id 277 seat 6 role raid fs 1 body 1 pos 4,6 stuck 0
RC WALK 619 id 277 role raid pos 4,6 tgt 8,5 want WEST
RC POS 619 id 463 seat 7 role raid fs 1 body 1 pos 1,5 stuck 0
RC WALK 619 id 463 role raid pos 1,5 tgt 8,5 want EAST
RC POS 619 id 465 seat 8 role raid fs 1 body 2 pos 1,6 stuck 2
RC WALK 619 id 465 role raid pos 1,6 tgt 5,8 want NORTH
RC POS 619 id 467 seat 9 role raid fs 0 body 1 pos 0,7 stuck 0
RC WALK 619 id 467 role raid pos 0,7 tgt 5,8 want EAST
RC POS 619 id 469 seat 10 role raid fs 0 body 1 pos 3,6 stuck 0
RC WALK 619 id 469 role raid pos 3,6 tgt 8,5 want NORTH
RC POS 619 id 470 seat 11 role raid fs 0 body 1 pos 3,0 stuck 0
RC WALK 619 id 470 role raid pos 3,0 tgt 8,5 want EAST
RC POS 619 id 472 seat 12 role raid fs 0 body 1 pos 3,4 stuck 0
RC WALK 619 id 472 role raid pos 3,4 tgt 8,5 want EAST
RC POS 619 id 474 seat 13 role raid fs 0 body 1 pos 1,4 stuck 0
RC WALK 619 id 474 role raid pos 1,4 tgt 6,5 want EAST
V527I SEALNT 620 ph 1 fwd 3 hv 5
RC POS 620 id 7 seat 2 role expand fs 0 body 1 pos 4,2 stuck 2
RC WALK 620 id 7 role expand pos 4,2 tgt 8,1 want EAST
RC POS 620 id 277 seat 6 role raid fs 1 body 1 pos 4,7 stuck 0
RC WALK 620 id 277 role raid pos 4,7 tgt 8,5 want NORTH
RC POS 620 id 463 seat 7 role raid fs 1 body 1 pos 2,5 stuck 0
RC WALK 620 id 463 role raid pos 2,5 tgt 8,5 want EAST
RC POS 620 id 465 seat 8 role raid fs 1 body 2 pos 1,5 stuck 0
RC WALK 620 id 465 role raid pos 1,5 tgt 5,8 want EAST
RC POS 620 id 467 seat 9 role raid fs 0 body 1 pos 1,7 stuck 0
RC WALK 620 id 467 role raid pos 1,7 tgt 5,8 want NORTH
RC POS 620 id 469 seat 10 role raid fs 0 body 1 pos 3,5 stuck 0
RC WALK 620 id 469 role raid pos 3,5 tgt 8,5 want EAST
RC POS 620 id 470 seat 11 role raid fs 0 body 1 pos 4,0 stuck 0
RC WALK 620 id 470 role raid pos 4,0 tgt 5,5 want SOUTH
RC POS 620 id 472 seat 12 role raid fs 0 body 1 pos 2,4 stuck 0
RC WALK 620 id 472 role raid pos 2,4 tgt 8,5 want EAST
RC POS 620 id 474 seat 13 role raid fs 0 body 1 pos 1,3 stuck 0
RC WALK 620 id 474 role raid pos 1,3 tgt 6,5 want SOUTH
V527I SEALNT 621 ph 1 fwd 3 hv 5
RC POS 621 id 7 seat 2 role expand fs 0 body 1 pos 4,2 stuck 4
RC WALK 621 id 7 role expand pos 4,2 tgt 8,1 want EAST
RC POS 621 id 277 seat 6 role raid fs 1 body 1 pos 4,6 stuck 0
RC WALK 621 id 277 role raid pos 4,6 tgt 8,5 want WEST
RC POS 621 id 463 seat 7 role raid fs 1 body 1 pos 2,5 stuck 2
RC WALK 621 id 463 role raid pos 2,5 tgt 8,5 want EAST
RC POS 621 id 465 seat 8 role raid fs 1 body 2 pos 1,6 stuck 0
RC WALK 621 id 465 role raid pos 1,6 tgt 5,8 want NORTH
RC POS 621 id 467 seat 9 role raid fs 0 body 1 pos 0,7 stuck 0
RC WALK 621 id 467 role raid pos 0,7 tgt 5,8 want EAST
RC POS 621 id 469 seat 10 role raid fs 0 body 1 pos 3,6 stuck 0
RC WALK 621 id 469 role raid pos 3,6 tgt 8,5 want NORTH
RC POS 621 id 470 seat 11 role raid fs 0 body 1 pos 3,0 stuck 0
RC WALK 621 id 470 role raid pos 3,0 tgt 5,5 want SOUTH
RC POS 621 id 472 seat 12 role raid fs 0 body 1 pos 3,4 stuck 0
RC WALK 621 id 472 role raid pos 3,4 tgt 8,5 want EAST
RC POS 621 id 474 seat 13 role raid fs 0 body 1 pos 1,4 stuck 0
RC WALK 621 id 474 role raid pos 1,4 tgt 6,5 want EAST
V527I SEALNT 622 ph 1 fwd 3 hv 5
RC POS 622 id 7 seat 2 role expand fs 0 body 1 pos 4,2 stuck 6
V528 PICK r 622 id 7 tgt 3,9 cs 26 bs 26 reg 0 cc 6 bc 6 cands 2 banned 2 regall 0 seat 2
RC WALK 622 id 7 role expand pos 4,2 tgt 3,9 want SOUTH
RC POS 622 id 277 seat 6 role raid fs 1 body 1 pos 4,7 stuck 0
RC WALK 622 id 277 role raid pos 4,7 tgt 8,5 want NORTH
RC POS 622 id 463 seat 7 role raid fs 1 body 1 pos 3,5 stuck 0
RC WALK 622 id 463 role raid pos 3,5 tgt 8,5 want EAST
RC POS 622 id 465 seat 8 role raid fs 1 body 2 pos 1,5 stuck 0
RC WALK 622 id 465 role raid pos 1,5 tgt 5,8 want EAST
RC POS 622 id 467 seat 9 role raid fs 0 body 1 pos 1,7 stuck 0
RC WALK 622 id 467 role raid pos 1,7 tgt 5,8 want NORTH
RC POS 622 id 469 seat 10 role raid fs 0 body 1 pos 4,6 stuck 0
RC WALK 622 id 469 role raid pos 4,6 tgt 8,5 want WEST
RC POS 622 id 470 seat 11 role raid fs 0 body 1 pos 3,1 stuck 0
RC WALK 622 id 470 role raid pos 3,1 tgt 5,5 want SOUTH
RC POS 622 id 472 seat 12 role raid fs 0 body 1 pos 2,4 stuck 0
RC WALK 622 id 472 role raid pos 2,4 tgt 8,5 want EAST
RC POS 622 id 474 seat 13 role raid fs 0 body 1 pos 1,3 stuck 0
RC WALK 622 id 474 role raid pos 1,3 tgt 6,5 want SOUTH
V527I SEALNT 623 ph 1 fwd 3 hv 5
RC POS 623 id 7 seat 2 role expand fs 0 body 1 pos 4,2 stuck 2
RC WALK 623 id 7 role expand pos 4,2 tgt 3,9 want SOUTH
RC POS 623 id 277 seat 6 role raid fs 1 body 1 pos 4,7 stuck 2
RC WALK 623 id 277 role raid pos 4,7 tgt 8,5 want NORTH
RC POS 623 id 463 seat 7 role raid fs 1 body 1 pos 3,6 stuck 0
RC WALK 623 id 463 role raid pos 3,6 tgt 8,5 want NORTH
RC POS 623 id 465 seat 8 role raid fs 1 body 2 pos 2,5 stuck 0
RC WALK 623 id 465 role raid pos 2,5 tgt 5,8 want EAST
RC POS 623 id 467 seat 9 role raid fs 0 body 1 pos 1,6 stuck 0
RC WALK 623 id 467 role raid pos 1,6 tgt 5,8 want NORTH
RC POS 623 id 469 seat 10 role raid fs 0 body 1 pos 4,6 stuck 2
RC WALK 623 id 469 role raid pos 4,6 tgt 8,5 want WEST
RC POS 623 id 470 seat 11 role raid fs 0 body 1 pos 2,1 stuck 0
RC WALK 623 id 470 role raid pos 2,1 tgt 5,5 want SOUTH
RC POS 623 id 472 seat 12 role raid fs 0 body 1 pos 3,4 stuck 0
RC WALK 623 id 472 role raid pos 3,4 tgt 8,5 want EAST
RC POS 623 id 474 seat 13 role raid fs 0 body 1 pos 1,4 stuck 0
RC WALK 623 id 474 role raid pos 1,4 tgt 6,5 want EAST
V527I SEALNT 624 ph 1 fwd 3 hv 5
RC POS 624 id 7 seat 2 role expand fs 0 body 1 pos 4,2 stuck 4
RC WALK 624 id 7 role expand pos 4,2 tgt 3,9 want SOUTH
RC POS 624 id 277 seat 6 role raid fs 1 body 1 pos 4,7 stuck 4
RC WALK 624 id 277 role raid pos 4,7 tgt 8,5 want NORTH
RC POS 624 id 463 seat 7 role raid fs 1 body 1 pos 3,5 stuck 0
RC WALK 624 id 463 role raid pos 3,5 tgt 8,5 want EAST
RC POS 624 id 465 seat 8 role raid fs 1 body 2 pos 2,4 stuck 0
RC POS 624 id 467 seat 9 role raid fs 0 body 1 pos 1,5 stuck 0
RC WALK 624 id 467 role raid pos 1,5 tgt 5,8 want EAST
RC POS 624 id 469 seat 10 role raid fs 0 body 1 pos 3,6 stuck 0
RC WALK 624 id 469 role raid pos 3,6 tgt 8,5 want NORTH
RC POS 624 id 470 seat 11 role raid fs 0 body 1 pos 3,1 stuck 0
RC POS 624 id 472 seat 12 role raid fs 0 body 1 pos 3,4 stuck 2
RC POS 624 id 474 seat 13 role raid fs 0 body 1 pos 1,3 stuck 0
V527I SEALNT 625 ph 1 fwd 3 hv 5
RC POS 625 id 277 seat 6 role raid fs 1 body 1 pos 4,6 stuck 0
RC WALK 625 id 277 role raid pos 4,6 tgt 8,5 want WEST
RC POS 625 id 463 seat 7 role raid fs 1 body 1 pos 2,5 stuck 0
RC WALK 625 id 463 role raid pos 2,5 tgt 8,5 want EAST
RC POS 625 id 465 seat 8 role raid fs 1 body 2 pos 2,4 stuck 1
RC WALK 625 id 465 role raid pos 2,4 tgt 8,5 want EAST
RC POS 625 id 467 seat 9 role raid fs 0 body 1 pos 1,6 stuck 0
RC WALK 625 id 467 role raid pos 1,6 tgt 5,8 want NORTH
RC POS 625 id 469 seat 10 role raid fs 0 body 1 pos 3,5 stuck 0
RC WALK 625 id 469 role raid pos 3,5 tgt 8,5 want EAST
RC POS 625 id 470 seat 11 role raid fs 0 body 1 pos 3,1 stuck 1
RC WALK 625 id 470 role raid pos 3,1 tgt 5,5 want SOUTH
RC POS 625 id 472 seat 12 role raid fs 0 body 1 pos 3,4 stuck 3
RC WALK 625 id 472 role raid pos 3,4 tgt 8,5 want EAST
RC POS 625 id 474 seat 13 role raid fs 0 body 1 pos 1,3 stuck 1
RC WALK 625 id 474 role raid pos 1,3 tgt 6,5 want SOUTH
