Update available: 2.3.6 -> 2.3.8. Run: pip install --upgrade fcode
RC MAP w 20 h 20 ours 2,9 theirs 16,9
V527I SEALNT 0 ph 0 fwd 0 hv 0
V527I SEALNT 1 ph 0 fwd 0 hv 0
RC SEAT 1 id 3 seat 0
RC POS 1 id 3 seat 0 role raid fs 1 body 1 pos 4,9 stuck 0
V527I SEALNT 2 ph 1 fwd 0 hv 0
RC POS 2 id 3 seat 0 role raid fs 1 body 1 pos 4,9 stuck 1
RC SEAT 2 id 5 seat 1
RC POS 2 id 5 seat 1 role expand fs 0 body 1 pos 4,8 stuck 0
V528 PICK r 2 id 5 tgt 6,6 cs 22 bs 22 reg 0 cc 6 bc 6 cands 4 banned 0 regall 0 seat 1
RC WALK 2 id 5 role expand pos 4,8 tgt 5,6 want NORTH
V527I SEALNT 3 ph 1 fwd 0 hv 0
RC POS 3 id 3 seat 0 role raid fs 1 body 1 pos 4,9 stuck 2
RC POS 3 id 5 seat 1 role expand fs 0 body 1 pos 4,7 stuck 0
RC WALK 3 id 5 role expand pos 4,7 tgt 5,6 want EAST
RC SEAT 3 id 7 seat 2
RC POS 3 id 7 seat 2 role expand fs 0 body 1 pos 3,8 stuck 0
V528 PICK r 3 id 7 tgt 2,2 cs 25 bs 25 reg 0 cc 6 bc 6 cands 4 banned 0 regall 0 seat 2
RC WALK 3 id 7 role expand pos 3,8 tgt 2,2 want NORTH
V527I SEALNT 4 ph 1 fwd 0 hv 0
RC POS 4 id 3 seat 0 role raid fs 1 body 1 pos 4,9 stuck 3
RC POS 4 id 5 seat 1 role expand fs 0 body 1 pos 5,7 stuck 0
RC WALK 4 id 5 role expand pos 5,7 tgt 5,6 want NORTH
RC POS 4 id 7 seat 2 role expand fs 0 body 1 pos 3,7 stuck 0
RC WALK 4 id 7 role expand pos 3,7 tgt 2,2 want NORTH
RC SEAT 4 id 9 seat 3
RC POS 4 id 9 seat 3 role raid fs 1 body 2 pos 4,10 stuck 0
V527I SEALNT 5 ph 1 fwd 0 hv 0
RC POS 5 id 3 seat 0 role raid fs 1 body 1 pos 4,9 stuck 4
RC POS 5 id 5 seat 1 role expand fs 0 body 1 pos 5,6 stuck 0
V528 CONN r 5 id 5 at 6,6 chosen 6 best 6 regret 0 cands 3 role expand seat 1
RC POS 5 id 7 seat 2 role expand fs 0 body 1 pos 3,6 stuck 0
RC WALK 5 id 7 role expand pos 3,6 tgt 2,3 want NORTH
RC POS 5 id 9 seat 3 role raid fs 1 body 2 pos 5,10 stuck 0
V527I SEALNT 6 ph 1 fwd 0 hv 1
RC POS 6 id 3 seat 0 role raid fs 1 body 1 pos 4,9 stuck 5
RC POS 6 id 5 seat 1 role expand fs 0 body 1 pos 5,6 stuck 1
RC POS 6 id 7 seat 2 role expand fs 0 body 1 pos 3,5 stuck 0
RC WALK 6 id 7 role expand pos 3,5 tgt 2,3 want NORTH
RC POS 6 id 9 seat 3 role raid fs 1 body 2 pos 6,10 stuck 0
V527I SEALNT 7 ph 1 fwd 0 hv 1
RC POS 7 id 3 seat 0 role raid fs 1 body 1 pos 8,11 stuck 0
RC WALK 7 id 3 role raid pos 8,11 tgt 18,11 want SOUTH
RC POS 7 id 5 seat 1 role expand fs 0 body 1 pos 5,6 stuck 2
RC POS 7 id 7 seat 2 role expand fs 0 body 1 pos 3,4 stuck 0
RC WALK 7 id 7 role expand pos 3,4 tgt 3,3 want NORTH
RC POS 7 id 9 seat 3 role raid fs 1 body 2 pos 6,10 stuck 1
V527I SEALNT 8 ph 1 fwd 0 hv 1
RC POS 8 id 3 seat 0 role raid fs 1 body 1 pos 8,12 stuck 0
RC WALK 8 id 3 role raid pos 8,12 tgt 18,11 want WEST
RC POS 8 id 5 seat 1 role expand fs 0 body 1 pos 4,6 stuck 0
RC POS 8 id 7 seat 2 role expand fs 0 body 1 pos 3,3 stuck 0
V528 CONN r 8 id 7 at 4,3 chosen 7 best 6 regret 1 cands 4 role expand seat 2
RC POS 8 id 9 seat 3 role raid fs 1 body 2 pos 8,11 stuck 0
RC WALK 8 id 9 role raid pos 8,11 tgt 18,11 want WEST
V527I SEALNT 9 ph 1 fwd 0 hv 2
RC POS 9 id 3 seat 0 role raid fs 1 body 1 pos 7,12 stuck 0
RC POS 9 id 5 seat 1 role expand fs 0 body 1 pos 4,6 stuck 1
RC POS 9 id 7 seat 2 role expand fs 0 body 1 pos 3,3 stuck 1
RC POS 9 id 9 seat 3 role raid fs 1 body 2 pos 7,11 stuck 0
V527I SEALNT 10 ph 1 fwd 0 hv 2
RC POS 10 id 3 seat 0 role raid fs 1 body 1 pos 7,12 stuck 1
RC POS 10 id 5 seat 1 role expand fs 0 body 1 pos 4,6 stuck 2
RC WALK 10 id 5 role expand pos 4,6 tgt 3,7 want WEST
RC POS 10 id 7 seat 2 role expand fs 0 body 1 pos 3,3 stuck 2
RC POS 10 id 9 seat 3 role raid fs 1 body 2 pos 8,11 stuck 0
V527I SEALNT 11 ph 1 fwd 0 hv 2
RC POS 11 id 3 seat 0 role raid fs 1 body 1 pos 13,11 stuck 0
RC POS 11 id 5 seat 1 role expand fs 0 body 1 pos 3,6 stuck 0
RC POS 11 id 7 seat 2 role expand fs 0 body 1 pos 3,4 stuck 0
RC POS 11 id 9 seat 3 role raid fs 1 body 2 pos 8,11 stuck 1
V527I SEALNT 12 ph 1 fwd 0 hv 2
RC POS 12 id 3 seat 0 role raid fs 1 body 1 pos 13,11 stuck 1
RC POS 12 id 5 seat 1 role expand fs 0 body 1 pos 3,6 stuck 1
RC POS 12 id 7 seat 2 role expand fs 0 body 1 pos 3,4 stuck 1
RC WALK 12 id 7 role expand pos 3,4 tgt 3,6 want SOUTH
RC POS 12 id 9 seat 3 role raid fs 1 body 2 pos 13,12 stuck 0
V527I SEALNT 13 ph 1 fwd 0 hv 2
RC POS 13 id 3 seat 0 role raid fs 1 body 1 pos 17,8 stuck 0
RC POS 13 id 5 seat 1 role expand fs 0 body 1 pos 3,6 stuck 2
RC WALK 13 id 5 role expand pos 3,6 tgt 3,8 want SOUTH
RC POS 13 id 7 seat 2 role expand fs 0 body 1 pos 3,5 stuck 0
RC WALK 13 id 7 role expand pos 3,5 tgt 3,7 want SOUTH
RC POS 13 id 9 seat 3 role raid fs 1 body 2 pos 13,12 stuck 1
V527I SEALNT 14 ph 2 fwd 0 hv 2
RC POS 14 id 3 seat 0 role raid fs 1 body 1 pos 17,8 stuck 1
RC WALK 14 id 3 role raid pos 17,8 tgt 18,8 want EAST
RC POS 14 id 5 seat 1 role expand fs 0 body 1 pos 3,7 stuck 0
RC POS 14 id 7 seat 2 role expand fs 0 body 1 pos 3,6 stuck 0
RC WALK 14 id 7 role expand pos 3,6 tgt 3,8 want WEST
RC POS 14 id 9 seat 3 role raid fs 1 body 2 pos 14,12 stuck 0
RC WALK 14 id 9 role raid pos 14,12 tgt 15,11 want EAST
V527I SEALNT 15 ph 2 fwd 0 hv 2
RC POS 15 id 3 seat 0 role raid fs 1 body 1 pos 18,8 stuck 0
RC POS 15 id 5 seat 1 role expand fs 0 body 1 pos 3,7 stuck 1
RC WALK 15 id 5 role expand pos 3,7 tgt 3,8 want SOUTH
RC POS 15 id 7 seat 2 role expand fs 0 body 1 pos 2,6 stuck 0
RC WALK 15 id 7 role expand pos 2,6 tgt 3,8 want SOUTH
RC POS 15 id 9 seat 3 role raid fs 1 body 2 pos 15,12 stuck 0
RC WALK 15 id 9 role raid pos 15,12 tgt 15,11 want NORTH
V527I SEALNT 16 ph 2 fwd 0 hv 2
RC POS 16 id 3 seat 0 role raid fs 1 body 1 pos 18,8 stuck 1
RC POS 16 id 5 seat 1 role expand fs 0 body 1 pos 3,8 stuck 0
V528 PICK r 16 id 5 tgt 4,16 cs 27 bs 27 reg 0 cc 6 bc 6 cands 3 banned 0 regall 0 seat 1
RC WALK 16 id 5 role expand pos 3,8 tgt 4,16 want EAST
RC POS 16 id 7 seat 2 role expand fs 0 body 1 pos 2,7 stuck 0
RC WALK 16 id 7 role expand pos 2,7 tgt 3,8 want EAST
RC POS 16 id 9 seat 3 role raid fs 1 body 2 pos 15,11 stuck 0
V527I SEALNT 17 ph 2 fwd 0 hv 2
RC POS 17 id 3 seat 0 role raid fs 1 body 1 pos 18,8 stuck 2
RC WALK 17 id 3 role raid pos 18,8 tgt 19,10 want EAST
RC POS 17 id 5 seat 1 role expand fs 0 body 1 pos 4,8 stuck 0
RC WALK 17 id 5 role expand pos 4,8 tgt 4,16 want SOUTH
RC POS 17 id 7 seat 2 role expand fs 0 body 1 pos 3,7 stuck 0
RC WALK 17 id 7 role expand pos 3,7 tgt 3,8 want SOUTH
RC POS 17 id 9 seat 3 role raid fs 1 body 2 pos 15,11 stuck 1
V527I SEALNT 18 ph 2 fwd 0 hv 2
RC POS 18 id 3 seat 0 role raid fs 1 body 1 pos 19,8 stuck 0
RC WALK 18 id 3 role raid pos 19,8 tgt 19,10 want SOUTH
RC POS 18 id 5 seat 1 role expand fs 0 body 1 pos 4,9 stuck 0
RC WALK 18 id 5 role expand pos 4,9 tgt 4,16 want SOUTH
RC POS 18 id 7 seat 2 role expand fs 0 body 1 pos 3,8 stuck 0
V528 PICK r 18 id 7 tgt 2,2 cs 13 bs 13 reg 0 cc 2 bc 2 cands 4 banned 0 regall 0 seat 2
RC WALK 18 id 7 role expand pos 3,8 tgt 2,2 want NORTH
RC POS 18 id 9 seat 3 role raid fs 1 body 2 pos 15,11 stuck 2
RC WALK 18 id 9 role raid pos 15,11 tgt 18,11 want SOUTH
V527I SEALNT 19 ph 2 fwd 0 hv 2
RC POS 19 id 3 seat 0 role raid fs 1 body 1 pos 19,9 stuck 0
RC WALK 19 id 3 role raid pos 19,9 tgt 19,10 want SOUTH
RC POS 19 id 5 seat 1 role expand fs 0 body 1 pos 4,10 stuck 0
RC WALK 19 id 5 role expand pos 4,10 tgt 4,16 want SOUTH
RC POS 19 id 7 seat 2 role expand fs 0 body 1 pos 3,7 stuck 0
RC WALK 19 id 7 role expand pos 3,7 tgt 2,2 want NORTH
RC POS 19 id 9 seat 3 role raid fs 1 body 2 pos 15,12 stuck 0
RC WALK 19 id 9 role raid pos 15,12 tgt 17,12 want EAST
V527I SEALNT 20 ph 2 fwd 0 hv 2
RC POS 20 id 3 seat 0 role raid fs 1 body 1 pos 19,10 stuck 0
RC POS 20 id 5 seat 1 role expand fs 0 body 1 pos 4,11 stuck 0
RC WALK 20 id 5 role expand pos 4,11 tgt 4,16 want SOUTH
RC POS 20 id 7 seat 2 role expand fs 0 body 1 pos 3,6 stuck 0
RC WALK 20 id 7 role expand pos 3,6 tgt 2,3 want NORTH
RC POS 20 id 9 seat 3 role raid fs 1 body 2 pos 16,12 stuck 0
RC WALK 20 id 9 role raid pos 16,12 tgt 17,12 want EAST
V527I SEALNT 21 ph 2 fwd 0 hv 2
RC POS 21 id 3 seat 0 role raid fs 1 body 1 pos 19,10 stuck 1
RC WALK 21 id 3 role raid pos 19,10 tgt 18,11 want SOUTH
RC POS 21 id 5 seat 1 role expand fs 0 body 1 pos 4,12 stuck 0
RC WALK 21 id 5 role expand pos 4,12 tgt 4,15 want WEST
RC POS 21 id 7 seat 2 role expand fs 0 body 1 pos 3,5 stuck 0
RC WALK 21 id 7 role expand pos 3,5 tgt 2,3 want NORTH
RC POS 21 id 9 seat 3 role raid fs 1 body 2 pos 17,12 stuck 0
V527I SEALNT 22 ph 2 fwd 0 hv 2
RC POS 22 id 3 seat 0 role raid fs 1 body 1 pos 19,11 stuck 0
V527 BUNKER HOLD 22 why collar blk gate
RC WALK 22 id 3 role raid pos 19,11 tgt 15,12 want WEST
RC POS 22 id 5 seat 1 role expand fs 0 body 1 pos 3,12 stuck 0
RC WALK 22 id 5 role expand pos 3,12 tgt 4,15 want SOUTH
RC POS 22 id 7 seat 2 role expand fs 0 body 1 pos 3,4 stuck 0
RC WALK 22 id 7 role expand pos 3,4 tgt 2,3 want WEST
RC POS 22 id 9 seat 3 role raid fs 1 body 2 pos 17,12 stuck 1
V527 BUNKER HOLD 22 why collar blk gate
RC WALK 22 id 9 role raid pos 17,12 tgt 15,12 want WEST
V527I SEALNT 23 ph 2 fwd 0 hv 2
RC POS 23 id 3 seat 0 role raid fs 1 body 1 pos 18,11 stuck 0
V527 BUNKER HOLD 23 why collar blk gate
RC WALK 23 id 3 role raid pos 18,11 tgt 18,7 want SOUTH
RC POS 23 id 5 seat 1 role expand fs 0 body 1 pos 3,13 stuck 0
RC WALK 23 id 5 role expand pos 3,13 tgt 4,15 want SOUTH
RC POS 23 id 7 seat 2 role expand fs 0 body 1 pos 2,4 stuck 0
RC WALK 23 id 7 role expand pos 2,4 tgt 2,3 want NORTH
RC POS 23 id 9 seat 3 role raid fs 1 body 2 pos 16,12 stuck 0
V527 BUNKER HOLD 23 why collar blk gate
RC WALK 23 id 9 role raid pos 16,12 tgt 14,9 want WEST
V527I SEALNT 24 ph 2 fwd 0 hv 2
RC POS 24 id 3 seat 0 role raid fs 1 body 1 pos 18,12 stuck 0
V527 BUNKER HOLD 24 why collar blk gate
RC WALK 24 id 3 role raid pos 18,12 tgt 15,9 want WEST
RC POS 24 id 5 seat 1 role expand fs 0 body 1 pos 3,14 stuck 0
RC WALK 24 id 5 role expand pos 3,14 tgt 4,15 want EAST
RC POS 24 id 7 seat 2 role expand fs 0 body 1 pos 2,3 stuck 0
V528 PICK r 24 id 7 tgt 2,2 cs 7 bs 7 reg 0 cc 2 bc 2 cands 4 banned 0 regall 0 seat 2
RC WALK 24 id 7 role expand pos 2,3 tgt 2,2 want NORTH
RC POS 24 id 9 seat 3 role raid fs 1 body 2 pos 15,12 stuck 0
V527 BUNKER HOLD 24 why collar blk gate
RC WALK 24 id 9 role raid pos 15,12 tgt 15,9 want WEST
V527I SEALNT 25 ph 2 fwd 0 hv 2
RC POS 25 id 3 seat 0 role raid fs 1 body 1 pos 17,12 stuck 0
V527 BUNKER HOLD 25 why collar blk gate
RC WALK 25 id 3 role raid pos 17,12 tgt 15,9 want WEST
RC POS 25 id 5 seat 1 role expand fs 0 body 1 pos 4,14 stuck 0
RC WALK 25 id 5 role expand pos 4,14 tgt 4,15 want SOUTH
RC POS 25 id 7 seat 2 role expand fs 0 body 1 pos 2,2 stuck 0
V528 PICK r 25 id 7 tgt 2,2 cs 6 bs 6 reg 0 cc 2 bc 2 cands 4 banned 0 regall 0 seat 2
RC WALK 25 id 7 role expand pos 2,2 tgt 2,3 want SOUTH
RC POS 25 id 9 seat 3 role raid fs 1 body 2 pos 14,12 stuck 0
RC WALK 25 id 9 role raid pos 14,12 tgt 14,9 want WEST
V527I SEALNT 26 ph 2 fwd 0 hv 2
RC POS 26 id 3 seat 0 role raid fs 1 body 1 pos 16,12 stuck 0
V527 BUNKER HOLD 26 why collar blk gate
RC WALK 26 id 3 role raid pos 16,12 tgt 14,9 want WEST
RC POS 26 id 5 seat 1 role expand fs 0 body 1 pos 4,15 stuck 0
V528 PICK r 26 id 5 tgt 6,6 cs 14 bs 14 reg 0 cc 1 bc 1 cands 4 banned 0 regall 0 seat 1
RC WALK 26 id 5 role expand pos 4,15 tgt 4,16 want SOUTH
RC POS 26 id 7 seat 2 role expand fs 0 body 1 pos 2,3 stuck 0
V528 PICK r 26 id 7 tgt 2,2 cs 7 bs 7 reg 0 cc 2 bc 2 cands 4 banned 0 regall 0 seat 2
RC WALK 26 id 7 role expand pos 2,3 tgt 2,2 want NORTH
RC POS 26 id 9 seat 3 role raid fs 1 body 2 pos 16,7 stuck 0
V527 BUNKER HOLD 26 why collar blk gate
RC WALK 26 id 9 role raid pos 16,7 tgt 15,7 want WEST
V527I SEALNT 27 ph 2 fwd 0 hv 2
RC POS 27 id 3 seat 0 role raid fs 1 body 1 pos 15,12 stuck 0
V527 BUNKER HOLD 27 why collar blk gate
RC POS 27 id 5 seat 1 role expand fs 0 body 1 pos 4,16 stuck 0
V528 PICK r 27 id 5 tgt 6,6 cs 15 bs 15 reg 0 cc 1 bc 1 cands 4 banned 0 regall 0 seat 1
RC WALK 27 id 5 role expand pos 4,16 tgt 6,6 want NORTH
RC POS 27 id 7 seat 2 role expand fs 0 body 1 pos 2,2 stuck 0
V528 PICK r 27 id 7 tgt 2,2 cs 6 bs 6 reg 0 cc 2 bc 2 cands 4 banned 0 regall 0 seat 2
RC WALK 27 id 7 role expand pos 2,2 tgt 2,3 want SOUTH
RC POS 27 id 9 seat 3 role raid fs 1 body 2 pos 15,7 stuck 0
V527 SELFCUT 27 n 1
V527I SEALNT 28 ph 2 fwd 0 hv 2
RC POS 28 id 3 seat 0 role raid fs 1 body 1 pos 15,12 stuck 1
V527 BUNKER HOLD 28 why collar blk gate
RC POS 28 id 5 seat 1 role expand fs 0 body 1 pos 4,15 stuck 0
RC WALK 28 id 5 role expand pos 4,15 tgt 4,16 want SOUTH
RC POS 28 id 7 seat 2 role expand fs 0 body 1 pos 2,3 stuck 0
V528 PICK r 28 id 7 tgt 2,2 cs 7 bs 7 reg 0 cc 2 bc 2 cands 4 banned 0 regall 0 seat 2
RC WALK 28 id 7 role expand pos 2,3 tgt 2,2 want NORTH
RC POS 28 id 9 seat 3 role raid fs 1 body 2 pos 15,7 stuck 1
V527 BUNKER HOLD 28 why collar blk gate
RC WALK 28 id 9 role raid pos 15,7 tgt 14,9 want WEST
V527I SEALNT 29 ph 2 fwd 0 hv 2
RC POS 29 id 3 seat 0 role raid fs 1 body 1 pos 15,12 stuck 2
V527 BUNKER HOLD 29 why collar blk gate
RC WALK 29 id 3 role raid pos 15,12 tgt 14,9 want WEST
RC POS 29 id 5 seat 1 role expand fs 0 body 1 pos 4,16 stuck 0
V528 PICK r 29 id 5 tgt 6,6 cs 15 bs 15 reg 0 cc 1 bc 1 cands 4 banned 0 regall 0 seat 1
RC WALK 29 id 5 role expand pos 4,16 tgt 6,6 want NORTH
RC POS 29 id 7 seat 2 role expand fs 0 body 1 pos 2,2 stuck 0
V528 PICK r 29 id 7 tgt 2,2 cs 6 bs 6 reg 0 cc 2 bc 2 cands 4 banned 0 regall 0 seat 2
RC WALK 29 id 7 role expand pos 2,2 tgt 2,3 want SOUTH
RC POS 29 id 9 seat 3 role raid fs 1 body 2 pos 14,7 stuck 0
RC WALK 29 id 9 role raid pos 14,7 tgt 14,9 want SOUTH
V527I SEALNT 30 ph 2 fwd 0 hv 2
RC POS 30 id 3 seat 0 role raid fs 1 body 1 pos 14,12 stuck 0
RC WALK 30 id 3 role raid pos 14,12 tgt 14,9 want WEST
RC POS 30 id 5 seat 1 role expand fs 0 body 1 pos 4,15 stuck 0
RC WALK 30 id 5 role expand pos 4,15 tgt 4,16 want SOUTH
RC POS 30 id 7 seat 2 role expand fs 0 body 1 pos 2,3 stuck 0
V528 PICK r 30 id 7 tgt 2,2 cs 7 bs 7 reg 0 cc 2 bc 2 cands 4 banned 0 regall 0 seat 2
RC WALK 30 id 7 role expand pos 2,3 tgt 2,2 want NORTH
RC POS 30 id 9 seat 3 role raid fs 1 body 2 pos 14,8 stuck 0
V527 BUNKER HOLD 30 why collar blk gate
RC WALK 30 id 9 role raid pos 14,8 tgt 14,9 want SOUTH
V527I SEALNT 31 ph 2 fwd 0 hv 2
RC POS 31 id 3 seat 0 role raid fs 1 body 1 pos 13,12 stuck 0
RC WALK 31 id 3 role raid pos 13,12 tgt 18,11 want EAST
RC POS 31 id 5 seat 1 role expand fs 0 body 1 pos 4,16 stuck 0
V528 PICK r 31 id 5 tgt 6,6 cs 15 bs 15 reg 0 cc 1 bc 1 cands 4 banned 0 regall 0 seat 1
RC WALK 31 id 5 role expand pos 4,16 tgt 6,6 want NORTH
RC POS 31 id 7 seat 2 role expand fs 0 body 1 pos 2,2 stuck 0
V528 PICK r 31 id 7 tgt 2,2 cs 6 bs 6 reg 0 cc 2 bc 2 cands 4 banned 0 regall 0 seat 2
RC WALK 31 id 7 role expand pos 2,2 tgt 2,3 want SOUTH
RC POS 31 id 9 seat 3 role raid fs 1 body 2 pos 14,9 stuck 0
V527I SEALNT 32 ph 2 fwd 0 hv 2
RC POS 32 id 3 seat 0 role raid fs 1 body 1 pos 14,12 stuck 0
RC WALK 32 id 3 role raid pos 14,12 tgt 17,7 want WEST
RC POS 32 id 5 seat 1 role expand fs 0 body 1 pos 4,15 stuck 0
V528 CONN r 32 id 5 at 4,16 chosen 6 best 1 regret 5 cands 3 role expand seat 1
RC POS 32 id 7 seat 2 role expand fs 0 body 1 pos 2,3 stuck 0
V528 PICK r 32 id 7 tgt 2,2 cs 7 bs 7 reg 0 cc 2 bc 2 cands 4 banned 0 regall 0 seat 2
RC WALK 32 id 7 role expand pos 2,3 tgt 2,2 want NORTH
RC POS 32 id 9 seat 3 role raid fs 1 body 2 pos 14,9 stuck 1
V527 BUNKER HOLD 32 why collar blk gate
RC WALK 32 id 9 role raid pos 14,9 tgt 15,12 want SOUTH
V527I SEALNT 33 ph 2 fwd 0 hv 3
RC POS 33 id 3 seat 0 role raid fs 1 body 1 pos 13,12 stuck 0
RC POS 33 id 5 seat 1 role expand fs 0 body 1 pos 4,15 stuck 1
RC POS 33 id 7 seat 2 role expand fs 0 body 1 pos 2,2 stuck 0
V528 PICK r 33 id 7 tgt 2,2 cs 6 bs 6 reg 0 cc 2 bc 2 cands 4 banned 0 regall 0 seat 2
RC WALK 33 id 7 role expand pos 2,2 tgt 2,3 want SOUTH
RC POS 33 id 9 seat 3 role raid fs 1 body 2 pos 14,10 stuck 0
V527 BUNKER HOLD 33 why collar blk gate
RC WALK 33 id 9 role raid pos 14,10 tgt 15,12 want WEST
V527I SEALNT 34 ph 2 fwd 0 hv 3
RC POS 34 id 3 seat 0 role raid fs 1 body 1 pos 13,13 stuck 0
RC WALK 34 id 3 role raid pos 13,13 tgt 14,8 want NORTH
RC POS 34 id 5 seat 1 role expand fs 0 body 1 pos 4,15 stuck 2
RC POS 34 id 7 seat 2 role expand fs 0 body 1 pos 2,3 stuck 0
V528 PICK r 34 id 7 tgt 2,2 cs 7 bs 7 reg 0 cc 2 bc 2 cands 4 banned 0 regall 0 seat 2
RC WALK 34 id 7 role expand pos 2,3 tgt 2,2 want NORTH
RC POS 34 id 9 seat 3 role raid fs 1 body 2 pos 13,10 stuck 0
V527I SEALNT 35 ph 2 fwd 0 hv 3
RC POS 35 id 3 seat 0 role raid fs 1 body 1 pos 13,12 stuck 0
RC POS 35 id 5 seat 1 role expand fs 0 body 1 pos 4,14 stuck 0
RC POS 35 id 7 seat 2 role expand fs 0 body 1 pos 2,2 stuck 0
V528 PICK r 35 id 7 tgt 2,2 cs 6 bs 6 reg 0 cc 2 bc 2 cands 4 banned 0 regall 0 seat 2
RC WALK 35 id 7 role expand pos 2,2 tgt 2,3 want SOUTH
RC POS 35 id 9 seat 3 role raid fs 1 body 2 pos 14,10 stuck 0
V527 BUNKER HOLD 35 why collar blk gate
RC WALK 35 id 9 role raid pos 14,10 tgt 15,12 want WEST
V527I SEALNT 36 ph 2 fwd 0 hv 3
RC POS 36 id 3 seat 0 role raid fs 1 body 1 pos 13,13 stuck 0
RC WALK 36 id 3 role raid pos 13,13 tgt 14,8 want NORTH
RC POS 36 id 5 seat 1 role expand fs 0 body 1 pos 4,14 stuck 1
RC POS 36 id 7 seat 2 role expand fs 0 body 1 pos 2,3 stuck 0
V528 PICK r 36 id 7 tgt 2,2 cs 7 bs 7 reg 0 cc 2 bc 2 cands 4 banned 0 regall 0 seat 2
RC WALK 36 id 7 role expand pos 2,3 tgt 2,2 want NORTH
RC POS 36 id 9 seat 3 role raid fs 1 body 2 pos 13,10 stuck 0
V527I SEALNT 37 ph 2 fwd 0 hv 3
RC POS 37 id 3 seat 0 role raid fs 1 body 1 pos 13,12 stuck 0
RC POS 37 id 5 seat 1 role expand fs 0 body 1 pos 4,14 stuck 2
RC WALK 37 id 5 role expand pos 4,14 tgt 4,12 want NORTH
RC POS 37 id 7 seat 2 role expand fs 0 body 1 pos 2,2 stuck 0
V528 PICK r 37 id 7 tgt 2,2 cs 6 bs 6 reg 0 cc 2 bc 2 cands 4 banned 0 regall 0 seat 2
RC WALK 37 id 7 role expand pos 2,2 tgt 2,3 want SOUTH
RC POS 37 id 9 seat 3 role raid fs 1 body 2 pos 14,10 stuck 0
V527 BUNKER HOLD 37 why collar blk gate
RC WALK 37 id 9 role raid pos 14,10 tgt 15,12 want WEST
V527I SEALNT 38 ph 2 fwd 0 hv 3
RC POS 38 id 3 seat 0 role raid fs 1 body 1 pos 13,13 stuck 0
RC WALK 38 id 3 role raid pos 13,13 tgt 14,8 want NORTH
RC POS 38 id 5 seat 1 role expand fs 0 body 1 pos 4,13 stuck 0
RC POS 38 id 7 seat 2 role expand fs 0 body 1 pos 2,3 stuck 0
V528 PICK r 38 id 7 tgt 2,2 cs 7 bs 7 reg 0 cc 2 bc 2 cands 4 banned 0 regall 0 seat 2
RC WALK 38 id 7 role expand pos 2,3 tgt 2,2 want NORTH
RC POS 38 id 9 seat 3 role raid fs 1 body 2 pos 13,10 stuck 0
V527I SEALNT 39 ph 2 fwd 0 hv 3
RC POS 39 id 3 seat 0 role raid fs 1 body 1 pos 13,12 stuck 0
RC POS 39 id 5 seat 1 role expand fs 0 body 1 pos 4,13 stuck 1
RC WALK 39 id 5 role expand pos 4,13 tgt 4,11 want NORTH
RC POS 39 id 7 seat 2 role expand fs 0 body 1 pos 2,2 stuck 0
V528 PICK r 39 id 7 tgt 2,2 cs 6 bs 6 reg 0 cc 2 bc 2 cands 4 banned 0 regall 0 seat 2
RC WALK 39 id 7 role expand pos 2,2 tgt 2,3 want SOUTH
RC POS 39 id 9 seat 3 role raid fs 1 body 2 pos 14,10 stuck 0
V527I SEALNT 40 ph 2 fwd 1 hv 3
RC POS 40 id 3 seat 0 role raid fs 1 body 1 pos 13,13 stuck 0
RC WALK 40 id 3 role raid pos 13,13 tgt 14,8 want NORTH
RC POS 40 id 5 seat 1 role expand fs 0 body 1 pos 4,12 stuck 0
RC POS 40 id 7 seat 2 role expand fs 0 body 1 pos 2,3 stuck 0
V528 PICK r 40 id 7 tgt 2,2 cs 7 bs 7 reg 0 cc 2 bc 2 cands 4 banned 0 regall 0 seat 2
RC WALK 40 id 7 role expand pos 2,3 tgt 2,2 want NORTH
RC POS 40 id 9 seat 3 role raid fs 1 body 2 pos 14,10 stuck 1
V527 BUNKER HOLD 40 why trapped blk gate
RC WALK 40 id 9 role raid pos 14,10 tgt 15,12 want NORTH
V527I SEALNT 41 ph 5 fwd 1 hv 3
RC POS 41 id 3 seat 0 role raid fs 1 body 1 pos 13,12 stuck 0
RC POS 41 id 5 seat 1 role expand fs 0 body 1 pos 4,12 stuck 1
RC WALK 41 id 5 role expand pos 4,12 tgt 4,10 want NORTH
RC POS 41 id 7 seat 2 role expand fs 0 body 1 pos 2,2 stuck 0
V528 PICK r 41 id 7 tgt 2,2 cs 6 bs 6 reg 0 cc 2 bc 2 cands 4 banned 0 regall 0 seat 2
RC WALK 41 id 7 role expand pos 2,2 tgt 2,3 want SOUTH
RC POS 41 id 9 seat 3 role raid fs 1 body 2 pos 14,10 stuck 3
V527 BUNKER HOLD 41 why trapped blk gate
RC WALK 41 id 9 role raid pos 14,10 tgt 15,12 want NORTH
V527I SEALNT 42 ph 5 fwd 1 hv 3
RC POS 42 id 3 seat 0 role raid fs 1 body 1 pos 13,13 stuck 0
RC WALK 42 id 3 role raid pos 13,13 tgt 14,8 want NORTH
RC POS 42 id 5 seat 1 role expand fs 0 body 1 pos 4,11 stuck 0
RC WALK 42 id 5 role expand pos 4,11 tgt 4,10 want CENTRE
RC POS 42 id 7 seat 2 role expand fs 0 body 1 pos 2,3 stuck 0
V528 PICK r 42 id 7 tgt 2,2 cs 7 bs 7 reg 0 cc 2 bc 2 cands 4 banned 0 regall 0 seat 2
RC WALK 42 id 7 role expand pos 2,3 tgt 2,2 want NORTH
RC POS 42 id 9 seat 3 role raid fs 1 body 2 pos 14,10 stuck 5
V527 BUNKER HOLD 42 why collar blk gate
RC WALK 42 id 9 role raid pos 14,10 tgt 15,12 want NORTH
V527I SEALNT 43 ph 5 fwd 1 hv 3
RC POS 43 id 3 seat 0 role raid fs 1 body 1 pos 13,12 stuck 0
RC POS 43 id 5 seat 1 role expand fs 0 body 1 pos 4,11 stuck 1
RC WALK 43 id 5 role expand pos 4,11 tgt 4,10 want CENTRE
RC POS 43 id 7 seat 2 role expand fs 0 body 1 pos 2,2 stuck 0
V528 PICK r 43 id 7 tgt 2,2 cs 6 bs 6 reg 0 cc 2 bc 2 cands 4 banned 0 regall 0 seat 2
RC WALK 43 id 7 role expand pos 2,2 tgt 2,3 want SOUTH
RC POS 43 id 9 seat 3 role raid fs 1 body 2 pos 14,9 stuck 0
V527 BUNKER HOLD 43 why collar blk gate
RC WALK 43 id 9 role raid pos 14,9 tgt 15,12 want WEST
V527I SEALNT 44 ph 5 fwd 1 hv 3
RC POS 44 id 3 seat 0 role raid fs 1 body 1 pos 13,13 stuck 0
RC WALK 44 id 3 role raid pos 13,13 tgt 14,8 want NORTH
RC POS 44 id 5 seat 1 role expand fs 0 body 1 pos 4,11 stuck 2
RC WALK 44 id 5 role expand pos 4,11 tgt 4,10 want CENTRE
RC POS 44 id 7 seat 2 role expand fs 0 body 1 pos 2,3 stuck 0
V528 PICK r 44 id 7 tgt 2,2 cs 7 bs 7 reg 0 cc 2 bc 2 cands 4 banned 0 regall 0 seat 2
RC WALK 44 id 7 role expand pos 2,3 tgt 2,2 want NORTH
RC POS 44 id 9 seat 3 role raid fs 1 body 2 pos 13,9 stuck 0
V527I SEALNT 45 ph 5 fwd 1 hv 3
RC POS 45 id 3 seat 0 role raid fs 1 body 1 pos 13,12 stuck 0
RC POS 45 id 5 seat 1 role expand fs 0 body 1 pos 4,11 stuck 3
RC WALK 45 id 5 role expand pos 4,11 tgt 4,10 want CENTRE
RC POS 45 id 7 seat 2 role expand fs 0 body 1 pos 2,2 stuck 0
V528 PICK r 45 id 7 tgt 2,2 cs 6 bs 6 reg 0 cc 2 bc 2 cands 4 banned 0 regall 0 seat 2
RC WALK 45 id 7 role expand pos 2,2 tgt 2,3 want SOUTH
RC POS 45 id 9 seat 3 role raid fs 1 body 2 pos 14,9 stuck 0
V527 BUNKER HOLD 45 why collar blk gate
RC WALK 45 id 9 role raid pos 14,9 tgt 15,12 want WEST
V527I SEALNT 46 ph 5 fwd 1 hv 3
RC POS 46 id 3 seat 0 role raid fs 1 body 1 pos 13,13 stuck 0
RC WALK 46 id 3 role raid pos 13,13 tgt 14,8 want NORTH
RC POS 46 id 5 seat 1 role expand fs 0 body 1 pos 4,11 stuck 4
RC WALK 46 id 5 role expand pos 4,11 tgt 4,10 want CENTRE
RC POS 46 id 7 seat 2 role expand fs 0 body 1 pos 2,3 stuck 0
V528 PICK r 46 id 7 tgt 2,2 cs 7 bs 7 reg 0 cc 2 bc 2 cands 4 banned 0 regall 0 seat 2
RC WALK 46 id 7 role expand pos 2,3 tgt 2,2 want NORTH
RC POS 46 id 9 seat 3 role raid fs 1 body 2 pos 13,9 stuck 0
V527I SEALNT 47 ph 5 fwd 1 hv 3
RC POS 47 id 3 seat 0 role raid fs 1 body 1 pos 13,12 stuck 0
RC POS 47 id 5 seat 1 role expand fs 0 body 1 pos 4,11 stuck 5
V528 PICK r 47 id 5 tgt 6,6 cs 7 bs 7 reg 0 cc 0 bc 0 cands 4 banned 0 regall 0 seat 1
RC WALK 47 id 5 role expand pos 4,11 tgt 6,6 want EAST
RC POS 47 id 7 seat 2 role expand fs 0 body 1 pos 2,2 stuck 0
V528 PICK r 47 id 7 tgt 2,2 cs 6 bs 6 reg 0 cc 2 bc 2 cands 4 banned 0 regall 0 seat 2
RC WALK 47 id 7 role expand pos 2,2 tgt 2,3 want SOUTH
RC POS 47 id 9 seat 3 role raid fs 1 body 2 pos 14,9 stuck 0
V527 BUNKER HOLD 47 why collar blk gate
RC WALK 47 id 9 role raid pos 14,9 tgt 15,12 want WEST
V527I SEALNT 48 ph 5 fwd 1 hv 3
RC POS 48 id 3 seat 0 role raid fs 1 body 1 pos 13,13 stuck 0
RC WALK 48 id 3 role raid pos 13,13 tgt 14,8 want NORTH
RC POS 48 id 5 seat 1 role expand fs 0 body 1 pos 5,11 stuck 0
RC WALK 48 id 5 role expand pos 5,11 tgt 6,6 want NORTH
RC POS 48 id 7 seat 2 role expand fs 0 body 1 pos 2,3 stuck 0
V528 PICK r 48 id 7 tgt 2,2 cs 7 bs 7 reg 0 cc 2 bc 2 cands 4 banned 0 regall 0 seat 2
RC WALK 48 id 7 role expand pos 2,3 tgt 2,2 want NORTH
RC POS 48 id 9 seat 3 role raid fs 1 body 2 pos 13,9 stuck 0
V527I SEALNT 49 ph 5 fwd 1 hv 3
RC POS 49 id 3 seat 0 role raid fs 1 body 1 pos 13,12 stuck 0
RC POS 49 id 5 seat 1 role expand fs 0 body 1 pos 5,10 stuck 0
RC WALK 49 id 5 role expand pos 5,10 tgt 5,6 want NORTH
RC POS 49 id 7 seat 2 role expand fs 0 body 1 pos 2,2 stuck 0
V528 PICK r 49 id 7 tgt 2,2 cs 6 bs 6 reg 0 cc 2 bc 2 cands 4 banned 0 regall 0 seat 2
RC WALK 49 id 7 role expand pos 2,2 tgt 2,3 want SOUTH
RC POS 49 id 9 seat 3 role raid fs 1 body 2 pos 14,9 stuck 0
V527 BUNKER HOLD 49 why collar blk gate
RC WALK 49 id 9 role raid pos 14,9 tgt 15,12 want WEST
V527I SEALNT 50 ph 5 fwd 1 hv 3
RC POS 50 id 3 seat 0 role raid fs 1 body 1 pos 13,13 stuck 0
RC WALK 50 id 3 role raid pos 13,13 tgt 14,8 want NORTH
RC POS 50 id 5 seat 1 role expand fs 0 body 1 pos 5,9 stuck 0
RC WALK 50 id 5 role expand pos 5,9 tgt 5,6 want NORTH
RC POS 50 id 7 seat 2 role expand fs 0 body 1 pos 2,3 stuck 0
V528 PICK r 50 id 7 tgt 2,2 cs 7 bs 7 reg 0 cc 2 bc 2 cands 4 banned 0 regall 0 seat 2
RC WALK 50 id 7 role expand pos 2,3 tgt 2,2 want NORTH
RC POS 50 id 9 seat 3 role raid fs 1 body 2 pos 13,9 stuck 0
V527I SEALNT 51 ph 5 fwd 1 hv 3
RC POS 51 id 3 seat 0 role raid fs 1 body 1 pos 13,12 stuck 0
RC POS 51 id 5 seat 1 role expand fs 0 body 1 pos 5,8 stuck 0
RC WALK 51 id 5 role expand pos 5,8 tgt 5,6 want NORTH
RC POS 51 id 7 seat 2 role expand fs 0 body 1 pos 2,2 stuck 0
V528 PICK r 51 id 7 tgt 2,2 cs 6 bs 6 reg 0 cc 2 bc 2 cands 4 banned 0 regall 0 seat 2
RC WALK 51 id 7 role expand pos 2,2 tgt 2,3 want SOUTH
RC POS 51 id 9 seat 3 role raid fs 1 body 2 pos 14,9 stuck 0
V527 BUNKER HOLD 51 why collar blk gate
RC WALK 51 id 9 role raid pos 14,9 tgt 15,12 want WEST
V527I SEALNT 52 ph 5 fwd 1 hv 3
RC POS 52 id 3 seat 0 role raid fs 1 body 1 pos 13,13 stuck 0
RC WALK 52 id 3 role raid pos 13,13 tgt 14,8 want NORTH
RC POS 52 id 5 seat 1 role expand fs 0 body 1 pos 5,7 stuck 0
RC WALK 52 id 5 role expand pos 5,7 tgt 5,6 want NORTH
RC POS 52 id 7 seat 2 role expand fs 0 body 1 pos 2,3 stuck 0
V528 PICK r 52 id 7 tgt 2,2 cs 7 bs 7 reg 0 cc 2 bc 2 cands 4 banned 0 regall 0 seat 2
RC WALK 52 id 7 role expand pos 2,3 tgt 2,2 want NORTH
RC POS 52 id 9 seat 3 role raid fs 1 body 2 pos 13,9 stuck 0
V527I SEALNT 53 ph 5 fwd 1 hv 3
RC POS 53 id 3 seat 0 role raid fs 1 body 1 pos 13,12 stuck 0
RC POS 53 id 5 seat 1 role expand fs 0 body 1 pos 5,6 stuck 0
V528 PICK r 53 id 5 tgt 4,16 cs 29 bs 29 reg 0 cc 6 bc 6 cands 3 banned 0 regall 0 seat 1
RC WALK 53 id 5 role expand pos 5,6 tgt 4,16 want SOUTH
RC POS 53 id 7 seat 2 role expand fs 0 body 1 pos 2,2 stuck 0
V528 PICK r 53 id 7 tgt 2,2 cs 6 bs 6 reg 0 cc 2 bc 2 cands 4 banned 0 regall 0 seat 2
RC WALK 53 id 7 role expand pos 2,2 tgt 2,3 want SOUTH
RC POS 53 id 9 seat 3 role raid fs 1 body 2 pos 14,9 stuck 0
V527 BUNKER HOLD 53 why collar blk gate
RC WALK 53 id 9 role raid pos 14,9 tgt 15,12 want WEST
V527I SEALNT 54 ph 5 fwd 1 hv 3
RC POS 54 id 3 seat 0 role raid fs 1 body 1 pos 13,13 stuck 0
RC WALK 54 id 3 role raid pos 13,13 tgt 14,8 want NORTH
RC POS 54 id 5 seat 1 role expand fs 0 body 1 pos 5,7 stuck 0
RC WALK 54 id 5 role expand pos 5,7 tgt 4,16 want SOUTH
RC POS 54 id 7 seat 2 role expand fs 0 body 1 pos 2,3 stuck 0
V528 PICK r 54 id 7 tgt 2,2 cs 7 bs 7 reg 0 cc 2 bc 2 cands 4 banned 0 regall 0 seat 2
RC WALK 54 id 7 role expand pos 2,3 tgt 2,2 want NORTH
RC POS 54 id 9 seat 3 role raid fs 1 body 2 pos 13,9 stuck 0
V527I SEALNT 55 ph 5 fwd 1 hv 3
RC POS 55 id 3 seat 0 role raid fs 1 body 1 pos 13,12 stuck 0
RC POS 55 id 5 seat 1 role expand fs 0 body 1 pos 5,8 stuck 0
RC WALK 55 id 5 role expand pos 5,8 tgt 4,16 want SOUTH
RC POS 55 id 7 seat 2 role expand fs 0 body 1 pos 2,2 stuck 0
V528 PICK r 55 id 7 tgt 2,2 cs 6 bs 6 reg 0 cc 2 bc 2 cands 4 banned 0 regall 0 seat 2
RC WALK 55 id 7 role expand pos 2,2 tgt 2,3 want SOUTH
RC POS 55 id 9 seat 3 role raid fs 1 body 2 pos 14,9 stuck 0
V527 BUNKER HOLD 55 why collar blk gate
RC WALK 55 id 9 role raid pos 14,9 tgt 15,12 want WEST
V527I SEALNT 56 ph 5 fwd 1 hv 3
RC POS 56 id 3 seat 0 role raid fs 1 body 1 pos 13,13 stuck 0
RC WALK 56 id 3 role raid pos 13,13 tgt 14,8 want NORTH
RC POS 56 id 5 seat 1 role expand fs 0 body 1 pos 5,9 stuck 0
RC WALK 56 id 5 role expand pos 5,9 tgt 4,16 want SOUTH
RC POS 56 id 7 seat 2 role expand fs 0 body 1 pos 2,3 stuck 0
V528 PICK r 56 id 7 tgt 2,2 cs 7 bs 7 reg 0 cc 2 bc 2 cands 4 banned 0 regall 0 seat 2
RC WALK 56 id 7 role expand pos 2,3 tgt 2,2 want NORTH
RC POS 56 id 9 seat 3 role raid fs 1 body 2 pos 13,9 stuck 0
V527I SEALNT 57 ph 5 fwd 1 hv 3
RC POS 57 id 3 seat 0 role raid fs 1 body 1 pos 13,12 stuck 0
RC POS 57 id 5 seat 1 role expand fs 0 body 1 pos 5,10 stuck 0
RC WALK 57 id 5 role expand pos 5,10 tgt 4,16 want SOUTH
RC POS 57 id 7 seat 2 role expand fs 0 body 1 pos 2,2 stuck 0
V528 PICK r 57 id 7 tgt 2,2 cs 6 bs 6 reg 0 cc 2 bc 2 cands 4 banned 0 regall 0 seat 2
RC WALK 57 id 7 role expand pos 2,2 tgt 2,3 want SOUTH
RC POS 57 id 9 seat 3 role raid fs 1 body 2 pos 14,9 stuck 0
V527 BUNKER HOLD 57 why collar blk gate
RC WALK 57 id 9 role raid pos 14,9 tgt 15,12 want WEST
V527I SEALNT 58 ph 5 fwd 1 hv 3
RC POS 58 id 3 seat 0 role raid fs 1 body 1 pos 13,13 stuck 0
RC WALK 58 id 3 role raid pos 13,13 tgt 14,8 want NORTH
RC POS 58 id 5 seat 1 role expand fs 0 body 1 pos 5,11 stuck 0
RC WALK 58 id 5 role expand pos 5,11 tgt 4,16 want SOUTH
RC POS 58 id 7 seat 2 role expand fs 0 body 1 pos 2,3 stuck 0
V528 PICK r 58 id 7 tgt 2,2 cs 7 bs 7 reg 0 cc 2 bc 2 cands 4 banned 0 regall 0 seat 2
RC WALK 58 id 7 role expand pos 2,3 tgt 2,2 want NORTH
RC POS 58 id 9 seat 3 role raid fs 1 body 2 pos 13,9 stuck 0
V527I SEALNT 59 ph 5 fwd 1 hv 3
RC POS 59 id 3 seat 0 role raid fs 1 body 1 pos 13,12 stuck 0
RC POS 59 id 5 seat 1 role expand fs 0 body 1 pos 5,12 stuck 0
RC WALK 59 id 5 role expand pos 5,12 tgt 6,12 want EAST
RC POS 59 id 7 seat 2 role expand fs 0 body 1 pos 2,2 stuck 0
V528 PICK r 59 id 7 tgt 2,2 cs 6 bs 6 reg 0 cc 2 bc 2 cands 4 banned 0 regall 0 seat 2
RC WALK 59 id 7 role expand pos 2,2 tgt 2,3 want SOUTH
RC POS 59 id 9 seat 3 role raid fs 1 body 2 pos 14,9 stuck 0
V527 BUNKER HOLD 59 why collar blk gate
RC WALK 59 id 9 role raid pos 14,9 tgt 15,12 want WEST
V527I SEALNT 60 ph 5 fwd 1 hv 3
RC POS 60 id 3 seat 0 role raid fs 1 body 1 pos 13,13 stuck 0
RC WALK 60 id 3 role raid pos 13,13 tgt 14,8 want NORTH
RC POS 60 id 5 seat 1 role expand fs 0 body 1 pos 6,12 stuck 0
V528 PICK r 60 id 5 tgt 6,6 cs 6 bs 6 reg 0 cc 0 bc 0 cands 3 banned 0 regall 0 seat 1
RC WALK 60 id 5 role expand pos 6,12 tgt 6,13 want SOUTH
RC POS 60 id 7 seat 2 role expand fs 0 body 1 pos 2,3 stuck 0
V528 PICK r 60 id 7 tgt 2,2 cs 7 bs 7 reg 0 cc 2 bc 2 cands 4 banned 0 regall 0 seat 2
RC WALK 60 id 7 role expand pos 2,3 tgt 2,2 want NORTH
RC POS 60 id 9 seat 3 role raid fs 1 body 2 pos 13,9 stuck 0
V527I SEALNT 61 ph 5 fwd 1 hv 3
RC POS 61 id 3 seat 0 role raid fs 1 body 1 pos 13,12 stuck 0
RC POS 61 id 5 seat 1 role expand fs 0 body 1 pos 6,13 stuck 0
V528 PICK r 61 id 5 tgt 6,6 cs 7 bs 7 reg 0 cc 0 bc 0 cands 3 banned 0 regall 0 seat 1
RC WALK 61 id 5 role expand pos 6,13 tgt 6,6 want NORTH
RC POS 61 id 7 seat 2 role expand fs 0 body 1 pos 2,2 stuck 0
V528 PICK r 61 id 7 tgt 2,2 cs 6 bs 6 reg 0 cc 2 bc 2 cands 4 banned 0 regall 0 seat 2
RC WALK 61 id 7 role expand pos 2,2 tgt 2,3 want SOUTH
RC POS 61 id 9 seat 3 role raid fs 1 body 2 pos 14,9 stuck 0
V527 BUNKER HOLD 61 why collar blk gate
RC WALK 61 id 9 role raid pos 14,9 tgt 15,12 want WEST
V527I SEALNT 62 ph 5 fwd 1 hv 3
RC POS 62 id 3 seat 0 role raid fs 1 body 1 pos 13,13 stuck 0
RC WALK 62 id 3 role raid pos 13,13 tgt 14,8 want NORTH
RC POS 62 id 5 seat 1 role expand fs 0 body 1 pos 6,12 stuck 0
RC WALK 62 id 5 role expand pos 6,12 tgt 6,13 want SOUTH
RC POS 62 id 7 seat 2 role expand fs 0 body 1 pos 2,3 stuck 0
V528 PICK r 62 id 7 tgt 2,2 cs 7 bs 7 reg 0 cc 2 bc 2 cands 4 banned 0 regall 0 seat 2
RC WALK 62 id 7 role expand pos 2,3 tgt 2,2 want NORTH
RC POS 62 id 9 seat 3 role raid fs 1 body 2 pos 13,9 stuck 0
V527I SEALNT 63 ph 5 fwd 1 hv 3
RC POS 63 id 3 seat 0 role raid fs 1 body 1 pos 13,12 stuck 0
RC POS 63 id 5 seat 1 role expand fs 0 body 1 pos 6,13 stuck 0
V528 PICK r 63 id 5 tgt 6,6 cs 7 bs 7 reg 0 cc 0 bc 0 cands 3 banned 0 regall 0 seat 1
RC WALK 63 id 5 role expand pos 6,13 tgt 6,6 want NORTH
RC POS 63 id 7 seat 2 role expand fs 0 body 1 pos 2,2 stuck 0
V528 PICK r 63 id 7 tgt 2,2 cs 6 bs 6 reg 0 cc 2 bc 2 cands 4 banned 0 regall 0 seat 2
RC WALK 63 id 7 role expand pos 2,2 tgt 2,3 want SOUTH
RC POS 63 id 9 seat 3 role raid fs 1 body 2 pos 14,9 stuck 0
V527 BUNKER HOLD 63 why collar blk gate
RC WALK 63 id 9 role raid pos 14,9 tgt 15,12 want WEST
V527I SEALNT 64 ph 5 fwd 1 hv 3
RC POS 64 id 3 seat 0 role raid fs 1 body 1 pos 13,13 stuck 0
RC WALK 64 id 3 role raid pos 13,13 tgt 14,8 want NORTH
RC POS 64 id 5 seat 1 role expand fs 0 body 1 pos 6,12 stuck 0
RC WALK 64 id 5 role expand pos 6,12 tgt 6,13 want SOUTH
RC POS 64 id 7 seat 2 role expand fs 0 body 1 pos 2,3 stuck 0
V528 PICK r 64 id 7 tgt 2,2 cs 7 bs 7 reg 0 cc 2 bc 2 cands 4 banned 0 regall 0 seat 2
RC WALK 64 id 7 role expand pos 2,3 tgt 2,2 want NORTH
RC POS 64 id 9 seat 3 role raid fs 1 body 2 pos 13,9 stuck 0
V527I SEALNT 65 ph 5 fwd 1 hv 3
RC POS 65 id 3 seat 0 role raid fs 1 body 1 pos 13,12 stuck 0
RC POS 65 id 5 seat 1 role expand fs 0 body 1 pos 6,13 stuck 0
V528 PICK r 65 id 5 tgt 6,6 cs 7 bs 7 reg 0 cc 0 bc 0 cands 3 banned 0 regall 0 seat 1
RC WALK 65 id 5 role expand pos 6,13 tgt 6,6 want NORTH
RC POS 65 id 7 seat 2 role expand fs 0 body 1 pos 2,2 stuck 0
V528 PICK r 65 id 7 tgt 2,2 cs 6 bs 6 reg 0 cc 2 bc 2 cands 4 banned 0 regall 0 seat 2
RC WALK 65 id 7 role expand pos 2,2 tgt 2,3 want SOUTH
RC POS 65 id 9 seat 3 role raid fs 1 body 2 pos 14,9 stuck 0
V527 BUNKER HOLD 65 why collar blk gate
RC WALK 65 id 9 role raid pos 14,9 tgt 15,12 want WEST
V527I SEALNT 66 ph 5 fwd 1 hv 3
RC POS 66 id 3 seat 0 role raid fs 1 body 1 pos 13,13 stuck 0
RC WALK 66 id 3 role raid pos 13,13 tgt 14,8 want NORTH
RC POS 66 id 5 seat 1 role expand fs 0 body 1 pos 6,12 stuck 0
RC WALK 66 id 5 role expand pos 6,12 tgt 6,13 want SOUTH
RC POS 66 id 7 seat 2 role expand fs 0 body 1 pos 2,3 stuck 0
V528 PICK r 66 id 7 tgt 2,2 cs 7 bs 7 reg 0 cc 2 bc 2 cands 4 banned 0 regall 0 seat 2
RC WALK 66 id 7 role expand pos 2,3 tgt 2,2 want NORTH
RC POS 66 id 9 seat 3 role raid fs 1 body 2 pos 13,9 stuck 0
V527I SEALNT 67 ph 5 fwd 1 hv 3
RC POS 67 id 3 seat 0 role raid fs 1 body 1 pos 13,12 stuck 0
RC POS 67 id 5 seat 1 role expand fs 0 body 1 pos 6,13 stuck 0
V528 PICK r 67 id 5 tgt 6,6 cs 7 bs 7 reg 0 cc 0 bc 0 cands 3 banned 0 regall 0 seat 1
RC WALK 67 id 5 role expand pos 6,13 tgt 6,6 want NORTH
RC POS 67 id 7 seat 2 role expand fs 0 body 1 pos 2,2 stuck 0
V528 PICK r 67 id 7 tgt 2,2 cs 6 bs 6 reg 0 cc 2 bc 2 cands 4 banned 0 regall 0 seat 2
RC WALK 67 id 7 role expand pos 2,2 tgt 2,3 want SOUTH
RC POS 67 id 9 seat 3 role raid fs 1 body 2 pos 12,9 stuck 0
RC WALK 67 id 9 role raid pos 12,9 tgt 18,9 want EAST
V527I SEALNT 68 ph 5 fwd 1 hv 3
RC POS 68 id 3 seat 0 role raid fs 1 body 1 pos 13,13 stuck 0
RC WALK 68 id 3 role raid pos 13,13 tgt 14,8 want NORTH
RC POS 68 id 5 seat 1 role expand fs 0 body 1 pos 6,12 stuck 0
RC WALK 68 id 5 role expand pos 6,12 tgt 6,13 want SOUTH
RC POS 68 id 7 seat 2 role expand fs 0 body 1 pos 2,3 stuck 0
V528 PICK r 68 id 7 tgt 2,2 cs 7 bs 7 reg 0 cc 2 bc 2 cands 4 banned 0 regall 0 seat 2
RC WALK 68 id 7 role expand pos 2,3 tgt 2,2 want NORTH
RC POS 68 id 9 seat 3 role raid fs 1 body 2 pos 13,9 stuck 0
V527I SEALNT 69 ph 5 fwd 1 hv 3
RC POS 69 id 3 seat 0 role raid fs 1 body 1 pos 13,12 stuck 0
RC POS 69 id 5 seat 1 role expand fs 0 body 1 pos 6,13 stuck 0
V528 PICK r 69 id 5 tgt 6,6 cs 7 bs 7 reg 0 cc 0 bc 0 cands 3 banned 0 regall 0 seat 1
RC WALK 69 id 5 role expand pos 6,13 tgt 6,6 want NORTH
RC POS 69 id 7 seat 2 role expand fs 0 body 1 pos 2,2 stuck 0
V528 PICK r 69 id 7 tgt 2,2 cs 6 bs 6 reg 0 cc 2 bc 2 cands 4 banned 0 regall 0 seat 2
RC WALK 69 id 7 role expand pos 2,2 tgt 2,3 want SOUTH
RC POS 69 id 9 seat 3 role raid fs 1 body 2 pos 14,9 stuck 0
V527 BUNKER HOLD 69 why collar blk gate
RC WALK 69 id 9 role raid pos 14,9 tgt 15,12 want WEST
V527I SEALNT 70 ph 5 fwd 1 hv 3
RC POS 70 id 3 seat 0 role raid fs 1 body 1 pos 13,13 stuck 0
RC WALK 70 id 3 role raid pos 13,13 tgt 14,8 want NORTH
RC POS 70 id 5 seat 1 role expand fs 0 body 1 pos 6,12 stuck 0
RC WALK 70 id 5 role expand pos 6,12 tgt 6,13 want SOUTH
RC POS 70 id 7 seat 2 role expand fs 0 body 1 pos 2,3 stuck 0
V528 PICK r 70 id 7 tgt 2,2 cs 7 bs 7 reg 0 cc 2 bc 2 cands 4 banned 0 regall 0 seat 2
RC WALK 70 id 7 role expand pos 2,3 tgt 2,2 want NORTH
RC POS 70 id 9 seat 3 role raid fs 1 body 2 pos 13,9 stuck 0
V527I SEALNT 71 ph 5 fwd 1 hv 3
RC POS 71 id 3 seat 0 role raid fs 1 body 1 pos 13,12 stuck 0
RC POS 71 id 5 seat 1 role expand fs 0 body 1 pos 6,13 stuck 0
V528 PICK r 71 id 5 tgt 6,6 cs 7 bs 7 reg 0 cc 0 bc 0 cands 3 banned 0 regall 0 seat 1
RC WALK 71 id 5 role expand pos 6,13 tgt 6,6 want NORTH
RC POS 71 id 7 seat 2 role expand fs 0 body 1 pos 2,2 stuck 0
V528 PICK r 71 id 7 tgt 2,2 cs 6 bs 6 reg 0 cc 2 bc 2 cands 4 banned 0 regall 0 seat 2
RC WALK 71 id 7 role expand pos 2,2 tgt 2,3 want SOUTH
RC POS 71 id 9 seat 3 role raid fs 1 body 2 pos 14,9 stuck 0
V527 BUNKER HOLD 71 why collar blk gate
RC WALK 71 id 9 role raid pos 14,9 tgt 15,12 want WEST
V527I SEALNT 72 ph 5 fwd 1 hv 3
RC POS 72 id 3 seat 0 role raid fs 1 body 1 pos 13,13 stuck 0
RC WALK 72 id 3 role raid pos 13,13 tgt 14,8 want NORTH
RC POS 72 id 5 seat 1 role expand fs 0 body 1 pos 6,12 stuck 0
RC WALK 72 id 5 role expand pos 6,12 tgt 6,13 want SOUTH
RC POS 72 id 7 seat 2 role expand fs 0 body 1 pos 2,3 stuck 0
V528 PICK r 72 id 7 tgt 2,2 cs 10 bs 10 reg 0 cc 3 bc 3 cands 4 banned 0 regall 0 seat 2
RC WALK 72 id 7 role expand pos 2,3 tgt 2,2 want NORTH
RC POS 72 id 9 seat 3 role raid fs 1 body 2 pos 13,9 stuck 0
V527I SEALNT 73 ph 5 fwd 1 hv 3
RC POS 73 id 3 seat 0 role raid fs 1 body 1 pos 13,12 stuck 0
RC POS 73 id 5 seat 1 role expand fs 0 body 1 pos 6,13 stuck 0
V528 PICK r 73 id 5 tgt 6,6 cs 7 bs 7 reg 0 cc 0 bc 0 cands 3 banned 0 regall 0 seat 1
RC WALK 73 id 5 role expand pos 6,13 tgt 6,6 want NORTH
RC POS 73 id 7 seat 2 role expand fs 0 body 1 pos 2,2 stuck 0
V528 PICK r 73 id 7 tgt 2,2 cs 9 bs 9 reg 0 cc 3 bc 3 cands 4 banned 0 regall 0 seat 2
RC WALK 73 id 7 role expand pos 2,2 tgt 2,3 want SOUTH
RC POS 73 id 9 seat 3 role raid fs 1 body 2 pos 14,9 stuck 0
V527 BUNKER HOLD 73 why collar blk gate
RC WALK 73 id 9 role raid pos 14,9 tgt 15,12 want SOUTH
V527I SEALNT 74 ph 5 fwd 1 hv 3
RC POS 74 id 3 seat 0 role raid fs 1 body 1 pos 13,13 stuck 0
RC WALK 74 id 3 role raid pos 13,13 tgt 14,8 want NORTH
RC POS 74 id 5 seat 1 role expand fs 0 body 1 pos 6,12 stuck 0
RC WALK 74 id 5 role expand pos 6,12 tgt 6,13 want SOUTH
RC POS 74 id 7 seat 2 role expand fs 0 body 1 pos 2,3 stuck 0
V528 PICK r 74 id 7 tgt 2,2 cs 10 bs 10 reg 0 cc 3 bc 3 cands 4 banned 0 regall 0 seat 2
RC WALK 74 id 7 role expand pos 2,3 tgt 2,2 want NORTH
RC POS 74 id 9 seat 3 role raid fs 1 body 2 pos 14,10 stuck 0
V527 BUNKER HOLD 74 why collar blk gate
RC WALK 74 id 9 role raid pos 14,10 tgt 15,12 want WEST
V527I SEALNT 75 ph 5 fwd 1 hv 3
RC POS 75 id 3 seat 0 role raid fs 1 body 1 pos 13,12 stuck 0
RC POS 75 id 5 seat 1 role expand fs 0 body 1 pos 6,13 stuck 0
V528 PICK r 75 id 5 tgt 6,6 cs 7 bs 7 reg 0 cc 0 bc 0 cands 3 banned 0 regall 0 seat 1
RC WALK 75 id 5 role expand pos 6,13 tgt 6,6 want NORTH
RC POS 75 id 7 seat 2 role expand fs 0 body 1 pos 2,2 stuck 0
V528 PICK r 75 id 7 tgt 2,2 cs 9 bs 9 reg 0 cc 3 bc 3 cands 4 banned 0 regall 0 seat 2
RC WALK 75 id 7 role expand pos 2,2 tgt 2,3 want SOUTH
RC POS 75 id 9 seat 3 role raid fs 1 body 2 pos 13,10 stuck 0
V527I SEALNT 76 ph 2 fwd 1 hv 3
RC POS 76 id 3 seat 0 role raid fs 1 body 1 pos 13,13 stuck 0
RC WALK 76 id 3 role raid pos 13,13 tgt 14,8 want NORTH
RC POS 76 id 5 seat 1 role expand fs 0 body 1 pos 6,12 stuck 0
RC WALK 76 id 5 role expand pos 6,12 tgt 6,13 want SOUTH
RC POS 76 id 7 seat 2 role expand fs 0 body 1 pos 2,3 stuck 0
V528 PICK r 76 id 7 tgt 2,2 cs 10 bs 10 reg 0 cc 3 bc 3 cands 4 banned 0 regall 0 seat 2
RC WALK 76 id 7 role expand pos 2,3 tgt 2,2 want NORTH
RC POS 76 id 9 seat 3 role raid fs 1 body 2 pos 14,10 stuck 0
V527 BUNKER HOLD 76 why collar blk gate
RC WALK 76 id 9 role raid pos 14,10 tgt 15,12 want WEST
V527I SEALNT 77 ph 2 fwd 1 hv 3
RC POS 77 id 3 seat 0 role raid fs 1 body 1 pos 13,12 stuck 0
RC POS 77 id 5 seat 1 role expand fs 0 body 1 pos 6,13 stuck 0
V528 PICK r 77 id 5 tgt 6,6 cs 7 bs 7 reg 0 cc 0 bc 0 cands 3 banned 0 regall 0 seat 1
RC WALK 77 id 5 role expand pos 6,13 tgt 6,6 want NORTH
RC POS 77 id 7 seat 2 role expand fs 0 body 1 pos 2,2 stuck 0
V528 PICK r 77 id 7 tgt 2,2 cs 9 bs 9 reg 0 cc 3 bc 3 cands 4 banned 0 regall 0 seat 2
RC WALK 77 id 7 role expand pos 2,2 tgt 2,3 want SOUTH
RC POS 77 id 9 seat 3 role raid fs 1 body 2 pos 13,10 stuck 0
V527I SEALNT 78 ph 2 fwd 1 hv 3
RC POS 78 id 3 seat 0 role raid fs 1 body 1 pos 13,13 stuck 0
RC WALK 78 id 3 role raid pos 13,13 tgt 14,8 want NORTH
RC POS 78 id 5 seat 1 role expand fs 0 body 1 pos 6,12 stuck 0
RC WALK 78 id 5 role expand pos 6,12 tgt 6,13 want SOUTH
RC POS 78 id 7 seat 2 role expand fs 0 body 1 pos 2,3 stuck 0
V528 PICK r 78 id 7 tgt 2,2 cs 10 bs 10 reg 0 cc 3 bc 3 cands 4 banned 0 regall 0 seat 2
RC WALK 78 id 7 role expand pos 2,3 tgt 2,2 want NORTH
RC POS 78 id 9 seat 3 role raid fs 1 body 2 pos 14,10 stuck 0
V527 BUNKER HOLD 78 why collar blk gate
RC WALK 78 id 9 role raid pos 14,10 tgt 15,12 want WEST
V527I SEALNT 79 ph 2 fwd 1 hv 3
RC POS 79 id 3 seat 0 role raid fs 1 body 1 pos 13,12 stuck 0
RC POS 79 id 5 seat 1 role expand fs 0 body 1 pos 6,13 stuck 0
V528 PICK r 79 id 5 tgt 6,6 cs 7 bs 7 reg 0 cc 0 bc 0 cands 3 banned 0 regall 0 seat 1
RC WALK 79 id 5 role expand pos 6,13 tgt 6,6 want NORTH
RC POS 79 id 7 seat 2 role expand fs 0 body 1 pos 2,2 stuck 0
V528 PICK r 79 id 7 tgt 2,2 cs 9 bs 9 reg 0 cc 3 bc 3 cands 4 banned 0 regall 0 seat 2
RC WALK 79 id 7 role expand pos 2,2 tgt 2,3 want SOUTH
RC POS 79 id 9 seat 3 role raid fs 1 body 2 pos 13,10 stuck 0
V527I SEALNT 80 ph 2 fwd 1 hv 3
RC POS 80 id 3 seat 0 role raid fs 1 body 1 pos 13,13 stuck 0
RC WALK 80 id 3 role raid pos 13,13 tgt 14,8 want NORTH
RC POS 80 id 5 seat 1 role expand fs 0 body 1 pos 6,12 stuck 0
RC WALK 80 id 5 role expand pos 6,12 tgt 6,13 want SOUTH
RC POS 80 id 7 seat 2 role expand fs 0 body 1 pos 2,3 stuck 0
V528 PICK r 80 id 7 tgt 2,2 cs 10 bs 10 reg 0 cc 3 bc 3 cands 4 banned 0 regall 0 seat 2
RC WALK 80 id 7 role expand pos 2,3 tgt 2,2 want NORTH
RC POS 80 id 9 seat 3 role raid fs 1 body 2 pos 14,10 stuck 0
V527 BUNKER HOLD 80 why collar blk gate
RC WALK 80 id 9 role raid pos 14,10 tgt 15,12 want WEST
V527I SEALNT 81 ph 2 fwd 1 hv 3
RC POS 81 id 3 seat 0 role raid fs 1 body 1 pos 13,12 stuck 0
RC POS 81 id 5 seat 1 role expand fs 0 body 1 pos 6,13 stuck 0
V528 PICK r 81 id 5 tgt 6,6 cs 7 bs 7 reg 0 cc 0 bc 0 cands 3 banned 0 regall 0 seat 1
RC WALK 81 id 5 role expand pos 6,13 tgt 6,6 want NORTH
RC POS 81 id 7 seat 2 role expand fs 0 body 1 pos 2,2 stuck 0
V528 PICK r 81 id 7 tgt 2,2 cs 9 bs 9 reg 0 cc 3 bc 3 cands 4 banned 0 regall 0 seat 2
RC WALK 81 id 7 role expand pos 2,2 tgt 2,3 want SOUTH
RC POS 81 id 9 seat 3 role raid fs 1 body 2 pos 13,10 stuck 0
V527I SEALNT 82 ph 2 fwd 1 hv 3
RC POS 82 id 3 seat 0 role raid fs 1 body 1 pos 13,13 stuck 0
RC WALK 82 id 3 role raid pos 13,13 tgt 14,8 want NORTH
RC POS 82 id 5 seat 1 role expand fs 0 body 1 pos 6,12 stuck 0
RC WALK 82 id 5 role expand pos 6,12 tgt 6,13 want SOUTH
RC POS 82 id 7 seat 2 role expand fs 0 body 1 pos 2,3 stuck 0
V528 PICK r 82 id 7 tgt 2,2 cs 10 bs 10 reg 0 cc 3 bc 3 cands 4 banned 0 regall 0 seat 2
RC WALK 82 id 7 role expand pos 2,3 tgt 2,2 want NORTH
RC POS 82 id 9 seat 3 role raid fs 1 body 2 pos 14,10 stuck 0
V527 BUNKER HOLD 82 why collar blk gate
RC WALK 82 id 9 role raid pos 14,10 tgt 15,12 want WEST
V527I SEALNT 83 ph 2 fwd 1 hv 3
RC POS 83 id 3 seat 0 role raid fs 1 body 1 pos 13,12 stuck 0
RC POS 83 id 5 seat 1 role expand fs 0 body 1 pos 6,13 stuck 0
V528 PICK r 83 id 5 tgt 6,6 cs 7 bs 7 reg 0 cc 0 bc 0 cands 3 banned 0 regall 0 seat 1
RC WALK 83 id 5 role expand pos 6,13 tgt 6,6 want NORTH
RC POS 83 id 7 seat 2 role expand fs 0 body 1 pos 2,2 stuck 0
V528 PICK r 83 id 7 tgt 2,2 cs 9 bs 9 reg 0 cc 3 bc 3 cands 4 banned 0 regall 0 seat 2
RC WALK 83 id 7 role expand pos 2,2 tgt 2,3 want SOUTH
RC POS 83 id 9 seat 3 role raid fs 1 body 2 pos 13,10 stuck 0
V527I SEALNT 84 ph 2 fwd 1 hv 3
RC POS 84 id 3 seat 0 role raid fs 1 body 1 pos 13,13 stuck 0
RC WALK 84 id 3 role raid pos 13,13 tgt 14,8 want NORTH
RC POS 84 id 5 seat 1 role expand fs 0 body 1 pos 6,12 stuck 0
RC WALK 84 id 5 role expand pos 6,12 tgt 6,13 want SOUTH
RC POS 84 id 7 seat 2 role expand fs 0 body 1 pos 2,3 stuck 0
V528 PICK r 84 id 7 tgt 2,2 cs 10 bs 10 reg 0 cc 3 bc 3 cands 4 banned 0 regall 0 seat 2
RC WALK 84 id 7 role expand pos 2,3 tgt 2,2 want NORTH
RC POS 84 id 9 seat 3 role raid fs 1 body 2 pos 14,10 stuck 0
V527 BUNKER HOLD 84 why collar blk gate
RC WALK 84 id 9 role raid pos 14,10 tgt 15,12 want WEST
V527I SEALNT 85 ph 2 fwd 1 hv 3
RC POS 85 id 3 seat 0 role raid fs 1 body 1 pos 13,12 stuck 0
RC POS 85 id 5 seat 1 role expand fs 0 body 1 pos 6,13 stuck 0
V528 PICK r 85 id 5 tgt 6,6 cs 7 bs 7 reg 0 cc 0 bc 0 cands 3 banned 0 regall 0 seat 1
RC WALK 85 id 5 role expand pos 6,13 tgt 6,6 want NORTH
RC POS 85 id 7 seat 2 role expand fs 0 body 1 pos 2,2 stuck 0
V528 PICK r 85 id 7 tgt 2,2 cs 9 bs 9 reg 0 cc 3 bc 3 cands 4 banned 0 regall 0 seat 2
RC WALK 85 id 7 role expand pos 2,2 tgt 2,3 want SOUTH
V527I SEALNT 86 ph 2 fwd 1 hv 3
RC POS 86 id 3 seat 0 role raid fs 1 body 1 pos 13,13 stuck 0
RC WALK 86 id 3 role raid pos 13,13 tgt 14,8 want NORTH
RC POS 86 id 5 seat 1 role expand fs 0 body 1 pos 6,12 stuck 0
RC WALK 86 id 5 role expand pos 6,12 tgt 6,13 want SOUTH
RC POS 86 id 7 seat 2 role expand fs 0 body 1 pos 2,3 stuck 0
V528 PICK r 86 id 7 tgt 2,2 cs 10 bs 10 reg 0 cc 3 bc 3 cands 4 banned 0 regall 0 seat 2
RC WALK 86 id 7 role expand pos 2,3 tgt 2,2 want NORTH
V527I SEALNT 87 ph 2 fwd 1 hv 3
RC POS 87 id 3 seat 0 role raid fs 1 body 1 pos 13,12 stuck 0
RC POS 87 id 5 seat 1 role expand fs 0 body 1 pos 6,13 stuck 0
V528 PICK r 87 id 5 tgt 6,6 cs 7 bs 7 reg 0 cc 0 bc 0 cands 3 banned 0 regall 0 seat 1
RC WALK 87 id 5 role expand pos 6,13 tgt 6,6 want NORTH
RC POS 87 id 7 seat 2 role expand fs 0 body 1 pos 2,2 stuck 0
V528 PICK r 87 id 7 tgt 2,2 cs 9 bs 9 reg 0 cc 3 bc 3 cands 4 banned 0 regall 0 seat 2
RC WALK 87 id 7 role expand pos 2,2 tgt 2,3 want SOUTH
V527I SEALNT 88 ph 2 fwd 1 hv 3
RC POS 88 id 3 seat 0 role raid fs 1 body 1 pos 13,13 stuck 0
RC WALK 88 id 3 role raid pos 13,13 tgt 14,8 want NORTH
RC POS 88 id 5 seat 1 role expand fs 0 body 1 pos 6,12 stuck 0
RC WALK 88 id 5 role expand pos 6,12 tgt 6,13 want SOUTH
RC POS 88 id 7 seat 2 role expand fs 0 body 1 pos 2,3 stuck 0
V528 PICK r 88 id 7 tgt 2,2 cs 10 bs 10 reg 0 cc 3 bc 3 cands 4 banned 0 regall 0 seat 2
RC WALK 88 id 7 role expand pos 2,3 tgt 2,2 want NORTH
V527I SEALNT 89 ph 2 fwd 1 hv 3
RC POS 89 id 5 seat 1 role expand fs 0 body 1 pos 6,13 stuck 0
V528 PICK r 89 id 5 tgt 6,6 cs 7 bs 7 reg 0 cc 0 bc 0 cands 3 banned 0 regall 0 seat 1
RC WALK 89 id 5 role expand pos 6,13 tgt 6,6 want NORTH
RC POS 89 id 7 seat 2 role expand fs 0 body 1 pos 2,2 stuck 0
V528 PICK r 89 id 7 tgt 2,2 cs 9 bs 9 reg 0 cc 3 bc 3 cands 4 banned 0 regall 0 seat 2
RC WALK 89 id 7 role expand pos 2,2 tgt 2,3 want SOUTH
V527I SEALNT 90 ph 2 fwd 1 hv 3
RC POS 90 id 5 seat 1 role expand fs 0 body 1 pos 6,12 stuck 0
RC WALK 90 id 5 role expand pos 6,12 tgt 6,13 want SOUTH
RC POS 90 id 7 seat 2 role expand fs 0 body 1 pos 2,3 stuck 0
V528 PICK r 90 id 7 tgt 2,2 cs 10 bs 10 reg 0 cc 3 bc 3 cands 4 banned 0 regall 0 seat 2
RC WALK 90 id 7 role expand pos 2,3 tgt 2,2 want NORTH
V527I SEALNT 91 ph 2 fwd 1 hv 3
RC POS 91 id 5 seat 1 role expand fs 0 body 1 pos 6,13 stuck 0
V528 PICK r 91 id 5 tgt 6,6 cs 7 bs 7 reg 0 cc 0 bc 0 cands 3 banned 0 regall 0 seat 1
RC WALK 91 id 5 role expand pos 6,13 tgt 6,6 want NORTH
RC POS 91 id 7 seat 2 role expand fs 0 body 1 pos 2,2 stuck 0
V528 PICK r 91 id 7 tgt 2,2 cs 9 bs 9 reg 0 cc 3 bc 3 cands 4 banned 0 regall 0 seat 2
RC WALK 91 id 7 role expand pos 2,2 tgt 2,3 want SOUTH
V527I SEALNT 92 ph 2 fwd 1 hv 3
RC POS 92 id 5 seat 1 role expand fs 0 body 1 pos 6,12 stuck 0
RC WALK 92 id 5 role expand pos 6,12 tgt 6,13 want SOUTH
RC POS 92 id 7 seat 2 role expand fs 0 body 1 pos 2,3 stuck 0
V528 PICK r 92 id 7 tgt 2,2 cs 10 bs 10 reg 0 cc 3 bc 3 cands 4 banned 0 regall 0 seat 2
RC WALK 92 id 7 role expand pos 2,3 tgt 2,2 want NORTH
V527I SEALNT 93 ph 2 fwd 1 hv 3
RC POS 93 id 5 seat 1 role expand fs 0 body 1 pos 6,13 stuck 0
V528 PICK r 93 id 5 tgt 6,6 cs 7 bs 7 reg 0 cc 0 bc 0 cands 3 banned 0 regall 0 seat 1
RC WALK 93 id 5 role expand pos 6,13 tgt 6,6 want NORTH
RC POS 93 id 7 seat 2 role expand fs 0 body 1 pos 2,2 stuck 0
V528 PICK r 93 id 7 tgt 2,2 cs 9 bs 9 reg 0 cc 3 bc 3 cands 4 banned 0 regall 0 seat 2
RC WALK 93 id 7 role expand pos 2,2 tgt 2,3 want SOUTH
V527I SEALNT 94 ph 2 fwd 1 hv 3
RC POS 94 id 5 seat 1 role expand fs 0 body 1 pos 6,12 stuck 0
RC WALK 94 id 5 role expand pos 6,12 tgt 6,13 want SOUTH
RC POS 94 id 7 seat 2 role expand fs 0 body 1 pos 2,3 stuck 0
V528 PICK r 94 id 7 tgt 2,2 cs 10 bs 10 reg 0 cc 3 bc 3 cands 4 banned 0 regall 0 seat 2
RC WALK 94 id 7 role expand pos 2,3 tgt 2,2 want NORTH
V527I SEALNT 95 ph 2 fwd 1 hv 3
RC POS 95 id 5 seat 1 role expand fs 0 body 1 pos 6,13 stuck 0
V528 PICK r 95 id 5 tgt 6,6 cs 7 bs 7 reg 0 cc 0 bc 0 cands 3 banned 0 regall 0 seat 1
RC WALK 95 id 5 role expand pos 6,13 tgt 6,6 want NORTH
RC POS 95 id 7 seat 2 role expand fs 0 body 1 pos 2,2 stuck 0
V528 PICK r 95 id 7 tgt 2,2 cs 9 bs 9 reg 0 cc 3 bc 3 cands 4 banned 0 regall 0 seat 2
RC WALK 95 id 7 role expand pos 2,2 tgt 2,3 want SOUTH
V527I SEALNT 96 ph 2 fwd 1 hv 3
RC POS 96 id 5 seat 1 role expand fs 0 body 1 pos 6,12 stuck 0
RC WALK 96 id 5 role expand pos 6,12 tgt 6,13 want SOUTH
RC POS 96 id 7 seat 2 role expand fs 0 body 1 pos 2,3 stuck 0
V528 PICK r 96 id 7 tgt 2,2 cs 10 bs 10 reg 0 cc 3 bc 3 cands 4 banned 0 regall 0 seat 2
RC WALK 96 id 7 role expand pos 2,3 tgt 2,2 want NORTH
V527I SEALNT 97 ph 2 fwd 1 hv 3
RC POS 97 id 5 seat 1 role expand fs 0 body 1 pos 6,13 stuck 0
V528 PICK r 97 id 5 tgt 6,6 cs 7 bs 7 reg 0 cc 0 bc 0 cands 3 banned 0 regall 0 seat 1
RC WALK 97 id 5 role expand pos 6,13 tgt 6,6 want NORTH
RC POS 97 id 7 seat 2 role expand fs 0 body 1 pos 2,2 stuck 0
V528 PICK r 97 id 7 tgt 2,2 cs 9 bs 9 reg 0 cc 3 bc 3 cands 4 banned 0 regall 0 seat 2
RC WALK 97 id 7 role expand pos 2,2 tgt 2,3 want SOUTH
V527I SEALNT 98 ph 2 fwd 1 hv 3
RC POS 98 id 5 seat 1 role expand fs 0 body 1 pos 6,12 stuck 0
RC WALK 98 id 5 role expand pos 6,12 tgt 6,13 want SOUTH
RC POS 98 id 7 seat 2 role expand fs 0 body 1 pos 2,3 stuck 0
V528 PICK r 98 id 7 tgt 2,2 cs 10 bs 10 reg 0 cc 3 bc 3 cands 4 banned 0 regall 0 seat 2
RC WALK 98 id 7 role expand pos 2,3 tgt 2,2 want NORTH
V527I SEALNT 99 ph 2 fwd 1 hv 3
RC POS 99 id 5 seat 1 role expand fs 0 body 1 pos 6,13 stuck 0
V528 PICK r 99 id 5 tgt 6,6 cs 7 bs 7 reg 0 cc 0 bc 0 cands 3 banned 0 regall 0 seat 1
RC WALK 99 id 5 role expand pos 6,13 tgt 6,6 want NORTH
RC POS 99 id 7 seat 2 role expand fs 0 body 1 pos 2,2 stuck 0
V528 PICK r 99 id 7 tgt 2,2 cs 9 bs 9 reg 0 cc 3 bc 3 cands 4 banned 0 regall 0 seat 2
RC WALK 99 id 7 role expand pos 2,2 tgt 2,3 want SOUTH
V527I SEALNT 100 ph 2 fwd 1 hv 3
RC POS 100 id 5 seat 1 role expand fs 0 body 1 pos 6,12 stuck 0
RC WALK 100 id 5 role expand pos 6,12 tgt 6,13 want SOUTH
RC POS 100 id 7 seat 2 role expand fs 0 body 1 pos 2,3 stuck 0
V528 PICK r 100 id 7 tgt 2,2 cs 10 bs 10 reg 0 cc 3 bc 3 cands 4 banned 0 regall 0 seat 2
RC WALK 100 id 7 role expand pos 2,3 tgt 2,2 want NORTH
V527I SEALNT 101 ph 2 fwd 1 hv 3
RC POS 101 id 5 seat 1 role expand fs 0 body 1 pos 6,13 stuck 0
V528 PICK r 101 id 5 tgt 6,6 cs 7 bs 7 reg 0 cc 0 bc 0 cands 3 banned 0 regall 0 seat 1
RC WALK 101 id 5 role expand pos 6,13 tgt 6,6 want NORTH
RC POS 101 id 7 seat 2 role expand fs 0 body 1 pos 2,2 stuck 0
V528 PICK r 101 id 7 tgt 2,2 cs 9 bs 9 reg 0 cc 3 bc 3 cands 4 banned 0 regall 0 seat 2
RC WALK 101 id 7 role expand pos 2,2 tgt 2,3 want SOUTH
V527I SEALNT 102 ph 2 fwd 1 hv 3
RC POS 102 id 5 seat 1 role expand fs 0 body 1 pos 6,12 stuck 0
RC WALK 102 id 5 role expand pos 6,12 tgt 6,13 want SOUTH
RC POS 102 id 7 seat 2 role expand fs 0 body 1 pos 2,3 stuck 0
V528 PICK r 102 id 7 tgt 2,2 cs 10 bs 10 reg 0 cc 3 bc 3 cands 4 banned 0 regall 0 seat 2
RC WALK 102 id 7 role expand pos 2,3 tgt 2,2 want NORTH
RC SEAT 102 id 109 seat 4
RC POS 102 id 109 seat 4 role raid fs 1 body 1 pos 4,11 stuck 0
RC WALK 102 id 109 role raid pos 4,11 tgt 18,11 want SOUTH
V527I SEALNT 103 ph 1 fwd 1 hv 3
RC POS 103 id 5 seat 1 role expand fs 0 body 1 pos 6,13 stuck 0
V528 PICK r 103 id 5 tgt 6,6 cs 7 bs 7 reg 0 cc 0 bc 0 cands 3 banned 0 regall 0 seat 1
RC WALK 103 id 5 role expand pos 6,13 tgt 6,6 want NORTH
RC POS 103 id 7 seat 2 role expand fs 0 body 1 pos 2,2 stuck 0
V528 PICK r 103 id 7 tgt 2,2 cs 9 bs 9 reg 0 cc 3 bc 3 cands 4 banned 0 regall 0 seat 2
RC WALK 103 id 7 role expand pos 2,2 tgt 2,3 want SOUTH
RC POS 103 id 109 seat 4 role raid fs 1 body 1 pos 4,12 stuck 0
RC WALK 103 id 109 role raid pos 4,12 tgt 18,11 want SOUTH
V527I SEALNT 104 ph 1 fwd 1 hv 3
RC POS 104 id 5 seat 1 role expand fs 0 body 1 pos 6,12 stuck 0
RC WALK 104 id 5 role expand pos 6,12 tgt 6,13 want SOUTH
RC POS 104 id 7 seat 2 role expand fs 0 body 1 pos 2,3 stuck 0
V528 PICK r 104 id 7 tgt 2,2 cs 10 bs 10 reg 0 cc 3 bc 3 cands 4 banned 0 regall 0 seat 2
RC WALK 104 id 7 role expand pos 2,3 tgt 2,2 want NORTH
RC POS 104 id 109 seat 4 role raid fs 1 body 1 pos 4,13 stuck 0
RC WALK 104 id 109 role raid pos 4,13 tgt 18,11 want SOUTH
V527I SEALNT 105 ph 1 fwd 1 hv 3
RC POS 105 id 5 seat 1 role expand fs 0 body 1 pos 6,13 stuck 0
V528 PICK r 105 id 5 tgt 6,6 cs 7 bs 7 reg 0 cc 0 bc 0 cands 3 banned 0 regall 0 seat 1
RC WALK 105 id 5 role expand pos 6,13 tgt 6,6 want NORTH
RC POS 105 id 7 seat 2 role expand fs 0 body 1 pos 2,2 stuck 0
V528 PICK r 105 id 7 tgt 2,2 cs 9 bs 9 reg 0 cc 3 bc 3 cands 4 banned 0 regall 0 seat 2
RC WALK 105 id 7 role expand pos 2,2 tgt 2,3 want SOUTH
RC POS 105 id 109 seat 4 role raid fs 1 body 1 pos 4,14 stuck 0
RC WALK 105 id 109 role raid pos 4,14 tgt 18,11 want SOUTH
V527I SEALNT 106 ph 1 fwd 1 hv 3
RC POS 106 id 5 seat 1 role expand fs 0 body 1 pos 6,12 stuck 0
RC WALK 106 id 5 role expand pos 6,12 tgt 6,13 want SOUTH
RC POS 106 id 7 seat 2 role expand fs 0 body 1 pos 2,3 stuck 0
V528 PICK r 106 id 7 tgt 2,2 cs 10 bs 10 reg 0 cc 3 bc 3 cands 4 banned 0 regall 0 seat 2
RC WALK 106 id 7 role expand pos 2,3 tgt 2,2 want NORTH
RC POS 106 id 109 seat 4 role raid fs 1 body 1 pos 4,15 stuck 0
RC WALK 106 id 109 role raid pos 4,15 tgt 18,11 want WEST
V527I SEALNT 107 ph 1 fwd 1 hv 3
RC POS 107 id 5 seat 1 role expand fs 0 body 1 pos 6,13 stuck 0
V528 PICK r 107 id 5 tgt 6,6 cs 7 bs 7 reg 0 cc 0 bc 0 cands 3 banned 0 regall 0 seat 1
RC WALK 107 id 5 role expand pos 6,13 tgt 6,6 want NORTH
RC POS 107 id 7 seat 2 role expand fs 0 body 1 pos 2,2 stuck 0
V528 PICK r 107 id 7 tgt 2,2 cs 9 bs 9 reg 0 cc 3 bc 3 cands 4 banned 0 regall 0 seat 2
RC WALK 107 id 7 role expand pos 2,2 tgt 2,3 want SOUTH
RC POS 107 id 109 seat 4 role raid fs 1 body 1 pos 3,15 stuck 0
RC WALK 107 id 109 role raid pos 3,15 tgt 18,11 want SOUTH
V527I SEALNT 108 ph 1 fwd 1 hv 3
RC POS 108 id 5 seat 1 role expand fs 0 body 1 pos 6,12 stuck 0
RC WALK 108 id 5 role expand pos 6,12 tgt 6,13 want SOUTH
RC POS 108 id 7 seat 2 role expand fs 0 body 1 pos 2,3 stuck 0
V528 PICK r 108 id 7 tgt 2,2 cs 16 bs 16 reg 0 cc 5 bc 5 cands 4 banned 0 regall 0 seat 2
RC WALK 108 id 7 role expand pos 2,3 tgt 2,2 want NORTH
RC POS 108 id 109 seat 4 role raid fs 1 body 1 pos 3,16 stuck 0
RC WALK 108 id 109 role raid pos 3,16 tgt 18,11 want SOUTH
V527I SEALNT 109 ph 1 fwd 1 hv 3
RC POS 109 id 5 seat 1 role expand fs 0 body 1 pos 6,13 stuck 0
V528 PICK r 109 id 5 tgt 6,6 cs 7 bs 7 reg 0 cc 0 bc 0 cands 3 banned 0 regall 0 seat 1
RC WALK 109 id 5 role expand pos 6,13 tgt 6,6 want NORTH
RC POS 109 id 7 seat 2 role expand fs 0 body 1 pos 2,2 stuck 0
V528 PICK r 109 id 7 tgt 2,2 cs 15 bs 15 reg 0 cc 5 bc 5 cands 4 banned 0 regall 0 seat 2
RC WALK 109 id 7 role expand pos 2,2 tgt 2,3 want SOUTH
RC POS 109 id 109 seat 4 role raid fs 1 body 1 pos 3,17 stuck 0
RC WALK 109 id 109 role raid pos 3,17 tgt 18,11 want EAST
V527I SEALNT 110 ph 1 fwd 1 hv 3
RC POS 110 id 5 seat 1 role expand fs 0 body 1 pos 6,12 stuck 0
RC WALK 110 id 5 role expand pos 6,12 tgt 6,13 want SOUTH
RC POS 110 id 7 seat 2 role expand fs 0 body 1 pos 2,3 stuck 0
V528 PICK r 110 id 7 tgt 2,2 cs 16 bs 16 reg 0 cc 5 bc 5 cands 4 banned 0 regall 0 seat 2
RC WALK 110 id 7 role expand pos 2,3 tgt 2,2 want NORTH
RC POS 110 id 109 seat 4 role raid fs 1 body 1 pos 4,17 stuck 0
RC WALK 110 id 109 role raid pos 4,17 tgt 18,11 want EAST
V527I SEALNT 111 ph 1 fwd 1 hv 3
RC POS 111 id 5 seat 1 role expand fs 0 body 1 pos 6,13 stuck 0
V528 PICK r 111 id 5 tgt 6,6 cs 7 bs 7 reg 0 cc 0 bc 0 cands 3 banned 0 regall 0 seat 1
RC WALK 111 id 5 role expand pos 6,13 tgt 6,6 want NORTH
RC POS 111 id 7 seat 2 role expand fs 0 body 1 pos 2,2 stuck 0
V528 PICK r 111 id 7 tgt 2,2 cs 15 bs 15 reg 0 cc 5 bc 5 cands 4 banned 0 regall 0 seat 2
RC WALK 111 id 7 role expand pos 2,2 tgt 2,3 want SOUTH
RC POS 111 id 109 seat 4 role raid fs 1 body 1 pos 5,17 stuck 0
RC WALK 111 id 109 role raid pos 5,17 tgt 18,11 want EAST
V527I SEALNT 112 ph 1 fwd 1 hv 3
RC POS 112 id 5 seat 1 role expand fs 0 body 1 pos 6,12 stuck 0
V528 CONN r 112 id 5 at 6,13 chosen 8 best 0 regret 8 cands 3 role expand seat 1
RC POS 112 id 7 seat 2 role expand fs 0 body 1 pos 2,3 stuck 0
V528 PICK r 112 id 7 tgt 2,2 cs 16 bs 16 reg 0 cc 5 bc 5 cands 4 banned 0 regall 0 seat 2
RC WALK 112 id 7 role expand pos 2,3 tgt 2,2 want NORTH
RC POS 112 id 109 seat 4 role raid fs 1 body 1 pos 6,17 stuck 0
RC WALK 112 id 109 role raid pos 6,17 tgt 18,11 want EAST
V527I SEALNT 113 ph 1 fwd 1 hv 4
RC POS 113 id 5 seat 1 role expand fs 0 body 1 pos 6,12 stuck 1
RC POS 113 id 7 seat 2 role expand fs 0 body 1 pos 2,2 stuck 0
V528 PICK r 113 id 7 tgt 2,2 cs 15 bs 15 reg 0 cc 5 bc 5 cands 4 banned 0 regall 0 seat 2
RC WALK 113 id 7 role expand pos 2,2 tgt 2,3 want SOUTH
RC POS 113 id 109 seat 4 role raid fs 1 body 1 pos 7,17 stuck 0
RC WALK 113 id 109 role raid pos 7,17 tgt 18,11 want EAST
V527I SEALNT 114 ph 1 fwd 1 hv 4
RC POS 114 id 5 seat 1 role expand fs 0 body 1 pos 6,12 stuck 2
RC POS 114 id 7 seat 2 role expand fs 0 body 1 pos 2,3 stuck 0
V528 PICK r 114 id 7 tgt 2,2 cs 16 bs 16 reg 0 cc 5 bc 5 cands 4 banned 0 regall 0 seat 2
RC WALK 114 id 7 role expand pos 2,3 tgt 2,2 want NORTH
RC POS 114 id 109 seat 4 role raid fs 1 body 1 pos 8,17 stuck 0
RC WALK 114 id 109 role raid pos 8,17 tgt 18,11 want EAST
V527I SEALNT 115 ph 1 fwd 1 hv 4
RC POS 115 id 5 seat 1 role expand fs 0 body 1 pos 5,12 stuck 0
RC POS 115 id 7 seat 2 role expand fs 0 body 1 pos 2,2 stuck 0
V528 PICK r 115 id 7 tgt 2,2 cs 15 bs 15 reg 0 cc 5 bc 5 cands 4 banned 0 regall 0 seat 2
RC WALK 115 id 7 role expand pos 2,2 tgt 2,3 want SOUTH
RC POS 115 id 109 seat 4 role raid fs 1 body 1 pos 9,17 stuck 0
RC WALK 115 id 109 role raid pos 9,17 tgt 18,11 want EAST
V527I SEALNT 116 ph 1 fwd 1 hv 4
RC POS 116 id 5 seat 1 role expand fs 0 body 1 pos 5,12 stuck 1
RC POS 116 id 7 seat 2 role expand fs 0 body 1 pos 2,3 stuck 0
V528 PICK r 116 id 7 tgt 2,2 cs 16 bs 16 reg 0 cc 5 bc 5 cands 4 banned 0 regall 0 seat 2
RC WALK 116 id 7 role expand pos 2,3 tgt 2,2 want NORTH
RC POS 116 id 109 seat 4 role raid fs 1 body 1 pos 10,17 stuck 0
RC WALK 116 id 109 role raid pos 10,17 tgt 18,11 want EAST
V527I SEALNT 117 ph 1 fwd 1 hv 4
RC POS 117 id 5 seat 1 role expand fs 0 body 1 pos 5,12 stuck 2
RC WALK 117 id 5 role expand pos 5,12 tgt 3,12 want WEST
RC POS 117 id 7 seat 2 role expand fs 0 body 1 pos 2,2 stuck 0
V528 PICK r 117 id 7 tgt 2,2 cs 15 bs 15 reg 0 cc 5 bc 5 cands 4 banned 0 regall 0 seat 2
RC WALK 117 id 7 role expand pos 2,2 tgt 2,3 want SOUTH
RC POS 117 id 109 seat 4 role raid fs 1 body 1 pos 11,17 stuck 0
RC WALK 117 id 109 role raid pos 11,17 tgt 18,11 want EAST
V527I SEALNT 118 ph 1 fwd 1 hv 4
RC POS 118 id 5 seat 1 role expand fs 0 body 1 pos 4,12 stuck 0
RC POS 118 id 7 seat 2 role expand fs 0 body 1 pos 2,3 stuck 0
V528 PICK r 118 id 7 tgt 2,2 cs 16 bs 16 reg 0 cc 5 bc 5 cands 4 banned 0 regall 0 seat 2
RC WALK 118 id 7 role expand pos 2,3 tgt 2,2 want NORTH
RC POS 118 id 109 seat 4 role raid fs 1 body 1 pos 12,17 stuck 0
RC WALK 118 id 109 role raid pos 12,17 tgt 18,11 want EAST
V527I SEALNT 119 ph 1 fwd 1 hv 4
RC POS 119 id 5 seat 1 role expand fs 0 body 1 pos 4,12 stuck 1
RC WALK 119 id 5 role expand pos 4,12 tgt 2,12 want WEST
RC POS 119 id 7 seat 2 role expand fs 0 body 1 pos 2,2 stuck 0
V528 PICK r 119 id 7 tgt 2,2 cs 15 bs 15 reg 0 cc 5 bc 5 cands 4 banned 0 regall 0 seat 2
RC WALK 119 id 7 role expand pos 2,2 tgt 2,3 want SOUTH
RC POS 119 id 109 seat 4 role raid fs 1 body 1 pos 13,17 stuck 0
RC WALK 119 id 109 role raid pos 13,17 tgt 18,11 want EAST
V527I SEALNT 120 ph 1 fwd 1 hv 4
RC POS 120 id 5 seat 1 role expand fs 0 body 1 pos 3,12 stuck 0
RC POS 120 id 7 seat 2 role expand fs 0 body 1 pos 2,3 stuck 0
V528 PICK r 120 id 7 tgt 2,2 cs 16 bs 16 reg 0 cc 5 bc 5 cands 4 banned 0 regall 0 seat 2
RC WALK 120 id 7 role expand pos 2,3 tgt 2,2 want NORTH
RC POS 120 id 109 seat 4 role raid fs 1 body 1 pos 14,17 stuck 0
RC WALK 120 id 109 role raid pos 14,17 tgt 18,11 want EAST
V527I SEALNT 121 ph 1 fwd 1 hv 4
RC POS 121 id 5 seat 1 role expand fs 0 body 1 pos 3,12 stuck 1
RC POS 121 id 7 seat 2 role expand fs 0 body 1 pos 2,2 stuck 0
V528 PICK r 121 id 7 tgt 2,2 cs 15 bs 15 reg 0 cc 5 bc 5 cands 4 banned 0 regall 0 seat 2
RC WALK 121 id 7 role expand pos 2,2 tgt 2,3 want SOUTH
RC POS 121 id 109 seat 4 role raid fs 1 body 1 pos 15,17 stuck 0
RC WALK 121 id 109 role raid pos 15,17 tgt 18,11 want NORTH
V527I SEALNT 122 ph 1 fwd 1 hv 4
RC POS 122 id 5 seat 1 role expand fs 0 body 1 pos 3,12 stuck 2
RC POS 122 id 7 seat 2 role expand fs 0 body 1 pos 2,3 stuck 0
V528 PICK r 122 id 7 tgt 2,2 cs 16 bs 16 reg 0 cc 5 bc 5 cands 4 banned 0 regall 0 seat 2
RC WALK 122 id 7 role expand pos 2,3 tgt 2,2 want NORTH
RC POS 122 id 109 seat 4 role raid fs 1 body 1 pos 15,16 stuck 0
RC WALK 122 id 109 role raid pos 15,16 tgt 18,11 want NORTH
V527I SEALNT 123 ph 1 fwd 1 hv 4
RC POS 123 id 5 seat 1 role expand fs 0 body 1 pos 3,12 stuck 3
RC POS 123 id 7 seat 2 role expand fs 0 body 1 pos 2,2 stuck 0
V528 PICK r 123 id 7 tgt 2,2 cs 15 bs 15 reg 0 cc 5 bc 5 cands 4 banned 0 regall 0 seat 2
RC WALK 123 id 7 role expand pos 2,2 tgt 2,3 want SOUTH
RC POS 123 id 109 seat 4 role raid fs 1 body 1 pos 15,15 stuck 0
RC WALK 123 id 109 role raid pos 15,15 tgt 18,11 want NORTH
V527I SEALNT 124 ph 1 fwd 1 hv 4
RC POS 124 id 5 seat 1 role expand fs 0 body 1 pos 3,12 stuck 4
RC POS 124 id 7 seat 2 role expand fs 0 body 1 pos 2,3 stuck 0
V528 PICK r 124 id 7 tgt 2,2 cs 16 bs 16 reg 0 cc 5 bc 5 cands 4 banned 0 regall 0 seat 2
RC WALK 124 id 7 role expand pos 2,3 tgt 2,2 want NORTH
RC POS 124 id 109 seat 4 role raid fs 1 body 1 pos 15,14 stuck 0
RC WALK 124 id 109 role raid pos 15,14 tgt 18,11 want EAST
V527I SEALNT 125 ph 1 fwd 1 hv 4
RC POS 125 id 5 seat 1 role expand fs 0 body 1 pos 3,12 stuck 5
RC POS 125 id 7 seat 2 role expand fs 0 body 1 pos 2,2 stuck 0
V528 PICK r 125 id 7 tgt 2,2 cs 15 bs 15 reg 0 cc 5 bc 5 cands 4 banned 0 regall 0 seat 2
RC WALK 125 id 7 role expand pos 2,2 tgt 2,3 want SOUTH
RC POS 125 id 109 seat 4 role raid fs 1 body 1 pos 16,14 stuck 0
RC WALK 125 id 109 role raid pos 16,14 tgt 18,11 want NORTH
V527I SEALNT 126 ph 1 fwd 1 hv 4
RC POS 126 id 5 seat 1 role expand fs 0 body 1 pos 3,12 stuck 6
RC POS 126 id 7 seat 2 role expand fs 0 body 1 pos 2,3 stuck 0
V528 PICK r 126 id 7 tgt 2,2 cs 16 bs 16 reg 0 cc 5 bc 5 cands 4 banned 0 regall 0 seat 2
RC WALK 126 id 7 role expand pos 2,3 tgt 2,2 want NORTH
RC POS 126 id 109 seat 4 role raid fs 1 body 1 pos 16,13 stuck 0
RC WALK 126 id 109 role raid pos 16,13 tgt 18,11 want EAST
V527I SEALNT 127 ph 1 fwd 1 hv 4
RC POS 127 id 5 seat 1 role expand fs 0 body 1 pos 3,12 stuck 7
RC POS 127 id 7 seat 2 role expand fs 0 body 1 pos 2,2 stuck 0
V528 PICK r 127 id 7 tgt 2,2 cs 15 bs 15 reg 0 cc 5 bc 5 cands 4 banned 0 regall 0 seat 2
RC WALK 127 id 7 role expand pos 2,2 tgt 2,3 want SOUTH
RC POS 127 id 109 seat 4 role raid fs 1 body 1 pos 17,13 stuck 0
RC WALK 127 id 109 role raid pos 17,13 tgt 18,11 want EAST
V527I SEALNT 128 ph 1 fwd 1 hv 4
RC POS 128 id 5 seat 1 role expand fs 0 body 1 pos 3,12 stuck 8
RC POS 128 id 7 seat 2 role expand fs 0 body 1 pos 2,3 stuck 0
V528 PICK r 128 id 7 tgt 2,2 cs 16 bs 16 reg 0 cc 5 bc 5 cands 4 banned 0 regall 0 seat 2
RC WALK 128 id 7 role expand pos 2,3 tgt 2,2 want NORTH
RC POS 128 id 109 seat 4 role raid fs 1 body 1 pos 18,13 stuck 0
RC WALK 128 id 109 role raid pos 18,13 tgt 18,11 want EAST
V527I SEALNT 129 ph 1 fwd 1 hv 4
RC POS 129 id 5 seat 1 role expand fs 0 body 1 pos 3,12 stuck 9
RC WALK 129 id 5 role expand pos 3,12 tgt 1,12 want WEST
RC POS 129 id 7 seat 2 role expand fs 0 body 1 pos 2,2 stuck 0
V528 PICK r 129 id 7 tgt 2,2 cs 15 bs 15 reg 0 cc 5 bc 5 cands 4 banned 0 regall 0 seat 2
RC WALK 129 id 7 role expand pos 2,2 tgt 2,3 want SOUTH
RC POS 129 id 109 seat 4 role raid fs 1 body 1 pos 19,13 stuck 0
RC WALK 129 id 109 role raid pos 19,13 tgt 18,11 want WEST
V527I SEALNT 130 ph 1 fwd 1 hv 4
RC POS 130 id 5 seat 1 role expand fs 0 body 1 pos 2,12 stuck 0
RC WALK 130 id 5 role expand pos 2,12 tgt 1,11 want SOUTH
RC POS 130 id 7 seat 2 role expand fs 0 body 1 pos 2,3 stuck 0
V528 PICK r 130 id 7 tgt 2,2 cs 16 bs 16 reg 0 cc 5 bc 5 cands 4 banned 0 regall 0 seat 2
RC WALK 130 id 7 role expand pos 2,3 tgt 2,2 want NORTH
RC POS 130 id 109 seat 4 role raid fs 1 body 1 pos 18,13 stuck 0
RC WALK 130 id 109 role raid pos 18,13 tgt 18,11 want EAST
V527I SEALNT 131 ph 1 fwd 1 hv 4
RC POS 131 id 5 seat 1 role expand fs 0 body 1 pos 2,13 stuck 0
RC WALK 131 id 5 role expand pos 2,13 tgt 1,11 want WEST
RC POS 131 id 7 seat 2 role expand fs 0 body 1 pos 2,2 stuck 0
V528 PICK r 131 id 7 tgt 2,2 cs 15 bs 15 reg 0 cc 5 bc 5 cands 4 banned 0 regall 0 seat 2
RC WALK 131 id 7 role expand pos 2,2 tgt 2,3 want SOUTH
RC POS 131 id 109 seat 4 role raid fs 1 body 1 pos 19,13 stuck 0
RC WALK 131 id 109 role raid pos 19,13 tgt 18,11 want WEST
V527I SEALNT 132 ph 1 fwd 1 hv 4
RC POS 132 id 5 seat 1 role expand fs 0 body 1 pos 1,13 stuck 0
RC WALK 132 id 5 role expand pos 1,13 tgt 1,11 want WEST
RC POS 132 id 7 seat 2 role expand fs 0 body 1 pos 2,3 stuck 0
V528 PICK r 132 id 7 tgt 2,2 cs 16 bs 16 reg 0 cc 5 bc 5 cands 4 banned 0 regall 0 seat 2
RC WALK 132 id 7 role expand pos 2,3 tgt 2,2 want NORTH
RC POS 132 id 109 seat 4 role raid fs 1 body 1 pos 18,13 stuck 0
RC WALK 132 id 109 role raid pos 18,13 tgt 18,11 want EAST
V527I SEALNT 133 ph 1 fwd 1 hv 4
RC POS 133 id 5 seat 1 role expand fs 0 body 1 pos 0,13 stuck 0
RC WALK 133 id 5 role expand pos 0,13 tgt 1,11 want NORTH
RC POS 133 id 7 seat 2 role expand fs 0 body 1 pos 2,2 stuck 0
V528 PICK r 133 id 7 tgt 2,2 cs 15 bs 15 reg 0 cc 5 bc 5 cands 4 banned 0 regall 0 seat 2
RC WALK 133 id 7 role expand pos 2,2 tgt 2,3 want SOUTH
RC POS 133 id 109 seat 4 role raid fs 1 body 1 pos 19,13 stuck 0
RC WALK 133 id 109 role raid pos 19,13 tgt 18,11 want WEST
V527I SEALNT 134 ph 1 fwd 1 hv 4
RC POS 134 id 5 seat 1 role expand fs 0 body 1 pos 0,12 stuck 0
RC WALK 134 id 5 role expand pos 0,12 tgt 1,11 want NORTH
RC POS 134 id 7 seat 2 role expand fs 0 body 1 pos 2,3 stuck 0
V528 PICK r 134 id 7 tgt 2,2 cs 16 bs 16 reg 0 cc 5 bc 5 cands 4 banned 0 regall 0 seat 2
RC WALK 134 id 7 role expand pos 2,3 tgt 2,2 want NORTH
RC POS 134 id 109 seat 4 role raid fs 1 body 1 pos 18,13 stuck 0
RC WALK 134 id 109 role raid pos 18,13 tgt 18,11 want EAST
V527I SEALNT 135 ph 1 fwd 1 hv 4
RC POS 135 id 5 seat 1 role expand fs 0 body 1 pos 0,11 stuck 0
RC POS 135 id 7 seat 2 role expand fs 0 body 1 pos 2,2 stuck 0
V528 PICK r 135 id 7 tgt 2,2 cs 15 bs 15 reg 0 cc 5 bc 5 cands 4 banned 0 regall 0 seat 2
RC WALK 135 id 7 role expand pos 2,2 tgt 2,3 want SOUTH
RC POS 135 id 109 seat 4 role raid fs 1 body 1 pos 19,13 stuck 0
RC WALK 135 id 109 role raid pos 19,13 tgt 18,11 want NORTH
V527I SEALNT 136 ph 1 fwd 1 hv 4
RC POS 136 id 5 seat 1 role expand fs 0 body 1 pos 0,11 stuck 1
RC WALK 136 id 5 role expand pos 0,11 tgt 1,10 want NORTH
RC POS 136 id 7 seat 2 role expand fs 0 body 1 pos 2,3 stuck 0
V528 PICK r 136 id 7 tgt 2,2 cs 16 bs 16 reg 0 cc 5 bc 5 cands 4 banned 0 regall 0 seat 2
RC WALK 136 id 7 role expand pos 2,3 tgt 2,2 want NORTH
RC POS 136 id 109 seat 4 role raid fs 1 body 1 pos 19,12 stuck 0
RC WALK 136 id 109 role raid pos 19,12 tgt 16,8 want NORTH
V527I SEALNT 137 ph 2 fwd 1 hv 4
RC POS 137 id 5 seat 1 role expand fs 0 body 1 pos 0,10 stuck 0
RC WALK 137 id 5 role expand pos 0,10 tgt 1,10 want CENTRE
RC POS 137 id 7 seat 2 role expand fs 0 body 1 pos 2,2 stuck 0
V528 PICK r 137 id 7 tgt 2,2 cs 15 bs 15 reg 0 cc 5 bc 5 cands 4 banned 0 regall 0 seat 2
RC WALK 137 id 7 role expand pos 2,2 tgt 2,3 want SOUTH
RC POS 137 id 109 seat 4 role raid fs 1 body 1 pos 19,11 stuck 0
V527 BUNKER HOLD 137 why collar blk gate
RC WALK 137 id 109 role raid pos 19,11 tgt 19,8 want NORTH
V527I SEALNT 138 ph 3 fwd 1 hv 4
RC POS 138 id 5 seat 1 role expand fs 0 body 1 pos 0,10 stuck 1
RC WALK 138 id 5 role expand pos 0,10 tgt 1,10 want CENTRE
RC POS 138 id 7 seat 2 role expand fs 0 body 1 pos 2,3 stuck 0
V528 PICK r 138 id 7 tgt 2,2 cs 16 bs 16 reg 0 cc 5 bc 5 cands 4 banned 0 regall 0 seat 2
RC WALK 138 id 7 role expand pos 2,3 tgt 2,2 want NORTH
RC POS 138 id 109 seat 4 role raid fs 1 body 1 pos 19,10 stuck 0
V527 BUNKER HOLD 138 why collar blk gate
RC WALK 138 id 109 role raid pos 19,10 tgt 19,8 want NORTH
V527I SEALNT 139 ph 3 fwd 1 hv 4
RC POS 139 id 5 seat 1 role expand fs 0 body 1 pos 0,10 stuck 2
RC WALK 139 id 5 role expand pos 0,10 tgt 1,10 want CENTRE
RC POS 139 id 7 seat 2 role expand fs 0 body 1 pos 2,2 stuck 0
V528 PICK r 139 id 7 tgt 2,2 cs 15 bs 15 reg 0 cc 5 bc 5 cands 4 banned 0 regall 0 seat 2
RC WALK 139 id 7 role expand pos 2,2 tgt 2,3 want SOUTH
RC POS 139 id 109 seat 4 role raid fs 1 body 1 pos 19,9 stuck 0
V527 BUNKER HOLD 139 why collar blk gate
RC WALK 139 id 109 role raid pos 19,9 tgt 19,8 want NORTH
V527I SEALNT 140 ph 3 fwd 1 hv 4
RC POS 140 id 5 seat 1 role expand fs 0 body 1 pos 0,10 stuck 3
RC WALK 140 id 5 role expand pos 0,10 tgt 1,10 want CENTRE
RC POS 140 id 7 seat 2 role expand fs 0 body 1 pos 2,3 stuck 0
V528 PICK r 140 id 7 tgt 2,2 cs 16 bs 16 reg 0 cc 5 bc 5 cands 4 banned 0 regall 0 seat 2
RC WALK 140 id 7 role expand pos 2,3 tgt 2,2 want NORTH
RC POS 140 id 109 seat 4 role raid fs 1 body 1 pos 19,8 stuck 0
V527I SEALNT 141 ph 3 fwd 1 hv 4
RC POS 141 id 5 seat 1 role expand fs 0 body 1 pos 0,10 stuck 4
RC WALK 141 id 5 role expand pos 0,10 tgt 1,10 want CENTRE
RC POS 141 id 7 seat 2 role expand fs 0 body 1 pos 2,2 stuck 0
V528 PICK r 141 id 7 tgt 2,2 cs 15 bs 15 reg 0 cc 5 bc 5 cands 4 banned 0 regall 0 seat 2
RC WALK 141 id 7 role expand pos 2,2 tgt 2,3 want SOUTH
RC POS 141 id 109 seat 4 role raid fs 1 body 1 pos 19,8 stuck 1
V527 BUNKER HOLD 141 why collar blk gate
RC WALK 141 id 109 role raid pos 19,8 tgt 15,12 want SOUTH
V527I SEALNT 142 ph 3 fwd 1 hv 4
RC POS 142 id 5 seat 1 role expand fs 0 body 1 pos 0,10 stuck 5
V528 PICK r 142 id 5 tgt 6,6 cs 1210 bs 1210 reg 0 cc 400 bc 400 cands 4 banned 0 regall 0 seat 1
RC WALK 142 id 5 role expand pos 0,10 tgt 6,6 want NORTH
RC POS 142 id 7 seat 2 role expand fs 0 body 1 pos 2,3 stuck 0
V528 PICK r 142 id 7 tgt 2,2 cs 16 bs 16 reg 0 cc 5 bc 5 cands 4 banned 0 regall 0 seat 2
RC WALK 142 id 7 role expand pos 2,3 tgt 2,2 want NORTH
RC POS 142 id 109 seat 4 role raid fs 1 body 1 pos 19,9 stuck 0
V527 BUNKER HOLD 142 why collar blk gate
RC WALK 142 id 109 role raid pos 19,9 tgt 15,12 want SOUTH
V527I SEALNT 143 ph 3 fwd 1 hv 4
RC POS 143 id 5 seat 1 role expand fs 0 body 1 pos 0,9 stuck 0
RC WALK 143 id 5 role expand pos 0,9 tgt 6,6 want NORTH
RC POS 143 id 7 seat 2 role expand fs 0 body 1 pos 2,2 stuck 0
V528 PICK r 143 id 7 tgt 2,2 cs 15 bs 15 reg 0 cc 5 bc 5 cands 4 banned 0 regall 0 seat 2
RC WALK 143 id 7 role expand pos 2,2 tgt 2,3 want SOUTH
RC POS 143 id 109 seat 4 role raid fs 1 body 1 pos 19,10 stuck 0
V527 BUNKER HOLD 143 why collar blk gate
RC WALK 143 id 109 role raid pos 19,10 tgt 15,12 want SOUTH
V527I SEALNT 144 ph 3 fwd 1 hv 4
RC POS 144 id 5 seat 1 role expand fs 0 body 1 pos 0,8 stuck 0
RC WALK 144 id 5 role expand pos 0,8 tgt 6,6 want EAST
RC POS 144 id 7 seat 2 role expand fs 0 body 1 pos 2,3 stuck 0
V528 PICK r 144 id 7 tgt 2,2 cs 16 bs 16 reg 0 cc 5 bc 5 cands 4 banned 0 regall 0 seat 2
RC WALK 144 id 7 role expand pos 2,3 tgt 2,2 want NORTH
RC POS 144 id 109 seat 4 role raid fs 1 body 1 pos 19,11 stuck 0
V527 BUNKER HOLD 144 why collar blk gate
RC WALK 144 id 109 role raid pos 19,11 tgt 15,12 want SOUTH
V527I SEALNT 145 ph 3 fwd 1 hv 4
RC POS 145 id 5 seat 1 role expand fs 0 body 1 pos 1,8 stuck 0
RC WALK 145 id 5 role expand pos 1,8 tgt 6,6 want NORTH
RC POS 145 id 7 seat 2 role expand fs 0 body 1 pos 2,2 stuck 0
V528 PICK r 145 id 7 tgt 2,2 cs 15 bs 15 reg 0 cc 5 bc 5 cands 4 banned 0 regall 0 seat 2
RC WALK 145 id 7 role expand pos 2,2 tgt 2,3 want SOUTH
RC POS 145 id 109 seat 4 role raid fs 1 body 1 pos 19,12 stuck 0
RC WALK 145 id 109 role raid pos 19,12 tgt 16,8 want NORTH
V527I SEALNT 146 ph 2 fwd 1 hv 4
RC POS 146 id 5 seat 1 role expand fs 0 body 1 pos 1,7 stuck 0
RC WALK 146 id 5 role expand pos 1,7 tgt 6,6 want EAST
RC POS 146 id 7 seat 2 role expand fs 0 body 1 pos 2,3 stuck 0
V528 PICK r 146 id 7 tgt 2,2 cs 16 bs 16 reg 0 cc 5 bc 5 cands 4 banned 0 regall 0 seat 2
RC WALK 146 id 7 role expand pos 2,3 tgt 2,2 want NORTH
RC POS 146 id 109 seat 4 role raid fs 1 body 1 pos 19,11 stuck 0
V527 BUNKER HOLD 146 why collar blk gate
RC WALK 146 id 109 role raid pos 19,11 tgt 15,12 want SOUTH
V527I SEALNT 147 ph 3 fwd 1 hv 4
RC POS 147 id 5 seat 1 role expand fs 0 body 1 pos 2,7 stuck 0
RC WALK 147 id 5 role expand pos 2,7 tgt 6,6 want NORTH
RC POS 147 id 7 seat 2 role expand fs 0 body 1 pos 2,2 stuck 0
V528 PICK r 147 id 7 tgt 2,2 cs 15 bs 15 reg 0 cc 5 bc 5 cands 4 banned 0 regall 0 seat 2
RC WALK 147 id 7 role expand pos 2,2 tgt 2,3 want SOUTH
RC POS 147 id 109 seat 4 role raid fs 1 body 1 pos 19,12 stuck 0
RC WALK 147 id 109 role raid pos 19,12 tgt 16,8 want NORTH
V527I SEALNT 148 ph 2 fwd 1 hv 4
RC POS 148 id 5 seat 1 role expand fs 0 body 1 pos 2,6 stuck 0
RC WALK 148 id 5 role expand pos 2,6 tgt 6,6 want EAST
RC POS 148 id 7 seat 2 role expand fs 0 body 1 pos 2,3 stuck 0
V528 PICK r 148 id 7 tgt 2,2 cs 16 bs 16 reg 0 cc 5 bc 5 cands 4 banned 0 regall 0 seat 2
RC WALK 148 id 7 role expand pos 2,3 tgt 2,2 want NORTH
RC POS 148 id 109 seat 4 role raid fs 1 body 1 pos 19,11 stuck 0
V527 BUNKER HOLD 148 why collar blk gate
RC WALK 148 id 109 role raid pos 19,11 tgt 15,12 want SOUTH
V527I SEALNT 149 ph 3 fwd 1 hv 4
RC POS 149 id 5 seat 1 role expand fs 0 body 1 pos 3,6 stuck 0
RC WALK 149 id 5 role expand pos 3,6 tgt 6,6 want EAST
RC POS 149 id 7 seat 2 role expand fs 0 body 1 pos 2,2 stuck 0
V528 PICK r 149 id 7 tgt 2,2 cs 15 bs 15 reg 0 cc 5 bc 5 cands 4 banned 0 regall 0 seat 2
RC WALK 149 id 7 role expand pos 2,2 tgt 2,3 want SOUTH
RC POS 149 id 109 seat 4 role raid fs 1 body 1 pos 19,12 stuck 0
RC WALK 149 id 109 role raid pos 19,12 tgt 16,8 want NORTH
V527I SEALNT 150 ph 2 fwd 1 hv 4
RC POS 150 id 5 seat 1 role expand fs 0 body 1 pos 4,6 stuck 0
RC WALK 150 id 5 role expand pos 4,6 tgt 6,6 want EAST
RC POS 150 id 7 seat 2 role expand fs 0 body 1 pos 2,3 stuck 0
V528 PICK r 150 id 7 tgt 2,2 cs 16 bs 16 reg 0 cc 5 bc 5 cands 4 banned 0 regall 0 seat 2
RC WALK 150 id 7 role expand pos 2,3 tgt 2,2 want NORTH
RC POS 150 id 109 seat 4 role raid fs 1 body 1 pos 19,11 stuck 0
V527 BUNKER HOLD 150 why collar blk gate
RC WALK 150 id 109 role raid pos 19,11 tgt 15,12 want SOUTH
V527I SEALNT 151 ph 3 fwd 1 hv 4
RC POS 151 id 5 seat 1 role expand fs 0 body 1 pos 5,6 stuck 0
RC WALK 151 id 5 role expand pos 5,6 tgt 6,6 want CENTRE
RC POS 151 id 7 seat 2 role expand fs 0 body 1 pos 2,2 stuck 0
V528 PICK r 151 id 7 tgt 2,2 cs 15 bs 15 reg 0 cc 5 bc 5 cands 4 banned 0 regall 0 seat 2
RC WALK 151 id 7 role expand pos 2,2 tgt 2,3 want SOUTH
RC POS 151 id 109 seat 4 role raid fs 1 body 1 pos 19,12 stuck 0
RC WALK 151 id 109 role raid pos 19,12 tgt 16,8 want NORTH
V527I SEALNT 152 ph 2 fwd 1 hv 4
RC POS 152 id 5 seat 1 role expand fs 0 body 1 pos 5,6 stuck 1
RC WALK 152 id 5 role expand pos 5,6 tgt 6,6 want CENTRE
RC POS 152 id 7 seat 2 role expand fs 0 body 1 pos 2,3 stuck 0
V528 PICK r 152 id 7 tgt 2,2 cs 16 bs 16 reg 0 cc 5 bc 5 cands 4 banned 0 regall 0 seat 2
RC WALK 152 id 7 role expand pos 2,3 tgt 2,2 want NORTH
RC POS 152 id 109 seat 4 role raid fs 1 body 1 pos 19,11 stuck 0
V527 BUNKER HOLD 152 why collar blk gate
RC WALK 152 id 109 role raid pos 19,11 tgt 15,12 want SOUTH
V527I SEALNT 153 ph 3 fwd 1 hv 4
RC POS 153 id 5 seat 1 role expand fs 0 body 1 pos 5,6 stuck 2
RC WALK 153 id 5 role expand pos 5,6 tgt 6,6 want CENTRE
RC POS 153 id 7 seat 2 role expand fs 0 body 1 pos 2,2 stuck 0
V528 PICK r 153 id 7 tgt 2,2 cs 15 bs 15 reg 0 cc 5 bc 5 cands 4 banned 0 regall 0 seat 2
RC WALK 153 id 7 role expand pos 2,2 tgt 2,3 want SOUTH
RC POS 153 id 109 seat 4 role raid fs 1 body 1 pos 19,12 stuck 0
RC WALK 153 id 109 role raid pos 19,12 tgt 16,8 want NORTH
V527I SEALNT 154 ph 2 fwd 1 hv 4
RC POS 154 id 5 seat 1 role expand fs 0 body 1 pos 5,6 stuck 3
RC WALK 154 id 5 role expand pos 5,6 tgt 6,6 want CENTRE
RC POS 154 id 7 seat 2 role expand fs 0 body 1 pos 2,3 stuck 0
V528 PICK r 154 id 7 tgt 2,2 cs 16 bs 16 reg 0 cc 5 bc 5 cands 4 banned 0 regall 0 seat 2
RC WALK 154 id 7 role expand pos 2,3 tgt 2,2 want NORTH
RC POS 154 id 109 seat 4 role raid fs 1 body 1 pos 19,11 stuck 0
V527 BUNKER HOLD 154 why collar blk gate
RC WALK 154 id 109 role raid pos 19,11 tgt 15,12 want SOUTH
V527I SEALNT 155 ph 3 fwd 1 hv 4
RC POS 155 id 5 seat 1 role expand fs 0 body 1 pos 5,6 stuck 4
RC WALK 155 id 5 role expand pos 5,6 tgt 6,6 want CENTRE
RC POS 155 id 7 seat 2 role expand fs 0 body 1 pos 2,2 stuck 0
V528 PICK r 155 id 7 tgt 2,2 cs 15 bs 15 reg 0 cc 5 bc 5 cands 4 banned 0 regall 0 seat 2
RC WALK 155 id 7 role expand pos 2,2 tgt 2,3 want SOUTH
RC POS 155 id 109 seat 4 role raid fs 1 body 1 pos 19,12 stuck 0
RC WALK 155 id 109 role raid pos 19,12 tgt 16,8 want WEST
V527I SEALNT 156 ph 2 fwd 1 hv 4
RC POS 156 id 5 seat 1 role expand fs 0 body 1 pos 5,6 stuck 5
V528 PICK r 156 id 5 tgt 4,16 cs 14 bs 14 reg 0 cc 1 bc 1 cands 3 banned 0 regall 0 seat 1
RC WALK 156 id 5 role expand pos 5,6 tgt 4,16 want SOUTH
RC POS 156 id 7 seat 2 role expand fs 0 body 1 pos 2,3 stuck 0
V528 PICK r 156 id 7 tgt 2,2 cs 16 bs 16 reg 0 cc 5 bc 5 cands 4 banned 0 regall 0 seat 2
RC WALK 156 id 7 role expand pos 2,3 tgt 2,2 want NORTH
RC POS 156 id 109 seat 4 role raid fs 1 body 1 pos 18,12 stuck 0
V527 BUNKER HOLD 156 why collar blk gate
RC WALK 156 id 109 role raid pos 18,12 tgt 15,12 want WEST
V527I SEALNT 157 ph 3 fwd 1 hv 4
RC POS 157 id 5 seat 1 role expand fs 0 body 1 pos 5,7 stuck 0
RC WALK 157 id 5 role expand pos 5,7 tgt 4,16 want SOUTH
RC POS 157 id 7 seat 2 role expand fs 0 body 1 pos 2,2 stuck 0
V528 PICK r 157 id 7 tgt 2,2 cs 15 bs 15 reg 0 cc 5 bc 5 cands 4 banned 0 regall 0 seat 2
RC WALK 157 id 7 role expand pos 2,2 tgt 2,3 want SOUTH
RC POS 157 id 109 seat 4 role raid fs 1 body 1 pos 17,12 stuck 0
V527 BUNKER HOLD 157 why collar blk gate
RC WALK 157 id 109 role raid pos 17,12 tgt 15,12 want WEST
V527I SEALNT 158 ph 3 fwd 1 hv 4
RC POS 158 id 5 seat 1 role expand fs 0 body 1 pos 5,8 stuck 0
RC WALK 158 id 5 role expand pos 5,8 tgt 4,16 want SOUTH
RC POS 158 id 7 seat 2 role expand fs 0 body 1 pos 2,3 stuck 0
V528 PICK r 158 id 7 tgt 2,2 cs 16 bs 16 reg 0 cc 5 bc 5 cands 4 banned 0 regall 0 seat 2
RC WALK 158 id 7 role expand pos 2,3 tgt 2,2 want NORTH
RC POS 158 id 109 seat 4 role raid fs 1 body 1 pos 16,12 stuck 0
V527 BUNKER HOLD 158 why collar blk gate
RC WALK 158 id 109 role raid pos 16,12 tgt 15,12 want WEST
V527I SEALNT 159 ph 3 fwd 1 hv 4
RC POS 159 id 5 seat 1 role expand fs 0 body 1 pos 5,9 stuck 0
RC WALK 159 id 5 role expand pos 5,9 tgt 4,16 want SOUTH
RC POS 159 id 7 seat 2 role expand fs 0 body 1 pos 2,2 stuck 0
V528 PICK r 159 id 7 tgt 2,2 cs 15 bs 15 reg 0 cc 5 bc 5 cands 4 banned 0 regall 0 seat 2
RC WALK 159 id 7 role expand pos 2,2 tgt 2,3 want SOUTH
RC POS 159 id 109 seat 4 role raid fs 1 body 1 pos 15,12 stuck 0
V527 BUNKER HOLD 159 why collar blk gate
V527I SEALNT 160 ph 3 fwd 1 hv 4
RC POS 160 id 5 seat 1 role expand fs 0 body 1 pos 5,10 stuck 0
RC WALK 160 id 5 role expand pos 5,10 tgt 4,16 want SOUTH
RC POS 160 id 7 seat 2 role expand fs 0 body 1 pos 2,3 stuck 0
V528 PICK r 160 id 7 tgt 2,2 cs 16 bs 16 reg 0 cc 5 bc 5 cands 4 banned 0 regall 0 seat 2
RC WALK 160 id 7 role expand pos 2,3 tgt 2,2 want NORTH
RC POS 160 id 109 seat 4 role raid fs 1 body 1 pos 15,12 stuck 1
V527 BUNKER HOLD 160 why collar blk gate
V527I SEALNT 161 ph 3 fwd 1 hv 4
RC POS 161 id 5 seat 1 role expand fs 0 body 1 pos 5,11 stuck 0
RC WALK 161 id 5 role expand pos 5,11 tgt 4,16 want SOUTH
RC POS 161 id 7 seat 2 role expand fs 0 body 1 pos 2,2 stuck 0
V528 PICK r 161 id 7 tgt 2,2 cs 15 bs 15 reg 0 cc 5 bc 5 cands 4 banned 0 regall 0 seat 2
RC WALK 161 id 7 role expand pos 2,2 tgt 2,3 want SOUTH
RC POS 161 id 109 seat 4 role raid fs 1 body 1 pos 15,12 stuck 2
V527 BUNKER HOLD 161 why collar blk gate
V527I SEALNT 162 ph 3 fwd 1 hv 4
RC POS 162 id 5 seat 1 role expand fs 0 body 1 pos 5,12 stuck 0
RC WALK 162 id 5 role expand pos 5,12 tgt 4,15 want SOUTH
RC POS 162 id 7 seat 2 role expand fs 0 body 1 pos 2,3 stuck 0
V528 PICK r 162 id 7 tgt 2,2 cs 16 bs 16 reg 0 cc 5 bc 5 cands 4 banned 0 regall 0 seat 2
RC WALK 162 id 7 role expand pos 2,3 tgt 2,2 want NORTH
RC POS 162 id 109 seat 4 role raid fs 1 body 1 pos 15,12 stuck 3
V527 BUNKER HOLD 162 why collar blk gate
V527I SEALNT 163 ph 3 fwd 1 hv 4
RC POS 163 id 5 seat 1 role expand fs 0 body 1 pos 5,13 stuck 0
RC WALK 163 id 5 role expand pos 5,13 tgt 4,15 want SOUTH
RC POS 163 id 7 seat 2 role expand fs 0 body 1 pos 2,2 stuck 0
V528 PICK r 163 id 7 tgt 2,2 cs 15 bs 15 reg 0 cc 5 bc 5 cands 4 banned 0 regall 0 seat 2
RC WALK 163 id 7 role expand pos 2,2 tgt 2,3 want SOUTH
RC POS 163 id 109 seat 4 role raid fs 1 body 1 pos 15,12 stuck 4
V527 BUNKER HOLD 163 why collar blk gate
V527I SEALNT 164 ph 3 fwd 1 hv 4
RC POS 164 id 5 seat 1 role expand fs 0 body 1 pos 5,14 stuck 0
RC WALK 164 id 5 role expand pos 5,14 tgt 4,15 want WEST
RC POS 164 id 7 seat 2 role expand fs 0 body 1 pos 2,3 stuck 0
V528 PICK r 164 id 7 tgt 2,2 cs 16 bs 16 reg 0 cc 5 bc 5 cands 4 banned 0 regall 0 seat 2
RC WALK 164 id 7 role expand pos 2,3 tgt 2,2 want NORTH
RC POS 164 id 109 seat 4 role raid fs 1 body 1 pos 15,12 stuck 5
V527 BUNKER HOLD 164 why collar blk gate
V527I SEALNT 165 ph 3 fwd 1 hv 4
RC POS 165 id 5 seat 1 role expand fs 0 body 1 pos 4,14 stuck 0
RC WALK 165 id 5 role expand pos 4,14 tgt 4,15 want SOUTH
RC POS 165 id 7 seat 2 role expand fs 0 body 1 pos 2,2 stuck 0
V528 PICK r 165 id 7 tgt 2,2 cs 15 bs 15 reg 0 cc 5 bc 5 cands 4 banned 0 regall 0 seat 2
RC WALK 165 id 7 role expand pos 2,2 tgt 2,3 want SOUTH
RC POS 165 id 109 seat 4 role raid fs 1 body 1 pos 15,12 stuck 6
V527 BUNKER HOLD 165 why collar blk gate
V527I SEALNT 166 ph 3 fwd 1 hv 4
RC POS 166 id 5 seat 1 role expand fs 0 body 1 pos 4,15 stuck 0
V528 PICK r 166 id 5 tgt 15,16 cs 66 bs 66 reg 0 cc 18 bc 18 cands 3 banned 1 regall 34 seat 1
RC WALK 166 id 5 role expand pos 4,15 tgt 15,16 want WEST
RC POS 166 id 7 seat 2 role expand fs 0 body 1 pos 2,3 stuck 0
V528 PICK r 166 id 7 tgt 2,2 cs 16 bs 16 reg 0 cc 5 bc 5 cands 4 banned 0 regall 0 seat 2
RC WALK 166 id 7 role expand pos 2,3 tgt 2,2 want NORTH
RC POS 166 id 109 seat 4 role raid fs 1 body 1 pos 15,12 stuck 7
V527 BUNKER HOLD 166 why collar blk gate
V527I SEALNT 167 ph 3 fwd 1 hv 4
RC POS 167 id 5 seat 1 role expand fs 0 body 1 pos 3,15 stuck 0
RC WALK 167 id 5 role expand pos 3,15 tgt 15,16 want SOUTH
RC POS 167 id 7 seat 2 role expand fs 0 body 1 pos 2,2 stuck 0
V528 PICK r 167 id 7 tgt 2,2 cs 15 bs 15 reg 0 cc 5 bc 5 cands 4 banned 0 regall 0 seat 2
RC WALK 167 id 7 role expand pos 2,2 tgt 2,3 want SOUTH
RC POS 167 id 109 seat 4 role raid fs 1 body 1 pos 15,12 stuck 8
V527 BUNKER HOLD 167 why collar blk gate
RC WALK 167 id 109 role raid pos 15,12 tgt 18,7 want EAST
V527I SEALNT 168 ph 3 fwd 1 hv 4
RC POS 168 id 5 seat 1 role expand fs 0 body 1 pos 3,16 stuck 0
RC WALK 168 id 5 role expand pos 3,16 tgt 15,16 want SOUTH
RC POS 168 id 7 seat 2 role expand fs 0 body 1 pos 2,3 stuck 0
V528 PICK r 168 id 7 tgt 2,2 cs 16 bs 16 reg 0 cc 5 bc 5 cands 4 banned 0 regall 0 seat 2
RC WALK 168 id 7 role expand pos 2,3 tgt 2,2 want NORTH
RC POS 168 id 109 seat 4 role raid fs 1 body 1 pos 16,12 stuck 0
V527 BUNKER HOLD 168 why collar blk gate
RC WALK 168 id 109 role raid pos 16,12 tgt 15,12 want WEST
V527I SEALNT 169 ph 3 fwd 1 hv 4
RC POS 169 id 5 seat 1 role expand fs 0 body 1 pos 3,17 stuck 0
RC WALK 169 id 5 role expand pos 3,17 tgt 15,16 want EAST
RC POS 169 id 7 seat 2 role expand fs 0 body 1 pos 2,2 stuck 0
V528 PICK r 169 id 7 tgt 2,2 cs 15 bs 15 reg 0 cc 5 bc 5 cands 4 banned 0 regall 0 seat 2
RC WALK 169 id 7 role expand pos 2,2 tgt 2,3 want SOUTH
RC POS 169 id 109 seat 4 role raid fs 1 body 1 pos 15,12 stuck 0
V527 BUNKER HOLD 169 why collar blk gate
RC WALK 169 id 109 role raid pos 15,12 tgt 18,7 want EAST
V527I SEALNT 170 ph 3 fwd 1 hv 4
RC POS 170 id 5 seat 1 role expand fs 0 body 1 pos 4,17 stuck 0
RC WALK 170 id 5 role expand pos 4,17 tgt 15,16 want EAST
RC POS 170 id 7 seat 2 role expand fs 0 body 1 pos 2,3 stuck 0
V528 PICK r 170 id 7 tgt 2,2 cs 16 bs 16 reg 0 cc 5 bc 5 cands 4 banned 0 regall 0 seat 2
RC WALK 170 id 7 role expand pos 2,3 tgt 2,2 want NORTH
RC POS 170 id 109 seat 4 role raid fs 1 body 1 pos 16,12 stuck 0
V527 BUNKER HOLD 170 why collar blk gate
RC WALK 170 id 109 role raid pos 16,12 tgt 15,12 want WEST
V527I SEALNT 171 ph 3 fwd 1 hv 4
RC POS 171 id 5 seat 1 role expand fs 0 body 1 pos 5,17 stuck 0
RC WALK 171 id 5 role expand pos 5,17 tgt 15,16 want EAST
RC POS 171 id 7 seat 2 role expand fs 0 body 1 pos 2,2 stuck 0
V528 PICK r 171 id 7 tgt 2,2 cs 15 bs 15 reg 0 cc 5 bc 5 cands 4 banned 0 regall 0 seat 2
RC WALK 171 id 7 role expand pos 2,2 tgt 2,3 want SOUTH
V527I SEALNT 172 ph 3 fwd 1 hv 4
RC POS 172 id 5 seat 1 role expand fs 0 body 1 pos 6,17 stuck 0
RC WALK 172 id 5 role expand pos 6,17 tgt 15,16 want EAST
RC POS 172 id 7 seat 2 role expand fs 0 body 1 pos 2,3 stuck 0
V528 PICK r 172 id 7 tgt 2,2 cs 16 bs 16 reg 0 cc 5 bc 5 cands 4 banned 0 regall 0 seat 2
RC WALK 172 id 7 role expand pos 2,3 tgt 2,2 want NORTH
V527I SEALNT 173 ph 3 fwd 1 hv 4
RC POS 173 id 5 seat 1 role expand fs 0 body 1 pos 7,17 stuck 0
RC WALK 173 id 5 role expand pos 7,17 tgt 15,16 want EAST
RC POS 173 id 7 seat 2 role expand fs 0 body 1 pos 2,2 stuck 0
V528 PICK r 173 id 7 tgt 2,2 cs 15 bs 15 reg 0 cc 5 bc 5 cands 4 banned 0 regall 0 seat 2
RC WALK 173 id 7 role expand pos 2,2 tgt 2,3 want SOUTH
V527I SEALNT 174 ph 3 fwd 1 hv 4
RC POS 174 id 5 seat 1 role expand fs 0 body 1 pos 8,17 stuck 0
RC WALK 174 id 5 role expand pos 8,17 tgt 9,17 want EAST
RC POS 174 id 7 seat 2 role expand fs 0 body 1 pos 2,3 stuck 0
V528 PICK r 174 id 7 tgt 2,2 cs 16 bs 16 reg 0 cc 5 bc 5 cands 4 banned 0 regall 0 seat 2
RC WALK 174 id 7 role expand pos 2,3 tgt 2,2 want NORTH
V527I SEALNT 175 ph 3 fwd 1 hv 4
RC POS 175 id 5 seat 1 role expand fs 0 body 1 pos 9,17 stuck 0
V528 PICK r 175 id 5 tgt 4,16 cs 9 bs 9 reg 0 cc 1 bc 1 cands 4 banned 1 regall 0 seat 1
RC WALK 175 id 5 role expand pos 9,17 tgt 10,16 want EAST
RC POS 175 id 7 seat 2 role expand fs 0 body 1 pos 2,2 stuck 0
V528 PICK r 175 id 7 tgt 2,2 cs 15 bs 15 reg 0 cc 5 bc 5 cands 4 banned 0 regall 0 seat 2
RC WALK 175 id 7 role expand pos 2,2 tgt 2,3 want SOUTH
V527I SEALNT 176 ph 3 fwd 1 hv 4
RC POS 176 id 5 seat 1 role expand fs 0 body 1 pos 10,17 stuck 0
RC WALK 176 id 5 role expand pos 10,17 tgt 8,17 want WEST
RC POS 176 id 7 seat 2 role expand fs 0 body 1 pos 2,3 stuck 0
V528 PICK r 176 id 7 tgt 2,2 cs 16 bs 16 reg 0 cc 5 bc 5 cands 4 banned 0 regall 0 seat 2
RC WALK 176 id 7 role expand pos 2,3 tgt 2,2 want NORTH
V527I SEALNT 177 ph 3 fwd 1 hv 4
RC POS 177 id 5 seat 1 role expand fs 0 body 1 pos 9,17 stuck 0
RC WALK 177 id 5 role expand pos 9,17 tgt 10,16 want EAST
RC POS 177 id 7 seat 2 role expand fs 0 body 1 pos 2,2 stuck 0
V528 PICK r 177 id 7 tgt 2,2 cs 15 bs 15 reg 0 cc 5 bc 5 cands 4 banned 0 regall 0 seat 2
RC WALK 177 id 7 role expand pos 2,2 tgt 2,3 want SOUTH
V527I SEALNT 178 ph 3 fwd 1 hv 4
RC POS 178 id 5 seat 1 role expand fs 0 body 1 pos 10,17 stuck 0
RC WALK 178 id 5 role expand pos 10,17 tgt 8,17 want WEST
RC POS 178 id 7 seat 2 role expand fs 0 body 1 pos 2,3 stuck 0
V528 PICK r 178 id 7 tgt 2,2 cs 16 bs 16 reg 0 cc 5 bc 5 cands 4 banned 0 regall 0 seat 2
RC WALK 178 id 7 role expand pos 2,3 tgt 2,2 want NORTH
V527I SEALNT 179 ph 3 fwd 1 hv 4
RC POS 179 id 5 seat 1 role expand fs 0 body 1 pos 9,17 stuck 0
RC WALK 179 id 5 role expand pos 9,17 tgt 10,16 want EAST
RC POS 179 id 7 seat 2 role expand fs 0 body 1 pos 2,2 stuck 0
V528 PICK r 179 id 7 tgt 2,2 cs 15 bs 15 reg 0 cc 5 bc 5 cands 4 banned 0 regall 0 seat 2
RC WALK 179 id 7 role expand pos 2,2 tgt 2,3 want SOUTH
V527I SEALNT 180 ph 3 fwd 1 hv 4
RC POS 180 id 5 seat 1 role expand fs 0 body 1 pos 10,17 stuck 0
RC WALK 180 id 5 role expand pos 10,17 tgt 8,17 want WEST
RC POS 180 id 7 seat 2 role expand fs 0 body 1 pos 2,3 stuck 0
V528 PICK r 180 id 7 tgt 2,2 cs 16 bs 16 reg 0 cc 5 bc 5 cands 4 banned 0 regall 0 seat 2
RC WALK 180 id 7 role expand pos 2,3 tgt 2,2 want NORTH
V527I SEALNT 181 ph 3 fwd 1 hv 4
RC POS 181 id 5 seat 1 role expand fs 0 body 1 pos 9,17 stuck 0
RC WALK 181 id 5 role expand pos 9,17 tgt 10,16 want EAST
RC POS 181 id 7 seat 2 role expand fs 0 body 1 pos 2,2 stuck 0
V528 PICK r 181 id 7 tgt 2,2 cs 15 bs 15 reg 0 cc 5 bc 5 cands 4 banned 0 regall 0 seat 2
RC WALK 181 id 7 role expand pos 2,2 tgt 2,3 want SOUTH
V527I SEALNT 182 ph 3 fwd 1 hv 4
RC POS 182 id 5 seat 1 role expand fs 0 body 1 pos 10,17 stuck 0
RC WALK 182 id 5 role expand pos 10,17 tgt 8,17 want WEST
RC POS 182 id 7 seat 2 role expand fs 0 body 1 pos 2,3 stuck 0
V528 PICK r 182 id 7 tgt 2,2 cs 16 bs 16 reg 0 cc 5 bc 5 cands 4 banned 0 regall 0 seat 2
RC WALK 182 id 7 role expand pos 2,3 tgt 2,2 want NORTH
V527I SEALNT 183 ph 3 fwd 1 hv 4
RC POS 183 id 5 seat 1 role expand fs 0 body 1 pos 9,17 stuck 0
V528 CONN r 183 id 5 at 10,17 chosen 12 best 1 regret 11 cands 4 role expand seat 1
RC WALK 183 id 5 role expand pos 9,17 tgt 10,16 want NORTH
RC POS 183 id 7 seat 2 role expand fs 0 body 1 pos 2,2 stuck 0
V528 PICK r 183 id 7 tgt 2,2 cs 15 bs 15 reg 0 cc 5 bc 5 cands 4 banned 0 regall 0 seat 2
RC WALK 183 id 7 role expand pos 2,2 tgt 2,3 want SOUTH
V527I SEALNT 184 ph 3 fwd 1 hv 5
RC POS 184 id 5 seat 1 role expand fs 0 body 1 pos 9,17 stuck 2
RC WALK 184 id 5 role expand pos 9,17 tgt 10,16 want NORTH
RC POS 184 id 7 seat 2 role expand fs 0 body 1 pos 2,3 stuck 0
V528 PICK r 184 id 7 tgt 2,2 cs 16 bs 16 reg 0 cc 5 bc 5 cands 4 banned 0 regall 0 seat 2
RC WALK 184 id 7 role expand pos 2,3 tgt 2,2 want NORTH
V527I SEALNT 185 ph 3 fwd 1 hv 5
RC POS 185 id 5 seat 1 role expand fs 0 body 1 pos 9,16 stuck 0
RC POS 185 id 7 seat 2 role expand fs 0 body 1 pos 2,2 stuck 0
V528 PICK r 185 id 7 tgt 2,2 cs 15 bs 15 reg 0 cc 5 bc 5 cands 4 banned 0 regall 0 seat 2
RC WALK 185 id 7 role expand pos 2,2 tgt 2,3 want SOUTH
V527I SEALNT 186 ph 3 fwd 1 hv 5
RC POS 186 id 5 seat 1 role expand fs 0 body 1 pos 9,16 stuck 1
RC POS 186 id 7 seat 2 role expand fs 0 body 1 pos 2,3 stuck 0
V528 PICK r 186 id 7 tgt 2,2 cs 16 bs 16 reg 0 cc 5 bc 5 cands 4 banned 0 regall 0 seat 2
RC WALK 186 id 7 role expand pos 2,3 tgt 2,2 want NORTH
V527I SEALNT 187 ph 3 fwd 1 hv 5
RC POS 187 id 5 seat 1 role expand fs 0 body 1 pos 8,16 stuck 0
RC POS 187 id 7 seat 2 role expand fs 0 body 1 pos 2,2 stuck 0
V528 PICK r 187 id 7 tgt 2,2 cs 15 bs 15 reg 0 cc 5 bc 5 cands 4 banned 0 regall 0 seat 2
RC WALK 187 id 7 role expand pos 2,2 tgt 2,3 want SOUTH
V527I SEALNT 188 ph 3 fwd 1 hv 5
RC POS 188 id 5 seat 1 role expand fs 0 body 1 pos 8,16 stuck 1
RC POS 188 id 7 seat 2 role expand fs 0 body 1 pos 2,3 stuck 0
V528 PICK r 188 id 7 tgt 2,2 cs 16 bs 16 reg 0 cc 5 bc 5 cands 4 banned 0 regall 0 seat 2
RC WALK 188 id 7 role expand pos 2,3 tgt 2,2 want NORTH
V527I SEALNT 189 ph 3 fwd 1 hv 5
RC POS 189 id 5 seat 1 role expand fs 0 body 1 pos 7,16 stuck 0
RC POS 189 id 7 seat 2 role expand fs 0 body 1 pos 2,2 stuck 0
V528 PICK r 189 id 7 tgt 2,2 cs 15 bs 15 reg 0 cc 5 bc 5 cands 4 banned 0 regall 0 seat 2
RC WALK 189 id 7 role expand pos 2,2 tgt 2,3 want SOUTH
V527I SEALNT 190 ph 3 fwd 1 hv 5
RC POS 190 id 5 seat 1 role expand fs 0 body 1 pos 7,16 stuck 1
RC POS 190 id 7 seat 2 role expand fs 0 body 1 pos 2,3 stuck 0
V528 PICK r 190 id 7 tgt 2,2 cs 16 bs 16 reg 0 cc 5 bc 5 cands 4 banned 0 regall 0 seat 2
RC WALK 190 id 7 role expand pos 2,3 tgt 2,2 want NORTH
V527I SEALNT 191 ph 3 fwd 1 hv 5
RC POS 191 id 5 seat 1 role expand fs 0 body 1 pos 6,16 stuck 0
RC POS 191 id 7 seat 2 role expand fs 0 body 1 pos 2,2 stuck 0
V528 PICK r 191 id 7 tgt 2,2 cs 15 bs 15 reg 0 cc 5 bc 5 cands 4 banned 0 regall 0 seat 2
RC WALK 191 id 7 role expand pos 2,2 tgt 2,3 want SOUTH
V527I SEALNT 192 ph 3 fwd 1 hv 5
RC POS 192 id 5 seat 1 role expand fs 0 body 1 pos 6,16 stuck 1
RC POS 192 id 7 seat 2 role expand fs 0 body 1 pos 2,3 stuck 0
V528 PICK r 192 id 7 tgt 2,2 cs 16 bs 16 reg 0 cc 5 bc 5 cands 4 banned 0 regall 0 seat 2
RC WALK 192 id 7 role expand pos 2,3 tgt 2,2 want NORTH
V527I SEALNT 193 ph 3 fwd 1 hv 5
RC POS 193 id 5 seat 1 role expand fs 0 body 1 pos 6,17 stuck 0
RC POS 193 id 7 seat 2 role expand fs 0 body 1 pos 2,2 stuck 0
V528 PICK r 193 id 7 tgt 2,2 cs 15 bs 15 reg 0 cc 5 bc 5 cands 4 banned 0 regall 0 seat 2
RC WALK 193 id 7 role expand pos 2,2 tgt 2,3 want SOUTH
V527I SEALNT 194 ph 3 fwd 1 hv 5
RC POS 194 id 5 seat 1 role expand fs 0 body 1 pos 6,17 stuck 1
RC POS 194 id 7 seat 2 role expand fs 0 body 1 pos 2,3 stuck 0
V528 PICK r 194 id 7 tgt 2,2 cs 16 bs 16 reg 0 cc 5 bc 5 cands 4 banned 0 regall 0 seat 2
RC WALK 194 id 7 role expand pos 2,3 tgt 2,2 want NORTH
V527I SEALNT 195 ph 3 fwd 1 hv 5
RC POS 195 id 5 seat 1 role expand fs 0 body 1 pos 5,17 stuck 0
RC POS 195 id 7 seat 2 role expand fs 0 body 1 pos 2,2 stuck 0
V528 PICK r 195 id 7 tgt 2,2 cs 15 bs 15 reg 0 cc 5 bc 5 cands 4 banned 0 regall 0 seat 2
RC WALK 195 id 7 role expand pos 2,2 tgt 2,3 want SOUTH
V527I SEALNT 196 ph 3 fwd 1 hv 5
RC POS 196 id 5 seat 1 role expand fs 0 body 1 pos 5,17 stuck 1
RC POS 196 id 7 seat 2 role expand fs 0 body 1 pos 2,3 stuck 0
V528 PICK r 196 id 7 tgt 2,2 cs 16 bs 16 reg 0 cc 5 bc 5 cands 4 banned 0 regall 0 seat 2
RC WALK 196 id 7 role expand pos 2,3 tgt 2,2 want NORTH
V527I SEALNT 197 ph 3 fwd 1 hv 5
RC POS 197 id 5 seat 1 role expand fs 0 body 1 pos 4,17 stuck 0
RC POS 197 id 7 seat 2 role expand fs 0 body 1 pos 2,2 stuck 0
V528 PICK r 197 id 7 tgt 2,2 cs 15 bs 15 reg 0 cc 5 bc 5 cands 4 banned 0 regall 0 seat 2
RC WALK 197 id 7 role expand pos 2,2 tgt 2,3 want SOUTH
V527I SEALNT 198 ph 3 fwd 1 hv 5
RC POS 198 id 5 seat 1 role expand fs 0 body 1 pos 4,17 stuck 1
RC POS 198 id 7 seat 2 role expand fs 0 body 1 pos 2,3 stuck 0
V528 PICK r 198 id 7 tgt 2,2 cs 16 bs 16 reg 0 cc 5 bc 5 cands 4 banned 0 regall 0 seat 2
RC WALK 198 id 7 role expand pos 2,3 tgt 2,2 want NORTH
V527I SEALNT 199 ph 3 fwd 1 hv 5
RC POS 199 id 5 seat 1 role expand fs 0 body 1 pos 3,17 stuck 0
RC POS 199 id 7 seat 2 role expand fs 0 body 1 pos 2,2 stuck 0
V528 PICK r 199 id 7 tgt 2,2 cs 15 bs 15 reg 0 cc 5 bc 5 cands 4 banned 0 regall 0 seat 2
RC WALK 199 id 7 role expand pos 2,2 tgt 2,3 want SOUTH
V527I SEALNT 200 ph 3 fwd 1 hv 5
RC POS 200 id 5 seat 1 role expand fs 0 body 1 pos 3,17 stuck 1
RC POS 200 id 7 seat 2 role expand fs 0 body 1 pos 2,3 stuck 0
V528 PICK r 200 id 7 tgt 2,2 cs 16 bs 16 reg 0 cc 5 bc 5 cands 4 banned 0 regall 0 seat 2
RC WALK 200 id 7 role expand pos 2,3 tgt 2,2 want NORTH
V527I SEALNT 201 ph 3 fwd 1 hv 5
RC POS 201 id 5 seat 1 role expand fs 0 body 1 pos 3,16 stuck 0
RC POS 201 id 7 seat 2 role expand fs 0 body 1 pos 2,2 stuck 0
V528 PICK r 201 id 7 tgt 2,2 cs 15 bs 15 reg 0 cc 5 bc 5 cands 4 banned 0 regall 0 seat 2
RC WALK 201 id 7 role expand pos 2,2 tgt 2,3 want SOUTH
V527I SEALNT 202 ph 3 fwd 1 hv 5
RC POS 202 id 5 seat 1 role expand fs 0 body 1 pos 3,16 stuck 1
RC POS 202 id 7 seat 2 role expand fs 0 body 1 pos 2,3 stuck 0
V528 PICK r 202 id 7 tgt 2,2 cs 16 bs 16 reg 0 cc 5 bc 5 cands 4 banned 0 regall 0 seat 2
RC WALK 202 id 7 role expand pos 2,3 tgt 2,2 want NORTH
V527I SEALNT 203 ph 3 fwd 1 hv 5
RC POS 203 id 5 seat 1 role expand fs 0 body 1 pos 3,15 stuck 0
RC POS 203 id 7 seat 2 role expand fs 0 body 1 pos 2,2 stuck 0
V528 PICK r 203 id 7 tgt 2,2 cs 15 bs 15 reg 0 cc 5 bc 5 cands 4 banned 0 regall 0 seat 2
RC WALK 203 id 7 role expand pos 2,2 tgt 2,3 want SOUTH
V527I SEALNT 204 ph 3 fwd 1 hv 5
RC POS 204 id 5 seat 1 role expand fs 0 body 1 pos 3,15 stuck 1
RC POS 204 id 7 seat 2 role expand fs 0 body 1 pos 2,3 stuck 0
V528 PICK r 204 id 7 tgt 2,2 cs 16 bs 16 reg 0 cc 5 bc 5 cands 4 banned 0 regall 0 seat 2
RC WALK 204 id 7 role expand pos 2,3 tgt 2,2 want NORTH
V527I SEALNT 205 ph 3 fwd 1 hv 5
RC POS 205 id 5 seat 1 role expand fs 0 body 1 pos 3,14 stuck 0
RC POS 205 id 7 seat 2 role expand fs 0 body 1 pos 2,2 stuck 0
V528 PICK r 205 id 7 tgt 2,2 cs 15 bs 15 reg 0 cc 5 bc 5 cands 4 banned 0 regall 0 seat 2
RC WALK 205 id 7 role expand pos 2,2 tgt 2,3 want SOUTH
V527I SEALNT 206 ph 3 fwd 1 hv 5
RC POS 206 id 5 seat 1 role expand fs 0 body 1 pos 3,14 stuck 1
RC POS 206 id 7 seat 2 role expand fs 0 body 1 pos 2,3 stuck 0
V528 PICK r 206 id 7 tgt 2,2 cs 16 bs 16 reg 0 cc 5 bc 5 cands 4 banned 0 regall 0 seat 2
RC WALK 206 id 7 role expand pos 2,3 tgt 2,2 want NORTH
V527I SEALNT 207 ph 3 fwd 1 hv 5
RC POS 207 id 5 seat 1 role expand fs 0 body 1 pos 3,13 stuck 0
RC POS 207 id 7 seat 2 role expand fs 0 body 1 pos 2,2 stuck 0
V528 PICK r 207 id 7 tgt 2,2 cs 15 bs 15 reg 0 cc 5 bc 5 cands 4 banned 0 regall 0 seat 2
RC WALK 207 id 7 role expand pos 2,2 tgt 2,3 want SOUTH
V527I SEALNT 208 ph 3 fwd 1 hv 5
RC POS 208 id 5 seat 1 role expand fs 0 body 1 pos 3,13 stuck 1
RC POS 208 id 7 seat 2 role expand fs 0 body 1 pos 2,3 stuck 0
V528 PICK r 208 id 7 tgt 2,2 cs 16 bs 16 reg 0 cc 5 bc 5 cands 4 banned 0 regall 0 seat 2
RC WALK 208 id 7 role expand pos 2,3 tgt 2,2 want NORTH
V527I SEALNT 209 ph 3 fwd 1 hv 5
RC POS 209 id 5 seat 1 role expand fs 0 body 1 pos 3,13 stuck 2
RC POS 209 id 7 seat 2 role expand fs 0 body 1 pos 2,2 stuck 0
V528 PICK r 209 id 7 tgt 2,2 cs 15 bs 15 reg 0 cc 5 bc 5 cands 4 banned 0 regall 0 seat 2
RC WALK 209 id 7 role expand pos 2,2 tgt 2,3 want SOUTH
V527I SEALNT 210 ph 3 fwd 1 hv 5
RC POS 210 id 5 seat 1 role expand fs 0 body 1 pos 3,12 stuck 0
RC POS 210 id 7 seat 2 role expand fs 0 body 1 pos 2,3 stuck 0
V528 PICK r 210 id 7 tgt 2,2 cs 16 bs 16 reg 0 cc 5 bc 5 cands 4 banned 0 regall 0 seat 2
RC WALK 210 id 7 role expand pos 2,3 tgt 2,2 want NORTH
V527I SEALNT 211 ph 3 fwd 1 hv 5
RC POS 211 id 5 seat 1 role expand fs 0 body 1 pos 3,12 stuck 1
RC POS 211 id 7 seat 2 role expand fs 0 body 1 pos 2,2 stuck 0
V528 PICK r 211 id 7 tgt 2,2 cs 15 bs 15 reg 0 cc 5 bc 5 cands 4 banned 0 regall 0 seat 2
RC WALK 211 id 7 role expand pos 2,2 tgt 2,3 want SOUTH
V527I SEALNT 212 ph 3 fwd 1 hv 5
RC POS 212 id 5 seat 1 role expand fs 0 body 1 pos 4,12 stuck 0
RC WALK 212 id 5 role expand pos 4,12 tgt 3,11 want WEST
RC POS 212 id 7 seat 2 role expand fs 0 body 1 pos 2,3 stuck 0
V528 PICK r 212 id 7 tgt 2,2 cs 16 bs 16 reg 0 cc 5 bc 5 cands 4 banned 0 regall 0 seat 2
RC WALK 212 id 7 role expand pos 2,3 tgt 2,2 want NORTH
V527I SEALNT 213 ph 3 fwd 1 hv 5
RC POS 213 id 5 seat 1 role expand fs 0 body 1 pos 3,12 stuck 0
RC WALK 213 id 5 role expand pos 3,12 tgt 3,11 want CENTRE
RC POS 213 id 7 seat 2 role expand fs 0 body 1 pos 2,2 stuck 0
V528 PICK r 213 id 7 tgt 2,2 cs 15 bs 15 reg 0 cc 5 bc 5 cands 4 banned 0 regall 0 seat 2
RC WALK 213 id 7 role expand pos 2,2 tgt 2,3 want SOUTH
V527I SEALNT 214 ph 3 fwd 1 hv 5
RC POS 214 id 5 seat 1 role expand fs 0 body 1 pos 3,12 stuck 1
RC WALK 214 id 5 role expand pos 3,12 tgt 3,11 want CENTRE
RC POS 214 id 7 seat 2 role expand fs 0 body 1 pos 2,3 stuck 0
V528 PICK r 214 id 7 tgt 2,2 cs 16 bs 16 reg 0 cc 5 bc 5 cands 4 banned 0 regall 0 seat 2
RC WALK 214 id 7 role expand pos 2,3 tgt 2,2 want NORTH
V527I SEALNT 215 ph 3 fwd 1 hv 5
RC POS 215 id 5 seat 1 role expand fs 0 body 1 pos 3,12 stuck 2
RC WALK 215 id 5 role expand pos 3,12 tgt 3,11 want CENTRE
RC POS 215 id 7 seat 2 role expand fs 0 body 1 pos 2,2 stuck 0
V528 PICK r 215 id 7 tgt 2,2 cs 15 bs 15 reg 0 cc 5 bc 5 cands 4 banned 0 regall 0 seat 2
RC WALK 215 id 7 role expand pos 2,2 tgt 2,3 want SOUTH
V527I SEALNT 216 ph 3 fwd 1 hv 5
RC POS 216 id 5 seat 1 role expand fs 0 body 1 pos 3,12 stuck 3
RC WALK 216 id 5 role expand pos 3,12 tgt 3,11 want CENTRE
RC POS 216 id 7 seat 2 role expand fs 0 body 1 pos 2,3 stuck 0
V528 PICK r 216 id 7 tgt 2,2 cs 16 bs 16 reg 0 cc 5 bc 5 cands 4 banned 0 regall 0 seat 2
RC WALK 216 id 7 role expand pos 2,3 tgt 2,2 want NORTH
V527I SEALNT 217 ph 3 fwd 1 hv 5
RC POS 217 id 5 seat 1 role expand fs 0 body 1 pos 3,12 stuck 4
RC WALK 217 id 5 role expand pos 3,12 tgt 3,11 want CENTRE
RC POS 217 id 7 seat 2 role expand fs 0 body 1 pos 2,2 stuck 0
V528 PICK r 217 id 7 tgt 2,2 cs 15 bs 15 reg 0 cc 5 bc 5 cands 4 banned 0 regall 0 seat 2
RC WALK 217 id 7 role expand pos 2,2 tgt 2,3 want SOUTH
V527I SEALNT 218 ph 3 fwd 1 hv 5
RC POS 218 id 5 seat 1 role expand fs 0 body 1 pos 3,12 stuck 5
V528 PICK r 218 id 5 tgt 6,6 cs 12 bs 12 reg 0 cc 1 bc 1 cands 3 banned 0 regall 0 seat 1
RC WALK 218 id 5 role expand pos 3,12 tgt 6,6 want EAST
RC POS 218 id 7 seat 2 role expand fs 0 body 1 pos 2,3 stuck 0
V528 PICK r 218 id 7 tgt 2,2 cs 16 bs 16 reg 0 cc 5 bc 5 cands 4 banned 0 regall 0 seat 2
RC WALK 218 id 7 role expand pos 2,3 tgt 2,2 want NORTH
V527I SEALNT 219 ph 3 fwd 1 hv 5
RC POS 219 id 5 seat 1 role expand fs 0 body 1 pos 4,12 stuck 0
RC WALK 219 id 5 role expand pos 4,12 tgt 6,6 want NORTH
RC POS 219 id 7 seat 2 role expand fs 0 body 1 pos 2,2 stuck 0
V528 PICK r 219 id 7 tgt 2,2 cs 15 bs 15 reg 0 cc 5 bc 5 cands 4 banned 0 regall 0 seat 2
RC WALK 219 id 7 role expand pos 2,2 tgt 2,3 want SOUTH
V527I SEALNT 220 ph 3 fwd 1 hv 5
RC POS 220 id 5 seat 1 role expand fs 0 body 1 pos 4,11 stuck 0
RC WALK 220 id 5 role expand pos 4,11 tgt 6,6 want EAST
RC POS 220 id 7 seat 2 role expand fs 0 body 1 pos 2,3 stuck 0
V528 PICK r 220 id 7 tgt 2,2 cs 16 bs 16 reg 0 cc 5 bc 5 cands 4 banned 0 regall 0 seat 2
RC WALK 220 id 7 role expand pos 2,3 tgt 2,2 want NORTH
V527I SEALNT 221 ph 3 fwd 1 hv 5
RC POS 221 id 5 seat 1 role expand fs 0 body 1 pos 5,11 stuck 0
RC WALK 221 id 5 role expand pos 5,11 tgt 6,6 want NORTH
RC POS 221 id 7 seat 2 role expand fs 0 body 1 pos 2,2 stuck 0
V528 PICK r 221 id 7 tgt 2,2 cs 15 bs 15 reg 0 cc 5 bc 5 cands 4 banned 0 regall 0 seat 2
RC WALK 221 id 7 role expand pos 2,2 tgt 2,3 want SOUTH
V527I SEALNT 222 ph 3 fwd 1 hv 5
RC POS 222 id 5 seat 1 role expand fs 0 body 1 pos 5,10 stuck 0
RC WALK 222 id 5 role expand pos 5,10 tgt 6,6 want NORTH
RC POS 222 id 7 seat 2 role expand fs 0 body 1 pos 2,3 stuck 0
V528 PICK r 222 id 7 tgt 2,2 cs 16 bs 16 reg 0 cc 5 bc 5 cands 4 banned 0 regall 0 seat 2
RC WALK 222 id 7 role expand pos 2,3 tgt 2,2 want NORTH
V527I SEALNT 223 ph 3 fwd 1 hv 5
RC POS 223 id 5 seat 1 role expand fs 0 body 1 pos 5,9 stuck 0
RC WALK 223 id 5 role expand pos 5,9 tgt 6,6 want NORTH
RC POS 223 id 7 seat 2 role expand fs 0 body 1 pos 2,2 stuck 0
V528 PICK r 223 id 7 tgt 2,2 cs 15 bs 15 reg 0 cc 5 bc 5 cands 4 banned 0 regall 0 seat 2
RC WALK 223 id 7 role expand pos 2,2 tgt 2,3 want SOUTH
V527I SEALNT 224 ph 3 fwd 1 hv 5
RC POS 224 id 5 seat 1 role expand fs 0 body 1 pos 5,8 stuck 0
RC WALK 224 id 5 role expand pos 5,8 tgt 6,6 want NORTH
RC POS 224 id 7 seat 2 role expand fs 0 body 1 pos 2,3 stuck 0
V528 PICK r 224 id 7 tgt 2,2 cs 16 bs 16 reg 0 cc 5 bc 5 cands 4 banned 0 regall 0 seat 2
RC WALK 224 id 7 role expand pos 2,3 tgt 2,2 want NORTH
V527I SEALNT 225 ph 3 fwd 1 hv 5
RC POS 225 id 5 seat 1 role expand fs 0 body 1 pos 5,7 stuck 0
RC WALK 225 id 5 role expand pos 5,7 tgt 6,6 want EAST
RC POS 225 id 7 seat 2 role expand fs 0 body 1 pos 2,2 stuck 0
V528 PICK r 225 id 7 tgt 2,2 cs 15 bs 15 reg 0 cc 5 bc 5 cands 4 banned 0 regall 0 seat 2
RC WALK 225 id 7 role expand pos 2,2 tgt 2,3 want SOUTH
V527I SEALNT 226 ph 3 fwd 1 hv 5
RC POS 226 id 5 seat 1 role expand fs 0 body 1 pos 6,7 stuck 0
RC WALK 226 id 5 role expand pos 6,7 tgt 6,6 want CENTRE
RC POS 226 id 7 seat 2 role expand fs 0 body 1 pos 2,3 stuck 0
V528 PICK r 226 id 7 tgt 2,2 cs 16 bs 16 reg 0 cc 5 bc 5 cands 4 banned 0 regall 0 seat 2
RC WALK 226 id 7 role expand pos 2,3 tgt 2,2 want NORTH
V527I SEALNT 227 ph 3 fwd 1 hv 5
RC POS 227 id 5 seat 1 role expand fs 0 body 1 pos 6,7 stuck 1
RC WALK 227 id 5 role expand pos 6,7 tgt 6,6 want CENTRE
RC POS 227 id 7 seat 2 role expand fs 0 body 1 pos 2,2 stuck 0
V528 PICK r 227 id 7 tgt 2,2 cs 15 bs 15 reg 0 cc 5 bc 5 cands 4 banned 0 regall 0 seat 2
RC WALK 227 id 7 role expand pos 2,2 tgt 2,3 want SOUTH
V527I SEALNT 228 ph 3 fwd 1 hv 5
RC POS 228 id 5 seat 1 role expand fs 0 body 1 pos 6,7 stuck 2
RC WALK 228 id 5 role expand pos 6,7 tgt 6,6 want CENTRE
RC POS 228 id 7 seat 2 role expand fs 0 body 1 pos 2,3 stuck 0
V528 CONN r 228 id 7 at 2,2 chosen 5 best 5 regret 0 cands 3 role expand seat 2
V527I SEALNT 229 ph 3 fwd 1 hv 6
RC POS 229 id 5 seat 1 role expand fs 0 body 1 pos 6,7 stuck 3
RC WALK 229 id 5 role expand pos 6,7 tgt 6,6 want CENTRE
RC POS 229 id 7 seat 2 role expand fs 0 body 1 pos 2,3 stuck 1
V527I SEALNT 230 ph 3 fwd 1 hv 6
RC POS 230 id 5 seat 1 role expand fs 0 body 1 pos 6,7 stuck 4
RC WALK 230 id 5 role expand pos 6,7 tgt 6,6 want CENTRE
RC POS 230 id 7 seat 2 role expand fs 0 body 1 pos 2,3 stuck 2
V527I SEALNT 231 ph 3 fwd 1 hv 6
RC POS 231 id 5 seat 1 role expand fs 0 body 1 pos 6,7 stuck 5
V528 PICK r 231 id 5 tgt 4,16 cs 14 bs 14 reg 0 cc 1 bc 1 cands 3 banned 0 regall 0 seat 1
RC WALK 231 id 5 role expand pos 6,7 tgt 4,16 want SOUTH
RC POS 231 id 7 seat 2 role expand fs 0 body 1 pos 2,4 stuck 0
V527I SEALNT 232 ph 3 fwd 1 hv 6
RC POS 232 id 5 seat 1 role expand fs 0 body 1 pos 6,8 stuck 0
RC WALK 232 id 5 role expand pos 6,8 tgt 4,16 want SOUTH
RC POS 232 id 7 seat 2 role expand fs 0 body 1 pos 2,4 stuck 1
V527I SEALNT 233 ph 3 fwd 1 hv 6
RC POS 233 id 5 seat 1 role expand fs 0 body 1 pos 6,9 stuck 0
RC WALK 233 id 5 role expand pos 6,9 tgt 4,16 want SOUTH
RC POS 233 id 7 seat 2 role expand fs 0 body 1 pos 2,4 stuck 2
V527I SEALNT 234 ph 3 fwd 1 hv 6
RC POS 234 id 5 seat 1 role expand fs 0 body 1 pos 6,10 stuck 0
RC WALK 234 id 5 role expand pos 6,10 tgt 4,16 want SOUTH
RC POS 234 id 7 seat 2 role expand fs 0 body 1 pos 2,5 stuck 0
V527I SEALNT 235 ph 3 fwd 1 hv 6
RC POS 235 id 5 seat 1 role expand fs 0 body 1 pos 6,11 stuck 0
RC WALK 235 id 5 role expand pos 6,11 tgt 4,16 want SOUTH
RC POS 235 id 7 seat 2 role expand fs 0 body 1 pos 2,5 stuck 1
V527I SEALNT 236 ph 3 fwd 1 hv 6
RC POS 236 id 5 seat 1 role expand fs 0 body 1 pos 6,12 stuck 0
RC WALK 236 id 5 role expand pos 6,12 tgt 4,15 want WEST
RC POS 236 id 7 seat 2 role expand fs 0 body 1 pos 2,5 stuck 2
V527I SEALNT 237 ph 3 fwd 1 hv 6
RC POS 237 id 5 seat 1 role expand fs 0 body 1 pos 5,12 stuck 0
RC POS 237 id 7 seat 2 role expand fs 0 body 1 pos 2,6 stuck 0
V527I SEALNT 238 ph 3 fwd 1 hv 6
RC POS 238 id 5 seat 1 role expand fs 0 body 1 pos 5,12 stuck 1
RC WALK 238 id 5 role expand pos 5,12 tgt 4,15 want SOUTH
RC POS 238 id 7 seat 2 role expand fs 0 body 1 pos 2,6 stuck 1
V527I SEALNT 239 ph 3 fwd 1 hv 6
RC POS 239 id 5 seat 1 role expand fs 0 body 1 pos 5,13 stuck 0
RC WALK 239 id 5 role expand pos 5,13 tgt 4,15 want SOUTH
RC POS 239 id 7 seat 2 role expand fs 0 body 1 pos 2,7 stuck 0
V527I SEALNT 240 ph 3 fwd 1 hv 6
RC POS 240 id 5 seat 1 role expand fs 0 body 1 pos 5,14 stuck 0
RC WALK 240 id 5 role expand pos 5,14 tgt 4,15 want WEST
RC POS 240 id 7 seat 2 role expand fs 0 body 1 pos 2,7 stuck 1
V527I SEALNT 241 ph 3 fwd 1 hv 6
RC POS 241 id 5 seat 1 role expand fs 0 body 1 pos 4,14 stuck 0
RC WALK 241 id 5 role expand pos 4,14 tgt 4,15 want SOUTH
RC POS 241 id 7 seat 2 role expand fs 0 body 1 pos 2,7 stuck 2
V527I SEALNT 242 ph 3 fwd 1 hv 6
RC POS 242 id 5 seat 1 role expand fs 0 body 1 pos 4,15 stuck 0
V528 PICK r 242 id 5 tgt 10,2 cs 49 bs 49 reg 0 cc 10 bc 10 cands 3 banned 1 regall 35 seat 1
RC WALK 242 id 5 role expand pos 4,15 tgt 10,2 want NORTH
RC POS 242 id 7 seat 2 role expand fs 0 body 1 pos 1,7 stuck 0
V527I SEALNT 243 ph 3 fwd 1 hv 6
RC POS 243 id 5 seat 1 role expand fs 0 body 1 pos 4,14 stuck 0
RC WALK 243 id 5 role expand pos 4,14 tgt 10,2 want NORTH
RC POS 243 id 7 seat 2 role expand fs 0 body 1 pos 1,7 stuck 1
V527I SEALNT 244 ph 3 fwd 1 hv 6
RC POS 244 id 5 seat 1 role expand fs 0 body 1 pos 4,13 stuck 0
RC POS 244 id 7 seat 2 role expand fs 0 body 1 pos 1,7 stuck 2
V527I SEALNT 245 ph 3 fwd 1 hv 6
RC POS 245 id 5 seat 1 role expand fs 0 body 1 pos 4,13 stuck 1
RC POS 245 id 7 seat 2 role expand fs 0 body 1 pos 1,7 stuck 3
RC WALK 245 id 7 role expand pos 1,7 tgt 2,8 want EAST
V527I SEALNT 246 ph 3 fwd 1 hv 6
RC POS 246 id 5 seat 1 role expand fs 0 body 1 pos 4,13 stuck 2
RC POS 246 id 7 seat 2 role expand fs 0 body 1 pos 2,7 stuck 0
RC WALK 246 id 7 role expand pos 2,7 tgt 2,8 want CENTRE
V527I SEALNT 247 ph 3 fwd 1 hv 6
RC POS 247 id 5 seat 1 role expand fs 0 body 1 pos 4,13 stuck 3
RC POS 247 id 7 seat 2 role expand fs 0 body 1 pos 2,7 stuck 1
RC WALK 247 id 7 role expand pos 2,7 tgt 2,8 want CENTRE
V527I SEALNT 248 ph 3 fwd 1 hv 6
RC POS 248 id 5 seat 1 role expand fs 0 body 1 pos 4,13 stuck 4
RC POS 248 id 7 seat 2 role expand fs 0 body 1 pos 2,7 stuck 2
RC WALK 248 id 7 role expand pos 2,7 tgt 2,8 want CENTRE
V527I SEALNT 249 ph 3 fwd 1 hv 6
RC POS 249 id 5 seat 1 role expand fs 0 body 1 pos 4,13 stuck 5
RC POS 249 id 7 seat 2 role expand fs 0 body 1 pos 2,7 stuck 3
RC WALK 249 id 7 role expand pos 2,7 tgt 2,8 want CENTRE
V527I SEALNT 250 ph 3 fwd 1 hv 6
RC POS 250 id 5 seat 1 role expand fs 0 body 1 pos 4,13 stuck 6
RC POS 250 id 7 seat 2 role expand fs 0 body 1 pos 2,7 stuck 4
RC WALK 250 id 7 role expand pos 2,7 tgt 2,8 want CENTRE
V527I SEALNT 251 ph 3 fwd 1 hv 6
RC POS 251 id 5 seat 1 role expand fs 0 body 1 pos 4,13 stuck 7
RC POS 251 id 7 seat 2 role expand fs 0 body 1 pos 2,7 stuck 5
V528 PICK r 251 id 7 tgt 2,2 cs 1205 bs 1205 reg 0 cc 400 bc 400 cands 4 banned 0 regall 0 seat 2
RC WALK 251 id 7 role expand pos 2,7 tgt 2,2 want NORTH
V527I SEALNT 252 ph 3 fwd 1 hv 6
RC POS 252 id 5 seat 1 role expand fs 0 body 1 pos 4,13 stuck 8
RC POS 252 id 7 seat 2 role expand fs 0 body 1 pos 2,6 stuck 0
RC WALK 252 id 7 role expand pos 2,6 tgt 2,3 want NORTH
V527I SEALNT 253 ph 3 fwd 1 hv 6
RC POS 253 id 5 seat 1 role expand fs 0 body 1 pos 4,13 stuck 9
RC POS 253 id 7 seat 2 role expand fs 0 body 1 pos 2,5 stuck 0
RC WALK 253 id 7 role expand pos 2,5 tgt 2,3 want NORTH
V527I SEALNT 254 ph 3 fwd 1 hv 6
RC POS 254 id 5 seat 1 role expand fs 0 body 1 pos 4,13 stuck 10
RC POS 254 id 7 seat 2 role expand fs 0 body 1 pos 2,4 stuck 0
RC WALK 254 id 7 role expand pos 2,4 tgt 2,3 want NORTH
V527I SEALNT 255 ph 3 fwd 1 hv 6
RC POS 255 id 5 seat 1 role expand fs 0 body 1 pos 4,13 stuck 11
RC POS 255 id 7 seat 2 role expand fs 0 body 1 pos 2,3 stuck 0
V528 PICK r 255 id 7 tgt 17,17 cs 95 bs 95 reg 0 cc 22 bc 22 cands 3 banned 0 regall 0 seat 2
RC WALK 255 id 7 role expand pos 2,3 tgt 17,17 want EAST
V527I SEALNT 256 ph 3 fwd 1 hv 6
RC POS 256 id 5 seat 1 role expand fs 0 body 1 pos 4,13 stuck 12
RC POS 256 id 7 seat 2 role expand fs 0 body 1 pos 3,3 stuck 0
RC WALK 256 id 7 role expand pos 3,3 tgt 17,17 want SOUTH
V527I SEALNT 257 ph 3 fwd 1 hv 6
RC POS 257 id 5 seat 1 role expand fs 0 body 1 pos 4,13 stuck 13
RC POS 257 id 7 seat 2 role expand fs 0 body 1 pos 3,4 stuck 0
RC WALK 257 id 7 role expand pos 3,4 tgt 17,17 want EAST
V527I SEALNT 258 ph 3 fwd 1 hv 6
RC POS 258 id 5 seat 1 role expand fs 0 body 1 pos 4,13 stuck 14
RC POS 258 id 7 seat 2 role expand fs 0 body 1 pos 4,4 stuck 0
RC WALK 258 id 7 role expand pos 4,4 tgt 17,17 want EAST
V527I SEALNT 259 ph 3 fwd 1 hv 6
RC POS 259 id 5 seat 1 role expand fs 0 body 1 pos 4,13 stuck 15
RC POS 259 id 7 seat 2 role expand fs 0 body 1 pos 5,4 stuck 0
RC WALK 259 id 7 role expand pos 5,4 tgt 17,17 want SOUTH
V527I SEALNT 260 ph 3 fwd 1 hv 6
RC POS 260 id 5 seat 1 role expand fs 0 body 1 pos 4,13 stuck 16
RC POS 260 id 7 seat 2 role expand fs 0 body 1 pos 5,5 stuck 0
RC WALK 260 id 7 role expand pos 5,5 tgt 17,17 want SOUTH
V527I SEALNT 261 ph 3 fwd 1 hv 6
RC POS 261 id 5 seat 1 role expand fs 0 body 1 pos 4,13 stuck 17
RC POS 261 id 7 seat 2 role expand fs 0 body 1 pos 5,6 stuck 0
RC WALK 261 id 7 role expand pos 5,6 tgt 17,17 want SOUTH
V527I SEALNT 262 ph 3 fwd 1 hv 6
RC POS 262 id 5 seat 1 role expand fs 0 body 1 pos 4,13 stuck 18
RC POS 262 id 7 seat 2 role expand fs 0 body 1 pos 5,7 stuck 0
RC WALK 262 id 7 role expand pos 5,7 tgt 17,17 want SOUTH
V527I SEALNT 263 ph 3 fwd 1 hv 6
RC POS 263 id 5 seat 1 role expand fs 0 body 1 pos 4,13 stuck 19
RC POS 263 id 7 seat 2 role expand fs 0 body 1 pos 5,8 stuck 0
RC WALK 263 id 7 role expand pos 5,8 tgt 17,17 want SOUTH
V527I SEALNT 264 ph 3 fwd 1 hv 6
RC POS 264 id 5 seat 1 role expand fs 0 body 1 pos 4,13 stuck 20
RC POS 264 id 7 seat 2 role expand fs 0 body 1 pos 5,9 stuck 0
RC WALK 264 id 7 role expand pos 5,9 tgt 17,17 want SOUTH
V527I SEALNT 265 ph 3 fwd 1 hv 6
RC POS 265 id 5 seat 1 role expand fs 0 body 1 pos 4,13 stuck 21
RC POS 265 id 7 seat 2 role expand fs 0 body 1 pos 5,10 stuck 0
RC WALK 265 id 7 role expand pos 5,10 tgt 17,17 want SOUTH
V527I SEALNT 266 ph 3 fwd 1 hv 6
RC POS 266 id 5 seat 1 role expand fs 0 body 1 pos 4,13 stuck 22
RC POS 266 id 7 seat 2 role expand fs 0 body 1 pos 5,11 stuck 0
RC WALK 266 id 7 role expand pos 5,11 tgt 17,17 want SOUTH
V527I SEALNT 267 ph 3 fwd 1 hv 6
RC POS 267 id 5 seat 1 role expand fs 0 body 1 pos 4,13 stuck 23
RC POS 267 id 7 seat 2 role expand fs 0 body 1 pos 5,12 stuck 0
RC WALK 267 id 7 role expand pos 5,12 tgt 17,17 want SOUTH
V527I SEALNT 268 ph 3 fwd 1 hv 6
RC POS 268 id 5 seat 1 role expand fs 0 body 1 pos 4,13 stuck 24
RC POS 268 id 7 seat 2 role expand fs 0 body 1 pos 5,13 stuck 0
RC WALK 268 id 7 role expand pos 5,13 tgt 17,17 want SOUTH
V527I SEALNT 269 ph 3 fwd 1 hv 6
RC POS 269 id 5 seat 1 role expand fs 0 body 1 pos 4,13 stuck 25
RC POS 269 id 7 seat 2 role expand fs 0 body 1 pos 5,14 stuck 0
RC WALK 269 id 7 role expand pos 5,14 tgt 17,17 want SOUTH
V527I SEALNT 270 ph 3 fwd 1 hv 6
RC POS 270 id 5 seat 1 role expand fs 0 body 1 pos 4,13 stuck 26
RC POS 270 id 7 seat 2 role expand fs 0 body 1 pos 5,15 stuck 0
RC WALK 270 id 7 role expand pos 5,15 tgt 17,17 want WEST
V527I SEALNT 271 ph 3 fwd 1 hv 6
RC POS 271 id 5 seat 1 role expand fs 0 body 1 pos 4,13 stuck 27
RC POS 271 id 7 seat 2 role expand fs 0 body 1 pos 4,15 stuck 0
RC WALK 271 id 7 role expand pos 4,15 tgt 17,17 want WEST
V527I SEALNT 272 ph 3 fwd 1 hv 6
RC POS 272 id 5 seat 1 role expand fs 0 body 1 pos 4,13 stuck 28
RC POS 272 id 7 seat 2 role expand fs 0 body 1 pos 3,15 stuck 0
RC WALK 272 id 7 role expand pos 3,15 tgt 17,17 want SOUTH
V527I SEALNT 273 ph 3 fwd 1 hv 6
RC POS 273 id 5 seat 1 role expand fs 0 body 1 pos 4,13 stuck 29
RC POS 273 id 7 seat 2 role expand fs 0 body 1 pos 3,16 stuck 0
RC WALK 273 id 7 role expand pos 3,16 tgt 17,17 want SOUTH
V527I SEALNT 274 ph 3 fwd 1 hv 6
RC POS 274 id 5 seat 1 role expand fs 0 body 1 pos 4,13 stuck 30
RC POS 274 id 7 seat 2 role expand fs 0 body 1 pos 3,17 stuck 0
RC WALK 274 id 7 role expand pos 3,17 tgt 17,17 want EAST
V527I SEALNT 275 ph 3 fwd 1 hv 6
RC POS 275 id 5 seat 1 role expand fs 0 body 1 pos 4,13 stuck 31
RC POS 275 id 7 seat 2 role expand fs 0 body 1 pos 4,17 stuck 0
RC WALK 275 id 7 role expand pos 4,17 tgt 17,17 want EAST
V527I SEALNT 276 ph 3 fwd 1 hv 6
RC POS 276 id 5 seat 1 role expand fs 0 body 1 pos 4,13 stuck 32
RC POS 276 id 7 seat 2 role expand fs 0 body 1 pos 5,17 stuck 0
RC WALK 276 id 7 role expand pos 5,17 tgt 17,17 want EAST
V527I SEALNT 277 ph 3 fwd 1 hv 6
RC POS 277 id 5 seat 1 role expand fs 0 body 1 pos 4,13 stuck 33
V528 PICK r 277 id 5 tgt 6,6 cs 12 bs 12 reg 0 cc 1 bc 1 cands 3 banned 1 regall 0 seat 1
RC WALK 277 id 5 role expand pos 4,13 tgt 6,6 want NORTH
RC POS 277 id 7 seat 2 role expand fs 0 body 1 pos 6,17 stuck 0
RC WALK 277 id 7 role expand pos 6,17 tgt 17,17 want EAST
V527I SEALNT 278 ph 3 fwd 1 hv 6
RC POS 278 id 5 seat 1 role expand fs 0 body 1 pos 4,12 stuck 0
RC WALK 278 id 5 role expand pos 4,12 tgt 6,6 want EAST
RC POS 278 id 7 seat 2 role expand fs 0 body 1 pos 7,17 stuck 0
RC WALK 278 id 7 role expand pos 7,17 tgt 17,17 want EAST
V527I SEALNT 279 ph 3 fwd 1 hv 6
RC POS 279 id 5 seat 1 role expand fs 0 body 1 pos 5,12 stuck 0
RC WALK 279 id 5 role expand pos 5,12 tgt 6,6 want EAST
RC POS 279 id 7 seat 2 role expand fs 0 body 1 pos 8,17 stuck 0
V528 CONN r 279 id 7 at 9,17 chosen 1 best 1 regret 0 cands 4 role expand seat 2
V527I SEALNT 280 ph 3 fwd 1 hv 7
RC POS 280 id 5 seat 1 role expand fs 0 body 1 pos 6,12 stuck 0
RC WALK 280 id 5 role expand pos 6,12 tgt 6,6 want NORTH
RC POS 280 id 7 seat 2 role expand fs 0 body 1 pos 8,17 stuck 1
V527I SEALNT 281 ph 3 fwd 1 hv 7
RC POS 281 id 5 seat 1 role expand fs 0 body 1 pos 6,11 stuck 0
RC WALK 281 id 5 role expand pos 6,11 tgt 6,6 want NORTH
RC POS 281 id 7 seat 2 role expand fs 0 body 1 pos 8,17 stuck 2
V527I SEALNT 282 ph 3 fwd 1 hv 7
RC POS 282 id 5 seat 1 role expand fs 0 body 1 pos 6,10 stuck 0
RC WALK 282 id 5 role expand pos 6,10 tgt 5,6 want NORTH
RC POS 282 id 7 seat 2 role expand fs 0 body 1 pos 7,17 stuck 0
V527I SEALNT 283 ph 3 fwd 1 hv 7
RC POS 283 id 5 seat 1 role expand fs 0 body 1 pos 6,9 stuck 0
RC WALK 283 id 5 role expand pos 6,9 tgt 5,6 want NORTH
RC POS 283 id 7 seat 2 role expand fs 0 body 1 pos 7,17 stuck 1
V527I SEALNT 284 ph 3 fwd 1 hv 7
RC POS 284 id 5 seat 1 role expand fs 0 body 1 pos 6,8 stuck 0
RC WALK 284 id 5 role expand pos 6,8 tgt 5,6 want NORTH
RC POS 284 id 7 seat 2 role expand fs 0 body 1 pos 6,17 stuck 0
RC WALK 284 id 7 role expand pos 6,17 tgt 4,17 want WEST
V527I SEALNT 285 ph 3 fwd 1 hv 7
RC POS 285 id 5 seat 1 role expand fs 0 body 1 pos 6,7 stuck 0
RC WALK 285 id 5 role expand pos 6,7 tgt 5,6 want WEST
RC POS 285 id 7 seat 2 role expand fs 0 body 1 pos 5,17 stuck 0
RC WALK 285 id 7 role expand pos 5,17 tgt 3,17 want WEST
V527I SEALNT 286 ph 3 fwd 1 hv 7
RC POS 286 id 5 seat 1 role expand fs 0 body 1 pos 5,7 stuck 0
RC WALK 286 id 5 role expand pos 5,7 tgt 5,6 want NORTH
RC POS 286 id 7 seat 2 role expand fs 0 body 1 pos 4,17 stuck 0
RC WALK 286 id 7 role expand pos 4,17 tgt 3,16 want WEST
V527I SEALNT 287 ph 3 fwd 1 hv 7
RC POS 287 id 5 seat 1 role expand fs 0 body 1 pos 5,6 stuck 0
V528 PICK r 287 id 5 tgt 4,16 cs 32 bs 32 reg 0 cc 7 bc 7 cands 3 banned 1 regall 0 seat 1
RC WALK 287 id 5 role expand pos 5,6 tgt 4,16 want SOUTH
RC POS 287 id 7 seat 2 role expand fs 0 body 1 pos 3,17 stuck 0
RC WALK 287 id 7 role expand pos 3,17 tgt 3,15 want NORTH
V527I SEALNT 288 ph 3 fwd 1 hv 7
RC POS 288 id 5 seat 1 role expand fs 0 body 1 pos 5,7 stuck 0
RC WALK 288 id 5 role expand pos 5,7 tgt 4,16 want SOUTH
RC POS 288 id 7 seat 2 role expand fs 0 body 1 pos 3,16 stuck 0
RC WALK 288 id 7 role expand pos 3,16 tgt 3,14 want NORTH
V527I SEALNT 289 ph 3 fwd 1 hv 7
RC POS 289 id 5 seat 1 role expand fs 0 body 1 pos 5,8 stuck 0
RC WALK 289 id 5 role expand pos 5,8 tgt 4,16 want SOUTH
RC POS 289 id 7 seat 2 role expand fs 0 body 1 pos 3,15 stuck 0
RC WALK 289 id 7 role expand pos 3,15 tgt 3,13 want NORTH
V527I SEALNT 290 ph 3 fwd 1 hv 7
RC POS 290 id 5 seat 1 role expand fs 0 body 1 pos 5,9 stuck 0
RC WALK 290 id 5 role expand pos 5,9 tgt 4,16 want SOUTH
RC POS 290 id 7 seat 2 role expand fs 0 body 1 pos 3,14 stuck 0
RC WALK 290 id 7 role expand pos 3,14 tgt 3,12 want NORTH
V527I SEALNT 291 ph 3 fwd 1 hv 7
RC POS 291 id 5 seat 1 role expand fs 0 body 1 pos 5,10 stuck 0
RC WALK 291 id 5 role expand pos 5,10 tgt 4,16 want EAST
RC POS 291 id 7 seat 2 role expand fs 0 body 1 pos 3,13 stuck 0
RC WALK 291 id 7 role expand pos 3,13 tgt 3,11 want NORTH
V527I SEALNT 292 ph 3 fwd 1 hv 7
RC POS 292 id 5 seat 1 role expand fs 0 body 1 pos 6,10 stuck 0
RC WALK 292 id 5 role expand pos 6,10 tgt 4,16 want SOUTH
RC POS 292 id 7 seat 2 role expand fs 0 body 1 pos 3,12 stuck 0
RC WALK 292 id 7 role expand pos 3,12 tgt 3,11 want CENTRE
V527I SEALNT 293 ph 3 fwd 1 hv 7
RC POS 293 id 5 seat 1 role expand fs 0 body 1 pos 6,11 stuck 0
RC WALK 293 id 5 role expand pos 6,11 tgt 4,16 want SOUTH
RC POS 293 id 7 seat 2 role expand fs 0 body 1 pos 3,12 stuck 1
RC WALK 293 id 7 role expand pos 3,12 tgt 3,11 want CENTRE
V527I SEALNT 294 ph 3 fwd 1 hv 7
RC POS 294 id 5 seat 1 role expand fs 0 body 1 pos 6,12 stuck 0
RC WALK 294 id 5 role expand pos 6,12 tgt 4,15 want WEST
RC POS 294 id 7 seat 2 role expand fs 0 body 1 pos 3,12 stuck 2
RC WALK 294 id 7 role expand pos 3,12 tgt 3,11 want CENTRE
V527I SEALNT 295 ph 3 fwd 1 hv 7
RC POS 295 id 5 seat 1 role expand fs 0 body 1 pos 5,12 stuck 0
RC WALK 295 id 5 role expand pos 5,12 tgt 4,15 want SOUTH
RC POS 295 id 7 seat 2 role expand fs 0 body 1 pos 3,12 stuck 3
RC WALK 295 id 7 role expand pos 3,12 tgt 3,11 want CENTRE
V527I SEALNT 296 ph 3 fwd 1 hv 7
RC POS 296 id 5 seat 1 role expand fs 0 body 1 pos 5,13 stuck 0
RC WALK 296 id 5 role expand pos 5,13 tgt 4,15 want SOUTH
RC POS 296 id 7 seat 2 role expand fs 0 body 1 pos 3,12 stuck 4
RC WALK 296 id 7 role expand pos 3,12 tgt 3,11 want CENTRE
V527I SEALNT 297 ph 3 fwd 1 hv 7
RC POS 297 id 5 seat 1 role expand fs 0 body 1 pos 5,14 stuck 0
RC WALK 297 id 5 role expand pos 5,14 tgt 4,15 want WEST
RC POS 297 id 7 seat 2 role expand fs 0 body 1 pos 3,12 stuck 5
V528 PICK r 297 id 7 tgt 2,2 cs 14 bs 14 reg 0 cc 1 bc 1 cands 4 banned 0 regall 0 seat 2
RC WALK 297 id 7 role expand pos 3,12 tgt 2,2 want EAST
V527I SEALNT 298 ph 3 fwd 1 hv 7
RC POS 298 id 5 seat 1 role expand fs 0 body 1 pos 4,14 stuck 0
RC WALK 298 id 5 role expand pos 4,14 tgt 4,15 want SOUTH
RC POS 298 id 7 seat 2 role expand fs 0 body 1 pos 4,12 stuck 0
RC WALK 298 id 7 role expand pos 4,12 tgt 2,2 want EAST
V527I SEALNT 299 ph 3 fwd 1 hv 7
RC POS 299 id 5 seat 1 role expand fs 0 body 1 pos 4,15 stuck 0
V528 PICK r 299 id 5 tgt 6,6 cs 41 bs 41 reg 0 cc 10 bc 10 cands 3 banned 1 regall 0 seat 1
RC WALK 299 id 5 role expand pos 4,15 tgt 6,6 want NORTH
RC POS 299 id 7 seat 2 role expand fs 0 body 1 pos 5,12 stuck 0
RC WALK 299 id 7 role expand pos 5,12 tgt 2,2 want EAST
V527I SEALNT 300 ph 3 fwd 1 hv 7
RC POS 300 id 5 seat 1 role expand fs 0 body 1 pos 4,14 stuck 0
RC WALK 300 id 5 role expand pos 4,14 tgt 6,6 want NORTH
RC POS 300 id 7 seat 2 role expand fs 0 body 1 pos 6,12 stuck 0
RC WALK 300 id 7 role expand pos 6,12 tgt 2,2 want NORTH
V527I SEALNT 301 ph 3 fwd 1 hv 7
RC POS 301 id 5 seat 1 role expand fs 0 body 1 pos 4,13 stuck 0
RC WALK 301 id 5 role expand pos 4,13 tgt 6,6 want NORTH
RC POS 301 id 7 seat 2 role expand fs 0 body 1 pos 6,11 stuck 0
RC WALK 301 id 7 role expand pos 6,11 tgt 2,2 want NORTH
V527I SEALNT 302 ph 3 fwd 1 hv 7
RC POS 302 id 5 seat 1 role expand fs 0 body 1 pos 4,12 stuck 0
RC WALK 302 id 5 role expand pos 4,12 tgt 6,6 want EAST
RC POS 302 id 7 seat 2 role expand fs 0 body 1 pos 6,10 stuck 0
RC WALK 302 id 7 role expand pos 6,10 tgt 2,2 want NORTH
V527I SEALNT 303 ph 3 fwd 1 hv 7
RC POS 303 id 5 seat 1 role expand fs 0 body 1 pos 5,12 stuck 0
RC WALK 303 id 5 role expand pos 5,12 tgt 6,6 want EAST
RC POS 303 id 7 seat 2 role expand fs 0 body 1 pos 6,9 stuck 0
RC WALK 303 id 7 role expand pos 6,9 tgt 2,2 want NORTH
V527I SEALNT 304 ph 3 fwd 1 hv 7
RC POS 304 id 5 seat 1 role expand fs 0 body 1 pos 6,12 stuck 0
RC WALK 304 id 5 role expand pos 6,12 tgt 6,6 want NORTH
RC POS 304 id 7 seat 2 role expand fs 0 body 1 pos 6,8 stuck 0
RC WALK 304 id 7 role expand pos 6,8 tgt 2,2 want NORTH
V527I SEALNT 305 ph 3 fwd 1 hv 7
RC POS 305 id 5 seat 1 role expand fs 0 body 1 pos 6,11 stuck 0
RC WALK 305 id 5 role expand pos 6,11 tgt 6,6 want NORTH
RC POS 305 id 7 seat 2 role expand fs 0 body 1 pos 6,7 stuck 0
RC WALK 305 id 7 role expand pos 6,7 tgt 2,2 want WEST
V527I SEALNT 306 ph 3 fwd 1 hv 7
RC POS 306 id 5 seat 1 role expand fs 0 body 1 pos 6,10 stuck 0
RC WALK 306 id 5 role expand pos 6,10 tgt 5,6 want SOUTH
RC POS 306 id 7 seat 2 role expand fs 0 body 1 pos 5,7 stuck 0
RC WALK 306 id 7 role expand pos 5,7 tgt 2,2 want NORTH
V527I SEALNT 307 ph 3 fwd 1 hv 7
RC POS 307 id 5 seat 1 role expand fs 0 body 1 pos 6,11 stuck 0
RC WALK 307 id 5 role expand pos 6,11 tgt 5,6 want NORTH
RC POS 307 id 7 seat 2 role expand fs 0 body 1 pos 5,6 stuck 0
RC WALK 307 id 7 role expand pos 5,6 tgt 2,2 want NORTH
V527I SEALNT 308 ph 3 fwd 1 hv 7
RC POS 308 id 5 seat 1 role expand fs 0 body 1 pos 6,10 stuck 0
RC WALK 308 id 5 role expand pos 6,10 tgt 5,6 want NORTH
RC POS 308 id 7 seat 2 role expand fs 0 body 1 pos 5,5 stuck 0
RC WALK 308 id 7 role expand pos 5,5 tgt 2,3 want WEST
V527I SEALNT 309 ph 3 fwd 1 hv 7
RC POS 309 id 5 seat 1 role expand fs 0 body 1 pos 6,9 stuck 0
RC WALK 309 id 5 role expand pos 6,9 tgt 5,6 want NORTH
RC POS 309 id 7 seat 2 role expand fs 0 body 1 pos 4,5 stuck 0
RC WALK 309 id 7 role expand pos 4,5 tgt 2,3 want WEST
V527I SEALNT 310 ph 3 fwd 1 hv 7
RC POS 310 id 5 seat 1 role expand fs 0 body 1 pos 6,8 stuck 0
RC WALK 310 id 5 role expand pos 6,8 tgt 5,6 want NORTH
RC POS 310 id 7 seat 2 role expand fs 0 body 1 pos 3,5 stuck 0
RC WALK 310 id 7 role expand pos 3,5 tgt 2,3 want NORTH
V527I SEALNT 311 ph 3 fwd 1 hv 7
RC POS 311 id 5 seat 1 role expand fs 0 body 1 pos 6,7 stuck 0
RC WALK 311 id 5 role expand pos 6,7 tgt 5,6 want WEST
RC POS 311 id 7 seat 2 role expand fs 0 body 1 pos 3,4 stuck 0
RC WALK 311 id 7 role expand pos 3,4 tgt 2,3 want WEST
V527I SEALNT 312 ph 3 fwd 1 hv 7
RC POS 312 id 5 seat 1 role expand fs 0 body 1 pos 5,7 stuck 0
RC WALK 312 id 5 role expand pos 5,7 tgt 5,6 want NORTH
RC POS 312 id 7 seat 2 role expand fs 0 body 1 pos 2,4 stuck 0
RC WALK 312 id 7 role expand pos 2,4 tgt 2,3 want NORTH
V527I SEALNT 313 ph 3 fwd 1 hv 7
RC POS 313 id 5 seat 1 role expand fs 0 body 1 pos 5,6 stuck 0
V528 PICK r 313 id 5 tgt 4,16 cs 20 bs 20 reg 0 cc 3 bc 3 cands 3 banned 0 regall 0 seat 1
RC WALK 313 id 5 role expand pos 5,6 tgt 4,16 want SOUTH
RC POS 313 id 7 seat 2 role expand fs 0 body 1 pos 2,3 stuck 0
V528 PICK r 313 id 7 tgt 17,17 cs 56 bs 56 reg 0 cc 9 bc 9 cands 3 banned 0 regall 0 seat 2
RC WALK 313 id 7 role expand pos 2,3 tgt 17,17 want EAST
V527I SEALNT 314 ph 3 fwd 1 hv 7
RC POS 314 id 5 seat 1 role expand fs 0 body 1 pos 5,7 stuck 0
RC WALK 314 id 5 role expand pos 5,7 tgt 4,16 want SOUTH
RC POS 314 id 7 seat 2 role expand fs 0 body 1 pos 3,3 stuck 0
RC WALK 314 id 7 role expand pos 3,3 tgt 17,17 want SOUTH
V527I SEALNT 315 ph 3 fwd 1 hv 7
RC POS 315 id 5 seat 1 role expand fs 0 body 1 pos 5,8 stuck 0
RC WALK 315 id 5 role expand pos 5,8 tgt 4,16 want SOUTH
RC POS 315 id 7 seat 2 role expand fs 0 body 1 pos 3,4 stuck 0
RC WALK 315 id 7 role expand pos 3,4 tgt 17,17 want EAST
V527I SEALNT 316 ph 3 fwd 1 hv 7
RC POS 316 id 5 seat 1 role expand fs 0 body 1 pos 5,9 stuck 0
RC WALK 316 id 5 role expand pos 5,9 tgt 4,16 want SOUTH
RC POS 316 id 7 seat 2 role expand fs 0 body 1 pos 4,4 stuck 0
RC WALK 316 id 7 role expand pos 4,4 tgt 17,17 want EAST
V527I SEALNT 317 ph 3 fwd 1 hv 7
RC POS 317 id 5 seat 1 role expand fs 0 body 1 pos 5,10 stuck 0
RC WALK 317 id 5 role expand pos 5,10 tgt 4,16 want EAST
RC POS 317 id 7 seat 2 role expand fs 0 body 1 pos 5,4 stuck 0
RC WALK 317 id 7 role expand pos 5,4 tgt 17,17 want SOUTH
V527I SEALNT 318 ph 3 fwd 1 hv 7
RC POS 318 id 5 seat 1 role expand fs 0 body 1 pos 6,10 stuck 0
RC WALK 318 id 5 role expand pos 6,10 tgt 4,16 want SOUTH
RC POS 318 id 7 seat 2 role expand fs 0 body 1 pos 5,5 stuck 0
RC WALK 318 id 7 role expand pos 5,5 tgt 17,17 want SOUTH
V527I SEALNT 319 ph 3 fwd 1 hv 7
RC POS 319 id 5 seat 1 role expand fs 0 body 1 pos 6,11 stuck 0
RC WALK 319 id 5 role expand pos 6,11 tgt 4,16 want SOUTH
RC POS 319 id 7 seat 2 role expand fs 0 body 1 pos 5,6 stuck 0
RC WALK 319 id 7 role expand pos 5,6 tgt 17,17 want SOUTH
V527I SEALNT 320 ph 3 fwd 1 hv 7
RC POS 320 id 5 seat 1 role expand fs 0 body 1 pos 6,12 stuck 0
RC WALK 320 id 5 role expand pos 6,12 tgt 4,15 want WEST
RC POS 320 id 7 seat 2 role expand fs 0 body 1 pos 5,7 stuck 0
RC WALK 320 id 7 role expand pos 5,7 tgt 17,17 want EAST
V527I SEALNT 321 ph 3 fwd 1 hv 7
RC POS 321 id 5 seat 1 role expand fs 0 body 1 pos 5,12 stuck 0
RC WALK 321 id 5 role expand pos 5,12 tgt 4,15 want SOUTH
RC POS 321 id 7 seat 2 role expand fs 0 body 1 pos 6,7 stuck 0
RC WALK 321 id 7 role expand pos 6,7 tgt 17,17 want SOUTH
V527I SEALNT 322 ph 3 fwd 1 hv 7
RC POS 322 id 5 seat 1 role expand fs 0 body 1 pos 5,13 stuck 0
RC WALK 322 id 5 role expand pos 5,13 tgt 4,15 want SOUTH
RC POS 322 id 7 seat 2 role expand fs 0 body 1 pos 6,8 stuck 0
RC WALK 322 id 7 role expand pos 6,8 tgt 17,17 want SOUTH
V527I SEALNT 323 ph 3 fwd 1 hv 7
RC POS 323 id 5 seat 1 role expand fs 0 body 1 pos 5,14 stuck 0
RC WALK 323 id 5 role expand pos 5,14 tgt 4,15 want WEST
RC POS 323 id 7 seat 2 role expand fs 0 body 1 pos 6,9 stuck 0
RC WALK 323 id 7 role expand pos 6,9 tgt 17,17 want SOUTH
V527I SEALNT 324 ph 3 fwd 1 hv 7
RC POS 324 id 5 seat 1 role expand fs 0 body 1 pos 4,14 stuck 0
RC WALK 324 id 5 role expand pos 4,14 tgt 4,15 want SOUTH
RC POS 324 id 7 seat 2 role expand fs 0 body 1 pos 6,10 stuck 0
RC WALK 324 id 7 role expand pos 6,10 tgt 17,17 want SOUTH
V527I SEALNT 325 ph 3 fwd 1 hv 7
RC POS 325 id 5 seat 1 role expand fs 0 body 1 pos 4,15 stuck 0
V528 PICK r 325 id 5 tgt 6,6 cs 14 bs 14 reg 0 cc 1 bc 1 cands 3 banned 0 regall 0 seat 1
RC WALK 325 id 5 role expand pos 4,15 tgt 6,6 want NORTH
RC POS 325 id 7 seat 2 role expand fs 0 body 1 pos 6,11 stuck 0
RC WALK 325 id 7 role expand pos 6,11 tgt 17,17 want SOUTH
V527I SEALNT 326 ph 3 fwd 1 hv 7
RC POS 326 id 5 seat 1 role expand fs 0 body 1 pos 4,14 stuck 0
RC WALK 326 id 5 role expand pos 4,14 tgt 6,6 want NORTH
RC POS 326 id 7 seat 2 role expand fs 0 body 1 pos 6,12 stuck 0
RC WALK 326 id 7 role expand pos 6,12 tgt 17,17 want WEST
V527I SEALNT 327 ph 3 fwd 1 hv 7
RC POS 327 id 5 seat 1 role expand fs 0 body 1 pos 4,13 stuck 0
RC WALK 327 id 5 role expand pos 4,13 tgt 6,6 want WEST
RC POS 327 id 7 seat 2 role expand fs 0 body 1 pos 5,12 stuck 0
RC WALK 327 id 7 role expand pos 5,12 tgt 17,17 want SOUTH
V527I SEALNT 328 ph 3 fwd 1 hv 7
RC POS 328 id 5 seat 1 role expand fs 0 body 1 pos 3,13 stuck 0
RC WALK 328 id 5 role expand pos 3,13 tgt 6,6 want NORTH
RC POS 328 id 7 seat 2 role expand fs 0 body 1 pos 5,13 stuck 0
RC WALK 328 id 7 role expand pos 5,13 tgt 17,17 want SOUTH
V527I SEALNT 329 ph 3 fwd 1 hv 7
RC POS 329 id 5 seat 1 role expand fs 0 body 1 pos 3,12 stuck 0
RC WALK 329 id 5 role expand pos 3,12 tgt 6,6 want EAST
RC POS 329 id 7 seat 2 role expand fs 0 body 1 pos 5,14 stuck 0
RC WALK 329 id 7 role expand pos 5,14 tgt 17,17 want SOUTH
V527I SEALNT 330 ph 3 fwd 1 hv 7
RC POS 330 id 5 seat 1 role expand fs 0 body 1 pos 4,12 stuck 0
RC WALK 330 id 5 role expand pos 4,12 tgt 6,6 want EAST
RC POS 330 id 7 seat 2 role expand fs 0 body 1 pos 5,15 stuck 0
RC WALK 330 id 7 role expand pos 5,15 tgt 17,17 want WEST
V527I SEALNT 331 ph 3 fwd 1 hv 7
RC POS 331 id 5 seat 1 role expand fs 0 body 1 pos 5,12 stuck 0
RC WALK 331 id 5 role expand pos 5,12 tgt 6,6 want EAST
RC POS 331 id 7 seat 2 role expand fs 0 body 1 pos 4,15 stuck 0
RC WALK 331 id 7 role expand pos 4,15 tgt 17,17 want WEST
V527I SEALNT 332 ph 3 fwd 1 hv 7
RC POS 332 id 5 seat 1 role expand fs 0 body 1 pos 6,12 stuck 0
RC WALK 332 id 5 role expand pos 6,12 tgt 6,6 want NORTH
RC POS 332 id 7 seat 2 role expand fs 0 body 1 pos 3,15 stuck 0
RC WALK 332 id 7 role expand pos 3,15 tgt 17,17 want SOUTH
V527I SEALNT 333 ph 3 fwd 1 hv 7
RC POS 333 id 5 seat 1 role expand fs 0 body 1 pos 6,11 stuck 0
RC WALK 333 id 5 role expand pos 6,11 tgt 6,6 want NORTH
RC POS 333 id 7 seat 2 role expand fs 0 body 1 pos 3,16 stuck 0
RC WALK 333 id 7 role expand pos 3,16 tgt 17,17 want SOUTH
V527I SEALNT 334 ph 3 fwd 1 hv 7
RC POS 334 id 5 seat 1 role expand fs 0 body 1 pos 6,10 stuck 0
RC WALK 334 id 5 role expand pos 6,10 tgt 5,6 want NORTH
RC POS 334 id 7 seat 2 role expand fs 0 body 1 pos 3,17 stuck 0
RC WALK 334 id 7 role expand pos 3,17 tgt 17,17 want EAST
V527I SEALNT 335 ph 3 fwd 1 hv 7
RC POS 335 id 5 seat 1 role expand fs 0 body 1 pos 6,9 stuck 0
RC WALK 335 id 5 role expand pos 6,9 tgt 5,6 want NORTH
RC POS 335 id 7 seat 2 role expand fs 0 body 1 pos 4,17 stuck 0
RC WALK 335 id 7 role expand pos 4,17 tgt 17,17 want EAST
V527I SEALNT 336 ph 3 fwd 1 hv 7
RC POS 336 id 5 seat 1 role expand fs 0 body 1 pos 6,8 stuck 0
RC WALK 336 id 5 role expand pos 6,8 tgt 5,6 want NORTH
RC POS 336 id 7 seat 2 role expand fs 0 body 1 pos 5,17 stuck 0
RC WALK 336 id 7 role expand pos 5,17 tgt 17,17 want EAST
V527I SEALNT 337 ph 3 fwd 1 hv 7
RC POS 337 id 5 seat 1 role expand fs 0 body 1 pos 6,7 stuck 0
RC WALK 337 id 5 role expand pos 6,7 tgt 5,6 want WEST
RC POS 337 id 7 seat 2 role expand fs 0 body 1 pos 6,17 stuck 0
RC WALK 337 id 7 role expand pos 6,17 tgt 17,17 want EAST
V527I SEALNT 338 ph 3 fwd 1 hv 7
RC POS 338 id 5 seat 1 role expand fs 0 body 1 pos 5,7 stuck 0
RC WALK 338 id 5 role expand pos 5,7 tgt 5,6 want NORTH
RC POS 338 id 7 seat 2 role expand fs 0 body 1 pos 7,17 stuck 0
RC WALK 338 id 7 role expand pos 7,17 tgt 17,17 want EAST
V527I SEALNT 339 ph 3 fwd 1 hv 7
RC POS 339 id 5 seat 1 role expand fs 0 body 1 pos 5,6 stuck 0
V528 PICK r 339 id 5 tgt 4,16 cs 17 bs 17 reg 0 cc 2 bc 2 cands 3 banned 0 regall 0 seat 1
RC WALK 339 id 5 role expand pos 5,6 tgt 4,16 want SOUTH
RC POS 339 id 7 seat 2 role expand fs 0 body 1 pos 8,17 stuck 0
RC WALK 339 id 7 role expand pos 8,17 tgt 17,17 want SOUTH
V527I SEALNT 340 ph 3 fwd 1 hv 7
RC POS 340 id 5 seat 1 role expand fs 0 body 1 pos 5,7 stuck 0
RC WALK 340 id 5 role expand pos 5,7 tgt 4,16 want SOUTH
RC POS 340 id 7 seat 2 role expand fs 0 body 1 pos 8,18 stuck 0
RC WALK 340 id 7 role expand pos 8,18 tgt 17,17 want EAST
V527I SEALNT 341 ph 3 fwd 1 hv 7
RC POS 341 id 5 seat 1 role expand fs 0 body 1 pos 5,8 stuck 0
RC WALK 341 id 5 role expand pos 5,8 tgt 4,16 want SOUTH
RC POS 341 id 7 seat 2 role expand fs 0 body 1 pos 9,18 stuck 0
RC WALK 341 id 7 role expand pos 9,18 tgt 17,17 want EAST
V527I SEALNT 342 ph 3 fwd 1 hv 7
RC POS 342 id 5 seat 1 role expand fs 0 body 1 pos 5,9 stuck 0
RC WALK 342 id 5 role expand pos 5,9 tgt 4,16 want SOUTH
RC POS 342 id 7 seat 2 role expand fs 0 body 1 pos 10,18 stuck 0
RC WALK 342 id 7 role expand pos 10,18 tgt 17,17 want EAST
V527I SEALNT 343 ph 3 fwd 1 hv 7
RC POS 343 id 5 seat 1 role expand fs 0 body 1 pos 5,10 stuck 0
RC WALK 343 id 5 role expand pos 5,10 tgt 4,16 want EAST
RC POS 343 id 7 seat 2 role expand fs 0 body 1 pos 11,18 stuck 0
RC WALK 343 id 7 role expand pos 11,18 tgt 17,17 want EAST
V527I SEALNT 344 ph 3 fwd 1 hv 7
RC POS 344 id 5 seat 1 role expand fs 0 body 1 pos 6,10 stuck 0
RC WALK 344 id 5 role expand pos 6,10 tgt 4,16 want SOUTH
RC POS 344 id 7 seat 2 role expand fs 0 body 1 pos 12,18 stuck 0
RC WALK 344 id 7 role expand pos 12,18 tgt 17,17 want EAST
V527I SEALNT 345 ph 3 fwd 1 hv 7
RC POS 345 id 5 seat 1 role expand fs 0 body 1 pos 6,11 stuck 0
RC WALK 345 id 5 role expand pos 6,11 tgt 4,16 want SOUTH
RC POS 345 id 7 seat 2 role expand fs 0 body 1 pos 13,18 stuck 0
RC WALK 345 id 7 role expand pos 13,18 tgt 16,17 want EAST
V527I SEALNT 346 ph 3 fwd 1 hv 7
RC POS 346 id 5 seat 1 role expand fs 0 body 1 pos 6,12 stuck 0
RC WALK 346 id 5 role expand pos 6,12 tgt 4,15 want WEST
RC POS 346 id 7 seat 2 role expand fs 0 body 1 pos 14,18 stuck 0
RC WALK 346 id 7 role expand pos 14,18 tgt 16,17 want EAST
V527I SEALNT 347 ph 3 fwd 1 hv 7
RC POS 347 id 5 seat 1 role expand fs 0 body 1 pos 5,12 stuck 0
RC WALK 347 id 5 role expand pos 5,12 tgt 4,15 want SOUTH
RC POS 347 id 7 seat 2 role expand fs 0 body 1 pos 15,18 stuck 0
RC WALK 347 id 7 role expand pos 15,18 tgt 16,17 want EAST
V527I SEALNT 348 ph 3 fwd 1 hv 7
RC POS 348 id 5 seat 1 role expand fs 0 body 1 pos 5,13 stuck 0
RC WALK 348 id 5 role expand pos 5,13 tgt 4,15 want SOUTH
RC POS 348 id 7 seat 2 role expand fs 0 body 1 pos 16,18 stuck 0
RC WALK 348 id 7 role expand pos 16,18 tgt 16,17 want NORTH
V527I SEALNT 349 ph 3 fwd 1 hv 7
RC POS 349 id 5 seat 1 role expand fs 0 body 1 pos 5,14 stuck 0
RC WALK 349 id 5 role expand pos 5,14 tgt 4,15 want WEST
RC POS 349 id 7 seat 2 role expand fs 0 body 1 pos 16,17 stuck 0
V528 CONN r 349 id 7 at 17,17 chosen 11 best 1 regret 10 cands 3 role expand seat 2
V527I SEALNT 350 ph 3 fwd 1 hv 8
RC POS 350 id 5 seat 1 role expand fs 0 body 1 pos 4,14 stuck 0
RC WALK 350 id 5 role expand pos 4,14 tgt 4,15 want SOUTH
RC POS 350 id 7 seat 2 role expand fs 0 body 1 pos 16,17 stuck 1
V527I SEALNT 351 ph 3 fwd 1 hv 8
RC POS 351 id 5 seat 1 role expand fs 0 body 1 pos 4,15 stuck 0
V528 PICK r 351 id 5 tgt 6,6 cs 14 bs 14 reg 0 cc 1 bc 1 cands 3 banned 0 regall 0 seat 1
RC WALK 351 id 5 role expand pos 4,15 tgt 6,6 want NORTH
RC POS 351 id 7 seat 2 role expand fs 0 body 1 pos 16,17 stuck 2
V527I SEALNT 352 ph 3 fwd 1 hv 8
RC POS 352 id 5 seat 1 role expand fs 0 body 1 pos 4,14 stuck 0
RC WALK 352 id 5 role expand pos 4,14 tgt 6,6 want NORTH
RC POS 352 id 7 seat 2 role expand fs 0 body 1 pos 15,17 stuck 0
V527I SEALNT 353 ph 3 fwd 1 hv 8
RC POS 353 id 5 seat 1 role expand fs 0 body 1 pos 4,13 stuck 0
RC WALK 353 id 5 role expand pos 4,13 tgt 6,6 want NORTH
RC POS 353 id 7 seat 2 role expand fs 0 body 1 pos 15,17 stuck 1
V527I SEALNT 354 ph 3 fwd 1 hv 8
RC POS 354 id 5 seat 1 role expand fs 0 body 1 pos 4,12 stuck 0
RC WALK 354 id 5 role expand pos 4,12 tgt 6,6 want EAST
RC POS 354 id 7 seat 2 role expand fs 0 body 1 pos 15,17 stuck 2
RC WALK 354 id 7 role expand pos 15,17 tgt 13,17 want WEST
V527I SEALNT 355 ph 3 fwd 1 hv 8
RC POS 355 id 5 seat 1 role expand fs 0 body 1 pos 5,12 stuck 0
RC WALK 355 id 5 role expand pos 5,12 tgt 6,6 want EAST
RC POS 355 id 7 seat 2 role expand fs 0 body 1 pos 14,17 stuck 0
V527I SEALNT 356 ph 3 fwd 1 hv 8
RC POS 356 id 5 seat 1 role expand fs 0 body 1 pos 6,12 stuck 0
RC WALK 356 id 5 role expand pos 6,12 tgt 6,6 want NORTH
RC POS 356 id 7 seat 2 role expand fs 0 body 1 pos 14,17 stuck 1
V527I SEALNT 357 ph 3 fwd 1 hv 8
RC POS 357 id 5 seat 1 role expand fs 0 body 1 pos 6,11 stuck 0
RC WALK 357 id 5 role expand pos 6,11 tgt 6,6 want NORTH
RC POS 357 id 7 seat 2 role expand fs 0 body 1 pos 14,17 stuck 2
RC WALK 357 id 7 role expand pos 14,17 tgt 13,16 want WEST
V527I SEALNT 358 ph 3 fwd 1 hv 8
RC POS 358 id 5 seat 1 role expand fs 0 body 1 pos 6,10 stuck 0
RC WALK 358 id 5 role expand pos 6,10 tgt 5,6 want NORTH
RC POS 358 id 7 seat 2 role expand fs 0 body 1 pos 13,17 stuck 0
V527I SEALNT 359 ph 3 fwd 1 hv 8
RC POS 359 id 5 seat 1 role expand fs 0 body 1 pos 6,9 stuck 0
RC WALK 359 id 5 role expand pos 6,9 tgt 5,6 want NORTH
RC POS 359 id 7 seat 2 role expand fs 0 body 1 pos 13,17 stuck 1
V527I SEALNT 360 ph 3 fwd 1 hv 8
RC POS 360 id 5 seat 1 role expand fs 0 body 1 pos 6,8 stuck 0
RC WALK 360 id 5 role expand pos 6,8 tgt 5,6 want NORTH
RC POS 360 id 7 seat 2 role expand fs 0 body 1 pos 13,17 stuck 2
V527I SEALNT 361 ph 3 fwd 1 hv 8
RC POS 361 id 5 seat 1 role expand fs 0 body 1 pos 6,7 stuck 0
RC WALK 361 id 5 role expand pos 6,7 tgt 5,6 want WEST
RC POS 361 id 7 seat 2 role expand fs 0 body 1 pos 13,17 stuck 3
RC WALK 361 id 7 role expand pos 13,17 tgt 12,16 want WEST
V527I SEALNT 362 ph 3 fwd 1 hv 8
RC POS 362 id 5 seat 1 role expand fs 0 body 1 pos 5,7 stuck 0
RC WALK 362 id 5 role expand pos 5,7 tgt 5,6 want NORTH
RC POS 362 id 7 seat 2 role expand fs 0 body 1 pos 12,17 stuck 0
V527I SEALNT 363 ph 3 fwd 1 hv 8
RC POS 363 id 5 seat 1 role expand fs 0 body 1 pos 5,6 stuck 0
V528 PICK r 363 id 5 tgt 4,16 cs 17 bs 17 reg 0 cc 2 bc 2 cands 3 banned 0 regall 0 seat 1
RC WALK 363 id 5 role expand pos 5,6 tgt 4,16 want SOUTH
RC POS 363 id 7 seat 2 role expand fs 0 body 1 pos 12,17 stuck 1
RC WALK 363 id 7 role expand pos 12,17 tgt 11,16 want WEST
V527I SEALNT 364 ph 3 fwd 1 hv 8
RC POS 364 id 5 seat 1 role expand fs 0 body 1 pos 5,7 stuck 0
RC WALK 364 id 5 role expand pos 5,7 tgt 4,16 want SOUTH
RC POS 364 id 7 seat 2 role expand fs 0 body 1 pos 11,17 stuck 0
V527I SEALNT 365 ph 3 fwd 1 hv 8
RC POS 365 id 5 seat 1 role expand fs 0 body 1 pos 5,8 stuck 0
RC WALK 365 id 5 role expand pos 5,8 tgt 4,16 want SOUTH
RC POS 365 id 7 seat 2 role expand fs 0 body 1 pos 11,17 stuck 1
RC WALK 365 id 7 role expand pos 11,17 tgt 10,16 want NORTH
V527I SEALNT 366 ph 3 fwd 1 hv 8
RC POS 366 id 5 seat 1 role expand fs 0 body 1 pos 5,9 stuck 0
RC WALK 366 id 5 role expand pos 5,9 tgt 4,16 want SOUTH
RC POS 366 id 7 seat 2 role expand fs 0 body 1 pos 11,16 stuck 0
V527I SEALNT 367 ph 3 fwd 1 hv 8
RC POS 367 id 5 seat 1 role expand fs 0 body 1 pos 5,10 stuck 0
RC WALK 367 id 5 role expand pos 5,10 tgt 4,16 want EAST
RC POS 367 id 7 seat 2 role expand fs 0 body 1 pos 11,16 stuck 1
V527I SEALNT 368 ph 3 fwd 1 hv 8
RC POS 368 id 5 seat 1 role expand fs 0 body 1 pos 6,10 stuck 0
RC WALK 368 id 5 role expand pos 6,10 tgt 4,16 want SOUTH
RC POS 368 id 7 seat 2 role expand fs 0 body 1 pos 11,16 stuck 2
RC WALK 368 id 7 role expand pos 11,16 tgt 9,16 want WEST
V527I SEALNT 369 ph 3 fwd 1 hv 8
RC POS 369 id 5 seat 1 role expand fs 0 body 1 pos 6,11 stuck 0
RC WALK 369 id 5 role expand pos 6,11 tgt 4,16 want SOUTH
RC POS 369 id 7 seat 2 role expand fs 0 body 1 pos 10,16 stuck 0
RC WALK 369 id 7 role expand pos 10,16 tgt 8,16 want WEST
V527I SEALNT 370 ph 3 fwd 1 hv 8
RC POS 370 id 5 seat 1 role expand fs 0 body 1 pos 6,12 stuck 0
RC WALK 370 id 5 role expand pos 6,12 tgt 4,15 want WEST
RC POS 370 id 7 seat 2 role expand fs 0 body 1 pos 9,16 stuck 0
RC WALK 370 id 7 role expand pos 9,16 tgt 7,16 want WEST
V527I SEALNT 371 ph 3 fwd 1 hv 8
RC POS 371 id 5 seat 1 role expand fs 0 body 1 pos 5,12 stuck 0
RC WALK 371 id 5 role expand pos 5,12 tgt 4,15 want SOUTH
RC POS 371 id 7 seat 2 role expand fs 0 body 1 pos 8,16 stuck 0
RC WALK 371 id 7 role expand pos 8,16 tgt 6,16 want WEST
V527I SEALNT 372 ph 3 fwd 1 hv 8
RC POS 372 id 5 seat 1 role expand fs 0 body 1 pos 5,13 stuck 0
RC WALK 372 id 5 role expand pos 5,13 tgt 4,15 want SOUTH
RC POS 372 id 7 seat 2 role expand fs 0 body 1 pos 7,16 stuck 0
RC WALK 372 id 7 role expand pos 7,16 tgt 6,17 want WEST
V527I SEALNT 373 ph 3 fwd 1 hv 8
RC POS 373 id 5 seat 1 role expand fs 0 body 1 pos 5,14 stuck 0
RC WALK 373 id 5 role expand pos 5,14 tgt 4,15 want WEST
RC POS 373 id 7 seat 2 role expand fs 0 body 1 pos 6,16 stuck 0
RC WALK 373 id 7 role expand pos 6,16 tgt 5,17 want SOUTH
V527I SEALNT 374 ph 3 fwd 1 hv 8
RC POS 374 id 5 seat 1 role expand fs 0 body 1 pos 4,14 stuck 0
RC WALK 374 id 5 role expand pos 4,14 tgt 4,15 want SOUTH
RC POS 374 id 7 seat 2 role expand fs 0 body 1 pos 6,17 stuck 0
RC WALK 374 id 7 role expand pos 6,17 tgt 4,17 want WEST
V527I SEALNT 375 ph 3 fwd 1 hv 8
RC POS 375 id 5 seat 1 role expand fs 0 body 1 pos 4,15 stuck 0
V528 PICK r 375 id 5 tgt 6,6 cs 14 bs 14 reg 0 cc 1 bc 1 cands 3 banned 0 regall 0 seat 1
RC WALK 375 id 5 role expand pos 4,15 tgt 6,6 want NORTH
RC POS 375 id 7 seat 2 role expand fs 0 body 1 pos 5,17 stuck 0
RC WALK 375 id 7 role expand pos 5,17 tgt 3,17 want WEST
V527I SEALNT 376 ph 3 fwd 1 hv 8
RC POS 376 id 5 seat 1 role expand fs 0 body 1 pos 4,14 stuck 0
RC WALK 376 id 5 role expand pos 4,14 tgt 6,6 want NORTH
RC POS 376 id 7 seat 2 role expand fs 0 body 1 pos 4,17 stuck 0
RC WALK 376 id 7 role expand pos 4,17 tgt 3,16 want WEST
V527I SEALNT 377 ph 3 fwd 1 hv 8
RC POS 377 id 5 seat 1 role expand fs 0 body 1 pos 4,13 stuck 0
RC WALK 377 id 5 role expand pos 4,13 tgt 6,6 want NORTH
RC POS 377 id 7 seat 2 role expand fs 0 body 1 pos 3,17 stuck 0
RC WALK 377 id 7 role expand pos 3,17 tgt 3,15 want NORTH
V527I SEALNT 378 ph 3 fwd 1 hv 8
RC POS 378 id 5 seat 1 role expand fs 0 body 1 pos 4,12 stuck 0
RC WALK 378 id 5 role expand pos 4,12 tgt 6,6 want EAST
RC POS 378 id 7 seat 2 role expand fs 0 body 1 pos 3,16 stuck 0
RC WALK 378 id 7 role expand pos 3,16 tgt 3,14 want NORTH
V527I SEALNT 379 ph 3 fwd 1 hv 8
RC POS 379 id 5 seat 1 role expand fs 0 body 1 pos 5,12 stuck 0
RC WALK 379 id 5 role expand pos 5,12 tgt 6,6 want EAST
RC POS 379 id 7 seat 2 role expand fs 0 body 1 pos 3,15 stuck 0
RC WALK 379 id 7 role expand pos 3,15 tgt 3,13 want NORTH
V527I SEALNT 380 ph 3 fwd 1 hv 8
RC POS 380 id 5 seat 1 role expand fs 0 body 1 pos 6,12 stuck 0
RC WALK 380 id 5 role expand pos 6,12 tgt 6,6 want NORTH
RC POS 380 id 7 seat 2 role expand fs 0 body 1 pos 3,14 stuck 0
RC WALK 380 id 7 role expand pos 3,14 tgt 3,12 want NORTH
V527I SEALNT 381 ph 3 fwd 1 hv 8
RC POS 381 id 5 seat 1 role expand fs 0 body 1 pos 6,11 stuck 0
RC WALK 381 id 5 role expand pos 6,11 tgt 6,6 want NORTH
RC POS 381 id 7 seat 2 role expand fs 0 body 1 pos 3,13 stuck 0
RC WALK 381 id 7 role expand pos 3,13 tgt 3,11 want NORTH
V527I SEALNT 382 ph 3 fwd 1 hv 8
RC POS 382 id 5 seat 1 role expand fs 0 body 1 pos 6,10 stuck 0
RC WALK 382 id 5 role expand pos 6,10 tgt 5,6 want NORTH
RC POS 382 id 7 seat 2 role expand fs 0 body 1 pos 3,12 stuck 0
RC WALK 382 id 7 role expand pos 3,12 tgt 3,11 want CENTRE
V527I SEALNT 383 ph 3 fwd 1 hv 8
RC POS 383 id 5 seat 1 role expand fs 0 body 1 pos 6,9 stuck 0
RC WALK 383 id 5 role expand pos 6,9 tgt 5,6 want NORTH
RC POS 383 id 7 seat 2 role expand fs 0 body 1 pos 3,12 stuck 1
RC WALK 383 id 7 role expand pos 3,12 tgt 3,11 want CENTRE
V527I SEALNT 384 ph 3 fwd 1 hv 8
RC POS 384 id 5 seat 1 role expand fs 0 body 1 pos 6,8 stuck 0
RC WALK 384 id 5 role expand pos 6,8 tgt 5,6 want NORTH
RC POS 384 id 7 seat 2 role expand fs 0 body 1 pos 3,12 stuck 2
RC WALK 384 id 7 role expand pos 3,12 tgt 3,11 want CENTRE
V527I SEALNT 385 ph 3 fwd 1 hv 8
RC POS 385 id 5 seat 1 role expand fs 0 body 1 pos 6,7 stuck 0
RC WALK 385 id 5 role expand pos 6,7 tgt 5,6 want WEST
RC POS 385 id 7 seat 2 role expand fs 0 body 1 pos 3,12 stuck 3
RC WALK 385 id 7 role expand pos 3,12 tgt 3,11 want CENTRE
V527I SEALNT 386 ph 3 fwd 1 hv 8
RC POS 386 id 5 seat 1 role expand fs 0 body 1 pos 5,7 stuck 0
RC WALK 386 id 5 role expand pos 5,7 tgt 5,6 want NORTH
RC POS 386 id 7 seat 2 role expand fs 0 body 1 pos 3,12 stuck 4
RC WALK 386 id 7 role expand pos 3,12 tgt 3,11 want CENTRE
V527I SEALNT 387 ph 3 fwd 1 hv 8
RC POS 387 id 5 seat 1 role expand fs 0 body 1 pos 5,6 stuck 0
V528 PICK r 387 id 5 tgt 4,16 cs 17 bs 17 reg 0 cc 2 bc 2 cands 3 banned 0 regall 0 seat 1
RC WALK 387 id 5 role expand pos 5,6 tgt 4,16 want SOUTH
RC POS 387 id 7 seat 2 role expand fs 0 body 1 pos 3,12 stuck 5
V528 PICK r 387 id 7 tgt 2,2 cs 14 bs 14 reg 0 cc 1 bc 1 cands 4 banned 0 regall 0 seat 2
RC WALK 387 id 7 role expand pos 3,12 tgt 2,2 want EAST
V527I SEALNT 388 ph 3 fwd 1 hv 8
RC POS 388 id 5 seat 1 role expand fs 0 body 1 pos 5,7 stuck 0
RC WALK 388 id 5 role expand pos 5,7 tgt 4,16 want SOUTH
RC POS 388 id 7 seat 2 role expand fs 0 body 1 pos 4,12 stuck 0
RC WALK 388 id 7 role expand pos 4,12 tgt 2,2 want EAST
V527I SEALNT 389 ph 3 fwd 1 hv 8
RC POS 389 id 5 seat 1 role expand fs 0 body 1 pos 5,8 stuck 0
RC WALK 389 id 5 role expand pos 5,8 tgt 4,16 want SOUTH
RC POS 389 id 7 seat 2 role expand fs 0 body 1 pos 5,12 stuck 0
RC WALK 389 id 7 role expand pos 5,12 tgt 2,2 want EAST
V527I SEALNT 390 ph 3 fwd 1 hv 8
RC POS 390 id 5 seat 1 role expand fs 0 body 1 pos 5,9 stuck 0
RC WALK 390 id 5 role expand pos 5,9 tgt 4,16 want NORTH
RC POS 390 id 7 seat 2 role expand fs 0 body 1 pos 6,12 stuck 0
RC WALK 390 id 7 role expand pos 6,12 tgt 2,2 want NORTH
V527I SEALNT 391 ph 3 fwd 1 hv 8
RC POS 391 id 5 seat 1 role expand fs 0 body 1 pos 5,8 stuck 0
RC WALK 391 id 5 role expand pos 5,8 tgt 4,16 want SOUTH
RC POS 391 id 7 seat 2 role expand fs 0 body 1 pos 6,11 stuck 0
RC WALK 391 id 7 role expand pos 6,11 tgt 2,2 want NORTH
V527I SEALNT 392 ph 3 fwd 1 hv 8
RC POS 392 id 5 seat 1 role expand fs 0 body 1 pos 5,9 stuck 0
RC WALK 392 id 5 role expand pos 5,9 tgt 4,16 want EAST
RC POS 392 id 7 seat 2 role expand fs 0 body 1 pos 6,10 stuck 0
RC WALK 392 id 7 role expand pos 6,10 tgt 2,2 want WEST
V527I SEALNT 393 ph 3 fwd 1 hv 8
RC POS 393 id 5 seat 1 role expand fs 0 body 1 pos 6,9 stuck 0
RC WALK 393 id 5 role expand pos 6,9 tgt 4,16 want SOUTH
RC POS 393 id 7 seat 2 role expand fs 0 body 1 pos 5,10 stuck 0
RC WALK 393 id 7 role expand pos 5,10 tgt 2,2 want NORTH
V527I SEALNT 394 ph 3 fwd 1 hv 8
RC POS 394 id 5 seat 1 role expand fs 0 body 1 pos 6,10 stuck 0
RC WALK 394 id 5 role expand pos 6,10 tgt 4,16 want SOUTH
RC POS 394 id 7 seat 2 role expand fs 0 body 1 pos 5,9 stuck 0
RC WALK 394 id 7 role expand pos 5,9 tgt 2,2 want NORTH
V527I SEALNT 395 ph 3 fwd 1 hv 8
RC POS 395 id 5 seat 1 role expand fs 0 body 1 pos 6,11 stuck 0
RC WALK 395 id 5 role expand pos 6,11 tgt 4,16 want SOUTH
RC POS 395 id 7 seat 2 role expand fs 0 body 1 pos 5,8 stuck 0
RC WALK 395 id 7 role expand pos 5,8 tgt 2,2 want NORTH
V527I SEALNT 396 ph 3 fwd 1 hv 8
RC POS 396 id 5 seat 1 role expand fs 0 body 1 pos 6,12 stuck 0
RC WALK 396 id 5 role expand pos 6,12 tgt 4,15 want WEST
RC POS 396 id 7 seat 2 role expand fs 0 body 1 pos 5,7 stuck 0
RC WALK 396 id 7 role expand pos 5,7 tgt 2,2 want NORTH
V527I SEALNT 397 ph 3 fwd 1 hv 8
RC POS 397 id 5 seat 1 role expand fs 0 body 1 pos 5,12 stuck 0
RC WALK 397 id 5 role expand pos 5,12 tgt 4,15 want SOUTH
RC POS 397 id 7 seat 2 role expand fs 0 body 1 pos 5,6 stuck 0
RC WALK 397 id 7 role expand pos 5,6 tgt 2,2 want NORTH
V527I SEALNT 398 ph 3 fwd 1 hv 8
RC POS 398 id 5 seat 1 role expand fs 0 body 1 pos 5,13 stuck 0
RC WALK 398 id 5 role expand pos 5,13 tgt 4,15 want SOUTH
RC POS 398 id 7 seat 2 role expand fs 0 body 1 pos 5,5 stuck 0
RC WALK 398 id 7 role expand pos 5,5 tgt 2,2 want WEST
V527I SEALNT 399 ph 3 fwd 1 hv 8
RC POS 399 id 5 seat 1 role expand fs 0 body 1 pos 5,14 stuck 0
RC WALK 399 id 5 role expand pos 5,14 tgt 4,15 want WEST
RC POS 399 id 7 seat 2 role expand fs 0 body 1 pos 4,5 stuck 0
RC WALK 399 id 7 role expand pos 4,5 tgt 1,2 want WEST
V527I SEALNT 400 ph 3 fwd 1 hv 8
RC POS 400 id 5 seat 1 role expand fs 0 body 1 pos 4,14 stuck 0
RC WALK 400 id 5 role expand pos 4,14 tgt 4,15 want SOUTH
RC POS 400 id 7 seat 2 role expand fs 0 body 1 pos 3,5 stuck 0
RC WALK 400 id 7 role expand pos 3,5 tgt 1,2 want NORTH
V527I SEALNT 401 ph 3 fwd 1 hv 8
RC POS 401 id 5 seat 1 role expand fs 0 body 1 pos 4,15 stuck 0
V528 PICK r 401 id 5 tgt 6,6 cs 14 bs 14 reg 0 cc 1 bc 1 cands 3 banned 0 regall 0 seat 1
RC WALK 401 id 5 role expand pos 4,15 tgt 6,6 want NORTH
RC POS 401 id 7 seat 2 role expand fs 0 body 1 pos 3,4 stuck 0
RC WALK 401 id 7 role expand pos 3,4 tgt 1,2 want WEST
V527I SEALNT 402 ph 3 fwd 1 hv 8
RC POS 402 id 5 seat 1 role expand fs 0 body 1 pos 4,14 stuck 0
RC WALK 402 id 5 role expand pos 4,14 tgt 6,6 want NORTH
RC POS 402 id 7 seat 2 role expand fs 0 body 1 pos 2,4 stuck 0
RC WALK 402 id 7 role expand pos 2,4 tgt 1,2 want NORTH
V527I SEALNT 403 ph 3 fwd 1 hv 8
RC POS 403 id 5 seat 1 role expand fs 0 body 1 pos 4,13 stuck 0
RC WALK 403 id 5 role expand pos 4,13 tgt 6,6 want NORTH
RC POS 403 id 7 seat 2 role expand fs 0 body 1 pos 2,3 stuck 0
RC WALK 403 id 7 role expand pos 2,3 tgt 1,2 want WEST
V527I SEALNT 404 ph 3 fwd 1 hv 8
RC POS 404 id 5 seat 1 role expand fs 0 body 1 pos 4,12 stuck 0
RC WALK 404 id 5 role expand pos 4,12 tgt 6,6 want EAST
RC POS 404 id 7 seat 2 role expand fs 0 body 1 pos 1,3 stuck 0
RC WALK 404 id 7 role expand pos 1,3 tgt 1,2 want NORTH
V527I SEALNT 405 ph 3 fwd 1 hv 8
RC POS 405 id 5 seat 1 role expand fs 0 body 1 pos 5,12 stuck 0
RC WALK 405 id 5 role expand pos 5,12 tgt 6,6 want EAST
RC POS 405 id 7 seat 2 role expand fs 0 body 1 pos 1,2 stuck 0
V528 PICK r 405 id 7 tgt 17,17 cs 64 bs 64 reg 0 cc 11 bc 11 cands 3 banned 0 regall 0 seat 2
RC WALK 405 id 7 role expand pos 1,2 tgt 17,17 want SOUTH
V527I SEALNT 406 ph 3 fwd 1 hv 8
RC POS 406 id 5 seat 1 role expand fs 0 body 1 pos 6,12 stuck 0
RC WALK 406 id 5 role expand pos 6,12 tgt 6,6 want NORTH
RC POS 406 id 7 seat 2 role expand fs 0 body 1 pos 1,3 stuck 0
RC WALK 406 id 7 role expand pos 1,3 tgt 17,17 want EAST
V527I SEALNT 407 ph 3 fwd 1 hv 8
RC POS 407 id 5 seat 1 role expand fs 0 body 1 pos 6,11 stuck 0
RC WALK 407 id 5 role expand pos 6,11 tgt 6,6 want NORTH
RC POS 407 id 7 seat 2 role expand fs 0 body 1 pos 2,3 stuck 0
RC WALK 407 id 7 role expand pos 2,3 tgt 17,17 want EAST
V527I SEALNT 408 ph 3 fwd 1 hv 8
RC POS 408 id 5 seat 1 role expand fs 0 body 1 pos 6,10 stuck 0
RC WALK 408 id 5 role expand pos 6,10 tgt 5,6 want NORTH
RC POS 408 id 7 seat 2 role expand fs 0 body 1 pos 3,3 stuck 0
RC WALK 408 id 7 role expand pos 3,3 tgt 17,17 want SOUTH
V527I SEALNT 409 ph 3 fwd 1 hv 8
RC POS 409 id 5 seat 1 role expand fs 0 body 1 pos 6,9 stuck 0
RC WALK 409 id 5 role expand pos 6,9 tgt 5,6 want NORTH
RC POS 409 id 7 seat 2 role expand fs 0 body 1 pos 3,4 stuck 0
RC WALK 409 id 7 role expand pos 3,4 tgt 17,17 want EAST
V527I SEALNT 410 ph 3 fwd 1 hv 8
RC POS 410 id 5 seat 1 role expand fs 0 body 1 pos 6,8 stuck 0
RC WALK 410 id 5 role expand pos 6,8 tgt 5,6 want NORTH
RC POS 410 id 7 seat 2 role expand fs 0 body 1 pos 4,4 stuck 0
RC WALK 410 id 7 role expand pos 4,4 tgt 17,17 want EAST
V527I SEALNT 411 ph 3 fwd 1 hv 8
RC POS 411 id 5 seat 1 role expand fs 0 body 1 pos 6,7 stuck 0
RC WALK 411 id 5 role expand pos 6,7 tgt 5,6 want WEST
RC POS 411 id 7 seat 2 role expand fs 0 body 1 pos 5,4 stuck 0
RC WALK 411 id 7 role expand pos 5,4 tgt 17,17 want SOUTH
V527I SEALNT 412 ph 3 fwd 1 hv 8
RC POS 412 id 5 seat 1 role expand fs 0 body 1 pos 5,7 stuck 0
RC WALK 412 id 5 role expand pos 5,7 tgt 5,6 want NORTH
RC POS 412 id 7 seat 2 role expand fs 0 body 1 pos 5,5 stuck 0
RC WALK 412 id 7 role expand pos 5,5 tgt 17,17 want WEST
V527I SEALNT 413 ph 3 fwd 1 hv 8
RC POS 413 id 5 seat 1 role expand fs 0 body 1 pos 5,6 stuck 0
V528 PICK r 413 id 5 tgt 4,16 cs 17 bs 17 reg 0 cc 2 bc 2 cands 3 banned 0 regall 0 seat 1
RC WALK 413 id 5 role expand pos 5,6 tgt 4,16 want SOUTH
RC POS 413 id 7 seat 2 role expand fs 0 body 1 pos 4,5 stuck 0
RC WALK 413 id 7 role expand pos 4,5 tgt 17,17 want SOUTH
V527I SEALNT 414 ph 3 fwd 1 hv 8
RC POS 414 id 5 seat 1 role expand fs 0 body 1 pos 5,7 stuck 0
RC WALK 414 id 5 role expand pos 5,7 tgt 4,16 want SOUTH
RC POS 414 id 7 seat 2 role expand fs 0 body 1 pos 4,6 stuck 0
RC WALK 414 id 7 role expand pos 4,6 tgt 17,17 want EAST
V527I SEALNT 415 ph 3 fwd 1 hv 8
RC POS 415 id 5 seat 1 role expand fs 0 body 1 pos 5,8 stuck 0
RC WALK 415 id 5 role expand pos 5,8 tgt 4,16 want SOUTH
RC POS 415 id 7 seat 2 role expand fs 0 body 1 pos 5,6 stuck 0
RC WALK 415 id 7 role expand pos 5,6 tgt 17,17 want SOUTH
V527I SEALNT 416 ph 3 fwd 1 hv 8
RC POS 416 id 5 seat 1 role expand fs 0 body 1 pos 5,9 stuck 0
RC WALK 416 id 5 role expand pos 5,9 tgt 4,16 want SOUTH
RC POS 416 id 7 seat 2 role expand fs 0 body 1 pos 5,7 stuck 0
RC WALK 416 id 7 role expand pos 5,7 tgt 17,17 want EAST
V527I SEALNT 417 ph 3 fwd 1 hv 8
RC POS 417 id 5 seat 1 role expand fs 0 body 1 pos 5,10 stuck 0
RC WALK 417 id 5 role expand pos 5,10 tgt 4,16 want EAST
RC POS 417 id 7 seat 2 role expand fs 0 body 1 pos 6,7 stuck 0
RC WALK 417 id 7 role expand pos 6,7 tgt 17,17 want EAST
V527I SEALNT 418 ph 3 fwd 1 hv 8
RC POS 418 id 5 seat 1 role expand fs 0 body 1 pos 6,10 stuck 0
RC WALK 418 id 5 role expand pos 6,10 tgt 4,16 want SOUTH
RC POS 418 id 7 seat 2 role expand fs 0 body 1 pos 7,7 stuck 0
RC WALK 418 id 7 role expand pos 7,7 tgt 17,17 want SOUTH
V527I SEALNT 419 ph 3 fwd 1 hv 8
RC POS 419 id 5 seat 1 role expand fs 0 body 1 pos 6,11 stuck 0
RC WALK 419 id 5 role expand pos 6,11 tgt 4,16 want SOUTH
RC POS 419 id 7 seat 2 role expand fs 0 body 1 pos 7,8 stuck 0
RC WALK 419 id 7 role expand pos 7,8 tgt 17,17 want SOUTH
V527I SEALNT 420 ph 3 fwd 1 hv 8
RC POS 420 id 5 seat 1 role expand fs 0 body 1 pos 6,12 stuck 0
RC WALK 420 id 5 role expand pos 6,12 tgt 4,15 want WEST
RC POS 420 id 7 seat 2 role expand fs 0 body 1 pos 7,9 stuck 0
RC WALK 420 id 7 role expand pos 7,9 tgt 17,17 want NORTH
V527I SEALNT 421 ph 3 fwd 1 hv 8
RC POS 421 id 5 seat 1 role expand fs 0 body 1 pos 5,12 stuck 0
RC WALK 421 id 5 role expand pos 5,12 tgt 4,15 want SOUTH
RC POS 421 id 7 seat 2 role expand fs 0 body 1 pos 7,8 stuck 0
RC WALK 421 id 7 role expand pos 7,8 tgt 17,17 want SOUTH
V527I SEALNT 422 ph 3 fwd 1 hv 8
RC POS 422 id 5 seat 1 role expand fs 0 body 1 pos 5,13 stuck 0
RC WALK 422 id 5 role expand pos 5,13 tgt 4,15 want SOUTH
RC POS 422 id 7 seat 2 role expand fs 0 body 1 pos 7,9 stuck 0
RC WALK 422 id 7 role expand pos 7,9 tgt 17,17 want SOUTH
V527I SEALNT 423 ph 3 fwd 1 hv 8
RC POS 423 id 5 seat 1 role expand fs 0 body 1 pos 5,14 stuck 0
RC WALK 423 id 5 role expand pos 5,14 tgt 4,15 want WEST
RC POS 423 id 7 seat 2 role expand fs 0 body 1 pos 7,10 stuck 0
RC WALK 423 id 7 role expand pos 7,10 tgt 17,17 want SOUTH
V527I SEALNT 424 ph 3 fwd 1 hv 8
RC POS 424 id 5 seat 1 role expand fs 0 body 1 pos 4,14 stuck 0
RC WALK 424 id 5 role expand pos 4,14 tgt 4,15 want SOUTH
RC POS 424 id 7 seat 2 role expand fs 0 body 1 pos 7,11 stuck 0
RC WALK 424 id 7 role expand pos 7,11 tgt 17,17 want SOUTH
V527I SEALNT 425 ph 3 fwd 1 hv 8
RC POS 425 id 5 seat 1 role expand fs 0 body 1 pos 4,15 stuck 0
V528 PICK r 425 id 5 tgt 6,6 cs 14 bs 14 reg 0 cc 1 bc 1 cands 3 banned 0 regall 0 seat 1
RC WALK 425 id 5 role expand pos 4,15 tgt 6,6 want NORTH
RC POS 425 id 7 seat 2 role expand fs 0 body 1 pos 7,12 stuck 0
RC WALK 425 id 7 role expand pos 7,12 tgt 17,17 want WEST
V527I SEALNT 426 ph 3 fwd 1 hv 8
RC POS 426 id 5 seat 1 role expand fs 0 body 1 pos 4,14 stuck 0
RC WALK 426 id 5 role expand pos 4,14 tgt 6,6 want NORTH
RC POS 426 id 7 seat 2 role expand fs 0 body 1 pos 6,12 stuck 0
RC WALK 426 id 7 role expand pos 6,12 tgt 17,17 want WEST
V527I SEALNT 427 ph 3 fwd 1 hv 8
RC POS 427 id 5 seat 1 role expand fs 0 body 1 pos 4,13 stuck 0
RC WALK 427 id 5 role expand pos 4,13 tgt 6,6 want WEST
RC POS 427 id 7 seat 2 role expand fs 0 body 1 pos 5,12 stuck 0
RC WALK 427 id 7 role expand pos 5,12 tgt 17,17 want SOUTH
V527I SEALNT 428 ph 3 fwd 1 hv 8
RC POS 428 id 5 seat 1 role expand fs 0 body 1 pos 3,13 stuck 0
RC WALK 428 id 5 role expand pos 3,13 tgt 6,6 want NORTH
RC POS 428 id 7 seat 2 role expand fs 0 body 1 pos 5,13 stuck 0
RC WALK 428 id 7 role expand pos 5,13 tgt 17,17 want SOUTH
V527I SEALNT 429 ph 3 fwd 1 hv 8
RC POS 429 id 5 seat 1 role expand fs 0 body 1 pos 3,12 stuck 0
RC WALK 429 id 5 role expand pos 3,12 tgt 6,6 want EAST
RC POS 429 id 7 seat 2 role expand fs 0 body 1 pos 5,14 stuck 0
RC WALK 429 id 7 role expand pos 5,14 tgt 17,17 want SOUTH
V527I SEALNT 430 ph 3 fwd 1 hv 8
RC POS 430 id 5 seat 1 role expand fs 0 body 1 pos 4,12 stuck 0
RC WALK 430 id 5 role expand pos 4,12 tgt 6,6 want EAST
RC POS 430 id 7 seat 2 role expand fs 0 body 1 pos 5,15 stuck 0
RC WALK 430 id 7 role expand pos 5,15 tgt 17,17 want WEST
V527I SEALNT 431 ph 3 fwd 1 hv 8
RC POS 431 id 5 seat 1 role expand fs 0 body 1 pos 5,12 stuck 0
RC WALK 431 id 5 role expand pos 5,12 tgt 6,6 want EAST
RC POS 431 id 7 seat 2 role expand fs 0 body 1 pos 4,15 stuck 0
RC WALK 431 id 7 role expand pos 4,15 tgt 17,17 want WEST
V527I SEALNT 432 ph 3 fwd 1 hv 8
RC POS 432 id 5 seat 1 role expand fs 0 body 1 pos 6,12 stuck 0
RC WALK 432 id 5 role expand pos 6,12 tgt 6,6 want NORTH
RC POS 432 id 7 seat 2 role expand fs 0 body 1 pos 3,15 stuck 0
RC WALK 432 id 7 role expand pos 3,15 tgt 17,17 want SOUTH
V527I SEALNT 433 ph 3 fwd 1 hv 8
RC POS 433 id 5 seat 1 role expand fs 0 body 1 pos 6,11 stuck 0
RC WALK 433 id 5 role expand pos 6,11 tgt 6,6 want NORTH
RC POS 433 id 7 seat 2 role expand fs 0 body 1 pos 3,16 stuck 0
RC WALK 433 id 7 role expand pos 3,16 tgt 17,17 want SOUTH
V527I SEALNT 434 ph 3 fwd 1 hv 8
RC POS 434 id 5 seat 1 role expand fs 0 body 1 pos 6,10 stuck 0
RC WALK 434 id 5 role expand pos 6,10 tgt 5,6 want NORTH
RC POS 434 id 7 seat 2 role expand fs 0 body 1 pos 3,17 stuck 0
RC WALK 434 id 7 role expand pos 3,17 tgt 17,17 want EAST
V527I SEALNT 435 ph 3 fwd 1 hv 8
RC POS 435 id 5 seat 1 role expand fs 0 body 1 pos 6,9 stuck 0
RC WALK 435 id 5 role expand pos 6,9 tgt 5,6 want NORTH
RC POS 435 id 7 seat 2 role expand fs 0 body 1 pos 4,17 stuck 0
RC WALK 435 id 7 role expand pos 4,17 tgt 17,17 want EAST
V527I SEALNT 436 ph 3 fwd 1 hv 8
RC POS 436 id 5 seat 1 role expand fs 0 body 1 pos 6,8 stuck 0
RC WALK 436 id 5 role expand pos 6,8 tgt 5,6 want NORTH
RC POS 436 id 7 seat 2 role expand fs 0 body 1 pos 5,17 stuck 0
RC WALK 436 id 7 role expand pos 5,17 tgt 17,17 want EAST
V527I SEALNT 437 ph 3 fwd 1 hv 8
RC POS 437 id 5 seat 1 role expand fs 0 body 1 pos 6,7 stuck 0
RC WALK 437 id 5 role expand pos 6,7 tgt 5,6 want WEST
RC POS 437 id 7 seat 2 role expand fs 0 body 1 pos 6,17 stuck 0
RC WALK 437 id 7 role expand pos 6,17 tgt 17,17 want EAST
V527I SEALNT 438 ph 3 fwd 1 hv 8
RC POS 438 id 5 seat 1 role expand fs 0 body 1 pos 5,7 stuck 0
RC WALK 438 id 5 role expand pos 5,7 tgt 5,6 want NORTH
RC POS 438 id 7 seat 2 role expand fs 0 body 1 pos 7,17 stuck 0
RC WALK 438 id 7 role expand pos 7,17 tgt 17,17 want EAST
V527I SEALNT 439 ph 3 fwd 1 hv 8
RC POS 439 id 5 seat 1 role expand fs 0 body 1 pos 5,6 stuck 0
V528 PICK r 439 id 5 tgt 4,16 cs 17 bs 17 reg 0 cc 2 bc 2 cands 3 banned 0 regall 0 seat 1
RC WALK 439 id 5 role expand pos 5,6 tgt 4,16 want SOUTH
RC POS 439 id 7 seat 2 role expand fs 0 body 1 pos 8,17 stuck 0
RC WALK 439 id 7 role expand pos 8,17 tgt 17,17 want SOUTH
V527I SEALNT 440 ph 3 fwd 1 hv 8
RC POS 440 id 5 seat 1 role expand fs 0 body 1 pos 5,7 stuck 0
RC WALK 440 id 5 role expand pos 5,7 tgt 4,16 want SOUTH
RC POS 440 id 7 seat 2 role expand fs 0 body 1 pos 8,18 stuck 0
RC WALK 440 id 7 role expand pos 8,18 tgt 17,17 want EAST
V527I SEALNT 441 ph 3 fwd 1 hv 8
RC POS 441 id 5 seat 1 role expand fs 0 body 1 pos 5,8 stuck 0
RC WALK 441 id 5 role expand pos 5,8 tgt 4,16 want SOUTH
RC POS 441 id 7 seat 2 role expand fs 0 body 1 pos 9,18 stuck 0
RC WALK 441 id 7 role expand pos 9,18 tgt 17,17 want EAST
V527I SEALNT 442 ph 3 fwd 1 hv 8
RC POS 442 id 5 seat 1 role expand fs 0 body 1 pos 5,9 stuck 0
RC WALK 442 id 5 role expand pos 5,9 tgt 4,16 want SOUTH
RC POS 442 id 7 seat 2 role expand fs 0 body 1 pos 10,18 stuck 0
RC WALK 442 id 7 role expand pos 10,18 tgt 17,17 want EAST
V527I SEALNT 443 ph 3 fwd 1 hv 8
RC POS 443 id 5 seat 1 role expand fs 0 body 1 pos 5,10 stuck 0
RC WALK 443 id 5 role expand pos 5,10 tgt 4,16 want EAST
RC POS 443 id 7 seat 2 role expand fs 0 body 1 pos 11,18 stuck 0
RC WALK 443 id 7 role expand pos 11,18 tgt 17,17 want EAST
V527I SEALNT 444 ph 3 fwd 1 hv 8
RC POS 444 id 5 seat 1 role expand fs 0 body 1 pos 6,10 stuck 0
RC WALK 444 id 5 role expand pos 6,10 tgt 4,16 want SOUTH
RC POS 444 id 7 seat 2 role expand fs 0 body 1 pos 12,18 stuck 0
RC WALK 444 id 7 role expand pos 12,18 tgt 17,17 want EAST
V527I SEALNT 445 ph 3 fwd 1 hv 8
RC POS 445 id 5 seat 1 role expand fs 0 body 1 pos 6,11 stuck 0
RC WALK 445 id 5 role expand pos 6,11 tgt 4,16 want SOUTH
RC POS 445 id 7 seat 2 role expand fs 0 body 1 pos 13,18 stuck 0
RC WALK 445 id 7 role expand pos 13,18 tgt 16,17 want EAST
V527I SEALNT 446 ph 3 fwd 1 hv 8
RC POS 446 id 5 seat 1 role expand fs 0 body 1 pos 6,12 stuck 0
RC WALK 446 id 5 role expand pos 6,12 tgt 4,15 want WEST
RC POS 446 id 7 seat 2 role expand fs 0 body 1 pos 14,18 stuck 0
RC WALK 446 id 7 role expand pos 14,18 tgt 16,17 want EAST
V527I SEALNT 447 ph 3 fwd 1 hv 8
RC POS 447 id 5 seat 1 role expand fs 0 body 1 pos 5,12 stuck 0
RC WALK 447 id 5 role expand pos 5,12 tgt 4,15 want SOUTH
RC POS 447 id 7 seat 2 role expand fs 0 body 1 pos 15,18 stuck 0
RC WALK 447 id 7 role expand pos 15,18 tgt 16,17 want EAST
V527I SEALNT 448 ph 3 fwd 1 hv 8
RC POS 448 id 5 seat 1 role expand fs 0 body 1 pos 5,13 stuck 0
RC WALK 448 id 5 role expand pos 5,13 tgt 4,15 want SOUTH
RC POS 448 id 7 seat 2 role expand fs 0 body 1 pos 16,18 stuck 0
RC WALK 448 id 7 role expand pos 16,18 tgt 16,17 want NORTH
V527I SEALNT 449 ph 3 fwd 1 hv 8
RC POS 449 id 5 seat 1 role expand fs 0 body 1 pos 5,14 stuck 0
RC WALK 449 id 5 role expand pos 5,14 tgt 4,15 want WEST
RC POS 449 id 7 seat 2 role expand fs 0 body 1 pos 16,17 stuck 0
V528 PICK r 449 id 7 tgt 2,2 cs 32 bs 32 reg 0 cc 1 bc 1 cands 3 banned 0 regall 0 seat 2
RC WALK 449 id 7 role expand pos 16,17 tgt 2,2 want NORTH
V527I SEALNT 450 ph 3 fwd 1 hv 8
RC POS 450 id 5 seat 1 role expand fs 0 body 1 pos 4,14 stuck 0
RC WALK 450 id 5 role expand pos 4,14 tgt 4,15 want SOUTH
RC POS 450 id 7 seat 2 role expand fs 0 body 1 pos 16,16 stuck 0
RC WALK 450 id 7 role expand pos 16,16 tgt 2,2 want NORTH
V527I SEALNT 451 ph 3 fwd 1 hv 8
RC POS 451 id 5 seat 1 role expand fs 0 body 1 pos 4,15 stuck 0
V528 PICK r 451 id 5 tgt 6,6 cs 26 bs 26 reg 0 cc 5 bc 5 cands 3 banned 0 regall 0 seat 1
RC WALK 451 id 5 role expand pos 4,15 tgt 6,6 want NORTH
RC POS 451 id 7 seat 2 role expand fs 0 body 1 pos 16,15 stuck 0
RC WALK 451 id 7 role expand pos 16,15 tgt 2,2 want WEST
V527I SEALNT 452 ph 3 fwd 1 hv 8
RC POS 452 id 5 seat 1 role expand fs 0 body 1 pos 4,14 stuck 0
RC WALK 452 id 5 role expand pos 4,14 tgt 6,6 want NORTH
RC POS 452 id 7 seat 2 role expand fs 0 body 1 pos 15,15 stuck 0
RC WALK 452 id 7 role expand pos 15,15 tgt 2,2 want NORTH
V527I SEALNT 453 ph 3 fwd 1 hv 8
RC POS 453 id 5 seat 1 role expand fs 0 body 1 pos 4,13 stuck 0
RC WALK 453 id 5 role expand pos 4,13 tgt 6,6 want NORTH
RC POS 453 id 7 seat 2 role expand fs 0 body 1 pos 15,14 stuck 0
RC WALK 453 id 7 role expand pos 15,14 tgt 2,2 want WEST
V527I SEALNT 454 ph 3 fwd 1 hv 8
RC POS 454 id 5 seat 1 role expand fs 0 body 1 pos 4,12 stuck 0
RC WALK 454 id 5 role expand pos 4,12 tgt 6,6 want EAST
RC POS 454 id 7 seat 2 role expand fs 0 body 1 pos 14,14 stuck 0
RC WALK 454 id 7 role expand pos 14,14 tgt 13,12 want NORTH
V527I SEALNT 455 ph 3 fwd 1 hv 8
RC POS 455 id 5 seat 1 role expand fs 0 body 1 pos 5,12 stuck 0
RC WALK 455 id 5 role expand pos 5,12 tgt 6,6 want EAST
RC POS 455 id 7 seat 2 role expand fs 0 body 1 pos 14,13 stuck 0
V528 CONN r 455 id 7 at 13,13 chosen 11 best 1 regret 10 cands 3 role expand seat 2
RC WALK 455 id 7 role expand pos 14,13 tgt 13,12 want NORTH
V527I SEALNT 456 ph 3 fwd 1 hv 9
RC POS 456 id 5 seat 1 role expand fs 0 body 1 pos 6,12 stuck 0
RC WALK 456 id 5 role expand pos 6,12 tgt 6,6 want NORTH
RC POS 456 id 7 seat 2 role expand fs 0 body 1 pos 14,13 stuck 2
RC WALK 456 id 7 role expand pos 14,13 tgt 13,12 want NORTH
V527I SEALNT 457 ph 3 fwd 1 hv 9
RC POS 457 id 5 seat 1 role expand fs 0 body 1 pos 6,11 stuck 0
RC WALK 457 id 5 role expand pos 6,11 tgt 6,6 want NORTH
RC POS 457 id 7 seat 2 role expand fs 0 body 1 pos 14,12 stuck 0
V527I SEALNT 458 ph 3 fwd 1 hv 9
RC POS 458 id 5 seat 1 role expand fs 0 body 1 pos 6,10 stuck 0
RC WALK 458 id 5 role expand pos 6,10 tgt 5,6 want NORTH
RC POS 458 id 7 seat 2 role expand fs 0 body 1 pos 14,12 stuck 1
V527I SEALNT 459 ph 3 fwd 1 hv 9
RC POS 459 id 5 seat 1 role expand fs 0 body 1 pos 6,9 stuck 0
RC WALK 459 id 5 role expand pos 6,9 tgt 5,6 want NORTH
RC POS 459 id 7 seat 2 role expand fs 0 body 1 pos 14,12 stuck 2
V527I SEALNT 460 ph 3 fwd 1 hv 9
RC POS 460 id 5 seat 1 role expand fs 0 body 1 pos 6,8 stuck 0
RC WALK 460 id 5 role expand pos 6,8 tgt 5,6 want NORTH
RC POS 460 id 7 seat 2 role expand fs 0 body 1 pos 14,12 stuck 3
V527I SEALNT 461 ph 3 fwd 1 hv 9
RC POS 461 id 5 seat 1 role expand fs 0 body 1 pos 6,7 stuck 0
RC WALK 461 id 5 role expand pos 6,7 tgt 5,6 want WEST
RC POS 461 id 7 seat 2 role expand fs 0 body 1 pos 15,12 stuck 0
V527I SEALNT 462 ph 3 fwd 1 hv 9
RC POS 462 id 5 seat 1 role expand fs 0 body 1 pos 5,7 stuck 0
RC WALK 462 id 5 role expand pos 5,7 tgt 5,6 want NORTH
RC POS 462 id 7 seat 2 role expand fs 0 body 1 pos 15,12 stuck 1
V527I SEALNT 463 ph 3 fwd 1 hv 9
RC POS 463 id 5 seat 1 role expand fs 0 body 1 pos 5,6 stuck 0
V528 PICK r 463 id 5 tgt 4,16 cs 17 bs 17 reg 0 cc 2 bc 2 cands 3 banned 0 regall 0 seat 1
RC WALK 463 id 5 role expand pos 5,6 tgt 4,16 want SOUTH
RC POS 463 id 7 seat 2 role expand fs 0 body 1 pos 16,12 stuck 0
V527I SEALNT 464 ph 3 fwd 1 hv 9
RC POS 464 id 5 seat 1 role expand fs 0 body 1 pos 5,7 stuck 0
RC WALK 464 id 5 role expand pos 5,7 tgt 4,16 want SOUTH
RC POS 464 id 7 seat 2 role expand fs 0 body 1 pos 16,12 stuck 1
V527I SEALNT 465 ph 3 fwd 1 hv 9
RC POS 465 id 5 seat 1 role expand fs 0 body 1 pos 5,8 stuck 0
RC WALK 465 id 5 role expand pos 5,8 tgt 4,16 want SOUTH
RC POS 465 id 7 seat 2 role expand fs 0 body 1 pos 16,12 stuck 2
V527I SEALNT 466 ph 3 fwd 1 hv 9
RC POS 466 id 5 seat 1 role expand fs 0 body 1 pos 5,9 stuck 0
RC WALK 466 id 5 role expand pos 5,9 tgt 4,16 want SOUTH
RC POS 466 id 7 seat 2 role expand fs 0 body 1 pos 16,12 stuck 3
V527I SEALNT 467 ph 3 fwd 1 hv 9
RC POS 467 id 5 seat 1 role expand fs 0 body 1 pos 5,10 stuck 0
RC WALK 467 id 5 role expand pos 5,10 tgt 4,16 want EAST
RC POS 467 id 7 seat 2 role expand fs 0 body 1 pos 16,13 stuck 0
V527I SEALNT 468 ph 3 fwd 1 hv 9
RC POS 468 id 5 seat 1 role expand fs 0 body 1 pos 6,10 stuck 0
RC WALK 468 id 5 role expand pos 6,10 tgt 4,16 want SOUTH
RC POS 468 id 7 seat 2 role expand fs 0 body 1 pos 16,13 stuck 1
V527I SEALNT 469 ph 3 fwd 1 hv 9
RC POS 469 id 5 seat 1 role expand fs 0 body 1 pos 6,11 stuck 0
RC WALK 469 id 5 role expand pos 6,11 tgt 4,16 want SOUTH
RC POS 469 id 7 seat 2 role expand fs 0 body 1 pos 16,13 stuck 2
V527I SEALNT 470 ph 3 fwd 1 hv 9
RC POS 470 id 5 seat 1 role expand fs 0 body 1 pos 6,12 stuck 0
RC WALK 470 id 5 role expand pos 6,12 tgt 4,15 want WEST
RC POS 470 id 7 seat 2 role expand fs 0 body 1 pos 16,13 stuck 3
V527I SEALNT 471 ph 3 fwd 1 hv 9
RC POS 471 id 5 seat 1 role expand fs 0 body 1 pos 5,12 stuck 0
RC WALK 471 id 5 role expand pos 5,12 tgt 4,15 want SOUTH
RC POS 471 id 7 seat 2 role expand fs 0 body 1 pos 16,13 stuck 4
V527I SEALNT 472 ph 3 fwd 1 hv 9
RC POS 472 id 5 seat 1 role expand fs 0 body 1 pos 5,13 stuck 0
RC WALK 472 id 5 role expand pos 5,13 tgt 4,15 want SOUTH
RC POS 472 id 7 seat 2 role expand fs 0 body 1 pos 16,13 stuck 5
V527I SEALNT 473 ph 3 fwd 1 hv 9
RC POS 473 id 5 seat 1 role expand fs 0 body 1 pos 5,14 stuck 0
RC WALK 473 id 5 role expand pos 5,14 tgt 4,15 want WEST
RC POS 473 id 7 seat 2 role expand fs 0 body 1 pos 16,13 stuck 6
RC WALK 473 id 7 role expand pos 16,13 tgt 14,13 want WEST
V527I SEALNT 474 ph 3 fwd 1 hv 9
RC POS 474 id 5 seat 1 role expand fs 0 body 1 pos 4,14 stuck 0
RC WALK 474 id 5 role expand pos 4,14 tgt 4,15 want SOUTH
RC POS 474 id 7 seat 2 role expand fs 0 body 1 pos 15,13 stuck 0
V527I SEALNT 475 ph 3 fwd 1 hv 9
RC POS 475 id 5 seat 1 role expand fs 0 body 1 pos 4,15 stuck 0
V528 PICK r 475 id 5 tgt 6,6 cs 26 bs 26 reg 0 cc 5 bc 5 cands 3 banned 0 regall 0 seat 1
RC WALK 475 id 5 role expand pos 4,15 tgt 6,6 want NORTH
RC POS 475 id 7 seat 2 role expand fs 0 body 1 pos 15,13 stuck 1
RC WALK 475 id 7 role expand pos 15,13 tgt 16,14 want EAST
V527I SEALNT 476 ph 3 fwd 1 hv 9
RC POS 476 id 5 seat 1 role expand fs 0 body 1 pos 4,14 stuck 0
RC WALK 476 id 5 role expand pos 4,14 tgt 6,6 want NORTH
RC POS 476 id 7 seat 2 role expand fs 0 body 1 pos 16,13 stuck 0
V527I SEALNT 477 ph 3 fwd 1 hv 9
RC POS 477 id 5 seat 1 role expand fs 0 body 1 pos 4,13 stuck 0
RC WALK 477 id 5 role expand pos 4,13 tgt 6,6 want NORTH
RC POS 477 id 7 seat 2 role expand fs 0 body 1 pos 16,13 stuck 1
V527I SEALNT 478 ph 3 fwd 1 hv 9
RC POS 478 id 5 seat 1 role expand fs 0 body 1 pos 4,12 stuck 0
RC WALK 478 id 5 role expand pos 4,12 tgt 6,6 want EAST
RC POS 478 id 7 seat 2 role expand fs 0 body 1 pos 16,13 stuck 2
RC WALK 478 id 7 role expand pos 16,13 tgt 16,15 want SOUTH
V527I SEALNT 479 ph 3 fwd 1 hv 9
RC POS 479 id 5 seat 1 role expand fs 0 body 1 pos 5,12 stuck 0
RC WALK 479 id 5 role expand pos 5,12 tgt 6,6 want EAST
RC POS 479 id 7 seat 2 role expand fs 0 body 1 pos 16,14 stuck 0
V527I SEALNT 480 ph 3 fwd 1 hv 9
RC POS 480 id 5 seat 1 role expand fs 0 body 1 pos 6,12 stuck 0
RC WALK 480 id 5 role expand pos 6,12 tgt 6,6 want NORTH
RC POS 480 id 7 seat 2 role expand fs 0 body 1 pos 16,14 stuck 1
RC WALK 480 id 7 role expand pos 16,14 tgt 16,16 want SOUTH
V527I SEALNT 481 ph 3 fwd 1 hv 9
RC POS 481 id 5 seat 1 role expand fs 0 body 1 pos 6,11 stuck 0
RC WALK 481 id 5 role expand pos 6,11 tgt 6,6 want NORTH
RC POS 481 id 7 seat 2 role expand fs 0 body 1 pos 16,15 stuck 0
V527I SEALNT 482 ph 3 fwd 1 hv 9
RC POS 482 id 5 seat 1 role expand fs 0 body 1 pos 6,10 stuck 0
RC WALK 482 id 5 role expand pos 6,10 tgt 5,6 want NORTH
RC POS 482 id 7 seat 2 role expand fs 0 body 1 pos 16,15 stuck 1
RC WALK 482 id 7 role expand pos 16,15 tgt 16,17 want SOUTH
V527I SEALNT 483 ph 3 fwd 1 hv 9
RC POS 483 id 5 seat 1 role expand fs 0 body 1 pos 6,9 stuck 0
RC WALK 483 id 5 role expand pos 6,9 tgt 5,6 want NORTH
RC POS 483 id 7 seat 2 role expand fs 0 body 1 pos 16,16 stuck 0
RC WALK 483 id 7 role expand pos 16,16 tgt 15,17 want SOUTH
V527I SEALNT 484 ph 3 fwd 1 hv 9
RC POS 484 id 5 seat 1 role expand fs 0 body 1 pos 6,8 stuck 0
RC WALK 484 id 5 role expand pos 6,8 tgt 5,6 want NORTH
RC POS 484 id 7 seat 2 role expand fs 0 body 1 pos 16,17 stuck 0
RC WALK 484 id 7 role expand pos 16,17 tgt 14,17 want WEST
V527I SEALNT 485 ph 3 fwd 1 hv 9
RC POS 485 id 5 seat 1 role expand fs 0 body 1 pos 6,7 stuck 0
RC WALK 485 id 5 role expand pos 6,7 tgt 5,6 want WEST
RC POS 485 id 7 seat 2 role expand fs 0 body 1 pos 15,17 stuck 0
RC WALK 485 id 7 role expand pos 15,17 tgt 13,17 want WEST
V527I SEALNT 486 ph 3 fwd 1 hv 9
RC POS 486 id 5 seat 1 role expand fs 0 body 1 pos 5,7 stuck 0
RC WALK 486 id 5 role expand pos 5,7 tgt 5,6 want NORTH
RC POS 486 id 7 seat 2 role expand fs 0 body 1 pos 14,17 stuck 0
RC WALK 486 id 7 role expand pos 14,17 tgt 13,16 want WEST
V527I SEALNT 487 ph 3 fwd 1 hv 9
RC POS 487 id 5 seat 1 role expand fs 0 body 1 pos 5,6 stuck 0
V528 PICK r 487 id 5 tgt 4,16 cs 17 bs 17 reg 0 cc 2 bc 2 cands 3 banned 0 regall 0 seat 1
RC WALK 487 id 5 role expand pos 5,6 tgt 4,16 want SOUTH
RC POS 487 id 7 seat 2 role expand fs 0 body 1 pos 13,17 stuck 0
RC WALK 487 id 7 role expand pos 13,17 tgt 12,16 want WEST
V527I SEALNT 488 ph 3 fwd 1 hv 9
RC POS 488 id 5 seat 1 role expand fs 0 body 1 pos 5,7 stuck 0
RC WALK 488 id 5 role expand pos 5,7 tgt 4,16 want SOUTH
RC POS 488 id 7 seat 2 role expand fs 0 body 1 pos 12,17 stuck 0
RC WALK 488 id 7 role expand pos 12,17 tgt 11,16 want WEST
V527I SEALNT 489 ph 3 fwd 1 hv 9
RC POS 489 id 5 seat 1 role expand fs 0 body 1 pos 5,8 stuck 0
RC WALK 489 id 5 role expand pos 5,8 tgt 4,16 want SOUTH
RC POS 489 id 7 seat 2 role expand fs 0 body 1 pos 11,17 stuck 0
RC WALK 489 id 7 role expand pos 11,17 tgt 10,16 want NORTH
V527I SEALNT 490 ph 3 fwd 1 hv 9
RC POS 490 id 5 seat 1 role expand fs 0 body 1 pos 5,9 stuck 0
RC WALK 490 id 5 role expand pos 5,9 tgt 4,16 want SOUTH
RC POS 490 id 7 seat 2 role expand fs 0 body 1 pos 11,16 stuck 0
RC WALK 490 id 7 role expand pos 11,16 tgt 9,16 want WEST
V527I SEALNT 491 ph 3 fwd 1 hv 9
RC POS 491 id 5 seat 1 role expand fs 0 body 1 pos 5,10 stuck 0
RC WALK 491 id 5 role expand pos 5,10 tgt 4,16 want EAST
RC POS 491 id 7 seat 2 role expand fs 0 body 1 pos 10,16 stuck 0
RC WALK 491 id 7 role expand pos 10,16 tgt 8,16 want WEST
V527I SEALNT 492 ph 3 fwd 1 hv 9
RC POS 492 id 5 seat 1 role expand fs 0 body 1 pos 6,10 stuck 0
RC WALK 492 id 5 role expand pos 6,10 tgt 4,16 want SOUTH
RC POS 492 id 7 seat 2 role expand fs 0 body 1 pos 9,16 stuck 0
RC WALK 492 id 7 role expand pos 9,16 tgt 7,16 want WEST
V527I SEALNT 493 ph 3 fwd 1 hv 9
RC POS 493 id 5 seat 1 role expand fs 0 body 1 pos 6,11 stuck 0
RC WALK 493 id 5 role expand pos 6,11 tgt 4,16 want SOUTH
RC POS 493 id 7 seat 2 role expand fs 0 body 1 pos 8,16 stuck 0
RC WALK 493 id 7 role expand pos 8,16 tgt 6,16 want WEST
V527I SEALNT 494 ph 3 fwd 1 hv 9
RC POS 494 id 5 seat 1 role expand fs 0 body 1 pos 6,12 stuck 0
RC WALK 494 id 5 role expand pos 6,12 tgt 4,15 want WEST
RC POS 494 id 7 seat 2 role expand fs 0 body 1 pos 7,16 stuck 0
RC WALK 494 id 7 role expand pos 7,16 tgt 6,17 want WEST
V527I SEALNT 495 ph 3 fwd 1 hv 9
RC POS 495 id 5 seat 1 role expand fs 0 body 1 pos 5,12 stuck 0
RC WALK 495 id 5 role expand pos 5,12 tgt 4,15 want SOUTH
RC POS 495 id 7 seat 2 role expand fs 0 body 1 pos 6,16 stuck 0
RC WALK 495 id 7 role expand pos 6,16 tgt 5,17 want SOUTH
V527I SEALNT 496 ph 3 fwd 1 hv 9
RC POS 496 id 5 seat 1 role expand fs 0 body 1 pos 5,13 stuck 0
RC WALK 496 id 5 role expand pos 5,13 tgt 4,15 want SOUTH
RC POS 496 id 7 seat 2 role expand fs 0 body 1 pos 6,17 stuck 0
RC WALK 496 id 7 role expand pos 6,17 tgt 4,17 want WEST
V527I SEALNT 497 ph 3 fwd 1 hv 9
RC POS 497 id 5 seat 1 role expand fs 0 body 1 pos 5,14 stuck 0
RC WALK 497 id 5 role expand pos 5,14 tgt 4,15 want WEST
RC POS 497 id 7 seat 2 role expand fs 0 body 1 pos 5,17 stuck 0
RC WALK 497 id 7 role expand pos 5,17 tgt 3,17 want WEST
V527I SEALNT 498 ph 3 fwd 1 hv 9
RC POS 498 id 5 seat 1 role expand fs 0 body 1 pos 4,14 stuck 0
RC WALK 498 id 5 role expand pos 4,14 tgt 4,15 want SOUTH
RC POS 498 id 7 seat 2 role expand fs 0 body 1 pos 4,17 stuck 0
RC WALK 498 id 7 role expand pos 4,17 tgt 3,16 want WEST
V527I SEALNT 499 ph 3 fwd 1 hv 9
RC POS 499 id 5 seat 1 role expand fs 0 body 1 pos 4,15 stuck 0
V528 PICK r 499 id 5 tgt 6,6 cs 26 bs 26 reg 0 cc 5 bc 5 cands 3 banned 0 regall 0 seat 1
RC WALK 499 id 5 role expand pos 4,15 tgt 6,6 want NORTH
RC POS 499 id 7 seat 2 role expand fs 0 body 1 pos 3,17 stuck 0
RC WALK 499 id 7 role expand pos 3,17 tgt 3,15 want NORTH
V527I SEALNT 500 ph 3 fwd 1 hv 9
RC POS 500 id 5 seat 1 role expand fs 0 body 1 pos 4,14 stuck 0
RC WALK 500 id 5 role expand pos 4,14 tgt 6,6 want NORTH
RC POS 500 id 7 seat 2 role expand fs 0 body 1 pos 3,16 stuck 0
RC WALK 500 id 7 role expand pos 3,16 tgt 3,14 want NORTH
V527I SEALNT 501 ph 3 fwd 1 hv 9
RC POS 501 id 5 seat 1 role expand fs 0 body 1 pos 4,13 stuck 0
RC WALK 501 id 5 role expand pos 4,13 tgt 6,6 want NORTH
RC POS 501 id 7 seat 2 role expand fs 0 body 1 pos 3,15 stuck 0
RC WALK 501 id 7 role expand pos 3,15 tgt 3,13 want NORTH
V527I SEALNT 502 ph 3 fwd 1 hv 9
RC POS 502 id 5 seat 1 role expand fs 0 body 1 pos 4,12 stuck 0
RC WALK 502 id 5 role expand pos 4,12 tgt 6,6 want EAST
RC POS 502 id 7 seat 2 role expand fs 0 body 1 pos 3,14 stuck 0
RC WALK 502 id 7 role expand pos 3,14 tgt 3,12 want NORTH
V527I SEALNT 503 ph 3 fwd 1 hv 9
RC POS 503 id 5 seat 1 role expand fs 0 body 1 pos 5,12 stuck 0
RC WALK 503 id 5 role expand pos 5,12 tgt 6,6 want EAST
RC POS 503 id 7 seat 2 role expand fs 0 body 1 pos 3,13 stuck 0
RC WALK 503 id 7 role expand pos 3,13 tgt 3,11 want NORTH
V527I SEALNT 504 ph 3 fwd 1 hv 9
RC POS 504 id 5 seat 1 role expand fs 0 body 1 pos 6,12 stuck 0
RC WALK 504 id 5 role expand pos 6,12 tgt 6,6 want NORTH
RC POS 504 id 7 seat 2 role expand fs 0 body 1 pos 3,12 stuck 0
RC WALK 504 id 7 role expand pos 3,12 tgt 3,11 want CENTRE
V527I SEALNT 505 ph 3 fwd 1 hv 9
RC POS 505 id 5 seat 1 role expand fs 0 body 1 pos 6,11 stuck 0
RC WALK 505 id 5 role expand pos 6,11 tgt 6,6 want NORTH
RC POS 505 id 7 seat 2 role expand fs 0 body 1 pos 3,12 stuck 1
RC WALK 505 id 7 role expand pos 3,12 tgt 3,11 want CENTRE
V527I SEALNT 506 ph 3 fwd 1 hv 9
RC POS 506 id 5 seat 1 role expand fs 0 body 1 pos 6,10 stuck 0
RC WALK 506 id 5 role expand pos 6,10 tgt 5,6 want NORTH
RC POS 506 id 7 seat 2 role expand fs 0 body 1 pos 3,12 stuck 2
RC WALK 506 id 7 role expand pos 3,12 tgt 3,11 want CENTRE
V527I SEALNT 507 ph 3 fwd 1 hv 9
RC POS 507 id 5 seat 1 role expand fs 0 body 1 pos 6,9 stuck 0
RC WALK 507 id 5 role expand pos 6,9 tgt 5,6 want NORTH
RC POS 507 id 7 seat 2 role expand fs 0 body 1 pos 3,12 stuck 3
RC WALK 507 id 7 role expand pos 3,12 tgt 3,11 want CENTRE
V527I SEALNT 508 ph 3 fwd 1 hv 9
RC POS 508 id 5 seat 1 role expand fs 0 body 1 pos 6,8 stuck 0
RC WALK 508 id 5 role expand pos 6,8 tgt 5,6 want NORTH
RC POS 508 id 7 seat 2 role expand fs 0 body 1 pos 3,12 stuck 4
RC WALK 508 id 7 role expand pos 3,12 tgt 3,11 want CENTRE
V527I SEALNT 509 ph 3 fwd 1 hv 9
RC POS 509 id 5 seat 1 role expand fs 0 body 1 pos 6,7 stuck 0
RC WALK 509 id 5 role expand pos 6,7 tgt 5,6 want WEST
RC POS 509 id 7 seat 2 role expand fs 0 body 1 pos 3,12 stuck 5
V528 PICK r 509 id 7 tgt 2,2 cs 14 bs 14 reg 0 cc 1 bc 1 cands 4 banned 0 regall 0 seat 2
RC WALK 509 id 7 role expand pos 3,12 tgt 2,2 want EAST
V527I SEALNT 510 ph 3 fwd 1 hv 9
RC POS 510 id 5 seat 1 role expand fs 0 body 1 pos 5,7 stuck 0
RC WALK 510 id 5 role expand pos 5,7 tgt 5,6 want NORTH
RC POS 510 id 7 seat 2 role expand fs 0 body 1 pos 4,12 stuck 0
RC WALK 510 id 7 role expand pos 4,12 tgt 2,2 want EAST
V527I SEALNT 511 ph 3 fwd 1 hv 9
RC POS 511 id 5 seat 1 role expand fs 0 body 1 pos 5,6 stuck 0
V528 PICK r 511 id 5 tgt 4,16 cs 17 bs 17 reg 0 cc 2 bc 2 cands 3 banned 0 regall 0 seat 1
RC WALK 511 id 5 role expand pos 5,6 tgt 4,16 want SOUTH
RC POS 511 id 7 seat 2 role expand fs 0 body 1 pos 5,12 stuck 0
RC WALK 511 id 7 role expand pos 5,12 tgt 2,2 want EAST
V527I SEALNT 512 ph 3 fwd 1 hv 9
RC POS 512 id 5 seat 1 role expand fs 0 body 1 pos 5,7 stuck 0
RC WALK 512 id 5 role expand pos 5,7 tgt 4,16 want SOUTH
RC POS 512 id 7 seat 2 role expand fs 0 body 1 pos 6,12 stuck 0
RC WALK 512 id 7 role expand pos 6,12 tgt 2,2 want NORTH
V527I SEALNT 513 ph 3 fwd 1 hv 9
RC POS 513 id 5 seat 1 role expand fs 0 body 1 pos 5,8 stuck 0
RC WALK 513 id 5 role expand pos 5,8 tgt 4,16 want SOUTH
RC POS 513 id 7 seat 2 role expand fs 0 body 1 pos 6,11 stuck 0
RC WALK 513 id 7 role expand pos 6,11 tgt 2,2 want NORTH
V527I SEALNT 514 ph 3 fwd 1 hv 9
RC POS 514 id 5 seat 1 role expand fs 0 body 1 pos 5,9 stuck 0
RC WALK 514 id 5 role expand pos 5,9 tgt 4,16 want EAST
RC POS 514 id 7 seat 2 role expand fs 0 body 1 pos 6,10 stuck 0
RC WALK 514 id 7 role expand pos 6,10 tgt 2,2 want WEST
V527I SEALNT 515 ph 3 fwd 1 hv 9
RC POS 515 id 5 seat 1 role expand fs 0 body 1 pos 6,9 stuck 0
RC WALK 515 id 5 role expand pos 6,9 tgt 4,16 want SOUTH
RC POS 515 id 7 seat 2 role expand fs 0 body 1 pos 5,10 stuck 0
RC WALK 515 id 7 role expand pos 5,10 tgt 2,2 want NORTH
V527I SEALNT 516 ph 3 fwd 1 hv 9
RC POS 516 id 5 seat 1 role expand fs 0 body 1 pos 6,10 stuck 0
RC WALK 516 id 5 role expand pos 6,10 tgt 4,16 want SOUTH
RC POS 516 id 7 seat 2 role expand fs 0 body 1 pos 5,9 stuck 0
RC WALK 516 id 7 role expand pos 5,9 tgt 2,2 want NORTH
V527I SEALNT 517 ph 3 fwd 1 hv 9
RC POS 517 id 5 seat 1 role expand fs 0 body 1 pos 6,11 stuck 0
RC WALK 517 id 5 role expand pos 6,11 tgt 4,16 want SOUTH
RC POS 517 id 7 seat 2 role expand fs 0 body 1 pos 5,8 stuck 0
RC WALK 517 id 7 role expand pos 5,8 tgt 2,2 want NORTH
V527I SEALNT 518 ph 3 fwd 1 hv 9
RC POS 518 id 5 seat 1 role expand fs 0 body 1 pos 6,12 stuck 0
RC WALK 518 id 5 role expand pos 6,12 tgt 4,15 want WEST
RC POS 518 id 7 seat 2 role expand fs 0 body 1 pos 5,7 stuck 0
RC WALK 518 id 7 role expand pos 5,7 tgt 2,2 want NORTH
V527I SEALNT 519 ph 3 fwd 1 hv 9
RC POS 519 id 5 seat 1 role expand fs 0 body 1 pos 5,12 stuck 0
RC WALK 519 id 5 role expand pos 5,12 tgt 4,15 want SOUTH
RC POS 519 id 7 seat 2 role expand fs 0 body 1 pos 5,6 stuck 0
RC WALK 519 id 7 role expand pos 5,6 tgt 2,2 want NORTH
V527I SEALNT 520 ph 3 fwd 1 hv 9
RC POS 520 id 5 seat 1 role expand fs 0 body 1 pos 5,13 stuck 0
RC WALK 520 id 5 role expand pos 5,13 tgt 4,15 want SOUTH
RC POS 520 id 7 seat 2 role expand fs 0 body 1 pos 5,5 stuck 0
RC WALK 520 id 7 role expand pos 5,5 tgt 2,2 want WEST
V527I SEALNT 521 ph 3 fwd 1 hv 9
RC POS 521 id 5 seat 1 role expand fs 0 body 1 pos 5,14 stuck 0
RC WALK 521 id 5 role expand pos 5,14 tgt 4,15 want WEST
RC POS 521 id 7 seat 2 role expand fs 0 body 1 pos 4,5 stuck 0
RC WALK 521 id 7 role expand pos 4,5 tgt 1,2 want WEST
V527I SEALNT 522 ph 3 fwd 1 hv 9
RC POS 522 id 5 seat 1 role expand fs 0 body 1 pos 4,14 stuck 0
RC WALK 522 id 5 role expand pos 4,14 tgt 4,15 want SOUTH
RC POS 522 id 7 seat 2 role expand fs 0 body 1 pos 3,5 stuck 0
RC WALK 522 id 7 role expand pos 3,5 tgt 1,2 want NORTH
V527I SEALNT 523 ph 3 fwd 1 hv 9
RC POS 523 id 5 seat 1 role expand fs 0 body 1 pos 4,15 stuck 0
V528 PICK r 523 id 5 tgt 6,6 cs 26 bs 26 reg 0 cc 5 bc 5 cands 3 banned 0 regall 0 seat 1
RC WALK 523 id 5 role expand pos 4,15 tgt 6,6 want NORTH
RC POS 523 id 7 seat 2 role expand fs 0 body 1 pos 3,4 stuck 0
RC WALK 523 id 7 role expand pos 3,4 tgt 1,2 want WEST
V527I SEALNT 524 ph 3 fwd 1 hv 9
RC POS 524 id 5 seat 1 role expand fs 0 body 1 pos 4,14 stuck 0
RC WALK 524 id 5 role expand pos 4,14 tgt 6,6 want NORTH
RC POS 524 id 7 seat 2 role expand fs 0 body 1 pos 2,4 stuck 0
RC WALK 524 id 7 role expand pos 2,4 tgt 1,2 want NORTH
V527I SEALNT 525 ph 3 fwd 1 hv 9
RC POS 525 id 5 seat 1 role expand fs 0 body 1 pos 4,13 stuck 0
RC WALK 525 id 5 role expand pos 4,13 tgt 6,6 want NORTH
RC POS 525 id 7 seat 2 role expand fs 0 body 1 pos 2,3 stuck 0
RC WALK 525 id 7 role expand pos 2,3 tgt 1,2 want WEST
V527I SEALNT 526 ph 3 fwd 1 hv 9
RC POS 526 id 5 seat 1 role expand fs 0 body 1 pos 4,12 stuck 0
RC WALK 526 id 5 role expand pos 4,12 tgt 6,6 want EAST
RC POS 526 id 7 seat 2 role expand fs 0 body 1 pos 1,3 stuck 0
RC WALK 526 id 7 role expand pos 1,3 tgt 1,2 want NORTH
V527I SEALNT 527 ph 3 fwd 1 hv 9
RC POS 527 id 5 seat 1 role expand fs 0 body 1 pos 5,12 stuck 0
RC WALK 527 id 5 role expand pos 5,12 tgt 6,6 want EAST
RC POS 527 id 7 seat 2 role expand fs 0 body 1 pos 1,2 stuck 0
V528 PICK r 527 id 7 tgt 13,6 cs 1216 bs 1216 reg 0 cc 400 bc 400 cands 3 banned 0 regall 0 seat 2
RC WALK 527 id 7 role expand pos 1,2 tgt 13,6 want SOUTH
V527I SEALNT 528 ph 3 fwd 1 hv 9
RC POS 528 id 5 seat 1 role expand fs 0 body 1 pos 6,12 stuck 0
RC WALK 528 id 5 role expand pos 6,12 tgt 6,6 want NORTH
RC POS 528 id 7 seat 2 role expand fs 0 body 1 pos 1,3 stuck 0
RC WALK 528 id 7 role expand pos 1,3 tgt 13,6 want EAST
V527I SEALNT 529 ph 3 fwd 1 hv 9
RC POS 529 id 5 seat 1 role expand fs 0 body 1 pos 6,11 stuck 0
RC WALK 529 id 5 role expand pos 6,11 tgt 6,6 want NORTH
RC POS 529 id 7 seat 2 role expand fs 0 body 1 pos 2,3 stuck 0
RC WALK 529 id 7 role expand pos 2,3 tgt 13,6 want EAST
V527I SEALNT 530 ph 3 fwd 1 hv 9
RC POS 530 id 5 seat 1 role expand fs 0 body 1 pos 6,10 stuck 0
RC WALK 530 id 5 role expand pos 6,10 tgt 5,6 want NORTH
RC POS 530 id 7 seat 2 role expand fs 0 body 1 pos 3,3 stuck 0
RC WALK 530 id 7 role expand pos 3,3 tgt 13,6 want NORTH
V527I SEALNT 531 ph 3 fwd 1 hv 9
RC POS 531 id 5 seat 1 role expand fs 0 body 1 pos 6,9 stuck 0
RC WALK 531 id 5 role expand pos 6,9 tgt 5,6 want NORTH
RC POS 531 id 7 seat 2 role expand fs 0 body 1 pos 3,2 stuck 0
RC WALK 531 id 7 role expand pos 3,2 tgt 13,6 want EAST
V527I SEALNT 532 ph 3 fwd 1 hv 9
RC POS 532 id 5 seat 1 role expand fs 0 body 1 pos 6,8 stuck 0
RC WALK 532 id 5 role expand pos 6,8 tgt 5,6 want NORTH
RC POS 532 id 7 seat 2 role expand fs 0 body 1 pos 4,2 stuck 0
RC WALK 532 id 7 role expand pos 4,2 tgt 13,6 want EAST
V527I SEALNT 533 ph 3 fwd 1 hv 9
RC POS 533 id 5 seat 1 role expand fs 0 body 1 pos 6,7 stuck 0
RC WALK 533 id 5 role expand pos 6,7 tgt 5,6 want WEST
RC POS 533 id 7 seat 2 role expand fs 0 body 1 pos 5,2 stuck 0
RC WALK 533 id 7 role expand pos 5,2 tgt 13,6 want EAST
V527I SEALNT 534 ph 3 fwd 1 hv 9
RC POS 534 id 5 seat 1 role expand fs 0 body 1 pos 5,7 stuck 0
RC WALK 534 id 5 role expand pos 5,7 tgt 5,6 want NORTH
RC POS 534 id 7 seat 2 role expand fs 0 body 1 pos 6,2 stuck 0
RC WALK 534 id 7 role expand pos 6,2 tgt 13,6 want EAST
V527I SEALNT 535 ph 3 fwd 1 hv 9
RC POS 535 id 5 seat 1 role expand fs 0 body 1 pos 5,6 stuck 0
V528 PICK r 535 id 5 tgt 4,16 cs 17 bs 17 reg 0 cc 2 bc 2 cands 3 banned 0 regall 0 seat 1
RC WALK 535 id 5 role expand pos 5,6 tgt 4,16 want SOUTH
RC POS 535 id 7 seat 2 role expand fs 0 body 1 pos 7,2 stuck 0
RC WALK 535 id 7 role expand pos 7,2 tgt 13,6 want EAST
V527I SEALNT 536 ph 3 fwd 1 hv 9
RC POS 536 id 5 seat 1 role expand fs 0 body 1 pos 5,7 stuck 0
RC WALK 536 id 5 role expand pos 5,7 tgt 4,16 want SOUTH
RC POS 536 id 7 seat 2 role expand fs 0 body 1 pos 8,2 stuck 0
V528 CONN r 536 id 7 at 9,2 chosen 7 best 1 regret 6 cands 4 role expand seat 2
V527I SEALNT 537 ph 3 fwd 1 hv 10
RC POS 537 id 5 seat 1 role expand fs 0 body 1 pos 5,8 stuck 0
RC WALK 537 id 5 role expand pos 5,8 tgt 4,16 want SOUTH
RC POS 537 id 7 seat 2 role expand fs 0 body 1 pos 8,2 stuck 1
V527I SEALNT 538 ph 3 fwd 1 hv 10
RC POS 538 id 5 seat 1 role expand fs 0 body 1 pos 5,9 stuck 0
RC WALK 538 id 5 role expand pos 5,9 tgt 4,16 want SOUTH
RC POS 538 id 7 seat 2 role expand fs 0 body 1 pos 8,2 stuck 2
V527I SEALNT 539 ph 3 fwd 1 hv 10
RC POS 539 id 5 seat 1 role expand fs 0 body 1 pos 5,10 stuck 0
RC WALK 539 id 5 role expand pos 5,10 tgt 4,16 want EAST
RC POS 539 id 7 seat 2 role expand fs 0 body 1 pos 7,2 stuck 0
V527I SEALNT 540 ph 3 fwd 1 hv 10
RC POS 540 id 5 seat 1 role expand fs 0 body 1 pos 6,10 stuck 0
RC WALK 540 id 5 role expand pos 6,10 tgt 4,16 want SOUTH
RC POS 540 id 7 seat 2 role expand fs 0 body 1 pos 7,2 stuck 1
V527I SEALNT 541 ph 3 fwd 1 hv 10
RC POS 541 id 5 seat 1 role expand fs 0 body 1 pos 6,11 stuck 0
RC WALK 541 id 5 role expand pos 6,11 tgt 4,16 want SOUTH
RC POS 541 id 7 seat 2 role expand fs 0 body 1 pos 7,2 stuck 2
RC WALK 541 id 7 role expand pos 7,2 tgt 5,2 want WEST
V527I SEALNT 542 ph 3 fwd 1 hv 10
RC POS 542 id 5 seat 1 role expand fs 0 body 1 pos 6,12 stuck 0
RC WALK 542 id 5 role expand pos 6,12 tgt 4,15 want WEST
RC POS 542 id 7 seat 2 role expand fs 0 body 1 pos 6,2 stuck 0
V527I SEALNT 543 ph 3 fwd 1 hv 10
RC POS 543 id 5 seat 1 role expand fs 0 body 1 pos 5,12 stuck 0
RC WALK 543 id 5 role expand pos 5,12 tgt 4,15 want SOUTH
RC POS 543 id 7 seat 2 role expand fs 0 body 1 pos 6,2 stuck 1
RC WALK 543 id 7 role expand pos 6,2 tgt 4,2 want WEST
V527I SEALNT 544 ph 3 fwd 1 hv 10
RC POS 544 id 5 seat 1 role expand fs 0 body 1 pos 5,13 stuck 0
RC WALK 544 id 5 role expand pos 5,13 tgt 4,15 want SOUTH
RC POS 544 id 7 seat 2 role expand fs 0 body 1 pos 5,2 stuck 0
V527I SEALNT 545 ph 3 fwd 1 hv 10
RC POS 545 id 5 seat 1 role expand fs 0 body 1 pos 5,14 stuck 0
RC WALK 545 id 5 role expand pos 5,14 tgt 4,15 want WEST
RC POS 545 id 7 seat 2 role expand fs 0 body 1 pos 5,2 stuck 1
RC WALK 545 id 7 role expand pos 5,2 tgt 3,2 want WEST
V527I SEALNT 546 ph 3 fwd 1 hv 10
RC POS 546 id 5 seat 1 role expand fs 0 body 1 pos 4,14 stuck 0
RC WALK 546 id 5 role expand pos 4,14 tgt 4,15 want SOUTH
RC POS 546 id 7 seat 2 role expand fs 0 body 1 pos 4,2 stuck 0
V527I SEALNT 547 ph 3 fwd 1 hv 10
RC POS 547 id 5 seat 1 role expand fs 0 body 1 pos 4,15 stuck 0
V528 PICK r 547 id 5 tgt 6,6 cs 26 bs 26 reg 0 cc 5 bc 5 cands 3 banned 0 regall 0 seat 1
RC WALK 547 id 5 role expand pos 4,15 tgt 6,6 want NORTH
RC POS 547 id 7 seat 2 role expand fs 0 body 1 pos 4,2 stuck 1
RC WALK 547 id 7 role expand pos 4,2 tgt 3,3 want WEST
V527I SEALNT 548 ph 3 fwd 1 hv 10
RC POS 548 id 5 seat 1 role expand fs 0 body 1 pos 4,14 stuck 0
RC WALK 548 id 5 role expand pos 4,14 tgt 6,6 want NORTH
RC POS 548 id 7 seat 2 role expand fs 0 body 1 pos 3,2 stuck 0
RC WALK 548 id 7 role expand pos 3,2 tgt 3,4 want SOUTH
V527I SEALNT 549 ph 3 fwd 1 hv 10
RC POS 549 id 5 seat 1 role expand fs 0 body 1 pos 4,13 stuck 0
RC WALK 549 id 5 role expand pos 4,13 tgt 6,6 want NORTH
RC POS 549 id 7 seat 2 role expand fs 0 body 1 pos 3,3 stuck 0
RC WALK 549 id 7 role expand pos 3,3 tgt 3,5 want SOUTH
V527I SEALNT 550 ph 3 fwd 1 hv 10
RC POS 550 id 5 seat 1 role expand fs 0 body 1 pos 4,12 stuck 0
RC WALK 550 id 5 role expand pos 4,12 tgt 6,6 want EAST
RC POS 550 id 7 seat 2 role expand fs 0 body 1 pos 3,4 stuck 0
RC WALK 550 id 7 role expand pos 3,4 tgt 3,6 want SOUTH
V527I SEALNT 551 ph 3 fwd 1 hv 10
RC POS 551 id 5 seat 1 role expand fs 0 body 1 pos 5,12 stuck 0
RC WALK 551 id 5 role expand pos 5,12 tgt 6,6 want EAST
RC POS 551 id 7 seat 2 role expand fs 0 body 1 pos 3,5 stuck 0
RC WALK 551 id 7 role expand pos 3,5 tgt 3,7 want SOUTH
V527I SEALNT 552 ph 3 fwd 1 hv 10
RC POS 552 id 5 seat 1 role expand fs 0 body 1 pos 6,12 stuck 0
RC WALK 552 id 5 role expand pos 6,12 tgt 6,6 want NORTH
RC POS 552 id 7 seat 2 role expand fs 0 body 1 pos 3,6 stuck 0
RC WALK 552 id 7 role expand pos 3,6 tgt 3,8 want SOUTH
V527I SEALNT 553 ph 3 fwd 1 hv 10
RC POS 553 id 5 seat 1 role expand fs 0 body 1 pos 6,11 stuck 0
RC WALK 553 id 5 role expand pos 6,11 tgt 6,6 want NORTH
RC POS 553 id 7 seat 2 role expand fs 0 body 1 pos 2,6 stuck 0
RC WALK 553 id 7 role expand pos 2,6 tgt 3,8 want SOUTH
V527I SEALNT 554 ph 3 fwd 1 hv 10
RC POS 554 id 5 seat 1 role expand fs 0 body 1 pos 6,10 stuck 0
RC WALK 554 id 5 role expand pos 6,10 tgt 5,6 want NORTH
RC POS 554 id 7 seat 2 role expand fs 0 body 1 pos 2,7 stuck 0
RC WALK 554 id 7 role expand pos 2,7 tgt 3,8 want EAST
V527I SEALNT 555 ph 3 fwd 1 hv 10
RC POS 555 id 5 seat 1 role expand fs 0 body 1 pos 6,9 stuck 0
RC WALK 555 id 5 role expand pos 6,9 tgt 5,6 want NORTH
RC POS 555 id 7 seat 2 role expand fs 0 body 1 pos 2,6 stuck 0
RC WALK 555 id 7 role expand pos 2,6 tgt 3,8 want SOUTH
V527I SEALNT 556 ph 3 fwd 1 hv 10
RC POS 556 id 5 seat 1 role expand fs 0 body 1 pos 6,8 stuck 0
RC WALK 556 id 5 role expand pos 6,8 tgt 5,6 want NORTH
RC POS 556 id 7 seat 2 role expand fs 0 body 1 pos 2,7 stuck 0
RC WALK 556 id 7 role expand pos 2,7 tgt 3,8 want EAST
V527I SEALNT 557 ph 3 fwd 1 hv 10
RC POS 557 id 5 seat 1 role expand fs 0 body 1 pos 6,7 stuck 0
RC WALK 557 id 5 role expand pos 6,7 tgt 5,6 want WEST
RC POS 557 id 7 seat 2 role expand fs 0 body 1 pos 2,6 stuck 0
RC WALK 557 id 7 role expand pos 2,6 tgt 3,8 want SOUTH
V527I SEALNT 558 ph 3 fwd 1 hv 10
RC POS 558 id 5 seat 1 role expand fs 0 body 1 pos 5,7 stuck 0
RC WALK 558 id 5 role expand pos 5,7 tgt 5,6 want NORTH
RC POS 558 id 7 seat 2 role expand fs 0 body 1 pos 2,7 stuck 0
RC WALK 558 id 7 role expand pos 2,7 tgt 3,8 want EAST
V527I SEALNT 559 ph 3 fwd 1 hv 10
RC POS 559 id 5 seat 1 role expand fs 0 body 1 pos 5,6 stuck 0
V528 PICK r 559 id 5 tgt 4,16 cs 17 bs 17 reg 0 cc 2 bc 2 cands 3 banned 0 regall 0 seat 1
RC WALK 559 id 5 role expand pos 5,6 tgt 4,16 want SOUTH
RC POS 559 id 7 seat 2 role expand fs 0 body 1 pos 2,6 stuck 0
RC WALK 559 id 7 role expand pos 2,6 tgt 3,8 want SOUTH
V527I SEALNT 560 ph 3 fwd 1 hv 10
RC POS 560 id 5 seat 1 role expand fs 0 body 1 pos 5,7 stuck 0
RC WALK 560 id 5 role expand pos 5,7 tgt 4,16 want SOUTH
RC POS 560 id 7 seat 2 role expand fs 0 body 1 pos 2,7 stuck 0
RC WALK 560 id 7 role expand pos 2,7 tgt 3,8 want EAST
V527I SEALNT 561 ph 3 fwd 1 hv 10
RC POS 561 id 5 seat 1 role expand fs 0 body 1 pos 5,8 stuck 0
RC WALK 561 id 5 role expand pos 5,8 tgt 4,16 want SOUTH
RC POS 561 id 7 seat 2 role expand fs 0 body 1 pos 2,6 stuck 0
RC WALK 561 id 7 role expand pos 2,6 tgt 3,8 want SOUTH
V527I SEALNT 562 ph 3 fwd 1 hv 10
RC POS 562 id 5 seat 1 role expand fs 0 body 1 pos 5,9 stuck 0
RC WALK 562 id 5 role expand pos 5,9 tgt 4,16 want SOUTH
RC POS 562 id 7 seat 2 role expand fs 0 body 1 pos 2,7 stuck 0
RC WALK 562 id 7 role expand pos 2,7 tgt 3,8 want EAST
V527I SEALNT 563 ph 3 fwd 1 hv 10
RC POS 563 id 5 seat 1 role expand fs 0 body 1 pos 5,10 stuck 0
RC WALK 563 id 5 role expand pos 5,10 tgt 4,16 want EAST
RC POS 563 id 7 seat 2 role expand fs 0 body 1 pos 2,6 stuck 0
RC WALK 563 id 7 role expand pos 2,6 tgt 3,8 want SOUTH
V527I SEALNT 564 ph 3 fwd 1 hv 10
RC POS 564 id 5 seat 1 role expand fs 0 body 1 pos 6,10 stuck 0
RC WALK 564 id 5 role expand pos 6,10 tgt 4,16 want SOUTH
RC POS 564 id 7 seat 2 role expand fs 0 body 1 pos 2,7 stuck 0
RC WALK 564 id 7 role expand pos 2,7 tgt 3,8 want EAST
V527I SEALNT 565 ph 3 fwd 1 hv 10
RC POS 565 id 5 seat 1 role expand fs 0 body 1 pos 6,11 stuck 0
RC WALK 565 id 5 role expand pos 6,11 tgt 4,16 want SOUTH
RC POS 565 id 7 seat 2 role expand fs 0 body 1 pos 2,6 stuck 0
RC WALK 565 id 7 role expand pos 2,6 tgt 3,8 want SOUTH
V527I SEALNT 566 ph 3 fwd 1 hv 10
RC POS 566 id 5 seat 1 role expand fs 0 body 1 pos 6,12 stuck 0
RC WALK 566 id 5 role expand pos 6,12 tgt 4,15 want WEST
RC POS 566 id 7 seat 2 role expand fs 0 body 1 pos 2,7 stuck 0
RC WALK 566 id 7 role expand pos 2,7 tgt 3,8 want EAST
V527I SEALNT 567 ph 3 fwd 1 hv 10
RC POS 567 id 5 seat 1 role expand fs 0 body 1 pos 5,12 stuck 0
RC WALK 567 id 5 role expand pos 5,12 tgt 4,15 want SOUTH
RC POS 567 id 7 seat 2 role expand fs 0 body 1 pos 2,6 stuck 0
RC WALK 567 id 7 role expand pos 2,6 tgt 3,8 want SOUTH
V527I SEALNT 568 ph 3 fwd 1 hv 10
RC POS 568 id 5 seat 1 role expand fs 0 body 1 pos 5,13 stuck 0
RC WALK 568 id 5 role expand pos 5,13 tgt 4,15 want SOUTH
RC POS 568 id 7 seat 2 role expand fs 0 body 1 pos 2,7 stuck 0
RC WALK 568 id 7 role expand pos 2,7 tgt 3,8 want EAST
V527I SEALNT 569 ph 3 fwd 1 hv 10
RC POS 569 id 5 seat 1 role expand fs 0 body 1 pos 5,14 stuck 0
RC WALK 569 id 5 role expand pos 5,14 tgt 4,15 want WEST
RC POS 569 id 7 seat 2 role expand fs 0 body 1 pos 2,6 stuck 0
RC WALK 569 id 7 role expand pos 2,6 tgt 3,8 want SOUTH
V527I SEALNT 570 ph 3 fwd 1 hv 10
RC POS 570 id 5 seat 1 role expand fs 0 body 1 pos 4,14 stuck 0
RC WALK 570 id 5 role expand pos 4,14 tgt 4,15 want SOUTH
RC POS 570 id 7 seat 2 role expand fs 0 body 1 pos 2,7 stuck 0
RC WALK 570 id 7 role expand pos 2,7 tgt 3,8 want EAST
V527I SEALNT 571 ph 3 fwd 1 hv 10
RC POS 571 id 5 seat 1 role expand fs 0 body 1 pos 4,15 stuck 0
V528 PICK r 571 id 5 tgt 6,6 cs 26 bs 26 reg 0 cc 5 bc 5 cands 3 banned 0 regall 0 seat 1
RC WALK 571 id 5 role expand pos 4,15 tgt 6,6 want NORTH
RC POS 571 id 7 seat 2 role expand fs 0 body 1 pos 2,6 stuck 0
RC WALK 571 id 7 role expand pos 2,6 tgt 3,8 want SOUTH
V527I SEALNT 572 ph 3 fwd 1 hv 10
RC POS 572 id 5 seat 1 role expand fs 0 body 1 pos 4,14 stuck 0
RC WALK 572 id 5 role expand pos 4,14 tgt 6,6 want NORTH
RC POS 572 id 7 seat 2 role expand fs 0 body 1 pos 2,7 stuck 0
RC WALK 572 id 7 role expand pos 2,7 tgt 3,8 want EAST
V527I SEALNT 573 ph 3 fwd 1 hv 10
RC POS 573 id 5 seat 1 role expand fs 0 body 1 pos 4,13 stuck 0
RC WALK 573 id 5 role expand pos 4,13 tgt 6,6 want NORTH
RC POS 573 id 7 seat 2 role expand fs 0 body 1 pos 2,6 stuck 0
RC WALK 573 id 7 role expand pos 2,6 tgt 3,8 want SOUTH
V527I SEALNT 574 ph 3 fwd 1 hv 10
RC POS 574 id 5 seat 1 role expand fs 0 body 1 pos 4,12 stuck 0
RC WALK 574 id 5 role expand pos 4,12 tgt 6,6 want EAST
RC POS 574 id 7 seat 2 role expand fs 0 body 1 pos 2,7 stuck 0
RC WALK 574 id 7 role expand pos 2,7 tgt 3,8 want EAST
V527I SEALNT 575 ph 3 fwd 1 hv 10
RC POS 575 id 5 seat 1 role expand fs 0 body 1 pos 5,12 stuck 0
RC WALK 575 id 5 role expand pos 5,12 tgt 6,6 want EAST
RC POS 575 id 7 seat 2 role expand fs 0 body 1 pos 2,6 stuck 0
RC WALK 575 id 7 role expand pos 2,6 tgt 3,8 want SOUTH
V527I SEALNT 576 ph 3 fwd 1 hv 10
RC POS 576 id 5 seat 1 role expand fs 0 body 1 pos 6,12 stuck 0
RC WALK 576 id 5 role expand pos 6,12 tgt 6,6 want NORTH
RC POS 576 id 7 seat 2 role expand fs 0 body 1 pos 2,7 stuck 0
RC WALK 576 id 7 role expand pos 2,7 tgt 3,8 want EAST
V527I SEALNT 577 ph 3 fwd 1 hv 10
RC POS 577 id 5 seat 1 role expand fs 0 body 1 pos 6,11 stuck 0
RC WALK 577 id 5 role expand pos 6,11 tgt 6,6 want NORTH
RC POS 577 id 7 seat 2 role expand fs 0 body 1 pos 2,6 stuck 0
RC WALK 577 id 7 role expand pos 2,6 tgt 3,8 want SOUTH
V527I SEALNT 578 ph 3 fwd 1 hv 10
RC POS 578 id 5 seat 1 role expand fs 0 body 1 pos 6,10 stuck 0
RC WALK 578 id 5 role expand pos 6,10 tgt 5,6 want NORTH
RC POS 578 id 7 seat 2 role expand fs 0 body 1 pos 2,7 stuck 0
RC WALK 578 id 7 role expand pos 2,7 tgt 3,8 want EAST
V527I SEALNT 579 ph 3 fwd 1 hv 10
RC POS 579 id 5 seat 1 role expand fs 0 body 1 pos 6,9 stuck 0
RC WALK 579 id 5 role expand pos 6,9 tgt 5,6 want NORTH
RC POS 579 id 7 seat 2 role expand fs 0 body 1 pos 2,6 stuck 0
RC WALK 579 id 7 role expand pos 2,6 tgt 3,8 want SOUTH
V527I SEALNT 580 ph 3 fwd 1 hv 10
RC POS 580 id 5 seat 1 role expand fs 0 body 1 pos 6,8 stuck 0
RC WALK 580 id 5 role expand pos 6,8 tgt 5,6 want NORTH
RC POS 580 id 7 seat 2 role expand fs 0 body 1 pos 2,7 stuck 0
RC WALK 580 id 7 role expand pos 2,7 tgt 3,8 want EAST
V527I SEALNT 581 ph 3 fwd 1 hv 10
RC POS 581 id 5 seat 1 role expand fs 0 body 1 pos 6,7 stuck 0
RC WALK 581 id 5 role expand pos 6,7 tgt 5,6 want WEST
RC POS 581 id 7 seat 2 role expand fs 0 body 1 pos 2,6 stuck 0
RC WALK 581 id 7 role expand pos 2,6 tgt 3,8 want SOUTH
V527I SEALNT 582 ph 3 fwd 1 hv 10
RC POS 582 id 5 seat 1 role expand fs 0 body 1 pos 5,7 stuck 0
RC WALK 582 id 5 role expand pos 5,7 tgt 5,6 want NORTH
RC POS 582 id 7 seat 2 role expand fs 0 body 1 pos 2,7 stuck 0
RC WALK 582 id 7 role expand pos 2,7 tgt 3,8 want EAST
V527I SEALNT 583 ph 3 fwd 1 hv 10
RC POS 583 id 5 seat 1 role expand fs 0 body 1 pos 5,6 stuck 0
V528 PICK r 583 id 5 tgt 4,16 cs 17 bs 17 reg 0 cc 2 bc 2 cands 3 banned 0 regall 0 seat 1
RC WALK 583 id 5 role expand pos 5,6 tgt 4,16 want SOUTH
RC POS 583 id 7 seat 2 role expand fs 0 body 1 pos 2,6 stuck 0
RC WALK 583 id 7 role expand pos 2,6 tgt 3,8 want SOUTH
V527I SEALNT 584 ph 3 fwd 1 hv 10
RC POS 584 id 5 seat 1 role expand fs 0 body 1 pos 5,7 stuck 0
RC WALK 584 id 5 role expand pos 5,7 tgt 4,16 want SOUTH
RC POS 584 id 7 seat 2 role expand fs 0 body 1 pos 2,7 stuck 0
RC WALK 584 id 7 role expand pos 2,7 tgt 3,8 want EAST
V527I SEALNT 585 ph 3 fwd 1 hv 10
RC POS 585 id 5 seat 1 role expand fs 0 body 1 pos 5,8 stuck 0
RC WALK 585 id 5 role expand pos 5,8 tgt 4,16 want SOUTH
RC POS 585 id 7 seat 2 role expand fs 0 body 1 pos 2,6 stuck 0
RC WALK 585 id 7 role expand pos 2,6 tgt 3,8 want SOUTH
V527I SEALNT 586 ph 3 fwd 1 hv 10
RC POS 586 id 5 seat 1 role expand fs 0 body 1 pos 5,9 stuck 0
RC WALK 586 id 5 role expand pos 5,9 tgt 4,16 want SOUTH
RC POS 586 id 7 seat 2 role expand fs 0 body 1 pos 2,7 stuck 0
RC WALK 586 id 7 role expand pos 2,7 tgt 3,8 want EAST
V527I SEALNT 587 ph 3 fwd 1 hv 10
RC POS 587 id 5 seat 1 role expand fs 0 body 1 pos 5,10 stuck 0
RC WALK 587 id 5 role expand pos 5,10 tgt 4,16 want EAST
RC POS 587 id 7 seat 2 role expand fs 0 body 1 pos 2,6 stuck 0
RC WALK 587 id 7 role expand pos 2,6 tgt 3,8 want SOUTH
V527I SEALNT 588 ph 3 fwd 1 hv 10
RC POS 588 id 5 seat 1 role expand fs 0 body 1 pos 6,10 stuck 0
RC WALK 588 id 5 role expand pos 6,10 tgt 4,16 want SOUTH
RC POS 588 id 7 seat 2 role expand fs 0 body 1 pos 2,7 stuck 0
RC WALK 588 id 7 role expand pos 2,7 tgt 3,8 want EAST
V527I SEALNT 589 ph 3 fwd 1 hv 10
RC POS 589 id 5 seat 1 role expand fs 0 body 1 pos 6,11 stuck 0
RC WALK 589 id 5 role expand pos 6,11 tgt 4,16 want SOUTH
RC POS 589 id 7 seat 2 role expand fs 0 body 1 pos 2,6 stuck 0
RC WALK 589 id 7 role expand pos 2,6 tgt 3,8 want SOUTH
RC SEAT 589 id 240 seat 5
RC POS 589 id 240 seat 5 role raid fs 1 body 1 pos 1,8 stuck 0
RC WALK 589 id 240 role raid pos 1,8 tgt 18,11 want NORTH
V527I SEALNT 590 ph 1 fwd 1 hv 10
RC POS 590 id 5 seat 1 role expand fs 0 body 1 pos 6,12 stuck 0
RC WALK 590 id 5 role expand pos 6,12 tgt 4,15 want WEST
RC POS 590 id 7 seat 2 role expand fs 0 body 1 pos 2,7 stuck 0
RC WALK 590 id 7 role expand pos 2,7 tgt 3,8 want EAST
RC POS 590 id 240 seat 5 role raid fs 1 body 1 pos 1,7 stuck 0
V527I SEALNT 591 ph 1 fwd 1 hv 10
RC POS 591 id 5 seat 1 role expand fs 0 body 1 pos 5,12 stuck 0
RC WALK 591 id 5 role expand pos 5,12 tgt 4,15 want SOUTH
RC POS 591 id 7 seat 2 role expand fs 0 body 1 pos 2,6 stuck 0
RC WALK 591 id 7 role expand pos 2,6 tgt 3,8 want SOUTH
RC POS 591 id 240 seat 5 role raid fs 1 body 1 pos 1,7 stuck 1
V527I SEALNT 592 ph 1 fwd 1 hv 10
RC POS 592 id 5 seat 1 role expand fs 0 body 1 pos 5,13 stuck 0
RC WALK 592 id 5 role expand pos 5,13 tgt 4,15 want SOUTH
RC POS 592 id 7 seat 2 role expand fs 0 body 1 pos 2,7 stuck 0
RC WALK 592 id 7 role expand pos 2,7 tgt 3,8 want EAST
RC POS 592 id 240 seat 5 role raid fs 1 body 1 pos 6,9 stuck 0
RC WALK 592 id 240 role raid pos 6,9 tgt 18,11 want SOUTH
V527I SEALNT 593 ph 1 fwd 1 hv 10
RC POS 593 id 5 seat 1 role expand fs 0 body 1 pos 5,14 stuck 0
RC WALK 593 id 5 role expand pos 5,14 tgt 4,15 want WEST
RC POS 593 id 7 seat 2 role expand fs 0 body 1 pos 2,6 stuck 0
RC WALK 593 id 7 role expand pos 2,6 tgt 3,8 want SOUTH
RC POS 593 id 240 seat 5 role raid fs 1 body 1 pos 6,10 stuck 0
RC WALK 593 id 240 role raid pos 6,10 tgt 18,11 want SOUTH
V527I SEALNT 594 ph 1 fwd 1 hv 10
RC POS 594 id 5 seat 1 role expand fs 0 body 1 pos 4,14 stuck 0
RC WALK 594 id 5 role expand pos 4,14 tgt 4,15 want SOUTH
RC POS 594 id 7 seat 2 role expand fs 0 body 1 pos 2,7 stuck 0
RC WALK 594 id 7 role expand pos 2,7 tgt 3,8 want EAST
RC POS 594 id 240 seat 5 role raid fs 1 body 1 pos 6,11 stuck 0
RC WALK 594 id 240 role raid pos 6,11 tgt 18,11 want SOUTH
V527I SEALNT 595 ph 1 fwd 1 hv 10
RC POS 595 id 5 seat 1 role expand fs 0 body 1 pos 4,15 stuck 0
V528 PICK r 595 id 5 tgt 6,6 cs 26 bs 26 reg 0 cc 5 bc 5 cands 3 banned 0 regall 0 seat 1
RC WALK 595 id 5 role expand pos 4,15 tgt 6,6 want NORTH
RC POS 595 id 7 seat 2 role expand fs 0 body 1 pos 2,6 stuck 0
RC WALK 595 id 7 role expand pos 2,6 tgt 3,8 want SOUTH
RC POS 595 id 240 seat 5 role raid fs 1 body 1 pos 6,12 stuck 0
RC WALK 595 id 240 role raid pos 6,12 tgt 18,11 want WEST
V527I SEALNT 596 ph 1 fwd 1 hv 10
RC POS 596 id 5 seat 1 role expand fs 0 body 1 pos 4,14 stuck 0
RC WALK 596 id 5 role expand pos 4,14 tgt 6,6 want NORTH
RC POS 596 id 7 seat 2 role expand fs 0 body 1 pos 2,7 stuck 0
RC WALK 596 id 7 role expand pos 2,7 tgt 3,8 want EAST
RC POS 596 id 240 seat 5 role raid fs 1 body 1 pos 5,12 stuck 0
RC WALK 596 id 240 role raid pos 5,12 tgt 18,11 want SOUTH
V527I SEALNT 597 ph 1 fwd 1 hv 10
RC POS 597 id 5 seat 1 role expand fs 0 body 1 pos 4,13 stuck 0
RC WALK 597 id 5 role expand pos 4,13 tgt 6,6 want NORTH
RC POS 597 id 7 seat 2 role expand fs 0 body 1 pos 2,6 stuck 0
RC WALK 597 id 7 role expand pos 2,6 tgt 3,8 want SOUTH
RC POS 597 id 240 seat 5 role raid fs 1 body 1 pos 5,13 stuck 0
RC WALK 597 id 240 role raid pos 5,13 tgt 18,11 want SOUTH
V527I SEALNT 598 ph 1 fwd 1 hv 10
RC POS 598 id 5 seat 1 role expand fs 0 body 1 pos 4,12 stuck 0
RC WALK 598 id 5 role expand pos 4,12 tgt 6,6 want EAST
RC POS 598 id 7 seat 2 role expand fs 0 body 1 pos 2,7 stuck 0
RC WALK 598 id 7 role expand pos 2,7 tgt 3,8 want EAST
RC POS 598 id 240 seat 5 role raid fs 1 body 1 pos 5,14 stuck 0
RC WALK 598 id 240 role raid pos 5,14 tgt 18,11 want SOUTH
V527I SEALNT 599 ph 1 fwd 1 hv 10
RC POS 599 id 5 seat 1 role expand fs 0 body 1 pos 5,12 stuck 0
RC WALK 599 id 5 role expand pos 5,12 tgt 6,6 want EAST
RC POS 599 id 7 seat 2 role expand fs 0 body 1 pos 2,6 stuck 0
RC WALK 599 id 7 role expand pos 2,6 tgt 3,8 want SOUTH
RC POS 599 id 240 seat 5 role raid fs 1 body 1 pos 5,15 stuck 0
RC WALK 599 id 240 role raid pos 5,15 tgt 18,11 want WEST
V527I SEALNT 600 ph 1 fwd 1 hv 10
RC POS 600 id 5 seat 1 role expand fs 0 body 1 pos 6,12 stuck 0
RC WALK 600 id 5 role expand pos 6,12 tgt 6,6 want NORTH
RC POS 600 id 7 seat 2 role expand fs 0 body 1 pos 2,7 stuck 0
RC WALK 600 id 7 role expand pos 2,7 tgt 3,8 want EAST
RC POS 600 id 240 seat 5 role raid fs 1 body 1 pos 4,15 stuck 0
RC WALK 600 id 240 role raid pos 4,15 tgt 18,11 want WEST
V527I SEALNT 601 ph 1 fwd 1 hv 10
RC POS 601 id 5 seat 1 role expand fs 0 body 1 pos 6,11 stuck 0
RC WALK 601 id 5 role expand pos 6,11 tgt 6,6 want NORTH
RC POS 601 id 7 seat 2 role expand fs 0 body 1 pos 2,6 stuck 0
RC WALK 601 id 7 role expand pos 2,6 tgt 3,8 want SOUTH
RC POS 601 id 240 seat 5 role raid fs 1 body 1 pos 3,15 stuck 0
RC WALK 601 id 240 role raid pos 3,15 tgt 18,11 want SOUTH
V527I SEALNT 602 ph 1 fwd 1 hv 10
RC POS 602 id 5 seat 1 role expand fs 0 body 1 pos 6,10 stuck 0
RC WALK 602 id 5 role expand pos 6,10 tgt 5,6 want NORTH
RC POS 602 id 7 seat 2 role expand fs 0 body 1 pos 2,7 stuck 0
RC WALK 602 id 7 role expand pos 2,7 tgt 3,8 want EAST
RC POS 602 id 240 seat 5 role raid fs 1 body 1 pos 3,16 stuck 0
RC WALK 602 id 240 role raid pos 3,16 tgt 18,11 want SOUTH
V527I SEALNT 603 ph 1 fwd 1 hv 10
RC POS 603 id 5 seat 1 role expand fs 0 body 1 pos 6,9 stuck 0
RC WALK 603 id 5 role expand pos 6,9 tgt 5,6 want NORTH
RC POS 603 id 7 seat 2 role expand fs 0 body 1 pos 2,6 stuck 0
RC WALK 603 id 7 role expand pos 2,6 tgt 3,8 want SOUTH
RC POS 603 id 240 seat 5 role raid fs 1 body 1 pos 3,17 stuck 0
RC WALK 603 id 240 role raid pos 3,17 tgt 18,11 want EAST
V527I SEALNT 604 ph 1 fwd 1 hv 10
RC POS 604 id 5 seat 1 role expand fs 0 body 1 pos 6,8 stuck 0
RC WALK 604 id 5 role expand pos 6,8 tgt 5,6 want NORTH
RC POS 604 id 7 seat 2 role expand fs 0 body 1 pos 2,7 stuck 0
RC WALK 604 id 7 role expand pos 2,7 tgt 3,8 want EAST
RC POS 604 id 240 seat 5 role raid fs 1 body 1 pos 4,17 stuck 0
RC WALK 604 id 240 role raid pos 4,17 tgt 18,11 want EAST
V527I SEALNT 605 ph 1 fwd 1 hv 10
RC POS 605 id 5 seat 1 role expand fs 0 body 1 pos 6,7 stuck 0
RC WALK 605 id 5 role expand pos 6,7 tgt 5,6 want WEST
RC POS 605 id 7 seat 2 role expand fs 0 body 1 pos 2,6 stuck 0
RC WALK 605 id 7 role expand pos 2,6 tgt 3,8 want SOUTH
RC POS 605 id 240 seat 5 role raid fs 1 body 1 pos 5,17 stuck 0
RC WALK 605 id 240 role raid pos 5,17 tgt 18,11 want EAST
V527I SEALNT 606 ph 1 fwd 1 hv 10
RC POS 606 id 5 seat 1 role expand fs 0 body 1 pos 5,7 stuck 0
RC WALK 606 id 5 role expand pos 5,7 tgt 5,6 want NORTH
RC POS 606 id 7 seat 2 role expand fs 0 body 1 pos 2,7 stuck 0
RC WALK 606 id 7 role expand pos 2,7 tgt 3,8 want EAST
RC POS 606 id 240 seat 5 role raid fs 1 body 1 pos 6,17 stuck 0
RC WALK 606 id 240 role raid pos 6,17 tgt 18,11 want EAST
V527I SEALNT 607 ph 1 fwd 1 hv 10
RC POS 607 id 5 seat 1 role expand fs 0 body 1 pos 5,6 stuck 0
V528 PICK r 607 id 5 tgt 4,16 cs 17 bs 17 reg 0 cc 2 bc 2 cands 3 banned 0 regall 0 seat 1
RC WALK 607 id 5 role expand pos 5,6 tgt 4,16 want SOUTH
RC POS 607 id 7 seat 2 role expand fs 0 body 1 pos 2,6 stuck 0
RC WALK 607 id 7 role expand pos 2,6 tgt 3,8 want SOUTH
RC POS 607 id 240 seat 5 role raid fs 1 body 1 pos 7,17 stuck 0
RC WALK 607 id 240 role raid pos 7,17 tgt 18,11 want EAST
V527I SEALNT 608 ph 1 fwd 1 hv 10
RC POS 608 id 5 seat 1 role expand fs 0 body 1 pos 5,7 stuck 0
RC WALK 608 id 5 role expand pos 5,7 tgt 4,16 want SOUTH
RC POS 608 id 7 seat 2 role expand fs 0 body 1 pos 2,7 stuck 0
RC WALK 608 id 7 role expand pos 2,7 tgt 3,8 want EAST
RC POS 608 id 240 seat 5 role raid fs 1 body 1 pos 8,17 stuck 0
RC WALK 608 id 240 role raid pos 8,17 tgt 18,11 want NORTH
V527I SEALNT 609 ph 1 fwd 1 hv 10
RC POS 609 id 5 seat 1 role expand fs 0 body 1 pos 5,8 stuck 0
RC WALK 609 id 5 role expand pos 5,8 tgt 4,16 want SOUTH
RC POS 609 id 7 seat 2 role expand fs 0 body 1 pos 2,6 stuck 0
RC WALK 609 id 7 role expand pos 2,6 tgt 3,8 want SOUTH
RC POS 609 id 240 seat 5 role raid fs 1 body 1 pos 8,16 stuck 0
RC WALK 609 id 240 role raid pos 8,16 tgt 18,11 want EAST
V527I SEALNT 610 ph 1 fwd 1 hv 10
RC POS 610 id 5 seat 1 role expand fs 0 body 1 pos 5,9 stuck 0
RC WALK 610 id 5 role expand pos 5,9 tgt 4,16 want SOUTH
RC POS 610 id 7 seat 2 role expand fs 0 body 1 pos 2,7 stuck 0
RC WALK 610 id 7 role expand pos 2,7 tgt 3,8 want EAST
RC POS 610 id 240 seat 5 role raid fs 1 body 1 pos 9,16 stuck 0
RC WALK 610 id 240 role raid pos 9,16 tgt 18,11 want EAST
V527I SEALNT 611 ph 1 fwd 1 hv 10
RC POS 611 id 5 seat 1 role expand fs 0 body 1 pos 5,10 stuck 0
RC WALK 611 id 5 role expand pos 5,10 tgt 4,16 want EAST
RC POS 611 id 7 seat 2 role expand fs 0 body 1 pos 2,6 stuck 0
RC WALK 611 id 7 role expand pos 2,6 tgt 3,8 want SOUTH
RC POS 611 id 240 seat 5 role raid fs 1 body 1 pos 10,16 stuck 0
RC WALK 611 id 240 role raid pos 10,16 tgt 18,11 want EAST
V527I SEALNT 612 ph 1 fwd 1 hv 10
RC POS 612 id 5 seat 1 role expand fs 0 body 1 pos 6,10 stuck 0
RC WALK 612 id 5 role expand pos 6,10 tgt 4,16 want SOUTH
RC POS 612 id 7 seat 2 role expand fs 0 body 1 pos 2,7 stuck 0
RC WALK 612 id 7 role expand pos 2,7 tgt 3,8 want EAST
RC POS 612 id 240 seat 5 role raid fs 1 body 1 pos 11,16 stuck 0
RC WALK 612 id 240 role raid pos 11,16 tgt 18,11 want EAST
V527I SEALNT 613 ph 1 fwd 1 hv 10
RC POS 613 id 5 seat 1 role expand fs 0 body 1 pos 6,11 stuck 0
RC WALK 613 id 5 role expand pos 6,11 tgt 4,16 want SOUTH
RC POS 613 id 7 seat 2 role expand fs 0 body 1 pos 2,6 stuck 0
RC WALK 613 id 7 role expand pos 2,6 tgt 3,8 want SOUTH
RC POS 613 id 240 seat 5 role raid fs 1 body 1 pos 12,16 stuck 0
V527I SEALNT 614 ph 1 fwd 1 hv 10
RC POS 614 id 5 seat 1 role expand fs 0 body 1 pos 6,12 stuck 0
RC WALK 614 id 5 role expand pos 6,12 tgt 4,15 want WEST
RC POS 614 id 7 seat 2 role expand fs 0 body 1 pos 2,7 stuck 0
RC WALK 614 id 7 role expand pos 2,7 tgt 3,8 want EAST
RC POS 614 id 240 seat 5 role raid fs 1 body 1 pos 12,16 stuck 1
V527I SEALNT 615 ph 1 fwd 1 hv 10
RC POS 615 id 5 seat 1 role expand fs 0 body 1 pos 5,12 stuck 0
RC WALK 615 id 5 role expand pos 5,12 tgt 4,15 want SOUTH
RC POS 615 id 7 seat 2 role expand fs 0 body 1 pos 2,6 stuck 0
RC WALK 615 id 7 role expand pos 2,6 tgt 3,8 want SOUTH
RC POS 615 id 240 seat 5 role raid fs 1 body 1 pos 15,11 stuck 0
V527I SEALNT 616 ph 2 fwd 1 hv 10
RC POS 616 id 5 seat 1 role expand fs 0 body 1 pos 5,13 stuck 0
RC WALK 616 id 5 role expand pos 5,13 tgt 4,15 want SOUTH
RC POS 616 id 7 seat 2 role expand fs 0 body 1 pos 2,7 stuck 0
RC WALK 616 id 7 role expand pos 2,7 tgt 3,8 want EAST
RC POS 616 id 240 seat 5 role raid fs 1 body 1 pos 15,11 stuck 1
V527I SEALNT 617 ph 2 fwd 1 hv 10
RC POS 617 id 5 seat 1 role expand fs 0 body 1 pos 5,14 stuck 0
RC WALK 617 id 5 role expand pos 5,14 tgt 4,15 want WEST
RC POS 617 id 7 seat 2 role expand fs 0 body 1 pos 2,6 stuck 0
RC WALK 617 id 7 role expand pos 2,6 tgt 3,8 want SOUTH
RC POS 617 id 240 seat 5 role raid fs 1 body 1 pos 15,11 stuck 2
V527I SEALNT 618 ph 2 fwd 1 hv 10
RC POS 618 id 5 seat 1 role expand fs 0 body 1 pos 4,14 stuck 0
RC WALK 618 id 5 role expand pos 4,14 tgt 4,15 want SOUTH
RC POS 618 id 7 seat 2 role expand fs 0 body 1 pos 2,7 stuck 0
RC WALK 618 id 7 role expand pos 2,7 tgt 3,8 want EAST
RC POS 618 id 240 seat 5 role raid fs 1 body 1 pos 15,11 stuck 3
V527I SEALNT 619 ph 2 fwd 1 hv 10
RC POS 619 id 5 seat 1 role expand fs 0 body 1 pos 4,15 stuck 0
V528 PICK r 619 id 5 tgt 6,6 cs 26 bs 26 reg 0 cc 5 bc 5 cands 3 banned 0 regall 0 seat 1
RC WALK 619 id 5 role expand pos 4,15 tgt 6,6 want NORTH
RC POS 619 id 7 seat 2 role expand fs 0 body 1 pos 2,6 stuck 0
RC WALK 619 id 7 role expand pos 2,6 tgt 3,8 want SOUTH
RC POS 619 id 240 seat 5 role raid fs 1 body 1 pos 15,11 stuck 4
V527I SEALNT 620 ph 2 fwd 1 hv 10
RC POS 620 id 5 seat 1 role expand fs 0 body 1 pos 4,14 stuck 0
RC WALK 620 id 5 role expand pos 4,14 tgt 6,6 want NORTH
RC POS 620 id 7 seat 2 role expand fs 0 body 1 pos 2,7 stuck 0
RC WALK 620 id 7 role expand pos 2,7 tgt 3,8 want EAST
RC POS 620 id 240 seat 5 role raid fs 1 body 1 pos 15,11 stuck 5
V527I SEALNT 621 ph 2 fwd 1 hv 10
RC POS 621 id 5 seat 1 role expand fs 0 body 1 pos 4,13 stuck 0
RC WALK 621 id 5 role expand pos 4,13 tgt 6,6 want NORTH
RC POS 621 id 7 seat 2 role expand fs 0 body 1 pos 2,6 stuck 0
RC WALK 621 id 7 role expand pos 2,6 tgt 3,8 want SOUTH
RC POS 621 id 240 seat 5 role raid fs 1 body 1 pos 15,11 stuck 6
V527I SEALNT 622 ph 2 fwd 1 hv 10
RC POS 622 id 5 seat 1 role expand fs 0 body 1 pos 4,12 stuck 0
RC WALK 622 id 5 role expand pos 4,12 tgt 6,6 want EAST
RC POS 622 id 7 seat 2 role expand fs 0 body 1 pos 2,7 stuck 0
RC WALK 622 id 7 role expand pos 2,7 tgt 3,8 want EAST
RC POS 622 id 240 seat 5 role raid fs 1 body 1 pos 15,11 stuck 7
V527I SEALNT 623 ph 2 fwd 1 hv 10
RC POS 623 id 5 seat 1 role expand fs 0 body 1 pos 5,12 stuck 0
RC WALK 623 id 5 role expand pos 5,12 tgt 6,6 want EAST
RC POS 623 id 7 seat 2 role expand fs 0 body 1 pos 2,6 stuck 0
RC WALK 623 id 7 role expand pos 2,6 tgt 3,8 want SOUTH
RC POS 623 id 240 seat 5 role raid fs 1 body 1 pos 15,11 stuck 8
V527I SEALNT 624 ph 2 fwd 1 hv 10
RC POS 624 id 5 seat 1 role expand fs 0 body 1 pos 6,12 stuck 0
RC WALK 624 id 5 role expand pos 6,12 tgt 6,6 want NORTH
RC POS 624 id 7 seat 2 role expand fs 0 body 1 pos 2,7 stuck 0
RC WALK 624 id 7 role expand pos 2,7 tgt 3,8 want EAST
RC POS 624 id 240 seat 5 role raid fs 1 body 1 pos 15,11 stuck 9
V527I SEALNT 625 ph 2 fwd 1 hv 10
RC POS 625 id 5 seat 1 role expand fs 0 body 1 pos 6,11 stuck 0
RC WALK 625 id 5 role expand pos 6,11 tgt 6,6 want NORTH
RC POS 625 id 7 seat 2 role expand fs 0 body 1 pos 2,6 stuck 0
RC WALK 625 id 7 role expand pos 2,6 tgt 3,8 want SOUTH
RC POS 625 id 240 seat 5 role raid fs 1 body 1 pos 15,11 stuck 10
V527I SEALNT 626 ph 2 fwd 1 hv 10
RC POS 626 id 5 seat 1 role expand fs 0 body 1 pos 6,10 stuck 0
RC WALK 626 id 5 role expand pos 6,10 tgt 5,6 want NORTH
RC POS 626 id 7 seat 2 role expand fs 0 body 1 pos 2,7 stuck 0
RC WALK 626 id 7 role expand pos 2,7 tgt 3,8 want EAST
RC POS 626 id 240 seat 5 role raid fs 1 body 1 pos 15,11 stuck 11
V527I SEALNT 627 ph 2 fwd 1 hv 10
RC POS 627 id 5 seat 1 role expand fs 0 body 1 pos 6,9 stuck 0
RC WALK 627 id 5 role expand pos 6,9 tgt 5,6 want NORTH
RC POS 627 id 7 seat 2 role expand fs 0 body 1 pos 2,6 stuck 0
RC WALK 627 id 7 role expand pos 2,6 tgt 3,8 want SOUTH
RC POS 627 id 240 seat 5 role raid fs 1 body 1 pos 15,11 stuck 12
V527I SEALNT 628 ph 2 fwd 1 hv 10
RC POS 628 id 5 seat 1 role expand fs 0 body 1 pos 6,8 stuck 0
RC WALK 628 id 5 role expand pos 6,8 tgt 5,6 want NORTH
RC POS 628 id 7 seat 2 role expand fs 0 body 1 pos 2,7 stuck 0
RC WALK 628 id 7 role expand pos 2,7 tgt 3,8 want EAST
RC POS 628 id 240 seat 5 role raid fs 1 body 1 pos 15,11 stuck 13
V527I SEALNT 629 ph 2 fwd 1 hv 10
RC POS 629 id 5 seat 1 role expand fs 0 body 1 pos 6,7 stuck 0
RC WALK 629 id 5 role expand pos 6,7 tgt 5,6 want WEST
RC POS 629 id 7 seat 2 role expand fs 0 body 1 pos 2,6 stuck 0
RC WALK 629 id 7 role expand pos 2,6 tgt 3,8 want SOUTH
RC POS 629 id 240 seat 5 role raid fs 1 body 1 pos 15,11 stuck 14
RC WALK 629 id 240 role raid pos 15,11 tgt 18,11 want SOUTH
V527I SEALNT 630 ph 2 fwd 1 hv 10
RC POS 630 id 5 seat 1 role expand fs 0 body 1 pos 5,7 stuck 0
RC WALK 630 id 5 role expand pos 5,7 tgt 5,6 want NORTH
RC POS 630 id 7 seat 2 role expand fs 0 body 1 pos 2,7 stuck 0
RC WALK 630 id 7 role expand pos 2,7 tgt 3,8 want EAST
RC POS 630 id 240 seat 5 role raid fs 1 body 1 pos 15,12 stuck 0
RC WALK 630 id 240 role raid pos 15,12 tgt 17,12 want EAST
V527I SEALNT 631 ph 2 fwd 1 hv 10
RC POS 631 id 5 seat 1 role expand fs 0 body 1 pos 5,6 stuck 0
V528 PICK r 631 id 5 tgt 4,16 cs 17 bs 17 reg 0 cc 2 bc 2 cands 3 banned 0 regall 0 seat 1
RC WALK 631 id 5 role expand pos 5,6 tgt 4,16 want SOUTH
RC POS 631 id 7 seat 2 role expand fs 0 body 1 pos 2,6 stuck 0
RC WALK 631 id 7 role expand pos 2,6 tgt 3,8 want SOUTH
RC POS 631 id 240 seat 5 role raid fs 1 body 1 pos 16,12 stuck 0
V527I SEALNT 632 ph 2 fwd 1 hv 10
RC POS 632 id 5 seat 1 role expand fs 0 body 1 pos 5,7 stuck 0
RC WALK 632 id 5 role expand pos 5,7 tgt 4,16 want SOUTH
RC POS 632 id 7 seat 2 role expand fs 0 body 1 pos 2,7 stuck 0
RC WALK 632 id 7 role expand pos 2,7 tgt 3,8 want EAST
RC POS 632 id 240 seat 5 role raid fs 1 body 1 pos 16,11 stuck 0
V527I SEALNT 633 ph 2 fwd 1 hv 10
RC POS 633 id 5 seat 1 role expand fs 0 body 1 pos 5,8 stuck 0
RC WALK 633 id 5 role expand pos 5,8 tgt 4,16 want SOUTH
RC POS 633 id 7 seat 2 role expand fs 0 body 1 pos 2,6 stuck 0
RC WALK 633 id 7 role expand pos 2,6 tgt 3,8 want SOUTH
RC POS 633 id 240 seat 5 role raid fs 1 body 1 pos 15,11 stuck 0
V527I SEALNT 634 ph 2 fwd 1 hv 10
RC POS 634 id 5 seat 1 role expand fs 0 body 1 pos 5,9 stuck 0
RC WALK 634 id 5 role expand pos 5,9 tgt 4,16 want SOUTH
RC POS 634 id 7 seat 2 role expand fs 0 body 1 pos 2,7 stuck 0
RC WALK 634 id 7 role expand pos 2,7 tgt 3,8 want EAST
RC POS 634 id 240 seat 5 role raid fs 1 body 1 pos 15,11 stuck 1
RC WALK 634 id 240 role raid pos 15,11 tgt 18,11 want SOUTH
V527I SEALNT 635 ph 2 fwd 1 hv 10
RC POS 635 id 5 seat 1 role expand fs 0 body 1 pos 5,10 stuck 0
RC WALK 635 id 5 role expand pos 5,10 tgt 4,16 want EAST
RC POS 635 id 7 seat 2 role expand fs 0 body 1 pos 2,6 stuck 0
RC WALK 635 id 7 role expand pos 2,6 tgt 3,8 want SOUTH
RC POS 635 id 240 seat 5 role raid fs 1 body 1 pos 15,12 stuck 0
V527I SEALNT 636 ph 2 fwd 1 hv 10
RC POS 636 id 5 seat 1 role expand fs 0 body 1 pos 6,10 stuck 0
RC WALK 636 id 5 role expand pos 6,10 tgt 4,16 want SOUTH
RC POS 636 id 7 seat 2 role expand fs 0 body 1 pos 2,7 stuck 0
RC WALK 636 id 7 role expand pos 2,7 tgt 3,8 want EAST
RC POS 636 id 240 seat 5 role raid fs 1 body 1 pos 15,11 stuck 0
V527I SEALNT 637 ph 2 fwd 1 hv 10
RC POS 637 id 5 seat 1 role expand fs 0 body 1 pos 6,11 stuck 0
RC WALK 637 id 5 role expand pos 6,11 tgt 4,16 want SOUTH
RC POS 637 id 7 seat 2 role expand fs 0 body 1 pos 2,6 stuck 0
RC WALK 637 id 7 role expand pos 2,6 tgt 3,8 want SOUTH
RC POS 637 id 240 seat 5 role raid fs 1 body 1 pos 15,11 stuck 1
RC WALK 637 id 240 role raid pos 15,11 tgt 18,11 want SOUTH
V527I SEALNT 638 ph 2 fwd 1 hv 10
RC POS 638 id 5 seat 1 role expand fs 0 body 1 pos 6,12 stuck 0
RC WALK 638 id 5 role expand pos 6,12 tgt 4,15 want WEST
RC POS 638 id 7 seat 2 role expand fs 0 body 1 pos 2,7 stuck 0
RC WALK 638 id 7 role expand pos 2,7 tgt 3,8 want EAST
RC POS 638 id 240 seat 5 role raid fs 1 body 1 pos 15,12 stuck 0
V527I SEALNT 639 ph 2 fwd 1 hv 10
RC POS 639 id 5 seat 1 role expand fs 0 body 1 pos 5,12 stuck 0
RC WALK 639 id 5 role expand pos 5,12 tgt 4,15 want SOUTH
RC POS 639 id 7 seat 2 role expand fs 0 body 1 pos 2,6 stuck 0
RC WALK 639 id 7 role expand pos 2,6 tgt 3,8 want SOUTH
RC POS 639 id 240 seat 5 role raid fs 1 body 1 pos 14,12 stuck 0
RC WALK 639 id 240 role raid pos 14,12 tgt 17,12 want EAST
V527I SEALNT 640 ph 2 fwd 1 hv 10
RC POS 640 id 5 seat 1 role expand fs 0 body 1 pos 5,13 stuck 0
RC WALK 640 id 5 role expand pos 5,13 tgt 4,15 want SOUTH
RC POS 640 id 7 seat 2 role expand fs 0 body 1 pos 2,7 stuck 0
RC WALK 640 id 7 role expand pos 2,7 tgt 3,8 want EAST
V527I SEALNT 641 ph 2 fwd 1 hv 10
RC POS 641 id 5 seat 1 role expand fs 0 body 1 pos 5,14 stuck 0
RC WALK 641 id 5 role expand pos 5,14 tgt 4,15 want WEST
RC POS 641 id 7 seat 2 role expand fs 0 body 1 pos 2,6 stuck 0
RC WALK 641 id 7 role expand pos 2,6 tgt 3,8 want SOUTH
V527I SEALNT 642 ph 2 fwd 1 hv 10
RC POS 642 id 5 seat 1 role expand fs 0 body 1 pos 4,14 stuck 0
RC WALK 642 id 5 role expand pos 4,14 tgt 4,15 want SOUTH
RC POS 642 id 7 seat 2 role expand fs 0 body 1 pos 2,7 stuck 0
RC WALK 642 id 7 role expand pos 2,7 tgt 3,8 want EAST
V527I SEALNT 643 ph 2 fwd 1 hv 10
RC POS 643 id 5 seat 1 role expand fs 0 body 1 pos 4,15 stuck 0
V528 PICK r 643 id 5 tgt 6,6 cs 26 bs 26 reg 0 cc 5 bc 5 cands 3 banned 0 regall 0 seat 1
RC WALK 643 id 5 role expand pos 4,15 tgt 6,6 want NORTH
RC POS 643 id 7 seat 2 role expand fs 0 body 1 pos 2,6 stuck 0
RC WALK 643 id 7 role expand pos 2,6 tgt 3,8 want SOUTH
V527I SEALNT 644 ph 2 fwd 1 hv 10
RC POS 644 id 5 seat 1 role expand fs 0 body 1 pos 4,14 stuck 0
RC WALK 644 id 5 role expand pos 4,14 tgt 6,6 want NORTH
RC POS 644 id 7 seat 2 role expand fs 0 body 1 pos 2,7 stuck 0
RC WALK 644 id 7 role expand pos 2,7 tgt 3,8 want EAST
V527I SEALNT 645 ph 2 fwd 1 hv 10
RC POS 645 id 5 seat 1 role expand fs 0 body 1 pos 4,13 stuck 0
RC WALK 645 id 5 role expand pos 4,13 tgt 6,6 want NORTH
RC POS 645 id 7 seat 2 role expand fs 0 body 1 pos 2,6 stuck 0
RC WALK 645 id 7 role expand pos 2,6 tgt 3,8 want SOUTH
V527I SEALNT 646 ph 2 fwd 1 hv 10
RC POS 646 id 5 seat 1 role expand fs 0 body 1 pos 4,12 stuck 0
RC WALK 646 id 5 role expand pos 4,12 tgt 6,6 want EAST
RC POS 646 id 7 seat 2 role expand fs 0 body 1 pos 2,7 stuck 0
RC WALK 646 id 7 role expand pos 2,7 tgt 3,8 want EAST
V527I SEALNT 647 ph 2 fwd 1 hv 10
RC POS 647 id 5 seat 1 role expand fs 0 body 1 pos 5,12 stuck 0
RC WALK 647 id 5 role expand pos 5,12 tgt 6,6 want EAST
RC POS 647 id 7 seat 2 role expand fs 0 body 1 pos 2,6 stuck 0
RC WALK 647 id 7 role expand pos 2,6 tgt 3,8 want SOUTH
V527I SEALNT 648 ph 2 fwd 1 hv 10
RC POS 648 id 5 seat 1 role expand fs 0 body 1 pos 6,12 stuck 0
RC WALK 648 id 5 role expand pos 6,12 tgt 6,6 want NORTH
RC POS 648 id 7 seat 2 role expand fs 0 body 1 pos 2,7 stuck 0
RC WALK 648 id 7 role expand pos 2,7 tgt 3,8 want EAST
V527I SEALNT 649 ph 2 fwd 1 hv 10
RC POS 649 id 5 seat 1 role expand fs 0 body 1 pos 6,11 stuck 0
RC WALK 649 id 5 role expand pos 6,11 tgt 6,6 want NORTH
RC POS 649 id 7 seat 2 role expand fs 0 body 1 pos 2,6 stuck 0
RC WALK 649 id 7 role expand pos 2,6 tgt 3,8 want SOUTH
V527I SEALNT 650 ph 2 fwd 1 hv 10
RC POS 650 id 5 seat 1 role expand fs 0 body 1 pos 6,10 stuck 0
RC WALK 650 id 5 role expand pos 6,10 tgt 5,6 want NORTH
RC POS 650 id 7 seat 2 role expand fs 0 body 1 pos 2,7 stuck 0
RC WALK 650 id 7 role expand pos 2,7 tgt 3,8 want EAST
V527I SEALNT 651 ph 2 fwd 1 hv 10
RC POS 651 id 5 seat 1 role expand fs 0 body 1 pos 6,9 stuck 0
RC WALK 651 id 5 role expand pos 6,9 tgt 5,6 want NORTH
RC POS 651 id 7 seat 2 role expand fs 0 body 1 pos 2,6 stuck 0
RC WALK 651 id 7 role expand pos 2,6 tgt 3,8 want SOUTH
V527I SEALNT 652 ph 2 fwd 1 hv 10
RC POS 652 id 5 seat 1 role expand fs 0 body 1 pos 6,8 stuck 0
RC WALK 652 id 5 role expand pos 6,8 tgt 5,6 want NORTH
RC POS 652 id 7 seat 2 role expand fs 0 body 1 pos 2,7 stuck 0
RC WALK 652 id 7 role expand pos 2,7 tgt 3,8 want EAST
V527I SEALNT 653 ph 2 fwd 1 hv 10
RC POS 653 id 5 seat 1 role expand fs 0 body 1 pos 6,7 stuck 0
RC WALK 653 id 5 role expand pos 6,7 tgt 5,6 want WEST
RC POS 653 id 7 seat 2 role expand fs 0 body 1 pos 2,6 stuck 0
RC WALK 653 id 7 role expand pos 2,6 tgt 3,8 want SOUTH
V527I SEALNT 654 ph 2 fwd 1 hv 10
RC POS 654 id 5 seat 1 role expand fs 0 body 1 pos 5,7 stuck 0
RC WALK 654 id 5 role expand pos 5,7 tgt 5,6 want NORTH
RC POS 654 id 7 seat 2 role expand fs 0 body 1 pos 2,7 stuck 0
RC WALK 654 id 7 role expand pos 2,7 tgt 3,8 want EAST
V527I SEALNT 655 ph 2 fwd 1 hv 10
RC POS 655 id 5 seat 1 role expand fs 0 body 1 pos 5,6 stuck 0
V528 PICK r 655 id 5 tgt 4,16 cs 17 bs 17 reg 0 cc 2 bc 2 cands 3 banned 0 regall 0 seat 1
RC WALK 655 id 5 role expand pos 5,6 tgt 4,16 want SOUTH
RC POS 655 id 7 seat 2 role expand fs 0 body 1 pos 2,6 stuck 0
RC WALK 655 id 7 role expand pos 2,6 tgt 3,8 want SOUTH
V527I SEALNT 656 ph 2 fwd 1 hv 10
RC POS 656 id 5 seat 1 role expand fs 0 body 1 pos 5,7 stuck 0
RC WALK 656 id 5 role expand pos 5,7 tgt 4,16 want SOUTH
RC POS 656 id 7 seat 2 role expand fs 0 body 1 pos 2,7 stuck 0
RC WALK 656 id 7 role expand pos 2,7 tgt 3,8 want EAST
V527I SEALNT 657 ph 2 fwd 1 hv 10
RC POS 657 id 5 seat 1 role expand fs 0 body 1 pos 5,8 stuck 0
RC WALK 657 id 5 role expand pos 5,8 tgt 4,16 want SOUTH
RC POS 657 id 7 seat 2 role expand fs 0 body 1 pos 2,6 stuck 0
RC WALK 657 id 7 role expand pos 2,6 tgt 3,8 want SOUTH
V527I SEALNT 658 ph 2 fwd 1 hv 10
RC POS 658 id 5 seat 1 role expand fs 0 body 1 pos 5,9 stuck 0
RC WALK 658 id 5 role expand pos 5,9 tgt 4,16 want SOUTH
RC POS 658 id 7 seat 2 role expand fs 0 body 1 pos 2,7 stuck 0
RC WALK 658 id 7 role expand pos 2,7 tgt 3,8 want EAST
V527I SEALNT 659 ph 2 fwd 1 hv 10
RC POS 659 id 5 seat 1 role expand fs 0 body 1 pos 5,10 stuck 0
RC WALK 659 id 5 role expand pos 5,10 tgt 4,16 want EAST
RC POS 659 id 7 seat 2 role expand fs 0 body 1 pos 2,6 stuck 0
RC WALK 659 id 7 role expand pos 2,6 tgt 3,8 want SOUTH
V527I SEALNT 660 ph 2 fwd 1 hv 10
RC POS 660 id 5 seat 1 role expand fs 0 body 1 pos 6,10 stuck 0
RC WALK 660 id 5 role expand pos 6,10 tgt 4,16 want SOUTH
RC POS 660 id 7 seat 2 role expand fs 0 body 1 pos 2,7 stuck 0
RC WALK 660 id 7 role expand pos 2,7 tgt 3,8 want EAST
V527I SEALNT 661 ph 2 fwd 1 hv 10
RC POS 661 id 5 seat 1 role expand fs 0 body 1 pos 6,11 stuck 0
RC WALK 661 id 5 role expand pos 6,11 tgt 4,16 want SOUTH
RC POS 661 id 7 seat 2 role expand fs 0 body 1 pos 2,6 stuck 0
RC WALK 661 id 7 role expand pos 2,6 tgt 3,8 want SOUTH
V527I SEALNT 662 ph 2 fwd 1 hv 10
RC POS 662 id 5 seat 1 role expand fs 0 body 1 pos 6,12 stuck 0
RC WALK 662 id 5 role expand pos 6,12 tgt 4,15 want WEST
RC POS 662 id 7 seat 2 role expand fs 0 body 1 pos 2,7 stuck 0
RC WALK 662 id 7 role expand pos 2,7 tgt 3,8 want EAST
V527I SEALNT 663 ph 2 fwd 1 hv 10
RC POS 663 id 5 seat 1 role expand fs 0 body 1 pos 5,12 stuck 0
RC WALK 663 id 5 role expand pos 5,12 tgt 4,15 want SOUTH
RC POS 663 id 7 seat 2 role expand fs 0 body 1 pos 2,6 stuck 0
RC WALK 663 id 7 role expand pos 2,6 tgt 3,8 want SOUTH
V527I SEALNT 664 ph 2 fwd 1 hv 10
RC POS 664 id 5 seat 1 role expand fs 0 body 1 pos 5,13 stuck 0
RC WALK 664 id 5 role expand pos 5,13 tgt 4,15 want SOUTH
RC POS 664 id 7 seat 2 role expand fs 0 body 1 pos 2,7 stuck 0
RC WALK 664 id 7 role expand pos 2,7 tgt 3,8 want EAST
V527I SEALNT 665 ph 2 fwd 1 hv 10
RC POS 665 id 5 seat 1 role expand fs 0 body 1 pos 5,14 stuck 0
RC WALK 665 id 5 role expand pos 5,14 tgt 4,15 want WEST
RC POS 665 id 7 seat 2 role expand fs 0 body 1 pos 2,6 stuck 0
RC WALK 665 id 7 role expand pos 2,6 tgt 3,8 want SOUTH
V527I SEALNT 666 ph 2 fwd 1 hv 10
RC POS 666 id 5 seat 1 role expand fs 0 body 1 pos 4,14 stuck 0
RC WALK 666 id 5 role expand pos 4,14 tgt 4,15 want SOUTH
RC POS 666 id 7 seat 2 role expand fs 0 body 1 pos 2,7 stuck 0
RC WALK 666 id 7 role expand pos 2,7 tgt 3,8 want EAST
V527I SEALNT 667 ph 2 fwd 1 hv 10
RC POS 667 id 5 seat 1 role expand fs 0 body 1 pos 4,15 stuck 0
V528 PICK r 667 id 5 tgt 6,6 cs 26 bs 26 reg 0 cc 5 bc 5 cands 3 banned 0 regall 0 seat 1
RC WALK 667 id 5 role expand pos 4,15 tgt 6,6 want NORTH
RC POS 667 id 7 seat 2 role expand fs 0 body 1 pos 2,6 stuck 0
RC WALK 667 id 7 role expand pos 2,6 tgt 3,8 want SOUTH
V527I SEALNT 668 ph 2 fwd 1 hv 10
RC POS 668 id 5 seat 1 role expand fs 0 body 1 pos 4,14 stuck 0
RC WALK 668 id 5 role expand pos 4,14 tgt 6,6 want NORTH
RC POS 668 id 7 seat 2 role expand fs 0 body 1 pos 2,7 stuck 0
RC WALK 668 id 7 role expand pos 2,7 tgt 3,8 want EAST
V527I SEALNT 669 ph 2 fwd 1 hv 10
RC POS 669 id 5 seat 1 role expand fs 0 body 1 pos 4,13 stuck 0
RC WALK 669 id 5 role expand pos 4,13 tgt 6,6 want NORTH
RC POS 669 id 7 seat 2 role expand fs 0 body 1 pos 2,6 stuck 0
RC WALK 669 id 7 role expand pos 2,6 tgt 3,8 want SOUTH
V527I SEALNT 670 ph 2 fwd 1 hv 10
RC POS 670 id 5 seat 1 role expand fs 0 body 1 pos 4,12 stuck 0
RC WALK 670 id 5 role expand pos 4,12 tgt 6,6 want EAST
RC POS 670 id 7 seat 2 role expand fs 0 body 1 pos 2,7 stuck 0
RC WALK 670 id 7 role expand pos 2,7 tgt 3,8 want EAST
V527I SEALNT 671 ph 2 fwd 1 hv 10
RC POS 671 id 5 seat 1 role expand fs 0 body 1 pos 5,12 stuck 0
RC WALK 671 id 5 role expand pos 5,12 tgt 6,6 want EAST
RC POS 671 id 7 seat 2 role expand fs 0 body 1 pos 2,6 stuck 0
RC WALK 671 id 7 role expand pos 2,6 tgt 3,8 want SOUTH
V527I SEALNT 672 ph 2 fwd 1 hv 10
RC POS 672 id 5 seat 1 role expand fs 0 body 1 pos 6,12 stuck 0
RC WALK 672 id 5 role expand pos 6,12 tgt 6,6 want NORTH
RC POS 672 id 7 seat 2 role expand fs 0 body 1 pos 2,7 stuck 0
RC WALK 672 id 7 role expand pos 2,7 tgt 3,8 want EAST
V527I SEALNT 673 ph 2 fwd 1 hv 10
RC POS 673 id 5 seat 1 role expand fs 0 body 1 pos 6,11 stuck 0
RC WALK 673 id 5 role expand pos 6,11 tgt 6,6 want NORTH
RC POS 673 id 7 seat 2 role expand fs 0 body 1 pos 2,6 stuck 0
RC WALK 673 id 7 role expand pos 2,6 tgt 3,8 want SOUTH
V527I SEALNT 674 ph 2 fwd 1 hv 10
RC POS 674 id 5 seat 1 role expand fs 0 body 1 pos 6,10 stuck 0
RC WALK 674 id 5 role expand pos 6,10 tgt 5,6 want NORTH
RC POS 674 id 7 seat 2 role expand fs 0 body 1 pos 2,7 stuck 0
RC WALK 674 id 7 role expand pos 2,7 tgt 3,8 want EAST
V527I SEALNT 675 ph 2 fwd 1 hv 10
RC POS 675 id 5 seat 1 role expand fs 0 body 1 pos 6,9 stuck 0
RC WALK 675 id 5 role expand pos 6,9 tgt 5,6 want NORTH
RC POS 675 id 7 seat 2 role expand fs 0 body 1 pos 2,6 stuck 0
RC WALK 675 id 7 role expand pos 2,6 tgt 3,8 want SOUTH
V527I SEALNT 676 ph 2 fwd 1 hv 10
RC POS 676 id 5 seat 1 role expand fs 0 body 1 pos 6,8 stuck 0
RC WALK 676 id 5 role expand pos 6,8 tgt 5,6 want NORTH
RC POS 676 id 7 seat 2 role expand fs 0 body 1 pos 2,7 stuck 0
RC WALK 676 id 7 role expand pos 2,7 tgt 3,8 want EAST
V527I SEALNT 677 ph 2 fwd 1 hv 10
RC POS 677 id 5 seat 1 role expand fs 0 body 1 pos 6,7 stuck 0
RC WALK 677 id 5 role expand pos 6,7 tgt 5,6 want WEST
RC POS 677 id 7 seat 2 role expand fs 0 body 1 pos 2,6 stuck 0
RC WALK 677 id 7 role expand pos 2,6 tgt 3,8 want SOUTH
V527I SEALNT 678 ph 2 fwd 1 hv 10
RC POS 678 id 5 seat 1 role expand fs 0 body 1 pos 5,7 stuck 0
RC WALK 678 id 5 role expand pos 5,7 tgt 5,6 want NORTH
RC POS 678 id 7 seat 2 role expand fs 0 body 1 pos 2,7 stuck 0
RC WALK 678 id 7 role expand pos 2,7 tgt 3,8 want EAST
V527I SEALNT 679 ph 2 fwd 1 hv 10
RC POS 679 id 5 seat 1 role expand fs 0 body 1 pos 5,6 stuck 0
V528 PICK r 679 id 5 tgt 4,16 cs 17 bs 17 reg 0 cc 2 bc 2 cands 3 banned 0 regall 0 seat 1
RC WALK 679 id 5 role expand pos 5,6 tgt 4,16 want SOUTH
RC POS 679 id 7 seat 2 role expand fs 0 body 1 pos 2,6 stuck 0
RC WALK 679 id 7 role expand pos 2,6 tgt 3,8 want SOUTH
V527I SEALNT 680 ph 2 fwd 1 hv 10
RC POS 680 id 5 seat 1 role expand fs 0 body 1 pos 5,7 stuck 0
RC WALK 680 id 5 role expand pos 5,7 tgt 4,16 want SOUTH
RC POS 680 id 7 seat 2 role expand fs 0 body 1 pos 2,7 stuck 0
RC WALK 680 id 7 role expand pos 2,7 tgt 3,8 want EAST
V527I SEALNT 681 ph 2 fwd 1 hv 10
RC POS 681 id 5 seat 1 role expand fs 0 body 1 pos 5,8 stuck 0
RC WALK 681 id 5 role expand pos 5,8 tgt 4,16 want SOUTH
RC POS 681 id 7 seat 2 role expand fs 0 body 1 pos 2,6 stuck 0
RC WALK 681 id 7 role expand pos 2,6 tgt 3,8 want SOUTH
RC SEAT 681 id 254 seat 6
RC POS 681 id 254 seat 6 role raid fs 1 body 1 pos 1,8 stuck 0
RC WALK 681 id 254 role raid pos 1,8 tgt 18,11 want NORTH
V527I SEALNT 682 ph 1 fwd 1 hv 10
RC POS 682 id 5 seat 1 role expand fs 0 body 1 pos 5,9 stuck 0
RC WALK 682 id 5 role expand pos 5,9 tgt 4,16 want NORTH
RC POS 682 id 7 seat 2 role expand fs 0 body 1 pos 2,7 stuck 0
RC WALK 682 id 7 role expand pos 2,7 tgt 3,8 want EAST
RC POS 682 id 254 seat 6 role raid fs 1 body 1 pos 1,7 stuck 0
V527I SEALNT 683 ph 1 fwd 1 hv 10
RC POS 683 id 5 seat 1 role expand fs 0 body 1 pos 5,8 stuck 0
RC WALK 683 id 5 role expand pos 5,8 tgt 4,16 want SOUTH
RC POS 683 id 7 seat 2 role expand fs 0 body 1 pos 2,6 stuck 0
RC WALK 683 id 7 role expand pos 2,6 tgt 3,8 want SOUTH
RC POS 683 id 254 seat 6 role raid fs 1 body 1 pos 1,7 stuck 1
V527I SEALNT 684 ph 1 fwd 1 hv 10
RC POS 684 id 5 seat 1 role expand fs 0 body 1 pos 5,9 stuck 0
RC WALK 684 id 5 role expand pos 5,9 tgt 4,16 want SOUTH
RC POS 684 id 7 seat 2 role expand fs 0 body 1 pos 2,7 stuck 0
RC WALK 684 id 7 role expand pos 2,7 tgt 3,8 want EAST
RC POS 684 id 254 seat 6 role raid fs 1 body 1 pos 6,9 stuck 0
RC WALK 684 id 254 role raid pos 6,9 tgt 18,11 want SOUTH
V527I SEALNT 685 ph 1 fwd 1 hv 10
RC POS 685 id 5 seat 1 role expand fs 0 body 1 pos 5,10 stuck 0
RC WALK 685 id 5 role expand pos 5,10 tgt 4,16 want NORTH
RC POS 685 id 7 seat 2 role expand fs 0 body 1 pos 2,6 stuck 0
RC WALK 685 id 7 role expand pos 2,6 tgt 3,8 want SOUTH
RC POS 685 id 254 seat 6 role raid fs 1 body 1 pos 6,10 stuck 0
RC WALK 685 id 254 role raid pos 6,10 tgt 18,11 want SOUTH
V527I SEALNT 686 ph 1 fwd 1 hv 10
RC POS 686 id 5 seat 1 role expand fs 0 body 1 pos 5,9 stuck 0
RC WALK 686 id 5 role expand pos 5,9 tgt 4,16 want EAST
RC POS 686 id 7 seat 2 role expand fs 0 body 1 pos 2,7 stuck 0
RC WALK 686 id 7 role expand pos 2,7 tgt 3,8 want EAST
RC POS 686 id 254 seat 6 role raid fs 1 body 1 pos 6,11 stuck 0
RC WALK 686 id 254 role raid pos 6,11 tgt 18,11 want SOUTH
V527I SEALNT 687 ph 1 fwd 1 hv 10
RC POS 687 id 5 seat 1 role expand fs 0 body 1 pos 6,9 stuck 0
RC WALK 687 id 5 role expand pos 6,9 tgt 4,16 want WEST
RC POS 687 id 7 seat 2 role expand fs 0 body 1 pos 2,6 stuck 0
RC WALK 687 id 7 role expand pos 2,6 tgt 3,8 want SOUTH
RC POS 687 id 254 seat 6 role raid fs 1 body 1 pos 6,12 stuck 0
RC WALK 687 id 254 role raid pos 6,12 tgt 18,11 want WEST
V527I SEALNT 688 ph 1 fwd 1 hv 10
RC POS 688 id 5 seat 1 role expand fs 0 body 1 pos 5,9 stuck 0
RC WALK 688 id 5 role expand pos 5,9 tgt 4,16 want NORTH
RC POS 688 id 7 seat 2 role expand fs 0 body 1 pos 2,7 stuck 0
RC WALK 688 id 7 role expand pos 2,7 tgt 3,8 want EAST
RC POS 688 id 254 seat 6 role raid fs 1 body 1 pos 5,12 stuck 0
RC WALK 688 id 254 role raid pos 5,12 tgt 18,11 want SOUTH
V527I SEALNT 689 ph 1 fwd 1 hv 10
RC POS 689 id 5 seat 1 role expand fs 0 body 1 pos 5,8 stuck 0
RC WALK 689 id 5 role expand pos 5,8 tgt 4,16 want SOUTH
RC POS 689 id 7 seat 2 role expand fs 0 body 1 pos 2,6 stuck 0
RC WALK 689 id 7 role expand pos 2,6 tgt 3,8 want SOUTH
RC POS 689 id 254 seat 6 role raid fs 1 body 1 pos 5,13 stuck 0
RC WALK 689 id 254 role raid pos 5,13 tgt 18,11 want SOUTH
V527I SEALNT 690 ph 1 fwd 1 hv 10
RC POS 690 id 5 seat 1 role expand fs 0 body 1 pos 5,9 stuck 0
RC WALK 690 id 5 role expand pos 5,9 tgt 4,16 want SOUTH
RC POS 690 id 7 seat 2 role expand fs 0 body 1 pos 2,7 stuck 0
RC WALK 690 id 7 role expand pos 2,7 tgt 3,8 want EAST
RC POS 690 id 254 seat 6 role raid fs 1 body 1 pos 5,14 stuck 0
RC WALK 690 id 254 role raid pos 5,14 tgt 18,11 want SOUTH
V527I SEALNT 691 ph 1 fwd 1 hv 10
RC POS 691 id 5 seat 1 role expand fs 0 body 1 pos 5,10 stuck 0
RC WALK 691 id 5 role expand pos 5,10 tgt 4,16 want EAST
RC POS 691 id 7 seat 2 role expand fs 0 body 1 pos 2,6 stuck 0
RC WALK 691 id 7 role expand pos 2,6 tgt 3,8 want SOUTH
RC POS 691 id 254 seat 6 role raid fs 1 body 1 pos 5,15 stuck 0
RC WALK 691 id 254 role raid pos 5,15 tgt 18,11 want WEST
V527I SEALNT 692 ph 1 fwd 1 hv 10
RC POS 692 id 5 seat 1 role expand fs 0 body 1 pos 6,10 stuck 0
RC WALK 692 id 5 role expand pos 6,10 tgt 4,16 want SOUTH
RC POS 692 id 7 seat 2 role expand fs 0 body 1 pos 2,7 stuck 0
RC WALK 692 id 7 role expand pos 2,7 tgt 3,8 want EAST
RC POS 692 id 254 seat 6 role raid fs 1 body 1 pos 4,15 stuck 0
RC WALK 692 id 254 role raid pos 4,15 tgt 18,11 want WEST
V527I SEALNT 693 ph 1 fwd 1 hv 10
RC POS 693 id 5 seat 1 role expand fs 0 body 1 pos 6,11 stuck 0
RC WALK 693 id 5 role expand pos 6,11 tgt 4,16 want SOUTH
RC POS 693 id 7 seat 2 role expand fs 0 body 1 pos 2,6 stuck 0
RC WALK 693 id 7 role expand pos 2,6 tgt 3,8 want SOUTH
RC POS 693 id 254 seat 6 role raid fs 1 body 1 pos 3,15 stuck 0
RC WALK 693 id 254 role raid pos 3,15 tgt 18,11 want SOUTH
V527I SEALNT 694 ph 1 fwd 1 hv 10
RC POS 694 id 5 seat 1 role expand fs 0 body 1 pos 6,12 stuck 0
RC WALK 694 id 5 role expand pos 6,12 tgt 4,15 want WEST
RC POS 694 id 7 seat 2 role expand fs 0 body 1 pos 2,7 stuck 0
RC WALK 694 id 7 role expand pos 2,7 tgt 3,8 want EAST
RC POS 694 id 254 seat 6 role raid fs 1 body 1 pos 3,16 stuck 0
RC WALK 694 id 254 role raid pos 3,16 tgt 18,11 want SOUTH
V527I SEALNT 695 ph 1 fwd 1 hv 10
RC POS 695 id 5 seat 1 role expand fs 0 body 1 pos 5,12 stuck 0
RC WALK 695 id 5 role expand pos 5,12 tgt 4,15 want SOUTH
RC POS 695 id 7 seat 2 role expand fs 0 body 1 pos 2,6 stuck 0
RC WALK 695 id 7 role expand pos 2,6 tgt 3,8 want SOUTH
RC POS 695 id 254 seat 6 role raid fs 1 body 1 pos 3,17 stuck 0
RC WALK 695 id 254 role raid pos 3,17 tgt 18,11 want EAST
V527I SEALNT 696 ph 1 fwd 1 hv 10
RC POS 696 id 5 seat 1 role expand fs 0 body 1 pos 5,13 stuck 0
RC WALK 696 id 5 role expand pos 5,13 tgt 4,15 want SOUTH
RC POS 696 id 7 seat 2 role expand fs 0 body 1 pos 2,7 stuck 0
RC WALK 696 id 7 role expand pos 2,7 tgt 3,8 want EAST
RC POS 696 id 254 seat 6 role raid fs 1 body 1 pos 4,17 stuck 0
RC WALK 696 id 254 role raid pos 4,17 tgt 18,11 want EAST
V527I SEALNT 697 ph 1 fwd 1 hv 10
RC POS 697 id 5 seat 1 role expand fs 0 body 1 pos 5,14 stuck 0
RC WALK 697 id 5 role expand pos 5,14 tgt 4,15 want WEST
RC POS 697 id 7 seat 2 role expand fs 0 body 1 pos 2,6 stuck 0
RC WALK 697 id 7 role expand pos 2,6 tgt 3,8 want SOUTH
RC POS 697 id 254 seat 6 role raid fs 1 body 1 pos 5,17 stuck 0
RC WALK 697 id 254 role raid pos 5,17 tgt 18,11 want EAST
V527I SEALNT 698 ph 1 fwd 1 hv 10
RC POS 698 id 5 seat 1 role expand fs 0 body 1 pos 4,14 stuck 0
RC WALK 698 id 5 role expand pos 4,14 tgt 4,15 want SOUTH
RC POS 698 id 7 seat 2 role expand fs 0 body 1 pos 2,7 stuck 0
RC WALK 698 id 7 role expand pos 2,7 tgt 3,8 want EAST
RC POS 698 id 254 seat 6 role raid fs 1 body 1 pos 6,17 stuck 0
RC WALK 698 id 254 role raid pos 6,17 tgt 18,11 want EAST
V527I SEALNT 699 ph 1 fwd 1 hv 10
RC POS 699 id 5 seat 1 role expand fs 0 body 1 pos 4,15 stuck 0
V528 PICK r 699 id 5 tgt 6,6 cs 14 bs 14 reg 0 cc 1 bc 1 cands 3 banned 0 regall 0 seat 1
RC WALK 699 id 5 role expand pos 4,15 tgt 6,6 want NORTH
RC POS 699 id 7 seat 2 role expand fs 0 body 1 pos 2,6 stuck 0
RC WALK 699 id 7 role expand pos 2,6 tgt 3,8 want SOUTH
RC POS 699 id 254 seat 6 role raid fs 1 body 1 pos 7,17 stuck 0
RC WALK 699 id 254 role raid pos 7,17 tgt 18,11 want EAST
V527I SEALNT 700 ph 1 fwd 1 hv 10
RC POS 700 id 5 seat 1 role expand fs 0 body 1 pos 4,14 stuck 0
RC WALK 700 id 5 role expand pos 4,14 tgt 6,6 want NORTH
RC POS 700 id 7 seat 2 role expand fs 0 body 1 pos 2,7 stuck 0
RC WALK 700 id 7 role expand pos 2,7 tgt 3,8 want EAST
RC POS 700 id 254 seat 6 role raid fs 1 body 1 pos 8,17 stuck 0
RC WALK 700 id 254 role raid pos 8,17 tgt 18,11 want NORTH
V527I SEALNT 701 ph 1 fwd 1 hv 10
RC POS 701 id 5 seat 1 role expand fs 0 body 1 pos 4,13 stuck 0
RC WALK 701 id 5 role expand pos 4,13 tgt 6,6 want NORTH
RC POS 701 id 7 seat 2 role expand fs 0 body 1 pos 2,6 stuck 0
RC WALK 701 id 7 role expand pos 2,6 tgt 3,8 want SOUTH
RC POS 701 id 254 seat 6 role raid fs 1 body 1 pos 8,16 stuck 0
RC WALK 701 id 254 role raid pos 8,16 tgt 18,11 want EAST
V527I SEALNT 702 ph 1 fwd 1 hv 10
RC POS 702 id 5 seat 1 role expand fs 0 body 1 pos 4,12 stuck 0
RC WALK 702 id 5 role expand pos 4,12 tgt 6,6 want EAST
RC POS 702 id 7 seat 2 role expand fs 0 body 1 pos 2,7 stuck 0
RC WALK 702 id 7 role expand pos 2,7 tgt 3,8 want EAST
RC POS 702 id 254 seat 6 role raid fs 1 body 1 pos 9,16 stuck 0
RC WALK 702 id 254 role raid pos 9,16 tgt 18,11 want EAST
V527I SEALNT 703 ph 1 fwd 1 hv 10
RC POS 703 id 5 seat 1 role expand fs 0 body 1 pos 5,12 stuck 0
RC WALK 703 id 5 role expand pos 5,12 tgt 6,6 want EAST
RC POS 703 id 7 seat 2 role expand fs 0 body 1 pos 2,6 stuck 0
RC WALK 703 id 7 role expand pos 2,6 tgt 3,8 want SOUTH
RC POS 703 id 254 seat 6 role raid fs 1 body 1 pos 10,16 stuck 0
RC WALK 703 id 254 role raid pos 10,16 tgt 18,11 want EAST
V527I SEALNT 704 ph 1 fwd 1 hv 10
RC POS 704 id 5 seat 1 role expand fs 0 body 1 pos 6,12 stuck 0
RC WALK 704 id 5 role expand pos 6,12 tgt 6,6 want NORTH
RC POS 704 id 7 seat 2 role expand fs 0 body 1 pos 2,7 stuck 0
RC WALK 704 id 7 role expand pos 2,7 tgt 3,8 want EAST
RC POS 704 id 254 seat 6 role raid fs 1 body 1 pos 11,16 stuck 0
RC WALK 704 id 254 role raid pos 11,16 tgt 18,11 want EAST
V527I SEALNT 705 ph 1 fwd 1 hv 10
RC POS 705 id 5 seat 1 role expand fs 0 body 1 pos 6,11 stuck 0
RC WALK 705 id 5 role expand pos 6,11 tgt 6,6 want NORTH
RC POS 705 id 7 seat 2 role expand fs 0 body 1 pos 2,6 stuck 0
RC WALK 705 id 7 role expand pos 2,6 tgt 3,8 want SOUTH
RC POS 705 id 254 seat 6 role raid fs 1 body 1 pos 12,16 stuck 0
V527I SEALNT 706 ph 1 fwd 1 hv 10
RC POS 706 id 5 seat 1 role expand fs 0 body 1 pos 6,10 stuck 0
RC WALK 706 id 5 role expand pos 6,10 tgt 5,6 want NORTH
RC POS 706 id 7 seat 2 role expand fs 0 body 1 pos 2,7 stuck 0
RC WALK 706 id 7 role expand pos 2,7 tgt 3,8 want EAST
RC POS 706 id 254 seat 6 role raid fs 1 body 1 pos 12,16 stuck 1
V527I SEALNT 707 ph 1 fwd 1 hv 10
RC POS 707 id 5 seat 1 role expand fs 0 body 1 pos 6,9 stuck 0
RC WALK 707 id 5 role expand pos 6,9 tgt 5,6 want NORTH
RC POS 707 id 7 seat 2 role expand fs 0 body 1 pos 2,6 stuck 0
RC WALK 707 id 7 role expand pos 2,6 tgt 3,8 want SOUTH
RC POS 707 id 254 seat 6 role raid fs 1 body 1 pos 16,12 stuck 0
V527I SEALNT 708 ph 2 fwd 1 hv 10
RC POS 708 id 5 seat 1 role expand fs 0 body 1 pos 6,8 stuck 0
RC WALK 708 id 5 role expand pos 6,8 tgt 5,6 want NORTH
RC POS 708 id 7 seat 2 role expand fs 0 body 1 pos 2,7 stuck 0
RC WALK 708 id 7 role expand pos 2,7 tgt 3,8 want EAST
RC POS 708 id 254 seat 6 role raid fs 1 body 1 pos 16,11 stuck 0
V527I SEALNT 709 ph 2 fwd 1 hv 10
RC POS 709 id 5 seat 1 role expand fs 0 body 1 pos 6,7 stuck 0
RC WALK 709 id 5 role expand pos 6,7 tgt 5,6 want WEST
RC POS 709 id 7 seat 2 role expand fs 0 body 1 pos 2,6 stuck 0
RC WALK 709 id 7 role expand pos 2,6 tgt 3,8 want SOUTH
RC POS 709 id 254 seat 6 role raid fs 1 body 1 pos 15,11 stuck 0
V527I SEALNT 710 ph 2 fwd 1 hv 10
RC POS 710 id 5 seat 1 role expand fs 0 body 1 pos 5,7 stuck 0
RC WALK 710 id 5 role expand pos 5,7 tgt 5,6 want NORTH
RC POS 710 id 7 seat 2 role expand fs 0 body 1 pos 2,7 stuck 0
RC WALK 710 id 7 role expand pos 2,7 tgt 3,8 want EAST
RC POS 710 id 254 seat 6 role raid fs 1 body 1 pos 15,11 stuck 1
V527I SEALNT 711 ph 2 fwd 1 hv 10
RC POS 711 id 5 seat 1 role expand fs 0 body 1 pos 5,6 stuck 0
V528 PICK r 711 id 5 tgt 4,16 cs 17 bs 17 reg 0 cc 2 bc 2 cands 3 banned 0 regall 0 seat 1
RC WALK 711 id 5 role expand pos 5,6 tgt 4,16 want SOUTH
RC POS 711 id 7 seat 2 role expand fs 0 body 1 pos 2,6 stuck 0
RC WALK 711 id 7 role expand pos 2,6 tgt 3,8 want SOUTH
RC POS 711 id 254 seat 6 role raid fs 1 body 1 pos 15,11 stuck 2
V527I SEALNT 712 ph 2 fwd 1 hv 10
RC POS 712 id 5 seat 1 role expand fs 0 body 1 pos 5,7 stuck 0
RC WALK 712 id 5 role expand pos 5,7 tgt 4,16 want SOUTH
RC POS 712 id 7 seat 2 role expand fs 0 body 1 pos 2,7 stuck 0
RC WALK 712 id 7 role expand pos 2,7 tgt 3,8 want EAST
RC POS 712 id 254 seat 6 role raid fs 1 body 1 pos 15,11 stuck 3
V527I SEALNT 713 ph 2 fwd 1 hv 10
RC POS 713 id 5 seat 1 role expand fs 0 body 1 pos 5,8 stuck 0
RC WALK 713 id 5 role expand pos 5,8 tgt 4,16 want SOUTH
RC POS 713 id 7 seat 2 role expand fs 0 body 1 pos 2,6 stuck 0
RC WALK 713 id 7 role expand pos 2,6 tgt 3,8 want SOUTH
RC POS 713 id 254 seat 6 role raid fs 1 body 1 pos 15,11 stuck 4
V527I SEALNT 714 ph 2 fwd 1 hv 10
RC POS 714 id 5 seat 1 role expand fs 0 body 1 pos 5,9 stuck 0
RC WALK 714 id 5 role expand pos 5,9 tgt 4,16 want SOUTH
RC POS 714 id 7 seat 2 role expand fs 0 body 1 pos 2,7 stuck 0
RC WALK 714 id 7 role expand pos 2,7 tgt 3,8 want EAST
RC POS 714 id 254 seat 6 role raid fs 1 body 1 pos 15,11 stuck 5
V527I SEALNT 715 ph 2 fwd 1 hv 10
RC POS 715 id 5 seat 1 role expand fs 0 body 1 pos 5,10 stuck 0
RC WALK 715 id 5 role expand pos 5,10 tgt 4,16 want EAST
RC POS 715 id 7 seat 2 role expand fs 0 body 1 pos 2,6 stuck 0
RC WALK 715 id 7 role expand pos 2,6 tgt 3,8 want SOUTH
RC POS 715 id 254 seat 6 role raid fs 1 body 1 pos 15,11 stuck 6
V527I SEALNT 716 ph 2 fwd 1 hv 10
RC POS 716 id 5 seat 1 role expand fs 0 body 1 pos 6,10 stuck 0
RC WALK 716 id 5 role expand pos 6,10 tgt 4,16 want SOUTH
RC POS 716 id 7 seat 2 role expand fs 0 body 1 pos 2,7 stuck 0
RC WALK 716 id 7 role expand pos 2,7 tgt 3,8 want EAST
RC POS 716 id 254 seat 6 role raid fs 1 body 1 pos 15,11 stuck 7
V527I SEALNT 717 ph 2 fwd 1 hv 10
RC POS 717 id 5 seat 1 role expand fs 0 body 1 pos 6,11 stuck 0
RC WALK 717 id 5 role expand pos 6,11 tgt 4,16 want SOUTH
RC POS 717 id 7 seat 2 role expand fs 0 body 1 pos 2,6 stuck 0
RC WALK 717 id 7 role expand pos 2,6 tgt 3,8 want SOUTH
RC POS 717 id 254 seat 6 role raid fs 1 body 1 pos 15,11 stuck 8
RC WALK 717 id 254 role raid pos 15,11 tgt 18,11 want SOUTH
V527I SEALNT 718 ph 2 fwd 1 hv 10
RC POS 718 id 5 seat 1 role expand fs 0 body 1 pos 6,12 stuck 0
RC WALK 718 id 5 role expand pos 6,12 tgt 4,15 want WEST
RC POS 718 id 7 seat 2 role expand fs 0 body 1 pos 2,7 stuck 0
RC WALK 718 id 7 role expand pos 2,7 tgt 3,8 want EAST
RC POS 718 id 254 seat 6 role raid fs 1 body 1 pos 15,12 stuck 0
V527I SEALNT 719 ph 2 fwd 1 hv 10
RC POS 719 id 5 seat 1 role expand fs 0 body 1 pos 5,12 stuck 0
RC WALK 719 id 5 role expand pos 5,12 tgt 4,15 want SOUTH
RC POS 719 id 7 seat 2 role expand fs 0 body 1 pos 2,6 stuck 0
RC WALK 719 id 7 role expand pos 2,6 tgt 3,8 want SOUTH
RC POS 719 id 254 seat 6 role raid fs 1 body 1 pos 15,11 stuck 0
V527I SEALNT 720 ph 2 fwd 1 hv 10
RC POS 720 id 5 seat 1 role expand fs 0 body 1 pos 5,13 stuck 0
RC WALK 720 id 5 role expand pos 5,13 tgt 4,15 want SOUTH
RC POS 720 id 7 seat 2 role expand fs 0 body 1 pos 2,7 stuck 0
RC WALK 720 id 7 role expand pos 2,7 tgt 3,8 want EAST
RC POS 720 id 254 seat 6 role raid fs 1 body 1 pos 15,11 stuck 1
RC WALK 720 id 254 role raid pos 15,11 tgt 18,11 want SOUTH
V527I SEALNT 721 ph 2 fwd 1 hv 10
RC POS 721 id 5 seat 1 role expand fs 0 body 1 pos 5,14 stuck 0
RC WALK 721 id 5 role expand pos 5,14 tgt 4,15 want WEST
RC POS 721 id 7 seat 2 role expand fs 0 body 1 pos 2,6 stuck 0
RC WALK 721 id 7 role expand pos 2,6 tgt 3,8 want SOUTH
V527I SEALNT 722 ph 2 fwd 1 hv 10
RC POS 722 id 5 seat 1 role expand fs 0 body 1 pos 4,14 stuck 0
RC WALK 722 id 5 role expand pos 4,14 tgt 4,15 want SOUTH
RC POS 722 id 7 seat 2 role expand fs 0 body 1 pos 2,7 stuck 0
RC WALK 722 id 7 role expand pos 2,7 tgt 3,8 want EAST
V527I SEALNT 723 ph 2 fwd 1 hv 10
RC POS 723 id 5 seat 1 role expand fs 0 body 1 pos 4,15 stuck 0
V528 PICK r 723 id 5 tgt 6,6 cs 14 bs 14 reg 0 cc 1 bc 1 cands 3 banned 0 regall 0 seat 1
RC WALK 723 id 5 role expand pos 4,15 tgt 6,6 want NORTH
RC POS 723 id 7 seat 2 role expand fs 0 body 1 pos 2,6 stuck 0
RC WALK 723 id 7 role expand pos 2,6 tgt 3,8 want SOUTH
V527I SEALNT 724 ph 2 fwd 1 hv 10
RC POS 724 id 5 seat 1 role expand fs 0 body 1 pos 4,14 stuck 0
RC WALK 724 id 5 role expand pos 4,14 tgt 6,6 want NORTH
RC POS 724 id 7 seat 2 role expand fs 0 body 1 pos 2,7 stuck 0
RC WALK 724 id 7 role expand pos 2,7 tgt 3,8 want EAST
V527I SEALNT 725 ph 2 fwd 1 hv 10
RC POS 725 id 5 seat 1 role expand fs 0 body 1 pos 4,13 stuck 0
RC WALK 725 id 5 role expand pos 4,13 tgt 6,6 want NORTH
RC POS 725 id 7 seat 2 role expand fs 0 body 1 pos 2,6 stuck 0
RC WALK 725 id 7 role expand pos 2,6 tgt 3,8 want SOUTH
V527I SEALNT 726 ph 2 fwd 1 hv 10
RC POS 726 id 5 seat 1 role expand fs 0 body 1 pos 4,12 stuck 0
RC WALK 726 id 5 role expand pos 4,12 tgt 6,6 want EAST
RC POS 726 id 7 seat 2 role expand fs 0 body 1 pos 2,7 stuck 0
RC WALK 726 id 7 role expand pos 2,7 tgt 3,8 want EAST
V527I SEALNT 727 ph 2 fwd 1 hv 10
RC POS 727 id 5 seat 1 role expand fs 0 body 1 pos 5,12 stuck 0
RC WALK 727 id 5 role expand pos 5,12 tgt 6,6 want EAST
RC POS 727 id 7 seat 2 role expand fs 0 body 1 pos 2,6 stuck 0
RC WALK 727 id 7 role expand pos 2,6 tgt 3,8 want SOUTH
V527I SEALNT 728 ph 2 fwd 1 hv 10
RC POS 728 id 5 seat 1 role expand fs 0 body 1 pos 6,12 stuck 0
RC WALK 728 id 5 role expand pos 6,12 tgt 6,6 want NORTH
RC POS 728 id 7 seat 2 role expand fs 0 body 1 pos 2,7 stuck 0
RC WALK 728 id 7 role expand pos 2,7 tgt 3,8 want EAST
V527I SEALNT 729 ph 2 fwd 1 hv 10
RC POS 729 id 5 seat 1 role expand fs 0 body 1 pos 6,11 stuck 0
RC WALK 729 id 5 role expand pos 6,11 tgt 6,6 want NORTH
RC POS 729 id 7 seat 2 role expand fs 0 body 1 pos 2,6 stuck 0
RC WALK 729 id 7 role expand pos 2,6 tgt 3,8 want SOUTH
V527I SEALNT 730 ph 2 fwd 1 hv 10
RC POS 730 id 5 seat 1 role expand fs 0 body 1 pos 6,10 stuck 0
RC WALK 730 id 5 role expand pos 6,10 tgt 5,6 want NORTH
RC POS 730 id 7 seat 2 role expand fs 0 body 1 pos 2,7 stuck 0
RC WALK 730 id 7 role expand pos 2,7 tgt 3,8 want EAST
V527I SEALNT 731 ph 2 fwd 1 hv 10
RC POS 731 id 5 seat 1 role expand fs 0 body 1 pos 6,9 stuck 0
RC WALK 731 id 5 role expand pos 6,9 tgt 5,6 want NORTH
RC POS 731 id 7 seat 2 role expand fs 0 body 1 pos 2,6 stuck 0
RC WALK 731 id 7 role expand pos 2,6 tgt 3,8 want SOUTH
V527I SEALNT 732 ph 2 fwd 1 hv 10
RC POS 732 id 5 seat 1 role expand fs 0 body 1 pos 6,8 stuck 0
RC WALK 732 id 5 role expand pos 6,8 tgt 5,6 want NORTH
RC POS 732 id 7 seat 2 role expand fs 0 body 1 pos 2,7 stuck 0
RC WALK 732 id 7 role expand pos 2,7 tgt 3,8 want EAST
V527I SEALNT 733 ph 2 fwd 1 hv 10
RC POS 733 id 5 seat 1 role expand fs 0 body 1 pos 6,7 stuck 0
RC WALK 733 id 5 role expand pos 6,7 tgt 5,6 want WEST
RC POS 733 id 7 seat 2 role expand fs 0 body 1 pos 2,6 stuck 0
RC WALK 733 id 7 role expand pos 2,6 tgt 3,8 want SOUTH
V527I SEALNT 734 ph 2 fwd 1 hv 10
RC POS 734 id 5 seat 1 role expand fs 0 body 1 pos 5,7 stuck 0
RC WALK 734 id 5 role expand pos 5,7 tgt 5,6 want NORTH
RC POS 734 id 7 seat 2 role expand fs 0 body 1 pos 2,7 stuck 0
RC WALK 734 id 7 role expand pos 2,7 tgt 3,8 want EAST
V527I SEALNT 735 ph 2 fwd 1 hv 10
RC POS 735 id 5 seat 1 role expand fs 0 body 1 pos 5,6 stuck 0
V528 PICK r 735 id 5 tgt 4,16 cs 17 bs 17 reg 0 cc 2 bc 2 cands 3 banned 0 regall 0 seat 1
RC WALK 735 id 5 role expand pos 5,6 tgt 4,16 want SOUTH
RC POS 735 id 7 seat 2 role expand fs 0 body 1 pos 2,6 stuck 0
RC WALK 735 id 7 role expand pos 2,6 tgt 3,8 want SOUTH
V527I SEALNT 736 ph 2 fwd 1 hv 10
RC POS 736 id 5 seat 1 role expand fs 0 body 1 pos 5,7 stuck 0
RC WALK 736 id 5 role expand pos 5,7 tgt 4,16 want SOUTH
RC POS 736 id 7 seat 2 role expand fs 0 body 1 pos 2,7 stuck 0
RC WALK 736 id 7 role expand pos 2,7 tgt 3,8 want EAST
V527I SEALNT 737 ph 2 fwd 1 hv 10
RC POS 737 id 5 seat 1 role expand fs 0 body 1 pos 5,8 stuck 0
RC WALK 737 id 5 role expand pos 5,8 tgt 4,16 want SOUTH
RC POS 737 id 7 seat 2 role expand fs 0 body 1 pos 2,6 stuck 0
RC WALK 737 id 7 role expand pos 2,6 tgt 3,8 want SOUTH
V527I SEALNT 738 ph 2 fwd 1 hv 10
RC POS 738 id 5 seat 1 role expand fs 0 body 1 pos 5,9 stuck 0
RC WALK 738 id 5 role expand pos 5,9 tgt 4,16 want SOUTH
RC POS 738 id 7 seat 2 role expand fs 0 body 1 pos 2,7 stuck 0
RC WALK 738 id 7 role expand pos 2,7 tgt 3,8 want EAST
V527I SEALNT 739 ph 2 fwd 1 hv 10
RC POS 739 id 5 seat 1 role expand fs 0 body 1 pos 5,10 stuck 0
RC WALK 739 id 5 role expand pos 5,10 tgt 4,16 want EAST
RC POS 739 id 7 seat 2 role expand fs 0 body 1 pos 2,6 stuck 0
RC WALK 739 id 7 role expand pos 2,6 tgt 3,8 want SOUTH
V527I SEALNT 740 ph 2 fwd 1 hv 10
RC POS 740 id 5 seat 1 role expand fs 0 body 1 pos 6,10 stuck 0
RC WALK 740 id 5 role expand pos 6,10 tgt 4,16 want SOUTH
RC POS 740 id 7 seat 2 role expand fs 0 body 1 pos 2,7 stuck 0
RC WALK 740 id 7 role expand pos 2,7 tgt 3,8 want EAST
V527I SEALNT 741 ph 2 fwd 1 hv 10
RC POS 741 id 5 seat 1 role expand fs 0 body 1 pos 6,11 stuck 0
RC WALK 741 id 5 role expand pos 6,11 tgt 4,16 want SOUTH
RC POS 741 id 7 seat 2 role expand fs 0 body 1 pos 2,6 stuck 0
RC WALK 741 id 7 role expand pos 2,6 tgt 3,8 want SOUTH
V527I SEALNT 742 ph 2 fwd 1 hv 10
RC POS 742 id 5 seat 1 role expand fs 0 body 1 pos 6,12 stuck 0
RC WALK 742 id 5 role expand pos 6,12 tgt 4,15 want WEST
RC POS 742 id 7 seat 2 role expand fs 0 body 1 pos 2,7 stuck 0
RC WALK 742 id 7 role expand pos 2,7 tgt 3,8 want EAST
V527I SEALNT 743 ph 2 fwd 1 hv 10
RC POS 743 id 5 seat 1 role expand fs 0 body 1 pos 5,12 stuck 0
RC WALK 743 id 5 role expand pos 5,12 tgt 4,15 want SOUTH
RC POS 743 id 7 seat 2 role expand fs 0 body 1 pos 2,6 stuck 0
RC WALK 743 id 7 role expand pos 2,6 tgt 3,8 want SOUTH
V527I SEALNT 744 ph 2 fwd 1 hv 10
RC POS 744 id 5 seat 1 role expand fs 0 body 1 pos 5,13 stuck 0
RC WALK 744 id 5 role expand pos 5,13 tgt 4,15 want SOUTH
RC POS 744 id 7 seat 2 role expand fs 0 body 1 pos 2,7 stuck 0
RC WALK 744 id 7 role expand pos 2,7 tgt 3,8 want EAST
V527I SEALNT 745 ph 2 fwd 1 hv 10
RC POS 745 id 5 seat 1 role expand fs 0 body 1 pos 5,14 stuck 0
RC WALK 745 id 5 role expand pos 5,14 tgt 4,15 want WEST
RC POS 745 id 7 seat 2 role expand fs 0 body 1 pos 2,6 stuck 0
RC WALK 745 id 7 role expand pos 2,6 tgt 3,8 want SOUTH
V527I SEALNT 746 ph 2 fwd 1 hv 10
RC POS 746 id 5 seat 1 role expand fs 0 body 1 pos 4,14 stuck 0
RC WALK 746 id 5 role expand pos 4,14 tgt 4,15 want SOUTH
RC POS 746 id 7 seat 2 role expand fs 0 body 1 pos 2,7 stuck 0
RC WALK 746 id 7 role expand pos 2,7 tgt 3,8 want EAST
V527I SEALNT 747 ph 2 fwd 1 hv 10
RC POS 747 id 5 seat 1 role expand fs 0 body 1 pos 4,15 stuck 0
V528 PICK r 747 id 5 tgt 6,6 cs 14 bs 14 reg 0 cc 1 bc 1 cands 3 banned 0 regall 0 seat 1
RC WALK 747 id 5 role expand pos 4,15 tgt 6,6 want NORTH
RC POS 747 id 7 seat 2 role expand fs 0 body 1 pos 2,6 stuck 0
RC WALK 747 id 7 role expand pos 2,6 tgt 3,8 want SOUTH
V527I SEALNT 748 ph 2 fwd 1 hv 10
RC POS 748 id 5 seat 1 role expand fs 0 body 1 pos 4,14 stuck 0
RC WALK 748 id 5 role expand pos 4,14 tgt 6,6 want NORTH
RC POS 748 id 7 seat 2 role expand fs 0 body 1 pos 2,7 stuck 0
RC WALK 748 id 7 role expand pos 2,7 tgt 3,8 want EAST
V527I SEALNT 749 ph 2 fwd 1 hv 10
RC POS 749 id 5 seat 1 role expand fs 0 body 1 pos 4,13 stuck 0
RC WALK 749 id 5 role expand pos 4,13 tgt 6,6 want NORTH
RC POS 749 id 7 seat 2 role expand fs 0 body 1 pos 2,6 stuck 0
RC WALK 749 id 7 role expand pos 2,6 tgt 3,8 want SOUTH
V527I SEALNT 750 ph 2 fwd 1 hv 10
RC POS 750 id 5 seat 1 role expand fs 0 body 1 pos 4,12 stuck 0
RC WALK 750 id 5 role expand pos 4,12 tgt 6,6 want EAST
RC POS 750 id 7 seat 2 role expand fs 0 body 1 pos 2,7 stuck 0
RC WALK 750 id 7 role expand pos 2,7 tgt 3,8 want EAST
V527I SEALNT 751 ph 2 fwd 1 hv 10
RC POS 751 id 5 seat 1 role expand fs 0 body 1 pos 5,12 stuck 0
RC WALK 751 id 5 role expand pos 5,12 tgt 6,6 want EAST
RC POS 751 id 7 seat 2 role expand fs 0 body 1 pos 2,6 stuck 0
RC WALK 751 id 7 role expand pos 2,6 tgt 3,8 want SOUTH
V527I SEALNT 752 ph 2 fwd 1 hv 10
RC POS 752 id 5 seat 1 role expand fs 0 body 1 pos 6,12 stuck 0
RC WALK 752 id 5 role expand pos 6,12 tgt 6,6 want NORTH
RC POS 752 id 7 seat 2 role expand fs 0 body 1 pos 2,7 stuck 0
RC WALK 752 id 7 role expand pos 2,7 tgt 3,8 want EAST
V527I SEALNT 753 ph 2 fwd 1 hv 10
RC POS 753 id 5 seat 1 role expand fs 0 body 1 pos 6,11 stuck 0
RC WALK 753 id 5 role expand pos 6,11 tgt 6,6 want NORTH
RC POS 753 id 7 seat 2 role expand fs 0 body 1 pos 2,6 stuck 0
RC WALK 753 id 7 role expand pos 2,6 tgt 3,8 want SOUTH
V527I SEALNT 754 ph 2 fwd 1 hv 10
RC POS 754 id 5 seat 1 role expand fs 0 body 1 pos 6,10 stuck 0
RC WALK 754 id 5 role expand pos 6,10 tgt 5,6 want NORTH
RC POS 754 id 7 seat 2 role expand fs 0 body 1 pos 2,7 stuck 0
RC WALK 754 id 7 role expand pos 2,7 tgt 3,8 want EAST
V527I SEALNT 755 ph 2 fwd 1 hv 10
RC POS 755 id 5 seat 1 role expand fs 0 body 1 pos 6,9 stuck 0
RC WALK 755 id 5 role expand pos 6,9 tgt 5,6 want NORTH
RC POS 755 id 7 seat 2 role expand fs 0 body 1 pos 2,6 stuck 0
RC WALK 755 id 7 role expand pos 2,6 tgt 3,8 want SOUTH
V527I SEALNT 756 ph 2 fwd 1 hv 10
RC POS 756 id 5 seat 1 role expand fs 0 body 1 pos 6,8 stuck 0
RC WALK 756 id 5 role expand pos 6,8 tgt 5,6 want NORTH
RC POS 756 id 7 seat 2 role expand fs 0 body 1 pos 2,7 stuck 0
RC WALK 756 id 7 role expand pos 2,7 tgt 3,8 want EAST
V527I SEALNT 757 ph 2 fwd 1 hv 10
RC POS 757 id 5 seat 1 role expand fs 0 body 1 pos 6,7 stuck 0
RC WALK 757 id 5 role expand pos 6,7 tgt 5,6 want WEST
RC POS 757 id 7 seat 2 role expand fs 0 body 1 pos 2,6 stuck 0
RC WALK 757 id 7 role expand pos 2,6 tgt 3,8 want SOUTH
V527I SEALNT 758 ph 2 fwd 1 hv 10
RC POS 758 id 5 seat 1 role expand fs 0 body 1 pos 5,7 stuck 0
RC WALK 758 id 5 role expand pos 5,7 tgt 5,6 want NORTH
RC POS 758 id 7 seat 2 role expand fs 0 body 1 pos 2,7 stuck 0
RC WALK 758 id 7 role expand pos 2,7 tgt 3,8 want EAST
V527I SEALNT 759 ph 2 fwd 1 hv 10
RC POS 759 id 5 seat 1 role expand fs 0 body 1 pos 5,6 stuck 0
V528 PICK r 759 id 5 tgt 4,16 cs 17 bs 17 reg 0 cc 2 bc 2 cands 3 banned 0 regall 0 seat 1
RC WALK 759 id 5 role expand pos 5,6 tgt 4,16 want SOUTH
RC POS 759 id 7 seat 2 role expand fs 0 body 1 pos 2,6 stuck 0
RC WALK 759 id 7 role expand pos 2,6 tgt 3,8 want SOUTH
V527I SEALNT 760 ph 2 fwd 1 hv 10
RC POS 760 id 5 seat 1 role expand fs 0 body 1 pos 5,7 stuck 0
RC WALK 760 id 5 role expand pos 5,7 tgt 4,16 want SOUTH
RC POS 760 id 7 seat 2 role expand fs 0 body 1 pos 2,7 stuck 0
RC WALK 760 id 7 role expand pos 2,7 tgt 3,8 want EAST
V527I SEALNT 761 ph 2 fwd 1 hv 10
RC POS 761 id 5 seat 1 role expand fs 0 body 1 pos 5,8 stuck 0
RC WALK 761 id 5 role expand pos 5,8 tgt 4,16 want SOUTH
RC POS 761 id 7 seat 2 role expand fs 0 body 1 pos 2,6 stuck 0
RC WALK 761 id 7 role expand pos 2,6 tgt 3,8 want SOUTH
V527I SEALNT 762 ph 2 fwd 1 hv 10
RC POS 762 id 5 seat 1 role expand fs 0 body 1 pos 5,9 stuck 0
RC WALK 762 id 5 role expand pos 5,9 tgt 4,16 want SOUTH
RC POS 762 id 7 seat 2 role expand fs 0 body 1 pos 2,7 stuck 0
RC WALK 762 id 7 role expand pos 2,7 tgt 3,8 want EAST
V527I SEALNT 763 ph 2 fwd 1 hv 10
RC POS 763 id 5 seat 1 role expand fs 0 body 1 pos 5,10 stuck 0
RC WALK 763 id 5 role expand pos 5,10 tgt 4,16 want EAST
RC POS 763 id 7 seat 2 role expand fs 0 body 1 pos 2,6 stuck 0
RC WALK 763 id 7 role expand pos 2,6 tgt 3,8 want SOUTH
V527I SEALNT 764 ph 2 fwd 1 hv 10
RC POS 764 id 5 seat 1 role expand fs 0 body 1 pos 6,10 stuck 0
RC WALK 764 id 5 role expand pos 6,10 tgt 4,16 want SOUTH
RC POS 764 id 7 seat 2 role expand fs 0 body 1 pos 2,7 stuck 0
RC WALK 764 id 7 role expand pos 2,7 tgt 3,8 want EAST
V527I SEALNT 765 ph 2 fwd 1 hv 10
RC POS 765 id 5 seat 1 role expand fs 0 body 1 pos 6,11 stuck 0
RC WALK 765 id 5 role expand pos 6,11 tgt 4,16 want SOUTH
RC POS 765 id 7 seat 2 role expand fs 0 body 1 pos 2,6 stuck 0
RC WALK 765 id 7 role expand pos 2,6 tgt 3,8 want SOUTH
RC SEAT 765 id 259 seat 7
RC POS 765 id 259 seat 7 role raid fs 1 body 1 pos 1,8 stuck 0
RC WALK 765 id 259 role raid pos 1,8 tgt 18,11 want NORTH
V527I SEALNT 766 ph 1 fwd 1 hv 10
RC POS 766 id 5 seat 1 role expand fs 0 body 1 pos 6,12 stuck 0
RC WALK 766 id 5 role expand pos 6,12 tgt 4,15 want WEST
RC POS 766 id 7 seat 2 role expand fs 0 body 1 pos 2,7 stuck 0
RC WALK 766 id 7 role expand pos 2,7 tgt 3,8 want EAST
RC POS 766 id 259 seat 7 role raid fs 1 body 1 pos 1,7 stuck 0
V527I SEALNT 767 ph 1 fwd 1 hv 10
RC POS 767 id 5 seat 1 role expand fs 0 body 1 pos 5,12 stuck 0
RC WALK 767 id 5 role expand pos 5,12 tgt 4,15 want SOUTH
RC POS 767 id 7 seat 2 role expand fs 0 body 1 pos 2,6 stuck 0
RC WALK 767 id 7 role expand pos 2,6 tgt 3,8 want SOUTH
RC POS 767 id 259 seat 7 role raid fs 1 body 1 pos 1,7 stuck 1
V527I SEALNT 768 ph 1 fwd 1 hv 10
RC POS 768 id 5 seat 1 role expand fs 0 body 1 pos 5,13 stuck 0
RC WALK 768 id 5 role expand pos 5,13 tgt 4,15 want SOUTH
RC POS 768 id 7 seat 2 role expand fs 0 body 1 pos 2,7 stuck 0
RC WALK 768 id 7 role expand pos 2,7 tgt 3,8 want EAST
RC POS 768 id 259 seat 7 role raid fs 1 body 1 pos 6,9 stuck 0
RC WALK 768 id 259 role raid pos 6,9 tgt 18,11 want SOUTH
V527I SEALNT 769 ph 1 fwd 1 hv 10
RC POS 769 id 5 seat 1 role expand fs 0 body 1 pos 5,14 stuck 0
RC WALK 769 id 5 role expand pos 5,14 tgt 4,15 want WEST
RC POS 769 id 7 seat 2 role expand fs 0 body 1 pos 2,6 stuck 0
RC WALK 769 id 7 role expand pos 2,6 tgt 3,8 want SOUTH
RC POS 769 id 259 seat 7 role raid fs 1 body 1 pos 6,10 stuck 0
RC WALK 769 id 259 role raid pos 6,10 tgt 18,11 want SOUTH
V527I SEALNT 770 ph 1 fwd 1 hv 10
RC POS 770 id 5 seat 1 role expand fs 0 body 1 pos 4,14 stuck 0
RC WALK 770 id 5 role expand pos 4,14 tgt 4,15 want SOUTH
RC POS 770 id 7 seat 2 role expand fs 0 body 1 pos 2,7 stuck 0
RC WALK 770 id 7 role expand pos 2,7 tgt 3,8 want EAST
RC POS 770 id 259 seat 7 role raid fs 1 body 1 pos 6,11 stuck 0
RC WALK 770 id 259 role raid pos 6,11 tgt 18,11 want SOUTH
V527I SEALNT 771 ph 1 fwd 1 hv 10
RC POS 771 id 5 seat 1 role expand fs 0 body 1 pos 4,15 stuck 0
V528 PICK r 771 id 5 tgt 6,6 cs 14 bs 14 reg 0 cc 1 bc 1 cands 3 banned 0 regall 0 seat 1
RC WALK 771 id 5 role expand pos 4,15 tgt 6,6 want NORTH
RC POS 771 id 7 seat 2 role expand fs 0 body 1 pos 2,6 stuck 0
RC WALK 771 id 7 role expand pos 2,6 tgt 3,8 want SOUTH
RC POS 771 id 259 seat 7 role raid fs 1 body 1 pos 6,12 stuck 0
RC WALK 771 id 259 role raid pos 6,12 tgt 18,11 want WEST
V527I SEALNT 772 ph 1 fwd 1 hv 10
RC POS 772 id 5 seat 1 role expand fs 0 body 1 pos 4,14 stuck 0
RC WALK 772 id 5 role expand pos 4,14 tgt 6,6 want NORTH
RC POS 772 id 7 seat 2 role expand fs 0 body 1 pos 2,7 stuck 0
RC WALK 772 id 7 role expand pos 2,7 tgt 3,8 want EAST
RC POS 772 id 259 seat 7 role raid fs 1 body 1 pos 5,12 stuck 0
RC WALK 772 id 259 role raid pos 5,12 tgt 18,11 want SOUTH
V527I SEALNT 773 ph 1 fwd 1 hv 10
RC POS 773 id 5 seat 1 role expand fs 0 body 1 pos 4,13 stuck 0
RC WALK 773 id 5 role expand pos 4,13 tgt 6,6 want NORTH
RC POS 773 id 7 seat 2 role expand fs 0 body 1 pos 2,6 stuck 0
RC WALK 773 id 7 role expand pos 2,6 tgt 3,8 want SOUTH
RC POS 773 id 259 seat 7 role raid fs 1 body 1 pos 5,13 stuck 0
RC WALK 773 id 259 role raid pos 5,13 tgt 18,11 want SOUTH
V527I SEALNT 774 ph 1 fwd 1 hv 10
RC POS 774 id 5 seat 1 role expand fs 0 body 1 pos 4,12 stuck 0
RC WALK 774 id 5 role expand pos 4,12 tgt 6,6 want EAST
RC POS 774 id 7 seat 2 role expand fs 0 body 1 pos 2,7 stuck 0
RC WALK 774 id 7 role expand pos 2,7 tgt 3,8 want EAST
RC POS 774 id 259 seat 7 role raid fs 1 body 1 pos 5,14 stuck 0
RC WALK 774 id 259 role raid pos 5,14 tgt 18,11 want SOUTH
V527I SEALNT 775 ph 1 fwd 1 hv 10
RC POS 775 id 5 seat 1 role expand fs 0 body 1 pos 5,12 stuck 0
RC WALK 775 id 5 role expand pos 5,12 tgt 6,6 want EAST
RC POS 775 id 7 seat 2 role expand fs 0 body 1 pos 2,6 stuck 0
RC WALK 775 id 7 role expand pos 2,6 tgt 3,8 want SOUTH
RC POS 775 id 259 seat 7 role raid fs 1 body 1 pos 5,15 stuck 0
RC WALK 775 id 259 role raid pos 5,15 tgt 18,11 want WEST
V527I SEALNT 776 ph 1 fwd 1 hv 10
RC POS 776 id 5 seat 1 role expand fs 0 body 1 pos 6,12 stuck 0
RC WALK 776 id 5 role expand pos 6,12 tgt 6,6 want NORTH
RC POS 776 id 7 seat 2 role expand fs 0 body 1 pos 2,7 stuck 0
RC WALK 776 id 7 role expand pos 2,7 tgt 3,8 want EAST
RC POS 776 id 259 seat 7 role raid fs 1 body 1 pos 4,15 stuck 0
RC WALK 776 id 259 role raid pos 4,15 tgt 18,11 want WEST
V527I SEALNT 777 ph 1 fwd 1 hv 10
RC POS 777 id 5 seat 1 role expand fs 0 body 1 pos 6,11 stuck 0
RC WALK 777 id 5 role expand pos 6,11 tgt 6,6 want NORTH
RC POS 777 id 7 seat 2 role expand fs 0 body 1 pos 2,6 stuck 0
RC WALK 777 id 7 role expand pos 2,6 tgt 3,8 want SOUTH
RC POS 777 id 259 seat 7 role raid fs 1 body 1 pos 3,15 stuck 0
RC WALK 777 id 259 role raid pos 3,15 tgt 18,11 want SOUTH
V527I SEALNT 778 ph 1 fwd 1 hv 10
RC POS 778 id 5 seat 1 role expand fs 0 body 1 pos 6,10 stuck 0
RC WALK 778 id 5 role expand pos 6,10 tgt 5,6 want NORTH
RC POS 778 id 7 seat 2 role expand fs 0 body 1 pos 2,7 stuck 0
RC WALK 778 id 7 role expand pos 2,7 tgt 3,8 want EAST
RC POS 778 id 259 seat 7 role raid fs 1 body 1 pos 3,16 stuck 0
RC WALK 778 id 259 role raid pos 3,16 tgt 18,11 want SOUTH
V527I SEALNT 779 ph 1 fwd 1 hv 10
RC POS 779 id 5 seat 1 role expand fs 0 body 1 pos 6,9 stuck 0
RC WALK 779 id 5 role expand pos 6,9 tgt 5,6 want NORTH
RC POS 779 id 7 seat 2 role expand fs 0 body 1 pos 2,6 stuck 0
RC WALK 779 id 7 role expand pos 2,6 tgt 3,8 want SOUTH
RC POS 779 id 259 seat 7 role raid fs 1 body 1 pos 3,17 stuck 0
RC WALK 779 id 259 role raid pos 3,17 tgt 18,11 want EAST
V527I SEALNT 780 ph 1 fwd 1 hv 10
RC POS 780 id 5 seat 1 role expand fs 0 body 1 pos 6,8 stuck 0
RC WALK 780 id 5 role expand pos 6,8 tgt 5,6 want NORTH
RC POS 780 id 7 seat 2 role expand fs 0 body 1 pos 2,7 stuck 0
RC WALK 780 id 7 role expand pos 2,7 tgt 3,8 want EAST
RC POS 780 id 259 seat 7 role raid fs 1 body 1 pos 4,17 stuck 0
RC WALK 780 id 259 role raid pos 4,17 tgt 18,11 want EAST
V527I SEALNT 781 ph 1 fwd 1 hv 10
RC POS 781 id 5 seat 1 role expand fs 0 body 1 pos 6,7 stuck 0
RC WALK 781 id 5 role expand pos 6,7 tgt 5,6 want WEST
RC POS 781 id 7 seat 2 role expand fs 0 body 1 pos 2,6 stuck 0
RC WALK 781 id 7 role expand pos 2,6 tgt 3,8 want SOUTH
RC POS 781 id 259 seat 7 role raid fs 1 body 1 pos 5,17 stuck 0
RC WALK 781 id 259 role raid pos 5,17 tgt 18,11 want EAST
V527I SEALNT 782 ph 1 fwd 1 hv 10
RC POS 782 id 5 seat 1 role expand fs 0 body 1 pos 5,7 stuck 0
RC WALK 782 id 5 role expand pos 5,7 tgt 5,6 want NORTH
RC POS 782 id 7 seat 2 role expand fs 0 body 1 pos 2,7 stuck 0
RC WALK 782 id 7 role expand pos 2,7 tgt 3,8 want EAST
RC POS 782 id 259 seat 7 role raid fs 1 body 1 pos 6,17 stuck 0
RC WALK 782 id 259 role raid pos 6,17 tgt 18,11 want EAST
V527I SEALNT 783 ph 1 fwd 1 hv 10
RC POS 783 id 5 seat 1 role expand fs 0 body 1 pos 5,6 stuck 0
V528 PICK r 783 id 5 tgt 4,16 cs 17 bs 17 reg 0 cc 2 bc 2 cands 3 banned 0 regall 0 seat 1
RC WALK 783 id 5 role expand pos 5,6 tgt 4,16 want SOUTH
RC POS 783 id 7 seat 2 role expand fs 0 body 1 pos 2,6 stuck 0
RC WALK 783 id 7 role expand pos 2,6 tgt 3,8 want SOUTH
RC POS 783 id 259 seat 7 role raid fs 1 body 1 pos 7,17 stuck 0
RC WALK 783 id 259 role raid pos 7,17 tgt 18,11 want EAST
V527I SEALNT 784 ph 1 fwd 1 hv 10
RC POS 784 id 5 seat 1 role expand fs 0 body 1 pos 5,7 stuck 0
RC WALK 784 id 5 role expand pos 5,7 tgt 4,16 want SOUTH
RC POS 784 id 7 seat 2 role expand fs 0 body 1 pos 2,7 stuck 0
RC WALK 784 id 7 role expand pos 2,7 tgt 3,8 want EAST
RC POS 784 id 259 seat 7 role raid fs 1 body 1 pos 8,17 stuck 0
RC WALK 784 id 259 role raid pos 8,17 tgt 18,11 want SOUTH
V527I SEALNT 785 ph 1 fwd 1 hv 10
RC POS 785 id 5 seat 1 role expand fs 0 body 1 pos 5,8 stuck 0
RC WALK 785 id 5 role expand pos 5,8 tgt 4,16 want SOUTH
RC POS 785 id 7 seat 2 role expand fs 0 body 1 pos 2,6 stuck 0
RC WALK 785 id 7 role expand pos 2,6 tgt 3,8 want SOUTH
RC POS 785 id 259 seat 7 role raid fs 1 body 1 pos 8,18 stuck 0
RC WALK 785 id 259 role raid pos 8,18 tgt 18,11 want EAST
V527I SEALNT 786 ph 1 fwd 1 hv 10
RC POS 786 id 5 seat 1 role expand fs 0 body 1 pos 5,9 stuck 0
RC WALK 786 id 5 role expand pos 5,9 tgt 4,16 want SOUTH
RC POS 786 id 7 seat 2 role expand fs 0 body 1 pos 2,7 stuck 0
RC WALK 786 id 7 role expand pos 2,7 tgt 3,8 want EAST
RC POS 786 id 259 seat 7 role raid fs 1 body 1 pos 9,18 stuck 0
RC WALK 786 id 259 role raid pos 9,18 tgt 18,11 want EAST
V527I SEALNT 787 ph 1 fwd 1 hv 10
RC POS 787 id 5 seat 1 role expand fs 0 body 1 pos 5,10 stuck 0
RC WALK 787 id 5 role expand pos 5,10 tgt 4,16 want EAST
RC POS 787 id 7 seat 2 role expand fs 0 body 1 pos 2,6 stuck 0
RC WALK 787 id 7 role expand pos 2,6 tgt 3,8 want SOUTH
RC POS 787 id 259 seat 7 role raid fs 1 body 1 pos 10,18 stuck 0
RC WALK 787 id 259 role raid pos 10,18 tgt 18,11 want EAST
V527I SEALNT 788 ph 1 fwd 1 hv 10
RC POS 788 id 5 seat 1 role expand fs 0 body 1 pos 6,10 stuck 0
RC WALK 788 id 5 role expand pos 6,10 tgt 4,16 want SOUTH
RC POS 788 id 7 seat 2 role expand fs 0 body 1 pos 2,7 stuck 0
RC WALK 788 id 7 role expand pos 2,7 tgt 3,8 want EAST
RC POS 788 id 259 seat 7 role raid fs 1 body 1 pos 11,18 stuck 0
V527I SEALNT 789 ph 1 fwd 1 hv 10
RC POS 789 id 5 seat 1 role expand fs 0 body 1 pos 6,11 stuck 0
RC WALK 789 id 5 role expand pos 6,11 tgt 4,16 want SOUTH
RC POS 789 id 7 seat 2 role expand fs 0 body 1 pos 2,6 stuck 0
RC WALK 789 id 7 role expand pos 2,6 tgt 3,8 want SOUTH
RC POS 789 id 259 seat 7 role raid fs 1 body 1 pos 11,18 stuck 1
V527I SEALNT 790 ph 1 fwd 1 hv 10
RC POS 790 id 5 seat 1 role expand fs 0 body 1 pos 6,12 stuck 0
RC WALK 790 id 5 role expand pos 6,12 tgt 4,15 want WEST
RC POS 790 id 7 seat 2 role expand fs 0 body 1 pos 2,7 stuck 0
RC WALK 790 id 7 role expand pos 2,7 tgt 3,8 want EAST
RC POS 790 id 259 seat 7 role raid fs 1 body 1 pos 15,14 stuck 0
RC WALK 790 id 259 role raid pos 15,14 tgt 18,11 want EAST
V527I SEALNT 791 ph 1 fwd 1 hv 10
RC POS 791 id 5 seat 1 role expand fs 0 body 1 pos 5,12 stuck 0
RC WALK 791 id 5 role expand pos 5,12 tgt 4,15 want SOUTH
RC POS 791 id 7 seat 2 role expand fs 0 body 1 pos 2,6 stuck 0
RC WALK 791 id 7 role expand pos 2,6 tgt 3,8 want SOUTH
RC POS 791 id 259 seat 7 role raid fs 1 body 1 pos 16,14 stuck 0
RC WALK 791 id 259 role raid pos 16,14 tgt 18,11 want NORTH
V527I SEALNT 792 ph 1 fwd 1 hv 10
RC POS 792 id 5 seat 1 role expand fs 0 body 1 pos 5,13 stuck 0
RC WALK 792 id 5 role expand pos 5,13 tgt 4,15 want SOUTH
RC POS 792 id 7 seat 2 role expand fs 0 body 1 pos 2,7 stuck 0
RC WALK 792 id 7 role expand pos 2,7 tgt 3,8 want EAST
RC POS 792 id 259 seat 7 role raid fs 1 body 1 pos 16,13 stuck 0
RC WALK 792 id 259 role raid pos 16,13 tgt 18,11 want EAST
V527I SEALNT 793 ph 1 fwd 1 hv 10
RC POS 793 id 5 seat 1 role expand fs 0 body 1 pos 5,14 stuck 0
RC WALK 793 id 5 role expand pos 5,14 tgt 4,15 want WEST
RC POS 793 id 7 seat 2 role expand fs 0 body 1 pos 2,6 stuck 0
RC WALK 793 id 7 role expand pos 2,6 tgt 3,8 want SOUTH
RC POS 793 id 259 seat 7 role raid fs 1 body 1 pos 17,13 stuck 0
RC WALK 793 id 259 role raid pos 17,13 tgt 18,11 want NORTH
V527I SEALNT 794 ph 1 fwd 1 hv 10
RC POS 794 id 5 seat 1 role expand fs 0 body 1 pos 4,14 stuck 0
RC WALK 794 id 5 role expand pos 4,14 tgt 4,15 want SOUTH
RC POS 794 id 7 seat 2 role expand fs 0 body 1 pos 2,7 stuck 0
RC WALK 794 id 7 role expand pos 2,7 tgt 3,8 want EAST
RC POS 794 id 259 seat 7 role raid fs 1 body 1 pos 17,12 stuck 0
V527I SEALNT 795 ph 2 fwd 1 hv 10
RC POS 795 id 5 seat 1 role expand fs 0 body 1 pos 4,15 stuck 0
V528 PICK r 795 id 5 tgt 6,6 cs 14 bs 14 reg 0 cc 1 bc 1 cands 3 banned 0 regall 0 seat 1
RC WALK 795 id 5 role expand pos 4,15 tgt 6,6 want NORTH
RC POS 795 id 7 seat 2 role expand fs 0 body 1 pos 2,6 stuck 0
RC WALK 795 id 7 role expand pos 2,6 tgt 3,8 want SOUTH
RC POS 795 id 259 seat 7 role raid fs 1 body 1 pos 17,12 stuck 1
V527I SEALNT 796 ph 2 fwd 1 hv 10
RC POS 796 id 5 seat 1 role expand fs 0 body 1 pos 4,14 stuck 0
RC WALK 796 id 5 role expand pos 4,14 tgt 6,6 want NORTH
RC POS 796 id 7 seat 2 role expand fs 0 body 1 pos 2,7 stuck 0
RC WALK 796 id 7 role expand pos 2,7 tgt 3,8 want EAST
RC POS 796 id 259 seat 7 role raid fs 1 body 1 pos 17,12 stuck 2
V527I SEALNT 797 ph 2 fwd 1 hv 10
RC POS 797 id 5 seat 1 role expand fs 0 body 1 pos 4,13 stuck 0
RC WALK 797 id 5 role expand pos 4,13 tgt 6,6 want NORTH
RC POS 797 id 7 seat 2 role expand fs 0 body 1 pos 2,6 stuck 0
RC WALK 797 id 7 role expand pos 2,6 tgt 3,8 want SOUTH
RC POS 797 id 259 seat 7 role raid fs 1 body 1 pos 17,12 stuck 3
V527I SEALNT 798 ph 2 fwd 1 hv 10
RC POS 798 id 5 seat 1 role expand fs 0 body 1 pos 4,12 stuck 0
RC WALK 798 id 5 role expand pos 4,12 tgt 6,6 want EAST
RC POS 798 id 7 seat 2 role expand fs 0 body 1 pos 2,7 stuck 0
RC WALK 798 id 7 role expand pos 2,7 tgt 3,8 want EAST
RC POS 798 id 259 seat 7 role raid fs 1 body 1 pos 17,12 stuck 4
V527I SEALNT 799 ph 2 fwd 1 hv 10
RC POS 799 id 5 seat 1 role expand fs 0 body 1 pos 5,12 stuck 0
RC WALK 799 id 5 role expand pos 5,12 tgt 6,6 want EAST
RC POS 799 id 7 seat 2 role expand fs 0 body 1 pos 2,6 stuck 0
RC WALK 799 id 7 role expand pos 2,6 tgt 3,8 want SOUTH
RC POS 799 id 259 seat 7 role raid fs 1 body 1 pos 17,12 stuck 5
V527I SEALNT 800 ph 2 fwd 1 hv 10
RC POS 800 id 5 seat 1 role expand fs 0 body 1 pos 6,12 stuck 0
RC WALK 800 id 5 role expand pos 6,12 tgt 6,6 want NORTH
RC POS 800 id 7 seat 2 role expand fs 0 body 1 pos 2,7 stuck 0
RC WALK 800 id 7 role expand pos 2,7 tgt 3,8 want EAST
RC POS 800 id 259 seat 7 role raid fs 1 body 1 pos 17,12 stuck 6
V527I SEALNT 801 ph 2 fwd 1 hv 10
RC POS 801 id 5 seat 1 role expand fs 0 body 1 pos 6,11 stuck 0
RC WALK 801 id 5 role expand pos 6,11 tgt 6,6 want NORTH
RC POS 801 id 7 seat 2 role expand fs 0 body 1 pos 2,6 stuck 0
RC WALK 801 id 7 role expand pos 2,6 tgt 3,8 want SOUTH
RC POS 801 id 259 seat 7 role raid fs 1 body 1 pos 17,12 stuck 7
RC WALK 801 id 259 role raid pos 17,12 tgt 18,11 want EAST
V527I SEALNT 802 ph 2 fwd 1 hv 10
RC POS 802 id 5 seat 1 role expand fs 0 body 1 pos 6,10 stuck 0
RC WALK 802 id 5 role expand pos 6,10 tgt 5,6 want NORTH
RC POS 802 id 7 seat 2 role expand fs 0 body 1 pos 2,7 stuck 0
RC WALK 802 id 7 role expand pos 2,7 tgt 3,8 want EAST
RC POS 802 id 259 seat 7 role raid fs 1 body 1 pos 18,12 stuck 0
RC WALK 802 id 259 role raid pos 18,12 tgt 18,11 want NORTH
V527I SEALNT 803 ph 2 fwd 1 hv 10
RC POS 803 id 5 seat 1 role expand fs 0 body 1 pos 6,9 stuck 0
RC WALK 803 id 5 role expand pos 6,9 tgt 5,6 want NORTH
RC POS 803 id 7 seat 2 role expand fs 0 body 1 pos 2,6 stuck 0
RC WALK 803 id 7 role expand pos 2,6 tgt 3,8 want SOUTH
RC POS 803 id 259 seat 7 role raid fs 1 body 1 pos 18,11 stuck 0
V527I SEALNT 804 ph 2 fwd 1 hv 10
RC POS 804 id 5 seat 1 role expand fs 0 body 1 pos 6,8 stuck 0
RC WALK 804 id 5 role expand pos 6,8 tgt 5,6 want NORTH
RC POS 804 id 7 seat 2 role expand fs 0 body 1 pos 2,7 stuck 0
RC WALK 804 id 7 role expand pos 2,7 tgt 3,8 want EAST
RC POS 804 id 259 seat 7 role raid fs 1 body 1 pos 18,11 stuck 1
V527 SELFCUT 804 n 1
V527I SEALNT 805 ph 2 fwd 1 hv 10
RC POS 805 id 5 seat 1 role expand fs 0 body 1 pos 6,7 stuck 0
RC WALK 805 id 5 role expand pos 6,7 tgt 5,6 want WEST
RC POS 805 id 7 seat 2 role expand fs 0 body 1 pos 2,6 stuck 0
RC WALK 805 id 7 role expand pos 2,6 tgt 3,8 want SOUTH
RC POS 805 id 259 seat 7 role raid fs 1 body 1 pos 18,11 stuck 2
RC WALK 805 id 259 role raid pos 18,11 tgt 15,11 want SOUTH
V527I SEALNT 806 ph 2 fwd 1 hv 10
RC POS 806 id 5 seat 1 role expand fs 0 body 1 pos 5,7 stuck 0
RC WALK 806 id 5 role expand pos 5,7 tgt 5,6 want NORTH
RC POS 806 id 7 seat 2 role expand fs 0 body 1 pos 2,7 stuck 0
RC WALK 806 id 7 role expand pos 2,7 tgt 3,8 want EAST
RC POS 806 id 259 seat 7 role raid fs 1 body 1 pos 18,12 stuck 0
RC WALK 806 id 259 role raid pos 18,12 tgt 15,11 want WEST
V527I SEALNT 807 ph 2 fwd 1 hv 10
RC POS 807 id 5 seat 1 role expand fs 0 body 1 pos 5,6 stuck 0
V528 PICK r 807 id 5 tgt 4,16 cs 17 bs 17 reg 0 cc 2 bc 2 cands 3 banned 0 regall 0 seat 1
RC WALK 807 id 5 role expand pos 5,6 tgt 4,16 want SOUTH
RC POS 807 id 7 seat 2 role expand fs 0 body 1 pos 2,6 stuck 0
RC WALK 807 id 7 role expand pos 2,6 tgt 3,8 want SOUTH
RC POS 807 id 259 seat 7 role raid fs 1 body 1 pos 17,12 stuck 0
RC WALK 807 id 259 role raid pos 17,12 tgt 18,11 want EAST
V527I SEALNT 808 ph 2 fwd 1 hv 10
RC POS 808 id 5 seat 1 role expand fs 0 body 1 pos 5,7 stuck 0
RC WALK 808 id 5 role expand pos 5,7 tgt 4,16 want SOUTH
RC POS 808 id 7 seat 2 role expand fs 0 body 1 pos 2,7 stuck 0
RC WALK 808 id 7 role expand pos 2,7 tgt 3,8 want EAST
RC POS 808 id 259 seat 7 role raid fs 1 body 1 pos 18,12 stuck 0
RC WALK 808 id 259 role raid pos 18,12 tgt 18,11 want NORTH
V527I SEALNT 809 ph 2 fwd 1 hv 10
RC POS 809 id 5 seat 1 role expand fs 0 body 1 pos 5,8 stuck 0
RC WALK 809 id 5 role expand pos 5,8 tgt 4,16 want SOUTH
RC POS 809 id 7 seat 2 role expand fs 0 body 1 pos 2,6 stuck 0
RC WALK 809 id 7 role expand pos 2,6 tgt 3,8 want SOUTH
RC POS 809 id 259 seat 7 role raid fs 1 body 1 pos 18,11 stuck 0
V527 SELFCUT 809 n 2
V527I SEALNT 810 ph 2 fwd 1 hv 10
RC POS 810 id 5 seat 1 role expand fs 0 body 1 pos 5,9 stuck 0
RC WALK 810 id 5 role expand pos 5,9 tgt 4,16 want SOUTH
RC POS 810 id 7 seat 2 role expand fs 0 body 1 pos 2,7 stuck 0
RC WALK 810 id 7 role expand pos 2,7 tgt 3,8 want EAST
RC POS 810 id 259 seat 7 role raid fs 1 body 1 pos 18,11 stuck 1
RC WALK 810 id 259 role raid pos 18,11 tgt 15,11 want SOUTH
V527I SEALNT 811 ph 2 fwd 1 hv 10
RC POS 811 id 5 seat 1 role expand fs 0 body 1 pos 5,10 stuck 0
RC WALK 811 id 5 role expand pos 5,10 tgt 4,16 want EAST
RC POS 811 id 7 seat 2 role expand fs 0 body 1 pos 2,6 stuck 0
RC WALK 811 id 7 role expand pos 2,6 tgt 3,8 want SOUTH
RC POS 811 id 259 seat 7 role raid fs 1 body 1 pos 18,12 stuck 0
RC WALK 811 id 259 role raid pos 18,12 tgt 15,11 want WEST
V527I SEALNT 812 ph 2 fwd 1 hv 10
RC POS 812 id 5 seat 1 role expand fs 0 body 1 pos 6,10 stuck 0
RC WALK 812 id 5 role expand pos 6,10 tgt 4,16 want SOUTH
RC POS 812 id 7 seat 2 role expand fs 0 body 1 pos 2,7 stuck 0
RC WALK 812 id 7 role expand pos 2,7 tgt 3,8 want EAST
RC POS 812 id 259 seat 7 role raid fs 1 body 1 pos 17,12 stuck 0
RC WALK 812 id 259 role raid pos 17,12 tgt 15,11 want WEST
V527I SEALNT 813 ph 2 fwd 1 hv 10
RC POS 813 id 5 seat 1 role expand fs 0 body 1 pos 6,11 stuck 0
RC WALK 813 id 5 role expand pos 6,11 tgt 4,16 want SOUTH
RC POS 813 id 7 seat 2 role expand fs 0 body 1 pos 2,6 stuck 0
RC WALK 813 id 7 role expand pos 2,6 tgt 3,8 want SOUTH
RC POS 813 id 259 seat 7 role raid fs 1 body 1 pos 16,12 stuck 0
V527I SEALNT 814 ph 2 fwd 1 hv 10
RC POS 814 id 5 seat 1 role expand fs 0 body 1 pos 6,12 stuck 0
RC WALK 814 id 5 role expand pos 6,12 tgt 4,15 want WEST
RC POS 814 id 7 seat 2 role expand fs 0 body 1 pos 2,7 stuck 0
RC WALK 814 id 7 role expand pos 2,7 tgt 3,8 want EAST
RC POS 814 id 259 seat 7 role raid fs 1 body 1 pos 17,12 stuck 0
RC WALK 814 id 259 role raid pos 17,12 tgt 15,11 want WEST
V527I SEALNT 815 ph 2 fwd 1 hv 10
RC POS 815 id 5 seat 1 role expand fs 0 body 1 pos 5,12 stuck 0
RC WALK 815 id 5 role expand pos 5,12 tgt 4,15 want SOUTH
RC POS 815 id 7 seat 2 role expand fs 0 body 1 pos 2,6 stuck 0
RC WALK 815 id 7 role expand pos 2,6 tgt 3,8 want SOUTH
RC POS 815 id 259 seat 7 role raid fs 1 body 1 pos 16,12 stuck 0
V527I SEALNT 816 ph 2 fwd 1 hv 10
RC POS 816 id 5 seat 1 role expand fs 0 body 1 pos 5,13 stuck 0
RC WALK 816 id 5 role expand pos 5,13 tgt 4,15 want SOUTH
RC POS 816 id 7 seat 2 role expand fs 0 body 1 pos 2,7 stuck 0
RC WALK 816 id 7 role expand pos 2,7 tgt 3,8 want EAST
RC POS 816 id 259 seat 7 role raid fs 1 body 1 pos 17,12 stuck 0
RC WALK 816 id 259 role raid pos 17,12 tgt 15,11 want WEST
V527I SEALNT 817 ph 2 fwd 1 hv 10
RC POS 817 id 5 seat 1 role expand fs 0 body 1 pos 5,14 stuck 0
RC WALK 817 id 5 role expand pos 5,14 tgt 4,15 want WEST
RC POS 817 id 7 seat 2 role expand fs 0 body 1 pos 2,6 stuck 0
RC WALK 817 id 7 role expand pos 2,6 tgt 3,8 want SOUTH
V527I SEALNT 818 ph 2 fwd 1 hv 10
RC POS 818 id 5 seat 1 role expand fs 0 body 1 pos 4,14 stuck 0
RC WALK 818 id 5 role expand pos 4,14 tgt 4,15 want SOUTH
RC POS 818 id 7 seat 2 role expand fs 0 body 1 pos 2,7 stuck 0
RC WALK 818 id 7 role expand pos 2,7 tgt 3,8 want EAST
V527I SEALNT 819 ph 2 fwd 1 hv 10
RC POS 819 id 5 seat 1 role expand fs 0 body 1 pos 4,15 stuck 0
V528 PICK r 819 id 5 tgt 6,6 cs 14 bs 14 reg 0 cc 1 bc 1 cands 3 banned 0 regall 0 seat 1
RC WALK 819 id 5 role expand pos 4,15 tgt 6,6 want NORTH
RC POS 819 id 7 seat 2 role expand fs 0 body 1 pos 2,6 stuck 0
RC WALK 819 id 7 role expand pos 2,6 tgt 3,8 want SOUTH
V527I SEALNT 820 ph 2 fwd 1 hv 10
RC POS 820 id 5 seat 1 role expand fs 0 body 1 pos 4,14 stuck 0
RC WALK 820 id 5 role expand pos 4,14 tgt 6,6 want NORTH
RC POS 820 id 7 seat 2 role expand fs 0 body 1 pos 2,7 stuck 0
RC WALK 820 id 7 role expand pos 2,7 tgt 3,8 want EAST
V527I SEALNT 821 ph 2 fwd 1 hv 10
RC POS 821 id 5 seat 1 role expand fs 0 body 1 pos 4,13 stuck 0
RC WALK 821 id 5 role expand pos 4,13 tgt 6,6 want NORTH
RC POS 821 id 7 seat 2 role expand fs 0 body 1 pos 2,6 stuck 0
RC WALK 821 id 7 role expand pos 2,6 tgt 3,8 want SOUTH
V527I SEALNT 822 ph 2 fwd 1 hv 10
RC POS 822 id 5 seat 1 role expand fs 0 body 1 pos 4,12 stuck 0
RC WALK 822 id 5 role expand pos 4,12 tgt 6,6 want EAST
RC POS 822 id 7 seat 2 role expand fs 0 body 1 pos 2,7 stuck 0
RC WALK 822 id 7 role expand pos 2,7 tgt 3,8 want EAST
V527I SEALNT 823 ph 2 fwd 1 hv 10
RC POS 823 id 5 seat 1 role expand fs 0 body 1 pos 5,12 stuck 0
RC WALK 823 id 5 role expand pos 5,12 tgt 6,6 want EAST
RC POS 823 id 7 seat 2 role expand fs 0 body 1 pos 2,6 stuck 0
RC WALK 823 id 7 role expand pos 2,6 tgt 3,8 want SOUTH
V527I SEALNT 824 ph 2 fwd 1 hv 10
RC POS 824 id 5 seat 1 role expand fs 0 body 1 pos 6,12 stuck 0
RC WALK 824 id 5 role expand pos 6,12 tgt 6,6 want NORTH
RC POS 824 id 7 seat 2 role expand fs 0 body 1 pos 2,7 stuck 0
RC WALK 824 id 7 role expand pos 2,7 tgt 3,8 want EAST
V527I SEALNT 825 ph 2 fwd 1 hv 10
RC POS 825 id 5 seat 1 role expand fs 0 body 1 pos 6,11 stuck 0
RC WALK 825 id 5 role expand pos 6,11 tgt 6,6 want NORTH
RC POS 825 id 7 seat 2 role expand fs 0 body 1 pos 2,6 stuck 0
RC WALK 825 id 7 role expand pos 2,6 tgt 3,8 want SOUTH
V527I SEALNT 826 ph 2 fwd 1 hv 10
RC POS 826 id 5 seat 1 role expand fs 0 body 1 pos 6,10 stuck 0
RC WALK 826 id 5 role expand pos 6,10 tgt 5,6 want NORTH
RC POS 826 id 7 seat 2 role expand fs 0 body 1 pos 2,7 stuck 0
RC WALK 826 id 7 role expand pos 2,7 tgt 3,8 want EAST
V527I SEALNT 827 ph 2 fwd 1 hv 10
RC POS 827 id 5 seat 1 role expand fs 0 body 1 pos 6,9 stuck 0
RC WALK 827 id 5 role expand pos 6,9 tgt 5,6 want NORTH
RC POS 827 id 7 seat 2 role expand fs 0 body 1 pos 2,6 stuck 0
RC WALK 827 id 7 role expand pos 2,6 tgt 3,8 want SOUTH
V527I SEALNT 828 ph 2 fwd 1 hv 10
RC POS 828 id 5 seat 1 role expand fs 0 body 1 pos 6,8 stuck 0
RC WALK 828 id 5 role expand pos 6,8 tgt 5,6 want NORTH
RC POS 828 id 7 seat 2 role expand fs 0 body 1 pos 2,7 stuck 0
RC WALK 828 id 7 role expand pos 2,7 tgt 3,8 want EAST
V527I SEALNT 829 ph 2 fwd 1 hv 10
RC POS 829 id 5 seat 1 role expand fs 0 body 1 pos 6,7 stuck 0
RC WALK 829 id 5 role expand pos 6,7 tgt 5,6 want WEST
RC POS 829 id 7 seat 2 role expand fs 0 body 1 pos 2,6 stuck 0
RC WALK 829 id 7 role expand pos 2,6 tgt 3,8 want SOUTH
V527I SEALNT 830 ph 2 fwd 1 hv 10
RC POS 830 id 5 seat 1 role expand fs 0 body 1 pos 5,7 stuck 0
RC WALK 830 id 5 role expand pos 5,7 tgt 5,6 want NORTH
RC POS 830 id 7 seat 2 role expand fs 0 body 1 pos 2,7 stuck 0
RC WALK 830 id 7 role expand pos 2,7 tgt 3,8 want EAST
V527I SEALNT 831 ph 2 fwd 1 hv 10
RC POS 831 id 5 seat 1 role expand fs 0 body 1 pos 5,6 stuck 0
V528 PICK r 831 id 5 tgt 4,16 cs 17 bs 17 reg 0 cc 2 bc 2 cands 3 banned 0 regall 0 seat 1
RC WALK 831 id 5 role expand pos 5,6 tgt 4,16 want SOUTH
RC POS 831 id 7 seat 2 role expand fs 0 body 1 pos 2,6 stuck 0
RC WALK 831 id 7 role expand pos 2,6 tgt 3,8 want SOUTH
V527I SEALNT 832 ph 2 fwd 1 hv 10
RC POS 832 id 5 seat 1 role expand fs 0 body 1 pos 5,7 stuck 0
RC WALK 832 id 5 role expand pos 5,7 tgt 4,16 want SOUTH
RC POS 832 id 7 seat 2 role expand fs 0 body 1 pos 2,7 stuck 0
RC WALK 832 id 7 role expand pos 2,7 tgt 3,8 want EAST
V527I SEALNT 833 ph 2 fwd 1 hv 10
RC POS 833 id 5 seat 1 role expand fs 0 body 1 pos 5,8 stuck 0
RC WALK 833 id 5 role expand pos 5,8 tgt 4,16 want SOUTH
RC POS 833 id 7 seat 2 role expand fs 0 body 1 pos 2,6 stuck 0
RC WALK 833 id 7 role expand pos 2,6 tgt 3,8 want SOUTH
V527I SEALNT 834 ph 2 fwd 1 hv 10
RC POS 834 id 5 seat 1 role expand fs 0 body 1 pos 5,9 stuck 0
RC WALK 834 id 5 role expand pos 5,9 tgt 4,16 want SOUTH
RC POS 834 id 7 seat 2 role expand fs 0 body 1 pos 2,7 stuck 0
RC WALK 834 id 7 role expand pos 2,7 tgt 3,8 want EAST
V527I SEALNT 835 ph 2 fwd 1 hv 10
RC POS 835 id 5 seat 1 role expand fs 0 body 1 pos 5,10 stuck 0
RC WALK 835 id 5 role expand pos 5,10 tgt 4,16 want EAST
RC POS 835 id 7 seat 2 role expand fs 0 body 1 pos 2,6 stuck 0
RC WALK 835 id 7 role expand pos 2,6 tgt 3,8 want SOUTH
V527I SEALNT 836 ph 2 fwd 1 hv 10
RC POS 836 id 5 seat 1 role expand fs 0 body 1 pos 6,10 stuck 0
RC WALK 836 id 5 role expand pos 6,10 tgt 4,16 want SOUTH
RC POS 836 id 7 seat 2 role expand fs 0 body 1 pos 2,7 stuck 0
RC WALK 836 id 7 role expand pos 2,7 tgt 3,8 want EAST
V527I SEALNT 837 ph 2 fwd 1 hv 10
RC POS 837 id 5 seat 1 role expand fs 0 body 1 pos 6,11 stuck 0
RC WALK 837 id 5 role expand pos 6,11 tgt 4,16 want SOUTH
RC POS 837 id 7 seat 2 role expand fs 0 body 1 pos 2,6 stuck 0
RC WALK 837 id 7 role expand pos 2,6 tgt 3,8 want SOUTH
V527I SEALNT 838 ph 2 fwd 1 hv 10
RC POS 838 id 5 seat 1 role expand fs 0 body 1 pos 6,12 stuck 0
RC WALK 838 id 5 role expand pos 6,12 tgt 4,15 want WEST
RC POS 838 id 7 seat 2 role expand fs 0 body 1 pos 2,7 stuck 0
RC WALK 838 id 7 role expand pos 2,7 tgt 3,8 want EAST
V527I SEALNT 839 ph 2 fwd 1 hv 10
RC POS 839 id 5 seat 1 role expand fs 0 body 1 pos 5,12 stuck 0
RC WALK 839 id 5 role expand pos 5,12 tgt 4,15 want SOUTH
RC POS 839 id 7 seat 2 role expand fs 0 body 1 pos 2,6 stuck 0
RC WALK 839 id 7 role expand pos 2,6 tgt 3,8 want SOUTH
V527I SEALNT 840 ph 2 fwd 1 hv 10
RC POS 840 id 5 seat 1 role expand fs 0 body 1 pos 5,13 stuck 0
RC WALK 840 id 5 role expand pos 5,13 tgt 4,15 want SOUTH
RC POS 840 id 7 seat 2 role expand fs 0 body 1 pos 2,7 stuck 0
RC WALK 840 id 7 role expand pos 2,7 tgt 3,8 want EAST
V527I SEALNT 841 ph 2 fwd 1 hv 10
RC POS 841 id 5 seat 1 role expand fs 0 body 1 pos 5,14 stuck 0
RC WALK 841 id 5 role expand pos 5,14 tgt 4,15 want WEST
RC POS 841 id 7 seat 2 role expand fs 0 body 1 pos 2,6 stuck 0
RC WALK 841 id 7 role expand pos 2,6 tgt 3,8 want SOUTH
V527I SEALNT 842 ph 2 fwd 1 hv 10
RC POS 842 id 5 seat 1 role expand fs 0 body 1 pos 4,14 stuck 0
RC WALK 842 id 5 role expand pos 4,14 tgt 4,15 want SOUTH
RC POS 842 id 7 seat 2 role expand fs 0 body 1 pos 2,7 stuck 0
RC WALK 842 id 7 role expand pos 2,7 tgt 3,8 want EAST
V527I SEALNT 843 ph 2 fwd 1 hv 10
RC POS 843 id 5 seat 1 role expand fs 0 body 1 pos 4,15 stuck 0
V528 PICK r 843 id 5 tgt 6,6 cs 14 bs 14 reg 0 cc 1 bc 1 cands 3 banned 0 regall 0 seat 1
RC WALK 843 id 5 role expand pos 4,15 tgt 6,6 want NORTH
RC POS 843 id 7 seat 2 role expand fs 0 body 1 pos 2,6 stuck 0
RC WALK 843 id 7 role expand pos 2,6 tgt 3,8 want SOUTH
V527I SEALNT 844 ph 2 fwd 1 hv 10
RC POS 844 id 5 seat 1 role expand fs 0 body 1 pos 4,14 stuck 0
RC WALK 844 id 5 role expand pos 4,14 tgt 6,6 want NORTH
RC POS 844 id 7 seat 2 role expand fs 0 body 1 pos 2,7 stuck 0
RC WALK 844 id 7 role expand pos 2,7 tgt 3,8 want EAST
V527I SEALNT 845 ph 2 fwd 1 hv 10
RC POS 845 id 5 seat 1 role expand fs 0 body 1 pos 4,13 stuck 0
RC WALK 845 id 5 role expand pos 4,13 tgt 6,6 want NORTH
RC POS 845 id 7 seat 2 role expand fs 0 body 1 pos 2,6 stuck 0
RC WALK 845 id 7 role expand pos 2,6 tgt 3,8 want SOUTH
V527I SEALNT 846 ph 2 fwd 1 hv 10
RC POS 846 id 5 seat 1 role expand fs 0 body 1 pos 4,12 stuck 0
RC WALK 846 id 5 role expand pos 4,12 tgt 6,6 want EAST
RC POS 846 id 7 seat 2 role expand fs 0 body 1 pos 2,7 stuck 0
RC WALK 846 id 7 role expand pos 2,7 tgt 3,8 want EAST
V527I SEALNT 847 ph 2 fwd 1 hv 10
RC POS 847 id 5 seat 1 role expand fs 0 body 1 pos 5,12 stuck 0
RC WALK 847 id 5 role expand pos 5,12 tgt 6,6 want EAST
RC POS 847 id 7 seat 2 role expand fs 0 body 1 pos 2,6 stuck 0
RC WALK 847 id 7 role expand pos 2,6 tgt 3,8 want SOUTH
V527I SEALNT 848 ph 2 fwd 1 hv 10
RC POS 848 id 5 seat 1 role expand fs 0 body 1 pos 6,12 stuck 0
RC WALK 848 id 5 role expand pos 6,12 tgt 6,6 want NORTH
RC POS 848 id 7 seat 2 role expand fs 0 body 1 pos 2,7 stuck 0
RC WALK 848 id 7 role expand pos 2,7 tgt 3,8 want EAST
V527I SEALNT 849 ph 2 fwd 1 hv 10
RC POS 849 id 5 seat 1 role expand fs 0 body 1 pos 6,11 stuck 0
RC WALK 849 id 5 role expand pos 6,11 tgt 6,6 want NORTH
RC POS 849 id 7 seat 2 role expand fs 0 body 1 pos 2,6 stuck 0
RC WALK 849 id 7 role expand pos 2,6 tgt 3,8 want SOUTH
V527I SEALNT 850 ph 2 fwd 1 hv 10
RC POS 850 id 5 seat 1 role expand fs 0 body 1 pos 6,10 stuck 0
RC WALK 850 id 5 role expand pos 6,10 tgt 5,6 want NORTH
RC POS 850 id 7 seat 2 role expand fs 0 body 1 pos 2,7 stuck 0
RC WALK 850 id 7 role expand pos 2,7 tgt 3,8 want EAST
V527I SEALNT 851 ph 2 fwd 1 hv 10
RC POS 851 id 5 seat 1 role expand fs 0 body 1 pos 6,9 stuck 0
RC WALK 851 id 5 role expand pos 6,9 tgt 5,6 want NORTH
RC POS 851 id 7 seat 2 role expand fs 0 body 1 pos 2,6 stuck 0
RC WALK 851 id 7 role expand pos 2,6 tgt 3,8 want SOUTH
V527I SEALNT 852 ph 2 fwd 1 hv 10
RC POS 852 id 5 seat 1 role expand fs 0 body 1 pos 6,8 stuck 0
RC WALK 852 id 5 role expand pos 6,8 tgt 5,6 want NORTH
RC POS 852 id 7 seat 2 role expand fs 0 body 1 pos 2,7 stuck 0
RC WALK 852 id 7 role expand pos 2,7 tgt 3,8 want EAST
V527I SEALNT 853 ph 2 fwd 1 hv 10
RC POS 853 id 5 seat 1 role expand fs 0 body 1 pos 6,7 stuck 0
RC WALK 853 id 5 role expand pos 6,7 tgt 5,6 want WEST
RC POS 853 id 7 seat 2 role expand fs 0 body 1 pos 2,6 stuck 0
RC WALK 853 id 7 role expand pos 2,6 tgt 3,8 want SOUTH
V527I SEALNT 854 ph 2 fwd 1 hv 10
RC POS 854 id 5 seat 1 role expand fs 0 body 1 pos 5,7 stuck 0
RC WALK 854 id 5 role expand pos 5,7 tgt 5,6 want NORTH
RC POS 854 id 7 seat 2 role expand fs 0 body 1 pos 2,7 stuck 0
RC WALK 854 id 7 role expand pos 2,7 tgt 3,8 want EAST
V527I SEALNT 855 ph 2 fwd 1 hv 10
RC POS 855 id 5 seat 1 role expand fs 0 body 1 pos 5,6 stuck 0
V528 PICK r 855 id 5 tgt 4,16 cs 17 bs 17 reg 0 cc 2 bc 2 cands 3 banned 0 regall 0 seat 1
RC WALK 855 id 5 role expand pos 5,6 tgt 4,16 want SOUTH
RC POS 855 id 7 seat 2 role expand fs 0 body 1 pos 2,6 stuck 0
RC WALK 855 id 7 role expand pos 2,6 tgt 3,8 want SOUTH
V527I SEALNT 856 ph 2 fwd 1 hv 10
RC POS 856 id 5 seat 1 role expand fs 0 body 1 pos 5,7 stuck 0
RC WALK 856 id 5 role expand pos 5,7 tgt 4,16 want SOUTH
RC POS 856 id 7 seat 2 role expand fs 0 body 1 pos 2,7 stuck 0
RC WALK 856 id 7 role expand pos 2,7 tgt 3,8 want EAST
V527I SEALNT 857 ph 2 fwd 1 hv 10
RC POS 857 id 5 seat 1 role expand fs 0 body 1 pos 5,8 stuck 0
RC WALK 857 id 5 role expand pos 5,8 tgt 4,16 want SOUTH
RC POS 857 id 7 seat 2 role expand fs 0 body 1 pos 2,6 stuck 0
RC WALK 857 id 7 role expand pos 2,6 tgt 3,8 want SOUTH
RC SEAT 857 id 266 seat 8
RC POS 857 id 266 seat 8 role raid fs 1 body 1 pos 1,8 stuck 0
RC WALK 857 id 266 role raid pos 1,8 tgt 18,11 want NORTH
V527I SEALNT 858 ph 1 fwd 1 hv 10
RC POS 858 id 5 seat 1 role expand fs 0 body 1 pos 5,9 stuck 0
RC WALK 858 id 5 role expand pos 5,9 tgt 4,16 want SOUTH
RC POS 858 id 7 seat 2 role expand fs 0 body 1 pos 2,7 stuck 0
RC WALK 858 id 7 role expand pos 2,7 tgt 3,8 want EAST
RC POS 858 id 266 seat 8 role raid fs 1 body 1 pos 1,7 stuck 0
V527I SEALNT 859 ph 1 fwd 1 hv 10
RC POS 859 id 5 seat 1 role expand fs 0 body 1 pos 5,10 stuck 0
RC WALK 859 id 5 role expand pos 5,10 tgt 4,16 want EAST
RC POS 859 id 7 seat 2 role expand fs 0 body 1 pos 2,6 stuck 0
RC WALK 859 id 7 role expand pos 2,6 tgt 3,8 want SOUTH
RC POS 859 id 266 seat 8 role raid fs 1 body 1 pos 1,7 stuck 1
V527I SEALNT 860 ph 1 fwd 1 hv 10
RC POS 860 id 5 seat 1 role expand fs 0 body 1 pos 6,10 stuck 0
RC WALK 860 id 5 role expand pos 6,10 tgt 4,16 want SOUTH
RC POS 860 id 7 seat 2 role expand fs 0 body 1 pos 2,7 stuck 0
RC WALK 860 id 7 role expand pos 2,7 tgt 3,8 want EAST
RC POS 860 id 266 seat 8 role raid fs 1 body 1 pos 6,9 stuck 0
RC WALK 860 id 266 role raid pos 6,9 tgt 18,11 want EAST
V527I SEALNT 861 ph 1 fwd 1 hv 10
RC POS 861 id 5 seat 1 role expand fs 0 body 1 pos 6,11 stuck 0
RC WALK 861 id 5 role expand pos 6,11 tgt 4,16 want SOUTH
RC POS 861 id 7 seat 2 role expand fs 0 body 1 pos 2,6 stuck 0
RC WALK 861 id 7 role expand pos 2,6 tgt 3,8 want SOUTH
RC POS 861 id 266 seat 8 role raid fs 1 body 1 pos 7,9 stuck 0
RC WALK 861 id 266 role raid pos 7,9 tgt 18,11 want NORTH
V527I SEALNT 862 ph 1 fwd 1 hv 10
RC POS 862 id 5 seat 1 role expand fs 0 body 1 pos 6,12 stuck 0
RC WALK 862 id 5 role expand pos 6,12 tgt 4,15 want WEST
RC POS 862 id 7 seat 2 role expand fs 0 body 1 pos 2,7 stuck 0
RC WALK 862 id 7 role expand pos 2,7 tgt 3,8 want EAST
RC POS 862 id 266 seat 8 role raid fs 1 body 1 pos 7,8 stuck 0
RC WALK 862 id 266 role raid pos 7,8 tgt 18,11 want NORTH
V527I SEALNT 863 ph 1 fwd 1 hv 10
RC POS 863 id 5 seat 1 role expand fs 0 body 1 pos 5,12 stuck 0
RC WALK 863 id 5 role expand pos 5,12 tgt 4,15 want SOUTH
RC POS 863 id 7 seat 2 role expand fs 0 body 1 pos 2,6 stuck 0
RC WALK 863 id 7 role expand pos 2,6 tgt 3,8 want SOUTH
RC POS 863 id 266 seat 8 role raid fs 1 body 1 pos 7,7 stuck 0
RC WALK 863 id 266 role raid pos 7,7 tgt 18,11 want WEST
V527I SEALNT 864 ph 1 fwd 1 hv 10
RC POS 864 id 5 seat 1 role expand fs 0 body 1 pos 5,13 stuck 0
RC WALK 864 id 5 role expand pos 5,13 tgt 4,15 want SOUTH
RC POS 864 id 7 seat 2 role expand fs 0 body 1 pos 2,7 stuck 0
RC WALK 864 id 7 role expand pos 2,7 tgt 3,8 want EAST
RC POS 864 id 266 seat 8 role raid fs 1 body 1 pos 6,7 stuck 0
RC WALK 864 id 266 role raid pos 6,7 tgt 18,11 want SOUTH
V527I SEALNT 865 ph 1 fwd 1 hv 10
RC POS 865 id 5 seat 1 role expand fs 0 body 1 pos 5,14 stuck 0
RC WALK 865 id 5 role expand pos 5,14 tgt 4,15 want WEST
RC POS 865 id 7 seat 2 role expand fs 0 body 1 pos 2,6 stuck 0
RC WALK 865 id 7 role expand pos 2,6 tgt 3,8 want SOUTH
RC POS 865 id 266 seat 8 role raid fs 1 body 1 pos 6,8 stuck 0
RC WALK 865 id 266 role raid pos 6,8 tgt 18,11 want NORTH
V527I SEALNT 866 ph 1 fwd 1 hv 10
RC POS 866 id 5 seat 1 role expand fs 0 body 1 pos 4,14 stuck 0
RC WALK 866 id 5 role expand pos 4,14 tgt 4,15 want SOUTH
RC POS 866 id 7 seat 2 role expand fs 0 body 1 pos 2,7 stuck 0
RC WALK 866 id 7 role expand pos 2,7 tgt 3,8 want EAST
RC POS 866 id 266 seat 8 role raid fs 1 body 1 pos 6,7 stuck 0
RC WALK 866 id 266 role raid pos 6,7 tgt 18,11 want SOUTH
V527I SEALNT 867 ph 1 fwd 1 hv 10
RC POS 867 id 5 seat 1 role expand fs 0 body 1 pos 4,15 stuck 0
V528 PICK r 867 id 5 tgt 6,6 cs 14 bs 14 reg 0 cc 1 bc 1 cands 3 banned 0 regall 0 seat 1
RC WALK 867 id 5 role expand pos 4,15 tgt 6,6 want NORTH
RC POS 867 id 7 seat 2 role expand fs 0 body 1 pos 2,6 stuck 0
RC WALK 867 id 7 role expand pos 2,6 tgt 3,8 want SOUTH
RC POS 867 id 266 seat 8 role raid fs 1 body 1 pos 6,8 stuck 0
RC WALK 867 id 266 role raid pos 6,8 tgt 18,11 want NORTH
V527I SEALNT 868 ph 1 fwd 1 hv 10
RC POS 868 id 5 seat 1 role expand fs 0 body 1 pos 4,14 stuck 0
RC WALK 868 id 5 role expand pos 4,14 tgt 6,6 want NORTH
RC POS 868 id 7 seat 2 role expand fs 0 body 1 pos 2,7 stuck 0
RC WALK 868 id 7 role expand pos 2,7 tgt 3,8 want EAST
RC POS 868 id 266 seat 8 role raid fs 1 body 1 pos 6,7 stuck 0
RC WALK 868 id 266 role raid pos 6,7 tgt 18,11 want SOUTH
V527I SEALNT 869 ph 1 fwd 1 hv 10
RC POS 869 id 5 seat 1 role expand fs 0 body 1 pos 4,13 stuck 0
RC WALK 869 id 5 role expand pos 4,13 tgt 6,6 want NORTH
RC POS 869 id 7 seat 2 role expand fs 0 body 1 pos 2,6 stuck 0
RC WALK 869 id 7 role expand pos 2,6 tgt 3,8 want SOUTH
RC POS 869 id 266 seat 8 role raid fs 1 body 1 pos 6,8 stuck 0
RC WALK 869 id 266 role raid pos 6,8 tgt 18,11 want NORTH
V527I SEALNT 870 ph 1 fwd 1 hv 10
RC POS 870 id 5 seat 1 role expand fs 0 body 1 pos 4,12 stuck 0
RC WALK 870 id 5 role expand pos 4,12 tgt 6,6 want EAST
RC POS 870 id 7 seat 2 role expand fs 0 body 1 pos 2,7 stuck 0
RC WALK 870 id 7 role expand pos 2,7 tgt 3,8 want EAST
RC POS 870 id 266 seat 8 role raid fs 1 body 1 pos 6,7 stuck 0
RC WALK 870 id 266 role raid pos 6,7 tgt 18,11 want SOUTH
V527I SEALNT 871 ph 1 fwd 1 hv 10
RC POS 871 id 5 seat 1 role expand fs 0 body 1 pos 5,12 stuck 0
RC WALK 871 id 5 role expand pos 5,12 tgt 6,6 want EAST
RC POS 871 id 7 seat 2 role expand fs 0 body 1 pos 2,6 stuck 0
RC WALK 871 id 7 role expand pos 2,6 tgt 3,8 want SOUTH
RC POS 871 id 266 seat 8 role raid fs 1 body 1 pos 6,8 stuck 0
RC WALK 871 id 266 role raid pos 6,8 tgt 18,11 want NORTH
V527I SEALNT 872 ph 1 fwd 1 hv 10
RC POS 872 id 5 seat 1 role expand fs 0 body 1 pos 6,12 stuck 0
RC WALK 872 id 5 role expand pos 6,12 tgt 6,6 want NORTH
RC POS 872 id 7 seat 2 role expand fs 0 body 1 pos 2,7 stuck 0
RC WALK 872 id 7 role expand pos 2,7 tgt 3,8 want EAST
RC POS 872 id 266 seat 8 role raid fs 1 body 1 pos 6,7 stuck 0
RC WALK 872 id 266 role raid pos 6,7 tgt 18,11 want WEST
V527I SEALNT 873 ph 1 fwd 1 hv 10
RC POS 873 id 5 seat 1 role expand fs 0 body 1 pos 6,11 stuck 0
RC WALK 873 id 5 role expand pos 6,11 tgt 6,6 want NORTH
RC POS 873 id 7 seat 2 role expand fs 0 body 1 pos 2,6 stuck 0
RC WALK 873 id 7 role expand pos 2,6 tgt 3,8 want SOUTH
RC POS 873 id 266 seat 8 role raid fs 1 body 1 pos 5,7 stuck 0
RC WALK 873 id 266 role raid pos 5,7 tgt 18,11 want NORTH
V527I SEALNT 874 ph 1 fwd 1 hv 10
RC POS 874 id 5 seat 1 role expand fs 0 body 1 pos 6,10 stuck 0
RC WALK 874 id 5 role expand pos 6,10 tgt 6,6 want NORTH
RC POS 874 id 7 seat 2 role expand fs 0 body 1 pos 2,7 stuck 0
RC WALK 874 id 7 role expand pos 2,7 tgt 3,8 want EAST
RC POS 874 id 266 seat 8 role raid fs 1 body 1 pos 5,6 stuck 0
RC WALK 874 id 266 role raid pos 5,6 tgt 18,11 want NORTH
V527I SEALNT 875 ph 1 fwd 1 hv 10
RC POS 875 id 5 seat 1 role expand fs 0 body 1 pos 6,9 stuck 0
RC WALK 875 id 5 role expand pos 6,9 tgt 5,6 want NORTH
RC POS 875 id 7 seat 2 role expand fs 0 body 1 pos 2,6 stuck 0
RC WALK 875 id 7 role expand pos 2,6 tgt 3,8 want SOUTH
RC POS 875 id 266 seat 8 role raid fs 1 body 1 pos 5,5 stuck 0
RC WALK 875 id 266 role raid pos 5,5 tgt 18,11 want NORTH
V527I SEALNT 876 ph 1 fwd 1 hv 10
RC POS 876 id 5 seat 1 role expand fs 0 body 1 pos 6,8 stuck 0
RC WALK 876 id 5 role expand pos 6,8 tgt 5,6 want NORTH
RC POS 876 id 7 seat 2 role expand fs 0 body 1 pos 2,7 stuck 0
RC WALK 876 id 7 role expand pos 2,7 tgt 3,8 want EAST
RC POS 876 id 266 seat 8 role raid fs 1 body 1 pos 5,4 stuck 0
RC WALK 876 id 266 role raid pos 5,4 tgt 18,11 want WEST
V527I SEALNT 877 ph 1 fwd 1 hv 10
RC POS 877 id 5 seat 1 role expand fs 0 body 1 pos 6,7 stuck 0
RC WALK 877 id 5 role expand pos 6,7 tgt 5,6 want WEST
RC POS 877 id 7 seat 2 role expand fs 0 body 1 pos 2,6 stuck 0
RC WALK 877 id 7 role expand pos 2,6 tgt 3,8 want SOUTH
RC POS 877 id 266 seat 8 role raid fs 1 body 1 pos 4,4 stuck 0
RC WALK 877 id 266 role raid pos 4,4 tgt 18,11 want WEST
V527I SEALNT 878 ph 1 fwd 1 hv 10
RC POS 878 id 5 seat 1 role expand fs 0 body 1 pos 5,7 stuck 0
RC WALK 878 id 5 role expand pos 5,7 tgt 5,6 want NORTH
RC POS 878 id 7 seat 2 role expand fs 0 body 1 pos 2,7 stuck 0
RC WALK 878 id 7 role expand pos 2,7 tgt 3,8 want EAST
RC POS 878 id 266 seat 8 role raid fs 1 body 1 pos 3,4 stuck 0
RC WALK 878 id 266 role raid pos 3,4 tgt 18,11 want NORTH
V527I SEALNT 879 ph 1 fwd 1 hv 10
RC POS 879 id 5 seat 1 role expand fs 0 body 1 pos 5,6 stuck 0
V528 PICK r 879 id 5 tgt 4,16 cs 17 bs 17 reg 0 cc 2 bc 2 cands 3 banned 0 regall 0 seat 1
RC WALK 879 id 5 role expand pos 5,6 tgt 4,16 want SOUTH
RC POS 879 id 7 seat 2 role expand fs 0 body 1 pos 2,6 stuck 0
RC WALK 879 id 7 role expand pos 2,6 tgt 3,8 want SOUTH
RC POS 879 id 266 seat 8 role raid fs 1 body 1 pos 3,3 stuck 0
RC WALK 879 id 266 role raid pos 3,3 tgt 18,11 want NORTH
V527I SEALNT 880 ph 1 fwd 1 hv 10
RC POS 880 id 5 seat 1 role expand fs 0 body 1 pos 5,7 stuck 0
RC WALK 880 id 5 role expand pos 5,7 tgt 4,16 want SOUTH
RC POS 880 id 7 seat 2 role expand fs 0 body 1 pos 2,7 stuck 0
RC WALK 880 id 7 role expand pos 2,7 tgt 3,8 want EAST
RC POS 880 id 266 seat 8 role raid fs 1 body 1 pos 3,2 stuck 0
RC WALK 880 id 266 role raid pos 3,2 tgt 18,11 want EAST
V527I SEALNT 881 ph 1 fwd 1 hv 10
RC POS 881 id 5 seat 1 role expand fs 0 body 1 pos 5,8 stuck 0
RC WALK 881 id 5 role expand pos 5,8 tgt 4,16 want SOUTH
RC POS 881 id 7 seat 2 role expand fs 0 body 1 pos 2,6 stuck 0
RC WALK 881 id 7 role expand pos 2,6 tgt 3,8 want SOUTH
RC POS 881 id 266 seat 8 role raid fs 1 body 1 pos 4,2 stuck 0
RC WALK 881 id 266 role raid pos 4,2 tgt 18,11 want EAST
V527I SEALNT 882 ph 1 fwd 1 hv 10
RC POS 882 id 5 seat 1 role expand fs 0 body 1 pos 5,9 stuck 0
RC WALK 882 id 5 role expand pos 5,9 tgt 4,16 want SOUTH
RC POS 882 id 7 seat 2 role expand fs 0 body 1 pos 2,7 stuck 0
RC WALK 882 id 7 role expand pos 2,7 tgt 3,8 want EAST
RC POS 882 id 266 seat 8 role raid fs 1 body 1 pos 5,2 stuck 0
RC WALK 882 id 266 role raid pos 5,2 tgt 18,11 want EAST
V527I SEALNT 883 ph 1 fwd 1 hv 10
RC POS 883 id 5 seat 1 role expand fs 0 body 1 pos 5,10 stuck 0
RC WALK 883 id 5 role expand pos 5,10 tgt 4,16 want EAST
RC POS 883 id 7 seat 2 role expand fs 0 body 1 pos 2,6 stuck 0
RC WALK 883 id 7 role expand pos 2,6 tgt 3,8 want SOUTH
RC POS 883 id 266 seat 8 role raid fs 1 body 1 pos 6,2 stuck 0
V527I SEALNT 884 ph 1 fwd 1 hv 10
RC POS 884 id 5 seat 1 role expand fs 0 body 1 pos 6,10 stuck 0
RC WALK 884 id 5 role expand pos 6,10 tgt 4,16 want SOUTH
RC POS 884 id 7 seat 2 role expand fs 0 body 1 pos 2,7 stuck 0
RC WALK 884 id 7 role expand pos 2,7 tgt 3,8 want EAST
RC POS 884 id 266 seat 8 role raid fs 1 body 1 pos 6,2 stuck 1
V527I SEALNT 885 ph 1 fwd 1 hv 10
RC POS 885 id 5 seat 1 role expand fs 0 body 1 pos 6,11 stuck 0
RC WALK 885 id 5 role expand pos 6,11 tgt 4,16 want SOUTH
RC POS 885 id 7 seat 2 role expand fs 0 body 1 pos 2,6 stuck 0
RC WALK 885 id 7 role expand pos 2,6 tgt 3,8 want SOUTH
RC POS 885 id 266 seat 8 role raid fs 1 body 1 pos 10,6 stuck 0
RC WALK 885 id 266 role raid pos 10,6 tgt 18,11 want NORTH
V527I SEALNT 886 ph 1 fwd 1 hv 10
RC POS 886 id 5 seat 1 role expand fs 0 body 1 pos 6,12 stuck 0
RC WALK 886 id 5 role expand pos 6,12 tgt 4,15 want WEST
RC POS 886 id 7 seat 2 role expand fs 0 body 1 pos 2,7 stuck 0
RC WALK 886 id 7 role expand pos 2,7 tgt 3,8 want EAST
RC POS 886 id 266 seat 8 role raid fs 1 body 1 pos 10,5 stuck 0
RC WALK 886 id 266 role raid pos 10,5 tgt 18,11 want EAST
V527I SEALNT 887 ph 1 fwd 1 hv 10
RC POS 887 id 5 seat 1 role expand fs 0 body 1 pos 5,12 stuck 0
RC WALK 887 id 5 role expand pos 5,12 tgt 4,15 want SOUTH
RC POS 887 id 7 seat 2 role expand fs 0 body 1 pos 2,6 stuck 0
RC WALK 887 id 7 role expand pos 2,6 tgt 3,8 want SOUTH
RC POS 887 id 266 seat 8 role raid fs 1 body 1 pos 11,5 stuck 0
RC WALK 887 id 266 role raid pos 11,5 tgt 18,11 want NORTH
V527I SEALNT 888 ph 1 fwd 1 hv 10
RC POS 888 id 5 seat 1 role expand fs 0 body 1 pos 5,13 stuck 0
RC WALK 888 id 5 role expand pos 5,13 tgt 4,15 want SOUTH
RC POS 888 id 7 seat 2 role expand fs 0 body 1 pos 2,7 stuck 0
RC WALK 888 id 7 role expand pos 2,7 tgt 3,8 want EAST
RC POS 888 id 266 seat 8 role raid fs 1 body 1 pos 11,4 stuck 0
RC WALK 888 id 266 role raid pos 11,4 tgt 18,11 want EAST
V527I SEALNT 889 ph 1 fwd 1 hv 10
RC POS 889 id 5 seat 1 role expand fs 0 body 1 pos 5,14 stuck 0
RC WALK 889 id 5 role expand pos 5,14 tgt 4,15 want WEST
RC POS 889 id 7 seat 2 role expand fs 0 body 1 pos 2,6 stuck 0
RC WALK 889 id 7 role expand pos 2,6 tgt 3,8 want SOUTH
RC POS 889 id 266 seat 8 role raid fs 1 body 1 pos 12,4 stuck 0
RC WALK 889 id 266 role raid pos 12,4 tgt 18,11 want NORTH
V527I SEALNT 890 ph 1 fwd 1 hv 10
RC POS 890 id 5 seat 1 role expand fs 0 body 1 pos 4,14 stuck 0
RC WALK 890 id 5 role expand pos 4,14 tgt 4,15 want SOUTH
RC POS 890 id 7 seat 2 role expand fs 0 body 1 pos 2,7 stuck 0
RC WALK 890 id 7 role expand pos 2,7 tgt 3,8 want EAST
RC POS 890 id 266 seat 8 role raid fs 1 body 1 pos 12,3 stuck 0
RC WALK 890 id 266 role raid pos 12,3 tgt 18,11 want EAST
V527I SEALNT 891 ph 1 fwd 1 hv 10
RC POS 891 id 5 seat 1 role expand fs 0 body 1 pos 4,15 stuck 0
V528 PICK r 891 id 5 tgt 6,6 cs 14 bs 14 reg 0 cc 1 bc 1 cands 3 banned 0 regall 0 seat 1
RC WALK 891 id 5 role expand pos 4,15 tgt 6,6 want NORTH
RC POS 891 id 7 seat 2 role expand fs 0 body 1 pos 2,6 stuck 0
RC WALK 891 id 7 role expand pos 2,6 tgt 3,8 want SOUTH
RC POS 891 id 266 seat 8 role raid fs 1 body 1 pos 13,3 stuck 0
RC WALK 891 id 266 role raid pos 13,3 tgt 18,11 want NORTH
V527I SEALNT 892 ph 1 fwd 1 hv 10
RC POS 892 id 5 seat 1 role expand fs 0 body 1 pos 4,14 stuck 0
RC WALK 892 id 5 role expand pos 4,14 tgt 6,6 want NORTH
RC POS 892 id 7 seat 2 role expand fs 0 body 1 pos 2,7 stuck 0
RC WALK 892 id 7 role expand pos 2,7 tgt 3,8 want EAST
RC POS 892 id 266 seat 8 role raid fs 1 body 1 pos 13,2 stuck 0
RC WALK 892 id 266 role raid pos 13,2 tgt 18,11 want EAST
V527I SEALNT 893 ph 1 fwd 1 hv 10
RC POS 893 id 5 seat 1 role expand fs 0 body 1 pos 4,13 stuck 0
RC WALK 893 id 5 role expand pos 4,13 tgt 6,6 want NORTH
RC POS 893 id 7 seat 2 role expand fs 0 body 1 pos 2,6 stuck 0
RC WALK 893 id 7 role expand pos 2,6 tgt 3,8 want SOUTH
RC POS 893 id 266 seat 8 role raid fs 1 body 1 pos 14,2 stuck 0
RC WALK 893 id 266 role raid pos 14,2 tgt 18,11 want EAST
V527I SEALNT 894 ph 1 fwd 1 hv 10
RC POS 894 id 5 seat 1 role expand fs 0 body 1 pos 4,12 stuck 0
RC WALK 894 id 5 role expand pos 4,12 tgt 6,6 want EAST
RC POS 894 id 7 seat 2 role expand fs 0 body 1 pos 2,7 stuck 0
RC WALK 894 id 7 role expand pos 2,7 tgt 3,8 want EAST
RC POS 894 id 266 seat 8 role raid fs 1 body 1 pos 15,2 stuck 0
RC WALK 894 id 266 role raid pos 15,2 tgt 18,11 want EAST
V527I SEALNT 895 ph 1 fwd 1 hv 10
RC POS 895 id 5 seat 1 role expand fs 0 body 1 pos 5,12 stuck 0
RC WALK 895 id 5 role expand pos 5,12 tgt 6,6 want EAST
RC POS 895 id 7 seat 2 role expand fs 0 body 1 pos 2,6 stuck 0
RC WALK 895 id 7 role expand pos 2,6 tgt 3,8 want SOUTH
RC POS 895 id 266 seat 8 role raid fs 1 body 1 pos 16,2 stuck 0
RC WALK 895 id 266 role raid pos 16,2 tgt 18,11 want EAST
V527I SEALNT 896 ph 1 fwd 1 hv 10
RC POS 896 id 5 seat 1 role expand fs 0 body 1 pos 6,12 stuck 0
RC WALK 896 id 5 role expand pos 6,12 tgt 6,6 want NORTH
RC POS 896 id 7 seat 2 role expand fs 0 body 1 pos 2,7 stuck 0
RC WALK 896 id 7 role expand pos 2,7 tgt 3,8 want EAST
RC POS 896 id 266 seat 8 role raid fs 1 body 1 pos 17,2 stuck 0
RC WALK 896 id 266 role raid pos 17,2 tgt 18,11 want SOUTH
V527I SEALNT 897 ph 1 fwd 1 hv 10
RC POS 897 id 5 seat 1 role expand fs 0 body 1 pos 6,11 stuck 0
RC WALK 897 id 5 role expand pos 6,11 tgt 6,6 want NORTH
RC POS 897 id 7 seat 2 role expand fs 0 body 1 pos 2,6 stuck 0
RC WALK 897 id 7 role expand pos 2,6 tgt 3,8 want SOUTH
RC POS 897 id 266 seat 8 role raid fs 1 body 1 pos 17,3 stuck 0
RC WALK 897 id 266 role raid pos 17,3 tgt 18,11 want SOUTH
V527I SEALNT 898 ph 1 fwd 1 hv 10
RC POS 898 id 5 seat 1 role expand fs 0 body 1 pos 6,10 stuck 0
RC WALK 898 id 5 role expand pos 6,10 tgt 5,6 want NORTH
RC POS 898 id 7 seat 2 role expand fs 0 body 1 pos 2,7 stuck 0
RC WALK 898 id 7 role expand pos 2,7 tgt 3,8 want EAST
RC POS 898 id 266 seat 8 role raid fs 1 body 1 pos 17,4 stuck 0
RC WALK 898 id 266 role raid pos 17,4 tgt 18,11 want WEST
V527I SEALNT 899 ph 1 fwd 1 hv 10
RC POS 899 id 5 seat 1 role expand fs 0 body 1 pos 6,9 stuck 0
RC WALK 899 id 5 role expand pos 6,9 tgt 5,6 want NORTH
RC POS 899 id 7 seat 2 role expand fs 0 body 1 pos 2,6 stuck 0
RC WALK 899 id 7 role expand pos 2,6 tgt 3,8 want SOUTH
RC POS 899 id 266 seat 8 role raid fs 1 body 1 pos 16,4 stuck 0
RC WALK 899 id 266 role raid pos 16,4 tgt 18,11 want EAST
V527I SEALNT 900 ph 1 fwd 1 hv 10
RC POS 900 id 5 seat 1 role expand fs 0 body 1 pos 6,8 stuck 0
RC WALK 900 id 5 role expand pos 6,8 tgt 5,6 want NORTH
RC POS 900 id 7 seat 2 role expand fs 0 body 1 pos 2,7 stuck 0
RC WALK 900 id 7 role expand pos 2,7 tgt 3,8 want EAST
RC POS 900 id 266 seat 8 role raid fs 1 body 1 pos 17,4 stuck 0
RC WALK 900 id 266 role raid pos 17,4 tgt 18,11 want WEST
V527I SEALNT 901 ph 1 fwd 1 hv 10
RC POS 901 id 5 seat 1 role expand fs 0 body 1 pos 6,7 stuck 0
RC WALK 901 id 5 role expand pos 6,7 tgt 5,6 want WEST
RC POS 901 id 7 seat 2 role expand fs 0 body 1 pos 2,6 stuck 0
RC WALK 901 id 7 role expand pos 2,6 tgt 3,8 want SOUTH
RC POS 901 id 266 seat 8 role raid fs 1 body 1 pos 16,4 stuck 0
RC WALK 901 id 266 role raid pos 16,4 tgt 18,11 want EAST
V527I SEALNT 902 ph 1 fwd 1 hv 10
RC POS 902 id 5 seat 1 role expand fs 0 body 1 pos 5,7 stuck 0
RC WALK 902 id 5 role expand pos 5,7 tgt 5,6 want NORTH
RC POS 902 id 7 seat 2 role expand fs 0 body 1 pos 2,7 stuck 0
RC WALK 902 id 7 role expand pos 2,7 tgt 3,8 want EAST
RC POS 902 id 266 seat 8 role raid fs 1 body 1 pos 17,4 stuck 0
RC WALK 902 id 266 role raid pos 17,4 tgt 18,11 want WEST
V527I SEALNT 903 ph 1 fwd 1 hv 10
RC POS 903 id 5 seat 1 role expand fs 0 body 1 pos 5,6 stuck 0
V528 PICK r 903 id 5 tgt 4,16 cs 17 bs 17 reg 0 cc 2 bc 2 cands 3 banned 0 regall 0 seat 1
RC WALK 903 id 5 role expand pos 5,6 tgt 4,16 want SOUTH
RC POS 903 id 7 seat 2 role expand fs 0 body 1 pos 2,6 stuck 0
RC WALK 903 id 7 role expand pos 2,6 tgt 3,8 want SOUTH
RC POS 903 id 266 seat 8 role raid fs 1 body 1 pos 16,4 stuck 0
RC WALK 903 id 266 role raid pos 16,4 tgt 18,11 want NORTH
V527I SEALNT 904 ph 1 fwd 1 hv 10
RC POS 904 id 5 seat 1 role expand fs 0 body 1 pos 5,7 stuck 0
RC WALK 904 id 5 role expand pos 5,7 tgt 4,16 want SOUTH
RC POS 904 id 7 seat 2 role expand fs 0 body 1 pos 2,7 stuck 0
RC WALK 904 id 7 role expand pos 2,7 tgt 3,8 want EAST
RC POS 904 id 266 seat 8 role raid fs 1 body 1 pos 16,3 stuck 0
RC WALK 904 id 266 role raid pos 16,3 tgt 18,11 want SOUTH
V527I SEALNT 905 ph 1 fwd 1 hv 10
RC POS 905 id 5 seat 1 role expand fs 0 body 1 pos 5,8 stuck 0
RC WALK 905 id 5 role expand pos 5,8 tgt 4,16 want SOUTH
RC POS 905 id 7 seat 2 role expand fs 0 body 1 pos 2,6 stuck 0
RC WALK 905 id 7 role expand pos 2,6 tgt 3,8 want SOUTH
RC POS 905 id 266 seat 8 role raid fs 1 body 1 pos 16,4 stuck 0
RC WALK 905 id 266 role raid pos 16,4 tgt 18,11 want NORTH
V527I SEALNT 906 ph 1 fwd 1 hv 10
RC POS 906 id 5 seat 1 role expand fs 0 body 1 pos 5,9 stuck 0
RC WALK 906 id 5 role expand pos 5,9 tgt 4,16 want SOUTH
RC POS 906 id 7 seat 2 role expand fs 0 body 1 pos 2,7 stuck 0
RC WALK 906 id 7 role expand pos 2,7 tgt 3,8 want EAST
RC POS 906 id 266 seat 8 role raid fs 1 body 1 pos 16,3 stuck 0
RC WALK 906 id 266 role raid pos 16,3 tgt 18,11 want SOUTH
V527I SEALNT 907 ph 1 fwd 1 hv 10
RC POS 907 id 5 seat 1 role expand fs 0 body 1 pos 5,10 stuck 0
RC WALK 907 id 5 role expand pos 5,10 tgt 4,16 want EAST
RC POS 907 id 7 seat 2 role expand fs 0 body 1 pos 2,6 stuck 0
RC WALK 907 id 7 role expand pos 2,6 tgt 3,8 want SOUTH
RC POS 907 id 266 seat 8 role raid fs 1 body 1 pos 16,4 stuck 0
RC WALK 907 id 266 role raid pos 16,4 tgt 18,11 want NORTH
V527I SEALNT 908 ph 1 fwd 1 hv 10
RC POS 908 id 5 seat 1 role expand fs 0 body 1 pos 6,10 stuck 0
RC WALK 908 id 5 role expand pos 6,10 tgt 4,16 want SOUTH
RC POS 908 id 7 seat 2 role expand fs 0 body 1 pos 2,7 stuck 0
RC WALK 908 id 7 role expand pos 2,7 tgt 3,8 want EAST
RC POS 908 id 266 seat 8 role raid fs 1 body 1 pos 16,3 stuck 0
RC WALK 908 id 266 role raid pos 16,3 tgt 18,11 want SOUTH
V527I SEALNT 909 ph 1 fwd 1 hv 10
RC POS 909 id 5 seat 1 role expand fs 0 body 1 pos 6,11 stuck 0
RC WALK 909 id 5 role expand pos 6,11 tgt 4,16 want SOUTH
RC POS 909 id 7 seat 2 role expand fs 0 body 1 pos 2,6 stuck 0
RC WALK 909 id 7 role expand pos 2,6 tgt 3,8 want SOUTH
RC POS 909 id 266 seat 8 role raid fs 1 body 1 pos 16,4 stuck 0
RC WALK 909 id 266 role raid pos 16,4 tgt 18,11 want NORTH
V527I SEALNT 910 ph 1 fwd 1 hv 10
RC POS 910 id 5 seat 1 role expand fs 0 body 1 pos 6,12 stuck 0
RC WALK 910 id 5 role expand pos 6,12 tgt 4,15 want WEST
RC POS 910 id 7 seat 2 role expand fs 0 body 1 pos 2,7 stuck 0
RC WALK 910 id 7 role expand pos 2,7 tgt 3,8 want EAST
RC POS 910 id 266 seat 8 role raid fs 1 body 1 pos 16,3 stuck 0
RC WALK 910 id 266 role raid pos 16,3 tgt 18,11 want SOUTH
V527I SEALNT 911 ph 1 fwd 1 hv 10
RC POS 911 id 5 seat 1 role expand fs 0 body 1 pos 5,12 stuck 0
RC WALK 911 id 5 role expand pos 5,12 tgt 4,15 want SOUTH
RC POS 911 id 7 seat 2 role expand fs 0 body 1 pos 2,6 stuck 0
RC WALK 911 id 7 role expand pos 2,6 tgt 3,8 want SOUTH
RC POS 911 id 266 seat 8 role raid fs 1 body 1 pos 16,4 stuck 0
RC WALK 911 id 266 role raid pos 16,4 tgt 18,11 want NORTH
V527I SEALNT 912 ph 1 fwd 1 hv 10
RC POS 912 id 5 seat 1 role expand fs 0 body 1 pos 5,13 stuck 0
RC WALK 912 id 5 role expand pos 5,13 tgt 4,15 want SOUTH
RC POS 912 id 7 seat 2 role expand fs 0 body 1 pos 2,7 stuck 0
RC WALK 912 id 7 role expand pos 2,7 tgt 3,8 want EAST
RC POS 912 id 266 seat 8 role raid fs 1 body 1 pos 16,3 stuck 0
RC WALK 912 id 266 role raid pos 16,3 tgt 18,11 want SOUTH
V527I SEALNT 913 ph 1 fwd 1 hv 10
RC POS 913 id 5 seat 1 role expand fs 0 body 1 pos 5,14 stuck 0
RC WALK 913 id 5 role expand pos 5,14 tgt 4,15 want WEST
RC POS 913 id 7 seat 2 role expand fs 0 body 1 pos 2,6 stuck 0
RC WALK 913 id 7 role expand pos 2,6 tgt 3,8 want SOUTH
RC POS 913 id 266 seat 8 role raid fs 1 body 1 pos 16,4 stuck 0
RC WALK 913 id 266 role raid pos 16,4 tgt 18,11 want NORTH
V527I SEALNT 914 ph 1 fwd 1 hv 10
RC POS 914 id 5 seat 1 role expand fs 0 body 1 pos 4,14 stuck 0
RC WALK 914 id 5 role expand pos 4,14 tgt 4,15 want SOUTH
RC POS 914 id 7 seat 2 role expand fs 0 body 1 pos 2,7 stuck 0
RC WALK 914 id 7 role expand pos 2,7 tgt 3,8 want EAST
RC POS 914 id 266 seat 8 role raid fs 1 body 1 pos 16,3 stuck 0
RC WALK 914 id 266 role raid pos 16,3 tgt 18,11 want SOUTH
V527I SEALNT 915 ph 1 fwd 1 hv 10
RC POS 915 id 5 seat 1 role expand fs 0 body 1 pos 4,15 stuck 0
V528 PICK r 915 id 5 tgt 6,6 cs 14 bs 14 reg 0 cc 1 bc 1 cands 3 banned 0 regall 0 seat 1
RC WALK 915 id 5 role expand pos 4,15 tgt 6,6 want NORTH
RC POS 915 id 7 seat 2 role expand fs 0 body 1 pos 2,6 stuck 0
RC WALK 915 id 7 role expand pos 2,6 tgt 3,8 want SOUTH
RC POS 915 id 266 seat 8 role raid fs 1 body 1 pos 16,4 stuck 0
RC WALK 915 id 266 role raid pos 16,4 tgt 18,11 want NORTH
V527I SEALNT 916 ph 1 fwd 1 hv 10
RC POS 916 id 5 seat 1 role expand fs 0 body 1 pos 4,14 stuck 0
RC WALK 916 id 5 role expand pos 4,14 tgt 6,6 want NORTH
RC POS 916 id 7 seat 2 role expand fs 0 body 1 pos 2,7 stuck 0
RC WALK 916 id 7 role expand pos 2,7 tgt 3,8 want EAST
RC POS 916 id 266 seat 8 role raid fs 1 body 1 pos 16,3 stuck 0
RC WALK 916 id 266 role raid pos 16,3 tgt 18,11 want SOUTH
V527I SEALNT 917 ph 1 fwd 1 hv 10
RC POS 917 id 5 seat 1 role expand fs 0 body 1 pos 4,13 stuck 0
RC WALK 917 id 5 role expand pos 4,13 tgt 6,6 want NORTH
RC POS 917 id 7 seat 2 role expand fs 0 body 1 pos 2,6 stuck 0
RC WALK 917 id 7 role expand pos 2,6 tgt 3,8 want SOUTH
RC POS 917 id 266 seat 8 role raid fs 1 body 1 pos 16,4 stuck 0
RC WALK 917 id 266 role raid pos 16,4 tgt 18,11 want NORTH
V527I SEALNT 918 ph 1 fwd 1 hv 10
RC POS 918 id 5 seat 1 role expand fs 0 body 1 pos 4,12 stuck 0
RC WALK 918 id 5 role expand pos 4,12 tgt 6,6 want EAST
RC POS 918 id 7 seat 2 role expand fs 0 body 1 pos 2,7 stuck 0
RC WALK 918 id 7 role expand pos 2,7 tgt 3,8 want EAST
RC POS 918 id 266 seat 8 role raid fs 1 body 1 pos 16,3 stuck 0
RC WALK 918 id 266 role raid pos 16,3 tgt 18,11 want SOUTH
V527I SEALNT 919 ph 1 fwd 1 hv 10
RC POS 919 id 5 seat 1 role expand fs 0 body 1 pos 5,12 stuck 0
RC WALK 919 id 5 role expand pos 5,12 tgt 6,6 want EAST
RC POS 919 id 7 seat 2 role expand fs 0 body 1 pos 2,6 stuck 0
RC WALK 919 id 7 role expand pos 2,6 tgt 3,8 want SOUTH
RC POS 919 id 266 seat 8 role raid fs 1 body 1 pos 16,4 stuck 0
RC WALK 919 id 266 role raid pos 16,4 tgt 18,11 want NORTH
V527I SEALNT 920 ph 1 fwd 1 hv 10
RC POS 920 id 5 seat 1 role expand fs 0 body 1 pos 6,12 stuck 0
RC WALK 920 id 5 role expand pos 6,12 tgt 6,6 want NORTH
RC POS 920 id 7 seat 2 role expand fs 0 body 1 pos 2,7 stuck 0
RC WALK 920 id 7 role expand pos 2,7 tgt 3,8 want EAST
RC POS 920 id 266 seat 8 role raid fs 1 body 1 pos 16,3 stuck 0
RC WALK 920 id 266 role raid pos 16,3 tgt 18,11 want SOUTH
V527I SEALNT 921 ph 1 fwd 1 hv 10
RC POS 921 id 5 seat 1 role expand fs 0 body 1 pos 6,11 stuck 0
RC WALK 921 id 5 role expand pos 6,11 tgt 6,6 want NORTH
RC POS 921 id 7 seat 2 role expand fs 0 body 1 pos 2,6 stuck 0
RC WALK 921 id 7 role expand pos 2,6 tgt 3,8 want SOUTH
RC POS 921 id 266 seat 8 role raid fs 1 body 1 pos 16,4 stuck 0
RC WALK 921 id 266 role raid pos 16,4 tgt 18,11 want NORTH
V527I SEALNT 922 ph 1 fwd 1 hv 10
RC POS 922 id 5 seat 1 role expand fs 0 body 1 pos 6,10 stuck 0
RC WALK 922 id 5 role expand pos 6,10 tgt 5,6 want NORTH
RC POS 922 id 7 seat 2 role expand fs 0 body 1 pos 2,7 stuck 0
RC WALK 922 id 7 role expand pos 2,7 tgt 3,8 want EAST
RC POS 922 id 266 seat 8 role raid fs 1 body 1 pos 16,3 stuck 0
RC WALK 922 id 266 role raid pos 16,3 tgt 18,11 want SOUTH
V527I SEALNT 923 ph 1 fwd 1 hv 10
RC POS 923 id 5 seat 1 role expand fs 0 body 1 pos 6,9 stuck 0
RC WALK 923 id 5 role expand pos 6,9 tgt 5,6 want NORTH
RC POS 923 id 7 seat 2 role expand fs 0 body 1 pos 2,6 stuck 0
RC WALK 923 id 7 role expand pos 2,6 tgt 3,8 want SOUTH
RC POS 923 id 266 seat 8 role raid fs 1 body 1 pos 16,4 stuck 0
V527I SEALNT 924 ph 1 fwd 1 hv 10
RC POS 924 id 5 seat 1 role expand fs 0 body 1 pos 6,8 stuck 0
RC WALK 924 id 5 role expand pos 6,8 tgt 5,6 want NORTH
RC POS 924 id 7 seat 2 role expand fs 0 body 1 pos 2,7 stuck 0
RC WALK 924 id 7 role expand pos 2,7 tgt 3,8 want EAST
RC POS 924 id 266 seat 8 role raid fs 1 body 1 pos 16,4 stuck 1
V527I SEALNT 925 ph 1 fwd 1 hv 10
RC POS 925 id 5 seat 1 role expand fs 0 body 1 pos 6,7 stuck 0
RC WALK 925 id 5 role expand pos 6,7 tgt 5,6 want WEST
RC POS 925 id 7 seat 2 role expand fs 0 body 1 pos 2,6 stuck 0
RC WALK 925 id 7 role expand pos 2,6 tgt 3,8 want SOUTH
RC POS 925 id 266 seat 8 role raid fs 1 body 1 pos 18,9 stuck 0
V527 SELFCUT 925 n 1
V527I SEALNT 926 ph 2 fwd 1 hv 10
RC POS 926 id 5 seat 1 role expand fs 0 body 1 pos 5,7 stuck 0
RC WALK 926 id 5 role expand pos 5,7 tgt 5,6 want NORTH
RC POS 926 id 7 seat 2 role expand fs 0 body 1 pos 2,7 stuck 0
RC WALK 926 id 7 role expand pos 2,7 tgt 3,8 want EAST
RC POS 926 id 266 seat 8 role raid fs 1 body 1 pos 18,9 stuck 1
V527 BUNKER HOLD 926 why trapped blk gate
RC WALK 926 id 266 role raid pos 18,9 tgt 18,11 want SOUTH
V527I SEALNT 927 ph 2 fwd 1 hv 10
RC POS 927 id 5 seat 1 role expand fs 0 body 1 pos 5,6 stuck 0
V528 PICK r 927 id 5 tgt 4,16 cs 17 bs 17 reg 0 cc 2 bc 2 cands 3 banned 0 regall 0 seat 1
RC WALK 927 id 5 role expand pos 5,6 tgt 4,16 want SOUTH
RC POS 927 id 7 seat 2 role expand fs 0 body 1 pos 2,6 stuck 0
RC WALK 927 id 7 role expand pos 2,6 tgt 3,8 want SOUTH
RC POS 927 id 266 seat 8 role raid fs 1 body 1 pos 18,9 stuck 3
V527 BUNKER HOLD 927 why trapped blk gate
RC WALK 927 id 266 role raid pos 18,9 tgt 18,11 want SOUTH
V527I SEALNT 928 ph 2 fwd 1 hv 10
RC POS 928 id 5 seat 1 role expand fs 0 body 1 pos 5,7 stuck 0
RC WALK 928 id 5 role expand pos 5,7 tgt 4,16 want SOUTH
RC POS 928 id 7 seat 2 role expand fs 0 body 1 pos 2,7 stuck 0
RC WALK 928 id 7 role expand pos 2,7 tgt 3,8 want EAST
RC POS 928 id 266 seat 8 role raid fs 1 body 1 pos 18,9 stuck 5
V527 SELFCUT 928 n 2
V527I SEALNT 929 ph 2 fwd 1 hv 10
RC POS 929 id 5 seat 1 role expand fs 0 body 1 pos 5,8 stuck 0
RC WALK 929 id 5 role expand pos 5,8 tgt 4,16 want SOUTH
RC POS 929 id 7 seat 2 role expand fs 0 body 1 pos 2,6 stuck 0
RC WALK 929 id 7 role expand pos 2,6 tgt 3,8 want SOUTH
V527I SEALNT 930 ph 2 fwd 1 hv 10
RC POS 930 id 5 seat 1 role expand fs 0 body 1 pos 5,9 stuck 0
RC WALK 930 id 5 role expand pos 5,9 tgt 4,16 want SOUTH
RC POS 930 id 7 seat 2 role expand fs 0 body 1 pos 2,7 stuck 0
RC WALK 930 id 7 role expand pos 2,7 tgt 3,8 want EAST
V527I SEALNT 931 ph 2 fwd 1 hv 10
RC POS 931 id 5 seat 1 role expand fs 0 body 1 pos 5,10 stuck 0
RC WALK 931 id 5 role expand pos 5,10 tgt 4,16 want EAST
RC POS 931 id 7 seat 2 role expand fs 0 body 1 pos 2,6 stuck 0
RC WALK 931 id 7 role expand pos 2,6 tgt 3,8 want SOUTH
V527I SEALNT 932 ph 2 fwd 1 hv 10
RC POS 932 id 5 seat 1 role expand fs 0 body 1 pos 6,10 stuck 0
RC WALK 932 id 5 role expand pos 6,10 tgt 4,16 want SOUTH
RC POS 932 id 7 seat 2 role expand fs 0 body 1 pos 2,7 stuck 0
RC WALK 932 id 7 role expand pos 2,7 tgt 3,8 want EAST
V527I SEALNT 933 ph 2 fwd 1 hv 10
RC POS 933 id 5 seat 1 role expand fs 0 body 1 pos 6,11 stuck 0
RC WALK 933 id 5 role expand pos 6,11 tgt 4,16 want SOUTH
RC POS 933 id 7 seat 2 role expand fs 0 body 1 pos 2,6 stuck 0
RC WALK 933 id 7 role expand pos 2,6 tgt 3,8 want SOUTH
V527I SEALNT 934 ph 2 fwd 1 hv 10
RC POS 934 id 5 seat 1 role expand fs 0 body 1 pos 6,12 stuck 0
RC WALK 934 id 5 role expand pos 6,12 tgt 4,15 want WEST
RC POS 934 id 7 seat 2 role expand fs 0 body 1 pos 2,7 stuck 0
RC WALK 934 id 7 role expand pos 2,7 tgt 3,8 want EAST
V527I SEALNT 935 ph 2 fwd 1 hv 10
RC POS 935 id 5 seat 1 role expand fs 0 body 1 pos 5,12 stuck 0
RC WALK 935 id 5 role expand pos 5,12 tgt 4,15 want SOUTH
RC POS 935 id 7 seat 2 role expand fs 0 body 1 pos 2,6 stuck 0
RC WALK 935 id 7 role expand pos 2,6 tgt 3,8 want SOUTH
V527I SEALNT 936 ph 2 fwd 1 hv 10
RC POS 936 id 5 seat 1 role expand fs 0 body 1 pos 5,13 stuck 0
RC WALK 936 id 5 role expand pos 5,13 tgt 4,15 want SOUTH
RC POS 936 id 7 seat 2 role expand fs 0 body 1 pos 2,7 stuck 0
RC WALK 936 id 7 role expand pos 2,7 tgt 3,8 want EAST
V527I SEALNT 937 ph 2 fwd 1 hv 10
RC POS 937 id 5 seat 1 role expand fs 0 body 1 pos 5,14 stuck 0
RC WALK 937 id 5 role expand pos 5,14 tgt 4,15 want WEST
RC POS 937 id 7 seat 2 role expand fs 0 body 1 pos 2,6 stuck 0
RC WALK 937 id 7 role expand pos 2,6 tgt 3,8 want SOUTH
V527I SEALNT 938 ph 2 fwd 1 hv 10
RC POS 938 id 5 seat 1 role expand fs 0 body 1 pos 4,14 stuck 0
RC WALK 938 id 5 role expand pos 4,14 tgt 4,15 want SOUTH
RC POS 938 id 7 seat 2 role expand fs 0 body 1 pos 2,7 stuck 0
RC WALK 938 id 7 role expand pos 2,7 tgt 3,8 want EAST
V527I SEALNT 939 ph 2 fwd 1 hv 10
RC POS 939 id 5 seat 1 role expand fs 0 body 1 pos 4,15 stuck 0
V528 PICK r 939 id 5 tgt 6,6 cs 14 bs 14 reg 0 cc 1 bc 1 cands 3 banned 0 regall 0 seat 1
RC WALK 939 id 5 role expand pos 4,15 tgt 6,6 want NORTH
RC POS 939 id 7 seat 2 role expand fs 0 body 1 pos 2,6 stuck 0
RC WALK 939 id 7 role expand pos 2,6 tgt 3,8 want SOUTH
V527I SEALNT 940 ph 2 fwd 1 hv 10
RC POS 940 id 5 seat 1 role expand fs 0 body 1 pos 4,14 stuck 0
RC WALK 940 id 5 role expand pos 4,14 tgt 6,6 want NORTH
RC POS 940 id 7 seat 2 role expand fs 0 body 1 pos 2,7 stuck 0
RC WALK 940 id 7 role expand pos 2,7 tgt 3,8 want EAST
V527I SEALNT 941 ph 2 fwd 1 hv 10
RC POS 941 id 5 seat 1 role expand fs 0 body 1 pos 4,13 stuck 0
RC WALK 941 id 5 role expand pos 4,13 tgt 6,6 want NORTH
RC POS 941 id 7 seat 2 role expand fs 0 body 1 pos 2,6 stuck 0
RC WALK 941 id 7 role expand pos 2,6 tgt 3,8 want SOUTH
V527I SEALNT 942 ph 2 fwd 1 hv 10
RC POS 942 id 5 seat 1 role expand fs 0 body 1 pos 4,12 stuck 0
RC WALK 942 id 5 role expand pos 4,12 tgt 6,6 want EAST
RC POS 942 id 7 seat 2 role expand fs 0 body 1 pos 2,7 stuck 0
RC WALK 942 id 7 role expand pos 2,7 tgt 3,8 want EAST
V527I SEALNT 943 ph 2 fwd 1 hv 10
RC POS 943 id 5 seat 1 role expand fs 0 body 1 pos 5,12 stuck 0
RC WALK 943 id 5 role expand pos 5,12 tgt 6,6 want EAST
RC POS 943 id 7 seat 2 role expand fs 0 body 1 pos 2,6 stuck 0
RC WALK 943 id 7 role expand pos 2,6 tgt 3,8 want SOUTH
V527I SEALNT 944 ph 2 fwd 1 hv 10
RC POS 944 id 5 seat 1 role expand fs 0 body 1 pos 6,12 stuck 0
RC WALK 944 id 5 role expand pos 6,12 tgt 6,6 want NORTH
RC POS 944 id 7 seat 2 role expand fs 0 body 1 pos 2,7 stuck 0
RC WALK 944 id 7 role expand pos 2,7 tgt 3,8 want EAST
V527I SEALNT 945 ph 2 fwd 1 hv 10
RC POS 945 id 5 seat 1 role expand fs 0 body 1 pos 6,11 stuck 0
RC WALK 945 id 5 role expand pos 6,11 tgt 6,6 want NORTH
RC POS 945 id 7 seat 2 role expand fs 0 body 1 pos 2,6 stuck 0
RC WALK 945 id 7 role expand pos 2,6 tgt 3,8 want SOUTH
V527I SEALNT 946 ph 2 fwd 1 hv 10
RC POS 946 id 5 seat 1 role expand fs 0 body 1 pos 6,10 stuck 0
RC WALK 946 id 5 role expand pos 6,10 tgt 5,6 want NORTH
RC POS 946 id 7 seat 2 role expand fs 0 body 1 pos 2,7 stuck 0
RC WALK 946 id 7 role expand pos 2,7 tgt 3,8 want EAST
V527I SEALNT 947 ph 2 fwd 1 hv 10
RC POS 947 id 5 seat 1 role expand fs 0 body 1 pos 6,9 stuck 0
RC WALK 947 id 5 role expand pos 6,9 tgt 5,6 want NORTH
RC POS 947 id 7 seat 2 role expand fs 0 body 1 pos 2,6 stuck 0
RC WALK 947 id 7 role expand pos 2,6 tgt 3,8 want SOUTH
V527I SEALNT 948 ph 2 fwd 1 hv 10
RC POS 948 id 5 seat 1 role expand fs 0 body 1 pos 6,8 stuck 0
RC WALK 948 id 5 role expand pos 6,8 tgt 5,6 want NORTH
RC POS 948 id 7 seat 2 role expand fs 0 body 1 pos 2,7 stuck 0
RC WALK 948 id 7 role expand pos 2,7 tgt 3,8 want EAST
V527I SEALNT 949 ph 2 fwd 1 hv 10
RC POS 949 id 5 seat 1 role expand fs 0 body 1 pos 6,7 stuck 0
RC WALK 949 id 5 role expand pos 6,7 tgt 5,6 want WEST
RC POS 949 id 7 seat 2 role expand fs 0 body 1 pos 2,6 stuck 0
RC WALK 949 id 7 role expand pos 2,6 tgt 3,8 want SOUTH
V527I SEALNT 950 ph 2 fwd 1 hv 10
RC POS 950 id 5 seat 1 role expand fs 0 body 1 pos 5,7 stuck 0
RC WALK 950 id 5 role expand pos 5,7 tgt 5,6 want NORTH
RC POS 950 id 7 seat 2 role expand fs 0 body 1 pos 2,7 stuck 0
RC WALK 950 id 7 role expand pos 2,7 tgt 3,8 want EAST
V527I SEALNT 951 ph 2 fwd 1 hv 10
RC POS 951 id 5 seat 1 role expand fs 0 body 1 pos 5,6 stuck 0
V528 PICK r 951 id 5 tgt 4,16 cs 17 bs 17 reg 0 cc 2 bc 2 cands 3 banned 0 regall 0 seat 1
RC WALK 951 id 5 role expand pos 5,6 tgt 4,16 want SOUTH
RC POS 951 id 7 seat 2 role expand fs 0 body 1 pos 2,6 stuck 0
RC WALK 951 id 7 role expand pos 2,6 tgt 3,8 want SOUTH
V527I SEALNT 952 ph 2 fwd 1 hv 10
RC POS 952 id 5 seat 1 role expand fs 0 body 1 pos 5,7 stuck 0
RC WALK 952 id 5 role expand pos 5,7 tgt 4,16 want SOUTH
RC POS 952 id 7 seat 2 role expand fs 0 body 1 pos 2,7 stuck 0
RC WALK 952 id 7 role expand pos 2,7 tgt 3,8 want EAST
V527I SEALNT 953 ph 2 fwd 1 hv 10
RC POS 953 id 5 seat 1 role expand fs 0 body 1 pos 5,8 stuck 0
RC WALK 953 id 5 role expand pos 5,8 tgt 4,16 want SOUTH
RC POS 953 id 7 seat 2 role expand fs 0 body 1 pos 2,6 stuck 0
RC WALK 953 id 7 role expand pos 2,6 tgt 3,8 want SOUTH
V527I SEALNT 954 ph 2 fwd 1 hv 10
RC POS 954 id 5 seat 1 role expand fs 0 body 1 pos 5,9 stuck 0
RC WALK 954 id 5 role expand pos 5,9 tgt 4,16 want SOUTH
RC POS 954 id 7 seat 2 role expand fs 0 body 1 pos 2,7 stuck 0
RC WALK 954 id 7 role expand pos 2,7 tgt 3,8 want EAST
V527I SEALNT 955 ph 2 fwd 1 hv 10
RC POS 955 id 5 seat 1 role expand fs 0 body 1 pos 5,10 stuck 0
RC WALK 955 id 5 role expand pos 5,10 tgt 4,16 want EAST
RC POS 955 id 7 seat 2 role expand fs 0 body 1 pos 2,6 stuck 0
RC WALK 955 id 7 role expand pos 2,6 tgt 3,8 want SOUTH
V527I SEALNT 956 ph 2 fwd 1 hv 10
RC POS 956 id 5 seat 1 role expand fs 0 body 1 pos 6,10 stuck 0
RC WALK 956 id 5 role expand pos 6,10 tgt 4,16 want SOUTH
RC POS 956 id 7 seat 2 role expand fs 0 body 1 pos 2,7 stuck 0
RC WALK 956 id 7 role expand pos 2,7 tgt 3,8 want EAST
V527I SEALNT 957 ph 2 fwd 1 hv 10
RC POS 957 id 5 seat 1 role expand fs 0 body 1 pos 6,11 stuck 0
RC WALK 957 id 5 role expand pos 6,11 tgt 4,16 want SOUTH
RC POS 957 id 7 seat 2 role expand fs 0 body 1 pos 2,6 stuck 0
RC WALK 957 id 7 role expand pos 2,6 tgt 3,8 want SOUTH
V527I SEALNT 958 ph 2 fwd 1 hv 10
RC POS 958 id 5 seat 1 role expand fs 0 body 1 pos 6,12 stuck 0
RC WALK 958 id 5 role expand pos 6,12 tgt 4,15 want WEST
RC POS 958 id 7 seat 2 role expand fs 0 body 1 pos 2,7 stuck 0
RC WALK 958 id 7 role expand pos 2,7 tgt 3,8 want EAST
V527I SEALNT 959 ph 2 fwd 1 hv 10
RC POS 959 id 5 seat 1 role expand fs 0 body 1 pos 5,12 stuck 0
RC WALK 959 id 5 role expand pos 5,12 tgt 4,15 want SOUTH
RC POS 959 id 7 seat 2 role expand fs 0 body 1 pos 2,6 stuck 0
RC WALK 959 id 7 role expand pos 2,6 tgt 3,8 want SOUTH
V527I SEALNT 960 ph 2 fwd 1 hv 10
RC POS 960 id 5 seat 1 role expand fs 0 body 1 pos 5,13 stuck 0
RC WALK 960 id 5 role expand pos 5,13 tgt 4,15 want SOUTH
RC POS 960 id 7 seat 2 role expand fs 0 body 1 pos 2,7 stuck 0
RC WALK 960 id 7 role expand pos 2,7 tgt 3,8 want EAST
V527I SEALNT 961 ph 2 fwd 1 hv 10
RC POS 961 id 5 seat 1 role expand fs 0 body 1 pos 5,14 stuck 0
RC WALK 961 id 5 role expand pos 5,14 tgt 4,15 want WEST
RC POS 961 id 7 seat 2 role expand fs 0 body 1 pos 2,6 stuck 0
RC WALK 961 id 7 role expand pos 2,6 tgt 3,8 want SOUTH
V527I SEALNT 962 ph 2 fwd 1 hv 10
RC POS 962 id 5 seat 1 role expand fs 0 body 1 pos 4,14 stuck 0
RC WALK 962 id 5 role expand pos 4,14 tgt 4,15 want SOUTH
RC POS 962 id 7 seat 2 role expand fs 0 body 1 pos 2,7 stuck 0
RC WALK 962 id 7 role expand pos 2,7 tgt 3,8 want EAST
V527I SEALNT 963 ph 2 fwd 1 hv 10
RC POS 963 id 5 seat 1 role expand fs 0 body 1 pos 4,15 stuck 0
V528 PICK r 963 id 5 tgt 6,6 cs 14 bs 14 reg 0 cc 1 bc 1 cands 3 banned 0 regall 0 seat 1
RC WALK 963 id 5 role expand pos 4,15 tgt 6,6 want NORTH
RC POS 963 id 7 seat 2 role expand fs 0 body 1 pos 2,6 stuck 0
RC WALK 963 id 7 role expand pos 2,6 tgt 3,8 want SOUTH
V527I SEALNT 964 ph 2 fwd 1 hv 10
RC POS 964 id 5 seat 1 role expand fs 0 body 1 pos 4,14 stuck 0
RC WALK 964 id 5 role expand pos 4,14 tgt 6,6 want NORTH
RC POS 964 id 7 seat 2 role expand fs 0 body 1 pos 2,7 stuck 0
RC WALK 964 id 7 role expand pos 2,7 tgt 3,8 want EAST
V527I SEALNT 965 ph 2 fwd 1 hv 10
RC POS 965 id 5 seat 1 role expand fs 0 body 1 pos 4,13 stuck 0
RC WALK 965 id 5 role expand pos 4,13 tgt 6,6 want NORTH
RC POS 965 id 7 seat 2 role expand fs 0 body 1 pos 2,6 stuck 0
RC WALK 965 id 7 role expand pos 2,6 tgt 3,8 want SOUTH
RC SEAT 965 id 272 seat 9
RC POS 965 id 272 seat 9 role raid fs 1 body 1 pos 1,8 stuck 0
RC WALK 965 id 272 role raid pos 1,8 tgt 18,11 want NORTH
V527I SEALNT 966 ph 1 fwd 1 hv 10
RC POS 966 id 5 seat 1 role expand fs 0 body 1 pos 4,12 stuck 0
RC WALK 966 id 5 role expand pos 4,12 tgt 6,6 want EAST
RC POS 966 id 7 seat 2 role expand fs 0 body 1 pos 2,7 stuck 0
RC WALK 966 id 7 role expand pos 2,7 tgt 3,8 want EAST
RC POS 966 id 272 seat 9 role raid fs 1 body 1 pos 1,7 stuck 0
V527I SEALNT 967 ph 1 fwd 1 hv 10
RC POS 967 id 5 seat 1 role expand fs 0 body 1 pos 5,12 stuck 0
RC WALK 967 id 5 role expand pos 5,12 tgt 6,6 want EAST
RC POS 967 id 7 seat 2 role expand fs 0 body 1 pos 2,6 stuck 0
RC WALK 967 id 7 role expand pos 2,6 tgt 3,8 want SOUTH
RC POS 967 id 272 seat 9 role raid fs 1 body 1 pos 1,7 stuck 1
V527I SEALNT 968 ph 1 fwd 1 hv 10
RC POS 968 id 5 seat 1 role expand fs 0 body 1 pos 6,12 stuck 0
RC WALK 968 id 5 role expand pos 6,12 tgt 6,6 want NORTH
RC POS 968 id 7 seat 2 role expand fs 0 body 1 pos 2,7 stuck 0
RC WALK 968 id 7 role expand pos 2,7 tgt 3,8 want EAST
RC POS 968 id 272 seat 9 role raid fs 1 body 1 pos 6,9 stuck 0
RC WALK 968 id 272 role raid pos 6,9 tgt 18,11 want EAST
V527I SEALNT 969 ph 1 fwd 1 hv 10
RC POS 969 id 5 seat 1 role expand fs 0 body 1 pos 6,11 stuck 0
RC WALK 969 id 5 role expand pos 6,11 tgt 6,6 want NORTH
RC POS 969 id 7 seat 2 role expand fs 0 body 1 pos 2,6 stuck 0
RC WALK 969 id 7 role expand pos 2,6 tgt 3,8 want SOUTH
RC POS 969 id 272 seat 9 role raid fs 1 body 1 pos 7,9 stuck 0
RC WALK 969 id 272 role raid pos 7,9 tgt 18,11 want SOUTH
V527I SEALNT 970 ph 1 fwd 1 hv 10
RC POS 970 id 5 seat 1 role expand fs 0 body 1 pos 6,10 stuck 0
RC WALK 970 id 5 role expand pos 6,10 tgt 5,6 want NORTH
RC POS 970 id 7 seat 2 role expand fs 0 body 1 pos 2,7 stuck 0
RC WALK 970 id 7 role expand pos 2,7 tgt 3,8 want EAST
RC POS 970 id 272 seat 9 role raid fs 1 body 1 pos 7,10 stuck 0
RC WALK 970 id 272 role raid pos 7,10 tgt 18,11 want SOUTH
V527I SEALNT 971 ph 1 fwd 1 hv 10
RC POS 971 id 5 seat 1 role expand fs 0 body 1 pos 6,9 stuck 0
RC WALK 971 id 5 role expand pos 6,9 tgt 5,6 want NORTH
RC POS 971 id 7 seat 2 role expand fs 0 body 1 pos 2,6 stuck 0
RC WALK 971 id 7 role expand pos 2,6 tgt 3,8 want SOUTH
RC POS 971 id 272 seat 9 role raid fs 1 body 1 pos 7,11 stuck 0
RC WALK 971 id 272 role raid pos 7,11 tgt 18,11 want SOUTH
V527I SEALNT 972 ph 1 fwd 1 hv 10
RC POS 972 id 5 seat 1 role expand fs 0 body 1 pos 6,8 stuck 0
RC WALK 972 id 5 role expand pos 6,8 tgt 5,6 want NORTH
RC POS 972 id 7 seat 2 role expand fs 0 body 1 pos 2,7 stuck 0
RC WALK 972 id 7 role expand pos 2,7 tgt 3,8 want EAST
RC POS 972 id 272 seat 9 role raid fs 1 body 1 pos 7,12 stuck 0
RC WALK 972 id 272 role raid pos 7,12 tgt 18,11 want WEST
V527I SEALNT 973 ph 1 fwd 1 hv 10
RC POS 973 id 5 seat 1 role expand fs 0 body 1 pos 6,7 stuck 0
RC WALK 973 id 5 role expand pos 6,7 tgt 5,6 want WEST
RC POS 973 id 7 seat 2 role expand fs 0 body 1 pos 2,6 stuck 0
RC WALK 973 id 7 role expand pos 2,6 tgt 3,8 want SOUTH
RC POS 973 id 272 seat 9 role raid fs 1 body 1 pos 6,12 stuck 0
RC WALK 973 id 272 role raid pos 6,12 tgt 18,11 want WEST
V527I SEALNT 974 ph 1 fwd 1 hv 10
RC POS 974 id 5 seat 1 role expand fs 0 body 1 pos 5,7 stuck 0
RC WALK 974 id 5 role expand pos 5,7 tgt 5,6 want NORTH
RC POS 974 id 7 seat 2 role expand fs 0 body 1 pos 2,7 stuck 0
RC WALK 974 id 7 role expand pos 2,7 tgt 3,8 want EAST
RC POS 974 id 272 seat 9 role raid fs 1 body 1 pos 5,12 stuck 0
RC WALK 974 id 272 role raid pos 5,12 tgt 18,11 want SOUTH
V527I SEALNT 975 ph 1 fwd 1 hv 10
RC POS 975 id 5 seat 1 role expand fs 0 body 1 pos 5,6 stuck 0
V528 PICK r 975 id 5 tgt 4,16 cs 17 bs 17 reg 0 cc 2 bc 2 cands 3 banned 0 regall 0 seat 1
RC WALK 975 id 5 role expand pos 5,6 tgt 4,16 want SOUTH
RC POS 975 id 7 seat 2 role expand fs 0 body 1 pos 2,6 stuck 0
RC WALK 975 id 7 role expand pos 2,6 tgt 3,8 want SOUTH
RC POS 975 id 272 seat 9 role raid fs 1 body 1 pos 5,13 stuck 0
RC WALK 975 id 272 role raid pos 5,13 tgt 18,11 want SOUTH
V527I SEALNT 976 ph 1 fwd 1 hv 10
RC POS 976 id 5 seat 1 role expand fs 0 body 1 pos 5,7 stuck 0
RC WALK 976 id 5 role expand pos 5,7 tgt 4,16 want SOUTH
RC POS 976 id 7 seat 2 role expand fs 0 body 1 pos 2,7 stuck 0
RC WALK 976 id 7 role expand pos 2,7 tgt 3,8 want EAST
RC POS 976 id 272 seat 9 role raid fs 1 body 1 pos 5,14 stuck 0
RC WALK 976 id 272 role raid pos 5,14 tgt 18,11 want SOUTH
V527I SEALNT 977 ph 1 fwd 1 hv 10
RC POS 977 id 5 seat 1 role expand fs 0 body 1 pos 5,8 stuck 0
RC WALK 977 id 5 role expand pos 5,8 tgt 4,16 want SOUTH
RC POS 977 id 7 seat 2 role expand fs 0 body 1 pos 2,6 stuck 0
RC WALK 977 id 7 role expand pos 2,6 tgt 3,8 want SOUTH
RC POS 977 id 272 seat 9 role raid fs 1 body 1 pos 5,15 stuck 0
RC WALK 977 id 272 role raid pos 5,15 tgt 18,11 want WEST
V527I SEALNT 978 ph 1 fwd 1 hv 10
RC POS 978 id 5 seat 1 role expand fs 0 body 1 pos 5,9 stuck 0
RC WALK 978 id 5 role expand pos 5,9 tgt 4,16 want SOUTH
RC POS 978 id 7 seat 2 role expand fs 0 body 1 pos 2,7 stuck 0
RC WALK 978 id 7 role expand pos 2,7 tgt 3,8 want EAST
RC POS 978 id 272 seat 9 role raid fs 1 body 1 pos 4,15 stuck 0
RC WALK 978 id 272 role raid pos 4,15 tgt 18,11 want WEST
V527I SEALNT 979 ph 1 fwd 1 hv 10
RC POS 979 id 5 seat 1 role expand fs 0 body 1 pos 5,10 stuck 0
RC WALK 979 id 5 role expand pos 5,10 tgt 4,16 want EAST
RC POS 979 id 7 seat 2 role expand fs 0 body 1 pos 2,6 stuck 0
RC WALK 979 id 7 role expand pos 2,6 tgt 3,8 want SOUTH
RC POS 979 id 272 seat 9 role raid fs 1 body 1 pos 3,15 stuck 0
RC WALK 979 id 272 role raid pos 3,15 tgt 18,11 want SOUTH
V527I SEALNT 980 ph 1 fwd 1 hv 10
RC POS 980 id 5 seat 1 role expand fs 0 body 1 pos 6,10 stuck 0
RC WALK 980 id 5 role expand pos 6,10 tgt 4,16 want SOUTH
RC POS 980 id 7 seat 2 role expand fs 0 body 1 pos 2,7 stuck 0
RC WALK 980 id 7 role expand pos 2,7 tgt 3,8 want EAST
RC POS 980 id 272 seat 9 role raid fs 1 body 1 pos 3,16 stuck 0
RC WALK 980 id 272 role raid pos 3,16 tgt 18,11 want SOUTH
V527I SEALNT 981 ph 1 fwd 1 hv 10
RC POS 981 id 5 seat 1 role expand fs 0 body 1 pos 6,11 stuck 0
RC WALK 981 id 5 role expand pos 6,11 tgt 4,16 want SOUTH
RC POS 981 id 7 seat 2 role expand fs 0 body 1 pos 2,6 stuck 0
RC WALK 981 id 7 role expand pos 2,6 tgt 3,8 want SOUTH
RC POS 981 id 272 seat 9 role raid fs 1 body 1 pos 3,17 stuck 0
RC WALK 981 id 272 role raid pos 3,17 tgt 18,11 want EAST
V527I SEALNT 982 ph 1 fwd 1 hv 10
RC POS 982 id 5 seat 1 role expand fs 0 body 1 pos 6,12 stuck 0
RC WALK 982 id 5 role expand pos 6,12 tgt 4,15 want WEST
RC POS 982 id 7 seat 2 role expand fs 0 body 1 pos 2,7 stuck 0
RC WALK 982 id 7 role expand pos 2,7 tgt 3,8 want EAST
RC POS 982 id 272 seat 9 role raid fs 1 body 1 pos 4,17 stuck 0
RC WALK 982 id 272 role raid pos 4,17 tgt 18,11 want EAST
V527I SEALNT 983 ph 1 fwd 1 hv 10
RC POS 983 id 5 seat 1 role expand fs 0 body 1 pos 5,12 stuck 0
RC WALK 983 id 5 role expand pos 5,12 tgt 4,15 want SOUTH
RC POS 983 id 7 seat 2 role expand fs 0 body 1 pos 2,6 stuck 0
RC WALK 983 id 7 role expand pos 2,6 tgt 3,8 want SOUTH
RC POS 983 id 272 seat 9 role raid fs 1 body 1 pos 5,17 stuck 0
RC WALK 983 id 272 role raid pos 5,17 tgt 18,11 want EAST
V527I SEALNT 984 ph 1 fwd 1 hv 10
RC POS 984 id 5 seat 1 role expand fs 0 body 1 pos 5,13 stuck 0
RC WALK 984 id 5 role expand pos 5,13 tgt 4,15 want SOUTH
RC POS 984 id 7 seat 2 role expand fs 0 body 1 pos 2,7 stuck 0
RC WALK 984 id 7 role expand pos 2,7 tgt 3,8 want EAST
RC POS 984 id 272 seat 9 role raid fs 1 body 1 pos 6,17 stuck 0
RC WALK 984 id 272 role raid pos 6,17 tgt 18,11 want EAST
V527I SEALNT 985 ph 1 fwd 1 hv 10
RC POS 985 id 5 seat 1 role expand fs 0 body 1 pos 5,14 stuck 0
RC WALK 985 id 5 role expand pos 5,14 tgt 4,15 want WEST
RC POS 985 id 7 seat 2 role expand fs 0 body 1 pos 2,6 stuck 0
RC WALK 985 id 7 role expand pos 2,6 tgt 3,8 want SOUTH
RC POS 985 id 272 seat 9 role raid fs 1 body 1 pos 7,17 stuck 0
RC WALK 985 id 272 role raid pos 7,17 tgt 18,11 want EAST
V527I SEALNT 986 ph 1 fwd 1 hv 10
RC POS 986 id 5 seat 1 role expand fs 0 body 1 pos 4,14 stuck 0
RC WALK 986 id 5 role expand pos 4,14 tgt 4,15 want SOUTH
RC POS 986 id 7 seat 2 role expand fs 0 body 1 pos 2,7 stuck 0
RC WALK 986 id 7 role expand pos 2,7 tgt 3,8 want EAST
RC POS 986 id 272 seat 9 role raid fs 1 body 1 pos 8,17 stuck 0
RC WALK 986 id 272 role raid pos 8,17 tgt 18,11 want NORTH
V527I SEALNT 987 ph 1 fwd 1 hv 10
RC POS 987 id 5 seat 1 role expand fs 0 body 1 pos 4,15 stuck 0
V528 PICK r 987 id 5 tgt 6,6 cs 14 bs 14 reg 0 cc 1 bc 1 cands 3 banned 0 regall 0 seat 1
RC WALK 987 id 5 role expand pos 4,15 tgt 6,6 want NORTH
RC POS 987 id 7 seat 2 role expand fs 0 body 1 pos 2,6 stuck 0
RC WALK 987 id 7 role expand pos 2,6 tgt 3,8 want SOUTH
RC POS 987 id 272 seat 9 role raid fs 1 body 1 pos 8,16 stuck 0
RC WALK 987 id 272 role raid pos 8,16 tgt 18,11 want EAST
V527I SEALNT 988 ph 1 fwd 1 hv 10
RC POS 988 id 5 seat 1 role expand fs 0 body 1 pos 4,14 stuck 0
RC WALK 988 id 5 role expand pos 4,14 tgt 6,6 want NORTH
RC POS 988 id 7 seat 2 role expand fs 0 body 1 pos 2,7 stuck 0
RC WALK 988 id 7 role expand pos 2,7 tgt 3,8 want EAST
RC POS 988 id 272 seat 9 role raid fs 1 body 1 pos 9,16 stuck 0
V527I SEALNT 989 ph 1 fwd 1 hv 10
RC POS 989 id 5 seat 1 role expand fs 0 body 1 pos 4,13 stuck 0
RC WALK 989 id 5 role expand pos 4,13 tgt 6,6 want NORTH
RC POS 989 id 7 seat 2 role expand fs 0 body 1 pos 2,6 stuck 0
RC WALK 989 id 7 role expand pos 2,6 tgt 3,8 want SOUTH
RC POS 989 id 272 seat 9 role raid fs 1 body 1 pos 9,16 stuck 1
V527I SEALNT 990 ph 1 fwd 1 hv 10
RC POS 990 id 5 seat 1 role expand fs 0 body 1 pos 4,12 stuck 0
RC WALK 990 id 5 role expand pos 4,12 tgt 6,6 want EAST
RC POS 990 id 7 seat 2 role expand fs 0 body 1 pos 2,7 stuck 0
RC WALK 990 id 7 role expand pos 2,7 tgt 3,8 want EAST
RC POS 990 id 272 seat 9 role raid fs 1 body 1 pos 14,14 stuck 0
RC WALK 990 id 272 role raid pos 14,14 tgt 18,11 want EAST
V527I SEALNT 991 ph 1 fwd 1 hv 10
RC POS 991 id 5 seat 1 role expand fs 0 body 1 pos 5,12 stuck 0
RC WALK 991 id 5 role expand pos 5,12 tgt 6,6 want EAST
RC POS 991 id 7 seat 2 role expand fs 0 body 1 pos 2,6 stuck 0
RC WALK 991 id 7 role expand pos 2,6 tgt 3,8 want SOUTH
RC POS 991 id 272 seat 9 role raid fs 1 body 1 pos 15,14 stuck 0
RC WALK 991 id 272 role raid pos 15,14 tgt 18,11 want EAST
V527I SEALNT 992 ph 1 fwd 1 hv 10
RC POS 992 id 5 seat 1 role expand fs 0 body 1 pos 6,12 stuck 0
RC WALK 992 id 5 role expand pos 6,12 tgt 6,6 want NORTH
RC POS 992 id 7 seat 2 role expand fs 0 body 1 pos 2,7 stuck 0
RC WALK 992 id 7 role expand pos 2,7 tgt 3,8 want EAST
RC POS 992 id 272 seat 9 role raid fs 1 body 1 pos 16,14 stuck 0
RC WALK 992 id 272 role raid pos 16,14 tgt 18,11 want NORTH
V527I SEALNT 993 ph 1 fwd 1 hv 10
RC POS 993 id 5 seat 1 role expand fs 0 body 1 pos 6,11 stuck 0
RC WALK 993 id 5 role expand pos 6,11 tgt 6,6 want NORTH
RC POS 993 id 7 seat 2 role expand fs 0 body 1 pos 2,6 stuck 0
RC WALK 993 id 7 role expand pos 2,6 tgt 3,8 want SOUTH
RC POS 993 id 272 seat 9 role raid fs 1 body 1 pos 16,13 stuck 0
RC WALK 993 id 272 role raid pos 16,13 tgt 18,11 want EAST
V527I SEALNT 994 ph 1 fwd 1 hv 10
RC POS 994 id 5 seat 1 role expand fs 0 body 1 pos 6,10 stuck 0
RC WALK 994 id 5 role expand pos 6,10 tgt 5,6 want NORTH
RC POS 994 id 7 seat 2 role expand fs 0 body 1 pos 2,7 stuck 0
RC WALK 994 id 7 role expand pos 2,7 tgt 3,8 want EAST
RC POS 994 id 272 seat 9 role raid fs 1 body 1 pos 17,13 stuck 0
RC WALK 994 id 272 role raid pos 17,13 tgt 18,11 want NORTH
V527I SEALNT 995 ph 1 fwd 1 hv 10
RC POS 995 id 5 seat 1 role expand fs 0 body 1 pos 6,9 stuck 0
RC WALK 995 id 5 role expand pos 6,9 tgt 5,6 want NORTH
RC POS 995 id 7 seat 2 role expand fs 0 body 1 pos 2,6 stuck 0
RC WALK 995 id 7 role expand pos 2,6 tgt 3,8 want SOUTH
RC POS 995 id 272 seat 9 role raid fs 1 body 1 pos 17,12 stuck 0
V527I SEALNT 996 ph 2 fwd 1 hv 10
RC POS 996 id 5 seat 1 role expand fs 0 body 1 pos 6,8 stuck 0
RC WALK 996 id 5 role expand pos 6,8 tgt 5,6 want NORTH
RC POS 996 id 7 seat 2 role expand fs 0 body 1 pos 2,7 stuck 0
RC WALK 996 id 7 role expand pos 2,7 tgt 3,8 want EAST
RC POS 996 id 272 seat 9 role raid fs 1 body 1 pos 17,12 stuck 1
V527I SEALNT 997 ph 2 fwd 1 hv 10
RC POS 997 id 5 seat 1 role expand fs 0 body 1 pos 6,7 stuck 0
RC WALK 997 id 5 role expand pos 6,7 tgt 5,6 want WEST
RC POS 997 id 7 seat 2 role expand fs 0 body 1 pos 2,6 stuck 0
RC WALK 997 id 7 role expand pos 2,6 tgt 3,8 want SOUTH
RC POS 997 id 272 seat 9 role raid fs 1 body 1 pos 17,12 stuck 2
V527I SEALNT 998 ph 2 fwd 1 hv 10
RC POS 998 id 5 seat 1 role expand fs 0 body 1 pos 5,7 stuck 0
RC WALK 998 id 5 role expand pos 5,7 tgt 5,6 want NORTH
RC POS 998 id 7 seat 2 role expand fs 0 body 1 pos 2,7 stuck 0
RC WALK 998 id 7 role expand pos 2,7 tgt 3,8 want EAST
RC POS 998 id 272 seat 9 role raid fs 1 body 1 pos 17,12 stuck 3
V527I SEALNT 999 ph 2 fwd 1 hv 10
RC POS 999 id 5 seat 1 role expand fs 0 body 1 pos 5,6 stuck 0
V528 PICK r 999 id 5 tgt 4,16 cs 17 bs 17 reg 0 cc 2 bc 2 cands 3 banned 0 regall 0 seat 1
RC WALK 999 id 5 role expand pos 5,6 tgt 4,16 want SOUTH
RC POS 999 id 7 seat 2 role expand fs 0 body 1 pos 2,6 stuck 0
RC WALK 999 id 7 role expand pos 2,6 tgt 3,8 want SOUTH
RC POS 999 id 272 seat 9 role raid fs 1 body 1 pos 17,12 stuck 4
