Update available: 2.3.6 -> 2.3.8. Run: pip install --upgrade fcode
RC MAP w 14 h 18 ours 6,12 theirs 6,4
V527I SEALNT 0 ph 0 fwd 0 hv 0
V527I SEALNT 1 ph 0 fwd 0 hv 0
RC SEAT 1 id 4 seat 0
RC POS 1 id 4 seat 0 role raid fs 1 body 1 pos 6,11 stuck 0
V527I SEALNT 2 ph 1 fwd 0 hv 0
RC POS 2 id 4 seat 0 role raid fs 1 body 1 pos 6,11 stuck 1
RC SEAT 2 id 6 seat 1
RC POS 2 id 6 seat 1 role expand fs 0 body 1 pos 7,14 stuck 0
V528 CONN r 2 id 6 at 7,15 chosen 3 best 3 regret 0 cands 11 role expand seat 1
V527I SEALNT 3 ph 1 fwd 0 hv 1
RC POS 3 id 4 seat 0 role raid fs 1 body 1 pos 6,11 stuck 2
RC POS 3 id 6 seat 1 role expand fs 0 body 1 pos 7,14 stuck 1
RC SEAT 3 id 8 seat 2
RC POS 3 id 8 seat 2 role expand fs 0 body 1 pos 6,14 stuck 0
V527I SEALNT 4 ph 1 fwd 0 hv 1
RC POS 4 id 4 seat 0 role raid fs 1 body 1 pos 6,11 stuck 3
RC POS 4 id 6 seat 1 role expand fs 0 body 1 pos 8,14 stuck 0
V528 PICK r 4 id 6 tgt 12,14 cs 28 bs 28 reg 0 cc 8 bc 8 cands 2 banned 0 regall 0 seat 1
RC WALK 4 id 6 role expand pos 8,14 tgt 12,13 want NORTH
RC POS 4 id 8 seat 2 role expand fs 0 body 1 pos 6,14 stuck 1
V528 PICK r 4 id 8 tgt 5,16 cs 12 bs 12 reg 0 cc 3 bc 3 cands 3 banned 0 regall 0 seat 2
RC WALK 4 id 8 role expand pos 6,14 tgt 6,16 want SOUTH
RC SEAT 4 id 11 seat 3
RC POS 4 id 11 seat 3 role raid fs 1 body 2 pos 5,11 stuck 0
V527I SEALNT 5 ph 1 fwd 0 hv 1
RC POS 5 id 4 seat 0 role raid fs 1 body 1 pos 6,11 stuck 4
RC POS 5 id 6 seat 1 role expand fs 0 body 1 pos 8,13 stuck 0
RC WALK 5 id 6 role expand pos 8,13 tgt 12,13 want NORTH
RC POS 5 id 8 seat 2 role expand fs 0 body 1 pos 6,15 stuck 0
RC WALK 5 id 8 role expand pos 6,15 tgt 6,16 want SOUTH
RC POS 5 id 11 seat 3 role raid fs 1 body 2 pos 5,11 stuck 1
V527I SEALNT 6 ph 1 fwd 0 hv 1
RC POS 6 id 4 seat 0 role raid fs 1 body 1 pos 6,11 stuck 5
RC POS 6 id 6 seat 1 role expand fs 0 body 1 pos 8,12 stuck 0
RC WALK 6 id 6 role expand pos 8,12 tgt 12,13 want NORTH
RC POS 6 id 8 seat 2 role expand fs 0 body 1 pos 6,16 stuck 0
V528 CONN r 6 id 8 at 5,16 chosen 3 best 3 regret 0 cands 2 role expand seat 2
RC POS 6 id 11 seat 3 role raid fs 1 body 2 pos 5,11 stuck 2
V527I SEALNT 7 ph 1 fwd 0 hv 2
RC POS 7 id 4 seat 0 role raid fs 1 body 1 pos 5,5 stuck 0
RC POS 7 id 6 seat 1 role expand fs 0 body 1 pos 8,11 stuck 0
RC WALK 7 id 6 role expand pos 8,11 tgt 12,13 want EAST
RC POS 7 id 8 seat 2 role expand fs 0 body 1 pos 6,16 stuck 1
RC POS 7 id 11 seat 3 role raid fs 1 body 2 pos 6,11 stuck 0
V527I SEALNT 8 ph 2 fwd 0 hv 2
RC POS 8 id 4 seat 0 role raid fs 1 body 1 pos 5,5 stuck 1
V527 BUNKER HOLD 8 why trapped blk gate
RC WALK 8 id 4 role raid pos 5,5 tgt 5,3 want SOUTH
RC POS 8 id 6 seat 1 role expand fs 0 body 1 pos 9,11 stuck 0
RC WALK 8 id 6 role expand pos 9,11 tgt 12,13 want EAST
RC POS 8 id 8 seat 2 role expand fs 0 body 1 pos 6,16 stuck 2
RC POS 8 id 11 seat 3 role raid fs 1 body 2 pos 5,6 stuck 0
V527I SEALNT 9 ph 2 fwd 0 hv 2
RC POS 9 id 4 seat 0 role raid fs 1 body 1 pos 5,5 stuck 3
V527 BUNKER HOLD 9 why trapped blk gate
RC WALK 9 id 4 role raid pos 5,5 tgt 6,2 want SOUTH
RC POS 9 id 6 seat 1 role expand fs 0 body 1 pos 10,11 stuck 0
RC WALK 9 id 6 role expand pos 10,11 tgt 12,13 want EAST
RC POS 9 id 8 seat 2 role expand fs 0 body 1 pos 6,15 stuck 0
RC POS 9 id 11 seat 3 role raid fs 1 body 2 pos 5,6 stuck 1
RC WALK 9 id 11 role raid pos 5,6 tgt 6,2 want WEST
RC SEAT 9 id 27 seat 4
RC POS 9 id 27 seat 4 role defend fs 0 body 1 pos 8,12 stuck 0
V527I SEALNT 10 ph 2 fwd 0 hv 2
RC POS 10 id 4 seat 0 role raid fs 1 body 1 pos 5,5 stuck 5
RC WALK 10 id 4 role raid pos 5,5 tgt 6,2 want SOUTH
RC POS 10 id 6 seat 1 role expand fs 0 body 1 pos 11,11 stuck 0
RC WALK 10 id 6 role expand pos 11,11 tgt 12,13 want SOUTH
RC POS 10 id 8 seat 2 role expand fs 0 body 1 pos 6,15 stuck 1
RC POS 10 id 11 seat 3 role raid fs 1 body 2 pos 4,6 stuck 0
RC WALK 10 id 11 role raid pos 4,6 tgt 5,3 want WEST
RC POS 10 id 27 seat 4 role defend fs 0 body 1 pos 8,12 stuck 1
V527I SEALNT 11 ph 2 fwd 0 hv 2
RC POS 11 id 4 seat 0 role raid fs 1 body 1 pos 5,6 stuck 0
RC POS 11 id 6 seat 1 role expand fs 0 body 1 pos 11,12 stuck 0
RC WALK 11 id 6 role expand pos 11,12 tgt 12,13 want EAST
RC POS 11 id 8 seat 2 role expand fs 0 body 1 pos 6,15 stuck 2
RC WALK 11 id 8 role expand pos 6,15 tgt 6,14 want NORTH
RC POS 11 id 11 seat 3 role raid fs 1 body 2 pos 3,6 stuck 0
RC WALK 11 id 11 role raid pos 3,6 tgt 5,3 want NORTH
V527I SEALNT 12 ph 2 fwd 0 hv 2
RC POS 12 id 4 seat 0 role raid fs 1 body 1 pos 5,6 stuck 1
RC WALK 12 id 4 role raid pos 5,6 tgt 5,3 want WEST
RC POS 12 id 6 seat 1 role expand fs 0 body 1 pos 12,12 stuck 0
RC WALK 12 id 6 role expand pos 12,12 tgt 12,13 want SOUTH
RC POS 12 id 11 seat 3 role raid fs 1 body 2 pos 3,5 stuck 0
RC WALK 12 id 11 role raid pos 3,5 tgt 4,3 want NORTH
V527I SEALNT 13 ph 5 fwd 0 hv 2
RC POS 13 id 4 seat 0 role raid fs 1 body 1 pos 4,6 stuck 0
RC WALK 13 id 4 role raid pos 4,6 tgt 4,3 want WEST
RC POS 13 id 6 seat 1 role expand fs 0 body 1 pos 12,13 stuck 0
V528 CONN r 13 id 6 at 12,14 chosen 12 best 1 regret 11 cands 2 role expand seat 1
RC POS 13 id 11 seat 3 role raid fs 1 body 2 pos 3,4 stuck 0
RC WALK 13 id 11 role raid pos 3,4 tgt 5,3 want EAST
V527I SEALNT 14 ph 5 fwd 0 hv 3
RC POS 14 id 4 seat 0 role raid fs 1 body 1 pos 3,6 stuck 0
RC WALK 14 id 4 role raid pos 3,6 tgt 5,3 want NORTH
RC POS 14 id 6 seat 1 role expand fs 0 body 1 pos 12,13 stuck 1
RC POS 14 id 11 seat 3 role raid fs 1 body 2 pos 4,4 stuck 0
RC WALK 14 id 11 role raid pos 4,4 tgt 5,3 want NORTH
V527I SEALNT 15 ph 5 fwd 0 hv 3
RC POS 15 id 4 seat 0 role raid fs 1 body 1 pos 3,5 stuck 0
RC WALK 15 id 4 role raid pos 3,5 tgt 5,3 want NORTH
RC POS 15 id 6 seat 1 role expand fs 0 body 1 pos 12,12 stuck 0
RC POS 15 id 11 seat 3 role raid fs 1 body 2 pos 4,3 stuck 0
RC WALK 15 id 11 role raid pos 4,3 tgt 5,3 want EAST
V527I SEALNT 16 ph 5 fwd 0 hv 3
RC POS 16 id 4 seat 0 role raid fs 1 body 1 pos 3,4 stuck 0
RC WALK 16 id 4 role raid pos 3,4 tgt 6,2 want EAST
RC POS 16 id 6 seat 1 role expand fs 0 body 1 pos 12,12 stuck 1
RC POS 16 id 11 seat 3 role raid fs 1 body 2 pos 5,3 stuck 0
V527I SEALNT 17 ph 5 fwd 0 hv 3
RC POS 17 id 4 seat 0 role raid fs 1 body 1 pos 4,4 stuck 0
RC WALK 17 id 4 role raid pos 4,4 tgt 6,2 want NORTH
RC POS 17 id 6 seat 1 role expand fs 0 body 1 pos 12,12 stuck 2
RC POS 17 id 11 seat 3 role raid fs 1 body 2 pos 5,3 stuck 1
V527I SEALNT 18 ph 5 fwd 0 hv 3
RC POS 18 id 4 seat 0 role raid fs 1 body 1 pos 4,3 stuck 0
RC WALK 18 id 4 role raid pos 4,3 tgt 5,2 want NORTH
RC POS 18 id 6 seat 1 role expand fs 0 body 1 pos 12,11 stuck 0
RC POS 18 id 11 seat 3 role raid fs 1 body 2 pos 5,3 stuck 2
RC WALK 18 id 11 role raid pos 5,3 tgt 5,2 want NORTH
V527I SEALNT 19 ph 5 fwd 0 hv 3
RC POS 19 id 4 seat 0 role raid fs 1 body 1 pos 4,2 stuck 0
RC WALK 19 id 4 role raid pos 4,2 tgt 4,3 want SOUTH
RC POS 19 id 6 seat 1 role expand fs 0 body 1 pos 12,11 stuck 1
RC POS 19 id 11 seat 3 role raid fs 1 body 2 pos 5,2 stuck 0
RC WALK 19 id 11 role raid pos 5,2 tgt 8,3 want EAST
V527I SEALNT 20 ph 5 fwd 0 hv 3
RC POS 20 id 4 seat 0 role raid fs 1 body 1 pos 4,3 stuck 0
RC WALK 20 id 4 role raid pos 4,3 tgt 5,2 want EAST
RC POS 20 id 6 seat 1 role expand fs 0 body 1 pos 12,10 stuck 0
RC POS 20 id 11 seat 3 role raid fs 1 body 2 pos 6,2 stuck 0
RC WALK 20 id 11 role raid pos 6,2 tgt 5,2 want WEST
V527I SEALNT 21 ph 5 fwd 0 hv 3
RC POS 21 id 4 seat 0 role raid fs 1 body 1 pos 5,3 stuck 0
RC WALK 21 id 4 role raid pos 5,3 tgt 4,3 want WEST
RC POS 21 id 6 seat 1 role expand fs 0 body 1 pos 12,10 stuck 1
RC POS 21 id 11 seat 3 role raid fs 1 body 2 pos 5,2 stuck 0
RC WALK 21 id 11 role raid pos 5,2 tgt 8,3 want EAST
V527I SEALNT 22 ph 5 fwd 0 hv 3
RC POS 22 id 4 seat 0 role raid fs 1 body 1 pos 4,3 stuck 0
RC WALK 22 id 4 role raid pos 4,3 tgt 5,2 want EAST
RC POS 22 id 6 seat 1 role expand fs 0 body 1 pos 11,10 stuck 0
RC POS 22 id 11 seat 3 role raid fs 1 body 2 pos 6,2 stuck 0
RC WALK 22 id 11 role raid pos 6,2 tgt 5,2 want WEST
V527I SEALNT 23 ph 5 fwd 0 hv 3
RC POS 23 id 4 seat 0 role raid fs 1 body 1 pos 5,3 stuck 0
RC WALK 23 id 4 role raid pos 5,3 tgt 4,3 want WEST
RC POS 23 id 6 seat 1 role expand fs 0 body 1 pos 11,10 stuck 1
RC POS 23 id 11 seat 3 role raid fs 1 body 2 pos 5,2 stuck 0
RC WALK 23 id 11 role raid pos 5,2 tgt 8,3 want EAST
V527I SEALNT 24 ph 5 fwd 0 hv 3
RC POS 24 id 4 seat 0 role raid fs 1 body 1 pos 4,3 stuck 0
RC WALK 24 id 4 role raid pos 4,3 tgt 5,2 want EAST
RC POS 24 id 6 seat 1 role expand fs 0 body 1 pos 10,10 stuck 0
RC POS 24 id 11 seat 3 role raid fs 1 body 2 pos 6,2 stuck 0
RC WALK 24 id 11 role raid pos 6,2 tgt 5,2 want WEST
V527I SEALNT 25 ph 5 fwd 0 hv 3
RC POS 25 id 4 seat 0 role raid fs 1 body 1 pos 5,3 stuck 0
RC WALK 25 id 4 role raid pos 5,3 tgt 4,3 want WEST
RC POS 25 id 6 seat 1 role expand fs 0 body 1 pos 10,10 stuck 1
RC WALK 25 id 6 role expand pos 10,10 tgt 6,11 want WEST
RC POS 25 id 11 seat 3 role raid fs 1 body 2 pos 5,2 stuck 0
RC WALK 25 id 11 role raid pos 5,2 tgt 8,3 want EAST
V527I SEALNT 26 ph 5 fwd 0 hv 3
RC POS 26 id 4 seat 0 role raid fs 1 body 1 pos 4,3 stuck 0
RC WALK 26 id 4 role raid pos 4,3 tgt 5,2 want EAST
RC POS 26 id 6 seat 1 role expand fs 0 body 1 pos 9,10 stuck 0
RC POS 26 id 11 seat 3 role raid fs 1 body 2 pos 6,2 stuck 0
RC WALK 26 id 11 role raid pos 6,2 tgt 5,2 want WEST
V527I SEALNT 27 ph 5 fwd 0 hv 3
RC POS 27 id 4 seat 0 role raid fs 1 body 1 pos 5,3 stuck 0
RC WALK 27 id 4 role raid pos 5,3 tgt 4,3 want WEST
RC POS 27 id 6 seat 1 role expand fs 0 body 1 pos 9,10 stuck 1
RC WALK 27 id 6 role expand pos 9,10 tgt 6,11 want WEST
RC POS 27 id 11 seat 3 role raid fs 1 body 2 pos 5,2 stuck 0
RC WALK 27 id 11 role raid pos 5,2 tgt 8,3 want EAST
V527I SEALNT 28 ph 5 fwd 0 hv 3
RC POS 28 id 4 seat 0 role raid fs 1 body 1 pos 4,3 stuck 0
RC WALK 28 id 4 role raid pos 4,3 tgt 5,2 want EAST
RC POS 28 id 6 seat 1 role expand fs 0 body 1 pos 8,10 stuck 0
RC POS 28 id 11 seat 3 role raid fs 1 body 2 pos 6,2 stuck 0
RC WALK 28 id 11 role raid pos 6,2 tgt 5,2 want WEST
V527I SEALNT 29 ph 5 fwd 0 hv 3
RC POS 29 id 4 seat 0 role raid fs 1 body 1 pos 5,3 stuck 0
RC WALK 29 id 4 role raid pos 5,3 tgt 4,3 want WEST
RC POS 29 id 6 seat 1 role expand fs 0 body 1 pos 8,10 stuck 1
RC WALK 29 id 6 role expand pos 8,10 tgt 6,11 want WEST
RC POS 29 id 11 seat 3 role raid fs 1 body 2 pos 5,2 stuck 0
RC WALK 29 id 11 role raid pos 5,2 tgt 8,3 want EAST
V527I SEALNT 30 ph 5 fwd 0 hv 3
RC POS 30 id 4 seat 0 role raid fs 1 body 1 pos 4,3 stuck 0
RC WALK 30 id 4 role raid pos 4,3 tgt 5,2 want EAST
RC POS 30 id 6 seat 1 role expand fs 0 body 1 pos 7,10 stuck 0
RC POS 30 id 11 seat 3 role raid fs 1 body 2 pos 6,2 stuck 0
RC WALK 30 id 11 role raid pos 6,2 tgt 5,2 want WEST
V527I SEALNT 31 ph 5 fwd 0 hv 3
RC POS 31 id 4 seat 0 role raid fs 1 body 1 pos 5,3 stuck 0
RC WALK 31 id 4 role raid pos 5,3 tgt 4,3 want WEST
RC POS 31 id 6 seat 1 role expand fs 0 body 1 pos 7,10 stuck 1
RC WALK 31 id 6 role expand pos 7,10 tgt 7,11 want SOUTH
RC POS 31 id 11 seat 3 role raid fs 1 body 2 pos 5,2 stuck 0
RC WALK 31 id 11 role raid pos 5,2 tgt 8,3 want EAST
V527I SEALNT 32 ph 5 fwd 0 hv 3
RC POS 32 id 4 seat 0 role raid fs 1 body 1 pos 4,3 stuck 0
RC WALK 32 id 4 role raid pos 4,3 tgt 5,2 want EAST
RC POS 32 id 11 seat 3 role raid fs 1 body 2 pos 6,2 stuck 0
RC WALK 32 id 11 role raid pos 6,2 tgt 5,2 want WEST
V527I SEALNT 33 ph 5 fwd 0 hv 3
RC POS 33 id 4 seat 0 role raid fs 1 body 1 pos 5,3 stuck 0
RC WALK 33 id 4 role raid pos 5,3 tgt 4,3 want WEST
RC POS 33 id 11 seat 3 role raid fs 1 body 2 pos 5,2 stuck 0
RC WALK 33 id 11 role raid pos 5,2 tgt 8,3 want EAST
V527I SEALNT 34 ph 5 fwd 0 hv 3
RC POS 34 id 4 seat 0 role raid fs 1 body 1 pos 4,3 stuck 0
RC POS 34 id 11 seat 3 role raid fs 1 body 2 pos 6,2 stuck 0
RC WALK 34 id 11 role raid pos 6,2 tgt 5,2 want WEST
V527I SEALNT 35 ph 5 fwd 0 hv 3
RC POS 35 id 4 seat 0 role raid fs 1 body 1 pos 4,3 stuck 1
RC POS 35 id 11 seat 3 role raid fs 1 body 2 pos 5,2 stuck 0
V527I SEALNT 36 ph 5 fwd 0 hv 3
RC POS 36 id 4 seat 0 role raid fs 1 body 1 pos 4,3 stuck 2
RC POS 36 id 11 seat 3 role raid fs 1 body 2 pos 5,2 stuck 1
V527I SEALNT 37 ph 5 fwd 0 hv 3
RC POS 37 id 4 seat 0 role raid fs 1 body 1 pos 4,3 stuck 3
RC POS 37 id 11 seat 3 role raid fs 1 body 2 pos 5,2 stuck 2
V527I SEALNT 38 ph 5 fwd 0 hv 3
RC POS 38 id 4 seat 0 role raid fs 1 body 1 pos 4,3 stuck 4
RC POS 38 id 11 seat 3 role raid fs 1 body 2 pos 5,2 stuck 3
V527I SEALNT 39 ph 5 fwd 0 hv 3
RC POS 39 id 4 seat 0 role raid fs 1 body 1 pos 4,3 stuck 5
RC POS 39 id 11 seat 3 role raid fs 1 body 2 pos 5,2 stuck 4
V527I SEALNT 40 ph 5 fwd 0 hv 3
RC POS 40 id 4 seat 0 role raid fs 1 body 1 pos 4,3 stuck 6
RC POS 40 id 11 seat 3 role raid fs 1 body 2 pos 5,2 stuck 5
V527I SEALNT 41 ph 5 fwd 0 hv 3
RC POS 41 id 4 seat 0 role raid fs 1 body 1 pos 4,3 stuck 7
RC POS 41 id 11 seat 3 role raid fs 1 body 2 pos 5,2 stuck 6
V527I SEALNT 42 ph 5 fwd 0 hv 3
RC POS 42 id 4 seat 0 role raid fs 1 body 1 pos 4,3 stuck 8
RC POS 42 id 11 seat 3 role raid fs 1 body 2 pos 5,2 stuck 7
V527I SEALNT 43 ph 5 fwd 0 hv 3
RC POS 43 id 4 seat 0 role raid fs 1 body 1 pos 4,3 stuck 9
RC POS 43 id 11 seat 3 role raid fs 1 body 2 pos 5,2 stuck 8
V527I SEALNT 44 ph 5 fwd 0 hv 3
RC POS 44 id 4 seat 0 role raid fs 1 body 1 pos 4,3 stuck 10
RC POS 44 id 11 seat 3 role raid fs 1 body 2 pos 5,2 stuck 9
V527I SEALNT 45 ph 5 fwd 0 hv 3
RC POS 45 id 4 seat 0 role raid fs 1 body 1 pos 4,3 stuck 11
RC POS 45 id 11 seat 3 role raid fs 1 body 2 pos 5,2 stuck 10
V527I SEALNT 46 ph 5 fwd 0 hv 3
RC POS 46 id 4 seat 0 role raid fs 1 body 1 pos 4,3 stuck 12
RC POS 46 id 11 seat 3 role raid fs 1 body 2 pos 5,2 stuck 11
V527I SEALNT 47 ph 5 fwd 0 hv 3
RC POS 47 id 4 seat 0 role raid fs 1 body 1 pos 4,3 stuck 13
RC POS 47 id 11 seat 3 role raid fs 1 body 2 pos 5,2 stuck 12
V527I SEALNT 48 ph 5 fwd 0 hv 3
RC POS 48 id 4 seat 0 role raid fs 1 body 1 pos 4,3 stuck 14
RC POS 48 id 8 seat 2 role expand fs 0 body 1 pos 6,14 stuck 36
V528 PICK r 48 id 8 tgt 3,7 cs 31 bs 31 reg 0 cc 7 bc 7 cands 2 banned 0 regall 0 seat 2
RC WALK 48 id 8 role expand pos 6,14 tgt 3,7 want WEST
RC POS 48 id 11 seat 3 role raid fs 1 body 2 pos 5,2 stuck 13
V527I SEALNT 49 ph 5 fwd 0 hv 3
RC POS 49 id 4 seat 0 role raid fs 1 body 1 pos 4,3 stuck 15
RC POS 49 id 8 seat 2 role expand fs 0 body 1 pos 5,14 stuck 0
RC WALK 49 id 8 role expand pos 5,14 tgt 6,14 want EAST
RC POS 49 id 11 seat 3 role raid fs 1 body 2 pos 5,2 stuck 14
V527I SEALNT 50 ph 5 fwd 0 hv 3
RC POS 50 id 4 seat 0 role raid fs 1 body 1 pos 4,3 stuck 16
RC POS 50 id 11 seat 3 role raid fs 1 body 2 pos 5,2 stuck 15
V527I SEALNT 51 ph 5 fwd 0 hv 3
RC POS 51 id 4 seat 0 role raid fs 1 body 1 pos 4,3 stuck 17
RC POS 51 id 11 seat 3 role raid fs 1 body 2 pos 5,2 stuck 16
V527I SEALNT 52 ph 5 fwd 0 hv 3
RC POS 52 id 4 seat 0 role raid fs 1 body 1 pos 4,3 stuck 18
RC POS 52 id 8 seat 2 role expand fs 0 body 1 pos 6,14 stuck 2
V528 PICK r 52 id 8 tgt 3,7 cs 31 bs 31 reg 0 cc 7 bc 7 cands 2 banned 0 regall 0 seat 2
RC WALK 52 id 8 role expand pos 6,14 tgt 3,7 want WEST
RC POS 52 id 11 seat 3 role raid fs 1 body 2 pos 5,2 stuck 17
V527I SEALNT 53 ph 5 fwd 0 hv 3
RC POS 53 id 4 seat 0 role raid fs 1 body 1 pos 4,3 stuck 19
RC POS 53 id 8 seat 2 role expand fs 0 body 1 pos 5,14 stuck 0
RC WALK 53 id 8 role expand pos 5,14 tgt 6,14 want EAST
RC POS 53 id 11 seat 3 role raid fs 1 body 2 pos 5,2 stuck 18
V527I SEALNT 54 ph 5 fwd 0 hv 3
RC POS 54 id 4 seat 0 role raid fs 1 body 1 pos 4,3 stuck 20
RC POS 54 id 11 seat 3 role raid fs 1 body 2 pos 5,2 stuck 19
V527I SEALNT 55 ph 5 fwd 0 hv 3
RC POS 55 id 4 seat 0 role raid fs 1 body 1 pos 4,3 stuck 21
RC POS 55 id 11 seat 3 role raid fs 1 body 2 pos 5,2 stuck 20
V527I SEALNT 56 ph 5 fwd 0 hv 3
RC POS 56 id 4 seat 0 role raid fs 1 body 1 pos 4,3 stuck 22
RC POS 56 id 8 seat 2 role expand fs 0 body 1 pos 6,14 stuck 2
V528 PICK r 56 id 8 tgt 3,7 cs 31 bs 31 reg 0 cc 7 bc 7 cands 2 banned 0 regall 0 seat 2
RC WALK 56 id 8 role expand pos 6,14 tgt 3,7 want WEST
RC POS 56 id 11 seat 3 role raid fs 1 body 2 pos 5,2 stuck 21
V527I SEALNT 57 ph 5 fwd 0 hv 3
RC POS 57 id 4 seat 0 role raid fs 1 body 1 pos 4,3 stuck 23
RC POS 57 id 8 seat 2 role expand fs 0 body 1 pos 5,14 stuck 0
RC WALK 57 id 8 role expand pos 5,14 tgt 6,14 want EAST
RC POS 57 id 11 seat 3 role raid fs 1 body 2 pos 5,2 stuck 22
V527I SEALNT 58 ph 5 fwd 0 hv 3
RC POS 58 id 4 seat 0 role raid fs 1 body 1 pos 4,3 stuck 24
RC POS 58 id 11 seat 3 role raid fs 1 body 2 pos 5,2 stuck 23
V527I SEALNT 59 ph 5 fwd 0 hv 3
RC POS 59 id 4 seat 0 role raid fs 1 body 1 pos 4,3 stuck 25
RC POS 59 id 11 seat 3 role raid fs 1 body 2 pos 5,2 stuck 24
V527I SEALNT 60 ph 5 fwd 0 hv 3
RC POS 60 id 4 seat 0 role raid fs 1 body 1 pos 4,3 stuck 26
RC POS 60 id 8 seat 2 role expand fs 0 body 1 pos 6,14 stuck 2
V528 PICK r 60 id 8 tgt 3,7 cs 31 bs 31 reg 0 cc 7 bc 7 cands 2 banned 0 regall 0 seat 2
RC WALK 60 id 8 role expand pos 6,14 tgt 3,7 want WEST
RC POS 60 id 11 seat 3 role raid fs 1 body 2 pos 5,2 stuck 25
V527I SEALNT 61 ph 5 fwd 0 hv 3
RC POS 61 id 4 seat 0 role raid fs 1 body 1 pos 4,3 stuck 27
RC POS 61 id 8 seat 2 role expand fs 0 body 1 pos 5,14 stuck 0
RC WALK 61 id 8 role expand pos 5,14 tgt 6,14 want EAST
RC POS 61 id 11 seat 3 role raid fs 1 body 2 pos 5,2 stuck 26
V527I SEALNT 62 ph 5 fwd 0 hv 3
RC POS 62 id 4 seat 0 role raid fs 1 body 1 pos 4,3 stuck 28
RC POS 62 id 11 seat 3 role raid fs 1 body 2 pos 5,2 stuck 27
V527I SEALNT 63 ph 5 fwd 0 hv 3
RC POS 63 id 4 seat 0 role raid fs 1 body 1 pos 4,3 stuck 29
RC POS 63 id 11 seat 3 role raid fs 1 body 2 pos 5,2 stuck 28
V527I SEALNT 64 ph 5 fwd 0 hv 3
RC POS 64 id 4 seat 0 role raid fs 1 body 1 pos 4,3 stuck 30
RC POS 64 id 8 seat 2 role expand fs 0 body 1 pos 6,14 stuck 2
V528 PICK r 64 id 8 tgt 3,7 cs 31 bs 31 reg 0 cc 7 bc 7 cands 2 banned 0 regall 0 seat 2
RC WALK 64 id 8 role expand pos 6,14 tgt 3,7 want WEST
RC POS 64 id 11 seat 3 role raid fs 1 body 2 pos 5,2 stuck 29
V527I SEALNT 65 ph 5 fwd 0 hv 3
RC POS 65 id 4 seat 0 role raid fs 1 body 1 pos 4,3 stuck 31
RC POS 65 id 8 seat 2 role expand fs 0 body 1 pos 5,14 stuck 0
RC WALK 65 id 8 role expand pos 5,14 tgt 6,14 want EAST
RC POS 65 id 11 seat 3 role raid fs 1 body 2 pos 5,2 stuck 30
V527I SEALNT 66 ph 5 fwd 0 hv 3
RC POS 66 id 4 seat 0 role raid fs 1 body 1 pos 4,3 stuck 32
RC POS 66 id 11 seat 3 role raid fs 1 body 2 pos 5,2 stuck 31
V527I SEALNT 67 ph 5 fwd 0 hv 3
RC POS 67 id 4 seat 0 role raid fs 1 body 1 pos 4,3 stuck 33
RC POS 67 id 11 seat 3 role raid fs 1 body 2 pos 5,2 stuck 32
V527I SEALNT 68 ph 5 fwd 0 hv 3
RC POS 68 id 4 seat 0 role raid fs 1 body 1 pos 4,3 stuck 34
RC POS 68 id 8 seat 2 role expand fs 0 body 1 pos 6,14 stuck 2
V528 PICK r 68 id 8 tgt 3,7 cs 31 bs 31 reg 0 cc 7 bc 7 cands 2 banned 0 regall 0 seat 2
RC WALK 68 id 8 role expand pos 6,14 tgt 3,7 want WEST
RC POS 68 id 11 seat 3 role raid fs 1 body 2 pos 5,2 stuck 33
V527I SEALNT 69 ph 5 fwd 0 hv 3
RC POS 69 id 4 seat 0 role raid fs 1 body 1 pos 4,3 stuck 35
RC POS 69 id 8 seat 2 role expand fs 0 body 1 pos 5,14 stuck 0
RC WALK 69 id 8 role expand pos 5,14 tgt 6,14 want EAST
RC POS 69 id 11 seat 3 role raid fs 1 body 2 pos 5,2 stuck 34
V527I SEALNT 70 ph 5 fwd 0 hv 3
RC POS 70 id 4 seat 0 role raid fs 1 body 1 pos 4,3 stuck 36
RC POS 70 id 11 seat 3 role raid fs 1 body 2 pos 5,2 stuck 35
V527I SEALNT 71 ph 5 fwd 0 hv 3
RC POS 71 id 4 seat 0 role raid fs 1 body 1 pos 4,3 stuck 37
RC POS 71 id 11 seat 3 role raid fs 1 body 2 pos 5,2 stuck 36
V527I SEALNT 72 ph 5 fwd 0 hv 3
RC POS 72 id 4 seat 0 role raid fs 1 body 1 pos 4,3 stuck 38
RC POS 72 id 8 seat 2 role expand fs 0 body 1 pos 6,14 stuck 2
V528 PICK r 72 id 8 tgt 3,7 cs 31 bs 31 reg 0 cc 7 bc 7 cands 2 banned 0 regall 0 seat 2
RC WALK 72 id 8 role expand pos 6,14 tgt 3,7 want WEST
RC POS 72 id 11 seat 3 role raid fs 1 body 2 pos 5,2 stuck 37
V527I SEALNT 73 ph 5 fwd 0 hv 3
RC POS 73 id 4 seat 0 role raid fs 1 body 1 pos 4,3 stuck 39
RC POS 73 id 8 seat 2 role expand fs 0 body 1 pos 5,14 stuck 0
RC WALK 73 id 8 role expand pos 5,14 tgt 6,14 want EAST
RC POS 73 id 11 seat 3 role raid fs 1 body 2 pos 5,2 stuck 38
V527I SEALNT 74 ph 5 fwd 0 hv 3
RC POS 74 id 4 seat 0 role raid fs 1 body 1 pos 4,3 stuck 40
RC POS 74 id 11 seat 3 role raid fs 1 body 2 pos 5,2 stuck 39
V527I SEALNT 75 ph 5 fwd 0 hv 3
RC POS 75 id 4 seat 0 role raid fs 1 body 1 pos 4,3 stuck 41
RC POS 75 id 11 seat 3 role raid fs 1 body 2 pos 5,2 stuck 40
V527I SEALNT 76 ph 5 fwd 0 hv 3
RC POS 76 id 4 seat 0 role raid fs 1 body 1 pos 4,3 stuck 42
RC POS 76 id 8 seat 2 role expand fs 0 body 1 pos 6,14 stuck 2
V528 PICK r 76 id 8 tgt 3,7 cs 31 bs 31 reg 0 cc 7 bc 7 cands 2 banned 0 regall 0 seat 2
RC WALK 76 id 8 role expand pos 6,14 tgt 3,7 want WEST
RC POS 76 id 11 seat 3 role raid fs 1 body 2 pos 5,2 stuck 41
V527I SEALNT 77 ph 5 fwd 0 hv 3
RC POS 77 id 4 seat 0 role raid fs 1 body 1 pos 4,3 stuck 43
RC POS 77 id 8 seat 2 role expand fs 0 body 1 pos 5,14 stuck 0
RC WALK 77 id 8 role expand pos 5,14 tgt 6,14 want EAST
RC POS 77 id 11 seat 3 role raid fs 1 body 2 pos 5,2 stuck 42
V527I SEALNT 78 ph 5 fwd 0 hv 3
RC POS 78 id 4 seat 0 role raid fs 1 body 1 pos 4,3 stuck 44
RC POS 78 id 11 seat 3 role raid fs 1 body 2 pos 5,2 stuck 43
V527I SEALNT 79 ph 5 fwd 0 hv 3
RC POS 79 id 4 seat 0 role raid fs 1 body 1 pos 4,3 stuck 45
RC POS 79 id 11 seat 3 role raid fs 1 body 2 pos 5,2 stuck 44
RC WALK 79 id 11 role raid pos 5,2 tgt 8,3 want EAST
V527I SEALNT 80 ph 5 fwd 0 hv 3
RC POS 80 id 4 seat 0 role raid fs 1 body 1 pos 4,3 stuck 46
RC WALK 80 id 4 role raid pos 4,3 tgt 8,3 want NORTH
RC POS 80 id 8 seat 2 role expand fs 0 body 1 pos 6,14 stuck 2
V528 PICK r 80 id 8 tgt 3,7 cs 31 bs 31 reg 0 cc 7 bc 7 cands 2 banned 0 regall 0 seat 2
RC WALK 80 id 8 role expand pos 6,14 tgt 3,7 want WEST
RC POS 80 id 11 seat 3 role raid fs 1 body 2 pos 6,2 stuck 0
RC WALK 80 id 11 role raid pos 6,2 tgt 8,3 want NORTH
V527I SEALNT 81 ph 5 fwd 0 hv 3
RC POS 81 id 4 seat 0 role raid fs 1 body 1 pos 4,2 stuck 0
RC WALK 81 id 4 role raid pos 4,2 tgt 8,3 want NORTH
RC POS 81 id 8 seat 2 role expand fs 0 body 1 pos 5,14 stuck 0
RC WALK 81 id 8 role expand pos 5,14 tgt 6,14 want EAST
RC POS 81 id 11 seat 3 role raid fs 1 body 2 pos 6,1 stuck 0
RC WALK 81 id 11 role raid pos 6,1 tgt 8,3 want EAST
V527I SEALNT 82 ph 5 fwd 0 hv 3
RC POS 82 id 4 seat 0 role raid fs 1 body 1 pos 4,1 stuck 0
RC WALK 82 id 4 role raid pos 4,1 tgt 5,6 want SOUTH
RC POS 82 id 11 seat 3 role raid fs 1 body 2 pos 7,1 stuck 0
RC WALK 82 id 11 role raid pos 7,1 tgt 8,3 want EAST
V527I SEALNT 83 ph 5 fwd 0 hv 3
RC POS 83 id 4 seat 0 role raid fs 1 body 1 pos 4,2 stuck 0
RC WALK 83 id 4 role raid pos 4,2 tgt 8,3 want SOUTH
RC POS 83 id 11 seat 3 role raid fs 1 body 2 pos 8,1 stuck 0
V527I SEALNT 84 ph 5 fwd 0 hv 3
RC POS 84 id 4 seat 0 role raid fs 1 body 1 pos 4,3 stuck 0
RC WALK 84 id 4 role raid pos 4,3 tgt 8,3 want SOUTH
RC POS 84 id 8 seat 2 role expand fs 0 body 1 pos 6,14 stuck 2
V528 PICK r 84 id 8 tgt 3,7 cs 31 bs 31 reg 0 cc 7 bc 7 cands 2 banned 0 regall 0 seat 2
RC WALK 84 id 8 role expand pos 6,14 tgt 3,7 want WEST
RC POS 84 id 11 seat 3 role raid fs 1 body 2 pos 8,1 stuck 1
RC WALK 84 id 11 role raid pos 8,1 tgt 8,3 want WEST
V527I SEALNT 85 ph 5 fwd 0 hv 3
RC POS 85 id 4 seat 0 role raid fs 1 body 1 pos 4,4 stuck 0
RC WALK 85 id 4 role raid pos 4,4 tgt 8,4 want WEST
RC POS 85 id 8 seat 2 role expand fs 0 body 1 pos 5,14 stuck 0
RC WALK 85 id 8 role expand pos 5,14 tgt 6,14 want EAST
RC POS 85 id 11 seat 3 role raid fs 1 body 2 pos 7,1 stuck 0
RC WALK 85 id 11 role raid pos 7,1 tgt 8,3 want WEST
V527I SEALNT 86 ph 5 fwd 0 hv 3
RC POS 86 id 4 seat 0 role raid fs 1 body 1 pos 3,4 stuck 0
RC WALK 86 id 4 role raid pos 3,4 tgt 8,4 want EAST
RC POS 86 id 11 seat 3 role raid fs 1 body 2 pos 6,1 stuck 0
RC WALK 86 id 11 role raid pos 6,1 tgt 8,3 want SOUTH
V527I SEALNT 87 ph 5 fwd 0 hv 3
RC POS 87 id 4 seat 0 role raid fs 1 body 1 pos 4,4 stuck 0
RC WALK 87 id 4 role raid pos 4,4 tgt 8,4 want WEST
RC POS 87 id 11 seat 3 role raid fs 1 body 2 pos 6,2 stuck 0
RC WALK 87 id 11 role raid pos 6,2 tgt 8,3 want WEST
V527I SEALNT 88 ph 5 fwd 0 hv 3
RC POS 88 id 4 seat 0 role raid fs 1 body 1 pos 3,4 stuck 0
RC WALK 88 id 4 role raid pos 3,4 tgt 8,4 want EAST
RC POS 88 id 8 seat 2 role expand fs 0 body 1 pos 6,14 stuck 2
V528 PICK r 88 id 8 tgt 3,7 cs 31 bs 31 reg 0 cc 7 bc 7 cands 2 banned 0 regall 0 seat 2
RC WALK 88 id 8 role expand pos 6,14 tgt 3,7 want WEST
RC POS 88 id 11 seat 3 role raid fs 1 body 2 pos 5,2 stuck 0
RC WALK 88 id 11 role raid pos 5,2 tgt 8,3 want WEST
V527I SEALNT 89 ph 5 fwd 0 hv 3
RC POS 89 id 4 seat 0 role raid fs 1 body 1 pos 4,4 stuck 0
RC WALK 89 id 4 role raid pos 4,4 tgt 8,4 want WEST
RC POS 89 id 8 seat 2 role expand fs 0 body 1 pos 5,14 stuck 0
RC WALK 89 id 8 role expand pos 5,14 tgt 6,14 want EAST
RC POS 89 id 11 seat 3 role raid fs 1 body 2 pos 4,2 stuck 0
RC WALK 89 id 11 role raid pos 4,2 tgt 8,3 want SOUTH
V527I SEALNT 90 ph 5 fwd 0 hv 3
RC POS 90 id 4 seat 0 role raid fs 1 body 1 pos 3,4 stuck 0
RC WALK 90 id 4 role raid pos 3,4 tgt 8,4 want NORTH
RC POS 90 id 11 seat 3 role raid fs 1 body 2 pos 4,3 stuck 0
RC WALK 90 id 11 role raid pos 4,3 tgt 8,3 want SOUTH
V527I SEALNT 91 ph 5 fwd 0 hv 3
RC POS 91 id 4 seat 0 role raid fs 1 body 1 pos 3,3 stuck 0
RC WALK 91 id 4 role raid pos 3,3 tgt 8,3 want EAST
RC POS 91 id 11 seat 3 role raid fs 1 body 2 pos 4,4 stuck 0
RC WALK 91 id 11 role raid pos 4,4 tgt 8,4 want WEST
V527I SEALNT 92 ph 5 fwd 0 hv 3
RC POS 92 id 4 seat 0 role raid fs 1 body 1 pos 4,3 stuck 0
RC WALK 92 id 4 role raid pos 4,3 tgt 8,3 want WEST
RC POS 92 id 8 seat 2 role expand fs 0 body 1 pos 6,14 stuck 2
V528 PICK r 92 id 8 tgt 3,7 cs 31 bs 31 reg 0 cc 7 bc 7 cands 2 banned 0 regall 0 seat 2
RC WALK 92 id 8 role expand pos 6,14 tgt 3,7 want WEST
RC POS 92 id 11 seat 3 role raid fs 1 body 2 pos 3,4 stuck 0
RC WALK 92 id 11 role raid pos 3,4 tgt 8,4 want EAST
V527I SEALNT 93 ph 5 fwd 0 hv 3
RC POS 93 id 4 seat 0 role raid fs 1 body 1 pos 3,3 stuck 0
RC WALK 93 id 4 role raid pos 3,3 tgt 8,3 want EAST
RC POS 93 id 8 seat 2 role expand fs 0 body 1 pos 5,14 stuck 0
RC WALK 93 id 8 role expand pos 5,14 tgt 6,14 want EAST
RC POS 93 id 11 seat 3 role raid fs 1 body 2 pos 4,4 stuck 0
RC WALK 93 id 11 role raid pos 4,4 tgt 8,4 want WEST
V527I SEALNT 94 ph 5 fwd 0 hv 3
RC POS 94 id 4 seat 0 role raid fs 1 body 1 pos 4,3 stuck 0
RC WALK 94 id 4 role raid pos 4,3 tgt 8,3 want WEST
RC POS 94 id 11 seat 3 role raid fs 1 body 2 pos 3,4 stuck 0
RC WALK 94 id 11 role raid pos 3,4 tgt 8,4 want EAST
V527I SEALNT 95 ph 5 fwd 0 hv 3
RC POS 95 id 4 seat 0 role raid fs 1 body 1 pos 3,3 stuck 0
RC WALK 95 id 4 role raid pos 3,3 tgt 8,3 want EAST
RC POS 95 id 11 seat 3 role raid fs 1 body 2 pos 4,4 stuck 0
RC WALK 95 id 11 role raid pos 4,4 tgt 8,4 want WEST
V527I SEALNT 96 ph 5 fwd 0 hv 3
RC POS 96 id 4 seat 0 role raid fs 1 body 1 pos 4,3 stuck 0
RC WALK 96 id 4 role raid pos 4,3 tgt 8,3 want WEST
RC POS 96 id 8 seat 2 role expand fs 0 body 1 pos 6,14 stuck 2
V528 PICK r 96 id 8 tgt 3,7 cs 31 bs 31 reg 0 cc 7 bc 7 cands 2 banned 0 regall 0 seat 2
RC WALK 96 id 8 role expand pos 6,14 tgt 3,7 want WEST
RC POS 96 id 11 seat 3 role raid fs 1 body 2 pos 3,4 stuck 0
RC WALK 96 id 11 role raid pos 3,4 tgt 8,4 want EAST
V527I SEALNT 97 ph 5 fwd 0 hv 3
RC POS 97 id 4 seat 0 role raid fs 1 body 1 pos 3,3 stuck 0
RC WALK 97 id 4 role raid pos 3,3 tgt 8,3 want EAST
RC POS 97 id 8 seat 2 role expand fs 0 body 1 pos 5,14 stuck 0
RC WALK 97 id 8 role expand pos 5,14 tgt 6,14 want EAST
RC POS 97 id 11 seat 3 role raid fs 1 body 2 pos 4,4 stuck 0
RC WALK 97 id 11 role raid pos 4,4 tgt 8,4 want WEST
V527I SEALNT 98 ph 5 fwd 0 hv 3
RC POS 98 id 4 seat 0 role raid fs 1 body 1 pos 4,3 stuck 0
RC WALK 98 id 4 role raid pos 4,3 tgt 8,3 want WEST
RC POS 98 id 11 seat 3 role raid fs 1 body 2 pos 3,4 stuck 0
RC WALK 98 id 11 role raid pos 3,4 tgt 8,4 want EAST
V527I SEALNT 99 ph 5 fwd 0 hv 3
RC POS 99 id 4 seat 0 role raid fs 1 body 1 pos 3,3 stuck 0
RC WALK 99 id 4 role raid pos 3,3 tgt 8,3 want EAST
RC POS 99 id 11 seat 3 role raid fs 1 body 2 pos 4,4 stuck 0
RC WALK 99 id 11 role raid pos 4,4 tgt 8,4 want WEST
V527I SEALNT 100 ph 5 fwd 0 hv 3
RC POS 100 id 4 seat 0 role raid fs 1 body 1 pos 4,3 stuck 0
RC WALK 100 id 4 role raid pos 4,3 tgt 8,3 want WEST
RC POS 100 id 8 seat 2 role expand fs 0 body 1 pos 6,14 stuck 2
V528 PICK r 100 id 8 tgt 3,7 cs 31 bs 31 reg 0 cc 7 bc 7 cands 2 banned 0 regall 0 seat 2
RC WALK 100 id 8 role expand pos 6,14 tgt 3,7 want WEST
RC POS 100 id 11 seat 3 role raid fs 1 body 2 pos 3,4 stuck 0
RC WALK 100 id 11 role raid pos 3,4 tgt 8,4 want EAST
V527I SEALNT 101 ph 5 fwd 0 hv 3
RC POS 101 id 4 seat 0 role raid fs 1 body 1 pos 3,3 stuck 0
RC WALK 101 id 4 role raid pos 3,3 tgt 8,3 want EAST
RC POS 101 id 8 seat 2 role expand fs 0 body 1 pos 5,14 stuck 0
RC WALK 101 id 8 role expand pos 5,14 tgt 6,14 want EAST
RC POS 101 id 11 seat 3 role raid fs 1 body 2 pos 4,4 stuck 0
RC WALK 101 id 11 role raid pos 4,4 tgt 8,4 want WEST
V527I SEALNT 102 ph 5 fwd 0 hv 3
RC POS 102 id 4 seat 0 role raid fs 1 body 1 pos 4,3 stuck 0
RC WALK 102 id 4 role raid pos 4,3 tgt 8,3 want WEST
RC POS 102 id 11 seat 3 role raid fs 1 body 2 pos 3,4 stuck 0
RC WALK 102 id 11 role raid pos 3,4 tgt 8,4 want EAST
V527I SEALNT 103 ph 5 fwd 0 hv 3
RC POS 103 id 4 seat 0 role raid fs 1 body 1 pos 3,3 stuck 0
RC WALK 103 id 4 role raid pos 3,3 tgt 8,3 want EAST
RC POS 103 id 11 seat 3 role raid fs 1 body 2 pos 4,4 stuck 0
V527 BUNKER HOLD 103 why trapped blk gate
RC WALK 103 id 11 role raid pos 4,4 tgt 8,4 want WEST
V527I SEALNT 104 ph 5 fwd 0 hv 3
RC POS 104 id 4 seat 0 role raid fs 1 body 1 pos 4,3 stuck 0
RC WALK 104 id 4 role raid pos 4,3 tgt 8,3 want WEST
RC POS 104 id 8 seat 2 role expand fs 0 body 1 pos 6,14 stuck 2
V528 PICK r 104 id 8 tgt 3,7 cs 31 bs 31 reg 0 cc 7 bc 7 cands 2 banned 0 regall 0 seat 2
RC WALK 104 id 8 role expand pos 6,14 tgt 3,7 want WEST
RC POS 104 id 11 seat 3 role raid fs 1 body 2 pos 4,4 stuck 2
RC WALK 104 id 11 role raid pos 4,4 tgt 8,4 want NORTH
V527I SEALNT 105 ph 5 fwd 0 hv 3
RC POS 105 id 4 seat 0 role raid fs 1 body 1 pos 3,3 stuck 0
RC WALK 105 id 4 role raid pos 3,3 tgt 8,3 want NORTH
RC POS 105 id 8 seat 2 role expand fs 0 body 1 pos 5,14 stuck 0
RC WALK 105 id 8 role expand pos 5,14 tgt 6,14 want EAST
RC POS 105 id 11 seat 3 role raid fs 1 body 2 pos 4,3 stuck 0
RC WALK 105 id 11 role raid pos 4,3 tgt 8,3 want WEST
V527I SEALNT 106 ph 5 fwd 0 hv 3
RC POS 106 id 4 seat 0 role raid fs 1 body 1 pos 3,2 stuck 0
RC WALK 106 id 4 role raid pos 3,2 tgt 5,6 want WEST
RC POS 106 id 11 seat 3 role raid fs 1 body 2 pos 3,3 stuck 0
RC WALK 106 id 11 role raid pos 3,3 tgt 8,3 want EAST
V527I SEALNT 107 ph 5 fwd 0 hv 3
RC POS 107 id 4 seat 0 role raid fs 1 body 1 pos 2,2 stuck 0
RC WALK 107 id 4 role raid pos 2,2 tgt 7,2 want EAST
RC POS 107 id 11 seat 3 role raid fs 1 body 2 pos 4,3 stuck 0
RC WALK 107 id 11 role raid pos 4,3 tgt 8,3 want SOUTH
V527I SEALNT 108 ph 5 fwd 0 hv 3
RC POS 108 id 4 seat 0 role raid fs 1 body 1 pos 3,2 stuck 0
RC WALK 108 id 4 role raid pos 3,2 tgt 5,6 want SOUTH
RC POS 108 id 8 seat 2 role expand fs 0 body 1 pos 6,14 stuck 2
V528 PICK r 108 id 8 tgt 3,7 cs 31 bs 31 reg 0 cc 7 bc 7 cands 2 banned 0 regall 0 seat 2
RC WALK 108 id 8 role expand pos 6,14 tgt 3,7 want WEST
RC POS 108 id 11 seat 3 role raid fs 1 body 2 pos 4,4 stuck 0
RC WALK 108 id 11 role raid pos 4,4 tgt 8,4 want NORTH
V527I SEALNT 109 ph 5 fwd 0 hv 3
RC POS 109 id 4 seat 0 role raid fs 1 body 1 pos 3,3 stuck 0
RC WALK 109 id 4 role raid pos 3,3 tgt 8,3 want NORTH
RC POS 109 id 8 seat 2 role expand fs 0 body 1 pos 5,14 stuck 0
RC WALK 109 id 8 role expand pos 5,14 tgt 6,14 want EAST
RC POS 109 id 11 seat 3 role raid fs 1 body 2 pos 4,3 stuck 0
RC WALK 109 id 11 role raid pos 4,3 tgt 8,3 want SOUTH
V527I SEALNT 110 ph 5 fwd 0 hv 3
RC POS 110 id 4 seat 0 role raid fs 1 body 1 pos 3,2 stuck 0
RC WALK 110 id 4 role raid pos 3,2 tgt 5,6 want SOUTH
RC POS 110 id 11 seat 3 role raid fs 1 body 2 pos 4,4 stuck 0
RC WALK 110 id 11 role raid pos 4,4 tgt 8,4 want WEST
V527I SEALNT 111 ph 5 fwd 0 hv 3
RC POS 111 id 4 seat 0 role raid fs 1 body 1 pos 3,3 stuck 0
RC WALK 111 id 4 role raid pos 3,3 tgt 8,3 want EAST
RC POS 111 id 11 seat 3 role raid fs 1 body 2 pos 3,4 stuck 0
RC WALK 111 id 11 role raid pos 3,4 tgt 8,4 want NORTH
V527I SEALNT 112 ph 5 fwd 0 hv 3
RC POS 112 id 4 seat 0 role raid fs 1 body 1 pos 4,3 stuck 0
RC WALK 112 id 4 role raid pos 4,3 tgt 8,3 want SOUTH
RC POS 112 id 8 seat 2 role expand fs 0 body 1 pos 6,14 stuck 2
V528 PICK r 112 id 8 tgt 3,7 cs 31 bs 31 reg 0 cc 7 bc 7 cands 2 banned 0 regall 0 seat 2
RC WALK 112 id 8 role expand pos 6,14 tgt 3,7 want WEST
RC POS 112 id 11 seat 3 role raid fs 1 body 2 pos 3,3 stuck 0
RC WALK 112 id 11 role raid pos 3,3 tgt 8,3 want EAST
V527I SEALNT 113 ph 5 fwd 0 hv 3
RC POS 113 id 4 seat 0 role raid fs 1 body 1 pos 4,4 stuck 0
RC WALK 113 id 4 role raid pos 4,4 tgt 8,4 want WEST
RC POS 113 id 8 seat 2 role expand fs 0 body 1 pos 5,14 stuck 0
RC WALK 113 id 8 role expand pos 5,14 tgt 6,14 want EAST
RC POS 113 id 11 seat 3 role raid fs 1 body 2 pos 4,3 stuck 0
RC WALK 113 id 11 role raid pos 4,3 tgt 8,3 want WEST
V527I SEALNT 114 ph 5 fwd 0 hv 3
RC POS 114 id 4 seat 0 role raid fs 1 body 1 pos 3,4 stuck 0
RC WALK 114 id 4 role raid pos 3,4 tgt 8,4 want EAST
RC POS 114 id 11 seat 3 role raid fs 1 body 2 pos 3,3 stuck 0
RC WALK 114 id 11 role raid pos 3,3 tgt 8,3 want EAST
V527I SEALNT 115 ph 5 fwd 0 hv 3
RC POS 115 id 4 seat 0 role raid fs 1 body 1 pos 4,4 stuck 0
RC WALK 115 id 4 role raid pos 4,4 tgt 8,4 want WEST
RC POS 115 id 11 seat 3 role raid fs 1 body 2 pos 4,3 stuck 0
RC WALK 115 id 11 role raid pos 4,3 tgt 8,3 want WEST
V527I SEALNT 116 ph 5 fwd 0 hv 3
RC POS 116 id 4 seat 0 role raid fs 1 body 1 pos 3,4 stuck 0
RC WALK 116 id 4 role raid pos 3,4 tgt 8,4 want EAST
RC POS 116 id 8 seat 2 role expand fs 0 body 1 pos 6,14 stuck 2
V528 PICK r 116 id 8 tgt 3,7 cs 31 bs 31 reg 0 cc 7 bc 7 cands 2 banned 0 regall 0 seat 2
RC WALK 116 id 8 role expand pos 6,14 tgt 3,7 want WEST
RC POS 116 id 11 seat 3 role raid fs 1 body 2 pos 3,3 stuck 0
RC WALK 116 id 11 role raid pos 3,3 tgt 8,3 want EAST
V527I SEALNT 117 ph 5 fwd 0 hv 3
RC POS 117 id 4 seat 0 role raid fs 1 body 1 pos 4,4 stuck 0
RC WALK 117 id 4 role raid pos 4,4 tgt 8,4 want WEST
RC POS 117 id 8 seat 2 role expand fs 0 body 1 pos 5,14 stuck 0
RC WALK 117 id 8 role expand pos 5,14 tgt 6,14 want EAST
RC POS 117 id 11 seat 3 role raid fs 1 body 2 pos 4,3 stuck 0
RC WALK 117 id 11 role raid pos 4,3 tgt 8,3 want WEST
V527I SEALNT 118 ph 5 fwd 0 hv 3
RC POS 118 id 4 seat 0 role raid fs 1 body 1 pos 3,4 stuck 0
RC WALK 118 id 4 role raid pos 3,4 tgt 8,4 want EAST
RC POS 118 id 11 seat 3 role raid fs 1 body 2 pos 3,3 stuck 0
RC WALK 118 id 11 role raid pos 3,3 tgt 8,3 want EAST
V527I SEALNT 119 ph 5 fwd 0 hv 3
RC POS 119 id 4 seat 0 role raid fs 1 body 1 pos 4,4 stuck 0
RC WALK 119 id 4 role raid pos 4,4 tgt 8,4 want WEST
RC POS 119 id 11 seat 3 role raid fs 1 body 2 pos 4,3 stuck 0
RC WALK 119 id 11 role raid pos 4,3 tgt 8,3 want WEST
V527I SEALNT 120 ph 5 fwd 0 hv 3
RC POS 120 id 4 seat 0 role raid fs 1 body 1 pos 3,4 stuck 0
RC WALK 120 id 4 role raid pos 3,4 tgt 8,4 want EAST
RC POS 120 id 8 seat 2 role expand fs 0 body 1 pos 6,14 stuck 2
V528 PICK r 120 id 8 tgt 3,7 cs 31 bs 31 reg 0 cc 7 bc 7 cands 2 banned 0 regall 0 seat 2
RC WALK 120 id 8 role expand pos 6,14 tgt 3,7 want WEST
RC POS 120 id 11 seat 3 role raid fs 1 body 2 pos 3,3 stuck 0
RC WALK 120 id 11 role raid pos 3,3 tgt 8,3 want EAST
V527I SEALNT 121 ph 5 fwd 0 hv 3
RC POS 121 id 4 seat 0 role raid fs 1 body 1 pos 4,4 stuck 0
RC WALK 121 id 4 role raid pos 4,4 tgt 8,4 want WEST
RC POS 121 id 8 seat 2 role expand fs 0 body 1 pos 5,14 stuck 0
RC WALK 121 id 8 role expand pos 5,14 tgt 6,14 want EAST
RC POS 121 id 11 seat 3 role raid fs 1 body 2 pos 4,3 stuck 0
RC WALK 121 id 11 role raid pos 4,3 tgt 8,3 want WEST
V527I SEALNT 122 ph 5 fwd 0 hv 3
RC POS 122 id 4 seat 0 role raid fs 1 body 1 pos 3,4 stuck 0
RC WALK 122 id 4 role raid pos 3,4 tgt 8,4 want EAST
RC POS 122 id 11 seat 3 role raid fs 1 body 2 pos 3,3 stuck 0
RC WALK 122 id 11 role raid pos 3,3 tgt 8,3 want EAST
V527I SEALNT 123 ph 5 fwd 0 hv 3
RC POS 123 id 4 seat 0 role raid fs 1 body 1 pos 4,4 stuck 0
RC WALK 123 id 4 role raid pos 4,4 tgt 8,4 want WEST
RC POS 123 id 11 seat 3 role raid fs 1 body 2 pos 4,3 stuck 0
RC WALK 123 id 11 role raid pos 4,3 tgt 8,3 want WEST
V527I SEALNT 124 ph 5 fwd 0 hv 3
RC POS 124 id 4 seat 0 role raid fs 1 body 1 pos 3,4 stuck 0
RC WALK 124 id 4 role raid pos 3,4 tgt 8,4 want EAST
RC POS 124 id 8 seat 2 role expand fs 0 body 1 pos 6,14 stuck 2
V528 PICK r 124 id 8 tgt 3,7 cs 31 bs 31 reg 0 cc 7 bc 7 cands 2 banned 0 regall 0 seat 2
RC WALK 124 id 8 role expand pos 6,14 tgt 3,7 want WEST
RC POS 124 id 11 seat 3 role raid fs 1 body 2 pos 3,3 stuck 0
RC WALK 124 id 11 role raid pos 3,3 tgt 8,3 want EAST
V527I SEALNT 125 ph 5 fwd 0 hv 3
RC POS 125 id 4 seat 0 role raid fs 1 body 1 pos 4,4 stuck 0
RC WALK 125 id 4 role raid pos 4,4 tgt 8,4 want WEST
RC POS 125 id 8 seat 2 role expand fs 0 body 1 pos 5,14 stuck 0
RC WALK 125 id 8 role expand pos 5,14 tgt 6,14 want EAST
RC POS 125 id 11 seat 3 role raid fs 1 body 2 pos 4,3 stuck 0
RC WALK 125 id 11 role raid pos 4,3 tgt 8,3 want WEST
V527I SEALNT 126 ph 5 fwd 0 hv 3
RC POS 126 id 4 seat 0 role raid fs 1 body 1 pos 3,4 stuck 0
RC WALK 126 id 4 role raid pos 3,4 tgt 8,4 want EAST
RC POS 126 id 11 seat 3 role raid fs 1 body 2 pos 3,3 stuck 0
RC WALK 126 id 11 role raid pos 3,3 tgt 8,3 want EAST
V527I SEALNT 127 ph 5 fwd 0 hv 3
RC POS 127 id 4 seat 0 role raid fs 1 body 1 pos 4,4 stuck 0
RC WALK 127 id 4 role raid pos 4,4 tgt 8,4 want WEST
RC POS 127 id 11 seat 3 role raid fs 1 body 2 pos 4,3 stuck 0
RC WALK 127 id 11 role raid pos 4,3 tgt 8,3 want WEST
V527I SEALNT 128 ph 5 fwd 0 hv 3
RC POS 128 id 4 seat 0 role raid fs 1 body 1 pos 3,4 stuck 0
RC WALK 128 id 4 role raid pos 3,4 tgt 8,4 want EAST
RC POS 128 id 8 seat 2 role expand fs 0 body 1 pos 6,14 stuck 2
V528 PICK r 128 id 8 tgt 3,7 cs 31 bs 31 reg 0 cc 7 bc 7 cands 2 banned 0 regall 0 seat 2
RC WALK 128 id 8 role expand pos 6,14 tgt 3,7 want WEST
RC POS 128 id 11 seat 3 role raid fs 1 body 2 pos 3,3 stuck 0
RC WALK 128 id 11 role raid pos 3,3 tgt 8,3 want EAST
V527I SEALNT 129 ph 5 fwd 0 hv 3
RC POS 129 id 4 seat 0 role raid fs 1 body 1 pos 4,4 stuck 0
V527 BUNKER HOLD 129 why trapped blk gate
RC WALK 129 id 4 role raid pos 4,4 tgt 8,4 want WEST
RC POS 129 id 8 seat 2 role expand fs 0 body 1 pos 5,14 stuck 0
RC WALK 129 id 8 role expand pos 5,14 tgt 6,14 want EAST
RC POS 129 id 11 seat 3 role raid fs 1 body 2 pos 4,3 stuck 0
RC WALK 129 id 11 role raid pos 4,3 tgt 8,3 want WEST
V527I SEALNT 130 ph 5 fwd 0 hv 3
RC POS 130 id 4 seat 0 role raid fs 1 body 1 pos 4,4 stuck 2
RC POS 130 id 11 seat 3 role raid fs 1 body 2 pos 3,3 stuck 0
RC WALK 130 id 11 role raid pos 3,3 tgt 8,3 want NORTH
V527I SEALNT 131 ph 5 fwd 1 hv 3
RC POS 131 id 4 seat 0 role raid fs 1 body 1 pos 4,4 stuck 3
V527 BUNKER HOLD 131 why trapped blk gate
RC WALK 131 id 4 role raid pos 4,4 tgt 8,4 want WEST
RC POS 131 id 11 seat 3 role raid fs 1 body 2 pos 3,2 stuck 0
RC WALK 131 id 11 role raid pos 3,2 tgt 8,3 want EAST
V527I SEALNT 132 ph 5 fwd 1 hv 3
RC POS 132 id 4 seat 0 role raid fs 1 body 1 pos 4,4 stuck 5
V527 BUNKER HOLD 132 why trapped blk gate
RC WALK 132 id 4 role raid pos 4,4 tgt 8,4 want WEST
RC POS 132 id 8 seat 2 role expand fs 0 body 1 pos 6,14 stuck 2
V528 PICK r 132 id 8 tgt 3,7 cs 31 bs 31 reg 0 cc 7 bc 7 cands 2 banned 0 regall 0 seat 2
RC WALK 132 id 8 role expand pos 6,14 tgt 3,7 want WEST
RC POS 132 id 11 seat 3 role raid fs 1 body 2 pos 4,2 stuck 0
RC WALK 132 id 11 role raid pos 4,2 tgt 8,3 want WEST
V527I SEALNT 133 ph 5 fwd 1 hv 3
RC POS 133 id 4 seat 0 role raid fs 1 body 1 pos 4,4 stuck 7
RC WALK 133 id 4 role raid pos 4,4 tgt 8,4 want WEST
RC POS 133 id 8 seat 2 role expand fs 0 body 1 pos 5,14 stuck 0
RC WALK 133 id 8 role expand pos 5,14 tgt 6,14 want EAST
RC POS 133 id 11 seat 3 role raid fs 1 body 2 pos 3,2 stuck 0
RC WALK 133 id 11 role raid pos 3,2 tgt 8,3 want EAST
V527I SEALNT 134 ph 5 fwd 1 hv 3
RC POS 134 id 4 seat 0 role raid fs 1 body 1 pos 3,4 stuck 0
RC WALK 134 id 4 role raid pos 3,4 tgt 8,4 want NORTH
RC POS 134 id 11 seat 3 role raid fs 1 body 2 pos 4,2 stuck 0
RC WALK 134 id 11 role raid pos 4,2 tgt 8,3 want NORTH
V527I SEALNT 135 ph 5 fwd 1 hv 3
RC POS 135 id 4 seat 0 role raid fs 1 body 1 pos 3,3 stuck 0
RC WALK 135 id 4 role raid pos 3,3 tgt 8,3 want SOUTH
RC POS 135 id 11 seat 3 role raid fs 1 body 2 pos 4,1 stuck 0
RC WALK 135 id 11 role raid pos 4,1 tgt 8,3 want WEST
V527I SEALNT 136 ph 5 fwd 1 hv 3
RC POS 136 id 4 seat 0 role raid fs 1 body 1 pos 3,4 stuck 0
RC WALK 136 id 4 role raid pos 3,4 tgt 8,4 want SOUTH
RC POS 136 id 8 seat 2 role expand fs 0 body 1 pos 6,14 stuck 2
V528 PICK r 136 id 8 tgt 3,7 cs 31 bs 31 reg 0 cc 7 bc 7 cands 2 banned 0 regall 0 seat 2
RC WALK 136 id 8 role expand pos 6,14 tgt 3,7 want WEST
RC POS 136 id 11 seat 3 role raid fs 1 body 2 pos 3,1 stuck 0
RC WALK 136 id 11 role raid pos 3,1 tgt 8,3 want EAST
V527I SEALNT 137 ph 5 fwd 1 hv 3
RC POS 137 id 4 seat 0 role raid fs 1 body 1 pos 3,5 stuck 0
RC WALK 137 id 4 role raid pos 3,5 tgt 8,5 want SOUTH
RC POS 137 id 8 seat 2 role expand fs 0 body 1 pos 5,14 stuck 0
RC WALK 137 id 8 role expand pos 5,14 tgt 6,14 want EAST
RC POS 137 id 11 seat 3 role raid fs 1 body 2 pos 4,1 stuck 0
RC WALK 137 id 11 role raid pos 4,1 tgt 8,3 want WEST
V527I SEALNT 138 ph 5 fwd 1 hv 3
RC POS 138 id 4 seat 0 role raid fs 1 body 1 pos 3,6 stuck 0
RC WALK 138 id 4 role raid pos 3,6 tgt 8,6 want EAST
RC POS 138 id 11 seat 3 role raid fs 1 body 2 pos 3,1 stuck 0
RC WALK 138 id 11 role raid pos 3,1 tgt 8,3 want EAST
V527I SEALNT 139 ph 5 fwd 1 hv 3
RC POS 139 id 4 seat 0 role raid fs 1 body 1 pos 4,6 stuck 0
RC WALK 139 id 4 role raid pos 4,6 tgt 8,5 want WEST
RC POS 139 id 11 seat 3 role raid fs 1 body 2 pos 4,1 stuck 0
RC WALK 139 id 11 role raid pos 4,1 tgt 8,3 want WEST
V527I SEALNT 140 ph 5 fwd 1 hv 3
RC POS 140 id 4 seat 0 role raid fs 1 body 1 pos 3,6 stuck 0
RC WALK 140 id 4 role raid pos 3,6 tgt 8,6 want EAST
RC POS 140 id 8 seat 2 role expand fs 0 body 1 pos 6,14 stuck 2
V528 PICK r 140 id 8 tgt 3,7 cs 31 bs 31 reg 0 cc 7 bc 7 cands 2 banned 0 regall 0 seat 2
RC WALK 140 id 8 role expand pos 6,14 tgt 3,7 want WEST
RC POS 140 id 11 seat 3 role raid fs 1 body 2 pos 3,1 stuck 0
RC WALK 140 id 11 role raid pos 3,1 tgt 8,3 want EAST
V527I SEALNT 141 ph 5 fwd 1 hv 3
RC POS 141 id 4 seat 0 role raid fs 1 body 1 pos 4,6 stuck 0
RC WALK 141 id 4 role raid pos 4,6 tgt 7,2 want WEST
RC POS 141 id 8 seat 2 role expand fs 0 body 1 pos 5,14 stuck 0
RC WALK 141 id 8 role expand pos 5,14 tgt 6,14 want EAST
RC POS 141 id 11 seat 3 role raid fs 1 body 2 pos 4,1 stuck 0
RC WALK 141 id 11 role raid pos 4,1 tgt 8,3 want WEST
V527I SEALNT 142 ph 5 fwd 1 hv 3
RC POS 142 id 4 seat 0 role raid fs 1 body 1 pos 3,6 stuck 0
RC WALK 142 id 4 role raid pos 3,6 tgt 8,6 want EAST
RC POS 142 id 11 seat 3 role raid fs 1 body 2 pos 3,1 stuck 0
RC WALK 142 id 11 role raid pos 3,1 tgt 8,3 want EAST
V527I SEALNT 143 ph 5 fwd 1 hv 3
RC POS 143 id 4 seat 0 role raid fs 1 body 1 pos 4,6 stuck 0
RC WALK 143 id 4 role raid pos 4,6 tgt 7,2 want WEST
RC POS 143 id 11 seat 3 role raid fs 1 body 2 pos 4,1 stuck 0
RC WALK 143 id 11 role raid pos 4,1 tgt 8,3 want WEST
V527I SEALNT 144 ph 5 fwd 1 hv 3
RC POS 144 id 4 seat 0 role raid fs 1 body 1 pos 3,6 stuck 0
RC WALK 144 id 4 role raid pos 3,6 tgt 8,6 want EAST
RC POS 144 id 8 seat 2 role expand fs 0 body 1 pos 6,14 stuck 2
V528 PICK r 144 id 8 tgt 3,7 cs 31 bs 31 reg 0 cc 7 bc 7 cands 2 banned 0 regall 0 seat 2
RC WALK 144 id 8 role expand pos 6,14 tgt 3,7 want WEST
RC POS 144 id 11 seat 3 role raid fs 1 body 2 pos 3,1 stuck 0
RC WALK 144 id 11 role raid pos 3,1 tgt 8,3 want EAST
V527I SEALNT 145 ph 5 fwd 1 hv 3
RC POS 145 id 4 seat 0 role raid fs 1 body 1 pos 4,6 stuck 0
RC WALK 145 id 4 role raid pos 4,6 tgt 7,2 want WEST
RC POS 145 id 8 seat 2 role expand fs 0 body 1 pos 5,14 stuck 0
RC WALK 145 id 8 role expand pos 5,14 tgt 6,14 want EAST
RC POS 145 id 11 seat 3 role raid fs 1 body 2 pos 4,1 stuck 0
RC WALK 145 id 11 role raid pos 4,1 tgt 8,3 want WEST
V527I SEALNT 146 ph 5 fwd 1 hv 3
RC POS 146 id 4 seat 0 role raid fs 1 body 1 pos 3,6 stuck 0
RC WALK 146 id 4 role raid pos 3,6 tgt 8,6 want EAST
RC POS 146 id 11 seat 3 role raid fs 1 body 2 pos 3,1 stuck 0
RC WALK 146 id 11 role raid pos 3,1 tgt 8,3 want EAST
V527I SEALNT 147 ph 5 fwd 1 hv 3
RC POS 147 id 4 seat 0 role raid fs 1 body 1 pos 4,6 stuck 0
RC WALK 147 id 4 role raid pos 4,6 tgt 7,2 want WEST
RC POS 147 id 11 seat 3 role raid fs 1 body 2 pos 4,1 stuck 0
RC WALK 147 id 11 role raid pos 4,1 tgt 8,3 want WEST
V527I SEALNT 148 ph 5 fwd 1 hv 3
RC POS 148 id 4 seat 0 role raid fs 1 body 1 pos 3,6 stuck 0
RC WALK 148 id 4 role raid pos 3,6 tgt 8,6 want EAST
RC POS 148 id 8 seat 2 role expand fs 0 body 1 pos 6,14 stuck 2
V528 PICK r 148 id 8 tgt 3,7 cs 31 bs 31 reg 0 cc 7 bc 7 cands 2 banned 0 regall 0 seat 2
RC WALK 148 id 8 role expand pos 6,14 tgt 3,7 want WEST
RC POS 148 id 11 seat 3 role raid fs 1 body 2 pos 3,1 stuck 0
RC WALK 148 id 11 role raid pos 3,1 tgt 8,3 want EAST
V527I SEALNT 149 ph 5 fwd 1 hv 3
RC POS 149 id 4 seat 0 role raid fs 1 body 1 pos 4,6 stuck 0
RC WALK 149 id 4 role raid pos 4,6 tgt 7,2 want WEST
RC POS 149 id 8 seat 2 role expand fs 0 body 1 pos 5,14 stuck 0
RC WALK 149 id 8 role expand pos 5,14 tgt 6,14 want EAST
RC POS 149 id 11 seat 3 role raid fs 1 body 2 pos 4,1 stuck 0
RC WALK 149 id 11 role raid pos 4,1 tgt 8,3 want WEST
V527I SEALNT 150 ph 5 fwd 1 hv 3
RC POS 150 id 4 seat 0 role raid fs 1 body 1 pos 3,6 stuck 0
RC WALK 150 id 4 role raid pos 3,6 tgt 8,6 want EAST
RC POS 150 id 11 seat 3 role raid fs 1 body 2 pos 3,1 stuck 0
RC WALK 150 id 11 role raid pos 3,1 tgt 8,3 want EAST
V527I SEALNT 151 ph 5 fwd 1 hv 3
RC POS 151 id 4 seat 0 role raid fs 1 body 1 pos 4,6 stuck 0
RC WALK 151 id 4 role raid pos 4,6 tgt 7,2 want WEST
RC POS 151 id 11 seat 3 role raid fs 1 body 2 pos 4,1 stuck 0
RC WALK 151 id 11 role raid pos 4,1 tgt 8,3 want WEST
V527I SEALNT 152 ph 5 fwd 1 hv 3
RC POS 152 id 4 seat 0 role raid fs 1 body 1 pos 3,6 stuck 0
RC WALK 152 id 4 role raid pos 3,6 tgt 8,6 want EAST
RC POS 152 id 8 seat 2 role expand fs 0 body 1 pos 6,14 stuck 2
V528 PICK r 152 id 8 tgt 3,7 cs 31 bs 31 reg 0 cc 7 bc 7 cands 2 banned 0 regall 0 seat 2
RC WALK 152 id 8 role expand pos 6,14 tgt 3,7 want WEST
RC POS 152 id 11 seat 3 role raid fs 1 body 2 pos 3,1 stuck 0
RC WALK 152 id 11 role raid pos 3,1 tgt 8,3 want EAST
V527I SEALNT 153 ph 5 fwd 1 hv 3
RC POS 153 id 4 seat 0 role raid fs 1 body 1 pos 4,6 stuck 0
RC WALK 153 id 4 role raid pos 4,6 tgt 7,2 want WEST
RC POS 153 id 8 seat 2 role expand fs 0 body 1 pos 5,14 stuck 0
RC WALK 153 id 8 role expand pos 5,14 tgt 6,14 want EAST
RC POS 153 id 11 seat 3 role raid fs 1 body 2 pos 4,1 stuck 0
RC WALK 153 id 11 role raid pos 4,1 tgt 8,3 want WEST
V527I SEALNT 154 ph 5 fwd 1 hv 3
RC POS 154 id 4 seat 0 role raid fs 1 body 1 pos 3,6 stuck 0
RC WALK 154 id 4 role raid pos 3,6 tgt 8,6 want EAST
RC POS 154 id 11 seat 3 role raid fs 1 body 2 pos 3,1 stuck 0
RC WALK 154 id 11 role raid pos 3,1 tgt 8,3 want EAST
RC POS 154 id 27 seat 4 role defend fs 0 body 1 pos 8,12 stuck 145
RC WALK 154 id 27 role defend pos 8,12 tgt 0,13 want SOUTH
V527I SEALNT 155 ph 5 fwd 1 hv 3
RC POS 155 id 4 seat 0 role raid fs 1 body 1 pos 4,6 stuck 0
RC WALK 155 id 4 role raid pos 4,6 tgt 7,2 want WEST
RC POS 155 id 6 seat 1 role expand fs 0 body 1 pos 7,11 stuck 123
RC POS 155 id 8 seat 2 role expand fs 0 body 1 pos 6,14 stuck 1
V528 PICK r 155 id 8 tgt 3,7 cs 31 bs 31 reg 0 cc 7 bc 7 cands 2 banned 0 regall 0 seat 2
RC WALK 155 id 8 role expand pos 6,14 tgt 3,7 want WEST
RC POS 155 id 11 seat 3 role raid fs 1 body 2 pos 4,1 stuck 0
RC WALK 155 id 11 role raid pos 4,1 tgt 8,3 want WEST
RC POS 155 id 27 seat 4 role defend fs 0 body 1 pos 8,13 stuck 0
RC WALK 155 id 27 role defend pos 8,13 tgt 0,13 want SOUTH
V527I SEALNT 156 ph 5 fwd 1 hv 3
RC POS 156 id 4 seat 0 role raid fs 1 body 1 pos 3,6 stuck 0
RC WALK 156 id 4 role raid pos 3,6 tgt 8,6 want EAST
RC POS 156 id 6 seat 1 role expand fs 0 body 1 pos 7,11 stuck 124
RC POS 156 id 8 seat 2 role expand fs 0 body 1 pos 5,14 stuck 0
RC WALK 156 id 8 role expand pos 5,14 tgt 3,7 want WEST
RC POS 156 id 11 seat 3 role raid fs 1 body 2 pos 3,1 stuck 0
RC WALK 156 id 11 role raid pos 3,1 tgt 8,3 want EAST
RC POS 156 id 27 seat 4 role defend fs 0 body 1 pos 8,14 stuck 0
RC WALK 156 id 27 role defend pos 8,14 tgt 8,13 want NORTH
V527I SEALNT 157 ph 5 fwd 1 hv 3
RC POS 157 id 4 seat 0 role raid fs 1 body 1 pos 4,6 stuck 0
RC WALK 157 id 4 role raid pos 4,6 tgt 7,2 want WEST
RC POS 157 id 6 seat 1 role expand fs 0 body 1 pos 7,10 stuck 0
RC POS 157 id 8 seat 2 role expand fs 0 body 1 pos 4,14 stuck 0
RC WALK 157 id 8 role expand pos 4,14 tgt 6,14 want EAST
RC POS 157 id 11 seat 3 role raid fs 1 body 2 pos 4,1 stuck 0
RC WALK 157 id 11 role raid pos 4,1 tgt 8,3 want WEST
V527I SEALNT 158 ph 5 fwd 1 hv 3
RC POS 158 id 4 seat 0 role raid fs 1 body 1 pos 3,6 stuck 0
RC WALK 158 id 4 role raid pos 3,6 tgt 8,6 want EAST
RC POS 158 id 6 seat 1 role expand fs 0 body 1 pos 7,10 stuck 1
V528 PICK r 158 id 6 tgt 7,15 cs 5 bs 5 reg 0 cc 0 bc 0 cands 3 banned 0 regall 0 seat 1
RC WALK 158 id 6 role expand pos 7,10 tgt 7,15 want SOUTH
RC POS 158 id 8 seat 2 role expand fs 0 body 1 pos 5,14 stuck 0
RC WALK 158 id 8 role expand pos 5,14 tgt 6,14 want EAST
RC POS 158 id 11 seat 3 role raid fs 1 body 2 pos 3,1 stuck 0
RC WALK 158 id 11 role raid pos 3,1 tgt 8,3 want EAST
V527I SEALNT 159 ph 5 fwd 1 hv 3
RC POS 159 id 4 seat 0 role raid fs 1 body 1 pos 4,6 stuck 0
RC WALK 159 id 4 role raid pos 4,6 tgt 7,2 want WEST
RC POS 159 id 11 seat 3 role raid fs 1 body 2 pos 4,1 stuck 0
RC WALK 159 id 11 role raid pos 4,1 tgt 8,3 want WEST
V527I SEALNT 160 ph 5 fwd 1 hv 3
RC POS 160 id 4 seat 0 role raid fs 1 body 1 pos 3,6 stuck 0
RC WALK 160 id 4 role raid pos 3,6 tgt 8,6 want EAST
RC POS 160 id 6 seat 1 role expand fs 0 body 1 pos 7,11 stuck 1
RC WALK 160 id 6 role expand pos 7,11 tgt 7,14 want WEST
RC POS 160 id 8 seat 2 role expand fs 0 body 1 pos 6,14 stuck 1
V528 PICK r 160 id 8 tgt 3,7 cs 31 bs 31 reg 0 cc 7 bc 7 cands 2 banned 0 regall 0 seat 2
RC WALK 160 id 8 role expand pos 6,14 tgt 3,7 want WEST
RC POS 160 id 11 seat 3 role raid fs 1 body 2 pos 3,1 stuck 0
RC WALK 160 id 11 role raid pos 3,1 tgt 8,3 want EAST
V527I SEALNT 161 ph 5 fwd 1 hv 3
RC POS 161 id 4 seat 0 role raid fs 1 body 1 pos 4,6 stuck 0
RC WALK 161 id 4 role raid pos 4,6 tgt 7,2 want WEST
RC POS 161 id 8 seat 2 role expand fs 0 body 1 pos 5,14 stuck 0
RC WALK 161 id 8 role expand pos 5,14 tgt 6,14 want EAST
RC POS 161 id 11 seat 3 role raid fs 1 body 2 pos 4,1 stuck 0
RC WALK 161 id 11 role raid pos 4,1 tgt 8,3 want WEST
V527I SEALNT 162 ph 5 fwd 1 hv 3
RC POS 162 id 4 seat 0 role raid fs 1 body 1 pos 3,6 stuck 0
RC WALK 162 id 4 role raid pos 3,6 tgt 8,6 want EAST
RC POS 162 id 11 seat 3 role raid fs 1 body 2 pos 3,1 stuck 0
RC WALK 162 id 11 role raid pos 3,1 tgt 8,3 want EAST
RC POS 162 id 27 seat 4 role defend fs 0 body 1 pos 8,13 stuck 5
V527I SEALNT 163 ph 5 fwd 1 hv 3
RC POS 163 id 4 seat 0 role raid fs 1 body 1 pos 4,6 stuck 0
RC WALK 163 id 4 role raid pos 4,6 tgt 7,2 want WEST
RC POS 163 id 6 seat 1 role expand fs 0 body 1 pos 6,11 stuck 2
RC WALK 163 id 6 role expand pos 6,11 tgt 7,14 want WEST
RC POS 163 id 8 seat 2 role expand fs 0 body 1 pos 6,14 stuck 1
V528 PICK r 163 id 8 tgt 3,7 cs 31 bs 31 reg 0 cc 7 bc 7 cands 2 banned 0 regall 0 seat 2
RC WALK 163 id 8 role expand pos 6,14 tgt 3,7 want WEST
RC POS 163 id 11 seat 3 role raid fs 1 body 2 pos 4,1 stuck 0
RC WALK 163 id 11 role raid pos 4,1 tgt 8,3 want WEST
V527I SEALNT 164 ph 5 fwd 1 hv 3
RC POS 164 id 4 seat 0 role raid fs 1 body 1 pos 3,6 stuck 0
RC WALK 164 id 4 role raid pos 3,6 tgt 8,6 want EAST
RC POS 164 id 6 seat 1 role expand fs 0 body 1 pos 5,11 stuck 0
RC WALK 164 id 6 role expand pos 5,11 tgt 7,14 want WEST
RC POS 164 id 8 seat 2 role expand fs 0 body 1 pos 5,14 stuck 0
RC WALK 164 id 8 role expand pos 5,14 tgt 6,14 want EAST
RC POS 164 id 11 seat 3 role raid fs 1 body 2 pos 3,1 stuck 0
RC WALK 164 id 11 role raid pos 3,1 tgt 8,3 want EAST
V527I SEALNT 165 ph 5 fwd 1 hv 3
RC POS 165 id 4 seat 0 role raid fs 1 body 1 pos 4,6 stuck 0
RC WALK 165 id 4 role raid pos 4,6 tgt 7,2 want WEST
RC POS 165 id 6 seat 1 role expand fs 0 body 1 pos 4,11 stuck 0
RC WALK 165 id 6 role expand pos 4,11 tgt 3,11 want WEST
RC POS 165 id 11 seat 3 role raid fs 1 body 2 pos 4,1 stuck 0
RC WALK 165 id 11 role raid pos 4,1 tgt 8,3 want WEST
V527I SEALNT 166 ph 5 fwd 1 hv 3
RC POS 166 id 4 seat 0 role raid fs 1 body 1 pos 3,6 stuck 0
RC WALK 166 id 4 role raid pos 3,6 tgt 8,6 want EAST
RC POS 166 id 6 seat 1 role expand fs 0 body 1 pos 3,11 stuck 0
V528 PICK r 166 id 6 tgt 7,15 cs 8 bs 8 reg 0 cc 0 bc 0 cands 3 banned 0 regall 0 seat 1
RC WALK 166 id 6 role expand pos 3,11 tgt 3,10 want NORTH
RC POS 166 id 11 seat 3 role raid fs 1 body 2 pos 3,1 stuck 0
RC WALK 166 id 11 role raid pos 3,1 tgt 8,3 want EAST
RC POS 166 id 27 seat 4 role defend fs 0 body 1 pos 8,13 stuck 9
RC WALK 166 id 27 role defend pos 8,13 tgt 9,16 want SOUTH
V527I SEALNT 167 ph 5 fwd 1 hv 3
RC POS 167 id 4 seat 0 role raid fs 1 body 1 pos 4,6 stuck 0
RC WALK 167 id 4 role raid pos 4,6 tgt 7,2 want WEST
RC POS 167 id 6 seat 1 role expand fs 0 body 1 pos 3,10 stuck 0
V528 PICK r 167 id 6 tgt 7,15 cs 9 bs 9 reg 0 cc 0 bc 0 cands 3 banned 0 regall 0 seat 1
RC WALK 167 id 6 role expand pos 3,10 tgt 7,15 want SOUTH
RC POS 167 id 8 seat 2 role expand fs 0 body 1 pos 6,14 stuck 2
V528 PICK r 167 id 8 tgt 3,7 cs 31 bs 31 reg 0 cc 7 bc 7 cands 2 banned 0 regall 0 seat 2
RC WALK 167 id 8 role expand pos 6,14 tgt 3,7 want WEST
RC POS 167 id 11 seat 3 role raid fs 1 body 2 pos 4,1 stuck 0
RC WALK 167 id 11 role raid pos 4,1 tgt 8,3 want WEST
V527I SEALNT 168 ph 5 fwd 1 hv 3
RC POS 168 id 4 seat 0 role raid fs 1 body 1 pos 3,6 stuck 0
RC WALK 168 id 4 role raid pos 3,6 tgt 8,6 want EAST
RC POS 168 id 6 seat 1 role expand fs 0 body 1 pos 3,11 stuck 0
V528 CONN r 168 id 6 at 3,10 chosen 5 best 0 regret 5 cands 3 role expand seat 1
RC WALK 168 id 6 role expand pos 3,11 tgt 4,10 want EAST
RC POS 168 id 8 seat 2 role expand fs 0 body 1 pos 5,14 stuck 0
RC WALK 168 id 8 role expand pos 5,14 tgt 6,14 want EAST
RC POS 168 id 11 seat 3 role raid fs 1 body 2 pos 3,1 stuck 0
RC WALK 168 id 11 role raid pos 3,1 tgt 8,3 want EAST
V527I SEALNT 169 ph 5 fwd 1 hv 4
RC POS 169 id 4 seat 0 role raid fs 1 body 1 pos 4,6 stuck 0
RC WALK 169 id 4 role raid pos 4,6 tgt 7,2 want WEST
RC POS 169 id 6 seat 1 role expand fs 0 body 1 pos 3,11 stuck 2
RC WALK 169 id 6 role expand pos 3,11 tgt 4,10 want EAST
RC POS 169 id 11 seat 3 role raid fs 1 body 2 pos 4,1 stuck 0
RC WALK 169 id 11 role raid pos 4,1 tgt 8,3 want WEST
V527I SEALNT 170 ph 5 fwd 1 hv 4
RC POS 170 id 4 seat 0 role raid fs 1 body 1 pos 3,6 stuck 0
RC WALK 170 id 4 role raid pos 3,6 tgt 8,6 want EAST
RC POS 170 id 6 seat 1 role expand fs 0 body 1 pos 4,11 stuck 0
RC POS 170 id 11 seat 3 role raid fs 1 body 2 pos 3,1 stuck 0
RC WALK 170 id 11 role raid pos 3,1 tgt 8,3 want EAST
RC POS 170 id 27 seat 4 role defend fs 0 body 1 pos 8,12 stuck 3
RC WALK 170 id 27 role defend pos 8,12 tgt 9,16 want SOUTH
V527I SEALNT 171 ph 5 fwd 1 hv 4
RC POS 171 id 4 seat 0 role raid fs 1 body 1 pos 4,6 stuck 0
RC WALK 171 id 4 role raid pos 4,6 tgt 7,2 want WEST
RC POS 171 id 6 seat 1 role expand fs 0 body 1 pos 4,11 stuck 1
RC POS 171 id 8 seat 2 role expand fs 0 body 1 pos 6,14 stuck 2
V528 PICK r 171 id 8 tgt 3,7 cs 28 bs 28 reg 0 cc 6 bc 6 cands 2 banned 0 regall 0 seat 2
RC WALK 171 id 8 role expand pos 6,14 tgt 3,7 want WEST
RC POS 171 id 11 seat 3 role raid fs 1 body 2 pos 4,1 stuck 0
RC WALK 171 id 11 role raid pos 4,1 tgt 8,3 want WEST
RC POS 171 id 27 seat 4 role defend fs 0 body 1 pos 8,13 stuck 0
RC WALK 171 id 27 role defend pos 8,13 tgt 9,16 want SOUTH
V527I SEALNT 172 ph 5 fwd 1 hv 4
RC POS 172 id 4 seat 0 role raid fs 1 body 1 pos 3,6 stuck 0
RC WALK 172 id 4 role raid pos 3,6 tgt 8,6 want EAST
RC POS 172 id 6 seat 1 role expand fs 0 body 1 pos 5,11 stuck 0
RC POS 172 id 8 seat 2 role expand fs 0 body 1 pos 5,14 stuck 0
RC WALK 172 id 8 role expand pos 5,14 tgt 3,7 want WEST
RC POS 172 id 11 seat 3 role raid fs 1 body 2 pos 3,1 stuck 0
RC WALK 172 id 11 role raid pos 3,1 tgt 8,3 want EAST
RC POS 172 id 27 seat 4 role defend fs 0 body 1 pos 8,12 stuck 0
RC WALK 172 id 27 role defend pos 8,12 tgt 9,16 want SOUTH
V527I SEALNT 173 ph 5 fwd 1 hv 4
RC POS 173 id 4 seat 0 role raid fs 1 body 1 pos 4,6 stuck 0
RC WALK 173 id 4 role raid pos 4,6 tgt 7,2 want WEST
RC POS 173 id 6 seat 1 role expand fs 0 body 1 pos 5,11 stuck 1
RC POS 173 id 8 seat 2 role expand fs 0 body 1 pos 4,14 stuck 0
RC WALK 173 id 8 role expand pos 4,14 tgt 3,7 want NORTH
RC POS 173 id 11 seat 3 role raid fs 1 body 2 pos 4,1 stuck 0
RC WALK 173 id 11 role raid pos 4,1 tgt 8,3 want WEST
RC POS 173 id 27 seat 4 role defend fs 0 body 1 pos 8,13 stuck 0
RC WALK 173 id 27 role defend pos 8,13 tgt 9,16 want SOUTH
V527I SEALNT 174 ph 5 fwd 1 hv 4
RC POS 174 id 4 seat 0 role raid fs 1 body 1 pos 3,6 stuck 0
RC WALK 174 id 4 role raid pos 3,6 tgt 8,6 want EAST
RC POS 174 id 6 seat 1 role expand fs 0 body 1 pos 6,11 stuck 0
RC POS 174 id 8 seat 2 role expand fs 0 body 1 pos 4,13 stuck 0
RC WALK 174 id 8 role expand pos 4,13 tgt 3,7 want WEST
RC POS 174 id 11 seat 3 role raid fs 1 body 2 pos 3,1 stuck 0
RC WALK 174 id 11 role raid pos 3,1 tgt 8,3 want EAST
RC POS 174 id 27 seat 4 role defend fs 0 body 1 pos 8,12 stuck 0
RC WALK 174 id 27 role defend pos 8,12 tgt 9,16 want SOUTH
V527I SEALNT 175 ph 5 fwd 1 hv 4
RC POS 175 id 4 seat 0 role raid fs 1 body 1 pos 4,6 stuck 0
RC WALK 175 id 4 role raid pos 4,6 tgt 7,2 want WEST
RC POS 175 id 6 seat 1 role expand fs 0 body 1 pos 6,11 stuck 1
RC POS 175 id 8 seat 2 role expand fs 0 body 1 pos 3,13 stuck 0
RC WALK 175 id 8 role expand pos 3,13 tgt 3,7 want NORTH
RC POS 175 id 11 seat 3 role raid fs 1 body 2 pos 4,1 stuck 0
RC WALK 175 id 11 role raid pos 4,1 tgt 8,3 want WEST
RC POS 175 id 27 seat 4 role defend fs 0 body 1 pos 8,13 stuck 0
RC WALK 175 id 27 role defend pos 8,13 tgt 9,16 want SOUTH
V527I SEALNT 176 ph 5 fwd 1 hv 4
RC POS 176 id 4 seat 0 role raid fs 1 body 1 pos 3,6 stuck 0
RC WALK 176 id 4 role raid pos 3,6 tgt 8,6 want EAST
RC POS 176 id 6 seat 1 role expand fs 0 body 1 pos 5,11 stuck 0
RC POS 176 id 8 seat 2 role expand fs 0 body 1 pos 3,12 stuck 0
RC WALK 176 id 8 role expand pos 3,12 tgt 3,7 want NORTH
RC POS 176 id 11 seat 3 role raid fs 1 body 2 pos 3,1 stuck 0
RC WALK 176 id 11 role raid pos 3,1 tgt 8,3 want EAST
RC POS 176 id 27 seat 4 role defend fs 0 body 1 pos 8,12 stuck 0
RC WALK 176 id 27 role defend pos 8,12 tgt 9,16 want SOUTH
V527I SEALNT 177 ph 5 fwd 1 hv 4
RC POS 177 id 4 seat 0 role raid fs 1 body 1 pos 4,6 stuck 0
RC WALK 177 id 4 role raid pos 4,6 tgt 7,2 want WEST
RC POS 177 id 6 seat 1 role expand fs 0 body 1 pos 5,11 stuck 1
RC WALK 177 id 6 role expand pos 5,11 tgt 4,10 want WEST
RC POS 177 id 8 seat 2 role expand fs 0 body 1 pos 3,11 stuck 0
RC WALK 177 id 8 role expand pos 3,11 tgt 4,7 want WEST
RC POS 177 id 11 seat 3 role raid fs 1 body 2 pos 4,1 stuck 0
RC WALK 177 id 11 role raid pos 4,1 tgt 8,3 want WEST
RC POS 177 id 27 seat 4 role defend fs 0 body 1 pos 8,13 stuck 0
RC WALK 177 id 27 role defend pos 8,13 tgt 9,16 want SOUTH
V527I SEALNT 178 ph 5 fwd 1 hv 4
RC POS 178 id 4 seat 0 role raid fs 1 body 1 pos 3,6 stuck 0
RC WALK 178 id 4 role raid pos 3,6 tgt 8,6 want EAST
RC POS 178 id 6 seat 1 role expand fs 0 body 1 pos 4,11 stuck 0
RC WALK 178 id 6 role expand pos 4,11 tgt 4,10 want NORTH
RC POS 178 id 8 seat 2 role expand fs 0 body 1 pos 2,11 stuck 0
RC WALK 178 id 8 role expand pos 2,11 tgt 4,7 want NORTH
RC POS 178 id 11 seat 3 role raid fs 1 body 2 pos 3,1 stuck 0
RC WALK 178 id 11 role raid pos 3,1 tgt 8,3 want EAST
RC POS 178 id 27 seat 4 role defend fs 0 body 1 pos 8,12 stuck 0
RC WALK 178 id 27 role defend pos 8,12 tgt 9,16 want SOUTH
V527I SEALNT 179 ph 5 fwd 1 hv 4
RC POS 179 id 4 seat 0 role raid fs 1 body 1 pos 4,6 stuck 0
RC WALK 179 id 4 role raid pos 4,6 tgt 7,2 want WEST
RC POS 179 id 6 seat 1 role expand fs 0 body 1 pos 4,10 stuck 0
V528 PICK r 179 id 6 tgt 7,15 cs 8 bs 8 reg 0 cc 0 bc 0 cands 3 banned 0 regall 0 seat 1
RC WALK 179 id 6 role expand pos 4,10 tgt 7,15 want SOUTH
RC POS 179 id 8 seat 2 role expand fs 0 body 1 pos 2,10 stuck 0
RC WALK 179 id 8 role expand pos 2,10 tgt 4,7 want NORTH
RC POS 179 id 11 seat 3 role raid fs 1 body 2 pos 4,1 stuck 0
RC WALK 179 id 11 role raid pos 4,1 tgt 8,3 want WEST
RC POS 179 id 27 seat 4 role defend fs 0 body 1 pos 8,13 stuck 0
RC WALK 179 id 27 role defend pos 8,13 tgt 9,16 want SOUTH
V527I SEALNT 180 ph 5 fwd 1 hv 4
RC POS 180 id 4 seat 0 role raid fs 1 body 1 pos 3,6 stuck 0
RC WALK 180 id 4 role raid pos 3,6 tgt 8,6 want EAST
RC POS 180 id 6 seat 1 role expand fs 0 body 1 pos 4,11 stuck 0
RC WALK 180 id 6 role expand pos 4,11 tgt 7,15 want WEST
RC POS 180 id 8 seat 2 role expand fs 0 body 1 pos 2,9 stuck 0
RC WALK 180 id 8 role expand pos 2,9 tgt 4,7 want EAST
RC POS 180 id 11 seat 3 role raid fs 1 body 2 pos 3,1 stuck 0
RC WALK 180 id 11 role raid pos 3,1 tgt 8,3 want EAST
RC POS 180 id 27 seat 4 role defend fs 0 body 1 pos 8,12 stuck 0
RC WALK 180 id 27 role defend pos 8,12 tgt 9,16 want SOUTH
V527I SEALNT 181 ph 5 fwd 1 hv 4
RC POS 181 id 4 seat 0 role raid fs 1 body 1 pos 4,6 stuck 0
RC WALK 181 id 4 role raid pos 4,6 tgt 7,2 want WEST
RC POS 181 id 6 seat 1 role expand fs 0 body 1 pos 3,11 stuck 0
RC WALK 181 id 6 role expand pos 3,11 tgt 7,15 want SOUTH
RC POS 181 id 8 seat 2 role expand fs 0 body 1 pos 3,9 stuck 0
RC WALK 181 id 8 role expand pos 3,9 tgt 4,7 want NORTH
RC POS 181 id 11 seat 3 role raid fs 1 body 2 pos 4,1 stuck 0
RC WALK 181 id 11 role raid pos 4,1 tgt 8,3 want WEST
RC POS 181 id 27 seat 4 role defend fs 0 body 1 pos 8,13 stuck 0
RC WALK 181 id 27 role defend pos 8,13 tgt 9,16 want SOUTH
V527I SEALNT 182 ph 5 fwd 1 hv 4
RC POS 182 id 4 seat 0 role raid fs 1 body 1 pos 3,6 stuck 0
RC WALK 182 id 4 role raid pos 3,6 tgt 8,6 want EAST
RC POS 182 id 6 seat 1 role expand fs 0 body 1 pos 3,12 stuck 0
RC WALK 182 id 6 role expand pos 3,12 tgt 7,15 want SOUTH
RC POS 182 id 8 seat 2 role expand fs 0 body 1 pos 3,8 stuck 0
V528 CONN r 182 id 8 at 3,7 chosen 3 best 0 regret 3 cands 2 role expand seat 2
RC WALK 182 id 8 role expand pos 3,8 tgt 4,7 want EAST
RC POS 182 id 11 seat 3 role raid fs 1 body 2 pos 3,1 stuck 0
RC WALK 182 id 11 role raid pos 3,1 tgt 8,3 want EAST
RC POS 182 id 27 seat 4 role defend fs 0 body 1 pos 8,12 stuck 0
RC WALK 182 id 27 role defend pos 8,12 tgt 9,16 want SOUTH
V527I SEALNT 183 ph 5 fwd 1 hv 5
RC POS 183 id 4 seat 0 role raid fs 1 body 1 pos 4,6 stuck 0
RC WALK 183 id 4 role raid pos 4,6 tgt 7,2 want WEST
RC POS 183 id 6 seat 1 role expand fs 0 body 1 pos 3,13 stuck 0
RC WALK 183 id 6 role expand pos 3,13 tgt 7,14 want EAST
RC POS 183 id 8 seat 2 role expand fs 0 body 1 pos 3,8 stuck 2
RC WALK 183 id 8 role expand pos 3,8 tgt 4,7 want EAST
RC POS 183 id 11 seat 3 role raid fs 1 body 2 pos 4,1 stuck 0
RC WALK 183 id 11 role raid pos 4,1 tgt 8,3 want WEST
RC POS 183 id 27 seat 4 role defend fs 0 body 1 pos 8,13 stuck 0
RC WALK 183 id 27 role defend pos 8,13 tgt 9,16 want SOUTH
V527I SEALNT 184 ph 5 fwd 1 hv 5
RC POS 184 id 4 seat 0 role raid fs 1 body 1 pos 3,6 stuck 0
RC WALK 184 id 4 role raid pos 3,6 tgt 8,6 want WEST
RC POS 184 id 6 seat 1 role expand fs 0 body 1 pos 4,13 stuck 0
RC WALK 184 id 6 role expand pos 4,13 tgt 7,14 want SOUTH
RC POS 184 id 8 seat 2 role expand fs 0 body 1 pos 4,8 stuck 0
RC POS 184 id 11 seat 3 role raid fs 1 body 2 pos 3,1 stuck 0
RC WALK 184 id 11 role raid pos 3,1 tgt 8,3 want EAST
RC POS 184 id 27 seat 4 role defend fs 0 body 1 pos 8,12 stuck 0
RC WALK 184 id 27 role defend pos 8,12 tgt 9,16 want SOUTH
V527I SEALNT 185 ph 5 fwd 1 hv 5
RC POS 185 id 4 seat 0 role raid fs 1 body 1 pos 2,6 stuck 0
RC WALK 185 id 4 role raid pos 2,6 tgt 8,6 want SOUTH
RC POS 185 id 6 seat 1 role expand fs 0 body 1 pos 4,14 stuck 0
RC WALK 185 id 6 role expand pos 4,14 tgt 7,14 want EAST
RC POS 185 id 8 seat 2 role expand fs 0 body 1 pos 4,8 stuck 1
RC POS 185 id 11 seat 3 role raid fs 1 body 2 pos 4,1 stuck 0
RC WALK 185 id 11 role raid pos 4,1 tgt 8,3 want WEST
RC POS 185 id 27 seat 4 role defend fs 0 body 1 pos 8,13 stuck 0
RC WALK 185 id 27 role defend pos 8,13 tgt 9,16 want SOUTH
V527I SEALNT 186 ph 5 fwd 1 hv 5
RC POS 186 id 4 seat 0 role raid fs 1 body 1 pos 2,7 stuck 0
RC WALK 186 id 4 role raid pos 2,7 tgt 7,7 want SOUTH
RC POS 186 id 6 seat 1 role expand fs 0 body 1 pos 5,14 stuck 0
RC WALK 186 id 6 role expand pos 5,14 tgt 7,14 want EAST
RC POS 186 id 8 seat 2 role expand fs 0 body 1 pos 5,8 stuck 0
RC POS 186 id 11 seat 3 role raid fs 1 body 2 pos 3,1 stuck 0
RC WALK 186 id 11 role raid pos 3,1 tgt 8,3 want EAST
RC POS 186 id 27 seat 4 role defend fs 0 body 1 pos 8,12 stuck 0
RC WALK 186 id 27 role defend pos 8,12 tgt 9,16 want SOUTH
V527I SEALNT 187 ph 5 fwd 1 hv 5
RC POS 187 id 4 seat 0 role raid fs 1 body 1 pos 2,8 stuck 0
RC WALK 187 id 4 role raid pos 2,8 tgt 7,7 want EAST
RC POS 187 id 6 seat 1 role expand fs 0 body 1 pos 6,14 stuck 0
RC WALK 187 id 6 role expand pos 6,14 tgt 7,14 want EAST
RC POS 187 id 8 seat 2 role expand fs 0 body 1 pos 5,8 stuck 1
RC POS 187 id 11 seat 3 role raid fs 1 body 2 pos 4,1 stuck 0
RC WALK 187 id 11 role raid pos 4,1 tgt 8,3 want WEST
RC POS 187 id 27 seat 4 role defend fs 0 body 1 pos 8,13 stuck 0
RC WALK 187 id 27 role defend pos 8,13 tgt 9,16 want SOUTH
V527I SEALNT 188 ph 5 fwd 1 hv 5
RC POS 188 id 4 seat 0 role raid fs 1 body 1 pos 3,8 stuck 0
RC WALK 188 id 4 role raid pos 3,8 tgt 4,3 want WEST
RC POS 188 id 6 seat 1 role expand fs 0 body 1 pos 7,14 stuck 0
V528 PICK r 188 id 6 tgt 12,14 cs 17 bs 17 reg 0 cc 4 bc 4 cands 2 banned 0 regall 0 seat 1
RC WALK 188 id 6 role expand pos 7,14 tgt 12,14 want WEST
RC POS 188 id 8 seat 2 role expand fs 0 body 1 pos 6,8 stuck 0
RC POS 188 id 11 seat 3 role raid fs 1 body 2 pos 3,1 stuck 0
RC WALK 188 id 11 role raid pos 3,1 tgt 8,3 want EAST
RC POS 188 id 27 seat 4 role defend fs 0 body 1 pos 8,12 stuck 0
RC WALK 188 id 27 role defend pos 8,12 tgt 9,16 want SOUTH
V527I SEALNT 189 ph 5 fwd 1 hv 5
RC POS 189 id 4 seat 0 role raid fs 1 body 1 pos 2,8 stuck 0
RC WALK 189 id 4 role raid pos 2,8 tgt 7,7 want EAST
RC POS 189 id 6 seat 1 role expand fs 0 body 1 pos 6,14 stuck 0
RC WALK 189 id 6 role expand pos 6,14 tgt 12,14 want WEST
RC POS 189 id 8 seat 2 role expand fs 0 body 1 pos 6,8 stuck 1
RC POS 189 id 11 seat 3 role raid fs 1 body 2 pos 4,1 stuck 0
RC WALK 189 id 11 role raid pos 4,1 tgt 8,3 want WEST
RC POS 189 id 27 seat 4 role defend fs 0 body 1 pos 8,13 stuck 0
RC WALK 189 id 27 role defend pos 8,13 tgt 9,16 want SOUTH
V527I SEALNT 190 ph 5 fwd 1 hv 5
RC POS 190 id 4 seat 0 role raid fs 1 body 1 pos 3,8 stuck 0
RC WALK 190 id 4 role raid pos 3,8 tgt 4,3 want WEST
RC POS 190 id 6 seat 1 role expand fs 0 body 1 pos 5,14 stuck 0
RC WALK 190 id 6 role expand pos 5,14 tgt 12,14 want WEST
RC POS 190 id 8 seat 2 role expand fs 0 body 1 pos 6,9 stuck 0
RC POS 190 id 11 seat 3 role raid fs 1 body 2 pos 3,1 stuck 0
RC WALK 190 id 11 role raid pos 3,1 tgt 8,3 want EAST
RC POS 190 id 27 seat 4 role defend fs 0 body 1 pos 8,12 stuck 0
RC WALK 190 id 27 role defend pos 8,12 tgt 9,16 want SOUTH
V527I SEALNT 191 ph 5 fwd 1 hv 5
RC POS 191 id 4 seat 0 role raid fs 1 body 1 pos 2,8 stuck 0
RC WALK 191 id 4 role raid pos 2,8 tgt 7,7 want EAST
RC POS 191 id 6 seat 1 role expand fs 0 body 1 pos 4,14 stuck 0
RC WALK 191 id 6 role expand pos 4,14 tgt 12,14 want NORTH
RC POS 191 id 8 seat 2 role expand fs 0 body 1 pos 6,9 stuck 1
RC POS 191 id 11 seat 3 role raid fs 1 body 2 pos 4,1 stuck 0
RC WALK 191 id 11 role raid pos 4,1 tgt 8,3 want WEST
RC POS 191 id 27 seat 4 role defend fs 0 body 1 pos 8,13 stuck 0
RC WALK 191 id 27 role defend pos 8,13 tgt 9,16 want SOUTH
V527I SEALNT 192 ph 5 fwd 1 hv 5
RC POS 192 id 4 seat 0 role raid fs 1 body 1 pos 3,8 stuck 0
RC WALK 192 id 4 role raid pos 3,8 tgt 4,3 want WEST
RC POS 192 id 6 seat 1 role expand fs 0 body 1 pos 4,13 stuck 0
RC WALK 192 id 6 role expand pos 4,13 tgt 12,14 want WEST
RC POS 192 id 8 seat 2 role expand fs 0 body 1 pos 6,10 stuck 0
RC POS 192 id 11 seat 3 role raid fs 1 body 2 pos 3,1 stuck 0
RC WALK 192 id 11 role raid pos 3,1 tgt 8,3 want EAST
RC POS 192 id 27 seat 4 role defend fs 0 body 1 pos 8,12 stuck 0
RC WALK 192 id 27 role defend pos 8,12 tgt 9,16 want SOUTH
V527I SEALNT 193 ph 5 fwd 1 hv 5
RC POS 193 id 4 seat 0 role raid fs 1 body 1 pos 2,8 stuck 0
RC WALK 193 id 4 role raid pos 2,8 tgt 7,7 want EAST
RC POS 193 id 6 seat 1 role expand fs 0 body 1 pos 3,13 stuck 0
RC WALK 193 id 6 role expand pos 3,13 tgt 12,14 want NORTH
RC POS 193 id 8 seat 2 role expand fs 0 body 1 pos 6,10 stuck 1
RC POS 193 id 11 seat 3 role raid fs 1 body 2 pos 4,1 stuck 0
RC WALK 193 id 11 role raid pos 4,1 tgt 8,3 want WEST
RC POS 193 id 27 seat 4 role defend fs 0 body 1 pos 8,13 stuck 0
RC WALK 193 id 27 role defend pos 8,13 tgt 9,16 want SOUTH
V527I SEALNT 194 ph 5 fwd 1 hv 5
RC POS 194 id 4 seat 0 role raid fs 1 body 1 pos 3,8 stuck 0
RC WALK 194 id 4 role raid pos 3,8 tgt 4,3 want WEST
RC POS 194 id 6 seat 1 role expand fs 0 body 1 pos 3,12 stuck 0
RC WALK 194 id 6 role expand pos 3,12 tgt 12,14 want NORTH
RC POS 194 id 8 seat 2 role expand fs 0 body 1 pos 6,11 stuck 0
RC POS 194 id 11 seat 3 role raid fs 1 body 2 pos 3,1 stuck 0
RC WALK 194 id 11 role raid pos 3,1 tgt 8,3 want EAST
RC POS 194 id 27 seat 4 role defend fs 0 body 1 pos 8,12 stuck 0
RC WALK 194 id 27 role defend pos 8,12 tgt 9,16 want SOUTH
V527I SEALNT 195 ph 5 fwd 1 hv 5
RC POS 195 id 4 seat 0 role raid fs 1 body 1 pos 2,8 stuck 0
RC WALK 195 id 4 role raid pos 2,8 tgt 7,7 want EAST
RC POS 195 id 6 seat 1 role expand fs 0 body 1 pos 3,11 stuck 0
RC WALK 195 id 6 role expand pos 3,11 tgt 12,14 want EAST
RC POS 195 id 8 seat 2 role expand fs 0 body 1 pos 6,11 stuck 1
RC WALK 195 id 8 role expand pos 6,11 tgt 4,7 want NORTH
RC POS 195 id 11 seat 3 role raid fs 1 body 2 pos 4,1 stuck 0
RC WALK 195 id 11 role raid pos 4,1 tgt 8,3 want WEST
RC POS 195 id 27 seat 4 role defend fs 0 body 1 pos 8,13 stuck 0
RC WALK 195 id 27 role defend pos 8,13 tgt 9,16 want SOUTH
V527I SEALNT 196 ph 5 fwd 1 hv 5
RC POS 196 id 4 seat 0 role raid fs 1 body 1 pos 3,8 stuck 0
RC WALK 196 id 4 role raid pos 3,8 tgt 4,3 want WEST
RC POS 196 id 6 seat 1 role expand fs 0 body 1 pos 4,11 stuck 0
RC WALK 196 id 6 role expand pos 4,11 tgt 12,14 want EAST
RC POS 196 id 8 seat 2 role expand fs 0 body 1 pos 6,10 stuck 0
RC WALK 196 id 8 role expand pos 6,10 tgt 4,7 want NORTH
RC POS 196 id 11 seat 3 role raid fs 1 body 2 pos 3,1 stuck 0
RC POS 196 id 27 seat 4 role defend fs 0 body 1 pos 8,12 stuck 0
RC WALK 196 id 27 role defend pos 8,12 tgt 9,16 want SOUTH
V527I SEALNT 197 ph 5 fwd 1 hv 5
RC POS 197 id 4 seat 0 role raid fs 1 body 1 pos 2,8 stuck 0
RC WALK 197 id 4 role raid pos 2,8 tgt 7,7 want EAST
RC POS 197 id 6 seat 1 role expand fs 0 body 1 pos 5,11 stuck 0
RC WALK 197 id 6 role expand pos 5,11 tgt 12,14 want EAST
RC POS 197 id 8 seat 2 role expand fs 0 body 1 pos 6,9 stuck 0
RC WALK 197 id 8 role expand pos 6,9 tgt 4,7 want WEST
RC POS 197 id 11 seat 3 role raid fs 1 body 2 pos 4,1 stuck 0
RC WALK 197 id 11 role raid pos 4,1 tgt 8,3 want WEST
RC POS 197 id 27 seat 4 role defend fs 0 body 1 pos 8,13 stuck 0
RC WALK 197 id 27 role defend pos 8,13 tgt 9,16 want SOUTH
V527I SEALNT 198 ph 5 fwd 1 hv 5
RC POS 198 id 4 seat 0 role raid fs 1 body 1 pos 3,8 stuck 0
RC WALK 198 id 4 role raid pos 3,8 tgt 4,3 want WEST
RC POS 198 id 6 seat 1 role expand fs 0 body 1 pos 6,11 stuck 0
RC WALK 198 id 6 role expand pos 6,11 tgt 12,14 want EAST
RC POS 198 id 8 seat 2 role expand fs 0 body 1 pos 5,9 stuck 0
RC WALK 198 id 8 role expand pos 5,9 tgt 4,7 want NORTH
RC POS 198 id 11 seat 3 role raid fs 1 body 2 pos 3,1 stuck 0
RC POS 198 id 27 seat 4 role defend fs 0 body 1 pos 8,12 stuck 0
RC WALK 198 id 27 role defend pos 8,12 tgt 9,16 want SOUTH
V527I SEALNT 199 ph 5 fwd 1 hv 5
RC POS 199 id 4 seat 0 role raid fs 1 body 1 pos 2,8 stuck 0
RC WALK 199 id 4 role raid pos 2,8 tgt 7,7 want EAST
RC POS 199 id 6 seat 1 role expand fs 0 body 1 pos 7,11 stuck 0
RC WALK 199 id 6 role expand pos 7,11 tgt 12,14 want NORTH
RC POS 199 id 8 seat 2 role expand fs 0 body 1 pos 5,8 stuck 0
RC WALK 199 id 8 role expand pos 5,8 tgt 4,7 want WEST
RC POS 199 id 11 seat 3 role raid fs 1 body 2 pos 4,1 stuck 0
RC WALK 199 id 11 role raid pos 4,1 tgt 8,3 want WEST
RC POS 199 id 27 seat 4 role defend fs 0 body 1 pos 8,13 stuck 0
RC WALK 199 id 27 role defend pos 8,13 tgt 9,16 want SOUTH
V527I SEALNT 200 ph 5 fwd 1 hv 5
RC POS 200 id 4 seat 0 role raid fs 1 body 1 pos 3,8 stuck 0
RC WALK 200 id 4 role raid pos 3,8 tgt 4,3 want WEST
RC POS 200 id 6 seat 1 role expand fs 0 body 1 pos 7,10 stuck 0
RC WALK 200 id 6 role expand pos 7,10 tgt 12,14 want EAST
RC POS 200 id 8 seat 2 role expand fs 0 body 1 pos 4,8 stuck 0
RC WALK 200 id 8 role expand pos 4,8 tgt 4,7 want NORTH
RC POS 200 id 11 seat 3 role raid fs 1 body 2 pos 3,1 stuck 0
RC POS 200 id 27 seat 4 role defend fs 0 body 1 pos 8,12 stuck 0
RC WALK 200 id 27 role defend pos 8,12 tgt 9,16 want SOUTH
V527I SEALNT 201 ph 5 fwd 1 hv 5
RC POS 201 id 4 seat 0 role raid fs 1 body 1 pos 2,8 stuck 0
RC WALK 201 id 4 role raid pos 2,8 tgt 7,7 want EAST
RC POS 201 id 6 seat 1 role expand fs 0 body 1 pos 8,10 stuck 0
RC WALK 201 id 6 role expand pos 8,10 tgt 12,14 want EAST
RC POS 201 id 8 seat 2 role expand fs 0 body 1 pos 4,7 stuck 0
V528 PICK r 201 id 8 tgt 5,16 cs 10 bs 10 reg 0 cc 0 bc 0 cands 2 banned 0 regall 0 seat 2
RC WALK 201 id 8 role expand pos 4,7 tgt 5,16 want SOUTH
RC POS 201 id 11 seat 3 role raid fs 1 body 2 pos 4,1 stuck 0
RC WALK 201 id 11 role raid pos 4,1 tgt 8,3 want WEST
RC POS 201 id 27 seat 4 role defend fs 0 body 1 pos 8,13 stuck 0
RC WALK 201 id 27 role defend pos 8,13 tgt 9,16 want SOUTH
V527I SEALNT 202 ph 5 fwd 1 hv 5
RC POS 202 id 4 seat 0 role raid fs 1 body 1 pos 3,8 stuck 0
RC WALK 202 id 4 role raid pos 3,8 tgt 4,3 want SOUTH
RC POS 202 id 6 seat 1 role expand fs 0 body 1 pos 9,10 stuck 0
RC WALK 202 id 6 role expand pos 9,10 tgt 12,14 want SOUTH
RC POS 202 id 8 seat 2 role expand fs 0 body 1 pos 4,8 stuck 0
RC WALK 202 id 8 role expand pos 4,8 tgt 5,16 want SOUTH
RC POS 202 id 11 seat 3 role raid fs 1 body 2 pos 3,1 stuck 0
RC POS 202 id 27 seat 4 role defend fs 0 body 1 pos 8,12 stuck 0
RC WALK 202 id 27 role defend pos 8,12 tgt 9,16 want SOUTH
V527I SEALNT 203 ph 5 fwd 1 hv 5
RC POS 203 id 4 seat 0 role raid fs 1 body 1 pos 3,9 stuck 0
RC WALK 203 id 4 role raid pos 3,9 tgt 7,7 want WEST
RC POS 203 id 6 seat 1 role expand fs 0 body 1 pos 9,11 stuck 0
RC WALK 203 id 6 role expand pos 9,11 tgt 12,13 want EAST
RC POS 203 id 8 seat 2 role expand fs 0 body 1 pos 4,9 stuck 0
RC WALK 203 id 8 role expand pos 4,9 tgt 5,16 want SOUTH
RC POS 203 id 11 seat 3 role raid fs 1 body 2 pos 4,1 stuck 0
RC WALK 203 id 11 role raid pos 4,1 tgt 8,3 want WEST
RC POS 203 id 27 seat 4 role defend fs 0 body 1 pos 8,13 stuck 0
RC WALK 203 id 27 role defend pos 8,13 tgt 9,16 want SOUTH
V527I SEALNT 204 ph 5 fwd 1 hv 5
RC POS 204 id 4 seat 0 role raid fs 1 body 1 pos 2,9 stuck 0
RC WALK 204 id 4 role raid pos 2,9 tgt 5,6 want NORTH
RC POS 204 id 6 seat 1 role expand fs 0 body 1 pos 10,11 stuck 0
RC WALK 204 id 6 role expand pos 10,11 tgt 12,13 want EAST
RC POS 204 id 8 seat 2 role expand fs 0 body 1 pos 4,10 stuck 0
RC WALK 204 id 8 role expand pos 4,10 tgt 5,16 want SOUTH
RC POS 204 id 11 seat 3 role raid fs 1 body 2 pos 3,1 stuck 0
RC POS 204 id 27 seat 4 role defend fs 0 body 1 pos 8,12 stuck 0
RC WALK 204 id 27 role defend pos 8,12 tgt 9,16 want SOUTH
V527I SEALNT 205 ph 5 fwd 1 hv 5
RC POS 205 id 4 seat 0 role raid fs 1 body 1 pos 2,8 stuck 0
RC WALK 205 id 4 role raid pos 2,8 tgt 7,7 want SOUTH
RC POS 205 id 6 seat 1 role expand fs 0 body 1 pos 11,11 stuck 0
RC WALK 205 id 6 role expand pos 11,11 tgt 12,13 want SOUTH
RC POS 205 id 8 seat 2 role expand fs 0 body 1 pos 4,11 stuck 0
RC WALK 205 id 8 role expand pos 4,11 tgt 5,16 want WEST
RC POS 205 id 11 seat 3 role raid fs 1 body 2 pos 4,1 stuck 0
RC POS 205 id 27 seat 4 role defend fs 0 body 1 pos 8,13 stuck 0
RC WALK 205 id 27 role defend pos 8,13 tgt 9,16 want SOUTH
V527I SEALNT 206 ph 5 fwd 1 hv 5
RC POS 206 id 4 seat 0 role raid fs 1 body 1 pos 2,9 stuck 0
RC WALK 206 id 4 role raid pos 2,9 tgt 5,6 want NORTH
RC POS 206 id 6 seat 1 role expand fs 0 body 1 pos 11,12 stuck 0
RC WALK 206 id 6 role expand pos 11,12 tgt 12,13 want EAST
RC POS 206 id 8 seat 2 role expand fs 0 body 1 pos 3,11 stuck 0
RC WALK 206 id 8 role expand pos 3,11 tgt 5,16 want SOUTH
RC POS 206 id 11 seat 3 role raid fs 1 body 2 pos 3,1 stuck 0
RC POS 206 id 27 seat 4 role defend fs 0 body 1 pos 8,13 stuck 2
RC WALK 206 id 27 role defend pos 8,13 tgt 9,16 want SOUTH
RC SEAT 206 id 253 seat 5
RC POS 206 id 253 seat 5 role raid fs 0 body 1 pos 8,12 stuck 0
RC WALK 206 id 253 role raid pos 8,12 tgt 8,6 want NORTH
V527I SEALNT 207 ph 5 fwd 1 hv 5
RC POS 207 id 4 seat 0 role raid fs 1 body 1 pos 2,8 stuck 0
RC WALK 207 id 4 role raid pos 2,8 tgt 7,7 want SOUTH
RC POS 207 id 6 seat 1 role expand fs 0 body 1 pos 12,12 stuck 0
RC WALK 207 id 6 role expand pos 12,12 tgt 12,13 want SOUTH
RC POS 207 id 8 seat 2 role expand fs 0 body 1 pos 3,12 stuck 0
RC WALK 207 id 8 role expand pos 3,12 tgt 5,16 want SOUTH
RC POS 207 id 11 seat 3 role raid fs 1 body 2 pos 3,2 stuck 0
RC WALK 207 id 11 role raid pos 3,2 tgt 8,3 want NORTH
RC POS 207 id 27 seat 4 role defend fs 0 body 1 pos 8,13 stuck 4
RC WALK 207 id 27 role defend pos 8,13 tgt 9,16 want SOUTH
RC POS 207 id 253 seat 5 role raid fs 0 body 1 pos 8,12 stuck 2
RC WALK 207 id 253 role raid pos 8,12 tgt 8,6 want NORTH
V527I SEALNT 208 ph 5 fwd 1 hv 5
RC POS 208 id 4 seat 0 role raid fs 1 body 1 pos 2,9 stuck 0
RC WALK 208 id 4 role raid pos 2,9 tgt 5,6 want NORTH
RC POS 208 id 6 seat 1 role expand fs 0 body 1 pos 12,13 stuck 0
V528 PICK r 208 id 6 tgt 7,15 cs 7 bs 7 reg 0 cc 0 bc 0 cands 2 banned 0 regall 0 seat 1
RC WALK 208 id 6 role expand pos 12,13 tgt 7,15 want WEST
RC POS 208 id 8 seat 2 role expand fs 0 body 1 pos 3,13 stuck 0
RC WALK 208 id 8 role expand pos 3,13 tgt 6,16 want EAST
RC POS 208 id 11 seat 3 role raid fs 1 body 2 pos 3,1 stuck 0
RC POS 208 id 27 seat 4 role defend fs 0 body 1 pos 8,13 stuck 6
RC WALK 208 id 27 role defend pos 8,13 tgt 9,16 want SOUTH
RC POS 208 id 253 seat 5 role raid fs 0 body 1 pos 8,12 stuck 4
RC WALK 208 id 253 role raid pos 8,12 tgt 8,6 want NORTH
V527I SEALNT 209 ph 5 fwd 1 hv 5
RC POS 209 id 4 seat 0 role raid fs 1 body 1 pos 2,8 stuck 0
RC WALK 209 id 4 role raid pos 2,8 tgt 7,7 want SOUTH
RC POS 209 id 6 seat 1 role expand fs 0 body 1 pos 11,13 stuck 0
RC WALK 209 id 6 role expand pos 11,13 tgt 7,14 want WEST
RC POS 209 id 8 seat 2 role expand fs 0 body 1 pos 4,13 stuck 0
RC WALK 209 id 8 role expand pos 4,13 tgt 6,16 want SOUTH
RC POS 209 id 11 seat 3 role raid fs 1 body 2 pos 3,2 stuck 0
RC WALK 209 id 11 role raid pos 3,2 tgt 8,3 want NORTH
RC POS 209 id 27 seat 4 role defend fs 0 body 1 pos 8,13 stuck 2
RC WALK 209 id 27 role defend pos 8,13 tgt 9,16 want SOUTH
RC POS 209 id 253 seat 5 role raid fs 0 body 1 pos 8,12 stuck 6
RC WALK 209 id 253 role raid pos 8,12 tgt 8,6 want NORTH
V527I SEALNT 210 ph 5 fwd 1 hv 5
RC POS 210 id 4 seat 0 role raid fs 1 body 1 pos 2,9 stuck 0
RC WALK 210 id 4 role raid pos 2,9 tgt 5,6 want NORTH
RC POS 210 id 6 seat 1 role expand fs 0 body 1 pos 10,13 stuck 0
RC WALK 210 id 6 role expand pos 10,13 tgt 7,14 want NORTH
RC POS 210 id 8 seat 2 role expand fs 0 body 1 pos 4,14 stuck 0
RC WALK 210 id 8 role expand pos 4,14 tgt 6,16 want EAST
RC POS 210 id 11 seat 3 role raid fs 1 body 2 pos 3,1 stuck 0
RC WALK 210 id 11 role raid pos 3,1 tgt 8,3 want EAST
RC POS 210 id 27 seat 4 role defend fs 0 body 1 pos 8,13 stuck 4
RC WALK 210 id 27 role defend pos 8,13 tgt 9,16 want SOUTH
RC POS 210 id 253 seat 5 role raid fs 0 body 1 pos 8,12 stuck 8
RC WALK 210 id 253 role raid pos 8,12 tgt 8,6 want NORTH
V527I SEALNT 211 ph 5 fwd 1 hv 5
RC POS 211 id 4 seat 0 role raid fs 1 body 1 pos 2,8 stuck 0
RC WALK 211 id 4 role raid pos 2,8 tgt 7,7 want SOUTH
RC POS 211 id 6 seat 1 role expand fs 0 body 1 pos 10,12 stuck 0
RC WALK 211 id 6 role expand pos 10,12 tgt 7,14 want NORTH
RC POS 211 id 8 seat 2 role expand fs 0 body 1 pos 5,14 stuck 0
RC WALK 211 id 8 role expand pos 5,14 tgt 6,16 want SOUTH
RC POS 211 id 11 seat 3 role raid fs 1 body 2 pos 4,1 stuck 0
RC POS 211 id 27 seat 4 role defend fs 0 body 1 pos 8,13 stuck 6
RC WALK 211 id 27 role defend pos 8,13 tgt 9,16 want SOUTH
RC POS 211 id 253 seat 5 role raid fs 0 body 1 pos 8,12 stuck 10
RC WALK 211 id 253 role raid pos 8,12 tgt 8,6 want NORTH
V527I SEALNT 212 ph 5 fwd 1 hv 5
RC POS 212 id 4 seat 0 role raid fs 1 body 1 pos 2,9 stuck 0
RC WALK 212 id 4 role raid pos 2,9 tgt 5,6 want NORTH
RC POS 212 id 6 seat 1 role expand fs 0 body 1 pos 10,11 stuck 0
RC WALK 212 id 6 role expand pos 10,11 tgt 7,14 want WEST
RC POS 212 id 8 seat 2 role expand fs 0 body 1 pos 5,15 stuck 0
RC WALK 212 id 8 role expand pos 5,15 tgt 6,16 want EAST
RC POS 212 id 11 seat 3 role raid fs 1 body 2 pos 3,1 stuck 0
RC WALK 212 id 11 role raid pos 3,1 tgt 8,3 want EAST
RC POS 212 id 27 seat 4 role defend fs 0 body 1 pos 8,13 stuck 2
RC WALK 212 id 27 role defend pos 8,13 tgt 8,9 want NORTH
RC POS 212 id 253 seat 5 role raid fs 0 body 1 pos 8,12 stuck 12
RC WALK 212 id 253 role raid pos 8,12 tgt 8,6 want NORTH
V527I SEALNT 213 ph 5 fwd 1 hv 5
RC POS 213 id 4 seat 0 role raid fs 1 body 1 pos 2,8 stuck 0
RC WALK 213 id 4 role raid pos 2,8 tgt 7,7 want SOUTH
RC POS 213 id 6 seat 1 role expand fs 0 body 1 pos 9,11 stuck 0
RC WALK 213 id 6 role expand pos 9,11 tgt 7,14 want NORTH
RC POS 213 id 8 seat 2 role expand fs 0 body 1 pos 6,15 stuck 0
RC WALK 213 id 8 role expand pos 6,15 tgt 6,16 want SOUTH
RC POS 213 id 27 seat 4 role defend fs 0 body 1 pos 8,13 stuck 4
RC WALK 213 id 27 role defend pos 8,13 tgt 8,10 want NORTH
RC POS 213 id 253 seat 5 role raid fs 0 body 1 pos 8,12 stuck 14
RC WALK 213 id 253 role raid pos 8,12 tgt 8,6 want NORTH
RC SEAT 213 id 265 seat 6
RC POS 213 id 265 seat 6 role raid fs 0 body 1 pos 5,14 stuck 0
RC WALK 213 id 265 role raid pos 5,14 tgt 5,6 want WEST
V527I SEALNT 214 ph 5 fwd 1 hv 5
RC POS 214 id 4 seat 0 role raid fs 1 body 1 pos 2,9 stuck 0
RC WALK 214 id 4 role raid pos 2,9 tgt 5,6 want NORTH
RC POS 214 id 6 seat 1 role expand fs 0 body 1 pos 9,10 stuck 0
RC WALK 214 id 6 role expand pos 9,10 tgt 7,14 want WEST
RC POS 214 id 8 seat 2 role expand fs 0 body 1 pos 6,16 stuck 0
V528 PICK r 214 id 8 tgt 3,7 cs 12 bs 12 reg 0 cc 0 bc 0 cands 2 banned 0 regall 0 seat 2
RC WALK 214 id 8 role expand pos 6,16 tgt 3,7 want NORTH
RC POS 214 id 27 seat 4 role defend fs 0 body 1 pos 8,13 stuck 6
RC WALK 214 id 27 role defend pos 8,13 tgt 7,10 want NORTH
RC POS 214 id 253 seat 5 role raid fs 0 body 1 pos 8,12 stuck 1
RC WALK 214 id 253 role raid pos 8,12 tgt 8,3 want NORTH
RC POS 214 id 265 seat 6 role raid fs 0 body 1 pos 4,14 stuck 0
RC WALK 214 id 265 role raid pos 4,14 tgt 5,6 want NORTH
V527I SEALNT 215 ph 5 fwd 1 hv 5
RC POS 215 id 4 seat 0 role raid fs 1 body 1 pos 2,8 stuck 0
RC WALK 215 id 4 role raid pos 2,8 tgt 7,7 want SOUTH
RC POS 215 id 6 seat 1 role expand fs 0 body 1 pos 8,10 stuck 0
RC WALK 215 id 6 role expand pos 8,10 tgt 7,14 want WEST
RC POS 215 id 8 seat 2 role expand fs 0 body 1 pos 6,15 stuck 0
RC WALK 215 id 8 role expand pos 6,15 tgt 3,7 want NORTH
RC POS 215 id 27 seat 4 role defend fs 0 body 1 pos 8,13 stuck 8
RC WALK 215 id 27 role defend pos 8,13 tgt 7,11 want NORTH
RC POS 215 id 253 seat 5 role raid fs 0 body 1 pos 8,12 stuck 3
RC WALK 215 id 253 role raid pos 8,12 tgt 8,3 want NORTH
RC POS 215 id 265 seat 6 role raid fs 0 body 1 pos 4,13 stuck 0
RC WALK 215 id 265 role raid pos 4,13 tgt 5,6 want WEST
V527I SEALNT 216 ph 5 fwd 1 hv 5
RC POS 216 id 4 seat 0 role raid fs 1 body 1 pos 2,9 stuck 0
RC WALK 216 id 4 role raid pos 2,9 tgt 5,6 want EAST
RC POS 216 id 6 seat 1 role expand fs 0 body 1 pos 7,10 stuck 0
RC WALK 216 id 6 role expand pos 7,10 tgt 7,14 want WEST
RC POS 216 id 8 seat 2 role expand fs 0 body 1 pos 6,14 stuck 0
RC WALK 216 id 8 role expand pos 6,14 tgt 3,7 want WEST
RC POS 216 id 27 seat 4 role defend fs 0 body 1 pos 8,13 stuck 10
RC WALK 216 id 27 role defend pos 8,13 tgt 6,11 want WEST
RC POS 216 id 253 seat 5 role raid fs 0 body 1 pos 8,12 stuck 5
RC WALK 216 id 253 role raid pos 8,12 tgt 8,3 want NORTH
RC POS 216 id 265 seat 6 role raid fs 0 body 1 pos 3,13 stuck 0
RC WALK 216 id 265 role raid pos 3,13 tgt 5,6 want NORTH
V527I SEALNT 217 ph 5 fwd 1 hv 5
RC POS 217 id 4 seat 0 role raid fs 1 body 1 pos 3,9 stuck 0
RC WALK 217 id 4 role raid pos 3,9 tgt 7,7 want EAST
RC POS 217 id 6 seat 1 role expand fs 0 body 1 pos 6,10 stuck 0
RC WALK 217 id 6 role expand pos 6,10 tgt 7,14 want EAST
RC POS 217 id 8 seat 2 role expand fs 0 body 1 pos 5,14 stuck 0
RC WALK 217 id 8 role expand pos 5,14 tgt 3,7 want WEST
RC POS 217 id 27 seat 4 role defend fs 0 body 1 pos 8,13 stuck 12
RC WALK 217 id 27 role defend pos 8,13 tgt 9,16 want SOUTH
RC POS 217 id 253 seat 5 role raid fs 0 body 1 pos 8,12 stuck 7
RC WALK 217 id 253 role raid pos 8,12 tgt 8,3 want NORTH
RC POS 217 id 265 seat 6 role raid fs 0 body 1 pos 3,12 stuck 0
RC WALK 217 id 265 role raid pos 3,12 tgt 5,6 want NORTH
V527I SEALNT 218 ph 5 fwd 1 hv 5
RC POS 218 id 4 seat 0 role raid fs 1 body 1 pos 4,9 stuck 0
RC WALK 218 id 4 role raid pos 4,9 tgt 7,7 want EAST
RC POS 218 id 6 seat 1 role expand fs 0 body 1 pos 7,10 stuck 0
RC WALK 218 id 6 role expand pos 7,10 tgt 7,14 want EAST
RC POS 218 id 8 seat 2 role expand fs 0 body 1 pos 4,14 stuck 0
RC WALK 218 id 8 role expand pos 4,14 tgt 3,7 want NORTH
RC POS 218 id 27 seat 4 role defend fs 0 body 1 pos 8,13 stuck 2
RC WALK 218 id 27 role defend pos 8,13 tgt 9,16 want SOUTH
RC POS 218 id 253 seat 5 role raid fs 0 body 1 pos 8,12 stuck 9
RC WALK 218 id 253 role raid pos 8,12 tgt 8,3 want NORTH
RC POS 218 id 265 seat 6 role raid fs 0 body 1 pos 3,11 stuck 0
RC WALK 218 id 265 role raid pos 3,11 tgt 5,6 want EAST
V527I SEALNT 219 ph 5 fwd 1 hv 5
RC POS 219 id 4 seat 0 role raid fs 1 body 1 pos 5,9 stuck 0
RC WALK 219 id 4 role raid pos 5,9 tgt 7,7 want EAST
RC POS 219 id 6 seat 1 role expand fs 0 body 1 pos 8,10 stuck 0
RC WALK 219 id 6 role expand pos 8,10 tgt 7,14 want WEST
RC POS 219 id 8 seat 2 role expand fs 0 body 1 pos 4,13 stuck 0
RC WALK 219 id 8 role expand pos 4,13 tgt 3,7 want WEST
RC POS 219 id 27 seat 4 role defend fs 0 body 1 pos 8,13 stuck 4
RC WALK 219 id 27 role defend pos 8,13 tgt 9,16 want SOUTH
RC POS 219 id 253 seat 5 role raid fs 0 body 1 pos 8,12 stuck 11
RC WALK 219 id 253 role raid pos 8,12 tgt 8,3 want NORTH
RC POS 219 id 265 seat 6 role raid fs 0 body 1 pos 4,11 stuck 0
RC WALK 219 id 265 role raid pos 4,11 tgt 5,6 want NORTH
V527I SEALNT 220 ph 5 fwd 1 hv 5
RC POS 220 id 4 seat 0 role raid fs 1 body 1 pos 6,9 stuck 0
RC WALK 220 id 4 role raid pos 6,9 tgt 7,7 want NORTH
RC POS 220 id 6 seat 1 role expand fs 0 body 1 pos 7,10 stuck 0
RC WALK 220 id 6 role expand pos 7,10 tgt 7,14 want SOUTH
RC POS 220 id 8 seat 2 role expand fs 0 body 1 pos 3,13 stuck 0
RC WALK 220 id 8 role expand pos 3,13 tgt 3,7 want NORTH
RC POS 220 id 27 seat 4 role defend fs 0 body 1 pos 8,13 stuck 6
RC WALK 220 id 27 role defend pos 8,13 tgt 9,16 want SOUTH
RC POS 220 id 253 seat 5 role raid fs 0 body 1 pos 8,12 stuck 13
RC WALK 220 id 253 role raid pos 8,12 tgt 8,3 want NORTH
RC POS 220 id 265 seat 6 role raid fs 0 body 1 pos 4,10 stuck 0
RC WALK 220 id 265 role raid pos 4,10 tgt 5,6 want NORTH
V527I SEALNT 221 ph 5 fwd 1 hv 5
RC POS 221 id 4 seat 0 role raid fs 1 body 1 pos 6,8 stuck 0
RC POS 221 id 6 seat 1 role expand fs 0 body 1 pos 7,11 stuck 0
RC WALK 221 id 6 role expand pos 7,11 tgt 7,14 want WEST
RC POS 221 id 8 seat 2 role expand fs 0 body 1 pos 3,12 stuck 0
RC WALK 221 id 8 role expand pos 3,12 tgt 3,7 want NORTH
RC POS 221 id 27 seat 4 role defend fs 0 body 1 pos 8,13 stuck 2
RC WALK 221 id 27 role defend pos 8,13 tgt 9,16 want SOUTH
RC POS 221 id 253 seat 5 role raid fs 0 body 1 pos 8,12 stuck 15
RC WALK 221 id 253 role raid pos 8,12 tgt 8,3 want NORTH
RC POS 221 id 265 seat 6 role raid fs 0 body 1 pos 4,9 stuck 0
RC WALK 221 id 265 role raid pos 4,9 tgt 5,6 want NORTH
V527I SEALNT 222 ph 5 fwd 1 hv 5
RC POS 222 id 4 seat 0 role raid fs 1 body 1 pos 6,8 stuck 1
RC WALK 222 id 4 role raid pos 6,8 tgt 7,7 want EAST
RC POS 222 id 6 seat 1 role expand fs 0 body 1 pos 6,11 stuck 0
RC WALK 222 id 6 role expand pos 6,11 tgt 7,14 want EAST
RC POS 222 id 8 seat 2 role expand fs 0 body 1 pos 3,11 stuck 0
RC WALK 222 id 8 role expand pos 3,11 tgt 4,7 want WEST
RC POS 222 id 27 seat 4 role defend fs 0 body 1 pos 8,13 stuck 4
RC WALK 222 id 27 role defend pos 8,13 tgt 9,16 want SOUTH
RC POS 222 id 253 seat 5 role raid fs 0 body 1 pos 8,12 stuck 1
RC WALK 222 id 253 role raid pos 8,12 tgt 5,6 want NORTH
RC POS 222 id 265 seat 6 role raid fs 0 body 1 pos 4,8 stuck 0
RC WALK 222 id 265 role raid pos 4,8 tgt 5,6 want NORTH
V527I SEALNT 223 ph 5 fwd 1 hv 5
RC POS 223 id 4 seat 0 role raid fs 1 body 1 pos 7,8 stuck 0
RC WALK 223 id 4 role raid pos 7,8 tgt 7,7 want NORTH
RC POS 223 id 6 seat 1 role expand fs 0 body 1 pos 7,11 stuck 0
RC WALK 223 id 6 role expand pos 7,11 tgt 7,14 want WEST
RC POS 223 id 8 seat 2 role expand fs 0 body 1 pos 2,11 stuck 0
RC WALK 223 id 8 role expand pos 2,11 tgt 4,7 want NORTH
RC POS 223 id 27 seat 4 role defend fs 0 body 1 pos 8,13 stuck 6
RC WALK 223 id 27 role defend pos 8,13 tgt 9,16 want SOUTH
RC POS 223 id 253 seat 5 role raid fs 0 body 1 pos 8,12 stuck 3
RC WALK 223 id 253 role raid pos 8,12 tgt 5,6 want NORTH
RC POS 223 id 265 seat 6 role raid fs 0 body 1 pos 4,7 stuck 0
RC WALK 223 id 265 role raid pos 4,7 tgt 5,6 want NORTH
V527I SEALNT 224 ph 5 fwd 1 hv 5
RC POS 224 id 4 seat 0 role raid fs 1 body 1 pos 7,7 stuck 0
RC POS 224 id 6 seat 1 role expand fs 0 body 1 pos 6,11 stuck 0
RC WALK 224 id 6 role expand pos 6,11 tgt 7,14 want WEST
RC POS 224 id 8 seat 2 role expand fs 0 body 1 pos 2,10 stuck 0
RC WALK 224 id 8 role expand pos 2,10 tgt 4,7 want NORTH
RC POS 224 id 27 seat 4 role defend fs 0 body 1 pos 8,13 stuck 2
RC WALK 224 id 27 role defend pos 8,13 tgt 9,16 want SOUTH
RC POS 224 id 253 seat 5 role raid fs 0 body 1 pos 8,12 stuck 5
RC WALK 224 id 253 role raid pos 8,12 tgt 5,6 want NORTH
RC POS 224 id 265 seat 6 role raid fs 0 body 1 pos 4,6 stuck 0
V527I SEALNT 225 ph 5 fwd 1 hv 5
RC POS 225 id 4 seat 0 role raid fs 1 body 1 pos 7,7 stuck 1
RC WALK 225 id 4 role raid pos 7,7 tgt 8,6 want EAST
RC POS 225 id 6 seat 1 role expand fs 0 body 1 pos 5,11 stuck 0
RC WALK 225 id 6 role expand pos 5,11 tgt 7,14 want WEST
RC POS 225 id 8 seat 2 role expand fs 0 body 1 pos 2,9 stuck 0
RC WALK 225 id 8 role expand pos 2,9 tgt 4,7 want EAST
RC POS 225 id 27 seat 4 role defend fs 0 body 1 pos 8,13 stuck 4
RC WALK 225 id 27 role defend pos 8,13 tgt 9,16 want SOUTH
RC POS 225 id 253 seat 5 role raid fs 0 body 1 pos 8,12 stuck 7
RC WALK 225 id 253 role raid pos 8,12 tgt 5,6 want NORTH
RC POS 225 id 265 seat 6 role raid fs 0 body 1 pos 4,6 stuck 1
RC WALK 225 id 265 role raid pos 4,6 tgt 8,6 want SOUTH
V527I SEALNT 226 ph 5 fwd 1 hv 5
RC POS 226 id 4 seat 0 role raid fs 1 body 1 pos 8,7 stuck 0
RC WALK 226 id 4 role raid pos 8,7 tgt 8,6 want NORTH
RC POS 226 id 6 seat 1 role expand fs 0 body 1 pos 4,11 stuck 0
RC WALK 226 id 6 role expand pos 4,11 tgt 7,14 want WEST
RC POS 226 id 8 seat 2 role expand fs 0 body 1 pos 3,9 stuck 0
RC WALK 226 id 8 role expand pos 3,9 tgt 4,7 want NORTH
RC POS 226 id 27 seat 4 role defend fs 0 body 1 pos 8,13 stuck 6
RC WALK 226 id 27 role defend pos 8,13 tgt 9,16 want SOUTH
RC POS 226 id 253 seat 5 role raid fs 0 body 1 pos 8,12 stuck 9
RC WALK 226 id 253 role raid pos 8,12 tgt 5,6 want NORTH
RC POS 226 id 265 seat 6 role raid fs 0 body 1 pos 4,7 stuck 0
RC WALK 226 id 265 role raid pos 4,7 tgt 8,6 want SOUTH
V527I SEALNT 227 ph 5 fwd 1 hv 5
RC POS 227 id 4 seat 0 role raid fs 1 body 1 pos 8,6 stuck 0
V527 SELFCUT 227 n 1
RC POS 227 id 6 seat 1 role expand fs 0 body 1 pos 3,11 stuck 0
RC WALK 227 id 6 role expand pos 3,11 tgt 7,14 want SOUTH
RC POS 227 id 8 seat 2 role expand fs 0 body 1 pos 3,8 stuck 0
RC WALK 227 id 8 role expand pos 3,8 tgt 4,7 want WEST
RC POS 227 id 27 seat 4 role defend fs 0 body 1 pos 8,13 stuck 2
RC WALK 227 id 27 role defend pos 8,13 tgt 9,16 want SOUTH
RC POS 227 id 253 seat 5 role raid fs 0 body 1 pos 8,12 stuck 11
RC WALK 227 id 253 role raid pos 8,12 tgt 5,6 want NORTH
RC POS 227 id 265 seat 6 role raid fs 0 body 1 pos 4,8 stuck 0
RC WALK 227 id 265 role raid pos 4,8 tgt 8,6 want EAST
V527I SEALNT 228 ph 5 fwd 1 hv 5
RC POS 228 id 4 seat 0 role raid fs 1 body 1 pos 8,6 stuck 1
V527 BUNKER HOLD 228 why collar blk gate
RC WALK 228 id 4 role raid pos 8,6 tgt 8,3 want NORTH
RC POS 228 id 6 seat 1 role expand fs 0 body 1 pos 3,12 stuck 0
RC WALK 228 id 6 role expand pos 3,12 tgt 7,14 want SOUTH
RC POS 228 id 8 seat 2 role expand fs 0 body 1 pos 2,8 stuck 0
RC WALK 228 id 8 role expand pos 2,8 tgt 4,7 want EAST
RC POS 228 id 27 seat 4 role defend fs 0 body 1 pos 8,13 stuck 4
RC WALK 228 id 27 role defend pos 8,13 tgt 9,16 want SOUTH
RC POS 228 id 253 seat 5 role raid fs 0 body 1 pos 8,12 stuck 13
RC WALK 228 id 253 role raid pos 8,12 tgt 5,6 want NORTH
RC POS 228 id 265 seat 6 role raid fs 0 body 1 pos 5,8 stuck 0
RC WALK 228 id 265 role raid pos 5,8 tgt 8,6 want EAST
V527I SEALNT 229 ph 5 fwd 1 hv 5
RC POS 229 id 4 seat 0 role raid fs 1 body 1 pos 9,6 stuck 0
V527 BUNKER HOLD 229 why collar blk gate
RC WALK 229 id 4 role raid pos 9,6 tgt 8,3 want NORTH
RC POS 229 id 6 seat 1 role expand fs 0 body 1 pos 3,13 stuck 0
RC WALK 229 id 6 role expand pos 3,13 tgt 7,14 want EAST
RC POS 229 id 8 seat 2 role expand fs 0 body 1 pos 3,8 stuck 0
RC WALK 229 id 8 role expand pos 3,8 tgt 4,7 want EAST
RC POS 229 id 27 seat 4 role defend fs 0 body 1 pos 8,13 stuck 6
RC WALK 229 id 27 role defend pos 8,13 tgt 9,16 want SOUTH
RC POS 229 id 253 seat 5 role raid fs 0 body 1 pos 8,12 stuck 15
RC WALK 229 id 253 role raid pos 8,12 tgt 5,6 want NORTH
RC POS 229 id 265 seat 6 role raid fs 0 body 1 pos 6,8 stuck 0
RC WALK 229 id 265 role raid pos 6,8 tgt 8,6 want EAST
V527I SEALNT 230 ph 5 fwd 1 hv 5
RC POS 230 id 4 seat 0 role raid fs 1 body 1 pos 10,6 stuck 0
RC WALK 230 id 4 role raid pos 10,6 tgt 5,6 want WEST
RC POS 230 id 6 seat 1 role expand fs 0 body 1 pos 4,13 stuck 0
RC WALK 230 id 6 role expand pos 4,13 tgt 7,14 want SOUTH
RC POS 230 id 8 seat 2 role expand fs 0 body 1 pos 4,8 stuck 0
RC WALK 230 id 8 role expand pos 4,8 tgt 4,7 want NORTH
RC POS 230 id 27 seat 4 role defend fs 0 body 1 pos 8,13 stuck 2
RC WALK 230 id 27 role defend pos 8,13 tgt 9,16 want SOUTH
RC POS 230 id 253 seat 5 role raid fs 0 body 1 pos 8,12 stuck 1
RC WALK 230 id 253 role raid pos 8,12 tgt 5,6 want NORTH
RC POS 230 id 265 seat 6 role raid fs 0 body 1 pos 7,8 stuck 0
RC WALK 230 id 265 role raid pos 7,8 tgt 8,6 want NORTH
V527I SEALNT 231 ph 5 fwd 1 hv 5
RC POS 231 id 4 seat 0 role raid fs 1 body 1 pos 9,6 stuck 0
V527 BUNKER HOLD 231 why collar blk gate
RC WALK 231 id 4 role raid pos 9,6 tgt 8,3 want NORTH
RC POS 231 id 6 seat 1 role expand fs 0 body 1 pos 4,14 stuck 0
RC WALK 231 id 6 role expand pos 4,14 tgt 7,14 want EAST
RC POS 231 id 8 seat 2 role expand fs 0 body 1 pos 4,7 stuck 0
V528 PICK r 231 id 8 tgt 5,16 cs 10 bs 10 reg 0 cc 0 bc 0 cands 2 banned 0 regall 0 seat 2
RC WALK 231 id 8 role expand pos 4,7 tgt 5,16 want SOUTH
RC POS 231 id 27 seat 4 role defend fs 0 body 1 pos 8,13 stuck 4
RC WALK 231 id 27 role defend pos 8,13 tgt 9,16 want SOUTH
RC POS 231 id 253 seat 5 role raid fs 0 body 1 pos 8,12 stuck 3
RC WALK 231 id 253 role raid pos 8,12 tgt 5,6 want NORTH
RC POS 231 id 265 seat 6 role raid fs 0 body 1 pos 7,7 stuck 0
RC WALK 231 id 265 role raid pos 7,7 tgt 8,3 want SOUTH
V527I SEALNT 232 ph 5 fwd 1 hv 5
RC POS 232 id 4 seat 0 role raid fs 1 body 1 pos 10,6 stuck 0
RC WALK 232 id 4 role raid pos 10,6 tgt 5,6 want WEST
RC POS 232 id 6 seat 1 role expand fs 0 body 1 pos 5,14 stuck 0
RC WALK 232 id 6 role expand pos 5,14 tgt 7,14 want EAST
RC POS 232 id 8 seat 2 role expand fs 0 body 1 pos 4,8 stuck 0
RC WALK 232 id 8 role expand pos 4,8 tgt 5,16 want SOUTH
RC POS 232 id 27 seat 4 role defend fs 0 body 1 pos 8,13 stuck 6
RC WALK 232 id 27 role defend pos 8,13 tgt 9,16 want SOUTH
RC POS 232 id 253 seat 5 role raid fs 0 body 1 pos 8,12 stuck 5
V528 PICK r 232 id 253 tgt 5,1 cs 35 bs 35 reg 0 cc 7 bc 7 cands 1 banned 0 regall 0 seat 5
RC WALK 232 id 253 role raid pos 8,12 tgt 5,1 want NORTH
RC POS 232 id 265 seat 6 role raid fs 0 body 1 pos 7,8 stuck 0
RC WALK 232 id 265 role raid pos 7,8 tgt 8,3 want WEST
V527I SEALNT 233 ph 5 fwd 1 hv 5
RC POS 233 id 4 seat 0 role raid fs 1 body 1 pos 9,6 stuck 0
V527 BUNKER HOLD 233 why collar blk gate
RC WALK 233 id 4 role raid pos 9,6 tgt 8,3 want NORTH
RC POS 233 id 6 seat 1 role expand fs 0 body 1 pos 6,14 stuck 0
RC WALK 233 id 6 role expand pos 6,14 tgt 7,14 want EAST
RC POS 233 id 8 seat 2 role expand fs 0 body 1 pos 4,9 stuck 0
RC WALK 233 id 8 role expand pos 4,9 tgt 5,16 want SOUTH
RC POS 233 id 27 seat 4 role defend fs 0 body 1 pos 8,13 stuck 2
RC WALK 233 id 27 role defend pos 8,13 tgt 9,16 want SOUTH
RC POS 233 id 253 seat 5 role raid fs 0 body 1 pos 8,12 stuck 2
RC WALK 233 id 253 role raid pos 8,12 tgt 5,1 want NORTH
RC POS 233 id 265 seat 6 role raid fs 0 body 1 pos 6,8 stuck 0
RC WALK 233 id 265 role raid pos 6,8 tgt 8,3 want WEST
V527I SEALNT 234 ph 5 fwd 1 hv 5
RC POS 234 id 4 seat 0 role raid fs 1 body 1 pos 10,6 stuck 0
RC WALK 234 id 4 role raid pos 10,6 tgt 5,6 want WEST
RC POS 234 id 6 seat 1 role expand fs 0 body 1 pos 7,14 stuck 0
V528 PICK r 234 id 6 tgt 12,14 cs 5 bs 5 reg 0 cc 0 bc 0 cands 2 banned 0 regall 0 seat 1
RC WALK 234 id 6 role expand pos 7,14 tgt 12,14 want WEST
RC POS 234 id 8 seat 2 role expand fs 0 body 1 pos 4,10 stuck 0
RC WALK 234 id 8 role expand pos 4,10 tgt 5,16 want SOUTH
RC POS 234 id 27 seat 4 role defend fs 0 body 1 pos 8,13 stuck 4
RC WALK 234 id 27 role defend pos 8,13 tgt 9,16 want SOUTH
RC POS 234 id 253 seat 5 role raid fs 0 body 1 pos 8,12 stuck 4
RC WALK 234 id 253 role raid pos 8,12 tgt 5,1 want NORTH
RC POS 234 id 265 seat 6 role raid fs 0 body 1 pos 5,8 stuck 0
RC WALK 234 id 265 role raid pos 5,8 tgt 8,3 want WEST
V527I SEALNT 235 ph 5 fwd 1 hv 5
RC POS 235 id 4 seat 0 role raid fs 1 body 1 pos 9,6 stuck 0
V527 BUNKER HOLD 235 why collar blk nosite
RC POS 235 id 6 seat 1 role expand fs 0 body 1 pos 6,14 stuck 0
RC WALK 235 id 6 role expand pos 6,14 tgt 12,14 want WEST
RC POS 235 id 8 seat 2 role expand fs 0 body 1 pos 4,11 stuck 0
RC WALK 235 id 8 role expand pos 4,11 tgt 5,16 want WEST
RC POS 235 id 27 seat 4 role defend fs 0 body 1 pos 8,13 stuck 6
RC WALK 235 id 27 role defend pos 8,13 tgt 9,16 want SOUTH
RC POS 235 id 253 seat 5 role raid fs 0 body 1 pos 8,12 stuck 6
V528 PICK r 235 id 253 tgt 5,1 cs 35 bs 35 reg 0 cc 7 bc 7 cands 1 banned 1 regall 0 seat 5
RC WALK 235 id 253 role raid pos 8,12 tgt 5,1 want NORTH
RC POS 235 id 265 seat 6 role raid fs 0 body 1 pos 4,8 stuck 0
RC WALK 235 id 265 role raid pos 4,8 tgt 8,3 want EAST
V527I SEALNT 236 ph 5 fwd 2 hv 5
RC POS 236 id 4 seat 0 role raid fs 1 body 1 pos 9,6 stuck 1
V527 BUNKER HOLD 236 why collar blk gate
RC WALK 236 id 4 role raid pos 9,6 tgt 8,3 want NORTH
RC POS 236 id 6 seat 1 role expand fs 0 body 1 pos 5,14 stuck 0
RC WALK 236 id 6 role expand pos 5,14 tgt 12,14 want WEST
RC POS 236 id 8 seat 2 role expand fs 0 body 1 pos 3,11 stuck 0
RC WALK 236 id 8 role expand pos 3,11 tgt 5,16 want SOUTH
RC POS 236 id 27 seat 4 role defend fs 0 body 1 pos 8,13 stuck 2
RC WALK 236 id 27 role defend pos 8,13 tgt 9,16 want SOUTH
RC POS 236 id 253 seat 5 role raid fs 0 body 1 pos 8,12 stuck 2
RC WALK 236 id 253 role raid pos 8,12 tgt 5,1 want NORTH
RC POS 236 id 265 seat 6 role raid fs 0 body 1 pos 5,8 stuck 0
RC WALK 236 id 265 role raid pos 5,8 tgt 8,3 want WEST
V527I SEALNT 237 ph 5 fwd 2 hv 5
RC POS 237 id 4 seat 0 role raid fs 1 body 1 pos 10,6 stuck 0
RC WALK 237 id 4 role raid pos 10,6 tgt 5,6 want WEST
RC POS 237 id 6 seat 1 role expand fs 0 body 1 pos 4,14 stuck 0
RC WALK 237 id 6 role expand pos 4,14 tgt 12,14 want NORTH
RC POS 237 id 8 seat 2 role expand fs 0 body 1 pos 3,12 stuck 0
RC WALK 237 id 8 role expand pos 3,12 tgt 5,16 want SOUTH
RC POS 237 id 27 seat 4 role defend fs 0 body 1 pos 8,13 stuck 4
RC WALK 237 id 27 role defend pos 8,13 tgt 9,16 want SOUTH
RC POS 237 id 253 seat 5 role raid fs 0 body 1 pos 8,12 stuck 4
RC WALK 237 id 253 role raid pos 8,12 tgt 5,1 want NORTH
RC POS 237 id 265 seat 6 role raid fs 0 body 1 pos 4,8 stuck 0
RC WALK 237 id 265 role raid pos 4,8 tgt 8,6 want EAST
V527I SEALNT 238 ph 5 fwd 2 hv 5
RC POS 238 id 4 seat 0 role raid fs 1 body 1 pos 9,6 stuck 0
V527 BUNKER HOLD 238 why collar blk gate
RC WALK 238 id 4 role raid pos 9,6 tgt 8,3 want NORTH
RC POS 238 id 6 seat 1 role expand fs 0 body 1 pos 4,13 stuck 0
RC WALK 238 id 6 role expand pos 4,13 tgt 12,14 want SOUTH
RC POS 238 id 8 seat 2 role expand fs 0 body 1 pos 3,13 stuck 0
RC WALK 238 id 8 role expand pos 3,13 tgt 6,16 want SOUTH
RC POS 238 id 27 seat 4 role defend fs 0 body 1 pos 8,13 stuck 6
RC WALK 238 id 27 role defend pos 8,13 tgt 6,9 want NORTH
RC POS 238 id 253 seat 5 role raid fs 0 body 1 pos 8,12 stuck 6
V528 PICK r 238 id 253 tgt 5,1 cs 35 bs 35 reg 0 cc 7 bc 7 cands 1 banned 1 regall 0 seat 5
RC WALK 238 id 253 role raid pos 8,12 tgt 5,1 want NORTH
RC POS 238 id 265 seat 6 role raid fs 0 body 1 pos 5,8 stuck 0
RC WALK 238 id 265 role raid pos 5,8 tgt 8,6 want EAST
V527I SEALNT 239 ph 5 fwd 2 hv 5
RC POS 239 id 4 seat 0 role raid fs 1 body 1 pos 10,6 stuck 0
RC WALK 239 id 4 role raid pos 10,6 tgt 5,6 want WEST
RC POS 239 id 6 seat 1 role expand fs 0 body 1 pos 4,14 stuck 0
RC WALK 239 id 6 role expand pos 4,14 tgt 12,14 want NORTH
RC POS 239 id 8 seat 2 role expand fs 0 body 1 pos 3,14 stuck 0
RC WALK 239 id 8 role expand pos 3,14 tgt 6,16 want EAST
RC POS 239 id 27 seat 4 role defend fs 0 body 1 pos 8,13 stuck 8
RC WALK 239 id 27 role defend pos 8,13 tgt 9,16 want SOUTH
RC POS 239 id 253 seat 5 role raid fs 0 body 1 pos 8,12 stuck 2
RC WALK 239 id 253 role raid pos 8,12 tgt 5,1 want NORTH
RC POS 239 id 265 seat 6 role raid fs 0 body 1 pos 6,8 stuck 0
RC WALK 239 id 265 role raid pos 6,8 tgt 8,6 want EAST
V527I SEALNT 240 ph 5 fwd 2 hv 5
RC POS 240 id 4 seat 0 role raid fs 1 body 1 pos 9,6 stuck 0
V527 BUNKER HOLD 240 why collar blk gate
RC WALK 240 id 4 role raid pos 9,6 tgt 8,3 want NORTH
RC POS 240 id 6 seat 1 role expand fs 0 body 1 pos 4,13 stuck 0
RC WALK 240 id 6 role expand pos 4,13 tgt 12,14 want WEST
RC POS 240 id 8 seat 2 role expand fs 0 body 1 pos 4,14 stuck 0
RC WALK 240 id 8 role expand pos 4,14 tgt 6,16 want EAST
RC POS 240 id 27 seat 4 role defend fs 0 body 1 pos 8,13 stuck 2
RC WALK 240 id 27 role defend pos 8,13 tgt 6,9 want NORTH
RC POS 240 id 253 seat 5 role raid fs 0 body 1 pos 8,12 stuck 4
RC WALK 240 id 253 role raid pos 8,12 tgt 5,1 want NORTH
RC POS 240 id 265 seat 6 role raid fs 0 body 1 pos 7,8 stuck 0
RC WALK 240 id 265 role raid pos 7,8 tgt 8,6 want NORTH
V527I SEALNT 241 ph 5 fwd 2 hv 5
RC POS 241 id 4 seat 0 role raid fs 1 body 1 pos 10,6 stuck 0
RC WALK 241 id 4 role raid pos 10,6 tgt 5,6 want WEST
RC POS 241 id 6 seat 1 role expand fs 0 body 1 pos 3,13 stuck 0
RC WALK 241 id 6 role expand pos 3,13 tgt 12,14 want NORTH
RC POS 241 id 8 seat 2 role expand fs 0 body 1 pos 5,14 stuck 0
RC WALK 241 id 8 role expand pos 5,14 tgt 6,16 want SOUTH
RC POS 241 id 27 seat 4 role defend fs 0 body 1 pos 8,13 stuck 4
RC WALK 241 id 27 role defend pos 8,13 tgt 6,9 want NORTH
RC POS 241 id 253 seat 5 role raid fs 0 body 1 pos 8,12 stuck 6
V528 PICK r 241 id 253 tgt 5,1 cs 35 bs 35 reg 0 cc 7 bc 7 cands 1 banned 1 regall 0 seat 5
RC WALK 241 id 253 role raid pos 8,12 tgt 5,1 want NORTH
RC POS 241 id 265 seat 6 role raid fs 0 body 1 pos 7,7 stuck 0
RC WALK 241 id 265 role raid pos 7,7 tgt 8,6 want EAST
V527I SEALNT 242 ph 5 fwd 2 hv 5
RC POS 242 id 4 seat 0 role raid fs 1 body 1 pos 9,6 stuck 0
V527 BUNKER HOLD 242 why collar blk gate
RC WALK 242 id 4 role raid pos 9,6 tgt 8,3 want NORTH
RC POS 242 id 6 seat 1 role expand fs 0 body 1 pos 3,12 stuck 0
RC WALK 242 id 6 role expand pos 3,12 tgt 12,14 want NORTH
RC POS 242 id 8 seat 2 role expand fs 0 body 1 pos 5,15 stuck 0
RC WALK 242 id 8 role expand pos 5,15 tgt 6,16 want EAST
RC POS 242 id 27 seat 4 role defend fs 0 body 1 pos 8,13 stuck 6
RC WALK 242 id 27 role defend pos 8,13 tgt 9,16 want SOUTH
RC POS 242 id 253 seat 5 role raid fs 0 body 1 pos 8,12 stuck 2
RC WALK 242 id 253 role raid pos 8,12 tgt 5,1 want NORTH
RC POS 242 id 265 seat 6 role raid fs 0 body 1 pos 8,7 stuck 0
RC WALK 242 id 265 role raid pos 8,7 tgt 8,6 want NORTH
V527I SEALNT 243 ph 5 fwd 2 hv 5
RC POS 243 id 4 seat 0 role raid fs 1 body 1 pos 10,6 stuck 0
RC WALK 243 id 4 role raid pos 10,6 tgt 5,6 want SOUTH
RC POS 243 id 6 seat 1 role expand fs 0 body 1 pos 3,11 stuck 0
RC WALK 243 id 6 role expand pos 3,11 tgt 12,14 want EAST
RC POS 243 id 8 seat 2 role expand fs 0 body 1 pos 6,15 stuck 0
RC WALK 243 id 8 role expand pos 6,15 tgt 6,16 want SOUTH
RC POS 243 id 27 seat 4 role defend fs 0 body 1 pos 8,13 stuck 2
RC WALK 243 id 27 role defend pos 8,13 tgt 9,16 want SOUTH
RC POS 243 id 253 seat 5 role raid fs 0 body 1 pos 8,12 stuck 4
RC WALK 243 id 253 role raid pos 8,12 tgt 5,1 want NORTH
RC POS 243 id 265 seat 6 role raid fs 0 body 1 pos 8,6 stuck 0
RC WALK 243 id 265 role raid pos 8,6 tgt 8,3 want NORTH
V527I SEALNT 244 ph 5 fwd 2 hv 5
RC POS 244 id 4 seat 0 role raid fs 1 body 1 pos 10,7 stuck 0
RC WALK 244 id 4 role raid pos 10,7 tgt 5,6 want SOUTH
RC POS 244 id 6 seat 1 role expand fs 0 body 1 pos 4,11 stuck 0
RC WALK 244 id 6 role expand pos 4,11 tgt 12,14 want EAST
RC POS 244 id 8 seat 2 role expand fs 0 body 1 pos 6,16 stuck 0
V528 PICK r 244 id 8 tgt 3,7 cs 12 bs 12 reg 0 cc 0 bc 0 cands 2 banned 0 regall 0 seat 2
RC WALK 244 id 8 role expand pos 6,16 tgt 3,7 want NORTH
RC POS 244 id 27 seat 4 role defend fs 0 body 1 pos 8,13 stuck 4
RC WALK 244 id 27 role defend pos 8,13 tgt 9,16 want SOUTH
RC POS 244 id 253 seat 5 role raid fs 0 body 1 pos 8,12 stuck 6
V528 PICK r 244 id 253 tgt 5,1 cs 35 bs 35 reg 0 cc 7 bc 7 cands 1 banned 1 regall 0 seat 5
RC WALK 244 id 253 role raid pos 8,12 tgt 5,1 want NORTH
RC POS 244 id 265 seat 6 role raid fs 0 body 1 pos 9,6 stuck 0
RC WALK 244 id 265 role raid pos 9,6 tgt 8,3 want NORTH
V527I SEALNT 245 ph 5 fwd 2 hv 5
RC POS 245 id 4 seat 0 role raid fs 1 body 1 pos 10,8 stuck 0
RC WALK 245 id 4 role raid pos 10,8 tgt 5,6 want WEST
RC POS 245 id 6 seat 1 role expand fs 0 body 1 pos 5,11 stuck 0
RC WALK 245 id 6 role expand pos 5,11 tgt 12,14 want EAST
RC POS 245 id 8 seat 2 role expand fs 0 body 1 pos 6,15 stuck 0
RC WALK 245 id 8 role expand pos 6,15 tgt 3,7 want NORTH
RC POS 245 id 27 seat 4 role defend fs 0 body 1 pos 8,13 stuck 6
RC WALK 245 id 27 role defend pos 8,13 tgt 9,16 want SOUTH
RC POS 245 id 253 seat 5 role raid fs 0 body 1 pos 8,12 stuck 2
RC WALK 245 id 253 role raid pos 8,12 tgt 5,1 want NORTH
RC POS 245 id 265 seat 6 role raid fs 0 body 1 pos 10,6 stuck 0
RC WALK 245 id 265 role raid pos 10,6 tgt 8,3 want WEST
V527I SEALNT 246 ph 5 fwd 2 hv 5
RC POS 246 id 4 seat 0 role raid fs 1 body 1 pos 9,8 stuck 0
RC WALK 246 id 4 role raid pos 9,8 tgt 8,3 want WEST
RC POS 246 id 6 seat 1 role expand fs 0 body 1 pos 6,11 stuck 0
RC WALK 246 id 6 role expand pos 6,11 tgt 12,14 want EAST
RC POS 246 id 8 seat 2 role expand fs 0 body 1 pos 6,14 stuck 0
RC WALK 246 id 8 role expand pos 6,14 tgt 3,7 want WEST
RC POS 246 id 27 seat 4 role defend fs 0 body 1 pos 8,13 stuck 2
RC WALK 246 id 27 role defend pos 8,13 tgt 9,16 want SOUTH
RC POS 246 id 253 seat 5 role raid fs 0 body 1 pos 8,12 stuck 4
RC WALK 246 id 253 role raid pos 8,12 tgt 5,1 want NORTH
RC POS 246 id 265 seat 6 role raid fs 0 body 1 pos 9,6 stuck 0
RC WALK 246 id 265 role raid pos 9,6 tgt 8,3 want NORTH
V527I SEALNT 247 ph 5 fwd 2 hv 5
RC POS 247 id 4 seat 0 role raid fs 1 body 1 pos 8,8 stuck 0
RC WALK 247 id 4 role raid pos 8,8 tgt 8,3 want WEST
RC POS 247 id 6 seat 1 role expand fs 0 body 1 pos 7,11 stuck 0
RC WALK 247 id 6 role expand pos 7,11 tgt 12,14 want NORTH
RC POS 247 id 8 seat 2 role expand fs 0 body 1 pos 5,14 stuck 0
RC WALK 247 id 8 role expand pos 5,14 tgt 3,7 want WEST
RC POS 247 id 27 seat 4 role defend fs 0 body 1 pos 8,13 stuck 4
RC WALK 247 id 27 role defend pos 8,13 tgt 9,16 want SOUTH
RC POS 247 id 253 seat 5 role raid fs 0 body 1 pos 8,12 stuck 6
V528 PICK r 247 id 253 tgt 5,1 cs 35 bs 35 reg 0 cc 7 bc 7 cands 1 banned 1 regall 0 seat 5
RC WALK 247 id 253 role raid pos 8,12 tgt 5,1 want NORTH
RC POS 247 id 265 seat 6 role raid fs 0 body 1 pos 10,6 stuck 0
RC WALK 247 id 265 role raid pos 10,6 tgt 8,3 want WEST
V527I SEALNT 248 ph 5 fwd 2 hv 5
RC POS 248 id 4 seat 0 role raid fs 1 body 1 pos 7,8 stuck 0
RC WALK 248 id 4 role raid pos 7,8 tgt 7,3 want WEST
RC POS 248 id 6 seat 1 role expand fs 0 body 1 pos 7,10 stuck 0
RC WALK 248 id 6 role expand pos 7,10 tgt 12,14 want EAST
RC POS 248 id 8 seat 2 role expand fs 0 body 1 pos 4,14 stuck 0
RC WALK 248 id 8 role expand pos 4,14 tgt 3,7 want NORTH
RC POS 248 id 27 seat 4 role defend fs 0 body 1 pos 8,13 stuck 6
RC WALK 248 id 27 role defend pos 8,13 tgt 9,16 want SOUTH
RC POS 248 id 253 seat 5 role raid fs 0 body 1 pos 8,12 stuck 2
RC WALK 248 id 253 role raid pos 8,12 tgt 5,1 want NORTH
RC POS 248 id 265 seat 6 role raid fs 0 body 1 pos 9,6 stuck 0
RC WALK 248 id 265 role raid pos 9,6 tgt 8,3 want NORTH
V527I SEALNT 249 ph 5 fwd 2 hv 5
RC POS 249 id 4 seat 0 role raid fs 1 body 1 pos 6,8 stuck 0
RC WALK 249 id 4 role raid pos 6,8 tgt 6,3 want WEST
RC POS 249 id 6 seat 1 role expand fs 0 body 1 pos 8,10 stuck 0
RC WALK 249 id 6 role expand pos 8,10 tgt 12,14 want EAST
RC POS 249 id 8 seat 2 role expand fs 0 body 1 pos 4,13 stuck 0
RC WALK 249 id 8 role expand pos 4,13 tgt 3,7 want WEST
RC POS 249 id 27 seat 4 role defend fs 0 body 1 pos 8,13 stuck 2
RC WALK 249 id 27 role defend pos 8,13 tgt 9,16 want SOUTH
RC POS 249 id 253 seat 5 role raid fs 0 body 1 pos 8,12 stuck 4
RC WALK 249 id 253 role raid pos 8,12 tgt 5,1 want NORTH
RC POS 249 id 265 seat 6 role raid fs 0 body 1 pos 10,6 stuck 0
RC WALK 249 id 265 role raid pos 10,6 tgt 8,3 want WEST
V527I SEALNT 250 ph 5 fwd 2 hv 5
RC POS 250 id 4 seat 0 role raid fs 1 body 1 pos 5,8 stuck 0
RC WALK 250 id 4 role raid pos 5,8 tgt 5,3 want WEST
RC POS 250 id 6 seat 1 role expand fs 0 body 1 pos 9,10 stuck 0
RC WALK 250 id 6 role expand pos 9,10 tgt 12,14 want SOUTH
RC POS 250 id 8 seat 2 role expand fs 0 body 1 pos 3,13 stuck 0
RC WALK 250 id 8 role expand pos 3,13 tgt 3,7 want NORTH
RC POS 250 id 27 seat 4 role defend fs 0 body 1 pos 8,13 stuck 4
RC WALK 250 id 27 role defend pos 8,13 tgt 9,16 want SOUTH
RC POS 250 id 253 seat 5 role raid fs 0 body 1 pos 8,12 stuck 6
V528 PICK r 250 id 253 tgt 5,1 cs 35 bs 35 reg 0 cc 7 bc 7 cands 1 banned 1 regall 0 seat 5
RC WALK 250 id 253 role raid pos 8,12 tgt 5,1 want NORTH
RC POS 250 id 265 seat 6 role raid fs 0 body 1 pos 9,6 stuck 0
RC WALK 250 id 265 role raid pos 9,6 tgt 8,3 want NORTH
V527I SEALNT 251 ph 5 fwd 2 hv 5
RC POS 251 id 4 seat 0 role raid fs 1 body 1 pos 4,8 stuck 0
RC WALK 251 id 4 role raid pos 4,8 tgt 4,3 want NORTH
RC POS 251 id 6 seat 1 role expand fs 0 body 1 pos 9,11 stuck 0
RC WALK 251 id 6 role expand pos 9,11 tgt 12,13 want EAST
RC POS 251 id 8 seat 2 role expand fs 0 body 1 pos 3,12 stuck 0
RC WALK 251 id 8 role expand pos 3,12 tgt 3,7 want NORTH
RC POS 251 id 27 seat 4 role defend fs 0 body 1 pos 8,13 stuck 6
RC WALK 251 id 27 role defend pos 8,13 tgt 9,16 want SOUTH
RC POS 251 id 253 seat 5 role raid fs 0 body 1 pos 8,12 stuck 2
RC WALK 251 id 253 role raid pos 8,12 tgt 5,1 want NORTH
RC POS 251 id 265 seat 6 role raid fs 0 body 1 pos 10,6 stuck 0
RC WALK 251 id 265 role raid pos 10,6 tgt 8,3 want WEST
V527I SEALNT 252 ph 5 fwd 2 hv 5
RC POS 252 id 4 seat 0 role raid fs 1 body 1 pos 4,7 stuck 0
RC WALK 252 id 4 role raid pos 4,7 tgt 4,3 want NORTH
RC POS 252 id 6 seat 1 role expand fs 0 body 1 pos 10,11 stuck 0
RC WALK 252 id 6 role expand pos 10,11 tgt 12,13 want EAST
RC POS 252 id 8 seat 2 role expand fs 0 body 1 pos 3,11 stuck 0
RC WALK 252 id 8 role expand pos 3,11 tgt 4,7 want EAST
RC POS 252 id 27 seat 4 role defend fs 0 body 1 pos 8,13 stuck 2
RC WALK 252 id 27 role defend pos 8,13 tgt 9,16 want SOUTH
RC POS 252 id 253 seat 5 role raid fs 0 body 1 pos 8,12 stuck 4
RC WALK 252 id 253 role raid pos 8,12 tgt 5,1 want NORTH
RC POS 252 id 265 seat 6 role raid fs 0 body 1 pos 9,6 stuck 0
RC WALK 252 id 265 role raid pos 9,6 tgt 8,3 want NORTH
V527I SEALNT 253 ph 5 fwd 2 hv 5
RC POS 253 id 4 seat 0 role raid fs 1 body 1 pos 4,6 stuck 0
RC WALK 253 id 4 role raid pos 4,6 tgt 4,3 want WEST
RC POS 253 id 6 seat 1 role expand fs 0 body 1 pos 11,11 stuck 0
RC WALK 253 id 6 role expand pos 11,11 tgt 12,13 want SOUTH
RC POS 253 id 8 seat 2 role expand fs 0 body 1 pos 4,11 stuck 0
RC WALK 253 id 8 role expand pos 4,11 tgt 4,7 want NORTH
RC POS 253 id 27 seat 4 role defend fs 0 body 1 pos 8,13 stuck 4
RC WALK 253 id 27 role defend pos 8,13 tgt 9,16 want SOUTH
RC POS 253 id 253 seat 5 role raid fs 0 body 1 pos 8,12 stuck 6
V528 PICK r 253 id 253 tgt 5,1 cs 35 bs 35 reg 0 cc 7 bc 7 cands 1 banned 1 regall 0 seat 5
RC WALK 253 id 253 role raid pos 8,12 tgt 5,1 want NORTH
RC POS 253 id 265 seat 6 role raid fs 0 body 1 pos 10,6 stuck 0
RC WALK 253 id 265 role raid pos 10,6 tgt 8,3 want WEST
V527I SEALNT 254 ph 5 fwd 2 hv 5
RC POS 254 id 4 seat 0 role raid fs 1 body 1 pos 3,6 stuck 0
RC WALK 254 id 4 role raid pos 3,6 tgt 4,3 want NORTH
RC POS 254 id 6 seat 1 role expand fs 0 body 1 pos 11,12 stuck 0
RC WALK 254 id 6 role expand pos 11,12 tgt 12,13 want EAST
RC POS 254 id 8 seat 2 role expand fs 0 body 1 pos 4,10 stuck 0
RC WALK 254 id 8 role expand pos 4,10 tgt 4,7 want NORTH
RC POS 254 id 27 seat 4 role defend fs 0 body 1 pos 8,13 stuck 6
RC WALK 254 id 27 role defend pos 8,13 tgt 9,16 want SOUTH
RC POS 254 id 253 seat 5 role raid fs 0 body 1 pos 8,12 stuck 2
RC WALK 254 id 253 role raid pos 8,12 tgt 5,1 want NORTH
RC POS 254 id 265 seat 6 role raid fs 0 body 1 pos 9,6 stuck 0
RC WALK 254 id 265 role raid pos 9,6 tgt 8,3 want NORTH
V527I SEALNT 255 ph 5 fwd 2 hv 5
RC POS 255 id 4 seat 0 role raid fs 1 body 1 pos 3,5 stuck 0
RC WALK 255 id 4 role raid pos 3,5 tgt 4,3 want WEST
RC POS 255 id 6 seat 1 role expand fs 0 body 1 pos 12,12 stuck 0
RC WALK 255 id 6 role expand pos 12,12 tgt 12,13 want SOUTH
RC POS 255 id 8 seat 2 role expand fs 0 body 1 pos 4,9 stuck 0
RC WALK 255 id 8 role expand pos 4,9 tgt 4,7 want NORTH
RC POS 255 id 27 seat 4 role defend fs 0 body 1 pos 8,13 stuck 2
RC WALK 255 id 27 role defend pos 8,13 tgt 9,16 want SOUTH
RC POS 255 id 253 seat 5 role raid fs 0 body 1 pos 8,12 stuck 4
RC WALK 255 id 253 role raid pos 8,12 tgt 5,1 want NORTH
RC POS 255 id 265 seat 6 role raid fs 0 body 1 pos 10,6 stuck 0
RC WALK 255 id 265 role raid pos 10,6 tgt 8,3 want WEST
V527I SEALNT 256 ph 5 fwd 2 hv 5
RC POS 256 id 4 seat 0 role raid fs 1 body 1 pos 2,5 stuck 0
RC WALK 256 id 4 role raid pos 2,5 tgt 4,3 want WEST
RC POS 256 id 6 seat 1 role expand fs 0 body 1 pos 12,13 stuck 0
V528 PICK r 256 id 6 tgt 7,15 cs 7 bs 7 reg 0 cc 0 bc 0 cands 2 banned 0 regall 0 seat 1
RC WALK 256 id 6 role expand pos 12,13 tgt 7,15 want WEST
RC POS 256 id 8 seat 2 role expand fs 0 body 1 pos 4,8 stuck 0
RC WALK 256 id 8 role expand pos 4,8 tgt 4,7 want NORTH
RC POS 256 id 27 seat 4 role defend fs 0 body 1 pos 8,13 stuck 4
RC WALK 256 id 27 role defend pos 8,13 tgt 9,16 want SOUTH
RC POS 256 id 253 seat 5 role raid fs 0 body 1 pos 8,12 stuck 6
V528 PICK r 256 id 253 tgt 5,1 cs 35 bs 35 reg 0 cc 7 bc 7 cands 1 banned 1 regall 0 seat 5
RC WALK 256 id 253 role raid pos 8,12 tgt 5,1 want NORTH
RC POS 256 id 265 seat 6 role raid fs 0 body 1 pos 9,6 stuck 0
RC WALK 256 id 265 role raid pos 9,6 tgt 8,3 want NORTH
V527I SEALNT 257 ph 5 fwd 2 hv 5
RC POS 257 id 4 seat 0 role raid fs 1 body 1 pos 1,5 stuck 0
RC WALK 257 id 4 role raid pos 1,5 tgt 4,3 want EAST
RC POS 257 id 6 seat 1 role expand fs 0 body 1 pos 11,13 stuck 0
RC WALK 257 id 6 role expand pos 11,13 tgt 7,14 want WEST
RC POS 257 id 8 seat 2 role expand fs 0 body 1 pos 4,7 stuck 0
V528 PICK r 257 id 8 tgt 5,16 cs 10 bs 10 reg 0 cc 0 bc 0 cands 2 banned 0 regall 0 seat 2
RC WALK 257 id 8 role expand pos 4,7 tgt 5,16 want SOUTH
RC POS 257 id 27 seat 4 role defend fs 0 body 1 pos 8,13 stuck 6
RC WALK 257 id 27 role defend pos 8,13 tgt 9,16 want SOUTH
RC POS 257 id 253 seat 5 role raid fs 0 body 1 pos 8,12 stuck 2
RC WALK 257 id 253 role raid pos 8,12 tgt 5,1 want NORTH
RC POS 257 id 265 seat 6 role raid fs 0 body 1 pos 10,6 stuck 0
RC WALK 257 id 265 role raid pos 10,6 tgt 8,3 want WEST
