Update available: 2.3.6 -> 2.3.8. Run: pip install --upgrade fcode
RC MAP w 10 h 10 ours 2,2 theirs 6,6
V527I SEALNT 0 ph 0 fwd 0 hv 0
V527I SEALNT 1 ph 0 fwd 0 hv 0
RC SEAT 1 id 3 seat 0
RC POS 1 id 3 seat 0 role raid fs 1 body 1 pos 4,4 stuck 0
RC WALK 1 id 3 role raid pos 4,4 tgt 5,4 want EAST
V527I SEALNT 2 ph 2 fwd 0 hv 0
RC POS 2 id 3 seat 0 role raid fs 1 body 1 pos 5,4 stuck 0
RC SEAT 2 id 5 seat 1
RC POS 2 id 5 seat 1 role expand fs 0 body 1 pos 4,2 stuck 0
V528 PICK r 2 id 5 tgt 6,2 cs 11 bs 11 reg 0 cc 3 bc 3 cands 3 banned 0 regall 0 seat 1
RC WALK 2 id 5 role expand pos 4,2 tgt 5,2 want EAST
V527I SEALNT 3 ph 2 fwd 0 hv 0
RC POS 3 id 3 seat 0 role raid fs 1 body 1 pos 5,4 stuck 1
RC WALK 3 id 3 role raid pos 5,4 tgt 7,4 want NORTH
RC POS 3 id 5 seat 1 role expand fs 0 body 1 pos 5,2 stuck 0
V528 CONN r 3 id 5 at 6,2 chosen 3 best 3 regret 0 cands 2 role expand seat 1
RC SEAT 3 id 7 seat 2
RC POS 3 id 7 seat 2 role expand fs 0 body 1 pos 4,1 stuck 0
V528 PICK r 3 id 7 tgt 6,0 cs 15 bs 15 reg 0 cc 4 bc 4 cands 3 banned 0 regall 0 seat 2
RC WALK 3 id 7 role expand pos 4,1 tgt 5,0 want EAST
V527I SEALNT 4 ph 2 fwd 0 hv 1
RC POS 4 id 3 seat 0 role raid fs 1 body 1 pos 5,3 stuck 0
RC WALK 4 id 3 role raid pos 5,3 tgt 6,4 want EAST
RC POS 4 id 5 seat 1 role expand fs 0 body 1 pos 5,2 stuck 1
RC POS 4 id 7 seat 2 role expand fs 0 body 1 pos 5,1 stuck 0
RC SEAT 4 id 10 seat 3
RC POS 4 id 10 seat 3 role raid fs 1 body 2 pos 4,4 stuck 0
RC WALK 4 id 10 role raid pos 4,4 tgt 6,4 want NORTH
V527I SEALNT 5 ph 2 fwd 0 hv 1
RC POS 5 id 3 seat 0 role raid fs 1 body 1 pos 6,3 stuck 0
RC POS 5 id 5 seat 1 role expand fs 0 body 1 pos 5,2 stuck 2
V528 PICK r 5 id 5 tgt 3,7 cs 16 bs 16 reg 0 cc 3 bc 3 cands 2 banned 0 regall 0 seat 1
RC WALK 5 id 5 role expand pos 5,2 tgt 3,7 want WEST
RC POS 5 id 7 seat 2 role expand fs 0 body 1 pos 5,1 stuck 1
RC WALK 5 id 7 role expand pos 5,1 tgt 5,0 want NORTH
RC POS 5 id 10 seat 3 role raid fs 1 body 2 pos 4,3 stuck 0
RC WALK 5 id 10 role raid pos 4,3 tgt 4,6 want EAST
RC SEAT 5 id 13 seat 4
RC POS 5 id 13 seat 4 role defend fs 0 body 1 pos 3,4 stuck 0
RC WALK 5 id 13 role defend pos 3,4 tgt 4,4 want CENTRE
V527I SEALNT 6 ph 2 fwd 0 hv 1
RC POS 6 id 3 seat 0 role raid fs 1 body 1 pos 6,3 stuck 1
RC WALK 6 id 3 role raid pos 6,3 tgt 7,4 want EAST
RC POS 6 id 5 seat 1 role expand fs 0 body 1 pos 4,2 stuck 0
RC WALK 6 id 5 role expand pos 4,2 tgt 3,7 want NORTH
RC POS 6 id 7 seat 2 role expand fs 0 body 1 pos 5,0 stuck 0
V528 CONN r 6 id 7 at 6,0 chosen 4 best 4 regret 0 cands 2 role expand seat 2
RC POS 6 id 10 seat 3 role raid fs 1 body 2 pos 5,3 stuck 0
RC WALK 6 id 10 role raid pos 5,3 tgt 7,4 want NORTH
RC POS 6 id 13 seat 4 role defend fs 0 body 1 pos 3,4 stuck 1
V527I SEALNT 7 ph 2 fwd 0 hv 2
RC POS 7 id 3 seat 0 role raid fs 1 body 1 pos 8,6 stuck 0
RC POS 7 id 5 seat 1 role expand fs 0 body 1 pos 4,1 stuck 0
RC WALK 7 id 5 role expand pos 4,1 tgt 3,7 want WEST
RC POS 7 id 7 seat 2 role expand fs 0 body 1 pos 5,0 stuck 1
RC POS 7 id 10 seat 3 role raid fs 1 body 2 pos 5,2 stuck 0
RC WALK 7 id 10 role raid pos 5,2 tgt 7,4 want SOUTH
RC POS 7 id 13 seat 4 role defend fs 0 body 1 pos 3,4 stuck 2
RC WALK 7 id 13 role defend pos 3,4 tgt 4,4 want CENTRE
V527I SEALNT 8 ph 2 fwd 0 hv 2
RC POS 8 id 3 seat 0 role raid fs 1 body 1 pos 8,6 stuck 1
RC WALK 8 id 3 role raid pos 8,6 tgt 8,8 want EAST
RC POS 8 id 5 seat 1 role expand fs 0 body 1 pos 3,1 stuck 0
RC WALK 8 id 5 role expand pos 3,1 tgt 3,7 want WEST
RC POS 8 id 7 seat 2 role expand fs 0 body 1 pos 5,0 stuck 2
RC POS 8 id 10 seat 3 role raid fs 1 body 2 pos 6,5 stuck 0
RC WALK 8 id 10 role raid pos 6,5 tgt 8,5 want EAST
RC POS 8 id 13 seat 4 role defend fs 0 body 1 pos 3,4 stuck 3
RC WALK 8 id 13 role defend pos 3,4 tgt 4,4 want CENTRE
V527I SEALNT 9 ph 5 fwd 0 hv 2
RC POS 9 id 3 seat 0 role raid fs 1 body 1 pos 9,6 stuck 0
RC POS 9 id 7 seat 2 role expand fs 0 body 1 pos 4,0 stuck 0
RC POS 9 id 10 seat 3 role raid fs 1 body 2 pos 6,5 stuck 2
V527I SEALNT 10 ph 5 fwd 0 hv 2
RC POS 10 id 3 seat 0 role raid fs 1 body 1 pos 9,6 stuck 1
RC WALK 10 id 3 role raid pos 9,6 tgt 8,8 want SOUTH
RC POS 10 id 7 seat 2 role expand fs 0 body 1 pos 4,0 stuck 1
RC WALK 10 id 7 role expand pos 4,0 tgt 3,1 want WEST
RC POS 10 id 10 seat 3 role raid fs 1 body 2 pos 6,5 stuck 3
RC WALK 10 id 10 role raid pos 6,5 tgt 5,6 want EAST
V527I SEALNT 11 ph 5 fwd 0 hv 2
RC POS 11 id 3 seat 0 role raid fs 1 body 1 pos 9,7 stuck 0
RC WALK 11 id 3 role raid pos 9,7 tgt 8,8 want SOUTH
RC POS 11 id 7 seat 2 role expand fs 0 body 1 pos 3,0 stuck 0
RC WALK 11 id 7 role expand pos 3,0 tgt 3,1 want SOUTH
RC POS 11 id 10 seat 3 role raid fs 1 body 2 pos 6,5 stuck 5
RC WALK 11 id 10 role raid pos 6,5 tgt 6,8 want EAST
V527I SEALNT 12 ph 5 fwd 0 hv 2
RC POS 12 id 3 seat 0 role raid fs 1 body 1 pos 9,8 stuck 0
RC WALK 12 id 3 role raid pos 9,8 tgt 8,8 want WEST
RC POS 12 id 10 seat 3 role raid fs 1 body 2 pos 6,5 stuck 7
RC WALK 12 id 10 role raid pos 6,5 tgt 6,8 want EAST
V527I SEALNT 13 ph 5 fwd 0 hv 2
RC POS 13 id 3 seat 0 role raid fs 1 body 1 pos 8,8 stuck 0
RC POS 13 id 10 seat 3 role raid fs 1 body 2 pos 6,5 stuck 9
RC WALK 13 id 10 role raid pos 6,5 tgt 5,6 want EAST
V527I SEALNT 14 ph 5 fwd 0 hv 2
RC POS 14 id 3 seat 0 role raid fs 1 body 1 pos 8,8 stuck 1
RC WALK 14 id 3 role raid pos 8,8 tgt 5,7 want EAST
RC POS 14 id 7 seat 2 role expand fs 0 body 1 pos 3,1 stuck 2
RC POS 14 id 10 seat 3 role raid fs 1 body 2 pos 6,5 stuck 11
RC WALK 14 id 10 role raid pos 6,5 tgt 5,6 want EAST
RC POS 14 id 13 seat 4 role defend fs 0 body 1 pos 3,4 stuck 9
V527I SEALNT 15 ph 5 fwd 0 hv 2
RC POS 15 id 3 seat 0 role raid fs 1 body 1 pos 9,8 stuck 0
RC WALK 15 id 3 role raid pos 9,8 tgt 5,8 want NORTH
RC POS 15 id 10 seat 3 role raid fs 1 body 2 pos 6,5 stuck 13
RC WALK 15 id 10 role raid pos 6,5 tgt 5,6 want EAST
V527I SEALNT 16 ph 5 fwd 0 hv 2
RC POS 16 id 3 seat 0 role raid fs 1 body 1 pos 9,7 stuck 0
RC WALK 16 id 3 role raid pos 9,7 tgt 8,5 want NORTH
RC POS 16 id 10 seat 3 role raid fs 1 body 2 pos 6,5 stuck 15
V527I SEALNT 17 ph 5 fwd 0 hv 2
RC POS 17 id 3 seat 0 role raid fs 1 body 1 pos 9,6 stuck 0
RC WALK 17 id 3 role raid pos 9,6 tgt 5,6 want NORTH
RC POS 17 id 10 seat 3 role raid fs 1 body 2 pos 6,5 stuck 16
RC WALK 17 id 10 role raid pos 6,5 tgt 5,6 want WEST
V527I SEALNT 18 ph 5 fwd 0 hv 2
RC POS 18 id 3 seat 0 role raid fs 1 body 1 pos 9,5 stuck 0
RC WALK 18 id 3 role raid pos 9,5 tgt 5,6 want WEST
RC POS 18 id 7 seat 2 role expand fs 0 body 1 pos 3,1 stuck 6
RC POS 18 id 10 seat 3 role raid fs 1 body 2 pos 6,5 stuck 18
RC WALK 18 id 10 role raid pos 6,5 tgt 5,6 want WEST
RC POS 18 id 13 seat 4 role defend fs 0 body 1 pos 3,4 stuck 13
V527I SEALNT 19 ph 5 fwd 0 hv 2
RC POS 19 id 3 seat 0 role raid fs 1 body 1 pos 8,5 stuck 0
RC WALK 19 id 3 role raid pos 8,5 tgt 5,6 want NORTH
RC POS 19 id 10 seat 3 role raid fs 1 body 2 pos 6,5 stuck 20
RC WALK 19 id 10 role raid pos 6,5 tgt 5,6 want WEST
V527I SEALNT 20 ph 5 fwd 0 hv 2
RC POS 20 id 3 seat 0 role raid fs 1 body 1 pos 8,4 stuck 0
RC WALK 20 id 3 role raid pos 8,4 tgt 5,6 want WEST
RC POS 20 id 10 seat 3 role raid fs 1 body 2 pos 6,5 stuck 22
RC WALK 20 id 10 role raid pos 6,5 tgt 5,6 want WEST
V527I SEALNT 21 ph 5 fwd 0 hv 2
RC POS 21 id 3 seat 0 role raid fs 1 body 1 pos 7,4 stuck 0
RC WALK 21 id 3 role raid pos 7,4 tgt 5,6 want NORTH
RC POS 21 id 10 seat 3 role raid fs 1 body 2 pos 6,5 stuck 24
RC WALK 21 id 10 role raid pos 6,5 tgt 5,6 want WEST
V527I SEALNT 22 ph 5 fwd 0 hv 2
RC POS 22 id 3 seat 0 role raid fs 1 body 1 pos 7,3 stuck 0
RC POS 22 id 10 seat 3 role raid fs 1 body 2 pos 6,5 stuck 26
RC WALK 22 id 10 role raid pos 6,5 tgt 5,6 want WEST
V527I SEALNT 23 ph 5 fwd 0 hv 2
RC POS 23 id 3 seat 0 role raid fs 1 body 1 pos 7,4 stuck 0
RC WALK 23 id 3 role raid pos 7,4 tgt 5,6 want NORTH
RC POS 23 id 10 seat 3 role raid fs 1 body 2 pos 6,5 stuck 28
RC WALK 23 id 10 role raid pos 6,5 tgt 5,6 want WEST
V527I SEALNT 24 ph 5 fwd 0 hv 2
RC POS 24 id 3 seat 0 role raid fs 1 body 1 pos 7,3 stuck 0
RC POS 24 id 10 seat 3 role raid fs 1 body 2 pos 6,5 stuck 30
RC WALK 24 id 10 role raid pos 6,5 tgt 5,6 want WEST
V527I SEALNT 25 ph 5 fwd 0 hv 2
RC POS 25 id 3 seat 0 role raid fs 1 body 1 pos 7,4 stuck 0
RC WALK 25 id 3 role raid pos 7,4 tgt 5,6 want NORTH
RC POS 25 id 10 seat 3 role raid fs 1 body 2 pos 6,5 stuck 32
RC WALK 25 id 10 role raid pos 6,5 tgt 5,6 want WEST
V527I SEALNT 26 ph 5 fwd 0 hv 2
RC POS 26 id 3 seat 0 role raid fs 1 body 1 pos 7,3 stuck 0
RC POS 26 id 10 seat 3 role raid fs 1 body 2 pos 6,5 stuck 34
RC WALK 26 id 10 role raid pos 6,5 tgt 5,6 want WEST
V527I SEALNT 27 ph 5 fwd 0 hv 2
RC POS 27 id 3 seat 0 role raid fs 1 body 1 pos 7,4 stuck 0
RC WALK 27 id 3 role raid pos 7,4 tgt 5,6 want NORTH
RC POS 27 id 10 seat 3 role raid fs 1 body 2 pos 6,5 stuck 36
RC WALK 27 id 10 role raid pos 6,5 tgt 5,6 want WEST
V527I SEALNT 28 ph 5 fwd 0 hv 2
RC POS 28 id 3 seat 0 role raid fs 1 body 1 pos 7,3 stuck 0
RC POS 28 id 10 seat 3 role raid fs 1 body 2 pos 6,5 stuck 38
RC WALK 28 id 10 role raid pos 6,5 tgt 5,6 want WEST
V527I SEALNT 29 ph 5 fwd 0 hv 2
RC POS 29 id 3 seat 0 role raid fs 1 body 1 pos 7,4 stuck 0
RC WALK 29 id 3 role raid pos 7,4 tgt 5,6 want NORTH
RC POS 29 id 10 seat 3 role raid fs 1 body 2 pos 6,5 stuck 40
RC WALK 29 id 10 role raid pos 6,5 tgt 5,6 want WEST
V527I SEALNT 30 ph 5 fwd 0 hv 2
RC POS 30 id 3 seat 0 role raid fs 1 body 1 pos 7,3 stuck 0
RC POS 30 id 10 seat 3 role raid fs 1 body 2 pos 6,5 stuck 42
RC WALK 30 id 10 role raid pos 6,5 tgt 5,6 want WEST
V527I SEALNT 31 ph 5 fwd 0 hv 2
RC POS 31 id 3 seat 0 role raid fs 1 body 1 pos 7,4 stuck 0
RC WALK 31 id 3 role raid pos 7,4 tgt 5,6 want NORTH
RC POS 31 id 10 seat 3 role raid fs 1 body 2 pos 6,5 stuck 44
RC WALK 31 id 10 role raid pos 6,5 tgt 5,6 want WEST
V527I SEALNT 32 ph 5 fwd 0 hv 2
RC POS 32 id 3 seat 0 role raid fs 1 body 1 pos 7,3 stuck 0
RC POS 32 id 10 seat 3 role raid fs 1 body 2 pos 6,5 stuck 46
RC WALK 32 id 10 role raid pos 6,5 tgt 5,6 want WEST
V527I SEALNT 33 ph 5 fwd 0 hv 2
RC POS 33 id 3 seat 0 role raid fs 1 body 1 pos 7,4 stuck 0
RC WALK 33 id 3 role raid pos 7,4 tgt 5,6 want NORTH
RC POS 33 id 10 seat 3 role raid fs 1 body 2 pos 6,5 stuck 48
RC WALK 33 id 10 role raid pos 6,5 tgt 5,6 want WEST
V527I SEALNT 34 ph 5 fwd 0 hv 2
RC POS 34 id 3 seat 0 role raid fs 1 body 1 pos 7,3 stuck 0
RC POS 34 id 10 seat 3 role raid fs 1 body 2 pos 6,5 stuck 50
RC WALK 34 id 10 role raid pos 6,5 tgt 5,6 want WEST
V527I SEALNT 35 ph 5 fwd 0 hv 2
RC POS 35 id 3 seat 0 role raid fs 1 body 1 pos 7,4 stuck 0
RC WALK 35 id 3 role raid pos 7,4 tgt 5,6 want NORTH
RC POS 35 id 10 seat 3 role raid fs 1 body 2 pos 6,5 stuck 52
RC WALK 35 id 10 role raid pos 6,5 tgt 5,6 want WEST
V527I SEALNT 36 ph 5 fwd 0 hv 2
RC POS 36 id 3 seat 0 role raid fs 1 body 1 pos 7,3 stuck 0
RC POS 36 id 10 seat 3 role raid fs 1 body 2 pos 6,5 stuck 54
RC WALK 36 id 10 role raid pos 6,5 tgt 5,6 want WEST
V527I SEALNT 37 ph 5 fwd 0 hv 2
RC POS 37 id 3 seat 0 role raid fs 1 body 1 pos 7,4 stuck 0
RC WALK 37 id 3 role raid pos 7,4 tgt 5,6 want NORTH
RC POS 37 id 10 seat 3 role raid fs 1 body 2 pos 6,5 stuck 56
RC WALK 37 id 10 role raid pos 6,5 tgt 5,6 want WEST
V527I SEALNT 38 ph 5 fwd 0 hv 2
RC POS 38 id 3 seat 0 role raid fs 1 body 1 pos 7,3 stuck 0
RC POS 38 id 10 seat 3 role raid fs 1 body 2 pos 6,5 stuck 58
RC WALK 38 id 10 role raid pos 6,5 tgt 5,6 want WEST
V527I SEALNT 39 ph 5 fwd 0 hv 2
RC POS 39 id 3 seat 0 role raid fs 1 body 1 pos 7,4 stuck 0
RC WALK 39 id 3 role raid pos 7,4 tgt 5,6 want NORTH
RC POS 39 id 10 seat 3 role raid fs 1 body 2 pos 6,5 stuck 60
RC WALK 39 id 10 role raid pos 6,5 tgt 5,6 want WEST
V527I SEALNT 40 ph 5 fwd 0 hv 2
RC POS 40 id 3 seat 0 role raid fs 1 body 1 pos 7,3 stuck 0
RC POS 40 id 10 seat 3 role raid fs 1 body 2 pos 6,5 stuck 62
RC WALK 40 id 10 role raid pos 6,5 tgt 5,6 want WEST
V527I SEALNT 41 ph 5 fwd 0 hv 2
RC POS 41 id 3 seat 0 role raid fs 1 body 1 pos 7,4 stuck 0
RC WALK 41 id 3 role raid pos 7,4 tgt 5,6 want NORTH
RC POS 41 id 10 seat 3 role raid fs 1 body 2 pos 6,5 stuck 64
RC WALK 41 id 10 role raid pos 6,5 tgt 5,6 want WEST
V527I SEALNT 42 ph 5 fwd 0 hv 2
RC POS 42 id 3 seat 0 role raid fs 1 body 1 pos 7,3 stuck 0
RC POS 42 id 10 seat 3 role raid fs 1 body 2 pos 6,5 stuck 66
RC WALK 42 id 10 role raid pos 6,5 tgt 5,6 want WEST
V527I SEALNT 43 ph 5 fwd 0 hv 2
RC POS 43 id 3 seat 0 role raid fs 1 body 1 pos 7,4 stuck 0
RC WALK 43 id 3 role raid pos 7,4 tgt 5,6 want NORTH
RC POS 43 id 10 seat 3 role raid fs 1 body 2 pos 6,5 stuck 68
RC WALK 43 id 10 role raid pos 6,5 tgt 5,6 want WEST
V527I SEALNT 44 ph 5 fwd 0 hv 2
RC POS 44 id 3 seat 0 role raid fs 1 body 1 pos 7,3 stuck 0
RC POS 44 id 10 seat 3 role raid fs 1 body 2 pos 6,5 stuck 70
RC WALK 44 id 10 role raid pos 6,5 tgt 5,6 want WEST
V527I SEALNT 45 ph 5 fwd 0 hv 2
RC POS 45 id 3 seat 0 role raid fs 1 body 1 pos 7,4 stuck 0
RC WALK 45 id 3 role raid pos 7,4 tgt 5,6 want NORTH
RC POS 45 id 10 seat 3 role raid fs 1 body 2 pos 6,5 stuck 72
RC WALK 45 id 10 role raid pos 6,5 tgt 5,6 want WEST
V527I SEALNT 46 ph 5 fwd 0 hv 2
RC POS 46 id 3 seat 0 role raid fs 1 body 1 pos 7,3 stuck 0
RC POS 46 id 10 seat 3 role raid fs 1 body 2 pos 6,5 stuck 74
RC WALK 46 id 10 role raid pos 6,5 tgt 5,6 want WEST
V527I SEALNT 47 ph 5 fwd 0 hv 2
RC POS 47 id 3 seat 0 role raid fs 1 body 1 pos 7,4 stuck 0
RC WALK 47 id 3 role raid pos 7,4 tgt 5,6 want NORTH
RC POS 47 id 10 seat 3 role raid fs 1 body 2 pos 6,5 stuck 76
RC WALK 47 id 10 role raid pos 6,5 tgt 5,6 want WEST
V527I SEALNT 48 ph 5 fwd 0 hv 2
RC POS 48 id 3 seat 0 role raid fs 1 body 1 pos 7,3 stuck 0
RC POS 48 id 10 seat 3 role raid fs 1 body 2 pos 6,5 stuck 78
RC WALK 48 id 10 role raid pos 6,5 tgt 5,6 want WEST
V527I SEALNT 49 ph 5 fwd 0 hv 2
RC POS 49 id 3 seat 0 role raid fs 1 body 1 pos 7,4 stuck 0
RC WALK 49 id 3 role raid pos 7,4 tgt 5,6 want NORTH
RC POS 49 id 10 seat 3 role raid fs 1 body 2 pos 6,5 stuck 80
RC WALK 49 id 10 role raid pos 6,5 tgt 5,6 want WEST
V527I SEALNT 50 ph 5 fwd 0 hv 2
RC POS 50 id 3 seat 0 role raid fs 1 body 1 pos 7,3 stuck 0
RC POS 50 id 10 seat 3 role raid fs 1 body 2 pos 6,5 stuck 82
RC WALK 50 id 10 role raid pos 6,5 tgt 5,6 want WEST
V527I SEALNT 51 ph 5 fwd 0 hv 2
RC POS 51 id 3 seat 0 role raid fs 1 body 1 pos 7,4 stuck 0
RC WALK 51 id 3 role raid pos 7,4 tgt 5,6 want NORTH
RC POS 51 id 10 seat 3 role raid fs 1 body 2 pos 6,5 stuck 84
RC WALK 51 id 10 role raid pos 6,5 tgt 5,6 want WEST
V527I SEALNT 52 ph 5 fwd 0 hv 2
RC POS 52 id 3 seat 0 role raid fs 1 body 1 pos 7,3 stuck 0
RC POS 52 id 10 seat 3 role raid fs 1 body 2 pos 6,5 stuck 86
RC WALK 52 id 10 role raid pos 6,5 tgt 5,6 want WEST
V527I SEALNT 53 ph 5 fwd 0 hv 2
RC POS 53 id 3 seat 0 role raid fs 1 body 1 pos 7,4 stuck 0
RC WALK 53 id 3 role raid pos 7,4 tgt 5,6 want NORTH
RC POS 53 id 10 seat 3 role raid fs 1 body 2 pos 6,5 stuck 88
RC WALK 53 id 10 role raid pos 6,5 tgt 5,6 want WEST
V527I SEALNT 54 ph 5 fwd 0 hv 2
RC POS 54 id 3 seat 0 role raid fs 1 body 1 pos 7,3 stuck 0
RC POS 54 id 10 seat 3 role raid fs 1 body 2 pos 6,5 stuck 90
RC WALK 54 id 10 role raid pos 6,5 tgt 5,6 want WEST
V527I SEALNT 55 ph 5 fwd 0 hv 2
RC POS 55 id 3 seat 0 role raid fs 1 body 1 pos 7,4 stuck 0
RC WALK 55 id 3 role raid pos 7,4 tgt 5,6 want NORTH
RC POS 55 id 10 seat 3 role raid fs 1 body 2 pos 6,5 stuck 92
RC WALK 55 id 10 role raid pos 6,5 tgt 5,6 want WEST
V527I SEALNT 56 ph 5 fwd 0 hv 2
RC POS 56 id 3 seat 0 role raid fs 1 body 1 pos 7,3 stuck 0
RC POS 56 id 10 seat 3 role raid fs 1 body 2 pos 6,5 stuck 94
RC WALK 56 id 10 role raid pos 6,5 tgt 5,6 want WEST
V527I SEALNT 57 ph 5 fwd 0 hv 2
RC POS 57 id 3 seat 0 role raid fs 1 body 1 pos 7,4 stuck 0
RC WALK 57 id 3 role raid pos 7,4 tgt 5,6 want NORTH
RC POS 57 id 10 seat 3 role raid fs 1 body 2 pos 6,5 stuck 96
RC WALK 57 id 10 role raid pos 6,5 tgt 5,6 want WEST
V527I SEALNT 58 ph 5 fwd 0 hv 2
RC POS 58 id 3 seat 0 role raid fs 1 body 1 pos 7,3 stuck 0
RC POS 58 id 10 seat 3 role raid fs 1 body 2 pos 6,5 stuck 98
RC WALK 58 id 10 role raid pos 6,5 tgt 5,6 want WEST
V527I SEALNT 59 ph 5 fwd 0 hv 2
RC POS 59 id 3 seat 0 role raid fs 1 body 1 pos 7,4 stuck 0
RC WALK 59 id 3 role raid pos 7,4 tgt 5,6 want NORTH
RC POS 59 id 10 seat 3 role raid fs 1 body 2 pos 6,5 stuck 100
RC WALK 59 id 10 role raid pos 6,5 tgt 5,6 want WEST
V527I SEALNT 60 ph 5 fwd 0 hv 2
RC POS 60 id 3 seat 0 role raid fs 1 body 1 pos 7,3 stuck 0
RC POS 60 id 10 seat 3 role raid fs 1 body 2 pos 6,5 stuck 102
RC WALK 60 id 10 role raid pos 6,5 tgt 5,6 want WEST
V527I SEALNT 61 ph 5 fwd 0 hv 2
RC POS 61 id 3 seat 0 role raid fs 1 body 1 pos 7,4 stuck 0
RC WALK 61 id 3 role raid pos 7,4 tgt 5,6 want NORTH
RC POS 61 id 10 seat 3 role raid fs 1 body 2 pos 6,5 stuck 104
RC WALK 61 id 10 role raid pos 6,5 tgt 5,6 want WEST
V527I SEALNT 62 ph 5 fwd 0 hv 2
RC POS 62 id 3 seat 0 role raid fs 1 body 1 pos 7,3 stuck 0
RC POS 62 id 10 seat 3 role raid fs 1 body 2 pos 6,5 stuck 106
RC WALK 62 id 10 role raid pos 6,5 tgt 5,6 want WEST
V527I SEALNT 63 ph 5 fwd 0 hv 2
RC POS 63 id 3 seat 0 role raid fs 1 body 1 pos 7,4 stuck 0
RC WALK 63 id 3 role raid pos 7,4 tgt 5,6 want NORTH
RC POS 63 id 10 seat 3 role raid fs 1 body 2 pos 6,5 stuck 108
RC WALK 63 id 10 role raid pos 6,5 tgt 5,6 want WEST
V527I SEALNT 64 ph 5 fwd 0 hv 2
RC POS 64 id 3 seat 0 role raid fs 1 body 1 pos 7,3 stuck 0
RC POS 64 id 10 seat 3 role raid fs 1 body 2 pos 6,5 stuck 110
RC WALK 64 id 10 role raid pos 6,5 tgt 5,6 want WEST
V527I SEALNT 65 ph 5 fwd 0 hv 2
RC POS 65 id 3 seat 0 role raid fs 1 body 1 pos 7,4 stuck 0
RC WALK 65 id 3 role raid pos 7,4 tgt 5,6 want NORTH
RC POS 65 id 10 seat 3 role raid fs 1 body 2 pos 6,5 stuck 112
RC WALK 65 id 10 role raid pos 6,5 tgt 5,6 want WEST
V527I SEALNT 66 ph 5 fwd 0 hv 2
RC POS 66 id 3 seat 0 role raid fs 1 body 1 pos 7,3 stuck 0
RC POS 66 id 10 seat 3 role raid fs 1 body 2 pos 6,5 stuck 114
RC WALK 66 id 10 role raid pos 6,5 tgt 5,6 want WEST
V527I SEALNT 67 ph 5 fwd 0 hv 2
RC POS 67 id 3 seat 0 role raid fs 1 body 1 pos 7,4 stuck 0
RC WALK 67 id 3 role raid pos 7,4 tgt 5,6 want NORTH
RC POS 67 id 10 seat 3 role raid fs 1 body 2 pos 6,5 stuck 116
RC WALK 67 id 10 role raid pos 6,5 tgt 5,6 want WEST
V527I SEALNT 68 ph 5 fwd 0 hv 2
RC POS 68 id 3 seat 0 role raid fs 1 body 1 pos 7,3 stuck 0
RC POS 68 id 10 seat 3 role raid fs 1 body 2 pos 6,5 stuck 118
RC WALK 68 id 10 role raid pos 6,5 tgt 5,6 want WEST
V527I SEALNT 69 ph 5 fwd 0 hv 2
RC POS 69 id 3 seat 0 role raid fs 1 body 1 pos 7,4 stuck 0
RC WALK 69 id 3 role raid pos 7,4 tgt 5,6 want NORTH
RC POS 69 id 10 seat 3 role raid fs 1 body 2 pos 6,5 stuck 120
RC WALK 69 id 10 role raid pos 6,5 tgt 5,6 want WEST
V527I SEALNT 70 ph 5 fwd 0 hv 2
RC POS 70 id 3 seat 0 role raid fs 1 body 1 pos 7,3 stuck 0
RC POS 70 id 10 seat 3 role raid fs 1 body 2 pos 6,5 stuck 122
RC WALK 70 id 10 role raid pos 6,5 tgt 5,6 want WEST
V527I SEALNT 71 ph 5 fwd 0 hv 2
RC POS 71 id 3 seat 0 role raid fs 1 body 1 pos 7,4 stuck 0
RC WALK 71 id 3 role raid pos 7,4 tgt 5,6 want NORTH
RC POS 71 id 10 seat 3 role raid fs 1 body 2 pos 6,5 stuck 124
RC WALK 71 id 10 role raid pos 6,5 tgt 5,6 want WEST
V527I SEALNT 72 ph 5 fwd 0 hv 2
RC POS 72 id 3 seat 0 role raid fs 1 body 1 pos 7,3 stuck 0
RC POS 72 id 10 seat 3 role raid fs 1 body 2 pos 6,5 stuck 126
RC WALK 72 id 10 role raid pos 6,5 tgt 5,6 want WEST
V527I SEALNT 73 ph 5 fwd 0 hv 2
RC POS 73 id 3 seat 0 role raid fs 1 body 1 pos 7,4 stuck 0
RC WALK 73 id 3 role raid pos 7,4 tgt 5,6 want NORTH
RC POS 73 id 10 seat 3 role raid fs 1 body 2 pos 6,5 stuck 128
RC WALK 73 id 10 role raid pos 6,5 tgt 5,6 want WEST
V527I SEALNT 74 ph 5 fwd 0 hv 2
RC POS 74 id 3 seat 0 role raid fs 1 body 1 pos 7,3 stuck 0
RC POS 74 id 10 seat 3 role raid fs 1 body 2 pos 6,5 stuck 130
RC WALK 74 id 10 role raid pos 6,5 tgt 5,6 want WEST
V527I SEALNT 75 ph 5 fwd 0 hv 2
RC POS 75 id 3 seat 0 role raid fs 1 body 1 pos 7,4 stuck 0
RC WALK 75 id 3 role raid pos 7,4 tgt 5,6 want NORTH
RC POS 75 id 10 seat 3 role raid fs 1 body 2 pos 6,5 stuck 132
RC WALK 75 id 10 role raid pos 6,5 tgt 5,6 want WEST
V527I SEALNT 76 ph 5 fwd 0 hv 2
RC POS 76 id 3 seat 0 role raid fs 1 body 1 pos 7,3 stuck 0
RC POS 76 id 10 seat 3 role raid fs 1 body 2 pos 6,5 stuck 134
RC WALK 76 id 10 role raid pos 6,5 tgt 5,6 want WEST
V527I SEALNT 77 ph 5 fwd 0 hv 2
RC POS 77 id 3 seat 0 role raid fs 1 body 1 pos 7,4 stuck 0
RC WALK 77 id 3 role raid pos 7,4 tgt 5,6 want NORTH
RC POS 77 id 10 seat 3 role raid fs 1 body 2 pos 6,5 stuck 136
RC WALK 77 id 10 role raid pos 6,5 tgt 5,6 want WEST
V527I SEALNT 78 ph 5 fwd 0 hv 2
RC POS 78 id 3 seat 0 role raid fs 1 body 1 pos 7,3 stuck 0
RC POS 78 id 10 seat 3 role raid fs 1 body 2 pos 6,5 stuck 138
RC WALK 78 id 10 role raid pos 6,5 tgt 5,6 want WEST
V527I SEALNT 79 ph 5 fwd 0 hv 2
RC POS 79 id 3 seat 0 role raid fs 1 body 1 pos 7,4 stuck 0
RC WALK 79 id 3 role raid pos 7,4 tgt 5,6 want NORTH
RC POS 79 id 10 seat 3 role raid fs 1 body 2 pos 6,5 stuck 140
RC WALK 79 id 10 role raid pos 6,5 tgt 5,6 want WEST
V527I SEALNT 80 ph 5 fwd 0 hv 2
RC POS 80 id 3 seat 0 role raid fs 1 body 1 pos 7,3 stuck 0
RC POS 80 id 10 seat 3 role raid fs 1 body 2 pos 6,5 stuck 142
RC WALK 80 id 10 role raid pos 6,5 tgt 5,6 want WEST
V527I SEALNT 81 ph 5 fwd 0 hv 2
RC POS 81 id 3 seat 0 role raid fs 1 body 1 pos 7,4 stuck 0
RC WALK 81 id 3 role raid pos 7,4 tgt 5,6 want NORTH
RC POS 81 id 10 seat 3 role raid fs 1 body 2 pos 6,5 stuck 144
RC WALK 81 id 10 role raid pos 6,5 tgt 5,6 want WEST
V527I SEALNT 82 ph 5 fwd 0 hv 2
RC POS 82 id 3 seat 0 role raid fs 1 body 1 pos 7,3 stuck 0
RC POS 82 id 10 seat 3 role raid fs 1 body 2 pos 6,5 stuck 146
RC WALK 82 id 10 role raid pos 6,5 tgt 5,6 want WEST
V527I SEALNT 83 ph 5 fwd 0 hv 2
RC POS 83 id 3 seat 0 role raid fs 1 body 1 pos 7,4 stuck 0
RC WALK 83 id 3 role raid pos 7,4 tgt 5,6 want NORTH
RC POS 83 id 10 seat 3 role raid fs 1 body 2 pos 6,5 stuck 148
RC WALK 83 id 10 role raid pos 6,5 tgt 5,6 want WEST
V527I SEALNT 84 ph 5 fwd 0 hv 2
RC POS 84 id 3 seat 0 role raid fs 1 body 1 pos 7,3 stuck 0
RC POS 84 id 10 seat 3 role raid fs 1 body 2 pos 6,5 stuck 150
RC WALK 84 id 10 role raid pos 6,5 tgt 5,6 want WEST
V527I SEALNT 85 ph 5 fwd 0 hv 2
RC POS 85 id 3 seat 0 role raid fs 1 body 1 pos 7,4 stuck 0
RC WALK 85 id 3 role raid pos 7,4 tgt 5,6 want NORTH
RC POS 85 id 10 seat 3 role raid fs 1 body 2 pos 6,5 stuck 152
RC WALK 85 id 10 role raid pos 6,5 tgt 5,6 want WEST
V527I SEALNT 86 ph 5 fwd 0 hv 2
RC POS 86 id 3 seat 0 role raid fs 1 body 1 pos 7,3 stuck 0
RC POS 86 id 10 seat 3 role raid fs 1 body 2 pos 6,5 stuck 154
RC WALK 86 id 10 role raid pos 6,5 tgt 5,6 want WEST
V527I SEALNT 87 ph 5 fwd 0 hv 2
RC POS 87 id 3 seat 0 role raid fs 1 body 1 pos 7,4 stuck 0
RC WALK 87 id 3 role raid pos 7,4 tgt 5,6 want NORTH
RC POS 87 id 10 seat 3 role raid fs 1 body 2 pos 6,5 stuck 156
RC WALK 87 id 10 role raid pos 6,5 tgt 5,6 want WEST
V527I SEALNT 88 ph 5 fwd 0 hv 2
RC POS 88 id 3 seat 0 role raid fs 1 body 1 pos 7,3 stuck 0
RC POS 88 id 10 seat 3 role raid fs 1 body 2 pos 6,5 stuck 158
RC WALK 88 id 10 role raid pos 6,5 tgt 5,6 want WEST
V527I SEALNT 89 ph 5 fwd 0 hv 2
RC POS 89 id 3 seat 0 role raid fs 1 body 1 pos 7,4 stuck 0
RC WALK 89 id 3 role raid pos 7,4 tgt 5,6 want NORTH
RC POS 89 id 10 seat 3 role raid fs 1 body 2 pos 6,5 stuck 160
RC WALK 89 id 10 role raid pos 6,5 tgt 5,6 want WEST
V527I SEALNT 90 ph 5 fwd 0 hv 2
RC POS 90 id 3 seat 0 role raid fs 1 body 1 pos 7,3 stuck 0
RC POS 90 id 10 seat 3 role raid fs 1 body 2 pos 6,5 stuck 162
RC WALK 90 id 10 role raid pos 6,5 tgt 5,6 want WEST
V527I SEALNT 91 ph 5 fwd 0 hv 2
RC POS 91 id 3 seat 0 role raid fs 1 body 1 pos 7,4 stuck 0
RC WALK 91 id 3 role raid pos 7,4 tgt 5,6 want NORTH
RC POS 91 id 10 seat 3 role raid fs 1 body 2 pos 6,5 stuck 164
RC WALK 91 id 10 role raid pos 6,5 tgt 5,6 want WEST
V527I SEALNT 92 ph 5 fwd 0 hv 2
RC POS 92 id 3 seat 0 role raid fs 1 body 1 pos 7,3 stuck 0
RC POS 92 id 10 seat 3 role raid fs 1 body 2 pos 6,5 stuck 166
RC WALK 92 id 10 role raid pos 6,5 tgt 5,6 want WEST
V527I SEALNT 93 ph 5 fwd 0 hv 2
RC POS 93 id 3 seat 0 role raid fs 1 body 1 pos 7,4 stuck 0
RC WALK 93 id 3 role raid pos 7,4 tgt 5,6 want NORTH
RC POS 93 id 10 seat 3 role raid fs 1 body 2 pos 6,5 stuck 168
RC WALK 93 id 10 role raid pos 6,5 tgt 5,6 want WEST
V527I SEALNT 94 ph 5 fwd 0 hv 2
RC POS 94 id 3 seat 0 role raid fs 1 body 1 pos 7,3 stuck 0
RC POS 94 id 10 seat 3 role raid fs 1 body 2 pos 6,5 stuck 170
RC WALK 94 id 10 role raid pos 6,5 tgt 5,6 want WEST
V527I SEALNT 95 ph 5 fwd 0 hv 2
RC POS 95 id 3 seat 0 role raid fs 1 body 1 pos 7,4 stuck 0
RC WALK 95 id 3 role raid pos 7,4 tgt 5,6 want NORTH
RC POS 95 id 10 seat 3 role raid fs 1 body 2 pos 6,5 stuck 172
RC WALK 95 id 10 role raid pos 6,5 tgt 5,6 want WEST
V527I SEALNT 96 ph 5 fwd 0 hv 2
RC POS 96 id 3 seat 0 role raid fs 1 body 1 pos 7,3 stuck 0
RC POS 96 id 10 seat 3 role raid fs 1 body 2 pos 6,5 stuck 174
RC WALK 96 id 10 role raid pos 6,5 tgt 5,6 want WEST
V527I SEALNT 97 ph 5 fwd 0 hv 2
RC POS 97 id 3 seat 0 role raid fs 1 body 1 pos 7,4 stuck 0
RC WALK 97 id 3 role raid pos 7,4 tgt 5,6 want NORTH
RC POS 97 id 10 seat 3 role raid fs 1 body 2 pos 6,5 stuck 176
RC WALK 97 id 10 role raid pos 6,5 tgt 5,6 want WEST
V527I SEALNT 98 ph 5 fwd 0 hv 2
RC POS 98 id 3 seat 0 role raid fs 1 body 1 pos 7,3 stuck 0
RC POS 98 id 10 seat 3 role raid fs 1 body 2 pos 6,5 stuck 178
RC WALK 98 id 10 role raid pos 6,5 tgt 5,6 want WEST
V527I SEALNT 99 ph 5 fwd 0 hv 2
RC POS 99 id 3 seat 0 role raid fs 1 body 1 pos 7,4 stuck 0
RC WALK 99 id 3 role raid pos 7,4 tgt 5,6 want NORTH
RC POS 99 id 10 seat 3 role raid fs 1 body 2 pos 6,5 stuck 180
RC WALK 99 id 10 role raid pos 6,5 tgt 5,6 want WEST
V527I SEALNT 100 ph 5 fwd 0 hv 2
RC POS 100 id 3 seat 0 role raid fs 1 body 1 pos 7,3 stuck 0
RC POS 100 id 10 seat 3 role raid fs 1 body 2 pos 6,5 stuck 182
RC WALK 100 id 10 role raid pos 6,5 tgt 5,6 want WEST
V527I SEALNT 101 ph 5 fwd 0 hv 2
RC POS 101 id 3 seat 0 role raid fs 1 body 1 pos 7,4 stuck 0
RC WALK 101 id 3 role raid pos 7,4 tgt 5,6 want NORTH
RC POS 101 id 10 seat 3 role raid fs 1 body 2 pos 6,5 stuck 184
RC WALK 101 id 10 role raid pos 6,5 tgt 5,6 want WEST
V527I SEALNT 102 ph 5 fwd 0 hv 2
RC POS 102 id 3 seat 0 role raid fs 1 body 1 pos 7,3 stuck 0
RC POS 102 id 10 seat 3 role raid fs 1 body 2 pos 6,5 stuck 186
RC WALK 102 id 10 role raid pos 6,5 tgt 5,6 want WEST
V527I SEALNT 103 ph 5 fwd 0 hv 2
RC POS 103 id 3 seat 0 role raid fs 1 body 1 pos 7,4 stuck 0
RC WALK 103 id 3 role raid pos 7,4 tgt 5,6 want NORTH
RC POS 103 id 10 seat 3 role raid fs 1 body 2 pos 6,5 stuck 188
RC WALK 103 id 10 role raid pos 6,5 tgt 5,6 want WEST
V527I SEALNT 104 ph 5 fwd 0 hv 2
RC POS 104 id 3 seat 0 role raid fs 1 body 1 pos 7,3 stuck 0
RC POS 104 id 10 seat 3 role raid fs 1 body 2 pos 6,5 stuck 190
RC WALK 104 id 10 role raid pos 6,5 tgt 5,6 want WEST
V527I SEALNT 105 ph 5 fwd 0 hv 2
RC POS 105 id 3 seat 0 role raid fs 1 body 1 pos 7,4 stuck 0
RC WALK 105 id 3 role raid pos 7,4 tgt 5,6 want NORTH
RC POS 105 id 10 seat 3 role raid fs 1 body 2 pos 6,5 stuck 192
RC WALK 105 id 10 role raid pos 6,5 tgt 5,6 want WEST
V527I SEALNT 106 ph 5 fwd 0 hv 2
RC POS 106 id 3 seat 0 role raid fs 1 body 1 pos 7,3 stuck 0
RC POS 106 id 10 seat 3 role raid fs 1 body 2 pos 6,5 stuck 194
RC WALK 106 id 10 role raid pos 6,5 tgt 5,6 want WEST
V527I SEALNT 107 ph 5 fwd 0 hv 2
RC POS 107 id 3 seat 0 role raid fs 1 body 1 pos 7,4 stuck 0
RC WALK 107 id 3 role raid pos 7,4 tgt 5,6 want NORTH
RC POS 107 id 10 seat 3 role raid fs 1 body 2 pos 6,5 stuck 196
RC WALK 107 id 10 role raid pos 6,5 tgt 5,6 want WEST
V527I SEALNT 108 ph 5 fwd 0 hv 2
RC POS 108 id 3 seat 0 role raid fs 1 body 1 pos 7,3 stuck 0
RC POS 108 id 10 seat 3 role raid fs 1 body 2 pos 6,5 stuck 198
RC WALK 108 id 10 role raid pos 6,5 tgt 5,6 want WEST
V527I SEALNT 109 ph 5 fwd 0 hv 2
RC POS 109 id 3 seat 0 role raid fs 1 body 1 pos 7,4 stuck 0
RC WALK 109 id 3 role raid pos 7,4 tgt 5,6 want NORTH
RC POS 109 id 10 seat 3 role raid fs 1 body 2 pos 6,5 stuck 200
RC WALK 109 id 10 role raid pos 6,5 tgt 5,6 want WEST
V527I SEALNT 110 ph 5 fwd 0 hv 2
RC POS 110 id 3 seat 0 role raid fs 1 body 1 pos 7,3 stuck 0
RC POS 110 id 10 seat 3 role raid fs 1 body 2 pos 6,5 stuck 202
RC WALK 110 id 10 role raid pos 6,5 tgt 5,6 want WEST
V527I SEALNT 111 ph 5 fwd 0 hv 2
RC POS 111 id 3 seat 0 role raid fs 1 body 1 pos 7,4 stuck 0
RC WALK 111 id 3 role raid pos 7,4 tgt 5,6 want NORTH
RC POS 111 id 10 seat 3 role raid fs 1 body 2 pos 6,5 stuck 204
RC WALK 111 id 10 role raid pos 6,5 tgt 5,6 want WEST
V527I SEALNT 112 ph 5 fwd 0 hv 2
RC POS 112 id 3 seat 0 role raid fs 1 body 1 pos 7,3 stuck 0
RC POS 112 id 10 seat 3 role raid fs 1 body 2 pos 6,5 stuck 206
RC WALK 112 id 10 role raid pos 6,5 tgt 5,6 want WEST
V527I SEALNT 113 ph 5 fwd 0 hv 2
RC POS 113 id 3 seat 0 role raid fs 1 body 1 pos 7,4 stuck 0
RC WALK 113 id 3 role raid pos 7,4 tgt 5,6 want NORTH
RC POS 113 id 10 seat 3 role raid fs 1 body 2 pos 6,5 stuck 208
RC WALK 113 id 10 role raid pos 6,5 tgt 5,6 want WEST
V527I SEALNT 114 ph 5 fwd 0 hv 2
RC POS 114 id 3 seat 0 role raid fs 1 body 1 pos 7,3 stuck 0
RC POS 114 id 10 seat 3 role raid fs 1 body 2 pos 6,5 stuck 210
RC WALK 114 id 10 role raid pos 6,5 tgt 5,6 want WEST
V527I SEALNT 115 ph 5 fwd 0 hv 2
RC POS 115 id 3 seat 0 role raid fs 1 body 1 pos 7,4 stuck 0
RC WALK 115 id 3 role raid pos 7,4 tgt 5,6 want NORTH
RC POS 115 id 10 seat 3 role raid fs 1 body 2 pos 6,5 stuck 212
RC WALK 115 id 10 role raid pos 6,5 tgt 5,6 want WEST
V527I SEALNT 116 ph 5 fwd 0 hv 2
RC POS 116 id 3 seat 0 role raid fs 1 body 1 pos 7,3 stuck 0
RC POS 116 id 10 seat 3 role raid fs 1 body 2 pos 6,5 stuck 214
RC WALK 116 id 10 role raid pos 6,5 tgt 5,6 want WEST
V527I SEALNT 117 ph 5 fwd 0 hv 2
RC POS 117 id 3 seat 0 role raid fs 1 body 1 pos 7,4 stuck 0
RC WALK 117 id 3 role raid pos 7,4 tgt 5,6 want NORTH
RC POS 117 id 10 seat 3 role raid fs 1 body 2 pos 6,5 stuck 216
RC WALK 117 id 10 role raid pos 6,5 tgt 5,6 want WEST
V527I SEALNT 118 ph 5 fwd 0 hv 2
RC POS 118 id 3 seat 0 role raid fs 1 body 1 pos 7,3 stuck 0
RC POS 118 id 10 seat 3 role raid fs 1 body 2 pos 6,5 stuck 218
RC WALK 118 id 10 role raid pos 6,5 tgt 5,6 want WEST
V527I SEALNT 119 ph 5 fwd 0 hv 2
RC POS 119 id 3 seat 0 role raid fs 1 body 1 pos 7,4 stuck 0
RC WALK 119 id 3 role raid pos 7,4 tgt 5,6 want NORTH
RC POS 119 id 10 seat 3 role raid fs 1 body 2 pos 6,5 stuck 220
RC WALK 119 id 10 role raid pos 6,5 tgt 5,6 want WEST
V527I SEALNT 120 ph 5 fwd 0 hv 2
RC POS 120 id 3 seat 0 role raid fs 1 body 1 pos 7,3 stuck 0
RC POS 120 id 10 seat 3 role raid fs 1 body 2 pos 6,5 stuck 222
RC WALK 120 id 10 role raid pos 6,5 tgt 5,6 want WEST
V527I SEALNT 121 ph 5 fwd 0 hv 2
RC POS 121 id 3 seat 0 role raid fs 1 body 1 pos 7,4 stuck 0
RC WALK 121 id 3 role raid pos 7,4 tgt 5,6 want NORTH
RC POS 121 id 10 seat 3 role raid fs 1 body 2 pos 6,5 stuck 224
RC WALK 121 id 10 role raid pos 6,5 tgt 5,6 want WEST
V527I SEALNT 122 ph 5 fwd 0 hv 2
RC POS 122 id 3 seat 0 role raid fs 1 body 1 pos 7,3 stuck 0
RC POS 122 id 10 seat 3 role raid fs 1 body 2 pos 6,5 stuck 226
RC WALK 122 id 10 role raid pos 6,5 tgt 5,6 want WEST
V527I SEALNT 123 ph 5 fwd 0 hv 2
RC POS 123 id 3 seat 0 role raid fs 1 body 1 pos 7,4 stuck 0
RC WALK 123 id 3 role raid pos 7,4 tgt 5,6 want NORTH
RC POS 123 id 10 seat 3 role raid fs 1 body 2 pos 6,5 stuck 228
RC WALK 123 id 10 role raid pos 6,5 tgt 5,6 want WEST
V527I SEALNT 124 ph 5 fwd 0 hv 2
RC POS 124 id 3 seat 0 role raid fs 1 body 1 pos 7,3 stuck 0
RC POS 124 id 10 seat 3 role raid fs 1 body 2 pos 6,5 stuck 230
RC WALK 124 id 10 role raid pos 6,5 tgt 5,6 want WEST
V527I SEALNT 125 ph 5 fwd 0 hv 2
RC POS 125 id 3 seat 0 role raid fs 1 body 1 pos 7,4 stuck 0
RC WALK 125 id 3 role raid pos 7,4 tgt 5,6 want NORTH
RC POS 125 id 10 seat 3 role raid fs 1 body 2 pos 6,5 stuck 232
RC WALK 125 id 10 role raid pos 6,5 tgt 5,6 want WEST
V527I SEALNT 126 ph 5 fwd 0 hv 2
RC POS 126 id 3 seat 0 role raid fs 1 body 1 pos 7,3 stuck 0
RC POS 126 id 10 seat 3 role raid fs 1 body 2 pos 6,5 stuck 234
RC WALK 126 id 10 role raid pos 6,5 tgt 5,6 want WEST
V527I SEALNT 127 ph 5 fwd 0 hv 2
RC POS 127 id 3 seat 0 role raid fs 1 body 1 pos 7,4 stuck 0
RC WALK 127 id 3 role raid pos 7,4 tgt 5,6 want NORTH
RC POS 127 id 10 seat 3 role raid fs 1 body 2 pos 6,5 stuck 236
RC WALK 127 id 10 role raid pos 6,5 tgt 5,6 want WEST
V527I SEALNT 128 ph 5 fwd 0 hv 2
RC POS 128 id 3 seat 0 role raid fs 1 body 1 pos 7,3 stuck 0
RC POS 128 id 10 seat 3 role raid fs 1 body 2 pos 6,5 stuck 238
RC WALK 128 id 10 role raid pos 6,5 tgt 5,6 want WEST
V527I SEALNT 129 ph 5 fwd 0 hv 2
RC POS 129 id 3 seat 0 role raid fs 1 body 1 pos 7,4 stuck 0
RC WALK 129 id 3 role raid pos 7,4 tgt 5,6 want NORTH
RC POS 129 id 10 seat 3 role raid fs 1 body 2 pos 6,5 stuck 240
RC WALK 129 id 10 role raid pos 6,5 tgt 5,6 want WEST
V527I SEALNT 130 ph 5 fwd 0 hv 2
RC POS 130 id 3 seat 0 role raid fs 1 body 1 pos 7,3 stuck 0
RC POS 130 id 10 seat 3 role raid fs 1 body 2 pos 6,5 stuck 242
RC WALK 130 id 10 role raid pos 6,5 tgt 5,6 want WEST
V527I SEALNT 131 ph 5 fwd 0 hv 2
RC POS 131 id 3 seat 0 role raid fs 1 body 1 pos 7,4 stuck 0
RC WALK 131 id 3 role raid pos 7,4 tgt 5,6 want NORTH
RC POS 131 id 10 seat 3 role raid fs 1 body 2 pos 6,5 stuck 244
RC WALK 131 id 10 role raid pos 6,5 tgt 5,6 want WEST
V527I SEALNT 132 ph 5 fwd 0 hv 2
RC POS 132 id 3 seat 0 role raid fs 1 body 1 pos 7,3 stuck 0
RC POS 132 id 10 seat 3 role raid fs 1 body 2 pos 6,5 stuck 246
RC WALK 132 id 10 role raid pos 6,5 tgt 5,6 want WEST
V527I SEALNT 133 ph 5 fwd 0 hv 2
RC POS 133 id 3 seat 0 role raid fs 1 body 1 pos 7,4 stuck 0
RC WALK 133 id 3 role raid pos 7,4 tgt 5,6 want NORTH
RC POS 133 id 10 seat 3 role raid fs 1 body 2 pos 6,5 stuck 248
RC WALK 133 id 10 role raid pos 6,5 tgt 5,6 want WEST
V527I SEALNT 134 ph 5 fwd 0 hv 2
RC POS 134 id 3 seat 0 role raid fs 1 body 1 pos 7,3 stuck 0
RC POS 134 id 10 seat 3 role raid fs 1 body 2 pos 6,5 stuck 250
RC WALK 134 id 10 role raid pos 6,5 tgt 5,6 want WEST
V527I SEALNT 135 ph 5 fwd 0 hv 2
RC POS 135 id 3 seat 0 role raid fs 1 body 1 pos 7,4 stuck 0
RC WALK 135 id 3 role raid pos 7,4 tgt 5,6 want NORTH
RC POS 135 id 10 seat 3 role raid fs 1 body 2 pos 6,5 stuck 252
RC WALK 135 id 10 role raid pos 6,5 tgt 5,6 want WEST
V527I SEALNT 136 ph 5 fwd 0 hv 2
RC POS 136 id 3 seat 0 role raid fs 1 body 1 pos 7,3 stuck 0
RC POS 136 id 10 seat 3 role raid fs 1 body 2 pos 6,5 stuck 254
RC WALK 136 id 10 role raid pos 6,5 tgt 5,6 want WEST
V527I SEALNT 137 ph 5 fwd 0 hv 2
RC POS 137 id 3 seat 0 role raid fs 1 body 1 pos 7,4 stuck 0
RC WALK 137 id 3 role raid pos 7,4 tgt 5,6 want NORTH
RC POS 137 id 10 seat 3 role raid fs 1 body 2 pos 6,5 stuck 256
RC WALK 137 id 10 role raid pos 6,5 tgt 5,6 want WEST
V527I SEALNT 138 ph 5 fwd 0 hv 2
RC POS 138 id 3 seat 0 role raid fs 1 body 1 pos 7,3 stuck 0
RC POS 138 id 10 seat 3 role raid fs 1 body 2 pos 6,5 stuck 258
RC WALK 138 id 10 role raid pos 6,5 tgt 5,6 want WEST
V527I SEALNT 139 ph 5 fwd 0 hv 2
RC POS 139 id 3 seat 0 role raid fs 1 body 1 pos 7,4 stuck 0
RC WALK 139 id 3 role raid pos 7,4 tgt 5,6 want NORTH
RC POS 139 id 10 seat 3 role raid fs 1 body 2 pos 6,5 stuck 260
RC WALK 139 id 10 role raid pos 6,5 tgt 5,6 want WEST
V527I SEALNT 140 ph 5 fwd 0 hv 2
RC POS 140 id 3 seat 0 role raid fs 1 body 1 pos 7,3 stuck 0
RC POS 140 id 10 seat 3 role raid fs 1 body 2 pos 6,5 stuck 262
RC WALK 140 id 10 role raid pos 6,5 tgt 5,6 want WEST
V527I SEALNT 141 ph 5 fwd 0 hv 2
RC POS 141 id 3 seat 0 role raid fs 1 body 1 pos 7,4 stuck 0
RC WALK 141 id 3 role raid pos 7,4 tgt 5,6 want NORTH
RC POS 141 id 10 seat 3 role raid fs 1 body 2 pos 6,5 stuck 264
RC WALK 141 id 10 role raid pos 6,5 tgt 5,6 want WEST
V527I SEALNT 142 ph 5 fwd 0 hv 2
RC POS 142 id 3 seat 0 role raid fs 1 body 1 pos 7,3 stuck 0
RC POS 142 id 10 seat 3 role raid fs 1 body 2 pos 6,5 stuck 266
RC WALK 142 id 10 role raid pos 6,5 tgt 5,6 want WEST
V527I SEALNT 143 ph 5 fwd 0 hv 2
RC POS 143 id 3 seat 0 role raid fs 1 body 1 pos 7,4 stuck 0
RC WALK 143 id 3 role raid pos 7,4 tgt 5,6 want NORTH
RC POS 143 id 10 seat 3 role raid fs 1 body 2 pos 6,5 stuck 268
RC WALK 143 id 10 role raid pos 6,5 tgt 5,6 want WEST
V527I SEALNT 144 ph 5 fwd 0 hv 2
RC POS 144 id 3 seat 0 role raid fs 1 body 1 pos 7,3 stuck 0
RC POS 144 id 10 seat 3 role raid fs 1 body 2 pos 6,5 stuck 270
RC WALK 144 id 10 role raid pos 6,5 tgt 5,6 want WEST
V527I SEALNT 145 ph 5 fwd 0 hv 2
RC POS 145 id 3 seat 0 role raid fs 1 body 1 pos 7,4 stuck 0
RC WALK 145 id 3 role raid pos 7,4 tgt 5,6 want NORTH
RC POS 145 id 10 seat 3 role raid fs 1 body 2 pos 6,5 stuck 272
RC WALK 145 id 10 role raid pos 6,5 tgt 5,6 want WEST
V527I SEALNT 146 ph 5 fwd 0 hv 2
RC POS 146 id 3 seat 0 role raid fs 1 body 1 pos 7,3 stuck 0
RC POS 146 id 10 seat 3 role raid fs 1 body 2 pos 6,5 stuck 274
RC WALK 146 id 10 role raid pos 6,5 tgt 5,6 want WEST
V527I SEALNT 147 ph 5 fwd 0 hv 2
RC POS 147 id 3 seat 0 role raid fs 1 body 1 pos 7,4 stuck 0
RC WALK 147 id 3 role raid pos 7,4 tgt 5,6 want NORTH
RC POS 147 id 10 seat 3 role raid fs 1 body 2 pos 6,5 stuck 276
RC WALK 147 id 10 role raid pos 6,5 tgt 5,6 want WEST
V527I SEALNT 148 ph 5 fwd 0 hv 2
RC POS 148 id 3 seat 0 role raid fs 1 body 1 pos 7,3 stuck 0
RC POS 148 id 10 seat 3 role raid fs 1 body 2 pos 6,5 stuck 278
RC WALK 148 id 10 role raid pos 6,5 tgt 5,6 want WEST
V527I SEALNT 149 ph 5 fwd 0 hv 2
RC POS 149 id 3 seat 0 role raid fs 1 body 1 pos 7,4 stuck 0
RC WALK 149 id 3 role raid pos 7,4 tgt 5,6 want NORTH
RC POS 149 id 10 seat 3 role raid fs 1 body 2 pos 6,5 stuck 280
RC WALK 149 id 10 role raid pos 6,5 tgt 5,6 want WEST
V527I SEALNT 150 ph 5 fwd 0 hv 2
RC POS 150 id 3 seat 0 role raid fs 1 body 1 pos 7,3 stuck 0
RC POS 150 id 10 seat 3 role raid fs 1 body 2 pos 6,5 stuck 282
RC WALK 150 id 10 role raid pos 6,5 tgt 5,6 want WEST
V527I SEALNT 151 ph 5 fwd 0 hv 2
RC POS 151 id 3 seat 0 role raid fs 1 body 1 pos 7,4 stuck 0
RC WALK 151 id 3 role raid pos 7,4 tgt 5,6 want NORTH
RC POS 151 id 10 seat 3 role raid fs 1 body 2 pos 6,5 stuck 284
RC WALK 151 id 10 role raid pos 6,5 tgt 5,6 want WEST
V527I SEALNT 152 ph 5 fwd 0 hv 2
RC POS 152 id 3 seat 0 role raid fs 1 body 1 pos 7,3 stuck 0
RC POS 152 id 10 seat 3 role raid fs 1 body 2 pos 6,5 stuck 286
RC WALK 152 id 10 role raid pos 6,5 tgt 5,6 want WEST
V527I SEALNT 153 ph 5 fwd 0 hv 2
RC POS 153 id 3 seat 0 role raid fs 1 body 1 pos 7,4 stuck 0
RC WALK 153 id 3 role raid pos 7,4 tgt 5,6 want NORTH
RC POS 153 id 10 seat 3 role raid fs 1 body 2 pos 6,5 stuck 288
RC WALK 153 id 10 role raid pos 6,5 tgt 5,6 want WEST
V527I SEALNT 154 ph 5 fwd 0 hv 2
RC POS 154 id 3 seat 0 role raid fs 1 body 1 pos 7,3 stuck 0
RC POS 154 id 10 seat 3 role raid fs 1 body 2 pos 6,5 stuck 290
RC WALK 154 id 10 role raid pos 6,5 tgt 5,6 want WEST
V527I SEALNT 155 ph 5 fwd 0 hv 2
RC POS 155 id 3 seat 0 role raid fs 1 body 1 pos 7,4 stuck 0
RC WALK 155 id 3 role raid pos 7,4 tgt 5,6 want NORTH
RC POS 155 id 10 seat 3 role raid fs 1 body 2 pos 6,5 stuck 292
RC WALK 155 id 10 role raid pos 6,5 tgt 5,6 want WEST
V527I SEALNT 156 ph 5 fwd 0 hv 2
RC POS 156 id 3 seat 0 role raid fs 1 body 1 pos 7,3 stuck 0
RC POS 156 id 10 seat 3 role raid fs 1 body 2 pos 6,5 stuck 294
RC WALK 156 id 10 role raid pos 6,5 tgt 5,6 want WEST
V527I SEALNT 157 ph 5 fwd 0 hv 2
RC POS 157 id 3 seat 0 role raid fs 1 body 1 pos 7,4 stuck 0
RC WALK 157 id 3 role raid pos 7,4 tgt 5,6 want NORTH
RC POS 157 id 10 seat 3 role raid fs 1 body 2 pos 6,5 stuck 296
RC WALK 157 id 10 role raid pos 6,5 tgt 5,6 want WEST
V527I SEALNT 158 ph 5 fwd 0 hv 2
RC POS 158 id 3 seat 0 role raid fs 1 body 1 pos 7,3 stuck 0
RC POS 158 id 10 seat 3 role raid fs 1 body 2 pos 6,5 stuck 298
RC WALK 158 id 10 role raid pos 6,5 tgt 5,6 want WEST
V527I SEALNT 159 ph 5 fwd 0 hv 2
RC POS 159 id 3 seat 0 role raid fs 1 body 1 pos 7,4 stuck 0
RC WALK 159 id 3 role raid pos 7,4 tgt 5,6 want NORTH
RC POS 159 id 10 seat 3 role raid fs 1 body 2 pos 6,5 stuck 300
RC WALK 159 id 10 role raid pos 6,5 tgt 5,6 want WEST
V527I SEALNT 160 ph 5 fwd 0 hv 2
RC POS 160 id 3 seat 0 role raid fs 1 body 1 pos 7,3 stuck 0
RC POS 160 id 10 seat 3 role raid fs 1 body 2 pos 6,5 stuck 302
RC WALK 160 id 10 role raid pos 6,5 tgt 5,6 want WEST
V527I SEALNT 161 ph 5 fwd 0 hv 2
RC POS 161 id 3 seat 0 role raid fs 1 body 1 pos 7,4 stuck 0
RC WALK 161 id 3 role raid pos 7,4 tgt 5,6 want NORTH
RC POS 161 id 10 seat 3 role raid fs 1 body 2 pos 6,5 stuck 304
RC WALK 161 id 10 role raid pos 6,5 tgt 5,6 want WEST
V527I SEALNT 162 ph 5 fwd 0 hv 2
RC POS 162 id 3 seat 0 role raid fs 1 body 1 pos 7,3 stuck 0
RC POS 162 id 10 seat 3 role raid fs 1 body 2 pos 6,5 stuck 306
RC WALK 162 id 10 role raid pos 6,5 tgt 5,6 want WEST
V527I SEALNT 163 ph 5 fwd 0 hv 2
RC POS 163 id 3 seat 0 role raid fs 1 body 1 pos 7,4 stuck 0
RC WALK 163 id 3 role raid pos 7,4 tgt 5,6 want NORTH
RC POS 163 id 10 seat 3 role raid fs 1 body 2 pos 6,5 stuck 308
RC WALK 163 id 10 role raid pos 6,5 tgt 5,6 want WEST
V527I SEALNT 164 ph 5 fwd 0 hv 2
RC POS 164 id 3 seat 0 role raid fs 1 body 1 pos 7,3 stuck 0
RC POS 164 id 10 seat 3 role raid fs 1 body 2 pos 6,5 stuck 310
RC WALK 164 id 10 role raid pos 6,5 tgt 5,6 want WEST
V527I SEALNT 165 ph 5 fwd 0 hv 2
RC POS 165 id 3 seat 0 role raid fs 1 body 1 pos 7,4 stuck 0
RC WALK 165 id 3 role raid pos 7,4 tgt 5,6 want NORTH
RC POS 165 id 10 seat 3 role raid fs 1 body 2 pos 6,5 stuck 312
RC WALK 165 id 10 role raid pos 6,5 tgt 5,6 want WEST
V527I SEALNT 166 ph 5 fwd 0 hv 2
RC POS 166 id 3 seat 0 role raid fs 1 body 1 pos 7,3 stuck 0
RC POS 166 id 10 seat 3 role raid fs 1 body 2 pos 6,5 stuck 314
RC WALK 166 id 10 role raid pos 6,5 tgt 5,6 want WEST
V527I SEALNT 167 ph 5 fwd 0 hv 2
RC POS 167 id 3 seat 0 role raid fs 1 body 1 pos 7,4 stuck 0
RC WALK 167 id 3 role raid pos 7,4 tgt 5,6 want NORTH
RC POS 167 id 10 seat 3 role raid fs 1 body 2 pos 6,5 stuck 316
RC WALK 167 id 10 role raid pos 6,5 tgt 5,6 want WEST
V527I SEALNT 168 ph 5 fwd 0 hv 2
RC POS 168 id 3 seat 0 role raid fs 1 body 1 pos 7,3 stuck 0
RC POS 168 id 10 seat 3 role raid fs 1 body 2 pos 6,5 stuck 318
RC WALK 168 id 10 role raid pos 6,5 tgt 5,6 want WEST
V527I SEALNT 169 ph 5 fwd 0 hv 2
RC POS 169 id 3 seat 0 role raid fs 1 body 1 pos 7,4 stuck 0
RC WALK 169 id 3 role raid pos 7,4 tgt 5,6 want NORTH
RC POS 169 id 10 seat 3 role raid fs 1 body 2 pos 6,5 stuck 320
RC WALK 169 id 10 role raid pos 6,5 tgt 5,6 want WEST
V527I SEALNT 170 ph 5 fwd 0 hv 2
RC POS 170 id 3 seat 0 role raid fs 1 body 1 pos 7,3 stuck 0
RC POS 170 id 10 seat 3 role raid fs 1 body 2 pos 6,5 stuck 322
RC WALK 170 id 10 role raid pos 6,5 tgt 5,6 want WEST
V527I SEALNT 171 ph 5 fwd 0 hv 2
RC POS 171 id 3 seat 0 role raid fs 1 body 1 pos 7,4 stuck 0
RC WALK 171 id 3 role raid pos 7,4 tgt 5,6 want NORTH
RC POS 171 id 10 seat 3 role raid fs 1 body 2 pos 6,5 stuck 324
RC WALK 171 id 10 role raid pos 6,5 tgt 5,6 want WEST
V527I SEALNT 172 ph 5 fwd 0 hv 2
RC POS 172 id 3 seat 0 role raid fs 1 body 1 pos 7,3 stuck 0
RC POS 172 id 10 seat 3 role raid fs 1 body 2 pos 6,5 stuck 326
RC WALK 172 id 10 role raid pos 6,5 tgt 5,6 want WEST
V527I SEALNT 173 ph 5 fwd 0 hv 2
RC POS 173 id 3 seat 0 role raid fs 1 body 1 pos 7,4 stuck 0
RC WALK 173 id 3 role raid pos 7,4 tgt 5,6 want NORTH
RC POS 173 id 10 seat 3 role raid fs 1 body 2 pos 6,5 stuck 328
RC WALK 173 id 10 role raid pos 6,5 tgt 5,6 want WEST
V527I SEALNT 174 ph 5 fwd 0 hv 2
RC POS 174 id 3 seat 0 role raid fs 1 body 1 pos 7,3 stuck 0
RC POS 174 id 10 seat 3 role raid fs 1 body 2 pos 6,5 stuck 330
RC WALK 174 id 10 role raid pos 6,5 tgt 5,6 want WEST
V527I SEALNT 175 ph 5 fwd 0 hv 2
RC POS 175 id 3 seat 0 role raid fs 1 body 1 pos 7,4 stuck 0
RC WALK 175 id 3 role raid pos 7,4 tgt 5,6 want NORTH
RC POS 175 id 10 seat 3 role raid fs 1 body 2 pos 6,5 stuck 332
RC WALK 175 id 10 role raid pos 6,5 tgt 5,6 want WEST
V527I SEALNT 176 ph 5 fwd 0 hv 2
RC POS 176 id 3 seat 0 role raid fs 1 body 1 pos 7,3 stuck 0
RC POS 176 id 10 seat 3 role raid fs 1 body 2 pos 6,5 stuck 334
RC WALK 176 id 10 role raid pos 6,5 tgt 5,6 want WEST
V527I SEALNT 177 ph 5 fwd 0 hv 2
RC POS 177 id 3 seat 0 role raid fs 1 body 1 pos 7,4 stuck 0
RC WALK 177 id 3 role raid pos 7,4 tgt 5,6 want NORTH
RC POS 177 id 10 seat 3 role raid fs 1 body 2 pos 6,5 stuck 336
RC WALK 177 id 10 role raid pos 6,5 tgt 5,6 want WEST
V527I SEALNT 178 ph 5 fwd 0 hv 2
RC POS 178 id 3 seat 0 role raid fs 1 body 1 pos 7,3 stuck 0
RC POS 178 id 10 seat 3 role raid fs 1 body 2 pos 6,5 stuck 338
RC WALK 178 id 10 role raid pos 6,5 tgt 5,6 want WEST
V527I SEALNT 179 ph 5 fwd 0 hv 2
RC POS 179 id 3 seat 0 role raid fs 1 body 1 pos 7,4 stuck 0
RC WALK 179 id 3 role raid pos 7,4 tgt 5,6 want NORTH
RC POS 179 id 10 seat 3 role raid fs 1 body 2 pos 6,5 stuck 340
RC WALK 179 id 10 role raid pos 6,5 tgt 5,6 want WEST
V527I SEALNT 180 ph 5 fwd 0 hv 2
RC POS 180 id 3 seat 0 role raid fs 1 body 1 pos 7,3 stuck 0
RC POS 180 id 10 seat 3 role raid fs 1 body 2 pos 6,5 stuck 342
RC WALK 180 id 10 role raid pos 6,5 tgt 5,6 want WEST
V527I SEALNT 181 ph 5 fwd 0 hv 2
RC POS 181 id 3 seat 0 role raid fs 1 body 1 pos 7,4 stuck 0
RC WALK 181 id 3 role raid pos 7,4 tgt 5,6 want NORTH
RC POS 181 id 10 seat 3 role raid fs 1 body 2 pos 6,5 stuck 344
RC WALK 181 id 10 role raid pos 6,5 tgt 5,6 want WEST
V527I SEALNT 182 ph 5 fwd 0 hv 2
RC POS 182 id 3 seat 0 role raid fs 1 body 1 pos 7,3 stuck 0
RC POS 182 id 10 seat 3 role raid fs 1 body 2 pos 6,5 stuck 346
RC WALK 182 id 10 role raid pos 6,5 tgt 5,6 want WEST
V527I SEALNT 183 ph 5 fwd 0 hv 2
RC POS 183 id 3 seat 0 role raid fs 1 body 1 pos 7,4 stuck 0
RC WALK 183 id 3 role raid pos 7,4 tgt 5,6 want NORTH
RC POS 183 id 10 seat 3 role raid fs 1 body 2 pos 6,5 stuck 348
RC WALK 183 id 10 role raid pos 6,5 tgt 5,6 want WEST
V527I SEALNT 184 ph 5 fwd 0 hv 2
RC POS 184 id 3 seat 0 role raid fs 1 body 1 pos 7,3 stuck 0
RC POS 184 id 10 seat 3 role raid fs 1 body 2 pos 6,5 stuck 350
RC WALK 184 id 10 role raid pos 6,5 tgt 5,6 want WEST
V527I SEALNT 185 ph 5 fwd 0 hv 2
RC POS 185 id 3 seat 0 role raid fs 1 body 1 pos 7,4 stuck 0
RC WALK 185 id 3 role raid pos 7,4 tgt 5,6 want NORTH
RC POS 185 id 10 seat 3 role raid fs 1 body 2 pos 6,5 stuck 352
RC WALK 185 id 10 role raid pos 6,5 tgt 5,6 want WEST
V527I SEALNT 186 ph 5 fwd 0 hv 2
RC POS 186 id 3 seat 0 role raid fs 1 body 1 pos 7,3 stuck 0
RC POS 186 id 10 seat 3 role raid fs 1 body 2 pos 6,5 stuck 354
RC WALK 186 id 10 role raid pos 6,5 tgt 5,6 want WEST
V527I SEALNT 187 ph 5 fwd 0 hv 2
RC POS 187 id 3 seat 0 role raid fs 1 body 1 pos 7,4 stuck 0
RC WALK 187 id 3 role raid pos 7,4 tgt 5,6 want NORTH
RC POS 187 id 10 seat 3 role raid fs 1 body 2 pos 6,5 stuck 356
RC WALK 187 id 10 role raid pos 6,5 tgt 5,6 want WEST
V527I SEALNT 188 ph 5 fwd 0 hv 2
RC POS 188 id 3 seat 0 role raid fs 1 body 1 pos 7,3 stuck 0
RC POS 188 id 10 seat 3 role raid fs 1 body 2 pos 6,5 stuck 358
RC WALK 188 id 10 role raid pos 6,5 tgt 5,6 want WEST
V527I SEALNT 189 ph 5 fwd 0 hv 2
RC POS 189 id 3 seat 0 role raid fs 1 body 1 pos 7,4 stuck 0
RC WALK 189 id 3 role raid pos 7,4 tgt 5,6 want NORTH
RC POS 189 id 10 seat 3 role raid fs 1 body 2 pos 6,5 stuck 360
RC WALK 189 id 10 role raid pos 6,5 tgt 5,6 want WEST
V527I SEALNT 190 ph 5 fwd 0 hv 2
RC POS 190 id 3 seat 0 role raid fs 1 body 1 pos 7,3 stuck 0
RC POS 190 id 10 seat 3 role raid fs 1 body 2 pos 6,5 stuck 362
RC WALK 190 id 10 role raid pos 6,5 tgt 5,6 want WEST
V527I SEALNT 191 ph 5 fwd 0 hv 2
RC POS 191 id 3 seat 0 role raid fs 1 body 1 pos 7,4 stuck 0
RC WALK 191 id 3 role raid pos 7,4 tgt 5,6 want NORTH
RC POS 191 id 10 seat 3 role raid fs 1 body 2 pos 6,5 stuck 364
RC WALK 191 id 10 role raid pos 6,5 tgt 5,6 want WEST
V527I SEALNT 192 ph 5 fwd 0 hv 2
RC POS 192 id 3 seat 0 role raid fs 1 body 1 pos 7,3 stuck 0
RC POS 192 id 10 seat 3 role raid fs 1 body 2 pos 6,5 stuck 366
RC WALK 192 id 10 role raid pos 6,5 tgt 5,6 want WEST
V527I SEALNT 193 ph 5 fwd 0 hv 2
RC POS 193 id 3 seat 0 role raid fs 1 body 1 pos 7,4 stuck 0
RC WALK 193 id 3 role raid pos 7,4 tgt 5,6 want NORTH
RC POS 193 id 10 seat 3 role raid fs 1 body 2 pos 6,5 stuck 368
RC WALK 193 id 10 role raid pos 6,5 tgt 5,6 want WEST
V527I SEALNT 194 ph 5 fwd 0 hv 2
RC POS 194 id 3 seat 0 role raid fs 1 body 1 pos 7,3 stuck 0
RC POS 194 id 10 seat 3 role raid fs 1 body 2 pos 6,5 stuck 370
RC WALK 194 id 10 role raid pos 6,5 tgt 5,6 want WEST
V527I SEALNT 195 ph 5 fwd 0 hv 2
RC POS 195 id 3 seat 0 role raid fs 1 body 1 pos 7,4 stuck 0
RC WALK 195 id 3 role raid pos 7,4 tgt 5,6 want NORTH
RC POS 195 id 10 seat 3 role raid fs 1 body 2 pos 6,5 stuck 372
RC WALK 195 id 10 role raid pos 6,5 tgt 5,6 want WEST
V527I SEALNT 196 ph 5 fwd 0 hv 2
RC POS 196 id 3 seat 0 role raid fs 1 body 1 pos 7,3 stuck 0
RC POS 196 id 10 seat 3 role raid fs 1 body 2 pos 6,5 stuck 374
RC WALK 196 id 10 role raid pos 6,5 tgt 5,6 want WEST
V527I SEALNT 197 ph 5 fwd 0 hv 2
RC POS 197 id 3 seat 0 role raid fs 1 body 1 pos 7,4 stuck 0
RC WALK 197 id 3 role raid pos 7,4 tgt 5,6 want NORTH
RC POS 197 id 10 seat 3 role raid fs 1 body 2 pos 6,5 stuck 376
RC WALK 197 id 10 role raid pos 6,5 tgt 5,6 want WEST
V527I SEALNT 198 ph 5 fwd 0 hv 2
RC POS 198 id 3 seat 0 role raid fs 1 body 1 pos 7,3 stuck 0
RC POS 198 id 10 seat 3 role raid fs 1 body 2 pos 6,5 stuck 378
RC WALK 198 id 10 role raid pos 6,5 tgt 5,6 want WEST
V527I SEALNT 199 ph 5 fwd 0 hv 2
RC POS 199 id 3 seat 0 role raid fs 1 body 1 pos 7,4 stuck 0
RC WALK 199 id 3 role raid pos 7,4 tgt 5,6 want NORTH
RC POS 199 id 10 seat 3 role raid fs 1 body 2 pos 6,5 stuck 380
RC WALK 199 id 10 role raid pos 6,5 tgt 5,6 want WEST
V527I SEALNT 200 ph 5 fwd 0 hv 2
RC POS 200 id 3 seat 0 role raid fs 1 body 1 pos 7,3 stuck 0
RC POS 200 id 10 seat 3 role raid fs 1 body 2 pos 6,5 stuck 382
RC WALK 200 id 10 role raid pos 6,5 tgt 5,6 want WEST
V527I SEALNT 201 ph 5 fwd 0 hv 2
RC POS 201 id 3 seat 0 role raid fs 1 body 1 pos 7,4 stuck 0
RC WALK 201 id 3 role raid pos 7,4 tgt 5,6 want NORTH
RC POS 201 id 10 seat 3 role raid fs 1 body 2 pos 6,5 stuck 384
RC WALK 201 id 10 role raid pos 6,5 tgt 5,6 want WEST
V527I SEALNT 202 ph 5 fwd 0 hv 2
RC POS 202 id 3 seat 0 role raid fs 1 body 1 pos 7,3 stuck 0
RC POS 202 id 10 seat 3 role raid fs 1 body 2 pos 6,5 stuck 386
RC WALK 202 id 10 role raid pos 6,5 tgt 5,6 want WEST
V527I SEALNT 203 ph 5 fwd 0 hv 2
RC POS 203 id 3 seat 0 role raid fs 1 body 1 pos 7,4 stuck 0
RC WALK 203 id 3 role raid pos 7,4 tgt 5,6 want NORTH
RC POS 203 id 10 seat 3 role raid fs 1 body 2 pos 6,5 stuck 388
RC WALK 203 id 10 role raid pos 6,5 tgt 5,6 want WEST
V527I SEALNT 204 ph 5 fwd 0 hv 2
RC POS 204 id 3 seat 0 role raid fs 1 body 1 pos 7,3 stuck 0
RC POS 204 id 10 seat 3 role raid fs 1 body 2 pos 6,5 stuck 390
RC WALK 204 id 10 role raid pos 6,5 tgt 5,6 want WEST
V527I SEALNT 205 ph 5 fwd 0 hv 2
RC POS 205 id 3 seat 0 role raid fs 1 body 1 pos 7,4 stuck 0
RC WALK 205 id 3 role raid pos 7,4 tgt 5,6 want NORTH
RC POS 205 id 10 seat 3 role raid fs 1 body 2 pos 6,5 stuck 392
RC WALK 205 id 10 role raid pos 6,5 tgt 5,6 want WEST
V527I SEALNT 206 ph 5 fwd 0 hv 2
RC POS 206 id 3 seat 0 role raid fs 1 body 1 pos 7,3 stuck 0
RC POS 206 id 10 seat 3 role raid fs 1 body 2 pos 6,5 stuck 394
RC WALK 206 id 10 role raid pos 6,5 tgt 5,6 want WEST
V527I SEALNT 207 ph 5 fwd 0 hv 2
RC POS 207 id 3 seat 0 role raid fs 1 body 1 pos 7,4 stuck 0
RC WALK 207 id 3 role raid pos 7,4 tgt 5,6 want NORTH
RC POS 207 id 10 seat 3 role raid fs 1 body 2 pos 6,5 stuck 396
RC WALK 207 id 10 role raid pos 6,5 tgt 5,6 want WEST
V527I SEALNT 208 ph 5 fwd 0 hv 2
RC POS 208 id 3 seat 0 role raid fs 1 body 1 pos 7,3 stuck 0
RC POS 208 id 10 seat 3 role raid fs 1 body 2 pos 6,5 stuck 398
RC WALK 208 id 10 role raid pos 6,5 tgt 5,6 want WEST
V527I SEALNT 209 ph 5 fwd 0 hv 2
RC POS 209 id 3 seat 0 role raid fs 1 body 1 pos 7,4 stuck 0
RC WALK 209 id 3 role raid pos 7,4 tgt 5,6 want NORTH
RC POS 209 id 10 seat 3 role raid fs 1 body 2 pos 6,5 stuck 400
RC WALK 209 id 10 role raid pos 6,5 tgt 5,6 want WEST
V527I SEALNT 210 ph 5 fwd 0 hv 2
RC POS 210 id 3 seat 0 role raid fs 1 body 1 pos 7,3 stuck 0
RC POS 210 id 10 seat 3 role raid fs 1 body 2 pos 6,5 stuck 402
RC WALK 210 id 10 role raid pos 6,5 tgt 5,6 want WEST
V527I SEALNT 211 ph 5 fwd 0 hv 2
RC POS 211 id 3 seat 0 role raid fs 1 body 1 pos 7,4 stuck 0
RC WALK 211 id 3 role raid pos 7,4 tgt 5,6 want NORTH
RC POS 211 id 10 seat 3 role raid fs 1 body 2 pos 6,5 stuck 404
RC WALK 211 id 10 role raid pos 6,5 tgt 5,6 want WEST
V527I SEALNT 212 ph 5 fwd 0 hv 2
RC POS 212 id 3 seat 0 role raid fs 1 body 1 pos 7,3 stuck 0
RC POS 212 id 10 seat 3 role raid fs 1 body 2 pos 6,5 stuck 406
RC WALK 212 id 10 role raid pos 6,5 tgt 5,6 want WEST
V527I SEALNT 213 ph 5 fwd 0 hv 2
RC POS 213 id 3 seat 0 role raid fs 1 body 1 pos 7,4 stuck 0
RC POS 213 id 10 seat 3 role raid fs 1 body 2 pos 6,5 stuck 408
RC WALK 213 id 10 role raid pos 6,5 tgt 5,6 want WEST
V527I SEALNT 214 ph 5 fwd 1 hv 2
RC POS 214 id 3 seat 0 role raid fs 1 body 1 pos 7,4 stuck 1
RC WALK 214 id 3 role raid pos 7,4 tgt 5,6 want NORTH
RC POS 214 id 10 seat 3 role raid fs 1 body 2 pos 6,5 stuck 410
RC WALK 214 id 10 role raid pos 6,5 tgt 5,6 want WEST
V527I SEALNT 215 ph 5 fwd 1 hv 2
RC POS 215 id 3 seat 0 role raid fs 1 body 1 pos 7,3 stuck 0
RC POS 215 id 10 seat 3 role raid fs 1 body 2 pos 6,5 stuck 412
RC WALK 215 id 10 role raid pos 6,5 tgt 5,6 want WEST
V527I SEALNT 216 ph 5 fwd 1 hv 2
RC POS 216 id 3 seat 0 role raid fs 1 body 1 pos 7,4 stuck 0
RC WALK 216 id 3 role raid pos 7,4 tgt 5,6 want NORTH
RC POS 216 id 10 seat 3 role raid fs 1 body 2 pos 6,5 stuck 414
RC WALK 216 id 10 role raid pos 6,5 tgt 5,6 want WEST
V527I SEALNT 217 ph 5 fwd 1 hv 2
RC POS 217 id 3 seat 0 role raid fs 1 body 1 pos 7,3 stuck 0
RC POS 217 id 10 seat 3 role raid fs 1 body 2 pos 6,5 stuck 416
RC WALK 217 id 10 role raid pos 6,5 tgt 5,6 want WEST
V527I SEALNT 218 ph 5 fwd 1 hv 2
RC POS 218 id 3 seat 0 role raid fs 1 body 1 pos 7,4 stuck 0
RC WALK 218 id 3 role raid pos 7,4 tgt 5,8 want NORTH
RC POS 218 id 10 seat 3 role raid fs 1 body 2 pos 6,5 stuck 418
RC WALK 218 id 10 role raid pos 6,5 tgt 6,9 want SOUTH
V527I SEALNT 219 ph 5 fwd 1 hv 2
RC POS 219 id 3 seat 0 role raid fs 1 body 1 pos 7,3 stuck 0
RC POS 219 id 10 seat 3 role raid fs 1 body 2 pos 6,5 stuck 420
RC WALK 219 id 10 role raid pos 6,5 tgt 6,9 want SOUTH
V527I SEALNT 220 ph 5 fwd 1 hv 2
RC POS 220 id 3 seat 0 role raid fs 1 body 1 pos 7,4 stuck 0
RC WALK 220 id 3 role raid pos 7,4 tgt 6,9 want NORTH
RC POS 220 id 10 seat 3 role raid fs 1 body 2 pos 6,5 stuck 422
RC WALK 220 id 10 role raid pos 6,5 tgt 6,9 want SOUTH
V527I SEALNT 221 ph 5 fwd 1 hv 2
RC POS 221 id 3 seat 0 role raid fs 1 body 1 pos 7,3 stuck 0
RC POS 221 id 10 seat 3 role raid fs 1 body 2 pos 6,5 stuck 424
RC WALK 221 id 10 role raid pos 6,5 tgt 6,9 want SOUTH
V527I SEALNT 222 ph 5 fwd 1 hv 2
RC POS 222 id 3 seat 0 role raid fs 1 body 1 pos 7,4 stuck 0
RC WALK 222 id 3 role raid pos 7,4 tgt 6,9 want NORTH
RC POS 222 id 10 seat 3 role raid fs 1 body 2 pos 6,5 stuck 426
RC WALK 222 id 10 role raid pos 6,5 tgt 6,9 want SOUTH
V527I SEALNT 223 ph 5 fwd 1 hv 2
RC POS 223 id 3 seat 0 role raid fs 1 body 1 pos 7,3 stuck 0
RC POS 223 id 10 seat 3 role raid fs 1 body 2 pos 6,5 stuck 428
RC WALK 223 id 10 role raid pos 6,5 tgt 6,9 want SOUTH
V527I SEALNT 224 ph 5 fwd 1 hv 2
RC POS 224 id 3 seat 0 role raid fs 1 body 1 pos 7,4 stuck 0
RC WALK 224 id 3 role raid pos 7,4 tgt 6,9 want NORTH
RC POS 224 id 10 seat 3 role raid fs 1 body 2 pos 6,5 stuck 430
RC WALK 224 id 10 role raid pos 6,5 tgt 6,9 want SOUTH
V527I SEALNT 225 ph 5 fwd 1 hv 2
RC POS 225 id 3 seat 0 role raid fs 1 body 1 pos 7,3 stuck 0
RC POS 225 id 10 seat 3 role raid fs 1 body 2 pos 6,5 stuck 432
RC WALK 225 id 10 role raid pos 6,5 tgt 6,9 want SOUTH
V527I SEALNT 226 ph 5 fwd 1 hv 2
RC POS 226 id 3 seat 0 role raid fs 1 body 1 pos 7,4 stuck 0
RC WALK 226 id 3 role raid pos 7,4 tgt 6,9 want NORTH
RC POS 226 id 10 seat 3 role raid fs 1 body 2 pos 6,5 stuck 434
RC WALK 226 id 10 role raid pos 6,5 tgt 6,9 want SOUTH
V527I SEALNT 227 ph 5 fwd 1 hv 2
RC POS 227 id 3 seat 0 role raid fs 1 body 1 pos 7,3 stuck 0
RC POS 227 id 10 seat 3 role raid fs 1 body 2 pos 6,5 stuck 436
RC WALK 227 id 10 role raid pos 6,5 tgt 6,9 want SOUTH
V527I SEALNT 228 ph 5 fwd 1 hv 2
RC POS 228 id 3 seat 0 role raid fs 1 body 1 pos 7,4 stuck 0
RC WALK 228 id 3 role raid pos 7,4 tgt 6,9 want NORTH
RC POS 228 id 10 seat 3 role raid fs 1 body 2 pos 6,5 stuck 438
RC WALK 228 id 10 role raid pos 6,5 tgt 6,9 want SOUTH
V527I SEALNT 229 ph 5 fwd 1 hv 2
RC POS 229 id 3 seat 0 role raid fs 1 body 1 pos 7,3 stuck 0
RC POS 229 id 10 seat 3 role raid fs 1 body 2 pos 6,5 stuck 440
RC WALK 229 id 10 role raid pos 6,5 tgt 6,9 want SOUTH
V527I SEALNT 230 ph 5 fwd 1 hv 2
RC POS 230 id 3 seat 0 role raid fs 1 body 1 pos 7,4 stuck 0
RC WALK 230 id 3 role raid pos 7,4 tgt 6,9 want NORTH
RC POS 230 id 10 seat 3 role raid fs 1 body 2 pos 6,5 stuck 442
RC WALK 230 id 10 role raid pos 6,5 tgt 6,9 want SOUTH
V527I SEALNT 231 ph 5 fwd 1 hv 2
RC POS 231 id 3 seat 0 role raid fs 1 body 1 pos 7,3 stuck 0
RC POS 231 id 10 seat 3 role raid fs 1 body 2 pos 6,5 stuck 444
RC WALK 231 id 10 role raid pos 6,5 tgt 6,9 want SOUTH
V527I SEALNT 232 ph 5 fwd 1 hv 2
RC POS 232 id 3 seat 0 role raid fs 1 body 1 pos 7,4 stuck 0
RC WALK 232 id 3 role raid pos 7,4 tgt 6,9 want NORTH
RC POS 232 id 10 seat 3 role raid fs 1 body 2 pos 6,5 stuck 446
RC WALK 232 id 10 role raid pos 6,5 tgt 6,9 want SOUTH
V527I SEALNT 233 ph 5 fwd 1 hv 2
RC POS 233 id 3 seat 0 role raid fs 1 body 1 pos 7,3 stuck 0
RC POS 233 id 10 seat 3 role raid fs 1 body 2 pos 6,5 stuck 448
RC WALK 233 id 10 role raid pos 6,5 tgt 6,9 want SOUTH
V527I SEALNT 234 ph 5 fwd 1 hv 2
RC POS 234 id 3 seat 0 role raid fs 1 body 1 pos 7,4 stuck 0
RC WALK 234 id 3 role raid pos 7,4 tgt 6,9 want NORTH
RC POS 234 id 10 seat 3 role raid fs 1 body 2 pos 6,5 stuck 450
RC WALK 234 id 10 role raid pos 6,5 tgt 6,9 want SOUTH
V527I SEALNT 235 ph 5 fwd 1 hv 2
RC POS 235 id 3 seat 0 role raid fs 1 body 1 pos 7,3 stuck 0
RC POS 235 id 10 seat 3 role raid fs 1 body 2 pos 6,5 stuck 452
RC WALK 235 id 10 role raid pos 6,5 tgt 6,9 want SOUTH
V527I SEALNT 236 ph 5 fwd 1 hv 2
RC POS 236 id 3 seat 0 role raid fs 1 body 1 pos 7,4 stuck 0
RC WALK 236 id 3 role raid pos 7,4 tgt 6,9 want NORTH
RC POS 236 id 10 seat 3 role raid fs 1 body 2 pos 6,5 stuck 454
RC WALK 236 id 10 role raid pos 6,5 tgt 6,9 want SOUTH
V527I SEALNT 237 ph 5 fwd 1 hv 2
RC POS 237 id 3 seat 0 role raid fs 1 body 1 pos 7,3 stuck 0
RC POS 237 id 10 seat 3 role raid fs 1 body 2 pos 6,5 stuck 456
RC WALK 237 id 10 role raid pos 6,5 tgt 6,9 want SOUTH
V527I SEALNT 238 ph 5 fwd 1 hv 2
RC POS 238 id 3 seat 0 role raid fs 1 body 1 pos 7,4 stuck 0
RC WALK 238 id 3 role raid pos 7,4 tgt 6,9 want NORTH
RC POS 238 id 10 seat 3 role raid fs 1 body 2 pos 6,5 stuck 458
RC WALK 238 id 10 role raid pos 6,5 tgt 6,9 want SOUTH
V527I SEALNT 239 ph 5 fwd 1 hv 2
RC POS 239 id 3 seat 0 role raid fs 1 body 1 pos 7,3 stuck 0
RC POS 239 id 10 seat 3 role raid fs 1 body 2 pos 6,5 stuck 460
RC WALK 239 id 10 role raid pos 6,5 tgt 6,9 want SOUTH
V527I SEALNT 240 ph 5 fwd 1 hv 2
RC POS 240 id 3 seat 0 role raid fs 1 body 1 pos 7,4 stuck 0
RC WALK 240 id 3 role raid pos 7,4 tgt 6,9 want NORTH
RC POS 240 id 10 seat 3 role raid fs 1 body 2 pos 6,5 stuck 462
RC WALK 240 id 10 role raid pos 6,5 tgt 6,9 want SOUTH
V527I SEALNT 241 ph 5 fwd 1 hv 2
RC POS 241 id 3 seat 0 role raid fs 1 body 1 pos 7,3 stuck 0
RC POS 241 id 10 seat 3 role raid fs 1 body 2 pos 6,5 stuck 464
RC WALK 241 id 10 role raid pos 6,5 tgt 6,9 want SOUTH
V527I SEALNT 242 ph 5 fwd 1 hv 2
RC POS 242 id 3 seat 0 role raid fs 1 body 1 pos 7,4 stuck 0
RC WALK 242 id 3 role raid pos 7,4 tgt 6,9 want NORTH
RC POS 242 id 10 seat 3 role raid fs 1 body 2 pos 6,5 stuck 466
RC WALK 242 id 10 role raid pos 6,5 tgt 6,9 want SOUTH
V527I SEALNT 243 ph 5 fwd 1 hv 2
RC POS 243 id 3 seat 0 role raid fs 1 body 1 pos 7,3 stuck 0
RC POS 243 id 10 seat 3 role raid fs 1 body 2 pos 6,5 stuck 468
RC WALK 243 id 10 role raid pos 6,5 tgt 6,9 want SOUTH
V527I SEALNT 244 ph 5 fwd 1 hv 2
RC POS 244 id 3 seat 0 role raid fs 1 body 1 pos 7,4 stuck 0
RC WALK 244 id 3 role raid pos 7,4 tgt 6,9 want NORTH
RC POS 244 id 10 seat 3 role raid fs 1 body 2 pos 6,5 stuck 470
RC WALK 244 id 10 role raid pos 6,5 tgt 6,9 want SOUTH
V527I SEALNT 245 ph 5 fwd 1 hv 2
RC POS 245 id 3 seat 0 role raid fs 1 body 1 pos 7,3 stuck 0
RC POS 245 id 10 seat 3 role raid fs 1 body 2 pos 6,5 stuck 472
RC WALK 245 id 10 role raid pos 6,5 tgt 6,9 want SOUTH
V527I SEALNT 246 ph 5 fwd 1 hv 2
RC POS 246 id 3 seat 0 role raid fs 1 body 1 pos 7,4 stuck 0
RC WALK 246 id 3 role raid pos 7,4 tgt 6,9 want NORTH
RC POS 246 id 10 seat 3 role raid fs 1 body 2 pos 6,5 stuck 474
RC WALK 246 id 10 role raid pos 6,5 tgt 6,9 want SOUTH
V527I SEALNT 247 ph 5 fwd 1 hv 2
RC POS 247 id 3 seat 0 role raid fs 1 body 1 pos 7,3 stuck 0
RC POS 247 id 10 seat 3 role raid fs 1 body 2 pos 6,5 stuck 476
RC WALK 247 id 10 role raid pos 6,5 tgt 6,9 want SOUTH
V527I SEALNT 248 ph 5 fwd 1 hv 2
RC POS 248 id 3 seat 0 role raid fs 1 body 1 pos 7,4 stuck 0
RC WALK 248 id 3 role raid pos 7,4 tgt 6,9 want NORTH
RC POS 248 id 10 seat 3 role raid fs 1 body 2 pos 6,5 stuck 478
RC WALK 248 id 10 role raid pos 6,5 tgt 6,9 want SOUTH
V527I SEALNT 249 ph 5 fwd 1 hv 2
RC POS 249 id 3 seat 0 role raid fs 1 body 1 pos 7,3 stuck 0
RC POS 249 id 10 seat 3 role raid fs 1 body 2 pos 6,5 stuck 480
RC WALK 249 id 10 role raid pos 6,5 tgt 6,9 want SOUTH
V527I SEALNT 250 ph 5 fwd 1 hv 2
RC POS 250 id 3 seat 0 role raid fs 1 body 1 pos 7,4 stuck 0
RC WALK 250 id 3 role raid pos 7,4 tgt 6,9 want NORTH
RC POS 250 id 10 seat 3 role raid fs 1 body 2 pos 6,5 stuck 482
RC WALK 250 id 10 role raid pos 6,5 tgt 6,9 want SOUTH
V527I SEALNT 251 ph 5 fwd 1 hv 2
RC POS 251 id 3 seat 0 role raid fs 1 body 1 pos 7,3 stuck 0
RC POS 251 id 10 seat 3 role raid fs 1 body 2 pos 6,5 stuck 484
RC WALK 251 id 10 role raid pos 6,5 tgt 6,9 want SOUTH
V527I SEALNT 252 ph 5 fwd 1 hv 2
RC POS 252 id 3 seat 0 role raid fs 1 body 1 pos 7,4 stuck 0
RC WALK 252 id 3 role raid pos 7,4 tgt 6,9 want NORTH
RC POS 252 id 10 seat 3 role raid fs 1 body 2 pos 6,5 stuck 486
RC WALK 252 id 10 role raid pos 6,5 tgt 6,9 want SOUTH
V527I SEALNT 253 ph 5 fwd 1 hv 2
RC POS 253 id 3 seat 0 role raid fs 1 body 1 pos 7,3 stuck 0
RC POS 253 id 10 seat 3 role raid fs 1 body 2 pos 6,5 stuck 488
RC WALK 253 id 10 role raid pos 6,5 tgt 6,9 want SOUTH
V527I SEALNT 254 ph 5 fwd 1 hv 2
RC POS 254 id 3 seat 0 role raid fs 1 body 1 pos 7,4 stuck 0
RC WALK 254 id 3 role raid pos 7,4 tgt 6,9 want NORTH
RC POS 254 id 10 seat 3 role raid fs 1 body 2 pos 6,5 stuck 490
RC WALK 254 id 10 role raid pos 6,5 tgt 6,9 want SOUTH
V527I SEALNT 255 ph 5 fwd 1 hv 2
RC POS 255 id 3 seat 0 role raid fs 1 body 1 pos 7,3 stuck 0
RC POS 255 id 10 seat 3 role raid fs 1 body 2 pos 6,5 stuck 492
RC WALK 255 id 10 role raid pos 6,5 tgt 6,9 want SOUTH
V527I SEALNT 256 ph 5 fwd 1 hv 2
RC POS 256 id 3 seat 0 role raid fs 1 body 1 pos 7,4 stuck 0
RC WALK 256 id 3 role raid pos 7,4 tgt 6,9 want NORTH
RC POS 256 id 10 seat 3 role raid fs 1 body 2 pos 6,5 stuck 494
RC WALK 256 id 10 role raid pos 6,5 tgt 6,9 want SOUTH
V527I SEALNT 257 ph 5 fwd 1 hv 2
RC POS 257 id 3 seat 0 role raid fs 1 body 1 pos 7,3 stuck 0
RC POS 257 id 10 seat 3 role raid fs 1 body 2 pos 6,5 stuck 496
RC WALK 257 id 10 role raid pos 6,5 tgt 6,9 want SOUTH
V527I SEALNT 258 ph 5 fwd 1 hv 2
RC POS 258 id 3 seat 0 role raid fs 1 body 1 pos 7,4 stuck 0
RC WALK 258 id 3 role raid pos 7,4 tgt 6,9 want NORTH
RC POS 258 id 10 seat 3 role raid fs 1 body 2 pos 6,5 stuck 498
RC WALK 258 id 10 role raid pos 6,5 tgt 6,9 want SOUTH
V527I SEALNT 259 ph 5 fwd 1 hv 2
RC POS 259 id 3 seat 0 role raid fs 1 body 1 pos 7,3 stuck 0
RC POS 259 id 10 seat 3 role raid fs 1 body 2 pos 6,5 stuck 500
RC WALK 259 id 10 role raid pos 6,5 tgt 6,9 want SOUTH
V527I SEALNT 260 ph 5 fwd 1 hv 2
RC POS 260 id 3 seat 0 role raid fs 1 body 1 pos 7,4 stuck 0
RC WALK 260 id 3 role raid pos 7,4 tgt 6,9 want NORTH
RC POS 260 id 10 seat 3 role raid fs 1 body 2 pos 6,5 stuck 502
RC WALK 260 id 10 role raid pos 6,5 tgt 6,9 want SOUTH
V527I SEALNT 261 ph 5 fwd 1 hv 2
RC POS 261 id 3 seat 0 role raid fs 1 body 1 pos 7,3 stuck 0
RC POS 261 id 10 seat 3 role raid fs 1 body 2 pos 6,5 stuck 504
RC WALK 261 id 10 role raid pos 6,5 tgt 6,9 want SOUTH
V527I SEALNT 262 ph 5 fwd 1 hv 2
RC POS 262 id 3 seat 0 role raid fs 1 body 1 pos 7,4 stuck 0
RC WALK 262 id 3 role raid pos 7,4 tgt 6,9 want NORTH
RC POS 262 id 10 seat 3 role raid fs 1 body 2 pos 6,5 stuck 506
RC WALK 262 id 10 role raid pos 6,5 tgt 6,9 want SOUTH
V527I SEALNT 263 ph 5 fwd 1 hv 2
RC POS 263 id 3 seat 0 role raid fs 1 body 1 pos 7,3 stuck 0
RC POS 263 id 10 seat 3 role raid fs 1 body 2 pos 6,5 stuck 508
RC WALK 263 id 10 role raid pos 6,5 tgt 6,9 want SOUTH
V527I SEALNT 264 ph 5 fwd 1 hv 2
RC POS 264 id 3 seat 0 role raid fs 1 body 1 pos 7,4 stuck 0
RC WALK 264 id 3 role raid pos 7,4 tgt 6,9 want NORTH
RC POS 264 id 10 seat 3 role raid fs 1 body 2 pos 6,5 stuck 510
RC WALK 264 id 10 role raid pos 6,5 tgt 6,9 want SOUTH
V527I SEALNT 265 ph 5 fwd 1 hv 2
RC POS 265 id 3 seat 0 role raid fs 1 body 1 pos 7,3 stuck 0
RC POS 265 id 10 seat 3 role raid fs 1 body 2 pos 6,5 stuck 512
RC WALK 265 id 10 role raid pos 6,5 tgt 6,9 want SOUTH
V527I SEALNT 266 ph 5 fwd 1 hv 2
RC POS 266 id 3 seat 0 role raid fs 1 body 1 pos 7,4 stuck 0
RC WALK 266 id 3 role raid pos 7,4 tgt 6,9 want NORTH
RC POS 266 id 10 seat 3 role raid fs 1 body 2 pos 6,5 stuck 514
RC WALK 266 id 10 role raid pos 6,5 tgt 6,9 want SOUTH
V527I SEALNT 267 ph 5 fwd 1 hv 2
RC POS 267 id 3 seat 0 role raid fs 1 body 1 pos 7,3 stuck 0
RC POS 267 id 10 seat 3 role raid fs 1 body 2 pos 6,5 stuck 516
RC WALK 267 id 10 role raid pos 6,5 tgt 6,9 want SOUTH
V527I SEALNT 268 ph 5 fwd 1 hv 2
RC POS 268 id 3 seat 0 role raid fs 1 body 1 pos 7,4 stuck 0
RC WALK 268 id 3 role raid pos 7,4 tgt 6,9 want NORTH
RC POS 268 id 10 seat 3 role raid fs 1 body 2 pos 6,5 stuck 518
RC WALK 268 id 10 role raid pos 6,5 tgt 6,9 want SOUTH
V527I SEALNT 269 ph 5 fwd 1 hv 2
RC POS 269 id 3 seat 0 role raid fs 1 body 1 pos 7,3 stuck 0
RC POS 269 id 10 seat 3 role raid fs 1 body 2 pos 6,5 stuck 520
RC WALK 269 id 10 role raid pos 6,5 tgt 6,9 want SOUTH
V527I SEALNT 270 ph 5 fwd 1 hv 2
RC POS 270 id 3 seat 0 role raid fs 1 body 1 pos 7,4 stuck 0
RC WALK 270 id 3 role raid pos 7,4 tgt 6,9 want NORTH
RC POS 270 id 10 seat 3 role raid fs 1 body 2 pos 6,5 stuck 522
RC WALK 270 id 10 role raid pos 6,5 tgt 6,9 want SOUTH
V527I SEALNT 271 ph 5 fwd 1 hv 2
RC POS 271 id 3 seat 0 role raid fs 1 body 1 pos 7,3 stuck 0
RC POS 271 id 10 seat 3 role raid fs 1 body 2 pos 6,5 stuck 524
RC WALK 271 id 10 role raid pos 6,5 tgt 6,9 want SOUTH
V527I SEALNT 272 ph 5 fwd 1 hv 2
RC POS 272 id 3 seat 0 role raid fs 1 body 1 pos 7,4 stuck 0
RC WALK 272 id 3 role raid pos 7,4 tgt 6,9 want NORTH
RC POS 272 id 10 seat 3 role raid fs 1 body 2 pos 6,5 stuck 526
RC WALK 272 id 10 role raid pos 6,5 tgt 6,9 want SOUTH
V527I SEALNT 273 ph 5 fwd 1 hv 2
RC POS 273 id 3 seat 0 role raid fs 1 body 1 pos 7,3 stuck 0
RC POS 273 id 10 seat 3 role raid fs 1 body 2 pos 6,5 stuck 528
RC WALK 273 id 10 role raid pos 6,5 tgt 6,9 want SOUTH
V527I SEALNT 274 ph 5 fwd 1 hv 2
RC POS 274 id 3 seat 0 role raid fs 1 body 1 pos 7,4 stuck 0
RC WALK 274 id 3 role raid pos 7,4 tgt 6,9 want NORTH
RC POS 274 id 10 seat 3 role raid fs 1 body 2 pos 6,5 stuck 530
RC WALK 274 id 10 role raid pos 6,5 tgt 6,9 want SOUTH
V527I SEALNT 275 ph 5 fwd 1 hv 2
RC POS 275 id 3 seat 0 role raid fs 1 body 1 pos 7,3 stuck 0
RC POS 275 id 10 seat 3 role raid fs 1 body 2 pos 6,5 stuck 532
RC WALK 275 id 10 role raid pos 6,5 tgt 6,9 want SOUTH
V527I SEALNT 276 ph 5 fwd 1 hv 2
RC POS 276 id 3 seat 0 role raid fs 1 body 1 pos 7,4 stuck 0
RC WALK 276 id 3 role raid pos 7,4 tgt 6,9 want NORTH
RC POS 276 id 10 seat 3 role raid fs 1 body 2 pos 6,5 stuck 534
RC WALK 276 id 10 role raid pos 6,5 tgt 6,9 want SOUTH
V527I SEALNT 277 ph 5 fwd 1 hv 2
RC POS 277 id 3 seat 0 role raid fs 1 body 1 pos 7,3 stuck 0
RC POS 277 id 10 seat 3 role raid fs 1 body 2 pos 6,5 stuck 536
RC WALK 277 id 10 role raid pos 6,5 tgt 6,9 want SOUTH
V527I SEALNT 278 ph 5 fwd 1 hv 2
RC POS 278 id 3 seat 0 role raid fs 1 body 1 pos 7,4 stuck 0
RC WALK 278 id 3 role raid pos 7,4 tgt 6,9 want NORTH
RC POS 278 id 10 seat 3 role raid fs 1 body 2 pos 6,5 stuck 538
RC WALK 278 id 10 role raid pos 6,5 tgt 6,9 want SOUTH
V527I SEALNT 279 ph 5 fwd 1 hv 2
RC POS 279 id 3 seat 0 role raid fs 1 body 1 pos 7,3 stuck 0
RC POS 279 id 10 seat 3 role raid fs 1 body 2 pos 6,5 stuck 540
RC WALK 279 id 10 role raid pos 6,5 tgt 6,9 want SOUTH
V527I SEALNT 280 ph 5 fwd 1 hv 2
RC POS 280 id 3 seat 0 role raid fs 1 body 1 pos 7,4 stuck 0
RC WALK 280 id 3 role raid pos 7,4 tgt 6,9 want NORTH
RC POS 280 id 10 seat 3 role raid fs 1 body 2 pos 6,5 stuck 542
RC WALK 280 id 10 role raid pos 6,5 tgt 6,9 want SOUTH
V527I SEALNT 281 ph 5 fwd 1 hv 2
RC POS 281 id 3 seat 0 role raid fs 1 body 1 pos 7,3 stuck 0
RC POS 281 id 10 seat 3 role raid fs 1 body 2 pos 6,5 stuck 544
RC WALK 281 id 10 role raid pos 6,5 tgt 6,9 want SOUTH
V527I SEALNT 282 ph 5 fwd 1 hv 2
RC POS 282 id 3 seat 0 role raid fs 1 body 1 pos 7,4 stuck 0
RC WALK 282 id 3 role raid pos 7,4 tgt 6,9 want NORTH
RC POS 282 id 10 seat 3 role raid fs 1 body 2 pos 6,5 stuck 546
RC WALK 282 id 10 role raid pos 6,5 tgt 6,9 want SOUTH
V527I SEALNT 283 ph 5 fwd 1 hv 2
RC POS 283 id 3 seat 0 role raid fs 1 body 1 pos 7,3 stuck 0
RC POS 283 id 10 seat 3 role raid fs 1 body 2 pos 6,5 stuck 548
RC WALK 283 id 10 role raid pos 6,5 tgt 6,9 want SOUTH
V527I SEALNT 284 ph 5 fwd 1 hv 2
RC POS 284 id 3 seat 0 role raid fs 1 body 1 pos 7,4 stuck 0
RC WALK 284 id 3 role raid pos 7,4 tgt 6,9 want NORTH
RC POS 284 id 10 seat 3 role raid fs 1 body 2 pos 6,5 stuck 550
RC WALK 284 id 10 role raid pos 6,5 tgt 6,9 want SOUTH
V527I SEALNT 285 ph 5 fwd 1 hv 2
RC POS 285 id 3 seat 0 role raid fs 1 body 1 pos 7,3 stuck 0
RC POS 285 id 10 seat 3 role raid fs 1 body 2 pos 6,5 stuck 552
RC WALK 285 id 10 role raid pos 6,5 tgt 6,9 want SOUTH
V527I SEALNT 286 ph 5 fwd 1 hv 2
RC POS 286 id 3 seat 0 role raid fs 1 body 1 pos 7,4 stuck 0
RC WALK 286 id 3 role raid pos 7,4 tgt 6,9 want NORTH
RC POS 286 id 10 seat 3 role raid fs 1 body 2 pos 6,5 stuck 554
RC WALK 286 id 10 role raid pos 6,5 tgt 6,9 want SOUTH
V527I SEALNT 287 ph 5 fwd 1 hv 2
RC POS 287 id 3 seat 0 role raid fs 1 body 1 pos 7,3 stuck 0
RC POS 287 id 10 seat 3 role raid fs 1 body 2 pos 6,5 stuck 556
RC WALK 287 id 10 role raid pos 6,5 tgt 6,9 want SOUTH
V527I SEALNT 288 ph 5 fwd 1 hv 2
RC POS 288 id 3 seat 0 role raid fs 1 body 1 pos 7,4 stuck 0
RC WALK 288 id 3 role raid pos 7,4 tgt 6,9 want NORTH
RC POS 288 id 10 seat 3 role raid fs 1 body 2 pos 6,5 stuck 558
RC WALK 288 id 10 role raid pos 6,5 tgt 6,9 want SOUTH
V527I SEALNT 289 ph 5 fwd 1 hv 2
RC POS 289 id 3 seat 0 role raid fs 1 body 1 pos 7,3 stuck 0
RC POS 289 id 10 seat 3 role raid fs 1 body 2 pos 6,5 stuck 560
RC WALK 289 id 10 role raid pos 6,5 tgt 6,9 want SOUTH
V527I SEALNT 290 ph 5 fwd 1 hv 2
RC POS 290 id 3 seat 0 role raid fs 1 body 1 pos 7,4 stuck 0
RC WALK 290 id 3 role raid pos 7,4 tgt 6,9 want NORTH
RC POS 290 id 10 seat 3 role raid fs 1 body 2 pos 6,5 stuck 562
RC WALK 290 id 10 role raid pos 6,5 tgt 6,9 want SOUTH
V527I SEALNT 291 ph 5 fwd 1 hv 2
RC POS 291 id 3 seat 0 role raid fs 1 body 1 pos 7,3 stuck 0
RC POS 291 id 10 seat 3 role raid fs 1 body 2 pos 6,5 stuck 564
RC WALK 291 id 10 role raid pos 6,5 tgt 6,9 want SOUTH
V527I SEALNT 292 ph 5 fwd 1 hv 2
RC POS 292 id 3 seat 0 role raid fs 1 body 1 pos 7,4 stuck 0
RC WALK 292 id 3 role raid pos 7,4 tgt 6,9 want NORTH
RC POS 292 id 10 seat 3 role raid fs 1 body 2 pos 6,5 stuck 566
RC WALK 292 id 10 role raid pos 6,5 tgt 6,9 want SOUTH
V527I SEALNT 293 ph 5 fwd 1 hv 2
RC POS 293 id 3 seat 0 role raid fs 1 body 1 pos 7,3 stuck 0
RC POS 293 id 10 seat 3 role raid fs 1 body 2 pos 6,5 stuck 568
RC WALK 293 id 10 role raid pos 6,5 tgt 6,9 want SOUTH
V527I SEALNT 294 ph 5 fwd 1 hv 2
RC POS 294 id 3 seat 0 role raid fs 1 body 1 pos 7,4 stuck 0
RC WALK 294 id 3 role raid pos 7,4 tgt 6,9 want NORTH
RC POS 294 id 10 seat 3 role raid fs 1 body 2 pos 6,5 stuck 570
RC WALK 294 id 10 role raid pos 6,5 tgt 6,9 want SOUTH
V527I SEALNT 295 ph 5 fwd 1 hv 2
RC POS 295 id 3 seat 0 role raid fs 1 body 1 pos 7,3 stuck 0
RC POS 295 id 10 seat 3 role raid fs 1 body 2 pos 6,5 stuck 572
RC WALK 295 id 10 role raid pos 6,5 tgt 6,9 want SOUTH
V527I SEALNT 296 ph 5 fwd 1 hv 2
RC POS 296 id 3 seat 0 role raid fs 1 body 1 pos 7,4 stuck 0
RC WALK 296 id 3 role raid pos 7,4 tgt 6,9 want NORTH
RC POS 296 id 10 seat 3 role raid fs 1 body 2 pos 6,5 stuck 574
RC WALK 296 id 10 role raid pos 6,5 tgt 6,9 want SOUTH
V527I SEALNT 297 ph 5 fwd 1 hv 2
RC POS 297 id 3 seat 0 role raid fs 1 body 1 pos 7,3 stuck 0
RC POS 297 id 10 seat 3 role raid fs 1 body 2 pos 6,5 stuck 576
RC WALK 297 id 10 role raid pos 6,5 tgt 6,9 want SOUTH
V527I SEALNT 298 ph 5 fwd 1 hv 2
RC POS 298 id 3 seat 0 role raid fs 1 body 1 pos 7,4 stuck 0
RC WALK 298 id 3 role raid pos 7,4 tgt 6,9 want NORTH
RC POS 298 id 10 seat 3 role raid fs 1 body 2 pos 6,5 stuck 578
RC WALK 298 id 10 role raid pos 6,5 tgt 6,9 want SOUTH
V527I SEALNT 299 ph 5 fwd 1 hv 2
RC POS 299 id 3 seat 0 role raid fs 1 body 1 pos 7,3 stuck 0
RC POS 299 id 10 seat 3 role raid fs 1 body 2 pos 6,5 stuck 580
RC WALK 299 id 10 role raid pos 6,5 tgt 6,9 want SOUTH
V527I SEALNT 300 ph 5 fwd 1 hv 2
RC POS 300 id 3 seat 0 role raid fs 1 body 1 pos 7,4 stuck 0
RC WALK 300 id 3 role raid pos 7,4 tgt 6,9 want NORTH
RC POS 300 id 10 seat 3 role raid fs 1 body 2 pos 6,5 stuck 582
RC WALK 300 id 10 role raid pos 6,5 tgt 6,9 want SOUTH
V527I SEALNT 301 ph 5 fwd 1 hv 2
RC POS 301 id 3 seat 0 role raid fs 1 body 1 pos 7,3 stuck 0
RC POS 301 id 10 seat 3 role raid fs 1 body 2 pos 6,5 stuck 584
RC WALK 301 id 10 role raid pos 6,5 tgt 6,9 want SOUTH
V527I SEALNT 302 ph 5 fwd 1 hv 2
RC POS 302 id 3 seat 0 role raid fs 1 body 1 pos 7,4 stuck 0
RC WALK 302 id 3 role raid pos 7,4 tgt 6,9 want NORTH
RC POS 302 id 10 seat 3 role raid fs 1 body 2 pos 6,5 stuck 586
RC WALK 302 id 10 role raid pos 6,5 tgt 6,9 want SOUTH
V527I SEALNT 303 ph 5 fwd 1 hv 2
RC POS 303 id 3 seat 0 role raid fs 1 body 1 pos 7,3 stuck 0
RC POS 303 id 10 seat 3 role raid fs 1 body 2 pos 6,5 stuck 588
RC WALK 303 id 10 role raid pos 6,5 tgt 6,9 want SOUTH
V527I SEALNT 304 ph 5 fwd 1 hv 2
RC POS 304 id 3 seat 0 role raid fs 1 body 1 pos 7,4 stuck 0
RC WALK 304 id 3 role raid pos 7,4 tgt 6,9 want NORTH
RC POS 304 id 10 seat 3 role raid fs 1 body 2 pos 6,5 stuck 590
RC WALK 304 id 10 role raid pos 6,5 tgt 6,9 want SOUTH
V527I SEALNT 305 ph 5 fwd 1 hv 2
RC POS 305 id 3 seat 0 role raid fs 1 body 1 pos 7,3 stuck 0
RC POS 305 id 10 seat 3 role raid fs 1 body 2 pos 6,5 stuck 592
RC WALK 305 id 10 role raid pos 6,5 tgt 6,9 want SOUTH
V527I SEALNT 306 ph 5 fwd 1 hv 2
RC POS 306 id 3 seat 0 role raid fs 1 body 1 pos 7,4 stuck 0
RC WALK 306 id 3 role raid pos 7,4 tgt 6,9 want NORTH
RC POS 306 id 10 seat 3 role raid fs 1 body 2 pos 6,5 stuck 594
RC WALK 306 id 10 role raid pos 6,5 tgt 6,9 want SOUTH
V527I SEALNT 307 ph 5 fwd 1 hv 2
RC POS 307 id 3 seat 0 role raid fs 1 body 1 pos 7,3 stuck 0
RC POS 307 id 10 seat 3 role raid fs 1 body 2 pos 6,5 stuck 596
RC WALK 307 id 10 role raid pos 6,5 tgt 6,9 want SOUTH
V527I SEALNT 308 ph 5 fwd 1 hv 2
RC POS 308 id 3 seat 0 role raid fs 1 body 1 pos 7,4 stuck 0
RC WALK 308 id 3 role raid pos 7,4 tgt 6,9 want NORTH
RC POS 308 id 10 seat 3 role raid fs 1 body 2 pos 6,5 stuck 598
RC WALK 308 id 10 role raid pos 6,5 tgt 6,9 want SOUTH
V527I SEALNT 309 ph 5 fwd 1 hv 2
RC POS 309 id 3 seat 0 role raid fs 1 body 1 pos 7,3 stuck 0
RC POS 309 id 10 seat 3 role raid fs 1 body 2 pos 6,5 stuck 600
RC WALK 309 id 10 role raid pos 6,5 tgt 6,9 want SOUTH
V527I SEALNT 310 ph 5 fwd 1 hv 2
RC POS 310 id 3 seat 0 role raid fs 1 body 1 pos 7,4 stuck 0
RC WALK 310 id 3 role raid pos 7,4 tgt 6,9 want NORTH
RC POS 310 id 10 seat 3 role raid fs 1 body 2 pos 6,5 stuck 602
RC WALK 310 id 10 role raid pos 6,5 tgt 6,9 want SOUTH
V527I SEALNT 311 ph 5 fwd 1 hv 2
RC POS 311 id 3 seat 0 role raid fs 1 body 1 pos 7,3 stuck 0
RC POS 311 id 10 seat 3 role raid fs 1 body 2 pos 6,5 stuck 604
RC WALK 311 id 10 role raid pos 6,5 tgt 6,9 want SOUTH
V527I SEALNT 312 ph 5 fwd 1 hv 2
RC POS 312 id 3 seat 0 role raid fs 1 body 1 pos 7,4 stuck 0
RC WALK 312 id 3 role raid pos 7,4 tgt 6,9 want NORTH
RC POS 312 id 10 seat 3 role raid fs 1 body 2 pos 6,5 stuck 606
RC WALK 312 id 10 role raid pos 6,5 tgt 6,9 want SOUTH
V527I SEALNT 313 ph 5 fwd 1 hv 2
RC POS 313 id 3 seat 0 role raid fs 1 body 1 pos 7,3 stuck 0
RC POS 313 id 10 seat 3 role raid fs 1 body 2 pos 6,5 stuck 608
RC WALK 313 id 10 role raid pos 6,5 tgt 6,9 want SOUTH
V527I SEALNT 314 ph 5 fwd 1 hv 2
RC POS 314 id 3 seat 0 role raid fs 1 body 1 pos 7,4 stuck 0
RC WALK 314 id 3 role raid pos 7,4 tgt 6,9 want NORTH
RC POS 314 id 10 seat 3 role raid fs 1 body 2 pos 6,5 stuck 610
RC WALK 314 id 10 role raid pos 6,5 tgt 6,9 want SOUTH
V527I SEALNT 315 ph 5 fwd 1 hv 2
RC POS 315 id 3 seat 0 role raid fs 1 body 1 pos 7,3 stuck 0
RC POS 315 id 10 seat 3 role raid fs 1 body 2 pos 6,5 stuck 612
RC WALK 315 id 10 role raid pos 6,5 tgt 6,9 want SOUTH
V527I SEALNT 316 ph 5 fwd 1 hv 2
RC POS 316 id 3 seat 0 role raid fs 1 body 1 pos 7,4 stuck 0
RC WALK 316 id 3 role raid pos 7,4 tgt 6,9 want NORTH
RC POS 316 id 10 seat 3 role raid fs 1 body 2 pos 6,5 stuck 614
RC WALK 316 id 10 role raid pos 6,5 tgt 6,9 want SOUTH
V527I SEALNT 317 ph 5 fwd 1 hv 2
RC POS 317 id 3 seat 0 role raid fs 1 body 1 pos 7,3 stuck 0
RC POS 317 id 10 seat 3 role raid fs 1 body 2 pos 6,5 stuck 616
RC WALK 317 id 10 role raid pos 6,5 tgt 6,9 want SOUTH
V527I SEALNT 318 ph 5 fwd 1 hv 2
RC POS 318 id 3 seat 0 role raid fs 1 body 1 pos 7,4 stuck 0
RC WALK 318 id 3 role raid pos 7,4 tgt 6,9 want NORTH
RC POS 318 id 10 seat 3 role raid fs 1 body 2 pos 6,5 stuck 618
RC WALK 318 id 10 role raid pos 6,5 tgt 6,9 want SOUTH
V527I SEALNT 319 ph 5 fwd 1 hv 2
RC POS 319 id 3 seat 0 role raid fs 1 body 1 pos 7,3 stuck 0
RC POS 319 id 10 seat 3 role raid fs 1 body 2 pos 6,5 stuck 620
RC WALK 319 id 10 role raid pos 6,5 tgt 6,9 want SOUTH
V527I SEALNT 320 ph 5 fwd 1 hv 2
RC POS 320 id 3 seat 0 role raid fs 1 body 1 pos 7,4 stuck 0
RC WALK 320 id 3 role raid pos 7,4 tgt 6,9 want NORTH
RC POS 320 id 10 seat 3 role raid fs 1 body 2 pos 6,5 stuck 622
RC WALK 320 id 10 role raid pos 6,5 tgt 6,9 want SOUTH
V527I SEALNT 321 ph 5 fwd 1 hv 2
RC POS 321 id 3 seat 0 role raid fs 1 body 1 pos 7,3 stuck 0
RC POS 321 id 10 seat 3 role raid fs 1 body 2 pos 6,5 stuck 624
RC WALK 321 id 10 role raid pos 6,5 tgt 6,9 want SOUTH
V527I SEALNT 322 ph 5 fwd 1 hv 2
RC POS 322 id 3 seat 0 role raid fs 1 body 1 pos 7,4 stuck 0
RC WALK 322 id 3 role raid pos 7,4 tgt 6,9 want NORTH
RC POS 322 id 10 seat 3 role raid fs 1 body 2 pos 6,5 stuck 626
RC WALK 322 id 10 role raid pos 6,5 tgt 6,9 want SOUTH
V527I SEALNT 323 ph 5 fwd 1 hv 2
RC POS 323 id 3 seat 0 role raid fs 1 body 1 pos 7,3 stuck 0
RC POS 323 id 10 seat 3 role raid fs 1 body 2 pos 6,5 stuck 628
RC WALK 323 id 10 role raid pos 6,5 tgt 6,9 want SOUTH
V527I SEALNT 324 ph 5 fwd 1 hv 2
RC POS 324 id 3 seat 0 role raid fs 1 body 1 pos 7,4 stuck 0
RC WALK 324 id 3 role raid pos 7,4 tgt 6,9 want NORTH
RC POS 324 id 10 seat 3 role raid fs 1 body 2 pos 6,5 stuck 630
RC WALK 324 id 10 role raid pos 6,5 tgt 6,9 want SOUTH
V527I SEALNT 325 ph 5 fwd 1 hv 2
RC POS 325 id 3 seat 0 role raid fs 1 body 1 pos 7,3 stuck 0
RC POS 325 id 10 seat 3 role raid fs 1 body 2 pos 6,5 stuck 632
RC WALK 325 id 10 role raid pos 6,5 tgt 6,9 want SOUTH
V527I SEALNT 326 ph 5 fwd 1 hv 2
RC POS 326 id 3 seat 0 role raid fs 1 body 1 pos 7,4 stuck 0
RC WALK 326 id 3 role raid pos 7,4 tgt 6,9 want NORTH
RC POS 326 id 10 seat 3 role raid fs 1 body 2 pos 6,5 stuck 634
RC WALK 326 id 10 role raid pos 6,5 tgt 6,9 want SOUTH
V527I SEALNT 327 ph 5 fwd 1 hv 2
RC POS 327 id 3 seat 0 role raid fs 1 body 1 pos 7,3 stuck 0
RC POS 327 id 10 seat 3 role raid fs 1 body 2 pos 6,5 stuck 636
RC WALK 327 id 10 role raid pos 6,5 tgt 6,9 want SOUTH
V527I SEALNT 328 ph 5 fwd 1 hv 2
RC POS 328 id 3 seat 0 role raid fs 1 body 1 pos 7,4 stuck 0
RC WALK 328 id 3 role raid pos 7,4 tgt 6,9 want NORTH
RC POS 328 id 10 seat 3 role raid fs 1 body 2 pos 6,5 stuck 638
RC WALK 328 id 10 role raid pos 6,5 tgt 6,9 want SOUTH
V527I SEALNT 329 ph 5 fwd 1 hv 2
RC POS 329 id 3 seat 0 role raid fs 1 body 1 pos 7,3 stuck 0
RC POS 329 id 10 seat 3 role raid fs 1 body 2 pos 6,5 stuck 640
RC WALK 329 id 10 role raid pos 6,5 tgt 6,9 want SOUTH
V527I SEALNT 330 ph 5 fwd 1 hv 2
RC POS 330 id 3 seat 0 role raid fs 1 body 1 pos 7,4 stuck 0
RC WALK 330 id 3 role raid pos 7,4 tgt 6,9 want NORTH
RC POS 330 id 10 seat 3 role raid fs 1 body 2 pos 6,5 stuck 642
RC WALK 330 id 10 role raid pos 6,5 tgt 6,9 want SOUTH
V527I SEALNT 331 ph 5 fwd 1 hv 2
RC POS 331 id 3 seat 0 role raid fs 1 body 1 pos 7,3 stuck 0
RC POS 331 id 10 seat 3 role raid fs 1 body 2 pos 6,5 stuck 644
RC WALK 331 id 10 role raid pos 6,5 tgt 6,9 want SOUTH
V527I SEALNT 332 ph 5 fwd 1 hv 2
RC POS 332 id 3 seat 0 role raid fs 1 body 1 pos 7,4 stuck 0
RC WALK 332 id 3 role raid pos 7,4 tgt 6,9 want NORTH
RC POS 332 id 10 seat 3 role raid fs 1 body 2 pos 6,5 stuck 646
RC WALK 332 id 10 role raid pos 6,5 tgt 6,9 want SOUTH
V527I SEALNT 333 ph 5 fwd 1 hv 2
RC POS 333 id 3 seat 0 role raid fs 1 body 1 pos 7,3 stuck 0
RC POS 333 id 10 seat 3 role raid fs 1 body 2 pos 6,5 stuck 648
RC WALK 333 id 10 role raid pos 6,5 tgt 6,9 want SOUTH
V527I SEALNT 334 ph 5 fwd 1 hv 2
RC POS 334 id 3 seat 0 role raid fs 1 body 1 pos 7,4 stuck 0
RC WALK 334 id 3 role raid pos 7,4 tgt 6,9 want NORTH
RC POS 334 id 10 seat 3 role raid fs 1 body 2 pos 6,5 stuck 650
RC WALK 334 id 10 role raid pos 6,5 tgt 6,9 want SOUTH
V527I SEALNT 335 ph 5 fwd 1 hv 2
RC POS 335 id 3 seat 0 role raid fs 1 body 1 pos 7,3 stuck 0
RC POS 335 id 10 seat 3 role raid fs 1 body 2 pos 6,5 stuck 652
RC WALK 335 id 10 role raid pos 6,5 tgt 6,9 want SOUTH
V527I SEALNT 336 ph 5 fwd 1 hv 2
RC POS 336 id 3 seat 0 role raid fs 1 body 1 pos 7,4 stuck 0
RC WALK 336 id 3 role raid pos 7,4 tgt 6,9 want NORTH
RC POS 336 id 10 seat 3 role raid fs 1 body 2 pos 6,5 stuck 654
RC WALK 336 id 10 role raid pos 6,5 tgt 6,9 want SOUTH
V527I SEALNT 337 ph 5 fwd 1 hv 2
RC POS 337 id 3 seat 0 role raid fs 1 body 1 pos 7,3 stuck 0
RC POS 337 id 10 seat 3 role raid fs 1 body 2 pos 6,5 stuck 656
RC WALK 337 id 10 role raid pos 6,5 tgt 6,9 want SOUTH
V527I SEALNT 338 ph 5 fwd 1 hv 2
RC POS 338 id 3 seat 0 role raid fs 1 body 1 pos 7,4 stuck 0
RC WALK 338 id 3 role raid pos 7,4 tgt 6,9 want NORTH
RC POS 338 id 10 seat 3 role raid fs 1 body 2 pos 6,5 stuck 658
RC WALK 338 id 10 role raid pos 6,5 tgt 6,9 want SOUTH
V527I SEALNT 339 ph 5 fwd 1 hv 2
RC POS 339 id 3 seat 0 role raid fs 1 body 1 pos 7,3 stuck 0
RC POS 339 id 10 seat 3 role raid fs 1 body 2 pos 6,5 stuck 660
RC WALK 339 id 10 role raid pos 6,5 tgt 6,9 want SOUTH
V527I SEALNT 340 ph 5 fwd 1 hv 2
RC POS 340 id 3 seat 0 role raid fs 1 body 1 pos 7,4 stuck 0
RC WALK 340 id 3 role raid pos 7,4 tgt 6,9 want NORTH
RC POS 340 id 10 seat 3 role raid fs 1 body 2 pos 6,5 stuck 662
RC WALK 340 id 10 role raid pos 6,5 tgt 6,9 want SOUTH
V527I SEALNT 341 ph 5 fwd 1 hv 2
RC POS 341 id 3 seat 0 role raid fs 1 body 1 pos 7,3 stuck 0
RC POS 341 id 10 seat 3 role raid fs 1 body 2 pos 6,5 stuck 664
RC WALK 341 id 10 role raid pos 6,5 tgt 6,9 want SOUTH
V527I SEALNT 342 ph 5 fwd 1 hv 2
RC POS 342 id 3 seat 0 role raid fs 1 body 1 pos 7,4 stuck 0
RC WALK 342 id 3 role raid pos 7,4 tgt 6,9 want NORTH
RC POS 342 id 10 seat 3 role raid fs 1 body 2 pos 6,5 stuck 666
RC WALK 342 id 10 role raid pos 6,5 tgt 6,9 want SOUTH
V527I SEALNT 343 ph 5 fwd 1 hv 2
RC POS 343 id 3 seat 0 role raid fs 1 body 1 pos 7,3 stuck 0
RC POS 343 id 10 seat 3 role raid fs 1 body 2 pos 6,5 stuck 668
RC WALK 343 id 10 role raid pos 6,5 tgt 6,9 want SOUTH
V527I SEALNT 344 ph 5 fwd 1 hv 2
RC POS 344 id 3 seat 0 role raid fs 1 body 1 pos 7,4 stuck 0
RC WALK 344 id 3 role raid pos 7,4 tgt 6,9 want NORTH
RC POS 344 id 10 seat 3 role raid fs 1 body 2 pos 6,5 stuck 670
RC WALK 344 id 10 role raid pos 6,5 tgt 6,9 want SOUTH
V527I SEALNT 345 ph 5 fwd 1 hv 2
RC POS 345 id 3 seat 0 role raid fs 1 body 1 pos 7,3 stuck 0
RC POS 345 id 10 seat 3 role raid fs 1 body 2 pos 6,5 stuck 672
RC WALK 345 id 10 role raid pos 6,5 tgt 6,9 want SOUTH
V527I SEALNT 346 ph 5 fwd 1 hv 2
RC POS 346 id 3 seat 0 role raid fs 1 body 1 pos 7,4 stuck 0
RC WALK 346 id 3 role raid pos 7,4 tgt 6,9 want NORTH
RC POS 346 id 10 seat 3 role raid fs 1 body 2 pos 6,5 stuck 674
RC WALK 346 id 10 role raid pos 6,5 tgt 6,9 want SOUTH
V527I SEALNT 347 ph 5 fwd 1 hv 2
RC POS 347 id 3 seat 0 role raid fs 1 body 1 pos 7,3 stuck 0
RC POS 347 id 10 seat 3 role raid fs 1 body 2 pos 6,5 stuck 676
RC WALK 347 id 10 role raid pos 6,5 tgt 6,9 want SOUTH
V527I SEALNT 348 ph 5 fwd 1 hv 2
RC POS 348 id 3 seat 0 role raid fs 1 body 1 pos 7,4 stuck 0
RC WALK 348 id 3 role raid pos 7,4 tgt 6,9 want NORTH
RC POS 348 id 10 seat 3 role raid fs 1 body 2 pos 6,5 stuck 678
RC WALK 348 id 10 role raid pos 6,5 tgt 5,6 want WEST
V527I SEALNT 349 ph 5 fwd 1 hv 2
RC POS 349 id 3 seat 0 role raid fs 1 body 1 pos 7,3 stuck 0
RC POS 349 id 10 seat 3 role raid fs 1 body 2 pos 6,5 stuck 680
RC WALK 349 id 10 role raid pos 6,5 tgt 4,6 want WEST
V527I SEALNT 350 ph 5 fwd 1 hv 2
RC POS 350 id 3 seat 0 role raid fs 1 body 1 pos 7,4 stuck 0
RC WALK 350 id 3 role raid pos 7,4 tgt 6,9 want NORTH
RC POS 350 id 10 seat 3 role raid fs 1 body 2 pos 6,5 stuck 682
RC WALK 350 id 10 role raid pos 6,5 tgt 6,9 want SOUTH
V527I SEALNT 351 ph 5 fwd 1 hv 2
RC POS 351 id 3 seat 0 role raid fs 1 body 1 pos 7,3 stuck 0
RC POS 351 id 10 seat 3 role raid fs 1 body 2 pos 6,5 stuck 684
RC WALK 351 id 10 role raid pos 6,5 tgt 6,9 want SOUTH
V527I SEALNT 352 ph 5 fwd 1 hv 2
RC POS 352 id 3 seat 0 role raid fs 1 body 1 pos 7,4 stuck 0
RC WALK 352 id 3 role raid pos 7,4 tgt 6,9 want NORTH
RC POS 352 id 10 seat 3 role raid fs 1 body 2 pos 6,5 stuck 686
RC WALK 352 id 10 role raid pos 6,5 tgt 6,9 want SOUTH
V527I SEALNT 353 ph 5 fwd 1 hv 2
RC POS 353 id 3 seat 0 role raid fs 1 body 1 pos 7,3 stuck 0
RC POS 353 id 10 seat 3 role raid fs 1 body 2 pos 6,5 stuck 688
RC WALK 353 id 10 role raid pos 6,5 tgt 6,9 want SOUTH
V527I SEALNT 354 ph 5 fwd 1 hv 2
RC POS 354 id 3 seat 0 role raid fs 1 body 1 pos 7,4 stuck 0
RC WALK 354 id 3 role raid pos 7,4 tgt 6,9 want NORTH
RC POS 354 id 10 seat 3 role raid fs 1 body 2 pos 6,5 stuck 690
RC WALK 354 id 10 role raid pos 6,5 tgt 6,9 want SOUTH
V527I SEALNT 355 ph 5 fwd 1 hv 2
RC POS 355 id 3 seat 0 role raid fs 1 body 1 pos 7,3 stuck 0
RC POS 355 id 10 seat 3 role raid fs 1 body 2 pos 6,5 stuck 692
RC WALK 355 id 10 role raid pos 6,5 tgt 6,9 want SOUTH
V527I SEALNT 356 ph 5 fwd 1 hv 2
RC POS 356 id 3 seat 0 role raid fs 1 body 1 pos 7,4 stuck 0
RC WALK 356 id 3 role raid pos 7,4 tgt 6,9 want NORTH
RC POS 356 id 10 seat 3 role raid fs 1 body 2 pos 6,5 stuck 694
RC WALK 356 id 10 role raid pos 6,5 tgt 5,6 want WEST
V527I SEALNT 357 ph 5 fwd 1 hv 2
RC POS 357 id 3 seat 0 role raid fs 1 body 1 pos 7,3 stuck 0
RC POS 357 id 10 seat 3 role raid fs 1 body 2 pos 6,5 stuck 696
RC WALK 357 id 10 role raid pos 6,5 tgt 4,6 want WEST
V527I SEALNT 358 ph 5 fwd 1 hv 2
RC POS 358 id 3 seat 0 role raid fs 1 body 1 pos 7,4 stuck 0
RC WALK 358 id 3 role raid pos 7,4 tgt 6,9 want NORTH
RC POS 358 id 10 seat 3 role raid fs 1 body 2 pos 6,5 stuck 698
RC WALK 358 id 10 role raid pos 6,5 tgt 6,9 want SOUTH
V527I SEALNT 359 ph 5 fwd 1 hv 2
RC POS 359 id 3 seat 0 role raid fs 1 body 1 pos 7,3 stuck 0
RC POS 359 id 10 seat 3 role raid fs 1 body 2 pos 6,5 stuck 700
RC WALK 359 id 10 role raid pos 6,5 tgt 6,9 want SOUTH
V527I SEALNT 360 ph 5 fwd 1 hv 2
RC POS 360 id 3 seat 0 role raid fs 1 body 1 pos 7,4 stuck 0
RC WALK 360 id 3 role raid pos 7,4 tgt 6,9 want NORTH
RC POS 360 id 10 seat 3 role raid fs 1 body 2 pos 6,5 stuck 702
RC WALK 360 id 10 role raid pos 6,5 tgt 6,9 want SOUTH
V527I SEALNT 361 ph 5 fwd 1 hv 2
RC POS 361 id 3 seat 0 role raid fs 1 body 1 pos 7,3 stuck 0
RC POS 361 id 10 seat 3 role raid fs 1 body 2 pos 6,5 stuck 704
RC WALK 361 id 10 role raid pos 6,5 tgt 6,9 want SOUTH
V527I SEALNT 362 ph 5 fwd 1 hv 2
RC POS 362 id 3 seat 0 role raid fs 1 body 1 pos 7,4 stuck 0
RC WALK 362 id 3 role raid pos 7,4 tgt 5,6 want NORTH
RC POS 362 id 10 seat 3 role raid fs 1 body 2 pos 6,5 stuck 706
RC WALK 362 id 10 role raid pos 6,5 tgt 5,6 want WEST
V527I SEALNT 363 ph 5 fwd 1 hv 2
RC POS 363 id 3 seat 0 role raid fs 1 body 1 pos 7,3 stuck 0
RC POS 363 id 10 seat 3 role raid fs 1 body 2 pos 6,5 stuck 708
RC WALK 363 id 10 role raid pos 6,5 tgt 5,6 want WEST
V527I SEALNT 364 ph 5 fwd 1 hv 2
RC POS 364 id 3 seat 0 role raid fs 1 body 1 pos 7,4 stuck 0
RC WALK 364 id 3 role raid pos 7,4 tgt 5,6 want NORTH
RC POS 364 id 10 seat 3 role raid fs 1 body 2 pos 6,5 stuck 710
RC WALK 364 id 10 role raid pos 6,5 tgt 5,6 want WEST
V527I SEALNT 365 ph 5 fwd 1 hv 2
RC POS 365 id 3 seat 0 role raid fs 1 body 1 pos 7,3 stuck 0
RC POS 365 id 10 seat 3 role raid fs 1 body 2 pos 6,5 stuck 712
RC WALK 365 id 10 role raid pos 6,5 tgt 5,6 want WEST
V527I SEALNT 366 ph 5 fwd 1 hv 2
RC POS 366 id 3 seat 0 role raid fs 1 body 1 pos 7,4 stuck 0
RC WALK 366 id 3 role raid pos 7,4 tgt 5,6 want NORTH
RC POS 366 id 10 seat 3 role raid fs 1 body 2 pos 6,5 stuck 714
RC WALK 366 id 10 role raid pos 6,5 tgt 6,9 want SOUTH
V527I SEALNT 367 ph 5 fwd 1 hv 2
RC POS 367 id 3 seat 0 role raid fs 1 body 1 pos 7,3 stuck 0
RC POS 367 id 10 seat 3 role raid fs 1 body 2 pos 6,5 stuck 716
RC WALK 367 id 10 role raid pos 6,5 tgt 6,9 want SOUTH
V527I SEALNT 368 ph 5 fwd 1 hv 2
RC POS 368 id 3 seat 0 role raid fs 1 body 1 pos 7,4 stuck 0
RC WALK 368 id 3 role raid pos 7,4 tgt 6,9 want NORTH
RC POS 368 id 10 seat 3 role raid fs 1 body 2 pos 6,5 stuck 718
RC WALK 368 id 10 role raid pos 6,5 tgt 6,9 want SOUTH
V527I SEALNT 369 ph 5 fwd 1 hv 2
RC POS 369 id 3 seat 0 role raid fs 1 body 1 pos 7,3 stuck 0
RC POS 369 id 10 seat 3 role raid fs 1 body 2 pos 6,5 stuck 720
RC WALK 369 id 10 role raid pos 6,5 tgt 6,9 want SOUTH
V527I SEALNT 370 ph 5 fwd 1 hv 2
RC POS 370 id 3 seat 0 role raid fs 1 body 1 pos 7,4 stuck 0
RC WALK 370 id 3 role raid pos 7,4 tgt 6,9 want NORTH
RC POS 370 id 10 seat 3 role raid fs 1 body 2 pos 6,5 stuck 722
RC WALK 370 id 10 role raid pos 6,5 tgt 6,9 want SOUTH
V527I SEALNT 371 ph 5 fwd 1 hv 2
RC POS 371 id 3 seat 0 role raid fs 1 body 1 pos 7,3 stuck 0
RC POS 371 id 10 seat 3 role raid fs 1 body 2 pos 6,5 stuck 724
RC WALK 371 id 10 role raid pos 6,5 tgt 6,9 want SOUTH
V527I SEALNT 372 ph 5 fwd 1 hv 2
RC POS 372 id 3 seat 0 role raid fs 1 body 1 pos 7,4 stuck 0
RC WALK 372 id 3 role raid pos 7,4 tgt 6,9 want NORTH
RC POS 372 id 10 seat 3 role raid fs 1 body 2 pos 6,5 stuck 726
RC WALK 372 id 10 role raid pos 6,5 tgt 5,6 want WEST
V527I SEALNT 373 ph 5 fwd 1 hv 2
RC POS 373 id 3 seat 0 role raid fs 1 body 1 pos 7,3 stuck 0
RC POS 373 id 10 seat 3 role raid fs 1 body 2 pos 6,5 stuck 728
RC WALK 373 id 10 role raid pos 6,5 tgt 4,6 want WEST
V527I SEALNT 374 ph 5 fwd 1 hv 2
RC POS 374 id 3 seat 0 role raid fs 1 body 1 pos 7,4 stuck 0
RC WALK 374 id 3 role raid pos 7,4 tgt 6,9 want NORTH
RC POS 374 id 10 seat 3 role raid fs 1 body 2 pos 6,5 stuck 730
RC WALK 374 id 10 role raid pos 6,5 tgt 6,9 want SOUTH
V527I SEALNT 375 ph 5 fwd 1 hv 2
RC POS 375 id 3 seat 0 role raid fs 1 body 1 pos 7,3 stuck 0
RC POS 375 id 10 seat 3 role raid fs 1 body 2 pos 6,5 stuck 732
RC WALK 375 id 10 role raid pos 6,5 tgt 6,9 want SOUTH
V527I SEALNT 376 ph 5 fwd 1 hv 2
RC POS 376 id 3 seat 0 role raid fs 1 body 1 pos 7,4 stuck 0
RC WALK 376 id 3 role raid pos 7,4 tgt 6,9 want NORTH
RC POS 376 id 10 seat 3 role raid fs 1 body 2 pos 6,5 stuck 734
RC WALK 376 id 10 role raid pos 6,5 tgt 6,9 want SOUTH
V527I SEALNT 377 ph 5 fwd 1 hv 2
RC POS 377 id 3 seat 0 role raid fs 1 body 1 pos 7,3 stuck 0
RC POS 377 id 10 seat 3 role raid fs 1 body 2 pos 6,5 stuck 736
RC WALK 377 id 10 role raid pos 6,5 tgt 6,9 want SOUTH
V527I SEALNT 378 ph 5 fwd 1 hv 2
RC POS 378 id 3 seat 0 role raid fs 1 body 1 pos 7,4 stuck 0
RC WALK 378 id 3 role raid pos 7,4 tgt 6,9 want NORTH
RC POS 378 id 10 seat 3 role raid fs 1 body 2 pos 6,5 stuck 738
RC WALK 378 id 10 role raid pos 6,5 tgt 6,9 want SOUTH
V527I SEALNT 379 ph 5 fwd 1 hv 2
RC POS 379 id 3 seat 0 role raid fs 1 body 1 pos 7,3 stuck 0
RC POS 379 id 10 seat 3 role raid fs 1 body 2 pos 6,5 stuck 740
RC WALK 379 id 10 role raid pos 6,5 tgt 6,9 want SOUTH
V527I SEALNT 380 ph 5 fwd 1 hv 2
RC POS 380 id 3 seat 0 role raid fs 1 body 1 pos 7,4 stuck 0
RC WALK 380 id 3 role raid pos 7,4 tgt 6,9 want NORTH
RC POS 380 id 10 seat 3 role raid fs 1 body 2 pos 6,5 stuck 742
RC WALK 380 id 10 role raid pos 6,5 tgt 5,6 want WEST
V527I SEALNT 381 ph 5 fwd 1 hv 2
RC POS 381 id 3 seat 0 role raid fs 1 body 1 pos 7,3 stuck 0
RC POS 381 id 10 seat 3 role raid fs 1 body 2 pos 6,5 stuck 744
RC WALK 381 id 10 role raid pos 6,5 tgt 5,6 want WEST
V527I SEALNT 382 ph 5 fwd 1 hv 2
RC POS 382 id 3 seat 0 role raid fs 1 body 1 pos 7,4 stuck 0
RC WALK 382 id 3 role raid pos 7,4 tgt 5,6 want NORTH
RC POS 382 id 10 seat 3 role raid fs 1 body 2 pos 6,5 stuck 746
RC WALK 382 id 10 role raid pos 6,5 tgt 5,6 want WEST
V527I SEALNT 383 ph 5 fwd 1 hv 2
RC POS 383 id 3 seat 0 role raid fs 1 body 1 pos 7,3 stuck 0
RC POS 383 id 10 seat 3 role raid fs 1 body 2 pos 6,5 stuck 748
RC WALK 383 id 10 role raid pos 6,5 tgt 5,6 want WEST
V527I SEALNT 384 ph 5 fwd 1 hv 2
RC POS 384 id 3 seat 0 role raid fs 1 body 1 pos 7,4 stuck 0
RC WALK 384 id 3 role raid pos 7,4 tgt 5,6 want NORTH
RC POS 384 id 10 seat 3 role raid fs 1 body 2 pos 6,5 stuck 750
RC WALK 384 id 10 role raid pos 6,5 tgt 5,6 want WEST
V527I SEALNT 385 ph 5 fwd 1 hv 2
RC POS 385 id 3 seat 0 role raid fs 1 body 1 pos 7,3 stuck 0
RC POS 385 id 10 seat 3 role raid fs 1 body 2 pos 6,5 stuck 752
RC WALK 385 id 10 role raid pos 6,5 tgt 5,6 want WEST
V527I SEALNT 386 ph 5 fwd 1 hv 2
RC POS 386 id 3 seat 0 role raid fs 1 body 1 pos 7,4 stuck 0
RC WALK 386 id 3 role raid pos 7,4 tgt 5,6 want NORTH
RC POS 386 id 10 seat 3 role raid fs 1 body 2 pos 6,5 stuck 754
RC WALK 386 id 10 role raid pos 6,5 tgt 5,6 want WEST
V527I SEALNT 387 ph 5 fwd 1 hv 2
RC POS 387 id 3 seat 0 role raid fs 1 body 1 pos 7,3 stuck 0
RC POS 387 id 10 seat 3 role raid fs 1 body 2 pos 6,5 stuck 756
RC WALK 387 id 10 role raid pos 6,5 tgt 6,9 want SOUTH
V527I SEALNT 388 ph 5 fwd 1 hv 2
RC POS 388 id 3 seat 0 role raid fs 1 body 1 pos 7,4 stuck 0
RC WALK 388 id 3 role raid pos 7,4 tgt 6,9 want NORTH
RC POS 388 id 10 seat 3 role raid fs 1 body 2 pos 6,5 stuck 758
RC WALK 388 id 10 role raid pos 6,5 tgt 6,9 want SOUTH
V527I SEALNT 389 ph 5 fwd 1 hv 2
RC POS 389 id 3 seat 0 role raid fs 1 body 1 pos 7,3 stuck 0
RC POS 389 id 10 seat 3 role raid fs 1 body 2 pos 6,5 stuck 760
RC WALK 389 id 10 role raid pos 6,5 tgt 6,9 want SOUTH
V527I SEALNT 390 ph 5 fwd 1 hv 2
RC POS 390 id 3 seat 0 role raid fs 1 body 1 pos 7,4 stuck 0
RC WALK 390 id 3 role raid pos 7,4 tgt 6,9 want NORTH
RC POS 390 id 10 seat 3 role raid fs 1 body 2 pos 6,5 stuck 762
RC WALK 390 id 10 role raid pos 6,5 tgt 6,9 want SOUTH
V527I SEALNT 391 ph 5 fwd 1 hv 2
RC POS 391 id 3 seat 0 role raid fs 1 body 1 pos 7,3 stuck 0
RC POS 391 id 10 seat 3 role raid fs 1 body 2 pos 6,5 stuck 764
RC WALK 391 id 10 role raid pos 6,5 tgt 6,9 want SOUTH
V527I SEALNT 392 ph 5 fwd 1 hv 2
RC POS 392 id 3 seat 0 role raid fs 1 body 1 pos 7,4 stuck 0
RC WALK 392 id 3 role raid pos 7,4 tgt 6,9 want NORTH
RC POS 392 id 10 seat 3 role raid fs 1 body 2 pos 6,5 stuck 766
RC WALK 392 id 10 role raid pos 6,5 tgt 6,9 want SOUTH
V527I SEALNT 393 ph 5 fwd 1 hv 2
RC POS 393 id 3 seat 0 role raid fs 1 body 1 pos 7,3 stuck 0
RC POS 393 id 10 seat 3 role raid fs 1 body 2 pos 6,5 stuck 768
RC WALK 393 id 10 role raid pos 6,5 tgt 6,9 want SOUTH
V527I SEALNT 394 ph 5 fwd 1 hv 2
RC POS 394 id 3 seat 0 role raid fs 1 body 1 pos 7,4 stuck 0
RC WALK 394 id 3 role raid pos 7,4 tgt 6,9 want NORTH
RC POS 394 id 10 seat 3 role raid fs 1 body 2 pos 6,5 stuck 770
RC WALK 394 id 10 role raid pos 6,5 tgt 6,9 want SOUTH
V527I SEALNT 395 ph 5 fwd 1 hv 2
RC POS 395 id 3 seat 0 role raid fs 1 body 1 pos 7,3 stuck 0
RC POS 395 id 10 seat 3 role raid fs 1 body 2 pos 6,5 stuck 772
RC WALK 395 id 10 role raid pos 6,5 tgt 6,9 want SOUTH
V527I SEALNT 396 ph 5 fwd 1 hv 2
RC POS 396 id 3 seat 0 role raid fs 1 body 1 pos 7,4 stuck 0
RC WALK 396 id 3 role raid pos 7,4 tgt 6,9 want NORTH
RC POS 396 id 10 seat 3 role raid fs 1 body 2 pos 6,5 stuck 774
RC WALK 396 id 10 role raid pos 6,5 tgt 6,9 want SOUTH
V527I SEALNT 397 ph 5 fwd 1 hv 2
RC POS 397 id 3 seat 0 role raid fs 1 body 1 pos 7,3 stuck 0
RC POS 397 id 10 seat 3 role raid fs 1 body 2 pos 6,5 stuck 776
RC WALK 397 id 10 role raid pos 6,5 tgt 6,9 want SOUTH
V527I SEALNT 398 ph 5 fwd 1 hv 2
RC POS 398 id 3 seat 0 role raid fs 1 body 1 pos 7,4 stuck 0
RC WALK 398 id 3 role raid pos 7,4 tgt 6,9 want NORTH
RC POS 398 id 10 seat 3 role raid fs 1 body 2 pos 6,5 stuck 778
RC WALK 398 id 10 role raid pos 6,5 tgt 6,9 want SOUTH
V527I SEALNT 399 ph 5 fwd 1 hv 2
RC POS 399 id 3 seat 0 role raid fs 1 body 1 pos 7,3 stuck 0
RC POS 399 id 10 seat 3 role raid fs 1 body 2 pos 6,5 stuck 780
RC WALK 399 id 10 role raid pos 6,5 tgt 6,9 want SOUTH
V527I SEALNT 400 ph 5 fwd 1 hv 2
RC POS 400 id 3 seat 0 role raid fs 1 body 1 pos 7,4 stuck 0
RC WALK 400 id 3 role raid pos 7,4 tgt 6,9 want NORTH
RC POS 400 id 10 seat 3 role raid fs 1 body 2 pos 6,5 stuck 782
RC WALK 400 id 10 role raid pos 6,5 tgt 6,9 want SOUTH
V527I SEALNT 401 ph 5 fwd 1 hv 2
RC POS 401 id 3 seat 0 role raid fs 1 body 1 pos 7,3 stuck 0
RC POS 401 id 10 seat 3 role raid fs 1 body 2 pos 6,5 stuck 784
RC WALK 401 id 10 role raid pos 6,5 tgt 5,6 want WEST
V527I SEALNT 402 ph 5 fwd 1 hv 2
RC POS 402 id 3 seat 0 role raid fs 1 body 1 pos 7,4 stuck 0
RC WALK 402 id 3 role raid pos 7,4 tgt 5,6 want NORTH
RC POS 402 id 10 seat 3 role raid fs 1 body 2 pos 6,5 stuck 786
RC WALK 402 id 10 role raid pos 6,5 tgt 5,6 want WEST
V527I SEALNT 403 ph 5 fwd 1 hv 2
RC POS 403 id 3 seat 0 role raid fs 1 body 1 pos 7,3 stuck 0
RC POS 403 id 10 seat 3 role raid fs 1 body 2 pos 6,5 stuck 788
RC WALK 403 id 10 role raid pos 6,5 tgt 5,6 want WEST
V527I SEALNT 404 ph 5 fwd 1 hv 2
RC POS 404 id 3 seat 0 role raid fs 1 body 1 pos 7,4 stuck 0
RC WALK 404 id 3 role raid pos 7,4 tgt 5,6 want NORTH
RC POS 404 id 10 seat 3 role raid fs 1 body 2 pos 6,5 stuck 790
RC WALK 404 id 10 role raid pos 6,5 tgt 5,6 want WEST
V527I SEALNT 405 ph 5 fwd 1 hv 2
RC POS 405 id 3 seat 0 role raid fs 1 body 1 pos 7,3 stuck 0
RC POS 405 id 10 seat 3 role raid fs 1 body 2 pos 6,5 stuck 792
RC WALK 405 id 10 role raid pos 6,5 tgt 5,6 want WEST
V527I SEALNT 406 ph 5 fwd 1 hv 2
RC POS 406 id 3 seat 0 role raid fs 1 body 1 pos 7,4 stuck 0
RC WALK 406 id 3 role raid pos 7,4 tgt 5,6 want NORTH
RC POS 406 id 10 seat 3 role raid fs 1 body 2 pos 6,5 stuck 794
RC WALK 406 id 10 role raid pos 6,5 tgt 5,6 want WEST
V527I SEALNT 407 ph 5 fwd 1 hv 2
RC POS 407 id 3 seat 0 role raid fs 1 body 1 pos 7,3 stuck 0
RC POS 407 id 10 seat 3 role raid fs 1 body 2 pos 6,5 stuck 796
RC WALK 407 id 10 role raid pos 6,5 tgt 6,9 want SOUTH
V527I SEALNT 408 ph 5 fwd 1 hv 2
RC POS 408 id 3 seat 0 role raid fs 1 body 1 pos 7,4 stuck 0
RC WALK 408 id 3 role raid pos 7,4 tgt 6,9 want NORTH
RC POS 408 id 10 seat 3 role raid fs 1 body 2 pos 6,5 stuck 798
RC WALK 408 id 10 role raid pos 6,5 tgt 6,9 want SOUTH
V527I SEALNT 409 ph 5 fwd 1 hv 2
RC POS 409 id 3 seat 0 role raid fs 1 body 1 pos 7,3 stuck 0
RC POS 409 id 10 seat 3 role raid fs 1 body 2 pos 6,5 stuck 800
RC WALK 409 id 10 role raid pos 6,5 tgt 6,9 want SOUTH
V527I SEALNT 410 ph 5 fwd 1 hv 2
RC POS 410 id 3 seat 0 role raid fs 1 body 1 pos 7,4 stuck 0
RC WALK 410 id 3 role raid pos 7,4 tgt 6,9 want NORTH
RC POS 410 id 10 seat 3 role raid fs 1 body 2 pos 6,5 stuck 802
RC WALK 410 id 10 role raid pos 6,5 tgt 6,9 want SOUTH
V527I SEALNT 411 ph 5 fwd 1 hv 2
RC POS 411 id 3 seat 0 role raid fs 1 body 1 pos 7,3 stuck 0
RC POS 411 id 10 seat 3 role raid fs 1 body 2 pos 6,5 stuck 804
RC WALK 411 id 10 role raid pos 6,5 tgt 6,9 want SOUTH
V527I SEALNT 412 ph 5 fwd 1 hv 2
RC POS 412 id 3 seat 0 role raid fs 1 body 1 pos 7,4 stuck 0
RC WALK 412 id 3 role raid pos 7,4 tgt 6,9 want NORTH
RC POS 412 id 10 seat 3 role raid fs 1 body 2 pos 6,5 stuck 806
RC WALK 412 id 10 role raid pos 6,5 tgt 6,9 want SOUTH
V527I SEALNT 413 ph 5 fwd 1 hv 2
RC POS 413 id 3 seat 0 role raid fs 1 body 1 pos 7,3 stuck 0
RC POS 413 id 10 seat 3 role raid fs 1 body 2 pos 6,5 stuck 808
RC WALK 413 id 10 role raid pos 6,5 tgt 6,9 want SOUTH
V527I SEALNT 414 ph 5 fwd 1 hv 2
RC POS 414 id 3 seat 0 role raid fs 1 body 1 pos 7,4 stuck 0
RC WALK 414 id 3 role raid pos 7,4 tgt 6,9 want NORTH
RC POS 414 id 10 seat 3 role raid fs 1 body 2 pos 6,5 stuck 810
RC WALK 414 id 10 role raid pos 6,5 tgt 6,9 want SOUTH
V527I SEALNT 415 ph 5 fwd 1 hv 2
RC POS 415 id 3 seat 0 role raid fs 1 body 1 pos 7,3 stuck 0
RC POS 415 id 10 seat 3 role raid fs 1 body 2 pos 6,5 stuck 812
RC WALK 415 id 10 role raid pos 6,5 tgt 6,9 want SOUTH
V527I SEALNT 416 ph 5 fwd 1 hv 2
RC POS 416 id 3 seat 0 role raid fs 1 body 1 pos 7,4 stuck 0
RC WALK 416 id 3 role raid pos 7,4 tgt 6,9 want NORTH
RC POS 416 id 10 seat 3 role raid fs 1 body 2 pos 6,5 stuck 814
RC WALK 416 id 10 role raid pos 6,5 tgt 6,9 want SOUTH
V527I SEALNT 417 ph 5 fwd 1 hv 2
RC POS 417 id 3 seat 0 role raid fs 1 body 1 pos 7,3 stuck 0
RC POS 417 id 10 seat 3 role raid fs 1 body 2 pos 6,5 stuck 816
RC WALK 417 id 10 role raid pos 6,5 tgt 6,9 want SOUTH
V527I SEALNT 418 ph 5 fwd 1 hv 2
RC POS 418 id 3 seat 0 role raid fs 1 body 1 pos 7,4 stuck 0
RC WALK 418 id 3 role raid pos 7,4 tgt 6,9 want NORTH
RC POS 418 id 10 seat 3 role raid fs 1 body 2 pos 6,5 stuck 818
RC WALK 418 id 10 role raid pos 6,5 tgt 6,9 want SOUTH
V527I SEALNT 419 ph 5 fwd 1 hv 2
RC POS 419 id 3 seat 0 role raid fs 1 body 1 pos 7,3 stuck 0
RC POS 419 id 10 seat 3 role raid fs 1 body 2 pos 6,5 stuck 820
RC WALK 419 id 10 role raid pos 6,5 tgt 6,9 want SOUTH
V527I SEALNT 420 ph 5 fwd 1 hv 2
RC POS 420 id 3 seat 0 role raid fs 1 body 1 pos 7,4 stuck 0
RC WALK 420 id 3 role raid pos 7,4 tgt 6,9 want NORTH
RC POS 420 id 10 seat 3 role raid fs 1 body 2 pos 6,5 stuck 822
RC WALK 420 id 10 role raid pos 6,5 tgt 6,9 want SOUTH
V527I SEALNT 421 ph 5 fwd 1 hv 2
RC POS 421 id 3 seat 0 role raid fs 1 body 1 pos 7,3 stuck 0
RC POS 421 id 10 seat 3 role raid fs 1 body 2 pos 6,5 stuck 824
RC WALK 421 id 10 role raid pos 6,5 tgt 5,6 want WEST
V527I SEALNT 422 ph 5 fwd 1 hv 2
RC POS 422 id 3 seat 0 role raid fs 1 body 1 pos 7,4 stuck 0
RC WALK 422 id 3 role raid pos 7,4 tgt 5,6 want NORTH
RC POS 422 id 10 seat 3 role raid fs 1 body 2 pos 6,5 stuck 826
RC WALK 422 id 10 role raid pos 6,5 tgt 5,6 want WEST
V527I SEALNT 423 ph 5 fwd 1 hv 2
RC POS 423 id 3 seat 0 role raid fs 1 body 1 pos 7,3 stuck 0
RC POS 423 id 10 seat 3 role raid fs 1 body 2 pos 6,5 stuck 828
RC WALK 423 id 10 role raid pos 6,5 tgt 5,6 want WEST
V527I SEALNT 424 ph 5 fwd 1 hv 2
RC POS 424 id 3 seat 0 role raid fs 1 body 1 pos 7,4 stuck 0
RC WALK 424 id 3 role raid pos 7,4 tgt 5,6 want NORTH
RC POS 424 id 10 seat 3 role raid fs 1 body 2 pos 6,5 stuck 830
RC WALK 424 id 10 role raid pos 6,5 tgt 5,6 want WEST
V527I SEALNT 425 ph 5 fwd 1 hv 2
RC POS 425 id 3 seat 0 role raid fs 1 body 1 pos 7,3 stuck 0
RC POS 425 id 10 seat 3 role raid fs 1 body 2 pos 6,5 stuck 832
RC WALK 425 id 10 role raid pos 6,5 tgt 5,6 want WEST
V527I SEALNT 426 ph 5 fwd 1 hv 2
RC POS 426 id 3 seat 0 role raid fs 1 body 1 pos 7,4 stuck 0
RC WALK 426 id 3 role raid pos 7,4 tgt 5,6 want NORTH
RC POS 426 id 10 seat 3 role raid fs 1 body 2 pos 6,5 stuck 834
RC WALK 426 id 10 role raid pos 6,5 tgt 4,6 want WEST
V527I SEALNT 427 ph 5 fwd 1 hv 2
RC POS 427 id 3 seat 0 role raid fs 1 body 1 pos 7,3 stuck 0
RC POS 427 id 10 seat 3 role raid fs 1 body 2 pos 6,5 stuck 836
RC WALK 427 id 10 role raid pos 6,5 tgt 6,9 want SOUTH
V527I SEALNT 428 ph 5 fwd 1 hv 2
RC POS 428 id 3 seat 0 role raid fs 1 body 1 pos 7,4 stuck 0
RC WALK 428 id 3 role raid pos 7,4 tgt 6,9 want NORTH
RC POS 428 id 10 seat 3 role raid fs 1 body 2 pos 6,5 stuck 838
RC WALK 428 id 10 role raid pos 6,5 tgt 6,9 want SOUTH
V527I SEALNT 429 ph 5 fwd 1 hv 2
RC POS 429 id 3 seat 0 role raid fs 1 body 1 pos 7,3 stuck 0
RC POS 429 id 10 seat 3 role raid fs 1 body 2 pos 6,5 stuck 840
RC WALK 429 id 10 role raid pos 6,5 tgt 6,9 want SOUTH
V527I SEALNT 430 ph 5 fwd 1 hv 2
RC POS 430 id 3 seat 0 role raid fs 1 body 1 pos 7,4 stuck 0
RC WALK 430 id 3 role raid pos 7,4 tgt 6,9 want NORTH
RC POS 430 id 10 seat 3 role raid fs 1 body 2 pos 6,5 stuck 842
RC WALK 430 id 10 role raid pos 6,5 tgt 6,9 want SOUTH
V527I SEALNT 431 ph 5 fwd 1 hv 2
RC POS 431 id 3 seat 0 role raid fs 1 body 1 pos 7,3 stuck 0
RC POS 431 id 10 seat 3 role raid fs 1 body 2 pos 6,5 stuck 844
RC WALK 431 id 10 role raid pos 6,5 tgt 6,9 want SOUTH
V527I SEALNT 432 ph 5 fwd 1 hv 2
RC POS 432 id 3 seat 0 role raid fs 1 body 1 pos 7,4 stuck 0
RC WALK 432 id 3 role raid pos 7,4 tgt 6,9 want NORTH
RC POS 432 id 10 seat 3 role raid fs 1 body 2 pos 6,5 stuck 846
RC WALK 432 id 10 role raid pos 6,5 tgt 6,9 want SOUTH
V527I SEALNT 433 ph 5 fwd 1 hv 2
RC POS 433 id 3 seat 0 role raid fs 1 body 1 pos 7,3 stuck 0
RC POS 433 id 10 seat 3 role raid fs 1 body 2 pos 6,5 stuck 848
RC WALK 433 id 10 role raid pos 6,5 tgt 6,9 want SOUTH
V527I SEALNT 434 ph 5 fwd 1 hv 2
RC POS 434 id 3 seat 0 role raid fs 1 body 1 pos 7,4 stuck 0
RC WALK 434 id 3 role raid pos 7,4 tgt 6,9 want NORTH
RC POS 434 id 10 seat 3 role raid fs 1 body 2 pos 6,5 stuck 850
RC WALK 434 id 10 role raid pos 6,5 tgt 6,9 want SOUTH
V527I SEALNT 435 ph 5 fwd 1 hv 2
RC POS 435 id 3 seat 0 role raid fs 1 body 1 pos 7,3 stuck 0
RC POS 435 id 10 seat 3 role raid fs 1 body 2 pos 6,5 stuck 852
RC WALK 435 id 10 role raid pos 6,5 tgt 6,9 want SOUTH
V527I SEALNT 436 ph 5 fwd 1 hv 2
RC POS 436 id 3 seat 0 role raid fs 1 body 1 pos 7,4 stuck 0
RC WALK 436 id 3 role raid pos 7,4 tgt 6,9 want NORTH
RC POS 436 id 10 seat 3 role raid fs 1 body 2 pos 6,5 stuck 854
RC WALK 436 id 10 role raid pos 6,5 tgt 6,9 want SOUTH
V527I SEALNT 437 ph 5 fwd 1 hv 2
RC POS 437 id 3 seat 0 role raid fs 1 body 1 pos 7,3 stuck 0
RC POS 437 id 10 seat 3 role raid fs 1 body 2 pos 6,5 stuck 856
RC WALK 437 id 10 role raid pos 6,5 tgt 6,9 want SOUTH
V527I SEALNT 438 ph 5 fwd 1 hv 2
RC POS 438 id 3 seat 0 role raid fs 1 body 1 pos 7,4 stuck 0
RC WALK 438 id 3 role raid pos 7,4 tgt 6,9 want NORTH
RC POS 438 id 10 seat 3 role raid fs 1 body 2 pos 6,5 stuck 858
RC WALK 438 id 10 role raid pos 6,5 tgt 6,9 want SOUTH
V527I SEALNT 439 ph 5 fwd 1 hv 2
RC POS 439 id 3 seat 0 role raid fs 1 body 1 pos 7,3 stuck 0
RC POS 439 id 10 seat 3 role raid fs 1 body 2 pos 6,5 stuck 860
RC WALK 439 id 10 role raid pos 6,5 tgt 6,9 want SOUTH
V527I SEALNT 440 ph 5 fwd 1 hv 2
RC POS 440 id 3 seat 0 role raid fs 1 body 1 pos 7,4 stuck 0
RC WALK 440 id 3 role raid pos 7,4 tgt 6,9 want NORTH
RC POS 440 id 10 seat 3 role raid fs 1 body 2 pos 6,5 stuck 862
RC WALK 440 id 10 role raid pos 6,5 tgt 6,9 want SOUTH
V527I SEALNT 441 ph 5 fwd 1 hv 2
RC POS 441 id 3 seat 0 role raid fs 1 body 1 pos 7,3 stuck 0
RC POS 441 id 10 seat 3 role raid fs 1 body 2 pos 6,5 stuck 864
RC WALK 441 id 10 role raid pos 6,5 tgt 5,6 want WEST
V527I SEALNT 442 ph 5 fwd 1 hv 2
RC POS 442 id 3 seat 0 role raid fs 1 body 1 pos 7,4 stuck 0
RC WALK 442 id 3 role raid pos 7,4 tgt 5,6 want NORTH
RC POS 442 id 10 seat 3 role raid fs 1 body 2 pos 6,5 stuck 866
RC WALK 442 id 10 role raid pos 6,5 tgt 5,6 want WEST
V527I SEALNT 443 ph 5 fwd 1 hv 2
RC POS 443 id 3 seat 0 role raid fs 1 body 1 pos 7,3 stuck 0
RC POS 443 id 10 seat 3 role raid fs 1 body 2 pos 6,5 stuck 868
RC WALK 443 id 10 role raid pos 6,5 tgt 5,6 want WEST
V527I SEALNT 444 ph 5 fwd 1 hv 2
RC POS 444 id 3 seat 0 role raid fs 1 body 1 pos 7,4 stuck 0
RC WALK 444 id 3 role raid pos 7,4 tgt 5,6 want NORTH
RC POS 444 id 10 seat 3 role raid fs 1 body 2 pos 6,5 stuck 870
RC WALK 444 id 10 role raid pos 6,5 tgt 5,6 want WEST
V527I SEALNT 445 ph 5 fwd 1 hv 2
RC POS 445 id 3 seat 0 role raid fs 1 body 1 pos 7,3 stuck 0
RC POS 445 id 10 seat 3 role raid fs 1 body 2 pos 6,5 stuck 872
RC WALK 445 id 10 role raid pos 6,5 tgt 5,6 want WEST
V527I SEALNT 446 ph 5 fwd 1 hv 2
RC POS 446 id 3 seat 0 role raid fs 1 body 1 pos 7,4 stuck 0
RC WALK 446 id 3 role raid pos 7,4 tgt 5,6 want NORTH
RC POS 446 id 10 seat 3 role raid fs 1 body 2 pos 6,5 stuck 874
RC WALK 446 id 10 role raid pos 6,5 tgt 5,6 want WEST
V527I SEALNT 447 ph 5 fwd 1 hv 2
RC POS 447 id 3 seat 0 role raid fs 1 body 1 pos 7,3 stuck 0
RC POS 447 id 10 seat 3 role raid fs 1 body 2 pos 6,5 stuck 876
RC WALK 447 id 10 role raid pos 6,5 tgt 6,9 want SOUTH
V527I SEALNT 448 ph 5 fwd 1 hv 2
RC POS 448 id 3 seat 0 role raid fs 1 body 1 pos 7,4 stuck 0
RC WALK 448 id 3 role raid pos 7,4 tgt 6,9 want NORTH
RC POS 448 id 10 seat 3 role raid fs 1 body 2 pos 6,5 stuck 878
RC WALK 448 id 10 role raid pos 6,5 tgt 6,9 want SOUTH
V527I SEALNT 449 ph 5 fwd 1 hv 2
RC POS 449 id 3 seat 0 role raid fs 1 body 1 pos 7,3 stuck 0
RC POS 449 id 10 seat 3 role raid fs 1 body 2 pos 6,5 stuck 880
RC WALK 449 id 10 role raid pos 6,5 tgt 6,9 want SOUTH
V527I SEALNT 450 ph 5 fwd 1 hv 2
RC POS 450 id 3 seat 0 role raid fs 1 body 1 pos 7,4 stuck 0
RC WALK 450 id 3 role raid pos 7,4 tgt 6,9 want NORTH
RC POS 450 id 10 seat 3 role raid fs 1 body 2 pos 6,5 stuck 882
RC WALK 450 id 10 role raid pos 6,5 tgt 6,9 want SOUTH
V527I SEALNT 451 ph 5 fwd 1 hv 2
RC POS 451 id 3 seat 0 role raid fs 1 body 1 pos 7,3 stuck 0
RC POS 451 id 10 seat 3 role raid fs 1 body 2 pos 6,5 stuck 884
RC WALK 451 id 10 role raid pos 6,5 tgt 6,9 want SOUTH
V527I SEALNT 452 ph 5 fwd 1 hv 2
RC POS 452 id 3 seat 0 role raid fs 1 body 1 pos 7,4 stuck 0
RC WALK 452 id 3 role raid pos 7,4 tgt 6,9 want NORTH
RC POS 452 id 10 seat 3 role raid fs 1 body 2 pos 6,5 stuck 886
RC WALK 452 id 10 role raid pos 6,5 tgt 6,9 want SOUTH
V527I SEALNT 453 ph 5 fwd 1 hv 2
RC POS 453 id 3 seat 0 role raid fs 1 body 1 pos 7,3 stuck 0
RC POS 453 id 10 seat 3 role raid fs 1 body 2 pos 6,5 stuck 888
RC WALK 453 id 10 role raid pos 6,5 tgt 6,9 want SOUTH
V527I SEALNT 454 ph 5 fwd 1 hv 2
RC POS 454 id 3 seat 0 role raid fs 1 body 1 pos 7,4 stuck 0
RC WALK 454 id 3 role raid pos 7,4 tgt 6,9 want NORTH
RC POS 454 id 10 seat 3 role raid fs 1 body 2 pos 6,5 stuck 890
RC WALK 454 id 10 role raid pos 6,5 tgt 6,9 want SOUTH
V527I SEALNT 455 ph 5 fwd 1 hv 2
RC POS 455 id 3 seat 0 role raid fs 1 body 1 pos 7,3 stuck 0
RC POS 455 id 10 seat 3 role raid fs 1 body 2 pos 6,5 stuck 892
RC WALK 455 id 10 role raid pos 6,5 tgt 6,9 want SOUTH
V527I SEALNT 456 ph 5 fwd 1 hv 2
RC POS 456 id 3 seat 0 role raid fs 1 body 1 pos 7,4 stuck 0
RC WALK 456 id 3 role raid pos 7,4 tgt 6,9 want NORTH
RC POS 456 id 10 seat 3 role raid fs 1 body 2 pos 6,5 stuck 894
RC WALK 456 id 10 role raid pos 6,5 tgt 6,9 want SOUTH
V527I SEALNT 457 ph 5 fwd 1 hv 2
RC POS 457 id 3 seat 0 role raid fs 1 body 1 pos 7,3 stuck 0
RC POS 457 id 10 seat 3 role raid fs 1 body 2 pos 6,5 stuck 896
RC WALK 457 id 10 role raid pos 6,5 tgt 6,9 want SOUTH
V527I SEALNT 458 ph 5 fwd 1 hv 2
RC POS 458 id 3 seat 0 role raid fs 1 body 1 pos 7,4 stuck 0
RC WALK 458 id 3 role raid pos 7,4 tgt 6,9 want NORTH
RC POS 458 id 10 seat 3 role raid fs 1 body 2 pos 6,5 stuck 898
RC WALK 458 id 10 role raid pos 6,5 tgt 6,9 want SOUTH
V527I SEALNT 459 ph 5 fwd 1 hv 2
RC POS 459 id 3 seat 0 role raid fs 1 body 1 pos 7,3 stuck 0
RC POS 459 id 10 seat 3 role raid fs 1 body 2 pos 6,5 stuck 900
RC WALK 459 id 10 role raid pos 6,5 tgt 6,9 want SOUTH
V527I SEALNT 460 ph 5 fwd 1 hv 2
RC POS 460 id 3 seat 0 role raid fs 1 body 1 pos 7,4 stuck 0
RC WALK 460 id 3 role raid pos 7,4 tgt 6,9 want NORTH
RC POS 460 id 10 seat 3 role raid fs 1 body 2 pos 6,5 stuck 902
RC WALK 460 id 10 role raid pos 6,5 tgt 6,9 want SOUTH
V527I SEALNT 461 ph 5 fwd 1 hv 2
RC POS 461 id 3 seat 0 role raid fs 1 body 1 pos 7,3 stuck 0
RC POS 461 id 10 seat 3 role raid fs 1 body 2 pos 6,5 stuck 904
RC WALK 461 id 10 role raid pos 6,5 tgt 5,6 want WEST
V527I SEALNT 462 ph 5 fwd 1 hv 2
RC POS 462 id 3 seat 0 role raid fs 1 body 1 pos 7,4 stuck 0
RC WALK 462 id 3 role raid pos 7,4 tgt 5,6 want NORTH
RC POS 462 id 10 seat 3 role raid fs 1 body 2 pos 6,5 stuck 906
RC WALK 462 id 10 role raid pos 6,5 tgt 5,6 want WEST
V527I SEALNT 463 ph 5 fwd 1 hv 2
RC POS 463 id 3 seat 0 role raid fs 1 body 1 pos 7,3 stuck 0
RC POS 463 id 10 seat 3 role raid fs 1 body 2 pos 6,5 stuck 908
RC WALK 463 id 10 role raid pos 6,5 tgt 5,6 want WEST
V527I SEALNT 464 ph 5 fwd 1 hv 2
RC POS 464 id 3 seat 0 role raid fs 1 body 1 pos 7,4 stuck 0
RC WALK 464 id 3 role raid pos 7,4 tgt 5,6 want NORTH
RC POS 464 id 10 seat 3 role raid fs 1 body 2 pos 6,5 stuck 910
RC WALK 464 id 10 role raid pos 6,5 tgt 5,6 want WEST
V527I SEALNT 465 ph 5 fwd 1 hv 2
RC POS 465 id 3 seat 0 role raid fs 1 body 1 pos 7,3 stuck 0
RC POS 465 id 10 seat 3 role raid fs 1 body 2 pos 6,5 stuck 912
RC WALK 465 id 10 role raid pos 6,5 tgt 5,6 want WEST
V527I SEALNT 466 ph 5 fwd 1 hv 2
RC POS 466 id 3 seat 0 role raid fs 1 body 1 pos 7,4 stuck 0
RC WALK 466 id 3 role raid pos 7,4 tgt 5,6 want NORTH
RC POS 466 id 10 seat 3 role raid fs 1 body 2 pos 6,5 stuck 914
RC WALK 466 id 10 role raid pos 6,5 tgt 4,6 want WEST
V527I SEALNT 467 ph 5 fwd 1 hv 2
RC POS 467 id 3 seat 0 role raid fs 1 body 1 pos 7,3 stuck 0
RC POS 467 id 10 seat 3 role raid fs 1 body 2 pos 6,5 stuck 916
RC WALK 467 id 10 role raid pos 6,5 tgt 6,9 want SOUTH
V527I SEALNT 468 ph 5 fwd 1 hv 2
RC POS 468 id 3 seat 0 role raid fs 1 body 1 pos 7,4 stuck 0
RC WALK 468 id 3 role raid pos 7,4 tgt 6,9 want NORTH
RC POS 468 id 10 seat 3 role raid fs 1 body 2 pos 6,5 stuck 918
RC WALK 468 id 10 role raid pos 6,5 tgt 6,9 want SOUTH
V527I SEALNT 469 ph 5 fwd 1 hv 2
RC POS 469 id 3 seat 0 role raid fs 1 body 1 pos 7,3 stuck 0
RC POS 469 id 10 seat 3 role raid fs 1 body 2 pos 6,5 stuck 920
RC WALK 469 id 10 role raid pos 6,5 tgt 6,9 want SOUTH
V527I SEALNT 470 ph 5 fwd 1 hv 2
RC POS 470 id 3 seat 0 role raid fs 1 body 1 pos 7,4 stuck 0
RC WALK 470 id 3 role raid pos 7,4 tgt 6,9 want NORTH
RC POS 470 id 10 seat 3 role raid fs 1 body 2 pos 6,5 stuck 922
RC WALK 470 id 10 role raid pos 6,5 tgt 6,9 want SOUTH
V527I SEALNT 471 ph 5 fwd 1 hv 2
RC POS 471 id 3 seat 0 role raid fs 1 body 1 pos 7,3 stuck 0
RC POS 471 id 10 seat 3 role raid fs 1 body 2 pos 6,5 stuck 924
RC WALK 471 id 10 role raid pos 6,5 tgt 6,9 want SOUTH
V527I SEALNT 472 ph 5 fwd 1 hv 2
RC POS 472 id 3 seat 0 role raid fs 1 body 1 pos 7,4 stuck 0
RC WALK 472 id 3 role raid pos 7,4 tgt 6,9 want NORTH
RC POS 472 id 10 seat 3 role raid fs 1 body 2 pos 6,5 stuck 926
RC WALK 472 id 10 role raid pos 6,5 tgt 6,9 want SOUTH
V527I SEALNT 473 ph 5 fwd 1 hv 2
RC POS 473 id 3 seat 0 role raid fs 1 body 1 pos 7,3 stuck 0
RC POS 473 id 10 seat 3 role raid fs 1 body 2 pos 6,5 stuck 928
RC WALK 473 id 10 role raid pos 6,5 tgt 6,9 want SOUTH
V527I SEALNT 474 ph 5 fwd 1 hv 2
RC POS 474 id 3 seat 0 role raid fs 1 body 1 pos 7,4 stuck 0
RC WALK 474 id 3 role raid pos 7,4 tgt 6,9 want NORTH
RC POS 474 id 10 seat 3 role raid fs 1 body 2 pos 6,5 stuck 930
RC WALK 474 id 10 role raid pos 6,5 tgt 6,9 want SOUTH
V527I SEALNT 475 ph 5 fwd 1 hv 2
RC POS 475 id 3 seat 0 role raid fs 1 body 1 pos 7,3 stuck 0
RC POS 475 id 10 seat 3 role raid fs 1 body 2 pos 6,5 stuck 932
RC WALK 475 id 10 role raid pos 6,5 tgt 6,9 want SOUTH
V527I SEALNT 476 ph 5 fwd 1 hv 2
RC POS 476 id 3 seat 0 role raid fs 1 body 1 pos 7,4 stuck 0
RC WALK 476 id 3 role raid pos 7,4 tgt 6,9 want NORTH
RC POS 476 id 10 seat 3 role raid fs 1 body 2 pos 6,5 stuck 934
RC WALK 476 id 10 role raid pos 6,5 tgt 6,9 want SOUTH
V527I SEALNT 477 ph 5 fwd 1 hv 2
RC POS 477 id 3 seat 0 role raid fs 1 body 1 pos 7,3 stuck 0
RC POS 477 id 10 seat 3 role raid fs 1 body 2 pos 6,5 stuck 936
RC WALK 477 id 10 role raid pos 6,5 tgt 6,9 want SOUTH
V527I SEALNT 478 ph 5 fwd 1 hv 2
RC POS 478 id 3 seat 0 role raid fs 1 body 1 pos 7,4 stuck 0
RC WALK 478 id 3 role raid pos 7,4 tgt 6,9 want NORTH
RC POS 478 id 10 seat 3 role raid fs 1 body 2 pos 6,5 stuck 938
RC WALK 478 id 10 role raid pos 6,5 tgt 6,9 want SOUTH
V527I SEALNT 479 ph 5 fwd 1 hv 2
RC POS 479 id 3 seat 0 role raid fs 1 body 1 pos 7,3 stuck 0
RC POS 479 id 10 seat 3 role raid fs 1 body 2 pos 6,5 stuck 940
RC WALK 479 id 10 role raid pos 6,5 tgt 6,9 want SOUTH
V527I SEALNT 480 ph 5 fwd 1 hv 2
RC POS 480 id 3 seat 0 role raid fs 1 body 1 pos 7,4 stuck 0
RC WALK 480 id 3 role raid pos 7,4 tgt 6,9 want NORTH
RC POS 480 id 10 seat 3 role raid fs 1 body 2 pos 6,5 stuck 942
RC WALK 480 id 10 role raid pos 6,5 tgt 6,9 want SOUTH
V527I SEALNT 481 ph 5 fwd 1 hv 2
RC POS 481 id 3 seat 0 role raid fs 1 body 1 pos 7,3 stuck 0
RC POS 481 id 10 seat 3 role raid fs 1 body 2 pos 6,5 stuck 944
RC WALK 481 id 10 role raid pos 6,5 tgt 5,6 want WEST
V527I SEALNT 482 ph 5 fwd 1 hv 2
RC POS 482 id 3 seat 0 role raid fs 1 body 1 pos 7,4 stuck 0
RC WALK 482 id 3 role raid pos 7,4 tgt 5,6 want NORTH
RC POS 482 id 10 seat 3 role raid fs 1 body 2 pos 6,5 stuck 946
RC WALK 482 id 10 role raid pos 6,5 tgt 5,6 want WEST
V527I SEALNT 483 ph 5 fwd 1 hv 2
RC POS 483 id 3 seat 0 role raid fs 1 body 1 pos 7,3 stuck 0
RC POS 483 id 10 seat 3 role raid fs 1 body 2 pos 6,5 stuck 948
RC WALK 483 id 10 role raid pos 6,5 tgt 5,6 want WEST
V527I SEALNT 484 ph 5 fwd 1 hv 2
RC POS 484 id 3 seat 0 role raid fs 1 body 1 pos 7,4 stuck 0
RC WALK 484 id 3 role raid pos 7,4 tgt 5,6 want NORTH
RC POS 484 id 10 seat 3 role raid fs 1 body 2 pos 6,5 stuck 950
RC WALK 484 id 10 role raid pos 6,5 tgt 5,6 want WEST
V527I SEALNT 485 ph 5 fwd 1 hv 2
RC POS 485 id 3 seat 0 role raid fs 1 body 1 pos 7,3 stuck 0
RC POS 485 id 10 seat 3 role raid fs 1 body 2 pos 6,5 stuck 952
RC WALK 485 id 10 role raid pos 6,5 tgt 5,6 want WEST
V527I SEALNT 486 ph 5 fwd 1 hv 2
RC POS 486 id 3 seat 0 role raid fs 1 body 1 pos 7,4 stuck 0
RC WALK 486 id 3 role raid pos 7,4 tgt 5,6 want NORTH
RC POS 486 id 10 seat 3 role raid fs 1 body 2 pos 6,5 stuck 954
RC WALK 486 id 10 role raid pos 6,5 tgt 5,6 want WEST
V527I SEALNT 487 ph 5 fwd 1 hv 2
RC POS 487 id 3 seat 0 role raid fs 1 body 1 pos 7,3 stuck 0
RC POS 487 id 10 seat 3 role raid fs 1 body 2 pos 6,5 stuck 956
RC WALK 487 id 10 role raid pos 6,5 tgt 6,9 want SOUTH
V527I SEALNT 488 ph 5 fwd 1 hv 2
RC POS 488 id 3 seat 0 role raid fs 1 body 1 pos 7,4 stuck 0
RC WALK 488 id 3 role raid pos 7,4 tgt 6,9 want NORTH
RC POS 488 id 10 seat 3 role raid fs 1 body 2 pos 6,5 stuck 958
RC WALK 488 id 10 role raid pos 6,5 tgt 6,9 want SOUTH
V527I SEALNT 489 ph 5 fwd 1 hv 2
RC POS 489 id 3 seat 0 role raid fs 1 body 1 pos 7,3 stuck 0
RC POS 489 id 10 seat 3 role raid fs 1 body 2 pos 6,5 stuck 960
RC WALK 489 id 10 role raid pos 6,5 tgt 6,9 want SOUTH
V527I SEALNT 490 ph 5 fwd 1 hv 2
RC POS 490 id 3 seat 0 role raid fs 1 body 1 pos 7,4 stuck 0
RC WALK 490 id 3 role raid pos 7,4 tgt 6,9 want NORTH
RC POS 490 id 10 seat 3 role raid fs 1 body 2 pos 6,5 stuck 962
RC WALK 490 id 10 role raid pos 6,5 tgt 6,9 want SOUTH
V527I SEALNT 491 ph 5 fwd 1 hv 2
RC POS 491 id 3 seat 0 role raid fs 1 body 1 pos 7,3 stuck 0
RC POS 491 id 10 seat 3 role raid fs 1 body 2 pos 6,5 stuck 964
RC WALK 491 id 10 role raid pos 6,5 tgt 6,9 want SOUTH
V527I SEALNT 492 ph 5 fwd 1 hv 2
RC POS 492 id 3 seat 0 role raid fs 1 body 1 pos 7,4 stuck 0
RC WALK 492 id 3 role raid pos 7,4 tgt 6,9 want NORTH
RC POS 492 id 10 seat 3 role raid fs 1 body 2 pos 6,5 stuck 966
RC WALK 492 id 10 role raid pos 6,5 tgt 6,9 want SOUTH
V527I SEALNT 493 ph 5 fwd 1 hv 2
RC POS 493 id 3 seat 0 role raid fs 1 body 1 pos 7,3 stuck 0
RC POS 493 id 10 seat 3 role raid fs 1 body 2 pos 6,5 stuck 968
RC WALK 493 id 10 role raid pos 6,5 tgt 6,9 want SOUTH
V527I SEALNT 494 ph 5 fwd 1 hv 2
RC POS 494 id 3 seat 0 role raid fs 1 body 1 pos 7,4 stuck 0
RC WALK 494 id 3 role raid pos 7,4 tgt 6,9 want NORTH
RC POS 494 id 10 seat 3 role raid fs 1 body 2 pos 6,5 stuck 970
RC WALK 494 id 10 role raid pos 6,5 tgt 6,9 want SOUTH
V527I SEALNT 495 ph 5 fwd 1 hv 2
RC POS 495 id 3 seat 0 role raid fs 1 body 1 pos 7,3 stuck 0
RC POS 495 id 10 seat 3 role raid fs 1 body 2 pos 6,5 stuck 972
RC WALK 495 id 10 role raid pos 6,5 tgt 6,9 want SOUTH
V527I SEALNT 496 ph 5 fwd 1 hv 2
RC POS 496 id 3 seat 0 role raid fs 1 body 1 pos 7,4 stuck 0
RC WALK 496 id 3 role raid pos 7,4 tgt 6,9 want NORTH
RC POS 496 id 10 seat 3 role raid fs 1 body 2 pos 6,5 stuck 974
RC WALK 496 id 10 role raid pos 6,5 tgt 6,9 want SOUTH
V527I SEALNT 497 ph 5 fwd 1 hv 2
RC POS 497 id 3 seat 0 role raid fs 1 body 1 pos 7,3 stuck 0
RC POS 497 id 10 seat 3 role raid fs 1 body 2 pos 6,5 stuck 976
RC WALK 497 id 10 role raid pos 6,5 tgt 6,9 want SOUTH
V527I SEALNT 498 ph 5 fwd 1 hv 2
RC POS 498 id 3 seat 0 role raid fs 1 body 1 pos 7,4 stuck 0
RC WALK 498 id 3 role raid pos 7,4 tgt 6,9 want NORTH
RC POS 498 id 10 seat 3 role raid fs 1 body 2 pos 6,5 stuck 978
RC WALK 498 id 10 role raid pos 6,5 tgt 6,9 want SOUTH
V527I SEALNT 499 ph 5 fwd 1 hv 2
RC POS 499 id 3 seat 0 role raid fs 1 body 1 pos 7,3 stuck 0
RC POS 499 id 10 seat 3 role raid fs 1 body 2 pos 6,5 stuck 980
RC WALK 499 id 10 role raid pos 6,5 tgt 6,9 want SOUTH
V527I SEALNT 500 ph 5 fwd 1 hv 2
RC POS 500 id 3 seat 0 role raid fs 1 body 1 pos 7,4 stuck 0
RC WALK 500 id 3 role raid pos 7,4 tgt 6,9 want NORTH
RC POS 500 id 10 seat 3 role raid fs 1 body 2 pos 6,5 stuck 982
RC WALK 500 id 10 role raid pos 6,5 tgt 6,9 want SOUTH
V527I SEALNT 501 ph 5 fwd 1 hv 2
RC POS 501 id 3 seat 0 role raid fs 1 body 1 pos 7,3 stuck 0
RC POS 501 id 10 seat 3 role raid fs 1 body 2 pos 6,5 stuck 984
RC WALK 501 id 10 role raid pos 6,5 tgt 5,6 want WEST
V527I SEALNT 502 ph 5 fwd 1 hv 2
RC POS 502 id 3 seat 0 role raid fs 1 body 1 pos 7,4 stuck 0
RC WALK 502 id 3 role raid pos 7,4 tgt 5,6 want NORTH
RC POS 502 id 10 seat 3 role raid fs 1 body 2 pos 6,5 stuck 986
RC WALK 502 id 10 role raid pos 6,5 tgt 5,6 want WEST
V527I SEALNT 503 ph 5 fwd 1 hv 2
RC POS 503 id 3 seat 0 role raid fs 1 body 1 pos 7,3 stuck 0
RC POS 503 id 10 seat 3 role raid fs 1 body 2 pos 6,5 stuck 988
RC WALK 503 id 10 role raid pos 6,5 tgt 5,6 want WEST
V527I SEALNT 504 ph 5 fwd 1 hv 2
RC POS 504 id 3 seat 0 role raid fs 1 body 1 pos 7,4 stuck 0
RC WALK 504 id 3 role raid pos 7,4 tgt 5,6 want NORTH
RC POS 504 id 10 seat 3 role raid fs 1 body 2 pos 6,5 stuck 990
RC WALK 504 id 10 role raid pos 6,5 tgt 5,6 want WEST
V527I SEALNT 505 ph 5 fwd 1 hv 2
RC POS 505 id 3 seat 0 role raid fs 1 body 1 pos 7,3 stuck 0
RC POS 505 id 10 seat 3 role raid fs 1 body 2 pos 6,5 stuck 992
RC WALK 505 id 10 role raid pos 6,5 tgt 5,6 want WEST
V527I SEALNT 506 ph 5 fwd 1 hv 2
RC POS 506 id 3 seat 0 role raid fs 1 body 1 pos 7,4 stuck 0
RC WALK 506 id 3 role raid pos 7,4 tgt 5,6 want NORTH
RC POS 506 id 10 seat 3 role raid fs 1 body 2 pos 6,5 stuck 994
RC WALK 506 id 10 role raid pos 6,5 tgt 4,6 want WEST
V527I SEALNT 507 ph 5 fwd 1 hv 2
RC POS 507 id 3 seat 0 role raid fs 1 body 1 pos 7,3 stuck 0
RC POS 507 id 10 seat 3 role raid fs 1 body 2 pos 6,5 stuck 996
RC WALK 507 id 10 role raid pos 6,5 tgt 6,9 want SOUTH
V527I SEALNT 508 ph 5 fwd 1 hv 2
RC POS 508 id 3 seat 0 role raid fs 1 body 1 pos 7,4 stuck 0
RC WALK 508 id 3 role raid pos 7,4 tgt 6,9 want NORTH
RC POS 508 id 10 seat 3 role raid fs 1 body 2 pos 6,5 stuck 998
RC WALK 508 id 10 role raid pos 6,5 tgt 6,9 want SOUTH
V527I SEALNT 509 ph 5 fwd 1 hv 2
RC POS 509 id 3 seat 0 role raid fs 1 body 1 pos 7,3 stuck 0
RC POS 509 id 10 seat 3 role raid fs 1 body 2 pos 6,5 stuck 1000
RC WALK 509 id 10 role raid pos 6,5 tgt 6,9 want SOUTH
V527I SEALNT 510 ph 5 fwd 1 hv 2
RC POS 510 id 3 seat 0 role raid fs 1 body 1 pos 7,4 stuck 0
RC WALK 510 id 3 role raid pos 7,4 tgt 6,9 want NORTH
RC POS 510 id 10 seat 3 role raid fs 1 body 2 pos 6,5 stuck 1002
RC WALK 510 id 10 role raid pos 6,5 tgt 6,9 want SOUTH
V527I SEALNT 511 ph 5 fwd 1 hv 2
RC POS 511 id 3 seat 0 role raid fs 1 body 1 pos 7,3 stuck 0
RC POS 511 id 10 seat 3 role raid fs 1 body 2 pos 6,5 stuck 1004
RC WALK 511 id 10 role raid pos 6,5 tgt 6,9 want SOUTH
V527I SEALNT 512 ph 5 fwd 1 hv 2
RC POS 512 id 3 seat 0 role raid fs 1 body 1 pos 7,4 stuck 0
RC WALK 512 id 3 role raid pos 7,4 tgt 6,9 want NORTH
RC POS 512 id 10 seat 3 role raid fs 1 body 2 pos 6,5 stuck 1006
RC WALK 512 id 10 role raid pos 6,5 tgt 6,9 want SOUTH
V527I SEALNT 513 ph 5 fwd 1 hv 2
RC POS 513 id 3 seat 0 role raid fs 1 body 1 pos 7,3 stuck 0
RC POS 513 id 10 seat 3 role raid fs 1 body 2 pos 6,5 stuck 1008
RC WALK 513 id 10 role raid pos 6,5 tgt 6,9 want SOUTH
V527I SEALNT 514 ph 5 fwd 1 hv 2
RC POS 514 id 3 seat 0 role raid fs 1 body 1 pos 7,4 stuck 0
RC WALK 514 id 3 role raid pos 7,4 tgt 6,9 want NORTH
RC POS 514 id 10 seat 3 role raid fs 1 body 2 pos 6,5 stuck 1010
RC WALK 514 id 10 role raid pos 6,5 tgt 6,9 want SOUTH
V527I SEALNT 515 ph 5 fwd 1 hv 2
RC POS 515 id 3 seat 0 role raid fs 1 body 1 pos 7,3 stuck 0
RC POS 515 id 10 seat 3 role raid fs 1 body 2 pos 6,5 stuck 1012
RC WALK 515 id 10 role raid pos 6,5 tgt 6,9 want SOUTH
V527I SEALNT 516 ph 5 fwd 1 hv 2
RC POS 516 id 3 seat 0 role raid fs 1 body 1 pos 7,4 stuck 0
RC WALK 516 id 3 role raid pos 7,4 tgt 6,9 want NORTH
RC POS 516 id 10 seat 3 role raid fs 1 body 2 pos 6,5 stuck 1014
RC WALK 516 id 10 role raid pos 6,5 tgt 6,9 want SOUTH
V527I SEALNT 517 ph 5 fwd 1 hv 2
RC POS 517 id 3 seat 0 role raid fs 1 body 1 pos 7,3 stuck 0
RC POS 517 id 10 seat 3 role raid fs 1 body 2 pos 6,5 stuck 1016
RC WALK 517 id 10 role raid pos 6,5 tgt 6,9 want SOUTH
V527I SEALNT 518 ph 5 fwd 1 hv 2
RC POS 518 id 3 seat 0 role raid fs 1 body 1 pos 7,4 stuck 0
RC WALK 518 id 3 role raid pos 7,4 tgt 6,9 want NORTH
RC POS 518 id 10 seat 3 role raid fs 1 body 2 pos 6,5 stuck 1018
RC WALK 518 id 10 role raid pos 6,5 tgt 6,9 want SOUTH
V527I SEALNT 519 ph 5 fwd 1 hv 2
RC POS 519 id 3 seat 0 role raid fs 1 body 1 pos 7,3 stuck 0
RC POS 519 id 10 seat 3 role raid fs 1 body 2 pos 6,5 stuck 1020
RC WALK 519 id 10 role raid pos 6,5 tgt 6,9 want SOUTH
V527I SEALNT 520 ph 5 fwd 1 hv 2
RC POS 520 id 3 seat 0 role raid fs 1 body 1 pos 7,4 stuck 0
RC WALK 520 id 3 role raid pos 7,4 tgt 6,9 want NORTH
RC POS 520 id 10 seat 3 role raid fs 1 body 2 pos 6,5 stuck 1022
RC WALK 520 id 10 role raid pos 6,5 tgt 6,9 want SOUTH
V527I SEALNT 521 ph 5 fwd 1 hv 2
RC POS 521 id 3 seat 0 role raid fs 1 body 1 pos 7,3 stuck 0
RC POS 521 id 10 seat 3 role raid fs 1 body 2 pos 6,5 stuck 1024
RC WALK 521 id 10 role raid pos 6,5 tgt 5,6 want WEST
V527I SEALNT 522 ph 5 fwd 1 hv 2
RC POS 522 id 3 seat 0 role raid fs 1 body 1 pos 7,4 stuck 0
RC WALK 522 id 3 role raid pos 7,4 tgt 5,6 want NORTH
RC POS 522 id 10 seat 3 role raid fs 1 body 2 pos 6,5 stuck 1026
RC WALK 522 id 10 role raid pos 6,5 tgt 5,6 want WEST
V527I SEALNT 523 ph 5 fwd 1 hv 2
RC POS 523 id 3 seat 0 role raid fs 1 body 1 pos 7,3 stuck 0
RC POS 523 id 10 seat 3 role raid fs 1 body 2 pos 6,5 stuck 1028
RC WALK 523 id 10 role raid pos 6,5 tgt 5,6 want WEST
V527I SEALNT 524 ph 5 fwd 1 hv 2
RC POS 524 id 3 seat 0 role raid fs 1 body 1 pos 7,4 stuck 0
RC WALK 524 id 3 role raid pos 7,4 tgt 5,6 want NORTH
RC POS 524 id 10 seat 3 role raid fs 1 body 2 pos 6,5 stuck 1030
RC WALK 524 id 10 role raid pos 6,5 tgt 5,6 want WEST
V527I SEALNT 525 ph 5 fwd 1 hv 2
RC POS 525 id 3 seat 0 role raid fs 1 body 1 pos 7,3 stuck 0
RC POS 525 id 10 seat 3 role raid fs 1 body 2 pos 6,5 stuck 1032
RC WALK 525 id 10 role raid pos 6,5 tgt 5,6 want WEST
V527I SEALNT 526 ph 5 fwd 1 hv 2
RC POS 526 id 3 seat 0 role raid fs 1 body 1 pos 7,4 stuck 0
RC WALK 526 id 3 role raid pos 7,4 tgt 5,6 want NORTH
RC POS 526 id 10 seat 3 role raid fs 1 body 2 pos 6,5 stuck 1034
RC WALK 526 id 10 role raid pos 6,5 tgt 5,6 want WEST
V527I SEALNT 527 ph 5 fwd 1 hv 2
RC POS 527 id 3 seat 0 role raid fs 1 body 1 pos 7,3 stuck 0
RC POS 527 id 10 seat 3 role raid fs 1 body 2 pos 6,5 stuck 1036
RC WALK 527 id 10 role raid pos 6,5 tgt 6,9 want SOUTH
V527I SEALNT 528 ph 5 fwd 1 hv 2
RC POS 528 id 3 seat 0 role raid fs 1 body 1 pos 7,4 stuck 0
RC WALK 528 id 3 role raid pos 7,4 tgt 6,9 want NORTH
RC POS 528 id 10 seat 3 role raid fs 1 body 2 pos 6,5 stuck 1038
RC WALK 528 id 10 role raid pos 6,5 tgt 6,9 want SOUTH
V527I SEALNT 529 ph 5 fwd 1 hv 2
RC POS 529 id 3 seat 0 role raid fs 1 body 1 pos 7,3 stuck 0
RC POS 529 id 10 seat 3 role raid fs 1 body 2 pos 6,5 stuck 1040
RC WALK 529 id 10 role raid pos 6,5 tgt 6,9 want SOUTH
V527I SEALNT 530 ph 5 fwd 1 hv 2
RC POS 530 id 3 seat 0 role raid fs 1 body 1 pos 7,4 stuck 0
RC WALK 530 id 3 role raid pos 7,4 tgt 6,9 want NORTH
RC POS 530 id 10 seat 3 role raid fs 1 body 2 pos 6,5 stuck 1042
RC WALK 530 id 10 role raid pos 6,5 tgt 6,9 want SOUTH
V527I SEALNT 531 ph 5 fwd 1 hv 2
RC POS 531 id 3 seat 0 role raid fs 1 body 1 pos 7,3 stuck 0
RC POS 531 id 10 seat 3 role raid fs 1 body 2 pos 6,5 stuck 1044
RC WALK 531 id 10 role raid pos 6,5 tgt 6,9 want SOUTH
V527I SEALNT 532 ph 5 fwd 1 hv 2
RC POS 532 id 3 seat 0 role raid fs 1 body 1 pos 7,4 stuck 0
RC WALK 532 id 3 role raid pos 7,4 tgt 6,9 want NORTH
RC POS 532 id 10 seat 3 role raid fs 1 body 2 pos 6,5 stuck 1046
RC WALK 532 id 10 role raid pos 6,5 tgt 6,9 want SOUTH
V527I SEALNT 533 ph 5 fwd 1 hv 2
RC POS 533 id 3 seat 0 role raid fs 1 body 1 pos 7,3 stuck 0
RC POS 533 id 10 seat 3 role raid fs 1 body 2 pos 6,5 stuck 1048
RC WALK 533 id 10 role raid pos 6,5 tgt 6,9 want SOUTH
V527I SEALNT 534 ph 5 fwd 1 hv 2
RC POS 534 id 3 seat 0 role raid fs 1 body 1 pos 7,4 stuck 0
RC WALK 534 id 3 role raid pos 7,4 tgt 6,9 want NORTH
RC POS 534 id 10 seat 3 role raid fs 1 body 2 pos 6,5 stuck 1050
RC WALK 534 id 10 role raid pos 6,5 tgt 6,9 want SOUTH
V527I SEALNT 535 ph 5 fwd 1 hv 2
RC POS 535 id 3 seat 0 role raid fs 1 body 1 pos 7,3 stuck 0
RC POS 535 id 10 seat 3 role raid fs 1 body 2 pos 6,5 stuck 1052
RC WALK 535 id 10 role raid pos 6,5 tgt 6,9 want SOUTH
V527I SEALNT 536 ph 5 fwd 1 hv 2
RC POS 536 id 3 seat 0 role raid fs 1 body 1 pos 7,4 stuck 0
RC WALK 536 id 3 role raid pos 7,4 tgt 6,9 want NORTH
RC POS 536 id 10 seat 3 role raid fs 1 body 2 pos 6,5 stuck 1054
RC WALK 536 id 10 role raid pos 6,5 tgt 6,9 want SOUTH
V527I SEALNT 537 ph 5 fwd 1 hv 2
RC POS 537 id 3 seat 0 role raid fs 1 body 1 pos 7,3 stuck 0
RC POS 537 id 10 seat 3 role raid fs 1 body 2 pos 6,5 stuck 1056
RC WALK 537 id 10 role raid pos 6,5 tgt 6,9 want SOUTH
V527I SEALNT 538 ph 5 fwd 1 hv 2
RC POS 538 id 3 seat 0 role raid fs 1 body 1 pos 7,4 stuck 0
RC WALK 538 id 3 role raid pos 7,4 tgt 6,9 want NORTH
RC POS 538 id 10 seat 3 role raid fs 1 body 2 pos 6,5 stuck 1058
RC WALK 538 id 10 role raid pos 6,5 tgt 6,9 want SOUTH
V527I SEALNT 539 ph 5 fwd 1 hv 2
RC POS 539 id 3 seat 0 role raid fs 1 body 1 pos 7,3 stuck 0
RC POS 539 id 10 seat 3 role raid fs 1 body 2 pos 6,5 stuck 1060
RC WALK 539 id 10 role raid pos 6,5 tgt 6,9 want SOUTH
V527I SEALNT 540 ph 5 fwd 1 hv 2
RC POS 540 id 3 seat 0 role raid fs 1 body 1 pos 7,4 stuck 0
RC WALK 540 id 3 role raid pos 7,4 tgt 6,9 want NORTH
RC POS 540 id 10 seat 3 role raid fs 1 body 2 pos 6,5 stuck 1062
RC WALK 540 id 10 role raid pos 6,5 tgt 6,9 want SOUTH
V527I SEALNT 541 ph 5 fwd 1 hv 2
RC POS 541 id 3 seat 0 role raid fs 1 body 1 pos 7,3 stuck 0
RC POS 541 id 10 seat 3 role raid fs 1 body 2 pos 6,5 stuck 1064
RC WALK 541 id 10 role raid pos 6,5 tgt 5,6 want WEST
V527I SEALNT 542 ph 5 fwd 1 hv 2
RC POS 542 id 3 seat 0 role raid fs 1 body 1 pos 7,4 stuck 0
RC WALK 542 id 3 role raid pos 7,4 tgt 5,6 want NORTH
RC POS 542 id 10 seat 3 role raid fs 1 body 2 pos 6,5 stuck 1066
RC WALK 542 id 10 role raid pos 6,5 tgt 5,6 want WEST
V527I SEALNT 543 ph 5 fwd 1 hv 2
RC POS 543 id 3 seat 0 role raid fs 1 body 1 pos 7,3 stuck 0
RC POS 543 id 10 seat 3 role raid fs 1 body 2 pos 6,5 stuck 1068
RC WALK 543 id 10 role raid pos 6,5 tgt 5,6 want WEST
V527I SEALNT 544 ph 5 fwd 1 hv 2
RC POS 544 id 3 seat 0 role raid fs 1 body 1 pos 7,4 stuck 0
RC WALK 544 id 3 role raid pos 7,4 tgt 5,6 want NORTH
RC POS 544 id 10 seat 3 role raid fs 1 body 2 pos 6,5 stuck 1070
RC WALK 544 id 10 role raid pos 6,5 tgt 5,6 want WEST
V527I SEALNT 545 ph 5 fwd 1 hv 2
RC POS 545 id 3 seat 0 role raid fs 1 body 1 pos 7,3 stuck 0
RC POS 545 id 10 seat 3 role raid fs 1 body 2 pos 6,5 stuck 1072
RC WALK 545 id 10 role raid pos 6,5 tgt 5,6 want WEST
V527I SEALNT 546 ph 5 fwd 1 hv 2
RC POS 546 id 3 seat 0 role raid fs 1 body 1 pos 7,4 stuck 0
RC WALK 546 id 3 role raid pos 7,4 tgt 5,6 want NORTH
RC POS 546 id 10 seat 3 role raid fs 1 body 2 pos 6,5 stuck 1074
RC WALK 546 id 10 role raid pos 6,5 tgt 4,6 want WEST
V527I SEALNT 547 ph 5 fwd 1 hv 2
RC POS 547 id 3 seat 0 role raid fs 1 body 1 pos 7,3 stuck 0
RC POS 547 id 10 seat 3 role raid fs 1 body 2 pos 6,5 stuck 1076
RC WALK 547 id 10 role raid pos 6,5 tgt 6,9 want SOUTH
V527I SEALNT 548 ph 5 fwd 1 hv 2
RC POS 548 id 3 seat 0 role raid fs 1 body 1 pos 7,4 stuck 0
RC WALK 548 id 3 role raid pos 7,4 tgt 6,9 want NORTH
RC POS 548 id 10 seat 3 role raid fs 1 body 2 pos 6,5 stuck 1078
RC WALK 548 id 10 role raid pos 6,5 tgt 6,9 want SOUTH
V527I SEALNT 549 ph 5 fwd 1 hv 2
RC POS 549 id 3 seat 0 role raid fs 1 body 1 pos 7,3 stuck 0
RC POS 549 id 10 seat 3 role raid fs 1 body 2 pos 6,5 stuck 1080
RC WALK 549 id 10 role raid pos 6,5 tgt 6,9 want SOUTH
V527I SEALNT 550 ph 5 fwd 1 hv 2
RC POS 550 id 3 seat 0 role raid fs 1 body 1 pos 7,4 stuck 0
RC WALK 550 id 3 role raid pos 7,4 tgt 6,9 want NORTH
RC POS 550 id 10 seat 3 role raid fs 1 body 2 pos 6,5 stuck 1082
RC WALK 550 id 10 role raid pos 6,5 tgt 6,9 want SOUTH
V527I SEALNT 551 ph 5 fwd 1 hv 2
RC POS 551 id 3 seat 0 role raid fs 1 body 1 pos 7,3 stuck 0
RC POS 551 id 10 seat 3 role raid fs 1 body 2 pos 6,5 stuck 1084
RC WALK 551 id 10 role raid pos 6,5 tgt 6,9 want SOUTH
V527I SEALNT 552 ph 5 fwd 1 hv 2
RC POS 552 id 3 seat 0 role raid fs 1 body 1 pos 7,4 stuck 0
RC WALK 552 id 3 role raid pos 7,4 tgt 6,9 want NORTH
RC POS 552 id 10 seat 3 role raid fs 1 body 2 pos 6,5 stuck 1086
RC WALK 552 id 10 role raid pos 6,5 tgt 6,9 want SOUTH
V527I SEALNT 553 ph 5 fwd 1 hv 2
RC POS 553 id 3 seat 0 role raid fs 1 body 1 pos 7,3 stuck 0
RC POS 553 id 10 seat 3 role raid fs 1 body 2 pos 6,5 stuck 1088
RC WALK 553 id 10 role raid pos 6,5 tgt 6,9 want SOUTH
V527I SEALNT 554 ph 5 fwd 1 hv 2
RC POS 554 id 3 seat 0 role raid fs 1 body 1 pos 7,4 stuck 0
RC WALK 554 id 3 role raid pos 7,4 tgt 6,9 want NORTH
RC POS 554 id 10 seat 3 role raid fs 1 body 2 pos 6,5 stuck 1090
RC WALK 554 id 10 role raid pos 6,5 tgt 6,9 want SOUTH
V527I SEALNT 555 ph 5 fwd 1 hv 2
RC POS 555 id 3 seat 0 role raid fs 1 body 1 pos 7,3 stuck 0
RC POS 555 id 10 seat 3 role raid fs 1 body 2 pos 6,5 stuck 1092
RC WALK 555 id 10 role raid pos 6,5 tgt 6,9 want SOUTH
V527I SEALNT 556 ph 5 fwd 1 hv 2
RC POS 556 id 3 seat 0 role raid fs 1 body 1 pos 7,4 stuck 0
RC WALK 556 id 3 role raid pos 7,4 tgt 6,9 want NORTH
RC POS 556 id 10 seat 3 role raid fs 1 body 2 pos 6,5 stuck 1094
RC WALK 556 id 10 role raid pos 6,5 tgt 6,9 want SOUTH
V527I SEALNT 557 ph 5 fwd 1 hv 2
RC POS 557 id 3 seat 0 role raid fs 1 body 1 pos 7,3 stuck 0
RC POS 557 id 10 seat 3 role raid fs 1 body 2 pos 6,5 stuck 1096
RC WALK 557 id 10 role raid pos 6,5 tgt 6,9 want SOUTH
V527I SEALNT 558 ph 5 fwd 1 hv 2
RC POS 558 id 3 seat 0 role raid fs 1 body 1 pos 7,4 stuck 0
RC WALK 558 id 3 role raid pos 7,4 tgt 6,9 want NORTH
RC POS 558 id 10 seat 3 role raid fs 1 body 2 pos 6,5 stuck 1098
RC WALK 558 id 10 role raid pos 6,5 tgt 6,9 want SOUTH
V527I SEALNT 559 ph 5 fwd 1 hv 2
RC POS 559 id 3 seat 0 role raid fs 1 body 1 pos 7,3 stuck 0
RC POS 559 id 10 seat 3 role raid fs 1 body 2 pos 6,5 stuck 1100
RC WALK 559 id 10 role raid pos 6,5 tgt 6,9 want SOUTH
V527I SEALNT 560 ph 5 fwd 1 hv 2
RC POS 560 id 3 seat 0 role raid fs 1 body 1 pos 7,4 stuck 0
RC WALK 560 id 3 role raid pos 7,4 tgt 6,9 want NORTH
RC POS 560 id 10 seat 3 role raid fs 1 body 2 pos 6,5 stuck 1102
RC WALK 560 id 10 role raid pos 6,5 tgt 6,9 want SOUTH
V527I SEALNT 561 ph 5 fwd 1 hv 2
RC POS 561 id 3 seat 0 role raid fs 1 body 1 pos 7,3 stuck 0
RC POS 561 id 10 seat 3 role raid fs 1 body 2 pos 6,5 stuck 1104
RC WALK 561 id 10 role raid pos 6,5 tgt 5,6 want WEST
V527I SEALNT 562 ph 5 fwd 1 hv 2
RC POS 562 id 3 seat 0 role raid fs 1 body 1 pos 7,4 stuck 0
RC WALK 562 id 3 role raid pos 7,4 tgt 5,6 want NORTH
RC POS 562 id 10 seat 3 role raid fs 1 body 2 pos 6,5 stuck 1106
RC WALK 562 id 10 role raid pos 6,5 tgt 5,6 want WEST
V527I SEALNT 563 ph 5 fwd 1 hv 2
RC POS 563 id 3 seat 0 role raid fs 1 body 1 pos 7,3 stuck 0
RC POS 563 id 10 seat 3 role raid fs 1 body 2 pos 6,5 stuck 1108
RC WALK 563 id 10 role raid pos 6,5 tgt 5,6 want WEST
V527I SEALNT 564 ph 5 fwd 1 hv 2
RC POS 564 id 3 seat 0 role raid fs 1 body 1 pos 7,4 stuck 0
RC WALK 564 id 3 role raid pos 7,4 tgt 5,6 want NORTH
RC POS 564 id 10 seat 3 role raid fs 1 body 2 pos 6,5 stuck 1110
RC WALK 564 id 10 role raid pos 6,5 tgt 5,6 want WEST
V527I SEALNT 565 ph 5 fwd 1 hv 2
RC POS 565 id 3 seat 0 role raid fs 1 body 1 pos 7,3 stuck 0
RC POS 565 id 10 seat 3 role raid fs 1 body 2 pos 6,5 stuck 1112
RC WALK 565 id 10 role raid pos 6,5 tgt 5,6 want WEST
V527I SEALNT 566 ph 5 fwd 1 hv 2
RC POS 566 id 3 seat 0 role raid fs 1 body 1 pos 7,4 stuck 0
RC WALK 566 id 3 role raid pos 7,4 tgt 5,6 want NORTH
RC POS 566 id 10 seat 3 role raid fs 1 body 2 pos 6,5 stuck 1114
RC WALK 566 id 10 role raid pos 6,5 tgt 5,6 want WEST
V527I SEALNT 567 ph 5 fwd 1 hv 2
RC POS 567 id 3 seat 0 role raid fs 1 body 1 pos 7,3 stuck 0
RC POS 567 id 10 seat 3 role raid fs 1 body 2 pos 6,5 stuck 1116
RC WALK 567 id 10 role raid pos 6,5 tgt 6,9 want SOUTH
V527I SEALNT 568 ph 5 fwd 1 hv 2
RC POS 568 id 3 seat 0 role raid fs 1 body 1 pos 7,4 stuck 0
RC WALK 568 id 3 role raid pos 7,4 tgt 6,9 want NORTH
RC POS 568 id 10 seat 3 role raid fs 1 body 2 pos 6,5 stuck 1118
RC WALK 568 id 10 role raid pos 6,5 tgt 6,9 want SOUTH
V527I SEALNT 569 ph 5 fwd 1 hv 2
RC POS 569 id 3 seat 0 role raid fs 1 body 1 pos 7,3 stuck 0
RC POS 569 id 10 seat 3 role raid fs 1 body 2 pos 6,5 stuck 1120
RC WALK 569 id 10 role raid pos 6,5 tgt 6,9 want SOUTH
V527I SEALNT 570 ph 5 fwd 1 hv 2
RC POS 570 id 3 seat 0 role raid fs 1 body 1 pos 7,4 stuck 0
RC WALK 570 id 3 role raid pos 7,4 tgt 6,9 want NORTH
RC POS 570 id 10 seat 3 role raid fs 1 body 2 pos 6,5 stuck 1122
RC WALK 570 id 10 role raid pos 6,5 tgt 6,9 want SOUTH
V527I SEALNT 571 ph 5 fwd 1 hv 2
RC POS 571 id 3 seat 0 role raid fs 1 body 1 pos 7,3 stuck 0
RC POS 571 id 10 seat 3 role raid fs 1 body 2 pos 6,5 stuck 1124
RC WALK 571 id 10 role raid pos 6,5 tgt 6,9 want SOUTH
V527I SEALNT 572 ph 5 fwd 1 hv 2
RC POS 572 id 3 seat 0 role raid fs 1 body 1 pos 7,4 stuck 0
RC WALK 572 id 3 role raid pos 7,4 tgt 6,9 want NORTH
RC POS 572 id 10 seat 3 role raid fs 1 body 2 pos 6,5 stuck 1126
RC WALK 572 id 10 role raid pos 6,5 tgt 6,9 want SOUTH
V527I SEALNT 573 ph 5 fwd 1 hv 2
RC POS 573 id 3 seat 0 role raid fs 1 body 1 pos 7,3 stuck 0
RC POS 573 id 10 seat 3 role raid fs 1 body 2 pos 6,5 stuck 1128
RC WALK 573 id 10 role raid pos 6,5 tgt 6,9 want SOUTH
V527I SEALNT 574 ph 5 fwd 1 hv 2
RC POS 574 id 3 seat 0 role raid fs 1 body 1 pos 7,4 stuck 0
RC WALK 574 id 3 role raid pos 7,4 tgt 6,9 want NORTH
RC POS 574 id 10 seat 3 role raid fs 1 body 2 pos 6,5 stuck 1130
RC WALK 574 id 10 role raid pos 6,5 tgt 6,9 want SOUTH
V527I SEALNT 575 ph 5 fwd 1 hv 2
RC POS 575 id 3 seat 0 role raid fs 1 body 1 pos 7,3 stuck 0
RC POS 575 id 10 seat 3 role raid fs 1 body 2 pos 6,5 stuck 1132
RC WALK 575 id 10 role raid pos 6,5 tgt 6,9 want SOUTH
V527I SEALNT 576 ph 5 fwd 1 hv 2
RC POS 576 id 3 seat 0 role raid fs 1 body 1 pos 7,4 stuck 0
RC WALK 576 id 3 role raid pos 7,4 tgt 6,9 want NORTH
RC POS 576 id 10 seat 3 role raid fs 1 body 2 pos 6,5 stuck 1134
RC WALK 576 id 10 role raid pos 6,5 tgt 6,9 want SOUTH
V527I SEALNT 577 ph 5 fwd 1 hv 2
RC POS 577 id 3 seat 0 role raid fs 1 body 1 pos 7,3 stuck 0
RC POS 577 id 10 seat 3 role raid fs 1 body 2 pos 6,5 stuck 1136
RC WALK 577 id 10 role raid pos 6,5 tgt 6,9 want SOUTH
V527I SEALNT 578 ph 5 fwd 1 hv 2
RC POS 578 id 3 seat 0 role raid fs 1 body 1 pos 7,4 stuck 0
RC WALK 578 id 3 role raid pos 7,4 tgt 6,9 want NORTH
RC POS 578 id 10 seat 3 role raid fs 1 body 2 pos 6,5 stuck 1138
RC WALK 578 id 10 role raid pos 6,5 tgt 6,9 want SOUTH
V527I SEALNT 579 ph 5 fwd 1 hv 2
RC POS 579 id 3 seat 0 role raid fs 1 body 1 pos 7,3 stuck 0
RC POS 579 id 10 seat 3 role raid fs 1 body 2 pos 6,5 stuck 1140
RC WALK 579 id 10 role raid pos 6,5 tgt 6,9 want SOUTH
V527I SEALNT 580 ph 5 fwd 1 hv 2
RC POS 580 id 3 seat 0 role raid fs 1 body 1 pos 7,4 stuck 0
RC WALK 580 id 3 role raid pos 7,4 tgt 6,9 want NORTH
RC POS 580 id 10 seat 3 role raid fs 1 body 2 pos 6,5 stuck 1142
RC WALK 580 id 10 role raid pos 6,5 tgt 6,9 want SOUTH
V527I SEALNT 581 ph 5 fwd 1 hv 2
RC POS 581 id 3 seat 0 role raid fs 1 body 1 pos 7,3 stuck 0
RC POS 581 id 10 seat 3 role raid fs 1 body 2 pos 6,5 stuck 1144
RC WALK 581 id 10 role raid pos 6,5 tgt 5,6 want WEST
V527I SEALNT 582 ph 5 fwd 1 hv 2
RC POS 582 id 3 seat 0 role raid fs 1 body 1 pos 7,4 stuck 0
RC WALK 582 id 3 role raid pos 7,4 tgt 5,6 want NORTH
RC POS 582 id 10 seat 3 role raid fs 1 body 2 pos 6,5 stuck 1146
RC WALK 582 id 10 role raid pos 6,5 tgt 5,6 want WEST
V527I SEALNT 583 ph 5 fwd 1 hv 2
RC POS 583 id 3 seat 0 role raid fs 1 body 1 pos 7,3 stuck 0
RC POS 583 id 10 seat 3 role raid fs 1 body 2 pos 6,5 stuck 1148
RC WALK 583 id 10 role raid pos 6,5 tgt 5,6 want WEST
V527I SEALNT 584 ph 5 fwd 1 hv 2
RC POS 584 id 3 seat 0 role raid fs 1 body 1 pos 7,4 stuck 0
RC WALK 584 id 3 role raid pos 7,4 tgt 5,6 want NORTH
RC POS 584 id 10 seat 3 role raid fs 1 body 2 pos 6,5 stuck 1150
RC WALK 584 id 10 role raid pos 6,5 tgt 5,6 want WEST
V527I SEALNT 585 ph 5 fwd 1 hv 2
RC POS 585 id 3 seat 0 role raid fs 1 body 1 pos 7,3 stuck 0
RC POS 585 id 10 seat 3 role raid fs 1 body 2 pos 6,5 stuck 1152
RC WALK 585 id 10 role raid pos 6,5 tgt 5,6 want WEST
V527I SEALNT 586 ph 5 fwd 1 hv 2
RC POS 586 id 3 seat 0 role raid fs 1 body 1 pos 7,4 stuck 0
RC WALK 586 id 3 role raid pos 7,4 tgt 5,6 want NORTH
RC POS 586 id 10 seat 3 role raid fs 1 body 2 pos 6,5 stuck 1154
RC WALK 586 id 10 role raid pos 6,5 tgt 4,6 want WEST
V527I SEALNT 587 ph 5 fwd 1 hv 2
RC POS 587 id 3 seat 0 role raid fs 1 body 1 pos 7,3 stuck 0
RC POS 587 id 10 seat 3 role raid fs 1 body 2 pos 6,5 stuck 1156
RC WALK 587 id 10 role raid pos 6,5 tgt 6,9 want SOUTH
V527I SEALNT 588 ph 5 fwd 1 hv 2
RC POS 588 id 3 seat 0 role raid fs 1 body 1 pos 7,4 stuck 0
RC WALK 588 id 3 role raid pos 7,4 tgt 6,9 want NORTH
RC POS 588 id 10 seat 3 role raid fs 1 body 2 pos 6,5 stuck 1158
RC WALK 588 id 10 role raid pos 6,5 tgt 6,9 want SOUTH
V527I SEALNT 589 ph 5 fwd 1 hv 2
RC POS 589 id 3 seat 0 role raid fs 1 body 1 pos 7,3 stuck 0
RC POS 589 id 10 seat 3 role raid fs 1 body 2 pos 6,5 stuck 1160
RC WALK 589 id 10 role raid pos 6,5 tgt 6,9 want SOUTH
V527I SEALNT 590 ph 5 fwd 1 hv 2
RC POS 590 id 3 seat 0 role raid fs 1 body 1 pos 7,4 stuck 0
RC WALK 590 id 3 role raid pos 7,4 tgt 6,9 want NORTH
RC POS 590 id 10 seat 3 role raid fs 1 body 2 pos 6,5 stuck 1162
RC WALK 590 id 10 role raid pos 6,5 tgt 6,9 want SOUTH
V527I SEALNT 591 ph 5 fwd 1 hv 2
RC POS 591 id 3 seat 0 role raid fs 1 body 1 pos 7,3 stuck 0
RC POS 591 id 10 seat 3 role raid fs 1 body 2 pos 6,5 stuck 1164
RC WALK 591 id 10 role raid pos 6,5 tgt 6,9 want SOUTH
V527I SEALNT 592 ph 5 fwd 1 hv 2
RC POS 592 id 3 seat 0 role raid fs 1 body 1 pos 7,4 stuck 0
RC WALK 592 id 3 role raid pos 7,4 tgt 6,9 want NORTH
RC POS 592 id 10 seat 3 role raid fs 1 body 2 pos 6,5 stuck 1166
RC WALK 592 id 10 role raid pos 6,5 tgt 6,9 want SOUTH
V527I SEALNT 593 ph 5 fwd 1 hv 2
RC POS 593 id 3 seat 0 role raid fs 1 body 1 pos 7,3 stuck 0
RC POS 593 id 10 seat 3 role raid fs 1 body 2 pos 6,5 stuck 1168
RC WALK 593 id 10 role raid pos 6,5 tgt 6,9 want SOUTH
V527I SEALNT 594 ph 5 fwd 1 hv 2
RC POS 594 id 3 seat 0 role raid fs 1 body 1 pos 7,4 stuck 0
RC WALK 594 id 3 role raid pos 7,4 tgt 6,9 want NORTH
RC POS 594 id 10 seat 3 role raid fs 1 body 2 pos 6,5 stuck 1170
RC WALK 594 id 10 role raid pos 6,5 tgt 6,9 want SOUTH
V527I SEALNT 595 ph 5 fwd 1 hv 2
RC POS 595 id 3 seat 0 role raid fs 1 body 1 pos 7,3 stuck 0
RC POS 595 id 10 seat 3 role raid fs 1 body 2 pos 6,5 stuck 1172
RC WALK 595 id 10 role raid pos 6,5 tgt 6,9 want SOUTH
V527I SEALNT 596 ph 5 fwd 1 hv 2
RC POS 596 id 3 seat 0 role raid fs 1 body 1 pos 7,4 stuck 0
RC WALK 596 id 3 role raid pos 7,4 tgt 6,9 want NORTH
RC POS 596 id 10 seat 3 role raid fs 1 body 2 pos 6,5 stuck 1174
RC WALK 596 id 10 role raid pos 6,5 tgt 6,9 want SOUTH
V527I SEALNT 597 ph 5 fwd 1 hv 2
RC POS 597 id 3 seat 0 role raid fs 1 body 1 pos 7,3 stuck 0
RC POS 597 id 10 seat 3 role raid fs 1 body 2 pos 6,5 stuck 1176
RC WALK 597 id 10 role raid pos 6,5 tgt 6,9 want SOUTH
V527I SEALNT 598 ph 5 fwd 1 hv 2
RC POS 598 id 3 seat 0 role raid fs 1 body 1 pos 7,4 stuck 0
RC WALK 598 id 3 role raid pos 7,4 tgt 6,9 want NORTH
RC POS 598 id 10 seat 3 role raid fs 1 body 2 pos 6,5 stuck 1178
RC WALK 598 id 10 role raid pos 6,5 tgt 6,9 want SOUTH
V527I SEALNT 599 ph 5 fwd 1 hv 2
RC POS 599 id 3 seat 0 role raid fs 1 body 1 pos 7,3 stuck 0
RC POS 599 id 10 seat 3 role raid fs 1 body 2 pos 6,5 stuck 1180
RC WALK 599 id 10 role raid pos 6,5 tgt 6,9 want SOUTH
V527I SEALNT 600 ph 5 fwd 1 hv 2
RC POS 600 id 3 seat 0 role raid fs 1 body 1 pos 7,4 stuck 0
RC WALK 600 id 3 role raid pos 7,4 tgt 6,9 want NORTH
RC POS 600 id 10 seat 3 role raid fs 1 body 2 pos 6,5 stuck 1182
RC WALK 600 id 10 role raid pos 6,5 tgt 6,9 want SOUTH
V527I SEALNT 601 ph 5 fwd 1 hv 2
RC POS 601 id 3 seat 0 role raid fs 1 body 1 pos 7,3 stuck 0
RC POS 601 id 10 seat 3 role raid fs 1 body 2 pos 6,5 stuck 1184
RC WALK 601 id 10 role raid pos 6,5 tgt 5,6 want WEST
V527I SEALNT 602 ph 5 fwd 1 hv 2
RC POS 602 id 3 seat 0 role raid fs 1 body 1 pos 7,4 stuck 0
RC WALK 602 id 3 role raid pos 7,4 tgt 5,6 want NORTH
RC POS 602 id 10 seat 3 role raid fs 1 body 2 pos 6,5 stuck 1186
RC WALK 602 id 10 role raid pos 6,5 tgt 5,6 want WEST
V527I SEALNT 603 ph 5 fwd 1 hv 2
RC POS 603 id 3 seat 0 role raid fs 1 body 1 pos 7,3 stuck 0
RC POS 603 id 10 seat 3 role raid fs 1 body 2 pos 6,5 stuck 1188
RC WALK 603 id 10 role raid pos 6,5 tgt 5,6 want WEST
V527I SEALNT 604 ph 5 fwd 1 hv 2
RC POS 604 id 3 seat 0 role raid fs 1 body 1 pos 7,4 stuck 0
RC WALK 604 id 3 role raid pos 7,4 tgt 5,6 want NORTH
RC POS 604 id 10 seat 3 role raid fs 1 body 2 pos 6,5 stuck 1190
RC WALK 604 id 10 role raid pos 6,5 tgt 5,6 want WEST
V527I SEALNT 605 ph 5 fwd 1 hv 2
RC POS 605 id 3 seat 0 role raid fs 1 body 1 pos 7,3 stuck 0
RC POS 605 id 10 seat 3 role raid fs 1 body 2 pos 6,5 stuck 1192
RC WALK 605 id 10 role raid pos 6,5 tgt 5,6 want WEST
V527I SEALNT 606 ph 5 fwd 1 hv 2
RC POS 606 id 3 seat 0 role raid fs 1 body 1 pos 7,4 stuck 0
RC WALK 606 id 3 role raid pos 7,4 tgt 5,6 want NORTH
RC POS 606 id 10 seat 3 role raid fs 1 body 2 pos 6,5 stuck 1194
RC WALK 606 id 10 role raid pos 6,5 tgt 5,6 want WEST
V527I SEALNT 607 ph 5 fwd 1 hv 2
RC POS 607 id 3 seat 0 role raid fs 1 body 1 pos 7,3 stuck 0
RC POS 607 id 10 seat 3 role raid fs 1 body 2 pos 6,5 stuck 1196
RC WALK 607 id 10 role raid pos 6,5 tgt 6,9 want SOUTH
V527I SEALNT 608 ph 5 fwd 1 hv 2
RC POS 608 id 3 seat 0 role raid fs 1 body 1 pos 7,4 stuck 0
RC WALK 608 id 3 role raid pos 7,4 tgt 6,9 want NORTH
RC POS 608 id 10 seat 3 role raid fs 1 body 2 pos 6,5 stuck 1198
RC WALK 608 id 10 role raid pos 6,5 tgt 6,9 want SOUTH
V527I SEALNT 609 ph 5 fwd 1 hv 2
RC POS 609 id 3 seat 0 role raid fs 1 body 1 pos 7,3 stuck 0
RC POS 609 id 10 seat 3 role raid fs 1 body 2 pos 6,5 stuck 1200
RC WALK 609 id 10 role raid pos 6,5 tgt 6,9 want SOUTH
V527I SEALNT 610 ph 5 fwd 1 hv 2
RC POS 610 id 3 seat 0 role raid fs 1 body 1 pos 7,4 stuck 0
RC WALK 610 id 3 role raid pos 7,4 tgt 6,9 want NORTH
RC POS 610 id 10 seat 3 role raid fs 1 body 2 pos 6,5 stuck 1202
RC WALK 610 id 10 role raid pos 6,5 tgt 6,9 want SOUTH
V527I SEALNT 611 ph 5 fwd 1 hv 2
RC POS 611 id 3 seat 0 role raid fs 1 body 1 pos 7,3 stuck 0
RC POS 611 id 10 seat 3 role raid fs 1 body 2 pos 6,5 stuck 1204
RC WALK 611 id 10 role raid pos 6,5 tgt 6,9 want SOUTH
V527I SEALNT 612 ph 5 fwd 1 hv 2
RC POS 612 id 3 seat 0 role raid fs 1 body 1 pos 7,4 stuck 0
RC WALK 612 id 3 role raid pos 7,4 tgt 6,9 want NORTH
RC POS 612 id 10 seat 3 role raid fs 1 body 2 pos 6,5 stuck 1206
RC WALK 612 id 10 role raid pos 6,5 tgt 6,9 want SOUTH
V527I SEALNT 613 ph 5 fwd 1 hv 2
RC POS 613 id 3 seat 0 role raid fs 1 body 1 pos 7,3 stuck 0
RC POS 613 id 10 seat 3 role raid fs 1 body 2 pos 6,5 stuck 1208
RC WALK 613 id 10 role raid pos 6,5 tgt 6,9 want SOUTH
V527I SEALNT 614 ph 5 fwd 1 hv 2
RC POS 614 id 3 seat 0 role raid fs 1 body 1 pos 7,4 stuck 0
RC WALK 614 id 3 role raid pos 7,4 tgt 6,9 want NORTH
RC POS 614 id 10 seat 3 role raid fs 1 body 2 pos 6,5 stuck 1210
RC WALK 614 id 10 role raid pos 6,5 tgt 6,9 want SOUTH
V527I SEALNT 615 ph 5 fwd 1 hv 2
RC POS 615 id 3 seat 0 role raid fs 1 body 1 pos 7,3 stuck 0
RC POS 615 id 10 seat 3 role raid fs 1 body 2 pos 6,5 stuck 1212
RC WALK 615 id 10 role raid pos 6,5 tgt 6,9 want SOUTH
V527I SEALNT 616 ph 5 fwd 1 hv 2
RC POS 616 id 3 seat 0 role raid fs 1 body 1 pos 7,4 stuck 0
RC WALK 616 id 3 role raid pos 7,4 tgt 6,9 want NORTH
RC POS 616 id 10 seat 3 role raid fs 1 body 2 pos 6,5 stuck 1214
RC WALK 616 id 10 role raid pos 6,5 tgt 6,9 want SOUTH
V527I SEALNT 617 ph 5 fwd 1 hv 2
RC POS 617 id 3 seat 0 role raid fs 1 body 1 pos 7,3 stuck 0
RC POS 617 id 10 seat 3 role raid fs 1 body 2 pos 6,5 stuck 1216
RC WALK 617 id 10 role raid pos 6,5 tgt 6,9 want SOUTH
V527I SEALNT 618 ph 5 fwd 1 hv 2
RC POS 618 id 3 seat 0 role raid fs 1 body 1 pos 7,4 stuck 0
RC WALK 618 id 3 role raid pos 7,4 tgt 6,9 want NORTH
RC POS 618 id 10 seat 3 role raid fs 1 body 2 pos 6,5 stuck 1218
RC WALK 618 id 10 role raid pos 6,5 tgt 6,9 want SOUTH
V527I SEALNT 619 ph 5 fwd 1 hv 2
RC POS 619 id 3 seat 0 role raid fs 1 body 1 pos 7,3 stuck 0
RC POS 619 id 10 seat 3 role raid fs 1 body 2 pos 6,5 stuck 1220
RC WALK 619 id 10 role raid pos 6,5 tgt 6,9 want SOUTH
V527I SEALNT 620 ph 5 fwd 1 hv 2
RC POS 620 id 3 seat 0 role raid fs 1 body 1 pos 7,4 stuck 0
RC WALK 620 id 3 role raid pos 7,4 tgt 6,9 want NORTH
RC POS 620 id 10 seat 3 role raid fs 1 body 2 pos 6,5 stuck 1222
RC WALK 620 id 10 role raid pos 6,5 tgt 6,9 want SOUTH
V527I SEALNT 621 ph 5 fwd 1 hv 2
RC POS 621 id 3 seat 0 role raid fs 1 body 1 pos 7,3 stuck 0
RC POS 621 id 10 seat 3 role raid fs 1 body 2 pos 6,5 stuck 1224
RC WALK 621 id 10 role raid pos 6,5 tgt 5,6 want WEST
V527I SEALNT 622 ph 5 fwd 1 hv 2
RC POS 622 id 3 seat 0 role raid fs 1 body 1 pos 7,4 stuck 0
RC WALK 622 id 3 role raid pos 7,4 tgt 5,6 want NORTH
RC POS 622 id 10 seat 3 role raid fs 1 body 2 pos 6,5 stuck 1226
RC WALK 622 id 10 role raid pos 6,5 tgt 5,6 want WEST
V527I SEALNT 623 ph 5 fwd 1 hv 2
RC POS 623 id 3 seat 0 role raid fs 1 body 1 pos 7,3 stuck 0
RC POS 623 id 10 seat 3 role raid fs 1 body 2 pos 6,5 stuck 1228
RC WALK 623 id 10 role raid pos 6,5 tgt 5,6 want WEST
V527I SEALNT 624 ph 5 fwd 1 hv 2
RC POS 624 id 3 seat 0 role raid fs 1 body 1 pos 7,4 stuck 0
RC WALK 624 id 3 role raid pos 7,4 tgt 5,6 want NORTH
RC POS 624 id 10 seat 3 role raid fs 1 body 2 pos 6,5 stuck 1230
RC WALK 624 id 10 role raid pos 6,5 tgt 5,6 want WEST
V527I SEALNT 625 ph 5 fwd 1 hv 2
RC POS 625 id 3 seat 0 role raid fs 1 body 1 pos 7,3 stuck 0
RC POS 625 id 10 seat 3 role raid fs 1 body 2 pos 6,5 stuck 1232
RC WALK 625 id 10 role raid pos 6,5 tgt 5,6 want WEST
V527I SEALNT 626 ph 5 fwd 1 hv 2
RC POS 626 id 3 seat 0 role raid fs 1 body 1 pos 7,4 stuck 0
RC WALK 626 id 3 role raid pos 7,4 tgt 5,6 want NORTH
RC POS 626 id 10 seat 3 role raid fs 1 body 2 pos 6,5 stuck 1234
RC WALK 626 id 10 role raid pos 6,5 tgt 4,6 want WEST
V527I SEALNT 627 ph 5 fwd 1 hv 2
RC POS 627 id 3 seat 0 role raid fs 1 body 1 pos 7,3 stuck 0
RC POS 627 id 10 seat 3 role raid fs 1 body 2 pos 6,5 stuck 1236
RC WALK 627 id 10 role raid pos 6,5 tgt 6,9 want SOUTH
V527I SEALNT 628 ph 5 fwd 1 hv 2
RC POS 628 id 3 seat 0 role raid fs 1 body 1 pos 7,4 stuck 0
RC WALK 628 id 3 role raid pos 7,4 tgt 6,9 want NORTH
RC POS 628 id 10 seat 3 role raid fs 1 body 2 pos 6,5 stuck 1238
RC WALK 628 id 10 role raid pos 6,5 tgt 6,9 want SOUTH
V527I SEALNT 629 ph 5 fwd 1 hv 2
RC POS 629 id 3 seat 0 role raid fs 1 body 1 pos 7,3 stuck 0
RC POS 629 id 10 seat 3 role raid fs 1 body 2 pos 6,5 stuck 1240
RC WALK 629 id 10 role raid pos 6,5 tgt 6,9 want SOUTH
V527I SEALNT 630 ph 5 fwd 1 hv 2
RC POS 630 id 3 seat 0 role raid fs 1 body 1 pos 7,4 stuck 0
RC WALK 630 id 3 role raid pos 7,4 tgt 6,9 want NORTH
RC POS 630 id 10 seat 3 role raid fs 1 body 2 pos 6,5 stuck 1242
RC WALK 630 id 10 role raid pos 6,5 tgt 6,9 want SOUTH
V527I SEALNT 631 ph 5 fwd 1 hv 2
RC POS 631 id 3 seat 0 role raid fs 1 body 1 pos 7,3 stuck 0
RC POS 631 id 10 seat 3 role raid fs 1 body 2 pos 6,5 stuck 1244
RC WALK 631 id 10 role raid pos 6,5 tgt 6,9 want SOUTH
V527I SEALNT 632 ph 5 fwd 1 hv 2
RC POS 632 id 3 seat 0 role raid fs 1 body 1 pos 7,4 stuck 0
RC WALK 632 id 3 role raid pos 7,4 tgt 6,9 want NORTH
RC POS 632 id 10 seat 3 role raid fs 1 body 2 pos 6,5 stuck 1246
RC WALK 632 id 10 role raid pos 6,5 tgt 6,9 want SOUTH
V527I SEALNT 633 ph 5 fwd 1 hv 2
RC POS 633 id 3 seat 0 role raid fs 1 body 1 pos 7,3 stuck 0
RC POS 633 id 10 seat 3 role raid fs 1 body 2 pos 6,5 stuck 1248
RC WALK 633 id 10 role raid pos 6,5 tgt 6,9 want SOUTH
V527I SEALNT 634 ph 5 fwd 1 hv 2
RC POS 634 id 3 seat 0 role raid fs 1 body 1 pos 7,4 stuck 0
RC WALK 634 id 3 role raid pos 7,4 tgt 6,9 want NORTH
RC POS 634 id 10 seat 3 role raid fs 1 body 2 pos 6,5 stuck 1250
RC WALK 634 id 10 role raid pos 6,5 tgt 6,9 want SOUTH
V527I SEALNT 635 ph 5 fwd 1 hv 2
RC POS 635 id 3 seat 0 role raid fs 1 body 1 pos 7,3 stuck 0
RC POS 635 id 10 seat 3 role raid fs 1 body 2 pos 6,5 stuck 1252
RC WALK 635 id 10 role raid pos 6,5 tgt 6,9 want SOUTH
V527I SEALNT 636 ph 5 fwd 1 hv 2
RC POS 636 id 3 seat 0 role raid fs 1 body 1 pos 7,4 stuck 0
RC WALK 636 id 3 role raid pos 7,4 tgt 6,9 want NORTH
RC POS 636 id 10 seat 3 role raid fs 1 body 2 pos 6,5 stuck 1254
RC WALK 636 id 10 role raid pos 6,5 tgt 6,9 want SOUTH
V527I SEALNT 637 ph 5 fwd 1 hv 2
RC POS 637 id 3 seat 0 role raid fs 1 body 1 pos 7,3 stuck 0
RC POS 637 id 10 seat 3 role raid fs 1 body 2 pos 6,5 stuck 1256
RC WALK 637 id 10 role raid pos 6,5 tgt 6,9 want SOUTH
V527I SEALNT 638 ph 5 fwd 1 hv 2
RC POS 638 id 3 seat 0 role raid fs 1 body 1 pos 7,4 stuck 0
RC WALK 638 id 3 role raid pos 7,4 tgt 6,9 want NORTH
RC POS 638 id 10 seat 3 role raid fs 1 body 2 pos 6,5 stuck 1258
RC WALK 638 id 10 role raid pos 6,5 tgt 6,9 want SOUTH
V527I SEALNT 639 ph 5 fwd 1 hv 2
RC POS 639 id 3 seat 0 role raid fs 1 body 1 pos 7,3 stuck 0
RC POS 639 id 10 seat 3 role raid fs 1 body 2 pos 6,5 stuck 1260
RC WALK 639 id 10 role raid pos 6,5 tgt 6,9 want SOUTH
V527I SEALNT 640 ph 5 fwd 1 hv 2
RC POS 640 id 3 seat 0 role raid fs 1 body 1 pos 7,4 stuck 0
RC WALK 640 id 3 role raid pos 7,4 tgt 6,9 want NORTH
RC POS 640 id 10 seat 3 role raid fs 1 body 2 pos 6,5 stuck 1262
RC WALK 640 id 10 role raid pos 6,5 tgt 6,9 want SOUTH
V527I SEALNT 641 ph 5 fwd 1 hv 2
RC POS 641 id 3 seat 0 role raid fs 1 body 1 pos 7,3 stuck 0
RC POS 641 id 10 seat 3 role raid fs 1 body 2 pos 6,5 stuck 1264
RC WALK 641 id 10 role raid pos 6,5 tgt 5,6 want WEST
V527I SEALNT 642 ph 5 fwd 1 hv 2
RC POS 642 id 3 seat 0 role raid fs 1 body 1 pos 7,4 stuck 0
RC WALK 642 id 3 role raid pos 7,4 tgt 5,6 want NORTH
RC POS 642 id 10 seat 3 role raid fs 1 body 2 pos 6,5 stuck 1266
RC WALK 642 id 10 role raid pos 6,5 tgt 5,6 want WEST
V527I SEALNT 643 ph 5 fwd 1 hv 2
RC POS 643 id 3 seat 0 role raid fs 1 body 1 pos 7,3 stuck 0
RC POS 643 id 10 seat 3 role raid fs 1 body 2 pos 6,5 stuck 1268
RC WALK 643 id 10 role raid pos 6,5 tgt 5,6 want WEST
V527I SEALNT 644 ph 5 fwd 1 hv 2
RC POS 644 id 3 seat 0 role raid fs 1 body 1 pos 7,4 stuck 0
RC WALK 644 id 3 role raid pos 7,4 tgt 5,6 want NORTH
RC POS 644 id 10 seat 3 role raid fs 1 body 2 pos 6,5 stuck 1270
RC WALK 644 id 10 role raid pos 6,5 tgt 5,6 want WEST
RC POS 644 id 13 seat 4 role defend fs 0 body 1 pos 3,4 stuck 639
RC WALK 644 id 13 role defend pos 3,4 tgt 2,6 want WEST
V527I SEALNT 645 ph 5 fwd 1 hv 2
RC POS 645 id 3 seat 0 role raid fs 1 body 1 pos 7,3 stuck 0
RC POS 645 id 10 seat 3 role raid fs 1 body 2 pos 6,5 stuck 1272
RC WALK 645 id 10 role raid pos 6,5 tgt 5,6 want WEST
V527I SEALNT 646 ph 5 fwd 1 hv 2
RC POS 646 id 3 seat 0 role raid fs 1 body 1 pos 7,4 stuck 0
RC WALK 646 id 3 role raid pos 7,4 tgt 5,6 want NORTH
RC POS 646 id 10 seat 3 role raid fs 1 body 2 pos 6,5 stuck 1274
RC WALK 646 id 10 role raid pos 6,5 tgt 5,6 want WEST
V527I SEALNT 647 ph 5 fwd 1 hv 2
RC POS 647 id 3 seat 0 role raid fs 1 body 1 pos 7,3 stuck 0
RC POS 647 id 10 seat 3 role raid fs 1 body 2 pos 6,5 stuck 1276
RC WALK 647 id 10 role raid pos 6,5 tgt 6,9 want SOUTH
V527I SEALNT 648 ph 5 fwd 1 hv 2
RC POS 648 id 3 seat 0 role raid fs 1 body 1 pos 7,4 stuck 0
RC WALK 648 id 3 role raid pos 7,4 tgt 6,9 want NORTH
RC POS 648 id 10 seat 3 role raid fs 1 body 2 pos 6,5 stuck 1278
RC WALK 648 id 10 role raid pos 6,5 tgt 6,9 want SOUTH
V527I SEALNT 649 ph 5 fwd 1 hv 2
RC POS 649 id 3 seat 0 role raid fs 1 body 1 pos 7,3 stuck 0
RC POS 649 id 10 seat 3 role raid fs 1 body 2 pos 6,5 stuck 1280
RC WALK 649 id 10 role raid pos 6,5 tgt 6,9 want SOUTH
V527I SEALNT 650 ph 5 fwd 1 hv 2
RC POS 650 id 3 seat 0 role raid fs 1 body 1 pos 7,4 stuck 0
RC WALK 650 id 3 role raid pos 7,4 tgt 6,9 want NORTH
RC POS 650 id 10 seat 3 role raid fs 1 body 2 pos 6,5 stuck 1282
RC WALK 650 id 10 role raid pos 6,5 tgt 6,9 want SOUTH
V527I SEALNT 651 ph 5 fwd 1 hv 2
RC POS 651 id 3 seat 0 role raid fs 1 body 1 pos 7,3 stuck 0
RC POS 651 id 10 seat 3 role raid fs 1 body 2 pos 6,5 stuck 1284
RC WALK 651 id 10 role raid pos 6,5 tgt 6,9 want SOUTH
V527I SEALNT 652 ph 5 fwd 1 hv 2
RC POS 652 id 3 seat 0 role raid fs 1 body 1 pos 7,4 stuck 0
RC WALK 652 id 3 role raid pos 7,4 tgt 6,9 want NORTH
RC POS 652 id 10 seat 3 role raid fs 1 body 2 pos 6,5 stuck 1286
RC WALK 652 id 10 role raid pos 6,5 tgt 6,9 want SOUTH
V527I SEALNT 653 ph 5 fwd 1 hv 2
RC POS 653 id 3 seat 0 role raid fs 1 body 1 pos 7,3 stuck 0
RC POS 653 id 10 seat 3 role raid fs 1 body 2 pos 6,5 stuck 1288
RC WALK 653 id 10 role raid pos 6,5 tgt 6,9 want SOUTH
V527I SEALNT 654 ph 5 fwd 1 hv 2
RC POS 654 id 3 seat 0 role raid fs 1 body 1 pos 7,4 stuck 0
RC WALK 654 id 3 role raid pos 7,4 tgt 6,9 want NORTH
RC POS 654 id 10 seat 3 role raid fs 1 body 2 pos 6,5 stuck 1290
RC WALK 654 id 10 role raid pos 6,5 tgt 6,9 want SOUTH
V527I SEALNT 655 ph 5 fwd 1 hv 2
RC POS 655 id 3 seat 0 role raid fs 1 body 1 pos 7,3 stuck 0
RC POS 655 id 10 seat 3 role raid fs 1 body 2 pos 6,5 stuck 1292
RC WALK 655 id 10 role raid pos 6,5 tgt 6,9 want SOUTH
V527I SEALNT 656 ph 5 fwd 1 hv 2
RC POS 656 id 3 seat 0 role raid fs 1 body 1 pos 7,4 stuck 0
RC WALK 656 id 3 role raid pos 7,4 tgt 6,9 want NORTH
RC POS 656 id 10 seat 3 role raid fs 1 body 2 pos 6,5 stuck 1294
RC WALK 656 id 10 role raid pos 6,5 tgt 6,9 want SOUTH
V527I SEALNT 657 ph 5 fwd 1 hv 2
RC POS 657 id 3 seat 0 role raid fs 1 body 1 pos 7,3 stuck 0
RC POS 657 id 10 seat 3 role raid fs 1 body 2 pos 6,5 stuck 1296
RC WALK 657 id 10 role raid pos 6,5 tgt 6,9 want SOUTH
V527I SEALNT 658 ph 5 fwd 1 hv 2
RC POS 658 id 3 seat 0 role raid fs 1 body 1 pos 7,4 stuck 0
RC WALK 658 id 3 role raid pos 7,4 tgt 6,9 want NORTH
RC POS 658 id 10 seat 3 role raid fs 1 body 2 pos 6,5 stuck 1298
RC WALK 658 id 10 role raid pos 6,5 tgt 6,9 want SOUTH
V527I SEALNT 659 ph 5 fwd 1 hv 2
RC POS 659 id 3 seat 0 role raid fs 1 body 1 pos 7,3 stuck 0
RC POS 659 id 10 seat 3 role raid fs 1 body 2 pos 6,5 stuck 1300
RC WALK 659 id 10 role raid pos 6,5 tgt 6,9 want SOUTH
V527I SEALNT 660 ph 5 fwd 1 hv 2
RC POS 660 id 3 seat 0 role raid fs 1 body 1 pos 7,4 stuck 0
RC WALK 660 id 3 role raid pos 7,4 tgt 6,9 want NORTH
RC POS 660 id 10 seat 3 role raid fs 1 body 2 pos 6,5 stuck 1302
RC WALK 660 id 10 role raid pos 6,5 tgt 6,9 want SOUTH
V527I SEALNT 661 ph 5 fwd 1 hv 2
RC POS 661 id 3 seat 0 role raid fs 1 body 1 pos 7,3 stuck 0
RC POS 661 id 10 seat 3 role raid fs 1 body 2 pos 6,5 stuck 1304
RC WALK 661 id 10 role raid pos 6,5 tgt 6,9 want SOUTH
V527I SEALNT 662 ph 5 fwd 1 hv 2
RC POS 662 id 3 seat 0 role raid fs 1 body 1 pos 7,4 stuck 0
RC WALK 662 id 3 role raid pos 7,4 tgt 6,9 want NORTH
RC POS 662 id 10 seat 3 role raid fs 1 body 2 pos 6,5 stuck 1306
RC WALK 662 id 10 role raid pos 6,5 tgt 6,9 want SOUTH
V527I SEALNT 663 ph 5 fwd 1 hv 2
RC POS 663 id 3 seat 0 role raid fs 1 body 1 pos 7,3 stuck 0
RC POS 663 id 10 seat 3 role raid fs 1 body 2 pos 6,5 stuck 1308
RC WALK 663 id 10 role raid pos 6,5 tgt 6,9 want SOUTH
V527I SEALNT 664 ph 5 fwd 1 hv 2
RC POS 664 id 3 seat 0 role raid fs 1 body 1 pos 7,4 stuck 0
RC WALK 664 id 3 role raid pos 7,4 tgt 6,9 want NORTH
RC POS 664 id 10 seat 3 role raid fs 1 body 2 pos 6,5 stuck 1310
RC WALK 664 id 10 role raid pos 6,5 tgt 6,9 want SOUTH
RC POS 664 id 13 seat 4 role defend fs 0 body 1 pos 2,4 stuck 19
RC WALK 664 id 13 role defend pos 2,4 tgt 4,6 want EAST
V527I SEALNT 665 ph 5 fwd 1 hv 2
RC POS 665 id 3 seat 0 role raid fs 1 body 1 pos 7,3 stuck 0
RC POS 665 id 10 seat 3 role raid fs 1 body 2 pos 6,5 stuck 1312
RC WALK 665 id 10 role raid pos 6,5 tgt 5,6 want WEST
V527I SEALNT 666 ph 5 fwd 1 hv 2
RC POS 666 id 3 seat 0 role raid fs 1 body 1 pos 7,4 stuck 0
RC WALK 666 id 3 role raid pos 7,4 tgt 5,6 want NORTH
RC POS 666 id 10 seat 3 role raid fs 1 body 2 pos 6,5 stuck 1314
RC WALK 666 id 10 role raid pos 6,5 tgt 5,6 want WEST
V527I SEALNT 667 ph 5 fwd 1 hv 2
RC POS 667 id 3 seat 0 role raid fs 1 body 1 pos 7,3 stuck 0
RC POS 667 id 10 seat 3 role raid fs 1 body 2 pos 6,5 stuck 1316
RC WALK 667 id 10 role raid pos 6,5 tgt 5,6 want WEST
V527I SEALNT 668 ph 5 fwd 1 hv 2
RC POS 668 id 3 seat 0 role raid fs 1 body 1 pos 7,4 stuck 0
RC WALK 668 id 3 role raid pos 7,4 tgt 5,6 want NORTH
RC POS 668 id 10 seat 3 role raid fs 1 body 2 pos 6,5 stuck 1318
RC WALK 668 id 10 role raid pos 6,5 tgt 5,6 want WEST
V527I SEALNT 669 ph 5 fwd 1 hv 2
RC POS 669 id 3 seat 0 role raid fs 1 body 1 pos 7,3 stuck 0
RC POS 669 id 10 seat 3 role raid fs 1 body 2 pos 6,5 stuck 1320
RC WALK 669 id 10 role raid pos 6,5 tgt 5,6 want WEST
V527I SEALNT 670 ph 5 fwd 1 hv 2
RC POS 670 id 3 seat 0 role raid fs 1 body 1 pos 7,4 stuck 0
RC WALK 670 id 3 role raid pos 7,4 tgt 5,6 want NORTH
RC POS 670 id 10 seat 3 role raid fs 1 body 2 pos 6,5 stuck 1322
RC WALK 670 id 10 role raid pos 6,5 tgt 5,6 want WEST
V527I SEALNT 671 ph 5 fwd 1 hv 2
RC POS 671 id 3 seat 0 role raid fs 1 body 1 pos 7,3 stuck 0
RC POS 671 id 10 seat 3 role raid fs 1 body 2 pos 6,5 stuck 1324
RC WALK 671 id 10 role raid pos 6,5 tgt 6,9 want SOUTH
V527I SEALNT 672 ph 5 fwd 1 hv 2
RC POS 672 id 3 seat 0 role raid fs 1 body 1 pos 7,4 stuck 0
RC WALK 672 id 3 role raid pos 7,4 tgt 6,9 want NORTH
RC POS 672 id 10 seat 3 role raid fs 1 body 2 pos 6,5 stuck 1326
RC WALK 672 id 10 role raid pos 6,5 tgt 6,9 want SOUTH
V527I SEALNT 673 ph 5 fwd 1 hv 2
RC POS 673 id 3 seat 0 role raid fs 1 body 1 pos 7,3 stuck 0
RC POS 673 id 10 seat 3 role raid fs 1 body 2 pos 6,5 stuck 1328
RC WALK 673 id 10 role raid pos 6,5 tgt 6,9 want SOUTH
V527I SEALNT 674 ph 5 fwd 1 hv 2
RC POS 674 id 3 seat 0 role raid fs 1 body 1 pos 7,4 stuck 0
RC WALK 674 id 3 role raid pos 7,4 tgt 6,9 want NORTH
RC POS 674 id 10 seat 3 role raid fs 1 body 2 pos 6,5 stuck 1330
RC WALK 674 id 10 role raid pos 6,5 tgt 6,9 want SOUTH
V527I SEALNT 675 ph 5 fwd 1 hv 2
RC POS 675 id 3 seat 0 role raid fs 1 body 1 pos 7,3 stuck 0
RC POS 675 id 10 seat 3 role raid fs 1 body 2 pos 6,5 stuck 1332
RC WALK 675 id 10 role raid pos 6,5 tgt 6,9 want SOUTH
V527I SEALNT 676 ph 5 fwd 1 hv 2
RC POS 676 id 3 seat 0 role raid fs 1 body 1 pos 7,4 stuck 0
RC WALK 676 id 3 role raid pos 7,4 tgt 6,9 want NORTH
RC POS 676 id 10 seat 3 role raid fs 1 body 2 pos 6,5 stuck 1334
RC WALK 676 id 10 role raid pos 6,5 tgt 6,9 want SOUTH
V527I SEALNT 677 ph 5 fwd 1 hv 2
RC POS 677 id 3 seat 0 role raid fs 1 body 1 pos 7,3 stuck 0
RC POS 677 id 10 seat 3 role raid fs 1 body 2 pos 6,5 stuck 1336
RC WALK 677 id 10 role raid pos 6,5 tgt 6,9 want SOUTH
V527I SEALNT 678 ph 5 fwd 1 hv 2
RC POS 678 id 3 seat 0 role raid fs 1 body 1 pos 7,4 stuck 0
RC WALK 678 id 3 role raid pos 7,4 tgt 6,9 want NORTH
RC POS 678 id 10 seat 3 role raid fs 1 body 2 pos 6,5 stuck 1338
RC WALK 678 id 10 role raid pos 6,5 tgt 6,9 want SOUTH
V527I SEALNT 679 ph 5 fwd 1 hv 2
RC POS 679 id 3 seat 0 role raid fs 1 body 1 pos 7,3 stuck 0
RC POS 679 id 10 seat 3 role raid fs 1 body 2 pos 6,5 stuck 1340
RC WALK 679 id 10 role raid pos 6,5 tgt 6,9 want SOUTH
V527I SEALNT 680 ph 5 fwd 1 hv 2
RC POS 680 id 3 seat 0 role raid fs 1 body 1 pos 7,4 stuck 0
RC WALK 680 id 3 role raid pos 7,4 tgt 6,9 want NORTH
RC POS 680 id 10 seat 3 role raid fs 1 body 2 pos 6,5 stuck 1342
RC WALK 680 id 10 role raid pos 6,5 tgt 6,9 want SOUTH
V527I SEALNT 681 ph 5 fwd 1 hv 2
RC POS 681 id 3 seat 0 role raid fs 1 body 1 pos 7,3 stuck 0
RC POS 681 id 10 seat 3 role raid fs 1 body 2 pos 6,5 stuck 1344
RC WALK 681 id 10 role raid pos 6,5 tgt 6,9 want SOUTH
V527I SEALNT 682 ph 5 fwd 1 hv 2
RC POS 682 id 3 seat 0 role raid fs 1 body 1 pos 7,4 stuck 0
RC WALK 682 id 3 role raid pos 7,4 tgt 6,9 want NORTH
RC POS 682 id 10 seat 3 role raid fs 1 body 2 pos 6,5 stuck 1346
RC WALK 682 id 10 role raid pos 6,5 tgt 6,9 want SOUTH
V527I SEALNT 683 ph 5 fwd 1 hv 2
RC POS 683 id 3 seat 0 role raid fs 1 body 1 pos 7,3 stuck 0
RC POS 683 id 10 seat 3 role raid fs 1 body 2 pos 6,5 stuck 1348
RC WALK 683 id 10 role raid pos 6,5 tgt 6,9 want SOUTH
V527I SEALNT 684 ph 5 fwd 1 hv 2
RC POS 684 id 3 seat 0 role raid fs 1 body 1 pos 7,4 stuck 0
RC WALK 684 id 3 role raid pos 7,4 tgt 6,9 want NORTH
RC POS 684 id 10 seat 3 role raid fs 1 body 2 pos 6,5 stuck 1350
RC WALK 684 id 10 role raid pos 6,5 tgt 6,9 want SOUTH
RC POS 684 id 13 seat 4 role defend fs 0 body 1 pos 3,4 stuck 19
RC WALK 684 id 13 role defend pos 3,4 tgt 4,6 want EAST
V527I SEALNT 685 ph 5 fwd 1 hv 2
RC POS 685 id 3 seat 0 role raid fs 1 body 1 pos 7,3 stuck 0
RC POS 685 id 10 seat 3 role raid fs 1 body 2 pos 6,5 stuck 1352
RC WALK 685 id 10 role raid pos 6,5 tgt 5,6 want WEST
RC POS 685 id 13 seat 4 role defend fs 0 body 1 pos 4,4 stuck 0
RC WALK 685 id 13 role defend pos 4,4 tgt 3,4 want WEST
V527I SEALNT 686 ph 5 fwd 1 hv 2
RC POS 686 id 3 seat 0 role raid fs 1 body 1 pos 7,4 stuck 0
RC WALK 686 id 3 role raid pos 7,4 tgt 5,6 want NORTH
RC POS 686 id 10 seat 3 role raid fs 1 body 2 pos 6,5 stuck 1354
RC WALK 686 id 10 role raid pos 6,5 tgt 5,6 want WEST
V527I SEALNT 687 ph 5 fwd 1 hv 2
RC POS 687 id 3 seat 0 role raid fs 1 body 1 pos 7,3 stuck 0
RC POS 687 id 10 seat 3 role raid fs 1 body 2 pos 6,5 stuck 1356
RC WALK 687 id 10 role raid pos 6,5 tgt 5,6 want WEST
V527I SEALNT 688 ph 5 fwd 1 hv 2
RC POS 688 id 3 seat 0 role raid fs 1 body 1 pos 7,4 stuck 0
RC WALK 688 id 3 role raid pos 7,4 tgt 5,6 want NORTH
RC POS 688 id 10 seat 3 role raid fs 1 body 2 pos 6,5 stuck 1358
RC WALK 688 id 10 role raid pos 6,5 tgt 5,6 want WEST
V527I SEALNT 689 ph 5 fwd 1 hv 2
RC POS 689 id 3 seat 0 role raid fs 1 body 1 pos 7,3 stuck 0
RC POS 689 id 10 seat 3 role raid fs 1 body 2 pos 6,5 stuck 1360
RC WALK 689 id 10 role raid pos 6,5 tgt 5,6 want WEST
V527I SEALNT 690 ph 5 fwd 1 hv 2
RC POS 690 id 3 seat 0 role raid fs 1 body 1 pos 7,4 stuck 0
RC WALK 690 id 3 role raid pos 7,4 tgt 5,6 want NORTH
RC POS 690 id 10 seat 3 role raid fs 1 body 2 pos 6,5 stuck 1362
RC WALK 690 id 10 role raid pos 6,5 tgt 4,6 want WEST
V527I SEALNT 691 ph 5 fwd 1 hv 2
RC POS 691 id 3 seat 0 role raid fs 1 body 1 pos 7,3 stuck 0
RC POS 691 id 10 seat 3 role raid fs 1 body 2 pos 6,5 stuck 1364
RC WALK 691 id 10 role raid pos 6,5 tgt 6,9 want SOUTH
V527I SEALNT 692 ph 5 fwd 1 hv 2
RC POS 692 id 3 seat 0 role raid fs 1 body 1 pos 7,4 stuck 0
RC WALK 692 id 3 role raid pos 7,4 tgt 6,9 want NORTH
RC POS 692 id 10 seat 3 role raid fs 1 body 2 pos 6,5 stuck 1366
RC WALK 692 id 10 role raid pos 6,5 tgt 6,9 want SOUTH
V527I SEALNT 693 ph 5 fwd 1 hv 2
RC POS 693 id 3 seat 0 role raid fs 1 body 1 pos 7,3 stuck 0
RC POS 693 id 10 seat 3 role raid fs 1 body 2 pos 6,5 stuck 1368
RC WALK 693 id 10 role raid pos 6,5 tgt 6,9 want SOUTH
V527I SEALNT 694 ph 5 fwd 1 hv 2
RC POS 694 id 3 seat 0 role raid fs 1 body 1 pos 7,4 stuck 0
RC WALK 694 id 3 role raid pos 7,4 tgt 6,9 want NORTH
RC POS 694 id 10 seat 3 role raid fs 1 body 2 pos 6,5 stuck 1370
RC WALK 694 id 10 role raid pos 6,5 tgt 6,9 want SOUTH
V527I SEALNT 695 ph 5 fwd 1 hv 2
RC POS 695 id 3 seat 0 role raid fs 1 body 1 pos 7,3 stuck 0
RC POS 695 id 10 seat 3 role raid fs 1 body 2 pos 6,5 stuck 1372
RC WALK 695 id 10 role raid pos 6,5 tgt 6,9 want SOUTH
V527I SEALNT 696 ph 5 fwd 1 hv 2
RC POS 696 id 3 seat 0 role raid fs 1 body 1 pos 7,4 stuck 0
RC WALK 696 id 3 role raid pos 7,4 tgt 6,9 want NORTH
RC POS 696 id 10 seat 3 role raid fs 1 body 2 pos 6,5 stuck 1374
RC WALK 696 id 10 role raid pos 6,5 tgt 6,9 want SOUTH
V527I SEALNT 697 ph 5 fwd 1 hv 2
RC POS 697 id 3 seat 0 role raid fs 1 body 1 pos 7,3 stuck 0
RC POS 697 id 10 seat 3 role raid fs 1 body 2 pos 6,5 stuck 1376
RC WALK 697 id 10 role raid pos 6,5 tgt 6,9 want SOUTH
V527I SEALNT 698 ph 5 fwd 1 hv 2
RC POS 698 id 3 seat 0 role raid fs 1 body 1 pos 7,4 stuck 0
RC WALK 698 id 3 role raid pos 7,4 tgt 6,9 want NORTH
RC POS 698 id 10 seat 3 role raid fs 1 body 2 pos 6,5 stuck 1378
RC WALK 698 id 10 role raid pos 6,5 tgt 6,9 want SOUTH
V527I SEALNT 699 ph 5 fwd 1 hv 2
RC POS 699 id 3 seat 0 role raid fs 1 body 1 pos 7,3 stuck 0
RC POS 699 id 10 seat 3 role raid fs 1 body 2 pos 6,5 stuck 1380
RC WALK 699 id 10 role raid pos 6,5 tgt 6,9 want SOUTH
V527I SEALNT 700 ph 5 fwd 1 hv 2
RC POS 700 id 3 seat 0 role raid fs 1 body 1 pos 7,4 stuck 0
RC WALK 700 id 3 role raid pos 7,4 tgt 6,9 want NORTH
RC POS 700 id 10 seat 3 role raid fs 1 body 2 pos 6,5 stuck 1382
RC WALK 700 id 10 role raid pos 6,5 tgt 6,9 want SOUTH
V527I SEALNT 701 ph 5 fwd 1 hv 2
RC POS 701 id 3 seat 0 role raid fs 1 body 1 pos 7,3 stuck 0
RC POS 701 id 10 seat 3 role raid fs 1 body 2 pos 6,5 stuck 1384
RC WALK 701 id 10 role raid pos 6,5 tgt 6,9 want SOUTH
V527I SEALNT 702 ph 5 fwd 1 hv 2
RC POS 702 id 3 seat 0 role raid fs 1 body 1 pos 7,4 stuck 0
RC WALK 702 id 3 role raid pos 7,4 tgt 6,9 want NORTH
RC POS 702 id 10 seat 3 role raid fs 1 body 2 pos 6,5 stuck 1386
RC WALK 702 id 10 role raid pos 6,5 tgt 6,9 want SOUTH
V527I SEALNT 703 ph 5 fwd 1 hv 2
RC POS 703 id 3 seat 0 role raid fs 1 body 1 pos 7,3 stuck 0
RC POS 703 id 10 seat 3 role raid fs 1 body 2 pos 6,5 stuck 1388
RC WALK 703 id 10 role raid pos 6,5 tgt 6,9 want SOUTH
V527I SEALNT 704 ph 5 fwd 1 hv 2
RC POS 704 id 3 seat 0 role raid fs 1 body 1 pos 7,4 stuck 0
RC WALK 704 id 3 role raid pos 7,4 tgt 6,9 want NORTH
RC POS 704 id 10 seat 3 role raid fs 1 body 2 pos 6,5 stuck 1390
RC WALK 704 id 10 role raid pos 6,5 tgt 6,9 want SOUTH
V527I SEALNT 705 ph 5 fwd 1 hv 2
RC POS 705 id 3 seat 0 role raid fs 1 body 1 pos 7,3 stuck 0
RC POS 705 id 10 seat 3 role raid fs 1 body 2 pos 6,5 stuck 1392
RC WALK 705 id 10 role raid pos 6,5 tgt 6,9 want SOUTH
V527I SEALNT 706 ph 5 fwd 1 hv 2
RC POS 706 id 3 seat 0 role raid fs 1 body 1 pos 7,4 stuck 0
RC WALK 706 id 3 role raid pos 7,4 tgt 6,9 want NORTH
RC POS 706 id 10 seat 3 role raid fs 1 body 2 pos 6,5 stuck 1394
RC WALK 706 id 10 role raid pos 6,5 tgt 6,9 want SOUTH
V527I SEALNT 707 ph 5 fwd 1 hv 2
RC POS 707 id 3 seat 0 role raid fs 1 body 1 pos 7,3 stuck 0
RC POS 707 id 10 seat 3 role raid fs 1 body 2 pos 6,5 stuck 1396
RC WALK 707 id 10 role raid pos 6,5 tgt 6,9 want SOUTH
V527I SEALNT 708 ph 5 fwd 1 hv 2
RC POS 708 id 3 seat 0 role raid fs 1 body 1 pos 7,4 stuck 0
RC WALK 708 id 3 role raid pos 7,4 tgt 6,9 want NORTH
RC POS 708 id 10 seat 3 role raid fs 1 body 2 pos 6,5 stuck 1398
RC WALK 708 id 10 role raid pos 6,5 tgt 6,9 want SOUTH
V527I SEALNT 709 ph 5 fwd 1 hv 2
RC POS 709 id 3 seat 0 role raid fs 1 body 1 pos 7,3 stuck 0
RC POS 709 id 10 seat 3 role raid fs 1 body 2 pos 6,5 stuck 1400
RC WALK 709 id 10 role raid pos 6,5 tgt 5,6 want WEST
V527I SEALNT 710 ph 5 fwd 1 hv 2
RC POS 710 id 3 seat 0 role raid fs 1 body 1 pos 7,4 stuck 0
RC WALK 710 id 3 role raid pos 7,4 tgt 5,6 want NORTH
RC POS 710 id 10 seat 3 role raid fs 1 body 2 pos 6,5 stuck 1402
RC WALK 710 id 10 role raid pos 6,5 tgt 5,6 want WEST
V527I SEALNT 711 ph 5 fwd 1 hv 2
RC POS 711 id 3 seat 0 role raid fs 1 body 1 pos 7,3 stuck 0
RC POS 711 id 10 seat 3 role raid fs 1 body 2 pos 6,5 stuck 1404
RC WALK 711 id 10 role raid pos 6,5 tgt 5,6 want WEST
V527I SEALNT 712 ph 5 fwd 1 hv 2
RC POS 712 id 3 seat 0 role raid fs 1 body 1 pos 7,4 stuck 0
RC WALK 712 id 3 role raid pos 7,4 tgt 5,6 want NORTH
RC POS 712 id 10 seat 3 role raid fs 1 body 2 pos 6,5 stuck 1406
RC WALK 712 id 10 role raid pos 6,5 tgt 5,6 want WEST
RC POS 712 id 13 seat 4 role defend fs 0 body 1 pos 3,4 stuck 26
RC WALK 712 id 13 role defend pos 3,4 tgt 2,6 want WEST
V527I SEALNT 713 ph 5 fwd 1 hv 2
RC POS 713 id 3 seat 0 role raid fs 1 body 1 pos 7,3 stuck 0
RC POS 713 id 10 seat 3 role raid fs 1 body 2 pos 6,5 stuck 1408
RC WALK 713 id 10 role raid pos 6,5 tgt 5,6 want WEST
V527I SEALNT 714 ph 5 fwd 1 hv 2
RC POS 714 id 3 seat 0 role raid fs 1 body 1 pos 7,4 stuck 0
RC WALK 714 id 3 role raid pos 7,4 tgt 5,6 want NORTH
RC POS 714 id 10 seat 3 role raid fs 1 body 2 pos 6,5 stuck 1410
RC WALK 714 id 10 role raid pos 6,5 tgt 4,6 want WEST
V527I SEALNT 715 ph 5 fwd 1 hv 2
RC POS 715 id 3 seat 0 role raid fs 1 body 1 pos 7,3 stuck 0
RC POS 715 id 10 seat 3 role raid fs 1 body 2 pos 6,5 stuck 1412
RC WALK 715 id 10 role raid pos 6,5 tgt 6,9 want SOUTH
V527I SEALNT 716 ph 5 fwd 1 hv 2
RC POS 716 id 3 seat 0 role raid fs 1 body 1 pos 7,4 stuck 0
RC WALK 716 id 3 role raid pos 7,4 tgt 6,9 want NORTH
RC POS 716 id 10 seat 3 role raid fs 1 body 2 pos 6,5 stuck 1414
RC WALK 716 id 10 role raid pos 6,5 tgt 6,9 want SOUTH
V527I SEALNT 717 ph 5 fwd 1 hv 2
RC POS 717 id 3 seat 0 role raid fs 1 body 1 pos 7,3 stuck 0
RC POS 717 id 10 seat 3 role raid fs 1 body 2 pos 6,5 stuck 1416
RC WALK 717 id 10 role raid pos 6,5 tgt 6,9 want SOUTH
V527I SEALNT 718 ph 5 fwd 1 hv 2
RC POS 718 id 3 seat 0 role raid fs 1 body 1 pos 7,4 stuck 0
RC WALK 718 id 3 role raid pos 7,4 tgt 6,9 want NORTH
RC POS 718 id 10 seat 3 role raid fs 1 body 2 pos 6,5 stuck 1418
RC WALK 718 id 10 role raid pos 6,5 tgt 6,9 want SOUTH
V527I SEALNT 719 ph 5 fwd 1 hv 2
RC POS 719 id 3 seat 0 role raid fs 1 body 1 pos 7,3 stuck 0
RC POS 719 id 10 seat 3 role raid fs 1 body 2 pos 6,5 stuck 1420
RC WALK 719 id 10 role raid pos 6,5 tgt 6,9 want SOUTH
V527I SEALNT 720 ph 5 fwd 1 hv 2
RC POS 720 id 3 seat 0 role raid fs 1 body 1 pos 7,4 stuck 0
RC WALK 720 id 3 role raid pos 7,4 tgt 6,9 want NORTH
RC POS 720 id 10 seat 3 role raid fs 1 body 2 pos 6,5 stuck 1422
RC WALK 720 id 10 role raid pos 6,5 tgt 6,9 want SOUTH
V527I SEALNT 721 ph 5 fwd 1 hv 2
RC POS 721 id 3 seat 0 role raid fs 1 body 1 pos 7,3 stuck 0
RC POS 721 id 10 seat 3 role raid fs 1 body 2 pos 6,5 stuck 1424
RC WALK 721 id 10 role raid pos 6,5 tgt 6,9 want SOUTH
V527I SEALNT 722 ph 5 fwd 1 hv 2
RC POS 722 id 3 seat 0 role raid fs 1 body 1 pos 7,4 stuck 0
RC WALK 722 id 3 role raid pos 7,4 tgt 6,9 want NORTH
RC POS 722 id 10 seat 3 role raid fs 1 body 2 pos 6,5 stuck 1426
RC WALK 722 id 10 role raid pos 6,5 tgt 6,9 want SOUTH
V527I SEALNT 723 ph 5 fwd 1 hv 2
RC POS 723 id 3 seat 0 role raid fs 1 body 1 pos 7,3 stuck 0
RC POS 723 id 10 seat 3 role raid fs 1 body 2 pos 6,5 stuck 1428
RC WALK 723 id 10 role raid pos 6,5 tgt 6,9 want SOUTH
V527I SEALNT 724 ph 5 fwd 1 hv 2
RC POS 724 id 3 seat 0 role raid fs 1 body 1 pos 7,4 stuck 0
RC WALK 724 id 3 role raid pos 7,4 tgt 6,9 want NORTH
RC POS 724 id 10 seat 3 role raid fs 1 body 2 pos 6,5 stuck 1430
RC WALK 724 id 10 role raid pos 6,5 tgt 6,9 want SOUTH
V527I SEALNT 725 ph 5 fwd 1 hv 2
RC POS 725 id 3 seat 0 role raid fs 1 body 1 pos 7,3 stuck 0
RC POS 725 id 10 seat 3 role raid fs 1 body 2 pos 6,5 stuck 1432
RC WALK 725 id 10 role raid pos 6,5 tgt 6,9 want SOUTH
V527I SEALNT 726 ph 5 fwd 1 hv 2
RC POS 726 id 3 seat 0 role raid fs 1 body 1 pos 7,4 stuck 0
RC WALK 726 id 3 role raid pos 7,4 tgt 6,9 want NORTH
RC POS 726 id 10 seat 3 role raid fs 1 body 2 pos 6,5 stuck 1434
RC WALK 726 id 10 role raid pos 6,5 tgt 6,9 want SOUTH
V527I SEALNT 727 ph 5 fwd 1 hv 2
RC POS 727 id 3 seat 0 role raid fs 1 body 1 pos 7,3 stuck 0
RC POS 727 id 10 seat 3 role raid fs 1 body 2 pos 6,5 stuck 1436
RC WALK 727 id 10 role raid pos 6,5 tgt 6,9 want SOUTH
V527I SEALNT 728 ph 5 fwd 1 hv 2
RC POS 728 id 3 seat 0 role raid fs 1 body 1 pos 7,4 stuck 0
RC WALK 728 id 3 role raid pos 7,4 tgt 6,9 want NORTH
RC POS 728 id 10 seat 3 role raid fs 1 body 2 pos 6,5 stuck 1438
RC WALK 728 id 10 role raid pos 6,5 tgt 6,9 want SOUTH
V527I SEALNT 729 ph 5 fwd 1 hv 2
RC POS 729 id 3 seat 0 role raid fs 1 body 1 pos 7,3 stuck 0
RC POS 729 id 10 seat 3 role raid fs 1 body 2 pos 6,5 stuck 1440
RC WALK 729 id 10 role raid pos 6,5 tgt 6,9 want SOUTH
V527I SEALNT 730 ph 5 fwd 1 hv 2
RC POS 730 id 3 seat 0 role raid fs 1 body 1 pos 7,4 stuck 0
RC WALK 730 id 3 role raid pos 7,4 tgt 6,9 want NORTH
RC POS 730 id 10 seat 3 role raid fs 1 body 2 pos 6,5 stuck 1442
RC WALK 730 id 10 role raid pos 6,5 tgt 6,9 want SOUTH
V527I SEALNT 731 ph 5 fwd 1 hv 2
RC POS 731 id 3 seat 0 role raid fs 1 body 1 pos 7,3 stuck 0
RC POS 731 id 10 seat 3 role raid fs 1 body 2 pos 6,5 stuck 1444
RC WALK 731 id 10 role raid pos 6,5 tgt 6,9 want SOUTH
V527I SEALNT 732 ph 5 fwd 1 hv 2
RC POS 732 id 3 seat 0 role raid fs 1 body 1 pos 7,4 stuck 0
RC WALK 732 id 3 role raid pos 7,4 tgt 6,9 want NORTH
RC POS 732 id 10 seat 3 role raid fs 1 body 2 pos 6,5 stuck 1446
RC WALK 732 id 10 role raid pos 6,5 tgt 6,9 want SOUTH
V527I SEALNT 733 ph 5 fwd 1 hv 2
RC POS 733 id 3 seat 0 role raid fs 1 body 1 pos 7,3 stuck 0
RC POS 733 id 10 seat 3 role raid fs 1 body 2 pos 6,5 stuck 1448
RC WALK 733 id 10 role raid pos 6,5 tgt 5,6 want WEST
V527I SEALNT 734 ph 5 fwd 1 hv 2
RC POS 734 id 3 seat 0 role raid fs 1 body 1 pos 7,4 stuck 0
RC WALK 734 id 3 role raid pos 7,4 tgt 5,6 want NORTH
RC POS 734 id 10 seat 3 role raid fs 1 body 2 pos 6,5 stuck 1450
RC WALK 734 id 10 role raid pos 6,5 tgt 5,6 want WEST
V527I SEALNT 735 ph 5 fwd 1 hv 2
RC POS 735 id 3 seat 0 role raid fs 1 body 1 pos 7,3 stuck 0
RC POS 735 id 10 seat 3 role raid fs 1 body 2 pos 6,5 stuck 1452
RC WALK 735 id 10 role raid pos 6,5 tgt 5,6 want WEST
V527I SEALNT 736 ph 5 fwd 1 hv 2
RC POS 736 id 3 seat 0 role raid fs 1 body 1 pos 7,4 stuck 0
RC WALK 736 id 3 role raid pos 7,4 tgt 5,6 want NORTH
RC POS 736 id 10 seat 3 role raid fs 1 body 2 pos 6,5 stuck 1454
RC WALK 736 id 10 role raid pos 6,5 tgt 5,6 want WEST
V527I SEALNT 737 ph 5 fwd 1 hv 2
RC POS 737 id 3 seat 0 role raid fs 1 body 1 pos 7,3 stuck 0
RC POS 737 id 10 seat 3 role raid fs 1 body 2 pos 6,5 stuck 1456
RC WALK 737 id 10 role raid pos 6,5 tgt 5,6 want WEST
V527I SEALNT 738 ph 5 fwd 1 hv 2
RC POS 738 id 3 seat 0 role raid fs 1 body 1 pos 7,4 stuck 0
RC WALK 738 id 3 role raid pos 7,4 tgt 5,6 want NORTH
RC POS 738 id 10 seat 3 role raid fs 1 body 2 pos 6,5 stuck 1458
RC WALK 738 id 10 role raid pos 6,5 tgt 5,6 want WEST
V527I SEALNT 739 ph 5 fwd 1 hv 2
RC POS 739 id 3 seat 0 role raid fs 1 body 1 pos 7,3 stuck 0
RC POS 739 id 10 seat 3 role raid fs 1 body 2 pos 6,5 stuck 1460
RC WALK 739 id 10 role raid pos 6,5 tgt 5,6 want WEST
V527I SEALNT 740 ph 5 fwd 1 hv 2
RC POS 740 id 3 seat 0 role raid fs 1 body 1 pos 7,4 stuck 0
RC WALK 740 id 3 role raid pos 7,4 tgt 4,7 want NORTH
RC POS 740 id 10 seat 3 role raid fs 1 body 2 pos 6,5 stuck 1462
RC WALK 740 id 10 role raid pos 6,5 tgt 6,9 want SOUTH
V527I SEALNT 741 ph 5 fwd 1 hv 2
RC POS 741 id 3 seat 0 role raid fs 1 body 1 pos 7,3 stuck 0
RC POS 741 id 10 seat 3 role raid fs 1 body 2 pos 6,5 stuck 1464
RC WALK 741 id 10 role raid pos 6,5 tgt 6,9 want SOUTH
V527I SEALNT 742 ph 5 fwd 1 hv 2
RC POS 742 id 3 seat 0 role raid fs 1 body 1 pos 7,4 stuck 0
RC WALK 742 id 3 role raid pos 7,4 tgt 6,9 want NORTH
RC POS 742 id 10 seat 3 role raid fs 1 body 2 pos 6,5 stuck 1466
RC WALK 742 id 10 role raid pos 6,5 tgt 6,9 want SOUTH
V527I SEALNT 743 ph 5 fwd 1 hv 2
RC POS 743 id 3 seat 0 role raid fs 1 body 1 pos 7,3 stuck 0
RC POS 743 id 10 seat 3 role raid fs 1 body 2 pos 6,5 stuck 1468
RC WALK 743 id 10 role raid pos 6,5 tgt 6,9 want SOUTH
V527I SEALNT 744 ph 5 fwd 1 hv 2
RC POS 744 id 3 seat 0 role raid fs 1 body 1 pos 7,4 stuck 0
RC WALK 744 id 3 role raid pos 7,4 tgt 6,9 want NORTH
RC POS 744 id 10 seat 3 role raid fs 1 body 2 pos 6,5 stuck 1470
RC WALK 744 id 10 role raid pos 6,5 tgt 6,9 want SOUTH
V527I SEALNT 745 ph 5 fwd 1 hv 2
RC POS 745 id 3 seat 0 role raid fs 1 body 1 pos 7,3 stuck 0
RC POS 745 id 10 seat 3 role raid fs 1 body 2 pos 6,5 stuck 1472
RC WALK 745 id 10 role raid pos 6,5 tgt 6,9 want SOUTH
V527I SEALNT 746 ph 5 fwd 1 hv 2
RC POS 746 id 3 seat 0 role raid fs 1 body 1 pos 7,4 stuck 0
RC WALK 746 id 3 role raid pos 7,4 tgt 6,9 want NORTH
RC POS 746 id 10 seat 3 role raid fs 1 body 2 pos 6,5 stuck 1474
RC WALK 746 id 10 role raid pos 6,5 tgt 6,9 want SOUTH
V527I SEALNT 747 ph 5 fwd 1 hv 2
RC POS 747 id 3 seat 0 role raid fs 1 body 1 pos 7,3 stuck 0
RC POS 747 id 10 seat 3 role raid fs 1 body 2 pos 6,5 stuck 1476
RC WALK 747 id 10 role raid pos 6,5 tgt 6,9 want SOUTH
V527I SEALNT 748 ph 5 fwd 1 hv 2
RC POS 748 id 3 seat 0 role raid fs 1 body 1 pos 7,4 stuck 0
RC WALK 748 id 3 role raid pos 7,4 tgt 6,9 want NORTH
RC POS 748 id 10 seat 3 role raid fs 1 body 2 pos 6,5 stuck 1478
RC WALK 748 id 10 role raid pos 6,5 tgt 5,6 want WEST
V527I SEALNT 749 ph 5 fwd 1 hv 2
RC POS 749 id 3 seat 0 role raid fs 1 body 1 pos 7,3 stuck 0
RC POS 749 id 10 seat 3 role raid fs 1 body 2 pos 6,5 stuck 1480
RC WALK 749 id 10 role raid pos 6,5 tgt 4,6 want WEST
V527I SEALNT 750 ph 5 fwd 1 hv 2
RC POS 750 id 3 seat 0 role raid fs 1 body 1 pos 7,4 stuck 0
RC WALK 750 id 3 role raid pos 7,4 tgt 6,9 want NORTH
RC POS 750 id 10 seat 3 role raid fs 1 body 2 pos 6,5 stuck 1482
RC WALK 750 id 10 role raid pos 6,5 tgt 6,9 want SOUTH
V527I SEALNT 751 ph 5 fwd 1 hv 2
RC POS 751 id 3 seat 0 role raid fs 1 body 1 pos 7,3 stuck 0
RC POS 751 id 10 seat 3 role raid fs 1 body 2 pos 6,5 stuck 1484
RC WALK 751 id 10 role raid pos 6,5 tgt 6,9 want SOUTH
V527I SEALNT 752 ph 5 fwd 1 hv 2
RC POS 752 id 3 seat 0 role raid fs 1 body 1 pos 7,4 stuck 0
RC WALK 752 id 3 role raid pos 7,4 tgt 6,9 want NORTH
RC POS 752 id 10 seat 3 role raid fs 1 body 2 pos 6,5 stuck 1486
RC WALK 752 id 10 role raid pos 6,5 tgt 6,9 want SOUTH
V527I SEALNT 753 ph 5 fwd 1 hv 2
RC POS 753 id 3 seat 0 role raid fs 1 body 1 pos 7,3 stuck 0
RC POS 753 id 10 seat 3 role raid fs 1 body 2 pos 6,5 stuck 1488
RC WALK 753 id 10 role raid pos 6,5 tgt 6,9 want SOUTH
V527I SEALNT 754 ph 5 fwd 1 hv 2
RC POS 754 id 3 seat 0 role raid fs 1 body 1 pos 7,4 stuck 0
RC WALK 754 id 3 role raid pos 7,4 tgt 5,6 want NORTH
RC POS 754 id 10 seat 3 role raid fs 1 body 2 pos 6,5 stuck 1490
RC WALK 754 id 10 role raid pos 6,5 tgt 5,6 want WEST
V527I SEALNT 755 ph 5 fwd 1 hv 2
RC POS 755 id 3 seat 0 role raid fs 1 body 1 pos 7,3 stuck 0
RC POS 755 id 10 seat 3 role raid fs 1 body 2 pos 6,5 stuck 1492
RC WALK 755 id 10 role raid pos 6,5 tgt 5,6 want WEST
V527I SEALNT 756 ph 5 fwd 1 hv 2
RC POS 756 id 3 seat 0 role raid fs 1 body 1 pos 7,4 stuck 0
RC WALK 756 id 3 role raid pos 7,4 tgt 5,6 want NORTH
RC POS 756 id 10 seat 3 role raid fs 1 body 2 pos 6,5 stuck 1494
RC WALK 756 id 10 role raid pos 6,5 tgt 5,6 want WEST
RC POS 756 id 13 seat 4 role defend fs 0 body 1 pos 2,4 stuck 43
RC WALK 756 id 13 role defend pos 2,4 tgt 2,5 want CENTRE
V527I SEALNT 757 ph 5 fwd 1 hv 2
RC POS 757 id 3 seat 0 role raid fs 1 body 1 pos 7,3 stuck 0
RC POS 757 id 10 seat 3 role raid fs 1 body 2 pos 6,5 stuck 1496
RC WALK 757 id 10 role raid pos 6,5 tgt 5,6 want WEST
V527I SEALNT 758 ph 5 fwd 1 hv 2
RC POS 758 id 3 seat 0 role raid fs 1 body 1 pos 7,4 stuck 0
RC WALK 758 id 3 role raid pos 7,4 tgt 5,6 want NORTH
RC POS 758 id 10 seat 3 role raid fs 1 body 2 pos 6,5 stuck 1498
RC WALK 758 id 10 role raid pos 6,5 tgt 5,6 want WEST
V527I SEALNT 759 ph 5 fwd 1 hv 2
RC POS 759 id 3 seat 0 role raid fs 1 body 1 pos 7,3 stuck 0
RC POS 759 id 10 seat 3 role raid fs 1 body 2 pos 6,5 stuck 1500
RC WALK 759 id 10 role raid pos 6,5 tgt 5,6 want WEST
V527I SEALNT 760 ph 5 fwd 1 hv 2
RC POS 760 id 3 seat 0 role raid fs 1 body 1 pos 7,4 stuck 0
RC WALK 760 id 3 role raid pos 7,4 tgt 5,6 want NORTH
RC POS 760 id 10 seat 3 role raid fs 1 body 2 pos 6,5 stuck 1502
RC WALK 760 id 10 role raid pos 6,5 tgt 6,9 want SOUTH
V527I SEALNT 761 ph 5 fwd 1 hv 2
RC POS 761 id 3 seat 0 role raid fs 1 body 1 pos 7,3 stuck 0
RC POS 761 id 10 seat 3 role raid fs 1 body 2 pos 6,5 stuck 1504
RC WALK 761 id 10 role raid pos 6,5 tgt 6,9 want SOUTH
V527I SEALNT 762 ph 5 fwd 1 hv 2
RC POS 762 id 3 seat 0 role raid fs 1 body 1 pos 7,4 stuck 0
RC WALK 762 id 3 role raid pos 7,4 tgt 6,9 want NORTH
RC POS 762 id 10 seat 3 role raid fs 1 body 2 pos 6,5 stuck 1506
RC WALK 762 id 10 role raid pos 6,5 tgt 6,9 want SOUTH
V527I SEALNT 763 ph 5 fwd 1 hv 2
RC POS 763 id 3 seat 0 role raid fs 1 body 1 pos 7,3 stuck 0
RC POS 763 id 10 seat 3 role raid fs 1 body 2 pos 6,5 stuck 1508
RC WALK 763 id 10 role raid pos 6,5 tgt 6,9 want SOUTH
V527I SEALNT 764 ph 5 fwd 1 hv 2
RC POS 764 id 3 seat 0 role raid fs 1 body 1 pos 7,4 stuck 0
RC WALK 764 id 3 role raid pos 7,4 tgt 6,9 want NORTH
RC POS 764 id 10 seat 3 role raid fs 1 body 2 pos 6,5 stuck 1510
RC WALK 764 id 10 role raid pos 6,5 tgt 6,9 want SOUTH
V527I SEALNT 765 ph 5 fwd 1 hv 2
RC POS 765 id 3 seat 0 role raid fs 1 body 1 pos 7,3 stuck 0
RC POS 765 id 10 seat 3 role raid fs 1 body 2 pos 6,5 stuck 1512
RC WALK 765 id 10 role raid pos 6,5 tgt 6,9 want SOUTH
V527I SEALNT 766 ph 5 fwd 1 hv 2
RC POS 766 id 3 seat 0 role raid fs 1 body 1 pos 7,4 stuck 0
RC WALK 766 id 3 role raid pos 7,4 tgt 6,9 want NORTH
RC POS 766 id 10 seat 3 role raid fs 1 body 2 pos 6,5 stuck 1514
RC WALK 766 id 10 role raid pos 6,5 tgt 6,9 want SOUTH
V527I SEALNT 767 ph 5 fwd 1 hv 2
RC POS 767 id 3 seat 0 role raid fs 1 body 1 pos 7,3 stuck 0
RC POS 767 id 10 seat 3 role raid fs 1 body 2 pos 6,5 stuck 1516
RC WALK 767 id 10 role raid pos 6,5 tgt 6,9 want SOUTH
V527I SEALNT 768 ph 5 fwd 1 hv 2
RC POS 768 id 3 seat 0 role raid fs 1 body 1 pos 7,4 stuck 0
RC WALK 768 id 3 role raid pos 7,4 tgt 6,9 want NORTH
RC POS 768 id 10 seat 3 role raid fs 1 body 2 pos 6,5 stuck 1518
RC WALK 768 id 10 role raid pos 6,5 tgt 6,9 want SOUTH
V527I SEALNT 769 ph 5 fwd 1 hv 2
RC POS 769 id 3 seat 0 role raid fs 1 body 1 pos 7,3 stuck 0
RC POS 769 id 10 seat 3 role raid fs 1 body 2 pos 6,5 stuck 1520
RC WALK 769 id 10 role raid pos 6,5 tgt 6,9 want SOUTH
V527I SEALNT 770 ph 5 fwd 1 hv 2
RC POS 770 id 3 seat 0 role raid fs 1 body 1 pos 7,4 stuck 0
RC WALK 770 id 3 role raid pos 7,4 tgt 6,9 want NORTH
RC POS 770 id 10 seat 3 role raid fs 1 body 2 pos 6,5 stuck 1522
RC WALK 770 id 10 role raid pos 6,5 tgt 6,9 want SOUTH
V527I SEALNT 771 ph 5 fwd 1 hv 2
RC POS 771 id 3 seat 0 role raid fs 1 body 1 pos 7,3 stuck 0
RC POS 771 id 10 seat 3 role raid fs 1 body 2 pos 6,5 stuck 1524
RC WALK 771 id 10 role raid pos 6,5 tgt 6,9 want SOUTH
V527I SEALNT 772 ph 5 fwd 1 hv 2
RC POS 772 id 3 seat 0 role raid fs 1 body 1 pos 7,4 stuck 0
RC WALK 772 id 3 role raid pos 7,4 tgt 6,9 want NORTH
RC POS 772 id 10 seat 3 role raid fs 1 body 2 pos 6,5 stuck 1526
RC WALK 772 id 10 role raid pos 6,5 tgt 6,9 want SOUTH
V527I SEALNT 773 ph 5 fwd 1 hv 2
RC POS 773 id 3 seat 0 role raid fs 1 body 1 pos 7,3 stuck 0
RC POS 773 id 10 seat 3 role raid fs 1 body 2 pos 6,5 stuck 1528
RC WALK 773 id 10 role raid pos 6,5 tgt 5,6 want WEST
V527I SEALNT 774 ph 5 fwd 1 hv 2
RC POS 774 id 3 seat 0 role raid fs 1 body 1 pos 7,4 stuck 0
RC WALK 774 id 3 role raid pos 7,4 tgt 5,6 want NORTH
RC POS 774 id 10 seat 3 role raid fs 1 body 2 pos 6,5 stuck 1530
RC WALK 774 id 10 role raid pos 6,5 tgt 5,6 want WEST
V527I SEALNT 775 ph 5 fwd 1 hv 2
RC POS 775 id 3 seat 0 role raid fs 1 body 1 pos 7,3 stuck 0
RC POS 775 id 10 seat 3 role raid fs 1 body 2 pos 6,5 stuck 1532
RC WALK 775 id 10 role raid pos 6,5 tgt 5,6 want WEST
V527I SEALNT 776 ph 5 fwd 1 hv 2
RC POS 776 id 3 seat 0 role raid fs 1 body 1 pos 7,4 stuck 0
RC WALK 776 id 3 role raid pos 7,4 tgt 5,6 want NORTH
RC POS 776 id 10 seat 3 role raid fs 1 body 2 pos 6,5 stuck 1534
RC WALK 776 id 10 role raid pos 6,5 tgt 5,6 want WEST
RC POS 776 id 13 seat 4 role defend fs 0 body 1 pos 2,4 stuck 63
RC WALK 776 id 13 role defend pos 2,4 tgt 2,6 want SOUTH
V527I SEALNT 777 ph 5 fwd 1 hv 2
RC POS 777 id 3 seat 0 role raid fs 1 body 1 pos 7,3 stuck 0
RC POS 777 id 10 seat 3 role raid fs 1 body 2 pos 6,5 stuck 1536
RC WALK 777 id 10 role raid pos 6,5 tgt 5,6 want WEST
RC POS 777 id 13 seat 4 role defend fs 0 body 1 pos 2,5 stuck 0
RC WALK 777 id 13 role defend pos 2,5 tgt 3,4 want NORTH
V527I SEALNT 778 ph 5 fwd 1 hv 2
RC POS 778 id 3 seat 0 role raid fs 1 body 1 pos 7,4 stuck 0
RC WALK 778 id 3 role raid pos 7,4 tgt 5,6 want NORTH
RC POS 778 id 10 seat 3 role raid fs 1 body 2 pos 6,5 stuck 1538
RC WALK 778 id 10 role raid pos 6,5 tgt 4,6 want WEST
V527I SEALNT 779 ph 5 fwd 1 hv 2
RC POS 779 id 3 seat 0 role raid fs 1 body 1 pos 7,3 stuck 0
RC POS 779 id 10 seat 3 role raid fs 1 body 2 pos 6,5 stuck 1540
RC WALK 779 id 10 role raid pos 6,5 tgt 6,9 want SOUTH
V527I SEALNT 780 ph 5 fwd 1 hv 2
RC POS 780 id 3 seat 0 role raid fs 1 body 1 pos 7,4 stuck 0
RC WALK 780 id 3 role raid pos 7,4 tgt 6,9 want NORTH
RC POS 780 id 10 seat 3 role raid fs 1 body 2 pos 6,5 stuck 1542
RC WALK 780 id 10 role raid pos 6,5 tgt 6,9 want SOUTH
V527I SEALNT 781 ph 5 fwd 1 hv 2
RC POS 781 id 3 seat 0 role raid fs 1 body 1 pos 7,3 stuck 0
RC POS 781 id 10 seat 3 role raid fs 1 body 2 pos 6,5 stuck 1544
RC WALK 781 id 10 role raid pos 6,5 tgt 6,9 want SOUTH
V527I SEALNT 782 ph 5 fwd 1 hv 2
RC POS 782 id 3 seat 0 role raid fs 1 body 1 pos 7,4 stuck 0
RC WALK 782 id 3 role raid pos 7,4 tgt 6,9 want NORTH
RC POS 782 id 10 seat 3 role raid fs 1 body 2 pos 6,5 stuck 1546
RC WALK 782 id 10 role raid pos 6,5 tgt 6,9 want SOUTH
V527I SEALNT 783 ph 5 fwd 1 hv 2
RC POS 783 id 3 seat 0 role raid fs 1 body 1 pos 7,3 stuck 0
RC POS 783 id 10 seat 3 role raid fs 1 body 2 pos 6,5 stuck 1548
RC WALK 783 id 10 role raid pos 6,5 tgt 6,9 want SOUTH
V527I SEALNT 784 ph 5 fwd 1 hv 2
RC POS 784 id 3 seat 0 role raid fs 1 body 1 pos 7,4 stuck 0
RC WALK 784 id 3 role raid pos 7,4 tgt 6,9 want NORTH
RC POS 784 id 10 seat 3 role raid fs 1 body 2 pos 6,5 stuck 1550
RC WALK 784 id 10 role raid pos 6,5 tgt 6,9 want SOUTH
V527I SEALNT 785 ph 5 fwd 1 hv 2
RC POS 785 id 3 seat 0 role raid fs 1 body 1 pos 7,3 stuck 0
RC POS 785 id 10 seat 3 role raid fs 1 body 2 pos 6,5 stuck 1552
RC WALK 785 id 10 role raid pos 6,5 tgt 6,9 want SOUTH
V527I SEALNT 786 ph 5 fwd 1 hv 2
RC POS 786 id 3 seat 0 role raid fs 1 body 1 pos 7,4 stuck 0
RC WALK 786 id 3 role raid pos 7,4 tgt 6,9 want NORTH
RC POS 786 id 10 seat 3 role raid fs 1 body 2 pos 6,5 stuck 1554
RC WALK 786 id 10 role raid pos 6,5 tgt 6,9 want SOUTH
V527I SEALNT 787 ph 5 fwd 1 hv 2
RC POS 787 id 3 seat 0 role raid fs 1 body 1 pos 7,3 stuck 0
RC POS 787 id 10 seat 3 role raid fs 1 body 2 pos 6,5 stuck 1556
RC WALK 787 id 10 role raid pos 6,5 tgt 6,9 want SOUTH
V527I SEALNT 788 ph 5 fwd 1 hv 2
RC POS 788 id 3 seat 0 role raid fs 1 body 1 pos 7,4 stuck 0
RC WALK 788 id 3 role raid pos 7,4 tgt 6,9 want NORTH
RC POS 788 id 10 seat 3 role raid fs 1 body 2 pos 6,5 stuck 1558
RC WALK 788 id 10 role raid pos 6,5 tgt 6,9 want SOUTH
V527I SEALNT 789 ph 5 fwd 1 hv 2
RC POS 789 id 3 seat 0 role raid fs 1 body 1 pos 7,3 stuck 0
RC POS 789 id 10 seat 3 role raid fs 1 body 2 pos 6,5 stuck 1560
RC WALK 789 id 10 role raid pos 6,5 tgt 6,9 want SOUTH
V527I SEALNT 790 ph 5 fwd 1 hv 2
RC POS 790 id 3 seat 0 role raid fs 1 body 1 pos 7,4 stuck 0
RC WALK 790 id 3 role raid pos 7,4 tgt 6,9 want NORTH
RC POS 790 id 10 seat 3 role raid fs 1 body 2 pos 6,5 stuck 1562
RC WALK 790 id 10 role raid pos 6,5 tgt 6,9 want SOUTH
V527I SEALNT 791 ph 5 fwd 1 hv 2
RC POS 791 id 3 seat 0 role raid fs 1 body 1 pos 7,3 stuck 0
RC POS 791 id 10 seat 3 role raid fs 1 body 2 pos 6,5 stuck 1564
RC WALK 791 id 10 role raid pos 6,5 tgt 6,9 want SOUTH
V527I SEALNT 792 ph 5 fwd 1 hv 2
RC POS 792 id 3 seat 0 role raid fs 1 body 1 pos 7,4 stuck 0
RC WALK 792 id 3 role raid pos 7,4 tgt 6,9 want NORTH
RC POS 792 id 10 seat 3 role raid fs 1 body 2 pos 6,5 stuck 1566
RC WALK 792 id 10 role raid pos 6,5 tgt 6,9 want SOUTH
V527I SEALNT 793 ph 5 fwd 1 hv 2
RC POS 793 id 3 seat 0 role raid fs 1 body 1 pos 7,3 stuck 0
RC POS 793 id 10 seat 3 role raid fs 1 body 2 pos 6,5 stuck 1568
RC WALK 793 id 10 role raid pos 6,5 tgt 6,9 want SOUTH
V527I SEALNT 794 ph 5 fwd 1 hv 2
RC POS 794 id 3 seat 0 role raid fs 1 body 1 pos 7,4 stuck 0
RC WALK 794 id 3 role raid pos 7,4 tgt 6,9 want NORTH
RC POS 794 id 10 seat 3 role raid fs 1 body 2 pos 6,5 stuck 1570
RC WALK 794 id 10 role raid pos 6,5 tgt 6,9 want SOUTH
V527I SEALNT 795 ph 5 fwd 1 hv 2
RC POS 795 id 3 seat 0 role raid fs 1 body 1 pos 7,3 stuck 0
RC POS 795 id 10 seat 3 role raid fs 1 body 2 pos 6,5 stuck 1572
RC WALK 795 id 10 role raid pos 6,5 tgt 6,9 want SOUTH
V527I SEALNT 796 ph 5 fwd 1 hv 2
RC POS 796 id 3 seat 0 role raid fs 1 body 1 pos 7,4 stuck 0
RC WALK 796 id 3 role raid pos 7,4 tgt 6,9 want NORTH
RC POS 796 id 10 seat 3 role raid fs 1 body 2 pos 6,5 stuck 1574
RC WALK 796 id 10 role raid pos 6,5 tgt 6,9 want SOUTH
V527I SEALNT 797 ph 5 fwd 1 hv 2
RC POS 797 id 3 seat 0 role raid fs 1 body 1 pos 7,3 stuck 0
RC POS 797 id 10 seat 3 role raid fs 1 body 2 pos 6,5 stuck 1576
RC WALK 797 id 10 role raid pos 6,5 tgt 5,6 want WEST
V527I SEALNT 798 ph 5 fwd 1 hv 2
RC POS 798 id 3 seat 0 role raid fs 1 body 1 pos 7,4 stuck 0
RC WALK 798 id 3 role raid pos 7,4 tgt 5,6 want NORTH
RC POS 798 id 10 seat 3 role raid fs 1 body 2 pos 6,5 stuck 1578
RC WALK 798 id 10 role raid pos 6,5 tgt 5,6 want WEST
V527I SEALNT 799 ph 5 fwd 1 hv 2
RC POS 799 id 3 seat 0 role raid fs 1 body 1 pos 7,3 stuck 0
RC POS 799 id 10 seat 3 role raid fs 1 body 2 pos 6,5 stuck 1580
RC WALK 799 id 10 role raid pos 6,5 tgt 5,6 want WEST
V527I SEALNT 800 ph 5 fwd 1 hv 2
RC POS 800 id 3 seat 0 role raid fs 1 body 1 pos 7,4 stuck 0
RC WALK 800 id 3 role raid pos 7,4 tgt 5,6 want NORTH
RC POS 800 id 10 seat 3 role raid fs 1 body 2 pos 6,5 stuck 1582
RC WALK 800 id 10 role raid pos 6,5 tgt 5,6 want WEST
V527I SEALNT 801 ph 5 fwd 1 hv 2
RC POS 801 id 3 seat 0 role raid fs 1 body 1 pos 7,3 stuck 0
RC POS 801 id 10 seat 3 role raid fs 1 body 2 pos 6,5 stuck 1584
RC WALK 801 id 10 role raid pos 6,5 tgt 5,6 want WEST
V527I SEALNT 802 ph 5 fwd 1 hv 2
RC POS 802 id 3 seat 0 role raid fs 1 body 1 pos 7,4 stuck 0
RC WALK 802 id 3 role raid pos 7,4 tgt 5,6 want NORTH
RC POS 802 id 10 seat 3 role raid fs 1 body 2 pos 6,5 stuck 1586
RC WALK 802 id 10 role raid pos 6,5 tgt 4,6 want WEST
V527I SEALNT 803 ph 5 fwd 1 hv 2
RC POS 803 id 3 seat 0 role raid fs 1 body 1 pos 7,3 stuck 0
RC POS 803 id 10 seat 3 role raid fs 1 body 2 pos 6,5 stuck 1588
RC WALK 803 id 10 role raid pos 6,5 tgt 6,9 want SOUTH
V527I SEALNT 804 ph 5 fwd 1 hv 2
RC POS 804 id 3 seat 0 role raid fs 1 body 1 pos 7,4 stuck 0
RC WALK 804 id 3 role raid pos 7,4 tgt 6,9 want NORTH
RC POS 804 id 10 seat 3 role raid fs 1 body 2 pos 6,5 stuck 1590
RC WALK 804 id 10 role raid pos 6,5 tgt 6,9 want SOUTH
V527I SEALNT 805 ph 5 fwd 1 hv 2
RC POS 805 id 3 seat 0 role raid fs 1 body 1 pos 7,3 stuck 0
RC POS 805 id 10 seat 3 role raid fs 1 body 2 pos 6,5 stuck 1592
RC WALK 805 id 10 role raid pos 6,5 tgt 6,9 want SOUTH
V527I SEALNT 806 ph 5 fwd 1 hv 2
RC POS 806 id 3 seat 0 role raid fs 1 body 1 pos 7,4 stuck 0
RC WALK 806 id 3 role raid pos 7,4 tgt 6,9 want NORTH
RC POS 806 id 10 seat 3 role raid fs 1 body 2 pos 6,5 stuck 1594
RC WALK 806 id 10 role raid pos 6,5 tgt 6,9 want SOUTH
V527I SEALNT 807 ph 5 fwd 1 hv 2
RC POS 807 id 3 seat 0 role raid fs 1 body 1 pos 7,3 stuck 0
RC POS 807 id 10 seat 3 role raid fs 1 body 2 pos 6,5 stuck 1596
RC WALK 807 id 10 role raid pos 6,5 tgt 6,9 want SOUTH
V527I SEALNT 808 ph 5 fwd 1 hv 2
RC POS 808 id 3 seat 0 role raid fs 1 body 1 pos 7,4 stuck 0
RC WALK 808 id 3 role raid pos 7,4 tgt 6,9 want NORTH
RC POS 808 id 10 seat 3 role raid fs 1 body 2 pos 6,5 stuck 1598
RC WALK 808 id 10 role raid pos 6,5 tgt 6,9 want SOUTH
V527I SEALNT 809 ph 5 fwd 1 hv 2
RC POS 809 id 3 seat 0 role raid fs 1 body 1 pos 7,3 stuck 0
RC POS 809 id 10 seat 3 role raid fs 1 body 2 pos 6,5 stuck 1600
RC WALK 809 id 10 role raid pos 6,5 tgt 6,9 want SOUTH
V527I SEALNT 810 ph 5 fwd 1 hv 2
RC POS 810 id 3 seat 0 role raid fs 1 body 1 pos 7,4 stuck 0
RC WALK 810 id 3 role raid pos 7,4 tgt 6,9 want NORTH
RC POS 810 id 10 seat 3 role raid fs 1 body 2 pos 6,5 stuck 1602
RC WALK 810 id 10 role raid pos 6,5 tgt 6,9 want SOUTH
V527I SEALNT 811 ph 5 fwd 1 hv 2
RC POS 811 id 3 seat 0 role raid fs 1 body 1 pos 7,3 stuck 0
RC POS 811 id 10 seat 3 role raid fs 1 body 2 pos 6,5 stuck 1604
RC WALK 811 id 10 role raid pos 6,5 tgt 6,9 want SOUTH
V527I SEALNT 812 ph 5 fwd 1 hv 2
RC POS 812 id 3 seat 0 role raid fs 1 body 1 pos 7,4 stuck 0
RC WALK 812 id 3 role raid pos 7,4 tgt 6,9 want NORTH
RC POS 812 id 10 seat 3 role raid fs 1 body 2 pos 6,5 stuck 1606
RC WALK 812 id 10 role raid pos 6,5 tgt 6,9 want SOUTH
V527I SEALNT 813 ph 5 fwd 1 hv 2
RC POS 813 id 3 seat 0 role raid fs 1 body 1 pos 7,3 stuck 0
RC POS 813 id 10 seat 3 role raid fs 1 body 2 pos 6,5 stuck 1608
RC WALK 813 id 10 role raid pos 6,5 tgt 6,9 want SOUTH
V527I SEALNT 814 ph 5 fwd 1 hv 2
RC POS 814 id 3 seat 0 role raid fs 1 body 1 pos 7,4 stuck 0
RC WALK 814 id 3 role raid pos 7,4 tgt 6,9 want NORTH
RC POS 814 id 10 seat 3 role raid fs 1 body 2 pos 6,5 stuck 1610
RC WALK 814 id 10 role raid pos 6,5 tgt 6,9 want SOUTH
V527I SEALNT 815 ph 5 fwd 1 hv 2
RC POS 815 id 3 seat 0 role raid fs 1 body 1 pos 7,3 stuck 0
RC POS 815 id 10 seat 3 role raid fs 1 body 2 pos 6,5 stuck 1612
RC WALK 815 id 10 role raid pos 6,5 tgt 6,9 want SOUTH
V527I SEALNT 816 ph 5 fwd 1 hv 2
RC POS 816 id 3 seat 0 role raid fs 1 body 1 pos 7,4 stuck 0
RC WALK 816 id 3 role raid pos 7,4 tgt 6,9 want NORTH
RC POS 816 id 10 seat 3 role raid fs 1 body 2 pos 6,5 stuck 1614
RC WALK 816 id 10 role raid pos 6,5 tgt 6,9 want SOUTH
RC POS 816 id 13 seat 4 role defend fs 0 body 1 pos 2,4 stuck 38
RC WALK 816 id 13 role defend pos 2,4 tgt 4,6 want EAST
V527I SEALNT 817 ph 5 fwd 1 hv 2
RC POS 817 id 3 seat 0 role raid fs 1 body 1 pos 7,3 stuck 0
RC POS 817 id 10 seat 3 role raid fs 1 body 2 pos 6,5 stuck 1616
RC WALK 817 id 10 role raid pos 6,5 tgt 5,6 want WEST
V527I SEALNT 818 ph 5 fwd 1 hv 2
RC POS 818 id 3 seat 0 role raid fs 1 body 1 pos 7,4 stuck 0
RC WALK 818 id 3 role raid pos 7,4 tgt 5,6 want NORTH
RC POS 818 id 10 seat 3 role raid fs 1 body 2 pos 6,5 stuck 1618
RC WALK 818 id 10 role raid pos 6,5 tgt 5,6 want WEST
V527I SEALNT 819 ph 5 fwd 1 hv 2
RC POS 819 id 3 seat 0 role raid fs 1 body 1 pos 7,3 stuck 0
RC POS 819 id 10 seat 3 role raid fs 1 body 2 pos 6,5 stuck 1620
RC WALK 819 id 10 role raid pos 6,5 tgt 5,6 want WEST
V527I SEALNT 820 ph 5 fwd 1 hv 2
RC POS 820 id 3 seat 0 role raid fs 1 body 1 pos 7,4 stuck 0
RC WALK 820 id 3 role raid pos 7,4 tgt 5,6 want NORTH
RC POS 820 id 10 seat 3 role raid fs 1 body 2 pos 6,5 stuck 1622
RC WALK 820 id 10 role raid pos 6,5 tgt 5,6 want WEST
V527I SEALNT 821 ph 5 fwd 1 hv 2
RC POS 821 id 3 seat 0 role raid fs 1 body 1 pos 7,3 stuck 0
RC POS 821 id 10 seat 3 role raid fs 1 body 2 pos 6,5 stuck 1624
RC WALK 821 id 10 role raid pos 6,5 tgt 5,6 want WEST
V527I SEALNT 822 ph 5 fwd 1 hv 2
RC POS 822 id 3 seat 0 role raid fs 1 body 1 pos 7,4 stuck 0
RC WALK 822 id 3 role raid pos 7,4 tgt 5,6 want NORTH
RC POS 822 id 10 seat 3 role raid fs 1 body 2 pos 6,5 stuck 1626
RC WALK 822 id 10 role raid pos 6,5 tgt 5,6 want WEST
V527I SEALNT 823 ph 5 fwd 1 hv 2
RC POS 823 id 3 seat 0 role raid fs 1 body 1 pos 7,3 stuck 0
RC POS 823 id 10 seat 3 role raid fs 1 body 2 pos 6,5 stuck 1628
RC WALK 823 id 10 role raid pos 6,5 tgt 6,9 want SOUTH
V527I SEALNT 824 ph 5 fwd 1 hv 2
RC POS 824 id 3 seat 0 role raid fs 1 body 1 pos 7,4 stuck 0
RC WALK 824 id 3 role raid pos 7,4 tgt 6,9 want NORTH
RC POS 824 id 10 seat 3 role raid fs 1 body 2 pos 6,5 stuck 1630
RC WALK 824 id 10 role raid pos 6,5 tgt 6,9 want SOUTH
V527I SEALNT 825 ph 5 fwd 1 hv 2
RC POS 825 id 3 seat 0 role raid fs 1 body 1 pos 7,3 stuck 0
RC POS 825 id 10 seat 3 role raid fs 1 body 2 pos 6,5 stuck 1632
RC WALK 825 id 10 role raid pos 6,5 tgt 6,9 want SOUTH
V527I SEALNT 826 ph 5 fwd 1 hv 2
RC POS 826 id 3 seat 0 role raid fs 1 body 1 pos 7,4 stuck 0
RC WALK 826 id 3 role raid pos 7,4 tgt 6,9 want NORTH
RC POS 826 id 10 seat 3 role raid fs 1 body 2 pos 6,5 stuck 1634
RC WALK 826 id 10 role raid pos 6,5 tgt 6,9 want SOUTH
V527I SEALNT 827 ph 5 fwd 1 hv 2
RC POS 827 id 3 seat 0 role raid fs 1 body 1 pos 7,3 stuck 0
RC POS 827 id 10 seat 3 role raid fs 1 body 2 pos 6,5 stuck 1636
RC WALK 827 id 10 role raid pos 6,5 tgt 6,9 want SOUTH
V527I SEALNT 828 ph 5 fwd 1 hv 2
RC POS 828 id 3 seat 0 role raid fs 1 body 1 pos 7,4 stuck 0
RC WALK 828 id 3 role raid pos 7,4 tgt 6,9 want NORTH
RC POS 828 id 10 seat 3 role raid fs 1 body 2 pos 6,5 stuck 1638
RC WALK 828 id 10 role raid pos 6,5 tgt 6,9 want SOUTH
V527I SEALNT 829 ph 5 fwd 1 hv 2
RC POS 829 id 3 seat 0 role raid fs 1 body 1 pos 7,3 stuck 0
RC POS 829 id 10 seat 3 role raid fs 1 body 2 pos 6,5 stuck 1640
RC WALK 829 id 10 role raid pos 6,5 tgt 6,9 want SOUTH
V527I SEALNT 830 ph 5 fwd 1 hv 2
RC POS 830 id 3 seat 0 role raid fs 1 body 1 pos 7,4 stuck 0
RC WALK 830 id 3 role raid pos 7,4 tgt 6,9 want NORTH
RC POS 830 id 10 seat 3 role raid fs 1 body 2 pos 6,5 stuck 1642
RC WALK 830 id 10 role raid pos 6,5 tgt 6,9 want SOUTH
V527I SEALNT 831 ph 5 fwd 1 hv 2
RC POS 831 id 3 seat 0 role raid fs 1 body 1 pos 7,3 stuck 0
RC POS 831 id 10 seat 3 role raid fs 1 body 2 pos 6,5 stuck 1644
RC WALK 831 id 10 role raid pos 6,5 tgt 6,9 want SOUTH
V527I SEALNT 832 ph 5 fwd 1 hv 2
RC POS 832 id 3 seat 0 role raid fs 1 body 1 pos 7,4 stuck 0
RC WALK 832 id 3 role raid pos 7,4 tgt 6,9 want NORTH
RC POS 832 id 10 seat 3 role raid fs 1 body 2 pos 6,5 stuck 1646
RC WALK 832 id 10 role raid pos 6,5 tgt 6,9 want SOUTH
V527I SEALNT 833 ph 5 fwd 1 hv 2
RC POS 833 id 3 seat 0 role raid fs 1 body 1 pos 7,3 stuck 0
RC POS 833 id 10 seat 3 role raid fs 1 body 2 pos 6,5 stuck 1648
RC WALK 833 id 10 role raid pos 6,5 tgt 6,9 want SOUTH
V527I SEALNT 834 ph 5 fwd 1 hv 2
RC POS 834 id 3 seat 0 role raid fs 1 body 1 pos 7,4 stuck 0
RC WALK 834 id 3 role raid pos 7,4 tgt 6,9 want NORTH
RC POS 834 id 10 seat 3 role raid fs 1 body 2 pos 6,5 stuck 1650
RC WALK 834 id 10 role raid pos 6,5 tgt 6,9 want SOUTH
V527I SEALNT 835 ph 5 fwd 1 hv 2
RC POS 835 id 3 seat 0 role raid fs 1 body 1 pos 7,3 stuck 0
RC POS 835 id 10 seat 3 role raid fs 1 body 2 pos 6,5 stuck 1652
RC WALK 835 id 10 role raid pos 6,5 tgt 6,9 want SOUTH
V527I SEALNT 836 ph 5 fwd 1 hv 2
RC POS 836 id 3 seat 0 role raid fs 1 body 1 pos 7,4 stuck 0
RC WALK 836 id 3 role raid pos 7,4 tgt 6,9 want NORTH
RC POS 836 id 10 seat 3 role raid fs 1 body 2 pos 6,5 stuck 1654
RC WALK 836 id 10 role raid pos 6,5 tgt 6,9 want SOUTH
V527I SEALNT 837 ph 5 fwd 1 hv 2
RC POS 837 id 3 seat 0 role raid fs 1 body 1 pos 7,3 stuck 0
RC POS 837 id 10 seat 3 role raid fs 1 body 2 pos 6,5 stuck 1656
RC WALK 837 id 10 role raid pos 6,5 tgt 6,9 want SOUTH
V527I SEALNT 838 ph 5 fwd 1 hv 2
RC POS 838 id 3 seat 0 role raid fs 1 body 1 pos 7,4 stuck 0
RC WALK 838 id 3 role raid pos 7,4 tgt 6,9 want NORTH
RC POS 838 id 10 seat 3 role raid fs 1 body 2 pos 6,5 stuck 1658
RC WALK 838 id 10 role raid pos 6,5 tgt 6,9 want SOUTH
V527I SEALNT 839 ph 5 fwd 1 hv 2
RC POS 839 id 3 seat 0 role raid fs 1 body 1 pos 7,3 stuck 0
RC POS 839 id 10 seat 3 role raid fs 1 body 2 pos 6,5 stuck 1660
RC WALK 839 id 10 role raid pos 6,5 tgt 6,9 want SOUTH
V527I SEALNT 840 ph 5 fwd 1 hv 2
RC POS 840 id 3 seat 0 role raid fs 1 body 1 pos 7,4 stuck 0
RC WALK 840 id 3 role raid pos 7,4 tgt 6,9 want NORTH
RC POS 840 id 10 seat 3 role raid fs 1 body 2 pos 6,5 stuck 1662
RC WALK 840 id 10 role raid pos 6,5 tgt 6,9 want SOUTH
V527I SEALNT 841 ph 5 fwd 1 hv 2
RC POS 841 id 3 seat 0 role raid fs 1 body 1 pos 7,3 stuck 0
RC POS 841 id 10 seat 3 role raid fs 1 body 2 pos 6,5 stuck 1664
RC WALK 841 id 10 role raid pos 6,5 tgt 5,6 want WEST
V527I SEALNT 842 ph 5 fwd 1 hv 2
RC POS 842 id 3 seat 0 role raid fs 1 body 1 pos 7,4 stuck 0
RC WALK 842 id 3 role raid pos 7,4 tgt 5,6 want NORTH
RC POS 842 id 10 seat 3 role raid fs 1 body 2 pos 6,5 stuck 1666
RC WALK 842 id 10 role raid pos 6,5 tgt 5,6 want WEST
V527I SEALNT 843 ph 5 fwd 1 hv 2
RC POS 843 id 3 seat 0 role raid fs 1 body 1 pos 7,3 stuck 0
RC POS 843 id 10 seat 3 role raid fs 1 body 2 pos 6,5 stuck 1668
RC WALK 843 id 10 role raid pos 6,5 tgt 5,6 want WEST
V527I SEALNT 844 ph 5 fwd 1 hv 2
RC POS 844 id 3 seat 0 role raid fs 1 body 1 pos 7,4 stuck 0
RC WALK 844 id 3 role raid pos 7,4 tgt 5,6 want NORTH
RC POS 844 id 10 seat 3 role raid fs 1 body 2 pos 6,5 stuck 1670
RC WALK 844 id 10 role raid pos 6,5 tgt 5,6 want WEST
V527I SEALNT 845 ph 5 fwd 1 hv 2
RC POS 845 id 3 seat 0 role raid fs 1 body 1 pos 7,3 stuck 0
RC POS 845 id 10 seat 3 role raid fs 1 body 2 pos 6,5 stuck 1672
RC WALK 845 id 10 role raid pos 6,5 tgt 5,6 want WEST
V527I SEALNT 846 ph 5 fwd 1 hv 2
RC POS 846 id 3 seat 0 role raid fs 1 body 1 pos 7,4 stuck 0
RC WALK 846 id 3 role raid pos 7,4 tgt 5,6 want NORTH
RC POS 846 id 10 seat 3 role raid fs 1 body 2 pos 6,5 stuck 1674
RC WALK 846 id 10 role raid pos 6,5 tgt 5,6 want WEST
V527I SEALNT 847 ph 5 fwd 1 hv 2
RC POS 847 id 3 seat 0 role raid fs 1 body 1 pos 7,3 stuck 0
RC POS 847 id 10 seat 3 role raid fs 1 body 2 pos 6,5 stuck 1676
RC WALK 847 id 10 role raid pos 6,5 tgt 5,6 want WEST
V527I SEALNT 848 ph 5 fwd 1 hv 2
RC POS 848 id 3 seat 0 role raid fs 1 body 1 pos 7,4 stuck 0
RC WALK 848 id 3 role raid pos 7,4 tgt 5,8 want NORTH
RC POS 848 id 10 seat 3 role raid fs 1 body 2 pos 6,5 stuck 1678
RC WALK 848 id 10 role raid pos 6,5 tgt 6,9 want SOUTH
V527I SEALNT 849 ph 5 fwd 1 hv 2
RC POS 849 id 3 seat 0 role raid fs 1 body 1 pos 7,3 stuck 0
RC POS 849 id 10 seat 3 role raid fs 1 body 2 pos 6,5 stuck 1680
RC WALK 849 id 10 role raid pos 6,5 tgt 6,9 want SOUTH
V527I SEALNT 850 ph 5 fwd 1 hv 2
RC POS 850 id 3 seat 0 role raid fs 1 body 1 pos 7,4 stuck 0
RC WALK 850 id 3 role raid pos 7,4 tgt 6,9 want NORTH
RC POS 850 id 10 seat 3 role raid fs 1 body 2 pos 6,5 stuck 1682
RC WALK 850 id 10 role raid pos 6,5 tgt 6,9 want SOUTH
V527I SEALNT 851 ph 5 fwd 1 hv 2
RC POS 851 id 3 seat 0 role raid fs 1 body 1 pos 7,3 stuck 0
RC POS 851 id 10 seat 3 role raid fs 1 body 2 pos 6,5 stuck 1684
RC WALK 851 id 10 role raid pos 6,5 tgt 6,9 want SOUTH
V527I SEALNT 852 ph 5 fwd 1 hv 2
RC POS 852 id 3 seat 0 role raid fs 1 body 1 pos 7,4 stuck 0
RC WALK 852 id 3 role raid pos 7,4 tgt 6,9 want NORTH
RC POS 852 id 10 seat 3 role raid fs 1 body 2 pos 6,5 stuck 1686
RC WALK 852 id 10 role raid pos 6,5 tgt 6,9 want SOUTH
V527I SEALNT 853 ph 5 fwd 1 hv 2
RC POS 853 id 3 seat 0 role raid fs 1 body 1 pos 7,3 stuck 0
RC POS 853 id 10 seat 3 role raid fs 1 body 2 pos 6,5 stuck 1688
RC WALK 853 id 10 role raid pos 6,5 tgt 6,9 want SOUTH
V527I SEALNT 854 ph 5 fwd 1 hv 2
RC POS 854 id 3 seat 0 role raid fs 1 body 1 pos 7,4 stuck 0
RC WALK 854 id 3 role raid pos 7,4 tgt 6,9 want NORTH
RC POS 854 id 10 seat 3 role raid fs 1 body 2 pos 6,5 stuck 1690
RC WALK 854 id 10 role raid pos 6,5 tgt 6,9 want SOUTH
V527I SEALNT 855 ph 5 fwd 1 hv 2
RC POS 855 id 3 seat 0 role raid fs 1 body 1 pos 7,3 stuck 0
RC POS 855 id 10 seat 3 role raid fs 1 body 2 pos 6,5 stuck 1692
RC WALK 855 id 10 role raid pos 6,5 tgt 6,9 want SOUTH
V527I SEALNT 856 ph 5 fwd 1 hv 2
RC POS 856 id 3 seat 0 role raid fs 1 body 1 pos 7,4 stuck 0
RC WALK 856 id 3 role raid pos 7,4 tgt 6,9 want NORTH
RC POS 856 id 10 seat 3 role raid fs 1 body 2 pos 6,5 stuck 1694
RC WALK 856 id 10 role raid pos 6,5 tgt 6,9 want SOUTH
V527I SEALNT 857 ph 5 fwd 1 hv 2
RC POS 857 id 3 seat 0 role raid fs 1 body 1 pos 7,3 stuck 0
RC POS 857 id 10 seat 3 role raid fs 1 body 2 pos 6,5 stuck 1696
RC WALK 857 id 10 role raid pos 6,5 tgt 6,9 want SOUTH
V527I SEALNT 858 ph 5 fwd 1 hv 2
RC POS 858 id 3 seat 0 role raid fs 1 body 1 pos 7,4 stuck 0
RC WALK 858 id 3 role raid pos 7,4 tgt 6,9 want NORTH
RC POS 858 id 10 seat 3 role raid fs 1 body 2 pos 6,5 stuck 1698
RC WALK 858 id 10 role raid pos 6,5 tgt 6,9 want SOUTH
V527I SEALNT 859 ph 5 fwd 1 hv 2
RC POS 859 id 3 seat 0 role raid fs 1 body 1 pos 7,3 stuck 0
RC POS 859 id 10 seat 3 role raid fs 1 body 2 pos 6,5 stuck 1700
RC WALK 859 id 10 role raid pos 6,5 tgt 6,9 want SOUTH
V527I SEALNT 860 ph 5 fwd 1 hv 2
RC POS 860 id 3 seat 0 role raid fs 1 body 1 pos 7,4 stuck 0
RC WALK 860 id 3 role raid pos 7,4 tgt 6,9 want NORTH
RC POS 860 id 10 seat 3 role raid fs 1 body 2 pos 6,5 stuck 1702
RC WALK 860 id 10 role raid pos 6,5 tgt 6,9 want SOUTH
RC POS 860 id 13 seat 4 role defend fs 0 body 1 pos 3,4 stuck 43
RC WALK 860 id 13 role defend pos 3,4 tgt 4,6 want EAST
V527I SEALNT 861 ph 5 fwd 1 hv 2
RC POS 861 id 3 seat 0 role raid fs 1 body 1 pos 7,3 stuck 0
RC POS 861 id 10 seat 3 role raid fs 1 body 2 pos 6,5 stuck 1704
RC WALK 861 id 10 role raid pos 6,5 tgt 5,6 want WEST
RC POS 861 id 13 seat 4 role defend fs 0 body 1 pos 4,4 stuck 0
RC WALK 861 id 13 role defend pos 4,4 tgt 3,4 want WEST
V527I SEALNT 862 ph 5 fwd 1 hv 2
RC POS 862 id 3 seat 0 role raid fs 1 body 1 pos 7,4 stuck 0
RC WALK 862 id 3 role raid pos 7,4 tgt 5,6 want NORTH
RC POS 862 id 10 seat 3 role raid fs 1 body 2 pos 6,5 stuck 1706
RC WALK 862 id 10 role raid pos 6,5 tgt 5,6 want WEST
V527I SEALNT 863 ph 5 fwd 1 hv 2
RC POS 863 id 3 seat 0 role raid fs 1 body 1 pos 7,3 stuck 0
RC POS 863 id 10 seat 3 role raid fs 1 body 2 pos 6,5 stuck 1708
RC WALK 863 id 10 role raid pos 6,5 tgt 5,6 want WEST
V527I SEALNT 864 ph 5 fwd 1 hv 2
RC POS 864 id 3 seat 0 role raid fs 1 body 1 pos 7,4 stuck 0
RC WALK 864 id 3 role raid pos 7,4 tgt 5,6 want NORTH
RC POS 864 id 10 seat 3 role raid fs 1 body 2 pos 6,5 stuck 1710
RC WALK 864 id 10 role raid pos 6,5 tgt 5,6 want WEST
V527I SEALNT 865 ph 5 fwd 1 hv 2
RC POS 865 id 3 seat 0 role raid fs 1 body 1 pos 7,3 stuck 0
RC POS 865 id 10 seat 3 role raid fs 1 body 2 pos 6,5 stuck 1712
RC WALK 865 id 10 role raid pos 6,5 tgt 5,6 want WEST
V527I SEALNT 866 ph 5 fwd 1 hv 2
RC POS 866 id 3 seat 0 role raid fs 1 body 1 pos 7,4 stuck 0
RC WALK 866 id 3 role raid pos 7,4 tgt 5,6 want NORTH
RC POS 866 id 10 seat 3 role raid fs 1 body 2 pos 6,5 stuck 1714
RC WALK 866 id 10 role raid pos 6,5 tgt 4,6 want WEST
V527I SEALNT 867 ph 5 fwd 1 hv 2
RC POS 867 id 3 seat 0 role raid fs 1 body 1 pos 7,3 stuck 0
RC POS 867 id 10 seat 3 role raid fs 1 body 2 pos 6,5 stuck 1716
RC WALK 867 id 10 role raid pos 6,5 tgt 6,9 want SOUTH
V527I SEALNT 868 ph 5 fwd 1 hv 2
RC POS 868 id 3 seat 0 role raid fs 1 body 1 pos 7,4 stuck 0
RC WALK 868 id 3 role raid pos 7,4 tgt 6,9 want NORTH
RC POS 868 id 10 seat 3 role raid fs 1 body 2 pos 6,5 stuck 1718
RC WALK 868 id 10 role raid pos 6,5 tgt 6,9 want SOUTH
V527I SEALNT 869 ph 5 fwd 1 hv 2
RC POS 869 id 3 seat 0 role raid fs 1 body 1 pos 7,3 stuck 0
RC POS 869 id 10 seat 3 role raid fs 1 body 2 pos 6,5 stuck 1720
RC WALK 869 id 10 role raid pos 6,5 tgt 6,9 want SOUTH
V527I SEALNT 870 ph 5 fwd 1 hv 2
RC POS 870 id 3 seat 0 role raid fs 1 body 1 pos 7,4 stuck 0
RC WALK 870 id 3 role raid pos 7,4 tgt 6,9 want NORTH
RC POS 870 id 10 seat 3 role raid fs 1 body 2 pos 6,5 stuck 1722
RC WALK 870 id 10 role raid pos 6,5 tgt 6,9 want SOUTH
V527I SEALNT 871 ph 5 fwd 1 hv 2
RC POS 871 id 3 seat 0 role raid fs 1 body 1 pos 7,3 stuck 0
RC POS 871 id 10 seat 3 role raid fs 1 body 2 pos 6,5 stuck 1724
RC WALK 871 id 10 role raid pos 6,5 tgt 6,9 want SOUTH
V527I SEALNT 872 ph 5 fwd 1 hv 2
RC POS 872 id 3 seat 0 role raid fs 1 body 1 pos 7,4 stuck 0
RC WALK 872 id 3 role raid pos 7,4 tgt 6,9 want NORTH
RC POS 872 id 10 seat 3 role raid fs 1 body 2 pos 6,5 stuck 1726
RC WALK 872 id 10 role raid pos 6,5 tgt 6,9 want SOUTH
V527I SEALNT 873 ph 5 fwd 1 hv 2
RC POS 873 id 3 seat 0 role raid fs 1 body 1 pos 7,3 stuck 0
RC POS 873 id 10 seat 3 role raid fs 1 body 2 pos 6,5 stuck 1728
RC WALK 873 id 10 role raid pos 6,5 tgt 6,9 want SOUTH
V527I SEALNT 874 ph 5 fwd 1 hv 2
RC POS 874 id 3 seat 0 role raid fs 1 body 1 pos 7,4 stuck 0
RC WALK 874 id 3 role raid pos 7,4 tgt 6,9 want NORTH
RC POS 874 id 10 seat 3 role raid fs 1 body 2 pos 6,5 stuck 1730
RC WALK 874 id 10 role raid pos 6,5 tgt 6,9 want SOUTH
V527I SEALNT 875 ph 5 fwd 1 hv 2
RC POS 875 id 3 seat 0 role raid fs 1 body 1 pos 7,3 stuck 0
RC POS 875 id 10 seat 3 role raid fs 1 body 2 pos 6,5 stuck 1732
RC WALK 875 id 10 role raid pos 6,5 tgt 6,9 want SOUTH
V527I SEALNT 876 ph 5 fwd 1 hv 2
RC POS 876 id 3 seat 0 role raid fs 1 body 1 pos 7,4 stuck 0
RC WALK 876 id 3 role raid pos 7,4 tgt 6,9 want NORTH
RC POS 876 id 10 seat 3 role raid fs 1 body 2 pos 6,5 stuck 1734
RC WALK 876 id 10 role raid pos 6,5 tgt 6,9 want SOUTH
V527I SEALNT 877 ph 5 fwd 1 hv 2
RC POS 877 id 3 seat 0 role raid fs 1 body 1 pos 7,3 stuck 0
RC POS 877 id 10 seat 3 role raid fs 1 body 2 pos 6,5 stuck 1736
RC WALK 877 id 10 role raid pos 6,5 tgt 6,9 want SOUTH
V527I SEALNT 878 ph 5 fwd 1 hv 2
RC POS 878 id 3 seat 0 role raid fs 1 body 1 pos 7,4 stuck 0
RC WALK 878 id 3 role raid pos 7,4 tgt 6,9 want NORTH
RC POS 878 id 10 seat 3 role raid fs 1 body 2 pos 6,5 stuck 1738
RC WALK 878 id 10 role raid pos 6,5 tgt 6,9 want SOUTH
V527I SEALNT 879 ph 5 fwd 1 hv 2
RC POS 879 id 3 seat 0 role raid fs 1 body 1 pos 7,3 stuck 0
RC POS 879 id 10 seat 3 role raid fs 1 body 2 pos 6,5 stuck 1740
RC WALK 879 id 10 role raid pos 6,5 tgt 6,9 want SOUTH
V527I SEALNT 880 ph 5 fwd 1 hv 2
RC POS 880 id 3 seat 0 role raid fs 1 body 1 pos 7,4 stuck 0
RC WALK 880 id 3 role raid pos 7,4 tgt 6,9 want NORTH
RC POS 880 id 10 seat 3 role raid fs 1 body 2 pos 6,5 stuck 1742
RC WALK 880 id 10 role raid pos 6,5 tgt 6,9 want SOUTH
V527I SEALNT 881 ph 5 fwd 1 hv 2
RC POS 881 id 3 seat 0 role raid fs 1 body 1 pos 7,3 stuck 0
RC POS 881 id 10 seat 3 role raid fs 1 body 2 pos 6,5 stuck 1744
RC WALK 881 id 10 role raid pos 6,5 tgt 6,9 want SOUTH
V527I SEALNT 882 ph 5 fwd 1 hv 2
RC POS 882 id 3 seat 0 role raid fs 1 body 1 pos 7,4 stuck 0
RC WALK 882 id 3 role raid pos 7,4 tgt 6,9 want NORTH
RC POS 882 id 10 seat 3 role raid fs 1 body 2 pos 6,5 stuck 1746
RC WALK 882 id 10 role raid pos 6,5 tgt 6,9 want SOUTH
V527I SEALNT 883 ph 5 fwd 1 hv 2
RC POS 883 id 3 seat 0 role raid fs 1 body 1 pos 7,3 stuck 0
RC POS 883 id 10 seat 3 role raid fs 1 body 2 pos 6,5 stuck 1748
RC WALK 883 id 10 role raid pos 6,5 tgt 6,9 want SOUTH
V527I SEALNT 884 ph 5 fwd 1 hv 2
RC POS 884 id 3 seat 0 role raid fs 1 body 1 pos 7,4 stuck 0
RC WALK 884 id 3 role raid pos 7,4 tgt 6,9 want NORTH
RC POS 884 id 10 seat 3 role raid fs 1 body 2 pos 6,5 stuck 1750
RC WALK 884 id 10 role raid pos 6,5 tgt 6,9 want SOUTH
V527I SEALNT 885 ph 5 fwd 1 hv 2
RC POS 885 id 3 seat 0 role raid fs 1 body 1 pos 7,3 stuck 0
RC POS 885 id 10 seat 3 role raid fs 1 body 2 pos 6,5 stuck 1752
RC WALK 885 id 10 role raid pos 6,5 tgt 5,6 want WEST
V527I SEALNT 886 ph 5 fwd 1 hv 2
RC POS 886 id 3 seat 0 role raid fs 1 body 1 pos 7,4 stuck 0
RC WALK 886 id 3 role raid pos 7,4 tgt 5,6 want NORTH
RC POS 886 id 10 seat 3 role raid fs 1 body 2 pos 6,5 stuck 1754
RC WALK 886 id 10 role raid pos 6,5 tgt 5,6 want WEST
V527I SEALNT 887 ph 5 fwd 1 hv 2
RC POS 887 id 3 seat 0 role raid fs 1 body 1 pos 7,3 stuck 0
RC POS 887 id 10 seat 3 role raid fs 1 body 2 pos 6,5 stuck 1756
RC WALK 887 id 10 role raid pos 6,5 tgt 5,6 want WEST
V527I SEALNT 888 ph 5 fwd 1 hv 2
RC POS 888 id 3 seat 0 role raid fs 1 body 1 pos 7,4 stuck 0
RC WALK 888 id 3 role raid pos 7,4 tgt 5,6 want NORTH
RC POS 888 id 10 seat 3 role raid fs 1 body 2 pos 6,5 stuck 1758
RC WALK 888 id 10 role raid pos 6,5 tgt 5,6 want WEST
RC POS 888 id 13 seat 4 role defend fs 0 body 1 pos 3,4 stuck 26
RC WALK 888 id 13 role defend pos 3,4 tgt 2,6 want WEST
V527I SEALNT 889 ph 5 fwd 1 hv 2
RC POS 889 id 3 seat 0 role raid fs 1 body 1 pos 7,3 stuck 0
RC POS 889 id 10 seat 3 role raid fs 1 body 2 pos 6,5 stuck 1760
RC WALK 889 id 10 role raid pos 6,5 tgt 5,6 want WEST
V527I SEALNT 890 ph 5 fwd 1 hv 2
RC POS 890 id 3 seat 0 role raid fs 1 body 1 pos 7,4 stuck 0
RC WALK 890 id 3 role raid pos 7,4 tgt 5,6 want NORTH
RC POS 890 id 10 seat 3 role raid fs 1 body 2 pos 6,5 stuck 1762
RC WALK 890 id 10 role raid pos 6,5 tgt 5,6 want WEST
V527I SEALNT 891 ph 5 fwd 1 hv 2
RC POS 891 id 3 seat 0 role raid fs 1 body 1 pos 7,3 stuck 0
RC POS 891 id 10 seat 3 role raid fs 1 body 2 pos 6,5 stuck 1764
RC WALK 891 id 10 role raid pos 6,5 tgt 5,6 want WEST
V527I SEALNT 892 ph 5 fwd 1 hv 2
RC POS 892 id 3 seat 0 role raid fs 1 body 1 pos 7,4 stuck 0
RC WALK 892 id 3 role raid pos 7,4 tgt 4,7 want NORTH
RC POS 892 id 10 seat 3 role raid fs 1 body 2 pos 6,5 stuck 1766
RC WALK 892 id 10 role raid pos 6,5 tgt 6,9 want SOUTH
V527I SEALNT 893 ph 5 fwd 1 hv 2
RC POS 893 id 3 seat 0 role raid fs 1 body 1 pos 7,3 stuck 0
RC POS 893 id 10 seat 3 role raid fs 1 body 2 pos 6,5 stuck 1768
RC WALK 893 id 10 role raid pos 6,5 tgt 6,9 want SOUTH
V527I SEALNT 894 ph 5 fwd 1 hv 2
RC POS 894 id 3 seat 0 role raid fs 1 body 1 pos 7,4 stuck 0
RC WALK 894 id 3 role raid pos 7,4 tgt 6,9 want NORTH
RC POS 894 id 10 seat 3 role raid fs 1 body 2 pos 6,5 stuck 1770
RC WALK 894 id 10 role raid pos 6,5 tgt 6,9 want SOUTH
V527I SEALNT 895 ph 5 fwd 1 hv 2
RC POS 895 id 3 seat 0 role raid fs 1 body 1 pos 7,3 stuck 0
RC POS 895 id 10 seat 3 role raid fs 1 body 2 pos 6,5 stuck 1772
RC WALK 895 id 10 role raid pos 6,5 tgt 6,9 want SOUTH
V527I SEALNT 896 ph 5 fwd 1 hv 2
RC POS 896 id 3 seat 0 role raid fs 1 body 1 pos 7,4 stuck 0
RC WALK 896 id 3 role raid pos 7,4 tgt 6,9 want NORTH
RC POS 896 id 10 seat 3 role raid fs 1 body 2 pos 6,5 stuck 1774
RC WALK 896 id 10 role raid pos 6,5 tgt 6,9 want SOUTH
V527I SEALNT 897 ph 5 fwd 1 hv 2
RC POS 897 id 3 seat 0 role raid fs 1 body 1 pos 7,3 stuck 0
RC POS 897 id 10 seat 3 role raid fs 1 body 2 pos 6,5 stuck 1776
RC WALK 897 id 10 role raid pos 6,5 tgt 6,9 want SOUTH
V527I SEALNT 898 ph 5 fwd 1 hv 2
RC POS 898 id 3 seat 0 role raid fs 1 body 1 pos 7,4 stuck 0
RC WALK 898 id 3 role raid pos 7,4 tgt 6,9 want NORTH
RC POS 898 id 10 seat 3 role raid fs 1 body 2 pos 6,5 stuck 1778
RC WALK 898 id 10 role raid pos 6,5 tgt 6,9 want SOUTH
V527I SEALNT 899 ph 5 fwd 1 hv 2
RC POS 899 id 3 seat 0 role raid fs 1 body 1 pos 7,3 stuck 0
RC POS 899 id 10 seat 3 role raid fs 1 body 2 pos 6,5 stuck 1780
RC WALK 899 id 10 role raid pos 6,5 tgt 6,9 want SOUTH
V527I SEALNT 900 ph 5 fwd 1 hv 2
RC POS 900 id 3 seat 0 role raid fs 1 body 1 pos 7,4 stuck 0
RC WALK 900 id 3 role raid pos 7,4 tgt 6,9 want NORTH
RC POS 900 id 10 seat 3 role raid fs 1 body 2 pos 6,5 stuck 1782
RC WALK 900 id 10 role raid pos 6,5 tgt 5,6 want WEST
V527I SEALNT 901 ph 5 fwd 1 hv 2
RC POS 901 id 3 seat 0 role raid fs 1 body 1 pos 7,3 stuck 0
RC POS 901 id 10 seat 3 role raid fs 1 body 2 pos 6,5 stuck 1784
RC WALK 901 id 10 role raid pos 6,5 tgt 4,6 want WEST
V527I SEALNT 902 ph 5 fwd 1 hv 2
RC POS 902 id 3 seat 0 role raid fs 1 body 1 pos 7,4 stuck 0
RC WALK 902 id 3 role raid pos 7,4 tgt 6,9 want NORTH
RC POS 902 id 10 seat 3 role raid fs 1 body 2 pos 6,5 stuck 1786
RC WALK 902 id 10 role raid pos 6,5 tgt 6,9 want SOUTH
V527I SEALNT 903 ph 5 fwd 1 hv 2
RC POS 903 id 3 seat 0 role raid fs 1 body 1 pos 7,3 stuck 0
RC POS 903 id 10 seat 3 role raid fs 1 body 2 pos 6,5 stuck 1788
RC WALK 903 id 10 role raid pos 6,5 tgt 6,9 want SOUTH
V527I SEALNT 904 ph 5 fwd 1 hv 2
RC POS 904 id 3 seat 0 role raid fs 1 body 1 pos 7,4 stuck 0
RC WALK 904 id 3 role raid pos 7,4 tgt 6,9 want NORTH
RC POS 904 id 10 seat 3 role raid fs 1 body 2 pos 6,5 stuck 1790
RC WALK 904 id 10 role raid pos 6,5 tgt 6,9 want SOUTH
V527I SEALNT 905 ph 5 fwd 1 hv 2
RC POS 905 id 3 seat 0 role raid fs 1 body 1 pos 7,3 stuck 0
RC POS 905 id 10 seat 3 role raid fs 1 body 2 pos 6,5 stuck 1792
RC WALK 905 id 10 role raid pos 6,5 tgt 6,9 want SOUTH
V527I SEALNT 906 ph 5 fwd 1 hv 2
RC POS 906 id 3 seat 0 role raid fs 1 body 1 pos 7,4 stuck 0
RC WALK 906 id 3 role raid pos 7,4 tgt 5,6 want NORTH
RC POS 906 id 10 seat 3 role raid fs 1 body 2 pos 6,5 stuck 1794
RC WALK 906 id 10 role raid pos 6,5 tgt 5,6 want WEST
V527I SEALNT 907 ph 5 fwd 1 hv 2
RC POS 907 id 3 seat 0 role raid fs 1 body 1 pos 7,3 stuck 0
RC POS 907 id 10 seat 3 role raid fs 1 body 2 pos 6,5 stuck 1796
RC WALK 907 id 10 role raid pos 6,5 tgt 5,6 want WEST
V527I SEALNT 908 ph 5 fwd 1 hv 2
RC POS 908 id 3 seat 0 role raid fs 1 body 1 pos 7,4 stuck 0
RC WALK 908 id 3 role raid pos 7,4 tgt 5,6 want NORTH
RC POS 908 id 10 seat 3 role raid fs 1 body 2 pos 6,5 stuck 1798
RC WALK 908 id 10 role raid pos 6,5 tgt 5,6 want WEST
RC POS 908 id 13 seat 4 role defend fs 0 body 1 pos 2,4 stuck 19
RC WALK 908 id 13 role defend pos 2,4 tgt 3,6 want SOUTH
V527I SEALNT 909 ph 5 fwd 1 hv 2
RC POS 909 id 3 seat 0 role raid fs 1 body 1 pos 7,3 stuck 0
RC POS 909 id 10 seat 3 role raid fs 1 body 2 pos 6,5 stuck 1800
RC WALK 909 id 10 role raid pos 6,5 tgt 5,6 want WEST
RC POS 909 id 13 seat 4 role defend fs 0 body 1 pos 2,5 stuck 0
RC WALK 909 id 13 role defend pos 2,5 tgt 3,4 want NORTH
V527I SEALNT 910 ph 5 fwd 1 hv 2
RC POS 910 id 3 seat 0 role raid fs 1 body 1 pos 7,4 stuck 0
RC WALK 910 id 3 role raid pos 7,4 tgt 5,6 want NORTH
RC POS 910 id 10 seat 3 role raid fs 1 body 2 pos 6,5 stuck 1802
RC WALK 910 id 10 role raid pos 6,5 tgt 6,9 want SOUTH
V527I SEALNT 911 ph 5 fwd 1 hv 2
RC POS 911 id 3 seat 0 role raid fs 1 body 1 pos 7,3 stuck 0
RC POS 911 id 10 seat 3 role raid fs 1 body 2 pos 6,5 stuck 1804
RC WALK 911 id 10 role raid pos 6,5 tgt 6,9 want SOUTH
V527I SEALNT 912 ph 5 fwd 1 hv 2
RC POS 912 id 3 seat 0 role raid fs 1 body 1 pos 7,4 stuck 0
RC WALK 912 id 3 role raid pos 7,4 tgt 6,9 want NORTH
RC POS 912 id 10 seat 3 role raid fs 1 body 2 pos 6,5 stuck 1806
RC WALK 912 id 10 role raid pos 6,5 tgt 6,9 want SOUTH
V527I SEALNT 913 ph 5 fwd 1 hv 2
RC POS 913 id 3 seat 0 role raid fs 1 body 1 pos 7,3 stuck 0
RC POS 913 id 10 seat 3 role raid fs 1 body 2 pos 6,5 stuck 1808
RC WALK 913 id 10 role raid pos 6,5 tgt 6,9 want SOUTH
V527I SEALNT 914 ph 5 fwd 1 hv 2
RC POS 914 id 3 seat 0 role raid fs 1 body 1 pos 7,4 stuck 0
RC WALK 914 id 3 role raid pos 7,4 tgt 6,9 want NORTH
RC POS 914 id 10 seat 3 role raid fs 1 body 2 pos 6,5 stuck 1810
RC WALK 914 id 10 role raid pos 6,5 tgt 6,9 want SOUTH
V527I SEALNT 915 ph 5 fwd 1 hv 2
RC POS 915 id 3 seat 0 role raid fs 1 body 1 pos 7,3 stuck 0
RC POS 915 id 10 seat 3 role raid fs 1 body 2 pos 6,5 stuck 1812
RC WALK 915 id 10 role raid pos 6,5 tgt 6,9 want SOUTH
V527I SEALNT 916 ph 5 fwd 1 hv 2
RC POS 916 id 3 seat 0 role raid fs 1 body 1 pos 7,4 stuck 0
RC WALK 916 id 3 role raid pos 7,4 tgt 6,9 want NORTH
RC POS 916 id 10 seat 3 role raid fs 1 body 2 pos 6,5 stuck 1814
RC WALK 916 id 10 role raid pos 6,5 tgt 5,6 want WEST
V527I SEALNT 917 ph 5 fwd 1 hv 2
RC POS 917 id 3 seat 0 role raid fs 1 body 1 pos 7,3 stuck 0
RC POS 917 id 10 seat 3 role raid fs 1 body 2 pos 6,5 stuck 1816
RC WALK 917 id 10 role raid pos 6,5 tgt 4,6 want WEST
V527I SEALNT 918 ph 5 fwd 1 hv 2
RC POS 918 id 3 seat 0 role raid fs 1 body 1 pos 7,4 stuck 0
RC WALK 918 id 3 role raid pos 7,4 tgt 6,9 want NORTH
RC POS 918 id 10 seat 3 role raid fs 1 body 2 pos 6,5 stuck 1818
RC WALK 918 id 10 role raid pos 6,5 tgt 6,9 want SOUTH
V527I SEALNT 919 ph 5 fwd 1 hv 2
RC POS 919 id 3 seat 0 role raid fs 1 body 1 pos 7,3 stuck 0
RC POS 919 id 10 seat 3 role raid fs 1 body 2 pos 6,5 stuck 1820
RC WALK 919 id 10 role raid pos 6,5 tgt 6,9 want SOUTH
V527I SEALNT 920 ph 5 fwd 1 hv 2
RC POS 920 id 3 seat 0 role raid fs 1 body 1 pos 7,4 stuck 0
RC WALK 920 id 3 role raid pos 7,4 tgt 6,9 want NORTH
RC POS 920 id 10 seat 3 role raid fs 1 body 2 pos 6,5 stuck 1822
RC WALK 920 id 10 role raid pos 6,5 tgt 6,9 want SOUTH
V527I SEALNT 921 ph 5 fwd 1 hv 2
RC POS 921 id 3 seat 0 role raid fs 1 body 1 pos 7,3 stuck 0
RC POS 921 id 10 seat 3 role raid fs 1 body 2 pos 6,5 stuck 1824
RC WALK 921 id 10 role raid pos 6,5 tgt 6,9 want SOUTH
V527I SEALNT 922 ph 5 fwd 1 hv 2
RC POS 922 id 3 seat 0 role raid fs 1 body 1 pos 7,4 stuck 0
RC WALK 922 id 3 role raid pos 7,4 tgt 6,9 want NORTH
RC POS 922 id 10 seat 3 role raid fs 1 body 2 pos 6,5 stuck 1826
RC WALK 922 id 10 role raid pos 6,5 tgt 6,9 want SOUTH
V527I SEALNT 923 ph 5 fwd 1 hv 2
RC POS 923 id 3 seat 0 role raid fs 1 body 1 pos 7,3 stuck 0
RC POS 923 id 10 seat 3 role raid fs 1 body 2 pos 6,5 stuck 1828
RC WALK 923 id 10 role raid pos 6,5 tgt 6,9 want SOUTH
V527I SEALNT 924 ph 5 fwd 1 hv 2
RC POS 924 id 3 seat 0 role raid fs 1 body 1 pos 7,4 stuck 0
RC WALK 924 id 3 role raid pos 7,4 tgt 6,9 want NORTH
RC POS 924 id 10 seat 3 role raid fs 1 body 2 pos 6,5 stuck 1830
RC WALK 924 id 10 role raid pos 6,5 tgt 5,6 want WEST
V527I SEALNT 925 ph 5 fwd 1 hv 2
RC POS 925 id 3 seat 0 role raid fs 1 body 1 pos 7,3 stuck 0
RC POS 925 id 10 seat 3 role raid fs 1 body 2 pos 6,5 stuck 1832
RC WALK 925 id 10 role raid pos 6,5 tgt 4,6 want WEST
V527I SEALNT 926 ph 5 fwd 1 hv 2
RC POS 926 id 3 seat 0 role raid fs 1 body 1 pos 7,4 stuck 0
RC WALK 926 id 3 role raid pos 7,4 tgt 6,9 want NORTH
RC POS 926 id 10 seat 3 role raid fs 1 body 2 pos 6,5 stuck 1834
RC WALK 926 id 10 role raid pos 6,5 tgt 6,9 want SOUTH
V527I SEALNT 927 ph 5 fwd 1 hv 2
RC POS 927 id 3 seat 0 role raid fs 1 body 1 pos 7,3 stuck 0
RC POS 927 id 10 seat 3 role raid fs 1 body 2 pos 6,5 stuck 1836
RC WALK 927 id 10 role raid pos 6,5 tgt 6,9 want SOUTH
V527I SEALNT 928 ph 5 fwd 1 hv 2
RC POS 928 id 3 seat 0 role raid fs 1 body 1 pos 7,4 stuck 0
RC WALK 928 id 3 role raid pos 7,4 tgt 6,9 want NORTH
RC POS 928 id 10 seat 3 role raid fs 1 body 2 pos 6,5 stuck 1838
RC WALK 928 id 10 role raid pos 6,5 tgt 6,9 want SOUTH
V527I SEALNT 929 ph 5 fwd 1 hv 2
RC POS 929 id 3 seat 0 role raid fs 1 body 1 pos 7,3 stuck 0
RC POS 929 id 10 seat 3 role raid fs 1 body 2 pos 6,5 stuck 1840
RC WALK 929 id 10 role raid pos 6,5 tgt 6,9 want SOUTH
V527I SEALNT 930 ph 5 fwd 1 hv 2
RC POS 930 id 3 seat 0 role raid fs 1 body 1 pos 7,4 stuck 0
RC WALK 930 id 3 role raid pos 7,4 tgt 5,6 want NORTH
RC POS 930 id 10 seat 3 role raid fs 1 body 2 pos 6,5 stuck 1842
RC WALK 930 id 10 role raid pos 6,5 tgt 5,6 want WEST
V527I SEALNT 931 ph 5 fwd 1 hv 2
RC POS 931 id 3 seat 0 role raid fs 1 body 1 pos 7,3 stuck 0
RC POS 931 id 10 seat 3 role raid fs 1 body 2 pos 6,5 stuck 1844
RC WALK 931 id 10 role raid pos 6,5 tgt 5,6 want WEST
V527I SEALNT 932 ph 5 fwd 1 hv 2
RC POS 932 id 3 seat 0 role raid fs 1 body 1 pos 7,4 stuck 0
RC WALK 932 id 3 role raid pos 7,4 tgt 5,6 want NORTH
RC POS 932 id 10 seat 3 role raid fs 1 body 2 pos 6,5 stuck 1846
RC WALK 932 id 10 role raid pos 6,5 tgt 5,6 want WEST
V527I SEALNT 933 ph 5 fwd 1 hv 2
RC POS 933 id 3 seat 0 role raid fs 1 body 1 pos 7,3 stuck 0
RC POS 933 id 10 seat 3 role raid fs 1 body 2 pos 6,5 stuck 1848
RC WALK 933 id 10 role raid pos 6,5 tgt 5,6 want WEST
V527I SEALNT 934 ph 5 fwd 1 hv 2
RC POS 934 id 3 seat 0 role raid fs 1 body 1 pos 7,4 stuck 0
RC WALK 934 id 3 role raid pos 7,4 tgt 5,6 want NORTH
RC POS 934 id 10 seat 3 role raid fs 1 body 2 pos 6,5 stuck 1850
RC WALK 934 id 10 role raid pos 6,5 tgt 6,9 want SOUTH
V527I SEALNT 935 ph 5 fwd 1 hv 2
RC POS 935 id 3 seat 0 role raid fs 1 body 1 pos 7,3 stuck 0
RC POS 935 id 10 seat 3 role raid fs 1 body 2 pos 6,5 stuck 1852
RC WALK 935 id 10 role raid pos 6,5 tgt 6,9 want SOUTH
V527I SEALNT 936 ph 5 fwd 1 hv 2
RC POS 936 id 3 seat 0 role raid fs 1 body 1 pos 7,4 stuck 0
RC WALK 936 id 3 role raid pos 7,4 tgt 6,9 want NORTH
RC POS 936 id 10 seat 3 role raid fs 1 body 2 pos 6,5 stuck 1854
RC WALK 936 id 10 role raid pos 6,5 tgt 6,9 want SOUTH
V527I SEALNT 937 ph 5 fwd 1 hv 2
RC POS 937 id 3 seat 0 role raid fs 1 body 1 pos 7,3 stuck 0
RC POS 937 id 10 seat 3 role raid fs 1 body 2 pos 6,5 stuck 1856
RC WALK 937 id 10 role raid pos 6,5 tgt 6,9 want SOUTH
V527I SEALNT 938 ph 5 fwd 1 hv 2
RC POS 938 id 3 seat 0 role raid fs 1 body 1 pos 7,4 stuck 0
RC WALK 938 id 3 role raid pos 7,4 tgt 6,9 want NORTH
RC POS 938 id 10 seat 3 role raid fs 1 body 2 pos 6,5 stuck 1858
RC WALK 938 id 10 role raid pos 6,5 tgt 6,9 want SOUTH
V527I SEALNT 939 ph 5 fwd 1 hv 2
RC POS 939 id 3 seat 0 role raid fs 1 body 1 pos 7,3 stuck 0
RC POS 939 id 10 seat 3 role raid fs 1 body 2 pos 6,5 stuck 1860
RC WALK 939 id 10 role raid pos 6,5 tgt 6,9 want SOUTH
V527I SEALNT 940 ph 5 fwd 1 hv 2
RC POS 940 id 3 seat 0 role raid fs 1 body 1 pos 7,4 stuck 0
RC WALK 940 id 3 role raid pos 7,4 tgt 6,9 want NORTH
RC POS 940 id 10 seat 3 role raid fs 1 body 2 pos 6,5 stuck 1862
RC WALK 940 id 10 role raid pos 6,5 tgt 5,6 want WEST
V527I SEALNT 941 ph 5 fwd 1 hv 2
RC POS 941 id 3 seat 0 role raid fs 1 body 1 pos 7,3 stuck 0
RC POS 941 id 10 seat 3 role raid fs 1 body 2 pos 6,5 stuck 1864
RC WALK 941 id 10 role raid pos 6,5 tgt 4,6 want WEST
V527I SEALNT 942 ph 5 fwd 1 hv 2
RC POS 942 id 3 seat 0 role raid fs 1 body 1 pos 7,4 stuck 0
RC WALK 942 id 3 role raid pos 7,4 tgt 6,9 want NORTH
RC POS 942 id 10 seat 3 role raid fs 1 body 2 pos 6,5 stuck 1866
RC WALK 942 id 10 role raid pos 6,5 tgt 6,9 want SOUTH
V527I SEALNT 943 ph 5 fwd 1 hv 2
RC POS 943 id 3 seat 0 role raid fs 1 body 1 pos 7,3 stuck 0
RC POS 943 id 10 seat 3 role raid fs 1 body 2 pos 6,5 stuck 1868
RC WALK 943 id 10 role raid pos 6,5 tgt 6,9 want SOUTH
V527I SEALNT 944 ph 5 fwd 1 hv 2
RC POS 944 id 3 seat 0 role raid fs 1 body 1 pos 7,4 stuck 0
RC WALK 944 id 3 role raid pos 7,4 tgt 6,9 want NORTH
RC POS 944 id 10 seat 3 role raid fs 1 body 2 pos 6,5 stuck 1870
RC WALK 944 id 10 role raid pos 6,5 tgt 6,9 want SOUTH
V527I SEALNT 945 ph 5 fwd 1 hv 2
RC POS 945 id 3 seat 0 role raid fs 1 body 1 pos 7,3 stuck 0
RC POS 945 id 10 seat 3 role raid fs 1 body 2 pos 6,5 stuck 1872
RC WALK 945 id 10 role raid pos 6,5 tgt 6,9 want SOUTH
V527I SEALNT 946 ph 5 fwd 1 hv 2
RC POS 946 id 3 seat 0 role raid fs 1 body 1 pos 7,4 stuck 0
RC WALK 946 id 3 role raid pos 7,4 tgt 6,9 want NORTH
RC POS 946 id 10 seat 3 role raid fs 1 body 2 pos 6,5 stuck 1874
RC WALK 946 id 10 role raid pos 6,5 tgt 6,9 want SOUTH
V527I SEALNT 947 ph 5 fwd 1 hv 2
RC POS 947 id 3 seat 0 role raid fs 1 body 1 pos 7,3 stuck 0
RC POS 947 id 10 seat 3 role raid fs 1 body 2 pos 6,5 stuck 1876
RC WALK 947 id 10 role raid pos 6,5 tgt 6,9 want SOUTH
V527I SEALNT 948 ph 5 fwd 1 hv 2
RC POS 948 id 3 seat 0 role raid fs 1 body 1 pos 7,4 stuck 0
RC WALK 948 id 3 role raid pos 7,4 tgt 6,9 want NORTH
RC POS 948 id 10 seat 3 role raid fs 1 body 2 pos 6,5 stuck 1878
RC WALK 948 id 10 role raid pos 6,5 tgt 5,6 want WEST
RC POS 948 id 13 seat 4 role defend fs 0 body 1 pos 2,4 stuck 38
RC WALK 948 id 13 role defend pos 2,4 tgt 3,6 want SOUTH
V527I SEALNT 949 ph 5 fwd 1 hv 2
RC POS 949 id 3 seat 0 role raid fs 1 body 1 pos 7,3 stuck 0
RC POS 949 id 10 seat 3 role raid fs 1 body 2 pos 6,5 stuck 1880
RC WALK 949 id 10 role raid pos 6,5 tgt 5,6 want WEST
RC POS 949 id 13 seat 4 role defend fs 0 body 1 pos 2,5 stuck 0
RC WALK 949 id 13 role defend pos 2,5 tgt 3,4 want NORTH
V527I SEALNT 950 ph 5 fwd 1 hv 2
RC POS 950 id 3 seat 0 role raid fs 1 body 1 pos 7,4 stuck 0
RC WALK 950 id 3 role raid pos 7,4 tgt 5,6 want NORTH
RC POS 950 id 10 seat 3 role raid fs 1 body 2 pos 6,5 stuck 1882
RC WALK 950 id 10 role raid pos 6,5 tgt 5,6 want WEST
V527I SEALNT 951 ph 5 fwd 1 hv 2
RC POS 951 id 3 seat 0 role raid fs 1 body 1 pos 7,3 stuck 0
RC POS 951 id 10 seat 3 role raid fs 1 body 2 pos 6,5 stuck 1884
RC WALK 951 id 10 role raid pos 6,5 tgt 5,6 want WEST
V527I SEALNT 952 ph 5 fwd 1 hv 2
RC POS 952 id 3 seat 0 role raid fs 1 body 1 pos 7,4 stuck 0
RC WALK 952 id 3 role raid pos 7,4 tgt 5,6 want NORTH
RC POS 952 id 10 seat 3 role raid fs 1 body 2 pos 6,5 stuck 1886
RC WALK 952 id 10 role raid pos 6,5 tgt 5,6 want WEST
V527I SEALNT 953 ph 5 fwd 1 hv 2
RC POS 953 id 3 seat 0 role raid fs 1 body 1 pos 7,3 stuck 0
RC POS 953 id 10 seat 3 role raid fs 1 body 2 pos 6,5 stuck 1888
RC WALK 953 id 10 role raid pos 6,5 tgt 5,6 want WEST
V527I SEALNT 954 ph 5 fwd 1 hv 2
RC POS 954 id 3 seat 0 role raid fs 1 body 1 pos 7,4 stuck 0
RC WALK 954 id 3 role raid pos 7,4 tgt 5,6 want NORTH
RC POS 954 id 10 seat 3 role raid fs 1 body 2 pos 6,5 stuck 1890
RC WALK 954 id 10 role raid pos 6,5 tgt 5,6 want WEST
V527I SEALNT 955 ph 5 fwd 1 hv 2
RC POS 955 id 3 seat 0 role raid fs 1 body 1 pos 7,3 stuck 0
RC POS 955 id 10 seat 3 role raid fs 1 body 2 pos 6,5 stuck 1892
RC WALK 955 id 10 role raid pos 6,5 tgt 6,9 want SOUTH
V527I SEALNT 956 ph 5 fwd 1 hv 2
RC POS 956 id 3 seat 0 role raid fs 1 body 1 pos 7,4 stuck 0
RC WALK 956 id 3 role raid pos 7,4 tgt 6,9 want NORTH
RC POS 956 id 10 seat 3 role raid fs 1 body 2 pos 6,5 stuck 1894
RC WALK 956 id 10 role raid pos 6,5 tgt 6,9 want SOUTH
V527I SEALNT 957 ph 5 fwd 1 hv 2
RC POS 957 id 3 seat 0 role raid fs 1 body 1 pos 7,3 stuck 0
RC POS 957 id 10 seat 3 role raid fs 1 body 2 pos 6,5 stuck 1896
RC WALK 957 id 10 role raid pos 6,5 tgt 6,9 want SOUTH
V527I SEALNT 958 ph 5 fwd 1 hv 2
RC POS 958 id 3 seat 0 role raid fs 1 body 1 pos 7,4 stuck 0
RC WALK 958 id 3 role raid pos 7,4 tgt 6,9 want NORTH
RC POS 958 id 10 seat 3 role raid fs 1 body 2 pos 6,5 stuck 1898
RC WALK 958 id 10 role raid pos 6,5 tgt 6,9 want SOUTH
V527I SEALNT 959 ph 5 fwd 1 hv 2
RC POS 959 id 3 seat 0 role raid fs 1 body 1 pos 7,3 stuck 0
RC POS 959 id 10 seat 3 role raid fs 1 body 2 pos 6,5 stuck 1900
RC WALK 959 id 10 role raid pos 6,5 tgt 6,9 want SOUTH
V527I SEALNT 960 ph 5 fwd 1 hv 2
RC POS 960 id 3 seat 0 role raid fs 1 body 1 pos 7,4 stuck 0
RC WALK 960 id 3 role raid pos 7,4 tgt 6,9 want NORTH
RC POS 960 id 10 seat 3 role raid fs 1 body 2 pos 6,5 stuck 1902
RC WALK 960 id 10 role raid pos 6,5 tgt 6,9 want SOUTH
V527I SEALNT 961 ph 5 fwd 1 hv 2
RC POS 961 id 3 seat 0 role raid fs 1 body 1 pos 7,3 stuck 0
RC POS 961 id 10 seat 3 role raid fs 1 body 2 pos 6,5 stuck 1904
RC WALK 961 id 10 role raid pos 6,5 tgt 5,6 want WEST
V527I SEALNT 962 ph 5 fwd 1 hv 2
RC POS 962 id 3 seat 0 role raid fs 1 body 1 pos 7,4 stuck 0
RC WALK 962 id 3 role raid pos 7,4 tgt 5,6 want NORTH
RC POS 962 id 10 seat 3 role raid fs 1 body 2 pos 6,5 stuck 1906
RC WALK 962 id 10 role raid pos 6,5 tgt 5,6 want WEST
V527I SEALNT 963 ph 5 fwd 1 hv 2
RC POS 963 id 3 seat 0 role raid fs 1 body 1 pos 7,3 stuck 0
RC POS 963 id 5 seat 1 role expand fs 0 body 1 pos 2,1 stuck 954
V528 PICK r 963 id 5 tgt 1,8 cs 23 bs 23 reg 0 cc 5 bc 5 cands 2 banned 1 regall 0 seat 1
RC WALK 963 id 5 role expand pos 2,1 tgt 1,8 want WEST
RC POS 963 id 7 seat 2 role expand fs 0 body 1 pos 3,1 stuck 951
RC POS 963 id 10 seat 3 role raid fs 1 body 2 pos 6,5 stuck 1908
RC WALK 963 id 10 role raid pos 6,5 tgt 5,6 want WEST
RC POS 963 id 13 seat 4 role defend fs 0 body 1 pos 2,4 stuck 13
RC WALK 963 id 13 role defend pos 2,4 tgt 2,5 want CENTRE
V527I SEALNT 964 ph 5 fwd 1 hv 2
RC POS 964 id 3 seat 0 role raid fs 1 body 1 pos 7,4 stuck 0
RC WALK 964 id 3 role raid pos 7,4 tgt 5,6 want NORTH
RC POS 964 id 5 seat 1 role expand fs 0 body 1 pos 1,1 stuck 0
RC WALK 964 id 5 role expand pos 1,1 tgt 1,8 want SOUTH
RC POS 964 id 7 seat 2 role expand fs 0 body 1 pos 3,1 stuck 1
RC POS 964 id 10 seat 3 role raid fs 1 body 2 pos 6,5 stuck 1910
RC WALK 964 id 10 role raid pos 6,5 tgt 5,6 want WEST
RC POS 964 id 13 seat 4 role defend fs 0 body 1 pos 2,4 stuck 14
RC WALK 964 id 13 role defend pos 2,4 tgt 1,5 want WEST
V527I SEALNT 965 ph 5 fwd 1 hv 2
RC POS 965 id 3 seat 0 role raid fs 1 body 1 pos 7,3 stuck 0
RC POS 965 id 5 seat 1 role expand fs 0 body 1 pos 1,2 stuck 0
RC WALK 965 id 5 role expand pos 1,2 tgt 1,8 want NORTH
RC POS 965 id 7 seat 2 role expand fs 0 body 1 pos 3,1 stuck 2
RC POS 965 id 10 seat 3 role raid fs 1 body 2 pos 6,5 stuck 1912
RC WALK 965 id 10 role raid pos 6,5 tgt 5,6 want WEST
RC POS 965 id 13 seat 4 role defend fs 0 body 1 pos 1,4 stuck 0
RC WALK 965 id 13 role defend pos 1,4 tgt 2,5 want EAST
V527I SEALNT 966 ph 5 fwd 1 hv 2
RC POS 966 id 3 seat 0 role raid fs 1 body 1 pos 7,4 stuck 0
RC WALK 966 id 3 role raid pos 7,4 tgt 5,6 want NORTH
RC POS 966 id 5 seat 1 role expand fs 0 body 1 pos 1,1 stuck 0
RC WALK 966 id 5 role expand pos 1,1 tgt 1,8 want SOUTH
RC POS 966 id 7 seat 2 role expand fs 0 body 1 pos 3,1 stuck 3
RC POS 966 id 10 seat 3 role raid fs 1 body 2 pos 6,5 stuck 1914
RC WALK 966 id 10 role raid pos 6,5 tgt 5,6 want WEST
RC POS 966 id 13 seat 4 role defend fs 0 body 1 pos 2,4 stuck 0
RC WALK 966 id 13 role defend pos 2,4 tgt 2,6 want SOUTH
V527I SEALNT 967 ph 5 fwd 1 hv 2
RC POS 967 id 3 seat 0 role raid fs 1 body 1 pos 7,3 stuck 0
RC POS 967 id 5 seat 1 role expand fs 0 body 1 pos 1,2 stuck 0
RC WALK 967 id 5 role expand pos 1,2 tgt 1,8 want SOUTH
RC POS 967 id 7 seat 2 role expand fs 0 body 1 pos 3,1 stuck 4
RC POS 967 id 10 seat 3 role raid fs 1 body 2 pos 6,5 stuck 1916
RC WALK 967 id 10 role raid pos 6,5 tgt 5,6 want WEST
RC POS 967 id 13 seat 4 role defend fs 0 body 1 pos 2,5 stuck 0
RC WALK 967 id 13 role defend pos 2,5 tgt 3,6 want SOUTH
V527I SEALNT 968 ph 5 fwd 1 hv 2
RC POS 968 id 3 seat 0 role raid fs 1 body 1 pos 7,4 stuck 0
RC WALK 968 id 3 role raid pos 7,4 tgt 5,6 want NORTH
RC POS 968 id 5 seat 1 role expand fs 0 body 1 pos 1,3 stuck 0
RC WALK 968 id 5 role expand pos 1,3 tgt 1,8 want SOUTH
RC POS 968 id 7 seat 2 role expand fs 0 body 1 pos 3,1 stuck 5
RC POS 968 id 10 seat 3 role raid fs 1 body 2 pos 6,5 stuck 1918
RC WALK 968 id 10 role raid pos 6,5 tgt 5,6 want WEST
RC POS 968 id 13 seat 4 role defend fs 0 body 1 pos 2,6 stuck 0
RC WALK 968 id 13 role defend pos 2,6 tgt 4,6 want EAST
V527I SEALNT 969 ph 5 fwd 1 hv 2
RC POS 969 id 3 seat 0 role raid fs 1 body 1 pos 7,3 stuck 0
RC POS 969 id 5 seat 1 role expand fs 0 body 1 pos 1,4 stuck 0
RC WALK 969 id 5 role expand pos 1,4 tgt 1,7 want SOUTH
RC POS 969 id 7 seat 2 role expand fs 0 body 1 pos 3,1 stuck 6
RC POS 969 id 10 seat 3 role raid fs 1 body 2 pos 6,5 stuck 1920
RC WALK 969 id 10 role raid pos 6,5 tgt 5,6 want WEST
RC POS 969 id 13 seat 4 role defend fs 0 body 1 pos 3,6 stuck 0
RC WALK 969 id 13 role defend pos 3,6 tgt 4,5 want EAST
V527I SEALNT 970 ph 5 fwd 1 hv 2
RC POS 970 id 3 seat 0 role raid fs 1 body 1 pos 7,4 stuck 0
RC WALK 970 id 3 role raid pos 7,4 tgt 5,6 want NORTH
RC POS 970 id 5 seat 1 role expand fs 0 body 1 pos 1,5 stuck 0
RC WALK 970 id 5 role expand pos 1,5 tgt 1,7 want SOUTH
RC POS 970 id 7 seat 2 role expand fs 0 body 1 pos 3,1 stuck 7
RC POS 970 id 10 seat 3 role raid fs 1 body 2 pos 6,5 stuck 1922
RC WALK 970 id 10 role raid pos 6,5 tgt 5,6 want WEST
RC POS 970 id 13 seat 4 role defend fs 0 body 1 pos 4,6 stuck 0
RC WALK 970 id 13 role defend pos 4,6 tgt 4,4 want NORTH
V527I SEALNT 971 ph 5 fwd 1 hv 2
RC POS 971 id 3 seat 0 role raid fs 1 body 1 pos 7,3 stuck 0
RC POS 971 id 5 seat 1 role expand fs 0 body 1 pos 1,6 stuck 0
RC WALK 971 id 5 role expand pos 1,6 tgt 1,7 want SOUTH
RC POS 971 id 7 seat 2 role expand fs 0 body 1 pos 3,1 stuck 8
RC POS 971 id 10 seat 3 role raid fs 1 body 2 pos 6,5 stuck 1924
RC WALK 971 id 10 role raid pos 6,5 tgt 5,6 want WEST
RC POS 971 id 13 seat 4 role defend fs 0 body 1 pos 4,5 stuck 0
RC WALK 971 id 13 role defend pos 4,5 tgt 4,4 want CENTRE
V527I SEALNT 972 ph 5 fwd 1 hv 2
RC POS 972 id 3 seat 0 role raid fs 1 body 1 pos 7,4 stuck 0
RC WALK 972 id 3 role raid pos 7,4 tgt 5,6 want NORTH
RC POS 972 id 5 seat 1 role expand fs 0 body 1 pos 1,7 stuck 0
V528 PICK r 972 id 5 tgt 6,2 cs 10 bs 10 reg 0 cc 0 bc 0 cands 1 banned 0 regall 0 seat 1
RC WALK 972 id 5 role expand pos 1,7 tgt 6,2 want NORTH
RC POS 972 id 7 seat 2 role expand fs 0 body 1 pos 3,1 stuck 9
RC POS 972 id 10 seat 3 role raid fs 1 body 2 pos 6,5 stuck 1926
RC WALK 972 id 10 role raid pos 6,5 tgt 5,6 want WEST
RC POS 972 id 13 seat 4 role defend fs 0 body 1 pos 4,5 stuck 1
RC WALK 972 id 13 role defend pos 4,5 tgt 4,4 want CENTRE
V527I SEALNT 973 ph 5 fwd 1 hv 2
RC POS 973 id 3 seat 0 role raid fs 1 body 1 pos 7,3 stuck 0
RC POS 973 id 5 seat 1 role expand fs 0 body 1 pos 1,6 stuck 0
RC WALK 973 id 5 role expand pos 1,6 tgt 6,2 want NORTH
RC POS 973 id 7 seat 2 role expand fs 0 body 1 pos 3,1 stuck 10
RC POS 973 id 10 seat 3 role raid fs 1 body 2 pos 6,5 stuck 1928
RC WALK 973 id 10 role raid pos 6,5 tgt 5,6 want WEST
RC POS 973 id 13 seat 4 role defend fs 0 body 1 pos 4,5 stuck 2
RC WALK 973 id 13 role defend pos 4,5 tgt 4,4 want CENTRE
V527I SEALNT 974 ph 5 fwd 1 hv 2
RC POS 974 id 3 seat 0 role raid fs 1 body 1 pos 7,4 stuck 0
RC WALK 974 id 3 role raid pos 7,4 tgt 5,6 want NORTH
RC POS 974 id 5 seat 1 role expand fs 0 body 1 pos 1,5 stuck 0
RC WALK 974 id 5 role expand pos 1,5 tgt 6,2 want NORTH
RC POS 974 id 7 seat 2 role expand fs 0 body 1 pos 3,1 stuck 11
RC POS 974 id 10 seat 3 role raid fs 1 body 2 pos 6,5 stuck 1930
RC WALK 974 id 10 role raid pos 6,5 tgt 5,6 want WEST
RC POS 974 id 13 seat 4 role defend fs 0 body 1 pos 4,5 stuck 3
RC WALK 974 id 13 role defend pos 4,5 tgt 4,4 want CENTRE
V527I SEALNT 975 ph 5 fwd 1 hv 2
RC POS 975 id 3 seat 0 role raid fs 1 body 1 pos 7,3 stuck 0
RC POS 975 id 5 seat 1 role expand fs 0 body 1 pos 1,4 stuck 0
RC WALK 975 id 5 role expand pos 1,4 tgt 6,2 want NORTH
RC POS 975 id 7 seat 2 role expand fs 0 body 1 pos 3,1 stuck 12
RC POS 975 id 10 seat 3 role raid fs 1 body 2 pos 6,5 stuck 1932
RC WALK 975 id 10 role raid pos 6,5 tgt 5,6 want WEST
RC POS 975 id 13 seat 4 role defend fs 0 body 1 pos 4,5 stuck 4
RC WALK 975 id 13 role defend pos 4,5 tgt 4,4 want CENTRE
V527I SEALNT 976 ph 5 fwd 1 hv 2
RC POS 976 id 3 seat 0 role raid fs 1 body 1 pos 7,4 stuck 0
RC WALK 976 id 3 role raid pos 7,4 tgt 5,6 want NORTH
RC POS 976 id 5 seat 1 role expand fs 0 body 1 pos 1,3 stuck 0
RC WALK 976 id 5 role expand pos 1,3 tgt 6,2 want NORTH
RC POS 976 id 7 seat 2 role expand fs 0 body 1 pos 3,1 stuck 13
RC POS 976 id 10 seat 3 role raid fs 1 body 2 pos 6,5 stuck 1934
RC WALK 976 id 10 role raid pos 6,5 tgt 5,6 want WEST
RC POS 976 id 13 seat 4 role defend fs 0 body 1 pos 4,5 stuck 5
RC WALK 976 id 13 role defend pos 4,5 tgt 0,0 want SOUTH
V527I SEALNT 977 ph 5 fwd 1 hv 2
RC POS 977 id 3 seat 0 role raid fs 1 body 1 pos 7,3 stuck 0
RC POS 977 id 5 seat 1 role expand fs 0 body 1 pos 1,2 stuck 0
RC WALK 977 id 5 role expand pos 1,2 tgt 6,2 want NORTH
RC POS 977 id 7 seat 2 role expand fs 0 body 1 pos 3,1 stuck 14
RC POS 977 id 10 seat 3 role raid fs 1 body 2 pos 6,5 stuck 1936
RC WALK 977 id 10 role raid pos 6,5 tgt 5,6 want WEST
RC POS 977 id 13 seat 4 role defend fs 0 body 1 pos 4,6 stuck 0
RC WALK 977 id 13 role defend pos 4,6 tgt 0,0 want WEST
V527I SEALNT 978 ph 5 fwd 1 hv 2
RC POS 978 id 3 seat 0 role raid fs 1 body 1 pos 7,4 stuck 0
RC WALK 978 id 3 role raid pos 7,4 tgt 5,6 want NORTH
RC POS 978 id 5 seat 1 role expand fs 0 body 1 pos 1,1 stuck 0
RC WALK 978 id 5 role expand pos 1,1 tgt 6,2 want EAST
RC POS 978 id 7 seat 2 role expand fs 0 body 1 pos 3,1 stuck 15
RC POS 978 id 10 seat 3 role raid fs 1 body 2 pos 6,5 stuck 1938
RC WALK 978 id 10 role raid pos 6,5 tgt 5,6 want WEST
RC POS 978 id 13 seat 4 role defend fs 0 body 1 pos 3,6 stuck 0
RC WALK 978 id 13 role defend pos 3,6 tgt 0,0 want WEST
V527I SEALNT 979 ph 5 fwd 1 hv 2
RC POS 979 id 3 seat 0 role raid fs 1 body 1 pos 7,3 stuck 0
RC POS 979 id 10 seat 3 role raid fs 1 body 2 pos 6,5 stuck 1940
RC WALK 979 id 10 role raid pos 6,5 tgt 5,6 want WEST
RC POS 979 id 13 seat 4 role defend fs 0 body 1 pos 2,6 stuck 0
RC WALK 979 id 13 role defend pos 2,6 tgt 2,4 want NORTH
V527I SEALNT 980 ph 5 fwd 1 hv 2
RC POS 980 id 3 seat 0 role raid fs 1 body 1 pos 7,4 stuck 0
RC WALK 980 id 3 role raid pos 7,4 tgt 5,6 want NORTH
RC POS 980 id 10 seat 3 role raid fs 1 body 2 pos 6,5 stuck 1942
RC WALK 980 id 10 role raid pos 6,5 tgt 5,6 want WEST
RC POS 980 id 13 seat 4 role defend fs 0 body 1 pos 2,5 stuck 0
RC WALK 980 id 13 role defend pos 2,5 tgt 2,4 want NORTH
V527I SEALNT 981 ph 5 fwd 1 hv 2
RC POS 981 id 3 seat 0 role raid fs 1 body 1 pos 7,3 stuck 0
RC POS 981 id 10 seat 3 role raid fs 1 body 2 pos 6,5 stuck 1944
RC WALK 981 id 10 role raid pos 6,5 tgt 5,6 want WEST
V527I SEALNT 982 ph 5 fwd 1 hv 2
RC POS 982 id 3 seat 0 role raid fs 1 body 1 pos 7,4 stuck 0
RC WALK 982 id 3 role raid pos 7,4 tgt 5,6 want NORTH
RC POS 982 id 10 seat 3 role raid fs 1 body 2 pos 6,5 stuck 1946
RC WALK 982 id 10 role raid pos 6,5 tgt 5,6 want WEST
V527I SEALNT 983 ph 5 fwd 1 hv 2
RC POS 983 id 3 seat 0 role raid fs 1 body 1 pos 7,3 stuck 0
RC POS 983 id 10 seat 3 role raid fs 1 body 2 pos 6,5 stuck 1948
RC WALK 983 id 10 role raid pos 6,5 tgt 4,6 want WEST
V527I SEALNT 984 ph 5 fwd 1 hv 2
RC POS 984 id 3 seat 0 role raid fs 1 body 1 pos 7,4 stuck 0
RC WALK 984 id 3 role raid pos 7,4 tgt 4,6 want NORTH
RC POS 984 id 10 seat 3 role raid fs 1 body 2 pos 6,5 stuck 1950
RC WALK 984 id 10 role raid pos 6,5 tgt 4,6 want WEST
V527I SEALNT 985 ph 5 fwd 1 hv 2
RC POS 985 id 3 seat 0 role raid fs 1 body 1 pos 7,3 stuck 0
RC POS 985 id 10 seat 3 role raid fs 1 body 2 pos 6,5 stuck 1952
RC WALK 985 id 10 role raid pos 6,5 tgt 4,6 want WEST
V527I SEALNT 986 ph 5 fwd 1 hv 2
RC POS 986 id 3 seat 0 role raid fs 1 body 1 pos 7,4 stuck 0
RC WALK 986 id 3 role raid pos 7,4 tgt 4,6 want NORTH
RC POS 986 id 10 seat 3 role raid fs 1 body 2 pos 6,5 stuck 1954
RC WALK 986 id 10 role raid pos 6,5 tgt 4,6 want WEST
V527I SEALNT 987 ph 5 fwd 1 hv 2
RC POS 987 id 3 seat 0 role raid fs 1 body 1 pos 7,3 stuck 0
RC POS 987 id 10 seat 3 role raid fs 1 body 2 pos 6,5 stuck 1956
RC WALK 987 id 10 role raid pos 6,5 tgt 4,6 want WEST
V527I SEALNT 988 ph 5 fwd 1 hv 2
RC POS 988 id 3 seat 0 role raid fs 1 body 1 pos 7,4 stuck 0
RC WALK 988 id 3 role raid pos 7,4 tgt 4,6 want NORTH
RC POS 988 id 10 seat 3 role raid fs 1 body 2 pos 6,5 stuck 1958
RC WALK 988 id 10 role raid pos 6,5 tgt 4,6 want WEST
V527I SEALNT 989 ph 5 fwd 1 hv 2
RC POS 989 id 3 seat 0 role raid fs 1 body 1 pos 7,3 stuck 0
RC POS 989 id 10 seat 3 role raid fs 1 body 2 pos 6,5 stuck 1960
RC WALK 989 id 10 role raid pos 6,5 tgt 4,6 want WEST
V527I SEALNT 990 ph 5 fwd 1 hv 2
RC POS 990 id 3 seat 0 role raid fs 1 body 1 pos 7,4 stuck 0
RC WALK 990 id 3 role raid pos 7,4 tgt 4,6 want NORTH
RC POS 990 id 10 seat 3 role raid fs 1 body 2 pos 6,5 stuck 1962
RC WALK 990 id 10 role raid pos 6,5 tgt 4,6 want WEST
V527I SEALNT 991 ph 5 fwd 1 hv 2
RC POS 991 id 3 seat 0 role raid fs 1 body 1 pos 7,3 stuck 0
RC POS 991 id 10 seat 3 role raid fs 1 body 2 pos 6,5 stuck 1964
RC WALK 991 id 10 role raid pos 6,5 tgt 4,6 want WEST
V527I SEALNT 992 ph 5 fwd 1 hv 2
RC POS 992 id 3 seat 0 role raid fs 1 body 1 pos 7,4 stuck 0
RC WALK 992 id 3 role raid pos 7,4 tgt 4,6 want NORTH
RC POS 992 id 10 seat 3 role raid fs 1 body 2 pos 6,5 stuck 1966
RC WALK 992 id 10 role raid pos 6,5 tgt 4,6 want WEST
V527I SEALNT 993 ph 5 fwd 1 hv 2
RC POS 993 id 3 seat 0 role raid fs 1 body 1 pos 7,3 stuck 0
RC POS 993 id 10 seat 3 role raid fs 1 body 2 pos 6,5 stuck 1968
RC WALK 993 id 10 role raid pos 6,5 tgt 4,6 want WEST
V527I SEALNT 994 ph 5 fwd 1 hv 2
RC POS 994 id 3 seat 0 role raid fs 1 body 1 pos 7,4 stuck 0
RC WALK 994 id 3 role raid pos 7,4 tgt 4,6 want NORTH
RC POS 994 id 10 seat 3 role raid fs 1 body 2 pos 6,5 stuck 1970
RC WALK 994 id 10 role raid pos 6,5 tgt 4,6 want WEST
V527I SEALNT 995 ph 5 fwd 1 hv 2
RC POS 995 id 3 seat 0 role raid fs 1 body 1 pos 7,3 stuck 0
RC POS 995 id 10 seat 3 role raid fs 1 body 2 pos 6,5 stuck 1972
RC WALK 995 id 10 role raid pos 6,5 tgt 4,6 want WEST
V527I SEALNT 996 ph 5 fwd 1 hv 2
RC POS 996 id 3 seat 0 role raid fs 1 body 1 pos 7,4 stuck 0
RC WALK 996 id 3 role raid pos 7,4 tgt 4,6 want NORTH
RC POS 996 id 7 seat 2 role expand fs 0 body 1 pos 3,1 stuck 33
RC POS 996 id 10 seat 3 role raid fs 1 body 2 pos 6,5 stuck 1974
RC WALK 996 id 10 role raid pos 6,5 tgt 4,6 want WEST
RC POS 996 id 13 seat 4 role defend fs 0 body 1 pos 2,4 stuck 15
RC WALK 996 id 13 role defend pos 2,4 tgt 1,4 want CENTRE
V527I SEALNT 997 ph 5 fwd 1 hv 2
RC POS 997 id 3 seat 0 role raid fs 1 body 1 pos 7,3 stuck 0
RC POS 997 id 10 seat 3 role raid fs 1 body 2 pos 6,5 stuck 1976
RC WALK 997 id 10 role raid pos 6,5 tgt 4,6 want WEST
V527I SEALNT 998 ph 5 fwd 1 hv 2
RC POS 998 id 3 seat 0 role raid fs 1 body 1 pos 7,4 stuck 0
RC WALK 998 id 3 role raid pos 7,4 tgt 4,6 want NORTH
RC POS 998 id 10 seat 3 role raid fs 1 body 2 pos 6,5 stuck 1978
RC WALK 998 id 10 role raid pos 6,5 tgt 4,6 want WEST
V527I SEALNT 999 ph 5 fwd 1 hv 2
RC POS 999 id 3 seat 0 role raid fs 1 body 1 pos 7,3 stuck 0
RC POS 999 id 10 seat 3 role raid fs 1 body 2 pos 6,5 stuck 1980
RC WALK 999 id 10 role raid pos 6,5 tgt 4,6 want WEST
