Update available: 2.3.6 -> 2.3.8. Run: pip install --upgrade fcode
MAGTRACE 0 ti 500 ammo 0 floor 52 target 16 chunk 16 ph 0 fslive 0 under 0 wtop 0 fwd 0 harv 0
FS GATE 0 sig (30, 30, (2, 24), (26, 4)) ok 1
MAGTRACE 1 ti 470 ammo 0 floor 52 target 16 chunk 16 ph 0 fslive 0 under 0 wtop 0 fwd 0 harv 0
FS GATE 1 sig (30, 30, (2, 24), (26, 4)) ok 1
FS PHASE 1 id 3 ph 1 d 808 at (4, 23)
FS HOPBUILD 1 at (4, 23) lch (5, 23) T (28, 3)
MAGTRACE 2 ti 406 ammo 0 floor 52 target 16 chunk 16 ph 1 fslive 0 under 0 wtop 0 fwd 0 harv 0
FS GATE 2 sig (30, 30, (2, 24), (26, 4)) ok 1
FS GATE 2 sig (30, 30, (2, 24), (26, 4)) ok 1
FS THROW 2 from (4, 22) to (9, 20) T (28, 3) body 3 n 1 dsq 514
MAGTRACE 3 ti 361 ammo 0 floor 52 target 16 chunk 16 ph 1 fslive 0 under 0 wtop 0 fwd 0 harv 0
FS HOPBUILD 3 at (9, 20) lch (10, 20) T (28, 3)
FS GATE 3 sig (30, 30, (2, 24), (26, 4)) ok 1
MAGTRACE 4 ti 339 ammo 0 floor 52 target 16 chunk 16 ph 1 fslive 0 under 0 wtop 0 fwd 0 harv 0
FS GATE 4 sig (30, 30, (2, 24), (26, 4)) ok 1
FS THROW 4 from (9, 19) to (14, 17) T (28, 3) body 3 n 1 dsq 288
MAGTRACE 5 ti 339 ammo 0 floor 52 target 16 chunk 16 ph 1 fslive 0 under 0 wtop 0 fwd 0 harv 0
FS HOPBUILD 5 at (14, 17) lch (14, 16) T (28, 3)
MAGTRACE 6 ti 307 ammo 0 floor 52 target 16 chunk 16 ph 1 fslive 0 under 0 wtop 0 fwd 0 harv 0
FS GATE 6 sig (30, 30, (2, 24), (26, 4)) ok 1
FS THROW 6 from (15, 17) to (18, 13) T (28, 3) body 3 n 1 dsq 128
MAGTRACE 7 ti 307 ammo 0 floor 52 target 16 chunk 16 ph 1 fslive 0 under 0 wtop 0 fwd 0 harv 0
FS HOPBUILD 7 at (18, 13) lch (18, 12) T (28, 3)
MAGTRACE 8 ti 285 ammo 0 floor 52 target 16 chunk 16 ph 1 fslive 0 under 0 wtop 0 fwd 0 harv 0
FS GATE 8 sig (30, 30, (2, 24), (26, 4)) ok 1
FS THROW 8 from (19, 13) to (22, 9) T (28, 3) body 3 n 1 dsq 32
MAGTRACE 9 ti 285 ammo 0 floor 52 target 16 chunk 16 ph 1 fslive 0 under 0 wtop 0 fwd 0 harv 0
FS HOPBUILD 9 at (22, 9) lch (22, 8) T (28, 3)
MAGTRACE 10 ti 219 ammo 0 floor 52 target 16 chunk 16 ph 1 fslive 0 under 0 wtop 0 fwd 0 harv 1
FS GATE 10 sig (30, 30, (2, 24), (26, 4)) ok 1
FS THROW 10 from (23, 9) to (25, 4) T (28, 3) body 3 n 1 dsq 1
MAGTRACE 11 ti 214 ammo 0 floor 52 target 16 chunk 16 ph 1 fslive 0 under 0 wtop 0 fwd 0 harv 1
FS ARRIVE 11 id 3 body 1 at (25, 4) dsq 1
FS PHASE 11 id 3 ph 2 d 1 at (25, 4)
FS SEAL 11 tile (25, 5) n 1
MAGTRACE 12 ti 220 ammo 0 floor 52 target 16 chunk 16 ph 2 fslive 0 under 0 wtop 0 fwd 0 harv 1
FS SEAL 12 tile (25, 3) n 2
MAGTRACE 13 ti 160 ammo 0 floor 52 target 16 chunk 16 ph 2 fslive 0 under 0 wtop 0 fwd 0 harv 1
FS GATE 13 sig (30, 30, (2, 24), (26, 4)) ok 1
MAGTRACE 14 ti 56 ammo 0 floor 52 target 16 chunk 16 ph 2 fslive 0 under 0 wtop 0 fwd 0 harv 2
FS SEAL 14 tile (25, 4) n 3
FS GATE 14 sig (30, 30, (2, 24), (26, 4)) ok 1
MAGTRACE 15 ti 40 ammo 4 floor 52 target 16 chunk 16 ph 2 fslive 0 under 0 wtop 0 fwd 0 harv 2
MAGTRACE 16 ti 44 ammo 4 floor 52 target 16 chunk 16 ph 2 fslive 0 under 0 wtop 0 fwd 0 harv 2
MAGTRACE 17 ti 38 ammo 4 floor 52 target 16 chunk 16 ph 2 fslive 0 under 0 wtop 0 fwd 0 harv 2
MAGTRACE 18 ti 32 ammo 4 floor 52 target 16 chunk 16 ph 2 fslive 0 under 0 wtop 0 fwd 0 harv 2
MAGTRACE 19 ti 32 ammo 4 floor 52 target 16 chunk 16 ph 2 fslive 0 under 0 wtop 0 fwd 0 harv 2
MAGTRACE 20 ti 36 ammo 4 floor 52 target 16 chunk 16 ph 2 fslive 0 under 0 wtop 0 fwd 0 harv 2
FS STAT 20 id 3 at (23, 4) need 7 orth 6 ti 36 ammo 4 sen 0 hp 40 covden 0 eco 0 lost 0
MAGTRACE 21 ti 36 ammo 4 floor 52 target 16 chunk 16 ph 2 fslive 0 under 0 wtop 0 fwd 0 harv 2
FS SEAL 21 tile (25, 4) n 4
MAGTRACE 22 ti 24 ammo 4 floor 52 target 16 chunk 16 ph 2 fslive 0 under 0 wtop 0 fwd 0 harv 2
MAGTRACE 23 ti 24 ammo 4 floor 52 target 16 chunk 16 ph 2 fslive 0 under 0 wtop 0 fwd 0 harv 2
FS SEAL 23 tile (25, 3) n 5
MAGTRACE 24 ti 22 ammo 4 floor 52 target 16 chunk 16 ph 2 fslive 0 under 0 wtop 0 fwd 0 harv 2
MAGTRACE 25 ti 32 ammo 4 floor 52 target 16 chunk 16 ph 2 fslive 0 under 0 wtop 0 fwd 0 harv 2
MAGTRACE 26 ti 42 ammo 4 floor 52 target 16 chunk 16 ph 2 fslive 0 under 0 wtop 0 fwd 0 harv 2
MAGTRACE 27 ti 52 ammo 4 floor 52 target 16 chunk 16 ph 2 fslive 0 under 0 wtop 0 fwd 0 harv 2
MAGTRACE 28 ti 62 ammo 4 floor 52 target 16 chunk 16 ph 2 fslive 0 under 0 wtop 0 fwd 0 harv 2
MAGTRACE 29 ti 62 ammo 14 floor 52 target 16 chunk 16 ph 2 fslive 0 under 0 wtop 0 fwd 0 harv 2
MAGTRACE 30 ti 62 ammo 14 floor 52 target 16 chunk 16 ph 2 fslive 0 under 0 wtop 0 fwd 0 harv 2
MAGTRACE 31 ti 72 ammo 14 floor 52 target 16 chunk 16 ph 2 fslive 0 under 0 wtop 0 fwd 0 harv 2
FS SEAL 31 tile (26, 3) n 6
MAGTRACE 32 ti 76 ammo 14 floor 52 target 16 chunk 16 ph 2 fslive 0 under 0 wtop 0 fwd 0 harv 2
MAGTRACE 33 ti 86 ammo 14 floor 52 target 16 chunk 16 ph 2 fslive 0 under 0 wtop 0 fwd 0 harv 2
FS SEAL 33 tile (27, 3) n 7
MAGTRACE 34 ti 80 ammo 14 floor 52 target 16 chunk 16 ph 2 fslive 0 under 0 wtop 0 fwd 0 harv 2
MAGTRACE 35 ti 90 ammo 14 floor 52 target 16 chunk 16 ph 2 fslive 0 under 0 wtop 0 fwd 0 harv 2
MAGTRACE 36 ti 100 ammo 14 floor 52 target 16 chunk 16 ph 2 fslive 0 under 0 wtop 0 fwd 0 harv 2
FS SEAL 36 tile (28, 4) n 8
MAGTRACE 37 ti 104 ammo 14 floor 52 target 16 chunk 16 ph 2 fslive 0 under 0 wtop 0 fwd 0 harv 2
MAGTRACE 38 ti 104 ammo 14 floor 12 target 24 chunk 16 ph 2 fslive 0 under 1 wtop 0 fwd 0 harv 2
MAGTRACE 39 ti 104 ammo 24 floor 12 target 24 chunk 16 ph 2 fslive 0 under 1 wtop 0 fwd 0 harv 2
MAGTRACE 40 ti 47 ammo 24 floor 12 target 24 chunk 16 ph 2 fslive 0 under 1 wtop 0 fwd 0 harv 2
FS STAT 40 id 3 at (29, 5) need 3 orth 3 ti 47 ammo 24 sen 0 hp 40 covden 0 eco 1 lost 0
FS SEAL 40 tile (28, 5) n 9
MAGTRACE 41 ti 50 ammo 24 floor 12 target 24 chunk 16 ph 2 fslive 0 under 1 wtop 0 fwd 0 harv 2
MAGTRACE 42 ti 50 ammo 24 floor 12 target 24 chunk 16 ph 2 fslive 0 under 1 wtop 0 fwd 0 harv 2
MAGTRACE 43 ti 60 ammo 24 floor 12 target 24 chunk 16 ph 2 fslive 0 under 1 wtop 0 fwd 0 harv 2
FS SEAL 43 tile (27, 6) n 10
MAGTRACE 44 ti 63 ammo 24 floor 12 target 24 chunk 16 ph 2 fslive 0 under 1 wtop 0 fwd 0 harv 2
MAGTRACE 45 ti 73 ammo 24 floor 12 target 24 chunk 16 ph 2 fslive 0 under 1 wtop 0 fwd 0 harv 2
MAGTRACE 46 ti 73 ammo 24 floor 12 target 24 chunk 16 ph 2 fslive 0 under 1 wtop 0 fwd 0 harv 2
MAGTRACE 47 ti 83 ammo 24 floor 12 target 24 chunk 16 ph 2 fslive 0 under 1 wtop 0 fwd 0 harv 2
MAGTRACE 48 ti 19 ammo 24 floor 12 target 24 chunk 16 ph 2 fslive 0 under 1 wtop 0 fwd 0 harv 2
MAGTRACE 49 ti 29 ammo 14 floor 12 target 24 chunk 16 ph 2 fslive 0 under 1 wtop 2 fwd 0 harv 2
MAGTRACE 50 ti 19 ammo 24 floor 12 target 24 chunk 16 ph 2 fslive 0 under 1 wtop 2 fwd 0 harv 2
MAGTRACE 51 ti 29 ammo 14 floor 12 target 24 chunk 16 ph 2 fslive 0 under 1 wtop 2 fwd 0 harv 2
MAGTRACE 52 ti 29 ammo 24 floor 12 target 24 chunk 16 ph 2 fslive 0 under 1 wtop 2 fwd 0 harv 2
MAGTRACE 53 ti 39 ammo 14 floor 12 target 24 chunk 16 ph 2 fslive 0 under 1 wtop 2 fwd 0 harv 2
MAGTRACE 54 ti 29 ammo 24 floor 12 target 24 chunk 16 ph 2 fslive 0 under 1 wtop 2 fwd 0 harv 2
MAGTRACE 55 ti 39 ammo 14 floor 12 target 24 chunk 16 ph 2 fslive 0 under 1 wtop 2 fwd 0 harv 2
MAGTRACE 56 ti 39 ammo 24 floor 12 target 24 chunk 16 ph 2 fslive 0 under 1 wtop 2 fwd 0 harv 2
MAGTRACE 57 ti 49 ammo 14 floor 12 target 24 chunk 16 ph 2 fslive 0 under 1 wtop 2 fwd 0 harv 2
MAGTRACE 58 ti 39 ammo 24 floor 12 target 24 chunk 16 ph 2 fslive 0 under 1 wtop 2 fwd 0 harv 2
MAGTRACE 59 ti 49 ammo 14 floor 12 target 24 chunk 16 ph 2 fslive 0 under 1 wtop 2 fwd 0 harv 2
MAGTRACE 60 ti 49 ammo 24 floor 12 target 24 chunk 16 ph 2 fslive 0 under 1 wtop 2 fwd 0 harv 2
FS STAT 60 id 3 at (25, 1) need 5 orth 4 ti 49 ammo 24 sen 0 hp 40 covden 0 eco 1 lost 0
MAGTRACE 61 ti 59 ammo 14 floor 12 target 24 chunk 16 ph 2 fslive 0 under 1 wtop 2 fwd 0 harv 2
MAGTRACE 62 ti 49 ammo 24 floor 12 target 24 chunk 16 ph 2 fslive 0 under 1 wtop 2 fwd 0 harv 2
MAGTRACE 63 ti 59 ammo 24 floor 12 target 24 chunk 16 ph 2 fslive 0 under 1 wtop 2 fwd 0 harv 2
FS SEAL 63 tile (25, 3) n 11
MAGTRACE 64 ti 62 ammo 24 floor 12 target 24 chunk 16 ph 2 fslive 0 under 1 wtop 2 fwd 0 harv 2
MAGTRACE 65 ti 72 ammo 24 floor 12 target 24 chunk 16 ph 2 fslive 0 under 1 wtop 2 fwd 0 harv 2
FS SEAL 65 tile (25, 4) n 12
MAGTRACE 66 ti 65 ammo 24 floor 12 target 24 chunk 16 ph 2 fslive 0 under 1 wtop 2 fwd 0 harv 2
MAGTRACE 67 ti 75 ammo 24 floor 12 target 24 chunk 16 ph 2 fslive 0 under 1 wtop 2 fwd 0 harv 2
FS CLEAR 67 tile (25, 5) peck 1
FS RUNG 67 id 3 r 3 hi -
MAGTRACE 68 ti 83 ammo 24 floor 12 target 24 chunk 16 ph 2 fslive 0 under 1 wtop 2 fwd 0 harv 2
FS CLEAR 68 tile (25, 5) peck 2
FS RUNG 68 id 3 r 3 hi -
MAGTRACE 69 ti 91 ammo 24 floor 12 target 24 chunk 16 ph 2 fslive 0 under 1 wtop 2 fwd 0 harv 2
FS CLEAR 69 tile (25, 5) peck 3
FS RUNG 69 id 3 r 3 hi -
MAGTRACE 70 ti 89 ammo 24 floor 12 target 24 chunk 16 ph 2 fslive 0 under 1 wtop 2 fwd 0 harv 2
FS CLEAR 70 tile (25, 5) peck 4
FS RUNG 70 id 3 r 3 hi -
MAGTRACE 71 ti 97 ammo 24 floor 12 target 24 chunk 16 ph 2 fslive 0 under 1 wtop 2 fwd 0 harv 2
FS CLEAR 71 tile (25, 5) peck 5
FS RUNG 71 id 3 r 3 hi -
MAGTRACE 72 ti 105 ammo 24 floor 12 target 24 chunk 16 ph 2 fslive 0 under 1 wtop 2 fwd 0 harv 2
FS EVICTOR 72 at (24, 4) ucov 1 cov 1 unseal 2 obs 1
FS RUNG 72 id 3 r 2 hi -
MAGTRACE 73 ti 62 ammo 24 floor 12 target 24 chunk 16 ph 2 fslive 0 under 1 wtop 0 fwd 0 harv 2
FS CLEAR 73 tile (25, 5) peck 6
FS RUNG 73 id 3 r 3 hi -
FS GATE 73 sig (30, 30, (2, 24), (26, 4)) ok 1
MAGTRACE 74 ti 60 ammo 24 floor 12 target 24 chunk 16 ph 2 fslive 0 under 1 wtop 0 fwd 0 harv 2
FS DODGE 74 id 3 from (24, 5) to (24, 6) cov 1 -> 0 hit 0 hp 40
MAGTRACE 75 ti 70 ammo 24 floor 12 target 24 chunk 16 ph 2 fslive 0 under 1 wtop 0 fwd 0 harv 2
MAGTRACE 76 ti 80 ammo 24 floor 12 target 24 chunk 16 ph 2 fslive 0 under 1 wtop 0 fwd 0 harv 2
FS DODGE 76 id 3 from (25, 6) to (26, 6) cov 1 -> 0 hit 0 hp 22
MAGTRACE 77 ti 90 ammo 24 floor 12 target 24 chunk 16 ph 2 fslive 0 under 1 wtop 0 fwd 0 harv 2
MAGTRACE 78 ti 90 ammo 24 floor 12 target 24 chunk 16 ph 2 fslive 0 under 1 wtop 0 fwd 0 harv 2
FS CLEAR 78 tile (26, 6) peck 1
FS RUNG 78 id 3 r 3 hi -
MAGTRACE 79 ti 98 ammo 24 floor 12 target 24 chunk 16 ph 2 fslive 0 under 1 wtop 0 fwd 0 harv 2
FS CLEAR 79 tile (26, 6) peck 2
FS RUNG 79 id 3 r 3 hi -
MAGTRACE 80 ti 106 ammo 24 floor 12 target 24 chunk 16 ph 2 fslive 0 under 1 wtop 0 fwd 0 harv 2
FS STAT 80 id 3 at (26, 7) need 5 orth 3 ti 106 ammo 24 sen 0 hp 22 covden 8 eco 1 lost 0
FS CLEAR 80 tile (26, 6) peck 3
FS RUNG 80 id 3 r 3 hi -
MAGTRACE 81 ti 114 ammo 24 floor 12 target 24 chunk 16 ph 2 fslive 0 under 1 wtop 0 fwd 0 harv 2
FS CLEAR 81 tile (26, 6) peck 4
FS RUNG 81 id 3 r 3 hi -
MAGTRACE 82 ti 112 ammo 24 floor 12 target 24 chunk 16 ph 2 fslive 0 under 1 wtop 0 fwd 0 harv 2
FS CLEAR 82 tile (26, 6) peck 5
FS RUNG 82 id 3 r 3 hi -
MAGTRACE 83 ti 120 ammo 24 floor 12 target 24 chunk 16 ph 2 fslive 0 under 1 wtop 0 fwd 0 harv 2
FS CLEAR 83 tile (26, 6) peck 6
FS RUNG 83 id 3 r 3 hi -
MAGTRACE 84 ti 128 ammo 24 floor 12 target 24 chunk 16 ph 2 fslive 0 under 1 wtop 0 fwd 0 harv 2
FS CLEAR 84 tile (26, 6) peck 7
FS RUNG 84 id 3 r 3 hi -
MAGTRACE 85 ti 82 ammo 24 floor 12 target 24 chunk 16 ph 2 fslive 0 under 1 wtop 0 fwd 0 harv 3
FS CLEAR 85 tile (26, 6) peck 8
FS RUNG 85 id 3 r 3 hi -
MAGTRACE 86 ti 72 ammo 24 floor 12 target 24 chunk 16 ph 2 fslive 0 under 1 wtop 0 fwd 0 harv 3
MAGTRACE 87 ti 82 ammo 24 floor 12 target 24 chunk 16 ph 2 fslive 0 under 1 wtop 0 fwd 0 harv 3
FS RETREAT 87 id 3 hp 4 from (25, 7) to (25, 8)
MAGTRACE 88 ti 84 ammo 24 floor 12 target 24 chunk 16 ph 2 fslive 0 under 1 wtop 0 fwd 0 harv 3
MAGTRACE 89 ti 86 ammo 24 floor 12 target 24 chunk 16 ph 2 fslive 0 under 1 wtop 0 fwd 0 harv 3
MAGTRACE 90 ti 86 ammo 24 floor 12 target 24 chunk 16 ph 2 fslive 0 under 1 wtop 0 fwd 0 harv 3
MAGTRACE 91 ti 89 ammo 24 floor 12 target 24 chunk 16 ph 2 fslive 0 under 1 wtop 0 fwd 0 harv 3
FS EVICT 91 from (25, 5) to (19, 3)
MAGTRACE 92 ti 99 ammo 24 floor 12 target 24 chunk 16 ph 2 fslive 0 under 1 wtop 0 fwd 0 harv 3
MAGTRACE 93 ti 102 ammo 24 floor 12 target 24 chunk 16 ph 2 fslive 0 under 1 wtop 0 fwd 0 harv 3
MAGTRACE 94 ti 102 ammo 24 floor 12 target 24 chunk 16 ph 2 fslive 0 under 1 wtop 0 fwd 0 harv 3
MAGTRACE 95 ti 105 ammo 24 floor 12 target 24 chunk 16 ph 2 fslive 0 under 1 wtop 0 fwd 0 harv 3
MAGTRACE 96 ti 115 ammo 24 floor 12 target 24 chunk 16 ph 2 fslive 0 under 1 wtop 0 fwd 0 harv 3
MAGTRACE 97 ti 118 ammo 24 floor 12 target 24 chunk 16 ph 2 fslive 0 under 1 wtop 0 fwd 0 harv 3
MAGTRACE 98 ti 118 ammo 24 floor 12 target 24 chunk 16 ph 2 fslive 0 under 1 wtop 0 fwd 0 harv 3
MAGTRACE 99 ti 121 ammo 24 floor 12 target 24 chunk 16 ph 2 fslive 0 under 1 wtop 0 fwd 0 harv 3
MAGTRACE 100 ti 131 ammo 24 floor 12 target 24 chunk 16 ph 2 fslive 0 under 1 wtop 0 fwd 0 harv 3
MAGTRACE 101 ti 80 ammo 24 floor 12 target 24 chunk 16 ph 2 fslive 0 under 1 wtop 0 fwd 0 harv 4
MAGTRACE 102 ti 80 ammo 24 floor 12 target 24 chunk 16 ph 2 fslive 0 under 1 wtop 0 fwd 0 harv 4
MAGTRACE 103 ti 82 ammo 24 floor 12 target 24 chunk 16 ph 2 fslive 0 under 1 wtop 0 fwd 0 harv 4
MAGTRACE 104 ti 92 ammo 14 floor 12 target 24 chunk 16 ph 2 fslive 0 under 1 wtop 2 fwd 0 harv 4
MAGTRACE 105 ti 11 ammo 24 floor 12 target 24 chunk 16 ph 2 fslive 0 under 1 wtop 2 fwd 0 harv 4
MAGTRACE 106 ti 11 ammo 10 floor 12 target 24 chunk 16 ph 2 fslive 0 under 1 wtop 2 fwd 0 harv 4
MAGTRACE 107 ti 13 ammo 6 floor 12 target 24 chunk 16 ph 2 fslive 0 under 1 wtop 2 fwd 0 harv 4
MAGTRACE 108 ti 15 ammo 2 floor 12 target 24 chunk 16 ph 2 fslive 0 under 1 wtop 2 fwd 0 harv 4
MAGTRACE 109 ti 17 ammo 2 floor 12 target 24 chunk 16 ph 2 fslive 0 under 1 wtop 2 fwd 0 harv 4
MAGTRACE 110 ti 14 ammo 3 floor 12 target 24 chunk 16 ph 2 fslive 0 under 1 wtop 2 fwd 0 harv 4
MAGTRACE 111 ti 34 ammo 3 floor 12 target 24 chunk 16 ph 2 fslive 0 under 1 wtop 2 fwd 0 harv 4
MAGTRACE 112 ti 29 ammo 5 floor 12 target 24 chunk 16 ph 2 fslive 0 under 1 wtop 2 fwd 0 harv 4
MAGTRACE 113 ti 23 ammo 21 floor 12 target 24 chunk 16 ph 2 fslive 0 under 1 wtop 2 fwd 0 harv 4
MAGTRACE 114 ti 24 ammo 11 floor 12 target 24 chunk 16 ph 2 fslive 0 under 1 wtop 2 fwd 0 harv 4
MAGTRACE 115 ti 32 ammo 23 floor 12 target 24 chunk 16 ph 2 fslive 0 under 1 wtop 2 fwd 0 harv 4
MAGTRACE 116 ti 33 ammo 13 floor 12 target 24 chunk 16 ph 2 fslive 0 under 1 wtop 2 fwd 0 harv 4
FS EVICT 116 from (23, 3) to (23, 9)
MAGTRACE 117 ti 42 ammo 24 floor 12 target 24 chunk 16 ph 2 fslive 0 under 1 wtop 2 fwd 0 harv 4
MAGTRACE 118 ti 33 ammo 14 floor 12 target 24 chunk 16 ph 2 fslive 0 under 1 wtop 2 fwd 0 harv 4
MAGTRACE 119 ti 33 ammo 24 floor 12 target 24 chunk 16 ph 2 fslive 0 under 1 wtop 2 fwd 0 harv 4
MAGTRACE 120 ti 35 ammo 14 floor 12 target 24 chunk 16 ph 2 fslive 0 under 1 wtop 2 fwd 0 harv 4
FS EVICT 120 from (23, 5) to (27, 0)
MAGTRACE 121 ti 35 ammo 24 floor 12 target 24 chunk 16 ph 2 fslive 0 under 1 wtop 2 fwd 0 harv 4
MAGTRACE 122 ti 37 ammo 14 floor 12 target 24 chunk 16 ph 2 fslive 0 under 1 wtop 2 fwd 0 harv 4
MAGTRACE 123 ti 37 ammo 20 floor 12 target 24 chunk 16 ph 2 fslive 0 under 1 wtop 2 fwd 0 harv 4
MAGTRACE 124 ti 43 ammo 14 floor 12 target 24 chunk 16 ph 2 fslive 0 under 1 wtop 2 fwd 0 harv 4
MAGTRACE 125 ti 53 ammo 20 floor 12 target 24 chunk 16 ph 2 fslive 0 under 1 wtop 2 fwd 0 harv 4
MAGTRACE 126 ti 49 ammo 14 floor 12 target 24 chunk 16 ph 2 fslive 0 under 1 wtop 2 fwd 0 harv 4
MAGTRACE 127 ti 49 ammo 20 floor 12 target 24 chunk 16 ph 2 fslive 0 under 1 wtop 2 fwd 0 harv 4
FS EVICT 127 from (24, 3) to (23, 9)
MAGTRACE 128 ti 55 ammo 14 floor 12 target 24 chunk 16 ph 2 fslive 0 under 1 wtop 2 fwd 0 harv 4
MAGTRACE 129 ti 55 ammo 20 floor 12 target 24 chunk 16 ph 2 fslive 0 under 1 wtop 2 fwd 0 harv 4
MAGTRACE 130 ti 61 ammo 24 floor 12 target 24 chunk 16 ph 2 fslive 0 under 1 wtop 2 fwd 0 harv 4
MAGTRACE 131 ti 71 ammo 20 floor 12 target 24 chunk 16 ph 2 fslive 0 under 1 wtop 2 fwd 0 harv 4
FS EVICT 131 from (23, 5) to (27, 0)
MAGTRACE 132 ti 77 ammo 20 floor 12 target 24 chunk 16 ph 2 fslive 0 under 1 wtop 2 fwd 0 harv 4
MAGTRACE 133 ti 93 ammo 20 floor 12 target 24 chunk 16 ph 2 fslive 0 under 1 wtop 2 fwd 0 harv 4
MAGTRACE 134 ti 89 ammo 20 floor 12 target 24 chunk 16 ph 2 fslive 0 under 1 wtop 2 fwd 0 harv 4
MAGTRACE 135 ti 10 ammo 20 floor 12 target 24 chunk 16 ph 2 fslive 0 under 1 wtop 3 fwd 0 harv 4
MAGTRACE 136 ti 20 ammo 10 floor 12 target 24 chunk 16 ph 2 fslive 0 under 1 wtop 3 fwd 0 harv 4
MAGTRACE 137 ti 22 ammo 18 floor 12 target 24 chunk 16 ph 2 fslive 0 under 1 wtop 3 fwd 0 harv 4
FS EVICT 137 from (25, 3) to (19, 3)
MAGTRACE 138 ti 26 ammo 14 floor 12 target 24 chunk 16 ph 2 fslive 0 under 1 wtop 3 fwd 0 harv 4
MAGTRACE 139 ti 26 ammo 24 floor 12 target 24 chunk 16 ph 2 fslive 0 under 1 wtop 3 fwd 0 harv 4
FS EVICT 139 from (25, 5) to (19, 3)
MAGTRACE 140 ti 36 ammo 24 floor 12 target 24 chunk 16 ph 2 fslive 0 under 1 wtop 3 fwd 0 harv 4
MAGTRACE 141 ti 56 ammo 24 floor 12 target 24 chunk 16 ph 2 fslive 0 under 1 wtop 3 fwd 0 harv 4
FS EVICT 141 from (23, 3) to (23, 9)
MAGTRACE 142 ti 56 ammo 24 floor 12 target 24 chunk 16 ph 2 fslive 0 under 1 wtop 3 fwd 0 harv 4
MAGTRACE 143 ti 66 ammo 24 floor 12 target 24 chunk 16 ph 2 fslive 0 under 1 wtop 3 fwd 0 harv 4
MAGTRACE 144 ti 76 ammo 24 floor 12 target 24 chunk 16 ph 2 fslive 0 under 1 wtop 3 fwd 0 harv 4
FS EVICT 144 from (23, 3) to (23, 9)
MAGTRACE 145 ti 86 ammo 24 floor 12 target 24 chunk 16 ph 2 fslive 0 under 1 wtop 3 fwd 0 harv 4
MAGTRACE 146 ti 96 ammo 24 floor 12 target 24 chunk 16 ph 2 fslive 0 under 1 wtop 3 fwd 0 harv 4
FS EVICT 146 from (24, 5) to (19, 3)
MAGTRACE 147 ti 45 ammo 24 floor 12 target 24 chunk 16 ph 2 fslive 0 under 1 wtop 3 fwd 0 harv 5
MAGTRACE 148 ti 46 ammo 24 floor 12 target 24 chunk 16 ph 2 fslive 0 under 1 wtop 3 fwd 0 harv 5
MAGTRACE 149 ti 66 ammo 24 floor 12 target 24 chunk 16 ph 2 fslive 0 under 1 wtop 3 fwd 0 harv 5
MAGTRACE 150 ti 57 ammo 24 floor 12 target 24 chunk 16 ph 2 fslive 0 under 1 wtop 0 fwd 0 harv 5
FS EVICT 150 from (25, 5) to (19, 3)
MAGTRACE 151 ti 58 ammo 24 floor 12 target 24 chunk 16 ph 2 fslive 0 under 1 wtop 0 fwd 0 harv 5
FS EVICT 151 from (24, 3) to (23, 9)
MAGTRACE 152 ti 68 ammo 24 floor 12 target 24 chunk 16 ph 2 fslive 0 under 1 wtop 0 fwd 0 harv 5
MAGTRACE 153 ti 69 ammo 24 floor 12 target 24 chunk 16 ph 2 fslive 0 under 1 wtop 0 fwd 0 harv 5
MAGTRACE 154 ti 79 ammo 24 floor 12 target 24 chunk 16 ph 2 fslive 0 under 1 wtop 0 fwd 0 harv 5
FS EVICT 154 from (23, 3) to (23, 9)
MAGTRACE 155 ti 80 ammo 24 floor 12 target 24 chunk 16 ph 2 fslive 0 under 1 wtop 0 fwd 0 harv 5
MAGTRACE 156 ti 27 ammo 24 floor 12 target 24 chunk 16 ph 2 fslive 0 under 1 wtop 0 fwd 0 harv 6
FS EVICT 156 from (24, 5) to (19, 3)
MAGTRACE 157 ti 38 ammo 24 floor 12 target 24 chunk 16 ph 2 fslive 0 under 1 wtop 0 fwd 0 harv 6
MAGTRACE 158 ti 29 ammo 24 floor 12 target 24 chunk 16 ph 2 fslive 0 under 1 wtop 0 fwd 0 harv 6
MAGTRACE 159 ti 30 ammo 24 floor 12 target 24 chunk 16 ph 2 fslive 0 under 1 wtop 0 fwd 0 harv 6
MAGTRACE 160 ti 31 ammo 24 floor 12 target 24 chunk 16 ph 2 fslive 0 under 1 wtop 0 fwd 0 harv 6
FS EVICT 160 from (23, 3) to (23, 9)
MAGTRACE 161 ti 32 ammo 24 floor 12 target 24 chunk 16 ph 2 fslive 0 under 1 wtop 0 fwd 0 harv 6
MAGTRACE 162 ti 33 ammo 24 floor 12 target 24 chunk 16 ph 2 fslive 0 under 1 wtop 0 fwd 0 harv 6
FS EVICT 162 from (25, 5) to (19, 3)
MAGTRACE 163 ti 34 ammo 24 floor 12 target 24 chunk 16 ph 2 fslive 0 under 1 wtop 0 fwd 0 harv 6
MAGTRACE 164 ti 35 ammo 24 floor 12 target 24 chunk 16 ph 2 fslive 0 under 1 wtop 0 fwd 0 harv 6
MAGTRACE 165 ti 46 ammo 24 floor 12 target 24 chunk 16 ph 2 fslive 0 under 1 wtop 0 fwd 0 harv 6
FS EVICT 165 from (24, 5) to (19, 3)
MAGTRACE 166 ti 37 ammo 24 floor 12 target 24 chunk 16 ph 2 fslive 0 under 1 wtop 0 fwd 0 harv 6
FS EVICT 166 from (23, 3) to (23, 9)
MAGTRACE 167 ti 38 ammo 24 floor 12 target 24 chunk 16 ph 2 fslive 0 under 1 wtop 0 fwd 0 harv 6
MAGTRACE 168 ti 39 ammo 24 floor 12 target 24 chunk 16 ph 2 fslive 0 under 1 wtop 0 fwd 0 harv 6
MAGTRACE 169 ti 40 ammo 24 floor 52 target 16 chunk 16 ph 2 fslive 0 under 0 wtop 0 fwd 0 harv 6
FS EVICT 169 from (23, 3) to (23, 9)
MAGTRACE 170 ti 40 ammo 24 floor 52 target 16 chunk 16 ph 2 fslive 0 under 0 wtop 0 fwd 0 harv 6
MAGTRACE 171 ti 40 ammo 24 floor 52 target 16 chunk 16 ph 2 fslive 0 under 0 wtop 0 fwd 0 harv 6
MAGTRACE 172 ti 40 ammo 24 floor 52 target 16 chunk 16 ph 2 fslive 0 under 0 wtop 0 fwd 0 harv 6
FS EVICT 172 from (25, 5) to (19, 3)
MAGTRACE 173 ti 50 ammo 24 floor 52 target 16 chunk 16 ph 2 fslive 0 under 0 wtop 0 fwd 0 harv 6
MAGTRACE 174 ti 40 ammo 24 floor 52 target 16 chunk 16 ph 2 fslive 0 under 0 wtop 0 fwd 0 harv 6
FS EVICT 174 from (24, 5) to (19, 3)
MAGTRACE 175 ti 40 ammo 24 floor 52 target 16 chunk 16 ph 2 fslive 0 under 0 wtop 0 fwd 0 harv 6
MAGTRACE 176 ti 40 ammo 24 floor 52 target 16 chunk 16 ph 2 fslive 0 under 0 wtop 0 fwd 0 harv 6
FS EVICT 176 from (23, 3) to (23, 9)
MAGTRACE 177 ti 40 ammo 24 floor 52 target 16 chunk 16 ph 2 fslive 0 under 0 wtop 0 fwd 0 harv 6
MAGTRACE 178 ti 50 ammo 24 floor 52 target 16 chunk 16 ph 2 fslive 0 under 0 wtop 0 fwd 0 harv 6
FS EVICT 178 from (23, 3) to (23, 9)
MAGTRACE 179 ti 70 ammo 24 floor 52 target 16 chunk 16 ph 2 fslive 0 under 0 wtop 0 fwd 0 harv 6
MAGTRACE 180 ti 80 ammo 24 floor 52 target 16 chunk 16 ph 2 fslive 0 under 0 wtop 0 fwd 0 harv 6
MAGTRACE 181 ti 110 ammo 24 floor 52 target 16 chunk 16 ph 2 fslive 0 under 0 wtop 0 fwd 0 harv 6
MAGTRACE 182 ti 41 ammo 24 floor 52 target 16 chunk 16 ph 2 fslive 0 under 0 wtop 0 fwd 0 harv 7
FS EVICT 182 from (25, 5) to (19, 3)
MAGTRACE 183 ti 41 ammo 24 floor 52 target 16 chunk 16 ph 2 fslive 0 under 0 wtop 0 fwd 0 harv 7
FS EVICT 183 from (24, 5) to (19, 3)
MAGTRACE 184 ti 41 ammo 24 floor 52 target 16 chunk 16 ph 2 fslive 0 under 0 wtop 0 fwd 0 harv 7
MAGTRACE 185 ti 51 ammo 24 floor 52 target 16 chunk 16 ph 2 fslive 0 under 0 wtop 0 fwd 0 harv 7
MAGTRACE 186 ti 41 ammo 24 floor 52 target 16 chunk 16 ph 2 fslive 0 under 0 wtop 0 fwd 0 harv 7
FS EVICT 186 from (23, 3) to (23, 9)
MAGTRACE 187 ti 51 ammo 24 floor 52 target 16 chunk 16 ph 2 fslive 0 under 0 wtop 0 fwd 0 harv 7
MAGTRACE 188 ti 41 ammo 24 floor 52 target 16 chunk 16 ph 2 fslive 0 under 0 wtop 0 fwd 0 harv 7
FS EVICT 188 from (23, 4) to (29, 3)
MAGTRACE 189 ti 71 ammo 24 floor 52 target 16 chunk 16 ph 2 fslive 0 under 0 wtop 0 fwd 0 harv 7
FS EVICT 189 from (23, 5) to (27, 0)
MAGTRACE 190 ti 51 ammo 24 floor 52 target 16 chunk 16 ph 2 fslive 0 under 0 wtop 0 fwd 0 harv 7
MAGTRACE 191 ti 61 ammo 24 floor 52 target 16 chunk 16 ph 2 fslive 0 under 0 wtop 0 fwd 0 harv 7
MAGTRACE 192 ti 51 ammo 24 floor 52 target 16 chunk 16 ph 2 fslive 0 under 0 wtop 0 fwd 0 harv 7
MAGTRACE 193 ti 71 ammo 24 floor 52 target 16 chunk 16 ph 2 fslive 0 under 0 wtop 0 fwd 0 harv 7
FS EVICT 193 from (25, 5) to (19, 3)
MAGTRACE 194 ti 61 ammo 24 floor 52 target 16 chunk 16 ph 2 fslive 0 under 0 wtop 0 fwd 0 harv 7
MAGTRACE 195 ti 71 ammo 24 floor 52 target 16 chunk 16 ph 2 fslive 0 under 0 wtop 0 fwd 0 harv 7
FS EVICT 195 from (25, 3) to (19, 3)
MAGTRACE 196 ti 71 ammo 24 floor 52 target 16 chunk 16 ph 2 fslive 0 under 0 wtop 0 fwd 0 harv 7
FS EVICT 196 from (25, 3) to (19, 3)
MAGTRACE 197 ti 101 ammo 24 floor 52 target 16 chunk 16 ph 2 fslive 0 under 0 wtop 0 fwd 0 harv 7
MAGTRACE 198 ti 91 ammo 24 floor 52 target 16 chunk 16 ph 2 fslive 0 under 0 wtop 0 fwd 0 harv 7
FS EVICT 198 from (23, 3) to (23, 9)
MAGTRACE 199 ti 101 ammo 24 floor 52 target 16 chunk 16 ph 2 fslive 0 under 0 wtop 0 fwd 0 harv 7
MAGTRACE 200 ti 111 ammo 24 floor 52 target 16 chunk 16 ph 2 fslive 0 under 0 wtop 0 fwd 0 harv 7
FS EVICT 200 from (23, 4) to (29, 3)
MAGTRACE 201 ti 151 ammo 24 floor 52 target 16 chunk 16 ph 2 fslive 0 under 0 wtop 0 fwd 0 harv 7
MAGTRACE 202 ti 171 ammo 24 floor 52 target 16 chunk 16 ph 2 fslive 0 under 0 wtop 0 fwd 0 harv 7
MAGTRACE 203 ti 82 ammo 24 floor 52 target 16 chunk 16 ph 2 fslive 0 under 0 wtop 0 fwd 0 harv 7
FS GATE 203 sig (30, 30, (2, 24), (26, 4)) ok 1
FS PHASE 203 id 530 ph 1 d 970 at (3, 26)
MAGTRACE 204 ti 102 ammo 24 floor 52 target 16 chunk 16 ph 1 fslive 0 under 0 wtop 0 fwd 0 harv 7
MAGTRACE 205 ti 142 ammo 24 floor 52 target 16 chunk 16 ph 1 fslive 0 under 0 wtop 0 fwd 0 harv 7
FS EVICT 205 from (25, 5) to (19, 3)
FS HOPBUILD 205 at (5, 26) lch (5, 25) T (28, 3)
MAGTRACE 206 ti 85 ammo 24 floor 52 target 16 chunk 16 ph 1 fslive 0 under 0 wtop 0 fwd 0 harv 7
FS EVICT 206 from (25, 4) to (19, 3)
FS GATE 206 sig (30, 30, (2, 24), (26, 4)) ok 1
FS THROW 206 from (6, 26) to (8, 21) T (28, 3) body 530 n 1 dsq 580
MAGTRACE 207 ti 105 ammo 24 floor 52 target 16 chunk 16 ph 1 fslive 0 under 0 wtop 0 fwd 0 harv 7
FS EVICT 207 from (25, 4) to (19, 4)
FS HOPBUILD 207 at (8, 21) lch (9, 21) T (28, 3)
MAGTRACE 208 ti 48 ammo 24 floor 52 target 16 chunk 16 ph 1 fslive 0 under 0 wtop 0 fwd 0 harv 7
FS GATE 208 sig (30, 30, (2, 24), (26, 4)) ok 1
FS THROW 208 from (8, 20) to (13, 18) T (28, 3) body 530 n 1 dsq 338
MAGTRACE 209 ti 88 ammo 24 floor 52 target 16 chunk 16 ph 1 fslive 0 under 0 wtop 0 fwd 0 harv 7
FS EVICT 209 from (23, 3) to (23, 9)
FS HOPBUILD 209 at (13, 18) lch (14, 18) T (28, 3)
MAGTRACE 210 ti 31 ammo 24 floor 52 target 16 chunk 16 ph 1 fslive 0 under 0 wtop 0 fwd 0 harv 7
FS GATE 210 sig (30, 30, (2, 24), (26, 4)) ok 1
FS THROW 210 from (13, 18) to (17, 14) T (28, 3) body 530 n 1 dsq 162
MAGTRACE 211 ti 51 ammo 24 floor 52 target 16 chunk 16 ph 1 fslive 0 under 0 wtop 0 fwd 0 harv 7
FS EVICT 211 from (23, 4) to (29, 3)
MAGTRACE 212 ti 71 ammo 24 floor 52 target 16 chunk 16 ph 1 fslive 0 under 0 wtop 0 fwd 0 harv 7
MAGTRACE 213 ti 111 ammo 24 floor 52 target 16 chunk 16 ph 1 fslive 0 under 0 wtop 0 fwd 0 harv 7
FS HOPBUILD 213 at (18, 13) lch (18, 12) T (28, 3)
MAGTRACE 214 ti 54 ammo 24 floor 52 target 16 chunk 16 ph 1 fslive 0 under 0 wtop 0 fwd 0 harv 7
FS GATE 214 sig (30, 30, (2, 24), (26, 4)) ok 1
FS THROW 214 from (19, 13) to (22, 9) T (28, 3) body 530 n 1 dsq 32
MAGTRACE 215 ti 74 ammo 24 floor 52 target 16 chunk 16 ph 1 fslive 0 under 0 wtop 0 fwd 0 harv 7
FS EVICT 215 from (25, 5) to (19, 4)
MAGTRACE 216 ti 94 ammo 24 floor 52 target 16 chunk 16 ph 1 fslive 0 under 0 wtop 0 fwd 0 harv 7
FS HOPBUILD 216 at (23, 13) lch (23, 12) T (28, 3)
MAGTRACE 217 ti 47 ammo 24 floor 52 target 16 chunk 16 ph 1 fslive 0 under 0 wtop 0 fwd 0 harv 7
FS EVICT 217 from (25, 3) to (19, 4)
FS GATE 217 sig (30, 30, (2, 24), (26, 4)) ok 1
FS THROW 217 from (24, 13) to (24, 7) T (28, 3) body 530 n 1 dsq 8
MAGTRACE 218 ti 67 ammo 24 floor 52 target 16 chunk 16 ph 1 fslive 0 under 0 wtop 0 fwd 0 harv 7
FS ARRIVE 218 id 530 body 1 at (24, 7) dsq 8
FS PHASE 218 id 530 ph 2 d 8 at (24, 7)
MAGTRACE 219 ti 87 ammo 24 floor 52 target 16 chunk 16 ph 2 fslive 0 under 0 wtop 0 fwd 0 harv 7
FS EVICT 219 from (23, 4) to (29, 3)
FS PHASE 219 id 530 ph 1 d 73 at (23, 13)
FS HOPBUILD 219 at (23, 13) lch (23, 12) T (28, 3)
MAGTRACE 220 ti 20 ammo 24 floor 52 target 16 chunk 16 ph 1 fslive 0 under 0 wtop 0 fwd 0 harv 7
FS GATE 220 sig (30, 30, (2, 24), (26, 4)) ok 1
FS THROW 220 from (24, 13) to (24, 7) T (28, 3) body 530 n 1 dsq 8
MAGTRACE 221 ti 60 ammo 24 floor 52 target 16 chunk 16 ph 1 fslive 0 under 0 wtop 0 fwd 0 harv 7
FS EVICT 221 from (23, 4) to (29, 3)
FS PHASE 221 id 530 ph 2 d 8 at (24, 7)
MAGTRACE 222 ti 80 ammo 24 floor 52 target 16 chunk 16 ph 2 fslive 0 under 0 wtop 0 fwd 0 harv 7
FS PHASE 222 id 530 ph 1 d 73 at (23, 13)
MAGTRACE 223 ti 90 ammo 24 floor 52 target 16 chunk 16 ph 1 fslive 0 under 0 wtop 0 fwd 0 harv 7
FS HOPBUILD 223 at (23, 12) lch (23, 11) T (28, 3)
MAGTRACE 224 ti 23 ammo 24 floor 52 target 16 chunk 16 ph 1 fslive 0 under 0 wtop 0 fwd 0 harv 7
FS GATE 224 sig (30, 30, (2, 24), (26, 4)) ok 1
FS THROW 224 from (24, 12) to (26, 7) T (28, 3) body 530 n 1 dsq 4
MAGTRACE 225 ti 53 ammo 24 floor 52 target 16 chunk 16 ph 1 fslive 0 under 0 wtop 0 fwd 0 harv 7
MAGTRACE 226 ti 73 ammo 24 floor 52 target 16 chunk 16 ph 1 fslive 0 under 0 wtop 0 fwd 0 harv 7
FS EVICT 226 from (25, 3) to (19, 4)
MAGTRACE 227 ti 93 ammo 24 floor 52 target 16 chunk 16 ph 1 fslive 0 under 0 wtop 0 fwd 0 harv 7
MAGTRACE 228 ti 103 ammo 24 floor 52 target 16 chunk 16 ph 1 fslive 0 under 0 wtop 0 fwd 0 harv 7
MAGTRACE 229 ti 143 ammo 24 floor 52 target 16 chunk 16 ph 1 fslive 0 under 0 wtop 0 fwd 0 harv 7
MAGTRACE 230 ti 163 ammo 24 floor 52 target 16 chunk 16 ph 1 fslive 0 under 0 wtop 0 fwd 0 harv 7
FS EVICT 230 from (23, 4) to (29, 3)
MAGTRACE 231 ti 100 ammo 24 floor 52 target 16 chunk 16 ph 1 fslive 0 under 0 wtop 0 fwd 0 harv 7
FS GATE 231 sig (30, 30, (2, 24), (26, 4)) ok 1
MAGTRACE 232 ti 110 ammo 24 floor 52 target 16 chunk 16 ph 1 fslive 0 under 0 wtop 0 fwd 0 harv 7
MAGTRACE 233 ti 140 ammo 24 floor 52 target 16 chunk 16 ph 1 fslive 0 under 0 wtop 0 fwd 0 harv 7
FS EVICT 233 from (25, 5) to (19, 4)
MAGTRACE 234 ti 160 ammo 24 floor 52 target 16 chunk 16 ph 1 fslive 0 under 0 wtop 0 fwd 0 harv 7
MAGTRACE 235 ti 180 ammo 24 floor 52 target 16 chunk 16 ph 1 fslive 0 under 0 wtop 0 fwd 0 harv 7
MAGTRACE 236 ti 190 ammo 24 floor 52 target 16 chunk 16 ph 1 fslive 0 under 0 wtop 0 fwd 0 harv 7
FS EVICT 236 from (25, 3) to (19, 4)
MAGTRACE 237 ti 230 ammo 24 floor 52 target 16 chunk 16 ph 1 fslive 0 under 0 wtop 0 fwd 0 harv 7
FS EVICT 237 from (23, 4) to (29, 3)
MAGTRACE 238 ti 250 ammo 24 floor 52 target 16 chunk 16 ph 1 fslive 0 under 0 wtop 0 fwd 0 harv 7
MAGTRACE 239 ti 260 ammo 24 floor 52 target 16 chunk 16 ph 1 fslive 0 under 0 wtop 0 fwd 0 harv 7
MAGTRACE 240 ti 195 ammo 24 floor 52 target 16 chunk 16 ph 1 fslive 0 under 0 wtop 0 fwd 0 harv 7
FS EVICT 240 from (23, 4) to (29, 3)
FS GATE 240 sig (30, 30, (2, 24), (26, 4)) ok 1
MAGTRACE 241 ti 225 ammo 24 floor 52 target 16 chunk 16 ph 1 fslive 0 under 0 wtop 0 fwd 0 harv 7
MAGTRACE 242 ti 245 ammo 24 floor 52 target 16 chunk 16 ph 1 fslive 0 under 0 wtop 0 fwd 0 harv 7
MAGTRACE 243 ti 265 ammo 24 floor 52 target 16 chunk 16 ph 1 fslive 0 under 0 wtop 0 fwd 0 harv 7
FS EVICT 243 from (25, 3) to (19, 4)
MAGTRACE 244 ti 275 ammo 24 floor 52 target 16 chunk 16 ph 1 fslive 0 under 0 wtop 0 fwd 0 harv 7
MAGTRACE 245 ti 315 ammo 24 floor 52 target 16 chunk 16 ph 1 fslive 0 under 0 wtop 0 fwd 0 harv 7
MAGTRACE 246 ti 335 ammo 24 floor 52 target 16 chunk 16 ph 1 fslive 0 under 0 wtop 0 fwd 0 harv 7
MAGTRACE 247 ti 345 ammo 24 floor 52 target 16 chunk 16 ph 1 fslive 0 under 0 wtop 0 fwd 0 harv 7
FS EVICT 247 from (25, 3) to (19, 4)
MAGTRACE 248 ti 355 ammo 24 floor 52 target 16 chunk 16 ph 1 fslive 0 under 0 wtop 0 fwd 0 harv 7
FS EVICT 248 from (23, 5) to (27, 0)
MAGTRACE 249 ti 385 ammo 24 floor 52 target 16 chunk 16 ph 1 fslive 0 under 0 wtop 0 fwd 0 harv 7
MAGTRACE 250 ti 329 ammo 24 floor 52 target 16 chunk 16 ph 1 fslive 0 under 0 wtop 0 fwd 0 harv 7
FS GATE 250 sig (30, 30, (2, 24), (26, 4)) ok 1
MAGTRACE 251 ti 349 ammo 24 floor 52 target 16 chunk 16 ph 1 fslive 0 under 0 wtop 0 fwd 0 harv 7
FS EVICT 251 from (23, 4) to (29, 3)
MAGTRACE 252 ti 359 ammo 24 floor 52 target 16 chunk 16 ph 1 fslive 0 under 0 wtop 0 fwd 0 harv 7
MAGTRACE 253 ti 399 ammo 24 floor 52 target 16 chunk 16 ph 1 fslive 0 under 0 wtop 0 fwd 0 harv 7
FS EVICT 253 from (25, 3) to (19, 4)
MAGTRACE 254 ti 419 ammo 24 floor 52 target 16 chunk 16 ph 1 fslive 0 under 0 wtop 0 fwd 0 harv 7
MAGTRACE 255 ti 429 ammo 24 floor 52 target 16 chunk 16 ph 1 fslive 0 under 0 wtop 0 fwd 0 harv 7
MAGTRACE 256 ti 439 ammo 24 floor 52 target 16 chunk 16 ph 1 fslive 0 under 0 wtop 0 fwd 0 harv 7
MAGTRACE 257 ti 469 ammo 24 floor 52 target 16 chunk 16 ph 1 fslive 0 under 0 wtop 0 fwd 0 harv 7
FS EVICT 257 from (25, 3) to (19, 4)
MAGTRACE 258 ti 489 ammo 24 floor 52 target 16 chunk 16 ph 1 fslive 0 under 0 wtop 0 fwd 0 harv 7
FS EVICT 258 from (23, 5) to (27, 0)
MAGTRACE 259 ti 509 ammo 24 floor 52 target 16 chunk 16 ph 1 fslive 0 under 0 wtop 0 fwd 0 harv 7
MAGTRACE 260 ti 519 ammo 24 floor 52 target 16 chunk 16 ph 1 fslive 0 under 0 wtop 0 fwd 0 harv 7
MAGTRACE 261 ti 481 ammo 24 floor 52 target 16 chunk 16 ph 1 fslive 0 under 0 wtop 0 fwd 0 harv 7
FS EVICT 261 from (23, 4) to (29, 3)
FS GATE 261 sig (30, 30, (2, 24), (26, 4)) ok 1
MAGTRACE 262 ti 501 ammo 24 floor 52 target 16 chunk 16 ph 1 fslive 0 under 0 wtop 0 fwd 0 harv 7
MAGTRACE 263 ti 511 ammo 24 floor 52 target 16 chunk 16 ph 1 fslive 0 under 0 wtop 0 fwd 0 harv 7
FS EVICT 263 from (25, 3) to (19, 4)
MAGTRACE 264 ti 521 ammo 24 floor 52 target 16 chunk 16 ph 1 fslive 0 under 0 wtop 0 fwd 0 harv 7
MAGTRACE 265 ti 551 ammo 24 floor 52 target 16 chunk 16 ph 1 fslive 0 under 0 wtop 0 fwd 0 harv 7
MAGTRACE 266 ti 571 ammo 24 floor 52 target 16 chunk 16 ph 1 fslive 0 under 0 wtop 0 fwd 0 harv 7
MAGTRACE 267 ti 591 ammo 24 floor 52 target 16 chunk 16 ph 1 fslive 0 under 0 wtop 0 fwd 0 harv 7
FS EVICT 267 from (25, 3) to (19, 4)
MAGTRACE 268 ti 601 ammo 24 floor 52 target 16 chunk 16 ph 1 fslive 0 under 0 wtop 0 fwd 0 harv 7
FS EVICT 268 from (23, 5) to (27, 0)
MAGTRACE 269 ti 561 ammo 24 floor 52 target 16 chunk 16 ph 1 fslive 0 under 0 wtop 0 fwd 0 harv 8
MAGTRACE 270 ti 569 ammo 24 floor 52 target 16 chunk 16 ph 1 fslive 0 under 0 wtop 0 fwd 0 harv 8
MAGTRACE 271 ti 497 ammo 24 floor 52 target 16 chunk 16 ph 1 fslive 0 under 0 wtop 0 fwd 0 harv 8
FS EVICT 271 from (25, 3) to (19, 4)
FS GATE 271 sig (30, 30, (2, 24), (26, 4)) ok 1
MAGTRACE 272 ti 495 ammo 24 floor 52 target 16 chunk 16 ph 1 fslive 0 under 0 wtop 0 fwd 0 harv 8
MAGTRACE 273 ti 503 ammo 24 floor 52 target 24 chunk 16 ph 1 fslive 0 under 0 wtop 0 fwd 0 harv 8
MAGTRACE 274 ti 523 ammo 20 floor 46 target 24 chunk 16 ph 1 fslive 0 under 0 wtop 3 fwd 0 harv 8
MAGTRACE 275 ti 527 ammo 24 floor 46 target 24 chunk 16 ph 1 fslive 0 under 0 wtop 3 fwd 0 harv 8
FS EVICT 275 from (25, 3) to (19, 4)
MAGTRACE 276 ti 537 ammo 24 floor 46 target 24 chunk 16 ph 1 fslive 0 under 0 wtop 3 fwd 0 harv 8
FS EVICT 276 from (23, 5) to (27, 0)
MAGTRACE 277 ti 565 ammo 24 floor 46 target 16 chunk 16 ph 1 fslive 0 under 0 wtop 3 fwd 0 harv 8
MAGTRACE 278 ti 501 ammo 24 floor 46 target 16 chunk 16 ph 1 fslive 0 under 0 wtop 3 fwd 0 harv 8
FS GATE 278 sig (30, 30, (2, 24), (26, 4)) ok 1
MAGTRACE 279 ti 498 ammo 24 floor 46 target 16 chunk 16 ph 1 fslive 0 under 0 wtop 3 fwd 0 harv 8
FS EVICT 279 from (23, 4) to (29, 3)
MAGTRACE 280 ti 508 ammo 24 floor 46 target 16 chunk 16 ph 1 fslive 0 under 0 wtop 3 fwd 0 harv 8
MAGTRACE 281 ti 525 ammo 24 floor 46 target 16 chunk 16 ph 1 fslive 0 under 0 wtop 3 fwd 0 harv 8
FS EVICT 281 from (25, 3) to (19, 4)
MAGTRACE 282 ti 545 ammo 24 floor 46 target 16 chunk 16 ph 1 fslive 0 under 0 wtop 3 fwd 0 harv 8
MAGTRACE 283 ti 552 ammo 24 floor 46 target 16 chunk 16 ph 1 fslive 0 under 0 wtop 3 fwd 0 harv 8
MAGTRACE 284 ti 475 ammo 24 floor 46 target 16 chunk 16 ph 1 fslive 0 under 0 wtop 3 fwd 0 harv 8
FS EVICT 284 from (25, 5) to (19, 4)
FS GATE 284 sig (30, 30, (2, 24), (26, 4)) ok 1
MAGTRACE 285 ti 502 ammo 24 floor 46 target 16 chunk 16 ph 1 fslive 0 under 0 wtop 3 fwd 0 harv 8
FS EVICT 285 from (25, 3) to (19, 4)
MAGTRACE 286 ti 522 ammo 24 floor 52 target 16 chunk 16 ph 1 fslive 0 under 0 wtop 0 fwd 0 harv 8
FS EVICT 286 from (23, 5) to (27, 0)
MAGTRACE 287 ti 519 ammo 24 floor 52 target 16 chunk 16 ph 1 fslive 0 under 0 wtop 0 fwd 0 harv 8
MAGTRACE 288 ti 529 ammo 24 floor 52 target 16 chunk 16 ph 1 fslive 0 under 0 wtop 0 fwd 0 harv 8
FS EVICT 288 from (23, 4) to (29, 3)
MAGTRACE 289 ti 559 ammo 24 floor 52 target 16 chunk 16 ph 1 fslive 0 under 0 wtop 0 fwd 0 harv 8
FS EVICT 289 from (23, 4) to (29, 3)
MAGTRACE 290 ti 579 ammo 24 floor 52 target 16 chunk 16 ph 1 fslive 0 under 0 wtop 0 fwd 0 harv 8
MAGTRACE 291 ti 510 ammo 24 floor 52 target 16 chunk 16 ph 1 fslive 0 under 0 wtop 0 fwd 0 harv 8
FS GATE 291 sig (30, 30, (2, 24), (26, 4)) ok 1
MAGTRACE 292 ti 520 ammo 24 floor 52 target 16 chunk 16 ph 1 fslive 0 under 0 wtop 0 fwd 0 harv 8
FS EVICT 292 from (25, 3) to (19, 4)
MAGTRACE 293 ti 560 ammo 24 floor 52 target 16 chunk 16 ph 1 fslive 0 under 0 wtop 0 fwd 0 harv 8
MAGTRACE 294 ti 580 ammo 24 floor 52 target 16 chunk 16 ph 1 fslive 0 under 0 wtop 0 fwd 0 harv 8
FS EVICT 294 from (25, 3) to (19, 4)
MAGTRACE 295 ti 590 ammo 24 floor 52 target 16 chunk 16 ph 1 fslive 0 under 0 wtop 0 fwd 0 harv 8
MAGTRACE 296 ti 600 ammo 24 floor 52 target 16 chunk 16 ph 1 fslive 0 under 0 wtop 0 fwd 0 harv 8
FS EVICT 296 from (23, 4) to (29, 3)
MAGTRACE 297 ti 630 ammo 24 floor 52 target 16 chunk 16 ph 1 fslive 0 under 0 wtop 0 fwd 0 harv 8
FS EVICT 297 from (25, 3) to (19, 4)
MAGTRACE 298 ti 650 ammo 24 floor 52 target 16 chunk 16 ph 1 fslive 0 under 0 wtop 0 fwd 0 harv 8
FS EVICT 298 from (23, 4) to (29, 3)
MAGTRACE 299 ti 670 ammo 24 floor 52 target 16 chunk 16 ph 1 fslive 0 under 0 wtop 0 fwd 0 harv 8
MAGTRACE 300 ti 680 ammo 24 floor 52 target 16 chunk 16 ph 1 fslive 0 under 0 wtop 0 fwd 0 harv 8
MAGTRACE 301 ti 629 ammo 24 floor 52 target 16 chunk 16 ph 1 fslive 0 under 0 wtop 0 fwd 0 harv 8
FS EVICT 301 from (23, 4) to (29, 3)
FS GATE 301 sig (30, 30, (2, 24), (26, 4)) ok 1
MAGTRACE 302 ti 649 ammo 24 floor 52 target 16 chunk 16 ph 1 fslive 0 under 0 wtop 0 fwd 0 harv 8
FS EVICT 302 from (25, 3) to (19, 4)
MAGTRACE 303 ti 669 ammo 24 floor 52 target 16 chunk 16 ph 1 fslive 0 under 0 wtop 0 fwd 0 harv 8
MAGTRACE 304 ti 689 ammo 24 floor 52 target 16 chunk 16 ph 1 fslive 0 under 0 wtop 0 fwd 0 harv 8
FS EVICT 304 from (25, 3) to (19, 4)
MAGTRACE 305 ti 719 ammo 24 floor 52 target 16 chunk 16 ph 1 fslive 0 under 0 wtop 0 fwd 0 harv 8
MAGTRACE 306 ti 739 ammo 24 floor 52 target 16 chunk 16 ph 1 fslive 0 under 0 wtop 0 fwd 0 harv 8
FS EVICT 306 from (23, 4) to (29, 3)
MAGTRACE 307 ti 769 ammo 24 floor 52 target 16 chunk 16 ph 1 fslive 0 under 0 wtop 0 fwd 0 harv 8
FS EVICT 307 from (25, 3) to (19, 4)
MAGTRACE 308 ti 686 ammo 24 floor 52 target 16 chunk 16 ph 1 fslive 0 under 0 wtop 0 fwd 0 harv 8
FS EVICT 308 from (23, 4) to (29, 3)
FS GATE 308 sig (30, 30, (2, 24), (26, 4)) ok 1
MAGTRACE 309 ti 726 ammo 24 floor 52 target 16 chunk 16 ph 1 fslive 0 under 0 wtop 0 fwd 0 harv 8
MAGTRACE 310 ti 756 ammo 24 floor 52 target 16 chunk 16 ph 1 fslive 0 under 0 wtop 0 fwd 0 harv 8
MAGTRACE 311 ti 766 ammo 24 floor 52 target 16 chunk 16 ph 1 fslive 0 under 0 wtop 0 fwd 0 harv 8
FS EVICT 311 from (23, 4) to (29, 3)
MAGTRACE 312 ti 776 ammo 24 floor 52 target 16 chunk 16 ph 1 fslive 0 under 0 wtop 0 fwd 0 harv 8
FS EVICT 312 from (25, 3) to (19, 4)
MAGTRACE 313 ti 806 ammo 24 floor 52 target 16 chunk 16 ph 1 fslive 0 under 0 wtop 0 fwd 0 harv 8
MAGTRACE 314 ti 731 ammo 24 floor 52 target 16 chunk 16 ph 1 fslive 0 under 0 wtop 0 fwd 0 harv 8
FS EVICT 314 from (25, 3) to (19, 4)
FS GATE 314 sig (30, 30, (2, 24), (26, 4)) ok 1
MAGTRACE 315 ti 761 ammo 24 floor 52 target 16 chunk 16 ph 1 fslive 0 under 0 wtop 0 fwd 0 harv 8
MAGTRACE 316 ti 771 ammo 24 floor 52 target 16 chunk 16 ph 1 fslive 0 under 0 wtop 0 fwd 0 harv 8
FS EVICT 316 from (23, 4) to (29, 3)
MAGTRACE 317 ti 811 ammo 24 floor 52 target 16 chunk 16 ph 1 fslive 0 under 0 wtop 0 fwd 0 harv 8
FS EVICT 317 from (25, 3) to (19, 4)
MAGTRACE 318 ti 841 ammo 24 floor 52 target 16 chunk 16 ph 1 fslive 0 under 0 wtop 0 fwd 0 harv 8
FS EVICT 318 from (23, 4) to (29, 3)
MAGTRACE 319 ti 851 ammo 24 floor 52 target 16 chunk 16 ph 1 fslive 0 under 0 wtop 0 fwd 0 harv 8
MAGTRACE 320 ti 861 ammo 24 floor 52 target 16 chunk 16 ph 1 fslive 0 under 0 wtop 0 fwd 0 harv 8
MAGTRACE 321 ti 891 ammo 24 floor 52 target 16 chunk 16 ph 1 fslive 0 under 0 wtop 0 fwd 0 harv 8
FS EVICT 321 from (23, 4) to (29, 3)
MAGTRACE 322 ti 911 ammo 24 floor 52 target 16 chunk 16 ph 1 fslive 0 under 0 wtop 0 fwd 0 harv 8
FS EVICT 322 from (25, 3) to (19, 4)
MAGTRACE 323 ti 941 ammo 24 floor 52 target 16 chunk 16 ph 1 fslive 0 under 0 wtop 0 fwd 0 harv 8
MAGTRACE 324 ti 951 ammo 24 floor 52 target 16 chunk 16 ph 1 fslive 0 under 0 wtop 0 fwd 0 harv 8
FS EVICT 324 from (25, 3) to (19, 4)
MAGTRACE 325 ti 991 ammo 24 floor 52 target 16 chunk 16 ph 1 fslive 0 under 0 wtop 0 fwd 0 harv 8
MAGTRACE 326 ti 1021 ammo 24 floor 52 target 16 chunk 16 ph 1 fslive 0 under 0 wtop 0 fwd 0 harv 8
FS EVICT 326 from (23, 4) to (29, 3)
MAGTRACE 327 ti 1031 ammo 24 floor 52 target 16 chunk 16 ph 1 fslive 0 under 0 wtop 0 fwd 0 harv 8
FS EVICT 327 from (25, 3) to (19, 4)
MAGTRACE 328 ti 1041 ammo 24 floor 52 target 16 chunk 16 ph 1 fslive 0 under 0 wtop 0 fwd 0 harv 8
FS EVICT 328 from (23, 4) to (29, 3)
MAGTRACE 329 ti 1071 ammo 24 floor 52 target 16 chunk 16 ph 1 fslive 0 under 0 wtop 0 fwd 0 harv 8
MAGTRACE 330 ti 1091 ammo 24 floor 52 target 16 chunk 16 ph 1 fslive 0 under 0 wtop 0 fwd 0 harv 8
MAGTRACE 331 ti 1121 ammo 24 floor 52 target 16 chunk 16 ph 1 fslive 0 under 0 wtop 0 fwd 0 harv 8
FS EVICT 331 from (23, 4) to (29, 3)
MAGTRACE 332 ti 1131 ammo 24 floor 52 target 16 chunk 16 ph 1 fslive 0 under 0 wtop 0 fwd 0 harv 8
FS EVICT 332 from (25, 3) to (19, 4)
MAGTRACE 333 ti 1171 ammo 24 floor 52 target 16 chunk 16 ph 1 fslive 0 under 0 wtop 0 fwd 0 harv 8
MAGTRACE 334 ti 1201 ammo 24 floor 52 target 16 chunk 16 ph 1 fslive 0 under 0 wtop 0 fwd 0 harv 8
FS EVICT 334 from (25, 3) to (19, 4)
MAGTRACE 335 ti 1211 ammo 24 floor 52 target 16 chunk 16 ph 1 fslive 0 under 0 wtop 0 fwd 0 harv 8
MAGTRACE 336 ti 1221 ammo 24 floor 52 target 16 chunk 16 ph 1 fslive 0 under 0 wtop 0 fwd 0 harv 8
FS EVICT 336 from (23, 4) to (29, 3)
MAGTRACE 337 ti 1251 ammo 24 floor 52 target 16 chunk 16 ph 1 fslive 0 under 0 wtop 0 fwd 0 harv 8
FS EVICT 337 from (25, 3) to (19, 4)
MAGTRACE 338 ti 1271 ammo 24 floor 52 target 16 chunk 16 ph 1 fslive 0 under 0 wtop 0 fwd 0 harv 8
FS EVICT 338 from (23, 4) to (29, 3)
MAGTRACE 339 ti 1301 ammo 24 floor 52 target 16 chunk 16 ph 1 fslive 0 under 0 wtop 0 fwd 0 harv 8
MAGTRACE 340 ti 1311 ammo 24 floor 52 target 16 chunk 16 ph 1 fslive 0 under 0 wtop 0 fwd 0 harv 8
MAGTRACE 341 ti 1351 ammo 24 floor 52 target 16 chunk 16 ph 1 fslive 0 under 0 wtop 0 fwd 0 harv 8
FS EVICT 341 from (23, 4) to (29, 3)
MAGTRACE 342 ti 1381 ammo 24 floor 52 target 16 chunk 16 ph 1 fslive 0 under 0 wtop 0 fwd 0 harv 8
FS EVICT 342 from (25, 3) to (19, 4)
MAGTRACE 343 ti 1391 ammo 24 floor 52 target 16 chunk 16 ph 1 fslive 0 under 0 wtop 0 fwd 0 harv 8
MAGTRACE 344 ti 1401 ammo 24 floor 52 target 16 chunk 16 ph 1 fslive 0 under 0 wtop 0 fwd 0 harv 8
FS EVICT 344 from (25, 3) to (19, 4)
MAGTRACE 345 ti 1431 ammo 24 floor 52 target 16 chunk 16 ph 1 fslive 0 under 0 wtop 0 fwd 0 harv 8
MAGTRACE 346 ti 1451 ammo 24 floor 52 target 16 chunk 16 ph 1 fslive 0 under 0 wtop 0 fwd 0 harv 8
FS EVICT 346 from (23, 4) to (29, 3)
MAGTRACE 347 ti 1481 ammo 24 floor 52 target 16 chunk 16 ph 1 fslive 0 under 0 wtop 0 fwd 0 harv 8
FS EVICT 347 from (25, 3) to (19, 4)
MAGTRACE 348 ti 1491 ammo 24 floor 52 target 16 chunk 16 ph 1 fslive 0 under 0 wtop 0 fwd 0 harv 8
FS EVICT 348 from (23, 4) to (29, 3)
MAGTRACE 349 ti 1531 ammo 24 floor 52 target 16 chunk 16 ph 1 fslive 0 under 0 wtop 0 fwd 0 harv 8
FS EVICT 349 from (25, 5) to (19, 4)
MAGTRACE 350 ti 1561 ammo 24 floor 52 target 16 chunk 16 ph 1 fslive 0 under 0 wtop 0 fwd 0 harv 8
MAGTRACE 351 ti 1571 ammo 24 floor 52 target 16 chunk 16 ph 1 fslive 0 under 0 wtop 0 fwd 0 harv 8
FS EVICT 351 from (23, 4) to (29, 3)
MAGTRACE 352 ti 1581 ammo 24 floor 52 target 16 chunk 16 ph 1 fslive 0 under 0 wtop 0 fwd 0 harv 8
FS EVICT 352 from (25, 3) to (19, 5)
MAGTRACE 353 ti 1611 ammo 24 floor 52 target 16 chunk 16 ph 1 fslive 0 under 0 wtop 0 fwd 0 harv 8
MAGTRACE 354 ti 1631 ammo 24 floor 52 target 16 chunk 16 ph 1 fslive 0 under 0 wtop 0 fwd 0 harv 8
FS EVICT 354 from (25, 3) to (19, 5)
MAGTRACE 355 ti 1661 ammo 24 floor 52 target 16 chunk 16 ph 1 fslive 0 under 0 wtop 0 fwd 0 harv 8
MAGTRACE 356 ti 1671 ammo 24 floor 52 target 16 chunk 16 ph 1 fslive 0 under 0 wtop 0 fwd 0 harv 8
FS EVICT 356 from (23, 5) to (27, 0)
MAGTRACE 357 ti 1711 ammo 24 floor 52 target 16 chunk 16 ph 1 fslive 0 under 0 wtop 0 fwd 0 harv 8
FS EVICT 357 from (25, 3) to (19, 5)
MAGTRACE 358 ti 1741 ammo 24 floor 52 target 16 chunk 16 ph 1 fslive 0 under 0 wtop 0 fwd 0 harv 8
FS EVICT 358 from (23, 5) to (27, 0)
MAGTRACE 359 ti 1751 ammo 24 floor 52 target 16 chunk 16 ph 1 fslive 0 under 0 wtop 0 fwd 0 harv 8
MAGTRACE 360 ti 1761 ammo 24 floor 52 target 16 chunk 16 ph 1 fslive 0 under 0 wtop 0 fwd 0 harv 8
FS EVICT 360 from (25, 5) to (19, 5)
MAGTRACE 361 ti 1791 ammo 24 floor 52 target 16 chunk 16 ph 1 fslive 0 under 0 wtop 0 fwd 0 harv 8
FS EVICT 361 from (25, 3) to (19, 5)
MAGTRACE 362 ti 1811 ammo 24 floor 52 target 16 chunk 16 ph 1 fslive 0 under 0 wtop 0 fwd 0 harv 8
FS EVICT 362 from (24, 5) to (19, 5)
MAGTRACE 363 ti 1841 ammo 24 floor 52 target 16 chunk 16 ph 1 fslive 0 under 0 wtop 0 fwd 0 harv 8
MAGTRACE 364 ti 1851 ammo 24 floor 52 target 16 chunk 16 ph 1 fslive 0 under 0 wtop 0 fwd 0 harv 8
FS EVICT 364 from (24, 3) to (23, 9)
MAGTRACE 365 ti 1891 ammo 24 floor 52 target 16 chunk 16 ph 1 fslive 0 under 0 wtop 0 fwd 0 harv 8
FS EVICT 365 from (25, 5) to (19, 5)
MAGTRACE 366 ti 1921 ammo 24 floor 52 target 16 chunk 16 ph 1 fslive 0 under 0 wtop 0 fwd 0 harv 8
FS EVICT 366 from (25, 5) to (20, 1)
MAGTRACE 367 ti 1931 ammo 24 floor 52 target 16 chunk 16 ph 1 fslive 0 under 0 wtop 0 fwd 0 harv 8
FS EVICT 367 from (25, 5) to (20, 1)
MAGTRACE 368 ti 1941 ammo 24 floor 52 target 16 chunk 16 ph 1 fslive 0 under 0 wtop 0 fwd 0 harv 8
FS EVICT 368 from (23, 5) to (27, 0)
MAGTRACE 369 ti 1971 ammo 24 floor 52 target 16 chunk 16 ph 1 fslive 0 under 0 wtop 0 fwd 0 harv 8
MAGTRACE 370 ti 1991 ammo 24 floor 52 target 16 chunk 16 ph 1 fslive 0 under 0 wtop 0 fwd 0 harv 8
FS EVICT 370 from (25, 5) to (20, 1)
MAGTRACE 371 ti 1924 ammo 24 floor 52 target 16 chunk 16 ph 1 fslive 0 under 0 wtop 0 fwd 0 harv 8
FS EVICT 371 from (23, 3) to (23, 9)
FS GATE 371 sig (30, 30, (2, 24), (26, 4)) ok 1
MAGTRACE 372 ti 1934 ammo 24 floor 52 target 16 chunk 16 ph 1 fslive 0 under 0 wtop 0 fwd 0 harv 8
FS EVICT 372 from (23, 3) to (23, 9)
MAGTRACE 373 ti 1974 ammo 24 floor 52 target 16 chunk 16 ph 1 fslive 0 under 0 wtop 0 fwd 0 harv 8
FS EVICT 373 from (25, 3) to (20, 7)
MAGTRACE 374 ti 2004 ammo 24 floor 52 target 16 chunk 16 ph 1 fslive 0 under 0 wtop 0 fwd 0 harv 8
MAGTRACE 375 ti 2014 ammo 24 floor 52 target 16 chunk 16 ph 1 fslive 0 under 0 wtop 0 fwd 0 harv 8
FS EVICT 375 from (23, 3) to (23, 9)
MAGTRACE 376 ti 2024 ammo 24 floor 52 target 16 chunk 16 ph 1 fslive 0 under 0 wtop 0 fwd 0 harv 8
MAGTRACE 377 ti 2054 ammo 24 floor 52 target 16 chunk 16 ph 1 fslive 0 under 0 wtop 0 fwd 0 harv 8
FS EVICT 377 from (25, 5) to (20, 1)
MAGTRACE 378 ti 2074 ammo 24 floor 52 target 16 chunk 16 ph 1 fslive 0 under 0 wtop 0 fwd 0 harv 8
FS EVICT 378 from (25, 5) to (20, 1)
MAGTRACE 379 ti 2104 ammo 24 floor 52 target 16 chunk 16 ph 1 fslive 0 under 0 wtop 0 fwd 0 harv 8
MAGTRACE 380 ti 2114 ammo 24 floor 52 target 16 chunk 16 ph 1 fslive 0 under 0 wtop 0 fwd 0 harv 8
FS EVICT 380 from (25, 5) to (20, 1)
MAGTRACE 381 ti 2055 ammo 24 floor 52 target 16 chunk 16 ph 1 fslive 0 under 0 wtop 0 fwd 0 harv 8
FS GATE 381 sig (30, 30, (2, 24), (26, 4)) ok 1
MAGTRACE 382 ti 2085 ammo 24 floor 52 target 16 chunk 16 ph 1 fslive 0 under 0 wtop 0 fwd 0 harv 8
FS EVICT 382 from (23, 3) to (23, 9)
MAGTRACE 383 ti 2095 ammo 24 floor 52 target 16 chunk 16 ph 1 fslive 0 under 0 wtop 0 fwd 0 harv 8
FS EVICT 383 from (25, 5) to (20, 1)
MAGTRACE 384 ti 2105 ammo 24 floor 52 target 16 chunk 16 ph 1 fslive 0 under 0 wtop 0 fwd 0 harv 8
FS EVICT 384 from (24, 3) to (23, 9)
MAGTRACE 385 ti 2135 ammo 24 floor 52 target 16 chunk 16 ph 1 fslive 0 under 0 wtop 0 fwd 0 harv 8
FS EVICT 385 from (23, 3) to (23, 9)
MAGTRACE 386 ti 2155 ammo 24 floor 52 target 16 chunk 16 ph 1 fslive 0 under 0 wtop 0 fwd 0 harv 8
MAGTRACE 387 ti 2185 ammo 24 floor 52 target 16 chunk 16 ph 1 fslive 0 under 0 wtop 0 fwd 0 harv 8
MAGTRACE 388 ti 2195 ammo 24 floor 52 target 16 chunk 16 ph 1 fslive 0 under 0 wtop 0 fwd 0 harv 8
FS EVICT 388 from (25, 5) to (20, 1)
MAGTRACE 389 ti 2235 ammo 24 floor 52 target 16 chunk 16 ph 1 fslive 0 under 0 wtop 0 fwd 0 harv 8
FS EVICT 389 from (24, 3) to (23, 9)
MAGTRACE 390 ti 2265 ammo 24 floor 52 target 16 chunk 16 ph 1 fslive 0 under 0 wtop 0 fwd 0 harv 8
FS EVICT 390 from (25, 5) to (20, 1)
MAGTRACE 391 ti 2275 ammo 24 floor 52 target 16 chunk 16 ph 1 fslive 0 under 0 wtop 0 fwd 0 harv 8
MAGTRACE 392 ti 2285 ammo 24 floor 52 target 16 chunk 16 ph 1 fslive 0 under 0 wtop 0 fwd 0 harv 8
MAGTRACE 393 ti 2315 ammo 24 floor 52 target 16 chunk 16 ph 1 fslive 0 under 0 wtop 0 fwd 0 harv 8
FS EVICT 393 from (25, 5) to (20, 1)
MAGTRACE 394 ti 2335 ammo 24 floor 52 target 16 chunk 16 ph 1 fslive 0 under 0 wtop 0 fwd 0 harv 8
FS EVICT 394 from (24, 3) to (23, 9)
MAGTRACE 395 ti 2365 ammo 24 floor 52 target 16 chunk 16 ph 1 fslive 0 under 0 wtop 0 fwd 0 harv 8
FS EVICT 395 from (25, 5) to (20, 1)
MAGTRACE 396 ti 2375 ammo 24 floor 52 target 16 chunk 16 ph 1 fslive 0 under 0 wtop 0 fwd 0 harv 8
FS EVICT 396 from (24, 3) to (23, 9)
MAGTRACE 397 ti 2415 ammo 24 floor 52 target 16 chunk 16 ph 1 fslive 0 under 0 wtop 0 fwd 0 harv 8
MAGTRACE 398 ti 2445 ammo 24 floor 52 target 16 chunk 16 ph 1 fslive 0 under 0 wtop 0 fwd 0 harv 8
FS EVICT 398 from (23, 3) to (23, 9)
MAGTRACE 399 ti 2455 ammo 24 floor 52 target 16 chunk 16 ph 1 fslive 0 under 0 wtop 0 fwd 0 harv 8
MAGTRACE 400 ti 2465 ammo 24 floor 52 target 16 chunk 16 ph 1 fslive 0 under 0 wtop 0 fwd 0 harv 8
FS EVICT 400 from (25, 5) to (20, 1)
MAGTRACE 401 ti 2495 ammo 24 floor 52 target 16 chunk 16 ph 1 fslive 0 under 0 wtop 0 fwd 0 harv 8
FS EVICT 401 from (24, 3) to (23, 9)
MAGTRACE 402 ti 2515 ammo 24 floor 52 target 16 chunk 16 ph 1 fslive 0 under 0 wtop 0 fwd 0 harv 8
FS EVICT 402 from (25, 5) to (20, 1)
MAGTRACE 403 ti 2545 ammo 24 floor 52 target 16 chunk 16 ph 1 fslive 0 under 0 wtop 0 fwd 0 harv 8
MAGTRACE 404 ti 2555 ammo 24 floor 52 target 16 chunk 16 ph 1 fslive 0 under 0 wtop 0 fwd 0 harv 8
FS EVICT 404 from (25, 5) to (20, 1)
MAGTRACE 405 ti 2595 ammo 24 floor 52 target 16 chunk 16 ph 1 fslive 0 under 0 wtop 0 fwd 0 harv 8
FS EVICT 405 from (23, 3) to (23, 9)
MAGTRACE 406 ti 2625 ammo 24 floor 52 target 16 chunk 16 ph 1 fslive 0 under 0 wtop 0 fwd 0 harv 8
MAGTRACE 407 ti 2635 ammo 24 floor 52 target 16 chunk 16 ph 1 fslive 0 under 0 wtop 0 fwd 0 harv 8
FS EVICT 407 from (25, 5) to (20, 1)
MAGTRACE 408 ti 2645 ammo 24 floor 52 target 16 chunk 16 ph 1 fslive 0 under 0 wtop 0 fwd 0 harv 8
FS EVICT 408 from (24, 3) to (23, 9)
MAGTRACE 409 ti 2675 ammo 24 floor 52 target 16 chunk 16 ph 1 fslive 0 under 0 wtop 0 fwd 0 harv 8
FS EVICT 409 from (23, 3) to (23, 9)
MAGTRACE 410 ti 2695 ammo 24 floor 52 target 16 chunk 16 ph 1 fslive 0 under 0 wtop 0 fwd 0 harv 8
MAGTRACE 411 ti 2725 ammo 24 floor 52 target 16 chunk 16 ph 1 fslive 0 under 0 wtop 0 fwd 0 harv 8
FS EVICT 411 from (25, 5) to (20, 1)
MAGTRACE 412 ti 2735 ammo 24 floor 52 target 16 chunk 16 ph 1 fslive 0 under 0 wtop 0 fwd 0 harv 8
FS EVICT 412 from (23, 3) to (23, 9)
MAGTRACE 413 ti 2775 ammo 24 floor 52 target 16 chunk 16 ph 1 fslive 0 under 0 wtop 0 fwd 0 harv 8
MAGTRACE 414 ti 2805 ammo 24 floor 52 target 16 chunk 16 ph 1 fslive 0 under 0 wtop 0 fwd 0 harv 8
FS EVICT 414 from (25, 5) to (20, 1)
MAGTRACE 415 ti 2815 ammo 24 floor 52 target 16 chunk 16 ph 1 fslive 0 under 0 wtop 0 fwd 0 harv 8
MAGTRACE 416 ti 2825 ammo 24 floor 52 target 16 chunk 16 ph 1 fslive 0 under 0 wtop 0 fwd 0 harv 8
FS EVICT 416 from (23, 5) to (27, 0)
MAGTRACE 417 ti 2855 ammo 24 floor 52 target 16 chunk 16 ph 1 fslive 0 under 0 wtop 0 fwd 0 harv 8
FS EVICT 417 from (25, 5) to (20, 1)
MAGTRACE 418 ti 2875 ammo 24 floor 52 target 16 chunk 16 ph 1 fslive 0 under 0 wtop 0 fwd 0 harv 8
FS EVICT 418 from (25, 3) to (20, 7)
MAGTRACE 419 ti 2905 ammo 24 floor 52 target 16 chunk 16 ph 1 fslive 0 under 0 wtop 0 fwd 0 harv 8
FS EVICT 419 from (23, 3) to (23, 9)
MAGTRACE 420 ti 2915 ammo 24 floor 52 target 16 chunk 16 ph 1 fslive 0 under 0 wtop 0 fwd 0 harv 8
MAGTRACE 421 ti 2955 ammo 24 floor 52 target 16 chunk 16 ph 1 fslive 0 under 0 wtop 0 fwd 0 harv 8
FS EVICT 421 from (25, 3) to (20, 7)
MAGTRACE 422 ti 2985 ammo 24 floor 52 target 16 chunk 16 ph 1 fslive 0 under 0 wtop 0 fwd 0 harv 8
FS EVICT 422 from (23, 3) to (23, 9)
MAGTRACE 423 ti 2995 ammo 24 floor 52 target 16 chunk 16 ph 1 fslive 0 under 0 wtop 0 fwd 0 harv 8
MAGTRACE 424 ti 3005 ammo 24 floor 52 target 16 chunk 16 ph 1 fslive 0 under 0 wtop 0 fwd 0 harv 8
MAGTRACE 425 ti 3035 ammo 24 floor 52 target 16 chunk 16 ph 1 fslive 0 under 0 wtop 0 fwd 0 harv 8
FS EVICT 425 from (25, 5) to (20, 1)
MAGTRACE 426 ti 3055 ammo 24 floor 52 target 16 chunk 16 ph 1 fslive 0 under 0 wtop 0 fwd 0 harv 8
FS EVICT 426 from (23, 5) to (27, 0)
MAGTRACE 427 ti 3085 ammo 24 floor 52 target 16 chunk 16 ph 1 fslive 0 under 0 wtop 0 fwd 0 harv 8
FS EVICT 427 from (25, 5) to (20, 1)
MAGTRACE 428 ti 3095 ammo 24 floor 52 target 16 chunk 16 ph 1 fslive 0 under 0 wtop 0 fwd 0 harv 8
MAGTRACE 429 ti 3135 ammo 24 floor 52 target 16 chunk 16 ph 1 fslive 0 under 0 wtop 0 fwd 0 harv 8
MAGTRACE 430 ti 3165 ammo 24 floor 52 target 16 chunk 16 ph 1 fslive 0 under 0 wtop 0 fwd 0 harv 8
FS EVICT 430 from (25, 5) to (20, 1)
MAGTRACE 431 ti 3175 ammo 24 floor 52 target 16 chunk 16 ph 1 fslive 0 under 0 wtop 0 fwd 0 harv 8
FS EVICT 431 from (25, 3) to (20, 7)
MAGTRACE 432 ti 3185 ammo 24 floor 52 target 16 chunk 16 ph 1 fslive 0 under 0 wtop 0 fwd 0 harv 8
FS EVICT 432 from (23, 5) to (27, 0)
MAGTRACE 433 ti 3215 ammo 24 floor 52 target 16 chunk 16 ph 1 fslive 0 under 0 wtop 0 fwd 0 harv 8
FS EVICT 433 from (24, 3) to (23, 9)
MAGTRACE 434 ti 3235 ammo 24 floor 52 target 16 chunk 16 ph 1 fslive 0 under 0 wtop 0 fwd 0 harv 8
MAGTRACE 435 ti 3265 ammo 24 floor 52 target 16 chunk 16 ph 1 fslive 0 under 0 wtop 0 fwd 0 harv 8
FS EVICT 435 from (23, 3) to (23, 9)
MAGTRACE 436 ti 3275 ammo 24 floor 52 target 16 chunk 16 ph 1 fslive 0 under 0 wtop 0 fwd 0 harv 8
MAGTRACE 437 ti 3315 ammo 24 floor 52 target 16 chunk 16 ph 1 fslive 0 under 0 wtop 0 fwd 0 harv 8
FS EVICT 437 from (25, 3) to (20, 7)
MAGTRACE 438 ti 3345 ammo 24 floor 52 target 16 chunk 16 ph 1 fslive 0 under 0 wtop 0 fwd 0 harv 8
FS EVICT 438 from (25, 5) to (20, 1)
MAGTRACE 439 ti 3355 ammo 24 floor 52 target 16 chunk 16 ph 1 fslive 0 under 0 wtop 0 fwd 0 harv 8
FS EVICT 439 from (25, 5) to (20, 1)
MAGTRACE 440 ti 3365 ammo 24 floor 52 target 16 chunk 16 ph 1 fslive 0 under 0 wtop 0 fwd 0 harv 8
MAGTRACE 441 ti 3395 ammo 24 floor 52 target 16 chunk 16 ph 1 fslive 0 under 0 wtop 0 fwd 0 harv 8
MAGTRACE 442 ti 3415 ammo 24 floor 52 target 16 chunk 16 ph 1 fslive 0 under 0 wtop 0 fwd 0 harv 8
FS EVICT 442 from (23, 5) to (27, 0)
MAGTRACE 443 ti 3445 ammo 24 floor 52 target 16 chunk 16 ph 1 fslive 0 under 0 wtop 0 fwd 0 harv 8
FS EVICT 443 from (25, 5) to (20, 1)
MAGTRACE 444 ti 3455 ammo 24 floor 52 target 16 chunk 16 ph 1 fslive 0 under 0 wtop 0 fwd 0 harv 8
FS EVICT 444 from (24, 3) to (23, 9)
MAGTRACE 445 ti 3495 ammo 24 floor 52 target 16 chunk 16 ph 1 fslive 0 under 0 wtop 0 fwd 0 harv 8
FS EVICT 445 from (24, 3) to (23, 9)
MAGTRACE 446 ti 3525 ammo 24 floor 52 target 16 chunk 16 ph 1 fslive 0 under 0 wtop 0 fwd 0 harv 8
MAGTRACE 447 ti 3535 ammo 24 floor 52 target 16 chunk 16 ph 1 fslive 0 under 0 wtop 0 fwd 0 harv 8
FS EVICT 447 from (25, 3) to (20, 7)
MAGTRACE 448 ti 3545 ammo 24 floor 52 target 16 chunk 16 ph 1 fslive 0 under 0 wtop 0 fwd 0 harv 8
FS EVICT 448 from (23, 3) to (23, 9)
MAGTRACE 449 ti 3575 ammo 24 floor 52 target 16 chunk 16 ph 1 fslive 0 under 0 wtop 0 fwd 0 harv 8
MAGTRACE 450 ti 3595 ammo 24 floor 52 target 16 chunk 16 ph 1 fslive 0 under 0 wtop 0 fwd 0 harv 8
FS EVICT 450 from (25, 5) to (20, 1)
MAGTRACE 451 ti 3625 ammo 24 floor 52 target 16 chunk 16 ph 1 fslive 0 under 0 wtop 0 fwd 0 harv 8
FS EVICT 451 from (25, 5) to (20, 1)
MAGTRACE 452 ti 3635 ammo 24 floor 52 target 16 chunk 16 ph 1 fslive 0 under 0 wtop 0 fwd 0 harv 8
MAGTRACE 453 ti 3675 ammo 24 floor 52 target 16 chunk 16 ph 1 fslive 0 under 0 wtop 0 fwd 0 harv 8
MAGTRACE 454 ti 3604 ammo 24 floor 52 target 16 chunk 16 ph 1 fslive 0 under 0 wtop 0 fwd 0 harv 8
FS EVICT 454 from (25, 5) to (20, 1)
FS GATE 454 sig (30, 30, (2, 24), (26, 4)) ok 1
MAGTRACE 455 ti 3614 ammo 24 floor 52 target 16 chunk 16 ph 1 fslive 0 under 0 wtop 0 fwd 0 harv 8
FS EVICT 455 from (23, 3) to (23, 9)
MAGTRACE 456 ti 3624 ammo 24 floor 52 target 16 chunk 16 ph 1 fslive 0 under 0 wtop 0 fwd 0 harv 8
FS EVICT 456 from (25, 5) to (20, 1)
MAGTRACE 457 ti 3654 ammo 24 floor 52 target 16 chunk 16 ph 1 fslive 0 under 0 wtop 0 fwd 0 harv 8
FS EVICT 457 from (24, 3) to (23, 9)
MAGTRACE 458 ti 3674 ammo 24 floor 52 target 16 chunk 16 ph 1 fslive 0 under 0 wtop 0 fwd 0 harv 8
MAGTRACE 459 ti 3704 ammo 24 floor 52 target 16 chunk 16 ph 1 fslive 0 under 0 wtop 0 fwd 0 harv 8
FS EVICT 459 from (23, 3) to (23, 9)
MAGTRACE 460 ti 3714 ammo 24 floor 52 target 16 chunk 16 ph 1 fslive 0 under 0 wtop 0 fwd 0 harv 8
MAGTRACE 461 ti 3754 ammo 24 floor 52 target 16 chunk 16 ph 1 fslive 0 under 0 wtop 0 fwd 0 harv 8
FS EVICT 461 from (25, 5) to (20, 1)
MAGTRACE 462 ti 3784 ammo 24 floor 52 target 16 chunk 16 ph 1 fslive 0 under 0 wtop 0 fwd 0 harv 8
FS EVICT 462 from (24, 3) to (23, 9)
MAGTRACE 463 ti 3691 ammo 24 floor 52 target 16 chunk 16 ph 1 fslive 0 under 0 wtop 0 fwd 0 harv 8
FS EVICT 463 from (25, 5) to (20, 1)
FS GATE 463 sig (30, 30, (2, 24), (26, 4)) ok 1
MAGTRACE 464 ti 3701 ammo 24 floor 52 target 16 chunk 16 ph 1 fslive 0 under 0 wtop 0 fwd 0 harv 8
MAGTRACE 465 ti 3731 ammo 24 floor 52 target 16 chunk 16 ph 1 fslive 0 under 0 wtop 0 fwd 0 harv 8
FS EVICT 465 from (25, 5) to (20, 1)
MAGTRACE 466 ti 3751 ammo 24 floor 52 target 16 chunk 16 ph 1 fslive 0 under 0 wtop 0 fwd 0 harv 8
FS EVICT 466 from (23, 3) to (23, 9)
MAGTRACE 467 ti 3781 ammo 24 floor 52 target 16 chunk 16 ph 1 fslive 0 under 0 wtop 0 fwd 0 harv 8
MAGTRACE 468 ti 3791 ammo 24 floor 52 target 16 chunk 16 ph 1 fslive 0 under 0 wtop 0 fwd 0 harv 8
FS EVICT 468 from (25, 5) to (20, 1)
MAGTRACE 469 ti 3831 ammo 24 floor 52 target 16 chunk 16 ph 1 fslive 0 under 0 wtop 0 fwd 0 harv 8
FS EVICT 469 from (24, 3) to (23, 9)
MAGTRACE 470 ti 3861 ammo 24 floor 52 target 16 chunk 16 ph 1 fslive 0 under 0 wtop 0 fwd 0 harv 8
FS EVICT 470 from (23, 3) to (23, 9)
MAGTRACE 471 ti 3871 ammo 24 floor 52 target 16 chunk 16 ph 1 fslive 0 under 0 wtop 0 fwd 0 harv 8
MAGTRACE 472 ti 3881 ammo 24 floor 52 target 16 chunk 16 ph 1 fslive 0 under 0 wtop 0 fwd 0 harv 8
FS EVICT 472 from (25, 5) to (20, 1)
MAGTRACE 473 ti 3806 ammo 24 floor 52 target 16 chunk 16 ph 1 fslive 0 under 0 wtop 0 fwd 0 harv 8
FS EVICT 473 from (23, 3) to (23, 9)
FS GATE 473 sig (30, 30, (2, 24), (26, 4)) ok 1
MAGTRACE 474 ti 3826 ammo 24 floor 52 target 16 chunk 16 ph 1 fslive 0 under 0 wtop 0 fwd 0 harv 8
MAGTRACE 475 ti 3856 ammo 24 floor 52 target 16 chunk 16 ph 1 fslive 0 under 0 wtop 0 fwd 0 harv 8
FS EVICT 475 from (25, 5) to (20, 1)
MAGTRACE 476 ti 3866 ammo 24 floor 52 target 16 chunk 16 ph 1 fslive 0 under 0 wtop 0 fwd 0 harv 8
MAGTRACE 477 ti 3906 ammo 24 floor 52 target 16 chunk 16 ph 1 fslive 0 under 0 wtop 0 fwd 0 harv 8
FS EVICT 477 from (23, 3) to (23, 9)
MAGTRACE 478 ti 3936 ammo 24 floor 52 target 16 chunk 16 ph 1 fslive 0 under 0 wtop 0 fwd 0 harv 8
FS EVICT 478 from (25, 5) to (20, 1)
MAGTRACE 479 ti 3946 ammo 24 floor 52 target 16 chunk 16 ph 1 fslive 0 under 0 wtop 0 fwd 0 harv 8
FS EVICT 479 from (25, 5) to (20, 1)
MAGTRACE 480 ti 3956 ammo 24 floor 52 target 16 chunk 16 ph 1 fslive 0 under 0 wtop 0 fwd 0 harv 8
FS EVICT 480 from (23, 3) to (23, 9)
MAGTRACE 481 ti 3879 ammo 24 floor 52 target 16 chunk 16 ph 1 fslive 0 under 0 wtop 0 fwd 0 harv 8
FS GATE 481 sig (30, 30, (2, 24), (26, 4)) ok 1
MAGTRACE 482 ti 3899 ammo 24 floor 52 target 16 chunk 16 ph 1 fslive 0 under 0 wtop 0 fwd 0 harv 8
MAGTRACE 483 ti 3929 ammo 24 floor 52 target 16 chunk 16 ph 1 fslive 0 under 0 wtop 0 fwd 0 harv 8
FS EVICT 483 from (25, 5) to (20, 1)
MAGTRACE 484 ti 3939 ammo 24 floor 52 target 16 chunk 16 ph 1 fslive 0 under 0 wtop 0 fwd 0 harv 8
FS EVICT 484 from (24, 3) to (23, 9)
MAGTRACE 485 ti 3979 ammo 24 floor 52 target 16 chunk 16 ph 1 fslive 0 under 0 wtop 0 fwd 0 harv 8
FS EVICT 485 from (24, 3) to (23, 9)
MAGTRACE 486 ti 4009 ammo 24 floor 52 target 16 chunk 16 ph 1 fslive 0 under 0 wtop 0 fwd 0 harv 8
FS EVICT 486 from (25, 5) to (20, 1)
MAGTRACE 487 ti 4019 ammo 24 floor 52 target 16 chunk 16 ph 1 fslive 0 under 0 wtop 0 fwd 0 harv 8
MAGTRACE 488 ti 4029 ammo 24 floor 52 target 16 chunk 16 ph 1 fslive 0 under 0 wtop 0 fwd 0 harv 8
FS EVICT 488 from (23, 3) to (23, 9)
MAGTRACE 489 ti 4059 ammo 24 floor 52 target 16 chunk 16 ph 1 fslive 0 under 0 wtop 0 fwd 0 harv 8
MAGTRACE 490 ti 4079 ammo 24 floor 52 target 16 chunk 16 ph 1 fslive 0 under 0 wtop 0 fwd 0 harv 8
FS EVICT 490 from (25, 5) to (20, 1)
MAGTRACE 491 ti 4109 ammo 24 floor 52 target 16 chunk 16 ph 1 fslive 0 under 0 wtop 0 fwd 0 harv 8
FS EVICT 491 from (25, 5) to (20, 1)
MAGTRACE 492 ti 4119 ammo 24 floor 52 target 16 chunk 16 ph 1 fslive 0 under 0 wtop 0 fwd 0 harv 8
FS EVICT 492 from (24, 3) to (23, 9)
MAGTRACE 493 ti 4159 ammo 24 floor 52 target 16 chunk 16 ph 1 fslive 0 under 0 wtop 0 fwd 0 harv 8
MAGTRACE 494 ti 4189 ammo 24 floor 52 target 16 chunk 16 ph 1 fslive 0 under 0 wtop 0 fwd 0 harv 8
FS EVICT 494 from (25, 5) to (20, 1)
MAGTRACE 495 ti 4199 ammo 24 floor 52 target 16 chunk 16 ph 1 fslive 0 under 0 wtop 0 fwd 0 harv 8
FS EVICT 495 from (23, 3) to (23, 9)
MAGTRACE 496 ti 4209 ammo 24 floor 52 target 16 chunk 16 ph 1 fslive 0 under 0 wtop 0 fwd 0 harv 8
FS EVICT 496 from (23, 3) to (23, 9)
MAGTRACE 497 ti 4239 ammo 24 floor 52 target 16 chunk 16 ph 1 fslive 0 under 0 wtop 0 fwd 0 harv 8
MAGTRACE 498 ti 4259 ammo 24 floor 52 target 16 chunk 16 ph 1 fslive 0 under 0 wtop 0 fwd 0 harv 8
FS EVICT 498 from (25, 5) to (20, 1)
MAGTRACE 499 ti 4289 ammo 24 floor 52 target 16 chunk 16 ph 1 fslive 0 under 0 wtop 0 fwd 0 harv 8
FS EVICT 499 from (23, 3) to (23, 9)
MAGTRACE 500 ti 4299 ammo 24 floor 52 target 16 chunk 16 ph 1 fslive 0 under 0 wtop 0 fwd 0 harv 8
MAGTRACE 501 ti 4339 ammo 24 floor 52 target 16 chunk 16 ph 1 fslive 0 under 0 wtop 0 fwd 0 harv 8
FS EVICT 501 from (25, 5) to (20, 1)
MAGTRACE 502 ti 4369 ammo 24 floor 52 target 16 chunk 16 ph 1 fslive 0 under 0 wtop 0 fwd 0 harv 8
MAGTRACE 503 ti 4379 ammo 24 floor 52 target 16 chunk 16 ph 1 fslive 0 under 0 wtop 0 fwd 0 harv 8
FS EVICT 503 from (23, 3) to (23, 9)
MAGTRACE 504 ti 4389 ammo 24 floor 52 target 16 chunk 16 ph 1 fslive 0 under 0 wtop 0 fwd 0 harv 8
FS EVICT 504 from (25, 5) to (20, 1)
MAGTRACE 505 ti 4310 ammo 24 floor 52 target 16 chunk 16 ph 1 fslive 0 under 0 wtop 0 fwd 0 harv 8
FS GATE 505 sig (30, 30, (2, 24), (26, 4)) ok 1
MAGTRACE 506 ti 4330 ammo 24 floor 52 target 16 chunk 16 ph 1 fslive 0 under 0 wtop 0 fwd 0 harv 8
FS EVICT 506 from (23, 3) to (23, 9)
MAGTRACE 507 ti 4360 ammo 24 floor 52 target 16 chunk 16 ph 1 fslive 0 under 0 wtop 0 fwd 0 harv 8
FS EVICT 507 from (25, 5) to (20, 1)
MAGTRACE 508 ti 4370 ammo 24 floor 52 target 16 chunk 16 ph 1 fslive 0 under 0 wtop 0 fwd 0 harv 8
MAGTRACE 509 ti 4410 ammo 24 floor 52 target 16 chunk 16 ph 1 fslive 0 under 0 wtop 0 fwd 0 harv 8
FS EVICT 509 from (25, 5) to (20, 1)
MAGTRACE 510 ti 4440 ammo 24 floor 52 target 16 chunk 16 ph 1 fslive 0 under 0 wtop 0 fwd 0 harv 8
FS EVICT 510 from (24, 3) to (23, 9)
MAGTRACE 511 ti 4450 ammo 24 floor 52 target 16 chunk 16 ph 1 fslive 0 under 0 wtop 0 fwd 0 harv 8
MAGTRACE 512 ti 4460 ammo 24 floor 52 target 16 chunk 16 ph 1 fslive 0 under 0 wtop 0 fwd 0 harv 8
FS EVICT 512 from (25, 5) to (20, 1)
MAGTRACE 513 ti 4490 ammo 24 floor 52 target 16 chunk 16 ph 1 fslive 0 under 0 wtop 0 fwd 0 harv 8
FS EVICT 513 from (24, 3) to (23, 9)
MAGTRACE 514 ti 4510 ammo 24 floor 52 target 16 chunk 16 ph 1 fslive 0 under 0 wtop 0 fwd 0 harv 8
FS EVICT 514 from (23, 3) to (23, 9)
MAGTRACE 515 ti 4540 ammo 24 floor 52 target 16 chunk 16 ph 1 fslive 0 under 0 wtop 0 fwd 0 harv 8
MAGTRACE 516 ti 4439 ammo 24 floor 52 target 16 chunk 16 ph 1 fslive 0 under 0 wtop 0 fwd 0 harv 8
FS EVICT 516 from (25, 5) to (20, 1)
FS GATE 516 sig (30, 30, (2, 24), (26, 4)) ok 1
MAGTRACE 517 ti 4479 ammo 24 floor 52 target 16 chunk 16 ph 1 fslive 0 under 0 wtop 0 fwd 0 harv 8
FS EVICT 517 from (23, 3) to (23, 9)
MAGTRACE 518 ti 4509 ammo 24 floor 52 target 16 chunk 16 ph 1 fslive 0 under 0 wtop 0 fwd 0 harv 8
MAGTRACE 519 ti 4519 ammo 24 floor 52 target 16 chunk 16 ph 1 fslive 0 under 0 wtop 0 fwd 0 harv 8
FS EVICT 519 from (25, 5) to (20, 1)
MAGTRACE 520 ti 4529 ammo 24 floor 52 target 16 chunk 16 ph 1 fslive 0 under 0 wtop 0 fwd 0 harv 8
FS EVICT 520 from (25, 5) to (20, 1)
MAGTRACE 521 ti 4559 ammo 24 floor 52 target 16 chunk 16 ph 1 fslive 0 under 0 wtop 0 fwd 0 harv 8
FS EVICT 521 from (23, 3) to (23, 9)
MAGTRACE 522 ti 4579 ammo 24 floor 52 target 16 chunk 16 ph 1 fslive 0 under 0 wtop 0 fwd 0 harv 8
MAGTRACE 523 ti 4609 ammo 24 floor 52 target 16 chunk 16 ph 1 fslive 0 under 0 wtop 0 fwd 0 harv 8
FS EVICT 523 from (25, 5) to (20, 1)
MAGTRACE 524 ti 4619 ammo 24 floor 52 target 16 chunk 16 ph 1 fslive 0 under 0 wtop 0 fwd 0 harv 8
FS EVICT 524 from (23, 3) to (23, 9)
MAGTRACE 525 ti 4659 ammo 24 floor 52 target 16 chunk 16 ph 1 fslive 0 under 0 wtop 0 fwd 0 harv 8
FS EVICT 525 from (23, 3) to (23, 9)
MAGTRACE 526 ti 4689 ammo 24 floor 52 target 16 chunk 16 ph 1 fslive 0 under 0 wtop 0 fwd 0 harv 8
MAGTRACE 527 ti 4699 ammo 24 floor 52 target 16 chunk 16 ph 1 fslive 0 under 0 wtop 0 fwd 0 harv 8
FS EVICT 527 from (25, 5) to (20, 1)
MAGTRACE 528 ti 4709 ammo 24 floor 52 target 16 chunk 16 ph 1 fslive 0 under 0 wtop 0 fwd 0 harv 8
FS EVICT 528 from (23, 3) to (23, 9)
MAGTRACE 529 ti 4739 ammo 24 floor 52 target 16 chunk 16 ph 1 fslive 0 under 0 wtop 0 fwd 0 harv 8
MAGTRACE 530 ti 4759 ammo 24 floor 52 target 16 chunk 16 ph 1 fslive 0 under 0 wtop 0 fwd 0 harv 8
FS EVICT 530 from (25, 5) to (20, 1)
MAGTRACE 531 ti 4789 ammo 24 floor 52 target 16 chunk 16 ph 1 fslive 0 under 0 wtop 0 fwd 0 harv 8
FS EVICT 531 from (25, 5) to (20, 1)
MAGTRACE 532 ti 4799 ammo 24 floor 52 target 16 chunk 16 ph 1 fslive 0 under 0 wtop 0 fwd 0 harv 8
FS EVICT 532 from (23, 3) to (23, 9)
MAGTRACE 533 ti 4839 ammo 24 floor 52 target 16 chunk 16 ph 1 fslive 0 under 0 wtop 0 fwd 0 harv 8
MAGTRACE 534 ti 4869 ammo 24 floor 52 target 16 chunk 16 ph 1 fslive 0 under 0 wtop 0 fwd 0 harv 8
FS EVICT 534 from (25, 5) to (20, 1)
MAGTRACE 535 ti 4879 ammo 24 floor 52 target 16 chunk 16 ph 1 fslive 0 under 0 wtop 0 fwd 0 harv 8
FS EVICT 535 from (23, 3) to (23, 9)
MAGTRACE 536 ti 4889 ammo 24 floor 52 target 16 chunk 16 ph 1 fslive 0 under 0 wtop 0 fwd 0 harv 8
FS EVICT 536 from (23, 3) to (23, 9)
MAGTRACE 537 ti 4919 ammo 24 floor 52 target 16 chunk 16 ph 1 fslive 0 under 0 wtop 0 fwd 0 harv 8
MAGTRACE 538 ti 4939 ammo 24 floor 52 target 16 chunk 16 ph 1 fslive 0 under 0 wtop 0 fwd 0 harv 8
FS EVICT 538 from (25, 5) to (20, 1)
MAGTRACE 539 ti 4969 ammo 24 floor 52 target 16 chunk 16 ph 1 fslive 0 under 0 wtop 0 fwd 0 harv 8
FS EVICT 539 from (23, 3) to (23, 9)
MAGTRACE 540 ti 4979 ammo 24 floor 52 target 16 chunk 16 ph 1 fslive 0 under 0 wtop 0 fwd 0 harv 8
MAGTRACE 541 ti 5019 ammo 24 floor 52 target 16 chunk 16 ph 1 fslive 0 under 0 wtop 0 fwd 0 harv 8
FS EVICT 541 from (25, 5) to (20, 1)
MAGTRACE 542 ti 5049 ammo 24 floor 52 target 16 chunk 16 ph 1 fslive 0 under 0 wtop 0 fwd 0 harv 8
FS EVICT 542 from (25, 5) to (20, 1)
MAGTRACE 543 ti 5059 ammo 24 floor 52 target 16 chunk 16 ph 1 fslive 0 under 0 wtop 0 fwd 0 harv 8
FS EVICT 543 from (23, 3) to (23, 9)
MAGTRACE 544 ti 5069 ammo 24 floor 52 target 16 chunk 16 ph 1 fslive 0 under 0 wtop 0 fwd 0 harv 8
MAGTRACE 545 ti 5099 ammo 24 floor 52 target 16 chunk 16 ph 1 fslive 0 under 0 wtop 0 fwd 0 harv 8
FS EVICT 545 from (25, 5) to (20, 1)
MAGTRACE 546 ti 5119 ammo 24 floor 52 target 16 chunk 16 ph 1 fslive 0 under 0 wtop 0 fwd 0 harv 8
FS EVICT 546 from (23, 3) to (23, 9)
MAGTRACE 547 ti 5149 ammo 24 floor 52 target 16 chunk 16 ph 1 fslive 0 under 0 wtop 0 fwd 0 harv 8
FS EVICT 547 from (23, 3) to (23, 9)
MAGTRACE 548 ti 5159 ammo 24 floor 52 target 16 chunk 16 ph 1 fslive 0 under 0 wtop 0 fwd 0 harv 8
MAGTRACE 549 ti 5199 ammo 24 floor 52 target 16 chunk 16 ph 1 fslive 0 under 0 wtop 0 fwd 0 harv 8
FS EVICT 549 from (25, 5) to (20, 1)
MAGTRACE 550 ti 5229 ammo 24 floor 52 target 16 chunk 16 ph 1 fslive 0 under 0 wtop 0 fwd 0 harv 8
FS EVICT 550 from (23, 3) to (23, 9)
MAGTRACE 551 ti 5239 ammo 24 floor 52 target 16 chunk 16 ph 1 fslive 0 under 0 wtop 0 fwd 0 harv 8
MAGTRACE 552 ti 5249 ammo 24 floor 52 target 16 chunk 16 ph 1 fslive 0 under 0 wtop 0 fwd 0 harv 8
FS EVICT 552 from (25, 5) to (20, 1)
MAGTRACE 553 ti 5279 ammo 24 floor 52 target 16 chunk 16 ph 1 fslive 0 under 0 wtop 0 fwd 0 harv 8
FS EVICT 553 from (25, 5) to (20, 1)
MAGTRACE 554 ti 5299 ammo 24 floor 52 target 16 chunk 16 ph 1 fslive 0 under 0 wtop 0 fwd 0 harv 8
FS EVICT 554 from (23, 3) to (23, 9)
MAGTRACE 555 ti 5329 ammo 24 floor 52 target 16 chunk 16 ph 1 fslive 0 under 0 wtop 0 fwd 0 harv 8
MAGTRACE 556 ti 5339 ammo 24 floor 52 target 16 chunk 16 ph 1 fslive 0 under 0 wtop 0 fwd 0 harv 8
FS EVICT 556 from (25, 5) to (20, 1)
MAGTRACE 557 ti 5379 ammo 24 floor 52 target 16 chunk 16 ph 1 fslive 0 under 0 wtop 0 fwd 0 harv 8
FS EVICT 557 from (23, 3) to (23, 9)
MAGTRACE 558 ti 5409 ammo 24 floor 52 target 16 chunk 16 ph 1 fslive 0 under 0 wtop 0 fwd 0 harv 8
FS EVICT 558 from (23, 3) to (23, 9)
MAGTRACE 559 ti 5419 ammo 24 floor 52 target 16 chunk 16 ph 1 fslive 0 under 0 wtop 0 fwd 0 harv 8
MAGTRACE 560 ti 5429 ammo 24 floor 52 target 16 chunk 16 ph 1 fslive 0 under 0 wtop 0 fwd 0 harv 8
FS EVICT 560 from (25, 5) to (20, 1)
MAGTRACE 561 ti 5459 ammo 24 floor 52 target 16 chunk 16 ph 1 fslive 0 under 0 wtop 0 fwd 0 harv 8
FS EVICT 561 from (23, 3) to (23, 9)
MAGTRACE 562 ti 5479 ammo 24 floor 52 target 16 chunk 16 ph 1 fslive 0 under 0 wtop 0 fwd 0 harv 8
MAGTRACE 563 ti 5509 ammo 24 floor 52 target 16 chunk 16 ph 1 fslive 0 under 0 wtop 0 fwd 0 harv 8
FS EVICT 563 from (25, 5) to (20, 1)
MAGTRACE 564 ti 5519 ammo 24 floor 52 target 16 chunk 16 ph 1 fslive 0 under 0 wtop 0 fwd 0 harv 8
FS EVICT 564 from (25, 5) to (20, 1)
MAGTRACE 565 ti 5559 ammo 24 floor 52 target 16 chunk 16 ph 1 fslive 0 under 0 wtop 0 fwd 0 harv 8
FS EVICT 565 from (23, 3) to (23, 9)
MAGTRACE 566 ti 5589 ammo 24 floor 52 target 16 chunk 16 ph 1 fslive 0 under 0 wtop 0 fwd 0 harv 8
MAGTRACE 567 ti 5599 ammo 24 floor 52 target 16 chunk 16 ph 1 fslive 0 under 0 wtop 0 fwd 0 harv 8
FS EVICT 567 from (25, 5) to (20, 1)
MAGTRACE 568 ti 5609 ammo 24 floor 52 target 16 chunk 16 ph 1 fslive 0 under 0 wtop 0 fwd 0 harv 8
FS EVICT 568 from (23, 3) to (23, 9)
MAGTRACE 569 ti 5639 ammo 24 floor 52 target 16 chunk 16 ph 1 fslive 0 under 0 wtop 0 fwd 0 harv 8
FS EVICT 569 from (23, 3) to (23, 9)
MAGTRACE 570 ti 5659 ammo 24 floor 52 target 16 chunk 16 ph 1 fslive 0 under 0 wtop 0 fwd 0 harv 8
MAGTRACE 571 ti 5689 ammo 24 floor 52 target 16 chunk 16 ph 1 fslive 0 under 0 wtop 0 fwd 0 harv 8
FS EVICT 571 from (25, 5) to (20, 1)
MAGTRACE 572 ti 5699 ammo 24 floor 52 target 16 chunk 16 ph 1 fslive 0 under 0 wtop 0 fwd 0 harv 8
FS EVICT 572 from (23, 3) to (23, 9)
MAGTRACE 573 ti 5739 ammo 24 floor 52 target 16 chunk 16 ph 1 fslive 0 under 0 wtop 0 fwd 0 harv 8
MAGTRACE 574 ti 5769 ammo 24 floor 52 target 16 chunk 16 ph 1 fslive 0 under 0 wtop 0 fwd 0 harv 8
FS EVICT 574 from (25, 5) to (20, 1)
MAGTRACE 575 ti 5779 ammo 24 floor 52 target 16 chunk 16 ph 1 fslive 0 under 0 wtop 0 fwd 0 harv 8
FS EVICT 575 from (25, 5) to (20, 1)
MAGTRACE 576 ti 5789 ammo 24 floor 52 target 16 chunk 16 ph 1 fslive 0 under 0 wtop 0 fwd 0 harv 8
FS EVICT 576 from (23, 3) to (23, 9)
MAGTRACE 577 ti 5819 ammo 24 floor 52 target 16 chunk 16 ph 1 fslive 0 under 0 wtop 0 fwd 0 harv 8
MAGTRACE 578 ti 5839 ammo 24 floor 52 target 16 chunk 16 ph 1 fslive 0 under 0 wtop 0 fwd 0 harv 8
FS EVICT 578 from (25, 5) to (20, 1)
MAGTRACE 579 ti 5869 ammo 24 floor 52 target 16 chunk 16 ph 1 fslive 0 under 0 wtop 0 fwd 0 harv 8
FS EVICT 579 from (23, 3) to (23, 9)
MAGTRACE 580 ti 5879 ammo 24 floor 52 target 16 chunk 16 ph 1 fslive 0 under 0 wtop 0 fwd 0 harv 8
FS EVICT 580 from (23, 3) to (23, 9)
MAGTRACE 581 ti 5919 ammo 24 floor 52 target 16 chunk 16 ph 1 fslive 0 under 0 wtop 0 fwd 0 harv 8
MAGTRACE 582 ti 5949 ammo 24 floor 52 target 16 chunk 16 ph 1 fslive 0 under 0 wtop 0 fwd 0 harv 8
FS EVICT 582 from (25, 5) to (20, 1)
MAGTRACE 583 ti 5959 ammo 24 floor 52 target 16 chunk 16 ph 1 fslive 0 under 0 wtop 0 fwd 0 harv 8
FS EVICT 583 from (23, 3) to (23, 9)
MAGTRACE 584 ti 5969 ammo 24 floor 52 target 16 chunk 16 ph 1 fslive 0 under 0 wtop 0 fwd 0 harv 8
MAGTRACE 585 ti 5999 ammo 24 floor 52 target 16 chunk 16 ph 1 fslive 0 under 0 wtop 0 fwd 0 harv 8
FS EVICT 585 from (25, 5) to (20, 1)
MAGTRACE 586 ti 6019 ammo 24 floor 52 target 16 chunk 16 ph 1 fslive 0 under 0 wtop 0 fwd 0 harv 8
FS EVICT 586 from (25, 5) to (20, 1)
MAGTRACE 587 ti 6049 ammo 24 floor 52 target 16 chunk 16 ph 1 fslive 0 under 0 wtop 0 fwd 0 harv 8
FS EVICT 587 from (23, 3) to (23, 9)
MAGTRACE 588 ti 6059 ammo 24 floor 52 target 16 chunk 16 ph 1 fslive 0 under 0 wtop 0 fwd 0 harv 8
MAGTRACE 589 ti 6099 ammo 24 floor 52 target 16 chunk 16 ph 1 fslive 0 under 0 wtop 0 fwd 0 harv 8
FS EVICT 589 from (25, 5) to (20, 1)
MAGTRACE 590 ti 6129 ammo 24 floor 52 target 16 chunk 16 ph 1 fslive 0 under 0 wtop 0 fwd 0 harv 8
FS EVICT 590 from (23, 3) to (23, 9)
MAGTRACE 591 ti 6139 ammo 24 floor 52 target 16 chunk 16 ph 1 fslive 0 under 0 wtop 0 fwd 0 harv 8
FS EVICT 591 from (23, 3) to (23, 9)
MAGTRACE 592 ti 6149 ammo 24 floor 52 target 16 chunk 16 ph 1 fslive 0 under 0 wtop 0 fwd 0 harv 8
MAGTRACE 593 ti 6179 ammo 24 floor 52 target 16 chunk 16 ph 1 fslive 0 under 0 wtop 0 fwd 0 harv 8
FS EVICT 593 from (25, 5) to (20, 1)
MAGTRACE 594 ti 6199 ammo 24 floor 52 target 16 chunk 16 ph 1 fslive 0 under 0 wtop 0 fwd 0 harv 8
FS EVICT 594 from (23, 3) to (23, 9)
MAGTRACE 595 ti 6229 ammo 24 floor 52 target 16 chunk 16 ph 1 fslive 0 under 0 wtop 0 fwd 0 harv 8
MAGTRACE 596 ti 6239 ammo 24 floor 52 target 16 chunk 16 ph 1 fslive 0 under 0 wtop 0 fwd 0 harv 8
FS EVICT 596 from (25, 5) to (20, 1)
MAGTRACE 597 ti 6279 ammo 24 floor 52 target 16 chunk 16 ph 1 fslive 0 under 0 wtop 0 fwd 0 harv 8
FS EVICT 597 from (25, 5) to (20, 1)
MAGTRACE 598 ti 6309 ammo 24 floor 52 target 16 chunk 16 ph 1 fslive 0 under 0 wtop 0 fwd 0 harv 8
FS EVICT 598 from (23, 3) to (23, 9)
MAGTRACE 599 ti 6206 ammo 24 floor 52 target 16 chunk 16 ph 1 fslive 0 under 0 wtop 0 fwd 0 harv 8
FS GATE 599 sig (30, 30, (2, 24), (26, 4)) ok 1
MAGTRACE 600 ti 6216 ammo 24 floor 52 target 16 chunk 16 ph 1 fslive 0 under 0 wtop 0 fwd 0 harv 8
FS EVICT 600 from (25, 5) to (20, 1)
MAGTRACE 601 ti 6246 ammo 24 floor 52 target 16 chunk 16 ph 1 fslive 0 under 0 wtop 0 fwd 0 harv 8
FS EVICT 601 from (23, 3) to (23, 9)
MAGTRACE 602 ti 6266 ammo 24 floor 52 target 16 chunk 16 ph 1 fslive 0 under 0 wtop 0 fwd 0 harv 8
FS EVICT 602 from (23, 3) to (23, 9)
MAGTRACE 603 ti 6296 ammo 24 floor 52 target 16 chunk 16 ph 1 fslive 0 under 0 wtop 0 fwd 0 harv 8
MAGTRACE 604 ti 6306 ammo 24 floor 52 target 16 chunk 16 ph 1 fslive 0 under 0 wtop 0 fwd 0 harv 8
FS EVICT 604 from (25, 5) to (20, 1)
MAGTRACE 605 ti 6231 ammo 24 floor 52 target 16 chunk 16 ph 1 fslive 0 under 0 wtop 0 fwd 0 harv 8
FS EVICT 605 from (23, 3) to (23, 9)
FS GATE 605 sig (30, 30, (2, 24), (26, 4)) ok 1
MAGTRACE 606 ti 6261 ammo 24 floor 52 target 16 chunk 16 ph 1 fslive 0 under 0 wtop 0 fwd 0 harv 8
MAGTRACE 607 ti 6271 ammo 24 floor 52 target 16 chunk 16 ph 1 fslive 0 under 0 wtop 0 fwd 0 harv 8
FS EVICT 607 from (25, 5) to (20, 1)
MAGTRACE 608 ti 6281 ammo 24 floor 52 target 16 chunk 16 ph 1 fslive 0 under 0 wtop 0 fwd 0 harv 8
FS EVICT 608 from (25, 5) to (20, 1)
MAGTRACE 609 ti 6311 ammo 24 floor 52 target 16 chunk 16 ph 1 fslive 0 under 0 wtop 0 fwd 0 harv 8
FS EVICT 609 from (23, 3) to (23, 9)
MAGTRACE 610 ti 6331 ammo 24 floor 52 target 16 chunk 16 ph 1 fslive 0 under 0 wtop 0 fwd 0 harv 8
MAGTRACE 611 ti 6361 ammo 24 floor 52 target 16 chunk 16 ph 1 fslive 0 under 0 wtop 0 fwd 0 harv 8
FS EVICT 611 from (25, 5) to (20, 1)
MAGTRACE 612 ti 6371 ammo 24 floor 52 target 16 chunk 16 ph 1 fslive 0 under 0 wtop 0 fwd 0 harv 8
FS EVICT 612 from (23, 3) to (23, 9)
MAGTRACE 613 ti 6411 ammo 24 floor 52 target 16 chunk 16 ph 1 fslive 0 under 0 wtop 0 fwd 0 harv 8
FS EVICT 613 from (23, 3) to (23, 9)
MAGTRACE 614 ti 6441 ammo 24 floor 52 target 16 chunk 16 ph 1 fslive 0 under 0 wtop 0 fwd 0 harv 8
MAGTRACE 615 ti 6451 ammo 24 floor 52 target 16 chunk 16 ph 1 fslive 0 under 0 wtop 0 fwd 0 harv 8
FS EVICT 615 from (25, 5) to (20, 1)
MAGTRACE 616 ti 6461 ammo 24 floor 52 target 16 chunk 16 ph 1 fslive 0 under 0 wtop 0 fwd 0 harv 8
FS EVICT 616 from (23, 3) to (23, 9)
MAGTRACE 617 ti 6491 ammo 24 floor 52 target 16 chunk 16 ph 1 fslive 0 under 0 wtop 0 fwd 0 harv 8
MAGTRACE 618 ti 6511 ammo 24 floor 52 target 16 chunk 16 ph 1 fslive 0 under 0 wtop 0 fwd 0 harv 8
FS EVICT 618 from (25, 5) to (20, 1)
MAGTRACE 619 ti 6541 ammo 24 floor 52 target 16 chunk 16 ph 1 fslive 0 under 0 wtop 0 fwd 0 harv 8
FS EVICT 619 from (25, 5) to (20, 1)
MAGTRACE 620 ti 6551 ammo 24 floor 52 target 16 chunk 16 ph 1 fslive 0 under 0 wtop 0 fwd 0 harv 8
FS EVICT 620 from (23, 3) to (23, 9)
MAGTRACE 621 ti 6591 ammo 24 floor 52 target 16 chunk 16 ph 1 fslive 0 under 0 wtop 0 fwd 0 harv 8
MAGTRACE 622 ti 6621 ammo 24 floor 52 target 16 chunk 16 ph 1 fslive 0 under 0 wtop 0 fwd 0 harv 8
FS EVICT 622 from (25, 5) to (20, 1)
MAGTRACE 623 ti 6631 ammo 24 floor 52 target 16 chunk 16 ph 1 fslive 0 under 0 wtop 0 fwd 0 harv 8
FS EVICT 623 from (23, 3) to (23, 9)
MAGTRACE 624 ti 6641 ammo 24 floor 52 target 16 chunk 16 ph 1 fslive 0 under 0 wtop 0 fwd 0 harv 8
FS EVICT 624 from (23, 3) to (23, 9)
MAGTRACE 625 ti 6671 ammo 24 floor 52 target 16 chunk 16 ph 1 fslive 0 under 0 wtop 0 fwd 0 harv 8
MAGTRACE 626 ti 6691 ammo 24 floor 52 target 16 chunk 16 ph 1 fslive 0 under 0 wtop 0 fwd 0 harv 8
FS EVICT 626 from (25, 5) to (20, 1)
MAGTRACE 627 ti 6721 ammo 24 floor 52 target 16 chunk 16 ph 1 fslive 0 under 0 wtop 0 fwd 0 harv 8
FS EVICT 627 from (23, 3) to (23, 9)
MAGTRACE 628 ti 6731 ammo 24 floor 52 target 16 chunk 16 ph 1 fslive 0 under 0 wtop 0 fwd 0 harv 8
MAGTRACE 629 ti 6771 ammo 24 floor 52 target 16 chunk 16 ph 1 fslive 0 under 0 wtop 0 fwd 0 harv 8
FS EVICT 629 from (25, 5) to (20, 1)
MAGTRACE 630 ti 6801 ammo 24 floor 52 target 16 chunk 16 ph 1 fslive 0 under 0 wtop 0 fwd 0 harv 8
FS EVICT 630 from (25, 5) to (20, 1)
MAGTRACE 631 ti 6811 ammo 24 floor 52 target 16 chunk 16 ph 1 fslive 0 under 0 wtop 0 fwd 0 harv 8
FS EVICT 631 from (23, 3) to (23, 9)
MAGTRACE 632 ti 6704 ammo 24 floor 52 target 16 chunk 16 ph 1 fslive 0 under 0 wtop 0 fwd 0 harv 8
FS GATE 632 sig (30, 30, (2, 24), (26, 4)) ok 1
MAGTRACE 633 ti 6734 ammo 24 floor 52 target 16 chunk 16 ph 1 fslive 0 under 0 wtop 0 fwd 0 harv 8
FS EVICT 633 from (25, 5) to (20, 1)
MAGTRACE 634 ti 6754 ammo 24 floor 52 target 16 chunk 16 ph 1 fslive 0 under 0 wtop 0 fwd 0 harv 8
FS EVICT 634 from (23, 3) to (23, 9)
MAGTRACE 635 ti 6784 ammo 24 floor 52 target 16 chunk 16 ph 1 fslive 0 under 0 wtop 0 fwd 0 harv 8
FS EVICT 635 from (23, 3) to (23, 9)
MAGTRACE 636 ti 6794 ammo 24 floor 52 target 16 chunk 16 ph 1 fslive 0 under 0 wtop 0 fwd 0 harv 8
MAGTRACE 637 ti 6834 ammo 24 floor 52 target 16 chunk 16 ph 1 fslive 0 under 0 wtop 0 fwd 0 harv 8
FS EVICT 637 from (25, 5) to (20, 1)
MAGTRACE 638 ti 6864 ammo 24 floor 52 target 16 chunk 16 ph 1 fslive 0 under 0 wtop 0 fwd 0 harv 8
FS EVICT 638 from (23, 3) to (23, 9)
MAGTRACE 639 ti 6755 ammo 24 floor 52 target 16 chunk 16 ph 1 fslive 0 under 0 wtop 0 fwd 0 harv 8
FS GATE 639 sig (30, 30, (2, 24), (26, 4)) ok 1
MAGTRACE 640 ti 6765 ammo 24 floor 52 target 16 chunk 16 ph 1 fslive 0 under 0 wtop 0 fwd 0 harv 8
FS EVICT 640 from (25, 5) to (20, 1)
MAGTRACE 641 ti 6795 ammo 24 floor 52 target 16 chunk 16 ph 1 fslive 0 under 0 wtop 0 fwd 0 harv 8
FS EVICT 641 from (25, 5) to (20, 1)
MAGTRACE 642 ti 6815 ammo 24 floor 52 target 16 chunk 16 ph 1 fslive 0 under 0 wtop 0 fwd 0 harv 8
FS EVICT 642 from (23, 3) to (23, 9)
MAGTRACE 643 ti 6845 ammo 24 floor 52 target 16 chunk 16 ph 1 fslive 0 under 0 wtop 0 fwd 0 harv 8
MAGTRACE 644 ti 6855 ammo 24 floor 52 target 16 chunk 16 ph 1 fslive 0 under 0 wtop 0 fwd 0 harv 8
FS EVICT 644 from (25, 5) to (20, 1)
MAGTRACE 645 ti 6895 ammo 24 floor 52 target 16 chunk 16 ph 1 fslive 0 under 0 wtop 0 fwd 0 harv 8
FS EVICT 645 from (23, 3) to (23, 9)
MAGTRACE 646 ti 6925 ammo 24 floor 52 target 16 chunk 16 ph 1 fslive 0 under 0 wtop 0 fwd 0 harv 8
FS EVICT 646 from (23, 3) to (23, 9)
MAGTRACE 647 ti 6935 ammo 24 floor 52 target 16 chunk 16 ph 1 fslive 0 under 0 wtop 0 fwd 0 harv 8
MAGTRACE 648 ti 6945 ammo 24 floor 52 target 16 chunk 16 ph 1 fslive 0 under 0 wtop 0 fwd 0 harv 8
FS EVICT 648 from (25, 5) to (20, 1)
MAGTRACE 649 ti 6975 ammo 24 floor 52 target 16 chunk 16 ph 1 fslive 0 under 0 wtop 0 fwd 0 harv 8
FS EVICT 649 from (23, 3) to (23, 9)
MAGTRACE 650 ti 6995 ammo 24 floor 52 target 16 chunk 16 ph 1 fslive 0 under 0 wtop 0 fwd 0 harv 8
MAGTRACE 651 ti 7025 ammo 24 floor 52 target 16 chunk 16 ph 1 fslive 0 under 0 wtop 0 fwd 0 harv 8
FS EVICT 651 from (25, 5) to (20, 1)
MAGTRACE 652 ti 7035 ammo 24 floor 52 target 16 chunk 16 ph 1 fslive 0 under 0 wtop 0 fwd 0 harv 8
FS EVICT 652 from (25, 5) to (20, 1)
MAGTRACE 653 ti 7075 ammo 24 floor 52 target 16 chunk 16 ph 1 fslive 0 under 0 wtop 0 fwd 0 harv 8
FS EVICT 653 from (23, 3) to (23, 9)
MAGTRACE 654 ti 7105 ammo 24 floor 52 target 16 chunk 16 ph 1 fslive 0 under 0 wtop 0 fwd 0 harv 8
MAGTRACE 655 ti 7115 ammo 24 floor 52 target 16 chunk 16 ph 1 fslive 0 under 0 wtop 0 fwd 0 harv 8
FS EVICT 655 from (25, 5) to (20, 1)
MAGTRACE 656 ti 7125 ammo 24 floor 52 target 16 chunk 16 ph 1 fslive 0 under 0 wtop 0 fwd 0 harv 8
FS EVICT 656 from (23, 3) to (23, 9)
MAGTRACE 657 ti 7155 ammo 24 floor 52 target 16 chunk 16 ph 1 fslive 0 under 0 wtop 0 fwd 0 harv 8
FS EVICT 657 from (23, 3) to (23, 9)
MAGTRACE 658 ti 7175 ammo 24 floor 52 target 16 chunk 16 ph 1 fslive 0 under 0 wtop 0 fwd 0 harv 8
MAGTRACE 659 ti 7205 ammo 24 floor 52 target 16 chunk 16 ph 1 fslive 0 under 0 wtop 0 fwd 0 harv 8
FS EVICT 659 from (25, 5) to (20, 1)
MAGTRACE 660 ti 7215 ammo 24 floor 52 target 16 chunk 16 ph 1 fslive 0 under 0 wtop 0 fwd 0 harv 8
FS EVICT 660 from (23, 3) to (23, 9)
MAGTRACE 661 ti 7255 ammo 24 floor 52 target 16 chunk 16 ph 1 fslive 0 under 0 wtop 0 fwd 0 harv 8
MAGTRACE 662 ti 7285 ammo 24 floor 52 target 16 chunk 16 ph 1 fslive 0 under 0 wtop 0 fwd 0 harv 8
FS EVICT 662 from (25, 5) to (20, 1)
MAGTRACE 663 ti 7295 ammo 24 floor 52 target 16 chunk 16 ph 1 fslive 0 under 0 wtop 0 fwd 0 harv 8
FS EVICT 663 from (25, 5) to (20, 1)
MAGTRACE 664 ti 7305 ammo 24 floor 52 target 16 chunk 16 ph 1 fslive 0 under 0 wtop 0 fwd 0 harv 8
FS EVICT 664 from (23, 3) to (23, 9)
MAGTRACE 665 ti 7335 ammo 24 floor 52 target 16 chunk 16 ph 1 fslive 0 under 0 wtop 0 fwd 0 harv 8
MAGTRACE 666 ti 7355 ammo 24 floor 52 target 16 chunk 16 ph 1 fslive 0 under 0 wtop 0 fwd 0 harv 8
FS EVICT 666 from (25, 5) to (20, 1)
MAGTRACE 667 ti 7385 ammo 24 floor 52 target 16 chunk 16 ph 1 fslive 0 under 0 wtop 0 fwd 0 harv 8
FS EVICT 667 from (23, 3) to (23, 9)
MAGTRACE 668 ti 7395 ammo 24 floor 52 target 16 chunk 16 ph 1 fslive 0 under 0 wtop 0 fwd 0 harv 8
FS EVICT 668 from (23, 3) to (23, 9)
MAGTRACE 669 ti 7435 ammo 24 floor 52 target 16 chunk 16 ph 1 fslive 0 under 0 wtop 0 fwd 0 harv 8
MAGTRACE 670 ti 7465 ammo 24 floor 52 target 16 chunk 16 ph 1 fslive 0 under 0 wtop 0 fwd 0 harv 8
FS EVICT 670 from (25, 5) to (20, 1)
MAGTRACE 671 ti 7475 ammo 24 floor 52 target 16 chunk 16 ph 1 fslive 0 under 0 wtop 0 fwd 0 harv 8
FS EVICT 671 from (23, 3) to (23, 9)
MAGTRACE 672 ti 7485 ammo 24 floor 52 target 16 chunk 16 ph 1 fslive 0 under 0 wtop 0 fwd 0 harv 8
MAGTRACE 673 ti 7515 ammo 24 floor 52 target 16 chunk 16 ph 1 fslive 0 under 0 wtop 0 fwd 0 harv 8
FS EVICT 673 from (25, 5) to (20, 1)
MAGTRACE 674 ti 7535 ammo 24 floor 52 target 16 chunk 16 ph 1 fslive 0 under 0 wtop 0 fwd 0 harv 8
FS EVICT 674 from (25, 5) to (20, 1)
MAGTRACE 675 ti 7565 ammo 24 floor 52 target 16 chunk 16 ph 1 fslive 0 under 0 wtop 0 fwd 0 harv 8
FS EVICT 675 from (23, 3) to (23, 9)
MAGTRACE 676 ti 7575 ammo 24 floor 52 target 16 chunk 16 ph 1 fslive 0 under 0 wtop 0 fwd 0 harv 8
MAGTRACE 677 ti 7615 ammo 24 floor 52 target 16 chunk 16 ph 1 fslive 0 under 0 wtop 0 fwd 0 harv 8
FS EVICT 677 from (25, 5) to (20, 1)
MAGTRACE 678 ti 7645 ammo 24 floor 52 target 16 chunk 16 ph 1 fslive 0 under 0 wtop 0 fwd 0 harv 8
FS EVICT 678 from (23, 3) to (23, 9)
MAGTRACE 679 ti 7655 ammo 24 floor 52 target 16 chunk 16 ph 1 fslive 0 under 0 wtop 0 fwd 0 harv 8
FS EVICT 679 from (23, 3) to (23, 9)
MAGTRACE 680 ti 7665 ammo 24 floor 52 target 16 chunk 16 ph 1 fslive 0 under 0 wtop 0 fwd 0 harv 8
MAGTRACE 681 ti 7695 ammo 24 floor 52 target 16 chunk 16 ph 1 fslive 0 under 0 wtop 0 fwd 0 harv 8
FS EVICT 681 from (25, 5) to (20, 1)
MAGTRACE 682 ti 7715 ammo 24 floor 52 target 16 chunk 16 ph 1 fslive 0 under 0 wtop 0 fwd 0 harv 8
FS EVICT 682 from (23, 3) to (23, 9)
MAGTRACE 683 ti 7745 ammo 24 floor 52 target 16 chunk 16 ph 1 fslive 0 under 0 wtop 0 fwd 0 harv 8
MAGTRACE 684 ti 7755 ammo 24 floor 52 target 16 chunk 16 ph 1 fslive 0 under 0 wtop 0 fwd 0 harv 8
FS EVICT 684 from (25, 5) to (20, 1)
MAGTRACE 685 ti 7795 ammo 24 floor 52 target 16 chunk 16 ph 1 fslive 0 under 0 wtop 0 fwd 0 harv 8
FS EVICT 685 from (25, 5) to (20, 1)
MAGTRACE 686 ti 7825 ammo 24 floor 52 target 16 chunk 16 ph 1 fslive 0 under 0 wtop 0 fwd 0 harv 8
FS EVICT 686 from (23, 3) to (23, 9)
MAGTRACE 687 ti 7835 ammo 24 floor 52 target 16 chunk 16 ph 1 fslive 0 under 0 wtop 0 fwd 0 harv 8
MAGTRACE 688 ti 7845 ammo 24 floor 52 target 16 chunk 16 ph 1 fslive 0 under 0 wtop 0 fwd 0 harv 8
FS EVICT 688 from (25, 5) to (20, 1)
MAGTRACE 689 ti 7875 ammo 24 floor 52 target 16 chunk 16 ph 1 fslive 0 under 0 wtop 0 fwd 0 harv 8
FS EVICT 689 from (23, 3) to (23, 9)
MAGTRACE 690 ti 7895 ammo 24 floor 52 target 16 chunk 16 ph 1 fslive 0 under 0 wtop 0 fwd 0 harv 8
FS EVICT 690 from (23, 3) to (23, 9)
MAGTRACE 691 ti 7925 ammo 24 floor 52 target 16 chunk 16 ph 1 fslive 0 under 0 wtop 0 fwd 0 harv 8
MAGTRACE 692 ti 7935 ammo 24 floor 52 target 16 chunk 16 ph 1 fslive 0 under 0 wtop 0 fwd 0 harv 8
FS EVICT 692 from (25, 5) to (20, 1)
MAGTRACE 693 ti 7975 ammo 24 floor 52 target 16 chunk 16 ph 1 fslive 0 under 0 wtop 0 fwd 0 harv 8
FS EVICT 693 from (23, 3) to (23, 9)
MAGTRACE 694 ti 8005 ammo 24 floor 52 target 16 chunk 16 ph 1 fslive 0 under 0 wtop 0 fwd 0 harv 8
MAGTRACE 695 ti 8015 ammo 24 floor 52 target 16 chunk 16 ph 1 fslive 0 under 0 wtop 0 fwd 0 harv 8
FS EVICT 695 from (25, 5) to (20, 1)
MAGTRACE 696 ti 8025 ammo 24 floor 52 target 16 chunk 16 ph 1 fslive 0 under 0 wtop 0 fwd 0 harv 8
FS EVICT 696 from (25, 5) to (20, 1)
MAGTRACE 697 ti 8055 ammo 24 floor 52 target 16 chunk 16 ph 1 fslive 0 under 0 wtop 0 fwd 0 harv 8
FS EVICT 697 from (23, 3) to (23, 9)
MAGTRACE 698 ti 8075 ammo 24 floor 52 target 16 chunk 16 ph 1 fslive 0 under 0 wtop 0 fwd 0 harv 8
MAGTRACE 699 ti 8105 ammo 24 floor 52 target 16 chunk 16 ph 1 fslive 0 under 0 wtop 0 fwd 0 harv 8
FS EVICT 699 from (25, 5) to (20, 1)
MAGTRACE 700 ti 8115 ammo 24 floor 52 target 16 chunk 16 ph 1 fslive 0 under 0 wtop 0 fwd 0 harv 8
FS EVICT 700 from (23, 3) to (23, 9)
MAGTRACE 701 ti 8155 ammo 24 floor 52 target 16 chunk 16 ph 1 fslive 0 under 0 wtop 0 fwd 0 harv 8
FS EVICT 701 from (23, 3) to (23, 9)
MAGTRACE 702 ti 8185 ammo 24 floor 52 target 16 chunk 16 ph 1 fslive 0 under 0 wtop 0 fwd 0 harv 8
MAGTRACE 703 ti 8195 ammo 24 floor 52 target 16 chunk 16 ph 1 fslive 0 under 0 wtop 0 fwd 0 harv 8
FS EVICT 703 from (25, 5) to (20, 1)
MAGTRACE 704 ti 8205 ammo 24 floor 52 target 16 chunk 16 ph 1 fslive 0 under 0 wtop 0 fwd 0 harv 8
FS EVICT 704 from (23, 3) to (23, 9)
MAGTRACE 705 ti 8235 ammo 24 floor 52 target 16 chunk 16 ph 1 fslive 0 under 0 wtop 0 fwd 0 harv 8
MAGTRACE 706 ti 8255 ammo 24 floor 52 target 16 chunk 16 ph 1 fslive 0 under 0 wtop 0 fwd 0 harv 8
FS EVICT 706 from (25, 5) to (20, 1)
MAGTRACE 707 ti 8285 ammo 24 floor 52 target 16 chunk 16 ph 1 fslive 0 under 0 wtop 0 fwd 0 harv 8
FS EVICT 707 from (25, 5) to (20, 1)
MAGTRACE 708 ti 8295 ammo 24 floor 52 target 16 chunk 16 ph 1 fslive 0 under 0 wtop 0 fwd 0 harv 8
FS EVICT 708 from (23, 3) to (23, 9)
MAGTRACE 709 ti 8335 ammo 24 floor 52 target 16 chunk 16 ph 1 fslive 0 under 0 wtop 0 fwd 0 harv 8
MAGTRACE 710 ti 8365 ammo 24 floor 52 target 16 chunk 16 ph 1 fslive 0 under 0 wtop 0 fwd 0 harv 8
FS EVICT 710 from (25, 5) to (20, 1)
MAGTRACE 711 ti 8375 ammo 24 floor 52 target 16 chunk 16 ph 1 fslive 0 under 0 wtop 0 fwd 0 harv 8
FS EVICT 711 from (23, 3) to (23, 9)
MAGTRACE 712 ti 8385 ammo 24 floor 52 target 16 chunk 16 ph 1 fslive 0 under 0 wtop 0 fwd 0 harv 8
FS EVICT 712 from (23, 3) to (23, 9)
MAGTRACE 713 ti 8415 ammo 24 floor 52 target 16 chunk 16 ph 1 fslive 0 under 0 wtop 0 fwd 0 harv 8
MAGTRACE 714 ti 8435 ammo 24 floor 52 target 16 chunk 16 ph 1 fslive 0 under 0 wtop 0 fwd 0 harv 8
FS EVICT 714 from (25, 5) to (20, 1)
MAGTRACE 715 ti 8465 ammo 24 floor 52 target 16 chunk 16 ph 1 fslive 0 under 0 wtop 0 fwd 0 harv 8
FS EVICT 715 from (23, 3) to (23, 9)
MAGTRACE 716 ti 8475 ammo 24 floor 52 target 16 chunk 16 ph 1 fslive 0 under 0 wtop 0 fwd 0 harv 8
MAGTRACE 717 ti 8515 ammo 24 floor 52 target 16 chunk 16 ph 1 fslive 0 under 0 wtop 0 fwd 0 harv 8
FS EVICT 717 from (25, 5) to (20, 1)
MAGTRACE 718 ti 8545 ammo 24 floor 52 target 16 chunk 16 ph 1 fslive 0 under 0 wtop 0 fwd 0 harv 8
FS EVICT 718 from (25, 5) to (20, 1)
MAGTRACE 719 ti 8555 ammo 24 floor 52 target 16 chunk 16 ph 1 fslive 0 under 0 wtop 0 fwd 0 harv 8
FS EVICT 719 from (23, 3) to (23, 9)
MAGTRACE 720 ti 8565 ammo 24 floor 52 target 16 chunk 16 ph 1 fslive 0 under 0 wtop 0 fwd 0 harv 8
MAGTRACE 721 ti 8474 ammo 24 floor 52 target 16 chunk 16 ph 1 fslive 0 under 0 wtop 0 fwd 0 harv 8
FS EVICT 721 from (25, 5) to (20, 1)
FS GATE 721 sig (30, 30, (2, 24), (26, 4)) ok 1
MAGTRACE 722 ti 8494 ammo 24 floor 52 target 16 chunk 16 ph 1 fslive 0 under 0 wtop 0 fwd 0 harv 8
FS EVICT 722 from (23, 3) to (23, 9)
MAGTRACE 723 ti 8524 ammo 24 floor 52 target 16 chunk 16 ph 1 fslive 0 under 0 wtop 0 fwd 0 harv 8
FS EVICT 723 from (23, 3) to (23, 9)
MAGTRACE 724 ti 8534 ammo 24 floor 52 target 16 chunk 16 ph 1 fslive 0 under 0 wtop 0 fwd 0 harv 8
MAGTRACE 725 ti 8574 ammo 24 floor 52 target 16 chunk 16 ph 1 fslive 0 under 0 wtop 0 fwd 0 harv 8
FS EVICT 725 from (25, 5) to (20, 1)
MAGTRACE 726 ti 8604 ammo 24 floor 52 target 16 chunk 16 ph 1 fslive 0 under 0 wtop 0 fwd 0 harv 8
FS EVICT 726 from (23, 3) to (23, 9)
MAGTRACE 727 ti 8614 ammo 24 floor 52 target 16 chunk 16 ph 1 fslive 0 under 0 wtop 0 fwd 0 harv 8
MAGTRACE 728 ti 8624 ammo 24 floor 52 target 16 chunk 16 ph 1 fslive 0 under 0 wtop 0 fwd 0 harv 8
FS EVICT 728 from (25, 5) to (20, 1)
MAGTRACE 729 ti 8654 ammo 24 floor 52 target 16 chunk 16 ph 1 fslive 0 under 0 wtop 0 fwd 0 harv 8
FS EVICT 729 from (25, 5) to (20, 1)
MAGTRACE 730 ti 8674 ammo 24 floor 52 target 16 chunk 16 ph 1 fslive 0 under 0 wtop 0 fwd 0 harv 8
FS EVICT 730 from (23, 3) to (23, 9)
MAGTRACE 731 ti 8704 ammo 24 floor 52 target 16 chunk 16 ph 1 fslive 0 under 0 wtop 0 fwd 0 harv 8
MAGTRACE 732 ti 8714 ammo 24 floor 52 target 16 chunk 16 ph 1 fslive 0 under 0 wtop 0 fwd 0 harv 8
FS EVICT 732 from (25, 5) to (20, 1)
MAGTRACE 733 ti 8754 ammo 24 floor 52 target 16 chunk 16 ph 1 fslive 0 under 0 wtop 0 fwd 0 harv 8
FS EVICT 733 from (23, 3) to (23, 9)
MAGTRACE 734 ti 8784 ammo 24 floor 52 target 16 chunk 16 ph 1 fslive 0 under 0 wtop 0 fwd 0 harv 8
FS EVICT 734 from (23, 3) to (23, 9)
MAGTRACE 735 ti 8794 ammo 24 floor 52 target 16 chunk 16 ph 1 fslive 0 under 0 wtop 0 fwd 0 harv 8
MAGTRACE 736 ti 8804 ammo 24 floor 52 target 16 chunk 16 ph 1 fslive 0 under 0 wtop 0 fwd 0 harv 8
FS EVICT 736 from (25, 5) to (20, 1)
MAGTRACE 737 ti 8834 ammo 24 floor 52 target 16 chunk 16 ph 1 fslive 0 under 0 wtop 0 fwd 0 harv 8
FS EVICT 737 from (23, 3) to (23, 9)
MAGTRACE 738 ti 8854 ammo 24 floor 52 target 16 chunk 16 ph 1 fslive 0 under 0 wtop 0 fwd 0 harv 8
MAGTRACE 739 ti 8884 ammo 24 floor 52 target 16 chunk 16 ph 1 fslive 0 under 0 wtop 0 fwd 0 harv 8
FS EVICT 739 from (25, 5) to (20, 1)
MAGTRACE 740 ti 8894 ammo 24 floor 52 target 16 chunk 16 ph 1 fslive 0 under 0 wtop 0 fwd 0 harv 8
FS EVICT 740 from (25, 5) to (20, 1)
MAGTRACE 741 ti 8934 ammo 24 floor 52 target 16 chunk 16 ph 1 fslive 0 under 0 wtop 0 fwd 0 harv 8
FS EVICT 741 from (23, 3) to (23, 9)
MAGTRACE 742 ti 8964 ammo 24 floor 52 target 16 chunk 16 ph 1 fslive 0 under 0 wtop 0 fwd 0 harv 8
MAGTRACE 743 ti 8974 ammo 24 floor 52 target 16 chunk 16 ph 1 fslive 0 under 0 wtop 0 fwd 0 harv 8
FS EVICT 743 from (25, 5) to (20, 1)
MAGTRACE 744 ti 8984 ammo 24 floor 52 target 16 chunk 16 ph 1 fslive 0 under 0 wtop 0 fwd 0 harv 8
FS EVICT 744 from (23, 3) to (23, 9)
MAGTRACE 745 ti 9014 ammo 24 floor 52 target 16 chunk 16 ph 1 fslive 0 under 0 wtop 0 fwd 0 harv 8
FS EVICT 745 from (23, 3) to (23, 9)
MAGTRACE 746 ti 9034 ammo 24 floor 52 target 16 chunk 16 ph 1 fslive 0 under 0 wtop 0 fwd 0 harv 8
MAGTRACE 747 ti 9064 ammo 24 floor 52 target 16 chunk 16 ph 1 fslive 0 under 0 wtop 0 fwd 0 harv 8
FS EVICT 747 from (25, 5) to (20, 1)
MAGTRACE 748 ti 9074 ammo 24 floor 52 target 16 chunk 16 ph 1 fslive 0 under 0 wtop 0 fwd 0 harv 8
FS EVICT 748 from (23, 3) to (23, 9)
MAGTRACE 749 ti 8991 ammo 24 floor 52 target 16 chunk 16 ph 1 fslive 0 under 0 wtop 0 fwd 0 harv 8
FS GATE 749 sig (30, 30, (2, 24), (26, 4)) ok 1
MAGTRACE 750 ti 9021 ammo 24 floor 52 target 16 chunk 16 ph 1 fslive 0 under 0 wtop 0 fwd 0 harv 8
FS EVICT 750 from (25, 5) to (20, 1)
MAGTRACE 751 ti 9031 ammo 24 floor 52 target 16 chunk 16 ph 1 fslive 0 under 0 wtop 0 fwd 0 harv 8
FS EVICT 751 from (25, 5) to (20, 1)
MAGTRACE 752 ti 9041 ammo 24 floor 52 target 16 chunk 16 ph 1 fslive 0 under 0 wtop 0 fwd 0 harv 8
MAGTRACE 753 ti 9071 ammo 24 floor 52 target 16 chunk 16 ph 1 fslive 0 under 0 wtop 0 fwd 0 harv 8
FS EVICT 753 from (25, 3) to (20, 7)
MAGTRACE 754 ti 9091 ammo 24 floor 52 target 16 chunk 16 ph 1 fslive 0 under 0 wtop 0 fwd 0 harv 8
FS EVICT 754 from (25, 5) to (20, 1)
MAGTRACE 755 ti 9121 ammo 24 floor 52 target 16 chunk 16 ph 1 fslive 0 under 0 wtop 0 fwd 0 harv 8
MAGTRACE 756 ti 9131 ammo 24 floor 52 target 16 chunk 16 ph 1 fslive 0 under 0 wtop 0 fwd 0 harv 8
MAGTRACE 757 ti 9171 ammo 24 floor 52 target 16 chunk 16 ph 1 fslive 0 under 0 wtop 0 fwd 0 harv 8
MAGTRACE 758 ti 9201 ammo 24 floor 52 target 16 chunk 16 ph 1 fslive 0 under 0 wtop 0 fwd 0 harv 8
MAGTRACE 759 ti 9211 ammo 24 floor 52 target 16 chunk 16 ph 1 fslive 0 under 0 wtop 0 fwd 0 harv 8
FS EVICT 759 from (25, 3) to (20, 7)
MAGTRACE 760 ti 9221 ammo 24 floor 52 target 16 chunk 16 ph 1 fslive 0 under 0 wtop 0 fwd 0 harv 8
FS EVICT 760 from (25, 5) to (20, 1)
MAGTRACE 761 ti 9251 ammo 24 floor 52 target 16 chunk 16 ph 1 fslive 0 under 0 wtop 0 fwd 0 harv 8
FS EVICT 761 from (25, 4) to (20, 1)
MAGTRACE 762 ti 9271 ammo 24 floor 52 target 16 chunk 16 ph 1 fslive 0 under 0 wtop 0 fwd 0 harv 8
FS EVICT 762 from (24, 3) to (23, 9)
MAGTRACE 763 ti 9301 ammo 24 floor 52 target 16 chunk 16 ph 1 fslive 0 under 0 wtop 0 fwd 0 harv 8
MAGTRACE 764 ti 9311 ammo 24 floor 52 target 16 chunk 16 ph 1 fslive 0 under 0 wtop 0 fwd 0 harv 8
MAGTRACE 765 ti 9351 ammo 24 floor 52 target 16 chunk 16 ph 1 fslive 0 under 0 wtop 0 fwd 0 harv 8
MAGTRACE 766 ti 9381 ammo 24 floor 52 target 16 chunk 16 ph 1 fslive 0 under 0 wtop 0 fwd 0 harv 8
MAGTRACE 767 ti 9391 ammo 24 floor 52 target 16 chunk 16 ph 1 fslive 0 under 0 wtop 0 fwd 0 harv 8
MAGTRACE 768 ti 9401 ammo 24 floor 52 target 16 chunk 16 ph 1 fslive 0 under 0 wtop 0 fwd 0 harv 8
MAGTRACE 769 ti 9431 ammo 24 floor 52 target 16 chunk 16 ph 1 fslive 0 under 0 wtop 0 fwd 0 harv 8
MAGTRACE 770 ti 9451 ammo 24 floor 52 target 16 chunk 16 ph 1 fslive 0 under 0 wtop 0 fwd 0 harv 8
MAGTRACE 771 ti 9481 ammo 24 floor 52 target 16 chunk 16 ph 1 fslive 0 under 0 wtop 0 fwd 0 harv 8
MAGTRACE 772 ti 9491 ammo 24 floor 52 target 16 chunk 16 ph 1 fslive 0 under 0 wtop 0 fwd 0 harv 8
MAGTRACE 773 ti 9531 ammo 24 floor 52 target 16 chunk 16 ph 1 fslive 0 under 0 wtop 0 fwd 0 harv 8
MAGTRACE 774 ti 9561 ammo 24 floor 52 target 16 chunk 16 ph 1 fslive 0 under 0 wtop 0 fwd 0 harv 8
MAGTRACE 775 ti 9571 ammo 24 floor 52 target 16 chunk 16 ph 1 fslive 0 under 0 wtop 0 fwd 0 harv 8
MAGTRACE 776 ti 9581 ammo 24 floor 52 target 16 chunk 16 ph 1 fslive 0 under 0 wtop 0 fwd 0 harv 8
MAGTRACE 777 ti 9611 ammo 24 floor 52 target 16 chunk 16 ph 1 fslive 0 under 0 wtop 0 fwd 0 harv 8
MAGTRACE 778 ti 9631 ammo 24 floor 52 target 16 chunk 16 ph 1 fslive 0 under 0 wtop 0 fwd 0 harv 8
MAGTRACE 779 ti 9661 ammo 24 floor 52 target 16 chunk 16 ph 1 fslive 0 under 0 wtop 0 fwd 0 harv 8
MAGTRACE 780 ti 9671 ammo 24 floor 52 target 16 chunk 16 ph 1 fslive 0 under 0 wtop 0 fwd 0 harv 8
MAGTRACE 781 ti 9711 ammo 24 floor 52 target 16 chunk 16 ph 1 fslive 0 under 0 wtop 0 fwd 0 harv 8
MAGTRACE 782 ti 9741 ammo 24 floor 52 target 16 chunk 16 ph 1 fslive 0 under 0 wtop 0 fwd 0 harv 8
MAGTRACE 783 ti 9751 ammo 24 floor 52 target 16 chunk 16 ph 1 fslive 0 under 0 wtop 0 fwd 0 harv 8
MAGTRACE 784 ti 9761 ammo 24 floor 52 target 16 chunk 16 ph 1 fslive 0 under 0 wtop 0 fwd 0 harv 8
MAGTRACE 785 ti 9791 ammo 24 floor 52 target 16 chunk 16 ph 1 fslive 0 under 0 wtop 0 fwd 0 harv 8
MAGTRACE 786 ti 9811 ammo 24 floor 52 target 16 chunk 16 ph 1 fslive 0 under 0 wtop 0 fwd 0 harv 8
MAGTRACE 787 ti 9841 ammo 24 floor 52 target 16 chunk 16 ph 1 fslive 0 under 0 wtop 0 fwd 0 harv 8
MAGTRACE 788 ti 9851 ammo 24 floor 52 target 16 chunk 16 ph 1 fslive 0 under 0 wtop 0 fwd 0 harv 8
MAGTRACE 789 ti 9891 ammo 24 floor 52 target 16 chunk 16 ph 1 fslive 0 under 0 wtop 0 fwd 0 harv 8
MAGTRACE 790 ti 9921 ammo 24 floor 52 target 16 chunk 16 ph 1 fslive 0 under 0 wtop 0 fwd 0 harv 8
MAGTRACE 791 ti 9931 ammo 24 floor 52 target 16 chunk 16 ph 1 fslive 0 under 0 wtop 0 fwd 0 harv 8
MAGTRACE 792 ti 9941 ammo 24 floor 52 target 16 chunk 16 ph 1 fslive 0 under 0 wtop 0 fwd 0 harv 8
MAGTRACE 793 ti 9971 ammo 24 floor 52 target 16 chunk 16 ph 1 fslive 0 under 0 wtop 0 fwd 0 harv 8
MAGTRACE 794 ti 9991 ammo 24 floor 52 target 16 chunk 16 ph 1 fslive 0 under 0 wtop 0 fwd 0 harv 8
MAGTRACE 795 ti 10021 ammo 24 floor 52 target 16 chunk 16 ph 1 fslive 0 under 0 wtop 0 fwd 0 harv 8
MAGTRACE 796 ti 10031 ammo 24 floor 52 target 16 chunk 16 ph 1 fslive 0 under 0 wtop 0 fwd 0 harv 8
MAGTRACE 797 ti 10071 ammo 24 floor 52 target 16 chunk 16 ph 1 fslive 0 under 0 wtop 0 fwd 0 harv 8
MAGTRACE 798 ti 10101 ammo 24 floor 52 target 16 chunk 16 ph 1 fslive 0 under 0 wtop 0 fwd 0 harv 8
MAGTRACE 799 ti 10111 ammo 24 floor 52 target 16 chunk 16 ph 1 fslive 0 under 0 wtop 0 fwd 0 harv 8
MAGTRACE 800 ti 10121 ammo 20 floor 46 target 24 chunk 16 ph 1 fslive 0 under 0 wtop 3 fwd 0 harv 8
MAGTRACE 801 ti 10147 ammo 24 floor 46 target 24 chunk 16 ph 1 fslive 0 under 0 wtop 3 fwd 0 harv 8
MAGTRACE 802 ti 10167 ammo 24 floor 46 target 24 chunk 16 ph 1 fslive 0 under 0 wtop 3 fwd 0 harv 8
MAGTRACE 803 ti 10197 ammo 24 floor 46 target 16 chunk 16 ph 1 fslive 0 under 0 wtop 3 fwd 0 harv 8
MAGTRACE 804 ti 10207 ammo 24 floor 46 target 16 chunk 16 ph 1 fslive 0 under 0 wtop 3 fwd 0 harv 8
MAGTRACE 805 ti 10247 ammo 24 floor 46 target 16 chunk 16 ph 1 fslive 0 under 0 wtop 3 fwd 0 harv 8
MAGTRACE 806 ti 10277 ammo 24 floor 46 target 16 chunk 16 ph 1 fslive 0 under 0 wtop 3 fwd 0 harv 8
MAGTRACE 807 ti 10287 ammo 24 floor 46 target 16 chunk 16 ph 1 fslive 0 under 0 wtop 3 fwd 0 harv 8
MAGTRACE 808 ti 10297 ammo 24 floor 46 target 16 chunk 16 ph 1 fslive 0 under 0 wtop 3 fwd 0 harv 8
MAGTRACE 809 ti 10327 ammo 24 floor 46 target 16 chunk 16 ph 1 fslive 0 under 0 wtop 3 fwd 0 harv 8
MAGTRACE 810 ti 10347 ammo 24 floor 46 target 16 chunk 16 ph 1 fslive 0 under 0 wtop 3 fwd 0 harv 8
MAGTRACE 811 ti 10377 ammo 24 floor 46 target 16 chunk 16 ph 1 fslive 0 under 0 wtop 3 fwd 0 harv 8
MAGTRACE 812 ti 10387 ammo 24 floor 52 target 16 chunk 16 ph 1 fslive 0 under 0 wtop 0 fwd 0 harv 8
MAGTRACE 813 ti 10427 ammo 24 floor 52 target 16 chunk 16 ph 1 fslive 0 under 0 wtop 0 fwd 0 harv 8
MAGTRACE 814 ti 10457 ammo 24 floor 52 target 16 chunk 16 ph 1 fslive 0 under 0 wtop 0 fwd 0 harv 8
MAGTRACE 815 ti 10467 ammo 24 floor 52 target 16 chunk 16 ph 1 fslive 0 under 0 wtop 0 fwd 0 harv 8
MAGTRACE 816 ti 10477 ammo 24 floor 52 target 16 chunk 16 ph 1 fslive 0 under 0 wtop 0 fwd 0 harv 8
MAGTRACE 817 ti 10507 ammo 24 floor 52 target 16 chunk 16 ph 1 fslive 0 under 0 wtop 0 fwd 0 harv 8
MAGTRACE 818 ti 10527 ammo 24 floor 52 target 16 chunk 16 ph 1 fslive 0 under 0 wtop 0 fwd 0 harv 8
MAGTRACE 819 ti 10557 ammo 24 floor 52 target 16 chunk 16 ph 1 fslive 0 under 0 wtop 0 fwd 0 harv 8
MAGTRACE 820 ti 10567 ammo 24 floor 52 target 16 chunk 16 ph 1 fslive 0 under 0 wtop 0 fwd 0 harv 8
MAGTRACE 821 ti 10607 ammo 24 floor 52 target 16 chunk 16 ph 1 fslive 0 under 0 wtop 0 fwd 0 harv 8
MAGTRACE 822 ti 10637 ammo 24 floor 52 target 16 chunk 16 ph 1 fslive 0 under 0 wtop 0 fwd 0 harv 8
MAGTRACE 823 ti 10647 ammo 24 floor 52 target 16 chunk 16 ph 1 fslive 0 under 0 wtop 0 fwd 0 harv 8
MAGTRACE 824 ti 10657 ammo 24 floor 52 target 16 chunk 16 ph 1 fslive 0 under 0 wtop 0 fwd 0 harv 8
MAGTRACE 825 ti 10687 ammo 24 floor 52 target 16 chunk 16 ph 1 fslive 0 under 0 wtop 0 fwd 0 harv 8
MAGTRACE 826 ti 10707 ammo 24 floor 52 target 16 chunk 16 ph 1 fslive 0 under 0 wtop 0 fwd 0 harv 8
MAGTRACE 827 ti 10737 ammo 24 floor 52 target 16 chunk 16 ph 1 fslive 0 under 0 wtop 0 fwd 0 harv 8
MAGTRACE 828 ti 10747 ammo 24 floor 52 target 16 chunk 16 ph 1 fslive 0 under 0 wtop 0 fwd 0 harv 8
MAGTRACE 829 ti 10787 ammo 24 floor 52 target 16 chunk 16 ph 1 fslive 0 under 0 wtop 0 fwd 0 harv 8
MAGTRACE 830 ti 10817 ammo 24 floor 52 target 16 chunk 16 ph 1 fslive 0 under 0 wtop 0 fwd 0 harv 8
MAGTRACE 831 ti 10827 ammo 24 floor 52 target 16 chunk 16 ph 1 fslive 0 under 0 wtop 0 fwd 0 harv 8
MAGTRACE 832 ti 10837 ammo 24 floor 52 target 16 chunk 16 ph 1 fslive 0 under 0 wtop 0 fwd 0 harv 8
MAGTRACE 833 ti 10867 ammo 24 floor 52 target 16 chunk 16 ph 1 fslive 0 under 0 wtop 0 fwd 0 harv 8
MAGTRACE 834 ti 10887 ammo 24 floor 52 target 16 chunk 16 ph 1 fslive 0 under 0 wtop 0 fwd 0 harv 8
MAGTRACE 835 ti 10917 ammo 24 floor 52 target 16 chunk 16 ph 1 fslive 0 under 0 wtop 0 fwd 0 harv 8
MAGTRACE 836 ti 10927 ammo 24 floor 52 target 16 chunk 16 ph 1 fslive 0 under 0 wtop 0 fwd 0 harv 8
MAGTRACE 837 ti 10967 ammo 24 floor 52 target 16 chunk 16 ph 1 fslive 0 under 0 wtop 0 fwd 0 harv 8
MAGTRACE 838 ti 10997 ammo 24 floor 52 target 16 chunk 16 ph 1 fslive 0 under 0 wtop 0 fwd 0 harv 8
MAGTRACE 839 ti 11007 ammo 24 floor 52 target 16 chunk 16 ph 1 fslive 0 under 0 wtop 0 fwd 0 harv 8
MAGTRACE 840 ti 11017 ammo 24 floor 52 target 16 chunk 16 ph 1 fslive 0 under 0 wtop 0 fwd 0 harv 8
MAGTRACE 841 ti 11047 ammo 24 floor 52 target 16 chunk 16 ph 1 fslive 0 under 0 wtop 0 fwd 0 harv 8
MAGTRACE 842 ti 11067 ammo 24 floor 52 target 16 chunk 16 ph 1 fslive 0 under 0 wtop 0 fwd 0 harv 8
MAGTRACE 843 ti 11097 ammo 24 floor 52 target 16 chunk 16 ph 1 fslive 0 under 0 wtop 0 fwd 0 harv 8
MAGTRACE 844 ti 11107 ammo 24 floor 52 target 16 chunk 16 ph 1 fslive 0 under 0 wtop 0 fwd 0 harv 8
MAGTRACE 845 ti 11147 ammo 24 floor 52 target 16 chunk 16 ph 1 fslive 0 under 0 wtop 0 fwd 0 harv 8
MAGTRACE 846 ti 11177 ammo 24 floor 52 target 16 chunk 16 ph 1 fslive 0 under 0 wtop 0 fwd 0 harv 8
MAGTRACE 847 ti 11187 ammo 24 floor 52 target 16 chunk 16 ph 1 fslive 0 under 0 wtop 0 fwd 0 harv 8
MAGTRACE 848 ti 11197 ammo 24 floor 52 target 16 chunk 16 ph 1 fslive 0 under 0 wtop 0 fwd 0 harv 8
MAGTRACE 849 ti 11227 ammo 24 floor 52 target 16 chunk 16 ph 1 fslive 0 under 0 wtop 0 fwd 0 harv 8
MAGTRACE 850 ti 11247 ammo 24 floor 52 target 16 chunk 16 ph 1 fslive 0 under 0 wtop 0 fwd 0 harv 8
MAGTRACE 851 ti 11277 ammo 24 floor 52 target 16 chunk 16 ph 1 fslive 0 under 0 wtop 0 fwd 0 harv 8
MAGTRACE 852 ti 11287 ammo 24 floor 52 target 16 chunk 16 ph 1 fslive 0 under 0 wtop 0 fwd 0 harv 8
MAGTRACE 853 ti 11327 ammo 24 floor 52 target 16 chunk 16 ph 1 fslive 0 under 0 wtop 0 fwd 0 harv 8
MAGTRACE 854 ti 11357 ammo 24 floor 52 target 16 chunk 16 ph 1 fslive 0 under 0 wtop 0 fwd 0 harv 8
MAGTRACE 855 ti 11367 ammo 24 floor 52 target 16 chunk 16 ph 1 fslive 0 under 0 wtop 0 fwd 0 harv 8
MAGTRACE 856 ti 11377 ammo 24 floor 52 target 16 chunk 16 ph 1 fslive 0 under 0 wtop 0 fwd 0 harv 8
MAGTRACE 857 ti 11407 ammo 24 floor 52 target 16 chunk 16 ph 1 fslive 0 under 0 wtop 0 fwd 0 harv 8
MAGTRACE 858 ti 11427 ammo 24 floor 52 target 16 chunk 16 ph 1 fslive 0 under 0 wtop 0 fwd 0 harv 8
MAGTRACE 859 ti 11457 ammo 24 floor 52 target 16 chunk 16 ph 1 fslive 0 under 0 wtop 0 fwd 0 harv 8
MAGTRACE 860 ti 11467 ammo 24 floor 52 target 16 chunk 16 ph 1 fslive 0 under 0 wtop 0 fwd 0 harv 8
MAGTRACE 861 ti 11507 ammo 24 floor 52 target 16 chunk 16 ph 1 fslive 0 under 0 wtop 0 fwd 0 harv 8
MAGTRACE 862 ti 11537 ammo 24 floor 52 target 16 chunk 16 ph 1 fslive 0 under 0 wtop 0 fwd 0 harv 8
MAGTRACE 863 ti 11547 ammo 24 floor 52 target 16 chunk 16 ph 1 fslive 0 under 0 wtop 0 fwd 0 harv 8
MAGTRACE 864 ti 11557 ammo 24 floor 52 target 16 chunk 16 ph 1 fslive 0 under 0 wtop 0 fwd 0 harv 8
MAGTRACE 865 ti 11587 ammo 24 floor 52 target 16 chunk 16 ph 1 fslive 0 under 0 wtop 0 fwd 0 harv 8
MAGTRACE 866 ti 11607 ammo 24 floor 52 target 16 chunk 16 ph 1 fslive 0 under 0 wtop 0 fwd 0 harv 8
MAGTRACE 867 ti 11637 ammo 24 floor 52 target 16 chunk 16 ph 1 fslive 0 under 0 wtop 0 fwd 0 harv 8
MAGTRACE 868 ti 11647 ammo 24 floor 52 target 16 chunk 16 ph 1 fslive 0 under 0 wtop 0 fwd 0 harv 8
MAGTRACE 869 ti 11687 ammo 24 floor 52 target 16 chunk 16 ph 1 fslive 0 under 0 wtop 0 fwd 0 harv 8
MAGTRACE 870 ti 11717 ammo 24 floor 52 target 16 chunk 16 ph 1 fslive 0 under 0 wtop 0 fwd 0 harv 8
MAGTRACE 871 ti 11727 ammo 24 floor 52 target 16 chunk 16 ph 1 fslive 0 under 0 wtop 0 fwd 0 harv 8
MAGTRACE 872 ti 11737 ammo 24 floor 52 target 16 chunk 16 ph 1 fslive 0 under 0 wtop 0 fwd 0 harv 8
MAGTRACE 873 ti 11767 ammo 24 floor 52 target 16 chunk 16 ph 1 fslive 0 under 0 wtop 0 fwd 0 harv 8
MAGTRACE 874 ti 11787 ammo 24 floor 52 target 16 chunk 16 ph 1 fslive 0 under 0 wtop 0 fwd 0 harv 8
MAGTRACE 875 ti 11817 ammo 24 floor 52 target 16 chunk 16 ph 1 fslive 0 under 0 wtop 0 fwd 0 harv 8
MAGTRACE 876 ti 11827 ammo 24 floor 52 target 16 chunk 16 ph 1 fslive 0 under 0 wtop 0 fwd 0 harv 8
MAGTRACE 877 ti 11867 ammo 24 floor 52 target 16 chunk 16 ph 1 fslive 0 under 0 wtop 0 fwd 0 harv 8
MAGTRACE 878 ti 11897 ammo 24 floor 52 target 16 chunk 16 ph 1 fslive 0 under 0 wtop 0 fwd 0 harv 8
MAGTRACE 879 ti 11907 ammo 24 floor 52 target 16 chunk 16 ph 1 fslive 0 under 0 wtop 0 fwd 0 harv 8
MAGTRACE 880 ti 11917 ammo 24 floor 52 target 16 chunk 16 ph 1 fslive 0 under 0 wtop 0 fwd 0 harv 8
MAGTRACE 881 ti 11947 ammo 24 floor 52 target 16 chunk 16 ph 1 fslive 0 under 0 wtop 0 fwd 0 harv 8
MAGTRACE 882 ti 11967 ammo 24 floor 52 target 16 chunk 16 ph 1 fslive 0 under 0 wtop 0 fwd 0 harv 8
MAGTRACE 883 ti 11997 ammo 24 floor 52 target 16 chunk 16 ph 1 fslive 0 under 0 wtop 0 fwd 0 harv 8
MAGTRACE 884 ti 12007 ammo 24 floor 52 target 16 chunk 16 ph 1 fslive 0 under 0 wtop 0 fwd 0 harv 8
MAGTRACE 885 ti 12047 ammo 24 floor 52 target 16 chunk 16 ph 1 fslive 0 under 0 wtop 0 fwd 0 harv 8
MAGTRACE 886 ti 12077 ammo 24 floor 52 target 16 chunk 16 ph 1 fslive 0 under 0 wtop 0 fwd 0 harv 8
MAGTRACE 887 ti 12087 ammo 24 floor 52 target 16 chunk 16 ph 1 fslive 0 under 0 wtop 0 fwd 0 harv 8
MAGTRACE 888 ti 12097 ammo 24 floor 52 target 16 chunk 16 ph 1 fslive 0 under 0 wtop 0 fwd 0 harv 8
MAGTRACE 889 ti 12127 ammo 24 floor 52 target 16 chunk 16 ph 1 fslive 0 under 0 wtop 0 fwd 0 harv 8
MAGTRACE 890 ti 12147 ammo 24 floor 52 target 16 chunk 16 ph 1 fslive 0 under 0 wtop 0 fwd 0 harv 8
MAGTRACE 891 ti 12177 ammo 24 floor 52 target 16 chunk 16 ph 1 fslive 0 under 0 wtop 0 fwd 0 harv 8
MAGTRACE 892 ti 12187 ammo 24 floor 52 target 16 chunk 16 ph 1 fslive 0 under 0 wtop 0 fwd 0 harv 8
MAGTRACE 893 ti 12227 ammo 24 floor 52 target 16 chunk 16 ph 1 fslive 0 under 0 wtop 0 fwd 0 harv 8
MAGTRACE 894 ti 12257 ammo 24 floor 52 target 16 chunk 16 ph 1 fslive 0 under 0 wtop 0 fwd 0 harv 8
MAGTRACE 895 ti 12267 ammo 24 floor 52 target 16 chunk 16 ph 1 fslive 0 under 0 wtop 0 fwd 0 harv 8
MAGTRACE 896 ti 12277 ammo 24 floor 52 target 16 chunk 16 ph 1 fslive 0 under 0 wtop 0 fwd 0 harv 8
MAGTRACE 897 ti 12307 ammo 24 floor 52 target 16 chunk 16 ph 1 fslive 0 under 0 wtop 0 fwd 0 harv 8
MAGTRACE 898 ti 12327 ammo 24 floor 52 target 16 chunk 16 ph 1 fslive 0 under 0 wtop 0 fwd 0 harv 8
MAGTRACE 899 ti 12357 ammo 24 floor 52 target 16 chunk 16 ph 1 fslive 0 under 0 wtop 0 fwd 0 harv 8
MAGTRACE 900 ti 12367 ammo 24 floor 52 target 16 chunk 16 ph 1 fslive 0 under 0 wtop 0 fwd 0 harv 8
MAGTRACE 901 ti 12407 ammo 24 floor 52 target 16 chunk 16 ph 1 fslive 0 under 0 wtop 0 fwd 0 harv 8
MAGTRACE 902 ti 12437 ammo 24 floor 52 target 16 chunk 16 ph 1 fslive 0 under 0 wtop 0 fwd 0 harv 8
MAGTRACE 903 ti 12447 ammo 24 floor 52 target 16 chunk 16 ph 1 fslive 0 under 0 wtop 0 fwd 0 harv 8
MAGTRACE 904 ti 12457 ammo 24 floor 52 target 16 chunk 16 ph 1 fslive 0 under 0 wtop 0 fwd 0 harv 8
MAGTRACE 905 ti 12487 ammo 24 floor 52 target 16 chunk 16 ph 1 fslive 0 under 0 wtop 0 fwd 0 harv 8
MAGTRACE 906 ti 12507 ammo 24 floor 52 target 16 chunk 16 ph 1 fslive 0 under 0 wtop 0 fwd 0 harv 8
MAGTRACE 907 ti 12537 ammo 24 floor 52 target 16 chunk 16 ph 1 fslive 0 under 0 wtop 0 fwd 0 harv 8
MAGTRACE 908 ti 12547 ammo 24 floor 52 target 16 chunk 16 ph 1 fslive 0 under 0 wtop 0 fwd 0 harv 8
MAGTRACE 909 ti 12587 ammo 24 floor 52 target 16 chunk 16 ph 1 fslive 0 under 0 wtop 0 fwd 0 harv 8
MAGTRACE 910 ti 12617 ammo 24 floor 52 target 16 chunk 16 ph 1 fslive 0 under 0 wtop 0 fwd 0 harv 8
MAGTRACE 911 ti 12627 ammo 24 floor 52 target 16 chunk 16 ph 1 fslive 0 under 0 wtop 0 fwd 0 harv 8
MAGTRACE 912 ti 12637 ammo 24 floor 52 target 16 chunk 16 ph 1 fslive 0 under 0 wtop 0 fwd 0 harv 8
MAGTRACE 913 ti 12667 ammo 24 floor 52 target 16 chunk 16 ph 1 fslive 0 under 0 wtop 0 fwd 0 harv 8
MAGTRACE 914 ti 12687 ammo 24 floor 52 target 16 chunk 16 ph 1 fslive 0 under 0 wtop 0 fwd 0 harv 8
MAGTRACE 915 ti 12717 ammo 24 floor 52 target 16 chunk 16 ph 1 fslive 0 under 0 wtop 0 fwd 0 harv 8
MAGTRACE 916 ti 12727 ammo 24 floor 52 target 16 chunk 16 ph 1 fslive 0 under 0 wtop 0 fwd 0 harv 8
MAGTRACE 917 ti 12767 ammo 24 floor 52 target 16 chunk 16 ph 1 fslive 0 under 0 wtop 0 fwd 0 harv 8
MAGTRACE 918 ti 12797 ammo 24 floor 52 target 16 chunk 16 ph 1 fslive 0 under 0 wtop 0 fwd 0 harv 8
MAGTRACE 919 ti 12807 ammo 24 floor 52 target 16 chunk 16 ph 1 fslive 0 under 0 wtop 0 fwd 0 harv 8
MAGTRACE 920 ti 12817 ammo 24 floor 52 target 16 chunk 16 ph 1 fslive 0 under 0 wtop 0 fwd 0 harv 8
MAGTRACE 921 ti 12847 ammo 24 floor 52 target 16 chunk 16 ph 1 fslive 0 under 0 wtop 0 fwd 0 harv 8
MAGTRACE 922 ti 12867 ammo 24 floor 52 target 16 chunk 16 ph 1 fslive 0 under 0 wtop 0 fwd 0 harv 8
MAGTRACE 923 ti 12897 ammo 24 floor 52 target 16 chunk 16 ph 1 fslive 0 under 0 wtop 0 fwd 0 harv 8
MAGTRACE 924 ti 12907 ammo 24 floor 52 target 16 chunk 16 ph 1 fslive 0 under 0 wtop 0 fwd 0 harv 8
MAGTRACE 925 ti 12947 ammo 24 floor 52 target 16 chunk 16 ph 1 fslive 0 under 0 wtop 0 fwd 0 harv 8
MAGTRACE 926 ti 12977 ammo 24 floor 52 target 16 chunk 16 ph 1 fslive 0 under 0 wtop 0 fwd 0 harv 8
MAGTRACE 927 ti 12987 ammo 24 floor 52 target 16 chunk 16 ph 1 fslive 0 under 0 wtop 0 fwd 0 harv 8
MAGTRACE 928 ti 12997 ammo 24 floor 52 target 16 chunk 16 ph 1 fslive 0 under 0 wtop 0 fwd 0 harv 8
MAGTRACE 929 ti 13027 ammo 24 floor 52 target 16 chunk 16 ph 1 fslive 0 under 0 wtop 0 fwd 0 harv 8
MAGTRACE 930 ti 13047 ammo 24 floor 52 target 16 chunk 16 ph 1 fslive 0 under 0 wtop 0 fwd 0 harv 8
MAGTRACE 931 ti 13077 ammo 24 floor 52 target 16 chunk 16 ph 1 fslive 0 under 0 wtop 0 fwd 0 harv 8
MAGTRACE 932 ti 13087 ammo 24 floor 52 target 16 chunk 16 ph 1 fslive 0 under 0 wtop 0 fwd 0 harv 8
MAGTRACE 933 ti 13127 ammo 24 floor 52 target 16 chunk 16 ph 1 fslive 0 under 0 wtop 0 fwd 0 harv 8
MAGTRACE 934 ti 13157 ammo 24 floor 52 target 16 chunk 16 ph 1 fslive 0 under 0 wtop 0 fwd 0 harv 8
MAGTRACE 935 ti 13167 ammo 24 floor 52 target 16 chunk 16 ph 1 fslive 0 under 0 wtop 0 fwd 0 harv 8
MAGTRACE 936 ti 13177 ammo 24 floor 52 target 16 chunk 16 ph 1 fslive 0 under 0 wtop 0 fwd 0 harv 8
MAGTRACE 937 ti 13207 ammo 24 floor 52 target 16 chunk 16 ph 1 fslive 0 under 0 wtop 0 fwd 0 harv 8
MAGTRACE 938 ti 13227 ammo 24 floor 52 target 16 chunk 16 ph 1 fslive 0 under 0 wtop 0 fwd 0 harv 8
MAGTRACE 939 ti 13257 ammo 24 floor 52 target 16 chunk 16 ph 1 fslive 0 under 0 wtop 0 fwd 0 harv 8
MAGTRACE 940 ti 13267 ammo 24 floor 52 target 16 chunk 16 ph 1 fslive 0 under 0 wtop 0 fwd 0 harv 8
MAGTRACE 941 ti 13307 ammo 24 floor 52 target 16 chunk 16 ph 1 fslive 0 under 0 wtop 0 fwd 0 harv 8
MAGTRACE 942 ti 13337 ammo 24 floor 52 target 16 chunk 16 ph 1 fslive 0 under 0 wtop 0 fwd 0 harv 8
MAGTRACE 943 ti 13347 ammo 24 floor 52 target 16 chunk 16 ph 1 fslive 0 under 0 wtop 0 fwd 0 harv 8
MAGTRACE 944 ti 13357 ammo 24 floor 52 target 16 chunk 16 ph 1 fslive 0 under 0 wtop 0 fwd 0 harv 8
MAGTRACE 945 ti 13387 ammo 24 floor 52 target 16 chunk 16 ph 1 fslive 0 under 0 wtop 0 fwd 0 harv 8
MAGTRACE 946 ti 13407 ammo 24 floor 52 target 16 chunk 16 ph 1 fslive 0 under 0 wtop 0 fwd 0 harv 8
MAGTRACE 947 ti 13437 ammo 24 floor 52 target 16 chunk 16 ph 1 fslive 0 under 0 wtop 0 fwd 0 harv 8
MAGTRACE 948 ti 13447 ammo 24 floor 52 target 16 chunk 16 ph 1 fslive 0 under 0 wtop 0 fwd 0 harv 8
MAGTRACE 949 ti 13487 ammo 24 floor 52 target 16 chunk 16 ph 1 fslive 0 under 0 wtop 0 fwd 0 harv 8
MAGTRACE 950 ti 13517 ammo 24 floor 52 target 16 chunk 16 ph 1 fslive 0 under 0 wtop 0 fwd 0 harv 8
MAGTRACE 951 ti 13527 ammo 24 floor 52 target 16 chunk 16 ph 1 fslive 0 under 0 wtop 0 fwd 0 harv 8
MAGTRACE 952 ti 13537 ammo 24 floor 52 target 16 chunk 16 ph 1 fslive 0 under 0 wtop 0 fwd 0 harv 8
MAGTRACE 953 ti 13567 ammo 24 floor 52 target 16 chunk 16 ph 1 fslive 0 under 0 wtop 0 fwd 0 harv 8
MAGTRACE 954 ti 13587 ammo 24 floor 52 target 16 chunk 16 ph 1 fslive 0 under 0 wtop 0 fwd 0 harv 8
MAGTRACE 955 ti 13617 ammo 24 floor 52 target 16 chunk 16 ph 1 fslive 0 under 0 wtop 0 fwd 0 harv 8
MAGTRACE 956 ti 13627 ammo 24 floor 52 target 16 chunk 16 ph 1 fslive 0 under 0 wtop 0 fwd 0 harv 8
MAGTRACE 957 ti 13667 ammo 24 floor 52 target 16 chunk 16 ph 1 fslive 0 under 0 wtop 0 fwd 0 harv 8
MAGTRACE 958 ti 13697 ammo 24 floor 52 target 16 chunk 16 ph 1 fslive 0 under 0 wtop 0 fwd 0 harv 8
MAGTRACE 959 ti 13707 ammo 24 floor 52 target 16 chunk 16 ph 1 fslive 0 under 0 wtop 0 fwd 0 harv 8
