Update available: 2.3.6 -> 2.3.8. Run: pip install --upgrade fcode
RC MAP w 20 h 26 ours 9,18 theirs 9,6
RC ECO 0 harvstore 0 harvseen -1 ti 500 units 1 scale 100.0
RC ECO 1 harvstore 0 harvseen -1 ti 470 units 2 scale 120.0
RC SEAT 1 id 4 seat 0
RC POS 1 id 4 seat 0 role raid fs 1 body 1 pos 9,17 stuck 0
RC TEMPO 1 id 4 body 1 born 1 lp 0 must 0 why norid ride None ti 434 lcost 28 acd 0 mcd 0 pos 9,17 dsq 100
RC ECO 2 harvstore 0 harvseen -1 ti 434 units 3 scale 140.0
RC POS 2 id 4 seat 0 role raid fs 1 body 1 pos 9,17 stuck 1
RC TEMPO 2 id 4 body 1 born 1 lp 0 must 0 why norid ride None ti 392 lcost 32 acd 0 mcd 0 pos 9,17 dsq 100
RC SEAT 2 id 6 seat 1
APPT520 CLAIM 2 id 6
RC POS 2 id 6 seat 1 role raid fs 1 body 2 pos 8,17 stuck 0
RC TEMPO 2 id 6 body 2 born 2 lp 0 must 0 why norid ride None ti 392 lcost 32 acd 0 mcd 0 pos 8,17 dsq 101
RC ECO 3 harvstore 0 harvseen -1 ti 392 units 4 scale 160.0
RC POS 3 id 4 seat 0 role raid fs 1 body 1 pos 9,17 stuck 2
RC TEMPO 3 id 4 body 1 born 1 lp 0 must 1 why near1 ride None ti 344 lcost 36 acd 0 mcd 0 pos 9,17 dsq 100
RC HOP 3 lid 11 body 1 at 9,16 dsq 81
RC POS 3 id 6 seat 1 role raid fs 1 body 2 pos 8,17 stuck 1
RC TEMPO 3 id 6 body 2 born 2 lp 1 must 1 why near0 ride None ti 308 lcost 38 acd 0 mcd 0 pos 8,17 dsq 101
RC SEAT 3 id 8 seat 2
RC POS 3 id 8 seat 2 role expand fs 0 body 1 pos 10,17 stuck 0
RC ECO 4 harvstore 0 harvseen -1 ti 318 units 6 scale 190.0
RC POS 4 id 4 seat 0 role raid fs 1 body 1 pos 9,17 stuck 3
RC TEMPO 4 id 4 body 1 born 1 lp 1 must 1 why waitexp ride None ti 318 lcost 38 acd 0 mcd 0 pos 9,17 dsq 100
RC POS 4 id 6 seat 1 role raid fs 1 body 2 pos 8,16 stuck 0
RC TEMPO 4 id 6 body 2 born 2 lp 1 must 1 why near0 ride 3 ti 318 lcost 38 acd 0 mcd 0 pos 8,16 dsq 82
RC POS 4 id 8 seat 2 role expand fs 0 body 1 pos 10,16 stuck 0
RC SEAT 4 id 10 seat 3
RC POS 4 id 10 seat 3 role expand fs 0 body 1 pos 11,17 stuck 0
RC THROW 4 lid 11 body 4 n 1
RC ECO 5 harvstore 0 harvseen -1 ti 318 units 6 scale 190.0
RC POS 5 id 4 seat 0 role raid fs 1 body 1 pos 10,11 stuck 0
RC TEMPO 5 id 4 body 1 born 1 lp 0 must 1 why waitexp ride 4 ti 318 lcost 38 acd 0 mcd 0 pos 10,11 dsq 16
RC HOP 5 lid 13 body 1 at 11,11 dsq 17
RC POS 5 id 6 seat 1 role raid fs 1 body 2 pos 8,16 stuck 1
RC TEMPO 5 id 6 body 2 born 2 lp 1 must 1 why waitexp ride 4 ti 280 lcost 40 acd 0 mcd 0 pos 8,16 dsq 82
RC POS 5 id 8 seat 2 role expand fs 0 body 1 pos 11,16 stuck 0
RC POS 5 id 10 seat 3 role expand fs 0 body 1 pos 12,17 stuck 0
RC THROW 5 lid 11 body 6 n 2
RC ECO 6 harvstore 0 harvseen -1 ti 280 units 6 scale 190.0
RC POS 6 id 4 seat 0 role raid fs 1 body 1 pos 10,11 stuck 1
RC TEMPO 6 id 4 body 1 born 1 lp 1 must 1 why waitexp ride 4 ti 280 lcost 38 acd 0 mcd 0 pos 10,11 dsq 16
RC POS 6 id 6 seat 1 role raid fs 1 body 2 pos 9,11 stuck 0
RC TEMPO 6 id 6 body 2 born 2 lp 0 must 1 why waitexp ride 5 ti 280 lcost 38 acd 0 mcd 0 pos 9,11 dsq 16
RC POS 6 id 8 seat 2 role expand fs 0 body 1 pos 12,16 stuck 0
RC POS 6 id 10 seat 3 role expand fs 0 body 1 pos 11,17 stuck 0
RC SPLIT 6 lid 13 body 4 arc 2 n 1
SPLIT520 6 lch (11, 11) body 4 arc 2 to (11, 6) dsq 1 walk 5 n 1
RC ECO 7 harvstore 0 harvseen -1 ti 280 units 6 scale 190.0
RC POS 7 id 4 seat 0 role raid fs 1 body 1 pos 11,6 stuck 0
RC ARRIVE 7 id 4 body 1 dsq 1
ARC520 CLAIM 7 id 4 body 1 arc 2 at (11, 6)
RC POS 7 id 6 seat 1 role raid fs 1 body 2 pos 9,12 stuck 0
RC TEMPO 7 id 6 body 2 born 2 lp 0 must 1 why waitexp ride 5 ti 275 lcost 38 acd 0 mcd 0 pos 9,12 dsq 25
RC POS 7 id 8 seat 2 role expand fs 0 body 1 pos 12,17 stuck 0
RC POS 7 id 10 seat 3 role expand fs 0 body 1 pos 11,16 stuck 0
RC SPLIT 7 lid 13 body 6 arc 1 n 2
SPLIT520 7 lch (11, 11) body 6 arc 1 to (8, 7) dsq 1 walk 0 n 2
RC ECO 8 harvstore 0 harvseen -1 ti 285 units 5 scale 181.0
RC POS 8 id 4 seat 0 role raid fs 1 body 1 pos 11,6 stuck 1
RC POS 8 id 6 seat 1 role raid fs 1 body 2 pos 8,7 stuck 0
RC ARRIVE 8 id 6 body 2 dsq 1
ARC520 CLAIM 8 id 6 body 2 arc 1 at (8, 7)
RC POS 8 id 8 seat 2 role expand fs 0 body 1 pos 13,17 stuck 0
RC POS 8 id 10 seat 3 role expand fs 0 body 1 pos 10,16 stuck 0
RC ECO 9 harvstore 0 harvseen -1 ti 225 units 6 scale 202.0
RC POS 9 id 4 seat 0 role raid fs 1 body 1 pos 11,5 stuck 0
RC POS 9 id 6 seat 1 role raid fs 1 body 2 pos 8,7 stuck 1
RC POS 9 id 8 seat 2 role expand fs 0 body 1 pos 13,18 stuck 0
RC POS 9 id 10 seat 3 role expand fs 0 body 1 pos 10,15 stuck 0
RC SEAT 9 id 16 seat 4
RC POS 9 id 16 seat 4 role defend fs 0 body 1 pos 8,17 stuck 0
RC ECO 10 harvstore 1 harvseen -1 ti 70 units 7 scale 233.0
RC POS 10 id 4 seat 0 role raid fs 1 body 1 pos 11,5 stuck 1
RC POS 10 id 6 seat 1 role raid fs 1 body 2 pos 8,8 stuck 0
RC POS 10 id 8 seat 2 role expand fs 0 body 1 pos 13,18 stuck 1
RC POS 10 id 10 seat 3 role expand fs 0 body 1 pos 10,15 stuck 1
RC POS 10 id 16 seat 4 role defend fs 0 body 1 pos 8,16 stuck 0
RC SEAT 10 id 20 seat 5
RC POS 10 id 20 seat 5 role raid fs 0 body 1 pos 11,18 stuck 0
RC ECO 11 harvstore 2 harvseen -1 ti 43 units 7 scale 237.0
RC POS 11 id 4 seat 0 role raid fs 1 body 1 pos 11,5 stuck 2
RC POS 11 id 6 seat 1 role raid fs 1 body 2 pos 8,8 stuck 1
RC POS 11 id 8 seat 2 role expand fs 0 body 1 pos 13,18 stuck 2
RC POS 11 id 10 seat 3 role expand fs 0 body 1 pos 10,15 stuck 2
RC POS 11 id 16 seat 4 role defend fs 0 body 1 pos 7,16 stuck 0
RC POS 11 id 20 seat 5 role raid fs 0 body 1 pos 11,17 stuck 0
RC ECO 12 harvstore 2 harvseen -1 ti 30 units 7 scale 238.0
RC POS 12 id 4 seat 0 role raid fs 1 body 1 pos 11,4 stuck 0
RC POS 12 id 6 seat 1 role raid fs 1 body 2 pos 8,8 stuck 2
RC POS 12 id 8 seat 2 role expand fs 0 body 1 pos 12,18 stuck 0
RC POS 12 id 10 seat 3 role expand fs 0 body 1 pos 10,16 stuck 0
RC POS 12 id 16 seat 4 role defend fs 0 body 1 pos 7,15 stuck 0
RC POS 12 id 20 seat 5 role raid fs 0 body 1 pos 11,16 stuck 0
RC ECO 13 harvstore 2 harvseen -1 ti 8 units 7 scale 239.0
RC POS 13 id 4 seat 0 role raid fs 1 body 1 pos 10,4 stuck 0
RC POS 13 id 6 seat 1 role raid fs 1 body 2 pos 7,8 stuck 0
RC POS 13 id 8 seat 2 role expand fs 0 body 1 pos 12,18 stuck 1
RC POS 13 id 10 seat 3 role expand fs 0 body 1 pos 10,16 stuck 1
RC POS 13 id 16 seat 4 role defend fs 0 body 1 pos 7,16 stuck 0
RC POS 13 id 20 seat 5 role raid fs 0 body 1 pos 11,15 stuck 0
RC ECO 14 harvstore 2 harvseen -1 ti 1 units 7 scale 240.0
RC POS 14 id 4 seat 0 role raid fs 1 body 1 pos 11,4 stuck 0
RC POS 14 id 6 seat 1 role raid fs 1 body 2 pos 7,7 stuck 0
RC POS 14 id 8 seat 2 role expand fs 0 body 1 pos 12,18 stuck 2
RC POS 14 id 16 seat 4 role defend fs 0 body 1 pos 8,16 stuck 0
RC POS 14 id 20 seat 5 role raid fs 0 body 1 pos 11,14 stuck 0
RC ECO 15 harvstore 2 harvseen -1 ti 0 units 7 scale 240.0
RC POS 15 id 4 seat 0 role raid fs 1 body 1 pos 11,5 stuck 0
RC POS 15 id 6 seat 1 role raid fs 1 body 2 pos 7,6 stuck 0
RC POS 15 id 8 seat 2 role expand fs 0 body 1 pos 11,18 stuck 0
RC POS 15 id 10 seat 3 role expand fs 0 body 1 pos 10,17 stuck 1
RC POS 15 id 16 seat 4 role defend fs 0 body 1 pos 9,16 stuck 0
RC POS 15 id 20 seat 5 role raid fs 0 body 1 pos 12,14 stuck 0
RC ECO 16 harvstore 2 harvseen -1 ti 20 units 7 scale 240.0
RC POS 16 id 4 seat 0 role raid fs 1 body 1 pos 11,5 stuck 1
RC POS 16 id 6 seat 1 role raid fs 1 body 2 pos 7,5 stuck 0
RC POS 16 id 20 seat 5 role raid fs 0 body 1 pos 12,13 stuck 0
RC ECO 17 harvstore 2 harvseen -1 ti 3 units 7 scale 242.0
RC POS 17 id 4 seat 0 role raid fs 1 body 1 pos 11,5 stuck 2
RC POS 17 id 6 seat 1 role raid fs 1 body 2 pos 7,5 stuck 1
RC POS 17 id 20 seat 5 role raid fs 0 body 1 pos 12,12 stuck 0
RC ECO 18 harvstore 2 harvseen -1 ti 0 units 7 scale 242.0
RC POS 18 id 4 seat 0 role raid fs 1 body 1 pos 11,4 stuck 0
RC POS 18 id 6 seat 1 role raid fs 1 body 2 pos 7,4 stuck 0
RC POS 18 id 8 seat 2 role expand fs 0 body 1 pos 11,18 stuck 3
RC POS 18 id 10 seat 3 role expand fs 0 body 1 pos 10,17 stuck 4
RC POS 18 id 16 seat 4 role defend fs 0 body 1 pos 9,17 stuck 2
RC POS 18 id 20 seat 5 role raid fs 0 body 1 pos 12,11 stuck 0
RC ECO 19 harvstore 2 harvseen -1 ti 0 units 7 scale 241.0
RC POS 19 id 4 seat 0 role raid fs 1 body 1 pos 10,4 stuck 0
RC POS 19 id 6 seat 1 role raid fs 1 body 2 pos 8,4 stuck 0
RC POS 19 id 8 seat 2 role expand fs 0 body 1 pos 11,18 stuck 4
RC POS 19 id 10 seat 3 role expand fs 0 body 1 pos 10,17 stuck 5
RC POS 19 id 16 seat 4 role defend fs 0 body 1 pos 9,17 stuck 3
RC POS 19 id 20 seat 5 role raid fs 0 body 1 pos 11,11 stuck 0
RC ECO 20 harvstore 2 harvseen -1 ti 20 units 7 scale 241.0
RC POS 20 id 4 seat 0 role raid fs 1 body 1 pos 9,4 stuck 0
RC POS 20 id 6 seat 1 role raid fs 1 body 2 pos 8,3 stuck 0
RC POS 20 id 20 seat 5 role raid fs 0 body 1 pos 11,10 stuck 0
RC ECO 21 harvstore 2 harvseen -1 ti 17 units 7 scale 240.0
RC POS 21 id 4 seat 0 role raid fs 1 body 1 pos 10,4 stuck 0
RC POS 21 id 6 seat 1 role raid fs 1 body 2 pos 9,3 stuck 0
RC POS 21 id 20 seat 5 role raid fs 0 body 1 pos 10,10 stuck 0
RC ECO 22 harvstore 2 harvseen -1 ti 14 units 7 scale 240.0
RC POS 22 id 4 seat 0 role raid fs 1 body 1 pos 11,4 stuck 0
RC POS 22 id 6 seat 1 role raid fs 1 body 2 pos 10,3 stuck 0
RC POS 22 id 20 seat 5 role raid fs 0 body 1 pos 9,10 stuck 0
RC ECO 23 harvstore 2 harvseen -1 ti 11 units 7 scale 240.0
RC POS 23 id 4 seat 0 role raid fs 1 body 1 pos 11,5 stuck 0
RC POS 23 id 6 seat 1 role raid fs 1 body 2 pos 9,3 stuck 0
RC POS 23 id 20 seat 5 role raid fs 0 body 1 pos 9,9 stuck 0
RC ECO 24 harvstore 2 harvseen -1 ti 21 units 7 scale 241.0
RC POS 24 id 4 seat 0 role raid fs 1 body 1 pos 11,5 stuck 1
RC POS 24 id 6 seat 1 role raid fs 1 body 2 pos 10,3 stuck 0
RC POS 24 id 20 seat 5 role raid fs 0 body 1 pos 8,9 stuck 0
RC ECO 25 harvstore 2 harvseen -1 ti 18 units 7 scale 241.0
RC POS 25 id 4 seat 0 role raid fs 1 body 1 pos 11,4 stuck 0
RC POS 25 id 6 seat 1 role raid fs 1 body 2 pos 9,3 stuck 0
RC POS 25 id 20 seat 5 role raid fs 0 body 1 pos 8,8 stuck 0
RC ECO 26 harvstore 2 harvseen -1 ti 8 units 7 scale 242.0
RC POS 26 id 4 seat 0 role raid fs 1 body 1 pos 11,3 stuck 0
RC POS 26 id 6 seat 1 role raid fs 1 body 2 pos 9,4 stuck 0
RC POS 26 id 16 seat 4 role defend fs 0 body 1 pos 9,17 stuck 10
RC POS 26 id 20 seat 5 role raid fs 0 body 1 pos 8,8 stuck 1
RC ECO 27 harvstore 2 harvseen -1 ti 6 units 7 scale 242.0
RC POS 27 id 4 seat 0 role raid fs 1 body 1 pos 11,4 stuck 0
RC POS 27 id 6 seat 1 role raid fs 1 body 2 pos 9,3 stuck 0
RC POS 27 id 8 seat 2 role expand fs 0 body 1 pos 11,18 stuck 12
RC POS 27 id 10 seat 3 role expand fs 0 body 1 pos 10,17 stuck 13
RC POS 27 id 16 seat 4 role defend fs 0 body 1 pos 9,16 stuck 0
RC POS 27 id 20 seat 5 role raid fs 0 body 1 pos 8,8 stuck 1
RC ECO 28 harvstore 2 harvseen -1 ti 26 units 7 scale 242.0
RC POS 28 id 4 seat 0 role raid fs 1 body 1 pos 11,5 stuck 0
RC POS 28 id 6 seat 1 role raid fs 1 body 2 pos 10,3 stuck 0
RC POS 28 id 8 seat 2 role expand fs 0 body 1 pos 12,18 stuck 0
RC POS 28 id 10 seat 3 role expand fs 0 body 1 pos 10,17 stuck 1
RC POS 28 id 16 seat 4 role defend fs 0 body 1 pos 10,16 stuck 0
RC POS 28 id 20 seat 5 role raid fs 0 body 1 pos 8,8 stuck 1
RC ECO 29 harvstore 2 harvseen -1 ti 19 units 7 scale 242.0
RC POS 29 id 4 seat 0 role raid fs 1 body 1 pos 11,4 stuck 0
RC POS 29 id 6 seat 1 role raid fs 1 body 2 pos 9,3 stuck 0
RC POS 29 id 8 seat 2 role expand fs 0 body 1 pos 12,18 stuck 1
RC POS 29 id 16 seat 4 role defend fs 0 body 1 pos 11,16 stuck 0
RC POS 29 id 20 seat 5 role raid fs 0 body 1 pos 8,8 stuck 1
RC ECO 30 harvstore 2 harvseen -1 ti 18 units 7 scale 242.0
RC POS 30 id 4 seat 0 role raid fs 1 body 1 pos 10,4 stuck 0
RC POS 30 id 6 seat 1 role raid fs 1 body 2 pos 9,4 stuck 0
RC POS 30 id 16 seat 4 role defend fs 0 body 1 pos 12,16 stuck 0
RC POS 30 id 20 seat 5 role raid fs 0 body 1 pos 8,8 stuck 1
RC ECO 31 harvstore 2 harvseen -1 ti 16 units 7 scale 242.0
RC POS 31 id 4 seat 0 role raid fs 1 body 1 pos 11,4 stuck 0
RC POS 31 id 6 seat 1 role raid fs 1 body 2 pos 10,4 stuck 0
RC POS 31 id 16 seat 4 role defend fs 0 body 1 pos 12,17 stuck 0
RC POS 31 id 20 seat 5 role raid fs 0 body 1 pos 8,9 stuck 0
RC ECO 32 harvstore 2 harvseen -1 ti 34 units 7 scale 242.0
RC POS 32 id 4 seat 0 role raid fs 1 body 1 pos 11,3 stuck 0
RC POS 32 id 6 seat 1 role raid fs 1 body 2 pos 9,4 stuck 0
RC POS 32 id 8 seat 2 role expand fs 0 body 1 pos 11,18 stuck 2
RC POS 32 id 10 seat 3 role expand fs 0 body 1 pos 9,17 stuck 3
RC POS 32 id 16 seat 4 role defend fs 0 body 1 pos 12,17 stuck 1
RC POS 32 id 20 seat 5 role raid fs 0 body 1 pos 9,9 stuck 0
RC ECO 33 harvstore 2 harvseen -1 ti 32 units 7 scale 241.0
RC POS 33 id 4 seat 0 role raid fs 1 body 1 pos 11,4 stuck 0
RC POS 33 id 6 seat 1 role raid fs 1 body 2 pos 9,4 stuck 1
RC POS 33 id 10 seat 3 role expand fs 0 body 1 pos 9,16 stuck 0
RC POS 33 id 16 seat 4 role defend fs 0 body 1 pos 12,17 stuck 2
RC POS 33 id 20 seat 5 role raid fs 0 body 1 pos 10,9 stuck 0
RC ECO 34 harvstore 2 harvseen -1 ti 29 units 7 scale 241.0
RC POS 34 id 4 seat 0 role raid fs 1 body 1 pos 11,5 stuck 0
RC POS 34 id 6 seat 1 role raid fs 1 body 2 pos 9,4 stuck 2
RC POS 34 id 16 seat 4 role defend fs 0 body 1 pos 11,17 stuck 0
RC POS 34 id 20 seat 5 role raid fs 0 body 1 pos 10,8 stuck 0
RC ECO 35 harvstore 2 harvseen -1 ti 18 units 7 scale 242.0
RC POS 35 id 4 seat 0 role raid fs 1 body 1 pos 11,5 stuck 1
RC POS 35 id 6 seat 1 role raid fs 1 body 2 pos 10,4 stuck 0
RC POS 35 id 16 seat 4 role defend fs 0 body 1 pos 11,16 stuck 0
RC POS 35 id 20 seat 5 role raid fs 0 body 1 pos 10,8 stuck 1
RC ECO 36 harvstore 2 harvseen -1 ti 34 units 7 scale 242.0
RC POS 36 id 4 seat 0 role raid fs 1 body 1 pos 11,4 stuck 0
RC POS 36 id 6 seat 1 role raid fs 1 body 2 pos 9,4 stuck 0
RC POS 36 id 8 seat 2 role expand fs 0 body 1 pos 11,19 stuck 3
RC POS 36 id 10 seat 3 role expand fs 0 body 1 pos 9,17 stuck 2
RC POS 36 id 16 seat 4 role defend fs 0 body 1 pos 11,15 stuck 0
RC POS 36 id 20 seat 5 role raid fs 0 body 1 pos 10,8 stuck 1
RC ECO 37 harvstore 2 harvseen -1 ti 30 units 7 scale 242.0
RC POS 37 id 4 seat 0 role raid fs 1 body 1 pos 11,5 stuck 0
RC POS 37 id 6 seat 1 role raid fs 1 body 2 pos 9,4 stuck 1
RC POS 37 id 8 seat 2 role expand fs 0 body 1 pos 11,20 stuck 0
RC POS 37 id 10 seat 3 role expand fs 0 body 1 pos 9,16 stuck 0
RC POS 37 id 16 seat 4 role defend fs 0 body 1 pos 11,14 stuck 0
RC POS 37 id 20 seat 5 role raid fs 0 body 1 pos 10,8 stuck 1
RC ECO 38 harvstore 2 harvseen -1 ti 26 units 7 scale 242.0
RC POS 38 id 4 seat 0 role raid fs 1 body 1 pos 12,5 stuck 0
RC POS 38 id 6 seat 1 role raid fs 1 body 2 pos 9,4 stuck 2
RC POS 38 id 16 seat 4 role defend fs 0 body 1 pos 11,15 stuck 0
RC POS 38 id 20 seat 5 role raid fs 0 body 1 pos 10,8 stuck 1
RC ECO 39 harvstore 2 harvseen -1 ti 20 units 7 scale 241.0
RC POS 39 id 4 seat 0 role raid fs 1 body 1 pos 12,6 stuck 0
RC POS 39 id 6 seat 1 role raid fs 1 body 2 pos 9,4 stuck 3
RC POS 39 id 16 seat 4 role defend fs 0 body 1 pos 11,16 stuck 0
RC POS 39 id 20 seat 5 role raid fs 0 body 1 pos 10,8 stuck 1
RC ECO 40 harvstore 2 harvseen -1 ti 29 units 7 scale 242.0
RC POS 40 id 4 seat 0 role raid fs 1 body 1 pos 12,6 stuck 1
RC POS 40 id 6 seat 1 role raid fs 1 body 2 pos 10,4 stuck 0
RC POS 40 id 10 seat 3 role expand fs 0 body 1 pos 9,17 stuck 2
RC POS 40 id 16 seat 4 role defend fs 0 body 1 pos 11,17 stuck 0
RC POS 40 id 20 seat 5 role raid fs 0 body 1 pos 10,8 stuck 1
RC ECO 41 harvstore 2 harvseen -1 ti 26 units 7 scale 242.0
RC POS 41 id 4 seat 0 role raid fs 1 body 1 pos 12,7 stuck 0
RC POS 41 id 6 seat 1 role raid fs 1 body 2 pos 9,4 stuck 0
RC POS 41 id 10 seat 3 role expand fs 0 body 1 pos 8,17 stuck 0
RC POS 41 id 20 seat 5 role raid fs 0 body 1 pos 10,8 stuck 1
RC ECO 42 harvstore 2 harvseen -1 ti 20 units 7 scale 242.0
RC POS 42 id 4 seat 0 role raid fs 1 body 1 pos 12,8 stuck 0
RC POS 42 id 6 seat 1 role raid fs 1 body 2 pos 9,4 stuck 1
RC POS 42 id 20 seat 5 role raid fs 0 body 1 pos 10,8 stuck 1
RC ECO 43 harvstore 2 harvseen -1 ti 15 units 7 scale 241.0
RC POS 43 id 4 seat 0 role raid fs 1 body 1 pos 11,8 stuck 0
RC POS 43 id 6 seat 1 role raid fs 1 body 2 pos 9,4 stuck 2
RC POS 43 id 8 seat 2 role expand fs 0 body 1 pos 11,19 stuck 5
RC POS 43 id 10 seat 3 role expand fs 0 body 1 pos 9,17 stuck 1
RC POS 43 id 16 seat 4 role defend fs 0 body 1 pos 11,18 stuck 2
RC POS 43 id 20 seat 5 role raid fs 0 body 1 pos 10,8 stuck 1
RC ECO 44 harvstore 2 harvseen -1 ti 33 units 7 scale 241.0
RC POS 44 id 4 seat 0 role raid fs 1 body 1 pos 11,8 stuck 1
RC POS 44 id 6 seat 1 role raid fs 1 body 2 pos 9,4 stuck 3
RC POS 44 id 8 seat 2 role expand fs 0 body 1 pos 12,19 stuck 0
RC POS 44 id 10 seat 3 role expand fs 0 body 1 pos 9,16 stuck 0
RC POS 44 id 16 seat 4 role defend fs 0 body 1 pos 11,19 stuck 0
RC POS 44 id 20 seat 5 role raid fs 0 body 1 pos 10,8 stuck 1
RC ECO 45 harvstore 2 harvseen -1 ti 28 units 7 scale 241.0
RC POS 45 id 4 seat 0 role raid fs 1 body 1 pos 11,8 stuck 2
RC POS 45 id 6 seat 1 role raid fs 1 body 2 pos 9,4 stuck 4
RC POS 45 id 8 seat 2 role expand fs 0 body 1 pos 12,18 stuck 0
RC POS 45 id 10 seat 3 role expand fs 0 body 1 pos 9,15 stuck 0
RC POS 45 id 16 seat 4 role defend fs 0 body 1 pos 11,19 stuck 1
RC POS 45 id 20 seat 5 role raid fs 0 body 1 pos 10,8 stuck 2
RC ECO 46 harvstore 2 harvseen -1 ti 27 units 7 scale 241.0
RC POS 46 id 4 seat 0 role raid fs 1 body 1 pos 11,8 stuck 3
RC POS 46 id 6 seat 1 role raid fs 1 body 2 pos 9,4 stuck 5
RC POS 46 id 10 seat 3 role expand fs 0 body 1 pos 10,15 stuck 0
RC POS 46 id 20 seat 5 role raid fs 0 body 1 pos 10,8 stuck 3
RC ECO 47 harvstore 2 harvseen -1 ti 24 units 7 scale 241.0
RC POS 47 id 4 seat 0 role raid fs 1 body 1 pos 11,8 stuck 4
RC POS 47 id 6 seat 1 role raid fs 1 body 2 pos 9,4 stuck 6
RC POS 47 id 10 seat 3 role expand fs 0 body 1 pos 10,16 stuck 0
RC POS 47 id 20 seat 5 role raid fs 0 body 1 pos 10,8 stuck 4
RC ECO 48 harvstore 2 harvseen -1 ti 41 units 7 scale 241.0
RC POS 48 id 4 seat 0 role raid fs 1 body 1 pos 11,8 stuck 5
RC POS 48 id 6 seat 1 role raid fs 1 body 2 pos 9,4 stuck 7
RC POS 48 id 10 seat 3 role expand fs 0 body 1 pos 9,16 stuck 0
RC POS 48 id 16 seat 4 role defend fs 0 body 1 pos 11,19 stuck 4
RC POS 48 id 20 seat 5 role raid fs 0 body 1 pos 10,8 stuck 5
RC ECO 49 harvstore 2 harvseen -1 ti 35 units 7 scale 241.0
RC POS 49 id 4 seat 0 role raid fs 1 body 1 pos 11,8 stuck 6
RC POS 49 id 6 seat 1 role raid fs 1 body 2 pos 9,4 stuck 8
RC POS 49 id 8 seat 2 role expand fs 0 body 1 pos 11,18 stuck 3
RC POS 49 id 10 seat 3 role expand fs 0 body 1 pos 8,16 stuck 0
RC POS 49 id 16 seat 4 role defend fs 0 body 1 pos 11,19 stuck 5
RC POS 49 id 20 seat 5 role raid fs 0 body 1 pos 10,8 stuck 6
RC ECO 50 harvstore 2 harvseen -1 ti 30 units 7 scale 241.0
RC POS 50 id 4 seat 0 role raid fs 1 body 1 pos 11,8 stuck 7
RC POS 50 id 6 seat 1 role raid fs 1 body 2 pos 9,4 stuck 9
RC POS 50 id 8 seat 2 role expand fs 0 body 1 pos 11,17 stuck 0
RC POS 50 id 10 seat 3 role expand fs 0 body 1 pos 7,16 stuck 0
RC POS 50 id 20 seat 5 role raid fs 0 body 1 pos 10,8 stuck 7
RC ECO 51 harvstore 2 harvseen -1 ti 28 units 7 scale 241.0
RC POS 51 id 4 seat 0 role raid fs 1 body 1 pos 11,8 stuck 8
RC POS 51 id 6 seat 1 role raid fs 1 body 2 pos 9,4 stuck 10
RC POS 51 id 10 seat 3 role expand fs 0 body 1 pos 8,16 stuck 0
RC POS 51 id 20 seat 5 role raid fs 0 body 1 pos 10,8 stuck 8
RC ECO 52 harvstore 2 harvseen -1 ti 45 units 7 scale 241.0
RC POS 52 id 4 seat 0 role raid fs 1 body 1 pos 11,8 stuck 9
RC POS 52 id 6 seat 1 role raid fs 1 body 2 pos 9,4 stuck 11
RC POS 52 id 10 seat 3 role expand fs 0 body 1 pos 9,16 stuck 0
RC POS 52 id 20 seat 5 role raid fs 0 body 1 pos 10,8 stuck 9
RC ECO 53 harvstore 2 harvseen -1 ti 38 units 7 scale 241.0
RC POS 53 id 4 seat 0 role raid fs 1 body 1 pos 11,8 stuck 10
RC POS 53 id 6 seat 1 role raid fs 1 body 2 pos 9,4 stuck 12
RC POS 53 id 8 seat 2 role expand fs 0 body 1 pos 11,18 stuck 2
RC POS 53 id 10 seat 3 role expand fs 0 body 1 pos 9,17 stuck 0
RC POS 53 id 16 seat 4 role defend fs 0 body 1 pos 11,19 stuck 9
RC POS 53 id 20 seat 5 role raid fs 0 body 1 pos 10,8 stuck 10
RC ECO 54 harvstore 2 harvseen -1 ti 28 units 7 scale 242.0
RC POS 54 id 4 seat 0 role raid fs 1 body 1 pos 11,8 stuck 11
RC POS 54 id 6 seat 1 role raid fs 1 body 2 pos 9,4 stuck 13
RC POS 54 id 8 seat 2 role expand fs 0 body 1 pos 11,17 stuck 0
RC POS 54 id 10 seat 3 role expand fs 0 body 1 pos 9,16 stuck 0
RC POS 54 id 20 seat 5 role raid fs 0 body 1 pos 10,8 stuck 11
RC ECO 55 harvstore 2 harvseen -1 ti 24 units 7 scale 242.0
RC POS 55 id 4 seat 0 role raid fs 1 body 1 pos 11,8 stuck 12
RC POS 55 id 6 seat 1 role raid fs 1 body 2 pos 10,4 stuck 0
RC POS 55 id 20 seat 5 role raid fs 0 body 1 pos 10,8 stuck 12
RC ECO 56 harvstore 2 harvseen -1 ti 38 units 7 scale 242.0
RC POS 56 id 4 seat 0 role raid fs 1 body 1 pos 11,8 stuck 13
RC POS 56 id 6 seat 1 role raid fs 1 body 2 pos 11,4 stuck 0
RC POS 56 id 10 seat 3 role expand fs 0 body 1 pos 9,17 stuck 1
RC POS 56 id 16 seat 4 role defend fs 0 body 1 pos 11,19 stuck 12
RC POS 56 id 20 seat 5 role raid fs 0 body 1 pos 10,8 stuck 13
RC ECO 57 harvstore 2 harvseen -1 ti 34 units 7 scale 242.0
RC POS 57 id 4 seat 0 role raid fs 1 body 1 pos 11,8 stuck 14
RC POS 57 id 6 seat 1 role raid fs 1 body 2 pos 11,5 stuck 0
RC POS 57 id 8 seat 2 role expand fs 0 body 1 pos 11,18 stuck 2
RC POS 57 id 10 seat 3 role expand fs 0 body 1 pos 8,17 stuck 0
RC POS 57 id 16 seat 4 role defend fs 0 body 1 pos 11,19 stuck 13
RC POS 57 id 20 seat 5 role raid fs 0 body 1 pos 10,8 stuck 14
RC ECO 58 harvstore 2 harvseen -1 ti 24 units 7 scale 243.0
RC POS 58 id 4 seat 0 role raid fs 1 body 1 pos 11,8 stuck 15
RC POS 58 id 6 seat 1 role raid fs 1 body 2 pos 11,5 stuck 1
RC POS 58 id 8 seat 2 role expand fs 0 body 1 pos 11,17 stuck 0
RC POS 58 id 10 seat 3 role expand fs 0 body 1 pos 7,17 stuck 0
RC POS 58 id 16 seat 4 role defend fs 0 body 1 pos 11,19 stuck 14
RC POS 58 id 20 seat 5 role raid fs 0 body 1 pos 10,8 stuck 15
RC ECO 59 harvstore 2 harvseen -1 ti 23 units 7 scale 243.0
RC POS 59 id 4 seat 0 role raid fs 1 body 1 pos 11,9 stuck 0
RC POS 59 id 6 seat 1 role raid fs 1 body 2 pos 12,5 stuck 0
RC POS 59 id 8 seat 2 role expand fs 0 body 1 pos 11,16 stuck 0
RC POS 59 id 10 seat 3 role expand fs 0 body 1 pos 6,17 stuck 0
RC POS 59 id 16 seat 4 role defend fs 0 body 1 pos 11,19 stuck 15
RC POS 59 id 20 seat 5 role raid fs 0 body 1 pos 10,8 stuck 16
RC ECO 60 harvstore 2 harvseen -1 ti 35 units 7 scale 244.0
RC POS 60 id 4 seat 0 role raid fs 1 body 1 pos 11,9 stuck 1
RC POS 60 id 6 seat 1 role raid fs 1 body 2 pos 12,6 stuck 0
RC POS 60 id 8 seat 2 role expand fs 0 body 1 pos 11,15 stuck 0
RC POS 60 id 10 seat 3 role expand fs 0 body 1 pos 5,17 stuck 0
RC POS 60 id 16 seat 4 role defend fs 0 body 1 pos 11,19 stuck 16
RC POS 60 id 20 seat 5 role raid fs 0 body 1 pos 10,8 stuck 17
RC POS 61 id 4 seat 0 role raid fs 1 body 1 pos 10,9 stuck 0
RC POS 61 id 6 seat 1 role raid fs 1 body 2 pos 12,6 stuck 1
RC POS 61 id 8 seat 2 role expand fs 0 body 1 pos 11,14 stuck 0
RC POS 61 id 10 seat 3 role expand fs 0 body 1 pos 5,16 stuck 0
RC POS 61 id 16 seat 4 role defend fs 0 body 1 pos 11,19 stuck 17
RC POS 61 id 20 seat 5 role raid fs 0 body 1 pos 10,8 stuck 18
RC POS 62 id 4 seat 0 role raid fs 1 body 1 pos 10,9 stuck 1
RC POS 62 id 6 seat 1 role raid fs 1 body 2 pos 12,7 stuck 0
RC POS 62 id 8 seat 2 role expand fs 0 body 1 pos 11,13 stuck 0
RC POS 62 id 10 seat 3 role expand fs 0 body 1 pos 4,16 stuck 0
RC POS 62 id 16 seat 4 role defend fs 0 body 1 pos 12,19 stuck 0
RC POS 62 id 20 seat 5 role raid fs 0 body 1 pos 10,8 stuck 19
RC POS 63 id 4 seat 0 role raid fs 1 body 1 pos 9,9 stuck 0
RC POS 63 id 6 seat 1 role raid fs 1 body 2 pos 12,8 stuck 0
RC POS 63 id 8 seat 2 role expand fs 0 body 1 pos 11,12 stuck 0
RC POS 63 id 10 seat 3 role expand fs 0 body 1 pos 4,15 stuck 0
RC POS 63 id 16 seat 4 role defend fs 0 body 1 pos 12,20 stuck 0
RC POS 63 id 20 seat 5 role raid fs 0 body 1 pos 10,8 stuck 1
RC POS 64 id 4 seat 0 role raid fs 1 body 1 pos 8,9 stuck 0
RC POS 64 id 6 seat 1 role raid fs 1 body 2 pos 12,9 stuck 0
RC POS 64 id 8 seat 2 role expand fs 0 body 1 pos 11,13 stuck 0
RC POS 64 id 10 seat 3 role expand fs 0 body 1 pos 4,14 stuck 0
RC POS 64 id 16 seat 4 role defend fs 0 body 1 pos 12,21 stuck 0
RC POS 64 id 20 seat 5 role raid fs 0 body 1 pos 10,8 stuck 1
RC POS 65 id 4 seat 0 role raid fs 1 body 1 pos 8,8 stuck 0
RC POS 65 id 6 seat 1 role raid fs 1 body 2 pos 12,8 stuck 0
RC POS 65 id 8 seat 2 role expand fs 0 body 1 pos 11,12 stuck 0
RC POS 65 id 10 seat 3 role expand fs 0 body 1 pos 3,14 stuck 0
RC POS 65 id 16 seat 4 role defend fs 0 body 1 pos 12,22 stuck 0
RC POS 65 id 20 seat 5 role raid fs 0 body 1 pos 10,8 stuck 1
RC POS 66 id 4 seat 0 role raid fs 1 body 1 pos 7,8 stuck 0
RC POS 66 id 6 seat 1 role raid fs 1 body 2 pos 12,9 stuck 0
RC POS 66 id 8 seat 2 role expand fs 0 body 1 pos 12,12 stuck 0
RC POS 66 id 10 seat 3 role expand fs 0 body 1 pos 3,13 stuck 0
RC POS 66 id 16 seat 4 role defend fs 0 body 1 pos 11,22 stuck 0
RC POS 66 id 20 seat 5 role raid fs 0 body 1 pos 10,8 stuck 1
RC POS 67 id 4 seat 0 role raid fs 1 body 1 pos 7,8 stuck 1
RC POS 67 id 6 seat 1 role raid fs 1 body 2 pos 12,8 stuck 0
RC POS 67 id 8 seat 2 role expand fs 0 body 1 pos 12,13 stuck 0
RC POS 67 id 10 seat 3 role expand fs 0 body 1 pos 2,13 stuck 0
RC POS 67 id 16 seat 4 role defend fs 0 body 1 pos 10,22 stuck 0
RC POS 67 id 20 seat 5 role raid fs 0 body 1 pos 10,8 stuck 1
RC POS 68 id 4 seat 0 role raid fs 1 body 1 pos 7,7 stuck 0
RC POS 68 id 6 seat 1 role raid fs 1 body 2 pos 12,7 stuck 0
RC POS 68 id 8 seat 2 role expand fs 0 body 1 pos 12,14 stuck 0
RC POS 68 id 10 seat 3 role expand fs 0 body 1 pos 1,13 stuck 0
RC POS 68 id 16 seat 4 role defend fs 0 body 1 pos 9,22 stuck 0
RC POS 68 id 20 seat 5 role raid fs 0 body 1 pos 10,8 stuck 1
RC POS 69 id 4 seat 0 role raid fs 1 body 1 pos 7,6 stuck 0
RC POS 69 id 6 seat 1 role raid fs 1 body 2 pos 12,6 stuck 0
RC POS 69 id 8 seat 2 role expand fs 0 body 1 pos 11,14 stuck 0
RC POS 69 id 10 seat 3 role expand fs 0 body 1 pos 2,13 stuck 0
RC POS 69 id 16 seat 4 role defend fs 0 body 1 pos 9,23 stuck 0
RC POS 69 id 20 seat 5 role raid fs 0 body 1 pos 10,8 stuck 1
RC POS 70 id 4 seat 0 role raid fs 1 body 1 pos 7,5 stuck 0
RC POS 70 id 6 seat 1 role raid fs 1 body 2 pos 12,5 stuck 0
RC POS 70 id 8 seat 2 role expand fs 0 body 1 pos 11,13 stuck 0
RC POS 70 id 10 seat 3 role expand fs 0 body 1 pos 1,13 stuck 0
RC POS 70 id 16 seat 4 role defend fs 0 body 1 pos 9,22 stuck 0
RC POS 70 id 20 seat 5 role raid fs 0 body 1 pos 10,8 stuck 1
RC POS 71 id 4 seat 0 role raid fs 1 body 1 pos 7,4 stuck 0
RC POS 71 id 6 seat 1 role raid fs 1 body 2 pos 11,5 stuck 0
RC POS 71 id 8 seat 2 role expand fs 0 body 1 pos 11,12 stuck 0
RC POS 71 id 10 seat 3 role expand fs 0 body 1 pos 2,13 stuck 0
RC POS 71 id 16 seat 4 role defend fs 0 body 1 pos 9,22 stuck 1
RC POS 71 id 20 seat 5 role raid fs 0 body 1 pos 10,8 stuck 1
RC POS 72 id 4 seat 0 role raid fs 1 body 1 pos 8,4 stuck 0
RC POS 72 id 6 seat 1 role raid fs 1 body 2 pos 11,5 stuck 1
RC POS 72 id 8 seat 2 role expand fs 0 body 1 pos 12,12 stuck 0
RC POS 72 id 10 seat 3 role expand fs 0 body 1 pos 1,13 stuck 0
RC POS 72 id 16 seat 4 role defend fs 0 body 1 pos 9,23 stuck 0
RC POS 72 id 20 seat 5 role raid fs 0 body 1 pos 10,8 stuck 1
RC POS 73 id 4 seat 0 role raid fs 1 body 1 pos 9,4 stuck 0
RC POS 73 id 6 seat 1 role raid fs 1 body 2 pos 11,5 stuck 2
RC POS 73 id 8 seat 2 role expand fs 0 body 1 pos 12,13 stuck 0
RC POS 73 id 10 seat 3 role expand fs 0 body 1 pos 2,13 stuck 0
RC POS 73 id 16 seat 4 role defend fs 0 body 1 pos 9,22 stuck 0
RC POS 73 id 20 seat 5 role raid fs 0 body 1 pos 10,8 stuck 1
RC POS 74 id 4 seat 0 role raid fs 1 body 1 pos 10,4 stuck 0
RC POS 74 id 6 seat 1 role raid fs 1 body 2 pos 11,5 stuck 3
RC POS 74 id 8 seat 2 role expand fs 0 body 1 pos 12,14 stuck 0
RC POS 74 id 10 seat 3 role expand fs 0 body 1 pos 1,13 stuck 0
RC POS 74 id 16 seat 4 role defend fs 0 body 1 pos 9,23 stuck 0
RC POS 74 id 20 seat 5 role raid fs 0 body 1 pos 10,8 stuck 1
RC ECO 75 harvstore 2 harvseen -1 ti 14 units 8 scale 266.0
RC POS 75 id 4 seat 0 role raid fs 1 body 1 pos 11,4 stuck 0
RC POS 75 id 6 seat 1 role raid fs 1 body 2 pos 11,5 stuck 4
RC POS 75 id 8 seat 2 role expand fs 0 body 1 pos 11,14 stuck 0
RC POS 75 id 10 seat 3 role expand fs 0 body 1 pos 2,13 stuck 0
RC POS 75 id 16 seat 4 role defend fs 0 body 1 pos 9,22 stuck 0
RC POS 75 id 20 seat 5 role raid fs 0 body 1 pos 10,8 stuck 1
RC POS 76 id 4 seat 0 role raid fs 1 body 1 pos 10,4 stuck 0
RC POS 76 id 6 seat 1 role raid fs 1 body 2 pos 11,5 stuck 5
RC POS 76 id 8 seat 2 role expand fs 0 body 1 pos 11,13 stuck 0
RC POS 76 id 10 seat 3 role expand fs 0 body 1 pos 1,13 stuck 0
RC POS 76 id 16 seat 4 role defend fs 0 body 1 pos 9,23 stuck 0
RC POS 76 id 20 seat 5 role raid fs 0 body 1 pos 10,8 stuck 1
RC POS 77 id 4 seat 0 role raid fs 1 body 1 pos 11,4 stuck 0
RC POS 77 id 6 seat 1 role raid fs 1 body 2 pos 11,5 stuck 6
RC POS 77 id 8 seat 2 role expand fs 0 body 1 pos 11,12 stuck 0
RC POS 77 id 10 seat 3 role expand fs 0 body 1 pos 2,13 stuck 0
RC POS 77 id 16 seat 4 role defend fs 0 body 1 pos 9,22 stuck 0
RC POS 77 id 20 seat 5 role raid fs 0 body 1 pos 10,8 stuck 1
RC POS 78 id 4 seat 0 role raid fs 1 body 1 pos 12,4 stuck 0
RC POS 78 id 6 seat 1 role raid fs 1 body 2 pos 11,5 stuck 7
RC POS 78 id 8 seat 2 role expand fs 0 body 1 pos 12,12 stuck 0
RC POS 78 id 10 seat 3 role expand fs 0 body 1 pos 1,13 stuck 0
RC POS 78 id 16 seat 4 role defend fs 0 body 1 pos 9,23 stuck 0
RC POS 78 id 20 seat 5 role raid fs 0 body 1 pos 10,8 stuck 1
RC POS 79 id 4 seat 0 role raid fs 1 body 1 pos 11,4 stuck 0
RC POS 79 id 6 seat 1 role raid fs 1 body 2 pos 11,5 stuck 8
RC POS 79 id 8 seat 2 role expand fs 0 body 1 pos 12,13 stuck 0
RC POS 79 id 10 seat 3 role expand fs 0 body 1 pos 2,13 stuck 0
RC POS 79 id 16 seat 4 role defend fs 0 body 1 pos 9,22 stuck 0
RC POS 79 id 20 seat 5 role raid fs 0 body 1 pos 10,8 stuck 1
RC POS 80 id 4 seat 0 role raid fs 1 body 1 pos 10,4 stuck 0
RC POS 80 id 6 seat 1 role raid fs 1 body 2 pos 11,5 stuck 9
RC POS 80 id 8 seat 2 role expand fs 0 body 1 pos 12,14 stuck 0
RC POS 80 id 10 seat 3 role expand fs 0 body 1 pos 1,13 stuck 0
RC POS 80 id 16 seat 4 role defend fs 0 body 1 pos 9,23 stuck 0
RC POS 80 id 20 seat 5 role raid fs 0 body 1 pos 10,8 stuck 1
RC POS 81 id 4 seat 0 role raid fs 1 body 1 pos 11,4 stuck 0
RC POS 81 id 6 seat 1 role raid fs 1 body 2 pos 11,5 stuck 10
RC POS 81 id 8 seat 2 role expand fs 0 body 1 pos 11,14 stuck 0
RC POS 81 id 10 seat 3 role expand fs 0 body 1 pos 2,13 stuck 0
RC POS 81 id 16 seat 4 role defend fs 0 body 1 pos 9,22 stuck 0
RC POS 81 id 20 seat 5 role raid fs 0 body 1 pos 10,8 stuck 1
RC POS 82 id 4 seat 0 role raid fs 1 body 1 pos 10,4 stuck 0
RC POS 82 id 6 seat 1 role raid fs 1 body 2 pos 11,5 stuck 11
RC POS 82 id 8 seat 2 role expand fs 0 body 1 pos 11,13 stuck 0
RC POS 82 id 10 seat 3 role expand fs 0 body 1 pos 1,13 stuck 0
RC POS 82 id 16 seat 4 role defend fs 0 body 1 pos 9,23 stuck 0
RC POS 82 id 20 seat 5 role raid fs 0 body 1 pos 10,8 stuck 1
RC POS 83 id 4 seat 0 role raid fs 1 body 1 pos 11,4 stuck 0
RC POS 83 id 6 seat 1 role raid fs 1 body 2 pos 11,5 stuck 12
RC POS 83 id 8 seat 2 role expand fs 0 body 1 pos 11,12 stuck 0
RC POS 83 id 10 seat 3 role expand fs 0 body 1 pos 2,13 stuck 0
RC POS 83 id 16 seat 4 role defend fs 0 body 1 pos 9,22 stuck 0
RC POS 83 id 20 seat 5 role raid fs 0 body 1 pos 10,8 stuck 1
RC POS 84 id 4 seat 0 role raid fs 1 body 1 pos 10,4 stuck 0
RC POS 84 id 6 seat 1 role raid fs 1 body 2 pos 11,5 stuck 13
RC POS 84 id 8 seat 2 role expand fs 0 body 1 pos 12,12 stuck 0
RC POS 84 id 10 seat 3 role expand fs 0 body 1 pos 1,13 stuck 0
RC POS 84 id 16 seat 4 role defend fs 0 body 1 pos 10,22 stuck 0
RC POS 84 id 20 seat 5 role raid fs 0 body 1 pos 10,8 stuck 1
RC POS 85 id 4 seat 0 role raid fs 1 body 1 pos 11,4 stuck 0
RC POS 85 id 6 seat 1 role raid fs 1 body 2 pos 11,5 stuck 14
RC POS 85 id 8 seat 2 role expand fs 0 body 1 pos 12,13 stuck 0
RC POS 85 id 10 seat 3 role expand fs 0 body 1 pos 2,13 stuck 0
RC POS 85 id 16 seat 4 role defend fs 0 body 1 pos 10,21 stuck 0
RC POS 85 id 20 seat 5 role raid fs 0 body 1 pos 10,8 stuck 1
RC POS 86 id 4 seat 0 role raid fs 1 body 1 pos 10,4 stuck 0
RC POS 86 id 6 seat 1 role raid fs 1 body 2 pos 11,5 stuck 15
RC POS 86 id 8 seat 2 role expand fs 0 body 1 pos 12,14 stuck 0
RC POS 86 id 10 seat 3 role expand fs 0 body 1 pos 1,13 stuck 0
RC POS 86 id 16 seat 4 role defend fs 0 body 1 pos 11,21 stuck 0
RC POS 86 id 20 seat 5 role raid fs 0 body 1 pos 10,8 stuck 1
RC POS 87 id 4 seat 0 role raid fs 1 body 1 pos 11,4 stuck 0
RC POS 87 id 6 seat 1 role raid fs 1 body 2 pos 11,5 stuck 16
RC POS 87 id 8 seat 2 role expand fs 0 body 1 pos 11,14 stuck 0
RC POS 87 id 10 seat 3 role expand fs 0 body 1 pos 2,13 stuck 0
RC POS 87 id 16 seat 4 role defend fs 0 body 1 pos 11,20 stuck 0
RC POS 87 id 20 seat 5 role raid fs 0 body 1 pos 10,8 stuck 1
RC POS 88 id 4 seat 0 role raid fs 1 body 1 pos 10,4 stuck 0
RC POS 88 id 6 seat 1 role raid fs 1 body 2 pos 11,5 stuck 17
RC POS 88 id 8 seat 2 role expand fs 0 body 1 pos 11,13 stuck 0
RC POS 88 id 10 seat 3 role expand fs 0 body 1 pos 1,13 stuck 0
RC POS 88 id 16 seat 4 role defend fs 0 body 1 pos 12,20 stuck 0
RC POS 88 id 20 seat 5 role raid fs 0 body 1 pos 10,8 stuck 1
RC POS 89 id 4 seat 0 role raid fs 1 body 1 pos 11,4 stuck 0
RC POS 89 id 6 seat 1 role raid fs 1 body 2 pos 11,5 stuck 18
RC POS 89 id 8 seat 2 role expand fs 0 body 1 pos 11,12 stuck 0
RC POS 89 id 10 seat 3 role expand fs 0 body 1 pos 2,13 stuck 0
RC POS 89 id 16 seat 4 role defend fs 0 body 1 pos 12,19 stuck 0
RC POS 89 id 20 seat 5 role raid fs 0 body 1 pos 10,8 stuck 1
RC POS 90 id 4 seat 0 role raid fs 1 body 1 pos 10,4 stuck 0
RC POS 90 id 6 seat 1 role raid fs 1 body 2 pos 11,5 stuck 19
RC POS 90 id 8 seat 2 role expand fs 0 body 1 pos 12,12 stuck 0
RC POS 90 id 10 seat 3 role expand fs 0 body 1 pos 1,13 stuck 0
RC POS 90 id 16 seat 4 role defend fs 0 body 1 pos 12,18 stuck 0
RC POS 90 id 20 seat 5 role raid fs 0 body 1 pos 10,8 stuck 1
RC POS 91 id 4 seat 0 role raid fs 1 body 1 pos 11,4 stuck 0
RC POS 91 id 6 seat 1 role raid fs 1 body 2 pos 11,5 stuck 20
RC POS 91 id 8 seat 2 role expand fs 0 body 1 pos 12,13 stuck 0
RC POS 91 id 10 seat 3 role expand fs 0 body 1 pos 2,13 stuck 0
RC POS 91 id 16 seat 4 role defend fs 0 body 1 pos 12,18 stuck 1
RC POS 91 id 20 seat 5 role raid fs 0 body 1 pos 10,8 stuck 1
RC POS 92 id 4 seat 0 role raid fs 1 body 1 pos 10,4 stuck 0
RC POS 92 id 6 seat 1 role raid fs 1 body 2 pos 11,5 stuck 21
RC POS 92 id 8 seat 2 role expand fs 0 body 1 pos 12,14 stuck 0
RC POS 92 id 10 seat 3 role expand fs 0 body 1 pos 1,13 stuck 0
RC POS 92 id 16 seat 4 role defend fs 0 body 1 pos 12,18 stuck 2
RC POS 92 id 20 seat 5 role raid fs 0 body 1 pos 10,8 stuck 1
RC POS 93 id 4 seat 0 role raid fs 1 body 1 pos 11,4 stuck 0
RC POS 93 id 6 seat 1 role raid fs 1 body 2 pos 11,5 stuck 22
RC POS 93 id 8 seat 2 role expand fs 0 body 1 pos 11,14 stuck 0
RC POS 93 id 10 seat 3 role expand fs 0 body 1 pos 2,13 stuck 0
RC POS 93 id 16 seat 4 role defend fs 0 body 1 pos 12,18 stuck 3
RC POS 93 id 20 seat 5 role raid fs 0 body 1 pos 10,8 stuck 1
RC POS 94 id 4 seat 0 role raid fs 1 body 1 pos 12,4 stuck 0
RC POS 94 id 6 seat 1 role raid fs 1 body 2 pos 11,5 stuck 23
RC POS 94 id 8 seat 2 role expand fs 0 body 1 pos 11,13 stuck 0
RC POS 94 id 10 seat 3 role expand fs 0 body 1 pos 1,13 stuck 0
RC POS 94 id 16 seat 4 role defend fs 0 body 1 pos 12,18 stuck 4
RC POS 94 id 20 seat 5 role raid fs 0 body 1 pos 10,8 stuck 1
RC POS 95 id 4 seat 0 role raid fs 1 body 1 pos 11,4 stuck 0
RC POS 95 id 6 seat 1 role raid fs 1 body 2 pos 11,5 stuck 24
RC POS 95 id 8 seat 2 role expand fs 0 body 1 pos 11,12 stuck 0
RC POS 95 id 10 seat 3 role expand fs 0 body 1 pos 2,13 stuck 0
RC POS 95 id 16 seat 4 role defend fs 0 body 1 pos 12,18 stuck 5
RC POS 95 id 20 seat 5 role raid fs 0 body 1 pos 10,8 stuck 1
RC POS 96 id 4 seat 0 role raid fs 1 body 1 pos 10,4 stuck 0
RC POS 96 id 6 seat 1 role raid fs 1 body 2 pos 11,5 stuck 25
RC POS 96 id 8 seat 2 role expand fs 0 body 1 pos 12,12 stuck 0
RC POS 96 id 10 seat 3 role expand fs 0 body 1 pos 1,13 stuck 0
RC POS 96 id 16 seat 4 role defend fs 0 body 1 pos 12,17 stuck 0
RC POS 96 id 20 seat 5 role raid fs 0 body 1 pos 10,8 stuck 1
RC POS 97 id 4 seat 0 role raid fs 1 body 1 pos 11,4 stuck 0
RC POS 97 id 6 seat 1 role raid fs 1 body 2 pos 11,5 stuck 26
RC POS 97 id 8 seat 2 role expand fs 0 body 1 pos 12,13 stuck 0
RC POS 97 id 10 seat 3 role expand fs 0 body 1 pos 2,13 stuck 0
RC POS 97 id 16 seat 4 role defend fs 0 body 1 pos 12,17 stuck 1
RC POS 97 id 20 seat 5 role raid fs 0 body 1 pos 10,8 stuck 1
RC POS 98 id 4 seat 0 role raid fs 1 body 1 pos 10,4 stuck 0
RC POS 98 id 6 seat 1 role raid fs 1 body 2 pos 11,5 stuck 27
RC POS 98 id 8 seat 2 role expand fs 0 body 1 pos 12,14 stuck 0
RC POS 98 id 10 seat 3 role expand fs 0 body 1 pos 1,13 stuck 0
RC POS 98 id 16 seat 4 role defend fs 0 body 1 pos 13,17 stuck 0
RC POS 98 id 20 seat 5 role raid fs 0 body 1 pos 10,8 stuck 1
RC POS 99 id 4 seat 0 role raid fs 1 body 1 pos 11,4 stuck 0
RC POS 99 id 6 seat 1 role raid fs 1 body 2 pos 11,5 stuck 28
RC POS 99 id 8 seat 2 role expand fs 0 body 1 pos 11,14 stuck 0
RC POS 99 id 10 seat 3 role expand fs 0 body 1 pos 2,13 stuck 0
RC POS 99 id 16 seat 4 role defend fs 0 body 1 pos 13,16 stuck 0
RC POS 99 id 20 seat 5 role raid fs 0 body 1 pos 10,8 stuck 1
RC ECO 100 harvstore 2 harvseen -1 ti 41 units 8 scale 266.0
RC POS 100 id 4 seat 0 role raid fs 1 body 1 pos 10,4 stuck 0
RC POS 100 id 6 seat 1 role raid fs 1 body 2 pos 11,5 stuck 29
RC POS 100 id 8 seat 2 role expand fs 0 body 1 pos 11,13 stuck 0
RC POS 100 id 10 seat 3 role expand fs 0 body 1 pos 1,13 stuck 0
RC POS 100 id 16 seat 4 role defend fs 0 body 1 pos 14,16 stuck 0
RC POS 100 id 20 seat 5 role raid fs 0 body 1 pos 10,8 stuck 1
RC POS 101 id 4 seat 0 role raid fs 1 body 1 pos 11,4 stuck 0
RC POS 101 id 6 seat 1 role raid fs 1 body 2 pos 11,5 stuck 30
RC POS 101 id 8 seat 2 role expand fs 0 body 1 pos 11,12 stuck 0
RC POS 101 id 10 seat 3 role expand fs 0 body 1 pos 2,13 stuck 0
RC POS 101 id 16 seat 4 role defend fs 0 body 1 pos 14,15 stuck 0
RC POS 101 id 20 seat 5 role raid fs 0 body 1 pos 10,8 stuck 1
RC POS 102 id 4 seat 0 role raid fs 1 body 1 pos 10,4 stuck 0
RC POS 102 id 6 seat 1 role raid fs 1 body 2 pos 11,5 stuck 31
RC POS 102 id 8 seat 2 role expand fs 0 body 1 pos 12,12 stuck 0
RC POS 102 id 10 seat 3 role expand fs 0 body 1 pos 1,13 stuck 0
RC POS 102 id 16 seat 4 role defend fs 0 body 1 pos 15,15 stuck 0
RC POS 102 id 20 seat 5 role raid fs 0 body 1 pos 10,8 stuck 1
RC POS 103 id 4 seat 0 role raid fs 1 body 1 pos 11,4 stuck 0
RC POS 103 id 6 seat 1 role raid fs 1 body 2 pos 11,5 stuck 32
RC POS 103 id 8 seat 2 role expand fs 0 body 1 pos 12,13 stuck 0
RC POS 103 id 10 seat 3 role expand fs 0 body 1 pos 2,13 stuck 0
RC POS 103 id 16 seat 4 role defend fs 0 body 1 pos 14,15 stuck 0
RC POS 103 id 20 seat 5 role raid fs 0 body 1 pos 10,8 stuck 1
RC POS 104 id 4 seat 0 role raid fs 1 body 1 pos 10,4 stuck 0
RC POS 104 id 6 seat 1 role raid fs 1 body 2 pos 11,5 stuck 33
RC POS 104 id 8 seat 2 role expand fs 0 body 1 pos 12,14 stuck 0
RC POS 104 id 10 seat 3 role expand fs 0 body 1 pos 1,13 stuck 0
RC POS 104 id 16 seat 4 role defend fs 0 body 1 pos 15,15 stuck 0
RC POS 104 id 20 seat 5 role raid fs 0 body 1 pos 10,8 stuck 1
RC POS 105 id 4 seat 0 role raid fs 1 body 1 pos 11,4 stuck 0
RC POS 105 id 6 seat 1 role raid fs 1 body 2 pos 11,5 stuck 34
RC POS 105 id 8 seat 2 role expand fs 0 body 1 pos 11,14 stuck 0
RC POS 105 id 10 seat 3 role expand fs 0 body 1 pos 2,13 stuck 0
RC POS 105 id 16 seat 4 role defend fs 0 body 1 pos 14,15 stuck 0
RC POS 105 id 20 seat 5 role raid fs 0 body 1 pos 10,8 stuck 1
RC POS 106 id 4 seat 0 role raid fs 1 body 1 pos 10,4 stuck 0
RC POS 106 id 6 seat 1 role raid fs 1 body 2 pos 11,5 stuck 35
RC POS 106 id 8 seat 2 role expand fs 0 body 1 pos 11,13 stuck 0
RC POS 106 id 10 seat 3 role expand fs 0 body 1 pos 1,13 stuck 0
RC POS 106 id 16 seat 4 role defend fs 0 body 1 pos 15,15 stuck 0
RC POS 106 id 20 seat 5 role raid fs 0 body 1 pos 10,8 stuck 1
RC POS 107 id 4 seat 0 role raid fs 1 body 1 pos 11,4 stuck 0
RC POS 107 id 6 seat 1 role raid fs 1 body 2 pos 11,5 stuck 36
RC POS 107 id 8 seat 2 role expand fs 0 body 1 pos 11,12 stuck 0
RC POS 107 id 10 seat 3 role expand fs 0 body 1 pos 2,13 stuck 0
RC POS 107 id 16 seat 4 role defend fs 0 body 1 pos 14,15 stuck 0
RC POS 107 id 20 seat 5 role raid fs 0 body 1 pos 10,8 stuck 1
RC POS 108 id 4 seat 0 role raid fs 1 body 1 pos 10,4 stuck 0
RC POS 108 id 6 seat 1 role raid fs 1 body 2 pos 11,5 stuck 37
RC POS 108 id 8 seat 2 role expand fs 0 body 1 pos 12,12 stuck 0
RC POS 108 id 10 seat 3 role expand fs 0 body 1 pos 1,13 stuck 0
RC POS 108 id 16 seat 4 role defend fs 0 body 1 pos 15,15 stuck 0
RC POS 108 id 20 seat 5 role raid fs 0 body 1 pos 10,8 stuck 1
RC POS 109 id 4 seat 0 role raid fs 1 body 1 pos 11,4 stuck 0
RC POS 109 id 6 seat 1 role raid fs 1 body 2 pos 11,5 stuck 38
RC POS 109 id 8 seat 2 role expand fs 0 body 1 pos 12,13 stuck 0
RC POS 109 id 10 seat 3 role expand fs 0 body 1 pos 2,13 stuck 0
RC POS 109 id 16 seat 4 role defend fs 0 body 1 pos 14,15 stuck 0
RC POS 109 id 20 seat 5 role raid fs 0 body 1 pos 10,8 stuck 1
RC POS 110 id 4 seat 0 role raid fs 1 body 1 pos 10,4 stuck 0
RC POS 110 id 6 seat 1 role raid fs 1 body 2 pos 11,5 stuck 39
RC POS 110 id 8 seat 2 role expand fs 0 body 1 pos 12,14 stuck 0
RC POS 110 id 10 seat 3 role expand fs 0 body 1 pos 1,13 stuck 0
RC POS 110 id 16 seat 4 role defend fs 0 body 1 pos 15,15 stuck 0
RC POS 110 id 20 seat 5 role raid fs 0 body 1 pos 10,8 stuck 1
RC POS 111 id 4 seat 0 role raid fs 1 body 1 pos 11,4 stuck 0
RC POS 111 id 6 seat 1 role raid fs 1 body 2 pos 11,5 stuck 40
RC POS 111 id 8 seat 2 role expand fs 0 body 1 pos 11,14 stuck 0
RC POS 111 id 10 seat 3 role expand fs 0 body 1 pos 2,13 stuck 0
RC POS 111 id 16 seat 4 role defend fs 0 body 1 pos 14,15 stuck 0
RC POS 111 id 20 seat 5 role raid fs 0 body 1 pos 10,8 stuck 1
RC POS 112 id 4 seat 0 role raid fs 1 body 1 pos 10,4 stuck 0
RC POS 112 id 6 seat 1 role raid fs 1 body 2 pos 11,5 stuck 41
RC POS 112 id 8 seat 2 role expand fs 0 body 1 pos 11,13 stuck 0
RC POS 112 id 10 seat 3 role expand fs 0 body 1 pos 1,13 stuck 0
RC POS 112 id 16 seat 4 role defend fs 0 body 1 pos 15,15 stuck 0
RC POS 112 id 20 seat 5 role raid fs 0 body 1 pos 10,8 stuck 1
RC POS 113 id 4 seat 0 role raid fs 1 body 1 pos 11,4 stuck 0
RC POS 113 id 6 seat 1 role raid fs 1 body 2 pos 11,5 stuck 42
RC POS 113 id 8 seat 2 role expand fs 0 body 1 pos 11,12 stuck 0
RC POS 113 id 10 seat 3 role expand fs 0 body 1 pos 2,13 stuck 0
RC POS 113 id 16 seat 4 role defend fs 0 body 1 pos 14,15 stuck 0
RC POS 113 id 20 seat 5 role raid fs 0 body 1 pos 10,8 stuck 1
RC POS 114 id 4 seat 0 role raid fs 1 body 1 pos 12,4 stuck 0
RC POS 114 id 6 seat 1 role raid fs 1 body 2 pos 11,5 stuck 43
RC POS 114 id 8 seat 2 role expand fs 0 body 1 pos 12,12 stuck 0
RC POS 114 id 10 seat 3 role expand fs 0 body 1 pos 1,13 stuck 0
RC POS 114 id 16 seat 4 role defend fs 0 body 1 pos 15,15 stuck 0
RC POS 114 id 20 seat 5 role raid fs 0 body 1 pos 10,8 stuck 1
RC POS 115 id 4 seat 0 role raid fs 1 body 1 pos 11,4 stuck 0
RC POS 115 id 6 seat 1 role raid fs 1 body 2 pos 11,5 stuck 44
RC POS 115 id 8 seat 2 role expand fs 0 body 1 pos 12,13 stuck 0
RC POS 115 id 10 seat 3 role expand fs 0 body 1 pos 2,13 stuck 0
RC POS 115 id 16 seat 4 role defend fs 0 body 1 pos 14,15 stuck 0
RC POS 115 id 20 seat 5 role raid fs 0 body 1 pos 10,8 stuck 1
RC POS 116 id 4 seat 0 role raid fs 1 body 1 pos 10,4 stuck 0
RC POS 116 id 6 seat 1 role raid fs 1 body 2 pos 11,5 stuck 45
RC POS 116 id 8 seat 2 role expand fs 0 body 1 pos 12,14 stuck 0
RC POS 116 id 10 seat 3 role expand fs 0 body 1 pos 1,13 stuck 0
RC POS 116 id 16 seat 4 role defend fs 0 body 1 pos 13,15 stuck 0
RC POS 116 id 20 seat 5 role raid fs 0 body 1 pos 10,8 stuck 1
RC POS 117 id 4 seat 0 role raid fs 1 body 1 pos 11,4 stuck 0
RC POS 117 id 6 seat 1 role raid fs 1 body 2 pos 11,5 stuck 46
RC POS 117 id 8 seat 2 role expand fs 0 body 1 pos 11,14 stuck 0
RC POS 117 id 10 seat 3 role expand fs 0 body 1 pos 2,13 stuck 0
RC POS 117 id 16 seat 4 role defend fs 0 body 1 pos 13,16 stuck 0
RC POS 117 id 20 seat 5 role raid fs 0 body 1 pos 10,8 stuck 1
RC POS 118 id 4 seat 0 role raid fs 1 body 1 pos 10,4 stuck 0
RC POS 118 id 6 seat 1 role raid fs 1 body 2 pos 11,5 stuck 47
RC POS 118 id 8 seat 2 role expand fs 0 body 1 pos 11,13 stuck 0
RC POS 118 id 10 seat 3 role expand fs 0 body 1 pos 1,13 stuck 0
RC POS 118 id 16 seat 4 role defend fs 0 body 1 pos 12,16 stuck 0
RC POS 118 id 20 seat 5 role raid fs 0 body 1 pos 10,8 stuck 1
RC POS 119 id 4 seat 0 role raid fs 1 body 1 pos 11,4 stuck 0
RC POS 119 id 6 seat 1 role raid fs 1 body 2 pos 11,5 stuck 48
RC POS 119 id 8 seat 2 role expand fs 0 body 1 pos 11,12 stuck 0
RC POS 119 id 10 seat 3 role expand fs 0 body 1 pos 2,13 stuck 0
RC POS 119 id 16 seat 4 role defend fs 0 body 1 pos 12,17 stuck 0
RC POS 119 id 20 seat 5 role raid fs 0 body 1 pos 10,8 stuck 1
RC POS 120 id 4 seat 0 role raid fs 1 body 1 pos 10,4 stuck 0
RC POS 120 id 6 seat 1 role raid fs 1 body 2 pos 11,5 stuck 49
RC POS 120 id 8 seat 2 role expand fs 0 body 1 pos 12,12 stuck 0
RC POS 120 id 10 seat 3 role expand fs 0 body 1 pos 1,13 stuck 0
RC POS 120 id 16 seat 4 role defend fs 0 body 1 pos 11,17 stuck 0
RC POS 120 id 20 seat 5 role raid fs 0 body 1 pos 10,8 stuck 1
RC POS 121 id 4 seat 0 role raid fs 1 body 1 pos 11,4 stuck 0
RC POS 121 id 6 seat 1 role raid fs 1 body 2 pos 11,5 stuck 50
RC POS 121 id 8 seat 2 role expand fs 0 body 1 pos 12,13 stuck 0
RC POS 121 id 10 seat 3 role expand fs 0 body 1 pos 2,13 stuck 0
RC POS 121 id 16 seat 4 role defend fs 0 body 1 pos 11,17 stuck 1
RC POS 121 id 20 seat 5 role raid fs 0 body 1 pos 10,8 stuck 1
RC POS 122 id 4 seat 0 role raid fs 1 body 1 pos 10,4 stuck 0
RC POS 122 id 6 seat 1 role raid fs 1 body 2 pos 11,5 stuck 51
RC POS 122 id 8 seat 2 role expand fs 0 body 1 pos 12,14 stuck 0
RC POS 122 id 10 seat 3 role expand fs 0 body 1 pos 1,13 stuck 0
RC POS 122 id 16 seat 4 role defend fs 0 body 1 pos 11,17 stuck 2
RC POS 122 id 20 seat 5 role raid fs 0 body 1 pos 10,8 stuck 1
RC POS 123 id 4 seat 0 role raid fs 1 body 1 pos 11,4 stuck 0
RC POS 123 id 6 seat 1 role raid fs 1 body 2 pos 11,5 stuck 52
RC POS 123 id 8 seat 2 role expand fs 0 body 1 pos 11,14 stuck 0
RC POS 123 id 10 seat 3 role expand fs 0 body 1 pos 2,13 stuck 0
RC POS 123 id 16 seat 4 role defend fs 0 body 1 pos 11,17 stuck 3
RC POS 123 id 20 seat 5 role raid fs 0 body 1 pos 10,8 stuck 1
RC POS 124 id 4 seat 0 role raid fs 1 body 1 pos 10,4 stuck 0
RC POS 124 id 6 seat 1 role raid fs 1 body 2 pos 11,5 stuck 53
RC POS 124 id 8 seat 2 role expand fs 0 body 1 pos 11,13 stuck 0
RC POS 124 id 10 seat 3 role expand fs 0 body 1 pos 1,13 stuck 0
RC POS 124 id 16 seat 4 role defend fs 0 body 1 pos 11,17 stuck 4
RC POS 124 id 20 seat 5 role raid fs 0 body 1 pos 10,8 stuck 1
RC ECO 125 harvstore 2 harvseen -1 ti 54 units 8 scale 266.0
RC POS 125 id 4 seat 0 role raid fs 1 body 1 pos 11,4 stuck 0
RC POS 125 id 6 seat 1 role raid fs 1 body 2 pos 11,5 stuck 54
RC POS 125 id 8 seat 2 role expand fs 0 body 1 pos 11,12 stuck 0
RC POS 125 id 10 seat 3 role expand fs 0 body 1 pos 2,13 stuck 0
RC POS 125 id 16 seat 4 role defend fs 0 body 1 pos 11,17 stuck 5
RC POS 125 id 20 seat 5 role raid fs 0 body 1 pos 10,8 stuck 1
RC POS 126 id 4 seat 0 role raid fs 1 body 1 pos 10,4 stuck 0
RC POS 126 id 6 seat 1 role raid fs 1 body 2 pos 11,5 stuck 55
RC POS 126 id 8 seat 2 role expand fs 0 body 1 pos 12,12 stuck 0
RC POS 126 id 10 seat 3 role expand fs 0 body 1 pos 1,13 stuck 0
RC POS 126 id 16 seat 4 role defend fs 0 body 1 pos 11,16 stuck 0
RC POS 126 id 20 seat 5 role raid fs 0 body 1 pos 10,8 stuck 1
RC POS 127 id 4 seat 0 role raid fs 1 body 1 pos 11,4 stuck 0
RC POS 127 id 6 seat 1 role raid fs 1 body 2 pos 11,5 stuck 56
RC POS 127 id 8 seat 2 role expand fs 0 body 1 pos 12,13 stuck 0
RC POS 127 id 10 seat 3 role expand fs 0 body 1 pos 2,13 stuck 0
RC POS 127 id 16 seat 4 role defend fs 0 body 1 pos 11,15 stuck 0
RC POS 127 id 20 seat 5 role raid fs 0 body 1 pos 10,8 stuck 1
RC POS 128 id 4 seat 0 role raid fs 1 body 1 pos 10,4 stuck 0
RC POS 128 id 6 seat 1 role raid fs 1 body 2 pos 11,5 stuck 57
RC POS 128 id 8 seat 2 role expand fs 0 body 1 pos 12,14 stuck 0
RC POS 128 id 10 seat 3 role expand fs 0 body 1 pos 1,13 stuck 0
RC POS 128 id 16 seat 4 role defend fs 0 body 1 pos 10,15 stuck 0
RC POS 128 id 20 seat 5 role raid fs 0 body 1 pos 10,8 stuck 1
RC POS 129 id 4 seat 0 role raid fs 1 body 1 pos 11,4 stuck 0
RC POS 129 id 6 seat 1 role raid fs 1 body 2 pos 11,5 stuck 58
RC POS 129 id 8 seat 2 role expand fs 0 body 1 pos 11,14 stuck 0
RC POS 129 id 10 seat 3 role expand fs 0 body 1 pos 2,13 stuck 0
RC POS 129 id 16 seat 4 role defend fs 0 body 1 pos 10,15 stuck 1
RC POS 129 id 20 seat 5 role raid fs 0 body 1 pos 10,8 stuck 1
RC POS 130 id 4 seat 0 role raid fs 1 body 1 pos 10,4 stuck 0
RC POS 130 id 6 seat 1 role raid fs 1 body 2 pos 11,5 stuck 59
RC POS 130 id 8 seat 2 role expand fs 0 body 1 pos 11,13 stuck 0
RC POS 130 id 10 seat 3 role expand fs 0 body 1 pos 1,13 stuck 0
RC POS 130 id 16 seat 4 role defend fs 0 body 1 pos 9,15 stuck 0
RC POS 130 id 20 seat 5 role raid fs 0 body 1 pos 10,8 stuck 1
RC POS 131 id 4 seat 0 role raid fs 1 body 1 pos 11,4 stuck 0
RC POS 131 id 6 seat 1 role raid fs 1 body 2 pos 11,5 stuck 60
RC POS 131 id 8 seat 2 role expand fs 0 body 1 pos 11,12 stuck 0
RC POS 131 id 10 seat 3 role expand fs 0 body 1 pos 2,13 stuck 0
RC POS 131 id 16 seat 4 role defend fs 0 body 1 pos 9,16 stuck 0
RC POS 131 id 20 seat 5 role raid fs 0 body 1 pos 10,8 stuck 1
RC POS 132 id 4 seat 0 role raid fs 1 body 1 pos 10,4 stuck 0
RC POS 132 id 6 seat 1 role raid fs 1 body 2 pos 11,5 stuck 61
RC POS 132 id 8 seat 2 role expand fs 0 body 1 pos 12,12 stuck 0
RC POS 132 id 10 seat 3 role expand fs 0 body 1 pos 1,13 stuck 0
RC POS 132 id 16 seat 4 role defend fs 0 body 1 pos 8,16 stuck 0
RC POS 132 id 20 seat 5 role raid fs 0 body 1 pos 10,8 stuck 1
RC POS 133 id 4 seat 0 role raid fs 1 body 1 pos 11,4 stuck 0
RC POS 133 id 6 seat 1 role raid fs 1 body 2 pos 11,5 stuck 62
RC POS 133 id 8 seat 2 role expand fs 0 body 1 pos 12,13 stuck 0
RC POS 133 id 10 seat 3 role expand fs 0 body 1 pos 2,13 stuck 0
RC POS 133 id 16 seat 4 role defend fs 0 body 1 pos 7,16 stuck 0
RC POS 133 id 20 seat 5 role raid fs 0 body 1 pos 10,8 stuck 1
RC POS 134 id 4 seat 0 role raid fs 1 body 1 pos 12,4 stuck 0
RC POS 134 id 6 seat 1 role raid fs 1 body 2 pos 11,5 stuck 63
RC POS 134 id 8 seat 2 role expand fs 0 body 1 pos 12,13 stuck 1
RC POS 134 id 10 seat 3 role expand fs 0 body 1 pos 1,13 stuck 0
RC POS 134 id 16 seat 4 role defend fs 0 body 1 pos 7,15 stuck 0
RC POS 134 id 20 seat 5 role raid fs 0 body 1 pos 10,8 stuck 1
RC POS 135 id 4 seat 0 role raid fs 1 body 1 pos 11,4 stuck 0
RC POS 135 id 6 seat 1 role raid fs 1 body 2 pos 11,5 stuck 64
RC POS 135 id 8 seat 2 role expand fs 0 body 1 pos 11,13 stuck 0
RC POS 135 id 10 seat 3 role expand fs 0 body 1 pos 2,13 stuck 0
RC POS 135 id 16 seat 4 role defend fs 0 body 1 pos 7,14 stuck 0
RC POS 135 id 20 seat 5 role raid fs 0 body 1 pos 10,8 stuck 1
RC POS 136 id 4 seat 0 role raid fs 1 body 1 pos 10,4 stuck 0
RC POS 136 id 6 seat 1 role raid fs 1 body 2 pos 11,5 stuck 65
RC POS 136 id 8 seat 2 role expand fs 0 body 1 pos 11,12 stuck 0
RC POS 136 id 10 seat 3 role expand fs 0 body 1 pos 1,13 stuck 0
RC POS 136 id 16 seat 4 role defend fs 0 body 1 pos 6,14 stuck 0
RC POS 136 id 20 seat 5 role raid fs 0 body 1 pos 10,8 stuck 1
RC POS 137 id 4 seat 0 role raid fs 1 body 1 pos 11,4 stuck 0
RC POS 137 id 6 seat 1 role raid fs 1 body 2 pos 11,5 stuck 66
RC POS 137 id 8 seat 2 role expand fs 0 body 1 pos 11,13 stuck 0
RC POS 137 id 10 seat 3 role expand fs 0 body 1 pos 2,13 stuck 0
RC POS 137 id 16 seat 4 role defend fs 0 body 1 pos 7,14 stuck 0
RC POS 137 id 20 seat 5 role raid fs 0 body 1 pos 10,8 stuck 1
RC POS 138 id 4 seat 0 role raid fs 1 body 1 pos 10,4 stuck 0
RC POS 138 id 6 seat 1 role raid fs 1 body 2 pos 11,5 stuck 67
RC POS 138 id 8 seat 2 role expand fs 0 body 1 pos 11,12 stuck 0
RC POS 138 id 10 seat 3 role expand fs 0 body 1 pos 1,13 stuck 0
RC POS 138 id 16 seat 4 role defend fs 0 body 1 pos 6,14 stuck 0
RC POS 138 id 20 seat 5 role raid fs 0 body 1 pos 10,8 stuck 1
RC POS 139 id 4 seat 0 role raid fs 1 body 1 pos 11,4 stuck 0
RC POS 139 id 6 seat 1 role raid fs 1 body 2 pos 11,5 stuck 68
RC POS 139 id 8 seat 2 role expand fs 0 body 1 pos 12,12 stuck 0
RC POS 139 id 10 seat 3 role expand fs 0 body 1 pos 2,13 stuck 0
RC POS 139 id 16 seat 4 role defend fs 0 body 1 pos 7,14 stuck 0
RC POS 139 id 20 seat 5 role raid fs 0 body 1 pos 10,8 stuck 1
RC POS 140 id 4 seat 0 role raid fs 1 body 1 pos 10,4 stuck 0
RC POS 140 id 6 seat 1 role raid fs 1 body 2 pos 11,5 stuck 69
RC POS 140 id 8 seat 2 role expand fs 0 body 1 pos 12,13 stuck 0
RC POS 140 id 10 seat 3 role expand fs 0 body 1 pos 1,13 stuck 0
RC POS 140 id 16 seat 4 role defend fs 0 body 1 pos 6,14 stuck 0
RC POS 140 id 20 seat 5 role raid fs 0 body 1 pos 10,8 stuck 1
RC POS 141 id 4 seat 0 role raid fs 1 body 1 pos 11,4 stuck 0
RC POS 141 id 6 seat 1 role raid fs 1 body 2 pos 11,5 stuck 70
RC POS 141 id 8 seat 2 role expand fs 0 body 1 pos 12,13 stuck 1
RC POS 141 id 10 seat 3 role expand fs 0 body 1 pos 2,13 stuck 0
RC POS 141 id 16 seat 4 role defend fs 0 body 1 pos 7,14 stuck 0
RC POS 141 id 20 seat 5 role raid fs 0 body 1 pos 10,8 stuck 1
RC POS 142 id 4 seat 0 role raid fs 1 body 1 pos 10,4 stuck 0
RC POS 142 id 6 seat 1 role raid fs 1 body 2 pos 11,5 stuck 71
RC POS 142 id 8 seat 2 role expand fs 0 body 1 pos 11,13 stuck 0
RC POS 142 id 10 seat 3 role expand fs 0 body 1 pos 1,13 stuck 0
RC POS 142 id 16 seat 4 role defend fs 0 body 1 pos 6,14 stuck 0
RC POS 142 id 20 seat 5 role raid fs 0 body 1 pos 10,8 stuck 1
RC POS 143 id 4 seat 0 role raid fs 1 body 1 pos 11,4 stuck 0
RC POS 143 id 6 seat 1 role raid fs 1 body 2 pos 11,5 stuck 72
RC POS 143 id 8 seat 2 role expand fs 0 body 1 pos 11,12 stuck 0
RC POS 143 id 10 seat 3 role expand fs 0 body 1 pos 2,13 stuck 0
RC POS 143 id 16 seat 4 role defend fs 0 body 1 pos 7,14 stuck 0
RC POS 143 id 20 seat 5 role raid fs 0 body 1 pos 10,8 stuck 1
RC POS 144 id 4 seat 0 role raid fs 1 body 1 pos 10,4 stuck 0
RC POS 144 id 6 seat 1 role raid fs 1 body 2 pos 11,5 stuck 73
RC POS 144 id 8 seat 2 role expand fs 0 body 1 pos 11,13 stuck 0
RC POS 144 id 10 seat 3 role expand fs 0 body 1 pos 1,13 stuck 0
RC POS 144 id 16 seat 4 role defend fs 0 body 1 pos 6,14 stuck 0
RC POS 144 id 20 seat 5 role raid fs 0 body 1 pos 10,8 stuck 1
RC POS 145 id 4 seat 0 role raid fs 1 body 1 pos 11,4 stuck 0
RC POS 145 id 6 seat 1 role raid fs 1 body 2 pos 11,5 stuck 74
RC POS 145 id 8 seat 2 role expand fs 0 body 1 pos 11,12 stuck 0
RC POS 145 id 10 seat 3 role expand fs 0 body 1 pos 2,13 stuck 0
RC POS 145 id 16 seat 4 role defend fs 0 body 1 pos 7,14 stuck 0
RC POS 145 id 20 seat 5 role raid fs 0 body 1 pos 10,8 stuck 1
RC POS 146 id 4 seat 0 role raid fs 1 body 1 pos 10,4 stuck 0
RC POS 146 id 6 seat 1 role raid fs 1 body 2 pos 11,5 stuck 75
RC POS 146 id 8 seat 2 role expand fs 0 body 1 pos 12,12 stuck 0
RC POS 146 id 10 seat 3 role expand fs 0 body 1 pos 1,13 stuck 0
RC POS 146 id 16 seat 4 role defend fs 0 body 1 pos 8,14 stuck 0
RC POS 146 id 20 seat 5 role raid fs 0 body 1 pos 10,8 stuck 1
RC POS 147 id 4 seat 0 role raid fs 1 body 1 pos 11,4 stuck 0
RC POS 147 id 6 seat 1 role raid fs 1 body 2 pos 11,5 stuck 76
RC POS 147 id 8 seat 2 role expand fs 0 body 1 pos 12,13 stuck 0
RC POS 147 id 10 seat 3 role expand fs 0 body 1 pos 2,13 stuck 0
RC POS 147 id 16 seat 4 role defend fs 0 body 1 pos 8,13 stuck 0
RC POS 147 id 20 seat 5 role raid fs 0 body 1 pos 10,8 stuck 1
RC POS 148 id 4 seat 0 role raid fs 1 body 1 pos 10,4 stuck 0
RC POS 148 id 6 seat 1 role raid fs 1 body 2 pos 11,5 stuck 77
RC POS 148 id 8 seat 2 role expand fs 0 body 1 pos 12,13 stuck 1
RC POS 148 id 10 seat 3 role expand fs 0 body 1 pos 1,13 stuck 0
RC POS 148 id 16 seat 4 role defend fs 0 body 1 pos 8,13 stuck 1
RC POS 148 id 20 seat 5 role raid fs 0 body 1 pos 10,8 stuck 1
RC POS 149 id 4 seat 0 role raid fs 1 body 1 pos 11,4 stuck 0
RC POS 149 id 6 seat 1 role raid fs 1 body 2 pos 11,5 stuck 78
RC POS 149 id 8 seat 2 role expand fs 0 body 1 pos 11,13 stuck 0
RC POS 149 id 10 seat 3 role expand fs 0 body 1 pos 2,13 stuck 0
RC POS 149 id 16 seat 4 role defend fs 0 body 1 pos 9,13 stuck 0
RC POS 149 id 20 seat 5 role raid fs 0 body 1 pos 10,8 stuck 1
RC ECO 150 harvstore 2 harvseen -1 ti 17 units 9 scale 286.0
RC POS 150 id 4 seat 0 role raid fs 1 body 1 pos 12,4 stuck 0
RC POS 150 id 6 seat 1 role raid fs 1 body 2 pos 11,5 stuck 79
RC POS 150 id 8 seat 2 role expand fs 0 body 1 pos 11,12 stuck 0
RC POS 150 id 10 seat 3 role expand fs 0 body 1 pos 1,13 stuck 0
RC POS 150 id 16 seat 4 role defend fs 0 body 1 pos 9,12 stuck 0
RC POS 150 id 20 seat 5 role raid fs 0 body 1 pos 10,8 stuck 1
RC POS 151 id 4 seat 0 role raid fs 1 body 1 pos 11,4 stuck 0
RC POS 151 id 6 seat 1 role raid fs 1 body 2 pos 11,5 stuck 80
RC POS 151 id 8 seat 2 role expand fs 0 body 1 pos 11,13 stuck 0
RC POS 151 id 10 seat 3 role expand fs 0 body 1 pos 2,13 stuck 0
RC POS 151 id 16 seat 4 role defend fs 0 body 1 pos 10,12 stuck 0
RC POS 151 id 20 seat 5 role raid fs 0 body 1 pos 10,8 stuck 1
RC POS 152 id 4 seat 0 role raid fs 1 body 1 pos 10,4 stuck 0
RC POS 152 id 6 seat 1 role raid fs 1 body 2 pos 11,5 stuck 81
RC POS 152 id 8 seat 2 role expand fs 0 body 1 pos 11,12 stuck 0
RC POS 152 id 10 seat 3 role expand fs 0 body 1 pos 1,13 stuck 0
RC POS 152 id 16 seat 4 role defend fs 0 body 1 pos 10,13 stuck 0
RC POS 152 id 20 seat 5 role raid fs 0 body 1 pos 10,8 stuck 1
RC POS 153 id 4 seat 0 role raid fs 1 body 1 pos 11,4 stuck 0
RC POS 153 id 6 seat 1 role raid fs 1 body 2 pos 11,5 stuck 82
RC POS 153 id 8 seat 2 role expand fs 0 body 1 pos 12,12 stuck 0
RC POS 153 id 10 seat 3 role expand fs 0 body 1 pos 2,13 stuck 0
RC POS 153 id 16 seat 4 role defend fs 0 body 1 pos 10,13 stuck 1
RC POS 153 id 20 seat 5 role raid fs 0 body 1 pos 10,8 stuck 1
RC POS 154 id 4 seat 0 role raid fs 1 body 1 pos 10,4 stuck 0
RC POS 154 id 6 seat 1 role raid fs 1 body 2 pos 11,5 stuck 83
RC POS 154 id 8 seat 2 role expand fs 0 body 1 pos 12,13 stuck 0
RC POS 154 id 10 seat 3 role expand fs 0 body 1 pos 1,13 stuck 0
RC POS 154 id 16 seat 4 role defend fs 0 body 1 pos 11,13 stuck 0
RC POS 154 id 20 seat 5 role raid fs 0 body 1 pos 10,8 stuck 1
RC POS 155 id 4 seat 0 role raid fs 1 body 1 pos 11,4 stuck 0
RC POS 155 id 6 seat 1 role raid fs 1 body 2 pos 11,5 stuck 84
RC POS 155 id 8 seat 2 role expand fs 0 body 1 pos 12,13 stuck 1
RC POS 155 id 10 seat 3 role expand fs 0 body 1 pos 2,13 stuck 0
RC POS 155 id 16 seat 4 role defend fs 0 body 1 pos 10,13 stuck 0
RC POS 155 id 20 seat 5 role raid fs 0 body 1 pos 10,8 stuck 1
RC POS 156 id 4 seat 0 role raid fs 1 body 1 pos 10,4 stuck 0
RC POS 156 id 6 seat 1 role raid fs 1 body 2 pos 11,5 stuck 85
RC POS 156 id 8 seat 2 role expand fs 0 body 1 pos 12,13 stuck 2
RC POS 156 id 10 seat 3 role expand fs 0 body 1 pos 1,13 stuck 0
RC POS 156 id 16 seat 4 role defend fs 0 body 1 pos 10,13 stuck 1
RC POS 156 id 20 seat 5 role raid fs 0 body 1 pos 10,8 stuck 1
RC POS 157 id 4 seat 0 role raid fs 1 body 1 pos 11,4 stuck 0
RC POS 157 id 6 seat 1 role raid fs 1 body 2 pos 11,5 stuck 86
RC POS 157 id 8 seat 2 role expand fs 0 body 1 pos 11,13 stuck 0
RC POS 157 id 10 seat 3 role expand fs 0 body 1 pos 2,13 stuck 0
RC POS 157 id 16 seat 4 role defend fs 0 body 1 pos 9,13 stuck 0
RC POS 157 id 20 seat 5 role raid fs 0 body 1 pos 10,8 stuck 1
RC POS 158 id 4 seat 0 role raid fs 1 body 1 pos 12,4 stuck 0
RC POS 158 id 6 seat 1 role raid fs 1 body 2 pos 11,5 stuck 87
RC POS 158 id 8 seat 2 role expand fs 0 body 1 pos 11,12 stuck 0
RC POS 158 id 10 seat 3 role expand fs 0 body 1 pos 1,13 stuck 0
RC POS 158 id 16 seat 4 role defend fs 0 body 1 pos 9,12 stuck 0
RC POS 158 id 20 seat 5 role raid fs 0 body 1 pos 10,8 stuck 1
RC POS 159 id 4 seat 0 role raid fs 1 body 1 pos 11,4 stuck 0
RC POS 159 id 6 seat 1 role raid fs 1 body 2 pos 11,5 stuck 88
RC POS 159 id 8 seat 2 role expand fs 0 body 1 pos 11,13 stuck 0
RC POS 159 id 10 seat 3 role expand fs 0 body 1 pos 2,13 stuck 0
RC POS 159 id 16 seat 4 role defend fs 0 body 1 pos 10,12 stuck 0
RC POS 159 id 20 seat 5 role raid fs 0 body 1 pos 10,8 stuck 1
RC POS 160 id 4 seat 0 role raid fs 1 body 1 pos 10,4 stuck 0
RC POS 160 id 6 seat 1 role raid fs 1 body 2 pos 11,5 stuck 89
RC POS 160 id 8 seat 2 role expand fs 0 body 1 pos 11,12 stuck 0
RC POS 160 id 10 seat 3 role expand fs 0 body 1 pos 1,13 stuck 0
RC POS 160 id 16 seat 4 role defend fs 0 body 1 pos 10,13 stuck 0
RC POS 160 id 20 seat 5 role raid fs 0 body 1 pos 10,8 stuck 1
RC POS 161 id 4 seat 0 role raid fs 1 body 1 pos 11,4 stuck 0
RC POS 161 id 6 seat 1 role raid fs 1 body 2 pos 11,5 stuck 90
RC POS 161 id 8 seat 2 role expand fs 0 body 1 pos 12,12 stuck 0
RC POS 161 id 10 seat 3 role expand fs 0 body 1 pos 2,13 stuck 0
RC POS 161 id 16 seat 4 role defend fs 0 body 1 pos 10,13 stuck 1
RC POS 161 id 20 seat 5 role raid fs 0 body 1 pos 10,8 stuck 1
RC POS 162 id 4 seat 0 role raid fs 1 body 1 pos 10,4 stuck 0
RC POS 162 id 6 seat 1 role raid fs 1 body 2 pos 11,5 stuck 91
RC POS 162 id 8 seat 2 role expand fs 0 body 1 pos 12,13 stuck 0
RC POS 162 id 10 seat 3 role expand fs 0 body 1 pos 1,13 stuck 0
RC POS 162 id 16 seat 4 role defend fs 0 body 1 pos 11,13 stuck 0
RC POS 162 id 20 seat 5 role raid fs 0 body 1 pos 10,8 stuck 1
RC POS 163 id 4 seat 0 role raid fs 1 body 1 pos 11,4 stuck 0
RC POS 163 id 6 seat 1 role raid fs 1 body 2 pos 11,5 stuck 92
RC POS 163 id 8 seat 2 role expand fs 0 body 1 pos 12,13 stuck 1
RC POS 163 id 10 seat 3 role expand fs 0 body 1 pos 2,13 stuck 0
RC POS 163 id 16 seat 4 role defend fs 0 body 1 pos 10,13 stuck 0
RC POS 163 id 20 seat 5 role raid fs 0 body 1 pos 10,8 stuck 1
RC POS 164 id 4 seat 0 role raid fs 1 body 1 pos 10,4 stuck 0
RC POS 164 id 6 seat 1 role raid fs 1 body 2 pos 11,5 stuck 93
RC POS 164 id 8 seat 2 role expand fs 0 body 1 pos 12,13 stuck 2
RC POS 164 id 10 seat 3 role expand fs 0 body 1 pos 1,13 stuck 0
RC POS 164 id 16 seat 4 role defend fs 0 body 1 pos 10,13 stuck 1
RC POS 164 id 20 seat 5 role raid fs 0 body 1 pos 10,8 stuck 1
RC POS 165 id 4 seat 0 role raid fs 1 body 1 pos 10,4 stuck 1
RC POS 165 id 6 seat 1 role raid fs 1 body 2 pos 11,5 stuck 94
RC POS 165 id 8 seat 2 role expand fs 0 body 1 pos 11,13 stuck 0
RC POS 165 id 10 seat 3 role expand fs 0 body 1 pos 2,13 stuck 0
RC POS 165 id 16 seat 4 role defend fs 0 body 1 pos 9,13 stuck 0
RC POS 165 id 20 seat 5 role raid fs 0 body 1 pos 10,8 stuck 1
RC POS 166 id 4 seat 0 role raid fs 1 body 1 pos 11,4 stuck 0
RC POS 166 id 6 seat 1 role raid fs 1 body 2 pos 11,5 stuck 95
RC POS 166 id 8 seat 2 role expand fs 0 body 1 pos 11,12 stuck 0
RC POS 166 id 10 seat 3 role expand fs 0 body 1 pos 1,13 stuck 0
RC POS 166 id 16 seat 4 role defend fs 0 body 1 pos 9,12 stuck 0
RC POS 166 id 20 seat 5 role raid fs 0 body 1 pos 10,8 stuck 1
RC POS 167 id 4 seat 0 role raid fs 1 body 1 pos 12,4 stuck 0
RC POS 167 id 6 seat 1 role raid fs 1 body 2 pos 11,5 stuck 96
RC POS 167 id 8 seat 2 role expand fs 0 body 1 pos 11,13 stuck 0
RC POS 167 id 10 seat 3 role expand fs 0 body 1 pos 2,13 stuck 0
RC POS 167 id 16 seat 4 role defend fs 0 body 1 pos 10,12 stuck 0
RC POS 167 id 20 seat 5 role raid fs 0 body 1 pos 10,8 stuck 1
RC POS 168 id 4 seat 0 role raid fs 1 body 1 pos 12,5 stuck 0
RC POS 168 id 6 seat 1 role raid fs 1 body 2 pos 11,5 stuck 97
RC POS 168 id 8 seat 2 role expand fs 0 body 1 pos 11,12 stuck 0
RC POS 168 id 10 seat 3 role expand fs 0 body 1 pos 1,13 stuck 0
RC POS 168 id 16 seat 4 role defend fs 0 body 1 pos 10,12 stuck 1
RC POS 168 id 20 seat 5 role raid fs 0 body 1 pos 10,8 stuck 1
RC POS 169 id 4 seat 0 role raid fs 1 body 1 pos 12,6 stuck 0
RC POS 169 id 6 seat 1 role raid fs 1 body 2 pos 11,5 stuck 98
RC POS 169 id 8 seat 2 role expand fs 0 body 1 pos 12,12 stuck 0
RC POS 169 id 10 seat 3 role expand fs 0 body 1 pos 2,13 stuck 0
RC POS 169 id 16 seat 4 role defend fs 0 body 1 pos 11,12 stuck 0
RC POS 169 id 20 seat 5 role raid fs 0 body 1 pos 10,8 stuck 1
RC POS 170 id 4 seat 0 role raid fs 1 body 1 pos 12,5 stuck 0
RC POS 170 id 6 seat 1 role raid fs 1 body 2 pos 11,5 stuck 99
RC POS 170 id 8 seat 2 role expand fs 0 body 1 pos 12,13 stuck 0
RC POS 170 id 10 seat 3 role expand fs 0 body 1 pos 1,13 stuck 0
RC POS 170 id 16 seat 4 role defend fs 0 body 1 pos 11,13 stuck 0
RC POS 170 id 20 seat 5 role raid fs 0 body 1 pos 10,8 stuck 1
RC POS 171 id 4 seat 0 role raid fs 1 body 1 pos 12,4 stuck 0
RC POS 171 id 6 seat 1 role raid fs 1 body 2 pos 11,5 stuck 100
RC POS 171 id 8 seat 2 role expand fs 0 body 1 pos 12,13 stuck 1
RC POS 171 id 10 seat 3 role expand fs 0 body 1 pos 2,13 stuck 0
RC POS 171 id 16 seat 4 role defend fs 0 body 1 pos 11,12 stuck 0
RC POS 171 id 20 seat 5 role raid fs 0 body 1 pos 10,8 stuck 1
RC POS 172 id 4 seat 0 role raid fs 1 body 1 pos 11,4 stuck 0
RC POS 172 id 6 seat 1 role raid fs 1 body 2 pos 11,5 stuck 101
RC POS 172 id 8 seat 2 role expand fs 0 body 1 pos 11,13 stuck 0
RC POS 172 id 10 seat 3 role expand fs 0 body 1 pos 1,13 stuck 0
RC POS 172 id 16 seat 4 role defend fs 0 body 1 pos 12,12 stuck 0
RC POS 172 id 20 seat 5 role raid fs 0 body 1 pos 10,8 stuck 1
RC POS 173 id 4 seat 0 role raid fs 1 body 1 pos 10,4 stuck 0
RC POS 173 id 6 seat 1 role raid fs 1 body 2 pos 11,5 stuck 102
RC POS 173 id 8 seat 2 role expand fs 0 body 1 pos 11,12 stuck 0
RC POS 173 id 10 seat 3 role expand fs 0 body 1 pos 2,13 stuck 0
RC POS 173 id 16 seat 4 role defend fs 0 body 1 pos 12,13 stuck 0
RC POS 173 id 20 seat 5 role raid fs 0 body 1 pos 10,8 stuck 1
RC POS 174 id 4 seat 0 role raid fs 1 body 1 pos 11,4 stuck 0
RC POS 174 id 6 seat 1 role raid fs 1 body 2 pos 11,5 stuck 103
RC POS 174 id 8 seat 2 role expand fs 0 body 1 pos 11,13 stuck 0
RC POS 174 id 10 seat 3 role expand fs 0 body 1 pos 1,13 stuck 0
RC POS 174 id 16 seat 4 role defend fs 0 body 1 pos 12,13 stuck 1
RC POS 174 id 20 seat 5 role raid fs 0 body 1 pos 10,8 stuck 1
RC ECO 175 harvstore 2 harvseen -1 ti 9 units 10 scale 306.0
RC POS 175 id 4 seat 0 role raid fs 1 body 1 pos 10,4 stuck 0
RC POS 175 id 6 seat 1 role raid fs 1 body 2 pos 11,5 stuck 104
RC POS 175 id 8 seat 2 role expand fs 0 body 1 pos 11,12 stuck 0
RC POS 175 id 10 seat 3 role expand fs 0 body 1 pos 2,13 stuck 0
RC POS 175 id 16 seat 4 role defend fs 0 body 1 pos 11,13 stuck 0
RC POS 175 id 20 seat 5 role raid fs 0 body 1 pos 10,8 stuck 1
RC POS 176 id 4 seat 0 role raid fs 1 body 1 pos 11,4 stuck 0
RC POS 176 id 6 seat 1 role raid fs 1 body 2 pos 11,5 stuck 105
RC POS 176 id 8 seat 2 role expand fs 0 body 1 pos 12,12 stuck 0
RC POS 176 id 10 seat 3 role expand fs 0 body 1 pos 1,13 stuck 0
RC POS 176 id 16 seat 4 role defend fs 0 body 1 pos 11,12 stuck 0
RC POS 176 id 20 seat 5 role raid fs 0 body 1 pos 10,8 stuck 1
RC POS 177 id 4 seat 0 role raid fs 1 body 1 pos 10,4 stuck 0
RC POS 177 id 6 seat 1 role raid fs 1 body 2 pos 11,5 stuck 106
RC POS 177 id 8 seat 2 role expand fs 0 body 1 pos 12,13 stuck 0
RC POS 177 id 10 seat 3 role expand fs 0 body 1 pos 2,13 stuck 0
RC POS 177 id 16 seat 4 role defend fs 0 body 1 pos 11,13 stuck 0
RC POS 177 id 20 seat 5 role raid fs 0 body 1 pos 10,8 stuck 1
RC POS 178 id 4 seat 0 role raid fs 1 body 1 pos 11,4 stuck 0
RC POS 178 id 6 seat 1 role raid fs 1 body 2 pos 11,5 stuck 107
RC POS 178 id 8 seat 2 role expand fs 0 body 1 pos 12,13 stuck 1
RC POS 178 id 10 seat 3 role expand fs 0 body 1 pos 1,13 stuck 0
RC POS 178 id 16 seat 4 role defend fs 0 body 1 pos 11,12 stuck 0
RC POS 178 id 20 seat 5 role raid fs 0 body 1 pos 10,8 stuck 1
RC POS 179 id 4 seat 0 role raid fs 1 body 1 pos 10,4 stuck 0
RC POS 179 id 6 seat 1 role raid fs 1 body 2 pos 11,5 stuck 108
RC POS 179 id 8 seat 2 role expand fs 0 body 1 pos 11,13 stuck 0
RC POS 179 id 10 seat 3 role expand fs 0 body 1 pos 2,13 stuck 0
RC POS 179 id 16 seat 4 role defend fs 0 body 1 pos 12,12 stuck 0
RC POS 179 id 20 seat 5 role raid fs 0 body 1 pos 10,8 stuck 1
RC POS 180 id 4 seat 0 role raid fs 1 body 1 pos 11,4 stuck 0
RC POS 180 id 6 seat 1 role raid fs 1 body 2 pos 11,5 stuck 109
RC POS 180 id 8 seat 2 role expand fs 0 body 1 pos 11,12 stuck 0
RC POS 180 id 10 seat 3 role expand fs 0 body 1 pos 1,13 stuck 0
RC POS 180 id 16 seat 4 role defend fs 0 body 1 pos 12,13 stuck 0
RC POS 180 id 20 seat 5 role raid fs 0 body 1 pos 10,8 stuck 1
RC POS 181 id 4 seat 0 role raid fs 1 body 1 pos 10,4 stuck 0
RC POS 181 id 6 seat 1 role raid fs 1 body 2 pos 11,5 stuck 110
RC POS 181 id 8 seat 2 role expand fs 0 body 1 pos 11,13 stuck 0
RC POS 181 id 10 seat 3 role expand fs 0 body 1 pos 2,13 stuck 0
RC POS 181 id 16 seat 4 role defend fs 0 body 1 pos 12,13 stuck 1
RC POS 181 id 20 seat 5 role raid fs 0 body 1 pos 10,8 stuck 1
RC POS 182 id 4 seat 0 role raid fs 1 body 1 pos 10,4 stuck 1
RC POS 182 id 6 seat 1 role raid fs 1 body 2 pos 11,5 stuck 111
RC POS 182 id 8 seat 2 role expand fs 0 body 1 pos 11,12 stuck 0
RC POS 182 id 10 seat 3 role expand fs 0 body 1 pos 1,13 stuck 0
RC POS 182 id 16 seat 4 role defend fs 0 body 1 pos 11,13 stuck 0
RC POS 182 id 20 seat 5 role raid fs 0 body 1 pos 10,8 stuck 1
RC POS 183 id 4 seat 0 role raid fs 1 body 1 pos 11,4 stuck 0
RC POS 183 id 6 seat 1 role raid fs 1 body 2 pos 11,5 stuck 112
RC POS 183 id 8 seat 2 role expand fs 0 body 1 pos 12,12 stuck 0
RC POS 183 id 10 seat 3 role expand fs 0 body 1 pos 2,13 stuck 0
RC POS 183 id 16 seat 4 role defend fs 0 body 1 pos 11,12 stuck 0
RC POS 183 id 20 seat 5 role raid fs 0 body 1 pos 10,8 stuck 1
RC POS 184 id 4 seat 0 role raid fs 1 body 1 pos 10,4 stuck 0
RC POS 184 id 6 seat 1 role raid fs 1 body 2 pos 11,5 stuck 113
RC POS 184 id 8 seat 2 role expand fs 0 body 1 pos 12,13 stuck 0
RC POS 184 id 10 seat 3 role expand fs 0 body 1 pos 1,13 stuck 0
RC POS 184 id 16 seat 4 role defend fs 0 body 1 pos 11,13 stuck 0
RC POS 184 id 20 seat 5 role raid fs 0 body 1 pos 10,8 stuck 1
RC POS 185 id 4 seat 0 role raid fs 1 body 1 pos 11,4 stuck 0
RC POS 185 id 6 seat 1 role raid fs 1 body 2 pos 11,5 stuck 114
RC POS 185 id 8 seat 2 role expand fs 0 body 1 pos 12,13 stuck 1
RC POS 185 id 10 seat 3 role expand fs 0 body 1 pos 2,13 stuck 0
RC POS 185 id 16 seat 4 role defend fs 0 body 1 pos 11,12 stuck 0
RC POS 185 id 20 seat 5 role raid fs 0 body 1 pos 10,8 stuck 2
RC POS 186 id 4 seat 0 role raid fs 1 body 1 pos 10,4 stuck 0
RC POS 186 id 6 seat 1 role raid fs 1 body 2 pos 11,5 stuck 115
RC POS 186 id 8 seat 2 role expand fs 0 body 1 pos 11,13 stuck 0
RC POS 186 id 10 seat 3 role expand fs 0 body 1 pos 1,13 stuck 0
RC POS 186 id 16 seat 4 role defend fs 0 body 1 pos 12,12 stuck 0
RC POS 186 id 20 seat 5 role raid fs 0 body 1 pos 10,8 stuck 3
RC POS 187 id 4 seat 0 role raid fs 1 body 1 pos 10,4 stuck 1
RC POS 187 id 6 seat 1 role raid fs 1 body 2 pos 11,5 stuck 116
RC POS 187 id 8 seat 2 role expand fs 0 body 1 pos 11,12 stuck 0
RC POS 187 id 10 seat 3 role expand fs 0 body 1 pos 2,13 stuck 0
RC POS 187 id 16 seat 4 role defend fs 0 body 1 pos 12,13 stuck 0
RC POS 187 id 20 seat 5 role raid fs 0 body 1 pos 10,8 stuck 4
RC POS 188 id 4 seat 0 role raid fs 1 body 1 pos 11,4 stuck 0
RC POS 188 id 6 seat 1 role raid fs 1 body 2 pos 11,5 stuck 117
RC POS 188 id 8 seat 2 role expand fs 0 body 1 pos 11,13 stuck 0
RC POS 188 id 10 seat 3 role expand fs 0 body 1 pos 1,13 stuck 0
RC POS 188 id 16 seat 4 role defend fs 0 body 1 pos 12,13 stuck 1
RC POS 188 id 20 seat 5 role raid fs 0 body 1 pos 10,8 stuck 5
RC POS 189 id 4 seat 0 role raid fs 1 body 1 pos 10,4 stuck 0
RC POS 189 id 6 seat 1 role raid fs 1 body 2 pos 11,5 stuck 118
RC POS 189 id 8 seat 2 role expand fs 0 body 1 pos 11,12 stuck 0
RC POS 189 id 10 seat 3 role expand fs 0 body 1 pos 2,13 stuck 0
RC POS 189 id 16 seat 4 role defend fs 0 body 1 pos 11,13 stuck 0
RC POS 189 id 20 seat 5 role raid fs 0 body 1 pos 10,8 stuck 6
RC POS 190 id 4 seat 0 role raid fs 1 body 1 pos 11,4 stuck 0
RC POS 190 id 6 seat 1 role raid fs 1 body 2 pos 11,5 stuck 119
RC POS 190 id 8 seat 2 role expand fs 0 body 1 pos 12,12 stuck 0
RC POS 190 id 10 seat 3 role expand fs 0 body 1 pos 1,13 stuck 0
RC POS 190 id 16 seat 4 role defend fs 0 body 1 pos 11,12 stuck 0
RC POS 190 id 20 seat 5 role raid fs 0 body 1 pos 10,8 stuck 7
RC POS 191 id 4 seat 0 role raid fs 1 body 1 pos 10,4 stuck 0
RC POS 191 id 6 seat 1 role raid fs 1 body 2 pos 11,5 stuck 120
RC POS 191 id 8 seat 2 role expand fs 0 body 1 pos 12,13 stuck 0
RC POS 191 id 10 seat 3 role expand fs 0 body 1 pos 2,13 stuck 0
RC POS 191 id 16 seat 4 role defend fs 0 body 1 pos 11,13 stuck 0
RC POS 191 id 20 seat 5 role raid fs 0 body 1 pos 10,8 stuck 8
RC POS 192 id 4 seat 0 role raid fs 1 body 1 pos 11,4 stuck 0
RC POS 192 id 6 seat 1 role raid fs 1 body 2 pos 11,5 stuck 121
RC POS 192 id 8 seat 2 role expand fs 0 body 1 pos 12,13 stuck 1
RC POS 192 id 10 seat 3 role expand fs 0 body 1 pos 1,13 stuck 0
RC POS 192 id 16 seat 4 role defend fs 0 body 1 pos 11,12 stuck 0
RC POS 192 id 20 seat 5 role raid fs 0 body 1 pos 10,8 stuck 9
RC POS 193 id 4 seat 0 role raid fs 1 body 1 pos 10,4 stuck 0
RC POS 193 id 6 seat 1 role raid fs 1 body 2 pos 11,5 stuck 122
RC POS 193 id 8 seat 2 role expand fs 0 body 1 pos 11,13 stuck 0
RC POS 193 id 10 seat 3 role expand fs 0 body 1 pos 2,13 stuck 0
RC POS 193 id 16 seat 4 role defend fs 0 body 1 pos 12,12 stuck 0
RC POS 193 id 20 seat 5 role raid fs 0 body 1 pos 10,8 stuck 10
RC POS 194 id 4 seat 0 role raid fs 1 body 1 pos 11,4 stuck 0
RC POS 194 id 6 seat 1 role raid fs 1 body 2 pos 11,5 stuck 123
RC POS 194 id 8 seat 2 role expand fs 0 body 1 pos 11,12 stuck 0
RC POS 194 id 10 seat 3 role expand fs 0 body 1 pos 1,13 stuck 0
RC POS 194 id 16 seat 4 role defend fs 0 body 1 pos 12,13 stuck 0
RC POS 194 id 20 seat 5 role raid fs 0 body 1 pos 10,8 stuck 1
RC POS 195 id 4 seat 0 role raid fs 1 body 1 pos 10,4 stuck 0
RC POS 195 id 6 seat 1 role raid fs 1 body 2 pos 11,5 stuck 124
RC POS 195 id 8 seat 2 role expand fs 0 body 1 pos 11,13 stuck 0
RC POS 195 id 10 seat 3 role expand fs 0 body 1 pos 2,13 stuck 0
RC POS 195 id 16 seat 4 role defend fs 0 body 1 pos 12,13 stuck 1
RC POS 195 id 20 seat 5 role raid fs 0 body 1 pos 10,8 stuck 1
RC POS 196 id 4 seat 0 role raid fs 1 body 1 pos 11,4 stuck 0
RC POS 196 id 6 seat 1 role raid fs 1 body 2 pos 11,5 stuck 125
RC POS 196 id 8 seat 2 role expand fs 0 body 1 pos 11,12 stuck 0
RC POS 196 id 10 seat 3 role expand fs 0 body 1 pos 1,13 stuck 0
RC POS 196 id 16 seat 4 role defend fs 0 body 1 pos 11,13 stuck 0
RC POS 196 id 20 seat 5 role raid fs 0 body 1 pos 10,8 stuck 1
RC POS 197 id 4 seat 0 role raid fs 1 body 1 pos 10,4 stuck 0
RC POS 197 id 6 seat 1 role raid fs 1 body 2 pos 11,5 stuck 126
RC POS 197 id 8 seat 2 role expand fs 0 body 1 pos 12,12 stuck 0
RC POS 197 id 10 seat 3 role expand fs 0 body 1 pos 2,13 stuck 0
RC POS 197 id 16 seat 4 role defend fs 0 body 1 pos 11,12 stuck 0
RC POS 197 id 20 seat 5 role raid fs 0 body 1 pos 10,8 stuck 2
RC POS 198 id 4 seat 0 role raid fs 1 body 1 pos 11,4 stuck 0
RC POS 198 id 6 seat 1 role raid fs 1 body 2 pos 11,5 stuck 127
RC POS 198 id 8 seat 2 role expand fs 0 body 1 pos 12,13 stuck 0
RC POS 198 id 10 seat 3 role expand fs 0 body 1 pos 1,13 stuck 0
RC POS 198 id 16 seat 4 role defend fs 0 body 1 pos 11,13 stuck 0
RC POS 198 id 20 seat 5 role raid fs 0 body 1 pos 10,8 stuck 3
RC POS 199 id 4 seat 0 role raid fs 1 body 1 pos 10,4 stuck 0
RC POS 199 id 6 seat 1 role raid fs 1 body 2 pos 11,5 stuck 128
RC POS 199 id 8 seat 2 role expand fs 0 body 1 pos 12,13 stuck 1
RC POS 199 id 10 seat 3 role expand fs 0 body 1 pos 2,13 stuck 0
RC POS 199 id 16 seat 4 role defend fs 0 body 1 pos 11,12 stuck 0
RC POS 199 id 20 seat 5 role raid fs 0 body 1 pos 10,8 stuck 4
RC ECO 200 harvstore 2 harvseen -1 ti 34 units 10 scale 305.0
RC POS 200 id 4 seat 0 role raid fs 1 body 1 pos 11,4 stuck 0
RC POS 200 id 6 seat 1 role raid fs 1 body 2 pos 11,5 stuck 129
RC POS 200 id 8 seat 2 role expand fs 0 body 1 pos 11,13 stuck 0
RC POS 200 id 10 seat 3 role expand fs 0 body 1 pos 1,13 stuck 0
RC POS 200 id 16 seat 4 role defend fs 0 body 1 pos 12,12 stuck 0
RC POS 200 id 20 seat 5 role raid fs 0 body 1 pos 10,8 stuck 5
RC POS 201 id 4 seat 0 role raid fs 1 body 1 pos 10,4 stuck 0
RC POS 201 id 6 seat 1 role raid fs 1 body 2 pos 11,5 stuck 130
RC POS 201 id 8 seat 2 role expand fs 0 body 1 pos 11,12 stuck 0
RC POS 201 id 10 seat 3 role expand fs 0 body 1 pos 2,13 stuck 0
RC POS 201 id 16 seat 4 role defend fs 0 body 1 pos 12,13 stuck 0
RC POS 201 id 20 seat 5 role raid fs 0 body 1 pos 10,8 stuck 6
RC POS 202 id 4 seat 0 role raid fs 1 body 1 pos 11,4 stuck 0
RC POS 202 id 6 seat 1 role raid fs 1 body 2 pos 11,5 stuck 131
RC POS 202 id 8 seat 2 role expand fs 0 body 1 pos 11,13 stuck 0
RC POS 202 id 10 seat 3 role expand fs 0 body 1 pos 1,13 stuck 0
RC POS 202 id 16 seat 4 role defend fs 0 body 1 pos 12,13 stuck 1
RC POS 202 id 20 seat 5 role raid fs 0 body 1 pos 10,8 stuck 1
RC POS 203 id 4 seat 0 role raid fs 1 body 1 pos 10,4 stuck 0
RC POS 203 id 6 seat 1 role raid fs 1 body 2 pos 11,5 stuck 132
RC POS 203 id 8 seat 2 role expand fs 0 body 1 pos 11,12 stuck 0
RC POS 203 id 10 seat 3 role expand fs 0 body 1 pos 2,13 stuck 0
RC POS 203 id 16 seat 4 role defend fs 0 body 1 pos 11,13 stuck 0
RC POS 203 id 20 seat 5 role raid fs 0 body 1 pos 10,8 stuck 1
RC POS 204 id 4 seat 0 role raid fs 1 body 1 pos 11,4 stuck 0
RC POS 204 id 6 seat 1 role raid fs 1 body 2 pos 11,5 stuck 133
RC POS 204 id 8 seat 2 role expand fs 0 body 1 pos 12,12 stuck 0
RC POS 204 id 10 seat 3 role expand fs 0 body 1 pos 1,13 stuck 0
RC POS 204 id 16 seat 4 role defend fs 0 body 1 pos 11,12 stuck 0
RC POS 204 id 20 seat 5 role raid fs 0 body 1 pos 10,8 stuck 1
RC POS 205 id 4 seat 0 role raid fs 1 body 1 pos 10,4 stuck 0
RC POS 205 id 6 seat 1 role raid fs 1 body 2 pos 11,5 stuck 134
RC POS 205 id 8 seat 2 role expand fs 0 body 1 pos 12,13 stuck 0
RC POS 205 id 10 seat 3 role expand fs 0 body 1 pos 2,13 stuck 0
RC POS 205 id 16 seat 4 role defend fs 0 body 1 pos 11,13 stuck 0
RC POS 205 id 20 seat 5 role raid fs 0 body 1 pos 10,8 stuck 2
RC POS 206 id 4 seat 0 role raid fs 1 body 1 pos 11,4 stuck 0
RC POS 206 id 6 seat 1 role raid fs 1 body 2 pos 11,5 stuck 135
RC POS 206 id 8 seat 2 role expand fs 0 body 1 pos 12,13 stuck 1
RC POS 206 id 10 seat 3 role expand fs 0 body 1 pos 1,13 stuck 0
RC POS 206 id 16 seat 4 role defend fs 0 body 1 pos 11,12 stuck 0
RC POS 206 id 20 seat 5 role raid fs 0 body 1 pos 10,8 stuck 3
RC POS 207 id 4 seat 0 role raid fs 1 body 1 pos 10,4 stuck 0
RC POS 207 id 6 seat 1 role raid fs 1 body 2 pos 11,5 stuck 136
RC POS 207 id 8 seat 2 role expand fs 0 body 1 pos 11,13 stuck 0
RC POS 207 id 10 seat 3 role expand fs 0 body 1 pos 2,13 stuck 0
RC POS 207 id 16 seat 4 role defend fs 0 body 1 pos 12,12 stuck 0
RC POS 207 id 20 seat 5 role raid fs 0 body 1 pos 10,8 stuck 4
RC POS 208 id 4 seat 0 role raid fs 1 body 1 pos 11,4 stuck 0
RC POS 208 id 6 seat 1 role raid fs 1 body 2 pos 11,5 stuck 137
RC POS 208 id 8 seat 2 role expand fs 0 body 1 pos 11,12 stuck 0
RC POS 208 id 10 seat 3 role expand fs 0 body 1 pos 1,13 stuck 0
RC POS 208 id 16 seat 4 role defend fs 0 body 1 pos 12,13 stuck 0
RC POS 208 id 20 seat 5 role raid fs 0 body 1 pos 10,8 stuck 5
RC POS 209 id 4 seat 0 role raid fs 1 body 1 pos 10,4 stuck 0
RC POS 209 id 6 seat 1 role raid fs 1 body 2 pos 11,5 stuck 138
RC POS 209 id 8 seat 2 role expand fs 0 body 1 pos 11,13 stuck 0
RC POS 209 id 10 seat 3 role expand fs 0 body 1 pos 2,13 stuck 0
RC POS 209 id 16 seat 4 role defend fs 0 body 1 pos 12,13 stuck 1
RC POS 209 id 20 seat 5 role raid fs 0 body 1 pos 10,8 stuck 6
RC POS 210 id 4 seat 0 role raid fs 1 body 1 pos 11,4 stuck 0
RC POS 210 id 6 seat 1 role raid fs 1 body 2 pos 11,5 stuck 139
RC POS 210 id 8 seat 2 role expand fs 0 body 1 pos 11,12 stuck 0
RC POS 210 id 10 seat 3 role expand fs 0 body 1 pos 1,13 stuck 0
RC POS 210 id 16 seat 4 role defend fs 0 body 1 pos 11,13 stuck 0
RC POS 210 id 20 seat 5 role raid fs 0 body 1 pos 10,8 stuck 7
RC POS 211 id 4 seat 0 role raid fs 1 body 1 pos 10,4 stuck 0
RC POS 211 id 6 seat 1 role raid fs 1 body 2 pos 11,5 stuck 140
RC POS 211 id 8 seat 2 role expand fs 0 body 1 pos 12,12 stuck 0
RC POS 211 id 10 seat 3 role expand fs 0 body 1 pos 2,13 stuck 0
RC POS 211 id 16 seat 4 role defend fs 0 body 1 pos 11,12 stuck 0
RC POS 211 id 20 seat 5 role raid fs 0 body 1 pos 10,8 stuck 8
RC POS 212 id 4 seat 0 role raid fs 1 body 1 pos 11,4 stuck 0
RC POS 212 id 6 seat 1 role raid fs 1 body 2 pos 11,5 stuck 141
RC POS 212 id 8 seat 2 role expand fs 0 body 1 pos 12,13 stuck 0
RC POS 212 id 10 seat 3 role expand fs 0 body 1 pos 1,13 stuck 0
RC POS 212 id 16 seat 4 role defend fs 0 body 1 pos 11,13 stuck 0
RC POS 212 id 20 seat 5 role raid fs 0 body 1 pos 10,8 stuck 9
RC POS 213 id 4 seat 0 role raid fs 1 body 1 pos 10,4 stuck 0
RC POS 213 id 6 seat 1 role raid fs 1 body 2 pos 11,5 stuck 142
RC POS 213 id 8 seat 2 role expand fs 0 body 1 pos 12,13 stuck 1
RC POS 213 id 10 seat 3 role expand fs 0 body 1 pos 2,13 stuck 0
RC POS 213 id 16 seat 4 role defend fs 0 body 1 pos 11,12 stuck 0
RC POS 213 id 20 seat 5 role raid fs 0 body 1 pos 10,8 stuck 10
RC POS 214 id 4 seat 0 role raid fs 1 body 1 pos 11,4 stuck 0
RC POS 214 id 6 seat 1 role raid fs 1 body 2 pos 11,5 stuck 143
RC POS 214 id 8 seat 2 role expand fs 0 body 1 pos 11,13 stuck 0
RC POS 214 id 10 seat 3 role expand fs 0 body 1 pos 1,13 stuck 0
RC POS 214 id 16 seat 4 role defend fs 0 body 1 pos 12,12 stuck 0
RC POS 214 id 20 seat 5 role raid fs 0 body 1 pos 10,8 stuck 1
RC POS 215 id 4 seat 0 role raid fs 1 body 1 pos 10,4 stuck 0
RC POS 215 id 6 seat 1 role raid fs 1 body 2 pos 11,5 stuck 144
RC POS 215 id 8 seat 2 role expand fs 0 body 1 pos 11,12 stuck 0
RC POS 215 id 10 seat 3 role expand fs 0 body 1 pos 2,13 stuck 0
RC POS 215 id 16 seat 4 role defend fs 0 body 1 pos 12,13 stuck 0
RC POS 215 id 20 seat 5 role raid fs 0 body 1 pos 10,8 stuck 1
RC POS 216 id 4 seat 0 role raid fs 1 body 1 pos 11,4 stuck 0
RC POS 216 id 6 seat 1 role raid fs 1 body 2 pos 11,5 stuck 145
RC POS 216 id 8 seat 2 role expand fs 0 body 1 pos 11,13 stuck 0
RC POS 216 id 10 seat 3 role expand fs 0 body 1 pos 1,13 stuck 0
RC POS 216 id 16 seat 4 role defend fs 0 body 1 pos 12,13 stuck 1
RC POS 216 id 20 seat 5 role raid fs 0 body 1 pos 10,8 stuck 1
RC POS 217 id 4 seat 0 role raid fs 1 body 1 pos 10,4 stuck 0
RC POS 217 id 6 seat 1 role raid fs 1 body 2 pos 11,5 stuck 146
RC POS 217 id 8 seat 2 role expand fs 0 body 1 pos 11,12 stuck 0
RC POS 217 id 10 seat 3 role expand fs 0 body 1 pos 2,13 stuck 0
RC POS 217 id 16 seat 4 role defend fs 0 body 1 pos 11,13 stuck 0
RC POS 217 id 20 seat 5 role raid fs 0 body 1 pos 10,8 stuck 2
RC POS 218 id 4 seat 0 role raid fs 1 body 1 pos 11,4 stuck 0
RC POS 218 id 6 seat 1 role raid fs 1 body 2 pos 11,5 stuck 147
RC POS 218 id 8 seat 2 role expand fs 0 body 1 pos 12,12 stuck 0
RC POS 218 id 10 seat 3 role expand fs 0 body 1 pos 1,13 stuck 0
RC POS 218 id 16 seat 4 role defend fs 0 body 1 pos 11,12 stuck 0
RC POS 218 id 20 seat 5 role raid fs 0 body 1 pos 10,8 stuck 3
RC POS 219 id 4 seat 0 role raid fs 1 body 1 pos 10,4 stuck 0
RC POS 219 id 6 seat 1 role raid fs 1 body 2 pos 11,5 stuck 148
RC POS 219 id 8 seat 2 role expand fs 0 body 1 pos 12,13 stuck 0
RC POS 219 id 10 seat 3 role expand fs 0 body 1 pos 2,13 stuck 0
RC POS 219 id 16 seat 4 role defend fs 0 body 1 pos 11,13 stuck 0
RC POS 219 id 20 seat 5 role raid fs 0 body 1 pos 10,8 stuck 4
RC POS 220 id 4 seat 0 role raid fs 1 body 1 pos 11,4 stuck 0
RC POS 220 id 6 seat 1 role raid fs 1 body 2 pos 11,5 stuck 149
RC POS 220 id 8 seat 2 role expand fs 0 body 1 pos 12,13 stuck 1
RC POS 220 id 10 seat 3 role expand fs 0 body 1 pos 1,13 stuck 0
RC POS 220 id 16 seat 4 role defend fs 0 body 1 pos 11,12 stuck 0
RC POS 220 id 20 seat 5 role raid fs 0 body 1 pos 10,8 stuck 5
RC POS 221 id 4 seat 0 role raid fs 1 body 1 pos 10,4 stuck 0
RC POS 221 id 6 seat 1 role raid fs 1 body 2 pos 11,5 stuck 150
RC POS 221 id 8 seat 2 role expand fs 0 body 1 pos 11,13 stuck 0
RC POS 221 id 10 seat 3 role expand fs 0 body 1 pos 2,13 stuck 0
RC POS 221 id 16 seat 4 role defend fs 0 body 1 pos 12,12 stuck 0
RC POS 221 id 20 seat 5 role raid fs 0 body 1 pos 10,8 stuck 6
RC POS 222 id 4 seat 0 role raid fs 1 body 1 pos 11,4 stuck 0
RC POS 222 id 6 seat 1 role raid fs 1 body 2 pos 11,5 stuck 151
RC POS 222 id 8 seat 2 role expand fs 0 body 1 pos 11,12 stuck 0
RC POS 222 id 10 seat 3 role expand fs 0 body 1 pos 1,13 stuck 0
RC POS 222 id 16 seat 4 role defend fs 0 body 1 pos 12,13 stuck 0
RC POS 222 id 20 seat 5 role raid fs 0 body 1 pos 10,8 stuck 1
RC POS 223 id 4 seat 0 role raid fs 1 body 1 pos 10,4 stuck 0
RC POS 223 id 6 seat 1 role raid fs 1 body 2 pos 11,5 stuck 152
RC POS 223 id 8 seat 2 role expand fs 0 body 1 pos 11,13 stuck 0
RC POS 223 id 10 seat 3 role expand fs 0 body 1 pos 2,13 stuck 0
RC POS 223 id 16 seat 4 role defend fs 0 body 1 pos 12,13 stuck 1
RC POS 223 id 20 seat 5 role raid fs 0 body 1 pos 10,8 stuck 1
RC POS 224 id 4 seat 0 role raid fs 1 body 1 pos 11,4 stuck 0
RC POS 224 id 6 seat 1 role raid fs 1 body 2 pos 11,5 stuck 153
RC POS 224 id 8 seat 2 role expand fs 0 body 1 pos 11,12 stuck 0
RC POS 224 id 10 seat 3 role expand fs 0 body 1 pos 1,13 stuck 0
RC POS 224 id 16 seat 4 role defend fs 0 body 1 pos 11,13 stuck 0
RC POS 224 id 20 seat 5 role raid fs 0 body 1 pos 10,8 stuck 1
RC ECO 225 harvstore 2 harvseen -1 ti 17 units 10 scale 305.0
RC POS 225 id 4 seat 0 role raid fs 1 body 1 pos 10,4 stuck 0
RC POS 225 id 6 seat 1 role raid fs 1 body 2 pos 11,5 stuck 154
RC POS 225 id 8 seat 2 role expand fs 0 body 1 pos 12,12 stuck 0
RC POS 225 id 10 seat 3 role expand fs 0 body 1 pos 2,13 stuck 0
RC POS 225 id 16 seat 4 role defend fs 0 body 1 pos 11,12 stuck 0
RC POS 225 id 20 seat 5 role raid fs 0 body 1 pos 10,8 stuck 2
RC POS 226 id 4 seat 0 role raid fs 1 body 1 pos 11,4 stuck 0
RC POS 226 id 6 seat 1 role raid fs 1 body 2 pos 11,5 stuck 155
RC POS 226 id 8 seat 2 role expand fs 0 body 1 pos 12,13 stuck 0
RC POS 226 id 10 seat 3 role expand fs 0 body 1 pos 1,13 stuck 0
RC POS 226 id 16 seat 4 role defend fs 0 body 1 pos 11,13 stuck 0
RC POS 226 id 20 seat 5 role raid fs 0 body 1 pos 10,8 stuck 3
RC POS 227 id 4 seat 0 role raid fs 1 body 1 pos 10,4 stuck 0
RC POS 227 id 6 seat 1 role raid fs 1 body 2 pos 11,5 stuck 156
RC POS 227 id 8 seat 2 role expand fs 0 body 1 pos 12,13 stuck 1
RC POS 227 id 10 seat 3 role expand fs 0 body 1 pos 2,13 stuck 0
RC POS 227 id 16 seat 4 role defend fs 0 body 1 pos 11,12 stuck 0
RC POS 227 id 20 seat 5 role raid fs 0 body 1 pos 10,8 stuck 4
RC POS 228 id 4 seat 0 role raid fs 1 body 1 pos 11,4 stuck 0
RC POS 228 id 6 seat 1 role raid fs 1 body 2 pos 11,5 stuck 157
RC POS 228 id 8 seat 2 role expand fs 0 body 1 pos 11,13 stuck 0
RC POS 228 id 10 seat 3 role expand fs 0 body 1 pos 1,13 stuck 0
RC POS 228 id 16 seat 4 role defend fs 0 body 1 pos 12,12 stuck 0
RC POS 228 id 20 seat 5 role raid fs 0 body 1 pos 10,8 stuck 5
RC POS 229 id 4 seat 0 role raid fs 1 body 1 pos 10,4 stuck 0
RC POS 229 id 6 seat 1 role raid fs 1 body 2 pos 11,5 stuck 158
RC POS 229 id 8 seat 2 role expand fs 0 body 1 pos 11,12 stuck 0
RC POS 229 id 10 seat 3 role expand fs 0 body 1 pos 2,13 stuck 0
RC POS 229 id 16 seat 4 role defend fs 0 body 1 pos 12,13 stuck 0
RC POS 229 id 20 seat 5 role raid fs 0 body 1 pos 10,8 stuck 6
RC POS 230 id 4 seat 0 role raid fs 1 body 1 pos 11,4 stuck 0
RC POS 230 id 6 seat 1 role raid fs 1 body 2 pos 11,5 stuck 159
RC POS 230 id 8 seat 2 role expand fs 0 body 1 pos 11,13 stuck 0
RC POS 230 id 10 seat 3 role expand fs 0 body 1 pos 1,13 stuck 0
RC POS 230 id 16 seat 4 role defend fs 0 body 1 pos 12,13 stuck 1
RC POS 230 id 20 seat 5 role raid fs 0 body 1 pos 10,8 stuck 7
RC POS 231 id 4 seat 0 role raid fs 1 body 1 pos 10,4 stuck 0
RC POS 231 id 6 seat 1 role raid fs 1 body 2 pos 11,5 stuck 160
RC POS 231 id 8 seat 2 role expand fs 0 body 1 pos 11,12 stuck 0
RC POS 231 id 10 seat 3 role expand fs 0 body 1 pos 2,13 stuck 0
RC POS 231 id 16 seat 4 role defend fs 0 body 1 pos 11,13 stuck 0
RC POS 231 id 20 seat 5 role raid fs 0 body 1 pos 10,8 stuck 8
RC POS 232 id 4 seat 0 role raid fs 1 body 1 pos 11,4 stuck 0
RC POS 232 id 6 seat 1 role raid fs 1 body 2 pos 11,5 stuck 161
RC POS 232 id 8 seat 2 role expand fs 0 body 1 pos 12,12 stuck 0
RC POS 232 id 10 seat 3 role expand fs 0 body 1 pos 1,13 stuck 0
RC POS 232 id 16 seat 4 role defend fs 0 body 1 pos 11,12 stuck 0
RC POS 232 id 20 seat 5 role raid fs 0 body 1 pos 10,8 stuck 9
RC POS 233 id 4 seat 0 role raid fs 1 body 1 pos 10,4 stuck 0
RC POS 233 id 6 seat 1 role raid fs 1 body 2 pos 11,5 stuck 162
RC POS 233 id 8 seat 2 role expand fs 0 body 1 pos 12,13 stuck 0
RC POS 233 id 10 seat 3 role expand fs 0 body 1 pos 2,13 stuck 0
RC POS 233 id 16 seat 4 role defend fs 0 body 1 pos 11,13 stuck 0
RC POS 233 id 20 seat 5 role raid fs 0 body 1 pos 10,8 stuck 10
RC POS 234 id 4 seat 0 role raid fs 1 body 1 pos 11,4 stuck 0
RC POS 234 id 6 seat 1 role raid fs 1 body 2 pos 11,5 stuck 163
RC POS 234 id 8 seat 2 role expand fs 0 body 1 pos 12,13 stuck 1
RC POS 234 id 10 seat 3 role expand fs 0 body 1 pos 1,13 stuck 0
RC POS 234 id 16 seat 4 role defend fs 0 body 1 pos 11,12 stuck 0
RC POS 234 id 20 seat 5 role raid fs 0 body 1 pos 10,8 stuck 1
RC POS 235 id 4 seat 0 role raid fs 1 body 1 pos 10,4 stuck 0
RC POS 235 id 6 seat 1 role raid fs 1 body 2 pos 11,5 stuck 164
RC POS 235 id 8 seat 2 role expand fs 0 body 1 pos 11,13 stuck 0
RC POS 235 id 10 seat 3 role expand fs 0 body 1 pos 2,13 stuck 0
RC POS 235 id 16 seat 4 role defend fs 0 body 1 pos 12,12 stuck 0
RC POS 235 id 20 seat 5 role raid fs 0 body 1 pos 10,8 stuck 1
RC POS 236 id 4 seat 0 role raid fs 1 body 1 pos 11,4 stuck 0
RC POS 236 id 6 seat 1 role raid fs 1 body 2 pos 11,5 stuck 165
RC POS 236 id 8 seat 2 role expand fs 0 body 1 pos 11,12 stuck 0
RC POS 236 id 10 seat 3 role expand fs 0 body 1 pos 1,13 stuck 0
RC POS 236 id 16 seat 4 role defend fs 0 body 1 pos 12,13 stuck 0
RC POS 236 id 20 seat 5 role raid fs 0 body 1 pos 10,8 stuck 1
RC POS 237 id 4 seat 0 role raid fs 1 body 1 pos 10,4 stuck 0
RC POS 237 id 6 seat 1 role raid fs 1 body 2 pos 11,5 stuck 166
RC POS 237 id 8 seat 2 role expand fs 0 body 1 pos 11,13 stuck 0
RC POS 237 id 10 seat 3 role expand fs 0 body 1 pos 2,13 stuck 0
RC POS 237 id 16 seat 4 role defend fs 0 body 1 pos 12,13 stuck 1
RC POS 237 id 20 seat 5 role raid fs 0 body 1 pos 10,8 stuck 2
RC POS 238 id 4 seat 0 role raid fs 1 body 1 pos 11,4 stuck 0
RC POS 238 id 6 seat 1 role raid fs 1 body 2 pos 11,5 stuck 167
RC POS 238 id 8 seat 2 role expand fs 0 body 1 pos 11,12 stuck 0
RC POS 238 id 10 seat 3 role expand fs 0 body 1 pos 1,13 stuck 0
RC POS 238 id 16 seat 4 role defend fs 0 body 1 pos 11,13 stuck 0
RC POS 238 id 20 seat 5 role raid fs 0 body 1 pos 10,8 stuck 3
RC POS 239 id 4 seat 0 role raid fs 1 body 1 pos 10,4 stuck 0
RC POS 239 id 6 seat 1 role raid fs 1 body 2 pos 11,5 stuck 168
RC POS 239 id 8 seat 2 role expand fs 0 body 1 pos 12,12 stuck 0
RC POS 239 id 10 seat 3 role expand fs 0 body 1 pos 2,13 stuck 0
RC POS 239 id 16 seat 4 role defend fs 0 body 1 pos 11,12 stuck 0
RC POS 239 id 20 seat 5 role raid fs 0 body 1 pos 10,8 stuck 4
RC POS 240 id 4 seat 0 role raid fs 1 body 1 pos 11,4 stuck 0
RC POS 240 id 6 seat 1 role raid fs 1 body 2 pos 11,5 stuck 169
RC POS 240 id 8 seat 2 role expand fs 0 body 1 pos 12,13 stuck 0
RC POS 240 id 10 seat 3 role expand fs 0 body 1 pos 1,13 stuck 0
RC POS 240 id 16 seat 4 role defend fs 0 body 1 pos 11,13 stuck 0
RC POS 240 id 20 seat 5 role raid fs 0 body 1 pos 10,8 stuck 5
RC POS 241 id 4 seat 0 role raid fs 1 body 1 pos 10,4 stuck 0
RC POS 241 id 6 seat 1 role raid fs 1 body 2 pos 11,5 stuck 170
RC POS 241 id 8 seat 2 role expand fs 0 body 1 pos 12,13 stuck 1
RC POS 241 id 10 seat 3 role expand fs 0 body 1 pos 2,13 stuck 0
RC POS 241 id 16 seat 4 role defend fs 0 body 1 pos 11,12 stuck 0
RC POS 241 id 20 seat 5 role raid fs 0 body 1 pos 10,8 stuck 6
RC POS 242 id 4 seat 0 role raid fs 1 body 1 pos 11,4 stuck 0
RC POS 242 id 6 seat 1 role raid fs 1 body 2 pos 11,5 stuck 171
RC POS 242 id 8 seat 2 role expand fs 0 body 1 pos 11,13 stuck 0
RC POS 242 id 10 seat 3 role expand fs 0 body 1 pos 1,13 stuck 0
RC POS 242 id 16 seat 4 role defend fs 0 body 1 pos 12,12 stuck 0
RC POS 242 id 20 seat 5 role raid fs 0 body 1 pos 10,8 stuck 1
RC POS 243 id 4 seat 0 role raid fs 1 body 1 pos 10,4 stuck 0
RC POS 243 id 6 seat 1 role raid fs 1 body 2 pos 11,5 stuck 172
RC POS 243 id 8 seat 2 role expand fs 0 body 1 pos 11,12 stuck 0
RC POS 243 id 10 seat 3 role expand fs 0 body 1 pos 2,13 stuck 0
RC POS 243 id 16 seat 4 role defend fs 0 body 1 pos 12,13 stuck 0
RC POS 243 id 20 seat 5 role raid fs 0 body 1 pos 10,8 stuck 1
RC POS 244 id 4 seat 0 role raid fs 1 body 1 pos 11,4 stuck 0
RC POS 244 id 6 seat 1 role raid fs 1 body 2 pos 11,5 stuck 173
RC POS 244 id 8 seat 2 role expand fs 0 body 1 pos 11,13 stuck 0
RC POS 244 id 10 seat 3 role expand fs 0 body 1 pos 1,13 stuck 0
RC POS 244 id 16 seat 4 role defend fs 0 body 1 pos 12,13 stuck 1
RC POS 244 id 20 seat 5 role raid fs 0 body 1 pos 10,8 stuck 1
RC POS 245 id 4 seat 0 role raid fs 1 body 1 pos 10,4 stuck 0
RC POS 245 id 6 seat 1 role raid fs 1 body 2 pos 11,5 stuck 174
RC POS 245 id 8 seat 2 role expand fs 0 body 1 pos 11,12 stuck 0
RC POS 245 id 10 seat 3 role expand fs 0 body 1 pos 2,13 stuck 0
RC POS 245 id 16 seat 4 role defend fs 0 body 1 pos 11,13 stuck 0
RC POS 245 id 20 seat 5 role raid fs 0 body 1 pos 10,8 stuck 2
RC POS 246 id 4 seat 0 role raid fs 1 body 1 pos 11,4 stuck 0
RC POS 246 id 6 seat 1 role raid fs 1 body 2 pos 11,5 stuck 175
RC POS 246 id 8 seat 2 role expand fs 0 body 1 pos 12,12 stuck 0
RC POS 246 id 10 seat 3 role expand fs 0 body 1 pos 1,13 stuck 0
RC POS 246 id 16 seat 4 role defend fs 0 body 1 pos 11,12 stuck 0
RC POS 246 id 20 seat 5 role raid fs 0 body 1 pos 10,8 stuck 3
RC POS 247 id 4 seat 0 role raid fs 1 body 1 pos 10,4 stuck 0
RC POS 247 id 6 seat 1 role raid fs 1 body 2 pos 11,5 stuck 176
RC POS 247 id 8 seat 2 role expand fs 0 body 1 pos 12,13 stuck 0
RC POS 247 id 10 seat 3 role expand fs 0 body 1 pos 2,13 stuck 0
RC POS 247 id 16 seat 4 role defend fs 0 body 1 pos 11,13 stuck 0
RC POS 247 id 20 seat 5 role raid fs 0 body 1 pos 10,8 stuck 4
RC POS 248 id 4 seat 0 role raid fs 1 body 1 pos 11,4 stuck 0
RC POS 248 id 6 seat 1 role raid fs 1 body 2 pos 11,5 stuck 177
RC POS 248 id 8 seat 2 role expand fs 0 body 1 pos 12,13 stuck 1
RC POS 248 id 10 seat 3 role expand fs 0 body 1 pos 1,13 stuck 0
RC POS 248 id 16 seat 4 role defend fs 0 body 1 pos 11,12 stuck 0
RC POS 248 id 20 seat 5 role raid fs 0 body 1 pos 10,8 stuck 5
RC POS 249 id 4 seat 0 role raid fs 1 body 1 pos 10,4 stuck 0
RC POS 249 id 6 seat 1 role raid fs 1 body 2 pos 11,5 stuck 178
RC POS 249 id 8 seat 2 role expand fs 0 body 1 pos 11,13 stuck 0
RC POS 249 id 10 seat 3 role expand fs 0 body 1 pos 2,13 stuck 0
RC POS 249 id 16 seat 4 role defend fs 0 body 1 pos 12,12 stuck 0
RC POS 249 id 20 seat 5 role raid fs 0 body 1 pos 10,8 stuck 6
RC ECO 250 harvstore 2 harvseen -1 ti 16 units 10 scale 305.0
RC POS 250 id 4 seat 0 role raid fs 1 body 1 pos 11,4 stuck 0
RC POS 250 id 6 seat 1 role raid fs 1 body 2 pos 11,5 stuck 179
RC POS 250 id 8 seat 2 role expand fs 0 body 1 pos 11,12 stuck 0
RC POS 250 id 10 seat 3 role expand fs 0 body 1 pos 1,13 stuck 0
RC POS 250 id 16 seat 4 role defend fs 0 body 1 pos 12,13 stuck 0
RC POS 250 id 20 seat 5 role raid fs 0 body 1 pos 10,8 stuck 7
RC POS 251 id 4 seat 0 role raid fs 1 body 1 pos 10,4 stuck 0
RC POS 251 id 6 seat 1 role raid fs 1 body 2 pos 11,5 stuck 180
RC POS 251 id 8 seat 2 role expand fs 0 body 1 pos 11,13 stuck 0
RC POS 251 id 10 seat 3 role expand fs 0 body 1 pos 2,13 stuck 0
RC POS 251 id 16 seat 4 role defend fs 0 body 1 pos 12,13 stuck 1
RC POS 251 id 20 seat 5 role raid fs 0 body 1 pos 10,8 stuck 8
RC POS 252 id 4 seat 0 role raid fs 1 body 1 pos 11,4 stuck 0
RC POS 252 id 6 seat 1 role raid fs 1 body 2 pos 11,5 stuck 181
RC POS 252 id 8 seat 2 role expand fs 0 body 1 pos 11,12 stuck 0
RC POS 252 id 10 seat 3 role expand fs 0 body 1 pos 1,13 stuck 0
RC POS 252 id 16 seat 4 role defend fs 0 body 1 pos 11,13 stuck 0
RC POS 252 id 20 seat 5 role raid fs 0 body 1 pos 10,8 stuck 9
RC POS 253 id 4 seat 0 role raid fs 1 body 1 pos 10,4 stuck 0
RC POS 253 id 6 seat 1 role raid fs 1 body 2 pos 11,5 stuck 182
RC POS 253 id 8 seat 2 role expand fs 0 body 1 pos 12,12 stuck 0
RC POS 253 id 10 seat 3 role expand fs 0 body 1 pos 2,13 stuck 0
RC POS 253 id 16 seat 4 role defend fs 0 body 1 pos 11,12 stuck 0
RC POS 253 id 20 seat 5 role raid fs 0 body 1 pos 10,8 stuck 10
RC POS 254 id 4 seat 0 role raid fs 1 body 1 pos 11,4 stuck 0
RC POS 254 id 6 seat 1 role raid fs 1 body 2 pos 11,5 stuck 183
RC POS 254 id 8 seat 2 role expand fs 0 body 1 pos 12,13 stuck 0
RC POS 254 id 10 seat 3 role expand fs 0 body 1 pos 1,13 stuck 0
RC POS 254 id 16 seat 4 role defend fs 0 body 1 pos 11,13 stuck 0
RC POS 254 id 20 seat 5 role raid fs 0 body 1 pos 10,8 stuck 1
RC POS 255 id 4 seat 0 role raid fs 1 body 1 pos 10,4 stuck 0
RC POS 255 id 6 seat 1 role raid fs 1 body 2 pos 11,5 stuck 184
RC POS 255 id 8 seat 2 role expand fs 0 body 1 pos 12,13 stuck 1
RC POS 255 id 10 seat 3 role expand fs 0 body 1 pos 2,13 stuck 0
RC POS 255 id 16 seat 4 role defend fs 0 body 1 pos 11,12 stuck 0
RC POS 255 id 20 seat 5 role raid fs 0 body 1 pos 10,8 stuck 1
RC POS 256 id 4 seat 0 role raid fs 1 body 1 pos 11,4 stuck 0
RC POS 256 id 6 seat 1 role raid fs 1 body 2 pos 11,5 stuck 185
RC POS 256 id 8 seat 2 role expand fs 0 body 1 pos 11,13 stuck 0
RC POS 256 id 10 seat 3 role expand fs 0 body 1 pos 1,13 stuck 0
RC POS 256 id 16 seat 4 role defend fs 0 body 1 pos 12,12 stuck 0
RC POS 256 id 20 seat 5 role raid fs 0 body 1 pos 10,8 stuck 1
RC POS 257 id 4 seat 0 role raid fs 1 body 1 pos 10,4 stuck 0
RC POS 257 id 6 seat 1 role raid fs 1 body 2 pos 11,5 stuck 186
RC POS 257 id 8 seat 2 role expand fs 0 body 1 pos 11,12 stuck 0
RC POS 257 id 10 seat 3 role expand fs 0 body 1 pos 2,13 stuck 0
RC POS 257 id 16 seat 4 role defend fs 0 body 1 pos 12,13 stuck 0
RC POS 257 id 20 seat 5 role raid fs 0 body 1 pos 10,8 stuck 2
RC POS 258 id 4 seat 0 role raid fs 1 body 1 pos 11,4 stuck 0
RC POS 258 id 6 seat 1 role raid fs 1 body 2 pos 11,5 stuck 187
RC POS 258 id 8 seat 2 role expand fs 0 body 1 pos 11,13 stuck 0
RC POS 258 id 10 seat 3 role expand fs 0 body 1 pos 1,13 stuck 0
RC POS 258 id 16 seat 4 role defend fs 0 body 1 pos 12,13 stuck 1
RC POS 258 id 20 seat 5 role raid fs 0 body 1 pos 10,8 stuck 3
RC POS 259 id 4 seat 0 role raid fs 1 body 1 pos 10,4 stuck 0
RC POS 259 id 6 seat 1 role raid fs 1 body 2 pos 11,5 stuck 188
RC POS 259 id 8 seat 2 role expand fs 0 body 1 pos 11,12 stuck 0
RC POS 259 id 10 seat 3 role expand fs 0 body 1 pos 2,13 stuck 0
RC POS 259 id 16 seat 4 role defend fs 0 body 1 pos 11,13 stuck 0
RC POS 259 id 20 seat 5 role raid fs 0 body 1 pos 10,8 stuck 4
RC POS 260 id 4 seat 0 role raid fs 1 body 1 pos 11,4 stuck 0
RC POS 260 id 6 seat 1 role raid fs 1 body 2 pos 11,5 stuck 189
RC POS 260 id 8 seat 2 role expand fs 0 body 1 pos 12,12 stuck 0
RC POS 260 id 10 seat 3 role expand fs 0 body 1 pos 1,13 stuck 0
RC POS 260 id 16 seat 4 role defend fs 0 body 1 pos 11,12 stuck 0
RC POS 260 id 20 seat 5 role raid fs 0 body 1 pos 10,8 stuck 5
RC POS 261 id 4 seat 0 role raid fs 1 body 1 pos 10,4 stuck 0
RC POS 261 id 6 seat 1 role raid fs 1 body 2 pos 11,5 stuck 190
RC POS 261 id 8 seat 2 role expand fs 0 body 1 pos 12,13 stuck 0
RC POS 261 id 10 seat 3 role expand fs 0 body 1 pos 2,13 stuck 0
RC POS 261 id 16 seat 4 role defend fs 0 body 1 pos 11,13 stuck 0
RC POS 261 id 20 seat 5 role raid fs 0 body 1 pos 10,8 stuck 6
RC POS 262 id 4 seat 0 role raid fs 1 body 1 pos 11,4 stuck 0
RC POS 262 id 6 seat 1 role raid fs 1 body 2 pos 11,5 stuck 191
RC POS 262 id 8 seat 2 role expand fs 0 body 1 pos 12,13 stuck 1
RC POS 262 id 10 seat 3 role expand fs 0 body 1 pos 1,13 stuck 0
RC POS 262 id 16 seat 4 role defend fs 0 body 1 pos 11,12 stuck 0
RC POS 262 id 20 seat 5 role raid fs 0 body 1 pos 10,8 stuck 1
RC POS 263 id 4 seat 0 role raid fs 1 body 1 pos 10,4 stuck 0
RC POS 263 id 6 seat 1 role raid fs 1 body 2 pos 11,5 stuck 192
RC POS 263 id 8 seat 2 role expand fs 0 body 1 pos 11,13 stuck 0
RC POS 263 id 10 seat 3 role expand fs 0 body 1 pos 2,13 stuck 0
RC POS 263 id 16 seat 4 role defend fs 0 body 1 pos 12,12 stuck 0
RC POS 263 id 20 seat 5 role raid fs 0 body 1 pos 10,8 stuck 1
RC POS 264 id 4 seat 0 role raid fs 1 body 1 pos 11,4 stuck 0
RC POS 264 id 6 seat 1 role raid fs 1 body 2 pos 11,5 stuck 193
RC POS 264 id 8 seat 2 role expand fs 0 body 1 pos 11,12 stuck 0
RC POS 264 id 10 seat 3 role expand fs 0 body 1 pos 1,13 stuck 0
RC POS 264 id 16 seat 4 role defend fs 0 body 1 pos 12,13 stuck 0
RC POS 264 id 20 seat 5 role raid fs 0 body 1 pos 10,8 stuck 1
RC POS 265 id 4 seat 0 role raid fs 1 body 1 pos 10,4 stuck 0
RC POS 265 id 6 seat 1 role raid fs 1 body 2 pos 11,5 stuck 194
RC POS 265 id 8 seat 2 role expand fs 0 body 1 pos 11,13 stuck 0
RC POS 265 id 10 seat 3 role expand fs 0 body 1 pos 2,13 stuck 0
RC POS 265 id 16 seat 4 role defend fs 0 body 1 pos 12,13 stuck 1
RC POS 265 id 20 seat 5 role raid fs 0 body 1 pos 10,8 stuck 2
RC POS 266 id 4 seat 0 role raid fs 1 body 1 pos 11,4 stuck 0
RC POS 266 id 6 seat 1 role raid fs 1 body 2 pos 11,5 stuck 195
RC POS 266 id 8 seat 2 role expand fs 0 body 1 pos 11,12 stuck 0
RC POS 266 id 10 seat 3 role expand fs 0 body 1 pos 1,13 stuck 0
RC POS 266 id 16 seat 4 role defend fs 0 body 1 pos 11,13 stuck 0
RC POS 266 id 20 seat 5 role raid fs 0 body 1 pos 10,8 stuck 3
RC POS 267 id 4 seat 0 role raid fs 1 body 1 pos 10,4 stuck 0
RC POS 267 id 6 seat 1 role raid fs 1 body 2 pos 11,5 stuck 196
RC POS 267 id 8 seat 2 role expand fs 0 body 1 pos 12,12 stuck 0
RC POS 267 id 10 seat 3 role expand fs 0 body 1 pos 2,13 stuck 0
RC POS 267 id 16 seat 4 role defend fs 0 body 1 pos 11,12 stuck 0
RC POS 267 id 20 seat 5 role raid fs 0 body 1 pos 10,8 stuck 4
RC POS 268 id 4 seat 0 role raid fs 1 body 1 pos 11,4 stuck 0
RC POS 268 id 6 seat 1 role raid fs 1 body 2 pos 11,5 stuck 197
RC POS 268 id 8 seat 2 role expand fs 0 body 1 pos 12,13 stuck 0
RC POS 268 id 10 seat 3 role expand fs 0 body 1 pos 1,13 stuck 0
RC POS 268 id 16 seat 4 role defend fs 0 body 1 pos 11,13 stuck 0
RC POS 268 id 20 seat 5 role raid fs 0 body 1 pos 10,8 stuck 5
RC POS 269 id 4 seat 0 role raid fs 1 body 1 pos 10,4 stuck 0
RC POS 269 id 6 seat 1 role raid fs 1 body 2 pos 11,5 stuck 198
RC POS 269 id 8 seat 2 role expand fs 0 body 1 pos 12,13 stuck 1
RC POS 269 id 10 seat 3 role expand fs 0 body 1 pos 2,13 stuck 0
RC POS 269 id 16 seat 4 role defend fs 0 body 1 pos 11,12 stuck 0
RC POS 269 id 20 seat 5 role raid fs 0 body 1 pos 10,8 stuck 6
RC POS 270 id 4 seat 0 role raid fs 1 body 1 pos 11,4 stuck 0
RC POS 270 id 6 seat 1 role raid fs 1 body 2 pos 11,5 stuck 199
RC POS 270 id 8 seat 2 role expand fs 0 body 1 pos 11,13 stuck 0
RC POS 270 id 10 seat 3 role expand fs 0 body 1 pos 1,13 stuck 0
RC POS 270 id 16 seat 4 role defend fs 0 body 1 pos 12,12 stuck 0
RC POS 270 id 20 seat 5 role raid fs 0 body 1 pos 10,8 stuck 7
RC POS 271 id 4 seat 0 role raid fs 1 body 1 pos 10,4 stuck 0
RC POS 271 id 6 seat 1 role raid fs 1 body 2 pos 11,5 stuck 200
RC POS 271 id 8 seat 2 role expand fs 0 body 1 pos 11,12 stuck 0
RC POS 271 id 10 seat 3 role expand fs 0 body 1 pos 2,13 stuck 0
RC POS 271 id 16 seat 4 role defend fs 0 body 1 pos 12,13 stuck 0
RC POS 271 id 20 seat 5 role raid fs 0 body 1 pos 10,8 stuck 8
RC POS 272 id 4 seat 0 role raid fs 1 body 1 pos 11,4 stuck 0
RC POS 272 id 6 seat 1 role raid fs 1 body 2 pos 11,5 stuck 201
RC POS 272 id 8 seat 2 role expand fs 0 body 1 pos 11,13 stuck 0
RC POS 272 id 10 seat 3 role expand fs 0 body 1 pos 1,13 stuck 0
RC POS 272 id 16 seat 4 role defend fs 0 body 1 pos 12,13 stuck 1
RC POS 272 id 20 seat 5 role raid fs 0 body 1 pos 10,8 stuck 9
RC POS 273 id 4 seat 0 role raid fs 1 body 1 pos 10,4 stuck 0
RC POS 273 id 6 seat 1 role raid fs 1 body 2 pos 11,5 stuck 202
RC POS 273 id 8 seat 2 role expand fs 0 body 1 pos 11,12 stuck 0
RC POS 273 id 10 seat 3 role expand fs 0 body 1 pos 2,13 stuck 0
RC POS 273 id 16 seat 4 role defend fs 0 body 1 pos 11,13 stuck 0
RC POS 273 id 20 seat 5 role raid fs 0 body 1 pos 10,8 stuck 10
RC POS 274 id 4 seat 0 role raid fs 1 body 1 pos 11,4 stuck 0
RC POS 274 id 6 seat 1 role raid fs 1 body 2 pos 11,5 stuck 203
RC POS 274 id 8 seat 2 role expand fs 0 body 1 pos 12,12 stuck 0
RC POS 274 id 10 seat 3 role expand fs 0 body 1 pos 1,13 stuck 0
RC POS 274 id 16 seat 4 role defend fs 0 body 1 pos 11,12 stuck 0
RC POS 274 id 20 seat 5 role raid fs 0 body 1 pos 10,8 stuck 1
RC ECO 275 harvstore 2 harvseen -1 ti 17 units 10 scale 305.0
RC POS 275 id 4 seat 0 role raid fs 1 body 1 pos 10,4 stuck 0
RC POS 275 id 6 seat 1 role raid fs 1 body 2 pos 11,5 stuck 204
RC POS 275 id 8 seat 2 role expand fs 0 body 1 pos 12,13 stuck 0
RC POS 275 id 10 seat 3 role expand fs 0 body 1 pos 2,13 stuck 0
RC POS 275 id 16 seat 4 role defend fs 0 body 1 pos 11,13 stuck 0
RC POS 275 id 20 seat 5 role raid fs 0 body 1 pos 10,8 stuck 1
RC POS 276 id 4 seat 0 role raid fs 1 body 1 pos 11,4 stuck 0
RC POS 276 id 6 seat 1 role raid fs 1 body 2 pos 11,5 stuck 205
RC POS 276 id 8 seat 2 role expand fs 0 body 1 pos 12,13 stuck 1
RC POS 276 id 10 seat 3 role expand fs 0 body 1 pos 1,13 stuck 0
RC POS 276 id 16 seat 4 role defend fs 0 body 1 pos 11,12 stuck 0
RC POS 276 id 20 seat 5 role raid fs 0 body 1 pos 10,8 stuck 1
RC POS 277 id 4 seat 0 role raid fs 1 body 1 pos 10,4 stuck 0
RC POS 277 id 6 seat 1 role raid fs 1 body 2 pos 11,5 stuck 206
RC POS 277 id 8 seat 2 role expand fs 0 body 1 pos 11,13 stuck 0
RC POS 277 id 10 seat 3 role expand fs 0 body 1 pos 2,13 stuck 0
RC POS 277 id 16 seat 4 role defend fs 0 body 1 pos 12,12 stuck 0
RC POS 277 id 20 seat 5 role raid fs 0 body 1 pos 10,8 stuck 2
RC POS 278 id 4 seat 0 role raid fs 1 body 1 pos 11,4 stuck 0
RC POS 278 id 6 seat 1 role raid fs 1 body 2 pos 11,5 stuck 207
RC POS 278 id 8 seat 2 role expand fs 0 body 1 pos 11,12 stuck 0
RC POS 278 id 10 seat 3 role expand fs 0 body 1 pos 1,13 stuck 0
RC POS 278 id 16 seat 4 role defend fs 0 body 1 pos 12,13 stuck 0
RC POS 278 id 20 seat 5 role raid fs 0 body 1 pos 10,8 stuck 3
RC POS 279 id 4 seat 0 role raid fs 1 body 1 pos 10,4 stuck 0
RC POS 279 id 6 seat 1 role raid fs 1 body 2 pos 11,5 stuck 208
RC POS 279 id 8 seat 2 role expand fs 0 body 1 pos 11,13 stuck 0
RC POS 279 id 10 seat 3 role expand fs 0 body 1 pos 2,13 stuck 0
RC POS 279 id 16 seat 4 role defend fs 0 body 1 pos 12,13 stuck 1
RC POS 279 id 20 seat 5 role raid fs 0 body 1 pos 10,8 stuck 4
RC POS 280 id 4 seat 0 role raid fs 1 body 1 pos 11,4 stuck 0
RC POS 280 id 6 seat 1 role raid fs 1 body 2 pos 11,5 stuck 209
RC POS 280 id 8 seat 2 role expand fs 0 body 1 pos 11,12 stuck 0
RC POS 280 id 10 seat 3 role expand fs 0 body 1 pos 1,13 stuck 0
RC POS 280 id 16 seat 4 role defend fs 0 body 1 pos 11,13 stuck 0
RC POS 280 id 20 seat 5 role raid fs 0 body 1 pos 10,8 stuck 5
RC POS 281 id 4 seat 0 role raid fs 1 body 1 pos 10,4 stuck 0
RC POS 281 id 6 seat 1 role raid fs 1 body 2 pos 11,5 stuck 210
RC POS 281 id 8 seat 2 role expand fs 0 body 1 pos 12,12 stuck 0
RC POS 281 id 10 seat 3 role expand fs 0 body 1 pos 2,13 stuck 0
RC POS 281 id 16 seat 4 role defend fs 0 body 1 pos 11,12 stuck 0
RC POS 281 id 20 seat 5 role raid fs 0 body 1 pos 10,8 stuck 6
RC POS 282 id 4 seat 0 role raid fs 1 body 1 pos 11,4 stuck 0
RC POS 282 id 6 seat 1 role raid fs 1 body 2 pos 11,5 stuck 211
RC POS 282 id 8 seat 2 role expand fs 0 body 1 pos 12,13 stuck 0
RC POS 282 id 10 seat 3 role expand fs 0 body 1 pos 1,13 stuck 0
RC POS 282 id 16 seat 4 role defend fs 0 body 1 pos 11,13 stuck 0
RC POS 282 id 20 seat 5 role raid fs 0 body 1 pos 10,8 stuck 1
RC POS 283 id 4 seat 0 role raid fs 1 body 1 pos 10,4 stuck 0
RC POS 283 id 6 seat 1 role raid fs 1 body 2 pos 11,5 stuck 212
RC POS 283 id 8 seat 2 role expand fs 0 body 1 pos 12,13 stuck 1
RC POS 283 id 10 seat 3 role expand fs 0 body 1 pos 2,13 stuck 0
RC POS 283 id 16 seat 4 role defend fs 0 body 1 pos 11,12 stuck 0
RC POS 283 id 20 seat 5 role raid fs 0 body 1 pos 10,8 stuck 1
RC POS 284 id 4 seat 0 role raid fs 1 body 1 pos 11,4 stuck 0
RC POS 284 id 6 seat 1 role raid fs 1 body 2 pos 11,5 stuck 213
RC POS 284 id 8 seat 2 role expand fs 0 body 1 pos 11,13 stuck 0
RC POS 284 id 10 seat 3 role expand fs 0 body 1 pos 1,13 stuck 0
RC POS 284 id 16 seat 4 role defend fs 0 body 1 pos 12,12 stuck 0
RC POS 284 id 20 seat 5 role raid fs 0 body 1 pos 10,8 stuck 1
