ts	shard	game	map	seed	seat	winner	cond	turns
2026-08-12T15:42:46Z	BURST64B	0	antler	116000	A	T	core_destroyed	224
2026-08-12T15:42:48Z	BURST64B	1	antler	116000	B	C	core_destroyed	322
2026-08-12T15:42:50Z	BURST64B	2	atoll	116000	A	T	core_destroyed	823
2026-08-12T15:42:54Z	BURST64B	3	atoll	116000	B	C	core_destroyed	952
2026-08-12T15:42:55Z	BURST64B	4	drumlin	116000	A	T	core_destroyed	132
2026-08-12T15:42:59Z	BURST64B	5	drumlin	116000	B	T	core_destroyed	318
2026-08-12T15:43:01Z	BURST64B	6	fjordgate	116000	A	T	tiebreak	1000
2026-08-12T15:43:03Z	BURST64B	7	fjordgate	116000	B	C	core_destroyed	174
2026-08-12T15:43:05Z	BURST64B	8	heart	116000	A	T	core_destroyed	144
2026-08-12T15:43:12Z	BURST64B	9	heart	116000	B	C	core_destroyed	458
2026-08-12T15:43:13Z	BURST64B	10	hive	116000	A	C	core_destroyed	96
2026-08-12T15:43:15Z	BURST64B	11	hive	116000	B	T	core_destroyed	159
2026-08-12T15:43:17Z	BURST64B	12	meander	116000	A	C	core_destroyed	146
2026-08-12T15:43:18Z	BURST64B	13	meander	116000	B	T	core_destroyed	141
2026-08-12T15:43:20Z	BURST64B	14	nordkap	116000	A	T	core_destroyed	227
2026-08-12T15:43:21Z	BURST64B	15	nordkap	116000	B	C	core_destroyed	219
2026-08-12T15:43:23Z	BURST64B	16	antler	116001	A	T	core_destroyed	175
2026-08-12T15:43:24Z	BURST64B	17	antler	116001	B	T	core_destroyed	88
2026-08-12T15:43:26Z	BURST64B	18	atoll	116001	A	T	core_destroyed	165
2026-08-12T15:43:27Z	BURST64B	19	atoll	116001	B	T	core_destroyed	143
2026-08-12T15:43:33Z	BURST64B	20	drumlin	116001	A	C	core_destroyed	396
2026-08-12T15:43:35Z	BURST64B	21	drumlin	116001	B	C	core_destroyed	192
2026-08-12T15:43:36Z	BURST64B	22	fjordgate	116001	A	C	core_destroyed	185
2026-08-12T15:43:38Z	BURST64B	23	fjordgate	116001	B	C	core_destroyed	105
2026-08-12T15:43:40Z	BURST64B	24	heart	116001	A	T	core_destroyed	176
2026-08-12T15:43:42Z	BURST64B	25	heart	116001	B	C	core_destroyed	287
2026-08-12T15:43:43Z	BURST64B	26	hive	116001	A	T	core_destroyed	122
2026-08-12T15:43:45Z	BURST64B	27	hive	116001	B	C	core_destroyed	156
2026-08-12T15:43:46Z	BURST64B	28	meander	116001	A	T	core_destroyed	152
2026-08-12T15:43:47Z	BURST64B	29	meander	116001	B	C	core_destroyed	168
2026-08-12T15:43:49Z	BURST64B	30	nordkap	116001	A	C	tiebreak	1000
2026-08-12T15:43:51Z	BURST64B	31	nordkap	116001	B	T	core_destroyed	192
2026-08-12T15:43:52Z	BURST64B	32	antler	116002	A	T	core_destroyed	168
2026-08-12T15:43:53Z	BURST64B	33	antler	116002	B	C	core_destroyed	180
2026-08-12T15:43:54Z	BURST64B	34	atoll	116002	A	C	core_destroyed	107
2026-08-12T15:43:56Z	BURST64B	35	atoll	116002	B	T	core_destroyed	190
2026-08-12T15:43:59Z	BURST64B	36	drumlin	116002	A	T	core_destroyed	213
2026-08-12T15:44:00Z	BURST64B	37	drumlin	116002	B	T	core_destroyed	133
2026-08-12T15:44:02Z	BURST64B	38	fjordgate	116002	A	T	core_destroyed	354
2026-08-12T15:44:03Z	BURST64B	39	fjordgate	116002	B	C	core_destroyed	97
2026-08-12T15:44:05Z	BURST64B	40	heart	116002	A	C	core_destroyed	187
2026-08-12T15:44:07Z	BURST64B	41	heart	116002	B	C	core_destroyed	125
2026-08-12T15:44:10Z	BURST64B	42	hive	116002	A	C	core_destroyed	273
2026-08-12T15:44:12Z	BURST64B	43	hive	116002	B	T	core_destroyed	189
2026-08-12T15:44:14Z	BURST64B	44	meander	116002	A	T	core_destroyed	151
2026-08-12T15:44:15Z	BURST64B	45	meander	116002	B	C	core_destroyed	104
2026-08-12T15:44:17Z	BURST64B	46	nordkap	116002	A	C	core_destroyed	177
2026-08-12T15:44:19Z	BURST64B	47	nordkap	116002	B	C	core_destroyed	222
2026-08-12T15:44:21Z	BURST64B	48	antler	116003	A	T	core_destroyed	305
2026-08-12T15:44:23Z	BURST64B	49	antler	116003	B	C	core_destroyed	212
2026-08-12T15:44:27Z	BURST64B	50	atoll	116003	A	C	core_destroyed	534
2026-08-12T15:44:28Z	BURST64B	51	atoll	116003	B	T	core_destroyed	121
2026-08-12T15:44:30Z	BURST64B	52	drumlin	116003	A	T	core_destroyed	164
2026-08-12T15:44:33Z	BURST64B	53	drumlin	116003	B	C	core_destroyed	269
2026-08-12T15:44:34Z	BURST64B	54	fjordgate	116003	A	C	core_destroyed	174
2026-08-12T15:44:37Z	BURST64B	55	fjordgate	116003	B	C	core_destroyed	867
2026-08-12T15:44:40Z	BURST64B	56	heart	116003	A	T	core_destroyed	174
2026-08-12T15:44:45Z	BURST64B	57	heart	116003	B	C	core_destroyed	314
2026-08-12T15:44:54Z	BURST64B	58	hive	116003	A	C	core_destroyed	568
2026-08-12T15:44:56Z	BURST64B	59	hive	116003	B	T	core_destroyed	170
2026-08-12T15:44:58Z	BURST64B	60	meander	116003	A	C	core_destroyed	126
2026-08-12T15:44:59Z	BURST64B	61	meander	116003	B	C	core_destroyed	159
2026-08-12T15:45:01Z	BURST64B	62	nordkap	116003	A	C	core_destroyed	213
2026-08-12T15:45:02Z	BURST64B	63	nordkap	116003	B	T	core_destroyed	203
2026-08-12T15:45:04Z	BURST64B	64	antler	116004	A	T	core_destroyed	135
2026-08-12T15:45:06Z	BURST64B	65	antler	116004	B	C	core_destroyed	182
2026-08-12T15:45:08Z	BURST64B	66	atoll	116004	A	C	core_destroyed	260
2026-08-12T15:45:10Z	BURST64B	67	atoll	116004	B	T	core_destroyed	149
2026-08-12T15:45:14Z	BURST64B	68	drumlin	116004	A	T	core_destroyed	432
2026-08-12T15:45:16Z	BURST64B	69	drumlin	116004	B	C	core_destroyed	164
2026-08-12T15:45:19Z	BURST64B	70	fjordgate	116004	A	T	core_destroyed	487
2026-08-12T15:45:20Z	BURST64B	71	fjordgate	116004	B	C	core_destroyed	433
2026-08-12T15:45:22Z	BURST64B	72	heart	116004	A	T	core_destroyed	146
2026-08-12T15:45:24Z	BURST64B	73	heart	116004	B	C	core_destroyed	178
2026-08-12T15:45:33Z	BURST64B	74	hive	116004	A	C	core_destroyed	582
2026-08-12T15:45:34Z	BURST64B	75	hive	116004	B	T	core_destroyed	121
2026-08-12T15:45:37Z	BURST64B	76	meander	116004	A	T	tiebreak	1000
2026-08-12T15:45:38Z	BURST64B	77	meander	116004	B	C	core_destroyed	106
2026-08-12T15:45:39Z	BURST64B	78	nordkap	116004	A	T	core_destroyed	164
2026-08-12T15:45:41Z	BURST64B	79	nordkap	116004	B	T	core_destroyed	237
2026-08-12T15:45:42Z	BURST64B	80	antler	116005	A	C	core_destroyed	148
2026-08-12T15:45:43Z	BURST64B	81	antler	116005	B	C	core_destroyed	214
2026-08-12T15:45:45Z	BURST64B	82	atoll	116005	A	C	core_destroyed	180
2026-08-12T15:45:47Z	BURST64B	83	atoll	116005	B	C	tiebreak	1000
2026-08-12T15:45:48Z	BURST64B	84	drumlin	116005	A	C	core_destroyed	135
2026-08-12T15:45:50Z	BURST64B	85	drumlin	116005	B	C	core_destroyed	117
2026-08-12T15:45:51Z	BURST64B	86	fjordgate	116005	A	T	core_destroyed	106
2026-08-12T15:45:52Z	BURST64B	87	fjordgate	116005	B	T	core_destroyed	170
2026-08-12T15:45:56Z	BURST64B	88	heart	116005	A	C	core_destroyed	301
2026-08-12T15:46:00Z	BURST64B	89	heart	116005	B	C	core_destroyed	229
2026-08-12T15:46:03Z	BURST64B	90	hive	116005	A	C	core_destroyed	320
2026-08-12T15:46:05Z	BURST64B	91	hive	116005	B	T	core_destroyed	113
2026-08-12T15:46:06Z	BURST64B	92	meander	116005	A	T	core_destroyed	187
2026-08-12T15:46:08Z	BURST64B	93	meander	116005	B	T	core_destroyed	361
2026-08-12T15:46:11Z	BURST64B	94	nordkap	116005	A	T	tiebreak	1000
2026-08-12T15:46:12Z	BURST64B	95	nordkap	116005	B	C	core_destroyed	181
2026-08-12T15:46:15Z	BURST64B	96	antler	116006	A	C	tiebreak	1000
2026-08-12T15:46:17Z	BURST64B	97	antler	116006	B	C	core_destroyed	274
2026-08-12T15:46:20Z	BURST64B	98	atoll	116006	A	T	tiebreak	1000
2026-08-12T15:46:21Z	BURST64B	99	atoll	116006	B	T	core_destroyed	123
2026-08-12T15:46:26Z	BURST64B	100	drumlin	116006	A	T	core_destroyed	318
2026-08-12T15:46:29Z	BURST64B	101	drumlin	116006	B	C	core_destroyed	209
2026-08-12T15:46:30Z	BURST64B	102	fjordgate	116006	A	C	core_destroyed	168
2026-08-12T15:46:31Z	BURST64B	103	fjordgate	116006	B	T	core_destroyed	140
2026-08-12T15:46:34Z	BURST64B	104	heart	116006	A	C	core_destroyed	194
2026-08-12T15:46:46Z	BURST64B	105	heart	116006	B	T	core_destroyed	845
2026-08-12T15:46:48Z	BURST64B	106	hive	116006	A	T	core_destroyed	200
2026-08-12T15:46:50Z	BURST64B	107	hive	116006	B	T	core_destroyed	125
2026-08-12T15:46:51Z	BURST64B	108	meander	116006	A	C	core_destroyed	100
2026-08-12T15:46:53Z	BURST64B	109	meander	116006	B	T	core_destroyed	247
2026-08-12T15:46:54Z	BURST64B	110	nordkap	116006	A	C	core_destroyed	132
2026-08-12T15:46:57Z	BURST64B	111	nordkap	116006	B	C	core_destroyed	242
2026-08-12T15:46:59Z	BURST64B	112	antler	116007	A	C	core_destroyed	247
2026-08-12T15:47:00Z	BURST64B	113	antler	116007	B	T	core_destroyed	124
2026-08-12T15:47:02Z	BURST64B	114	atoll	116007	A	C	core_destroyed	120
2026-08-12T15:47:03Z	BURST64B	115	atoll	116007	B	C	core_destroyed	168
2026-08-12T15:47:05Z	BURST64B	116	drumlin	116007	A	T	core_destroyed	138
2026-08-12T15:47:06Z	BURST64B	117	drumlin	116007	B	C	core_destroyed	131
2026-08-12T15:47:07Z	BURST64B	118	fjordgate	116007	A	C	core_destroyed	111
2026-08-12T15:47:08Z	BURST64B	119	fjordgate	116007	B	T	core_destroyed	164
2026-08-12T15:47:10Z	BURST64B	120	heart	116007	A	T	core_destroyed	228
2026-08-12T15:47:15Z	BURST64B	121	heart	116007	B	C	tiebreak	1000
2026-08-12T15:47:17Z	BURST64B	122	hive	116007	A	T	core_destroyed	120
2026-08-12T15:47:20Z	BURST64B	123	hive	116007	B	C	core_destroyed	227
2026-08-12T15:47:22Z	BURST64B	124	meander	116007	A	C	core_destroyed	229
2026-08-12T15:47:23Z	BURST64B	125	meander	116007	B	C	core_destroyed	155
2026-08-12T15:47:25Z	BURST64B	126	nordkap	116007	A	T	core_destroyed	227
2026-08-12T15:47:27Z	BURST64B	127	nordkap	116007	B	C	core_destroyed	233
2026-08-12T15:47:28Z	BURST64B	128	antler	116008	A	T	core_destroyed	173
2026-08-12T15:47:29Z	BURST64B	129	antler	116008	B	C	core_destroyed	334
2026-08-12T15:47:31Z	BURST64B	130	atoll	116008	A	C	core_destroyed	147
2026-08-12T15:47:32Z	BURST64B	131	atoll	116008	B	T	core_destroyed	107
2026-08-12T15:47:36Z	BURST64B	132	drumlin	116008	A	T	core_destroyed	369
2026-08-12T15:47:38Z	BURST64B	133	drumlin	116008	B	T	core_destroyed	155
2026-08-12T15:47:40Z	BURST64B	134	fjordgate	116008	A	C	core_destroyed	147
2026-08-12T15:47:41Z	BURST64B	135	fjordgate	116008	B	C	core_destroyed	112
2026-08-12T15:47:43Z	BURST64B	136	heart	116008	A	T	core_destroyed	223
2026-08-12T15:47:44Z	BURST64B	137	heart	116008	B	C	core_destroyed	139
2026-08-12T15:47:46Z	BURST64B	138	hive	116008	A	C	core_destroyed	366
2026-08-12T15:47:49Z	BURST64B	139	hive	116008	B	T	core_destroyed	261
2026-08-12T15:47:51Z	BURST64B	140	meander	116008	A	T	core_destroyed	235
2026-08-12T15:47:52Z	BURST64B	141	meander	116008	B	C	core_destroyed	178
2026-08-12T15:47:54Z	BURST64B	142	nordkap	116008	A	T	core_destroyed	166
2026-08-12T15:47:55Z	BURST64B	143	nordkap	116008	B	C	core_destroyed	98
2026-08-12T15:47:57Z	BURST64B	144	antler	116009	A	C	core_destroyed	159
2026-08-12T15:47:59Z	BURST64B	145	antler	116009	B	C	core_destroyed	286
2026-08-12T15:48:02Z	BURST64B	146	atoll	116009	A	T	tiebreak	1000
2026-08-12T15:48:05Z	BURST64B	147	atoll	116009	B	C	core_destroyed	425
2026-08-12T15:48:07Z	BURST64B	148	drumlin	116009	A	C	core_destroyed	111
2026-08-12T15:48:08Z	BURST64B	149	drumlin	116009	B	C	core_destroyed	144
2026-08-12T15:48:09Z	BURST64B	150	fjordgate	116009	A	C	core_destroyed	168
2026-08-12T15:48:10Z	BURST64B	151	fjordgate	116009	B	C	core_destroyed	203
2026-08-12T15:48:23Z	BURST64B	152	heart	116009	A	T	core_destroyed	564
2026-08-12T15:48:25Z	BURST64B	153	heart	116009	B	C	core_destroyed	215
2026-08-12T15:48:27Z	BURST64B	154	hive	116009	A	T	core_destroyed	144
2026-08-12T15:48:29Z	BURST64B	155	hive	116009	B	T	core_destroyed	110
2026-08-12T15:48:30Z	BURST64B	156	meander	116009	A	T	core_destroyed	190
2026-08-12T15:48:32Z	BURST64B	157	meander	116009	B	T	core_destroyed	192
2026-08-12T15:48:34Z	BURST64B	158	nordkap	116009	A	T	core_destroyed	275
2026-08-12T15:48:37Z	BURST64B	159	nordkap	116009	B	C	core_destroyed	275
2026-08-12T15:48:39Z	BURST64B	160	antler	116010	A	C	tiebreak	1000
2026-08-12T15:48:40Z	BURST64B	161	antler	116010	B	T	core_destroyed	161
2026-08-12T15:48:43Z	BURST64B	162	atoll	116010	A	C	core_destroyed	270
2026-08-12T15:48:45Z	BURST64B	163	atoll	116010	B	T	core_destroyed	118
2026-08-12T15:48:47Z	BURST64B	164	drumlin	116010	A	T	core_destroyed	191
2026-08-12T15:48:48Z	BURST64B	165	drumlin	116010	B	C	core_destroyed	132
2026-08-12T15:48:49Z	BURST64B	166	fjordgate	116010	A	T	core_destroyed	121
2026-08-12T15:48:51Z	BURST64B	167	fjordgate	116010	B	C	core_destroyed	311
2026-08-12T15:48:53Z	BURST64B	168	heart	116010	A	T	core_destroyed	313
2026-08-12T15:48:55Z	BURST64B	169	heart	116010	B	T	core_destroyed	169
2026-08-12T15:48:57Z	BURST64B	170	hive	116010	A	T	core_destroyed	157
2026-08-12T15:48:58Z	BURST64B	171	hive	116010	B	C	core_destroyed	79
2026-08-12T15:49:00Z	BURST64B	172	meander	116010	A	T	core_destroyed	209
2026-08-12T15:49:01Z	BURST64B	173	meander	116010	B	T	core_destroyed	151
2026-08-12T15:49:03Z	BURST64B	174	nordkap	116010	A	T	core_destroyed	207
2026-08-12T15:49:05Z	BURST64B	175	nordkap	116010	B	C	core_destroyed	177
2026-08-12T15:49:07Z	BURST64B	176	antler	116011	A	T	core_destroyed	393
2026-08-12T15:49:08Z	BURST64B	177	antler	116011	B	C	core_destroyed	395
2026-08-12T15:49:10Z	BURST64B	178	atoll	116011	A	C	core_destroyed	178
2026-08-12T15:49:11Z	BURST64B	179	atoll	116011	B	T	core_destroyed	118
2026-08-12T15:49:13Z	BURST64B	180	drumlin	116011	A	C	core_destroyed	98
2026-08-12T15:49:14Z	BURST64B	181	drumlin	116011	B	C	core_destroyed	97
2026-08-12T15:49:15Z	BURST64B	182	fjordgate	116011	A	T	core_destroyed	142
2026-08-12T15:49:17Z	BURST64B	183	fjordgate	116011	B	T	core_destroyed	424
2026-08-12T15:49:18Z	BURST64B	184	heart	116011	A	T	core_destroyed	75
2026-08-12T15:49:21Z	BURST64B	185	heart	116011	B	T	core_destroyed	273
2026-08-12T15:49:34Z	BURST64B	186	hive	116011	A	C	tiebreak	1000
2026-08-12T15:49:38Z	BURST64B	187	hive	116011	B	T	tiebreak	280
2026-08-12T15:49:40Z	BURST64B	188	meander	116011	A	C	core_destroyed	196
2026-08-12T15:49:42Z	BURST64B	189	meander	116011	B	T	core_destroyed	637
2026-08-12T15:49:43Z	BURST64B	190	nordkap	116011	A	T	core_destroyed	260
2026-08-12T15:49:45Z	BURST64B	191	nordkap	116011	B	C	core_destroyed	328
2026-08-12T15:49:46Z	BURST64B	192	antler	116012	A	T	core_destroyed	161
2026-08-12T15:49:48Z	BURST64B	193	antler	116012	B	T	core_destroyed	219
2026-08-12T15:49:50Z	BURST64B	194	atoll	116012	A	C	core_destroyed	142
2026-08-12T15:49:52Z	BURST64B	195	atoll	116012	B	C	core_destroyed	567
2026-08-12T15:49:56Z	BURST64B	196	drumlin	116012	A	C	core_destroyed	318
2026-08-12T15:50:02Z	BURST64B	197	drumlin	116012	B	T	core_destroyed	734
2026-08-12T15:50:03Z	BURST64B	198	fjordgate	116012	A	T	core_destroyed	123
2026-08-12T15:50:04Z	BURST64B	199	fjordgate	116012	B	C	core_destroyed	209
2026-08-12T15:50:07Z	BURST64B	200	heart	116012	A	T	tiebreak	1000
2026-08-12T15:50:10Z	BURST64B	201	heart	116012	B	C	core_destroyed	208
2026-08-12T15:50:14Z	BURST64B	202	hive	116012	A	C	core_destroyed	398
2026-08-12T15:50:17Z	BURST64B	203	hive	116012	B	C	core_destroyed	197
2026-08-12T15:50:20Z	BURST64B	204	meander	116012	A	T	tiebreak	1000
2026-08-12T15:50:21Z	BURST64B	205	meander	116012	B	C	core_destroyed	115
2026-08-12T15:50:25Z	BURST64B	206	nordkap	116012	A	T	core_destroyed	415
2026-08-12T15:50:26Z	BURST64B	207	nordkap	116012	B	C	core_destroyed	125
2026-08-12T15:50:27Z	BURST64B	208	antler	116013	A	T	core_destroyed	115
2026-08-12T15:50:29Z	BURST64B	209	antler	116013	B	C	core_destroyed	276
2026-08-12T15:50:30Z	BURST64B	210	atoll	116013	A	C	core_destroyed	154
2026-08-12T15:50:32Z	BURST64B	211	atoll	116013	B	T	core_destroyed	161
2026-08-12T15:50:36Z	BURST64B	212	drumlin	116013	A	C	core_destroyed	270
2026-08-12T15:50:37Z	BURST64B	213	drumlin	116013	B	C	core_destroyed	106
2026-08-12T15:50:39Z	BURST64B	214	fjordgate	116013	A	T	core_destroyed	316
2026-08-12T15:50:40Z	BURST64B	215	fjordgate	116013	B	C	core_destroyed	163
2026-08-12T15:50:42Z	BURST64B	216	heart	116013	A	T	core_destroyed	801
2026-08-12T15:50:44Z	BURST64B	217	heart	116013	B	C	core_destroyed	132
2026-08-12T15:50:47Z	BURST64B	218	hive	116013	A	T	core_destroyed	265
2026-08-12T15:50:49Z	BURST64B	219	hive	116013	B	C	core_destroyed	93
2026-08-12T15:50:51Z	BURST64B	220	meander	116013	A	C	core_destroyed	361
2026-08-12T15:50:52Z	BURST64B	221	meander	116013	B	T	core_destroyed	143
2026-08-12T15:50:53Z	BURST64B	222	nordkap	116013	A	T	core_destroyed	221
2026-08-12T15:50:57Z	BURST64B	223	nordkap	116013	B	T	core_destroyed	621
2026-08-12T15:50:59Z	BURST64B	224	antler	116014	A	T	core_destroyed	196
2026-08-12T15:51:01Z	BURST64B	225	antler	116014	B	T	core_destroyed	402
2026-08-12T15:51:02Z	BURST64B	226	atoll	116014	A	C	core_destroyed	109
2026-08-12T15:51:03Z	BURST64B	227	atoll	116014	B	T	core_destroyed	90
2026-08-12T15:51:07Z	BURST64B	228	drumlin	116014	A	T	core_destroyed	347
2026-08-12T15:51:08Z	BURST64B	229	drumlin	116014	B	C	core_destroyed	95
2026-08-12T15:51:09Z	BURST64B	230	fjordgate	116014	A	C	core_destroyed	197
2026-08-12T15:51:11Z	BURST64B	231	fjordgate	116014	B	T	core_destroyed	168
2026-08-12T15:51:13Z	BURST64B	232	heart	116014	A	T	tiebreak	1000
2026-08-12T15:51:15Z	BURST64B	233	heart	116014	B	T	core_destroyed	118
2026-08-12T15:51:21Z	BURST64B	234	hive	116014	A	T	core_destroyed	409
2026-08-12T15:51:35Z	BURST64B	235	hive	116014	B	T	tiebreak	1000
2026-08-12T15:51:36Z	BURST64B	236	meander	116014	A	T	core_destroyed	309
2026-08-12T15:51:37Z	BURST64B	237	meander	116014	B	C	core_destroyed	168
2026-08-12T15:51:38Z	BURST64B	238	nordkap	116014	A	T	core_destroyed	162
2026-08-12T15:51:41Z	BURST64B	239	nordkap	116014	B	T	tiebreak	1000
2026-08-12T15:51:42Z	BURST64B	240	antler	116015	A	T	core_destroyed	222
2026-08-12T15:51:43Z	BURST64B	241	antler	116015	B	C	core_destroyed	248
2026-08-12T15:51:45Z	BURST64B	242	atoll	116015	A	C	core_destroyed	109
2026-08-12T15:51:49Z	BURST64B	243	atoll	116015	B	C	core_destroyed	566
2026-08-12T15:51:50Z	BURST64B	244	drumlin	116015	A	T	core_destroyed	104
2026-08-12T15:51:53Z	BURST64B	245	drumlin	116015	B	C	core_destroyed	308
2026-08-12T15:51:54Z	BURST64B	246	fjordgate	116015	A	T	core_destroyed	111
2026-08-12T15:51:57Z	BURST64B	247	fjordgate	116015	B	T	core_destroyed	887
2026-08-12T15:51:59Z	BURST64B	248	heart	116015	A	T	core_destroyed	194
2026-08-12T15:52:00Z	BURST64B	249	heart	116015	B	C	core_destroyed	124
2026-08-12T15:52:02Z	BURST64B	250	hive	116015	A	T	core_destroyed	116
2026-08-12T15:52:08Z	BURST64B	251	hive	116015	B	C	core_destroyed	363
2026-08-12T15:52:10Z	BURST64B	252	meander	116015	A	C	core_destroyed	439
2026-08-12T15:52:13Z	BURST64B	253	meander	116015	B	C	core_destroyed	222
2026-08-12T15:52:14Z	BURST64B	254	nordkap	116015	A	T	core_destroyed	162
2026-08-12T15:52:16Z	BURST64B	255	nordkap	116015	B	T	core_destroyed	187
2026-08-12T15:52:17Z	BURST64B	256	antler	116016	A	C	core_destroyed	106
2026-08-12T15:52:19Z	BURST64B	257	antler	116016	B	C	core_destroyed	330
2026-08-12T15:52:21Z	BURST64B	258	atoll	116016	A	C	core_destroyed	358
2026-08-12T15:52:24Z	BURST64B	259	atoll	116016	B	T	core_destroyed	437
2026-08-12T15:52:25Z	BURST64B	260	drumlin	116016	A	T	core_destroyed	97
2026-08-12T15:52:28Z	BURST64B	261	drumlin	116016	B	T	core_destroyed	201
2026-08-12T15:52:30Z	BURST64B	262	fjordgate	116016	A	T	core_destroyed	200
2026-08-12T15:52:31Z	BURST64B	263	fjordgate	116016	B	T	core_destroyed	437
2026-08-12T15:52:36Z	BURST64B	264	heart	116016	A	T	tiebreak	1000
2026-08-12T15:52:38Z	BURST64B	265	heart	116016	B	C	core_destroyed	194
2026-08-12T15:52:45Z	BURST64B	266	hive	116016	A	T	core_destroyed	370
2026-08-12T15:52:52Z	BURST64B	267	hive	116016	B	C	core_destroyed	444
2026-08-12T15:52:53Z	BURST64B	268	meander	116016	A	T	core_destroyed	106
2026-08-12T15:52:54Z	BURST64B	269	meander	116016	B	T	core_destroyed	172
2026-08-12T15:52:59Z	BURST64B	270	nordkap	116016	A	C	core_destroyed	591
2026-08-12T15:53:02Z	BURST64B	271	nordkap	116016	B	C	core_destroyed	455
2026-08-12T15:53:04Z	BURST64B	272	antler	116017	A	T	core_destroyed	268
2026-08-12T15:53:06Z	BURST64B	273	antler	116017	B	T	core_destroyed	236
2026-08-12T15:53:09Z	BURST64B	274	atoll	116017	A	C	core_destroyed	310
2026-08-12T15:53:12Z	BURST64B	275	atoll	116017	B	C	core_destroyed	270
2026-08-12T15:53:16Z	BURST64B	276	drumlin	116017	A	T	core_destroyed	211
2026-08-12T15:53:17Z	BURST64B	277	drumlin	116017	B	T	core_destroyed	106
2026-08-12T15:53:18Z	BURST64B	278	fjordgate	116017	A	T	core_destroyed	122
2026-08-12T15:53:20Z	BURST64B	279	fjordgate	116017	B	C	tiebreak	1000
2026-08-12T15:53:23Z	BURST64B	280	heart	116017	A	T	core_destroyed	300
2026-08-12T15:53:24Z	BURST64B	281	heart	116017	B	C	core_destroyed	337
2026-08-12T15:53:26Z	BURST64B	282	hive	116017	A	C	core_destroyed	139
2026-08-12T15:53:33Z	BURST64B	283	hive	116017	B	C	core_destroyed	523
2026-08-12T15:53:36Z	BURST64B	284	meander	116017	A	C	core_destroyed	333
2026-08-12T15:53:37Z	BURST64B	285	meander	116017	B	C	core_destroyed	163
2026-08-12T15:53:38Z	BURST64B	286	nordkap	116017	A	C	core_destroyed	158
2026-08-12T15:53:40Z	BURST64B	287	nordkap	116017	B	C	core_destroyed	183
2026-08-12T15:53:41Z	BURST64B	288	antler	116018	A	C	core_destroyed	173
2026-08-12T15:53:42Z	BURST64B	289	antler	116018	B	C	core_destroyed	114
2026-08-12T15:53:45Z	BURST64B	290	atoll	116018	A	T	core_destroyed	504
2026-08-12T15:53:46Z	BURST64B	291	atoll	116018	B	T	core_destroyed	120
2026-08-12T15:53:51Z	BURST64B	292	drumlin	116018	A	T	core_destroyed	276
2026-08-12T15:53:55Z	BURST64B	293	drumlin	116018	B	C	core_destroyed	456
2026-08-12T15:53:57Z	BURST64B	294	fjordgate	116018	A	T	tiebreak	1000
2026-08-12T15:53:58Z	BURST64B	295	fjordgate	116018	B	T	core_destroyed	156
2026-08-12T15:54:00Z	BURST64B	296	heart	116018	A	T	core_destroyed	194
2026-08-12T15:54:29Z	BURST64B	297	heart	116018	B	T	tiebreak	1000
2026-08-12T15:54:36Z	BURST64B	298	hive	116018	A	T	core_destroyed	504
2026-08-12T15:54:37Z	BURST64B	299	hive	116018	B	T	core_destroyed	118
2026-08-12T15:54:40Z	BURST64B	300	meander	116018	A	C	core_destroyed	245
2026-08-12T15:54:41Z	BURST64B	301	meander	116018	B	T	core_destroyed	142
2026-08-12T15:54:43Z	BURST64B	302	nordkap	116018	A	T	core_destroyed	209
2026-08-12T15:54:44Z	BURST64B	303	nordkap	116018	B	T	core_destroyed	224
2026-08-12T15:54:48Z	BURST64B	304	antler	116019	A	C	core_destroyed	488
2026-08-12T15:54:49Z	BURST64B	305	antler	116019	B	C	core_destroyed	330
2026-08-12T15:54:51Z	BURST64B	306	atoll	116019	A	C	core_destroyed	88
2026-08-12T15:54:55Z	BURST64B	307	atoll	116019	B	T	core_destroyed	355
2026-08-12T15:54:56Z	BURST64B	308	drumlin	116019	A	T	core_destroyed	125
2026-08-12T15:54:57Z	BURST64B	309	drumlin	116019	B	C	core_destroyed	73
2026-08-12T15:54:58Z	BURST64B	310	fjordgate	116019	A	T	core_destroyed	161
2026-08-12T15:55:00Z	BURST64B	311	fjordgate	116019	B	T	core_destroyed	710
2026-08-12T15:55:02Z	BURST64B	312	heart	116019	A	C	core_destroyed	310
2026-08-12T15:55:05Z	BURST64B	313	heart	116019	B	T	core_destroyed	735
2026-08-12T15:55:11Z	BURST64B	314	hive	116019	A	C	core_destroyed	324
2026-08-12T15:55:16Z	BURST64B	315	hive	116019	B	C	core_destroyed	310
2026-08-12T15:55:17Z	BURST64B	316	meander	116019	A	T	core_destroyed	106
2026-08-12T15:55:19Z	BURST64B	317	meander	116019	B	T	core_destroyed	200
2026-08-12T15:55:20Z	BURST64B	318	nordkap	116019	A	C	core_destroyed	175
2026-08-12T15:55:22Z	BURST64B	319	nordkap	116019	B	C	core_destroyed	232
2026-08-12T15:55:23Z	BURST64B	320	antler	116020	A	T	core_destroyed	144
2026-08-12T15:55:25Z	BURST64B	321	antler	116020	B	C	tiebreak	1000
2026-08-12T15:55:27Z	BURST64B	322	atoll	116020	A	C	core_destroyed	182
2026-08-12T15:55:29Z	BURST64B	323	atoll	116020	B	T	core_destroyed	542
2026-08-12T15:55:30Z	BURST64B	324	drumlin	116020	A	T	core_destroyed	91
2026-08-12T15:55:32Z	BURST64B	325	drumlin	116020	B	C	core_destroyed	103
2026-08-12T15:55:33Z	BURST64B	326	fjordgate	116020	A	T	core_destroyed	212
2026-08-12T15:55:34Z	BURST64B	327	fjordgate	116020	B	C	core_destroyed	144
2026-08-12T15:55:36Z	BURST64B	328	heart	116020	A	T	core_destroyed	154
2026-08-12T15:55:39Z	BURST64B	329	heart	116020	B	C	core_destroyed	208
2026-08-12T15:55:40Z	BURST64B	330	hive	116020	A	T	core_destroyed	190
2026-08-12T15:55:42Z	BURST64B	331	hive	116020	B	T	core_destroyed	114
2026-08-12T15:55:43Z	BURST64B	332	meander	116020	A	T	core_destroyed	151
2026-08-12T15:55:45Z	BURST64B	333	meander	116020	B	C	core_destroyed	217
2026-08-12T15:55:47Z	BURST64B	334	nordkap	116020	A	T	core_destroyed	208
2026-08-12T15:55:49Z	BURST64B	335	nordkap	116020	B	C	core_destroyed	278
2026-08-12T15:55:51Z	BURST64B	336	antler	116021	A	C	core_destroyed	258
2026-08-12T15:55:53Z	BURST64B	337	antler	116021	B	T	core_destroyed	433
2026-08-12T15:55:54Z	BURST64B	338	atoll	116021	A	C	core_destroyed	104
2026-08-12T15:55:56Z	BURST64B	339	atoll	116021	B	T	core_destroyed	555
2026-08-12T15:55:59Z	BURST64B	340	drumlin	116021	A	T	core_destroyed	275
2026-08-12T15:56:02Z	BURST64B	341	drumlin	116021	B	C	core_destroyed	232
2026-08-12T15:56:04Z	BURST64B	342	fjordgate	116021	A	C	core_destroyed	310
2026-08-12T15:56:07Z	BURST64B	343	fjordgate	116021	B	C	core_destroyed	749
2026-08-12T15:56:08Z	BURST64B	344	heart	116021	A	C	core_destroyed	158
2026-08-12T15:56:11Z	BURST64B	345	heart	116021	B	T	core_destroyed	259
2026-08-12T15:56:13Z	BURST64B	346	hive	116021	A	T	core_destroyed	179
2026-08-12T15:56:16Z	BURST64B	347	hive	116021	B	C	core_destroyed	361
2026-08-12T15:56:18Z	BURST64B	348	meander	116021	A	C	core_destroyed	154
2026-08-12T15:56:19Z	BURST64B	349	meander	116021	B	C	core_destroyed	217
2026-08-12T15:56:21Z	BURST64B	350	nordkap	116021	A	T	core_destroyed	218
2026-08-12T15:56:22Z	BURST64B	351	nordkap	116021	B	C	core_destroyed	212
2026-08-12T15:56:24Z	BURST64B	352	antler	116022	A	T	core_destroyed	179
2026-08-12T15:56:26Z	BURST64B	353	antler	116022	B	C	core_destroyed	339
2026-08-12T15:56:27Z	BURST64B	354	atoll	116022	A	C	core_destroyed	86
2026-08-12T15:56:29Z	BURST64B	355	atoll	116022	B	C	core_destroyed	947
2026-08-12T15:56:31Z	BURST64B	356	drumlin	116022	A	C	core_destroyed	176
2026-08-12T15:56:36Z	BURST64B	357	drumlin	116022	B	T	core_destroyed	442
2026-08-12T15:56:41Z	BURST64B	358	fjordgate	116022	A	T	tiebreak	1000
2026-08-12T15:56:43Z	BURST64B	359	fjordgate	116022	B	C	core_destroyed	446
2026-08-12T15:56:46Z	BURST64B	360	heart	116022	A	C	core_destroyed	377
2026-08-12T15:56:47Z	BURST64B	361	heart	116022	B	C	core_destroyed	214
2026-08-12T15:56:48Z	BURST64B	362	hive	116022	A	C	core_destroyed	127
2026-08-12T15:56:50Z	BURST64B	363	hive	116022	B	C	core_destroyed	119
2026-08-12T15:56:52Z	BURST64B	364	meander	116022	A	C	core_destroyed	158
2026-08-12T15:56:54Z	BURST64B	365	meander	116022	B	T	tiebreak	1000
2026-08-12T15:56:55Z	BURST64B	366	nordkap	116022	A	C	core_destroyed	116
2026-08-12T15:56:59Z	BURST64B	367	nordkap	116022	B	C	core_destroyed	356
2026-08-12T15:57:00Z	BURST64B	368	antler	116023	A	T	core_destroyed	188
2026-08-12T15:57:03Z	BURST64B	369	antler	116023	B	C	core_destroyed	542
2026-08-12T15:57:05Z	BURST64B	370	atoll	116023	A	C	core_destroyed	827
2026-08-12T15:57:06Z	BURST64B	371	atoll	116023	B	T	core_destroyed	188
2026-08-12T15:57:07Z	BURST64B	372	drumlin	116023	A	T	core_destroyed	95
2026-08-12T15:57:09Z	BURST64B	373	drumlin	116023	B	T	core_destroyed	105
2026-08-12T15:57:10Z	BURST64B	374	fjordgate	116023	A	C	core_destroyed	285
2026-08-12T15:57:11Z	BURST64B	375	fjordgate	116023	B	C	core_destroyed	148
2026-08-12T15:57:14Z	BURST64B	376	heart	116023	A	T	core_destroyed	154
2026-08-12T15:57:17Z	BURST64B	377	heart	116023	B	C	tiebreak	1000
2026-08-12T15:57:21Z	BURST64B	378	hive	116023	A	T	core_destroyed	377
2026-08-12T15:57:22Z	BURST64B	379	hive	116023	B	C	core_destroyed	136
2026-08-12T15:57:23Z	BURST64B	380	meander	116023	A	T	core_destroyed	175
2026-08-12T15:57:25Z	BURST64B	381	meander	116023	B	T	core_destroyed	147
2026-08-12T15:57:28Z	BURST64B	382	nordkap	116023	A	T	core_destroyed	307
2026-08-12T15:57:29Z	BURST64B	383	nordkap	116023	B	C	core_destroyed	200
2026-08-12T15:57:31Z	BURST64B	384	antler	116024	A	T	core_destroyed	539
2026-08-12T15:57:33Z	BURST64B	385	antler	116024	B	T	core_destroyed	271
2026-08-12T15:57:35Z	BURST64B	386	atoll	116024	A	T	tiebreak	1000
2026-08-12T15:57:36Z	BURST64B	387	atoll	116024	B	T	core_destroyed	100
2026-08-12T15:57:37Z	BURST64B	388	drumlin	116024	A	C	core_destroyed	172
2026-08-12T15:57:39Z	BURST64B	389	drumlin	116024	B	C	core_destroyed	177
2026-08-12T15:57:40Z	BURST64B	390	fjordgate	116024	A	T	core_destroyed	106
2026-08-12T15:57:41Z	BURST64B	391	fjordgate	116024	B	T	core_destroyed	149
2026-08-12T15:57:45Z	BURST64B	392	heart	116024	A	C	core_destroyed	294
2026-08-12T15:57:47Z	BURST64B	393	heart	116024	B	C	core_destroyed	150
2026-08-12T15:57:48Z	BURST64B	394	hive	116024	A	C	core_destroyed	113
2026-08-12T15:57:50Z	BURST64B	395	hive	116024	B	T	core_destroyed	101
2026-08-12T15:57:51Z	BURST64B	396	meander	116024	A	T	core_destroyed	91
2026-08-12T15:57:53Z	BURST64B	397	meander	116024	B	T	core_destroyed	239
2026-08-12T15:57:56Z	BURST64B	398	nordkap	116024	A	C	core_destroyed	399
2026-08-12T15:57:58Z	BURST64B	399	nordkap	116024	B	T	core_destroyed	781
2026-08-12T15:58:00Z	BURST64B	400	antler	116025	A	T	core_destroyed	522
2026-08-12T15:58:01Z	BURST64B	401	antler	116025	B	C	core_destroyed	157
2026-08-12T15:58:03Z	BURST64B	402	atoll	116025	A	C	core_destroyed	106
2026-08-12T15:58:04Z	BURST64B	403	atoll	116025	B	T	core_destroyed	111
2026-08-12T15:58:07Z	BURST64B	404	drumlin	116025	A	T	core_destroyed	312
2026-08-12T15:58:11Z	BURST64B	405	drumlin	116025	B	C	core_destroyed	334
2026-08-12T15:58:12Z	BURST64B	406	fjordgate	116025	A	T	core_destroyed	224
2026-08-12T15:58:14Z	BURST64B	407	fjordgate	116025	B	C	core_destroyed	533
2026-08-12T15:58:21Z	BURST64B	408	heart	116025	A	T	tiebreak	1000
2026-08-12T15:58:27Z	BURST64B	409	heart	116025	B	T	core_destroyed	488
2026-08-12T15:58:32Z	BURST64B	410	hive	116025	A	T	core_destroyed	367
2026-08-12T15:58:33Z	BURST64B	411	hive	116025	B	C	core_destroyed	167
2026-08-12T15:58:35Z	BURST64B	412	meander	116025	A	C	core_destroyed	171
2026-08-12T15:58:37Z	BURST64B	413	meander	116025	B	C	core_destroyed	323
2026-08-12T15:58:39Z	BURST64B	414	nordkap	116025	A	C	core_destroyed	176
2026-08-12T15:58:40Z	BURST64B	415	nordkap	116025	B	T	core_destroyed	258
2026-08-12T15:58:41Z	BURST64B	416	antler	116026	A	T	core_destroyed	164
2026-08-12T15:58:43Z	BURST64B	417	antler	116026	B	T	core_destroyed	351
2026-08-12T15:58:46Z	BURST64B	418	atoll	116026	A	T	tiebreak	1000
2026-08-12T15:58:51Z	BURST64B	419	atoll	116026	B	C	core_destroyed	823
2026-08-12T15:58:53Z	BURST64B	420	drumlin	116026	A	T	core_destroyed	192
2026-08-12T15:58:55Z	BURST64B	421	drumlin	116026	B	T	core_destroyed	183
2026-08-12T15:58:57Z	BURST64B	422	fjordgate	116026	A	T	tiebreak	1000
2026-08-12T15:58:58Z	BURST64B	423	fjordgate	116026	B	T	core_destroyed	234
2026-08-12T15:59:03Z	BURST64B	424	heart	116026	A	T	tiebreak	1000
2026-08-12T15:59:04Z	BURST64B	425	heart	116026	B	T	core_destroyed	174
2026-08-12T15:59:06Z	BURST64B	426	hive	116026	A	C	core_destroyed	166
2026-08-12T15:59:08Z	BURST64B	427	hive	116026	B	C	core_destroyed	122
2026-08-12T15:59:10Z	BURST64B	428	meander	116026	A	T	tiebreak	1000
2026-08-12T15:59:12Z	BURST64B	429	meander	116026	B	T	core_destroyed	290
2026-08-12T15:59:13Z	BURST64B	430	nordkap	116026	A	T	core_destroyed	160
2026-08-12T15:59:16Z	BURST64B	431	nordkap	116026	B	T	core_destroyed	249
2026-08-12T15:59:18Z	BURST64B	432	antler	116027	A	C	tiebreak	1000
2026-08-12T15:59:21Z	BURST64B	433	antler	116027	B	T	core_destroyed	217
2026-08-12T15:59:23Z	BURST64B	434	atoll	116027	A	T	tiebreak	1000
2026-08-12T15:59:25Z	BURST64B	435	atoll	116027	B	T	core_destroyed	104
2026-08-12T15:59:27Z	BURST64B	436	drumlin	116027	A	T	core_destroyed	177
2026-08-12T15:59:29Z	BURST64B	437	drumlin	116027	B	C	core_destroyed	134
2026-08-12T15:59:32Z	BURST64B	438	fjordgate	116027	A	T	tiebreak	1000
2026-08-12T15:59:33Z	BURST64B	439	fjordgate	116027	B	T	core_destroyed	94
2026-08-12T15:59:36Z	BURST64B	440	heart	116027	A	C	core_destroyed	255
2026-08-12T15:59:40Z	BURST64B	441	heart	116027	B	C	core_destroyed	404
2026-08-12T15:59:42Z	BURST64B	442	hive	116027	A	C	core_destroyed	139
2026-08-12T15:59:44Z	BURST64B	443	hive	116027	B	T	core_destroyed	179
2026-08-12T15:59:46Z	BURST64B	444	meander	116027	A	C	core_destroyed	359
2026-08-12T15:59:49Z	BURST64B	445	meander	116027	B	T	tiebreak	1000
2026-08-12T15:59:51Z	BURST64B	446	nordkap	116027	A	C	core_destroyed	125
2026-08-12T15:59:52Z	BURST64B	447	nordkap	116027	B	C	core_destroyed	231
2026-08-12T15:59:54Z	BURST64B	448	antler	116028	A	T	core_destroyed	241
2026-08-12T15:59:56Z	BURST64B	449	antler	116028	B	T	core_destroyed	191
2026-08-12T15:59:57Z	BURST64B	450	atoll	116028	A	T	core_destroyed	153
2026-08-12T15:59:58Z	BURST64B	451	atoll	116028	B	T	core_destroyed	128
2026-08-12T16:00:02Z	BURST64B	452	drumlin	116028	A	T	core_destroyed	478
2026-08-12T16:00:08Z	BURST64B	453	drumlin	116028	B	C	core_destroyed	473
2026-08-12T16:00:10Z	BURST64B	454	fjordgate	116028	A	C	core_destroyed	333
2026-08-12T16:00:11Z	BURST64B	455	fjordgate	116028	B	T	core_destroyed	314
2026-08-12T16:00:18Z	BURST64B	456	heart	116028	A	T	tiebreak	1000
2026-08-12T16:00:20Z	BURST64B	457	heart	116028	B	C	core_destroyed	81
2026-08-12T16:00:21Z	BURST64B	458	hive	116028	A	T	core_destroyed	117
2026-08-12T16:00:22Z	BURST64B	459	hive	116028	B	C	core_destroyed	146
2026-08-12T16:00:24Z	BURST64B	460	meander	116028	A	C	core_destroyed	177
2026-08-12T16:00:26Z	BURST64B	461	meander	116028	B	C	core_destroyed	216
2026-08-12T16:00:27Z	BURST64B	462	nordkap	116028	A	T	core_destroyed	348
2026-08-12T16:00:29Z	BURST64B	463	nordkap	116028	B	T	core_destroyed	98
2026-08-12T16:00:30Z	BURST64B	464	antler	116029	A	T	core_destroyed	222
2026-08-12T16:00:32Z	BURST64B	465	antler	116029	B	T	core_destroyed	260
2026-08-12T16:00:35Z	BURST64B	466	atoll	116029	A	C	core_destroyed	286
2026-08-12T16:00:39Z	BURST64B	467	atoll	116029	B	C	core_destroyed	426
2026-08-12T16:00:43Z	BURST64B	468	drumlin	116029	A	T	core_destroyed	313
2026-08-12T16:00:44Z	BURST64B	469	drumlin	116029	B	C	core_destroyed	152
2026-08-12T16:00:46Z	BURST64B	470	fjordgate	116029	A	C	core_destroyed	185
2026-08-12T16:00:47Z	BURST64B	471	fjordgate	116029	B	C	core_destroyed	258
2026-08-12T16:00:50Z	BURST64B	472	heart	116029	A	T	core_destroyed	195
2026-08-12T16:01:01Z	BURST64B	473	heart	116029	B	C	core_destroyed	843
2026-08-12T16:01:03Z	BURST64B	474	hive	116029	A	T	core_destroyed	147
2026-08-12T16:01:04Z	BURST64B	475	hive	116029	B	T	core_destroyed	127
2026-08-12T16:01:05Z	BURST64B	476	meander	116029	A	C	core_destroyed	201
2026-08-12T16:01:07Z	BURST64B	477	meander	116029	B	T	core_destroyed	164
2026-08-12T16:01:08Z	BURST64B	478	nordkap	116029	A	T	core_destroyed	152
2026-08-12T16:01:11Z	BURST64B	479	nordkap	116029	B	T	core_destroyed	853
2026-08-12T16:01:13Z	BURST64B	480	antler	116030	A	C	tiebreak	1000
2026-08-12T16:01:14Z	BURST64B	481	antler	116030	B	T	core_destroyed	221
2026-08-12T16:01:15Z	BURST64B	482	atoll	116030	A	T	core_destroyed	328
2026-08-12T16:01:18Z	BURST64B	483	atoll	116030	B	T	core_destroyed	194
2026-08-12T16:01:19Z	BURST64B	484	drumlin	116030	A	T	core_destroyed	159
2026-08-12T16:01:20Z	BURST64B	485	drumlin	116030	B	C	core_destroyed	105
2026-08-12T16:01:22Z	BURST64B	486	fjordgate	116030	A	C	core_destroyed	215
2026-08-12T16:01:23Z	BURST64B	487	fjordgate	116030	B	T	core_destroyed	145
2026-08-12T16:01:24Z	BURST64B	488	heart	116030	A	T	core_destroyed	267
2026-08-12T16:01:33Z	BURST64B	489	heart	116030	B	C	tiebreak	1000
2026-08-12T16:01:34Z	BURST64B	490	hive	116030	A	C	core_destroyed	83
2026-08-12T16:01:39Z	BURST64B	491	hive	116030	B	C	core_destroyed	318
2026-08-12T16:01:40Z	BURST64B	492	meander	116030	A	T	core_destroyed	182
2026-08-12T16:01:42Z	BURST64B	493	meander	116030	B	C	core_destroyed	145
2026-08-12T16:01:43Z	BURST64B	494	nordkap	116030	A	T	core_destroyed	133
2026-08-12T16:01:46Z	BURST64B	495	nordkap	116030	B	C	core_destroyed	575
2026-08-12T16:01:48Z	BURST64B	496	antler	116031	A	T	core_destroyed	571
2026-08-12T16:01:50Z	BURST64B	497	antler	116031	B	C	core_destroyed	272
2026-08-12T16:01:52Z	BURST64B	498	atoll	116031	A	T	core_destroyed	617
2026-08-12T16:01:54Z	BURST64B	499	atoll	116031	B	T	core_destroyed	246
2026-08-12T16:01:56Z	BURST64B	500	drumlin	116031	A	T	core_destroyed	120
2026-08-12T16:02:01Z	BURST64B	501	drumlin	116031	B	T	core_destroyed	284
2026-08-12T16:02:02Z	BURST64B	502	fjordgate	116031	A	C	core_destroyed	334
2026-08-12T16:02:03Z	BURST64B	503	fjordgate	116031	B	T	core_destroyed	271
2026-08-12T16:02:06Z	BURST64B	504	heart	116031	A	T	tiebreak	1000
2026-08-12T16:02:10Z	BURST64B	505	heart	116031	B	C	core_destroyed	283
2026-08-12T16:02:16Z	BURST64B	506	hive	116031	A	T	core_destroyed	375
2026-08-12T16:02:23Z	BURST64B	507	hive	116031	B	C	core_destroyed	471
2026-08-12T16:02:25Z	BURST64B	508	meander	116031	A	T	core_destroyed	215
2026-08-12T16:02:26Z	BURST64B	509	meander	116031	B	C	core_destroyed	160
2026-08-12T16:02:27Z	BURST64B	510	nordkap	116031	A	C	core_destroyed	184
2026-08-12T16:02:29Z	BURST64B	511	nordkap	116031	B	C	core_destroyed	181
2026-08-12T16:02:31Z	BURST64B	512	antler	116032	A	C	tiebreak	1000
2026-08-12T16:02:33Z	BURST64B	513	antler	116032	B	C	core_destroyed	214
2026-08-12T16:02:35Z	BURST64B	514	atoll	116032	A	T	core_destroyed	495
2026-08-12T16:02:36Z	BURST64B	515	atoll	116032	B	T	core_destroyed	333
2026-08-12T16:02:38Z	BURST64B	516	drumlin	116032	A	C	core_destroyed	117
2026-08-12T16:02:40Z	BURST64B	517	drumlin	116032	B	C	core_destroyed	207
2026-08-12T16:02:41Z	BURST64B	518	fjordgate	116032	A	C	core_destroyed	313
2026-08-12T16:02:43Z	BURST64B	519	fjordgate	116032	B	C	core_destroyed	149
2026-08-12T16:02:45Z	BURST64B	520	heart	116032	A	T	core_destroyed	345
2026-08-12T16:02:47Z	BURST64B	521	heart	116032	B	C	core_destroyed	119
2026-08-12T16:02:49Z	BURST64B	522	hive	116032	A	C	core_destroyed	170
2026-08-12T16:02:52Z	BURST64B	523	hive	116032	B	C	core_destroyed	285
2026-08-12T16:02:53Z	BURST64B	524	meander	116032	A	T	core_destroyed	191
2026-08-12T16:02:55Z	BURST64B	525	meander	116032	B	T	core_destroyed	204
2026-08-12T16:02:56Z	BURST64B	526	nordkap	116032	A	T	core_destroyed	143
2026-08-12T16:02:58Z	BURST64B	527	nordkap	116032	B	T	core_destroyed	201
2026-08-12T16:03:00Z	BURST64B	528	antler	116033	A	C	core_destroyed	276
2026-08-12T16:03:02Z	BURST64B	529	antler	116033	B	C	core_destroyed	633
2026-08-12T16:03:03Z	BURST64B	530	atoll	116033	A	C	core_destroyed	114
2026-08-12T16:03:06Z	BURST64B	531	atoll	116033	B	C	core_destroyed	206
2026-08-12T16:03:09Z	BURST64B	532	drumlin	116033	A	T	core_destroyed	275
2026-08-12T16:03:13Z	BURST64B	533	drumlin	116033	B	C	core_destroyed	276
2026-08-12T16:03:14Z	BURST64B	534	fjordgate	116033	A	T	core_destroyed	99
2026-08-12T16:03:16Z	BURST64B	535	fjordgate	116033	B	C	core_destroyed	308
2026-08-12T16:03:19Z	BURST64B	536	heart	116033	A	T	core_destroyed	242
2026-08-12T16:03:21Z	BURST64B	537	heart	116033	B	T	core_destroyed	163
2026-08-12T16:03:23Z	BURST64B	538	hive	116033	A	C	core_destroyed	222
2026-08-12T16:03:24Z	BURST64B	539	hive	116033	B	T	core_destroyed	127
2026-08-12T16:03:26Z	BURST64B	540	meander	116033	A	T	core_destroyed	88
2026-08-12T16:03:27Z	BURST64B	541	meander	116033	B	T	core_destroyed	159
2026-08-12T16:03:30Z	BURST64B	542	nordkap	116033	A	C	tiebreak	1000
2026-08-12T16:03:31Z	BURST64B	543	nordkap	116033	B	T	core_destroyed	200
2026-08-12T16:03:33Z	BURST64B	544	antler	116034	A	C	core_destroyed	398
2026-08-12T16:03:35Z	BURST64B	545	antler	116034	B	T	core_destroyed	236
2026-08-12T16:03:39Z	BURST64B	546	atoll	116034	A	T	core_destroyed	279
2026-08-12T16:03:40Z	BURST64B	547	atoll	116034	B	T	core_destroyed	104
2026-08-12T16:03:42Z	BURST64B	548	drumlin	116034	A	T	core_destroyed	168
2026-08-12T16:03:49Z	BURST64B	549	drumlin	116034	B	T	core_destroyed	629
2026-08-12T16:03:50Z	BURST64B	550	fjordgate	116034	A	C	core_destroyed	106
2026-08-12T16:03:52Z	BURST64B	551	fjordgate	116034	B	C	core_destroyed	185
2026-08-12T16:03:54Z	BURST64B	552	heart	116034	A	C	core_destroyed	178
2026-08-12T16:03:58Z	BURST64B	553	heart	116034	B	T	core_destroyed	240
2026-08-12T16:04:03Z	BURST64B	554	hive	116034	A	T	core_destroyed	532
2026-08-12T16:04:09Z	BURST64B	555	hive	116034	B	C	core_destroyed	386
2026-08-12T16:04:10Z	BURST64B	556	meander	116034	A	C	core_destroyed	143
2026-08-12T16:04:11Z	BURST64B	557	meander	116034	B	T	core_destroyed	140
2026-08-12T16:04:13Z	BURST64B	558	nordkap	116034	A	T	core_destroyed	190
2026-08-12T16:04:14Z	BURST64B	559	nordkap	116034	B	C	core_destroyed	189
2026-08-12T16:04:16Z	BURST64B	560	antler	116035	A	T	core_destroyed	289
2026-08-12T16:04:18Z	BURST64B	561	antler	116035	B	C	core_destroyed	378
2026-08-12T16:04:19Z	BURST64B	562	atoll	116035	A	C	core_destroyed	112
2026-08-12T16:04:25Z	BURST64B	563	atoll	116035	B	C	core_destroyed	532
2026-08-12T16:04:27Z	BURST64B	564	drumlin	116035	A	T	core_destroyed	156
2026-08-12T16:04:32Z	BURST64B	565	drumlin	116035	B	T	core_destroyed	302
2026-08-12T16:04:34Z	BURST64B	566	fjordgate	116035	A	T	core_destroyed	481
2026-08-12T16:04:35Z	BURST64B	567	fjordgate	116035	B	T	core_destroyed	111
2026-08-12T16:04:38Z	BURST64B	568	heart	116035	A	C	core_destroyed	288
2026-08-12T16:04:39Z	BURST64B	569	heart	116035	B	C	core_destroyed	151
2026-08-12T16:04:44Z	BURST64B	570	hive	116035	A	C	core_destroyed	363
2026-08-12T16:04:46Z	BURST64B	571	hive	116035	B	C	core_destroyed	222
2026-08-12T16:04:47Z	BURST64B	572	meander	116035	A	C	core_destroyed	185
2026-08-12T16:04:49Z	BURST64B	573	meander	116035	B	T	core_destroyed	182
2026-08-12T16:04:51Z	BURST64B	574	nordkap	116035	A	C	core_destroyed	268
2026-08-12T16:04:53Z	BURST64B	575	nordkap	116035	B	C	core_destroyed	222
2026-08-12T16:04:54Z	BURST64B	576	antler	116036	A	C	core_destroyed	110
2026-08-12T16:04:56Z	BURST64B	577	antler	116036	B	T	core_destroyed	386
2026-08-12T16:04:57Z	BURST64B	578	atoll	116036	A	C	core_destroyed	141
2026-08-12T16:04:58Z	BURST64B	579	atoll	116036	B	C	core_destroyed	128
2026-08-12T16:05:00Z	BURST64B	580	drumlin	116036	A	T	core_destroyed	159
2026-08-12T16:05:03Z	BURST64B	581	drumlin	116036	B	C	core_destroyed	275
2026-08-12T16:05:05Z	BURST64B	582	fjordgate	116036	A	C	core_destroyed	149
2026-08-12T16:05:06Z	BURST64B	583	fjordgate	116036	B	C	core_destroyed	92
2026-08-12T16:05:13Z	BURST64B	584	heart	116036	A	C	core_destroyed	409
2026-08-12T16:05:17Z	BURST64B	585	heart	116036	B	C	tiebreak	1000
2026-08-12T16:05:19Z	BURST64B	586	hive	116036	A	C	core_destroyed	94
2026-08-12T16:05:24Z	BURST64B	587	hive	116036	B	C	core_destroyed	532
2026-08-12T16:05:25Z	BURST64B	588	meander	116036	A	T	core_destroyed	108
2026-08-12T16:05:27Z	BURST64B	589	meander	116036	B	C	core_destroyed	295
2026-08-12T16:05:29Z	BURST64B	590	nordkap	116036	A	C	core_destroyed	183
2026-08-12T16:05:30Z	BURST64B	591	nordkap	116036	B	T	core_destroyed	183
2026-08-12T16:05:31Z	BURST64B	592	antler	116037	A	T	core_destroyed	151
2026-08-12T16:05:32Z	BURST64B	593	antler	116037	B	C	core_destroyed	109
2026-08-12T16:05:34Z	BURST64B	594	atoll	116037	A	C	core_destroyed	104
2026-08-12T16:05:35Z	BURST64B	595	atoll	116037	B	C	core_destroyed	144
2026-08-12T16:05:36Z	BURST64B	596	drumlin	116037	A	C	core_destroyed	96
2026-08-12T16:05:39Z	BURST64B	597	drumlin	116037	B	C	core_destroyed	318
2026-08-12T16:05:41Z	BURST64B	598	fjordgate	116037	A	T	core_destroyed	171
2026-08-12T16:05:42Z	BURST64B	599	fjordgate	116037	B	C	core_destroyed	125
2026-08-12T16:05:44Z	BURST64B	600	heart	116037	A	T	core_destroyed	279
2026-08-12T16:05:47Z	BURST64B	601	heart	116037	B	C	core_destroyed	374
2026-08-12T16:05:49Z	BURST64B	602	hive	116037	A	T	core_destroyed	105
2026-08-12T16:05:50Z	BURST64B	603	hive	116037	B	C	core_destroyed	141
2026-08-12T16:05:52Z	BURST64B	604	meander	116037	A	C	core_destroyed	182
2026-08-12T16:05:54Z	BURST64B	605	meander	116037	B	C	core_destroyed	181
2026-08-12T16:05:55Z	BURST64B	606	nordkap	116037	A	T	core_destroyed	154
2026-08-12T16:05:56Z	BURST64B	607	nordkap	116037	B	C	core_destroyed	163
2026-08-12T16:05:58Z	BURST64B	608	antler	116038	A	T	core_destroyed	236
2026-08-12T16:06:02Z	BURST64B	609	antler	116038	B	C	core_destroyed	330
2026-08-12T16:06:03Z	BURST64B	610	atoll	116038	A	C	core_destroyed	104
2026-08-12T16:06:07Z	BURST64B	611	atoll	116038	B	T	core_destroyed	462
2026-08-12T16:06:10Z	BURST64B	612	drumlin	116038	A	T	core_destroyed	288
2026-08-12T16:06:11Z	BURST64B	613	drumlin	116038	B	C	core_destroyed	172
2026-08-12T16:06:12Z	BURST64B	614	fjordgate	116038	A	T	core_destroyed	124
2026-08-12T16:06:14Z	BURST64B	615	fjordgate	116038	B	C	core_destroyed	146
2026-08-12T16:06:23Z	BURST64B	616	heart	116038	A	T	tiebreak	1000
2026-08-12T16:06:25Z	BURST64B	617	heart	116038	B	T	core_destroyed	164
2026-08-12T16:06:29Z	BURST64B	618	hive	116038	A	C	core_destroyed	358
2026-08-12T16:06:31Z	BURST64B	619	hive	116038	B	C	core_destroyed	154
2026-08-12T16:06:33Z	BURST64B	620	meander	116038	A	C	core_destroyed	203
2026-08-12T16:06:35Z	BURST64B	621	meander	116038	B	C	core_destroyed	184
2026-08-12T16:06:36Z	BURST64B	622	nordkap	116038	A	T	core_destroyed	210
2026-08-12T16:06:38Z	BURST64B	623	nordkap	116038	B	T	core_destroyed	453
2026-08-12T16:06:40Z	BURST64B	624	antler	116039	A	T	core_destroyed	227
2026-08-12T16:06:42Z	BURST64B	625	antler	116039	B	T	core_destroyed	192
2026-08-12T16:06:43Z	BURST64B	626	atoll	116039	A	T	core_destroyed	128
2026-08-12T16:06:44Z	BURST64B	627	atoll	116039	B	T	core_destroyed	99
2026-08-12T16:06:45Z	BURST64B	628	drumlin	116039	A	T	core_destroyed	78
2026-08-12T16:06:48Z	BURST64B	629	drumlin	116039	B	T	core_destroyed	272
2026-08-12T16:06:50Z	BURST64B	630	fjordgate	116039	A	T	core_destroyed	219
2026-08-12T16:06:51Z	BURST64B	631	fjordgate	116039	B	C	core_destroyed	155
2026-08-12T16:07:02Z	BURST64B	632	heart	116039	A	T	tiebreak	1000
2026-08-12T16:07:04Z	BURST64B	633	heart	116039	B	C	core_destroyed	113
2026-08-12T16:07:08Z	BURST64B	634	hive	116039	A	T	core_destroyed	256
2026-08-12T16:07:20Z	BURST64B	635	hive	116039	B	C	tiebreak	1000
2026-08-12T16:07:22Z	BURST64B	636	meander	116039	A	C	core_destroyed	433
2026-08-12T16:07:23Z	BURST64B	637	meander	116039	B	C	core_destroyed	103
2026-08-12T16:07:25Z	BURST64B	638	nordkap	116039	A	T	core_destroyed	168
2026-08-12T16:07:27Z	BURST64B	639	nordkap	116039	B	T	tiebreak	1000
2026-08-12T16:07:29Z	BURST64B	640	antler	116040	A	C	tiebreak	1000
2026-08-12T16:07:31Z	BURST64B	641	antler	116040	B	T	core_destroyed	192
2026-08-12T16:07:33Z	BURST64B	642	atoll	116040	A	C	core_destroyed	227
2026-08-12T16:07:34Z	BURST64B	643	atoll	116040	B	T	core_destroyed	120
2026-08-12T16:07:36Z	BURST64B	644	drumlin	116040	A	T	core_destroyed	199
2026-08-12T16:07:39Z	BURST64B	645	drumlin	116040	B	C	core_destroyed	207
2026-08-12T16:07:40Z	BURST64B	646	fjordgate	116040	A	T	core_destroyed	101
2026-08-12T16:07:41Z	BURST64B	647	fjordgate	116040	B	C	core_destroyed	125
2026-08-12T16:07:46Z	BURST64B	648	heart	116040	A	T	tiebreak	1000
2026-08-12T16:07:48Z	BURST64B	649	heart	116040	B	C	core_destroyed	176
2026-08-12T16:07:50Z	BURST64B	650	hive	116040	A	C	core_destroyed	172
2026-08-12T16:07:52Z	BURST64B	651	hive	116040	B	C	core_destroyed	197
2026-08-12T16:07:54Z	BURST64B	652	meander	116040	A	T	core_destroyed	272
2026-08-12T16:07:55Z	BURST64B	653	meander	116040	B	C	core_destroyed	239
2026-08-12T16:07:57Z	BURST64B	654	nordkap	116040	A	C	core_destroyed	186
2026-08-12T16:07:58Z	BURST64B	655	nordkap	116040	B	C	core_destroyed	186
2026-08-12T16:08:00Z	BURST64B	656	antler	116041	A	T	core_destroyed	204
2026-08-12T16:08:01Z	BURST64B	657	antler	116041	B	T	core_destroyed	221
2026-08-12T16:08:03Z	BURST64B	658	atoll	116041	A	T	core_destroyed	814
2026-08-12T16:08:05Z	BURST64B	659	atoll	116041	B	C	core_destroyed	265
2026-08-12T16:08:07Z	BURST64B	660	drumlin	116041	A	C	core_destroyed	166
2026-08-12T16:08:08Z	BURST64B	661	drumlin	116041	B	T	core_destroyed	178
2026-08-12T16:08:10Z	BURST64B	662	fjordgate	116041	A	C	core_destroyed	259
2026-08-12T16:08:11Z	BURST64B	663	fjordgate	116041	B	T	core_destroyed	162
2026-08-12T16:08:13Z	BURST64B	664	heart	116041	A	T	core_destroyed	149
2026-08-12T16:08:15Z	BURST64B	665	heart	116041	B	T	core_destroyed	175
2026-08-12T16:08:24Z	BURST64B	666	hive	116041	A	C	core_destroyed	678
2026-08-12T16:08:26Z	BURST64B	667	hive	116041	B	T	core_destroyed	194
2026-08-12T16:08:28Z	BURST64B	668	meander	116041	A	C	core_destroyed	307
2026-08-12T16:08:29Z	BURST64B	669	meander	116041	B	T	core_destroyed	118
2026-08-12T16:08:31Z	BURST64B	670	nordkap	116041	A	C	core_destroyed	294
2026-08-12T16:08:34Z	BURST64B	671	nordkap	116041	B	T	core_destroyed	781
2026-08-12T16:08:36Z	BURST64B	672	antler	116042	A	C	tiebreak	1000
2026-08-12T16:08:37Z	BURST64B	673	antler	116042	B	C	core_destroyed	126
2026-08-12T16:08:40Z	BURST64B	674	atoll	116042	A	C	core_destroyed	430
2026-08-12T16:08:43Z	BURST64B	675	atoll	116042	B	C	core_destroyed	332
2026-08-12T16:08:45Z	BURST64B	676	drumlin	116042	A	T	core_destroyed	162
2026-08-12T16:08:46Z	BURST64B	677	drumlin	116042	B	C	core_destroyed	80
2026-08-12T16:08:48Z	BURST64B	678	fjordgate	116042	A	T	core_destroyed	263
2026-08-12T16:08:49Z	BURST64B	679	fjordgate	116042	B	C	core_destroyed	169
2026-08-12T16:08:52Z	BURST64B	680	heart	116042	A	C	core_destroyed	212
2026-08-12T16:08:54Z	BURST64B	681	heart	116042	B	T	core_destroyed	337
2026-08-12T16:08:58Z	BURST64B	682	hive	116042	A	C	core_destroyed	270
2026-08-12T16:09:01Z	BURST64B	683	hive	116042	B	C	core_destroyed	438
2026-08-12T16:09:03Z	BURST64B	684	meander	116042	A	C	core_destroyed	307
2026-08-12T16:09:04Z	BURST64B	685	meander	116042	B	T	core_destroyed	237
2026-08-12T16:09:06Z	BURST64B	686	nordkap	116042	A	T	core_destroyed	206
2026-08-12T16:09:07Z	BURST64B	687	nordkap	116042	B	T	core_destroyed	150
2026-08-12T16:09:09Z	BURST64B	688	antler	116043	A	C	core_destroyed	348
2026-08-12T16:09:10Z	BURST64B	689	antler	116043	B	C	core_destroyed	126
2026-08-12T16:09:11Z	BURST64B	690	atoll	116043	A	C	core_destroyed	132
2026-08-12T16:09:13Z	BURST64B	691	atoll	116043	B	T	core_destroyed	74
2026-08-12T16:09:15Z	BURST64B	692	drumlin	116043	A	T	core_destroyed	176
2026-08-12T16:09:17Z	BURST64B	693	drumlin	116043	B	C	core_destroyed	198
2026-08-12T16:09:18Z	BURST64B	694	fjordgate	116043	A	T	core_destroyed	98
2026-08-12T16:09:19Z	BURST64B	695	fjordgate	116043	B	C	core_destroyed	127
2026-08-12T16:09:21Z	BURST64B	696	heart	116043	A	T	core_destroyed	245
2026-08-12T16:09:24Z	BURST64B	697	heart	116043	B	C	core_destroyed	137
2026-08-12T16:09:27Z	BURST64B	698	hive	116043	A	C	core_destroyed	227
2026-08-12T16:09:29Z	BURST64B	699	hive	116043	B	T	core_destroyed	145
2026-08-12T16:09:30Z	BURST64B	700	meander	116043	A	C	core_destroyed	178
2026-08-12T16:09:32Z	BURST64B	701	meander	116043	B	T	core_destroyed	201
2026-08-12T16:09:34Z	BURST64B	702	nordkap	116043	A	T	core_destroyed	291
2026-08-12T16:09:37Z	BURST64B	703	nordkap	116043	B	T	tiebreak	1000
2026-08-12T16:09:39Z	BURST64B	704	antler	116044	A	C	core_destroyed	171
2026-08-12T16:09:40Z	BURST64B	705	antler	116044	B	T	core_destroyed	85
2026-08-12T16:09:41Z	BURST64B	706	atoll	116044	A	T	core_destroyed	177
2026-08-12T16:09:42Z	BURST64B	707	atoll	116044	B	C	core_destroyed	181
2026-08-12T16:09:45Z	BURST64B	708	drumlin	116044	A	T	core_destroyed	251
2026-08-12T16:09:46Z	BURST64B	709	drumlin	116044	B	T	core_destroyed	150
2026-08-12T16:09:48Z	BURST64B	710	fjordgate	116044	A	T	core_destroyed	168
2026-08-12T16:09:50Z	BURST64B	711	fjordgate	116044	B	T	core_destroyed	501
2026-08-12T16:09:52Z	BURST64B	712	heart	116044	A	C	core_destroyed	156
2026-08-12T16:10:12Z	BURST64B	713	heart	116044	B	T	tiebreak	1000
2026-08-12T16:10:14Z	BURST64B	714	hive	116044	A	T	core_destroyed	222
2026-08-12T16:10:22Z	BURST64B	715	hive	116044	B	T	core_destroyed	568
2026-08-12T16:10:23Z	BURST64B	716	meander	116044	A	T	core_destroyed	152
2026-08-12T16:10:25Z	BURST64B	717	meander	116044	B	C	core_destroyed	276
2026-08-12T16:10:27Z	BURST64B	718	nordkap	116044	A	T	core_destroyed	255
2026-08-12T16:10:29Z	BURST64B	719	nordkap	116044	B	T	tiebreak	1000
2026-08-12T16:10:30Z	BURST64B	720	antler	116045	A	T	core_destroyed	176
2026-08-12T16:10:32Z	BURST64B	721	antler	116045	B	T	core_destroyed	142
2026-08-12T16:10:34Z	BURST64B	722	atoll	116045	A	T	tiebreak	1000
2026-08-12T16:10:36Z	BURST64B	723	atoll	116045	B	T	core_destroyed	170
2026-08-12T16:10:38Z	BURST64B	724	drumlin	116045	A	C	core_destroyed	198
2026-08-12T16:10:41Z	BURST64B	725	drumlin	116045	B	T	core_destroyed	240
2026-08-12T16:10:42Z	BURST64B	726	fjordgate	116045	A	T	core_destroyed	106
2026-08-12T16:10:44Z	BURST64B	727	fjordgate	116045	B	C	core_destroyed	218
2026-08-12T16:10:49Z	BURST64B	728	heart	116045	A	C	core_destroyed	435
2026-08-12T16:10:53Z	BURST64B	729	heart	116045	B	T	core_destroyed	230
2026-08-12T16:10:55Z	BURST64B	730	hive	116045	A	C	core_destroyed	170
2026-08-12T16:10:57Z	BURST64B	731	hive	116045	B	T	core_destroyed	145
2026-08-12T16:10:58Z	BURST64B	732	meander	116045	A	C	core_destroyed	172
2026-08-12T16:11:00Z	BURST64B	733	meander	116045	B	C	core_destroyed	332
2026-08-12T16:11:02Z	BURST64B	734	nordkap	116045	A	T	core_destroyed	206
2026-08-12T16:11:05Z	BURST64B	735	nordkap	116045	B	T	core_destroyed	251
2026-08-12T16:11:07Z	BURST64B	736	antler	116046	A	C	core_destroyed	326
2026-08-12T16:11:09Z	BURST64B	737	antler	116046	B	C	core_destroyed	259
2026-08-12T16:11:10Z	BURST64B	738	atoll	116046	A	C	core_destroyed	482
2026-08-12T16:11:15Z	BURST64B	739	atoll	116046	B	C	core_destroyed	630
2026-08-12T16:11:16Z	BURST64B	740	drumlin	116046	A	C	core_destroyed	174
2026-08-12T16:11:18Z	BURST64B	741	drumlin	116046	B	C	core_destroyed	152
2026-08-12T16:11:19Z	BURST64B	742	fjordgate	116046	A	C	core_destroyed	211
2026-08-12T16:11:20Z	BURST64B	743	fjordgate	116046	B	C	core_destroyed	106
2026-08-12T16:11:36Z	BURST64B	744	heart	116046	A	T	core_destroyed	993
2026-08-12T16:11:51Z	BURST64B	745	heart	116046	B	C	core_destroyed	993
2026-08-12T16:11:54Z	BURST64B	746	hive	116046	A	C	core_destroyed	203
2026-08-12T16:11:55Z	BURST64B	747	hive	116046	B	T	core_destroyed	134
2026-08-12T16:11:58Z	BURST64B	748	meander	116046	A	C	core_destroyed	535
2026-08-12T16:11:59Z	BURST64B	749	meander	116046	B	T	core_destroyed	211
2026-08-12T16:12:02Z	BURST64B	750	nordkap	116046	A	T	core_destroyed	456
2026-08-12T16:12:04Z	BURST64B	751	nordkap	116046	B	C	core_destroyed	111
2026-08-12T16:12:05Z	BURST64B	752	antler	116047	A	T	core_destroyed	147
2026-08-12T16:12:06Z	BURST64B	753	antler	116047	B	C	core_destroyed	130
2026-08-12T16:12:07Z	BURST64B	754	atoll	116047	A	C	core_destroyed	70
2026-08-12T16:12:08Z	BURST64B	755	atoll	116047	B	T	core_destroyed	107
2026-08-12T16:12:10Z	BURST64B	756	drumlin	116047	A	C	core_destroyed	210
2026-08-12T16:12:11Z	BURST64B	757	drumlin	116047	B	C	core_destroyed	112
2026-08-12T16:12:12Z	BURST64B	758	fjordgate	116047	A	T	core_destroyed	169
2026-08-12T16:12:13Z	BURST64B	759	fjordgate	116047	B	C	core_destroyed	165
2026-08-12T16:12:19Z	BURST64B	760	heart	116047	A	T	core_destroyed	487
2026-08-12T16:12:23Z	BURST64B	761	heart	116047	B	C	core_destroyed	694
2026-08-12T16:12:26Z	BURST64B	762	hive	116047	A	C	core_destroyed	198
2026-08-12T16:12:27Z	BURST64B	763	hive	116047	B	C	core_destroyed	151
2026-08-12T16:12:29Z	BURST64B	764	meander	116047	A	C	core_destroyed	189
2026-08-12T16:12:31Z	BURST64B	765	meander	116047	B	T	core_destroyed	197
2026-08-12T16:12:33Z	BURST64B	766	nordkap	116047	A	T	core_destroyed	229
2026-08-12T16:12:34Z	BURST64B	767	nordkap	116047	B	T	core_destroyed	153
2026-08-12T16:12:36Z	BURST64B	768	antler	116048	A	C	core_destroyed	202
2026-08-12T16:12:38Z	BURST64B	769	antler	116048	B	C	core_destroyed	250
2026-08-12T16:12:40Z	BURST64B	770	atoll	116048	A	T	core_destroyed	258
2026-08-12T16:12:44Z	BURST64B	771	atoll	116048	B	C	core_destroyed	716
2026-08-12T16:12:45Z	BURST64B	772	drumlin	116048	A	T	core_destroyed	126
2026-08-12T16:12:48Z	BURST64B	773	drumlin	116048	B	T	core_destroyed	213
2026-08-12T16:12:50Z	BURST64B	774	fjordgate	116048	A	C	core_destroyed	277
2026-08-12T16:12:51Z	BURST64B	775	fjordgate	116048	B	C	core_destroyed	174
2026-08-12T16:12:53Z	BURST64B	776	heart	116048	A	C	core_destroyed	188
2026-08-12T16:12:56Z	BURST64B	777	heart	116048	B	C	core_destroyed	284
2026-08-12T16:12:57Z	BURST64B	778	hive	116048	A	T	core_destroyed	146
2026-08-12T16:13:01Z	BURST64B	779	hive	116048	B	C	core_destroyed	247
2026-08-12T16:13:03Z	BURST64B	780	meander	116048	A	C	core_destroyed	226
2026-08-12T16:13:05Z	BURST64B	781	meander	116048	B	C	core_destroyed	189
2026-08-12T16:13:06Z	BURST64B	782	nordkap	116048	A	T	core_destroyed	132
2026-08-12T16:13:07Z	BURST64B	783	nordkap	116048	B	C	core_destroyed	172
2026-08-12T16:13:10Z	BURST64B	784	antler	116049	A	C	core_destroyed	357
2026-08-12T16:13:11Z	BURST64B	785	antler	116049	B	T	core_destroyed	350
2026-08-12T16:13:14Z	BURST64B	786	atoll	116049	A	T	core_destroyed	242
2026-08-12T16:13:16Z	BURST64B	787	atoll	116049	B	T	core_destroyed	580
2026-08-12T16:13:19Z	BURST64B	788	drumlin	116049	A	C	core_destroyed	230
2026-08-12T16:13:22Z	BURST64B	789	drumlin	116049	B	C	core_destroyed	286
2026-08-12T16:13:23Z	BURST64B	790	fjordgate	116049	A	C	core_destroyed	149
2026-08-12T16:13:24Z	BURST64B	791	fjordgate	116049	B	T	core_destroyed	193
2026-08-12T16:13:26Z	BURST64B	792	heart	116049	A	T	core_destroyed	194
2026-08-12T16:13:30Z	BURST64B	793	heart	116049	B	T	core_destroyed	290
2026-08-12T16:13:31Z	BURST64B	794	hive	116049	A	T	core_destroyed	108
2026-08-12T16:13:35Z	BURST64B	795	hive	116049	B	C	core_destroyed	332
2026-08-12T16:13:38Z	BURST64B	796	meander	116049	A	C	core_destroyed	220
2026-08-12T16:13:39Z	BURST64B	797	meander	116049	B	T	core_destroyed	201
2026-08-12T16:13:41Z	BURST64B	798	nordkap	116049	A	C	core_destroyed	210
2026-08-12T16:13:43Z	BURST64B	799	nordkap	116049	B	T	tiebreak	1000
2026-08-12T16:13:45Z	BURST64B	800	antler	116050	A	C	core_destroyed	324
2026-08-12T16:13:46Z	BURST64B	801	antler	116050	B	C	core_destroyed	155
2026-08-12T16:13:47Z	BURST64B	802	atoll	116050	A	T	core_destroyed	521
2026-08-12T16:13:49Z	BURST64B	803	atoll	116050	B	C	core_destroyed	220
2026-08-12T16:13:50Z	BURST64B	804	drumlin	116050	A	T	core_destroyed	118
2026-08-12T16:13:52Z	BURST64B	805	drumlin	116050	B	T	core_destroyed	153
2026-08-12T16:13:53Z	BURST64B	806	fjordgate	116050	A	T	core_destroyed	691
2026-08-12T16:13:56Z	BURST64B	807	fjordgate	116050	B	C	tiebreak	1000
2026-08-12T16:13:59Z	BURST64B	808	heart	116050	A	C	core_destroyed	187
2026-08-12T16:14:00Z	BURST64B	809	heart	116050	B	C	core_destroyed	219
2026-08-12T16:14:02Z	BURST64B	810	hive	116050	A	C	core_destroyed	113
2026-08-12T16:14:03Z	BURST64B	811	hive	116050	B	C	core_destroyed	151
2026-08-12T16:14:05Z	BURST64B	812	meander	116050	A	C	core_destroyed	147
2026-08-12T16:14:06Z	BURST64B	813	meander	116050	B	T	core_destroyed	190
2026-08-12T16:14:08Z	BURST64B	814	nordkap	116050	A	T	core_destroyed	167
2026-08-12T16:14:09Z	BURST64B	815	nordkap	116050	B	T	core_destroyed	176
2026-08-12T16:14:10Z	BURST64B	816	antler	116051	A	T	core_destroyed	119
2026-08-12T16:14:12Z	BURST64B	817	antler	116051	B	T	core_destroyed	143
2026-08-12T16:14:14Z	BURST64B	818	atoll	116051	A	T	tiebreak	1000
2026-08-12T16:14:15Z	BURST64B	819	atoll	116051	B	T	core_destroyed	134
2026-08-12T16:14:19Z	BURST64B	820	drumlin	116051	A	T	core_destroyed	335
2026-08-12T16:14:21Z	BURST64B	821	drumlin	116051	B	T	core_destroyed	314
2026-08-12T16:14:22Z	BURST64B	822	fjordgate	116051	A	T	core_destroyed	359
2026-08-12T16:14:23Z	BURST64B	823	fjordgate	116051	B	C	core_destroyed	136
2026-08-12T16:14:25Z	BURST64B	824	heart	116051	A	T	core_destroyed	110
2026-08-12T16:14:29Z	BURST64B	825	heart	116051	B	C	core_destroyed	272
2026-08-12T16:14:31Z	BURST64B	826	hive	116051	A	C	core_destroyed	170
2026-08-12T16:14:33Z	BURST64B	827	hive	116051	B	T	core_destroyed	145
2026-08-12T16:14:35Z	BURST64B	828	meander	116051	A	C	core_destroyed	263
2026-08-12T16:14:36Z	BURST64B	829	meander	116051	B	T	core_destroyed	105
2026-08-12T16:14:37Z	BURST64B	830	nordkap	116051	A	T	core_destroyed	187
2026-08-12T16:14:38Z	BURST64B	831	nordkap	116051	B	T	core_destroyed	109
2026-08-12T16:14:40Z	BURST64B	832	antler	116052	A	C	core_destroyed	148
2026-08-12T16:14:43Z	BURST64B	833	antler	116052	B	C	core_destroyed	588
2026-08-12T16:14:45Z	BURST64B	834	atoll	116052	A	C	core_destroyed	390
2026-08-12T16:14:46Z	BURST64B	835	atoll	116052	B	T	core_destroyed	110
2026-08-12T16:14:47Z	BURST64B	836	drumlin	116052	A	T	core_destroyed	240
2026-08-12T16:14:52Z	BURST64B	837	drumlin	116052	B	C	core_destroyed	284
2026-08-12T16:14:53Z	BURST64B	838	fjordgate	116052	A	T	core_destroyed	225
2026-08-12T16:14:54Z	BURST64B	839	fjordgate	116052	B	C	core_destroyed	333
2026-08-12T16:14:56Z	BURST64B	840	heart	116052	A	C	core_destroyed	154
2026-08-12T16:15:02Z	BURST64B	841	heart	116052	B	C	core_destroyed	412
2026-08-12T16:15:05Z	BURST64B	842	hive	116052	A	T	core_destroyed	209
2026-08-12T16:15:07Z	BURST64B	843	hive	116052	B	T	core_destroyed	170
2026-08-12T16:15:10Z	BURST64B	844	meander	116052	A	C	core_destroyed	834
2026-08-12T16:15:12Z	BURST64B	845	meander	116052	B	T	core_destroyed	188
2026-08-12T16:15:14Z	BURST64B	846	nordkap	116052	A	T	core_destroyed	219
2026-08-12T16:15:17Z	BURST64B	847	nordkap	116052	B	T	tiebreak	1000
2026-08-12T16:15:18Z	BURST64B	848	antler	116053	A	C	core_destroyed	214
2026-08-12T16:15:20Z	BURST64B	849	antler	116053	B	C	core_destroyed	223
2026-08-12T16:15:21Z	BURST64B	850	atoll	116053	A	T	core_destroyed	333
2026-08-12T16:15:23Z	BURST64B	851	atoll	116053	B	T	core_destroyed	129
2026-08-12T16:15:25Z	BURST64B	852	drumlin	116053	A	T	core_destroyed	207
2026-08-12T16:15:26Z	BURST64B	853	drumlin	116053	B	C	core_destroyed	171
2026-08-12T16:15:30Z	BURST64B	854	fjordgate	116053	A	T	tiebreak	1000
2026-08-12T16:15:30Z	BURST64B	855	fjordgate	116053	B	C	core_destroyed	81
2026-08-12T16:15:38Z	BURST64B	856	heart	116053	A	C	core_destroyed	465
2026-08-12T16:15:42Z	BURST64B	857	heart	116053	B	T	core_destroyed	300
2026-08-12T16:15:44Z	BURST64B	858	hive	116053	A	T	core_destroyed	77
2026-08-12T16:15:46Z	BURST64B	859	hive	116053	B	T	core_destroyed	147
2026-08-12T16:15:47Z	BURST64B	860	meander	116053	A	C	core_destroyed	215
2026-08-12T16:15:51Z	BURST64B	861	meander	116053	B	T	tiebreak	1000
2026-08-12T16:15:52Z	BURST64B	862	nordkap	116053	A	T	core_destroyed	154
2026-08-12T16:15:53Z	BURST64B	863	nordkap	116053	B	T	core_destroyed	194
2026-08-12T16:15:55Z	BURST64B	864	antler	116054	A	T	core_destroyed	210
2026-08-12T16:15:59Z	BURST64B	865	antler	116054	B	T	tiebreak	1000
2026-08-12T16:16:01Z	BURST64B	866	atoll	116054	A	C	core_destroyed	316
2026-08-12T16:16:03Z	BURST64B	867	atoll	116054	B	C	core_destroyed	221
2026-08-12T16:16:06Z	BURST64B	868	drumlin	116054	A	C	core_destroyed	216
2026-08-12T16:16:07Z	BURST64B	869	drumlin	116054	B	C	core_destroyed	94
2026-08-12T16:16:09Z	BURST64B	870	fjordgate	116054	A	C	core_destroyed	223
2026-08-12T16:16:10Z	BURST64B	871	fjordgate	116054	B	T	core_destroyed	197
2026-08-12T16:16:15Z	BURST64B	872	heart	116054	A	T	tiebreak	1000
2026-08-12T16:16:17Z	BURST64B	873	heart	116054	B	C	core_destroyed	298
2026-08-12T16:16:19Z	BURST64B	874	hive	116054	A	T	core_destroyed	173
2026-08-12T16:16:23Z	BURST64B	875	hive	116054	B	T	core_destroyed	226
2026-08-12T16:16:25Z	BURST64B	876	meander	116054	A	C	core_destroyed	164
2026-08-12T16:16:26Z	BURST64B	877	meander	116054	B	T	core_destroyed	167
2026-08-12T16:16:27Z	BURST64B	878	nordkap	116054	A	T	core_destroyed	172
2026-08-12T16:16:28Z	BURST64B	879	nordkap	116054	B	T	core_destroyed	255
2026-08-12T16:16:30Z	BURST64B	880	antler	116055	A	C	core_destroyed	340
2026-08-12T16:16:32Z	BURST64B	881	antler	116055	B	C	core_destroyed	277
2026-08-12T16:16:35Z	BURST64B	882	atoll	116055	A	T	tiebreak	1000
2026-08-12T16:16:36Z	BURST64B	883	atoll	116055	B	T	core_destroyed	194
2026-08-12T16:16:38Z	BURST64B	884	drumlin	116055	A	C	core_destroyed	202
2026-08-12T16:16:41Z	BURST64B	885	drumlin	116055	B	C	core_destroyed	238
2026-08-12T16:16:44Z	BURST64B	886	fjordgate	116055	A	T	core_destroyed	491
2026-08-12T16:16:48Z	BURST64B	887	fjordgate	116055	B	C	tiebreak	1000
2026-08-12T16:16:49Z	BURST64B	888	heart	116055	A	T	core_destroyed	112
2026-08-12T16:16:53Z	BURST64B	889	heart	116055	B	C	core_destroyed	461
2026-08-12T16:16:57Z	BURST64B	890	hive	116055	A	T	core_destroyed	234
2026-08-12T16:17:00Z	BURST64B	891	hive	116055	B	T	core_destroyed	178
2026-08-12T16:17:01Z	BURST64B	892	meander	116055	A	C	core_destroyed	164
2026-08-12T16:17:02Z	BURST64B	893	meander	116055	B	T	core_destroyed	136
2026-08-12T16:17:04Z	BURST64B	894	nordkap	116055	A	C	core_destroyed	208
2026-08-12T16:17:06Z	BURST64B	895	nordkap	116055	B	C	core_destroyed	242
2026-08-12T16:17:08Z	BURST64B	896	antler	116056	A	C	core_destroyed	495
2026-08-12T16:17:10Z	BURST64B	897	antler	116056	B	T	core_destroyed	884
2026-08-12T16:17:12Z	BURST64B	898	atoll	116056	A	C	core_destroyed	348
2026-08-12T16:17:13Z	BURST64B	899	atoll	116056	B	C	core_destroyed	503
2026-08-12T16:17:17Z	BURST64B	900	drumlin	116056	A	T	core_destroyed	354
2026-08-12T16:17:20Z	BURST64B	901	drumlin	116056	B	C	core_destroyed	303
2026-08-12T16:17:21Z	BURST64B	902	fjordgate	116056	A	C	core_destroyed	176
2026-08-12T16:17:22Z	BURST64B	903	fjordgate	116056	B	C	core_destroyed	144
2026-08-12T16:17:24Z	BURST64B	904	heart	116056	A	C	core_destroyed	171
2026-08-12T16:17:25Z	BURST64B	905	heart	116056	B	C	core_destroyed	174
2026-08-12T16:17:28Z	BURST64B	906	hive	116056	A	C	core_destroyed	360
2026-08-12T16:17:31Z	BURST64B	907	hive	116056	B	C	core_destroyed	136
2026-08-12T16:17:33Z	BURST64B	908	meander	116056	A	C	core_destroyed	203
2026-08-12T16:17:35Z	BURST64B	909	meander	116056	B	T	core_destroyed	312
2026-08-12T16:17:39Z	BURST64B	910	nordkap	116056	A	C	core_destroyed	356
2026-08-12T16:17:40Z	BURST64B	911	nordkap	116056	B	C	core_destroyed	173
2026-08-12T16:17:43Z	BURST64B	912	antler	116057	A	T	core_destroyed	306
2026-08-12T16:17:45Z	BURST64B	913	antler	116057	B	C	core_destroyed	181
2026-08-12T16:17:46Z	BURST64B	914	atoll	116057	A	C	core_destroyed	361
2026-08-12T16:17:49Z	BURST64B	915	atoll	116057	B	C	core_destroyed	213
2026-08-12T16:17:50Z	BURST64B	916	drumlin	116057	A	T	core_destroyed	109
2026-08-12T16:17:53Z	BURST64B	917	drumlin	116057	B	C	core_destroyed	343
2026-08-12T16:17:55Z	BURST64B	918	fjordgate	116057	A	C	core_destroyed	936
2026-08-12T16:17:57Z	BURST64B	919	fjordgate	116057	B	T	core_destroyed	235
2026-08-12T16:18:03Z	BURST64B	920	heart	116057	A	T	core_destroyed	342
2026-08-12T16:18:05Z	BURST64B	921	heart	116057	B	C	core_destroyed	308
2026-08-12T16:18:06Z	BURST64B	922	hive	116057	A	T	core_destroyed	106
2026-08-12T16:18:12Z	BURST64B	923	hive	116057	B	C	core_destroyed	388
2026-08-12T16:18:13Z	BURST64B	924	meander	116057	A	T	core_destroyed	166
2026-08-12T16:18:16Z	BURST64B	925	meander	116057	B	C	core_destroyed	530
2026-08-12T16:18:17Z	BURST64B	926	nordkap	116057	A	C	core_destroyed	186
2026-08-12T16:18:18Z	BURST64B	927	nordkap	116057	B	C	core_destroyed	126
2026-08-12T16:18:21Z	BURST64B	928	antler	116058	A	T	tiebreak	1000
2026-08-12T16:18:23Z	BURST64B	929	antler	116058	B	T	core_destroyed	209
2026-08-12T16:18:26Z	BURST64B	930	atoll	116058	A	T	core_destroyed	340
2026-08-12T16:18:35Z	BURST64B	931	atoll	116058	B	T	tiebreak	1000
2026-08-12T16:18:40Z	BURST64B	932	drumlin	116058	A	C	core_destroyed	365
2026-08-12T16:18:43Z	BURST64B	933	drumlin	116058	B	C	core_destroyed	252
2026-08-12T16:18:44Z	BURST64B	934	fjordgate	116058	A	T	core_destroyed	185
2026-08-12T16:18:48Z	BURST64B	935	fjordgate	116058	B	C	core_destroyed	599
2026-08-12T16:18:49Z	BURST64B	936	heart	116058	A	C	core_destroyed	171
2026-08-12T16:18:52Z	BURST64B	937	heart	116058	B	C	tiebreak	1000
2026-08-12T16:19:10Z	BURST64B	938	hive	116058	A	T	tiebreak	1000
2026-08-12T16:19:11Z	BURST64B	939	hive	116058	B	C	core_destroyed	112
2026-08-12T16:19:13Z	BURST64B	940	meander	116058	A	C	core_destroyed	296
2026-08-12T16:19:16Z	BURST64B	941	meander	116058	B	C	core_destroyed	274
2026-08-12T16:19:18Z	BURST64B	942	nordkap	116058	A	T	core_destroyed	160
2026-08-12T16:19:21Z	BURST64B	943	nordkap	116058	B	C	core_destroyed	314
2026-08-12T16:19:23Z	BURST64B	944	antler	116059	A	C	core_destroyed	145
2026-08-12T16:19:25Z	BURST64B	945	antler	116059	B	T	core_destroyed	302
2026-08-12T16:19:26Z	BURST64B	946	atoll	116059	A	C	core_destroyed	109
2026-08-12T16:19:27Z	BURST64B	947	atoll	116059	B	T	core_destroyed	135
2026-08-12T16:19:29Z	BURST64B	948	drumlin	116059	A	T	core_destroyed	171
2026-08-12T16:19:31Z	BURST64B	949	drumlin	116059	B	C	core_destroyed	102
2026-08-12T16:19:32Z	BURST64B	950	fjordgate	116059	A	C	core_destroyed	147
2026-08-12T16:19:33Z	BURST64B	951	fjordgate	116059	B	C	core_destroyed	116
2026-08-12T16:19:35Z	BURST64B	952	heart	116059	A	C	core_destroyed	190
2026-08-12T16:19:38Z	BURST64B	953	heart	116059	B	C	core_destroyed	161
2026-08-12T16:19:42Z	BURST64B	954	hive	116059	A	C	core_destroyed	297
2026-08-12T16:19:43Z	BURST64B	955	hive	116059	B	C	core_destroyed	135
2026-08-12T16:19:46Z	BURST64B	956	meander	116059	A	C	core_destroyed	253
2026-08-12T16:19:48Z	BURST64B	957	meander	116059	B	C	core_destroyed	205
2026-08-12T16:19:51Z	BURST64B	958	nordkap	116059	A	T	core_destroyed	245
2026-08-12T16:19:52Z	BURST64B	959	nordkap	116059	B	T	core_destroyed	211
2026-08-12T16:19:54Z	BURST64B	960	antler	116060	A	C	core_destroyed	201
2026-08-12T16:19:55Z	BURST64B	961	antler	116060	B	T	core_destroyed	323
2026-08-12T16:19:56Z	BURST64B	962	atoll	116060	A	C	core_destroyed	109
2026-08-12T16:19:58Z	BURST64B	963	atoll	116060	B	T	core_destroyed	107
2026-08-12T16:19:59Z	BURST64B	964	drumlin	116060	A	T	core_destroyed	126
2026-08-12T16:20:05Z	BURST64B	965	drumlin	116060	B	C	core_destroyed	497
2026-08-12T16:20:06Z	BURST64B	966	fjordgate	116060	A	T	core_destroyed	114
2026-08-12T16:20:08Z	BURST64B	967	fjordgate	116060	B	C	core_destroyed	148
2026-08-12T16:20:16Z	BURST64B	968	heart	116060	A	T	core_destroyed	551
2026-08-12T16:20:19Z	BURST64B	969	heart	116060	B	C	core_destroyed	178
2026-08-12T16:20:20Z	BURST64B	970	hive	116060	A	C	core_destroyed	96
2026-08-12T16:20:21Z	BURST64B	971	hive	116060	B	T	core_destroyed	75
2026-08-12T16:20:22Z	BURST64B	972	meander	116060	A	T	core_destroyed	132
2026-08-12T16:20:25Z	BURST64B	973	meander	116060	B	T	tiebreak	1000
2026-08-12T16:20:26Z	BURST64B	974	nordkap	116060	A	T	core_destroyed	146
2026-08-12T16:20:28Z	BURST64B	975	nordkap	116060	B	T	core_destroyed	294
2026-08-12T16:20:30Z	BURST64B	976	antler	116061	A	C	core_destroyed	428
2026-08-12T16:20:33Z	BURST64B	977	antler	116061	B	C	core_destroyed	603
2026-08-12T16:20:34Z	BURST64B	978	atoll	116061	A	C	core_destroyed	335
2026-08-12T16:20:36Z	BURST64B	979	atoll	116061	B	T	core_destroyed	140
2026-08-12T16:20:38Z	BURST64B	980	drumlin	116061	A	T	core_destroyed	161
2026-08-12T16:20:41Z	BURST64B	981	drumlin	116061	B	C	core_destroyed	370
2026-08-12T16:20:43Z	BURST64B	982	fjordgate	116061	A	C	core_destroyed	237
2026-08-12T16:20:46Z	BURST64B	983	fjordgate	116061	B	C	tiebreak	1000
2026-08-12T16:20:48Z	BURST64B	984	heart	116061	A	T	core_destroyed	194
2026-08-12T16:20:50Z	BURST64B	985	heart	116061	B	T	core_destroyed	158
2026-08-12T16:20:54Z	BURST64B	986	hive	116061	A	T	core_destroyed	233
2026-08-12T16:20:58Z	BURST64B	987	hive	116061	B	C	core_destroyed	313
2026-08-12T16:21:00Z	BURST64B	988	meander	116061	A	T	core_destroyed	246
2026-08-12T16:21:02Z	BURST64B	989	meander	116061	B	T	core_destroyed	306
2026-08-12T16:21:04Z	BURST64B	990	nordkap	116061	A	T	core_destroyed	216
2026-08-12T16:21:08Z	BURST64B	991	nordkap	116061	B	C	core_destroyed	439
2026-08-12T16:21:10Z	BURST64B	992	antler	116062	A	T	core_destroyed	327
2026-08-12T16:21:12Z	BURST64B	993	antler	116062	B	C	core_destroyed	157
2026-08-12T16:21:14Z	BURST64B	994	atoll	116062	A	C	core_destroyed	309
2026-08-12T16:21:15Z	BURST64B	995	atoll	116062	B	T	core_destroyed	144
2026-08-12T16:21:16Z	BURST64B	996	drumlin	116062	A	T	core_destroyed	94
2026-08-12T16:21:18Z	BURST64B	997	drumlin	116062	B	C	core_destroyed	165
2026-08-12T16:21:19Z	BURST64B	998	fjordgate	116062	A	C	core_destroyed	92
2026-08-12T16:21:20Z	BURST64B	999	fjordgate	116062	B	T	core_destroyed	141
2026-08-12T16:21:24Z	BURST64B	1000	heart	116062	A	C	tiebreak	1000
2026-08-12T16:21:29Z	BURST64B	1001	heart	116062	B	C	tiebreak	1000
2026-08-12T16:21:35Z	BURST64B	1002	hive	116062	A	T	core_destroyed	343
2026-08-12T16:21:39Z	BURST64B	1003	hive	116062	B	C	core_destroyed	257
2026-08-12T16:21:40Z	BURST64B	1004	meander	116062	A	C	core_destroyed	136
2026-08-12T16:21:41Z	BURST64B	1005	meander	116062	B	T	core_destroyed	116
2026-08-12T16:21:43Z	BURST64B	1006	nordkap	116062	A	T	core_destroyed	168
2026-08-12T16:21:44Z	BURST64B	1007	nordkap	116062	B	T	core_destroyed	200
2026-08-12T16:21:45Z	BURST64B	1008	antler	116063	A	C	core_destroyed	249
2026-08-12T16:21:46Z	BURST64B	1009	antler	116063	B	C	core_destroyed	157
2026-08-12T16:21:48Z	BURST64B	1010	atoll	116063	A	C	core_destroyed	146
2026-08-12T16:21:49Z	BURST64B	1011	atoll	116063	B	T	core_destroyed	129
2026-08-12T16:21:53Z	BURST64B	1012	drumlin	116063	A	C	core_destroyed	230
2026-08-12T16:21:54Z	BURST64B	1013	drumlin	116063	B	C	core_destroyed	125
2026-08-12T16:21:56Z	BURST64B	1014	fjordgate	116063	A	C	core_destroyed	267
2026-08-12T16:21:57Z	BURST64B	1015	fjordgate	116063	B	T	core_destroyed	157
2026-08-12T16:22:00Z	BURST64B	1016	heart	116063	A	T	core_destroyed	245
2026-08-12T16:22:04Z	BURST64B	1017	heart	116063	B	T	core_destroyed	323
2026-08-12T16:22:07Z	BURST64B	1018	hive	116063	A	C	core_destroyed	179
2026-08-12T16:22:08Z	BURST64B	1019	hive	116063	B	C	core_destroyed	141
2026-08-12T16:22:13Z	BURST64B	1020	meander	116063	A	T	tiebreak	1000
2026-08-12T16:22:14Z	BURST64B	1021	meander	116063	B	C	core_destroyed	267
2026-08-12T16:22:15Z	BURST64B	1022	nordkap	116063	A	C	core_destroyed	148
2026-08-12T16:22:17Z	BURST64B	1023	nordkap	116063	B	C	core_destroyed	215
2026-08-12T16:22:19Z	BURST64B	1024	antler	116064	A	T	core_destroyed	282
2026-08-12T16:22:20Z	BURST64B	1025	antler	116064	B	C	core_destroyed	166
2026-08-12T16:22:23Z	BURST64B	1026	atoll	116064	A	T	core_destroyed	553
2026-08-12T16:22:24Z	BURST64B	1027	atoll	116064	B	T	core_destroyed	426
2026-08-12T16:22:28Z	BURST64B	1028	drumlin	116064	A	T	core_destroyed	288
2026-08-12T16:22:31Z	BURST64B	1029	drumlin	116064	B	C	core_destroyed	328
2026-08-12T16:22:33Z	BURST64B	1030	fjordgate	116064	A	C	core_destroyed	314
2026-08-12T16:22:34Z	BURST64B	1031	fjordgate	116064	B	C	core_destroyed	168
2026-08-12T16:22:37Z	BURST64B	1032	heart	116064	A	T	core_destroyed	265
2026-08-12T16:22:40Z	BURST64B	1033	heart	116064	B	C	core_destroyed	849
2026-08-12T16:22:44Z	BURST64B	1034	hive	116064	A	C	core_destroyed	376
2026-08-12T16:22:45Z	BURST64B	1035	hive	116064	B	C	core_destroyed	166
2026-08-12T16:22:47Z	BURST64B	1036	meander	116064	A	C	core_destroyed	178
2026-08-12T16:22:48Z	BURST64B	1037	meander	116064	B	T	core_destroyed	176
2026-08-12T16:22:50Z	BURST64B	1038	nordkap	116064	A	T	core_destroyed	166
2026-08-12T16:22:51Z	BURST64B	1039	nordkap	116064	B	T	core_destroyed	201
2026-08-12T16:22:53Z	BURST64B	1040	antler	116065	A	C	core_destroyed	230
2026-08-12T16:22:54Z	BURST64B	1041	antler	116065	B	T	core_destroyed	170
2026-08-12T16:22:56Z	BURST64B	1042	atoll	116065	A	C	core_destroyed	136
2026-08-12T16:22:57Z	BURST64B	1043	atoll	116065	B	T	core_destroyed	165
2026-08-12T16:23:01Z	BURST64B	1044	drumlin	116065	A	C	core_destroyed	319
2026-08-12T16:23:02Z	BURST64B	1045	drumlin	116065	B	C	core_destroyed	114
2026-08-12T16:23:04Z	BURST64B	1046	fjordgate	116065	A	T	core_destroyed	146
2026-08-12T16:23:05Z	BURST64B	1047	fjordgate	116065	B	C	core_destroyed	148
2026-08-12T16:23:07Z	BURST64B	1048	heart	116065	A	C	core_destroyed	194
2026-08-12T16:23:10Z	BURST64B	1049	heart	116065	B	T	core_destroyed	169
2026-08-12T16:23:12Z	BURST64B	1050	hive	116065	A	T	core_destroyed	277
2026-08-12T16:23:17Z	BURST64B	1051	hive	116065	B	C	core_destroyed	313
2026-08-12T16:23:18Z	BURST64B	1052	meander	116065	A	T	core_destroyed	149
2026-08-12T16:23:20Z	BURST64B	1053	meander	116065	B	C	core_destroyed	177
2026-08-12T16:23:21Z	BURST64B	1054	nordkap	116065	A	T	core_destroyed	139
2026-08-12T16:23:22Z	BURST64B	1055	nordkap	116065	B	C	core_destroyed	143
2026-08-12T16:23:24Z	BURST64B	1056	antler	116066	A	T	tiebreak	1000
2026-08-12T16:23:27Z	BURST64B	1057	antler	116066	B	T	core_destroyed	236
2026-08-12T16:23:35Z	BURST64B	1058	atoll	116066	A	C	core_destroyed	709
2026-08-12T16:23:36Z	BURST64B	1059	atoll	116066	B	T	core_destroyed	184
2026-08-12T16:23:41Z	BURST64B	1060	drumlin	116066	A	T	core_destroyed	489
2026-08-12T16:23:44Z	BURST64B	1061	drumlin	116066	B	C	core_destroyed	219
2026-08-12T16:23:45Z	BURST64B	1062	fjordgate	116066	A	T	core_destroyed	160
2026-08-12T16:23:46Z	BURST64B	1063	fjordgate	116066	B	C	core_destroyed	160
2026-08-12T16:23:47Z	BURST64B	1064	heart	116066	A	T	core_destroyed	145
2026-08-12T16:23:50Z	BURST64B	1065	heart	116066	B	C	core_destroyed	168
2026-08-12T16:23:51Z	BURST64B	1066	hive	116066	A	C	core_destroyed	127
2026-08-12T16:23:53Z	BURST64B	1067	hive	116066	B	C	core_destroyed	173
2026-08-12T16:23:55Z	BURST64B	1068	meander	116066	A	T	core_destroyed	240
2026-08-12T16:23:57Z	BURST64B	1069	meander	116066	B	C	core_destroyed	248
2026-08-12T16:24:01Z	BURST64B	1070	nordkap	116066	A	T	core_destroyed	425
2026-08-12T16:24:02Z	BURST64B	1071	nordkap	116066	B	C	core_destroyed	157
2026-08-12T16:24:04Z	BURST64B	1072	antler	116067	A	C	core_destroyed	203
2026-08-12T16:24:06Z	BURST64B	1073	antler	116067	B	C	core_destroyed	279
2026-08-12T16:24:07Z	BURST64B	1074	atoll	116067	A	T	core_destroyed	180
2026-08-12T16:24:11Z	BURST64B	1075	atoll	116067	B	T	core_destroyed	474
2026-08-12T16:24:12Z	BURST64B	1076	drumlin	116067	A	T	core_destroyed	133
2026-08-12T16:24:13Z	BURST64B	1077	drumlin	116067	B	C	core_destroyed	128
2026-08-12T16:24:15Z	BURST64B	1078	fjordgate	116067	A	T	core_destroyed	152
2026-08-12T16:24:16Z	BURST64B	1079	fjordgate	116067	B	T	core_destroyed	296
2026-08-12T16:24:19Z	BURST64B	1080	heart	116067	A	T	core_destroyed	200
2026-08-12T16:24:22Z	BURST64B	1081	heart	116067	B	C	core_destroyed	277
2026-08-12T16:24:23Z	BURST64B	1082	hive	116067	A	C	core_destroyed	120
2026-08-12T16:24:26Z	BURST64B	1083	hive	116067	B	T	core_destroyed	232
2026-08-12T16:24:28Z	BURST64B	1084	meander	116067	A	C	core_destroyed	176
2026-08-12T16:24:29Z	BURST64B	1085	meander	116067	B	C	core_destroyed	119
2026-08-12T16:24:30Z	BURST64B	1086	nordkap	116067	A	C	core_destroyed	117
2026-08-12T16:24:32Z	BURST64B	1087	nordkap	116067	B	C	core_destroyed	128
2026-08-12T16:24:34Z	BURST64B	1088	antler	116068	A	T	core_destroyed	277
2026-08-12T16:24:36Z	BURST64B	1089	antler	116068	B	T	core_destroyed	230
2026-08-12T16:24:37Z	BURST64B	1090	atoll	116068	A	C	core_destroyed	143
2026-08-12T16:24:38Z	BURST64B	1091	atoll	116068	B	T	core_destroyed	163
2026-08-12T16:24:43Z	BURST64B	1092	drumlin	116068	A	T	core_destroyed	310
2026-08-12T16:24:45Z	BURST64B	1093	drumlin	116068	B	C	core_destroyed	200
2026-08-12T16:24:47Z	BURST64B	1094	fjordgate	116068	A	C	core_destroyed	285
2026-08-12T16:24:48Z	BURST64B	1095	fjordgate	116068	B	T	core_destroyed	306
2026-08-12T16:24:50Z	BURST64B	1096	heart	116068	A	T	core_destroyed	211
2026-08-12T16:24:52Z	BURST64B	1097	heart	116068	B	C	core_destroyed	593
2026-08-12T16:24:56Z	BURST64B	1098	hive	116068	A	C	core_destroyed	273
2026-08-12T16:24:57Z	BURST64B	1099	hive	116068	B	C	core_destroyed	132
2026-08-12T16:24:59Z	BURST64B	1100	meander	116068	A	C	core_destroyed	140
2026-08-12T16:25:01Z	BURST64B	1101	meander	116068	B	C	core_destroyed	217
2026-08-12T16:25:02Z	BURST64B	1102	nordkap	116068	A	T	core_destroyed	137
2026-08-12T16:25:03Z	BURST64B	1103	nordkap	116068	B	C	core_destroyed	163
2026-08-12T16:25:06Z	BURST64B	1104	antler	116069	A	T	core_destroyed	305
2026-08-12T16:25:09Z	BURST64B	1105	antler	116069	B	C	tiebreak	1000
2026-08-12T16:25:11Z	BURST64B	1106	atoll	116069	A	C	core_destroyed	153
2026-08-12T16:25:12Z	BURST64B	1107	atoll	116069	B	T	core_destroyed	164
2026-08-12T16:25:14Z	BURST64B	1108	drumlin	116069	A	C	core_destroyed	166
2026-08-12T16:25:15Z	BURST64B	1109	drumlin	116069	B	C	core_destroyed	138
2026-08-12T16:25:16Z	BURST64B	1110	fjordgate	116069	A	T	core_destroyed	120
2026-08-12T16:25:18Z	BURST64B	1111	fjordgate	116069	B	T	core_destroyed	250
2026-08-12T16:25:22Z	BURST64B	1112	heart	116069	A	T	core_destroyed	607
2026-08-12T16:25:29Z	BURST64B	1113	heart	116069	B	C	tiebreak	1000
2026-08-12T16:25:30Z	BURST64B	1114	hive	116069	A	C	core_destroyed	125
2026-08-12T16:25:31Z	BURST64B	1115	hive	116069	B	T	core_destroyed	127
2026-08-12T16:25:33Z	BURST64B	1116	meander	116069	A	C	core_destroyed	186
2026-08-12T16:25:34Z	BURST64B	1117	meander	116069	B	C	core_destroyed	189
2026-08-12T16:25:36Z	BURST64B	1118	nordkap	116069	A	T	core_destroyed	228
2026-08-12T16:25:37Z	BURST64B	1119	nordkap	116069	B	C	core_destroyed	227
2026-08-12T16:25:39Z	BURST64B	1120	antler	116070	A	C	core_destroyed	240
2026-08-12T16:25:41Z	BURST64B	1121	antler	116070	B	T	core_destroyed	236
2026-08-12T16:25:43Z	BURST64B	1122	atoll	116070	A	T	core_destroyed	661
2026-08-12T16:25:45Z	BURST64B	1123	atoll	116070	B	T	core_destroyed	188
2026-08-12T16:25:46Z	BURST64B	1124	drumlin	116070	A	C	core_destroyed	244
2026-08-12T16:25:51Z	BURST64B	1125	drumlin	116070	B	C	core_destroyed	323
2026-08-12T16:25:52Z	BURST64B	1126	fjordgate	116070	A	T	core_destroyed	143
2026-08-12T16:25:53Z	BURST64B	1127	fjordgate	116070	B	T	core_destroyed	126
2026-08-12T16:25:54Z	BURST64B	1128	heart	116070	A	T	core_destroyed	129
2026-08-12T16:25:57Z	BURST64B	1129	heart	116070	B	C	core_destroyed	289
2026-08-12T16:25:59Z	BURST64B	1130	hive	116070	A	T	core_destroyed	134
2026-08-12T16:26:01Z	BURST64B	1131	hive	116070	B	T	core_destroyed	167
2026-08-12T16:26:02Z	BURST64B	1132	meander	116070	A	C	core_destroyed	124
2026-08-12T16:26:04Z	BURST64B	1133	meander	116070	B	C	core_destroyed	156
2026-08-12T16:26:06Z	BURST64B	1134	nordkap	116070	A	T	core_destroyed	234
2026-08-12T16:26:09Z	BURST64B	1135	nordkap	116070	B	C	core_destroyed	675
2026-08-12T16:26:11Z	BURST64B	1136	antler	116071	A	C	core_destroyed	280
2026-08-12T16:26:13Z	BURST64B	1137	antler	116071	B	T	core_destroyed	337
2026-08-12T16:26:18Z	BURST64B	1138	atoll	116071	A	C	core_destroyed	834
2026-08-12T16:26:19Z	BURST64B	1139	atoll	116071	B	T	core_destroyed	108
2026-08-12T16:26:21Z	BURST64B	1140	drumlin	116071	A	T	core_destroyed	165
2026-08-12T16:26:22Z	BURST64B	1141	drumlin	116071	B	C	core_destroyed	154
2026-08-12T16:26:24Z	BURST64B	1142	fjordgate	116071	A	C	core_destroyed	206
2026-08-12T16:26:25Z	BURST64B	1143	fjordgate	116071	B	C	core_destroyed	173
2026-08-12T16:26:27Z	BURST64B	1144	heart	116071	A	T	core_destroyed	90
2026-08-12T16:26:32Z	BURST64B	1145	heart	116071	B	C	core_destroyed	726
2026-08-12T16:26:34Z	BURST64B	1146	hive	116071	A	T	core_destroyed	180
2026-08-12T16:26:40Z	BURST64B	1147	hive	116071	B	T	core_destroyed	410
2026-08-12T16:26:41Z	BURST64B	1148	meander	116071	A	T	core_destroyed	178
2026-08-12T16:26:42Z	BURST64B	1149	meander	116071	B	T	core_destroyed	155
2026-08-12T16:26:46Z	BURST64B	1150	nordkap	116071	A	T	core_destroyed	352
2026-08-12T16:26:47Z	BURST64B	1151	nordkap	116071	B	T	core_destroyed	229
2026-08-12T16:26:48Z	BURST64B	1152	antler	116072	A	T	core_destroyed	98
2026-08-12T16:26:50Z	BURST64B	1153	antler	116072	B	T	tiebreak	1000
2026-08-12T16:26:51Z	BURST64B	1154	atoll	116072	A	C	core_destroyed	179
2026-08-12T16:26:53Z	BURST64B	1155	atoll	116072	B	C	core_destroyed	492
2026-08-12T16:26:55Z	BURST64B	1156	drumlin	116072	A	T	core_destroyed	190
2026-08-12T16:26:56Z	BURST64B	1157	drumlin	116072	B	C	core_destroyed	90
2026-08-12T16:26:58Z	BURST64B	1158	fjordgate	116072	A	T	core_destroyed	501
2026-08-12T16:27:00Z	BURST64B	1159	fjordgate	116072	B	C	core_destroyed	175
2026-08-12T16:27:02Z	BURST64B	1160	heart	116072	A	T	core_destroyed	277
2026-08-12T16:27:06Z	BURST64B	1161	heart	116072	B	T	core_destroyed	231
2026-08-12T16:27:09Z	BURST64B	1162	hive	116072	A	C	core_destroyed	195
2026-08-12T16:27:12Z	BURST64B	1163	hive	116072	B	T	core_destroyed	279
2026-08-12T16:27:14Z	BURST64B	1164	meander	116072	A	T	core_destroyed	238
2026-08-12T16:27:16Z	BURST64B	1165	meander	116072	B	C	core_destroyed	143
2026-08-12T16:27:17Z	BURST64B	1166	nordkap	116072	A	T	core_destroyed	111
2026-08-12T16:27:18Z	BURST64B	1167	nordkap	116072	B	T	core_destroyed	107
2026-08-12T16:27:19Z	BURST64B	1168	antler	116073	A	C	core_destroyed	258
2026-08-12T16:27:20Z	BURST64B	1169	antler	116073	B	T	core_destroyed	164
2026-08-12T16:27:23Z	BURST64B	1170	atoll	116073	A	T	core_destroyed	500
2026-08-12T16:27:27Z	BURST64B	1171	atoll	116073	B	T	core_destroyed	542
2026-08-12T16:27:29Z	BURST64B	1172	drumlin	116073	A	T	core_destroyed	184
2026-08-12T16:27:30Z	BURST64B	1173	drumlin	116073	B	C	core_destroyed	144
2026-08-12T16:27:32Z	BURST64B	1174	fjordgate	116073	A	C	core_destroyed	390
2026-08-12T16:27:34Z	BURST64B	1175	fjordgate	116073	B	T	core_destroyed	286
2026-08-12T16:27:35Z	BURST64B	1176	heart	116073	A	C	core_destroyed	145
2026-08-12T16:27:37Z	BURST64B	1177	heart	116073	B	C	core_destroyed	130
2026-08-12T16:27:38Z	BURST64B	1178	hive	116073	A	C	core_destroyed	188
2026-08-12T16:27:40Z	BURST64B	1179	hive	116073	B	C	core_destroyed	91
2026-08-12T16:27:41Z	BURST64B	1180	meander	116073	A	T	core_destroyed	187
2026-08-12T16:27:42Z	BURST64B	1181	meander	116073	B	C	core_destroyed	202
2026-08-12T16:27:44Z	BURST64B	1182	nordkap	116073	A	C	core_destroyed	556
2026-08-12T16:27:45Z	BURST64B	1183	nordkap	116073	B	C	core_destroyed	320
2026-08-12T16:27:47Z	BURST64B	1184	antler	116074	A	C	core_destroyed	260
2026-08-12T16:27:48Z	BURST64B	1185	antler	116074	B	C	core_destroyed	205
2026-08-12T16:27:49Z	BURST64B	1186	atoll	116074	A	C	core_destroyed	107
2026-08-12T16:27:52Z	BURST64B	1187	atoll	116074	B	T	tiebreak	1000
2026-08-12T16:27:58Z	BURST64B	1188	drumlin	116074	A	C	core_destroyed	377
2026-08-12T16:27:59Z	BURST64B	1189	drumlin	116074	B	C	core_destroyed	143
2026-08-12T16:28:00Z	BURST64B	1190	fjordgate	116074	A	C	core_destroyed	155
2026-08-12T16:28:02Z	BURST64B	1191	fjordgate	116074	B	C	core_destroyed	149
2026-08-12T16:28:03Z	BURST64B	1192	heart	116074	A	T	core_destroyed	119
2026-08-12T16:28:08Z	BURST64B	1193	heart	116074	B	T	core_destroyed	441
2026-08-12T16:28:10Z	BURST64B	1194	hive	116074	A	C	core_destroyed	135
2026-08-12T16:28:11Z	BURST64B	1195	hive	116074	B	C	core_destroyed	160
2026-08-12T16:28:13Z	BURST64B	1196	meander	116074	A	C	core_destroyed	222
2026-08-12T16:28:14Z	BURST64B	1197	meander	116074	B	T	core_destroyed	135
2026-08-12T16:28:15Z	BURST64B	1198	nordkap	116074	A	C	core_destroyed	149
2026-08-12T16:28:17Z	BURST64B	1199	nordkap	116074	B	T	core_destroyed	307
2026-08-12T16:28:19Z	BURST64B	1200	antler	116075	A	T	core_destroyed	212
2026-08-12T16:28:20Z	BURST64B	1201	antler	116075	B	C	core_destroyed	190
2026-08-12T16:28:25Z	BURST64B	1202	atoll	116075	A	C	core_destroyed	792
2026-08-12T16:28:26Z	BURST64B	1203	atoll	116075	B	T	core_destroyed	142
2026-08-12T16:28:31Z	BURST64B	1204	drumlin	116075	A	C	core_destroyed	352
2026-08-12T16:28:34Z	BURST64B	1205	drumlin	116075	B	C	core_destroyed	508
2026-08-12T16:28:35Z	BURST64B	1206	fjordgate	116075	A	T	core_destroyed	105
2026-08-12T16:28:36Z	BURST64B	1207	fjordgate	116075	B	C	core_destroyed	165
2026-08-12T16:28:38Z	BURST64B	1208	heart	116075	A	T	core_destroyed	195
2026-08-12T16:28:43Z	BURST64B	1209	heart	116075	B	C	core_destroyed	317
2026-08-12T16:28:48Z	BURST64B	1210	hive	116075	A	T	core_destroyed	430
2026-08-12T16:28:54Z	BURST64B	1211	hive	116075	B	C	core_destroyed	457
2026-08-12T16:28:56Z	BURST64B	1212	meander	116075	A	T	core_destroyed	190
2026-08-12T16:28:58Z	BURST64B	1213	meander	116075	B	C	core_destroyed	246
2026-08-12T16:29:01Z	BURST64B	1214	nordkap	116075	A	C	core_destroyed	424
2026-08-12T16:29:04Z	BURST64B	1215	nordkap	116075	B	C	core_destroyed	413
2026-08-12T16:29:06Z	BURST64B	1216	antler	116076	A	C	core_destroyed	132
2026-08-12T16:29:08Z	BURST64B	1217	antler	116076	B	C	core_destroyed	218
2026-08-12T16:29:09Z	BURST64B	1218	atoll	116076	A	C	core_destroyed	116
2026-08-12T16:29:11Z	BURST64B	1219	atoll	116076	B	T	tiebreak	1000
2026-08-12T16:29:12Z	BURST64B	1220	drumlin	116076	A	C	core_destroyed	110
2026-08-12T16:29:17Z	BURST64B	1221	drumlin	116076	B	T	core_destroyed	340
2026-08-12T16:29:18Z	BURST64B	1222	fjordgate	116076	A	T	core_destroyed	160
2026-08-12T16:29:19Z	BURST64B	1223	fjordgate	116076	B	T	core_destroyed	240
2026-08-12T16:29:26Z	BURST64B	1224	heart	116076	A	T	tiebreak	1000
2026-08-12T16:29:28Z	BURST64B	1225	heart	116076	B	C	core_destroyed	750
2026-08-12T16:29:30Z	BURST64B	1226	hive	116076	A	T	core_destroyed	192
2026-08-12T16:29:34Z	BURST64B	1227	hive	116076	B	C	core_destroyed	223
2026-08-12T16:29:35Z	BURST64B	1228	meander	116076	A	T	core_destroyed	160
2026-08-12T16:29:37Z	BURST64B	1229	meander	116076	B	T	core_destroyed	251
2026-08-12T16:29:38Z	BURST64B	1230	nordkap	116076	A	C	core_destroyed	168
2026-08-12T16:29:40Z	BURST64B	1231	nordkap	116076	B	T	tiebreak	1000
2026-08-12T16:29:42Z	BURST64B	1232	antler	116077	A	T	core_destroyed	301
2026-08-12T16:29:43Z	BURST64B	1233	antler	116077	B	C	core_destroyed	92
2026-08-12T16:29:44Z	BURST64B	1234	atoll	116077	A	C	core_destroyed	141
2026-08-12T16:29:46Z	BURST64B	1235	atoll	116077	B	T	core_destroyed	205
2026-08-12T16:29:48Z	BURST64B	1236	drumlin	116077	A	T	core_destroyed	225
2026-08-12T16:29:51Z	BURST64B	1237	drumlin	116077	B	T	core_destroyed	155
2026-08-12T16:29:52Z	BURST64B	1238	fjordgate	116077	A	C	core_destroyed	211
2026-08-12T16:29:53Z	BURST64B	1239	fjordgate	116077	B	T	core_destroyed	162
2026-08-12T16:29:55Z	BURST64B	1240	heart	116077	A	T	core_destroyed	139
2026-08-12T16:29:59Z	BURST64B	1241	heart	116077	B	T	core_destroyed	273
2026-08-12T16:30:02Z	BURST64B	1242	hive	116077	A	C	core_destroyed	268
2026-08-12T16:30:06Z	BURST64B	1243	hive	116077	B	C	core_destroyed	380
2026-08-12T16:30:07Z	BURST64B	1244	meander	116077	A	C	core_destroyed	119
2026-08-12T16:30:08Z	BURST64B	1245	meander	116077	B	C	core_destroyed	211
2026-08-12T16:30:11Z	BURST64B	1246	nordkap	116077	A	T	core_destroyed	403
2026-08-12T16:30:13Z	BURST64B	1247	nordkap	116077	B	C	tiebreak	1000
2026-08-12T16:30:14Z	BURST64B	1248	antler	116078	A	T	core_destroyed	153
2026-08-12T16:30:18Z	BURST64B	1249	antler	116078	B	T	core_destroyed	897
2026-08-12T16:30:20Z	BURST64B	1250	atoll	116078	A	T	core_destroyed	195
2026-08-12T16:30:22Z	BURST64B	1251	atoll	116078	B	T	core_destroyed	277
2026-08-12T16:30:24Z	BURST64B	1252	drumlin	116078	A	T	core_destroyed	150
2026-08-12T16:30:25Z	BURST64B	1253	drumlin	116078	B	C	core_destroyed	158
2026-08-12T16:30:26Z	BURST64B	1254	fjordgate	116078	A	T	core_destroyed	105
2026-08-12T16:30:28Z	BURST64B	1255	fjordgate	116078	B	C	tiebreak	1000
2026-08-12T16:30:31Z	BURST64B	1256	heart	116078	A	C	core_destroyed	180
2026-08-12T16:30:32Z	BURST64B	1257	heart	116078	B	T	core_destroyed	140
2026-08-12T16:30:34Z	BURST64B	1258	hive	116078	A	C	core_destroyed	83
2026-08-12T16:30:39Z	BURST64B	1259	hive	116078	B	C	core_destroyed	389
2026-08-12T16:30:40Z	BURST64B	1260	meander	116078	A	C	core_destroyed	174
2026-08-12T16:30:43Z	BURST64B	1261	meander	116078	B	T	core_destroyed	247
2026-08-12T16:30:44Z	BURST64B	1262	nordkap	116078	A	C	core_destroyed	517
2026-08-12T16:30:46Z	BURST64B	1263	nordkap	116078	B	T	core_destroyed	317
2026-08-12T16:30:48Z	BURST64B	1264	antler	116079	A	T	core_destroyed	295
2026-08-12T16:30:50Z	BURST64B	1265	antler	116079	B	T	core_destroyed	466
2026-08-12T16:30:52Z	BURST64B	1266	atoll	116079	A	C	core_destroyed	309
2026-08-12T16:30:54Z	BURST64B	1267	atoll	116079	B	T	core_destroyed	426
2026-08-12T16:30:55Z	BURST64B	1268	drumlin	116079	A	T	core_destroyed	106
2026-08-12T16:31:00Z	BURST64B	1269	drumlin	116079	B	T	core_destroyed	346
2026-08-12T16:31:01Z	BURST64B	1270	fjordgate	116079	A	T	core_destroyed	200
2026-08-12T16:31:02Z	BURST64B	1271	fjordgate	116079	B	C	core_destroyed	121
2026-08-12T16:31:06Z	BURST64B	1272	heart	116079	A	T	core_destroyed	690
2026-08-12T16:31:07Z	BURST64B	1273	heart	116079	B	C	core_destroyed	119
2026-08-12T16:31:11Z	BURST64B	1274	hive	116079	A	T	core_destroyed	322
2026-08-12T16:31:12Z	BURST64B	1275	hive	116079	B	C	core_destroyed	116
2026-08-12T16:31:14Z	BURST64B	1276	meander	116079	A	T	core_destroyed	128
2026-08-12T16:31:16Z	BURST64B	1277	meander	116079	B	T	core_destroyed	184
2026-08-12T16:31:17Z	BURST64B	1278	nordkap	116079	A	T	core_destroyed	304
2026-08-12T16:31:19Z	BURST64B	1279	nordkap	116079	B	C	core_destroyed	214
2026-08-12T16:31:23Z	BURST64B	1280	antler	116080	A	T	core_destroyed	537
2026-08-12T16:31:24Z	BURST64B	1281	antler	116080	B	T	core_destroyed	216
2026-08-12T16:31:28Z	BURST64B	1282	atoll	116080	A	T	core_destroyed	378
2026-08-12T16:31:30Z	BURST64B	1283	atoll	116080	B	T	tiebreak	1000
2026-08-12T16:31:32Z	BURST64B	1284	drumlin	116080	A	T	core_destroyed	230
2026-08-12T16:31:36Z	BURST64B	1285	drumlin	116080	B	C	core_destroyed	371
2026-08-12T16:31:38Z	BURST64B	1286	fjordgate	116080	A	T	tiebreak	1000
2026-08-12T16:31:39Z	BURST64B	1287	fjordgate	116080	B	T	core_destroyed	106
2026-08-12T16:31:40Z	BURST64B	1288	heart	116080	A	T	core_destroyed	142
2026-08-12T16:31:46Z	BURST64B	1289	heart	116080	B	C	core_destroyed	413
2026-08-12T16:31:50Z	BURST64B	1290	hive	116080	A	C	core_destroyed	359
2026-08-12T16:31:52Z	BURST64B	1291	hive	116080	B	C	core_destroyed	150
2026-08-12T16:31:53Z	BURST64B	1292	meander	116080	A	C	core_destroyed	289
2026-08-12T16:31:54Z	BURST64B	1293	meander	116080	B	C	core_destroyed	145
2026-08-12T16:31:55Z	BURST64B	1294	nordkap	116080	A	T	core_destroyed	126
2026-08-12T16:31:58Z	BURST64B	1295	nordkap	116080	B	T	core_destroyed	275
2026-08-12T16:31:59Z	BURST64B	1296	antler	116081	A	C	core_destroyed	198
2026-08-12T16:32:02Z	BURST64B	1297	antler	116081	B	C	tiebreak	1000
2026-08-12T16:32:06Z	BURST64B	1298	atoll	116081	A	T	core_destroyed	462
2026-08-12T16:32:08Z	BURST64B	1299	atoll	116081	B	T	core_destroyed	140
2026-08-12T16:32:09Z	BURST64B	1300	drumlin	116081	A	T	core_destroyed	139
2026-08-12T16:32:13Z	BURST64B	1301	drumlin	116081	B	C	core_destroyed	261
2026-08-12T16:32:15Z	BURST64B	1302	fjordgate	116081	A	C	core_destroyed	518
2026-08-12T16:32:17Z	BURST64B	1303	fjordgate	116081	B	T	core_destroyed	985
2026-08-12T16:32:19Z	BURST64B	1304	heart	116081	A	T	core_destroyed	158
2026-08-12T16:32:27Z	BURST64B	1305	heart	116081	B	C	core_destroyed	567
2026-08-12T16:32:30Z	BURST64B	1306	hive	116081	A	C	core_destroyed	350
2026-08-12T16:32:35Z	BURST64B	1307	hive	116081	B	C	core_destroyed	501
2026-08-12T16:32:36Z	BURST64B	1308	meander	116081	A	C	core_destroyed	217
2026-08-12T16:32:39Z	BURST64B	1309	meander	116081	B	T	core_destroyed	411
2026-08-12T16:32:40Z	BURST64B	1310	nordkap	116081	A	T	core_destroyed	146
2026-08-12T16:32:43Z	BURST64B	1311	nordkap	116081	B	T	core_destroyed	330
2026-08-12T16:32:45Z	BURST64B	1312	antler	116082	A	C	core_destroyed	161
2026-08-12T16:32:46Z	BURST64B	1313	antler	116082	B	C	core_destroyed	223
2026-08-12T16:32:49Z	BURST64B	1314	atoll	116082	A	C	core_destroyed	299
2026-08-12T16:32:50Z	BURST64B	1315	atoll	116082	B	T	core_destroyed	112
2026-08-12T16:32:52Z	BURST64B	1316	drumlin	116082	A	T	core_destroyed	154
2026-08-12T16:32:56Z	BURST64B	1317	drumlin	116082	B	C	core_destroyed	366
2026-08-12T16:32:57Z	BURST64B	1318	fjordgate	116082	A	T	core_destroyed	114
2026-08-12T16:33:00Z	BURST64B	1319	fjordgate	116082	B	T	core_destroyed	426
2026-08-12T16:33:03Z	BURST64B	1320	heart	116082	A	C	tiebreak	1000
2026-08-12T16:33:08Z	BURST64B	1321	heart	116082	B	C	core_destroyed	227
2026-08-12T16:33:10Z	BURST64B	1322	hive	116082	A	C	core_destroyed	178
2026-08-12T16:33:24Z	BURST64B	1323	hive	116082	B	C	tiebreak	1000
2026-08-12T16:33:26Z	BURST64B	1324	meander	116082	A	C	core_destroyed	223
2026-08-12T16:33:28Z	BURST64B	1325	meander	116082	B	C	core_destroyed	198
2026-08-12T16:33:29Z	BURST64B	1326	nordkap	116082	A	C	core_destroyed	162
2026-08-12T16:33:31Z	BURST64B	1327	nordkap	116082	B	C	core_destroyed	166
2026-08-12T16:33:33Z	BURST64B	1328	antler	116083	A	T	core_destroyed	472
2026-08-12T16:33:34Z	BURST64B	1329	antler	116083	B	C	core_destroyed	285
2026-08-12T16:33:35Z	BURST64B	1330	atoll	116083	A	C	core_destroyed	210
2026-08-12T16:33:37Z	BURST64B	1331	atoll	116083	B	T	core_destroyed	202
2026-08-12T16:33:39Z	BURST64B	1332	drumlin	116083	A	T	core_destroyed	133
2026-08-12T16:33:42Z	BURST64B	1333	drumlin	116083	B	T	core_destroyed	300
2026-08-12T16:33:44Z	BURST64B	1334	fjordgate	116083	A	T	tiebreak	1000
2026-08-12T16:33:45Z	BURST64B	1335	fjordgate	116083	B	C	core_destroyed	160
2026-08-12T16:33:48Z	BURST64B	1336	heart	116083	A	T	core_destroyed	198
2026-08-12T16:33:50Z	BURST64B	1337	heart	116083	B	C	core_destroyed	331
2026-08-12T16:33:52Z	BURST64B	1338	hive	116083	A	T	core_destroyed	223
2026-08-12T16:33:54Z	BURST64B	1339	hive	116083	B	C	core_destroyed	145
2026-08-12T16:33:55Z	BURST64B	1340	meander	116083	A	C	core_destroyed	109
2026-08-12T16:33:58Z	BURST64B	1341	meander	116083	B	C	core_destroyed	250
2026-08-12T16:33:59Z	BURST64B	1342	nordkap	116083	A	C	core_destroyed	143
2026-08-12T16:34:02Z	BURST64B	1343	nordkap	116083	B	C	core_destroyed	308
2026-08-12T16:34:05Z	BURST64B	1344	antler	116084	A	C	tiebreak	1000
2026-08-12T16:34:09Z	BURST64B	1345	antler	116084	B	C	core_destroyed	336
2026-08-12T16:34:12Z	BURST64B	1346	atoll	116084	A	C	core_destroyed	308
2026-08-12T16:34:14Z	BURST64B	1347	atoll	116084	B	T	core_destroyed	190
2026-08-12T16:34:17Z	BURST64B	1348	drumlin	116084	A	T	core_destroyed	270
2026-08-12T16:34:23Z	BURST64B	1349	drumlin	116084	B	C	core_destroyed	418
2026-08-12T16:34:24Z	BURST64B	1350	fjordgate	116084	A	T	core_destroyed	200
2026-08-12T16:34:25Z	BURST64B	1351	fjordgate	116084	B	C	core_destroyed	155
2026-08-12T16:34:27Z	BURST64B	1352	heart	116084	A	T	core_destroyed	161
2026-08-12T16:34:29Z	BURST64B	1353	heart	116084	B	C	core_destroyed	116
2026-08-12T16:34:30Z	BURST64B	1354	hive	116084	A	T	core_destroyed	103
2026-08-12T16:34:31Z	BURST64B	1355	hive	116084	B	T	core_destroyed	120
2026-08-12T16:34:33Z	BURST64B	1356	meander	116084	A	C	core_destroyed	237
2026-08-12T16:34:35Z	BURST64B	1357	meander	116084	B	C	core_destroyed	141
2026-08-12T16:34:36Z	BURST64B	1358	nordkap	116084	A	C	core_destroyed	220
2026-08-12T16:34:37Z	BURST64B	1359	nordkap	116084	B	T	core_destroyed	155
2026-08-12T16:34:38Z	BURST64B	1360	antler	116085	A	T	core_destroyed	152
2026-08-12T16:34:39Z	BURST64B	1361	antler	116085	B	C	core_destroyed	155
2026-08-12T16:34:43Z	BURST64B	1362	atoll	116085	A	T	core_destroyed	365
2026-08-12T16:34:44Z	BURST64B	1363	atoll	116085	B	C	core_destroyed	593
2026-08-12T16:34:45Z	BURST64B	1364	drumlin	116085	A	T	core_destroyed	140
2026-08-12T16:34:50Z	BURST64B	1365	drumlin	116085	B	T	core_destroyed	328
2026-08-12T16:34:51Z	BURST64B	1366	fjordgate	116085	A	C	core_destroyed	134
2026-08-12T16:34:52Z	BURST64B	1367	fjordgate	116085	B	C	core_destroyed	131
2026-08-12T16:34:54Z	BURST64B	1368	heart	116085	A	T	core_destroyed	103
2026-08-12T16:35:04Z	BURST64B	1369	heart	116085	B	C	tiebreak	1000
2026-08-12T16:35:06Z	BURST64B	1370	hive	116085	A	C	core_destroyed	210
2026-08-12T16:35:08Z	BURST64B	1371	hive	116085	B	T	core_destroyed	148
2026-08-12T16:35:09Z	BURST64B	1372	meander	116085	A	C	core_destroyed	131
2026-08-12T16:35:10Z	BURST64B	1373	meander	116085	B	T	core_destroyed	154
2026-08-12T16:35:12Z	BURST64B	1374	nordkap	116085	A	C	core_destroyed	196
2026-08-12T16:35:13Z	BURST64B	1375	nordkap	116085	B	C	core_destroyed	108
2026-08-12T16:35:14Z	BURST64B	1376	antler	116086	A	T	core_destroyed	117
2026-08-12T16:35:16Z	BURST64B	1377	antler	116086	B	C	core_destroyed	272
2026-08-12T16:35:17Z	BURST64B	1378	atoll	116086	A	C	core_destroyed	168
2026-08-12T16:35:18Z	BURST64B	1379	atoll	116086	B	T	core_destroyed	124
2026-08-12T16:35:19Z	BURST64B	1380	drumlin	116086	A	T	core_destroyed	139
2026-08-12T16:35:21Z	BURST64B	1381	drumlin	116086	B	T	core_destroyed	158
2026-08-12T16:35:22Z	BURST64B	1382	fjordgate	116086	A	C	core_destroyed	108
2026-08-12T16:35:23Z	BURST64B	1383	fjordgate	116086	B	C	core_destroyed	211
2026-08-12T16:35:25Z	BURST64B	1384	heart	116086	A	T	core_destroyed	133
2026-08-12T16:35:29Z	BURST64B	1385	heart	116086	B	T	core_destroyed	286
2026-08-12T16:35:30Z	BURST64B	1386	hive	116086	A	C	core_destroyed	83
2026-08-12T16:35:32Z	BURST64B	1387	hive	116086	B	C	core_destroyed	121
2026-08-12T16:35:33Z	BURST64B	1388	meander	116086	A	C	core_destroyed	258
2026-08-12T16:35:35Z	BURST64B	1389	meander	116086	B	C	core_destroyed	218
2026-08-12T16:35:36Z	BURST64B	1390	nordkap	116086	A	C	core_destroyed	148
2026-08-12T16:35:38Z	BURST64B	1391	nordkap	116086	B	C	core_destroyed	247
2026-08-12T16:35:40Z	BURST64B	1392	antler	116087	A	C	core_destroyed	230
2026-08-12T16:35:41Z	BURST64B	1393	antler	116087	B	T	core_destroyed	126
2026-08-12T16:35:45Z	BURST64B	1394	atoll	116087	A	C	core_destroyed	374
2026-08-12T16:35:46Z	BURST64B	1395	atoll	116087	B	T	core_destroyed	110
2026-08-12T16:35:51Z	BURST64B	1396	drumlin	116087	A	T	core_destroyed	375
2026-08-12T16:35:54Z	BURST64B	1397	drumlin	116087	B	C	core_destroyed	196
2026-08-12T16:35:55Z	BURST64B	1398	fjordgate	116087	A	C	core_destroyed	101
2026-08-12T16:35:57Z	BURST64B	1399	fjordgate	116087	B	C	core_destroyed	734
2026-08-12T16:36:04Z	BURST64B	1400	heart	116087	A	T	core_destroyed	542
2026-08-12T16:36:05Z	BURST64B	1401	heart	116087	B	T	core_destroyed	162
2026-08-12T16:36:07Z	BURST64B	1402	hive	116087	A	T	core_destroyed	145
2026-08-12T16:36:08Z	BURST64B	1403	hive	116087	B	C	core_destroyed	127
2026-08-12T16:36:10Z	BURST64B	1404	meander	116087	A	T	core_destroyed	174
2026-08-12T16:36:11Z	BURST64B	1405	meander	116087	B	T	core_destroyed	161
2026-08-12T16:36:12Z	BURST64B	1406	nordkap	116087	A	C	core_destroyed	186
2026-08-12T16:36:16Z	BURST64B	1407	nordkap	116087	B	C	core_destroyed	422
2026-08-12T16:36:18Z	BURST64B	1408	antler	116088	A	C	core_destroyed	538
2026-08-12T16:36:20Z	BURST64B	1409	antler	116088	B	C	core_destroyed	263
2026-08-12T16:36:21Z	BURST64B	1410	atoll	116088	A	T	core_destroyed	88
2026-08-12T16:36:22Z	BURST64B	1411	atoll	116088	B	C	core_destroyed	133
2026-08-12T16:36:24Z	BURST64B	1412	drumlin	116088	A	T	core_destroyed	102
2026-08-12T16:36:28Z	BURST64B	1413	drumlin	116088	B	T	core_destroyed	302
2026-08-12T16:36:29Z	BURST64B	1414	fjordgate	116088	A	T	core_destroyed	169
2026-08-12T16:36:31Z	BURST64B	1415	fjordgate	116088	B	C	core_destroyed	237
2026-08-12T16:36:36Z	BURST64B	1416	heart	116088	A	C	core_destroyed	294
2026-08-12T16:36:38Z	BURST64B	1417	heart	116088	B	T	core_destroyed	210
2026-08-12T16:36:40Z	BURST64B	1418	hive	116088	A	C	core_destroyed	127
2026-08-12T16:36:42Z	BURST64B	1419	hive	116088	B	T	core_destroyed	170
2026-08-12T16:36:44Z	BURST64B	1420	meander	116088	A	C	core_destroyed	158
2026-08-12T16:36:45Z	BURST64B	1421	meander	116088	B	C	core_destroyed	121
2026-08-12T16:36:47Z	BURST64B	1422	nordkap	116088	A	C	core_destroyed	266
2026-08-12T16:36:48Z	BURST64B	1423	nordkap	116088	B	T	core_destroyed	241
2026-08-12T16:36:50Z	BURST64B	1424	antler	116089	A	C	core_destroyed	206
2026-08-12T16:36:52Z	BURST64B	1425	antler	116089	B	C	core_destroyed	376
2026-08-12T16:36:53Z	BURST64B	1426	atoll	116089	A	C	core_destroyed	125
2026-08-12T16:36:54Z	BURST64B	1427	atoll	116089	B	C	core_destroyed	136
2026-08-12T16:36:57Z	BURST64B	1428	drumlin	116089	A	C	core_destroyed	215
2026-08-12T16:37:07Z	BURST64B	1429	drumlin	116089	B	C	tiebreak	1000
2026-08-12T16:37:09Z	BURST64B	1430	fjordgate	116089	A	T	core_destroyed	328
2026-08-12T16:37:10Z	BURST64B	1431	fjordgate	116089	B	T	core_destroyed	106
2026-08-12T16:37:13Z	BURST64B	1432	heart	116089	A	T	core_destroyed	200
2026-08-12T16:37:31Z	BURST64B	1433	heart	116089	B	C	tiebreak	1000
2026-08-12T16:37:32Z	BURST64B	1434	hive	116089	A	T	core_destroyed	141
2026-08-12T16:37:40Z	BURST64B	1435	hive	116089	B	C	core_destroyed	539
2026-08-12T16:37:42Z	BURST64B	1436	meander	116089	A	C	core_destroyed	154
2026-08-12T16:37:43Z	BURST64B	1437	meander	116089	B	T	core_destroyed	164
2026-08-12T16:37:44Z	BURST64B	1438	nordkap	116089	A	T	core_destroyed	147
2026-08-12T16:37:47Z	BURST64B	1439	nordkap	116089	B	T	core_destroyed	486
2026-08-12T16:37:48Z	BURST64B	1440	antler	116090	A	T	core_destroyed	99
2026-08-12T16:37:51Z	BURST64B	1441	antler	116090	B	C	core_destroyed	350
2026-08-12T16:37:54Z	BURST64B	1442	atoll	116090	A	C	tiebreak	1000
2026-08-12T16:37:56Z	BURST64B	1443	atoll	116090	B	T	core_destroyed	357
2026-08-12T16:37:57Z	BURST64B	1444	drumlin	116090	A	T	core_destroyed	95
2026-08-12T16:38:00Z	BURST64B	1445	drumlin	116090	B	C	core_destroyed	221
2026-08-12T16:38:04Z	BURST64B	1446	fjordgate	116090	A	T	tiebreak	1000
2026-08-12T16:38:05Z	BURST64B	1447	fjordgate	116090	B	T	core_destroyed	146
2026-08-12T16:38:08Z	BURST64B	1448	heart	116090	A	T	core_destroyed	198
2026-08-12T16:38:10Z	BURST64B	1449	heart	116090	B	T	core_destroyed	210
2026-08-12T16:38:12Z	BURST64B	1450	hive	116090	A	C	core_destroyed	147
2026-08-12T16:38:17Z	BURST64B	1451	hive	116090	B	T	core_destroyed	340
2026-08-12T16:38:21Z	BURST64B	1452	meander	116090	A	C	tiebreak	1000
2026-08-12T16:38:23Z	BURST64B	1453	meander	116090	B	T	core_destroyed	152
2026-08-12T16:38:24Z	BURST64B	1454	nordkap	116090	A	C	core_destroyed	195
2026-08-12T16:38:26Z	BURST64B	1455	nordkap	116090	B	C	core_destroyed	360
2026-08-12T16:38:28Z	BURST64B	1456	antler	116091	A	C	tiebreak	1000
2026-08-12T16:38:29Z	BURST64B	1457	antler	116091	B	C	core_destroyed	95
2026-08-12T16:38:31Z	BURST64B	1458	atoll	116091	A	C	core_destroyed	151
2026-08-12T16:38:32Z	BURST64B	1459	atoll	116091	B	T	core_destroyed	83
2026-08-12T16:38:36Z	BURST64B	1460	drumlin	116091	A	T	core_destroyed	268
2026-08-12T16:38:37Z	BURST64B	1461	drumlin	116091	B	C	core_destroyed	97
2026-08-12T16:38:38Z	BURST64B	1462	fjordgate	116091	A	T	core_destroyed	169
2026-08-12T16:38:40Z	BURST64B	1463	fjordgate	116091	B	C	core_destroyed	180
2026-08-12T16:38:43Z	BURST64B	1464	heart	116091	A	T	core_destroyed	439
2026-08-12T16:38:47Z	BURST64B	1465	heart	116091	B	C	core_destroyed	166
2026-08-12T16:38:52Z	BURST64B	1466	hive	116091	A	T	core_destroyed	395
2026-08-12T16:38:54Z	BURST64B	1467	hive	116091	B	C	core_destroyed	131
2026-08-12T16:38:56Z	BURST64B	1468	meander	116091	A	C	core_destroyed	198
2026-08-12T16:38:57Z	BURST64B	1469	meander	116091	B	T	core_destroyed	123
2026-08-12T16:39:01Z	BURST64B	1470	nordkap	116091	A	T	core_destroyed	331
2026-08-12T16:39:02Z	BURST64B	1471	nordkap	116091	B	T	core_destroyed	191
2026-08-12T16:39:03Z	BURST64B	1472	antler	116092	A	T	core_destroyed	187
2026-08-12T16:39:05Z	BURST64B	1473	antler	116092	B	T	core_destroyed	420
2026-08-12T16:39:08Z	BURST64B	1474	atoll	116092	A	C	tiebreak	1000
2026-08-12T16:39:12Z	BURST64B	1475	atoll	116092	B	C	tiebreak	1000
2026-08-12T16:39:14Z	BURST64B	1476	drumlin	116092	A	T	core_destroyed	177
2026-08-12T16:39:15Z	BURST64B	1477	drumlin	116092	B	C	core_destroyed	113
2026-08-12T16:39:17Z	BURST64B	1478	fjordgate	116092	A	T	core_destroyed	432
2026-08-12T16:39:18Z	BURST64B	1479	fjordgate	116092	B	C	core_destroyed	128
2026-08-12T16:39:21Z	BURST64B	1480	heart	116092	A	C	tiebreak	1000
2026-08-12T16:39:24Z	BURST64B	1481	heart	116092	B	C	core_destroyed	233
2026-08-12T16:39:27Z	BURST64B	1482	hive	116092	A	T	core_destroyed	240
2026-08-12T16:39:34Z	BURST64B	1483	hive	116092	B	C	core_destroyed	494
2026-08-12T16:39:35Z	BURST64B	1484	meander	116092	A	T	core_destroyed	172
2026-08-12T16:39:37Z	BURST64B	1485	meander	116092	B	T	core_destroyed	192
2026-08-12T16:39:40Z	BURST64B	1486	nordkap	116092	A	C	core_destroyed	292
2026-08-12T16:39:43Z	BURST64B	1487	nordkap	116092	B	C	core_destroyed	410
2026-08-12T16:39:44Z	BURST64B	1488	antler	116093	A	T	core_destroyed	171
2026-08-12T16:39:46Z	BURST64B	1489	antler	116093	B	C	core_destroyed	189
2026-08-12T16:39:48Z	BURST64B	1490	atoll	116093	A	T	core_destroyed	234
2026-08-12T16:39:51Z	BURST64B	1491	atoll	116093	B	C	core_destroyed	398
2026-08-12T16:39:53Z	BURST64B	1492	drumlin	116093	A	T	core_destroyed	126
2026-08-12T16:39:54Z	BURST64B	1493	drumlin	116093	B	C	core_destroyed	169
2026-08-12T16:39:56Z	BURST64B	1494	fjordgate	116093	A	C	core_destroyed	128
2026-08-12T16:39:58Z	BURST64B	1495	fjordgate	116093	B	C	core_destroyed	637
2026-08-12T16:40:04Z	BURST64B	1496	heart	116093	A	T	core_destroyed	385
2026-08-12T16:40:06Z	BURST64B	1497	heart	116093	B	C	core_destroyed	154
2026-08-12T16:40:08Z	BURST64B	1498	hive	116093	A	C	core_destroyed	138
2026-08-12T16:40:12Z	BURST64B	1499	hive	116093	B	T	core_destroyed	247
2026-08-12T16:40:14Z	BURST64B	1500	meander	116093	A	C	core_destroyed	157
2026-08-12T16:40:15Z	BURST64B	1501	meander	116093	B	T	core_destroyed	126
2026-08-12T16:40:17Z	BURST64B	1502	nordkap	116093	A	C	core_destroyed	500
2026-08-12T16:40:20Z	BURST64B	1503	nordkap	116093	B	C	tiebreak	1000
2026-08-12T16:40:26Z	BURST64B	1504	antler	116094	A	T	tiebreak	1000
2026-08-12T16:40:28Z	BURST64B	1505	antler	116094	B	T	core_destroyed	198
2026-08-12T16:40:32Z	BURST64B	1506	atoll	116094	A	C	core_destroyed	392
2026-08-12T16:40:34Z	BURST64B	1507	atoll	116094	B	T	core_destroyed	130
2026-08-12T16:40:36Z	BURST64B	1508	drumlin	116094	A	T	core_destroyed	152
2026-08-12T16:40:40Z	BURST64B	1509	drumlin	116094	B	C	core_destroyed	387
2026-08-12T16:40:41Z	BURST64B	1510	fjordgate	116094	A	T	core_destroyed	193
2026-08-12T16:40:43Z	BURST64B	1511	fjordgate	116094	B	C	core_destroyed	136
2026-08-12T16:40:44Z	BURST64B	1512	heart	116094	A	T	core_destroyed	193
2026-08-12T16:40:46Z	BURST64B	1513	heart	116094	B	C	core_destroyed	117
2026-08-12T16:40:47Z	BURST64B	1514	hive	116094	A	T	core_destroyed	118
2026-08-12T16:40:50Z	BURST64B	1515	hive	116094	B	T	core_destroyed	170
2026-08-12T16:40:51Z	BURST64B	1516	meander	116094	A	C	core_destroyed	126
2026-08-12T16:40:53Z	BURST64B	1517	meander	116094	B	C	core_destroyed	165
2026-08-12T16:40:56Z	BURST64B	1518	nordkap	116094	A	C	core_destroyed	339
2026-08-12T16:40:58Z	BURST64B	1519	nordkap	116094	B	T	tiebreak	1000
2026-08-12T16:41:00Z	BURST64B	1520	antler	116095	A	C	core_destroyed	226
2026-08-12T16:41:02Z	BURST64B	1521	antler	116095	B	C	core_destroyed	179
2026-08-12T16:41:04Z	BURST64B	1522	atoll	116095	A	C	core_destroyed	177
2026-08-12T16:41:05Z	BURST64B	1523	atoll	116095	B	T	core_destroyed	143
2026-08-12T16:41:07Z	BURST64B	1524	drumlin	116095	A	T	core_destroyed	99
2026-08-12T16:41:08Z	BURST64B	1525	drumlin	116095	B	C	core_destroyed	76
2026-08-12T16:41:09Z	BURST64B	1526	fjordgate	116095	A	T	core_destroyed	93
2026-08-12T16:41:10Z	BURST64B	1527	fjordgate	116095	B	T	core_destroyed	134
2026-08-12T16:41:12Z	BURST64B	1528	heart	116095	A	T	core_destroyed	228
2026-08-12T16:41:43Z	BURST64B	1529	heart	116095	B	T	tiebreak	1000
2026-08-12T16:41:49Z	BURST64B	1530	hive	116095	A	C	core_destroyed	438
2026-08-12T16:41:57Z	BURST64B	1531	hive	116095	B	T	core_destroyed	659
2026-08-12T16:41:58Z	BURST64B	1532	meander	116095	A	C	core_destroyed	120
2026-08-12T16:42:00Z	BURST64B	1533	meander	116095	B	T	core_destroyed	301
2026-08-12T16:42:01Z	BURST64B	1534	nordkap	116095	A	T	core_destroyed	170
2026-08-12T16:42:06Z	BURST64B	1535	nordkap	116095	B	C	core_destroyed	395
2026-08-12T16:42:08Z	BURST64B	1536	antler	116096	A	C	tiebreak	1000
2026-08-12T16:42:12Z	BURST64B	1537	antler	116096	B	C	core_destroyed	381
2026-08-12T16:42:13Z	BURST64B	1538	atoll	116096	A	T	core_destroyed	154
2026-08-12T16:42:15Z	BURST64B	1539	atoll	116096	B	T	core_destroyed	122
2026-08-12T16:42:18Z	BURST64B	1540	drumlin	116096	A	C	core_destroyed	234
2026-08-12T16:42:20Z	BURST64B	1541	drumlin	116096	B	C	core_destroyed	160
2026-08-12T16:42:21Z	BURST64B	1542	fjordgate	116096	A	T	core_destroyed	97
2026-08-12T16:42:24Z	BURST64B	1543	fjordgate	116096	B	C	core_destroyed	420
2026-08-12T16:42:27Z	BURST64B	1544	heart	116096	A	T	core_destroyed	524
2026-08-12T16:42:29Z	BURST64B	1545	heart	116096	B	C	core_destroyed	137
2026-08-12T16:42:32Z	BURST64B	1546	hive	116096	A	T	core_destroyed	186
2026-08-12T16:42:36Z	BURST64B	1547	hive	116096	B	C	core_destroyed	398
2026-08-12T16:42:38Z	BURST64B	1548	meander	116096	A	T	core_destroyed	186
2026-08-12T16:42:40Z	BURST64B	1549	meander	116096	B	T	core_destroyed	177
2026-08-12T16:42:42Z	BURST64B	1550	nordkap	116096	A	C	core_destroyed	346
2026-08-12T16:42:43Z	BURST64B	1551	nordkap	116096	B	T	core_destroyed	85
2026-08-12T16:42:45Z	BURST64B	1552	antler	116097	A	T	core_destroyed	223
2026-08-12T16:42:46Z	BURST64B	1553	antler	116097	B	C	core_destroyed	195
2026-08-12T16:42:48Z	BURST64B	1554	atoll	116097	A	C	core_destroyed	645
2026-08-12T16:42:50Z	BURST64B	1555	atoll	116097	B	C	core_destroyed	196
2026-08-12T16:42:51Z	BURST64B	1556	drumlin	116097	A	T	core_destroyed	116
2026-08-12T16:42:53Z	BURST64B	1557	drumlin	116097	B	C	core_destroyed	153
2026-08-12T16:42:55Z	BURST64B	1558	fjordgate	116097	A	T	core_destroyed	202
2026-08-12T16:42:56Z	BURST64B	1559	fjordgate	116097	B	C	core_destroyed	120
2026-08-12T16:42:59Z	BURST64B	1560	heart	116097	A	C	core_destroyed	253
2026-08-12T16:43:02Z	BURST64B	1561	heart	116097	B	C	core_destroyed	206
2026-08-12T16:43:04Z	BURST64B	1562	hive	116097	A	T	core_destroyed	174
2026-08-12T16:43:11Z	BURST64B	1563	hive	116097	B	T	core_destroyed	406
2026-08-12T16:43:13Z	BURST64B	1564	meander	116097	A	T	core_destroyed	309
2026-08-12T16:43:15Z	BURST64B	1565	meander	116097	B	T	core_destroyed	202
2026-08-12T16:43:17Z	BURST64B	1566	nordkap	116097	A	T	core_destroyed	190
2026-08-12T16:43:20Z	BURST64B	1567	nordkap	116097	B	T	core_destroyed	254
2026-08-12T16:43:23Z	BURST64B	1568	antler	116098	A	T	core_destroyed	389
2026-08-12T16:43:26Z	BURST64B	1569	antler	116098	B	T	core_destroyed	423
2026-08-12T16:43:28Z	BURST64B	1570	atoll	116098	A	C	core_destroyed	309
2026-08-12T16:43:29Z	BURST64B	1571	atoll	116098	B	C	core_destroyed	713
2026-08-12T16:43:31Z	BURST64B	1572	drumlin	116098	A	T	core_destroyed	154
2026-08-12T16:43:33Z	BURST64B	1573	drumlin	116098	B	C	core_destroyed	148
2026-08-12T16:43:35Z	BURST64B	1574	fjordgate	116098	A	T	core_destroyed	265
2026-08-12T16:43:36Z	BURST64B	1575	fjordgate	116098	B	C	core_destroyed	178
2026-08-12T16:43:37Z	BURST64B	1576	heart	116098	A	T	core_destroyed	139
2026-08-12T16:43:40Z	BURST64B	1577	heart	116098	B	C	core_destroyed	753
2026-08-12T16:43:41Z	BURST64B	1578	hive	116098	A	T	core_destroyed	140
2026-08-12T16:43:43Z	BURST64B	1579	hive	116098	B	C	core_destroyed	208
2026-08-12T16:43:45Z	BURST64B	1580	meander	116098	A	C	core_destroyed	153
2026-08-12T16:43:47Z	BURST64B	1581	meander	116098	B	T	core_destroyed	262
2026-08-12T16:43:48Z	BURST64B	1582	nordkap	116098	A	T	core_destroyed	110
2026-08-12T16:43:50Z	BURST64B	1583	nordkap	116098	B	T	core_destroyed	186
2026-08-12T16:43:54Z	BURST64B	1584	antler	116099	A	C	core_destroyed	986
2026-08-12T16:43:56Z	BURST64B	1585	antler	116099	B	C	core_destroyed	162
2026-08-12T16:43:57Z	BURST64B	1586	atoll	116099	A	C	core_destroyed	197
2026-08-12T16:43:59Z	BURST64B	1587	atoll	116099	B	C	core_destroyed	200
2026-08-12T16:44:01Z	BURST64B	1588	drumlin	116099	A	T	core_destroyed	144
2026-08-12T16:44:02Z	BURST64B	1589	drumlin	116099	B	C	core_destroyed	133
2026-08-12T16:44:04Z	BURST64B	1590	fjordgate	116099	A	T	core_destroyed	158
2026-08-12T16:44:05Z	BURST64B	1591	fjordgate	116099	B	C	core_destroyed	255
2026-08-12T16:44:10Z	BURST64B	1592	heart	116099	A	C	core_destroyed	500
2026-08-12T16:44:13Z	BURST64B	1593	heart	116099	B	C	core_destroyed	193
2026-08-12T16:44:15Z	BURST64B	1594	hive	116099	A	T	core_destroyed	171
2026-08-12T16:44:16Z	BURST64B	1595	hive	116099	B	C	core_destroyed	152
2026-08-12T16:44:18Z	BURST64B	1596	meander	116099	A	C	core_destroyed	513
2026-08-12T16:44:20Z	BURST64B	1597	meander	116099	B	C	core_destroyed	530
2026-08-12T16:44:21Z	BURST64B	1598	nordkap	116099	A	C	core_destroyed	189
2026-08-12T16:44:24Z	BURST64B	1599	nordkap	116099	B	C	core_destroyed	330
2026-08-12T16:44:26Z	BURST64B	1600	antler	116100	A	T	core_destroyed	246
2026-08-12T16:44:29Z	BURST64B	1601	antler	116100	B	C	tiebreak	1000
2026-08-12T16:44:31Z	BURST64B	1602	atoll	116100	A	C	core_destroyed	556
2026-08-12T16:44:33Z	BURST64B	1603	atoll	116100	B	C	core_destroyed	187
2026-08-12T16:44:39Z	BURST64B	1604	drumlin	116100	A	T	core_destroyed	615
2026-08-12T16:44:43Z	BURST64B	1605	drumlin	116100	B	T	core_destroyed	327
2026-08-12T16:44:45Z	BURST64B	1606	fjordgate	116100	A	T	core_destroyed	135
2026-08-12T16:44:46Z	BURST64B	1607	fjordgate	116100	B	T	core_destroyed	180
2026-08-12T16:44:49Z	BURST64B	1608	heart	116100	A	C	core_destroyed	259
2026-08-12T16:44:51Z	BURST64B	1609	heart	116100	B	C	core_destroyed	101
2026-08-12T16:44:56Z	BURST64B	1610	hive	116100	A	C	core_destroyed	428
2026-08-12T16:44:57Z	BURST64B	1611	hive	116100	B	T	core_destroyed	123
2026-08-12T16:44:59Z	BURST64B	1612	meander	116100	A	T	core_destroyed	204
2026-08-12T16:45:01Z	BURST64B	1613	meander	116100	B	C	core_destroyed	218
2026-08-12T16:45:02Z	BURST64B	1614	nordkap	116100	A	C	core_destroyed	138
2026-08-12T16:45:05Z	BURST64B	1615	nordkap	116100	B	T	core_destroyed	633
2026-08-12T16:45:07Z	BURST64B	1616	antler	116101	A	C	core_destroyed	241
2026-08-12T16:45:09Z	BURST64B	1617	antler	116101	B	T	core_destroyed	248
2026-08-12T16:45:10Z	BURST64B	1618	atoll	116101	A	C	core_destroyed	110
2026-08-12T16:45:11Z	BURST64B	1619	atoll	116101	B	T	core_destroyed	142
2026-08-12T16:45:13Z	BURST64B	1620	drumlin	116101	A	C	core_destroyed	102
2026-08-12T16:45:14Z	BURST64B	1621	drumlin	116101	B	C	core_destroyed	97
2026-08-12T16:45:16Z	BURST64B	1622	fjordgate	116101	A	T	core_destroyed	134
2026-08-12T16:45:17Z	BURST64B	1623	fjordgate	116101	B	C	core_destroyed	236
2026-08-12T16:45:19Z	BURST64B	1624	heart	116101	A	C	core_destroyed	168
2026-08-12T16:45:21Z	BURST64B	1625	heart	116101	B	C	core_destroyed	206
2026-08-12T16:45:22Z	BURST64B	1626	hive	116101	A	T	core_destroyed	85
2026-08-12T16:45:26Z	BURST64B	1627	hive	116101	B	C	core_destroyed	321
2026-08-12T16:45:28Z	BURST64B	1628	meander	116101	A	T	core_destroyed	204
2026-08-12T16:45:30Z	BURST64B	1629	meander	116101	B	T	core_destroyed	239
2026-08-12T16:45:31Z	BURST64B	1630	nordkap	116101	A	T	core_destroyed	205
2026-08-12T16:45:33Z	BURST64B	1631	nordkap	116101	B	C	core_destroyed	264
2026-08-12T16:45:36Z	BURST64B	1632	antler	116102	A	C	core_destroyed	247
2026-08-12T16:45:37Z	BURST64B	1633	antler	116102	B	C	core_destroyed	330
2026-08-12T16:45:39Z	BURST64B	1634	atoll	116102	A	C	core_destroyed	104
2026-08-12T16:45:40Z	BURST64B	1635	atoll	116102	B	T	core_destroyed	136
2026-08-12T16:45:42Z	BURST64B	1636	drumlin	116102	A	T	core_destroyed	286
2026-08-12T16:45:44Z	BURST64B	1637	drumlin	116102	B	T	core_destroyed	110
2026-08-12T16:45:45Z	BURST64B	1638	fjordgate	116102	A	T	core_destroyed	210
2026-08-12T16:45:46Z	BURST64B	1639	fjordgate	116102	B	T	core_destroyed	164
2026-08-12T16:45:48Z	BURST64B	1640	heart	116102	A	T	core_destroyed	171
2026-08-12T16:45:52Z	BURST64B	1641	heart	116102	B	T	core_destroyed	373
2026-08-12T16:45:55Z	BURST64B	1642	hive	116102	A	C	core_destroyed	274
2026-08-12T16:45:57Z	BURST64B	1643	hive	116102	B	T	core_destroyed	119
2026-08-12T16:45:58Z	BURST64B	1644	meander	116102	A	T	core_destroyed	162
2026-08-12T16:46:01Z	BURST64B	1645	meander	116102	B	T	core_destroyed	545
2026-08-12T16:46:03Z	BURST64B	1646	nordkap	116102	A	T	core_destroyed	269
2026-08-12T16:46:06Z	BURST64B	1647	nordkap	116102	B	C	core_destroyed	283
2026-08-12T16:46:08Z	BURST64B	1648	antler	116103	A	C	core_destroyed	185
2026-08-12T16:46:09Z	BURST64B	1649	antler	116103	B	T	core_destroyed	147
2026-08-12T16:46:11Z	BURST64B	1650	atoll	116103	A	T	core_destroyed	126
2026-08-12T16:46:12Z	BURST64B	1651	atoll	116103	B	T	core_destroyed	128
2026-08-12T16:46:16Z	BURST64B	1652	drumlin	116103	A	C	core_destroyed	280
2026-08-12T16:46:18Z	BURST64B	1653	drumlin	116103	B	C	core_destroyed	119
2026-08-12T16:46:19Z	BURST64B	1654	fjordgate	116103	A	C	core_destroyed	197
2026-08-12T16:46:22Z	BURST64B	1655	fjordgate	116103	B	C	tiebreak	1000
2026-08-12T16:46:25Z	BURST64B	1656	heart	116103	A	T	core_destroyed	215
2026-08-12T16:46:27Z	BURST64B	1657	heart	116103	B	C	core_destroyed	141
2026-08-12T16:46:32Z	BURST64B	1658	hive	116103	A	C	core_destroyed	304
2026-08-12T16:46:36Z	BURST64B	1659	hive	116103	B	C	core_destroyed	223
2026-08-12T16:46:37Z	BURST64B	1660	meander	116103	A	T	core_destroyed	143
2026-08-12T16:46:39Z	BURST64B	1661	meander	116103	B	T	core_destroyed	190
2026-08-12T16:46:40Z	BURST64B	1662	nordkap	116103	A	T	core_destroyed	114
2026-08-12T16:46:42Z	BURST64B	1663	nordkap	116103	B	C	core_destroyed	183
2026-08-12T16:46:44Z	BURST64B	1664	antler	116104	A	C	core_destroyed	175
2026-08-12T16:46:46Z	BURST64B	1665	antler	116104	B	C	core_destroyed	228
2026-08-12T16:46:48Z	BURST64B	1666	atoll	116104	A	C	core_destroyed	206
2026-08-12T16:46:51Z	BURST64B	1667	atoll	116104	B	C	core_destroyed	366
2026-08-12T16:46:55Z	BURST64B	1668	drumlin	116104	A	C	core_destroyed	338
2026-08-12T16:47:03Z	BURST64B	1669	drumlin	116104	B	T	core_destroyed	459
2026-08-12T16:47:04Z	BURST64B	1670	fjordgate	116104	A	C	core_destroyed	234
2026-08-12T16:47:06Z	BURST64B	1671	fjordgate	116104	B	C	core_destroyed	337
2026-08-12T16:47:09Z	BURST64B	1672	heart	116104	A	T	core_destroyed	737
2026-08-12T16:47:13Z	BURST64B	1673	heart	116104	B	T	core_destroyed	199
2026-08-12T16:47:14Z	BURST64B	1674	hive	116104	A	T	core_destroyed	78
2026-08-12T16:47:16Z	BURST64B	1675	hive	116104	B	T	core_destroyed	135
2026-08-12T16:47:17Z	BURST64B	1676	meander	116104	A	T	core_destroyed	93
2026-08-12T16:47:18Z	BURST64B	1677	meander	116104	B	T	core_destroyed	162
2026-08-12T16:47:19Z	BURST64B	1678	nordkap	116104	A	C	core_destroyed	158
2026-08-12T16:47:21Z	BURST64B	1679	nordkap	116104	B	T	core_destroyed	366
2026-08-12T16:47:24Z	BURST64B	1680	antler	116105	A	T	core_destroyed	270
2026-08-12T16:47:25Z	BURST64B	1681	antler	116105	B	T	core_destroyed	136
2026-08-12T16:47:26Z	BURST64B	1682	atoll	116105	A	C	core_destroyed	175
2026-08-12T16:47:28Z	BURST64B	1683	atoll	116105	B	T	core_destroyed	150
2026-08-12T16:47:30Z	BURST64B	1684	drumlin	116105	A	T	core_destroyed	188
2026-08-12T16:47:34Z	BURST64B	1685	drumlin	116105	B	C	core_destroyed	320
2026-08-12T16:47:35Z	BURST64B	1686	fjordgate	116105	A	T	core_destroyed	165
2026-08-12T16:47:37Z	BURST64B	1687	fjordgate	116105	B	T	core_destroyed	90
2026-08-12T16:47:40Z	BURST64B	1688	heart	116105	A	C	core_destroyed	283
2026-08-12T16:47:43Z	BURST64B	1689	heart	116105	B	T	core_destroyed	410
2026-08-12T16:47:45Z	BURST64B	1690	hive	116105	A	C	core_destroyed	232
2026-08-12T16:47:47Z	BURST64B	1691	hive	116105	B	T	core_destroyed	118
2026-08-12T16:47:48Z	BURST64B	1692	meander	116105	A	C	core_destroyed	163
2026-08-12T16:47:50Z	BURST64B	1693	meander	116105	B	T	core_destroyed	273
2026-08-12T16:47:52Z	BURST64B	1694	nordkap	116105	A	T	core_destroyed	158
2026-08-12T16:47:54Z	BURST64B	1695	nordkap	116105	B	C	tiebreak	1000
2026-08-12T16:47:55Z	BURST64B	1696	antler	116106	A	T	core_destroyed	152
2026-08-12T16:47:57Z	BURST64B	1697	antler	116106	B	C	core_destroyed	191
2026-08-12T16:47:58Z	BURST64B	1698	atoll	116106	A	T	core_destroyed	160
2026-08-12T16:48:01Z	BURST64B	1699	atoll	116106	B	C	core_destroyed	202
2026-08-12T16:48:03Z	BURST64B	1700	drumlin	116106	A	T	core_destroyed	162
2026-08-12T16:48:04Z	BURST64B	1701	drumlin	116106	B	C	core_destroyed	120
2026-08-12T16:48:05Z	BURST64B	1702	fjordgate	116106	A	T	core_destroyed	161
2026-08-12T16:48:07Z	BURST64B	1703	fjordgate	116106	B	C	core_destroyed	275
2026-08-12T16:48:10Z	BURST64B	1704	heart	116106	A	C	core_destroyed	187
2026-08-12T16:48:12Z	BURST64B	1705	heart	116106	B	C	core_destroyed	197
2026-08-12T16:48:13Z	BURST64B	1706	hive	116106	A	T	core_destroyed	119
2026-08-12T16:48:15Z	BURST64B	1707	hive	116106	B	T	core_destroyed	170
2026-08-12T16:48:16Z	BURST64B	1708	meander	116106	A	T	core_destroyed	189
2026-08-12T16:48:18Z	BURST64B	1709	meander	116106	B	C	core_destroyed	170
2026-08-12T16:48:19Z	BURST64B	1710	nordkap	116106	A	T	core_destroyed	102
2026-08-12T16:48:21Z	BURST64B	1711	nordkap	116106	B	T	core_destroyed	408
2026-08-12T16:48:22Z	BURST64B	1712	antler	116107	A	C	core_destroyed	138
2026-08-12T16:48:25Z	BURST64B	1713	antler	116107	B	C	core_destroyed	296
2026-08-12T16:48:26Z	BURST64B	1714	atoll	116107	A	C	core_destroyed	123
2026-08-12T16:48:28Z	BURST64B	1715	atoll	116107	B	T	core_destroyed	154
2026-08-12T16:48:31Z	BURST64B	1716	drumlin	116107	A	T	core_destroyed	347
2026-08-12T16:48:33Z	BURST64B	1717	drumlin	116107	B	C	core_destroyed	165
2026-08-12T16:48:35Z	BURST64B	1718	fjordgate	116107	A	C	core_destroyed	164
2026-08-12T16:48:36Z	BURST64B	1719	fjordgate	116107	B	C	core_destroyed	190
2026-08-12T16:48:39Z	BURST64B	1720	heart	116107	A	T	core_destroyed	157
2026-08-12T16:48:43Z	BURST64B	1721	heart	116107	B	T	core_destroyed	231
2026-08-12T16:48:53Z	BURST64B	1722	hive	116107	A	T	core_destroyed	532
2026-08-12T16:48:56Z	BURST64B	1723	hive	116107	B	T	core_destroyed	202
2026-08-12T16:48:58Z	BURST64B	1724	meander	116107	A	T	tiebreak	1000
2026-08-12T16:49:01Z	BURST64B	1725	meander	116107	B	T	core_destroyed	272
2026-08-12T16:49:02Z	BURST64B	1726	nordkap	116107	A	T	core_destroyed	270
2026-08-12T16:49:04Z	BURST64B	1727	nordkap	116107	B	C	core_destroyed	336
2026-08-12T16:49:06Z	BURST64B	1728	antler	116108	A	T	core_destroyed	117
2026-08-12T16:49:08Z	BURST64B	1729	antler	116108	B	C	core_destroyed	187
2026-08-12T16:49:09Z	BURST64B	1730	atoll	116108	A	C	core_destroyed	73
2026-08-12T16:49:10Z	BURST64B	1731	atoll	116108	B	T	core_destroyed	135
2026-08-12T16:49:12Z	BURST64B	1732	drumlin	116108	A	T	core_destroyed	188
2026-08-12T16:49:14Z	BURST64B	1733	drumlin	116108	B	C	core_destroyed	145
2026-08-12T16:49:15Z	BURST64B	1734	fjordgate	116108	A	C	core_destroyed	125
2026-08-12T16:49:17Z	BURST64B	1735	fjordgate	116108	B	C	tiebreak	1000
2026-08-12T16:49:19Z	BURST64B	1736	heart	116108	A	T	core_destroyed	167
2026-08-12T16:49:21Z	BURST64B	1737	heart	116108	B	T	core_destroyed	192
2026-08-12T16:49:26Z	BURST64B	1738	hive	116108	A	C	core_destroyed	333
2026-08-12T16:49:28Z	BURST64B	1739	hive	116108	B	C	core_destroyed	156
2026-08-12T16:49:29Z	BURST64B	1740	meander	116108	A	T	core_destroyed	116
2026-08-12T16:49:31Z	BURST64B	1741	meander	116108	B	C	core_destroyed	174
2026-08-12T16:49:36Z	BURST64B	1742	nordkap	116108	A	T	core_destroyed	409
2026-08-12T16:49:37Z	BURST64B	1743	nordkap	116108	B	C	core_destroyed	157
2026-08-12T16:49:39Z	BURST64B	1744	antler	116109	A	T	core_destroyed	204
2026-08-12T16:49:41Z	BURST64B	1745	antler	116109	B	T	core_destroyed	349
2026-08-12T16:49:44Z	BURST64B	1746	atoll	116109	A	C	tiebreak	1000
2026-08-12T16:49:46Z	BURST64B	1747	atoll	116109	B	T	tiebreak	1000
2026-08-12T16:49:48Z	BURST64B	1748	drumlin	116109	A	T	core_destroyed	172
2026-08-12T16:49:49Z	BURST64B	1749	drumlin	116109	B	C	core_destroyed	135
2026-08-12T16:49:52Z	BURST64B	1750	fjordgate	116109	A	T	core_destroyed	997
2026-08-12T16:49:54Z	BURST64B	1751	fjordgate	116109	B	C	core_destroyed	901
2026-08-12T16:49:59Z	BURST64B	1752	heart	116109	A	C	core_destroyed	289
2026-08-12T16:50:01Z	BURST64B	1753	heart	116109	B	T	core_destroyed	123
2026-08-12T16:50:03Z	BURST64B	1754	hive	116109	A	T	core_destroyed	147
2026-08-12T16:50:05Z	BURST64B	1755	hive	116109	B	C	core_destroyed	189
2026-08-12T16:50:08Z	BURST64B	1756	meander	116109	A	T	tiebreak	1000
2026-08-12T16:50:10Z	BURST64B	1757	meander	116109	B	C	core_destroyed	129
2026-08-12T16:50:12Z	BURST64B	1758	nordkap	116109	A	T	core_destroyed	163
2026-08-12T16:50:13Z	BURST64B	1759	nordkap	116109	B	C	core_destroyed	196
2026-08-12T16:50:15Z	BURST64B	1760	antler	116110	A	C	core_destroyed	152
2026-08-12T16:50:18Z	BURST64B	1761	antler	116110	B	C	core_destroyed	377
2026-08-12T16:50:19Z	BURST64B	1762	atoll	116110	A	T	core_destroyed	424
2026-08-12T16:50:21Z	BURST64B	1763	atoll	116110	B	C	core_destroyed	322
2026-08-12T16:50:23Z	BURST64B	1764	drumlin	116110	A	T	core_destroyed	159
2026-08-12T16:50:28Z	BURST64B	1765	drumlin	116110	B	C	core_destroyed	489
2026-08-12T16:50:29Z	BURST64B	1766	fjordgate	116110	A	T	core_destroyed	279
2026-08-12T16:50:31Z	BURST64B	1767	fjordgate	116110	B	C	tiebreak	1000
2026-08-12T16:50:34Z	BURST64B	1768	heart	116110	A	C	core_destroyed	208
2026-08-12T16:50:39Z	BURST64B	1769	heart	116110	B	T	tiebreak	1000
2026-08-12T16:50:40Z	BURST64B	1770	hive	116110	A	T	core_destroyed	260
2026-08-12T16:50:43Z	BURST64B	1771	hive	116110	B	C	core_destroyed	144
2026-08-12T16:50:45Z	BURST64B	1772	meander	116110	A	C	core_destroyed	365
2026-08-12T16:50:47Z	BURST64B	1773	meander	116110	B	C	core_destroyed	251
2026-08-12T16:50:48Z	BURST64B	1774	nordkap	116110	A	T	core_destroyed	157
2026-08-12T16:50:50Z	BURST64B	1775	nordkap	116110	B	T	core_destroyed	354
2026-08-12T16:50:53Z	BURST64B	1776	antler	116111	A	C	tiebreak	1000
2026-08-12T16:50:54Z	BURST64B	1777	antler	116111	B	C	core_destroyed	207
2026-08-12T16:50:56Z	BURST64B	1778	atoll	116111	A	T	core_destroyed	468
2026-08-12T16:50:58Z	BURST64B	1779	atoll	116111	B	T	core_destroyed	106
2026-08-12T16:51:00Z	BURST64B	1780	drumlin	116111	A	C	core_destroyed	186
2026-08-12T16:51:01Z	BURST64B	1781	drumlin	116111	B	C	core_destroyed	97
2026-08-12T16:51:02Z	BURST64B	1782	fjordgate	116111	A	T	core_destroyed	105
2026-08-12T16:51:04Z	BURST64B	1783	fjordgate	116111	B	T	core_destroyed	279
2026-08-12T16:51:05Z	BURST64B	1784	heart	116111	A	C	core_destroyed	165
2026-08-12T16:51:11Z	BURST64B	1785	heart	116111	B	C	core_destroyed	893
2026-08-12T16:51:12Z	BURST64B	1786	hive	116111	A	C	core_destroyed	106
2026-08-12T16:51:18Z	BURST64B	1787	hive	116111	B	T	core_destroyed	345
2026-08-12T16:51:20Z	BURST64B	1788	meander	116111	A	C	core_destroyed	187
2026-08-12T16:51:21Z	BURST64B	1789	meander	116111	B	C	core_destroyed	172
2026-08-12T16:51:22Z	BURST64B	1790	nordkap	116111	A	C	core_destroyed	168
2026-08-12T16:51:26Z	BURST64B	1791	nordkap	116111	B	T	core_destroyed	424
2026-08-12T16:51:27Z	BURST64B	1792	antler	116112	A	T	core_destroyed	123
2026-08-12T16:51:30Z	BURST64B	1793	antler	116112	B	T	core_destroyed	496
2026-08-12T16:51:31Z	BURST64B	1794	atoll	116112	A	C	core_destroyed	163
2026-08-12T16:51:34Z	BURST64B	1795	atoll	116112	B	C	core_destroyed	250
2026-08-12T16:51:37Z	BURST64B	1796	drumlin	116112	A	C	core_destroyed	305
2026-08-12T16:51:39Z	BURST64B	1797	drumlin	116112	B	C	core_destroyed	135
2026-08-12T16:51:40Z	BURST64B	1798	fjordgate	116112	A	T	core_destroyed	446
2026-08-12T16:51:42Z	BURST64B	1799	fjordgate	116112	B	C	core_destroyed	293
2026-08-12T16:51:44Z	BURST64B	1800	heart	116112	A	T	core_destroyed	186
2026-08-12T16:51:46Z	BURST64B	1801	heart	116112	B	C	core_destroyed	145
2026-08-12T16:51:50Z	BURST64B	1802	hive	116112	A	C	core_destroyed	261
2026-08-12T16:51:52Z	BURST64B	1803	hive	116112	B	C	core_destroyed	175
2026-08-12T16:51:53Z	BURST64B	1804	meander	116112	A	C	core_destroyed	142
2026-08-12T16:51:55Z	BURST64B	1805	meander	116112	B	C	core_destroyed	173
2026-08-12T16:51:57Z	BURST64B	1806	nordkap	116112	A	T	core_destroyed	256
2026-08-12T16:51:59Z	BURST64B	1807	nordkap	116112	B	C	tiebreak	1000
2026-08-12T16:52:00Z	BURST64B	1808	antler	116113	A	C	core_destroyed	144
2026-08-12T16:52:03Z	BURST64B	1809	antler	116113	B	T	tiebreak	1000
2026-08-12T16:52:04Z	BURST64B	1810	atoll	116113	A	C	core_destroyed	102
2026-08-12T16:52:06Z	BURST64B	1811	atoll	116113	B	T	core_destroyed	351
2026-08-12T16:52:08Z	BURST64B	1812	drumlin	116113	A	T	core_destroyed	178
2026-08-12T16:52:10Z	BURST64B	1813	drumlin	116113	B	T	core_destroyed	236
2026-08-12T16:52:13Z	BURST64B	1814	fjordgate	116113	A	C	core_destroyed	387
2026-08-12T16:52:14Z	BURST64B	1815	fjordgate	116113	B	C	core_destroyed	202
2026-08-12T16:52:16Z	BURST64B	1816	heart	116113	A	T	core_destroyed	192
2026-08-12T16:52:20Z	BURST64B	1817	heart	116113	B	C	core_destroyed	360
2026-08-12T16:52:23Z	BURST64B	1818	hive	116113	A	T	core_destroyed	221
2026-08-12T16:52:27Z	BURST64B	1819	hive	116113	B	C	core_destroyed	294
2026-08-12T16:52:28Z	BURST64B	1820	meander	116113	A	T	core_destroyed	220
2026-08-12T16:52:30Z	BURST64B	1821	meander	116113	B	C	core_destroyed	164
2026-08-12T16:52:31Z	BURST64B	1822	nordkap	116113	A	C	core_destroyed	155
2026-08-12T16:52:34Z	BURST64B	1823	nordkap	116113	B	C	core_destroyed	354
2026-08-12T16:52:36Z	BURST64B	1824	antler	116114	A	C	core_destroyed	166
2026-08-12T16:52:37Z	BURST64B	1825	antler	116114	B	T	core_destroyed	146
2026-08-12T16:52:41Z	BURST64B	1826	atoll	116114	A	C	core_destroyed	396
2026-08-12T16:52:45Z	BURST64B	1827	atoll	116114	B	T	core_destroyed	661
2026-08-12T16:52:50Z	BURST64B	1828	drumlin	116114	A	T	core_destroyed	569
2026-08-12T16:52:51Z	BURST64B	1829	drumlin	116114	B	T	core_destroyed	95
2026-08-12T16:52:53Z	BURST64B	1830	fjordgate	116114	A	C	core_destroyed	183
2026-08-12T16:52:54Z	BURST64B	1831	fjordgate	116114	B	T	core_destroyed	453
2026-08-12T16:52:57Z	BURST64B	1832	heart	116114	A	T	tiebreak	1000
2026-08-12T16:52:59Z	BURST64B	1833	heart	116114	B	C	core_destroyed	238
2026-08-12T16:53:01Z	BURST64B	1834	hive	116114	A	T	core_destroyed	151
2026-08-12T16:53:04Z	BURST64B	1835	hive	116114	B	T	core_destroyed	483
2026-08-12T16:53:05Z	BURST64B	1836	meander	116114	A	C	core_destroyed	171
2026-08-12T16:53:08Z	BURST64B	1837	meander	116114	B	C	core_destroyed	206
2026-08-12T16:53:09Z	BURST64B	1838	nordkap	116114	A	T	core_destroyed	173
2026-08-12T16:53:11Z	BURST64B	1839	nordkap	116114	B	T	core_destroyed	324
2026-08-12T16:53:12Z	BURST64B	1840	antler	116115	A	T	core_destroyed	162
2026-08-12T16:53:13Z	BURST64B	1841	antler	116115	B	T	core_destroyed	118
2026-08-12T16:53:19Z	BURST64B	1842	atoll	116115	A	T	core_destroyed	564
2026-08-12T16:53:23Z	BURST64B	1843	atoll	116115	B	T	core_destroyed	673
2026-08-12T16:53:26Z	BURST64B	1844	drumlin	116115	A	T	core_destroyed	181
2026-08-12T16:53:27Z	BURST64B	1845	drumlin	116115	B	T	core_destroyed	166
2026-08-12T16:53:28Z	BURST64B	1846	fjordgate	116115	A	T	core_destroyed	110
2026-08-12T16:53:29Z	BURST64B	1847	fjordgate	116115	B	C	core_destroyed	160
2026-08-12T16:53:32Z	BURST64B	1848	heart	116115	A	C	core_destroyed	338
2026-08-12T16:53:34Z	BURST64B	1849	heart	116115	B	T	core_destroyed	182
2026-08-12T16:53:36Z	BURST64B	1850	hive	116115	A	C	core_destroyed	181
2026-08-12T16:53:39Z	BURST64B	1851	hive	116115	B	C	core_destroyed	253
2026-08-12T16:53:41Z	BURST64B	1852	meander	116115	A	T	core_destroyed	267
2026-08-12T16:53:42Z	BURST64B	1853	meander	116115	B	T	core_destroyed	109
2026-08-12T16:53:44Z	BURST64B	1854	nordkap	116115	A	T	core_destroyed	237
2026-08-12T16:53:45Z	BURST64B	1855	nordkap	116115	B	C	core_destroyed	179
2026-08-12T16:53:47Z	BURST64B	1856	antler	116116	A	T	core_destroyed	190
2026-08-12T16:53:49Z	BURST64B	1857	antler	116116	B	T	core_destroyed	149
2026-08-12T16:53:50Z	BURST64B	1858	atoll	116116	A	C	core_destroyed	218
2026-08-12T16:53:52Z	BURST64B	1859	atoll	116116	B	T	core_destroyed	156
2026-08-12T16:53:56Z	BURST64B	1860	drumlin	116116	A	C	core_destroyed	445
2026-08-12T16:53:58Z	BURST64B	1861	drumlin	116116	B	C	core_destroyed	143
2026-08-12T16:53:59Z	BURST64B	1862	fjordgate	116116	A	T	core_destroyed	138
2026-08-12T16:54:01Z	BURST64B	1863	fjordgate	116116	B	C	core_destroyed	236
2026-08-12T16:54:03Z	BURST64B	1864	heart	116116	A	T	core_destroyed	118
2026-08-12T16:54:08Z	BURST64B	1865	heart	116116	B	T	core_destroyed	289
2026-08-12T16:54:33Z	BURST64B	1866	hive	116116	A	C	tiebreak	1000
2026-08-12T16:54:35Z	BURST64B	1867	hive	116116	B	T	core_destroyed	149
2026-08-12T16:54:36Z	BURST64B	1868	meander	116116	A	T	core_destroyed	214
2026-08-12T16:54:37Z	BURST64B	1869	meander	116116	B	C	core_destroyed	160
2026-08-12T16:54:39Z	BURST64B	1870	nordkap	116116	A	C	core_destroyed	256
2026-08-12T16:54:40Z	BURST64B	1871	nordkap	116116	B	C	core_destroyed	92
2026-08-12T16:54:42Z	BURST64B	1872	antler	116117	A	C	core_destroyed	175
2026-08-12T16:54:43Z	BURST64B	1873	antler	116117	B	C	core_destroyed	257
2026-08-12T16:54:44Z	BURST64B	1874	atoll	116117	A	C	core_destroyed	96
2026-08-12T16:54:46Z	BURST64B	1875	atoll	116117	B	T	core_destroyed	129
2026-08-12T16:54:47Z	BURST64B	1876	drumlin	116117	A	C	core_destroyed	204
2026-08-12T16:54:48Z	BURST64B	1877	drumlin	116117	B	C	core_destroyed	113
2026-08-12T16:54:50Z	BURST64B	1878	fjordgate	116117	A	T	core_destroyed	238
2026-08-12T16:54:52Z	BURST64B	1879	fjordgate	116117	B	C	core_destroyed	193
2026-08-12T16:54:54Z	BURST64B	1880	heart	116117	A	T	core_destroyed	318
2026-08-12T16:55:00Z	BURST64B	1881	heart	116117	B	C	tiebreak	1000
2026-08-12T16:55:05Z	BURST64B	1882	hive	116117	A	T	core_destroyed	389
2026-08-12T16:55:09Z	BURST64B	1883	hive	116117	B	C	core_destroyed	438
2026-08-12T16:55:11Z	BURST64B	1884	meander	116117	A	C	core_destroyed	174
2026-08-12T16:55:12Z	BURST64B	1885	meander	116117	B	C	core_destroyed	260
2026-08-12T16:55:14Z	BURST64B	1886	nordkap	116117	A	C	core_destroyed	423
2026-08-12T16:55:17Z	BURST64B	1887	nordkap	116117	B	T	core_destroyed	463
2026-08-12T16:55:19Z	BURST64B	1888	antler	116118	A	C	core_destroyed	213
2026-08-12T16:55:20Z	BURST64B	1889	antler	116118	B	T	core_destroyed	178
2026-08-12T16:55:22Z	BURST64B	1890	atoll	116118	A	C	core_destroyed	177
2026-08-12T16:55:23Z	BURST64B	1891	atoll	116118	B	T	core_destroyed	140
2026-08-12T16:55:25Z	BURST64B	1892	drumlin	116118	A	T	tiebreak	179
2026-08-12T16:55:29Z	BURST64B	1893	drumlin	116118	B	T	core_destroyed	345
2026-08-12T16:55:30Z	BURST64B	1894	fjordgate	116118	A	T	core_destroyed	217
2026-08-12T16:55:31Z	BURST64B	1895	fjordgate	116118	B	C	core_destroyed	202
2026-08-12T16:55:48Z	BURST64B	1896	heart	116118	A	T	tiebreak	1000
2026-08-12T16:55:49Z	BURST64B	1897	heart	116118	B	C	core_destroyed	164
2026-08-12T16:55:51Z	BURST64B	1898	hive	116118	A	C	core_destroyed	126
2026-08-12T16:55:53Z	BURST64B	1899	hive	116118	B	T	core_destroyed	232
2026-08-12T16:55:55Z	BURST64B	1900	meander	116118	A	T	tiebreak	1000
2026-08-12T16:55:57Z	BURST64B	1901	meander	116118	B	T	core_destroyed	177
2026-08-12T16:55:58Z	BURST64B	1902	nordkap	116118	A	T	core_destroyed	170
2026-08-12T16:56:00Z	BURST64B	1903	nordkap	116118	B	C	core_destroyed	177
2026-08-12T16:56:02Z	BURST64B	1904	antler	116119	A	T	core_destroyed	251
2026-08-12T16:56:04Z	BURST64B	1905	antler	116119	B	T	core_destroyed	184
2026-08-12T16:56:07Z	BURST64B	1906	atoll	116119	A	C	tiebreak	1000
2026-08-12T16:56:08Z	BURST64B	1907	atoll	116119	B	T	core_destroyed	118
2026-08-12T16:56:12Z	BURST64B	1908	drumlin	116119	A	C	core_destroyed	262
2026-08-12T16:56:13Z	BURST64B	1909	drumlin	116119	B	C	core_destroyed	92
2026-08-12T16:56:15Z	BURST64B	1910	fjordgate	116119	A	C	core_destroyed	211
2026-08-12T16:56:16Z	BURST64B	1911	fjordgate	116119	B	C	core_destroyed	235
2026-08-12T16:56:18Z	BURST64B	1912	heart	116119	A	T	core_destroyed	759
2026-08-12T16:56:22Z	BURST64B	1913	heart	116119	B	C	core_destroyed	296
2026-08-12T16:56:25Z	BURST64B	1914	hive	116119	A	C	core_destroyed	207
2026-08-12T16:56:27Z	BURST64B	1915	hive	116119	B	C	core_destroyed	114
2026-08-12T16:56:28Z	BURST64B	1916	meander	116119	A	T	core_destroyed	179
2026-08-12T16:56:29Z	BURST64B	1917	meander	116119	B	T	core_destroyed	138
2026-08-12T16:56:32Z	BURST64B	1918	nordkap	116119	A	T	tiebreak	1000
2026-08-12T16:56:33Z	BURST64B	1919	nordkap	116119	B	T	core_destroyed	78
2026-08-12T16:56:35Z	BURST64B	1920	antler	116120	A	T	core_destroyed	240
2026-08-12T16:56:37Z	BURST64B	1921	antler	116120	B	T	core_destroyed	265
2026-08-12T16:56:39Z	BURST64B	1922	atoll	116120	A	C	core_destroyed	534
2026-08-12T16:56:40Z	BURST64B	1923	atoll	116120	B	T	core_destroyed	156
2026-08-12T16:56:42Z	BURST64B	1924	drumlin	116120	A	C	core_destroyed	106
2026-08-12T16:56:46Z	BURST64B	1925	drumlin	116120	B	C	core_destroyed	421
2026-08-12T16:56:47Z	BURST64B	1926	fjordgate	116120	A	T	core_destroyed	165
2026-08-12T16:56:48Z	BURST64B	1927	fjordgate	116120	B	C	core_destroyed	106
2026-08-12T16:56:51Z	BURST64B	1928	heart	116120	A	T	core_destroyed	177
2026-08-12T16:56:52Z	BURST64B	1929	heart	116120	B	T	core_destroyed	183
2026-08-12T16:56:56Z	BURST64B	1930	hive	116120	A	C	core_destroyed	259
2026-08-12T16:57:00Z	BURST64B	1931	hive	116120	B	C	core_destroyed	244
2026-08-12T16:57:02Z	BURST64B	1932	meander	116120	A	C	core_destroyed	149
2026-08-12T16:57:03Z	BURST64B	1933	meander	116120	B	C	core_destroyed	174
2026-08-12T16:57:05Z	BURST64B	1934	nordkap	116120	A	C	core_destroyed	213
2026-08-12T16:57:06Z	BURST64B	1935	nordkap	116120	B	C	core_destroyed	186
2026-08-12T16:57:08Z	BURST64B	1936	antler	116121	A	T	core_destroyed	202
2026-08-12T16:57:09Z	BURST64B	1937	antler	116121	B	T	core_destroyed	199
2026-08-12T16:57:11Z	BURST64B	1938	atoll	116121	A	T	core_destroyed	422
2026-08-12T16:57:12Z	BURST64B	1939	atoll	116121	B	C	core_destroyed	133
2026-08-12T16:57:14Z	BURST64B	1940	drumlin	116121	A	T	core_destroyed	162
2026-08-12T16:57:17Z	BURST64B	1941	drumlin	116121	B	T	core_destroyed	338
2026-08-12T16:57:20Z	BURST64B	1942	fjordgate	116121	A	C	core_destroyed	760
2026-08-12T16:57:21Z	BURST64B	1943	fjordgate	116121	B	C	core_destroyed	163
2026-08-12T16:57:25Z	BURST64B	1944	heart	116121	A	T	core_destroyed	318
2026-08-12T16:57:27Z	BURST64B	1945	heart	116121	B	T	core_destroyed	254
2026-08-12T16:57:28Z	BURST64B	1946	hive	116121	A	C	core_destroyed	81
2026-08-12T16:57:29Z	BURST64B	1947	hive	116121	B	T	core_destroyed	109
2026-08-12T16:57:33Z	BURST64B	1948	meander	116121	A	T	core_destroyed	656
2026-08-12T16:57:35Z	BURST64B	1949	meander	116121	B	T	core_destroyed	129
2026-08-12T16:57:36Z	BURST64B	1950	nordkap	116121	A	T	core_destroyed	152
2026-08-12T16:57:37Z	BURST64B	1951	nordkap	116121	B	C	core_destroyed	217
2026-08-12T16:57:39Z	BURST64B	1952	antler	116122	A	C	core_destroyed	152
2026-08-12T16:57:40Z	BURST64B	1953	antler	116122	B	C	core_destroyed	155
2026-08-12T16:57:42Z	BURST64B	1954	atoll	116122	A	C	core_destroyed	894
2026-08-12T16:57:45Z	BURST64B	1955	atoll	116122	B	T	core_destroyed	229
2026-08-12T16:57:46Z	BURST64B	1956	drumlin	116122	A	T	core_destroyed	132
2026-08-12T16:57:48Z	BURST64B	1957	drumlin	116122	B	C	core_destroyed	103
2026-08-12T16:57:49Z	BURST64B	1958	fjordgate	116122	A	T	core_destroyed	243
2026-08-12T16:57:51Z	BURST64B	1959	fjordgate	116122	B	C	core_destroyed	314
2026-08-12T16:57:52Z	BURST64B	1960	heart	116122	A	C	core_destroyed	165
2026-08-12T16:58:00Z	BURST64B	1961	heart	116122	B	T	core_destroyed	400
2026-08-12T16:58:01Z	BURST64B	1962	hive	116122	A	C	core_destroyed	153
2026-08-12T16:58:03Z	BURST64B	1963	hive	116122	B	C	core_destroyed	97
2026-08-12T16:58:04Z	BURST64B	1964	meander	116122	A	T	core_destroyed	197
2026-08-12T16:58:06Z	BURST64B	1965	meander	116122	B	T	core_destroyed	171
2026-08-12T16:58:08Z	BURST64B	1966	nordkap	116122	A	T	core_destroyed	355
2026-08-12T16:58:10Z	BURST64B	1967	nordkap	116122	B	T	core_destroyed	136
2026-08-12T16:58:11Z	BURST64B	1968	antler	116123	A	T	core_destroyed	133
2026-08-12T16:58:13Z	BURST64B	1969	antler	116123	B	T	core_destroyed	303
2026-08-12T16:58:14Z	BURST64B	1970	atoll	116123	A	T	core_destroyed	133
2026-08-12T16:58:15Z	BURST64B	1971	atoll	116123	B	T	core_destroyed	90
2026-08-12T16:58:17Z	BURST64B	1972	drumlin	116123	A	T	core_destroyed	210
2026-08-12T16:58:19Z	BURST64B	1973	drumlin	116123	B	T	core_destroyed	202
2026-08-12T16:58:20Z	BURST64B	1974	fjordgate	116123	A	T	core_destroyed	121
2026-08-12T16:58:21Z	BURST64B	1975	fjordgate	116123	B	T	core_destroyed	132
2026-08-12T16:58:25Z	BURST64B	1976	heart	116123	A	C	core_destroyed	276
2026-08-12T16:58:27Z	BURST64B	1977	heart	116123	B	C	core_destroyed	218
2026-08-12T16:58:31Z	BURST64B	1978	hive	116123	A	T	core_destroyed	324
2026-08-12T16:58:33Z	BURST64B	1979	hive	116123	B	T	core_destroyed	158
2026-08-12T16:58:35Z	BURST64B	1980	meander	116123	A	T	core_destroyed	241
2026-08-12T16:58:37Z	BURST64B	1981	meander	116123	B	T	core_destroyed	223
2026-08-12T16:58:38Z	BURST64B	1982	nordkap	116123	A	C	core_destroyed	196
2026-08-12T16:58:40Z	BURST64B	1983	nordkap	116123	B	C	core_destroyed	247
2026-08-12T16:58:42Z	BURST64B	1984	antler	116124	A	T	core_destroyed	171
2026-08-12T16:58:43Z	BURST64B	1985	antler	116124	B	C	core_destroyed	168
2026-08-12T16:58:45Z	BURST64B	1986	atoll	116124	A	C	core_destroyed	218
2026-08-12T16:58:47Z	BURST64B	1987	atoll	116124	B	C	core_destroyed	169
2026-08-12T16:58:51Z	BURST64B	1988	drumlin	116124	A	T	core_destroyed	442
2026-08-12T16:58:52Z	BURST64B	1989	drumlin	116124	B	C	core_destroyed	144
2026-08-12T16:58:53Z	BURST64B	1990	fjordgate	116124	A	T	core_destroyed	160
2026-08-12T16:58:54Z	BURST64B	1991	fjordgate	116124	B	T	core_destroyed	164
2026-08-12T16:58:59Z	BURST64B	1992	heart	116124	A	T	core_destroyed	523
2026-08-12T16:59:01Z	BURST64B	1993	heart	116124	B	C	core_destroyed	318
2026-08-12T16:59:04Z	BURST64B	1994	hive	116124	A	C	core_destroyed	249
2026-08-12T16:59:06Z	BURST64B	1995	hive	116124	B	T	core_destroyed	140
2026-08-12T16:59:07Z	BURST64B	1996	meander	116124	A	C	core_destroyed	128
2026-08-12T16:59:09Z	BURST64B	1997	meander	116124	B	T	core_destroyed	97
2026-08-12T16:59:10Z	BURST64B	1998	nordkap	116124	A	T	core_destroyed	179
2026-08-12T16:59:12Z	BURST64B	1999	nordkap	116124	B	T	core_destroyed	216
2026-08-12T16:59:13Z	BURST64B	2000	antler	116125	A	C	core_destroyed	170
2026-08-12T16:59:16Z	BURST64B	2001	antler	116125	B	C	tiebreak	1000
2026-08-12T16:59:19Z	BURST64B	2002	atoll	116125	A	T	tiebreak	1000
2026-08-12T16:59:21Z	BURST64B	2003	atoll	116125	B	C	core_destroyed	459
2026-08-12T16:59:22Z	BURST64B	2004	drumlin	116125	A	T	core_destroyed	96
2026-08-12T16:59:29Z	BURST64B	2005	drumlin	116125	B	T	core_destroyed	514
2026-08-12T16:59:30Z	BURST64B	2006	fjordgate	116125	A	C	core_destroyed	153
2026-08-12T16:59:32Z	BURST64B	2007	fjordgate	116125	B	C	core_destroyed	132
2026-08-12T16:59:35Z	BURST64B	2008	heart	116125	A	C	core_destroyed	254
2026-08-12T16:59:37Z	BURST64B	2009	heart	116125	B	C	core_destroyed	262
2026-08-12T16:59:39Z	BURST64B	2010	hive	116125	A	C	core_destroyed	208
2026-08-12T16:59:45Z	BURST64B	2011	hive	116125	B	C	core_destroyed	353
2026-08-12T16:59:47Z	BURST64B	2012	meander	116125	A	T	tiebreak	1000
2026-08-12T16:59:49Z	BURST64B	2013	meander	116125	B	C	core_destroyed	237
2026-08-12T16:59:52Z	BURST64B	2014	nordkap	116125	A	T	tiebreak	1000
2026-08-12T16:59:53Z	BURST64B	2015	nordkap	116125	B	C	core_destroyed	108
2026-08-12T16:59:55Z	BURST64B	2016	antler	116126	A	C	core_destroyed	135
2026-08-12T16:59:58Z	BURST64B	2017	antler	116126	B	T	core_destroyed	496
2026-08-12T17:00:01Z	BURST64B	2018	atoll	116126	A	C	core_destroyed	540
2026-08-12T17:00:02Z	BURST64B	2019	atoll	116126	B	T	core_destroyed	118
2026-08-12T17:00:04Z	BURST64B	2020	drumlin	116126	A	T	core_destroyed	97
2026-08-12T17:00:05Z	BURST64B	2021	drumlin	116126	B	C	core_destroyed	120
2026-08-12T17:00:06Z	BURST64B	2022	fjordgate	116126	A	T	core_destroyed	184
2026-08-12T17:00:08Z	BURST64B	2023	fjordgate	116126	B	C	core_destroyed	183
2026-08-12T17:00:10Z	BURST64B	2024	heart	116126	A	T	core_destroyed	273
2026-08-12T17:00:14Z	BURST64B	2025	heart	116126	B	T	tiebreak	1000
2026-08-12T17:00:15Z	BURST64B	2026	hive	116126	A	C	core_destroyed	109
2026-08-12T17:00:20Z	BURST64B	2027	hive	116126	B	C	core_destroyed	284
2026-08-12T17:00:21Z	BURST64B	2028	meander	116126	A	C	core_destroyed	138
2026-08-12T17:00:22Z	BURST64B	2029	meander	116126	B	T	core_destroyed	110
2026-08-12T17:00:24Z	BURST64B	2030	nordkap	116126	A	C	core_destroyed	763
2026-08-12T17:00:25Z	BURST64B	2031	nordkap	116126	B	T	core_destroyed	150
2026-08-12T17:00:28Z	BURST64B	2032	antler	116127	A	T	core_destroyed	251
2026-08-12T17:00:30Z	BURST64B	2033	antler	116127	B	C	core_destroyed	251
2026-08-12T17:00:32Z	BURST64B	2034	atoll	116127	A	C	core_destroyed	167
2026-08-12T17:00:33Z	BURST64B	2035	atoll	116127	B	C	core_destroyed	177
2026-08-12T17:00:35Z	BURST64B	2036	drumlin	116127	A	C	core_destroyed	158
2026-08-12T17:00:36Z	BURST64B	2037	drumlin	116127	B	T	core_destroyed	104
2026-08-12T17:00:38Z	BURST64B	2038	fjordgate	116127	A	T	core_destroyed	514
2026-08-12T17:00:39Z	BURST64B	2039	fjordgate	116127	B	T	core_destroyed	199
2026-08-12T17:00:46Z	BURST64B	2040	heart	116127	A	T	core_destroyed	383
2026-08-12T17:00:50Z	BURST64B	2041	heart	116127	B	C	core_destroyed	461
2026-08-12T17:00:52Z	BURST64B	2042	hive	116127	A	T	core_destroyed	122
2026-08-12T17:00:55Z	BURST64B	2043	hive	116127	B	T	core_destroyed	186
2026-08-12T17:00:56Z	BURST64B	2044	meander	116127	A	T	core_destroyed	203
2026-08-12T17:00:58Z	BURST64B	2045	meander	116127	B	T	core_destroyed	181
2026-08-12T17:00:59Z	BURST64B	2046	nordkap	116127	A	T	core_destroyed	134
2026-08-12T17:01:01Z	BURST64B	2047	nordkap	116127	B	T	core_destroyed	208
2026-08-12T17:01:03Z	BURST64B	2048	antler	116128	A	C	core_destroyed	358
2026-08-12T17:01:04Z	BURST64B	2049	antler	116128	B	T	core_destroyed	212
2026-08-12T17:01:05Z	BURST64B	2050	atoll	116128	A	C	core_destroyed	104
2026-08-12T17:01:07Z	BURST64B	2051	atoll	116128	B	T	core_destroyed	162
2026-08-12T17:01:08Z	BURST64B	2052	drumlin	116128	A	T	core_destroyed	122
2026-08-12T17:01:10Z	BURST64B	2053	drumlin	116128	B	T	core_destroyed	149
2026-08-12T17:01:11Z	BURST64B	2054	fjordgate	116128	A	T	core_destroyed	226
2026-08-12T17:01:14Z	BURST64B	2055	fjordgate	116128	B	C	tiebreak	1000
2026-08-12T17:01:18Z	BURST64B	2056	heart	116128	A	T	tiebreak	1000
2026-08-12T17:01:21Z	BURST64B	2057	heart	116128	B	T	core_destroyed	310
2026-08-12T17:01:23Z	BURST64B	2058	hive	116128	A	C	core_destroyed	127
2026-08-12T17:01:24Z	BURST64B	2059	hive	116128	B	T	core_destroyed	160
2026-08-12T17:01:25Z	BURST64B	2060	meander	116128	A	T	core_destroyed	118
2026-08-12T17:01:27Z	BURST64B	2061	meander	116128	B	T	core_destroyed	184
2026-08-12T17:01:28Z	BURST64B	2062	nordkap	116128	A	T	core_destroyed	201
2026-08-12T17:01:30Z	BURST64B	2063	nordkap	116128	B	C	core_destroyed	185
2026-08-12T17:01:31Z	BURST64B	2064	antler	116129	A	T	core_destroyed	117
2026-08-12T17:01:34Z	BURST64B	2065	antler	116129	B	T	core_destroyed	341
2026-08-12T17:01:35Z	BURST64B	2066	atoll	116129	A	C	core_destroyed	124
2026-08-12T17:01:39Z	BURST64B	2067	atoll	116129	B	T	core_destroyed	457
2026-08-12T17:01:41Z	BURST64B	2068	drumlin	116129	A	T	core_destroyed	153
2026-08-12T17:01:42Z	BURST64B	2069	drumlin	116129	B	C	core_destroyed	76
2026-08-12T17:01:43Z	BURST64B	2070	fjordgate	116129	A	C	core_destroyed	188
2026-08-12T17:01:45Z	BURST64B	2071	fjordgate	116129	B	T	core_destroyed	953
2026-08-12T17:01:46Z	BURST64B	2072	heart	116129	A	C	core_destroyed	181
2026-08-12T17:01:48Z	BURST64B	2073	heart	116129	B	C	core_destroyed	161
2026-08-12T17:01:54Z	BURST64B	2074	hive	116129	A	T	core_destroyed	395
2026-08-12T17:02:03Z	BURST64B	2075	hive	116129	B	T	core_destroyed	635
2026-08-12T17:02:05Z	BURST64B	2076	meander	116129	A	C	core_destroyed	184
2026-08-12T17:02:07Z	BURST64B	2077	meander	116129	B	C	core_destroyed	277
2026-08-12T17:02:08Z	BURST64B	2078	nordkap	116129	A	T	core_destroyed	441
2026-08-12T17:02:12Z	BURST64B	2079	nordkap	116129	B	T	core_destroyed	241
2026-08-12T17:02:13Z	BURST64B	2080	antler	116130	A	C	core_destroyed	171
2026-08-12T17:02:16Z	BURST64B	2081	antler	116130	B	C	core_destroyed	317
2026-08-12T17:02:20Z	BURST64B	2082	atoll	116130	A	C	core_destroyed	365
2026-08-12T17:02:21Z	BURST64B	2083	atoll	116130	B	T	core_destroyed	402
2026-08-12T17:02:22Z	BURST64B	2084	drumlin	116130	A	T	core_destroyed	106
2026-08-12T17:02:29Z	BURST64B	2085	drumlin	116130	B	T	core_destroyed	486
2026-08-12T17:02:30Z	BURST64B	2086	fjordgate	116130	A	T	core_destroyed	143
2026-08-12T17:02:31Z	BURST64B	2087	fjordgate	116130	B	C	core_destroyed	114
2026-08-12T17:02:34Z	BURST64B	2088	heart	116130	A	C	core_destroyed	260
2026-08-12T17:02:38Z	BURST64B	2089	heart	116130	B	C	core_destroyed	446
2026-08-12T17:02:44Z	BURST64B	2090	hive	116130	A	T	core_destroyed	351
2026-08-12T17:02:45Z	BURST64B	2091	hive	116130	B	T	core_destroyed	100
2026-08-12T17:02:47Z	BURST64B	2092	meander	116130	A	C	core_destroyed	535
2026-08-12T17:02:50Z	BURST64B	2093	meander	116130	B	T	tiebreak	1000
2026-08-12T17:02:52Z	BURST64B	2094	nordkap	116130	A	T	tiebreak	1000
2026-08-12T17:02:55Z	BURST64B	2095	nordkap	116130	B	C	core_destroyed	274
2026-08-12T17:02:57Z	BURST64B	2096	antler	116131	A	C	core_destroyed	419
2026-08-12T17:02:58Z	BURST64B	2097	antler	116131	B	T	core_destroyed	125
2026-08-12T17:03:00Z	BURST64B	2098	atoll	116131	A	T	core_destroyed	329
2026-08-12T17:03:03Z	BURST64B	2099	atoll	116131	B	C	core_destroyed	510
2026-08-12T17:03:04Z	BURST64B	2100	drumlin	116131	A	C	core_destroyed	150
2026-08-12T17:03:06Z	BURST64B	2101	drumlin	116131	B	T	core_destroyed	154
2026-08-12T17:03:08Z	BURST64B	2102	fjordgate	116131	A	C	core_destroyed	321
2026-08-12T17:03:09Z	BURST64B	2103	fjordgate	116131	B	C	core_destroyed	156
2026-08-12T17:03:12Z	BURST64B	2104	heart	116131	A	C	core_destroyed	285
2026-08-12T17:03:14Z	BURST64B	2105	heart	116131	B	C	core_destroyed	272
2026-08-12T17:03:19Z	BURST64B	2106	hive	116131	A	T	core_destroyed	310
2026-08-12T17:03:22Z	BURST64B	2107	hive	116131	B	T	core_destroyed	205
2026-08-12T17:03:23Z	BURST64B	2108	meander	116131	A	T	core_destroyed	106
2026-08-12T17:03:25Z	BURST64B	2109	meander	116131	B	T	core_destroyed	212
2026-08-12T17:03:27Z	BURST64B	2110	nordkap	116131	A	C	core_destroyed	249
2026-08-12T17:03:30Z	BURST64B	2111	nordkap	116131	B	C	core_destroyed	320
2026-08-12T17:03:32Z	BURST64B	2112	antler	116132	A	T	core_destroyed	257
2026-08-12T17:03:34Z	BURST64B	2113	antler	116132	B	C	core_destroyed	272
2026-08-12T17:03:36Z	BURST64B	2114	atoll	116132	A	C	core_destroyed	379
2026-08-12T17:03:39Z	BURST64B	2115	atoll	116132	B	C	core_destroyed	344
2026-08-12T17:03:41Z	BURST64B	2116	drumlin	116132	A	C	core_destroyed	228
2026-08-12T17:03:42Z	BURST64B	2117	drumlin	116132	B	C	core_destroyed	88
2026-08-12T17:03:44Z	BURST64B	2118	fjordgate	116132	A	C	core_destroyed	233
2026-08-12T17:03:46Z	BURST64B	2119	fjordgate	116132	B	T	core_destroyed	473
2026-08-12T17:03:49Z	BURST64B	2120	heart	116132	A	T	core_destroyed	305
2026-08-12T17:03:50Z	BURST64B	2121	heart	116132	B	C	core_destroyed	145
2026-08-12T17:03:52Z	BURST64B	2122	hive	116132	A	T	core_destroyed	112
2026-08-12T17:03:55Z	BURST64B	2123	hive	116132	B	T	core_destroyed	212
2026-08-12T17:03:56Z	BURST64B	2124	meander	116132	A	T	core_destroyed	197
2026-08-12T17:03:59Z	BURST64B	2125	meander	116132	B	T	core_destroyed	393
2026-08-12T17:04:00Z	BURST64B	2126	nordkap	116132	A	C	core_destroyed	128
2026-08-12T17:04:02Z	BURST64B	2127	nordkap	116132	B	T	core_destroyed	128
2026-08-12T17:04:03Z	BURST64B	2128	antler	116133	A	C	core_destroyed	252
2026-08-12T17:04:05Z	BURST64B	2129	antler	116133	B	C	core_destroyed	453
2026-08-12T17:04:07Z	BURST64B	2130	atoll	116133	A	C	core_destroyed	115
2026-08-12T17:04:09Z	BURST64B	2131	atoll	116133	B	T	core_destroyed	199
2026-08-12T17:04:12Z	BURST64B	2132	drumlin	116133	A	T	core_destroyed	265
2026-08-12T17:04:15Z	BURST64B	2133	drumlin	116133	B	T	core_destroyed	273
2026-08-12T17:04:17Z	BURST64B	2134	fjordgate	116133	A	T	core_destroyed	249
2026-08-12T17:04:18Z	BURST64B	2135	fjordgate	116133	B	C	core_destroyed	196
2026-08-12T17:04:23Z	BURST64B	2136	heart	116133	A	T	core_destroyed	597
2026-08-12T17:04:27Z	BURST64B	2137	heart	116133	B	C	core_destroyed	517
2026-08-12T17:04:31Z	BURST64B	2138	hive	116133	A	C	core_destroyed	313
2026-08-12T17:04:32Z	BURST64B	2139	hive	116133	B	C	core_destroyed	79
2026-08-12T17:04:33Z	BURST64B	2140	meander	116133	A	T	core_destroyed	135
2026-08-12T17:04:36Z	BURST64B	2141	meander	116133	B	C	core_destroyed	184
2026-08-12T17:04:37Z	BURST64B	2142	nordkap	116133	A	T	core_destroyed	163
2026-08-12T17:04:38Z	BURST64B	2143	nordkap	116133	B	T	core_destroyed	155
2026-08-12T17:04:42Z	BURST64B	2144	antler	116134	A	C	core_destroyed	383
2026-08-12T17:04:43Z	BURST64B	2145	antler	116134	B	C	core_destroyed	170
2026-08-12T17:04:45Z	BURST64B	2146	atoll	116134	A	T	core_destroyed	814
2026-08-12T17:04:46Z	BURST64B	2147	atoll	116134	B	T	core_destroyed	187
2026-08-12T17:04:48Z	BURST64B	2148	drumlin	116134	A	T	core_destroyed	203
2026-08-12T17:04:49Z	BURST64B	2149	drumlin	116134	B	C	core_destroyed	78
2026-08-12T17:04:50Z	BURST64B	2150	fjordgate	116134	A	T	core_destroyed	191
2026-08-12T17:04:51Z	BURST64B	2151	fjordgate	116134	B	C	core_destroyed	198
2026-08-12T17:04:57Z	BURST64B	2152	heart	116134	A	C	core_destroyed	574
2026-08-12T17:05:02Z	BURST64B	2153	heart	116134	B	C	tiebreak	1000
2026-08-12T17:05:06Z	BURST64B	2154	hive	116134	A	T	core_destroyed	234
2026-08-12T17:05:08Z	BURST64B	2155	hive	116134	B	C	core_destroyed	147
2026-08-12T17:05:09Z	BURST64B	2156	meander	116134	A	C	core_destroyed	149
2026-08-12T17:05:12Z	BURST64B	2157	meander	116134	B	T	core_destroyed	255
2026-08-12T17:05:15Z	BURST64B	2158	nordkap	116134	A	T	core_destroyed	428
2026-08-12T17:05:17Z	BURST64B	2159	nordkap	116134	B	T	core_destroyed	399
2026-08-12T17:05:20Z	BURST64B	2160	antler	116135	A	T	core_destroyed	389
2026-08-12T17:05:22Z	BURST64B	2161	antler	116135	B	T	core_destroyed	116
2026-08-12T17:05:23Z	BURST64B	2162	atoll	116135	A	C	core_destroyed	180
2026-08-12T17:05:26Z	BURST64B	2163	atoll	116135	B	T	core_destroyed	478
2026-08-12T17:05:27Z	BURST64B	2164	drumlin	116135	A	T	core_destroyed	132
2026-08-12T17:05:29Z	BURST64B	2165	drumlin	116135	B	C	core_destroyed	179
2026-08-12T17:05:30Z	BURST64B	2166	fjordgate	116135	A	T	core_destroyed	99
2026-08-12T17:05:33Z	BURST64B	2167	fjordgate	116135	B	C	core_destroyed	474
2026-08-12T17:05:34Z	BURST64B	2168	heart	116135	A	T	core_destroyed	115
2026-08-12T17:05:37Z	BURST64B	2169	heart	116135	B	C	core_destroyed	150
2026-08-12T17:05:40Z	BURST64B	2170	hive	116135	A	C	core_destroyed	268
2026-08-12T17:05:42Z	BURST64B	2171	hive	116135	B	T	core_destroyed	192
2026-08-12T17:05:43Z	BURST64B	2172	meander	116135	A	T	core_destroyed	239
2026-08-12T17:05:45Z	BURST64B	2173	meander	116135	B	T	core_destroyed	149
2026-08-12T17:05:46Z	BURST64B	2174	nordkap	116135	A	T	core_destroyed	115
2026-08-12T17:05:48Z	BURST64B	2175	nordkap	116135	B	T	tiebreak	1000
2026-08-12T17:05:50Z	BURST64B	2176	antler	116136	A	C	core_destroyed	200
2026-08-12T17:05:52Z	BURST64B	2177	antler	116136	B	T	core_destroyed	284
2026-08-12T17:05:53Z	BURST64B	2178	atoll	116136	A	C	core_destroyed	141
2026-08-12T17:05:54Z	BURST64B	2179	atoll	116136	B	T	core_destroyed	167
2026-08-12T17:05:56Z	BURST64B	2180	drumlin	116136	A	T	core_destroyed	117
2026-08-12T17:05:57Z	BURST64B	2181	drumlin	116136	B	C	core_destroyed	89
2026-08-12T17:05:58Z	BURST64B	2182	fjordgate	116136	A	C	core_destroyed	192
2026-08-12T17:05:59Z	BURST64B	2183	fjordgate	116136	B	T	core_destroyed	176
2026-08-12T17:06:01Z	BURST64B	2184	heart	116136	A	C	core_destroyed	190
2026-08-12T17:06:03Z	BURST64B	2185	heart	116136	B	C	core_destroyed	146
2026-08-12T17:06:06Z	BURST64B	2186	hive	116136	A	C	core_destroyed	271
2026-08-12T17:06:08Z	BURST64B	2187	hive	116136	B	T	core_destroyed	236
2026-08-12T17:06:10Z	BURST64B	2188	meander	116136	A	T	core_destroyed	182
2026-08-12T17:06:11Z	BURST64B	2189	meander	116136	B	C	core_destroyed	219
2026-08-12T17:06:13Z	BURST64B	2190	nordkap	116136	A	T	core_destroyed	110
2026-08-12T17:06:14Z	BURST64B	2191	nordkap	116136	B	T	core_destroyed	278
2026-08-12T17:06:16Z	BURST64B	2192	antler	116137	A	T	core_destroyed	181
2026-08-12T17:06:18Z	BURST64B	2193	antler	116137	B	C	core_destroyed	179
2026-08-12T17:06:20Z	BURST64B	2194	atoll	116137	A	C	core_destroyed	260
2026-08-12T17:06:23Z	BURST64B	2195	atoll	116137	B	C	core_destroyed	500
2026-08-12T17:06:24Z	BURST64B	2196	drumlin	116137	A	C	core_destroyed	111
2026-08-12T17:06:25Z	BURST64B	2197	drumlin	116137	B	T	core_destroyed	133
2026-08-12T17:06:28Z	BURST64B	2198	fjordgate	116137	A	T	tiebreak	1000
2026-08-12T17:06:29Z	BURST64B	2199	fjordgate	116137	B	C	core_destroyed	183
2026-08-12T17:06:32Z	BURST64B	2200	heart	116137	A	T	core_destroyed	148
2026-08-12T17:06:33Z	BURST64B	2201	heart	116137	B	C	core_destroyed	769
2026-08-12T17:06:39Z	BURST64B	2202	hive	116137	A	C	core_destroyed	355
2026-08-12T17:06:42Z	BURST64B	2203	hive	116137	B	T	core_destroyed	243
2026-08-12T17:06:43Z	BURST64B	2204	meander	116137	A	T	core_destroyed	203
2026-08-12T17:06:45Z	BURST64B	2205	meander	116137	B	T	core_destroyed	171
2026-08-12T17:06:47Z	BURST64B	2206	nordkap	116137	A	C	core_destroyed	169
2026-08-12T17:06:50Z	BURST64B	2207	nordkap	116137	B	T	core_destroyed	350
2026-08-12T17:06:52Z	BURST64B	2208	antler	116138	A	T	core_destroyed	216
2026-08-12T17:06:53Z	BURST64B	2209	antler	116138	B	T	core_destroyed	135
2026-08-12T17:06:56Z	BURST64B	2210	atoll	116138	A	T	core_destroyed	322
2026-08-12T17:06:58Z	BURST64B	2211	atoll	116138	B	T	core_destroyed	299
2026-08-12T17:06:59Z	BURST64B	2212	drumlin	116138	A	T	core_destroyed	123
2026-08-12T17:07:03Z	BURST64B	2213	drumlin	116138	B	T	core_destroyed	327
2026-08-12T17:07:04Z	BURST64B	2214	fjordgate	116138	A	T	core_destroyed	274
2026-08-12T17:07:05Z	BURST64B	2215	fjordgate	116138	B	C	core_destroyed	125
2026-08-12T17:07:10Z	BURST64B	2216	heart	116138	A	T	core_destroyed	359
2026-08-12T17:07:13Z	BURST64B	2217	heart	116138	B	T	core_destroyed	276
2026-08-12T17:07:14Z	BURST64B	2218	hive	116138	A	T	core_destroyed	130
2026-08-12T17:07:18Z	BURST64B	2219	hive	116138	B	T	core_destroyed	262
2026-08-12T17:07:20Z	BURST64B	2220	meander	116138	A	C	core_destroyed	219
2026-08-12T17:07:22Z	BURST64B	2221	meander	116138	B	T	core_destroyed	267
2026-08-12T17:07:24Z	BURST64B	2222	nordkap	116138	A	T	core_destroyed	190
2026-08-12T17:07:27Z	BURST64B	2223	nordkap	116138	B	T	tiebreak	1000
2026-08-12T17:07:28Z	BURST64B	2224	antler	116139	A	C	core_destroyed	133
2026-08-12T17:07:29Z	BURST64B	2225	antler	116139	B	T	core_destroyed	127
2026-08-12T17:07:31Z	BURST64B	2226	atoll	116139	A	C	core_destroyed	106
2026-08-12T17:07:32Z	BURST64B	2227	atoll	116139	B	T	core_destroyed	150
2026-08-12T17:07:34Z	BURST64B	2228	drumlin	116139	A	C	core_destroyed	178
2026-08-12T17:07:39Z	BURST64B	2229	drumlin	116139	B	C	core_destroyed	354
2026-08-12T17:07:40Z	BURST64B	2230	fjordgate	116139	A	C	core_destroyed	187
2026-08-12T17:07:42Z	BURST64B	2231	fjordgate	116139	B	T	core_destroyed	288
2026-08-12T17:07:46Z	BURST64B	2232	heart	116139	A	T	core_destroyed	690
2026-08-12T17:07:47Z	BURST64B	2233	heart	116139	B	T	core_destroyed	124
2026-08-12T17:07:50Z	BURST64B	2234	hive	116139	A	C	core_destroyed	222
2026-08-12T17:07:55Z	BURST64B	2235	hive	116139	B	T	core_destroyed	335
2026-08-12T17:07:57Z	BURST64B	2236	meander	116139	A	C	core_destroyed	164
2026-08-12T17:07:58Z	BURST64B	2237	meander	116139	B	T	core_destroyed	193
2026-08-12T17:08:00Z	BURST64B	2238	nordkap	116139	A	C	core_destroyed	138
2026-08-12T17:08:02Z	BURST64B	2239	nordkap	116139	B	T	tiebreak	1000
2026-08-12T17:08:03Z	BURST64B	2240	antler	116140	A	T	core_destroyed	241
2026-08-12T17:08:05Z	BURST64B	2241	antler	116140	B	C	core_destroyed	194
2026-08-12T17:08:06Z	BURST64B	2242	atoll	116140	A	C	core_destroyed	185
2026-08-12T17:08:09Z	BURST64B	2243	atoll	116140	B	T	core_destroyed	271
2026-08-12T17:08:11Z	BURST64B	2244	drumlin	116140	A	T	core_destroyed	165
2026-08-12T17:08:13Z	BURST64B	2245	drumlin	116140	B	T	core_destroyed	116
2026-08-12T17:08:14Z	BURST64B	2246	fjordgate	116140	A	C	core_destroyed	149
2026-08-12T17:08:16Z	BURST64B	2247	fjordgate	116140	B	C	core_destroyed	190
2026-08-12T17:08:18Z	BURST64B	2248	heart	116140	A	T	core_destroyed	313
2026-08-12T17:08:20Z	BURST64B	2249	heart	116140	B	C	core_destroyed	145
2026-08-12T17:08:26Z	BURST64B	2250	hive	116140	A	C	core_destroyed	465
2026-08-12T17:08:31Z	BURST64B	2251	hive	116140	B	C	core_destroyed	299
2026-08-12T17:08:36Z	BURST64B	2252	meander	116140	A	T	core_destroyed	605
2026-08-12T17:08:38Z	BURST64B	2253	meander	116140	B	C	core_destroyed	227
2026-08-12T17:08:40Z	BURST64B	2254	nordkap	116140	A	T	core_destroyed	198
2026-08-12T17:08:42Z	BURST64B	2255	nordkap	116140	B	T	core_destroyed	433
2026-08-12T17:08:43Z	BURST64B	2256	antler	116141	A	T	core_destroyed	221
2026-08-12T17:08:44Z	BURST64B	2257	antler	116141	B	C	core_destroyed	169
2026-08-12T17:08:46Z	BURST64B	2258	atoll	116141	A	C	core_destroyed	213
2026-08-12T17:08:48Z	BURST64B	2259	atoll	116141	B	T	core_destroyed	264
2026-08-12T17:08:49Z	BURST64B	2260	drumlin	116141	A	C	core_destroyed	152
2026-08-12T17:08:55Z	BURST64B	2261	drumlin	116141	B	T	core_destroyed	390
2026-08-12T17:08:57Z	BURST64B	2262	fjordgate	116141	A	C	tiebreak	1000
2026-08-12T17:08:59Z	BURST64B	2263	fjordgate	116141	B	C	core_destroyed	167
2026-08-12T17:09:00Z	BURST64B	2264	heart	116141	A	C	core_destroyed	155
2026-08-12T17:09:02Z	BURST64B	2265	heart	116141	B	C	core_destroyed	285
2026-08-12T17:09:04Z	BURST64B	2266	hive	116141	A	C	core_destroyed	128
2026-08-12T17:09:06Z	BURST64B	2267	hive	116141	B	C	core_destroyed	248
2026-08-12T17:09:08Z	BURST64B	2268	meander	116141	A	T	core_destroyed	226
2026-08-12T17:09:10Z	BURST64B	2269	meander	116141	B	C	core_destroyed	216
2026-08-12T17:09:12Z	BURST64B	2270	nordkap	116141	A	T	core_destroyed	591
2026-08-12T17:09:14Z	BURST64B	2271	nordkap	116141	B	C	core_destroyed	322
2026-08-12T17:09:15Z	BURST64B	2272	antler	116142	A	C	core_destroyed	95
2026-08-12T17:09:16Z	BURST64B	2273	antler	116142	B	T	core_destroyed	145
2026-08-12T17:09:18Z	BURST64B	2274	atoll	116142	A	C	core_destroyed	613
2026-08-12T17:09:19Z	BURST64B	2275	atoll	116142	B	T	core_destroyed	85
2026-08-12T17:09:25Z	BURST64B	2276	drumlin	116142	A	T	core_destroyed	384
2026-08-12T17:09:29Z	BURST64B	2277	drumlin	116142	B	C	core_destroyed	306
2026-08-12T17:09:31Z	BURST64B	2278	fjordgate	116142	A	C	core_destroyed	271
2026-08-12T17:09:33Z	BURST64B	2279	fjordgate	116142	B	C	core_destroyed	290
2026-08-12T17:09:35Z	BURST64B	2280	heart	116142	A	C	core_destroyed	187
2026-08-12T17:09:40Z	BURST64B	2281	heart	116142	B	C	core_destroyed	897
2026-08-12T17:09:42Z	BURST64B	2282	hive	116142	A	T	core_destroyed	125
2026-08-12T17:09:43Z	BURST64B	2283	hive	116142	B	C	core_destroyed	109
2026-08-12T17:09:45Z	BURST64B	2284	meander	116142	A	T	core_destroyed	184
2026-08-12T17:09:47Z	BURST64B	2285	meander	116142	B	C	tiebreak	1000
2026-08-12T17:09:48Z	BURST64B	2286	nordkap	116142	A	T	core_destroyed	226
2026-08-12T17:09:51Z	BURST64B	2287	nordkap	116142	B	C	core_destroyed	260
2026-08-12T17:09:52Z	BURST64B	2288	antler	116143	A	T	core_destroyed	203
2026-08-12T17:09:54Z	BURST64B	2289	antler	116143	B	T	core_destroyed	884
2026-08-12T17:09:57Z	BURST64B	2290	atoll	116143	A	C	core_destroyed	279
2026-08-12T17:10:00Z	BURST64B	2291	atoll	116143	B	C	core_destroyed	312
2026-08-12T17:10:06Z	BURST64B	2292	drumlin	116143	A	C	core_destroyed	494
2026-08-12T17:10:08Z	BURST64B	2293	drumlin	116143	B	C	core_destroyed	100
2026-08-12T17:10:11Z	BURST64B	2294	fjordgate	116143	A	C	tiebreak	1000
2026-08-12T17:10:12Z	BURST64B	2295	fjordgate	116143	B	C	core_destroyed	147
2026-08-12T17:10:17Z	BURST64B	2296	heart	116143	A	C	core_destroyed	310
2026-08-12T17:10:23Z	BURST64B	2297	heart	116143	B	T	core_destroyed	404
2026-08-12T17:10:24Z	BURST64B	2298	hive	116143	A	T	core_destroyed	184
2026-08-12T17:10:39Z	BURST64B	2299	hive	116143	B	C	tiebreak	1000
2026-08-12T17:10:40Z	BURST64B	2300	meander	116143	A	C	core_destroyed	164
2026-08-12T17:10:42Z	BURST64B	2301	meander	116143	B	T	core_destroyed	133
2026-08-12T17:10:43Z	BURST64B	2302	nordkap	116143	A	T	core_destroyed	228
2026-08-12T17:10:45Z	BURST64B	2303	nordkap	116143	B	C	core_destroyed	195
2026-08-12T17:10:46Z	BURST64B	2304	antler	116144	A	C	core_destroyed	106
2026-08-12T17:10:47Z	BURST64B	2305	antler	116144	B	T	core_destroyed	117
2026-08-12T17:10:49Z	BURST64B	2306	atoll	116144	A	C	core_destroyed	224
2026-08-12T17:10:50Z	BURST64B	2307	atoll	116144	B	T	core_destroyed	106
2026-08-12T17:10:51Z	BURST64B	2308	drumlin	116144	A	T	core_destroyed	122
2026-08-12T17:10:54Z	BURST64B	2309	drumlin	116144	B	C	core_destroyed	186
2026-08-12T17:10:56Z	BURST64B	2310	fjordgate	116144	A	T	core_destroyed	211
2026-08-12T17:10:58Z	BURST64B	2311	fjordgate	116144	B	C	core_destroyed	111
2026-08-12T17:11:01Z	BURST64B	2312	heart	116144	A	T	core_destroyed	177
2026-08-12T17:11:03Z	BURST64B	2313	heart	116144	B	C	core_destroyed	218
2026-08-12T17:11:04Z	BURST64B	2314	hive	116144	A	T	core_destroyed	208
2026-08-12T17:11:06Z	BURST64B	2315	hive	116144	B	T	core_destroyed	125
2026-08-12T17:11:08Z	BURST64B	2316	meander	116144	A	C	core_destroyed	156
2026-08-12T17:11:10Z	BURST64B	2317	meander	116144	B	T	core_destroyed	238
2026-08-12T17:11:12Z	BURST64B	2318	nordkap	116144	A	C	core_destroyed	136
2026-08-12T17:11:13Z	BURST64B	2319	nordkap	116144	B	C	core_destroyed	253
2026-08-12T17:11:15Z	BURST64B	2320	antler	116145	A	C	core_destroyed	294
2026-08-12T17:11:17Z	BURST64B	2321	antler	116145	B	T	core_destroyed	197
2026-08-12T17:11:20Z	BURST64B	2322	atoll	116145	A	T	tiebreak	1000
2026-08-12T17:11:21Z	BURST64B	2323	atoll	116145	B	C	core_destroyed	644
2026-08-12T17:11:23Z	BURST64B	2324	drumlin	116145	A	T	core_destroyed	157
2026-08-12T17:11:25Z	BURST64B	2325	drumlin	116145	B	C	core_destroyed	135
2026-08-12T17:11:27Z	BURST64B	2326	fjordgate	116145	A	C	core_destroyed	356
2026-08-12T17:11:28Z	BURST64B	2327	fjordgate	116145	B	C	core_destroyed	212
2026-08-12T17:11:30Z	BURST64B	2328	heart	116145	A	C	core_destroyed	137
2026-08-12T17:11:33Z	BURST64B	2329	heart	116145	B	C	tiebreak	1000
2026-08-12T17:11:35Z	BURST64B	2330	hive	116145	A	T	core_destroyed	316
2026-08-12T17:11:37Z	BURST64B	2331	hive	116145	B	T	core_destroyed	94
2026-08-12T17:11:39Z	BURST64B	2332	meander	116145	A	C	core_destroyed	190
2026-08-12T17:11:41Z	BURST64B	2333	meander	116145	B	C	core_destroyed	240
2026-08-12T17:11:42Z	BURST64B	2334	nordkap	116145	A	T	core_destroyed	169
2026-08-12T17:11:44Z	BURST64B	2335	nordkap	116145	B	C	core_destroyed	203
2026-08-12T17:11:46Z	BURST64B	2336	antler	116146	A	C	core_destroyed	419
2026-08-12T17:11:49Z	BURST64B	2337	antler	116146	B	C	core_destroyed	348
2026-08-12T17:11:50Z	BURST64B	2338	atoll	116146	A	C	core_destroyed	136
2026-08-12T17:11:51Z	BURST64B	2339	atoll	116146	B	T	core_destroyed	118
2026-08-12T17:11:55Z	BURST64B	2340	drumlin	116146	A	T	core_destroyed	221
2026-08-12T17:11:56Z	BURST64B	2341	drumlin	116146	B	C	core_destroyed	150
2026-08-12T17:11:57Z	BURST64B	2342	fjordgate	116146	A	C	core_destroyed	146
2026-08-12T17:11:59Z	BURST64B	2343	fjordgate	116146	B	C	core_destroyed	268
2026-08-12T17:12:04Z	BURST64B	2344	heart	116146	A	C	core_destroyed	650
2026-08-12T17:12:07Z	BURST64B	2345	heart	116146	B	C	core_destroyed	154
2026-08-12T17:12:09Z	BURST64B	2346	hive	116146	A	T	core_destroyed	166
2026-08-12T17:12:10Z	BURST64B	2347	hive	116146	B	C	core_destroyed	81
2026-08-12T17:12:12Z	BURST64B	2348	meander	116146	A	T	core_destroyed	513
2026-08-12T17:12:14Z	BURST64B	2349	meander	116146	B	T	core_destroyed	137
2026-08-12T17:12:15Z	BURST64B	2350	nordkap	116146	A	T	core_destroyed	179
2026-08-12T17:12:17Z	BURST64B	2351	nordkap	116146	B	C	core_destroyed	231
2026-08-12T17:12:20Z	BURST64B	2352	antler	116147	A	T	core_destroyed	243
2026-08-12T17:12:22Z	BURST64B	2353	antler	116147	B	C	core_destroyed	334
2026-08-12T17:12:25Z	BURST64B	2354	atoll	116147	A	C	core_destroyed	285
2026-08-12T17:12:27Z	BURST64B	2355	atoll	116147	B	T	core_destroyed	131
2026-08-12T17:12:28Z	BURST64B	2356	drumlin	116147	A	T	core_destroyed	150
2026-08-12T17:12:29Z	BURST64B	2357	drumlin	116147	B	C	core_destroyed	178
2026-08-12T17:12:32Z	BURST64B	2358	fjordgate	116147	A	C	core_destroyed	681
2026-08-12T17:12:33Z	BURST64B	2359	fjordgate	116147	B	C	core_destroyed	105
2026-08-12T17:12:39Z	BURST64B	2360	heart	116147	A	T	core_destroyed	425
2026-08-12T17:12:41Z	BURST64B	2361	heart	116147	B	C	core_destroyed	175
2026-08-12T17:12:48Z	BURST64B	2362	hive	116147	A	C	core_destroyed	451
2026-08-12T17:12:50Z	BURST64B	2363	hive	116147	B	T	core_destroyed	100
2026-08-12T17:12:52Z	BURST64B	2364	meander	116147	A	C	core_destroyed	172
2026-08-12T17:12:53Z	BURST64B	2365	meander	116147	B	C	core_destroyed	93
2026-08-12T17:12:55Z	BURST64B	2366	nordkap	116147	A	T	core_destroyed	249
2026-08-12T17:12:57Z	BURST64B	2367	nordkap	116147	B	C	core_destroyed	166
2026-08-12T17:12:58Z	BURST64B	2368	antler	116148	A	T	core_destroyed	215
2026-08-12T17:13:00Z	BURST64B	2369	antler	116148	B	C	core_destroyed	181
2026-08-12T17:13:01Z	BURST64B	2370	atoll	116148	A	T	core_destroyed	169
2026-08-12T17:13:03Z	BURST64B	2371	atoll	116148	B	T	core_destroyed	191
2026-08-12T17:13:04Z	BURST64B	2372	drumlin	116148	A	T	core_destroyed	151
2026-08-12T17:13:08Z	BURST64B	2373	drumlin	116148	B	C	core_destroyed	288
2026-08-12T17:13:10Z	BURST64B	2374	fjordgate	116148	A	T	core_destroyed	356
2026-08-12T17:13:11Z	BURST64B	2375	fjordgate	116148	B	C	core_destroyed	265
2026-08-12T17:13:15Z	BURST64B	2376	heart	116148	A	T	core_destroyed	283
2026-08-12T17:13:20Z	BURST64B	2377	heart	116148	B	C	tiebreak	1000
2026-08-12T17:13:22Z	BURST64B	2378	hive	116148	A	C	core_destroyed	253
2026-08-12T17:13:27Z	BURST64B	2379	hive	116148	B	C	core_destroyed	468
2026-08-12T17:13:29Z	BURST64B	2380	meander	116148	A	C	core_destroyed	159
2026-08-12T17:13:30Z	BURST64B	2381	meander	116148	B	T	core_destroyed	192
2026-08-12T17:13:32Z	BURST64B	2382	nordkap	116148	A	T	core_destroyed	228
2026-08-12T17:13:34Z	BURST64B	2383	nordkap	116148	B	T	core_destroyed	180
2026-08-12T17:13:35Z	BURST64B	2384	antler	116149	A	T	core_destroyed	144
2026-08-12T17:13:36Z	BURST64B	2385	antler	116149	B	C	core_destroyed	198
2026-08-12T17:13:39Z	BURST64B	2386	atoll	116149	A	T	core_destroyed	524
2026-08-12T17:13:47Z	BURST64B	2387	atoll	116149	B	T	core_destroyed	798
2026-08-12T17:13:50Z	BURST64B	2388	drumlin	116149	A	C	core_destroyed	276
2026-08-12T17:13:52Z	BURST64B	2389	drumlin	116149	B	T	core_destroyed	154
2026-08-12T17:13:55Z	BURST64B	2390	fjordgate	116149	A	T	core_destroyed	456
2026-08-12T17:13:56Z	BURST64B	2391	fjordgate	116149	B	C	core_destroyed	363
2026-08-12T17:13:59Z	BURST64B	2392	heart	116149	A	C	core_destroyed	152
2026-08-12T17:14:02Z	BURST64B	2393	heart	116149	B	T	core_destroyed	279
2026-08-12T17:14:03Z	BURST64B	2394	hive	116149	A	T	core_destroyed	142
2026-08-12T17:14:11Z	BURST64B	2395	hive	116149	B	T	core_destroyed	406
2026-08-12T17:14:12Z	BURST64B	2396	meander	116149	A	C	core_destroyed	152
2026-08-12T17:14:14Z	BURST64B	2397	meander	116149	B	C	core_destroyed	204
2026-08-12T17:14:15Z	BURST64B	2398	nordkap	116149	A	T	core_destroyed	114
2026-08-12T17:14:16Z	BURST64B	2399	nordkap	116149	B	T	core_destroyed	104
2026-08-12T17:14:17Z	BURST64B	2400	antler	116150	A	T	core_destroyed	151
2026-08-12T17:14:19Z	BURST64B	2401	antler	116150	B	T	core_destroyed	137
2026-08-12T17:14:20Z	BURST64B	2402	atoll	116150	A	C	core_destroyed	106
2026-08-12T17:14:23Z	BURST64B	2403	atoll	116150	B	T	core_destroyed	338
2026-08-12T17:14:27Z	BURST64B	2404	drumlin	116150	A	C	core_destroyed	335
2026-08-12T17:14:28Z	BURST64B	2405	drumlin	116150	B	C	core_destroyed	173
2026-08-12T17:14:30Z	BURST64B	2406	fjordgate	116150	A	T	core_destroyed	828
2026-08-12T17:14:31Z	BURST64B	2407	fjordgate	116150	B	C	core_destroyed	106
2026-08-12T17:14:34Z	BURST64B	2408	heart	116150	A	C	core_destroyed	190
2026-08-12T17:14:37Z	BURST64B	2409	heart	116150	B	T	core_destroyed	425
2026-08-12T17:14:39Z	BURST64B	2410	hive	116150	A	C	core_destroyed	100
2026-08-12T17:14:49Z	BURST64B	2411	hive	116150	B	T	core_destroyed	782
2026-08-12T17:14:51Z	BURST64B	2412	meander	116150	A	T	core_destroyed	273
2026-08-12T17:14:53Z	BURST64B	2413	meander	116150	B	T	core_destroyed	172
2026-08-12T17:14:54Z	BURST64B	2414	nordkap	116150	A	C	core_destroyed	149
2026-08-12T17:15:00Z	BURST64B	2415	nordkap	116150	B	T	core_destroyed	451
2026-08-12T17:15:02Z	BURST64B	2416	antler	116151	A	C	core_destroyed	327
2026-08-12T17:15:05Z	BURST64B	2417	antler	116151	B	C	core_destroyed	255
2026-08-12T17:15:06Z	BURST64B	2418	atoll	116151	A	C	core_destroyed	215
2026-08-12T17:15:08Z	BURST64B	2419	atoll	116151	B	C	core_destroyed	169
2026-08-12T17:15:09Z	BURST64B	2420	drumlin	116151	A	C	core_destroyed	188
2026-08-12T17:15:14Z	BURST64B	2421	drumlin	116151	B	T	core_destroyed	430
2026-08-12T17:15:16Z	BURST64B	2422	fjordgate	116151	A	T	core_destroyed	136
2026-08-12T17:15:17Z	BURST64B	2423	fjordgate	116151	B	C	core_destroyed	155
2026-08-12T17:15:19Z	BURST64B	2424	heart	116151	A	T	core_destroyed	154
2026-08-12T17:15:21Z	BURST64B	2425	heart	116151	B	C	core_destroyed	162
2026-08-12T17:15:26Z	BURST64B	2426	hive	116151	A	T	core_destroyed	324
2026-08-12T17:15:31Z	BURST64B	2427	hive	116151	B	T	core_destroyed	306
2026-08-12T17:15:33Z	BURST64B	2428	meander	116151	A	T	core_destroyed	295
2026-08-12T17:15:35Z	BURST64B	2429	meander	116151	B	T	tiebreak	1000
2026-08-12T17:15:37Z	BURST64B	2430	nordkap	116151	A	T	core_destroyed	131
2026-08-12T17:15:39Z	BURST64B	2431	nordkap	116151	B	T	core_destroyed	335
2026-08-12T17:15:41Z	BURST64B	2432	antler	116152	A	C	core_destroyed	130
2026-08-12T17:15:42Z	BURST64B	2433	antler	116152	B	C	core_destroyed	254
2026-08-12T17:15:43Z	BURST64B	2434	atoll	116152	A	C	core_destroyed	89
2026-08-12T17:15:45Z	BURST64B	2435	atoll	116152	B	C	core_destroyed	89
2026-08-12T17:15:46Z	BURST64B	2436	drumlin	116152	A	T	core_destroyed	126
2026-08-12T17:15:49Z	BURST64B	2437	drumlin	116152	B	T	core_destroyed	193
2026-08-12T17:15:50Z	BURST64B	2438	fjordgate	116152	A	T	core_destroyed	163
2026-08-12T17:15:53Z	BURST64B	2439	fjordgate	116152	B	T	core_destroyed	737
2026-08-12T17:15:57Z	BURST64B	2440	heart	116152	A	T	core_destroyed	417
2026-08-12T17:16:02Z	BURST64B	2441	heart	116152	B	C	core_destroyed	430
2026-08-12T17:16:04Z	BURST64B	2442	hive	116152	A	T	core_destroyed	167
2026-08-12T17:16:05Z	BURST64B	2443	hive	116152	B	T	core_destroyed	149
2026-08-12T17:16:07Z	BURST64B	2444	meander	116152	A	C	core_destroyed	170
2026-08-12T17:16:08Z	BURST64B	2445	meander	116152	B	T	core_destroyed	206
2026-08-12T17:16:10Z	BURST64B	2446	nordkap	116152	A	T	core_destroyed	198
2026-08-12T17:16:13Z	BURST64B	2447	nordkap	116152	B	C	core_destroyed	373
2026-08-12T17:16:14Z	BURST64B	2448	antler	116153	A	C	core_destroyed	219
2026-08-12T17:16:15Z	BURST64B	2449	antler	116153	B	C	core_destroyed	103
2026-08-12T17:16:20Z	BURST64B	2450	atoll	116153	A	C	core_destroyed	504
2026-08-12T17:16:21Z	BURST64B	2451	atoll	116153	B	C	core_destroyed	271
2026-08-12T17:16:23Z	BURST64B	2452	drumlin	116153	A	C	core_destroyed	85
2026-08-12T17:16:24Z	BURST64B	2453	drumlin	116153	B	C	core_destroyed	100
2026-08-12T17:16:25Z	BURST64B	2454	fjordgate	116153	A	T	core_destroyed	171
2026-08-12T17:16:27Z	BURST64B	2455	fjordgate	116153	B	T	core_destroyed	575
2026-08-12T17:16:29Z	BURST64B	2456	heart	116153	A	T	core_destroyed	184
2026-08-12T17:16:35Z	BURST64B	2457	heart	116153	B	C	core_destroyed	719
2026-08-12T17:16:38Z	BURST64B	2458	hive	116153	A	T	core_destroyed	209
2026-08-12T17:16:40Z	BURST64B	2459	hive	116153	B	T	core_destroyed	148
2026-08-12T17:16:43Z	BURST64B	2460	meander	116153	A	C	tiebreak	1000
2026-08-12T17:16:45Z	BURST64B	2461	meander	116153	B	T	core_destroyed	116
2026-08-12T17:16:48Z	BURST64B	2462	nordkap	116153	A	C	core_destroyed	254
2026-08-12T17:16:50Z	BURST64B	2463	nordkap	116153	B	T	core_destroyed	396
2026-08-12T17:16:52Z	BURST64B	2464	antler	116154	A	C	core_destroyed	271
2026-08-12T17:16:54Z	BURST64B	2465	antler	116154	B	T	core_destroyed	386
2026-08-12T17:16:55Z	BURST64B	2466	atoll	116154	A	C	core_destroyed	613
2026-08-12T17:16:57Z	BURST64B	2467	atoll	116154	B	C	core_destroyed	353
2026-08-12T17:17:02Z	BURST64B	2468	drumlin	116154	A	T	core_destroyed	362
2026-08-12T17:17:06Z	BURST64B	2469	drumlin	116154	B	T	core_destroyed	272
2026-08-12T17:17:07Z	BURST64B	2470	fjordgate	116154	A	C	core_destroyed	233
2026-08-12T17:17:08Z	BURST64B	2471	fjordgate	116154	B	C	core_destroyed	203
2026-08-12T17:17:18Z	BURST64B	2472	heart	116154	A	T	tiebreak	1000
2026-08-12T17:17:21Z	BURST64B	2473	heart	116154	B	C	core_destroyed	110
2026-08-12T17:17:24Z	BURST64B	2474	hive	116154	A	C	core_destroyed	221
2026-08-12T17:17:25Z	BURST64B	2475	hive	116154	B	C	core_destroyed	139
2026-08-12T17:17:28Z	BURST64B	2476	meander	116154	A	C	core_destroyed	823
2026-08-12T17:17:30Z	BURST64B	2477	meander	116154	B	C	core_destroyed	249
2026-08-12T17:17:32Z	BURST64B	2478	nordkap	116154	A	T	core_destroyed	110
2026-08-12T17:17:34Z	BURST64B	2479	nordkap	116154	B	C	core_destroyed	288
2026-08-12T17:17:36Z	BURST64B	2480	antler	116155	A	C	core_destroyed	87
2026-08-12T17:17:38Z	BURST64B	2481	antler	116155	B	C	core_destroyed	300
2026-08-12T17:17:39Z	BURST64B	2482	atoll	116155	A	C	core_destroyed	118
2026-08-12T17:17:42Z	BURST64B	2483	atoll	116155	B	C	core_destroyed	663
2026-08-12T17:17:43Z	BURST64B	2484	drumlin	116155	A	T	core_destroyed	93
2026-08-12T17:17:44Z	BURST64B	2485	drumlin	116155	B	C	core_destroyed	127
2026-08-12T17:17:46Z	BURST64B	2486	fjordgate	116155	A	C	core_destroyed	299
2026-08-12T17:17:47Z	BURST64B	2487	fjordgate	116155	B	T	core_destroyed	181
2026-08-12T17:18:01Z	BURST64B	2488	heart	116155	A	C	tiebreak	1000
2026-08-12T17:18:04Z	BURST64B	2489	heart	116155	B	T	core_destroyed	332
2026-08-12T17:18:06Z	BURST64B	2490	hive	116155	A	T	core_destroyed	147
2026-08-12T17:18:08Z	BURST64B	2491	hive	116155	B	C	core_destroyed	127
2026-08-12T17:18:10Z	BURST64B	2492	meander	116155	A	T	tiebreak	1000
2026-08-12T17:18:12Z	BURST64B	2493	meander	116155	B	T	core_destroyed	362
2026-08-12T17:18:13Z	BURST64B	2494	nordkap	116155	A	T	core_destroyed	195
2026-08-12T17:18:15Z	BURST64B	2495	nordkap	116155	B	C	core_destroyed	185
2026-08-12T17:18:16Z	BURST64B	2496	antler	116156	A	T	core_destroyed	123
2026-08-12T17:18:19Z	BURST64B	2497	antler	116156	B	T	tiebreak	1000
2026-08-12T17:18:20Z	BURST64B	2498	atoll	116156	A	T	core_destroyed	168
2026-08-12T17:18:22Z	BURST64B	2499	atoll	116156	B	T	core_destroyed	95
2026-08-12T17:18:23Z	BURST64B	2500	drumlin	116156	A	T	core_destroyed	116
2026-08-12T17:18:28Z	BURST64B	2501	drumlin	116156	B	T	core_destroyed	484
2026-08-12T17:18:29Z	BURST64B	2502	fjordgate	116156	A	T	core_destroyed	184
2026-08-12T17:18:30Z	BURST64B	2503	fjordgate	116156	B	C	core_destroyed	131
2026-08-12T17:18:32Z	BURST64B	2504	heart	116156	A	T	core_destroyed	119
2026-08-12T17:18:45Z	BURST64B	2505	heart	116156	B	T	tiebreak	1000
2026-08-12T17:18:46Z	BURST64B	2506	hive	116156	A	C	core_destroyed	102
2026-08-12T17:18:49Z	BURST64B	2507	hive	116156	B	C	core_destroyed	154
2026-08-12T17:18:50Z	BURST64B	2508	meander	116156	A	T	core_destroyed	291
2026-08-12T17:18:52Z	BURST64B	2509	meander	116156	B	C	core_destroyed	116
2026-08-12T17:18:54Z	BURST64B	2510	nordkap	116156	A	T	core_destroyed	242
2026-08-12T17:18:55Z	BURST64B	2511	nordkap	116156	B	C	core_destroyed	111
2026-08-12T17:18:58Z	BURST64B	2512	antler	116157	A	T	core_destroyed	376
2026-08-12T17:19:02Z	BURST64B	2513	antler	116157	B	T	tiebreak	1000
2026-08-12T17:19:03Z	BURST64B	2514	atoll	116157	A	C	core_destroyed	309
2026-08-12T17:19:06Z	BURST64B	2515	atoll	116157	B	T	core_destroyed	266
2026-08-12T17:19:12Z	BURST64B	2516	drumlin	116157	A	C	core_destroyed	416
2026-08-12T17:19:15Z	BURST64B	2517	drumlin	116157	B	C	core_destroyed	196
2026-08-12T17:19:16Z	BURST64B	2518	fjordgate	116157	A	T	core_destroyed	182
2026-08-12T17:19:17Z	BURST64B	2519	fjordgate	116157	B	C	core_destroyed	164
2026-08-12T17:19:19Z	BURST64B	2520	heart	116157	A	T	core_destroyed	129
2026-08-12T17:19:24Z	BURST64B	2521	heart	116157	B	C	core_destroyed	766
2026-08-12T17:19:25Z	BURST64B	2522	hive	116157	A	T	core_destroyed	204
2026-08-12T17:19:27Z	BURST64B	2523	hive	116157	B	C	core_destroyed	215
2026-08-12T17:19:29Z	BURST64B	2524	meander	116157	A	T	core_destroyed	130
2026-08-12T17:19:32Z	BURST64B	2525	meander	116157	B	C	core_destroyed	340
2026-08-12T17:19:33Z	BURST64B	2526	nordkap	116157	A	T	core_destroyed	136
2026-08-12T17:19:35Z	BURST64B	2527	nordkap	116157	B	T	core_destroyed	148
2026-08-12T17:19:37Z	BURST64B	2528	antler	116158	A	T	core_destroyed	329
2026-08-12T17:19:39Z	BURST64B	2529	antler	116158	B	C	core_destroyed	182
2026-08-12T17:19:40Z	BURST64B	2530	atoll	116158	A	T	core_destroyed	571
2026-08-12T17:19:42Z	BURST64B	2531	atoll	116158	B	T	core_destroyed	197
2026-08-12T17:19:43Z	BURST64B	2532	drumlin	116158	A	T	core_destroyed	147
2026-08-12T17:19:46Z	BURST64B	2533	drumlin	116158	B	T	core_destroyed	168
2026-08-12T17:19:47Z	BURST64B	2534	fjordgate	116158	A	T	core_destroyed	173
2026-08-12T17:19:48Z	BURST64B	2535	fjordgate	116158	B	C	core_destroyed	164
2026-08-12T17:20:00Z	BURST64B	2536	heart	116158	A	C	core_destroyed	621
2026-08-12T17:20:02Z	BURST64B	2537	heart	116158	B	C	core_destroyed	184
2026-08-12T17:20:03Z	BURST64B	2538	hive	116158	A	C	core_destroyed	100
2026-08-12T17:20:06Z	BURST64B	2539	hive	116158	B	T	core_destroyed	437
2026-08-12T17:20:08Z	BURST64B	2540	meander	116158	A	T	core_destroyed	229
2026-08-12T17:20:10Z	BURST64B	2541	meander	116158	B	T	core_destroyed	206
2026-08-12T17:20:11Z	BURST64B	2542	nordkap	116158	A	C	core_destroyed	189
2026-08-12T17:20:15Z	BURST64B	2543	nordkap	116158	B	C	core_destroyed	363
2026-08-12T17:20:16Z	BURST64B	2544	antler	116159	A	T	core_destroyed	144
2026-08-12T17:20:18Z	BURST64B	2545	antler	116159	B	T	core_destroyed	297
2026-08-12T17:20:21Z	BURST64B	2546	atoll	116159	A	T	core_destroyed	293
2026-08-12T17:20:23Z	BURST64B	2547	atoll	116159	B	T	core_destroyed	144
2026-08-12T17:20:24Z	BURST64B	2548	drumlin	116159	A	T	core_destroyed	125
2026-08-12T17:20:29Z	BURST64B	2549	drumlin	116159	B	C	core_destroyed	700
2026-08-12T17:20:31Z	BURST64B	2550	fjordgate	116159	A	T	core_destroyed	709
2026-08-12T17:20:33Z	BURST64B	2551	fjordgate	116159	B	T	core_destroyed	278
2026-08-12T17:20:40Z	BURST64B	2552	heart	116159	A	T	core_destroyed	414
2026-08-12T17:20:46Z	BURST64B	2553	heart	116159	B	T	core_destroyed	538
2026-08-12T17:20:50Z	BURST64B	2554	hive	116159	A	T	core_destroyed	245
2026-08-12T17:20:54Z	BURST64B	2555	hive	116159	B	C	core_destroyed	423
2026-08-12T17:20:55Z	BURST64B	2556	meander	116159	A	T	core_destroyed	148
2026-08-12T17:21:00Z	BURST64B	2557	meander	116159	B	T	core_destroyed	599
2026-08-12T17:21:02Z	BURST64B	2558	nordkap	116159	A	T	core_destroyed	151
2026-08-12T17:21:03Z	BURST64B	2559	nordkap	116159	B	C	core_destroyed	209
2026-08-12T17:21:05Z	BURST64B	2560	antler	116160	A	T	core_destroyed	142
2026-08-12T17:21:07Z	BURST64B	2561	antler	116160	B	T	core_destroyed	362
2026-08-12T17:21:08Z	BURST64B	2562	atoll	116160	A	C	core_destroyed	135
2026-08-12T17:21:12Z	BURST64B	2563	atoll	116160	B	T	core_destroyed	443
2026-08-12T17:21:14Z	BURST64B	2564	drumlin	116160	A	T	core_destroyed	125
2026-08-12T17:21:21Z	BURST64B	2565	drumlin	116160	B	T	core_destroyed	463
2026-08-12T17:21:24Z	BURST64B	2566	fjordgate	116160	A	C	core_destroyed	390
2026-08-12T17:21:26Z	BURST64B	2567	fjordgate	116160	B	C	core_destroyed	194
2026-08-12T17:21:29Z	BURST64B	2568	heart	116160	A	C	core_destroyed	293
2026-08-12T17:21:57Z	BURST64B	2569	heart	116160	B	T	tiebreak	1000
2026-08-12T17:22:00Z	BURST64B	2570	hive	116160	A	C	core_destroyed	163
2026-08-12T17:22:01Z	BURST64B	2571	hive	116160	B	C	core_destroyed	121
2026-08-12T17:22:03Z	BURST64B	2572	meander	116160	A	T	core_destroyed	138
2026-08-12T17:22:04Z	BURST64B	2573	meander	116160	B	T	core_destroyed	143
2026-08-12T17:22:06Z	BURST64B	2574	nordkap	116160	A	T	core_destroyed	155
2026-08-12T17:22:07Z	BURST64B	2575	nordkap	116160	B	C	core_destroyed	242
2026-08-12T17:22:11Z	BURST64B	2576	antler	116161	A	T	core_destroyed	291
2026-08-12T17:22:12Z	BURST64B	2577	antler	116161	B	C	core_destroyed	142
2026-08-12T17:22:18Z	BURST64B	2578	atoll	116161	A	C	core_destroyed	719
2026-08-12T17:22:20Z	BURST64B	2579	atoll	116161	B	T	core_destroyed	160
2026-08-12T17:22:25Z	BURST64B	2580	drumlin	116161	A	C	core_destroyed	300
2026-08-12T17:22:32Z	BURST64B	2581	drumlin	116161	B	C	core_destroyed	417
2026-08-12T17:22:34Z	BURST64B	2582	fjordgate	116161	A	T	core_destroyed	165
2026-08-12T17:22:35Z	BURST64B	2583	fjordgate	116161	B	C	core_destroyed	168
2026-08-12T17:22:37Z	BURST64B	2584	heart	116161	A	T	core_destroyed	86
2026-08-12T17:22:39Z	BURST64B	2585	heart	116161	B	C	core_destroyed	105
2026-08-12T17:22:41Z	BURST64B	2586	hive	116161	A	C	core_destroyed	192
2026-08-12T17:22:43Z	BURST64B	2587	hive	116161	B	C	core_destroyed	162
2026-08-12T17:22:45Z	BURST64B	2588	meander	116161	A	T	core_destroyed	130
2026-08-12T17:22:47Z	BURST64B	2589	meander	116161	B	C	core_destroyed	193
2026-08-12T17:22:49Z	BURST64B	2590	nordkap	116161	A	T	core_destroyed	178
2026-08-12T17:22:51Z	BURST64B	2591	nordkap	116161	B	T	tiebreak	1000
2026-08-12T17:22:54Z	BURST64B	2592	antler	116162	A	C	core_destroyed	290
2026-08-12T17:22:57Z	BURST64B	2593	antler	116162	B	T	core_destroyed	199
2026-08-12T17:22:58Z	BURST64B	2594	atoll	116162	A	T	core_destroyed	399
2026-08-12T17:22:59Z	BURST64B	2595	atoll	116162	B	T	core_destroyed	130
2026-08-12T17:23:03Z	BURST64B	2596	drumlin	116162	A	T	core_destroyed	302
2026-08-12T17:23:05Z	BURST64B	2597	drumlin	116162	B	C	core_destroyed	309
2026-08-12T17:23:07Z	BURST64B	2598	fjordgate	116162	A	T	core_destroyed	297
2026-08-12T17:23:08Z	BURST64B	2599	fjordgate	116162	B	T	core_destroyed	164
2026-08-12T17:23:15Z	BURST64B	2600	heart	116162	A	C	core_destroyed	515
2026-08-12T17:23:16Z	BURST64B	2601	heart	116162	B	C	core_destroyed	193
2026-08-12T17:23:19Z	BURST64B	2602	hive	116162	A	C	core_destroyed	128
2026-08-12T17:23:26Z	BURST64B	2603	hive	116162	B	C	core_destroyed	406
2026-08-12T17:23:28Z	BURST64B	2604	meander	116162	A	C	core_destroyed	192
2026-08-12T17:23:30Z	BURST64B	2605	meander	116162	B	C	core_destroyed	240
2026-08-12T17:23:33Z	BURST64B	2606	nordkap	116162	A	T	core_destroyed	287
2026-08-12T17:23:35Z	BURST64B	2607	nordkap	116162	B	C	core_destroyed	180
2026-08-12T17:23:36Z	BURST64B	2608	antler	116163	A	T	core_destroyed	124
2026-08-12T17:23:38Z	BURST64B	2609	antler	116163	B	T	core_destroyed	437
2026-08-12T17:23:41Z	BURST64B	2610	atoll	116163	A	T	tiebreak	1000
2026-08-12T17:23:46Z	BURST64B	2611	atoll	116163	B	T	core_destroyed	562
2026-08-12T17:23:50Z	BURST64B	2612	drumlin	116163	A	C	core_destroyed	292
2026-08-12T17:23:53Z	BURST64B	2613	drumlin	116163	B	C	core_destroyed	292
2026-08-12T17:23:54Z	BURST64B	2614	fjordgate	116163	A	C	core_destroyed	152
2026-08-12T17:23:56Z	BURST64B	2615	fjordgate	116163	B	T	core_destroyed	167
2026-08-12T17:23:59Z	BURST64B	2616	heart	116163	A	C	core_destroyed	312
2026-08-12T17:24:02Z	BURST64B	2617	heart	116163	B	C	core_destroyed	284
2026-08-12T17:24:04Z	BURST64B	2618	hive	116163	A	C	core_destroyed	138
2026-08-12T17:24:09Z	BURST64B	2619	hive	116163	B	T	core_destroyed	383
2026-08-12T17:24:11Z	BURST64B	2620	meander	116163	A	C	core_destroyed	258
2026-08-12T17:24:13Z	BURST64B	2621	meander	116163	B	T	core_destroyed	161
2026-08-12T17:24:14Z	BURST64B	2622	nordkap	116163	A	C	core_destroyed	255
2026-08-12T17:24:16Z	BURST64B	2623	nordkap	116163	B	C	core_destroyed	198
2026-08-12T17:24:18Z	BURST64B	2624	antler	116164	A	T	core_destroyed	403
2026-08-12T17:24:20Z	BURST64B	2625	antler	116164	B	C	core_destroyed	277
2026-08-12T17:24:21Z	BURST64B	2626	atoll	116164	A	T	core_destroyed	143
2026-08-12T17:24:23Z	BURST64B	2627	atoll	116164	B	T	core_destroyed	136
2026-08-12T17:24:25Z	BURST64B	2628	drumlin	116164	A	T	core_destroyed	166
2026-08-12T17:24:27Z	BURST64B	2629	drumlin	116164	B	C	core_destroyed	205
2026-08-12T17:24:29Z	BURST64B	2630	fjordgate	116164	A	T	core_destroyed	268
2026-08-12T17:24:30Z	BURST64B	2631	fjordgate	116164	B	C	core_destroyed	184
2026-08-12T17:24:45Z	BURST64B	2632	heart	116164	A	C	tiebreak	1000
2026-08-12T17:24:47Z	BURST64B	2633	heart	116164	B	C	core_destroyed	98
2026-08-12T17:24:50Z	BURST64B	2634	hive	116164	A	T	core_destroyed	204
2026-08-12T17:24:52Z	BURST64B	2635	hive	116164	B	C	core_destroyed	106
2026-08-12T17:24:54Z	BURST64B	2636	meander	116164	A	C	core_destroyed	227
2026-08-12T17:24:58Z	BURST64B	2637	meander	116164	B	T	core_destroyed	343
2026-08-12T17:24:59Z	BURST64B	2638	nordkap	116164	A	C	core_destroyed	251
2026-08-12T17:25:02Z	BURST64B	2639	nordkap	116164	B	C	core_destroyed	358
2026-08-12T17:25:04Z	BURST64B	2640	antler	116165	A	T	core_destroyed	125
2026-08-12T17:25:05Z	BURST64B	2641	antler	116165	B	T	core_destroyed	120
2026-08-12T17:25:07Z	BURST64B	2642	atoll	116165	A	C	core_destroyed	103
2026-08-12T17:25:08Z	BURST64B	2643	atoll	116165	B	C	core_destroyed	171
2026-08-12T17:25:10Z	BURST64B	2644	drumlin	116165	A	T	core_destroyed	152
2026-08-12T17:25:12Z	BURST64B	2645	drumlin	116165	B	C	core_destroyed	190
2026-08-12T17:25:14Z	BURST64B	2646	fjordgate	116165	A	C	core_destroyed	157
2026-08-12T17:25:16Z	BURST64B	2647	fjordgate	116165	B	C	core_destroyed	184
2026-08-12T17:25:19Z	BURST64B	2648	heart	116165	A	T	core_destroyed	325
2026-08-12T17:25:25Z	BURST64B	2649	heart	116165	B	C	core_destroyed	644
2026-08-12T17:25:27Z	BURST64B	2650	hive	116165	A	C	core_destroyed	113
2026-08-12T17:25:29Z	BURST64B	2651	hive	116165	B	C	core_destroyed	180
2026-08-12T17:25:30Z	BURST64B	2652	meander	116165	A	C	core_destroyed	89
2026-08-12T17:25:33Z	BURST64B	2653	meander	116165	B	T	core_destroyed	230
2026-08-12T17:25:36Z	BURST64B	2654	nordkap	116165	A	T	core_destroyed	346
2026-08-12T17:25:37Z	BURST64B	2655	nordkap	116165	B	C	core_destroyed	133
2026-08-12T17:25:40Z	BURST64B	2656	antler	116166	A	C	core_destroyed	367
2026-08-12T17:25:42Z	BURST64B	2657	antler	116166	B	C	core_destroyed	150
2026-08-12T17:25:44Z	BURST64B	2658	atoll	116166	A	C	core_destroyed	894
2026-08-12T17:25:47Z	BURST64B	2659	atoll	116166	B	C	tiebreak	1000
2026-08-12T17:25:51Z	BURST64B	2660	drumlin	116166	A	T	core_destroyed	384
2026-08-12T17:25:53Z	BURST64B	2661	drumlin	116166	B	C	core_destroyed	226
2026-08-12T17:25:56Z	BURST64B	2662	fjordgate	116166	A	T	tiebreak	1000
2026-08-12T17:25:57Z	BURST64B	2663	fjordgate	116166	B	T	core_destroyed	111
2026-08-12T17:26:01Z	BURST64B	2664	heart	116166	A	C	core_destroyed	245
2026-08-12T17:26:03Z	BURST64B	2665	heart	116166	B	C	core_destroyed	159
2026-08-12T17:26:05Z	BURST64B	2666	hive	116166	A	C	core_destroyed	160
2026-08-12T17:26:08Z	BURST64B	2667	hive	116166	B	C	core_destroyed	254
2026-08-12T17:26:11Z	BURST64B	2668	meander	116166	A	T	core_destroyed	396
2026-08-12T17:26:13Z	BURST64B	2669	meander	116166	B	C	core_destroyed	191
2026-08-12T17:26:17Z	BURST64B	2670	nordkap	116166	A	C	core_destroyed	506
2026-08-12T17:26:18Z	BURST64B	2671	nordkap	116166	B	C	core_destroyed	174
2026-08-12T17:26:21Z	BURST64B	2672	antler	116167	A	C	core_destroyed	216
2026-08-12T17:26:23Z	BURST64B	2673	antler	116167	B	T	core_destroyed	511
2026-08-12T17:26:25Z	BURST64B	2674	atoll	116167	A	C	core_destroyed	335
2026-08-12T17:26:28Z	BURST64B	2675	atoll	116167	B	C	core_destroyed	556
2026-08-12T17:26:31Z	BURST64B	2676	drumlin	116167	A	T	core_destroyed	145
2026-08-12T17:26:32Z	BURST64B	2677	drumlin	116167	B	C	core_destroyed	128
2026-08-12T17:26:34Z	BURST64B	2678	fjordgate	116167	A	T	core_destroyed	214
2026-08-12T17:26:35Z	BURST64B	2679	fjordgate	116167	B	T	core_destroyed	317
2026-08-12T17:26:38Z	BURST64B	2680	heart	116167	A	T	core_destroyed	301
2026-08-12T17:26:40Z	BURST64B	2681	heart	116167	B	C	core_destroyed	197
2026-08-12T17:26:42Z	BURST64B	2682	hive	116167	A	T	core_destroyed	124
2026-08-12T17:26:46Z	BURST64B	2683	hive	116167	B	C	core_destroyed	244
2026-08-12T17:26:48Z	BURST64B	2684	meander	116167	A	C	core_destroyed	162
2026-08-12T17:26:50Z	BURST64B	2685	meander	116167	B	C	core_destroyed	147
2026-08-12T17:26:51Z	BURST64B	2686	nordkap	116167	A	T	core_destroyed	102
2026-08-12T17:26:53Z	BURST64B	2687	nordkap	116167	B	T	tiebreak	1000
2026-08-12T17:26:55Z	BURST64B	2688	antler	116168	A	T	core_destroyed	177
2026-08-12T17:26:57Z	BURST64B	2689	antler	116168	B	T	core_destroyed	195
2026-08-12T17:26:59Z	BURST64B	2690	atoll	116168	A	C	tiebreak	1000
2026-08-12T17:27:01Z	BURST64B	2691	atoll	116168	B	T	core_destroyed	188
2026-08-12T17:27:04Z	BURST64B	2692	drumlin	116168	A	C	core_destroyed	234
2026-08-12T17:27:09Z	BURST64B	2693	drumlin	116168	B	T	core_destroyed	277
2026-08-12T17:27:11Z	BURST64B	2694	fjordgate	116168	A	C	core_destroyed	134
2026-08-12T17:27:13Z	BURST64B	2695	fjordgate	116168	B	T	core_destroyed	398
2026-08-12T17:27:15Z	BURST64B	2696	heart	116168	A	T	core_destroyed	129
2026-08-12T17:27:19Z	BURST64B	2697	heart	116168	B	C	core_destroyed	461
2026-08-12T17:27:21Z	BURST64B	2698	hive	116168	A	C	core_destroyed	153
2026-08-12T17:27:25Z	BURST64B	2699	hive	116168	B	C	tiebreak	209
2026-08-12T17:27:27Z	BURST64B	2700	meander	116168	A	C	core_destroyed	221
2026-08-12T17:27:28Z	BURST64B	2701	meander	116168	B	T	core_destroyed	116
2026-08-12T17:27:29Z	BURST64B	2702	nordkap	116168	A	T	core_destroyed	181
2026-08-12T17:27:31Z	BURST64B	2703	nordkap	116168	B	C	core_destroyed	159
2026-08-12T17:27:34Z	BURST64B	2704	antler	116169	A	C	tiebreak	1000
2026-08-12T17:27:35Z	BURST64B	2705	antler	116169	B	T	core_destroyed	147
2026-08-12T17:27:39Z	BURST64B	2706	atoll	116169	A	T	core_destroyed	354
2026-08-12T17:27:40Z	BURST64B	2707	atoll	116169	B	C	core_destroyed	373
2026-08-12T17:27:45Z	BURST64B	2708	drumlin	116169	A	T	core_destroyed	302
2026-08-12T17:27:46Z	BURST64B	2709	drumlin	116169	B	C	core_destroyed	131
2026-08-12T17:27:48Z	BURST64B	2710	fjordgate	116169	A	T	core_destroyed	184
2026-08-12T17:27:49Z	BURST64B	2711	fjordgate	116169	B	C	core_destroyed	443
2026-08-12T17:27:53Z	BURST64B	2712	heart	116169	A	C	core_destroyed	225
2026-08-12T17:27:55Z	BURST64B	2713	heart	116169	B	C	core_destroyed	172
2026-08-12T17:27:59Z	BURST64B	2714	hive	116169	A	C	core_destroyed	251
2026-08-12T17:28:01Z	BURST64B	2715	hive	116169	B	C	core_destroyed	158
2026-08-12T17:28:03Z	BURST64B	2716	meander	116169	A	C	core_destroyed	152
2026-08-12T17:28:05Z	BURST64B	2717	meander	116169	B	C	core_destroyed	260
2026-08-12T17:28:07Z	BURST64B	2718	nordkap	116169	A	T	core_destroyed	255
2026-08-12T17:28:08Z	BURST64B	2719	nordkap	116169	B	C	core_destroyed	324
2026-08-12T17:28:10Z	BURST64B	2720	antler	116170	A	T	core_destroyed	403
2026-08-12T17:28:12Z	BURST64B	2721	antler	116170	B	C	core_destroyed	326
2026-08-12T17:28:15Z	BURST64B	2722	atoll	116170	A	C	core_destroyed	461
2026-08-12T17:28:17Z	BURST64B	2723	atoll	116170	B	T	core_destroyed	351
2026-08-12T17:28:20Z	BURST64B	2724	drumlin	116170	A	T	core_destroyed	200
2026-08-12T17:28:21Z	BURST64B	2725	drumlin	116170	B	T	core_destroyed	108
2026-08-12T17:28:22Z	BURST64B	2726	fjordgate	116170	A	T	core_destroyed	113
2026-08-12T17:28:24Z	BURST64B	2727	fjordgate	116170	B	C	core_destroyed	170
2026-08-12T17:28:26Z	BURST64B	2728	heart	116170	A	T	core_destroyed	175
2026-08-12T17:28:44Z	BURST64B	2729	heart	116170	B	T	tiebreak	1000
2026-08-12T17:28:45Z	BURST64B	2730	hive	116170	A	T	core_destroyed	109
2026-08-12T17:28:47Z	BURST64B	2731	hive	116170	B	C	core_destroyed	168
2026-08-12T17:28:49Z	BURST64B	2732	meander	116170	A	T	core_destroyed	192
2026-08-12T17:28:51Z	BURST64B	2733	meander	116170	B	C	core_destroyed	199
2026-08-12T17:28:52Z	BURST64B	2734	nordkap	116170	A	C	core_destroyed	417
2026-08-12T17:28:54Z	BURST64B	2735	nordkap	116170	B	C	core_destroyed	95
2026-08-12T17:28:55Z	BURST64B	2736	antler	116171	A	T	core_destroyed	208
2026-08-12T17:28:57Z	BURST64B	2737	antler	116171	B	T	core_destroyed	95
2026-08-12T17:29:02Z	BURST64B	2738	atoll	116171	A	T	core_destroyed	433
2026-08-12T17:29:04Z	BURST64B	2739	atoll	116171	B	T	core_destroyed	405
2026-08-12T17:29:08Z	BURST64B	2740	drumlin	116171	A	T	core_destroyed	227
2026-08-12T17:29:09Z	BURST64B	2741	drumlin	116171	B	C	core_destroyed	93
2026-08-12T17:29:10Z	BURST64B	2742	fjordgate	116171	A	C	core_destroyed	221
2026-08-12T17:29:12Z	BURST64B	2743	fjordgate	116171	B	C	core_destroyed	94
2026-08-12T17:29:13Z	BURST64B	2744	heart	116171	A	T	core_destroyed	100
2026-08-12T17:29:20Z	BURST64B	2745	heart	116171	B	T	core_destroyed	596
2026-08-12T17:29:28Z	BURST64B	2746	hive	116171	A	C	core_destroyed	481
2026-08-12T17:29:41Z	BURST64B	2747	hive	116171	B	T	tiebreak	1000
2026-08-12T17:29:43Z	BURST64B	2748	meander	116171	A	C	core_destroyed	307
2026-08-12T17:29:45Z	BURST64B	2749	meander	116171	B	C	core_destroyed	354
2026-08-12T17:29:48Z	BURST64B	2750	nordkap	116171	A	T	core_destroyed	243
2026-08-12T17:29:50Z	BURST64B	2751	nordkap	116171	B	T	core_destroyed	207
2026-08-12T17:29:52Z	BURST64B	2752	antler	116172	A	T	core_destroyed	172
2026-08-12T17:29:53Z	BURST64B	2753	antler	116172	B	C	core_destroyed	257
2026-08-12T17:29:55Z	BURST64B	2754	atoll	116172	A	T	core_destroyed	81
2026-08-12T17:29:57Z	BURST64B	2755	atoll	116172	B	C	core_destroyed	221
2026-08-12T17:29:59Z	BURST64B	2756	drumlin	116172	A	T	core_destroyed	122
2026-08-12T17:30:01Z	BURST64B	2757	drumlin	116172	B	C	core_destroyed	163
2026-08-12T17:30:02Z	BURST64B	2758	fjordgate	116172	A	T	core_destroyed	105
2026-08-12T17:30:03Z	BURST64B	2759	fjordgate	116172	B	C	core_destroyed	245
2026-08-12T17:30:05Z	BURST64B	2760	heart	116172	A	T	core_destroyed	130
2026-08-12T17:30:09Z	BURST64B	2761	heart	116172	B	T	core_destroyed	206
2026-08-12T17:30:16Z	BURST64B	2762	hive	116172	A	C	core_destroyed	465
2026-08-12T17:30:18Z	BURST64B	2763	hive	116172	B	T	core_destroyed	170
2026-08-12T17:30:19Z	BURST64B	2764	meander	116172	A	T	core_destroyed	162
2026-08-12T17:30:20Z	BURST64B	2765	meander	116172	B	C	core_destroyed	133
2026-08-12T17:30:22Z	BURST64B	2766	nordkap	116172	A	C	core_destroyed	151
2026-08-12T17:30:24Z	BURST64B	2767	nordkap	116172	B	C	core_destroyed	224
2026-08-12T17:30:26Z	BURST64B	2768	antler	116173	A	C	core_destroyed	104
2026-08-12T17:30:27Z	BURST64B	2769	antler	116173	B	C	core_destroyed	114
2026-08-12T17:30:29Z	BURST64B	2770	atoll	116173	A	C	core_destroyed	155
2026-08-12T17:30:30Z	BURST64B	2771	atoll	116173	B	T	core_destroyed	118
2026-08-12T17:30:32Z	BURST64B	2772	drumlin	116173	A	T	core_destroyed	117
2026-08-12T17:30:33Z	BURST64B	2773	drumlin	116173	B	T	core_destroyed	204
2026-08-12T17:30:35Z	BURST64B	2774	fjordgate	116173	A	T	core_destroyed	153
2026-08-12T17:30:36Z	BURST64B	2775	fjordgate	116173	B	T	core_destroyed	304
2026-08-12T17:30:45Z	BURST64B	2776	heart	116173	A	T	core_destroyed	735
2026-08-12T17:31:04Z	BURST64B	2777	heart	116173	B	T	tiebreak	1000
2026-08-12T17:31:10Z	BURST64B	2778	hive	116173	A	T	core_destroyed	309
2026-08-12T17:31:11Z	BURST64B	2779	hive	116173	B	T	core_destroyed	81
2026-08-12T17:31:13Z	BURST64B	2780	meander	116173	A	T	core_destroyed	203
2026-08-12T17:31:14Z	BURST64B	2781	meander	116173	B	C	core_destroyed	168
2026-08-12T17:31:17Z	BURST64B	2782	nordkap	116173	A	C	core_destroyed	893
2026-08-12T17:31:18Z	BURST64B	2783	nordkap	116173	B	C	core_destroyed	245
2026-08-12T17:31:20Z	BURST64B	2784	antler	116174	A	C	core_destroyed	258
2026-08-12T17:31:22Z	BURST64B	2785	antler	116174	B	T	core_destroyed	308
2026-08-12T17:31:23Z	BURST64B	2786	atoll	116174	A	T	core_destroyed	156
2026-08-12T17:31:25Z	BURST64B	2787	atoll	116174	B	T	core_destroyed	190
2026-08-12T17:31:28Z	BURST64B	2788	drumlin	116174	A	C	core_destroyed	202
2026-08-12T17:31:32Z	BURST64B	2789	drumlin	116174	B	T	core_destroyed	297
2026-08-12T17:31:34Z	BURST64B	2790	fjordgate	116174	A	T	core_destroyed	249
2026-08-12T17:31:36Z	BURST64B	2791	fjordgate	116174	B	C	tiebreak	1000
2026-08-12T17:31:40Z	BURST64B	2792	heart	116174	A	C	core_destroyed	263
2026-08-12T17:31:44Z	BURST64B	2793	heart	116174	B	T	core_destroyed	245
2026-08-12T17:31:47Z	BURST64B	2794	hive	116174	A	C	core_destroyed	190
2026-08-12T17:31:49Z	BURST64B	2795	hive	116174	B	T	core_destroyed	134
2026-08-12T17:31:54Z	BURST64B	2796	meander	116174	A	T	tiebreak	1000
2026-08-12T17:31:56Z	BURST64B	2797	meander	116174	B	C	core_destroyed	229
2026-08-12T17:31:58Z	BURST64B	2798	nordkap	116174	A	C	core_destroyed	212
2026-08-12T17:32:03Z	BURST64B	2799	nordkap	116174	B	T	core_destroyed	414
2026-08-12T17:32:06Z	BURST64B	2800	antler	116175	A	C	core_destroyed	240
2026-08-12T17:32:08Z	BURST64B	2801	antler	116175	B	T	core_destroyed	178
2026-08-12T17:32:09Z	BURST64B	2802	atoll	116175	A	T	core_destroyed	303
2026-08-12T17:32:11Z	BURST64B	2803	atoll	116175	B	T	core_destroyed	188
2026-08-12T17:32:13Z	BURST64B	2804	drumlin	116175	A	T	core_destroyed	176
2026-08-12T17:32:14Z	BURST64B	2805	drumlin	116175	B	T	core_destroyed	120
2026-08-12T17:32:16Z	BURST64B	2806	fjordgate	116175	A	T	core_destroyed	504
2026-08-12T17:32:17Z	BURST64B	2807	fjordgate	116175	B	T	core_destroyed	217
2026-08-12T17:32:21Z	BURST64B	2808	heart	116175	A	C	core_destroyed	199
2026-08-12T17:32:23Z	BURST64B	2809	heart	116175	B	C	core_destroyed	136
2026-08-12T17:32:27Z	BURST64B	2810	hive	116175	A	C	core_destroyed	243
2026-08-12T17:32:29Z	BURST64B	2811	hive	116175	B	C	core_destroyed	202
2026-08-12T17:32:31Z	BURST64B	2812	meander	116175	A	T	core_destroyed	481
2026-08-12T17:32:33Z	BURST64B	2813	meander	116175	B	C	core_destroyed	137
2026-08-12T17:32:35Z	BURST64B	2814	nordkap	116175	A	C	core_destroyed	276
2026-08-12T17:32:36Z	BURST64B	2815	nordkap	116175	B	T	core_destroyed	256
2026-08-12T17:32:38Z	BURST64B	2816	antler	116176	A	C	core_destroyed	148
2026-08-12T17:32:41Z	BURST64B	2817	antler	116176	B	C	core_destroyed	354
2026-08-12T17:32:43Z	BURST64B	2818	atoll	116176	A	C	core_destroyed	191
2026-08-12T17:32:44Z	BURST64B	2819	atoll	116176	B	T	core_destroyed	96
2026-08-12T17:32:45Z	BURST64B	2820	drumlin	116176	A	T	core_destroyed	139
2026-08-12T17:32:49Z	BURST64B	2821	drumlin	116176	B	C	core_destroyed	368
2026-08-12T17:32:50Z	BURST64B	2822	fjordgate	116176	A	T	core_destroyed	135
2026-08-12T17:32:57Z	BURST64B	2823	fjordgate	116176	B	T	core_destroyed	966
2026-08-12T17:32:59Z	BURST64B	2824	heart	116176	A	T	core_destroyed	122
2026-08-12T17:33:02Z	BURST64B	2825	heart	116176	B	C	core_destroyed	168
2026-08-12T17:33:04Z	BURST64B	2826	hive	116176	A	C	core_destroyed	200
2026-08-12T17:33:07Z	BURST64B	2827	hive	116176	B	T	core_destroyed	186
2026-08-12T17:33:09Z	BURST64B	2828	meander	116176	A	T	core_destroyed	215
2026-08-12T17:33:10Z	BURST64B	2829	meander	116176	B	C	core_destroyed	174
2026-08-12T17:33:12Z	BURST64B	2830	nordkap	116176	A	T	core_destroyed	207
2026-08-12T17:33:14Z	BURST64B	2831	nordkap	116176	B	C	core_destroyed	124
2026-08-12T17:33:16Z	BURST64B	2832	antler	116177	A	T	core_destroyed	125
2026-08-12T17:33:18Z	BURST64B	2833	antler	116177	B	C	core_destroyed	256
2026-08-12T17:33:22Z	BURST64B	2834	atoll	116177	A	C	core_destroyed	442
2026-08-12T17:33:24Z	BURST64B	2835	atoll	116177	B	T	tiebreak	1000
2026-08-12T17:33:26Z	BURST64B	2836	drumlin	116177	A	T	core_destroyed	112
2026-08-12T17:33:28Z	BURST64B	2837	drumlin	116177	B	C	core_destroyed	133
2026-08-12T17:33:29Z	BURST64B	2838	fjordgate	116177	A	T	core_destroyed	106
2026-08-12T17:33:30Z	BURST64B	2839	fjordgate	116177	B	T	core_destroyed	122
2026-08-12T17:33:32Z	BURST64B	2840	heart	116177	A	T	core_destroyed	115
2026-08-12T17:33:36Z	BURST64B	2841	heart	116177	B	C	core_destroyed	464
2026-08-12T17:33:38Z	BURST64B	2842	hive	116177	A	C	core_destroyed	138
2026-08-12T17:33:40Z	BURST64B	2843	hive	116177	B	T	core_destroyed	148
2026-08-12T17:33:41Z	BURST64B	2844	meander	116177	A	T	core_destroyed	203
2026-08-12T17:33:43Z	BURST64B	2845	meander	116177	B	C	core_destroyed	135
2026-08-12T17:33:44Z	BURST64B	2846	nordkap	116177	A	T	core_destroyed	164
2026-08-12T17:33:46Z	BURST64B	2847	nordkap	116177	B	T	core_destroyed	202
2026-08-12T17:33:48Z	BURST64B	2848	antler	116178	A	T	core_destroyed	267
2026-08-12T17:33:52Z	BURST64B	2849	antler	116178	B	C	core_destroyed	464
2026-08-12T17:33:53Z	BURST64B	2850	atoll	116178	A	C	core_destroyed	120
2026-08-12T17:33:55Z	BURST64B	2851	atoll	116178	B	T	core_destroyed	181
2026-08-12T17:34:02Z	BURST64B	2852	drumlin	116178	A	C	core_destroyed	438
2026-08-12T17:34:03Z	BURST64B	2853	drumlin	116178	B	C	core_destroyed	124
2026-08-12T17:34:05Z	BURST64B	2854	fjordgate	116178	A	T	core_destroyed	143
2026-08-12T17:34:07Z	BURST64B	2855	fjordgate	116178	B	C	core_destroyed	817
2026-08-12T17:34:10Z	BURST64B	2856	heart	116178	A	T	core_destroyed	285
2026-08-12T17:34:11Z	BURST64B	2857	heart	116178	B	C	core_destroyed	176
2026-08-12T17:34:13Z	BURST64B	2858	hive	116178	A	C	core_destroyed	109
2026-08-12T17:34:16Z	BURST64B	2859	hive	116178	B	T	core_destroyed	260
2026-08-12T17:34:17Z	BURST64B	2860	meander	116178	A	C	core_destroyed	435
2026-08-12T17:34:19Z	BURST64B	2861	meander	116178	B	C	core_destroyed	118
2026-08-12T17:34:20Z	BURST64B	2862	nordkap	116178	A	T	core_destroyed	181
2026-08-12T17:34:24Z	BURST64B	2863	nordkap	116178	B	T	core_destroyed	336
2026-08-12T17:34:25Z	BURST64B	2864	antler	116179	A	C	core_destroyed	103
2026-08-12T17:34:28Z	BURST64B	2865	antler	116179	B	T	core_destroyed	505
2026-08-12T17:34:30Z	BURST64B	2866	atoll	116179	A	C	core_destroyed	215
2026-08-12T17:34:33Z	BURST64B	2867	atoll	116179	B	C	core_destroyed	437
2026-08-12T17:34:35Z	BURST64B	2868	drumlin	116179	A	C	core_destroyed	140
2026-08-12T17:34:36Z	BURST64B	2869	drumlin	116179	B	C	core_destroyed	140
2026-08-12T17:34:38Z	BURST64B	2870	fjordgate	116179	A	C	core_destroyed	215
2026-08-12T17:34:40Z	BURST64B	2871	fjordgate	116179	B	T	core_destroyed	335
2026-08-12T17:34:42Z	BURST64B	2872	heart	116179	A	T	core_destroyed	183
2026-08-12T17:34:57Z	BURST64B	2873	heart	116179	B	C	core_destroyed	997
2026-08-12T17:35:00Z	BURST64B	2874	hive	116179	A	C	core_destroyed	198
2026-08-12T17:35:03Z	BURST64B	2875	hive	116179	B	T	core_destroyed	200
2026-08-12T17:35:05Z	BURST64B	2876	meander	116179	A	T	core_destroyed	256
2026-08-12T17:35:07Z	BURST64B	2877	meander	116179	B	C	core_destroyed	209
2026-08-12T17:35:09Z	BURST64B	2878	nordkap	116179	A	C	core_destroyed	254
2026-08-12T17:35:11Z	BURST64B	2879	nordkap	116179	B	T	core_destroyed	199
2026-08-12T17:35:13Z	BURST64B	2880	antler	116180	A	C	core_destroyed	117
2026-08-12T17:35:14Z	BURST64B	2881	antler	116180	B	C	core_destroyed	225
2026-08-12T17:35:16Z	BURST64B	2882	atoll	116180	A	T	core_destroyed	187
2026-08-12T17:35:21Z	BURST64B	2883	atoll	116180	B	C	core_destroyed	544
2026-08-12T17:35:22Z	BURST64B	2884	drumlin	116180	A	T	core_destroyed	134
2026-08-12T17:35:31Z	BURST64B	2885	drumlin	116180	B	T	core_destroyed	450
2026-08-12T17:35:33Z	BURST64B	2886	fjordgate	116180	A	C	core_destroyed	646
2026-08-12T17:35:34Z	BURST64B	2887	fjordgate	116180	B	T	core_destroyed	116
2026-08-12T17:35:36Z	BURST64B	2888	heart	116180	A	T	core_destroyed	184
2026-08-12T17:35:38Z	BURST64B	2889	heart	116180	B	C	core_destroyed	119
2026-08-12T17:35:43Z	BURST64B	2890	hive	116180	A	T	core_destroyed	309
2026-08-12T17:35:45Z	BURST64B	2891	hive	116180	B	C	core_destroyed	145
2026-08-12T17:35:47Z	BURST64B	2892	meander	116180	A	C	core_destroyed	204
2026-08-12T17:35:49Z	BURST64B	2893	meander	116180	B	C	core_destroyed	215
2026-08-12T17:35:50Z	BURST64B	2894	nordkap	116180	A	C	core_destroyed	150
2026-08-12T17:35:52Z	BURST64B	2895	nordkap	116180	B	C	core_destroyed	158
2026-08-12T17:35:55Z	BURST64B	2896	antler	116181	A	T	core_destroyed	473
2026-08-12T17:35:57Z	BURST64B	2897	antler	116181	B	C	core_destroyed	330
2026-08-12T17:36:00Z	BURST64B	2898	atoll	116181	A	C	core_destroyed	261
2026-08-12T17:36:02Z	BURST64B	2899	atoll	116181	B	C	core_destroyed	183
2026-08-12T17:36:04Z	BURST64B	2900	drumlin	116181	A	T	core_destroyed	176
2026-08-12T17:36:05Z	BURST64B	2901	drumlin	116181	B	T	core_destroyed	130
2026-08-12T17:36:08Z	BURST64B	2902	fjordgate	116181	A	T	core_destroyed	232
2026-08-12T17:36:09Z	BURST64B	2903	fjordgate	116181	B	C	core_destroyed	119
2026-08-12T17:36:14Z	BURST64B	2904	heart	116181	A	C	core_destroyed	382
2026-08-12T17:36:18Z	BURST64B	2905	heart	116181	B	T	core_destroyed	451
2026-08-12T17:36:20Z	BURST64B	2906	hive	116181	A	C	core_destroyed	106
2026-08-12T17:36:25Z	BURST64B	2907	hive	116181	B	C	core_destroyed	346
2026-08-12T17:36:27Z	BURST64B	2908	meander	116181	A	T	core_destroyed	196
2026-08-12T17:36:28Z	BURST64B	2909	meander	116181	B	T	core_destroyed	186
2026-08-12T17:36:31Z	BURST64B	2910	nordkap	116181	A	T	core_destroyed	447
2026-08-12T17:36:32Z	BURST64B	2911	nordkap	116181	B	T	core_destroyed	222
2026-08-12T17:36:34Z	BURST64B	2912	antler	116182	A	C	core_destroyed	352
2026-08-12T17:36:37Z	BURST64B	2913	antler	116182	B	C	tiebreak	1000
2026-08-12T17:36:39Z	BURST64B	2914	atoll	116182	A	T	core_destroyed	136
2026-08-12T17:36:41Z	BURST64B	2915	atoll	116182	B	C	core_destroyed	194
2026-08-12T17:36:43Z	BURST64B	2916	drumlin	116182	A	C	core_destroyed	228
2026-08-12T17:36:47Z	BURST64B	2917	drumlin	116182	B	C	core_destroyed	318
2026-08-12T17:36:49Z	BURST64B	2918	fjordgate	116182	A	C	core_destroyed	268
2026-08-12T17:36:50Z	BURST64B	2919	fjordgate	116182	B	C	core_destroyed	195
2026-08-12T17:36:53Z	BURST64B	2920	heart	116182	A	T	core_destroyed	133
2026-08-12T17:36:54Z	BURST64B	2921	heart	116182	B	C	core_destroyed	288
2026-08-12T17:37:01Z	BURST64B	2922	hive	116182	A	C	core_destroyed	470
2026-08-12T17:37:03Z	BURST64B	2923	hive	116182	B	C	core_destroyed	205
2026-08-12T17:37:04Z	BURST64B	2924	meander	116182	A	C	core_destroyed	127
2026-08-12T17:37:06Z	BURST64B	2925	meander	116182	B	T	core_destroyed	266
2026-08-12T17:37:07Z	BURST64B	2926	nordkap	116182	A	C	core_destroyed	205
2026-08-12T17:37:10Z	BURST64B	2927	nordkap	116182	B	T	core_destroyed	359
2026-08-12T17:37:13Z	BURST64B	2928	antler	116183	A	T	core_destroyed	233
2026-08-12T17:37:16Z	BURST64B	2929	antler	116183	B	T	core_destroyed	493
2026-08-12T17:37:17Z	BURST64B	2930	atoll	116183	A	T	core_destroyed	233
2026-08-12T17:37:21Z	BURST64B	2931	atoll	116183	B	C	core_destroyed	377
2026-08-12T17:37:23Z	BURST64B	2932	drumlin	116183	A	T	core_destroyed	172
2026-08-12T17:37:24Z	BURST64B	2933	drumlin	116183	B	C	core_destroyed	118
2026-08-12T17:37:25Z	BURST64B	2934	fjordgate	116183	A	C	core_destroyed	141
2026-08-12T17:37:27Z	BURST64B	2935	fjordgate	116183	B	C	core_destroyed	212
2026-08-12T17:37:34Z	BURST64B	2936	heart	116183	A	C	core_destroyed	533
2026-08-12T17:37:36Z	BURST64B	2937	heart	116183	B	C	core_destroyed	274
2026-08-12T17:37:38Z	BURST64B	2938	hive	116183	A	T	core_destroyed	120
2026-08-12T17:37:39Z	BURST64B	2939	hive	116183	B	T	core_destroyed	73
2026-08-12T17:37:41Z	BURST64B	2940	meander	116183	A	C	core_destroyed	152
2026-08-12T17:37:42Z	BURST64B	2941	meander	116183	B	T	core_destroyed	153
2026-08-12T17:37:44Z	BURST64B	2942	nordkap	116183	A	T	core_destroyed	179
2026-08-12T17:37:46Z	BURST64B	2943	nordkap	116183	B	T	core_destroyed	347
2026-08-12T17:37:50Z	BURST64B	2944	antler	116184	A	C	core_destroyed	380
2026-08-12T17:37:51Z	BURST64B	2945	antler	116184	B	C	core_destroyed	560
2026-08-12T17:37:52Z	BURST64B	2946	atoll	116184	A	C	core_destroyed	95
2026-08-12T17:37:54Z	BURST64B	2947	atoll	116184	B	T	core_destroyed	70
2026-08-12T17:37:57Z	BURST64B	2948	drumlin	116184	A	T	core_destroyed	191
2026-08-12T17:37:59Z	BURST64B	2949	drumlin	116184	B	T	core_destroyed	92
2026-08-12T17:38:00Z	BURST64B	2950	fjordgate	116184	A	C	core_destroyed	189
2026-08-12T17:38:02Z	BURST64B	2951	fjordgate	116184	B	T	core_destroyed	245
2026-08-12T17:38:05Z	BURST64B	2952	heart	116184	A	C	core_destroyed	187
2026-08-12T17:38:08Z	BURST64B	2953	heart	116184	B	T	core_destroyed	199
2026-08-12T17:38:11Z	BURST64B	2954	hive	116184	A	C	core_destroyed	196
2026-08-12T17:38:15Z	BURST64B	2955	hive	116184	B	T	core_destroyed	361
2026-08-12T17:38:16Z	BURST64B	2956	meander	116184	A	C	core_destroyed	181
2026-08-12T17:38:18Z	BURST64B	2957	meander	116184	B	T	core_destroyed	175
2026-08-12T17:38:20Z	BURST64B	2958	nordkap	116184	A	T	core_destroyed	469
2026-08-12T17:38:23Z	BURST64B	2959	nordkap	116184	B	C	core_destroyed	418
2026-08-12T17:38:25Z	BURST64B	2960	antler	116185	A	T	core_destroyed	264
2026-08-12T17:38:26Z	BURST64B	2961	antler	116185	B	C	core_destroyed	165
2026-08-12T17:38:27Z	BURST64B	2962	atoll	116185	A	T	core_destroyed	120
2026-08-12T17:38:29Z	BURST64B	2963	atoll	116185	B	T	core_destroyed	156
2026-08-12T17:38:31Z	BURST64B	2964	drumlin	116185	A	T	core_destroyed	232
2026-08-12T17:38:33Z	BURST64B	2965	drumlin	116185	B	T	core_destroyed	170
2026-08-12T17:38:34Z	BURST64B	2966	fjordgate	116185	A	T	core_destroyed	279
2026-08-12T17:38:36Z	BURST64B	2967	fjordgate	116185	B	C	core_destroyed	242
2026-08-12T17:38:49Z	BURST64B	2968	heart	116185	A	C	core_destroyed	668
2026-08-12T17:38:52Z	BURST64B	2969	heart	116185	B	C	core_destroyed	753
2026-08-12T17:38:54Z	BURST64B	2970	hive	116185	A	C	core_destroyed	158
2026-08-12T17:38:55Z	BURST64B	2971	hive	116185	B	C	core_destroyed	81
2026-08-12T17:38:58Z	BURST64B	2972	meander	116185	A	T	tiebreak	1000
2026-08-12T17:39:00Z	BURST64B	2973	meander	116185	B	C	core_destroyed	157
2026-08-12T17:39:01Z	BURST64B	2974	nordkap	116185	A	T	core_destroyed	213
2026-08-12T17:39:03Z	BURST64B	2975	nordkap	116185	B	C	core_destroyed	269
2026-08-12T17:39:06Z	BURST64B	2976	antler	116186	A	C	core_destroyed	379
2026-08-12T17:39:07Z	BURST64B	2977	antler	116186	B	C	core_destroyed	218
2026-08-12T17:39:08Z	BURST64B	2978	atoll	116186	A	C	core_destroyed	108
2026-08-12T17:39:10Z	BURST64B	2979	atoll	116186	B	C	core_destroyed	313
2026-08-12T17:39:11Z	BURST64B	2980	drumlin	116186	A	T	core_destroyed	95
2026-08-12T17:39:13Z	BURST64B	2981	drumlin	116186	B	T	core_destroyed	239
2026-08-12T17:39:14Z	BURST64B	2982	fjordgate	116186	A	T	core_destroyed	209
2026-08-12T17:39:16Z	BURST64B	2983	fjordgate	116186	B	C	core_destroyed	183
2026-08-12T17:39:33Z	BURST64B	2984	heart	116186	A	T	tiebreak	1000
2026-08-12T17:39:35Z	BURST64B	2985	heart	116186	B	T	tiebreak	1000
2026-08-12T17:39:39Z	BURST64B	2986	hive	116186	A	C	core_destroyed	207
2026-08-12T17:39:40Z	BURST64B	2987	hive	116186	B	C	core_destroyed	184
2026-08-12T17:39:42Z	BURST64B	2988	meander	116186	A	C	core_destroyed	140
2026-08-12T17:39:43Z	BURST64B	2989	meander	116186	B	T	core_destroyed	146
2026-08-12T17:39:45Z	BURST64B	2990	nordkap	116186	A	T	core_destroyed	306
2026-08-12T17:39:48Z	BURST64B	2991	nordkap	116186	B	C	core_destroyed	211
2026-08-12T17:39:50Z	BURST64B	2992	antler	116187	A	C	core_destroyed	477
2026-08-12T17:39:52Z	BURST64B	2993	antler	116187	B	T	core_destroyed	108
2026-08-12T17:39:53Z	BURST64B	2994	atoll	116187	A	C	core_destroyed	125
2026-08-12T17:39:54Z	BURST64B	2995	atoll	116187	B	T	core_destroyed	111
2026-08-12T17:39:56Z	BURST64B	2996	drumlin	116187	A	T	core_destroyed	192
2026-08-12T17:39:57Z	BURST64B	2997	drumlin	116187	B	T	core_destroyed	104
2026-08-12T17:39:58Z	BURST64B	2998	fjordgate	116187	A	T	core_destroyed	105
2026-08-12T17:40:00Z	BURST64B	2999	fjordgate	116187	B	C	core_destroyed	447
2026-08-12T17:40:02Z	BURST64B	3000	heart	116187	A	T	core_destroyed	250
2026-08-12T17:40:04Z	BURST64B	3001	heart	116187	B	T	core_destroyed	213
2026-08-12T17:40:08Z	BURST64B	3002	hive	116187	A	C	core_destroyed	299
2026-08-12T17:40:10Z	BURST64B	3003	hive	116187	B	T	core_destroyed	159
2026-08-12T17:40:13Z	BURST64B	3004	meander	116187	A	C	core_destroyed	271
2026-08-12T17:40:14Z	BURST64B	3005	meander	116187	B	T	core_destroyed	150
2026-08-12T17:40:18Z	BURST64B	3006	nordkap	116187	A	T	core_destroyed	267
2026-08-12T17:40:20Z	BURST64B	3007	nordkap	116187	B	C	core_destroyed	120
2026-08-12T17:40:21Z	BURST64B	3008	antler	116188	A	T	core_destroyed	139
2026-08-12T17:40:24Z	BURST64B	3009	antler	116188	B	T	core_destroyed	458
2026-08-12T17:40:25Z	BURST64B	3010	atoll	116188	A	T	core_destroyed	187
2026-08-12T17:40:26Z	BURST64B	3011	atoll	116188	B	T	core_destroyed	107
2026-08-12T17:40:33Z	BURST64B	3012	drumlin	116188	A	C	core_destroyed	474
2026-08-12T17:40:35Z	BURST64B	3013	drumlin	116188	B	C	core_destroyed	125
2026-08-12T17:40:36Z	BURST64B	3014	fjordgate	116188	A	T	core_destroyed	252
2026-08-12T17:40:38Z	BURST64B	3015	fjordgate	116188	B	T	core_destroyed	197
2026-08-12T17:40:40Z	BURST64B	3016	heart	116188	A	T	core_destroyed	98
2026-08-12T17:40:42Z	BURST64B	3017	heart	116188	B	C	core_destroyed	128
2026-08-12T17:40:55Z	BURST64B	3018	hive	116188	A	C	tiebreak	1000
2026-08-12T17:40:57Z	BURST64B	3019	hive	116188	B	T	core_destroyed	205
2026-08-12T17:40:59Z	BURST64B	3020	meander	116188	A	C	core_destroyed	126
2026-08-12T17:41:00Z	BURST64B	3021	meander	116188	B	T	core_destroyed	143
2026-08-12T17:41:02Z	BURST64B	3022	nordkap	116188	A	T	core_destroyed	136
2026-08-12T17:41:05Z	BURST64B	3023	nordkap	116188	B	C	core_destroyed	332
2026-08-12T17:41:06Z	BURST64B	3024	antler	116189	A	T	core_destroyed	115
2026-08-12T17:41:09Z	BURST64B	3025	antler	116189	B	C	core_destroyed	272
2026-08-12T17:41:12Z	BURST64B	3026	atoll	116189	A	C	core_destroyed	338
2026-08-12T17:41:14Z	BURST64B	3027	atoll	116189	B	C	core_destroyed	503
2026-08-12T17:41:16Z	BURST64B	3028	drumlin	116189	A	T	core_destroyed	171
2026-08-12T17:41:20Z	BURST64B	3029	drumlin	116189	B	C	core_destroyed	311
2026-08-12T17:41:21Z	BURST64B	3030	fjordgate	116189	A	T	core_destroyed	158
2026-08-12T17:41:24Z	BURST64B	3031	fjordgate	116189	B	C	core_destroyed	882
2026-08-12T17:41:25Z	BURST64B	3032	heart	116189	A	T	core_destroyed	136
2026-08-12T17:41:30Z	BURST64B	3033	heart	116189	B	T	core_destroyed	268
2026-08-12T17:41:34Z	BURST64B	3034	hive	116189	A	C	core_destroyed	262
2026-08-12T17:41:40Z	BURST64B	3035	hive	116189	B	T	core_destroyed	345
2026-08-12T17:41:41Z	BURST64B	3036	meander	116189	A	T	core_destroyed	170
2026-08-12T17:41:43Z	BURST64B	3037	meander	116189	B	T	core_destroyed	271
2026-08-12T17:41:45Z	BURST64B	3038	nordkap	116189	A	C	core_destroyed	517
2026-08-12T17:41:47Z	BURST64B	3039	nordkap	116189	B	T	core_destroyed	162
2026-08-12T17:41:49Z	BURST64B	3040	antler	116190	A	C	core_destroyed	220
2026-08-12T17:41:51Z	BURST64B	3041	antler	116190	B	T	core_destroyed	276
2026-08-12T17:41:53Z	BURST64B	3042	atoll	116190	A	T	core_destroyed	823
2026-08-12T17:41:54Z	BURST64B	3043	atoll	116190	B	T	core_destroyed	118
2026-08-12T17:41:59Z	BURST64B	3044	drumlin	116190	A	C	core_destroyed	419
2026-08-12T17:42:02Z	BURST64B	3045	drumlin	116190	B	T	core_destroyed	202
2026-08-12T17:42:04Z	BURST64B	3046	fjordgate	116190	A	C	core_destroyed	209
2026-08-12T17:42:05Z	BURST64B	3047	fjordgate	116190	B	T	core_destroyed	158
2026-08-12T17:42:07Z	BURST64B	3048	heart	116190	A	T	core_destroyed	211
2026-08-12T17:42:12Z	BURST64B	3049	heart	116190	B	T	core_destroyed	243
2026-08-12T17:42:16Z	BURST64B	3050	hive	116190	A	T	core_destroyed	250
2026-08-12T17:42:21Z	BURST64B	3051	hive	116190	B	C	core_destroyed	336
2026-08-12T17:42:22Z	BURST64B	3052	meander	116190	A	T	core_destroyed	132
2026-08-12T17:42:24Z	BURST64B	3053	meander	116190	B	C	core_destroyed	156
2026-08-12T17:42:26Z	BURST64B	3054	nordkap	116190	A	C	core_destroyed	798
2026-08-12T17:42:28Z	BURST64B	3055	nordkap	116190	B	T	core_destroyed	144
2026-08-12T17:42:29Z	BURST64B	3056	antler	116191	A	T	core_destroyed	238
2026-08-12T17:42:31Z	BURST64B	3057	antler	116191	B	C	core_destroyed	239
2026-08-12T17:42:32Z	BURST64B	3058	atoll	116191	A	C	core_destroyed	130
2026-08-12T17:42:35Z	BURST64B	3059	atoll	116191	B	C	core_destroyed	653
2026-08-12T17:42:36Z	BURST64B	3060	drumlin	116191	A	T	core_destroyed	161
2026-08-12T17:42:38Z	BURST64B	3061	drumlin	116191	B	C	core_destroyed	97
2026-08-12T17:42:41Z	BURST64B	3062	fjordgate	116191	A	T	tiebreak	1000
2026-08-12T17:42:43Z	BURST64B	3063	fjordgate	116191	B	C	core_destroyed	183
2026-08-12T17:42:52Z	BURST64B	3064	heart	116191	A	C	core_destroyed	563
2026-08-12T17:42:54Z	BURST64B	3065	heart	116191	B	C	core_destroyed	114
2026-08-12T17:42:57Z	BURST64B	3066	hive	116191	A	C	core_destroyed	279
2026-08-12T17:43:00Z	BURST64B	3067	hive	116191	B	C	core_destroyed	225
2026-08-12T17:43:02Z	BURST64B	3068	meander	116191	A	C	core_destroyed	190
2026-08-12T17:43:03Z	BURST64B	3069	meander	116191	B	C	core_destroyed	141
2026-08-12T17:43:05Z	BURST64B	3070	nordkap	116191	A	C	core_destroyed	253
2026-08-12T17:43:07Z	BURST64B	3071	nordkap	116191	B	T	core_destroyed	219
2026-08-12T17:43:08Z	BURST64B	3072	antler	116192	A	T	core_destroyed	173
2026-08-12T17:43:10Z	BURST64B	3073	antler	116192	B	C	core_destroyed	103
2026-08-12T17:43:12Z	BURST64B	3074	atoll	116192	A	T	tiebreak	1000
2026-08-12T17:43:15Z	BURST64B	3075	atoll	116192	B	T	tiebreak	1000
2026-08-12T17:43:19Z	BURST64B	3076	drumlin	116192	A	C	core_destroyed	317
2026-08-12T17:43:20Z	BURST64B	3077	drumlin	116192	B	C	core_destroyed	91
2026-08-12T17:43:22Z	BURST64B	3078	fjordgate	116192	A	C	tiebreak	1000
2026-08-12T17:43:23Z	BURST64B	3079	fjordgate	116192	B	C	core_destroyed	225
2026-08-12T17:43:27Z	BURST64B	3080	heart	116192	A	C	core_destroyed	194
2026-08-12T17:43:32Z	BURST64B	3081	heart	116192	B	T	core_destroyed	414
2026-08-12T17:43:36Z	BURST64B	3082	hive	116192	A	T	core_destroyed	236
2026-08-12T17:43:38Z	BURST64B	3083	hive	116192	B	C	core_destroyed	81
2026-08-12T17:43:40Z	BURST64B	3084	meander	116192	A	T	core_destroyed	283
2026-08-12T17:43:42Z	BURST64B	3085	meander	116192	B	T	core_destroyed	153
2026-08-12T17:43:45Z	BURST64B	3086	nordkap	116192	A	T	core_destroyed	377
2026-08-12T17:43:48Z	BURST64B	3087	nordkap	116192	B	T	core_destroyed	303
2026-08-12T17:43:50Z	BURST64B	3088	antler	116193	A	C	core_destroyed	497
2026-08-12T17:43:52Z	BURST64B	3089	antler	116193	B	C	core_destroyed	132
2026-08-12T17:43:53Z	BURST64B	3090	atoll	116193	A	C	core_destroyed	116
2026-08-12T17:43:57Z	BURST64B	3091	atoll	116193	B	C	core_destroyed	296
2026-08-12T17:43:58Z	BURST64B	3092	drumlin	116193	A	T	core_destroyed	114
2026-08-12T17:44:00Z	BURST64B	3093	drumlin	116193	B	C	core_destroyed	210
2026-08-12T17:44:01Z	BURST64B	3094	fjordgate	116193	A	T	core_destroyed	146
2026-08-12T17:44:02Z	BURST64B	3095	fjordgate	116193	B	T	core_destroyed	195
2026-08-12T17:44:03Z	BURST64B	3096	heart	116193	A	T	core_destroyed	89
2026-08-12T17:44:05Z	BURST64B	3097	heart	116193	B	C	core_destroyed	135
2026-08-12T17:44:09Z	BURST64B	3098	hive	116193	A	C	core_destroyed	261
2026-08-12T17:44:10Z	BURST64B	3099	hive	116193	B	T	core_destroyed	113
2026-08-12T17:44:12Z	BURST64B	3100	meander	116193	A	C	core_destroyed	149
2026-08-12T17:44:13Z	BURST64B	3101	meander	116193	B	T	core_destroyed	136
2026-08-12T17:44:15Z	BURST64B	3102	nordkap	116193	A	T	core_destroyed	196
2026-08-12T17:44:17Z	BURST64B	3103	nordkap	116193	B	C	core_destroyed	266
2026-08-12T17:44:18Z	BURST64B	3104	antler	116194	A	C	core_destroyed	316
2026-08-12T17:44:20Z	BURST64B	3105	antler	116194	B	T	core_destroyed	190
2026-08-12T17:44:22Z	BURST64B	3106	atoll	116194	A	T	core_destroyed	446
2026-08-12T17:44:24Z	BURST64B	3107	atoll	116194	B	T	core_destroyed	136
2026-08-12T17:44:28Z	BURST64B	3108	drumlin	116194	A	T	core_destroyed	422
2026-08-12T17:44:29Z	BURST64B	3109	drumlin	116194	B	C	core_destroyed	95
2026-08-12T17:44:30Z	BURST64B	3110	fjordgate	116194	A	T	core_destroyed	219
2026-08-12T17:44:32Z	BURST64B	3111	fjordgate	116194	B	C	core_destroyed	208
2026-08-12T17:44:37Z	BURST64B	3112	heart	116194	A	T	core_destroyed	485
2026-08-12T17:44:42Z	BURST64B	3113	heart	116194	B	T	core_destroyed	338
2026-08-12T17:44:43Z	BURST64B	3114	hive	116194	A	C	core_destroyed	96
2026-08-12T17:44:50Z	BURST64B	3115	hive	116194	B	T	core_destroyed	361
2026-08-12T17:44:51Z	BURST64B	3116	meander	116194	A	C	core_destroyed	114
2026-08-12T17:44:53Z	BURST64B	3117	meander	116194	B	C	core_destroyed	215
2026-08-12T17:44:57Z	BURST64B	3118	nordkap	116194	A	C	core_destroyed	418
2026-08-12T17:44:59Z	BURST64B	3119	nordkap	116194	B	C	core_destroyed	178
2026-08-12T17:45:00Z	BURST64B	3120	antler	116195	A	T	core_destroyed	171
2026-08-12T17:45:02Z	BURST64B	3121	antler	116195	B	C	core_destroyed	216
2026-08-12T17:45:04Z	BURST64B	3122	atoll	116195	A	C	core_destroyed	257
2026-08-12T17:45:06Z	BURST64B	3123	atoll	116195	B	T	core_destroyed	223
2026-08-12T17:45:08Z	BURST64B	3124	drumlin	116195	A	T	core_destroyed	117
2026-08-12T17:45:09Z	BURST64B	3125	drumlin	116195	B	C	core_destroyed	97
2026-08-12T17:45:11Z	BURST64B	3126	fjordgate	116195	A	C	core_destroyed	245
2026-08-12T17:45:12Z	BURST64B	3127	fjordgate	116195	B	C	core_destroyed	136
2026-08-12T17:45:14Z	BURST64B	3128	heart	116195	A	C	core_destroyed	154
2026-08-12T17:45:16Z	BURST64B	3129	heart	116195	B	C	core_destroyed	110
2026-08-12T17:45:20Z	BURST64B	3130	hive	116195	A	C	core_destroyed	242
2026-08-12T17:45:24Z	BURST64B	3131	hive	116195	B	C	core_destroyed	215
2026-08-12T17:45:26Z	BURST64B	3132	meander	116195	A	C	core_destroyed	120
2026-08-12T17:45:27Z	BURST64B	3133	meander	116195	B	C	core_destroyed	176
2026-08-12T17:45:29Z	BURST64B	3134	nordkap	116195	A	T	core_destroyed	277
2026-08-12T17:45:30Z	BURST64B	3135	nordkap	116195	B	C	core_destroyed	112
2026-08-12T17:45:31Z	BURST64B	3136	antler	116196	A	T	core_destroyed	114
2026-08-12T17:45:33Z	BURST64B	3137	antler	116196	B	T	core_destroyed	161
2026-08-12T17:45:36Z	BURST64B	3138	atoll	116196	A	C	tiebreak	1000
2026-08-12T17:45:41Z	BURST64B	3139	atoll	116196	B	T	core_destroyed	681
2026-08-12T17:45:42Z	BURST64B	3140	drumlin	116196	A	T	core_destroyed	95
2026-08-12T17:45:47Z	BURST64B	3141	drumlin	116196	B	C	core_destroyed	501
2026-08-12T17:45:48Z	BURST64B	3142	fjordgate	116196	A	T	core_destroyed	144
2026-08-12T17:45:50Z	BURST64B	3143	fjordgate	116196	B	T	core_destroyed	293
2026-08-12T17:45:52Z	BURST64B	3144	heart	116196	A	T	core_destroyed	277
2026-08-12T17:46:05Z	BURST64B	3145	heart	116196	B	T	tiebreak	1000
2026-08-12T17:46:07Z	BURST64B	3146	hive	116196	A	T	core_destroyed	138
2026-08-12T17:46:08Z	BURST64B	3147	hive	116196	B	C	core_destroyed	142
2026-08-12T17:46:11Z	BURST64B	3148	meander	116196	A	T	core_destroyed	841
2026-08-12T17:46:14Z	BURST64B	3149	meander	116196	B	C	core_destroyed	779
2026-08-12T17:46:18Z	BURST64B	3150	nordkap	116196	A	T	core_destroyed	400
2026-08-12T17:46:19Z	BURST64B	3151	nordkap	116196	B	T	core_destroyed	135
2026-08-12T17:46:23Z	BURST64B	3152	antler	116197	A	C	core_destroyed	365
2026-08-12T17:46:24Z	BURST64B	3153	antler	116197	B	C	core_destroyed	184
2026-08-12T17:46:26Z	BURST64B	3154	atoll	116197	A	C	tiebreak	1000
2026-08-12T17:46:29Z	BURST64B	3155	atoll	116197	B	T	core_destroyed	322
2026-08-12T17:46:30Z	BURST64B	3156	drumlin	116197	A	T	core_destroyed	131
2026-08-12T17:46:33Z	BURST64B	3157	drumlin	116197	B	T	core_destroyed	176
2026-08-12T17:46:35Z	BURST64B	3158	fjordgate	116197	A	T	core_destroyed	387
2026-08-12T17:46:36Z	BURST64B	3159	fjordgate	116197	B	C	core_destroyed	151
2026-08-12T17:46:37Z	BURST64B	3160	heart	116197	A	T	core_destroyed	118
2026-08-12T17:46:50Z	BURST64B	3161	heart	116197	B	C	core_destroyed	505
2026-08-12T17:46:57Z	BURST64B	3162	hive	116197	A	C	core_destroyed	437
2026-08-12T17:47:00Z	BURST64B	3163	hive	116197	B	T	core_destroyed	165
2026-08-12T17:47:02Z	BURST64B	3164	meander	116197	A	T	core_destroyed	248
2026-08-12T17:47:04Z	BURST64B	3165	meander	116197	B	T	core_destroyed	162
2026-08-12T17:47:05Z	BURST64B	3166	nordkap	116197	A	T	core_destroyed	244
2026-08-12T17:47:06Z	BURST64B	3167	nordkap	116197	B	T	core_destroyed	149
2026-08-12T17:47:08Z	BURST64B	3168	antler	116198	A	T	core_destroyed	126
2026-08-12T17:47:09Z	BURST64B	3169	antler	116198	B	C	core_destroyed	114
2026-08-12T17:47:11Z	BURST64B	3170	atoll	116198	A	T	core_destroyed	353
2026-08-12T17:47:12Z	BURST64B	3171	atoll	116198	B	T	core_destroyed	99
2026-08-12T17:47:14Z	BURST64B	3172	drumlin	116198	A	T	core_destroyed	142
2026-08-12T17:47:16Z	BURST64B	3173	drumlin	116198	B	T	core_destroyed	116
2026-08-12T17:47:17Z	BURST64B	3174	fjordgate	116198	A	T	core_destroyed	167
2026-08-12T17:47:18Z	BURST64B	3175	fjordgate	116198	B	C	core_destroyed	193
2026-08-12T17:47:24Z	BURST64B	3176	heart	116198	A	T	tiebreak	1000
2026-08-12T17:47:26Z	BURST64B	3177	heart	116198	B	C	core_destroyed	143
2026-08-12T17:47:28Z	BURST64B	3178	hive	116198	A	C	core_destroyed	230
2026-08-12T17:47:29Z	BURST64B	3179	hive	116198	B	C	core_destroyed	157
2026-08-12T17:47:32Z	BURST64B	3180	meander	116198	A	C	core_destroyed	233
2026-08-12T17:47:34Z	BURST64B	3181	meander	116198	B	T	core_destroyed	236
2026-08-12T17:47:36Z	BURST64B	3182	nordkap	116198	A	T	core_destroyed	209
2026-08-12T17:47:37Z	BURST64B	3183	nordkap	116198	B	T	core_destroyed	222
2026-08-12T17:47:39Z	BURST64B	3184	antler	116199	A	T	core_destroyed	176
2026-08-12T17:47:41Z	BURST64B	3185	antler	116199	B	T	core_destroyed	161
2026-08-12T17:47:43Z	BURST64B	3186	atoll	116199	A	T	core_destroyed	639
2026-08-12T17:47:45Z	BURST64B	3187	atoll	116199	B	T	core_destroyed	194
2026-08-12T17:47:46Z	BURST64B	3188	drumlin	116199	A	T	core_destroyed	116
2026-08-12T17:47:51Z	BURST64B	3189	drumlin	116199	B	C	core_destroyed	295
2026-08-12T17:47:53Z	BURST64B	3190	fjordgate	116199	A	T	core_destroyed	180
2026-08-12T17:47:54Z	BURST64B	3191	fjordgate	116199	B	C	core_destroyed	118
2026-08-12T17:47:56Z	BURST64B	3192	heart	116199	A	T	core_destroyed	166
2026-08-12T17:48:00Z	BURST64B	3193	heart	116199	B	C	core_destroyed	532
2026-08-12T17:48:03Z	BURST64B	3194	hive	116199	A	C	core_destroyed	202
2026-08-12T17:48:05Z	BURST64B	3195	hive	116199	B	C	core_destroyed	173
2026-08-12T17:48:06Z	BURST64B	3196	meander	116199	A	T	core_destroyed	202
2026-08-12T17:48:08Z	BURST64B	3197	meander	116199	B	C	core_destroyed	217
2026-08-12T17:48:10Z	BURST64B	3198	nordkap	116199	A	T	core_destroyed	106
2026-08-12T17:48:11Z	BURST64B	3199	nordkap	116199	B	C	core_destroyed	142
2026-08-12T17:48:13Z	BURST64B	3200	antler	116200	A	C	core_destroyed	284
2026-08-12T17:48:14Z	BURST64B	3201	antler	116200	B	T	core_destroyed	201
2026-08-12T17:48:16Z	BURST64B	3202	atoll	116200	A	C	core_destroyed	172
2026-08-12T17:48:19Z	BURST64B	3203	atoll	116200	B	C	tiebreak	1000
2026-08-12T17:48:23Z	BURST64B	3204	drumlin	116200	A	T	core_destroyed	273
2026-08-12T17:48:28Z	BURST64B	3205	drumlin	116200	B	T	core_destroyed	346
2026-08-12T17:48:29Z	BURST64B	3206	fjordgate	116200	A	T	core_destroyed	197
2026-08-12T17:48:31Z	BURST64B	3207	fjordgate	116200	B	T	core_destroyed	255
2026-08-12T17:48:37Z	BURST64B	3208	heart	116200	A	C	core_destroyed	559
2026-08-12T17:48:45Z	BURST64B	3209	heart	116200	B	C	tiebreak	1000
2026-08-12T17:48:49Z	BURST64B	3210	hive	116200	A	C	core_destroyed	231
2026-08-12T17:48:51Z	BURST64B	3211	hive	116200	B	T	core_destroyed	141
2026-08-12T17:48:53Z	BURST64B	3212	meander	116200	A	C	core_destroyed	168
2026-08-12T17:48:55Z	BURST64B	3213	meander	116200	B	C	core_destroyed	159
2026-08-12T17:48:56Z	BURST64B	3214	nordkap	116200	A	C	core_destroyed	99
2026-08-12T17:48:58Z	BURST64B	3215	nordkap	116200	B	T	core_destroyed	162
2026-08-12T17:49:00Z	BURST64B	3216	antler	116201	A	T	core_destroyed	273
2026-08-12T17:49:03Z	BURST64B	3217	antler	116201	B	C	core_destroyed	868
2026-08-12T17:49:05Z	BURST64B	3218	atoll	116201	A	T	core_destroyed	184
2026-08-12T17:49:07Z	BURST64B	3219	atoll	116201	B	T	core_destroyed	333
2026-08-12T17:49:08Z	BURST64B	3220	drumlin	116201	A	C	core_destroyed	125
2026-08-12T17:49:10Z	BURST64B	3221	drumlin	116201	B	C	core_destroyed	102
2026-08-12T17:49:11Z	BURST64B	3222	fjordgate	116201	A	T	core_destroyed	300
2026-08-12T17:49:14Z	BURST64B	3223	fjordgate	116201	B	C	core_destroyed	361
2026-08-12T17:49:17Z	BURST64B	3224	heart	116201	A	T	tiebreak	1000
2026-08-12T17:49:20Z	BURST64B	3225	heart	116201	B	T	core_destroyed	269
2026-08-12T17:49:23Z	BURST64B	3226	hive	116201	A	T	core_destroyed	214
2026-08-12T17:49:28Z	BURST64B	3227	hive	116201	B	T	core_destroyed	348
2026-08-12T17:49:29Z	BURST64B	3228	meander	116201	A	C	core_destroyed	134
2026-08-12T17:49:30Z	BURST64B	3229	meander	116201	B	T	core_destroyed	118
2026-08-12T17:49:32Z	BURST64B	3230	nordkap	116201	A	C	tiebreak	1000
2026-08-12T17:49:35Z	BURST64B	3231	nordkap	116201	B	C	core_destroyed	289
2026-08-12T17:49:36Z	BURST64B	3232	antler	116202	A	C	core_destroyed	285
2026-08-12T17:49:38Z	BURST64B	3233	antler	116202	B	T	core_destroyed	118
2026-08-12T17:49:39Z	BURST64B	3234	atoll	116202	A	C	core_destroyed	182
2026-08-12T17:49:41Z	BURST64B	3235	atoll	116202	B	T	core_destroyed	211
2026-08-12T17:49:42Z	BURST64B	3236	drumlin	116202	A	T	core_destroyed	125
2026-08-12T17:49:48Z	BURST64B	3237	drumlin	116202	B	T	core_destroyed	442
2026-08-12T17:49:49Z	BURST64B	3238	fjordgate	116202	A	T	core_destroyed	212
2026-08-12T17:49:50Z	BURST64B	3239	fjordgate	116202	B	T	core_destroyed	118
2026-08-12T17:49:51Z	BURST64B	3240	heart	116202	A	C	core_destroyed	137
2026-08-12T17:49:54Z	BURST64B	3241	heart	116202	B	C	core_destroyed	362
2026-08-12T17:49:56Z	BURST64B	3242	hive	116202	A	T	core_destroyed	122
2026-08-12T17:50:00Z	BURST64B	3243	hive	116202	B	T	core_destroyed	307
2026-08-12T17:50:02Z	BURST64B	3244	meander	116202	A	T	core_destroyed	222
2026-08-12T17:50:03Z	BURST64B	3245	meander	116202	B	T	core_destroyed	127
2026-08-12T17:50:05Z	BURST64B	3246	nordkap	116202	A	C	core_destroyed	195
2026-08-12T17:50:06Z	BURST64B	3247	nordkap	116202	B	T	core_destroyed	212
2026-08-12T17:50:08Z	BURST64B	3248	antler	116203	A	C	core_destroyed	175
2026-08-12T17:50:10Z	BURST64B	3249	antler	116203	B	C	core_destroyed	176
2026-08-12T17:50:12Z	BURST64B	3250	atoll	116203	A	T	core_destroyed	270
2026-08-12T17:50:14Z	BURST64B	3251	atoll	116203	B	T	core_destroyed	183
2026-08-12T17:50:15Z	BURST64B	3252	drumlin	116203	A	T	core_destroyed	105
2026-08-12T17:50:16Z	BURST64B	3253	drumlin	116203	B	C	core_destroyed	152
2026-08-12T17:50:19Z	BURST64B	3254	fjordgate	116203	A	T	tiebreak	1000
2026-08-12T17:50:20Z	BURST64B	3255	fjordgate	116203	B	T	core_destroyed	290
2026-08-12T17:50:23Z	BURST64B	3256	heart	116203	A	T	core_destroyed	325
2026-08-12T17:50:30Z	BURST64B	3257	heart	116203	B	T	core_destroyed	533
2026-08-12T17:50:36Z	BURST64B	3258	hive	116203	A	T	core_destroyed	459
2026-08-12T17:50:38Z	BURST64B	3259	hive	116203	B	C	core_destroyed	172
2026-08-12T17:50:40Z	BURST64B	3260	meander	116203	A	T	core_destroyed	195
2026-08-12T17:50:42Z	BURST64B	3261	meander	116203	B	C	core_destroyed	195
2026-08-12T17:50:43Z	BURST64B	3262	nordkap	116203	A	C	core_destroyed	221
2026-08-12T17:50:45Z	BURST64B	3263	nordkap	116203	B	T	core_destroyed	281
2026-08-12T17:50:46Z	BURST64B	3264	antler	116204	A	T	core_destroyed	143
2026-08-12T17:50:49Z	BURST64B	3265	antler	116204	B	C	tiebreak	1000
2026-08-12T17:50:50Z	BURST64B	3266	atoll	116204	A	T	core_destroyed	422
2026-08-12T17:50:52Z	BURST64B	3267	atoll	116204	B	C	core_destroyed	196
2026-08-12T17:50:57Z	BURST64B	3268	drumlin	116204	A	C	core_destroyed	274
2026-08-12T17:50:58Z	BURST64B	3269	drumlin	116204	B	C	core_destroyed	128
2026-08-12T17:50:59Z	BURST64B	3270	fjordgate	116204	A	T	core_destroyed	130
2026-08-12T17:51:00Z	BURST64B	3271	fjordgate	116204	B	C	core_destroyed	219
2026-08-12T17:51:06Z	BURST64B	3272	heart	116204	A	T	core_destroyed	307
2026-08-12T17:51:08Z	BURST64B	3273	heart	116204	B	C	core_destroyed	207
2026-08-12T17:51:10Z	BURST64B	3274	hive	116204	A	T	core_destroyed	123
2026-08-12T17:51:12Z	BURST64B	3275	hive	116204	B	C	core_destroyed	309
2026-08-12T17:51:14Z	BURST64B	3276	meander	116204	A	C	core_destroyed	226
2026-08-12T17:51:16Z	BURST64B	3277	meander	116204	B	C	core_destroyed	183
2026-08-12T17:51:18Z	BURST64B	3278	nordkap	116204	A	C	core_destroyed	291
2026-08-12T17:51:20Z	BURST64B	3279	nordkap	116204	B	T	core_destroyed	179
2026-08-12T17:51:23Z	BURST64B	3280	antler	116205	A	T	core_destroyed	300
2026-08-12T17:51:25Z	BURST64B	3281	antler	116205	B	T	core_destroyed	464
2026-08-12T17:51:27Z	BURST64B	3282	atoll	116205	A	C	core_destroyed	188
2026-08-12T17:51:29Z	BURST64B	3283	atoll	116205	B	T	core_destroyed	144
2026-08-12T17:51:31Z	BURST64B	3284	drumlin	116205	A	T	core_destroyed	203
2026-08-12T17:51:33Z	BURST64B	3285	drumlin	116205	B	C	core_destroyed	179
2026-08-12T17:51:36Z	BURST64B	3286	fjordgate	116205	A	C	tiebreak	1000
2026-08-12T17:51:37Z	BURST64B	3287	fjordgate	116205	B	C	core_destroyed	210
2026-08-12T17:51:39Z	BURST64B	3288	heart	116205	A	T	core_destroyed	122
2026-08-12T17:51:41Z	BURST64B	3289	heart	116205	B	C	core_destroyed	125
2026-08-12T17:51:43Z	BURST64B	3290	hive	116205	A	C	core_destroyed	163
2026-08-12T17:51:45Z	BURST64B	3291	hive	116205	B	C	core_destroyed	110
2026-08-12T17:51:47Z	BURST64B	3292	meander	116205	A	C	core_destroyed	180
2026-08-12T17:51:48Z	BURST64B	3293	meander	116205	B	T	core_destroyed	171
2026-08-12T17:51:51Z	BURST64B	3294	nordkap	116205	A	T	core_destroyed	216
2026-08-12T17:51:52Z	BURST64B	3295	nordkap	116205	B	T	core_destroyed	133
2026-08-12T17:51:55Z	BURST64B	3296	antler	116206	A	C	core_destroyed	537
2026-08-12T17:51:59Z	BURST64B	3297	antler	116206	B	T	tiebreak	1000
2026-08-12T17:52:01Z	BURST64B	3298	atoll	116206	A	C	tiebreak	1000
2026-08-12T17:52:02Z	BURST64B	3299	atoll	116206	B	T	core_destroyed	106
2026-08-12T17:52:09Z	BURST64B	3300	drumlin	116206	A	T	core_destroyed	415
2026-08-12T17:52:11Z	BURST64B	3301	drumlin	116206	B	C	core_destroyed	174
2026-08-12T17:52:13Z	BURST64B	3302	fjordgate	116206	A	C	core_destroyed	458
2026-08-12T17:52:15Z	BURST64B	3303	fjordgate	116206	B	C	core_destroyed	154
2026-08-12T17:52:19Z	BURST64B	3304	heart	116206	A	C	core_destroyed	426
2026-08-12T17:52:21Z	BURST64B	3305	heart	116206	B	T	core_destroyed	199
2026-08-12T17:52:23Z	BURST64B	3306	hive	116206	A	T	core_destroyed	222
2026-08-12T17:52:26Z	BURST64B	3307	hive	116206	B	C	core_destroyed	231
2026-08-12T17:52:28Z	BURST64B	3308	meander	116206	A	C	core_destroyed	285
2026-08-12T17:52:30Z	BURST64B	3309	meander	116206	B	T	core_destroyed	206
2026-08-12T17:52:32Z	BURST64B	3310	nordkap	116206	A	C	core_destroyed	196
2026-08-12T17:52:33Z	BURST64B	3311	nordkap	116206	B	C	core_destroyed	149
2026-08-12T17:52:35Z	BURST64B	3312	antler	116207	A	T	core_destroyed	282
2026-08-12T17:52:36Z	BURST64B	3313	antler	116207	B	T	core_destroyed	149
2026-08-12T17:52:39Z	BURST64B	3314	atoll	116207	A	C	tiebreak	1000
2026-08-12T17:52:40Z	BURST64B	3315	atoll	116207	B	T	core_destroyed	134
2026-08-12T17:52:42Z	BURST64B	3316	drumlin	116207	A	T	core_destroyed	174
2026-08-12T17:52:44Z	BURST64B	3317	drumlin	116207	B	T	core_destroyed	345
2026-08-12T17:52:46Z	BURST64B	3318	fjordgate	116207	A	T	core_destroyed	152
2026-08-12T17:52:47Z	BURST64B	3319	fjordgate	116207	B	C	core_destroyed	205
2026-08-12T17:52:50Z	BURST64B	3320	heart	116207	A	T	tiebreak	1000
2026-08-12T17:52:51Z	BURST64B	3321	heart	116207	B	T	core_destroyed	182
2026-08-12T17:52:55Z	BURST64B	3322	hive	116207	A	T	core_destroyed	310
2026-08-12T17:53:04Z	BURST64B	3323	hive	116207	B	T	core_destroyed	659
2026-08-12T17:53:06Z	BURST64B	3324	meander	116207	A	C	core_destroyed	234
2026-08-12T17:53:09Z	BURST64B	3325	meander	116207	B	C	core_destroyed	310
2026-08-12T17:53:11Z	BURST64B	3326	nordkap	116207	A	T	core_destroyed	103
2026-08-12T17:53:13Z	BURST64B	3327	nordkap	116207	B	T	core_destroyed	226
2026-08-12T17:53:15Z	BURST64B	3328	antler	116208	A	T	core_destroyed	289
2026-08-12T17:53:16Z	BURST64B	3329	antler	116208	B	T	core_destroyed	125
2026-08-12T17:53:18Z	BURST64B	3330	atoll	116208	A	T	core_destroyed	128
2026-08-12T17:53:19Z	BURST64B	3331	atoll	116208	B	T	core_destroyed	103
2026-08-12T17:53:24Z	BURST64B	3332	drumlin	116208	A	C	core_destroyed	267
2026-08-12T17:53:25Z	BURST64B	3333	drumlin	116208	B	C	core_destroyed	95
2026-08-12T17:53:27Z	BURST64B	3334	fjordgate	116208	A	C	core_destroyed	211
2026-08-12T17:53:30Z	BURST64B	3335	fjordgate	116208	B	T	core_destroyed	478
2026-08-12T17:53:35Z	BURST64B	3336	heart	116208	A	T	tiebreak	1000
2026-08-12T17:53:39Z	BURST64B	3337	heart	116208	B	T	core_destroyed	149
2026-08-12T17:53:41Z	BURST64B	3338	hive	116208	A	T	core_destroyed	233
2026-08-12T17:53:54Z	BURST64B	3339	hive	116208	B	C	core_destroyed	734
2026-08-12T17:53:56Z	BURST64B	3340	meander	116208	A	C	core_destroyed	282
2026-08-12T17:53:58Z	BURST64B	3341	meander	116208	B	T	core_destroyed	172
2026-08-12T17:54:00Z	BURST64B	3342	nordkap	116208	A	T	core_destroyed	168
2026-08-12T17:54:02Z	BURST64B	3343	nordkap	116208	B	C	core_destroyed	171
2026-08-12T17:54:04Z	BURST64B	3344	antler	116209	A	T	core_destroyed	159
2026-08-12T17:54:06Z	BURST64B	3345	antler	116209	B	C	tiebreak	1000
2026-08-12T17:54:08Z	BURST64B	3346	atoll	116209	A	T	core_destroyed	712
2026-08-12T17:54:09Z	BURST64B	3347	atoll	116209	B	T	core_destroyed	145
2026-08-12T17:54:15Z	BURST64B	3348	drumlin	116209	A	C	core_destroyed	347
2026-08-12T17:54:16Z	BURST64B	3349	drumlin	116209	B	C	core_destroyed	138
2026-08-12T17:54:18Z	BURST64B	3350	fjordgate	116209	A	T	core_destroyed	119
2026-08-12T17:54:19Z	BURST64B	3351	fjordgate	116209	B	T	core_destroyed	293
2026-08-12T17:54:21Z	BURST64B	3352	heart	116209	A	T	core_destroyed	146
2026-08-12T17:54:23Z	BURST64B	3353	heart	116209	B	C	core_destroyed	846
2026-08-12T17:54:24Z	BURST64B	3354	hive	116209	A	C	core_destroyed	212
2026-08-12T17:54:26Z	BURST64B	3355	hive	116209	B	C	core_destroyed	184
2026-08-12T17:54:27Z	BURST64B	3356	meander	116209	A	C	core_destroyed	112
2026-08-12T17:54:30Z	BURST64B	3357	meander	116209	B	C	core_destroyed	323
2026-08-12T17:54:33Z	BURST64B	3358	nordkap	116209	A	C	core_destroyed	266
2026-08-12T17:54:35Z	BURST64B	3359	nordkap	116209	B	C	core_destroyed	187
2026-08-12T17:54:38Z	BURST64B	3360	antler	116210	A	C	tiebreak	1000
2026-08-12T17:54:41Z	BURST64B	3361	antler	116210	B	C	core_destroyed	398
2026-08-12T17:54:42Z	BURST64B	3362	atoll	116210	A	T	core_destroyed	136
2026-08-12T17:54:43Z	BURST64B	3363	atoll	116210	B	T	core_destroyed	160
2026-08-12T17:54:44Z	BURST64B	3364	drumlin	116210	A	C	core_destroyed	88
2026-08-12T17:54:46Z	BURST64B	3365	drumlin	116210	B	C	core_destroyed	142
2026-08-12T17:54:47Z	BURST64B	3366	fjordgate	116210	A	T	core_destroyed	212
2026-08-12T17:54:48Z	BURST64B	3367	fjordgate	116210	B	C	core_destroyed	166
2026-08-12T17:54:50Z	BURST64B	3368	heart	116210	A	T	core_destroyed	100
2026-08-12T17:54:54Z	BURST64B	3369	heart	116210	B	T	core_destroyed	330
2026-08-12T17:54:56Z	BURST64B	3370	hive	116210	A	T	core_destroyed	81
2026-08-12T17:54:57Z	BURST64B	3371	hive	116210	B	T	core_destroyed	101
2026-08-12T17:55:00Z	BURST64B	3372	meander	116210	A	T	tiebreak	1000
2026-08-12T17:55:02Z	BURST64B	3373	meander	116210	B	T	core_destroyed	258
2026-08-12T17:55:04Z	BURST64B	3374	nordkap	116210	A	C	core_destroyed	146
2026-08-12T17:55:06Z	BURST64B	3375	nordkap	116210	B	T	core_destroyed	237
2026-08-12T17:55:07Z	BURST64B	3376	antler	116211	A	C	core_destroyed	153
2026-08-12T17:55:09Z	BURST64B	3377	antler	116211	B	C	core_destroyed	207
2026-08-12T17:55:12Z	BURST64B	3378	atoll	116211	A	C	core_destroyed	260
2026-08-12T17:55:13Z	BURST64B	3379	atoll	116211	B	T	core_destroyed	126
2026-08-12T17:55:17Z	BURST64B	3380	drumlin	116211	A	C	core_destroyed	276
2026-08-12T17:55:18Z	BURST64B	3381	drumlin	116211	B	C	core_destroyed	116
2026-08-12T17:55:19Z	BURST64B	3382	fjordgate	116211	A	C	core_destroyed	111
2026-08-12T17:55:21Z	BURST64B	3383	fjordgate	116211	B	C	core_destroyed	234
2026-08-12T17:55:24Z	BURST64B	3384	heart	116211	A	T	core_destroyed	258
2026-08-12T17:55:27Z	BURST64B	3385	heart	116211	B	C	core_destroyed	288
2026-08-12T17:55:32Z	BURST64B	3386	hive	116211	A	C	core_destroyed	315
2026-08-12T17:55:34Z	BURST64B	3387	hive	116211	B	C	core_destroyed	196
2026-08-12T17:55:36Z	BURST64B	3388	meander	116211	A	C	core_destroyed	192
2026-08-12T17:55:39Z	BURST64B	3389	meander	116211	B	T	core_destroyed	545
2026-08-12T17:55:40Z	BURST64B	3390	nordkap	116211	A	C	core_destroyed	169
2026-08-12T17:55:41Z	BURST64B	3391	nordkap	116211	B	T	core_destroyed	187
2026-08-12T17:55:42Z	BURST64B	3392	antler	116212	A	T	core_destroyed	133
2026-08-12T17:55:45Z	BURST64B	3393	antler	116212	B	C	core_destroyed	245
2026-08-12T17:55:46Z	BURST64B	3394	atoll	116212	A	C	core_destroyed	108
2026-08-12T17:55:48Z	BURST64B	3395	atoll	116212	B	T	core_destroyed	190
2026-08-12T17:55:49Z	BURST64B	3396	drumlin	116212	A	T	core_destroyed	124
2026-08-12T17:55:51Z	BURST64B	3397	drumlin	116212	B	C	core_destroyed	157
2026-08-12T17:55:52Z	BURST64B	3398	fjordgate	116212	A	C	core_destroyed	137
2026-08-12T17:55:54Z	BURST64B	3399	fjordgate	116212	B	T	tiebreak	1000
2026-08-12T17:56:01Z	BURST64B	3400	heart	116212	A	T	core_destroyed	294
2026-08-12T17:56:04Z	BURST64B	3401	heart	116212	B	T	core_destroyed	159
2026-08-12T17:56:05Z	BURST64B	3402	hive	116212	A	C	core_destroyed	75
2026-08-12T17:56:09Z	BURST64B	3403	hive	116212	B	T	core_destroyed	228
2026-08-12T17:56:10Z	BURST64B	3404	meander	116212	A	T	core_destroyed	295
2026-08-12T17:56:12Z	BURST64B	3405	meander	116212	B	C	core_destroyed	141
2026-08-12T17:56:15Z	BURST64B	3406	nordkap	116212	A	C	core_destroyed	399
2026-08-12T17:56:16Z	BURST64B	3407	nordkap	116212	B	C	core_destroyed	146
2026-08-12T17:56:17Z	BURST64B	3408	antler	116213	A	T	core_destroyed	100
2026-08-12T17:56:19Z	BURST64B	3409	antler	116213	B	T	core_destroyed	317
2026-08-12T17:56:21Z	BURST64B	3410	atoll	116213	A	T	core_destroyed	344
2026-08-12T17:56:22Z	BURST64B	3411	atoll	116213	B	T	core_destroyed	154
2026-08-12T17:56:24Z	BURST64B	3412	drumlin	116213	A	T	core_destroyed	108
2026-08-12T17:56:25Z	BURST64B	3413	drumlin	116213	B	T	core_destroyed	140
2026-08-12T17:56:27Z	BURST64B	3414	fjordgate	116213	A	C	core_destroyed	217
2026-08-12T17:56:28Z	BURST64B	3415	fjordgate	116213	B	C	core_destroyed	162
2026-08-12T17:56:32Z	BURST64B	3416	heart	116213	A	T	tiebreak	1000
2026-08-12T17:56:38Z	BURST64B	3417	heart	116213	B	C	core_destroyed	254
2026-08-12T17:56:41Z	BURST64B	3418	hive	116213	A	C	core_destroyed	249
2026-08-12T17:56:44Z	BURST64B	3419	hive	116213	B	T	core_destroyed	196
2026-08-12T17:56:45Z	BURST64B	3420	meander	116213	A	C	core_destroyed	174
2026-08-12T17:56:47Z	BURST64B	3421	meander	116213	B	C	core_destroyed	176
2026-08-12T17:56:48Z	BURST64B	3422	nordkap	116213	A	T	core_destroyed	119
2026-08-12T17:56:49Z	BURST64B	3423	nordkap	116213	B	T	core_destroyed	149
2026-08-12T17:56:51Z	BURST64B	3424	antler	116214	A	T	core_destroyed	155
2026-08-12T17:56:54Z	BURST64B	3425	antler	116214	B	C	tiebreak	1000
2026-08-12T17:56:56Z	BURST64B	3426	atoll	116214	A	C	core_destroyed	115
2026-08-12T17:56:57Z	BURST64B	3427	atoll	116214	B	T	core_destroyed	168
2026-08-12T17:56:58Z	BURST64B	3428	drumlin	116214	A	T	core_destroyed	142
2026-08-12T17:57:02Z	BURST64B	3429	drumlin	116214	B	T	core_destroyed	528
2026-08-12T17:57:04Z	BURST64B	3430	fjordgate	116214	A	T	core_destroyed	300
2026-08-12T17:57:08Z	BURST64B	3431	fjordgate	116214	B	T	core_destroyed	921
2026-08-12T17:57:09Z	BURST64B	3432	heart	116214	A	T	core_destroyed	262
2026-08-12T17:57:11Z	BURST64B	3433	heart	116214	B	C	core_destroyed	157
2026-08-12T17:57:13Z	BURST64B	3434	hive	116214	A	T	core_destroyed	159
2026-08-12T17:57:18Z	BURST64B	3435	hive	116214	B	C	core_destroyed	361
2026-08-12T17:57:19Z	BURST64B	3436	meander	116214	A	T	core_destroyed	160
2026-08-12T17:57:21Z	BURST64B	3437	meander	116214	B	C	core_destroyed	290
2026-08-12T17:57:22Z	BURST64B	3438	nordkap	116214	A	C	core_destroyed	116
2026-08-12T17:57:27Z	BURST64B	3439	nordkap	116214	B	T	core_destroyed	331
2026-08-12T17:57:29Z	BURST64B	3440	antler	116215	A	T	core_destroyed	250
2026-08-12T17:57:31Z	BURST64B	3441	antler	116215	B	T	core_destroyed	200
2026-08-12T17:57:33Z	BURST64B	3442	atoll	116215	A	T	core_destroyed	128
2026-08-12T17:57:34Z	BURST64B	3443	atoll	116215	B	T	core_destroyed	144
2026-08-12T17:57:36Z	BURST64B	3444	drumlin	116215	A	T	core_destroyed	123
2026-08-12T17:57:38Z	BURST64B	3445	drumlin	116215	B	T	core_destroyed	255
2026-08-12T17:57:39Z	BURST64B	3446	fjordgate	116215	A	C	core_destroyed	281
2026-08-12T17:57:41Z	BURST64B	3447	fjordgate	116215	B	C	core_destroyed	178
2026-08-12T17:57:43Z	BURST64B	3448	heart	116215	A	T	core_destroyed	228
2026-08-12T17:57:49Z	BURST64B	3449	heart	116215	B	C	core_destroyed	644
2026-08-12T17:57:51Z	BURST64B	3450	hive	116215	A	C	core_destroyed	106
2026-08-12T17:57:57Z	BURST64B	3451	hive	116215	B	C	core_destroyed	408
2026-08-12T17:57:59Z	BURST64B	3452	meander	116215	A	T	core_destroyed	234
2026-08-12T17:58:02Z	BURST64B	3453	meander	116215	B	C	core_destroyed	457
2026-08-12T17:58:08Z	BURST64B	3454	nordkap	116215	A	C	core_destroyed	721
2026-08-12T17:58:09Z	BURST64B	3455	nordkap	116215	B	C	core_destroyed	123
2026-08-12T17:58:11Z	BURST64B	3456	antler	116216	A	T	core_destroyed	124
2026-08-12T17:58:12Z	BURST64B	3457	antler	116216	B	T	core_destroyed	315
2026-08-12T17:58:16Z	BURST64B	3458	atoll	116216	A	C	core_destroyed	270
2026-08-12T17:58:19Z	BURST64B	3459	atoll	116216	B	T	tiebreak	1000
2026-08-12T17:58:21Z	BURST64B	3460	drumlin	116216	A	T	core_destroyed	104
2026-08-12T17:58:27Z	BURST64B	3461	drumlin	116216	B	T	core_destroyed	448
2026-08-12T17:58:29Z	BURST64B	3462	fjordgate	116216	A	C	core_destroyed	264
2026-08-12T17:58:31Z	BURST64B	3463	fjordgate	116216	B	T	core_destroyed	164
2026-08-12T17:58:33Z	BURST64B	3464	heart	116216	A	T	core_destroyed	126
2026-08-12T17:58:36Z	BURST64B	3465	heart	116216	B	C	core_destroyed	408
2026-08-12T17:58:42Z	BURST64B	3466	hive	116216	A	T	core_destroyed	407
2026-08-12T17:58:47Z	BURST64B	3467	hive	116216	B	C	core_destroyed	374
2026-08-12T17:58:48Z	BURST64B	3468	meander	116216	A	C	core_destroyed	140
2026-08-12T17:58:50Z	BURST64B	3469	meander	116216	B	T	core_destroyed	159
2026-08-12T17:58:51Z	BURST64B	3470	nordkap	116216	A	T	core_destroyed	109
2026-08-12T17:58:55Z	BURST64B	3471	nordkap	116216	B	T	core_destroyed	537
2026-08-12T17:58:57Z	BURST64B	3472	antler	116217	A	T	tiebreak	1000
2026-08-12T17:58:59Z	BURST64B	3473	antler	116217	B	T	core_destroyed	215
2026-08-12T17:59:00Z	BURST64B	3474	atoll	116217	A	T	core_destroyed	165
2026-08-12T17:59:02Z	BURST64B	3475	atoll	116217	B	T	core_destroyed	243
2026-08-12T17:59:04Z	BURST64B	3476	drumlin	116217	A	T	core_destroyed	162
2026-08-12T17:59:09Z	BURST64B	3477	drumlin	116217	B	C	core_destroyed	458
2026-08-12T17:59:11Z	BURST64B	3478	fjordgate	116217	A	T	core_destroyed	101
2026-08-12T17:59:12Z	BURST64B	3479	fjordgate	116217	B	T	core_destroyed	94
2026-08-12T17:59:16Z	BURST64B	3480	heart	116217	A	C	tiebreak	1000
2026-08-12T17:59:20Z	BURST64B	3481	heart	116217	B	C	core_destroyed	209
2026-08-12T17:59:21Z	BURST64B	3482	hive	116217	A	T	core_destroyed	191
2026-08-12T17:59:25Z	BURST64B	3483	hive	116217	B	C	core_destroyed	286
2026-08-12T17:59:26Z	BURST64B	3484	meander	116217	A	C	core_destroyed	224
2026-08-12T17:59:28Z	BURST64B	3485	meander	116217	B	T	core_destroyed	150
2026-08-12T17:59:31Z	BURST64B	3486	nordkap	116217	A	C	core_destroyed	399
2026-08-12T17:59:32Z	BURST64B	3487	nordkap	116217	B	T	core_destroyed	170
2026-08-12T17:59:34Z	BURST64B	3488	antler	116218	A	C	core_destroyed	164
2026-08-12T17:59:36Z	BURST64B	3489	antler	116218	B	T	core_destroyed	200
2026-08-12T17:59:38Z	BURST64B	3490	atoll	116218	A	T	core_destroyed	500
2026-08-12T17:59:40Z	BURST64B	3491	atoll	116218	B	T	core_destroyed	151
2026-08-12T17:59:42Z	BURST64B	3492	drumlin	116218	A	T	core_destroyed	200
2026-08-12T17:59:46Z	BURST64B	3493	drumlin	116218	B	T	core_destroyed	197
2026-08-12T17:59:47Z	BURST64B	3494	fjordgate	116218	A	T	core_destroyed	204
2026-08-12T17:59:48Z	BURST64B	3495	fjordgate	116218	B	C	core_destroyed	65
2026-08-12T17:59:51Z	BURST64B	3496	heart	116218	A	T	core_destroyed	159
2026-08-12T17:59:55Z	BURST64B	3497	heart	116218	B	C	tiebreak	1000
2026-08-12T17:59:59Z	BURST64B	3498	hive	116218	A	T	core_destroyed	219
2026-08-12T18:00:03Z	BURST64B	3499	hive	116218	B	T	core_destroyed	306
2026-08-12T18:00:05Z	BURST64B	3500	meander	116218	A	C	core_destroyed	169
2026-08-12T18:00:07Z	BURST64B	3501	meander	116218	B	T	core_destroyed	198
2026-08-12T18:00:08Z	BURST64B	3502	nordkap	116218	A	C	core_destroyed	250
2026-08-12T18:00:10Z	BURST64B	3503	nordkap	116218	B	T	tiebreak	1000
2026-08-12T18:00:12Z	BURST64B	3504	antler	116219	A	T	core_destroyed	157
2026-08-12T18:00:13Z	BURST64B	3505	antler	116219	B	C	core_destroyed	209
2026-08-12T18:00:15Z	BURST64B	3506	atoll	116219	A	T	core_destroyed	270
2026-08-12T18:00:16Z	BURST64B	3507	atoll	116219	B	T	core_destroyed	188
2026-08-12T18:00:20Z	BURST64B	3508	drumlin	116219	A	T	core_destroyed	312
2026-08-12T18:00:21Z	BURST64B	3509	drumlin	116219	B	C	core_destroyed	94
2026-08-12T18:00:23Z	BURST64B	3510	fjordgate	116219	A	T	core_destroyed	172
2026-08-12T18:00:25Z	BURST64B	3511	fjordgate	116219	B	C	core_destroyed	726
2026-08-12T18:00:29Z	BURST64B	3512	heart	116219	A	T	tiebreak	1000
2026-08-12T18:00:32Z	BURST64B	3513	heart	116219	B	T	core_destroyed	262
2026-08-12T18:00:34Z	BURST64B	3514	hive	116219	A	T	core_destroyed	233
2026-08-12T18:00:39Z	BURST64B	3515	hive	116219	B	T	core_destroyed	336
2026-08-12T18:00:43Z	BURST64B	3516	meander	116219	A	C	core_destroyed	513
2026-08-12T18:00:44Z	BURST64B	3517	meander	116219	B	C	core_destroyed	109
2026-08-12T18:00:47Z	BURST64B	3518	nordkap	116219	A	T	core_destroyed	312
2026-08-12T18:00:49Z	BURST64B	3519	nordkap	116219	B	T	core_destroyed	296
2026-08-12T18:00:52Z	BURST64B	3520	antler	116220	A	C	core_destroyed	223
2026-08-12T18:00:55Z	BURST64B	3521	antler	116220	B	C	core_destroyed	230
2026-08-12T18:00:56Z	BURST64B	3522	atoll	116220	A	T	core_destroyed	126
2026-08-12T18:00:58Z	BURST64B	3523	atoll	116220	B	T	tiebreak	1000
2026-08-12T18:01:00Z	BURST64B	3524	drumlin	116220	A	T	core_destroyed	124
2026-08-12T18:01:05Z	BURST64B	3525	drumlin	116220	B	T	core_destroyed	350
2026-08-12T18:01:06Z	BURST64B	3526	fjordgate	116220	A	T	core_destroyed	114
2026-08-12T18:01:07Z	BURST64B	3527	fjordgate	116220	B	T	core_destroyed	112
2026-08-12T18:01:24Z	BURST64B	3528	heart	116220	A	T	core_destroyed	990
2026-08-12T18:01:26Z	BURST64B	3529	heart	116220	B	C	core_destroyed	135
2026-08-12T18:01:32Z	BURST64B	3530	hive	116220	A	T	core_destroyed	371
2026-08-12T18:01:35Z	BURST64B	3531	hive	116220	B	T	core_destroyed	195
2026-08-12T18:01:36Z	BURST64B	3532	meander	116220	A	T	core_destroyed	100
2026-08-12T18:01:38Z	BURST64B	3533	meander	116220	B	T	core_destroyed	261
2026-08-12T18:01:41Z	BURST64B	3534	nordkap	116220	A	T	tiebreak	1000
2026-08-12T18:01:42Z	BURST64B	3535	nordkap	116220	B	C	core_destroyed	100
2026-08-12T18:01:44Z	BURST64B	3536	antler	116221	A	C	core_destroyed	233
2026-08-12T18:01:46Z	BURST64B	3537	antler	116221	B	C	core_destroyed	174
2026-08-12T18:01:48Z	BURST64B	3538	atoll	116221	A	C	core_destroyed	214
2026-08-12T18:01:49Z	BURST64B	3539	atoll	116221	B	T	core_destroyed	114
2026-08-12T18:01:51Z	BURST64B	3540	drumlin	116221	A	C	core_destroyed	468
2026-08-12T18:01:53Z	BURST64B	3541	drumlin	116221	B	C	core_destroyed	131
2026-08-12T18:01:54Z	BURST64B	3542	fjordgate	116221	A	T	core_destroyed	174
2026-08-12T18:01:56Z	BURST64B	3543	fjordgate	116221	B	T	core_destroyed	340
2026-08-12T18:01:59Z	BURST64B	3544	heart	116221	A	T	core_destroyed	206
2026-08-12T18:02:01Z	BURST64B	3545	heart	116221	B	C	core_destroyed	138
2026-08-12T18:02:04Z	BURST64B	3546	hive	116221	A	T	core_destroyed	204
2026-08-12T18:02:05Z	BURST64B	3547	hive	116221	B	C	core_destroyed	166
2026-08-12T18:02:07Z	BURST64B	3548	meander	116221	A	T	core_destroyed	210
2026-08-12T18:02:08Z	BURST64B	3549	meander	116221	B	T	core_destroyed	189
2026-08-12T18:02:12Z	BURST64B	3550	nordkap	116221	A	C	core_destroyed	372
2026-08-12T18:02:13Z	BURST64B	3551	nordkap	116221	B	C	core_destroyed	189
2026-08-12T18:02:16Z	BURST64B	3552	antler	116222	A	T	core_destroyed	206
2026-08-12T18:02:17Z	BURST64B	3553	antler	116222	B	C	core_destroyed	126
2026-08-12T18:02:19Z	BURST64B	3554	atoll	116222	A	C	core_destroyed	147
2026-08-12T18:02:23Z	BURST64B	3555	atoll	116222	B	T	core_destroyed	448
2026-08-12T18:02:26Z	BURST64B	3556	drumlin	116222	A	C	core_destroyed	192
2026-08-12T18:02:29Z	BURST64B	3557	drumlin	116222	B	C	core_destroyed	211
2026-08-12T18:02:31Z	BURST64B	3558	fjordgate	116222	A	C	core_destroyed	135
2026-08-12T18:02:32Z	BURST64B	3559	fjordgate	116222	B	C	core_destroyed	127
2026-08-12T18:02:37Z	BURST64B	3560	heart	116222	A	C	core_destroyed	463
2026-08-12T18:02:42Z	BURST64B	3561	heart	116222	B	C	core_destroyed	422
2026-08-12T18:02:47Z	BURST64B	3562	hive	116222	A	C	core_destroyed	365
2026-08-12T18:02:48Z	BURST64B	3563	hive	116222	B	C	core_destroyed	80
2026-08-12T18:02:50Z	BURST64B	3564	meander	116222	A	T	core_destroyed	130
2026-08-12T18:02:53Z	BURST64B	3565	meander	116222	B	T	tiebreak	1000
2026-08-12T18:02:54Z	BURST64B	3566	nordkap	116222	A	T	core_destroyed	221
2026-08-12T18:02:55Z	BURST64B	3567	nordkap	116222	B	T	core_destroyed	104
2026-08-12T18:02:58Z	BURST64B	3568	antler	116223	A	T	core_destroyed	290
2026-08-12T18:02:59Z	BURST64B	3569	antler	116223	B	C	core_destroyed	453
2026-08-12T18:03:01Z	BURST64B	3570	atoll	116223	A	C	core_destroyed	351
2026-08-12T18:03:02Z	BURST64B	3571	atoll	116223	B	T	core_destroyed	137
2026-08-12T18:03:04Z	BURST64B	3572	drumlin	116223	A	T	core_destroyed	97
2026-08-12T18:03:07Z	BURST64B	3573	drumlin	116223	B	C	core_destroyed	231
2026-08-12T18:03:08Z	BURST64B	3574	fjordgate	116223	A	T	core_destroyed	106
2026-08-12T18:03:09Z	BURST64B	3575	fjordgate	116223	B	C	core_destroyed	195
2026-08-12T18:03:17Z	BURST64B	3576	heart	116223	A	T	core_destroyed	400
2026-08-12T18:03:19Z	BURST64B	3577	heart	116223	B	C	core_destroyed	170
2026-08-12T18:03:26Z	BURST64B	3578	hive	116223	A	T	core_destroyed	474
2026-08-12T18:03:28Z	BURST64B	3579	hive	116223	B	T	core_destroyed	102
2026-08-12T18:03:30Z	BURST64B	3580	meander	116223	A	T	core_destroyed	410
2026-08-12T18:03:31Z	BURST64B	3581	meander	116223	B	C	core_destroyed	163
2026-08-12T18:03:34Z	BURST64B	3582	nordkap	116223	A	C	core_destroyed	301
2026-08-12T18:03:36Z	BURST64B	3583	nordkap	116223	B	C	core_destroyed	180
2026-08-12T18:03:38Z	BURST64B	3584	antler	116224	A	T	core_destroyed	204
2026-08-12T18:03:40Z	BURST64B	3585	antler	116224	B	C	core_destroyed	334
2026-08-12T18:03:46Z	BURST64B	3586	atoll	116224	A	C	core_destroyed	637
2026-08-12T18:03:48Z	BURST64B	3587	atoll	116224	B	T	core_destroyed	163
2026-08-12T18:03:49Z	BURST64B	3588	drumlin	116224	A	T	core_destroyed	110
2026-08-12T18:03:52Z	BURST64B	3589	drumlin	116224	B	C	core_destroyed	183
2026-08-12T18:03:54Z	BURST64B	3590	fjordgate	116224	A	T	core_destroyed	315
2026-08-12T18:03:56Z	BURST64B	3591	fjordgate	116224	B	C	core_destroyed	162
2026-08-12T18:04:03Z	BURST64B	3592	heart	116224	A	C	tiebreak	1000
2026-08-12T18:04:06Z	BURST64B	3593	heart	116224	B	C	core_destroyed	149
2026-08-12T18:04:07Z	BURST64B	3594	hive	116224	A	T	core_destroyed	132
2026-08-12T18:04:11Z	BURST64B	3595	hive	116224	B	T	core_destroyed	203
2026-08-12T18:04:14Z	BURST64B	3596	meander	116224	A	C	core_destroyed	359
2026-08-12T18:04:16Z	BURST64B	3597	meander	116224	B	T	core_destroyed	211
2026-08-12T18:04:20Z	BURST64B	3598	nordkap	116224	A	T	core_destroyed	283
2026-08-12T18:04:23Z	BURST64B	3599	nordkap	116224	B	C	core_destroyed	206
2026-08-12T18:04:25Z	BURST64B	3600	antler	116225	A	T	core_destroyed	221
2026-08-12T18:04:27Z	BURST64B	3601	antler	116225	B	C	core_destroyed	142
2026-08-12T18:04:28Z	BURST64B	3602	atoll	116225	A	T	core_destroyed	589
2026-08-12T18:04:31Z	BURST64B	3603	atoll	116225	B	T	core_destroyed	288
2026-08-12T18:04:32Z	BURST64B	3604	drumlin	116225	A	T	core_destroyed	91
2026-08-12T18:04:37Z	BURST64B	3605	drumlin	116225	B	C	core_destroyed	362
2026-08-12T18:04:39Z	BURST64B	3606	fjordgate	116225	A	C	core_destroyed	508
2026-08-12T18:04:41Z	BURST64B	3607	fjordgate	116225	B	T	core_destroyed	357
2026-08-12T18:04:43Z	BURST64B	3608	heart	116225	A	T	core_destroyed	139
2026-08-12T18:04:45Z	BURST64B	3609	heart	116225	B	C	core_destroyed	174
2026-08-12T18:04:49Z	BURST64B	3610	hive	116225	A	T	core_destroyed	202
2026-08-12T18:04:53Z	BURST64B	3611	hive	116225	B	T	core_destroyed	249
2026-08-12T18:04:55Z	BURST64B	3612	meander	116225	A	T	core_destroyed	193
2026-08-12T18:04:58Z	BURST64B	3613	meander	116225	B	C	tiebreak	1000
2026-08-12T18:05:00Z	BURST64B	3614	nordkap	116225	A	C	core_destroyed	169
2026-08-12T18:05:02Z	BURST64B	3615	nordkap	116225	B	C	core_destroyed	180
2026-08-12T18:05:03Z	BURST64B	3616	antler	116226	A	T	core_destroyed	257
2026-08-12T18:05:04Z	BURST64B	3617	antler	116226	B	T	core_destroyed	121
2026-08-12T18:05:08Z	BURST64B	3618	atoll	116226	A	T	core_destroyed	413
2026-08-12T18:05:10Z	BURST64B	3619	atoll	116226	B	T	core_destroyed	88
2026-08-12T18:05:14Z	BURST64B	3620	drumlin	116226	A	T	core_destroyed	284
2026-08-12T18:05:20Z	BURST64B	3621	drumlin	116226	B	C	core_destroyed	373
2026-08-12T18:05:25Z	BURST64B	3622	fjordgate	116226	A	C	core_destroyed	834
2026-08-12T18:05:26Z	BURST64B	3623	fjordgate	116226	B	C	core_destroyed	174
2026-08-12T18:05:29Z	BURST64B	3624	heart	116226	A	T	core_destroyed	153
2026-08-12T18:05:31Z	BURST64B	3625	heart	116226	B	C	core_destroyed	210
2026-08-12T18:05:32Z	BURST64B	3626	hive	116226	A	T	core_destroyed	167
2026-08-12T18:05:36Z	BURST64B	3627	hive	116226	B	C	core_destroyed	492
2026-08-12T18:05:38Z	BURST64B	3628	meander	116226	A	C	core_destroyed	243
2026-08-12T18:05:41Z	BURST64B	3629	meander	116226	B	T	core_destroyed	319
2026-08-12T18:05:44Z	BURST64B	3630	nordkap	116226	A	T	core_destroyed	192
2026-08-12T18:05:45Z	BURST64B	3631	nordkap	116226	B	T	core_destroyed	196
2026-08-12T18:05:48Z	BURST64B	3632	antler	116227	A	T	core_destroyed	421
2026-08-12T18:05:50Z	BURST64B	3633	antler	116227	B	T	core_destroyed	335
2026-08-12T18:05:54Z	BURST64B	3634	atoll	116227	A	C	core_destroyed	242
2026-08-12T18:05:56Z	BURST64B	3635	atoll	116227	B	T	core_destroyed	175
2026-08-12T18:06:01Z	BURST64B	3636	drumlin	116227	A	C	core_destroyed	463
2026-08-12T18:06:05Z	BURST64B	3637	drumlin	116227	B	C	core_destroyed	345
2026-08-12T18:06:08Z	BURST64B	3638	fjordgate	116227	A	T	core_destroyed	683
2026-08-12T18:06:10Z	BURST64B	3639	fjordgate	116227	B	C	core_destroyed	124
2026-08-12T18:06:14Z	BURST64B	3640	heart	116227	A	T	tiebreak	1000
2026-08-12T18:06:22Z	BURST64B	3641	heart	116227	B	C	core_destroyed	922
2026-08-12T18:06:26Z	BURST64B	3642	hive	116227	A	C	core_destroyed	208
2026-08-12T18:06:31Z	BURST64B	3643	hive	116227	B	T	core_destroyed	293
2026-08-12T18:06:33Z	BURST64B	3644	meander	116227	A	C	core_destroyed	142
2026-08-12T18:06:35Z	BURST64B	3645	meander	116227	B	T	core_destroyed	142
2026-08-12T18:06:36Z	BURST64B	3646	nordkap	116227	A	C	core_destroyed	151
2026-08-12T18:06:38Z	BURST64B	3647	nordkap	116227	B	C	core_destroyed	271
2026-08-12T18:06:40Z	BURST64B	3648	antler	116228	A	T	core_destroyed	109
2026-08-12T18:06:42Z	BURST64B	3649	antler	116228	B	T	core_destroyed	253
2026-08-12T18:06:46Z	BURST64B	3650	atoll	116228	A	C	core_destroyed	351
2026-08-12T18:06:49Z	BURST64B	3651	atoll	116228	B	C	core_destroyed	829
2026-08-12T18:06:51Z	BURST64B	3652	drumlin	116228	A	T	core_destroyed	152
2026-08-12T18:06:57Z	BURST64B	3653	drumlin	116228	B	T	core_destroyed	286
2026-08-12T18:06:58Z	BURST64B	3654	fjordgate	116228	A	T	core_destroyed	154
2026-08-12T18:07:01Z	BURST64B	3655	fjordgate	116228	B	T	tiebreak	1000
2026-08-12T18:07:05Z	BURST64B	3656	heart	116228	A	T	tiebreak	1000
2026-08-12T18:07:08Z	BURST64B	3657	heart	116228	B	C	core_destroyed	149
2026-08-12T18:07:09Z	BURST64B	3658	hive	116228	A	T	core_destroyed	132
2026-08-12T18:07:11Z	BURST64B	3659	hive	116228	B	C	core_destroyed	177
2026-08-12T18:07:12Z	BURST64B	3660	meander	116228	A	C	core_destroyed	134
2026-08-12T18:07:13Z	BURST64B	3661	meander	116228	B	C	core_destroyed	148
2026-08-12T18:07:15Z	BURST64B	3662	nordkap	116228	A	T	core_destroyed	176
2026-08-12T18:07:17Z	BURST64B	3663	nordkap	116228	B	C	core_destroyed	469
2026-08-12T18:07:19Z	BURST64B	3664	antler	116229	A	T	core_destroyed	135
2026-08-12T18:07:21Z	BURST64B	3665	antler	116229	B	C	core_destroyed	458
2026-08-12T18:07:22Z	BURST64B	3666	atoll	116229	A	C	core_destroyed	238
2026-08-12T18:07:24Z	BURST64B	3667	atoll	116229	B	T	tiebreak	1000
2026-08-12T18:07:30Z	BURST64B	3668	drumlin	116229	A	C	core_destroyed	322
2026-08-12T18:07:35Z	BURST64B	3669	drumlin	116229	B	C	core_destroyed	340
2026-08-12T18:07:37Z	BURST64B	3670	fjordgate	116229	A	C	core_destroyed	243
2026-08-12T18:07:40Z	BURST64B	3671	fjordgate	116229	B	T	core_destroyed	597
2026-08-12T18:07:48Z	BURST64B	3672	heart	116229	A	C	core_destroyed	518
2026-08-12T18:07:51Z	BURST64B	3673	heart	116229	B	C	core_destroyed	303
2026-08-12T18:07:52Z	BURST64B	3674	hive	116229	A	T	core_destroyed	148
2026-08-12T18:07:54Z	BURST64B	3675	hive	116229	B	C	core_destroyed	127
2026-08-12T18:07:58Z	BURST64B	3676	meander	116229	A	C	core_destroyed	279
2026-08-12T18:07:59Z	BURST64B	3677	meander	116229	B	T	core_destroyed	159
2026-08-12T18:08:01Z	BURST64B	3678	nordkap	116229	A	T	core_destroyed	336
2026-08-12T18:08:06Z	BURST64B	3679	nordkap	116229	B	C	core_destroyed	355
2026-08-12T18:08:08Z	BURST64B	3680	antler	116230	A	C	tiebreak	1000
2026-08-12T18:08:10Z	BURST64B	3681	antler	116230	B	C	core_destroyed	121
2026-08-12T18:08:11Z	BURST64B	3682	atoll	116230	A	C	core_destroyed	89
2026-08-12T18:08:13Z	BURST64B	3683	atoll	116230	B	C	core_destroyed	390
2026-08-12T18:08:15Z	BURST64B	3684	drumlin	116230	A	C	core_destroyed	91
2026-08-12T18:08:19Z	BURST64B	3685	drumlin	116230	B	T	core_destroyed	392
2026-08-12T18:08:21Z	BURST64B	3686	fjordgate	116230	A	C	core_destroyed	293
2026-08-12T18:08:22Z	BURST64B	3687	fjordgate	116230	B	C	core_destroyed	202
2026-08-12T18:08:25Z	BURST64B	3688	heart	116230	A	T	core_destroyed	883
2026-08-12T18:08:32Z	BURST64B	3689	heart	116230	B	C	core_destroyed	559
2026-08-12T18:08:38Z	BURST64B	3690	hive	116230	A	T	core_destroyed	329
2026-08-12T18:08:43Z	BURST64B	3691	hive	116230	B	T	core_destroyed	313
2026-08-12T18:08:45Z	BURST64B	3692	meander	116230	A	C	core_destroyed	149
2026-08-12T18:08:49Z	BURST64B	3693	meander	116230	B	C	tiebreak	1000
2026-08-12T18:08:50Z	BURST64B	3694	nordkap	116230	A	T	core_destroyed	109
2026-08-12T18:08:52Z	BURST64B	3695	nordkap	116230	B	T	core_destroyed	172
2026-08-12T18:08:53Z	BURST64B	3696	antler	116231	A	T	core_destroyed	221
2026-08-12T18:08:55Z	BURST64B	3697	antler	116231	B	T	core_destroyed	140
2026-08-12T18:08:57Z	BURST64B	3698	atoll	116231	A	C	core_destroyed	215
2026-08-12T18:08:58Z	BURST64B	3699	atoll	116231	B	T	core_destroyed	106
2026-08-12T18:09:00Z	BURST64B	3700	drumlin	116231	A	T	core_destroyed	240
2026-08-12T18:09:05Z	BURST64B	3701	drumlin	116231	B	T	core_destroyed	372
2026-08-12T18:09:07Z	BURST64B	3702	fjordgate	116231	A	C	core_destroyed	205
2026-08-12T18:09:09Z	BURST64B	3703	fjordgate	116231	B	C	core_destroyed	433
2026-08-12T18:09:11Z	BURST64B	3704	heart	116231	A	T	core_destroyed	193
2026-08-12T18:09:14Z	BURST64B	3705	heart	116231	B	T	core_destroyed	385
2026-08-12T18:09:16Z	BURST64B	3706	hive	116231	A	T	core_destroyed	134
2026-08-12T18:09:19Z	BURST64B	3707	hive	116231	B	C	core_destroyed	213
2026-08-12T18:09:20Z	BURST64B	3708	meander	116231	A	T	core_destroyed	160
2026-08-12T18:09:22Z	BURST64B	3709	meander	116231	B	C	core_destroyed	93
2026-08-12T18:09:25Z	BURST64B	3710	nordkap	116231	A	C	core_destroyed	326
2026-08-12T18:09:27Z	BURST64B	3711	nordkap	116231	B	T	core_destroyed	179
2026-08-12T18:09:29Z	BURST64B	3712	antler	116232	A	T	core_destroyed	217
2026-08-12T18:09:31Z	BURST64B	3713	antler	116232	B	C	core_destroyed	277
2026-08-12T18:09:34Z	BURST64B	3714	atoll	116232	A	T	core_destroyed	198
2026-08-12T18:09:38Z	BURST64B	3715	atoll	116232	B	T	core_destroyed	321
2026-08-12T18:09:40Z	BURST64B	3716	drumlin	116232	A	T	core_destroyed	193
2026-08-12T18:09:45Z	BURST64B	3717	drumlin	116232	B	T	core_destroyed	300
2026-08-12T18:09:46Z	BURST64B	3718	fjordgate	116232	A	T	core_destroyed	141
2026-08-12T18:09:48Z	BURST64B	3719	fjordgate	116232	B	C	core_destroyed	174
2026-08-12T18:09:50Z	BURST64B	3720	heart	116232	A	T	core_destroyed	133
2026-08-12T18:09:53Z	BURST64B	3721	heart	116232	B	T	core_destroyed	581
2026-08-12T18:09:57Z	BURST64B	3722	hive	116232	A	T	core_destroyed	492
2026-08-12T18:09:58Z	BURST64B	3723	hive	116232	B	C	core_destroyed	130
2026-08-12T18:10:00Z	BURST64B	3724	meander	116232	A	C	core_destroyed	205
2026-08-12T18:10:02Z	BURST64B	3725	meander	116232	B	T	core_destroyed	271
2026-08-12T18:10:03Z	BURST64B	3726	nordkap	116232	A	C	core_destroyed	129
2026-08-12T18:10:05Z	BURST64B	3727	nordkap	116232	B	C	core_destroyed	200
2026-08-12T18:10:07Z	BURST64B	3728	antler	116233	A	T	core_destroyed	111
2026-08-12T18:10:09Z	BURST64B	3729	antler	116233	B	T	core_destroyed	247
2026-08-12T18:10:11Z	BURST64B	3730	atoll	116233	A	C	core_destroyed	241
2026-08-12T18:10:15Z	BURST64B	3731	atoll	116233	B	T	core_destroyed	921
2026-08-12T18:10:18Z	BURST64B	3732	drumlin	116233	A	T	core_destroyed	278
2026-08-12T18:10:19Z	BURST64B	3733	drumlin	116233	B	C	core_destroyed	95
2026-08-12T18:10:21Z	BURST64B	3734	fjordgate	116233	A	C	core_destroyed	184
2026-08-12T18:10:23Z	BURST64B	3735	fjordgate	116233	B	C	tiebreak	1000
2026-08-12T18:10:29Z	BURST64B	3736	heart	116233	A	T	tiebreak	1000
2026-08-12T18:10:34Z	BURST64B	3737	heart	116233	B	T	core_destroyed	338
2026-08-12T18:10:39Z	BURST64B	3738	hive	116233	A	T	core_destroyed	276
2026-08-12T18:10:40Z	BURST64B	3739	hive	116233	B	T	core_destroyed	128
2026-08-12T18:10:42Z	BURST64B	3740	meander	116233	A	T	core_destroyed	230
2026-08-12T18:10:44Z	BURST64B	3741	meander	116233	B	T	core_destroyed	161
2026-08-12T18:10:45Z	BURST64B	3742	nordkap	116233	A	C	core_destroyed	129
2026-08-12T18:10:46Z	BURST64B	3743	nordkap	116233	B	T	core_destroyed	241
2026-08-12T18:10:50Z	BURST64B	3744	antler	116234	A	T	core_destroyed	732
2026-08-12T18:10:52Z	BURST64B	3745	antler	116234	B	C	core_destroyed	263
2026-08-12T18:10:54Z	BURST64B	3746	atoll	116234	A	C	core_destroyed	132
2026-08-12T18:10:55Z	BURST64B	3747	atoll	116234	B	T	core_destroyed	90
2026-08-12T18:11:01Z	BURST64B	3748	drumlin	116234	A	T	core_destroyed	450
2026-08-12T18:11:07Z	BURST64B	3749	drumlin	116234	B	C	core_destroyed	375
2026-08-12T18:11:09Z	BURST64B	3750	fjordgate	116234	A	C	core_destroyed	196
2026-08-12T18:11:11Z	BURST64B	3751	fjordgate	116234	B	C	core_destroyed	132
2026-08-12T18:11:13Z	BURST64B	3752	heart	116234	A	T	core_destroyed	137
2026-08-12T18:11:15Z	BURST64B	3753	heart	116234	B	T	core_destroyed	291
2026-08-12T18:11:20Z	BURST64B	3754	hive	116234	A	T	core_destroyed	284
2026-08-12T18:11:21Z	BURST64B	3755	hive	116234	B	T	core_destroyed	94
2026-08-12T18:11:26Z	BURST64B	3756	meander	116234	A	T	core_destroyed	393
2026-08-12T18:11:28Z	BURST64B	3757	meander	116234	B	T	core_destroyed	237
2026-08-12T18:11:29Z	BURST64B	3758	nordkap	116234	A	T	core_destroyed	111
2026-08-12T18:11:31Z	BURST64B	3759	nordkap	116234	B	C	core_destroyed	165
2026-08-12T18:11:32Z	BURST64B	3760	antler	116235	A	C	core_destroyed	259
2026-08-12T18:11:34Z	BURST64B	3761	antler	116235	B	T	core_destroyed	142
2026-08-12T18:11:35Z	BURST64B	3762	atoll	116235	A	T	core_destroyed	149
2026-08-12T18:11:37Z	BURST64B	3763	atoll	116235	B	T	core_destroyed	126
2026-08-12T18:11:38Z	BURST64B	3764	drumlin	116235	A	T	core_destroyed	199
2026-08-12T18:11:40Z	BURST64B	3765	drumlin	116235	B	C	core_destroyed	210
2026-08-12T18:11:42Z	BURST64B	3766	fjordgate	116235	A	T	core_destroyed	153
2026-08-12T18:11:43Z	BURST64B	3767	fjordgate	116235	B	T	core_destroyed	377
2026-08-12T18:11:53Z	BURST64B	3768	heart	116235	A	T	tiebreak	1000
2026-08-12T18:11:56Z	BURST64B	3769	heart	116235	B	C	core_destroyed	296
2026-08-12T18:12:01Z	BURST64B	3770	hive	116235	A	C	core_destroyed	344
2026-08-12T18:12:10Z	BURST64B	3771	hive	116235	B	T	core_destroyed	499
2026-08-12T18:12:11Z	BURST64B	3772	meander	116235	A	C	core_destroyed	105
2026-08-12T18:12:13Z	BURST64B	3773	meander	116235	B	T	core_destroyed	182
2026-08-12T18:12:15Z	BURST64B	3774	nordkap	116235	A	C	core_destroyed	251
2026-08-12T18:12:17Z	BURST64B	3775	nordkap	116235	B	T	tiebreak	1000
2026-08-12T18:12:19Z	BURST64B	3776	antler	116236	A	C	core_destroyed	147
2026-08-12T18:12:22Z	BURST64B	3777	antler	116236	B	T	core_destroyed	244
2026-08-12T18:12:32Z	BURST64B	3778	atoll	116236	A	C	tiebreak	1000
2026-08-12T18:12:34Z	BURST64B	3779	atoll	116236	B	T	core_destroyed	320
2026-08-12T18:12:42Z	BURST64B	3780	drumlin	116236	A	C	core_destroyed	429
2026-08-12T18:12:43Z	BURST64B	3781	drumlin	116236	B	T	core_destroyed	86
2026-08-12T18:12:44Z	BURST64B	3782	fjordgate	116236	A	T	core_destroyed	131
2026-08-12T18:12:46Z	BURST64B	3783	fjordgate	116236	B	T	core_destroyed	432
2026-08-12T18:12:49Z	BURST64B	3784	heart	116236	A	C	core_destroyed	633
2026-08-12T18:12:56Z	BURST64B	3785	heart	116236	B	T	core_destroyed	344
2026-08-12T18:12:57Z	BURST64B	3786	hive	116236	A	T	core_destroyed	101
2026-08-12T18:12:59Z	BURST64B	3787	hive	116236	B	T	core_destroyed	148
2026-08-12T18:13:03Z	BURST64B	3788	meander	116236	A	T	core_destroyed	641
2026-08-12T18:13:05Z	BURST64B	3789	meander	116236	B	T	core_destroyed	300
2026-08-12T18:13:07Z	BURST64B	3790	nordkap	116236	A	T	core_destroyed	200
2026-08-12T18:13:09Z	BURST64B	3791	nordkap	116236	B	C	core_destroyed	136
2026-08-12T18:13:11Z	BURST64B	3792	antler	116237	A	C	tiebreak	1000
2026-08-12T18:13:14Z	BURST64B	3793	antler	116237	B	C	core_destroyed	152
2026-08-12T18:13:16Z	BURST64B	3794	atoll	116237	A	C	core_destroyed	165
2026-08-12T18:13:17Z	BURST64B	3795	atoll	116237	B	T	core_destroyed	120
2026-08-12T18:13:20Z	BURST64B	3796	drumlin	116237	A	C	core_destroyed	151
2026-08-12T18:13:27Z	BURST64B	3797	drumlin	116237	B	C	core_destroyed	341
2026-08-12T18:13:28Z	BURST64B	3798	fjordgate	116237	A	T	core_destroyed	225
2026-08-12T18:13:30Z	BURST64B	3799	fjordgate	116237	B	C	core_destroyed	152
2026-08-12T18:13:33Z	BURST64B	3800	heart	116237	A	C	core_destroyed	149
2026-08-12T18:13:35Z	BURST64B	3801	heart	116237	B	T	core_destroyed	155
2026-08-12T18:13:36Z	BURST64B	3802	hive	116237	A	C	core_destroyed	149
2026-08-12T18:13:38Z	BURST64B	3803	hive	116237	B	T	core_destroyed	106
2026-08-12T18:13:40Z	BURST64B	3804	meander	116237	A	C	core_destroyed	589
2026-08-12T18:13:43Z	BURST64B	3805	meander	116237	B	C	core_destroyed	338
2026-08-12T18:13:44Z	BURST64B	3806	nordkap	116237	A	T	core_destroyed	167
2026-08-12T18:13:46Z	BURST64B	3807	nordkap	116237	B	C	core_destroyed	195
2026-08-12T18:13:49Z	BURST64B	3808	antler	116238	A	C	core_destroyed	293
2026-08-12T18:13:50Z	BURST64B	3809	antler	116238	B	C	core_destroyed	382
2026-08-12T18:13:52Z	BURST64B	3810	atoll	116238	A	C	core_destroyed	219
2026-08-12T18:13:54Z	BURST64B	3811	atoll	116238	B	T	core_destroyed	180
2026-08-12T18:13:55Z	BURST64B	3812	drumlin	116238	A	T	core_destroyed	120
2026-08-12T18:13:57Z	BURST64B	3813	drumlin	116238	B	C	core_destroyed	131
2026-08-12T18:13:59Z	BURST64B	3814	fjordgate	116238	A	T	core_destroyed	202
2026-08-12T18:14:01Z	BURST64B	3815	fjordgate	116238	B	T	core_destroyed	282
2026-08-12T18:14:06Z	BURST64B	3816	heart	116238	A	C	core_destroyed	443
2026-08-12T18:14:08Z	BURST64B	3817	heart	116238	B	C	core_destroyed	158
2026-08-12T18:14:09Z	BURST64B	3818	hive	116238	A	C	core_destroyed	96
2026-08-12T18:14:15Z	BURST64B	3819	hive	116238	B	C	core_destroyed	344
2026-08-12T18:14:17Z	BURST64B	3820	meander	116238	A	T	core_destroyed	841
2026-08-12T18:14:18Z	BURST64B	3821	meander	116238	B	T	core_destroyed	129
2026-08-12T18:14:20Z	BURST64B	3822	nordkap	116238	A	C	core_destroyed	344
2026-08-12T18:14:21Z	BURST64B	3823	nordkap	116238	B	C	core_destroyed	133
2026-08-12T18:14:24Z	BURST64B	3824	antler	116239	A	C	core_destroyed	526
2026-08-12T18:14:26Z	BURST64B	3825	antler	116239	B	C	tiebreak	1000
2026-08-12T18:14:27Z	BURST64B	3826	atoll	116239	A	C	core_destroyed	110
2026-08-12T18:14:28Z	BURST64B	3827	atoll	116239	B	T	core_destroyed	104
2026-08-12T18:14:30Z	BURST64B	3828	drumlin	116239	A	T	core_destroyed	89
2026-08-12T18:14:37Z	BURST64B	3829	drumlin	116239	B	C	core_destroyed	397
2026-08-12T18:14:38Z	BURST64B	3830	fjordgate	116239	A	T	core_destroyed	193
2026-08-12T18:14:41Z	BURST64B	3831	fjordgate	116239	B	C	tiebreak	1000
2026-08-12T18:14:49Z	BURST64B	3832	heart	116239	A	C	core_destroyed	312
2026-08-12T18:14:51Z	BURST64B	3833	heart	116239	B	C	tiebreak	1000
2026-08-12T18:14:56Z	BURST64B	3834	hive	116239	A	T	core_destroyed	212
2026-08-12T18:15:00Z	BURST64B	3835	hive	116239	B	T	core_destroyed	232
2026-08-12T18:15:02Z	BURST64B	3836	meander	116239	A	C	core_destroyed	208
2026-08-12T18:15:04Z	BURST64B	3837	meander	116239	B	T	core_destroyed	156
2026-08-12T18:15:05Z	BURST64B	3838	nordkap	116239	A	T	core_destroyed	234
2026-08-12T18:15:09Z	BURST64B	3839	nordkap	116239	B	T	core_destroyed	837
2026-08-12T18:15:12Z	BURST64B	3840	antler	116240	A	T	core_destroyed	242
2026-08-12T18:15:14Z	BURST64B	3841	antler	116240	B	C	core_destroyed	168
2026-08-12T18:15:16Z	BURST64B	3842	atoll	116240	A	C	core_destroyed	525
2026-08-12T18:15:18Z	BURST64B	3843	atoll	116240	B	T	core_destroyed	113
2026-08-12T18:15:20Z	BURST64B	3844	drumlin	116240	A	T	core_destroyed	170
2026-08-12T18:15:26Z	BURST64B	3845	drumlin	116240	B	C	core_destroyed	322
2026-08-12T18:15:28Z	BURST64B	3846	fjordgate	116240	A	T	core_destroyed	388
2026-08-12T18:15:31Z	BURST64B	3847	fjordgate	116240	B	T	core_destroyed	340
2026-08-12T18:15:34Z	BURST64B	3848	heart	116240	A	C	core_destroyed	169
2026-08-12T18:15:40Z	BURST64B	3849	heart	116240	B	C	core_destroyed	394
2026-08-12T18:15:42Z	BURST64B	3850	hive	116240	A	C	core_destroyed	83
2026-08-12T18:15:43Z	BURST64B	3851	hive	116240	B	C	core_destroyed	122
2026-08-12T18:15:45Z	BURST64B	3852	meander	116240	A	C	core_destroyed	214
2026-08-12T18:15:47Z	BURST64B	3853	meander	116240	B	T	core_destroyed	146
2026-08-12T18:15:48Z	BURST64B	3854	nordkap	116240	A	C	core_destroyed	150
2026-08-12T18:15:51Z	BURST64B	3855	nordkap	116240	B	T	core_destroyed	474
2026-08-12T18:15:54Z	BURST64B	3856	antler	116241	A	T	core_destroyed	535
2026-08-12T18:15:56Z	BURST64B	3857	antler	116241	B	C	core_destroyed	290
2026-08-12T18:15:57Z	BURST64B	3858	atoll	116241	A	C	core_destroyed	103
2026-08-12T18:15:59Z	BURST64B	3859	atoll	116241	B	T	core_destroyed	227
2026-08-12T18:16:00Z	BURST64B	3860	drumlin	116241	A	T	core_destroyed	141
2026-08-12T18:16:02Z	BURST64B	3861	drumlin	116241	B	C	core_destroyed	147
2026-08-12T18:16:03Z	BURST64B	3862	fjordgate	116241	A	C	core_destroyed	221
2026-08-12T18:16:04Z	BURST64B	3863	fjordgate	116241	B	C	core_destroyed	162
2026-08-12T18:16:08Z	BURST64B	3864	heart	116241	A	T	core_destroyed	353
2026-08-12T18:16:14Z	BURST64B	3865	heart	116241	B	T	core_destroyed	379
2026-08-12T18:16:18Z	BURST64B	3866	hive	116241	A	C	core_destroyed	218
2026-08-12T18:16:23Z	BURST64B	3867	hive	116241	B	T	core_destroyed	291
2026-08-12T18:16:25Z	BURST64B	3868	meander	116241	A	T	core_destroyed	154
2026-08-12T18:16:26Z	BURST64B	3869	meander	116241	B	C	core_destroyed	115
2026-08-12T18:16:27Z	BURST64B	3870	nordkap	116241	A	C	core_destroyed	267
2026-08-12T18:16:31Z	BURST64B	3871	nordkap	116241	B	T	core_destroyed	365
2026-08-12T18:16:32Z	BURST64B	3872	antler	116242	A	C	core_destroyed	96
2026-08-12T18:16:35Z	BURST64B	3873	antler	116242	B	T	core_destroyed	203
2026-08-12T18:16:37Z	BURST64B	3874	atoll	116242	A	T	core_destroyed	258
2026-08-12T18:16:40Z	BURST64B	3875	atoll	116242	B	C	core_destroyed	260
2026-08-12T18:16:42Z	BURST64B	3876	drumlin	116242	A	T	core_destroyed	95
2026-08-12T18:16:44Z	BURST64B	3877	drumlin	116242	B	C	core_destroyed	182
2026-08-12T18:16:45Z	BURST64B	3878	fjordgate	116242	A	T	core_destroyed	197
2026-08-12T18:16:48Z	BURST64B	3879	fjordgate	116242	B	C	core_destroyed	683
2026-08-12T18:16:52Z	BURST64B	3880	heart	116242	A	T	core_destroyed	376
2026-08-12T18:17:05Z	BURST64B	3881	heart	116242	B	C	tiebreak	1000
2026-08-12T18:17:10Z	BURST64B	3882	hive	116242	A	T	core_destroyed	343
2026-08-12T18:17:14Z	BURST64B	3883	hive	116242	B	T	core_destroyed	190
2026-08-12T18:17:15Z	BURST64B	3884	meander	116242	A	T	core_destroyed	162
2026-08-12T18:17:18Z	BURST64B	3885	meander	116242	B	C	tiebreak	1000
2026-08-12T18:17:20Z	BURST64B	3886	nordkap	116242	A	C	core_destroyed	543
2026-08-12T18:17:22Z	BURST64B	3887	nordkap	116242	B	C	core_destroyed	175
2026-08-12T18:17:23Z	BURST64B	3888	antler	116243	A	C	core_destroyed	184
2026-08-12T18:17:25Z	BURST64B	3889	antler	116243	B	C	core_destroyed	225
2026-08-12T18:17:26Z	BURST64B	3890	atoll	116243	A	C	core_destroyed	205
2026-08-12T18:17:29Z	BURST64B	3891	atoll	116243	B	C	core_destroyed	287
2026-08-12T18:17:30Z	BURST64B	3892	drumlin	116243	A	T	core_destroyed	125
2026-08-12T18:17:32Z	BURST64B	3893	drumlin	116243	B	T	core_destroyed	114
2026-08-12T18:17:33Z	BURST64B	3894	fjordgate	116243	A	T	core_destroyed	149
2026-08-12T18:17:34Z	BURST64B	3895	fjordgate	116243	B	T	core_destroyed	116
2026-08-12T18:17:35Z	BURST64B	3896	heart	116243	A	T	core_destroyed	208
2026-08-12T18:17:40Z	BURST64B	3897	heart	116243	B	T	core_destroyed	357
2026-08-12T18:17:42Z	BURST64B	3898	hive	116243	A	T	core_destroyed	112
2026-08-12T18:17:43Z	BURST64B	3899	hive	116243	B	C	core_destroyed	145
2026-08-12T18:17:44Z	BURST64B	3900	meander	116243	A	C	core_destroyed	117
2026-08-12T18:17:46Z	BURST64B	3901	meander	116243	B	T	core_destroyed	109
2026-08-12T18:17:47Z	BURST64B	3902	nordkap	116243	A	T	core_destroyed	155
2026-08-12T18:17:48Z	BURST64B	3903	nordkap	116243	B	C	core_destroyed	168
2026-08-12T18:17:49Z	BURST64B	3904	antler	116244	A	T	core_destroyed	127
2026-08-12T18:17:51Z	BURST64B	3905	antler	116244	B	T	core_destroyed	246
2026-08-12T18:17:52Z	BURST64B	3906	atoll	116244	A	C	core_destroyed	209
2026-08-12T18:18:01Z	BURST64B	3907	atoll	116244	B	T	tiebreak	1000
2026-08-12T18:18:03Z	BURST64B	3908	drumlin	116244	A	T	core_destroyed	153
2026-08-12T18:18:08Z	BURST64B	3909	drumlin	116244	B	T	core_destroyed	409
2026-08-12T18:18:10Z	BURST64B	3910	fjordgate	116244	A	T	core_destroyed	247
2026-08-12T18:18:11Z	BURST64B	3911	fjordgate	116244	B	T	core_destroyed	176
2026-08-12T18:18:13Z	BURST64B	3912	heart	116244	A	T	core_destroyed	228
2026-08-12T18:18:15Z	BURST64B	3913	heart	116244	B	T	core_destroyed	173
2026-08-12T18:18:20Z	BURST64B	3914	hive	116244	A	C	core_destroyed	318
2026-08-12T18:18:28Z	BURST64B	3915	hive	116244	B	C	core_destroyed	582
2026-08-12T18:18:29Z	BURST64B	3916	meander	116244	A	T	core_destroyed	184
2026-08-12T18:18:31Z	BURST64B	3917	meander	116244	B	T	core_destroyed	189
2026-08-12T18:18:34Z	BURST64B	3918	nordkap	116244	A	C	core_destroyed	267
2026-08-12T18:18:36Z	BURST64B	3919	nordkap	116244	B	T	core_destroyed	186
2026-08-12T18:18:38Z	BURST64B	3920	antler	116245	A	C	core_destroyed	214
2026-08-12T18:18:40Z	BURST64B	3921	antler	116245	B	T	core_destroyed	199
2026-08-12T18:18:42Z	BURST64B	3922	atoll	116245	A	T	core_destroyed	141
2026-08-12T18:18:44Z	BURST64B	3923	atoll	116245	B	T	core_destroyed	205
2026-08-12T18:18:45Z	BURST64B	3924	drumlin	116245	A	T	core_destroyed	144
2026-08-12T18:18:49Z	BURST64B	3925	drumlin	116245	B	C	core_destroyed	302
2026-08-12T18:18:52Z	BURST64B	3926	fjordgate	116245	A	T	core_destroyed	236
2026-08-12T18:18:54Z	BURST64B	3927	fjordgate	116245	B	T	core_destroyed	299
2026-08-12T18:18:56Z	BURST64B	3928	heart	116245	A	T	core_destroyed	130
2026-08-12T18:18:59Z	BURST64B	3929	heart	116245	B	C	core_destroyed	206
2026-08-12T18:19:03Z	BURST64B	3930	hive	116245	A	T	core_destroyed	218
2026-08-12T18:19:05Z	BURST64B	3931	hive	116245	B	T	core_destroyed	131
2026-08-12T18:19:07Z	BURST64B	3932	meander	116245	A	T	core_destroyed	178
2026-08-12T18:19:10Z	BURST64B	3933	meander	116245	B	T	core_destroyed	241
2026-08-12T18:19:12Z	BURST64B	3934	nordkap	116245	A	C	core_destroyed	228
2026-08-12T18:19:15Z	BURST64B	3935	nordkap	116245	B	C	core_destroyed	279
2026-08-12T18:19:18Z	BURST64B	3936	antler	116246	A	T	core_destroyed	262
2026-08-12T18:19:19Z	BURST64B	3937	antler	116246	B	C	core_destroyed	308
2026-08-12T18:19:21Z	BURST64B	3938	atoll	116246	A	C	core_destroyed	132
2026-08-12T18:19:22Z	BURST64B	3939	atoll	116246	B	T	core_destroyed	264
2026-08-12T18:19:27Z	BURST64B	3940	drumlin	116246	A	C	core_destroyed	259
2026-08-12T18:19:29Z	BURST64B	3941	drumlin	116246	B	T	core_destroyed	255
2026-08-12T18:19:30Z	BURST64B	3942	fjordgate	116246	A	T	core_destroyed	128
2026-08-12T18:19:31Z	BURST64B	3943	fjordgate	116246	B	C	core_destroyed	117
2026-08-12T18:19:41Z	BURST64B	3944	heart	116246	A	C	core_destroyed	490
2026-08-12T18:19:43Z	BURST64B	3945	heart	116246	B	C	core_destroyed	287
2026-08-12T18:19:46Z	BURST64B	3946	hive	116246	A	C	core_destroyed	243
2026-08-12T18:19:47Z	BURST64B	3947	hive	116246	B	T	core_destroyed	129
2026-08-12T18:19:49Z	BURST64B	3948	meander	116246	A	C	core_destroyed	156
2026-08-12T18:19:50Z	BURST64B	3949	meander	116246	B	C	core_destroyed	114
2026-08-12T18:19:52Z	BURST64B	3950	nordkap	116246	A	C	core_destroyed	417
2026-08-12T18:19:55Z	BURST64B	3951	nordkap	116246	B	C	core_destroyed	664
2026-08-12T18:19:57Z	BURST64B	3952	antler	116247	A	T	tiebreak	1000
2026-08-12T18:19:59Z	BURST64B	3953	antler	116247	B	C	core_destroyed	201
2026-08-12T18:20:00Z	BURST64B	3954	atoll	116247	A	C	core_destroyed	132
2026-08-12T18:20:04Z	BURST64B	3955	atoll	116247	B	T	core_destroyed	279
2026-08-12T18:20:05Z	BURST64B	3956	drumlin	116247	A	T	core_destroyed	364
2026-08-12T18:20:13Z	BURST64B	3957	drumlin	116247	B	T	core_destroyed	539
2026-08-12T18:20:14Z	BURST64B	3958	fjordgate	116247	A	C	core_destroyed	132
2026-08-12T18:20:15Z	BURST64B	3959	fjordgate	116247	B	C	core_destroyed	158
2026-08-12T18:20:17Z	BURST64B	3960	heart	116247	A	T	core_destroyed	223
2026-08-12T18:20:22Z	BURST64B	3961	heart	116247	B	T	tiebreak	1000
2026-08-12T18:20:24Z	BURST64B	3962	hive	116247	A	C	core_destroyed	222
2026-08-12T18:20:26Z	BURST64B	3963	hive	116247	B	C	core_destroyed	135
2026-08-12T18:20:27Z	BURST64B	3964	meander	116247	A	T	core_destroyed	188
2026-08-12T18:20:30Z	BURST64B	3965	meander	116247	B	C	core_destroyed	193
2026-08-12T18:20:31Z	BURST64B	3966	nordkap	116247	A	T	core_destroyed	144
2026-08-12T18:20:35Z	BURST64B	3967	nordkap	116247	B	T	core_destroyed	379
2026-08-12T18:20:38Z	BURST64B	3968	antler	116248	A	C	tiebreak	1000
2026-08-12T18:20:39Z	BURST64B	3969	antler	116248	B	C	core_destroyed	148
2026-08-12T18:20:46Z	BURST64B	3970	atoll	116248	A	C	tiebreak	1000
2026-08-12T18:20:48Z	BURST64B	3971	atoll	116248	B	T	core_destroyed	110
2026-08-12T18:20:50Z	BURST64B	3972	drumlin	116248	A	T	core_destroyed	238
2026-08-12T18:20:54Z	BURST64B	3973	drumlin	116248	B	C	core_destroyed	427
2026-08-12T18:20:56Z	BURST64B	3974	fjordgate	116248	A	C	core_destroyed	289
2026-08-12T18:20:57Z	BURST64B	3975	fjordgate	116248	B	C	core_destroyed	219
2026-08-12T18:21:01Z	BURST64B	3976	heart	116248	A	C	tiebreak	1000
2026-08-12T18:21:03Z	BURST64B	3977	heart	116248	B	C	core_destroyed	265
2026-08-12T18:21:05Z	BURST64B	3978	hive	116248	A	C	core_destroyed	154
2026-08-12T18:21:06Z	BURST64B	3979	hive	116248	B	C	core_destroyed	107
2026-08-12T18:21:08Z	BURST64B	3980	meander	116248	A	T	core_destroyed	182
2026-08-12T18:21:09Z	BURST64B	3981	meander	116248	B	T	core_destroyed	97
2026-08-12T18:21:12Z	BURST64B	3982	nordkap	116248	A	T	core_destroyed	308
2026-08-12T18:21:13Z	BURST64B	3983	nordkap	116248	B	C	core_destroyed	188
2026-08-12T18:21:15Z	BURST64B	3984	antler	116249	A	C	core_destroyed	258
2026-08-12T18:21:17Z	BURST64B	3985	antler	116249	B	T	core_destroyed	276
2026-08-12T18:21:18Z	BURST64B	3986	atoll	116249	A	T	core_destroyed	126
2026-08-12T18:21:22Z	BURST64B	3987	atoll	116249	B	C	core_destroyed	410
2026-08-12T18:21:24Z	BURST64B	3988	drumlin	116249	A	T	core_destroyed	194
2026-08-12T18:21:26Z	BURST64B	3989	drumlin	116249	B	C	core_destroyed	78
2026-08-12T18:21:27Z	BURST64B	3990	fjordgate	116249	A	T	core_destroyed	161
2026-08-12T18:21:28Z	BURST64B	3991	fjordgate	116249	B	T	core_destroyed	133
2026-08-12T18:21:31Z	BURST64B	3992	heart	116249	A	T	core_destroyed	186
2026-08-12T18:21:33Z	BURST64B	3993	heart	116249	B	C	core_destroyed	176
2026-08-12T18:21:38Z	BURST64B	3994	hive	116249	A	T	core_destroyed	398
2026-08-12T18:21:39Z	BURST64B	3995	hive	116249	B	C	core_destroyed	144
2026-08-12T18:21:41Z	BURST64B	3996	meander	116249	A	T	tiebreak	1000
2026-08-12T18:21:44Z	BURST64B	3997	meander	116249	B	T	core_destroyed	253
2026-08-12T18:21:46Z	BURST64B	3998	nordkap	116249	A	T	core_destroyed	216
2026-08-12T18:21:50Z	BURST64B	3999	nordkap	116249	B	C	core_destroyed	575
2026-08-12T18:21:52Z	BURST64B	4000	antler	116250	A	C	core_destroyed	537
2026-08-12T18:21:53Z	BURST64B	4001	antler	116250	B	C	core_destroyed	195
2026-08-12T18:21:55Z	BURST64B	4002	atoll	116250	A	T	core_destroyed	561
2026-08-12T18:21:56Z	BURST64B	4003	atoll	116250	B	T	core_destroyed	144
2026-08-12T18:22:03Z	BURST64B	4004	drumlin	116250	A	C	core_destroyed	434
2026-08-12T18:22:07Z	BURST64B	4005	drumlin	116250	B	T	core_destroyed	244
2026-08-12T18:22:08Z	BURST64B	4006	fjordgate	116250	A	C	core_destroyed	156
2026-08-12T18:22:09Z	BURST64B	4007	fjordgate	116250	B	C	core_destroyed	149
2026-08-12T18:22:11Z	BURST64B	4008	heart	116250	A	T	core_destroyed	112
2026-08-12T18:22:17Z	BURST64B	4009	heart	116250	B	C	tiebreak	1000
2026-08-12T18:22:22Z	BURST64B	4010	hive	116250	A	C	core_destroyed	378
2026-08-12T18:22:27Z	BURST64B	4011	hive	116250	B	T	core_destroyed	279
2026-08-12T18:22:30Z	BURST64B	4012	meander	116250	A	T	tiebreak	1000
2026-08-12T18:22:32Z	BURST64B	4013	meander	116250	B	C	core_destroyed	346
2026-08-12T18:22:33Z	BURST64B	4014	nordkap	116250	A	T	core_destroyed	200
2026-08-12T18:22:35Z	BURST64B	4015	nordkap	116250	B	T	core_destroyed	469
2026-08-12T18:22:37Z	BURST64B	4016	antler	116251	A	C	core_destroyed	184
2026-08-12T18:22:39Z	BURST64B	4017	antler	116251	B	C	core_destroyed	154
2026-08-12T18:22:43Z	BURST64B	4018	atoll	116251	A	C	core_destroyed	741
2026-08-12T18:22:46Z	BURST64B	4019	atoll	116251	B	C	core_destroyed	437
2026-08-12T18:22:47Z	BURST64B	4020	drumlin	116251	A	T	core_destroyed	199
2026-08-12T18:22:54Z	BURST64B	4021	drumlin	116251	B	T	core_destroyed	496
2026-08-12T18:22:56Z	BURST64B	4022	fjordgate	116251	A	T	tiebreak	1000
2026-08-12T18:22:58Z	BURST64B	4023	fjordgate	116251	B	T	tiebreak	1000
2026-08-12T18:23:07Z	BURST64B	4024	heart	116251	A	C	core_destroyed	487
2026-08-12T18:23:10Z	BURST64B	4025	heart	116251	B	C	core_destroyed	270
2026-08-12T18:23:15Z	BURST64B	4026	hive	116251	A	C	core_destroyed	293
2026-08-12T18:23:17Z	BURST64B	4027	hive	116251	B	T	core_destroyed	164
2026-08-12T18:23:23Z	BURST64B	4028	meander	116251	A	T	core_destroyed	994
2026-08-12T18:23:24Z	BURST64B	4029	meander	116251	B	T	core_destroyed	184
2026-08-12T18:23:27Z	BURST64B	4030	nordkap	116251	A	C	core_destroyed	287
2026-08-12T18:23:29Z	BURST64B	4031	nordkap	116251	B	C	core_destroyed	139
2026-08-12T18:23:30Z	BURST64B	4032	antler	116252	A	T	core_destroyed	166
2026-08-12T18:23:32Z	BURST64B	4033	antler	116252	B	C	core_destroyed	171
2026-08-12T18:23:35Z	BURST64B	4034	atoll	116252	A	C	core_destroyed	393
2026-08-12T18:23:37Z	BURST64B	4035	atoll	116252	B	T	core_destroyed	197
2026-08-12T18:23:39Z	BURST64B	4036	drumlin	116252	A	T	core_destroyed	207
2026-08-12T18:23:42Z	BURST64B	4037	drumlin	116252	B	C	core_destroyed	231
2026-08-12T18:23:43Z	BURST64B	4038	fjordgate	116252	A	C	core_destroyed	141
2026-08-12T18:23:46Z	BURST64B	4039	fjordgate	116252	B	C	tiebreak	1000
2026-08-12T18:23:48Z	BURST64B	4040	heart	116252	A	T	core_destroyed	193
2026-08-12T18:23:49Z	BURST64B	4041	heart	116252	B	C	core_destroyed	91
2026-08-12T18:23:51Z	BURST64B	4042	hive	116252	A	T	core_destroyed	155
2026-08-12T18:23:53Z	BURST64B	4043	hive	116252	B	T	core_destroyed	161
2026-08-12T18:23:55Z	BURST64B	4044	meander	116252	A	T	core_destroyed	232
2026-08-12T18:23:57Z	BURST64B	4045	meander	116252	B	T	core_destroyed	193
2026-08-12T18:23:58Z	BURST64B	4046	nordkap	116252	A	T	core_destroyed	144
2026-08-12T18:24:00Z	BURST64B	4047	nordkap	116252	B	T	core_destroyed	120
2026-08-12T18:24:01Z	BURST64B	4048	antler	116253	A	T	core_destroyed	145
2026-08-12T18:24:04Z	BURST64B	4049	antler	116253	B	T	core_destroyed	297
2026-08-12T18:24:06Z	BURST64B	4050	atoll	116253	A	C	tiebreak	1000
2026-08-12T18:24:08Z	BURST64B	4051	atoll	116253	B	T	core_destroyed	71
2026-08-12T18:24:09Z	BURST64B	4052	drumlin	116253	A	T	core_destroyed	110
2026-08-12T18:24:15Z	BURST64B	4053	drumlin	116253	B	T	core_destroyed	504
2026-08-12T18:24:16Z	BURST64B	4054	fjordgate	116253	A	T	core_destroyed	101
2026-08-12T18:24:18Z	BURST64B	4055	fjordgate	116253	B	T	tiebreak	1000
2026-08-12T18:24:19Z	BURST64B	4056	heart	116253	A	T	core_destroyed	184
2026-08-12T18:24:21Z	BURST64B	4057	heart	116253	B	C	core_destroyed	164
2026-08-12T18:24:23Z	BURST64B	4058	hive	116253	A	T	core_destroyed	180
2026-08-12T18:24:24Z	BURST64B	4059	hive	116253	B	C	core_destroyed	128
2026-08-12T18:24:26Z	BURST64B	4060	meander	116253	A	T	core_destroyed	249
2026-08-12T18:24:28Z	BURST64B	4061	meander	116253	B	T	core_destroyed	229
2026-08-12T18:24:29Z	BURST64B	4062	nordkap	116253	A	C	core_destroyed	202
2026-08-12T18:24:31Z	BURST64B	4063	nordkap	116253	B	T	core_destroyed	317
2026-08-12T18:24:34Z	BURST64B	4064	antler	116254	A	T	core_destroyed	558
2026-08-12T18:24:35Z	BURST64B	4065	antler	116254	B	C	core_destroyed	195
2026-08-12T18:24:36Z	BURST64B	4066	atoll	116254	A	T	core_destroyed	131
2026-08-12T18:24:40Z	BURST64B	4067	atoll	116254	B	T	core_destroyed	304
2026-08-12T18:24:41Z	BURST64B	4068	drumlin	116254	A	T	core_destroyed	119
2026-08-12T18:24:42Z	BURST64B	4069	drumlin	116254	B	T	core_destroyed	153
2026-08-12T18:24:44Z	BURST64B	4070	fjordgate	116254	A	T	core_destroyed	170
2026-08-12T18:24:45Z	BURST64B	4071	fjordgate	116254	B	C	core_destroyed	94
2026-08-12T18:24:51Z	BURST64B	4072	heart	116254	A	T	core_destroyed	604
2026-08-12T18:24:59Z	BURST64B	4073	heart	116254	B	T	core_destroyed	412
2026-08-12T18:25:00Z	BURST64B	4074	hive	116254	A	C	core_destroyed	106
2026-08-12T18:25:05Z	BURST64B	4075	hive	116254	B	T	core_destroyed	304
2026-08-12T18:25:08Z	BURST64B	4076	meander	116254	A	T	tiebreak	1000
2026-08-12T18:25:11Z	BURST64B	4077	meander	116254	B	T	core_destroyed	166
2026-08-12T18:25:12Z	BURST64B	4078	nordkap	116254	A	T	core_destroyed	210
2026-08-12T18:25:15Z	BURST64B	4079	nordkap	116254	B	T	core_destroyed	272
2026-08-12T18:25:17Z	BURST64B	4080	antler	116255	A	T	core_destroyed	197
2026-08-12T18:25:19Z	BURST64B	4081	antler	116255	B	T	core_destroyed	230
2026-08-12T18:25:21Z	BURST64B	4082	atoll	116255	A	T	core_destroyed	530
2026-08-12T18:25:22Z	BURST64B	4083	atoll	116255	B	C	core_destroyed	106
2026-08-12T18:25:25Z	BURST64B	4084	drumlin	116255	A	C	core_destroyed	294
2026-08-12T18:25:27Z	BURST64B	4085	drumlin	116255	B	C	core_destroyed	191
2026-08-12T18:25:29Z	BURST64B	4086	fjordgate	116255	A	C	core_destroyed	437
2026-08-12T18:25:30Z	BURST64B	4087	fjordgate	116255	B	C	core_destroyed	159
2026-08-12T18:25:32Z	BURST64B	4088	heart	116255	A	T	core_destroyed	125
2026-08-12T18:25:36Z	BURST64B	4089	heart	116255	B	C	core_destroyed	336
2026-08-12T18:25:46Z	BURST64B	4090	hive	116255	A	T	core_destroyed	660
2026-08-12T18:25:49Z	BURST64B	4091	hive	116255	B	C	core_destroyed	321
2026-08-12T18:25:53Z	BURST64B	4092	meander	116255	A	C	core_destroyed	416
2026-08-12T18:25:55Z	BURST64B	4093	meander	116255	B	T	core_destroyed	243
2026-08-12T18:25:58Z	BURST64B	4094	nordkap	116255	A	T	core_destroyed	716
2026-08-12T18:25:59Z	BURST64B	4095	nordkap	116255	B	C	core_destroyed	159
2026-08-12T18:26:01Z	BURST64B	4096	antler	116256	A	T	core_destroyed	195
2026-08-12T18:26:03Z	BURST64B	4097	antler	116256	B	C	core_destroyed	290
2026-08-12T18:26:05Z	BURST64B	4098	atoll	116256	A	T	core_destroyed	212
2026-08-12T18:26:10Z	BURST64B	4099	atoll	116256	B	C	tiebreak	1000
2026-08-12T18:26:11Z	BURST64B	4100	drumlin	116256	A	T	core_destroyed	100
2026-08-12T18:26:12Z	BURST64B	4101	drumlin	116256	B	C	core_destroyed	143
2026-08-12T18:26:14Z	BURST64B	4102	fjordgate	116256	A	T	core_destroyed	152
2026-08-12T18:26:15Z	BURST64B	4103	fjordgate	116256	B	C	core_destroyed	132
2026-08-12T18:26:19Z	BURST64B	4104	heart	116256	A	T	core_destroyed	249
2026-08-12T18:26:23Z	BURST64B	4105	heart	116256	B	C	core_destroyed	381
2026-08-12T18:26:29Z	BURST64B	4106	hive	116256	A	T	core_destroyed	514
2026-08-12T18:26:33Z	BURST64B	4107	hive	116256	B	C	core_destroyed	337
2026-08-12T18:26:35Z	BURST64B	4108	meander	116256	A	C	core_destroyed	157
2026-08-12T18:26:37Z	BURST64B	4109	meander	116256	B	C	core_destroyed	184
2026-08-12T18:26:38Z	BURST64B	4110	nordkap	116256	A	C	core_destroyed	312
2026-08-12T18:26:40Z	BURST64B	4111	nordkap	116256	B	T	core_destroyed	161
2026-08-12T18:26:41Z	BURST64B	4112	antler	116257	A	T	core_destroyed	133
2026-08-12T18:26:44Z	BURST64B	4113	antler	116257	B	C	core_destroyed	320
2026-08-12T18:26:49Z	BURST64B	4114	atoll	116257	A	C	core_destroyed	644
2026-08-12T18:26:52Z	BURST64B	4115	atoll	116257	B	C	core_destroyed	319
2026-08-12T18:26:53Z	BURST64B	4116	drumlin	116257	A	T	core_destroyed	135
2026-08-12T18:26:56Z	BURST64B	4117	drumlin	116257	B	T	core_destroyed	402
2026-08-12T18:26:57Z	BURST64B	4118	fjordgate	116257	A	C	core_destroyed	282
2026-08-12T18:26:58Z	BURST64B	4119	fjordgate	116257	B	C	core_destroyed	65
2026-08-12T18:27:14Z	BURST64B	4120	heart	116257	A	T	tiebreak	1000
2026-08-12T18:27:16Z	BURST64B	4121	heart	116257	B	C	tiebreak	1000
2026-08-12T18:27:18Z	BURST64B	4122	hive	116257	A	C	core_destroyed	113
2026-08-12T18:27:22Z	BURST64B	4123	hive	116257	B	T	core_destroyed	348
2026-08-12T18:27:25Z	BURST64B	4124	meander	116257	A	T	core_destroyed	267
2026-08-12T18:27:26Z	BURST64B	4125	meander	116257	B	T	core_destroyed	154
2026-08-12T18:27:27Z	BURST64B	4126	nordkap	116257	A	T	core_destroyed	111
2026-08-12T18:27:29Z	BURST64B	4127	nordkap	116257	B	C	core_destroyed	157
2026-08-12T18:27:31Z	BURST64B	4128	antler	116258	A	C	tiebreak	1000
2026-08-12T18:27:33Z	BURST64B	4129	antler	116258	B	C	core_destroyed	170
2026-08-12T18:27:35Z	BURST64B	4130	atoll	116258	A	T	core_destroyed	488
2026-08-12T18:27:36Z	BURST64B	4131	atoll	116258	B	C	core_destroyed	712
2026-08-12T18:27:38Z	BURST64B	4132	drumlin	116258	A	C	core_destroyed	148
2026-08-12T18:27:40Z	BURST64B	4133	drumlin	116258	B	C	core_destroyed	153
2026-08-12T18:27:42Z	BURST64B	4134	fjordgate	116258	A	T	core_destroyed	94
2026-08-12T18:27:45Z	BURST64B	4135	fjordgate	116258	B	C	tiebreak	1000
2026-08-12T18:27:46Z	BURST64B	4136	heart	116258	A	C	core_destroyed	158
2026-08-12T18:27:50Z	BURST64B	4137	heart	116258	B	T	core_destroyed	572
2026-08-12T18:27:53Z	BURST64B	4138	hive	116258	A	C	core_destroyed	324
2026-08-12T18:27:56Z	BURST64B	4139	hive	116258	B	T	core_destroyed	192
2026-08-12T18:27:58Z	BURST64B	4140	meander	116258	A	C	core_destroyed	307
2026-08-12T18:28:00Z	BURST64B	4141	meander	116258	B	C	core_destroyed	220
2026-08-12T18:28:02Z	BURST64B	4142	nordkap	116258	A	T	core_destroyed	197
2026-08-12T18:28:03Z	BURST64B	4143	nordkap	116258	B	T	core_destroyed	163
2026-08-12T18:28:05Z	BURST64B	4144	antler	116259	A	T	core_destroyed	200
2026-08-12T18:28:07Z	BURST64B	4145	antler	116259	B	C	core_destroyed	223
2026-08-12T18:28:08Z	BURST64B	4146	atoll	116259	A	T	core_destroyed	481
2026-08-12T18:28:10Z	BURST64B	4147	atoll	116259	B	C	tiebreak	1000
2026-08-12T18:28:12Z	BURST64B	4148	drumlin	116259	A	T	core_destroyed	211
2026-08-12T18:28:13Z	BURST64B	4149	drumlin	116259	B	C	core_destroyed	139
2026-08-12T18:28:14Z	BURST64B	4150	fjordgate	116259	A	C	core_destroyed	415
2026-08-12T18:28:17Z	BURST64B	4151	fjordgate	116259	B	T	core_destroyed	443
2026-08-12T18:28:21Z	BURST64B	4152	heart	116259	A	T	tiebreak	1000
2026-08-12T18:28:23Z	BURST64B	4153	heart	116259	B	C	core_destroyed	140
2026-08-12T18:28:25Z	BURST64B	4154	hive	116259	A	T	core_destroyed	145
2026-08-12T18:28:27Z	BURST64B	4155	hive	116259	B	T	core_destroyed	203
2026-08-12T18:28:29Z	BURST64B	4156	meander	116259	A	C	core_destroyed	156
2026-08-12T18:28:30Z	BURST64B	4157	meander	116259	B	T	core_destroyed	151
2026-08-12T18:28:32Z	BURST64B	4158	nordkap	116259	A	T	core_destroyed	166
2026-08-12T18:28:35Z	BURST64B	4159	nordkap	116259	B	C	core_destroyed	256
2026-08-12T18:28:37Z	BURST64B	4160	antler	116260	A	C	core_destroyed	187
2026-08-12T18:28:38Z	BURST64B	4161	antler	116260	B	C	core_destroyed	378
2026-08-12T18:28:41Z	BURST64B	4162	atoll	116260	A	T	core_destroyed	270
2026-08-12T18:28:43Z	BURST64B	4163	atoll	116260	B	T	tiebreak	1000
2026-08-12T18:28:45Z	BURST64B	4164	drumlin	116260	A	T	core_destroyed	97
2026-08-12T18:28:49Z	BURST64B	4165	drumlin	116260	B	C	core_destroyed	246
2026-08-12T18:28:50Z	BURST64B	4166	fjordgate	116260	A	C	core_destroyed	173
2026-08-12T18:28:51Z	BURST64B	4167	fjordgate	116260	B	T	core_destroyed	142
2026-08-12T18:28:54Z	BURST64B	4168	heart	116260	A	T	core_destroyed	157
2026-08-12T18:28:57Z	BURST64B	4169	heart	116260	B	T	core_destroyed	223
2026-08-12T18:29:00Z	BURST64B	4170	hive	116260	A	T	core_destroyed	250
2026-08-12T18:29:09Z	BURST64B	4171	hive	116260	B	C	core_destroyed	601
2026-08-12T18:29:10Z	BURST64B	4172	meander	116260	A	T	core_destroyed	129
2026-08-12T18:29:11Z	BURST64B	4173	meander	116260	B	T	core_destroyed	134
2026-08-12T18:29:13Z	BURST64B	4174	nordkap	116260	A	C	core_destroyed	188
2026-08-12T18:29:15Z	BURST64B	4175	nordkap	116260	B	C	core_destroyed	223
2026-08-12T18:29:17Z	BURST64B	4176	antler	116261	A	T	core_destroyed	166
2026-08-12T18:29:19Z	BURST64B	4177	antler	116261	B	C	core_destroyed	633
2026-08-12T18:29:21Z	BURST64B	4178	atoll	116261	A	T	core_destroyed	297
2026-08-12T18:29:23Z	BURST64B	4179	atoll	116261	B	C	core_destroyed	333
2026-08-12T18:29:25Z	BURST64B	4180	drumlin	116261	A	T	core_destroyed	207
2026-08-12T18:29:31Z	BURST64B	4181	drumlin	116261	B	T	core_destroyed	392
2026-08-12T18:29:32Z	BURST64B	4182	fjordgate	116261	A	C	core_destroyed	113
2026-08-12T18:29:33Z	BURST64B	4183	fjordgate	116261	B	C	core_destroyed	193
2026-08-12T18:29:37Z	BURST64B	4184	heart	116261	A	C	core_destroyed	304
2026-08-12T18:29:41Z	BURST64B	4185	heart	116261	B	T	tiebreak	1000
2026-08-12T18:29:44Z	BURST64B	4186	hive	116261	A	C	core_destroyed	210
2026-08-12T18:29:46Z	BURST64B	4187	hive	116261	B	C	core_destroyed	130
2026-08-12T18:29:47Z	BURST64B	4188	meander	116261	A	T	core_destroyed	310
2026-08-12T18:29:54Z	BURST64B	4189	meander	116261	B	C	tiebreak	1000
2026-08-12T18:29:57Z	BURST64B	4190	nordkap	116261	A	T	core_destroyed	339
2026-08-12T18:30:02Z	BURST64B	4191	nordkap	116261	B	C	core_destroyed	413
2026-08-12T18:30:04Z	BURST64B	4192	antler	116262	A	T	core_destroyed	430
2026-08-12T18:30:05Z	BURST64B	4193	antler	116262	B	C	core_destroyed	245
2026-08-12T18:30:07Z	BURST64B	4194	atoll	116262	A	C	core_destroyed	238
2026-08-12T18:30:08Z	BURST64B	4195	atoll	116262	B	T	core_destroyed	108
2026-08-12T18:30:09Z	BURST64B	4196	drumlin	116262	A	T	core_destroyed	94
2026-08-12T18:30:13Z	BURST64B	4197	drumlin	116262	B	T	core_destroyed	295
2026-08-12T18:30:14Z	BURST64B	4198	fjordgate	116262	A	C	core_destroyed	156
2026-08-12T18:30:15Z	BURST64B	4199	fjordgate	116262	B	C	core_destroyed	164
2026-08-12T18:30:17Z	BURST64B	4200	heart	116262	A	T	tiebreak	1000
2026-08-12T18:30:20Z	BURST64B	4201	heart	116262	B	C	core_destroyed	211
2026-08-12T18:30:23Z	BURST64B	4202	hive	116262	A	C	core_destroyed	170
2026-08-12T18:30:24Z	BURST64B	4203	hive	116262	B	T	core_destroyed	119
2026-08-12T18:30:26Z	BURST64B	4204	meander	116262	A	T	core_destroyed	314
2026-08-12T18:30:27Z	BURST64B	4205	meander	116262	B	C	core_destroyed	127
2026-08-12T18:30:30Z	BURST64B	4206	nordkap	116262	A	T	core_destroyed	738
2026-08-12T18:30:31Z	BURST64B	4207	nordkap	116262	B	C	core_destroyed	124
2026-08-12T18:30:33Z	BURST64B	4208	antler	116263	A	T	core_destroyed	210
2026-08-12T18:30:34Z	BURST64B	4209	antler	116263	B	T	core_destroyed	126
2026-08-12T18:30:35Z	BURST64B	4210	atoll	116263	A	C	core_destroyed	120
2026-08-12T18:30:38Z	BURST64B	4211	atoll	116263	B	T	core_destroyed	236
2026-08-12T18:30:44Z	BURST64B	4212	drumlin	116263	A	C	core_destroyed	453
2026-08-12T18:30:49Z	BURST64B	4213	drumlin	116263	B	C	core_destroyed	337
2026-08-12T18:30:51Z	BURST64B	4214	fjordgate	116263	A	C	core_destroyed	245
2026-08-12T18:30:53Z	BURST64B	4215	fjordgate	116263	B	C	core_destroyed	337
2026-08-12T18:30:56Z	BURST64B	4216	heart	116263	A	T	core_destroyed	221
2026-08-12T18:31:04Z	BURST64B	4217	heart	116263	B	T	core_destroyed	464
2026-08-12T18:31:08Z	BURST64B	4218	hive	116263	A	T	core_destroyed	237
2026-08-12T18:31:09Z	BURST64B	4219	hive	116263	B	C	core_destroyed	141
2026-08-12T18:31:10Z	BURST64B	4220	meander	116263	A	C	core_destroyed	131
2026-08-12T18:31:15Z	BURST64B	4221	meander	116263	B	C	tiebreak	1000
2026-08-12T18:31:17Z	BURST64B	4222	nordkap	116263	A	T	core_destroyed	226
2026-08-12T18:31:18Z	BURST64B	4223	nordkap	116263	B	T	core_destroyed	250
2026-08-12T18:31:20Z	BURST64B	4224	antler	116264	A	C	core_destroyed	124
2026-08-12T18:31:21Z	BURST64B	4225	antler	116264	B	C	core_destroyed	170
2026-08-12T18:31:23Z	BURST64B	4226	atoll	116264	A	C	core_destroyed	120
2026-08-12T18:31:25Z	BURST64B	4227	atoll	116264	B	C	core_destroyed	221
2026-08-12T18:31:28Z	BURST64B	4228	drumlin	116264	A	T	core_destroyed	178
2026-08-12T18:31:31Z	BURST64B	4229	drumlin	116264	B	T	core_destroyed	206
2026-08-12T18:31:32Z	BURST64B	4230	fjordgate	116264	A	T	core_destroyed	151
2026-08-12T18:31:34Z	BURST64B	4231	fjordgate	116264	B	T	core_destroyed	116
2026-08-12T18:31:38Z	BURST64B	4232	heart	116264	A	T	tiebreak	1000
2026-08-12T18:31:41Z	BURST64B	4233	heart	116264	B	C	core_destroyed	146
2026-08-12T18:31:45Z	BURST64B	4234	hive	116264	A	C	core_destroyed	266
2026-08-12T18:31:46Z	BURST64B	4235	hive	116264	B	T	core_destroyed	200
2026-08-12T18:31:48Z	BURST64B	4236	meander	116264	A	C	core_destroyed	204
2026-08-12T18:31:49Z	BURST64B	4237	meander	116264	B	T	core_destroyed	138
2026-08-12T18:31:51Z	BURST64B	4238	nordkap	116264	A	T	core_destroyed	263
2026-08-12T18:31:52Z	BURST64B	4239	nordkap	116264	B	C	core_destroyed	184
2026-08-12T18:31:54Z	BURST64B	4240	antler	116265	A	C	core_destroyed	322
2026-08-12T18:31:58Z	BURST64B	4241	antler	116265	B	C	core_destroyed	569
2026-08-12T18:32:01Z	BURST64B	4242	atoll	116265	A	T	core_destroyed	500
2026-08-12T18:32:02Z	BURST64B	4243	atoll	116265	B	C	core_destroyed	233
2026-08-12T18:32:03Z	BURST64B	4244	drumlin	116265	A	T	core_destroyed	137
2026-08-12T18:32:04Z	BURST64B	4245	drumlin	116265	B	C	core_destroyed	99
2026-08-12T18:32:05Z	BURST64B	4246	fjordgate	116265	A	T	core_destroyed	56
2026-08-12T18:32:08Z	BURST64B	4247	fjordgate	116265	B	T	core_destroyed	398
2026-08-12T18:32:10Z	BURST64B	4248	heart	116265	A	T	tiebreak	1000
2026-08-12T18:32:13Z	BURST64B	4249	heart	116265	B	T	core_destroyed	342
2026-08-12T18:32:17Z	BURST64B	4250	hive	116265	A	T	core_destroyed	393
2026-08-12T18:32:20Z	BURST64B	4251	hive	116265	B	T	core_destroyed	233
2026-08-12T18:32:22Z	BURST64B	4252	meander	116265	A	C	core_destroyed	152
2026-08-12T18:32:23Z	BURST64B	4253	meander	116265	B	C	core_destroyed	129
2026-08-12T18:32:25Z	BURST64B	4254	nordkap	116265	A	C	core_destroyed	210
2026-08-12T18:32:27Z	BURST64B	4255	nordkap	116265	B	T	core_destroyed	138
2026-08-12T18:32:29Z	BURST64B	4256	antler	116266	A	C	core_destroyed	222
2026-08-12T18:32:32Z	BURST64B	4257	antler	116266	B	T	tiebreak	1000
2026-08-12T18:32:34Z	BURST64B	4258	atoll	116266	A	C	core_destroyed	159
2026-08-12T18:32:40Z	BURST64B	4259	atoll	116266	B	C	tiebreak	1000
2026-08-12T18:32:43Z	BURST64B	4260	drumlin	116266	A	T	core_destroyed	272
2026-08-12T18:32:45Z	BURST64B	4261	drumlin	116266	B	C	core_destroyed	143
2026-08-12T18:32:46Z	BURST64B	4262	fjordgate	116266	A	T	core_destroyed	250
2026-08-12T18:32:48Z	BURST64B	4263	fjordgate	116266	B	C	core_destroyed	120
2026-08-12T18:32:53Z	BURST64B	4264	heart	116266	A	T	core_destroyed	350
2026-08-12T18:32:55Z	BURST64B	4265	heart	116266	B	C	core_destroyed	127
2026-08-12T18:32:56Z	BURST64B	4266	hive	116266	A	C	core_destroyed	132
2026-08-12T18:33:02Z	BURST64B	4267	hive	116266	B	T	core_destroyed	373
2026-08-12T18:33:04Z	BURST64B	4268	meander	116266	A	T	core_destroyed	530
2026-08-12T18:33:06Z	BURST64B	4269	meander	116266	B	T	core_destroyed	146
2026-08-12T18:33:10Z	BURST64B	4270	nordkap	116266	A	T	core_destroyed	359
2026-08-12T18:33:11Z	BURST64B	4271	nordkap	116266	B	C	core_destroyed	119
2026-08-12T18:33:13Z	BURST64B	4272	antler	116267	A	T	core_destroyed	481
2026-08-12T18:33:15Z	BURST64B	4273	antler	116267	B	T	core_destroyed	198
2026-08-12T18:33:18Z	BURST64B	4274	atoll	116267	A	T	core_destroyed	322
2026-08-12T18:33:19Z	BURST64B	4275	atoll	116267	B	C	core_destroyed	262
2026-08-12T18:33:22Z	BURST64B	4276	drumlin	116267	A	T	core_destroyed	288
2026-08-12T18:33:25Z	BURST64B	4277	drumlin	116267	B	T	core_destroyed	169
2026-08-12T18:33:26Z	BURST64B	4278	fjordgate	116267	A	C	core_destroyed	153
2026-08-12T18:33:27Z	BURST64B	4279	fjordgate	116267	B	T	core_destroyed	304
2026-08-12T18:33:29Z	BURST64B	4280	heart	116267	A	T	core_destroyed	134
2026-08-12T18:33:31Z	BURST64B	4281	heart	116267	B	C	core_destroyed	153
2026-08-12T18:33:32Z	BURST64B	4282	hive	116267	A	C	core_destroyed	75
2026-08-12T18:33:36Z	BURST64B	4283	hive	116267	B	T	core_destroyed	313
2026-08-12T18:33:38Z	BURST64B	4284	meander	116267	A	C	core_destroyed	156
2026-08-12T18:33:40Z	BURST64B	4285	meander	116267	B	T	core_destroyed	192
2026-08-12T18:33:42Z	BURST64B	4286	nordkap	116267	A	C	core_destroyed	240
2026-08-12T18:33:43Z	BURST64B	4287	nordkap	116267	B	T	core_destroyed	139
2026-08-12T18:33:46Z	BURST64B	4288	antler	116268	A	T	core_destroyed	279
2026-08-12T18:33:48Z	BURST64B	4289	antler	116268	B	C	core_destroyed	251
2026-08-12T18:33:49Z	BURST64B	4290	atoll	116268	A	C	core_destroyed	76
2026-08-12T18:33:54Z	BURST64B	4291	atoll	116268	B	T	core_destroyed	347
2026-08-12T18:33:56Z	BURST64B	4292	drumlin	116268	A	C	core_destroyed	166
2026-08-12T18:33:57Z	BURST64B	4293	drumlin	116268	B	T	core_destroyed	92
2026-08-12T18:33:58Z	BURST64B	4294	fjordgate	116268	A	C	core_destroyed	149
2026-08-12T18:33:59Z	BURST64B	4295	fjordgate	116268	B	C	core_destroyed	132
2026-08-12T18:34:03Z	BURST64B	4296	heart	116268	A	T	core_destroyed	351
2026-08-12T18:34:05Z	BURST64B	4297	heart	116268	B	C	core_destroyed	157
2026-08-12T18:34:14Z	BURST64B	4298	hive	116268	A	C	core_destroyed	633
2026-08-12T18:34:17Z	BURST64B	4299	hive	116268	B	T	core_destroyed	296
2026-08-12T18:34:18Z	BURST64B	4300	meander	116268	A	C	core_destroyed	144
2026-08-12T18:34:21Z	BURST64B	4301	meander	116268	B	T	tiebreak	1000
2026-08-12T18:34:23Z	BURST64B	4302	nordkap	116268	A	T	core_destroyed	315
2026-08-12T18:34:25Z	BURST64B	4303	nordkap	116268	B	T	core_destroyed	218
2026-08-12T18:34:27Z	BURST64B	4304	antler	116269	A	C	core_destroyed	241
2026-08-12T18:34:29Z	BURST64B	4305	antler	116269	B	T	core_destroyed	221
2026-08-12T18:34:31Z	BURST64B	4306	atoll	116269	A	T	core_destroyed	643
2026-08-12T18:34:35Z	BURST64B	4307	atoll	116269	B	C	core_destroyed	584
2026-08-12T18:34:38Z	BURST64B	4308	drumlin	116269	A	C	core_destroyed	228
2026-08-12T18:34:42Z	BURST64B	4309	drumlin	116269	B	T	core_destroyed	251
2026-08-12T18:34:43Z	BURST64B	4310	fjordgate	116269	A	C	core_destroyed	116
2026-08-12T18:34:46Z	BURST64B	4311	fjordgate	116269	B	T	core_destroyed	357
2026-08-12T18:34:54Z	BURST64B	4312	heart	116269	A	T	core_destroyed	637
2026-08-12T18:34:56Z	BURST64B	4313	heart	116269	B	T	core_destroyed	148
2026-08-12T18:34:58Z	BURST64B	4314	hive	116269	A	C	core_destroyed	181
2026-08-12T18:35:01Z	BURST64B	4315	hive	116269	B	T	core_destroyed	483
2026-08-12T18:35:03Z	BURST64B	4316	meander	116269	A	T	core_destroyed	173
2026-08-12T18:35:06Z	BURST64B	4317	meander	116269	B	C	core_destroyed	234
2026-08-12T18:35:08Z	BURST64B	4318	nordkap	116269	A	C	core_destroyed	517
2026-08-12T18:35:09Z	BURST64B	4319	nordkap	116269	B	C	core_destroyed	150
2026-08-12T18:35:11Z	BURST64B	4320	antler	116270	A	C	core_destroyed	204
2026-08-12T18:35:13Z	BURST64B	4321	antler	116270	B	C	core_destroyed	258
2026-08-12T18:35:15Z	BURST64B	4322	atoll	116270	A	T	core_destroyed	313
2026-08-12T18:35:17Z	BURST64B	4323	atoll	116270	B	T	core_destroyed	199
2026-08-12T18:35:19Z	BURST64B	4324	drumlin	116270	A	C	core_destroyed	292
2026-08-12T18:35:21Z	BURST64B	4325	drumlin	116270	B	C	core_destroyed	189
2026-08-12T18:35:23Z	BURST64B	4326	fjordgate	116270	A	C	tiebreak	1000
2026-08-12T18:35:25Z	BURST64B	4327	fjordgate	116270	B	C	tiebreak	1000
2026-08-12T18:35:31Z	BURST64B	4328	heart	116270	A	T	tiebreak	1000
2026-08-12T18:35:34Z	BURST64B	4329	heart	116270	B	T	core_destroyed	193
2026-08-12T18:35:36Z	BURST64B	4330	hive	116270	A	T	core_destroyed	132
2026-08-12T18:35:38Z	BURST64B	4331	hive	116270	B	C	core_destroyed	240
2026-08-12T18:35:42Z	BURST64B	4332	meander	116270	A	T	core_destroyed	525
2026-08-12T18:35:45Z	BURST64B	4333	meander	116270	B	C	core_destroyed	280
2026-08-12T18:35:46Z	BURST64B	4334	nordkap	116270	A	T	core_destroyed	116
2026-08-12T18:35:49Z	BURST64B	4335	nordkap	116270	B	C	core_destroyed	336
2026-08-12T18:35:50Z	BURST64B	4336	antler	116271	A	T	core_destroyed	171
2026-08-12T18:35:52Z	BURST64B	4337	antler	116271	B	C	core_destroyed	231
2026-08-12T18:35:54Z	BURST64B	4338	atoll	116271	A	C	core_destroyed	309
2026-08-12T18:36:00Z	BURST64B	4339	atoll	116271	B	C	core_destroyed	671
2026-08-12T18:36:02Z	BURST64B	4340	drumlin	116271	A	C	core_destroyed	175
2026-08-12T18:36:04Z	BURST64B	4341	drumlin	116271	B	C	core_destroyed	100
2026-08-12T18:36:05Z	BURST64B	4342	fjordgate	116271	A	C	core_destroyed	212
2026-08-12T18:36:07Z	BURST64B	4343	fjordgate	116271	B	C	core_destroyed	112
2026-08-12T18:36:10Z	BURST64B	4344	heart	116271	A	C	core_destroyed	180
2026-08-12T18:36:13Z	BURST64B	4345	heart	116271	B	C	core_destroyed	270
2026-08-12T18:36:15Z	BURST64B	4346	hive	116271	A	T	core_destroyed	150
2026-08-12T18:36:24Z	BURST64B	4347	hive	116271	B	T	core_destroyed	597
2026-08-12T18:36:26Z	BURST64B	4348	meander	116271	A	C	core_destroyed	196
2026-08-12T18:36:29Z	BURST64B	4349	meander	116271	B	T	core_destroyed	306
2026-08-12T18:36:30Z	BURST64B	4350	nordkap	116271	A	C	core_destroyed	116
2026-08-12T18:36:32Z	BURST64B	4351	nordkap	116271	B	C	core_destroyed	291
2026-08-12T18:36:34Z	BURST64B	4352	antler	116272	A	T	core_destroyed	279
2026-08-12T18:36:38Z	BURST64B	4353	antler	116272	B	T	core_destroyed	424
2026-08-12T18:36:39Z	BURST64B	4354	atoll	116272	A	C	core_destroyed	115
2026-08-12T18:36:40Z	BURST64B	4355	atoll	116272	B	C	core_destroyed	483
2026-08-12T18:36:43Z	BURST64B	4356	drumlin	116272	A	T	core_destroyed	263
2026-08-12T18:36:44Z	BURST64B	4357	drumlin	116272	B	C	core_destroyed	108
2026-08-12T18:36:45Z	BURST64B	4358	fjordgate	116272	A	T	core_destroyed	132
2026-08-12T18:36:46Z	BURST64B	4359	fjordgate	116272	B	C	core_destroyed	93
2026-08-12T18:36:48Z	BURST64B	4360	heart	116272	A	T	core_destroyed	114
2026-08-12T18:36:53Z	BURST64B	4361	heart	116272	B	C	core_destroyed	261
2026-08-12T18:36:56Z	BURST64B	4362	hive	116272	A	T	core_destroyed	189
2026-08-12T18:36:57Z	BURST64B	4363	hive	116272	B	T	core_destroyed	81
2026-08-12T18:37:01Z	BURST64B	4364	meander	116272	A	T	tiebreak	1000
2026-08-12T18:37:03Z	BURST64B	4365	meander	116272	B	C	core_destroyed	336
2026-08-12T18:37:09Z	BURST64B	4366	nordkap	116272	A	T	core_destroyed	633
2026-08-12T18:37:10Z	BURST64B	4367	nordkap	116272	B	T	core_destroyed	215
2026-08-12T18:37:12Z	BURST64B	4368	antler	116273	A	T	core_destroyed	205
2026-08-12T18:37:15Z	BURST64B	4369	antler	116273	B	T	tiebreak	1000
2026-08-12T18:37:17Z	BURST64B	4370	atoll	116273	A	C	core_destroyed	178
2026-08-12T18:37:21Z	BURST64B	4371	atoll	116273	B	C	core_destroyed	414
2026-08-12T18:37:22Z	BURST64B	4372	drumlin	116273	A	T	core_destroyed	170
2026-08-12T18:37:24Z	BURST64B	4373	drumlin	116273	B	C	core_destroyed	335
2026-08-12T18:37:25Z	BURST64B	4374	fjordgate	116273	A	T	core_destroyed	97
2026-08-12T18:37:26Z	BURST64B	4375	fjordgate	116273	B	C	core_destroyed	107
2026-08-12T18:37:30Z	BURST64B	4376	heart	116273	A	C	core_destroyed	285
2026-08-12T18:37:35Z	BURST64B	4377	heart	116273	B	C	core_destroyed	422
2026-08-12T18:37:37Z	BURST64B	4378	hive	116273	A	T	core_destroyed	182
2026-08-12T18:37:39Z	BURST64B	4379	hive	116273	B	T	core_destroyed	138
2026-08-12T18:37:42Z	BURST64B	4380	meander	116273	A	T	tiebreak	1000
2026-08-12T18:37:43Z	BURST64B	4381	meander	116273	B	C	core_destroyed	144
2026-08-12T18:37:45Z	BURST64B	4382	nordkap	116273	A	T	core_destroyed	215
2026-08-12T18:37:46Z	BURST64B	4383	nordkap	116273	B	C	core_destroyed	175
2026-08-12T18:37:47Z	BURST64B	4384	antler	116274	A	T	core_destroyed	98
2026-08-12T18:37:49Z	BURST64B	4385	antler	116274	B	C	core_destroyed	156
2026-08-12T18:37:55Z	BURST64B	4386	atoll	116274	A	T	core_destroyed	453
2026-08-12T18:37:56Z	BURST64B	4387	atoll	116274	B	T	core_destroyed	197
2026-08-12T18:37:58Z	BURST64B	4388	drumlin	116274	A	T	core_destroyed	190
2026-08-12T18:38:03Z	BURST64B	4389	drumlin	116274	B	C	core_destroyed	452
2026-08-12T18:38:05Z	BURST64B	4390	fjordgate	116274	A	C	core_destroyed	275
2026-08-12T18:38:06Z	BURST64B	4391	fjordgate	116274	B	T	core_destroyed	130
2026-08-12T18:38:08Z	BURST64B	4392	heart	116274	A	T	core_destroyed	135
2026-08-12T18:38:09Z	BURST64B	4393	heart	116274	B	C	core_destroyed	146
2026-08-12T18:38:13Z	BURST64B	4394	hive	116274	A	C	core_destroyed	204
2026-08-12T18:38:16Z	BURST64B	4395	hive	116274	B	T	core_destroyed	212
2026-08-12T18:38:18Z	BURST64B	4396	meander	116274	A	T	core_destroyed	323
2026-08-12T18:38:20Z	BURST64B	4397	meander	116274	B	T	core_destroyed	245
2026-08-12T18:38:23Z	BURST64B	4398	nordkap	116274	A	T	core_destroyed	403
2026-08-12T18:38:25Z	BURST64B	4399	nordkap	116274	B	T	tiebreak	1000
2026-08-12T18:38:27Z	BURST64B	4400	antler	116275	A	T	core_destroyed	225
2026-08-12T18:38:29Z	BURST64B	4401	antler	116275	B	T	core_destroyed	482
2026-08-12T18:38:30Z	BURST64B	4402	atoll	116275	A	C	core_destroyed	569
2026-08-12T18:38:32Z	BURST64B	4403	atoll	116275	B	T	core_destroyed	190
2026-08-12T18:38:40Z	BURST64B	4404	drumlin	116275	A	T	core_destroyed	588
2026-08-12T18:38:41Z	BURST64B	4405	drumlin	116275	B	C	core_destroyed	95
2026-08-12T18:38:42Z	BURST64B	4406	fjordgate	116275	A	T	core_destroyed	93
2026-08-12T18:38:44Z	BURST64B	4407	fjordgate	116275	B	C	core_destroyed	105
2026-08-12T18:38:45Z	BURST64B	4408	heart	116275	A	C	core_destroyed	143
2026-08-12T18:38:49Z	BURST64B	4409	heart	116275	B	C	core_destroyed	228
2026-08-12T18:38:55Z	BURST64B	4410	hive	116275	A	T	core_destroyed	335
2026-08-12T18:38:57Z	BURST64B	4411	hive	116275	B	T	core_destroyed	162
2026-08-12T18:38:58Z	BURST64B	4412	meander	116275	A	T	core_destroyed	214
2026-08-12T18:39:00Z	BURST64B	4413	meander	116275	B	C	core_destroyed	104
2026-08-12T18:39:01Z	BURST64B	4414	nordkap	116275	A	T	core_destroyed	196
2026-08-12T18:39:02Z	BURST64B	4415	nordkap	116275	B	T	core_destroyed	182
2026-08-12T18:39:04Z	BURST64B	4416	antler	116276	A	C	core_destroyed	118
2026-08-12T18:39:05Z	BURST64B	4417	antler	116276	B	C	core_destroyed	232
2026-08-12T18:39:08Z	BURST64B	4418	atoll	116276	A	T	tiebreak	1000
2026-08-12T18:39:09Z	BURST64B	4419	atoll	116276	B	T	core_destroyed	110
2026-08-12T18:39:12Z	BURST64B	4420	drumlin	116276	A	T	core_destroyed	195
2026-08-12T18:39:14Z	BURST64B	4421	drumlin	116276	B	C	core_destroyed	96
2026-08-12T18:39:16Z	BURST64B	4422	fjordgate	116276	A	T	tiebreak	1000
2026-08-12T18:39:18Z	BURST64B	4423	fjordgate	116276	B	T	core_destroyed	357
2026-08-12T18:39:20Z	BURST64B	4424	heart	116276	A	T	core_destroyed	219
2026-08-12T18:39:22Z	BURST64B	4425	heart	116276	B	C	core_destroyed	262
2026-08-12T18:39:24Z	BURST64B	4426	hive	116276	A	T	core_destroyed	144
2026-08-12T18:39:26Z	BURST64B	4427	hive	116276	B	T	core_destroyed	158
2026-08-12T18:39:27Z	BURST64B	4428	meander	116276	A	T	core_destroyed	138
2026-08-12T18:39:29Z	BURST64B	4429	meander	116276	B	C	core_destroyed	304
2026-08-12T18:39:30Z	BURST64B	4430	nordkap	116276	A	C	core_destroyed	275
2026-08-12T18:39:32Z	BURST64B	4431	nordkap	116276	B	T	tiebreak	1000
2026-08-12T18:39:33Z	BURST64B	4432	antler	116277	A	T	core_destroyed	229
2026-08-12T18:39:36Z	BURST64B	4433	antler	116277	B	C	core_destroyed	923
2026-08-12T18:39:37Z	BURST64B	4434	atoll	116277	A	T	core_destroyed	491
2026-08-12T18:39:39Z	BURST64B	4435	atoll	116277	B	T	core_destroyed	194
2026-08-12T18:39:42Z	BURST64B	4436	drumlin	116277	A	T	core_destroyed	380
2026-08-12T18:39:43Z	BURST64B	4437	drumlin	116277	B	C	core_destroyed	125
2026-08-12T18:39:44Z	BURST64B	4438	fjordgate	116277	A	T	core_destroyed	159
2026-08-12T18:39:48Z	BURST64B	4439	fjordgate	116277	B	C	core_destroyed	601
2026-08-12T18:39:56Z	BURST64B	4440	heart	116277	A	T	tiebreak	1000
2026-08-12T18:39:58Z	BURST64B	4441	heart	116277	B	C	core_destroyed	208
2026-08-12T18:40:00Z	BURST64B	4442	hive	116277	A	C	core_destroyed	135
2026-08-12T18:40:02Z	BURST64B	4443	hive	116277	B	T	core_destroyed	165
2026-08-12T18:40:04Z	BURST64B	4444	meander	116277	A	T	core_destroyed	115
2026-08-12T18:40:05Z	BURST64B	4445	meander	116277	B	T	core_destroyed	141
2026-08-12T18:40:07Z	BURST64B	4446	nordkap	116277	A	C	core_destroyed	276
2026-08-12T18:40:09Z	BURST64B	4447	nordkap	116277	B	C	core_destroyed	246
2026-08-12T18:40:11Z	BURST64B	4448	antler	116278	A	T	core_destroyed	228
2026-08-12T18:40:12Z	BURST64B	4449	antler	116278	B	C	core_destroyed	137
2026-08-12T18:40:13Z	BURST64B	4450	atoll	116278	A	C	core_destroyed	140
2026-08-12T18:40:15Z	BURST64B	4451	atoll	116278	B	C	core_destroyed	304
2026-08-12T18:40:17Z	BURST64B	4452	drumlin	116278	A	T	core_destroyed	152
2026-08-12T18:40:19Z	BURST64B	4453	drumlin	116278	B	C	core_destroyed	153
2026-08-12T18:40:20Z	BURST64B	4454	fjordgate	116278	A	T	core_destroyed	169
2026-08-12T18:40:22Z	BURST64B	4455	fjordgate	116278	B	C	core_destroyed	273
2026-08-12T18:40:23Z	BURST64B	4456	heart	116278	A	T	core_destroyed	110
2026-08-12T18:40:26Z	BURST64B	4457	heart	116278	B	C	core_destroyed	198
2026-08-12T18:40:33Z	BURST64B	4458	hive	116278	A	T	core_destroyed	477
2026-08-12T18:40:35Z	BURST64B	4459	hive	116278	B	T	core_destroyed	147
2026-08-12T18:40:37Z	BURST64B	4460	meander	116278	A	C	core_destroyed	271
2026-08-12T18:40:39Z	BURST64B	4461	meander	116278	B	C	core_destroyed	169
2026-08-12T18:40:40Z	BURST64B	4462	nordkap	116278	A	T	core_destroyed	184
2026-08-12T18:40:41Z	BURST64B	4463	nordkap	116278	B	T	core_destroyed	182
2026-08-12T18:40:43Z	BURST64B	4464	antler	116279	A	C	core_destroyed	252
2026-08-12T18:40:47Z	BURST64B	4465	antler	116279	B	T	core_destroyed	491
2026-08-12T18:40:48Z	BURST64B	4466	atoll	116279	A	C	core_destroyed	316
2026-08-12T18:40:49Z	BURST64B	4467	atoll	116279	B	C	core_destroyed	334
2026-08-12T18:40:54Z	BURST64B	4468	drumlin	116279	A	C	core_destroyed	371
2026-08-12T18:40:56Z	BURST64B	4469	drumlin	116279	B	C	core_destroyed	286
2026-08-12T18:40:58Z	BURST64B	4470	fjordgate	116279	A	C	tiebreak	1000
2026-08-12T18:40:59Z	BURST64B	4471	fjordgate	116279	B	C	core_destroyed	162
2026-08-12T18:41:02Z	BURST64B	4472	heart	116279	A	C	core_destroyed	348
2026-08-12T18:41:04Z	BURST64B	4473	heart	116279	B	C	core_destroyed	153
2026-08-12T18:41:06Z	BURST64B	4474	hive	116279	A	T	core_destroyed	84
2026-08-12T18:41:08Z	BURST64B	4475	hive	116279	B	T	core_destroyed	166
2026-08-12T18:41:10Z	BURST64B	4476	meander	116279	A	C	core_destroyed	137
2026-08-12T18:41:12Z	BURST64B	4477	meander	116279	B	T	core_destroyed	147
2026-08-12T18:41:13Z	BURST64B	4478	nordkap	116279	A	T	core_destroyed	134
2026-08-12T18:41:14Z	BURST64B	4479	nordkap	116279	B	T	core_destroyed	134
2026-08-12T18:41:16Z	BURST64B	4480	antler	116280	A	C	core_destroyed	205
2026-08-12T18:41:18Z	BURST64B	4481	antler	116280	B	C	core_destroyed	185
2026-08-12T18:41:23Z	BURST64B	4482	atoll	116280	A	T	core_destroyed	533
2026-08-12T18:41:24Z	BURST64B	4483	atoll	116280	B	T	core_destroyed	174
2026-08-12T18:41:26Z	BURST64B	4484	drumlin	116280	A	T	core_destroyed	165
2026-08-12T18:41:28Z	BURST64B	4485	drumlin	116280	B	C	core_destroyed	130
2026-08-12T18:41:29Z	BURST64B	4486	fjordgate	116280	A	C	core_destroyed	259
2026-08-12T18:41:32Z	BURST64B	4487	fjordgate	116280	B	T	tiebreak	1000
2026-08-12T18:41:35Z	BURST64B	4488	heart	116280	A	T	tiebreak	1000
2026-08-12T18:41:37Z	BURST64B	4489	heart	116280	B	T	core_destroyed	173
2026-08-12T18:41:39Z	BURST64B	4490	hive	116280	A	C	core_destroyed	134
2026-08-12T18:41:41Z	BURST64B	4491	hive	116280	B	C	core_destroyed	262
2026-08-12T18:41:43Z	BURST64B	4492	meander	116280	A	T	core_destroyed	263
2026-08-12T18:41:45Z	BURST64B	4493	meander	116280	B	C	core_destroyed	260
2026-08-12T18:41:46Z	BURST64B	4494	nordkap	116280	A	T	core_destroyed	174
2026-08-12T18:41:48Z	BURST64B	4495	nordkap	116280	B	C	core_destroyed	230
2026-08-12T18:41:50Z	BURST64B	4496	antler	116281	A	C	tiebreak	1000
2026-08-12T18:41:51Z	BURST64B	4497	antler	116281	B	T	core_destroyed	147
2026-08-12T18:41:54Z	BURST64B	4498	atoll	116281	A	C	core_destroyed	157
2026-08-12T18:41:55Z	BURST64B	4499	atoll	116281	B	C	core_destroyed	149
2026-08-12T18:41:58Z	BURST64B	4500	drumlin	116281	A	C	core_destroyed	174
2026-08-12T18:41:59Z	BURST64B	4501	drumlin	116281	B	C	core_destroyed	214
2026-08-12T18:42:01Z	BURST64B	4502	fjordgate	116281	A	T	core_destroyed	112
2026-08-12T18:42:02Z	BURST64B	4503	fjordgate	116281	B	T	core_destroyed	314
2026-08-12T18:42:04Z	BURST64B	4504	heart	116281	A	T	core_destroyed	110
2026-08-12T18:42:07Z	BURST64B	4505	heart	116281	B	C	core_destroyed	160
2026-08-12T18:42:09Z	BURST64B	4506	hive	116281	A	T	core_destroyed	196
2026-08-12T18:42:10Z	BURST64B	4507	hive	116281	B	C	core_destroyed	144
2026-08-12T18:42:12Z	BURST64B	4508	meander	116281	A	C	core_destroyed	149
2026-08-12T18:42:14Z	BURST64B	4509	meander	116281	B	C	core_destroyed	129
2026-08-12T18:42:15Z	BURST64B	4510	nordkap	116281	A	T	core_destroyed	144
2026-08-12T18:42:16Z	BURST64B	4511	nordkap	116281	B	C	core_destroyed	125
2026-08-12T18:42:18Z	BURST64B	4512	antler	116282	A	C	core_destroyed	188
2026-08-12T18:42:21Z	BURST64B	4513	antler	116282	B	T	core_destroyed	276
2026-08-12T18:42:22Z	BURST64B	4514	atoll	116282	A	T	core_destroyed	169
2026-08-12T18:42:25Z	BURST64B	4515	atoll	116282	B	T	core_destroyed	277
2026-08-12T18:42:27Z	BURST64B	4516	drumlin	116282	A	T	core_destroyed	168
2026-08-12T18:42:30Z	BURST64B	4517	drumlin	116282	B	C	core_destroyed	239
2026-08-12T18:42:31Z	BURST64B	4518	fjordgate	116282	A	T	core_destroyed	248
2026-08-12T18:42:33Z	BURST64B	4519	fjordgate	116282	B	T	core_destroyed	256
2026-08-12T18:42:36Z	BURST64B	4520	heart	116282	A	C	core_destroyed	202
2026-08-12T18:42:38Z	BURST64B	4521	heart	116282	B	C	core_destroyed	582
2026-08-12T18:42:41Z	BURST64B	4522	hive	116282	A	C	core_destroyed	191
2026-08-12T18:42:43Z	BURST64B	4523	hive	116282	B	C	core_destroyed	151
2026-08-12T18:42:44Z	BURST64B	4524	meander	116282	A	C	core_destroyed	223
2026-08-12T18:42:47Z	BURST64B	4525	meander	116282	B	C	core_destroyed	267
2026-08-12T18:42:49Z	BURST64B	4526	nordkap	116282	A	T	core_destroyed	389
2026-08-12T18:42:55Z	BURST64B	4527	nordkap	116282	B	T	core_destroyed	438
2026-08-12T18:42:57Z	BURST64B	4528	antler	116283	A	C	core_destroyed	222
2026-08-12T18:42:58Z	BURST64B	4529	antler	116283	B	T	core_destroyed	248
2026-08-12T18:43:00Z	BURST64B	4530	atoll	116283	A	T	core_destroyed	182
2026-08-12T18:43:02Z	BURST64B	4531	atoll	116283	B	T	core_destroyed	165
2026-08-12T18:43:04Z	BURST64B	4532	drumlin	116283	A	T	core_destroyed	124
2026-08-12T18:43:06Z	BURST64B	4533	drumlin	116283	B	C	core_destroyed	224
2026-08-12T18:43:08Z	BURST64B	4534	fjordgate	116283	A	C	core_destroyed	281
2026-08-12T18:43:10Z	BURST64B	4535	fjordgate	116283	B	C	core_destroyed	319
2026-08-12T18:43:12Z	BURST64B	4536	heart	116283	A	T	core_destroyed	219
2026-08-12T18:43:15Z	BURST64B	4537	heart	116283	B	T	core_destroyed	206
2026-08-12T18:43:17Z	BURST64B	4538	hive	116283	A	C	core_destroyed	134
2026-08-12T18:43:18Z	BURST64B	4539	hive	116283	B	T	core_destroyed	154
2026-08-12T18:43:20Z	BURST64B	4540	meander	116283	A	C	core_destroyed	126
2026-08-12T18:43:21Z	BURST64B	4541	meander	116283	B	C	core_destroyed	224
2026-08-12T18:43:23Z	BURST64B	4542	nordkap	116283	A	T	core_destroyed	167
2026-08-12T18:43:26Z	BURST64B	4543	nordkap	116283	B	C	core_destroyed	232
2026-08-12T18:43:29Z	BURST64B	4544	antler	116284	A	C	core_destroyed	342
2026-08-12T18:43:30Z	BURST64B	4545	antler	116284	B	C	core_destroyed	125
2026-08-12T18:43:31Z	BURST64B	4546	atoll	116284	A	C	core_destroyed	79
2026-08-12T18:43:32Z	BURST64B	4547	atoll	116284	B	T	core_destroyed	110
2026-08-12T18:43:35Z	BURST64B	4548	drumlin	116284	A	T	core_destroyed	207
2026-08-12T18:43:36Z	BURST64B	4549	drumlin	116284	B	C	core_destroyed	118
2026-08-12T18:43:38Z	BURST64B	4550	fjordgate	116284	A	T	core_destroyed	506
2026-08-12T18:43:39Z	BURST64B	4551	fjordgate	116284	B	T	core_destroyed	84
2026-08-12T18:43:42Z	BURST64B	4552	heart	116284	A	T	core_destroyed	370
2026-08-12T18:43:46Z	BURST64B	4553	heart	116284	B	T	core_destroyed	175
2026-08-12T18:43:48Z	BURST64B	4554	hive	116284	A	T	core_destroyed	174
2026-08-12T18:43:54Z	BURST64B	4555	hive	116284	B	C	core_destroyed	359
2026-08-12T18:43:55Z	BURST64B	4556	meander	116284	A	T	core_destroyed	190
2026-08-12T18:43:58Z	BURST64B	4557	meander	116284	B	T	core_destroyed	305
2026-08-12T18:44:00Z	BURST64B	4558	nordkap	116284	A	T	core_destroyed	390
2026-08-12T18:44:02Z	BURST64B	4559	nordkap	116284	B	T	core_destroyed	164
2026-08-12T18:44:03Z	BURST64B	4560	antler	116285	A	T	core_destroyed	188
2026-08-12T18:44:05Z	BURST64B	4561	antler	116285	B	T	core_destroyed	259
2026-08-12T18:44:07Z	BURST64B	4562	atoll	116285	A	T	core_destroyed	240
2026-08-12T18:44:09Z	BURST64B	4563	atoll	116285	B	C	core_destroyed	322
2026-08-12T18:44:13Z	BURST64B	4564	drumlin	116285	A	T	core_destroyed	298
2026-08-12T18:44:15Z	BURST64B	4565	drumlin	116285	B	T	core_destroyed	214
2026-08-12T18:44:17Z	BURST64B	4566	fjordgate	116285	A	C	core_destroyed	380
2026-08-12T18:44:19Z	BURST64B	4567	fjordgate	116285	B	C	core_destroyed	212
2026-08-12T18:44:21Z	BURST64B	4568	heart	116285	A	T	core_destroyed	119
2026-08-12T18:44:26Z	BURST64B	4569	heart	116285	B	C	tiebreak	1000
2026-08-12T18:44:32Z	BURST64B	4570	hive	116285	A	T	core_destroyed	462
2026-08-12T18:44:37Z	BURST64B	4571	hive	116285	B	C	core_destroyed	359
2026-08-12T18:44:39Z	BURST64B	4572	meander	116285	A	T	core_destroyed	135
2026-08-12T18:44:40Z	BURST64B	4573	meander	116285	B	T	core_destroyed	292
2026-08-12T18:44:42Z	BURST64B	4574	nordkap	116285	A	T	core_destroyed	98
2026-08-12T18:44:47Z	BURST64B	4575	nordkap	116285	B	C	core_destroyed	992
2026-08-12T18:44:48Z	BURST64B	4576	antler	116286	A	C	core_destroyed	193
2026-08-12T18:44:50Z	BURST64B	4577	antler	116286	B	C	core_destroyed	195
2026-08-12T18:44:52Z	BURST64B	4578	atoll	116286	A	C	core_destroyed	149
2026-08-12T18:44:55Z	BURST64B	4579	atoll	116286	B	T	core_destroyed	349
2026-08-12T18:44:57Z	BURST64B	4580	drumlin	116286	A	T	core_destroyed	143
2026-08-12T18:44:58Z	BURST64B	4581	drumlin	116286	B	C	core_destroyed	138
2026-08-12T18:45:00Z	BURST64B	4582	fjordgate	116286	A	T	core_destroyed	132
2026-08-12T18:45:01Z	BURST64B	4583	fjordgate	116286	B	T	core_destroyed	214
2026-08-12T18:45:03Z	BURST64B	4584	heart	116286	A	C	core_destroyed	173
2026-08-12T18:45:15Z	BURST64B	4585	heart	116286	B	T	core_destroyed	438
2026-08-12T18:45:19Z	BURST64B	4586	hive	116286	A	C	core_destroyed	281
2026-08-12T18:45:20Z	BURST64B	4587	hive	116286	B	T	core_destroyed	128
2026-08-12T18:45:24Z	BURST64B	4588	meander	116286	A	C	core_destroyed	467
2026-08-12T18:45:26Z	BURST64B	4589	meander	116286	B	T	core_destroyed	262
2026-08-12T18:45:28Z	BURST64B	4590	nordkap	116286	A	C	core_destroyed	189
2026-08-12T18:45:30Z	BURST64B	4591	nordkap	116286	B	T	tiebreak	1000
2026-08-12T18:45:31Z	BURST64B	4592	antler	116287	A	T	core_destroyed	208
2026-08-12T18:45:33Z	BURST64B	4593	antler	116287	B	T	core_destroyed	199
2026-08-12T18:45:37Z	BURST64B	4594	atoll	116287	A	C	core_destroyed	244
2026-08-12T18:45:38Z	BURST64B	4595	atoll	116287	B	C	core_destroyed	102
2026-08-12T18:45:43Z	BURST64B	4596	drumlin	116287	A	C	core_destroyed	306
2026-08-12T18:45:44Z	BURST64B	4597	drumlin	116287	B	C	core_destroyed	144
2026-08-12T18:45:46Z	BURST64B	4598	fjordgate	116287	A	T	tiebreak	1000
2026-08-12T18:45:48Z	BURST64B	4599	fjordgate	116287	B	C	core_destroyed	156
2026-08-12T18:45:49Z	BURST64B	4600	heart	116287	A	T	core_destroyed	122
2026-08-12T18:45:58Z	BURST64B	4601	heart	116287	B	C	core_destroyed	401
2026-08-12T18:46:01Z	BURST64B	4602	hive	116287	A	C	core_destroyed	247
2026-08-12T18:46:03Z	BURST64B	4603	hive	116287	B	T	core_destroyed	208
2026-08-12T18:46:05Z	BURST64B	4604	meander	116287	A	T	core_destroyed	149
2026-08-12T18:46:15Z	BURST64B	4605	meander	116287	B	T	tiebreak	1000
2026-08-12T18:46:17Z	BURST64B	4606	nordkap	116287	A	T	core_destroyed	170
2026-08-12T18:46:19Z	BURST64B	4607	nordkap	116287	B	T	core_destroyed	266
2026-08-12T18:46:21Z	BURST64B	4608	antler	116288	A	T	core_destroyed	236
2026-08-12T18:46:22Z	BURST64B	4609	antler	116288	B	T	core_destroyed	128
2026-08-12T18:46:24Z	BURST64B	4610	atoll	116288	A	C	tiebreak	1000
2026-08-12T18:46:27Z	BURST64B	4611	atoll	116288	B	C	core_destroyed	459
2026-08-12T18:46:31Z	BURST64B	4612	drumlin	116288	A	T	core_destroyed	406
2026-08-12T18:46:39Z	BURST64B	4613	drumlin	116288	B	C	core_destroyed	787
2026-08-12T18:46:41Z	BURST64B	4614	fjordgate	116288	A	T	tiebreak	1000
2026-08-12T18:46:42Z	BURST64B	4615	fjordgate	116288	B	C	core_destroyed	116
2026-08-12T18:46:47Z	BURST64B	4616	heart	116288	A	T	core_destroyed	598
2026-08-12T18:46:51Z	BURST64B	4617	heart	116288	B	T	core_destroyed	289
2026-08-12T18:46:55Z	BURST64B	4618	hive	116288	A	C	core_destroyed	254
2026-08-12T18:46:57Z	BURST64B	4619	hive	116288	B	T	core_destroyed	184
2026-08-12T18:46:58Z	BURST64B	4620	meander	116288	A	T	core_destroyed	158
2026-08-12T18:47:01Z	BURST64B	4621	meander	116288	B	T	core_destroyed	270
2026-08-12T18:47:03Z	BURST64B	4622	nordkap	116288	A	T	core_destroyed	166
2026-08-12T18:47:06Z	BURST64B	4623	nordkap	116288	B	T	core_destroyed	259
2026-08-12T18:47:07Z	BURST64B	4624	antler	116289	A	C	core_destroyed	135
2026-08-12T18:47:09Z	BURST64B	4625	antler	116289	B	C	core_destroyed	179
2026-08-12T18:47:12Z	BURST64B	4626	atoll	116289	A	C	core_destroyed	365
2026-08-12T18:47:13Z	BURST64B	4627	atoll	116289	B	T	core_destroyed	131
2026-08-12T18:47:15Z	BURST64B	4628	drumlin	116289	A	T	core_destroyed	95
2026-08-12T18:47:16Z	BURST64B	4629	drumlin	116289	B	C	core_destroyed	125
2026-08-12T18:47:17Z	BURST64B	4630	fjordgate	116289	A	T	core_destroyed	271
2026-08-12T18:47:19Z	BURST64B	4631	fjordgate	116289	B	C	core_destroyed	160
2026-08-12T18:47:20Z	BURST64B	4632	heart	116289	A	T	core_destroyed	128
2026-08-12T18:47:22Z	BURST64B	4633	heart	116289	B	T	core_destroyed	159
2026-08-12T18:47:24Z	BURST64B	4634	hive	116289	A	C	core_destroyed	115
2026-08-12T18:47:27Z	BURST64B	4635	hive	116289	B	T	core_destroyed	185
2026-08-12T18:47:30Z	BURST64B	4636	meander	116289	A	C	core_destroyed	304
2026-08-12T18:47:31Z	BURST64B	4637	meander	116289	B	C	core_destroyed	159
2026-08-12T18:47:33Z	BURST64B	4638	nordkap	116289	A	T	core_destroyed	149
2026-08-12T18:47:34Z	BURST64B	4639	nordkap	116289	B	C	core_destroyed	113
2026-08-12T18:47:36Z	BURST64B	4640	antler	116290	A	C	core_destroyed	381
2026-08-12T18:47:38Z	BURST64B	4641	antler	116290	B	C	core_destroyed	368
2026-08-12T18:47:40Z	BURST64B	4642	atoll	116290	A	C	core_destroyed	163
2026-08-12T18:47:42Z	BURST64B	4643	atoll	116290	B	T	core_destroyed	190
2026-08-12T18:47:44Z	BURST64B	4644	drumlin	116290	A	C	core_destroyed	153
2026-08-12T18:47:46Z	BURST64B	4645	drumlin	116290	B	T	core_destroyed	148
2026-08-12T18:47:50Z	BURST64B	4646	fjordgate	116290	A	T	tiebreak	1000
2026-08-12T18:47:51Z	BURST64B	4647	fjordgate	116290	B	T	core_destroyed	131
2026-08-12T18:47:55Z	BURST64B	4648	heart	116290	A	C	core_destroyed	280
2026-08-12T18:47:57Z	BURST64B	4649	heart	116290	B	T	core_destroyed	130
2026-08-12T18:47:58Z	BURST64B	4650	hive	116290	A	T	core_destroyed	103
2026-08-12T18:48:01Z	BURST64B	4651	hive	116290	B	T	core_destroyed	209
2026-08-12T18:48:04Z	BURST64B	4652	meander	116290	A	C	core_destroyed	292
2026-08-12T18:48:06Z	BURST64B	4653	meander	116290	B	C	core_destroyed	503
2026-08-12T18:48:08Z	BURST64B	4654	nordkap	116290	A	T	core_destroyed	210
2026-08-12T18:48:09Z	BURST64B	4655	nordkap	116290	B	T	core_destroyed	317
2026-08-12T18:48:10Z	BURST64B	4656	antler	116291	A	T	core_destroyed	120
2026-08-12T18:48:15Z	BURST64B	4657	antler	116291	B	C	tiebreak	1000
2026-08-12T18:48:16Z	BURST64B	4658	atoll	116291	A	C	core_destroyed	143
2026-08-12T18:48:21Z	BURST64B	4659	atoll	116291	B	C	core_destroyed	630
2026-08-12T18:48:22Z	BURST64B	4660	drumlin	116291	A	T	core_destroyed	132
2026-08-12T18:48:29Z	BURST64B	4661	drumlin	116291	B	C	core_destroyed	581
2026-08-12T18:48:31Z	BURST64B	4662	fjordgate	116291	A	C	core_destroyed	359
2026-08-12T18:48:33Z	BURST64B	4663	fjordgate	116291	B	T	core_destroyed	345
2026-08-12T18:48:35Z	BURST64B	4664	heart	116291	A	T	core_destroyed	125
2026-08-12T18:48:38Z	BURST64B	4665	heart	116291	B	C	core_destroyed	593
2026-08-12T18:48:42Z	BURST64B	4666	hive	116291	A	C	core_destroyed	240
2026-08-12T18:48:45Z	BURST64B	4667	hive	116291	B	T	core_destroyed	183
2026-08-12T18:48:48Z	BURST64B	4668	meander	116291	A	C	core_destroyed	368
2026-08-12T18:48:52Z	BURST64B	4669	meander	116291	B	C	tiebreak	1000
2026-08-12T18:48:54Z	BURST64B	4670	nordkap	116291	A	T	core_destroyed	277
2026-08-12T18:48:58Z	BURST64B	4671	nordkap	116291	B	C	core_destroyed	399
2026-08-12T18:49:00Z	BURST64B	4672	antler	116292	A	C	core_destroyed	238
2026-08-12T18:49:03Z	BURST64B	4673	antler	116292	B	C	core_destroyed	222
2026-08-12T18:49:05Z	BURST64B	4674	atoll	116292	A	C	core_destroyed	207
2026-08-12T18:49:16Z	BURST64B	4675	atoll	116292	B	T	core_destroyed	709
2026-08-12T18:49:18Z	BURST64B	4676	drumlin	116292	A	T	core_destroyed	143
2026-08-12T18:49:19Z	BURST64B	4677	drumlin	116292	B	C	core_destroyed	154
2026-08-12T18:49:21Z	BURST64B	4678	fjordgate	116292	A	T	core_destroyed	445
2026-08-12T18:49:22Z	BURST64B	4679	fjordgate	116292	B	T	core_destroyed	248
2026-08-12T18:49:26Z	BURST64B	4680	heart	116292	A	T	core_destroyed	203
2026-08-12T18:49:30Z	BURST64B	4681	heart	116292	B	C	core_destroyed	263
2026-08-12T18:49:34Z	BURST64B	4682	hive	116292	A	T	core_destroyed	227
2026-08-12T18:49:42Z	BURST64B	4683	hive	116292	B	C	core_destroyed	486
2026-08-12T18:49:43Z	BURST64B	4684	meander	116292	A	T	core_destroyed	152
2026-08-12T18:49:46Z	BURST64B	4685	meander	116292	B	T	core_destroyed	224
2026-08-12T18:49:47Z	BURST64B	4686	nordkap	116292	A	C	core_destroyed	214
2026-08-12T18:49:49Z	BURST64B	4687	nordkap	116292	B	C	core_destroyed	151
2026-08-12T18:49:51Z	BURST64B	4688	antler	116293	A	T	core_destroyed	145
2026-08-12T18:49:52Z	BURST64B	4689	antler	116293	B	C	core_destroyed	161
2026-08-12T18:49:55Z	BURST64B	4690	atoll	116293	A	T	core_destroyed	220
2026-08-12T18:49:56Z	BURST64B	4691	atoll	116293	B	T	core_destroyed	180
2026-08-12T18:49:58Z	BURST64B	4692	drumlin	116293	A	T	core_destroyed	92
2026-08-12T18:50:00Z	BURST64B	4693	drumlin	116293	B	C	core_destroyed	103
2026-08-12T18:50:02Z	BURST64B	4694	fjordgate	116293	A	C	core_destroyed	288
2026-08-12T18:50:03Z	BURST64B	4695	fjordgate	116293	B	C	core_destroyed	174
2026-08-12T18:50:05Z	BURST64B	4696	heart	116293	A	T	core_destroyed	105
2026-08-12T18:50:09Z	BURST64B	4697	heart	116293	B	C	core_destroyed	264
2026-08-12T18:50:10Z	BURST64B	4698	hive	116293	A	T	core_destroyed	190
2026-08-12T18:50:12Z	BURST64B	4699	hive	116293	B	C	core_destroyed	167
2026-08-12T18:50:15Z	BURST64B	4700	meander	116293	A	T	core_destroyed	251
2026-08-12T18:50:17Z	BURST64B	4701	meander	116293	B	T	core_destroyed	271
2026-08-12T18:50:20Z	BURST64B	4702	nordkap	116293	A	T	core_destroyed	566
2026-08-12T18:50:22Z	BURST64B	4703	nordkap	116293	B	T	core_destroyed	160
2026-08-12T18:50:23Z	BURST64B	4704	antler	116294	A	T	core_destroyed	112
2026-08-12T18:50:25Z	BURST64B	4705	antler	116294	B	T	core_destroyed	201
2026-08-12T18:50:36Z	BURST64B	4706	atoll	116294	A	T	core_destroyed	800
2026-08-12T18:50:38Z	BURST64B	4707	atoll	116294	B	T	core_destroyed	471
2026-08-12T18:50:39Z	BURST64B	4708	drumlin	116294	A	T	core_destroyed	139
2026-08-12T18:50:41Z	BURST64B	4709	drumlin	116294	B	T	core_destroyed	88
2026-08-12T18:50:42Z	BURST64B	4710	fjordgate	116294	A	T	core_destroyed	140
2026-08-12T18:50:44Z	BURST64B	4711	fjordgate	116294	B	C	core_destroyed	214
2026-08-12T18:51:01Z	BURST64B	4712	heart	116294	A	C	tiebreak	1000
2026-08-12T18:51:04Z	BURST64B	4713	heart	116294	B	C	core_destroyed	134
2026-08-12T18:51:09Z	BURST64B	4714	hive	116294	A	T	core_destroyed	358
2026-08-12T18:51:10Z	BURST64B	4715	hive	116294	B	T	core_destroyed	185
2026-08-12T18:51:12Z	BURST64B	4716	meander	116294	A	C	core_destroyed	203
2026-08-12T18:51:14Z	BURST64B	4717	meander	116294	B	T	core_destroyed	131
2026-08-12T18:51:15Z	BURST64B	4718	nordkap	116294	A	C	core_destroyed	235
2026-08-12T18:51:19Z	BURST64B	4719	nordkap	116294	B	C	core_destroyed	264
2026-08-12T18:51:21Z	BURST64B	4720	antler	116295	A	T	core_destroyed	185
2026-08-12T18:51:23Z	BURST64B	4721	antler	116295	B	T	core_destroyed	451
2026-08-12T18:51:25Z	BURST64B	4722	atoll	116295	A	C	core_destroyed	146
2026-08-12T18:51:27Z	BURST64B	4723	atoll	116295	B	T	core_destroyed	115
2026-08-12T18:51:33Z	BURST64B	4724	drumlin	116295	A	T	core_destroyed	330
2026-08-12T18:51:35Z	BURST64B	4725	drumlin	116295	B	T	core_destroyed	212
2026-08-12T18:51:37Z	BURST64B	4726	fjordgate	116295	A	C	core_destroyed	247
2026-08-12T18:51:40Z	BURST64B	4727	fjordgate	116295	B	C	core_destroyed	299
2026-08-12T18:51:44Z	BURST64B	4728	heart	116295	A	T	core_destroyed	282
2026-08-12T18:51:46Z	BURST64B	4729	heart	116295	B	C	core_destroyed	148
2026-08-12T18:51:52Z	BURST64B	4730	hive	116295	A	T	core_destroyed	340
2026-08-12T18:51:54Z	BURST64B	4731	hive	116295	B	C	core_destroyed	190
2026-08-12T18:51:56Z	BURST64B	4732	meander	116295	A	T	core_destroyed	162
2026-08-12T18:51:58Z	BURST64B	4733	meander	116295	B	C	core_destroyed	251
2026-08-12T18:52:05Z	BURST64B	4734	nordkap	116295	A	T	core_destroyed	456
2026-08-12T18:52:07Z	BURST64B	4735	nordkap	116295	B	T	core_destroyed	169
2026-08-12T18:52:09Z	BURST64B	4736	antler	116296	A	C	core_destroyed	162
2026-08-12T18:52:10Z	BURST64B	4737	antler	116296	B	T	core_destroyed	165
2026-08-12T18:52:13Z	BURST64B	4738	atoll	116296	A	T	tiebreak	1000
2026-08-12T18:52:15Z	BURST64B	4739	atoll	116296	B	T	core_destroyed	110
2026-08-12T18:52:17Z	BURST64B	4740	drumlin	116296	A	T	core_destroyed	156
2026-08-12T18:52:18Z	BURST64B	4741	drumlin	116296	B	C	core_destroyed	81
2026-08-12T18:52:19Z	BURST64B	4742	fjordgate	116296	A	C	core_destroyed	114
2026-08-12T18:52:21Z	BURST64B	4743	fjordgate	116296	B	T	core_destroyed	224
2026-08-12T18:52:26Z	BURST64B	4744	heart	116296	A	C	core_destroyed	276
2026-08-12T18:52:27Z	BURST64B	4745	heart	116296	B	T	core_destroyed	106
2026-08-12T18:52:32Z	BURST64B	4746	hive	116296	A	C	core_destroyed	308
2026-08-12T18:52:36Z	BURST64B	4747	hive	116296	B	C	core_destroyed	238
2026-08-12T18:52:38Z	BURST64B	4748	meander	116296	A	C	core_destroyed	171
2026-08-12T18:52:40Z	BURST64B	4749	meander	116296	B	C	core_destroyed	144
2026-08-12T18:52:41Z	BURST64B	4750	nordkap	116296	A	T	core_destroyed	285
2026-08-12T18:52:43Z	BURST64B	4751	nordkap	116296	B	T	core_destroyed	168
2026-08-12T18:52:45Z	BURST64B	4752	antler	116297	A	C	core_destroyed	161
2026-08-12T18:52:47Z	BURST64B	4753	antler	116297	B	C	core_destroyed	221
2026-08-12T18:52:52Z	BURST64B	4754	atoll	116297	A	C	core_destroyed	614
2026-08-12T18:53:00Z	BURST64B	4755	atoll	116297	B	T	core_destroyed	582
2026-08-12T18:53:02Z	BURST64B	4756	drumlin	116297	A	T	core_destroyed	199
2026-08-12T18:53:06Z	BURST64B	4757	drumlin	116297	B	C	core_destroyed	271
2026-08-12T18:53:08Z	BURST64B	4758	fjordgate	116297	A	T	core_destroyed	191
2026-08-12T18:53:10Z	BURST64B	4759	fjordgate	116297	B	C	core_destroyed	477
2026-08-12T18:53:11Z	BURST64B	4760	heart	116297	A	C	core_destroyed	143
2026-08-12T18:53:16Z	BURST64B	4761	heart	116297	B	T	core_destroyed	254
2026-08-12T18:53:26Z	BURST64B	4762	hive	116297	A	C	core_destroyed	506
2026-08-12T18:53:34Z	BURST64B	4763	hive	116297	B	T	core_destroyed	449
2026-08-12T18:53:35Z	BURST64B	4764	meander	116297	A	C	core_destroyed	124
2026-08-12T18:53:38Z	BURST64B	4765	meander	116297	B	C	core_destroyed	228
2026-08-12T18:53:39Z	BURST64B	4766	nordkap	116297	A	T	core_destroyed	129
2026-08-12T18:53:41Z	BURST64B	4767	nordkap	116297	B	C	core_destroyed	171
2026-08-12T18:53:43Z	BURST64B	4768	antler	116298	A	T	core_destroyed	169
2026-08-12T18:53:46Z	BURST64B	4769	antler	116298	B	C	core_destroyed	755
2026-08-12T18:53:48Z	BURST64B	4770	atoll	116298	A	T	core_destroyed	495
2026-08-12T18:53:50Z	BURST64B	4771	atoll	116298	B	C	core_destroyed	142
2026-08-12T18:53:52Z	BURST64B	4772	drumlin	116298	A	C	core_destroyed	98
2026-08-12T18:53:55Z	BURST64B	4773	drumlin	116298	B	C	core_destroyed	172
2026-08-12T18:53:56Z	BURST64B	4774	fjordgate	116298	A	T	core_destroyed	175
2026-08-12T18:54:02Z	BURST64B	4775	fjordgate	116298	B	T	tiebreak	1000
2026-08-12T18:54:07Z	BURST64B	4776	heart	116298	A	C	core_destroyed	309
2026-08-12T18:54:14Z	BURST64B	4777	heart	116298	B	C	core_destroyed	844
2026-08-12T18:54:16Z	BURST64B	4778	hive	116298	A	T	core_destroyed	233
2026-08-12T18:54:18Z	BURST64B	4779	hive	116298	B	C	core_destroyed	151
2026-08-12T18:54:20Z	BURST64B	4780	meander	116298	A	T	core_destroyed	139
2026-08-12T18:54:22Z	BURST64B	4781	meander	116298	B	C	core_destroyed	359
2026-08-12T18:54:25Z	BURST64B	4782	nordkap	116298	A	T	core_destroyed	406
2026-08-12T18:54:27Z	BURST64B	4783	nordkap	116298	B	C	tiebreak	1000
2026-08-12T18:54:29Z	BURST64B	4784	antler	116299	A	T	core_destroyed	180
2026-08-12T18:54:31Z	BURST64B	4785	antler	116299	B	C	core_destroyed	457
2026-08-12T18:54:37Z	BURST64B	4786	atoll	116299	A	T	core_destroyed	598
2026-08-12T18:54:38Z	BURST64B	4787	atoll	116299	B	T	core_destroyed	111
2026-08-12T18:54:40Z	BURST64B	4788	drumlin	116299	A	T	core_destroyed	175
2026-08-12T18:54:42Z	BURST64B	4789	drumlin	116299	B	C	core_destroyed	168
2026-08-12T18:54:45Z	BURST64B	4790	fjordgate	116299	A	C	core_destroyed	358
2026-08-12T18:54:46Z	BURST64B	4791	fjordgate	116299	B	C	core_destroyed	321
2026-08-12T18:54:50Z	BURST64B	4792	heart	116299	A	T	core_destroyed	412
2026-08-12T18:54:51Z	BURST64B	4793	heart	116299	B	C	core_destroyed	111
2026-08-12T18:55:01Z	BURST64B	4794	hive	116299	A	C	core_destroyed	636
2026-08-12T18:55:03Z	BURST64B	4795	hive	116299	B	C	core_destroyed	172
2026-08-12T18:55:04Z	BURST64B	4796	meander	116299	A	T	core_destroyed	150
2026-08-12T18:55:06Z	BURST64B	4797	meander	116299	B	T	core_destroyed	161
2026-08-12T18:55:08Z	BURST64B	4798	nordkap	116299	A	C	tiebreak	1000
2026-08-12T18:55:09Z	BURST64B	4799	nordkap	116299	B	C	core_destroyed	97
2026-08-12T18:55:10Z	BURST64B	4800	antler	116300	A	T	core_destroyed	229
2026-08-12T18:55:12Z	BURST64B	4801	antler	116300	B	C	core_destroyed	195
2026-08-12T18:55:13Z	BURST64B	4802	atoll	116300	A	C	core_destroyed	153
2026-08-12T18:55:16Z	BURST64B	4803	atoll	116300	B	C	tiebreak	1000
2026-08-12T18:55:17Z	BURST64B	4804	drumlin	116300	A	T	core_destroyed	105
2026-08-12T18:55:21Z	BURST64B	4805	drumlin	116300	B	T	core_destroyed	442
2026-08-12T18:55:24Z	BURST64B	4806	fjordgate	116300	A	C	core_destroyed	936
2026-08-12T18:55:26Z	BURST64B	4807	fjordgate	116300	B	C	tiebreak	1000
2026-08-12T18:55:29Z	BURST64B	4808	heart	116300	A	T	core_destroyed	534
2026-08-12T18:55:33Z	BURST64B	4809	heart	116300	B	C	core_destroyed	204
2026-08-12T18:55:35Z	BURST64B	4810	hive	116300	A	T	core_destroyed	116
2026-08-12T18:55:39Z	BURST64B	4811	hive	116300	B	T	core_destroyed	272
2026-08-12T18:55:41Z	BURST64B	4812	meander	116300	A	C	core_destroyed	283
2026-08-12T18:55:43Z	BURST64B	4813	meander	116300	B	C	core_destroyed	286
2026-08-12T18:55:46Z	BURST64B	4814	nordkap	116300	A	C	tiebreak	1000
2026-08-12T18:55:47Z	BURST64B	4815	nordkap	116300	B	T	core_destroyed	165
2026-08-12T18:55:48Z	BURST64B	4816	antler	116301	A	T	core_destroyed	203
2026-08-12T18:55:51Z	BURST64B	4817	antler	116301	B	T	core_destroyed	252
2026-08-12T18:55:52Z	BURST64B	4818	atoll	116301	A	C	core_destroyed	117
2026-08-12T18:55:55Z	BURST64B	4819	atoll	116301	B	C	core_destroyed	254
2026-08-12T18:56:00Z	BURST64B	4820	drumlin	116301	A	C	core_destroyed	289
2026-08-12T18:56:01Z	BURST64B	4821	drumlin	116301	B	C	core_destroyed	150
2026-08-12T18:56:03Z	BURST64B	4822	fjordgate	116301	A	T	core_destroyed	159
2026-08-12T18:56:04Z	BURST64B	4823	fjordgate	116301	B	C	core_destroyed	194
2026-08-12T18:56:35Z	BURST64B	4824	heart	116301	A	C	tiebreak	1000
2026-08-12T18:56:37Z	BURST64B	4825	heart	116301	B	C	core_destroyed	103
2026-08-12T18:56:39Z	BURST64B	4826	hive	116301	A	T	core_destroyed	115
2026-08-12T18:56:41Z	BURST64B	4827	hive	116301	B	C	core_destroyed	178
2026-08-12T18:56:42Z	BURST64B	4828	meander	116301	A	C	core_destroyed	171
2026-08-12T18:56:44Z	BURST64B	4829	meander	116301	B	C	core_destroyed	153
2026-08-12T18:56:45Z	BURST64B	4830	nordkap	116301	A	T	core_destroyed	171
2026-08-12T18:56:47Z	BURST64B	4831	nordkap	116301	B	T	core_destroyed	217
2026-08-12T18:56:52Z	BURST64B	4832	antler	116302	A	C	core_destroyed	588
2026-08-12T18:56:54Z	BURST64B	4833	antler	116302	B	C	core_destroyed	176
2026-08-12T18:56:58Z	BURST64B	4834	atoll	116302	A	C	core_destroyed	428
2026-08-12T18:56:59Z	BURST64B	4835	atoll	116302	B	T	core_destroyed	118
2026-08-12T18:57:06Z	BURST64B	4836	drumlin	116302	A	C	core_destroyed	367
2026-08-12T18:57:09Z	BURST64B	4837	drumlin	116302	B	T	core_destroyed	166
2026-08-12T18:57:10Z	BURST64B	4838	fjordgate	116302	A	T	core_destroyed	127
2026-08-12T18:57:13Z	BURST64B	4839	fjordgate	116302	B	T	core_destroyed	407
2026-08-12T18:57:18Z	BURST64B	4840	heart	116302	A	T	tiebreak	1000
2026-08-12T18:57:22Z	BURST64B	4841	heart	116302	B	C	tiebreak	1000
2026-08-12T18:57:26Z	BURST64B	4842	hive	116302	A	T	core_destroyed	279
2026-08-12T18:57:38Z	BURST64B	4843	hive	116302	B	T	core_destroyed	685
2026-08-12T18:57:41Z	BURST64B	4844	meander	116302	A	C	core_destroyed	316
2026-08-12T18:57:46Z	BURST64B	4845	meander	116302	B	C	core_destroyed	465
2026-08-12T18:57:47Z	BURST64B	4846	nordkap	116302	A	T	core_destroyed	211
2026-08-12T18:57:49Z	BURST64B	4847	nordkap	116302	B	T	core_destroyed	250
2026-08-12T18:57:52Z	BURST64B	4848	antler	116303	A	T	core_destroyed	237
2026-08-12T18:57:54Z	BURST64B	4849	antler	116303	B	C	core_destroyed	265
2026-08-12T18:57:58Z	BURST64B	4850	atoll	116303	A	T	core_destroyed	279
2026-08-12T18:58:01Z	BURST64B	4851	atoll	116303	B	C	core_destroyed	300
2026-08-12T18:58:03Z	BURST64B	4852	drumlin	116303	A	T	core_destroyed	117
2026-08-12T18:58:04Z	BURST64B	4853	drumlin	116303	B	C	core_destroyed	99
2026-08-12T18:58:05Z	BURST64B	4854	fjordgate	116303	A	T	core_destroyed	174
2026-08-12T18:58:07Z	BURST64B	4855	fjordgate	116303	B	C	core_destroyed	202
2026-08-12T18:58:11Z	BURST64B	4856	heart	116303	A	T	core_destroyed	394
2026-08-12T18:58:19Z	BURST64B	4857	heart	116303	B	T	core_destroyed	343
2026-08-12T18:58:21Z	BURST64B	4858	hive	116303	A	T	core_destroyed	153
2026-08-12T18:58:25Z	BURST64B	4859	hive	116303	B	T	core_destroyed	236
2026-08-12T18:58:26Z	BURST64B	4860	meander	116303	A	T	core_destroyed	184
2026-08-12T18:58:29Z	BURST64B	4861	meander	116303	B	C	core_destroyed	200
2026-08-12T18:58:30Z	BURST64B	4862	nordkap	116303	A	T	core_destroyed	146
2026-08-12T18:58:32Z	BURST64B	4863	nordkap	116303	B	T	core_destroyed	273
2026-08-12T18:58:34Z	BURST64B	4864	antler	116304	A	C	core_destroyed	170
2026-08-12T18:58:36Z	BURST64B	4865	antler	116304	B	T	core_destroyed	308
2026-08-12T18:58:37Z	BURST64B	4866	atoll	116304	A	T	core_destroyed	147
2026-08-12T18:58:40Z	BURST64B	4867	atoll	116304	B	C	core_destroyed	214
2026-08-12T18:58:44Z	BURST64B	4868	drumlin	116304	A	C	core_destroyed	270
2026-08-12T18:58:49Z	BURST64B	4869	drumlin	116304	B	C	core_destroyed	453
2026-08-12T18:58:50Z	BURST64B	4870	fjordgate	116304	A	C	core_destroyed	152
2026-08-12T18:58:52Z	BURST64B	4871	fjordgate	116304	B	T	core_destroyed	502
2026-08-12T18:58:54Z	BURST64B	4872	heart	116304	A	T	core_destroyed	166
2026-08-12T18:59:07Z	BURST64B	4873	heart	116304	B	T	tiebreak	1000
2026-08-12T18:59:09Z	BURST64B	4874	hive	116304	A	C	core_destroyed	75
2026-08-12T18:59:13Z	BURST64B	4875	hive	116304	B	C	core_destroyed	209
2026-08-12T18:59:14Z	BURST64B	4876	meander	116304	A	T	core_destroyed	141
2026-08-12T18:59:16Z	BURST64B	4877	meander	116304	B	T	core_destroyed	162
2026-08-12T18:59:18Z	BURST64B	4878	nordkap	116304	A	C	tiebreak	1000
2026-08-12T18:59:21Z	BURST64B	4879	nordkap	116304	B	C	tiebreak	1000
2026-08-12T18:59:23Z	BURST64B	4880	antler	116305	A	C	core_destroyed	168
2026-08-12T18:59:24Z	BURST64B	4881	antler	116305	B	C	core_destroyed	261
2026-08-12T18:59:26Z	BURST64B	4882	atoll	116305	A	C	core_destroyed	106
2026-08-12T18:59:29Z	BURST64B	4883	atoll	116305	B	C	core_destroyed	437
2026-08-12T18:59:34Z	BURST64B	4884	drumlin	116305	A	T	core_destroyed	372
2026-08-12T18:59:36Z	BURST64B	4885	drumlin	116305	B	C	core_destroyed	84
2026-08-12T18:59:37Z	BURST64B	4886	fjordgate	116305	A	T	core_destroyed	113
2026-08-12T18:59:38Z	BURST64B	4887	fjordgate	116305	B	C	core_destroyed	99
2026-08-12T18:59:43Z	BURST64B	4888	heart	116305	A	T	tiebreak	1000
2026-08-12T18:59:45Z	BURST64B	4889	heart	116305	B	T	core_destroyed	189
2026-08-12T18:59:53Z	BURST64B	4890	hive	116305	A	T	core_destroyed	446
2026-08-12T18:59:57Z	BURST64B	4891	hive	116305	B	T	core_destroyed	350
2026-08-12T18:59:59Z	BURST64B	4892	meander	116305	A	T	core_destroyed	163
2026-08-12T19:00:00Z	BURST64B	4893	meander	116305	B	C	core_destroyed	106
2026-08-12T19:00:02Z	BURST64B	4894	nordkap	116305	A	T	core_destroyed	339
2026-08-12T19:00:03Z	BURST64B	4895	nordkap	116305	B	C	core_destroyed	137
2026-08-12T19:00:06Z	BURST64B	4896	antler	116306	A	T	core_destroyed	681
2026-08-12T19:00:08Z	BURST64B	4897	antler	116306	B	T	core_destroyed	269
2026-08-12T19:00:10Z	BURST64B	4898	atoll	116306	A	T	core_destroyed	190
2026-08-12T19:00:11Z	BURST64B	4899	atoll	116306	B	T	core_destroyed	127
2026-08-12T19:00:19Z	BURST64B	4900	drumlin	116306	A	T	core_destroyed	619
2026-08-12T19:00:21Z	BURST64B	4901	drumlin	116306	B	T	core_destroyed	169
2026-08-12T19:00:23Z	BURST64B	4902	fjordgate	116306	A	T	core_destroyed	517
2026-08-12T19:00:24Z	BURST64B	4903	fjordgate	116306	B	C	core_destroyed	127
2026-08-12T19:00:26Z	BURST64B	4904	heart	116306	A	T	core_destroyed	151
2026-08-12T19:00:30Z	BURST64B	4905	heart	116306	B	T	core_destroyed	294
2026-08-12T19:00:33Z	BURST64B	4906	hive	116306	A	C	core_destroyed	156
2026-08-12T19:00:40Z	BURST64B	4907	hive	116306	B	C	core_destroyed	366
2026-08-12T19:00:42Z	BURST64B	4908	meander	116306	A	C	core_destroyed	219
2026-08-12T19:00:44Z	BURST64B	4909	meander	116306	B	T	core_destroyed	165
2026-08-12T19:00:45Z	BURST64B	4910	nordkap	116306	A	T	core_destroyed	161
2026-08-12T19:00:49Z	BURST64B	4911	nordkap	116306	B	C	core_destroyed	338
2026-08-12T19:00:50Z	BURST64B	4912	antler	116307	A	C	core_destroyed	141
2026-08-12T19:00:53Z	BURST64B	4913	antler	116307	B	T	core_destroyed	444
2026-08-12T19:00:54Z	BURST64B	4914	atoll	116307	A	T	core_destroyed	133
2026-08-12T19:00:55Z	BURST64B	4915	atoll	116307	B	T	core_destroyed	140
2026-08-12T19:00:57Z	BURST64B	4916	drumlin	116307	A	T	core_destroyed	203
2026-08-12T19:00:58Z	BURST64B	4917	drumlin	116307	B	C	core_destroyed	78
2026-08-12T19:01:00Z	BURST64B	4918	fjordgate	116307	A	T	core_destroyed	205
2026-08-12T19:01:02Z	BURST64B	4919	fjordgate	116307	B	T	core_destroyed	504
2026-08-12T19:01:07Z	BURST64B	4920	heart	116307	A	T	core_destroyed	425
2026-08-12T19:01:11Z	BURST64B	4921	heart	116307	B	C	core_destroyed	283
2026-08-12T19:01:13Z	BURST64B	4922	hive	116307	A	T	core_destroyed	108
2026-08-12T19:01:15Z	BURST64B	4923	hive	116307	B	T	core_destroyed	202
2026-08-12T19:01:17Z	BURST64B	4924	meander	116307	A	C	core_destroyed	210
2026-08-12T19:01:19Z	BURST64B	4925	meander	116307	B	T	core_destroyed	241
2026-08-12T19:01:21Z	BURST64B	4926	nordkap	116307	A	T	core_destroyed	255
2026-08-12T19:01:23Z	BURST64B	4927	nordkap	116307	B	C	core_destroyed	328
2026-08-12T19:01:25Z	BURST64B	4928	antler	116308	A	C	core_destroyed	147
2026-08-12T19:01:27Z	BURST64B	4929	antler	116308	B	C	core_destroyed	244
2026-08-12T19:01:30Z	BURST64B	4930	atoll	116308	A	C	core_destroyed	455
2026-08-12T19:01:34Z	BURST64B	4931	atoll	116308	B	T	core_destroyed	336
2026-08-12T19:01:36Z	BURST64B	4932	drumlin	116308	A	T	core_destroyed	145
2026-08-12T19:01:37Z	BURST64B	4933	drumlin	116308	B	C	core_destroyed	95
2026-08-12T19:01:39Z	BURST64B	4934	fjordgate	116308	A	T	core_destroyed	180
2026-08-12T19:01:44Z	BURST64B	4935	fjordgate	116308	B	C	tiebreak	1000
2026-08-12T19:01:49Z	BURST64B	4936	heart	116308	A	T	core_destroyed	317
2026-08-12T19:01:51Z	BURST64B	4937	heart	116308	B	C	core_destroyed	82
2026-08-12T19:01:53Z	BURST64B	4938	hive	116308	A	C	core_destroyed	182
2026-08-12T19:01:56Z	BURST64B	4939	hive	116308	B	T	core_destroyed	215
2026-08-12T19:01:57Z	BURST64B	4940	meander	116308	A	C	core_destroyed	164
2026-08-12T19:01:59Z	BURST64B	4941	meander	116308	B	C	core_destroyed	110
2026-08-12T19:02:02Z	BURST64B	4942	nordkap	116308	A	C	core_destroyed	287
2026-08-12T19:02:03Z	BURST64B	4943	nordkap	116308	B	C	core_destroyed	141
2026-08-12T19:02:06Z	BURST64B	4944	antler	116309	A	T	core_destroyed	295
2026-08-12T19:02:08Z	BURST64B	4945	antler	116309	B	C	core_destroyed	132
2026-08-12T19:02:11Z	BURST64B	4946	atoll	116309	A	T	core_destroyed	220
2026-08-12T19:02:15Z	BURST64B	4947	atoll	116309	B	T	core_destroyed	354
2026-08-12T19:02:16Z	BURST64B	4948	drumlin	116309	A	T	core_destroyed	113
2026-08-12T19:02:20Z	BURST64B	4949	drumlin	116309	B	C	core_destroyed	230
2026-08-12T19:02:22Z	BURST64B	4950	fjordgate	116309	A	T	core_destroyed	142
2026-08-12T19:02:23Z	BURST64B	4951	fjordgate	116309	B	C	core_destroyed	230
2026-08-12T19:02:25Z	BURST64B	4952	heart	116309	A	T	core_destroyed	137
2026-08-12T19:02:27Z	BURST64B	4953	heart	116309	B	C	core_destroyed	159
2026-08-12T19:02:30Z	BURST64B	4954	hive	116309	A	T	core_destroyed	195
2026-08-12T19:02:33Z	BURST64B	4955	hive	116309	B	C	core_destroyed	212
2026-08-12T19:02:36Z	BURST64B	4956	meander	116309	A	C	core_destroyed	298
2026-08-12T19:02:38Z	BURST64B	4957	meander	116309	B	T	core_destroyed	228
2026-08-12T19:02:39Z	BURST64B	4958	nordkap	116309	A	T	core_destroyed	172
2026-08-12T19:02:41Z	BURST64B	4959	nordkap	116309	B	C	core_destroyed	222
2026-08-12T19:02:43Z	BURST64B	4960	antler	116310	A	C	core_destroyed	261
2026-08-12T19:02:45Z	BURST64B	4961	antler	116310	B	T	core_destroyed	372
2026-08-12T19:02:47Z	BURST64B	4962	atoll	116310	A	T	core_destroyed	481
2026-08-12T19:02:50Z	BURST64B	4963	atoll	116310	B	C	core_destroyed	696
2026-08-12T19:02:53Z	BURST64B	4964	drumlin	116310	A	C	core_destroyed	238
2026-08-12T19:02:56Z	BURST64B	4965	drumlin	116310	B	T	core_destroyed	188
2026-08-12T19:02:58Z	BURST64B	4966	fjordgate	116310	A	T	tiebreak	1000
2026-08-12T19:03:00Z	BURST64B	4967	fjordgate	116310	B	T	core_destroyed	215
2026-08-12T19:03:02Z	BURST64B	4968	heart	116310	A	C	core_destroyed	198
2026-08-12T19:03:05Z	BURST64B	4969	heart	116310	B	C	core_destroyed	308
2026-08-12T19:03:11Z	BURST64B	4970	hive	116310	A	T	core_destroyed	356
2026-08-12T19:03:19Z	BURST64B	4971	hive	116310	B	C	core_destroyed	444
2026-08-12T19:03:20Z	BURST64B	4972	meander	116310	A	T	core_destroyed	150
2026-08-12T19:03:22Z	BURST64B	4973	meander	116310	B	C	core_destroyed	181
2026-08-12T19:03:24Z	BURST64B	4974	nordkap	116310	A	C	tiebreak	1000
2026-08-12T19:03:28Z	BURST64B	4975	nordkap	116310	B	T	core_destroyed	366
2026-08-12T19:03:29Z	BURST64B	4976	antler	116311	A	C	core_destroyed	176
2026-08-12T19:03:31Z	BURST64B	4977	antler	116311	B	T	core_destroyed	308
2026-08-12T19:03:34Z	BURST64B	4978	atoll	116311	A	C	core_destroyed	228
2026-08-12T19:03:35Z	BURST64B	4979	atoll	116311	B	T	core_destroyed	126
2026-08-12T19:03:37Z	BURST64B	4980	drumlin	116311	A	T	core_destroyed	124
2026-08-12T19:03:39Z	BURST64B	4981	drumlin	116311	B	T	core_destroyed	142
2026-08-12T19:03:41Z	BURST64B	4982	fjordgate	116311	A	T	tiebreak	1000
2026-08-12T19:03:42Z	BURST64B	4983	fjordgate	116311	B	C	core_destroyed	106
2026-08-12T19:03:45Z	BURST64B	4984	heart	116311	A	C	core_destroyed	193
2026-08-12T19:03:49Z	BURST64B	4985	heart	116311	B	T	core_destroyed	249
2026-08-12T19:03:51Z	BURST64B	4986	hive	116311	A	T	core_destroyed	202
2026-08-12T19:03:54Z	BURST64B	4987	hive	116311	B	C	core_destroyed	218
2026-08-12T19:03:59Z	BURST64B	4988	meander	116311	A	T	tiebreak	1000
2026-08-12T19:04:01Z	BURST64B	4989	meander	116311	B	C	core_destroyed	255
2026-08-12T19:04:03Z	BURST64B	4990	nordkap	116311	A	T	core_destroyed	225
2026-08-12T19:04:05Z	BURST64B	4991	nordkap	116311	B	C	core_destroyed	116
2026-08-12T19:04:07Z	BURST64B	4992	antler	116312	A	C	core_destroyed	192
2026-08-12T19:04:09Z	BURST64B	4993	antler	116312	B	C	core_destroyed	162
2026-08-12T19:04:11Z	BURST64B	4994	atoll	116312	A	T	core_destroyed	352
2026-08-12T19:04:17Z	BURST64B	4995	atoll	116312	B	C	core_destroyed	350
2026-08-12T19:04:19Z	BURST64B	4996	drumlin	116312	A	T	core_destroyed	168
2026-08-12T19:04:22Z	BURST64B	4997	drumlin	116312	B	C	core_destroyed	227
2026-08-12T19:04:24Z	BURST64B	4998	fjordgate	116312	A	T	core_destroyed	207
2026-08-12T19:04:25Z	BURST64B	4999	fjordgate	116312	B	C	core_destroyed	124
2026-08-12T19:04:27Z	BURST64B	5000	heart	116312	A	C	core_destroyed	171
2026-08-12T19:04:34Z	BURST64B	5001	heart	116312	B	C	tiebreak	1000
2026-08-12T19:04:41Z	BURST64B	5002	hive	116312	A	C	core_destroyed	361
2026-08-12T19:04:44Z	BURST64B	5003	hive	116312	B	C	core_destroyed	191
2026-08-12T19:04:45Z	BURST64B	5004	meander	116312	A	C	core_destroyed	203
2026-08-12T19:04:47Z	BURST64B	5005	meander	116312	B	C	core_destroyed	161
2026-08-12T19:04:50Z	BURST64B	5006	nordkap	116312	A	C	tiebreak	1000
2026-08-12T19:04:53Z	BURST64B	5007	nordkap	116312	B	T	core_destroyed	244
2026-08-12T19:04:54Z	BURST64B	5008	antler	116313	A	T	core_destroyed	117
2026-08-12T19:05:00Z	BURST64B	5009	antler	116313	B	C	core_destroyed	400
2026-08-12T19:05:03Z	BURST64B	5010	atoll	116313	A	C	core_destroyed	257
2026-08-12T19:05:06Z	BURST64B	5011	atoll	116313	B	C	tiebreak	1000
2026-08-12T19:05:08Z	BURST64B	5012	drumlin	116313	A	T	core_destroyed	89
2026-08-12T19:05:10Z	BURST64B	5013	drumlin	116313	B	T	core_destroyed	148
2026-08-12T19:05:11Z	BURST64B	5014	fjordgate	116313	A	T	core_destroyed	119
2026-08-12T19:05:14Z	BURST64B	5015	fjordgate	116313	B	T	core_destroyed	254
2026-08-12T19:05:16Z	BURST64B	5016	heart	116313	A	T	core_destroyed	238
2026-08-12T19:05:48Z	BURST64B	5017	heart	116313	B	T	tiebreak	1000
2026-08-12T19:05:49Z	BURST64B	5018	hive	116313	A	T	core_destroyed	126
2026-08-12T19:05:51Z	BURST64B	5019	hive	116313	B	T	core_destroyed	194
2026-08-12T19:05:53Z	BURST64B	5020	meander	116313	A	T	core_destroyed	188
2026-08-12T19:05:55Z	BURST64B	5021	meander	116313	B	T	core_destroyed	131
2026-08-12T19:05:59Z	BURST64B	5022	nordkap	116313	A	T	core_destroyed	321
2026-08-12T19:06:00Z	BURST64B	5023	nordkap	116313	B	C	core_destroyed	211
2026-08-12T19:06:01Z	BURST64B	5024	antler	116314	A	T	core_destroyed	203
2026-08-12T19:06:03Z	BURST64B	5025	antler	116314	B	T	core_destroyed	356
2026-08-12T19:06:04Z	BURST64B	5026	atoll	116314	A	T	core_destroyed	325
2026-08-12T19:06:06Z	BURST64B	5027	atoll	116314	B	T	core_destroyed	114
2026-08-12T19:06:09Z	BURST64B	5028	drumlin	116314	A	C	core_destroyed	319
2026-08-12T19:06:14Z	BURST64B	5029	drumlin	116314	B	T	core_destroyed	330
2026-08-12T19:06:16Z	BURST64B	5030	fjordgate	116314	A	T	tiebreak	1000
2026-08-12T19:06:18Z	BURST64B	5031	fjordgate	116314	B	C	core_destroyed	232
2026-08-12T19:06:20Z	BURST64B	5032	heart	116314	A	C	core_destroyed	146
2026-08-12T19:06:25Z	BURST64B	5033	heart	116314	B	C	core_destroyed	434
2026-08-12T19:06:26Z	BURST64B	5034	hive	116314	A	T	core_destroyed	75
2026-08-12T19:06:28Z	BURST64B	5035	hive	116314	B	C	core_destroyed	108
2026-08-12T19:06:29Z	BURST64B	5036	meander	116314	A	T	core_destroyed	220
2026-08-12T19:06:31Z	BURST64B	5037	meander	116314	B	T	core_destroyed	282
2026-08-12T19:06:32Z	BURST64B	5038	nordkap	116314	A	T	core_destroyed	162
2026-08-12T19:06:35Z	BURST64B	5039	nordkap	116314	B	T	core_destroyed	181
2026-08-12T19:06:36Z	BURST64B	5040	antler	116315	A	T	core_destroyed	187
2026-08-12T19:06:38Z	BURST64B	5041	antler	116315	B	C	core_destroyed	208
2026-08-12T19:06:41Z	BURST64B	5042	atoll	116315	A	C	core_destroyed	259
2026-08-12T19:06:44Z	BURST64B	5043	atoll	116315	B	T	core_destroyed	262
2026-08-12T19:06:45Z	BURST64B	5044	drumlin	116315	A	C	core_destroyed	89
2026-08-12T19:06:49Z	BURST64B	5045	drumlin	116315	B	C	core_destroyed	354
2026-08-12T19:06:50Z	BURST64B	5046	fjordgate	116315	A	C	core_destroyed	160
2026-08-12T19:06:52Z	BURST64B	5047	fjordgate	116315	B	C	core_destroyed	252
2026-08-12T19:06:54Z	BURST64B	5048	heart	116315	A	T	core_destroyed	121
2026-08-12T19:06:56Z	BURST64B	5049	heart	116315	B	C	tiebreak	1000
2026-08-12T19:06:57Z	BURST64B	5050	hive	116315	A	C	core_destroyed	109
2026-08-12T19:06:59Z	BURST64B	5051	hive	116315	B	C	core_destroyed	180
2026-08-12T19:07:00Z	BURST64B	5052	meander	116315	A	C	core_destroyed	192
2026-08-12T19:07:03Z	BURST64B	5053	meander	116315	B	T	core_destroyed	301
2026-08-12T19:07:04Z	BURST64B	5054	nordkap	116315	A	T	core_destroyed	165
2026-08-12T19:07:05Z	BURST64B	5055	nordkap	116315	B	C	core_destroyed	125
2026-08-12T19:07:08Z	BURST64B	5056	antler	116316	A	T	core_destroyed	264
2026-08-12T19:07:10Z	BURST64B	5057	antler	116316	B	C	core_destroyed	222
2026-08-12T19:07:16Z	BURST64B	5058	atoll	116316	A	T	core_destroyed	595
2026-08-12T19:07:20Z	BURST64B	5059	atoll	116316	B	T	core_destroyed	396
2026-08-12T19:07:21Z	BURST64B	5060	drumlin	116316	A	T	core_destroyed	95
2026-08-12T19:07:25Z	BURST64B	5061	drumlin	116316	B	C	core_destroyed	262
2026-08-12T19:07:28Z	BURST64B	5062	fjordgate	116316	A	T	tiebreak	1000
2026-08-12T19:07:31Z	BURST64B	5063	fjordgate	116316	B	C	tiebreak	1000
2026-08-12T19:07:35Z	BURST64B	5064	heart	116316	A	C	core_destroyed	214
2026-08-12T19:07:38Z	BURST64B	5065	heart	116316	B	C	core_destroyed	305
2026-08-12T19:07:39Z	BURST64B	5066	hive	116316	A	C	core_destroyed	135
2026-08-12T19:07:44Z	BURST64B	5067	hive	116316	B	C	core_destroyed	401
2026-08-12T19:07:46Z	BURST64B	5068	meander	116316	A	T	core_destroyed	184
2026-08-12T19:07:48Z	BURST64B	5069	meander	116316	B	C	core_destroyed	197
2026-08-12T19:07:50Z	BURST64B	5070	nordkap	116316	A	C	core_destroyed	272
2026-08-12T19:07:51Z	BURST64B	5071	nordkap	116316	B	T	core_destroyed	138
2026-08-12T19:07:53Z	BURST64B	5072	antler	116317	A	T	core_destroyed	154
2026-08-12T19:07:54Z	BURST64B	5073	antler	116317	B	T	core_destroyed	184
2026-08-12T19:07:56Z	BURST64B	5074	atoll	116317	A	T	core_destroyed	390
2026-08-12T19:07:57Z	BURST64B	5075	atoll	116317	B	T	core_destroyed	402
2026-08-12T19:08:00Z	BURST64B	5076	drumlin	116317	A	C	core_destroyed	464
2026-08-12T19:08:02Z	BURST64B	5077	drumlin	116317	B	T	core_destroyed	115
2026-08-12T19:08:03Z	BURST64B	5078	fjordgate	116317	A	C	core_destroyed	90
2026-08-12T19:08:05Z	BURST64B	5079	fjordgate	116317	B	C	core_destroyed	764
2026-08-12T19:08:07Z	BURST64B	5080	heart	116317	A	C	core_destroyed	171
2026-08-12T19:08:10Z	BURST64B	5081	heart	116317	B	C	core_destroyed	273
2026-08-12T19:08:12Z	BURST64B	5082	hive	116317	A	C	core_destroyed	138
2026-08-12T19:08:14Z	BURST64B	5083	hive	116317	B	C	core_destroyed	118
2026-08-12T19:08:16Z	BURST64B	5084	meander	116317	A	C	core_destroyed	197
2026-08-12T19:08:18Z	BURST64B	5085	meander	116317	B	C	core_destroyed	516
2026-08-12T19:08:20Z	BURST64B	5086	nordkap	116317	A	C	tiebreak	1000
2026-08-12T19:08:23Z	BURST64B	5087	nordkap	116317	B	C	core_destroyed	279
2026-08-12T19:08:25Z	BURST64B	5088	antler	116318	A	T	core_destroyed	133
2026-08-12T19:08:26Z	BURST64B	5089	antler	116318	B	T	core_destroyed	128
2026-08-12T19:08:30Z	BURST64B	5090	atoll	116318	A	T	core_destroyed	380
2026-08-12T19:08:32Z	BURST64B	5091	atoll	116318	B	T	tiebreak	1000
2026-08-12T19:08:35Z	BURST64B	5092	drumlin	116318	A	C	core_destroyed	252
2026-08-12T19:08:36Z	BURST64B	5093	drumlin	116318	B	T	core_destroyed	152
2026-08-12T19:08:39Z	BURST64B	5094	fjordgate	116318	A	C	core_destroyed	472
2026-08-12T19:08:40Z	BURST64B	5095	fjordgate	116318	B	C	core_destroyed	447
2026-08-12T19:08:42Z	BURST64B	5096	heart	116318	A	T	core_destroyed	159
2026-08-12T19:08:44Z	BURST64B	5097	heart	116318	B	C	core_destroyed	287
2026-08-12T19:08:48Z	BURST64B	5098	hive	116318	A	C	core_destroyed	254
2026-08-12T19:08:50Z	BURST64B	5099	hive	116318	B	T	core_destroyed	170
2026-08-12T19:08:52Z	BURST64B	5100	meander	116318	A	C	core_destroyed	127
2026-08-12T19:08:53Z	BURST64B	5101	meander	116318	B	C	core_destroyed	153
2026-08-12T19:08:55Z	BURST64B	5102	nordkap	116318	A	T	core_destroyed	177
2026-08-12T19:08:56Z	BURST64B	5103	nordkap	116318	B	T	core_destroyed	175
2026-08-12T19:08:58Z	BURST64B	5104	antler	116319	A	C	core_destroyed	202
2026-08-12T19:09:00Z	BURST64B	5105	antler	116319	B	T	core_destroyed	230
2026-08-12T19:09:01Z	BURST64B	5106	atoll	116319	A	C	core_destroyed	90
2026-08-12T19:09:03Z	BURST64B	5107	atoll	116319	B	T	core_destroyed	111
2026-08-12T19:09:04Z	BURST64B	5108	drumlin	116319	A	T	core_destroyed	162
2026-08-12T19:09:07Z	BURST64B	5109	drumlin	116319	B	C	core_destroyed	199
2026-08-12T19:09:09Z	BURST64B	5110	fjordgate	116319	A	C	core_destroyed	410
2026-08-12T19:09:11Z	BURST64B	5111	fjordgate	116319	B	T	core_destroyed	234
2026-08-12T19:09:13Z	BURST64B	5112	heart	116319	A	C	core_destroyed	279
2026-08-12T19:09:16Z	BURST64B	5113	heart	116319	B	T	core_destroyed	259
2026-08-12T19:09:20Z	BURST64B	5114	hive	116319	A	C	core_destroyed	231
2026-08-12T19:09:27Z	BURST64B	5115	hive	116319	B	T	core_destroyed	523
2026-08-12T19:09:29Z	BURST64B	5116	meander	116319	A	C	core_destroyed	127
2026-08-12T19:09:31Z	BURST64B	5117	meander	116319	B	T	core_destroyed	277
2026-08-12T19:09:32Z	BURST64B	5118	nordkap	116319	A	T	core_destroyed	157
2026-08-12T19:09:34Z	BURST64B	5119	nordkap	116319	B	C	core_destroyed	249
2026-08-12T19:09:36Z	BURST64B	5120	antler	116320	A	T	core_destroyed	258
2026-08-12T19:09:38Z	BURST64B	5121	antler	116320	B	T	core_destroyed	184
2026-08-12T19:09:39Z	BURST64B	5122	atoll	116320	A	T	core_destroyed	99
2026-08-12T19:09:40Z	BURST64B	5123	atoll	116320	B	T	core_destroyed	118
2026-08-12T19:09:43Z	BURST64B	5124	drumlin	116320	A	T	core_destroyed	167
2026-08-12T19:09:48Z	BURST64B	5125	drumlin	116320	B	C	core_destroyed	592
2026-08-12T19:09:50Z	BURST64B	5126	fjordgate	116320	A	C	core_destroyed	415
2026-08-12T19:09:51Z	BURST64B	5127	fjordgate	116320	B	T	core_destroyed	126
2026-08-12T19:09:55Z	BURST64B	5128	heart	116320	A	T	tiebreak	1000
2026-08-12T19:10:00Z	BURST64B	5129	heart	116320	B	C	core_destroyed	308
2026-08-12T19:10:02Z	BURST64B	5130	hive	116320	A	T	core_destroyed	85
2026-08-12T19:10:04Z	BURST64B	5131	hive	116320	B	C	core_destroyed	161
2026-08-12T19:10:06Z	BURST64B	5132	meander	116320	A	T	core_destroyed	125
2026-08-12T19:10:07Z	BURST64B	5133	meander	116320	B	T	core_destroyed	129
2026-08-12T19:10:08Z	BURST64B	5134	nordkap	116320	A	T	core_destroyed	221
2026-08-12T19:10:09Z	BURST64B	5135	nordkap	116320	B	T	core_destroyed	133
2026-08-12T19:10:11Z	BURST64B	5136	antler	116321	A	C	core_destroyed	89
2026-08-12T19:10:13Z	BURST64B	5137	antler	116321	B	T	core_destroyed	577
2026-08-12T19:10:17Z	BURST64B	5138	atoll	116321	A	T	core_destroyed	667
2026-08-12T19:10:19Z	BURST64B	5139	atoll	116321	B	T	core_destroyed	118
2026-08-12T19:10:23Z	BURST64B	5140	drumlin	116321	A	T	core_destroyed	362
2026-08-12T19:10:28Z	BURST64B	5141	drumlin	116321	B	T	core_destroyed	432
2026-08-12T19:10:29Z	BURST64B	5142	fjordgate	116321	A	C	core_destroyed	199
2026-08-12T19:10:31Z	BURST64B	5143	fjordgate	116321	B	C	core_destroyed	193
2026-08-12T19:10:36Z	BURST64B	5144	heart	116321	A	T	core_destroyed	365
2026-08-12T19:10:38Z	BURST64B	5145	heart	116321	B	C	core_destroyed	151
2026-08-12T19:10:46Z	BURST64B	5146	hive	116321	A	C	core_destroyed	592
2026-08-12T19:10:51Z	BURST64B	5147	hive	116321	B	T	core_destroyed	390
2026-08-12T19:10:52Z	BURST64B	5148	meander	116321	A	C	core_destroyed	130
2026-08-12T19:10:54Z	BURST64B	5149	meander	116321	B	T	core_destroyed	237
2026-08-12T19:10:55Z	BURST64B	5150	nordkap	116321	A	C	core_destroyed	154
2026-08-12T19:10:57Z	BURST64B	5151	nordkap	116321	B	C	core_destroyed	278
2026-08-12T19:10:58Z	BURST64B	5152	antler	116322	A	T	core_destroyed	115
2026-08-12T19:11:00Z	BURST64B	5153	antler	116322	B	T	core_destroyed	200
2026-08-12T19:11:02Z	BURST64B	5154	atoll	116322	A	C	core_destroyed	428
2026-08-12T19:11:03Z	BURST64B	5155	atoll	116322	B	T	core_destroyed	306
2026-08-12T19:11:07Z	BURST64B	5156	drumlin	116322	A	T	core_destroyed	357
2026-08-12T19:11:11Z	BURST64B	5157	drumlin	116322	B	C	core_destroyed	379
2026-08-12T19:11:13Z	BURST64B	5158	fjordgate	116322	A	C	core_destroyed	358
2026-08-12T19:11:14Z	BURST64B	5159	fjordgate	116322	B	C	core_destroyed	162
2026-08-12T19:11:31Z	BURST64B	5160	heart	116322	A	T	tiebreak	1000
2026-08-12T19:11:33Z	BURST64B	5161	heart	116322	B	C	core_destroyed	137
2026-08-12T19:11:34Z	BURST64B	5162	hive	116322	A	T	core_destroyed	151
2026-08-12T19:11:36Z	BURST64B	5163	hive	116322	B	T	core_destroyed	138
2026-08-12T19:11:38Z	BURST64B	5164	meander	116322	A	C	core_destroyed	167
2026-08-12T19:11:39Z	BURST64B	5165	meander	116322	B	C	core_destroyed	147
2026-08-12T19:11:41Z	BURST64B	5166	nordkap	116322	A	C	core_destroyed	284
2026-08-12T19:11:42Z	BURST64B	5167	nordkap	116322	B	C	core_destroyed	104
2026-08-12T19:11:43Z	BURST64B	5168	antler	116323	A	T	core_destroyed	161
2026-08-12T19:11:46Z	BURST64B	5169	antler	116323	B	C	core_destroyed	663
2026-08-12T19:11:51Z	BURST64B	5170	atoll	116323	A	C	core_destroyed	392
2026-08-12T19:11:52Z	BURST64B	5171	atoll	116323	B	T	core_destroyed	129
2026-08-12T19:11:54Z	BURST64B	5172	drumlin	116323	A	T	core_destroyed	164
2026-08-12T19:11:57Z	BURST64B	5173	drumlin	116323	B	C	core_destroyed	413
2026-08-12T19:11:59Z	BURST64B	5174	fjordgate	116323	A	T	core_destroyed	156
2026-08-12T19:12:00Z	BURST64B	5175	fjordgate	116323	B	C	core_destroyed	140
2026-08-12T19:12:03Z	BURST64B	5176	heart	116323	A	C	core_destroyed	237
2026-08-12T19:12:05Z	BURST64B	5177	heart	116323	B	C	core_destroyed	139
2026-08-12T19:12:07Z	BURST64B	5178	hive	116323	A	T	core_destroyed	152
2026-08-12T19:12:11Z	BURST64B	5179	hive	116323	B	T	core_destroyed	304
2026-08-12T19:12:13Z	BURST64B	5180	meander	116323	A	C	core_destroyed	226
2026-08-12T19:12:15Z	BURST64B	5181	meander	116323	B	C	core_destroyed	222
2026-08-12T19:12:16Z	BURST64B	5182	nordkap	116323	A	T	core_destroyed	175
2026-08-12T19:12:17Z	BURST64B	5183	nordkap	116323	B	T	core_destroyed	152
2026-08-12T19:12:19Z	BURST64B	5184	antler	116324	A	T	core_destroyed	205
2026-08-12T19:12:22Z	BURST64B	5185	antler	116324	B	T	tiebreak	1000
2026-08-12T19:12:23Z	BURST64B	5186	atoll	116324	A	C	core_destroyed	120
2026-08-12T19:12:25Z	BURST64B	5187	atoll	116324	B	T	core_destroyed	106
2026-08-12T19:12:31Z	BURST64B	5188	drumlin	116324	A	T	core_destroyed	540
2026-08-12T19:12:38Z	BURST64B	5189	drumlin	116324	B	T	core_destroyed	543
2026-08-12T19:12:41Z	BURST64B	5190	fjordgate	116324	A	T	tiebreak	1000
2026-08-12T19:12:42Z	BURST64B	5191	fjordgate	116324	B	C	core_destroyed	174
2026-08-12T19:12:45Z	BURST64B	5192	heart	116324	A	T	core_destroyed	232
2026-08-12T19:12:51Z	BURST64B	5193	heart	116324	B	C	core_destroyed	307
2026-08-12T19:12:54Z	BURST64B	5194	hive	116324	A	T	core_destroyed	238
2026-08-12T19:12:56Z	BURST64B	5195	hive	116324	B	C	core_destroyed	122
2026-08-12T19:12:58Z	BURST64B	5196	meander	116324	A	C	core_destroyed	225
2026-08-12T19:12:59Z	BURST64B	5197	meander	116324	B	T	core_destroyed	170
2026-08-12T19:13:01Z	BURST64B	5198	nordkap	116324	A	T	core_destroyed	272
2026-08-12T19:13:03Z	BURST64B	5199	nordkap	116324	B	T	core_destroyed	186
2026-08-12T19:13:05Z	BURST64B	5200	antler	116325	A	T	core_destroyed	304
2026-08-12T19:13:07Z	BURST64B	5201	antler	116325	B	C	core_destroyed	173
2026-08-12T19:13:09Z	BURST64B	5202	atoll	116325	A	C	core_destroyed	203
2026-08-12T19:13:11Z	BURST64B	5203	atoll	116325	B	T	core_destroyed	224
2026-08-12T19:13:14Z	BURST64B	5204	drumlin	116325	A	T	core_destroyed	321
2026-08-12T19:13:16Z	BURST64B	5205	drumlin	116325	B	T	core_destroyed	202
2026-08-12T19:13:17Z	BURST64B	5206	fjordgate	116325	A	T	core_destroyed	182
2026-08-12T19:13:18Z	BURST64B	5207	fjordgate	116325	B	T	core_destroyed	106
2026-08-12T19:13:27Z	BURST64B	5208	heart	116325	A	C	core_destroyed	454
2026-08-12T19:13:30Z	BURST64B	5209	heart	116325	B	T	core_destroyed	267
2026-08-12T19:13:38Z	BURST64B	5210	hive	116325	A	C	core_destroyed	544
2026-08-12T19:13:39Z	BURST64B	5211	hive	116325	B	C	core_destroyed	151
2026-08-12T19:13:41Z	BURST64B	5212	meander	116325	A	C	core_destroyed	220
2026-08-12T19:13:43Z	BURST64B	5213	meander	116325	B	T	core_destroyed	229
2026-08-12T19:13:44Z	BURST64B	5214	nordkap	116325	A	C	core_destroyed	247
2026-08-12T19:13:46Z	BURST64B	5215	nordkap	116325	B	C	core_destroyed	220
2026-08-12T19:13:49Z	BURST64B	5216	antler	116326	A	C	tiebreak	1000
2026-08-12T19:13:50Z	BURST64B	5217	antler	116326	B	T	core_destroyed	199
2026-08-12T19:13:52Z	BURST64B	5218	atoll	116326	A	C	core_destroyed	164
2026-08-12T19:13:54Z	BURST64B	5219	atoll	116326	B	T	core_destroyed	348
2026-08-12T19:13:55Z	BURST64B	5220	drumlin	116326	A	T	core_destroyed	192
2026-08-12T19:13:58Z	BURST64B	5221	drumlin	116326	B	C	core_destroyed	266
2026-08-12T19:13:59Z	BURST64B	5222	fjordgate	116326	A	T	core_destroyed	479
2026-08-12T19:14:00Z	BURST64B	5223	fjordgate	116326	B	C	core_destroyed	135
2026-08-12T19:14:03Z	BURST64B	5224	heart	116326	A	C	core_destroyed	199
2026-08-12T19:14:07Z	BURST64B	5225	heart	116326	B	C	core_destroyed	461
2026-08-12T19:14:18Z	BURST64B	5226	hive	116326	A	C	tiebreak	1000
2026-08-12T19:14:24Z	BURST64B	5227	hive	116326	B	C	core_destroyed	447
2026-08-12T19:14:27Z	BURST64B	5228	meander	116326	A	T	core_destroyed	260
2026-08-12T19:14:28Z	BURST64B	5229	meander	116326	B	C	core_destroyed	151
2026-08-12T19:14:30Z	BURST64B	5230	nordkap	116326	A	T	core_destroyed	201
2026-08-12T19:14:31Z	BURST64B	5231	nordkap	116326	B	C	core_destroyed	120
2026-08-12T19:14:34Z	BURST64B	5232	antler	116327	A	T	core_destroyed	319
2026-08-12T19:14:36Z	BURST64B	5233	antler	116327	B	T	core_destroyed	193
2026-08-12T19:14:37Z	BURST64B	5234	atoll	116327	A	T	core_destroyed	98
2026-08-12T19:14:38Z	BURST64B	5235	atoll	116327	B	T	core_destroyed	146
2026-08-12T19:14:40Z	BURST64B	5236	drumlin	116327	A	T	core_destroyed	148
2026-08-12T19:14:41Z	BURST64B	5237	drumlin	116327	B	C	core_destroyed	155
2026-08-12T19:14:42Z	BURST64B	5238	fjordgate	116327	A	T	core_destroyed	212
2026-08-12T19:14:45Z	BURST64B	5239	fjordgate	116327	B	C	core_destroyed	296
2026-08-12T19:14:47Z	BURST64B	5240	heart	116327	A	T	core_destroyed	166
2026-08-12T19:14:50Z	BURST64B	5241	heart	116327	B	T	core_destroyed	139
2026-08-12T19:14:53Z	BURST64B	5242	hive	116327	A	T	core_destroyed	252
2026-08-12T19:14:54Z	BURST64B	5243	hive	116327	B	C	core_destroyed	157
2026-08-12T19:14:56Z	BURST64B	5244	meander	116327	A	T	core_destroyed	246
2026-08-12T19:14:58Z	BURST64B	5245	meander	116327	B	C	core_destroyed	255
2026-08-12T19:15:00Z	BURST64B	5246	nordkap	116327	A	T	core_destroyed	236
2026-08-12T19:15:01Z	BURST64B	5247	nordkap	116327	B	T	core_destroyed	196
2026-08-12T19:15:03Z	BURST64B	5248	antler	116328	A	T	core_destroyed	241
2026-08-12T19:15:05Z	BURST64B	5249	antler	116328	B	T	core_destroyed	248
2026-08-12T19:15:07Z	BURST64B	5250	atoll	116328	A	T	core_destroyed	180
2026-08-12T19:15:08Z	BURST64B	5251	atoll	116328	B	T	core_destroyed	120
2026-08-12T19:15:09Z	BURST64B	5252	drumlin	116328	A	T	core_destroyed	123
2026-08-12T19:15:16Z	BURST64B	5253	drumlin	116328	B	T	core_destroyed	456
2026-08-12T19:15:17Z	BURST64B	5254	fjordgate	116328	A	T	core_destroyed	504
2026-08-12T19:15:19Z	BURST64B	5255	fjordgate	116328	B	T	core_destroyed	432
2026-08-12T19:15:21Z	BURST64B	5256	heart	116328	A	T	core_destroyed	191
2026-08-12T19:15:23Z	BURST64B	5257	heart	116328	B	C	core_destroyed	166
2026-08-12T19:15:25Z	BURST64B	5258	hive	116328	A	T	core_destroyed	174
2026-08-12T19:15:27Z	BURST64B	5259	hive	116328	B	C	core_destroyed	118
2026-08-12T19:15:29Z	BURST64B	5260	meander	116328	A	C	core_destroyed	240
2026-08-12T19:15:30Z	BURST64B	5261	meander	116328	B	C	core_destroyed	265
2026-08-12T19:15:32Z	BURST64B	5262	nordkap	116328	A	T	core_destroyed	290
2026-08-12T19:15:35Z	BURST64B	5263	nordkap	116328	B	C	core_destroyed	249
2026-08-12T19:15:37Z	BURST64B	5264	antler	116329	A	C	core_destroyed	196
2026-08-12T19:15:38Z	BURST64B	5265	antler	116329	B	T	core_destroyed	192
2026-08-12T19:15:40Z	BURST64B	5266	atoll	116329	A	C	core_destroyed	109
2026-08-12T19:15:42Z	BURST64B	5267	atoll	116329	B	C	core_destroyed	220
2026-08-12T19:15:46Z	BURST64B	5268	drumlin	116329	A	T	core_destroyed	340
2026-08-12T19:15:48Z	BURST64B	5269	drumlin	116329	B	C	core_destroyed	84
2026-08-12T19:15:49Z	BURST64B	5270	fjordgate	116329	A	C	core_destroyed	335
2026-08-12T19:15:51Z	BURST64B	5271	fjordgate	116329	B	C	tiebreak	1000
2026-08-12T19:15:53Z	BURST64B	5272	heart	116329	A	C	core_destroyed	297
2026-08-12T19:15:56Z	BURST64B	5273	heart	116329	B	C	core_destroyed	764
2026-08-12T19:15:57Z	BURST64B	5274	hive	116329	A	T	core_destroyed	149
2026-08-12T19:15:59Z	BURST64B	5275	hive	116329	B	C	core_destroyed	84
2026-08-12T19:16:00Z	BURST64B	5276	meander	116329	A	T	core_destroyed	160
2026-08-12T19:16:02Z	BURST64B	5277	meander	116329	B	C	core_destroyed	256
2026-08-12T19:16:04Z	BURST64B	5278	nordkap	116329	A	T	core_destroyed	276
2026-08-12T19:16:06Z	BURST64B	5279	nordkap	116329	B	C	core_destroyed	266
2026-08-12T19:16:09Z	BURST64B	5280	antler	116330	A	C	core_destroyed	331
2026-08-12T19:16:12Z	BURST64B	5281	antler	116330	B	C	tiebreak	1000
2026-08-12T19:16:13Z	BURST64B	5282	atoll	116330	A	C	core_destroyed	107
2026-08-12T19:16:17Z	BURST64B	5283	atoll	116330	B	T	core_destroyed	366
2026-08-12T19:16:18Z	BURST64B	5284	drumlin	116330	A	T	core_destroyed	138
2026-08-12T19:16:19Z	BURST64B	5285	drumlin	116330	B	C	core_destroyed	119
2026-08-12T19:16:21Z	BURST64B	5286	fjordgate	116330	A	C	core_destroyed	437
2026-08-12T19:16:22Z	BURST64B	5287	fjordgate	116330	B	C	core_destroyed	212
2026-08-12T19:16:24Z	BURST64B	5288	heart	116330	A	T	core_destroyed	117
2026-08-12T19:16:27Z	BURST64B	5289	heart	116330	B	C	core_destroyed	356
2026-08-12T19:16:28Z	BURST64B	5290	hive	116330	A	T	core_destroyed	215
2026-08-12T19:16:31Z	BURST64B	5291	hive	116330	B	T	core_destroyed	162
2026-08-12T19:16:32Z	BURST64B	5292	meander	116330	A	C	core_destroyed	133
2026-08-12T19:16:35Z	BURST64B	5293	meander	116330	B	C	tiebreak	1000
2026-08-12T19:16:37Z	BURST64B	5294	nordkap	116330	A	C	core_destroyed	294
2026-08-12T19:16:39Z	BURST64B	5295	nordkap	116330	B	T	core_destroyed	184
2026-08-12T19:16:41Z	BURST64B	5296	antler	116331	A	T	core_destroyed	214
2026-08-12T19:16:43Z	BURST64B	5297	antler	116331	B	C	core_destroyed	152
2026-08-12T19:16:44Z	BURST64B	5298	atoll	116331	A	C	core_destroyed	194
2026-08-12T19:16:46Z	BURST64B	5299	atoll	116331	B	T	core_destroyed	142
2026-08-12T19:16:51Z	BURST64B	5300	drumlin	116331	A	C	core_destroyed	400
2026-08-12T19:16:53Z	BURST64B	5301	drumlin	116331	B	C	core_destroyed	183
2026-08-12T19:16:54Z	BURST64B	5302	fjordgate	116331	A	T	core_destroyed	90
2026-08-12T19:16:55Z	BURST64B	5303	fjordgate	116331	B	C	core_destroyed	321
2026-08-12T19:16:57Z	BURST64B	5304	heart	116331	A	T	core_destroyed	273
2026-08-12T19:17:02Z	BURST64B	5305	heart	116331	B	T	tiebreak	1000
2026-08-12T19:17:07Z	BURST64B	5306	hive	116331	A	T	core_destroyed	332
2026-08-12T19:17:08Z	BURST64B	5307	hive	116331	B	T	core_destroyed	128
2026-08-12T19:17:10Z	BURST64B	5308	meander	116331	A	T	core_destroyed	206
2026-08-12T19:17:11Z	BURST64B	5309	meander	116331	B	T	core_destroyed	125
2026-08-12T19:17:13Z	BURST64B	5310	nordkap	116331	A	T	core_destroyed	218
2026-08-12T19:17:14Z	BURST64B	5311	nordkap	116331	B	C	core_destroyed	334
2026-08-12T19:17:18Z	BURST64B	5312	antler	116332	A	C	core_destroyed	341
2026-08-12T19:17:19Z	BURST64B	5313	antler	116332	B	C	core_destroyed	123
2026-08-12T19:17:20Z	BURST64B	5314	atoll	116332	A	C	core_destroyed	102
2026-08-12T19:17:22Z	BURST64B	5315	atoll	116332	B	T	core_destroyed	474
2026-08-12T19:17:23Z	BURST64B	5316	drumlin	116332	A	C	core_destroyed	99
2026-08-12T19:17:31Z	BURST64B	5317	drumlin	116332	B	T	core_destroyed	604
2026-08-12T19:17:32Z	BURST64B	5318	fjordgate	116332	A	T	core_destroyed	158
2026-08-12T19:17:33Z	BURST64B	5319	fjordgate	116332	B	T	core_destroyed	317
2026-08-12T19:17:35Z	BURST64B	5320	heart	116332	A	T	core_destroyed	119
2026-08-12T19:17:37Z	BURST64B	5321	heart	116332	B	C	core_destroyed	179
2026-08-12T19:17:39Z	BURST64B	5322	hive	116332	A	T	core_destroyed	146
2026-08-12T19:17:41Z	BURST64B	5323	hive	116332	B	C	core_destroyed	157
2026-08-12T19:17:42Z	BURST64B	5324	meander	116332	A	C	core_destroyed	209
2026-08-12T19:17:46Z	BURST64B	5325	meander	116332	B	C	tiebreak	1000
2026-08-12T19:17:47Z	BURST64B	5326	nordkap	116332	A	T	core_destroyed	166
2026-08-12T19:17:48Z	BURST64B	5327	nordkap	116332	B	C	core_destroyed	145
2026-08-12T19:17:50Z	BURST64B	5328	antler	116333	A	T	core_destroyed	172
2026-08-12T19:17:53Z	BURST64B	5329	antler	116333	B	C	tiebreak	229
2026-08-12T19:17:55Z	BURST64B	5330	atoll	116333	A	C	core_destroyed	346
2026-08-12T19:17:56Z	BURST64B	5331	atoll	116333	B	T	core_destroyed	555
2026-08-12T19:17:58Z	BURST64B	5332	drumlin	116333	A	T	core_destroyed	191
2026-08-12T19:18:00Z	BURST64B	5333	drumlin	116333	B	C	core_destroyed	98
2026-08-12T19:18:01Z	BURST64B	5334	fjordgate	116333	A	C	core_destroyed	234
2026-08-12T19:18:03Z	BURST64B	5335	fjordgate	116333	B	T	core_destroyed	187
2026-08-12T19:18:04Z	BURST64B	5336	heart	116333	A	T	core_destroyed	147
2026-08-12T19:18:09Z	BURST64B	5337	heart	116333	B	C	core_destroyed	306
2026-08-12T19:18:10Z	BURST64B	5338	hive	116333	A	C	core_destroyed	139
2026-08-12T19:18:12Z	BURST64B	5339	hive	116333	B	C	core_destroyed	168
2026-08-12T19:18:19Z	BURST64B	5340	meander	116333	A	C	core_destroyed	521
2026-08-12T19:18:22Z	BURST64B	5341	meander	116333	B	T	core_destroyed	279
2026-08-12T19:18:24Z	BURST64B	5342	nordkap	116333	A	T	tiebreak	1000
2026-08-12T19:18:25Z	BURST64B	5343	nordkap	116333	B	C	core_destroyed	135
2026-08-12T19:18:26Z	BURST64B	5344	antler	116334	A	T	core_destroyed	144
2026-08-12T19:18:28Z	BURST64B	5345	antler	116334	B	C	core_destroyed	235
2026-08-12T19:18:30Z	BURST64B	5346	atoll	116334	A	C	core_destroyed	133
2026-08-12T19:18:32Z	BURST64B	5347	atoll	116334	B	C	core_destroyed	437
2026-08-12T19:18:34Z	BURST64B	5348	drumlin	116334	A	T	core_destroyed	95
2026-08-12T19:18:36Z	BURST64B	5349	drumlin	116334	B	C	core_destroyed	179
2026-08-12T19:18:37Z	BURST64B	5350	fjordgate	116334	A	C	core_destroyed	221
2026-08-12T19:18:38Z	BURST64B	5351	fjordgate	116334	B	C	core_destroyed	371
2026-08-12T19:18:41Z	BURST64B	5352	heart	116334	A	T	core_destroyed	396
2026-08-12T19:18:43Z	BURST64B	5353	heart	116334	B	C	core_destroyed	206
2026-08-12T19:18:44Z	BURST64B	5354	hive	116334	A	T	core_destroyed	147
2026-08-12T19:18:49Z	BURST64B	5355	hive	116334	B	C	core_destroyed	310
2026-08-12T19:18:51Z	BURST64B	5356	meander	116334	A	C	core_destroyed	155
2026-08-12T19:18:52Z	BURST64B	5357	meander	116334	B	T	core_destroyed	211
2026-08-12T19:18:55Z	BURST64B	5358	nordkap	116334	A	T	core_destroyed	286
2026-08-12T19:18:56Z	BURST64B	5359	nordkap	116334	B	C	core_destroyed	154
2026-08-12T19:18:58Z	BURST64B	5360	antler	116335	A	C	core_destroyed	240
2026-08-12T19:19:03Z	BURST64B	5361	antler	116335	B	T	core_destroyed	828
2026-08-12T19:19:04Z	BURST64B	5362	atoll	116335	A	C	core_destroyed	284
2026-08-12T19:19:06Z	BURST64B	5363	atoll	116335	B	C	core_destroyed	150
2026-08-12T19:19:11Z	BURST64B	5364	drumlin	116335	A	T	core_destroyed	318
2026-08-12T19:19:13Z	BURST64B	5365	drumlin	116335	B	C	core_destroyed	115
2026-08-12T19:19:14Z	BURST64B	5366	fjordgate	116335	A	T	core_destroyed	207
2026-08-12T19:19:15Z	BURST64B	5367	fjordgate	116335	B	T	core_destroyed	358
2026-08-12T19:19:17Z	BURST64B	5368	heart	116335	A	T	core_destroyed	166
2026-08-12T19:19:21Z	BURST64B	5369	heart	116335	B	T	tiebreak	1000
2026-08-12T19:19:22Z	BURST64B	5370	hive	116335	A	T	core_destroyed	144
2026-08-12T19:19:25Z	BURST64B	5371	hive	116335	B	T	core_destroyed	179
2026-08-12T19:19:27Z	BURST64B	5372	meander	116335	A	C	core_destroyed	210
2026-08-12T19:19:28Z	BURST64B	5373	meander	116335	B	C	core_destroyed	200
2026-08-12T19:19:31Z	BURST64B	5374	nordkap	116335	A	T	core_destroyed	333
2026-08-12T19:19:34Z	BURST64B	5375	nordkap	116335	B	T	tiebreak	1000
2026-08-12T19:19:36Z	BURST64B	5376	antler	116336	A	T	core_destroyed	169
2026-08-12T19:19:38Z	BURST64B	5377	antler	116336	B	C	core_destroyed	252
2026-08-12T19:19:39Z	BURST64B	5378	atoll	116336	A	C	core_destroyed	351
2026-08-12T19:19:42Z	BURST64B	5379	atoll	116336	B	C	core_destroyed	280
2026-08-12T19:19:46Z	BURST64B	5380	drumlin	116336	A	T	tiebreak	1000
2026-08-12T19:19:47Z	BURST64B	5381	drumlin	116336	B	C	core_destroyed	143
2026-08-12T19:19:48Z	BURST64B	5382	fjordgate	116336	A	T	core_destroyed	142
2026-08-12T19:19:49Z	BURST64B	5383	fjordgate	116336	B	T	core_destroyed	161
2026-08-12T19:19:52Z	BURST64B	5384	heart	116336	A	T	core_destroyed	162
2026-08-12T19:19:54Z	BURST64B	5385	heart	116336	B	T	core_destroyed	169
2026-08-12T19:19:56Z	BURST64B	5386	hive	116336	A	C	core_destroyed	107
2026-08-12T19:20:02Z	BURST64B	5387	hive	116336	B	C	core_destroyed	375
2026-08-12T19:20:05Z	BURST64B	5388	meander	116336	A	C	tiebreak	1000
2026-08-12T19:20:06Z	BURST64B	5389	meander	116336	B	T	core_destroyed	129
2026-08-12T19:20:08Z	BURST64B	5390	nordkap	116336	A	T	core_destroyed	216
2026-08-12T19:20:09Z	BURST64B	5391	nordkap	116336	B	T	core_destroyed	98
2026-08-12T19:20:11Z	BURST64B	5392	antler	116337	A	C	core_destroyed	258
2026-08-12T19:20:14Z	BURST64B	5393	antler	116337	B	C	core_destroyed	306
2026-08-12T19:20:19Z	BURST64B	5394	atoll	116337	A	T	core_destroyed	353
2026-08-12T19:20:20Z	BURST64B	5395	atoll	116337	B	T	core_destroyed	117
2026-08-12T19:20:21Z	BURST64B	5396	drumlin	116337	A	T	core_destroyed	95
2026-08-12T19:20:23Z	BURST64B	5397	drumlin	116337	B	C	core_destroyed	136
2026-08-12T19:20:25Z	BURST64B	5398	fjordgate	116337	A	T	tiebreak	140
2026-08-12T19:20:26Z	BURST64B	5399	fjordgate	116337	B	C	core_destroyed	107
2026-08-12T19:20:59Z	BURST64B	5400	heart	116337	A	T	tiebreak	1000
2026-08-12T19:21:09Z	BURST64B	5401	heart	116337	B	T	core_destroyed	519
2026-08-12T19:21:13Z	BURST64B	5402	hive	116337	A	T	core_destroyed	314
2026-08-12T19:21:21Z	BURST64B	5403	hive	116337	B	T	core_destroyed	492
2026-08-12T19:21:24Z	BURST64B	5404	meander	116337	A	T	tiebreak	1000
2026-08-12T19:21:25Z	BURST64B	5405	meander	116337	B	C	core_destroyed	174
2026-08-12T19:21:27Z	BURST64B	5406	nordkap	116337	A	C	core_destroyed	517
2026-08-12T19:21:28Z	BURST64B	5407	nordkap	116337	B	C	core_destroyed	160
