ts	shard	game	map	seed	seat	winner	cond	turns
2026-08-13T11:43:02Z	FWDFLOOR8	0	antler	220000	A	C	core_destroyed	147
2026-08-13T11:43:04Z	FWDFLOOR8	1	antler	220000	B	T	core_destroyed	489
2026-08-13T11:43:07Z	FWDFLOOR8	2	archipelago	220000	A	C	core_destroyed	412
2026-08-13T11:43:09Z	FWDFLOOR8	3	archipelago	220000	B	C	core_destroyed	130
2026-08-13T11:43:11Z	FWDFLOOR8	4	auroraveil	220000	A	C	core_destroyed	120
2026-08-13T11:43:12Z	FWDFLOOR8	5	auroraveil	220000	B	C	core_destroyed	292
2026-08-13T11:43:31Z	FWDFLOOR8	6	drakkarfjord	220000	A	C	tiebreak	1000
2026-08-13T11:43:33Z	FWDFLOOR8	7	drakkarfjord	220000	B	T	core_destroyed	153
2026-08-13T11:43:34Z	FWDFLOOR8	8	drumlin	220000	A	T	core_destroyed	97
2026-08-13T11:43:38Z	FWDFLOOR8	9	drumlin	220000	B	C	tiebreak	1000
2026-08-13T11:43:40Z	FWDFLOOR8	10	fjordgate	220000	A	C	core_destroyed	211
2026-08-13T11:43:41Z	FWDFLOOR8	11	fjordgate	220000	B	T	core_destroyed	241
2026-08-13T11:43:43Z	FWDFLOOR8	12	frostgate	220000	A	C	tiebreak	1000
2026-08-13T11:43:45Z	FWDFLOOR8	13	frostgate	220000	B	C	core_destroyed	120
2026-08-13T11:43:50Z	FWDFLOOR8	14	glacierkeep	220000	A	C	tiebreak	1000
2026-08-13T11:43:51Z	FWDFLOOR8	15	glacierkeep	220000	B	T	core_destroyed	137
2026-08-13T11:43:58Z	FWDFLOOR8	16	icefloe	220000	A	C	core_destroyed	539
2026-08-13T11:44:01Z	FWDFLOOR8	17	icefloe	220000	B	C	core_destroyed	267
2026-08-13T11:44:03Z	FWDFLOOR8	18	midgard	220000	A	C	core_destroyed	126
2026-08-13T11:44:06Z	FWDFLOOR8	19	midgard	220000	B	T	core_destroyed	138
2026-08-13T11:44:11Z	FWDFLOOR8	20	nordkap	220000	A	C	core_destroyed	857
2026-08-13T11:44:12Z	FWDFLOOR8	21	nordkap	220000	B	T	core_destroyed	118
2026-08-13T11:44:17Z	FWDFLOOR8	22	ragnarok	220000	A	C	core_destroyed	368
2026-08-13T11:44:21Z	FWDFLOOR8	23	ragnarok	220000	B	C	core_destroyed	271
2026-08-13T11:44:23Z	FWDFLOOR8	24	royale	220000	A	T	core_destroyed	923
2026-08-13T11:44:24Z	FWDFLOOR8	25	royale	220000	B	C	core_destroyed	171
2026-08-13T11:44:27Z	FWDFLOOR8	26	valkyrie	220000	A	C	core_destroyed	132
2026-08-13T11:44:33Z	FWDFLOOR8	27	valkyrie	220000	B	T	core_destroyed	262
2026-08-13T11:44:35Z	FWDFLOOR8	28	yulerune	220000	A	T	core_destroyed	193
2026-08-13T11:44:37Z	FWDFLOOR8	29	yulerune	220000	B	C	core_destroyed	140
2026-08-13T11:44:38Z	FWDFLOOR8	30	antler	220001	A	T	core_destroyed	280
2026-08-13T11:44:40Z	FWDFLOOR8	31	antler	220001	B	C	core_destroyed	457
2026-08-13T11:44:43Z	FWDFLOOR8	32	archipelago	220001	A	C	core_destroyed	175
2026-08-13T11:44:45Z	FWDFLOOR8	33	archipelago	220001	B	C	core_destroyed	129
2026-08-13T11:44:48Z	FWDFLOOR8	34	auroraveil	220001	A	T	core_destroyed	463
2026-08-13T11:44:50Z	FWDFLOOR8	35	auroraveil	220001	B	T	core_destroyed	133
2026-08-13T11:44:51Z	FWDFLOOR8	36	drakkarfjord	220001	A	C	core_destroyed	133
2026-08-13T11:44:54Z	FWDFLOOR8	37	drakkarfjord	220001	B	T	core_destroyed	132
2026-08-13T11:44:55Z	FWDFLOOR8	38	drumlin	220001	A	C	core_destroyed	111
2026-08-13T11:44:58Z	FWDFLOOR8	39	drumlin	220001	B	C	core_destroyed	190
2026-08-13T11:44:59Z	FWDFLOOR8	40	fjordgate	220001	A	C	core_destroyed	232
2026-08-13T11:45:00Z	FWDFLOOR8	41	fjordgate	220001	B	T	core_destroyed	119
2026-08-13T11:45:01Z	FWDFLOOR8	42	frostgate	220001	A	T	core_destroyed	153
2026-08-13T11:45:03Z	FWDFLOOR8	43	frostgate	220001	B	T	core_destroyed	257
2026-08-13T11:45:04Z	FWDFLOOR8	44	glacierkeep	220001	A	T	core_destroyed	125
2026-08-13T11:45:06Z	FWDFLOOR8	45	glacierkeep	220001	B	C	core_destroyed	172
2026-08-13T11:45:08Z	FWDFLOOR8	46	icefloe	220001	A	T	core_destroyed	92
2026-08-13T11:45:09Z	FWDFLOOR8	47	icefloe	220001	B	T	core_destroyed	127
2026-08-13T11:45:13Z	FWDFLOOR8	48	midgard	220001	A	C	tiebreak	1000
2026-08-13T11:45:15Z	FWDFLOOR8	49	midgard	220001	B	T	core_destroyed	83
2026-08-13T11:45:17Z	FWDFLOOR8	50	nordkap	220001	A	C	core_destroyed	218
2026-08-13T11:45:18Z	FWDFLOOR8	51	nordkap	220001	B	C	core_destroyed	129
2026-08-13T11:45:20Z	FWDFLOOR8	52	ragnarok	220001	A	T	core_destroyed	110
2026-08-13T11:45:26Z	FWDFLOOR8	53	ragnarok	220001	B	C	core_destroyed	350
2026-08-13T11:45:28Z	FWDFLOOR8	54	royale	220001	A	C	core_destroyed	192
2026-08-13T11:45:30Z	FWDFLOOR8	55	royale	220001	B	T	core_destroyed	287
2026-08-13T11:45:38Z	FWDFLOOR8	56	valkyrie	220001	A	C	core_destroyed	526
2026-08-13T11:45:40Z	FWDFLOOR8	57	valkyrie	220001	B	T	core_destroyed	93
2026-08-13T11:45:44Z	FWDFLOOR8	58	yulerune	220001	A	C	core_destroyed	353
2026-08-13T11:45:46Z	FWDFLOOR8	59	yulerune	220001	B	T	core_destroyed	176
2026-08-13T11:45:47Z	FWDFLOOR8	60	antler	220002	A	C	core_destroyed	181
2026-08-13T11:45:51Z	FWDFLOOR8	61	antler	220002	B	T	tiebreak	1000
2026-08-13T11:45:53Z	FWDFLOOR8	62	archipelago	220002	A	T	core_destroyed	106
2026-08-13T11:45:56Z	FWDFLOOR8	63	archipelago	220002	B	T	core_destroyed	315
2026-08-13T11:45:58Z	FWDFLOOR8	64	auroraveil	220002	A	T	core_destroyed	88
2026-08-13T11:46:00Z	FWDFLOOR8	65	auroraveil	220002	B	T	core_destroyed	260
2026-08-13T11:46:07Z	FWDFLOOR8	66	drakkarfjord	220002	A	T	core_destroyed	588
2026-08-13T11:46:11Z	FWDFLOOR8	67	drakkarfjord	220002	B	C	core_destroyed	214
2026-08-13T11:46:13Z	FWDFLOOR8	68	drumlin	220002	A	T	core_destroyed	168
2026-08-13T11:46:15Z	FWDFLOOR8	69	drumlin	220002	B	T	core_destroyed	359
2026-08-13T11:46:17Z	FWDFLOOR8	70	fjordgate	220002	A	T	tiebreak	1000
2026-08-13T11:46:18Z	FWDFLOOR8	71	fjordgate	220002	B	C	core_destroyed	171
2026-08-13T11:46:20Z	FWDFLOOR8	72	frostgate	220002	A	T	tiebreak	1000
2026-08-13T11:46:21Z	FWDFLOOR8	73	frostgate	220002	B	C	core_destroyed	305
2026-08-13T11:46:23Z	FWDFLOOR8	74	glacierkeep	220002	A	C	core_destroyed	228
2026-08-13T11:46:25Z	FWDFLOOR8	75	glacierkeep	220002	B	T	core_destroyed	161
2026-08-13T11:46:26Z	FWDFLOOR8	76	icefloe	220002	A	C	core_destroyed	117
2026-08-13T11:46:31Z	FWDFLOOR8	77	icefloe	220002	B	C	core_destroyed	364
2026-08-13T11:46:34Z	FWDFLOOR8	78	midgard	220002	A	T	core_destroyed	98
2026-08-13T11:46:36Z	FWDFLOOR8	79	midgard	220002	B	T	core_destroyed	155
2026-08-13T11:46:40Z	FWDFLOOR8	80	nordkap	220002	A	C	core_destroyed	572
2026-08-13T11:46:42Z	FWDFLOOR8	81	nordkap	220002	B	C	core_destroyed	188
2026-08-13T11:46:46Z	FWDFLOOR8	82	ragnarok	220002	A	C	core_destroyed	188
2026-08-13T11:46:49Z	FWDFLOOR8	83	ragnarok	220002	B	C	core_destroyed	135
2026-08-13T11:46:51Z	FWDFLOOR8	84	royale	220002	A	T	tiebreak	1000
2026-08-13T11:46:53Z	FWDFLOOR8	85	royale	220002	B	T	core_destroyed	272
2026-08-13T11:46:57Z	FWDFLOOR8	86	valkyrie	220002	A	C	core_destroyed	282
2026-08-13T11:47:00Z	FWDFLOOR8	87	valkyrie	220002	B	T	core_destroyed	313
2026-08-13T11:47:02Z	FWDFLOOR8	88	yulerune	220002	A	C	core_destroyed	171
2026-08-13T11:47:04Z	FWDFLOOR8	89	yulerune	220002	B	C	core_destroyed	149
2026-08-13T11:47:06Z	FWDFLOOR8	90	antler	220003	A	C	core_destroyed	173
2026-08-13T11:47:07Z	FWDFLOOR8	91	antler	220003	B	C	core_destroyed	110
2026-08-13T11:47:09Z	FWDFLOOR8	92	archipelago	220003	A	C	core_destroyed	90
2026-08-13T11:47:11Z	FWDFLOOR8	93	archipelago	220003	B	C	core_destroyed	86
2026-08-13T11:47:15Z	FWDFLOOR8	94	auroraveil	220003	A	T	tiebreak	1000
2026-08-13T11:47:17Z	FWDFLOOR8	95	auroraveil	220003	B	T	core_destroyed	389
2026-08-13T11:47:20Z	FWDFLOOR8	96	drakkarfjord	220003	A	C	core_destroyed	260
2026-08-13T11:47:23Z	FWDFLOOR8	97	drakkarfjord	220003	B	T	core_destroyed	239
2026-08-13T11:47:24Z	FWDFLOOR8	98	drumlin	220003	A	C	core_destroyed	134
2026-08-13T11:47:26Z	FWDFLOOR8	99	drumlin	220003	B	C	core_destroyed	448
2026-08-13T11:47:28Z	FWDFLOOR8	100	fjordgate	220003	A	T	core_destroyed	139
2026-08-13T11:47:29Z	FWDFLOOR8	101	fjordgate	220003	B	C	core_destroyed	130
2026-08-13T11:47:31Z	FWDFLOOR8	102	frostgate	220003	A	C	core_destroyed	273
2026-08-13T11:47:32Z	FWDFLOOR8	103	frostgate	220003	B	C	core_destroyed	575
2026-08-13T11:47:38Z	FWDFLOOR8	104	glacierkeep	220003	A	C	core_destroyed	592
2026-08-13T11:47:39Z	FWDFLOOR8	105	glacierkeep	220003	B	C	core_destroyed	125
2026-08-13T11:47:41Z	FWDFLOOR8	106	icefloe	220003	A	C	core_destroyed	501
2026-08-13T11:47:44Z	FWDFLOOR8	107	icefloe	220003	B	T	core_destroyed	248
2026-08-13T11:47:46Z	FWDFLOOR8	108	midgard	220003	A	T	core_destroyed	165
2026-08-13T11:47:49Z	FWDFLOOR8	109	midgard	220003	B	T	core_destroyed	142
2026-08-13T11:47:50Z	FWDFLOOR8	110	nordkap	220003	A	T	core_destroyed	212
2026-08-13T11:47:52Z	FWDFLOOR8	111	nordkap	220003	B	T	core_destroyed	297
2026-08-13T11:47:54Z	FWDFLOOR8	112	ragnarok	220003	A	T	core_destroyed	151
2026-08-13T11:47:56Z	FWDFLOOR8	113	ragnarok	220003	B	C	core_destroyed	231
2026-08-13T11:47:58Z	FWDFLOOR8	114	royale	220003	A	T	core_destroyed	319
2026-08-13T11:48:00Z	FWDFLOOR8	115	royale	220003	B	T	tiebreak	1000
2026-08-13T11:48:03Z	FWDFLOOR8	116	valkyrie	220003	A	C	core_destroyed	164
2026-08-13T11:48:06Z	FWDFLOOR8	117	valkyrie	220003	B	C	core_destroyed	283
2026-08-13T11:48:11Z	FWDFLOOR8	118	yulerune	220003	A	T	core_destroyed	825
2026-08-13T11:48:12Z	FWDFLOOR8	119	yulerune	220003	B	T	core_destroyed	159
2026-08-13T11:48:15Z	FWDFLOOR8	120	antler	220004	A	C	core_destroyed	263
2026-08-13T11:48:17Z	FWDFLOOR8	121	antler	220004	B	T	core_destroyed	418
2026-08-13T11:48:20Z	FWDFLOOR8	122	archipelago	220004	A	T	core_destroyed	97
2026-08-13T11:48:21Z	FWDFLOOR8	123	archipelago	220004	B	T	core_destroyed	103
2026-08-13T11:48:23Z	FWDFLOOR8	124	auroraveil	220004	A	T	core_destroyed	151
2026-08-13T11:48:25Z	FWDFLOOR8	125	auroraveil	220004	B	C	core_destroyed	186
2026-08-13T11:48:44Z	FWDFLOOR8	126	drakkarfjord	220004	A	C	tiebreak	1000
2026-08-13T11:48:56Z	FWDFLOOR8	127	drakkarfjord	220004	B	T	core_destroyed	897
2026-08-13T11:48:57Z	FWDFLOOR8	128	drumlin	220004	A	T	core_destroyed	117
2026-08-13T11:48:59Z	FWDFLOOR8	129	drumlin	220004	B	C	core_destroyed	178
2026-08-13T11:49:00Z	FWDFLOOR8	130	fjordgate	220004	A	T	core_destroyed	127
2026-08-13T11:49:02Z	FWDFLOOR8	131	fjordgate	220004	B	T	core_destroyed	259
2026-08-13T11:49:06Z	FWDFLOOR8	132	frostgate	220004	A	C	core_destroyed	728
2026-08-13T11:49:07Z	FWDFLOOR8	133	frostgate	220004	B	T	core_destroyed	98
2026-08-13T11:49:09Z	FWDFLOOR8	134	glacierkeep	220004	A	T	core_destroyed	188
2026-08-13T11:49:11Z	FWDFLOOR8	135	glacierkeep	220004	B	C	core_destroyed	84
2026-08-13T11:49:12Z	FWDFLOOR8	136	icefloe	220004	A	C	core_destroyed	67
2026-08-13T11:49:14Z	FWDFLOOR8	137	icefloe	220004	B	T	core_destroyed	148
2026-08-13T11:49:16Z	FWDFLOOR8	138	midgard	220004	A	T	core_destroyed	72
2026-08-13T11:49:18Z	FWDFLOOR8	139	midgard	220004	B	T	core_destroyed	93
2026-08-13T11:49:21Z	FWDFLOOR8	140	nordkap	220004	A	C	core_destroyed	697
2026-08-13T11:49:24Z	FWDFLOOR8	141	nordkap	220004	B	C	core_destroyed	390
2026-08-13T11:49:27Z	FWDFLOOR8	142	ragnarok	220004	A	T	core_destroyed	131
2026-08-13T11:49:29Z	FWDFLOOR8	143	ragnarok	220004	B	C	core_destroyed	138
2026-08-13T11:49:33Z	FWDFLOOR8	144	royale	220004	A	T	tiebreak	1000
2026-08-13T11:49:34Z	FWDFLOOR8	145	royale	220004	B	T	core_destroyed	187
2026-08-13T11:49:36Z	FWDFLOOR8	146	valkyrie	220004	A	T	core_destroyed	180
2026-08-13T11:49:38Z	FWDFLOOR8	147	valkyrie	220004	B	T	core_destroyed	98
2026-08-13T11:49:40Z	FWDFLOOR8	148	yulerune	220004	A	C	core_destroyed	213
2026-08-13T11:49:45Z	FWDFLOOR8	149	yulerune	220004	B	C	core_destroyed	590
2026-08-13T11:49:50Z	FWDFLOOR8	150	antler	220005	A	T	tiebreak	1000
2026-08-13T11:49:52Z	FWDFLOOR8	151	antler	220005	B	C	core_destroyed	161
2026-08-13T11:49:54Z	FWDFLOOR8	152	archipelago	220005	A	C	core_destroyed	86
2026-08-13T11:49:56Z	FWDFLOOR8	153	archipelago	220005	B	C	core_destroyed	175
2026-08-13T11:49:59Z	FWDFLOOR8	154	auroraveil	220005	A	T	tiebreak	1000
2026-08-13T11:50:01Z	FWDFLOOR8	155	auroraveil	220005	B	C	core_destroyed	177
2026-08-13T11:50:04Z	FWDFLOOR8	156	drakkarfjord	220005	A	C	core_destroyed	225
2026-08-13T11:50:08Z	FWDFLOOR8	157	drakkarfjord	220005	B	C	core_destroyed	306
2026-08-13T11:50:11Z	FWDFLOOR8	158	drumlin	220005	A	C	core_destroyed	200
2026-08-13T11:50:12Z	FWDFLOOR8	159	drumlin	220005	B	C	core_destroyed	98
2026-08-13T11:50:13Z	FWDFLOOR8	160	fjordgate	220005	A	T	core_destroyed	329
2026-08-13T11:50:14Z	FWDFLOOR8	161	fjordgate	220005	B	C	core_destroyed	133
2026-08-13T11:50:18Z	FWDFLOOR8	162	frostgate	220005	A	T	core_destroyed	685
2026-08-13T11:50:19Z	FWDFLOOR8	163	frostgate	220005	B	T	core_destroyed	410
2026-08-13T11:50:22Z	FWDFLOOR8	164	glacierkeep	220005	A	C	core_destroyed	184
2026-08-13T11:50:32Z	FWDFLOOR8	165	glacierkeep	220005	B	C	core_destroyed	733
2026-08-13T11:50:35Z	FWDFLOOR8	166	icefloe	220005	A	C	core_destroyed	327
2026-08-13T11:50:37Z	FWDFLOOR8	167	icefloe	220005	B	C	core_destroyed	201
2026-08-13T11:50:39Z	FWDFLOOR8	168	midgard	220005	A	C	core_destroyed	132
2026-08-13T11:50:42Z	FWDFLOOR8	169	midgard	220005	B	C	core_destroyed	156
2026-08-13T11:50:45Z	FWDFLOOR8	170	nordkap	220005	A	C	core_destroyed	258
2026-08-13T11:50:47Z	FWDFLOOR8	171	nordkap	220005	B	C	core_destroyed	434
2026-08-13T11:50:49Z	FWDFLOOR8	172	ragnarok	220005	A	T	core_destroyed	117
2026-08-13T11:51:36Z	FWDFLOOR8	173	ragnarok	220005	B	C	tiebreak	1000
2026-08-13T11:51:38Z	FWDFLOOR8	174	royale	220005	A	C	core_destroyed	204
2026-08-13T11:51:39Z	FWDFLOOR8	175	royale	220005	B	C	core_destroyed	429
2026-08-13T11:51:41Z	FWDFLOOR8	176	valkyrie	220005	A	C	core_destroyed	88
2026-08-13T11:51:51Z	FWDFLOOR8	177	valkyrie	220005	B	C	tiebreak	1000
2026-08-13T11:51:53Z	FWDFLOOR8	178	yulerune	220005	A	T	core_destroyed	222
2026-08-13T11:51:57Z	FWDFLOOR8	179	yulerune	220005	B	C	core_destroyed	562
2026-08-13T11:51:58Z	FWDFLOOR8	180	antler	220006	A	T	core_destroyed	162
2026-08-13T11:52:00Z	FWDFLOOR8	181	antler	220006	B	T	core_destroyed	200
2026-08-13T11:52:02Z	FWDFLOOR8	182	archipelago	220006	A	C	core_destroyed	84
2026-08-13T11:52:05Z	FWDFLOOR8	183	archipelago	220006	B	T	core_destroyed	157
2026-08-13T11:52:07Z	FWDFLOOR8	184	auroraveil	220006	A	C	core_destroyed	188
2026-08-13T11:52:10Z	FWDFLOOR8	185	auroraveil	220006	B	C	core_destroyed	331
2026-08-13T11:52:13Z	FWDFLOOR8	186	drakkarfjord	220006	A	C	core_destroyed	404
2026-08-13T11:52:16Z	FWDFLOOR8	187	drakkarfjord	220006	B	T	core_destroyed	237
2026-08-13T11:52:18Z	FWDFLOOR8	188	drumlin	220006	A	C	core_destroyed	117
2026-08-13T11:52:20Z	FWDFLOOR8	189	drumlin	220006	B	C	core_destroyed	209
2026-08-13T11:52:22Z	FWDFLOOR8	190	fjordgate	220006	A	T	core_destroyed	299
2026-08-13T11:52:23Z	FWDFLOOR8	191	fjordgate	220006	B	C	core_destroyed	114
2026-08-13T11:52:25Z	FWDFLOOR8	192	frostgate	220006	A	T	core_destroyed	369
2026-08-13T11:52:27Z	FWDFLOOR8	193	frostgate	220006	B	T	core_destroyed	210
2026-08-13T11:52:43Z	FWDFLOOR8	194	glacierkeep	220006	A	T	tiebreak	1000
2026-08-13T11:52:45Z	FWDFLOOR8	195	glacierkeep	220006	B	T	core_destroyed	545
2026-08-13T11:52:49Z	FWDFLOOR8	196	icefloe	220006	A	T	core_destroyed	346
2026-08-13T11:52:56Z	FWDFLOOR8	197	icefloe	220006	B	C	tiebreak	1000
2026-08-13T11:52:58Z	FWDFLOOR8	198	midgard	220006	A	C	core_destroyed	117
2026-08-13T11:53:01Z	FWDFLOOR8	199	midgard	220006	B	C	core_destroyed	137
2026-08-13T11:53:03Z	FWDFLOOR8	200	nordkap	220006	A	C	core_destroyed	247
2026-08-13T11:53:08Z	FWDFLOOR8	201	nordkap	220006	B	C	tiebreak	1000
2026-08-13T11:53:13Z	FWDFLOOR8	202	ragnarok	220006	A	T	core_destroyed	219
2026-08-13T11:54:20Z	FWDFLOOR8	203	ragnarok	220006	B	T	tiebreak	1000
2026-08-13T11:54:22Z	FWDFLOOR8	204	royale	220006	A	C	core_destroyed	285
2026-08-13T11:54:24Z	FWDFLOOR8	205	royale	220006	B	T	core_destroyed	390
2026-08-13T11:54:25Z	FWDFLOOR8	206	valkyrie	220006	A	C	core_destroyed	89
2026-08-13T11:54:30Z	FWDFLOOR8	207	valkyrie	220006	B	C	core_destroyed	272
2026-08-13T11:54:32Z	FWDFLOOR8	208	yulerune	220006	A	C	core_destroyed	220
2026-08-13T11:54:36Z	FWDFLOOR8	209	yulerune	220006	B	T	core_destroyed	319
2026-08-13T11:54:38Z	FWDFLOOR8	210	antler	220007	A	T	core_destroyed	114
2026-08-13T11:54:39Z	FWDFLOOR8	211	antler	220007	B	C	core_destroyed	98
2026-08-13T11:54:43Z	FWDFLOOR8	212	archipelago	220007	A	T	core_destroyed	485
2026-08-13T11:54:45Z	FWDFLOOR8	213	archipelago	220007	B	C	core_destroyed	149
2026-08-13T11:54:52Z	FWDFLOOR8	214	auroraveil	220007	A	T	tiebreak	1000
2026-08-13T11:54:55Z	FWDFLOOR8	215	auroraveil	220007	B	T	core_destroyed	265
2026-08-13T11:54:59Z	FWDFLOOR8	216	drakkarfjord	220007	A	T	core_destroyed	434
2026-08-13T11:55:01Z	FWDFLOOR8	217	drakkarfjord	220007	B	T	core_destroyed	155
2026-08-13T11:55:04Z	FWDFLOOR8	218	drumlin	220007	A	T	core_destroyed	358
2026-08-13T11:55:06Z	FWDFLOOR8	219	drumlin	220007	B	C	core_destroyed	183
2026-08-13T11:55:07Z	FWDFLOOR8	220	fjordgate	220007	A	T	core_destroyed	88
2026-08-13T11:55:09Z	FWDFLOOR8	221	fjordgate	220007	B	C	core_destroyed	147
2026-08-13T11:55:15Z	FWDFLOOR8	222	frostgate	220007	A	C	tiebreak	1000
2026-08-13T11:55:17Z	FWDFLOOR8	223	frostgate	220007	B	T	core_destroyed	173
2026-08-13T11:55:19Z	FWDFLOOR8	224	glacierkeep	220007	A	C	core_destroyed	142
2026-08-13T11:55:23Z	FWDFLOOR8	225	glacierkeep	220007	B	C	core_destroyed	490
2026-08-13T11:55:25Z	FWDFLOOR8	226	icefloe	220007	A	T	core_destroyed	141
2026-08-13T11:55:28Z	FWDFLOOR8	227	icefloe	220007	B	C	core_destroyed	346
2026-08-13T11:55:31Z	FWDFLOOR8	228	midgard	220007	A	T	core_destroyed	126
2026-08-13T11:55:33Z	FWDFLOOR8	229	midgard	220007	B	C	core_destroyed	80
2026-08-13T11:55:37Z	FWDFLOOR8	230	nordkap	220007	A	T	core_destroyed	613
2026-08-13T11:55:40Z	FWDFLOOR8	231	nordkap	220007	B	C	core_destroyed	234
2026-08-13T11:55:43Z	FWDFLOOR8	232	ragnarok	220007	A	T	core_destroyed	141
2026-08-13T11:55:46Z	FWDFLOOR8	233	ragnarok	220007	B	C	core_destroyed	237
2026-08-13T11:55:49Z	FWDFLOOR8	234	royale	220007	A	T	tiebreak	1000
2026-08-13T11:55:52Z	FWDFLOOR8	235	royale	220007	B	C	core_destroyed	518
2026-08-13T11:55:55Z	FWDFLOOR8	236	valkyrie	220007	A	T	core_destroyed	168
2026-08-13T11:56:00Z	FWDFLOOR8	237	valkyrie	220007	B	T	core_destroyed	377
2026-08-13T11:56:05Z	FWDFLOOR8	238	yulerune	220007	A	C	core_destroyed	450
2026-08-13T11:56:08Z	FWDFLOOR8	239	yulerune	220007	B	T	core_destroyed	218
2026-08-13T11:56:09Z	FWDFLOOR8	240	antler	220008	A	C	core_destroyed	112
2026-08-13T11:56:11Z	FWDFLOOR8	241	antler	220008	B	C	core_destroyed	174
2026-08-13T11:56:13Z	FWDFLOOR8	242	archipelago	220008	A	C	core_destroyed	89
2026-08-13T11:56:15Z	FWDFLOOR8	243	archipelago	220008	B	T	core_destroyed	106
2026-08-13T11:56:16Z	FWDFLOOR8	244	auroraveil	220008	A	C	core_destroyed	309
2026-08-13T11:56:18Z	FWDFLOOR8	245	auroraveil	220008	B	C	core_destroyed	85
2026-08-13T11:56:21Z	FWDFLOOR8	246	drakkarfjord	220008	A	C	core_destroyed	262
2026-08-13T11:56:24Z	FWDFLOOR8	247	drakkarfjord	220008	B	T	core_destroyed	163
2026-08-13T11:56:29Z	FWDFLOOR8	248	drumlin	220008	A	C	core_destroyed	755
2026-08-13T11:56:31Z	FWDFLOOR8	249	drumlin	220008	B	T	core_destroyed	149
2026-08-13T11:56:33Z	FWDFLOOR8	250	fjordgate	220008	A	C	core_destroyed	151
2026-08-13T11:56:35Z	FWDFLOOR8	251	fjordgate	220008	B	C	core_destroyed	349
2026-08-13T11:56:36Z	FWDFLOOR8	252	frostgate	220008	A	C	core_destroyed	347
2026-08-13T11:56:38Z	FWDFLOOR8	253	frostgate	220008	B	T	core_destroyed	359
2026-08-13T11:56:40Z	FWDFLOOR8	254	glacierkeep	220008	A	T	core_destroyed	184
2026-08-13T11:56:43Z	FWDFLOOR8	255	glacierkeep	220008	B	C	core_destroyed	343
2026-08-13T11:56:46Z	FWDFLOOR8	256	icefloe	220008	A	C	core_destroyed	253
2026-08-13T11:56:48Z	FWDFLOOR8	257	icefloe	220008	B	T	core_destroyed	233
2026-08-13T11:56:51Z	FWDFLOOR8	258	midgard	220008	A	C	core_destroyed	130
2026-08-13T11:56:54Z	FWDFLOOR8	259	midgard	220008	B	T	core_destroyed	99
2026-08-13T11:56:55Z	FWDFLOOR8	260	nordkap	220008	A	C	core_destroyed	222
2026-08-13T11:56:57Z	FWDFLOOR8	261	nordkap	220008	B	C	core_destroyed	241
2026-08-13T11:57:04Z	FWDFLOOR8	262	ragnarok	220008	A	C	core_destroyed	387
2026-08-13T11:57:09Z	FWDFLOOR8	263	ragnarok	220008	B	T	core_destroyed	188
2026-08-13T11:57:11Z	FWDFLOOR8	264	royale	220008	A	C	core_destroyed	337
2026-08-13T11:57:13Z	FWDFLOOR8	265	royale	220008	B	C	core_destroyed	225
2026-08-13T11:57:16Z	FWDFLOOR8	266	valkyrie	220008	A	C	core_destroyed	114
2026-08-13T11:57:23Z	FWDFLOOR8	267	valkyrie	220008	B	C	core_destroyed	270
2026-08-13T11:57:25Z	FWDFLOOR8	268	yulerune	220008	A	C	core_destroyed	120
2026-08-13T11:57:28Z	FWDFLOOR8	269	yulerune	220008	B	C	core_destroyed	188
2026-08-13T11:57:30Z	FWDFLOOR8	270	antler	220009	A	C	core_destroyed	144
2026-08-13T11:57:33Z	FWDFLOOR8	271	antler	220009	B	C	core_destroyed	711
2026-08-13T11:57:36Z	FWDFLOOR8	272	archipelago	220009	A	C	core_destroyed	126
2026-08-13T11:57:38Z	FWDFLOOR8	273	archipelago	220009	B	T	core_destroyed	81
2026-08-13T11:57:42Z	FWDFLOOR8	274	auroraveil	220009	A	T	core_destroyed	379
2026-08-13T11:57:44Z	FWDFLOOR8	275	auroraveil	220009	B	T	core_destroyed	174
2026-08-13T11:57:49Z	FWDFLOOR8	276	drakkarfjord	220009	A	T	core_destroyed	268
2026-08-13T11:57:57Z	FWDFLOOR8	277	drakkarfjord	220009	B	C	core_destroyed	397
2026-08-13T11:58:02Z	FWDFLOOR8	278	drumlin	220009	A	C	core_destroyed	330
2026-08-13T11:58:04Z	FWDFLOOR8	279	drumlin	220009	B	C	core_destroyed	118
2026-08-13T11:58:05Z	FWDFLOOR8	280	fjordgate	220009	A	T	core_destroyed	156
2026-08-13T11:58:07Z	FWDFLOOR8	281	fjordgate	220009	B	C	core_destroyed	124
2026-08-13T11:58:10Z	FWDFLOOR8	282	frostgate	220009	A	C	core_destroyed	508
2026-08-13T11:58:17Z	FWDFLOOR8	283	frostgate	220009	B	C	core_destroyed	647
2026-08-13T11:58:20Z	FWDFLOOR8	284	glacierkeep	220009	A	C	core_destroyed	173
2026-08-13T11:58:24Z	FWDFLOOR8	285	glacierkeep	220009	B	T	core_destroyed	274
2026-08-13T11:58:26Z	FWDFLOOR8	286	icefloe	220009	A	T	core_destroyed	206
2026-08-13T11:58:33Z	FWDFLOOR8	287	icefloe	220009	B	C	core_destroyed	470
2026-08-13T11:58:36Z	FWDFLOOR8	288	midgard	220009	A	C	core_destroyed	93
2026-08-13T11:58:41Z	FWDFLOOR8	289	midgard	220009	B	C	core_destroyed	158
2026-08-13T11:58:45Z	FWDFLOOR8	290	nordkap	220009	A	T	core_destroyed	507
2026-08-13T11:58:47Z	FWDFLOOR8	291	nordkap	220009	B	T	core_destroyed	323
2026-08-13T11:58:50Z	FWDFLOOR8	292	ragnarok	220009	A	T	core_destroyed	79
2026-08-13T11:58:53Z	FWDFLOOR8	293	ragnarok	220009	B	C	core_destroyed	357
2026-08-13T11:58:55Z	FWDFLOOR8	294	royale	220009	A	C	core_destroyed	230
2026-08-13T11:58:57Z	FWDFLOOR8	295	royale	220009	B	C	core_destroyed	181
2026-08-13T11:59:00Z	FWDFLOOR8	296	valkyrie	220009	A	T	core_destroyed	164
2026-08-13T11:59:04Z	FWDFLOOR8	297	valkyrie	220009	B	C	core_destroyed	152
2026-08-13T11:59:06Z	FWDFLOOR8	298	yulerune	220009	A	C	core_destroyed	171
2026-08-13T11:59:13Z	FWDFLOOR8	299	yulerune	220009	B	C	core_destroyed	562
2026-08-13T11:59:16Z	FWDFLOOR8	300	antler	220010	A	T	core_destroyed	247
2026-08-13T11:59:19Z	FWDFLOOR8	301	antler	220010	B	T	core_destroyed	186
2026-08-13T11:59:35Z	FWDFLOOR8	302	archipelago	220010	A	C	core_destroyed	480
2026-08-13T11:59:37Z	FWDFLOOR8	303	archipelago	220010	B	C	core_destroyed	116
2026-08-13T11:59:40Z	FWDFLOOR8	304	auroraveil	220010	A	T	core_destroyed	105
2026-08-13T11:59:44Z	FWDFLOOR8	305	auroraveil	220010	B	C	core_destroyed	262
2026-08-13T11:59:55Z	FWDFLOOR8	306	drakkarfjord	220010	A	T	core_destroyed	769
2026-08-13T11:59:58Z	FWDFLOOR8	307	drakkarfjord	220010	B	T	core_destroyed	137
2026-08-13T12:00:01Z	FWDFLOOR8	308	drumlin	220010	A	C	core_destroyed	673
2026-08-13T12:00:05Z	FWDFLOOR8	309	drumlin	220010	B	T	core_destroyed	207
2026-08-13T12:00:07Z	FWDFLOOR8	310	fjordgate	220010	A	C	core_destroyed	306
2026-08-13T12:00:08Z	FWDFLOOR8	311	fjordgate	220010	B	C	core_destroyed	110
2026-08-13T12:00:12Z	FWDFLOOR8	312	frostgate	220010	A	T	core_destroyed	561
2026-08-13T12:00:14Z	FWDFLOOR8	313	frostgate	220010	B	C	core_destroyed	116
2026-08-13T12:00:15Z	FWDFLOOR8	314	glacierkeep	220010	A	T	core_destroyed	113
2026-08-13T12:00:18Z	FWDFLOOR8	315	glacierkeep	220010	B	C	core_destroyed	608
2026-08-13T12:00:20Z	FWDFLOOR8	316	icefloe	220010	A	C	core_destroyed	155
2026-08-13T12:00:23Z	FWDFLOOR8	317	icefloe	220010	B	C	core_destroyed	229
2026-08-13T12:00:26Z	FWDFLOOR8	318	midgard	220010	A	T	core_destroyed	103
2026-08-13T12:00:29Z	FWDFLOOR8	319	midgard	220010	B	C	core_destroyed	108
2026-08-13T12:00:33Z	FWDFLOOR8	320	nordkap	220010	A	C	core_destroyed	296
2026-08-13T12:00:36Z	FWDFLOOR8	321	nordkap	220010	B	C	core_destroyed	213
2026-08-13T12:00:38Z	FWDFLOOR8	322	ragnarok	220010	A	T	core_destroyed	131
2026-08-13T12:00:47Z	FWDFLOOR8	323	ragnarok	220010	B	C	core_destroyed	378
2026-08-13T12:00:49Z	FWDFLOOR8	324	royale	220010	A	T	core_destroyed	193
2026-08-13T12:00:52Z	FWDFLOOR8	325	royale	220010	B	T	tiebreak	1000
2026-08-13T12:00:55Z	FWDFLOOR8	326	valkyrie	220010	A	C	core_destroyed	171
2026-08-13T12:00:59Z	FWDFLOOR8	327	valkyrie	220010	B	T	core_destroyed	171
2026-08-13T12:01:03Z	FWDFLOOR8	328	yulerune	220010	A	T	core_destroyed	256
2026-08-13T12:01:06Z	FWDFLOOR8	329	yulerune	220010	B	T	tiebreak	1000
2026-08-13T12:01:08Z	FWDFLOOR8	330	antler	220011	A	C	core_destroyed	165
2026-08-13T12:01:11Z	FWDFLOOR8	331	antler	220011	B	C	core_destroyed	190
2026-08-13T12:01:13Z	FWDFLOOR8	332	archipelago	220011	A	T	core_destroyed	95
2026-08-13T12:01:15Z	FWDFLOOR8	333	archipelago	220011	B	T	core_destroyed	88
2026-08-13T12:01:18Z	FWDFLOOR8	334	auroraveil	220011	A	T	core_destroyed	365
2026-08-13T12:01:20Z	FWDFLOOR8	335	auroraveil	220011	B	C	core_destroyed	283
2026-08-13T12:01:22Z	FWDFLOOR8	336	drakkarfjord	220011	A	C	core_destroyed	121
2026-08-13T12:01:26Z	FWDFLOOR8	337	drakkarfjord	220011	B	C	core_destroyed	269
2026-08-13T12:01:29Z	FWDFLOOR8	338	drumlin	220011	A	T	core_destroyed	325
2026-08-13T12:01:31Z	FWDFLOOR8	339	drumlin	220011	B	C	core_destroyed	122
2026-08-13T12:01:35Z	FWDFLOOR8	340	fjordgate	220011	A	C	tiebreak	1000
2026-08-13T12:01:39Z	FWDFLOOR8	341	fjordgate	220011	B	T	tiebreak	1000
2026-08-13T12:01:41Z	FWDFLOOR8	342	frostgate	220011	A	T	core_destroyed	137
2026-08-13T12:01:42Z	FWDFLOOR8	343	frostgate	220011	B	T	core_destroyed	141
2026-08-13T12:01:53Z	FWDFLOOR8	344	glacierkeep	220011	A	T	core_destroyed	645
2026-08-13T12:01:57Z	FWDFLOOR8	345	glacierkeep	220011	B	C	core_destroyed	641
2026-08-13T12:01:59Z	FWDFLOOR8	346	icefloe	220011	A	C	core_destroyed	257
2026-08-13T12:02:01Z	FWDFLOOR8	347	icefloe	220011	B	C	core_destroyed	137
2026-08-13T12:02:04Z	FWDFLOOR8	348	midgard	220011	A	C	core_destroyed	131
2026-08-13T12:02:06Z	FWDFLOOR8	349	midgard	220011	B	T	core_destroyed	136
2026-08-13T12:02:08Z	FWDFLOOR8	350	nordkap	220011	A	C	core_destroyed	209
2026-08-13T12:02:09Z	FWDFLOOR8	351	nordkap	220011	B	C	core_destroyed	162
2026-08-13T12:02:28Z	FWDFLOOR8	352	ragnarok	220011	A	C	core_destroyed	833
2026-08-13T12:02:30Z	FWDFLOOR8	353	ragnarok	220011	B	T	core_destroyed	115
2026-08-13T12:02:35Z	FWDFLOOR8	354	royale	220011	A	T	core_destroyed	719
2026-08-13T12:02:36Z	FWDFLOOR8	355	royale	220011	B	C	core_destroyed	133
2026-08-13T12:02:46Z	FWDFLOOR8	356	valkyrie	220011	A	T	tiebreak	1000
2026-08-13T12:02:50Z	FWDFLOOR8	357	valkyrie	220011	B	T	core_destroyed	202
2026-08-13T12:02:52Z	FWDFLOOR8	358	yulerune	220011	A	T	core_destroyed	275
2026-08-13T12:02:54Z	FWDFLOOR8	359	yulerune	220011	B	C	core_destroyed	149
2026-08-13T12:02:56Z	FWDFLOOR8	360	antler	220012	A	C	core_destroyed	179
2026-08-13T12:02:58Z	FWDFLOOR8	361	antler	220012	B	T	core_destroyed	355
2026-08-13T12:03:00Z	FWDFLOOR8	362	archipelago	220012	A	C	core_destroyed	115
2026-08-13T12:03:04Z	FWDFLOOR8	363	archipelago	220012	B	T	core_destroyed	279
2026-08-13T12:03:06Z	FWDFLOOR8	364	auroraveil	220012	A	T	core_destroyed	247
2026-08-13T12:03:08Z	FWDFLOOR8	365	auroraveil	220012	B	C	core_destroyed	152
2026-08-13T12:03:16Z	FWDFLOOR8	366	drakkarfjord	220012	A	T	core_destroyed	448
2026-08-13T12:03:19Z	FWDFLOOR8	367	drakkarfjord	220012	B	T	core_destroyed	145
2026-08-13T12:03:25Z	FWDFLOOR8	368	drumlin	220012	A	C	core_destroyed	487
2026-08-13T12:03:28Z	FWDFLOOR8	369	drumlin	220012	B	C	core_destroyed	336
2026-08-13T12:03:30Z	FWDFLOOR8	370	fjordgate	220012	A	T	core_destroyed	280
2026-08-13T12:03:32Z	FWDFLOOR8	371	fjordgate	220012	B	T	core_destroyed	349
2026-08-13T12:03:37Z	FWDFLOOR8	372	frostgate	220012	A	T	core_destroyed	522
2026-08-13T12:03:39Z	FWDFLOOR8	373	frostgate	220012	B	T	core_destroyed	237
2026-08-13T12:03:41Z	FWDFLOOR8	374	glacierkeep	220012	A	T	core_destroyed	174
2026-08-13T12:03:43Z	FWDFLOOR8	375	glacierkeep	220012	B	C	core_destroyed	262
2026-08-13T12:03:47Z	FWDFLOOR8	376	icefloe	220012	A	C	core_destroyed	355
2026-08-13T12:03:49Z	FWDFLOOR8	377	icefloe	220012	B	T	core_destroyed	186
2026-08-13T12:03:52Z	FWDFLOOR8	378	midgard	220012	A	C	core_destroyed	88
2026-08-13T12:03:56Z	FWDFLOOR8	379	midgard	220012	B	C	core_destroyed	232
2026-08-13T12:03:57Z	FWDFLOOR8	380	nordkap	220012	A	C	core_destroyed	137
2026-08-13T12:03:59Z	FWDFLOOR8	381	nordkap	220012	B	C	core_destroyed	179
2026-08-13T12:04:10Z	FWDFLOOR8	382	ragnarok	220012	A	C	core_destroyed	455
2026-08-13T12:04:17Z	FWDFLOOR8	383	ragnarok	220012	B	T	core_destroyed	429
2026-08-13T12:04:19Z	FWDFLOOR8	384	royale	220012	A	T	core_destroyed	93
2026-08-13T12:04:20Z	FWDFLOOR8	385	royale	220012	B	C	core_destroyed	268
2026-08-13T12:04:23Z	FWDFLOOR8	386	valkyrie	220012	A	C	core_destroyed	215
2026-08-13T12:04:25Z	FWDFLOOR8	387	valkyrie	220012	B	T	core_destroyed	173
2026-08-13T12:04:27Z	FWDFLOOR8	388	yulerune	220012	A	C	core_destroyed	349
2026-08-13T12:04:30Z	FWDFLOOR8	389	yulerune	220012	B	T	core_destroyed	494
2026-08-13T12:04:32Z	FWDFLOOR8	390	antler	220013	A	T	core_destroyed	204
2026-08-13T12:04:34Z	FWDFLOOR8	391	antler	220013	B	T	core_destroyed	232
2026-08-13T12:04:37Z	FWDFLOOR8	392	archipelago	220013	A	C	core_destroyed	184
2026-08-13T12:04:39Z	FWDFLOOR8	393	archipelago	220013	B	T	core_destroyed	154
2026-08-13T12:04:46Z	FWDFLOOR8	394	auroraveil	220013	A	T	tiebreak	1000
2026-08-13T12:04:48Z	FWDFLOOR8	395	auroraveil	220013	B	C	core_destroyed	157
2026-08-13T12:05:02Z	FWDFLOOR8	396	drakkarfjord	220013	A	C	tiebreak	1000
2026-08-13T12:05:09Z	FWDFLOOR8	397	drakkarfjord	220013	B	T	tiebreak	1000
2026-08-13T12:05:12Z	FWDFLOOR8	398	drumlin	220013	A	T	core_destroyed	169
2026-08-13T12:05:13Z	FWDFLOOR8	399	drumlin	220013	B	T	core_destroyed	132
2026-08-13T12:05:15Z	FWDFLOOR8	400	fjordgate	220013	A	C	core_destroyed	126
2026-08-13T12:05:16Z	FWDFLOOR8	401	fjordgate	220013	B	C	core_destroyed	120
2026-08-13T12:05:17Z	FWDFLOOR8	402	frostgate	220013	A	C	core_destroyed	291
2026-08-13T12:05:19Z	FWDFLOOR8	403	frostgate	220013	B	C	core_destroyed	329
2026-08-13T12:05:22Z	FWDFLOOR8	404	glacierkeep	220013	A	T	core_destroyed	211
2026-08-13T12:05:24Z	FWDFLOOR8	405	glacierkeep	220013	B	C	core_destroyed	160
2026-08-13T12:05:27Z	FWDFLOOR8	406	icefloe	220013	A	T	core_destroyed	276
2026-08-13T12:05:31Z	FWDFLOOR8	407	icefloe	220013	B	T	core_destroyed	436
2026-08-13T12:05:34Z	FWDFLOOR8	408	midgard	220013	A	C	core_destroyed	96
2026-08-13T12:05:37Z	FWDFLOOR8	409	midgard	220013	B	T	core_destroyed	108
2026-08-13T12:05:38Z	FWDFLOOR8	410	nordkap	220013	A	T	core_destroyed	241
2026-08-13T12:05:40Z	FWDFLOOR8	411	nordkap	220013	B	C	core_destroyed	184
2026-08-13T12:05:43Z	FWDFLOOR8	412	ragnarok	220013	A	C	core_destroyed	145
2026-08-13T12:06:39Z	FWDFLOOR8	413	ragnarok	220013	B	C	tiebreak	1000
2026-08-13T12:06:40Z	FWDFLOOR8	414	royale	220013	A	C	core_destroyed	175
2026-08-13T12:06:42Z	FWDFLOOR8	415	royale	220013	B	C	tiebreak	1000
2026-08-13T12:06:45Z	FWDFLOOR8	416	valkyrie	220013	A	C	core_destroyed	200
2026-08-13T12:06:47Z	FWDFLOOR8	417	valkyrie	220013	B	T	core_destroyed	107
2026-08-13T12:06:48Z	FWDFLOOR8	418	yulerune	220013	A	T	core_destroyed	164
2026-08-13T12:06:50Z	FWDFLOOR8	419	yulerune	220013	B	T	core_destroyed	139
2026-08-13T12:06:51Z	FWDFLOOR8	420	antler	220014	A	T	core_destroyed	319
2026-08-13T12:06:54Z	FWDFLOOR8	421	antler	220014	B	C	core_destroyed	370
2026-08-13T12:06:56Z	FWDFLOOR8	422	archipelago	220014	A	T	core_destroyed	81
2026-08-13T12:06:58Z	FWDFLOOR8	423	archipelago	220014	B	C	core_destroyed	145
2026-08-13T12:07:00Z	FWDFLOOR8	424	auroraveil	220014	A	C	core_destroyed	550
2026-08-13T12:07:02Z	FWDFLOOR8	425	auroraveil	220014	B	T	core_destroyed	200
2026-08-13T12:07:09Z	FWDFLOOR8	426	drakkarfjord	220014	A	C	tiebreak	1000
2026-08-13T12:07:12Z	FWDFLOOR8	427	drakkarfjord	220014	B	C	core_destroyed	96
2026-08-13T12:07:20Z	FWDFLOOR8	428	drumlin	220014	A	C	core_destroyed	680
2026-08-13T12:07:29Z	FWDFLOOR8	429	drumlin	220014	B	T	core_destroyed	693
2026-08-13T12:07:31Z	FWDFLOOR8	430	fjordgate	220014	A	T	core_destroyed	136
2026-08-13T12:07:32Z	FWDFLOOR8	431	fjordgate	220014	B	C	core_destroyed	101
2026-08-13T12:07:33Z	FWDFLOOR8	432	frostgate	220014	A	T	core_destroyed	225
2026-08-13T12:07:35Z	FWDFLOOR8	433	frostgate	220014	B	C	core_destroyed	413
2026-08-13T12:07:37Z	FWDFLOOR8	434	glacierkeep	220014	A	T	core_destroyed	190
2026-08-13T12:07:46Z	FWDFLOOR8	435	glacierkeep	220014	B	T	tiebreak	1000
2026-08-13T12:07:49Z	FWDFLOOR8	436	icefloe	220014	A	T	core_destroyed	311
2026-08-13T12:07:51Z	FWDFLOOR8	437	icefloe	220014	B	C	core_destroyed	86
2026-08-13T12:07:54Z	FWDFLOOR8	438	midgard	220014	A	C	core_destroyed	157
2026-08-13T12:08:02Z	FWDFLOOR8	439	midgard	220014	B	C	core_destroyed	319
2026-08-13T12:08:04Z	FWDFLOOR8	440	nordkap	220014	A	T	core_destroyed	299
2026-08-13T12:08:05Z	FWDFLOOR8	441	nordkap	220014	B	T	core_destroyed	185
2026-08-13T12:08:55Z	FWDFLOOR8	442	ragnarok	220014	A	T	tiebreak	1000
2026-08-13T12:09:05Z	FWDFLOOR8	443	ragnarok	220014	B	T	tiebreak	1000
2026-08-13T12:09:06Z	FWDFLOOR8	444	royale	220014	A	C	core_destroyed	269
2026-08-13T12:09:08Z	FWDFLOOR8	445	royale	220014	B	C	core_destroyed	195
2026-08-13T12:09:10Z	FWDFLOOR8	446	valkyrie	220014	A	C	core_destroyed	289
2026-08-13T12:09:15Z	FWDFLOOR8	447	valkyrie	220014	B	C	core_destroyed	248
2026-08-13T12:09:17Z	FWDFLOOR8	448	yulerune	220014	A	T	core_destroyed	223
2026-08-13T12:09:19Z	FWDFLOOR8	449	yulerune	220014	B	T	core_destroyed	86
2026-08-13T12:09:21Z	FWDFLOOR8	450	antler	220015	A	C	core_destroyed	343
2026-08-13T12:09:23Z	FWDFLOOR8	451	antler	220015	B	C	core_destroyed	216
2026-08-13T12:09:25Z	FWDFLOOR8	452	archipelago	220015	A	T	core_destroyed	64
2026-08-13T12:09:27Z	FWDFLOOR8	453	archipelago	220015	B	C	core_destroyed	144
2026-08-13T12:09:29Z	FWDFLOOR8	454	auroraveil	220015	A	T	core_destroyed	155
2026-08-13T12:09:32Z	FWDFLOOR8	455	auroraveil	220015	B	C	core_destroyed	203
2026-08-13T12:09:37Z	FWDFLOOR8	456	drakkarfjord	220015	A	C	core_destroyed	433
2026-08-13T12:09:42Z	FWDFLOOR8	457	drakkarfjord	220015	B	C	core_destroyed	361
2026-08-13T12:09:45Z	FWDFLOOR8	458	drumlin	220015	A	T	core_destroyed	359
2026-08-13T12:09:47Z	FWDFLOOR8	459	drumlin	220015	B	T	core_destroyed	198
2026-08-13T12:09:49Z	FWDFLOOR8	460	fjordgate	220015	A	T	core_destroyed	291
2026-08-13T12:09:51Z	FWDFLOOR8	461	fjordgate	220015	B	C	core_destroyed	193
2026-08-13T12:09:53Z	FWDFLOOR8	462	frostgate	220015	A	C	core_destroyed	132
2026-08-13T12:09:54Z	FWDFLOOR8	463	frostgate	220015	B	T	core_destroyed	98
2026-08-13T12:09:58Z	FWDFLOOR8	464	glacierkeep	220015	A	C	core_destroyed	425
2026-08-13T12:10:05Z	FWDFLOOR8	465	glacierkeep	220015	B	C	tiebreak	1000
2026-08-13T12:10:07Z	FWDFLOOR8	466	icefloe	220015	A	T	core_destroyed	271
2026-08-13T12:10:10Z	FWDFLOOR8	467	icefloe	220015	B	C	core_destroyed	232
2026-08-13T12:10:14Z	FWDFLOOR8	468	midgard	220015	A	T	core_destroyed	240
2026-08-13T12:10:29Z	FWDFLOOR8	469	midgard	220015	B	C	core_destroyed	938
2026-08-13T12:10:31Z	FWDFLOOR8	470	nordkap	220015	A	C	core_destroyed	190
2026-08-13T12:10:33Z	FWDFLOOR8	471	nordkap	220015	B	C	core_destroyed	255
2026-08-13T12:10:40Z	FWDFLOOR8	472	ragnarok	220015	A	C	core_destroyed	226
2026-08-13T12:10:45Z	FWDFLOOR8	473	ragnarok	220015	B	T	core_destroyed	361
2026-08-13T12:10:47Z	FWDFLOOR8	474	royale	220015	A	T	core_destroyed	299
2026-08-13T12:10:49Z	FWDFLOOR8	475	royale	220015	B	T	core_destroyed	385
2026-08-13T12:10:54Z	FWDFLOOR8	476	valkyrie	220015	A	C	core_destroyed	282
2026-08-13T12:10:57Z	FWDFLOOR8	477	valkyrie	220015	B	T	core_destroyed	143
2026-08-13T12:11:04Z	FWDFLOOR8	478	yulerune	220015	A	T	core_destroyed	406
2026-08-13T12:11:06Z	FWDFLOOR8	479	yulerune	220015	B	C	core_destroyed	183
2026-08-13T12:11:09Z	FWDFLOOR8	480	antler	220016	A	C	core_destroyed	326
2026-08-13T12:11:10Z	FWDFLOOR8	481	antler	220016	B	T	core_destroyed	138
2026-08-13T12:11:14Z	FWDFLOOR8	482	archipelago	220016	A	C	core_destroyed	128
2026-08-13T12:11:18Z	FWDFLOOR8	483	archipelago	220016	B	C	core_destroyed	265
2026-08-13T12:11:24Z	FWDFLOOR8	484	auroraveil	220016	A	T	core_destroyed	453
2026-08-13T12:11:28Z	FWDFLOOR8	485	auroraveil	220016	B	C	core_destroyed	184
2026-08-13T12:11:42Z	FWDFLOOR8	486	drakkarfjord	220016	A	T	tiebreak	1000
2026-08-13T12:11:47Z	FWDFLOOR8	487	drakkarfjord	220016	B	C	core_destroyed	196
2026-08-13T12:11:50Z	FWDFLOOR8	488	drumlin	220016	A	T	core_destroyed	165
2026-08-13T12:11:53Z	FWDFLOOR8	489	drumlin	220016	B	C	core_destroyed	130
2026-08-13T12:11:56Z	FWDFLOOR8	490	fjordgate	220016	A	T	core_destroyed	123
2026-08-13T12:12:01Z	FWDFLOOR8	491	fjordgate	220016	B	T	tiebreak	1000
2026-08-13T12:12:05Z	FWDFLOOR8	492	frostgate	220016	A	T	core_destroyed	393
2026-08-13T12:12:07Z	FWDFLOOR8	493	frostgate	220016	B	T	core_destroyed	159
2026-08-13T12:12:10Z	FWDFLOOR8	494	glacierkeep	220016	A	T	core_destroyed	208
2026-08-13T12:12:13Z	FWDFLOOR8	495	glacierkeep	220016	B	C	core_destroyed	130
2026-08-13T12:12:16Z	FWDFLOOR8	496	icefloe	220016	A	C	core_destroyed	121
2026-08-13T12:12:19Z	FWDFLOOR8	497	icefloe	220016	B	T	core_destroyed	172
2026-08-13T12:12:24Z	FWDFLOOR8	498	midgard	220016	A	T	core_destroyed	103
2026-08-13T12:12:29Z	FWDFLOOR8	499	midgard	220016	B	C	core_destroyed	137
2026-08-13T12:12:36Z	FWDFLOOR8	500	nordkap	220016	A	T	core_destroyed	706
2026-08-13T12:12:39Z	FWDFLOOR8	501	nordkap	220016	B	T	core_destroyed	539
2026-08-13T12:12:47Z	FWDFLOOR8	502	ragnarok	220016	A	C	core_destroyed	199
2026-08-13T12:13:03Z	FWDFLOOR8	503	ragnarok	220016	B	C	tiebreak	1000
2026-08-13T12:13:05Z	FWDFLOOR8	504	royale	220016	A	T	core_destroyed	191
2026-08-13T12:13:08Z	FWDFLOOR8	505	royale	220016	B	T	core_destroyed	374
2026-08-13T12:13:23Z	FWDFLOOR8	506	valkyrie	220016	A	T	core_destroyed	404
2026-08-13T12:13:39Z	FWDFLOOR8	507	valkyrie	220016	B	T	core_destroyed	360
2026-08-13T12:13:45Z	FWDFLOOR8	508	yulerune	220016	A	C	core_destroyed	245
2026-08-13T12:13:50Z	FWDFLOOR8	509	yulerune	220016	B	T	core_destroyed	211
2026-08-13T12:13:53Z	FWDFLOOR8	510	antler	220017	A	C	core_destroyed	238
2026-08-13T12:13:57Z	FWDFLOOR8	511	antler	220017	B	C	core_destroyed	297
2026-08-13T12:14:00Z	FWDFLOOR8	512	archipelago	220017	A	T	core_destroyed	107
2026-08-13T12:14:03Z	FWDFLOOR8	513	archipelago	220017	B	T	core_destroyed	108
2026-08-13T12:14:08Z	FWDFLOOR8	514	auroraveil	220017	A	T	core_destroyed	385
2026-08-13T12:14:10Z	FWDFLOOR8	515	auroraveil	220017	B	T	core_destroyed	203
2026-08-13T12:14:26Z	FWDFLOOR8	516	drakkarfjord	220017	A	T	core_destroyed	909
2026-08-13T12:14:32Z	FWDFLOOR8	517	drakkarfjord	220017	B	T	core_destroyed	238
2026-08-13T12:14:36Z	FWDFLOOR8	518	drumlin	220017	A	T	core_destroyed	133
2026-08-13T12:14:44Z	FWDFLOOR8	519	drumlin	220017	B	T	core_destroyed	404
2026-08-13T12:14:47Z	FWDFLOOR8	520	fjordgate	220017	A	T	core_destroyed	203
2026-08-13T12:14:49Z	FWDFLOOR8	521	fjordgate	220017	B	C	core_destroyed	133
2026-08-13T12:14:55Z	FWDFLOOR8	522	frostgate	220017	A	C	tiebreak	1000
2026-08-13T12:14:57Z	FWDFLOOR8	523	frostgate	220017	B	C	core_destroyed	165
2026-08-13T12:15:27Z	FWDFLOOR8	524	glacierkeep	220017	A	C	tiebreak	1000
2026-08-13T12:15:34Z	FWDFLOOR8	525	glacierkeep	220017	B	C	core_destroyed	430
2026-08-13T12:15:37Z	FWDFLOOR8	526	icefloe	220017	A	T	core_destroyed	228
2026-08-13T12:15:42Z	FWDFLOOR8	527	icefloe	220017	B	C	core_destroyed	464
2026-08-13T12:15:46Z	FWDFLOOR8	528	midgard	220017	A	T	core_destroyed	177
2026-08-13T12:15:49Z	FWDFLOOR8	529	midgard	220017	B	T	core_destroyed	155
2026-08-13T12:15:51Z	FWDFLOOR8	530	nordkap	220017	A	T	core_destroyed	194
2026-08-13T12:15:54Z	FWDFLOOR8	531	nordkap	220017	B	C	core_destroyed	302
2026-08-13T12:15:58Z	FWDFLOOR8	532	ragnarok	220017	A	C	core_destroyed	136
2026-08-13T12:16:10Z	FWDFLOOR8	533	ragnarok	220017	B	T	core_destroyed	527
2026-08-13T12:16:12Z	FWDFLOOR8	534	royale	220017	A	C	core_destroyed	316
2026-08-13T12:16:15Z	FWDFLOOR8	535	royale	220017	B	T	tiebreak	1000
2026-08-13T12:16:29Z	FWDFLOOR8	536	valkyrie	220017	A	T	core_destroyed	637
2026-08-13T12:16:34Z	FWDFLOOR8	537	valkyrie	220017	B	T	core_destroyed	231
2026-08-13T12:16:37Z	FWDFLOOR8	538	yulerune	220017	A	C	core_destroyed	184
2026-08-13T12:16:40Z	FWDFLOOR8	539	yulerune	220017	B	C	core_destroyed	269
2026-08-13T12:16:43Z	FWDFLOOR8	540	antler	220018	A	T	core_destroyed	336
2026-08-13T12:16:45Z	FWDFLOOR8	541	antler	220018	B	T	core_destroyed	190
2026-08-13T12:16:48Z	FWDFLOOR8	542	archipelago	220018	A	C	core_destroyed	314
2026-08-13T12:16:51Z	FWDFLOOR8	543	archipelago	220018	B	C	core_destroyed	130
2026-08-13T12:16:53Z	FWDFLOOR8	544	auroraveil	220018	A	T	core_destroyed	415
2026-08-13T12:16:55Z	FWDFLOOR8	545	auroraveil	220018	B	C	core_destroyed	210
2026-08-13T12:16:58Z	FWDFLOOR8	546	drakkarfjord	220018	A	C	core_destroyed	193
2026-08-13T12:17:11Z	FWDFLOOR8	547	drakkarfjord	220018	B	C	core_destroyed	618
2026-08-13T12:17:14Z	FWDFLOOR8	548	drumlin	220018	A	T	core_destroyed	80
2026-08-13T12:17:19Z	FWDFLOOR8	549	drumlin	220018	B	T	core_destroyed	144
2026-08-13T12:17:20Z	FWDFLOOR8	550	fjordgate	220018	A	T	core_destroyed	159
2026-08-13T12:17:22Z	FWDFLOOR8	551	fjordgate	220018	B	C	core_destroyed	506
2026-08-13T12:17:25Z	FWDFLOOR8	552	frostgate	220018	A	C	core_destroyed	230
2026-08-13T12:17:26Z	FWDFLOOR8	553	frostgate	220018	B	T	core_destroyed	131
2026-08-13T12:17:32Z	FWDFLOOR8	554	glacierkeep	220018	A	T	core_destroyed	488
2026-08-13T12:17:35Z	FWDFLOOR8	555	glacierkeep	220018	B	C	core_destroyed	177
2026-08-13T12:17:45Z	FWDFLOOR8	556	icefloe	220018	A	C	tiebreak	1000
2026-08-13T12:17:48Z	FWDFLOOR8	557	icefloe	220018	B	C	core_destroyed	245
2026-08-13T12:17:51Z	FWDFLOOR8	558	midgard	220018	A	C	core_destroyed	105
2026-08-13T12:17:58Z	FWDFLOOR8	559	midgard	220018	B	C	core_destroyed	202
2026-08-13T12:17:59Z	FWDFLOOR8	560	nordkap	220018	A	C	core_destroyed	233
2026-08-13T12:18:01Z	FWDFLOOR8	561	nordkap	220018	B	C	core_destroyed	210
2026-08-13T12:19:09Z	FWDFLOOR8	562	ragnarok	220018	A	T	tiebreak	1000
2026-08-13T12:19:13Z	FWDFLOOR8	563	ragnarok	220018	B	T	core_destroyed	139
2026-08-13T12:19:14Z	FWDFLOOR8	564	royale	220018	A	C	core_destroyed	118
2026-08-13T12:19:16Z	FWDFLOOR8	565	royale	220018	B	C	tiebreak	1000
2026-08-13T12:19:21Z	FWDFLOOR8	566	valkyrie	220018	A	T	core_destroyed	216
2026-08-13T12:19:24Z	FWDFLOOR8	567	valkyrie	220018	B	C	core_destroyed	142
2026-08-13T12:19:26Z	FWDFLOOR8	568	yulerune	220018	A	C	core_destroyed	246
2026-08-13T12:19:28Z	FWDFLOOR8	569	yulerune	220018	B	C	core_destroyed	229
2026-08-13T12:19:30Z	FWDFLOOR8	570	antler	220019	A	C	core_destroyed	213
2026-08-13T12:19:33Z	FWDFLOOR8	571	antler	220019	B	T	core_destroyed	260
2026-08-13T12:19:36Z	FWDFLOOR8	572	archipelago	220019	A	T	core_destroyed	128
2026-08-13T12:19:39Z	FWDFLOOR8	573	archipelago	220019	B	C	core_destroyed	183
2026-08-13T12:19:41Z	FWDFLOOR8	574	auroraveil	220019	A	T	core_destroyed	162
2026-08-13T12:19:44Z	FWDFLOOR8	575	auroraveil	220019	B	T	core_destroyed	277
2026-08-13T12:19:47Z	FWDFLOOR8	576	drakkarfjord	220019	A	C	core_destroyed	217
2026-08-13T12:19:57Z	FWDFLOOR8	577	drakkarfjord	220019	B	T	core_destroyed	415
2026-08-13T12:19:59Z	FWDFLOOR8	578	drumlin	220019	A	T	core_destroyed	154
2026-08-13T12:20:01Z	FWDFLOOR8	579	drumlin	220019	B	C	core_destroyed	106
2026-08-13T12:20:03Z	FWDFLOOR8	580	fjordgate	220019	A	T	core_destroyed	937
2026-08-13T12:20:05Z	FWDFLOOR8	581	fjordgate	220019	B	C	core_destroyed	212
2026-08-13T12:20:07Z	FWDFLOOR8	582	frostgate	220019	A	C	core_destroyed	801
2026-08-13T12:20:10Z	FWDFLOOR8	583	frostgate	220019	B	C	tiebreak	1000
2026-08-13T12:20:14Z	FWDFLOOR8	584	glacierkeep	220019	A	T	core_destroyed	261
2026-08-13T12:20:16Z	FWDFLOOR8	585	glacierkeep	220019	B	C	core_destroyed	172
2026-08-13T12:20:18Z	FWDFLOOR8	586	icefloe	220019	A	C	core_destroyed	105
2026-08-13T12:20:22Z	FWDFLOOR8	587	icefloe	220019	B	C	core_destroyed	270
2026-08-13T12:20:24Z	FWDFLOOR8	588	midgard	220019	A	C	core_destroyed	142
2026-08-13T12:20:27Z	FWDFLOOR8	589	midgard	220019	B	C	core_destroyed	155
2026-08-13T12:20:32Z	FWDFLOOR8	590	nordkap	220019	A	T	core_destroyed	665
2026-08-13T12:20:35Z	FWDFLOOR8	591	nordkap	220019	B	C	core_destroyed	568
2026-08-13T12:20:40Z	FWDFLOOR8	592	ragnarok	220019	A	C	core_destroyed	159
2026-08-13T12:20:48Z	FWDFLOOR8	593	ragnarok	220019	B	T	core_destroyed	326
2026-08-13T12:20:50Z	FWDFLOOR8	594	royale	220019	A	C	core_destroyed	128
2026-08-13T12:20:52Z	FWDFLOOR8	595	royale	220019	B	T	core_destroyed	621
2026-08-13T12:21:11Z	FWDFLOOR8	596	valkyrie	220019	A	C	tiebreak	1000
2026-08-13T12:21:13Z	FWDFLOOR8	597	valkyrie	220019	B	T	core_destroyed	111
2026-08-13T12:21:16Z	FWDFLOOR8	598	yulerune	220019	A	C	core_destroyed	188
2026-08-13T12:21:18Z	FWDFLOOR8	599	yulerune	220019	B	C	core_destroyed	517
2026-08-13T12:21:20Z	FWDFLOOR8	600	antler	220020	A	T	core_destroyed	269
2026-08-13T12:21:22Z	FWDFLOOR8	601	antler	220020	B	C	core_destroyed	192
2026-08-13T12:21:25Z	FWDFLOOR8	602	archipelago	220020	A	T	core_destroyed	100
2026-08-13T12:21:30Z	FWDFLOOR8	603	archipelago	220020	B	T	core_destroyed	386
2026-08-13T12:21:35Z	FWDFLOOR8	604	auroraveil	220020	A	T	core_destroyed	581
2026-08-13T12:21:37Z	FWDFLOOR8	605	auroraveil	220020	B	C	core_destroyed	93
2026-08-13T12:21:43Z	FWDFLOOR8	606	drakkarfjord	220020	A	C	core_destroyed	387
2026-08-13T12:21:49Z	FWDFLOOR8	607	drakkarfjord	220020	B	T	core_destroyed	361
2026-08-13T12:21:51Z	FWDFLOOR8	608	drumlin	220020	A	T	core_destroyed	625
2026-08-13T12:21:57Z	FWDFLOOR8	609	drumlin	220020	B	T	core_destroyed	333
2026-08-13T12:21:59Z	FWDFLOOR8	610	fjordgate	220020	A	C	tiebreak	1000
2026-08-13T12:22:01Z	FWDFLOOR8	611	fjordgate	220020	B	C	core_destroyed	136
2026-08-13T12:22:02Z	FWDFLOOR8	612	frostgate	220020	A	T	core_destroyed	281
2026-08-13T12:22:04Z	FWDFLOOR8	613	frostgate	220020	B	C	core_destroyed	249
2026-08-13T12:22:06Z	FWDFLOOR8	614	glacierkeep	220020	A	T	core_destroyed	153
2026-08-13T12:22:08Z	FWDFLOOR8	615	glacierkeep	220020	B	C	core_destroyed	130
2026-08-13T12:22:13Z	FWDFLOOR8	616	icefloe	220020	A	C	core_destroyed	384
2026-08-13T12:22:15Z	FWDFLOOR8	617	icefloe	220020	B	T	core_destroyed	154
2026-08-13T12:22:18Z	FWDFLOOR8	618	midgard	220020	A	C	core_destroyed	89
2026-08-13T12:22:21Z	FWDFLOOR8	619	midgard	220020	B	C	core_destroyed	96
2026-08-13T12:22:22Z	FWDFLOOR8	620	nordkap	220020	A	C	core_destroyed	103
2026-08-13T12:22:25Z	FWDFLOOR8	621	nordkap	220020	B	T	core_destroyed	545
2026-08-13T12:22:28Z	FWDFLOOR8	622	ragnarok	220020	A	T	core_destroyed	142
2026-08-13T12:22:31Z	FWDFLOOR8	623	ragnarok	220020	B	C	core_destroyed	167
2026-08-13T12:22:38Z	FWDFLOOR8	624	royale	220020	A	C	tiebreak	1000
2026-08-13T12:22:40Z	FWDFLOOR8	625	royale	220020	B	T	core_destroyed	206
2026-08-13T12:22:44Z	FWDFLOOR8	626	valkyrie	220020	A	C	core_destroyed	263
2026-08-13T12:22:49Z	FWDFLOOR8	627	valkyrie	220020	B	C	core_destroyed	280
2026-08-13T12:22:55Z	FWDFLOOR8	628	yulerune	220020	A	C	core_destroyed	382
2026-08-13T12:22:57Z	FWDFLOOR8	629	yulerune	220020	B	C	core_destroyed	129
2026-08-13T12:23:02Z	FWDFLOOR8	630	antler	220021	A	T	tiebreak	1000
2026-08-13T12:23:05Z	FWDFLOOR8	631	antler	220021	B	T	core_destroyed	503
2026-08-13T12:23:09Z	FWDFLOOR8	632	archipelago	220021	A	C	core_destroyed	226
2026-08-13T12:23:11Z	FWDFLOOR8	633	archipelago	220021	B	T	core_destroyed	131
2026-08-13T12:23:13Z	FWDFLOOR8	634	auroraveil	220021	A	T	core_destroyed	251
2026-08-13T12:23:15Z	FWDFLOOR8	635	auroraveil	220021	B	T	core_destroyed	274
2026-08-13T12:23:39Z	FWDFLOOR8	636	drakkarfjord	220021	A	T	tiebreak	1000
2026-08-13T12:23:47Z	FWDFLOOR8	637	drakkarfjord	220021	B	C	core_destroyed	312
2026-08-13T12:23:49Z	FWDFLOOR8	638	drumlin	220021	A	T	core_destroyed	156
2026-08-13T12:23:55Z	FWDFLOOR8	639	drumlin	220021	B	C	core_destroyed	540
2026-08-13T12:23:57Z	FWDFLOOR8	640	fjordgate	220021	A	T	core_destroyed	485
2026-08-13T12:23:59Z	FWDFLOOR8	641	fjordgate	220021	B	C	core_destroyed	478
2026-08-13T12:24:01Z	FWDFLOOR8	642	frostgate	220021	A	T	core_destroyed	128
2026-08-13T12:24:02Z	FWDFLOOR8	643	frostgate	220021	B	T	core_destroyed	159
2026-08-13T12:24:05Z	FWDFLOOR8	644	glacierkeep	220021	A	T	core_destroyed	348
2026-08-13T12:24:18Z	FWDFLOOR8	645	glacierkeep	220021	B	C	core_destroyed	793
2026-08-13T12:24:24Z	FWDFLOOR8	646	icefloe	220021	A	C	core_destroyed	435
2026-08-13T12:24:27Z	FWDFLOOR8	647	icefloe	220021	B	C	core_destroyed	235
2026-08-13T12:24:30Z	FWDFLOOR8	648	midgard	220021	A	T	core_destroyed	84
2026-08-13T12:24:35Z	FWDFLOOR8	649	midgard	220021	B	C	core_destroyed	248
2026-08-13T12:24:38Z	FWDFLOOR8	650	nordkap	220021	A	C	core_destroyed	740
2026-08-13T12:24:40Z	FWDFLOOR8	651	nordkap	220021	B	C	core_destroyed	192
2026-08-13T12:24:52Z	FWDFLOOR8	652	ragnarok	220021	A	C	core_destroyed	455
2026-08-13T12:24:55Z	FWDFLOOR8	653	ragnarok	220021	B	C	core_destroyed	125
2026-08-13T12:24:58Z	FWDFLOOR8	654	royale	220021	A	C	core_destroyed	522
2026-08-13T12:24:59Z	FWDFLOOR8	655	royale	220021	B	T	core_destroyed	212
2026-08-13T12:25:08Z	FWDFLOOR8	656	valkyrie	220021	A	C	core_destroyed	429
2026-08-13T12:25:12Z	FWDFLOOR8	657	valkyrie	220021	B	T	core_destroyed	195
2026-08-13T12:25:14Z	FWDFLOOR8	658	yulerune	220021	A	T	core_destroyed	187
2026-08-13T12:25:19Z	FWDFLOOR8	659	yulerune	220021	B	C	core_destroyed	654
2026-08-13T12:25:22Z	FWDFLOOR8	660	antler	220022	A	C	core_destroyed	372
2026-08-13T12:25:23Z	FWDFLOOR8	661	antler	220022	B	C	core_destroyed	102
2026-08-13T12:25:27Z	FWDFLOOR8	662	archipelago	220022	A	T	core_destroyed	124
2026-08-13T12:25:29Z	FWDFLOOR8	663	archipelago	220022	B	T	core_destroyed	90
2026-08-13T12:25:30Z	FWDFLOOR8	664	auroraveil	220022	A	T	core_destroyed	136
2026-08-13T12:25:32Z	FWDFLOOR8	665	auroraveil	220022	B	C	core_destroyed	98
2026-08-13T12:25:46Z	FWDFLOOR8	666	drakkarfjord	220022	A	T	core_destroyed	944
2026-08-13T12:25:49Z	FWDFLOOR8	667	drakkarfjord	220022	B	C	core_destroyed	101
2026-08-13T12:25:52Z	FWDFLOOR8	668	drumlin	220022	A	T	core_destroyed	258
2026-08-13T12:25:56Z	FWDFLOOR8	669	drumlin	220022	B	C	core_destroyed	164
2026-08-13T12:25:57Z	FWDFLOOR8	670	fjordgate	220022	A	C	core_destroyed	91
2026-08-13T12:25:58Z	FWDFLOOR8	671	fjordgate	220022	B	T	core_destroyed	270
2026-08-13T12:26:01Z	FWDFLOOR8	672	frostgate	220022	A	C	core_destroyed	320
2026-08-13T12:26:03Z	FWDFLOOR8	673	frostgate	220022	B	T	tiebreak	1000
2026-08-13T12:26:05Z	FWDFLOOR8	674	glacierkeep	220022	A	C	core_destroyed	291
2026-08-13T12:26:08Z	FWDFLOOR8	675	glacierkeep	220022	B	C	core_destroyed	276
2026-08-13T12:26:11Z	FWDFLOOR8	676	icefloe	220022	A	C	core_destroyed	263
2026-08-13T12:26:18Z	FWDFLOOR8	677	icefloe	220022	B	C	core_destroyed	589
2026-08-13T12:26:21Z	FWDFLOOR8	678	midgard	220022	A	T	core_destroyed	82
2026-08-13T12:26:24Z	FWDFLOOR8	679	midgard	220022	B	C	core_destroyed	100
2026-08-13T12:26:28Z	FWDFLOOR8	680	nordkap	220022	A	T	core_destroyed	517
2026-08-13T12:26:30Z	FWDFLOOR8	681	nordkap	220022	B	C	core_destroyed	120
2026-08-13T12:26:40Z	FWDFLOOR8	682	ragnarok	220022	A	T	core_destroyed	355
2026-08-13T12:26:43Z	FWDFLOOR8	683	ragnarok	220022	B	C	core_destroyed	183
2026-08-13T12:26:45Z	FWDFLOOR8	684	royale	220022	A	T	core_destroyed	299
2026-08-13T12:26:48Z	FWDFLOOR8	685	royale	220022	B	C	tiebreak	1000
2026-08-13T12:26:50Z	FWDFLOOR8	686	valkyrie	220022	A	T	core_destroyed	137
2026-08-13T12:26:59Z	FWDFLOOR8	687	valkyrie	220022	B	C	tiebreak	1000
2026-08-13T12:27:02Z	FWDFLOOR8	688	yulerune	220022	A	C	core_destroyed	228
2026-08-13T12:27:04Z	FWDFLOOR8	689	yulerune	220022	B	C	core_destroyed	159
2026-08-13T12:27:06Z	FWDFLOOR8	690	antler	220023	A	T	core_destroyed	143
2026-08-13T12:27:08Z	FWDFLOOR8	691	antler	220023	B	T	core_destroyed	287
2026-08-13T12:27:11Z	FWDFLOOR8	692	archipelago	220023	A	T	core_destroyed	128
2026-08-13T12:27:13Z	FWDFLOOR8	693	archipelago	220023	B	C	core_destroyed	173
2026-08-13T12:27:15Z	FWDFLOOR8	694	auroraveil	220023	A	T	core_destroyed	120
2026-08-13T12:27:17Z	FWDFLOOR8	695	auroraveil	220023	B	T	core_destroyed	153
2026-08-13T12:27:20Z	FWDFLOOR8	696	drakkarfjord	220023	A	C	core_destroyed	172
2026-08-13T12:27:29Z	FWDFLOOR8	697	drakkarfjord	220023	B	C	core_destroyed	472
2026-08-13T12:27:31Z	FWDFLOOR8	698	drumlin	220023	A	T	core_destroyed	116
2026-08-13T12:27:33Z	FWDFLOOR8	699	drumlin	220023	B	C	core_destroyed	275
2026-08-13T12:27:34Z	FWDFLOOR8	700	fjordgate	220023	A	T	core_destroyed	192
2026-08-13T12:27:36Z	FWDFLOOR8	701	fjordgate	220023	B	T	core_destroyed	151
2026-08-13T12:27:38Z	FWDFLOOR8	702	frostgate	220023	A	T	core_destroyed	102
2026-08-13T12:27:39Z	FWDFLOOR8	703	frostgate	220023	B	T	core_destroyed	142
2026-08-13T12:27:41Z	FWDFLOOR8	704	glacierkeep	220023	A	T	core_destroyed	147
2026-08-13T12:27:43Z	FWDFLOOR8	705	glacierkeep	220023	B	C	core_destroyed	156
2026-08-13T12:27:46Z	FWDFLOOR8	706	icefloe	220023	A	T	core_destroyed	285
2026-08-13T12:27:48Z	FWDFLOOR8	707	icefloe	220023	B	C	core_destroyed	180
2026-08-13T12:27:51Z	FWDFLOOR8	708	midgard	220023	A	T	core_destroyed	83
2026-08-13T12:27:54Z	FWDFLOOR8	709	midgard	220023	B	T	core_destroyed	117
2026-08-13T12:27:56Z	FWDFLOOR8	710	nordkap	220023	A	C	core_destroyed	289
2026-08-13T12:28:00Z	FWDFLOOR8	711	nordkap	220023	B	C	tiebreak	1000
2026-08-13T12:28:03Z	FWDFLOOR8	712	ragnarok	220023	A	T	core_destroyed	208
2026-08-13T12:28:07Z	FWDFLOOR8	713	ragnarok	220023	B	C	core_destroyed	138
2026-08-13T12:28:11Z	FWDFLOOR8	714	royale	220023	A	C	core_destroyed	310
2026-08-13T12:28:12Z	FWDFLOOR8	715	royale	220023	B	T	core_destroyed	125
2026-08-13T12:28:19Z	FWDFLOOR8	716	valkyrie	220023	A	C	core_destroyed	297
2026-08-13T12:28:24Z	FWDFLOOR8	717	valkyrie	220023	B	C	core_destroyed	283
2026-08-13T12:28:26Z	FWDFLOOR8	718	yulerune	220023	A	T	core_destroyed	132
2026-08-13T12:28:31Z	FWDFLOOR8	719	yulerune	220023	B	C	core_destroyed	355
2026-08-13T12:28:33Z	FWDFLOOR8	720	antler	220024	A	T	core_destroyed	216
2026-08-13T12:28:37Z	FWDFLOOR8	721	antler	220024	B	C	core_destroyed	248
2026-08-13T12:28:39Z	FWDFLOOR8	722	archipelago	220024	A	C	core_destroyed	157
2026-08-13T12:28:44Z	FWDFLOOR8	723	archipelago	220024	B	C	core_destroyed	211
2026-08-13T12:28:46Z	FWDFLOOR8	724	auroraveil	220024	A	T	core_destroyed	100
2026-08-13T12:28:49Z	FWDFLOOR8	725	auroraveil	220024	B	T	core_destroyed	293
2026-08-13T12:28:53Z	FWDFLOOR8	726	drakkarfjord	220024	A	C	core_destroyed	217
2026-08-13T12:28:56Z	FWDFLOOR8	727	drakkarfjord	220024	B	T	core_destroyed	160
2026-08-13T12:29:08Z	FWDFLOOR8	728	drumlin	220024	A	C	core_destroyed	560
2026-08-13T12:29:11Z	FWDFLOOR8	729	drumlin	220024	B	C	core_destroyed	179
2026-08-13T12:29:12Z	FWDFLOOR8	730	fjordgate	220024	A	C	core_destroyed	120
2026-08-13T12:29:14Z	FWDFLOOR8	731	fjordgate	220024	B	C	core_destroyed	220
2026-08-13T12:29:16Z	FWDFLOOR8	732	frostgate	220024	A	T	core_destroyed	104
2026-08-13T12:29:18Z	FWDFLOOR8	733	frostgate	220024	B	C	tiebreak	1000
2026-08-13T12:29:23Z	FWDFLOOR8	734	glacierkeep	220024	A	C	core_destroyed	771
2026-08-13T12:29:25Z	FWDFLOOR8	735	glacierkeep	220024	B	C	core_destroyed	201
2026-08-13T12:29:30Z	FWDFLOOR8	736	icefloe	220024	A	C	core_destroyed	594
2026-08-13T12:29:33Z	FWDFLOOR8	737	icefloe	220024	B	T	core_destroyed	281
2026-08-13T12:29:35Z	FWDFLOOR8	738	midgard	220024	A	C	core_destroyed	99
2026-08-13T12:29:40Z	FWDFLOOR8	739	midgard	220024	B	C	core_destroyed	151
2026-08-13T12:29:41Z	FWDFLOOR8	740	nordkap	220024	A	T	core_destroyed	126
2026-08-13T12:29:47Z	FWDFLOOR8	741	nordkap	220024	B	T	tiebreak	1000
2026-08-13T12:29:49Z	FWDFLOOR8	742	ragnarok	220024	A	T	core_destroyed	131
2026-08-13T12:29:52Z	FWDFLOOR8	743	ragnarok	220024	B	C	core_destroyed	136
2026-08-13T12:29:54Z	FWDFLOOR8	744	royale	220024	A	T	core_destroyed	368
2026-08-13T12:29:56Z	FWDFLOOR8	745	royale	220024	B	C	core_destroyed	386
2026-08-13T12:29:59Z	FWDFLOOR8	746	valkyrie	220024	A	T	core_destroyed	113
2026-08-13T12:30:03Z	FWDFLOOR8	747	valkyrie	220024	B	T	core_destroyed	462
2026-08-13T12:30:04Z	FWDFLOOR8	748	yulerune	220024	A	C	core_destroyed	120
2026-08-13T12:30:08Z	FWDFLOOR8	749	yulerune	220024	B	T	core_destroyed	213
2026-08-13T12:30:10Z	FWDFLOOR8	750	antler	220025	A	T	core_destroyed	143
2026-08-13T12:30:14Z	FWDFLOOR8	751	antler	220025	B	C	tiebreak	1000
2026-08-13T12:30:17Z	FWDFLOOR8	752	archipelago	220025	A	C	core_destroyed	208
2026-08-13T12:30:19Z	FWDFLOOR8	753	archipelago	220025	B	T	core_destroyed	154
2026-08-13T12:30:22Z	FWDFLOOR8	754	auroraveil	220025	A	T	core_destroyed	465
2026-08-13T12:30:25Z	FWDFLOOR8	755	auroraveil	220025	B	C	core_destroyed	456
2026-08-13T12:30:32Z	FWDFLOOR8	756	drakkarfjord	220025	A	T	core_destroyed	327
2026-08-13T12:30:36Z	FWDFLOOR8	757	drakkarfjord	220025	B	T	core_destroyed	166
2026-08-13T12:30:42Z	FWDFLOOR8	758	drumlin	220025	A	C	core_destroyed	346
2026-08-13T12:30:44Z	FWDFLOOR8	759	drumlin	220025	B	C	core_destroyed	311
2026-08-13T12:30:46Z	FWDFLOOR8	760	fjordgate	220025	A	C	core_destroyed	480
2026-08-13T12:30:48Z	FWDFLOOR8	761	fjordgate	220025	B	T	core_destroyed	182
2026-08-13T12:30:50Z	FWDFLOOR8	762	frostgate	220025	A	C	tiebreak	1000
2026-08-13T12:30:53Z	FWDFLOOR8	763	frostgate	220025	B	T	tiebreak	1000
2026-08-13T12:31:02Z	FWDFLOOR8	764	glacierkeep	220025	A	T	tiebreak	1000
2026-08-13T12:31:04Z	FWDFLOOR8	765	glacierkeep	220025	B	C	core_destroyed	145
2026-08-13T12:31:07Z	FWDFLOOR8	766	icefloe	220025	A	T	core_destroyed	293
2026-08-13T12:31:09Z	FWDFLOOR8	767	icefloe	220025	B	T	core_destroyed	119
2026-08-13T12:31:12Z	FWDFLOOR8	768	midgard	220025	A	T	core_destroyed	144
2026-08-13T12:31:16Z	FWDFLOOR8	769	midgard	220025	B	T	core_destroyed	126
2026-08-13T12:31:19Z	FWDFLOOR8	770	nordkap	220025	A	T	tiebreak	1000
2026-08-13T12:31:22Z	FWDFLOOR8	771	nordkap	220025	B	T	tiebreak	1000
2026-08-13T12:31:24Z	FWDFLOOR8	772	ragnarok	220025	A	T	core_destroyed	125
2026-08-13T12:31:28Z	FWDFLOOR8	773	ragnarok	220025	B	C	core_destroyed	162
2026-08-13T12:31:29Z	FWDFLOOR8	774	royale	220025	A	T	core_destroyed	132
2026-08-13T12:31:32Z	FWDFLOOR8	775	royale	220025	B	C	core_destroyed	667
2026-08-13T12:31:34Z	FWDFLOOR8	776	valkyrie	220025	A	C	core_destroyed	143
2026-08-13T12:31:36Z	FWDFLOOR8	777	valkyrie	220025	B	T	core_destroyed	91
2026-08-13T12:31:39Z	FWDFLOOR8	778	yulerune	220025	A	T	core_destroyed	303
2026-08-13T12:31:41Z	FWDFLOOR8	779	yulerune	220025	B	C	core_destroyed	184
2026-08-13T12:31:43Z	FWDFLOOR8	780	antler	220026	A	T	core_destroyed	236
2026-08-13T12:31:46Z	FWDFLOOR8	781	antler	220026	B	T	core_destroyed	238
2026-08-13T12:31:52Z	FWDFLOOR8	782	archipelago	220026	A	C	core_destroyed	598
2026-08-13T12:31:56Z	FWDFLOOR8	783	archipelago	220026	B	T	core_destroyed	196
2026-08-13T12:31:59Z	FWDFLOOR8	784	auroraveil	220026	A	T	tiebreak	1000
2026-08-13T12:32:01Z	FWDFLOOR8	785	auroraveil	220026	B	C	core_destroyed	101
2026-08-13T12:32:21Z	FWDFLOOR8	786	drakkarfjord	220026	A	T	tiebreak	1000
2026-08-13T12:32:26Z	FWDFLOOR8	787	drakkarfjord	220026	B	C	core_destroyed	238
2026-08-13T12:32:32Z	FWDFLOOR8	788	drumlin	220026	A	T	core_destroyed	703
2026-08-13T12:32:34Z	FWDFLOOR8	789	drumlin	220026	B	C	core_destroyed	177
2026-08-13T12:32:37Z	FWDFLOOR8	790	fjordgate	220026	A	C	tiebreak	1000
2026-08-13T12:32:39Z	FWDFLOOR8	791	fjordgate	220026	B	T	core_destroyed	369
2026-08-13T12:32:41Z	FWDFLOOR8	792	frostgate	220026	A	T	core_destroyed	481
2026-08-13T12:32:43Z	FWDFLOOR8	793	frostgate	220026	B	T	tiebreak	1000
2026-08-13T12:32:45Z	FWDFLOOR8	794	glacierkeep	220026	A	T	core_destroyed	103
2026-08-13T12:32:47Z	FWDFLOOR8	795	glacierkeep	220026	B	T	core_destroyed	115
2026-08-13T12:32:49Z	FWDFLOOR8	796	icefloe	220026	A	C	core_destroyed	214
2026-08-13T12:32:52Z	FWDFLOOR8	797	icefloe	220026	B	C	core_destroyed	218
2026-08-13T12:32:55Z	FWDFLOOR8	798	midgard	220026	A	T	core_destroyed	74
2026-08-13T12:32:58Z	FWDFLOOR8	799	midgard	220026	B	C	core_destroyed	81
2026-08-13T12:33:00Z	FWDFLOOR8	800	nordkap	220026	A	T	core_destroyed	241
2026-08-13T12:33:18Z	FWDFLOOR8	801	nordkap	220026	B	C	tiebreak	1000
2026-08-13T12:33:34Z	FWDFLOOR8	802	ragnarok	220026	A	C	core_destroyed	590
2026-08-13T12:33:37Z	FWDFLOOR8	803	ragnarok	220026	B	C	core_destroyed	195
2026-08-13T12:33:39Z	FWDFLOOR8	804	royale	220026	A	T	tiebreak	1000
2026-08-13T12:33:41Z	FWDFLOOR8	805	royale	220026	B	C	core_destroyed	140
2026-08-13T12:33:45Z	FWDFLOOR8	806	valkyrie	220026	A	C	core_destroyed	302
2026-08-13T12:33:49Z	FWDFLOOR8	807	valkyrie	220026	B	C	core_destroyed	229
2026-08-13T12:33:51Z	FWDFLOOR8	808	yulerune	220026	A	T	core_destroyed	156
2026-08-13T12:33:53Z	FWDFLOOR8	809	yulerune	220026	B	T	core_destroyed	262
2026-08-13T12:33:55Z	FWDFLOOR8	810	antler	220027	A	C	core_destroyed	385
2026-08-13T12:33:58Z	FWDFLOOR8	811	antler	220027	B	C	core_destroyed	254
2026-08-13T12:34:01Z	FWDFLOOR8	812	archipelago	220027	A	C	core_destroyed	170
2026-08-13T12:34:05Z	FWDFLOOR8	813	archipelago	220027	B	C	core_destroyed	170
2026-08-13T12:34:08Z	FWDFLOOR8	814	auroraveil	220027	A	T	core_destroyed	220
2026-08-13T12:34:11Z	FWDFLOOR8	815	auroraveil	220027	B	T	core_destroyed	481
2026-08-13T12:34:31Z	FWDFLOOR8	816	drakkarfjord	220027	A	C	tiebreak	1000
2026-08-13T12:34:34Z	FWDFLOOR8	817	drakkarfjord	220027	B	T	core_destroyed	149
2026-08-13T12:34:41Z	FWDFLOOR8	818	drumlin	220027	A	T	core_destroyed	639
2026-08-13T12:34:42Z	FWDFLOOR8	819	drumlin	220027	B	C	core_destroyed	197
2026-08-13T12:34:44Z	FWDFLOOR8	820	fjordgate	220027	A	T	core_destroyed	110
2026-08-13T12:34:45Z	FWDFLOOR8	821	fjordgate	220027	B	T	core_destroyed	126
2026-08-13T12:34:46Z	FWDFLOOR8	822	frostgate	220027	A	T	core_destroyed	159
2026-08-13T12:34:48Z	FWDFLOOR8	823	frostgate	220027	B	T	tiebreak	1000
2026-08-13T12:34:51Z	FWDFLOOR8	824	glacierkeep	220027	A	T	core_destroyed	270
2026-08-13T12:34:54Z	FWDFLOOR8	825	glacierkeep	220027	B	C	core_destroyed	226
2026-08-13T12:34:57Z	FWDFLOOR8	826	icefloe	220027	A	C	core_destroyed	480
2026-08-13T12:35:01Z	FWDFLOOR8	827	icefloe	220027	B	C	core_destroyed	234
2026-08-13T12:35:03Z	FWDFLOOR8	828	midgard	220027	A	C	core_destroyed	147
2026-08-13T12:35:08Z	FWDFLOOR8	829	midgard	220027	B	C	core_destroyed	155
2026-08-13T12:35:09Z	FWDFLOOR8	830	nordkap	220027	A	T	core_destroyed	101
2026-08-13T12:35:13Z	FWDFLOOR8	831	nordkap	220027	B	C	tiebreak	1000
2026-08-13T12:35:16Z	FWDFLOOR8	832	ragnarok	220027	A	T	core_destroyed	113
2026-08-13T12:35:19Z	FWDFLOOR8	833	ragnarok	220027	B	C	core_destroyed	119
2026-08-13T12:35:20Z	FWDFLOOR8	834	royale	220027	A	C	core_destroyed	149
2026-08-13T12:35:22Z	FWDFLOOR8	835	royale	220027	B	C	core_destroyed	137
2026-08-13T12:35:25Z	FWDFLOOR8	836	valkyrie	220027	A	T	core_destroyed	203
2026-08-13T12:35:29Z	FWDFLOOR8	837	valkyrie	220027	B	C	core_destroyed	219
2026-08-13T12:35:30Z	FWDFLOOR8	838	yulerune	220027	A	T	core_destroyed	170
2026-08-13T12:35:35Z	FWDFLOOR8	839	yulerune	220027	B	T	core_destroyed	319
2026-08-13T12:35:37Z	FWDFLOOR8	840	antler	220028	A	C	core_destroyed	461
2026-08-13T12:35:39Z	FWDFLOOR8	841	antler	220028	B	T	core_destroyed	389
2026-08-13T12:35:42Z	FWDFLOOR8	842	archipelago	220028	A	C	core_destroyed	219
2026-08-13T12:35:44Z	FWDFLOOR8	843	archipelago	220028	B	T	core_destroyed	83
2026-08-13T12:35:49Z	FWDFLOOR8	844	auroraveil	220028	A	T	tiebreak	1000
2026-08-13T12:35:52Z	FWDFLOOR8	845	auroraveil	220028	B	C	core_destroyed	125
2026-08-13T12:35:54Z	FWDFLOOR8	846	drakkarfjord	220028	A	T	core_destroyed	126
2026-08-13T12:36:03Z	FWDFLOOR8	847	drakkarfjord	220028	B	T	core_destroyed	712
2026-08-13T12:36:06Z	FWDFLOOR8	848	drumlin	220028	A	T	core_destroyed	230
2026-08-13T12:36:07Z	FWDFLOOR8	849	drumlin	220028	B	C	core_destroyed	115
2026-08-13T12:36:09Z	FWDFLOOR8	850	fjordgate	220028	A	T	core_destroyed	255
2026-08-13T12:36:12Z	FWDFLOOR8	851	fjordgate	220028	B	C	core_destroyed	284
2026-08-13T12:36:14Z	FWDFLOOR8	852	frostgate	220028	A	C	core_destroyed	380
2026-08-13T12:36:16Z	FWDFLOOR8	853	frostgate	220028	B	C	core_destroyed	329
2026-08-13T12:36:21Z	FWDFLOOR8	854	glacierkeep	220028	A	C	tiebreak	1000
2026-08-13T12:36:24Z	FWDFLOOR8	855	glacierkeep	220028	B	C	core_destroyed	206
2026-08-13T12:36:26Z	FWDFLOOR8	856	icefloe	220028	A	C	core_destroyed	140
2026-08-13T12:36:29Z	FWDFLOOR8	857	icefloe	220028	B	C	core_destroyed	247
2026-08-13T12:36:32Z	FWDFLOOR8	858	midgard	220028	A	C	core_destroyed	140
2026-08-13T12:36:34Z	FWDFLOOR8	859	midgard	220028	B	T	core_destroyed	84
2026-08-13T12:36:37Z	FWDFLOOR8	860	nordkap	220028	A	T	core_destroyed	207
2026-08-13T12:36:39Z	FWDFLOOR8	861	nordkap	220028	B	C	core_destroyed	173
2026-08-13T12:36:42Z	FWDFLOOR8	862	ragnarok	220028	A	T	core_destroyed	137
2026-08-13T12:36:45Z	FWDFLOOR8	863	ragnarok	220028	B	C	core_destroyed	125
2026-08-13T12:36:47Z	FWDFLOOR8	864	royale	220028	A	C	core_destroyed	233
2026-08-13T12:36:49Z	FWDFLOOR8	865	royale	220028	B	C	tiebreak	1000
2026-08-13T12:36:51Z	FWDFLOOR8	866	valkyrie	220028	A	T	core_destroyed	93
2026-08-13T12:37:04Z	FWDFLOOR8	867	valkyrie	220028	B	C	tiebreak	1000
2026-08-13T12:37:06Z	FWDFLOOR8	868	yulerune	220028	A	C	core_destroyed	124
2026-08-13T12:37:09Z	FWDFLOOR8	869	yulerune	220028	B	C	core_destroyed	214
2026-08-13T12:37:12Z	FWDFLOOR8	870	antler	220029	A	C	core_destroyed	687
2026-08-13T12:37:15Z	FWDFLOOR8	871	antler	220029	B	C	core_destroyed	249
2026-08-13T12:37:21Z	FWDFLOOR8	872	archipelago	220029	A	T	core_destroyed	588
2026-08-13T12:37:24Z	FWDFLOOR8	873	archipelago	220029	B	C	core_destroyed	107
2026-08-13T12:37:27Z	FWDFLOOR8	874	auroraveil	220029	A	C	core_destroyed	369
2026-08-13T12:37:31Z	FWDFLOOR8	875	auroraveil	220029	B	C	core_destroyed	248
2026-08-13T12:38:05Z	FWDFLOOR8	876	drakkarfjord	220029	A	C	tiebreak	1000
2026-08-13T12:38:10Z	FWDFLOOR8	877	drakkarfjord	220029	B	C	core_destroyed	210
2026-08-13T12:38:21Z	FWDFLOOR8	878	drumlin	220029	A	T	core_destroyed	378
2026-08-13T12:38:27Z	FWDFLOOR8	879	drumlin	220029	B	C	core_destroyed	432
2026-08-13T12:38:30Z	FWDFLOOR8	880	fjordgate	220029	A	T	core_destroyed	329
2026-08-13T12:38:34Z	FWDFLOOR8	881	fjordgate	220029	B	C	core_destroyed	337
2026-08-13T12:38:36Z	FWDFLOOR8	882	frostgate	220029	A	T	core_destroyed	225
2026-08-13T12:38:39Z	FWDFLOOR8	883	frostgate	220029	B	C	core_destroyed	224
2026-08-13T12:38:47Z	FWDFLOOR8	884	glacierkeep	220029	A	T	tiebreak	1000
2026-08-13T12:38:51Z	FWDFLOOR8	885	glacierkeep	220029	B	T	core_destroyed	581
2026-08-13T12:38:57Z	FWDFLOOR8	886	icefloe	220029	A	C	core_destroyed	499
2026-08-13T12:39:01Z	FWDFLOOR8	887	icefloe	220029	B	C	core_destroyed	199
2026-08-13T12:39:05Z	FWDFLOOR8	888	midgard	220029	A	T	core_destroyed	84
2026-08-13T12:39:09Z	FWDFLOOR8	889	midgard	220029	B	C	core_destroyed	77
2026-08-13T12:39:12Z	FWDFLOOR8	890	nordkap	220029	A	C	core_destroyed	206
2026-08-13T12:39:15Z	FWDFLOOR8	891	nordkap	220029	B	C	core_destroyed	195
2026-08-13T12:39:19Z	FWDFLOOR8	892	ragnarok	220029	A	T	core_destroyed	113
2026-08-13T12:39:24Z	FWDFLOOR8	893	ragnarok	220029	B	C	core_destroyed	151
2026-08-13T12:39:33Z	FWDFLOOR8	894	royale	220029	A	T	tiebreak	1000
2026-08-13T12:39:37Z	FWDFLOOR8	895	royale	220029	B	T	core_destroyed	280
2026-08-13T12:39:41Z	FWDFLOOR8	896	valkyrie	220029	A	C	core_destroyed	130
2026-08-13T12:39:53Z	FWDFLOOR8	897	valkyrie	220029	B	C	tiebreak	1000
2026-08-13T12:39:55Z	FWDFLOOR8	898	yulerune	220029	A	T	core_destroyed	140
2026-08-13T12:39:56Z	FWDFLOOR8	899	yulerune	220029	B	C	core_destroyed	104
2026-08-13T12:39:59Z	FWDFLOOR8	900	antler	220030	A	C	core_destroyed	321
2026-08-13T12:40:02Z	FWDFLOOR8	901	antler	220030	B	C	tiebreak	1000
2026-08-13T12:40:05Z	FWDFLOOR8	902	archipelago	220030	A	C	core_destroyed	148
2026-08-13T12:40:07Z	FWDFLOOR8	903	archipelago	220030	B	T	core_destroyed	90
2026-08-13T12:40:09Z	FWDFLOOR8	904	auroraveil	220030	A	T	core_destroyed	105
2026-08-13T12:40:15Z	FWDFLOOR8	905	auroraveil	220030	B	T	tiebreak	1000
2026-08-13T12:40:23Z	FWDFLOOR8	906	drakkarfjord	220030	A	T	core_destroyed	431
2026-08-13T12:40:36Z	FWDFLOOR8	907	drakkarfjord	220030	B	C	core_destroyed	872
2026-08-13T12:40:45Z	FWDFLOOR8	908	drumlin	220030	A	T	core_destroyed	858
2026-08-13T12:40:48Z	FWDFLOOR8	909	drumlin	220030	B	T	core_destroyed	807
2026-08-13T12:40:51Z	FWDFLOOR8	910	fjordgate	220030	A	C	core_destroyed	399
2026-08-13T12:40:53Z	FWDFLOOR8	911	fjordgate	220030	B	C	core_destroyed	157
2026-08-13T12:40:54Z	FWDFLOOR8	912	frostgate	220030	A	T	core_destroyed	216
2026-08-13T12:40:56Z	FWDFLOOR8	913	frostgate	220030	B	T	core_destroyed	163
2026-08-13T12:40:58Z	FWDFLOOR8	914	glacierkeep	220030	A	C	core_destroyed	190
2026-08-13T12:41:00Z	FWDFLOOR8	915	glacierkeep	220030	B	C	core_destroyed	343
2026-08-13T12:41:05Z	FWDFLOOR8	916	icefloe	220030	A	C	core_destroyed	338
2026-08-13T12:41:09Z	FWDFLOOR8	917	icefloe	220030	B	C	core_destroyed	185
2026-08-13T12:41:13Z	FWDFLOOR8	918	midgard	220030	A	T	core_destroyed	84
2026-08-13T12:41:23Z	FWDFLOOR8	919	midgard	220030	B	T	core_destroyed	250
2026-08-13T12:41:28Z	FWDFLOOR8	920	nordkap	220030	A	C	tiebreak	1000
2026-08-13T12:41:31Z	FWDFLOOR8	921	nordkap	220030	B	C	core_destroyed	523
2026-08-13T12:43:03Z	FWDFLOOR8	922	ragnarok	220030	A	T	tiebreak	1000
2026-08-13T12:43:07Z	FWDFLOOR8	923	ragnarok	220030	B	C	core_destroyed	135
2026-08-13T12:43:14Z	FWDFLOOR8	924	royale	220030	A	C	tiebreak	1000
2026-08-13T12:43:15Z	FWDFLOOR8	925	royale	220030	B	T	core_destroyed	90
2026-08-13T12:43:18Z	FWDFLOOR8	926	valkyrie	220030	A	T	core_destroyed	126
2026-08-13T12:43:24Z	FWDFLOOR8	927	valkyrie	220030	B	C	core_destroyed	250
2026-08-13T12:43:27Z	FWDFLOOR8	928	yulerune	220030	A	T	core_destroyed	199
2026-08-13T12:43:29Z	FWDFLOOR8	929	yulerune	220030	B	T	core_destroyed	225
2026-08-13T12:43:31Z	FWDFLOOR8	930	antler	220031	A	T	core_destroyed	287
2026-08-13T12:43:34Z	FWDFLOOR8	931	antler	220031	B	C	core_destroyed	180
2026-08-13T12:43:36Z	FWDFLOOR8	932	archipelago	220031	A	C	core_destroyed	128
2026-08-13T12:43:39Z	FWDFLOOR8	933	archipelago	220031	B	C	core_destroyed	150
2026-08-13T12:43:41Z	FWDFLOOR8	934	auroraveil	220031	A	T	core_destroyed	162
2026-08-13T12:43:44Z	FWDFLOOR8	935	auroraveil	220031	B	T	tiebreak	1000
2026-08-13T12:43:48Z	FWDFLOOR8	936	drakkarfjord	220031	A	T	core_destroyed	221
2026-08-13T12:43:52Z	FWDFLOOR8	937	drakkarfjord	220031	B	C	core_destroyed	248
2026-08-13T12:43:54Z	FWDFLOOR8	938	drumlin	220031	A	C	core_destroyed	109
2026-08-13T12:43:57Z	FWDFLOOR8	939	drumlin	220031	B	C	core_destroyed	152
2026-08-13T12:44:00Z	FWDFLOOR8	940	fjordgate	220031	A	C	core_destroyed	797
2026-08-13T12:44:01Z	FWDFLOOR8	941	fjordgate	220031	B	C	core_destroyed	143
2026-08-13T12:44:03Z	FWDFLOOR8	942	frostgate	220031	A	T	core_destroyed	236
2026-08-13T12:44:08Z	FWDFLOOR8	943	frostgate	220031	B	C	core_destroyed	480
2026-08-13T12:44:11Z	FWDFLOOR8	944	glacierkeep	220031	A	T	core_destroyed	208
2026-08-13T12:44:14Z	FWDFLOOR8	945	glacierkeep	220031	B	C	core_destroyed	373
2026-08-13T12:44:17Z	FWDFLOOR8	946	icefloe	220031	A	C	core_destroyed	255
2026-08-13T12:44:20Z	FWDFLOOR8	947	icefloe	220031	B	C	core_destroyed	217
2026-08-13T12:44:23Z	FWDFLOOR8	948	midgard	220031	A	C	core_destroyed	157
2026-08-13T12:44:27Z	FWDFLOOR8	949	midgard	220031	B	T	core_destroyed	120
2026-08-13T12:44:30Z	FWDFLOOR8	950	nordkap	220031	A	C	tiebreak	1000
2026-08-13T12:44:33Z	FWDFLOOR8	951	nordkap	220031	B	T	core_destroyed	398
2026-08-13T12:44:36Z	FWDFLOOR8	952	ragnarok	220031	A	T	core_destroyed	138
2026-08-13T12:44:40Z	FWDFLOOR8	953	ragnarok	220031	B	T	core_destroyed	176
2026-08-13T12:44:42Z	FWDFLOOR8	954	royale	220031	A	T	core_destroyed	238
2026-08-13T12:44:43Z	FWDFLOOR8	955	royale	220031	B	T	core_destroyed	156
2026-08-13T12:44:47Z	FWDFLOOR8	956	valkyrie	220031	A	C	core_destroyed	257
2026-08-13T12:44:56Z	FWDFLOOR8	957	valkyrie	220031	B	C	core_destroyed	573
2026-08-13T12:45:00Z	FWDFLOOR8	958	yulerune	220031	A	C	core_destroyed	265
2026-08-13T12:45:02Z	FWDFLOOR8	959	yulerune	220031	B	C	core_destroyed	253
2026-08-13T12:45:05Z	FWDFLOOR8	960	antler	220032	A	C	core_destroyed	356
2026-08-13T12:45:07Z	FWDFLOOR8	961	antler	220032	B	C	core_destroyed	252
2026-08-13T12:45:08Z	FWDFLOOR8	962	archipelago	220032	A	T	core_destroyed	104
2026-08-13T12:45:12Z	FWDFLOOR8	963	archipelago	220032	B	T	core_destroyed	169
2026-08-13T12:45:18Z	FWDFLOOR8	964	auroraveil	220032	A	C	core_destroyed	538
2026-08-13T12:45:19Z	FWDFLOOR8	965	auroraveil	220032	B	C	core_destroyed	353
2026-08-13T12:45:26Z	FWDFLOOR8	966	drakkarfjord	220032	A	C	tiebreak	1000
2026-08-13T12:45:29Z	FWDFLOOR8	967	drakkarfjord	220032	B	T	core_destroyed	155
2026-08-13T12:45:32Z	FWDFLOOR8	968	drumlin	220032	A	T	core_destroyed	259
2026-08-13T12:45:37Z	FWDFLOOR8	969	drumlin	220032	B	C	core_destroyed	281
2026-08-13T12:45:39Z	FWDFLOOR8	970	fjordgate	220032	A	C	core_destroyed	234
2026-08-13T12:45:41Z	FWDFLOOR8	971	fjordgate	220032	B	C	core_destroyed	172
2026-08-13T12:45:44Z	FWDFLOOR8	972	frostgate	220032	A	C	core_destroyed	634
2026-08-13T12:45:46Z	FWDFLOOR8	973	frostgate	220032	B	C	tiebreak	1000
2026-08-13T12:45:49Z	FWDFLOOR8	974	glacierkeep	220032	A	C	core_destroyed	352
2026-08-13T12:45:50Z	FWDFLOOR8	975	glacierkeep	220032	B	C	core_destroyed	139
2026-08-13T12:45:52Z	FWDFLOOR8	976	icefloe	220032	A	C	core_destroyed	150
2026-08-13T12:45:56Z	FWDFLOOR8	977	icefloe	220032	B	C	core_destroyed	242
2026-08-13T12:45:59Z	FWDFLOOR8	978	midgard	220032	A	T	core_destroyed	282
2026-08-13T12:46:02Z	FWDFLOOR8	979	midgard	220032	B	T	core_destroyed	79
2026-08-13T12:46:05Z	FWDFLOOR8	980	nordkap	220032	A	C	core_destroyed	761
2026-08-13T12:46:07Z	FWDFLOOR8	981	nordkap	220032	B	C	core_destroyed	193
2026-08-13T12:46:11Z	FWDFLOOR8	982	ragnarok	220032	A	C	tiebreak	1000
2026-08-13T12:46:14Z	FWDFLOOR8	983	ragnarok	220032	B	C	core_destroyed	146
2026-08-13T12:46:15Z	FWDFLOOR8	984	royale	220032	A	C	core_destroyed	136
2026-08-13T12:46:17Z	FWDFLOOR8	985	royale	220032	B	C	core_destroyed	235
2026-08-13T12:46:20Z	FWDFLOOR8	986	valkyrie	220032	A	T	core_destroyed	181
2026-08-13T12:46:23Z	FWDFLOOR8	987	valkyrie	220032	B	C	core_destroyed	188
2026-08-13T12:46:27Z	FWDFLOOR8	988	yulerune	220032	A	T	core_destroyed	285
2026-08-13T12:46:30Z	FWDFLOOR8	989	yulerune	220032	B	C	core_destroyed	199
2026-08-13T12:46:32Z	FWDFLOOR8	990	antler	220033	A	T	core_destroyed	182
2026-08-13T12:46:34Z	FWDFLOOR8	991	antler	220033	B	C	core_destroyed	152
2026-08-13T12:46:36Z	FWDFLOOR8	992	archipelago	220033	A	C	core_destroyed	127
2026-08-13T12:46:39Z	FWDFLOOR8	993	archipelago	220033	B	T	core_destroyed	314
2026-08-13T12:46:41Z	FWDFLOOR8	994	auroraveil	220033	A	C	core_destroyed	185
2026-08-13T12:46:43Z	FWDFLOOR8	995	auroraveil	220033	B	C	core_destroyed	140
2026-08-13T12:46:55Z	FWDFLOOR8	996	drakkarfjord	220033	A	C	core_destroyed	693
2026-08-13T12:47:03Z	FWDFLOOR8	997	drakkarfjord	220033	B	C	core_destroyed	517
2026-08-13T12:47:05Z	FWDFLOOR8	998	drumlin	220033	A	T	core_destroyed	145
2026-08-13T12:47:09Z	FWDFLOOR8	999	drumlin	220033	B	C	core_destroyed	220
2026-08-13T12:47:10Z	FWDFLOOR8	1000	fjordgate	220033	A	T	core_destroyed	122
2026-08-13T12:47:11Z	FWDFLOOR8	1001	fjordgate	220033	B	T	core_destroyed	132
2026-08-13T12:47:16Z	FWDFLOOR8	1002	frostgate	220033	A	T	core_destroyed	557
2026-08-13T12:47:18Z	FWDFLOOR8	1003	frostgate	220033	B	T	core_destroyed	469
2026-08-13T12:47:22Z	FWDFLOOR8	1004	glacierkeep	220033	A	T	core_destroyed	200
2026-08-13T12:47:26Z	FWDFLOOR8	1005	glacierkeep	220033	B	C	core_destroyed	536
2026-08-13T12:47:30Z	FWDFLOOR8	1006	icefloe	220033	A	T	core_destroyed	252
2026-08-13T12:47:34Z	FWDFLOOR8	1007	icefloe	220033	B	T	core_destroyed	190
2026-08-13T12:47:37Z	FWDFLOOR8	1008	midgard	220033	A	T	core_destroyed	152
2026-08-13T12:47:42Z	FWDFLOOR8	1009	midgard	220033	B	C	core_destroyed	204
2026-08-13T12:47:44Z	FWDFLOOR8	1010	nordkap	220033	A	T	core_destroyed	181
2026-08-13T12:47:49Z	FWDFLOOR8	1011	nordkap	220033	B	C	tiebreak	1000
2026-08-13T12:47:53Z	FWDFLOOR8	1012	ragnarok	220033	A	C	core_destroyed	197
2026-08-13T12:47:58Z	FWDFLOOR8	1013	ragnarok	220033	B	T	core_destroyed	215
2026-08-13T12:48:00Z	FWDFLOOR8	1014	royale	220033	A	C	core_destroyed	143
2026-08-13T12:48:02Z	FWDFLOOR8	1015	royale	220033	B	C	core_destroyed	289
2026-08-13T12:48:05Z	FWDFLOOR8	1016	valkyrie	220033	A	T	core_destroyed	142
2026-08-13T12:48:08Z	FWDFLOOR8	1017	valkyrie	220033	B	T	core_destroyed	239
2026-08-13T12:48:09Z	FWDFLOOR8	1018	yulerune	220033	A	T	core_destroyed	162
2026-08-13T12:48:11Z	FWDFLOOR8	1019	yulerune	220033	B	C	core_destroyed	123
2026-08-13T12:48:14Z	FWDFLOOR8	1020	antler	220034	A	C	core_destroyed	337
2026-08-13T12:48:17Z	FWDFLOOR8	1021	antler	220034	B	C	tiebreak	1000
2026-08-13T12:48:20Z	FWDFLOOR8	1022	archipelago	220034	A	C	core_destroyed	144
2026-08-13T12:48:23Z	FWDFLOOR8	1023	archipelago	220034	B	T	core_destroyed	113
2026-08-13T12:48:26Z	FWDFLOOR8	1024	auroraveil	220034	A	C	tiebreak	1000
2026-08-13T12:48:27Z	FWDFLOOR8	1025	auroraveil	220034	B	T	core_destroyed	149
2026-08-13T12:48:38Z	FWDFLOOR8	1026	drakkarfjord	220034	A	T	core_destroyed	925
2026-08-13T12:48:54Z	FWDFLOOR8	1027	drakkarfjord	220034	B	C	tiebreak	1000
2026-08-13T12:48:58Z	FWDFLOOR8	1028	drumlin	220034	A	C	core_destroyed	233
2026-08-13T12:49:00Z	FWDFLOOR8	1029	drumlin	220034	B	T	core_destroyed	167
2026-08-13T12:49:02Z	FWDFLOOR8	1030	fjordgate	220034	A	C	core_destroyed	371
2026-08-13T12:49:03Z	FWDFLOOR8	1031	fjordgate	220034	B	C	core_destroyed	127
2026-08-13T12:49:05Z	FWDFLOOR8	1032	frostgate	220034	A	T	core_destroyed	253
2026-08-13T12:49:10Z	FWDFLOOR8	1033	frostgate	220034	B	T	tiebreak	1000
2026-08-13T12:49:16Z	FWDFLOOR8	1034	glacierkeep	220034	A	C	core_destroyed	540
2026-08-13T12:49:17Z	FWDFLOOR8	1035	glacierkeep	220034	B	C	core_destroyed	145
2026-08-13T12:49:19Z	FWDFLOOR8	1036	icefloe	220034	A	T	core_destroyed	273
2026-08-13T12:49:22Z	FWDFLOOR8	1037	icefloe	220034	B	C	core_destroyed	264
2026-08-13T12:49:25Z	FWDFLOOR8	1038	midgard	220034	A	T	core_destroyed	96
2026-08-13T12:49:27Z	FWDFLOOR8	1039	midgard	220034	B	C	core_destroyed	105
2026-08-13T12:49:29Z	FWDFLOOR8	1040	nordkap	220034	A	T	core_destroyed	203
2026-08-13T12:49:31Z	FWDFLOOR8	1041	nordkap	220034	B	T	tiebreak	1000
2026-08-13T12:49:34Z	FWDFLOOR8	1042	ragnarok	220034	A	T	core_destroyed	121
2026-08-13T12:49:38Z	FWDFLOOR8	1043	ragnarok	220034	B	T	core_destroyed	139
2026-08-13T12:49:40Z	FWDFLOOR8	1044	royale	220034	A	T	core_destroyed	763
2026-08-13T12:49:41Z	FWDFLOOR8	1045	royale	220034	B	T	core_destroyed	149
2026-08-13T12:49:44Z	FWDFLOOR8	1046	valkyrie	220034	A	C	core_destroyed	150
2026-08-13T12:49:47Z	FWDFLOOR8	1047	valkyrie	220034	B	T	core_destroyed	99
2026-08-13T12:49:49Z	FWDFLOOR8	1048	yulerune	220034	A	C	core_destroyed	188
2026-08-13T12:49:52Z	FWDFLOOR8	1049	yulerune	220034	B	T	core_destroyed	494
2026-08-13T12:49:54Z	FWDFLOOR8	1050	antler	220035	A	T	core_destroyed	321
2026-08-13T12:49:56Z	FWDFLOOR8	1051	antler	220035	B	T	core_destroyed	355
2026-08-13T12:49:59Z	FWDFLOOR8	1052	archipelago	220035	A	T	core_destroyed	113
2026-08-13T12:50:01Z	FWDFLOOR8	1053	archipelago	220035	B	T	core_destroyed	77
2026-08-13T12:50:03Z	FWDFLOOR8	1054	auroraveil	220035	A	C	core_destroyed	162
2026-08-13T12:50:04Z	FWDFLOOR8	1055	auroraveil	220035	B	T	core_destroyed	141
2026-08-13T12:50:14Z	FWDFLOOR8	1056	drakkarfjord	220035	A	C	core_destroyed	556
2026-08-13T12:50:16Z	FWDFLOOR8	1057	drakkarfjord	220035	B	T	core_destroyed	97
2026-08-13T12:50:23Z	FWDFLOOR8	1058	drumlin	220035	A	C	core_destroyed	444
2026-08-13T12:50:28Z	FWDFLOOR8	1059	drumlin	220035	B	C	core_destroyed	413
2026-08-13T12:50:29Z	FWDFLOOR8	1060	fjordgate	220035	A	T	core_destroyed	110
2026-08-13T12:50:32Z	FWDFLOOR8	1061	fjordgate	220035	B	C	core_destroyed	500
2026-08-13T12:50:34Z	FWDFLOOR8	1062	frostgate	220035	A	C	core_destroyed	181
2026-08-13T12:50:36Z	FWDFLOOR8	1063	frostgate	220035	B	T	core_destroyed	260
2026-08-13T12:50:38Z	FWDFLOOR8	1064	glacierkeep	220035	A	T	core_destroyed	145
2026-08-13T12:50:40Z	FWDFLOOR8	1065	glacierkeep	220035	B	C	core_destroyed	139
2026-08-13T12:50:41Z	FWDFLOOR8	1066	icefloe	220035	A	C	core_destroyed	185
2026-08-13T12:50:43Z	FWDFLOOR8	1067	icefloe	220035	B	C	core_destroyed	353
2026-08-13T12:50:46Z	FWDFLOOR8	1068	midgard	220035	A	C	core_destroyed	127
2026-08-13T12:50:49Z	FWDFLOOR8	1069	midgard	220035	B	T	core_destroyed	142
2026-08-13T12:50:51Z	FWDFLOOR8	1070	nordkap	220035	A	T	core_destroyed	254
2026-08-13T12:50:54Z	FWDFLOOR8	1071	nordkap	220035	B	C	core_destroyed	871
2026-08-13T12:50:57Z	FWDFLOOR8	1072	ragnarok	220035	A	C	core_destroyed	190
2026-08-13T12:51:02Z	FWDFLOOR8	1073	ragnarok	220035	B	T	core_destroyed	175
2026-08-13T12:51:08Z	FWDFLOOR8	1074	royale	220035	A	C	tiebreak	1000
2026-08-13T12:51:10Z	FWDFLOOR8	1075	royale	220035	B	C	core_destroyed	204
2026-08-13T12:51:14Z	FWDFLOOR8	1076	valkyrie	220035	A	C	tiebreak	241
2026-08-13T12:51:16Z	FWDFLOOR8	1077	valkyrie	220035	B	T	core_destroyed	100
2026-08-13T12:51:18Z	FWDFLOOR8	1078	yulerune	220035	A	C	core_destroyed	429
2026-08-13T12:51:23Z	FWDFLOOR8	1079	yulerune	220035	B	T	core_destroyed	251
2026-08-13T12:51:26Z	FWDFLOOR8	1080	antler	220036	A	T	core_destroyed	694
2026-08-13T12:51:28Z	FWDFLOOR8	1081	antler	220036	B	C	core_destroyed	161
2026-08-13T12:51:32Z	FWDFLOOR8	1082	archipelago	220036	A	C	core_destroyed	412
2026-08-13T12:51:34Z	FWDFLOOR8	1083	archipelago	220036	B	C	core_destroyed	145
2026-08-13T12:51:35Z	FWDFLOOR8	1084	auroraveil	220036	A	C	core_destroyed	177
2026-08-13T12:51:37Z	FWDFLOOR8	1085	auroraveil	220036	B	C	core_destroyed	246
2026-08-13T12:51:45Z	FWDFLOOR8	1086	drakkarfjord	220036	A	T	core_destroyed	408
2026-08-13T12:51:47Z	FWDFLOOR8	1087	drakkarfjord	220036	B	T	core_destroyed	98
2026-08-13T12:51:49Z	FWDFLOOR8	1088	drumlin	220036	A	C	core_destroyed	128
2026-08-13T12:51:51Z	FWDFLOOR8	1089	drumlin	220036	B	C	core_destroyed	178
2026-08-13T12:51:53Z	FWDFLOOR8	1090	fjordgate	220036	A	T	core_destroyed	115
2026-08-13T12:51:54Z	FWDFLOOR8	1091	fjordgate	220036	B	T	core_destroyed	156
2026-08-13T12:51:56Z	FWDFLOOR8	1092	frostgate	220036	A	T	core_destroyed	315
2026-08-13T12:51:58Z	FWDFLOOR8	1093	frostgate	220036	B	T	core_destroyed	195
2026-08-13T12:52:00Z	FWDFLOOR8	1094	glacierkeep	220036	A	T	core_destroyed	161
2026-08-13T12:52:02Z	FWDFLOOR8	1095	glacierkeep	220036	B	C	core_destroyed	173
2026-08-13T12:52:04Z	FWDFLOOR8	1096	icefloe	220036	A	T	core_destroyed	159
2026-08-13T12:52:06Z	FWDFLOOR8	1097	icefloe	220036	B	C	core_destroyed	150
2026-08-13T12:52:09Z	FWDFLOOR8	1098	midgard	220036	A	T	core_destroyed	150
2026-08-13T12:52:13Z	FWDFLOOR8	1099	midgard	220036	B	T	core_destroyed	197
2026-08-13T12:52:15Z	FWDFLOOR8	1100	nordkap	220036	A	T	core_destroyed	156
2026-08-13T12:52:18Z	FWDFLOOR8	1101	nordkap	220036	B	T	tiebreak	1000
2026-08-13T12:52:20Z	FWDFLOOR8	1102	ragnarok	220036	A	T	core_destroyed	115
2026-08-13T12:52:23Z	FWDFLOOR8	1103	ragnarok	220036	B	C	core_destroyed	145
2026-08-13T12:52:24Z	FWDFLOOR8	1104	royale	220036	A	C	core_destroyed	134
2026-08-13T12:52:26Z	FWDFLOOR8	1105	royale	220036	B	T	core_destroyed	367
2026-08-13T12:52:28Z	FWDFLOOR8	1106	valkyrie	220036	A	T	core_destroyed	146
2026-08-13T12:52:31Z	FWDFLOOR8	1107	valkyrie	220036	B	C	core_destroyed	193
2026-08-13T12:52:34Z	FWDFLOOR8	1108	yulerune	220036	A	T	core_destroyed	366
2026-08-13T12:52:37Z	FWDFLOOR8	1109	yulerune	220036	B	T	core_destroyed	256
2026-08-13T12:52:38Z	FWDFLOOR8	1110	antler	220037	A	T	core_destroyed	136
2026-08-13T12:52:40Z	FWDFLOOR8	1111	antler	220037	B	T	core_destroyed	520
2026-08-13T12:52:46Z	FWDFLOOR8	1112	archipelago	220037	A	T	core_destroyed	301
2026-08-13T12:52:49Z	FWDFLOOR8	1113	archipelago	220037	B	C	core_destroyed	240
2026-08-13T12:52:50Z	FWDFLOOR8	1114	auroraveil	220037	A	C	core_destroyed	153
2026-08-13T12:52:52Z	FWDFLOOR8	1115	auroraveil	220037	B	T	core_destroyed	156
2026-08-13T12:52:54Z	FWDFLOOR8	1116	drakkarfjord	220037	A	C	core_destroyed	137
2026-08-13T12:52:57Z	FWDFLOOR8	1117	drakkarfjord	220037	B	C	core_destroyed	159
2026-08-13T12:53:01Z	FWDFLOOR8	1118	drumlin	220037	A	C	core_destroyed	383
2026-08-13T12:53:04Z	FWDFLOOR8	1119	drumlin	220037	B	T	core_destroyed	245
2026-08-13T12:53:05Z	FWDFLOOR8	1120	fjordgate	220037	A	C	core_destroyed	238
2026-08-13T12:53:07Z	FWDFLOOR8	1121	fjordgate	220037	B	C	core_destroyed	403
2026-08-13T12:53:11Z	FWDFLOOR8	1122	frostgate	220037	A	T	core_destroyed	618
2026-08-13T12:53:13Z	FWDFLOOR8	1123	frostgate	220037	B	C	core_destroyed	170
2026-08-13T12:53:18Z	FWDFLOOR8	1124	glacierkeep	220037	A	C	core_destroyed	332
2026-08-13T12:53:20Z	FWDFLOOR8	1125	glacierkeep	220037	B	T	core_destroyed	499
2026-08-13T12:53:21Z	FWDFLOOR8	1126	icefloe	220037	A	T	core_destroyed	178
2026-08-13T12:53:29Z	FWDFLOOR8	1127	icefloe	220037	B	T	tiebreak	1000
2026-08-13T12:53:33Z	FWDFLOOR8	1128	midgard	220037	A	C	core_destroyed	127
2026-08-13T12:53:36Z	FWDFLOOR8	1129	midgard	220037	B	C	core_destroyed	110
2026-08-13T12:53:38Z	FWDFLOOR8	1130	nordkap	220037	A	T	core_destroyed	247
2026-08-13T12:53:39Z	FWDFLOOR8	1131	nordkap	220037	B	C	core_destroyed	265
2026-08-13T12:53:42Z	FWDFLOOR8	1132	ragnarok	220037	A	C	core_destroyed	149
2026-08-13T12:53:53Z	FWDFLOOR8	1133	ragnarok	220037	B	T	core_destroyed	365
2026-08-13T12:53:54Z	FWDFLOOR8	1134	royale	220037	A	C	core_destroyed	161
2026-08-13T12:53:56Z	FWDFLOOR8	1135	royale	220037	B	T	core_destroyed	197
2026-08-13T12:53:59Z	FWDFLOOR8	1136	valkyrie	220037	A	T	tiebreak	1000
2026-08-13T12:54:02Z	FWDFLOOR8	1137	valkyrie	220037	B	C	core_destroyed	180
2026-08-13T12:54:03Z	FWDFLOOR8	1138	yulerune	220037	A	C	core_destroyed	124
2026-08-13T12:54:05Z	FWDFLOOR8	1139	yulerune	220037	B	C	core_destroyed	146
2026-08-13T12:54:07Z	FWDFLOOR8	1140	antler	220038	A	T	core_destroyed	191
2026-08-13T12:54:09Z	FWDFLOOR8	1141	antler	220038	B	T	core_destroyed	208
2026-08-13T12:54:11Z	FWDFLOOR8	1142	archipelago	220038	A	C	core_destroyed	79
2026-08-13T12:54:13Z	FWDFLOOR8	1143	archipelago	220038	B	T	core_destroyed	133
2026-08-13T12:54:15Z	FWDFLOOR8	1144	auroraveil	220038	A	T	core_destroyed	265
2026-08-13T12:54:17Z	FWDFLOOR8	1145	auroraveil	220038	B	C	core_destroyed	247
2026-08-13T12:54:29Z	FWDFLOOR8	1146	drakkarfjord	220038	A	T	core_destroyed	784
2026-08-13T12:54:36Z	FWDFLOOR8	1147	drakkarfjord	220038	B	C	tiebreak	1000
2026-08-13T12:54:38Z	FWDFLOOR8	1148	drumlin	220038	A	C	core_destroyed	332
2026-08-13T12:54:40Z	FWDFLOOR8	1149	drumlin	220038	B	T	core_destroyed	124
2026-08-13T12:54:42Z	FWDFLOOR8	1150	fjordgate	220038	A	T	core_destroyed	181
2026-08-13T12:54:49Z	FWDFLOOR8	1151	fjordgate	220038	B	C	tiebreak	1000
2026-08-13T12:54:51Z	FWDFLOOR8	1152	frostgate	220038	A	T	core_destroyed	277
2026-08-13T12:54:53Z	FWDFLOOR8	1153	frostgate	220038	B	C	core_destroyed	253
2026-08-13T12:54:56Z	FWDFLOOR8	1154	glacierkeep	220038	A	T	core_destroyed	236
2026-08-13T12:54:58Z	FWDFLOOR8	1155	glacierkeep	220038	B	C	core_destroyed	179
2026-08-13T12:55:07Z	FWDFLOOR8	1156	icefloe	220038	A	T	core_destroyed	933
2026-08-13T12:55:09Z	FWDFLOOR8	1157	icefloe	220038	B	T	core_destroyed	168
2026-08-13T12:55:12Z	FWDFLOOR8	1158	midgard	220038	A	C	core_destroyed	111
2026-08-13T12:55:16Z	FWDFLOOR8	1159	midgard	220038	B	C	core_destroyed	177
2026-08-13T12:55:17Z	FWDFLOOR8	1160	nordkap	220038	A	C	core_destroyed	441
2026-08-13T12:55:19Z	FWDFLOOR8	1161	nordkap	220038	B	C	core_destroyed	324
2026-08-13T12:55:59Z	FWDFLOOR8	1162	ragnarok	220038	A	T	tiebreak	1000
2026-08-13T12:57:04Z	FWDFLOOR8	1163	ragnarok	220038	B	T	tiebreak	1000
2026-08-13T12:57:06Z	FWDFLOOR8	1164	royale	220038	A	C	core_destroyed	187
2026-08-13T12:57:09Z	FWDFLOOR8	1165	royale	220038	B	C	tiebreak	1000
2026-08-13T12:57:11Z	FWDFLOOR8	1166	valkyrie	220038	A	C	core_destroyed	88
2026-08-13T12:57:15Z	FWDFLOOR8	1167	valkyrie	220038	B	C	core_destroyed	200
2026-08-13T12:57:17Z	FWDFLOOR8	1168	yulerune	220038	A	T	core_destroyed	132
2026-08-13T12:57:20Z	FWDFLOOR8	1169	yulerune	220038	B	C	core_destroyed	259
2026-08-13T12:57:22Z	FWDFLOOR8	1170	antler	220039	A	C	core_destroyed	331
2026-08-13T12:57:24Z	FWDFLOOR8	1171	antler	220039	B	T	core_destroyed	211
2026-08-13T12:57:26Z	FWDFLOOR8	1172	archipelago	220039	A	C	tiebreak	100
2026-08-13T12:57:29Z	FWDFLOOR8	1173	archipelago	220039	B	C	core_destroyed	152
2026-08-13T12:57:31Z	FWDFLOOR8	1174	auroraveil	220039	A	C	core_destroyed	237
2026-08-13T12:57:33Z	FWDFLOOR8	1175	auroraveil	220039	B	T	core_destroyed	239
2026-08-13T12:57:48Z	FWDFLOOR8	1176	drakkarfjord	220039	A	C	tiebreak	1000
2026-08-13T12:57:55Z	FWDFLOOR8	1177	drakkarfjord	220039	B	C	core_destroyed	869
2026-08-13T12:58:03Z	FWDFLOOR8	1178	drumlin	220039	A	T	core_destroyed	518
2026-08-13T12:58:08Z	FWDFLOOR8	1179	drumlin	220039	B	C	core_destroyed	282
2026-08-13T12:58:09Z	FWDFLOOR8	1180	fjordgate	220039	A	C	core_destroyed	118
2026-08-13T12:58:11Z	FWDFLOOR8	1181	fjordgate	220039	B	C	core_destroyed	121
2026-08-13T12:58:14Z	FWDFLOOR8	1182	frostgate	220039	A	C	core_destroyed	189
2026-08-13T12:58:16Z	FWDFLOOR8	1183	frostgate	220039	B	C	core_destroyed	135
2026-08-13T12:58:19Z	FWDFLOOR8	1184	glacierkeep	220039	A	T	core_destroyed	194
2026-08-13T12:58:28Z	FWDFLOOR8	1185	glacierkeep	220039	B	C	core_destroyed	657
2026-08-13T12:58:31Z	FWDFLOOR8	1186	icefloe	220039	A	C	core_destroyed	171
2026-08-13T12:58:34Z	FWDFLOOR8	1187	icefloe	220039	B	C	core_destroyed	360
2026-08-13T12:58:37Z	FWDFLOOR8	1188	midgard	220039	A	C	core_destroyed	96
2026-08-13T12:58:45Z	FWDFLOOR8	1189	midgard	220039	B	C	core_destroyed	425
2026-08-13T12:58:46Z	FWDFLOOR8	1190	nordkap	220039	A	C	core_destroyed	131
2026-08-13T12:58:48Z	FWDFLOOR8	1191	nordkap	220039	B	C	core_destroyed	132
2026-08-13T12:58:56Z	FWDFLOOR8	1192	ragnarok	220039	A	C	core_destroyed	468
2026-08-13T12:58:59Z	FWDFLOOR8	1193	ragnarok	220039	B	C	core_destroyed	142
2026-08-13T12:59:00Z	FWDFLOOR8	1194	royale	220039	A	C	core_destroyed	122
2026-08-13T12:59:02Z	FWDFLOOR8	1195	royale	220039	B	T	core_destroyed	165
2026-08-13T12:59:11Z	FWDFLOOR8	1196	valkyrie	220039	A	C	core_destroyed	559
2026-08-13T12:59:14Z	FWDFLOOR8	1197	valkyrie	220039	B	C	core_destroyed	112
2026-08-13T12:59:17Z	FWDFLOOR8	1198	yulerune	220039	A	C	core_destroyed	188
2026-08-13T12:59:20Z	FWDFLOOR8	1199	yulerune	220039	B	T	core_destroyed	197
2026-08-13T12:59:21Z	FWDFLOOR8	1200	antler	220040	A	T	core_destroyed	221
2026-08-13T12:59:24Z	FWDFLOOR8	1201	antler	220040	B	T	core_destroyed	354
2026-08-13T12:59:26Z	FWDFLOOR8	1202	archipelago	220040	A	C	core_destroyed	145
2026-08-13T12:59:28Z	FWDFLOOR8	1203	archipelago	220040	B	C	core_destroyed	77
2026-08-13T12:59:29Z	FWDFLOOR8	1204	auroraveil	220040	A	C	core_destroyed	175
2026-08-13T12:59:31Z	FWDFLOOR8	1205	auroraveil	220040	B	C	core_destroyed	155
2026-08-13T12:59:43Z	FWDFLOOR8	1206	drakkarfjord	220040	A	T	core_destroyed	559
2026-08-13T12:59:45Z	FWDFLOOR8	1207	drakkarfjord	220040	B	T	core_destroyed	138
2026-08-13T12:59:56Z	FWDFLOOR8	1208	drumlin	220040	A	T	tiebreak	1000
2026-08-13T12:59:58Z	FWDFLOOR8	1209	drumlin	220040	B	C	core_destroyed	108
2026-08-13T12:59:59Z	FWDFLOOR8	1210	fjordgate	220040	A	T	core_destroyed	262
2026-08-13T13:00:01Z	FWDFLOOR8	1211	fjordgate	220040	B	C	core_destroyed	274
2026-08-13T13:00:07Z	FWDFLOOR8	1212	frostgate	220040	A	T	core_destroyed	686
2026-08-13T13:00:09Z	FWDFLOOR8	1213	frostgate	220040	B	C	core_destroyed	582
2026-08-13T13:00:11Z	FWDFLOOR8	1214	glacierkeep	220040	A	T	core_destroyed	130
2026-08-13T13:00:27Z	FWDFLOOR8	1215	glacierkeep	220040	B	T	core_destroyed	579
2026-08-13T13:00:29Z	FWDFLOOR8	1216	icefloe	220040	A	C	core_destroyed	268
2026-08-13T13:00:32Z	FWDFLOOR8	1217	icefloe	220040	B	T	core_destroyed	206
2026-08-13T13:00:36Z	FWDFLOOR8	1218	midgard	220040	A	C	core_destroyed	345
2026-08-13T13:00:40Z	FWDFLOOR8	1219	midgard	220040	B	T	core_destroyed	228
2026-08-13T13:00:42Z	FWDFLOOR8	1220	nordkap	220040	A	T	core_destroyed	141
2026-08-13T13:00:45Z	FWDFLOOR8	1221	nordkap	220040	B	T	tiebreak	1000
2026-08-13T13:00:48Z	FWDFLOOR8	1222	ragnarok	220040	A	C	core_destroyed	137
2026-08-13T13:00:51Z	FWDFLOOR8	1223	ragnarok	220040	B	C	core_destroyed	152
2026-08-13T13:00:53Z	FWDFLOOR8	1224	royale	220040	A	C	core_destroyed	165
2026-08-13T13:00:56Z	FWDFLOOR8	1225	royale	220040	B	C	core_destroyed	877
2026-08-13T13:01:00Z	FWDFLOOR8	1226	valkyrie	220040	A	T	core_destroyed	299
2026-08-13T13:01:05Z	FWDFLOOR8	1227	valkyrie	220040	B	T	core_destroyed	157
2026-08-13T13:01:07Z	FWDFLOOR8	1228	yulerune	220040	A	C	core_destroyed	224
2026-08-13T13:01:10Z	FWDFLOOR8	1229	yulerune	220040	B	T	core_destroyed	384
2026-08-13T13:01:11Z	FWDFLOOR8	1230	antler	220041	A	T	core_destroyed	214
2026-08-13T13:01:14Z	FWDFLOOR8	1231	antler	220041	B	C	core_destroyed	292
2026-08-13T13:01:16Z	FWDFLOOR8	1232	archipelago	220041	A	T	core_destroyed	90
2026-08-13T13:01:20Z	FWDFLOOR8	1233	archipelago	220041	B	C	core_destroyed	262
2026-08-13T13:01:22Z	FWDFLOOR8	1234	auroraveil	220041	A	C	core_destroyed	83
2026-08-13T13:01:24Z	FWDFLOOR8	1235	auroraveil	220041	B	C	core_destroyed	156
2026-08-13T13:01:37Z	FWDFLOOR8	1236	drakkarfjord	220041	A	C	core_destroyed	853
2026-08-13T13:01:45Z	FWDFLOOR8	1237	drakkarfjord	220041	B	C	core_destroyed	325
2026-08-13T13:01:49Z	FWDFLOOR8	1238	drumlin	220041	A	C	core_destroyed	418
2026-08-13T13:01:51Z	FWDFLOOR8	1239	drumlin	220041	B	C	core_destroyed	139
2026-08-13T13:01:53Z	FWDFLOOR8	1240	fjordgate	220041	A	T	core_destroyed	96
2026-08-13T13:01:54Z	FWDFLOOR8	1241	fjordgate	220041	B	C	core_destroyed	211
2026-08-13T13:01:56Z	FWDFLOOR8	1242	frostgate	220041	A	C	core_destroyed	337
2026-08-13T13:01:58Z	FWDFLOOR8	1243	frostgate	220041	B	C	core_destroyed	255
2026-08-13T13:02:06Z	FWDFLOOR8	1244	glacierkeep	220041	A	T	tiebreak	1000
2026-08-13T13:02:08Z	FWDFLOOR8	1245	glacierkeep	220041	B	C	core_destroyed	124
2026-08-13T13:02:12Z	FWDFLOOR8	1246	icefloe	220041	A	T	tiebreak	1000
2026-08-13T13:02:15Z	FWDFLOOR8	1247	icefloe	220041	B	C	core_destroyed	168
2026-08-13T13:02:17Z	FWDFLOOR8	1248	midgard	220041	A	C	core_destroyed	75
2026-08-13T13:02:20Z	FWDFLOOR8	1249	midgard	220041	B	T	core_destroyed	118
2026-08-13T13:02:24Z	FWDFLOOR8	1250	nordkap	220041	A	T	core_destroyed	463
2026-08-13T13:02:26Z	FWDFLOOR8	1251	nordkap	220041	B	T	core_destroyed	213
2026-08-13T13:03:33Z	FWDFLOOR8	1252	ragnarok	220041	A	C	tiebreak	1000
2026-08-13T13:03:40Z	FWDFLOOR8	1253	ragnarok	220041	B	C	core_destroyed	286
2026-08-13T13:03:41Z	FWDFLOOR8	1254	royale	220041	A	T	core_destroyed	483
2026-08-13T13:03:43Z	FWDFLOOR8	1255	royale	220041	B	C	core_destroyed	299
2026-08-13T13:03:46Z	FWDFLOOR8	1256	valkyrie	220041	A	T	core_destroyed	118
2026-08-13T13:03:50Z	FWDFLOOR8	1257	valkyrie	220041	B	T	core_destroyed	258
2026-08-13T13:03:53Z	FWDFLOOR8	1258	yulerune	220041	A	C	core_destroyed	228
2026-08-13T13:03:56Z	FWDFLOOR8	1259	yulerune	220041	B	C	core_destroyed	184
2026-08-13T13:03:57Z	FWDFLOOR8	1260	antler	220042	A	C	core_destroyed	143
2026-08-13T13:03:59Z	FWDFLOOR8	1261	antler	220042	B	C	core_destroyed	200
2026-08-13T13:04:01Z	FWDFLOOR8	1262	archipelago	220042	A	C	core_destroyed	94
2026-08-13T13:04:04Z	FWDFLOOR8	1263	archipelago	220042	B	C	core_destroyed	206
2026-08-13T13:04:07Z	FWDFLOOR8	1264	auroraveil	220042	A	T	core_destroyed	361
2026-08-13T13:04:09Z	FWDFLOOR8	1265	auroraveil	220042	B	C	core_destroyed	152
2026-08-13T13:04:16Z	FWDFLOOR8	1266	drakkarfjord	220042	A	T	core_destroyed	450
2026-08-13T13:04:20Z	FWDFLOOR8	1267	drakkarfjord	220042	B	C	core_destroyed	210
2026-08-13T13:04:22Z	FWDFLOOR8	1268	drumlin	220042	A	T	core_destroyed	121
2026-08-13T13:04:27Z	FWDFLOOR8	1269	drumlin	220042	B	T	core_destroyed	272
2026-08-13T13:04:29Z	FWDFLOOR8	1270	fjordgate	220042	A	T	core_destroyed	557
2026-08-13T13:04:30Z	FWDFLOOR8	1271	fjordgate	220042	B	C	core_destroyed	165
2026-08-13T13:04:33Z	FWDFLOOR8	1272	frostgate	220042	A	C	core_destroyed	435
2026-08-13T13:04:35Z	FWDFLOOR8	1273	frostgate	220042	B	C	core_destroyed	224
2026-08-13T13:04:39Z	FWDFLOOR8	1274	glacierkeep	220042	A	C	core_destroyed	249
2026-08-13T13:04:42Z	FWDFLOOR8	1275	glacierkeep	220042	B	C	core_destroyed	237
2026-08-13T13:04:47Z	FWDFLOOR8	1276	icefloe	220042	A	C	core_destroyed	637
2026-08-13T13:04:49Z	FWDFLOOR8	1277	icefloe	220042	B	T	core_destroyed	118
2026-08-13T13:04:52Z	FWDFLOOR8	1278	midgard	220042	A	C	core_destroyed	75
2026-08-13T13:04:55Z	FWDFLOOR8	1279	midgard	220042	B	T	core_destroyed	85
2026-08-13T13:04:57Z	FWDFLOOR8	1280	nordkap	220042	A	C	tiebreak	1000
2026-08-13T13:05:00Z	FWDFLOOR8	1281	nordkap	220042	B	T	tiebreak	1000
2026-08-13T13:05:04Z	FWDFLOOR8	1282	ragnarok	220042	A	C	core_destroyed	158
2026-08-13T13:05:09Z	FWDFLOOR8	1283	ragnarok	220042	B	C	core_destroyed	303
2026-08-13T13:05:11Z	FWDFLOOR8	1284	royale	220042	A	C	core_destroyed	167
2026-08-13T13:05:15Z	FWDFLOOR8	1285	royale	220042	B	T	tiebreak	1000
2026-08-13T13:05:21Z	FWDFLOOR8	1286	valkyrie	220042	A	T	core_destroyed	313
2026-08-13T13:05:24Z	FWDFLOOR8	1287	valkyrie	220042	B	T	core_destroyed	239
2026-08-13T13:05:27Z	FWDFLOOR8	1288	yulerune	220042	A	T	core_destroyed	232
2026-08-13T13:05:31Z	FWDFLOOR8	1289	yulerune	220042	B	C	core_destroyed	472
2026-08-13T13:05:33Z	FWDFLOOR8	1290	antler	220043	A	C	core_destroyed	165
2026-08-13T13:05:36Z	FWDFLOOR8	1291	antler	220043	B	T	core_destroyed	588
2026-08-13T13:05:40Z	FWDFLOOR8	1292	archipelago	220043	A	T	core_destroyed	204
2026-08-13T13:05:43Z	FWDFLOOR8	1293	archipelago	220043	B	T	core_destroyed	168
2026-08-13T13:05:44Z	FWDFLOOR8	1294	auroraveil	220043	A	T	core_destroyed	211
2026-08-13T13:05:47Z	FWDFLOOR8	1295	auroraveil	220043	B	T	core_destroyed	253
2026-08-13T13:05:51Z	FWDFLOOR8	1296	drakkarfjord	220043	A	C	core_destroyed	217
2026-08-13T13:05:57Z	FWDFLOOR8	1297	drakkarfjord	220043	B	C	core_destroyed	311
2026-08-13T13:05:59Z	FWDFLOOR8	1298	drumlin	220043	A	T	core_destroyed	183
2026-08-13T13:06:02Z	FWDFLOOR8	1299	drumlin	220043	B	T	core_destroyed	121
2026-08-13T13:06:03Z	FWDFLOOR8	1300	fjordgate	220043	A	C	core_destroyed	237
2026-08-13T13:06:05Z	FWDFLOOR8	1301	fjordgate	220043	B	C	core_destroyed	227
2026-08-13T13:06:07Z	FWDFLOOR8	1302	frostgate	220043	A	T	core_destroyed	229
2026-08-13T13:06:12Z	FWDFLOOR8	1303	frostgate	220043	B	C	core_destroyed	616
2026-08-13T13:06:17Z	FWDFLOOR8	1304	glacierkeep	220043	A	T	core_destroyed	430
2026-08-13T13:06:19Z	FWDFLOOR8	1305	glacierkeep	220043	B	C	core_destroyed	367
2026-08-13T13:06:21Z	FWDFLOOR8	1306	icefloe	220043	A	T	core_destroyed	147
2026-08-13T13:06:23Z	FWDFLOOR8	1307	icefloe	220043	B	T	core_destroyed	144
2026-08-13T13:06:26Z	FWDFLOOR8	1308	midgard	220043	A	T	core_destroyed	111
2026-08-13T13:06:30Z	FWDFLOOR8	1309	midgard	220043	B	C	core_destroyed	257
2026-08-13T13:06:32Z	FWDFLOOR8	1310	nordkap	220043	A	C	core_destroyed	345
2026-08-13T13:06:34Z	FWDFLOOR8	1311	nordkap	220043	B	C	core_destroyed	323
2026-08-13T13:06:37Z	FWDFLOOR8	1312	ragnarok	220043	A	T	core_destroyed	160
2026-08-13T13:06:39Z	FWDFLOOR8	1313	ragnarok	220043	B	C	core_destroyed	160
2026-08-13T13:06:41Z	FWDFLOOR8	1314	royale	220043	A	T	core_destroyed	324
2026-08-13T13:06:43Z	FWDFLOOR8	1315	royale	220043	B	C	core_destroyed	219
2026-08-13T13:06:46Z	FWDFLOOR8	1316	valkyrie	220043	A	C	core_destroyed	179
2026-08-13T13:06:51Z	FWDFLOOR8	1317	valkyrie	220043	B	C	core_destroyed	355
2026-08-13T13:06:52Z	FWDFLOOR8	1318	yulerune	220043	A	T	core_destroyed	197
2026-08-13T13:06:54Z	FWDFLOOR8	1319	yulerune	220043	B	C	core_destroyed	143
2026-08-13T13:06:57Z	FWDFLOOR8	1320	antler	220044	A	C	core_destroyed	341
2026-08-13T13:06:59Z	FWDFLOOR8	1321	antler	220044	B	C	core_destroyed	216
2026-08-13T13:07:01Z	FWDFLOOR8	1322	archipelago	220044	A	C	core_destroyed	106
2026-08-13T13:07:10Z	FWDFLOOR8	1323	archipelago	220044	B	T	core_destroyed	461
2026-08-13T13:07:12Z	FWDFLOOR8	1324	auroraveil	220044	A	T	core_destroyed	247
2026-08-13T13:07:14Z	FWDFLOOR8	1325	auroraveil	220044	B	C	core_destroyed	124
2026-08-13T13:07:19Z	FWDFLOOR8	1326	drakkarfjord	220044	A	C	core_destroyed	423
2026-08-13T13:07:45Z	FWDFLOOR8	1327	drakkarfjord	220044	B	C	tiebreak	1000
2026-08-13T13:07:47Z	FWDFLOOR8	1328	drumlin	220044	A	T	core_destroyed	114
2026-08-13T13:07:49Z	FWDFLOOR8	1329	drumlin	220044	B	C	core_destroyed	115
2026-08-13T13:07:50Z	FWDFLOOR8	1330	fjordgate	220044	A	T	core_destroyed	129
2026-08-13T13:07:52Z	FWDFLOOR8	1331	fjordgate	220044	B	C	core_destroyed	338
2026-08-13T13:07:54Z	FWDFLOOR8	1332	frostgate	220044	A	T	core_destroyed	155
2026-08-13T13:07:56Z	FWDFLOOR8	1333	frostgate	220044	B	C	core_destroyed	202
2026-08-13T13:08:07Z	FWDFLOOR8	1334	glacierkeep	220044	A	T	core_destroyed	814
2026-08-13T13:08:20Z	FWDFLOOR8	1335	glacierkeep	220044	B	C	tiebreak	1000
2026-08-13T13:08:23Z	FWDFLOOR8	1336	icefloe	220044	A	T	tiebreak	1000
2026-08-13T13:08:25Z	FWDFLOOR8	1337	icefloe	220044	B	C	core_destroyed	124
2026-08-13T13:08:28Z	FWDFLOOR8	1338	midgard	220044	A	T	core_destroyed	77
2026-08-13T13:08:30Z	FWDFLOOR8	1339	midgard	220044	B	T	core_destroyed	91
2026-08-13T13:08:33Z	FWDFLOOR8	1340	nordkap	220044	A	T	core_destroyed	349
2026-08-13T13:08:34Z	FWDFLOOR8	1341	nordkap	220044	B	T	core_destroyed	249
2026-08-13T13:08:37Z	FWDFLOOR8	1342	ragnarok	220044	A	T	core_destroyed	118
2026-08-13T13:08:42Z	FWDFLOOR8	1343	ragnarok	220044	B	C	core_destroyed	219
2026-08-13T13:08:43Z	FWDFLOOR8	1344	royale	220044	A	C	core_destroyed	184
2026-08-13T13:08:45Z	FWDFLOOR8	1345	royale	220044	B	C	core_destroyed	444
2026-08-13T13:08:55Z	FWDFLOOR8	1346	valkyrie	220044	A	C	tiebreak	1000
2026-08-13T13:09:02Z	FWDFLOOR8	1347	valkyrie	220044	B	C	core_destroyed	321
2026-08-13T13:09:04Z	FWDFLOOR8	1348	yulerune	220044	A	C	core_destroyed	126
2026-08-13T13:09:06Z	FWDFLOOR8	1349	yulerune	220044	B	C	core_destroyed	146
2026-08-13T13:09:07Z	FWDFLOOR8	1350	antler	220045	A	T	core_destroyed	206
2026-08-13T13:09:09Z	FWDFLOOR8	1351	antler	220045	B	C	core_destroyed	205
2026-08-13T13:09:15Z	FWDFLOOR8	1352	archipelago	220045	A	T	core_destroyed	390
2026-08-13T13:09:18Z	FWDFLOOR8	1353	archipelago	220045	B	C	core_destroyed	125
2026-08-13T13:09:19Z	FWDFLOOR8	1354	auroraveil	220045	A	T	core_destroyed	93
2026-08-13T13:09:21Z	FWDFLOOR8	1355	auroraveil	220045	B	C	core_destroyed	131
2026-08-13T13:09:36Z	FWDFLOOR8	1356	drakkarfjord	220045	A	C	tiebreak	1000
2026-08-13T13:09:39Z	FWDFLOOR8	1357	drakkarfjord	220045	B	C	core_destroyed	188
2026-08-13T13:09:44Z	FWDFLOOR8	1358	drumlin	220045	A	T	core_destroyed	449
2026-08-13T13:09:47Z	FWDFLOOR8	1359	drumlin	220045	B	T	core_destroyed	547
2026-08-13T13:09:49Z	FWDFLOOR8	1360	fjordgate	220045	A	C	core_destroyed	446
2026-08-13T13:09:51Z	FWDFLOOR8	1361	fjordgate	220045	B	C	core_destroyed	292
2026-08-13T13:09:54Z	FWDFLOOR8	1362	frostgate	220045	A	C	tiebreak	1000
2026-08-13T13:09:56Z	FWDFLOOR8	1363	frostgate	220045	B	T	core_destroyed	260
2026-08-13T13:09:57Z	FWDFLOOR8	1364	glacierkeep	220045	A	T	core_destroyed	153
2026-08-13T13:09:59Z	FWDFLOOR8	1365	glacierkeep	220045	B	C	core_destroyed	124
2026-08-13T13:10:03Z	FWDFLOOR8	1366	icefloe	220045	A	T	core_destroyed	329
2026-08-13T13:10:08Z	FWDFLOOR8	1367	icefloe	220045	B	T	core_destroyed	364
2026-08-13T13:10:11Z	FWDFLOOR8	1368	midgard	220045	A	C	core_destroyed	132
2026-08-13T13:10:14Z	FWDFLOOR8	1369	midgard	220045	B	C	core_destroyed	169
2026-08-13T13:10:16Z	FWDFLOOR8	1370	nordkap	220045	A	C	core_destroyed	270
2026-08-13T13:10:18Z	FWDFLOOR8	1371	nordkap	220045	B	C	core_destroyed	279
2026-08-13T13:10:21Z	FWDFLOOR8	1372	ragnarok	220045	A	T	core_destroyed	135
2026-08-13T13:10:23Z	FWDFLOOR8	1373	ragnarok	220045	B	C	core_destroyed	113
2026-08-13T13:10:25Z	FWDFLOOR8	1374	royale	220045	A	T	core_destroyed	171
2026-08-13T13:10:27Z	FWDFLOOR8	1375	royale	220045	B	T	core_destroyed	266
2026-08-13T13:10:31Z	FWDFLOOR8	1376	valkyrie	220045	A	T	core_destroyed	219
2026-08-13T13:10:33Z	FWDFLOOR8	1377	valkyrie	220045	B	T	core_destroyed	95
2026-08-13T13:10:37Z	FWDFLOOR8	1378	yulerune	220045	A	T	core_destroyed	260
2026-08-13T13:10:41Z	FWDFLOOR8	1379	yulerune	220045	B	T	core_destroyed	254
2026-08-13T13:10:42Z	FWDFLOOR8	1380	antler	220046	A	T	core_destroyed	180
2026-08-13T13:10:45Z	FWDFLOOR8	1381	antler	220046	B	T	core_destroyed	489
2026-08-13T13:10:47Z	FWDFLOOR8	1382	archipelago	220046	A	T	core_destroyed	114
2026-08-13T13:10:50Z	FWDFLOOR8	1383	archipelago	220046	B	C	core_destroyed	196
2026-08-13T13:10:52Z	FWDFLOOR8	1384	auroraveil	220046	A	T	core_destroyed	131
2026-08-13T13:10:54Z	FWDFLOOR8	1385	auroraveil	220046	B	C	core_destroyed	317
2026-08-13T13:10:57Z	FWDFLOOR8	1386	drakkarfjord	220046	A	T	core_destroyed	249
2026-08-13T13:11:13Z	FWDFLOOR8	1387	drakkarfjord	220046	B	T	tiebreak	1000
2026-08-13T13:11:20Z	FWDFLOOR8	1388	drumlin	220046	A	C	core_destroyed	380
2026-08-13T13:11:21Z	FWDFLOOR8	1389	drumlin	220046	B	C	core_destroyed	108
2026-08-13T13:11:23Z	FWDFLOOR8	1390	fjordgate	220046	A	T	core_destroyed	169
2026-08-13T13:11:25Z	FWDFLOOR8	1391	fjordgate	220046	B	C	core_destroyed	212
2026-08-13T13:11:26Z	FWDFLOOR8	1392	frostgate	220046	A	C	core_destroyed	216
2026-08-13T13:11:30Z	FWDFLOOR8	1393	frostgate	220046	B	C	core_destroyed	337
2026-08-13T13:11:32Z	FWDFLOOR8	1394	glacierkeep	220046	A	T	core_destroyed	153
2026-08-13T13:11:36Z	FWDFLOOR8	1395	glacierkeep	220046	B	C	core_destroyed	336
2026-08-13T13:11:38Z	FWDFLOOR8	1396	icefloe	220046	A	C	core_destroyed	255
2026-08-13T13:11:41Z	FWDFLOOR8	1397	icefloe	220046	B	T	core_destroyed	154
2026-08-13T13:11:44Z	FWDFLOOR8	1398	midgard	220046	A	C	core_destroyed	80
2026-08-13T13:11:46Z	FWDFLOOR8	1399	midgard	220046	B	T	core_destroyed	134
2026-08-13T13:11:49Z	FWDFLOOR8	1400	nordkap	220046	A	T	core_destroyed	699
2026-08-13T13:11:51Z	FWDFLOOR8	1401	nordkap	220046	B	C	core_destroyed	198
2026-08-13T13:11:55Z	FWDFLOOR8	1402	ragnarok	220046	A	C	core_destroyed	257
2026-08-13T13:11:59Z	FWDFLOOR8	1403	ragnarok	220046	B	T	core_destroyed	150
2026-08-13T13:12:00Z	FWDFLOOR8	1404	royale	220046	A	C	core_destroyed	228
2026-08-13T13:12:04Z	FWDFLOOR8	1405	royale	220046	B	C	core_destroyed	609
2026-08-13T13:12:06Z	FWDFLOOR8	1406	valkyrie	220046	A	C	core_destroyed	199
2026-08-13T13:12:10Z	FWDFLOOR8	1407	valkyrie	220046	B	T	core_destroyed	232
2026-08-13T13:12:12Z	FWDFLOOR8	1408	yulerune	220046	A	C	core_destroyed	182
2026-08-13T13:12:14Z	FWDFLOOR8	1409	yulerune	220046	B	T	core_destroyed	158
2026-08-13T13:12:16Z	FWDFLOOR8	1410	antler	220047	A	T	core_destroyed	406
2026-08-13T13:12:17Z	FWDFLOOR8	1411	antler	220047	B	T	core_destroyed	154
2026-08-13T13:12:19Z	FWDFLOOR8	1412	archipelago	220047	A	C	core_destroyed	139
2026-08-13T13:12:22Z	FWDFLOOR8	1413	archipelago	220047	B	T	core_destroyed	119
2026-08-13T13:12:24Z	FWDFLOOR8	1414	auroraveil	220047	A	C	core_destroyed	245
2026-08-13T13:12:26Z	FWDFLOOR8	1415	auroraveil	220047	B	C	core_destroyed	163
2026-08-13T13:12:30Z	FWDFLOOR8	1416	drakkarfjord	220047	A	C	core_destroyed	222
2026-08-13T13:12:34Z	FWDFLOOR8	1417	drakkarfjord	220047	B	T	core_destroyed	237
2026-08-13T13:12:38Z	FWDFLOOR8	1418	drumlin	220047	A	C	core_destroyed	211
2026-08-13T13:12:40Z	FWDFLOOR8	1419	drumlin	220047	B	T	core_destroyed	181
2026-08-13T13:12:42Z	FWDFLOOR8	1420	fjordgate	220047	A	C	core_destroyed	213
2026-08-13T13:12:43Z	FWDFLOOR8	1421	fjordgate	220047	B	T	core_destroyed	109
2026-08-13T13:12:45Z	FWDFLOOR8	1422	frostgate	220047	A	C	core_destroyed	409
2026-08-13T13:12:46Z	FWDFLOOR8	1423	frostgate	220047	B	C	core_destroyed	112
2026-08-13T13:12:47Z	FWDFLOOR8	1424	glacierkeep	220047	A	T	core_destroyed	125
2026-08-13T13:12:49Z	FWDFLOOR8	1425	glacierkeep	220047	B	C	core_destroyed	150
2026-08-13T13:12:51Z	FWDFLOOR8	1426	icefloe	220047	A	T	core_destroyed	92
2026-08-13T13:12:52Z	FWDFLOOR8	1427	icefloe	220047	B	C	core_destroyed	149
2026-08-13T13:12:57Z	FWDFLOOR8	1428	midgard	220047	A	C	core_destroyed	181
2026-08-13T13:13:00Z	FWDFLOOR8	1429	midgard	220047	B	T	core_destroyed	140
2026-08-13T13:13:03Z	FWDFLOOR8	1430	nordkap	220047	A	T	tiebreak	1000
2026-08-13T13:13:04Z	FWDFLOOR8	1431	nordkap	220047	B	C	core_destroyed	285
2026-08-13T13:13:07Z	FWDFLOOR8	1432	ragnarok	220047	A	C	core_destroyed	251
2026-08-13T13:13:16Z	FWDFLOOR8	1433	ragnarok	220047	B	C	core_destroyed	209
2026-08-13T13:13:18Z	FWDFLOOR8	1434	royale	220047	A	T	core_destroyed	829
2026-08-13T13:13:21Z	FWDFLOOR8	1435	royale	220047	B	C	core_destroyed	146
2026-08-13T13:13:23Z	FWDFLOOR8	1436	valkyrie	220047	A	C	core_destroyed	115
2026-08-13T13:13:27Z	FWDFLOOR8	1437	valkyrie	220047	B	T	core_destroyed	199
2026-08-13T13:13:29Z	FWDFLOOR8	1438	yulerune	220047	A	C	core_destroyed	109
2026-08-13T13:13:31Z	FWDFLOOR8	1439	yulerune	220047	B	C	core_destroyed	191
2026-08-13T13:13:33Z	FWDFLOOR8	1440	antler	220048	A	T	core_destroyed	447
2026-08-13T13:13:35Z	FWDFLOOR8	1441	antler	220048	B	T	core_destroyed	245
2026-08-13T13:13:38Z	FWDFLOOR8	1442	archipelago	220048	A	T	core_destroyed	184
2026-08-13T13:13:40Z	FWDFLOOR8	1443	archipelago	220048	B	C	core_destroyed	90
2026-08-13T13:13:45Z	FWDFLOOR8	1444	auroraveil	220048	A	T	core_destroyed	457
2026-08-13T13:13:48Z	FWDFLOOR8	1445	auroraveil	220048	B	T	core_destroyed	429
2026-08-13T13:13:51Z	FWDFLOOR8	1446	drakkarfjord	220048	A	C	core_destroyed	185
2026-08-13T13:13:54Z	FWDFLOOR8	1447	drakkarfjord	220048	B	C	core_destroyed	97
2026-08-13T13:13:56Z	FWDFLOOR8	1448	drumlin	220048	A	C	core_destroyed	410
2026-08-13T13:14:00Z	FWDFLOOR8	1449	drumlin	220048	B	T	core_destroyed	361
2026-08-13T13:14:02Z	FWDFLOOR8	1450	fjordgate	220048	A	T	core_destroyed	386
2026-08-13T13:14:04Z	FWDFLOOR8	1451	fjordgate	220048	B	T	core_destroyed	192
2026-08-13T13:14:06Z	FWDFLOOR8	1452	frostgate	220048	A	C	core_destroyed	162
2026-08-13T13:14:08Z	FWDFLOOR8	1453	frostgate	220048	B	C	core_destroyed	265
2026-08-13T13:14:10Z	FWDFLOOR8	1454	glacierkeep	220048	A	T	core_destroyed	153
2026-08-13T13:14:12Z	FWDFLOOR8	1455	glacierkeep	220048	B	C	core_destroyed	209
2026-08-13T13:14:14Z	FWDFLOOR8	1456	icefloe	220048	A	C	core_destroyed	191
2026-08-13T13:14:17Z	FWDFLOOR8	1457	icefloe	220048	B	C	core_destroyed	310
2026-08-13T13:14:25Z	FWDFLOOR8	1458	midgard	220048	A	C	core_destroyed	535
2026-08-13T13:14:27Z	FWDFLOOR8	1459	midgard	220048	B	C	core_destroyed	94
2026-08-13T13:14:31Z	FWDFLOOR8	1460	nordkap	220048	A	C	core_destroyed	694
2026-08-13T13:14:33Z	FWDFLOOR8	1461	nordkap	220048	B	T	core_destroyed	164
2026-08-13T13:14:39Z	FWDFLOOR8	1462	ragnarok	220048	A	C	core_destroyed	224
2026-08-13T13:14:45Z	FWDFLOOR8	1463	ragnarok	220048	B	C	core_destroyed	168
2026-08-13T13:14:48Z	FWDFLOOR8	1464	royale	220048	A	C	core_destroyed	581
2026-08-13T13:14:49Z	FWDFLOOR8	1465	royale	220048	B	T	core_destroyed	364
2026-08-13T13:14:53Z	FWDFLOOR8	1466	valkyrie	220048	A	C	core_destroyed	197
2026-08-13T13:14:56Z	FWDFLOOR8	1467	valkyrie	220048	B	T	core_destroyed	122
2026-08-13T13:14:59Z	FWDFLOOR8	1468	yulerune	220048	A	C	core_destroyed	342
2026-08-13T13:15:03Z	FWDFLOOR8	1469	yulerune	220048	B	T	core_destroyed	191
2026-08-13T13:15:05Z	FWDFLOOR8	1470	antler	220049	A	T	core_destroyed	273
2026-08-13T13:15:09Z	FWDFLOOR8	1471	antler	220049	B	T	tiebreak	1000
2026-08-13T13:15:15Z	FWDFLOOR8	1472	archipelago	220049	A	T	core_destroyed	233
2026-08-13T13:15:18Z	FWDFLOOR8	1473	archipelago	220049	B	T	core_destroyed	109
2026-08-13T13:15:21Z	FWDFLOOR8	1474	auroraveil	220049	A	C	tiebreak	1000
2026-08-13T13:15:23Z	FWDFLOOR8	1475	auroraveil	220049	B	T	core_destroyed	200
2026-08-13T13:15:32Z	FWDFLOOR8	1476	drakkarfjord	220049	A	C	tiebreak	1000
2026-08-13T13:15:34Z	FWDFLOOR8	1477	drakkarfjord	220049	B	T	core_destroyed	112
2026-08-13T13:15:38Z	FWDFLOOR8	1478	drumlin	220049	A	T	core_destroyed	259
2026-08-13T13:15:43Z	FWDFLOOR8	1479	drumlin	220049	B	T	core_destroyed	702
2026-08-13T13:15:44Z	FWDFLOOR8	1480	fjordgate	220049	A	C	core_destroyed	221
2026-08-13T13:15:45Z	FWDFLOOR8	1481	fjordgate	220049	B	T	core_destroyed	179
2026-08-13T13:15:48Z	FWDFLOOR8	1482	frostgate	220049	A	C	core_destroyed	453
2026-08-13T13:15:50Z	FWDFLOOR8	1483	frostgate	220049	B	T	core_destroyed	170
2026-08-13T13:15:53Z	FWDFLOOR8	1484	glacierkeep	220049	A	T	core_destroyed	260
2026-08-13T13:15:55Z	FWDFLOOR8	1485	glacierkeep	220049	B	C	core_destroyed	204
2026-08-13T13:15:59Z	FWDFLOOR8	1486	icefloe	220049	A	T	core_destroyed	414
2026-08-13T13:16:02Z	FWDFLOOR8	1487	icefloe	220049	B	T	core_destroyed	331
2026-08-13T13:16:05Z	FWDFLOOR8	1488	midgard	220049	A	C	core_destroyed	261
2026-08-13T13:16:08Z	FWDFLOOR8	1489	midgard	220049	B	T	core_destroyed	95
2026-08-13T13:16:09Z	FWDFLOOR8	1490	nordkap	220049	A	T	core_destroyed	203
2026-08-13T13:16:11Z	FWDFLOOR8	1491	nordkap	220049	B	C	core_destroyed	113
2026-08-13T13:16:13Z	FWDFLOOR8	1492	ragnarok	220049	A	T	core_destroyed	123
2026-08-13T13:16:20Z	FWDFLOOR8	1493	ragnarok	220049	B	T	core_destroyed	202
2026-08-13T13:16:24Z	FWDFLOOR8	1494	royale	220049	A	C	core_destroyed	640
2026-08-13T13:16:25Z	FWDFLOOR8	1495	royale	220049	B	T	core_destroyed	188
2026-08-13T13:16:27Z	FWDFLOOR8	1496	valkyrie	220049	A	C	core_destroyed	146
2026-08-13T13:16:39Z	FWDFLOOR8	1497	valkyrie	220049	B	T	tiebreak	1000
2026-08-13T13:16:42Z	FWDFLOOR8	1498	yulerune	220049	A	C	core_destroyed	256
2026-08-13T13:16:43Z	FWDFLOOR8	1499	yulerune	220049	B	C	core_destroyed	140
2026-08-13T13:16:45Z	FWDFLOOR8	1500	antler	220050	A	T	core_destroyed	162
2026-08-13T13:16:47Z	FWDFLOOR8	1501	antler	220050	B	C	core_destroyed	173
2026-08-13T13:16:50Z	FWDFLOOR8	1502	archipelago	220050	A	T	core_destroyed	116
2026-08-13T13:16:52Z	FWDFLOOR8	1503	archipelago	220050	B	C	core_destroyed	88
2026-08-13T13:16:54Z	FWDFLOOR8	1504	auroraveil	220050	A	C	core_destroyed	165
2026-08-13T13:16:56Z	FWDFLOOR8	1505	auroraveil	220050	B	C	core_destroyed	184
2026-08-13T13:16:59Z	FWDFLOOR8	1506	drakkarfjord	220050	A	C	core_destroyed	155
2026-08-13T13:17:03Z	FWDFLOOR8	1507	drakkarfjord	220050	B	C	core_destroyed	271
2026-08-13T13:17:05Z	FWDFLOOR8	1508	drumlin	220050	A	T	core_destroyed	112
2026-08-13T13:17:06Z	FWDFLOOR8	1509	drumlin	220050	B	C	core_destroyed	101
2026-08-13T13:17:08Z	FWDFLOOR8	1510	fjordgate	220050	A	T	core_destroyed	291
2026-08-13T13:17:10Z	FWDFLOOR8	1511	fjordgate	220050	B	T	core_destroyed	231
2026-08-13T13:17:12Z	FWDFLOOR8	1512	frostgate	220050	A	C	tiebreak	1000
2026-08-13T13:17:15Z	FWDFLOOR8	1513	frostgate	220050	B	T	core_destroyed	228
2026-08-13T13:17:17Z	FWDFLOOR8	1514	glacierkeep	220050	A	T	core_destroyed	211
2026-08-13T13:17:20Z	FWDFLOOR8	1515	glacierkeep	220050	B	C	core_destroyed	301
2026-08-13T13:17:23Z	FWDFLOOR8	1516	icefloe	220050	A	C	core_destroyed	183
2026-08-13T13:17:25Z	FWDFLOOR8	1517	icefloe	220050	B	C	core_destroyed	140
2026-08-13T13:17:28Z	FWDFLOOR8	1518	midgard	220050	A	T	core_destroyed	85
2026-08-13T13:17:30Z	FWDFLOOR8	1519	midgard	220050	B	T	core_destroyed	75
2026-08-13T13:17:32Z	FWDFLOOR8	1520	nordkap	220050	A	T	core_destroyed	161
2026-08-13T13:17:34Z	FWDFLOOR8	1521	nordkap	220050	B	C	core_destroyed	145
2026-08-13T13:17:39Z	FWDFLOOR8	1522	ragnarok	220050	A	C	core_destroyed	188
2026-08-13T13:17:42Z	FWDFLOOR8	1523	ragnarok	220050	B	C	core_destroyed	157
2026-08-13T13:17:44Z	FWDFLOOR8	1524	royale	220050	A	C	core_destroyed	255
2026-08-13T13:17:45Z	FWDFLOOR8	1525	royale	220050	B	T	core_destroyed	396
2026-08-13T13:17:48Z	FWDFLOOR8	1526	valkyrie	220050	A	C	core_destroyed	230
2026-08-13T13:17:52Z	FWDFLOOR8	1527	valkyrie	220050	B	C	core_destroyed	186
2026-08-13T13:17:53Z	FWDFLOOR8	1528	yulerune	220050	A	T	core_destroyed	116
2026-08-13T13:17:57Z	FWDFLOOR8	1529	yulerune	220050	B	C	core_destroyed	236
2026-08-13T13:18:01Z	FWDFLOOR8	1530	antler	220051	A	T	core_destroyed	921
2026-08-13T13:18:03Z	FWDFLOOR8	1531	antler	220051	B	C	core_destroyed	136
2026-08-13T13:18:05Z	FWDFLOOR8	1532	archipelago	220051	A	T	core_destroyed	106
2026-08-13T13:18:07Z	FWDFLOOR8	1533	archipelago	220051	B	T	core_destroyed	95
2026-08-13T13:18:09Z	FWDFLOOR8	1534	auroraveil	220051	A	T	core_destroyed	324
2026-08-13T13:18:11Z	FWDFLOOR8	1535	auroraveil	220051	B	T	core_destroyed	131
2026-08-13T13:18:30Z	FWDFLOOR8	1536	drakkarfjord	220051	A	T	tiebreak	1000
2026-08-13T13:18:36Z	FWDFLOOR8	1537	drakkarfjord	220051	B	T	core_destroyed	544
2026-08-13T13:18:40Z	FWDFLOOR8	1538	drumlin	220051	A	C	core_destroyed	242
2026-08-13T13:18:42Z	FWDFLOOR8	1539	drumlin	220051	B	T	core_destroyed	353
2026-08-13T13:18:44Z	FWDFLOOR8	1540	fjordgate	220051	A	C	core_destroyed	281
2026-08-13T13:18:45Z	FWDFLOOR8	1541	fjordgate	220051	B	C	core_destroyed	190
2026-08-13T13:18:47Z	FWDFLOOR8	1542	frostgate	220051	A	C	core_destroyed	187
2026-08-13T13:18:49Z	FWDFLOOR8	1543	frostgate	220051	B	C	core_destroyed	154
2026-08-13T13:18:53Z	FWDFLOOR8	1544	glacierkeep	220051	A	C	core_destroyed	474
2026-08-13T13:18:57Z	FWDFLOOR8	1545	glacierkeep	220051	B	T	core_destroyed	214
2026-08-13T13:18:59Z	FWDFLOOR8	1546	icefloe	220051	A	T	core_destroyed	151
2026-08-13T13:19:01Z	FWDFLOOR8	1547	icefloe	220051	B	C	core_destroyed	163
2026-08-13T13:19:05Z	FWDFLOOR8	1548	midgard	220051	A	C	core_destroyed	275
2026-08-13T13:19:08Z	FWDFLOOR8	1549	midgard	220051	B	C	core_destroyed	143
2026-08-13T13:19:10Z	FWDFLOOR8	1550	nordkap	220051	A	T	tiebreak	1000
2026-08-13T13:19:12Z	FWDFLOOR8	1551	nordkap	220051	B	T	core_destroyed	264
2026-08-13T13:19:15Z	FWDFLOOR8	1552	ragnarok	220051	A	C	core_destroyed	155
2026-08-13T13:19:38Z	FWDFLOOR8	1553	ragnarok	220051	B	T	core_destroyed	432
2026-08-13T13:19:40Z	FWDFLOOR8	1554	royale	220051	A	C	core_destroyed	172
2026-08-13T13:19:41Z	FWDFLOOR8	1555	royale	220051	B	C	core_destroyed	260
2026-08-13T13:19:51Z	FWDFLOOR8	1556	valkyrie	220051	A	T	tiebreak	1000
2026-08-13T13:19:56Z	FWDFLOOR8	1557	valkyrie	220051	B	T	core_destroyed	222
2026-08-13T13:19:57Z	FWDFLOOR8	1558	yulerune	220051	A	C	core_destroyed	112
2026-08-13T13:20:00Z	FWDFLOOR8	1559	yulerune	220051	B	C	core_destroyed	269
2026-08-13T13:20:04Z	FWDFLOOR8	1560	antler	220052	A	T	tiebreak	1000
2026-08-13T13:20:06Z	FWDFLOOR8	1561	antler	220052	B	C	core_destroyed	230
2026-08-13T13:20:11Z	FWDFLOOR8	1562	archipelago	220052	A	C	core_destroyed	298
2026-08-13T13:20:13Z	FWDFLOOR8	1563	archipelago	220052	B	T	core_destroyed	125
2026-08-13T13:20:16Z	FWDFLOOR8	1564	auroraveil	220052	A	C	core_destroyed	324
2026-08-13T13:20:18Z	FWDFLOOR8	1565	auroraveil	220052	B	C	core_destroyed	204
2026-08-13T13:20:25Z	FWDFLOOR8	1566	drakkarfjord	220052	A	T	core_destroyed	315
2026-08-13T13:20:31Z	FWDFLOOR8	1567	drakkarfjord	220052	B	C	tiebreak	1000
2026-08-13T13:20:34Z	FWDFLOOR8	1568	drumlin	220052	A	C	tiebreak	1000
2026-08-13T13:20:36Z	FWDFLOOR8	1569	drumlin	220052	B	C	core_destroyed	154
2026-08-13T13:20:38Z	FWDFLOOR8	1570	fjordgate	220052	A	T	core_destroyed	182
2026-08-13T13:20:39Z	FWDFLOOR8	1571	fjordgate	220052	B	C	core_destroyed	167
2026-08-13T13:20:41Z	FWDFLOOR8	1572	frostgate	220052	A	T	tiebreak	1000
2026-08-13T13:20:42Z	FWDFLOOR8	1573	frostgate	220052	B	T	core_destroyed	120
2026-08-13T13:20:44Z	FWDFLOOR8	1574	glacierkeep	220052	A	T	core_destroyed	137
2026-08-13T13:20:49Z	FWDFLOOR8	1575	glacierkeep	220052	B	C	core_destroyed	429
2026-08-13T13:20:51Z	FWDFLOOR8	1576	icefloe	220052	A	T	core_destroyed	176
2026-08-13T13:20:55Z	FWDFLOOR8	1577	icefloe	220052	B	C	core_destroyed	324
2026-08-13T13:20:58Z	FWDFLOOR8	1578	midgard	220052	A	C	core_destroyed	122
2026-08-13T13:21:01Z	FWDFLOOR8	1579	midgard	220052	B	T	core_destroyed	146
2026-08-13T13:21:03Z	FWDFLOOR8	1580	nordkap	220052	A	T	core_destroyed	216
2026-08-13T13:21:06Z	FWDFLOOR8	1581	nordkap	220052	B	C	core_destroyed	521
2026-08-13T13:21:09Z	FWDFLOOR8	1582	ragnarok	220052	A	T	core_destroyed	121
2026-08-13T13:21:53Z	FWDFLOOR8	1583	ragnarok	220052	B	T	tiebreak	1000
2026-08-13T13:21:55Z	FWDFLOOR8	1584	royale	220052	A	T	core_destroyed	240
2026-08-13T13:21:57Z	FWDFLOOR8	1585	royale	220052	B	C	core_destroyed	467
2026-08-13T13:22:13Z	FWDFLOOR8	1586	valkyrie	220052	A	C	tiebreak	1000
2026-08-13T13:22:18Z	FWDFLOOR8	1587	valkyrie	220052	B	C	tiebreak	1000
2026-08-13T13:22:21Z	FWDFLOOR8	1588	yulerune	220052	A	T	core_destroyed	230
2026-08-13T13:22:25Z	FWDFLOOR8	1589	yulerune	220052	B	T	core_destroyed	522
2026-08-13T13:22:26Z	FWDFLOOR8	1590	antler	220053	A	C	core_destroyed	142
2026-08-13T13:22:28Z	FWDFLOOR8	1591	antler	220053	B	C	core_destroyed	131
2026-08-13T13:22:30Z	FWDFLOOR8	1592	archipelago	220053	A	C	core_destroyed	92
2026-08-13T13:22:32Z	FWDFLOOR8	1593	archipelago	220053	B	T	core_destroyed	154
2026-08-13T13:22:35Z	FWDFLOOR8	1594	auroraveil	220053	A	C	tiebreak	1000
2026-08-13T13:22:38Z	FWDFLOOR8	1595	auroraveil	220053	B	T	core_destroyed	325
2026-08-13T13:22:41Z	FWDFLOOR8	1596	drakkarfjord	220053	A	C	core_destroyed	241
2026-08-13T13:22:44Z	FWDFLOOR8	1597	drakkarfjord	220053	B	T	core_destroyed	222
2026-08-13T13:22:46Z	FWDFLOOR8	1598	drumlin	220053	A	T	core_destroyed	351
2026-08-13T13:22:47Z	FWDFLOOR8	1599	drumlin	220053	B	T	core_destroyed	78
2026-08-13T13:22:49Z	FWDFLOOR8	1600	fjordgate	220053	A	T	tiebreak	1000
2026-08-13T13:22:53Z	FWDFLOOR8	1601	fjordgate	220053	B	C	tiebreak	1000
2026-08-13T13:22:54Z	FWDFLOOR8	1602	frostgate	220053	A	T	core_destroyed	130
2026-08-13T13:22:55Z	FWDFLOOR8	1603	frostgate	220053	B	T	core_destroyed	180
2026-08-13T13:22:57Z	FWDFLOOR8	1604	glacierkeep	220053	A	T	core_destroyed	236
2026-08-13T13:23:01Z	FWDFLOOR8	1605	glacierkeep	220053	B	C	core_destroyed	368
2026-08-13T13:23:02Z	FWDFLOOR8	1606	icefloe	220053	A	C	core_destroyed	182
2026-08-13T13:23:05Z	FWDFLOOR8	1607	icefloe	220053	B	C	core_destroyed	360
2026-08-13T13:23:07Z	FWDFLOOR8	1608	midgard	220053	A	T	core_destroyed	69
2026-08-13T13:23:11Z	FWDFLOOR8	1609	midgard	220053	B	C	core_destroyed	88
2026-08-13T13:23:12Z	FWDFLOOR8	1610	nordkap	220053	A	T	core_destroyed	234
2026-08-13T13:23:15Z	FWDFLOOR8	1611	nordkap	220053	B	T	tiebreak	1000
2026-08-13T13:23:18Z	FWDFLOOR8	1612	ragnarok	220053	A	T	core_destroyed	178
2026-08-13T13:23:20Z	FWDFLOOR8	1613	ragnarok	220053	B	C	core_destroyed	135
2026-08-13T13:23:22Z	FWDFLOOR8	1614	royale	220053	A	C	core_destroyed	260
2026-08-13T13:23:27Z	FWDFLOOR8	1615	royale	220053	B	T	tiebreak	1000
2026-08-13T13:23:30Z	FWDFLOOR8	1616	valkyrie	220053	A	C	core_destroyed	119
2026-08-13T13:23:32Z	FWDFLOOR8	1617	valkyrie	220053	B	T	core_destroyed	91
2026-08-13T13:23:34Z	FWDFLOOR8	1618	yulerune	220053	A	C	core_destroyed	228
2026-08-13T13:23:39Z	FWDFLOOR8	1619	yulerune	220053	B	T	core_destroyed	265
2026-08-13T13:23:42Z	FWDFLOOR8	1620	antler	220054	A	C	tiebreak	1000
2026-08-13T13:23:44Z	FWDFLOOR8	1621	antler	220054	B	C	core_destroyed	216
2026-08-13T13:23:47Z	FWDFLOOR8	1622	archipelago	220054	A	C	core_destroyed	189
2026-08-13T13:23:51Z	FWDFLOOR8	1623	archipelago	220054	B	T	core_destroyed	218
2026-08-13T13:23:53Z	FWDFLOOR8	1624	auroraveil	220054	A	C	core_destroyed	253
2026-08-13T13:23:54Z	FWDFLOOR8	1625	auroraveil	220054	B	C	core_destroyed	291
2026-08-13T13:24:05Z	FWDFLOOR8	1626	drakkarfjord	220054	A	T	core_destroyed	781
2026-08-13T13:24:09Z	FWDFLOOR8	1627	drakkarfjord	220054	B	C	core_destroyed	282
2026-08-13T13:24:11Z	FWDFLOOR8	1628	drumlin	220054	A	T	core_destroyed	150
2026-08-13T13:24:16Z	FWDFLOOR8	1629	drumlin	220054	B	C	core_destroyed	785
2026-08-13T13:24:17Z	FWDFLOOR8	1630	fjordgate	220054	A	C	core_destroyed	474
2026-08-13T13:24:18Z	FWDFLOOR8	1631	fjordgate	220054	B	C	core_destroyed	127
2026-08-13T13:24:21Z	FWDFLOOR8	1632	frostgate	220054	A	C	tiebreak	1000
2026-08-13T13:24:23Z	FWDFLOOR8	1633	frostgate	220054	B	T	core_destroyed	182
2026-08-13T13:24:25Z	FWDFLOOR8	1634	glacierkeep	220054	A	C	core_destroyed	189
2026-08-13T13:24:28Z	FWDFLOOR8	1635	glacierkeep	220054	B	C	core_destroyed	252
2026-08-13T13:24:32Z	FWDFLOOR8	1636	icefloe	220054	A	C	core_destroyed	353
2026-08-13T13:24:34Z	FWDFLOOR8	1637	icefloe	220054	B	C	core_destroyed	195
2026-08-13T13:24:37Z	FWDFLOOR8	1638	midgard	220054	A	T	core_destroyed	85
2026-08-13T13:24:39Z	FWDFLOOR8	1639	midgard	220054	B	T	core_destroyed	87
2026-08-13T13:24:40Z	FWDFLOOR8	1640	nordkap	220054	A	T	core_destroyed	121
2026-08-13T13:24:42Z	FWDFLOOR8	1641	nordkap	220054	B	C	core_destroyed	266
2026-08-13T13:24:45Z	FWDFLOOR8	1642	ragnarok	220054	A	C	core_destroyed	137
2026-08-13T13:24:48Z	FWDFLOOR8	1643	ragnarok	220054	B	C	core_destroyed	152
2026-08-13T13:24:50Z	FWDFLOOR8	1644	royale	220054	A	C	core_destroyed	403
2026-08-13T13:24:52Z	FWDFLOOR8	1645	royale	220054	B	T	core_destroyed	219
2026-08-13T13:24:59Z	FWDFLOOR8	1646	valkyrie	220054	A	C	core_destroyed	329
2026-08-13T13:25:09Z	FWDFLOOR8	1647	valkyrie	220054	B	T	tiebreak	1000
2026-08-13T13:25:11Z	FWDFLOOR8	1648	yulerune	220054	A	C	core_destroyed	224
2026-08-13T13:25:15Z	FWDFLOOR8	1649	yulerune	220054	B	C	core_destroyed	262
2026-08-13T13:25:16Z	FWDFLOOR8	1650	antler	220055	A	T	core_destroyed	135
2026-08-13T13:25:19Z	FWDFLOOR8	1651	antler	220055	B	C	core_destroyed	663
2026-08-13T13:25:21Z	FWDFLOOR8	1652	archipelago	220055	A	C	core_destroyed	84
2026-08-13T13:25:23Z	FWDFLOOR8	1653	archipelago	220055	B	C	core_destroyed	111
2026-08-13T13:25:26Z	FWDFLOOR8	1654	auroraveil	220055	A	C	core_destroyed	285
2026-08-13T13:25:27Z	FWDFLOOR8	1655	auroraveil	220055	B	C	core_destroyed	88
2026-08-13T13:25:30Z	FWDFLOOR8	1656	drakkarfjord	220055	A	T	core_destroyed	151
2026-08-13T13:25:34Z	FWDFLOOR8	1657	drakkarfjord	220055	B	C	core_destroyed	228
2026-08-13T13:25:41Z	FWDFLOOR8	1658	drumlin	220055	A	T	core_destroyed	697
2026-08-13T13:25:44Z	FWDFLOOR8	1659	drumlin	220055	B	T	core_destroyed	421
2026-08-13T13:25:46Z	FWDFLOOR8	1660	fjordgate	220055	A	T	core_destroyed	589
2026-08-13T13:25:47Z	FWDFLOOR8	1661	fjordgate	220055	B	T	core_destroyed	204
2026-08-13T13:25:51Z	FWDFLOOR8	1662	frostgate	220055	A	T	core_destroyed	685
2026-08-13T13:25:53Z	FWDFLOOR8	1663	frostgate	220055	B	T	core_destroyed	302
2026-08-13T13:25:55Z	FWDFLOOR8	1664	glacierkeep	220055	A	T	core_destroyed	137
2026-08-13T13:25:56Z	FWDFLOOR8	1665	glacierkeep	220055	B	C	core_destroyed	139
2026-08-13T13:25:58Z	FWDFLOOR8	1666	icefloe	220055	A	C	core_destroyed	159
2026-08-13T13:26:00Z	FWDFLOOR8	1667	icefloe	220055	B	C	core_destroyed	134
2026-08-13T13:26:02Z	FWDFLOOR8	1668	midgard	220055	A	T	core_destroyed	78
2026-08-13T13:26:05Z	FWDFLOOR8	1669	midgard	220055	B	T	core_destroyed	104
2026-08-13T13:26:06Z	FWDFLOOR8	1670	nordkap	220055	A	T	core_destroyed	110
2026-08-13T13:26:07Z	FWDFLOOR8	1671	nordkap	220055	B	C	core_destroyed	98
2026-08-13T13:26:11Z	FWDFLOOR8	1672	ragnarok	220055	A	T	core_destroyed	211
2026-08-13T13:26:40Z	FWDFLOOR8	1673	ragnarok	220055	B	T	core_destroyed	653
2026-08-13T13:26:42Z	FWDFLOOR8	1674	royale	220055	A	C	core_destroyed	205
2026-08-13T13:26:43Z	FWDFLOOR8	1675	royale	220055	B	C	core_destroyed	99
2026-08-13T13:26:45Z	FWDFLOOR8	1676	valkyrie	220055	A	T	core_destroyed	139
2026-08-13T13:26:47Z	FWDFLOOR8	1677	valkyrie	220055	B	T	core_destroyed	113
2026-08-13T13:26:49Z	FWDFLOOR8	1678	yulerune	220055	A	T	core_destroyed	120
2026-08-13T13:26:52Z	FWDFLOOR8	1679	yulerune	220055	B	T	core_destroyed	276
2026-08-13T13:26:53Z	FWDFLOOR8	1680	antler	220056	A	C	core_destroyed	191
2026-08-13T13:26:55Z	FWDFLOOR8	1681	antler	220056	B	C	core_destroyed	417
2026-08-13T13:27:00Z	FWDFLOOR8	1682	archipelago	220056	A	C	core_destroyed	406
2026-08-13T13:27:04Z	FWDFLOOR8	1683	archipelago	220056	B	C	core_destroyed	252
2026-08-13T13:27:05Z	FWDFLOOR8	1684	auroraveil	220056	A	C	core_destroyed	111
2026-08-13T13:27:06Z	FWDFLOOR8	1685	auroraveil	220056	B	C	core_destroyed	77
2026-08-13T13:27:18Z	FWDFLOOR8	1686	drakkarfjord	220056	A	C	tiebreak	1000
2026-08-13T13:27:23Z	FWDFLOOR8	1687	drakkarfjord	220056	B	T	core_destroyed	412
2026-08-13T13:27:26Z	FWDFLOOR8	1688	drumlin	220056	A	T	core_destroyed	191
2026-08-13T13:27:28Z	FWDFLOOR8	1689	drumlin	220056	B	T	core_destroyed	146
2026-08-13T13:27:29Z	FWDFLOOR8	1690	fjordgate	220056	A	C	core_destroyed	89
2026-08-13T13:27:32Z	FWDFLOOR8	1691	fjordgate	220056	B	T	tiebreak	1000
2026-08-13T13:27:33Z	FWDFLOOR8	1692	frostgate	220056	A	T	core_destroyed	136
2026-08-13T13:27:39Z	FWDFLOOR8	1693	frostgate	220056	B	T	core_destroyed	717
2026-08-13T13:27:41Z	FWDFLOOR8	1694	glacierkeep	220056	A	C	core_destroyed	197
2026-08-13T13:27:42Z	FWDFLOOR8	1695	glacierkeep	220056	B	C	core_destroyed	124
2026-08-13T13:27:44Z	FWDFLOOR8	1696	icefloe	220056	A	C	core_destroyed	147
2026-08-13T13:27:48Z	FWDFLOOR8	1697	icefloe	220056	B	C	core_destroyed	296
2026-08-13T13:27:51Z	FWDFLOOR8	1698	midgard	220056	A	T	core_destroyed	108
2026-08-13T13:27:53Z	FWDFLOOR8	1699	midgard	220056	B	C	core_destroyed	77
2026-08-13T13:27:55Z	FWDFLOOR8	1700	nordkap	220056	A	T	core_destroyed	121
2026-08-13T13:27:56Z	FWDFLOOR8	1701	nordkap	220056	B	C	core_destroyed	102
2026-08-13T13:27:59Z	FWDFLOOR8	1702	ragnarok	220056	A	T	core_destroyed	129
2026-08-13T13:28:02Z	FWDFLOOR8	1703	ragnarok	220056	B	C	core_destroyed	143
2026-08-13T13:28:03Z	FWDFLOOR8	1704	royale	220056	A	T	core_destroyed	428
2026-08-13T13:28:05Z	FWDFLOOR8	1705	royale	220056	B	T	core_destroyed	116
2026-08-13T13:28:08Z	FWDFLOOR8	1706	valkyrie	220056	A	C	core_destroyed	224
2026-08-13T13:28:11Z	FWDFLOOR8	1707	valkyrie	220056	B	T	core_destroyed	137
2026-08-13T13:28:13Z	FWDFLOOR8	1708	yulerune	220056	A	C	core_destroyed	422
2026-08-13T13:28:18Z	FWDFLOOR8	1709	yulerune	220056	B	T	core_destroyed	367
2026-08-13T13:28:19Z	FWDFLOOR8	1710	antler	220057	A	C	core_destroyed	282
2026-08-13T13:28:22Z	FWDFLOOR8	1711	antler	220057	B	T	core_destroyed	593
2026-08-13T13:28:26Z	FWDFLOOR8	1712	archipelago	220057	A	T	core_destroyed	185
2026-08-13T13:28:28Z	FWDFLOOR8	1713	archipelago	220057	B	C	core_destroyed	100
2026-08-13T13:28:30Z	FWDFLOOR8	1714	auroraveil	220057	A	C	core_destroyed	151
2026-08-13T13:28:32Z	FWDFLOOR8	1715	auroraveil	220057	B	T	core_destroyed	133
2026-08-13T13:28:44Z	FWDFLOOR8	1716	drakkarfjord	220057	A	C	core_destroyed	792
2026-08-13T13:28:52Z	FWDFLOOR8	1717	drakkarfjord	220057	B	C	tiebreak	1000
2026-08-13T13:28:55Z	FWDFLOOR8	1718	drumlin	220057	A	T	core_destroyed	225
2026-08-13T13:28:58Z	FWDFLOOR8	1719	drumlin	220057	B	C	core_destroyed	169
2026-08-13T13:28:59Z	FWDFLOOR8	1720	fjordgate	220057	A	T	core_destroyed	206
2026-08-13T13:29:00Z	FWDFLOOR8	1721	fjordgate	220057	B	C	core_destroyed	65
2026-08-13T13:29:03Z	FWDFLOOR8	1722	frostgate	220057	A	C	tiebreak	1000
2026-08-13T13:29:04Z	FWDFLOOR8	1723	frostgate	220057	B	T	core_destroyed	241
2026-08-13T13:29:10Z	FWDFLOOR8	1724	glacierkeep	220057	A	T	core_destroyed	682
2026-08-13T13:29:14Z	FWDFLOOR8	1725	glacierkeep	220057	B	T	core_destroyed	649
2026-08-13T13:29:17Z	FWDFLOOR8	1726	icefloe	220057	A	C	core_destroyed	291
2026-08-13T13:29:20Z	FWDFLOOR8	1727	icefloe	220057	B	C	core_destroyed	235
2026-08-13T13:29:23Z	FWDFLOOR8	1728	midgard	220057	A	T	core_destroyed	111
2026-08-13T13:29:25Z	FWDFLOOR8	1729	midgard	220057	B	C	core_destroyed	104
2026-08-13T13:29:26Z	FWDFLOOR8	1730	nordkap	220057	A	C	core_destroyed	122
2026-08-13T13:29:29Z	FWDFLOOR8	1731	nordkap	220057	B	T	core_destroyed	530
2026-08-13T13:29:38Z	FWDFLOOR8	1732	ragnarok	220057	A	C	core_destroyed	332
2026-08-13T13:29:41Z	FWDFLOOR8	1733	ragnarok	220057	B	C	core_destroyed	219
2026-08-13T13:29:43Z	FWDFLOOR8	1734	royale	220057	A	T	core_destroyed	501
2026-08-13T13:29:44Z	FWDFLOOR8	1735	royale	220057	B	C	core_destroyed	184
2026-08-13T13:29:52Z	FWDFLOOR8	1736	valkyrie	220057	A	C	core_destroyed	374
2026-08-13T13:29:55Z	FWDFLOOR8	1737	valkyrie	220057	B	T	core_destroyed	303
2026-08-13T13:29:57Z	FWDFLOOR8	1738	yulerune	220057	A	C	core_destroyed	187
2026-08-13T13:30:02Z	FWDFLOOR8	1739	yulerune	220057	B	C	core_destroyed	262
2026-08-13T13:30:04Z	FWDFLOOR8	1740	antler	220058	A	T	core_destroyed	300
2026-08-13T13:30:06Z	FWDFLOOR8	1741	antler	220058	B	T	core_destroyed	344
2026-08-13T13:30:10Z	FWDFLOOR8	1742	archipelago	220058	A	C	core_destroyed	256
2026-08-13T13:30:13Z	FWDFLOOR8	1743	archipelago	220058	B	C	core_destroyed	160
2026-08-13T13:30:17Z	FWDFLOOR8	1744	auroraveil	220058	A	T	tiebreak	1000
2026-08-13T13:30:19Z	FWDFLOOR8	1745	auroraveil	220058	B	C	core_destroyed	193
2026-08-13T13:30:30Z	FWDFLOOR8	1746	drakkarfjord	220058	A	T	core_destroyed	709
2026-08-13T13:30:36Z	FWDFLOOR8	1747	drakkarfjord	220058	B	T	core_destroyed	357
2026-08-13T13:30:38Z	FWDFLOOR8	1748	drumlin	220058	A	C	core_destroyed	193
2026-08-13T13:30:40Z	FWDFLOOR8	1749	drumlin	220058	B	C	core_destroyed	126
2026-08-13T13:30:42Z	FWDFLOOR8	1750	fjordgate	220058	A	T	core_destroyed	179
2026-08-13T13:30:43Z	FWDFLOOR8	1751	fjordgate	220058	B	C	core_destroyed	170
2026-08-13T13:30:46Z	FWDFLOOR8	1752	frostgate	220058	A	T	core_destroyed	247
2026-08-13T13:30:47Z	FWDFLOOR8	1753	frostgate	220058	B	C	core_destroyed	176
2026-08-13T13:30:53Z	FWDFLOOR8	1754	glacierkeep	220058	A	C	core_destroyed	469
2026-08-13T13:30:55Z	FWDFLOOR8	1755	glacierkeep	220058	B	C	core_destroyed	216
2026-08-13T13:30:59Z	FWDFLOOR8	1756	icefloe	220058	A	C	core_destroyed	622
2026-08-13T13:31:01Z	FWDFLOOR8	1757	icefloe	220058	B	T	core_destroyed	113
2026-08-13T13:31:03Z	FWDFLOOR8	1758	midgard	220058	A	T	core_destroyed	88
2026-08-13T13:31:10Z	FWDFLOOR8	1759	midgard	220058	B	C	core_destroyed	228
2026-08-13T13:31:12Z	FWDFLOOR8	1760	nordkap	220058	A	T	core_destroyed	140
2026-08-13T13:31:14Z	FWDFLOOR8	1761	nordkap	220058	B	C	core_destroyed	182
2026-08-13T13:31:19Z	FWDFLOOR8	1762	ragnarok	220058	A	C	core_destroyed	320
2026-08-13T13:31:21Z	FWDFLOOR8	1763	ragnarok	220058	B	C	core_destroyed	132
2026-08-13T13:31:23Z	FWDFLOOR8	1764	royale	220058	A	C	core_destroyed	269
2026-08-13T13:31:24Z	FWDFLOOR8	1765	royale	220058	B	C	core_destroyed	249
2026-08-13T13:31:32Z	FWDFLOOR8	1766	valkyrie	220058	A	T	tiebreak	1000
2026-08-13T13:31:41Z	FWDFLOOR8	1767	valkyrie	220058	B	T	core_destroyed	798
2026-08-13T13:31:42Z	FWDFLOOR8	1768	yulerune	220058	A	T	core_destroyed	149
2026-08-13T13:31:46Z	FWDFLOOR8	1769	yulerune	220058	B	C	core_destroyed	317
2026-08-13T13:31:49Z	FWDFLOOR8	1770	antler	220059	A	C	core_destroyed	349
2026-08-13T13:31:51Z	FWDFLOOR8	1771	antler	220059	B	T	core_destroyed	321
2026-08-13T13:31:54Z	FWDFLOOR8	1772	archipelago	220059	A	C	core_destroyed	129
2026-08-13T13:31:57Z	FWDFLOOR8	1773	archipelago	220059	B	T	core_destroyed	127
2026-08-13T13:32:00Z	FWDFLOOR8	1774	auroraveil	220059	A	T	core_destroyed	284
2026-08-13T13:32:02Z	FWDFLOOR8	1775	auroraveil	220059	B	C	core_destroyed	148
2026-08-13T13:32:05Z	FWDFLOOR8	1776	drakkarfjord	220059	A	C	core_destroyed	240
2026-08-13T13:32:07Z	FWDFLOOR8	1777	drakkarfjord	220059	B	T	core_destroyed	96
2026-08-13T13:32:09Z	FWDFLOOR8	1778	drumlin	220059	A	T	core_destroyed	121
2026-08-13T13:32:20Z	FWDFLOOR8	1779	drumlin	220059	B	C	tiebreak	1000
2026-08-13T13:32:21Z	FWDFLOOR8	1780	fjordgate	220059	A	C	core_destroyed	118
2026-08-13T13:32:23Z	FWDFLOOR8	1781	fjordgate	220059	B	C	core_destroyed	233
2026-08-13T13:32:25Z	FWDFLOOR8	1782	frostgate	220059	A	T	core_destroyed	209
2026-08-13T13:32:26Z	FWDFLOOR8	1783	frostgate	220059	B	T	core_destroyed	229
2026-08-13T13:32:28Z	FWDFLOOR8	1784	glacierkeep	220059	A	T	core_destroyed	156
2026-08-13T13:32:32Z	FWDFLOOR8	1785	glacierkeep	220059	B	C	tiebreak	1000
2026-08-13T13:32:33Z	FWDFLOOR8	1786	icefloe	220059	A	T	core_destroyed	128
2026-08-13T13:32:37Z	FWDFLOOR8	1787	icefloe	220059	B	C	core_destroyed	366
2026-08-13T13:32:40Z	FWDFLOOR8	1788	midgard	220059	A	T	core_destroyed	88
2026-08-13T13:32:46Z	FWDFLOOR8	1789	midgard	220059	B	C	core_destroyed	265
2026-08-13T13:32:49Z	FWDFLOOR8	1790	nordkap	220059	A	C	core_destroyed	331
2026-08-13T13:32:53Z	FWDFLOOR8	1791	nordkap	220059	B	T	core_destroyed	236
2026-08-13T13:32:57Z	FWDFLOOR8	1792	ragnarok	220059	A	C	core_destroyed	180
2026-08-13T13:33:02Z	FWDFLOOR8	1793	ragnarok	220059	B	T	core_destroyed	309
2026-08-13T13:33:06Z	FWDFLOOR8	1794	royale	220059	A	C	tiebreak	1000
2026-08-13T13:33:08Z	FWDFLOOR8	1795	royale	220059	B	T	tiebreak	1000
2026-08-13T13:33:12Z	FWDFLOOR8	1796	valkyrie	220059	A	T	core_destroyed	222
2026-08-13T13:33:15Z	FWDFLOOR8	1797	valkyrie	220059	B	C	core_destroyed	341
2026-08-13T13:33:17Z	FWDFLOOR8	1798	yulerune	220059	A	C	core_destroyed	140
2026-08-13T13:33:19Z	FWDFLOOR8	1799	yulerune	220059	B	T	core_destroyed	222
2026-08-13T13:33:21Z	FWDFLOOR8	1800	antler	220060	A	C	core_destroyed	202
2026-08-13T13:33:23Z	FWDFLOOR8	1801	antler	220060	B	C	core_destroyed	345
2026-08-13T13:33:26Z	FWDFLOOR8	1802	archipelago	220060	A	C	core_destroyed	148
2026-08-13T13:33:29Z	FWDFLOOR8	1803	archipelago	220060	B	C	core_destroyed	263
2026-08-13T13:33:31Z	FWDFLOOR8	1804	auroraveil	220060	A	C	core_destroyed	169
2026-08-13T13:33:33Z	FWDFLOOR8	1805	auroraveil	220060	B	T	core_destroyed	182
2026-08-13T13:33:52Z	FWDFLOOR8	1806	drakkarfjord	220060	A	C	tiebreak	1000
2026-08-13T13:33:58Z	FWDFLOOR8	1807	drakkarfjord	220060	B	T	core_destroyed	365
2026-08-13T13:34:04Z	FWDFLOOR8	1808	drumlin	220060	A	C	core_destroyed	587
2026-08-13T13:34:07Z	FWDFLOOR8	1809	drumlin	220060	B	C	core_destroyed	179
2026-08-13T13:34:09Z	FWDFLOOR8	1810	fjordgate	220060	A	T	core_destroyed	557
2026-08-13T13:34:12Z	FWDFLOOR8	1811	fjordgate	220060	B	C	tiebreak	1000
2026-08-13T13:34:16Z	FWDFLOOR8	1812	frostgate	220060	A	T	core_destroyed	505
2026-08-13T13:34:17Z	FWDFLOOR8	1813	frostgate	220060	B	C	core_destroyed	146
2026-08-13T13:34:19Z	FWDFLOOR8	1814	glacierkeep	220060	A	T	core_destroyed	113
2026-08-13T13:34:21Z	FWDFLOOR8	1815	glacierkeep	220060	B	C	core_destroyed	156
2026-08-13T13:34:23Z	FWDFLOOR8	1816	icefloe	220060	A	C	core_destroyed	208
2026-08-13T13:34:27Z	FWDFLOOR8	1817	icefloe	220060	B	T	core_destroyed	255
2026-08-13T13:34:30Z	FWDFLOOR8	1818	midgard	220060	A	C	core_destroyed	130
2026-08-13T13:34:34Z	FWDFLOOR8	1819	midgard	220060	B	T	core_destroyed	114
2026-08-13T13:34:35Z	FWDFLOOR8	1820	nordkap	220060	A	T	core_destroyed	376
2026-08-13T13:34:37Z	FWDFLOOR8	1821	nordkap	220060	B	C	core_destroyed	216
2026-08-13T13:35:36Z	FWDFLOOR8	1822	ragnarok	220060	A	C	tiebreak	1000
2026-08-13T13:35:42Z	FWDFLOOR8	1823	ragnarok	220060	B	C	core_destroyed	217
2026-08-13T13:35:44Z	FWDFLOOR8	1824	royale	220060	A	C	core_destroyed	536
2026-08-13T13:35:46Z	FWDFLOOR8	1825	royale	220060	B	T	core_destroyed	373
2026-08-13T13:35:48Z	FWDFLOOR8	1826	valkyrie	220060	A	C	core_destroyed	96
2026-08-13T13:35:50Z	FWDFLOOR8	1827	valkyrie	220060	B	T	core_destroyed	116
2026-08-13T13:35:51Z	FWDFLOOR8	1828	yulerune	220060	A	C	core_destroyed	172
2026-08-13T13:35:54Z	FWDFLOOR8	1829	yulerune	220060	B	T	core_destroyed	188
2026-08-13T13:35:56Z	FWDFLOOR8	1830	antler	220061	A	C	core_destroyed	343
2026-08-13T13:35:59Z	FWDFLOOR8	1831	antler	220061	B	C	core_destroyed	378
2026-08-13T13:36:02Z	FWDFLOOR8	1832	archipelago	220061	A	T	core_destroyed	128
2026-08-13T13:36:05Z	FWDFLOOR8	1833	archipelago	220061	B	T	core_destroyed	115
2026-08-13T13:36:07Z	FWDFLOOR8	1834	auroraveil	220061	A	C	core_destroyed	122
2026-08-13T13:36:08Z	FWDFLOOR8	1835	auroraveil	220061	B	T	core_destroyed	137
2026-08-13T13:36:11Z	FWDFLOOR8	1836	drakkarfjord	220061	A	T	core_destroyed	249
2026-08-13T13:36:13Z	FWDFLOOR8	1837	drakkarfjord	220061	B	T	core_destroyed	131
2026-08-13T13:36:17Z	FWDFLOOR8	1838	drumlin	220061	A	C	core_destroyed	174
2026-08-13T13:36:18Z	FWDFLOOR8	1839	drumlin	220061	B	C	core_destroyed	208
2026-08-13T13:36:20Z	FWDFLOOR8	1840	fjordgate	220061	A	C	core_destroyed	363
2026-08-13T13:36:22Z	FWDFLOOR8	1841	fjordgate	220061	B	T	core_destroyed	267
2026-08-13T13:36:24Z	FWDFLOOR8	1842	frostgate	220061	A	C	core_destroyed	236
2026-08-13T13:36:26Z	FWDFLOOR8	1843	frostgate	220061	B	C	core_destroyed	130
2026-08-13T13:36:48Z	FWDFLOOR8	1844	glacierkeep	220061	A	T	tiebreak	1000
2026-08-13T13:36:51Z	FWDFLOOR8	1845	glacierkeep	220061	B	C	core_destroyed	365
2026-08-13T13:36:53Z	FWDFLOOR8	1846	icefloe	220061	A	T	core_destroyed	122
2026-08-13T13:36:55Z	FWDFLOOR8	1847	icefloe	220061	B	T	core_destroyed	149
2026-08-13T13:36:57Z	FWDFLOOR8	1848	midgard	220061	A	C	core_destroyed	90
2026-08-13T13:37:00Z	FWDFLOOR8	1849	midgard	220061	B	T	core_destroyed	84
2026-08-13T13:37:06Z	FWDFLOOR8	1850	nordkap	220061	A	T	tiebreak	1000
2026-08-13T13:37:07Z	FWDFLOOR8	1851	nordkap	220061	B	T	core_destroyed	116
2026-08-13T13:37:10Z	FWDFLOOR8	1852	ragnarok	220061	A	T	core_destroyed	150
2026-08-13T13:37:59Z	FWDFLOOR8	1853	ragnarok	220061	B	T	tiebreak	1000
2026-08-13T13:38:02Z	FWDFLOOR8	1854	royale	220061	A	C	core_destroyed	491
2026-08-13T13:38:05Z	FWDFLOOR8	1855	royale	220061	B	T	core_destroyed	293
2026-08-13T13:38:07Z	FWDFLOOR8	1856	valkyrie	220061	A	C	core_destroyed	118
2026-08-13T13:38:13Z	FWDFLOOR8	1857	valkyrie	220061	B	T	core_destroyed	289
2026-08-13T13:38:16Z	FWDFLOOR8	1858	yulerune	220061	A	T	core_destroyed	168
2026-08-13T13:38:20Z	FWDFLOOR8	1859	yulerune	220061	B	C	core_destroyed	272
2026-08-13T13:38:22Z	FWDFLOOR8	1860	antler	220062	A	C	core_destroyed	323
2026-08-13T13:38:25Z	FWDFLOOR8	1861	antler	220062	B	C	core_destroyed	319
2026-08-13T13:38:27Z	FWDFLOOR8	1862	archipelago	220062	A	C	core_destroyed	199
2026-08-13T13:38:32Z	FWDFLOOR8	1863	archipelago	220062	B	C	core_destroyed	264
2026-08-13T13:38:34Z	FWDFLOOR8	1864	auroraveil	220062	A	C	core_destroyed	193
2026-08-13T13:38:36Z	FWDFLOOR8	1865	auroraveil	220062	B	T	core_destroyed	162
2026-08-13T13:38:39Z	FWDFLOOR8	1866	drakkarfjord	220062	A	C	core_destroyed	222
2026-08-13T13:38:42Z	FWDFLOOR8	1867	drakkarfjord	220062	B	C	core_destroyed	408
2026-08-13T13:38:45Z	FWDFLOOR8	1868	drumlin	220062	A	T	core_destroyed	357
2026-08-13T13:38:49Z	FWDFLOOR8	1869	drumlin	220062	B	T	core_destroyed	357
2026-08-13T13:38:50Z	FWDFLOOR8	1870	fjordgate	220062	A	T	core_destroyed	95
2026-08-13T13:38:51Z	FWDFLOOR8	1871	fjordgate	220062	B	C	core_destroyed	151
2026-08-13T13:38:53Z	FWDFLOOR8	1872	frostgate	220062	A	C	core_destroyed	358
2026-08-13T13:38:54Z	FWDFLOOR8	1873	frostgate	220062	B	T	core_destroyed	121
2026-08-13T13:38:58Z	FWDFLOOR8	1874	glacierkeep	220062	A	T	core_destroyed	332
2026-08-13T13:39:07Z	FWDFLOOR8	1875	glacierkeep	220062	B	T	core_destroyed	349
2026-08-13T13:39:11Z	FWDFLOOR8	1876	icefloe	220062	A	T	core_destroyed	264
2026-08-13T13:39:21Z	FWDFLOOR8	1877	icefloe	220062	B	T	tiebreak	1000
2026-08-13T13:39:26Z	FWDFLOOR8	1878	midgard	220062	A	C	core_destroyed	218
2026-08-13T13:39:32Z	FWDFLOOR8	1879	midgard	220062	B	C	core_destroyed	230
2026-08-13T13:39:33Z	FWDFLOOR8	1880	nordkap	220062	A	T	core_destroyed	148
2026-08-13T13:39:35Z	FWDFLOOR8	1881	nordkap	220062	B	C	core_destroyed	135
2026-08-13T13:39:38Z	FWDFLOOR8	1882	ragnarok	220062	A	C	core_destroyed	140
2026-08-13T13:39:40Z	FWDFLOOR8	1883	ragnarok	220062	B	C	core_destroyed	110
2026-08-13T13:39:42Z	FWDFLOOR8	1884	royale	220062	A	T	core_destroyed	493
2026-08-13T13:39:48Z	FWDFLOOR8	1885	royale	220062	B	T	core_destroyed	693
2026-08-13T13:39:55Z	FWDFLOOR8	1886	valkyrie	220062	A	T	core_destroyed	294
2026-08-13T13:39:58Z	FWDFLOOR8	1887	valkyrie	220062	B	C	core_destroyed	211
2026-08-13T13:40:00Z	FWDFLOOR8	1888	yulerune	220062	A	C	core_destroyed	189
2026-08-13T13:40:07Z	FWDFLOOR8	1889	yulerune	220062	B	T	core_destroyed	388
2026-08-13T13:40:08Z	FWDFLOOR8	1890	antler	220063	A	T	core_destroyed	167
2026-08-13T13:40:12Z	FWDFLOOR8	1891	antler	220063	B	C	core_destroyed	486
2026-08-13T13:40:15Z	FWDFLOOR8	1892	archipelago	220063	A	C	core_destroyed	117
2026-08-13T13:40:17Z	FWDFLOOR8	1893	archipelago	220063	B	C	core_destroyed	121
2026-08-13T13:40:20Z	FWDFLOOR8	1894	auroraveil	220063	A	C	core_destroyed	439
2026-08-13T13:40:23Z	FWDFLOOR8	1895	auroraveil	220063	B	C	core_destroyed	226
2026-08-13T13:40:26Z	FWDFLOOR8	1896	drakkarfjord	220063	A	C	core_destroyed	229
2026-08-13T13:40:28Z	FWDFLOOR8	1897	drakkarfjord	220063	B	T	core_destroyed	96
2026-08-13T13:40:30Z	FWDFLOOR8	1898	drumlin	220063	A	T	core_destroyed	106
2026-08-13T13:40:31Z	FWDFLOOR8	1899	drumlin	220063	B	C	core_destroyed	137
2026-08-13T13:40:33Z	FWDFLOOR8	1900	fjordgate	220063	A	T	core_destroyed	183
2026-08-13T13:40:36Z	FWDFLOOR8	1901	fjordgate	220063	B	C	core_destroyed	907
2026-08-13T13:40:37Z	FWDFLOOR8	1902	frostgate	220063	A	T	core_destroyed	245
2026-08-13T13:40:39Z	FWDFLOOR8	1903	frostgate	220063	B	C	core_destroyed	604
2026-08-13T13:40:41Z	FWDFLOOR8	1904	glacierkeep	220063	A	T	core_destroyed	173
2026-08-13T13:40:43Z	FWDFLOOR8	1905	glacierkeep	220063	B	C	core_destroyed	132
2026-08-13T13:40:45Z	FWDFLOOR8	1906	icefloe	220063	A	T	core_destroyed	203
2026-08-13T13:40:47Z	FWDFLOOR8	1907	icefloe	220063	B	T	core_destroyed	181
2026-08-13T13:40:50Z	FWDFLOOR8	1908	midgard	220063	A	C	core_destroyed	139
2026-08-13T13:40:58Z	FWDFLOOR8	1909	midgard	220063	B	T	tiebreak	1000
2026-08-13T13:40:59Z	FWDFLOOR8	1910	nordkap	220063	A	T	core_destroyed	101
2026-08-13T13:41:01Z	FWDFLOOR8	1911	nordkap	220063	B	T	core_destroyed	118
2026-08-13T13:41:04Z	FWDFLOOR8	1912	ragnarok	220063	A	C	core_destroyed	140
2026-08-13T13:41:15Z	FWDFLOOR8	1913	ragnarok	220063	B	T	tiebreak	1000
2026-08-13T13:41:17Z	FWDFLOOR8	1914	royale	220063	A	T	core_destroyed	295
2026-08-13T13:41:18Z	FWDFLOOR8	1915	royale	220063	B	C	core_destroyed	174
2026-08-13T13:41:21Z	FWDFLOOR8	1916	valkyrie	220063	A	T	core_destroyed	109
2026-08-13T13:41:24Z	FWDFLOOR8	1917	valkyrie	220063	B	C	core_destroyed	146
2026-08-13T13:41:26Z	FWDFLOOR8	1918	yulerune	220063	A	C	core_destroyed	126
2026-08-13T13:41:27Z	FWDFLOOR8	1919	yulerune	220063	B	T	core_destroyed	429
2026-08-13T13:41:30Z	FWDFLOOR8	1920	antler	220064	A	T	core_destroyed	248
2026-08-13T13:41:32Z	FWDFLOOR8	1921	antler	220064	B	C	core_destroyed	281
2026-08-13T13:41:35Z	FWDFLOOR8	1922	archipelago	220064	A	T	core_destroyed	232
2026-08-13T13:41:38Z	FWDFLOOR8	1923	archipelago	220064	B	C	core_destroyed	144
2026-08-13T13:41:40Z	FWDFLOOR8	1924	auroraveil	220064	A	T	core_destroyed	254
2026-08-13T13:41:42Z	FWDFLOOR8	1925	auroraveil	220064	B	C	core_destroyed	194
2026-08-13T13:41:44Z	FWDFLOOR8	1926	drakkarfjord	220064	A	T	core_destroyed	119
2026-08-13T13:42:04Z	FWDFLOOR8	1927	drakkarfjord	220064	B	T	core_destroyed	889
2026-08-13T13:42:10Z	FWDFLOOR8	1928	drumlin	220064	A	C	core_destroyed	678
2026-08-13T13:42:12Z	FWDFLOOR8	1929	drumlin	220064	B	C	core_destroyed	197
2026-08-13T13:42:15Z	FWDFLOOR8	1930	fjordgate	220064	A	T	core_destroyed	549
2026-08-13T13:42:17Z	FWDFLOOR8	1931	fjordgate	220064	B	C	core_destroyed	288
2026-08-13T13:42:18Z	FWDFLOOR8	1932	frostgate	220064	A	T	core_destroyed	104
2026-08-13T13:42:20Z	FWDFLOOR8	1933	frostgate	220064	B	T	core_destroyed	119
2026-08-13T13:42:27Z	FWDFLOOR8	1934	glacierkeep	220064	A	T	core_destroyed	553
2026-08-13T13:42:29Z	FWDFLOOR8	1935	glacierkeep	220064	B	C	core_destroyed	200
2026-08-13T13:42:31Z	FWDFLOOR8	1936	icefloe	220064	A	C	core_destroyed	184
2026-08-13T13:42:40Z	FWDFLOOR8	1937	icefloe	220064	B	C	tiebreak	1000
2026-08-13T13:42:43Z	FWDFLOOR8	1938	midgard	220064	A	C	core_destroyed	165
2026-08-13T13:42:46Z	FWDFLOOR8	1939	midgard	220064	B	T	core_destroyed	140
2026-08-13T13:42:47Z	FWDFLOOR8	1940	nordkap	220064	A	C	core_destroyed	220
2026-08-13T13:42:48Z	FWDFLOOR8	1941	nordkap	220064	B	C	core_destroyed	177
2026-08-13T13:42:52Z	FWDFLOOR8	1942	ragnarok	220064	A	T	core_destroyed	155
2026-08-13T13:42:55Z	FWDFLOOR8	1943	ragnarok	220064	B	C	core_destroyed	160
2026-08-13T13:42:56Z	FWDFLOOR8	1944	royale	220064	A	T	core_destroyed	247
2026-08-13T13:42:57Z	FWDFLOOR8	1945	royale	220064	B	C	core_destroyed	528
2026-08-13T13:43:07Z	FWDFLOOR8	1946	valkyrie	220064	A	C	tiebreak	1000
2026-08-13T13:43:10Z	FWDFLOOR8	1947	valkyrie	220064	B	T	core_destroyed	252
2026-08-13T13:43:11Z	FWDFLOOR8	1948	yulerune	220064	A	T	core_destroyed	123
2026-08-13T13:43:16Z	FWDFLOOR8	1949	yulerune	220064	B	T	core_destroyed	290
2026-08-13T13:43:17Z	FWDFLOOR8	1950	antler	220065	A	T	core_destroyed	273
2026-08-13T13:43:20Z	FWDFLOOR8	1951	antler	220065	B	C	core_destroyed	196
2026-08-13T13:43:22Z	FWDFLOOR8	1952	archipelago	220065	A	T	core_destroyed	123
2026-08-13T13:43:25Z	FWDFLOOR8	1953	archipelago	220065	B	C	core_destroyed	190
2026-08-13T13:43:28Z	FWDFLOOR8	1954	auroraveil	220065	A	T	core_destroyed	265
2026-08-13T13:43:31Z	FWDFLOOR8	1955	auroraveil	220065	B	C	core_destroyed	473
2026-08-13T13:43:34Z	FWDFLOOR8	1956	drakkarfjord	220065	A	C	core_destroyed	205
2026-08-13T13:43:38Z	FWDFLOOR8	1957	drakkarfjord	220065	B	T	core_destroyed	231
2026-08-13T13:43:42Z	FWDFLOOR8	1958	drumlin	220065	A	T	core_destroyed	273
2026-08-13T13:43:44Z	FWDFLOOR8	1959	drumlin	220065	B	C	core_destroyed	186
2026-08-13T13:43:45Z	FWDFLOOR8	1960	fjordgate	220065	A	T	core_destroyed	285
2026-08-13T13:43:46Z	FWDFLOOR8	1961	fjordgate	220065	B	C	core_destroyed	130
2026-08-13T13:43:48Z	FWDFLOOR8	1962	frostgate	220065	A	T	tiebreak	1000
2026-08-13T13:43:49Z	FWDFLOOR8	1963	frostgate	220065	B	C	core_destroyed	213
2026-08-13T13:43:54Z	FWDFLOOR8	1964	glacierkeep	220065	A	C	core_destroyed	405
2026-08-13T13:43:56Z	FWDFLOOR8	1965	glacierkeep	220065	B	C	core_destroyed	149
2026-08-13T13:43:58Z	FWDFLOOR8	1966	icefloe	220065	A	C	core_destroyed	113
2026-08-13T13:43:59Z	FWDFLOOR8	1967	icefloe	220065	B	C	core_destroyed	128
2026-08-13T13:44:02Z	FWDFLOOR8	1968	midgard	220065	A	T	core_destroyed	96
2026-08-13T13:44:05Z	FWDFLOOR8	1969	midgard	220065	B	T	core_destroyed	93
2026-08-13T13:44:07Z	FWDFLOOR8	1970	nordkap	220065	A	C	core_destroyed	766
2026-08-13T13:44:10Z	FWDFLOOR8	1971	nordkap	220065	B	C	tiebreak	1000
2026-08-13T13:44:12Z	FWDFLOOR8	1972	ragnarok	220065	A	T	core_destroyed	128
2026-08-13T13:44:23Z	FWDFLOOR8	1973	ragnarok	220065	B	C	core_destroyed	403
2026-08-13T13:44:25Z	FWDFLOOR8	1974	royale	220065	A	T	core_destroyed	225
2026-08-13T13:44:27Z	FWDFLOOR8	1975	royale	220065	B	C	tiebreak	1000
2026-08-13T13:44:30Z	FWDFLOOR8	1976	valkyrie	220065	A	T	core_destroyed	149
2026-08-13T13:44:34Z	FWDFLOOR8	1977	valkyrie	220065	B	T	core_destroyed	207
2026-08-13T13:44:37Z	FWDFLOOR8	1978	yulerune	220065	A	T	core_destroyed	281
2026-08-13T13:44:39Z	FWDFLOOR8	1979	yulerune	220065	B	C	core_destroyed	202
2026-08-13T13:44:41Z	FWDFLOOR8	1980	antler	220066	A	T	core_destroyed	166
2026-08-13T13:44:43Z	FWDFLOOR8	1981	antler	220066	B	C	core_destroyed	285
2026-08-13T13:44:45Z	FWDFLOOR8	1982	archipelago	220066	A	C	core_destroyed	140
2026-08-13T13:44:47Z	FWDFLOOR8	1983	archipelago	220066	B	T	core_destroyed	318
2026-08-13T13:44:49Z	FWDFLOOR8	1984	auroraveil	220066	A	T	core_destroyed	119
2026-08-13T13:44:50Z	FWDFLOOR8	1985	auroraveil	220066	B	C	core_destroyed	114
2026-08-13T13:44:57Z	FWDFLOOR8	1986	drakkarfjord	220066	A	T	core_destroyed	357
2026-08-13T13:45:00Z	FWDFLOOR8	1987	drakkarfjord	220066	B	C	core_destroyed	210
2026-08-13T13:45:07Z	FWDFLOOR8	1988	drumlin	220066	A	C	core_destroyed	399
2026-08-13T13:45:10Z	FWDFLOOR8	1989	drumlin	220066	B	C	core_destroyed	268
2026-08-13T13:45:11Z	FWDFLOOR8	1990	fjordgate	220066	A	C	core_destroyed	133
2026-08-13T13:45:13Z	FWDFLOOR8	1991	fjordgate	220066	B	C	core_destroyed	154
2026-08-13T13:45:14Z	FWDFLOOR8	1992	frostgate	220066	A	T	core_destroyed	100
2026-08-13T13:45:16Z	FWDFLOOR8	1993	frostgate	220066	B	C	core_destroyed	174
2026-08-13T13:45:17Z	FWDFLOOR8	1994	glacierkeep	220066	A	T	core_destroyed	229
2026-08-13T13:45:26Z	FWDFLOOR8	1995	glacierkeep	220066	B	C	tiebreak	1000
2026-08-13T13:45:27Z	FWDFLOOR8	1996	icefloe	220066	A	C	core_destroyed	140
2026-08-13T13:45:29Z	FWDFLOOR8	1997	icefloe	220066	B	C	core_destroyed	128
2026-08-13T13:45:31Z	FWDFLOOR8	1998	midgard	220066	A	T	core_destroyed	204
2026-08-13T13:45:34Z	FWDFLOOR8	1999	midgard	220066	B	T	core_destroyed	101
2026-08-13T13:45:36Z	FWDFLOOR8	2000	nordkap	220066	A	C	core_destroyed	408
2026-08-13T13:45:38Z	FWDFLOOR8	2001	nordkap	220066	B	T	core_destroyed	161
2026-08-13T13:45:41Z	FWDFLOOR8	2002	ragnarok	220066	A	C	core_destroyed	136
2026-08-13T13:45:44Z	FWDFLOOR8	2003	ragnarok	220066	B	C	core_destroyed	181
2026-08-13T13:45:45Z	FWDFLOOR8	2004	royale	220066	A	C	core_destroyed	157
2026-08-13T13:45:47Z	FWDFLOOR8	2005	royale	220066	B	T	core_destroyed	153
2026-08-13T13:45:49Z	FWDFLOOR8	2006	valkyrie	220066	A	T	core_destroyed	133
2026-08-13T13:45:51Z	FWDFLOOR8	2007	valkyrie	220066	B	C	core_destroyed	198
2026-08-13T13:45:54Z	FWDFLOOR8	2008	yulerune	220066	A	C	core_destroyed	176
2026-08-13T13:45:56Z	FWDFLOOR8	2009	yulerune	220066	B	T	core_destroyed	175
2026-08-13T13:45:59Z	FWDFLOOR8	2010	antler	220067	A	T	core_destroyed	194
2026-08-13T13:46:01Z	FWDFLOOR8	2011	antler	220067	B	C	core_destroyed	405
2026-08-13T13:46:04Z	FWDFLOOR8	2012	archipelago	220067	A	T	core_destroyed	99
2026-08-13T13:46:06Z	FWDFLOOR8	2013	archipelago	220067	B	C	core_destroyed	158
2026-08-13T13:46:09Z	FWDFLOOR8	2014	auroraveil	220067	A	C	core_destroyed	249
2026-08-13T13:46:12Z	FWDFLOOR8	2015	auroraveil	220067	B	T	core_destroyed	145
2026-08-13T13:46:16Z	FWDFLOOR8	2016	drakkarfjord	220067	A	T	core_destroyed	330
2026-08-13T13:46:36Z	FWDFLOOR8	2017	drakkarfjord	220067	B	C	tiebreak	1000
2026-08-13T13:46:42Z	FWDFLOOR8	2018	drumlin	220067	A	T	core_destroyed	709
2026-08-13T13:46:49Z	FWDFLOOR8	2019	drumlin	220067	B	C	core_destroyed	564
2026-08-13T13:46:50Z	FWDFLOOR8	2020	fjordgate	220067	A	T	core_destroyed	321
2026-08-13T13:46:51Z	FWDFLOOR8	2021	fjordgate	220067	B	C	core_destroyed	121
2026-08-13T13:46:52Z	FWDFLOOR8	2022	frostgate	220067	A	C	core_destroyed	233
2026-08-13T13:46:54Z	FWDFLOOR8	2023	frostgate	220067	B	T	core_destroyed	231
2026-08-13T13:46:57Z	FWDFLOOR8	2024	glacierkeep	220067	A	T	core_destroyed	291
2026-08-13T13:46:59Z	FWDFLOOR8	2025	glacierkeep	220067	B	C	core_destroyed	367
2026-08-13T13:47:02Z	FWDFLOOR8	2026	icefloe	220067	A	T	core_destroyed	292
2026-08-13T13:47:04Z	FWDFLOOR8	2027	icefloe	220067	B	C	core_destroyed	140
2026-08-13T13:47:06Z	FWDFLOOR8	2028	midgard	220067	A	C	core_destroyed	207
2026-08-13T13:47:08Z	FWDFLOOR8	2029	midgard	220067	B	T	core_destroyed	93
2026-08-13T13:47:11Z	FWDFLOOR8	2030	nordkap	220067	A	T	tiebreak	1000
2026-08-13T13:47:13Z	FWDFLOOR8	2031	nordkap	220067	B	C	core_destroyed	263
2026-08-13T13:47:15Z	FWDFLOOR8	2032	ragnarok	220067	A	T	core_destroyed	119
2026-08-13T13:47:18Z	FWDFLOOR8	2033	ragnarok	220067	B	C	core_destroyed	182
2026-08-13T13:47:19Z	FWDFLOOR8	2034	royale	220067	A	T	core_destroyed	392
2026-08-13T13:47:21Z	FWDFLOOR8	2035	royale	220067	B	C	core_destroyed	229
2026-08-13T13:47:24Z	FWDFLOOR8	2036	valkyrie	220067	A	T	core_destroyed	224
2026-08-13T13:47:51Z	FWDFLOOR8	2037	valkyrie	220067	B	C	tiebreak	1000
2026-08-13T13:47:53Z	FWDFLOOR8	2038	yulerune	220067	A	C	core_destroyed	112
2026-08-13T13:47:57Z	FWDFLOOR8	2039	yulerune	220067	B	C	core_destroyed	249
2026-08-13T13:47:59Z	FWDFLOOR8	2040	antler	220068	A	C	core_destroyed	346
2026-08-13T13:48:01Z	FWDFLOOR8	2041	antler	220068	B	C	core_destroyed	350
2026-08-13T13:48:03Z	FWDFLOOR8	2042	archipelago	220068	A	C	core_destroyed	93
2026-08-13T13:48:05Z	FWDFLOOR8	2043	archipelago	220068	B	C	core_destroyed	183
2026-08-13T13:48:07Z	FWDFLOOR8	2044	auroraveil	220068	A	T	core_destroyed	174
2026-08-13T13:48:09Z	FWDFLOOR8	2045	auroraveil	220068	B	T	core_destroyed	94
2026-08-13T13:48:16Z	FWDFLOOR8	2046	drakkarfjord	220068	A	C	core_destroyed	449
2026-08-13T13:48:18Z	FWDFLOOR8	2047	drakkarfjord	220068	B	T	core_destroyed	100
2026-08-13T13:48:20Z	FWDFLOOR8	2048	drumlin	220068	A	T	core_destroyed	138
2026-08-13T13:48:23Z	FWDFLOOR8	2049	drumlin	220068	B	T	core_destroyed	258
2026-08-13T13:48:26Z	FWDFLOOR8	2050	fjordgate	220068	A	C	core_destroyed	801
2026-08-13T13:48:28Z	FWDFLOOR8	2051	fjordgate	220068	B	C	core_destroyed	207
2026-08-13T13:48:30Z	FWDFLOOR8	2052	frostgate	220068	A	T	tiebreak	1000
2026-08-13T13:48:32Z	FWDFLOOR8	2053	frostgate	220068	B	T	core_destroyed	156
2026-08-13T13:48:33Z	FWDFLOOR8	2054	glacierkeep	220068	A	T	core_destroyed	110
2026-08-13T13:48:57Z	FWDFLOOR8	2055	glacierkeep	220068	B	T	core_destroyed	881
2026-08-13T13:48:59Z	FWDFLOOR8	2056	icefloe	220068	A	T	core_destroyed	127
2026-08-13T13:49:00Z	FWDFLOOR8	2057	icefloe	220068	B	C	core_destroyed	125
2026-08-13T13:49:03Z	FWDFLOOR8	2058	midgard	220068	A	C	core_destroyed	126
2026-08-13T13:49:06Z	FWDFLOOR8	2059	midgard	220068	B	C	core_destroyed	120
2026-08-13T13:49:07Z	FWDFLOOR8	2060	nordkap	220068	A	C	core_destroyed	221
2026-08-13T13:49:09Z	FWDFLOOR8	2061	nordkap	220068	B	C	core_destroyed	165
2026-08-13T13:49:13Z	FWDFLOOR8	2062	ragnarok	220068	A	C	core_destroyed	208
2026-08-13T13:49:21Z	FWDFLOOR8	2063	ragnarok	220068	B	T	tiebreak	1000
2026-08-13T13:49:23Z	FWDFLOOR8	2064	royale	220068	A	C	core_destroyed	139
2026-08-13T13:49:24Z	FWDFLOOR8	2065	royale	220068	B	C	core_destroyed	433
2026-08-13T13:49:26Z	FWDFLOOR8	2066	valkyrie	220068	A	C	core_destroyed	102
2026-08-13T13:49:39Z	FWDFLOOR8	2067	valkyrie	220068	B	C	tiebreak	1000
2026-08-13T13:49:41Z	FWDFLOOR8	2068	yulerune	220068	A	T	core_destroyed	203
2026-08-13T13:49:43Z	FWDFLOOR8	2069	yulerune	220068	B	C	core_destroyed	214
2026-08-13T13:49:45Z	FWDFLOOR8	2070	antler	220069	A	C	core_destroyed	193
2026-08-13T13:49:47Z	FWDFLOOR8	2071	antler	220069	B	C	core_destroyed	199
2026-08-13T13:49:49Z	FWDFLOOR8	2072	archipelago	220069	A	C	core_destroyed	126
2026-08-13T13:49:51Z	FWDFLOOR8	2073	archipelago	220069	B	T	core_destroyed	86
2026-08-13T13:49:52Z	FWDFLOOR8	2074	auroraveil	220069	A	C	core_destroyed	122
2026-08-13T13:49:57Z	FWDFLOOR8	2075	auroraveil	220069	B	C	core_destroyed	389
2026-08-13T13:49:59Z	FWDFLOOR8	2076	drakkarfjord	220069	A	T	core_destroyed	189
2026-08-13T13:50:03Z	FWDFLOOR8	2077	drakkarfjord	220069	B	T	core_destroyed	191
2026-08-13T13:50:04Z	FWDFLOOR8	2078	drumlin	220069	A	T	core_destroyed	161
2026-08-13T13:50:07Z	FWDFLOOR8	2079	drumlin	220069	B	C	core_destroyed	512
2026-08-13T13:50:10Z	FWDFLOOR8	2080	fjordgate	220069	A	T	core_destroyed	630
2026-08-13T13:50:12Z	FWDFLOOR8	2081	fjordgate	220069	B	T	core_destroyed	156
2026-08-13T13:50:13Z	FWDFLOOR8	2082	frostgate	220069	A	C	core_destroyed	165
2026-08-13T13:50:15Z	FWDFLOOR8	2083	frostgate	220069	B	C	core_destroyed	631
2026-08-13T13:50:20Z	FWDFLOOR8	2084	glacierkeep	220069	A	C	core_destroyed	577
2026-08-13T13:50:25Z	FWDFLOOR8	2085	glacierkeep	220069	B	T	tiebreak	1000
2026-08-13T13:50:28Z	FWDFLOOR8	2086	icefloe	220069	A	T	core_destroyed	252
2026-08-13T13:50:35Z	FWDFLOOR8	2087	icefloe	220069	B	T	core_destroyed	474
2026-08-13T13:50:39Z	FWDFLOOR8	2088	midgard	220069	A	C	core_destroyed	276
2026-08-13T13:50:41Z	FWDFLOOR8	2089	midgard	220069	B	C	core_destroyed	82
2026-08-13T13:50:44Z	FWDFLOOR8	2090	nordkap	220069	A	C	core_destroyed	311
2026-08-13T13:50:45Z	FWDFLOOR8	2091	nordkap	220069	B	C	core_destroyed	414
2026-08-13T13:50:51Z	FWDFLOOR8	2092	ragnarok	220069	A	C	core_destroyed	246
2026-08-13T13:50:54Z	FWDFLOOR8	2093	ragnarok	220069	B	C	core_destroyed	195
2026-08-13T13:50:55Z	FWDFLOOR8	2094	royale	220069	A	C	core_destroyed	184
2026-08-13T13:50:57Z	FWDFLOOR8	2095	royale	220069	B	C	core_destroyed	597
2026-08-13T13:51:00Z	FWDFLOOR8	2096	valkyrie	220069	A	C	core_destroyed	201
2026-08-13T13:51:02Z	FWDFLOOR8	2097	valkyrie	220069	B	T	core_destroyed	125
2026-08-13T13:51:04Z	FWDFLOOR8	2098	yulerune	220069	A	T	core_destroyed	107
2026-08-13T13:51:07Z	FWDFLOOR8	2099	yulerune	220069	B	C	core_destroyed	223
2026-08-13T13:51:09Z	FWDFLOOR8	2100	antler	220070	A	T	core_destroyed	184
2026-08-13T13:51:11Z	FWDFLOOR8	2101	antler	220070	B	C	core_destroyed	209
2026-08-13T13:51:15Z	FWDFLOOR8	2102	archipelago	220070	A	C	core_destroyed	265
2026-08-13T13:51:17Z	FWDFLOOR8	2103	archipelago	220070	B	C	core_destroyed	142
2026-08-13T13:51:20Z	FWDFLOOR8	2104	auroraveil	220070	A	C	tiebreak	1000
2026-08-13T13:51:23Z	FWDFLOOR8	2105	auroraveil	220070	B	C	core_destroyed	305
2026-08-13T13:51:28Z	FWDFLOOR8	2106	drakkarfjord	220070	A	C	core_destroyed	414
2026-08-13T13:51:38Z	FWDFLOOR8	2107	drakkarfjord	220070	B	T	core_destroyed	602
2026-08-13T13:51:41Z	FWDFLOOR8	2108	drumlin	220070	A	C	core_destroyed	619
2026-08-13T13:51:46Z	FWDFLOOR8	2109	drumlin	220070	B	C	tiebreak	1000
2026-08-13T13:51:47Z	FWDFLOOR8	2110	fjordgate	220070	A	C	core_destroyed	145
2026-08-13T13:51:49Z	FWDFLOOR8	2111	fjordgate	220070	B	C	core_destroyed	212
2026-08-13T13:51:51Z	FWDFLOOR8	2112	frostgate	220070	A	C	core_destroyed	561
2026-08-13T13:51:53Z	FWDFLOOR8	2113	frostgate	220070	B	C	core_destroyed	284
2026-08-13T13:52:00Z	FWDFLOOR8	2114	glacierkeep	220070	A	C	tiebreak	1000
2026-08-13T13:52:09Z	FWDFLOOR8	2115	glacierkeep	220070	B	T	tiebreak	1000
2026-08-13T13:52:11Z	FWDFLOOR8	2116	icefloe	220070	A	C	core_destroyed	161
2026-08-13T13:52:15Z	FWDFLOOR8	2117	icefloe	220070	B	C	core_destroyed	308
2026-08-13T13:52:18Z	FWDFLOOR8	2118	midgard	220070	A	C	core_destroyed	77
2026-08-13T13:52:21Z	FWDFLOOR8	2119	midgard	220070	B	T	core_destroyed	98
2026-08-13T13:52:22Z	FWDFLOOR8	2120	nordkap	220070	A	C	core_destroyed	283
2026-08-13T13:52:24Z	FWDFLOOR8	2121	nordkap	220070	B	T	core_destroyed	248
2026-08-13T13:52:28Z	FWDFLOOR8	2122	ragnarok	220070	A	C	core_destroyed	150
2026-08-13T13:52:33Z	FWDFLOOR8	2123	ragnarok	220070	B	T	core_destroyed	500
2026-08-13T13:52:34Z	FWDFLOOR8	2124	royale	220070	A	C	core_destroyed	198
2026-08-13T13:52:36Z	FWDFLOOR8	2125	royale	220070	B	T	core_destroyed	310
2026-08-13T13:52:42Z	FWDFLOOR8	2126	valkyrie	220070	A	C	core_destroyed	324
2026-08-13T13:52:45Z	FWDFLOOR8	2127	valkyrie	220070	B	T	core_destroyed	154
2026-08-13T13:52:47Z	FWDFLOOR8	2128	yulerune	220070	A	T	core_destroyed	119
2026-08-13T13:52:48Z	FWDFLOOR8	2129	yulerune	220070	B	C	core_destroyed	257
2026-08-13T13:52:50Z	FWDFLOOR8	2130	antler	220071	A	T	core_destroyed	191
2026-08-13T13:52:52Z	FWDFLOOR8	2131	antler	220071	B	T	core_destroyed	193
2026-08-13T13:52:55Z	FWDFLOOR8	2132	archipelago	220071	A	C	core_destroyed	419
2026-08-13T13:52:58Z	FWDFLOOR8	2133	archipelago	220071	B	C	core_destroyed	102
2026-08-13T13:53:00Z	FWDFLOOR8	2134	auroraveil	220071	A	C	core_destroyed	315
2026-08-13T13:53:04Z	FWDFLOOR8	2135	auroraveil	220071	B	C	core_destroyed	733
2026-08-13T13:53:19Z	FWDFLOOR8	2136	drakkarfjord	220071	A	C	tiebreak	1000
2026-08-13T13:53:23Z	FWDFLOOR8	2137	drakkarfjord	220071	B	C	core_destroyed	246
2026-08-13T13:53:28Z	FWDFLOOR8	2138	drumlin	220071	A	C	core_destroyed	380
2026-08-13T13:53:30Z	FWDFLOOR8	2139	drumlin	220071	B	C	core_destroyed	146
2026-08-13T13:53:31Z	FWDFLOOR8	2140	fjordgate	220071	A	C	core_destroyed	179
2026-08-13T13:53:32Z	FWDFLOOR8	2141	fjordgate	220071	B	C	core_destroyed	272
2026-08-13T13:53:33Z	FWDFLOOR8	2142	frostgate	220071	A	C	core_destroyed	115
2026-08-13T13:53:36Z	FWDFLOOR8	2143	frostgate	220071	B	T	tiebreak	1000
2026-08-13T13:53:37Z	FWDFLOOR8	2144	glacierkeep	220071	A	T	core_destroyed	121
2026-08-13T13:53:42Z	FWDFLOOR8	2145	glacierkeep	220071	B	T	core_destroyed	782
2026-08-13T13:53:45Z	FWDFLOOR8	2146	icefloe	220071	A	T	core_destroyed	176
2026-08-13T13:53:46Z	FWDFLOOR8	2147	icefloe	220071	B	T	core_destroyed	137
2026-08-13T13:53:50Z	FWDFLOOR8	2148	midgard	220071	A	T	core_destroyed	172
2026-08-13T13:53:52Z	FWDFLOOR8	2149	midgard	220071	B	T	core_destroyed	103
2026-08-13T13:53:54Z	FWDFLOOR8	2150	nordkap	220071	A	C	core_destroyed	218
2026-08-13T13:53:56Z	FWDFLOOR8	2151	nordkap	220071	B	C	core_destroyed	300
2026-08-13T13:53:59Z	FWDFLOOR8	2152	ragnarok	220071	A	T	core_destroyed	150
2026-08-13T13:54:02Z	FWDFLOOR8	2153	ragnarok	220071	B	C	core_destroyed	162
2026-08-13T13:54:05Z	FWDFLOOR8	2154	royale	220071	A	C	core_destroyed	320
2026-08-13T13:54:06Z	FWDFLOOR8	2155	royale	220071	B	T	core_destroyed	196
2026-08-13T13:54:08Z	FWDFLOOR8	2156	valkyrie	220071	A	C	core_destroyed	151
2026-08-13T13:54:11Z	FWDFLOOR8	2157	valkyrie	220071	B	T	core_destroyed	242
2026-08-13T13:54:14Z	FWDFLOOR8	2158	yulerune	220071	A	C	core_destroyed	284
2026-08-13T13:54:19Z	FWDFLOOR8	2159	yulerune	220071	B	T	tiebreak	1000
2026-08-13T13:54:21Z	FWDFLOOR8	2160	antler	220072	A	T	core_destroyed	523
2026-08-13T13:54:22Z	FWDFLOOR8	2161	antler	220072	B	C	core_destroyed	141
2026-08-13T13:54:24Z	FWDFLOOR8	2162	archipelago	220072	A	C	core_destroyed	99
2026-08-13T13:54:27Z	FWDFLOOR8	2163	archipelago	220072	B	T	core_destroyed	170
2026-08-13T13:54:30Z	FWDFLOOR8	2164	auroraveil	220072	A	C	core_destroyed	249
2026-08-13T13:54:33Z	FWDFLOOR8	2165	auroraveil	220072	B	C	core_destroyed	358
2026-08-13T13:54:47Z	FWDFLOOR8	2166	drakkarfjord	220072	A	C	core_destroyed	845
2026-08-13T13:54:52Z	FWDFLOOR8	2167	drakkarfjord	220072	B	T	core_destroyed	757
2026-08-13T13:54:54Z	FWDFLOOR8	2168	drumlin	220072	A	C	core_destroyed	228
2026-08-13T13:54:56Z	FWDFLOOR8	2169	drumlin	220072	B	C	core_destroyed	133
2026-08-13T13:54:58Z	FWDFLOOR8	2170	fjordgate	220072	A	T	core_destroyed	200
2026-08-13T13:54:59Z	FWDFLOOR8	2171	fjordgate	220072	B	T	core_destroyed	91
2026-08-13T13:55:00Z	FWDFLOOR8	2172	frostgate	220072	A	C	core_destroyed	397
2026-08-13T13:55:01Z	FWDFLOOR8	2173	frostgate	220072	B	C	core_destroyed	139
2026-08-13T13:55:03Z	FWDFLOOR8	2174	glacierkeep	220072	A	C	core_destroyed	217
2026-08-13T13:55:06Z	FWDFLOOR8	2175	glacierkeep	220072	B	C	core_destroyed	498
2026-08-13T13:55:08Z	FWDFLOOR8	2176	icefloe	220072	A	T	core_destroyed	292
2026-08-13T13:55:11Z	FWDFLOOR8	2177	icefloe	220072	B	C	core_destroyed	234
2026-08-13T13:55:18Z	FWDFLOOR8	2178	midgard	220072	A	C	core_destroyed	535
2026-08-13T13:55:21Z	FWDFLOOR8	2179	midgard	220072	B	C	core_destroyed	196
2026-08-13T13:55:22Z	FWDFLOOR8	2180	nordkap	220072	A	T	core_destroyed	207
2026-08-13T13:55:24Z	FWDFLOOR8	2181	nordkap	220072	B	T	core_destroyed	255
2026-08-13T13:55:27Z	FWDFLOOR8	2182	ragnarok	220072	A	T	core_destroyed	121
2026-08-13T13:55:30Z	FWDFLOOR8	2183	ragnarok	220072	B	T	core_destroyed	120
2026-08-13T13:55:31Z	FWDFLOOR8	2184	royale	220072	A	T	core_destroyed	357
2026-08-13T13:55:33Z	FWDFLOOR8	2185	royale	220072	B	T	core_destroyed	369
2026-08-13T13:55:37Z	FWDFLOOR8	2186	valkyrie	220072	A	C	core_destroyed	368
2026-08-13T13:55:39Z	FWDFLOOR8	2187	valkyrie	220072	B	T	core_destroyed	104
2026-08-13T13:55:41Z	FWDFLOOR8	2188	yulerune	220072	A	C	core_destroyed	188
2026-08-13T13:55:42Z	FWDFLOOR8	2189	yulerune	220072	B	C	core_destroyed	211
2026-08-13T13:55:45Z	FWDFLOOR8	2190	antler	220073	A	T	core_destroyed	455
2026-08-13T13:55:48Z	FWDFLOOR8	2191	antler	220073	B	T	core_destroyed	206
2026-08-13T13:55:54Z	FWDFLOOR8	2192	archipelago	220073	A	T	core_destroyed	296
2026-08-13T13:55:56Z	FWDFLOOR8	2193	archipelago	220073	B	T	core_destroyed	154
2026-08-13T13:55:58Z	FWDFLOOR8	2194	auroraveil	220073	A	C	core_destroyed	146
2026-08-13T13:56:01Z	FWDFLOOR8	2195	auroraveil	220073	B	C	tiebreak	1000
2026-08-13T13:56:03Z	FWDFLOOR8	2196	drakkarfjord	220073	A	C	core_destroyed	121
2026-08-13T13:56:10Z	FWDFLOOR8	2197	drakkarfjord	220073	B	T	tiebreak	1000
2026-08-13T13:56:15Z	FWDFLOOR8	2198	drumlin	220073	A	T	core_destroyed	404
2026-08-13T13:56:17Z	FWDFLOOR8	2199	drumlin	220073	B	C	core_destroyed	108
2026-08-13T13:56:18Z	FWDFLOOR8	2200	fjordgate	220073	A	T	core_destroyed	219
2026-08-13T13:56:19Z	FWDFLOOR8	2201	fjordgate	220073	B	C	core_destroyed	112
2026-08-13T13:56:22Z	FWDFLOOR8	2202	frostgate	220073	A	T	tiebreak	1000
2026-08-13T13:56:25Z	FWDFLOOR8	2203	frostgate	220073	B	T	core_destroyed	393
2026-08-13T13:56:30Z	FWDFLOOR8	2204	glacierkeep	220073	A	T	core_destroyed	535
2026-08-13T13:56:32Z	FWDFLOOR8	2205	glacierkeep	220073	B	C	core_destroyed	145
2026-08-13T13:56:43Z	FWDFLOOR8	2206	icefloe	220073	A	C	tiebreak	1000
2026-08-13T13:56:49Z	FWDFLOOR8	2207	icefloe	220073	B	C	core_destroyed	841
2026-08-13T13:56:51Z	FWDFLOOR8	2208	midgard	220073	A	T	core_destroyed	88
2026-08-13T13:56:53Z	FWDFLOOR8	2209	midgard	220073	B	C	core_destroyed	73
2026-08-13T13:56:56Z	FWDFLOOR8	2210	nordkap	220073	A	T	core_destroyed	509
2026-08-13T13:56:58Z	FWDFLOOR8	2211	nordkap	220073	B	T	core_destroyed	267
2026-08-13T13:57:05Z	FWDFLOOR8	2212	ragnarok	220073	A	C	core_destroyed	266
2026-08-13T13:58:03Z	FWDFLOOR8	2213	ragnarok	220073	B	T	tiebreak	1000
2026-08-13T13:58:04Z	FWDFLOOR8	2214	royale	220073	A	C	core_destroyed	116
2026-08-13T13:58:06Z	FWDFLOOR8	2215	royale	220073	B	C	core_destroyed	765
2026-08-13T13:58:09Z	FWDFLOOR8	2216	valkyrie	220073	A	T	core_destroyed	158
2026-08-13T13:58:12Z	FWDFLOOR8	2217	valkyrie	220073	B	T	core_destroyed	137
2026-08-13T13:58:15Z	FWDFLOOR8	2218	yulerune	220073	A	T	core_destroyed	292
2026-08-13T13:58:18Z	FWDFLOOR8	2219	yulerune	220073	B	C	core_destroyed	249
2026-08-13T13:58:20Z	FWDFLOOR8	2220	antler	220074	A	T	core_destroyed	486
2026-08-13T13:58:22Z	FWDFLOOR8	2221	antler	220074	B	C	core_destroyed	327
2026-08-13T13:58:25Z	FWDFLOOR8	2222	archipelago	220074	A	C	core_destroyed	102
2026-08-13T13:58:26Z	FWDFLOOR8	2223	archipelago	220074	B	C	core_destroyed	134
2026-08-13T13:58:29Z	FWDFLOOR8	2224	auroraveil	220074	A	T	core_destroyed	221
2026-08-13T13:58:31Z	FWDFLOOR8	2225	auroraveil	220074	B	C	core_destroyed	613
2026-08-13T13:58:35Z	FWDFLOOR8	2226	drakkarfjord	220074	A	C	core_destroyed	264
2026-08-13T13:58:43Z	FWDFLOOR8	2227	drakkarfjord	220074	B	C	core_destroyed	734
2026-08-13T13:58:45Z	FWDFLOOR8	2228	drumlin	220074	A	C	core_destroyed	142
2026-08-13T13:58:47Z	FWDFLOOR8	2229	drumlin	220074	B	C	core_destroyed	213
2026-08-13T13:58:49Z	FWDFLOOR8	2230	fjordgate	220074	A	T	core_destroyed	201
2026-08-13T13:58:51Z	FWDFLOOR8	2231	fjordgate	220074	B	T	core_destroyed	368
2026-08-13T13:58:52Z	FWDFLOOR8	2232	frostgate	220074	A	C	core_destroyed	353
2026-08-13T13:58:53Z	FWDFLOOR8	2233	frostgate	220074	B	T	core_destroyed	229
2026-08-13T13:58:56Z	FWDFLOOR8	2234	glacierkeep	220074	A	T	core_destroyed	355
2026-08-13T13:58:58Z	FWDFLOOR8	2235	glacierkeep	220074	B	C	core_destroyed	249
2026-08-13T13:59:02Z	FWDFLOOR8	2236	icefloe	220074	A	T	core_destroyed	364
2026-08-13T13:59:05Z	FWDFLOOR8	2237	icefloe	220074	B	C	core_destroyed	300
2026-08-13T13:59:08Z	FWDFLOOR8	2238	midgard	220074	A	T	core_destroyed	103
2026-08-13T13:59:10Z	FWDFLOOR8	2239	midgard	220074	B	T	core_destroyed	175
2026-08-13T13:59:13Z	FWDFLOOR8	2240	nordkap	220074	A	T	core_destroyed	503
2026-08-13T13:59:15Z	FWDFLOOR8	2241	nordkap	220074	B	T	core_destroyed	225
2026-08-13T13:59:17Z	FWDFLOOR8	2242	ragnarok	220074	A	T	core_destroyed	179
2026-08-13T13:59:20Z	FWDFLOOR8	2243	ragnarok	220074	B	C	core_destroyed	132
2026-08-13T13:59:22Z	FWDFLOOR8	2244	royale	220074	A	T	core_destroyed	833
2026-08-13T13:59:24Z	FWDFLOOR8	2245	royale	220074	B	T	tiebreak	1000
2026-08-13T13:59:29Z	FWDFLOOR8	2246	valkyrie	220074	A	C	core_destroyed	390
2026-08-13T13:59:31Z	FWDFLOOR8	2247	valkyrie	220074	B	T	core_destroyed	107
2026-08-13T13:59:36Z	FWDFLOOR8	2248	yulerune	220074	A	T	core_destroyed	359
2026-08-13T13:59:39Z	FWDFLOOR8	2249	yulerune	220074	B	C	core_destroyed	340
2026-08-13T13:59:41Z	FWDFLOOR8	2250	antler	220075	A	C	core_destroyed	169
2026-08-13T13:59:44Z	FWDFLOOR8	2251	antler	220075	B	C	core_destroyed	398
2026-08-13T13:59:46Z	FWDFLOOR8	2252	archipelago	220075	A	C	core_destroyed	370
2026-08-13T13:59:49Z	FWDFLOOR8	2253	archipelago	220075	B	T	core_destroyed	128
2026-08-13T13:59:51Z	FWDFLOOR8	2254	auroraveil	220075	A	C	core_destroyed	247
2026-08-13T13:59:53Z	FWDFLOOR8	2255	auroraveil	220075	B	C	tiebreak	1000
2026-08-13T13:59:56Z	FWDFLOOR8	2256	drakkarfjord	220075	A	C	core_destroyed	169
2026-08-13T13:59:59Z	FWDFLOOR8	2257	drakkarfjord	220075	B	T	core_destroyed	304
2026-08-13T14:00:01Z	FWDFLOOR8	2258	drumlin	220075	A	T	core_destroyed	150
2026-08-13T14:00:03Z	FWDFLOOR8	2259	drumlin	220075	B	C	core_destroyed	344
2026-08-13T14:00:09Z	FWDFLOOR8	2260	fjordgate	220075	A	C	tiebreak	1000
2026-08-13T14:00:10Z	FWDFLOOR8	2261	fjordgate	220075	B	C	core_destroyed	175
2026-08-13T14:00:12Z	FWDFLOOR8	2262	frostgate	220075	A	T	tiebreak	1000
2026-08-13T14:00:13Z	FWDFLOOR8	2263	frostgate	220075	B	T	core_destroyed	122
2026-08-13T14:00:18Z	FWDFLOOR8	2264	glacierkeep	220075	A	C	core_destroyed	544
2026-08-13T14:00:20Z	FWDFLOOR8	2265	glacierkeep	220075	B	C	core_destroyed	185
2026-08-13T14:00:22Z	FWDFLOOR8	2266	icefloe	220075	A	T	core_destroyed	312
2026-08-13T14:00:24Z	FWDFLOOR8	2267	icefloe	220075	B	T	core_destroyed	128
2026-08-13T14:00:27Z	FWDFLOOR8	2268	midgard	220075	A	T	core_destroyed	134
2026-08-13T14:00:30Z	FWDFLOOR8	2269	midgard	220075	B	T	core_destroyed	120
2026-08-13T14:00:31Z	FWDFLOOR8	2270	nordkap	220075	A	C	core_destroyed	265
2026-08-13T14:00:33Z	FWDFLOOR8	2271	nordkap	220075	B	C	core_destroyed	144
2026-08-13T14:00:36Z	FWDFLOOR8	2272	ragnarok	220075	A	T	core_destroyed	139
2026-08-13T14:01:22Z	FWDFLOOR8	2273	ragnarok	220075	B	T	tiebreak	1000
2026-08-13T14:01:24Z	FWDFLOOR8	2274	royale	220075	A	C	core_destroyed	117
2026-08-13T14:01:26Z	FWDFLOOR8	2275	royale	220075	B	T	tiebreak	1000
2026-08-13T14:01:31Z	FWDFLOOR8	2276	valkyrie	220075	A	C	core_destroyed	317
2026-08-13T14:01:34Z	FWDFLOOR8	2277	valkyrie	220075	B	T	core_destroyed	233
2026-08-13T14:01:36Z	FWDFLOOR8	2278	yulerune	220075	A	T	core_destroyed	155
2026-08-13T14:01:37Z	FWDFLOOR8	2279	yulerune	220075	B	C	core_destroyed	101
2026-08-13T14:01:39Z	FWDFLOOR8	2280	antler	220076	A	C	core_destroyed	260
2026-08-13T14:01:41Z	FWDFLOOR8	2281	antler	220076	B	C	core_destroyed	161
2026-08-13T14:01:44Z	FWDFLOOR8	2282	archipelago	220076	A	C	core_destroyed	315
2026-08-13T14:01:48Z	FWDFLOOR8	2283	archipelago	220076	B	T	core_destroyed	219
2026-08-13T14:01:50Z	FWDFLOOR8	2284	auroraveil	220076	A	C	core_destroyed	136
2026-08-13T14:01:52Z	FWDFLOOR8	2285	auroraveil	220076	B	T	core_destroyed	459
2026-08-13T14:01:54Z	FWDFLOOR8	2286	drakkarfjord	220076	A	C	core_destroyed	194
2026-08-13T14:02:00Z	FWDFLOOR8	2287	drakkarfjord	220076	B	T	core_destroyed	448
2026-08-13T14:02:04Z	FWDFLOOR8	2288	drumlin	220076	A	T	core_destroyed	302
2026-08-13T14:02:06Z	FWDFLOOR8	2289	drumlin	220076	B	T	core_destroyed	194
2026-08-13T14:02:07Z	FWDFLOOR8	2290	fjordgate	220076	A	C	core_destroyed	169
2026-08-13T14:02:09Z	FWDFLOOR8	2291	fjordgate	220076	B	T	tiebreak	1000
2026-08-13T14:02:12Z	FWDFLOOR8	2292	frostgate	220076	A	C	core_destroyed	620
2026-08-13T14:02:13Z	FWDFLOOR8	2293	frostgate	220076	B	C	core_destroyed	200
2026-08-13T14:02:21Z	FWDFLOOR8	2294	glacierkeep	220076	A	C	core_destroyed	959
2026-08-13T14:02:28Z	FWDFLOOR8	2295	glacierkeep	220076	B	T	tiebreak	1000
2026-08-13T14:02:30Z	FWDFLOOR8	2296	icefloe	220076	A	T	core_destroyed	129
2026-08-13T14:02:31Z	FWDFLOOR8	2297	icefloe	220076	B	C	core_destroyed	129
2026-08-13T14:02:34Z	FWDFLOOR8	2298	midgard	220076	A	T	core_destroyed	79
2026-08-13T14:02:36Z	FWDFLOOR8	2299	midgard	220076	B	T	core_destroyed	87
2026-08-13T14:02:37Z	FWDFLOOR8	2300	nordkap	220076	A	C	core_destroyed	186
2026-08-13T14:02:45Z	FWDFLOOR8	2301	nordkap	220076	B	C	core_destroyed	833
2026-08-13T14:03:43Z	FWDFLOOR8	2302	ragnarok	220076	A	T	tiebreak	1000
2026-08-13T14:04:07Z	FWDFLOOR8	2303	ragnarok	220076	B	C	tiebreak	1000
2026-08-13T14:04:09Z	FWDFLOOR8	2304	royale	220076	A	T	core_destroyed	233
2026-08-13T14:04:12Z	FWDFLOOR8	2305	royale	220076	B	C	core_destroyed	484
2026-08-13T14:04:15Z	FWDFLOOR8	2306	valkyrie	220076	A	T	core_destroyed	150
2026-08-13T14:04:17Z	FWDFLOOR8	2307	valkyrie	220076	B	T	core_destroyed	137
2026-08-13T14:04:18Z	FWDFLOOR8	2308	yulerune	220076	A	T	core_destroyed	95
2026-08-13T14:04:23Z	FWDFLOOR8	2309	yulerune	220076	B	C	core_destroyed	347
2026-08-13T14:04:24Z	FWDFLOOR8	2310	antler	220077	A	T	core_destroyed	194
2026-08-13T14:04:26Z	FWDFLOOR8	2311	antler	220077	B	C	core_destroyed	325
2026-08-13T14:04:29Z	FWDFLOOR8	2312	archipelago	220077	A	T	core_destroyed	114
2026-08-13T14:04:38Z	FWDFLOOR8	2313	archipelago	220077	B	C	core_destroyed	503
2026-08-13T14:04:40Z	FWDFLOOR8	2314	auroraveil	220077	A	T	core_destroyed	121
2026-08-13T14:04:42Z	FWDFLOOR8	2315	auroraveil	220077	B	T	core_destroyed	274
2026-08-13T14:04:45Z	FWDFLOOR8	2316	drakkarfjord	220077	A	C	core_destroyed	231
2026-08-13T14:04:51Z	FWDFLOOR8	2317	drakkarfjord	220077	B	C	tiebreak	1000
2026-08-13T14:04:52Z	FWDFLOOR8	2318	drumlin	220077	A	T	core_destroyed	120
2026-08-13T14:04:55Z	FWDFLOOR8	2319	drumlin	220077	B	T	core_destroyed	251
2026-08-13T14:04:57Z	FWDFLOOR8	2320	fjordgate	220077	A	C	core_destroyed	166
2026-08-13T14:04:58Z	FWDFLOOR8	2321	fjordgate	220077	B	C	core_destroyed	141
2026-08-13T14:05:00Z	FWDFLOOR8	2322	frostgate	220077	A	T	core_destroyed	151
2026-08-13T14:05:01Z	FWDFLOOR8	2323	frostgate	220077	B	T	core_destroyed	229
2026-08-13T14:05:15Z	FWDFLOOR8	2324	glacierkeep	220077	A	T	core_destroyed	949
2026-08-13T14:05:19Z	FWDFLOOR8	2325	glacierkeep	220077	B	C	core_destroyed	300
2026-08-13T14:05:20Z	FWDFLOOR8	2326	icefloe	220077	A	T	core_destroyed	116
2026-08-13T14:05:28Z	FWDFLOOR8	2327	icefloe	220077	B	T	core_destroyed	675
2026-08-13T14:05:30Z	FWDFLOOR8	2328	midgard	220077	A	C	core_destroyed	103
2026-08-13T14:05:33Z	FWDFLOOR8	2329	midgard	220077	B	C	core_destroyed	124
2026-08-13T14:05:35Z	FWDFLOOR8	2330	nordkap	220077	A	C	core_destroyed	297
2026-08-13T14:05:36Z	FWDFLOOR8	2331	nordkap	220077	B	C	core_destroyed	161
2026-08-13T14:05:39Z	FWDFLOOR8	2332	ragnarok	220077	A	T	core_destroyed	112
2026-08-13T14:05:42Z	FWDFLOOR8	2333	ragnarok	220077	B	C	core_destroyed	129
2026-08-13T14:05:44Z	FWDFLOOR8	2334	royale	220077	A	C	core_destroyed	493
2026-08-13T14:05:45Z	FWDFLOOR8	2335	royale	220077	B	T	core_destroyed	239
2026-08-13T14:05:49Z	FWDFLOOR8	2336	valkyrie	220077	A	C	core_destroyed	294
2026-08-13T14:05:52Z	FWDFLOOR8	2337	valkyrie	220077	B	T	core_destroyed	211
2026-08-13T14:05:54Z	FWDFLOOR8	2338	yulerune	220077	A	C	core_destroyed	204
2026-08-13T14:05:56Z	FWDFLOOR8	2339	yulerune	220077	B	C	core_destroyed	113
2026-08-13T14:05:59Z	FWDFLOOR8	2340	antler	220078	A	C	core_destroyed	385
2026-08-13T14:06:00Z	FWDFLOOR8	2341	antler	220078	B	T	core_destroyed	406
2026-08-13T14:06:05Z	FWDFLOOR8	2342	archipelago	220078	A	T	core_destroyed	656
2026-08-13T14:06:07Z	FWDFLOOR8	2343	archipelago	220078	B	C	core_destroyed	123
2026-08-13T14:06:10Z	FWDFLOOR8	2344	auroraveil	220078	A	T	core_destroyed	257
2026-08-13T14:06:11Z	FWDFLOOR8	2345	auroraveil	220078	B	C	core_destroyed	317
2026-08-13T14:06:20Z	FWDFLOOR8	2346	drakkarfjord	220078	A	C	core_destroyed	785
2026-08-13T14:06:24Z	FWDFLOOR8	2347	drakkarfjord	220078	B	C	core_destroyed	290
2026-08-13T14:06:26Z	FWDFLOOR8	2348	drumlin	220078	A	T	core_destroyed	220
2026-08-13T14:06:27Z	FWDFLOOR8	2349	drumlin	220078	B	T	core_destroyed	311
2026-08-13T14:06:30Z	FWDFLOOR8	2350	fjordgate	220078	A	C	tiebreak	1000
2026-08-13T14:06:31Z	FWDFLOOR8	2351	fjordgate	220078	B	T	core_destroyed	110
2026-08-13T14:06:36Z	FWDFLOOR8	2352	frostgate	220078	A	T	core_destroyed	609
2026-08-13T14:06:38Z	FWDFLOOR8	2353	frostgate	220078	B	C	core_destroyed	689
2026-08-13T14:06:40Z	FWDFLOOR8	2354	glacierkeep	220078	A	T	core_destroyed	272
2026-08-13T14:06:43Z	FWDFLOOR8	2355	glacierkeep	220078	B	C	core_destroyed	267
2026-08-13T14:06:45Z	FWDFLOOR8	2356	icefloe	220078	A	T	core_destroyed	231
2026-08-13T14:06:46Z	FWDFLOOR8	2357	icefloe	220078	B	T	core_destroyed	126
2026-08-13T14:06:52Z	FWDFLOOR8	2358	midgard	220078	A	T	core_destroyed	260
2026-08-13T14:06:54Z	FWDFLOOR8	2359	midgard	220078	B	T	core_destroyed	82
2026-08-13T14:06:56Z	FWDFLOOR8	2360	nordkap	220078	A	T	core_destroyed	256
2026-08-13T14:06:58Z	FWDFLOOR8	2361	nordkap	220078	B	T	core_destroyed	239
2026-08-13T14:07:00Z	FWDFLOOR8	2362	ragnarok	220078	A	T	core_destroyed	137
2026-08-13T14:07:03Z	FWDFLOOR8	2363	ragnarok	220078	B	T	core_destroyed	133
2026-08-13T14:07:05Z	FWDFLOOR8	2364	royale	220078	A	T	core_destroyed	709
2026-08-13T14:07:07Z	FWDFLOOR8	2365	royale	220078	B	C	core_destroyed	174
2026-08-13T14:07:09Z	FWDFLOOR8	2366	valkyrie	220078	A	C	core_destroyed	129
2026-08-13T14:07:12Z	FWDFLOOR8	2367	valkyrie	220078	B	T	core_destroyed	178
2026-08-13T14:07:14Z	FWDFLOOR8	2368	yulerune	220078	A	C	tiebreak	1000
2026-08-13T14:07:15Z	FWDFLOOR8	2369	yulerune	220078	B	C	core_destroyed	120
2026-08-13T14:07:18Z	FWDFLOOR8	2370	antler	220079	A	C	tiebreak	1000
2026-08-13T14:07:20Z	FWDFLOOR8	2371	antler	220079	B	T	core_destroyed	344
2026-08-13T14:07:23Z	FWDFLOOR8	2372	archipelago	220079	A	T	core_destroyed	322
2026-08-13T14:07:25Z	FWDFLOOR8	2373	archipelago	220079	B	T	core_destroyed	91
2026-08-13T14:07:27Z	FWDFLOOR8	2374	auroraveil	220079	A	C	core_destroyed	168
2026-08-13T14:07:28Z	FWDFLOOR8	2375	auroraveil	220079	B	T	core_destroyed	245
2026-08-13T14:07:31Z	FWDFLOOR8	2376	drakkarfjord	220079	A	C	core_destroyed	199
2026-08-13T14:07:36Z	FWDFLOOR8	2377	drakkarfjord	220079	B	T	core_destroyed	548
2026-08-13T14:07:38Z	FWDFLOOR8	2378	drumlin	220079	A	C	core_destroyed	120
2026-08-13T14:07:40Z	FWDFLOOR8	2379	drumlin	220079	B	T	core_destroyed	224
2026-08-13T14:07:48Z	FWDFLOOR8	2380	fjordgate	220079	A	C	tiebreak	1000
2026-08-13T14:07:49Z	FWDFLOOR8	2381	fjordgate	220079	B	C	core_destroyed	156
2026-08-13T14:07:52Z	FWDFLOOR8	2382	frostgate	220079	A	C	core_destroyed	429
2026-08-13T14:07:53Z	FWDFLOOR8	2383	frostgate	220079	B	C	core_destroyed	202
2026-08-13T14:07:59Z	FWDFLOOR8	2384	glacierkeep	220079	A	C	core_destroyed	591
2026-08-13T14:08:02Z	FWDFLOOR8	2385	glacierkeep	220079	B	C	core_destroyed	225
2026-08-13T14:08:04Z	FWDFLOOR8	2386	icefloe	220079	A	T	core_destroyed	171
2026-08-13T14:08:05Z	FWDFLOOR8	2387	icefloe	220079	B	T	core_destroyed	149
2026-08-13T14:08:09Z	FWDFLOOR8	2388	midgard	220079	A	C	core_destroyed	246
2026-08-13T14:08:12Z	FWDFLOOR8	2389	midgard	220079	B	T	core_destroyed	99
2026-08-13T14:08:13Z	FWDFLOOR8	2390	nordkap	220079	A	C	core_destroyed	182
2026-08-13T14:08:14Z	FWDFLOOR8	2391	nordkap	220079	B	C	core_destroyed	160
2026-08-13T14:08:17Z	FWDFLOOR8	2392	ragnarok	220079	A	T	core_destroyed	191
2026-08-13T14:08:19Z	FWDFLOOR8	2393	ragnarok	220079	B	T	core_destroyed	127
2026-08-13T14:08:22Z	FWDFLOOR8	2394	royale	220079	A	T	tiebreak	1000
2026-08-13T14:08:23Z	FWDFLOOR8	2395	royale	220079	B	C	core_destroyed	128
2026-08-13T14:08:25Z	FWDFLOOR8	2396	valkyrie	220079	A	C	core_destroyed	97
2026-08-13T14:08:28Z	FWDFLOOR8	2397	valkyrie	220079	B	T	tiebreak	1000
2026-08-13T14:08:31Z	FWDFLOOR8	2398	yulerune	220079	A	T	core_destroyed	175
2026-08-13T14:08:32Z	FWDFLOOR8	2399	yulerune	220079	B	C	core_destroyed	126
2026-08-13T14:08:34Z	FWDFLOOR8	2400	antler	220080	A	T	core_destroyed	523
2026-08-13T14:08:36Z	FWDFLOOR8	2401	antler	220080	B	T	core_destroyed	344
2026-08-13T14:08:38Z	FWDFLOOR8	2402	archipelago	220080	A	T	core_destroyed	157
2026-08-13T14:08:40Z	FWDFLOOR8	2403	archipelago	220080	B	C	core_destroyed	175
2026-08-13T14:08:42Z	FWDFLOOR8	2404	auroraveil	220080	A	C	core_destroyed	201
2026-08-13T14:08:44Z	FWDFLOOR8	2405	auroraveil	220080	B	T	core_destroyed	371
2026-08-13T14:08:46Z	FWDFLOOR8	2406	drakkarfjord	220080	A	C	core_destroyed	137
2026-08-13T14:08:48Z	FWDFLOOR8	2407	drakkarfjord	220080	B	T	core_destroyed	109
2026-08-13T14:08:52Z	FWDFLOOR8	2408	drumlin	220080	A	C	core_destroyed	330
2026-08-13T14:08:54Z	FWDFLOOR8	2409	drumlin	220080	B	C	core_destroyed	120
2026-08-13T14:08:55Z	FWDFLOOR8	2410	fjordgate	220080	A	T	core_destroyed	519
2026-08-13T14:08:56Z	FWDFLOOR8	2411	fjordgate	220080	B	T	core_destroyed	151
2026-08-13T14:08:58Z	FWDFLOOR8	2412	frostgate	220080	A	T	core_destroyed	345
2026-08-13T14:09:00Z	FWDFLOOR8	2413	frostgate	220080	B	C	core_destroyed	265
2026-08-13T14:09:06Z	FWDFLOOR8	2414	glacierkeep	220080	A	C	core_destroyed	625
2026-08-13T14:09:10Z	FWDFLOOR8	2415	glacierkeep	220080	B	C	core_destroyed	306
2026-08-13T14:09:11Z	FWDFLOOR8	2416	icefloe	220080	A	T	core_destroyed	137
2026-08-13T14:09:14Z	FWDFLOOR8	2417	icefloe	220080	B	T	core_destroyed	216
2026-08-13T14:09:19Z	FWDFLOOR8	2418	midgard	220080	A	T	tiebreak	1000
2026-08-13T14:09:22Z	FWDFLOOR8	2419	midgard	220080	B	T	core_destroyed	106
2026-08-13T14:09:23Z	FWDFLOOR8	2420	nordkap	220080	A	C	core_destroyed	171
2026-08-13T14:09:25Z	FWDFLOOR8	2421	nordkap	220080	B	T	tiebreak	1000
2026-08-13T14:09:28Z	FWDFLOOR8	2422	ragnarok	220080	A	T	core_destroyed	142
2026-08-13T14:09:41Z	FWDFLOOR8	2423	ragnarok	220080	B	T	core_destroyed	589
2026-08-13T14:09:43Z	FWDFLOOR8	2424	royale	220080	A	C	core_destroyed	142
2026-08-13T14:09:44Z	FWDFLOOR8	2425	royale	220080	B	C	core_destroyed	226
2026-08-13T14:09:46Z	FWDFLOOR8	2426	valkyrie	220080	A	T	core_destroyed	111
2026-08-13T14:09:49Z	FWDFLOOR8	2427	valkyrie	220080	B	T	core_destroyed	146
2026-08-13T14:09:51Z	FWDFLOOR8	2428	yulerune	220080	A	T	core_destroyed	171
2026-08-13T14:09:53Z	FWDFLOOR8	2429	yulerune	220080	B	C	core_destroyed	198
2026-08-13T14:09:55Z	FWDFLOOR8	2430	antler	220081	A	C	core_destroyed	229
2026-08-13T14:09:56Z	FWDFLOOR8	2431	antler	220081	B	C	core_destroyed	102
2026-08-13T14:09:58Z	FWDFLOOR8	2432	archipelago	220081	A	C	core_destroyed	87
2026-08-13T14:10:00Z	FWDFLOOR8	2433	archipelago	220081	B	T	core_destroyed	80
2026-08-13T14:10:01Z	FWDFLOOR8	2434	auroraveil	220081	A	T	core_destroyed	127
2026-08-13T14:10:02Z	FWDFLOOR8	2435	auroraveil	220081	B	C	core_destroyed	110
2026-08-13T14:10:07Z	FWDFLOOR8	2436	drakkarfjord	220081	A	C	core_destroyed	433
2026-08-13T14:10:12Z	FWDFLOOR8	2437	drakkarfjord	220081	B	C	core_destroyed	315
2026-08-13T14:10:14Z	FWDFLOOR8	2438	drumlin	220081	A	T	core_destroyed	189
2026-08-13T14:10:18Z	FWDFLOOR8	2439	drumlin	220081	B	T	core_destroyed	324
2026-08-13T14:10:19Z	FWDFLOOR8	2440	fjordgate	220081	A	C	core_destroyed	94
2026-08-13T14:10:20Z	FWDFLOOR8	2441	fjordgate	220081	B	T	core_destroyed	109
2026-08-13T14:10:21Z	FWDFLOOR8	2442	frostgate	220081	A	C	core_destroyed	158
2026-08-13T14:10:26Z	FWDFLOOR8	2443	frostgate	220081	B	T	core_destroyed	634
2026-08-13T14:10:28Z	FWDFLOOR8	2444	glacierkeep	220081	A	T	core_destroyed	117
2026-08-13T14:10:31Z	FWDFLOOR8	2445	glacierkeep	220081	B	C	core_destroyed	268
2026-08-13T14:10:33Z	FWDFLOOR8	2446	icefloe	220081	A	C	core_destroyed	200
2026-08-13T14:10:36Z	FWDFLOOR8	2447	icefloe	220081	B	C	core_destroyed	412
2026-08-13T14:10:39Z	FWDFLOOR8	2448	midgard	220081	A	C	core_destroyed	152
2026-08-13T14:10:44Z	FWDFLOOR8	2449	midgard	220081	B	C	core_destroyed	208
2026-08-13T14:10:45Z	FWDFLOOR8	2450	nordkap	220081	A	C	core_destroyed	345
2026-08-13T14:10:47Z	FWDFLOOR8	2451	nordkap	220081	B	C	core_destroyed	440
2026-08-13T14:10:50Z	FWDFLOOR8	2452	ragnarok	220081	A	C	core_destroyed	164
2026-08-13T14:10:54Z	FWDFLOOR8	2453	ragnarok	220081	B	C	core_destroyed	165
2026-08-13T14:10:55Z	FWDFLOOR8	2454	royale	220081	A	C	core_destroyed	205
2026-08-13T14:10:57Z	FWDFLOOR8	2455	royale	220081	B	C	tiebreak	1000
2026-08-13T14:10:59Z	FWDFLOOR8	2456	valkyrie	220081	A	T	core_destroyed	127
2026-08-13T14:11:01Z	FWDFLOOR8	2457	valkyrie	220081	B	T	core_destroyed	178
2026-08-13T14:11:07Z	FWDFLOOR8	2458	yulerune	220081	A	T	tiebreak	1000
2026-08-13T14:11:09Z	FWDFLOOR8	2459	yulerune	220081	B	C	core_destroyed	184
2026-08-13T14:11:10Z	FWDFLOOR8	2460	antler	220082	A	C	core_destroyed	273
2026-08-13T14:11:12Z	FWDFLOOR8	2461	antler	220082	B	C	core_destroyed	140
2026-08-13T14:11:14Z	FWDFLOOR8	2462	archipelago	220082	A	C	core_destroyed	127
2026-08-13T14:11:19Z	FWDFLOOR8	2463	archipelago	220082	B	C	core_destroyed	494
2026-08-13T14:11:20Z	FWDFLOOR8	2464	auroraveil	220082	A	C	core_destroyed	141
2026-08-13T14:11:21Z	FWDFLOOR8	2465	auroraveil	220082	B	T	core_destroyed	181
2026-08-13T14:11:40Z	FWDFLOOR8	2466	drakkarfjord	220082	A	T	tiebreak	1000
2026-08-13T14:11:43Z	FWDFLOOR8	2467	drakkarfjord	220082	B	T	core_destroyed	436
2026-08-13T14:11:55Z	FWDFLOOR8	2468	drumlin	220082	A	T	core_destroyed	821
2026-08-13T14:11:56Z	FWDFLOOR8	2469	drumlin	220082	B	T	core_destroyed	406
2026-08-13T14:11:58Z	FWDFLOOR8	2470	fjordgate	220082	A	T	core_destroyed	207
2026-08-13T14:11:59Z	FWDFLOOR8	2471	fjordgate	220082	B	C	core_destroyed	170
2026-08-13T14:12:01Z	FWDFLOOR8	2472	frostgate	220082	A	T	tiebreak	1000
2026-08-13T14:12:03Z	FWDFLOOR8	2473	frostgate	220082	B	T	core_destroyed	522
2026-08-13T14:12:22Z	FWDFLOOR8	2474	glacierkeep	220082	A	C	core_destroyed	960
2026-08-13T14:12:24Z	FWDFLOOR8	2475	glacierkeep	220082	B	C	tiebreak	1000
2026-08-13T14:12:26Z	FWDFLOOR8	2476	icefloe	220082	A	C	core_destroyed	120
2026-08-13T14:12:28Z	FWDFLOOR8	2477	icefloe	220082	B	C	core_destroyed	353
2026-08-13T14:12:30Z	FWDFLOOR8	2478	midgard	220082	A	C	core_destroyed	84
2026-08-13T14:12:33Z	FWDFLOOR8	2479	midgard	220082	B	C	core_destroyed	236
2026-08-13T14:12:34Z	FWDFLOOR8	2480	nordkap	220082	A	T	core_destroyed	149
2026-08-13T14:12:36Z	FWDFLOOR8	2481	nordkap	220082	B	C	core_destroyed	143
2026-08-13T14:12:41Z	FWDFLOOR8	2482	ragnarok	220082	A	C	core_destroyed	294
2026-08-13T14:12:44Z	FWDFLOOR8	2483	ragnarok	220082	B	C	core_destroyed	161
2026-08-13T14:12:45Z	FWDFLOOR8	2484	royale	220082	A	C	core_destroyed	213
2026-08-13T14:12:46Z	FWDFLOOR8	2485	royale	220082	B	C	core_destroyed	327
2026-08-13T14:12:49Z	FWDFLOOR8	2486	valkyrie	220082	A	T	core_destroyed	106
2026-08-13T14:12:52Z	FWDFLOOR8	2487	valkyrie	220082	B	T	core_destroyed	450
2026-08-13T14:12:56Z	FWDFLOOR8	2488	yulerune	220082	A	C	core_destroyed	260
2026-08-13T14:12:58Z	FWDFLOOR8	2489	yulerune	220082	B	C	core_destroyed	206
2026-08-13T14:13:00Z	FWDFLOOR8	2490	antler	220083	A	T	core_destroyed	309
2026-08-13T14:13:03Z	FWDFLOOR8	2491	antler	220083	B	C	core_destroyed	726
2026-08-13T14:13:05Z	FWDFLOOR8	2492	archipelago	220083	A	T	core_destroyed	119
2026-08-13T14:13:07Z	FWDFLOOR8	2493	archipelago	220083	B	C	core_destroyed	103
2026-08-13T14:13:13Z	FWDFLOOR8	2494	auroraveil	220083	A	T	core_destroyed	505
2026-08-13T14:13:16Z	FWDFLOOR8	2495	auroraveil	220083	B	C	core_destroyed	553
2026-08-13T14:13:19Z	FWDFLOOR8	2496	drakkarfjord	220083	A	C	core_destroyed	190
2026-08-13T14:13:21Z	FWDFLOOR8	2497	drakkarfjord	220083	B	T	core_destroyed	127
2026-08-13T14:13:29Z	FWDFLOOR8	2498	drumlin	220083	A	C	tiebreak	1000
2026-08-13T14:13:31Z	FWDFLOOR8	2499	drumlin	220083	B	C	core_destroyed	170
2026-08-13T14:13:33Z	FWDFLOOR8	2500	fjordgate	220083	A	C	core_destroyed	131
2026-08-13T14:13:34Z	FWDFLOOR8	2501	fjordgate	220083	B	T	core_destroyed	115
2026-08-13T14:13:42Z	FWDFLOOR8	2502	frostgate	220083	A	C	tiebreak	1000
2026-08-13T14:13:43Z	FWDFLOOR8	2503	frostgate	220083	B	T	core_destroyed	367
2026-08-13T14:13:45Z	FWDFLOOR8	2504	glacierkeep	220083	A	T	core_destroyed	153
2026-08-13T14:13:55Z	FWDFLOOR8	2505	glacierkeep	220083	B	T	core_destroyed	913
2026-08-13T14:13:57Z	FWDFLOOR8	2506	icefloe	220083	A	C	core_destroyed	177
2026-08-13T14:13:59Z	FWDFLOOR8	2507	icefloe	220083	B	C	core_destroyed	152
2026-08-13T14:14:02Z	FWDFLOOR8	2508	midgard	220083	A	T	core_destroyed	131
2026-08-13T14:14:04Z	FWDFLOOR8	2509	midgard	220083	B	C	core_destroyed	164
2026-08-13T14:14:07Z	FWDFLOOR8	2510	nordkap	220083	A	T	core_destroyed	216
2026-08-13T14:14:09Z	FWDFLOOR8	2511	nordkap	220083	B	T	core_destroyed	232
2026-08-13T14:14:11Z	FWDFLOOR8	2512	ragnarok	220083	A	T	core_destroyed	159
2026-08-13T14:15:03Z	FWDFLOOR8	2513	ragnarok	220083	B	C	tiebreak	1000
2026-08-13T14:15:08Z	FWDFLOOR8	2514	royale	220083	A	C	tiebreak	1000
2026-08-13T14:15:09Z	FWDFLOOR8	2515	royale	220083	B	C	core_destroyed	240
2026-08-13T14:15:11Z	FWDFLOOR8	2516	valkyrie	220083	A	C	core_destroyed	120
2026-08-13T14:15:17Z	FWDFLOOR8	2517	valkyrie	220083	B	T	core_destroyed	272
2026-08-13T14:15:19Z	FWDFLOOR8	2518	yulerune	220083	A	C	core_destroyed	142
2026-08-13T14:15:20Z	FWDFLOOR8	2519	yulerune	220083	B	C	core_destroyed	174
2026-08-13T14:15:24Z	FWDFLOOR8	2520	antler	220084	A	C	core_destroyed	580
2026-08-13T14:15:26Z	FWDFLOOR8	2521	antler	220084	B	T	core_destroyed	449
2026-08-13T14:15:28Z	FWDFLOOR8	2522	archipelago	220084	A	C	core_destroyed	148
2026-08-13T14:15:31Z	FWDFLOOR8	2523	archipelago	220084	B	C	core_destroyed	103
2026-08-13T14:15:33Z	FWDFLOOR8	2524	auroraveil	220084	A	T	core_destroyed	301
2026-08-13T14:15:35Z	FWDFLOOR8	2525	auroraveil	220084	B	C	core_destroyed	221
2026-08-13T14:15:40Z	FWDFLOOR8	2526	drakkarfjord	220084	A	C	core_destroyed	346
2026-08-13T14:15:45Z	FWDFLOOR8	2527	drakkarfjord	220084	B	T	core_destroyed	509
2026-08-13T14:15:49Z	FWDFLOOR8	2528	drumlin	220084	A	C	core_destroyed	587
2026-08-13T14:15:54Z	FWDFLOOR8	2529	drumlin	220084	B	C	core_destroyed	545
2026-08-13T14:15:55Z	FWDFLOOR8	2530	fjordgate	220084	A	T	core_destroyed	142
2026-08-13T14:15:57Z	FWDFLOOR8	2531	fjordgate	220084	B	C	core_destroyed	236
2026-08-13T14:15:59Z	FWDFLOOR8	2532	frostgate	220084	A	C	core_destroyed	446
2026-08-13T14:16:00Z	FWDFLOOR8	2533	frostgate	220084	B	T	core_destroyed	233
2026-08-13T14:16:02Z	FWDFLOOR8	2534	glacierkeep	220084	A	T	core_destroyed	356
2026-08-13T14:16:06Z	FWDFLOOR8	2535	glacierkeep	220084	B	T	core_destroyed	472
2026-08-13T14:16:08Z	FWDFLOOR8	2536	icefloe	220084	A	C	core_destroyed	289
2026-08-13T14:16:10Z	FWDFLOOR8	2537	icefloe	220084	B	C	core_destroyed	176
2026-08-13T14:16:12Z	FWDFLOOR8	2538	midgard	220084	A	T	core_destroyed	154
2026-08-13T14:16:16Z	FWDFLOOR8	2539	midgard	220084	B	C	core_destroyed	220
2026-08-13T14:16:19Z	FWDFLOOR8	2540	nordkap	220084	A	C	core_destroyed	252
2026-08-13T14:16:21Z	FWDFLOOR8	2541	nordkap	220084	B	C	core_destroyed	308
2026-08-13T14:16:23Z	FWDFLOOR8	2542	ragnarok	220084	A	T	core_destroyed	129
2026-08-13T14:16:28Z	FWDFLOOR8	2543	ragnarok	220084	B	C	core_destroyed	181
2026-08-13T14:16:29Z	FWDFLOOR8	2544	royale	220084	A	C	core_destroyed	357
2026-08-13T14:16:31Z	FWDFLOOR8	2545	royale	220084	B	C	core_destroyed	334
2026-08-13T14:16:33Z	FWDFLOOR8	2546	valkyrie	220084	A	C	core_destroyed	178
2026-08-13T14:16:35Z	FWDFLOOR8	2547	valkyrie	220084	B	T	core_destroyed	257
2026-08-13T14:16:38Z	FWDFLOOR8	2548	yulerune	220084	A	T	core_destroyed	209
2026-08-13T14:16:41Z	FWDFLOOR8	2549	yulerune	220084	B	T	core_destroyed	338
2026-08-13T14:16:43Z	FWDFLOOR8	2550	antler	220085	A	C	core_destroyed	145
2026-08-13T14:16:45Z	FWDFLOOR8	2551	antler	220085	B	C	core_destroyed	303
2026-08-13T14:16:46Z	FWDFLOOR8	2552	archipelago	220085	A	T	core_destroyed	248
2026-08-13T14:16:53Z	FWDFLOOR8	2553	archipelago	220085	B	C	core_destroyed	352
2026-08-13T14:16:54Z	FWDFLOOR8	2554	auroraveil	220085	A	T	core_destroyed	115
2026-08-13T14:16:56Z	FWDFLOOR8	2555	auroraveil	220085	B	C	core_destroyed	173
2026-08-13T14:17:03Z	FWDFLOOR8	2556	drakkarfjord	220085	A	T	core_destroyed	600
2026-08-13T14:17:12Z	FWDFLOOR8	2557	drakkarfjord	220085	B	T	core_destroyed	654
2026-08-13T14:17:13Z	FWDFLOOR8	2558	drumlin	220085	A	T	core_destroyed	125
2026-08-13T14:17:21Z	FWDFLOOR8	2559	drumlin	220085	B	C	core_destroyed	565
2026-08-13T14:17:22Z	FWDFLOOR8	2560	fjordgate	220085	A	T	core_destroyed	170
2026-08-13T14:17:23Z	FWDFLOOR8	2561	fjordgate	220085	B	T	core_destroyed	206
2026-08-13T14:17:24Z	FWDFLOOR8	2562	frostgate	220085	A	C	core_destroyed	237
2026-08-13T14:17:26Z	FWDFLOOR8	2563	frostgate	220085	B	T	core_destroyed	156
2026-08-13T14:17:28Z	FWDFLOOR8	2564	glacierkeep	220085	A	T	core_destroyed	188
2026-08-13T14:17:34Z	FWDFLOOR8	2565	glacierkeep	220085	B	T	core_destroyed	451
2026-08-13T14:17:36Z	FWDFLOOR8	2566	icefloe	220085	A	C	core_destroyed	259
2026-08-13T14:17:39Z	FWDFLOOR8	2567	icefloe	220085	B	C	core_destroyed	337
2026-08-13T14:17:42Z	FWDFLOOR8	2568	midgard	220085	A	C	core_destroyed	83
2026-08-13T14:17:44Z	FWDFLOOR8	2569	midgard	220085	B	T	core_destroyed	97
2026-08-13T14:17:46Z	FWDFLOOR8	2570	nordkap	220085	A	C	core_destroyed	194
2026-08-13T14:17:47Z	FWDFLOOR8	2571	nordkap	220085	B	C	core_destroyed	188
2026-08-13T14:17:50Z	FWDFLOOR8	2572	ragnarok	220085	A	T	core_destroyed	160
2026-08-13T14:17:53Z	FWDFLOOR8	2573	ragnarok	220085	B	C	core_destroyed	118
2026-08-13T14:17:54Z	FWDFLOOR8	2574	royale	220085	A	T	core_destroyed	88
2026-08-13T14:17:55Z	FWDFLOOR8	2575	royale	220085	B	T	core_destroyed	185
2026-08-13T14:17:57Z	FWDFLOOR8	2576	valkyrie	220085	A	C	core_destroyed	96
2026-08-13T14:18:02Z	FWDFLOOR8	2577	valkyrie	220085	B	T	core_destroyed	211
2026-08-13T14:18:07Z	FWDFLOOR8	2578	yulerune	220085	A	T	tiebreak	1000
2026-08-13T14:18:09Z	FWDFLOOR8	2579	yulerune	220085	B	C	core_destroyed	279
2026-08-13T14:18:11Z	FWDFLOOR8	2580	antler	220086	A	T	core_destroyed	349
2026-08-13T14:18:13Z	FWDFLOOR8	2581	antler	220086	B	C	core_destroyed	239
2026-08-13T14:18:16Z	FWDFLOOR8	2582	archipelago	220086	A	C	core_destroyed	238
2026-08-13T14:18:19Z	FWDFLOOR8	2583	archipelago	220086	B	T	core_destroyed	230
2026-08-13T14:18:21Z	FWDFLOOR8	2584	auroraveil	220086	A	T	core_destroyed	81
2026-08-13T14:18:22Z	FWDFLOOR8	2585	auroraveil	220086	B	C	core_destroyed	141
2026-08-13T14:18:33Z	FWDFLOOR8	2586	drakkarfjord	220086	A	C	tiebreak	1000
2026-08-13T14:18:39Z	FWDFLOOR8	2587	drakkarfjord	220086	B	T	core_destroyed	389
2026-08-13T14:18:43Z	FWDFLOOR8	2588	drumlin	220086	A	T	core_destroyed	323
2026-08-13T14:18:49Z	FWDFLOOR8	2589	drumlin	220086	B	T	core_destroyed	369
2026-08-13T14:18:50Z	FWDFLOOR8	2590	fjordgate	220086	A	C	core_destroyed	138
2026-08-13T14:18:51Z	FWDFLOOR8	2591	fjordgate	220086	B	T	core_destroyed	229
2026-08-13T14:18:53Z	FWDFLOOR8	2592	frostgate	220086	A	T	core_destroyed	128
2026-08-13T14:18:55Z	FWDFLOOR8	2593	frostgate	220086	B	T	core_destroyed	197
2026-08-13T14:18:57Z	FWDFLOOR8	2594	glacierkeep	220086	A	T	core_destroyed	133
2026-08-13T14:18:59Z	FWDFLOOR8	2595	glacierkeep	220086	B	C	core_destroyed	179
2026-08-13T14:19:00Z	FWDFLOOR8	2596	icefloe	220086	A	T	core_destroyed	101
2026-08-13T14:19:03Z	FWDFLOOR8	2597	icefloe	220086	B	T	core_destroyed	253
2026-08-13T14:19:05Z	FWDFLOOR8	2598	midgard	220086	A	C	core_destroyed	78
2026-08-13T14:19:08Z	FWDFLOOR8	2599	midgard	220086	B	T	core_destroyed	218
2026-08-13T14:19:09Z	FWDFLOOR8	2600	nordkap	220086	A	C	core_destroyed	120
2026-08-13T14:19:10Z	FWDFLOOR8	2601	nordkap	220086	B	C	core_destroyed	110
2026-08-13T14:19:13Z	FWDFLOOR8	2602	ragnarok	220086	A	C	core_destroyed	144
2026-08-13T14:19:17Z	FWDFLOOR8	2603	ragnarok	220086	B	T	core_destroyed	161
2026-08-13T14:19:19Z	FWDFLOOR8	2604	royale	220086	A	C	core_destroyed	276
2026-08-13T14:19:21Z	FWDFLOOR8	2605	royale	220086	B	T	core_destroyed	117
2026-08-13T14:19:24Z	FWDFLOOR8	2606	valkyrie	220086	A	T	core_destroyed	873
2026-08-13T14:19:28Z	FWDFLOOR8	2607	valkyrie	220086	B	T	core_destroyed	211
2026-08-13T14:19:30Z	FWDFLOOR8	2608	yulerune	220086	A	T	core_destroyed	102
2026-08-13T14:19:35Z	FWDFLOOR8	2609	yulerune	220086	B	C	core_destroyed	708
2026-08-13T14:19:37Z	FWDFLOOR8	2610	antler	220087	A	C	core_destroyed	228
2026-08-13T14:19:39Z	FWDFLOOR8	2611	antler	220087	B	T	core_destroyed	356
2026-08-13T14:19:42Z	FWDFLOOR8	2612	archipelago	220087	A	C	core_destroyed	112
2026-08-13T14:19:44Z	FWDFLOOR8	2613	archipelago	220087	B	C	core_destroyed	132
2026-08-13T14:19:45Z	FWDFLOOR8	2614	auroraveil	220087	A	T	core_destroyed	415
2026-08-13T14:19:47Z	FWDFLOOR8	2615	auroraveil	220087	B	C	core_destroyed	111
2026-08-13T14:19:53Z	FWDFLOOR8	2616	drakkarfjord	220087	A	C	core_destroyed	384
2026-08-13T14:19:56Z	FWDFLOOR8	2617	drakkarfjord	220087	B	C	core_destroyed	95
2026-08-13T14:19:58Z	FWDFLOOR8	2618	drumlin	220087	A	C	core_destroyed	126
2026-08-13T14:20:00Z	FWDFLOOR8	2619	drumlin	220087	B	C	core_destroyed	198
2026-08-13T14:20:02Z	FWDFLOOR8	2620	fjordgate	220087	A	C	core_destroyed	225
2026-08-13T14:20:03Z	FWDFLOOR8	2621	fjordgate	220087	B	C	core_destroyed	141
2026-08-13T14:20:04Z	FWDFLOOR8	2622	frostgate	220087	A	C	core_destroyed	142
2026-08-13T14:20:06Z	FWDFLOOR8	2623	frostgate	220087	B	T	core_destroyed	436
2026-08-13T14:20:08Z	FWDFLOOR8	2624	glacierkeep	220087	A	T	core_destroyed	227
2026-08-13T14:20:15Z	FWDFLOOR8	2625	glacierkeep	220087	B	T	core_destroyed	833
2026-08-13T14:20:17Z	FWDFLOOR8	2626	icefloe	220087	A	T	core_destroyed	101
2026-08-13T14:20:18Z	FWDFLOOR8	2627	icefloe	220087	B	C	core_destroyed	269
2026-08-13T14:20:21Z	FWDFLOOR8	2628	midgard	220087	A	C	core_destroyed	99
2026-08-13T14:20:23Z	FWDFLOOR8	2629	midgard	220087	B	T	core_destroyed	98
2026-08-13T14:20:25Z	FWDFLOOR8	2630	nordkap	220087	A	T	core_destroyed	793
2026-08-13T14:20:28Z	FWDFLOOR8	2631	nordkap	220087	B	T	core_destroyed	349
2026-08-13T14:20:33Z	FWDFLOOR8	2632	ragnarok	220087	A	C	core_destroyed	164
2026-08-13T14:21:26Z	FWDFLOOR8	2633	ragnarok	220087	B	C	tiebreak	1000
2026-08-13T14:21:28Z	FWDFLOOR8	2634	royale	220087	A	C	core_destroyed	128
2026-08-13T14:21:29Z	FWDFLOOR8	2635	royale	220087	B	C	core_destroyed	163
2026-08-13T14:21:33Z	FWDFLOOR8	2636	valkyrie	220087	A	T	core_destroyed	184
2026-08-13T14:21:36Z	FWDFLOOR8	2637	valkyrie	220087	B	T	core_destroyed	226
2026-08-13T14:21:37Z	FWDFLOOR8	2638	yulerune	220087	A	C	core_destroyed	105
2026-08-13T14:21:41Z	FWDFLOOR8	2639	yulerune	220087	B	C	core_destroyed	423
2026-08-13T14:21:43Z	FWDFLOOR8	2640	antler	220088	A	T	core_destroyed	298
2026-08-13T14:21:45Z	FWDFLOOR8	2641	antler	220088	B	C	core_destroyed	292
2026-08-13T14:21:57Z	FWDFLOOR8	2642	archipelago	220088	A	T	core_destroyed	826
2026-08-13T14:21:59Z	FWDFLOOR8	2643	archipelago	220088	B	C	core_destroyed	93
2026-08-13T14:22:02Z	FWDFLOOR8	2644	auroraveil	220088	A	T	tiebreak	1000
2026-08-13T14:22:04Z	FWDFLOOR8	2645	auroraveil	220088	B	T	core_destroyed	168
2026-08-13T14:22:09Z	FWDFLOOR8	2646	drakkarfjord	220088	A	C	core_destroyed	279
2026-08-13T14:22:12Z	FWDFLOOR8	2647	drakkarfjord	220088	B	T	core_destroyed	209
2026-08-13T14:22:14Z	FWDFLOOR8	2648	drumlin	220088	A	C	core_destroyed	204
2026-08-13T14:22:16Z	FWDFLOOR8	2649	drumlin	220088	B	C	core_destroyed	80
2026-08-13T14:22:17Z	FWDFLOOR8	2650	fjordgate	220088	A	T	core_destroyed	168
2026-08-13T14:22:19Z	FWDFLOOR8	2651	fjordgate	220088	B	C	core_destroyed	225
2026-08-13T14:22:21Z	FWDFLOOR8	2652	frostgate	220088	A	C	core_destroyed	186
2026-08-13T14:22:22Z	FWDFLOOR8	2653	frostgate	220088	B	T	core_destroyed	369
2026-08-13T14:22:24Z	FWDFLOOR8	2654	glacierkeep	220088	A	T	core_destroyed	151
2026-08-13T14:22:29Z	FWDFLOOR8	2655	glacierkeep	220088	B	T	tiebreak	1000
2026-08-13T14:22:31Z	FWDFLOOR8	2656	icefloe	220088	A	C	core_destroyed	399
2026-08-13T14:22:33Z	FWDFLOOR8	2657	icefloe	220088	B	C	core_destroyed	165
2026-08-13T14:22:36Z	FWDFLOOR8	2658	midgard	220088	A	T	core_destroyed	147
2026-08-13T14:22:41Z	FWDFLOOR8	2659	midgard	220088	B	C	core_destroyed	205
2026-08-13T14:22:42Z	FWDFLOOR8	2660	nordkap	220088	A	T	core_destroyed	155
2026-08-13T14:22:50Z	FWDFLOOR8	2661	nordkap	220088	B	C	tiebreak	1000
2026-08-13T14:22:53Z	FWDFLOOR8	2662	ragnarok	220088	A	T	core_destroyed	127
2026-08-13T14:22:58Z	FWDFLOOR8	2663	ragnarok	220088	B	C	core_destroyed	210
2026-08-13T14:23:00Z	FWDFLOOR8	2664	royale	220088	A	C	core_destroyed	243
2026-08-13T14:23:01Z	FWDFLOOR8	2665	royale	220088	B	T	core_destroyed	86
2026-08-13T14:23:06Z	FWDFLOOR8	2666	valkyrie	220088	A	C	core_destroyed	384
2026-08-13T14:23:08Z	FWDFLOOR8	2667	valkyrie	220088	B	C	core_destroyed	245
2026-08-13T14:23:10Z	FWDFLOOR8	2668	yulerune	220088	A	C	core_destroyed	172
2026-08-13T14:23:13Z	FWDFLOOR8	2669	yulerune	220088	B	C	core_destroyed	729
2026-08-13T14:23:16Z	FWDFLOOR8	2670	antler	220089	A	C	core_destroyed	462
2026-08-13T14:23:18Z	FWDFLOOR8	2671	antler	220089	B	C	core_destroyed	210
2026-08-13T14:23:22Z	FWDFLOOR8	2672	archipelago	220089	A	C	core_destroyed	272
2026-08-13T14:23:24Z	FWDFLOOR8	2673	archipelago	220089	B	C	core_destroyed	81
2026-08-13T14:23:25Z	FWDFLOOR8	2674	auroraveil	220089	A	T	core_destroyed	121
2026-08-13T14:23:28Z	FWDFLOOR8	2675	auroraveil	220089	B	C	core_destroyed	337
2026-08-13T14:23:31Z	FWDFLOOR8	2676	drakkarfjord	220089	A	T	core_destroyed	293
2026-08-13T14:23:34Z	FWDFLOOR8	2677	drakkarfjord	220089	B	T	core_destroyed	224
2026-08-13T14:23:36Z	FWDFLOOR8	2678	drumlin	220089	A	T	core_destroyed	148
2026-08-13T14:23:38Z	FWDFLOOR8	2679	drumlin	220089	B	C	core_destroyed	530
2026-08-13T14:23:40Z	FWDFLOOR8	2680	fjordgate	220089	A	C	core_destroyed	705
2026-08-13T14:23:41Z	FWDFLOOR8	2681	fjordgate	220089	B	T	core_destroyed	176
2026-08-13T14:23:43Z	FWDFLOOR8	2682	frostgate	220089	A	T	core_destroyed	252
2026-08-13T14:23:48Z	FWDFLOOR8	2683	frostgate	220089	B	T	core_destroyed	628
2026-08-13T14:23:50Z	FWDFLOOR8	2684	glacierkeep	220089	A	T	core_destroyed	210
2026-08-13T14:23:53Z	FWDFLOOR8	2685	glacierkeep	220089	B	T	core_destroyed	601
2026-08-13T14:23:57Z	FWDFLOOR8	2686	icefloe	220089	A	C	core_destroyed	224
2026-08-13T14:23:59Z	FWDFLOOR8	2687	icefloe	220089	B	C	core_destroyed	192
2026-08-13T14:24:03Z	FWDFLOOR8	2688	midgard	220089	A	T	core_destroyed	156
2026-08-13T14:24:06Z	FWDFLOOR8	2689	midgard	220089	B	T	core_destroyed	75
2026-08-13T14:24:07Z	FWDFLOOR8	2690	nordkap	220089	A	T	core_destroyed	178
2026-08-13T14:24:09Z	FWDFLOOR8	2691	nordkap	220089	B	T	tiebreak	1000
2026-08-13T14:24:13Z	FWDFLOOR8	2692	ragnarok	220089	A	T	core_destroyed	177
2026-08-13T14:24:25Z	FWDFLOOR8	2693	ragnarok	220089	B	C	core_destroyed	403
2026-08-13T14:24:27Z	FWDFLOOR8	2694	royale	220089	A	C	core_destroyed	273
2026-08-13T14:24:30Z	FWDFLOOR8	2695	royale	220089	B	T	core_destroyed	570
2026-08-13T14:24:35Z	FWDFLOOR8	2696	valkyrie	220089	A	C	core_destroyed	316
2026-08-13T14:24:38Z	FWDFLOOR8	2697	valkyrie	220089	B	T	core_destroyed	130
2026-08-13T14:24:39Z	FWDFLOOR8	2698	yulerune	220089	A	C	core_destroyed	135
2026-08-13T14:24:42Z	FWDFLOOR8	2699	yulerune	220089	B	C	core_destroyed	215
2026-08-13T14:24:44Z	FWDFLOOR8	2700	antler	220090	A	C	core_destroyed	220
2026-08-13T14:24:46Z	FWDFLOOR8	2701	antler	220090	B	C	core_destroyed	174
2026-08-13T14:24:49Z	FWDFLOOR8	2702	archipelago	220090	A	C	core_destroyed	315
2026-08-13T14:24:51Z	FWDFLOOR8	2703	archipelago	220090	B	C	core_destroyed	92
2026-08-13T14:24:52Z	FWDFLOOR8	2704	auroraveil	220090	A	C	core_destroyed	144
2026-08-13T14:24:55Z	FWDFLOOR8	2705	auroraveil	220090	B	T	core_destroyed	213
2026-08-13T14:25:01Z	FWDFLOOR8	2706	drakkarfjord	220090	A	C	core_destroyed	443
2026-08-13T14:25:05Z	FWDFLOOR8	2707	drakkarfjord	220090	B	T	core_destroyed	537
2026-08-13T14:25:08Z	FWDFLOOR8	2708	drumlin	220090	A	C	core_destroyed	225
2026-08-13T14:25:10Z	FWDFLOOR8	2709	drumlin	220090	B	C	core_destroyed	226
2026-08-13T14:25:12Z	FWDFLOOR8	2710	fjordgate	220090	A	T	core_destroyed	194
2026-08-13T14:25:13Z	FWDFLOOR8	2711	fjordgate	220090	B	C	core_destroyed	184
2026-08-13T14:25:16Z	FWDFLOOR8	2712	frostgate	220090	A	C	core_destroyed	308
2026-08-13T14:25:17Z	FWDFLOOR8	2713	frostgate	220090	B	C	core_destroyed	209
2026-08-13T14:25:19Z	FWDFLOOR8	2714	glacierkeep	220090	A	C	core_destroyed	219
2026-08-13T14:25:21Z	FWDFLOOR8	2715	glacierkeep	220090	B	C	core_destroyed	169
2026-08-13T14:25:26Z	FWDFLOOR8	2716	icefloe	220090	A	C	core_destroyed	551
2026-08-13T14:25:29Z	FWDFLOOR8	2717	icefloe	220090	B	C	core_destroyed	253
2026-08-13T14:25:31Z	FWDFLOOR8	2718	midgard	220090	A	C	core_destroyed	83
2026-08-13T14:25:34Z	FWDFLOOR8	2719	midgard	220090	B	T	core_destroyed	90
2026-08-13T14:25:36Z	FWDFLOOR8	2720	nordkap	220090	A	T	core_destroyed	475
2026-08-13T14:25:38Z	FWDFLOOR8	2721	nordkap	220090	B	T	core_destroyed	178
2026-08-13T14:25:45Z	FWDFLOOR8	2722	ragnarok	220090	A	T	core_destroyed	267
2026-08-13T14:25:50Z	FWDFLOOR8	2723	ragnarok	220090	B	T	core_destroyed	191
2026-08-13T14:25:51Z	FWDFLOOR8	2724	royale	220090	A	T	core_destroyed	209
2026-08-13T14:25:52Z	FWDFLOOR8	2725	royale	220090	B	T	core_destroyed	137
2026-08-13T14:25:55Z	FWDFLOOR8	2726	valkyrie	220090	A	C	core_destroyed	141
2026-08-13T14:25:58Z	FWDFLOOR8	2727	valkyrie	220090	B	T	core_destroyed	146
2026-08-13T14:26:00Z	FWDFLOOR8	2728	yulerune	220090	A	T	core_destroyed	114
2026-08-13T14:26:02Z	FWDFLOOR8	2729	yulerune	220090	B	T	core_destroyed	210
2026-08-13T14:26:05Z	FWDFLOOR8	2730	antler	220091	A	C	core_destroyed	301
2026-08-13T14:26:07Z	FWDFLOOR8	2731	antler	220091	B	T	core_destroyed	284
2026-08-13T14:26:08Z	FWDFLOOR8	2732	archipelago	220091	A	C	core_destroyed	113
2026-08-13T14:26:11Z	FWDFLOOR8	2733	archipelago	220091	B	C	core_destroyed	129
2026-08-13T14:26:19Z	FWDFLOOR8	2734	auroraveil	220091	A	T	tiebreak	1000
2026-08-13T14:26:21Z	FWDFLOOR8	2735	auroraveil	220091	B	T	core_destroyed	180
2026-08-13T14:26:24Z	FWDFLOOR8	2736	drakkarfjord	220091	A	C	core_destroyed	200
2026-08-13T14:26:26Z	FWDFLOOR8	2737	drakkarfjord	220091	B	C	core_destroyed	165
2026-08-13T14:26:29Z	FWDFLOOR8	2738	drumlin	220091	A	C	core_destroyed	313
2026-08-13T14:26:31Z	FWDFLOOR8	2739	drumlin	220091	B	T	core_destroyed	178
2026-08-13T14:26:32Z	FWDFLOOR8	2740	fjordgate	220091	A	C	core_destroyed	137
2026-08-13T14:26:34Z	FWDFLOOR8	2741	fjordgate	220091	B	C	core_destroyed	267
2026-08-13T14:26:37Z	FWDFLOOR8	2742	frostgate	220091	A	T	core_destroyed	453
2026-08-13T14:26:39Z	FWDFLOOR8	2743	frostgate	220091	B	T	core_destroyed	253
2026-08-13T14:26:42Z	FWDFLOOR8	2744	glacierkeep	220091	A	C	core_destroyed	196
2026-08-13T14:26:54Z	FWDFLOOR8	2745	glacierkeep	220091	B	C	core_destroyed	729
2026-08-13T14:26:55Z	FWDFLOOR8	2746	icefloe	220091	A	T	core_destroyed	109
2026-08-13T14:26:58Z	FWDFLOOR8	2747	icefloe	220091	B	C	core_destroyed	209
2026-08-13T14:27:02Z	FWDFLOOR8	2748	midgard	220091	A	C	core_destroyed	230
2026-08-13T14:27:04Z	FWDFLOOR8	2749	midgard	220091	B	C	core_destroyed	80
2026-08-13T14:27:07Z	FWDFLOOR8	2750	nordkap	220091	A	C	core_destroyed	254
2026-08-13T14:27:10Z	FWDFLOOR8	2751	nordkap	220091	B	C	core_destroyed	276
2026-08-13T14:27:16Z	FWDFLOOR8	2752	ragnarok	220091	A	C	core_destroyed	293
2026-08-13T14:27:18Z	FWDFLOOR8	2753	ragnarok	220091	B	C	core_destroyed	112
2026-08-13T14:27:21Z	FWDFLOOR8	2754	royale	220091	A	C	core_destroyed	276
2026-08-13T14:27:22Z	FWDFLOOR8	2755	royale	220091	B	T	core_destroyed	115
2026-08-13T14:27:25Z	FWDFLOOR8	2756	valkyrie	220091	A	T	core_destroyed	434
2026-08-13T14:27:31Z	FWDFLOOR8	2757	valkyrie	220091	B	C	tiebreak	1000
2026-08-13T14:27:36Z	FWDFLOOR8	2758	yulerune	220091	A	C	core_destroyed	337
2026-08-13T14:27:40Z	FWDFLOOR8	2759	yulerune	220091	B	C	core_destroyed	367
2026-08-13T14:27:41Z	FWDFLOOR8	2760	antler	220092	A	T	core_destroyed	111
2026-08-13T14:27:43Z	FWDFLOOR8	2761	antler	220092	B	T	core_destroyed	321
2026-08-13T14:27:46Z	FWDFLOOR8	2762	archipelago	220092	A	T	core_destroyed	134
2026-08-13T14:27:48Z	FWDFLOOR8	2763	archipelago	220092	B	T	core_destroyed	112
2026-08-13T14:27:50Z	FWDFLOOR8	2764	auroraveil	220092	A	C	core_destroyed	173
2026-08-13T14:27:52Z	FWDFLOOR8	2765	auroraveil	220092	B	T	core_destroyed	182
2026-08-13T14:27:55Z	FWDFLOOR8	2766	drakkarfjord	220092	A	T	core_destroyed	109
2026-08-13T14:27:58Z	FWDFLOOR8	2767	drakkarfjord	220092	B	C	core_destroyed	210
2026-08-13T14:28:00Z	FWDFLOOR8	2768	drumlin	220092	A	C	core_destroyed	182
2026-08-13T14:28:02Z	FWDFLOOR8	2769	drumlin	220092	B	C	core_destroyed	129
2026-08-13T14:28:04Z	FWDFLOOR8	2770	fjordgate	220092	A	T	core_destroyed	669
2026-08-13T14:28:05Z	FWDFLOOR8	2771	fjordgate	220092	B	C	core_destroyed	122
2026-08-13T14:28:09Z	FWDFLOOR8	2772	frostgate	220092	A	C	core_destroyed	505
2026-08-13T14:28:11Z	FWDFLOOR8	2773	frostgate	220092	B	T	core_destroyed	241
2026-08-13T14:28:15Z	FWDFLOOR8	2774	glacierkeep	220092	A	T	core_destroyed	441
2026-08-13T14:28:17Z	FWDFLOOR8	2775	glacierkeep	220092	B	C	core_destroyed	125
2026-08-13T14:28:19Z	FWDFLOOR8	2776	icefloe	220092	A	T	core_destroyed	230
2026-08-13T14:28:22Z	FWDFLOOR8	2777	icefloe	220092	B	T	core_destroyed	269
2026-08-13T14:28:25Z	FWDFLOOR8	2778	midgard	220092	A	T	core_destroyed	85
2026-08-13T14:28:28Z	FWDFLOOR8	2779	midgard	220092	B	C	core_destroyed	79
2026-08-13T14:28:29Z	FWDFLOOR8	2780	nordkap	220092	A	C	core_destroyed	222
2026-08-13T14:28:31Z	FWDFLOOR8	2781	nordkap	220092	B	T	core_destroyed	127
2026-08-13T14:29:17Z	FWDFLOOR8	2782	ragnarok	220092	A	C	tiebreak	1000
2026-08-13T14:29:20Z	FWDFLOOR8	2783	ragnarok	220092	B	C	core_destroyed	118
2026-08-13T14:29:21Z	FWDFLOOR8	2784	royale	220092	A	T	core_destroyed	137
2026-08-13T14:29:22Z	FWDFLOOR8	2785	royale	220092	B	C	core_destroyed	100
2026-08-13T14:29:24Z	FWDFLOOR8	2786	valkyrie	220092	A	T	core_destroyed	84
2026-08-13T14:29:28Z	FWDFLOOR8	2787	valkyrie	220092	B	T	core_destroyed	154
