ts	shard	game	map	seed	seat	winner	cond	turns
2026-08-12T03:02:05Z	GUNSEAT	0	antler	42000	A	C	core_destroyed	263
2026-08-12T03:02:07Z	GUNSEAT	1	antler	42000	B	C	core_destroyed	151
2026-08-12T03:02:09Z	GUNSEAT	2	atoll	42000	A	T	core_destroyed	110
2026-08-12T03:02:10Z	GUNSEAT	3	atoll	42000	B	C	core_destroyed	192
2026-08-12T03:02:14Z	GUNSEAT	4	drumlin	42000	A	C	core_destroyed	295
2026-08-12T03:02:18Z	GUNSEAT	5	drumlin	42000	B	C	core_destroyed	316
2026-08-12T03:02:19Z	GUNSEAT	6	fjordgate	42000	A	C	core_destroyed	473
2026-08-12T03:02:24Z	GUNSEAT	7	fjordgate	42000	B	T	tiebreak	1000
2026-08-12T03:02:26Z	GUNSEAT	8	heart	42000	A	C	core_destroyed	160
2026-08-12T03:02:28Z	GUNSEAT	9	heart	42000	B	C	core_destroyed	166
2026-08-12T03:02:31Z	GUNSEAT	10	hive	42000	A	C	core_destroyed	259
2026-08-12T03:02:34Z	GUNSEAT	11	hive	42000	B	T	core_destroyed	170
2026-08-12T03:02:36Z	GUNSEAT	12	meander	42000	A	T	core_destroyed	200
2026-08-12T03:02:37Z	GUNSEAT	13	meander	42000	B	T	core_destroyed	174
2026-08-12T03:02:39Z	GUNSEAT	14	nordkap	42000	A	T	core_destroyed	186
2026-08-12T03:02:44Z	GUNSEAT	15	nordkap	42000	B	C	core_destroyed	478
2026-08-12T03:02:45Z	GUNSEAT	16	antler	42001	A	T	core_destroyed	112
2026-08-12T03:02:47Z	GUNSEAT	17	antler	42001	B	T	core_destroyed	218
2026-08-12T03:02:50Z	GUNSEAT	18	atoll	42001	A	C	core_destroyed	312
2026-08-12T03:03:02Z	GUNSEAT	19	atoll	42001	B	C	tiebreak	1000
2026-08-12T03:03:07Z	GUNSEAT	20	drumlin	42001	A	T	core_destroyed	438
2026-08-12T03:03:12Z	GUNSEAT	21	drumlin	42001	B	T	core_destroyed	437
2026-08-12T03:03:13Z	GUNSEAT	22	fjordgate	42001	A	T	core_destroyed	170
2026-08-12T03:03:14Z	GUNSEAT	23	fjordgate	42001	B	T	core_destroyed	250
2026-08-12T03:03:18Z	GUNSEAT	24	heart	42001	A	T	core_destroyed	234
2026-08-12T03:03:21Z	GUNSEAT	25	heart	42001	B	T	core_destroyed	240
2026-08-12T03:03:30Z	GUNSEAT	26	hive	42001	A	T	core_destroyed	642
2026-08-12T03:03:32Z	GUNSEAT	27	hive	42001	B	C	core_destroyed	112
2026-08-12T03:03:34Z	GUNSEAT	28	meander	42001	A	C	core_destroyed	214
2026-08-12T03:03:36Z	GUNSEAT	29	meander	42001	B	T	core_destroyed	216
2026-08-12T03:03:37Z	GUNSEAT	30	nordkap	42001	A	T	core_destroyed	92
2026-08-12T03:03:41Z	GUNSEAT	31	nordkap	42001	B	T	core_destroyed	316
2026-08-12T03:03:43Z	GUNSEAT	32	antler	42002	A	C	core_destroyed	223
2026-08-12T03:03:45Z	GUNSEAT	33	antler	42002	B	T	core_destroyed	240
2026-08-12T03:03:47Z	GUNSEAT	34	atoll	42002	A	C	core_destroyed	167
2026-08-12T03:03:48Z	GUNSEAT	35	atoll	42002	B	T	core_destroyed	145
2026-08-12T03:03:51Z	GUNSEAT	36	drumlin	42002	A	T	core_destroyed	208
2026-08-12T03:03:55Z	GUNSEAT	37	drumlin	42002	B	C	core_destroyed	332
2026-08-12T03:03:57Z	GUNSEAT	38	fjordgate	42002	A	T	core_destroyed	198
2026-08-12T03:03:58Z	GUNSEAT	39	fjordgate	42002	B	C	core_destroyed	327
2026-08-12T03:04:01Z	GUNSEAT	40	heart	42002	A	T	core_destroyed	147
2026-08-12T03:04:03Z	GUNSEAT	41	heart	42002	B	C	core_destroyed	130
2026-08-12T03:04:04Z	GUNSEAT	42	hive	42002	A	T	core_destroyed	93
2026-08-12T03:04:08Z	GUNSEAT	43	hive	42002	B	T	core_destroyed	211
2026-08-12T03:04:09Z	GUNSEAT	44	meander	42002	A	T	core_destroyed	147
2026-08-12T03:04:11Z	GUNSEAT	45	meander	42002	B	T	core_destroyed	259
2026-08-12T03:04:13Z	GUNSEAT	46	nordkap	42002	A	T	core_destroyed	275
2026-08-12T03:04:14Z	GUNSEAT	47	nordkap	42002	B	C	core_destroyed	149
2026-08-12T03:04:17Z	GUNSEAT	48	antler	42003	A	T	core_destroyed	322
2026-08-12T03:04:18Z	GUNSEAT	49	antler	42003	B	C	core_destroyed	147
2026-08-12T03:04:20Z	GUNSEAT	50	atoll	42003	A	C	core_destroyed	214
2026-08-12T03:04:21Z	GUNSEAT	51	atoll	42003	B	C	core_destroyed	149
2026-08-12T03:04:25Z	GUNSEAT	52	drumlin	42003	A	C	core_destroyed	333
2026-08-12T03:04:29Z	GUNSEAT	53	drumlin	42003	B	T	core_destroyed	237
2026-08-12T03:04:30Z	GUNSEAT	54	fjordgate	42003	A	T	core_destroyed	135
2026-08-12T03:04:31Z	GUNSEAT	55	fjordgate	42003	B	C	core_destroyed	140
2026-08-12T03:04:34Z	GUNSEAT	56	heart	42003	A	C	core_destroyed	146
2026-08-12T03:04:37Z	GUNSEAT	57	heart	42003	B	C	core_destroyed	185
2026-08-12T03:04:40Z	GUNSEAT	58	hive	42003	A	C	core_destroyed	212
2026-08-12T03:04:45Z	GUNSEAT	59	hive	42003	B	T	core_destroyed	375
2026-08-12T03:04:47Z	GUNSEAT	60	meander	42003	A	C	core_destroyed	309
2026-08-12T03:04:49Z	GUNSEAT	61	meander	42003	B	T	core_destroyed	170
2026-08-12T03:04:50Z	GUNSEAT	62	nordkap	42003	A	T	core_destroyed	228
2026-08-12T03:04:52Z	GUNSEAT	63	nordkap	42003	B	C	core_destroyed	260
2026-08-12T03:04:53Z	GUNSEAT	64	antler	42004	A	T	core_destroyed	123
2026-08-12T03:04:57Z	GUNSEAT	65	antler	42004	B	C	core_destroyed	625
2026-08-12T03:04:59Z	GUNSEAT	66	atoll	42004	A	C	core_destroyed	238
2026-08-12T03:05:01Z	GUNSEAT	67	atoll	42004	B	T	core_destroyed	310
2026-08-12T03:05:05Z	GUNSEAT	68	drumlin	42004	A	T	core_destroyed	458
2026-08-12T03:05:08Z	GUNSEAT	69	drumlin	42004	B	T	core_destroyed	238
2026-08-12T03:05:10Z	GUNSEAT	70	fjordgate	42004	A	C	core_destroyed	286
2026-08-12T03:05:12Z	GUNSEAT	71	fjordgate	42004	B	T	core_destroyed	430
2026-08-12T03:05:28Z	GUNSEAT	72	heart	42004	A	C	tiebreak	1000
2026-08-12T03:05:34Z	GUNSEAT	73	heart	42004	B	T	core_destroyed	301
2026-08-12T03:05:37Z	GUNSEAT	74	hive	42004	A	T	core_destroyed	265
2026-08-12T03:05:41Z	GUNSEAT	75	hive	42004	B	T	core_destroyed	213
2026-08-12T03:05:43Z	GUNSEAT	76	meander	42004	A	C	core_destroyed	236
2026-08-12T03:05:44Z	GUNSEAT	77	meander	42004	B	C	core_destroyed	148
2026-08-12T03:05:47Z	GUNSEAT	78	nordkap	42004	A	C	core_destroyed	398
2026-08-12T03:05:49Z	GUNSEAT	79	nordkap	42004	B	C	core_destroyed	140
2026-08-12T03:05:50Z	GUNSEAT	80	antler	42005	A	T	core_destroyed	106
2026-08-12T03:05:53Z	GUNSEAT	81	antler	42005	B	C	core_destroyed	272
2026-08-12T03:05:58Z	GUNSEAT	82	atoll	42005	A	C	core_destroyed	336
2026-08-12T03:06:03Z	GUNSEAT	83	atoll	42005	B	C	core_destroyed	511
2026-08-12T03:06:08Z	GUNSEAT	84	drumlin	42005	A	T	core_destroyed	364
2026-08-12T03:06:10Z	GUNSEAT	85	drumlin	42005	B	T	core_destroyed	138
2026-08-12T03:06:11Z	GUNSEAT	86	fjordgate	42005	A	T	core_destroyed	139
2026-08-12T03:06:13Z	GUNSEAT	87	fjordgate	42005	B	T	core_destroyed	248
2026-08-12T03:06:14Z	GUNSEAT	88	heart	42005	A	T	core_destroyed	126
2026-08-12T03:06:17Z	GUNSEAT	89	heart	42005	B	T	core_destroyed	200
2026-08-12T03:06:18Z	GUNSEAT	90	hive	42005	A	T	core_destroyed	137
2026-08-12T03:06:24Z	GUNSEAT	91	hive	42005	B	C	core_destroyed	389
2026-08-12T03:06:25Z	GUNSEAT	92	meander	42005	A	T	core_destroyed	177
2026-08-12T03:06:28Z	GUNSEAT	93	meander	42005	B	C	core_destroyed	265
2026-08-12T03:06:30Z	GUNSEAT	94	nordkap	42005	A	T	core_destroyed	304
2026-08-12T03:06:32Z	GUNSEAT	95	nordkap	42005	B	C	core_destroyed	123
2026-08-12T03:06:33Z	GUNSEAT	96	antler	42006	A	T	core_destroyed	147
2026-08-12T03:06:35Z	GUNSEAT	97	antler	42006	B	T	core_destroyed	180
2026-08-12T03:06:41Z	GUNSEAT	98	atoll	42006	A	C	core_destroyed	854
2026-08-12T03:06:43Z	GUNSEAT	99	atoll	42006	B	T	core_destroyed	575
2026-08-12T03:06:47Z	GUNSEAT	100	drumlin	42006	A	C	core_destroyed	370
2026-08-12T03:06:49Z	GUNSEAT	101	drumlin	42006	B	T	core_destroyed	110
2026-08-12T03:06:50Z	GUNSEAT	102	fjordgate	42006	A	T	core_destroyed	192
2026-08-12T03:06:52Z	GUNSEAT	103	fjordgate	42006	B	C	tiebreak	1000
2026-08-12T03:06:54Z	GUNSEAT	104	heart	42006	A	C	core_destroyed	143
2026-08-12T03:06:57Z	GUNSEAT	105	heart	42006	B	T	core_destroyed	216
2026-08-12T03:07:00Z	GUNSEAT	106	hive	42006	A	C	core_destroyed	415
2026-08-12T03:07:03Z	GUNSEAT	107	hive	42006	B	C	core_destroyed	226
2026-08-12T03:07:05Z	GUNSEAT	108	meander	42006	A	C	core_destroyed	166
2026-08-12T03:07:08Z	GUNSEAT	109	meander	42006	B	T	core_destroyed	356
2026-08-12T03:07:11Z	GUNSEAT	110	nordkap	42006	A	C	core_destroyed	240
2026-08-12T03:07:12Z	GUNSEAT	111	nordkap	42006	B	C	core_destroyed	230
2026-08-12T03:07:14Z	GUNSEAT	112	antler	42007	A	C	core_destroyed	240
2026-08-12T03:07:16Z	GUNSEAT	113	antler	42007	B	T	core_destroyed	248
2026-08-12T03:07:18Z	GUNSEAT	114	atoll	42007	A	T	core_destroyed	120
2026-08-12T03:07:19Z	GUNSEAT	115	atoll	42007	B	T	core_destroyed	122
2026-08-12T03:07:25Z	GUNSEAT	116	drumlin	42007	A	T	core_destroyed	436
2026-08-12T03:07:30Z	GUNSEAT	117	drumlin	42007	B	T	core_destroyed	427
2026-08-12T03:07:32Z	GUNSEAT	118	fjordgate	42007	A	C	core_destroyed	260
2026-08-12T03:07:34Z	GUNSEAT	119	fjordgate	42007	B	T	core_destroyed	155
2026-08-12T03:07:42Z	GUNSEAT	120	heart	42007	A	C	core_destroyed	702
2026-08-12T03:07:45Z	GUNSEAT	121	heart	42007	B	C	core_destroyed	140
2026-08-12T03:07:47Z	GUNSEAT	122	hive	42007	A	C	core_destroyed	167
2026-08-12T03:07:50Z	GUNSEAT	123	hive	42007	B	T	core_destroyed	222
2026-08-12T03:07:53Z	GUNSEAT	124	meander	42007	A	C	core_destroyed	223
2026-08-12T03:07:54Z	GUNSEAT	125	meander	42007	B	C	core_destroyed	229
2026-08-12T03:07:58Z	GUNSEAT	126	nordkap	42007	A	C	core_destroyed	326
2026-08-12T03:08:00Z	GUNSEAT	127	nordkap	42007	B	C	core_destroyed	182
2026-08-12T03:08:04Z	GUNSEAT	128	antler	42008	A	C	core_destroyed	675
2026-08-12T03:08:06Z	GUNSEAT	129	antler	42008	B	T	core_destroyed	339
2026-08-12T03:08:08Z	GUNSEAT	130	atoll	42008	A	T	core_destroyed	168
2026-08-12T03:08:10Z	GUNSEAT	131	atoll	42008	B	C	core_destroyed	87
2026-08-12T03:08:11Z	GUNSEAT	132	drumlin	42008	A	T	core_destroyed	85
2026-08-12T03:08:13Z	GUNSEAT	133	drumlin	42008	B	C	core_destroyed	180
2026-08-12T03:08:15Z	GUNSEAT	134	fjordgate	42008	A	T	core_destroyed	166
2026-08-12T03:08:17Z	GUNSEAT	135	fjordgate	42008	B	C	core_destroyed	375
2026-08-12T03:08:19Z	GUNSEAT	136	heart	42008	A	C	core_destroyed	196
2026-08-12T03:08:22Z	GUNSEAT	137	heart	42008	B	T	core_destroyed	116
2026-08-12T03:08:24Z	GUNSEAT	138	hive	42008	A	C	core_destroyed	120
2026-08-12T03:08:26Z	GUNSEAT	139	hive	42008	B	T	core_destroyed	152
2026-08-12T03:08:27Z	GUNSEAT	140	meander	42008	A	T	core_destroyed	150
2026-08-12T03:08:29Z	GUNSEAT	141	meander	42008	B	T	core_destroyed	206
2026-08-12T03:08:30Z	GUNSEAT	142	nordkap	42008	A	T	core_destroyed	279
2026-08-12T03:08:32Z	GUNSEAT	143	nordkap	42008	B	T	core_destroyed	326
2026-08-12T03:08:34Z	GUNSEAT	144	antler	42009	A	T	core_destroyed	162
2026-08-12T03:08:37Z	GUNSEAT	145	antler	42009	B	C	core_destroyed	257
2026-08-12T03:08:38Z	GUNSEAT	146	atoll	42009	A	T	core_destroyed	132
2026-08-12T03:08:39Z	GUNSEAT	147	atoll	42009	B	C	core_destroyed	116
2026-08-12T03:08:41Z	GUNSEAT	148	drumlin	42009	A	T	core_destroyed	182
2026-08-12T03:08:43Z	GUNSEAT	149	drumlin	42009	B	C	core_destroyed	160
2026-08-12T03:08:47Z	GUNSEAT	150	fjordgate	42009	A	T	core_destroyed	676
2026-08-12T03:08:48Z	GUNSEAT	151	fjordgate	42009	B	C	core_destroyed	116
2026-08-12T03:08:50Z	GUNSEAT	152	heart	42009	A	T	core_destroyed	130
2026-08-12T03:08:52Z	GUNSEAT	153	heart	42009	B	C	core_destroyed	159
2026-08-12T03:08:57Z	GUNSEAT	154	hive	42009	A	C	core_destroyed	332
2026-08-12T03:09:02Z	GUNSEAT	155	hive	42009	B	C	core_destroyed	329
2026-08-12T03:09:03Z	GUNSEAT	156	meander	42009	A	C	core_destroyed	134
2026-08-12T03:09:05Z	GUNSEAT	157	meander	42009	B	C	core_destroyed	163
2026-08-12T03:09:07Z	GUNSEAT	158	nordkap	42009	A	T	core_destroyed	304
2026-08-12T03:09:10Z	GUNSEAT	159	nordkap	42009	B	C	core_destroyed	162
2026-08-12T03:09:11Z	GUNSEAT	160	antler	42010	A	C	core_destroyed	192
2026-08-12T03:09:14Z	GUNSEAT	161	antler	42010	B	C	core_destroyed	186
2026-08-12T03:09:17Z	GUNSEAT	162	atoll	42010	A	T	tiebreak	1000
2026-08-12T03:09:21Z	GUNSEAT	163	atoll	42010	B	C	core_destroyed	370
2026-08-12T03:09:27Z	GUNSEAT	164	drumlin	42010	A	T	core_destroyed	543
2026-08-12T03:09:30Z	GUNSEAT	165	drumlin	42010	B	T	core_destroyed	168
2026-08-12T03:09:31Z	GUNSEAT	166	fjordgate	42010	A	C	core_destroyed	105
2026-08-12T03:09:33Z	GUNSEAT	167	fjordgate	42010	B	T	core_destroyed	217
2026-08-12T03:09:34Z	GUNSEAT	168	heart	42010	A	C	core_destroyed	112
2026-08-12T03:09:46Z	GUNSEAT	169	heart	42010	B	T	tiebreak	1000
2026-08-12T03:09:54Z	GUNSEAT	170	hive	42010	A	T	core_destroyed	542
2026-08-12T03:09:57Z	GUNSEAT	171	hive	42010	B	T	core_destroyed	213
2026-08-12T03:09:58Z	GUNSEAT	172	meander	42010	A	C	core_destroyed	191
2026-08-12T03:10:01Z	GUNSEAT	173	meander	42010	B	T	core_destroyed	398
2026-08-12T03:10:05Z	GUNSEAT	174	nordkap	42010	A	T	core_destroyed	451
2026-08-12T03:10:07Z	GUNSEAT	175	nordkap	42010	B	C	core_destroyed	168
2026-08-12T03:10:08Z	GUNSEAT	176	antler	42011	A	T	core_destroyed	193
2026-08-12T03:10:10Z	GUNSEAT	177	antler	42011	B	T	core_destroyed	189
2026-08-12T03:10:12Z	GUNSEAT	178	atoll	42011	A	T	core_destroyed	167
2026-08-12T03:10:13Z	GUNSEAT	179	atoll	42011	B	C	core_destroyed	213
2026-08-12T03:10:19Z	GUNSEAT	180	drumlin	42011	A	C	core_destroyed	390
2026-08-12T03:10:22Z	GUNSEAT	181	drumlin	42011	B	C	core_destroyed	216
2026-08-12T03:10:23Z	GUNSEAT	182	fjordgate	42011	A	C	core_destroyed	126
2026-08-12T03:10:24Z	GUNSEAT	183	fjordgate	42011	B	T	core_destroyed	164
2026-08-12T03:10:27Z	GUNSEAT	184	heart	42011	A	T	core_destroyed	169
2026-08-12T03:10:29Z	GUNSEAT	185	heart	42011	B	C	core_destroyed	194
2026-08-12T03:10:32Z	GUNSEAT	186	hive	42011	A	T	core_destroyed	313
2026-08-12T03:10:36Z	GUNSEAT	187	hive	42011	B	T	core_destroyed	332
2026-08-12T03:10:38Z	GUNSEAT	188	meander	42011	A	T	core_destroyed	126
2026-08-12T03:10:39Z	GUNSEAT	189	meander	42011	B	T	core_destroyed	166
2026-08-12T03:10:41Z	GUNSEAT	190	nordkap	42011	A	C	core_destroyed	174
2026-08-12T03:10:46Z	GUNSEAT	191	nordkap	42011	B	T	core_destroyed	408
2026-08-12T03:10:49Z	GUNSEAT	192	antler	42012	A	T	core_destroyed	299
2026-08-12T03:10:50Z	GUNSEAT	193	antler	42012	B	C	core_destroyed	186
2026-08-12T03:10:52Z	GUNSEAT	194	atoll	42012	A	T	core_destroyed	164
2026-08-12T03:10:54Z	GUNSEAT	195	atoll	42012	B	T	core_destroyed	224
2026-08-12T03:10:58Z	GUNSEAT	196	drumlin	42012	A	T	core_destroyed	417
2026-08-12T03:11:02Z	GUNSEAT	197	drumlin	42012	B	C	core_destroyed	413
2026-08-12T03:11:03Z	GUNSEAT	198	fjordgate	42012	A	T	core_destroyed	126
2026-08-12T03:11:05Z	GUNSEAT	199	fjordgate	42012	B	T	core_destroyed	393
2026-08-12T03:11:08Z	GUNSEAT	200	heart	42012	A	C	core_destroyed	161
2026-08-12T03:11:13Z	GUNSEAT	201	heart	42012	B	T	core_destroyed	264
2026-08-12T03:11:17Z	GUNSEAT	202	hive	42012	A	T	core_destroyed	290
2026-08-12T03:11:19Z	GUNSEAT	203	hive	42012	B	C	core_destroyed	139
2026-08-12T03:11:21Z	GUNSEAT	204	meander	42012	A	T	core_destroyed	176
2026-08-12T03:11:22Z	GUNSEAT	205	meander	42012	B	T	core_destroyed	160
2026-08-12T03:11:25Z	GUNSEAT	206	nordkap	42012	A	T	core_destroyed	283
2026-08-12T03:11:28Z	GUNSEAT	207	nordkap	42012	B	T	core_destroyed	306
2026-08-12T03:11:30Z	GUNSEAT	208	antler	42013	A	T	core_destroyed	110
2026-08-12T03:11:33Z	GUNSEAT	209	antler	42013	B	C	core_destroyed	362
2026-08-12T03:11:35Z	GUNSEAT	210	atoll	42013	A	T	core_destroyed	219
2026-08-12T03:11:37Z	GUNSEAT	211	atoll	42013	B	C	core_destroyed	477
2026-08-12T03:11:44Z	GUNSEAT	212	drumlin	42013	A	T	core_destroyed	568
2026-08-12T03:11:46Z	GUNSEAT	213	drumlin	42013	B	C	core_destroyed	142
2026-08-12T03:11:47Z	GUNSEAT	214	fjordgate	42013	A	T	core_destroyed	184
2026-08-12T03:11:48Z	GUNSEAT	215	fjordgate	42013	B	C	core_destroyed	156
2026-08-12T03:11:51Z	GUNSEAT	216	heart	42013	A	T	core_destroyed	166
2026-08-12T03:11:53Z	GUNSEAT	217	heart	42013	B	C	core_destroyed	166
2026-08-12T03:11:55Z	GUNSEAT	218	hive	42013	A	T	core_destroyed	162
2026-08-12T03:11:56Z	GUNSEAT	219	hive	42013	B	T	core_destroyed	98
2026-08-12T03:11:59Z	GUNSEAT	220	meander	42013	A	T	core_destroyed	255
2026-08-12T03:12:01Z	GUNSEAT	221	meander	42013	B	C	core_destroyed	228
2026-08-12T03:12:02Z	GUNSEAT	222	nordkap	42013	A	T	core_destroyed	130
2026-08-12T03:12:04Z	GUNSEAT	223	nordkap	42013	B	C	core_destroyed	292
2026-08-12T03:12:06Z	GUNSEAT	224	antler	42014	A	T	tiebreak	155
2026-08-12T03:12:08Z	GUNSEAT	225	antler	42014	B	C	core_destroyed	125
2026-08-12T03:12:09Z	GUNSEAT	226	atoll	42014	A	C	core_destroyed	227
2026-08-12T03:12:16Z	GUNSEAT	227	atoll	42014	B	C	tiebreak	1000
2026-08-12T03:12:17Z	GUNSEAT	228	drumlin	42014	A	C	core_destroyed	180
2026-08-12T03:12:19Z	GUNSEAT	229	drumlin	42014	B	T	core_destroyed	101
2026-08-12T03:12:21Z	GUNSEAT	230	fjordgate	42014	A	T	core_destroyed	541
2026-08-12T03:12:22Z	GUNSEAT	231	fjordgate	42014	B	C	core_destroyed	272
2026-08-12T03:12:25Z	GUNSEAT	232	heart	42014	A	C	core_destroyed	134
2026-08-12T03:12:29Z	GUNSEAT	233	heart	42014	B	C	core_destroyed	334
2026-08-12T03:12:31Z	GUNSEAT	234	hive	42014	A	C	core_destroyed	146
2026-08-12T03:12:35Z	GUNSEAT	235	hive	42014	B	T	core_destroyed	249
2026-08-12T03:12:37Z	GUNSEAT	236	meander	42014	A	T	core_destroyed	160
2026-08-12T03:12:38Z	GUNSEAT	237	meander	42014	B	C	core_destroyed	244
2026-08-12T03:12:40Z	GUNSEAT	238	nordkap	42014	A	T	core_destroyed	186
2026-08-12T03:12:42Z	GUNSEAT	239	nordkap	42014	B	C	core_destroyed	116
2026-08-12T03:12:43Z	GUNSEAT	240	antler	42015	A	T	core_destroyed	176
2026-08-12T03:12:45Z	GUNSEAT	241	antler	42015	B	C	core_destroyed	116
2026-08-12T03:12:46Z	GUNSEAT	242	atoll	42015	A	T	core_destroyed	769
2026-08-12T03:12:48Z	GUNSEAT	243	atoll	42015	B	C	core_destroyed	105
2026-08-12T03:12:51Z	GUNSEAT	244	drumlin	42015	A	T	core_destroyed	351
2026-08-12T03:12:54Z	GUNSEAT	245	drumlin	42015	B	C	core_destroyed	217
2026-08-12T03:12:55Z	GUNSEAT	246	fjordgate	42015	A	T	core_destroyed	167
2026-08-12T03:12:57Z	GUNSEAT	247	fjordgate	42015	B	C	core_destroyed	205
2026-08-12T03:13:00Z	GUNSEAT	248	heart	42015	A	C	core_destroyed	244
2026-08-12T03:13:02Z	GUNSEAT	249	heart	42015	B	C	core_destroyed	286
2026-08-12T03:13:06Z	GUNSEAT	250	hive	42015	A	C	core_destroyed	220
2026-08-12T03:13:09Z	GUNSEAT	251	hive	42015	B	T	core_destroyed	268
2026-08-12T03:13:11Z	GUNSEAT	252	meander	42015	A	T	core_destroyed	141
2026-08-12T03:13:13Z	GUNSEAT	253	meander	42015	B	T	core_destroyed	340
2026-08-12T03:13:15Z	GUNSEAT	254	nordkap	42015	A	T	core_destroyed	167
2026-08-12T03:13:16Z	GUNSEAT	255	nordkap	42015	B	T	core_destroyed	155
2026-08-12T03:13:19Z	GUNSEAT	256	antler	42016	A	T	core_destroyed	225
2026-08-12T03:13:21Z	GUNSEAT	257	antler	42016	B	C	core_destroyed	308
2026-08-12T03:13:25Z	GUNSEAT	258	atoll	42016	A	C	core_destroyed	241
2026-08-12T03:13:26Z	GUNSEAT	259	atoll	42016	B	C	core_destroyed	467
2026-08-12T03:13:30Z	GUNSEAT	260	drumlin	42016	A	C	core_destroyed	235
2026-08-12T03:13:32Z	GUNSEAT	261	drumlin	42016	B	T	core_destroyed	292
2026-08-12T03:13:34Z	GUNSEAT	262	fjordgate	42016	A	T	core_destroyed	240
2026-08-12T03:13:35Z	GUNSEAT	263	fjordgate	42016	B	C	core_destroyed	177
2026-08-12T03:13:38Z	GUNSEAT	264	heart	42016	A	C	core_destroyed	152
2026-08-12T03:13:44Z	GUNSEAT	265	heart	42016	B	T	core_destroyed	507
2026-08-12T03:13:46Z	GUNSEAT	266	hive	42016	A	C	core_destroyed	155
2026-08-12T03:13:48Z	GUNSEAT	267	hive	42016	B	C	core_destroyed	129
2026-08-12T03:13:50Z	GUNSEAT	268	meander	42016	A	T	core_destroyed	221
2026-08-12T03:13:52Z	GUNSEAT	269	meander	42016	B	C	core_destroyed	140
2026-08-12T03:13:55Z	GUNSEAT	270	nordkap	42016	A	T	core_destroyed	315
2026-08-12T03:13:58Z	GUNSEAT	271	nordkap	42016	B	T	core_destroyed	259
2026-08-12T03:14:00Z	GUNSEAT	272	antler	42017	A	C	core_destroyed	369
2026-08-12T03:14:02Z	GUNSEAT	273	antler	42017	B	C	core_destroyed	176
2026-08-12T03:14:06Z	GUNSEAT	274	atoll	42017	A	C	core_destroyed	290
2026-08-12T03:14:10Z	GUNSEAT	275	atoll	42017	B	C	core_destroyed	660
2026-08-12T03:14:13Z	GUNSEAT	276	drumlin	42017	A	C	core_destroyed	203
2026-08-12T03:14:19Z	GUNSEAT	277	drumlin	42017	B	T	core_destroyed	600
2026-08-12T03:14:20Z	GUNSEAT	278	fjordgate	42017	A	C	core_destroyed	93
2026-08-12T03:14:22Z	GUNSEAT	279	fjordgate	42017	B	C	core_destroyed	257
2026-08-12T03:14:26Z	GUNSEAT	280	heart	42017	A	T	core_destroyed	291
2026-08-12T03:14:29Z	GUNSEAT	281	heart	42017	B	T	core_destroyed	209
2026-08-12T03:14:33Z	GUNSEAT	282	hive	42017	A	T	core_destroyed	340
2026-08-12T03:14:36Z	GUNSEAT	283	hive	42017	B	T	core_destroyed	202
2026-08-12T03:14:38Z	GUNSEAT	284	meander	42017	A	T	core_destroyed	221
2026-08-12T03:14:40Z	GUNSEAT	285	meander	42017	B	C	core_destroyed	258
2026-08-12T03:14:42Z	GUNSEAT	286	nordkap	42017	A	T	core_destroyed	135
2026-08-12T03:14:45Z	GUNSEAT	287	nordkap	42017	B	T	core_destroyed	311
2026-08-12T03:14:47Z	GUNSEAT	288	antler	42018	A	T	core_destroyed	143
2026-08-12T03:14:48Z	GUNSEAT	289	antler	42018	B	T	core_destroyed	140
2026-08-12T03:14:50Z	GUNSEAT	290	atoll	42018	A	T	core_destroyed	171
2026-08-12T03:14:51Z	GUNSEAT	291	atoll	42018	B	C	core_destroyed	195
2026-08-12T03:14:52Z	GUNSEAT	292	drumlin	42018	A	C	core_destroyed	90
2026-08-12T03:14:54Z	GUNSEAT	293	drumlin	42018	B	T	core_destroyed	174
2026-08-12T03:14:55Z	GUNSEAT	294	fjordgate	42018	A	T	core_destroyed	289
2026-08-12T03:14:57Z	GUNSEAT	295	fjordgate	42018	B	T	core_destroyed	170
2026-08-12T03:15:04Z	GUNSEAT	296	heart	42018	A	T	core_destroyed	415
2026-08-12T03:15:06Z	GUNSEAT	297	heart	42018	B	T	core_destroyed	131
2026-08-12T03:15:11Z	GUNSEAT	298	hive	42018	A	C	core_destroyed	355
2026-08-12T03:15:14Z	GUNSEAT	299	hive	42018	B	C	core_destroyed	235
2026-08-12T03:15:16Z	GUNSEAT	300	meander	42018	A	C	core_destroyed	206
2026-08-12T03:15:18Z	GUNSEAT	301	meander	42018	B	T	core_destroyed	190
2026-08-12T03:15:21Z	GUNSEAT	302	nordkap	42018	A	C	core_destroyed	269
2026-08-12T03:15:22Z	GUNSEAT	303	nordkap	42018	B	C	core_destroyed	143
2026-08-12T03:15:24Z	GUNSEAT	304	antler	42019	A	C	core_destroyed	188
2026-08-12T03:15:26Z	GUNSEAT	305	antler	42019	B	T	core_destroyed	124
2026-08-12T03:15:27Z	GUNSEAT	306	atoll	42019	A	T	core_destroyed	145
2026-08-12T03:15:41Z	GUNSEAT	307	atoll	42019	B	T	tiebreak	1000
2026-08-12T03:15:45Z	GUNSEAT	308	drumlin	42019	A	C	core_destroyed	279
2026-08-12T03:15:47Z	GUNSEAT	309	drumlin	42019	B	C	core_destroyed	155
2026-08-12T03:15:48Z	GUNSEAT	310	fjordgate	42019	A	C	core_destroyed	189
2026-08-12T03:15:49Z	GUNSEAT	311	fjordgate	42019	B	C	core_destroyed	108
2026-08-12T03:15:51Z	GUNSEAT	312	heart	42019	A	T	core_destroyed	102
2026-08-12T03:15:53Z	GUNSEAT	313	heart	42019	B	C	core_destroyed	106
2026-08-12T03:15:55Z	GUNSEAT	314	hive	42019	A	T	core_destroyed	155
2026-08-12T03:15:58Z	GUNSEAT	315	hive	42019	B	C	tiebreak	214
2026-08-12T03:16:01Z	GUNSEAT	316	meander	42019	A	C	core_destroyed	247
2026-08-12T03:16:02Z	GUNSEAT	317	meander	42019	B	T	core_destroyed	197
2026-08-12T03:16:03Z	GUNSEAT	318	nordkap	42019	A	T	core_destroyed	104
2026-08-12T03:16:06Z	GUNSEAT	319	nordkap	42019	B	T	core_destroyed	230
2026-08-12T03:16:07Z	GUNSEAT	320	antler	42020	A	T	core_destroyed	150
2026-08-12T03:16:10Z	GUNSEAT	321	antler	42020	B	C	core_destroyed	258
2026-08-12T03:16:11Z	GUNSEAT	322	atoll	42020	A	T	core_destroyed	164
2026-08-12T03:16:13Z	GUNSEAT	323	atoll	42020	B	C	core_destroyed	383
2026-08-12T03:16:14Z	GUNSEAT	324	drumlin	42020	A	T	core_destroyed	99
2026-08-12T03:16:20Z	GUNSEAT	325	drumlin	42020	B	T	core_destroyed	403
2026-08-12T03:16:22Z	GUNSEAT	326	fjordgate	42020	A	T	core_destroyed	329
2026-08-12T03:16:24Z	GUNSEAT	327	fjordgate	42020	B	C	core_destroyed	240
2026-08-12T03:16:26Z	GUNSEAT	328	heart	42020	A	T	core_destroyed	146
2026-08-12T03:16:28Z	GUNSEAT	329	heart	42020	B	T	core_destroyed	115
2026-08-12T03:16:30Z	GUNSEAT	330	hive	42020	A	T	core_destroyed	243
2026-08-12T03:16:34Z	GUNSEAT	331	hive	42020	B	T	core_destroyed	239
2026-08-12T03:16:36Z	GUNSEAT	332	meander	42020	A	T	tiebreak	1000
2026-08-12T03:16:37Z	GUNSEAT	333	meander	42020	B	C	core_destroyed	142
2026-08-12T03:16:41Z	GUNSEAT	334	nordkap	42020	A	C	core_destroyed	342
2026-08-12T03:16:42Z	GUNSEAT	335	nordkap	42020	B	T	core_destroyed	119
2026-08-12T03:16:44Z	GUNSEAT	336	antler	42021	A	T	core_destroyed	256
2026-08-12T03:16:46Z	GUNSEAT	337	antler	42021	B	C	core_destroyed	144
2026-08-12T03:16:47Z	GUNSEAT	338	atoll	42021	A	C	core_destroyed	248
2026-08-12T03:16:51Z	GUNSEAT	339	atoll	42021	B	T	core_destroyed	752
2026-08-12T03:16:57Z	GUNSEAT	340	drumlin	42021	A	C	core_destroyed	516
2026-08-12T03:17:02Z	GUNSEAT	341	drumlin	42021	B	C	core_destroyed	471
2026-08-12T03:17:04Z	GUNSEAT	342	fjordgate	42021	A	T	core_destroyed	283
2026-08-12T03:17:05Z	GUNSEAT	343	fjordgate	42021	B	T	core_destroyed	116
2026-08-12T03:17:08Z	GUNSEAT	344	heart	42021	A	C	core_destroyed	200
2026-08-12T03:17:11Z	GUNSEAT	345	heart	42021	B	T	core_destroyed	144
2026-08-12T03:17:14Z	GUNSEAT	346	hive	42021	A	C	core_destroyed	247
2026-08-12T03:17:18Z	GUNSEAT	347	hive	42021	B	T	core_destroyed	332
2026-08-12T03:17:20Z	GUNSEAT	348	meander	42021	A	C	core_destroyed	174
2026-08-12T03:17:21Z	GUNSEAT	349	meander	42021	B	T	core_destroyed	132
2026-08-12T03:17:23Z	GUNSEAT	350	nordkap	42021	A	T	core_destroyed	165
2026-08-12T03:17:24Z	GUNSEAT	351	nordkap	42021	B	T	core_destroyed	104
2026-08-12T03:17:25Z	GUNSEAT	352	antler	42022	A	T	core_destroyed	157
2026-08-12T03:17:27Z	GUNSEAT	353	antler	42022	B	T	core_destroyed	318
2026-08-12T03:17:29Z	GUNSEAT	354	atoll	42022	A	T	core_destroyed	193
2026-08-12T03:17:34Z	GUNSEAT	355	atoll	42022	B	C	core_destroyed	741
2026-08-12T03:17:36Z	GUNSEAT	356	drumlin	42022	A	T	core_destroyed	156
2026-08-12T03:17:39Z	GUNSEAT	357	drumlin	42022	B	C	core_destroyed	216
2026-08-12T03:17:42Z	GUNSEAT	358	fjordgate	42022	A	C	core_destroyed	426
2026-08-12T03:17:43Z	GUNSEAT	359	fjordgate	42022	B	C	core_destroyed	126
2026-08-12T03:17:45Z	GUNSEAT	360	heart	42022	A	T	core_destroyed	221
2026-08-12T03:17:53Z	GUNSEAT	361	heart	42022	B	C	core_destroyed	459
2026-08-12T03:17:55Z	GUNSEAT	362	hive	42022	A	C	core_destroyed	142
2026-08-12T03:17:59Z	GUNSEAT	363	hive	42022	B	C	core_destroyed	303
2026-08-12T03:18:00Z	GUNSEAT	364	meander	42022	A	T	core_destroyed	167
2026-08-12T03:18:01Z	GUNSEAT	365	meander	42022	B	C	core_destroyed	130
2026-08-12T03:18:03Z	GUNSEAT	366	nordkap	42022	A	C	core_destroyed	257
2026-08-12T03:18:05Z	GUNSEAT	367	nordkap	42022	B	C	core_destroyed	254
2026-08-12T03:18:06Z	GUNSEAT	368	antler	42023	A	C	core_destroyed	140
2026-08-12T03:18:08Z	GUNSEAT	369	antler	42023	B	C	core_destroyed	151
2026-08-12T03:18:11Z	GUNSEAT	370	atoll	42023	A	C	core_destroyed	204
2026-08-12T03:18:13Z	GUNSEAT	371	atoll	42023	B	C	core_destroyed	489
2026-08-12T03:18:16Z	GUNSEAT	372	drumlin	42023	A	T	core_destroyed	300
2026-08-12T03:18:17Z	GUNSEAT	373	drumlin	42023	B	T	core_destroyed	119
2026-08-12T03:18:19Z	GUNSEAT	374	fjordgate	42023	A	T	core_destroyed	188
2026-08-12T03:18:20Z	GUNSEAT	375	fjordgate	42023	B	T	core_destroyed	193
2026-08-12T03:18:22Z	GUNSEAT	376	heart	42023	A	T	core_destroyed	131
2026-08-12T03:18:28Z	GUNSEAT	377	heart	42023	B	C	core_destroyed	388
2026-08-12T03:18:32Z	GUNSEAT	378	hive	42023	A	T	core_destroyed	246
2026-08-12T03:18:38Z	GUNSEAT	379	hive	42023	B	T	core_destroyed	392
2026-08-12T03:18:39Z	GUNSEAT	380	meander	42023	A	C	core_destroyed	134
2026-08-12T03:18:41Z	GUNSEAT	381	meander	42023	B	T	core_destroyed	186
2026-08-12T03:18:43Z	GUNSEAT	382	nordkap	42023	A	C	core_destroyed	238
2026-08-12T03:18:45Z	GUNSEAT	383	nordkap	42023	B	C	core_destroyed	194
2026-08-12T03:18:47Z	GUNSEAT	384	antler	42024	A	T	core_destroyed	546
2026-08-12T03:18:50Z	GUNSEAT	385	antler	42024	B	C	core_destroyed	298
2026-08-12T03:18:52Z	GUNSEAT	386	atoll	42024	A	T	core_destroyed	674
2026-08-12T03:18:54Z	GUNSEAT	387	atoll	42024	B	C	core_destroyed	242
2026-08-12T03:18:56Z	GUNSEAT	388	drumlin	42024	A	T	core_destroyed	180
2026-08-12T03:18:59Z	GUNSEAT	389	drumlin	42024	B	C	core_destroyed	156
2026-08-12T03:19:00Z	GUNSEAT	390	fjordgate	42024	A	T	core_destroyed	137
2026-08-12T03:19:01Z	GUNSEAT	391	fjordgate	42024	B	T	core_destroyed	177
2026-08-12T03:19:04Z	GUNSEAT	392	heart	42024	A	C	core_destroyed	186
2026-08-12T03:19:08Z	GUNSEAT	393	heart	42024	B	T	core_destroyed	355
2026-08-12T03:19:11Z	GUNSEAT	394	hive	42024	A	T	core_destroyed	230
2026-08-12T03:19:15Z	GUNSEAT	395	hive	42024	B	C	core_destroyed	375
2026-08-12T03:19:17Z	GUNSEAT	396	meander	42024	A	T	core_destroyed	174
2026-08-12T03:19:19Z	GUNSEAT	397	meander	42024	B	C	core_destroyed	135
2026-08-12T03:19:21Z	GUNSEAT	398	nordkap	42024	A	T	core_destroyed	158
2026-08-12T03:19:25Z	GUNSEAT	399	nordkap	42024	B	C	core_destroyed	528
2026-08-12T03:19:28Z	GUNSEAT	400	antler	42025	A	T	core_destroyed	321
2026-08-12T03:19:31Z	GUNSEAT	401	antler	42025	B	C	core_destroyed	373
2026-08-12T03:19:32Z	GUNSEAT	402	atoll	42025	A	C	core_destroyed	154
2026-08-12T03:19:41Z	GUNSEAT	403	atoll	42025	B	T	tiebreak	1000
2026-08-12T03:19:43Z	GUNSEAT	404	drumlin	42025	A	T	core_destroyed	156
2026-08-12T03:19:45Z	GUNSEAT	405	drumlin	42025	B	T	core_destroyed	128
2026-08-12T03:19:46Z	GUNSEAT	406	fjordgate	42025	A	T	core_destroyed	324
2026-08-12T03:19:47Z	GUNSEAT	407	fjordgate	42025	B	C	core_destroyed	136
2026-08-12T03:19:53Z	GUNSEAT	408	heart	42025	A	C	core_destroyed	307
2026-08-12T03:19:56Z	GUNSEAT	409	heart	42025	B	C	core_destroyed	210
2026-08-12T03:20:00Z	GUNSEAT	410	hive	42025	A	C	core_destroyed	272
2026-08-12T03:20:03Z	GUNSEAT	411	hive	42025	B	T	core_destroyed	211
2026-08-12T03:20:05Z	GUNSEAT	412	meander	42025	A	C	core_destroyed	220
2026-08-12T03:20:06Z	GUNSEAT	413	meander	42025	B	T	core_destroyed	188
2026-08-12T03:20:08Z	GUNSEAT	414	nordkap	42025	A	T	core_destroyed	105
2026-08-12T03:20:09Z	GUNSEAT	415	nordkap	42025	B	C	core_destroyed	185
2026-08-12T03:20:10Z	GUNSEAT	416	antler	42026	A	C	core_destroyed	102
2026-08-12T03:20:13Z	GUNSEAT	417	antler	42026	B	T	core_destroyed	236
2026-08-12T03:20:14Z	GUNSEAT	418	atoll	42026	A	T	core_destroyed	153
2026-08-12T03:20:16Z	GUNSEAT	419	atoll	42026	B	T	core_destroyed	247
2026-08-12T03:20:18Z	GUNSEAT	420	drumlin	42026	A	T	core_destroyed	104
2026-08-12T03:20:19Z	GUNSEAT	421	drumlin	42026	B	C	core_destroyed	107
2026-08-12T03:20:21Z	GUNSEAT	422	fjordgate	42026	A	C	core_destroyed	316
2026-08-12T03:20:22Z	GUNSEAT	423	fjordgate	42026	B	C	core_destroyed	143
2026-08-12T03:20:24Z	GUNSEAT	424	heart	42026	A	C	core_destroyed	167
2026-08-12T03:20:27Z	GUNSEAT	425	heart	42026	B	C	core_destroyed	149
2026-08-12T03:20:31Z	GUNSEAT	426	hive	42026	A	C	core_destroyed	229
2026-08-12T03:20:34Z	GUNSEAT	427	hive	42026	B	C	core_destroyed	263
2026-08-12T03:20:36Z	GUNSEAT	428	meander	42026	A	T	tiebreak	1000
2026-08-12T03:20:38Z	GUNSEAT	429	meander	42026	B	C	core_destroyed	221
2026-08-12T03:20:40Z	GUNSEAT	430	nordkap	42026	A	C	core_destroyed	236
2026-08-12T03:20:41Z	GUNSEAT	431	nordkap	42026	B	C	core_destroyed	132
2026-08-12T03:20:43Z	GUNSEAT	432	antler	42027	A	C	core_destroyed	194
2026-08-12T03:20:45Z	GUNSEAT	433	antler	42027	B	C	core_destroyed	277
2026-08-12T03:20:46Z	GUNSEAT	434	atoll	42027	A	T	core_destroyed	117
2026-08-12T03:20:51Z	GUNSEAT	435	atoll	42027	B	C	tiebreak	1000
2026-08-12T03:20:53Z	GUNSEAT	436	drumlin	42027	A	C	core_destroyed	240
2026-08-12T03:20:56Z	GUNSEAT	437	drumlin	42027	B	C	core_destroyed	210
2026-08-12T03:20:57Z	GUNSEAT	438	fjordgate	42027	A	C	core_destroyed	163
2026-08-12T03:20:58Z	GUNSEAT	439	fjordgate	42027	B	T	core_destroyed	168
2026-08-12T03:21:00Z	GUNSEAT	440	heart	42027	A	C	core_destroyed	115
2026-08-12T03:21:03Z	GUNSEAT	441	heart	42027	B	C	core_destroyed	154
2026-08-12T03:21:05Z	GUNSEAT	442	hive	42027	A	C	core_destroyed	208
2026-08-12T03:21:08Z	GUNSEAT	443	hive	42027	B	T	core_destroyed	245
2026-08-12T03:21:10Z	GUNSEAT	444	meander	42027	A	C	core_destroyed	219
2026-08-12T03:21:12Z	GUNSEAT	445	meander	42027	B	C	core_destroyed	352
2026-08-12T03:21:15Z	GUNSEAT	446	nordkap	42027	A	T	tiebreak	1000
2026-08-12T03:21:17Z	GUNSEAT	447	nordkap	42027	B	T	core_destroyed	267
2026-08-12T03:21:19Z	GUNSEAT	448	antler	42028	A	T	core_destroyed	213
2026-08-12T03:21:21Z	GUNSEAT	449	antler	42028	B	T	core_destroyed	110
2026-08-12T03:21:22Z	GUNSEAT	450	atoll	42028	A	T	core_destroyed	192
2026-08-12T03:21:24Z	GUNSEAT	451	atoll	42028	B	C	core_destroyed	194
2026-08-12T03:21:26Z	GUNSEAT	452	drumlin	42028	A	T	core_destroyed	160
2026-08-12T03:21:29Z	GUNSEAT	453	drumlin	42028	B	C	core_destroyed	241
2026-08-12T03:21:30Z	GUNSEAT	454	fjordgate	42028	A	T	core_destroyed	128
2026-08-12T03:21:33Z	GUNSEAT	455	fjordgate	42028	B	T	core_destroyed	340
2026-08-12T03:21:35Z	GUNSEAT	456	heart	42028	A	C	core_destroyed	183
2026-08-12T03:21:39Z	GUNSEAT	457	heart	42028	B	T	core_destroyed	328
2026-08-12T03:21:43Z	GUNSEAT	458	hive	42028	A	C	core_destroyed	266
2026-08-12T03:21:51Z	GUNSEAT	459	hive	42028	B	C	core_destroyed	607
2026-08-12T03:21:53Z	GUNSEAT	460	meander	42028	A	C	core_destroyed	182
2026-08-12T03:21:57Z	GUNSEAT	461	meander	42028	B	T	tiebreak	1000
2026-08-12T03:22:00Z	GUNSEAT	462	nordkap	42028	A	T	core_destroyed	274
2026-08-12T03:22:03Z	GUNSEAT	463	nordkap	42028	B	T	core_destroyed	334
2026-08-12T03:22:05Z	GUNSEAT	464	antler	42029	A	C	core_destroyed	133
2026-08-12T03:22:08Z	GUNSEAT	465	antler	42029	B	C	core_destroyed	326
2026-08-12T03:22:09Z	GUNSEAT	466	atoll	42029	A	C	core_destroyed	142
2026-08-12T03:22:13Z	GUNSEAT	467	atoll	42029	B	T	core_destroyed	457
2026-08-12T03:22:15Z	GUNSEAT	468	drumlin	42029	A	T	core_destroyed	164
2026-08-12T03:22:18Z	GUNSEAT	469	drumlin	42029	B	T	core_destroyed	217
2026-08-12T03:22:19Z	GUNSEAT	470	fjordgate	42029	A	T	core_destroyed	202
2026-08-12T03:22:21Z	GUNSEAT	471	fjordgate	42029	B	C	core_destroyed	122
2026-08-12T03:22:23Z	GUNSEAT	472	heart	42029	A	C	core_destroyed	167
2026-08-12T03:22:26Z	GUNSEAT	473	heart	42029	B	T	core_destroyed	236
2026-08-12T03:22:29Z	GUNSEAT	474	hive	42029	A	T	core_destroyed	169
2026-08-12T03:22:32Z	GUNSEAT	475	hive	42029	B	T	core_destroyed	178
2026-08-12T03:22:34Z	GUNSEAT	476	meander	42029	A	T	core_destroyed	300
2026-08-12T03:22:35Z	GUNSEAT	477	meander	42029	B	C	core_destroyed	118
2026-08-12T03:22:38Z	GUNSEAT	478	nordkap	42029	A	T	core_destroyed	235
2026-08-12T03:22:39Z	GUNSEAT	479	nordkap	42029	B	C	core_destroyed	127
2026-08-12T03:22:40Z	GUNSEAT	480	antler	42030	A	T	core_destroyed	397
2026-08-12T03:22:43Z	GUNSEAT	481	antler	42030	B	T	core_destroyed	233
2026-08-12T03:22:44Z	GUNSEAT	482	atoll	42030	A	C	core_destroyed	120
2026-08-12T03:22:45Z	GUNSEAT	483	atoll	42030	B	T	core_destroyed	132
2026-08-12T03:22:51Z	GUNSEAT	484	drumlin	42030	A	C	core_destroyed	420
2026-08-12T03:22:53Z	GUNSEAT	485	drumlin	42030	B	C	core_destroyed	160
2026-08-12T03:22:54Z	GUNSEAT	486	fjordgate	42030	A	C	core_destroyed	333
2026-08-12T03:22:57Z	GUNSEAT	487	fjordgate	42030	B	T	core_destroyed	688
2026-08-12T03:23:01Z	GUNSEAT	488	heart	42030	A	C	core_destroyed	397
2026-08-12T03:23:07Z	GUNSEAT	489	heart	42030	B	C	core_destroyed	312
2026-08-12T03:23:11Z	GUNSEAT	490	hive	42030	A	C	core_destroyed	262
2026-08-12T03:23:15Z	GUNSEAT	491	hive	42030	B	C	core_destroyed	356
2026-08-12T03:23:19Z	GUNSEAT	492	meander	42030	A	C	core_destroyed	471
2026-08-12T03:23:20Z	GUNSEAT	493	meander	42030	B	C	core_destroyed	132
2026-08-12T03:23:22Z	GUNSEAT	494	nordkap	42030	A	T	core_destroyed	167
2026-08-12T03:23:24Z	GUNSEAT	495	nordkap	42030	B	C	core_destroyed	272
2026-08-12T03:23:26Z	GUNSEAT	496	antler	42031	A	C	core_destroyed	332
2026-08-12T03:23:28Z	GUNSEAT	497	antler	42031	B	C	core_destroyed	170
2026-08-12T03:23:30Z	GUNSEAT	498	atoll	42031	A	T	core_destroyed	438
2026-08-12T03:23:33Z	GUNSEAT	499	atoll	42031	B	C	core_destroyed	364
2026-08-12T03:23:37Z	GUNSEAT	500	drumlin	42031	A	C	core_destroyed	268
2026-08-12T03:23:39Z	GUNSEAT	501	drumlin	42031	B	T	core_destroyed	227
2026-08-12T03:23:40Z	GUNSEAT	502	fjordgate	42031	A	C	core_destroyed	165
2026-08-12T03:23:42Z	GUNSEAT	503	fjordgate	42031	B	C	core_destroyed	182
2026-08-12T03:23:45Z	GUNSEAT	504	heart	42031	A	T	core_destroyed	193
2026-08-12T03:23:49Z	GUNSEAT	505	heart	42031	B	T	core_destroyed	210
2026-08-12T03:23:52Z	GUNSEAT	506	hive	42031	A	C	core_destroyed	273
2026-08-12T03:23:54Z	GUNSEAT	507	hive	42031	B	T	core_destroyed	118
2026-08-12T03:23:55Z	GUNSEAT	508	meander	42031	A	T	core_destroyed	199
2026-08-12T03:23:57Z	GUNSEAT	509	meander	42031	B	C	core_destroyed	160
2026-08-12T03:23:59Z	GUNSEAT	510	nordkap	42031	A	C	core_destroyed	114
2026-08-12T03:24:00Z	GUNSEAT	511	nordkap	42031	B	C	core_destroyed	222
2026-08-12T03:24:02Z	GUNSEAT	512	antler	42032	A	T	core_destroyed	172
2026-08-12T03:24:04Z	GUNSEAT	513	antler	42032	B	C	core_destroyed	187
2026-08-12T03:24:06Z	GUNSEAT	514	atoll	42032	A	T	core_destroyed	131
2026-08-12T03:24:09Z	GUNSEAT	515	atoll	42032	B	T	core_destroyed	273
2026-08-12T03:24:11Z	GUNSEAT	516	drumlin	42032	A	T	core_destroyed	216
2026-08-12T03:24:14Z	GUNSEAT	517	drumlin	42032	B	C	core_destroyed	387
2026-08-12T03:24:16Z	GUNSEAT	518	fjordgate	42032	A	C	core_destroyed	266
2026-08-12T03:24:17Z	GUNSEAT	519	fjordgate	42032	B	C	core_destroyed	156
2026-08-12T03:24:20Z	GUNSEAT	520	heart	42032	A	C	core_destroyed	179
2026-08-12T03:24:23Z	GUNSEAT	521	heart	42032	B	C	core_destroyed	201
2026-08-12T03:24:25Z	GUNSEAT	522	hive	42032	A	T	core_destroyed	91
2026-08-12T03:24:29Z	GUNSEAT	523	hive	42032	B	T	core_destroyed	307
2026-08-12T03:24:30Z	GUNSEAT	524	meander	42032	A	T	core_destroyed	128
2026-08-12T03:24:32Z	GUNSEAT	525	meander	42032	B	C	core_destroyed	165
2026-08-12T03:24:34Z	GUNSEAT	526	nordkap	42032	A	T	core_destroyed	188
2026-08-12T03:24:36Z	GUNSEAT	527	nordkap	42032	B	T	core_destroyed	284
2026-08-12T03:24:39Z	GUNSEAT	528	antler	42033	A	C	core_destroyed	311
2026-08-12T03:24:40Z	GUNSEAT	529	antler	42033	B	C	core_destroyed	126
2026-08-12T03:24:42Z	GUNSEAT	530	atoll	42033	A	C	core_destroyed	123
2026-08-12T03:24:45Z	GUNSEAT	531	atoll	42033	B	C	core_destroyed	255
2026-08-12T03:24:49Z	GUNSEAT	532	drumlin	42033	A	T	core_destroyed	310
2026-08-12T03:24:53Z	GUNSEAT	533	drumlin	42033	B	T	core_destroyed	335
2026-08-12T03:24:54Z	GUNSEAT	534	fjordgate	42033	A	C	core_destroyed	213
2026-08-12T03:24:55Z	GUNSEAT	535	fjordgate	42033	B	C	core_destroyed	188
2026-08-12T03:25:02Z	GUNSEAT	536	heart	42033	A	T	core_destroyed	429
2026-08-12T03:25:05Z	GUNSEAT	537	heart	42033	B	T	core_destroyed	220
2026-08-12T03:25:08Z	GUNSEAT	538	hive	42033	A	T	core_destroyed	225
2026-08-12T03:25:12Z	GUNSEAT	539	hive	42033	B	T	core_destroyed	259
2026-08-12T03:25:14Z	GUNSEAT	540	meander	42033	A	T	core_destroyed	279
2026-08-12T03:25:15Z	GUNSEAT	541	meander	42033	B	T	core_destroyed	115
2026-08-12T03:25:16Z	GUNSEAT	542	nordkap	42033	A	T	core_destroyed	187
2026-08-12T03:25:18Z	GUNSEAT	543	nordkap	42033	B	T	core_destroyed	204
2026-08-12T03:25:20Z	GUNSEAT	544	antler	42034	A	T	core_destroyed	219
2026-08-12T03:25:22Z	GUNSEAT	545	antler	42034	B	T	core_destroyed	209
2026-08-12T03:25:24Z	GUNSEAT	546	atoll	42034	A	C	core_destroyed	334
2026-08-12T03:25:27Z	GUNSEAT	547	atoll	42034	B	T	core_destroyed	330
2026-08-12T03:25:32Z	GUNSEAT	548	drumlin	42034	A	T	core_destroyed	380
2026-08-12T03:25:38Z	GUNSEAT	549	drumlin	42034	B	C	core_destroyed	476
2026-08-12T03:25:39Z	GUNSEAT	550	fjordgate	42034	A	C	core_destroyed	118
2026-08-12T03:25:40Z	GUNSEAT	551	fjordgate	42034	B	C	core_destroyed	112
2026-08-12T03:25:43Z	GUNSEAT	552	heart	42034	A	C	core_destroyed	179
2026-08-12T03:25:45Z	GUNSEAT	553	heart	42034	B	C	core_destroyed	134
2026-08-12T03:25:48Z	GUNSEAT	554	hive	42034	A	C	core_destroyed	233
2026-08-12T03:25:50Z	GUNSEAT	555	hive	42034	B	C	core_destroyed	168
2026-08-12T03:25:51Z	GUNSEAT	556	meander	42034	A	C	core_destroyed	198
2026-08-12T03:25:54Z	GUNSEAT	557	meander	42034	B	C	core_destroyed	229
2026-08-12T03:25:56Z	GUNSEAT	558	nordkap	42034	A	C	core_destroyed	271
2026-08-12T03:25:59Z	GUNSEAT	559	nordkap	42034	B	T	core_destroyed	203
2026-08-12T03:26:00Z	GUNSEAT	560	antler	42035	A	C	core_destroyed	116
2026-08-12T03:26:02Z	GUNSEAT	561	antler	42035	B	C	core_destroyed	201
2026-08-12T03:26:06Z	GUNSEAT	562	atoll	42035	A	T	core_destroyed	346
2026-08-12T03:26:07Z	GUNSEAT	563	atoll	42035	B	C	core_destroyed	148
2026-08-12T03:26:10Z	GUNSEAT	564	drumlin	42035	A	T	core_destroyed	229
2026-08-12T03:26:11Z	GUNSEAT	565	drumlin	42035	B	C	core_destroyed	150
2026-08-12T03:26:13Z	GUNSEAT	566	fjordgate	42035	A	T	core_destroyed	97
2026-08-12T03:26:15Z	GUNSEAT	567	fjordgate	42035	B	T	core_destroyed	500
2026-08-12T03:26:19Z	GUNSEAT	568	heart	42035	A	C	tiebreak	1000
2026-08-12T03:26:40Z	GUNSEAT	569	heart	42035	B	C	tiebreak	1000
2026-08-12T03:26:42Z	GUNSEAT	570	hive	42035	A	T	core_destroyed	173
2026-08-12T03:26:46Z	GUNSEAT	571	hive	42035	B	C	core_destroyed	303
2026-08-12T03:26:47Z	GUNSEAT	572	meander	42035	A	T	core_destroyed	252
2026-08-12T03:26:49Z	GUNSEAT	573	meander	42035	B	T	core_destroyed	197
2026-08-12T03:26:52Z	GUNSEAT	574	nordkap	42035	A	T	core_destroyed	333
2026-08-12T03:26:53Z	GUNSEAT	575	nordkap	42035	B	C	core_destroyed	146
2026-08-12T03:27:00Z	GUNSEAT	576	antler	42036	A	T	tiebreak	1000
2026-08-12T03:27:02Z	GUNSEAT	577	antler	42036	B	C	core_destroyed	107
2026-08-12T03:27:08Z	GUNSEAT	578	atoll	42036	A	C	tiebreak	1000
2026-08-12T03:27:10Z	GUNSEAT	579	atoll	42036	B	T	core_destroyed	204
2026-08-12T03:27:17Z	GUNSEAT	580	drumlin	42036	A	C	core_destroyed	571
2026-08-12T03:27:21Z	GUNSEAT	581	drumlin	42036	B	C	core_destroyed	290
2026-08-12T03:27:23Z	GUNSEAT	582	fjordgate	42036	A	T	tiebreak	1000
2026-08-12T03:27:24Z	GUNSEAT	583	fjordgate	42036	B	C	core_destroyed	188
2026-08-12T03:27:26Z	GUNSEAT	584	heart	42036	A	C	core_destroyed	111
2026-08-12T03:27:34Z	GUNSEAT	585	heart	42036	B	T	core_destroyed	482
2026-08-12T03:27:39Z	GUNSEAT	586	hive	42036	A	C	core_destroyed	371
2026-08-12T03:27:42Z	GUNSEAT	587	hive	42036	B	T	core_destroyed	232
2026-08-12T03:27:44Z	GUNSEAT	588	meander	42036	A	C	core_destroyed	207
2026-08-12T03:27:45Z	GUNSEAT	589	meander	42036	B	T	core_destroyed	268
2026-08-12T03:27:47Z	GUNSEAT	590	nordkap	42036	A	C	core_destroyed	222
2026-08-12T03:27:52Z	GUNSEAT	591	nordkap	42036	B	T	core_destroyed	339
2026-08-12T03:27:54Z	GUNSEAT	592	antler	42037	A	T	core_destroyed	181
2026-08-12T03:27:55Z	GUNSEAT	593	antler	42037	B	C	core_destroyed	129
2026-08-12T03:28:00Z	GUNSEAT	594	atoll	42037	A	T	core_destroyed	386
2026-08-12T03:28:01Z	GUNSEAT	595	atoll	42037	B	C	core_destroyed	114
2026-08-12T03:28:03Z	GUNSEAT	596	drumlin	42037	A	T	core_destroyed	160
2026-08-12T03:28:05Z	GUNSEAT	597	drumlin	42037	B	C	core_destroyed	176
2026-08-12T03:28:06Z	GUNSEAT	598	fjordgate	42037	A	T	core_destroyed	116
2026-08-12T03:28:07Z	GUNSEAT	599	fjordgate	42037	B	T	core_destroyed	189
2026-08-12T03:28:09Z	GUNSEAT	600	heart	42037	A	T	core_destroyed	118
2026-08-12T03:28:11Z	GUNSEAT	601	heart	42037	B	C	core_destroyed	109
2026-08-12T03:28:14Z	GUNSEAT	602	hive	42037	A	C	core_destroyed	237
2026-08-12T03:28:18Z	GUNSEAT	603	hive	42037	B	T	core_destroyed	216
2026-08-12T03:28:19Z	GUNSEAT	604	meander	42037	A	C	core_destroyed	161
2026-08-12T03:28:20Z	GUNSEAT	605	meander	42037	B	C	core_destroyed	242
2026-08-12T03:28:22Z	GUNSEAT	606	nordkap	42037	A	C	core_destroyed	262
2026-08-12T03:28:24Z	GUNSEAT	607	nordkap	42037	B	T	core_destroyed	177
2026-08-12T03:28:26Z	GUNSEAT	608	antler	42038	A	C	core_destroyed	178
2026-08-12T03:28:27Z	GUNSEAT	609	antler	42038	B	C	core_destroyed	140
2026-08-12T03:28:28Z	GUNSEAT	610	atoll	42038	A	C	core_destroyed	120
2026-08-12T03:28:34Z	GUNSEAT	611	atoll	42038	B	T	tiebreak	1000
2026-08-12T03:28:38Z	GUNSEAT	612	drumlin	42038	A	T	core_destroyed	283
2026-08-12T03:28:40Z	GUNSEAT	613	drumlin	42038	B	C	core_destroyed	119
2026-08-12T03:28:41Z	GUNSEAT	614	fjordgate	42038	A	C	core_destroyed	287
2026-08-12T03:28:43Z	GUNSEAT	615	fjordgate	42038	B	C	core_destroyed	172
2026-08-12T03:28:47Z	GUNSEAT	616	heart	42038	A	C	core_destroyed	265
2026-08-12T03:28:51Z	GUNSEAT	617	heart	42038	B	C	core_destroyed	290
2026-08-12T03:28:55Z	GUNSEAT	618	hive	42038	A	C	core_destroyed	331
2026-08-12T03:28:58Z	GUNSEAT	619	hive	42038	B	C	core_destroyed	188
2026-08-12T03:29:01Z	GUNSEAT	620	meander	42038	A	T	tiebreak	1000
2026-08-12T03:29:04Z	GUNSEAT	621	meander	42038	B	T	core_destroyed	409
2026-08-12T03:29:06Z	GUNSEAT	622	nordkap	42038	A	T	core_destroyed	205
2026-08-12T03:29:08Z	GUNSEAT	623	nordkap	42038	B	T	core_destroyed	245
2026-08-12T03:29:09Z	GUNSEAT	624	antler	42039	A	T	core_destroyed	174
2026-08-12T03:29:10Z	GUNSEAT	625	antler	42039	B	C	core_destroyed	160
2026-08-12T03:29:11Z	GUNSEAT	626	atoll	42039	A	C	core_destroyed	147
2026-08-12T03:29:13Z	GUNSEAT	627	atoll	42039	B	C	core_destroyed	149
2026-08-12T03:29:15Z	GUNSEAT	628	drumlin	42039	A	C	core_destroyed	137
2026-08-12T03:29:16Z	GUNSEAT	629	drumlin	42039	B	C	core_destroyed	97
2026-08-12T03:29:18Z	GUNSEAT	630	fjordgate	42039	A	T	core_destroyed	172
2026-08-12T03:29:19Z	GUNSEAT	631	fjordgate	42039	B	C	core_destroyed	128
2026-08-12T03:29:21Z	GUNSEAT	632	heart	42039	A	C	core_destroyed	150
2026-08-12T03:29:23Z	GUNSEAT	633	heart	42039	B	C	core_destroyed	116
2026-08-12T03:29:25Z	GUNSEAT	634	hive	42039	A	C	core_destroyed	178
2026-08-12T03:29:29Z	GUNSEAT	635	hive	42039	B	C	core_destroyed	286
2026-08-12T03:29:30Z	GUNSEAT	636	meander	42039	A	T	core_destroyed	138
2026-08-12T03:29:32Z	GUNSEAT	637	meander	42039	B	C	core_destroyed	146
2026-08-12T03:29:34Z	GUNSEAT	638	nordkap	42039	A	C	core_destroyed	290
2026-08-12T03:29:35Z	GUNSEAT	639	nordkap	42039	B	C	core_destroyed	138
2026-08-12T03:29:38Z	GUNSEAT	640	antler	42040	A	C	core_destroyed	211
2026-08-12T03:29:39Z	GUNSEAT	641	antler	42040	B	C	core_destroyed	205
2026-08-12T03:29:41Z	GUNSEAT	642	atoll	42040	A	C	core_destroyed	166
2026-08-12T03:29:43Z	GUNSEAT	643	atoll	42040	B	C	core_destroyed	191
2026-08-12T03:29:44Z	GUNSEAT	644	drumlin	42040	A	T	core_destroyed	140
2026-08-12T03:29:49Z	GUNSEAT	645	drumlin	42040	B	T	core_destroyed	486
2026-08-12T03:29:51Z	GUNSEAT	646	fjordgate	42040	A	T	core_destroyed	128
2026-08-12T03:29:52Z	GUNSEAT	647	fjordgate	42040	B	T	core_destroyed	269
2026-08-12T03:29:55Z	GUNSEAT	648	heart	42040	A	T	core_destroyed	173
2026-08-12T03:29:57Z	GUNSEAT	649	heart	42040	B	T	core_destroyed	117
2026-08-12T03:29:59Z	GUNSEAT	650	hive	42040	A	T	core_destroyed	139
2026-08-12T03:30:02Z	GUNSEAT	651	hive	42040	B	C	core_destroyed	326
2026-08-12T03:30:04Z	GUNSEAT	652	meander	42040	A	C	core_destroyed	189
2026-08-12T03:30:05Z	GUNSEAT	653	meander	42040	B	C	core_destroyed	184
2026-08-12T03:30:07Z	GUNSEAT	654	nordkap	42040	A	C	core_destroyed	203
2026-08-12T03:30:11Z	GUNSEAT	655	nordkap	42040	B	T	core_destroyed	326
2026-08-12T03:30:14Z	GUNSEAT	656	antler	42041	A	C	core_destroyed	425
2026-08-12T03:30:15Z	GUNSEAT	657	antler	42041	B	T	core_destroyed	141
2026-08-12T03:30:16Z	GUNSEAT	658	atoll	42041	A	T	core_destroyed	120
2026-08-12T03:30:23Z	GUNSEAT	659	atoll	42041	B	T	core_destroyed	572
2026-08-12T03:30:27Z	GUNSEAT	660	drumlin	42041	A	T	core_destroyed	287
2026-08-12T03:30:32Z	GUNSEAT	661	drumlin	42041	B	T	core_destroyed	487
2026-08-12T03:30:34Z	GUNSEAT	662	fjordgate	42041	A	C	core_destroyed	208
2026-08-12T03:30:36Z	GUNSEAT	663	fjordgate	42041	B	T	core_destroyed	430
2026-08-12T03:30:39Z	GUNSEAT	664	heart	42041	A	C	core_destroyed	198
2026-08-12T03:30:44Z	GUNSEAT	665	heart	42041	B	T	core_destroyed	342
2026-08-12T03:30:52Z	GUNSEAT	666	hive	42041	A	C	core_destroyed	500
2026-08-12T03:30:53Z	GUNSEAT	667	hive	42041	B	C	core_destroyed	95
2026-08-12T03:30:55Z	GUNSEAT	668	meander	42041	A	T	core_destroyed	271
2026-08-12T03:30:57Z	GUNSEAT	669	meander	42041	B	T	core_destroyed	127
2026-08-12T03:31:02Z	GUNSEAT	670	nordkap	42041	A	C	core_destroyed	690
2026-08-12T03:31:05Z	GUNSEAT	671	nordkap	42041	B	T	core_destroyed	390
2026-08-12T03:31:07Z	GUNSEAT	672	antler	42042	A	T	core_destroyed	351
2026-08-12T03:31:08Z	GUNSEAT	673	antler	42042	B	T	core_destroyed	97
2026-08-12T03:31:10Z	GUNSEAT	674	atoll	42042	A	T	core_destroyed	112
2026-08-12T03:31:12Z	GUNSEAT	675	atoll	42042	B	C	core_destroyed	516
2026-08-12T03:31:13Z	GUNSEAT	676	drumlin	42042	A	T	tiebreak	109
2026-08-12T03:31:15Z	GUNSEAT	677	drumlin	42042	B	C	core_destroyed	129
2026-08-12T03:31:16Z	GUNSEAT	678	fjordgate	42042	A	T	core_destroyed	129
2026-08-12T03:31:18Z	GUNSEAT	679	fjordgate	42042	B	C	tiebreak	1000
2026-08-12T03:31:21Z	GUNSEAT	680	heart	42042	A	T	core_destroyed	273
2026-08-12T03:31:23Z	GUNSEAT	681	heart	42042	B	T	core_destroyed	155
2026-08-12T03:31:27Z	GUNSEAT	682	hive	42042	A	T	core_destroyed	244
2026-08-12T03:31:29Z	GUNSEAT	683	hive	42042	B	T	core_destroyed	204
2026-08-12T03:31:32Z	GUNSEAT	684	meander	42042	A	T	core_destroyed	369
2026-08-12T03:31:33Z	GUNSEAT	685	meander	42042	B	T	core_destroyed	221
2026-08-12T03:31:37Z	GUNSEAT	686	nordkap	42042	A	T	core_destroyed	374
2026-08-12T03:31:38Z	GUNSEAT	687	nordkap	42042	B	T	core_destroyed	159
2026-08-12T03:31:41Z	GUNSEAT	688	antler	42043	A	T	core_destroyed	316
2026-08-12T03:31:42Z	GUNSEAT	689	antler	42043	B	T	core_destroyed	147
2026-08-12T03:31:44Z	GUNSEAT	690	atoll	42043	A	T	core_destroyed	195
2026-08-12T03:31:45Z	GUNSEAT	691	atoll	42043	B	C	core_destroyed	145
2026-08-12T03:31:46Z	GUNSEAT	692	drumlin	42043	A	T	core_destroyed	99
2026-08-12T03:31:48Z	GUNSEAT	693	drumlin	42043	B	C	core_destroyed	176
2026-08-12T03:31:49Z	GUNSEAT	694	fjordgate	42043	A	C	core_destroyed	149
2026-08-12T03:31:50Z	GUNSEAT	695	fjordgate	42043	B	C	core_destroyed	180
2026-08-12T03:32:05Z	GUNSEAT	696	heart	42043	A	T	core_destroyed	689
2026-08-12T03:32:08Z	GUNSEAT	697	heart	42043	B	T	core_destroyed	320
2026-08-12T03:32:11Z	GUNSEAT	698	hive	42043	A	C	core_destroyed	212
2026-08-12T03:32:13Z	GUNSEAT	699	hive	42043	B	T	core_destroyed	140
2026-08-12T03:32:15Z	GUNSEAT	700	meander	42043	A	C	core_destroyed	143
2026-08-12T03:32:16Z	GUNSEAT	701	meander	42043	B	C	core_destroyed	159
2026-08-12T03:32:17Z	GUNSEAT	702	nordkap	42043	A	T	core_destroyed	167
2026-08-12T03:32:19Z	GUNSEAT	703	nordkap	42043	B	C	core_destroyed	105
2026-08-12T03:32:20Z	GUNSEAT	704	antler	42044	A	T	core_destroyed	200
2026-08-12T03:32:21Z	GUNSEAT	705	antler	42044	B	C	core_destroyed	107
2026-08-12T03:32:23Z	GUNSEAT	706	atoll	42044	A	T	core_destroyed	248
2026-08-12T03:32:25Z	GUNSEAT	707	atoll	42044	B	T	core_destroyed	273
2026-08-12T03:32:27Z	GUNSEAT	708	drumlin	42044	A	T	core_destroyed	177
2026-08-12T03:32:29Z	GUNSEAT	709	drumlin	42044	B	C	core_destroyed	169
2026-08-12T03:32:31Z	GUNSEAT	710	fjordgate	42044	A	T	core_destroyed	200
2026-08-12T03:32:32Z	GUNSEAT	711	fjordgate	42044	B	C	core_destroyed	170
2026-08-12T03:32:34Z	GUNSEAT	712	heart	42044	A	T	core_destroyed	196
2026-08-12T03:32:38Z	GUNSEAT	713	heart	42044	B	C	core_destroyed	265
2026-08-12T03:32:41Z	GUNSEAT	714	hive	42044	A	C	core_destroyed	311
2026-08-12T03:32:45Z	GUNSEAT	715	hive	42044	B	T	core_destroyed	250
2026-08-12T03:32:47Z	GUNSEAT	716	meander	42044	A	C	core_destroyed	295
2026-08-12T03:32:49Z	GUNSEAT	717	meander	42044	B	T	core_destroyed	194
2026-08-12T03:32:54Z	GUNSEAT	718	nordkap	42044	A	T	tiebreak	1000
2026-08-12T03:32:57Z	GUNSEAT	719	nordkap	42044	B	C	core_destroyed	384
2026-08-12T03:32:59Z	GUNSEAT	720	antler	42045	A	T	core_destroyed	116
2026-08-12T03:33:00Z	GUNSEAT	721	antler	42045	B	C	core_destroyed	112
2026-08-12T03:33:01Z	GUNSEAT	722	atoll	42045	A	T	core_destroyed	235
2026-08-12T03:33:05Z	GUNSEAT	723	atoll	42045	B	T	core_destroyed	404
2026-08-12T03:33:06Z	GUNSEAT	724	drumlin	42045	A	T	core_destroyed	90
2026-08-12T03:33:09Z	GUNSEAT	725	drumlin	42045	B	T	core_destroyed	238
2026-08-12T03:33:10Z	GUNSEAT	726	fjordgate	42045	A	T	core_destroyed	130
2026-08-12T03:33:11Z	GUNSEAT	727	fjordgate	42045	B	C	core_destroyed	194
2026-08-12T03:33:15Z	GUNSEAT	728	heart	42045	A	C	core_destroyed	212
2026-08-12T03:33:18Z	GUNSEAT	729	heart	42045	B	T	core_destroyed	307
2026-08-12T03:33:24Z	GUNSEAT	730	hive	42045	A	C	core_destroyed	392
2026-08-12T03:33:27Z	GUNSEAT	731	hive	42045	B	T	core_destroyed	249
2026-08-12T03:33:28Z	GUNSEAT	732	meander	42045	A	C	core_destroyed	167
2026-08-12T03:33:30Z	GUNSEAT	733	meander	42045	B	C	core_destroyed	120
2026-08-12T03:33:31Z	GUNSEAT	734	nordkap	42045	A	T	core_destroyed	246
2026-08-12T03:33:33Z	GUNSEAT	735	nordkap	42045	B	T	core_destroyed	119
2026-08-12T03:33:34Z	GUNSEAT	736	antler	42046	A	C	core_destroyed	145
2026-08-12T03:33:36Z	GUNSEAT	737	antler	42046	B	T	core_destroyed	220
2026-08-12T03:33:37Z	GUNSEAT	738	atoll	42046	A	T	core_destroyed	157
2026-08-12T03:33:39Z	GUNSEAT	739	atoll	42046	B	C	core_destroyed	132
2026-08-12T03:33:42Z	GUNSEAT	740	drumlin	42046	A	C	core_destroyed	359
2026-08-12T03:33:45Z	GUNSEAT	741	drumlin	42046	B	C	core_destroyed	307
2026-08-12T03:33:47Z	GUNSEAT	742	fjordgate	42046	A	T	core_destroyed	202
2026-08-12T03:33:49Z	GUNSEAT	743	fjordgate	42046	B	T	core_destroyed	367
2026-08-12T03:33:51Z	GUNSEAT	744	heart	42046	A	T	core_destroyed	128
2026-08-12T03:33:54Z	GUNSEAT	745	heart	42046	B	C	core_destroyed	133
2026-08-12T03:34:00Z	GUNSEAT	746	hive	42046	A	C	core_destroyed	402
2026-08-12T03:34:02Z	GUNSEAT	747	hive	42046	B	C	core_destroyed	128
2026-08-12T03:34:03Z	GUNSEAT	748	meander	42046	A	C	core_destroyed	152
2026-08-12T03:34:05Z	GUNSEAT	749	meander	42046	B	T	core_destroyed	282
2026-08-12T03:34:07Z	GUNSEAT	750	nordkap	42046	A	T	core_destroyed	222
2026-08-12T03:34:08Z	GUNSEAT	751	nordkap	42046	B	C	core_destroyed	78
2026-08-12T03:34:09Z	GUNSEAT	752	antler	42047	A	T	core_destroyed	251
2026-08-12T03:34:12Z	GUNSEAT	753	antler	42047	B	T	core_destroyed	269
2026-08-12T03:34:13Z	GUNSEAT	754	atoll	42047	A	C	core_destroyed	182
2026-08-12T03:34:15Z	GUNSEAT	755	atoll	42047	B	C	core_destroyed	168
2026-08-12T03:34:16Z	GUNSEAT	756	drumlin	42047	A	T	core_destroyed	103
2026-08-12T03:34:19Z	GUNSEAT	757	drumlin	42047	B	T	core_destroyed	273
2026-08-12T03:34:21Z	GUNSEAT	758	fjordgate	42047	A	C	core_destroyed	196
2026-08-12T03:34:22Z	GUNSEAT	759	fjordgate	42047	B	T	core_destroyed	338
2026-08-12T03:34:26Z	GUNSEAT	760	heart	42047	A	T	core_destroyed	212
2026-08-12T03:34:33Z	GUNSEAT	761	heart	42047	B	C	core_destroyed	578
2026-08-12T03:34:35Z	GUNSEAT	762	hive	42047	A	C	core_destroyed	115
2026-08-12T03:34:38Z	GUNSEAT	763	hive	42047	B	T	core_destroyed	240
2026-08-12T03:34:40Z	GUNSEAT	764	meander	42047	A	C	core_destroyed	202
2026-08-12T03:34:41Z	GUNSEAT	765	meander	42047	B	C	core_destroyed	172
2026-08-12T03:34:43Z	GUNSEAT	766	nordkap	42047	A	T	core_destroyed	193
2026-08-12T03:34:44Z	GUNSEAT	767	nordkap	42047	B	C	core_destroyed	105
2026-08-12T03:34:46Z	GUNSEAT	768	antler	42048	A	T	core_destroyed	151
2026-08-12T03:34:47Z	GUNSEAT	769	antler	42048	B	T	core_destroyed	269
2026-08-12T03:34:50Z	GUNSEAT	770	atoll	42048	A	T	core_destroyed	302
2026-08-12T03:34:52Z	GUNSEAT	771	atoll	42048	B	T	core_destroyed	397
2026-08-12T03:34:55Z	GUNSEAT	772	drumlin	42048	A	T	core_destroyed	226
2026-08-12T03:34:56Z	GUNSEAT	773	drumlin	42048	B	T	core_destroyed	145
2026-08-12T03:34:58Z	GUNSEAT	774	fjordgate	42048	A	T	tiebreak	1000
2026-08-12T03:34:59Z	GUNSEAT	775	fjordgate	42048	B	T	core_destroyed	124
2026-08-12T03:35:08Z	GUNSEAT	776	heart	42048	A	C	core_destroyed	519
2026-08-12T03:35:11Z	GUNSEAT	777	heart	42048	B	C	core_destroyed	143
2026-08-12T03:35:14Z	GUNSEAT	778	hive	42048	A	T	core_destroyed	221
2026-08-12T03:35:18Z	GUNSEAT	779	hive	42048	B	T	core_destroyed	325
2026-08-12T03:35:20Z	GUNSEAT	780	meander	42048	A	T	core_destroyed	256
2026-08-12T03:35:21Z	GUNSEAT	781	meander	42048	B	T	core_destroyed	145
2026-08-12T03:35:22Z	GUNSEAT	782	nordkap	42048	A	T	core_destroyed	132
2026-08-12T03:35:23Z	GUNSEAT	783	nordkap	42048	B	C	core_destroyed	96
2026-08-12T03:35:25Z	GUNSEAT	784	antler	42049	A	T	core_destroyed	291
2026-08-12T03:35:27Z	GUNSEAT	785	antler	42049	B	T	core_destroyed	203
2026-08-12T03:35:30Z	GUNSEAT	786	atoll	42049	A	C	core_destroyed	276
2026-08-12T03:35:34Z	GUNSEAT	787	atoll	42049	B	T	core_destroyed	344
2026-08-12T03:35:37Z	GUNSEAT	788	drumlin	42049	A	T	core_destroyed	359
2026-08-12T03:35:38Z	GUNSEAT	789	drumlin	42049	B	T	core_destroyed	119
2026-08-12T03:35:39Z	GUNSEAT	790	fjordgate	42049	A	T	core_destroyed	167
2026-08-12T03:35:41Z	GUNSEAT	791	fjordgate	42049	B	C	core_destroyed	193
2026-08-12T03:35:43Z	GUNSEAT	792	heart	42049	A	T	core_destroyed	181
2026-08-12T03:35:46Z	GUNSEAT	793	heart	42049	B	C	core_destroyed	170
2026-08-12T03:35:55Z	GUNSEAT	794	hive	42049	A	T	core_destroyed	673
2026-08-12T03:36:00Z	GUNSEAT	795	hive	42049	B	C	core_destroyed	364
2026-08-12T03:36:02Z	GUNSEAT	796	meander	42049	A	T	core_destroyed	207
2026-08-12T03:36:03Z	GUNSEAT	797	meander	42049	B	T	core_destroyed	147
2026-08-12T03:36:04Z	GUNSEAT	798	nordkap	42049	A	T	core_destroyed	83
2026-08-12T03:36:06Z	GUNSEAT	799	nordkap	42049	B	C	core_destroyed	203
2026-08-12T03:36:08Z	GUNSEAT	800	antler	42050	A	T	core_destroyed	140
2026-08-12T03:36:09Z	GUNSEAT	801	antler	42050	B	T	core_destroyed	275
2026-08-12T03:36:11Z	GUNSEAT	802	atoll	42050	A	T	core_destroyed	524
2026-08-12T03:36:15Z	GUNSEAT	803	atoll	42050	B	T	core_destroyed	521
2026-08-12T03:36:17Z	GUNSEAT	804	drumlin	42050	A	T	core_destroyed	214
2026-08-12T03:36:19Z	GUNSEAT	805	drumlin	42050	B	C	core_destroyed	167
2026-08-12T03:36:20Z	GUNSEAT	806	fjordgate	42050	A	T	core_destroyed	279
2026-08-12T03:36:21Z	GUNSEAT	807	fjordgate	42050	B	T	core_destroyed	102
2026-08-12T03:36:26Z	GUNSEAT	808	heart	42050	A	T	core_destroyed	277
2026-08-12T03:36:28Z	GUNSEAT	809	heart	42050	B	C	core_destroyed	225
2026-08-12T03:36:31Z	GUNSEAT	810	hive	42050	A	C	core_destroyed	240
2026-08-12T03:36:35Z	GUNSEAT	811	hive	42050	B	C	core_destroyed	306
2026-08-12T03:36:37Z	GUNSEAT	812	meander	42050	A	T	core_destroyed	164
2026-08-12T03:36:38Z	GUNSEAT	813	meander	42050	B	C	core_destroyed	105
2026-08-12T03:36:39Z	GUNSEAT	814	nordkap	42050	A	T	core_destroyed	182
2026-08-12T03:36:42Z	GUNSEAT	815	nordkap	42050	B	C	core_destroyed	200
2026-08-12T03:36:43Z	GUNSEAT	816	antler	42051	A	T	core_destroyed	140
2026-08-12T03:36:44Z	GUNSEAT	817	antler	42051	B	C	core_destroyed	126
2026-08-12T03:36:45Z	GUNSEAT	818	atoll	42051	A	T	core_destroyed	77
2026-08-12T03:36:47Z	GUNSEAT	819	atoll	42051	B	C	core_destroyed	381
2026-08-12T03:36:48Z	GUNSEAT	820	drumlin	42051	A	T	core_destroyed	153
2026-08-12T03:36:50Z	GUNSEAT	821	drumlin	42051	B	C	core_destroyed	169
2026-08-12T03:36:52Z	GUNSEAT	822	fjordgate	42051	A	T	core_destroyed	453
2026-08-12T03:36:53Z	GUNSEAT	823	fjordgate	42051	B	T	core_destroyed	181
2026-08-12T03:36:57Z	GUNSEAT	824	heart	42051	A	C	core_destroyed	223
2026-08-12T03:36:59Z	GUNSEAT	825	heart	42051	B	C	core_destroyed	134
2026-08-12T03:37:03Z	GUNSEAT	826	hive	42051	A	T	core_destroyed	337
2026-08-12T03:37:06Z	GUNSEAT	827	hive	42051	B	T	core_destroyed	212
2026-08-12T03:37:08Z	GUNSEAT	828	meander	42051	A	C	core_destroyed	271
2026-08-12T03:37:09Z	GUNSEAT	829	meander	42051	B	T	core_destroyed	188
2026-08-12T03:37:12Z	GUNSEAT	830	nordkap	42051	A	T	core_destroyed	193
2026-08-12T03:37:13Z	GUNSEAT	831	nordkap	42051	B	C	core_destroyed	126
2026-08-12T03:37:14Z	GUNSEAT	832	antler	42052	A	C	core_destroyed	158
2026-08-12T03:37:16Z	GUNSEAT	833	antler	42052	B	C	core_destroyed	176
2026-08-12T03:37:18Z	GUNSEAT	834	atoll	42052	A	T	core_destroyed	256
2026-08-12T03:37:22Z	GUNSEAT	835	atoll	42052	B	C	core_destroyed	325
2026-08-12T03:37:23Z	GUNSEAT	836	drumlin	42052	A	T	core_destroyed	159
2026-08-12T03:37:25Z	GUNSEAT	837	drumlin	42052	B	T	core_destroyed	101
2026-08-12T03:37:26Z	GUNSEAT	838	fjordgate	42052	A	T	core_destroyed	240
2026-08-12T03:37:28Z	GUNSEAT	839	fjordgate	42052	B	T	core_destroyed	315
2026-08-12T03:37:44Z	GUNSEAT	840	heart	42052	A	C	tiebreak	1000
2026-08-12T03:37:45Z	GUNSEAT	841	heart	42052	B	C	core_destroyed	131
2026-08-12T03:37:49Z	GUNSEAT	842	hive	42052	A	C	core_destroyed	284
2026-08-12T03:37:53Z	GUNSEAT	843	hive	42052	B	C	core_destroyed	218
2026-08-12T03:37:54Z	GUNSEAT	844	meander	42052	A	T	core_destroyed	142
2026-08-12T03:37:55Z	GUNSEAT	845	meander	42052	B	T	core_destroyed	262
2026-08-12T03:37:57Z	GUNSEAT	846	nordkap	42052	A	T	core_destroyed	105
2026-08-12T03:37:58Z	GUNSEAT	847	nordkap	42052	B	C	core_destroyed	202
2026-08-12T03:38:00Z	GUNSEAT	848	antler	42053	A	T	core_destroyed	169
2026-08-12T03:38:03Z	GUNSEAT	849	antler	42053	B	T	core_destroyed	211
2026-08-12T03:38:04Z	GUNSEAT	850	atoll	42053	A	T	core_destroyed	158
2026-08-12T03:38:06Z	GUNSEAT	851	atoll	42053	B	T	core_destroyed	264
2026-08-12T03:38:08Z	GUNSEAT	852	drumlin	42053	A	C	core_destroyed	207
2026-08-12T03:38:10Z	GUNSEAT	853	drumlin	42053	B	T	core_destroyed	140
2026-08-12T03:38:12Z	GUNSEAT	854	fjordgate	42053	A	T	core_destroyed	443
2026-08-12T03:38:13Z	GUNSEAT	855	fjordgate	42053	B	T	core_destroyed	143
2026-08-12T03:38:24Z	GUNSEAT	856	heart	42053	A	T	core_destroyed	535
2026-08-12T03:38:26Z	GUNSEAT	857	heart	42053	B	C	core_destroyed	185
2026-08-12T03:38:27Z	GUNSEAT	858	hive	42053	A	T	core_destroyed	135
2026-08-12T03:38:31Z	GUNSEAT	859	hive	42053	B	T	core_destroyed	236
2026-08-12T03:38:33Z	GUNSEAT	860	meander	42053	A	T	core_destroyed	260
2026-08-12T03:38:35Z	GUNSEAT	861	meander	42053	B	T	core_destroyed	236
2026-08-12T03:38:36Z	GUNSEAT	862	nordkap	42053	A	C	core_destroyed	122
2026-08-12T03:38:39Z	GUNSEAT	863	nordkap	42053	B	C	core_destroyed	269
2026-08-12T03:38:41Z	GUNSEAT	864	antler	42054	A	T	core_destroyed	237
2026-08-12T03:38:42Z	GUNSEAT	865	antler	42054	B	T	core_destroyed	130
2026-08-12T03:38:43Z	GUNSEAT	866	atoll	42054	A	C	core_destroyed	118
2026-08-12T03:38:45Z	GUNSEAT	867	atoll	42054	B	T	core_destroyed	152
2026-08-12T03:38:46Z	GUNSEAT	868	drumlin	42054	A	T	core_destroyed	153
2026-08-12T03:38:48Z	GUNSEAT	869	drumlin	42054	B	C	core_destroyed	139
2026-08-12T03:38:49Z	GUNSEAT	870	fjordgate	42054	A	T	core_destroyed	417
2026-08-12T03:38:54Z	GUNSEAT	871	fjordgate	42054	B	T	tiebreak	1000
2026-08-12T03:39:00Z	GUNSEAT	872	heart	42054	A	C	core_destroyed	459
2026-08-12T03:39:02Z	GUNSEAT	873	heart	42054	B	T	core_destroyed	136
2026-08-12T03:39:05Z	GUNSEAT	874	hive	42054	A	C	core_destroyed	204
2026-08-12T03:39:07Z	GUNSEAT	875	hive	42054	B	T	core_destroyed	120
2026-08-12T03:39:10Z	GUNSEAT	876	meander	42054	A	C	tiebreak	1000
2026-08-12T03:39:13Z	GUNSEAT	877	meander	42054	B	C	tiebreak	1000
2026-08-12T03:39:15Z	GUNSEAT	878	nordkap	42054	A	C	core_destroyed	109
2026-08-12T03:39:16Z	GUNSEAT	879	nordkap	42054	B	T	core_destroyed	170
2026-08-12T03:39:17Z	GUNSEAT	880	antler	42055	A	T	core_destroyed	114
2026-08-12T03:39:19Z	GUNSEAT	881	antler	42055	B	C	core_destroyed	162
2026-08-12T03:39:21Z	GUNSEAT	882	atoll	42055	A	C	core_destroyed	189
2026-08-12T03:39:22Z	GUNSEAT	883	atoll	42055	B	T	core_destroyed	87
2026-08-12T03:39:23Z	GUNSEAT	884	drumlin	42055	A	T	core_destroyed	90
2026-08-12T03:39:28Z	GUNSEAT	885	drumlin	42055	B	T	core_destroyed	338
2026-08-12T03:39:30Z	GUNSEAT	886	fjordgate	42055	A	C	core_destroyed	485
2026-08-12T03:39:31Z	GUNSEAT	887	fjordgate	42055	B	C	core_destroyed	101
2026-08-12T03:39:33Z	GUNSEAT	888	heart	42055	A	T	core_destroyed	131
2026-08-12T03:39:35Z	GUNSEAT	889	heart	42055	B	T	core_destroyed	115
2026-08-12T03:39:40Z	GUNSEAT	890	hive	42055	A	C	core_destroyed	368
2026-08-12T03:39:43Z	GUNSEAT	891	hive	42055	B	C	core_destroyed	202
2026-08-12T03:39:45Z	GUNSEAT	892	meander	42055	A	T	core_destroyed	198
2026-08-12T03:39:47Z	GUNSEAT	893	meander	42055	B	C	core_destroyed	208
2026-08-12T03:39:49Z	GUNSEAT	894	nordkap	42055	A	T	core_destroyed	310
2026-08-12T03:39:50Z	GUNSEAT	895	nordkap	42055	B	C	core_destroyed	132
2026-08-12T03:39:52Z	GUNSEAT	896	antler	42056	A	C	core_destroyed	139
2026-08-12T03:39:55Z	GUNSEAT	897	antler	42056	B	C	core_destroyed	322
2026-08-12T03:39:56Z	GUNSEAT	898	atoll	42056	A	T	core_destroyed	361
2026-08-12T03:39:58Z	GUNSEAT	899	atoll	42056	B	T	core_destroyed	147
2026-08-12T03:40:04Z	GUNSEAT	900	drumlin	42056	A	C	core_destroyed	471
2026-08-12T03:40:06Z	GUNSEAT	901	drumlin	42056	B	C	core_destroyed	148
2026-08-12T03:40:07Z	GUNSEAT	902	fjordgate	42056	A	T	core_destroyed	136
2026-08-12T03:40:08Z	GUNSEAT	903	fjordgate	42056	B	C	core_destroyed	443
2026-08-12T03:40:19Z	GUNSEAT	904	heart	42056	A	C	core_destroyed	579
2026-08-12T03:40:21Z	GUNSEAT	905	heart	42056	B	T	core_destroyed	150
2026-08-12T03:40:24Z	GUNSEAT	906	hive	42056	A	T	core_destroyed	239
2026-08-12T03:40:27Z	GUNSEAT	907	hive	42056	B	T	core_destroyed	196
2026-08-12T03:40:29Z	GUNSEAT	908	meander	42056	A	T	core_destroyed	132
2026-08-12T03:40:30Z	GUNSEAT	909	meander	42056	B	C	core_destroyed	157
2026-08-12T03:40:33Z	GUNSEAT	910	nordkap	42056	A	C	core_destroyed	236
2026-08-12T03:40:34Z	GUNSEAT	911	nordkap	42056	B	T	core_destroyed	129
2026-08-12T03:40:36Z	GUNSEAT	912	antler	42057	A	C	core_destroyed	172
2026-08-12T03:40:38Z	GUNSEAT	913	antler	42057	B	T	core_destroyed	301
2026-08-12T03:40:40Z	GUNSEAT	914	atoll	42057	A	C	core_destroyed	274
2026-08-12T03:40:42Z	GUNSEAT	915	atoll	42057	B	C	core_destroyed	194
2026-08-12T03:40:46Z	GUNSEAT	916	drumlin	42057	A	T	core_destroyed	301
2026-08-12T03:40:48Z	GUNSEAT	917	drumlin	42057	B	T	core_destroyed	234
2026-08-12T03:40:50Z	GUNSEAT	918	fjordgate	42057	A	C	core_destroyed	251
2026-08-12T03:40:51Z	GUNSEAT	919	fjordgate	42057	B	T	core_destroyed	141
2026-08-12T03:40:52Z	GUNSEAT	920	heart	42057	A	T	core_destroyed	127
2026-08-12T03:40:55Z	GUNSEAT	921	heart	42057	B	T	core_destroyed	176
2026-08-12T03:40:58Z	GUNSEAT	922	hive	42057	A	C	core_destroyed	188
2026-08-12T03:41:00Z	GUNSEAT	923	hive	42057	B	C	core_destroyed	158
2026-08-12T03:41:02Z	GUNSEAT	924	meander	42057	A	T	core_destroyed	138
2026-08-12T03:41:03Z	GUNSEAT	925	meander	42057	B	C	core_destroyed	112
2026-08-12T03:41:05Z	GUNSEAT	926	nordkap	42057	A	C	core_destroyed	178
2026-08-12T03:41:08Z	GUNSEAT	927	nordkap	42057	B	T	core_destroyed	405
2026-08-12T03:41:11Z	GUNSEAT	928	antler	42058	A	T	core_destroyed	352
2026-08-12T03:41:13Z	GUNSEAT	929	antler	42058	B	C	core_destroyed	382
2026-08-12T03:41:15Z	GUNSEAT	930	atoll	42058	A	C	core_destroyed	270
2026-08-12T03:41:17Z	GUNSEAT	931	atoll	42058	B	T	core_destroyed	503
2026-08-12T03:41:18Z	GUNSEAT	932	drumlin	42058	A	T	core_destroyed	129
2026-08-12T03:41:22Z	GUNSEAT	933	drumlin	42058	B	T	core_destroyed	294
2026-08-12T03:41:23Z	GUNSEAT	934	fjordgate	42058	A	C	core_destroyed	138
2026-08-12T03:41:25Z	GUNSEAT	935	fjordgate	42058	B	T	core_destroyed	302
2026-08-12T03:41:39Z	GUNSEAT	936	heart	42058	A	C	tiebreak	1000
2026-08-12T03:41:46Z	GUNSEAT	937	heart	42058	B	T	core_destroyed	400
2026-08-12T03:41:49Z	GUNSEAT	938	hive	42058	A	C	core_destroyed	215
2026-08-12T03:41:51Z	GUNSEAT	939	hive	42058	B	C	core_destroyed	100
2026-08-12T03:41:52Z	GUNSEAT	940	meander	42058	A	T	core_destroyed	144
2026-08-12T03:41:53Z	GUNSEAT	941	meander	42058	B	T	core_destroyed	140
2026-08-12T03:41:56Z	GUNSEAT	942	nordkap	42058	A	T	core_destroyed	226
2026-08-12T03:41:57Z	GUNSEAT	943	nordkap	42058	B	T	core_destroyed	167
2026-08-12T03:42:00Z	GUNSEAT	944	antler	42059	A	T	core_destroyed	228
2026-08-12T03:42:02Z	GUNSEAT	945	antler	42059	B	C	core_destroyed	192
2026-08-12T03:42:03Z	GUNSEAT	946	atoll	42059	A	C	core_destroyed	202
2026-08-12T03:42:05Z	GUNSEAT	947	atoll	42059	B	C	core_destroyed	176
2026-08-12T03:42:07Z	GUNSEAT	948	drumlin	42059	A	T	core_destroyed	175
2026-08-12T03:42:09Z	GUNSEAT	949	drumlin	42059	B	T	core_destroyed	159
2026-08-12T03:42:10Z	GUNSEAT	950	fjordgate	42059	A	T	core_destroyed	202
2026-08-12T03:42:11Z	GUNSEAT	951	fjordgate	42059	B	C	core_destroyed	129
2026-08-12T03:42:22Z	GUNSEAT	952	heart	42059	A	C	tiebreak	1000
2026-08-12T03:42:23Z	GUNSEAT	953	heart	42059	B	C	core_destroyed	147
2026-08-12T03:42:29Z	GUNSEAT	954	hive	42059	A	C	core_destroyed	412
2026-08-12T03:42:33Z	GUNSEAT	955	hive	42059	B	T	core_destroyed	260
2026-08-12T03:42:36Z	GUNSEAT	956	meander	42059	A	C	tiebreak	1000
2026-08-12T03:42:37Z	GUNSEAT	957	meander	42059	B	C	core_destroyed	122
2026-08-12T03:42:39Z	GUNSEAT	958	nordkap	42059	A	T	core_destroyed	170
2026-08-12T03:42:41Z	GUNSEAT	959	nordkap	42059	B	C	core_destroyed	162
2026-08-12T03:42:44Z	GUNSEAT	960	antler	42060	A	T	core_destroyed	200
2026-08-12T03:42:45Z	GUNSEAT	961	antler	42060	B	T	core_destroyed	191
2026-08-12T03:42:46Z	GUNSEAT	962	atoll	42060	A	T	core_destroyed	125
2026-08-12T03:42:48Z	GUNSEAT	963	atoll	42060	B	T	core_destroyed	180
2026-08-12T03:42:50Z	GUNSEAT	964	drumlin	42060	A	T	core_destroyed	207
2026-08-12T03:42:53Z	GUNSEAT	965	drumlin	42060	B	T	core_destroyed	241
2026-08-12T03:42:55Z	GUNSEAT	966	fjordgate	42060	A	C	core_destroyed	342
2026-08-12T03:42:57Z	GUNSEAT	967	fjordgate	42060	B	C	core_destroyed	455
2026-08-12T03:43:00Z	GUNSEAT	968	heart	42060	A	T	core_destroyed	196
2026-08-12T03:43:02Z	GUNSEAT	969	heart	42060	B	C	core_destroyed	150
2026-08-12T03:43:04Z	GUNSEAT	970	hive	42060	A	C	core_destroyed	120
2026-08-12T03:43:09Z	GUNSEAT	971	hive	42060	B	T	core_destroyed	338
2026-08-12T03:43:10Z	GUNSEAT	972	meander	42060	A	T	core_destroyed	477
2026-08-12T03:43:12Z	GUNSEAT	973	meander	42060	B	T	core_destroyed	115
2026-08-12T03:43:13Z	GUNSEAT	974	nordkap	42060	A	C	core_destroyed	145
2026-08-12T03:43:15Z	GUNSEAT	975	nordkap	42060	B	C	core_destroyed	118
2026-08-12T03:43:16Z	GUNSEAT	976	antler	42061	A	T	core_destroyed	133
2026-08-12T03:43:17Z	GUNSEAT	977	antler	42061	B	T	core_destroyed	583
2026-08-12T03:43:26Z	GUNSEAT	978	atoll	42061	A	C	tiebreak	1000
2026-08-12T03:43:29Z	GUNSEAT	979	atoll	42061	B	C	core_destroyed	368
2026-08-12T03:43:31Z	GUNSEAT	980	drumlin	42061	A	T	core_destroyed	135
2026-08-12T03:43:35Z	GUNSEAT	981	drumlin	42061	B	T	core_destroyed	278
2026-08-12T03:43:37Z	GUNSEAT	982	fjordgate	42061	A	C	core_destroyed	441
2026-08-12T03:43:38Z	GUNSEAT	983	fjordgate	42061	B	T	core_destroyed	285
2026-08-12T03:43:40Z	GUNSEAT	984	heart	42061	A	T	core_destroyed	247
2026-08-12T03:43:42Z	GUNSEAT	985	heart	42061	B	C	core_destroyed	123
2026-08-12T03:43:48Z	GUNSEAT	986	hive	42061	A	T	core_destroyed	422
2026-08-12T03:43:53Z	GUNSEAT	987	hive	42061	B	C	core_destroyed	350
2026-08-12T03:43:56Z	GUNSEAT	988	meander	42061	A	T	core_destroyed	222
2026-08-12T03:43:59Z	GUNSEAT	989	meander	42061	B	C	tiebreak	1000
2026-08-12T03:44:00Z	GUNSEAT	990	nordkap	42061	A	C	core_destroyed	152
2026-08-12T03:44:02Z	GUNSEAT	991	nordkap	42061	B	C	core_destroyed	233
2026-08-12T03:44:04Z	GUNSEAT	992	antler	42062	A	T	core_destroyed	261
2026-08-12T03:44:07Z	GUNSEAT	993	antler	42062	B	C	core_destroyed	413
2026-08-12T03:44:10Z	GUNSEAT	994	atoll	42062	A	C	core_destroyed	468
2026-08-12T03:44:12Z	GUNSEAT	995	atoll	42062	B	T	core_destroyed	140
2026-08-12T03:44:14Z	GUNSEAT	996	drumlin	42062	A	T	core_destroyed	206
2026-08-12T03:44:19Z	GUNSEAT	997	drumlin	42062	B	C	core_destroyed	357
2026-08-12T03:44:20Z	GUNSEAT	998	fjordgate	42062	A	T	core_destroyed	130
2026-08-12T03:44:21Z	GUNSEAT	999	fjordgate	42062	B	T	core_destroyed	172
2026-08-12T03:44:29Z	GUNSEAT	1000	heart	42062	A	T	core_destroyed	666
2026-08-12T03:44:42Z	GUNSEAT	1001	heart	42062	B	C	tiebreak	1000
2026-08-12T03:44:48Z	GUNSEAT	1002	hive	42062	A	T	core_destroyed	399
2026-08-12T03:44:50Z	GUNSEAT	1003	hive	42062	B	T	core_destroyed	151
2026-08-12T03:44:51Z	GUNSEAT	1004	meander	42062	A	T	core_destroyed	136
2026-08-12T03:44:53Z	GUNSEAT	1005	meander	42062	B	C	core_destroyed	177
2026-08-12T03:44:54Z	GUNSEAT	1006	nordkap	42062	A	T	core_destroyed	123
2026-08-12T03:44:56Z	GUNSEAT	1007	nordkap	42062	B	C	core_destroyed	206
2026-08-12T03:44:59Z	GUNSEAT	1008	antler	42063	A	T	core_destroyed	340
2026-08-12T03:45:02Z	GUNSEAT	1009	antler	42063	B	C	core_destroyed	524
2026-08-12T03:45:03Z	GUNSEAT	1010	atoll	42063	A	C	core_destroyed	124
2026-08-12T03:45:05Z	GUNSEAT	1011	atoll	42063	B	T	core_destroyed	118
2026-08-12T03:45:15Z	GUNSEAT	1012	drumlin	42063	A	C	tiebreak	1000
2026-08-12T03:45:21Z	GUNSEAT	1013	drumlin	42063	B	C	core_destroyed	524
2026-08-12T03:45:22Z	GUNSEAT	1014	fjordgate	42063	A	T	core_destroyed	129
2026-08-12T03:45:23Z	GUNSEAT	1015	fjordgate	42063	B	C	core_destroyed	128
2026-08-12T03:45:28Z	GUNSEAT	1016	heart	42063	A	C	core_destroyed	301
2026-08-12T03:45:31Z	GUNSEAT	1017	heart	42063	B	C	core_destroyed	166
2026-08-12T03:45:34Z	GUNSEAT	1018	hive	42063	A	C	core_destroyed	188
2026-08-12T03:45:40Z	GUNSEAT	1019	hive	42063	B	T	core_destroyed	502
2026-08-12T03:45:42Z	GUNSEAT	1020	meander	42063	A	T	core_destroyed	192
2026-08-12T03:45:43Z	GUNSEAT	1021	meander	42063	B	C	core_destroyed	174
2026-08-12T03:45:45Z	GUNSEAT	1022	nordkap	42063	A	T	core_destroyed	223
2026-08-12T03:45:46Z	GUNSEAT	1023	nordkap	42063	B	T	core_destroyed	113
2026-08-12T03:45:48Z	GUNSEAT	1024	antler	42064	A	C	core_destroyed	288
2026-08-12T03:45:49Z	GUNSEAT	1025	antler	42064	B	C	core_destroyed	120
2026-08-12T03:45:52Z	GUNSEAT	1026	atoll	42064	A	T	core_destroyed	303
2026-08-12T03:45:54Z	GUNSEAT	1027	atoll	42064	B	C	core_destroyed	135
2026-08-12T03:45:57Z	GUNSEAT	1028	drumlin	42064	A	T	core_destroyed	266
2026-08-12T03:46:00Z	GUNSEAT	1029	drumlin	42064	B	C	core_destroyed	304
2026-08-12T03:46:01Z	GUNSEAT	1030	fjordgate	42064	A	T	core_destroyed	153
2026-08-12T03:46:03Z	GUNSEAT	1031	fjordgate	42064	B	C	tiebreak	1000
2026-08-12T03:46:13Z	GUNSEAT	1032	heart	42064	A	C	core_destroyed	630
2026-08-12T03:46:19Z	GUNSEAT	1033	heart	42064	B	T	core_destroyed	497
2026-08-12T03:46:21Z	GUNSEAT	1034	hive	42064	A	T	core_destroyed	192
2026-08-12T03:46:26Z	GUNSEAT	1035	hive	42064	B	C	core_destroyed	354
2026-08-12T03:46:27Z	GUNSEAT	1036	meander	42064	A	C	core_destroyed	146
2026-08-12T03:46:28Z	GUNSEAT	1037	meander	42064	B	T	core_destroyed	110
2026-08-12T03:46:30Z	GUNSEAT	1038	nordkap	42064	A	C	core_destroyed	101
2026-08-12T03:46:32Z	GUNSEAT	1039	nordkap	42064	B	T	core_destroyed	200
2026-08-12T03:46:34Z	GUNSEAT	1040	antler	42065	A	T	core_destroyed	248
2026-08-12T03:46:36Z	GUNSEAT	1041	antler	42065	B	T	core_destroyed	212
2026-08-12T03:46:37Z	GUNSEAT	1042	atoll	42065	A	C	core_destroyed	152
2026-08-12T03:46:41Z	GUNSEAT	1043	atoll	42065	B	C	core_destroyed	434
2026-08-12T03:46:43Z	GUNSEAT	1044	drumlin	42065	A	T	core_destroyed	160
2026-08-12T03:46:44Z	GUNSEAT	1045	drumlin	42065	B	T	core_destroyed	165
2026-08-12T03:46:47Z	GUNSEAT	1046	fjordgate	42065	A	T	tiebreak	1000
2026-08-12T03:46:48Z	GUNSEAT	1047	fjordgate	42065	B	C	core_destroyed	117
2026-08-12T03:46:56Z	GUNSEAT	1048	heart	42065	A	T	core_destroyed	397
2026-08-12T03:46:58Z	GUNSEAT	1049	heart	42065	B	C	core_destroyed	143
2026-08-12T03:47:00Z	GUNSEAT	1050	hive	42065	A	T	core_destroyed	159
2026-08-12T03:47:02Z	GUNSEAT	1051	hive	42065	B	C	core_destroyed	195
2026-08-12T03:47:04Z	GUNSEAT	1052	meander	42065	A	C	core_destroyed	159
2026-08-12T03:47:05Z	GUNSEAT	1053	meander	42065	B	T	core_destroyed	143
2026-08-12T03:47:06Z	GUNSEAT	1054	nordkap	42065	A	C	core_destroyed	180
2026-08-12T03:47:09Z	GUNSEAT	1055	nordkap	42065	B	C	core_destroyed	252
2026-08-12T03:47:10Z	GUNSEAT	1056	antler	42066	A	C	core_destroyed	168
2026-08-12T03:47:12Z	GUNSEAT	1057	antler	42066	B	T	core_destroyed	115
2026-08-12T03:47:14Z	GUNSEAT	1058	atoll	42066	A	T	core_destroyed	512
2026-08-12T03:47:15Z	GUNSEAT	1059	atoll	42066	B	T	core_destroyed	421
2026-08-12T03:47:19Z	GUNSEAT	1060	drumlin	42066	A	C	core_destroyed	317
2026-08-12T03:47:22Z	GUNSEAT	1061	drumlin	42066	B	C	core_destroyed	230
2026-08-12T03:47:24Z	GUNSEAT	1062	fjordgate	42066	A	C	core_destroyed	384
2026-08-12T03:47:26Z	GUNSEAT	1063	fjordgate	42066	B	T	tiebreak	1000
2026-08-12T03:47:29Z	GUNSEAT	1064	heart	42066	A	C	core_destroyed	195
2026-08-12T03:47:35Z	GUNSEAT	1065	heart	42066	B	T	core_destroyed	294
2026-08-12T03:47:37Z	GUNSEAT	1066	hive	42066	A	T	core_destroyed	179
2026-08-12T03:47:39Z	GUNSEAT	1067	hive	42066	B	C	core_destroyed	128
2026-08-12T03:47:40Z	GUNSEAT	1068	meander	42066	A	T	core_destroyed	160
2026-08-12T03:47:42Z	GUNSEAT	1069	meander	42066	B	C	core_destroyed	147
2026-08-12T03:47:46Z	GUNSEAT	1070	nordkap	42066	A	C	core_destroyed	368
2026-08-12T03:47:47Z	GUNSEAT	1071	nordkap	42066	B	C	core_destroyed	138
2026-08-12T03:47:49Z	GUNSEAT	1072	antler	42067	A	T	core_destroyed	219
2026-08-12T03:47:50Z	GUNSEAT	1073	antler	42067	B	T	core_destroyed	116
2026-08-12T03:47:52Z	GUNSEAT	1074	atoll	42067	A	T	core_destroyed	198
2026-08-12T03:47:54Z	GUNSEAT	1075	atoll	42067	B	C	core_destroyed	284
2026-08-12T03:47:56Z	GUNSEAT	1076	drumlin	42067	A	T	core_destroyed	135
2026-08-12T03:47:58Z	GUNSEAT	1077	drumlin	42067	B	C	core_destroyed	272
2026-08-12T03:47:59Z	GUNSEAT	1078	fjordgate	42067	A	C	core_destroyed	158
2026-08-12T03:48:01Z	GUNSEAT	1079	fjordgate	42067	B	T	core_destroyed	165
2026-08-12T03:48:05Z	GUNSEAT	1080	heart	42067	A	C	tiebreak	1000
2026-08-12T03:48:07Z	GUNSEAT	1081	heart	42067	B	T	core_destroyed	112
2026-08-12T03:48:11Z	GUNSEAT	1082	hive	42067	A	C	core_destroyed	316
2026-08-12T03:48:14Z	GUNSEAT	1083	hive	42067	B	C	core_destroyed	254
2026-08-12T03:48:15Z	GUNSEAT	1084	meander	42067	A	C	core_destroyed	182
2026-08-12T03:48:17Z	GUNSEAT	1085	meander	42067	B	T	core_destroyed	250
2026-08-12T03:48:19Z	GUNSEAT	1086	nordkap	42067	A	T	core_destroyed	181
2026-08-12T03:48:21Z	GUNSEAT	1087	nordkap	42067	B	T	core_destroyed	257
2026-08-12T03:48:23Z	GUNSEAT	1088	antler	42068	A	T	core_destroyed	193
2026-08-12T03:48:26Z	GUNSEAT	1089	antler	42068	B	C	core_destroyed	250
2026-08-12T03:48:29Z	GUNSEAT	1090	atoll	42068	A	C	core_destroyed	454
2026-08-12T03:48:31Z	GUNSEAT	1091	atoll	42068	B	T	core_destroyed	263
2026-08-12T03:48:34Z	GUNSEAT	1092	drumlin	42068	A	T	core_destroyed	325
2026-08-12T03:48:37Z	GUNSEAT	1093	drumlin	42068	B	T	core_destroyed	211
2026-08-12T03:48:38Z	GUNSEAT	1094	fjordgate	42068	A	C	core_destroyed	134
2026-08-12T03:48:40Z	GUNSEAT	1095	fjordgate	42068	B	C	core_destroyed	340
2026-08-12T03:48:42Z	GUNSEAT	1096	heart	42068	A	T	core_destroyed	232
2026-08-12T03:48:45Z	GUNSEAT	1097	heart	42068	B	C	core_destroyed	143
2026-08-12T03:48:46Z	GUNSEAT	1098	hive	42068	A	T	core_destroyed	169
2026-08-12T03:48:53Z	GUNSEAT	1099	hive	42068	B	T	core_destroyed	455
2026-08-12T03:48:54Z	GUNSEAT	1100	meander	42068	A	T	core_destroyed	195
2026-08-12T03:48:56Z	GUNSEAT	1101	meander	42068	B	T	core_destroyed	105
2026-08-12T03:48:57Z	GUNSEAT	1102	nordkap	42068	A	C	core_destroyed	142
2026-08-12T03:48:59Z	GUNSEAT	1103	nordkap	42068	B	C	tiebreak	1000
2026-08-12T03:49:02Z	GUNSEAT	1104	antler	42069	A	T	core_destroyed	434
2026-08-12T03:49:03Z	GUNSEAT	1105	antler	42069	B	T	core_destroyed	182
2026-08-12T03:49:05Z	GUNSEAT	1106	atoll	42069	A	T	core_destroyed	235
2026-08-12T03:49:09Z	GUNSEAT	1107	atoll	42069	B	T	core_destroyed	477
2026-08-12T03:49:13Z	GUNSEAT	1108	drumlin	42069	A	T	core_destroyed	358
2026-08-12T03:49:18Z	GUNSEAT	1109	drumlin	42069	B	C	core_destroyed	481
2026-08-12T03:49:20Z	GUNSEAT	1110	fjordgate	42069	A	C	core_destroyed	531
2026-08-12T03:49:22Z	GUNSEAT	1111	fjordgate	42069	B	C	core_destroyed	479
2026-08-12T03:49:26Z	GUNSEAT	1112	heart	42069	A	C	core_destroyed	249
2026-08-12T03:49:28Z	GUNSEAT	1113	heart	42069	B	T	core_destroyed	183
2026-08-12T03:49:34Z	GUNSEAT	1114	hive	42069	A	T	core_destroyed	335
2026-08-12T03:49:38Z	GUNSEAT	1115	hive	42069	B	T	core_destroyed	289
2026-08-12T03:49:40Z	GUNSEAT	1116	meander	42069	A	C	core_destroyed	177
2026-08-12T03:49:42Z	GUNSEAT	1117	meander	42069	B	T	core_destroyed	250
2026-08-12T03:49:44Z	GUNSEAT	1118	nordkap	42069	A	T	core_destroyed	191
2026-08-12T03:49:46Z	GUNSEAT	1119	nordkap	42069	B	T	core_destroyed	251
2026-08-12T03:49:47Z	GUNSEAT	1120	antler	42070	A	T	core_destroyed	159
2026-08-12T03:49:49Z	GUNSEAT	1121	antler	42070	B	T	core_destroyed	307
2026-08-12T03:49:51Z	GUNSEAT	1122	atoll	42070	A	C	core_destroyed	274
2026-08-12T03:49:53Z	GUNSEAT	1123	atoll	42070	B	C	core_destroyed	185
2026-08-12T03:50:00Z	GUNSEAT	1124	drumlin	42070	A	C	core_destroyed	419
2026-08-12T03:50:01Z	GUNSEAT	1125	drumlin	42070	B	C	core_destroyed	143
2026-08-12T03:50:03Z	GUNSEAT	1126	fjordgate	42070	A	C	core_destroyed	256
2026-08-12T03:50:04Z	GUNSEAT	1127	fjordgate	42070	B	C	core_destroyed	247
2026-08-12T03:50:06Z	GUNSEAT	1128	heart	42070	A	C	core_destroyed	102
2026-08-12T03:50:10Z	GUNSEAT	1129	heart	42070	B	T	tiebreak	1000
2026-08-12T03:50:12Z	GUNSEAT	1130	hive	42070	A	C	core_destroyed	221
2026-08-12T03:50:16Z	GUNSEAT	1131	hive	42070	B	C	core_destroyed	285
2026-08-12T03:50:18Z	GUNSEAT	1132	meander	42070	A	T	core_destroyed	244
2026-08-12T03:50:19Z	GUNSEAT	1133	meander	42070	B	C	core_destroyed	256
2026-08-12T03:50:21Z	GUNSEAT	1134	nordkap	42070	A	C	core_destroyed	207
2026-08-12T03:50:23Z	GUNSEAT	1135	nordkap	42070	B	C	core_destroyed	204
2026-08-12T03:50:24Z	GUNSEAT	1136	antler	42071	A	T	core_destroyed	121
2026-08-12T03:50:27Z	GUNSEAT	1137	antler	42071	B	C	core_destroyed	243
2026-08-12T03:50:28Z	GUNSEAT	1138	atoll	42071	A	T	core_destroyed	144
2026-08-12T03:50:30Z	GUNSEAT	1139	atoll	42071	B	C	core_destroyed	321
2026-08-12T03:50:33Z	GUNSEAT	1140	drumlin	42071	A	C	core_destroyed	373
2026-08-12T03:50:36Z	GUNSEAT	1141	drumlin	42071	B	T	core_destroyed	317
2026-08-12T03:50:38Z	GUNSEAT	1142	fjordgate	42071	A	T	core_destroyed	173
2026-08-12T03:50:40Z	GUNSEAT	1143	fjordgate	42071	B	C	core_destroyed	238
2026-08-12T03:50:43Z	GUNSEAT	1144	heart	42071	A	T	core_destroyed	231
2026-08-12T03:50:45Z	GUNSEAT	1145	heart	42071	B	C	core_destroyed	132
2026-08-12T03:50:49Z	GUNSEAT	1146	hive	42071	A	T	core_destroyed	326
2026-08-12T03:50:51Z	GUNSEAT	1147	hive	42071	B	T	core_destroyed	205
2026-08-12T03:50:52Z	GUNSEAT	1148	meander	42071	A	C	core_destroyed	165
2026-08-12T03:50:54Z	GUNSEAT	1149	meander	42071	B	T	core_destroyed	179
2026-08-12T03:50:55Z	GUNSEAT	1150	nordkap	42071	A	T	core_destroyed	194
2026-08-12T03:50:57Z	GUNSEAT	1151	nordkap	42071	B	C	core_destroyed	168
2026-08-12T03:50:59Z	GUNSEAT	1152	antler	42072	A	T	core_destroyed	218
2026-08-12T03:51:01Z	GUNSEAT	1153	antler	42072	B	C	core_destroyed	197
2026-08-12T03:51:03Z	GUNSEAT	1154	atoll	42072	A	T	core_destroyed	208
2026-08-12T03:51:04Z	GUNSEAT	1155	atoll	42072	B	T	core_destroyed	172
2026-08-12T03:51:06Z	GUNSEAT	1156	drumlin	42072	A	T	core_destroyed	198
2026-08-12T03:51:10Z	GUNSEAT	1157	drumlin	42072	B	C	core_destroyed	480
2026-08-12T03:51:12Z	GUNSEAT	1158	fjordgate	42072	A	T	core_destroyed	338
2026-08-12T03:51:14Z	GUNSEAT	1159	fjordgate	42072	B	C	core_destroyed	365
2026-08-12T03:51:20Z	GUNSEAT	1160	heart	42072	A	T	core_destroyed	422
2026-08-12T03:51:25Z	GUNSEAT	1161	heart	42072	B	T	core_destroyed	538
2026-08-12T03:51:28Z	GUNSEAT	1162	hive	42072	A	T	core_destroyed	179
2026-08-12T03:51:31Z	GUNSEAT	1163	hive	42072	B	T	core_destroyed	254
2026-08-12T03:51:33Z	GUNSEAT	1164	meander	42072	A	T	core_destroyed	196
2026-08-12T03:51:35Z	GUNSEAT	1165	meander	42072	B	T	core_destroyed	232
2026-08-12T03:51:36Z	GUNSEAT	1166	nordkap	42072	A	C	core_destroyed	122
2026-08-12T03:51:38Z	GUNSEAT	1167	nordkap	42072	B	T	core_destroyed	188
2026-08-12T03:51:40Z	GUNSEAT	1168	antler	42073	A	T	core_destroyed	163
2026-08-12T03:51:42Z	GUNSEAT	1169	antler	42073	B	C	core_destroyed	208
2026-08-12T03:51:44Z	GUNSEAT	1170	atoll	42073	A	C	core_destroyed	235
2026-08-12T03:51:45Z	GUNSEAT	1171	atoll	42073	B	T	core_destroyed	193
2026-08-12T03:51:47Z	GUNSEAT	1172	drumlin	42073	A	T	core_destroyed	172
2026-08-12T03:51:53Z	GUNSEAT	1173	drumlin	42073	B	T	core_destroyed	438
2026-08-12T03:51:54Z	GUNSEAT	1174	fjordgate	42073	A	C	core_destroyed	132
2026-08-12T03:51:55Z	GUNSEAT	1175	fjordgate	42073	B	T	core_destroyed	316
2026-08-12T03:51:58Z	GUNSEAT	1176	heart	42073	A	C	core_destroyed	208
2026-08-12T03:52:01Z	GUNSEAT	1177	heart	42073	B	T	core_destroyed	191
2026-08-12T03:52:03Z	GUNSEAT	1178	hive	42073	A	C	core_destroyed	152
2026-08-12T03:52:04Z	GUNSEAT	1179	hive	42073	B	C	core_destroyed	116
2026-08-12T03:52:07Z	GUNSEAT	1180	meander	42073	A	C	core_destroyed	239
2026-08-12T03:52:09Z	GUNSEAT	1181	meander	42073	B	T	core_destroyed	269
2026-08-12T03:52:11Z	GUNSEAT	1182	nordkap	42073	A	C	core_destroyed	185
2026-08-12T03:52:13Z	GUNSEAT	1183	nordkap	42073	B	T	core_destroyed	262
2026-08-12T03:52:15Z	GUNSEAT	1184	antler	42074	A	T	core_destroyed	355
2026-08-12T03:52:16Z	GUNSEAT	1185	antler	42074	B	C	core_destroyed	132
2026-08-12T03:52:18Z	GUNSEAT	1186	atoll	42074	A	T	core_destroyed	290
2026-08-12T03:52:21Z	GUNSEAT	1187	atoll	42074	B	C	core_destroyed	348
2026-08-12T03:52:23Z	GUNSEAT	1188	drumlin	42074	A	T	core_destroyed	211
2026-08-12T03:52:31Z	GUNSEAT	1189	drumlin	42074	B	T	core_destroyed	607
2026-08-12T03:52:33Z	GUNSEAT	1190	fjordgate	42074	A	T	core_destroyed	298
2026-08-12T03:52:34Z	GUNSEAT	1191	fjordgate	42074	B	T	core_destroyed	181
2026-08-12T03:52:40Z	GUNSEAT	1192	heart	42074	A	T	core_destroyed	406
2026-08-12T03:52:43Z	GUNSEAT	1193	heart	42074	B	T	core_destroyed	198
2026-08-12T03:52:46Z	GUNSEAT	1194	hive	42074	A	C	core_destroyed	208
2026-08-12T03:52:49Z	GUNSEAT	1195	hive	42074	B	C	core_destroyed	248
2026-08-12T03:52:51Z	GUNSEAT	1196	meander	42074	A	T	core_destroyed	295
2026-08-12T03:52:52Z	GUNSEAT	1197	meander	42074	B	T	core_destroyed	136
2026-08-12T03:52:55Z	GUNSEAT	1198	nordkap	42074	A	C	core_destroyed	296
2026-08-12T03:52:56Z	GUNSEAT	1199	nordkap	42074	B	C	core_destroyed	183
2026-08-12T03:52:58Z	GUNSEAT	1200	antler	42075	A	T	core_destroyed	236
2026-08-12T03:53:00Z	GUNSEAT	1201	antler	42075	B	C	core_destroyed	215
2026-08-12T03:53:02Z	GUNSEAT	1202	atoll	42075	A	T	core_destroyed	170
2026-08-12T03:53:03Z	GUNSEAT	1203	atoll	42075	B	T	core_destroyed	393
2026-08-12T03:53:10Z	GUNSEAT	1204	drumlin	42075	A	C	core_destroyed	598
2026-08-12T03:53:11Z	GUNSEAT	1205	drumlin	42075	B	C	core_destroyed	159
2026-08-12T03:53:12Z	GUNSEAT	1206	fjordgate	42075	A	C	core_destroyed	204
2026-08-12T03:53:14Z	GUNSEAT	1207	fjordgate	42075	B	C	core_destroyed	145
2026-08-12T03:53:15Z	GUNSEAT	1208	heart	42075	A	T	core_destroyed	131
2026-08-12T03:53:20Z	GUNSEAT	1209	heart	42075	B	C	core_destroyed	478
2026-08-12T03:53:29Z	GUNSEAT	1210	hive	42075	A	T	core_destroyed	676
2026-08-12T03:53:33Z	GUNSEAT	1211	hive	42075	B	T	core_destroyed	228
2026-08-12T03:53:35Z	GUNSEAT	1212	meander	42075	A	T	core_destroyed	252
2026-08-12T03:53:36Z	GUNSEAT	1213	meander	42075	B	T	core_destroyed	154
2026-08-12T03:53:39Z	GUNSEAT	1214	nordkap	42075	A	C	core_destroyed	266
2026-08-12T03:53:43Z	GUNSEAT	1215	nordkap	42075	B	T	core_destroyed	823
2026-08-12T03:53:46Z	GUNSEAT	1216	antler	42076	A	C	core_destroyed	373
2026-08-12T03:53:47Z	GUNSEAT	1217	antler	42076	B	T	core_destroyed	199
2026-08-12T03:53:52Z	GUNSEAT	1218	atoll	42076	A	C	core_destroyed	428
2026-08-12T03:53:55Z	GUNSEAT	1219	atoll	42076	B	C	core_destroyed	359
2026-08-12T03:53:57Z	GUNSEAT	1220	drumlin	42076	A	C	core_destroyed	131
2026-08-12T03:54:00Z	GUNSEAT	1221	drumlin	42076	B	C	core_destroyed	204
2026-08-12T03:54:01Z	GUNSEAT	1222	fjordgate	42076	A	C	core_destroyed	165
2026-08-12T03:54:03Z	GUNSEAT	1223	fjordgate	42076	B	T	core_destroyed	635
2026-08-12T03:54:05Z	GUNSEAT	1224	heart	42076	A	T	core_destroyed	173
2026-08-12T03:54:08Z	GUNSEAT	1225	heart	42076	B	C	core_destroyed	137
2026-08-12T03:54:13Z	GUNSEAT	1226	hive	42076	A	T	core_destroyed	336
2026-08-12T03:54:15Z	GUNSEAT	1227	hive	42076	B	T	core_destroyed	136
2026-08-12T03:54:18Z	GUNSEAT	1228	meander	42076	A	C	core_destroyed	296
2026-08-12T03:54:19Z	GUNSEAT	1229	meander	42076	B	T	core_destroyed	227
2026-08-12T03:54:22Z	GUNSEAT	1230	nordkap	42076	A	C	core_destroyed	278
2026-08-12T03:54:23Z	GUNSEAT	1231	nordkap	42076	B	C	core_destroyed	146
2026-08-12T03:54:25Z	GUNSEAT	1232	antler	42077	A	C	core_destroyed	204
2026-08-12T03:54:28Z	GUNSEAT	1233	antler	42077	B	C	core_destroyed	274
2026-08-12T03:54:29Z	GUNSEAT	1234	atoll	42077	A	C	core_destroyed	92
2026-08-12T03:54:31Z	GUNSEAT	1235	atoll	42077	B	C	core_destroyed	148
2026-08-12T03:54:36Z	GUNSEAT	1236	drumlin	42077	A	C	core_destroyed	326
2026-08-12T03:54:41Z	GUNSEAT	1237	drumlin	42077	B	T	core_destroyed	369
2026-08-12T03:54:42Z	GUNSEAT	1238	fjordgate	42077	A	T	core_destroyed	422
2026-08-12T03:54:44Z	GUNSEAT	1239	fjordgate	42077	B	C	core_destroyed	155
2026-08-12T03:54:45Z	GUNSEAT	1240	heart	42077	A	T	core_destroyed	98
2026-08-12T03:54:47Z	GUNSEAT	1241	heart	42077	B	T	core_destroyed	193
2026-08-12T03:54:49Z	GUNSEAT	1242	hive	42077	A	T	core_destroyed	178
2026-08-12T03:54:52Z	GUNSEAT	1243	hive	42077	B	C	core_destroyed	208
2026-08-12T03:54:54Z	GUNSEAT	1244	meander	42077	A	C	core_destroyed	244
2026-08-12T03:54:56Z	GUNSEAT	1245	meander	42077	B	T	core_destroyed	147
2026-08-12T03:54:59Z	GUNSEAT	1246	nordkap	42077	A	C	core_destroyed	429
2026-08-12T03:55:00Z	GUNSEAT	1247	nordkap	42077	B	C	core_destroyed	159
2026-08-12T03:55:02Z	GUNSEAT	1248	antler	42078	A	T	core_destroyed	196
2026-08-12T03:55:04Z	GUNSEAT	1249	antler	42078	B	C	core_destroyed	103
2026-08-12T03:55:06Z	GUNSEAT	1250	atoll	42078	A	C	core_destroyed	300
2026-08-12T03:55:09Z	GUNSEAT	1251	atoll	42078	B	C	core_destroyed	422
2026-08-12T03:55:11Z	GUNSEAT	1252	drumlin	42078	A	C	core_destroyed	145
2026-08-12T03:55:14Z	GUNSEAT	1253	drumlin	42078	B	C	core_destroyed	405
2026-08-12T03:55:15Z	GUNSEAT	1254	fjordgate	42078	A	T	core_destroyed	123
2026-08-12T03:55:19Z	GUNSEAT	1255	fjordgate	42078	B	T	core_destroyed	949
2026-08-12T03:55:21Z	GUNSEAT	1256	heart	42078	A	T	core_destroyed	166
2026-08-12T03:55:24Z	GUNSEAT	1257	heart	42078	B	C	core_destroyed	205
2026-08-12T03:55:27Z	GUNSEAT	1258	hive	42078	A	T	core_destroyed	175
2026-08-12T03:55:28Z	GUNSEAT	1259	hive	42078	B	C	core_destroyed	106
2026-08-12T03:55:29Z	GUNSEAT	1260	meander	42078	A	C	core_destroyed	116
2026-08-12T03:55:33Z	GUNSEAT	1261	meander	42078	B	C	core_destroyed	329
2026-08-12T03:55:34Z	GUNSEAT	1262	nordkap	42078	A	T	core_destroyed	124
2026-08-12T03:55:35Z	GUNSEAT	1263	nordkap	42078	B	C	core_destroyed	153
2026-08-12T03:55:37Z	GUNSEAT	1264	antler	42079	A	T	core_destroyed	168
2026-08-12T03:55:39Z	GUNSEAT	1265	antler	42079	B	T	tiebreak	1000
2026-08-12T03:55:42Z	GUNSEAT	1266	atoll	42079	A	C	core_destroyed	300
2026-08-12T03:55:43Z	GUNSEAT	1267	atoll	42079	B	T	core_destroyed	89
2026-08-12T03:55:46Z	GUNSEAT	1268	drumlin	42079	A	T	core_destroyed	310
2026-08-12T03:55:48Z	GUNSEAT	1269	drumlin	42079	B	C	core_destroyed	183
2026-08-12T03:55:50Z	GUNSEAT	1270	fjordgate	42079	A	T	core_destroyed	168
2026-08-12T03:55:51Z	GUNSEAT	1271	fjordgate	42079	B	C	core_destroyed	134
2026-08-12T03:55:58Z	GUNSEAT	1272	heart	42079	A	T	tiebreak	1000
2026-08-12T03:56:03Z	GUNSEAT	1273	heart	42079	B	C	core_destroyed	370
2026-08-12T03:56:05Z	GUNSEAT	1274	hive	42079	A	T	core_destroyed	195
2026-08-12T03:56:07Z	GUNSEAT	1275	hive	42079	B	C	core_destroyed	215
2026-08-12T03:56:11Z	GUNSEAT	1276	meander	42079	A	T	core_destroyed	673
2026-08-12T03:56:13Z	GUNSEAT	1277	meander	42079	B	C	core_destroyed	132
2026-08-12T03:56:15Z	GUNSEAT	1278	nordkap	42079	A	T	core_destroyed	278
2026-08-12T03:56:18Z	GUNSEAT	1279	nordkap	42079	B	C	core_destroyed	235
2026-08-12T03:56:20Z	GUNSEAT	1280	antler	42080	A	C	core_destroyed	275
2026-08-12T03:56:22Z	GUNSEAT	1281	antler	42080	B	C	core_destroyed	314
2026-08-12T03:56:24Z	GUNSEAT	1282	atoll	42080	A	T	core_destroyed	211
2026-08-12T03:56:28Z	GUNSEAT	1283	atoll	42080	B	C	core_destroyed	540
2026-08-12T03:56:31Z	GUNSEAT	1284	drumlin	42080	A	C	core_destroyed	242
2026-08-12T03:56:33Z	GUNSEAT	1285	drumlin	42080	B	T	core_destroyed	199
2026-08-12T03:56:34Z	GUNSEAT	1286	fjordgate	42080	A	C	core_destroyed	251
2026-08-12T03:56:35Z	GUNSEAT	1287	fjordgate	42080	B	C	core_destroyed	155
2026-08-12T03:56:37Z	GUNSEAT	1288	heart	42080	A	C	core_destroyed	117
2026-08-12T03:56:39Z	GUNSEAT	1289	heart	42080	B	T	core_destroyed	154
2026-08-12T03:56:41Z	GUNSEAT	1290	hive	42080	A	T	core_destroyed	125
2026-08-12T03:56:43Z	GUNSEAT	1291	hive	42080	B	C	core_destroyed	267
2026-08-12T03:56:45Z	GUNSEAT	1292	meander	42080	A	C	core_destroyed	186
2026-08-12T03:56:47Z	GUNSEAT	1293	meander	42080	B	T	core_destroyed	338
2026-08-12T03:56:49Z	GUNSEAT	1294	nordkap	42080	A	C	core_destroyed	164
2026-08-12T03:56:52Z	GUNSEAT	1295	nordkap	42080	B	C	core_destroyed	341
2026-08-12T03:56:54Z	GUNSEAT	1296	antler	42081	A	C	core_destroyed	214
2026-08-12T03:56:56Z	GUNSEAT	1297	antler	42081	B	C	core_destroyed	763
2026-08-12T03:56:57Z	GUNSEAT	1298	atoll	42081	A	T	core_destroyed	146
2026-08-12T03:56:58Z	GUNSEAT	1299	atoll	42081	B	T	core_destroyed	151
2026-08-12T03:57:04Z	GUNSEAT	1300	drumlin	42081	A	T	core_destroyed	519
2026-08-12T03:57:06Z	GUNSEAT	1301	drumlin	42081	B	T	core_destroyed	225
2026-08-12T03:57:08Z	GUNSEAT	1302	fjordgate	42081	A	C	core_destroyed	330
2026-08-12T03:57:11Z	GUNSEAT	1303	fjordgate	42081	B	T	tiebreak	1000
2026-08-12T03:57:15Z	GUNSEAT	1304	heart	42081	A	C	core_destroyed	200
2026-08-12T03:57:17Z	GUNSEAT	1305	heart	42081	B	T	core_destroyed	154
2026-08-12T03:57:21Z	GUNSEAT	1306	hive	42081	A	T	core_destroyed	307
2026-08-12T03:57:24Z	GUNSEAT	1307	hive	42081	B	C	core_destroyed	223
2026-08-12T03:57:26Z	GUNSEAT	1308	meander	42081	A	T	core_destroyed	176
2026-08-12T03:57:27Z	GUNSEAT	1309	meander	42081	B	C	core_destroyed	143
2026-08-12T03:57:28Z	GUNSEAT	1310	nordkap	42081	A	T	core_destroyed	126
2026-08-12T03:57:32Z	GUNSEAT	1311	nordkap	42081	B	T	core_destroyed	569
2026-08-12T03:57:34Z	GUNSEAT	1312	antler	42082	A	T	core_destroyed	331
2026-08-12T03:57:36Z	GUNSEAT	1313	antler	42082	B	T	core_destroyed	206
2026-08-12T03:57:37Z	GUNSEAT	1314	atoll	42082	A	C	core_destroyed	134
2026-08-12T03:57:39Z	GUNSEAT	1315	atoll	42082	B	T	core_destroyed	255
2026-08-12T03:57:45Z	GUNSEAT	1316	drumlin	42082	A	C	core_destroyed	482
2026-08-12T03:57:48Z	GUNSEAT	1317	drumlin	42082	B	T	core_destroyed	280
2026-08-12T03:57:50Z	GUNSEAT	1318	fjordgate	42082	A	T	core_destroyed	565
2026-08-12T03:57:51Z	GUNSEAT	1319	fjordgate	42082	B	T	core_destroyed	322
2026-08-12T03:57:55Z	GUNSEAT	1320	heart	42082	A	T	core_destroyed	238
2026-08-12T03:57:57Z	GUNSEAT	1321	heart	42082	B	C	core_destroyed	193
2026-08-12T03:58:03Z	GUNSEAT	1322	hive	42082	A	C	core_destroyed	455
2026-08-12T03:58:07Z	GUNSEAT	1323	hive	42082	B	T	core_destroyed	298
2026-08-12T03:58:08Z	GUNSEAT	1324	meander	42082	A	T	core_destroyed	162
2026-08-12T03:58:09Z	GUNSEAT	1325	meander	42082	B	T	core_destroyed	189
2026-08-12T03:58:11Z	GUNSEAT	1326	nordkap	42082	A	C	core_destroyed	163
2026-08-12T03:58:12Z	GUNSEAT	1327	nordkap	42082	B	C	core_destroyed	156
2026-08-12T03:58:14Z	GUNSEAT	1328	antler	42083	A	T	core_destroyed	130
2026-08-12T03:58:16Z	GUNSEAT	1329	antler	42083	B	C	core_destroyed	214
2026-08-12T03:58:17Z	GUNSEAT	1330	atoll	42083	A	C	core_destroyed	148
2026-08-12T03:58:20Z	GUNSEAT	1331	atoll	42083	B	C	core_destroyed	823
2026-08-12T03:58:22Z	GUNSEAT	1332	drumlin	42083	A	T	core_destroyed	218
2026-08-12T03:58:26Z	GUNSEAT	1333	drumlin	42083	B	C	core_destroyed	446
2026-08-12T03:58:28Z	GUNSEAT	1334	fjordgate	42083	A	T	core_destroyed	212
2026-08-12T03:58:29Z	GUNSEAT	1335	fjordgate	42083	B	T	core_destroyed	228
2026-08-12T03:58:31Z	GUNSEAT	1336	heart	42083	A	T	core_destroyed	109
2026-08-12T03:58:32Z	GUNSEAT	1337	heart	42083	B	T	core_destroyed	108
2026-08-12T03:58:34Z	GUNSEAT	1338	hive	42083	A	T	core_destroyed	128
2026-08-12T03:58:37Z	GUNSEAT	1339	hive	42083	B	T	core_destroyed	258
2026-08-12T03:58:39Z	GUNSEAT	1340	meander	42083	A	T	core_destroyed	277
2026-08-12T03:58:41Z	GUNSEAT	1341	meander	42083	B	C	core_destroyed	234
2026-08-12T03:58:42Z	GUNSEAT	1342	nordkap	42083	A	T	core_destroyed	132
2026-08-12T03:58:43Z	GUNSEAT	1343	nordkap	42083	B	T	core_destroyed	202
2026-08-12T03:58:45Z	GUNSEAT	1344	antler	42084	A	C	core_destroyed	120
2026-08-12T03:58:46Z	GUNSEAT	1345	antler	42084	B	C	core_destroyed	159
2026-08-12T03:58:48Z	GUNSEAT	1346	atoll	42084	A	T	core_destroyed	230
2026-08-12T03:58:51Z	GUNSEAT	1347	atoll	42084	B	C	tiebreak	1000
2026-08-12T03:58:55Z	GUNSEAT	1348	drumlin	42084	A	T	core_destroyed	442
2026-08-12T03:58:57Z	GUNSEAT	1349	drumlin	42084	B	C	core_destroyed	164
2026-08-12T03:58:58Z	GUNSEAT	1350	fjordgate	42084	A	T	core_destroyed	246
2026-08-12T03:58:59Z	GUNSEAT	1351	fjordgate	42084	B	T	core_destroyed	145
2026-08-12T03:59:06Z	GUNSEAT	1352	heart	42084	A	T	core_destroyed	420
2026-08-12T03:59:08Z	GUNSEAT	1353	heart	42084	B	T	core_destroyed	146
2026-08-12T03:59:11Z	GUNSEAT	1354	hive	42084	A	T	core_destroyed	239
2026-08-12T03:59:12Z	GUNSEAT	1355	hive	42084	B	T	core_destroyed	121
2026-08-12T03:59:14Z	GUNSEAT	1356	meander	42084	A	C	core_destroyed	163
2026-08-12T03:59:16Z	GUNSEAT	1357	meander	42084	B	C	core_destroyed	553
2026-08-12T03:59:18Z	GUNSEAT	1358	nordkap	42084	A	C	core_destroyed	293
2026-08-12T03:59:20Z	GUNSEAT	1359	nordkap	42084	B	T	core_destroyed	202
2026-08-12T03:59:21Z	GUNSEAT	1360	antler	42085	A	T	core_destroyed	100
2026-08-12T03:59:23Z	GUNSEAT	1361	antler	42085	B	T	core_destroyed	501
2026-08-12T03:59:34Z	GUNSEAT	1362	atoll	42085	A	C	tiebreak	1000
2026-08-12T03:59:36Z	GUNSEAT	1363	atoll	42085	B	T	core_destroyed	280
2026-08-12T03:59:38Z	GUNSEAT	1364	drumlin	42085	A	C	core_destroyed	120
2026-08-12T03:59:39Z	GUNSEAT	1365	drumlin	42085	B	C	core_destroyed	125
2026-08-12T03:59:40Z	GUNSEAT	1366	fjordgate	42085	A	T	core_destroyed	106
2026-08-12T03:59:42Z	GUNSEAT	1367	fjordgate	42085	B	T	core_destroyed	302
2026-08-12T03:59:44Z	GUNSEAT	1368	heart	42085	A	C	core_destroyed	113
2026-08-12T03:59:48Z	GUNSEAT	1369	heart	42085	B	T	core_destroyed	207
2026-08-12T03:59:50Z	GUNSEAT	1370	hive	42085	A	T	core_destroyed	168
2026-08-12T03:59:56Z	GUNSEAT	1371	hive	42085	B	C	core_destroyed	418
2026-08-12T03:59:57Z	GUNSEAT	1372	meander	42085	A	T	core_destroyed	154
2026-08-12T03:59:59Z	GUNSEAT	1373	meander	42085	B	C	core_destroyed	148
2026-08-12T04:00:02Z	GUNSEAT	1374	nordkap	42085	A	C	core_destroyed	318
2026-08-12T04:00:04Z	GUNSEAT	1375	nordkap	42085	B	T	core_destroyed	208
2026-08-12T04:00:06Z	GUNSEAT	1376	antler	42086	A	T	core_destroyed	332
2026-08-12T04:00:08Z	GUNSEAT	1377	antler	42086	B	C	core_destroyed	160
2026-08-12T04:00:12Z	GUNSEAT	1378	atoll	42086	A	C	core_destroyed	466
2026-08-12T04:00:14Z	GUNSEAT	1379	atoll	42086	B	T	core_destroyed	132
2026-08-12T04:00:16Z	GUNSEAT	1380	drumlin	42086	A	T	core_destroyed	216
2026-08-12T04:00:21Z	GUNSEAT	1381	drumlin	42086	B	C	core_destroyed	392
2026-08-12T04:00:23Z	GUNSEAT	1382	fjordgate	42086	A	C	core_destroyed	463
2026-08-12T04:00:24Z	GUNSEAT	1383	fjordgate	42086	B	T	core_destroyed	187
2026-08-12T04:00:27Z	GUNSEAT	1384	heart	42086	A	T	core_destroyed	196
2026-08-12T04:00:31Z	GUNSEAT	1385	heart	42086	B	C	core_destroyed	270
2026-08-12T04:00:34Z	GUNSEAT	1386	hive	42086	A	T	core_destroyed	194
2026-08-12T04:00:40Z	GUNSEAT	1387	hive	42086	B	T	core_destroyed	390
2026-08-12T04:00:42Z	GUNSEAT	1388	meander	42086	A	C	core_destroyed	188
2026-08-12T04:00:43Z	GUNSEAT	1389	meander	42086	B	T	core_destroyed	156
2026-08-12T04:00:45Z	GUNSEAT	1390	nordkap	42086	A	T	core_destroyed	168
2026-08-12T04:00:47Z	GUNSEAT	1391	nordkap	42086	B	C	core_destroyed	249
2026-08-12T04:00:52Z	GUNSEAT	1392	antler	42087	A	T	core_destroyed	547
2026-08-12T04:00:53Z	GUNSEAT	1393	antler	42087	B	C	core_destroyed	130
2026-08-12T04:00:54Z	GUNSEAT	1394	atoll	42087	A	C	core_destroyed	83
2026-08-12T04:00:57Z	GUNSEAT	1395	atoll	42087	B	C	core_destroyed	207
2026-08-12T04:00:59Z	GUNSEAT	1396	drumlin	42087	A	T	core_destroyed	296
2026-08-12T04:01:01Z	GUNSEAT	1397	drumlin	42087	B	T	core_destroyed	115
2026-08-12T04:01:05Z	GUNSEAT	1398	fjordgate	42087	A	C	tiebreak	1000
2026-08-12T04:01:06Z	GUNSEAT	1399	fjordgate	42087	B	C	core_destroyed	253
2026-08-12T04:01:10Z	GUNSEAT	1400	heart	42087	A	T	core_destroyed	177
2026-08-12T04:01:12Z	GUNSEAT	1401	heart	42087	B	C	core_destroyed	137
2026-08-12T04:01:21Z	GUNSEAT	1402	hive	42087	A	C	tiebreak	1000
2026-08-12T04:01:23Z	GUNSEAT	1403	hive	42087	B	T	core_destroyed	145
2026-08-12T04:01:25Z	GUNSEAT	1404	meander	42087	A	C	core_destroyed	222
2026-08-12T04:01:26Z	GUNSEAT	1405	meander	42087	B	C	core_destroyed	141
2026-08-12T04:01:28Z	GUNSEAT	1406	nordkap	42087	A	C	core_destroyed	398
2026-08-12T04:01:30Z	GUNSEAT	1407	nordkap	42087	B	C	core_destroyed	211
2026-08-12T04:01:33Z	GUNSEAT	1408	antler	42088	A	T	core_destroyed	250
2026-08-12T04:01:35Z	GUNSEAT	1409	antler	42088	B	C	core_destroyed	328
2026-08-12T04:01:37Z	GUNSEAT	1410	atoll	42088	A	T	core_destroyed	202
2026-08-12T04:01:39Z	GUNSEAT	1411	atoll	42088	B	C	core_destroyed	326
2026-08-12T04:01:41Z	GUNSEAT	1412	drumlin	42088	A	C	core_destroyed	229
2026-08-12T04:01:50Z	GUNSEAT	1413	drumlin	42088	B	T	tiebreak	1000
2026-08-12T04:01:52Z	GUNSEAT	1414	fjordgate	42088	A	C	core_destroyed	422
2026-08-12T04:01:53Z	GUNSEAT	1415	fjordgate	42088	B	T	core_destroyed	201
2026-08-12T04:01:56Z	GUNSEAT	1416	heart	42088	A	C	core_destroyed	201
2026-08-12T04:01:59Z	GUNSEAT	1417	heart	42088	B	T	core_destroyed	164
2026-08-12T04:02:01Z	GUNSEAT	1418	hive	42088	A	C	core_destroyed	118
2026-08-12T04:02:03Z	GUNSEAT	1419	hive	42088	B	C	core_destroyed	228
2026-08-12T04:02:05Z	GUNSEAT	1420	meander	42088	A	T	core_destroyed	109
2026-08-12T04:02:07Z	GUNSEAT	1421	meander	42088	B	C	core_destroyed	187
2026-08-12T04:02:11Z	GUNSEAT	1422	nordkap	42088	A	T	core_destroyed	373
2026-08-12T04:02:13Z	GUNSEAT	1423	nordkap	42088	B	T	core_destroyed	272
2026-08-12T04:02:15Z	GUNSEAT	1424	antler	42089	A	C	core_destroyed	174
2026-08-12T04:02:16Z	GUNSEAT	1425	antler	42089	B	T	core_destroyed	160
2026-08-12T04:02:18Z	GUNSEAT	1426	atoll	42089	A	C	core_destroyed	215
2026-08-12T04:02:19Z	GUNSEAT	1427	atoll	42089	B	T	core_destroyed	148
2026-08-12T04:02:21Z	GUNSEAT	1428	drumlin	42089	A	C	core_destroyed	125
2026-08-12T04:02:23Z	GUNSEAT	1429	drumlin	42089	B	T	core_destroyed	271
2026-08-12T04:02:24Z	GUNSEAT	1430	fjordgate	42089	A	T	core_destroyed	140
2026-08-12T04:02:25Z	GUNSEAT	1431	fjordgate	42089	B	C	core_destroyed	103
2026-08-12T04:02:32Z	GUNSEAT	1432	heart	42089	A	C	core_destroyed	651
2026-08-12T04:02:36Z	GUNSEAT	1433	heart	42089	B	T	tiebreak	1000
2026-08-12T04:02:39Z	GUNSEAT	1434	hive	42089	A	T	core_destroyed	210
2026-08-12T04:02:41Z	GUNSEAT	1435	hive	42089	B	T	core_destroyed	241
2026-08-12T04:02:43Z	GUNSEAT	1436	meander	42089	A	T	core_destroyed	185
2026-08-12T04:02:44Z	GUNSEAT	1437	meander	42089	B	C	core_destroyed	182
2026-08-12T04:02:45Z	GUNSEAT	1438	nordkap	42089	A	T	core_destroyed	126
2026-08-12T04:02:47Z	GUNSEAT	1439	nordkap	42089	B	C	core_destroyed	164
2026-08-12T04:02:48Z	GUNSEAT	1440	antler	42090	A	T	core_destroyed	151
2026-08-12T04:02:50Z	GUNSEAT	1441	antler	42090	B	C	core_destroyed	213
2026-08-12T04:02:53Z	GUNSEAT	1442	atoll	42090	A	C	core_destroyed	236
2026-08-12T04:02:55Z	GUNSEAT	1443	atoll	42090	B	T	core_destroyed	701
2026-08-12T04:02:57Z	GUNSEAT	1444	drumlin	42090	A	C	core_destroyed	131
2026-08-12T04:03:00Z	GUNSEAT	1445	drumlin	42090	B	T	core_destroyed	274
2026-08-12T04:03:02Z	GUNSEAT	1446	fjordgate	42090	A	T	core_destroyed	142
2026-08-12T04:03:03Z	GUNSEAT	1447	fjordgate	42090	B	T	core_destroyed	167
2026-08-12T04:03:07Z	GUNSEAT	1448	heart	42090	A	C	core_destroyed	296
2026-08-12T04:03:10Z	GUNSEAT	1449	heart	42090	B	C	core_destroyed	173
2026-08-12T04:03:12Z	GUNSEAT	1450	hive	42090	A	T	core_destroyed	149
2026-08-12T04:03:15Z	GUNSEAT	1451	hive	42090	B	T	core_destroyed	257
2026-08-12T04:03:17Z	GUNSEAT	1452	meander	42090	A	T	core_destroyed	215
2026-08-12T04:03:19Z	GUNSEAT	1453	meander	42090	B	C	core_destroyed	332
2026-08-12T04:03:21Z	GUNSEAT	1454	nordkap	42090	A	C	core_destroyed	254
2026-08-12T04:03:23Z	GUNSEAT	1455	nordkap	42090	B	C	core_destroyed	202
2026-08-12T04:03:26Z	GUNSEAT	1456	antler	42091	A	C	core_destroyed	318
2026-08-12T04:03:27Z	GUNSEAT	1457	antler	42091	B	C	core_destroyed	147
2026-08-12T04:03:29Z	GUNSEAT	1458	atoll	42091	A	C	core_destroyed	665
2026-08-12T04:03:30Z	GUNSEAT	1459	atoll	42091	B	T	core_destroyed	118
2026-08-12T04:03:33Z	GUNSEAT	1460	drumlin	42091	A	T	core_destroyed	333
2026-08-12T04:03:36Z	GUNSEAT	1461	drumlin	42091	B	C	core_destroyed	205
2026-08-12T04:03:37Z	GUNSEAT	1462	fjordgate	42091	A	T	core_destroyed	371
2026-08-12T04:03:38Z	GUNSEAT	1463	fjordgate	42091	B	T	core_destroyed	147
2026-08-12T04:03:40Z	GUNSEAT	1464	heart	42091	A	C	core_destroyed	134
2026-08-12T04:03:44Z	GUNSEAT	1465	heart	42091	B	C	core_destroyed	241
2026-08-12T04:03:48Z	GUNSEAT	1466	hive	42091	A	C	core_destroyed	272
2026-08-12T04:03:50Z	GUNSEAT	1467	hive	42091	B	T	core_destroyed	162
2026-08-12T04:03:53Z	GUNSEAT	1468	meander	42091	A	C	core_destroyed	310
2026-08-12T04:03:54Z	GUNSEAT	1469	meander	42091	B	T	core_destroyed	178
2026-08-12T04:03:55Z	GUNSEAT	1470	nordkap	42091	A	T	core_destroyed	159
2026-08-12T04:03:57Z	GUNSEAT	1471	nordkap	42091	B	C	core_destroyed	154
2026-08-12T04:04:00Z	GUNSEAT	1472	antler	42092	A	C	core_destroyed	319
2026-08-12T04:04:01Z	GUNSEAT	1473	antler	42092	B	C	core_destroyed	232
2026-08-12T04:04:04Z	GUNSEAT	1474	atoll	42092	A	C	core_destroyed	367
2026-08-12T04:04:08Z	GUNSEAT	1475	atoll	42092	B	C	core_destroyed	420
2026-08-12T04:04:09Z	GUNSEAT	1476	drumlin	42092	A	T	core_destroyed	97
2026-08-12T04:04:11Z	GUNSEAT	1477	drumlin	42092	B	C	core_destroyed	188
2026-08-12T04:04:12Z	GUNSEAT	1478	fjordgate	42092	A	T	core_destroyed	183
2026-08-12T04:04:13Z	GUNSEAT	1479	fjordgate	42092	B	T	core_destroyed	189
2026-08-12T04:04:15Z	GUNSEAT	1480	heart	42092	A	T	core_destroyed	105
2026-08-12T04:04:17Z	GUNSEAT	1481	heart	42092	B	T	core_destroyed	108
2026-08-12T04:04:19Z	GUNSEAT	1482	hive	42092	A	C	core_destroyed	175
2026-08-12T04:04:23Z	GUNSEAT	1483	hive	42092	B	C	core_destroyed	361
2026-08-12T04:04:24Z	GUNSEAT	1484	meander	42092	A	C	core_destroyed	88
2026-08-12T04:04:25Z	GUNSEAT	1485	meander	42092	B	T	core_destroyed	158
2026-08-12T04:04:27Z	GUNSEAT	1486	nordkap	42092	A	T	core_destroyed	196
2026-08-12T04:04:29Z	GUNSEAT	1487	nordkap	42092	B	C	core_destroyed	159
2026-08-12T04:04:31Z	GUNSEAT	1488	antler	42093	A	C	core_destroyed	206
2026-08-12T04:04:34Z	GUNSEAT	1489	antler	42093	B	T	core_destroyed	312
2026-08-12T04:04:35Z	GUNSEAT	1490	atoll	42093	A	C	core_destroyed	170
2026-08-12T04:04:39Z	GUNSEAT	1491	atoll	42093	B	T	core_destroyed	477
2026-08-12T04:04:41Z	GUNSEAT	1492	drumlin	42093	A	C	core_destroyed	130
2026-08-12T04:04:44Z	GUNSEAT	1493	drumlin	42093	B	T	core_destroyed	273
2026-08-12T04:04:47Z	GUNSEAT	1494	fjordgate	42093	A	C	core_destroyed	997
2026-08-12T04:04:48Z	GUNSEAT	1495	fjordgate	42093	B	C	core_destroyed	137
2026-08-12T04:04:52Z	GUNSEAT	1496	heart	42093	A	T	core_destroyed	338
2026-08-12T04:04:56Z	GUNSEAT	1497	heart	42093	B	T	core_destroyed	442
2026-08-12T04:05:02Z	GUNSEAT	1498	hive	42093	A	T	core_destroyed	479
2026-08-12T04:05:05Z	GUNSEAT	1499	hive	42093	B	C	core_destroyed	213
2026-08-12T04:05:07Z	GUNSEAT	1500	meander	42093	A	T	tiebreak	1000
2026-08-12T04:05:08Z	GUNSEAT	1501	meander	42093	B	T	core_destroyed	132
2026-08-12T04:05:10Z	GUNSEAT	1502	nordkap	42093	A	C	core_destroyed	206
2026-08-12T04:05:12Z	GUNSEAT	1503	nordkap	42093	B	C	core_destroyed	223
2026-08-12T04:05:14Z	GUNSEAT	1504	antler	42094	A	T	core_destroyed	358
2026-08-12T04:05:16Z	GUNSEAT	1505	antler	42094	B	C	core_destroyed	126
2026-08-12T04:05:19Z	GUNSEAT	1506	atoll	42094	A	C	core_destroyed	357
2026-08-12T04:05:20Z	GUNSEAT	1507	atoll	42094	B	T	core_destroyed	113
2026-08-12T04:05:22Z	GUNSEAT	1508	drumlin	42094	A	T	core_destroyed	146
2026-08-12T04:05:23Z	GUNSEAT	1509	drumlin	42094	B	T	core_destroyed	101
2026-08-12T04:05:24Z	GUNSEAT	1510	fjordgate	42094	A	T	core_destroyed	308
2026-08-12T04:05:25Z	GUNSEAT	1511	fjordgate	42094	B	C	core_destroyed	128
2026-08-12T04:05:27Z	GUNSEAT	1512	heart	42094	A	T	core_destroyed	131
2026-08-12T04:05:29Z	GUNSEAT	1513	heart	42094	B	C	core_destroyed	197
2026-08-12T04:05:31Z	GUNSEAT	1514	hive	42094	A	C	core_destroyed	149
2026-08-12T04:05:39Z	GUNSEAT	1515	hive	42094	B	T	core_destroyed	595
2026-08-12T04:05:41Z	GUNSEAT	1516	meander	42094	A	T	core_destroyed	273
2026-08-12T04:05:42Z	GUNSEAT	1517	meander	42094	B	C	core_destroyed	160
2026-08-12T04:05:44Z	GUNSEAT	1518	nordkap	42094	A	T	core_destroyed	195
2026-08-12T04:05:46Z	GUNSEAT	1519	nordkap	42094	B	T	core_destroyed	240
2026-08-12T04:05:49Z	GUNSEAT	1520	antler	42095	A	T	core_destroyed	305
2026-08-12T04:05:50Z	GUNSEAT	1521	antler	42095	B	C	core_destroyed	123
2026-08-12T04:05:51Z	GUNSEAT	1522	atoll	42095	A	T	core_destroyed	142
2026-08-12T04:05:54Z	GUNSEAT	1523	atoll	42095	B	C	core_destroyed	290
2026-08-12T04:05:57Z	GUNSEAT	1524	drumlin	42095	A	T	core_destroyed	340
2026-08-12T04:06:01Z	GUNSEAT	1525	drumlin	42095	B	C	core_destroyed	341
2026-08-12T04:06:02Z	GUNSEAT	1526	fjordgate	42095	A	T	core_destroyed	283
2026-08-12T04:06:03Z	GUNSEAT	1527	fjordgate	42095	B	C	core_destroyed	141
2026-08-12T04:06:07Z	GUNSEAT	1528	heart	42095	A	T	core_destroyed	280
2026-08-12T04:06:20Z	GUNSEAT	1529	heart	42095	B	C	core_destroyed	986
2026-08-12T04:06:26Z	GUNSEAT	1530	hive	42095	A	C	core_destroyed	428
2026-08-12T04:06:31Z	GUNSEAT	1531	hive	42095	B	C	core_destroyed	364
2026-08-12T04:06:32Z	GUNSEAT	1532	meander	42095	A	C	core_destroyed	116
2026-08-12T04:06:33Z	GUNSEAT	1533	meander	42095	B	C	core_destroyed	158
2026-08-12T04:06:35Z	GUNSEAT	1534	nordkap	42095	A	T	core_destroyed	124
2026-08-12T04:06:37Z	GUNSEAT	1535	nordkap	42095	B	T	core_destroyed	260
2026-08-12T04:06:38Z	GUNSEAT	1536	antler	42096	A	T	core_destroyed	116
2026-08-12T04:06:40Z	GUNSEAT	1537	antler	42096	B	C	core_destroyed	194
2026-08-12T04:06:41Z	GUNSEAT	1538	atoll	42096	A	C	core_destroyed	178
2026-08-12T04:06:44Z	GUNSEAT	1539	atoll	42096	B	C	core_destroyed	431
2026-08-12T04:06:46Z	GUNSEAT	1540	drumlin	42096	A	T	core_destroyed	198
2026-08-12T04:06:52Z	GUNSEAT	1541	drumlin	42096	B	C	core_destroyed	444
2026-08-12T04:06:53Z	GUNSEAT	1542	fjordgate	42096	A	C	core_destroyed	136
2026-08-12T04:06:54Z	GUNSEAT	1543	fjordgate	42096	B	T	core_destroyed	220
2026-08-12T04:06:56Z	GUNSEAT	1544	heart	42096	A	C	core_destroyed	150
2026-08-12T04:07:00Z	GUNSEAT	1545	heart	42096	B	C	core_destroyed	278
2026-08-12T04:07:03Z	GUNSEAT	1546	hive	42096	A	C	core_destroyed	273
2026-08-12T04:07:06Z	GUNSEAT	1547	hive	42096	B	C	core_destroyed	176
2026-08-12T04:07:07Z	GUNSEAT	1548	meander	42096	A	C	core_destroyed	160
2026-08-12T04:07:09Z	GUNSEAT	1549	meander	42096	B	T	core_destroyed	212
2026-08-12T04:07:11Z	GUNSEAT	1550	nordkap	42096	A	C	core_destroyed	191
2026-08-12T04:07:13Z	GUNSEAT	1551	nordkap	42096	B	T	core_destroyed	259
2026-08-12T04:07:15Z	GUNSEAT	1552	antler	42097	A	T	core_destroyed	274
2026-08-12T04:07:16Z	GUNSEAT	1553	antler	42097	B	T	core_destroyed	124
2026-08-12T04:07:20Z	GUNSEAT	1554	atoll	42097	A	C	core_destroyed	418
2026-08-12T04:07:26Z	GUNSEAT	1555	atoll	42097	B	C	core_destroyed	602
2026-08-12T04:07:30Z	GUNSEAT	1556	drumlin	42097	A	C	core_destroyed	350
2026-08-12T04:07:37Z	GUNSEAT	1557	drumlin	42097	B	T	core_destroyed	477
2026-08-12T04:07:39Z	GUNSEAT	1558	fjordgate	42097	A	T	tiebreak	1000
2026-08-12T04:07:40Z	GUNSEAT	1559	fjordgate	42097	B	T	core_destroyed	877
2026-08-12T04:07:45Z	GUNSEAT	1560	heart	42097	A	T	core_destroyed	467
2026-08-12T04:07:46Z	GUNSEAT	1561	heart	42097	B	C	core_destroyed	107
2026-08-12T04:07:49Z	GUNSEAT	1562	hive	42097	A	T	core_destroyed	176
2026-08-12T04:07:54Z	GUNSEAT	1563	hive	42097	B	T	core_destroyed	301
2026-08-12T04:07:55Z	GUNSEAT	1564	meander	42097	A	T	core_destroyed	160
2026-08-12T04:07:57Z	GUNSEAT	1565	meander	42097	B	C	core_destroyed	169
2026-08-12T04:07:58Z	GUNSEAT	1566	nordkap	42097	A	C	core_destroyed	240
2026-08-12T04:08:02Z	GUNSEAT	1567	nordkap	42097	B	T	core_destroyed	897
2026-08-12T04:08:04Z	GUNSEAT	1568	antler	42098	A	C	core_destroyed	307
2026-08-12T04:08:05Z	GUNSEAT	1569	antler	42098	B	T	core_destroyed	84
2026-08-12T04:08:07Z	GUNSEAT	1570	atoll	42098	A	C	core_destroyed	360
2026-08-12T04:08:08Z	GUNSEAT	1571	atoll	42098	B	T	core_destroyed	130
2026-08-12T04:08:11Z	GUNSEAT	1572	drumlin	42098	A	T	core_destroyed	252
2026-08-12T04:08:16Z	GUNSEAT	1573	drumlin	42098	B	T	core_destroyed	369
2026-08-12T04:08:17Z	GUNSEAT	1574	fjordgate	42098	A	C	core_destroyed	155
2026-08-12T04:08:19Z	GUNSEAT	1575	fjordgate	42098	B	C	tiebreak	1000
2026-08-12T04:08:22Z	GUNSEAT	1576	heart	42098	A	C	core_destroyed	208
2026-08-12T04:08:42Z	GUNSEAT	1577	heart	42098	B	C	tiebreak	1000
2026-08-12T04:08:45Z	GUNSEAT	1578	hive	42098	A	T	core_destroyed	265
2026-08-12T04:08:48Z	GUNSEAT	1579	hive	42098	B	T	core_destroyed	242
2026-08-12T04:08:52Z	GUNSEAT	1580	meander	42098	A	T	core_destroyed	448
2026-08-12T04:08:54Z	GUNSEAT	1581	meander	42098	B	C	core_destroyed	239
2026-08-12T04:08:55Z	GUNSEAT	1582	nordkap	42098	A	T	core_destroyed	161
2026-08-12T04:08:56Z	GUNSEAT	1583	nordkap	42098	B	C	core_destroyed	200
2026-08-12T04:08:58Z	GUNSEAT	1584	antler	42099	A	T	core_destroyed	118
2026-08-12T04:08:59Z	GUNSEAT	1585	antler	42099	B	C	core_destroyed	289
2026-08-12T04:09:01Z	GUNSEAT	1586	atoll	42099	A	C	core_destroyed	228
2026-08-12T04:09:03Z	GUNSEAT	1587	atoll	42099	B	T	core_destroyed	118
2026-08-12T04:09:04Z	GUNSEAT	1588	drumlin	42099	A	T	core_destroyed	178
2026-08-12T04:09:07Z	GUNSEAT	1589	drumlin	42099	B	C	core_destroyed	257
2026-08-12T04:09:10Z	GUNSEAT	1590	fjordgate	42099	A	T	tiebreak	1000
2026-08-12T04:09:11Z	GUNSEAT	1591	fjordgate	42099	B	C	core_destroyed	173
2026-08-12T04:09:13Z	GUNSEAT	1592	heart	42099	A	T	core_destroyed	162
2026-08-12T04:09:17Z	GUNSEAT	1593	heart	42099	B	T	core_destroyed	229
2026-08-12T04:09:19Z	GUNSEAT	1594	hive	42099	A	T	core_destroyed	195
2026-08-12T04:09:22Z	GUNSEAT	1595	hive	42099	B	T	core_destroyed	196
2026-08-12T04:09:23Z	GUNSEAT	1596	meander	42099	A	C	core_destroyed	176
2026-08-12T04:09:26Z	GUNSEAT	1597	meander	42099	B	T	core_destroyed	339
2026-08-12T04:09:27Z	GUNSEAT	1598	nordkap	42099	A	T	core_destroyed	164
2026-08-12T04:09:30Z	GUNSEAT	1599	nordkap	42099	B	T	core_destroyed	216
2026-08-12T04:09:32Z	GUNSEAT	1600	antler	42100	A	T	core_destroyed	268
2026-08-12T04:09:34Z	GUNSEAT	1601	antler	42100	B	T	core_destroyed	204
2026-08-12T04:09:35Z	GUNSEAT	1602	atoll	42100	A	C	core_destroyed	122
2026-08-12T04:09:36Z	GUNSEAT	1603	atoll	42100	B	T	core_destroyed	122
2026-08-12T04:09:39Z	GUNSEAT	1604	drumlin	42100	A	T	core_destroyed	237
2026-08-12T04:09:41Z	GUNSEAT	1605	drumlin	42100	B	T	core_destroyed	179
2026-08-12T04:09:43Z	GUNSEAT	1606	fjordgate	42100	A	T	core_destroyed	156
2026-08-12T04:09:45Z	GUNSEAT	1607	fjordgate	42100	B	C	tiebreak	1000
2026-08-12T04:09:51Z	GUNSEAT	1608	heart	42100	A	C	core_destroyed	501
2026-08-12T04:09:55Z	GUNSEAT	1609	heart	42100	B	T	core_destroyed	207
2026-08-12T04:10:01Z	GUNSEAT	1610	hive	42100	A	T	core_destroyed	418
2026-08-12T04:10:05Z	GUNSEAT	1611	hive	42100	B	T	core_destroyed	288
2026-08-12T04:10:07Z	GUNSEAT	1612	meander	42100	A	C	core_destroyed	241
2026-08-12T04:10:08Z	GUNSEAT	1613	meander	42100	B	C	core_destroyed	161
2026-08-12T04:10:09Z	GUNSEAT	1614	nordkap	42100	A	T	core_destroyed	100
2026-08-12T04:10:11Z	GUNSEAT	1615	nordkap	42100	B	C	core_destroyed	148
2026-08-12T04:10:13Z	GUNSEAT	1616	antler	42101	A	T	core_destroyed	281
2026-08-12T04:10:15Z	GUNSEAT	1617	antler	42101	B	T	core_destroyed	146
2026-08-12T04:10:16Z	GUNSEAT	1618	atoll	42101	A	C	core_destroyed	181
2026-08-12T04:10:18Z	GUNSEAT	1619	atoll	42101	B	C	core_destroyed	194
2026-08-12T04:10:19Z	GUNSEAT	1620	drumlin	42101	A	T	core_destroyed	99
2026-08-12T04:10:22Z	GUNSEAT	1621	drumlin	42101	B	T	core_destroyed	253
2026-08-12T04:10:24Z	GUNSEAT	1622	fjordgate	42101	A	C	core_destroyed	165
2026-08-12T04:10:25Z	GUNSEAT	1623	fjordgate	42101	B	C	core_destroyed	119
2026-08-12T04:10:29Z	GUNSEAT	1624	heart	42101	A	T	core_destroyed	358
2026-08-12T04:10:30Z	GUNSEAT	1625	heart	42101	B	T	core_destroyed	104
2026-08-12T04:10:35Z	GUNSEAT	1626	hive	42101	A	T	core_destroyed	303
2026-08-12T04:10:37Z	GUNSEAT	1627	hive	42101	B	C	core_destroyed	206
2026-08-12T04:10:42Z	GUNSEAT	1628	meander	42101	A	C	core_destroyed	569
2026-08-12T04:10:43Z	GUNSEAT	1629	meander	42101	B	C	core_destroyed	140
2026-08-12T04:10:45Z	GUNSEAT	1630	nordkap	42101	A	T	core_destroyed	196
2026-08-12T04:10:47Z	GUNSEAT	1631	nordkap	42101	B	C	core_destroyed	169
2026-08-12T04:10:49Z	GUNSEAT	1632	antler	42102	A	T	core_destroyed	170
2026-08-12T04:10:52Z	GUNSEAT	1633	antler	42102	B	C	core_destroyed	230
2026-08-12T04:10:53Z	GUNSEAT	1634	atoll	42102	A	C	core_destroyed	154
2026-08-12T04:10:57Z	GUNSEAT	1635	atoll	42102	B	C	core_destroyed	345
2026-08-12T04:10:59Z	GUNSEAT	1636	drumlin	42102	A	C	core_destroyed	138
2026-08-12T04:11:02Z	GUNSEAT	1637	drumlin	42102	B	T	core_destroyed	319
2026-08-12T04:11:03Z	GUNSEAT	1638	fjordgate	42102	A	T	core_destroyed	155
2026-08-12T04:11:04Z	GUNSEAT	1639	fjordgate	42102	B	C	core_destroyed	160
2026-08-12T04:11:09Z	GUNSEAT	1640	heart	42102	A	C	core_destroyed	291
2026-08-12T04:11:14Z	GUNSEAT	1641	heart	42102	B	C	core_destroyed	538
2026-08-12T04:11:17Z	GUNSEAT	1642	hive	42102	A	T	core_destroyed	225
2026-08-12T04:11:22Z	GUNSEAT	1643	hive	42102	B	C	core_destroyed	300
2026-08-12T04:11:23Z	GUNSEAT	1644	meander	42102	A	C	core_destroyed	182
2026-08-12T04:11:25Z	GUNSEAT	1645	meander	42102	B	C	core_destroyed	171
2026-08-12T04:11:27Z	GUNSEAT	1646	nordkap	42102	A	T	core_destroyed	466
2026-08-12T04:11:29Z	GUNSEAT	1647	nordkap	42102	B	C	core_destroyed	283
2026-08-12T04:11:31Z	GUNSEAT	1648	antler	42103	A	T	tiebreak	228
2026-08-12T04:11:33Z	GUNSEAT	1649	antler	42103	B	C	core_destroyed	238
2026-08-12T04:11:37Z	GUNSEAT	1650	atoll	42103	A	C	core_destroyed	381
2026-08-12T04:11:40Z	GUNSEAT	1651	atoll	42103	B	C	tiebreak	1000
2026-08-12T04:11:42Z	GUNSEAT	1652	drumlin	42103	A	T	core_destroyed	161
2026-08-12T04:11:44Z	GUNSEAT	1653	drumlin	42103	B	T	core_destroyed	182
2026-08-12T04:11:45Z	GUNSEAT	1654	fjordgate	42103	A	T	core_destroyed	228
2026-08-12T04:11:47Z	GUNSEAT	1655	fjordgate	42103	B	C	core_destroyed	204
2026-08-12T04:11:50Z	GUNSEAT	1656	heart	42103	A	C	core_destroyed	176
2026-08-12T04:11:52Z	GUNSEAT	1657	heart	42103	B	C	core_destroyed	140
2026-08-12T04:11:56Z	GUNSEAT	1658	hive	42103	A	T	core_destroyed	327
2026-08-12T04:12:00Z	GUNSEAT	1659	hive	42103	B	T	core_destroyed	273
2026-08-12T04:12:02Z	GUNSEAT	1660	meander	42103	A	C	core_destroyed	214
2026-08-12T04:12:04Z	GUNSEAT	1661	meander	42103	B	T	core_destroyed	217
2026-08-12T04:12:07Z	GUNSEAT	1662	nordkap	42103	A	T	core_destroyed	276
2026-08-12T04:12:09Z	GUNSEAT	1663	nordkap	42103	B	T	core_destroyed	158
2026-08-12T04:12:11Z	GUNSEAT	1664	antler	42104	A	T	core_destroyed	253
2026-08-12T04:12:14Z	GUNSEAT	1665	antler	42104	B	C	core_destroyed	271
2026-08-12T04:12:17Z	GUNSEAT	1666	atoll	42104	A	T	core_destroyed	398
2026-08-12T04:12:18Z	GUNSEAT	1667	atoll	42104	B	C	core_destroyed	351
2026-08-12T04:12:20Z	GUNSEAT	1668	drumlin	42104	A	C	core_destroyed	145
2026-08-12T04:12:23Z	GUNSEAT	1669	drumlin	42104	B	C	core_destroyed	493
2026-08-12T04:12:26Z	GUNSEAT	1670	fjordgate	42104	A	T	core_destroyed	551
2026-08-12T04:12:27Z	GUNSEAT	1671	fjordgate	42104	B	T	core_destroyed	270
2026-08-12T04:12:29Z	GUNSEAT	1672	heart	42104	A	T	core_destroyed	213
2026-08-12T04:12:40Z	GUNSEAT	1673	heart	42104	B	T	tiebreak	1000
2026-08-12T04:12:43Z	GUNSEAT	1674	hive	42104	A	T	core_destroyed	218
2026-08-12T04:12:45Z	GUNSEAT	1675	hive	42104	B	C	core_destroyed	116
2026-08-12T04:12:47Z	GUNSEAT	1676	meander	42104	A	T	core_destroyed	195
2026-08-12T04:12:48Z	GUNSEAT	1677	meander	42104	B	C	core_destroyed	201
2026-08-12T04:12:51Z	GUNSEAT	1678	nordkap	42104	A	T	core_destroyed	300
2026-08-12T04:12:53Z	GUNSEAT	1679	nordkap	42104	B	T	core_destroyed	211
2026-08-12T04:12:55Z	GUNSEAT	1680	antler	42105	A	C	core_destroyed	235
2026-08-12T04:12:57Z	GUNSEAT	1681	antler	42105	B	C	core_destroyed	222
2026-08-12T04:13:01Z	GUNSEAT	1682	atoll	42105	A	C	core_destroyed	401
2026-08-12T04:13:03Z	GUNSEAT	1683	atoll	42105	B	T	core_destroyed	190
2026-08-12T04:13:04Z	GUNSEAT	1684	drumlin	42105	A	T	core_destroyed	129
2026-08-12T04:13:09Z	GUNSEAT	1685	drumlin	42105	B	T	core_destroyed	332
2026-08-12T04:13:11Z	GUNSEAT	1686	fjordgate	42105	A	C	core_destroyed	501
2026-08-12T04:13:12Z	GUNSEAT	1687	fjordgate	42105	B	C	core_destroyed	189
2026-08-12T04:13:14Z	GUNSEAT	1688	heart	42105	A	C	core_destroyed	118
2026-08-12T04:13:17Z	GUNSEAT	1689	heart	42105	B	T	core_destroyed	186
2026-08-12T04:13:20Z	GUNSEAT	1690	hive	42105	A	T	core_destroyed	238
2026-08-12T04:13:24Z	GUNSEAT	1691	hive	42105	B	C	core_destroyed	304
2026-08-12T04:13:27Z	GUNSEAT	1692	meander	42105	A	T	core_destroyed	252
2026-08-12T04:13:28Z	GUNSEAT	1693	meander	42105	B	T	core_destroyed	164
2026-08-12T04:13:30Z	GUNSEAT	1694	nordkap	42105	A	C	core_destroyed	272
2026-08-12T04:13:33Z	GUNSEAT	1695	nordkap	42105	B	T	core_destroyed	299
2026-08-12T04:13:35Z	GUNSEAT	1696	antler	42106	A	C	core_destroyed	451
2026-08-12T04:13:36Z	GUNSEAT	1697	antler	42106	B	C	core_destroyed	148
2026-08-12T04:13:39Z	GUNSEAT	1698	atoll	42106	A	C	core_destroyed	303
2026-08-12T04:13:41Z	GUNSEAT	1699	atoll	42106	B	C	core_destroyed	194
2026-08-12T04:13:43Z	GUNSEAT	1700	drumlin	42106	A	T	core_destroyed	142
2026-08-12T04:13:46Z	GUNSEAT	1701	drumlin	42106	B	T	core_destroyed	259
2026-08-12T04:13:47Z	GUNSEAT	1702	fjordgate	42106	A	T	core_destroyed	172
2026-08-12T04:13:49Z	GUNSEAT	1703	fjordgate	42106	B	C	core_destroyed	180
2026-08-12T04:13:52Z	GUNSEAT	1704	heart	42106	A	T	core_destroyed	239
2026-08-12T04:13:56Z	GUNSEAT	1705	heart	42106	B	T	core_destroyed	198
2026-08-12T04:13:58Z	GUNSEAT	1706	hive	42106	A	C	core_destroyed	161
2026-08-12T04:14:01Z	GUNSEAT	1707	hive	42106	B	C	core_destroyed	181
2026-08-12T04:14:02Z	GUNSEAT	1708	meander	42106	A	C	core_destroyed	134
2026-08-12T04:14:03Z	GUNSEAT	1709	meander	42106	B	C	core_destroyed	171
2026-08-12T04:14:05Z	GUNSEAT	1710	nordkap	42106	A	C	core_destroyed	220
2026-08-12T04:14:06Z	GUNSEAT	1711	nordkap	42106	B	T	core_destroyed	137
2026-08-12T04:14:08Z	GUNSEAT	1712	antler	42107	A	C	core_destroyed	301
2026-08-12T04:14:10Z	GUNSEAT	1713	antler	42107	B	T	core_destroyed	264
2026-08-12T04:14:12Z	GUNSEAT	1714	atoll	42107	A	T	core_destroyed	204
2026-08-12T04:14:14Z	GUNSEAT	1715	atoll	42107	B	C	core_destroyed	281
2026-08-12T04:14:15Z	GUNSEAT	1716	drumlin	42107	A	C	core_destroyed	86
2026-08-12T04:14:19Z	GUNSEAT	1717	drumlin	42107	B	C	core_destroyed	258
2026-08-12T04:14:20Z	GUNSEAT	1718	fjordgate	42107	A	C	core_destroyed	285
2026-08-12T04:14:22Z	GUNSEAT	1719	fjordgate	42107	B	C	core_destroyed	481
2026-08-12T04:14:42Z	GUNSEAT	1720	heart	42107	A	T	tiebreak	1000
2026-08-12T04:14:44Z	GUNSEAT	1721	heart	42107	B	T	core_destroyed	132
2026-08-12T04:14:46Z	GUNSEAT	1722	hive	42107	A	T	core_destroyed	163
2026-08-12T04:14:49Z	GUNSEAT	1723	hive	42107	B	T	core_destroyed	193
2026-08-12T04:14:50Z	GUNSEAT	1724	meander	42107	A	C	core_destroyed	265
2026-08-12T04:14:52Z	GUNSEAT	1725	meander	42107	B	T	core_destroyed	174
2026-08-12T04:14:56Z	GUNSEAT	1726	nordkap	42107	A	C	core_destroyed	364
2026-08-12T04:14:57Z	GUNSEAT	1727	nordkap	42107	B	T	core_destroyed	118
2026-08-12T04:15:00Z	GUNSEAT	1728	antler	42108	A	T	core_destroyed	231
2026-08-12T04:15:02Z	GUNSEAT	1729	antler	42108	B	C	core_destroyed	239
2026-08-12T04:15:04Z	GUNSEAT	1730	atoll	42108	A	C	core_destroyed	130
2026-08-12T04:15:05Z	GUNSEAT	1731	atoll	42108	B	C	core_destroyed	157
2026-08-12T04:15:09Z	GUNSEAT	1732	drumlin	42108	A	C	core_destroyed	253
2026-08-12T04:15:12Z	GUNSEAT	1733	drumlin	42108	B	C	core_destroyed	234
2026-08-12T04:15:13Z	GUNSEAT	1734	fjordgate	42108	A	T	core_destroyed	320
2026-08-12T04:15:15Z	GUNSEAT	1735	fjordgate	42108	B	T	core_destroyed	213
2026-08-12T04:15:16Z	GUNSEAT	1736	heart	42108	A	C	core_destroyed	131
2026-08-12T04:15:20Z	GUNSEAT	1737	heart	42108	B	T	core_destroyed	307
2026-08-12T04:15:22Z	GUNSEAT	1738	hive	42108	A	C	core_destroyed	117
2026-08-12T04:15:29Z	GUNSEAT	1739	hive	42108	B	T	core_destroyed	577
2026-08-12T04:15:32Z	GUNSEAT	1740	meander	42108	A	T	core_destroyed	340
2026-08-12T04:15:33Z	GUNSEAT	1741	meander	42108	B	C	core_destroyed	137
2026-08-12T04:15:36Z	GUNSEAT	1742	nordkap	42108	A	T	core_destroyed	250
2026-08-12T04:15:37Z	GUNSEAT	1743	nordkap	42108	B	C	core_destroyed	227
2026-08-12T04:15:40Z	GUNSEAT	1744	antler	42109	A	T	core_destroyed	655
2026-08-12T04:15:41Z	GUNSEAT	1745	antler	42109	B	C	tiebreak	155
2026-08-12T04:15:44Z	GUNSEAT	1746	atoll	42109	A	T	core_destroyed	322
2026-08-12T04:15:52Z	GUNSEAT	1747	atoll	42109	B	T	core_destroyed	703
2026-08-12T04:15:54Z	GUNSEAT	1748	drumlin	42109	A	T	core_destroyed	205
2026-08-12T04:15:56Z	GUNSEAT	1749	drumlin	42109	B	C	core_destroyed	203
2026-08-12T04:15:58Z	GUNSEAT	1750	fjordgate	42109	A	C	core_destroyed	376
2026-08-12T04:16:00Z	GUNSEAT	1751	fjordgate	42109	B	T	core_destroyed	409
2026-08-12T04:16:03Z	GUNSEAT	1752	heart	42109	A	C	core_destroyed	164
2026-08-12T04:16:05Z	GUNSEAT	1753	heart	42109	B	T	core_destroyed	187
2026-08-12T04:16:08Z	GUNSEAT	1754	hive	42109	A	C	core_destroyed	361
2026-08-12T04:16:12Z	GUNSEAT	1755	hive	42109	B	C	core_destroyed	342
2026-08-12T04:16:14Z	GUNSEAT	1756	meander	42109	A	C	core_destroyed	280
2026-08-12T04:16:16Z	GUNSEAT	1757	meander	42109	B	C	core_destroyed	230
2026-08-12T04:16:19Z	GUNSEAT	1758	nordkap	42109	A	C	core_destroyed	256
2026-08-12T04:16:21Z	GUNSEAT	1759	nordkap	42109	B	T	core_destroyed	185
2026-08-12T04:16:23Z	GUNSEAT	1760	antler	42110	A	T	core_destroyed	201
2026-08-12T04:16:25Z	GUNSEAT	1761	antler	42110	B	C	core_destroyed	134
2026-08-12T04:16:27Z	GUNSEAT	1762	atoll	42110	A	C	core_destroyed	225
2026-08-12T04:16:30Z	GUNSEAT	1763	atoll	42110	B	C	core_destroyed	248
2026-08-12T04:16:34Z	GUNSEAT	1764	drumlin	42110	A	T	core_destroyed	274
2026-08-12T04:16:36Z	GUNSEAT	1765	drumlin	42110	B	T	core_destroyed	152
2026-08-12T04:16:38Z	GUNSEAT	1766	fjordgate	42110	A	C	core_destroyed	287
2026-08-12T04:16:40Z	GUNSEAT	1767	fjordgate	42110	B	T	core_destroyed	231
2026-08-12T04:16:41Z	GUNSEAT	1768	heart	42110	A	T	core_destroyed	131
2026-08-12T04:17:03Z	GUNSEAT	1769	heart	42110	B	T	tiebreak	1000
2026-08-12T04:17:05Z	GUNSEAT	1770	hive	42110	A	T	core_destroyed	160
2026-08-12T04:17:09Z	GUNSEAT	1771	hive	42110	B	C	core_destroyed	316
2026-08-12T04:17:11Z	GUNSEAT	1772	meander	42110	A	C	core_destroyed	138
2026-08-12T04:17:12Z	GUNSEAT	1773	meander	42110	B	T	core_destroyed	142
2026-08-12T04:17:13Z	GUNSEAT	1774	nordkap	42110	A	T	core_destroyed	160
2026-08-12T04:17:15Z	GUNSEAT	1775	nordkap	42110	B	C	core_destroyed	333
2026-08-12T04:17:16Z	GUNSEAT	1776	antler	42111	A	T	core_destroyed	189
2026-08-12T04:17:17Z	GUNSEAT	1777	antler	42111	B	T	core_destroyed	124
2026-08-12T04:17:20Z	GUNSEAT	1778	atoll	42111	A	C	core_destroyed	271
2026-08-12T04:17:22Z	GUNSEAT	1779	atoll	42111	B	C	core_destroyed	308
2026-08-12T04:17:26Z	GUNSEAT	1780	drumlin	42111	A	T	core_destroyed	238
2026-08-12T04:17:31Z	GUNSEAT	1781	drumlin	42111	B	C	core_destroyed	379
2026-08-12T04:17:32Z	GUNSEAT	1782	fjordgate	42111	A	C	core_destroyed	131
2026-08-12T04:17:34Z	GUNSEAT	1783	fjordgate	42111	B	C	core_destroyed	432
2026-08-12T04:17:36Z	GUNSEAT	1784	heart	42111	A	T	core_destroyed	131
2026-08-12T04:17:38Z	GUNSEAT	1785	heart	42111	B	C	core_destroyed	133
2026-08-12T04:17:40Z	GUNSEAT	1786	hive	42111	A	C	core_destroyed	133
2026-08-12T04:17:43Z	GUNSEAT	1787	hive	42111	B	T	core_destroyed	161
2026-08-12T04:17:45Z	GUNSEAT	1788	meander	42111	A	T	core_destroyed	169
2026-08-12T04:17:46Z	GUNSEAT	1789	meander	42111	B	C	core_destroyed	172
2026-08-12T04:17:48Z	GUNSEAT	1790	nordkap	42111	A	C	core_destroyed	249
2026-08-12T04:17:50Z	GUNSEAT	1791	nordkap	42111	B	C	core_destroyed	192
2026-08-12T04:17:52Z	GUNSEAT	1792	antler	42112	A	T	core_destroyed	162
2026-08-12T04:17:54Z	GUNSEAT	1793	antler	42112	B	T	core_destroyed	172
2026-08-12T04:17:56Z	GUNSEAT	1794	atoll	42112	A	C	core_destroyed	229
2026-08-12T04:18:02Z	GUNSEAT	1795	atoll	42112	B	C	core_destroyed	436
2026-08-12T04:18:04Z	GUNSEAT	1796	drumlin	42112	A	C	core_destroyed	165
2026-08-12T04:18:06Z	GUNSEAT	1797	drumlin	42112	B	C	core_destroyed	190
2026-08-12T04:18:07Z	GUNSEAT	1798	fjordgate	42112	A	T	core_destroyed	477
2026-08-12T04:18:09Z	GUNSEAT	1799	fjordgate	42112	B	T	core_destroyed	180
2026-08-12T04:18:15Z	GUNSEAT	1800	heart	42112	A	C	core_destroyed	502
2026-08-12T04:18:23Z	GUNSEAT	1801	heart	42112	B	C	core_destroyed	379
2026-08-12T04:18:31Z	GUNSEAT	1802	hive	42112	A	T	core_destroyed	819
2026-08-12T04:18:35Z	GUNSEAT	1803	hive	42112	B	C	core_destroyed	286
2026-08-12T04:18:36Z	GUNSEAT	1804	meander	42112	A	C	core_destroyed	238
2026-08-12T04:18:38Z	GUNSEAT	1805	meander	42112	B	C	core_destroyed	163
2026-08-12T04:18:40Z	GUNSEAT	1806	nordkap	42112	A	C	core_destroyed	129
2026-08-12T04:18:41Z	GUNSEAT	1807	nordkap	42112	B	C	core_destroyed	191
2026-08-12T04:18:43Z	GUNSEAT	1808	antler	42113	A	C	core_destroyed	189
2026-08-12T04:18:44Z	GUNSEAT	1809	antler	42113	B	T	core_destroyed	144
2026-08-12T04:18:45Z	GUNSEAT	1810	atoll	42113	A	C	core_destroyed	108
2026-08-12T04:18:49Z	GUNSEAT	1811	atoll	42113	B	C	core_destroyed	422
2026-08-12T04:18:54Z	GUNSEAT	1812	drumlin	42113	A	C	core_destroyed	519
2026-08-12T04:18:56Z	GUNSEAT	1813	drumlin	42113	B	C	core_destroyed	109
2026-08-12T04:18:57Z	GUNSEAT	1814	fjordgate	42113	A	C	core_destroyed	118
2026-08-12T04:19:00Z	GUNSEAT	1815	fjordgate	42113	B	C	tiebreak	1000
2026-08-12T04:19:03Z	GUNSEAT	1816	heart	42113	A	T	core_destroyed	198
2026-08-12T04:19:05Z	GUNSEAT	1817	heart	42113	B	C	core_destroyed	134
2026-08-12T04:19:09Z	GUNSEAT	1818	hive	42113	A	T	core_destroyed	298
2026-08-12T04:19:13Z	GUNSEAT	1819	hive	42113	B	T	core_destroyed	254
2026-08-12T04:19:15Z	GUNSEAT	1820	meander	42113	A	C	core_destroyed	218
2026-08-12T04:19:17Z	GUNSEAT	1821	meander	42113	B	C	core_destroyed	124
2026-08-12T04:19:19Z	GUNSEAT	1822	nordkap	42113	A	C	core_destroyed	232
2026-08-12T04:19:20Z	GUNSEAT	1823	nordkap	42113	B	C	core_destroyed	128
2026-08-12T04:19:23Z	GUNSEAT	1824	antler	42114	A	T	core_destroyed	270
2026-08-12T04:19:25Z	GUNSEAT	1825	antler	42114	B	C	core_destroyed	239
2026-08-12T04:19:27Z	GUNSEAT	1826	atoll	42114	A	C	core_destroyed	505
2026-08-12T04:19:28Z	GUNSEAT	1827	atoll	42114	B	T	core_destroyed	172
2026-08-12T04:19:33Z	GUNSEAT	1828	drumlin	42114	A	T	core_destroyed	376
2026-08-12T04:19:35Z	GUNSEAT	1829	drumlin	42114	B	T	core_destroyed	151
2026-08-12T04:19:36Z	GUNSEAT	1830	fjordgate	42114	A	C	core_destroyed	225
2026-08-12T04:19:38Z	GUNSEAT	1831	fjordgate	42114	B	C	core_destroyed	212
2026-08-12T04:19:49Z	GUNSEAT	1832	heart	42114	A	C	tiebreak	1000
2026-08-12T04:19:52Z	GUNSEAT	1833	heart	42114	B	C	core_destroyed	295
2026-08-12T04:19:54Z	GUNSEAT	1834	hive	42114	A	C	core_destroyed	153
2026-08-12T04:20:01Z	GUNSEAT	1835	hive	42114	B	C	core_destroyed	537
2026-08-12T04:20:03Z	GUNSEAT	1836	meander	42114	A	C	core_destroyed	204
2026-08-12T04:20:05Z	GUNSEAT	1837	meander	42114	B	T	core_destroyed	138
2026-08-12T04:20:08Z	GUNSEAT	1838	nordkap	42114	A	T	core_destroyed	385
2026-08-12T04:20:11Z	GUNSEAT	1839	nordkap	42114	B	T	core_destroyed	244
2026-08-12T04:20:12Z	GUNSEAT	1840	antler	42115	A	T	core_destroyed	306
2026-08-12T04:20:15Z	GUNSEAT	1841	antler	42115	B	T	core_destroyed	186
2026-08-12T04:20:17Z	GUNSEAT	1842	atoll	42115	A	C	core_destroyed	525
2026-08-12T04:20:21Z	GUNSEAT	1843	atoll	42115	B	T	core_destroyed	538
2026-08-12T04:20:24Z	GUNSEAT	1844	drumlin	42115	A	C	core_destroyed	220
2026-08-12T04:20:25Z	GUNSEAT	1845	drumlin	42115	B	T	core_destroyed	115
2026-08-12T04:20:27Z	GUNSEAT	1846	fjordgate	42115	A	C	core_destroyed	178
2026-08-12T04:20:28Z	GUNSEAT	1847	fjordgate	42115	B	C	core_destroyed	113
2026-08-12T04:20:30Z	GUNSEAT	1848	heart	42115	A	T	core_destroyed	321
2026-08-12T04:20:32Z	GUNSEAT	1849	heart	42115	B	T	core_destroyed	148
2026-08-12T04:20:34Z	GUNSEAT	1850	hive	42115	A	T	core_destroyed	181
2026-08-12T04:20:37Z	GUNSEAT	1851	hive	42115	B	C	core_destroyed	252
2026-08-12T04:20:40Z	GUNSEAT	1852	meander	42115	A	T	core_destroyed	388
2026-08-12T04:20:41Z	GUNSEAT	1853	meander	42115	B	T	core_destroyed	151
2026-08-12T04:20:44Z	GUNSEAT	1854	nordkap	42115	A	T	core_destroyed	244
2026-08-12T04:20:46Z	GUNSEAT	1855	nordkap	42115	B	C	core_destroyed	176
2026-08-12T04:20:49Z	GUNSEAT	1856	antler	42116	A	T	core_destroyed	384
2026-08-12T04:20:51Z	GUNSEAT	1857	antler	42116	B	C	core_destroyed	227
2026-08-12T04:20:52Z	GUNSEAT	1858	atoll	42116	A	C	core_destroyed	177
2026-08-12T04:20:54Z	GUNSEAT	1859	atoll	42116	B	T	core_destroyed	260
2026-08-12T04:20:56Z	GUNSEAT	1860	drumlin	42116	A	T	core_destroyed	150
2026-08-12T04:20:57Z	GUNSEAT	1861	drumlin	42116	B	C	core_destroyed	90
2026-08-12T04:20:59Z	GUNSEAT	1862	fjordgate	42116	A	T	core_destroyed	487
2026-08-12T04:21:00Z	GUNSEAT	1863	fjordgate	42116	B	T	core_destroyed	114
2026-08-12T04:21:02Z	GUNSEAT	1864	heart	42116	A	T	core_destroyed	133
2026-08-12T04:21:07Z	GUNSEAT	1865	heart	42116	B	T	core_destroyed	311
2026-08-12T04:21:11Z	GUNSEAT	1866	hive	42116	A	C	core_destroyed	254
2026-08-12T04:21:14Z	GUNSEAT	1867	hive	42116	B	C	core_destroyed	176
2026-08-12T04:21:16Z	GUNSEAT	1868	meander	42116	A	C	core_destroyed	186
2026-08-12T04:21:17Z	GUNSEAT	1869	meander	42116	B	T	core_destroyed	157
2026-08-12T04:21:20Z	GUNSEAT	1870	nordkap	42116	A	C	core_destroyed	252
2026-08-12T04:21:21Z	GUNSEAT	1871	nordkap	42116	B	C	core_destroyed	130
2026-08-12T04:21:22Z	GUNSEAT	1872	antler	42117	A	C	core_destroyed	84
2026-08-12T04:21:25Z	GUNSEAT	1873	antler	42117	B	T	core_destroyed	186
2026-08-12T04:21:27Z	GUNSEAT	1874	atoll	42117	A	C	core_destroyed	300
2026-08-12T04:21:28Z	GUNSEAT	1875	atoll	42117	B	T	core_destroyed	182
2026-08-12T04:21:30Z	GUNSEAT	1876	drumlin	42117	A	T	core_destroyed	115
2026-08-12T04:21:32Z	GUNSEAT	1877	drumlin	42117	B	C	core_destroyed	209
2026-08-12T04:21:33Z	GUNSEAT	1878	fjordgate	42117	A	T	core_destroyed	164
2026-08-12T04:21:34Z	GUNSEAT	1879	fjordgate	42117	B	C	core_destroyed	136
2026-08-12T04:21:39Z	GUNSEAT	1880	heart	42117	A	C	tiebreak	1000
2026-08-12T04:21:42Z	GUNSEAT	1881	heart	42117	B	T	core_destroyed	146
2026-08-12T04:21:44Z	GUNSEAT	1882	hive	42117	A	T	core_destroyed	167
2026-08-12T04:21:47Z	GUNSEAT	1883	hive	42117	B	T	core_destroyed	246
2026-08-12T04:21:50Z	GUNSEAT	1884	meander	42117	A	C	core_destroyed	210
2026-08-12T04:21:52Z	GUNSEAT	1885	meander	42117	B	T	core_destroyed	204
2026-08-12T04:21:53Z	GUNSEAT	1886	nordkap	42117	A	T	core_destroyed	134
2026-08-12T04:21:55Z	GUNSEAT	1887	nordkap	42117	B	T	core_destroyed	200
2026-08-12T04:21:58Z	GUNSEAT	1888	antler	42118	A	T	core_destroyed	358
2026-08-12T04:22:00Z	GUNSEAT	1889	antler	42118	B	C	core_destroyed	450
2026-08-12T04:22:07Z	GUNSEAT	1890	atoll	42118	A	C	core_destroyed	754
2026-08-12T04:22:08Z	GUNSEAT	1891	atoll	42118	B	C	core_destroyed	116
2026-08-12T04:22:12Z	GUNSEAT	1892	drumlin	42118	A	C	core_destroyed	241
2026-08-12T04:22:14Z	GUNSEAT	1893	drumlin	42118	B	C	core_destroyed	194
2026-08-12T04:22:15Z	GUNSEAT	1894	fjordgate	42118	A	C	core_destroyed	257
2026-08-12T04:22:17Z	GUNSEAT	1895	fjordgate	42118	B	T	core_destroyed	249
2026-08-12T04:22:22Z	GUNSEAT	1896	heart	42118	A	C	core_destroyed	497
2026-08-12T04:22:26Z	GUNSEAT	1897	heart	42118	B	T	core_destroyed	227
2026-08-12T04:22:28Z	GUNSEAT	1898	hive	42118	A	T	core_destroyed	198
2026-08-12T04:22:34Z	GUNSEAT	1899	hive	42118	B	C	core_destroyed	436
2026-08-12T04:22:36Z	GUNSEAT	1900	meander	42118	A	T	core_destroyed	143
2026-08-12T04:22:38Z	GUNSEAT	1901	meander	42118	B	T	core_destroyed	207
2026-08-12T04:22:39Z	GUNSEAT	1902	nordkap	42118	A	T	core_destroyed	159
2026-08-12T04:22:43Z	GUNSEAT	1903	nordkap	42118	B	T	core_destroyed	324
2026-08-12T04:22:45Z	GUNSEAT	1904	antler	42119	A	T	core_destroyed	353
2026-08-12T04:22:47Z	GUNSEAT	1905	antler	42119	B	T	core_destroyed	324
2026-08-12T04:22:51Z	GUNSEAT	1906	atoll	42119	A	T	tiebreak	1000
2026-08-12T04:22:53Z	GUNSEAT	1907	atoll	42119	B	T	core_destroyed	124
2026-08-12T04:22:56Z	GUNSEAT	1908	drumlin	42119	A	C	core_destroyed	217
2026-08-12T04:23:00Z	GUNSEAT	1909	drumlin	42119	B	C	core_destroyed	359
2026-08-12T04:23:02Z	GUNSEAT	1910	fjordgate	42119	A	C	core_destroyed	505
2026-08-12T04:23:03Z	GUNSEAT	1911	fjordgate	42119	B	C	core_destroyed	178
2026-08-12T04:23:05Z	GUNSEAT	1912	heart	42119	A	C	core_destroyed	177
2026-08-12T04:23:09Z	GUNSEAT	1913	heart	42119	B	T	core_destroyed	207
2026-08-12T04:23:12Z	GUNSEAT	1914	hive	42119	A	C	core_destroyed	202
2026-08-12T04:23:16Z	GUNSEAT	1915	hive	42119	B	C	core_destroyed	254
2026-08-12T04:23:19Z	GUNSEAT	1916	meander	42119	A	T	core_destroyed	267
2026-08-12T04:23:20Z	GUNSEAT	1917	meander	42119	B	T	core_destroyed	128
2026-08-12T04:23:21Z	GUNSEAT	1918	nordkap	42119	A	T	core_destroyed	125
2026-08-12T04:23:24Z	GUNSEAT	1919	nordkap	42119	B	C	core_destroyed	395
2026-08-12T04:23:27Z	GUNSEAT	1920	antler	42120	A	T	core_destroyed	230
2026-08-12T04:23:29Z	GUNSEAT	1921	antler	42120	B	C	core_destroyed	161
2026-08-12T04:23:32Z	GUNSEAT	1922	atoll	42120	A	T	core_destroyed	417
2026-08-12T04:23:36Z	GUNSEAT	1923	atoll	42120	B	T	core_destroyed	821
2026-08-12T04:23:38Z	GUNSEAT	1924	drumlin	42120	A	T	core_destroyed	94
2026-08-12T04:23:39Z	GUNSEAT	1925	drumlin	42120	B	T	core_destroyed	133
2026-08-12T04:23:40Z	GUNSEAT	1926	fjordgate	42120	A	C	core_destroyed	170
2026-08-12T04:23:42Z	GUNSEAT	1927	fjordgate	42120	B	C	core_destroyed	142
2026-08-12T04:23:47Z	GUNSEAT	1928	heart	42120	A	T	core_destroyed	320
2026-08-12T04:23:51Z	GUNSEAT	1929	heart	42120	B	C	core_destroyed	447
2026-08-12T04:23:54Z	GUNSEAT	1930	hive	42120	A	T	core_destroyed	158
2026-08-12T04:24:01Z	GUNSEAT	1931	hive	42120	B	T	core_destroyed	579
2026-08-12T04:24:04Z	GUNSEAT	1932	meander	42120	A	T	tiebreak	1000
2026-08-12T04:24:06Z	GUNSEAT	1933	meander	42120	B	C	core_destroyed	200
2026-08-12T04:24:08Z	GUNSEAT	1934	nordkap	42120	A	T	core_destroyed	114
2026-08-12T04:24:11Z	GUNSEAT	1935	nordkap	42120	B	C	core_destroyed	315
2026-08-12T04:24:13Z	GUNSEAT	1936	antler	42121	A	C	core_destroyed	501
2026-08-12T04:24:15Z	GUNSEAT	1937	antler	42121	B	C	core_destroyed	155
2026-08-12T04:24:17Z	GUNSEAT	1938	atoll	42121	A	C	core_destroyed	180
2026-08-12T04:24:23Z	GUNSEAT	1939	atoll	42121	B	T	core_destroyed	421
2026-08-12T04:24:26Z	GUNSEAT	1940	drumlin	42121	A	C	core_destroyed	226
2026-08-12T04:24:28Z	GUNSEAT	1941	drumlin	42121	B	C	core_destroyed	126
2026-08-12T04:24:30Z	GUNSEAT	1942	fjordgate	42121	A	C	tiebreak	1000
2026-08-12T04:24:32Z	GUNSEAT	1943	fjordgate	42121	B	C	core_destroyed	200
2026-08-12T04:24:39Z	GUNSEAT	1944	heart	42121	A	T	core_destroyed	485
2026-08-12T04:24:41Z	GUNSEAT	1945	heart	42121	B	C	core_destroyed	103
2026-08-12T04:24:43Z	GUNSEAT	1946	hive	42121	A	C	core_destroyed	191
2026-08-12T04:24:47Z	GUNSEAT	1947	hive	42121	B	T	core_destroyed	226
2026-08-12T04:24:48Z	GUNSEAT	1948	meander	42121	A	C	core_destroyed	131
2026-08-12T04:24:50Z	GUNSEAT	1949	meander	42121	B	T	core_destroyed	242
2026-08-12T04:24:55Z	GUNSEAT	1950	nordkap	42121	A	T	core_destroyed	548
2026-08-12T04:24:57Z	GUNSEAT	1951	nordkap	42121	B	T	core_destroyed	240
2026-08-12T04:24:59Z	GUNSEAT	1952	antler	42122	A	C	core_destroyed	238
2026-08-12T04:25:01Z	GUNSEAT	1953	antler	42122	B	T	core_destroyed	501
2026-08-12T04:25:03Z	GUNSEAT	1954	atoll	42122	A	C	core_destroyed	225
2026-08-12T04:25:20Z	GUNSEAT	1955	atoll	42122	B	T	tiebreak	1000
2026-08-12T04:25:23Z	GUNSEAT	1956	drumlin	42122	A	C	core_destroyed	206
2026-08-12T04:25:24Z	GUNSEAT	1957	drumlin	42122	B	C	core_destroyed	150
2026-08-12T04:25:26Z	GUNSEAT	1958	fjordgate	42122	A	C	core_destroyed	165
2026-08-12T04:25:27Z	GUNSEAT	1959	fjordgate	42122	B	T	core_destroyed	128
2026-08-12T04:25:30Z	GUNSEAT	1960	heart	42122	A	C	core_destroyed	190
2026-08-12T04:25:33Z	GUNSEAT	1961	heart	42122	B	T	core_destroyed	227
2026-08-12T04:25:42Z	GUNSEAT	1962	hive	42122	A	C	core_destroyed	593
2026-08-12T04:25:46Z	GUNSEAT	1963	hive	42122	B	C	core_destroyed	319
2026-08-12T04:25:49Z	GUNSEAT	1964	meander	42122	A	C	core_destroyed	222
2026-08-12T04:25:52Z	GUNSEAT	1965	meander	42122	B	C	core_destroyed	300
2026-08-12T04:25:54Z	GUNSEAT	1966	nordkap	42122	A	C	core_destroyed	421
2026-08-12T04:25:56Z	GUNSEAT	1967	nordkap	42122	B	C	core_destroyed	144
2026-08-12T04:25:58Z	GUNSEAT	1968	antler	42123	A	T	core_destroyed	382
2026-08-12T04:26:00Z	GUNSEAT	1969	antler	42123	B	C	core_destroyed	448
2026-08-12T04:26:04Z	GUNSEAT	1970	atoll	42123	A	T	core_destroyed	528
2026-08-12T04:26:11Z	GUNSEAT	1971	atoll	42123	B	T	core_destroyed	874
2026-08-12T04:26:19Z	GUNSEAT	1972	drumlin	42123	A	T	core_destroyed	492
2026-08-12T04:26:21Z	GUNSEAT	1973	drumlin	42123	B	T	core_destroyed	172
2026-08-12T04:26:23Z	GUNSEAT	1974	fjordgate	42123	A	C	core_destroyed	287
2026-08-12T04:26:25Z	GUNSEAT	1975	fjordgate	42123	B	C	core_destroyed	256
2026-08-12T04:26:28Z	GUNSEAT	1976	heart	42123	A	C	core_destroyed	186
2026-08-12T04:26:32Z	GUNSEAT	1977	heart	42123	B	C	core_destroyed	533
2026-08-12T04:26:34Z	GUNSEAT	1978	hive	42123	A	C	core_destroyed	207
2026-08-12T04:26:36Z	GUNSEAT	1979	hive	42123	B	C	core_destroyed	235
2026-08-12T04:26:38Z	GUNSEAT	1980	meander	42123	A	C	core_destroyed	208
2026-08-12T04:26:41Z	GUNSEAT	1981	meander	42123	B	T	core_destroyed	387
2026-08-12T04:26:43Z	GUNSEAT	1982	nordkap	42123	A	T	core_destroyed	244
2026-08-12T04:26:45Z	GUNSEAT	1983	nordkap	42123	B	C	core_destroyed	225
2026-08-12T04:26:47Z	GUNSEAT	1984	antler	42124	A	C	core_destroyed	262
2026-08-12T04:26:49Z	GUNSEAT	1985	antler	42124	B	T	core_destroyed	156
2026-08-12T04:26:52Z	GUNSEAT	1986	atoll	42124	A	T	core_destroyed	282
2026-08-12T04:26:54Z	GUNSEAT	1987	atoll	42124	B	C	core_destroyed	202
2026-08-12T04:26:57Z	GUNSEAT	1988	drumlin	42124	A	T	core_destroyed	365
2026-08-12T04:26:59Z	GUNSEAT	1989	drumlin	42124	B	C	core_destroyed	125
2026-08-12T04:27:00Z	GUNSEAT	1990	fjordgate	42124	A	T	core_destroyed	198
2026-08-12T04:27:02Z	GUNSEAT	1991	fjordgate	42124	B	C	core_destroyed	160
2026-08-12T04:27:11Z	GUNSEAT	1992	heart	42124	A	C	core_destroyed	632
2026-08-12T04:27:13Z	GUNSEAT	1993	heart	42124	B	C	core_destroyed	134
2026-08-12T04:27:15Z	GUNSEAT	1994	hive	42124	A	T	core_destroyed	113
2026-08-12T04:27:20Z	GUNSEAT	1995	hive	42124	B	T	core_destroyed	366
2026-08-12T04:27:22Z	GUNSEAT	1996	meander	42124	A	C	core_destroyed	257
2026-08-12T04:27:23Z	GUNSEAT	1997	meander	42124	B	T	core_destroyed	151
2026-08-12T04:27:26Z	GUNSEAT	1998	nordkap	42124	A	C	core_destroyed	266
2026-08-12T04:27:27Z	GUNSEAT	1999	nordkap	42124	B	T	core_destroyed	180
2026-08-12T04:27:29Z	GUNSEAT	2000	antler	42125	A	C	core_destroyed	160
2026-08-12T04:27:31Z	GUNSEAT	2001	antler	42125	B	C	core_destroyed	148
2026-08-12T04:27:32Z	GUNSEAT	2002	atoll	42125	A	C	core_destroyed	121
2026-08-12T04:27:40Z	GUNSEAT	2003	atoll	42125	B	T	tiebreak	1000
2026-08-12T04:27:41Z	GUNSEAT	2004	drumlin	42125	A	C	core_destroyed	118
2026-08-12T04:27:43Z	GUNSEAT	2005	drumlin	42125	B	C	core_destroyed	90
2026-08-12T04:27:44Z	GUNSEAT	2006	fjordgate	42125	A	T	core_destroyed	154
2026-08-12T04:27:45Z	GUNSEAT	2007	fjordgate	42125	B	T	core_destroyed	191
2026-08-12T04:27:56Z	GUNSEAT	2008	heart	42125	A	T	core_destroyed	447
2026-08-12T04:27:59Z	GUNSEAT	2009	heart	42125	B	C	core_destroyed	423
2026-08-12T04:28:02Z	GUNSEAT	2010	hive	42125	A	C	core_destroyed	212
2026-08-12T04:28:08Z	GUNSEAT	2011	hive	42125	B	T	core_destroyed	416
2026-08-12T04:28:10Z	GUNSEAT	2012	meander	42125	A	T	core_destroyed	126
2026-08-12T04:28:11Z	GUNSEAT	2013	meander	42125	B	T	core_destroyed	134
2026-08-12T04:28:12Z	GUNSEAT	2014	nordkap	42125	A	C	core_destroyed	114
2026-08-12T04:28:14Z	GUNSEAT	2015	nordkap	42125	B	C	core_destroyed	142
2026-08-12T04:28:16Z	GUNSEAT	2016	antler	42126	A	C	core_destroyed	193
2026-08-12T04:28:19Z	GUNSEAT	2017	antler	42126	B	T	tiebreak	1000
2026-08-12T04:28:21Z	GUNSEAT	2018	atoll	42126	A	T	core_destroyed	167
2026-08-12T04:28:23Z	GUNSEAT	2019	atoll	42126	B	C	core_destroyed	390
2026-08-12T04:28:29Z	GUNSEAT	2020	drumlin	42126	A	C	core_destroyed	421
2026-08-12T04:28:33Z	GUNSEAT	2021	drumlin	42126	B	C	core_destroyed	306
2026-08-12T04:28:34Z	GUNSEAT	2022	fjordgate	42126	A	C	core_destroyed	220
2026-08-12T04:28:36Z	GUNSEAT	2023	fjordgate	42126	B	T	core_destroyed	445
2026-08-12T04:28:40Z	GUNSEAT	2024	heart	42126	A	C	tiebreak	1000
2026-08-12T04:28:43Z	GUNSEAT	2025	heart	42126	B	C	core_destroyed	256
2026-08-12T04:28:45Z	GUNSEAT	2026	hive	42126	A	C	core_destroyed	105
2026-08-12T04:28:47Z	GUNSEAT	2027	hive	42126	B	C	core_destroyed	122
2026-08-12T04:28:49Z	GUNSEAT	2028	meander	42126	A	C	core_destroyed	340
2026-08-12T04:28:51Z	GUNSEAT	2029	meander	42126	B	C	core_destroyed	160
2026-08-12T04:28:54Z	GUNSEAT	2030	nordkap	42126	A	C	core_destroyed	310
2026-08-12T04:28:55Z	GUNSEAT	2031	nordkap	42126	B	C	core_destroyed	241
2026-08-12T04:28:57Z	GUNSEAT	2032	antler	42127	A	C	core_destroyed	160
2026-08-12T04:28:58Z	GUNSEAT	2033	antler	42127	B	C	core_destroyed	112
2026-08-12T04:29:01Z	GUNSEAT	2034	atoll	42127	A	T	core_destroyed	295
2026-08-12T04:29:03Z	GUNSEAT	2035	atoll	42127	B	C	core_destroyed	258
2026-08-12T04:29:05Z	GUNSEAT	2036	drumlin	42127	A	T	core_destroyed	142
2026-08-12T04:29:08Z	GUNSEAT	2037	drumlin	42127	B	C	core_destroyed	221
2026-08-12T04:29:10Z	GUNSEAT	2038	fjordgate	42127	A	T	core_destroyed	534
2026-08-12T04:29:12Z	GUNSEAT	2039	fjordgate	42127	B	C	core_destroyed	173
2026-08-12T04:29:15Z	GUNSEAT	2040	heart	42127	A	T	core_destroyed	352
2026-08-12T04:29:40Z	GUNSEAT	2041	heart	42127	B	T	tiebreak	1000
2026-08-12T04:29:44Z	GUNSEAT	2042	hive	42127	A	C	core_destroyed	257
2026-08-12T04:29:50Z	GUNSEAT	2043	hive	42127	B	C	core_destroyed	323
2026-08-12T04:29:52Z	GUNSEAT	2044	meander	42127	A	C	core_destroyed	168
2026-08-12T04:29:53Z	GUNSEAT	2045	meander	42127	B	T	core_destroyed	128
2026-08-12T04:29:56Z	GUNSEAT	2046	nordkap	42127	A	T	core_destroyed	296
2026-08-12T04:29:58Z	GUNSEAT	2047	nordkap	42127	B	C	core_destroyed	211
2026-08-12T04:29:59Z	GUNSEAT	2048	antler	42128	A	T	core_destroyed	124
2026-08-12T04:30:01Z	GUNSEAT	2049	antler	42128	B	T	core_destroyed	119
2026-08-12T04:30:03Z	GUNSEAT	2050	atoll	42128	A	C	core_destroyed	424
2026-08-12T04:30:05Z	GUNSEAT	2051	atoll	42128	B	C	core_destroyed	501
2026-08-12T04:30:07Z	GUNSEAT	2052	drumlin	42128	A	C	core_destroyed	120
2026-08-12T04:30:08Z	GUNSEAT	2053	drumlin	42128	B	T	core_destroyed	115
2026-08-12T04:30:12Z	GUNSEAT	2054	fjordgate	42128	A	T	core_destroyed	551
2026-08-12T04:30:13Z	GUNSEAT	2055	fjordgate	42128	B	C	core_destroyed	121
2026-08-12T04:30:15Z	GUNSEAT	2056	heart	42128	A	T	core_destroyed	154
2026-08-12T04:30:17Z	GUNSEAT	2057	heart	42128	B	C	core_destroyed	115
2026-08-12T04:30:24Z	GUNSEAT	2058	hive	42128	A	T	core_destroyed	419
2026-08-12T04:30:28Z	GUNSEAT	2059	hive	42128	B	T	core_destroyed	219
2026-08-12T04:30:29Z	GUNSEAT	2060	meander	42128	A	C	core_destroyed	167
2026-08-12T04:30:32Z	GUNSEAT	2061	meander	42128	B	T	core_destroyed	270
2026-08-12T04:30:33Z	GUNSEAT	2062	nordkap	42128	A	T	core_destroyed	201
2026-08-12T04:30:36Z	GUNSEAT	2063	nordkap	42128	B	T	core_destroyed	252
2026-08-12T04:30:38Z	GUNSEAT	2064	antler	42129	A	T	core_destroyed	138
2026-08-12T04:30:41Z	GUNSEAT	2065	antler	42129	B	C	core_destroyed	307
2026-08-12T04:30:42Z	GUNSEAT	2066	atoll	42129	A	T	core_destroyed	198
2026-08-12T04:30:44Z	GUNSEAT	2067	atoll	42129	B	T	core_destroyed	248
2026-08-12T04:30:46Z	GUNSEAT	2068	drumlin	42129	A	C	core_destroyed	178
2026-08-12T04:30:48Z	GUNSEAT	2069	drumlin	42129	B	C	core_destroyed	182
2026-08-12T04:30:49Z	GUNSEAT	2070	fjordgate	42129	A	T	core_destroyed	128
2026-08-12T04:30:51Z	GUNSEAT	2071	fjordgate	42129	B	T	core_destroyed	155
2026-08-12T04:30:54Z	GUNSEAT	2072	heart	42129	A	C	core_destroyed	201
2026-08-12T04:30:58Z	GUNSEAT	2073	heart	42129	B	C	core_destroyed	366
2026-08-12T04:31:04Z	GUNSEAT	2074	hive	42129	A	C	core_destroyed	411
2026-08-12T04:31:07Z	GUNSEAT	2075	hive	42129	B	C	core_destroyed	223
2026-08-12T04:31:10Z	GUNSEAT	2076	meander	42129	A	C	core_destroyed	473
2026-08-12T04:31:12Z	GUNSEAT	2077	meander	42129	B	T	core_destroyed	257
2026-08-12T04:31:13Z	GUNSEAT	2078	nordkap	42129	A	C	core_destroyed	142
2026-08-12T04:31:15Z	GUNSEAT	2079	nordkap	42129	B	C	core_destroyed	134
2026-08-12T04:31:17Z	GUNSEAT	2080	antler	42130	A	T	core_destroyed	259
2026-08-12T04:31:20Z	GUNSEAT	2081	antler	42130	B	C	core_destroyed	220
2026-08-12T04:31:22Z	GUNSEAT	2082	atoll	42130	A	C	tiebreak	1000
2026-08-12T04:31:24Z	GUNSEAT	2083	atoll	42130	B	C	core_destroyed	204
2026-08-12T04:31:25Z	GUNSEAT	2084	drumlin	42130	A	T	core_destroyed	111
2026-08-12T04:31:27Z	GUNSEAT	2085	drumlin	42130	B	T	core_destroyed	184
2026-08-12T04:31:29Z	GUNSEAT	2086	fjordgate	42130	A	C	core_destroyed	445
2026-08-12T04:31:30Z	GUNSEAT	2087	fjordgate	42130	B	C	core_destroyed	216
2026-08-12T04:31:34Z	GUNSEAT	2088	heart	42130	A	C	core_destroyed	210
2026-08-12T04:31:37Z	GUNSEAT	2089	heart	42130	B	C	core_destroyed	216
2026-08-12T04:31:39Z	GUNSEAT	2090	hive	42130	A	C	core_destroyed	205
2026-08-12T04:31:41Z	GUNSEAT	2091	hive	42130	B	T	core_destroyed	98
2026-08-12T04:31:43Z	GUNSEAT	2092	meander	42130	A	T	core_destroyed	269
2026-08-12T04:31:47Z	GUNSEAT	2093	meander	42130	B	C	tiebreak	1000
2026-08-12T04:31:50Z	GUNSEAT	2094	nordkap	42130	A	C	core_destroyed	248
2026-08-12T04:31:52Z	GUNSEAT	2095	nordkap	42130	B	T	core_destroyed	232
2026-08-12T04:31:54Z	GUNSEAT	2096	antler	42131	A	T	core_destroyed	150
2026-08-12T04:31:56Z	GUNSEAT	2097	antler	42131	B	T	core_destroyed	452
2026-08-12T04:31:58Z	GUNSEAT	2098	atoll	42131	A	T	core_destroyed	337
2026-08-12T04:31:59Z	GUNSEAT	2099	atoll	42131	B	T	core_destroyed	93
2026-08-12T04:32:01Z	GUNSEAT	2100	drumlin	42131	A	C	core_destroyed	186
2026-08-12T04:32:07Z	GUNSEAT	2101	drumlin	42131	B	C	core_destroyed	465
2026-08-12T04:32:08Z	GUNSEAT	2102	fjordgate	42131	A	T	core_destroyed	264
2026-08-12T04:32:11Z	GUNSEAT	2103	fjordgate	42131	B	C	core_destroyed	556
2026-08-12T04:32:18Z	GUNSEAT	2104	heart	42131	A	C	core_destroyed	435
2026-08-12T04:32:39Z	GUNSEAT	2105	heart	42131	B	C	tiebreak	1000
2026-08-12T04:32:43Z	GUNSEAT	2106	hive	42131	A	T	core_destroyed	258
2026-08-12T04:32:46Z	GUNSEAT	2107	hive	42131	B	T	core_destroyed	224
2026-08-12T04:32:48Z	GUNSEAT	2108	meander	42131	A	T	core_destroyed	151
2026-08-12T04:32:49Z	GUNSEAT	2109	meander	42131	B	T	core_destroyed	127
2026-08-12T04:32:53Z	GUNSEAT	2110	nordkap	42131	A	T	core_destroyed	266
2026-08-12T04:32:55Z	GUNSEAT	2111	nordkap	42131	B	C	core_destroyed	264
2026-08-12T04:32:57Z	GUNSEAT	2112	antler	42132	A	T	core_destroyed	157
2026-08-12T04:32:58Z	GUNSEAT	2113	antler	42132	B	T	core_destroyed	191
2026-08-12T04:33:00Z	GUNSEAT	2114	atoll	42132	A	C	core_destroyed	304
2026-08-12T04:33:05Z	GUNSEAT	2115	atoll	42132	B	T	core_destroyed	507
2026-08-12T04:33:09Z	GUNSEAT	2116	drumlin	42132	A	C	core_destroyed	316
2026-08-12T04:33:12Z	GUNSEAT	2117	drumlin	42132	B	T	core_destroyed	321
2026-08-12T04:33:15Z	GUNSEAT	2118	fjordgate	42132	A	C	core_destroyed	688
2026-08-12T04:33:16Z	GUNSEAT	2119	fjordgate	42132	B	C	core_destroyed	119
2026-08-12T04:33:18Z	GUNSEAT	2120	heart	42132	A	T	core_destroyed	124
2026-08-12T04:33:22Z	GUNSEAT	2121	heart	42132	B	T	tiebreak	1000
2026-08-12T04:33:24Z	GUNSEAT	2122	hive	42132	A	C	core_destroyed	188
2026-08-12T04:33:27Z	GUNSEAT	2123	hive	42132	B	T	core_destroyed	153
2026-08-12T04:33:29Z	GUNSEAT	2124	meander	42132	A	T	core_destroyed	172
2026-08-12T04:33:30Z	GUNSEAT	2125	meander	42132	B	T	core_destroyed	138
2026-08-12T04:33:33Z	GUNSEAT	2126	nordkap	42132	A	C	core_destroyed	254
2026-08-12T04:33:35Z	GUNSEAT	2127	nordkap	42132	B	T	core_destroyed	264
2026-08-12T04:33:37Z	GUNSEAT	2128	antler	42133	A	C	core_destroyed	244
2026-08-12T04:33:40Z	GUNSEAT	2129	antler	42133	B	T	core_destroyed	229
2026-08-12T04:33:41Z	GUNSEAT	2130	atoll	42133	A	C	core_destroyed	257
2026-08-12T04:33:42Z	GUNSEAT	2131	atoll	42133	B	T	core_destroyed	209
2026-08-12T04:33:44Z	GUNSEAT	2132	drumlin	42133	A	C	core_destroyed	224
2026-08-12T04:33:46Z	GUNSEAT	2133	drumlin	42133	B	T	core_destroyed	190
2026-08-12T04:33:49Z	GUNSEAT	2134	fjordgate	42133	A	T	tiebreak	1000
2026-08-12T04:33:50Z	GUNSEAT	2135	fjordgate	42133	B	T	core_destroyed	133
2026-08-12T04:33:54Z	GUNSEAT	2136	heart	42133	A	C	tiebreak	1000
2026-08-12T04:34:00Z	GUNSEAT	2137	heart	42133	B	C	core_destroyed	432
2026-08-12T04:34:06Z	GUNSEAT	2138	hive	42133	A	C	core_destroyed	407
2026-08-12T04:34:09Z	GUNSEAT	2139	hive	42133	B	T	core_destroyed	204
2026-08-12T04:34:10Z	GUNSEAT	2140	meander	42133	A	C	core_destroyed	129
2026-08-12T04:34:12Z	GUNSEAT	2141	meander	42133	B	T	core_destroyed	239
2026-08-12T04:34:14Z	GUNSEAT	2142	nordkap	42133	A	C	core_destroyed	125
2026-08-12T04:34:15Z	GUNSEAT	2143	nordkap	42133	B	T	core_destroyed	156
2026-08-12T04:34:18Z	GUNSEAT	2144	antler	42134	A	T	core_destroyed	202
2026-08-12T04:34:20Z	GUNSEAT	2145	antler	42134	B	C	core_destroyed	418
2026-08-12T04:34:21Z	GUNSEAT	2146	atoll	42134	A	C	core_destroyed	114
2026-08-12T04:34:24Z	GUNSEAT	2147	atoll	42134	B	C	tiebreak	1000
2026-08-12T04:34:25Z	GUNSEAT	2148	drumlin	42134	A	T	core_destroyed	132
2026-08-12T04:34:31Z	GUNSEAT	2149	drumlin	42134	B	C	core_destroyed	477
2026-08-12T04:34:32Z	GUNSEAT	2150	fjordgate	42134	A	T	core_destroyed	95
2026-08-12T04:34:33Z	GUNSEAT	2151	fjordgate	42134	B	C	core_destroyed	135
2026-08-12T04:34:36Z	GUNSEAT	2152	heart	42134	A	C	core_destroyed	167
2026-08-12T04:34:43Z	GUNSEAT	2153	heart	42134	B	T	core_destroyed	471
2026-08-12T04:34:47Z	GUNSEAT	2154	hive	42134	A	C	core_destroyed	388
2026-08-12T04:34:51Z	GUNSEAT	2155	hive	42134	B	T	core_destroyed	286
2026-08-12T04:34:53Z	GUNSEAT	2156	meander	42134	A	C	core_destroyed	126
2026-08-12T04:34:56Z	GUNSEAT	2157	meander	42134	B	T	core_destroyed	414
2026-08-12T04:34:58Z	GUNSEAT	2158	nordkap	42134	A	T	core_destroyed	144
2026-08-12T04:35:00Z	GUNSEAT	2159	nordkap	42134	B	T	core_destroyed	199
2026-08-12T04:35:03Z	GUNSEAT	2160	antler	42135	A	C	core_destroyed	270
2026-08-12T04:35:05Z	GUNSEAT	2161	antler	42135	B	T	core_destroyed	207
2026-08-12T04:35:07Z	GUNSEAT	2162	atoll	42135	A	T	core_destroyed	252
2026-08-12T04:35:10Z	GUNSEAT	2163	atoll	42135	B	C	core_destroyed	574
2026-08-12T04:35:12Z	GUNSEAT	2164	drumlin	42135	A	C	core_destroyed	151
2026-08-12T04:35:14Z	GUNSEAT	2165	drumlin	42135	B	C	core_destroyed	151
2026-08-12T04:35:16Z	GUNSEAT	2166	fjordgate	42135	A	T	core_destroyed	189
2026-08-12T04:35:17Z	GUNSEAT	2167	fjordgate	42135	B	T	core_destroyed	184
2026-08-12T04:35:19Z	GUNSEAT	2168	heart	42135	A	T	core_destroyed	103
2026-08-12T04:35:25Z	GUNSEAT	2169	heart	42135	B	T	core_destroyed	401
2026-08-12T04:35:30Z	GUNSEAT	2170	hive	42135	A	C	core_destroyed	365
2026-08-12T04:35:33Z	GUNSEAT	2171	hive	42135	B	T	core_destroyed	252
2026-08-12T04:35:35Z	GUNSEAT	2172	meander	42135	A	C	core_destroyed	131
2026-08-12T04:35:37Z	GUNSEAT	2173	meander	42135	B	T	core_destroyed	361
2026-08-12T04:35:38Z	GUNSEAT	2174	nordkap	42135	A	T	core_destroyed	107
2026-08-12T04:35:42Z	GUNSEAT	2175	nordkap	42135	B	C	core_destroyed	282
2026-08-12T04:35:44Z	GUNSEAT	2176	antler	42136	A	T	core_destroyed	149
2026-08-12T04:35:45Z	GUNSEAT	2177	antler	42136	B	T	core_destroyed	531
2026-08-12T04:35:47Z	GUNSEAT	2178	atoll	42136	A	T	core_destroyed	182
2026-08-12T04:35:49Z	GUNSEAT	2179	atoll	42136	B	T	core_destroyed	133
2026-08-12T04:35:50Z	GUNSEAT	2180	drumlin	42136	A	T	core_destroyed	167
2026-08-12T04:35:52Z	GUNSEAT	2181	drumlin	42136	B	T	core_destroyed	120
2026-08-12T04:35:53Z	GUNSEAT	2182	fjordgate	42136	A	T	core_destroyed	340
2026-08-12T04:35:55Z	GUNSEAT	2183	fjordgate	42136	B	T	core_destroyed	322
2026-08-12T04:35:57Z	GUNSEAT	2184	heart	42136	A	T	core_destroyed	210
2026-08-12T04:36:04Z	GUNSEAT	2185	heart	42136	B	C	core_destroyed	348
2026-08-12T04:36:07Z	GUNSEAT	2186	hive	42136	A	T	core_destroyed	251
2026-08-12T04:36:10Z	GUNSEAT	2187	hive	42136	B	T	core_destroyed	227
2026-08-12T04:36:12Z	GUNSEAT	2188	meander	42136	A	C	core_destroyed	143
2026-08-12T04:36:14Z	GUNSEAT	2189	meander	42136	B	T	core_destroyed	178
2026-08-12T04:36:15Z	GUNSEAT	2190	nordkap	42136	A	C	core_destroyed	199
2026-08-12T04:36:17Z	GUNSEAT	2191	nordkap	42136	B	T	core_destroyed	180
2026-08-12T04:36:19Z	GUNSEAT	2192	antler	42137	A	T	core_destroyed	194
2026-08-12T04:36:20Z	GUNSEAT	2193	antler	42137	B	C	core_destroyed	124
2026-08-12T04:36:23Z	GUNSEAT	2194	atoll	42137	A	C	tiebreak	1000
2026-08-12T04:36:25Z	GUNSEAT	2195	atoll	42137	B	T	core_destroyed	109
2026-08-12T04:36:27Z	GUNSEAT	2196	drumlin	42137	A	T	core_destroyed	155
2026-08-12T04:36:33Z	GUNSEAT	2197	drumlin	42137	B	T	core_destroyed	559
2026-08-12T04:36:37Z	GUNSEAT	2198	fjordgate	42137	A	C	tiebreak	1000
2026-08-12T04:36:39Z	GUNSEAT	2199	fjordgate	42137	B	T	core_destroyed	393
2026-08-12T04:36:43Z	GUNSEAT	2200	heart	42137	A	T	core_destroyed	192
2026-08-12T04:36:47Z	GUNSEAT	2201	heart	42137	B	C	core_destroyed	309
2026-08-12T04:36:54Z	GUNSEAT	2202	hive	42137	A	C	core_destroyed	504
2026-08-12T04:36:59Z	GUNSEAT	2203	hive	42137	B	C	core_destroyed	386
2026-08-12T04:37:02Z	GUNSEAT	2204	meander	42137	A	C	core_destroyed	353
2026-08-12T04:37:03Z	GUNSEAT	2205	meander	42137	B	T	core_destroyed	117
2026-08-12T04:37:04Z	GUNSEAT	2206	nordkap	42137	A	T	core_destroyed	146
2026-08-12T04:37:06Z	GUNSEAT	2207	nordkap	42137	B	T	core_destroyed	170
2026-08-12T04:37:08Z	GUNSEAT	2208	antler	42138	A	T	core_destroyed	186
2026-08-12T04:37:11Z	GUNSEAT	2209	antler	42138	B	C	core_destroyed	307
2026-08-12T04:37:15Z	GUNSEAT	2210	atoll	42138	A	T	core_destroyed	420
2026-08-12T04:37:16Z	GUNSEAT	2211	atoll	42138	B	T	core_destroyed	146
2026-08-12T04:37:18Z	GUNSEAT	2212	drumlin	42138	A	T	core_destroyed	150
2026-08-12T04:37:23Z	GUNSEAT	2213	drumlin	42138	B	T	core_destroyed	348
2026-08-12T04:37:25Z	GUNSEAT	2214	fjordgate	42138	A	C	core_destroyed	142
2026-08-12T04:37:26Z	GUNSEAT	2215	fjordgate	42138	B	T	core_destroyed	196
2026-08-12T04:37:30Z	GUNSEAT	2216	heart	42138	A	C	core_destroyed	261
2026-08-12T04:37:33Z	GUNSEAT	2217	heart	42138	B	C	core_destroyed	198
2026-08-12T04:37:35Z	GUNSEAT	2218	hive	42138	A	C	core_destroyed	146
2026-08-12T04:37:40Z	GUNSEAT	2219	hive	42138	B	T	core_destroyed	284
2026-08-12T04:37:41Z	GUNSEAT	2220	meander	42138	A	C	core_destroyed	121
2026-08-12T04:37:42Z	GUNSEAT	2221	meander	42138	B	C	core_destroyed	138
2026-08-12T04:37:45Z	GUNSEAT	2222	nordkap	42138	A	T	core_destroyed	285
2026-08-12T04:37:48Z	GUNSEAT	2223	nordkap	42138	B	T	core_destroyed	206
2026-08-12T04:37:50Z	GUNSEAT	2224	antler	42139	A	T	core_destroyed	245
2026-08-12T04:37:53Z	GUNSEAT	2225	antler	42139	B	C	core_destroyed	225
2026-08-12T04:37:58Z	GUNSEAT	2226	atoll	42139	A	C	core_destroyed	495
2026-08-12T04:37:59Z	GUNSEAT	2227	atoll	42139	B	T	core_destroyed	141
2026-08-12T04:38:01Z	GUNSEAT	2228	drumlin	42139	A	T	core_destroyed	134
2026-08-12T04:38:05Z	GUNSEAT	2229	drumlin	42139	B	C	core_destroyed	273
2026-08-12T04:38:06Z	GUNSEAT	2230	fjordgate	42139	A	T	core_destroyed	121
2026-08-12T04:38:08Z	GUNSEAT	2231	fjordgate	42139	B	T	core_destroyed	287
2026-08-12T04:38:10Z	GUNSEAT	2232	heart	42139	A	T	core_destroyed	151
2026-08-12T04:38:12Z	GUNSEAT	2233	heart	42139	B	T	core_destroyed	115
2026-08-12T04:38:17Z	GUNSEAT	2234	hive	42139	A	C	core_destroyed	348
2026-08-12T04:38:21Z	GUNSEAT	2235	hive	42139	B	C	core_destroyed	317
2026-08-12T04:38:23Z	GUNSEAT	2236	meander	42139	A	C	core_destroyed	340
2026-08-12T04:38:25Z	GUNSEAT	2237	meander	42139	B	T	core_destroyed	216
2026-08-12T04:38:28Z	GUNSEAT	2238	nordkap	42139	A	C	core_destroyed	283
2026-08-12T04:38:30Z	GUNSEAT	2239	nordkap	42139	B	C	core_destroyed	147
2026-08-12T04:38:32Z	GUNSEAT	2240	antler	42140	A	T	core_destroyed	132
2026-08-12T04:38:34Z	GUNSEAT	2241	antler	42140	B	C	core_destroyed	546
2026-08-12T04:38:36Z	GUNSEAT	2242	atoll	42140	A	C	core_destroyed	647
2026-08-12T04:38:38Z	GUNSEAT	2243	atoll	42140	B	T	core_destroyed	166
2026-08-12T04:38:41Z	GUNSEAT	2244	drumlin	42140	A	T	core_destroyed	205
2026-08-12T04:38:43Z	GUNSEAT	2245	drumlin	42140	B	C	core_destroyed	212
2026-08-12T04:38:45Z	GUNSEAT	2246	fjordgate	42140	A	C	core_destroyed	125
2026-08-12T04:38:46Z	GUNSEAT	2247	fjordgate	42140	B	T	core_destroyed	270
2026-08-12T04:38:51Z	GUNSEAT	2248	heart	42140	A	C	core_destroyed	222
2026-08-12T04:38:54Z	GUNSEAT	2249	heart	42140	B	C	core_destroyed	284
2026-08-12T04:38:57Z	GUNSEAT	2250	hive	42140	A	T	core_destroyed	191
2026-08-12T04:38:59Z	GUNSEAT	2251	hive	42140	B	T	core_destroyed	215
2026-08-12T04:39:01Z	GUNSEAT	2252	meander	42140	A	C	core_destroyed	217
2026-08-12T04:39:03Z	GUNSEAT	2253	meander	42140	B	T	core_destroyed	136
2026-08-12T04:39:05Z	GUNSEAT	2254	nordkap	42140	A	T	core_destroyed	223
2026-08-12T04:39:06Z	GUNSEAT	2255	nordkap	42140	B	C	core_destroyed	248
2026-08-12T04:39:08Z	GUNSEAT	2256	antler	42141	A	C	core_destroyed	176
2026-08-12T04:39:11Z	GUNSEAT	2257	antler	42141	B	T	core_destroyed	319
2026-08-12T04:39:12Z	GUNSEAT	2258	atoll	42141	A	C	core_destroyed	122
2026-08-12T04:39:23Z	GUNSEAT	2259	atoll	42141	B	T	core_destroyed	798
2026-08-12T04:39:28Z	GUNSEAT	2260	drumlin	42141	A	T	core_destroyed	305
2026-08-12T04:39:29Z	GUNSEAT	2261	drumlin	42141	B	T	core_destroyed	117
2026-08-12T04:39:31Z	GUNSEAT	2262	fjordgate	42141	A	T	core_destroyed	202
2026-08-12T04:39:32Z	GUNSEAT	2263	fjordgate	42141	B	T	core_destroyed	316
2026-08-12T04:39:36Z	GUNSEAT	2264	heart	42141	A	T	core_destroyed	236
2026-08-12T04:39:38Z	GUNSEAT	2265	heart	42141	B	C	core_destroyed	122
2026-08-12T04:39:43Z	GUNSEAT	2266	hive	42141	A	C	core_destroyed	331
2026-08-12T04:39:45Z	GUNSEAT	2267	hive	42141	B	C	core_destroyed	188
2026-08-12T04:39:48Z	GUNSEAT	2268	meander	42141	A	T	core_destroyed	242
2026-08-12T04:39:50Z	GUNSEAT	2269	meander	42141	B	T	core_destroyed	217
2026-08-12T04:39:53Z	GUNSEAT	2270	nordkap	42141	A	C	core_destroyed	264
2026-08-12T04:39:54Z	GUNSEAT	2271	nordkap	42141	B	C	core_destroyed	190
2026-08-12T04:39:56Z	GUNSEAT	2272	antler	42142	A	C	core_destroyed	122
2026-08-12T04:39:58Z	GUNSEAT	2273	antler	42142	B	C	core_destroyed	189
2026-08-12T04:40:00Z	GUNSEAT	2274	atoll	42142	A	C	core_destroyed	121
2026-08-12T04:40:03Z	GUNSEAT	2275	atoll	42142	B	T	tiebreak	1000
2026-08-12T04:40:08Z	GUNSEAT	2276	drumlin	42142	A	C	core_destroyed	402
2026-08-12T04:40:11Z	GUNSEAT	2277	drumlin	42142	B	T	core_destroyed	264
2026-08-12T04:40:13Z	GUNSEAT	2278	fjordgate	42142	A	T	core_destroyed	141
2026-08-12T04:40:15Z	GUNSEAT	2279	fjordgate	42142	B	C	core_destroyed	233
2026-08-12T04:40:18Z	GUNSEAT	2280	heart	42142	A	C	core_destroyed	152
2026-08-12T04:40:21Z	GUNSEAT	2281	heart	42142	B	T	core_destroyed	244
2026-08-12T04:40:23Z	GUNSEAT	2282	hive	42142	A	C	core_destroyed	110
2026-08-12T04:40:26Z	GUNSEAT	2283	hive	42142	B	T	core_destroyed	300
2026-08-12T04:40:28Z	GUNSEAT	2284	meander	42142	A	C	core_destroyed	183
2026-08-12T04:40:30Z	GUNSEAT	2285	meander	42142	B	C	core_destroyed	161
2026-08-12T04:40:32Z	GUNSEAT	2286	nordkap	42142	A	T	core_destroyed	230
2026-08-12T04:40:35Z	GUNSEAT	2287	nordkap	42142	B	C	core_destroyed	251
2026-08-12T04:40:37Z	GUNSEAT	2288	antler	42143	A	T	core_destroyed	189
2026-08-12T04:40:38Z	GUNSEAT	2289	antler	42143	B	C	core_destroyed	120
2026-08-12T04:40:40Z	GUNSEAT	2290	atoll	42143	A	C	core_destroyed	264
2026-08-12T04:40:43Z	GUNSEAT	2291	atoll	42143	B	T	core_destroyed	562
2026-08-12T04:40:46Z	GUNSEAT	2292	drumlin	42143	A	T	core_destroyed	230
2026-08-12T04:40:51Z	GUNSEAT	2293	drumlin	42143	B	C	core_destroyed	340
2026-08-12T04:40:52Z	GUNSEAT	2294	fjordgate	42143	A	T	core_destroyed	116
2026-08-12T04:40:57Z	GUNSEAT	2295	fjordgate	42143	B	T	core_destroyed	876
2026-08-12T04:40:59Z	GUNSEAT	2296	heart	42143	A	C	core_destroyed	108
2026-08-12T04:41:07Z	GUNSEAT	2297	heart	42143	B	T	core_destroyed	589
2026-08-12T04:41:15Z	GUNSEAT	2298	hive	42143	A	C	core_destroyed	668
2026-08-12T04:41:18Z	GUNSEAT	2299	hive	42143	B	T	core_destroyed	256
2026-08-12T04:41:21Z	GUNSEAT	2300	meander	42143	A	T	core_destroyed	252
2026-08-12T04:41:22Z	GUNSEAT	2301	meander	42143	B	T	core_destroyed	212
2026-08-12T04:41:25Z	GUNSEAT	2302	nordkap	42143	A	C	core_destroyed	291
2026-08-12T04:41:28Z	GUNSEAT	2303	nordkap	42143	B	T	core_destroyed	289
2026-08-12T04:41:30Z	GUNSEAT	2304	antler	42144	A	T	core_destroyed	220
2026-08-12T04:41:33Z	GUNSEAT	2305	antler	42144	B	C	core_destroyed	221
2026-08-12T04:41:40Z	GUNSEAT	2306	atoll	42144	A	T	core_destroyed	648
2026-08-12T04:41:43Z	GUNSEAT	2307	atoll	42144	B	C	core_destroyed	232
2026-08-12T04:41:46Z	GUNSEAT	2308	drumlin	42144	A	C	core_destroyed	241
2026-08-12T04:41:50Z	GUNSEAT	2309	drumlin	42144	B	T	core_destroyed	315
2026-08-12T04:41:52Z	GUNSEAT	2310	fjordgate	42144	A	T	core_destroyed	125
2026-08-12T04:41:53Z	GUNSEAT	2311	fjordgate	42144	B	C	core_destroyed	198
2026-08-12T04:41:55Z	GUNSEAT	2312	heart	42144	A	T	core_destroyed	211
2026-08-12T04:41:58Z	GUNSEAT	2313	heart	42144	B	C	core_destroyed	147
2026-08-12T04:42:00Z	GUNSEAT	2314	hive	42144	A	C	core_destroyed	184
2026-08-12T04:42:02Z	GUNSEAT	2315	hive	42144	B	C	core_destroyed	147
2026-08-12T04:42:05Z	GUNSEAT	2316	meander	42144	A	T	core_destroyed	266
2026-08-12T04:42:06Z	GUNSEAT	2317	meander	42144	B	C	core_destroyed	152
2026-08-12T04:42:08Z	GUNSEAT	2318	nordkap	42144	A	T	core_destroyed	166
2026-08-12T04:42:10Z	GUNSEAT	2319	nordkap	42144	B	T	core_destroyed	221
2026-08-12T04:42:12Z	GUNSEAT	2320	antler	42145	A	T	core_destroyed	232
2026-08-12T04:42:14Z	GUNSEAT	2321	antler	42145	B	C	core_destroyed	149
2026-08-12T04:42:17Z	GUNSEAT	2322	atoll	42145	A	T	core_destroyed	282
2026-08-12T04:42:19Z	GUNSEAT	2323	atoll	42145	B	T	core_destroyed	199
2026-08-12T04:42:20Z	GUNSEAT	2324	drumlin	42145	A	T	core_destroyed	86
2026-08-12T04:42:22Z	GUNSEAT	2325	drumlin	42145	B	C	core_destroyed	110
2026-08-12T04:42:23Z	GUNSEAT	2326	fjordgate	42145	A	T	core_destroyed	137
2026-08-12T04:42:25Z	GUNSEAT	2327	fjordgate	42145	B	T	core_destroyed	417
2026-08-12T04:42:27Z	GUNSEAT	2328	heart	42145	A	C	core_destroyed	144
2026-08-12T04:42:31Z	GUNSEAT	2329	heart	42145	B	T	core_destroyed	355
2026-08-12T04:42:33Z	GUNSEAT	2330	hive	42145	A	C	core_destroyed	182
2026-08-12T04:42:38Z	GUNSEAT	2331	hive	42145	B	C	core_destroyed	454
2026-08-12T04:42:40Z	GUNSEAT	2332	meander	42145	A	T	core_destroyed	198
2026-08-12T04:42:44Z	GUNSEAT	2333	meander	42145	B	C	tiebreak	1000
2026-08-12T04:42:47Z	GUNSEAT	2334	nordkap	42145	A	C	core_destroyed	213
2026-08-12T04:42:49Z	GUNSEAT	2335	nordkap	42145	B	C	core_destroyed	243
2026-08-12T04:42:51Z	GUNSEAT	2336	antler	42146	A	T	core_destroyed	102
2026-08-12T04:42:52Z	GUNSEAT	2337	antler	42146	B	C	core_destroyed	146
2026-08-12T04:42:57Z	GUNSEAT	2338	atoll	42146	A	T	core_destroyed	500
2026-08-12T04:42:59Z	GUNSEAT	2339	atoll	42146	B	T	core_destroyed	367
2026-08-12T04:43:06Z	GUNSEAT	2340	drumlin	42146	A	C	core_destroyed	418
2026-08-12T04:43:08Z	GUNSEAT	2341	drumlin	42146	B	C	core_destroyed	187
2026-08-12T04:43:10Z	GUNSEAT	2342	fjordgate	42146	A	T	core_destroyed	125
2026-08-12T04:43:11Z	GUNSEAT	2343	fjordgate	42146	B	C	core_destroyed	207
2026-08-12T04:43:13Z	GUNSEAT	2344	heart	42146	A	C	core_destroyed	155
2026-08-12T04:43:17Z	GUNSEAT	2345	heart	42146	B	C	core_destroyed	248
2026-08-12T04:43:20Z	GUNSEAT	2346	hive	42146	A	C	core_destroyed	193
2026-08-12T04:43:23Z	GUNSEAT	2347	hive	42146	B	T	core_destroyed	206
2026-08-12T04:43:27Z	GUNSEAT	2348	meander	42146	A	C	core_destroyed	268
2026-08-12T04:43:28Z	GUNSEAT	2349	meander	42146	B	C	core_destroyed	161
2026-08-12T04:43:30Z	GUNSEAT	2350	nordkap	42146	A	C	core_destroyed	182
2026-08-12T04:43:33Z	GUNSEAT	2351	nordkap	42146	B	T	core_destroyed	321
2026-08-12T04:43:35Z	GUNSEAT	2352	antler	42147	A	C	core_destroyed	237
2026-08-12T04:43:37Z	GUNSEAT	2353	antler	42147	B	C	core_destroyed	143
2026-08-12T04:43:38Z	GUNSEAT	2354	atoll	42147	A	C	core_destroyed	199
2026-08-12T04:43:43Z	GUNSEAT	2355	atoll	42147	B	C	core_destroyed	741
2026-08-12T04:43:47Z	GUNSEAT	2356	drumlin	42147	A	T	core_destroyed	209
2026-08-12T04:43:53Z	GUNSEAT	2357	drumlin	42147	B	C	core_destroyed	407
2026-08-12T04:43:54Z	GUNSEAT	2358	fjordgate	42147	A	C	core_destroyed	160
2026-08-12T04:43:56Z	GUNSEAT	2359	fjordgate	42147	B	C	core_destroyed	178
2026-08-12T04:43:58Z	GUNSEAT	2360	heart	42147	A	T	core_destroyed	112
2026-08-12T04:44:01Z	GUNSEAT	2361	heart	42147	B	C	core_destroyed	154
2026-08-12T04:44:03Z	GUNSEAT	2362	hive	42147	A	C	core_destroyed	167
2026-08-12T04:44:09Z	GUNSEAT	2363	hive	42147	B	C	core_destroyed	336
2026-08-12T04:44:12Z	GUNSEAT	2364	meander	42147	A	T	core_destroyed	347
2026-08-12T04:44:14Z	GUNSEAT	2365	meander	42147	B	C	core_destroyed	154
2026-08-12T04:44:16Z	GUNSEAT	2366	nordkap	42147	A	C	core_destroyed	314
2026-08-12T04:44:17Z	GUNSEAT	2367	nordkap	42147	B	C	core_destroyed	161
2026-08-12T04:44:19Z	GUNSEAT	2368	antler	42148	A	C	core_destroyed	118
2026-08-12T04:44:22Z	GUNSEAT	2369	antler	42148	B	T	tiebreak	1000
2026-08-12T04:44:24Z	GUNSEAT	2370	atoll	42148	A	C	core_destroyed	178
2026-08-12T04:44:29Z	GUNSEAT	2371	atoll	42148	B	T	core_destroyed	819
2026-08-12T04:44:35Z	GUNSEAT	2372	drumlin	42148	A	T	core_destroyed	534
2026-08-12T04:44:38Z	GUNSEAT	2373	drumlin	42148	B	T	core_destroyed	215
2026-08-12T04:44:39Z	GUNSEAT	2374	fjordgate	42148	A	C	core_destroyed	209
2026-08-12T04:44:40Z	GUNSEAT	2375	fjordgate	42148	B	T	core_destroyed	140
2026-08-12T04:44:42Z	GUNSEAT	2376	heart	42148	A	T	core_destroyed	106
2026-08-12T04:44:47Z	GUNSEAT	2377	heart	42148	B	C	core_destroyed	263
2026-08-12T04:44:50Z	GUNSEAT	2378	hive	42148	A	T	core_destroyed	262
2026-08-12T04:44:52Z	GUNSEAT	2379	hive	42148	B	T	core_destroyed	135
2026-08-12T04:44:54Z	GUNSEAT	2380	meander	42148	A	C	core_destroyed	114
2026-08-12T04:44:57Z	GUNSEAT	2381	meander	42148	B	T	core_destroyed	310
2026-08-12T04:45:00Z	GUNSEAT	2382	nordkap	42148	A	T	core_destroyed	253
2026-08-12T04:45:04Z	GUNSEAT	2383	nordkap	42148	B	T	core_destroyed	275
2026-08-12T04:45:07Z	GUNSEAT	2384	antler	42149	A	T	core_destroyed	659
2026-08-12T04:45:09Z	GUNSEAT	2385	antler	42149	B	T	core_destroyed	144
2026-08-12T04:45:11Z	GUNSEAT	2386	atoll	42149	A	C	core_destroyed	227
2026-08-12T04:45:12Z	GUNSEAT	2387	atoll	42149	B	C	core_destroyed	195
2026-08-12T04:45:16Z	GUNSEAT	2388	drumlin	42149	A	C	core_destroyed	312
2026-08-12T04:45:18Z	GUNSEAT	2389	drumlin	42149	B	C	core_destroyed	166
2026-08-12T04:45:20Z	GUNSEAT	2390	fjordgate	42149	A	T	core_destroyed	285
2026-08-12T04:45:21Z	GUNSEAT	2391	fjordgate	42149	B	T	core_destroyed	259
2026-08-12T04:45:23Z	GUNSEAT	2392	heart	42149	A	C	core_destroyed	143
2026-08-12T04:45:26Z	GUNSEAT	2393	heart	42149	B	C	core_destroyed	258
2026-08-12T04:45:30Z	GUNSEAT	2394	hive	42149	A	C	core_destroyed	325
2026-08-12T04:45:32Z	GUNSEAT	2395	hive	42149	B	T	core_destroyed	132
2026-08-12T04:45:34Z	GUNSEAT	2396	meander	42149	A	T	core_destroyed	292
2026-08-12T04:45:36Z	GUNSEAT	2397	meander	42149	B	C	core_destroyed	150
2026-08-12T04:45:39Z	GUNSEAT	2398	nordkap	42149	A	T	core_destroyed	262
2026-08-12T04:45:41Z	GUNSEAT	2399	nordkap	42149	B	T	core_destroyed	282
2026-08-12T04:45:43Z	GUNSEAT	2400	antler	42150	A	C	core_destroyed	203
2026-08-12T04:45:45Z	GUNSEAT	2401	antler	42150	B	C	core_destroyed	133
2026-08-12T04:45:47Z	GUNSEAT	2402	atoll	42150	A	C	core_destroyed	190
2026-08-12T04:45:48Z	GUNSEAT	2403	atoll	42150	B	T	core_destroyed	222
2026-08-12T04:45:51Z	GUNSEAT	2404	drumlin	42150	A	T	core_destroyed	213
2026-08-12T04:45:54Z	GUNSEAT	2405	drumlin	42150	B	C	core_destroyed	225
2026-08-12T04:45:55Z	GUNSEAT	2406	fjordgate	42150	A	T	core_destroyed	177
2026-08-12T04:45:56Z	GUNSEAT	2407	fjordgate	42150	B	C	core_destroyed	130
2026-08-12T04:46:01Z	GUNSEAT	2408	heart	42150	A	T	core_destroyed	268
2026-08-12T04:46:08Z	GUNSEAT	2409	heart	42150	B	T	core_destroyed	407
2026-08-12T04:46:10Z	GUNSEAT	2410	hive	42150	A	T	core_destroyed	152
2026-08-12T04:46:20Z	GUNSEAT	2411	hive	42150	B	C	core_destroyed	669
2026-08-12T04:46:24Z	GUNSEAT	2412	meander	42150	A	T	tiebreak	1000
2026-08-12T04:46:26Z	GUNSEAT	2413	meander	42150	B	C	core_destroyed	135
2026-08-12T04:46:28Z	GUNSEAT	2414	nordkap	42150	A	T	core_destroyed	244
2026-08-12T04:46:31Z	GUNSEAT	2415	nordkap	42150	B	T	core_destroyed	371
2026-08-12T04:46:34Z	GUNSEAT	2416	antler	42151	A	C	core_destroyed	174
2026-08-12T04:46:37Z	GUNSEAT	2417	antler	42151	B	T	core_destroyed	320
2026-08-12T04:46:38Z	GUNSEAT	2418	atoll	42151	A	C	core_destroyed	87
2026-08-12T04:46:41Z	GUNSEAT	2419	atoll	42151	B	T	core_destroyed	321
2026-08-12T04:46:43Z	GUNSEAT	2420	drumlin	42151	A	T	core_destroyed	175
2026-08-12T04:46:45Z	GUNSEAT	2421	drumlin	42151	B	C	core_destroyed	99
2026-08-12T04:46:46Z	GUNSEAT	2422	fjordgate	42151	A	C	core_destroyed	285
2026-08-12T04:46:48Z	GUNSEAT	2423	fjordgate	42151	B	T	core_destroyed	177
2026-08-12T04:46:50Z	GUNSEAT	2424	heart	42151	A	T	core_destroyed	109
2026-08-12T04:46:54Z	GUNSEAT	2425	heart	42151	B	T	core_destroyed	332
2026-08-12T04:46:59Z	GUNSEAT	2426	hive	42151	A	C	core_destroyed	499
2026-08-12T04:47:02Z	GUNSEAT	2427	hive	42151	B	T	core_destroyed	245
2026-08-12T04:47:04Z	GUNSEAT	2428	meander	42151	A	C	core_destroyed	204
2026-08-12T04:47:05Z	GUNSEAT	2429	meander	42151	B	C	core_destroyed	142
2026-08-12T04:47:07Z	GUNSEAT	2430	nordkap	42151	A	C	core_destroyed	248
2026-08-12T04:47:10Z	GUNSEAT	2431	nordkap	42151	B	C	core_destroyed	242
2026-08-12T04:47:13Z	GUNSEAT	2432	antler	42152	A	C	core_destroyed	605
2026-08-12T04:47:16Z	GUNSEAT	2433	antler	42152	B	C	core_destroyed	193
2026-08-12T04:47:18Z	GUNSEAT	2434	atoll	42152	A	T	core_destroyed	395
2026-08-12T04:47:19Z	GUNSEAT	2435	atoll	42152	B	T	core_destroyed	226
2026-08-12T04:47:23Z	GUNSEAT	2436	drumlin	42152	A	T	core_destroyed	259
2026-08-12T04:47:27Z	GUNSEAT	2437	drumlin	42152	B	T	core_destroyed	318
2026-08-12T04:47:28Z	GUNSEAT	2438	fjordgate	42152	A	C	core_destroyed	187
2026-08-12T04:47:30Z	GUNSEAT	2439	fjordgate	42152	B	C	core_destroyed	179
2026-08-12T04:47:32Z	GUNSEAT	2440	heart	42152	A	C	core_destroyed	148
2026-08-12T04:47:35Z	GUNSEAT	2441	heart	42152	B	T	core_destroyed	257
2026-08-12T04:47:41Z	GUNSEAT	2442	hive	42152	A	T	core_destroyed	361
2026-08-12T04:47:43Z	GUNSEAT	2443	hive	42152	B	C	core_destroyed	129
2026-08-12T04:47:45Z	GUNSEAT	2444	meander	42152	A	T	core_destroyed	153
2026-08-12T04:47:46Z	GUNSEAT	2445	meander	42152	B	C	core_destroyed	141
2026-08-12T04:47:47Z	GUNSEAT	2446	nordkap	42152	A	T	core_destroyed	143
2026-08-12T04:47:49Z	GUNSEAT	2447	nordkap	42152	B	C	core_destroyed	182
2026-08-12T04:47:52Z	GUNSEAT	2448	antler	42153	A	C	core_destroyed	332
2026-08-12T04:47:53Z	GUNSEAT	2449	antler	42153	B	C	core_destroyed	123
2026-08-12T04:47:56Z	GUNSEAT	2450	atoll	42153	A	T	core_destroyed	381
2026-08-12T04:47:58Z	GUNSEAT	2451	atoll	42153	B	T	core_destroyed	183
2026-08-12T04:48:01Z	GUNSEAT	2452	drumlin	42153	A	T	core_destroyed	212
2026-08-12T04:48:02Z	GUNSEAT	2453	drumlin	42153	B	C	core_destroyed	173
2026-08-12T04:48:04Z	GUNSEAT	2454	fjordgate	42153	A	C	core_destroyed	137
2026-08-12T04:48:05Z	GUNSEAT	2455	fjordgate	42153	B	T	core_destroyed	183
2026-08-12T04:48:07Z	GUNSEAT	2456	heart	42153	A	T	core_destroyed	111
2026-08-12T04:48:13Z	GUNSEAT	2457	heart	42153	B	C	core_destroyed	295
2026-08-12T04:48:16Z	GUNSEAT	2458	hive	42153	A	T	core_destroyed	165
2026-08-12T04:48:17Z	GUNSEAT	2459	hive	42153	B	T	core_destroyed	123
2026-08-12T04:48:19Z	GUNSEAT	2460	meander	42153	A	T	core_destroyed	138
2026-08-12T04:48:21Z	GUNSEAT	2461	meander	42153	B	T	core_destroyed	176
2026-08-12T04:48:22Z	GUNSEAT	2462	nordkap	42153	A	C	core_destroyed	222
2026-08-12T04:48:25Z	GUNSEAT	2463	nordkap	42153	B	C	core_destroyed	185
2026-08-12T04:48:26Z	GUNSEAT	2464	antler	42154	A	T	core_destroyed	130
2026-08-12T04:48:29Z	GUNSEAT	2465	antler	42154	B	C	core_destroyed	418
2026-08-12T04:48:30Z	GUNSEAT	2466	atoll	42154	A	T	core_destroyed	187
2026-08-12T04:48:32Z	GUNSEAT	2467	atoll	42154	B	T	core_destroyed	344
2026-08-12T04:48:36Z	GUNSEAT	2468	drumlin	42154	A	T	core_destroyed	371
2026-08-12T04:48:38Z	GUNSEAT	2469	drumlin	42154	B	C	core_destroyed	124
2026-08-12T04:48:39Z	GUNSEAT	2470	fjordgate	42154	A	C	core_destroyed	157
2026-08-12T04:48:40Z	GUNSEAT	2471	fjordgate	42154	B	T	core_destroyed	316
2026-08-12T04:48:44Z	GUNSEAT	2472	heart	42154	A	T	core_destroyed	217
2026-08-12T04:48:47Z	GUNSEAT	2473	heart	42154	B	C	core_destroyed	220
2026-08-12T04:48:51Z	GUNSEAT	2474	hive	42154	A	T	core_destroyed	270
2026-08-12T04:48:56Z	GUNSEAT	2475	hive	42154	B	T	core_destroyed	402
2026-08-12T04:48:58Z	GUNSEAT	2476	meander	42154	A	T	core_destroyed	154
2026-08-12T04:48:59Z	GUNSEAT	2477	meander	42154	B	C	core_destroyed	155
2026-08-12T04:49:04Z	GUNSEAT	2478	nordkap	42154	A	T	core_destroyed	375
2026-08-12T04:49:07Z	GUNSEAT	2479	nordkap	42154	B	C	core_destroyed	162
2026-08-12T04:49:08Z	GUNSEAT	2480	antler	42155	A	C	core_destroyed	160
2026-08-12T04:49:13Z	GUNSEAT	2481	antler	42155	B	T	tiebreak	1000
2026-08-12T04:49:18Z	GUNSEAT	2482	atoll	42155	A	T	core_destroyed	455
2026-08-12T04:49:20Z	GUNSEAT	2483	atoll	42155	B	T	core_destroyed	181
2026-08-12T04:49:25Z	GUNSEAT	2484	drumlin	42155	A	C	core_destroyed	370
2026-08-12T04:49:27Z	GUNSEAT	2485	drumlin	42155	B	C	core_destroyed	120
2026-08-12T04:49:28Z	GUNSEAT	2486	fjordgate	42155	A	T	core_destroyed	198
2026-08-12T04:49:30Z	GUNSEAT	2487	fjordgate	42155	B	C	core_destroyed	140
2026-08-12T04:49:31Z	GUNSEAT	2488	heart	42155	A	C	core_destroyed	534
2026-08-12T04:49:36Z	GUNSEAT	2489	heart	42155	B	T	core_destroyed	243
2026-08-12T04:49:40Z	GUNSEAT	2490	hive	42155	A	T	core_destroyed	341
2026-08-12T04:49:45Z	GUNSEAT	2491	hive	42155	B	C	core_destroyed	293
2026-08-12T04:49:46Z	GUNSEAT	2492	meander	42155	A	T	core_destroyed	144
2026-08-12T04:49:48Z	GUNSEAT	2493	meander	42155	B	T	core_destroyed	203
2026-08-12T04:49:50Z	GUNSEAT	2494	nordkap	42155	A	C	core_destroyed	213
2026-08-12T04:49:51Z	GUNSEAT	2495	nordkap	42155	B	T	core_destroyed	151
2026-08-12T04:49:55Z	GUNSEAT	2496	antler	42156	A	T	core_destroyed	280
2026-08-12T04:49:57Z	GUNSEAT	2497	antler	42156	B	T	core_destroyed	181
2026-08-12T04:50:00Z	GUNSEAT	2498	atoll	42156	A	T	tiebreak	1000
2026-08-12T04:50:03Z	GUNSEAT	2499	atoll	42156	B	T	tiebreak	1000
2026-08-12T04:50:08Z	GUNSEAT	2500	drumlin	42156	A	T	core_destroyed	337
2026-08-12T04:50:11Z	GUNSEAT	2501	drumlin	42156	B	C	core_destroyed	444
2026-08-12T04:50:12Z	GUNSEAT	2502	fjordgate	42156	A	C	core_destroyed	179
2026-08-12T04:50:13Z	GUNSEAT	2503	fjordgate	42156	B	C	core_destroyed	116
2026-08-12T04:50:17Z	GUNSEAT	2504	heart	42156	A	T	core_destroyed	229
2026-08-12T04:50:19Z	GUNSEAT	2505	heart	42156	B	T	core_destroyed	146
2026-08-12T04:50:21Z	GUNSEAT	2506	hive	42156	A	T	core_destroyed	181
2026-08-12T04:50:23Z	GUNSEAT	2507	hive	42156	B	T	core_destroyed	114
2026-08-12T04:50:25Z	GUNSEAT	2508	meander	42156	A	T	core_destroyed	387
2026-08-12T04:50:26Z	GUNSEAT	2509	meander	42156	B	C	core_destroyed	92
2026-08-12T04:50:27Z	GUNSEAT	2510	nordkap	42156	A	T	core_destroyed	111
2026-08-12T04:50:30Z	GUNSEAT	2511	nordkap	42156	B	T	core_destroyed	269
2026-08-12T04:50:33Z	GUNSEAT	2512	antler	42157	A	T	core_destroyed	247
2026-08-12T04:50:34Z	GUNSEAT	2513	antler	42157	B	T	core_destroyed	124
2026-08-12T04:50:37Z	GUNSEAT	2514	atoll	42157	A	T	core_destroyed	737
2026-08-12T04:50:39Z	GUNSEAT	2515	atoll	42157	B	C	core_destroyed	193
2026-08-12T04:50:41Z	GUNSEAT	2516	drumlin	42157	A	T	core_destroyed	170
2026-08-12T04:50:44Z	GUNSEAT	2517	drumlin	42157	B	T	core_destroyed	222
2026-08-12T04:50:45Z	GUNSEAT	2518	fjordgate	42157	A	T	core_destroyed	85
2026-08-12T04:50:46Z	GUNSEAT	2519	fjordgate	42157	B	T	core_destroyed	125
2026-08-12T04:50:48Z	GUNSEAT	2520	heart	42157	A	T	core_destroyed	134
2026-08-12T04:50:55Z	GUNSEAT	2521	heart	42157	B	C	core_destroyed	400
2026-08-12T04:50:57Z	GUNSEAT	2522	hive	42157	A	C	core_destroyed	137
2026-08-12T04:51:01Z	GUNSEAT	2523	hive	42157	B	C	core_destroyed	231
2026-08-12T04:51:03Z	GUNSEAT	2524	meander	42157	A	C	core_destroyed	203
2026-08-12T04:51:05Z	GUNSEAT	2525	meander	42157	B	T	core_destroyed	217
2026-08-12T04:51:06Z	GUNSEAT	2526	nordkap	42157	A	T	core_destroyed	158
2026-08-12T04:51:10Z	GUNSEAT	2527	nordkap	42157	B	C	core_destroyed	296
2026-08-12T04:51:13Z	GUNSEAT	2528	antler	42158	A	T	core_destroyed	174
2026-08-12T04:51:15Z	GUNSEAT	2529	antler	42158	B	T	core_destroyed	193
2026-08-12T04:51:16Z	GUNSEAT	2530	atoll	42158	A	C	core_destroyed	310
2026-08-12T04:51:26Z	GUNSEAT	2531	atoll	42158	B	C	core_destroyed	884
2026-08-12T04:51:31Z	GUNSEAT	2532	drumlin	42158	A	T	core_destroyed	320
2026-08-12T04:51:36Z	GUNSEAT	2533	drumlin	42158	B	T	core_destroyed	351
2026-08-12T04:51:38Z	GUNSEAT	2534	fjordgate	42158	A	T	core_destroyed	241
2026-08-12T04:51:40Z	GUNSEAT	2535	fjordgate	42158	B	C	core_destroyed	212
2026-08-12T04:51:47Z	GUNSEAT	2536	heart	42158	A	C	core_destroyed	599
2026-08-12T04:51:50Z	GUNSEAT	2537	heart	42158	B	C	core_destroyed	166
2026-08-12T04:51:54Z	GUNSEAT	2538	hive	42158	A	C	core_destroyed	221
2026-08-12T04:51:58Z	GUNSEAT	2539	hive	42158	B	T	core_destroyed	269
2026-08-12T04:51:59Z	GUNSEAT	2540	meander	42158	A	T	core_destroyed	121
2026-08-12T04:52:01Z	GUNSEAT	2541	meander	42158	B	C	core_destroyed	212
2026-08-12T04:52:04Z	GUNSEAT	2542	nordkap	42158	A	T	core_destroyed	277
2026-08-12T04:52:08Z	GUNSEAT	2543	nordkap	42158	B	T	core_destroyed	427
2026-08-12T04:52:10Z	GUNSEAT	2544	antler	42159	A	C	core_destroyed	195
2026-08-12T04:52:12Z	GUNSEAT	2545	antler	42159	B	C	core_destroyed	113
2026-08-12T04:52:15Z	GUNSEAT	2546	atoll	42159	A	C	core_destroyed	440
2026-08-12T04:52:18Z	GUNSEAT	2547	atoll	42159	B	T	core_destroyed	255
2026-08-12T04:52:20Z	GUNSEAT	2548	drumlin	42159	A	C	core_destroyed	180
2026-08-12T04:52:22Z	GUNSEAT	2549	drumlin	42159	B	C	core_destroyed	127
2026-08-12T04:52:23Z	GUNSEAT	2550	fjordgate	42159	A	T	core_destroyed	196
2026-08-12T04:52:24Z	GUNSEAT	2551	fjordgate	42159	B	C	core_destroyed	128
2026-08-12T04:52:26Z	GUNSEAT	2552	heart	42159	A	C	core_destroyed	155
2026-08-12T04:52:28Z	GUNSEAT	2553	heart	42159	B	T	core_destroyed	146
2026-08-12T04:52:31Z	GUNSEAT	2554	hive	42159	A	C	core_destroyed	179
2026-08-12T04:52:37Z	GUNSEAT	2555	hive	42159	B	T	core_destroyed	360
2026-08-12T04:52:39Z	GUNSEAT	2556	meander	42159	A	C	core_destroyed	118
2026-08-12T04:52:40Z	GUNSEAT	2557	meander	42159	B	C	core_destroyed	133
2026-08-12T04:52:43Z	GUNSEAT	2558	nordkap	42159	A	T	core_destroyed	241
2026-08-12T04:52:44Z	GUNSEAT	2559	nordkap	42159	B	T	core_destroyed	180
2026-08-12T04:52:49Z	GUNSEAT	2560	antler	42160	A	C	tiebreak	1000
2026-08-12T04:52:50Z	GUNSEAT	2561	antler	42160	B	C	core_destroyed	200
2026-08-12T04:52:54Z	GUNSEAT	2562	atoll	42160	A	C	core_destroyed	416
2026-08-12T04:52:55Z	GUNSEAT	2563	atoll	42160	B	C	core_destroyed	120
2026-08-12T04:53:00Z	GUNSEAT	2564	drumlin	42160	A	T	core_destroyed	363
2026-08-12T04:53:05Z	GUNSEAT	2565	drumlin	42160	B	C	core_destroyed	391
2026-08-12T04:53:06Z	GUNSEAT	2566	fjordgate	42160	A	T	core_destroyed	233
2026-08-12T04:53:08Z	GUNSEAT	2567	fjordgate	42160	B	C	core_destroyed	283
2026-08-12T04:53:10Z	GUNSEAT	2568	heart	42160	A	T	core_destroyed	191
2026-08-12T04:53:14Z	GUNSEAT	2569	heart	42160	B	T	core_destroyed	304
2026-08-12T04:53:16Z	GUNSEAT	2570	hive	42160	A	T	core_destroyed	137
2026-08-12T04:53:19Z	GUNSEAT	2571	hive	42160	B	C	core_destroyed	206
2026-08-12T04:53:21Z	GUNSEAT	2572	meander	42160	A	C	core_destroyed	179
2026-08-12T04:53:22Z	GUNSEAT	2573	meander	42160	B	C	core_destroyed	157
2026-08-12T04:53:27Z	GUNSEAT	2574	nordkap	42160	A	T	core_destroyed	385
2026-08-12T04:53:29Z	GUNSEAT	2575	nordkap	42160	B	C	core_destroyed	224
2026-08-12T04:53:32Z	GUNSEAT	2576	antler	42161	A	T	core_destroyed	220
2026-08-12T04:53:34Z	GUNSEAT	2577	antler	42161	B	T	core_destroyed	175
2026-08-12T04:53:36Z	GUNSEAT	2578	atoll	42161	A	C	core_destroyed	196
2026-08-12T04:53:40Z	GUNSEAT	2579	atoll	42161	B	C	core_destroyed	677
2026-08-12T04:53:43Z	GUNSEAT	2580	drumlin	42161	A	T	core_destroyed	290
2026-08-12T04:53:45Z	GUNSEAT	2581	drumlin	42161	B	C	core_destroyed	207
2026-08-12T04:53:47Z	GUNSEAT	2582	fjordgate	42161	A	T	core_destroyed	227
2026-08-12T04:53:48Z	GUNSEAT	2583	fjordgate	42161	B	T	core_destroyed	140
2026-08-12T04:53:51Z	GUNSEAT	2584	heart	42161	A	C	core_destroyed	144
2026-08-12T04:53:53Z	GUNSEAT	2585	heart	42161	B	T	core_destroyed	130
2026-08-12T04:53:55Z	GUNSEAT	2586	hive	42161	A	T	core_destroyed	134
2026-08-12T04:54:00Z	GUNSEAT	2587	hive	42161	B	T	core_destroyed	268
2026-08-12T04:54:03Z	GUNSEAT	2588	meander	42161	A	C	core_destroyed	360
2026-08-12T04:54:05Z	GUNSEAT	2589	meander	42161	B	C	core_destroyed	133
2026-08-12T04:54:06Z	GUNSEAT	2590	nordkap	42161	A	T	core_destroyed	146
2026-08-12T04:54:09Z	GUNSEAT	2591	nordkap	42161	B	T	core_destroyed	322
2026-08-12T04:54:11Z	GUNSEAT	2592	antler	42162	A	T	core_destroyed	126
2026-08-12T04:54:13Z	GUNSEAT	2593	antler	42162	B	C	core_destroyed	165
2026-08-12T04:54:19Z	GUNSEAT	2594	atoll	42162	A	T	core_destroyed	529
2026-08-12T04:54:21Z	GUNSEAT	2595	atoll	42162	B	T	core_destroyed	163
2026-08-12T04:54:23Z	GUNSEAT	2596	drumlin	42162	A	T	core_destroyed	169
2026-08-12T04:54:25Z	GUNSEAT	2597	drumlin	42162	B	C	core_destroyed	148
2026-08-12T04:54:28Z	GUNSEAT	2598	fjordgate	42162	A	T	tiebreak	1000
2026-08-12T04:54:31Z	GUNSEAT	2599	fjordgate	42162	B	C	core_destroyed	917
2026-08-12T04:54:35Z	GUNSEAT	2600	heart	42162	A	T	core_destroyed	217
2026-08-12T04:54:37Z	GUNSEAT	2601	heart	42162	B	C	core_destroyed	118
2026-08-12T04:54:42Z	GUNSEAT	2602	hive	42162	A	T	core_destroyed	421
2026-08-12T04:54:46Z	GUNSEAT	2603	hive	42162	B	C	core_destroyed	218
2026-08-12T04:54:48Z	GUNSEAT	2604	meander	42162	A	T	core_destroyed	432
2026-08-12T04:54:49Z	GUNSEAT	2605	meander	42162	B	C	core_destroyed	166
2026-08-12T04:54:53Z	GUNSEAT	2606	nordkap	42162	A	C	core_destroyed	270
2026-08-12T04:54:55Z	GUNSEAT	2607	nordkap	42162	B	C	core_destroyed	211
2026-08-12T04:54:56Z	GUNSEAT	2608	antler	42163	A	C	core_destroyed	127
2026-08-12T04:54:58Z	GUNSEAT	2609	antler	42163	B	C	core_destroyed	151
2026-08-12T04:55:00Z	GUNSEAT	2610	atoll	42163	A	C	core_destroyed	155
2026-08-12T04:55:02Z	GUNSEAT	2611	atoll	42163	B	C	core_destroyed	211
2026-08-12T04:55:05Z	GUNSEAT	2612	drumlin	42163	A	T	core_destroyed	235
2026-08-12T04:55:07Z	GUNSEAT	2613	drumlin	42163	B	T	core_destroyed	153
2026-08-12T04:55:09Z	GUNSEAT	2614	fjordgate	42163	A	T	core_destroyed	219
2026-08-12T04:55:10Z	GUNSEAT	2615	fjordgate	42163	B	C	core_destroyed	113
2026-08-12T04:55:22Z	GUNSEAT	2616	heart	42163	A	C	tiebreak	1000
2026-08-12T04:55:27Z	GUNSEAT	2617	heart	42163	B	T	tiebreak	1000
2026-08-12T04:55:29Z	GUNSEAT	2618	hive	42163	A	C	core_destroyed	152
2026-08-12T04:55:35Z	GUNSEAT	2619	hive	42163	B	T	core_destroyed	400
2026-08-12T04:55:36Z	GUNSEAT	2620	meander	42163	A	T	core_destroyed	95
2026-08-12T04:55:38Z	GUNSEAT	2621	meander	42163	B	C	core_destroyed	170
2026-08-12T04:55:41Z	GUNSEAT	2622	nordkap	42163	A	C	core_destroyed	349
2026-08-12T04:55:43Z	GUNSEAT	2623	nordkap	42163	B	C	core_destroyed	233
2026-08-12T04:55:44Z	GUNSEAT	2624	antler	42164	A	C	core_destroyed	151
2026-08-12T04:55:46Z	GUNSEAT	2625	antler	42164	B	T	core_destroyed	160
2026-08-12T04:55:52Z	GUNSEAT	2626	atoll	42164	A	C	core_destroyed	691
2026-08-12T04:55:55Z	GUNSEAT	2627	atoll	42164	B	C	core_destroyed	367
2026-08-12T04:56:00Z	GUNSEAT	2628	drumlin	42164	A	C	core_destroyed	309
2026-08-12T04:56:01Z	GUNSEAT	2629	drumlin	42164	B	C	core_destroyed	102
2026-08-12T04:56:02Z	GUNSEAT	2630	fjordgate	42164	A	C	core_destroyed	105
2026-08-12T04:56:04Z	GUNSEAT	2631	fjordgate	42164	B	C	core_destroyed	125
2026-08-12T04:56:08Z	GUNSEAT	2632	heart	42164	A	C	core_destroyed	384
2026-08-12T04:56:10Z	GUNSEAT	2633	heart	42164	B	T	core_destroyed	111
2026-08-12T04:56:15Z	GUNSEAT	2634	hive	42164	A	T	core_destroyed	336
2026-08-12T04:56:17Z	GUNSEAT	2635	hive	42164	B	C	core_destroyed	267
2026-08-12T04:56:19Z	GUNSEAT	2636	meander	42164	A	T	core_destroyed	317
2026-08-12T04:56:22Z	GUNSEAT	2637	meander	42164	B	C	core_destroyed	331
2026-08-12T04:56:24Z	GUNSEAT	2638	nordkap	42164	A	T	core_destroyed	119
2026-08-12T04:56:26Z	GUNSEAT	2639	nordkap	42164	B	T	core_destroyed	242
2026-08-12T04:56:28Z	GUNSEAT	2640	antler	42165	A	T	core_destroyed	289
2026-08-12T04:56:31Z	GUNSEAT	2641	antler	42165	B	T	core_destroyed	420
2026-08-12T04:56:33Z	GUNSEAT	2642	atoll	42165	A	C	core_destroyed	239
2026-08-12T04:56:36Z	GUNSEAT	2643	atoll	42165	B	C	core_destroyed	412
2026-08-12T04:56:39Z	GUNSEAT	2644	drumlin	42165	A	C	core_destroyed	243
2026-08-12T04:56:43Z	GUNSEAT	2645	drumlin	42165	B	T	core_destroyed	309
2026-08-12T04:56:45Z	GUNSEAT	2646	fjordgate	42165	A	C	core_destroyed	113
2026-08-12T04:56:46Z	GUNSEAT	2647	fjordgate	42165	B	C	core_destroyed	198
2026-08-12T04:56:50Z	GUNSEAT	2648	heart	42165	A	T	core_destroyed	195
2026-08-12T04:57:05Z	GUNSEAT	2649	heart	42165	B	C	tiebreak	1000
2026-08-12T04:57:11Z	GUNSEAT	2650	hive	42165	A	T	core_destroyed	413
2026-08-12T04:57:30Z	GUNSEAT	2651	hive	42165	B	T	core_destroyed	955
2026-08-12T04:57:31Z	GUNSEAT	2652	meander	42165	A	C	core_destroyed	221
2026-08-12T04:57:34Z	GUNSEAT	2653	meander	42165	B	T	core_destroyed	246
2026-08-12T04:57:35Z	GUNSEAT	2654	nordkap	42165	A	C	core_destroyed	160
2026-08-12T04:57:37Z	GUNSEAT	2655	nordkap	42165	B	T	core_destroyed	227
2026-08-12T04:57:40Z	GUNSEAT	2656	antler	42166	A	T	core_destroyed	192
2026-08-12T04:57:42Z	GUNSEAT	2657	antler	42166	B	C	core_destroyed	164
2026-08-12T04:57:44Z	GUNSEAT	2658	atoll	42166	A	T	core_destroyed	252
2026-08-12T04:57:46Z	GUNSEAT	2659	atoll	42166	B	T	core_destroyed	255
2026-08-12T04:57:48Z	GUNSEAT	2660	drumlin	42166	A	T	core_destroyed	96
2026-08-12T04:57:50Z	GUNSEAT	2661	drumlin	42166	B	C	core_destroyed	120
2026-08-12T04:57:51Z	GUNSEAT	2662	fjordgate	42166	A	T	core_destroyed	289
2026-08-12T04:57:53Z	GUNSEAT	2663	fjordgate	42166	B	C	core_destroyed	154
2026-08-12T04:57:55Z	GUNSEAT	2664	heart	42166	A	T	core_destroyed	202
2026-08-12T04:58:02Z	GUNSEAT	2665	heart	42166	B	T	core_destroyed	340
2026-08-12T04:58:04Z	GUNSEAT	2666	hive	42166	A	C	core_destroyed	152
2026-08-12T04:58:07Z	GUNSEAT	2667	hive	42166	B	C	core_destroyed	161
2026-08-12T04:58:08Z	GUNSEAT	2668	meander	42166	A	C	core_destroyed	157
2026-08-12T04:58:10Z	GUNSEAT	2669	meander	42166	B	T	core_destroyed	301
2026-08-12T04:58:14Z	GUNSEAT	2670	nordkap	42166	A	T	core_destroyed	308
2026-08-12T04:58:17Z	GUNSEAT	2671	nordkap	42166	B	T	core_destroyed	311
2026-08-12T04:58:18Z	GUNSEAT	2672	antler	42167	A	C	core_destroyed	140
2026-08-12T04:58:20Z	GUNSEAT	2673	antler	42167	B	C	core_destroyed	176
2026-08-12T04:58:22Z	GUNSEAT	2674	atoll	42167	A	T	core_destroyed	198
2026-08-12T04:58:26Z	GUNSEAT	2675	atoll	42167	B	T	core_destroyed	467
2026-08-12T04:58:32Z	GUNSEAT	2676	drumlin	42167	A	C	core_destroyed	464
2026-08-12T04:58:34Z	GUNSEAT	2677	drumlin	42167	B	C	core_destroyed	166
2026-08-12T04:58:37Z	GUNSEAT	2678	fjordgate	42167	A	C	core_destroyed	401
2026-08-12T04:58:39Z	GUNSEAT	2679	fjordgate	42167	B	T	core_destroyed	449
2026-08-12T04:58:41Z	GUNSEAT	2680	heart	42167	A	C	core_destroyed	192
2026-08-12T04:58:44Z	GUNSEAT	2681	heart	42167	B	C	core_destroyed	258
2026-08-12T04:58:46Z	GUNSEAT	2682	hive	42167	A	T	core_destroyed	152
2026-08-12T04:58:48Z	GUNSEAT	2683	hive	42167	B	C	core_destroyed	139
2026-08-12T04:58:50Z	GUNSEAT	2684	meander	42167	A	C	core_destroyed	270
2026-08-12T04:58:53Z	GUNSEAT	2685	meander	42167	B	T	core_destroyed	295
2026-08-12T04:58:56Z	GUNSEAT	2686	nordkap	42167	A	T	core_destroyed	291
2026-08-12T04:58:58Z	GUNSEAT	2687	nordkap	42167	B	C	core_destroyed	166
2026-08-12T04:59:00Z	GUNSEAT	2688	antler	42168	A	C	core_destroyed	128
2026-08-12T04:59:02Z	GUNSEAT	2689	antler	42168	B	T	core_destroyed	332
2026-08-12T04:59:05Z	GUNSEAT	2690	atoll	42168	A	C	core_destroyed	397
2026-08-12T04:59:07Z	GUNSEAT	2691	atoll	42168	B	C	core_destroyed	386
2026-08-12T04:59:09Z	GUNSEAT	2692	drumlin	42168	A	C	core_destroyed	144
2026-08-12T04:59:12Z	GUNSEAT	2693	drumlin	42168	B	T	core_destroyed	236
2026-08-12T04:59:14Z	GUNSEAT	2694	fjordgate	42168	A	C	core_destroyed	287
2026-08-12T04:59:15Z	GUNSEAT	2695	fjordgate	42168	B	C	core_destroyed	443
2026-08-12T04:59:17Z	GUNSEAT	2696	heart	42168	A	C	core_destroyed	120
2026-08-12T04:59:21Z	GUNSEAT	2697	heart	42168	B	C	core_destroyed	374
2026-08-12T04:59:24Z	GUNSEAT	2698	hive	42168	A	T	core_destroyed	202
2026-08-12T04:59:27Z	GUNSEAT	2699	hive	42168	B	C	core_destroyed	173
2026-08-12T04:59:29Z	GUNSEAT	2700	meander	42168	A	T	core_destroyed	553
2026-08-12T04:59:30Z	GUNSEAT	2701	meander	42168	B	T	core_destroyed	105
2026-08-12T04:59:32Z	GUNSEAT	2702	nordkap	42168	A	T	core_destroyed	148
2026-08-12T04:59:35Z	GUNSEAT	2703	nordkap	42168	B	T	core_destroyed	403
2026-08-12T04:59:38Z	GUNSEAT	2704	antler	42169	A	C	core_destroyed	405
2026-08-12T04:59:39Z	GUNSEAT	2705	antler	42169	B	T	core_destroyed	106
2026-08-12T04:59:42Z	GUNSEAT	2706	atoll	42169	A	C	core_destroyed	261
2026-08-12T04:59:45Z	GUNSEAT	2707	atoll	42169	B	T	core_destroyed	218
2026-08-12T04:59:55Z	GUNSEAT	2708	drumlin	42169	A	C	tiebreak	1000
2026-08-12T04:59:58Z	GUNSEAT	2709	drumlin	42169	B	T	core_destroyed	248
2026-08-12T05:00:00Z	GUNSEAT	2710	fjordgate	42169	A	C	core_destroyed	165
2026-08-12T05:00:02Z	GUNSEAT	2711	fjordgate	42169	B	T	core_destroyed	224
2026-08-12T05:00:04Z	GUNSEAT	2712	heart	42169	A	T	core_destroyed	123
2026-08-12T05:00:11Z	GUNSEAT	2713	heart	42169	B	T	core_destroyed	507
2026-08-12T05:00:14Z	GUNSEAT	2714	hive	42169	A	C	core_destroyed	208
2026-08-12T05:00:17Z	GUNSEAT	2715	hive	42169	B	C	core_destroyed	191
2026-08-12T05:00:19Z	GUNSEAT	2716	meander	42169	A	T	core_destroyed	257
2026-08-12T05:00:21Z	GUNSEAT	2717	meander	42169	B	C	core_destroyed	157
2026-08-12T05:00:24Z	GUNSEAT	2718	nordkap	42169	A	C	core_destroyed	392
2026-08-12T05:00:26Z	GUNSEAT	2719	nordkap	42169	B	T	core_destroyed	167
2026-08-12T05:00:28Z	GUNSEAT	2720	antler	42170	A	T	core_destroyed	162
2026-08-12T05:00:33Z	GUNSEAT	2721	antler	42170	B	C	tiebreak	1000
2026-08-12T05:00:41Z	GUNSEAT	2722	atoll	42170	A	T	core_destroyed	530
2026-08-12T05:00:42Z	GUNSEAT	2723	atoll	42170	B	T	core_destroyed	128
2026-08-12T05:00:45Z	GUNSEAT	2724	drumlin	42170	A	C	core_destroyed	167
2026-08-12T05:00:47Z	GUNSEAT	2725	drumlin	42170	B	T	core_destroyed	205
2026-08-12T05:00:48Z	GUNSEAT	2726	fjordgate	42170	A	T	core_destroyed	158
2026-08-12T05:00:50Z	GUNSEAT	2727	fjordgate	42170	B	C	core_destroyed	185
2026-08-12T05:00:52Z	GUNSEAT	2728	heart	42170	A	T	core_destroyed	127
2026-08-12T05:00:54Z	GUNSEAT	2729	heart	42170	B	T	core_destroyed	112
2026-08-12T05:00:57Z	GUNSEAT	2730	hive	42170	A	C	core_destroyed	268
2026-08-12T05:00:59Z	GUNSEAT	2731	hive	42170	B	C	core_destroyed	124
2026-08-12T05:01:01Z	GUNSEAT	2732	meander	42170	A	C	core_destroyed	159
2026-08-12T05:01:03Z	GUNSEAT	2733	meander	42170	B	T	core_destroyed	164
2026-08-12T05:01:05Z	GUNSEAT	2734	nordkap	42170	A	C	core_destroyed	237
2026-08-12T05:01:07Z	GUNSEAT	2735	nordkap	42170	B	T	core_destroyed	187
2026-08-12T05:01:08Z	GUNSEAT	2736	antler	42171	A	T	core_destroyed	119
2026-08-12T05:01:11Z	GUNSEAT	2737	antler	42171	B	C	core_destroyed	250
2026-08-12T05:01:14Z	GUNSEAT	2738	atoll	42171	A	C	core_destroyed	225
2026-08-12T05:01:15Z	GUNSEAT	2739	atoll	42171	B	T	core_destroyed	192
2026-08-12T05:01:18Z	GUNSEAT	2740	drumlin	42171	A	T	core_destroyed	252
2026-08-12T05:01:21Z	GUNSEAT	2741	drumlin	42171	B	T	core_destroyed	232
2026-08-12T05:01:22Z	GUNSEAT	2742	fjordgate	42171	A	C	core_destroyed	120
2026-08-12T05:01:24Z	GUNSEAT	2743	fjordgate	42171	B	C	core_destroyed	98
2026-08-12T05:01:27Z	GUNSEAT	2744	heart	42171	A	T	core_destroyed	209
2026-08-12T05:01:31Z	GUNSEAT	2745	heart	42171	B	C	core_destroyed	242
2026-08-12T05:01:33Z	GUNSEAT	2746	hive	42171	A	C	core_destroyed	104
2026-08-12T05:01:35Z	GUNSEAT	2747	hive	42171	B	C	core_destroyed	161
2026-08-12T05:01:39Z	GUNSEAT	2748	meander	42171	A	C	tiebreak	1000
2026-08-12T05:01:40Z	GUNSEAT	2749	meander	42171	B	T	core_destroyed	173
2026-08-12T05:01:43Z	GUNSEAT	2750	nordkap	42171	A	C	core_destroyed	290
2026-08-12T05:01:46Z	GUNSEAT	2751	nordkap	42171	B	C	core_destroyed	584
2026-08-12T05:01:48Z	GUNSEAT	2752	antler	42172	A	C	core_destroyed	222
2026-08-12T05:01:53Z	GUNSEAT	2753	antler	42172	B	T	tiebreak	1000
2026-08-12T05:01:55Z	GUNSEAT	2754	atoll	42172	A	T	core_destroyed	515
2026-08-12T05:01:58Z	GUNSEAT	2755	atoll	42172	B	C	core_destroyed	320
2026-08-12T05:02:02Z	GUNSEAT	2756	drumlin	42172	A	T	core_destroyed	310
2026-08-12T05:02:09Z	GUNSEAT	2757	drumlin	42172	B	C	core_destroyed	553
2026-08-12T05:02:10Z	GUNSEAT	2758	fjordgate	42172	A	C	core_destroyed	92
2026-08-12T05:02:11Z	GUNSEAT	2759	fjordgate	42172	B	T	core_destroyed	202
2026-08-12T05:02:15Z	GUNSEAT	2760	heart	42172	A	T	core_destroyed	749
2026-08-12T05:02:22Z	GUNSEAT	2761	heart	42172	B	T	core_destroyed	391
2026-08-12T05:02:24Z	GUNSEAT	2762	hive	42172	A	T	core_destroyed	173
2026-08-12T05:02:28Z	GUNSEAT	2763	hive	42172	B	C	core_destroyed	257
2026-08-12T05:02:29Z	GUNSEAT	2764	meander	42172	A	T	core_destroyed	146
2026-08-12T05:02:31Z	GUNSEAT	2765	meander	42172	B	T	core_destroyed	228
2026-08-12T05:02:33Z	GUNSEAT	2766	nordkap	42172	A	T	core_destroyed	146
2026-08-12T05:02:36Z	GUNSEAT	2767	nordkap	42172	B	T	core_destroyed	252
2026-08-12T05:02:38Z	GUNSEAT	2768	antler	42173	A	T	core_destroyed	139
2026-08-12T05:02:40Z	GUNSEAT	2769	antler	42173	B	C	core_destroyed	197
2026-08-12T05:02:41Z	GUNSEAT	2770	atoll	42173	A	T	core_destroyed	210
2026-08-12T05:02:43Z	GUNSEAT	2771	atoll	42173	B	C	core_destroyed	461
2026-08-12T05:02:45Z	GUNSEAT	2772	drumlin	42173	A	T	core_destroyed	111
2026-08-12T05:02:49Z	GUNSEAT	2773	drumlin	42173	B	T	core_destroyed	338
2026-08-12T05:02:51Z	GUNSEAT	2774	fjordgate	42173	A	T	core_destroyed	154
2026-08-12T05:02:55Z	GUNSEAT	2775	fjordgate	42173	B	C	tiebreak	1000
2026-08-12T05:03:17Z	GUNSEAT	2776	heart	42173	A	T	tiebreak	1000
2026-08-12T05:03:21Z	GUNSEAT	2777	heart	42173	B	C	core_destroyed	190
2026-08-12T05:03:25Z	GUNSEAT	2778	hive	42173	A	T	core_destroyed	292
2026-08-12T05:03:29Z	GUNSEAT	2779	hive	42173	B	T	core_destroyed	225
2026-08-12T05:03:31Z	GUNSEAT	2780	meander	42173	A	T	core_destroyed	208
2026-08-12T05:03:33Z	GUNSEAT	2781	meander	42173	B	C	core_destroyed	199
2026-08-12T05:03:37Z	GUNSEAT	2782	nordkap	42173	A	C	core_destroyed	321
2026-08-12T05:03:38Z	GUNSEAT	2783	nordkap	42173	B	C	core_destroyed	105
2026-08-12T05:03:42Z	GUNSEAT	2784	antler	42174	A	T	core_destroyed	504
2026-08-12T05:03:43Z	GUNSEAT	2785	antler	42174	B	C	core_destroyed	139
2026-08-12T05:03:47Z	GUNSEAT	2786	atoll	42174	A	C	core_destroyed	385
2026-08-12T05:03:50Z	GUNSEAT	2787	atoll	42174	B	C	core_destroyed	250
2026-08-12T05:03:52Z	GUNSEAT	2788	drumlin	42174	A	T	core_destroyed	111
2026-08-12T05:03:58Z	GUNSEAT	2789	drumlin	42174	B	C	core_destroyed	412
2026-08-12T05:03:59Z	GUNSEAT	2790	fjordgate	42174	A	C	core_destroyed	124
2026-08-12T05:04:01Z	GUNSEAT	2791	fjordgate	42174	B	C	tiebreak	1000
2026-08-12T05:04:06Z	GUNSEAT	2792	heart	42174	A	C	core_destroyed	207
2026-08-12T05:04:09Z	GUNSEAT	2793	heart	42174	B	C	core_destroyed	239
2026-08-12T05:04:12Z	GUNSEAT	2794	hive	42174	A	T	core_destroyed	252
2026-08-12T05:04:18Z	GUNSEAT	2795	hive	42174	B	C	core_destroyed	371
2026-08-12T05:04:21Z	GUNSEAT	2796	meander	42174	A	C	core_destroyed	239
2026-08-12T05:04:23Z	GUNSEAT	2797	meander	42174	B	C	core_destroyed	435
2026-08-12T05:04:25Z	GUNSEAT	2798	nordkap	42174	A	C	core_destroyed	92
2026-08-12T05:04:26Z	GUNSEAT	2799	nordkap	42174	B	T	core_destroyed	144
2026-08-12T05:04:29Z	GUNSEAT	2800	antler	42175	A	T	core_destroyed	464
2026-08-12T05:04:32Z	GUNSEAT	2801	antler	42175	B	C	core_destroyed	391
2026-08-12T05:04:35Z	GUNSEAT	2802	atoll	42175	A	T	core_destroyed	211
2026-08-12T05:04:40Z	GUNSEAT	2803	atoll	42175	B	C	core_destroyed	534
2026-08-12T05:04:41Z	GUNSEAT	2804	drumlin	42175	A	T	core_destroyed	136
2026-08-12T05:04:43Z	GUNSEAT	2805	drumlin	42175	B	C	core_destroyed	148
2026-08-12T05:04:45Z	GUNSEAT	2806	fjordgate	42175	A	C	core_destroyed	181
2026-08-12T05:04:46Z	GUNSEAT	2807	fjordgate	42175	B	C	core_destroyed	162
2026-08-12T05:04:49Z	GUNSEAT	2808	heart	42175	A	C	core_destroyed	151
2026-08-12T05:04:53Z	GUNSEAT	2809	heart	42175	B	C	core_destroyed	192
2026-08-12T05:04:55Z	GUNSEAT	2810	hive	42175	A	T	core_destroyed	128
2026-08-12T05:05:00Z	GUNSEAT	2811	hive	42175	B	T	core_destroyed	332
2026-08-12T05:05:02Z	GUNSEAT	2812	meander	42175	A	T	core_destroyed	215
2026-08-12T05:05:04Z	GUNSEAT	2813	meander	42175	B	T	core_destroyed	196
2026-08-12T05:05:06Z	GUNSEAT	2814	nordkap	42175	A	T	core_destroyed	161
2026-08-12T05:05:09Z	GUNSEAT	2815	nordkap	42175	B	T	core_destroyed	320
2026-08-12T05:05:11Z	GUNSEAT	2816	antler	42176	A	T	core_destroyed	151
2026-08-12T05:05:12Z	GUNSEAT	2817	antler	42176	B	C	tiebreak	155
2026-08-12T05:05:14Z	GUNSEAT	2818	atoll	42176	A	C	core_destroyed	124
2026-08-12T05:05:17Z	GUNSEAT	2819	atoll	42176	B	T	core_destroyed	395
2026-08-12T05:05:19Z	GUNSEAT	2820	drumlin	42176	A	T	core_destroyed	115
2026-08-12T05:05:24Z	GUNSEAT	2821	drumlin	42176	B	C	core_destroyed	367
2026-08-12T05:05:26Z	GUNSEAT	2822	fjordgate	42176	A	C	core_destroyed	443
2026-08-12T05:05:28Z	GUNSEAT	2823	fjordgate	42176	B	C	core_destroyed	393
2026-08-12T05:05:30Z	GUNSEAT	2824	heart	42176	A	C	core_destroyed	194
2026-08-12T05:05:32Z	GUNSEAT	2825	heart	42176	B	T	core_destroyed	148
2026-08-12T05:05:34Z	GUNSEAT	2826	hive	42176	A	C	core_destroyed	205
2026-08-12T05:05:39Z	GUNSEAT	2827	hive	42176	B	T	core_destroyed	237
2026-08-12T05:05:41Z	GUNSEAT	2828	meander	42176	A	C	core_destroyed	186
2026-08-12T05:05:42Z	GUNSEAT	2829	meander	42176	B	C	core_destroyed	124
2026-08-12T05:05:45Z	GUNSEAT	2830	nordkap	42176	A	T	core_destroyed	305
2026-08-12T05:05:47Z	GUNSEAT	2831	nordkap	42176	B	C	core_destroyed	180
2026-08-12T05:05:49Z	GUNSEAT	2832	antler	42177	A	C	core_destroyed	168
2026-08-12T05:05:51Z	GUNSEAT	2833	antler	42177	B	T	core_destroyed	189
2026-08-12T05:05:52Z	GUNSEAT	2834	atoll	42177	A	C	core_destroyed	164
2026-08-12T05:05:59Z	GUNSEAT	2835	atoll	42177	B	C	tiebreak	1000
2026-08-12T05:06:02Z	GUNSEAT	2836	drumlin	42177	A	T	core_destroyed	260
2026-08-12T05:06:04Z	GUNSEAT	2837	drumlin	42177	B	C	core_destroyed	134
2026-08-12T05:06:06Z	GUNSEAT	2838	fjordgate	42177	A	C	core_destroyed	176
2026-08-12T05:06:07Z	GUNSEAT	2839	fjordgate	42177	B	C	core_destroyed	373
2026-08-12T05:06:09Z	GUNSEAT	2840	heart	42177	A	C	core_destroyed	141
2026-08-12T05:06:12Z	GUNSEAT	2841	heart	42177	B	C	core_destroyed	90
2026-08-12T05:06:18Z	GUNSEAT	2842	hive	42177	A	T	core_destroyed	338
2026-08-12T05:06:20Z	GUNSEAT	2843	hive	42177	B	T	core_destroyed	110
2026-08-12T05:06:21Z	GUNSEAT	2844	meander	42177	A	C	core_destroyed	124
2026-08-12T05:06:23Z	GUNSEAT	2845	meander	42177	B	C	core_destroyed	140
2026-08-12T05:06:27Z	GUNSEAT	2846	nordkap	42177	A	C	core_destroyed	269
2026-08-12T05:06:28Z	GUNSEAT	2847	nordkap	42177	B	C	core_destroyed	173
2026-08-12T05:06:30Z	GUNSEAT	2848	antler	42178	A	T	core_destroyed	146
2026-08-12T05:06:31Z	GUNSEAT	2849	antler	42178	B	C	core_destroyed	140
2026-08-12T05:06:33Z	GUNSEAT	2850	atoll	42178	A	C	core_destroyed	118
2026-08-12T05:06:38Z	GUNSEAT	2851	atoll	42178	B	C	core_destroyed	322
2026-08-12T05:06:40Z	GUNSEAT	2852	drumlin	42178	A	C	core_destroyed	182
2026-08-12T05:06:42Z	GUNSEAT	2853	drumlin	42178	B	C	core_destroyed	163
2026-08-12T05:06:44Z	GUNSEAT	2854	fjordgate	42178	A	C	core_destroyed	302
2026-08-12T05:06:45Z	GUNSEAT	2855	fjordgate	42178	B	T	core_destroyed	96
2026-08-12T05:06:50Z	GUNSEAT	2856	heart	42178	A	C	core_destroyed	250
2026-08-12T05:07:01Z	GUNSEAT	2857	heart	42178	B	C	core_destroyed	678
2026-08-12T05:07:03Z	GUNSEAT	2858	hive	42178	A	T	core_destroyed	136
2026-08-12T05:07:06Z	GUNSEAT	2859	hive	42178	B	C	core_destroyed	202
2026-08-12T05:07:08Z	GUNSEAT	2860	meander	42178	A	T	core_destroyed	135
2026-08-12T05:07:10Z	GUNSEAT	2861	meander	42178	B	T	core_destroyed	186
2026-08-12T05:07:12Z	GUNSEAT	2862	nordkap	42178	A	C	core_destroyed	123
2026-08-12T05:07:15Z	GUNSEAT	2863	nordkap	42178	B	C	core_destroyed	464
2026-08-12T05:07:17Z	GUNSEAT	2864	antler	42179	A	T	core_destroyed	140
2026-08-12T05:07:19Z	GUNSEAT	2865	antler	42179	B	T	core_destroyed	148
2026-08-12T05:07:22Z	GUNSEAT	2866	atoll	42179	A	T	core_destroyed	464
2026-08-12T05:07:23Z	GUNSEAT	2867	atoll	42179	B	C	core_destroyed	456
2026-08-12T05:07:25Z	GUNSEAT	2868	drumlin	42179	A	C	core_destroyed	167
2026-08-12T05:07:30Z	GUNSEAT	2869	drumlin	42179	B	C	core_destroyed	408
2026-08-12T05:07:32Z	GUNSEAT	2870	fjordgate	42179	A	C	core_destroyed	429
2026-08-12T05:07:34Z	GUNSEAT	2871	fjordgate	42179	B	T	core_destroyed	163
2026-08-12T05:07:40Z	GUNSEAT	2872	heart	42179	A	C	core_destroyed	337
2026-08-12T05:07:42Z	GUNSEAT	2873	heart	42179	B	C	core_destroyed	81
2026-08-12T05:07:45Z	GUNSEAT	2874	hive	42179	A	C	core_destroyed	153
2026-08-12T05:07:47Z	GUNSEAT	2875	hive	42179	B	T	core_destroyed	135
2026-08-12T05:07:51Z	GUNSEAT	2876	meander	42179	A	C	core_destroyed	471
2026-08-12T05:07:53Z	GUNSEAT	2877	meander	42179	B	C	core_destroyed	184
2026-08-12T05:07:55Z	GUNSEAT	2878	nordkap	42179	A	C	core_destroyed	168
2026-08-12T05:07:56Z	GUNSEAT	2879	nordkap	42179	B	T	core_destroyed	143
2026-08-12T05:07:58Z	GUNSEAT	2880	antler	42180	A	T	core_destroyed	289
2026-08-12T05:08:02Z	GUNSEAT	2881	antler	42180	B	T	core_destroyed	663
2026-08-12T05:08:10Z	GUNSEAT	2882	atoll	42180	A	C	tiebreak	1000
2026-08-12T05:08:12Z	GUNSEAT	2883	atoll	42180	B	T	core_destroyed	227
2026-08-12T05:08:13Z	GUNSEAT	2884	drumlin	42180	A	T	core_destroyed	171
2026-08-12T05:08:17Z	GUNSEAT	2885	drumlin	42180	B	C	core_destroyed	352
2026-08-12T05:08:19Z	GUNSEAT	2886	fjordgate	42180	A	T	core_destroyed	169
2026-08-12T05:08:21Z	GUNSEAT	2887	fjordgate	42180	B	T	core_destroyed	140
2026-08-12T05:08:23Z	GUNSEAT	2888	heart	42180	A	T	core_destroyed	106
2026-08-12T05:08:27Z	GUNSEAT	2889	heart	42180	B	C	core_destroyed	183
2026-08-12T05:08:29Z	GUNSEAT	2890	hive	42180	A	C	core_destroyed	150
2026-08-12T05:08:33Z	GUNSEAT	2891	hive	42180	B	C	core_destroyed	239
2026-08-12T05:08:36Z	GUNSEAT	2892	meander	42180	A	C	core_destroyed	289
2026-08-12T05:08:37Z	GUNSEAT	2893	meander	42180	B	T	core_destroyed	154
2026-08-12T05:08:39Z	GUNSEAT	2894	nordkap	42180	A	T	core_destroyed	203
2026-08-12T05:08:41Z	GUNSEAT	2895	nordkap	42180	B	C	core_destroyed	135
2026-08-12T05:08:42Z	GUNSEAT	2896	antler	42181	A	T	core_destroyed	150
2026-08-12T05:08:44Z	GUNSEAT	2897	antler	42181	B	C	core_destroyed	151
2026-08-12T05:08:47Z	GUNSEAT	2898	atoll	42181	A	C	core_destroyed	236
2026-08-12T05:08:51Z	GUNSEAT	2899	atoll	42181	B	C	core_destroyed	417
2026-08-12T05:08:57Z	GUNSEAT	2900	drumlin	42181	A	T	core_destroyed	405
2026-08-12T05:09:00Z	GUNSEAT	2901	drumlin	42181	B	C	core_destroyed	272
2026-08-12T05:09:01Z	GUNSEAT	2902	fjordgate	42181	A	C	core_destroyed	175
2026-08-12T05:09:03Z	GUNSEAT	2903	fjordgate	42181	B	T	core_destroyed	258
2026-08-12T05:09:06Z	GUNSEAT	2904	heart	42181	A	T	core_destroyed	127
2026-08-12T05:09:08Z	GUNSEAT	2905	heart	42181	B	C	core_destroyed	123
2026-08-12T05:09:11Z	GUNSEAT	2906	hive	42181	A	C	core_destroyed	158
2026-08-12T05:09:15Z	GUNSEAT	2907	hive	42181	B	T	core_destroyed	279
2026-08-12T05:09:17Z	GUNSEAT	2908	meander	42181	A	C	core_destroyed	263
2026-08-12T05:09:19Z	GUNSEAT	2909	meander	42181	B	C	core_destroyed	191
2026-08-12T05:09:23Z	GUNSEAT	2910	nordkap	42181	A	T	core_destroyed	280
2026-08-12T05:09:24Z	GUNSEAT	2911	nordkap	42181	B	C	core_destroyed	160
2026-08-12T05:09:26Z	GUNSEAT	2912	antler	42182	A	T	core_destroyed	157
2026-08-12T05:09:29Z	GUNSEAT	2913	antler	42182	B	T	core_destroyed	290
2026-08-12T05:09:31Z	GUNSEAT	2914	atoll	42182	A	C	core_destroyed	310
2026-08-12T05:09:33Z	GUNSEAT	2915	atoll	42182	B	C	core_destroyed	536
2026-08-12T05:09:37Z	GUNSEAT	2916	drumlin	42182	A	T	core_destroyed	309
2026-08-12T05:09:39Z	GUNSEAT	2917	drumlin	42182	B	C	core_destroyed	142
2026-08-12T05:09:42Z	GUNSEAT	2918	fjordgate	42182	A	C	core_destroyed	338
2026-08-12T05:09:44Z	GUNSEAT	2919	fjordgate	42182	B	T	core_destroyed	129
2026-08-12T05:09:52Z	GUNSEAT	2920	heart	42182	A	T	core_destroyed	422
2026-08-12T05:09:58Z	GUNSEAT	2921	heart	42182	B	C	core_destroyed	453
2026-08-12T05:10:03Z	GUNSEAT	2922	hive	42182	A	C	core_destroyed	311
2026-08-12T05:10:05Z	GUNSEAT	2923	hive	42182	B	T	core_destroyed	148
2026-08-12T05:10:07Z	GUNSEAT	2924	meander	42182	A	C	core_destroyed	166
2026-08-12T05:10:09Z	GUNSEAT	2925	meander	42182	B	C	core_destroyed	155
2026-08-12T05:10:13Z	GUNSEAT	2926	nordkap	42182	A	T	core_destroyed	299
2026-08-12T05:10:15Z	GUNSEAT	2927	nordkap	42182	B	C	core_destroyed	301
2026-08-12T05:10:17Z	GUNSEAT	2928	antler	42183	A	C	core_destroyed	140
2026-08-12T05:10:21Z	GUNSEAT	2929	antler	42183	B	C	core_destroyed	358
2026-08-12T05:10:22Z	GUNSEAT	2930	atoll	42183	A	C	core_destroyed	194
2026-08-12T05:10:24Z	GUNSEAT	2931	atoll	42183	B	T	core_destroyed	258
2026-08-12T05:10:29Z	GUNSEAT	2932	drumlin	42183	A	T	core_destroyed	331
2026-08-12T05:10:30Z	GUNSEAT	2933	drumlin	42183	B	C	core_destroyed	80
2026-08-12T05:10:34Z	GUNSEAT	2934	fjordgate	42183	A	C	tiebreak	1000
2026-08-12T05:10:37Z	GUNSEAT	2935	fjordgate	42183	B	C	core_destroyed	293
2026-08-12T05:10:39Z	GUNSEAT	2936	heart	42183	A	C	core_destroyed	146
2026-08-12T05:10:42Z	GUNSEAT	2937	heart	42183	B	T	core_destroyed	163
2026-08-12T05:10:44Z	GUNSEAT	2938	hive	42183	A	C	core_destroyed	98
2026-08-12T05:10:51Z	GUNSEAT	2939	hive	42183	B	T	core_destroyed	397
2026-08-12T05:10:54Z	GUNSEAT	2940	meander	42183	A	C	core_destroyed	249
2026-08-12T05:10:55Z	GUNSEAT	2941	meander	42183	B	T	core_destroyed	168
2026-08-12T05:10:59Z	GUNSEAT	2942	nordkap	42183	A	T	core_destroyed	369
2026-08-12T05:11:01Z	GUNSEAT	2943	nordkap	42183	B	C	core_destroyed	112
2026-08-12T05:11:03Z	GUNSEAT	2944	antler	42184	A	T	core_destroyed	242
2026-08-12T05:11:05Z	GUNSEAT	2945	antler	42184	B	C	core_destroyed	152
2026-08-12T05:11:11Z	GUNSEAT	2946	atoll	42184	A	T	core_destroyed	444
2026-08-12T05:11:12Z	GUNSEAT	2947	atoll	42184	B	C	core_destroyed	136
2026-08-12T05:11:14Z	GUNSEAT	2948	drumlin	42184	A	T	core_destroyed	122
2026-08-12T05:11:18Z	GUNSEAT	2949	drumlin	42184	B	T	core_destroyed	278
2026-08-12T05:11:20Z	GUNSEAT	2950	fjordgate	42184	A	C	core_destroyed	207
2026-08-12T05:11:21Z	GUNSEAT	2951	fjordgate	42184	B	T	core_destroyed	93
2026-08-12T05:11:25Z	GUNSEAT	2952	heart	42184	A	T	core_destroyed	212
2026-08-12T05:11:31Z	GUNSEAT	2953	heart	42184	B	T	core_destroyed	407
2026-08-12T05:11:36Z	GUNSEAT	2954	hive	42184	A	C	core_destroyed	382
2026-08-12T05:11:41Z	GUNSEAT	2955	hive	42184	B	C	core_destroyed	319
2026-08-12T05:11:44Z	GUNSEAT	2956	meander	42184	A	C	core_destroyed	282
2026-08-12T05:11:45Z	GUNSEAT	2957	meander	42184	B	T	core_destroyed	99
2026-08-12T05:11:46Z	GUNSEAT	2958	nordkap	42184	A	T	core_destroyed	175
2026-08-12T05:11:48Z	GUNSEAT	2959	nordkap	42184	B	T	core_destroyed	230
2026-08-12T05:11:50Z	GUNSEAT	2960	antler	42185	A	T	core_destroyed	160
2026-08-12T05:11:52Z	GUNSEAT	2961	antler	42185	B	C	core_destroyed	196
2026-08-12T05:11:54Z	GUNSEAT	2962	atoll	42185	A	C	core_destroyed	197
2026-08-12T05:11:56Z	GUNSEAT	2963	atoll	42185	B	C	core_destroyed	333
2026-08-12T05:12:01Z	GUNSEAT	2964	drumlin	42185	A	T	core_destroyed	336
2026-08-12T05:12:02Z	GUNSEAT	2965	drumlin	42185	B	C	core_destroyed	145
2026-08-12T05:12:03Z	GUNSEAT	2966	fjordgate	42185	A	T	core_destroyed	116
2026-08-12T05:12:05Z	GUNSEAT	2967	fjordgate	42185	B	C	core_destroyed	270
2026-08-12T05:12:09Z	GUNSEAT	2968	heart	42185	A	C	core_destroyed	263
2026-08-12T05:12:11Z	GUNSEAT	2969	heart	42185	B	T	core_destroyed	148
2026-08-12T05:12:14Z	GUNSEAT	2970	hive	42185	A	C	core_destroyed	201
2026-08-12T05:12:16Z	GUNSEAT	2971	hive	42185	B	C	core_destroyed	152
2026-08-12T05:12:18Z	GUNSEAT	2972	meander	42185	A	T	core_destroyed	199
2026-08-12T05:12:21Z	GUNSEAT	2973	meander	42185	B	T	core_destroyed	312
2026-08-12T05:12:23Z	GUNSEAT	2974	nordkap	42185	A	C	core_destroyed	160
2026-08-12T05:12:24Z	GUNSEAT	2975	nordkap	42185	B	C	core_destroyed	260
2026-08-12T05:12:27Z	GUNSEAT	2976	antler	42186	A	T	core_destroyed	385
2026-08-12T05:12:29Z	GUNSEAT	2977	antler	42186	B	C	core_destroyed	286
2026-08-12T05:12:31Z	GUNSEAT	2978	atoll	42186	A	T	core_destroyed	220
2026-08-12T05:12:38Z	GUNSEAT	2979	atoll	42186	B	C	core_destroyed	589
2026-08-12T05:12:40Z	GUNSEAT	2980	drumlin	42186	A	T	core_destroyed	246
2026-08-12T05:12:42Z	GUNSEAT	2981	drumlin	42186	B	C	core_destroyed	243
2026-08-12T05:12:44Z	GUNSEAT	2982	fjordgate	42186	A	T	core_destroyed	193
2026-08-12T05:12:45Z	GUNSEAT	2983	fjordgate	42186	B	C	core_destroyed	257
2026-08-12T05:12:49Z	GUNSEAT	2984	heart	42186	A	T	core_destroyed	231
2026-08-12T05:12:52Z	GUNSEAT	2985	heart	42186	B	C	core_destroyed	240
2026-08-12T05:12:56Z	GUNSEAT	2986	hive	42186	A	T	core_destroyed	248
2026-08-12T05:12:59Z	GUNSEAT	2987	hive	42186	B	C	core_destroyed	262
2026-08-12T05:13:02Z	GUNSEAT	2988	meander	42186	A	C	core_destroyed	282
2026-08-12T05:13:04Z	GUNSEAT	2989	meander	42186	B	C	core_destroyed	271
2026-08-12T05:13:07Z	GUNSEAT	2990	nordkap	42186	A	T	core_destroyed	232
2026-08-12T05:13:08Z	GUNSEAT	2991	nordkap	42186	B	C	core_destroyed	173
2026-08-12T05:13:11Z	GUNSEAT	2992	antler	42187	A	T	core_destroyed	188
2026-08-12T05:13:12Z	GUNSEAT	2993	antler	42187	B	T	core_destroyed	202
2026-08-12T05:13:15Z	GUNSEAT	2994	atoll	42187	A	C	core_destroyed	243
2026-08-12T05:13:17Z	GUNSEAT	2995	atoll	42187	B	T	core_destroyed	127
2026-08-12T05:13:19Z	GUNSEAT	2996	drumlin	42187	A	T	core_destroyed	122
2026-08-12T05:13:25Z	GUNSEAT	2997	drumlin	42187	B	C	core_destroyed	446
2026-08-12T05:13:27Z	GUNSEAT	2998	fjordgate	42187	A	T	core_destroyed	134
2026-08-12T05:13:28Z	GUNSEAT	2999	fjordgate	42187	B	T	core_destroyed	157
2026-08-12T05:13:30Z	GUNSEAT	3000	heart	42187	A	C	core_destroyed	136
2026-08-12T05:13:32Z	GUNSEAT	3001	heart	42187	B	T	core_destroyed	132
2026-08-12T05:13:36Z	GUNSEAT	3002	hive	42187	A	T	core_destroyed	236
2026-08-12T05:13:46Z	GUNSEAT	3003	hive	42187	B	T	core_destroyed	762
2026-08-12T05:13:48Z	GUNSEAT	3004	meander	42187	A	C	core_destroyed	206
2026-08-12T05:13:50Z	GUNSEAT	3005	meander	42187	B	T	core_destroyed	128
2026-08-12T05:13:51Z	GUNSEAT	3006	nordkap	42187	A	T	core_destroyed	121
2026-08-12T05:13:53Z	GUNSEAT	3007	nordkap	42187	B	T	core_destroyed	185
2026-08-12T05:13:55Z	GUNSEAT	3008	antler	42188	A	C	core_destroyed	204
2026-08-12T05:13:57Z	GUNSEAT	3009	antler	42188	B	T	core_destroyed	139
2026-08-12T05:13:59Z	GUNSEAT	3010	atoll	42188	A	T	core_destroyed	117
2026-08-12T05:14:01Z	GUNSEAT	3011	atoll	42188	B	T	core_destroyed	235
2026-08-12T05:14:04Z	GUNSEAT	3012	drumlin	42188	A	C	core_destroyed	297
2026-08-12T05:14:06Z	GUNSEAT	3013	drumlin	42188	B	T	core_destroyed	109
2026-08-12T05:14:07Z	GUNSEAT	3014	fjordgate	42188	A	T	core_destroyed	184
2026-08-12T05:14:08Z	GUNSEAT	3015	fjordgate	42188	B	C	core_destroyed	156
2026-08-12T05:14:15Z	GUNSEAT	3016	heart	42188	A	T	tiebreak	1000
2026-08-12T05:14:18Z	GUNSEAT	3017	heart	42188	B	C	core_destroyed	305
2026-08-12T05:14:21Z	GUNSEAT	3018	hive	42188	A	C	core_destroyed	221
2026-08-12T05:14:26Z	GUNSEAT	3019	hive	42188	B	T	core_destroyed	323
2026-08-12T05:14:27Z	GUNSEAT	3020	meander	42188	A	T	core_destroyed	144
2026-08-12T05:14:29Z	GUNSEAT	3021	meander	42188	B	C	core_destroyed	190
2026-08-12T05:14:32Z	GUNSEAT	3022	nordkap	42188	A	T	core_destroyed	590
2026-08-12T05:14:34Z	GUNSEAT	3023	nordkap	42188	B	T	core_destroyed	197
2026-08-12T05:14:37Z	GUNSEAT	3024	antler	42189	A	T	core_destroyed	237
2026-08-12T05:14:38Z	GUNSEAT	3025	antler	42189	B	C	core_destroyed	234
2026-08-12T05:14:40Z	GUNSEAT	3026	atoll	42189	A	T	core_destroyed	328
2026-08-12T05:14:42Z	GUNSEAT	3027	atoll	42189	B	T	core_destroyed	390
2026-08-12T05:14:44Z	GUNSEAT	3028	drumlin	42189	A	T	core_destroyed	326
2026-08-12T05:14:47Z	GUNSEAT	3029	drumlin	42189	B	T	core_destroyed	245
2026-08-12T05:14:48Z	GUNSEAT	3030	fjordgate	42189	A	T	core_destroyed	138
2026-08-12T05:14:49Z	GUNSEAT	3031	fjordgate	42189	B	C	core_destroyed	308
2026-08-12T05:14:57Z	GUNSEAT	3032	heart	42189	A	T	core_destroyed	446
2026-08-12T05:14:59Z	GUNSEAT	3033	heart	42189	B	T	core_destroyed	186
2026-08-12T05:15:02Z	GUNSEAT	3034	hive	42189	A	C	core_destroyed	166
2026-08-12T05:15:03Z	GUNSEAT	3035	hive	42189	B	C	core_destroyed	101
2026-08-12T05:15:06Z	GUNSEAT	3036	meander	42189	A	C	core_destroyed	245
2026-08-12T05:15:09Z	GUNSEAT	3037	meander	42189	B	C	core_destroyed	279
2026-08-12T05:15:12Z	GUNSEAT	3038	nordkap	42189	A	T	core_destroyed	226
2026-08-12T05:15:14Z	GUNSEAT	3039	nordkap	42189	B	T	core_destroyed	362
2026-08-12T05:15:16Z	GUNSEAT	3040	antler	42190	A	C	core_destroyed	153
2026-08-12T05:15:19Z	GUNSEAT	3041	antler	42190	B	C	core_destroyed	225
2026-08-12T05:15:22Z	GUNSEAT	3042	atoll	42190	A	T	core_destroyed	506
2026-08-12T05:15:27Z	GUNSEAT	3043	atoll	42190	B	C	core_destroyed	597
2026-08-12T05:15:30Z	GUNSEAT	3044	drumlin	42190	A	C	core_destroyed	211
2026-08-12T05:15:38Z	GUNSEAT	3045	drumlin	42190	B	C	tiebreak	1000
2026-08-12T05:15:40Z	GUNSEAT	3046	fjordgate	42190	A	T	core_destroyed	151
2026-08-12T05:15:41Z	GUNSEAT	3047	fjordgate	42190	B	C	core_destroyed	108
2026-08-12T05:15:44Z	GUNSEAT	3048	heart	42190	A	T	tiebreak	1000
2026-08-12T05:15:52Z	GUNSEAT	3049	heart	42190	B	T	core_destroyed	374
2026-08-12T05:15:55Z	GUNSEAT	3050	hive	42190	A	T	core_destroyed	228
2026-08-12T05:15:59Z	GUNSEAT	3051	hive	42190	B	T	core_destroyed	281
2026-08-12T05:16:01Z	GUNSEAT	3052	meander	42190	A	T	core_destroyed	121
2026-08-12T05:16:02Z	GUNSEAT	3053	meander	42190	B	T	core_destroyed	164
2026-08-12T05:16:05Z	GUNSEAT	3054	nordkap	42190	A	C	core_destroyed	244
2026-08-12T05:16:06Z	GUNSEAT	3055	nordkap	42190	B	C	core_destroyed	100
2026-08-12T05:16:08Z	GUNSEAT	3056	antler	42191	A	C	core_destroyed	294
2026-08-12T05:16:10Z	GUNSEAT	3057	antler	42191	B	C	core_destroyed	243
2026-08-12T05:16:12Z	GUNSEAT	3058	atoll	42191	A	T	core_destroyed	195
2026-08-12T05:16:14Z	GUNSEAT	3059	atoll	42191	B	T	core_destroyed	157
2026-08-12T05:16:19Z	GUNSEAT	3060	drumlin	42191	A	C	core_destroyed	292
2026-08-12T05:16:25Z	GUNSEAT	3061	drumlin	42191	B	T	core_destroyed	284
2026-08-12T05:16:27Z	GUNSEAT	3062	fjordgate	42191	A	T	tiebreak	1000
2026-08-12T05:16:28Z	GUNSEAT	3063	fjordgate	42191	B	C	core_destroyed	417
2026-08-12T05:16:32Z	GUNSEAT	3064	heart	42191	A	C	core_destroyed	227
2026-08-12T05:16:36Z	GUNSEAT	3065	heart	42191	B	C	core_destroyed	249
2026-08-12T05:16:40Z	GUNSEAT	3066	hive	42191	A	C	core_destroyed	271
2026-08-12T05:16:43Z	GUNSEAT	3067	hive	42191	B	T	core_destroyed	245
2026-08-12T05:16:44Z	GUNSEAT	3068	meander	42191	A	T	core_destroyed	143
2026-08-12T05:16:47Z	GUNSEAT	3069	meander	42191	B	T	core_destroyed	256
2026-08-12T05:16:48Z	GUNSEAT	3070	nordkap	42191	A	T	core_destroyed	183
2026-08-12T05:16:49Z	GUNSEAT	3071	nordkap	42191	B	T	core_destroyed	94
2026-08-12T05:16:52Z	GUNSEAT	3072	antler	42192	A	T	core_destroyed	365
2026-08-12T05:16:54Z	GUNSEAT	3073	antler	42192	B	T	core_destroyed	170
2026-08-12T05:16:56Z	GUNSEAT	3074	atoll	42192	A	T	core_destroyed	239
2026-08-12T05:16:59Z	GUNSEAT	3075	atoll	42192	B	T	core_destroyed	611
2026-08-12T05:17:01Z	GUNSEAT	3076	drumlin	42192	A	T	core_destroyed	210
2026-08-12T05:17:03Z	GUNSEAT	3077	drumlin	42192	B	T	core_destroyed	104
2026-08-12T05:17:04Z	GUNSEAT	3078	fjordgate	42192	A	T	core_destroyed	136
2026-08-12T05:17:05Z	GUNSEAT	3079	fjordgate	42192	B	C	core_destroyed	175
2026-08-12T05:17:09Z	GUNSEAT	3080	heart	42192	A	T	core_destroyed	282
2026-08-12T05:17:11Z	GUNSEAT	3081	heart	42192	B	T	core_destroyed	146
2026-08-12T05:17:16Z	GUNSEAT	3082	hive	42192	A	C	core_destroyed	311
2026-08-12T05:17:19Z	GUNSEAT	3083	hive	42192	B	T	core_destroyed	239
2026-08-12T05:17:21Z	GUNSEAT	3084	meander	42192	A	T	core_destroyed	222
2026-08-12T05:17:23Z	GUNSEAT	3085	meander	42192	B	T	core_destroyed	473
2026-08-12T05:17:25Z	GUNSEAT	3086	nordkap	42192	A	T	core_destroyed	91
2026-08-12T05:17:26Z	GUNSEAT	3087	nordkap	42192	B	C	core_destroyed	209
2026-08-12T05:17:28Z	GUNSEAT	3088	antler	42193	A	T	core_destroyed	106
2026-08-12T05:17:30Z	GUNSEAT	3089	antler	42193	B	T	core_destroyed	246
2026-08-12T05:17:33Z	GUNSEAT	3090	atoll	42193	A	C	core_destroyed	525
2026-08-12T05:17:37Z	GUNSEAT	3091	atoll	42193	B	T	core_destroyed	571
2026-08-12T05:17:44Z	GUNSEAT	3092	drumlin	42193	A	C	core_destroyed	429
2026-08-12T05:17:48Z	GUNSEAT	3093	drumlin	42193	B	C	core_destroyed	358
2026-08-12T05:17:49Z	GUNSEAT	3094	fjordgate	42193	A	T	core_destroyed	212
2026-08-12T05:17:50Z	GUNSEAT	3095	fjordgate	42193	B	T	core_destroyed	133
2026-08-12T05:17:54Z	GUNSEAT	3096	heart	42193	A	T	core_destroyed	213
2026-08-12T05:17:58Z	GUNSEAT	3097	heart	42193	B	T	tiebreak	1000
2026-08-12T05:18:00Z	GUNSEAT	3098	hive	42193	A	T	core_destroyed	153
2026-08-12T05:18:04Z	GUNSEAT	3099	hive	42193	B	T	core_destroyed	260
2026-08-12T05:18:06Z	GUNSEAT	3100	meander	42193	A	T	core_destroyed	144
2026-08-12T05:18:07Z	GUNSEAT	3101	meander	42193	B	T	core_destroyed	163
2026-08-12T05:18:10Z	GUNSEAT	3102	nordkap	42193	A	C	core_destroyed	219
2026-08-12T05:18:12Z	GUNSEAT	3103	nordkap	42193	B	C	core_destroyed	192
2026-08-12T05:18:14Z	GUNSEAT	3104	antler	42194	A	C	core_destroyed	373
2026-08-12T05:18:16Z	GUNSEAT	3105	antler	42194	B	T	core_destroyed	421
2026-08-12T05:18:18Z	GUNSEAT	3106	atoll	42194	A	T	core_destroyed	240
2026-08-12T05:18:20Z	GUNSEAT	3107	atoll	42194	B	T	core_destroyed	198
2026-08-12T05:18:27Z	GUNSEAT	3108	drumlin	42194	A	C	core_destroyed	532
2026-08-12T05:18:33Z	GUNSEAT	3109	drumlin	42194	B	T	core_destroyed	420
2026-08-12T05:18:35Z	GUNSEAT	3110	fjordgate	42194	A	C	core_destroyed	198
2026-08-12T05:18:36Z	GUNSEAT	3111	fjordgate	42194	B	T	core_destroyed	142
2026-08-12T05:18:38Z	GUNSEAT	3112	heart	42194	A	T	core_destroyed	140
2026-08-12T05:18:41Z	GUNSEAT	3113	heart	42194	B	C	core_destroyed	126
2026-08-12T05:18:43Z	GUNSEAT	3114	hive	42194	A	T	core_destroyed	267
2026-08-12T05:18:47Z	GUNSEAT	3115	hive	42194	B	C	core_destroyed	299
2026-08-12T05:18:49Z	GUNSEAT	3116	meander	42194	A	T	core_destroyed	198
2026-08-12T05:18:52Z	GUNSEAT	3117	meander	42194	B	T	core_destroyed	339
2026-08-12T05:18:54Z	GUNSEAT	3118	nordkap	42194	A	T	core_destroyed	229
2026-08-12T05:18:56Z	GUNSEAT	3119	nordkap	42194	B	C	core_destroyed	179
2026-08-12T05:18:57Z	GUNSEAT	3120	antler	42195	A	T	core_destroyed	123
2026-08-12T05:18:59Z	GUNSEAT	3121	antler	42195	B	C	core_destroyed	287
2026-08-12T05:19:02Z	GUNSEAT	3122	atoll	42195	A	T	tiebreak	1000
2026-08-12T05:19:04Z	GUNSEAT	3123	atoll	42195	B	T	core_destroyed	505
2026-08-12T05:19:06Z	GUNSEAT	3124	drumlin	42195	A	C	core_destroyed	455
2026-08-12T05:19:08Z	GUNSEAT	3125	drumlin	42195	B	T	core_destroyed	156
2026-08-12T05:19:11Z	GUNSEAT	3126	fjordgate	42195	A	T	tiebreak	1000
2026-08-12T05:19:12Z	GUNSEAT	3127	fjordgate	42195	B	C	core_destroyed	152
2026-08-12T05:19:15Z	GUNSEAT	3128	heart	42195	A	T	core_destroyed	383
2026-08-12T05:19:18Z	GUNSEAT	3129	heart	42195	B	T	core_destroyed	195
2026-08-12T05:19:20Z	GUNSEAT	3130	hive	42195	A	T	core_destroyed	166
2026-08-12T05:19:23Z	GUNSEAT	3131	hive	42195	B	C	core_destroyed	256
2026-08-12T05:19:25Z	GUNSEAT	3132	meander	42195	A	C	core_destroyed	218
2026-08-12T05:19:27Z	GUNSEAT	3133	meander	42195	B	T	core_destroyed	122
2026-08-12T05:19:28Z	GUNSEAT	3134	nordkap	42195	A	T	core_destroyed	180
2026-08-12T05:19:31Z	GUNSEAT	3135	nordkap	42195	B	T	core_destroyed	246
2026-08-12T05:19:37Z	GUNSEAT	3136	antler	42196	A	C	tiebreak	1000
2026-08-12T05:19:41Z	GUNSEAT	3137	antler	42196	B	C	core_destroyed	323
2026-08-12T05:19:44Z	GUNSEAT	3138	atoll	42196	A	C	core_destroyed	387
2026-08-12T05:19:45Z	GUNSEAT	3139	atoll	42196	B	C	core_destroyed	116
2026-08-12T05:19:48Z	GUNSEAT	3140	drumlin	42196	A	C	core_destroyed	230
2026-08-12T05:19:50Z	GUNSEAT	3141	drumlin	42196	B	C	core_destroyed	116
2026-08-12T05:19:51Z	GUNSEAT	3142	fjordgate	42196	A	T	core_destroyed	164
2026-08-12T05:19:53Z	GUNSEAT	3143	fjordgate	42196	B	T	core_destroyed	178
2026-08-12T05:19:58Z	GUNSEAT	3144	heart	42196	A	C	core_destroyed	289
2026-08-12T05:20:01Z	GUNSEAT	3145	heart	42196	B	C	core_destroyed	385
2026-08-12T05:20:04Z	GUNSEAT	3146	hive	42196	A	T	core_destroyed	211
2026-08-12T05:20:08Z	GUNSEAT	3147	hive	42196	B	C	core_destroyed	260
2026-08-12T05:20:09Z	GUNSEAT	3148	meander	42196	A	T	core_destroyed	164
2026-08-12T05:20:10Z	GUNSEAT	3149	meander	42196	B	C	core_destroyed	141
2026-08-12T05:20:12Z	GUNSEAT	3150	nordkap	42196	A	C	core_destroyed	256
2026-08-12T05:20:15Z	GUNSEAT	3151	nordkap	42196	B	T	core_destroyed	324
2026-08-12T05:20:18Z	GUNSEAT	3152	antler	42197	A	C	core_destroyed	240
2026-08-12T05:20:20Z	GUNSEAT	3153	antler	42197	B	T	core_destroyed	365
2026-08-12T05:20:22Z	GUNSEAT	3154	atoll	42197	A	T	core_destroyed	276
2026-08-12T05:20:24Z	GUNSEAT	3155	atoll	42197	B	C	core_destroyed	165
2026-08-12T05:20:26Z	GUNSEAT	3156	drumlin	42197	A	T	tiebreak	109
2026-08-12T05:20:28Z	GUNSEAT	3157	drumlin	42197	B	C	core_destroyed	189
2026-08-12T05:20:29Z	GUNSEAT	3158	fjordgate	42197	A	C	core_destroyed	173
2026-08-12T05:20:30Z	GUNSEAT	3159	fjordgate	42197	B	T	core_destroyed	163
2026-08-12T05:20:35Z	GUNSEAT	3160	heart	42197	A	C	core_destroyed	240
2026-08-12T05:20:37Z	GUNSEAT	3161	heart	42197	B	C	core_destroyed	244
2026-08-12T05:20:42Z	GUNSEAT	3162	hive	42197	A	T	core_destroyed	296
2026-08-12T05:20:45Z	GUNSEAT	3163	hive	42197	B	C	core_destroyed	279
2026-08-12T05:20:48Z	GUNSEAT	3164	meander	42197	A	T	core_destroyed	466
2026-08-12T05:20:50Z	GUNSEAT	3165	meander	42197	B	C	core_destroyed	133
2026-08-12T05:20:51Z	GUNSEAT	3166	nordkap	42197	A	C	core_destroyed	143
2026-08-12T05:20:53Z	GUNSEAT	3167	nordkap	42197	B	T	core_destroyed	206
2026-08-12T05:20:55Z	GUNSEAT	3168	antler	42198	A	T	core_destroyed	177
2026-08-12T05:20:58Z	GUNSEAT	3169	antler	42198	B	C	core_destroyed	235
2026-08-12T05:20:59Z	GUNSEAT	3170	atoll	42198	A	T	core_destroyed	202
2026-08-12T05:21:02Z	GUNSEAT	3171	atoll	42198	B	T	core_destroyed	247
2026-08-12T05:21:04Z	GUNSEAT	3172	drumlin	42198	A	T	core_destroyed	190
2026-08-12T05:21:09Z	GUNSEAT	3173	drumlin	42198	B	T	core_destroyed	403
2026-08-12T05:21:11Z	GUNSEAT	3174	fjordgate	42198	A	T	core_destroyed	116
2026-08-12T05:21:14Z	GUNSEAT	3175	fjordgate	42198	B	T	tiebreak	1000
2026-08-12T05:21:17Z	GUNSEAT	3176	heart	42198	A	T	core_destroyed	148
2026-08-12T05:21:21Z	GUNSEAT	3177	heart	42198	B	C	core_destroyed	429
2026-08-12T05:21:24Z	GUNSEAT	3178	hive	42198	A	C	core_destroyed	217
2026-08-12T05:21:32Z	GUNSEAT	3179	hive	42198	B	T	core_destroyed	459
2026-08-12T05:21:34Z	GUNSEAT	3180	meander	42198	A	C	core_destroyed	231
2026-08-12T05:21:36Z	GUNSEAT	3181	meander	42198	B	T	core_destroyed	214
2026-08-12T05:21:38Z	GUNSEAT	3182	nordkap	42198	A	T	core_destroyed	133
2026-08-12T05:21:41Z	GUNSEAT	3183	nordkap	42198	B	C	core_destroyed	265
2026-08-12T05:21:44Z	GUNSEAT	3184	antler	42199	A	C	core_destroyed	306
2026-08-12T05:21:46Z	GUNSEAT	3185	antler	42199	B	T	core_destroyed	195
2026-08-12T05:21:48Z	GUNSEAT	3186	atoll	42199	A	C	core_destroyed	181
2026-08-12T05:21:54Z	GUNSEAT	3187	atoll	42199	B	T	tiebreak	1000
2026-08-12T05:21:56Z	GUNSEAT	3188	drumlin	42199	A	T	core_destroyed	245
2026-08-12T05:22:02Z	GUNSEAT	3189	drumlin	42199	B	C	core_destroyed	431
2026-08-12T05:22:03Z	GUNSEAT	3190	fjordgate	42199	A	T	core_destroyed	327
2026-08-12T05:22:05Z	GUNSEAT	3191	fjordgate	42199	B	T	core_destroyed	220
2026-08-12T05:22:07Z	GUNSEAT	3192	heart	42199	A	C	core_destroyed	186
2026-08-12T05:22:30Z	GUNSEAT	3193	heart	42199	B	T	tiebreak	1000
2026-08-12T05:22:33Z	GUNSEAT	3194	hive	42199	A	T	core_destroyed	192
2026-08-12T05:22:36Z	GUNSEAT	3195	hive	42199	B	T	core_destroyed	215
2026-08-12T05:22:38Z	GUNSEAT	3196	meander	42199	A	C	core_destroyed	216
2026-08-12T05:22:40Z	GUNSEAT	3197	meander	42199	B	T	core_destroyed	143
2026-08-12T05:22:41Z	GUNSEAT	3198	nordkap	42199	A	T	core_destroyed	128
2026-08-12T05:22:44Z	GUNSEAT	3199	nordkap	42199	B	C	core_destroyed	221
2026-08-12T05:22:45Z	GUNSEAT	3200	antler	42200	A	C	core_destroyed	134
2026-08-12T05:22:47Z	GUNSEAT	3201	antler	42200	B	C	core_destroyed	114
2026-08-12T05:22:50Z	GUNSEAT	3202	atoll	42200	A	T	core_destroyed	430
2026-08-12T05:22:53Z	GUNSEAT	3203	atoll	42200	B	T	core_destroyed	261
2026-08-12T05:22:57Z	GUNSEAT	3204	drumlin	42200	A	C	core_destroyed	371
2026-08-12T05:23:01Z	GUNSEAT	3205	drumlin	42200	B	T	core_destroyed	317
2026-08-12T05:23:03Z	GUNSEAT	3206	fjordgate	42200	A	T	core_destroyed	150
2026-08-12T05:23:04Z	GUNSEAT	3207	fjordgate	42200	B	C	core_destroyed	155
2026-08-12T05:23:08Z	GUNSEAT	3208	heart	42200	A	C	core_destroyed	282
2026-08-12T05:23:10Z	GUNSEAT	3209	heart	42200	B	T	core_destroyed	151
2026-08-12T05:23:14Z	GUNSEAT	3210	hive	42200	A	C	core_destroyed	240
2026-08-12T05:23:16Z	GUNSEAT	3211	hive	42200	B	C	core_destroyed	229
2026-08-12T05:23:19Z	GUNSEAT	3212	meander	42200	A	C	core_destroyed	323
2026-08-12T05:23:21Z	GUNSEAT	3213	meander	42200	B	C	core_destroyed	285
2026-08-12T05:23:24Z	GUNSEAT	3214	nordkap	42200	A	T	core_destroyed	243
2026-08-12T05:23:26Z	GUNSEAT	3215	nordkap	42200	B	T	core_destroyed	262
2026-08-12T05:23:28Z	GUNSEAT	3216	antler	42201	A	T	core_destroyed	151
2026-08-12T05:23:30Z	GUNSEAT	3217	antler	42201	B	C	core_destroyed	206
2026-08-12T05:23:33Z	GUNSEAT	3218	atoll	42201	A	C	core_destroyed	333
2026-08-12T05:23:36Z	GUNSEAT	3219	atoll	42201	B	C	core_destroyed	327
2026-08-12T05:23:38Z	GUNSEAT	3220	drumlin	42201	A	T	core_destroyed	143
2026-08-12T05:23:39Z	GUNSEAT	3221	drumlin	42201	B	C	core_destroyed	137
2026-08-12T05:23:41Z	GUNSEAT	3222	fjordgate	42201	A	T	core_destroyed	133
2026-08-12T05:23:42Z	GUNSEAT	3223	fjordgate	42201	B	T	core_destroyed	110
2026-08-12T05:23:44Z	GUNSEAT	3224	heart	42201	A	T	core_destroyed	133
2026-08-12T05:23:55Z	GUNSEAT	3225	heart	42201	B	C	core_destroyed	502
2026-08-12T05:23:59Z	GUNSEAT	3226	hive	42201	A	C	core_destroyed	249
2026-08-12T05:24:07Z	GUNSEAT	3227	hive	42201	B	T	core_destroyed	367
2026-08-12T05:24:08Z	GUNSEAT	3228	meander	42201	A	C	core_destroyed	165
2026-08-12T05:24:10Z	GUNSEAT	3229	meander	42201	B	C	core_destroyed	110
2026-08-12T05:24:11Z	GUNSEAT	3230	nordkap	42201	A	T	core_destroyed	95
2026-08-12T05:24:12Z	GUNSEAT	3231	nordkap	42201	B	C	core_destroyed	113
2026-08-12T05:24:15Z	GUNSEAT	3232	antler	42202	A	C	core_destroyed	214
2026-08-12T05:24:18Z	GUNSEAT	3233	antler	42202	B	C	core_destroyed	408
2026-08-12T05:24:21Z	GUNSEAT	3234	atoll	42202	A	C	core_destroyed	292
2026-08-12T05:24:23Z	GUNSEAT	3235	atoll	42202	B	T	core_destroyed	157
2026-08-12T05:24:26Z	GUNSEAT	3236	drumlin	42202	A	T	core_destroyed	256
2026-08-12T05:24:28Z	GUNSEAT	3237	drumlin	42202	B	C	core_destroyed	177
2026-08-12T05:24:30Z	GUNSEAT	3238	fjordgate	42202	A	T	core_destroyed	160
2026-08-12T05:24:32Z	GUNSEAT	3239	fjordgate	42202	B	C	core_destroyed	188
2026-08-12T05:24:40Z	GUNSEAT	3240	heart	42202	A	C	core_destroyed	443
2026-08-12T05:24:42Z	GUNSEAT	3241	heart	42202	B	T	core_destroyed	138
2026-08-12T05:24:48Z	GUNSEAT	3242	hive	42202	A	C	core_destroyed	392
2026-08-12T05:24:52Z	GUNSEAT	3243	hive	42202	B	T	core_destroyed	307
2026-08-12T05:24:54Z	GUNSEAT	3244	meander	42202	A	C	core_destroyed	132
2026-08-12T05:24:55Z	GUNSEAT	3245	meander	42202	B	C	core_destroyed	107
2026-08-12T05:24:57Z	GUNSEAT	3246	nordkap	42202	A	T	core_destroyed	153
2026-08-12T05:24:59Z	GUNSEAT	3247	nordkap	42202	B	C	core_destroyed	114
2026-08-12T05:25:01Z	GUNSEAT	3248	antler	42203	A	C	core_destroyed	203
2026-08-12T05:25:03Z	GUNSEAT	3249	antler	42203	B	T	core_destroyed	248
2026-08-12T05:25:05Z	GUNSEAT	3250	atoll	42203	A	T	core_destroyed	199
2026-08-12T05:25:07Z	GUNSEAT	3251	atoll	42203	B	T	core_destroyed	273
2026-08-12T05:25:10Z	GUNSEAT	3252	drumlin	42203	A	C	core_destroyed	227
2026-08-12T05:25:16Z	GUNSEAT	3253	drumlin	42203	B	C	core_destroyed	406
2026-08-12T05:25:17Z	GUNSEAT	3254	fjordgate	42203	A	C	core_destroyed	149
2026-08-12T05:25:19Z	GUNSEAT	3255	fjordgate	42203	B	C	core_destroyed	182
2026-08-12T05:25:21Z	GUNSEAT	3256	heart	42203	A	T	core_destroyed	248
2026-08-12T05:25:24Z	GUNSEAT	3257	heart	42203	B	T	core_destroyed	140
2026-08-12T05:25:26Z	GUNSEAT	3258	hive	42203	A	T	core_destroyed	126
2026-08-12T05:25:30Z	GUNSEAT	3259	hive	42203	B	C	core_destroyed	303
2026-08-12T05:25:32Z	GUNSEAT	3260	meander	42203	A	T	core_destroyed	233
2026-08-12T05:25:34Z	GUNSEAT	3261	meander	42203	B	T	core_destroyed	113
2026-08-12T05:25:35Z	GUNSEAT	3262	nordkap	42203	A	C	core_destroyed	152
2026-08-12T05:25:39Z	GUNSEAT	3263	nordkap	42203	B	T	core_destroyed	382
2026-08-12T05:25:41Z	GUNSEAT	3264	antler	42204	A	T	core_destroyed	140
2026-08-12T05:25:42Z	GUNSEAT	3265	antler	42204	B	T	core_destroyed	157
2026-08-12T05:25:57Z	GUNSEAT	3266	atoll	42204	A	C	tiebreak	1000
2026-08-12T05:25:58Z	GUNSEAT	3267	atoll	42204	B	C	core_destroyed	177
2026-08-12T05:26:02Z	GUNSEAT	3268	drumlin	42204	A	T	core_destroyed	399
2026-08-12T05:26:06Z	GUNSEAT	3269	drumlin	42204	B	T	core_destroyed	297
2026-08-12T05:26:07Z	GUNSEAT	3270	fjordgate	42204	A	T	core_destroyed	127
2026-08-12T05:26:08Z	GUNSEAT	3271	fjordgate	42204	B	C	core_destroyed	134
2026-08-12T05:26:16Z	GUNSEAT	3272	heart	42204	A	T	core_destroyed	578
2026-08-12T05:26:19Z	GUNSEAT	3273	heart	42204	B	C	core_destroyed	154
2026-08-12T05:26:22Z	GUNSEAT	3274	hive	42204	A	T	core_destroyed	240
2026-08-12T05:26:29Z	GUNSEAT	3275	hive	42204	B	C	core_destroyed	420
2026-08-12T05:26:30Z	GUNSEAT	3276	meander	42204	A	C	core_destroyed	150
2026-08-12T05:26:32Z	GUNSEAT	3277	meander	42204	B	C	core_destroyed	314
2026-08-12T05:26:34Z	GUNSEAT	3278	nordkap	42204	A	C	core_destroyed	125
2026-08-12T05:26:36Z	GUNSEAT	3279	nordkap	42204	B	C	core_destroyed	254
2026-08-12T05:26:40Z	GUNSEAT	3280	antler	42205	A	C	core_destroyed	722
2026-08-12T05:26:42Z	GUNSEAT	3281	antler	42205	B	C	core_destroyed	190
2026-08-12T05:26:50Z	GUNSEAT	3282	atoll	42205	A	C	tiebreak	1000
2026-08-12T05:26:52Z	GUNSEAT	3283	atoll	42205	B	T	core_destroyed	180
2026-08-12T05:26:56Z	GUNSEAT	3284	drumlin	42205	A	T	core_destroyed	524
2026-08-12T05:26:58Z	GUNSEAT	3285	drumlin	42205	B	C	core_destroyed	191
2026-08-12T05:27:00Z	GUNSEAT	3286	fjordgate	42205	A	T	core_destroyed	251
2026-08-12T05:27:01Z	GUNSEAT	3287	fjordgate	42205	B	T	core_destroyed	163
2026-08-12T05:27:04Z	GUNSEAT	3288	heart	42205	A	T	core_destroyed	262
2026-08-12T05:27:06Z	GUNSEAT	3289	heart	42205	B	C	core_destroyed	133
2026-08-12T05:27:12Z	GUNSEAT	3290	hive	42205	A	C	core_destroyed	350
2026-08-12T05:27:14Z	GUNSEAT	3291	hive	42205	B	T	core_destroyed	130
2026-08-12T05:27:16Z	GUNSEAT	3292	meander	42205	A	C	core_destroyed	214
2026-08-12T05:27:17Z	GUNSEAT	3293	meander	42205	B	T	core_destroyed	140
2026-08-12T05:27:19Z	GUNSEAT	3294	nordkap	42205	A	C	core_destroyed	196
2026-08-12T05:27:21Z	GUNSEAT	3295	nordkap	42205	B	C	core_destroyed	165
2026-08-12T05:27:24Z	GUNSEAT	3296	antler	42206	A	C	core_destroyed	304
2026-08-12T05:27:26Z	GUNSEAT	3297	antler	42206	B	C	tiebreak	1000
2026-08-12T05:27:28Z	GUNSEAT	3298	atoll	42206	A	C	core_destroyed	171
2026-08-12T05:27:32Z	GUNSEAT	3299	atoll	42206	B	T	core_destroyed	605
2026-08-12T05:27:35Z	GUNSEAT	3300	drumlin	42206	A	T	core_destroyed	241
2026-08-12T05:27:38Z	GUNSEAT	3301	drumlin	42206	B	T	core_destroyed	178
2026-08-12T05:27:39Z	GUNSEAT	3302	fjordgate	42206	A	T	core_destroyed	203
2026-08-12T05:27:40Z	GUNSEAT	3303	fjordgate	42206	B	T	core_destroyed	191
2026-08-12T05:27:43Z	GUNSEAT	3304	heart	42206	A	T	core_destroyed	161
2026-08-12T05:27:45Z	GUNSEAT	3305	heart	42206	B	T	core_destroyed	124
2026-08-12T05:27:51Z	GUNSEAT	3306	hive	42206	A	T	core_destroyed	466
2026-08-12T05:27:53Z	GUNSEAT	3307	hive	42206	B	T	core_destroyed	146
2026-08-12T05:27:55Z	GUNSEAT	3308	meander	42206	A	C	core_destroyed	162
2026-08-12T05:27:57Z	GUNSEAT	3309	meander	42206	B	C	core_destroyed	200
2026-08-12T05:27:58Z	GUNSEAT	3310	nordkap	42206	A	T	core_destroyed	153
2026-08-12T05:28:02Z	GUNSEAT	3311	nordkap	42206	B	C	core_destroyed	370
2026-08-12T05:28:04Z	GUNSEAT	3312	antler	42207	A	T	core_destroyed	157
2026-08-12T05:28:05Z	GUNSEAT	3313	antler	42207	B	C	core_destroyed	148
2026-08-12T05:28:09Z	GUNSEAT	3314	atoll	42207	A	C	core_destroyed	332
2026-08-12T05:28:13Z	GUNSEAT	3315	atoll	42207	B	T	core_destroyed	600
2026-08-12T05:28:16Z	GUNSEAT	3316	drumlin	42207	A	C	core_destroyed	273
2026-08-12T05:28:24Z	GUNSEAT	3317	drumlin	42207	B	C	core_destroyed	513
2026-08-12T05:28:26Z	GUNSEAT	3318	fjordgate	42207	A	C	core_destroyed	473
2026-08-12T05:28:27Z	GUNSEAT	3319	fjordgate	42207	B	C	core_destroyed	208
2026-08-12T05:28:29Z	GUNSEAT	3320	heart	42207	A	C	core_destroyed	111
2026-08-12T05:28:32Z	GUNSEAT	3321	heart	42207	B	T	core_destroyed	183
2026-08-12T05:28:36Z	GUNSEAT	3322	hive	42207	A	T	core_destroyed	299
2026-08-12T05:28:38Z	GUNSEAT	3323	hive	42207	B	C	core_destroyed	215
2026-08-12T05:28:40Z	GUNSEAT	3324	meander	42207	A	C	core_destroyed	236
2026-08-12T05:28:42Z	GUNSEAT	3325	meander	42207	B	C	core_destroyed	260
2026-08-12T05:28:44Z	GUNSEAT	3326	nordkap	42207	A	T	core_destroyed	238
2026-08-12T05:28:46Z	GUNSEAT	3327	nordkap	42207	B	T	core_destroyed	156
2026-08-12T05:28:47Z	GUNSEAT	3328	antler	42208	A	C	core_destroyed	170
2026-08-12T05:28:50Z	GUNSEAT	3329	antler	42208	B	T	tiebreak	1000
2026-08-12T05:28:56Z	GUNSEAT	3330	atoll	42208	A	T	core_destroyed	708
2026-08-12T05:28:58Z	GUNSEAT	3331	atoll	42208	B	T	core_destroyed	174
2026-08-12T05:29:00Z	GUNSEAT	3332	drumlin	42208	A	C	core_destroyed	142
2026-08-12T05:29:05Z	GUNSEAT	3333	drumlin	42208	B	C	core_destroyed	511
2026-08-12T05:29:06Z	GUNSEAT	3334	fjordgate	42208	A	T	core_destroyed	176
2026-08-12T05:29:08Z	GUNSEAT	3335	fjordgate	42208	B	T	tiebreak	1000
2026-08-12T05:29:11Z	GUNSEAT	3336	heart	42208	A	T	core_destroyed	341
2026-08-12T05:29:15Z	GUNSEAT	3337	heart	42208	B	C	core_destroyed	258
2026-08-12T05:29:20Z	GUNSEAT	3338	hive	42208	A	T	core_destroyed	335
2026-08-12T05:29:22Z	GUNSEAT	3339	hive	42208	B	C	core_destroyed	231
2026-08-12T05:29:24Z	GUNSEAT	3340	meander	42208	A	T	core_destroyed	221
2026-08-12T05:29:26Z	GUNSEAT	3341	meander	42208	B	T	core_destroyed	167
2026-08-12T05:29:28Z	GUNSEAT	3342	nordkap	42208	A	T	core_destroyed	168
2026-08-12T05:29:31Z	GUNSEAT	3343	nordkap	42208	B	C	core_destroyed	304
2026-08-12T05:29:32Z	GUNSEAT	3344	antler	42209	A	T	core_destroyed	82
2026-08-12T05:29:33Z	GUNSEAT	3345	antler	42209	B	C	core_destroyed	137
2026-08-12T05:29:35Z	GUNSEAT	3346	atoll	42209	A	T	core_destroyed	195
2026-08-12T05:29:36Z	GUNSEAT	3347	atoll	42209	B	C	core_destroyed	94
2026-08-12T05:29:40Z	GUNSEAT	3348	drumlin	42209	A	T	core_destroyed	289
2026-08-12T05:29:44Z	GUNSEAT	3349	drumlin	42209	B	C	core_destroyed	317
2026-08-12T05:29:46Z	GUNSEAT	3350	fjordgate	42209	A	T	core_destroyed	152
2026-08-12T05:29:47Z	GUNSEAT	3351	fjordgate	42209	B	C	core_destroyed	152
2026-08-12T05:29:52Z	GUNSEAT	3352	heart	42209	A	C	core_destroyed	382
2026-08-12T05:30:01Z	GUNSEAT	3353	heart	42209	B	T	core_destroyed	836
2026-08-12T05:30:06Z	GUNSEAT	3354	hive	42209	A	T	core_destroyed	334
2026-08-12T05:30:08Z	GUNSEAT	3355	hive	42209	B	C	core_destroyed	144
2026-08-12T05:30:09Z	GUNSEAT	3356	meander	42209	A	T	core_destroyed	162
2026-08-12T05:30:11Z	GUNSEAT	3357	meander	42209	B	T	core_destroyed	166
2026-08-12T05:30:13Z	GUNSEAT	3358	nordkap	42209	A	C	core_destroyed	191
2026-08-12T05:30:16Z	GUNSEAT	3359	nordkap	42209	B	T	core_destroyed	442
2026-08-12T05:30:18Z	GUNSEAT	3360	antler	42210	A	C	core_destroyed	225
2026-08-12T05:30:20Z	GUNSEAT	3361	antler	42210	B	T	core_destroyed	220
2026-08-12T05:30:22Z	GUNSEAT	3362	atoll	42210	A	T	core_destroyed	238
2026-08-12T05:30:29Z	GUNSEAT	3363	atoll	42210	B	C	core_destroyed	589
2026-08-12T05:30:33Z	GUNSEAT	3364	drumlin	42210	A	C	core_destroyed	274
2026-08-12T05:30:39Z	GUNSEAT	3365	drumlin	42210	B	C	core_destroyed	439
2026-08-12T05:30:41Z	GUNSEAT	3366	fjordgate	42210	A	C	core_destroyed	133
2026-08-12T05:30:42Z	GUNSEAT	3367	fjordgate	42210	B	C	core_destroyed	122
2026-08-12T05:30:52Z	GUNSEAT	3368	heart	42210	A	C	tiebreak	1000
2026-08-12T05:30:54Z	GUNSEAT	3369	heart	42210	B	C	core_destroyed	192
2026-08-12T05:31:02Z	GUNSEAT	3370	hive	42210	A	T	core_destroyed	669
2026-08-12T05:31:04Z	GUNSEAT	3371	hive	42210	B	C	core_destroyed	128
2026-08-12T05:31:05Z	GUNSEAT	3372	meander	42210	A	T	core_destroyed	142
2026-08-12T05:31:07Z	GUNSEAT	3373	meander	42210	B	T	core_destroyed	227
2026-08-12T05:31:09Z	GUNSEAT	3374	nordkap	42210	A	T	core_destroyed	143
2026-08-12T05:31:10Z	GUNSEAT	3375	nordkap	42210	B	T	core_destroyed	118
2026-08-12T05:31:12Z	GUNSEAT	3376	antler	42211	A	T	core_destroyed	165
2026-08-12T05:31:15Z	GUNSEAT	3377	antler	42211	B	C	core_destroyed	362
2026-08-12T05:31:18Z	GUNSEAT	3378	atoll	42211	A	T	core_destroyed	215
2026-08-12T05:31:21Z	GUNSEAT	3379	atoll	42211	B	C	core_destroyed	325
2026-08-12T05:31:25Z	GUNSEAT	3380	drumlin	42211	A	C	core_destroyed	488
2026-08-12T05:31:26Z	GUNSEAT	3381	drumlin	42211	B	T	core_destroyed	85
2026-08-12T05:31:28Z	GUNSEAT	3382	fjordgate	42211	A	T	core_destroyed	375
2026-08-12T05:31:31Z	GUNSEAT	3383	fjordgate	42211	B	T	tiebreak	1000
2026-08-12T05:31:33Z	GUNSEAT	3384	heart	42211	A	T	core_destroyed	231
2026-08-12T05:31:38Z	GUNSEAT	3385	heart	42211	B	T	core_destroyed	277
2026-08-12T05:31:41Z	GUNSEAT	3386	hive	42211	A	C	core_destroyed	233
2026-08-12T05:31:44Z	GUNSEAT	3387	hive	42211	B	C	core_destroyed	227
2026-08-12T05:31:46Z	GUNSEAT	3388	meander	42211	A	C	core_destroyed	170
2026-08-12T05:31:48Z	GUNSEAT	3389	meander	42211	B	C	core_destroyed	215
2026-08-12T05:31:51Z	GUNSEAT	3390	nordkap	42211	A	C	core_destroyed	379
2026-08-12T05:31:52Z	GUNSEAT	3391	nordkap	42211	B	T	core_destroyed	115
2026-08-12T05:31:54Z	GUNSEAT	3392	antler	42212	A	C	core_destroyed	149
2026-08-12T05:31:56Z	GUNSEAT	3393	antler	42212	B	C	core_destroyed	183
2026-08-12T05:32:00Z	GUNSEAT	3394	atoll	42212	A	T	core_destroyed	320
2026-08-12T05:32:01Z	GUNSEAT	3395	atoll	42212	B	T	core_destroyed	122
2026-08-12T05:32:05Z	GUNSEAT	3396	drumlin	42212	A	C	core_destroyed	270
2026-08-12T05:32:06Z	GUNSEAT	3397	drumlin	42212	B	C	core_destroyed	90
2026-08-12T05:32:10Z	GUNSEAT	3398	fjordgate	42212	A	T	tiebreak	1000
2026-08-12T05:32:11Z	GUNSEAT	3399	fjordgate	42212	B	C	core_destroyed	134
2026-08-12T05:32:14Z	GUNSEAT	3400	heart	42212	A	T	core_destroyed	213
2026-08-12T05:32:19Z	GUNSEAT	3401	heart	42212	B	T	core_destroyed	361
2026-08-12T05:32:22Z	GUNSEAT	3402	hive	42212	A	T	core_destroyed	170
2026-08-12T05:32:27Z	GUNSEAT	3403	hive	42212	B	T	core_destroyed	372
2026-08-12T05:32:29Z	GUNSEAT	3404	meander	42212	A	T	core_destroyed	145
2026-08-12T05:32:32Z	GUNSEAT	3405	meander	42212	B	C	core_destroyed	270
2026-08-12T05:32:36Z	GUNSEAT	3406	nordkap	42212	A	T	core_destroyed	367
2026-08-12T05:32:38Z	GUNSEAT	3407	nordkap	42212	B	C	core_destroyed	242
2026-08-12T05:32:40Z	GUNSEAT	3408	antler	42213	A	T	core_destroyed	216
2026-08-12T05:32:42Z	GUNSEAT	3409	antler	42213	B	T	core_destroyed	168
2026-08-12T05:32:43Z	GUNSEAT	3410	atoll	42213	A	C	core_destroyed	104
2026-08-12T05:32:45Z	GUNSEAT	3411	atoll	42213	B	C	core_destroyed	115
2026-08-12T05:32:46Z	GUNSEAT	3412	drumlin	42213	A	C	core_destroyed	204
2026-08-12T05:32:51Z	GUNSEAT	3413	drumlin	42213	B	T	core_destroyed	377
2026-08-12T05:32:52Z	GUNSEAT	3414	fjordgate	42213	A	C	core_destroyed	230
2026-08-12T05:32:54Z	GUNSEAT	3415	fjordgate	42213	B	C	core_destroyed	215
2026-08-12T05:32:56Z	GUNSEAT	3416	heart	42213	A	C	core_destroyed	139
2026-08-12T05:32:58Z	GUNSEAT	3417	heart	42213	B	C	core_destroyed	121
2026-08-12T05:33:00Z	GUNSEAT	3418	hive	42213	A	C	core_destroyed	150
2026-08-12T05:33:03Z	GUNSEAT	3419	hive	42213	B	T	core_destroyed	179
2026-08-12T05:33:05Z	GUNSEAT	3420	meander	42213	A	T	core_destroyed	198
2026-08-12T05:33:07Z	GUNSEAT	3421	meander	42213	B	T	core_destroyed	271
2026-08-12T05:33:10Z	GUNSEAT	3422	nordkap	42213	A	T	core_destroyed	250
2026-08-12T05:33:13Z	GUNSEAT	3423	nordkap	42213	B	C	core_destroyed	378
2026-08-12T05:33:15Z	GUNSEAT	3424	antler	42214	A	T	tiebreak	1000
2026-08-12T05:33:17Z	GUNSEAT	3425	antler	42214	B	T	core_destroyed	158
2026-08-12T05:33:25Z	GUNSEAT	3426	atoll	42214	A	T	core_destroyed	530
2026-08-12T05:33:26Z	GUNSEAT	3427	atoll	42214	B	T	core_destroyed	172
2026-08-12T05:33:29Z	GUNSEAT	3428	drumlin	42214	A	T	core_destroyed	268
2026-08-12T05:33:31Z	GUNSEAT	3429	drumlin	42214	B	T	core_destroyed	187
2026-08-12T05:33:33Z	GUNSEAT	3430	fjordgate	42214	A	T	core_destroyed	130
2026-08-12T05:33:35Z	GUNSEAT	3431	fjordgate	42214	B	C	core_destroyed	279
2026-08-12T05:33:38Z	GUNSEAT	3432	heart	42214	A	T	core_destroyed	146
2026-08-12T05:33:40Z	GUNSEAT	3433	heart	42214	B	C	core_destroyed	127
2026-08-12T05:33:43Z	GUNSEAT	3434	hive	42214	A	C	core_destroyed	212
2026-08-12T05:33:46Z	GUNSEAT	3435	hive	42214	B	T	core_destroyed	240
2026-08-12T05:33:48Z	GUNSEAT	3436	meander	42214	A	T	core_destroyed	169
2026-08-12T05:33:50Z	GUNSEAT	3437	meander	42214	B	C	core_destroyed	203
2026-08-12T05:33:54Z	GUNSEAT	3438	nordkap	42214	A	T	core_destroyed	378
2026-08-12T05:33:55Z	GUNSEAT	3439	nordkap	42214	B	C	core_destroyed	120
2026-08-12T05:33:59Z	GUNSEAT	3440	antler	42215	A	T	core_destroyed	625
2026-08-12T05:34:02Z	GUNSEAT	3441	antler	42215	B	T	core_destroyed	408
2026-08-12T05:34:05Z	GUNSEAT	3442	atoll	42215	A	C	core_destroyed	238
2026-08-12T05:34:06Z	GUNSEAT	3443	atoll	42215	B	T	core_destroyed	303
2026-08-12T05:34:11Z	GUNSEAT	3444	drumlin	42215	A	C	core_destroyed	385
2026-08-12T05:34:21Z	GUNSEAT	3445	drumlin	42215	B	C	tiebreak	1000
2026-08-12T05:34:22Z	GUNSEAT	3446	fjordgate	42215	A	T	core_destroyed	175
2026-08-12T05:34:23Z	GUNSEAT	3447	fjordgate	42215	B	C	core_destroyed	233
2026-08-12T05:34:27Z	GUNSEAT	3448	heart	42215	A	C	core_destroyed	345
2026-08-12T05:34:29Z	GUNSEAT	3449	heart	42215	B	C	core_destroyed	118
2026-08-12T05:34:34Z	GUNSEAT	3450	hive	42215	A	T	core_destroyed	258
2026-08-12T05:34:36Z	GUNSEAT	3451	hive	42215	B	T	core_destroyed	117
2026-08-12T05:34:37Z	GUNSEAT	3452	meander	42215	A	C	core_destroyed	141
2026-08-12T05:34:39Z	GUNSEAT	3453	meander	42215	B	C	core_destroyed	209
2026-08-12T05:34:42Z	GUNSEAT	3454	nordkap	42215	A	T	core_destroyed	382
2026-08-12T05:34:43Z	GUNSEAT	3455	nordkap	42215	B	T	core_destroyed	162
2026-08-12T05:34:46Z	GUNSEAT	3456	antler	42216	A	T	core_destroyed	308
2026-08-12T05:34:49Z	GUNSEAT	3457	antler	42216	B	C	core_destroyed	182
2026-08-12T05:34:50Z	GUNSEAT	3458	atoll	42216	A	C	core_destroyed	128
2026-08-12T05:34:51Z	GUNSEAT	3459	atoll	42216	B	T	core_destroyed	122
2026-08-12T05:34:54Z	GUNSEAT	3460	drumlin	42216	A	T	core_destroyed	188
2026-08-12T05:34:56Z	GUNSEAT	3461	drumlin	42216	B	C	core_destroyed	90
2026-08-12T05:34:57Z	GUNSEAT	3462	fjordgate	42216	A	T	core_destroyed	133
2026-08-12T05:35:01Z	GUNSEAT	3463	fjordgate	42216	B	T	tiebreak	1000
2026-08-12T05:35:04Z	GUNSEAT	3464	heart	42216	A	T	core_destroyed	374
2026-08-12T05:35:10Z	GUNSEAT	3465	heart	42216	B	T	core_destroyed	653
2026-08-12T05:35:13Z	GUNSEAT	3466	hive	42216	A	T	core_destroyed	228
2026-08-12T05:35:23Z	GUNSEAT	3467	hive	42216	B	C	core_destroyed	724
2026-08-12T05:35:24Z	GUNSEAT	3468	meander	42216	A	T	core_destroyed	187
2026-08-12T05:35:26Z	GUNSEAT	3469	meander	42216	B	C	core_destroyed	124
2026-08-12T05:35:27Z	GUNSEAT	3470	nordkap	42216	A	T	core_destroyed	170
2026-08-12T05:35:28Z	GUNSEAT	3471	nordkap	42216	B	C	core_destroyed	111
2026-08-12T05:35:31Z	GUNSEAT	3472	antler	42217	A	C	core_destroyed	278
2026-08-12T05:35:34Z	GUNSEAT	3473	antler	42217	B	C	core_destroyed	252
2026-08-12T05:35:37Z	GUNSEAT	3474	atoll	42217	A	T	tiebreak	1000
2026-08-12T05:35:38Z	GUNSEAT	3475	atoll	42217	B	T	core_destroyed	130
2026-08-12T05:35:39Z	GUNSEAT	3476	drumlin	42217	A	C	core_destroyed	87
2026-08-12T05:35:42Z	GUNSEAT	3477	drumlin	42217	B	C	core_destroyed	180
2026-08-12T05:35:43Z	GUNSEAT	3478	fjordgate	42217	A	T	core_destroyed	185
2026-08-12T05:35:44Z	GUNSEAT	3479	fjordgate	42217	B	T	core_destroyed	185
2026-08-12T05:35:47Z	GUNSEAT	3480	heart	42217	A	T	core_destroyed	157
2026-08-12T05:35:50Z	GUNSEAT	3481	heart	42217	B	C	core_destroyed	231
2026-08-12T05:35:52Z	GUNSEAT	3482	hive	42217	A	C	core_destroyed	130
2026-08-12T05:35:55Z	GUNSEAT	3483	hive	42217	B	C	core_destroyed	202
2026-08-12T05:35:57Z	GUNSEAT	3484	meander	42217	A	T	core_destroyed	272
2026-08-12T05:35:58Z	GUNSEAT	3485	meander	42217	B	C	core_destroyed	116
2026-08-12T05:36:00Z	GUNSEAT	3486	nordkap	42217	A	T	core_destroyed	240
2026-08-12T05:36:03Z	GUNSEAT	3487	nordkap	42217	B	T	core_destroyed	265
2026-08-12T05:36:05Z	GUNSEAT	3488	antler	42218	A	T	core_destroyed	184
2026-08-12T05:36:06Z	GUNSEAT	3489	antler	42218	B	C	core_destroyed	148
2026-08-12T05:36:08Z	GUNSEAT	3490	atoll	42218	A	T	core_destroyed	112
2026-08-12T05:36:10Z	GUNSEAT	3491	atoll	42218	B	T	core_destroyed	175
2026-08-12T05:36:14Z	GUNSEAT	3492	drumlin	42218	A	C	core_destroyed	316
2026-08-12T05:36:19Z	GUNSEAT	3493	drumlin	42218	B	T	core_destroyed	376
2026-08-12T05:36:21Z	GUNSEAT	3494	fjordgate	42218	A	C	core_destroyed	160
2026-08-12T05:36:22Z	GUNSEAT	3495	fjordgate	42218	B	C	core_destroyed	213
2026-08-12T05:36:26Z	GUNSEAT	3496	heart	42218	A	C	core_destroyed	295
2026-08-12T05:36:28Z	GUNSEAT	3497	heart	42218	B	T	core_destroyed	266
2026-08-12T05:36:31Z	GUNSEAT	3498	hive	42218	A	C	core_destroyed	169
2026-08-12T05:36:33Z	GUNSEAT	3499	hive	42218	B	C	core_destroyed	122
2026-08-12T05:36:34Z	GUNSEAT	3500	meander	42218	A	T	core_destroyed	160
2026-08-12T05:36:36Z	GUNSEAT	3501	meander	42218	B	C	core_destroyed	120
2026-08-12T05:36:38Z	GUNSEAT	3502	nordkap	42218	A	T	core_destroyed	156
2026-08-12T05:36:39Z	GUNSEAT	3503	nordkap	42218	B	T	core_destroyed	125
2026-08-12T05:36:41Z	GUNSEAT	3504	antler	42219	A	C	core_destroyed	97
2026-08-12T05:36:43Z	GUNSEAT	3505	antler	42219	B	C	core_destroyed	220
2026-08-12T05:36:46Z	GUNSEAT	3506	atoll	42219	A	C	core_destroyed	330
2026-08-12T05:36:47Z	GUNSEAT	3507	atoll	42219	B	C	core_destroyed	529
2026-08-12T05:36:49Z	GUNSEAT	3508	drumlin	42219	A	T	core_destroyed	170
2026-08-12T05:36:51Z	GUNSEAT	3509	drumlin	42219	B	C	core_destroyed	94
2026-08-12T05:36:52Z	GUNSEAT	3510	fjordgate	42219	A	T	core_destroyed	145
2026-08-12T05:36:54Z	GUNSEAT	3511	fjordgate	42219	B	T	core_destroyed	283
2026-08-12T05:37:01Z	GUNSEAT	3512	heart	42219	A	T	core_destroyed	657
2026-08-12T05:37:12Z	GUNSEAT	3513	heart	42219	B	C	tiebreak	1000
2026-08-12T05:37:15Z	GUNSEAT	3514	hive	42219	A	C	core_destroyed	268
2026-08-12T05:37:21Z	GUNSEAT	3515	hive	42219	B	T	core_destroyed	451
2026-08-12T05:37:22Z	GUNSEAT	3516	meander	42219	A	C	core_destroyed	147
2026-08-12T05:37:24Z	GUNSEAT	3517	meander	42219	B	C	core_destroyed	171
2026-08-12T05:37:26Z	GUNSEAT	3518	nordkap	42219	A	T	core_destroyed	193
2026-08-12T05:37:27Z	GUNSEAT	3519	nordkap	42219	B	T	core_destroyed	119
2026-08-12T05:37:28Z	GUNSEAT	3520	antler	42220	A	C	core_destroyed	182
2026-08-12T05:37:30Z	GUNSEAT	3521	antler	42220	B	C	core_destroyed	120
2026-08-12T05:37:35Z	GUNSEAT	3522	atoll	42220	A	T	core_destroyed	413
2026-08-12T05:37:38Z	GUNSEAT	3523	atoll	42220	B	C	tiebreak	1000
2026-08-12T05:37:42Z	GUNSEAT	3524	drumlin	42220	A	C	core_destroyed	268
2026-08-12T05:37:43Z	GUNSEAT	3525	drumlin	42220	B	C	core_destroyed	126
2026-08-12T05:37:44Z	GUNSEAT	3526	fjordgate	42220	A	T	core_destroyed	121
2026-08-12T05:37:46Z	GUNSEAT	3527	fjordgate	42220	B	T	core_destroyed	282
2026-08-12T05:37:50Z	GUNSEAT	3528	heart	42220	A	T	core_destroyed	278
2026-08-12T05:37:52Z	GUNSEAT	3529	heart	42220	B	C	core_destroyed	129
2026-08-12T05:37:54Z	GUNSEAT	3530	hive	42220	A	T	core_destroyed	229
2026-08-12T05:38:00Z	GUNSEAT	3531	hive	42220	B	C	tiebreak	1000
2026-08-12T05:38:03Z	GUNSEAT	3532	meander	42220	A	C	core_destroyed	230
2026-08-12T05:38:05Z	GUNSEAT	3533	meander	42220	B	C	core_destroyed	148
2026-08-12T05:38:08Z	GUNSEAT	3534	nordkap	42220	A	C	core_destroyed	329
2026-08-12T05:38:10Z	GUNSEAT	3535	nordkap	42220	B	T	core_destroyed	143
2026-08-12T05:38:12Z	GUNSEAT	3536	antler	42221	A	T	core_destroyed	165
2026-08-12T05:38:14Z	GUNSEAT	3537	antler	42221	B	C	core_destroyed	250
2026-08-12T05:38:15Z	GUNSEAT	3538	atoll	42221	A	C	core_destroyed	96
2026-08-12T05:38:17Z	GUNSEAT	3539	atoll	42221	B	T	core_destroyed	237
2026-08-12T05:38:19Z	GUNSEAT	3540	drumlin	42221	A	T	core_destroyed	230
2026-08-12T05:38:22Z	GUNSEAT	3541	drumlin	42221	B	T	core_destroyed	220
2026-08-12T05:38:23Z	GUNSEAT	3542	fjordgate	42221	A	C	core_destroyed	97
2026-08-12T05:38:29Z	GUNSEAT	3543	fjordgate	42221	B	C	tiebreak	1000
2026-08-12T05:38:31Z	GUNSEAT	3544	heart	42221	A	T	core_destroyed	157
2026-08-12T05:38:34Z	GUNSEAT	3545	heart	42221	B	T	core_destroyed	247
2026-08-12T05:38:37Z	GUNSEAT	3546	hive	42221	A	C	core_destroyed	239
2026-08-12T05:38:43Z	GUNSEAT	3547	hive	42221	B	C	core_destroyed	398
2026-08-12T05:38:45Z	GUNSEAT	3548	meander	42221	A	T	core_destroyed	164
2026-08-12T05:38:47Z	GUNSEAT	3549	meander	42221	B	T	core_destroyed	203
2026-08-12T05:38:48Z	GUNSEAT	3550	nordkap	42221	A	T	core_destroyed	200
2026-08-12T05:38:50Z	GUNSEAT	3551	nordkap	42221	B	C	core_destroyed	127
2026-08-12T05:38:51Z	GUNSEAT	3552	antler	42222	A	T	core_destroyed	145
2026-08-12T05:38:53Z	GUNSEAT	3553	antler	42222	B	C	core_destroyed	163
2026-08-12T05:38:55Z	GUNSEAT	3554	atoll	42222	A	C	core_destroyed	367
2026-08-12T05:38:56Z	GUNSEAT	3555	atoll	42222	B	C	core_destroyed	100
2026-08-12T05:39:02Z	GUNSEAT	3556	drumlin	42222	A	T	core_destroyed	384
2026-08-12T05:39:07Z	GUNSEAT	3557	drumlin	42222	B	C	core_destroyed	437
2026-08-12T05:39:09Z	GUNSEAT	3558	fjordgate	42222	A	C	core_destroyed	204
2026-08-12T05:39:10Z	GUNSEAT	3559	fjordgate	42222	B	C	core_destroyed	132
2026-08-12T05:39:21Z	GUNSEAT	3560	heart	42222	A	T	tiebreak	1000
2026-08-12T05:39:29Z	GUNSEAT	3561	heart	42222	B	T	core_destroyed	778
2026-08-12T05:39:31Z	GUNSEAT	3562	hive	42222	A	T	core_destroyed	165
2026-08-12T05:39:36Z	GUNSEAT	3563	hive	42222	B	T	core_destroyed	334
2026-08-12T05:39:38Z	GUNSEAT	3564	meander	42222	A	T	core_destroyed	199
2026-08-12T05:39:39Z	GUNSEAT	3565	meander	42222	B	T	core_destroyed	175
2026-08-12T05:39:41Z	GUNSEAT	3566	nordkap	42222	A	C	core_destroyed	128
2026-08-12T05:39:43Z	GUNSEAT	3567	nordkap	42222	B	C	core_destroyed	161
2026-08-12T05:39:45Z	GUNSEAT	3568	antler	42223	A	T	core_destroyed	339
2026-08-12T05:39:47Z	GUNSEAT	3569	antler	42223	B	C	core_destroyed	172
2026-08-12T05:39:49Z	GUNSEAT	3570	atoll	42223	A	T	core_destroyed	219
2026-08-12T05:39:52Z	GUNSEAT	3571	atoll	42223	B	T	core_destroyed	310
2026-08-12T05:39:55Z	GUNSEAT	3572	drumlin	42223	A	C	core_destroyed	183
2026-08-12T05:39:58Z	GUNSEAT	3573	drumlin	42223	B	C	core_destroyed	263
2026-08-12T05:40:00Z	GUNSEAT	3574	fjordgate	42223	A	T	tiebreak	1000
2026-08-12T05:40:02Z	GUNSEAT	3575	fjordgate	42223	B	C	core_destroyed	272
2026-08-12T05:40:05Z	GUNSEAT	3576	heart	42223	A	C	core_destroyed	134
2026-08-12T05:40:07Z	GUNSEAT	3577	heart	42223	B	T	core_destroyed	148
2026-08-12T05:40:08Z	GUNSEAT	3578	hive	42223	A	T	core_destroyed	127
2026-08-12T05:40:11Z	GUNSEAT	3579	hive	42223	B	T	core_destroyed	191
2026-08-12T05:40:13Z	GUNSEAT	3580	meander	42223	A	T	core_destroyed	229
2026-08-12T05:40:15Z	GUNSEAT	3581	meander	42223	B	C	core_destroyed	287
2026-08-12T05:40:16Z	GUNSEAT	3582	nordkap	42223	A	T	core_destroyed	117
2026-08-12T05:40:18Z	GUNSEAT	3583	nordkap	42223	B	T	core_destroyed	173
2026-08-12T05:40:21Z	GUNSEAT	3584	antler	42224	A	C	core_destroyed	153
2026-08-12T05:40:22Z	GUNSEAT	3585	antler	42224	B	C	core_destroyed	115
2026-08-12T05:40:27Z	GUNSEAT	3586	atoll	42224	A	C	core_destroyed	351
2026-08-12T05:40:29Z	GUNSEAT	3587	atoll	42224	B	C	core_destroyed	202
2026-08-12T05:40:32Z	GUNSEAT	3588	drumlin	42224	A	C	core_destroyed	550
2026-08-12T05:40:34Z	GUNSEAT	3589	drumlin	42224	B	T	core_destroyed	119
2026-08-12T05:40:35Z	GUNSEAT	3590	fjordgate	42224	A	T	core_destroyed	210
2026-08-12T05:40:37Z	GUNSEAT	3591	fjordgate	42224	B	C	core_destroyed	179
2026-08-12T05:40:39Z	GUNSEAT	3592	heart	42224	A	T	core_destroyed	103
2026-08-12T05:40:42Z	GUNSEAT	3593	heart	42224	B	T	core_destroyed	144
2026-08-12T05:40:43Z	GUNSEAT	3594	hive	42224	A	T	core_destroyed	92
2026-08-12T05:40:46Z	GUNSEAT	3595	hive	42224	B	C	core_destroyed	164
2026-08-12T05:40:48Z	GUNSEAT	3596	meander	42224	A	T	core_destroyed	233
2026-08-12T05:40:50Z	GUNSEAT	3597	meander	42224	B	C	core_destroyed	206
2026-08-12T05:40:53Z	GUNSEAT	3598	nordkap	42224	A	C	core_destroyed	337
2026-08-12T05:40:56Z	GUNSEAT	3599	nordkap	42224	B	T	core_destroyed	538
2026-08-12T05:40:58Z	GUNSEAT	3600	antler	42225	A	T	core_destroyed	198
2026-08-12T05:41:00Z	GUNSEAT	3601	antler	42225	B	T	core_destroyed	202
2026-08-12T05:41:01Z	GUNSEAT	3602	atoll	42225	A	T	core_destroyed	113
2026-08-12T05:41:03Z	GUNSEAT	3603	atoll	42225	B	T	core_destroyed	228
2026-08-12T05:41:07Z	GUNSEAT	3604	drumlin	42225	A	C	core_destroyed	428
2026-08-12T05:41:09Z	GUNSEAT	3605	drumlin	42225	B	T	core_destroyed	85
2026-08-12T05:41:10Z	GUNSEAT	3606	fjordgate	42225	A	T	core_destroyed	147
2026-08-12T05:41:11Z	GUNSEAT	3607	fjordgate	42225	B	C	core_destroyed	170
2026-08-12T05:41:14Z	GUNSEAT	3608	heart	42225	A	T	core_destroyed	123
2026-08-12T05:41:16Z	GUNSEAT	3609	heart	42225	B	T	core_destroyed	132
2026-08-12T05:41:19Z	GUNSEAT	3610	hive	42225	A	C	core_destroyed	206
2026-08-12T05:41:22Z	GUNSEAT	3611	hive	42225	B	T	core_destroyed	233
2026-08-12T05:41:25Z	GUNSEAT	3612	meander	42225	A	T	tiebreak	1000
2026-08-12T05:41:27Z	GUNSEAT	3613	meander	42225	B	C	core_destroyed	204
2026-08-12T05:41:29Z	GUNSEAT	3614	nordkap	42225	A	C	core_destroyed	228
2026-08-12T05:41:31Z	GUNSEAT	3615	nordkap	42225	B	C	core_destroyed	165
2026-08-12T05:41:34Z	GUNSEAT	3616	antler	42226	A	C	core_destroyed	614
2026-08-12T05:41:38Z	GUNSEAT	3617	antler	42226	B	T	core_destroyed	474
2026-08-12T05:41:41Z	GUNSEAT	3618	atoll	42226	A	T	tiebreak	1000
2026-08-12T05:41:43Z	GUNSEAT	3619	atoll	42226	B	C	core_destroyed	386
2026-08-12T05:41:45Z	GUNSEAT	3620	drumlin	42226	A	T	core_destroyed	134
2026-08-12T05:41:50Z	GUNSEAT	3621	drumlin	42226	B	C	core_destroyed	590
2026-08-12T05:41:51Z	GUNSEAT	3622	fjordgate	42226	A	T	core_destroyed	127
2026-08-12T05:41:53Z	GUNSEAT	3623	fjordgate	42226	B	T	core_destroyed	144
2026-08-12T05:41:58Z	GUNSEAT	3624	heart	42226	A	T	core_destroyed	394
2026-08-12T05:42:01Z	GUNSEAT	3625	heart	42226	B	C	core_destroyed	151
2026-08-12T05:42:03Z	GUNSEAT	3626	hive	42226	A	T	core_destroyed	229
2026-08-12T05:42:09Z	GUNSEAT	3627	hive	42226	B	T	core_destroyed	390
2026-08-12T05:42:11Z	GUNSEAT	3628	meander	42226	A	T	core_destroyed	221
2026-08-12T05:42:13Z	GUNSEAT	3629	meander	42226	B	T	core_destroyed	116
2026-08-12T05:42:14Z	GUNSEAT	3630	nordkap	42226	A	C	core_destroyed	186
2026-08-12T05:42:17Z	GUNSEAT	3631	nordkap	42226	B	C	core_destroyed	209
2026-08-12T05:42:18Z	GUNSEAT	3632	antler	42227	A	T	core_destroyed	240
2026-08-12T05:42:21Z	GUNSEAT	3633	antler	42227	B	C	core_destroyed	655
2026-08-12T05:42:22Z	GUNSEAT	3634	atoll	42227	A	T	core_destroyed	122
2026-08-12T05:42:27Z	GUNSEAT	3635	atoll	42227	B	C	core_destroyed	567
2026-08-12T05:42:31Z	GUNSEAT	3636	drumlin	42227	A	T	core_destroyed	436
2026-08-12T05:42:36Z	GUNSEAT	3637	drumlin	42227	B	T	core_destroyed	257
2026-08-12T05:42:38Z	GUNSEAT	3638	fjordgate	42227	A	T	tiebreak	1000
2026-08-12T05:42:39Z	GUNSEAT	3639	fjordgate	42227	B	T	core_destroyed	101
2026-08-12T05:42:41Z	GUNSEAT	3640	heart	42227	A	C	core_destroyed	157
2026-08-12T05:42:46Z	GUNSEAT	3641	heart	42227	B	T	core_destroyed	299
2026-08-12T05:42:48Z	GUNSEAT	3642	hive	42227	A	C	core_destroyed	162
2026-08-12T05:42:51Z	GUNSEAT	3643	hive	42227	B	T	core_destroyed	206
2026-08-12T05:42:52Z	GUNSEAT	3644	meander	42227	A	C	core_destroyed	198
2026-08-12T05:42:54Z	GUNSEAT	3645	meander	42227	B	T	core_destroyed	214
2026-08-12T05:42:56Z	GUNSEAT	3646	nordkap	42227	A	T	core_destroyed	230
2026-08-12T05:42:59Z	GUNSEAT	3647	nordkap	42227	B	T	core_destroyed	283
2026-08-12T05:43:02Z	GUNSEAT	3648	antler	42228	A	T	core_destroyed	351
2026-08-12T05:43:03Z	GUNSEAT	3649	antler	42228	B	T	core_destroyed	262
2026-08-12T05:43:05Z	GUNSEAT	3650	atoll	42228	A	C	core_destroyed	226
2026-08-12T05:43:07Z	GUNSEAT	3651	atoll	42228	B	T	core_destroyed	426
2026-08-12T05:43:10Z	GUNSEAT	3652	drumlin	42228	A	C	core_destroyed	299
2026-08-12T05:43:13Z	GUNSEAT	3653	drumlin	42228	B	C	core_destroyed	256
2026-08-12T05:43:14Z	GUNSEAT	3654	fjordgate	42228	A	T	core_destroyed	179
2026-08-12T05:43:17Z	GUNSEAT	3655	fjordgate	42228	B	T	tiebreak	1000
2026-08-12T05:43:20Z	GUNSEAT	3656	heart	42228	A	C	core_destroyed	182
2026-08-12T05:43:22Z	GUNSEAT	3657	heart	42228	B	T	core_destroyed	163
2026-08-12T05:43:25Z	GUNSEAT	3658	hive	42228	A	C	core_destroyed	193
2026-08-12T05:43:28Z	GUNSEAT	3659	hive	42228	B	T	core_destroyed	178
2026-08-12T05:43:32Z	GUNSEAT	3660	meander	42228	A	C	tiebreak	1000
2026-08-12T05:43:34Z	GUNSEAT	3661	meander	42228	B	T	core_destroyed	196
2026-08-12T05:43:36Z	GUNSEAT	3662	nordkap	42228	A	C	core_destroyed	194
2026-08-12T05:43:38Z	GUNSEAT	3663	nordkap	42228	B	C	core_destroyed	224
2026-08-12T05:43:40Z	GUNSEAT	3664	antler	42229	A	C	core_destroyed	192
2026-08-12T05:43:42Z	GUNSEAT	3665	antler	42229	B	C	core_destroyed	223
2026-08-12T05:43:47Z	GUNSEAT	3666	atoll	42229	A	T	core_destroyed	418
2026-08-12T05:43:48Z	GUNSEAT	3667	atoll	42229	B	T	core_destroyed	264
2026-08-12T05:43:52Z	GUNSEAT	3668	drumlin	42229	A	T	core_destroyed	264
2026-08-12T05:43:53Z	GUNSEAT	3669	drumlin	42229	B	T	core_destroyed	90
2026-08-12T05:43:55Z	GUNSEAT	3670	fjordgate	42229	A	T	core_destroyed	303
2026-08-12T05:43:56Z	GUNSEAT	3671	fjordgate	42229	B	T	core_destroyed	188
2026-08-12T05:43:59Z	GUNSEAT	3672	heart	42229	A	C	core_destroyed	165
2026-08-12T05:44:01Z	GUNSEAT	3673	heart	42229	B	C	core_destroyed	174
2026-08-12T05:44:03Z	GUNSEAT	3674	hive	42229	A	T	core_destroyed	218
2026-08-12T05:44:10Z	GUNSEAT	3675	hive	42229	B	T	core_destroyed	577
2026-08-12T05:44:12Z	GUNSEAT	3676	meander	42229	A	T	core_destroyed	164
2026-08-12T05:44:14Z	GUNSEAT	3677	meander	42229	B	C	core_destroyed	186
2026-08-12T05:44:17Z	GUNSEAT	3678	nordkap	42229	A	C	core_destroyed	306
2026-08-12T05:44:18Z	GUNSEAT	3679	nordkap	42229	B	C	core_destroyed	168
2026-08-12T05:44:21Z	GUNSEAT	3680	antler	42230	A	T	core_destroyed	302
2026-08-12T05:44:23Z	GUNSEAT	3681	antler	42230	B	C	core_destroyed	328
2026-08-12T05:44:26Z	GUNSEAT	3682	atoll	42230	A	C	core_destroyed	205
2026-08-12T05:44:31Z	GUNSEAT	3683	atoll	42230	B	C	core_destroyed	460
2026-08-12T05:44:35Z	GUNSEAT	3684	drumlin	42230	A	C	core_destroyed	274
2026-08-12T05:44:41Z	GUNSEAT	3685	drumlin	42230	B	C	core_destroyed	394
2026-08-12T05:44:42Z	GUNSEAT	3686	fjordgate	42230	A	T	core_destroyed	125
2026-08-12T05:44:43Z	GUNSEAT	3687	fjordgate	42230	B	T	core_destroyed	225
2026-08-12T05:44:46Z	GUNSEAT	3688	heart	42230	A	C	core_destroyed	154
2026-08-12T05:44:52Z	GUNSEAT	3689	heart	42230	B	T	core_destroyed	614
2026-08-12T05:44:56Z	GUNSEAT	3690	hive	42230	A	T	core_destroyed	238
2026-08-12T05:45:00Z	GUNSEAT	3691	hive	42230	B	T	core_destroyed	310
2026-08-12T05:45:02Z	GUNSEAT	3692	meander	42230	A	C	core_destroyed	143
2026-08-12T05:45:03Z	GUNSEAT	3693	meander	42230	B	T	core_destroyed	139
2026-08-12T05:45:05Z	GUNSEAT	3694	nordkap	42230	A	C	core_destroyed	105
2026-08-12T05:45:06Z	GUNSEAT	3695	nordkap	42230	B	C	core_destroyed	110
2026-08-12T05:45:08Z	GUNSEAT	3696	antler	42231	A	C	core_destroyed	281
2026-08-12T05:45:10Z	GUNSEAT	3697	antler	42231	B	T	core_destroyed	150
2026-08-12T05:45:12Z	GUNSEAT	3698	atoll	42231	A	T	core_destroyed	395
2026-08-12T05:45:15Z	GUNSEAT	3699	atoll	42231	B	C	core_destroyed	381
2026-08-12T05:45:16Z	GUNSEAT	3700	drumlin	42231	A	T	core_destroyed	102
2026-08-12T05:45:18Z	GUNSEAT	3701	drumlin	42231	B	C	core_destroyed	148
2026-08-12T05:45:20Z	GUNSEAT	3702	fjordgate	42231	A	T	core_destroyed	924
2026-08-12T05:45:22Z	GUNSEAT	3703	fjordgate	42231	B	C	core_destroyed	328
2026-08-12T05:45:26Z	GUNSEAT	3704	heart	42231	A	C	core_destroyed	442
2026-08-12T05:45:31Z	GUNSEAT	3705	heart	42231	B	T	core_destroyed	538
2026-08-12T05:45:35Z	GUNSEAT	3706	hive	42231	A	T	core_destroyed	335
2026-08-12T05:45:36Z	GUNSEAT	3707	hive	42231	B	T	core_destroyed	109
2026-08-12T05:45:38Z	GUNSEAT	3708	meander	42231	A	C	core_destroyed	115
2026-08-12T05:45:41Z	GUNSEAT	3709	meander	42231	B	T	core_destroyed	325
2026-08-12T05:45:46Z	GUNSEAT	3710	nordkap	42231	A	C	core_destroyed	562
2026-08-12T05:45:49Z	GUNSEAT	3711	nordkap	42231	B	C	core_destroyed	219
2026-08-12T05:45:53Z	GUNSEAT	3712	antler	42232	A	T	core_destroyed	390
2026-08-12T05:45:54Z	GUNSEAT	3713	antler	42232	B	T	core_destroyed	318
2026-08-12T05:45:56Z	GUNSEAT	3714	atoll	42232	A	C	core_destroyed	257
2026-08-12T05:45:58Z	GUNSEAT	3715	atoll	42232	B	C	core_destroyed	204
2026-08-12T05:46:03Z	GUNSEAT	3716	drumlin	42232	A	C	core_destroyed	343
2026-08-12T05:46:04Z	GUNSEAT	3717	drumlin	42232	B	T	core_destroyed	110
2026-08-12T05:46:06Z	GUNSEAT	3718	fjordgate	42232	A	T	tiebreak	1000
2026-08-12T05:46:08Z	GUNSEAT	3719	fjordgate	42232	B	T	core_destroyed	188
2026-08-12T05:46:12Z	GUNSEAT	3720	heart	42232	A	C	core_destroyed	258
2026-08-12T05:46:15Z	GUNSEAT	3721	heart	42232	B	C	core_destroyed	202
2026-08-12T05:46:17Z	GUNSEAT	3722	hive	42232	A	C	core_destroyed	180
2026-08-12T05:46:23Z	GUNSEAT	3723	hive	42232	B	T	core_destroyed	317
2026-08-12T05:46:25Z	GUNSEAT	3724	meander	42232	A	C	core_destroyed	222
2026-08-12T05:46:27Z	GUNSEAT	3725	meander	42232	B	T	core_destroyed	221
2026-08-12T05:46:28Z	GUNSEAT	3726	nordkap	42232	A	T	core_destroyed	165
2026-08-12T05:46:31Z	GUNSEAT	3727	nordkap	42232	B	T	core_destroyed	251
2026-08-12T05:46:34Z	GUNSEAT	3728	antler	42233	A	C	tiebreak	1000
2026-08-12T05:46:35Z	GUNSEAT	3729	antler	42233	B	T	core_destroyed	294
2026-08-12T05:46:40Z	GUNSEAT	3730	atoll	42233	A	C	core_destroyed	427
2026-08-12T05:46:43Z	GUNSEAT	3731	atoll	42233	B	C	core_destroyed	574
2026-08-12T05:46:45Z	GUNSEAT	3732	drumlin	42233	A	C	core_destroyed	213
2026-08-12T05:46:47Z	GUNSEAT	3733	drumlin	42233	B	T	core_destroyed	101
2026-08-12T05:46:49Z	GUNSEAT	3734	fjordgate	42233	A	C	core_destroyed	201
2026-08-12T05:46:50Z	GUNSEAT	3735	fjordgate	42233	B	C	core_destroyed	117
2026-08-12T05:47:11Z	GUNSEAT	3736	heart	42233	A	C	tiebreak	1000
2026-08-12T05:47:17Z	GUNSEAT	3737	heart	42233	B	T	core_destroyed	425
2026-08-12T05:47:22Z	GUNSEAT	3738	hive	42233	A	T	core_destroyed	250
2026-08-12T05:47:24Z	GUNSEAT	3739	hive	42233	B	T	core_destroyed	213
2026-08-12T05:47:26Z	GUNSEAT	3740	meander	42233	A	C	core_destroyed	219
2026-08-12T05:47:27Z	GUNSEAT	3741	meander	42233	B	T	core_destroyed	132
2026-08-12T05:47:29Z	GUNSEAT	3742	nordkap	42233	A	T	core_destroyed	102
2026-08-12T05:47:33Z	GUNSEAT	3743	nordkap	42233	B	C	core_destroyed	379
2026-08-12T05:47:35Z	GUNSEAT	3744	antler	42234	A	C	core_destroyed	339
2026-08-12T05:47:36Z	GUNSEAT	3745	antler	42234	B	C	core_destroyed	257
2026-08-12T05:47:38Z	GUNSEAT	3746	atoll	42234	A	C	core_destroyed	142
2026-08-12T05:47:44Z	GUNSEAT	3747	atoll	42234	B	C	core_destroyed	490
2026-08-12T05:47:48Z	GUNSEAT	3748	drumlin	42234	A	C	core_destroyed	308
2026-08-12T05:47:53Z	GUNSEAT	3749	drumlin	42234	B	C	core_destroyed	364
2026-08-12T05:47:54Z	GUNSEAT	3750	fjordgate	42234	A	C	core_destroyed	185
2026-08-12T05:47:56Z	GUNSEAT	3751	fjordgate	42234	B	C	core_destroyed	188
2026-08-12T05:47:59Z	GUNSEAT	3752	heart	42234	A	C	core_destroyed	225
2026-08-12T05:48:03Z	GUNSEAT	3753	heart	42234	B	T	core_destroyed	513
2026-08-12T05:48:05Z	GUNSEAT	3754	hive	42234	A	T	core_destroyed	124
2026-08-12T05:48:07Z	GUNSEAT	3755	hive	42234	B	T	core_destroyed	118
2026-08-12T05:48:11Z	GUNSEAT	3756	meander	42234	A	C	core_destroyed	481
2026-08-12T05:48:13Z	GUNSEAT	3757	meander	42234	B	T	core_destroyed	151
2026-08-12T05:48:14Z	GUNSEAT	3758	nordkap	42234	A	T	core_destroyed	168
2026-08-12T05:48:16Z	GUNSEAT	3759	nordkap	42234	B	C	core_destroyed	159
2026-08-12T05:48:18Z	GUNSEAT	3760	antler	42235	A	C	core_destroyed	199
2026-08-12T05:48:20Z	GUNSEAT	3761	antler	42235	B	C	core_destroyed	282
2026-08-12T05:48:22Z	GUNSEAT	3762	atoll	42235	A	C	core_destroyed	293
2026-08-12T05:48:25Z	GUNSEAT	3763	atoll	42235	B	C	core_destroyed	315
2026-08-12T05:48:29Z	GUNSEAT	3764	drumlin	42235	A	T	core_destroyed	303
2026-08-12T05:48:33Z	GUNSEAT	3765	drumlin	42235	B	T	core_destroyed	321
2026-08-12T05:48:34Z	GUNSEAT	3766	fjordgate	42235	A	T	core_destroyed	90
2026-08-12T05:48:36Z	GUNSEAT	3767	fjordgate	42235	B	C	core_destroyed	220
2026-08-12T05:48:39Z	GUNSEAT	3768	heart	42235	A	T	core_destroyed	245
2026-08-12T05:48:54Z	GUNSEAT	3769	heart	42235	B	C	core_destroyed	986
2026-08-12T05:48:56Z	GUNSEAT	3770	hive	42235	A	T	core_destroyed	119
2026-08-12T05:48:59Z	GUNSEAT	3771	hive	42235	B	C	core_destroyed	236
2026-08-12T05:49:00Z	GUNSEAT	3772	meander	42235	A	C	core_destroyed	169
2026-08-12T05:49:03Z	GUNSEAT	3773	meander	42235	B	C	core_destroyed	241
2026-08-12T05:49:05Z	GUNSEAT	3774	nordkap	42235	A	T	core_destroyed	219
2026-08-12T05:49:07Z	GUNSEAT	3775	nordkap	42235	B	T	core_destroyed	171
2026-08-12T05:49:08Z	GUNSEAT	3776	antler	42236	A	C	core_destroyed	451
2026-08-12T05:49:11Z	GUNSEAT	3777	antler	42236	B	T	core_destroyed	211
2026-08-12T05:49:13Z	GUNSEAT	3778	atoll	42236	A	T	core_destroyed	522
2026-08-12T05:49:15Z	GUNSEAT	3779	atoll	42236	B	C	core_destroyed	655
2026-08-12T05:49:19Z	GUNSEAT	3780	drumlin	42236	A	T	core_destroyed	340
2026-08-12T05:49:22Z	GUNSEAT	3781	drumlin	42236	B	C	core_destroyed	217
2026-08-12T05:49:24Z	GUNSEAT	3782	fjordgate	42236	A	T	tiebreak	1000
2026-08-12T05:49:26Z	GUNSEAT	3783	fjordgate	42236	B	T	tiebreak	1000
2026-08-12T05:49:29Z	GUNSEAT	3784	heart	42236	A	C	core_destroyed	259
2026-08-12T05:49:31Z	GUNSEAT	3785	heart	42236	B	C	core_destroyed	148
2026-08-12T05:49:34Z	GUNSEAT	3786	hive	42236	A	C	core_destroyed	200
2026-08-12T05:49:36Z	GUNSEAT	3787	hive	42236	B	C	core_destroyed	149
2026-08-12T05:49:38Z	GUNSEAT	3788	meander	42236	A	T	core_destroyed	172
2026-08-12T05:49:40Z	GUNSEAT	3789	meander	42236	B	C	core_destroyed	178
2026-08-12T05:49:41Z	GUNSEAT	3790	nordkap	42236	A	T	core_destroyed	189
2026-08-12T05:49:42Z	GUNSEAT	3791	nordkap	42236	B	T	core_destroyed	179
2026-08-12T05:49:45Z	GUNSEAT	3792	antler	42237	A	C	core_destroyed	351
2026-08-12T05:49:47Z	GUNSEAT	3793	antler	42237	B	C	core_destroyed	382
2026-08-12T05:49:48Z	GUNSEAT	3794	atoll	42237	A	T	core_destroyed	145
2026-08-12T05:49:50Z	GUNSEAT	3795	atoll	42237	B	T	core_destroyed	87
2026-08-12T05:49:51Z	GUNSEAT	3796	drumlin	42237	A	C	core_destroyed	172
2026-08-12T05:49:55Z	GUNSEAT	3797	drumlin	42237	B	C	core_destroyed	308
2026-08-12T05:49:56Z	GUNSEAT	3798	fjordgate	42237	A	T	core_destroyed	148
2026-08-12T05:49:57Z	GUNSEAT	3799	fjordgate	42237	B	C	core_destroyed	184
2026-08-12T05:50:00Z	GUNSEAT	3800	heart	42237	A	C	core_destroyed	193
2026-08-12T05:50:17Z	GUNSEAT	3801	heart	42237	B	T	tiebreak	1000
2026-08-12T05:50:22Z	GUNSEAT	3802	hive	42237	A	T	core_destroyed	337
2026-08-12T05:50:25Z	GUNSEAT	3803	hive	42237	B	T	core_destroyed	217
2026-08-12T05:50:27Z	GUNSEAT	3804	meander	42237	A	T	core_destroyed	228
2026-08-12T05:50:29Z	GUNSEAT	3805	meander	42237	B	T	core_destroyed	136
2026-08-12T05:50:31Z	GUNSEAT	3806	nordkap	42237	A	T	core_destroyed	222
2026-08-12T05:50:36Z	GUNSEAT	3807	nordkap	42237	B	T	core_destroyed	445
2026-08-12T05:50:37Z	GUNSEAT	3808	antler	42238	A	T	core_destroyed	200
2026-08-12T05:50:40Z	GUNSEAT	3809	antler	42238	B	C	core_destroyed	302
2026-08-12T05:50:41Z	GUNSEAT	3810	atoll	42238	A	C	core_destroyed	131
2026-08-12T05:50:43Z	GUNSEAT	3811	atoll	42238	B	T	core_destroyed	176
2026-08-12T05:50:46Z	GUNSEAT	3812	drumlin	42238	A	C	core_destroyed	204
2026-08-12T05:50:47Z	GUNSEAT	3813	drumlin	42238	B	C	core_destroyed	152
2026-08-12T05:50:49Z	GUNSEAT	3814	fjordgate	42238	A	T	core_destroyed	154
2026-08-12T05:50:50Z	GUNSEAT	3815	fjordgate	42238	B	C	core_destroyed	315
2026-08-12T05:50:53Z	GUNSEAT	3816	heart	42238	A	C	core_destroyed	242
2026-08-12T05:50:55Z	GUNSEAT	3817	heart	42238	B	C	core_destroyed	221
2026-08-12T05:50:58Z	GUNSEAT	3818	hive	42238	A	T	core_destroyed	189
2026-08-12T05:51:00Z	GUNSEAT	3819	hive	42238	B	C	core_destroyed	194
2026-08-12T05:51:02Z	GUNSEAT	3820	meander	42238	A	T	core_destroyed	172
2026-08-12T05:51:04Z	GUNSEAT	3821	meander	42238	B	T	core_destroyed	178
2026-08-12T05:51:06Z	GUNSEAT	3822	nordkap	42238	A	T	core_destroyed	160
2026-08-12T05:51:07Z	GUNSEAT	3823	nordkap	42238	B	C	core_destroyed	161
2026-08-12T05:51:09Z	GUNSEAT	3824	antler	42239	A	T	core_destroyed	224
2026-08-12T05:51:11Z	GUNSEAT	3825	antler	42239	B	T	core_destroyed	189
2026-08-12T05:51:13Z	GUNSEAT	3826	atoll	42239	A	T	core_destroyed	456
2026-08-12T05:51:14Z	GUNSEAT	3827	atoll	42239	B	T	core_destroyed	192
2026-08-12T05:51:19Z	GUNSEAT	3828	drumlin	42239	A	T	core_destroyed	412
2026-08-12T05:51:20Z	GUNSEAT	3829	drumlin	42239	B	C	core_destroyed	92
2026-08-12T05:51:22Z	GUNSEAT	3830	fjordgate	42239	A	T	core_destroyed	136
2026-08-12T05:51:23Z	GUNSEAT	3831	fjordgate	42239	B	C	core_destroyed	127
2026-08-12T05:51:25Z	GUNSEAT	3832	heart	42239	A	C	core_destroyed	155
2026-08-12T05:51:42Z	GUNSEAT	3833	heart	42239	B	C	tiebreak	1000
2026-08-12T05:51:44Z	GUNSEAT	3834	hive	42239	A	T	core_destroyed	304
2026-08-12T05:51:48Z	GUNSEAT	3835	hive	42239	B	T	core_destroyed	227
2026-08-12T05:51:49Z	GUNSEAT	3836	meander	42239	A	C	core_destroyed	127
2026-08-12T05:51:51Z	GUNSEAT	3837	meander	42239	B	C	core_destroyed	144
2026-08-12T05:51:52Z	GUNSEAT	3838	nordkap	42239	A	T	core_destroyed	171
2026-08-12T05:51:56Z	GUNSEAT	3839	nordkap	42239	B	T	core_destroyed	301
2026-08-12T05:51:59Z	GUNSEAT	3840	antler	42240	A	T	core_destroyed	286
2026-08-12T05:52:00Z	GUNSEAT	3841	antler	42240	B	C	core_destroyed	178
2026-08-12T05:52:02Z	GUNSEAT	3842	atoll	42240	A	T	core_destroyed	157
2026-08-12T05:52:04Z	GUNSEAT	3843	atoll	42240	B	T	core_destroyed	225
2026-08-12T05:52:06Z	GUNSEAT	3844	drumlin	42240	A	T	core_destroyed	136
2026-08-12T05:52:12Z	GUNSEAT	3845	drumlin	42240	B	T	core_destroyed	406
2026-08-12T05:52:13Z	GUNSEAT	3846	fjordgate	42240	A	T	core_destroyed	237
2026-08-12T05:52:15Z	GUNSEAT	3847	fjordgate	42240	B	T	core_destroyed	167
2026-08-12T05:52:17Z	GUNSEAT	3848	heart	42240	A	T	core_destroyed	156
2026-08-12T05:52:19Z	GUNSEAT	3849	heart	42240	B	T	core_destroyed	160
2026-08-12T05:52:21Z	GUNSEAT	3850	hive	42240	A	T	core_destroyed	100
2026-08-12T05:52:25Z	GUNSEAT	3851	hive	42240	B	T	core_destroyed	272
2026-08-12T05:52:27Z	GUNSEAT	3852	meander	42240	A	C	core_destroyed	214
2026-08-12T05:52:29Z	GUNSEAT	3853	meander	42240	B	T	core_destroyed	242
2026-08-12T05:52:33Z	GUNSEAT	3854	nordkap	42240	A	T	core_destroyed	285
2026-08-12T05:52:35Z	GUNSEAT	3855	nordkap	42240	B	C	core_destroyed	263
2026-08-12T05:52:37Z	GUNSEAT	3856	antler	42241	A	T	core_destroyed	240
2026-08-12T05:52:39Z	GUNSEAT	3857	antler	42241	B	C	core_destroyed	318
2026-08-12T05:52:44Z	GUNSEAT	3858	atoll	42241	A	C	core_destroyed	942
2026-08-12T05:52:48Z	GUNSEAT	3859	atoll	42241	B	C	core_destroyed	502
2026-08-12T05:52:53Z	GUNSEAT	3860	drumlin	42241	A	T	core_destroyed	407
2026-08-12T05:52:56Z	GUNSEAT	3861	drumlin	42241	B	C	core_destroyed	205
2026-08-12T05:52:57Z	GUNSEAT	3862	fjordgate	42241	A	C	core_destroyed	164
2026-08-12T05:52:58Z	GUNSEAT	3863	fjordgate	42241	B	C	core_destroyed	144
2026-08-12T05:53:00Z	GUNSEAT	3864	heart	42241	A	T	core_destroyed	162
2026-08-12T05:53:03Z	GUNSEAT	3865	heart	42241	B	T	core_destroyed	157
2026-08-12T05:53:05Z	GUNSEAT	3866	hive	42241	A	C	core_destroyed	114
2026-08-12T05:53:10Z	GUNSEAT	3867	hive	42241	B	T	core_destroyed	310
2026-08-12T05:53:13Z	GUNSEAT	3868	meander	42241	A	C	core_destroyed	269
2026-08-12T05:53:14Z	GUNSEAT	3869	meander	42241	B	T	core_destroyed	116
2026-08-12T05:53:16Z	GUNSEAT	3870	nordkap	42241	A	C	core_destroyed	238
2026-08-12T05:53:19Z	GUNSEAT	3871	nordkap	42241	B	T	core_destroyed	232
2026-08-12T05:53:21Z	GUNSEAT	3872	antler	42242	A	T	core_destroyed	261
2026-08-12T05:53:23Z	GUNSEAT	3873	antler	42242	B	C	core_destroyed	148
2026-08-12T05:53:26Z	GUNSEAT	3874	atoll	42242	A	T	core_destroyed	296
2026-08-12T05:53:27Z	GUNSEAT	3875	atoll	42242	B	C	core_destroyed	163
2026-08-12T05:53:32Z	GUNSEAT	3876	drumlin	42242	A	C	core_destroyed	320
2026-08-12T05:53:35Z	GUNSEAT	3877	drumlin	42242	B	C	core_destroyed	322
2026-08-12T05:53:37Z	GUNSEAT	3878	fjordgate	42242	A	T	tiebreak	1000
2026-08-12T05:53:39Z	GUNSEAT	3879	fjordgate	42242	B	C	core_destroyed	236
2026-08-12T05:53:46Z	GUNSEAT	3880	heart	42242	A	T	core_destroyed	599
2026-08-12T05:53:50Z	GUNSEAT	3881	heart	42242	B	T	core_destroyed	249
2026-08-12T05:53:51Z	GUNSEAT	3882	hive	42242	A	C	core_destroyed	98
2026-08-12T05:53:54Z	GUNSEAT	3883	hive	42242	B	C	core_destroyed	223
2026-08-12T05:53:57Z	GUNSEAT	3884	meander	42242	A	T	core_destroyed	344
2026-08-12T05:53:59Z	GUNSEAT	3885	meander	42242	B	C	core_destroyed	154
2026-08-12T05:54:01Z	GUNSEAT	3886	nordkap	42242	A	T	core_destroyed	398
2026-08-12T05:54:04Z	GUNSEAT	3887	nordkap	42242	B	C	core_destroyed	441
2026-08-12T05:54:06Z	GUNSEAT	3888	antler	42243	A	T	core_destroyed	213
2026-08-12T05:54:07Z	GUNSEAT	3889	antler	42243	B	T	core_destroyed	292
2026-08-12T05:54:10Z	GUNSEAT	3890	atoll	42243	A	C	tiebreak	1000
2026-08-12T05:54:12Z	GUNSEAT	3891	atoll	42243	B	C	core_destroyed	236
2026-08-12T05:54:16Z	GUNSEAT	3892	drumlin	42243	A	T	core_destroyed	551
2026-08-12T05:54:17Z	GUNSEAT	3893	drumlin	42243	B	C	core_destroyed	124
2026-08-12T05:54:19Z	GUNSEAT	3894	fjordgate	42243	A	C	core_destroyed	148
2026-08-12T05:54:22Z	GUNSEAT	3895	fjordgate	42243	B	C	tiebreak	1000
2026-08-12T05:54:24Z	GUNSEAT	3896	heart	42243	A	T	core_destroyed	99
2026-08-12T05:54:41Z	GUNSEAT	3897	heart	42243	B	T	tiebreak	1000
2026-08-12T05:54:44Z	GUNSEAT	3898	hive	42243	A	T	core_destroyed	225
2026-08-12T05:54:49Z	GUNSEAT	3899	hive	42243	B	T	core_destroyed	329
2026-08-12T05:54:51Z	GUNSEAT	3900	meander	42243	A	C	core_destroyed	280
2026-08-12T05:54:52Z	GUNSEAT	3901	meander	42243	B	T	core_destroyed	136
2026-08-12T05:54:55Z	GUNSEAT	3902	nordkap	42243	A	C	core_destroyed	247
2026-08-12T05:54:58Z	GUNSEAT	3903	nordkap	42243	B	C	core_destroyed	248
2026-08-12T05:55:02Z	GUNSEAT	3904	antler	42244	A	T	core_destroyed	308
2026-08-12T05:55:04Z	GUNSEAT	3905	antler	42244	B	C	core_destroyed	183
2026-08-12T05:55:06Z	GUNSEAT	3906	atoll	42244	A	T	core_destroyed	274
2026-08-12T05:55:07Z	GUNSEAT	3907	atoll	42244	B	T	core_destroyed	104
2026-08-12T05:55:10Z	GUNSEAT	3908	drumlin	42244	A	T	core_destroyed	326
2026-08-12T05:55:13Z	GUNSEAT	3909	drumlin	42244	B	T	core_destroyed	279
2026-08-12T05:55:15Z	GUNSEAT	3910	fjordgate	42244	A	T	core_destroyed	214
2026-08-12T05:55:17Z	GUNSEAT	3911	fjordgate	42244	B	T	core_destroyed	324
2026-08-12T05:55:20Z	GUNSEAT	3912	heart	42244	A	C	core_destroyed	283
2026-08-12T05:55:23Z	GUNSEAT	3913	heart	42244	B	T	core_destroyed	162
2026-08-12T05:55:25Z	GUNSEAT	3914	hive	42244	A	C	core_destroyed	152
2026-08-12T05:55:31Z	GUNSEAT	3915	hive	42244	B	C	core_destroyed	359
2026-08-12T05:55:32Z	GUNSEAT	3916	meander	42244	A	T	core_destroyed	383
2026-08-12T05:55:34Z	GUNSEAT	3917	meander	42244	B	T	core_destroyed	204
2026-08-12T05:55:36Z	GUNSEAT	3918	nordkap	42244	A	C	core_destroyed	164
2026-08-12T05:55:38Z	GUNSEAT	3919	nordkap	42244	B	C	core_destroyed	129
2026-08-12T05:55:40Z	GUNSEAT	3920	antler	42245	A	T	core_destroyed	365
2026-08-12T05:55:42Z	GUNSEAT	3921	antler	42245	B	C	core_destroyed	221
2026-08-12T05:55:44Z	GUNSEAT	3922	atoll	42245	A	C	core_destroyed	209
2026-08-12T05:55:46Z	GUNSEAT	3923	atoll	42245	B	T	core_destroyed	255
2026-08-12T05:55:49Z	GUNSEAT	3924	drumlin	42245	A	T	core_destroyed	266
2026-08-12T05:55:51Z	GUNSEAT	3925	drumlin	42245	B	C	core_destroyed	190
2026-08-12T05:55:53Z	GUNSEAT	3926	fjordgate	42245	A	T	core_destroyed	241
2026-08-12T05:55:54Z	GUNSEAT	3927	fjordgate	42245	B	C	core_destroyed	155
2026-08-12T05:56:07Z	GUNSEAT	3928	heart	42245	A	C	core_destroyed	606
2026-08-12T05:56:10Z	GUNSEAT	3929	heart	42245	B	C	core_destroyed	367
2026-08-12T05:56:15Z	GUNSEAT	3930	hive	42245	A	C	core_destroyed	367
2026-08-12T05:56:20Z	GUNSEAT	3931	hive	42245	B	C	core_destroyed	336
2026-08-12T05:56:22Z	GUNSEAT	3932	meander	42245	A	C	core_destroyed	214
2026-08-12T05:56:24Z	GUNSEAT	3933	meander	42245	B	C	core_destroyed	243
2026-08-12T05:56:25Z	GUNSEAT	3934	nordkap	42245	A	C	core_destroyed	113
2026-08-12T05:56:27Z	GUNSEAT	3935	nordkap	42245	B	T	core_destroyed	232
2026-08-12T05:56:29Z	GUNSEAT	3936	antler	42246	A	C	core_destroyed	195
2026-08-12T05:56:30Z	GUNSEAT	3937	antler	42246	B	T	core_destroyed	91
2026-08-12T05:56:33Z	GUNSEAT	3938	atoll	42246	A	T	core_destroyed	202
2026-08-12T05:56:35Z	GUNSEAT	3939	atoll	42246	B	C	core_destroyed	211
2026-08-12T05:56:37Z	GUNSEAT	3940	drumlin	42246	A	C	core_destroyed	125
2026-08-12T05:56:39Z	GUNSEAT	3941	drumlin	42246	B	C	core_destroyed	133
2026-08-12T05:56:41Z	GUNSEAT	3942	fjordgate	42246	A	C	core_destroyed	250
2026-08-12T05:56:42Z	GUNSEAT	3943	fjordgate	42246	B	T	core_destroyed	173
2026-08-12T05:56:44Z	GUNSEAT	3944	heart	42246	A	T	core_destroyed	192
2026-08-12T05:56:46Z	GUNSEAT	3945	heart	42246	B	C	core_destroyed	129
2026-08-12T05:56:57Z	GUNSEAT	3946	hive	42246	A	T	tiebreak	1000
2026-08-12T05:57:00Z	GUNSEAT	3947	hive	42246	B	T	core_destroyed	226
2026-08-12T05:57:02Z	GUNSEAT	3948	meander	42246	A	C	core_destroyed	206
2026-08-12T05:57:04Z	GUNSEAT	3949	meander	42246	B	C	core_destroyed	161
2026-08-12T05:57:05Z	GUNSEAT	3950	nordkap	42246	A	C	core_destroyed	166
2026-08-12T05:57:09Z	GUNSEAT	3951	nordkap	42246	B	T	core_destroyed	312
2026-08-12T05:57:12Z	GUNSEAT	3952	antler	42247	A	C	core_destroyed	254
2026-08-12T05:57:14Z	GUNSEAT	3953	antler	42247	B	C	core_destroyed	208
2026-08-12T05:57:16Z	GUNSEAT	3954	atoll	42247	A	T	core_destroyed	423
2026-08-12T05:57:17Z	GUNSEAT	3955	atoll	42247	B	T	core_destroyed	188
2026-08-12T05:57:23Z	GUNSEAT	3956	drumlin	42247	A	C	core_destroyed	394
2026-08-12T05:57:24Z	GUNSEAT	3957	drumlin	42247	B	T	core_destroyed	112
2026-08-12T05:57:25Z	GUNSEAT	3958	fjordgate	42247	A	C	core_destroyed	97
2026-08-12T05:57:26Z	GUNSEAT	3959	fjordgate	42247	B	C	core_destroyed	281
2026-08-12T05:57:30Z	GUNSEAT	3960	heart	42247	A	T	core_destroyed	265
2026-08-12T05:57:33Z	GUNSEAT	3961	heart	42247	B	C	core_destroyed	286
2026-08-12T05:57:37Z	GUNSEAT	3962	hive	42247	A	T	core_destroyed	335
2026-08-12T05:57:39Z	GUNSEAT	3963	hive	42247	B	C	core_destroyed	253
2026-08-12T05:57:41Z	GUNSEAT	3964	meander	42247	A	T	core_destroyed	179
2026-08-12T05:57:44Z	GUNSEAT	3965	meander	42247	B	T	core_destroyed	340
2026-08-12T05:57:45Z	GUNSEAT	3966	nordkap	42247	A	T	core_destroyed	136
2026-08-12T05:57:48Z	GUNSEAT	3967	nordkap	42247	B	T	core_destroyed	270
2026-08-12T05:57:51Z	GUNSEAT	3968	antler	42248	A	T	core_destroyed	440
2026-08-12T05:57:54Z	GUNSEAT	3969	antler	42248	B	C	core_destroyed	325
2026-08-12T05:57:56Z	GUNSEAT	3970	atoll	42248	A	C	core_destroyed	274
2026-08-12T05:57:59Z	GUNSEAT	3971	atoll	42248	B	C	core_destroyed	313
2026-08-12T05:58:01Z	GUNSEAT	3972	drumlin	42248	A	T	core_destroyed	111
2026-08-12T05:58:02Z	GUNSEAT	3973	drumlin	42248	B	C	core_destroyed	131
2026-08-12T05:58:04Z	GUNSEAT	3974	fjordgate	42248	A	T	core_destroyed	120
2026-08-12T05:58:05Z	GUNSEAT	3975	fjordgate	42248	B	T	core_destroyed	224
2026-08-12T05:58:09Z	GUNSEAT	3976	heart	42248	A	C	core_destroyed	186
2026-08-12T05:58:12Z	GUNSEAT	3977	heart	42248	B	C	core_destroyed	250
2026-08-12T05:58:14Z	GUNSEAT	3978	hive	42248	A	C	core_destroyed	176
2026-08-12T05:58:18Z	GUNSEAT	3979	hive	42248	B	T	core_destroyed	238
2026-08-12T05:58:19Z	GUNSEAT	3980	meander	42248	A	C	core_destroyed	159
2026-08-12T05:58:21Z	GUNSEAT	3981	meander	42248	B	C	core_destroyed	201
2026-08-12T05:58:23Z	GUNSEAT	3982	nordkap	42248	A	C	core_destroyed	177
2026-08-12T05:58:24Z	GUNSEAT	3983	nordkap	42248	B	C	core_destroyed	164
2026-08-12T05:58:26Z	GUNSEAT	3984	antler	42249	A	C	core_destroyed	451
2026-08-12T05:58:28Z	GUNSEAT	3985	antler	42249	B	C	core_destroyed	149
2026-08-12T05:58:30Z	GUNSEAT	3986	atoll	42249	A	T	core_destroyed	145
2026-08-12T05:58:32Z	GUNSEAT	3987	atoll	42249	B	C	core_destroyed	597
2026-08-12T05:58:39Z	GUNSEAT	3988	drumlin	42249	A	C	core_destroyed	418
2026-08-12T05:58:40Z	GUNSEAT	3989	drumlin	42249	B	T	core_destroyed	105
2026-08-12T05:58:41Z	GUNSEAT	3990	fjordgate	42249	A	T	core_destroyed	133
2026-08-12T05:58:43Z	GUNSEAT	3991	fjordgate	42249	B	C	core_destroyed	924
2026-08-12T05:58:45Z	GUNSEAT	3992	heart	42249	A	T	core_destroyed	116
2026-08-12T05:58:51Z	GUNSEAT	3993	heart	42249	B	C	core_destroyed	398
2026-08-12T05:58:55Z	GUNSEAT	3994	hive	42249	A	C	core_destroyed	316
2026-08-12T05:59:02Z	GUNSEAT	3995	hive	42249	B	T	core_destroyed	449
2026-08-12T05:59:03Z	GUNSEAT	3996	meander	42249	A	C	core_destroyed	135
2026-08-12T05:59:06Z	GUNSEAT	3997	meander	42249	B	C	core_destroyed	300
2026-08-12T05:59:08Z	GUNSEAT	3998	nordkap	42249	A	C	core_destroyed	200
2026-08-12T05:59:10Z	GUNSEAT	3999	nordkap	42249	B	C	core_destroyed	143
2026-08-12T05:59:11Z	GUNSEAT	4000	antler	42250	A	C	core_destroyed	121
2026-08-12T05:59:13Z	GUNSEAT	4001	antler	42250	B	C	core_destroyed	234
2026-08-12T05:59:16Z	GUNSEAT	4002	atoll	42250	A	C	core_destroyed	272
2026-08-12T05:59:18Z	GUNSEAT	4003	atoll	42250	B	C	core_destroyed	524
2026-08-12T05:59:20Z	GUNSEAT	4004	drumlin	42250	A	C	core_destroyed	165
2026-08-12T05:59:22Z	GUNSEAT	4005	drumlin	42250	B	T	core_destroyed	172
2026-08-12T05:59:24Z	GUNSEAT	4006	fjordgate	42250	A	C	core_destroyed	148
2026-08-12T05:59:25Z	GUNSEAT	4007	fjordgate	42250	B	C	core_destroyed	264
2026-08-12T05:59:29Z	GUNSEAT	4008	heart	42250	A	C	core_destroyed	397
2026-08-12T05:59:32Z	GUNSEAT	4009	heart	42250	B	T	core_destroyed	186
2026-08-12T05:59:41Z	GUNSEAT	4010	hive	42250	A	T	core_destroyed	761
2026-08-12T05:59:44Z	GUNSEAT	4011	hive	42250	B	T	core_destroyed	255
2026-08-12T05:59:46Z	GUNSEAT	4012	meander	42250	A	C	core_destroyed	178
2026-08-12T05:59:48Z	GUNSEAT	4013	meander	42250	B	T	core_destroyed	151
2026-08-12T05:59:50Z	GUNSEAT	4014	nordkap	42250	A	C	core_destroyed	251
2026-08-12T05:59:53Z	GUNSEAT	4015	nordkap	42250	B	T	core_destroyed	275
2026-08-12T05:59:55Z	GUNSEAT	4016	antler	42251	A	T	core_destroyed	161
2026-08-12T05:59:56Z	GUNSEAT	4017	antler	42251	B	T	core_destroyed	117
2026-08-12T05:59:58Z	GUNSEAT	4018	atoll	42251	A	C	core_destroyed	167
2026-08-12T06:00:03Z	GUNSEAT	4019	atoll	42251	B	T	core_destroyed	450
2026-08-12T06:00:06Z	GUNSEAT	4020	drumlin	42251	A	T	core_destroyed	334
2026-08-12T06:00:07Z	GUNSEAT	4021	drumlin	42251	B	T	core_destroyed	186
2026-08-12T06:00:09Z	GUNSEAT	4022	fjordgate	42251	A	T	core_destroyed	187
2026-08-12T06:00:13Z	GUNSEAT	4023	fjordgate	42251	B	T	tiebreak	1000
2026-08-12T06:00:20Z	GUNSEAT	4024	heart	42251	A	T	core_destroyed	578
2026-08-12T06:00:23Z	GUNSEAT	4025	heart	42251	B	T	core_destroyed	163
2026-08-12T06:00:26Z	GUNSEAT	4026	hive	42251	A	C	core_destroyed	191
2026-08-12T06:00:28Z	GUNSEAT	4027	hive	42251	B	C	core_destroyed	156
2026-08-12T06:00:30Z	GUNSEAT	4028	meander	42251	A	T	core_destroyed	191
2026-08-12T06:00:32Z	GUNSEAT	4029	meander	42251	B	T	core_destroyed	158
2026-08-12T06:00:34Z	GUNSEAT	4030	nordkap	42251	A	T	core_destroyed	441
2026-08-12T06:00:37Z	GUNSEAT	4031	nordkap	42251	B	C	core_destroyed	277
2026-08-12T06:00:40Z	GUNSEAT	4032	antler	42252	A	T	core_destroyed	285
2026-08-12T06:00:43Z	GUNSEAT	4033	antler	42252	B	C	core_destroyed	192
2026-08-12T06:00:45Z	GUNSEAT	4034	atoll	42252	A	C	core_destroyed	290
2026-08-12T06:00:47Z	GUNSEAT	4035	atoll	42252	B	C	core_destroyed	215
2026-08-12T06:00:50Z	GUNSEAT	4036	drumlin	42252	A	T	core_destroyed	285
2026-08-12T06:00:55Z	GUNSEAT	4037	drumlin	42252	B	C	core_destroyed	361
2026-08-12T06:00:57Z	GUNSEAT	4038	fjordgate	42252	A	T	core_destroyed	162
2026-08-12T06:00:58Z	GUNSEAT	4039	fjordgate	42252	B	T	core_destroyed	152
2026-08-12T06:01:04Z	GUNSEAT	4040	heart	42252	A	C	core_destroyed	369
2026-08-12T06:01:10Z	GUNSEAT	4041	heart	42252	B	T	core_destroyed	501
2026-08-12T06:01:14Z	GUNSEAT	4042	hive	42252	A	C	core_destroyed	240
2026-08-12T06:01:21Z	GUNSEAT	4043	hive	42252	B	T	core_destroyed	576
2026-08-12T06:01:23Z	GUNSEAT	4044	meander	42252	A	T	core_destroyed	255
2026-08-12T06:01:25Z	GUNSEAT	4045	meander	42252	B	C	core_destroyed	131
2026-08-12T06:01:28Z	GUNSEAT	4046	nordkap	42252	A	C	core_destroyed	306
2026-08-12T06:01:32Z	GUNSEAT	4047	nordkap	42252	B	T	core_destroyed	354
2026-08-12T06:01:36Z	GUNSEAT	4048	antler	42253	A	C	core_destroyed	360
2026-08-12T06:01:38Z	GUNSEAT	4049	antler	42253	B	T	core_destroyed	458
2026-08-12T06:01:40Z	GUNSEAT	4050	atoll	42253	A	T	core_destroyed	522
2026-08-12T06:01:42Z	GUNSEAT	4051	atoll	42253	B	T	core_destroyed	133
2026-08-12T06:01:45Z	GUNSEAT	4052	drumlin	42253	A	C	core_destroyed	240
2026-08-12T06:01:50Z	GUNSEAT	4053	drumlin	42253	B	C	core_destroyed	496
2026-08-12T06:01:52Z	GUNSEAT	4054	fjordgate	42253	A	C	tiebreak	1000
2026-08-12T06:01:54Z	GUNSEAT	4055	fjordgate	42253	B	C	core_destroyed	237
2026-08-12T06:02:21Z	GUNSEAT	4056	heart	42253	A	C	tiebreak	1000
2026-08-12T06:02:23Z	GUNSEAT	4057	heart	42253	B	C	core_destroyed	109
2026-08-12T06:02:25Z	GUNSEAT	4058	hive	42253	A	T	core_destroyed	94
2026-08-12T06:02:34Z	GUNSEAT	4059	hive	42253	B	T	core_destroyed	520
2026-08-12T06:02:35Z	GUNSEAT	4060	meander	42253	A	C	core_destroyed	203
2026-08-12T06:02:37Z	GUNSEAT	4061	meander	42253	B	T	core_destroyed	148
2026-08-12T06:02:39Z	GUNSEAT	4062	nordkap	42253	A	T	core_destroyed	162
2026-08-12T06:02:41Z	GUNSEAT	4063	nordkap	42253	B	T	core_destroyed	192
2026-08-12T06:02:43Z	GUNSEAT	4064	antler	42254	A	C	core_destroyed	84
2026-08-12T06:02:45Z	GUNSEAT	4065	antler	42254	B	C	core_destroyed	179
2026-08-12T06:02:49Z	GUNSEAT	4066	atoll	42254	A	T	core_destroyed	501
2026-08-12T06:02:51Z	GUNSEAT	4067	atoll	42254	B	C	core_destroyed	483
2026-08-12T06:02:55Z	GUNSEAT	4068	drumlin	42254	A	C	core_destroyed	285
2026-08-12T06:02:57Z	GUNSEAT	4069	drumlin	42254	B	T	core_destroyed	85
2026-08-12T06:02:58Z	GUNSEAT	4070	fjordgate	42254	A	T	core_destroyed	198
2026-08-12T06:03:00Z	GUNSEAT	4071	fjordgate	42254	B	C	core_destroyed	508
2026-08-12T06:03:04Z	GUNSEAT	4072	heart	42254	A	T	core_destroyed	212
2026-08-12T06:03:07Z	GUNSEAT	4073	heart	42254	B	C	core_destroyed	181
2026-08-12T06:03:11Z	GUNSEAT	4074	hive	42254	A	C	core_destroyed	346
2026-08-12T06:03:16Z	GUNSEAT	4075	hive	42254	B	T	core_destroyed	258
2026-08-12T06:03:17Z	GUNSEAT	4076	meander	42254	A	T	core_destroyed	97
2026-08-12T06:03:20Z	GUNSEAT	4077	meander	42254	B	T	core_destroyed	281
2026-08-12T06:03:23Z	GUNSEAT	4078	nordkap	42254	A	T	core_destroyed	226
2026-08-12T06:03:25Z	GUNSEAT	4079	nordkap	42254	B	C	core_destroyed	171
2026-08-12T06:03:27Z	GUNSEAT	4080	antler	42255	A	T	core_destroyed	259
2026-08-12T06:03:29Z	GUNSEAT	4081	antler	42255	B	C	core_destroyed	114
2026-08-12T06:03:31Z	GUNSEAT	4082	atoll	42255	A	C	core_destroyed	164
2026-08-12T06:03:33Z	GUNSEAT	4083	atoll	42255	B	T	core_destroyed	275
2026-08-12T06:03:35Z	GUNSEAT	4084	drumlin	42255	A	T	core_destroyed	151
2026-08-12T06:03:38Z	GUNSEAT	4085	drumlin	42255	B	C	core_destroyed	276
2026-08-12T06:03:39Z	GUNSEAT	4086	fjordgate	42255	A	T	core_destroyed	171
2026-08-12T06:03:41Z	GUNSEAT	4087	fjordgate	42255	B	T	core_destroyed	323
2026-08-12T06:03:43Z	GUNSEAT	4088	heart	42255	A	C	core_destroyed	172
2026-08-12T06:03:47Z	GUNSEAT	4089	heart	42255	B	T	core_destroyed	236
2026-08-12T06:03:50Z	GUNSEAT	4090	hive	42255	A	T	core_destroyed	247
2026-08-12T06:03:57Z	GUNSEAT	4091	hive	42255	B	C	core_destroyed	458
2026-08-12T06:03:59Z	GUNSEAT	4092	meander	42255	A	C	core_destroyed	191
2026-08-12T06:04:01Z	GUNSEAT	4093	meander	42255	B	T	core_destroyed	166
2026-08-12T06:04:03Z	GUNSEAT	4094	nordkap	42255	A	C	core_destroyed	217
2026-08-12T06:04:10Z	GUNSEAT	4095	nordkap	42255	B	T	core_destroyed	530
2026-08-12T06:04:13Z	GUNSEAT	4096	antler	42256	A	T	core_destroyed	280
2026-08-12T06:04:15Z	GUNSEAT	4097	antler	42256	B	C	core_destroyed	233
2026-08-12T06:04:24Z	GUNSEAT	4098	atoll	42256	A	C	tiebreak	1000
2026-08-12T06:04:26Z	GUNSEAT	4099	atoll	42256	B	C	core_destroyed	350
2026-08-12T06:04:28Z	GUNSEAT	4100	drumlin	42256	A	T	core_destroyed	144
2026-08-12T06:04:30Z	GUNSEAT	4101	drumlin	42256	B	T	core_destroyed	150
2026-08-12T06:04:32Z	GUNSEAT	4102	fjordgate	42256	A	C	core_destroyed	155
2026-08-12T06:04:33Z	GUNSEAT	4103	fjordgate	42256	B	T	core_destroyed	144
2026-08-12T06:04:36Z	GUNSEAT	4104	heart	42256	A	T	core_destroyed	327
2026-08-12T06:04:40Z	GUNSEAT	4105	heart	42256	B	T	core_destroyed	248
2026-08-12T06:04:45Z	GUNSEAT	4106	hive	42256	A	T	core_destroyed	369
2026-08-12T06:04:48Z	GUNSEAT	4107	hive	42256	B	C	core_destroyed	223
2026-08-12T06:04:49Z	GUNSEAT	4108	meander	42256	A	C	core_destroyed	151
2026-08-12T06:04:52Z	GUNSEAT	4109	meander	42256	B	C	tiebreak	1000
2026-08-12T06:04:53Z	GUNSEAT	4110	nordkap	42256	A	T	core_destroyed	138
2026-08-12T06:04:56Z	GUNSEAT	4111	nordkap	42256	B	T	core_destroyed	255
2026-08-12T06:04:57Z	GUNSEAT	4112	antler	42257	A	C	core_destroyed	134
2026-08-12T06:04:58Z	GUNSEAT	4113	antler	42257	B	T	core_destroyed	90
2026-08-12T06:05:00Z	GUNSEAT	4114	atoll	42257	A	C	core_destroyed	152
2026-08-12T06:05:01Z	GUNSEAT	4115	atoll	42257	B	T	core_destroyed	180
2026-08-12T06:05:04Z	GUNSEAT	4116	drumlin	42257	A	C	core_destroyed	235
2026-08-12T06:05:07Z	GUNSEAT	4117	drumlin	42257	B	C	core_destroyed	182
2026-08-12T06:05:10Z	GUNSEAT	4118	fjordgate	42257	A	T	tiebreak	1000
2026-08-12T06:05:11Z	GUNSEAT	4119	fjordgate	42257	B	C	core_destroyed	169
2026-08-12T06:05:16Z	GUNSEAT	4120	heart	42257	A	C	core_destroyed	325
2026-08-12T06:05:18Z	GUNSEAT	4121	heart	42257	B	T	core_destroyed	136
2026-08-12T06:05:20Z	GUNSEAT	4122	hive	42257	A	T	core_destroyed	125
2026-08-12T06:05:26Z	GUNSEAT	4123	hive	42257	B	C	core_destroyed	410
2026-08-12T06:05:27Z	GUNSEAT	4124	meander	42257	A	C	core_destroyed	189
2026-08-12T06:05:28Z	GUNSEAT	4125	meander	42257	B	C	core_destroyed	112
2026-08-12T06:05:31Z	GUNSEAT	4126	nordkap	42257	A	T	core_destroyed	274
2026-08-12T06:05:33Z	GUNSEAT	4127	nordkap	42257	B	C	core_destroyed	237
2026-08-12T06:05:35Z	GUNSEAT	4128	antler	42258	A	C	core_destroyed	118
2026-08-12T06:05:37Z	GUNSEAT	4129	antler	42258	B	T	core_destroyed	157
2026-08-12T06:05:38Z	GUNSEAT	4130	atoll	42258	A	C	core_destroyed	129
2026-08-12T06:05:40Z	GUNSEAT	4131	atoll	42258	B	T	core_destroyed	210
2026-08-12T06:05:42Z	GUNSEAT	4132	drumlin	42258	A	T	core_destroyed	102
2026-08-12T06:05:45Z	GUNSEAT	4133	drumlin	42258	B	T	core_destroyed	271
2026-08-12T06:05:47Z	GUNSEAT	4134	fjordgate	42258	A	T	core_destroyed	275
2026-08-12T06:05:49Z	GUNSEAT	4135	fjordgate	42258	B	T	core_destroyed	127
2026-08-12T06:05:51Z	GUNSEAT	4136	heart	42258	A	T	core_destroyed	145
2026-08-12T06:05:57Z	GUNSEAT	4137	heart	42258	B	T	core_destroyed	362
2026-08-12T06:06:01Z	GUNSEAT	4138	hive	42258	A	T	core_destroyed	276
2026-08-12T06:06:04Z	GUNSEAT	4139	hive	42258	B	C	core_destroyed	278
2026-08-12T06:06:06Z	GUNSEAT	4140	meander	42258	A	T	core_destroyed	256
2026-08-12T06:06:08Z	GUNSEAT	4141	meander	42258	B	T	core_destroyed	155
2026-08-12T06:06:09Z	GUNSEAT	4142	nordkap	42258	A	T	core_destroyed	116
2026-08-12T06:06:12Z	GUNSEAT	4143	nordkap	42258	B	T	core_destroyed	394
2026-08-12T06:06:13Z	GUNSEAT	4144	antler	42259	A	C	core_destroyed	120
2026-08-12T06:06:16Z	GUNSEAT	4145	antler	42259	B	C	core_destroyed	282
2026-08-12T06:06:18Z	GUNSEAT	4146	atoll	42259	A	C	core_destroyed	424
2026-08-12T06:06:23Z	GUNSEAT	4147	atoll	42259	B	C	core_destroyed	677
2026-08-12T06:06:27Z	GUNSEAT	4148	drumlin	42259	A	T	core_destroyed	265
2026-08-12T06:06:29Z	GUNSEAT	4149	drumlin	42259	B	C	core_destroyed	193
2026-08-12T06:06:32Z	GUNSEAT	4150	fjordgate	42259	A	T	tiebreak	1000
2026-08-12T06:06:33Z	GUNSEAT	4151	fjordgate	42259	B	C	core_destroyed	125
2026-08-12T06:06:35Z	GUNSEAT	4152	heart	42259	A	T	core_destroyed	213
2026-08-12T06:06:40Z	GUNSEAT	4153	heart	42259	B	C	core_destroyed	270
2026-08-12T06:06:43Z	GUNSEAT	4154	hive	42259	A	T	core_destroyed	238
2026-08-12T06:06:48Z	GUNSEAT	4155	hive	42259	B	C	core_destroyed	452
2026-08-12T06:06:50Z	GUNSEAT	4156	meander	42259	A	C	core_destroyed	308
2026-08-12T06:06:52Z	GUNSEAT	4157	meander	42259	B	T	core_destroyed	182
2026-08-12T06:07:03Z	GUNSEAT	4158	nordkap	42259	A	T	tiebreak	1000
2026-08-12T06:07:04Z	GUNSEAT	4159	nordkap	42259	B	C	core_destroyed	144
2026-08-12T06:07:06Z	GUNSEAT	4160	antler	42260	A	T	core_destroyed	214
2026-08-12T06:07:08Z	GUNSEAT	4161	antler	42260	B	C	core_destroyed	222
2026-08-12T06:07:11Z	GUNSEAT	4162	atoll	42260	A	C	core_destroyed	382
2026-08-12T06:07:12Z	GUNSEAT	4163	atoll	42260	B	T	core_destroyed	121
2026-08-12T06:07:14Z	GUNSEAT	4164	drumlin	42260	A	T	core_destroyed	295
2026-08-12T06:07:19Z	GUNSEAT	4165	drumlin	42260	B	C	core_destroyed	408
2026-08-12T06:07:20Z	GUNSEAT	4166	fjordgate	42260	A	T	core_destroyed	156
2026-08-12T06:07:22Z	GUNSEAT	4167	fjordgate	42260	B	T	core_destroyed	324
2026-08-12T06:07:25Z	GUNSEAT	4168	heart	42260	A	C	core_destroyed	186
2026-08-12T06:07:28Z	GUNSEAT	4169	heart	42260	B	T	core_destroyed	207
2026-08-12T06:07:36Z	GUNSEAT	4170	hive	42260	A	T	core_destroyed	518
2026-08-12T06:07:40Z	GUNSEAT	4171	hive	42260	B	C	core_destroyed	267
2026-08-12T06:07:42Z	GUNSEAT	4172	meander	42260	A	C	core_destroyed	205
2026-08-12T06:07:43Z	GUNSEAT	4173	meander	42260	B	C	core_destroyed	170
2026-08-12T06:07:47Z	GUNSEAT	4174	nordkap	42260	A	C	core_destroyed	270
2026-08-12T06:07:49Z	GUNSEAT	4175	nordkap	42260	B	C	core_destroyed	230
2026-08-12T06:07:51Z	GUNSEAT	4176	antler	42261	A	T	core_destroyed	763
2026-08-12T06:07:53Z	GUNSEAT	4177	antler	42261	B	C	core_destroyed	168
2026-08-12T06:07:55Z	GUNSEAT	4178	atoll	42261	A	T	core_destroyed	692
2026-08-12T06:07:57Z	GUNSEAT	4179	atoll	42261	B	T	core_destroyed	147
2026-08-12T06:08:00Z	GUNSEAT	4180	drumlin	42261	A	C	core_destroyed	217
2026-08-12T06:08:02Z	GUNSEAT	4181	drumlin	42261	B	C	core_destroyed	138
2026-08-12T06:08:04Z	GUNSEAT	4182	fjordgate	42261	A	T	tiebreak	1000
2026-08-12T06:08:06Z	GUNSEAT	4183	fjordgate	42261	B	T	core_destroyed	294
2026-08-12T06:08:08Z	GUNSEAT	4184	heart	42261	A	T	core_destroyed	123
2026-08-12T06:08:15Z	GUNSEAT	4185	heart	42261	B	T	core_destroyed	363
2026-08-12T06:08:21Z	GUNSEAT	4186	hive	42261	A	T	core_destroyed	446
2026-08-12T06:08:31Z	GUNSEAT	4187	hive	42261	B	C	tiebreak	1000
2026-08-12T06:08:32Z	GUNSEAT	4188	meander	42261	A	C	core_destroyed	128
2026-08-12T06:08:33Z	GUNSEAT	4189	meander	42261	B	C	core_destroyed	154
2026-08-12T06:08:35Z	GUNSEAT	4190	nordkap	42261	A	T	core_destroyed	141
2026-08-12T06:08:36Z	GUNSEAT	4191	nordkap	42261	B	T	core_destroyed	245
2026-08-12T06:08:39Z	GUNSEAT	4192	antler	42262	A	T	core_destroyed	276
2026-08-12T06:08:40Z	GUNSEAT	4193	antler	42262	B	T	core_destroyed	200
2026-08-12T06:08:46Z	GUNSEAT	4194	atoll	42262	A	C	core_destroyed	466
2026-08-12T06:08:48Z	GUNSEAT	4195	atoll	42262	B	C	core_destroyed	325
2026-08-12T06:08:55Z	GUNSEAT	4196	drumlin	42262	A	T	core_destroyed	444
2026-08-12T06:08:56Z	GUNSEAT	4197	drumlin	42262	B	C	core_destroyed	115
2026-08-12T06:08:57Z	GUNSEAT	4198	fjordgate	42262	A	T	core_destroyed	177
2026-08-12T06:08:59Z	GUNSEAT	4199	fjordgate	42262	B	T	core_destroyed	237
2026-08-12T06:09:01Z	GUNSEAT	4200	heart	42262	A	T	core_destroyed	147
2026-08-12T06:09:04Z	GUNSEAT	4201	heart	42262	B	T	core_destroyed	274
2026-08-12T06:09:14Z	GUNSEAT	4202	hive	42262	A	T	core_destroyed	735
2026-08-12T06:09:16Z	GUNSEAT	4203	hive	42262	B	C	core_destroyed	220
2026-08-12T06:09:18Z	GUNSEAT	4204	meander	42262	A	T	core_destroyed	180
2026-08-12T06:09:21Z	GUNSEAT	4205	meander	42262	B	C	core_destroyed	358
2026-08-12T06:09:23Z	GUNSEAT	4206	nordkap	42262	A	T	core_destroyed	92
2026-08-12T06:09:24Z	GUNSEAT	4207	nordkap	42262	B	C	core_destroyed	162
2026-08-12T06:09:26Z	GUNSEAT	4208	antler	42263	A	T	core_destroyed	230
2026-08-12T06:09:27Z	GUNSEAT	4209	antler	42263	B	C	core_destroyed	160
2026-08-12T06:09:30Z	GUNSEAT	4210	atoll	42263	A	C	core_destroyed	265
2026-08-12T06:09:34Z	GUNSEAT	4211	atoll	42263	B	T	core_destroyed	278
2026-08-12T06:09:36Z	GUNSEAT	4212	drumlin	42263	A	C	core_destroyed	377
2026-08-12T06:09:37Z	GUNSEAT	4213	drumlin	42263	B	C	core_destroyed	96
2026-08-12T06:09:39Z	GUNSEAT	4214	fjordgate	42263	A	C	core_destroyed	170
2026-08-12T06:09:42Z	GUNSEAT	4215	fjordgate	42263	B	C	tiebreak	1000
2026-08-12T06:09:45Z	GUNSEAT	4216	heart	42263	A	C	core_destroyed	205
2026-08-12T06:09:52Z	GUNSEAT	4217	heart	42263	B	C	core_destroyed	425
2026-08-12T06:09:55Z	GUNSEAT	4218	hive	42263	A	T	core_destroyed	220
2026-08-12T06:10:00Z	GUNSEAT	4219	hive	42263	B	C	core_destroyed	295
2026-08-12T06:10:01Z	GUNSEAT	4220	meander	42263	A	C	core_destroyed	177
2026-08-12T06:10:03Z	GUNSEAT	4221	meander	42263	B	T	core_destroyed	172
2026-08-12T06:10:06Z	GUNSEAT	4222	nordkap	42263	A	C	core_destroyed	252
2026-08-12T06:10:09Z	GUNSEAT	4223	nordkap	42263	B	T	core_destroyed	304
2026-08-12T06:10:10Z	GUNSEAT	4224	antler	42264	A	T	core_destroyed	114
2026-08-12T06:10:13Z	GUNSEAT	4225	antler	42264	B	C	core_destroyed	262
2026-08-12T06:10:14Z	GUNSEAT	4226	atoll	42264	A	T	core_destroyed	115
2026-08-12T06:10:16Z	GUNSEAT	4227	atoll	42264	B	T	core_destroyed	235
2026-08-12T06:10:19Z	GUNSEAT	4228	drumlin	42264	A	T	core_destroyed	212
2026-08-12T06:10:20Z	GUNSEAT	4229	drumlin	42264	B	T	core_destroyed	155
2026-08-12T06:10:23Z	GUNSEAT	4230	fjordgate	42264	A	C	tiebreak	1000
2026-08-12T06:10:25Z	GUNSEAT	4231	fjordgate	42264	B	C	core_destroyed	335
2026-08-12T06:10:29Z	GUNSEAT	4232	heart	42264	A	C	core_destroyed	203
2026-08-12T06:10:33Z	GUNSEAT	4233	heart	42264	B	T	core_destroyed	269
2026-08-12T06:10:37Z	GUNSEAT	4234	hive	42264	A	C	core_destroyed	220
2026-08-12T06:10:39Z	GUNSEAT	4235	hive	42264	B	C	core_destroyed	185
2026-08-12T06:10:41Z	GUNSEAT	4236	meander	42264	A	C	core_destroyed	137
2026-08-12T06:10:42Z	GUNSEAT	4237	meander	42264	B	C	core_destroyed	95
2026-08-12T06:10:44Z	GUNSEAT	4238	nordkap	42264	A	T	core_destroyed	287
2026-08-12T06:10:46Z	GUNSEAT	4239	nordkap	42264	B	C	core_destroyed	153
2026-08-12T06:10:48Z	GUNSEAT	4240	antler	42265	A	T	core_destroyed	159
2026-08-12T06:10:49Z	GUNSEAT	4241	antler	42265	B	T	core_destroyed	106
2026-08-12T06:10:50Z	GUNSEAT	4242	atoll	42265	A	T	core_destroyed	103
2026-08-12T06:10:52Z	GUNSEAT	4243	atoll	42265	B	C	core_destroyed	115
2026-08-12T06:10:55Z	GUNSEAT	4244	drumlin	42265	A	C	core_destroyed	342
2026-08-12T06:10:57Z	GUNSEAT	4245	drumlin	42265	B	C	core_destroyed	137
2026-08-12T06:10:58Z	GUNSEAT	4246	fjordgate	42265	A	T	core_destroyed	536
2026-08-12T06:11:01Z	GUNSEAT	4247	fjordgate	42265	B	T	core_destroyed	892
2026-08-12T06:11:09Z	GUNSEAT	4248	heart	42265	A	T	core_destroyed	394
2026-08-12T06:11:11Z	GUNSEAT	4249	heart	42265	B	C	core_destroyed	174
2026-08-12T06:11:13Z	GUNSEAT	4250	hive	42265	A	C	core_destroyed	100
2026-08-12T06:11:16Z	GUNSEAT	4251	hive	42265	B	T	core_destroyed	190
2026-08-12T06:11:18Z	GUNSEAT	4252	meander	42265	A	C	core_destroyed	204
2026-08-12T06:11:21Z	GUNSEAT	4253	meander	42265	B	C	core_destroyed	282
2026-08-12T06:11:23Z	GUNSEAT	4254	nordkap	42265	A	C	core_destroyed	324
2026-08-12T06:11:26Z	GUNSEAT	4255	nordkap	42265	B	T	core_destroyed	306
2026-08-12T06:11:29Z	GUNSEAT	4256	antler	42266	A	T	core_destroyed	218
2026-08-12T06:11:31Z	GUNSEAT	4257	antler	42266	B	T	core_destroyed	220
2026-08-12T06:11:36Z	GUNSEAT	4258	atoll	42266	A	T	tiebreak	1000
2026-08-12T06:11:38Z	GUNSEAT	4259	atoll	42266	B	T	core_destroyed	149
2026-08-12T06:11:40Z	GUNSEAT	4260	drumlin	42266	A	T	core_destroyed	110
2026-08-12T06:11:41Z	GUNSEAT	4261	drumlin	42266	B	T	core_destroyed	105
2026-08-12T06:11:42Z	GUNSEAT	4262	fjordgate	42266	A	T	core_destroyed	142
2026-08-12T06:11:44Z	GUNSEAT	4263	fjordgate	42266	B	C	core_destroyed	502
2026-08-12T06:11:48Z	GUNSEAT	4264	heart	42266	A	C	core_destroyed	268
2026-08-12T06:11:51Z	GUNSEAT	4265	heart	42266	B	T	core_destroyed	246
2026-08-12T06:12:01Z	GUNSEAT	4266	hive	42266	A	C	core_destroyed	743
2026-08-12T06:12:06Z	GUNSEAT	4267	hive	42266	B	T	core_destroyed	367
2026-08-12T06:12:08Z	GUNSEAT	4268	meander	42266	A	C	core_destroyed	186
2026-08-12T06:12:11Z	GUNSEAT	4269	meander	42266	B	C	tiebreak	1000
2026-08-12T06:12:14Z	GUNSEAT	4270	nordkap	42266	A	T	core_destroyed	364
2026-08-12T06:12:16Z	GUNSEAT	4271	nordkap	42266	B	T	core_destroyed	165
2026-08-12T06:12:18Z	GUNSEAT	4272	antler	42267	A	T	core_destroyed	191
2026-08-12T06:12:19Z	GUNSEAT	4273	antler	42267	B	C	core_destroyed	200
2026-08-12T06:12:21Z	GUNSEAT	4274	atoll	42267	A	C	core_destroyed	212
2026-08-12T06:12:23Z	GUNSEAT	4275	atoll	42267	B	C	core_destroyed	226
2026-08-12T06:12:27Z	GUNSEAT	4276	drumlin	42267	A	T	core_destroyed	355
2026-08-12T06:12:30Z	GUNSEAT	4277	drumlin	42267	B	C	core_destroyed	215
2026-08-12T06:12:31Z	GUNSEAT	4278	fjordgate	42267	A	T	core_destroyed	462
2026-08-12T06:12:32Z	GUNSEAT	4279	fjordgate	42267	B	T	core_destroyed	118
2026-08-12T06:12:34Z	GUNSEAT	4280	heart	42267	A	T	core_destroyed	155
2026-08-12T06:12:37Z	GUNSEAT	4281	heart	42267	B	C	core_destroyed	252
2026-08-12T06:12:40Z	GUNSEAT	4282	hive	42267	A	C	core_destroyed	205
2026-08-12T06:12:44Z	GUNSEAT	4283	hive	42267	B	C	core_destroyed	303
2026-08-12T06:12:46Z	GUNSEAT	4284	meander	42267	A	T	core_destroyed	169
2026-08-12T06:12:47Z	GUNSEAT	4285	meander	42267	B	C	core_destroyed	288
2026-08-12T06:12:48Z	GUNSEAT	4286	nordkap	42267	A	T	core_destroyed	149
2026-08-12T06:12:50Z	GUNSEAT	4287	nordkap	42267	B	C	core_destroyed	158
2026-08-12T06:12:52Z	GUNSEAT	4288	antler	42268	A	T	core_destroyed	408
2026-08-12T06:12:54Z	GUNSEAT	4289	antler	42268	B	C	core_destroyed	209
2026-08-12T06:12:57Z	GUNSEAT	4290	atoll	42268	A	T	core_destroyed	466
2026-08-12T06:12:59Z	GUNSEAT	4291	atoll	42268	B	T	core_destroyed	537
2026-08-12T06:13:01Z	GUNSEAT	4292	drumlin	42268	A	T	core_destroyed	120
2026-08-12T06:13:03Z	GUNSEAT	4293	drumlin	42268	B	C	core_destroyed	123
2026-08-12T06:13:04Z	GUNSEAT	4294	fjordgate	42268	A	T	core_destroyed	127
2026-08-12T06:13:06Z	GUNSEAT	4295	fjordgate	42268	B	C	core_destroyed	235
2026-08-12T06:13:10Z	GUNSEAT	4296	heart	42268	A	C	tiebreak	1000
2026-08-12T06:13:13Z	GUNSEAT	4297	heart	42268	B	T	core_destroyed	274
2026-08-12T06:13:19Z	GUNSEAT	4298	hive	42268	A	C	core_destroyed	420
2026-08-12T06:13:23Z	GUNSEAT	4299	hive	42268	B	T	core_destroyed	275
2026-08-12T06:13:26Z	GUNSEAT	4300	meander	42268	A	C	core_destroyed	297
2026-08-12T06:13:27Z	GUNSEAT	4301	meander	42268	B	C	tiebreak	158
2026-08-12T06:13:29Z	GUNSEAT	4302	nordkap	42268	A	C	core_destroyed	172
2026-08-12T06:13:30Z	GUNSEAT	4303	nordkap	42268	B	C	core_destroyed	154
2026-08-12T06:13:34Z	GUNSEAT	4304	antler	42269	A	T	core_destroyed	304
2026-08-12T06:13:35Z	GUNSEAT	4305	antler	42269	B	C	core_destroyed	163
2026-08-12T06:13:37Z	GUNSEAT	4306	atoll	42269	A	T	core_destroyed	308
2026-08-12T06:13:43Z	GUNSEAT	4307	atoll	42269	B	C	core_destroyed	591
2026-08-12T06:13:45Z	GUNSEAT	4308	drumlin	42269	A	T	core_destroyed	181
2026-08-12T06:13:47Z	GUNSEAT	4309	drumlin	42269	B	T	core_destroyed	257
2026-08-12T06:13:48Z	GUNSEAT	4310	fjordgate	42269	A	T	core_destroyed	182
2026-08-12T06:13:50Z	GUNSEAT	4311	fjordgate	42269	B	C	core_destroyed	171
2026-08-12T06:13:54Z	GUNSEAT	4312	heart	42269	A	T	core_destroyed	404
2026-08-12T06:13:57Z	GUNSEAT	4313	heart	42269	B	T	core_destroyed	164
2026-08-12T06:14:03Z	GUNSEAT	4314	hive	42269	A	T	core_destroyed	684
2026-08-12T06:14:04Z	GUNSEAT	4315	hive	42269	B	C	core_destroyed	137
2026-08-12T06:14:06Z	GUNSEAT	4316	meander	42269	A	C	core_destroyed	186
2026-08-12T06:14:08Z	GUNSEAT	4317	meander	42269	B	T	core_destroyed	196
2026-08-12T06:14:11Z	GUNSEAT	4318	nordkap	42269	A	C	core_destroyed	253
2026-08-12T06:14:12Z	GUNSEAT	4319	nordkap	42269	B	C	core_destroyed	84
2026-08-12T06:14:14Z	GUNSEAT	4320	antler	42270	A	T	core_destroyed	322
2026-08-12T06:14:16Z	GUNSEAT	4321	antler	42270	B	T	core_destroyed	113
2026-08-12T06:14:20Z	GUNSEAT	4322	atoll	42270	A	T	core_destroyed	409
2026-08-12T06:14:21Z	GUNSEAT	4323	atoll	42270	B	T	core_destroyed	232
2026-08-12T06:14:23Z	GUNSEAT	4324	drumlin	42270	A	C	core_destroyed	117
2026-08-12T06:14:27Z	GUNSEAT	4325	drumlin	42270	B	C	core_destroyed	349
2026-08-12T06:14:29Z	GUNSEAT	4326	fjordgate	42270	A	C	core_destroyed	160
2026-08-12T06:14:30Z	GUNSEAT	4327	fjordgate	42270	B	T	core_destroyed	128
2026-08-12T06:14:32Z	GUNSEAT	4328	heart	42270	A	T	core_destroyed	212
2026-08-12T06:14:36Z	GUNSEAT	4329	heart	42270	B	T	core_destroyed	298
2026-08-12T06:14:41Z	GUNSEAT	4330	hive	42270	A	C	core_destroyed	318
2026-08-12T06:14:46Z	GUNSEAT	4331	hive	42270	B	T	core_destroyed	387
2026-08-12T06:14:48Z	GUNSEAT	4332	meander	42270	A	C	core_destroyed	200
2026-08-12T06:14:49Z	GUNSEAT	4333	meander	42270	B	T	core_destroyed	179
2026-08-12T06:14:56Z	GUNSEAT	4334	nordkap	42270	A	C	core_destroyed	782
2026-08-12T06:15:00Z	GUNSEAT	4335	nordkap	42270	B	C	core_destroyed	487
2026-08-12T06:15:01Z	GUNSEAT	4336	antler	42271	A	T	core_destroyed	231
2026-08-12T06:15:03Z	GUNSEAT	4337	antler	42271	B	C	core_destroyed	142
2026-08-12T06:15:05Z	GUNSEAT	4338	atoll	42271	A	C	core_destroyed	201
2026-08-12T06:15:11Z	GUNSEAT	4339	atoll	42271	B	T	core_destroyed	658
2026-08-12T06:15:13Z	GUNSEAT	4340	drumlin	42271	A	C	core_destroyed	133
2026-08-12T06:15:15Z	GUNSEAT	4341	drumlin	42271	B	T	core_destroyed	195
2026-08-12T06:15:17Z	GUNSEAT	4342	fjordgate	42271	A	T	core_destroyed	138
2026-08-12T06:15:18Z	GUNSEAT	4343	fjordgate	42271	B	C	core_destroyed	335
2026-08-12T06:15:22Z	GUNSEAT	4344	heart	42271	A	T	core_destroyed	149
2026-08-12T06:15:27Z	GUNSEAT	4345	heart	42271	B	T	core_destroyed	354
2026-08-12T06:15:29Z	GUNSEAT	4346	hive	42271	A	C	core_destroyed	191
2026-08-12T06:15:31Z	GUNSEAT	4347	hive	42271	B	C	core_destroyed	114
2026-08-12T06:15:32Z	GUNSEAT	4348	meander	42271	A	T	core_destroyed	139
2026-08-12T06:15:35Z	GUNSEAT	4349	meander	42271	B	T	core_destroyed	251
2026-08-12T06:15:37Z	GUNSEAT	4350	nordkap	42271	A	T	core_destroyed	171
2026-08-12T06:15:38Z	GUNSEAT	4351	nordkap	42271	B	C	core_destroyed	160
2026-08-12T06:15:40Z	GUNSEAT	4352	antler	42272	A	T	core_destroyed	217
2026-08-12T06:15:43Z	GUNSEAT	4353	antler	42272	B	C	core_destroyed	173
2026-08-12T06:15:45Z	GUNSEAT	4354	atoll	42272	A	C	core_destroyed	537
2026-08-12T06:15:46Z	GUNSEAT	4355	atoll	42272	B	T	core_destroyed	174
2026-08-12T06:15:49Z	GUNSEAT	4356	drumlin	42272	A	T	core_destroyed	245
2026-08-12T06:15:54Z	GUNSEAT	4357	drumlin	42272	B	T	core_destroyed	351
2026-08-12T06:15:56Z	GUNSEAT	4358	fjordgate	42272	A	C	core_destroyed	295
2026-08-12T06:15:57Z	GUNSEAT	4359	fjordgate	42272	B	C	core_destroyed	180
2026-08-12T06:16:01Z	GUNSEAT	4360	heart	42272	A	C	core_destroyed	236
2026-08-12T06:16:05Z	GUNSEAT	4361	heart	42272	B	T	core_destroyed	224
2026-08-12T06:16:08Z	GUNSEAT	4362	hive	42272	A	C	core_destroyed	177
2026-08-12T06:16:12Z	GUNSEAT	4363	hive	42272	B	C	core_destroyed	259
2026-08-12T06:16:16Z	GUNSEAT	4364	meander	42272	A	T	tiebreak	1000
2026-08-12T06:16:17Z	GUNSEAT	4365	meander	42272	B	T	core_destroyed	168
2026-08-12T06:16:20Z	GUNSEAT	4366	nordkap	42272	A	T	core_destroyed	194
2026-08-12T06:16:22Z	GUNSEAT	4367	nordkap	42272	B	T	core_destroyed	248
2026-08-12T06:16:25Z	GUNSEAT	4368	antler	42273	A	T	core_destroyed	271
2026-08-12T06:16:26Z	GUNSEAT	4369	antler	42273	B	T	core_destroyed	101
2026-08-12T06:16:28Z	GUNSEAT	4370	atoll	42273	A	T	core_destroyed	211
2026-08-12T06:16:30Z	GUNSEAT	4371	atoll	42273	B	T	core_destroyed	146
2026-08-12T06:16:33Z	GUNSEAT	4372	drumlin	42273	A	T	core_destroyed	347
2026-08-12T06:16:35Z	GUNSEAT	4373	drumlin	42273	B	T	core_destroyed	128
2026-08-12T06:16:37Z	GUNSEAT	4374	fjordgate	42273	A	T	tiebreak	1000
2026-08-12T06:16:39Z	GUNSEAT	4375	fjordgate	42273	B	T	core_destroyed	393
2026-08-12T06:16:56Z	GUNSEAT	4376	heart	42273	A	C	tiebreak	1000
2026-08-12T06:17:00Z	GUNSEAT	4377	heart	42273	B	T	core_destroyed	368
2026-08-12T06:17:04Z	GUNSEAT	4378	hive	42273	A	C	core_destroyed	217
2026-08-12T06:17:09Z	GUNSEAT	4379	hive	42273	B	T	core_destroyed	324
2026-08-12T06:17:11Z	GUNSEAT	4380	meander	42273	A	T	core_destroyed	174
2026-08-12T06:17:13Z	GUNSEAT	4381	meander	42273	B	C	core_destroyed	182
2026-08-12T06:17:14Z	GUNSEAT	4382	nordkap	42273	A	C	core_destroyed	125
2026-08-12T06:17:16Z	GUNSEAT	4383	nordkap	42273	B	C	core_destroyed	168
2026-08-12T06:17:17Z	GUNSEAT	4384	antler	42274	A	T	core_destroyed	121
2026-08-12T06:17:19Z	GUNSEAT	4385	antler	42274	B	C	core_destroyed	123
2026-08-12T06:17:20Z	GUNSEAT	4386	atoll	42274	A	C	core_destroyed	122
2026-08-12T06:17:23Z	GUNSEAT	4387	atoll	42274	B	C	core_destroyed	513
2026-08-12T06:17:25Z	GUNSEAT	4388	drumlin	42274	A	T	core_destroyed	191
2026-08-12T06:17:29Z	GUNSEAT	4389	drumlin	42274	B	C	core_destroyed	271
2026-08-12T06:17:30Z	GUNSEAT	4390	fjordgate	42274	A	T	core_destroyed	169
2026-08-12T06:17:32Z	GUNSEAT	4391	fjordgate	42274	B	T	core_destroyed	254
2026-08-12T06:17:34Z	GUNSEAT	4392	heart	42274	A	C	core_destroyed	172
2026-08-12T06:17:36Z	GUNSEAT	4393	heart	42274	B	T	core_destroyed	108
2026-08-12T06:17:40Z	GUNSEAT	4394	hive	42274	A	T	core_destroyed	299
2026-08-12T06:17:43Z	GUNSEAT	4395	hive	42274	B	C	core_destroyed	264
2026-08-12T06:17:45Z	GUNSEAT	4396	meander	42274	A	T	core_destroyed	124
2026-08-12T06:17:46Z	GUNSEAT	4397	meander	42274	B	C	core_destroyed	130
2026-08-12T06:17:47Z	GUNSEAT	4398	nordkap	42274	A	T	core_destroyed	143
2026-08-12T06:17:49Z	GUNSEAT	4399	nordkap	42274	B	T	core_destroyed	180
2026-08-12T06:17:51Z	GUNSEAT	4400	antler	42275	A	T	core_destroyed	393
2026-08-12T06:17:53Z	GUNSEAT	4401	antler	42275	B	C	core_destroyed	213
2026-08-12T06:17:55Z	GUNSEAT	4402	atoll	42275	A	T	core_destroyed	342
2026-08-12T06:17:59Z	GUNSEAT	4403	atoll	42275	B	T	core_destroyed	302
2026-08-12T06:18:02Z	GUNSEAT	4404	drumlin	42275	A	T	core_destroyed	288
2026-08-12T06:18:05Z	GUNSEAT	4405	drumlin	42275	B	T	core_destroyed	248
2026-08-12T06:18:06Z	GUNSEAT	4406	fjordgate	42275	A	C	core_destroyed	164
2026-08-12T06:18:07Z	GUNSEAT	4407	fjordgate	42275	B	C	core_destroyed	101
2026-08-12T06:18:12Z	GUNSEAT	4408	heart	42275	A	T	core_destroyed	320
2026-08-12T06:18:16Z	GUNSEAT	4409	heart	42275	B	T	core_destroyed	179
2026-08-12T06:18:22Z	GUNSEAT	4410	hive	42275	A	C	core_destroyed	403
2026-08-12T06:18:29Z	GUNSEAT	4411	hive	42275	B	C	core_destroyed	537
2026-08-12T06:18:31Z	GUNSEAT	4412	meander	42275	A	T	core_destroyed	160
2026-08-12T06:18:33Z	GUNSEAT	4413	meander	42275	B	C	core_destroyed	184
2026-08-12T06:18:35Z	GUNSEAT	4414	nordkap	42275	A	T	core_destroyed	274
2026-08-12T06:18:37Z	GUNSEAT	4415	nordkap	42275	B	T	core_destroyed	163
2026-08-12T06:18:39Z	GUNSEAT	4416	antler	42276	A	T	core_destroyed	339
2026-08-12T06:18:45Z	GUNSEAT	4417	antler	42276	B	T	tiebreak	1000
2026-08-12T06:18:46Z	GUNSEAT	4418	atoll	42276	A	C	core_destroyed	148
2026-08-12T06:18:48Z	GUNSEAT	4419	atoll	42276	B	T	core_destroyed	234
2026-08-12T06:18:50Z	GUNSEAT	4420	drumlin	42276	A	T	core_destroyed	163
2026-08-12T06:18:52Z	GUNSEAT	4421	drumlin	42276	B	C	core_destroyed	168
2026-08-12T06:18:54Z	GUNSEAT	4422	fjordgate	42276	A	T	core_destroyed	251
2026-08-12T06:18:55Z	GUNSEAT	4423	fjordgate	42276	B	T	core_destroyed	137
2026-08-12T06:18:57Z	GUNSEAT	4424	heart	42276	A	T	core_destroyed	134
2026-08-12T06:18:59Z	GUNSEAT	4425	heart	42276	B	T	core_destroyed	208
2026-08-12T06:19:02Z	GUNSEAT	4426	hive	42276	A	T	core_destroyed	227
2026-08-12T06:19:05Z	GUNSEAT	4427	hive	42276	B	T	core_destroyed	212
2026-08-12T06:19:07Z	GUNSEAT	4428	meander	42276	A	T	core_destroyed	141
2026-08-12T06:19:08Z	GUNSEAT	4429	meander	42276	B	C	core_destroyed	107
2026-08-12T06:19:10Z	GUNSEAT	4430	nordkap	42276	A	C	core_destroyed	251
2026-08-12T06:19:11Z	GUNSEAT	4431	nordkap	42276	B	C	core_destroyed	117
2026-08-12T06:19:13Z	GUNSEAT	4432	antler	42277	A	T	core_destroyed	150
2026-08-12T06:19:15Z	GUNSEAT	4433	antler	42277	B	C	core_destroyed	285
2026-08-12T06:19:17Z	GUNSEAT	4434	atoll	42277	A	C	core_destroyed	176
2026-08-12T06:19:19Z	GUNSEAT	4435	atoll	42277	B	T	core_destroyed	134
2026-08-12T06:19:21Z	GUNSEAT	4436	drumlin	42277	A	T	core_destroyed	162
2026-08-12T06:19:22Z	GUNSEAT	4437	drumlin	42277	B	C	core_destroyed	148
2026-08-12T06:19:24Z	GUNSEAT	4438	fjordgate	42277	A	T	core_destroyed	191
2026-08-12T06:19:26Z	GUNSEAT	4439	fjordgate	42277	B	T	core_destroyed	285
2026-08-12T06:19:31Z	GUNSEAT	4440	heart	42277	A	C	core_destroyed	653
2026-08-12T06:19:33Z	GUNSEAT	4441	heart	42277	B	C	core_destroyed	192
2026-08-12T06:19:36Z	GUNSEAT	4442	hive	42277	A	C	core_destroyed	238
2026-08-12T06:19:39Z	GUNSEAT	4443	hive	42277	B	T	core_destroyed	243
2026-08-12T06:19:41Z	GUNSEAT	4444	meander	42277	A	C	core_destroyed	158
2026-08-12T06:19:43Z	GUNSEAT	4445	meander	42277	B	C	core_destroyed	404
2026-08-12T06:19:44Z	GUNSEAT	4446	nordkap	42277	A	T	core_destroyed	126
2026-08-12T06:19:47Z	GUNSEAT	4447	nordkap	42277	B	T	core_destroyed	582
2026-08-12T06:19:52Z	GUNSEAT	4448	antler	42278	A	T	core_destroyed	488
2026-08-12T06:19:53Z	GUNSEAT	4449	antler	42278	B	C	core_destroyed	397
2026-08-12T06:19:54Z	GUNSEAT	4450	atoll	42278	A	C	core_destroyed	97
2026-08-12T06:19:56Z	GUNSEAT	4451	atoll	42278	B	T	core_destroyed	280
2026-08-12T06:19:59Z	GUNSEAT	4452	drumlin	42278	A	C	core_destroyed	210
2026-08-12T06:20:00Z	GUNSEAT	4453	drumlin	42278	B	C	core_destroyed	168
2026-08-12T06:20:02Z	GUNSEAT	4454	fjordgate	42278	A	C	core_destroyed	274
2026-08-12T06:20:03Z	GUNSEAT	4455	fjordgate	42278	B	T	core_destroyed	135
2026-08-12T06:20:09Z	GUNSEAT	4456	heart	42278	A	T	core_destroyed	376
2026-08-12T06:20:12Z	GUNSEAT	4457	heart	42278	B	C	core_destroyed	145
2026-08-12T06:20:16Z	GUNSEAT	4458	hive	42278	A	T	core_destroyed	298
2026-08-12T06:20:18Z	GUNSEAT	4459	hive	42278	B	C	core_destroyed	114
2026-08-12T06:20:20Z	GUNSEAT	4460	meander	42278	A	C	core_destroyed	266
2026-08-12T06:20:22Z	GUNSEAT	4461	meander	42278	B	C	core_destroyed	149
2026-08-12T06:20:25Z	GUNSEAT	4462	nordkap	42278	A	T	core_destroyed	199
2026-08-12T06:20:26Z	GUNSEAT	4463	nordkap	42278	B	T	core_destroyed	237
2026-08-12T06:20:29Z	GUNSEAT	4464	antler	42279	A	T	core_destroyed	314
2026-08-12T06:20:32Z	GUNSEAT	4465	antler	42279	B	T	core_destroyed	324
2026-08-12T06:20:34Z	GUNSEAT	4466	atoll	42279	A	C	core_destroyed	228
2026-08-12T06:20:37Z	GUNSEAT	4467	atoll	42279	B	T	core_destroyed	197
2026-08-12T06:20:38Z	GUNSEAT	4468	drumlin	42279	A	T	core_destroyed	136
2026-08-12T06:20:40Z	GUNSEAT	4469	drumlin	42279	B	C	core_destroyed	114
2026-08-12T06:20:41Z	GUNSEAT	4470	fjordgate	42279	A	T	core_destroyed	161
2026-08-12T06:20:43Z	GUNSEAT	4471	fjordgate	42279	B	T	tiebreak	1000
2026-08-12T06:20:47Z	GUNSEAT	4472	heart	42279	A	T	core_destroyed	228
2026-08-12T06:20:51Z	GUNSEAT	4473	heart	42279	B	T	core_destroyed	268
2026-08-12T06:20:54Z	GUNSEAT	4474	hive	42279	A	C	core_destroyed	196
2026-08-12T06:20:57Z	GUNSEAT	4475	hive	42279	B	C	core_destroyed	198
2026-08-12T06:21:00Z	GUNSEAT	4476	meander	42279	A	T	core_destroyed	296
2026-08-12T06:21:02Z	GUNSEAT	4477	meander	42279	B	T	core_destroyed	106
2026-08-12T06:21:03Z	GUNSEAT	4478	nordkap	42279	A	C	core_destroyed	119
2026-08-12T06:21:04Z	GUNSEAT	4479	nordkap	42279	B	C	core_destroyed	164
2026-08-12T06:21:06Z	GUNSEAT	4480	antler	42280	A	T	core_destroyed	133
2026-08-12T06:21:07Z	GUNSEAT	4481	antler	42280	B	T	core_destroyed	216
2026-08-12T06:21:11Z	GUNSEAT	4482	atoll	42280	A	C	core_destroyed	573
2026-08-12T06:21:13Z	GUNSEAT	4483	atoll	42280	B	T	core_destroyed	148
2026-08-12T06:21:14Z	GUNSEAT	4484	drumlin	42280	A	T	core_destroyed	104
2026-08-12T06:21:18Z	GUNSEAT	4485	drumlin	42280	B	T	core_destroyed	284
2026-08-12T06:21:20Z	GUNSEAT	4486	fjordgate	42280	A	C	core_destroyed	158
2026-08-12T06:21:21Z	GUNSEAT	4487	fjordgate	42280	B	C	core_destroyed	133
2026-08-12T06:21:25Z	GUNSEAT	4488	heart	42280	A	C	core_destroyed	232
2026-08-12T06:21:28Z	GUNSEAT	4489	heart	42280	B	T	core_destroyed	148
2026-08-12T06:21:33Z	GUNSEAT	4490	hive	42280	A	T	core_destroyed	365
2026-08-12T06:21:35Z	GUNSEAT	4491	hive	42280	B	T	core_destroyed	132
2026-08-12T06:21:36Z	GUNSEAT	4492	meander	42280	A	T	core_destroyed	310
2026-08-12T06:21:38Z	GUNSEAT	4493	meander	42280	B	C	core_destroyed	187
2026-08-12T06:21:40Z	GUNSEAT	4494	nordkap	42280	A	T	core_destroyed	164
2026-08-12T06:21:41Z	GUNSEAT	4495	nordkap	42280	B	T	core_destroyed	114
2026-08-12T06:21:43Z	GUNSEAT	4496	antler	42281	A	T	core_destroyed	297
2026-08-12T06:21:45Z	GUNSEAT	4497	antler	42281	B	T	core_destroyed	207
2026-08-12T06:21:48Z	GUNSEAT	4498	atoll	42281	A	T	core_destroyed	376
2026-08-12T06:21:52Z	GUNSEAT	4499	atoll	42281	B	T	core_destroyed	411
2026-08-12T06:21:54Z	GUNSEAT	4500	drumlin	42281	A	T	core_destroyed	111
2026-08-12T06:21:55Z	GUNSEAT	4501	drumlin	42281	B	T	core_destroyed	165
2026-08-12T06:21:57Z	GUNSEAT	4502	fjordgate	42281	A	C	core_destroyed	178
2026-08-12T06:21:58Z	GUNSEAT	4503	fjordgate	42281	B	T	core_destroyed	168
2026-08-12T06:22:02Z	GUNSEAT	4504	heart	42281	A	T	core_destroyed	291
2026-08-12T06:22:04Z	GUNSEAT	4505	heart	42281	B	T	core_destroyed	212
2026-08-12T06:22:07Z	GUNSEAT	4506	hive	42281	A	C	core_destroyed	140
2026-08-12T06:22:11Z	GUNSEAT	4507	hive	42281	B	C	core_destroyed	319
2026-08-12T06:22:12Z	GUNSEAT	4508	meander	42281	A	T	core_destroyed	211
2026-08-12T06:22:14Z	GUNSEAT	4509	meander	42281	B	C	core_destroyed	155
2026-08-12T06:22:16Z	GUNSEAT	4510	nordkap	42281	A	C	core_destroyed	156
2026-08-12T06:22:18Z	GUNSEAT	4511	nordkap	42281	B	C	core_destroyed	274
2026-08-12T06:22:20Z	GUNSEAT	4512	antler	42282	A	T	core_destroyed	273
2026-08-12T06:22:22Z	GUNSEAT	4513	antler	42282	B	C	core_destroyed	287
2026-08-12T06:22:23Z	GUNSEAT	4514	atoll	42282	A	C	core_destroyed	128
2026-08-12T06:22:25Z	GUNSEAT	4515	atoll	42282	B	T	core_destroyed	181
2026-08-12T06:22:28Z	GUNSEAT	4516	drumlin	42282	A	C	core_destroyed	229
2026-08-12T06:22:30Z	GUNSEAT	4517	drumlin	42282	B	C	core_destroyed	123
2026-08-12T06:22:31Z	GUNSEAT	4518	fjordgate	42282	A	T	core_destroyed	188
2026-08-12T06:22:33Z	GUNSEAT	4519	fjordgate	42282	B	C	core_destroyed	133
2026-08-12T06:22:37Z	GUNSEAT	4520	heart	42282	A	T	core_destroyed	270
2026-08-12T06:22:41Z	GUNSEAT	4521	heart	42282	B	C	core_destroyed	189
2026-08-12T06:22:44Z	GUNSEAT	4522	hive	42282	A	T	core_destroyed	255
2026-08-12T06:22:50Z	GUNSEAT	4523	hive	42282	B	C	core_destroyed	387
2026-08-12T06:22:53Z	GUNSEAT	4524	meander	42282	A	T	tiebreak	1000
2026-08-12T06:22:54Z	GUNSEAT	4525	meander	42282	B	C	core_destroyed	154
2026-08-12T06:22:57Z	GUNSEAT	4526	nordkap	42282	A	C	core_destroyed	272
2026-08-12T06:23:00Z	GUNSEAT	4527	nordkap	42282	B	C	core_destroyed	261
2026-08-12T06:23:04Z	GUNSEAT	4528	antler	42283	A	C	tiebreak	1000
2026-08-12T06:23:07Z	GUNSEAT	4529	antler	42283	B	C	core_destroyed	349
2026-08-12T06:23:09Z	GUNSEAT	4530	atoll	42283	A	C	core_destroyed	146
2026-08-12T06:23:12Z	GUNSEAT	4531	atoll	42283	B	C	core_destroyed	401
2026-08-12T06:23:14Z	GUNSEAT	4532	drumlin	42283	A	C	core_destroyed	179
2026-08-12T06:23:16Z	GUNSEAT	4533	drumlin	42283	B	C	core_destroyed	194
2026-08-12T06:23:17Z	GUNSEAT	4534	fjordgate	42283	A	C	core_destroyed	113
2026-08-12T06:23:19Z	GUNSEAT	4535	fjordgate	42283	B	C	core_destroyed	232
2026-08-12T06:23:21Z	GUNSEAT	4536	heart	42283	A	T	core_destroyed	177
2026-08-12T06:23:28Z	GUNSEAT	4537	heart	42283	B	C	core_destroyed	429
2026-08-12T06:23:32Z	GUNSEAT	4538	hive	42283	A	T	core_destroyed	264
2026-08-12T06:23:40Z	GUNSEAT	4539	hive	42283	B	T	core_destroyed	576
2026-08-12T06:23:42Z	GUNSEAT	4540	meander	42283	A	C	core_destroyed	159
2026-08-12T06:23:44Z	GUNSEAT	4541	meander	42283	B	T	core_destroyed	215
2026-08-12T06:23:47Z	GUNSEAT	4542	nordkap	42283	A	T	core_destroyed	340
2026-08-12T06:23:49Z	GUNSEAT	4543	nordkap	42283	B	T	core_destroyed	133
2026-08-12T06:23:51Z	GUNSEAT	4544	antler	42284	A	C	core_destroyed	339
2026-08-12T06:23:53Z	GUNSEAT	4545	antler	42284	B	T	core_destroyed	239
2026-08-12T06:23:55Z	GUNSEAT	4546	atoll	42284	A	T	core_destroyed	145
2026-08-12T06:23:56Z	GUNSEAT	4547	atoll	42284	B	C	core_destroyed	108
2026-08-12T06:23:58Z	GUNSEAT	4548	drumlin	42284	A	T	core_destroyed	175
2026-08-12T06:24:01Z	GUNSEAT	4549	drumlin	42284	B	T	core_destroyed	320
2026-08-12T06:24:03Z	GUNSEAT	4550	fjordgate	42284	A	T	core_destroyed	177
2026-08-12T06:24:07Z	GUNSEAT	4551	fjordgate	42284	B	C	core_destroyed	768
2026-08-12T06:24:11Z	GUNSEAT	4552	heart	42284	A	T	core_destroyed	176
2026-08-12T06:24:13Z	GUNSEAT	4553	heart	42284	B	T	core_destroyed	142
2026-08-12T06:24:17Z	GUNSEAT	4554	hive	42284	A	T	core_destroyed	260
2026-08-12T06:24:20Z	GUNSEAT	4555	hive	42284	B	C	core_destroyed	247
2026-08-12T06:24:23Z	GUNSEAT	4556	meander	42284	A	T	core_destroyed	248
2026-08-12T06:24:25Z	GUNSEAT	4557	meander	42284	B	C	core_destroyed	292
2026-08-12T06:24:28Z	GUNSEAT	4558	nordkap	42284	A	T	core_destroyed	233
2026-08-12T06:24:29Z	GUNSEAT	4559	nordkap	42284	B	C	core_destroyed	134
2026-08-12T06:24:31Z	GUNSEAT	4560	antler	42285	A	T	core_destroyed	257
2026-08-12T06:24:34Z	GUNSEAT	4561	antler	42285	B	C	core_destroyed	259
2026-08-12T06:24:35Z	GUNSEAT	4562	atoll	42285	A	C	core_destroyed	358
2026-08-12T06:24:37Z	GUNSEAT	4563	atoll	42285	B	T	core_destroyed	149
2026-08-12T06:24:42Z	GUNSEAT	4564	drumlin	42285	A	T	core_destroyed	357
2026-08-12T06:24:49Z	GUNSEAT	4565	drumlin	42285	B	C	core_destroyed	606
2026-08-12T06:24:50Z	GUNSEAT	4566	fjordgate	42285	A	T	core_destroyed	135
2026-08-12T06:24:51Z	GUNSEAT	4567	fjordgate	42285	B	C	core_destroyed	578
2026-08-12T06:24:56Z	GUNSEAT	4568	heart	42285	A	T	core_destroyed	296
2026-08-12T06:25:10Z	GUNSEAT	4569	heart	42285	B	C	core_destroyed	986
2026-08-12T06:25:13Z	GUNSEAT	4570	hive	42285	A	T	core_destroyed	161
2026-08-12T06:25:16Z	GUNSEAT	4571	hive	42285	B	C	core_destroyed	237
2026-08-12T06:25:19Z	GUNSEAT	4572	meander	42285	A	C	core_destroyed	289
2026-08-12T06:25:20Z	GUNSEAT	4573	meander	42285	B	C	core_destroyed	112
2026-08-12T06:25:22Z	GUNSEAT	4574	nordkap	42285	A	C	core_destroyed	144
2026-08-12T06:25:23Z	GUNSEAT	4575	nordkap	42285	B	C	core_destroyed	142
2026-08-12T06:25:24Z	GUNSEAT	4576	antler	42286	A	T	core_destroyed	120
2026-08-12T06:25:26Z	GUNSEAT	4577	antler	42286	B	T	core_destroyed	469
2026-08-12T06:25:27Z	GUNSEAT	4578	atoll	42286	A	C	core_destroyed	118
2026-08-12T06:25:29Z	GUNSEAT	4579	atoll	42286	B	T	core_destroyed	199
2026-08-12T06:25:31Z	GUNSEAT	4580	drumlin	42286	A	T	core_destroyed	149
2026-08-12T06:25:32Z	GUNSEAT	4581	drumlin	42286	B	T	core_destroyed	107
2026-08-12T06:25:37Z	GUNSEAT	4582	fjordgate	42286	A	T	tiebreak	1000
2026-08-12T06:25:38Z	GUNSEAT	4583	fjordgate	42286	B	C	core_destroyed	224
2026-08-12T06:25:42Z	GUNSEAT	4584	heart	42286	A	T	core_destroyed	200
2026-08-12T06:25:44Z	GUNSEAT	4585	heart	42286	B	C	core_destroyed	198
2026-08-12T06:25:47Z	GUNSEAT	4586	hive	42286	A	T	core_destroyed	258
2026-08-12T06:25:50Z	GUNSEAT	4587	hive	42286	B	C	core_destroyed	181
2026-08-12T06:25:51Z	GUNSEAT	4588	meander	42286	A	C	core_destroyed	166
2026-08-12T06:25:53Z	GUNSEAT	4589	meander	42286	B	C	core_destroyed	120
2026-08-12T06:25:55Z	GUNSEAT	4590	nordkap	42286	A	T	core_destroyed	164
2026-08-12T06:25:58Z	GUNSEAT	4591	nordkap	42286	B	T	core_destroyed	266
2026-08-12T06:26:00Z	GUNSEAT	4592	antler	42287	A	C	core_destroyed	186
2026-08-12T06:26:03Z	GUNSEAT	4593	antler	42287	B	T	core_destroyed	496
2026-08-12T06:26:05Z	GUNSEAT	4594	atoll	42287	A	C	core_destroyed	190
2026-08-12T06:26:07Z	GUNSEAT	4595	atoll	42287	B	C	core_destroyed	185
2026-08-12T06:26:10Z	GUNSEAT	4596	drumlin	42287	A	C	core_destroyed	342
2026-08-12T06:26:11Z	GUNSEAT	4597	drumlin	42287	B	C	core_destroyed	138
2026-08-12T06:26:14Z	GUNSEAT	4598	fjordgate	42287	A	T	core_destroyed	485
2026-08-12T06:26:16Z	GUNSEAT	4599	fjordgate	42287	B	C	core_destroyed	113
2026-08-12T06:26:20Z	GUNSEAT	4600	heart	42287	A	C	core_destroyed	318
2026-08-12T06:26:23Z	GUNSEAT	4601	heart	42287	B	T	core_destroyed	146
2026-08-12T06:26:26Z	GUNSEAT	4602	hive	42287	A	C	core_destroyed	204
2026-08-12T06:26:29Z	GUNSEAT	4603	hive	42287	B	T	core_destroyed	246
2026-08-12T06:26:31Z	GUNSEAT	4604	meander	42287	A	T	core_destroyed	168
2026-08-12T06:26:33Z	GUNSEAT	4605	meander	42287	B	C	core_destroyed	158
2026-08-12T06:26:34Z	GUNSEAT	4606	nordkap	42287	A	C	core_destroyed	151
2026-08-12T06:26:36Z	GUNSEAT	4607	nordkap	42287	B	C	core_destroyed	212
2026-08-12T06:26:38Z	GUNSEAT	4608	antler	42288	A	T	core_destroyed	355
2026-08-12T06:26:40Z	GUNSEAT	4609	antler	42288	B	T	core_destroyed	231
2026-08-12T06:26:44Z	GUNSEAT	4610	atoll	42288	A	T	core_destroyed	303
2026-08-12T06:26:46Z	GUNSEAT	4611	atoll	42288	B	T	core_destroyed	128
2026-08-12T06:26:50Z	GUNSEAT	4612	drumlin	42288	A	C	core_destroyed	351
2026-08-12T06:26:56Z	GUNSEAT	4613	drumlin	42288	B	T	core_destroyed	421
2026-08-12T06:26:58Z	GUNSEAT	4614	fjordgate	42288	A	T	core_destroyed	206
2026-08-12T06:27:00Z	GUNSEAT	4615	fjordgate	42288	B	T	core_destroyed	449
2026-08-12T06:27:10Z	GUNSEAT	4616	heart	42288	A	C	core_destroyed	465
2026-08-12T06:27:12Z	GUNSEAT	4617	heart	42288	B	C	core_destroyed	106
2026-08-12T06:27:18Z	GUNSEAT	4618	hive	42288	A	C	core_destroyed	376
2026-08-12T06:27:23Z	GUNSEAT	4619	hive	42288	B	T	core_destroyed	543
2026-08-12T06:27:26Z	GUNSEAT	4620	meander	42288	A	C	core_destroyed	189
2026-08-12T06:27:28Z	GUNSEAT	4621	meander	42288	B	C	core_destroyed	376
2026-08-12T06:27:30Z	GUNSEAT	4622	nordkap	42288	A	C	core_destroyed	185
2026-08-12T06:27:31Z	GUNSEAT	4623	nordkap	42288	B	C	core_destroyed	171
2026-08-12T06:27:34Z	GUNSEAT	4624	antler	42289	A	T	core_destroyed	492
2026-08-12T06:27:36Z	GUNSEAT	4625	antler	42289	B	C	core_destroyed	219
2026-08-12T06:27:37Z	GUNSEAT	4626	atoll	42289	A	C	core_destroyed	248
2026-08-12T06:27:40Z	GUNSEAT	4627	atoll	42289	B	C	core_destroyed	581
2026-08-12T06:27:42Z	GUNSEAT	4628	drumlin	42289	A	C	core_destroyed	195
2026-08-12T06:27:46Z	GUNSEAT	4629	drumlin	42289	B	T	core_destroyed	293
2026-08-12T06:27:48Z	GUNSEAT	4630	fjordgate	42289	A	T	core_destroyed	201
2026-08-12T06:27:50Z	GUNSEAT	4631	fjordgate	42289	B	T	core_destroyed	501
2026-08-12T06:27:52Z	GUNSEAT	4632	heart	42289	A	T	core_destroyed	149
2026-08-12T06:27:54Z	GUNSEAT	4633	heart	42289	B	T	core_destroyed	151
2026-08-12T06:27:59Z	GUNSEAT	4634	hive	42289	A	T	core_destroyed	365
2026-08-12T06:28:02Z	GUNSEAT	4635	hive	42289	B	T	core_destroyed	179
2026-08-12T06:28:04Z	GUNSEAT	4636	meander	42289	A	T	core_destroyed	292
2026-08-12T06:28:05Z	GUNSEAT	4637	meander	42289	B	C	core_destroyed	81
2026-08-12T06:28:08Z	GUNSEAT	4638	nordkap	42289	A	C	core_destroyed	273
2026-08-12T06:28:11Z	GUNSEAT	4639	nordkap	42289	B	T	core_destroyed	259
2026-08-12T06:28:13Z	GUNSEAT	4640	antler	42290	A	C	core_destroyed	451
2026-08-12T06:28:16Z	GUNSEAT	4641	antler	42290	B	C	core_destroyed	307
2026-08-12T06:28:17Z	GUNSEAT	4642	atoll	42290	A	C	core_destroyed	214
2026-08-12T06:28:20Z	GUNSEAT	4643	atoll	42290	B	C	core_destroyed	271
2026-08-12T06:28:23Z	GUNSEAT	4644	drumlin	42290	A	C	core_destroyed	210
2026-08-12T06:28:24Z	GUNSEAT	4645	drumlin	42290	B	T	core_destroyed	183
2026-08-12T06:28:26Z	GUNSEAT	4646	fjordgate	42290	A	C	core_destroyed	203
2026-08-12T06:28:27Z	GUNSEAT	4647	fjordgate	42290	B	C	core_destroyed	181
2026-08-12T06:28:29Z	GUNSEAT	4648	heart	42290	A	T	core_destroyed	151
2026-08-12T06:28:49Z	GUNSEAT	4649	heart	42290	B	C	tiebreak	1000
2026-08-12T06:28:51Z	GUNSEAT	4650	hive	42290	A	T	core_destroyed	116
2026-08-12T06:28:55Z	GUNSEAT	4651	hive	42290	B	C	core_destroyed	258
2026-08-12T06:28:56Z	GUNSEAT	4652	meander	42290	A	T	core_destroyed	144
2026-08-12T06:28:58Z	GUNSEAT	4653	meander	42290	B	T	core_destroyed	184
2026-08-12T06:28:59Z	GUNSEAT	4654	nordkap	42290	A	T	core_destroyed	161
2026-08-12T06:29:01Z	GUNSEAT	4655	nordkap	42290	B	C	core_destroyed	163
2026-08-12T06:29:03Z	GUNSEAT	4656	antler	42291	A	T	core_destroyed	222
2026-08-12T06:29:05Z	GUNSEAT	4657	antler	42291	B	C	core_destroyed	122
2026-08-12T06:29:07Z	GUNSEAT	4658	atoll	42291	A	T	core_destroyed	246
2026-08-12T06:29:09Z	GUNSEAT	4659	atoll	42291	B	C	core_destroyed	350
2026-08-12T06:29:11Z	GUNSEAT	4660	drumlin	42291	A	C	core_destroyed	165
2026-08-12T06:29:13Z	GUNSEAT	4661	drumlin	42291	B	C	core_destroyed	152
2026-08-12T06:29:14Z	GUNSEAT	4662	fjordgate	42291	A	T	core_destroyed	246
2026-08-12T06:29:16Z	GUNSEAT	4663	fjordgate	42291	B	T	core_destroyed	191
2026-08-12T06:29:19Z	GUNSEAT	4664	heart	42291	A	T	core_destroyed	213
2026-08-12T06:29:22Z	GUNSEAT	4665	heart	42291	B	T	core_destroyed	207
2026-08-12T06:29:27Z	GUNSEAT	4666	hive	42291	A	T	core_destroyed	361
2026-08-12T06:29:29Z	GUNSEAT	4667	hive	42291	B	T	core_destroyed	120
2026-08-12T06:29:30Z	GUNSEAT	4668	meander	42291	A	T	core_destroyed	150
2026-08-12T06:29:32Z	GUNSEAT	4669	meander	42291	B	T	core_destroyed	134
2026-08-12T06:29:34Z	GUNSEAT	4670	nordkap	42291	A	T	core_destroyed	207
2026-08-12T06:29:36Z	GUNSEAT	4671	nordkap	42291	B	C	core_destroyed	114
2026-08-12T06:29:37Z	GUNSEAT	4672	antler	42292	A	T	core_destroyed	159
2026-08-12T06:29:39Z	GUNSEAT	4673	antler	42292	B	C	core_destroyed	244
2026-08-12T06:29:41Z	GUNSEAT	4674	atoll	42292	A	T	core_destroyed	222
2026-08-12T06:29:43Z	GUNSEAT	4675	atoll	42292	B	T	core_destroyed	247
2026-08-12T06:29:46Z	GUNSEAT	4676	drumlin	42292	A	T	core_destroyed	176
2026-08-12T06:29:47Z	GUNSEAT	4677	drumlin	42292	B	C	core_destroyed	143
2026-08-12T06:29:48Z	GUNSEAT	4678	fjordgate	42292	A	T	core_destroyed	246
2026-08-12T06:29:50Z	GUNSEAT	4679	fjordgate	42292	B	T	core_destroyed	140
2026-08-12T06:29:53Z	GUNSEAT	4680	heart	42292	A	C	core_destroyed	209
2026-08-12T06:29:56Z	GUNSEAT	4681	heart	42292	B	C	core_destroyed	213
2026-08-12T06:30:00Z	GUNSEAT	4682	hive	42292	A	C	core_destroyed	208
2026-08-12T06:30:04Z	GUNSEAT	4683	hive	42292	B	T	core_destroyed	258
2026-08-12T06:30:06Z	GUNSEAT	4684	meander	42292	A	C	core_destroyed	148
2026-08-12T06:30:08Z	GUNSEAT	4685	meander	42292	B	T	core_destroyed	271
2026-08-12T06:30:10Z	GUNSEAT	4686	nordkap	42292	A	T	core_destroyed	164
2026-08-12T06:30:14Z	GUNSEAT	4687	nordkap	42292	B	T	core_destroyed	385
2026-08-12T06:30:16Z	GUNSEAT	4688	antler	42293	A	T	core_destroyed	213
2026-08-12T06:30:18Z	GUNSEAT	4689	antler	42293	B	T	core_destroyed	168
2026-08-12T06:30:22Z	GUNSEAT	4690	atoll	42293	A	C	core_destroyed	440
2026-08-12T06:30:26Z	GUNSEAT	4691	atoll	42293	B	C	tiebreak	1000
2026-08-12T06:30:28Z	GUNSEAT	4692	drumlin	42293	A	T	core_destroyed	234
2026-08-12T06:30:30Z	GUNSEAT	4693	drumlin	42293	B	C	core_destroyed	182
2026-08-12T06:30:32Z	GUNSEAT	4694	fjordgate	42293	A	C	core_destroyed	168
2026-08-12T06:30:33Z	GUNSEAT	4695	fjordgate	42293	B	C	core_destroyed	109
2026-08-12T06:30:37Z	GUNSEAT	4696	heart	42293	A	C	core_destroyed	298
2026-08-12T06:30:39Z	GUNSEAT	4697	heart	42293	B	C	core_destroyed	186
2026-08-12T06:30:42Z	GUNSEAT	4698	hive	42293	A	T	core_destroyed	260
2026-08-12T06:30:44Z	GUNSEAT	4699	hive	42293	B	C	core_destroyed	135
2026-08-12T06:30:46Z	GUNSEAT	4700	meander	42293	A	T	core_destroyed	132
2026-08-12T06:30:47Z	GUNSEAT	4701	meander	42293	B	C	core_destroyed	164
2026-08-12T06:30:51Z	GUNSEAT	4702	nordkap	42293	A	C	core_destroyed	301
2026-08-12T06:30:53Z	GUNSEAT	4703	nordkap	42293	B	T	core_destroyed	203
2026-08-12T06:30:55Z	GUNSEAT	4704	antler	42294	A	C	core_destroyed	148
2026-08-12T06:30:57Z	GUNSEAT	4705	antler	42294	B	C	core_destroyed	202
2026-08-12T06:30:59Z	GUNSEAT	4706	atoll	42294	A	C	core_destroyed	194
2026-08-12T06:31:01Z	GUNSEAT	4707	atoll	42294	B	T	core_destroyed	218
2026-08-12T06:31:03Z	GUNSEAT	4708	drumlin	42294	A	C	core_destroyed	119
2026-08-12T06:31:04Z	GUNSEAT	4709	drumlin	42294	B	C	core_destroyed	85
2026-08-12T06:31:06Z	GUNSEAT	4710	fjordgate	42294	A	T	core_destroyed	224
2026-08-12T06:31:07Z	GUNSEAT	4711	fjordgate	42294	B	C	core_destroyed	188
2026-08-12T06:31:12Z	GUNSEAT	4712	heart	42294	A	C	core_destroyed	434
2026-08-12T06:31:17Z	GUNSEAT	4713	heart	42294	B	T	tiebreak	1000
2026-08-12T06:31:21Z	GUNSEAT	4714	hive	42294	A	T	core_destroyed	384
2026-08-12T06:31:28Z	GUNSEAT	4715	hive	42294	B	T	core_destroyed	397
2026-08-12T06:31:29Z	GUNSEAT	4716	meander	42294	A	C	core_destroyed	140
2026-08-12T06:31:30Z	GUNSEAT	4717	meander	42294	B	C	core_destroyed	154
2026-08-12T06:31:32Z	GUNSEAT	4718	nordkap	42294	A	T	core_destroyed	164
2026-08-12T06:31:34Z	GUNSEAT	4719	nordkap	42294	B	C	core_destroyed	124
2026-08-12T06:31:35Z	GUNSEAT	4720	antler	42295	A	T	core_destroyed	104
2026-08-12T06:31:37Z	GUNSEAT	4721	antler	42295	B	C	core_destroyed	163
2026-08-12T06:31:40Z	GUNSEAT	4722	atoll	42295	A	T	core_destroyed	355
2026-08-12T06:31:42Z	GUNSEAT	4723	atoll	42295	B	C	core_destroyed	402
2026-08-12T06:31:48Z	GUNSEAT	4724	drumlin	42295	A	T	core_destroyed	383
2026-08-12T06:31:50Z	GUNSEAT	4725	drumlin	42295	B	T	core_destroyed	175
2026-08-12T06:31:54Z	GUNSEAT	4726	fjordgate	42295	A	T	tiebreak	1000
2026-08-12T06:31:55Z	GUNSEAT	4727	fjordgate	42295	B	C	core_destroyed	119
2026-08-12T06:31:59Z	GUNSEAT	4728	heart	42295	A	T	core_destroyed	275
2026-08-12T06:32:03Z	GUNSEAT	4729	heart	42295	B	T	core_destroyed	193
2026-08-12T06:32:06Z	GUNSEAT	4730	hive	42295	A	C	core_destroyed	212
2026-08-12T06:32:13Z	GUNSEAT	4731	hive	42295	B	C	core_destroyed	431
2026-08-12T06:32:15Z	GUNSEAT	4732	meander	42295	A	C	core_destroyed	271
2026-08-12T06:32:17Z	GUNSEAT	4733	meander	42295	B	T	core_destroyed	221
2026-08-12T06:32:18Z	GUNSEAT	4734	nordkap	42295	A	T	core_destroyed	129
2026-08-12T06:32:19Z	GUNSEAT	4735	nordkap	42295	B	C	core_destroyed	92
2026-08-12T06:32:21Z	GUNSEAT	4736	antler	42296	A	T	core_destroyed	139
2026-08-12T06:32:25Z	GUNSEAT	4737	antler	42296	B	C	core_destroyed	704
2026-08-12T06:32:30Z	GUNSEAT	4738	atoll	42296	A	T	core_destroyed	685
2026-08-12T06:32:32Z	GUNSEAT	4739	atoll	42296	B	T	core_destroyed	131
2026-08-12T06:32:36Z	GUNSEAT	4740	drumlin	42296	A	C	core_destroyed	343
2026-08-12T06:32:39Z	GUNSEAT	4741	drumlin	42296	B	T	core_destroyed	204
2026-08-12T06:32:41Z	GUNSEAT	4742	fjordgate	42296	A	C	core_destroyed	110
2026-08-12T06:32:42Z	GUNSEAT	4743	fjordgate	42296	B	T	core_destroyed	144
2026-08-12T06:32:45Z	GUNSEAT	4744	heart	42296	A	T	core_destroyed	197
2026-08-12T06:32:48Z	GUNSEAT	4745	heart	42296	B	C	core_destroyed	313
2026-08-12T06:32:51Z	GUNSEAT	4746	hive	42296	A	C	core_destroyed	191
2026-08-12T06:32:53Z	GUNSEAT	4747	hive	42296	B	C	core_destroyed	149
2026-08-12T06:32:55Z	GUNSEAT	4748	meander	42296	A	C	core_destroyed	172
2026-08-12T06:32:56Z	GUNSEAT	4749	meander	42296	B	C	core_destroyed	249
2026-08-12T06:33:00Z	GUNSEAT	4750	nordkap	42296	A	T	core_destroyed	294
2026-08-12T06:33:03Z	GUNSEAT	4751	nordkap	42296	B	C	core_destroyed	283
2026-08-12T06:33:06Z	GUNSEAT	4752	antler	42297	A	T	core_destroyed	329
2026-08-12T06:33:08Z	GUNSEAT	4753	antler	42297	B	T	core_destroyed	232
2026-08-12T06:33:13Z	GUNSEAT	4754	atoll	42297	A	T	core_destroyed	708
2026-08-12T06:33:18Z	GUNSEAT	4755	atoll	42297	B	T	core_destroyed	795
2026-08-12T06:33:20Z	GUNSEAT	4756	drumlin	42297	A	T	core_destroyed	164
2026-08-12T06:33:21Z	GUNSEAT	4757	drumlin	42297	B	T	core_destroyed	101
2026-08-12T06:33:23Z	GUNSEAT	4758	fjordgate	42297	A	T	core_destroyed	189
2026-08-12T06:33:24Z	GUNSEAT	4759	fjordgate	42297	B	T	core_destroyed	181
2026-08-12T06:33:27Z	GUNSEAT	4760	heart	42297	A	C	core_destroyed	151
2026-08-12T06:33:33Z	GUNSEAT	4761	heart	42297	B	C	core_destroyed	562
2026-08-12T06:33:35Z	GUNSEAT	4762	hive	42297	A	T	core_destroyed	113
2026-08-12T06:33:37Z	GUNSEAT	4763	hive	42297	B	C	core_destroyed	168
2026-08-12T06:33:41Z	GUNSEAT	4764	meander	42297	A	C	core_destroyed	425
2026-08-12T06:33:42Z	GUNSEAT	4765	meander	42297	B	C	core_destroyed	151
2026-08-12T06:33:44Z	GUNSEAT	4766	nordkap	42297	A	T	core_destroyed	186
2026-08-12T06:33:46Z	GUNSEAT	4767	nordkap	42297	B	C	core_destroyed	200
2026-08-12T06:33:56Z	GUNSEAT	4768	antler	42298	A	C	tiebreak	1000
2026-08-12T06:33:57Z	GUNSEAT	4769	antler	42298	B	C	core_destroyed	164
2026-08-12T06:33:59Z	GUNSEAT	4770	atoll	42298	A	C	core_destroyed	192
2026-08-12T06:34:02Z	GUNSEAT	4771	atoll	42298	B	C	core_destroyed	574
2026-08-12T06:34:06Z	GUNSEAT	4772	drumlin	42298	A	T	core_destroyed	265
2026-08-12T06:34:08Z	GUNSEAT	4773	drumlin	42298	B	C	core_destroyed	128
2026-08-12T06:34:09Z	GUNSEAT	4774	fjordgate	42298	A	C	core_destroyed	226
2026-08-12T06:34:11Z	GUNSEAT	4775	fjordgate	42298	B	C	core_destroyed	201
2026-08-12T06:34:14Z	GUNSEAT	4776	heart	42298	A	C	core_destroyed	131
2026-08-12T06:34:17Z	GUNSEAT	4777	heart	42298	B	T	core_destroyed	199
2026-08-12T06:34:21Z	GUNSEAT	4778	hive	42298	A	C	core_destroyed	246
2026-08-12T06:34:24Z	GUNSEAT	4779	hive	42298	B	T	core_destroyed	206
2026-08-12T06:34:25Z	GUNSEAT	4780	meander	42298	A	C	core_destroyed	110
2026-08-12T06:34:27Z	GUNSEAT	4781	meander	42298	B	T	core_destroyed	146
2026-08-12T06:34:28Z	GUNSEAT	4782	nordkap	42298	A	T	core_destroyed	113
2026-08-12T06:34:30Z	GUNSEAT	4783	nordkap	42298	B	C	core_destroyed	141
2026-08-12T06:34:32Z	GUNSEAT	4784	antler	42299	A	C	core_destroyed	304
2026-08-12T06:34:34Z	GUNSEAT	4785	antler	42299	B	T	core_destroyed	248
2026-08-12T06:34:36Z	GUNSEAT	4786	atoll	42299	A	T	core_destroyed	211
2026-08-12T06:34:38Z	GUNSEAT	4787	atoll	42299	B	T	core_destroyed	183
2026-08-12T06:34:44Z	GUNSEAT	4788	drumlin	42299	A	C	core_destroyed	395
2026-08-12T06:34:47Z	GUNSEAT	4789	drumlin	42299	B	C	core_destroyed	288
2026-08-12T06:34:50Z	GUNSEAT	4790	fjordgate	42299	A	T	tiebreak	1000
2026-08-12T06:34:51Z	GUNSEAT	4791	fjordgate	42299	B	T	core_destroyed	131
2026-08-12T06:34:56Z	GUNSEAT	4792	heart	42299	A	C	core_destroyed	376
2026-08-12T06:35:02Z	GUNSEAT	4793	heart	42299	B	T	core_destroyed	454
2026-08-12T06:35:11Z	GUNSEAT	4794	hive	42299	A	T	core_destroyed	567
2026-08-12T06:35:15Z	GUNSEAT	4795	hive	42299	B	C	core_destroyed	299
2026-08-12T06:35:17Z	GUNSEAT	4796	meander	42299	A	C	core_destroyed	218
2026-08-12T06:35:18Z	GUNSEAT	4797	meander	42299	B	C	core_destroyed	198
2026-08-12T06:35:20Z	GUNSEAT	4798	nordkap	42299	A	C	core_destroyed	183
2026-08-12T06:35:23Z	GUNSEAT	4799	nordkap	42299	B	T	core_destroyed	318
2026-08-12T06:35:25Z	GUNSEAT	4800	antler	42300	A	T	core_destroyed	163
2026-08-12T06:35:26Z	GUNSEAT	4801	antler	42300	B	T	core_destroyed	179
2026-08-12T06:35:29Z	GUNSEAT	4802	atoll	42300	A	T	core_destroyed	332
2026-08-12T06:35:32Z	GUNSEAT	4803	atoll	42300	B	T	tiebreak	1000
2026-08-12T06:35:34Z	GUNSEAT	4804	drumlin	42300	A	T	core_destroyed	102
2026-08-12T06:35:36Z	GUNSEAT	4805	drumlin	42300	B	C	core_destroyed	153
2026-08-12T06:35:37Z	GUNSEAT	4806	fjordgate	42300	A	T	core_destroyed	135
2026-08-12T06:35:38Z	GUNSEAT	4807	fjordgate	42300	B	C	core_destroyed	140
2026-08-12T06:35:42Z	GUNSEAT	4808	heart	42300	A	C	core_destroyed	302
2026-08-12T06:35:45Z	GUNSEAT	4809	heart	42300	B	C	core_destroyed	298
2026-08-12T06:35:49Z	GUNSEAT	4810	hive	42300	A	C	core_destroyed	269
2026-08-12T06:35:54Z	GUNSEAT	4811	hive	42300	B	T	core_destroyed	300
2026-08-12T06:35:57Z	GUNSEAT	4812	meander	42300	A	C	core_destroyed	236
2026-08-12T06:35:59Z	GUNSEAT	4813	meander	42300	B	T	core_destroyed	265
2026-08-12T06:36:01Z	GUNSEAT	4814	nordkap	42300	A	T	core_destroyed	159
2026-08-12T06:36:04Z	GUNSEAT	4815	nordkap	42300	B	C	core_destroyed	279
2026-08-12T06:36:06Z	GUNSEAT	4816	antler	42301	A	T	core_destroyed	159
2026-08-12T06:36:09Z	GUNSEAT	4817	antler	42301	B	T	tiebreak	1000
2026-08-12T06:36:13Z	GUNSEAT	4818	atoll	42301	A	C	core_destroyed	331
2026-08-12T06:36:16Z	GUNSEAT	4819	atoll	42301	B	C	core_destroyed	527
2026-08-12T06:36:19Z	GUNSEAT	4820	drumlin	42301	A	C	core_destroyed	253
2026-08-12T06:36:21Z	GUNSEAT	4821	drumlin	42301	B	C	core_destroyed	193
2026-08-12T06:36:22Z	GUNSEAT	4822	fjordgate	42301	A	C	core_destroyed	220
2026-08-12T06:36:24Z	GUNSEAT	4823	fjordgate	42301	B	C	core_destroyed	164
2026-08-12T06:36:51Z	GUNSEAT	4824	heart	42301	A	C	tiebreak	1000
2026-08-12T06:36:54Z	GUNSEAT	4825	heart	42301	B	C	core_destroyed	196
2026-08-12T06:36:59Z	GUNSEAT	4826	hive	42301	A	T	core_destroyed	312
2026-08-12T06:37:02Z	GUNSEAT	4827	hive	42301	B	T	core_destroyed	149
2026-08-12T06:37:03Z	GUNSEAT	4828	meander	42301	A	T	core_destroyed	109
2026-08-12T06:37:06Z	GUNSEAT	4829	meander	42301	B	T	core_destroyed	270
2026-08-12T06:37:08Z	GUNSEAT	4830	nordkap	42301	A	C	core_destroyed	133
2026-08-12T06:37:10Z	GUNSEAT	4831	nordkap	42301	B	C	core_destroyed	222
2026-08-12T06:37:11Z	GUNSEAT	4832	antler	42302	A	T	tiebreak	155
2026-08-12T06:37:13Z	GUNSEAT	4833	antler	42302	B	C	core_destroyed	159
2026-08-12T06:37:15Z	GUNSEAT	4834	atoll	42302	A	C	core_destroyed	332
2026-08-12T06:37:21Z	GUNSEAT	4835	atoll	42302	B	C	core_destroyed	485
2026-08-12T06:37:23Z	GUNSEAT	4836	drumlin	42302	A	C	core_destroyed	111
2026-08-12T06:37:24Z	GUNSEAT	4837	drumlin	42302	B	T	core_destroyed	126
2026-08-12T06:37:25Z	GUNSEAT	4838	fjordgate	42302	A	C	core_destroyed	141
2026-08-12T06:37:27Z	GUNSEAT	4839	fjordgate	42302	B	T	core_destroyed	189
2026-08-12T06:37:31Z	GUNSEAT	4840	heart	42302	A	C	core_destroyed	273
2026-08-12T06:37:35Z	GUNSEAT	4841	heart	42302	B	T	core_destroyed	212
2026-08-12T06:37:40Z	GUNSEAT	4842	hive	42302	A	C	core_destroyed	287
2026-08-12T06:37:44Z	GUNSEAT	4843	hive	42302	B	C	core_destroyed	314
2026-08-12T06:37:46Z	GUNSEAT	4844	meander	42302	A	C	core_destroyed	209
2026-08-12T06:37:47Z	GUNSEAT	4845	meander	42302	B	T	core_destroyed	160
2026-08-12T06:37:49Z	GUNSEAT	4846	nordkap	42302	A	T	core_destroyed	194
2026-08-12T06:37:51Z	GUNSEAT	4847	nordkap	42302	B	C	core_destroyed	198
2026-08-12T06:37:53Z	GUNSEAT	4848	antler	42303	A	T	core_destroyed	128
2026-08-12T06:37:54Z	GUNSEAT	4849	antler	42303	B	C	core_destroyed	100
2026-08-12T06:37:55Z	GUNSEAT	4850	atoll	42303	A	C	core_destroyed	105
2026-08-12T06:37:59Z	GUNSEAT	4851	atoll	42303	B	T	core_destroyed	422
2026-08-12T06:38:03Z	GUNSEAT	4852	drumlin	42303	A	T	core_destroyed	307
2026-08-12T06:38:09Z	GUNSEAT	4853	drumlin	42303	B	T	core_destroyed	487
2026-08-12T06:38:10Z	GUNSEAT	4854	fjordgate	42303	A	C	core_destroyed	225
2026-08-12T06:38:11Z	GUNSEAT	4855	fjordgate	42303	B	T	core_destroyed	216
2026-08-12T06:38:14Z	GUNSEAT	4856	heart	42303	A	C	core_destroyed	144
2026-08-12T06:38:16Z	GUNSEAT	4857	heart	42303	B	T	core_destroyed	183
2026-08-12T06:38:20Z	GUNSEAT	4858	hive	42303	A	C	core_destroyed	258
2026-08-12T06:38:26Z	GUNSEAT	4859	hive	42303	B	C	core_destroyed	387
2026-08-12T06:38:28Z	GUNSEAT	4860	meander	42303	A	C	core_destroyed	357
2026-08-12T06:38:32Z	GUNSEAT	4861	meander	42303	B	C	core_destroyed	612
2026-08-12T06:38:34Z	GUNSEAT	4862	nordkap	42303	A	T	core_destroyed	215
2026-08-12T06:38:36Z	GUNSEAT	4863	nordkap	42303	B	T	core_destroyed	196
2026-08-12T06:38:38Z	GUNSEAT	4864	antler	42304	A	T	core_destroyed	157
2026-08-12T06:38:40Z	GUNSEAT	4865	antler	42304	B	C	core_destroyed	205
2026-08-12T06:38:42Z	GUNSEAT	4866	atoll	42304	A	T	core_destroyed	116
2026-08-12T06:38:46Z	GUNSEAT	4867	atoll	42304	B	C	core_destroyed	456
2026-08-12T06:38:48Z	GUNSEAT	4868	drumlin	42304	A	T	core_destroyed	160
2026-08-12T06:38:50Z	GUNSEAT	4869	drumlin	42304	B	T	core_destroyed	148
2026-08-12T06:38:51Z	GUNSEAT	4870	fjordgate	42304	A	C	core_destroyed	140
2026-08-12T06:38:52Z	GUNSEAT	4871	fjordgate	42304	B	T	core_destroyed	172
2026-08-12T06:38:55Z	GUNSEAT	4872	heart	42304	A	C	core_destroyed	266
2026-08-12T06:38:57Z	GUNSEAT	4873	heart	42304	B	C	core_destroyed	131
2026-08-12T06:38:59Z	GUNSEAT	4874	hive	42304	A	C	core_destroyed	176
2026-08-12T06:39:04Z	GUNSEAT	4875	hive	42304	B	C	core_destroyed	288
2026-08-12T06:39:05Z	GUNSEAT	4876	meander	42304	A	T	core_destroyed	198
2026-08-12T06:39:07Z	GUNSEAT	4877	meander	42304	B	C	core_destroyed	186
2026-08-12T06:39:09Z	GUNSEAT	4878	nordkap	42304	A	T	core_destroyed	180
2026-08-12T06:39:10Z	GUNSEAT	4879	nordkap	42304	B	C	core_destroyed	152
2026-08-12T06:39:12Z	GUNSEAT	4880	antler	42305	A	T	core_destroyed	141
2026-08-12T06:39:15Z	GUNSEAT	4881	antler	42305	B	C	core_destroyed	326
2026-08-12T06:39:17Z	GUNSEAT	4882	atoll	42305	A	C	core_destroyed	303
2026-08-12T06:39:18Z	GUNSEAT	4883	atoll	42305	B	C	core_destroyed	196
2026-08-12T06:39:21Z	GUNSEAT	4884	drumlin	42305	A	T	core_destroyed	267
2026-08-12T06:39:25Z	GUNSEAT	4885	drumlin	42305	B	T	core_destroyed	298
2026-08-12T06:39:26Z	GUNSEAT	4886	fjordgate	42305	A	C	core_destroyed	224
2026-08-12T06:39:27Z	GUNSEAT	4887	fjordgate	42305	B	C	core_destroyed	215
2026-08-12T06:39:31Z	GUNSEAT	4888	heart	42305	A	T	core_destroyed	184
2026-08-12T06:39:33Z	GUNSEAT	4889	heart	42305	B	C	core_destroyed	133
2026-08-12T06:39:36Z	GUNSEAT	4890	hive	42305	A	T	core_destroyed	229
2026-08-12T06:39:40Z	GUNSEAT	4891	hive	42305	B	T	core_destroyed	207
2026-08-12T06:39:41Z	GUNSEAT	4892	meander	42305	A	C	core_destroyed	131
2026-08-12T06:39:43Z	GUNSEAT	4893	meander	42305	B	T	core_destroyed	303
2026-08-12T06:39:46Z	GUNSEAT	4894	nordkap	42305	A	T	core_destroyed	195
2026-08-12T06:39:48Z	GUNSEAT	4895	nordkap	42305	B	C	core_destroyed	199
2026-08-12T06:39:50Z	GUNSEAT	4896	antler	42306	A	T	core_destroyed	136
2026-08-12T06:39:52Z	GUNSEAT	4897	antler	42306	B	C	core_destroyed	215
2026-08-12T06:39:53Z	GUNSEAT	4898	atoll	42306	A	T	core_destroyed	195
2026-08-12T06:39:58Z	GUNSEAT	4899	atoll	42306	B	C	core_destroyed	491
2026-08-12T06:40:00Z	GUNSEAT	4900	drumlin	42306	A	C	core_destroyed	108
2026-08-12T06:40:04Z	GUNSEAT	4901	drumlin	42306	B	T	core_destroyed	412
2026-08-12T06:40:06Z	GUNSEAT	4902	fjordgate	42306	A	T	core_destroyed	225
2026-08-12T06:40:07Z	GUNSEAT	4903	fjordgate	42306	B	C	core_destroyed	283
2026-08-12T06:40:10Z	GUNSEAT	4904	heart	42306	A	C	core_destroyed	200
2026-08-12T06:40:11Z	GUNSEAT	4905	heart	42306	B	C	core_destroyed	175
2026-08-12T06:40:14Z	GUNSEAT	4906	hive	42306	A	C	core_destroyed	184
2026-08-12T06:40:16Z	GUNSEAT	4907	hive	42306	B	T	core_destroyed	152
2026-08-12T06:40:18Z	GUNSEAT	4908	meander	42306	A	T	core_destroyed	130
2026-08-12T06:40:20Z	GUNSEAT	4909	meander	42306	B	C	core_destroyed	232
2026-08-12T06:40:22Z	GUNSEAT	4910	nordkap	42306	A	T	core_destroyed	239
2026-08-12T06:40:25Z	GUNSEAT	4911	nordkap	42306	B	T	core_destroyed	243
2026-08-12T06:40:27Z	GUNSEAT	4912	antler	42307	A	T	core_destroyed	82
2026-08-12T06:40:29Z	GUNSEAT	4913	antler	42307	B	T	core_destroyed	496
2026-08-12T06:40:31Z	GUNSEAT	4914	atoll	42307	A	T	core_destroyed	168
2026-08-12T06:40:32Z	GUNSEAT	4915	atoll	42307	B	T	core_destroyed	106
2026-08-12T06:40:36Z	GUNSEAT	4916	drumlin	42307	A	T	core_destroyed	396
2026-08-12T06:40:37Z	GUNSEAT	4917	drumlin	42307	B	T	core_destroyed	121
2026-08-12T06:40:39Z	GUNSEAT	4918	fjordgate	42307	A	C	core_destroyed	174
2026-08-12T06:40:40Z	GUNSEAT	4919	fjordgate	42307	B	C	core_destroyed	124
2026-08-12T06:40:48Z	GUNSEAT	4920	heart	42307	A	C	core_destroyed	482
2026-08-12T06:40:51Z	GUNSEAT	4921	heart	42307	B	C	core_destroyed	163
2026-08-12T06:40:57Z	GUNSEAT	4922	hive	42307	A	T	core_destroyed	382
2026-08-12T06:41:05Z	GUNSEAT	4923	hive	42307	B	T	core_destroyed	646
2026-08-12T06:41:08Z	GUNSEAT	4924	meander	42307	A	T	tiebreak	1000
2026-08-12T06:41:10Z	GUNSEAT	4925	meander	42307	B	C	core_destroyed	161
2026-08-12T06:41:12Z	GUNSEAT	4926	nordkap	42307	A	T	core_destroyed	154
2026-08-12T06:41:14Z	GUNSEAT	4927	nordkap	42307	B	C	core_destroyed	244
2026-08-12T06:41:17Z	GUNSEAT	4928	antler	42308	A	T	core_destroyed	239
2026-08-12T06:41:18Z	GUNSEAT	4929	antler	42308	B	T	core_destroyed	158
2026-08-12T06:41:26Z	GUNSEAT	4930	atoll	42308	A	C	core_destroyed	728
2026-08-12T06:41:32Z	GUNSEAT	4931	atoll	42308	B	T	core_destroyed	428
2026-08-12T06:41:34Z	GUNSEAT	4932	drumlin	42308	A	C	core_destroyed	153
2026-08-12T06:41:38Z	GUNSEAT	4933	drumlin	42308	B	T	core_destroyed	339
2026-08-12T06:41:39Z	GUNSEAT	4934	fjordgate	42308	A	T	core_destroyed	137
2026-08-12T06:41:41Z	GUNSEAT	4935	fjordgate	42308	B	T	core_destroyed	168
2026-08-12T06:41:45Z	GUNSEAT	4936	heart	42308	A	C	core_destroyed	596
2026-08-12T06:41:50Z	GUNSEAT	4937	heart	42308	B	T	core_destroyed	305
2026-08-12T06:41:55Z	GUNSEAT	4938	hive	42308	A	C	core_destroyed	313
2026-08-12T06:41:59Z	GUNSEAT	4939	hive	42308	B	C	core_destroyed	264
2026-08-12T06:42:01Z	GUNSEAT	4940	meander	42308	A	C	core_destroyed	206
2026-08-12T06:42:02Z	GUNSEAT	4941	meander	42308	B	C	core_destroyed	158
2026-08-12T06:42:04Z	GUNSEAT	4942	nordkap	42308	A	C	core_destroyed	159
2026-08-12T06:42:06Z	GUNSEAT	4943	nordkap	42308	B	C	core_destroyed	223
2026-08-12T06:42:08Z	GUNSEAT	4944	antler	42309	A	T	core_destroyed	121
2026-08-12T06:42:10Z	GUNSEAT	4945	antler	42309	B	C	core_destroyed	242
2026-08-12T06:42:12Z	GUNSEAT	4946	atoll	42309	A	T	core_destroyed	215
2026-08-12T06:42:13Z	GUNSEAT	4947	atoll	42309	B	T	core_destroyed	121
2026-08-12T06:42:15Z	GUNSEAT	4948	drumlin	42309	A	T	core_destroyed	247
2026-08-12T06:42:18Z	GUNSEAT	4949	drumlin	42309	B	C	core_destroyed	198
2026-08-12T06:42:19Z	GUNSEAT	4950	fjordgate	42309	A	T	core_destroyed	233
2026-08-12T06:42:20Z	GUNSEAT	4951	fjordgate	42309	B	T	core_destroyed	132
2026-08-12T06:42:24Z	GUNSEAT	4952	heart	42309	A	C	core_destroyed	285
2026-08-12T06:42:27Z	GUNSEAT	4953	heart	42309	B	C	core_destroyed	321
2026-08-12T06:42:33Z	GUNSEAT	4954	hive	42309	A	T	core_destroyed	362
2026-08-12T06:42:37Z	GUNSEAT	4955	hive	42309	B	C	core_destroyed	270
2026-08-12T06:42:39Z	GUNSEAT	4956	meander	42309	A	T	core_destroyed	255
2026-08-12T06:42:41Z	GUNSEAT	4957	meander	42309	B	T	core_destroyed	128
2026-08-12T06:42:42Z	GUNSEAT	4958	nordkap	42309	A	T	core_destroyed	106
2026-08-12T06:42:44Z	GUNSEAT	4959	nordkap	42309	B	T	core_destroyed	245
2026-08-12T06:42:45Z	GUNSEAT	4960	antler	42310	A	C	core_destroyed	308
2026-08-12T06:42:49Z	GUNSEAT	4961	antler	42310	B	T	core_destroyed	364
2026-08-12T06:42:50Z	GUNSEAT	4962	atoll	42310	A	T	core_destroyed	168
2026-08-12T06:42:53Z	GUNSEAT	4963	atoll	42310	B	C	core_destroyed	269
2026-08-12T06:42:59Z	GUNSEAT	4964	drumlin	42310	A	T	core_destroyed	399
2026-08-12T06:43:00Z	GUNSEAT	4965	drumlin	42310	B	T	core_destroyed	104
2026-08-12T06:43:02Z	GUNSEAT	4966	fjordgate	42310	A	T	core_destroyed	239
2026-08-12T06:43:07Z	GUNSEAT	4967	fjordgate	42310	B	C	core_destroyed	936
2026-08-12T06:43:09Z	GUNSEAT	4968	heart	42310	A	T	core_destroyed	171
2026-08-12T06:43:13Z	GUNSEAT	4969	heart	42310	B	T	core_destroyed	315
2026-08-12T06:43:18Z	GUNSEAT	4970	hive	42310	A	C	core_destroyed	400
2026-08-12T06:43:21Z	GUNSEAT	4971	hive	42310	B	T	core_destroyed	188
2026-08-12T06:43:24Z	GUNSEAT	4972	meander	42310	A	T	core_destroyed	258
2026-08-12T06:43:25Z	GUNSEAT	4973	meander	42310	B	C	tiebreak	191
2026-08-12T06:43:28Z	GUNSEAT	4974	nordkap	42310	A	C	core_destroyed	305
2026-08-12T06:43:29Z	GUNSEAT	4975	nordkap	42310	B	C	core_destroyed	130
2026-08-12T06:43:32Z	GUNSEAT	4976	antler	42311	A	T	core_destroyed	297
2026-08-12T06:43:35Z	GUNSEAT	4977	antler	42311	B	T	core_destroyed	211
2026-08-12T06:43:43Z	GUNSEAT	4978	atoll	42311	A	C	tiebreak	1000
2026-08-12T06:43:45Z	GUNSEAT	4979	atoll	42311	B	T	core_destroyed	128
2026-08-12T06:43:47Z	GUNSEAT	4980	drumlin	42311	A	C	core_destroyed	233
2026-08-12T06:43:49Z	GUNSEAT	4981	drumlin	42311	B	T	core_destroyed	184
2026-08-12T06:43:51Z	GUNSEAT	4982	fjordgate	42311	A	T	core_destroyed	121
2026-08-12T06:43:52Z	GUNSEAT	4983	fjordgate	42311	B	T	core_destroyed	170
2026-08-12T06:43:54Z	GUNSEAT	4984	heart	42311	A	T	core_destroyed	159
2026-08-12T06:43:58Z	GUNSEAT	4985	heart	42311	B	C	core_destroyed	167
2026-08-12T06:43:59Z	GUNSEAT	4986	hive	42311	A	T	core_destroyed	132
2026-08-12T06:44:01Z	GUNSEAT	4987	hive	42311	B	C	core_destroyed	178
2026-08-12T06:44:03Z	GUNSEAT	4988	meander	42311	A	C	core_destroyed	164
2026-08-12T06:44:05Z	GUNSEAT	4989	meander	42311	B	C	core_destroyed	161
2026-08-12T06:44:08Z	GUNSEAT	4990	nordkap	42311	A	T	core_destroyed	333
2026-08-12T06:44:10Z	GUNSEAT	4991	nordkap	42311	B	C	core_destroyed	220
2026-08-12T06:44:12Z	GUNSEAT	4992	antler	42312	A	C	core_destroyed	153
2026-08-12T06:44:13Z	GUNSEAT	4993	antler	42312	B	C	core_destroyed	113
2026-08-12T06:44:17Z	GUNSEAT	4994	atoll	42312	A	C	core_destroyed	289
2026-08-12T06:44:19Z	GUNSEAT	4995	atoll	42312	B	C	core_destroyed	328
2026-08-12T06:44:22Z	GUNSEAT	4996	drumlin	42312	A	T	core_destroyed	280
2026-08-12T06:44:24Z	GUNSEAT	4997	drumlin	42312	B	T	core_destroyed	129
2026-08-12T06:44:25Z	GUNSEAT	4998	fjordgate	42312	A	C	core_destroyed	283
2026-08-12T06:44:27Z	GUNSEAT	4999	fjordgate	42312	B	T	core_destroyed	134
2026-08-12T06:44:30Z	GUNSEAT	5000	heart	42312	A	C	core_destroyed	180
2026-08-12T06:44:33Z	GUNSEAT	5001	heart	42312	B	C	core_destroyed	290
2026-08-12T06:44:40Z	GUNSEAT	5002	hive	42312	A	C	core_destroyed	480
2026-08-12T06:44:44Z	GUNSEAT	5003	hive	42312	B	T	core_destroyed	229
2026-08-12T06:44:46Z	GUNSEAT	5004	meander	42312	A	C	core_destroyed	390
2026-08-12T06:44:49Z	GUNSEAT	5005	meander	42312	B	C	core_destroyed	344
2026-08-12T06:44:51Z	GUNSEAT	5006	nordkap	42312	A	T	core_destroyed	222
2026-08-12T06:44:52Z	GUNSEAT	5007	nordkap	42312	B	T	core_destroyed	156
2026-08-12T06:44:53Z	GUNSEAT	5008	antler	42313	A	T	core_destroyed	162
2026-08-12T06:44:55Z	GUNSEAT	5009	antler	42313	B	C	core_destroyed	194
2026-08-12T06:44:57Z	GUNSEAT	5010	atoll	42313	A	T	core_destroyed	236
2026-08-12T06:44:59Z	GUNSEAT	5011	atoll	42313	B	T	core_destroyed	293
2026-08-12T06:45:01Z	GUNSEAT	5012	drumlin	42313	A	T	core_destroyed	152
2026-08-12T06:45:02Z	GUNSEAT	5013	drumlin	42313	B	C	core_destroyed	248
2026-08-12T06:45:04Z	GUNSEAT	5014	fjordgate	42313	A	C	core_destroyed	384
2026-08-12T06:45:06Z	GUNSEAT	5015	fjordgate	42313	B	T	core_destroyed	153
2026-08-12T06:45:08Z	GUNSEAT	5016	heart	42313	A	T	core_destroyed	160
2026-08-12T06:45:12Z	GUNSEAT	5017	heart	42313	B	T	core_destroyed	313
2026-08-12T06:45:15Z	GUNSEAT	5018	hive	42313	A	C	core_destroyed	211
2026-08-12T06:45:17Z	GUNSEAT	5019	hive	42313	B	T	core_destroyed	107
2026-08-12T06:45:18Z	GUNSEAT	5020	meander	42313	A	T	core_destroyed	120
2026-08-12T06:45:20Z	GUNSEAT	5021	meander	42313	B	C	tiebreak	158
2026-08-12T06:45:22Z	GUNSEAT	5022	nordkap	42313	A	C	core_destroyed	253
2026-08-12T06:45:24Z	GUNSEAT	5023	nordkap	42313	B	C	core_destroyed	237
2026-08-12T06:45:27Z	GUNSEAT	5024	antler	42314	A	T	core_destroyed	251
2026-08-12T06:45:29Z	GUNSEAT	5025	antler	42314	B	C	core_destroyed	193
2026-08-12T06:45:31Z	GUNSEAT	5026	atoll	42314	A	T	core_destroyed	168
2026-08-12T06:45:36Z	GUNSEAT	5027	atoll	42314	B	T	core_destroyed	441
2026-08-12T06:45:37Z	GUNSEAT	5028	drumlin	42314	A	C	core_destroyed	126
2026-08-12T06:45:40Z	GUNSEAT	5029	drumlin	42314	B	T	core_destroyed	274
2026-08-12T06:45:41Z	GUNSEAT	5030	fjordgate	42314	A	T	core_destroyed	108
2026-08-12T06:45:44Z	GUNSEAT	5031	fjordgate	42314	B	C	core_destroyed	347
2026-08-12T06:45:46Z	GUNSEAT	5032	heart	42314	A	T	core_destroyed	211
2026-08-12T06:45:48Z	GUNSEAT	5033	heart	42314	B	C	core_destroyed	143
2026-08-12T06:45:53Z	GUNSEAT	5034	hive	42314	A	C	core_destroyed	256
2026-08-12T06:45:55Z	GUNSEAT	5035	hive	42314	B	T	core_destroyed	222
2026-08-12T06:45:57Z	GUNSEAT	5036	meander	42314	A	T	core_destroyed	169
2026-08-12T06:45:58Z	GUNSEAT	5037	meander	42314	B	C	core_destroyed	144
2026-08-12T06:46:04Z	GUNSEAT	5038	nordkap	42314	A	T	core_destroyed	417
2026-08-12T06:46:07Z	GUNSEAT	5039	nordkap	42314	B	C	core_destroyed	245
2026-08-12T06:46:09Z	GUNSEAT	5040	antler	42315	A	T	core_destroyed	174
2026-08-12T06:46:10Z	GUNSEAT	5041	antler	42315	B	T	core_destroyed	280
2026-08-12T06:46:13Z	GUNSEAT	5042	atoll	42315	A	T	core_destroyed	183
2026-08-12T06:46:14Z	GUNSEAT	5043	atoll	42315	B	T	core_destroyed	87
2026-08-12T06:46:16Z	GUNSEAT	5044	drumlin	42315	A	T	core_destroyed	147
2026-08-12T06:46:18Z	GUNSEAT	5045	drumlin	42315	B	C	core_destroyed	250
2026-08-12T06:46:20Z	GUNSEAT	5046	fjordgate	42315	A	C	core_destroyed	393
2026-08-12T06:46:24Z	GUNSEAT	5047	fjordgate	42315	B	C	tiebreak	1000
2026-08-12T06:46:29Z	GUNSEAT	5048	heart	42315	A	C	core_destroyed	223
2026-08-12T06:46:35Z	GUNSEAT	5049	heart	42315	B	T	core_destroyed	278
2026-08-12T06:46:37Z	GUNSEAT	5050	hive	42315	A	T	core_destroyed	180
2026-08-12T06:46:40Z	GUNSEAT	5051	hive	42315	B	C	core_destroyed	171
2026-08-12T06:46:43Z	GUNSEAT	5052	meander	42315	A	C	core_destroyed	339
2026-08-12T06:46:46Z	GUNSEAT	5053	meander	42315	B	T	core_destroyed	256
2026-08-12T06:46:50Z	GUNSEAT	5054	nordkap	42315	A	C	core_destroyed	419
2026-08-12T06:46:52Z	GUNSEAT	5055	nordkap	42315	B	C	core_destroyed	202
2026-08-12T06:46:54Z	GUNSEAT	5056	antler	42316	A	T	core_destroyed	206
2026-08-12T06:46:56Z	GUNSEAT	5057	antler	42316	B	C	core_destroyed	130
2026-08-12T06:46:58Z	GUNSEAT	5058	atoll	42316	A	T	core_destroyed	148
2026-08-12T06:47:01Z	GUNSEAT	5059	atoll	42316	B	C	core_destroyed	350
2026-08-12T06:47:03Z	GUNSEAT	5060	drumlin	42316	A	T	core_destroyed	146
2026-08-12T06:47:08Z	GUNSEAT	5061	drumlin	42316	B	C	core_destroyed	439
2026-08-12T06:47:11Z	GUNSEAT	5062	fjordgate	42316	A	T	tiebreak	1000
2026-08-12T06:47:12Z	GUNSEAT	5063	fjordgate	42316	B	T	core_destroyed	109
2026-08-12T06:47:16Z	GUNSEAT	5064	heart	42316	A	T	core_destroyed	156
2026-08-12T06:47:19Z	GUNSEAT	5065	heart	42316	B	T	core_destroyed	136
2026-08-12T06:47:24Z	GUNSEAT	5066	hive	42316	A	T	core_destroyed	420
2026-08-12T06:47:27Z	GUNSEAT	5067	hive	42316	B	C	core_destroyed	153
2026-08-12T06:47:29Z	GUNSEAT	5068	meander	42316	A	T	core_destroyed	185
2026-08-12T06:47:31Z	GUNSEAT	5069	meander	42316	B	T	core_destroyed	129
2026-08-12T06:47:34Z	GUNSEAT	5070	nordkap	42316	A	C	core_destroyed	280
2026-08-12T06:47:36Z	GUNSEAT	5071	nordkap	42316	B	C	core_destroyed	179
2026-08-12T06:47:37Z	GUNSEAT	5072	antler	42317	A	T	core_destroyed	162
2026-08-12T06:47:39Z	GUNSEAT	5073	antler	42317	B	C	core_destroyed	127
2026-08-12T06:47:41Z	GUNSEAT	5074	atoll	42317	A	C	core_destroyed	182
2026-08-12T06:47:42Z	GUNSEAT	5075	atoll	42317	B	C	core_destroyed	204
2026-08-12T06:47:47Z	GUNSEAT	5076	drumlin	42317	A	T	tiebreak	1000
2026-08-12T06:47:53Z	GUNSEAT	5077	drumlin	42317	B	C	core_destroyed	534
2026-08-12T06:47:56Z	GUNSEAT	5078	fjordgate	42317	A	C	core_destroyed	298
2026-08-12T06:47:57Z	GUNSEAT	5079	fjordgate	42317	B	T	core_destroyed	127
2026-08-12T06:48:00Z	GUNSEAT	5080	heart	42317	A	T	core_destroyed	220
2026-08-12T06:48:08Z	GUNSEAT	5081	heart	42317	B	C	core_destroyed	857
2026-08-12T06:48:15Z	GUNSEAT	5082	hive	42317	A	T	core_destroyed	384
2026-08-12T06:48:17Z	GUNSEAT	5083	hive	42317	B	C	core_destroyed	96
2026-08-12T06:48:19Z	GUNSEAT	5084	meander	42317	A	T	core_destroyed	218
2026-08-12T06:48:21Z	GUNSEAT	5085	meander	42317	B	T	core_destroyed	243
2026-08-12T06:48:23Z	GUNSEAT	5086	nordkap	42317	A	C	core_destroyed	193
2026-08-12T06:48:25Z	GUNSEAT	5087	nordkap	42317	B	T	core_destroyed	156
2026-08-12T06:48:28Z	GUNSEAT	5088	antler	42318	A	T	core_destroyed	322
2026-08-12T06:48:31Z	GUNSEAT	5089	antler	42318	B	C	core_destroyed	224
2026-08-12T06:48:33Z	GUNSEAT	5090	atoll	42318	A	C	core_destroyed	223
2026-08-12T06:48:37Z	GUNSEAT	5091	atoll	42318	B	T	core_destroyed	300
2026-08-12T06:48:42Z	GUNSEAT	5092	drumlin	42318	A	T	core_destroyed	286
2026-08-12T06:48:47Z	GUNSEAT	5093	drumlin	42318	B	C	core_destroyed	495
2026-08-12T06:48:48Z	GUNSEAT	5094	fjordgate	42318	A	T	core_destroyed	157
2026-08-12T06:48:49Z	GUNSEAT	5095	fjordgate	42318	B	C	core_destroyed	91
2026-08-12T06:48:53Z	GUNSEAT	5096	heart	42318	A	C	core_destroyed	262
2026-08-12T06:48:55Z	GUNSEAT	5097	heart	42318	B	T	core_destroyed	150
2026-08-12T06:49:00Z	GUNSEAT	5098	hive	42318	A	C	core_destroyed	327
2026-08-12T06:49:03Z	GUNSEAT	5099	hive	42318	B	C	core_destroyed	217
2026-08-12T06:49:04Z	GUNSEAT	5100	meander	42318	A	T	core_destroyed	188
2026-08-12T06:49:06Z	GUNSEAT	5101	meander	42318	B	C	core_destroyed	128
2026-08-12T06:49:08Z	GUNSEAT	5102	nordkap	42318	A	C	core_destroyed	218
2026-08-12T06:49:10Z	GUNSEAT	5103	nordkap	42318	B	C	core_destroyed	118
2026-08-12T06:49:13Z	GUNSEAT	5104	antler	42319	A	C	core_destroyed	386
2026-08-12T06:49:14Z	GUNSEAT	5105	antler	42319	B	T	core_destroyed	294
2026-08-12T06:49:18Z	GUNSEAT	5106	atoll	42319	A	T	core_destroyed	776
2026-08-12T06:49:23Z	GUNSEAT	5107	atoll	42319	B	C	core_destroyed	693
2026-08-12T06:49:28Z	GUNSEAT	5108	drumlin	42319	A	C	core_destroyed	424
2026-08-12T06:49:29Z	GUNSEAT	5109	drumlin	42319	B	C	core_destroyed	100
2026-08-12T06:49:30Z	GUNSEAT	5110	fjordgate	42319	A	C	core_destroyed	137
2026-08-12T06:49:32Z	GUNSEAT	5111	fjordgate	42319	B	T	core_destroyed	154
2026-08-12T06:49:35Z	GUNSEAT	5112	heart	42319	A	T	core_destroyed	218
2026-08-12T06:49:41Z	GUNSEAT	5113	heart	42319	B	C	core_destroyed	649
2026-08-12T06:49:44Z	GUNSEAT	5114	hive	42319	A	C	core_destroyed	197
2026-08-12T06:49:51Z	GUNSEAT	5115	hive	42319	B	T	core_destroyed	382
2026-08-12T06:49:52Z	GUNSEAT	5116	meander	42319	A	C	core_destroyed	130
2026-08-12T06:49:55Z	GUNSEAT	5117	meander	42319	B	C	tiebreak	1000
2026-08-12T06:49:56Z	GUNSEAT	5118	nordkap	42319	A	T	core_destroyed	116
2026-08-12T06:49:59Z	GUNSEAT	5119	nordkap	42319	B	T	core_destroyed	226
2026-08-12T06:50:01Z	GUNSEAT	5120	antler	42320	A	C	core_destroyed	188
2026-08-12T06:50:07Z	GUNSEAT	5121	antler	42320	B	C	core_destroyed	784
2026-08-12T06:50:09Z	GUNSEAT	5122	atoll	42320	A	T	core_destroyed	284
2026-08-12T06:50:11Z	GUNSEAT	5123	atoll	42320	B	T	core_destroyed	152
2026-08-12T06:50:15Z	GUNSEAT	5124	drumlin	42320	A	T	core_destroyed	299
2026-08-12T06:50:17Z	GUNSEAT	5125	drumlin	42320	B	T	core_destroyed	115
2026-08-12T06:50:18Z	GUNSEAT	5126	fjordgate	42320	A	T	core_destroyed	178
2026-08-12T06:50:20Z	GUNSEAT	5127	fjordgate	42320	B	C	core_destroyed	134
2026-08-12T06:50:23Z	GUNSEAT	5128	heart	42320	A	T	core_destroyed	280
2026-08-12T06:50:26Z	GUNSEAT	5129	heart	42320	B	T	core_destroyed	190
2026-08-12T06:50:29Z	GUNSEAT	5130	hive	42320	A	T	core_destroyed	219
2026-08-12T06:50:32Z	GUNSEAT	5131	hive	42320	B	C	core_destroyed	237
2026-08-12T06:50:33Z	GUNSEAT	5132	meander	42320	A	T	core_destroyed	138
2026-08-12T06:50:35Z	GUNSEAT	5133	meander	42320	B	C	core_destroyed	169
2026-08-12T06:50:38Z	GUNSEAT	5134	nordkap	42320	A	C	core_destroyed	252
2026-08-12T06:50:41Z	GUNSEAT	5135	nordkap	42320	B	T	core_destroyed	206
2026-08-12T06:50:42Z	GUNSEAT	5136	antler	42321	A	C	core_destroyed	115
2026-08-12T06:50:45Z	GUNSEAT	5137	antler	42321	B	T	core_destroyed	276
2026-08-12T06:50:47Z	GUNSEAT	5138	atoll	42321	A	C	core_destroyed	135
2026-08-12T06:50:49Z	GUNSEAT	5139	atoll	42321	B	T	core_destroyed	176
2026-08-12T06:50:51Z	GUNSEAT	5140	drumlin	42321	A	T	core_destroyed	129
2026-08-12T06:50:55Z	GUNSEAT	5141	drumlin	42321	B	C	core_destroyed	339
2026-08-12T06:50:57Z	GUNSEAT	5142	fjordgate	42321	A	C	core_destroyed	170
2026-08-12T06:50:59Z	GUNSEAT	5143	fjordgate	42321	B	T	core_destroyed	426
2026-08-12T06:51:04Z	GUNSEAT	5144	heart	42321	A	C	core_destroyed	602
2026-08-12T06:51:09Z	GUNSEAT	5145	heart	42321	B	T	core_destroyed	230
2026-08-12T06:51:17Z	GUNSEAT	5146	hive	42321	A	T	core_destroyed	447
2026-08-12T06:51:20Z	GUNSEAT	5147	hive	42321	B	T	core_destroyed	239
2026-08-12T06:51:23Z	GUNSEAT	5148	meander	42321	A	T	core_destroyed	244
2026-08-12T06:51:24Z	GUNSEAT	5149	meander	42321	B	T	core_destroyed	174
2026-08-12T06:51:27Z	GUNSEAT	5150	nordkap	42321	A	C	core_destroyed	305
2026-08-12T06:51:29Z	GUNSEAT	5151	nordkap	42321	B	T	core_destroyed	109
2026-08-12T06:51:32Z	GUNSEAT	5152	antler	42322	A	T	core_destroyed	550
2026-08-12T06:51:33Z	GUNSEAT	5153	antler	42322	B	C	core_destroyed	80
2026-08-12T06:51:39Z	GUNSEAT	5154	atoll	42322	A	T	core_destroyed	855
2026-08-12T06:51:41Z	GUNSEAT	5155	atoll	42322	B	C	core_destroyed	226
2026-08-12T06:51:43Z	GUNSEAT	5156	drumlin	42322	A	T	core_destroyed	217
2026-08-12T06:51:44Z	GUNSEAT	5157	drumlin	42322	B	C	core_destroyed	111
2026-08-12T06:51:45Z	GUNSEAT	5158	fjordgate	42322	A	T	core_destroyed	104
2026-08-12T06:51:47Z	GUNSEAT	5159	fjordgate	42322	B	C	core_destroyed	142
2026-08-12T06:51:48Z	GUNSEAT	5160	heart	42322	A	C	core_destroyed	155
2026-08-12T06:51:51Z	GUNSEAT	5161	heart	42322	B	T	core_destroyed	142
2026-08-12T06:51:56Z	GUNSEAT	5162	hive	42322	A	T	core_destroyed	361
2026-08-12T06:51:59Z	GUNSEAT	5163	hive	42322	B	T	core_destroyed	174
2026-08-12T06:52:00Z	GUNSEAT	5164	meander	42322	A	T	core_destroyed	186
2026-08-12T06:52:01Z	GUNSEAT	5165	meander	42322	B	T	core_destroyed	136
2026-08-12T06:52:03Z	GUNSEAT	5166	nordkap	42322	A	T	core_destroyed	165
2026-08-12T06:52:05Z	GUNSEAT	5167	nordkap	42322	B	T	core_destroyed	209
2026-08-12T06:52:08Z	GUNSEAT	5168	antler	42323	A	T	core_destroyed	377
2026-08-12T06:52:09Z	GUNSEAT	5169	antler	42323	B	C	core_destroyed	193
2026-08-12T06:52:12Z	GUNSEAT	5170	atoll	42323	A	C	core_destroyed	431
2026-08-12T06:52:14Z	GUNSEAT	5171	atoll	42323	B	T	core_destroyed	355
2026-08-12T06:52:19Z	GUNSEAT	5172	drumlin	42323	A	T	core_destroyed	390
2026-08-12T06:52:21Z	GUNSEAT	5173	drumlin	42323	B	C	core_destroyed	120
2026-08-12T06:52:22Z	GUNSEAT	5174	fjordgate	42323	A	T	core_destroyed	127
2026-08-12T06:52:24Z	GUNSEAT	5175	fjordgate	42323	B	T	core_destroyed	290
2026-08-12T06:52:27Z	GUNSEAT	5176	heart	42323	A	T	core_destroyed	158
2026-08-12T06:52:38Z	GUNSEAT	5177	heart	42323	B	T	tiebreak	1000
2026-08-12T06:52:41Z	GUNSEAT	5178	hive	42323	A	C	core_destroyed	271
2026-08-12T06:52:45Z	GUNSEAT	5179	hive	42323	B	T	core_destroyed	265
2026-08-12T06:52:47Z	GUNSEAT	5180	meander	42323	A	C	core_destroyed	205
2026-08-12T06:52:48Z	GUNSEAT	5181	meander	42323	B	C	core_destroyed	86
2026-08-12T06:52:51Z	GUNSEAT	5182	nordkap	42323	A	C	core_destroyed	304
2026-08-12T06:52:52Z	GUNSEAT	5183	nordkap	42323	B	C	core_destroyed	178
2026-08-12T06:52:55Z	GUNSEAT	5184	antler	42324	A	T	core_destroyed	250
2026-08-12T06:52:57Z	GUNSEAT	5185	antler	42324	B	C	core_destroyed	278
2026-08-12T06:53:00Z	GUNSEAT	5186	atoll	42324	A	T	core_destroyed	449
2026-08-12T06:53:03Z	GUNSEAT	5187	atoll	42324	B	T	core_destroyed	406
2026-08-12T06:53:06Z	GUNSEAT	5188	drumlin	42324	A	T	core_destroyed	176
2026-08-12T06:53:09Z	GUNSEAT	5189	drumlin	42324	B	C	core_destroyed	272
2026-08-12T06:53:11Z	GUNSEAT	5190	fjordgate	42324	A	C	core_destroyed	342
2026-08-12T06:53:13Z	GUNSEAT	5191	fjordgate	42324	B	C	core_destroyed	185
2026-08-12T06:53:18Z	GUNSEAT	5192	heart	42324	A	C	core_destroyed	363
2026-08-12T06:53:20Z	GUNSEAT	5193	heart	42324	B	C	core_destroyed	103
2026-08-12T06:53:26Z	GUNSEAT	5194	hive	42324	A	C	core_destroyed	386
2026-08-12T06:53:28Z	GUNSEAT	5195	hive	42324	B	C	core_destroyed	135
2026-08-12T06:53:30Z	GUNSEAT	5196	meander	42324	A	C	core_destroyed	161
2026-08-12T06:53:31Z	GUNSEAT	5197	meander	42324	B	C	core_destroyed	104
2026-08-12T06:53:33Z	GUNSEAT	5198	nordkap	42324	A	T	core_destroyed	104
2026-08-12T06:53:35Z	GUNSEAT	5199	nordkap	42324	B	C	core_destroyed	183
2026-08-12T06:53:36Z	GUNSEAT	5200	antler	42325	A	T	core_destroyed	129
2026-08-12T06:53:39Z	GUNSEAT	5201	antler	42325	B	C	core_destroyed	223
2026-08-12T06:53:41Z	GUNSEAT	5202	atoll	42325	A	C	core_destroyed	332
2026-08-12T06:53:44Z	GUNSEAT	5203	atoll	42325	B	T	core_destroyed	257
2026-08-12T06:53:47Z	GUNSEAT	5204	drumlin	42325	A	T	core_destroyed	256
2026-08-12T06:53:49Z	GUNSEAT	5205	drumlin	42325	B	C	core_destroyed	192
2026-08-12T06:53:50Z	GUNSEAT	5206	fjordgate	42325	A	C	core_destroyed	202
2026-08-12T06:53:53Z	GUNSEAT	5207	fjordgate	42325	B	C	core_destroyed	154
2026-08-12T06:53:55Z	GUNSEAT	5208	heart	42325	A	T	core_destroyed	142
2026-08-12T06:53:57Z	GUNSEAT	5209	heart	42325	B	C	core_destroyed	136
2026-08-12T06:54:01Z	GUNSEAT	5210	hive	42325	A	T	core_destroyed	202
2026-08-12T06:54:03Z	GUNSEAT	5211	hive	42325	B	C	core_destroyed	101
2026-08-12T06:54:05Z	GUNSEAT	5212	meander	42325	A	C	core_destroyed	143
2026-08-12T06:54:07Z	GUNSEAT	5213	meander	42325	B	T	core_destroyed	210
2026-08-12T06:54:09Z	GUNSEAT	5214	nordkap	42325	A	C	core_destroyed	214
2026-08-12T06:54:11Z	GUNSEAT	5215	nordkap	42325	B	T	core_destroyed	173
2026-08-12T06:54:14Z	GUNSEAT	5216	antler	42326	A	T	core_destroyed	236
2026-08-12T06:54:16Z	GUNSEAT	5217	antler	42326	B	C	core_destroyed	164
2026-08-12T06:54:19Z	GUNSEAT	5218	atoll	42326	A	C	core_destroyed	316
2026-08-12T06:54:25Z	GUNSEAT	5219	atoll	42326	B	T	core_destroyed	466
2026-08-12T06:54:27Z	GUNSEAT	5220	drumlin	42326	A	T	core_destroyed	218
2026-08-12T06:54:29Z	GUNSEAT	5221	drumlin	42326	B	C	core_destroyed	218
2026-08-12T06:54:32Z	GUNSEAT	5222	fjordgate	42326	A	C	core_destroyed	328
2026-08-12T06:54:33Z	GUNSEAT	5223	fjordgate	42326	B	C	core_destroyed	136
2026-08-12T06:54:35Z	GUNSEAT	5224	heart	42326	A	C	core_destroyed	182
2026-08-12T06:54:37Z	GUNSEAT	5225	heart	42326	B	T	core_destroyed	115
2026-08-12T06:54:40Z	GUNSEAT	5226	hive	42326	A	T	core_destroyed	215
2026-08-12T06:54:48Z	GUNSEAT	5227	hive	42326	B	C	core_destroyed	479
2026-08-12T06:54:49Z	GUNSEAT	5228	meander	42326	A	T	core_destroyed	120
2026-08-12T06:54:51Z	GUNSEAT	5229	meander	42326	B	T	core_destroyed	141
2026-08-12T06:54:52Z	GUNSEAT	5230	nordkap	42326	A	C	core_destroyed	144
2026-08-12T06:54:55Z	GUNSEAT	5231	nordkap	42326	B	T	core_destroyed	216
2026-08-12T06:54:57Z	GUNSEAT	5232	antler	42327	A	C	core_destroyed	196
2026-08-12T06:54:58Z	GUNSEAT	5233	antler	42327	B	C	core_destroyed	123
2026-08-12T06:55:00Z	GUNSEAT	5234	atoll	42327	A	C	core_destroyed	99
2026-08-12T06:55:01Z	GUNSEAT	5235	atoll	42327	B	T	core_destroyed	149
2026-08-12T06:55:04Z	GUNSEAT	5236	drumlin	42327	A	T	core_destroyed	207
2026-08-12T06:55:06Z	GUNSEAT	5237	drumlin	42327	B	T	core_destroyed	192
2026-08-12T06:55:08Z	GUNSEAT	5238	fjordgate	42327	A	C	core_destroyed	156
2026-08-12T06:55:09Z	GUNSEAT	5239	fjordgate	42327	B	T	core_destroyed	213
2026-08-12T06:55:12Z	GUNSEAT	5240	heart	42327	A	C	core_destroyed	143
2026-08-12T06:55:14Z	GUNSEAT	5241	heart	42327	B	C	core_destroyed	151
2026-08-12T06:55:20Z	GUNSEAT	5242	hive	42327	A	T	core_destroyed	323
2026-08-12T06:55:22Z	GUNSEAT	5243	hive	42327	B	T	core_destroyed	115
2026-08-12T06:55:24Z	GUNSEAT	5244	meander	42327	A	T	core_destroyed	161
2026-08-12T06:55:26Z	GUNSEAT	5245	meander	42327	B	C	core_destroyed	249
2026-08-12T06:55:27Z	GUNSEAT	5246	nordkap	42327	A	T	core_destroyed	164
2026-08-12T06:55:29Z	GUNSEAT	5247	nordkap	42327	B	T	core_destroyed	167
2026-08-12T06:55:31Z	GUNSEAT	5248	antler	42328	A	C	core_destroyed	176
2026-08-12T06:55:33Z	GUNSEAT	5249	antler	42328	B	C	core_destroyed	103
2026-08-12T06:55:37Z	GUNSEAT	5250	atoll	42328	A	T	core_destroyed	376
2026-08-12T06:55:39Z	GUNSEAT	5251	atoll	42328	B	C	core_destroyed	167
2026-08-12T06:55:42Z	GUNSEAT	5252	drumlin	42328	A	C	core_destroyed	236
2026-08-12T06:55:44Z	GUNSEAT	5253	drumlin	42328	B	C	core_destroyed	86
2026-08-12T06:55:45Z	GUNSEAT	5254	fjordgate	42328	A	T	core_destroyed	167
2026-08-12T06:55:47Z	GUNSEAT	5255	fjordgate	42328	B	C	core_destroyed	134
2026-08-12T06:55:51Z	GUNSEAT	5256	heart	42328	A	T	core_destroyed	358
2026-08-12T06:55:52Z	GUNSEAT	5257	heart	42328	B	C	core_destroyed	132
2026-08-12T06:55:54Z	GUNSEAT	5258	hive	42328	A	T	core_destroyed	152
2026-08-12T06:55:57Z	GUNSEAT	5259	hive	42328	B	C	core_destroyed	180
2026-08-12T06:55:59Z	GUNSEAT	5260	meander	42328	A	C	core_destroyed	327
2026-08-12T06:56:01Z	GUNSEAT	5261	meander	42328	B	C	core_destroyed	209
2026-08-12T06:56:04Z	GUNSEAT	5262	nordkap	42328	A	T	core_destroyed	441
2026-08-12T06:56:06Z	GUNSEAT	5263	nordkap	42328	B	T	core_destroyed	194
2026-08-12T06:56:08Z	GUNSEAT	5264	antler	42329	A	T	core_destroyed	170
2026-08-12T06:56:10Z	GUNSEAT	5265	antler	42329	B	T	core_destroyed	209
2026-08-12T06:56:12Z	GUNSEAT	5266	atoll	42329	A	T	core_destroyed	186
2026-08-12T06:56:13Z	GUNSEAT	5267	atoll	42329	B	C	core_destroyed	131
2026-08-12T06:56:15Z	GUNSEAT	5268	drumlin	42329	A	C	core_destroyed	162
2026-08-12T06:56:17Z	GUNSEAT	5269	drumlin	42329	B	C	core_destroyed	152
2026-08-12T06:56:21Z	GUNSEAT	5270	fjordgate	42329	A	C	tiebreak	1000
2026-08-12T06:56:23Z	GUNSEAT	5271	fjordgate	42329	B	C	core_destroyed	347
2026-08-12T06:56:31Z	GUNSEAT	5272	heart	42329	A	C	core_destroyed	329
2026-08-12T06:56:33Z	GUNSEAT	5273	heart	42329	B	C	core_destroyed	111
2026-08-12T06:56:43Z	GUNSEAT	5274	hive	42329	A	C	core_destroyed	599
2026-08-12T06:56:44Z	GUNSEAT	5275	hive	42329	B	C	core_destroyed	111
2026-08-12T06:56:46Z	GUNSEAT	5276	meander	42329	A	C	core_destroyed	172
2026-08-12T06:56:49Z	GUNSEAT	5277	meander	42329	B	T	core_destroyed	236
2026-08-12T06:56:50Z	GUNSEAT	5278	nordkap	42329	A	C	core_destroyed	174
2026-08-12T06:56:51Z	GUNSEAT	5279	nordkap	42329	B	T	core_destroyed	173
2026-08-12T06:56:53Z	GUNSEAT	5280	antler	42330	A	T	core_destroyed	120
2026-08-12T06:56:56Z	GUNSEAT	5281	antler	42330	B	C	core_destroyed	239
2026-08-12T06:56:57Z	GUNSEAT	5282	atoll	42330	A	T	core_destroyed	132
2026-08-12T06:56:59Z	GUNSEAT	5283	atoll	42330	B	T	core_destroyed	266
2026-08-12T06:57:03Z	GUNSEAT	5284	drumlin	42330	A	C	core_destroyed	274
2026-08-12T06:57:07Z	GUNSEAT	5285	drumlin	42330	B	C	core_destroyed	243
2026-08-12T06:57:08Z	GUNSEAT	5286	fjordgate	42330	A	T	core_destroyed	202
2026-08-12T06:57:09Z	GUNSEAT	5287	fjordgate	42330	B	T	core_destroyed	149
2026-08-12T06:57:13Z	GUNSEAT	5288	heart	42330	A	T	core_destroyed	194
2026-08-12T06:57:15Z	GUNSEAT	5289	heart	42330	B	C	core_destroyed	209
2026-08-12T06:57:18Z	GUNSEAT	5290	hive	42330	A	T	core_destroyed	211
2026-08-12T06:57:22Z	GUNSEAT	5291	hive	42330	B	T	core_destroyed	276
2026-08-12T06:57:23Z	GUNSEAT	5292	meander	42330	A	C	core_destroyed	154
2026-08-12T06:57:25Z	GUNSEAT	5293	meander	42330	B	C	core_destroyed	140
2026-08-12T06:57:27Z	GUNSEAT	5294	nordkap	42330	A	T	core_destroyed	224
2026-08-12T06:57:29Z	GUNSEAT	5295	nordkap	42330	B	C	core_destroyed	264
2026-08-12T06:57:32Z	GUNSEAT	5296	antler	42331	A	T	core_destroyed	192
2026-08-12T06:57:34Z	GUNSEAT	5297	antler	42331	B	C	core_destroyed	204
2026-08-12T06:57:40Z	GUNSEAT	5298	atoll	42331	A	T	core_destroyed	855
2026-08-12T06:57:42Z	GUNSEAT	5299	atoll	42331	B	C	core_destroyed	220
2026-08-12T06:57:44Z	GUNSEAT	5300	drumlin	42331	A	C	core_destroyed	245
2026-08-12T06:57:49Z	GUNSEAT	5301	drumlin	42331	B	T	core_destroyed	300
2026-08-12T06:57:52Z	GUNSEAT	5302	fjordgate	42331	A	T	core_destroyed	666
2026-08-12T06:57:53Z	GUNSEAT	5303	fjordgate	42331	B	T	core_destroyed	160
2026-08-12T06:57:55Z	GUNSEAT	5304	heart	42331	A	T	core_destroyed	226
2026-08-12T06:57:57Z	GUNSEAT	5305	heart	42331	B	C	core_destroyed	213
2026-08-12T06:58:02Z	GUNSEAT	5306	hive	42331	A	C	core_destroyed	307
2026-08-12T06:58:09Z	GUNSEAT	5307	hive	42331	B	C	core_destroyed	488
2026-08-12T06:58:11Z	GUNSEAT	5308	meander	42331	A	T	core_destroyed	244
2026-08-12T06:58:12Z	GUNSEAT	5309	meander	42331	B	T	core_destroyed	140
2026-08-12T06:58:14Z	GUNSEAT	5310	nordkap	42331	A	C	core_destroyed	128
2026-08-12T06:58:17Z	GUNSEAT	5311	nordkap	42331	B	T	core_destroyed	417
2026-08-12T06:58:18Z	GUNSEAT	5312	antler	42332	A	C	core_destroyed	154
2026-08-12T06:58:20Z	GUNSEAT	5313	antler	42332	B	T	core_destroyed	373
2026-08-12T06:58:24Z	GUNSEAT	5314	atoll	42332	A	C	core_destroyed	489
2026-08-12T06:58:26Z	GUNSEAT	5315	atoll	42332	B	C	core_destroyed	424
2026-08-12T06:58:31Z	GUNSEAT	5316	drumlin	42332	A	C	core_destroyed	337
2026-08-12T06:58:33Z	GUNSEAT	5317	drumlin	42332	B	C	core_destroyed	156
2026-08-12T06:58:34Z	GUNSEAT	5318	fjordgate	42332	A	T	core_destroyed	176
2026-08-12T06:58:36Z	GUNSEAT	5319	fjordgate	42332	B	T	core_destroyed	153
2026-08-12T06:58:39Z	GUNSEAT	5320	heart	42332	A	C	core_destroyed	187
2026-08-12T06:58:41Z	GUNSEAT	5321	heart	42332	B	C	core_destroyed	121
2026-08-12T06:58:43Z	GUNSEAT	5322	hive	42332	A	C	core_destroyed	156
2026-08-12T06:58:45Z	GUNSEAT	5323	hive	42332	B	T	core_destroyed	118
2026-08-12T06:58:48Z	GUNSEAT	5324	meander	42332	A	C	core_destroyed	277
2026-08-12T06:58:49Z	GUNSEAT	5325	meander	42332	B	C	core_destroyed	164
2026-08-12T06:58:52Z	GUNSEAT	5326	nordkap	42332	A	T	core_destroyed	317
2026-08-12T06:58:54Z	GUNSEAT	5327	nordkap	42332	B	T	core_destroyed	152
2026-08-12T06:58:56Z	GUNSEAT	5328	antler	42333	A	C	core_destroyed	504
2026-08-12T06:59:00Z	GUNSEAT	5329	antler	42333	B	T	core_destroyed	763
2026-08-12T06:59:03Z	GUNSEAT	5330	atoll	42333	A	T	core_destroyed	359
2026-08-12T06:59:06Z	GUNSEAT	5331	atoll	42333	B	T	core_destroyed	250
2026-08-12T06:59:09Z	GUNSEAT	5332	drumlin	42333	A	C	core_destroyed	242
2026-08-12T06:59:11Z	GUNSEAT	5333	drumlin	42333	B	T	core_destroyed	85
2026-08-12T06:59:12Z	GUNSEAT	5334	fjordgate	42333	A	C	core_destroyed	319
2026-08-12T06:59:14Z	GUNSEAT	5335	fjordgate	42333	B	T	core_destroyed	201
2026-08-12T06:59:16Z	GUNSEAT	5336	heart	42333	A	T	core_destroyed	155
2026-08-12T06:59:18Z	GUNSEAT	5337	heart	42333	B	C	core_destroyed	134
2026-08-12T06:59:20Z	GUNSEAT	5338	hive	42333	A	T	core_destroyed	131
2026-08-12T06:59:24Z	GUNSEAT	5339	hive	42333	B	C	core_destroyed	269
2026-08-12T06:59:26Z	GUNSEAT	5340	meander	42333	A	C	core_destroyed	164
2026-08-12T06:59:28Z	GUNSEAT	5341	meander	42333	B	T	core_destroyed	172
2026-08-12T06:59:30Z	GUNSEAT	5342	nordkap	42333	A	T	core_destroyed	495
2026-08-12T06:59:33Z	GUNSEAT	5343	nordkap	42333	B	C	core_destroyed	222
2026-08-12T06:59:34Z	GUNSEAT	5344	antler	42334	A	T	core_destroyed	138
2026-08-12T06:59:36Z	GUNSEAT	5345	antler	42334	B	C	core_destroyed	99
2026-08-12T06:59:39Z	GUNSEAT	5346	atoll	42334	A	C	tiebreak	1000
2026-08-12T06:59:42Z	GUNSEAT	5347	atoll	42334	B	T	core_destroyed	419
2026-08-12T06:59:43Z	GUNSEAT	5348	drumlin	42334	A	T	core_destroyed	134
2026-08-12T06:59:49Z	GUNSEAT	5349	drumlin	42334	B	T	core_destroyed	423
2026-08-12T06:59:51Z	GUNSEAT	5350	fjordgate	42334	A	T	core_destroyed	162
2026-08-12T06:59:52Z	GUNSEAT	5351	fjordgate	42334	B	C	core_destroyed	198
2026-08-12T06:59:57Z	GUNSEAT	5352	heart	42334	A	C	core_destroyed	298
2026-08-12T07:00:01Z	GUNSEAT	5353	heart	42334	B	C	core_destroyed	383
2026-08-12T07:00:08Z	GUNSEAT	5354	hive	42334	A	T	core_destroyed	467
2026-08-12T07:00:15Z	GUNSEAT	5355	hive	42334	B	T	core_destroyed	421
2026-08-12T07:00:17Z	GUNSEAT	5356	meander	42334	A	C	core_destroyed	268
2026-08-12T07:00:18Z	GUNSEAT	5357	meander	42334	B	C	core_destroyed	178
2026-08-12T07:00:20Z	GUNSEAT	5358	nordkap	42334	A	T	core_destroyed	145
2026-08-12T07:00:22Z	GUNSEAT	5359	nordkap	42334	B	C	core_destroyed	244
2026-08-12T07:00:26Z	GUNSEAT	5360	antler	42335	A	T	core_destroyed	659
2026-08-12T07:00:28Z	GUNSEAT	5361	antler	42335	B	C	core_destroyed	122
2026-08-12T07:00:30Z	GUNSEAT	5362	atoll	42335	A	C	core_destroyed	178
2026-08-12T07:00:35Z	GUNSEAT	5363	atoll	42335	B	T	core_destroyed	411
2026-08-12T07:00:38Z	GUNSEAT	5364	drumlin	42335	A	C	core_destroyed	245
2026-08-12T07:00:42Z	GUNSEAT	5365	drumlin	42335	B	C	core_destroyed	266
2026-08-12T07:00:47Z	GUNSEAT	5366	fjordgate	42335	A	T	tiebreak	1000
2026-08-12T07:00:49Z	GUNSEAT	5367	fjordgate	42335	B	C	core_destroyed	361
2026-08-12T07:00:52Z	GUNSEAT	5368	heart	42335	A	T	core_destroyed	198
2026-08-12T07:00:57Z	GUNSEAT	5369	heart	42335	B	T	core_destroyed	513
2026-08-12T07:00:59Z	GUNSEAT	5370	hive	42335	A	C	core_destroyed	140
2026-08-12T07:01:03Z	GUNSEAT	5371	hive	42335	B	C	core_destroyed	240
2026-08-12T07:01:05Z	GUNSEAT	5372	meander	42335	A	T	core_destroyed	220
2026-08-12T07:01:07Z	GUNSEAT	5373	meander	42335	B	T	core_destroyed	131
2026-08-12T07:01:09Z	GUNSEAT	5374	nordkap	42335	A	C	core_destroyed	160
2026-08-12T07:01:14Z	GUNSEAT	5375	nordkap	42335	B	C	core_destroyed	390
2026-08-12T07:01:15Z	GUNSEAT	5376	antler	42336	A	C	core_destroyed	115
2026-08-12T07:01:17Z	GUNSEAT	5377	antler	42336	B	T	core_destroyed	124
2026-08-12T07:01:18Z	GUNSEAT	5378	atoll	42336	A	C	core_destroyed	112
2026-08-12T07:01:20Z	GUNSEAT	5379	atoll	42336	B	T	core_destroyed	292
2026-08-12T07:01:22Z	GUNSEAT	5380	drumlin	42336	A	C	core_destroyed	95
2026-08-12T07:01:25Z	GUNSEAT	5381	drumlin	42336	B	T	core_destroyed	188
2026-08-12T07:01:27Z	GUNSEAT	5382	fjordgate	42336	A	T	tiebreak	1000
2026-08-12T07:01:29Z	GUNSEAT	5383	fjordgate	42336	B	T	core_destroyed	207
2026-08-12T07:01:31Z	GUNSEAT	5384	heart	42336	A	C	core_destroyed	133
2026-08-12T07:01:33Z	GUNSEAT	5385	heart	42336	B	C	core_destroyed	108
2026-08-12T07:01:36Z	GUNSEAT	5386	hive	42336	A	T	core_destroyed	171
2026-08-12T07:01:39Z	GUNSEAT	5387	hive	42336	B	C	core_destroyed	139
2026-08-12T07:01:41Z	GUNSEAT	5388	meander	42336	A	T	core_destroyed	179
2026-08-12T07:01:43Z	GUNSEAT	5389	meander	42336	B	C	core_destroyed	283
2026-08-12T07:01:45Z	GUNSEAT	5390	nordkap	42336	A	T	core_destroyed	96
2026-08-12T07:01:48Z	GUNSEAT	5391	nordkap	42336	B	T	core_destroyed	296
2026-08-12T07:01:50Z	GUNSEAT	5392	antler	42337	A	T	core_destroyed	198
2026-08-12T07:01:52Z	GUNSEAT	5393	antler	42337	B	T	core_destroyed	163
2026-08-12T07:01:55Z	GUNSEAT	5394	atoll	42337	A	T	core_destroyed	242
2026-08-12T07:02:00Z	GUNSEAT	5395	atoll	42337	B	C	core_destroyed	498
2026-08-12T07:02:05Z	GUNSEAT	5396	drumlin	42337	A	C	core_destroyed	358
2026-08-12T07:02:13Z	GUNSEAT	5397	drumlin	42337	B	C	core_destroyed	670
2026-08-12T07:02:15Z	GUNSEAT	5398	fjordgate	42337	A	T	core_destroyed	193
2026-08-12T07:02:16Z	GUNSEAT	5399	fjordgate	42337	B	T	core_destroyed	127
2026-08-12T07:02:20Z	GUNSEAT	5400	heart	42337	A	C	core_destroyed	241
2026-08-12T07:02:24Z	GUNSEAT	5401	heart	42337	B	T	core_destroyed	223
2026-08-12T07:02:27Z	GUNSEAT	5402	hive	42337	A	C	core_destroyed	319
2026-08-12T07:02:31Z	GUNSEAT	5403	hive	42337	B	T	core_destroyed	290
2026-08-12T07:02:33Z	GUNSEAT	5404	meander	42337	A	T	core_destroyed	177
2026-08-12T07:02:34Z	GUNSEAT	5405	meander	42337	B	T	core_destroyed	146
2026-08-12T07:02:38Z	GUNSEAT	5406	nordkap	42337	A	T	core_destroyed	516
2026-08-12T07:02:40Z	GUNSEAT	5407	nordkap	42337	B	C	core_destroyed	249
