ts	shard	game	map	seed	seat	winner	cond	turns
2026-08-13T00:06:01Z	LAUNCHRES0	0	antler	141000	A	T	core_destroyed	278
2026-08-13T00:06:03Z	LAUNCHRES0	1	antler	141000	B	C	core_destroyed	231
2026-08-13T00:06:04Z	LAUNCHRES0	2	atoll	141000	A	C	core_destroyed	126
2026-08-13T00:06:06Z	LAUNCHRES0	3	atoll	141000	B	C	core_destroyed	211
2026-08-13T00:06:08Z	LAUNCHRES0	4	drumlin	141000	A	C	core_destroyed	168
2026-08-13T00:06:10Z	LAUNCHRES0	5	drumlin	141000	B	C	core_destroyed	189
2026-08-13T00:06:11Z	LAUNCHRES0	6	fjordgate	141000	A	C	core_destroyed	186
2026-08-13T00:06:13Z	LAUNCHRES0	7	fjordgate	141000	B	T	core_destroyed	158
2026-08-13T00:06:17Z	LAUNCHRES0	8	heart	141000	A	C	core_destroyed	246
2026-08-13T00:06:19Z	LAUNCHRES0	9	heart	141000	B	C	core_destroyed	216
2026-08-13T00:06:25Z	LAUNCHRES0	10	hive	141000	A	T	core_destroyed	432
2026-08-13T00:06:28Z	LAUNCHRES0	11	hive	141000	B	T	core_destroyed	221
2026-08-13T00:06:29Z	LAUNCHRES0	12	meander	141000	A	T	core_destroyed	310
2026-08-13T00:06:31Z	LAUNCHRES0	13	meander	141000	B	T	core_destroyed	171
2026-08-13T00:06:34Z	LAUNCHRES0	14	nordkap	141000	A	C	core_destroyed	257
2026-08-13T00:06:35Z	LAUNCHRES0	15	nordkap	141000	B	T	core_destroyed	156
2026-08-13T00:06:38Z	LAUNCHRES0	16	antler	141001	A	C	core_destroyed	338
2026-08-13T00:06:39Z	LAUNCHRES0	17	antler	141001	B	C	core_destroyed	102
2026-08-13T00:06:41Z	LAUNCHRES0	18	atoll	141001	A	C	core_destroyed	356
2026-08-13T00:06:42Z	LAUNCHRES0	19	atoll	141001	B	T	core_destroyed	126
2026-08-13T00:06:47Z	LAUNCHRES0	20	drumlin	141001	A	C	core_destroyed	411
2026-08-13T00:06:49Z	LAUNCHRES0	21	drumlin	141001	B	C	core_destroyed	131
2026-08-13T00:06:50Z	LAUNCHRES0	22	fjordgate	141001	A	C	core_destroyed	185
2026-08-13T00:06:51Z	LAUNCHRES0	23	fjordgate	141001	B	C	core_destroyed	211
2026-08-13T00:06:53Z	LAUNCHRES0	24	heart	141001	A	T	core_destroyed	114
2026-08-13T00:06:56Z	LAUNCHRES0	25	heart	141001	B	C	tiebreak	1000
2026-08-13T00:06:58Z	LAUNCHRES0	26	hive	141001	A	C	core_destroyed	120
2026-08-13T00:07:00Z	LAUNCHRES0	27	hive	141001	B	T	core_destroyed	130
2026-08-13T00:07:02Z	LAUNCHRES0	28	meander	141001	A	T	core_destroyed	208
2026-08-13T00:07:03Z	LAUNCHRES0	29	meander	141001	B	C	core_destroyed	223
2026-08-13T00:07:05Z	LAUNCHRES0	30	nordkap	141001	A	C	core_destroyed	146
2026-08-13T00:07:06Z	LAUNCHRES0	31	nordkap	141001	B	T	tiebreak	1000
2026-08-13T00:07:08Z	LAUNCHRES0	32	antler	141002	A	T	core_destroyed	158
2026-08-13T00:07:09Z	LAUNCHRES0	33	antler	141002	B	C	core_destroyed	149
2026-08-13T00:07:14Z	LAUNCHRES0	34	atoll	141002	A	C	core_destroyed	677
2026-08-13T00:07:17Z	LAUNCHRES0	35	atoll	141002	B	T	core_destroyed	164
2026-08-13T00:07:26Z	LAUNCHRES0	36	drumlin	141002	A	T	core_destroyed	657
2026-08-13T00:07:28Z	LAUNCHRES0	37	drumlin	141002	B	C	core_destroyed	118
2026-08-13T00:07:29Z	LAUNCHRES0	38	fjordgate	141002	A	C	core_destroyed	214
2026-08-13T00:07:31Z	LAUNCHRES0	39	fjordgate	141002	B	T	core_destroyed	162
2026-08-13T00:07:35Z	LAUNCHRES0	40	heart	141002	A	T	core_destroyed	456
2026-08-13T00:07:38Z	LAUNCHRES0	41	heart	141002	B	C	core_destroyed	152
2026-08-13T00:07:40Z	LAUNCHRES0	42	hive	141002	A	C	core_destroyed	98
2026-08-13T00:07:41Z	LAUNCHRES0	43	hive	141002	B	T	core_destroyed	117
2026-08-13T00:07:43Z	LAUNCHRES0	44	meander	141002	A	T	core_destroyed	165
2026-08-13T00:07:45Z	LAUNCHRES0	45	meander	141002	B	T	core_destroyed	233
2026-08-13T00:07:47Z	LAUNCHRES0	46	nordkap	141002	A	C	core_destroyed	777
2026-08-13T00:07:50Z	LAUNCHRES0	47	nordkap	141002	B	C	core_destroyed	307
2026-08-13T00:07:51Z	LAUNCHRES0	48	antler	141003	A	T	core_destroyed	222
2026-08-13T00:07:52Z	LAUNCHRES0	49	antler	141003	B	C	core_destroyed	128
2026-08-13T00:07:54Z	LAUNCHRES0	50	atoll	141003	A	C	core_destroyed	249
2026-08-13T00:07:57Z	LAUNCHRES0	51	atoll	141003	B	C	core_destroyed	419
2026-08-13T00:07:59Z	LAUNCHRES0	52	drumlin	141003	A	T	core_destroyed	176
2026-08-13T00:08:00Z	LAUNCHRES0	53	drumlin	141003	B	C	core_destroyed	148
2026-08-13T00:08:01Z	LAUNCHRES0	54	fjordgate	141003	A	T	core_destroyed	245
2026-08-13T00:08:07Z	LAUNCHRES0	55	fjordgate	141003	B	T	tiebreak	1000
2026-08-13T00:08:09Z	LAUNCHRES0	56	heart	141003	A	T	core_destroyed	129
2026-08-13T00:08:11Z	LAUNCHRES0	57	heart	141003	B	T	core_destroyed	201
2026-08-13T00:08:13Z	LAUNCHRES0	58	hive	141003	A	T	core_destroyed	190
2026-08-13T00:08:17Z	LAUNCHRES0	59	hive	141003	B	T	core_destroyed	300
2026-08-13T00:08:19Z	LAUNCHRES0	60	meander	141003	A	C	core_destroyed	163
2026-08-13T00:08:20Z	LAUNCHRES0	61	meander	141003	B	C	core_destroyed	132
2026-08-13T00:08:22Z	LAUNCHRES0	62	nordkap	141003	A	C	core_destroyed	122
2026-08-13T00:08:24Z	LAUNCHRES0	63	nordkap	141003	B	T	core_destroyed	280
2026-08-13T00:08:25Z	LAUNCHRES0	64	antler	141004	A	C	core_destroyed	137
2026-08-13T00:08:27Z	LAUNCHRES0	65	antler	141004	B	C	core_destroyed	156
2026-08-13T00:08:28Z	LAUNCHRES0	66	atoll	141004	A	C	core_destroyed	139
2026-08-13T00:08:31Z	LAUNCHRES0	67	atoll	141004	B	T	core_destroyed	236
2026-08-13T00:08:33Z	LAUNCHRES0	68	drumlin	141004	A	T	core_destroyed	170
2026-08-13T00:08:36Z	LAUNCHRES0	69	drumlin	141004	B	C	core_destroyed	248
2026-08-13T00:08:37Z	LAUNCHRES0	70	fjordgate	141004	A	C	core_destroyed	179
2026-08-13T00:08:39Z	LAUNCHRES0	71	fjordgate	141004	B	C	core_destroyed	142
2026-08-13T00:08:40Z	LAUNCHRES0	72	heart	141004	A	C	core_destroyed	135
2026-08-13T00:08:44Z	LAUNCHRES0	73	heart	141004	B	C	core_destroyed	865
2026-08-13T00:08:46Z	LAUNCHRES0	74	hive	141004	A	T	core_destroyed	137
2026-08-13T00:08:50Z	LAUNCHRES0	75	hive	141004	B	C	core_destroyed	228
2026-08-13T00:08:51Z	LAUNCHRES0	76	meander	141004	A	T	core_destroyed	128
2026-08-13T00:08:53Z	LAUNCHRES0	77	meander	141004	B	C	core_destroyed	260
2026-08-13T00:08:54Z	LAUNCHRES0	78	nordkap	141004	A	C	core_destroyed	239
2026-08-13T00:08:56Z	LAUNCHRES0	79	nordkap	141004	B	T	core_destroyed	485
2026-08-13T00:08:58Z	LAUNCHRES0	80	antler	141005	A	C	core_destroyed	489
2026-08-13T00:09:00Z	LAUNCHRES0	81	antler	141005	B	C	core_destroyed	246
2026-08-13T00:09:02Z	LAUNCHRES0	82	atoll	141005	A	C	core_destroyed	111
2026-08-13T00:09:03Z	LAUNCHRES0	83	atoll	141005	B	T	core_destroyed	107
2026-08-13T00:09:04Z	LAUNCHRES0	84	drumlin	141005	A	T	core_destroyed	89
2026-08-13T00:09:06Z	LAUNCHRES0	85	drumlin	141005	B	C	core_destroyed	127
2026-08-13T00:09:07Z	LAUNCHRES0	86	fjordgate	141005	A	C	core_destroyed	355
2026-08-13T00:09:09Z	LAUNCHRES0	87	fjordgate	141005	B	T	core_destroyed	329
2026-08-13T00:09:18Z	LAUNCHRES0	88	heart	141005	A	C	core_destroyed	670
2026-08-13T00:09:19Z	LAUNCHRES0	89	heart	141005	B	C	core_destroyed	188
2026-08-13T00:09:21Z	LAUNCHRES0	90	hive	141005	A	C	core_destroyed	120
2026-08-13T00:09:24Z	LAUNCHRES0	91	hive	141005	B	T	core_destroyed	182
2026-08-13T00:09:27Z	LAUNCHRES0	92	meander	141005	A	T	core_destroyed	399
2026-08-13T00:09:28Z	LAUNCHRES0	93	meander	141005	B	C	core_destroyed	169
2026-08-13T00:09:30Z	LAUNCHRES0	94	nordkap	141005	A	T	core_destroyed	110
2026-08-13T00:09:31Z	LAUNCHRES0	95	nordkap	141005	B	T	core_destroyed	183
2026-08-13T00:09:33Z	LAUNCHRES0	96	antler	141006	A	C	tiebreak	1000
2026-08-13T00:09:35Z	LAUNCHRES0	97	antler	141006	B	T	core_destroyed	254
2026-08-13T00:09:36Z	LAUNCHRES0	98	atoll	141006	A	C	core_destroyed	136
2026-08-13T00:09:38Z	LAUNCHRES0	99	atoll	141006	B	T	core_destroyed	175
2026-08-13T00:09:41Z	LAUNCHRES0	100	drumlin	141006	A	T	core_destroyed	271
2026-08-13T00:09:44Z	LAUNCHRES0	101	drumlin	141006	B	C	core_destroyed	219
2026-08-13T00:09:46Z	LAUNCHRES0	102	fjordgate	141006	A	C	tiebreak	1000
2026-08-13T00:09:47Z	LAUNCHRES0	103	fjordgate	141006	B	C	core_destroyed	212
2026-08-13T00:09:48Z	LAUNCHRES0	104	heart	141006	A	T	core_destroyed	193
2026-08-13T00:09:55Z	LAUNCHRES0	105	heart	141006	B	C	tiebreak	1000
2026-08-13T00:09:58Z	LAUNCHRES0	106	hive	141006	A	T	core_destroyed	170
2026-08-13T00:10:00Z	LAUNCHRES0	107	hive	141006	B	T	core_destroyed	134
2026-08-13T00:10:01Z	LAUNCHRES0	108	meander	141006	A	C	core_destroyed	122
2026-08-13T00:10:03Z	LAUNCHRES0	109	meander	141006	B	C	core_destroyed	191
2026-08-13T00:10:07Z	LAUNCHRES0	110	nordkap	141006	A	C	core_destroyed	488
2026-08-13T00:10:09Z	LAUNCHRES0	111	nordkap	141006	B	T	tiebreak	1000
2026-08-13T00:10:12Z	LAUNCHRES0	112	antler	141007	A	C	tiebreak	1000
2026-08-13T00:10:13Z	LAUNCHRES0	113	antler	141007	B	T	core_destroyed	325
2026-08-13T00:10:14Z	LAUNCHRES0	114	atoll	141007	A	C	core_destroyed	179
2026-08-13T00:10:16Z	LAUNCHRES0	115	atoll	141007	B	T	core_destroyed	108
2026-08-13T00:10:18Z	LAUNCHRES0	116	drumlin	141007	A	T	core_destroyed	130
2026-08-13T00:10:19Z	LAUNCHRES0	117	drumlin	141007	B	C	core_destroyed	80
2026-08-13T00:10:20Z	LAUNCHRES0	118	fjordgate	141007	A	C	core_destroyed	184
2026-08-13T00:10:22Z	LAUNCHRES0	119	fjordgate	141007	B	C	core_destroyed	94
2026-08-13T00:10:23Z	LAUNCHRES0	120	heart	141007	A	T	core_destroyed	160
2026-08-13T00:10:25Z	LAUNCHRES0	121	heart	141007	B	C	core_destroyed	141
2026-08-13T00:10:28Z	LAUNCHRES0	122	hive	141007	A	C	core_destroyed	170
2026-08-13T00:10:30Z	LAUNCHRES0	123	hive	141007	B	C	core_destroyed	199
2026-08-13T00:10:34Z	LAUNCHRES0	124	meander	141007	A	C	core_destroyed	374
2026-08-13T00:10:36Z	LAUNCHRES0	125	meander	141007	B	T	core_destroyed	185
2026-08-13T00:10:40Z	LAUNCHRES0	126	nordkap	141007	A	T	core_destroyed	361
2026-08-13T00:10:42Z	LAUNCHRES0	127	nordkap	141007	B	T	tiebreak	1000
2026-08-13T00:10:43Z	LAUNCHRES0	128	antler	141008	A	T	core_destroyed	105
2026-08-13T00:10:46Z	LAUNCHRES0	129	antler	141008	B	T	tiebreak	1000
2026-08-13T00:10:47Z	LAUNCHRES0	130	atoll	141008	A	C	core_destroyed	111
2026-08-13T00:10:48Z	LAUNCHRES0	131	atoll	141008	B	C	core_destroyed	92
2026-08-13T00:10:50Z	LAUNCHRES0	132	drumlin	141008	A	T	core_destroyed	292
2026-08-13T00:10:55Z	LAUNCHRES0	133	drumlin	141008	B	C	core_destroyed	484
2026-08-13T00:10:56Z	LAUNCHRES0	134	fjordgate	141008	A	T	core_destroyed	107
2026-08-13T00:11:02Z	LAUNCHRES0	135	fjordgate	141008	B	T	tiebreak	1000
2026-08-13T00:11:05Z	LAUNCHRES0	136	heart	141008	A	T	core_destroyed	394
2026-08-13T00:11:12Z	LAUNCHRES0	137	heart	141008	B	C	core_destroyed	637
2026-08-13T00:11:13Z	LAUNCHRES0	138	hive	141008	A	C	core_destroyed	140
2026-08-13T00:11:15Z	LAUNCHRES0	139	hive	141008	B	T	core_destroyed	164
2026-08-13T00:11:21Z	LAUNCHRES0	140	meander	141008	A	T	tiebreak	1000
2026-08-13T00:11:22Z	LAUNCHRES0	141	meander	141008	B	C	core_destroyed	160
2026-08-13T00:11:28Z	LAUNCHRES0	142	nordkap	141008	A	T	core_destroyed	765
2026-08-13T00:11:30Z	LAUNCHRES0	143	nordkap	141008	B	C	core_destroyed	219
2026-08-13T00:11:33Z	LAUNCHRES0	144	antler	141009	A	T	core_destroyed	435
2026-08-13T00:11:35Z	LAUNCHRES0	145	antler	141009	B	C	core_destroyed	253
2026-08-13T00:11:36Z	LAUNCHRES0	146	atoll	141009	A	T	core_destroyed	118
2026-08-13T00:11:43Z	LAUNCHRES0	147	atoll	141009	B	C	core_destroyed	513
2026-08-13T00:11:44Z	LAUNCHRES0	148	drumlin	141009	A	T	core_destroyed	164
2026-08-13T00:11:50Z	LAUNCHRES0	149	drumlin	141009	B	T	core_destroyed	353
2026-08-13T00:11:51Z	LAUNCHRES0	150	fjordgate	141009	A	C	core_destroyed	160
2026-08-13T00:11:52Z	LAUNCHRES0	151	fjordgate	141009	B	C	core_destroyed	131
2026-08-13T00:11:55Z	LAUNCHRES0	152	heart	141009	A	T	core_destroyed	681
2026-08-13T00:12:00Z	LAUNCHRES0	153	heart	141009	B	T	core_destroyed	460
2026-08-13T00:12:02Z	LAUNCHRES0	154	hive	141009	A	C	core_destroyed	199
2026-08-13T00:12:06Z	LAUNCHRES0	155	hive	141009	B	T	core_destroyed	328
2026-08-13T00:12:08Z	LAUNCHRES0	156	meander	141009	A	T	core_destroyed	193
2026-08-13T00:12:10Z	LAUNCHRES0	157	meander	141009	B	T	core_destroyed	189
2026-08-13T00:12:12Z	LAUNCHRES0	158	nordkap	141009	A	T	core_destroyed	259
2026-08-13T00:12:14Z	LAUNCHRES0	159	nordkap	141009	B	C	core_destroyed	177
2026-08-13T00:12:16Z	LAUNCHRES0	160	antler	141010	A	C	core_destroyed	506
2026-08-13T00:12:18Z	LAUNCHRES0	161	antler	141010	B	C	core_destroyed	254
2026-08-13T00:12:19Z	LAUNCHRES0	162	atoll	141010	A	T	core_destroyed	84
2026-08-13T00:12:21Z	LAUNCHRES0	163	atoll	141010	B	T	core_destroyed	155
2026-08-13T00:12:23Z	LAUNCHRES0	164	drumlin	141010	A	C	core_destroyed	158
2026-08-13T00:12:26Z	LAUNCHRES0	165	drumlin	141010	B	C	core_destroyed	217
2026-08-13T00:12:27Z	LAUNCHRES0	166	fjordgate	141010	A	C	core_destroyed	126
2026-08-13T00:12:29Z	LAUNCHRES0	167	fjordgate	141010	B	C	core_destroyed	234
2026-08-13T00:12:31Z	LAUNCHRES0	168	heart	141010	A	T	core_destroyed	277
2026-08-13T00:12:32Z	LAUNCHRES0	169	heart	141010	B	C	core_destroyed	158
2026-08-13T00:12:36Z	LAUNCHRES0	170	hive	141010	A	T	core_destroyed	302
2026-08-13T00:12:41Z	LAUNCHRES0	171	hive	141010	B	C	core_destroyed	323
2026-08-13T00:12:43Z	LAUNCHRES0	172	meander	141010	A	T	core_destroyed	90
2026-08-13T00:12:46Z	LAUNCHRES0	173	meander	141010	B	T	tiebreak	1000
2026-08-13T00:12:49Z	LAUNCHRES0	174	nordkap	141010	A	C	core_destroyed	435
2026-08-13T00:12:50Z	LAUNCHRES0	175	nordkap	141010	B	C	core_destroyed	134
2026-08-13T00:12:52Z	LAUNCHRES0	176	antler	141011	A	T	core_destroyed	280
2026-08-13T00:12:54Z	LAUNCHRES0	177	antler	141011	B	C	core_destroyed	220
2026-08-13T00:12:56Z	LAUNCHRES0	178	atoll	141011	A	C	core_destroyed	293
2026-08-13T00:13:00Z	LAUNCHRES0	179	atoll	141011	B	C	core_destroyed	614
2026-08-13T00:13:05Z	LAUNCHRES0	180	drumlin	141011	A	C	core_destroyed	312
2026-08-13T00:13:06Z	LAUNCHRES0	181	drumlin	141011	B	C	core_destroyed	94
2026-08-13T00:13:08Z	LAUNCHRES0	182	fjordgate	141011	A	C	core_destroyed	144
2026-08-13T00:13:09Z	LAUNCHRES0	183	fjordgate	141011	B	T	core_destroyed	140
2026-08-13T00:13:11Z	LAUNCHRES0	184	heart	141011	A	T	core_destroyed	248
2026-08-13T00:13:13Z	LAUNCHRES0	185	heart	141011	B	C	core_destroyed	160
2026-08-13T00:13:15Z	LAUNCHRES0	186	hive	141011	A	T	core_destroyed	142
2026-08-13T00:13:22Z	LAUNCHRES0	187	hive	141011	B	C	core_destroyed	458
2026-08-13T00:13:23Z	LAUNCHRES0	188	meander	141011	A	T	core_destroyed	138
2026-08-13T00:13:26Z	LAUNCHRES0	189	meander	141011	B	T	core_destroyed	239
2026-08-13T00:13:28Z	LAUNCHRES0	190	nordkap	141011	A	T	core_destroyed	226
2026-08-13T00:13:31Z	LAUNCHRES0	191	nordkap	141011	B	T	tiebreak	1000
2026-08-13T00:13:33Z	LAUNCHRES0	192	antler	141012	A	T	core_destroyed	154
2026-08-13T00:13:34Z	LAUNCHRES0	193	antler	141012	B	T	core_destroyed	121
2026-08-13T00:13:35Z	LAUNCHRES0	194	atoll	141012	A	C	core_destroyed	162
2026-08-13T00:13:39Z	LAUNCHRES0	195	atoll	141012	B	C	core_destroyed	325
2026-08-13T00:13:41Z	LAUNCHRES0	196	drumlin	141012	A	T	core_destroyed	122
2026-08-13T00:13:45Z	LAUNCHRES0	197	drumlin	141012	B	C	core_destroyed	309
2026-08-13T00:13:46Z	LAUNCHRES0	198	fjordgate	141012	A	T	core_destroyed	232
2026-08-13T00:13:48Z	LAUNCHRES0	199	fjordgate	141012	B	T	core_destroyed	153
2026-08-13T00:13:52Z	LAUNCHRES0	200	heart	141012	A	T	core_destroyed	560
2026-08-13T00:13:54Z	LAUNCHRES0	201	heart	141012	B	C	core_destroyed	124
2026-08-13T00:13:59Z	LAUNCHRES0	202	hive	141012	A	T	core_destroyed	308
2026-08-13T00:14:04Z	LAUNCHRES0	203	hive	141012	B	T	core_destroyed	459
2026-08-13T00:14:05Z	LAUNCHRES0	204	meander	141012	A	C	core_destroyed	151
2026-08-13T00:14:07Z	LAUNCHRES0	205	meander	141012	B	C	core_destroyed	174
2026-08-13T00:14:09Z	LAUNCHRES0	206	nordkap	141012	A	T	core_destroyed	219
2026-08-13T00:14:11Z	LAUNCHRES0	207	nordkap	141012	B	T	core_destroyed	367
2026-08-13T00:14:12Z	LAUNCHRES0	208	antler	141013	A	C	core_destroyed	253
2026-08-13T00:14:13Z	LAUNCHRES0	209	antler	141013	B	C	core_destroyed	136
2026-08-13T00:14:17Z	LAUNCHRES0	210	atoll	141013	A	C	core_destroyed	280
2026-08-13T00:14:20Z	LAUNCHRES0	211	atoll	141013	B	C	core_destroyed	413
2026-08-13T00:14:23Z	LAUNCHRES0	212	drumlin	141013	A	C	core_destroyed	180
2026-08-13T00:14:24Z	LAUNCHRES0	213	drumlin	141013	B	T	core_destroyed	117
2026-08-13T00:14:26Z	LAUNCHRES0	214	fjordgate	141013	A	T	core_destroyed	225
2026-08-13T00:14:27Z	LAUNCHRES0	215	fjordgate	141013	B	C	core_destroyed	139
2026-08-13T00:14:31Z	LAUNCHRES0	216	heart	141013	A	T	tiebreak	1000
2026-08-13T00:14:32Z	LAUNCHRES0	217	heart	141013	B	C	core_destroyed	92
2026-08-13T00:14:36Z	LAUNCHRES0	218	hive	141013	A	C	core_destroyed	194
2026-08-13T00:14:39Z	LAUNCHRES0	219	hive	141013	B	C	core_destroyed	298
2026-08-13T00:14:43Z	LAUNCHRES0	220	meander	141013	A	C	core_destroyed	543
2026-08-13T00:14:50Z	LAUNCHRES0	221	meander	141013	B	T	core_destroyed	681
2026-08-13T00:14:51Z	LAUNCHRES0	222	nordkap	141013	A	T	core_destroyed	123
2026-08-13T00:14:53Z	LAUNCHRES0	223	nordkap	141013	B	T	core_destroyed	230
2026-08-13T00:14:54Z	LAUNCHRES0	224	antler	141014	A	C	core_destroyed	145
2026-08-13T00:14:56Z	LAUNCHRES0	225	antler	141014	B	T	core_destroyed	171
2026-08-13T00:14:58Z	LAUNCHRES0	226	atoll	141014	A	T	core_destroyed	511
2026-08-13T00:15:12Z	LAUNCHRES0	227	atoll	141014	B	C	tiebreak	1000
2026-08-13T00:15:16Z	LAUNCHRES0	228	drumlin	141014	A	C	core_destroyed	276
2026-08-13T00:15:18Z	LAUNCHRES0	229	drumlin	141014	B	C	core_destroyed	90
2026-08-13T00:15:19Z	LAUNCHRES0	230	fjordgate	141014	A	T	core_destroyed	130
2026-08-13T00:15:20Z	LAUNCHRES0	231	fjordgate	141014	B	C	core_destroyed	170
2026-08-13T00:15:25Z	LAUNCHRES0	232	heart	141014	A	C	core_destroyed	489
2026-08-13T00:15:28Z	LAUNCHRES0	233	heart	141014	B	C	core_destroyed	198
2026-08-13T00:15:30Z	LAUNCHRES0	234	hive	141014	A	C	core_destroyed	134
2026-08-13T00:15:33Z	LAUNCHRES0	235	hive	141014	B	C	core_destroyed	217
2026-08-13T00:15:37Z	LAUNCHRES0	236	meander	141014	A	C	core_destroyed	363
2026-08-13T00:15:38Z	LAUNCHRES0	237	meander	141014	B	C	core_destroyed	167
2026-08-13T00:15:40Z	LAUNCHRES0	238	nordkap	141014	A	T	core_destroyed	215
2026-08-13T00:15:42Z	LAUNCHRES0	239	nordkap	141014	B	T	core_destroyed	239
2026-08-13T00:15:44Z	LAUNCHRES0	240	antler	141015	A	T	core_destroyed	186
2026-08-13T00:15:45Z	LAUNCHRES0	241	antler	141015	B	C	core_destroyed	198
2026-08-13T00:15:46Z	LAUNCHRES0	242	atoll	141015	A	C	core_destroyed	158
2026-08-13T00:15:47Z	LAUNCHRES0	243	atoll	141015	B	C	core_destroyed	159
2026-08-13T00:15:49Z	LAUNCHRES0	244	drumlin	141015	A	C	core_destroyed	103
2026-08-13T00:15:56Z	LAUNCHRES0	245	drumlin	141015	B	C	core_destroyed	544
2026-08-13T00:15:57Z	LAUNCHRES0	246	fjordgate	141015	A	T	core_destroyed	94
2026-08-13T00:15:58Z	LAUNCHRES0	247	fjordgate	141015	B	T	core_destroyed	377
2026-08-13T00:16:01Z	LAUNCHRES0	248	heart	141015	A	C	core_destroyed	233
2026-08-13T00:16:04Z	LAUNCHRES0	249	heart	141015	B	T	core_destroyed	244
2026-08-13T00:16:07Z	LAUNCHRES0	250	hive	141015	A	T	core_destroyed	213
2026-08-13T00:16:10Z	LAUNCHRES0	251	hive	141015	B	C	core_destroyed	200
2026-08-13T00:16:11Z	LAUNCHRES0	252	meander	141015	A	C	core_destroyed	143
2026-08-13T00:16:13Z	LAUNCHRES0	253	meander	141015	B	C	core_destroyed	151
2026-08-13T00:16:15Z	LAUNCHRES0	254	nordkap	141015	A	T	core_destroyed	264
2026-08-13T00:16:17Z	LAUNCHRES0	255	nordkap	141015	B	C	core_destroyed	248
2026-08-13T00:16:19Z	LAUNCHRES0	256	antler	141016	A	T	core_destroyed	183
2026-08-13T00:16:21Z	LAUNCHRES0	257	antler	141016	B	C	core_destroyed	179
2026-08-13T00:16:22Z	LAUNCHRES0	258	atoll	141016	A	C	core_destroyed	116
2026-08-13T00:16:23Z	LAUNCHRES0	259	atoll	141016	B	C	core_destroyed	538
2026-08-13T00:16:26Z	LAUNCHRES0	260	drumlin	141016	A	C	core_destroyed	158
2026-08-13T00:16:30Z	LAUNCHRES0	261	drumlin	141016	B	C	core_destroyed	291
2026-08-13T00:16:31Z	LAUNCHRES0	262	fjordgate	141016	A	T	core_destroyed	197
2026-08-13T00:16:32Z	LAUNCHRES0	263	fjordgate	141016	B	C	core_destroyed	156
2026-08-13T00:16:34Z	LAUNCHRES0	264	heart	141016	A	T	core_destroyed	193
2026-08-13T00:16:36Z	LAUNCHRES0	265	heart	141016	B	C	core_destroyed	159
2026-08-13T00:16:37Z	LAUNCHRES0	266	hive	141016	A	T	core_destroyed	117
2026-08-13T00:16:39Z	LAUNCHRES0	267	hive	141016	B	T	core_destroyed	97
2026-08-13T00:16:40Z	LAUNCHRES0	268	meander	141016	A	C	core_destroyed	189
2026-08-13T00:16:42Z	LAUNCHRES0	269	meander	141016	B	T	core_destroyed	176
2026-08-13T00:16:44Z	LAUNCHRES0	270	nordkap	141016	A	T	core_destroyed	325
2026-08-13T00:16:46Z	LAUNCHRES0	271	nordkap	141016	B	T	core_destroyed	132
2026-08-13T00:16:49Z	LAUNCHRES0	272	antler	141017	A	C	core_destroyed	519
2026-08-13T00:16:50Z	LAUNCHRES0	273	antler	141017	B	C	core_destroyed	90
2026-08-13T00:16:51Z	LAUNCHRES0	274	atoll	141017	A	C	core_destroyed	161
2026-08-13T00:16:53Z	LAUNCHRES0	275	atoll	141017	B	T	core_destroyed	522
2026-08-13T00:16:55Z	LAUNCHRES0	276	drumlin	141017	A	C	core_destroyed	185
2026-08-13T00:16:56Z	LAUNCHRES0	277	drumlin	141017	B	C	core_destroyed	118
2026-08-13T00:16:57Z	LAUNCHRES0	278	fjordgate	141017	A	C	core_destroyed	106
2026-08-13T00:16:59Z	LAUNCHRES0	279	fjordgate	141017	B	T	core_destroyed	334
2026-08-13T00:17:04Z	LAUNCHRES0	280	heart	141017	A	C	core_destroyed	231
2026-08-13T00:17:07Z	LAUNCHRES0	281	heart	141017	B	T	core_destroyed	284
2026-08-13T00:17:08Z	LAUNCHRES0	282	hive	141017	A	T	core_destroyed	126
2026-08-13T00:17:12Z	LAUNCHRES0	283	hive	141017	B	T	core_destroyed	302
2026-08-13T00:17:13Z	LAUNCHRES0	284	meander	141017	A	C	core_destroyed	158
2026-08-13T00:17:16Z	LAUNCHRES0	285	meander	141017	B	C	tiebreak	1000
2026-08-13T00:17:19Z	LAUNCHRES0	286	nordkap	141017	A	C	tiebreak	1000
2026-08-13T00:17:20Z	LAUNCHRES0	287	nordkap	141017	B	T	core_destroyed	115
2026-08-13T00:17:23Z	LAUNCHRES0	288	antler	141018	A	C	core_destroyed	250
2026-08-13T00:17:24Z	LAUNCHRES0	289	antler	141018	B	T	core_destroyed	97
2026-08-13T00:17:25Z	LAUNCHRES0	290	atoll	141018	A	T	core_destroyed	330
2026-08-13T00:17:27Z	LAUNCHRES0	291	atoll	141018	B	T	core_destroyed	135
2026-08-13T00:17:28Z	LAUNCHRES0	292	drumlin	141018	A	T	core_destroyed	96
2026-08-13T00:17:31Z	LAUNCHRES0	293	drumlin	141018	B	T	core_destroyed	268
2026-08-13T00:17:33Z	LAUNCHRES0	294	fjordgate	141018	A	C	core_destroyed	268
2026-08-13T00:17:34Z	LAUNCHRES0	295	fjordgate	141018	B	T	core_destroyed	126
2026-08-13T00:17:37Z	LAUNCHRES0	296	heart	141018	A	T	core_destroyed	256
2026-08-13T00:17:40Z	LAUNCHRES0	297	heart	141018	B	T	core_destroyed	377
2026-08-13T00:17:41Z	LAUNCHRES0	298	hive	141018	A	T	core_destroyed	85
2026-08-13T00:17:46Z	LAUNCHRES0	299	hive	141018	B	T	core_destroyed	564
2026-08-13T00:17:48Z	LAUNCHRES0	300	meander	141018	A	T	core_destroyed	164
2026-08-13T00:17:49Z	LAUNCHRES0	301	meander	141018	B	T	core_destroyed	182
2026-08-13T00:17:50Z	LAUNCHRES0	302	nordkap	141018	A	T	core_destroyed	120
2026-08-13T00:17:52Z	LAUNCHRES0	303	nordkap	141018	B	T	core_destroyed	173
2026-08-13T00:17:53Z	LAUNCHRES0	304	antler	141019	A	T	core_destroyed	165
2026-08-13T00:17:55Z	LAUNCHRES0	305	antler	141019	B	C	core_destroyed	333
2026-08-13T00:17:59Z	LAUNCHRES0	306	atoll	141019	A	C	core_destroyed	717
2026-08-13T00:18:00Z	LAUNCHRES0	307	atoll	141019	B	C	core_destroyed	283
2026-08-13T00:18:04Z	LAUNCHRES0	308	drumlin	141019	A	T	core_destroyed	330
2026-08-13T00:18:06Z	LAUNCHRES0	309	drumlin	141019	B	C	core_destroyed	104
2026-08-13T00:18:07Z	LAUNCHRES0	310	fjordgate	141019	A	C	core_destroyed	306
2026-08-13T00:18:09Z	LAUNCHRES0	311	fjordgate	141019	B	T	core_destroyed	309
2026-08-13T00:18:12Z	LAUNCHRES0	312	heart	141019	A	T	core_destroyed	297
2026-08-13T00:18:14Z	LAUNCHRES0	313	heart	141019	B	T	core_destroyed	196
2026-08-13T00:18:18Z	LAUNCHRES0	314	hive	141019	A	T	core_destroyed	211
2026-08-13T00:18:19Z	LAUNCHRES0	315	hive	141019	B	C	core_destroyed	93
2026-08-13T00:18:21Z	LAUNCHRES0	316	meander	141019	A	C	core_destroyed	204
2026-08-13T00:18:23Z	LAUNCHRES0	317	meander	141019	B	C	core_destroyed	198
2026-08-13T00:18:25Z	LAUNCHRES0	318	nordkap	141019	A	C	core_destroyed	230
2026-08-13T00:18:31Z	LAUNCHRES0	319	nordkap	141019	B	T	core_destroyed	604
2026-08-13T00:18:33Z	LAUNCHRES0	320	antler	141020	A	T	core_destroyed	181
2026-08-13T00:18:34Z	LAUNCHRES0	321	antler	141020	B	C	core_destroyed	158
2026-08-13T00:18:35Z	LAUNCHRES0	322	atoll	141020	A	C	core_destroyed	120
2026-08-13T00:18:38Z	LAUNCHRES0	323	atoll	141020	B	C	core_destroyed	532
2026-08-13T00:18:39Z	LAUNCHRES0	324	drumlin	141020	A	T	core_destroyed	128
2026-08-13T00:18:41Z	LAUNCHRES0	325	drumlin	141020	B	C	core_destroyed	150
2026-08-13T00:18:42Z	LAUNCHRES0	326	fjordgate	141020	A	T	core_destroyed	397
2026-08-13T00:18:46Z	LAUNCHRES0	327	fjordgate	141020	B	T	core_destroyed	828
2026-08-13T00:18:48Z	LAUNCHRES0	328	heart	141020	A	T	core_destroyed	134
2026-08-13T00:18:51Z	LAUNCHRES0	329	heart	141020	B	C	core_destroyed	266
2026-08-13T00:18:56Z	LAUNCHRES0	330	hive	141020	A	C	core_destroyed	273
2026-08-13T00:18:59Z	LAUNCHRES0	331	hive	141020	B	C	core_destroyed	227
2026-08-13T00:19:00Z	LAUNCHRES0	332	meander	141020	A	C	core_destroyed	202
2026-08-13T00:19:02Z	LAUNCHRES0	333	meander	141020	B	C	core_destroyed	153
2026-08-13T00:19:04Z	LAUNCHRES0	334	nordkap	141020	A	C	tiebreak	1000
2026-08-13T00:19:06Z	LAUNCHRES0	335	nordkap	141020	B	C	core_destroyed	308
2026-08-13T00:19:09Z	LAUNCHRES0	336	antler	141021	A	C	tiebreak	1000
2026-08-13T00:19:12Z	LAUNCHRES0	337	antler	141021	B	T	tiebreak	1000
2026-08-13T00:19:13Z	LAUNCHRES0	338	atoll	141021	A	C	core_destroyed	158
2026-08-13T00:19:16Z	LAUNCHRES0	339	atoll	141021	B	C	core_destroyed	277
2026-08-13T00:19:19Z	LAUNCHRES0	340	drumlin	141021	A	C	core_destroyed	250
2026-08-13T00:19:21Z	LAUNCHRES0	341	drumlin	141021	B	C	core_destroyed	176
2026-08-13T00:19:23Z	LAUNCHRES0	342	fjordgate	141021	A	T	core_destroyed	109
2026-08-13T00:19:24Z	LAUNCHRES0	343	fjordgate	141021	B	T	core_destroyed	149
2026-08-13T00:19:30Z	LAUNCHRES0	344	heart	141021	A	C	core_destroyed	598
2026-08-13T00:19:32Z	LAUNCHRES0	345	heart	141021	B	C	core_destroyed	134
2026-08-13T00:19:33Z	LAUNCHRES0	346	hive	141021	A	T	core_destroyed	130
2026-08-13T00:19:35Z	LAUNCHRES0	347	hive	141021	B	T	core_destroyed	112
2026-08-13T00:19:37Z	LAUNCHRES0	348	meander	141021	A	C	core_destroyed	663
2026-08-13T00:19:39Z	LAUNCHRES0	349	meander	141021	B	C	core_destroyed	216
2026-08-13T00:19:42Z	LAUNCHRES0	350	nordkap	141021	A	T	core_destroyed	437
2026-08-13T00:19:43Z	LAUNCHRES0	351	nordkap	141021	B	T	core_destroyed	201
2026-08-13T00:19:45Z	LAUNCHRES0	352	antler	141022	A	C	core_destroyed	145
2026-08-13T00:19:46Z	LAUNCHRES0	353	antler	141022	B	C	core_destroyed	111
2026-08-13T00:19:48Z	LAUNCHRES0	354	atoll	141022	A	C	core_destroyed	452
2026-08-13T00:19:49Z	LAUNCHRES0	355	atoll	141022	B	T	core_destroyed	118
2026-08-13T00:19:51Z	LAUNCHRES0	356	drumlin	141022	A	T	core_destroyed	129
2026-08-13T00:19:53Z	LAUNCHRES0	357	drumlin	141022	B	T	core_destroyed	138
2026-08-13T00:19:54Z	LAUNCHRES0	358	fjordgate	141022	A	T	core_destroyed	164
2026-08-13T00:19:57Z	LAUNCHRES0	359	fjordgate	141022	B	C	core_destroyed	982
2026-08-13T00:20:00Z	LAUNCHRES0	360	heart	141022	A	T	tiebreak	1000
2026-08-13T00:20:04Z	LAUNCHRES0	361	heart	141022	B	T	core_destroyed	269
2026-08-13T00:20:12Z	LAUNCHRES0	362	hive	141022	A	C	core_destroyed	378
2026-08-13T00:20:15Z	LAUNCHRES0	363	hive	141022	B	C	core_destroyed	203
2026-08-13T00:20:16Z	LAUNCHRES0	364	meander	141022	A	C	core_destroyed	143
2026-08-13T00:20:19Z	LAUNCHRES0	365	meander	141022	B	T	core_destroyed	219
2026-08-13T00:20:20Z	LAUNCHRES0	366	nordkap	141022	A	T	core_destroyed	135
2026-08-13T00:20:22Z	LAUNCHRES0	367	nordkap	141022	B	T	core_destroyed	162
2026-08-13T00:20:24Z	LAUNCHRES0	368	antler	141023	A	T	core_destroyed	156
2026-08-13T00:20:25Z	LAUNCHRES0	369	antler	141023	B	T	core_destroyed	226
2026-08-13T00:20:28Z	LAUNCHRES0	370	atoll	141023	A	C	core_destroyed	229
2026-08-13T00:20:29Z	LAUNCHRES0	371	atoll	141023	B	T	core_destroyed	171
2026-08-13T00:20:35Z	LAUNCHRES0	372	drumlin	141023	A	C	core_destroyed	434
2026-08-13T00:20:36Z	LAUNCHRES0	373	drumlin	141023	B	C	core_destroyed	202
2026-08-13T00:20:40Z	LAUNCHRES0	374	fjordgate	141023	A	T	tiebreak	1000
2026-08-13T00:20:42Z	LAUNCHRES0	375	fjordgate	141023	B	T	core_destroyed	408
2026-08-13T00:20:44Z	LAUNCHRES0	376	heart	141023	A	T	core_destroyed	561
2026-08-13T00:20:46Z	LAUNCHRES0	377	heart	141023	B	C	core_destroyed	102
2026-08-13T00:20:51Z	LAUNCHRES0	378	hive	141023	A	T	core_destroyed	387
2026-08-13T00:20:53Z	LAUNCHRES0	379	hive	141023	B	T	core_destroyed	106
2026-08-13T00:20:54Z	LAUNCHRES0	380	meander	141023	A	C	core_destroyed	102
2026-08-13T00:20:55Z	LAUNCHRES0	381	meander	141023	B	T	core_destroyed	158
2026-08-13T00:20:57Z	LAUNCHRES0	382	nordkap	141023	A	C	core_destroyed	165
2026-08-13T00:20:59Z	LAUNCHRES0	383	nordkap	141023	B	C	core_destroyed	201
2026-08-13T00:21:03Z	LAUNCHRES0	384	antler	141024	A	C	core_destroyed	413
2026-08-13T00:21:05Z	LAUNCHRES0	385	antler	141024	B	T	core_destroyed	246
2026-08-13T00:21:06Z	LAUNCHRES0	386	atoll	141024	A	T	core_destroyed	151
2026-08-13T00:21:09Z	LAUNCHRES0	387	atoll	141024	B	C	core_destroyed	474
2026-08-13T00:21:10Z	LAUNCHRES0	388	drumlin	141024	A	C	core_destroyed	142
2026-08-13T00:21:12Z	LAUNCHRES0	389	drumlin	141024	B	T	core_destroyed	148
2026-08-13T00:21:13Z	LAUNCHRES0	390	fjordgate	141024	A	T	core_destroyed	105
2026-08-13T00:21:14Z	LAUNCHRES0	391	fjordgate	141024	B	C	core_destroyed	125
2026-08-13T00:21:18Z	LAUNCHRES0	392	heart	141024	A	T	core_destroyed	342
2026-08-13T00:21:21Z	LAUNCHRES0	393	heart	141024	B	C	core_destroyed	249
2026-08-13T00:21:24Z	LAUNCHRES0	394	hive	141024	A	T	core_destroyed	213
2026-08-13T00:21:28Z	LAUNCHRES0	395	hive	141024	B	T	core_destroyed	281
2026-08-13T00:21:30Z	LAUNCHRES0	396	meander	141024	A	C	core_destroyed	171
2026-08-13T00:21:32Z	LAUNCHRES0	397	meander	141024	B	C	core_destroyed	381
2026-08-13T00:21:34Z	LAUNCHRES0	398	nordkap	141024	A	T	core_destroyed	217
2026-08-13T00:21:37Z	LAUNCHRES0	399	nordkap	141024	B	T	core_destroyed	238
2026-08-13T00:21:38Z	LAUNCHRES0	400	antler	141025	A	T	core_destroyed	90
2026-08-13T00:21:40Z	LAUNCHRES0	401	antler	141025	B	T	core_destroyed	258
2026-08-13T00:21:42Z	LAUNCHRES0	402	atoll	141025	A	T	core_destroyed	519
2026-08-13T00:21:44Z	LAUNCHRES0	403	atoll	141025	B	T	core_destroyed	126
2026-08-13T00:21:47Z	LAUNCHRES0	404	drumlin	141025	A	T	core_destroyed	220
2026-08-13T00:21:49Z	LAUNCHRES0	405	drumlin	141025	B	C	core_destroyed	147
2026-08-13T00:21:51Z	LAUNCHRES0	406	fjordgate	141025	A	C	core_destroyed	379
2026-08-13T00:21:52Z	LAUNCHRES0	407	fjordgate	141025	B	C	core_destroyed	121
2026-08-13T00:21:55Z	LAUNCHRES0	408	heart	141025	A	T	core_destroyed	224
2026-08-13T00:22:04Z	LAUNCHRES0	409	heart	141025	B	C	core_destroyed	769
2026-08-13T00:22:06Z	LAUNCHRES0	410	hive	141025	A	T	core_destroyed	121
2026-08-13T00:22:09Z	LAUNCHRES0	411	hive	141025	B	C	core_destroyed	235
2026-08-13T00:22:10Z	LAUNCHRES0	412	meander	141025	A	C	core_destroyed	148
2026-08-13T00:22:12Z	LAUNCHRES0	413	meander	141025	B	T	core_destroyed	194
2026-08-13T00:22:13Z	LAUNCHRES0	414	nordkap	141025	A	T	core_destroyed	94
2026-08-13T00:22:15Z	LAUNCHRES0	415	nordkap	141025	B	T	core_destroyed	119
2026-08-13T00:22:16Z	LAUNCHRES0	416	antler	141026	A	T	core_destroyed	164
2026-08-13T00:22:17Z	LAUNCHRES0	417	antler	141026	B	T	core_destroyed	112
2026-08-13T00:22:19Z	LAUNCHRES0	418	atoll	141026	A	T	core_destroyed	347
2026-08-13T00:22:24Z	LAUNCHRES0	419	atoll	141026	B	T	core_destroyed	612
2026-08-13T00:22:26Z	LAUNCHRES0	420	drumlin	141026	A	T	core_destroyed	166
2026-08-13T00:22:28Z	LAUNCHRES0	421	drumlin	141026	B	C	core_destroyed	176
2026-08-13T00:22:30Z	LAUNCHRES0	422	fjordgate	141026	A	C	core_destroyed	184
2026-08-13T00:22:34Z	LAUNCHRES0	423	fjordgate	141026	B	T	tiebreak	1000
2026-08-13T00:22:36Z	LAUNCHRES0	424	heart	141026	A	T	core_destroyed	270
2026-08-13T00:22:37Z	LAUNCHRES0	425	heart	141026	B	C	core_destroyed	597
2026-08-13T00:22:39Z	LAUNCHRES0	426	hive	141026	A	T	core_destroyed	159
2026-08-13T00:22:41Z	LAUNCHRES0	427	hive	141026	B	T	core_destroyed	196
2026-08-13T00:22:43Z	LAUNCHRES0	428	meander	141026	A	C	core_destroyed	169
2026-08-13T00:22:44Z	LAUNCHRES0	429	meander	141026	B	T	core_destroyed	147
2026-08-13T00:22:46Z	LAUNCHRES0	430	nordkap	141026	A	T	core_destroyed	128
2026-08-13T00:22:47Z	LAUNCHRES0	431	nordkap	141026	B	T	core_destroyed	309
2026-08-13T00:22:49Z	LAUNCHRES0	432	antler	141027	A	T	core_destroyed	132
2026-08-13T00:22:53Z	LAUNCHRES0	433	antler	141027	B	T	core_destroyed	681
2026-08-13T00:22:54Z	LAUNCHRES0	434	atoll	141027	A	T	core_destroyed	143
2026-08-13T00:22:56Z	LAUNCHRES0	435	atoll	141027	B	T	core_destroyed	144
2026-08-13T00:22:57Z	LAUNCHRES0	436	drumlin	141027	A	T	core_destroyed	128
2026-08-13T00:23:00Z	LAUNCHRES0	437	drumlin	141027	B	C	core_destroyed	188
2026-08-13T00:23:01Z	LAUNCHRES0	438	fjordgate	141027	A	T	core_destroyed	184
2026-08-13T00:23:03Z	LAUNCHRES0	439	fjordgate	141027	B	C	core_destroyed	933
2026-08-13T00:23:06Z	LAUNCHRES0	440	heart	141027	A	T	core_destroyed	793
2026-08-13T00:23:09Z	LAUNCHRES0	441	heart	141027	B	C	tiebreak	1000
2026-08-13T00:23:10Z	LAUNCHRES0	442	hive	141027	A	C	core_destroyed	125
2026-08-13T00:23:12Z	LAUNCHRES0	443	hive	141027	B	C	core_destroyed	124
2026-08-13T00:23:13Z	LAUNCHRES0	444	meander	141027	A	C	core_destroyed	204
2026-08-13T00:23:15Z	LAUNCHRES0	445	meander	141027	B	C	core_destroyed	282
2026-08-13T00:23:19Z	LAUNCHRES0	446	nordkap	141027	A	T	core_destroyed	934
2026-08-13T00:23:20Z	LAUNCHRES0	447	nordkap	141027	B	T	core_destroyed	179
2026-08-13T00:23:22Z	LAUNCHRES0	448	antler	141028	A	T	core_destroyed	372
2026-08-13T00:23:23Z	LAUNCHRES0	449	antler	141028	B	C	core_destroyed	106
2026-08-13T00:23:32Z	LAUNCHRES0	450	atoll	141028	A	T	core_destroyed	874
2026-08-13T00:23:33Z	LAUNCHRES0	451	atoll	141028	B	C	core_destroyed	241
2026-08-13T00:23:36Z	LAUNCHRES0	452	drumlin	141028	A	T	core_destroyed	209
2026-08-13T00:23:37Z	LAUNCHRES0	453	drumlin	141028	B	C	core_destroyed	133
2026-08-13T00:23:38Z	LAUNCHRES0	454	fjordgate	141028	A	T	core_destroyed	245
2026-08-13T00:23:39Z	LAUNCHRES0	455	fjordgate	141028	B	C	core_destroyed	188
2026-08-13T00:23:41Z	LAUNCHRES0	456	heart	141028	A	T	core_destroyed	160
2026-08-13T00:23:58Z	LAUNCHRES0	457	heart	141028	B	C	core_destroyed	706
2026-08-13T00:24:00Z	LAUNCHRES0	458	hive	141028	A	C	core_destroyed	127
2026-08-13T00:24:02Z	LAUNCHRES0	459	hive	141028	B	C	core_destroyed	190
2026-08-13T00:24:03Z	LAUNCHRES0	460	meander	141028	A	C	core_destroyed	136
2026-08-13T00:24:04Z	LAUNCHRES0	461	meander	141028	B	C	core_destroyed	130
2026-08-13T00:24:06Z	LAUNCHRES0	462	nordkap	141028	A	C	core_destroyed	243
2026-08-13T00:24:07Z	LAUNCHRES0	463	nordkap	141028	B	C	core_destroyed	172
2026-08-13T00:24:09Z	LAUNCHRES0	464	antler	141029	A	C	core_destroyed	215
2026-08-13T00:24:11Z	LAUNCHRES0	465	antler	141029	B	T	core_destroyed	310
2026-08-13T00:24:13Z	LAUNCHRES0	466	atoll	141029	A	T	core_destroyed	347
2026-08-13T00:24:16Z	LAUNCHRES0	467	atoll	141029	B	T	core_destroyed	295
2026-08-13T00:24:17Z	LAUNCHRES0	468	drumlin	141029	A	T	core_destroyed	119
2026-08-13T00:24:23Z	LAUNCHRES0	469	drumlin	141029	B	T	core_destroyed	413
2026-08-13T00:24:25Z	LAUNCHRES0	470	fjordgate	141029	A	T	tiebreak	1000
2026-08-13T00:24:26Z	LAUNCHRES0	471	fjordgate	141029	B	T	core_destroyed	237
2026-08-13T00:24:28Z	LAUNCHRES0	472	heart	141029	A	T	core_destroyed	147
2026-08-13T00:24:30Z	LAUNCHRES0	473	heart	141029	B	C	core_destroyed	163
2026-08-13T00:24:32Z	LAUNCHRES0	474	hive	141029	A	T	core_destroyed	159
2026-08-13T00:24:37Z	LAUNCHRES0	475	hive	141029	B	T	core_destroyed	283
2026-08-13T00:24:39Z	LAUNCHRES0	476	meander	141029	A	C	core_destroyed	354
2026-08-13T00:24:41Z	LAUNCHRES0	477	meander	141029	B	T	core_destroyed	204
2026-08-13T00:24:42Z	LAUNCHRES0	478	nordkap	141029	A	C	core_destroyed	149
2026-08-13T00:24:43Z	LAUNCHRES0	479	nordkap	141029	B	C	core_destroyed	105
2026-08-13T00:24:45Z	LAUNCHRES0	480	antler	141030	A	C	core_destroyed	138
2026-08-13T00:24:48Z	LAUNCHRES0	481	antler	141030	B	T	core_destroyed	360
2026-08-13T00:24:49Z	LAUNCHRES0	482	atoll	141030	A	C	core_destroyed	91
2026-08-13T00:24:51Z	LAUNCHRES0	483	atoll	141030	B	C	core_destroyed	307
2026-08-13T00:24:55Z	LAUNCHRES0	484	drumlin	141030	A	C	core_destroyed	322
2026-08-13T00:24:57Z	LAUNCHRES0	485	drumlin	141030	B	T	core_destroyed	131
2026-08-13T00:24:58Z	LAUNCHRES0	486	fjordgate	141030	A	C	core_destroyed	121
2026-08-13T00:24:59Z	LAUNCHRES0	487	fjordgate	141030	B	C	core_destroyed	143
2026-08-13T00:25:05Z	LAUNCHRES0	488	heart	141030	A	C	core_destroyed	462
2026-08-13T00:25:07Z	LAUNCHRES0	489	heart	141030	B	T	core_destroyed	191
2026-08-13T00:25:10Z	LAUNCHRES0	490	hive	141030	A	C	core_destroyed	177
2026-08-13T00:25:11Z	LAUNCHRES0	491	hive	141030	B	T	core_destroyed	92
2026-08-13T00:25:13Z	LAUNCHRES0	492	meander	141030	A	C	core_destroyed	247
2026-08-13T00:25:14Z	LAUNCHRES0	493	meander	141030	B	T	core_destroyed	163
2026-08-13T00:25:18Z	LAUNCHRES0	494	nordkap	141030	A	C	core_destroyed	355
2026-08-13T00:25:19Z	LAUNCHRES0	495	nordkap	141030	B	T	core_destroyed	92
2026-08-13T00:25:20Z	LAUNCHRES0	496	antler	141031	A	C	core_destroyed	308
2026-08-13T00:25:23Z	LAUNCHRES0	497	antler	141031	B	T	core_destroyed	426
2026-08-13T00:25:24Z	LAUNCHRES0	498	atoll	141031	A	T	core_destroyed	538
2026-08-13T00:25:26Z	LAUNCHRES0	499	atoll	141031	B	T	core_destroyed	168
2026-08-13T00:25:30Z	LAUNCHRES0	500	drumlin	141031	A	T	core_destroyed	337
2026-08-13T00:25:31Z	LAUNCHRES0	501	drumlin	141031	B	T	core_destroyed	121
2026-08-13T00:25:33Z	LAUNCHRES0	502	fjordgate	141031	A	C	core_destroyed	213
2026-08-13T00:25:34Z	LAUNCHRES0	503	fjordgate	141031	B	C	core_destroyed	181
2026-08-13T00:25:35Z	LAUNCHRES0	504	heart	141031	A	T	core_destroyed	201
2026-08-13T00:25:42Z	LAUNCHRES0	505	heart	141031	B	C	core_destroyed	437
2026-08-13T00:25:47Z	LAUNCHRES0	506	hive	141031	A	T	core_destroyed	322
2026-08-13T00:25:48Z	LAUNCHRES0	507	hive	141031	B	C	core_destroyed	103
2026-08-13T00:25:50Z	LAUNCHRES0	508	meander	141031	A	T	core_destroyed	156
2026-08-13T00:25:52Z	LAUNCHRES0	509	meander	141031	B	C	core_destroyed	210
2026-08-13T00:25:53Z	LAUNCHRES0	510	nordkap	141031	A	C	core_destroyed	190
2026-08-13T00:25:55Z	LAUNCHRES0	511	nordkap	141031	B	T	core_destroyed	194
2026-08-13T00:25:56Z	LAUNCHRES0	512	antler	141032	A	T	core_destroyed	111
2026-08-13T00:25:58Z	LAUNCHRES0	513	antler	141032	B	C	core_destroyed	188
2026-08-13T00:26:00Z	LAUNCHRES0	514	atoll	141032	A	C	core_destroyed	223
2026-08-13T00:26:02Z	LAUNCHRES0	515	atoll	141032	B	C	core_destroyed	305
2026-08-13T00:26:06Z	LAUNCHRES0	516	drumlin	141032	A	T	core_destroyed	308
2026-08-13T00:26:09Z	LAUNCHRES0	517	drumlin	141032	B	T	core_destroyed	205
2026-08-13T00:26:10Z	LAUNCHRES0	518	fjordgate	141032	A	T	core_destroyed	202
2026-08-13T00:26:14Z	LAUNCHRES0	519	fjordgate	141032	B	T	tiebreak	1000
2026-08-13T00:26:18Z	LAUNCHRES0	520	heart	141032	A	C	core_destroyed	270
2026-08-13T00:26:23Z	LAUNCHRES0	521	heart	141032	B	C	core_destroyed	435
2026-08-13T00:26:25Z	LAUNCHRES0	522	hive	141032	A	T	core_destroyed	104
2026-08-13T00:26:29Z	LAUNCHRES0	523	hive	141032	B	T	core_destroyed	330
2026-08-13T00:26:31Z	LAUNCHRES0	524	meander	141032	A	C	core_destroyed	428
2026-08-13T00:26:33Z	LAUNCHRES0	525	meander	141032	B	T	core_destroyed	143
2026-08-13T00:26:36Z	LAUNCHRES0	526	nordkap	141032	A	T	tiebreak	1000
2026-08-13T00:26:37Z	LAUNCHRES0	527	nordkap	141032	B	T	core_destroyed	245
2026-08-13T00:26:40Z	LAUNCHRES0	528	antler	141033	A	T	tiebreak	1000
2026-08-13T00:26:42Z	LAUNCHRES0	529	antler	141033	B	T	core_destroyed	215
2026-08-13T00:26:44Z	LAUNCHRES0	530	atoll	141033	A	T	core_destroyed	322
2026-08-13T00:26:45Z	LAUNCHRES0	531	atoll	141033	B	T	core_destroyed	70
2026-08-13T00:26:48Z	LAUNCHRES0	532	drumlin	141033	A	C	core_destroyed	346
2026-08-13T00:26:50Z	LAUNCHRES0	533	drumlin	141033	B	T	core_destroyed	118
2026-08-13T00:26:51Z	LAUNCHRES0	534	fjordgate	141033	A	T	core_destroyed	193
2026-08-13T00:26:52Z	LAUNCHRES0	535	fjordgate	141033	B	C	core_destroyed	172
2026-08-13T00:26:54Z	LAUNCHRES0	536	heart	141033	A	T	core_destroyed	173
2026-08-13T00:26:56Z	LAUNCHRES0	537	heart	141033	B	T	core_destroyed	185
2026-08-13T00:27:02Z	LAUNCHRES0	538	hive	141033	A	T	core_destroyed	377
2026-08-13T00:27:05Z	LAUNCHRES0	539	hive	141033	B	T	core_destroyed	223
2026-08-13T00:27:07Z	LAUNCHRES0	540	meander	141033	A	T	core_destroyed	159
2026-08-13T00:27:09Z	LAUNCHRES0	541	meander	141033	B	T	core_destroyed	175
2026-08-13T00:27:11Z	LAUNCHRES0	542	nordkap	141033	A	C	tiebreak	1000
2026-08-13T00:27:14Z	LAUNCHRES0	543	nordkap	141033	B	C	core_destroyed	358
2026-08-13T00:27:17Z	LAUNCHRES0	544	antler	141034	A	C	core_destroyed	279
2026-08-13T00:27:18Z	LAUNCHRES0	545	antler	141034	B	C	core_destroyed	198
2026-08-13T00:27:20Z	LAUNCHRES0	546	atoll	141034	A	C	core_destroyed	603
2026-08-13T00:27:21Z	LAUNCHRES0	547	atoll	141034	B	T	core_destroyed	103
2026-08-13T00:27:26Z	LAUNCHRES0	548	drumlin	141034	A	C	core_destroyed	367
2026-08-13T00:27:29Z	LAUNCHRES0	549	drumlin	141034	B	C	core_destroyed	296
2026-08-13T00:27:32Z	LAUNCHRES0	550	fjordgate	141034	A	T	core_destroyed	388
2026-08-13T00:27:36Z	LAUNCHRES0	551	fjordgate	141034	B	C	core_destroyed	1000
2026-08-13T00:27:37Z	LAUNCHRES0	552	heart	141034	A	T	core_destroyed	89
2026-08-13T00:27:40Z	LAUNCHRES0	553	heart	141034	B	T	core_destroyed	162
2026-08-13T00:27:42Z	LAUNCHRES0	554	hive	141034	A	C	core_destroyed	102
2026-08-13T00:27:44Z	LAUNCHRES0	555	hive	141034	B	T	core_destroyed	196
2026-08-13T00:27:45Z	LAUNCHRES0	556	meander	141034	A	T	core_destroyed	129
2026-08-13T00:27:47Z	LAUNCHRES0	557	meander	141034	B	T	core_destroyed	140
2026-08-13T00:27:48Z	LAUNCHRES0	558	nordkap	141034	A	T	core_destroyed	208
2026-08-13T00:27:50Z	LAUNCHRES0	559	nordkap	141034	B	C	core_destroyed	154
2026-08-13T00:27:51Z	LAUNCHRES0	560	antler	141035	A	C	core_destroyed	346
2026-08-13T00:27:53Z	LAUNCHRES0	561	antler	141035	B	T	core_destroyed	501
2026-08-13T00:27:56Z	LAUNCHRES0	562	atoll	141035	A	C	core_destroyed	389
2026-08-13T00:28:02Z	LAUNCHRES0	563	atoll	141035	B	T	core_destroyed	537
2026-08-13T00:28:03Z	LAUNCHRES0	564	drumlin	141035	A	T	core_destroyed	96
2026-08-13T00:28:05Z	LAUNCHRES0	565	drumlin	141035	B	T	core_destroyed	134
2026-08-13T00:28:06Z	LAUNCHRES0	566	fjordgate	141035	A	T	core_destroyed	226
2026-08-13T00:28:08Z	LAUNCHRES0	567	fjordgate	141035	B	C	core_destroyed	109
2026-08-13T00:28:11Z	LAUNCHRES0	568	heart	141035	A	T	core_destroyed	285
2026-08-13T00:28:13Z	LAUNCHRES0	569	heart	141035	B	C	core_destroyed	699
2026-08-13T00:28:16Z	LAUNCHRES0	570	hive	141035	A	C	core_destroyed	193
2026-08-13T00:28:23Z	LAUNCHRES0	571	hive	141035	B	T	core_destroyed	436
2026-08-13T00:28:24Z	LAUNCHRES0	572	meander	141035	A	T	core_destroyed	162
2026-08-13T00:28:25Z	LAUNCHRES0	573	meander	141035	B	T	core_destroyed	144
2026-08-13T00:28:27Z	LAUNCHRES0	574	nordkap	141035	A	C	core_destroyed	229
2026-08-13T00:28:28Z	LAUNCHRES0	575	nordkap	141035	B	T	core_destroyed	284
2026-08-13T00:28:30Z	LAUNCHRES0	576	antler	141036	A	C	core_destroyed	161
2026-08-13T00:28:31Z	LAUNCHRES0	577	antler	141036	B	C	core_destroyed	160
2026-08-13T00:28:34Z	LAUNCHRES0	578	atoll	141036	A	C	core_destroyed	203
2026-08-13T00:28:36Z	LAUNCHRES0	579	atoll	141036	B	C	core_destroyed	687
2026-08-13T00:28:37Z	LAUNCHRES0	580	drumlin	141036	A	C	core_destroyed	107
2026-08-13T00:28:39Z	LAUNCHRES0	581	drumlin	141036	B	C	tiebreak	141
2026-08-13T00:28:41Z	LAUNCHRES0	582	fjordgate	141036	A	C	core_destroyed	233
2026-08-13T00:28:43Z	LAUNCHRES0	583	fjordgate	141036	B	T	core_destroyed	293
2026-08-13T00:28:48Z	LAUNCHRES0	584	heart	141036	A	T	tiebreak	1000
2026-08-13T00:28:51Z	LAUNCHRES0	585	heart	141036	B	C	core_destroyed	218
2026-08-13T00:28:52Z	LAUNCHRES0	586	hive	141036	A	T	core_destroyed	150
2026-08-13T00:28:55Z	LAUNCHRES0	587	hive	141036	B	C	core_destroyed	218
2026-08-13T00:28:56Z	LAUNCHRES0	588	meander	141036	A	T	core_destroyed	205
2026-08-13T00:28:57Z	LAUNCHRES0	589	meander	141036	B	T	core_destroyed	142
2026-08-13T00:28:59Z	LAUNCHRES0	590	nordkap	141036	A	T	core_destroyed	158
2026-08-13T00:29:02Z	LAUNCHRES0	591	nordkap	141036	B	C	core_destroyed	400
2026-08-13T00:29:03Z	LAUNCHRES0	592	antler	141037	A	C	core_destroyed	282
2026-08-13T00:29:05Z	LAUNCHRES0	593	antler	141037	B	C	core_destroyed	234
2026-08-13T00:29:07Z	LAUNCHRES0	594	atoll	141037	A	C	core_destroyed	205
2026-08-13T00:29:08Z	LAUNCHRES0	595	atoll	141037	B	T	core_destroyed	95
2026-08-13T00:29:10Z	LAUNCHRES0	596	drumlin	141037	A	T	core_destroyed	221
2026-08-13T00:29:13Z	LAUNCHRES0	597	drumlin	141037	B	T	core_destroyed	312
2026-08-13T00:29:14Z	LAUNCHRES0	598	fjordgate	141037	A	T	core_destroyed	128
2026-08-13T00:29:15Z	LAUNCHRES0	599	fjordgate	141037	B	C	core_destroyed	394
2026-08-13T00:29:17Z	LAUNCHRES0	600	heart	141037	A	T	core_destroyed	135
2026-08-13T00:29:20Z	LAUNCHRES0	601	heart	141037	B	C	core_destroyed	243
2026-08-13T00:29:24Z	LAUNCHRES0	602	hive	141037	A	C	core_destroyed	236
2026-08-13T00:29:25Z	LAUNCHRES0	603	hive	141037	B	C	core_destroyed	102
2026-08-13T00:29:27Z	LAUNCHRES0	604	meander	141037	A	C	core_destroyed	141
2026-08-13T00:29:29Z	LAUNCHRES0	605	meander	141037	B	T	core_destroyed	208
2026-08-13T00:29:31Z	LAUNCHRES0	606	nordkap	141037	A	T	core_destroyed	228
2026-08-13T00:29:34Z	LAUNCHRES0	607	nordkap	141037	B	T	tiebreak	1000
2026-08-13T00:29:35Z	LAUNCHRES0	608	antler	141038	A	T	core_destroyed	214
2026-08-13T00:29:37Z	LAUNCHRES0	609	antler	141038	B	C	core_destroyed	238
2026-08-13T00:29:38Z	LAUNCHRES0	610	atoll	141038	A	C	core_destroyed	118
2026-08-13T00:29:40Z	LAUNCHRES0	611	atoll	141038	B	T	core_destroyed	476
2026-08-13T00:29:42Z	LAUNCHRES0	612	drumlin	141038	A	C	core_destroyed	200
2026-08-13T00:29:46Z	LAUNCHRES0	613	drumlin	141038	B	C	core_destroyed	313
2026-08-13T00:29:47Z	LAUNCHRES0	614	fjordgate	141038	A	C	core_destroyed	106
2026-08-13T00:29:48Z	LAUNCHRES0	615	fjordgate	141038	B	T	core_destroyed	147
2026-08-13T00:29:50Z	LAUNCHRES0	616	heart	141038	A	T	core_destroyed	181
2026-08-13T00:29:53Z	LAUNCHRES0	617	heart	141038	B	T	core_destroyed	233
2026-08-13T00:29:56Z	LAUNCHRES0	618	hive	141038	A	T	core_destroyed	184
2026-08-13T00:30:01Z	LAUNCHRES0	619	hive	141038	B	T	core_destroyed	294
2026-08-13T00:30:02Z	LAUNCHRES0	620	meander	141038	A	C	core_destroyed	152
2026-08-13T00:30:04Z	LAUNCHRES0	621	meander	141038	B	C	core_destroyed	182
2026-08-13T00:30:05Z	LAUNCHRES0	622	nordkap	141038	A	C	core_destroyed	202
2026-08-13T00:30:07Z	LAUNCHRES0	623	nordkap	141038	B	C	core_destroyed	242
2026-08-13T00:30:09Z	LAUNCHRES0	624	antler	141039	A	C	core_destroyed	197
2026-08-13T00:30:11Z	LAUNCHRES0	625	antler	141039	B	T	core_destroyed	258
2026-08-13T00:30:12Z	LAUNCHRES0	626	atoll	141039	A	C	core_destroyed	132
2026-08-13T00:30:13Z	LAUNCHRES0	627	atoll	141039	B	C	core_destroyed	114
2026-08-13T00:30:15Z	LAUNCHRES0	628	drumlin	141039	A	C	core_destroyed	123
2026-08-13T00:30:16Z	LAUNCHRES0	629	drumlin	141039	B	T	core_destroyed	123
2026-08-13T00:30:18Z	LAUNCHRES0	630	fjordgate	141039	A	T	core_destroyed	420
2026-08-13T00:30:19Z	LAUNCHRES0	631	fjordgate	141039	B	C	core_destroyed	218
2026-08-13T00:30:22Z	LAUNCHRES0	632	heart	141039	A	T	tiebreak	1000
2026-08-13T00:30:27Z	LAUNCHRES0	633	heart	141039	B	C	tiebreak	1000
2026-08-13T00:30:28Z	LAUNCHRES0	634	hive	141039	A	C	core_destroyed	140
2026-08-13T00:30:34Z	LAUNCHRES0	635	hive	141039	B	T	core_destroyed	382
2026-08-13T00:30:35Z	LAUNCHRES0	636	meander	141039	A	C	core_destroyed	126
2026-08-13T00:30:37Z	LAUNCHRES0	637	meander	141039	B	T	core_destroyed	175
2026-08-13T00:30:38Z	LAUNCHRES0	638	nordkap	141039	A	C	core_destroyed	112
2026-08-13T00:30:40Z	LAUNCHRES0	639	nordkap	141039	B	C	core_destroyed	373
2026-08-13T00:30:43Z	LAUNCHRES0	640	antler	141040	A	T	core_destroyed	382
2026-08-13T00:30:44Z	LAUNCHRES0	641	antler	141040	B	C	core_destroyed	157
2026-08-13T00:30:46Z	LAUNCHRES0	642	atoll	141040	A	C	core_destroyed	424
2026-08-13T00:30:50Z	LAUNCHRES0	643	atoll	141040	B	C	core_destroyed	324
2026-08-13T00:30:54Z	LAUNCHRES0	644	drumlin	141040	A	C	core_destroyed	282
2026-08-13T00:30:56Z	LAUNCHRES0	645	drumlin	141040	B	C	core_destroyed	208
2026-08-13T00:30:58Z	LAUNCHRES0	646	fjordgate	141040	A	C	core_destroyed	281
2026-08-13T00:30:59Z	LAUNCHRES0	647	fjordgate	141040	B	C	core_destroyed	158
2026-08-13T00:31:08Z	LAUNCHRES0	648	heart	141040	A	T	tiebreak	1000
2026-08-13T00:31:10Z	LAUNCHRES0	649	heart	141040	B	C	core_destroyed	116
2026-08-13T00:31:12Z	LAUNCHRES0	650	hive	141040	A	C	core_destroyed	182
2026-08-13T00:31:16Z	LAUNCHRES0	651	hive	141040	B	C	core_destroyed	272
2026-08-13T00:31:18Z	LAUNCHRES0	652	meander	141040	A	C	core_destroyed	193
2026-08-13T00:31:20Z	LAUNCHRES0	653	meander	141040	B	C	core_destroyed	184
2026-08-13T00:31:21Z	LAUNCHRES0	654	nordkap	141040	A	T	core_destroyed	312
2026-08-13T00:31:23Z	LAUNCHRES0	655	nordkap	141040	B	C	core_destroyed	217
2026-08-13T00:31:25Z	LAUNCHRES0	656	antler	141041	A	T	core_destroyed	211
2026-08-13T00:31:26Z	LAUNCHRES0	657	antler	141041	B	T	core_destroyed	282
2026-08-13T00:31:28Z	LAUNCHRES0	658	atoll	141041	A	T	core_destroyed	281
2026-08-13T00:31:32Z	LAUNCHRES0	659	atoll	141041	B	T	core_destroyed	338
2026-08-13T00:31:34Z	LAUNCHRES0	660	drumlin	141041	A	T	core_destroyed	214
2026-08-13T00:31:36Z	LAUNCHRES0	661	drumlin	141041	B	C	tiebreak	141
2026-08-13T00:31:37Z	LAUNCHRES0	662	fjordgate	141041	A	T	core_destroyed	79
2026-08-13T00:31:38Z	LAUNCHRES0	663	fjordgate	141041	B	C	core_destroyed	162
2026-08-13T00:31:40Z	LAUNCHRES0	664	heart	141041	A	T	core_destroyed	102
2026-08-13T00:31:42Z	LAUNCHRES0	665	heart	141041	B	C	core_destroyed	147
2026-08-13T00:31:44Z	LAUNCHRES0	666	hive	141041	A	C	core_destroyed	102
2026-08-13T00:31:46Z	LAUNCHRES0	667	hive	141041	B	T	core_destroyed	99
2026-08-13T00:31:47Z	LAUNCHRES0	668	meander	141041	A	T	core_destroyed	236
2026-08-13T00:31:50Z	LAUNCHRES0	669	meander	141041	B	T	core_destroyed	239
2026-08-13T00:31:51Z	LAUNCHRES0	670	nordkap	141041	A	C	core_destroyed	219
2026-08-13T00:31:53Z	LAUNCHRES0	671	nordkap	141041	B	C	core_destroyed	228
2026-08-13T00:31:54Z	LAUNCHRES0	672	antler	141042	A	T	core_destroyed	132
2026-08-13T00:31:56Z	LAUNCHRES0	673	antler	141042	B	C	core_destroyed	178
2026-08-13T00:31:58Z	LAUNCHRES0	674	atoll	141042	A	T	core_destroyed	118
2026-08-13T00:31:59Z	LAUNCHRES0	675	atoll	141042	B	T	core_destroyed	126
2026-08-13T00:32:03Z	LAUNCHRES0	676	drumlin	141042	A	T	core_destroyed	361
2026-08-13T00:32:04Z	LAUNCHRES0	677	drumlin	141042	B	T	core_destroyed	86
2026-08-13T00:32:06Z	LAUNCHRES0	678	fjordgate	141042	A	T	core_destroyed	353
2026-08-13T00:32:07Z	LAUNCHRES0	679	fjordgate	141042	B	C	core_destroyed	92
2026-08-13T00:32:14Z	LAUNCHRES0	680	heart	141042	A	C	core_destroyed	366
2026-08-13T00:32:16Z	LAUNCHRES0	681	heart	141042	B	C	core_destroyed	186
2026-08-13T00:32:19Z	LAUNCHRES0	682	hive	141042	A	C	core_destroyed	184
2026-08-13T00:32:21Z	LAUNCHRES0	683	hive	141042	B	C	core_destroyed	130
2026-08-13T00:32:24Z	LAUNCHRES0	684	meander	141042	A	C	core_destroyed	320
2026-08-13T00:32:25Z	LAUNCHRES0	685	meander	141042	B	C	core_destroyed	116
2026-08-13T00:32:28Z	LAUNCHRES0	686	nordkap	141042	A	T	core_destroyed	326
2026-08-13T00:32:30Z	LAUNCHRES0	687	nordkap	141042	B	T	core_destroyed	162
2026-08-13T00:32:32Z	LAUNCHRES0	688	antler	141043	A	C	core_destroyed	381
2026-08-13T00:32:34Z	LAUNCHRES0	689	antler	141043	B	C	core_destroyed	296
2026-08-13T00:32:35Z	LAUNCHRES0	690	atoll	141043	A	C	core_destroyed	451
2026-08-13T00:32:37Z	LAUNCHRES0	691	atoll	141043	B	T	core_destroyed	120
2026-08-13T00:32:38Z	LAUNCHRES0	692	drumlin	141043	A	T	core_destroyed	149
2026-08-13T00:32:40Z	LAUNCHRES0	693	drumlin	141043	B	C	core_destroyed	116
2026-08-13T00:32:41Z	LAUNCHRES0	694	fjordgate	141043	A	T	core_destroyed	99
2026-08-13T00:32:43Z	LAUNCHRES0	695	fjordgate	141043	B	C	core_destroyed	154
2026-08-13T00:32:53Z	LAUNCHRES0	696	heart	141043	A	C	core_destroyed	572
2026-08-13T00:32:54Z	LAUNCHRES0	697	heart	141043	B	C	core_destroyed	160
2026-08-13T00:32:58Z	LAUNCHRES0	698	hive	141043	A	C	core_destroyed	208
2026-08-13T00:33:01Z	LAUNCHRES0	699	hive	141043	B	T	core_destroyed	245
2026-08-13T00:33:03Z	LAUNCHRES0	700	meander	141043	A	C	core_destroyed	147
2026-08-13T00:33:04Z	LAUNCHRES0	701	meander	141043	B	T	core_destroyed	138
2026-08-13T00:33:05Z	LAUNCHRES0	702	nordkap	141043	A	C	core_destroyed	262
2026-08-13T00:33:07Z	LAUNCHRES0	703	nordkap	141043	B	T	core_destroyed	223
2026-08-13T00:33:10Z	LAUNCHRES0	704	antler	141044	A	T	core_destroyed	513
2026-08-13T00:33:13Z	LAUNCHRES0	705	antler	141044	B	T	tiebreak	1000
2026-08-13T00:33:14Z	LAUNCHRES0	706	atoll	141044	A	T	core_destroyed	225
2026-08-13T00:33:16Z	LAUNCHRES0	707	atoll	141044	B	T	core_destroyed	197
2026-08-13T00:33:17Z	LAUNCHRES0	708	drumlin	141044	A	T	core_destroyed	159
2026-08-13T00:33:20Z	LAUNCHRES0	709	drumlin	141044	B	T	core_destroyed	243
2026-08-13T00:33:21Z	LAUNCHRES0	710	fjordgate	141044	A	T	core_destroyed	110
2026-08-13T00:33:23Z	LAUNCHRES0	711	fjordgate	141044	B	T	core_destroyed	190
2026-08-13T00:33:26Z	LAUNCHRES0	712	heart	141044	A	C	core_destroyed	329
2026-08-13T00:33:36Z	LAUNCHRES0	713	heart	141044	B	C	core_destroyed	446
2026-08-13T00:33:37Z	LAUNCHRES0	714	hive	141044	A	C	core_destroyed	97
2026-08-13T00:33:44Z	LAUNCHRES0	715	hive	141044	B	T	core_destroyed	483
2026-08-13T00:33:46Z	LAUNCHRES0	716	meander	141044	A	T	core_destroyed	176
2026-08-13T00:33:48Z	LAUNCHRES0	717	meander	141044	B	C	core_destroyed	234
2026-08-13T00:33:50Z	LAUNCHRES0	718	nordkap	141044	A	T	core_destroyed	274
2026-08-13T00:33:54Z	LAUNCHRES0	719	nordkap	141044	B	T	tiebreak	1000
2026-08-13T00:33:55Z	LAUNCHRES0	720	antler	141045	A	T	core_destroyed	130
2026-08-13T00:33:57Z	LAUNCHRES0	721	antler	141045	B	T	core_destroyed	266
2026-08-13T00:33:58Z	LAUNCHRES0	722	atoll	141045	A	C	core_destroyed	555
2026-08-13T00:34:00Z	LAUNCHRES0	723	atoll	141045	B	T	core_destroyed	555
2026-08-13T00:34:02Z	LAUNCHRES0	724	drumlin	141045	A	T	core_destroyed	281
2026-08-13T00:34:06Z	LAUNCHRES0	725	drumlin	141045	B	C	core_destroyed	242
2026-08-13T00:34:08Z	LAUNCHRES0	726	fjordgate	141045	A	C	core_destroyed	235
2026-08-13T00:34:09Z	LAUNCHRES0	727	fjordgate	141045	B	C	core_destroyed	176
2026-08-13T00:34:17Z	LAUNCHRES0	728	heart	141045	A	C	core_destroyed	411
2026-08-13T00:34:20Z	LAUNCHRES0	729	heart	141045	B	T	core_destroyed	214
2026-08-13T00:34:26Z	LAUNCHRES0	730	hive	141045	A	T	core_destroyed	413
2026-08-13T00:34:30Z	LAUNCHRES0	731	hive	141045	B	C	core_destroyed	240
2026-08-13T00:34:32Z	LAUNCHRES0	732	meander	141045	A	T	core_destroyed	231
2026-08-13T00:34:33Z	LAUNCHRES0	733	meander	141045	B	T	core_destroyed	152
2026-08-13T00:34:35Z	LAUNCHRES0	734	nordkap	141045	A	C	core_destroyed	243
2026-08-13T00:34:37Z	LAUNCHRES0	735	nordkap	141045	B	C	core_destroyed	184
2026-08-13T00:34:40Z	LAUNCHRES0	736	antler	141046	A	C	tiebreak	1000
2026-08-13T00:34:41Z	LAUNCHRES0	737	antler	141046	B	T	core_destroyed	296
2026-08-13T00:34:43Z	LAUNCHRES0	738	atoll	141046	A	C	core_destroyed	491
2026-08-13T00:34:45Z	LAUNCHRES0	739	atoll	141046	B	T	core_destroyed	125
2026-08-13T00:34:46Z	LAUNCHRES0	740	drumlin	141046	A	T	core_destroyed	158
2026-08-13T00:34:50Z	LAUNCHRES0	741	drumlin	141046	B	C	core_destroyed	333
2026-08-13T00:34:52Z	LAUNCHRES0	742	fjordgate	141046	A	C	core_destroyed	415
2026-08-13T00:34:53Z	LAUNCHRES0	743	fjordgate	141046	B	C	core_destroyed	230
2026-08-13T00:34:58Z	LAUNCHRES0	744	heart	141046	A	T	core_destroyed	395
2026-08-13T00:35:00Z	LAUNCHRES0	745	heart	141046	B	C	core_destroyed	223
2026-08-13T00:35:05Z	LAUNCHRES0	746	hive	141046	A	C	core_destroyed	333
2026-08-13T00:35:06Z	LAUNCHRES0	747	hive	141046	B	T	core_destroyed	102
2026-08-13T00:35:08Z	LAUNCHRES0	748	meander	141046	A	T	core_destroyed	104
2026-08-13T00:35:09Z	LAUNCHRES0	749	meander	141046	B	C	core_destroyed	290
2026-08-13T00:35:12Z	LAUNCHRES0	750	nordkap	141046	A	C	tiebreak	1000
2026-08-13T00:35:13Z	LAUNCHRES0	751	nordkap	141046	B	C	core_destroyed	167
2026-08-13T00:35:15Z	LAUNCHRES0	752	antler	141047	A	C	core_destroyed	163
2026-08-13T00:35:17Z	LAUNCHRES0	753	antler	141047	B	T	core_destroyed	439
2026-08-13T00:35:18Z	LAUNCHRES0	754	atoll	141047	A	C	core_destroyed	110
2026-08-13T00:35:20Z	LAUNCHRES0	755	atoll	141047	B	T	core_destroyed	189
2026-08-13T00:35:21Z	LAUNCHRES0	756	drumlin	141047	A	T	core_destroyed	126
2026-08-13T00:35:23Z	LAUNCHRES0	757	drumlin	141047	B	C	core_destroyed	186
2026-08-13T00:35:25Z	LAUNCHRES0	758	fjordgate	141047	A	T	tiebreak	1000
2026-08-13T00:35:27Z	LAUNCHRES0	759	fjordgate	141047	B	C	core_destroyed	159
2026-08-13T00:35:28Z	LAUNCHRES0	760	heart	141047	A	C	core_destroyed	171
2026-08-13T00:35:30Z	LAUNCHRES0	761	heart	141047	B	C	core_destroyed	140
2026-08-13T00:35:33Z	LAUNCHRES0	762	hive	141047	A	T	core_destroyed	278
2026-08-13T00:35:36Z	LAUNCHRES0	763	hive	141047	B	C	core_destroyed	154
2026-08-13T00:35:38Z	LAUNCHRES0	764	meander	141047	A	C	core_destroyed	298
2026-08-13T00:35:39Z	LAUNCHRES0	765	meander	141047	B	C	core_destroyed	108
2026-08-13T00:35:41Z	LAUNCHRES0	766	nordkap	141047	A	C	tiebreak	1000
2026-08-13T00:35:43Z	LAUNCHRES0	767	nordkap	141047	B	C	core_destroyed	276
2026-08-13T00:35:45Z	LAUNCHRES0	768	antler	141048	A	C	core_destroyed	341
2026-08-13T00:35:48Z	LAUNCHRES0	769	antler	141048	B	T	core_destroyed	301
2026-08-13T00:35:51Z	LAUNCHRES0	770	atoll	141048	A	C	core_destroyed	370
2026-08-13T00:35:53Z	LAUNCHRES0	771	atoll	141048	B	C	core_destroyed	720
2026-08-13T00:35:54Z	LAUNCHRES0	772	drumlin	141048	A	T	core_destroyed	141
2026-08-13T00:35:56Z	LAUNCHRES0	773	drumlin	141048	B	T	core_destroyed	127
2026-08-13T00:35:58Z	LAUNCHRES0	774	fjordgate	141048	A	C	core_destroyed	358
2026-08-13T00:36:00Z	LAUNCHRES0	775	fjordgate	141048	B	C	core_destroyed	446
2026-08-13T00:36:03Z	LAUNCHRES0	776	heart	141048	A	C	core_destroyed	152
2026-08-13T00:36:08Z	LAUNCHRES0	777	heart	141048	B	C	core_destroyed	513
2026-08-13T00:36:12Z	LAUNCHRES0	778	hive	141048	A	C	core_destroyed	272
2026-08-13T00:36:16Z	LAUNCHRES0	779	hive	141048	B	T	core_destroyed	242
2026-08-13T00:36:17Z	LAUNCHRES0	780	meander	141048	A	T	core_destroyed	129
2026-08-13T00:36:19Z	LAUNCHRES0	781	meander	141048	B	T	core_destroyed	181
2026-08-13T00:36:21Z	LAUNCHRES0	782	nordkap	141048	A	T	core_destroyed	517
2026-08-13T00:36:22Z	LAUNCHRES0	783	nordkap	141048	B	T	core_destroyed	770
2026-08-13T00:36:24Z	LAUNCHRES0	784	antler	141049	A	T	core_destroyed	136
2026-08-13T00:36:25Z	LAUNCHRES0	785	antler	141049	B	C	core_destroyed	272
2026-08-13T00:36:27Z	LAUNCHRES0	786	atoll	141049	A	T	core_destroyed	484
2026-08-13T00:36:30Z	LAUNCHRES0	787	atoll	141049	B	T	core_destroyed	602
2026-08-13T00:36:33Z	LAUNCHRES0	788	drumlin	141049	A	T	core_destroyed	241
2026-08-13T00:36:39Z	LAUNCHRES0	789	drumlin	141049	B	T	core_destroyed	491
2026-08-13T00:36:41Z	LAUNCHRES0	790	fjordgate	141049	A	T	core_destroyed	254
2026-08-13T00:36:42Z	LAUNCHRES0	791	fjordgate	141049	B	T	core_destroyed	225
2026-08-13T00:36:44Z	LAUNCHRES0	792	heart	141049	A	T	core_destroyed	244
2026-08-13T00:36:45Z	LAUNCHRES0	793	heart	141049	B	C	core_destroyed	177
2026-08-13T00:36:48Z	LAUNCHRES0	794	hive	141049	A	C	core_destroyed	208
2026-08-13T00:36:50Z	LAUNCHRES0	795	hive	141049	B	T	core_destroyed	98
2026-08-13T00:36:53Z	LAUNCHRES0	796	meander	141049	A	T	tiebreak	1000
2026-08-13T00:36:54Z	LAUNCHRES0	797	meander	141049	B	C	core_destroyed	206
2026-08-13T00:36:55Z	LAUNCHRES0	798	nordkap	141049	A	C	core_destroyed	208
2026-08-13T00:36:57Z	LAUNCHRES0	799	nordkap	141049	B	T	core_destroyed	129
2026-08-13T00:36:58Z	LAUNCHRES0	800	antler	141050	A	C	core_destroyed	435
2026-08-13T00:37:00Z	LAUNCHRES0	801	antler	141050	B	C	core_destroyed	160
2026-08-13T00:37:02Z	LAUNCHRES0	802	atoll	141050	A	C	core_destroyed	452
2026-08-13T00:37:03Z	LAUNCHRES0	803	atoll	141050	B	C	core_destroyed	141
2026-08-13T00:37:07Z	LAUNCHRES0	804	drumlin	141050	A	C	core_destroyed	354
2026-08-13T00:37:09Z	LAUNCHRES0	805	drumlin	141050	B	T	core_destroyed	197
2026-08-13T00:37:10Z	LAUNCHRES0	806	fjordgate	141050	A	T	core_destroyed	94
2026-08-13T00:37:12Z	LAUNCHRES0	807	fjordgate	141050	B	C	core_destroyed	219
2026-08-13T00:37:16Z	LAUNCHRES0	808	heart	141050	A	C	core_destroyed	253
2026-08-13T00:37:19Z	LAUNCHRES0	809	heart	141050	B	C	core_destroyed	126
2026-08-13T00:37:23Z	LAUNCHRES0	810	hive	141050	A	T	core_destroyed	397
2026-08-13T00:37:26Z	LAUNCHRES0	811	hive	141050	B	C	core_destroyed	176
2026-08-13T00:37:27Z	LAUNCHRES0	812	meander	141050	A	C	core_destroyed	146
2026-08-13T00:37:28Z	LAUNCHRES0	813	meander	141050	B	T	core_destroyed	129
2026-08-13T00:37:29Z	LAUNCHRES0	814	nordkap	141050	A	C	core_destroyed	109
2026-08-13T00:37:31Z	LAUNCHRES0	815	nordkap	141050	B	T	core_destroyed	210
2026-08-13T00:37:33Z	LAUNCHRES0	816	antler	141051	A	T	core_destroyed	470
2026-08-13T00:37:35Z	LAUNCHRES0	817	antler	141051	B	T	core_destroyed	334
2026-08-13T00:37:37Z	LAUNCHRES0	818	atoll	141051	A	T	core_destroyed	140
2026-08-13T00:37:40Z	LAUNCHRES0	819	atoll	141051	B	T	core_destroyed	510
2026-08-13T00:37:41Z	LAUNCHRES0	820	drumlin	141051	A	T	core_destroyed	141
2026-08-13T00:37:46Z	LAUNCHRES0	821	drumlin	141051	B	T	core_destroyed	296
2026-08-13T00:37:47Z	LAUNCHRES0	822	fjordgate	141051	A	T	core_destroyed	202
2026-08-13T00:37:48Z	LAUNCHRES0	823	fjordgate	141051	B	C	core_destroyed	97
2026-08-13T00:38:14Z	LAUNCHRES0	824	heart	141051	A	T	tiebreak	1000
2026-08-13T00:38:16Z	LAUNCHRES0	825	heart	141051	B	C	core_destroyed	166
2026-08-13T00:38:18Z	LAUNCHRES0	826	hive	141051	A	T	core_destroyed	104
2026-08-13T00:38:22Z	LAUNCHRES0	827	hive	141051	B	T	core_destroyed	284
2026-08-13T00:38:23Z	LAUNCHRES0	828	meander	141051	A	C	core_destroyed	223
2026-08-13T00:38:25Z	LAUNCHRES0	829	meander	141051	B	C	core_destroyed	197
2026-08-13T00:38:28Z	LAUNCHRES0	830	nordkap	141051	A	T	tiebreak	1000
2026-08-13T00:38:29Z	LAUNCHRES0	831	nordkap	141051	B	T	core_destroyed	116
2026-08-13T00:38:30Z	LAUNCHRES0	832	antler	141052	A	T	core_destroyed	90
2026-08-13T00:38:34Z	LAUNCHRES0	833	antler	141052	B	C	core_destroyed	573
2026-08-13T00:38:37Z	LAUNCHRES0	834	atoll	141052	A	T	core_destroyed	563
2026-08-13T00:38:39Z	LAUNCHRES0	835	atoll	141052	B	C	core_destroyed	236
2026-08-13T00:38:41Z	LAUNCHRES0	836	drumlin	141052	A	T	core_destroyed	135
2026-08-13T00:38:45Z	LAUNCHRES0	837	drumlin	141052	B	T	core_destroyed	457
2026-08-13T00:38:47Z	LAUNCHRES0	838	fjordgate	141052	A	T	core_destroyed	164
2026-08-13T00:38:49Z	LAUNCHRES0	839	fjordgate	141052	B	C	core_destroyed	388
2026-08-13T00:39:12Z	LAUNCHRES0	840	heart	141052	A	C	tiebreak	1000
2026-08-13T00:39:14Z	LAUNCHRES0	841	heart	141052	B	T	core_destroyed	135
2026-08-13T00:39:15Z	LAUNCHRES0	842	hive	141052	A	T	core_destroyed	108
2026-08-13T00:39:21Z	LAUNCHRES0	843	hive	141052	B	T	core_destroyed	396
2026-08-13T00:39:23Z	LAUNCHRES0	844	meander	141052	A	C	core_destroyed	192
2026-08-13T00:39:25Z	LAUNCHRES0	845	meander	141052	B	C	core_destroyed	150
2026-08-13T00:39:26Z	LAUNCHRES0	846	nordkap	141052	A	C	core_destroyed	179
2026-08-13T00:39:33Z	LAUNCHRES0	847	nordkap	141052	B	T	core_destroyed	500
2026-08-13T00:39:34Z	LAUNCHRES0	848	antler	141053	A	T	core_destroyed	288
2026-08-13T00:39:36Z	LAUNCHRES0	849	antler	141053	B	C	core_destroyed	166
2026-08-13T00:39:38Z	LAUNCHRES0	850	atoll	141053	A	T	core_destroyed	89
2026-08-13T00:39:39Z	LAUNCHRES0	851	atoll	141053	B	T	core_destroyed	236
2026-08-13T00:39:42Z	LAUNCHRES0	852	drumlin	141053	A	T	core_destroyed	247
2026-08-13T00:39:43Z	LAUNCHRES0	853	drumlin	141053	B	C	core_destroyed	87
2026-08-13T00:39:44Z	LAUNCHRES0	854	fjordgate	141053	A	C	core_destroyed	118
2026-08-13T00:39:46Z	LAUNCHRES0	855	fjordgate	141053	B	T	core_destroyed	314
2026-08-13T00:39:51Z	LAUNCHRES0	856	heart	141053	A	C	core_destroyed	696
2026-08-13T00:39:54Z	LAUNCHRES0	857	heart	141053	B	C	core_destroyed	515
2026-08-13T00:39:56Z	LAUNCHRES0	858	hive	141053	A	T	core_destroyed	200
2026-08-13T00:40:00Z	LAUNCHRES0	859	hive	141053	B	C	core_destroyed	397
2026-08-13T00:40:01Z	LAUNCHRES0	860	meander	141053	A	T	core_destroyed	92
2026-08-13T00:40:02Z	LAUNCHRES0	861	meander	141053	B	T	core_destroyed	133
2026-08-13T00:40:04Z	LAUNCHRES0	862	nordkap	141053	A	C	core_destroyed	770
2026-08-13T00:40:05Z	LAUNCHRES0	863	nordkap	141053	B	C	core_destroyed	102
2026-08-13T00:40:08Z	LAUNCHRES0	864	antler	141054	A	C	tiebreak	1000
2026-08-13T00:40:10Z	LAUNCHRES0	865	antler	141054	B	C	core_destroyed	335
2026-08-13T00:40:13Z	LAUNCHRES0	866	atoll	141054	A	T	core_destroyed	215
2026-08-13T00:40:15Z	LAUNCHRES0	867	atoll	141054	B	T	core_destroyed	153
2026-08-13T00:40:16Z	LAUNCHRES0	868	drumlin	141054	A	C	core_destroyed	190
2026-08-13T00:40:18Z	LAUNCHRES0	869	drumlin	141054	B	C	core_destroyed	217
2026-08-13T00:40:20Z	LAUNCHRES0	870	fjordgate	141054	A	T	core_destroyed	191
2026-08-13T00:40:21Z	LAUNCHRES0	871	fjordgate	141054	B	T	core_destroyed	521
2026-08-13T00:40:24Z	LAUNCHRES0	872	heart	141054	A	T	core_destroyed	135
2026-08-13T00:40:30Z	LAUNCHRES0	873	heart	141054	B	C	core_destroyed	336
2026-08-13T00:40:31Z	LAUNCHRES0	874	hive	141054	A	T	core_destroyed	122
2026-08-13T00:40:33Z	LAUNCHRES0	875	hive	141054	B	C	core_destroyed	124
2026-08-13T00:40:34Z	LAUNCHRES0	876	meander	141054	A	C	core_destroyed	116
2026-08-13T00:40:36Z	LAUNCHRES0	877	meander	141054	B	C	core_destroyed	161
2026-08-13T00:40:37Z	LAUNCHRES0	878	nordkap	141054	A	T	core_destroyed	179
2026-08-13T00:40:39Z	LAUNCHRES0	879	nordkap	141054	B	T	core_destroyed	535
2026-08-13T00:40:40Z	LAUNCHRES0	880	antler	141055	A	T	core_destroyed	194
2026-08-13T00:40:43Z	LAUNCHRES0	881	antler	141055	B	T	tiebreak	1000
2026-08-13T00:40:46Z	LAUNCHRES0	882	atoll	141055	A	T	core_destroyed	397
2026-08-13T00:40:49Z	LAUNCHRES0	883	atoll	141055	B	T	core_destroyed	236
2026-08-13T00:40:50Z	LAUNCHRES0	884	drumlin	141055	A	T	core_destroyed	121
2026-08-13T00:40:52Z	LAUNCHRES0	885	drumlin	141055	B	T	core_destroyed	148
2026-08-13T00:40:54Z	LAUNCHRES0	886	fjordgate	141055	A	C	core_destroyed	262
2026-08-13T00:40:56Z	LAUNCHRES0	887	fjordgate	141055	B	T	core_destroyed	639
2026-08-13T00:41:02Z	LAUNCHRES0	888	heart	141055	A	T	tiebreak	1000
2026-08-13T00:41:05Z	LAUNCHRES0	889	heart	141055	B	T	core_destroyed	518
2026-08-13T00:41:07Z	LAUNCHRES0	890	hive	141055	A	T	core_destroyed	129
2026-08-13T00:41:11Z	LAUNCHRES0	891	hive	141055	B	T	core_destroyed	299
2026-08-13T00:41:14Z	LAUNCHRES0	892	meander	141055	A	T	core_destroyed	268
2026-08-13T00:41:16Z	LAUNCHRES0	893	meander	141055	B	C	core_destroyed	324
2026-08-13T00:41:19Z	LAUNCHRES0	894	nordkap	141055	A	T	core_destroyed	229
2026-08-13T00:41:20Z	LAUNCHRES0	895	nordkap	141055	B	C	core_destroyed	315
2026-08-13T00:41:22Z	LAUNCHRES0	896	antler	141056	A	C	core_destroyed	176
2026-08-13T00:41:24Z	LAUNCHRES0	897	antler	141056	B	C	core_destroyed	116
2026-08-13T00:41:25Z	LAUNCHRES0	898	atoll	141056	A	T	core_destroyed	119
2026-08-13T00:41:26Z	LAUNCHRES0	899	atoll	141056	B	T	core_destroyed	206
2026-08-13T00:41:34Z	LAUNCHRES0	900	drumlin	141056	A	C	core_destroyed	637
2026-08-13T00:41:35Z	LAUNCHRES0	901	drumlin	141056	B	C	core_destroyed	137
2026-08-13T00:41:37Z	LAUNCHRES0	902	fjordgate	141056	A	T	core_destroyed	140
2026-08-13T00:41:38Z	LAUNCHRES0	903	fjordgate	141056	B	C	core_destroyed	117
2026-08-13T00:41:39Z	LAUNCHRES0	904	heart	141056	A	T	core_destroyed	242
2026-08-13T00:41:41Z	LAUNCHRES0	905	heart	141056	B	T	core_destroyed	246
2026-08-13T00:41:45Z	LAUNCHRES0	906	hive	141056	A	T	core_destroyed	262
2026-08-13T00:41:47Z	LAUNCHRES0	907	hive	141056	B	C	core_destroyed	235
2026-08-13T00:41:50Z	LAUNCHRES0	908	meander	141056	A	C	core_destroyed	268
2026-08-13T00:41:52Z	LAUNCHRES0	909	meander	141056	B	C	core_destroyed	254
2026-08-13T00:41:54Z	LAUNCHRES0	910	nordkap	141056	A	C	tiebreak	1000
2026-08-13T00:41:56Z	LAUNCHRES0	911	nordkap	141056	B	C	core_destroyed	227
2026-08-13T00:41:58Z	LAUNCHRES0	912	antler	141057	A	T	core_destroyed	293
2026-08-13T00:42:01Z	LAUNCHRES0	913	antler	141057	B	T	tiebreak	1000
2026-08-13T00:42:02Z	LAUNCHRES0	914	atoll	141057	A	C	core_destroyed	242
2026-08-13T00:42:04Z	LAUNCHRES0	915	atoll	141057	B	C	core_destroyed	463
2026-08-13T00:42:05Z	LAUNCHRES0	916	drumlin	141057	A	T	core_destroyed	131
2026-08-13T00:42:10Z	LAUNCHRES0	917	drumlin	141057	B	T	core_destroyed	381
2026-08-13T00:42:11Z	LAUNCHRES0	918	fjordgate	141057	A	T	core_destroyed	289
2026-08-13T00:42:14Z	LAUNCHRES0	919	fjordgate	141057	B	T	core_destroyed	642
2026-08-13T00:42:16Z	LAUNCHRES0	920	heart	141057	A	T	core_destroyed	128
2026-08-13T00:42:22Z	LAUNCHRES0	921	heart	141057	B	C	core_destroyed	726
2026-08-13T00:42:24Z	LAUNCHRES0	922	hive	141057	A	C	core_destroyed	193
2026-08-13T00:42:27Z	LAUNCHRES0	923	hive	141057	B	C	core_destroyed	182
2026-08-13T00:42:28Z	LAUNCHRES0	924	meander	141057	A	C	core_destroyed	151
2026-08-13T00:42:29Z	LAUNCHRES0	925	meander	141057	B	C	core_destroyed	164
2026-08-13T00:42:32Z	LAUNCHRES0	926	nordkap	141057	A	C	core_destroyed	253
2026-08-13T00:42:33Z	LAUNCHRES0	927	nordkap	141057	B	T	core_destroyed	198
2026-08-13T00:42:35Z	LAUNCHRES0	928	antler	141058	A	T	core_destroyed	597
2026-08-13T00:42:37Z	LAUNCHRES0	929	antler	141058	B	C	core_destroyed	411
2026-08-13T00:42:40Z	LAUNCHRES0	930	atoll	141058	A	C	tiebreak	1000
2026-08-13T00:42:44Z	LAUNCHRES0	931	atoll	141058	B	C	core_destroyed	501
2026-08-13T00:42:46Z	LAUNCHRES0	932	drumlin	141058	A	T	core_destroyed	243
2026-08-13T00:42:49Z	LAUNCHRES0	933	drumlin	141058	B	C	core_destroyed	188
2026-08-13T00:42:50Z	LAUNCHRES0	934	fjordgate	141058	A	T	core_destroyed	225
2026-08-13T00:42:51Z	LAUNCHRES0	935	fjordgate	141058	B	T	core_destroyed	149
2026-08-13T00:42:53Z	LAUNCHRES0	936	heart	141058	A	T	core_destroyed	194
2026-08-13T00:42:58Z	LAUNCHRES0	937	heart	141058	B	C	core_destroyed	239
2026-08-13T00:43:00Z	LAUNCHRES0	938	hive	141058	A	C	core_destroyed	194
2026-08-13T00:43:02Z	LAUNCHRES0	939	hive	141058	B	C	core_destroyed	122
2026-08-13T00:43:03Z	LAUNCHRES0	940	meander	141058	A	T	core_destroyed	104
2026-08-13T00:43:05Z	LAUNCHRES0	941	meander	141058	B	T	core_destroyed	151
2026-08-13T00:43:06Z	LAUNCHRES0	942	nordkap	141058	A	C	core_destroyed	153
2026-08-13T00:43:09Z	LAUNCHRES0	943	nordkap	141058	B	T	core_destroyed	311
2026-08-13T00:43:10Z	LAUNCHRES0	944	antler	141059	A	C	core_destroyed	239
2026-08-13T00:43:12Z	LAUNCHRES0	945	antler	141059	B	C	core_destroyed	337
2026-08-13T00:43:14Z	LAUNCHRES0	946	atoll	141059	A	T	core_destroyed	307
2026-08-13T00:43:25Z	LAUNCHRES0	947	atoll	141059	B	T	tiebreak	1000
2026-08-13T00:43:28Z	LAUNCHRES0	948	drumlin	141059	A	T	core_destroyed	174
2026-08-13T00:43:30Z	LAUNCHRES0	949	drumlin	141059	B	T	core_destroyed	247
2026-08-13T00:43:33Z	LAUNCHRES0	950	fjordgate	141059	A	C	core_destroyed	947
2026-08-13T00:43:34Z	LAUNCHRES0	951	fjordgate	141059	B	C	core_destroyed	145
2026-08-13T00:43:40Z	LAUNCHRES0	952	heart	141059	A	T	tiebreak	1000
2026-08-13T00:43:43Z	LAUNCHRES0	953	heart	141059	B	C	core_destroyed	384
2026-08-13T00:43:51Z	LAUNCHRES0	954	hive	141059	A	C	core_destroyed	570
2026-08-13T00:43:55Z	LAUNCHRES0	955	hive	141059	B	T	core_destroyed	224
2026-08-13T00:43:58Z	LAUNCHRES0	956	meander	141059	A	T	tiebreak	1000
2026-08-13T00:43:59Z	LAUNCHRES0	957	meander	141059	B	C	core_destroyed	130
2026-08-13T00:44:01Z	LAUNCHRES0	958	nordkap	141059	A	T	core_destroyed	180
2026-08-13T00:44:02Z	LAUNCHRES0	959	nordkap	141059	B	T	core_destroyed	124
2026-08-13T00:44:04Z	LAUNCHRES0	960	antler	141060	A	T	core_destroyed	252
2026-08-13T00:44:05Z	LAUNCHRES0	961	antler	141060	B	C	core_destroyed	136
2026-08-13T00:44:08Z	LAUNCHRES0	962	atoll	141060	A	C	tiebreak	1000
2026-08-13T00:44:10Z	LAUNCHRES0	963	atoll	141060	B	T	core_destroyed	136
2026-08-13T00:44:11Z	LAUNCHRES0	964	drumlin	141060	A	T	core_destroyed	110
2026-08-13T00:44:13Z	LAUNCHRES0	965	drumlin	141060	B	C	core_destroyed	208
2026-08-13T00:44:14Z	LAUNCHRES0	966	fjordgate	141060	A	T	core_destroyed	130
2026-08-13T00:44:16Z	LAUNCHRES0	967	fjordgate	141060	B	C	tiebreak	1000
2026-08-13T00:44:19Z	LAUNCHRES0	968	heart	141060	A	C	tiebreak	1000
2026-08-13T00:44:21Z	LAUNCHRES0	969	heart	141060	B	C	core_destroyed	773
2026-08-13T00:44:23Z	LAUNCHRES0	970	hive	141060	A	T	core_destroyed	150
2026-08-13T00:44:33Z	LAUNCHRES0	971	hive	141060	B	T	core_destroyed	711
2026-08-13T00:44:35Z	LAUNCHRES0	972	meander	141060	A	C	core_destroyed	199
2026-08-13T00:44:36Z	LAUNCHRES0	973	meander	141060	B	T	core_destroyed	191
2026-08-13T00:44:38Z	LAUNCHRES0	974	nordkap	141060	A	T	core_destroyed	149
2026-08-13T00:44:39Z	LAUNCHRES0	975	nordkap	141060	B	C	core_destroyed	114
2026-08-13T00:44:41Z	LAUNCHRES0	976	antler	141061	A	T	core_destroyed	459
2026-08-13T00:44:42Z	LAUNCHRES0	977	antler	141061	B	T	core_destroyed	193
2026-08-13T00:44:44Z	LAUNCHRES0	978	atoll	141061	A	T	core_destroyed	229
2026-08-13T00:44:46Z	LAUNCHRES0	979	atoll	141061	B	C	core_destroyed	596
2026-08-13T00:44:48Z	LAUNCHRES0	980	drumlin	141061	A	T	core_destroyed	116
2026-08-13T00:44:49Z	LAUNCHRES0	981	drumlin	141061	B	C	core_destroyed	121
2026-08-13T00:44:51Z	LAUNCHRES0	982	fjordgate	141061	A	T	core_destroyed	270
2026-08-13T00:44:52Z	LAUNCHRES0	983	fjordgate	141061	B	C	core_destroyed	98
2026-08-13T00:45:03Z	LAUNCHRES0	984	heart	141061	A	C	core_destroyed	425
2026-08-13T00:45:04Z	LAUNCHRES0	985	heart	141061	B	C	core_destroyed	157
2026-08-13T00:45:09Z	LAUNCHRES0	986	hive	141061	A	T	core_destroyed	314
2026-08-13T00:45:12Z	LAUNCHRES0	987	hive	141061	B	C	core_destroyed	269
2026-08-13T00:45:13Z	LAUNCHRES0	988	meander	141061	A	C	core_destroyed	137
2026-08-13T00:45:15Z	LAUNCHRES0	989	meander	141061	B	T	core_destroyed	195
2026-08-13T00:45:17Z	LAUNCHRES0	990	nordkap	141061	A	T	core_destroyed	492
2026-08-13T00:45:19Z	LAUNCHRES0	991	nordkap	141061	B	C	core_destroyed	168
2026-08-13T00:45:20Z	LAUNCHRES0	992	antler	141062	A	C	core_destroyed	353
2026-08-13T00:45:23Z	LAUNCHRES0	993	antler	141062	B	T	tiebreak	1000
2026-08-13T00:45:24Z	LAUNCHRES0	994	atoll	141062	A	C	core_destroyed	139
2026-08-13T00:45:26Z	LAUNCHRES0	995	atoll	141062	B	T	core_destroyed	242
2026-08-13T00:45:31Z	LAUNCHRES0	996	drumlin	141062	A	C	core_destroyed	463
2026-08-13T00:45:33Z	LAUNCHRES0	997	drumlin	141062	B	C	core_destroyed	97
2026-08-13T00:45:35Z	LAUNCHRES0	998	fjordgate	141062	A	T	core_destroyed	263
2026-08-13T00:45:36Z	LAUNCHRES0	999	fjordgate	141062	B	C	core_destroyed	216
2026-08-13T00:45:40Z	LAUNCHRES0	1000	heart	141062	A	C	core_destroyed	350
2026-08-13T00:45:44Z	LAUNCHRES0	1001	heart	141062	B	C	core_destroyed	244
2026-08-13T00:45:46Z	LAUNCHRES0	1002	hive	141062	A	T	core_destroyed	90
2026-08-13T00:45:51Z	LAUNCHRES0	1003	hive	141062	B	C	core_destroyed	306
2026-08-13T00:45:53Z	LAUNCHRES0	1004	meander	141062	A	C	core_destroyed	165
2026-08-13T00:45:55Z	LAUNCHRES0	1005	meander	141062	B	T	tiebreak	1000
2026-08-13T00:45:58Z	LAUNCHRES0	1006	nordkap	141062	A	T	core_destroyed	340
2026-08-13T00:45:59Z	LAUNCHRES0	1007	nordkap	141062	B	C	core_destroyed	86
2026-08-13T00:46:01Z	LAUNCHRES0	1008	antler	141063	A	T	core_destroyed	354
2026-08-13T00:46:03Z	LAUNCHRES0	1009	antler	141063	B	T	core_destroyed	232
2026-08-13T00:46:05Z	LAUNCHRES0	1010	atoll	141063	A	T	core_destroyed	390
2026-08-13T00:46:07Z	LAUNCHRES0	1011	atoll	141063	B	C	core_destroyed	457
2026-08-13T00:46:09Z	LAUNCHRES0	1012	drumlin	141063	A	T	core_destroyed	110
2026-08-13T00:46:10Z	LAUNCHRES0	1013	drumlin	141063	B	C	core_destroyed	216
2026-08-13T00:46:11Z	LAUNCHRES0	1014	fjordgate	141063	A	T	core_destroyed	110
2026-08-13T00:46:13Z	LAUNCHRES0	1015	fjordgate	141063	B	T	core_destroyed	263
2026-08-13T00:46:17Z	LAUNCHRES0	1016	heart	141063	A	T	core_destroyed	239
2026-08-13T00:46:21Z	LAUNCHRES0	1017	heart	141063	B	C	tiebreak	1000
2026-08-13T00:46:24Z	LAUNCHRES0	1018	hive	141063	A	C	core_destroyed	236
2026-08-13T00:46:28Z	LAUNCHRES0	1019	hive	141063	B	C	core_destroyed	276
2026-08-13T00:46:30Z	LAUNCHRES0	1020	meander	141063	A	T	core_destroyed	124
2026-08-13T00:46:32Z	LAUNCHRES0	1021	meander	141063	B	T	core_destroyed	205
2026-08-13T00:46:34Z	LAUNCHRES0	1022	nordkap	141063	A	C	core_destroyed	276
2026-08-13T00:46:36Z	LAUNCHRES0	1023	nordkap	141063	B	C	core_destroyed	285
2026-08-13T00:46:37Z	LAUNCHRES0	1024	antler	141064	A	T	core_destroyed	90
2026-08-13T00:46:38Z	LAUNCHRES0	1025	antler	141064	B	T	core_destroyed	186
2026-08-13T00:46:40Z	LAUNCHRES0	1026	atoll	141064	A	C	core_destroyed	189
2026-08-13T00:46:41Z	LAUNCHRES0	1027	atoll	141064	B	T	core_destroyed	63
2026-08-13T00:46:44Z	LAUNCHRES0	1028	drumlin	141064	A	T	core_destroyed	155
2026-08-13T00:46:49Z	LAUNCHRES0	1029	drumlin	141064	B	T	core_destroyed	389
2026-08-13T00:46:51Z	LAUNCHRES0	1030	fjordgate	141064	A	C	core_destroyed	242
2026-08-13T00:46:52Z	LAUNCHRES0	1031	fjordgate	141064	B	T	core_destroyed	194
2026-08-13T00:46:53Z	LAUNCHRES0	1032	heart	141064	A	T	core_destroyed	85
2026-08-13T00:46:56Z	LAUNCHRES0	1033	heart	141064	B	C	core_destroyed	333
2026-08-13T00:46:59Z	LAUNCHRES0	1034	hive	141064	A	C	core_destroyed	264
2026-08-13T00:47:04Z	LAUNCHRES0	1035	hive	141064	B	C	tiebreak	371
2026-08-13T00:47:06Z	LAUNCHRES0	1036	meander	141064	A	C	core_destroyed	176
2026-08-13T00:47:07Z	LAUNCHRES0	1037	meander	141064	B	T	core_destroyed	166
2026-08-13T00:47:09Z	LAUNCHRES0	1038	nordkap	141064	A	T	core_destroyed	108
2026-08-13T00:47:11Z	LAUNCHRES0	1039	nordkap	141064	B	T	tiebreak	1000
2026-08-13T00:47:13Z	LAUNCHRES0	1040	antler	141065	A	T	core_destroyed	217
2026-08-13T00:47:15Z	LAUNCHRES0	1041	antler	141065	B	C	core_destroyed	149
2026-08-13T00:47:17Z	LAUNCHRES0	1042	atoll	141065	A	T	core_destroyed	144
2026-08-13T00:47:18Z	LAUNCHRES0	1043	atoll	141065	B	T	core_destroyed	424
2026-08-13T00:47:21Z	LAUNCHRES0	1044	drumlin	141065	A	T	core_destroyed	179
2026-08-13T00:47:22Z	LAUNCHRES0	1045	drumlin	141065	B	C	core_destroyed	115
2026-08-13T00:47:23Z	LAUNCHRES0	1046	fjordgate	141065	A	C	core_destroyed	144
2026-08-13T00:47:25Z	LAUNCHRES0	1047	fjordgate	141065	B	C	core_destroyed	252
2026-08-13T00:47:26Z	LAUNCHRES0	1048	heart	141065	A	T	core_destroyed	166
2026-08-13T00:47:29Z	LAUNCHRES0	1049	heart	141065	B	C	core_destroyed	201
2026-08-13T00:47:32Z	LAUNCHRES0	1050	hive	141065	A	T	core_destroyed	174
2026-08-13T00:47:33Z	LAUNCHRES0	1051	hive	141065	B	C	core_destroyed	96
2026-08-13T00:47:34Z	LAUNCHRES0	1052	meander	141065	A	T	core_destroyed	116
2026-08-13T00:47:36Z	LAUNCHRES0	1053	meander	141065	B	C	core_destroyed	218
2026-08-13T00:47:41Z	LAUNCHRES0	1054	nordkap	141065	A	T	core_destroyed	433
2026-08-13T00:47:43Z	LAUNCHRES0	1055	nordkap	141065	B	T	core_destroyed	177
2026-08-13T00:47:45Z	LAUNCHRES0	1056	antler	141066	A	T	core_destroyed	313
2026-08-13T00:47:46Z	LAUNCHRES0	1057	antler	141066	B	T	core_destroyed	124
2026-08-13T00:47:52Z	LAUNCHRES0	1058	atoll	141066	A	T	core_destroyed	453
2026-08-13T00:47:53Z	LAUNCHRES0	1059	atoll	141066	B	C	core_destroyed	121
2026-08-13T00:47:58Z	LAUNCHRES0	1060	drumlin	141066	A	C	core_destroyed	341
2026-08-13T00:48:00Z	LAUNCHRES0	1061	drumlin	141066	B	T	core_destroyed	138
2026-08-13T00:48:02Z	LAUNCHRES0	1062	fjordgate	141066	A	T	core_destroyed	534
2026-08-13T00:48:04Z	LAUNCHRES0	1063	fjordgate	141066	B	C	core_destroyed	483
2026-08-13T00:48:06Z	LAUNCHRES0	1064	heart	141066	A	T	core_destroyed	284
2026-08-13T00:48:09Z	LAUNCHRES0	1065	heart	141066	B	T	core_destroyed	244
2026-08-13T00:48:13Z	LAUNCHRES0	1066	hive	141066	A	C	core_destroyed	206
2026-08-13T00:48:14Z	LAUNCHRES0	1067	hive	141066	B	T	core_destroyed	102
2026-08-13T00:48:16Z	LAUNCHRES0	1068	meander	141066	A	C	core_destroyed	152
2026-08-13T00:48:17Z	LAUNCHRES0	1069	meander	141066	B	T	core_destroyed	187
2026-08-13T00:48:23Z	LAUNCHRES0	1070	nordkap	141066	A	C	core_destroyed	665
2026-08-13T00:48:24Z	LAUNCHRES0	1071	nordkap	141066	B	T	core_destroyed	132
2026-08-13T00:48:25Z	LAUNCHRES0	1072	antler	141067	A	T	core_destroyed	128
2026-08-13T00:48:27Z	LAUNCHRES0	1073	antler	141067	B	C	core_destroyed	168
2026-08-13T00:48:28Z	LAUNCHRES0	1074	atoll	141067	A	C	core_destroyed	87
2026-08-13T00:48:30Z	LAUNCHRES0	1075	atoll	141067	B	C	core_destroyed	222
2026-08-13T00:48:34Z	LAUNCHRES0	1076	drumlin	141067	A	T	core_destroyed	336
2026-08-13T00:48:37Z	LAUNCHRES0	1077	drumlin	141067	B	C	core_destroyed	248
2026-08-13T00:48:39Z	LAUNCHRES0	1078	fjordgate	141067	A	T	core_destroyed	149
2026-08-13T00:48:40Z	LAUNCHRES0	1079	fjordgate	141067	B	C	core_destroyed	151
2026-08-13T00:48:43Z	LAUNCHRES0	1080	heart	141067	A	T	core_destroyed	899
2026-08-13T00:48:44Z	LAUNCHRES0	1081	heart	141067	B	C	core_destroyed	93
2026-08-13T00:48:49Z	LAUNCHRES0	1082	hive	141067	A	C	core_destroyed	318
2026-08-13T00:48:51Z	LAUNCHRES0	1083	hive	141067	B	C	core_destroyed	125
2026-08-13T00:48:52Z	LAUNCHRES0	1084	meander	141067	A	C	core_destroyed	130
2026-08-13T00:48:54Z	LAUNCHRES0	1085	meander	141067	B	C	core_destroyed	143
2026-08-13T00:48:55Z	LAUNCHRES0	1086	nordkap	141067	A	T	core_destroyed	144
2026-08-13T00:48:57Z	LAUNCHRES0	1087	nordkap	141067	B	C	core_destroyed	272
2026-08-13T00:48:59Z	LAUNCHRES0	1088	antler	141068	A	T	core_destroyed	233
2026-08-13T00:49:01Z	LAUNCHRES0	1089	antler	141068	B	C	core_destroyed	172
2026-08-13T00:49:02Z	LAUNCHRES0	1090	atoll	141068	A	C	core_destroyed	284
2026-08-13T00:49:04Z	LAUNCHRES0	1091	atoll	141068	B	C	core_destroyed	121
2026-08-13T00:49:06Z	LAUNCHRES0	1092	drumlin	141068	A	T	core_destroyed	189
2026-08-13T00:49:13Z	LAUNCHRES0	1093	drumlin	141068	B	T	core_destroyed	540
2026-08-13T00:49:14Z	LAUNCHRES0	1094	fjordgate	141068	A	C	core_destroyed	167
2026-08-13T00:49:15Z	LAUNCHRES0	1095	fjordgate	141068	B	C	core_destroyed	173
2026-08-13T00:49:19Z	LAUNCHRES0	1096	heart	141068	A	T	tiebreak	1000
2026-08-13T00:49:25Z	LAUNCHRES0	1097	heart	141068	B	C	tiebreak	1000
2026-08-13T00:49:29Z	LAUNCHRES0	1098	hive	141068	A	C	core_destroyed	283
2026-08-13T00:49:31Z	LAUNCHRES0	1099	hive	141068	B	T	core_destroyed	110
2026-08-13T00:49:33Z	LAUNCHRES0	1100	meander	141068	A	T	core_destroyed	168
2026-08-13T00:49:34Z	LAUNCHRES0	1101	meander	141068	B	C	core_destroyed	200
2026-08-13T00:49:36Z	LAUNCHRES0	1102	nordkap	141068	A	T	core_destroyed	158
2026-08-13T00:49:37Z	LAUNCHRES0	1103	nordkap	141068	B	T	core_destroyed	135
2026-08-13T00:49:39Z	LAUNCHRES0	1104	antler	141069	A	C	core_destroyed	176
2026-08-13T00:49:40Z	LAUNCHRES0	1105	antler	141069	B	C	core_destroyed	558
2026-08-13T00:49:42Z	LAUNCHRES0	1106	atoll	141069	A	C	core_destroyed	471
2026-08-13T00:49:44Z	LAUNCHRES0	1107	atoll	141069	B	T	core_destroyed	172
2026-08-13T00:49:46Z	LAUNCHRES0	1108	drumlin	141069	A	T	core_destroyed	247
2026-08-13T00:49:50Z	LAUNCHRES0	1109	drumlin	141069	B	C	core_destroyed	334
2026-08-13T00:49:51Z	LAUNCHRES0	1110	fjordgate	141069	A	C	core_destroyed	333
2026-08-13T00:49:53Z	LAUNCHRES0	1111	fjordgate	141069	B	T	core_destroyed	173
2026-08-13T00:49:57Z	LAUNCHRES0	1112	heart	141069	A	C	tiebreak	1000
2026-08-13T00:50:11Z	LAUNCHRES0	1113	heart	141069	B	T	core_destroyed	1000
2026-08-13T00:50:16Z	LAUNCHRES0	1114	hive	141069	A	C	core_destroyed	405
2026-08-13T00:50:21Z	LAUNCHRES0	1115	hive	141069	B	T	core_destroyed	483
2026-08-13T00:50:23Z	LAUNCHRES0	1116	meander	141069	A	C	core_destroyed	136
2026-08-13T00:50:24Z	LAUNCHRES0	1117	meander	141069	B	C	core_destroyed	138
2026-08-13T00:50:26Z	LAUNCHRES0	1118	nordkap	141069	A	T	core_destroyed	495
2026-08-13T00:50:28Z	LAUNCHRES0	1119	nordkap	141069	B	C	core_destroyed	293
2026-08-13T00:50:29Z	LAUNCHRES0	1120	antler	141070	A	T	core_destroyed	334
2026-08-13T00:50:30Z	LAUNCHRES0	1121	antler	141070	B	T	core_destroyed	127
2026-08-13T00:50:36Z	LAUNCHRES0	1122	atoll	141070	A	C	core_destroyed	442
2026-08-13T00:50:38Z	LAUNCHRES0	1123	atoll	141070	B	C	core_destroyed	140
2026-08-13T00:50:40Z	LAUNCHRES0	1124	drumlin	141070	A	C	core_destroyed	181
2026-08-13T00:50:41Z	LAUNCHRES0	1125	drumlin	141070	B	C	core_destroyed	106
2026-08-13T00:50:42Z	LAUNCHRES0	1126	fjordgate	141070	A	C	core_destroyed	133
2026-08-13T00:50:44Z	LAUNCHRES0	1127	fjordgate	141070	B	C	core_destroyed	487
2026-08-13T00:50:46Z	LAUNCHRES0	1128	heart	141070	A	T	core_destroyed	119
2026-08-13T00:50:52Z	LAUNCHRES0	1129	heart	141070	B	C	core_destroyed	496
2026-08-13T00:51:00Z	LAUNCHRES0	1130	hive	141070	A	C	core_destroyed	500
2026-08-13T00:51:05Z	LAUNCHRES0	1131	hive	141070	B	T	core_destroyed	353
2026-08-13T00:51:06Z	LAUNCHRES0	1132	meander	141070	A	T	core_destroyed	136
2026-08-13T00:51:09Z	LAUNCHRES0	1133	meander	141070	B	T	core_destroyed	366
2026-08-13T00:51:12Z	LAUNCHRES0	1134	nordkap	141070	A	C	core_destroyed	299
2026-08-13T00:51:14Z	LAUNCHRES0	1135	nordkap	141070	B	C	core_destroyed	196
2026-08-13T00:51:15Z	LAUNCHRES0	1136	antler	141071	A	C	core_destroyed	188
2026-08-13T00:51:17Z	LAUNCHRES0	1137	antler	141071	B	C	core_destroyed	159
2026-08-13T00:51:20Z	LAUNCHRES0	1138	atoll	141071	A	C	core_destroyed	738
2026-08-13T00:51:23Z	LAUNCHRES0	1139	atoll	141071	B	T	core_destroyed	279
2026-08-13T00:51:27Z	LAUNCHRES0	1140	drumlin	141071	A	C	core_destroyed	425
2026-08-13T00:51:29Z	LAUNCHRES0	1141	drumlin	141071	B	C	core_destroyed	106
2026-08-13T00:51:30Z	LAUNCHRES0	1142	fjordgate	141071	A	T	core_destroyed	156
2026-08-13T00:51:31Z	LAUNCHRES0	1143	fjordgate	141071	B	C	core_destroyed	167
2026-08-13T00:51:35Z	LAUNCHRES0	1144	heart	141071	A	T	core_destroyed	252
2026-08-13T00:51:38Z	LAUNCHRES0	1145	heart	141071	B	T	core_destroyed	518
2026-08-13T00:51:40Z	LAUNCHRES0	1146	hive	141071	A	C	core_destroyed	232
2026-08-13T00:51:50Z	LAUNCHRES0	1147	hive	141071	B	C	core_destroyed	592
2026-08-13T00:51:51Z	LAUNCHRES0	1148	meander	141071	A	T	core_destroyed	110
2026-08-13T00:51:52Z	LAUNCHRES0	1149	meander	141071	B	T	core_destroyed	205
2026-08-13T00:51:54Z	LAUNCHRES0	1150	nordkap	141071	A	C	core_destroyed	705
2026-08-13T00:51:56Z	LAUNCHRES0	1151	nordkap	141071	B	C	core_destroyed	230
2026-08-13T00:51:58Z	LAUNCHRES0	1152	antler	141072	A	T	core_destroyed	494
2026-08-13T00:52:00Z	LAUNCHRES0	1153	antler	141072	B	T	core_destroyed	388
2026-08-13T00:52:02Z	LAUNCHRES0	1154	atoll	141072	A	C	core_destroyed	110
2026-08-13T00:52:08Z	LAUNCHRES0	1155	atoll	141072	B	C	core_destroyed	561
2026-08-13T00:52:10Z	LAUNCHRES0	1156	drumlin	141072	A	T	core_destroyed	130
2026-08-13T00:52:17Z	LAUNCHRES0	1157	drumlin	141072	B	T	core_destroyed	494
2026-08-13T00:52:18Z	LAUNCHRES0	1158	fjordgate	141072	A	C	core_destroyed	369
2026-08-13T00:52:19Z	LAUNCHRES0	1159	fjordgate	141072	B	T	core_destroyed	227
2026-08-13T00:52:29Z	LAUNCHRES0	1160	heart	141072	A	C	core_destroyed	406
2026-08-13T00:52:39Z	LAUNCHRES0	1161	heart	141072	B	C	tiebreak	1000
2026-08-13T00:52:41Z	LAUNCHRES0	1162	hive	141072	A	T	core_destroyed	193
2026-08-13T00:52:42Z	LAUNCHRES0	1163	hive	141072	B	C	core_destroyed	82
2026-08-13T00:52:44Z	LAUNCHRES0	1164	meander	141072	A	T	core_destroyed	153
2026-08-13T00:52:46Z	LAUNCHRES0	1165	meander	141072	B	T	core_destroyed	459
2026-08-13T00:52:47Z	LAUNCHRES0	1166	nordkap	141072	A	T	core_destroyed	130
2026-08-13T00:52:48Z	LAUNCHRES0	1167	nordkap	141072	B	T	core_destroyed	163
2026-08-13T00:52:50Z	LAUNCHRES0	1168	antler	141073	A	C	core_destroyed	154
2026-08-13T00:52:52Z	LAUNCHRES0	1169	antler	141073	B	C	core_destroyed	288
2026-08-13T00:52:56Z	LAUNCHRES0	1170	atoll	141073	A	C	core_destroyed	423
2026-08-13T00:52:58Z	LAUNCHRES0	1171	atoll	141073	B	T	core_destroyed	277
2026-08-13T00:53:00Z	LAUNCHRES0	1172	drumlin	141073	A	T	core_destroyed	94
2026-08-13T00:53:01Z	LAUNCHRES0	1173	drumlin	141073	B	C	core_destroyed	97
2026-08-13T00:53:02Z	LAUNCHRES0	1174	fjordgate	141073	A	T	core_destroyed	146
2026-08-13T00:53:04Z	LAUNCHRES0	1175	fjordgate	141073	B	C	core_destroyed	234
2026-08-13T00:53:06Z	LAUNCHRES0	1176	heart	141073	A	T	core_destroyed	133
2026-08-13T00:53:11Z	LAUNCHRES0	1177	heart	141073	B	C	core_destroyed	452
2026-08-13T00:53:13Z	LAUNCHRES0	1178	hive	141073	A	C	core_destroyed	110
2026-08-13T00:53:17Z	LAUNCHRES0	1179	hive	141073	B	T	core_destroyed	273
2026-08-13T00:53:19Z	LAUNCHRES0	1180	meander	141073	A	C	core_destroyed	342
2026-08-13T00:53:21Z	LAUNCHRES0	1181	meander	141073	B	C	core_destroyed	279
2026-08-13T00:53:23Z	LAUNCHRES0	1182	nordkap	141073	A	T	core_destroyed	490
2026-08-13T00:53:27Z	LAUNCHRES0	1183	nordkap	141073	B	C	core_destroyed	366
2026-08-13T00:53:30Z	LAUNCHRES0	1184	antler	141074	A	C	tiebreak	1000
2026-08-13T00:53:32Z	LAUNCHRES0	1185	antler	141074	B	C	core_destroyed	361
2026-08-13T00:53:34Z	LAUNCHRES0	1186	atoll	141074	A	C	tiebreak	1000
2026-08-13T00:53:36Z	LAUNCHRES0	1187	atoll	141074	B	T	core_destroyed	198
2026-08-13T00:53:39Z	LAUNCHRES0	1188	drumlin	141074	A	T	core_destroyed	175
2026-08-13T00:53:43Z	LAUNCHRES0	1189	drumlin	141074	B	T	core_destroyed	457
2026-08-13T00:53:44Z	LAUNCHRES0	1190	fjordgate	141074	A	C	core_destroyed	163
2026-08-13T00:53:46Z	LAUNCHRES0	1191	fjordgate	141074	B	C	core_destroyed	443
2026-08-13T00:53:50Z	LAUNCHRES0	1192	heart	141074	A	C	core_destroyed	421
2026-08-13T00:54:00Z	LAUNCHRES0	1193	heart	141074	B	C	tiebreak	1000
2026-08-13T00:54:03Z	LAUNCHRES0	1194	hive	141074	A	T	core_destroyed	249
2026-08-13T00:54:07Z	LAUNCHRES0	1195	hive	141074	B	T	core_destroyed	360
2026-08-13T00:54:09Z	LAUNCHRES0	1196	meander	141074	A	T	core_destroyed	130
2026-08-13T00:54:10Z	LAUNCHRES0	1197	meander	141074	B	T	core_destroyed	132
2026-08-13T00:54:11Z	LAUNCHRES0	1198	nordkap	141074	A	C	core_destroyed	407
2026-08-13T00:54:13Z	LAUNCHRES0	1199	nordkap	141074	B	C	core_destroyed	381
2026-08-13T00:54:16Z	LAUNCHRES0	1200	antler	141075	A	T	core_destroyed	313
2026-08-13T00:54:17Z	LAUNCHRES0	1201	antler	141075	B	C	core_destroyed	317
2026-08-13T00:54:19Z	LAUNCHRES0	1202	atoll	141075	A	T	tiebreak	1000
2026-08-13T00:54:23Z	LAUNCHRES0	1203	atoll	141075	B	T	core_destroyed	403
2026-08-13T00:54:28Z	LAUNCHRES0	1204	drumlin	141075	A	C	core_destroyed	379
2026-08-13T00:54:32Z	LAUNCHRES0	1205	drumlin	141075	B	T	core_destroyed	319
2026-08-13T00:54:34Z	LAUNCHRES0	1206	fjordgate	141075	A	T	core_destroyed	242
2026-08-13T00:54:35Z	LAUNCHRES0	1207	fjordgate	141075	B	C	core_destroyed	258
2026-08-13T00:54:36Z	LAUNCHRES0	1208	heart	141075	A	T	core_destroyed	133
2026-08-13T00:54:42Z	LAUNCHRES0	1209	heart	141075	B	C	tiebreak	1000
2026-08-13T00:54:43Z	LAUNCHRES0	1210	hive	141075	A	C	core_destroyed	140
2026-08-13T00:54:46Z	LAUNCHRES0	1211	hive	141075	B	C	core_destroyed	201
2026-08-13T00:54:47Z	LAUNCHRES0	1212	meander	141075	A	T	core_destroyed	209
2026-08-13T00:54:50Z	LAUNCHRES0	1213	meander	141075	B	C	core_destroyed	302
2026-08-13T00:54:52Z	LAUNCHRES0	1214	nordkap	141075	A	T	core_destroyed	267
2026-08-13T00:54:53Z	LAUNCHRES0	1215	nordkap	141075	B	C	core_destroyed	167
2026-08-13T00:54:56Z	LAUNCHRES0	1216	antler	141076	A	T	core_destroyed	523
2026-08-13T00:54:57Z	LAUNCHRES0	1217	antler	141076	B	T	core_destroyed	187
2026-08-13T00:54:59Z	LAUNCHRES0	1218	atoll	141076	A	C	core_destroyed	132
2026-08-13T00:55:00Z	LAUNCHRES0	1219	atoll	141076	B	T	core_destroyed	101
2026-08-13T00:55:01Z	LAUNCHRES0	1220	drumlin	141076	A	T	core_destroyed	90
2026-08-13T00:55:05Z	LAUNCHRES0	1221	drumlin	141076	B	T	core_destroyed	250
2026-08-13T00:55:06Z	LAUNCHRES0	1222	fjordgate	141076	A	T	core_destroyed	128
2026-08-13T00:55:08Z	LAUNCHRES0	1223	fjordgate	141076	B	C	core_destroyed	645
2026-08-13T00:55:19Z	LAUNCHRES0	1224	heart	141076	A	T	core_destroyed	617
2026-08-13T00:55:21Z	LAUNCHRES0	1225	heart	141076	B	C	core_destroyed	153
2026-08-13T00:55:25Z	LAUNCHRES0	1226	hive	141076	A	T	core_destroyed	300
2026-08-13T00:55:28Z	LAUNCHRES0	1227	hive	141076	B	T	core_destroyed	280
2026-08-13T00:55:30Z	LAUNCHRES0	1228	meander	141076	A	C	core_destroyed	190
2026-08-13T00:55:32Z	LAUNCHRES0	1229	meander	141076	B	T	core_destroyed	176
2026-08-13T00:55:34Z	LAUNCHRES0	1230	nordkap	141076	A	C	core_destroyed	216
2026-08-13T00:55:35Z	LAUNCHRES0	1231	nordkap	141076	B	C	core_destroyed	157
2026-08-13T00:55:36Z	LAUNCHRES0	1232	antler	141077	A	C	core_destroyed	129
2026-08-13T00:55:38Z	LAUNCHRES0	1233	antler	141077	B	T	core_destroyed	178
2026-08-13T00:55:40Z	LAUNCHRES0	1234	atoll	141077	A	T	core_destroyed	657
2026-08-13T00:55:41Z	LAUNCHRES0	1235	atoll	141077	B	T	core_destroyed	160
2026-08-13T00:55:48Z	LAUNCHRES0	1236	drumlin	141077	A	C	core_destroyed	562
2026-08-13T00:55:54Z	LAUNCHRES0	1237	drumlin	141077	B	T	core_destroyed	324
2026-08-13T00:55:55Z	LAUNCHRES0	1238	fjordgate	141077	A	T	core_destroyed	94
2026-08-13T00:55:56Z	LAUNCHRES0	1239	fjordgate	141077	B	C	core_destroyed	227
2026-08-13T00:55:59Z	LAUNCHRES0	1240	heart	141077	A	C	core_destroyed	150
2026-08-13T00:56:02Z	LAUNCHRES0	1241	heart	141077	B	C	tiebreak	1000
2026-08-13T00:56:05Z	LAUNCHRES0	1242	hive	141077	A	C	core_destroyed	149
2026-08-13T00:56:06Z	LAUNCHRES0	1243	hive	141077	B	T	core_destroyed	112
2026-08-13T00:56:08Z	LAUNCHRES0	1244	meander	141077	A	T	tiebreak	1000
2026-08-13T00:56:10Z	LAUNCHRES0	1245	meander	141077	B	C	core_destroyed	217
2026-08-13T00:56:12Z	LAUNCHRES0	1246	nordkap	141077	A	T	core_destroyed	319
2026-08-13T00:56:14Z	LAUNCHRES0	1247	nordkap	141077	B	T	tiebreak	1000
2026-08-13T00:56:15Z	LAUNCHRES0	1248	antler	141078	A	T	core_destroyed	256
2026-08-13T00:56:17Z	LAUNCHRES0	1249	antler	141078	B	T	core_destroyed	126
2026-08-13T00:56:18Z	LAUNCHRES0	1250	atoll	141078	A	C	core_destroyed	124
2026-08-13T00:56:22Z	LAUNCHRES0	1251	atoll	141078	B	C	core_destroyed	557
2026-08-13T00:56:23Z	LAUNCHRES0	1252	drumlin	141078	A	T	core_destroyed	143
2026-08-13T00:56:25Z	LAUNCHRES0	1253	drumlin	141078	B	C	core_destroyed	94
2026-08-13T00:56:26Z	LAUNCHRES0	1254	fjordgate	141078	A	C	core_destroyed	162
2026-08-13T00:56:27Z	LAUNCHRES0	1255	fjordgate	141078	B	C	core_destroyed	131
2026-08-13T00:56:29Z	LAUNCHRES0	1256	heart	141078	A	T	core_destroyed	157
2026-08-13T00:56:31Z	LAUNCHRES0	1257	heart	141078	B	C	core_destroyed	119
2026-08-13T00:56:35Z	LAUNCHRES0	1258	hive	141078	A	C	core_destroyed	245
2026-08-13T00:56:41Z	LAUNCHRES0	1259	hive	141078	B	T	core_destroyed	348
2026-08-13T00:56:42Z	LAUNCHRES0	1260	meander	141078	A	T	core_destroyed	120
2026-08-13T00:56:43Z	LAUNCHRES0	1261	meander	141078	B	C	core_destroyed	150
2026-08-13T00:56:46Z	LAUNCHRES0	1262	nordkap	141078	A	C	core_destroyed	300
2026-08-13T00:56:48Z	LAUNCHRES0	1263	nordkap	141078	B	C	core_destroyed	176
2026-08-13T00:56:50Z	LAUNCHRES0	1264	antler	141079	A	T	core_destroyed	382
2026-08-13T00:56:53Z	LAUNCHRES0	1265	antler	141079	B	C	core_destroyed	453
2026-08-13T00:57:01Z	LAUNCHRES0	1266	atoll	141079	A	T	core_destroyed	545
2026-08-13T00:57:03Z	LAUNCHRES0	1267	atoll	141079	B	T	core_destroyed	154
2026-08-13T00:57:06Z	LAUNCHRES0	1268	drumlin	141079	A	T	core_destroyed	226
2026-08-13T00:57:10Z	LAUNCHRES0	1269	drumlin	141079	B	C	core_destroyed	263
2026-08-13T00:57:11Z	LAUNCHRES0	1270	fjordgate	141079	A	T	core_destroyed	89
2026-08-13T00:57:15Z	LAUNCHRES0	1271	fjordgate	141079	B	C	tiebreak	1000
2026-08-13T00:57:25Z	LAUNCHRES0	1272	heart	141079	A	C	core_destroyed	470
2026-08-13T00:57:27Z	LAUNCHRES0	1273	heart	141079	B	C	core_destroyed	158
2026-08-13T00:57:29Z	LAUNCHRES0	1274	hive	141079	A	T	core_destroyed	121
2026-08-13T00:57:31Z	LAUNCHRES0	1275	hive	141079	B	T	core_destroyed	149
2026-08-13T00:57:32Z	LAUNCHRES0	1276	meander	141079	A	T	core_destroyed	96
2026-08-13T00:57:34Z	LAUNCHRES0	1277	meander	141079	B	C	core_destroyed	120
2026-08-13T00:57:35Z	LAUNCHRES0	1278	nordkap	141079	A	T	core_destroyed	90
2026-08-13T00:57:41Z	LAUNCHRES0	1279	nordkap	141079	B	T	core_destroyed	824
2026-08-13T00:57:45Z	LAUNCHRES0	1280	antler	141080	A	C	core_destroyed	389
2026-08-13T00:57:47Z	LAUNCHRES0	1281	antler	141080	B	T	core_destroyed	302
2026-08-13T00:57:48Z	LAUNCHRES0	1282	atoll	141080	A	C	core_destroyed	150
2026-08-13T00:57:50Z	LAUNCHRES0	1283	atoll	141080	B	C	core_destroyed	157
2026-08-13T00:57:52Z	LAUNCHRES0	1284	drumlin	141080	A	T	core_destroyed	136
2026-08-13T00:57:54Z	LAUNCHRES0	1285	drumlin	141080	B	C	core_destroyed	217
2026-08-13T00:57:55Z	LAUNCHRES0	1286	fjordgate	141080	A	T	core_destroyed	133
2026-08-13T00:57:56Z	LAUNCHRES0	1287	fjordgate	141080	B	C	core_destroyed	127
2026-08-13T00:57:58Z	LAUNCHRES0	1288	heart	141080	A	C	core_destroyed	111
2026-08-13T00:58:00Z	LAUNCHRES0	1289	heart	141080	B	C	core_destroyed	781
2026-08-13T00:58:03Z	LAUNCHRES0	1290	hive	141080	A	T	core_destroyed	168
2026-08-13T00:58:10Z	LAUNCHRES0	1291	hive	141080	B	T	core_destroyed	527
2026-08-13T00:58:11Z	LAUNCHRES0	1292	meander	141080	A	T	core_destroyed	202
2026-08-13T00:58:13Z	LAUNCHRES0	1293	meander	141080	B	C	core_destroyed	214
2026-08-13T00:58:14Z	LAUNCHRES0	1294	nordkap	141080	A	T	core_destroyed	223
2026-08-13T00:58:16Z	LAUNCHRES0	1295	nordkap	141080	B	T	tiebreak	1000
2026-08-13T00:58:18Z	LAUNCHRES0	1296	antler	141081	A	T	core_destroyed	459
2026-08-13T00:58:21Z	LAUNCHRES0	1297	antler	141081	B	T	tiebreak	1000
2026-08-13T00:58:22Z	LAUNCHRES0	1298	atoll	141081	A	C	core_destroyed	86
2026-08-13T00:58:25Z	LAUNCHRES0	1299	atoll	141081	B	T	core_destroyed	431
2026-08-13T00:58:28Z	LAUNCHRES0	1300	drumlin	141081	A	T	core_destroyed	221
2026-08-13T00:58:29Z	LAUNCHRES0	1301	drumlin	141081	B	C	core_destroyed	90
2026-08-13T00:58:30Z	LAUNCHRES0	1302	fjordgate	141081	A	T	core_destroyed	245
2026-08-13T00:58:31Z	LAUNCHRES0	1303	fjordgate	141081	B	C	core_destroyed	128
2026-08-13T00:58:34Z	LAUNCHRES0	1304	heart	141081	A	C	core_destroyed	142
2026-08-13T00:58:40Z	LAUNCHRES0	1305	heart	141081	B	T	core_destroyed	369
2026-08-13T00:58:42Z	LAUNCHRES0	1306	hive	141081	A	T	core_destroyed	162
2026-08-13T00:58:44Z	LAUNCHRES0	1307	hive	141081	B	C	core_destroyed	142
2026-08-13T00:58:45Z	LAUNCHRES0	1308	meander	141081	A	C	core_destroyed	208
2026-08-13T00:58:46Z	LAUNCHRES0	1309	meander	141081	B	C	core_destroyed	150
2026-08-13T00:58:48Z	LAUNCHRES0	1310	nordkap	141081	A	T	core_destroyed	256
2026-08-13T00:58:50Z	LAUNCHRES0	1311	nordkap	141081	B	C	core_destroyed	293
2026-08-13T00:58:52Z	LAUNCHRES0	1312	antler	141082	A	C	core_destroyed	427
2026-08-13T00:58:54Z	LAUNCHRES0	1313	antler	141082	B	C	core_destroyed	215
2026-08-13T00:58:55Z	LAUNCHRES0	1314	atoll	141082	A	C	core_destroyed	175
2026-08-13T00:58:56Z	LAUNCHRES0	1315	atoll	141082	B	T	core_destroyed	115
2026-08-13T00:58:59Z	LAUNCHRES0	1316	drumlin	141082	A	T	core_destroyed	233
2026-08-13T00:59:03Z	LAUNCHRES0	1317	drumlin	141082	B	T	core_destroyed	305
2026-08-13T00:59:04Z	LAUNCHRES0	1318	fjordgate	141082	A	T	core_destroyed	140
2026-08-13T00:59:06Z	LAUNCHRES0	1319	fjordgate	141082	B	T	core_destroyed	660
2026-08-13T00:59:12Z	LAUNCHRES0	1320	heart	141082	A	T	core_destroyed	358
2026-08-13T00:59:14Z	LAUNCHRES0	1321	heart	141082	B	C	core_destroyed	193
2026-08-13T00:59:18Z	LAUNCHRES0	1322	hive	141082	A	T	core_destroyed	260
2026-08-13T00:59:22Z	LAUNCHRES0	1323	hive	141082	B	C	core_destroyed	272
2026-08-13T00:59:24Z	LAUNCHRES0	1324	meander	141082	A	C	core_destroyed	198
2026-08-13T00:59:25Z	LAUNCHRES0	1325	meander	141082	B	C	core_destroyed	229
2026-08-13T00:59:27Z	LAUNCHRES0	1326	nordkap	141082	A	T	core_destroyed	147
2026-08-13T00:59:28Z	LAUNCHRES0	1327	nordkap	141082	B	C	core_destroyed	112
2026-08-13T00:59:30Z	LAUNCHRES0	1328	antler	141083	A	T	tiebreak	1000
2026-08-13T00:59:33Z	LAUNCHRES0	1329	antler	141083	B	T	core_destroyed	421
2026-08-13T00:59:35Z	LAUNCHRES0	1330	atoll	141083	A	C	core_destroyed	166
2026-08-13T00:59:36Z	LAUNCHRES0	1331	atoll	141083	B	T	core_destroyed	106
2026-08-13T00:59:38Z	LAUNCHRES0	1332	drumlin	141083	A	T	core_destroyed	190
2026-08-13T00:59:39Z	LAUNCHRES0	1333	drumlin	141083	B	C	core_destroyed	108
2026-08-13T00:59:40Z	LAUNCHRES0	1334	fjordgate	141083	A	T	core_destroyed	120
2026-08-13T00:59:42Z	LAUNCHRES0	1335	fjordgate	141083	B	C	core_destroyed	170
2026-08-13T00:59:51Z	LAUNCHRES0	1336	heart	141083	A	T	core_destroyed	785
2026-08-13T00:59:52Z	LAUNCHRES0	1337	heart	141083	B	C	core_destroyed	204
2026-08-13T00:59:54Z	LAUNCHRES0	1338	hive	141083	A	T	core_destroyed	196
2026-08-13T00:59:56Z	LAUNCHRES0	1339	hive	141083	B	T	core_destroyed	215
2026-08-13T00:59:58Z	LAUNCHRES0	1340	meander	141083	A	T	core_destroyed	372
2026-08-13T01:00:01Z	LAUNCHRES0	1341	meander	141083	B	C	tiebreak	1000
2026-08-13T01:00:04Z	LAUNCHRES0	1342	nordkap	141083	A	C	core_destroyed	299
2026-08-13T01:00:06Z	LAUNCHRES0	1343	nordkap	141083	B	T	core_destroyed	232
2026-08-13T01:00:08Z	LAUNCHRES0	1344	antler	141084	A	C	tiebreak	1000
2026-08-13T01:00:09Z	LAUNCHRES0	1345	antler	141084	B	C	core_destroyed	158
2026-08-13T01:00:12Z	LAUNCHRES0	1346	atoll	141084	A	C	core_destroyed	164
2026-08-13T01:00:15Z	LAUNCHRES0	1347	atoll	141084	B	C	core_destroyed	321
2026-08-13T01:00:17Z	LAUNCHRES0	1348	drumlin	141084	A	T	core_destroyed	191
2026-08-13T01:00:22Z	LAUNCHRES0	1349	drumlin	141084	B	C	core_destroyed	344
2026-08-13T01:00:23Z	LAUNCHRES0	1350	fjordgate	141084	A	T	core_destroyed	160
2026-08-13T01:00:24Z	LAUNCHRES0	1351	fjordgate	141084	B	T	core_destroyed	108
2026-08-13T01:00:26Z	LAUNCHRES0	1352	heart	141084	A	T	core_destroyed	694
2026-08-13T01:00:28Z	LAUNCHRES0	1353	heart	141084	B	C	core_destroyed	116
2026-08-13T01:00:30Z	LAUNCHRES0	1354	hive	141084	A	T	core_destroyed	173
2026-08-13T01:00:31Z	LAUNCHRES0	1355	hive	141084	B	T	core_destroyed	92
2026-08-13T01:00:32Z	LAUNCHRES0	1356	meander	141084	A	T	core_destroyed	143
2026-08-13T01:00:34Z	LAUNCHRES0	1357	meander	141084	B	C	core_destroyed	283
2026-08-13T01:00:36Z	LAUNCHRES0	1358	nordkap	141084	A	C	core_destroyed	183
2026-08-13T01:00:38Z	LAUNCHRES0	1359	nordkap	141084	B	C	core_destroyed	490
2026-08-13T01:00:39Z	LAUNCHRES0	1360	antler	141085	A	C	core_destroyed	210
2026-08-13T01:00:41Z	LAUNCHRES0	1361	antler	141085	B	C	core_destroyed	243
2026-08-13T01:00:44Z	LAUNCHRES0	1362	atoll	141085	A	T	core_destroyed	279
2026-08-13T01:00:47Z	LAUNCHRES0	1363	atoll	141085	B	T	core_destroyed	301
2026-08-13T01:00:49Z	LAUNCHRES0	1364	drumlin	141085	A	C	core_destroyed	183
2026-08-13T01:00:57Z	LAUNCHRES0	1365	drumlin	141085	B	T	core_destroyed	513
2026-08-13T01:00:58Z	LAUNCHRES0	1366	fjordgate	141085	A	T	core_destroyed	445
2026-08-13T01:00:59Z	LAUNCHRES0	1367	fjordgate	141085	B	C	core_destroyed	175
2026-08-13T01:01:01Z	LAUNCHRES0	1368	heart	141085	A	T	core_destroyed	144
2026-08-13T01:01:04Z	LAUNCHRES0	1369	heart	141085	B	T	core_destroyed	275
2026-08-13T01:01:07Z	LAUNCHRES0	1370	hive	141085	A	T	core_destroyed	147
2026-08-13T01:01:10Z	LAUNCHRES0	1371	hive	141085	B	C	core_destroyed	203
2026-08-13T01:01:11Z	LAUNCHRES0	1372	meander	141085	A	C	core_destroyed	134
2026-08-13T01:01:12Z	LAUNCHRES0	1373	meander	141085	B	T	core_destroyed	102
2026-08-13T01:01:14Z	LAUNCHRES0	1374	nordkap	141085	A	T	core_destroyed	176
2026-08-13T01:01:15Z	LAUNCHRES0	1375	nordkap	141085	B	C	core_destroyed	394
2026-08-13T01:01:19Z	LAUNCHRES0	1376	antler	141086	A	T	core_destroyed	308
2026-08-13T01:01:20Z	LAUNCHRES0	1377	antler	141086	B	T	core_destroyed	175
2026-08-13T01:01:24Z	LAUNCHRES0	1378	atoll	141086	A	T	core_destroyed	324
2026-08-13T01:01:26Z	LAUNCHRES0	1379	atoll	141086	B	C	core_destroyed	415
2026-08-13T01:01:30Z	LAUNCHRES0	1380	drumlin	141086	A	T	core_destroyed	298
2026-08-13T01:01:33Z	LAUNCHRES0	1381	drumlin	141086	B	C	core_destroyed	411
2026-08-13T01:01:35Z	LAUNCHRES0	1382	fjordgate	141086	A	T	core_destroyed	933
2026-08-13T01:01:36Z	LAUNCHRES0	1383	fjordgate	141086	B	C	core_destroyed	159
2026-08-13T01:01:40Z	LAUNCHRES0	1384	heart	141086	A	C	core_destroyed	954
2026-08-13T01:01:42Z	LAUNCHRES0	1385	heart	141086	B	T	core_destroyed	254
2026-08-13T01:01:46Z	LAUNCHRES0	1386	hive	141086	A	C	core_destroyed	259
2026-08-13T01:01:52Z	LAUNCHRES0	1387	hive	141086	B	T	core_destroyed	346
2026-08-13T01:01:53Z	LAUNCHRES0	1388	meander	141086	A	T	core_destroyed	170
2026-08-13T01:01:54Z	LAUNCHRES0	1389	meander	141086	B	C	core_destroyed	124
2026-08-13T01:01:55Z	LAUNCHRES0	1390	nordkap	141086	A	T	core_destroyed	113
2026-08-13T01:01:58Z	LAUNCHRES0	1391	nordkap	141086	B	C	core_destroyed	289
2026-08-13T01:02:00Z	LAUNCHRES0	1392	antler	141087	A	C	core_destroyed	500
2026-08-13T01:02:02Z	LAUNCHRES0	1393	antler	141087	B	C	core_destroyed	296
2026-08-13T01:02:03Z	LAUNCHRES0	1394	atoll	141087	A	C	core_destroyed	116
2026-08-13T01:02:05Z	LAUNCHRES0	1395	atoll	141087	B	T	core_destroyed	276
2026-08-13T01:02:11Z	LAUNCHRES0	1396	drumlin	141087	A	C	core_destroyed	584
2026-08-13T01:02:14Z	LAUNCHRES0	1397	drumlin	141087	B	T	core_destroyed	243
2026-08-13T01:02:15Z	LAUNCHRES0	1398	fjordgate	141087	A	C	core_destroyed	150
2026-08-13T01:02:16Z	LAUNCHRES0	1399	fjordgate	141087	B	T	core_destroyed	115
2026-08-13T01:02:19Z	LAUNCHRES0	1400	heart	141087	A	C	core_destroyed	635
2026-08-13T01:02:22Z	LAUNCHRES0	1401	heart	141087	B	C	tiebreak	1000
2026-08-13T01:02:24Z	LAUNCHRES0	1402	hive	141087	A	C	core_destroyed	99
2026-08-13T01:02:26Z	LAUNCHRES0	1403	hive	141087	B	C	core_destroyed	173
2026-08-13T01:02:27Z	LAUNCHRES0	1404	meander	141087	A	C	core_destroyed	170
2026-08-13T01:02:30Z	LAUNCHRES0	1405	meander	141087	B	C	core_destroyed	273
2026-08-13T01:02:33Z	LAUNCHRES0	1406	nordkap	141087	A	C	core_destroyed	334
2026-08-13T01:02:34Z	LAUNCHRES0	1407	nordkap	141087	B	C	core_destroyed	151
2026-08-13T01:02:36Z	LAUNCHRES0	1408	antler	141088	A	T	core_destroyed	162
2026-08-13T01:02:39Z	LAUNCHRES0	1409	antler	141088	B	T	tiebreak	1000
2026-08-13T01:02:41Z	LAUNCHRES0	1410	atoll	141088	A	C	core_destroyed	473
2026-08-13T01:02:44Z	LAUNCHRES0	1411	atoll	141088	B	C	core_destroyed	535
2026-08-13T01:02:45Z	LAUNCHRES0	1412	drumlin	141088	A	C	core_destroyed	108
2026-08-13T01:02:46Z	LAUNCHRES0	1413	drumlin	141088	B	C	core_destroyed	119
2026-08-13T01:02:48Z	LAUNCHRES0	1414	fjordgate	141088	A	T	core_destroyed	205
2026-08-13T01:02:49Z	LAUNCHRES0	1415	fjordgate	141088	B	T	core_destroyed	271
2026-08-13T01:03:00Z	LAUNCHRES0	1416	heart	141088	A	T	core_destroyed	470
2026-08-13T01:03:03Z	LAUNCHRES0	1417	heart	141088	B	T	core_destroyed	227
2026-08-13T01:03:05Z	LAUNCHRES0	1418	hive	141088	A	T	core_destroyed	112
2026-08-13T01:03:09Z	LAUNCHRES0	1419	hive	141088	B	T	core_destroyed	250
2026-08-13T01:03:11Z	LAUNCHRES0	1420	meander	141088	A	C	core_destroyed	192
2026-08-13T01:03:12Z	LAUNCHRES0	1421	meander	141088	B	T	core_destroyed	162
2026-08-13T01:03:14Z	LAUNCHRES0	1422	nordkap	141088	A	C	core_destroyed	222
2026-08-13T01:03:16Z	LAUNCHRES0	1423	nordkap	141088	B	T	tiebreak	1000
2026-08-13T01:03:17Z	LAUNCHRES0	1424	antler	141089	A	T	core_destroyed	155
2026-08-13T01:03:19Z	LAUNCHRES0	1425	antler	141089	B	C	core_destroyed	411
2026-08-13T01:03:20Z	LAUNCHRES0	1426	atoll	141089	A	C	core_destroyed	78
2026-08-13T01:03:22Z	LAUNCHRES0	1427	atoll	141089	B	C	core_destroyed	225
2026-08-13T01:03:25Z	LAUNCHRES0	1428	drumlin	141089	A	T	core_destroyed	254
2026-08-13T01:03:27Z	LAUNCHRES0	1429	drumlin	141089	B	C	core_destroyed	113
2026-08-13T01:03:28Z	LAUNCHRES0	1430	fjordgate	141089	A	T	core_destroyed	117
2026-08-13T01:03:29Z	LAUNCHRES0	1431	fjordgate	141089	B	C	core_destroyed	99
2026-08-13T01:03:35Z	LAUNCHRES0	1432	heart	141089	A	T	tiebreak	1000
2026-08-13T01:03:37Z	LAUNCHRES0	1433	heart	141089	B	C	core_destroyed	250
2026-08-13T01:03:39Z	LAUNCHRES0	1434	hive	141089	A	C	core_destroyed	106
2026-08-13T01:03:43Z	LAUNCHRES0	1435	hive	141089	B	C	core_destroyed	269
2026-08-13T01:03:45Z	LAUNCHRES0	1436	meander	141089	A	T	core_destroyed	236
2026-08-13T01:03:47Z	LAUNCHRES0	1437	meander	141089	B	C	core_destroyed	223
2026-08-13T01:03:50Z	LAUNCHRES0	1438	nordkap	141089	A	C	core_destroyed	303
2026-08-13T01:03:51Z	LAUNCHRES0	1439	nordkap	141089	B	T	core_destroyed	124
2026-08-13T01:03:54Z	LAUNCHRES0	1440	antler	141090	A	C	core_destroyed	448
2026-08-13T01:03:56Z	LAUNCHRES0	1441	antler	141090	B	C	core_destroyed	220
2026-08-13T01:03:57Z	LAUNCHRES0	1442	atoll	141090	A	C	core_destroyed	120
2026-08-13T01:04:03Z	LAUNCHRES0	1443	atoll	141090	B	C	core_destroyed	859
2026-08-13T01:04:05Z	LAUNCHRES0	1444	drumlin	141090	A	T	core_destroyed	164
2026-08-13T01:04:13Z	LAUNCHRES0	1445	drumlin	141090	B	T	core_destroyed	367
2026-08-13T01:04:14Z	LAUNCHRES0	1446	fjordgate	141090	A	T	core_destroyed	309
2026-08-13T01:04:15Z	LAUNCHRES0	1447	fjordgate	141090	B	T	core_destroyed	126
2026-08-13T01:04:19Z	LAUNCHRES0	1448	heart	141090	A	T	core_destroyed	726
2026-08-13T01:04:24Z	LAUNCHRES0	1449	heart	141090	B	C	core_destroyed	450
2026-08-13T01:04:31Z	LAUNCHRES0	1450	hive	141090	A	T	core_destroyed	835
2026-08-13T01:04:33Z	LAUNCHRES0	1451	hive	141090	B	C	core_destroyed	96
2026-08-13T01:04:35Z	LAUNCHRES0	1452	meander	141090	A	C	core_destroyed	251
2026-08-13T01:04:36Z	LAUNCHRES0	1453	meander	141090	B	C	core_destroyed	191
2026-08-13T01:04:38Z	LAUNCHRES0	1454	nordkap	141090	A	C	core_destroyed	163
2026-08-13T01:04:40Z	LAUNCHRES0	1455	nordkap	141090	B	C	core_destroyed	232
2026-08-13T01:04:42Z	LAUNCHRES0	1456	antler	141091	A	C	core_destroyed	319
2026-08-13T01:04:44Z	LAUNCHRES0	1457	antler	141091	B	C	core_destroyed	247
2026-08-13T01:04:46Z	LAUNCHRES0	1458	atoll	141091	A	C	core_destroyed	523
2026-08-13T01:04:48Z	LAUNCHRES0	1459	atoll	141091	B	C	core_destroyed	316
2026-08-13T01:04:50Z	LAUNCHRES0	1460	drumlin	141091	A	T	core_destroyed	130
2026-08-13T01:04:54Z	LAUNCHRES0	1461	drumlin	141091	B	C	core_destroyed	282
2026-08-13T01:04:55Z	LAUNCHRES0	1462	fjordgate	141091	A	T	core_destroyed	142
2026-08-13T01:04:56Z	LAUNCHRES0	1463	fjordgate	141091	B	C	core_destroyed	190
2026-08-13T01:04:59Z	LAUNCHRES0	1464	heart	141091	A	T	core_destroyed	286
2026-08-13T01:05:05Z	LAUNCHRES0	1465	heart	141091	B	C	tiebreak	1000
2026-08-13T01:05:12Z	LAUNCHRES0	1466	hive	141091	A	T	core_destroyed	442
2026-08-13T01:05:15Z	LAUNCHRES0	1467	hive	141091	B	T	core_destroyed	231
2026-08-13T01:05:17Z	LAUNCHRES0	1468	meander	141091	A	C	core_destroyed	162
2026-08-13T01:05:18Z	LAUNCHRES0	1469	meander	141091	B	T	core_destroyed	195
2026-08-13T01:05:20Z	LAUNCHRES0	1470	nordkap	141091	A	T	core_destroyed	200
2026-08-13T01:05:22Z	LAUNCHRES0	1471	nordkap	141091	B	C	core_destroyed	326
2026-08-13T01:05:24Z	LAUNCHRES0	1472	antler	141092	A	T	core_destroyed	183
2026-08-13T01:05:26Z	LAUNCHRES0	1473	antler	141092	B	T	core_destroyed	314
2026-08-13T01:05:27Z	LAUNCHRES0	1474	atoll	141092	A	C	core_destroyed	124
2026-08-13T01:05:30Z	LAUNCHRES0	1475	atoll	141092	B	T	core_destroyed	366
2026-08-13T01:05:34Z	LAUNCHRES0	1476	drumlin	141092	A	T	core_destroyed	336
2026-08-13T01:05:40Z	LAUNCHRES0	1477	drumlin	141092	B	T	core_destroyed	447
2026-08-13T01:05:41Z	LAUNCHRES0	1478	fjordgate	141092	A	T	core_destroyed	169
2026-08-13T01:05:43Z	LAUNCHRES0	1479	fjordgate	141092	B	T	core_destroyed	227
2026-08-13T01:05:45Z	LAUNCHRES0	1480	heart	141092	A	T	core_destroyed	513
2026-08-13T01:05:53Z	LAUNCHRES0	1481	heart	141092	B	C	tiebreak	1000
2026-08-13T01:05:55Z	LAUNCHRES0	1482	hive	141092	A	T	core_destroyed	131
2026-08-13T01:05:58Z	LAUNCHRES0	1483	hive	141092	B	C	core_destroyed	172
2026-08-13T01:06:01Z	LAUNCHRES0	1484	meander	141092	A	T	tiebreak	1000
2026-08-13T01:06:02Z	LAUNCHRES0	1485	meander	141092	B	T	core_destroyed	208
2026-08-13T01:06:05Z	LAUNCHRES0	1486	nordkap	141092	A	C	core_destroyed	288
2026-08-13T01:06:08Z	LAUNCHRES0	1487	nordkap	141092	B	C	core_destroyed	279
2026-08-13T01:06:09Z	LAUNCHRES0	1488	antler	141093	A	C	core_destroyed	109
2026-08-13T01:06:11Z	LAUNCHRES0	1489	antler	141093	B	C	core_destroyed	221
2026-08-13T01:06:12Z	LAUNCHRES0	1490	atoll	141093	A	C	core_destroyed	118
2026-08-13T01:06:13Z	LAUNCHRES0	1491	atoll	141093	B	T	core_destroyed	130
2026-08-13T01:06:14Z	LAUNCHRES0	1492	drumlin	141093	A	T	core_destroyed	122
2026-08-13T01:06:18Z	LAUNCHRES0	1493	drumlin	141093	B	T	core_destroyed	232
2026-08-13T01:06:19Z	LAUNCHRES0	1494	fjordgate	141093	A	T	core_destroyed	245
2026-08-13T01:06:20Z	LAUNCHRES0	1495	fjordgate	141093	B	C	core_destroyed	411
2026-08-13T01:06:25Z	LAUNCHRES0	1496	heart	141093	A	C	core_destroyed	257
2026-08-13T01:06:27Z	LAUNCHRES0	1497	heart	141093	B	C	core_destroyed	159
2026-08-13T01:06:29Z	LAUNCHRES0	1498	hive	141093	A	T	core_destroyed	267
2026-08-13T01:06:32Z	LAUNCHRES0	1499	hive	141093	B	C	core_destroyed	354
2026-08-13T01:06:34Z	LAUNCHRES0	1500	meander	141093	A	T	core_destroyed	225
2026-08-13T01:06:35Z	LAUNCHRES0	1501	meander	141093	B	C	core_destroyed	114
2026-08-13T01:06:37Z	LAUNCHRES0	1502	nordkap	141093	A	C	core_destroyed	300
2026-08-13T01:06:39Z	LAUNCHRES0	1503	nordkap	141093	B	T	core_destroyed	777
2026-08-13T01:06:41Z	LAUNCHRES0	1504	antler	141094	A	C	core_destroyed	319
2026-08-13T01:06:42Z	LAUNCHRES0	1505	antler	141094	B	T	core_destroyed	143
2026-08-13T01:06:44Z	LAUNCHRES0	1506	atoll	141094	A	C	core_destroyed	374
2026-08-13T01:06:45Z	LAUNCHRES0	1507	atoll	141094	B	T	core_destroyed	86
2026-08-13T01:06:47Z	LAUNCHRES0	1508	drumlin	141094	A	T	core_destroyed	236
2026-08-13T01:06:50Z	LAUNCHRES0	1509	drumlin	141094	B	T	core_destroyed	212
2026-08-13T01:06:51Z	LAUNCHRES0	1510	fjordgate	141094	A	T	core_destroyed	167
2026-08-13T01:06:52Z	LAUNCHRES0	1511	fjordgate	141094	B	C	core_destroyed	138
2026-08-13T01:06:55Z	LAUNCHRES0	1512	heart	141094	A	T	core_destroyed	239
2026-08-13T01:06:58Z	LAUNCHRES0	1513	heart	141094	B	C	core_destroyed	470
2026-08-13T01:06:59Z	LAUNCHRES0	1514	hive	141094	A	T	core_destroyed	134
2026-08-13T01:07:01Z	LAUNCHRES0	1515	hive	141094	B	C	core_destroyed	82
2026-08-13T01:07:03Z	LAUNCHRES0	1516	meander	141094	A	T	core_destroyed	232
2026-08-13T01:07:04Z	LAUNCHRES0	1517	meander	141094	B	T	core_destroyed	179
2026-08-13T01:07:05Z	LAUNCHRES0	1518	nordkap	141094	A	T	core_destroyed	189
2026-08-13T01:07:07Z	LAUNCHRES0	1519	nordkap	141094	B	C	core_destroyed	405
2026-08-13T01:07:08Z	LAUNCHRES0	1520	antler	141095	A	T	core_destroyed	149
2026-08-13T01:07:10Z	LAUNCHRES0	1521	antler	141095	B	C	core_destroyed	755
2026-08-13T01:07:12Z	LAUNCHRES0	1522	atoll	141095	A	C	core_destroyed	88
2026-08-13T01:07:13Z	LAUNCHRES0	1523	atoll	141095	B	T	core_destroyed	123
2026-08-13T01:07:15Z	LAUNCHRES0	1524	drumlin	141095	A	T	core_destroyed	231
2026-08-13T01:07:19Z	LAUNCHRES0	1525	drumlin	141095	B	C	core_destroyed	348
2026-08-13T01:07:21Z	LAUNCHRES0	1526	fjordgate	141095	A	T	core_destroyed	420
2026-08-13T01:07:22Z	LAUNCHRES0	1527	fjordgate	141095	B	C	core_destroyed	157
2026-08-13T01:07:24Z	LAUNCHRES0	1528	heart	141095	A	C	core_destroyed	928
2026-08-13T01:07:27Z	LAUNCHRES0	1529	heart	141095	B	T	core_destroyed	233
2026-08-13T01:07:29Z	LAUNCHRES0	1530	hive	141095	A	T	core_destroyed	267
2026-08-13T01:07:31Z	LAUNCHRES0	1531	hive	141095	B	T	core_destroyed	120
2026-08-13T01:07:33Z	LAUNCHRES0	1532	meander	141095	A	C	core_destroyed	158
2026-08-13T01:07:34Z	LAUNCHRES0	1533	meander	141095	B	T	core_destroyed	171
2026-08-13T01:07:35Z	LAUNCHRES0	1534	nordkap	141095	A	C	core_destroyed	742
2026-08-13T01:07:37Z	LAUNCHRES0	1535	nordkap	141095	B	C	core_destroyed	192
2026-08-13T01:07:40Z	LAUNCHRES0	1536	antler	141096	A	T	core_destroyed	367
2026-08-13T01:07:41Z	LAUNCHRES0	1537	antler	141096	B	C	core_destroyed	188
2026-08-13T01:07:43Z	LAUNCHRES0	1538	atoll	141096	A	C	core_destroyed	91
2026-08-13T01:07:44Z	LAUNCHRES0	1539	atoll	141096	B	C	core_destroyed	213
2026-08-13T01:07:46Z	LAUNCHRES0	1540	drumlin	141096	A	T	core_destroyed	127
2026-08-13T01:07:50Z	LAUNCHRES0	1541	drumlin	141096	B	C	core_destroyed	294
2026-08-13T01:07:51Z	LAUNCHRES0	1542	fjordgate	141096	A	T	core_destroyed	109
2026-08-13T01:07:52Z	LAUNCHRES0	1543	fjordgate	141096	B	C	core_destroyed	184
2026-08-13T01:07:58Z	LAUNCHRES0	1544	heart	141096	A	T	tiebreak	1000
2026-08-13T01:08:00Z	LAUNCHRES0	1545	heart	141096	B	T	core_destroyed	179
2026-08-13T01:08:06Z	LAUNCHRES0	1546	hive	141096	A	C	core_destroyed	392
2026-08-13T01:08:12Z	LAUNCHRES0	1547	hive	141096	B	C	core_destroyed	463
2026-08-13T01:08:14Z	LAUNCHRES0	1548	meander	141096	A	C	core_destroyed	264
2026-08-13T01:08:16Z	LAUNCHRES0	1549	meander	141096	B	T	core_destroyed	156
2026-08-13T01:08:19Z	LAUNCHRES0	1550	nordkap	141096	A	T	core_destroyed	551
2026-08-13T01:08:20Z	LAUNCHRES0	1551	nordkap	141096	B	C	core_destroyed	181
2026-08-13T01:08:22Z	LAUNCHRES0	1552	antler	141097	A	C	core_destroyed	128
2026-08-13T01:08:23Z	LAUNCHRES0	1553	antler	141097	B	T	core_destroyed	217
2026-08-13T01:08:24Z	LAUNCHRES0	1554	atoll	141097	A	C	core_destroyed	120
2026-08-13T01:08:25Z	LAUNCHRES0	1555	atoll	141097	B	T	core_destroyed	134
2026-08-13T01:08:27Z	LAUNCHRES0	1556	drumlin	141097	A	C	core_destroyed	186
2026-08-13T01:08:29Z	LAUNCHRES0	1557	drumlin	141097	B	C	core_destroyed	174
2026-08-13T01:08:31Z	LAUNCHRES0	1558	fjordgate	141097	A	T	core_destroyed	291
2026-08-13T01:08:32Z	LAUNCHRES0	1559	fjordgate	141097	B	T	core_destroyed	399
2026-08-13T01:08:35Z	LAUNCHRES0	1560	heart	141097	A	T	core_destroyed	202
2026-08-13T01:08:37Z	LAUNCHRES0	1561	heart	141097	B	C	core_destroyed	229
2026-08-13T01:08:46Z	LAUNCHRES0	1562	hive	141097	A	T	core_destroyed	772
2026-08-13T01:08:51Z	LAUNCHRES0	1563	hive	141097	B	T	core_destroyed	284
2026-08-13T01:08:53Z	LAUNCHRES0	1564	meander	141097	A	C	core_destroyed	219
2026-08-13T01:08:55Z	LAUNCHRES0	1565	meander	141097	B	T	core_destroyed	170
2026-08-13T01:08:56Z	LAUNCHRES0	1566	nordkap	141097	A	T	core_destroyed	179
2026-08-13T01:08:58Z	LAUNCHRES0	1567	nordkap	141097	B	T	core_destroyed	224
2026-08-13T01:09:00Z	LAUNCHRES0	1568	antler	141098	A	T	core_destroyed	491
2026-08-13T01:09:01Z	LAUNCHRES0	1569	antler	141098	B	T	core_destroyed	194
2026-08-13T01:09:02Z	LAUNCHRES0	1570	atoll	141098	A	C	core_destroyed	78
2026-08-13T01:09:04Z	LAUNCHRES0	1571	atoll	141098	B	T	core_destroyed	148
2026-08-13T01:09:05Z	LAUNCHRES0	1572	drumlin	141098	A	T	core_destroyed	113
2026-08-13T01:09:09Z	LAUNCHRES0	1573	drumlin	141098	B	T	core_destroyed	350
2026-08-13T01:09:10Z	LAUNCHRES0	1574	fjordgate	141098	A	C	core_destroyed	121
2026-08-13T01:09:11Z	LAUNCHRES0	1575	fjordgate	141098	B	C	core_destroyed	160
2026-08-13T01:09:14Z	LAUNCHRES0	1576	heart	141098	A	T	core_destroyed	168
2026-08-13T01:09:17Z	LAUNCHRES0	1577	heart	141098	B	C	tiebreak	1000
2026-08-13T01:09:19Z	LAUNCHRES0	1578	hive	141098	A	T	core_destroyed	131
2026-08-13T01:09:22Z	LAUNCHRES0	1579	hive	141098	B	C	core_destroyed	231
2026-08-13T01:09:25Z	LAUNCHRES0	1580	meander	141098	A	T	core_destroyed	323
2026-08-13T01:09:28Z	LAUNCHRES0	1581	meander	141098	B	C	tiebreak	1000
2026-08-13T01:09:30Z	LAUNCHRES0	1582	nordkap	141098	A	T	core_destroyed	229
2026-08-13T01:09:32Z	LAUNCHRES0	1583	nordkap	141098	B	T	core_destroyed	210
2026-08-13T01:09:35Z	LAUNCHRES0	1584	antler	141099	A	C	core_destroyed	506
2026-08-13T01:09:36Z	LAUNCHRES0	1585	antler	141099	B	C	core_destroyed	172
2026-08-13T01:09:37Z	LAUNCHRES0	1586	atoll	141099	A	C	core_destroyed	105
2026-08-13T01:09:39Z	LAUNCHRES0	1587	atoll	141099	B	C	core_destroyed	544
2026-08-13T01:09:40Z	LAUNCHRES0	1588	drumlin	141099	A	T	core_destroyed	81
2026-08-13T01:09:42Z	LAUNCHRES0	1589	drumlin	141099	B	C	core_destroyed	134
2026-08-13T01:09:43Z	LAUNCHRES0	1590	fjordgate	141099	A	C	core_destroyed	223
2026-08-13T01:09:45Z	LAUNCHRES0	1591	fjordgate	141099	B	T	core_destroyed	274
2026-08-13T01:09:47Z	LAUNCHRES0	1592	heart	141099	A	T	core_destroyed	833
2026-08-13T01:09:48Z	LAUNCHRES0	1593	heart	141099	B	C	core_destroyed	81
2026-08-13T01:09:50Z	LAUNCHRES0	1594	hive	141099	A	T	core_destroyed	176
2026-08-13T01:09:52Z	LAUNCHRES0	1595	hive	141099	B	T	core_destroyed	163
2026-08-13T01:09:56Z	LAUNCHRES0	1596	meander	141099	A	C	core_destroyed	408
2026-08-13T01:09:57Z	LAUNCHRES0	1597	meander	141099	B	T	core_destroyed	200
2026-08-13T01:10:00Z	LAUNCHRES0	1598	nordkap	141099	A	T	core_destroyed	295
2026-08-13T01:10:01Z	LAUNCHRES0	1599	nordkap	141099	B	T	core_destroyed	104
2026-08-13T01:10:02Z	LAUNCHRES0	1600	antler	141100	A	T	core_destroyed	98
2026-08-13T01:10:04Z	LAUNCHRES0	1601	antler	141100	B	T	core_destroyed	437
2026-08-13T01:10:06Z	LAUNCHRES0	1602	atoll	141100	A	T	core_destroyed	469
2026-08-13T01:10:09Z	LAUNCHRES0	1603	atoll	141100	B	C	core_destroyed	293
2026-08-13T01:10:11Z	LAUNCHRES0	1604	drumlin	141100	A	T	core_destroyed	155
2026-08-13T01:10:13Z	LAUNCHRES0	1605	drumlin	141100	B	C	core_destroyed	158
2026-08-13T01:10:15Z	LAUNCHRES0	1606	fjordgate	141100	A	T	tiebreak	1000
2026-08-13T01:10:16Z	LAUNCHRES0	1607	fjordgate	141100	B	C	core_destroyed	99
2026-08-13T01:10:18Z	LAUNCHRES0	1608	heart	141100	A	C	core_destroyed	152
2026-08-13T01:10:26Z	LAUNCHRES0	1609	heart	141100	B	T	tiebreak	1000
2026-08-13T01:10:28Z	LAUNCHRES0	1610	hive	141100	A	C	core_destroyed	173
2026-08-13T01:10:30Z	LAUNCHRES0	1611	hive	141100	B	C	core_destroyed	141
2026-08-13T01:10:31Z	LAUNCHRES0	1612	meander	141100	A	C	core_destroyed	187
2026-08-13T01:10:35Z	LAUNCHRES0	1613	meander	141100	B	T	core_destroyed	413
2026-08-13T01:10:36Z	LAUNCHRES0	1614	nordkap	141100	A	T	core_destroyed	420
2026-08-13T01:10:38Z	LAUNCHRES0	1615	nordkap	141100	B	C	core_destroyed	178
2026-08-13T01:10:40Z	LAUNCHRES0	1616	antler	141101	A	C	core_destroyed	238
2026-08-13T01:10:41Z	LAUNCHRES0	1617	antler	141101	B	C	core_destroyed	120
2026-08-13T01:10:42Z	LAUNCHRES0	1618	atoll	141101	A	C	core_destroyed	164
2026-08-13T01:10:44Z	LAUNCHRES0	1619	atoll	141101	B	T	core_destroyed	88
2026-08-13T01:10:45Z	LAUNCHRES0	1620	drumlin	141101	A	T	core_destroyed	209
2026-08-13T01:10:46Z	LAUNCHRES0	1621	drumlin	141101	B	T	core_destroyed	116
2026-08-13T01:10:48Z	LAUNCHRES0	1622	fjordgate	141101	A	C	core_destroyed	399
2026-08-13T01:10:52Z	LAUNCHRES0	1623	fjordgate	141101	B	T	core_destroyed	930
2026-08-13T01:10:54Z	LAUNCHRES0	1624	heart	141101	A	T	core_destroyed	513
2026-08-13T01:10:56Z	LAUNCHRES0	1625	heart	141101	B	C	tiebreak	1000
2026-08-13T01:10:58Z	LAUNCHRES0	1626	hive	141101	A	T	core_destroyed	135
2026-08-13T01:11:00Z	LAUNCHRES0	1627	hive	141101	B	C	core_destroyed	218
2026-08-13T01:11:02Z	LAUNCHRES0	1628	meander	141101	A	C	core_destroyed	156
2026-08-13T01:11:03Z	LAUNCHRES0	1629	meander	141101	B	C	core_destroyed	132
2026-08-13T01:11:05Z	LAUNCHRES0	1630	nordkap	141101	A	T	core_destroyed	164
2026-08-13T01:11:06Z	LAUNCHRES0	1631	nordkap	141101	B	T	core_destroyed	292
2026-08-13T01:11:09Z	LAUNCHRES0	1632	antler	141102	A	T	core_destroyed	324
2026-08-13T01:11:12Z	LAUNCHRES0	1633	antler	141102	B	T	core_destroyed	367
2026-08-13T01:11:13Z	LAUNCHRES0	1634	atoll	141102	A	C	core_destroyed	348
2026-08-13T01:11:15Z	LAUNCHRES0	1635	atoll	141102	B	C	core_destroyed	365
2026-08-13T01:11:18Z	LAUNCHRES0	1636	drumlin	141102	A	T	core_destroyed	329
2026-08-13T01:11:20Z	LAUNCHRES0	1637	drumlin	141102	B	C	core_destroyed	168
2026-08-13T01:11:21Z	LAUNCHRES0	1638	fjordgate	141102	A	T	core_destroyed	163
2026-08-13T01:11:22Z	LAUNCHRES0	1639	fjordgate	141102	B	T	core_destroyed	256
2026-08-13T01:11:24Z	LAUNCHRES0	1640	heart	141102	A	T	core_destroyed	395
2026-08-13T01:11:25Z	LAUNCHRES0	1641	heart	141102	B	T	core_destroyed	111
2026-08-13T01:11:30Z	LAUNCHRES0	1642	hive	141102	A	T	core_destroyed	325
2026-08-13T01:11:31Z	LAUNCHRES0	1643	hive	141102	B	T	core_destroyed	129
2026-08-13T01:11:33Z	LAUNCHRES0	1644	meander	141102	A	C	core_destroyed	361
2026-08-13T01:11:34Z	LAUNCHRES0	1645	meander	141102	B	C	core_destroyed	205
2026-08-13T01:11:36Z	LAUNCHRES0	1646	nordkap	141102	A	T	core_destroyed	197
2026-08-13T01:11:37Z	LAUNCHRES0	1647	nordkap	141102	B	C	core_destroyed	189
2026-08-13T01:11:39Z	LAUNCHRES0	1648	antler	141103	A	C	core_destroyed	203
2026-08-13T01:11:41Z	LAUNCHRES0	1649	antler	141103	B	T	core_destroyed	381
2026-08-13T01:11:43Z	LAUNCHRES0	1650	atoll	141103	A	C	core_destroyed	188
2026-08-13T01:11:44Z	LAUNCHRES0	1651	atoll	141103	B	T	core_destroyed	136
2026-08-13T01:11:45Z	LAUNCHRES0	1652	drumlin	141103	A	T	core_destroyed	87
2026-08-13T01:11:48Z	LAUNCHRES0	1653	drumlin	141103	B	C	core_destroyed	282
2026-08-13T01:11:50Z	LAUNCHRES0	1654	fjordgate	141103	A	T	core_destroyed	479
2026-08-13T01:11:51Z	LAUNCHRES0	1655	fjordgate	141103	B	T	core_destroyed	112
2026-08-13T01:11:53Z	LAUNCHRES0	1656	heart	141103	A	T	core_destroyed	106
2026-08-13T01:11:56Z	LAUNCHRES0	1657	heart	141103	B	C	core_destroyed	726
2026-08-13T01:11:58Z	LAUNCHRES0	1658	hive	141103	A	T	core_destroyed	200
2026-08-13T01:12:00Z	LAUNCHRES0	1659	hive	141103	B	C	core_destroyed	238
2026-08-13T01:12:02Z	LAUNCHRES0	1660	meander	141103	A	T	core_destroyed	191
2026-08-13T01:12:04Z	LAUNCHRES0	1661	meander	141103	B	T	core_destroyed	215
2026-08-13T01:12:06Z	LAUNCHRES0	1662	nordkap	141103	A	T	core_destroyed	267
2026-08-13T01:12:07Z	LAUNCHRES0	1663	nordkap	141103	B	C	core_destroyed	171
2026-08-13T01:12:10Z	LAUNCHRES0	1664	antler	141104	A	T	core_destroyed	317
2026-08-13T01:12:11Z	LAUNCHRES0	1665	antler	141104	B	C	core_destroyed	125
2026-08-13T01:12:13Z	LAUNCHRES0	1666	atoll	141104	A	T	core_destroyed	400
2026-08-13T01:12:15Z	LAUNCHRES0	1667	atoll	141104	B	T	core_destroyed	74
2026-08-13T01:12:17Z	LAUNCHRES0	1668	drumlin	141104	A	C	core_destroyed	200
2026-08-13T01:12:19Z	LAUNCHRES0	1669	drumlin	141104	B	C	core_destroyed	142
2026-08-13T01:12:20Z	LAUNCHRES0	1670	fjordgate	141104	A	C	core_destroyed	314
2026-08-13T01:12:22Z	LAUNCHRES0	1671	fjordgate	141104	B	T	core_destroyed	151
2026-08-13T01:12:24Z	LAUNCHRES0	1672	heart	141104	A	C	core_destroyed	190
2026-08-13T01:12:31Z	LAUNCHRES0	1673	heart	141104	B	C	core_destroyed	420
2026-08-13T01:12:33Z	LAUNCHRES0	1674	hive	141104	A	T	core_destroyed	121
2026-08-13T01:12:38Z	LAUNCHRES0	1675	hive	141104	B	C	core_destroyed	364
2026-08-13T01:12:39Z	LAUNCHRES0	1676	meander	141104	A	C	core_destroyed	170
2026-08-13T01:12:40Z	LAUNCHRES0	1677	meander	141104	B	T	core_destroyed	209
2026-08-13T01:12:41Z	LAUNCHRES0	1678	nordkap	141104	A	C	core_destroyed	114
2026-08-13T01:12:44Z	LAUNCHRES0	1679	nordkap	141104	B	C	core_destroyed	309
2026-08-13T01:12:46Z	LAUNCHRES0	1680	antler	141105	A	C	core_destroyed	320
2026-08-13T01:12:50Z	LAUNCHRES0	1681	antler	141105	B	T	tiebreak	1000
2026-08-13T01:12:51Z	LAUNCHRES0	1682	atoll	141105	A	C	core_destroyed	129
2026-08-13T01:12:54Z	LAUNCHRES0	1683	atoll	141105	B	T	core_destroyed	394
2026-08-13T01:12:56Z	LAUNCHRES0	1684	drumlin	141105	A	C	core_destroyed	171
2026-08-13T01:12:58Z	LAUNCHRES0	1685	drumlin	141105	B	C	core_destroyed	231
2026-08-13T01:12:59Z	LAUNCHRES0	1686	fjordgate	141105	A	T	core_destroyed	102
2026-08-13T01:13:01Z	LAUNCHRES0	1687	fjordgate	141105	B	T	tiebreak	1000
2026-08-13T01:13:03Z	LAUNCHRES0	1688	heart	141105	A	T	core_destroyed	138
2026-08-13T01:13:09Z	LAUNCHRES0	1689	heart	141105	B	T	core_destroyed	467
2026-08-13T01:13:12Z	LAUNCHRES0	1690	hive	141105	A	C	core_destroyed	231
2026-08-13T01:13:14Z	LAUNCHRES0	1691	hive	141105	B	T	core_destroyed	112
2026-08-13T01:13:16Z	LAUNCHRES0	1692	meander	141105	A	T	core_destroyed	170
2026-08-13T01:13:17Z	LAUNCHRES0	1693	meander	141105	B	C	core_destroyed	121
2026-08-13T01:13:18Z	LAUNCHRES0	1694	nordkap	141105	A	C	core_destroyed	206
2026-08-13T01:13:21Z	LAUNCHRES0	1695	nordkap	141105	B	C	core_destroyed	339
2026-08-13T01:13:23Z	LAUNCHRES0	1696	antler	141106	A	C	core_destroyed	232
2026-08-13T01:13:25Z	LAUNCHRES0	1697	antler	141106	B	C	core_destroyed	212
2026-08-13T01:13:26Z	LAUNCHRES0	1698	atoll	141106	A	T	core_destroyed	136
2026-08-13T01:13:28Z	LAUNCHRES0	1699	atoll	141106	B	T	core_destroyed	186
2026-08-13T01:13:30Z	LAUNCHRES0	1700	drumlin	141106	A	T	core_destroyed	196
2026-08-13T01:13:33Z	LAUNCHRES0	1701	drumlin	141106	B	T	core_destroyed	158
2026-08-13T01:13:35Z	LAUNCHRES0	1702	fjordgate	141106	A	T	core_destroyed	446
2026-08-13T01:13:37Z	LAUNCHRES0	1703	fjordgate	141106	B	T	core_destroyed	592
2026-08-13T01:13:45Z	LAUNCHRES0	1704	heart	141106	A	C	core_destroyed	320
2026-08-13T01:13:47Z	LAUNCHRES0	1705	heart	141106	B	T	tiebreak	1000
2026-08-13T01:13:51Z	LAUNCHRES0	1706	hive	141106	A	T	core_destroyed	285
2026-08-13T01:13:52Z	LAUNCHRES0	1707	hive	141106	B	T	core_destroyed	127
2026-08-13T01:13:54Z	LAUNCHRES0	1708	meander	141106	A	C	core_destroyed	156
2026-08-13T01:13:56Z	LAUNCHRES0	1709	meander	141106	B	T	core_destroyed	316
2026-08-13T01:14:00Z	LAUNCHRES0	1710	nordkap	141106	A	T	core_destroyed	332
2026-08-13T01:14:01Z	LAUNCHRES0	1711	nordkap	141106	B	C	core_destroyed	121
2026-08-13T01:14:04Z	LAUNCHRES0	1712	antler	141107	A	C	core_destroyed	617
2026-08-13T01:14:05Z	LAUNCHRES0	1713	antler	141107	B	T	core_destroyed	141
2026-08-13T01:14:06Z	LAUNCHRES0	1714	atoll	141107	A	C	core_destroyed	81
2026-08-13T01:14:08Z	LAUNCHRES0	1715	atoll	141107	B	C	core_destroyed	362
2026-08-13T01:14:12Z	LAUNCHRES0	1716	drumlin	141107	A	T	core_destroyed	333
2026-08-13T01:14:19Z	LAUNCHRES0	1717	drumlin	141107	B	T	core_destroyed	459
2026-08-13T01:14:21Z	LAUNCHRES0	1718	fjordgate	141107	A	C	core_destroyed	245
2026-08-13T01:14:23Z	LAUNCHRES0	1719	fjordgate	141107	B	C	core_destroyed	645
2026-08-13T01:14:30Z	LAUNCHRES0	1720	heart	141107	A	C	core_destroyed	487
2026-08-13T01:14:33Z	LAUNCHRES0	1721	heart	141107	B	C	core_destroyed	129
2026-08-13T01:14:34Z	LAUNCHRES0	1722	hive	141107	A	T	core_destroyed	85
2026-08-13T01:14:37Z	LAUNCHRES0	1723	hive	141107	B	T	core_destroyed	224
2026-08-13T01:14:39Z	LAUNCHRES0	1724	meander	141107	A	T	core_destroyed	151
2026-08-13T01:14:41Z	LAUNCHRES0	1725	meander	141107	B	T	core_destroyed	262
2026-08-13T01:14:43Z	LAUNCHRES0	1726	nordkap	141107	A	T	core_destroyed	208
2026-08-13T01:14:45Z	LAUNCHRES0	1727	nordkap	141107	B	C	core_destroyed	174
2026-08-13T01:14:46Z	LAUNCHRES0	1728	antler	141108	A	T	core_destroyed	98
2026-08-13T01:14:48Z	LAUNCHRES0	1729	antler	141108	B	T	core_destroyed	161
2026-08-13T01:14:49Z	LAUNCHRES0	1730	atoll	141108	A	T	core_destroyed	145
2026-08-13T01:14:51Z	LAUNCHRES0	1731	atoll	141108	B	C	core_destroyed	199
2026-08-13T01:14:53Z	LAUNCHRES0	1732	drumlin	141108	A	T	core_destroyed	197
2026-08-13T01:14:54Z	LAUNCHRES0	1733	drumlin	141108	B	T	core_destroyed	130
2026-08-13T01:14:56Z	LAUNCHRES0	1734	fjordgate	141108	A	C	core_destroyed	230
2026-08-13T01:14:57Z	LAUNCHRES0	1735	fjordgate	141108	B	C	core_destroyed	81
2026-08-13T01:15:08Z	LAUNCHRES0	1736	heart	141108	A	C	core_destroyed	550
2026-08-13T01:15:19Z	LAUNCHRES0	1737	heart	141108	B	C	tiebreak	1000
2026-08-13T01:15:22Z	LAUNCHRES0	1738	hive	141108	A	T	core_destroyed	199
2026-08-13T01:15:23Z	LAUNCHRES0	1739	hive	141108	B	T	core_destroyed	110
2026-08-13T01:15:25Z	LAUNCHRES0	1740	meander	141108	A	C	core_destroyed	191
2026-08-13T01:15:27Z	LAUNCHRES0	1741	meander	141108	B	T	core_destroyed	192
2026-08-13T01:15:28Z	LAUNCHRES0	1742	nordkap	141108	A	T	core_destroyed	103
2026-08-13T01:15:32Z	LAUNCHRES0	1743	nordkap	141108	B	C	core_destroyed	607
2026-08-13T01:15:33Z	LAUNCHRES0	1744	antler	141109	A	T	core_destroyed	102
2026-08-13T01:15:36Z	LAUNCHRES0	1745	antler	141109	B	T	core_destroyed	493
2026-08-13T01:15:37Z	LAUNCHRES0	1746	atoll	141109	A	C	core_destroyed	122
2026-08-13T01:15:38Z	LAUNCHRES0	1747	atoll	141109	B	T	core_destroyed	116
2026-08-13T01:15:44Z	LAUNCHRES0	1748	drumlin	141109	A	T	core_destroyed	381
2026-08-13T01:15:45Z	LAUNCHRES0	1749	drumlin	141109	B	C	core_destroyed	145
2026-08-13T01:15:46Z	LAUNCHRES0	1750	fjordgate	141109	A	T	core_destroyed	148
2026-08-13T01:15:48Z	LAUNCHRES0	1751	fjordgate	141109	B	C	core_destroyed	104
2026-08-13T01:15:49Z	LAUNCHRES0	1752	heart	141109	A	T	core_destroyed	164
2026-08-13T01:15:52Z	LAUNCHRES0	1753	heart	141109	B	C	core_destroyed	265
2026-08-13T01:15:57Z	LAUNCHRES0	1754	hive	141109	A	C	core_destroyed	335
2026-08-13T01:15:59Z	LAUNCHRES0	1755	hive	141109	B	T	core_destroyed	145
2026-08-13T01:16:01Z	LAUNCHRES0	1756	meander	141109	A	C	core_destroyed	251
2026-08-13T01:16:02Z	LAUNCHRES0	1757	meander	141109	B	T	core_destroyed	122
2026-08-13T01:16:04Z	LAUNCHRES0	1758	nordkap	141109	A	T	core_destroyed	160
2026-08-13T01:16:06Z	LAUNCHRES0	1759	nordkap	141109	B	C	core_destroyed	494
2026-08-13T01:16:09Z	LAUNCHRES0	1760	antler	141110	A	C	core_destroyed	371
2026-08-13T01:16:10Z	LAUNCHRES0	1761	antler	141110	B	T	core_destroyed	161
2026-08-13T01:16:15Z	LAUNCHRES0	1762	atoll	141110	A	C	core_destroyed	493
2026-08-13T01:16:17Z	LAUNCHRES0	1763	atoll	141110	B	T	core_destroyed	186
2026-08-13T01:16:18Z	LAUNCHRES0	1764	drumlin	141110	A	T	core_destroyed	208
2026-08-13T01:16:20Z	LAUNCHRES0	1765	drumlin	141110	B	C	core_destroyed	136
2026-08-13T01:16:21Z	LAUNCHRES0	1766	fjordgate	141110	A	C	core_destroyed	431
2026-08-13T01:16:23Z	LAUNCHRES0	1767	fjordgate	141110	B	C	core_destroyed	283
2026-08-13T01:16:24Z	LAUNCHRES0	1768	heart	141110	A	T	core_destroyed	125
2026-08-13T01:16:27Z	LAUNCHRES0	1769	heart	141110	B	C	core_destroyed	556
2026-08-13T01:16:31Z	LAUNCHRES0	1770	hive	141110	A	T	core_destroyed	231
2026-08-13T01:16:35Z	LAUNCHRES0	1771	hive	141110	B	C	core_destroyed	289
2026-08-13T01:16:36Z	LAUNCHRES0	1772	meander	141110	A	T	core_destroyed	174
2026-08-13T01:16:37Z	LAUNCHRES0	1773	meander	141110	B	T	core_destroyed	124
2026-08-13T01:16:38Z	LAUNCHRES0	1774	nordkap	141110	A	T	core_destroyed	94
2026-08-13T01:16:40Z	LAUNCHRES0	1775	nordkap	141110	B	C	core_destroyed	143
2026-08-13T01:16:41Z	LAUNCHRES0	1776	antler	141111	A	T	core_destroyed	149
2026-08-13T01:16:43Z	LAUNCHRES0	1777	antler	141111	B	T	core_destroyed	304
2026-08-13T01:16:45Z	LAUNCHRES0	1778	atoll	141111	A	C	core_destroyed	651
2026-08-13T01:16:47Z	LAUNCHRES0	1779	atoll	141111	B	C	core_destroyed	119
2026-08-13T01:16:48Z	LAUNCHRES0	1780	drumlin	141111	A	C	core_destroyed	190
2026-08-13T01:16:51Z	LAUNCHRES0	1781	drumlin	141111	B	T	core_destroyed	182
2026-08-13T01:16:54Z	LAUNCHRES0	1782	fjordgate	141111	A	T	core_destroyed	884
2026-08-13T01:16:55Z	LAUNCHRES0	1783	fjordgate	141111	B	T	core_destroyed	377
2026-08-13T01:16:57Z	LAUNCHRES0	1784	heart	141111	A	T	core_destroyed	190
2026-08-13T01:17:01Z	LAUNCHRES0	1785	heart	141111	B	C	core_destroyed	902
2026-08-13T01:17:04Z	LAUNCHRES0	1786	hive	141111	A	T	core_destroyed	256
2026-08-13T01:17:06Z	LAUNCHRES0	1787	hive	141111	B	T	core_destroyed	116
2026-08-13T01:17:07Z	LAUNCHRES0	1788	meander	141111	A	T	core_destroyed	170
2026-08-13T01:17:10Z	LAUNCHRES0	1789	meander	141111	B	C	core_destroyed	547
2026-08-13T01:17:12Z	LAUNCHRES0	1790	nordkap	141111	A	C	core_destroyed	235
2026-08-13T01:17:16Z	LAUNCHRES0	1791	nordkap	141111	B	T	core_destroyed	390
2026-08-13T01:17:18Z	LAUNCHRES0	1792	antler	141112	A	T	core_destroyed	302
2026-08-13T01:17:21Z	LAUNCHRES0	1793	antler	141112	B	C	core_destroyed	282
2026-08-13T01:17:22Z	LAUNCHRES0	1794	atoll	141112	A	C	core_destroyed	206
2026-08-13T01:17:23Z	LAUNCHRES0	1795	atoll	141112	B	T	core_destroyed	321
2026-08-13T01:17:26Z	LAUNCHRES0	1796	drumlin	141112	A	T	core_destroyed	246
2026-08-13T01:17:29Z	LAUNCHRES0	1797	drumlin	141112	B	T	core_destroyed	188
2026-08-13T01:17:31Z	LAUNCHRES0	1798	fjordgate	141112	A	T	core_destroyed	194
2026-08-13T01:17:32Z	LAUNCHRES0	1799	fjordgate	141112	B	T	core_destroyed	181
2026-08-13T01:17:34Z	LAUNCHRES0	1800	heart	141112	A	T	core_destroyed	97
2026-08-13T01:17:35Z	LAUNCHRES0	1801	heart	141112	B	C	core_destroyed	147
2026-08-13T01:17:37Z	LAUNCHRES0	1802	hive	141112	A	T	core_destroyed	267
2026-08-13T01:17:41Z	LAUNCHRES0	1803	hive	141112	B	T	core_destroyed	263
2026-08-13T01:17:43Z	LAUNCHRES0	1804	meander	141112	A	T	core_destroyed	236
2026-08-13T01:17:44Z	LAUNCHRES0	1805	meander	141112	B	C	core_destroyed	305
2026-08-13T01:17:46Z	LAUNCHRES0	1806	nordkap	141112	A	T	core_destroyed	108
2026-08-13T01:17:48Z	LAUNCHRES0	1807	nordkap	141112	B	C	core_destroyed	205
2026-08-13T01:17:50Z	LAUNCHRES0	1808	antler	141113	A	T	core_destroyed	179
2026-08-13T01:17:51Z	LAUNCHRES0	1809	antler	141113	B	T	core_destroyed	520
2026-08-13T01:17:53Z	LAUNCHRES0	1810	atoll	141113	A	C	core_destroyed	249
2026-08-13T01:17:55Z	LAUNCHRES0	1811	atoll	141113	B	T	core_destroyed	249
2026-08-13T01:17:57Z	LAUNCHRES0	1812	drumlin	141113	A	T	core_destroyed	88
2026-08-13T01:17:59Z	LAUNCHRES0	1813	drumlin	141113	B	C	core_destroyed	346
2026-08-13T01:18:01Z	LAUNCHRES0	1814	fjordgate	141113	A	T	core_destroyed	253
2026-08-13T01:18:02Z	LAUNCHRES0	1815	fjordgate	141113	B	C	core_destroyed	226
2026-08-13T01:18:04Z	LAUNCHRES0	1816	heart	141113	A	C	core_destroyed	200
2026-08-13T01:18:10Z	LAUNCHRES0	1817	heart	141113	B	C	core_destroyed	406
2026-08-13T01:18:13Z	LAUNCHRES0	1818	hive	141113	A	C	core_destroyed	275
2026-08-13T01:18:17Z	LAUNCHRES0	1819	hive	141113	B	T	core_destroyed	222
2026-08-13T01:18:19Z	LAUNCHRES0	1820	meander	141113	A	C	core_destroyed	130
2026-08-13T01:18:20Z	LAUNCHRES0	1821	meander	141113	B	T	core_destroyed	112
2026-08-13T01:18:21Z	LAUNCHRES0	1822	nordkap	141113	A	T	core_destroyed	144
2026-08-13T01:18:23Z	LAUNCHRES0	1823	nordkap	141113	B	T	core_destroyed	319
2026-08-13T01:18:25Z	LAUNCHRES0	1824	antler	141114	A	C	core_destroyed	162
2026-08-13T01:18:27Z	LAUNCHRES0	1825	antler	141114	B	C	core_destroyed	800
2026-08-13T01:18:30Z	LAUNCHRES0	1826	atoll	141114	A	C	tiebreak	1000
2026-08-13T01:18:31Z	LAUNCHRES0	1827	atoll	141114	B	T	core_destroyed	110
2026-08-13T01:18:34Z	LAUNCHRES0	1828	drumlin	141114	A	T	core_destroyed	168
2026-08-13T01:18:39Z	LAUNCHRES0	1829	drumlin	141114	B	C	core_destroyed	331
2026-08-13T01:18:40Z	LAUNCHRES0	1830	fjordgate	141114	A	T	core_destroyed	94
2026-08-13T01:18:41Z	LAUNCHRES0	1831	fjordgate	141114	B	T	core_destroyed	204
2026-08-13T01:18:49Z	LAUNCHRES0	1832	heart	141114	A	T	tiebreak	1000
2026-08-13T01:19:07Z	LAUNCHRES0	1833	heart	141114	B	C	tiebreak	1000
2026-08-13T01:19:09Z	LAUNCHRES0	1834	hive	141114	A	C	core_destroyed	182
2026-08-13T01:19:12Z	LAUNCHRES0	1835	hive	141114	B	T	core_destroyed	195
2026-08-13T01:19:14Z	LAUNCHRES0	1836	meander	141114	A	T	core_destroyed	197
2026-08-13T01:19:15Z	LAUNCHRES0	1837	meander	141114	B	T	core_destroyed	189
2026-08-13T01:19:18Z	LAUNCHRES0	1838	nordkap	141114	A	C	core_destroyed	355
2026-08-13T01:19:20Z	LAUNCHRES0	1839	nordkap	141114	B	T	core_destroyed	272
2026-08-13T01:19:23Z	LAUNCHRES0	1840	antler	141115	A	T	core_destroyed	373
2026-08-13T01:19:25Z	LAUNCHRES0	1841	antler	141115	B	C	core_destroyed	155
2026-08-13T01:19:28Z	LAUNCHRES0	1842	atoll	141115	A	T	core_destroyed	341
2026-08-13T01:19:40Z	LAUNCHRES0	1843	atoll	141115	B	T	tiebreak	1000
2026-08-13T01:19:47Z	LAUNCHRES0	1844	drumlin	141115	A	T	core_destroyed	528
2026-08-13T01:19:53Z	LAUNCHRES0	1845	drumlin	141115	B	C	core_destroyed	498
2026-08-13T01:19:54Z	LAUNCHRES0	1846	fjordgate	141115	A	T	core_destroyed	191
2026-08-13T01:19:56Z	LAUNCHRES0	1847	fjordgate	141115	B	C	core_destroyed	447
2026-08-13T01:19:57Z	LAUNCHRES0	1848	heart	141115	A	T	core_destroyed	635
2026-08-13T01:20:00Z	LAUNCHRES0	1849	heart	141115	B	C	tiebreak	1000
2026-08-13T01:20:03Z	LAUNCHRES0	1850	hive	141115	A	T	core_destroyed	329
2026-08-13T01:20:05Z	LAUNCHRES0	1851	hive	141115	B	C	core_destroyed	186
2026-08-13T01:20:12Z	LAUNCHRES0	1852	meander	141115	A	T	core_destroyed	627
2026-08-13T01:20:14Z	LAUNCHRES0	1853	meander	141115	B	C	core_destroyed	256
2026-08-13T01:20:16Z	LAUNCHRES0	1854	nordkap	141115	A	T	core_destroyed	209
2026-08-13T01:20:18Z	LAUNCHRES0	1855	nordkap	141115	B	T	core_destroyed	211
2026-08-13T01:20:19Z	LAUNCHRES0	1856	antler	141116	A	T	core_destroyed	169
2026-08-13T01:20:20Z	LAUNCHRES0	1857	antler	141116	B	C	core_destroyed	232
2026-08-13T01:20:22Z	LAUNCHRES0	1858	atoll	141116	A	T	core_destroyed	165
2026-08-13T01:20:24Z	LAUNCHRES0	1859	atoll	141116	B	C	core_destroyed	388
2026-08-13T01:20:26Z	LAUNCHRES0	1860	drumlin	141116	A	T	core_destroyed	164
2026-08-13T01:20:30Z	LAUNCHRES0	1861	drumlin	141116	B	T	core_destroyed	309
2026-08-13T01:20:31Z	LAUNCHRES0	1862	fjordgate	141116	A	T	core_destroyed	275
2026-08-13T01:20:33Z	LAUNCHRES0	1863	fjordgate	141116	B	T	core_destroyed	322
2026-08-13T01:20:35Z	LAUNCHRES0	1864	heart	141116	A	T	core_destroyed	165
2026-08-13T01:20:39Z	LAUNCHRES0	1865	heart	141116	B	C	core_destroyed	239
2026-08-13T01:20:41Z	LAUNCHRES0	1866	hive	141116	A	C	core_destroyed	111
2026-08-13T01:20:44Z	LAUNCHRES0	1867	hive	141116	B	C	core_destroyed	248
2026-08-13T01:20:45Z	LAUNCHRES0	1868	meander	141116	A	C	core_destroyed	144
2026-08-13T01:20:46Z	LAUNCHRES0	1869	meander	141116	B	C	core_destroyed	163
2026-08-13T01:20:48Z	LAUNCHRES0	1870	nordkap	141116	A	T	core_destroyed	269
2026-08-13T01:20:49Z	LAUNCHRES0	1871	nordkap	141116	B	C	core_destroyed	137
2026-08-13T01:20:51Z	LAUNCHRES0	1872	antler	141117	A	C	core_destroyed	144
2026-08-13T01:20:53Z	LAUNCHRES0	1873	antler	141117	B	T	core_destroyed	199
2026-08-13T01:20:55Z	LAUNCHRES0	1874	atoll	141117	A	T	tiebreak	1000
2026-08-13T01:20:56Z	LAUNCHRES0	1875	atoll	141117	B	T	core_destroyed	160
2026-08-13T01:20:59Z	LAUNCHRES0	1876	drumlin	141117	A	T	core_destroyed	247
2026-08-13T01:21:02Z	LAUNCHRES0	1877	drumlin	141117	B	T	core_destroyed	185
2026-08-13T01:21:03Z	LAUNCHRES0	1878	fjordgate	141117	A	T	core_destroyed	168
2026-08-13T01:21:04Z	LAUNCHRES0	1879	fjordgate	141117	B	C	core_destroyed	141
2026-08-13T01:21:06Z	LAUNCHRES0	1880	heart	141117	A	T	core_destroyed	136
2026-08-13T01:21:09Z	LAUNCHRES0	1881	heart	141117	B	C	core_destroyed	280
2026-08-13T01:21:11Z	LAUNCHRES0	1882	hive	141117	A	C	core_destroyed	154
2026-08-13T01:21:16Z	LAUNCHRES0	1883	hive	141117	B	T	core_destroyed	415
2026-08-13T01:21:18Z	LAUNCHRES0	1884	meander	141117	A	T	core_destroyed	232
2026-08-13T01:21:20Z	LAUNCHRES0	1885	meander	141117	B	T	core_destroyed	256
2026-08-13T01:21:22Z	LAUNCHRES0	1886	nordkap	141117	A	T	core_destroyed	229
2026-08-13T01:21:24Z	LAUNCHRES0	1887	nordkap	141117	B	T	core_destroyed	182
2026-08-13T01:21:26Z	LAUNCHRES0	1888	antler	141118	A	C	core_destroyed	322
2026-08-13T01:21:27Z	LAUNCHRES0	1889	antler	141118	B	T	core_destroyed	255
2026-08-13T01:21:29Z	LAUNCHRES0	1890	atoll	141118	A	C	core_destroyed	190
2026-08-13T01:21:31Z	LAUNCHRES0	1891	atoll	141118	B	C	core_destroyed	242
2026-08-13T01:21:33Z	LAUNCHRES0	1892	drumlin	141118	A	T	core_destroyed	277
2026-08-13T01:21:36Z	LAUNCHRES0	1893	drumlin	141118	B	C	core_destroyed	346
2026-08-13T01:21:38Z	LAUNCHRES0	1894	fjordgate	141118	A	T	tiebreak	1000
2026-08-13T01:21:40Z	LAUNCHRES0	1895	fjordgate	141118	B	C	core_destroyed	140
2026-08-13T01:21:42Z	LAUNCHRES0	1896	heart	141118	A	T	core_destroyed	781
2026-08-13T01:21:47Z	LAUNCHRES0	1897	heart	141118	B	C	core_destroyed	764
2026-08-13T01:21:54Z	LAUNCHRES0	1898	hive	141118	A	T	core_destroyed	545
2026-08-13T01:21:56Z	LAUNCHRES0	1899	hive	141118	B	C	core_destroyed	126
2026-08-13T01:21:57Z	LAUNCHRES0	1900	meander	141118	A	T	core_destroyed	310
2026-08-13T01:21:58Z	LAUNCHRES0	1901	meander	141118	B	C	core_destroyed	129
2026-08-13T01:22:01Z	LAUNCHRES0	1902	nordkap	141118	A	T	core_destroyed	262
2026-08-13T01:22:03Z	LAUNCHRES0	1903	nordkap	141118	B	C	core_destroyed	334
2026-08-13T01:22:04Z	LAUNCHRES0	1904	antler	141119	A	T	core_destroyed	106
2026-08-13T01:22:07Z	LAUNCHRES0	1905	antler	141119	B	T	core_destroyed	916
2026-08-13T01:22:09Z	LAUNCHRES0	1906	atoll	141119	A	C	core_destroyed	509
2026-08-13T01:22:10Z	LAUNCHRES0	1907	atoll	141119	B	T	core_destroyed	118
2026-08-13T01:22:13Z	LAUNCHRES0	1908	drumlin	141119	A	T	core_destroyed	214
2026-08-13T01:22:14Z	LAUNCHRES0	1909	drumlin	141119	B	C	core_destroyed	154
2026-08-13T01:22:16Z	LAUNCHRES0	1910	fjordgate	141119	A	C	core_destroyed	176
2026-08-13T01:22:17Z	LAUNCHRES0	1911	fjordgate	141119	B	T	core_destroyed	223
2026-08-13T01:22:20Z	LAUNCHRES0	1912	heart	141119	A	T	core_destroyed	269
2026-08-13T01:22:22Z	LAUNCHRES0	1913	heart	141119	B	C	core_destroyed	333
2026-08-13T01:22:28Z	LAUNCHRES0	1914	hive	141119	A	T	core_destroyed	509
2026-08-13T01:22:31Z	LAUNCHRES0	1915	hive	141119	B	C	core_destroyed	182
2026-08-13T01:22:33Z	LAUNCHRES0	1916	meander	141119	A	T	core_destroyed	234
2026-08-13T01:22:35Z	LAUNCHRES0	1917	meander	141119	B	T	core_destroyed	459
2026-08-13T01:22:37Z	LAUNCHRES0	1918	nordkap	141119	A	C	core_destroyed	260
2026-08-13T01:22:38Z	LAUNCHRES0	1919	nordkap	141119	B	C	core_destroyed	157
2026-08-13T01:22:39Z	LAUNCHRES0	1920	antler	141120	A	C	core_destroyed	123
2026-08-13T01:22:41Z	LAUNCHRES0	1921	antler	141120	B	C	core_destroyed	132
2026-08-13T01:22:43Z	LAUNCHRES0	1922	atoll	141120	A	T	core_destroyed	225
2026-08-13T01:22:45Z	LAUNCHRES0	1923	atoll	141120	B	T	tiebreak	1000
2026-08-13T01:22:47Z	LAUNCHRES0	1924	drumlin	141120	A	T	core_destroyed	127
2026-08-13T01:22:48Z	LAUNCHRES0	1925	drumlin	141120	B	C	core_destroyed	133
2026-08-13T01:22:50Z	LAUNCHRES0	1926	fjordgate	141120	A	C	core_destroyed	278
2026-08-13T01:22:52Z	LAUNCHRES0	1927	fjordgate	141120	B	T	core_destroyed	310
2026-08-13T01:22:55Z	LAUNCHRES0	1928	heart	141120	A	T	core_destroyed	206
2026-08-13T01:22:59Z	LAUNCHRES0	1929	heart	141120	B	C	core_destroyed	252
2026-08-13T01:23:02Z	LAUNCHRES0	1930	hive	141120	A	C	core_destroyed	160
2026-08-13T01:23:05Z	LAUNCHRES0	1931	hive	141120	B	T	core_destroyed	263
2026-08-13T01:23:07Z	LAUNCHRES0	1932	meander	141120	A	C	core_destroyed	182
2026-08-13T01:23:08Z	LAUNCHRES0	1933	meander	141120	B	T	core_destroyed	171
2026-08-13T01:23:09Z	LAUNCHRES0	1934	nordkap	141120	A	C	core_destroyed	180
2026-08-13T01:23:13Z	LAUNCHRES0	1935	nordkap	141120	B	T	core_destroyed	291
2026-08-13T01:23:15Z	LAUNCHRES0	1936	antler	141121	A	T	tiebreak	1000
2026-08-13T01:23:17Z	LAUNCHRES0	1937	antler	141121	B	C	core_destroyed	335
2026-08-13T01:23:18Z	LAUNCHRES0	1938	atoll	141121	A	T	core_destroyed	130
2026-08-13T01:23:20Z	LAUNCHRES0	1939	atoll	141121	B	T	core_destroyed	242
2026-08-13T01:23:21Z	LAUNCHRES0	1940	drumlin	141121	A	T	core_destroyed	115
2026-08-13T01:23:23Z	LAUNCHRES0	1941	drumlin	141121	B	C	core_destroyed	122
2026-08-13T01:23:24Z	LAUNCHRES0	1942	fjordgate	141121	A	C	core_destroyed	195
2026-08-13T01:23:25Z	LAUNCHRES0	1943	fjordgate	141121	B	C	core_destroyed	418
2026-08-13T01:23:27Z	LAUNCHRES0	1944	heart	141121	A	T	core_destroyed	575
2026-08-13T01:23:34Z	LAUNCHRES0	1945	heart	141121	B	T	core_destroyed	509
2026-08-13T01:23:36Z	LAUNCHRES0	1946	hive	141121	A	C	core_destroyed	181
2026-08-13T01:23:37Z	LAUNCHRES0	1947	hive	141121	B	C	core_destroyed	105
2026-08-13T01:23:40Z	LAUNCHRES0	1948	meander	141121	A	C	core_destroyed	559
2026-08-13T01:23:43Z	LAUNCHRES0	1949	meander	141121	B	T	core_destroyed	241
2026-08-13T01:23:44Z	LAUNCHRES0	1950	nordkap	141121	A	T	core_destroyed	192
2026-08-13T01:23:47Z	LAUNCHRES0	1951	nordkap	141121	B	T	core_destroyed	282
2026-08-13T01:23:49Z	LAUNCHRES0	1952	antler	141122	A	T	core_destroyed	356
2026-08-13T01:23:51Z	LAUNCHRES0	1953	antler	141122	B	C	core_destroyed	310
2026-08-13T01:23:54Z	LAUNCHRES0	1954	atoll	141122	A	C	core_destroyed	339
2026-08-13T01:23:55Z	LAUNCHRES0	1955	atoll	141122	B	T	core_destroyed	334
2026-08-13T01:23:56Z	LAUNCHRES0	1956	drumlin	141122	A	T	core_destroyed	118
2026-08-13T01:23:58Z	LAUNCHRES0	1957	drumlin	141122	B	T	core_destroyed	114
2026-08-13T01:23:59Z	LAUNCHRES0	1958	fjordgate	141122	A	C	core_destroyed	149
2026-08-13T01:24:00Z	LAUNCHRES0	1959	fjordgate	141122	B	C	core_destroyed	211
2026-08-13T01:24:03Z	LAUNCHRES0	1960	heart	141122	A	C	core_destroyed	244
2026-08-13T01:24:06Z	LAUNCHRES0	1961	heart	141122	B	C	tiebreak	1000
2026-08-13T01:24:08Z	LAUNCHRES0	1962	hive	141122	A	T	core_destroyed	155
2026-08-13T01:24:10Z	LAUNCHRES0	1963	hive	141122	B	T	core_destroyed	163
2026-08-13T01:24:13Z	LAUNCHRES0	1964	meander	141122	A	C	tiebreak	1000
2026-08-13T01:24:14Z	LAUNCHRES0	1965	meander	141122	B	T	core_destroyed	124
2026-08-13T01:24:15Z	LAUNCHRES0	1966	nordkap	141122	A	C	core_destroyed	176
2026-08-13T01:24:19Z	LAUNCHRES0	1967	nordkap	141122	B	T	core_destroyed	444
2026-08-13T01:24:21Z	LAUNCHRES0	1968	antler	141123	A	T	core_destroyed	315
2026-08-13T01:24:23Z	LAUNCHRES0	1969	antler	141123	B	C	core_destroyed	369
2026-08-13T01:24:24Z	LAUNCHRES0	1970	atoll	141123	A	C	core_destroyed	113
2026-08-13T01:24:26Z	LAUNCHRES0	1971	atoll	141123	B	T	core_destroyed	645
2026-08-13T01:24:27Z	LAUNCHRES0	1972	drumlin	141123	A	T	core_destroyed	94
2026-08-13T01:24:32Z	LAUNCHRES0	1973	drumlin	141123	B	C	core_destroyed	349
2026-08-13T01:24:34Z	LAUNCHRES0	1974	fjordgate	141123	A	T	tiebreak	1000
2026-08-13T01:24:35Z	LAUNCHRES0	1975	fjordgate	141123	B	C	core_destroyed	205
2026-08-13T01:24:37Z	LAUNCHRES0	1976	heart	141123	A	T	core_destroyed	781
2026-08-13T01:24:39Z	LAUNCHRES0	1977	heart	141123	B	T	core_destroyed	177
2026-08-13T01:24:41Z	LAUNCHRES0	1978	hive	141123	A	C	core_destroyed	226
2026-08-13T01:24:47Z	LAUNCHRES0	1979	hive	141123	B	T	core_destroyed	609
2026-08-13T01:24:49Z	LAUNCHRES0	1980	meander	141123	A	T	core_destroyed	195
2026-08-13T01:24:50Z	LAUNCHRES0	1981	meander	141123	B	T	core_destroyed	117
2026-08-13T01:24:52Z	LAUNCHRES0	1982	nordkap	141123	A	C	core_destroyed	242
2026-08-13T01:24:54Z	LAUNCHRES0	1983	nordkap	141123	B	T	core_destroyed	222
2026-08-13T01:24:56Z	LAUNCHRES0	1984	antler	141124	A	C	core_destroyed	319
2026-08-13T01:24:58Z	LAUNCHRES0	1985	antler	141124	B	T	core_destroyed	206
2026-08-13T01:24:59Z	LAUNCHRES0	1986	atoll	141124	A	T	core_destroyed	193
2026-08-13T01:25:00Z	LAUNCHRES0	1987	atoll	141124	B	T	core_destroyed	140
2026-08-13T01:25:05Z	LAUNCHRES0	1988	drumlin	141124	A	C	core_destroyed	347
2026-08-13T01:25:06Z	LAUNCHRES0	1989	drumlin	141124	B	T	core_destroyed	173
2026-08-13T01:25:07Z	LAUNCHRES0	1990	fjordgate	141124	A	T	core_destroyed	226
2026-08-13T01:25:09Z	LAUNCHRES0	1991	fjordgate	141124	B	C	core_destroyed	220
2026-08-13T01:25:14Z	LAUNCHRES0	1992	heart	141124	A	C	core_destroyed	269
2026-08-13T01:25:16Z	LAUNCHRES0	1993	heart	141124	B	T	core_destroyed	135
2026-08-13T01:25:21Z	LAUNCHRES0	1994	hive	141124	A	T	core_destroyed	332
2026-08-13T01:25:23Z	LAUNCHRES0	1995	hive	141124	B	T	core_destroyed	195
2026-08-13T01:25:24Z	LAUNCHRES0	1996	meander	141124	A	C	core_destroyed	176
2026-08-13T01:25:26Z	LAUNCHRES0	1997	meander	141124	B	C	core_destroyed	286
2026-08-13T01:25:27Z	LAUNCHRES0	1998	nordkap	141124	A	T	core_destroyed	164
2026-08-13T01:25:28Z	LAUNCHRES0	1999	nordkap	141124	B	C	core_destroyed	88
2026-08-13T01:25:29Z	LAUNCHRES0	2000	antler	141125	A	C	core_destroyed	112
2026-08-13T01:25:31Z	LAUNCHRES0	2001	antler	141125	B	C	core_destroyed	173
2026-08-13T01:25:32Z	LAUNCHRES0	2002	atoll	141125	A	T	core_destroyed	190
2026-08-13T01:25:34Z	LAUNCHRES0	2003	atoll	141125	B	T	core_destroyed	211
2026-08-13T01:25:37Z	LAUNCHRES0	2004	drumlin	141125	A	T	core_destroyed	240
2026-08-13T01:25:39Z	LAUNCHRES0	2005	drumlin	141125	B	C	core_destroyed	164
2026-08-13T01:25:40Z	LAUNCHRES0	2006	fjordgate	141125	A	T	core_destroyed	162
2026-08-13T01:25:42Z	LAUNCHRES0	2007	fjordgate	141125	B	C	core_destroyed	137
2026-08-13T01:25:52Z	LAUNCHRES0	2008	heart	141125	A	T	core_destroyed	853
2026-08-13T01:25:56Z	LAUNCHRES0	2009	heart	141125	B	T	core_destroyed	484
2026-08-13T01:25:58Z	LAUNCHRES0	2010	hive	141125	A	C	core_destroyed	168
2026-08-13T01:26:00Z	LAUNCHRES0	2011	hive	141125	B	T	core_destroyed	129
2026-08-13T01:26:01Z	LAUNCHRES0	2012	meander	141125	A	C	core_destroyed	105
2026-08-13T01:26:03Z	LAUNCHRES0	2013	meander	141125	B	C	core_destroyed	185
2026-08-13T01:26:04Z	LAUNCHRES0	2014	nordkap	141125	A	T	core_destroyed	225
2026-08-13T01:26:07Z	LAUNCHRES0	2015	nordkap	141125	B	C	core_destroyed	269
2026-08-13T01:26:08Z	LAUNCHRES0	2016	antler	141126	A	T	core_destroyed	183
2026-08-13T01:26:11Z	LAUNCHRES0	2017	antler	141126	B	T	tiebreak	1000
2026-08-13T01:26:12Z	LAUNCHRES0	2018	atoll	141126	A	T	core_destroyed	166
2026-08-13T01:26:14Z	LAUNCHRES0	2019	atoll	141126	B	T	core_destroyed	362
2026-08-13T01:26:15Z	LAUNCHRES0	2020	drumlin	141126	A	T	core_destroyed	123
2026-08-13T01:26:19Z	LAUNCHRES0	2021	drumlin	141126	B	T	core_destroyed	391
2026-08-13T01:26:21Z	LAUNCHRES0	2022	fjordgate	141126	A	C	core_destroyed	281
2026-08-13T01:26:22Z	LAUNCHRES0	2023	fjordgate	141126	B	C	core_destroyed	373
2026-08-13T01:26:27Z	LAUNCHRES0	2024	heart	141126	A	C	core_destroyed	285
2026-08-13T01:26:31Z	LAUNCHRES0	2025	heart	141126	B	C	core_destroyed	279
2026-08-13T01:26:34Z	LAUNCHRES0	2026	hive	141126	A	T	core_destroyed	206
2026-08-13T01:26:39Z	LAUNCHRES0	2027	hive	141126	B	T	core_destroyed	371
2026-08-13T01:26:43Z	LAUNCHRES0	2028	meander	141126	A	T	tiebreak	1000
2026-08-13T01:26:45Z	LAUNCHRES0	2029	meander	141126	B	T	core_destroyed	124
2026-08-13T01:26:47Z	LAUNCHRES0	2030	nordkap	141126	A	T	core_destroyed	232
2026-08-13T01:26:49Z	LAUNCHRES0	2031	nordkap	141126	B	C	core_destroyed	334
2026-08-13T01:26:50Z	LAUNCHRES0	2032	antler	141127	A	T	core_destroyed	428
2026-08-13T01:26:52Z	LAUNCHRES0	2033	antler	141127	B	T	core_destroyed	232
2026-08-13T01:26:54Z	LAUNCHRES0	2034	atoll	141127	A	C	core_destroyed	229
2026-08-13T01:26:56Z	LAUNCHRES0	2035	atoll	141127	B	T	core_destroyed	185
2026-08-13T01:26:59Z	LAUNCHRES0	2036	drumlin	141127	A	T	core_destroyed	243
2026-08-13T01:27:00Z	LAUNCHRES0	2037	drumlin	141127	B	C	core_destroyed	146
2026-08-13T01:27:01Z	LAUNCHRES0	2038	fjordgate	141127	A	T	core_destroyed	160
2026-08-13T01:27:03Z	LAUNCHRES0	2039	fjordgate	141127	B	C	core_destroyed	157
2026-08-13T01:27:05Z	LAUNCHRES0	2040	heart	141127	A	C	core_destroyed	192
2026-08-13T01:27:08Z	LAUNCHRES0	2041	heart	141127	B	T	core_destroyed	152
2026-08-13T01:27:13Z	LAUNCHRES0	2042	hive	141127	A	T	core_destroyed	511
2026-08-13T01:27:15Z	LAUNCHRES0	2043	hive	141127	B	T	core_destroyed	134
2026-08-13T01:27:19Z	LAUNCHRES0	2044	meander	141127	A	T	tiebreak	1000
2026-08-13T01:27:20Z	LAUNCHRES0	2045	meander	141127	B	C	core_destroyed	165
2026-08-13T01:27:21Z	LAUNCHRES0	2046	nordkap	141127	A	C	core_destroyed	116
2026-08-13T01:27:22Z	LAUNCHRES0	2047	nordkap	141127	B	C	core_destroyed	128
2026-08-13T01:27:23Z	LAUNCHRES0	2048	antler	141128	A	C	core_destroyed	97
2026-08-13T01:27:27Z	LAUNCHRES0	2049	antler	141128	B	C	tiebreak	1000
2026-08-13T01:27:29Z	LAUNCHRES0	2050	atoll	141128	A	T	core_destroyed	242
2026-08-13T01:27:30Z	LAUNCHRES0	2051	atoll	141128	B	T	core_destroyed	193
2026-08-13T01:27:32Z	LAUNCHRES0	2052	drumlin	141128	A	T	core_destroyed	160
2026-08-13T01:27:40Z	LAUNCHRES0	2053	drumlin	141128	B	C	core_destroyed	561
2026-08-13T01:27:41Z	LAUNCHRES0	2054	fjordgate	141128	A	T	core_destroyed	211
2026-08-13T01:27:42Z	LAUNCHRES0	2055	fjordgate	141128	B	C	core_destroyed	175
2026-08-13T01:27:44Z	LAUNCHRES0	2056	heart	141128	A	T	core_destroyed	174
2026-08-13T01:27:52Z	LAUNCHRES0	2057	heart	141128	B	T	core_destroyed	424
2026-08-13T01:27:56Z	LAUNCHRES0	2058	hive	141128	A	C	core_destroyed	294
2026-08-13T01:27:58Z	LAUNCHRES0	2059	hive	141128	B	C	core_destroyed	128
2026-08-13T01:27:59Z	LAUNCHRES0	2060	meander	141128	A	T	core_destroyed	168
2026-08-13T01:28:01Z	LAUNCHRES0	2061	meander	141128	B	T	core_destroyed	188
2026-08-13T01:28:03Z	LAUNCHRES0	2062	nordkap	141128	A	C	tiebreak	1000
2026-08-13T01:28:05Z	LAUNCHRES0	2063	nordkap	141128	B	C	core_destroyed	198
2026-08-13T01:28:06Z	LAUNCHRES0	2064	antler	141129	A	T	core_destroyed	143
2026-08-13T01:28:07Z	LAUNCHRES0	2065	antler	141129	B	T	core_destroyed	215
2026-08-13T01:28:08Z	LAUNCHRES0	2066	atoll	141129	A	T	core_destroyed	144
2026-08-13T01:28:14Z	LAUNCHRES0	2067	atoll	141129	B	C	core_destroyed	919
2026-08-13T01:28:15Z	LAUNCHRES0	2068	drumlin	141129	A	C	core_destroyed	170
2026-08-13T01:28:18Z	LAUNCHRES0	2069	drumlin	141129	B	C	core_destroyed	221
2026-08-13T01:28:19Z	LAUNCHRES0	2070	fjordgate	141129	A	C	core_destroyed	139
2026-08-13T01:28:20Z	LAUNCHRES0	2071	fjordgate	141129	B	C	core_destroyed	112
2026-08-13T01:28:44Z	LAUNCHRES0	2072	heart	141129	A	C	tiebreak	1000
2026-08-13T01:28:45Z	LAUNCHRES0	2073	heart	141129	B	C	core_destroyed	102
2026-08-13T01:28:48Z	LAUNCHRES0	2074	hive	141129	A	T	core_destroyed	323
2026-08-13T01:28:51Z	LAUNCHRES0	2075	hive	141129	B	C	core_destroyed	231
2026-08-13T01:28:53Z	LAUNCHRES0	2076	meander	141129	A	C	core_destroyed	196
2026-08-13T01:28:54Z	LAUNCHRES0	2077	meander	141129	B	T	core_destroyed	219
2026-08-13T01:29:03Z	LAUNCHRES0	2078	nordkap	141129	A	C	core_destroyed	619
2026-08-13T01:29:05Z	LAUNCHRES0	2079	nordkap	141129	B	C	core_destroyed	188
2026-08-13T01:29:07Z	LAUNCHRES0	2080	antler	141130	A	C	core_destroyed	239
2026-08-13T01:29:08Z	LAUNCHRES0	2081	antler	141130	B	C	core_destroyed	248
2026-08-13T01:29:09Z	LAUNCHRES0	2082	atoll	141130	A	C	core_destroyed	533
2026-08-13T01:29:12Z	LAUNCHRES0	2083	atoll	141130	B	C	core_destroyed	934
2026-08-13T01:29:13Z	LAUNCHRES0	2084	drumlin	141130	A	T	core_destroyed	122
2026-08-13T01:29:17Z	LAUNCHRES0	2085	drumlin	141130	B	C	core_destroyed	247
2026-08-13T01:29:18Z	LAUNCHRES0	2086	fjordgate	141130	A	T	core_destroyed	112
2026-08-13T01:29:19Z	LAUNCHRES0	2087	fjordgate	141130	B	T	core_destroyed	156
2026-08-13T01:29:21Z	LAUNCHRES0	2088	heart	141130	A	C	core_destroyed	196
2026-08-13T01:29:23Z	LAUNCHRES0	2089	heart	141130	B	T	core_destroyed	196
2026-08-13T01:29:24Z	LAUNCHRES0	2090	hive	141130	A	C	core_destroyed	129
2026-08-13T01:29:31Z	LAUNCHRES0	2091	hive	141130	B	T	core_destroyed	441
2026-08-13T01:29:32Z	LAUNCHRES0	2092	meander	141130	A	T	core_destroyed	137
2026-08-13T01:29:34Z	LAUNCHRES0	2093	meander	141130	B	T	core_destroyed	215
2026-08-13T01:29:36Z	LAUNCHRES0	2094	nordkap	141130	A	C	core_destroyed	236
2026-08-13T01:29:37Z	LAUNCHRES0	2095	nordkap	141130	B	C	core_destroyed	304
2026-08-13T01:29:39Z	LAUNCHRES0	2096	antler	141131	A	C	core_destroyed	320
2026-08-13T01:29:41Z	LAUNCHRES0	2097	antler	141131	B	C	core_destroyed	234
2026-08-13T01:29:42Z	LAUNCHRES0	2098	atoll	141131	A	C	core_destroyed	196
2026-08-13T01:29:44Z	LAUNCHRES0	2099	atoll	141131	B	C	core_destroyed	182
2026-08-13T01:29:46Z	LAUNCHRES0	2100	drumlin	141131	A	T	core_destroyed	172
2026-08-13T01:29:49Z	LAUNCHRES0	2101	drumlin	141131	B	T	core_destroyed	248
2026-08-13T01:29:51Z	LAUNCHRES0	2102	fjordgate	141131	A	T	tiebreak	1000
2026-08-13T01:29:55Z	LAUNCHRES0	2103	fjordgate	141131	B	T	core_destroyed	834
2026-08-13T01:29:57Z	LAUNCHRES0	2104	heart	141131	A	T	tiebreak	1000
2026-08-13T01:30:00Z	LAUNCHRES0	2105	heart	141131	B	C	core_destroyed	280
2026-08-13T01:30:05Z	LAUNCHRES0	2106	hive	141131	A	C	core_destroyed	314
2026-08-13T01:30:06Z	LAUNCHRES0	2107	hive	141131	B	C	core_destroyed	108
2026-08-13T01:30:08Z	LAUNCHRES0	2108	meander	141131	A	C	core_destroyed	189
2026-08-13T01:30:09Z	LAUNCHRES0	2109	meander	141131	B	T	core_destroyed	171
2026-08-13T01:30:11Z	LAUNCHRES0	2110	nordkap	141131	A	T	core_destroyed	158
2026-08-13T01:30:12Z	LAUNCHRES0	2111	nordkap	141131	B	T	tiebreak	1000
2026-08-13T01:30:14Z	LAUNCHRES0	2112	antler	141132	A	T	core_destroyed	284
2026-08-13T01:30:16Z	LAUNCHRES0	2113	antler	141132	B	T	core_destroyed	512
2026-08-13T01:30:19Z	LAUNCHRES0	2114	atoll	141132	A	T	core_destroyed	332
2026-08-13T01:30:20Z	LAUNCHRES0	2115	atoll	141132	B	T	core_destroyed	105
2026-08-13T01:30:23Z	LAUNCHRES0	2116	drumlin	141132	A	C	core_destroyed	223
2026-08-13T01:30:26Z	LAUNCHRES0	2117	drumlin	141132	B	C	core_destroyed	275
2026-08-13T01:30:27Z	LAUNCHRES0	2118	fjordgate	141132	A	T	core_destroyed	277
2026-08-13T01:30:30Z	LAUNCHRES0	2119	fjordgate	141132	B	T	core_destroyed	517
2026-08-13T01:30:31Z	LAUNCHRES0	2120	heart	141132	A	C	core_destroyed	186
2026-08-13T01:30:33Z	LAUNCHRES0	2121	heart	141132	B	C	core_destroyed	136
2026-08-13T01:30:40Z	LAUNCHRES0	2122	hive	141132	A	C	core_destroyed	435
2026-08-13T01:30:41Z	LAUNCHRES0	2123	hive	141132	B	C	core_destroyed	94
2026-08-13T01:30:43Z	LAUNCHRES0	2124	meander	141132	A	C	core_destroyed	663
2026-08-13T01:30:46Z	LAUNCHRES0	2125	meander	141132	B	T	core_destroyed	237
2026-08-13T01:30:51Z	LAUNCHRES0	2126	nordkap	141132	A	T	tiebreak	1000
2026-08-13T01:30:54Z	LAUNCHRES0	2127	nordkap	141132	B	C	core_destroyed	451
2026-08-13T01:30:56Z	LAUNCHRES0	2128	antler	141133	A	T	core_destroyed	299
2026-08-13T01:30:57Z	LAUNCHRES0	2129	antler	141133	B	C	core_destroyed	110
2026-08-13T01:31:00Z	LAUNCHRES0	2130	atoll	141133	A	C	core_destroyed	274
2026-08-13T01:31:01Z	LAUNCHRES0	2131	atoll	141133	B	T	core_destroyed	177
2026-08-13T01:31:03Z	LAUNCHRES0	2132	drumlin	141133	A	T	core_destroyed	155
2026-08-13T01:31:07Z	LAUNCHRES0	2133	drumlin	141133	B	T	core_destroyed	335
2026-08-13T01:31:08Z	LAUNCHRES0	2134	fjordgate	141133	A	C	core_destroyed	189
2026-08-13T01:31:10Z	LAUNCHRES0	2135	fjordgate	141133	B	C	core_destroyed	245
2026-08-13T01:31:11Z	LAUNCHRES0	2136	heart	141133	A	T	core_destroyed	128
2026-08-13T01:31:16Z	LAUNCHRES0	2137	heart	141133	B	C	core_destroyed	406
2026-08-13T01:31:19Z	LAUNCHRES0	2138	hive	141133	A	C	core_destroyed	181
2026-08-13T01:31:22Z	LAUNCHRES0	2139	hive	141133	B	C	core_destroyed	211
2026-08-13T01:31:23Z	LAUNCHRES0	2140	meander	141133	A	C	core_destroyed	126
2026-08-13T01:31:25Z	LAUNCHRES0	2141	meander	141133	B	T	core_destroyed	242
2026-08-13T01:31:27Z	LAUNCHRES0	2142	nordkap	141133	A	T	core_destroyed	247
2026-08-13T01:31:29Z	LAUNCHRES0	2143	nordkap	141133	B	C	core_destroyed	457
2026-08-13T01:31:30Z	LAUNCHRES0	2144	antler	141134	A	C	core_destroyed	183
2026-08-13T01:31:32Z	LAUNCHRES0	2145	antler	141134	B	T	core_destroyed	238
2026-08-13T01:31:34Z	LAUNCHRES0	2146	atoll	141134	A	C	core_destroyed	274
2026-08-13T01:31:35Z	LAUNCHRES0	2147	atoll	141134	B	T	core_destroyed	121
2026-08-13T01:31:39Z	LAUNCHRES0	2148	drumlin	141134	A	T	core_destroyed	313
2026-08-13T01:31:42Z	LAUNCHRES0	2149	drumlin	141134	B	T	core_destroyed	350
2026-08-13T01:31:44Z	LAUNCHRES0	2150	fjordgate	141134	A	T	core_destroyed	400
2026-08-13T01:31:45Z	LAUNCHRES0	2151	fjordgate	141134	B	T	core_destroyed	91
2026-08-13T01:31:49Z	LAUNCHRES0	2152	heart	141134	A	C	core_destroyed	682
2026-08-13T01:31:51Z	LAUNCHRES0	2153	heart	141134	B	C	core_destroyed	116
2026-08-13T01:31:53Z	LAUNCHRES0	2154	hive	141134	A	T	core_destroyed	108
2026-08-13T01:31:59Z	LAUNCHRES0	2155	hive	141134	B	T	core_destroyed	386
2026-08-13T01:32:02Z	LAUNCHRES0	2156	meander	141134	A	C	core_destroyed	265
2026-08-13T01:32:03Z	LAUNCHRES0	2157	meander	141134	B	T	core_destroyed	222
2026-08-13T01:32:05Z	LAUNCHRES0	2158	nordkap	141134	A	T	core_destroyed	232
2026-08-13T01:32:06Z	LAUNCHRES0	2159	nordkap	141134	B	C	core_destroyed	114
2026-08-13T01:32:08Z	LAUNCHRES0	2160	antler	141135	A	C	core_destroyed	171
2026-08-13T01:32:09Z	LAUNCHRES0	2161	antler	141135	B	T	core_destroyed	242
2026-08-13T01:32:11Z	LAUNCHRES0	2162	atoll	141135	A	C	core_destroyed	321
2026-08-13T01:32:13Z	LAUNCHRES0	2163	atoll	141135	B	T	core_destroyed	252
2026-08-13T01:32:16Z	LAUNCHRES0	2164	drumlin	141135	A	T	core_destroyed	263
2026-08-13T01:32:18Z	LAUNCHRES0	2165	drumlin	141135	B	T	core_destroyed	263
2026-08-13T01:32:19Z	LAUNCHRES0	2166	fjordgate	141135	A	C	core_destroyed	121
2026-08-13T01:32:21Z	LAUNCHRES0	2167	fjordgate	141135	B	C	core_destroyed	213
2026-08-13T01:32:25Z	LAUNCHRES0	2168	heart	141135	A	T	tiebreak	1000
2026-08-13T01:32:27Z	LAUNCHRES0	2169	heart	141135	B	C	core_destroyed	154
2026-08-13T01:32:29Z	LAUNCHRES0	2170	hive	141135	A	T	core_destroyed	96
2026-08-13T01:32:34Z	LAUNCHRES0	2171	hive	141135	B	C	core_destroyed	323
2026-08-13T01:32:35Z	LAUNCHRES0	2172	meander	141135	A	T	core_destroyed	162
2026-08-13T01:32:36Z	LAUNCHRES0	2173	meander	141135	B	T	core_destroyed	125
2026-08-13T01:32:38Z	LAUNCHRES0	2174	nordkap	141135	A	C	core_destroyed	233
2026-08-13T01:32:41Z	LAUNCHRES0	2175	nordkap	141135	B	T	core_destroyed	249
2026-08-13T01:32:43Z	LAUNCHRES0	2176	antler	141136	A	T	core_destroyed	221
2026-08-13T01:32:45Z	LAUNCHRES0	2177	antler	141136	B	C	core_destroyed	140
2026-08-13T01:32:46Z	LAUNCHRES0	2178	atoll	141136	A	C	core_destroyed	555
2026-08-13T01:32:51Z	LAUNCHRES0	2179	atoll	141136	B	T	core_destroyed	386
2026-08-13T01:32:54Z	LAUNCHRES0	2180	drumlin	141136	A	T	core_destroyed	251
2026-08-13T01:32:55Z	LAUNCHRES0	2181	drumlin	141136	B	C	core_destroyed	115
2026-08-13T01:32:56Z	LAUNCHRES0	2182	fjordgate	141136	A	T	core_destroyed	196
2026-08-13T01:32:58Z	LAUNCHRES0	2183	fjordgate	141136	B	C	core_destroyed	181
2026-08-13T01:33:10Z	LAUNCHRES0	2184	heart	141136	A	T	core_destroyed	905
2026-08-13T01:33:18Z	LAUNCHRES0	2185	heart	141136	B	C	core_destroyed	865
2026-08-13T01:33:20Z	LAUNCHRES0	2186	hive	141136	A	C	core_destroyed	182
2026-08-13T01:33:24Z	LAUNCHRES0	2187	hive	141136	B	T	core_destroyed	340
2026-08-13T01:33:25Z	LAUNCHRES0	2188	meander	141136	A	C	core_destroyed	126
2026-08-13T01:33:27Z	LAUNCHRES0	2189	meander	141136	B	T	core_destroyed	204
2026-08-13T01:33:29Z	LAUNCHRES0	2190	nordkap	141136	A	T	core_destroyed	242
2026-08-13T01:33:31Z	LAUNCHRES0	2191	nordkap	141136	B	T	tiebreak	1000
2026-08-13T01:33:32Z	LAUNCHRES0	2192	antler	141137	A	T	core_destroyed	115
2026-08-13T01:33:34Z	LAUNCHRES0	2193	antler	141137	B	T	core_destroyed	132
2026-08-13T01:33:36Z	LAUNCHRES0	2194	atoll	141137	A	C	core_destroyed	242
2026-08-13T01:33:37Z	LAUNCHRES0	2195	atoll	141137	B	T	core_destroyed	108
2026-08-13T01:33:42Z	LAUNCHRES0	2196	drumlin	141137	A	C	core_destroyed	424
2026-08-13T01:33:44Z	LAUNCHRES0	2197	drumlin	141137	B	C	core_destroyed	97
2026-08-13T01:33:45Z	LAUNCHRES0	2198	fjordgate	141137	A	C	core_destroyed	177
2026-08-13T01:33:46Z	LAUNCHRES0	2199	fjordgate	141137	B	C	core_destroyed	233
2026-08-13T01:33:51Z	LAUNCHRES0	2200	heart	141137	A	C	core_destroyed	278
2026-08-13T01:33:53Z	LAUNCHRES0	2201	heart	141137	B	C	core_destroyed	216
2026-08-13T01:33:57Z	LAUNCHRES0	2202	hive	141137	A	C	core_destroyed	246
2026-08-13T01:33:59Z	LAUNCHRES0	2203	hive	141137	B	T	core_destroyed	113
2026-08-13T01:34:01Z	LAUNCHRES0	2204	meander	141137	A	C	core_destroyed	246
2026-08-13T01:34:02Z	LAUNCHRES0	2205	meander	141137	B	T	core_destroyed	205
2026-08-13T01:34:06Z	LAUNCHRES0	2206	nordkap	141137	A	C	core_destroyed	446
2026-08-13T01:34:08Z	LAUNCHRES0	2207	nordkap	141137	B	T	core_destroyed	642
2026-08-13T01:34:09Z	LAUNCHRES0	2208	antler	141138	A	T	core_destroyed	90
2026-08-13T01:34:11Z	LAUNCHRES0	2209	antler	141138	B	T	core_destroyed	264
2026-08-13T01:34:12Z	LAUNCHRES0	2210	atoll	141138	A	T	core_destroyed	184
2026-08-13T01:34:14Z	LAUNCHRES0	2211	atoll	141138	B	C	core_destroyed	934
2026-08-13T01:34:16Z	LAUNCHRES0	2212	drumlin	141138	A	T	core_destroyed	183
2026-08-13T01:34:18Z	LAUNCHRES0	2213	drumlin	141138	B	C	core_destroyed	101
2026-08-13T01:34:20Z	LAUNCHRES0	2214	fjordgate	141138	A	C	core_destroyed	542
2026-08-13T01:34:22Z	LAUNCHRES0	2215	fjordgate	141138	B	T	tiebreak	1000
2026-08-13T01:34:24Z	LAUNCHRES0	2216	heart	141138	A	C	core_destroyed	98
2026-08-13T01:34:25Z	LAUNCHRES0	2217	heart	141138	B	C	core_destroyed	833
2026-08-13T01:34:29Z	LAUNCHRES0	2218	hive	141138	A	T	core_destroyed	245
2026-08-13T01:34:33Z	LAUNCHRES0	2219	hive	141138	B	C	core_destroyed	271
2026-08-13T01:34:35Z	LAUNCHRES0	2220	meander	141138	A	T	core_destroyed	239
2026-08-13T01:34:36Z	LAUNCHRES0	2221	meander	141138	B	C	core_destroyed	251
2026-08-13T01:34:38Z	LAUNCHRES0	2222	nordkap	141138	A	T	core_destroyed	132
2026-08-13T01:34:39Z	LAUNCHRES0	2223	nordkap	141138	B	T	core_destroyed	132
2026-08-13T01:34:40Z	LAUNCHRES0	2224	antler	141139	A	T	core_destroyed	116
2026-08-13T01:34:42Z	LAUNCHRES0	2225	antler	141139	B	C	core_destroyed	111
2026-08-13T01:34:43Z	LAUNCHRES0	2226	atoll	141139	A	C	core_destroyed	120
2026-08-13T01:34:44Z	LAUNCHRES0	2227	atoll	141139	B	T	core_destroyed	158
2026-08-13T01:34:46Z	LAUNCHRES0	2228	drumlin	141139	A	C	core_destroyed	153
2026-08-13T01:34:51Z	LAUNCHRES0	2229	drumlin	141139	B	T	core_destroyed	347
2026-08-13T01:34:52Z	LAUNCHRES0	2230	fjordgate	141139	A	T	core_destroyed	129
2026-08-13T01:34:53Z	LAUNCHRES0	2231	fjordgate	141139	B	C	core_destroyed	127
2026-08-13T01:34:57Z	LAUNCHRES0	2232	heart	141139	A	C	core_destroyed	252
2026-08-13T01:35:00Z	LAUNCHRES0	2233	heart	141139	B	C	core_destroyed	206
2026-08-13T01:35:02Z	LAUNCHRES0	2234	hive	141139	A	T	core_destroyed	120
2026-08-13T01:35:04Z	LAUNCHRES0	2235	hive	141139	B	T	core_destroyed	247
2026-08-13T01:35:06Z	LAUNCHRES0	2236	meander	141139	A	C	core_destroyed	145
2026-08-13T01:35:08Z	LAUNCHRES0	2237	meander	141139	B	C	core_destroyed	367
2026-08-13T01:35:10Z	LAUNCHRES0	2238	nordkap	141139	A	C	core_destroyed	209
2026-08-13T01:35:14Z	LAUNCHRES0	2239	nordkap	141139	B	C	core_destroyed	454
2026-08-13T01:35:16Z	LAUNCHRES0	2240	antler	141140	A	T	core_destroyed	240
2026-08-13T01:35:18Z	LAUNCHRES0	2241	antler	141140	B	T	core_destroyed	366
2026-08-13T01:35:19Z	LAUNCHRES0	2242	atoll	141140	A	C	core_destroyed	205
2026-08-13T01:35:20Z	LAUNCHRES0	2243	atoll	141140	B	C	core_destroyed	251
2026-08-13T01:35:22Z	LAUNCHRES0	2244	drumlin	141140	A	T	core_destroyed	107
2026-08-13T01:35:25Z	LAUNCHRES0	2245	drumlin	141140	B	C	core_destroyed	278
2026-08-13T01:35:26Z	LAUNCHRES0	2246	fjordgate	141140	A	T	core_destroyed	289
2026-08-13T01:35:29Z	LAUNCHRES0	2247	fjordgate	141140	B	T	core_destroyed	487
2026-08-13T01:35:35Z	LAUNCHRES0	2248	heart	141140	A	T	core_destroyed	362
2026-08-13T01:35:37Z	LAUNCHRES0	2249	heart	141140	B	C	core_destroyed	154
2026-08-13T01:35:40Z	LAUNCHRES0	2250	hive	141140	A	C	core_destroyed	283
2026-08-13T01:35:44Z	LAUNCHRES0	2251	hive	141140	B	T	core_destroyed	293
2026-08-13T01:35:46Z	LAUNCHRES0	2252	meander	141140	A	C	core_destroyed	156
2026-08-13T01:35:47Z	LAUNCHRES0	2253	meander	141140	B	C	core_destroyed	286
2026-08-13T01:35:49Z	LAUNCHRES0	2254	nordkap	141140	A	T	core_destroyed	250
2026-08-13T01:35:50Z	LAUNCHRES0	2255	nordkap	141140	B	C	core_destroyed	365
2026-08-13T01:35:53Z	LAUNCHRES0	2256	antler	141141	A	C	core_destroyed	293
2026-08-13T01:35:54Z	LAUNCHRES0	2257	antler	141141	B	C	core_destroyed	183
2026-08-13T01:35:56Z	LAUNCHRES0	2258	atoll	141141	A	C	core_destroyed	276
2026-08-13T01:35:58Z	LAUNCHRES0	2259	atoll	141141	B	C	core_destroyed	208
2026-08-13T01:36:00Z	LAUNCHRES0	2260	drumlin	141141	A	T	core_destroyed	149
2026-08-13T01:36:02Z	LAUNCHRES0	2261	drumlin	141141	B	C	core_destroyed	176
2026-08-13T01:36:03Z	LAUNCHRES0	2262	fjordgate	141141	A	T	core_destroyed	273
2026-08-13T01:36:04Z	LAUNCHRES0	2263	fjordgate	141141	B	T	core_destroyed	189
2026-08-13T01:36:06Z	LAUNCHRES0	2264	heart	141141	A	C	core_destroyed	107
2026-08-13T01:36:09Z	LAUNCHRES0	2265	heart	141141	B	C	core_destroyed	161
2026-08-13T01:36:11Z	LAUNCHRES0	2266	hive	141141	A	T	core_destroyed	188
2026-08-13T01:36:19Z	LAUNCHRES0	2267	hive	141141	B	C	core_destroyed	598
2026-08-13T01:36:20Z	LAUNCHRES0	2268	meander	141141	A	T	core_destroyed	206
2026-08-13T01:36:23Z	LAUNCHRES0	2269	meander	141141	B	T	tiebreak	1000
2026-08-13T01:36:26Z	LAUNCHRES0	2270	nordkap	141141	A	C	tiebreak	1000
2026-08-13T01:36:27Z	LAUNCHRES0	2271	nordkap	141141	B	T	core_destroyed	212
2026-08-13T01:36:30Z	LAUNCHRES0	2272	antler	141142	A	C	core_destroyed	885
2026-08-13T01:36:31Z	LAUNCHRES0	2273	antler	141142	B	C	core_destroyed	176
2026-08-13T01:36:33Z	LAUNCHRES0	2274	atoll	141142	A	C	core_destroyed	416
2026-08-13T01:36:35Z	LAUNCHRES0	2275	atoll	141142	B	T	core_destroyed	132
2026-08-13T01:36:37Z	LAUNCHRES0	2276	drumlin	141142	A	C	core_destroyed	163
2026-08-13T01:36:46Z	LAUNCHRES0	2277	drumlin	141142	B	C	core_destroyed	375
2026-08-13T01:36:47Z	LAUNCHRES0	2278	fjordgate	141142	A	C	core_destroyed	164
2026-08-13T01:36:50Z	LAUNCHRES0	2279	fjordgate	141142	B	T	tiebreak	1000
2026-08-13T01:36:55Z	LAUNCHRES0	2280	heart	141142	A	C	core_destroyed	377
2026-08-13T01:37:02Z	LAUNCHRES0	2281	heart	141142	B	T	core_destroyed	319
2026-08-13T01:37:04Z	LAUNCHRES0	2282	hive	141142	A	C	core_destroyed	145
2026-08-13T01:37:06Z	LAUNCHRES0	2283	hive	141142	B	T	core_destroyed	134
2026-08-13T01:37:07Z	LAUNCHRES0	2284	meander	141142	A	C	core_destroyed	163
2026-08-13T01:37:11Z	LAUNCHRES0	2285	meander	141142	B	T	core_destroyed	431
2026-08-13T01:37:14Z	LAUNCHRES0	2286	nordkap	141142	A	C	core_destroyed	230
2026-08-13T01:37:15Z	LAUNCHRES0	2287	nordkap	141142	B	C	core_destroyed	241
2026-08-13T01:37:17Z	LAUNCHRES0	2288	antler	141143	A	C	core_destroyed	233
2026-08-13T01:37:18Z	LAUNCHRES0	2289	antler	141143	B	C	core_destroyed	160
2026-08-13T01:37:20Z	LAUNCHRES0	2290	atoll	141143	A	T	core_destroyed	529
2026-08-13T01:37:22Z	LAUNCHRES0	2291	atoll	141143	B	T	core_destroyed	134
2026-08-13T01:37:24Z	LAUNCHRES0	2292	drumlin	141143	A	C	core_destroyed	132
2026-08-13T01:37:25Z	LAUNCHRES0	2293	drumlin	141143	B	C	core_destroyed	124
2026-08-13T01:37:26Z	LAUNCHRES0	2294	fjordgate	141143	A	T	core_destroyed	192
2026-08-13T01:37:28Z	LAUNCHRES0	2295	fjordgate	141143	B	T	core_destroyed	268
2026-08-13T01:37:32Z	LAUNCHRES0	2296	heart	141143	A	C	core_destroyed	682
2026-08-13T01:37:36Z	LAUNCHRES0	2297	heart	141143	B	C	core_destroyed	206
2026-08-13T01:37:37Z	LAUNCHRES0	2298	hive	141143	A	T	core_destroyed	104
2026-08-13T01:37:41Z	LAUNCHRES0	2299	hive	141143	B	C	core_destroyed	242
2026-08-13T01:37:45Z	LAUNCHRES0	2300	meander	141143	A	T	core_destroyed	364
2026-08-13T01:37:46Z	LAUNCHRES0	2301	meander	141143	B	T	core_destroyed	189
2026-08-13T01:37:48Z	LAUNCHRES0	2302	nordkap	141143	A	C	core_destroyed	106
2026-08-13T01:37:50Z	LAUNCHRES0	2303	nordkap	141143	B	C	core_destroyed	266
2026-08-13T01:37:52Z	LAUNCHRES0	2304	antler	141144	A	C	core_destroyed	319
2026-08-13T01:37:56Z	LAUNCHRES0	2305	antler	141144	B	C	core_destroyed	772
2026-08-13T01:37:58Z	LAUNCHRES0	2306	atoll	141144	A	T	core_destroyed	239
2026-08-13T01:38:00Z	LAUNCHRES0	2307	atoll	141144	B	C	core_destroyed	385
2026-08-13T01:38:02Z	LAUNCHRES0	2308	drumlin	141144	A	T	core_destroyed	158
2026-08-13T01:38:04Z	LAUNCHRES0	2309	drumlin	141144	B	C	core_destroyed	193
2026-08-13T01:38:05Z	LAUNCHRES0	2310	fjordgate	141144	A	C	core_destroyed	215
2026-08-13T01:38:07Z	LAUNCHRES0	2311	fjordgate	141144	B	C	core_destroyed	221
2026-08-13T01:38:10Z	LAUNCHRES0	2312	heart	141144	A	T	core_destroyed	165
2026-08-13T01:38:11Z	LAUNCHRES0	2313	heart	141144	B	C	core_destroyed	156
2026-08-13T01:38:16Z	LAUNCHRES0	2314	hive	141144	A	T	core_destroyed	350
2026-08-13T01:38:17Z	LAUNCHRES0	2315	hive	141144	B	T	core_destroyed	112
2026-08-13T01:38:18Z	LAUNCHRES0	2316	meander	141144	A	C	core_destroyed	129
2026-08-13T01:38:21Z	LAUNCHRES0	2317	meander	141144	B	C	tiebreak	1000
2026-08-13T01:38:23Z	LAUNCHRES0	2318	nordkap	141144	A	C	core_destroyed	171
2026-08-13T01:38:25Z	LAUNCHRES0	2319	nordkap	141144	B	C	core_destroyed	489
2026-08-13T01:38:27Z	LAUNCHRES0	2320	antler	141145	A	C	core_destroyed	464
2026-08-13T01:38:28Z	LAUNCHRES0	2321	antler	141145	B	C	core_destroyed	141
2026-08-13T01:38:30Z	LAUNCHRES0	2322	atoll	141145	A	C	core_destroyed	479
2026-08-13T01:38:32Z	LAUNCHRES0	2323	atoll	141145	B	C	core_destroyed	420
2026-08-13T01:38:34Z	LAUNCHRES0	2324	drumlin	141145	A	T	core_destroyed	155
2026-08-13T01:38:35Z	LAUNCHRES0	2325	drumlin	141145	B	C	core_destroyed	168
2026-08-13T01:38:36Z	LAUNCHRES0	2326	fjordgate	141145	A	T	core_destroyed	142
2026-08-13T01:38:37Z	LAUNCHRES0	2327	fjordgate	141145	B	C	core_destroyed	102
2026-08-13T01:38:45Z	LAUNCHRES0	2328	heart	141145	A	T	core_destroyed	439
2026-08-13T01:38:48Z	LAUNCHRES0	2329	heart	141145	B	T	core_destroyed	284
2026-08-13T01:38:50Z	LAUNCHRES0	2330	hive	141145	A	C	core_destroyed	104
2026-08-13T01:38:54Z	LAUNCHRES0	2331	hive	141145	B	C	core_destroyed	319
2026-08-13T01:38:56Z	LAUNCHRES0	2332	meander	141145	A	T	core_destroyed	165
2026-08-13T01:38:59Z	LAUNCHRES0	2333	meander	141145	B	C	tiebreak	1000
2026-08-13T01:39:00Z	LAUNCHRES0	2334	nordkap	141145	A	C	core_destroyed	107
2026-08-13T01:39:01Z	LAUNCHRES0	2335	nordkap	141145	B	C	core_destroyed	177
2026-08-13T01:39:04Z	LAUNCHRES0	2336	antler	141146	A	T	tiebreak	1000
2026-08-13T01:39:06Z	LAUNCHRES0	2337	antler	141146	B	C	core_destroyed	370
2026-08-13T01:39:08Z	LAUNCHRES0	2338	atoll	141146	A	T	core_destroyed	168
2026-08-13T01:39:09Z	LAUNCHRES0	2339	atoll	141146	B	C	core_destroyed	185
2026-08-13T01:39:11Z	LAUNCHRES0	2340	drumlin	141146	A	T	core_destroyed	118
2026-08-13T01:39:13Z	LAUNCHRES0	2341	drumlin	141146	B	C	core_destroyed	118
2026-08-13T01:39:16Z	LAUNCHRES0	2342	fjordgate	141146	A	C	core_destroyed	571
2026-08-13T01:39:17Z	LAUNCHRES0	2343	fjordgate	141146	B	C	core_destroyed	201
2026-08-13T01:39:19Z	LAUNCHRES0	2344	heart	141146	A	T	core_destroyed	803
2026-08-13T01:39:22Z	LAUNCHRES0	2345	heart	141146	B	C	core_destroyed	899
2026-08-13T01:39:23Z	LAUNCHRES0	2346	hive	141146	A	C	core_destroyed	117
2026-08-13T01:39:25Z	LAUNCHRES0	2347	hive	141146	B	T	core_destroyed	172
2026-08-13T01:39:27Z	LAUNCHRES0	2348	meander	141146	A	T	core_destroyed	229
2026-08-13T01:39:29Z	LAUNCHRES0	2349	meander	141146	B	C	core_destroyed	159
2026-08-13T01:39:30Z	LAUNCHRES0	2350	nordkap	141146	A	T	core_destroyed	88
2026-08-13T01:39:32Z	LAUNCHRES0	2351	nordkap	141146	B	C	core_destroyed	328
2026-08-13T01:39:34Z	LAUNCHRES0	2352	antler	141147	A	T	core_destroyed	226
2026-08-13T01:39:36Z	LAUNCHRES0	2353	antler	141147	B	T	core_destroyed	220
2026-08-13T01:39:38Z	LAUNCHRES0	2354	atoll	141147	A	C	core_destroyed	242
2026-08-13T01:39:42Z	LAUNCHRES0	2355	atoll	141147	B	C	core_destroyed	618
2026-08-13T01:39:50Z	LAUNCHRES0	2356	drumlin	141147	A	T	core_destroyed	681
2026-08-13T01:39:51Z	LAUNCHRES0	2357	drumlin	141147	B	T	core_destroyed	123
2026-08-13T01:39:52Z	LAUNCHRES0	2358	fjordgate	141147	A	T	core_destroyed	142
2026-08-13T01:39:54Z	LAUNCHRES0	2359	fjordgate	141147	B	T	core_destroyed	257
2026-08-13T01:39:57Z	LAUNCHRES0	2360	heart	141147	A	C	core_destroyed	196
2026-08-13T01:40:00Z	LAUNCHRES0	2361	heart	141147	B	T	core_destroyed	244
2026-08-13T01:40:03Z	LAUNCHRES0	2362	hive	141147	A	T	core_destroyed	262
2026-08-13T01:40:06Z	LAUNCHRES0	2363	hive	141147	B	C	core_destroyed	237
2026-08-13T01:40:09Z	LAUNCHRES0	2364	meander	141147	A	T	core_destroyed	315
2026-08-13T01:40:12Z	LAUNCHRES0	2365	meander	141147	B	T	core_destroyed	376
2026-08-13T01:40:14Z	LAUNCHRES0	2366	nordkap	141147	A	T	core_destroyed	228
2026-08-13T01:40:15Z	LAUNCHRES0	2367	nordkap	141147	B	C	core_destroyed	152
2026-08-13T01:40:17Z	LAUNCHRES0	2368	antler	141148	A	C	core_destroyed	135
2026-08-13T01:40:18Z	LAUNCHRES0	2369	antler	141148	B	C	core_destroyed	95
2026-08-13T01:40:19Z	LAUNCHRES0	2370	atoll	141148	A	T	core_destroyed	157
2026-08-13T01:40:22Z	LAUNCHRES0	2371	atoll	141148	B	C	core_destroyed	357
2026-08-13T01:40:23Z	LAUNCHRES0	2372	drumlin	141148	A	T	core_destroyed	156
2026-08-13T01:40:25Z	LAUNCHRES0	2373	drumlin	141148	B	T	core_destroyed	108
2026-08-13T01:40:27Z	LAUNCHRES0	2374	fjordgate	141148	A	T	core_destroyed	410
2026-08-13T01:40:29Z	LAUNCHRES0	2375	fjordgate	141148	B	C	core_destroyed	481
2026-08-13T01:40:31Z	LAUNCHRES0	2376	heart	141148	A	T	core_destroyed	320
2026-08-13T01:40:33Z	LAUNCHRES0	2377	heart	141148	B	C	core_destroyed	252
2026-08-13T01:40:35Z	LAUNCHRES0	2378	hive	141148	A	C	core_destroyed	163
2026-08-13T01:40:40Z	LAUNCHRES0	2379	hive	141148	B	T	core_destroyed	471
2026-08-13T01:40:42Z	LAUNCHRES0	2380	meander	141148	A	T	core_destroyed	253
2026-08-13T01:40:43Z	LAUNCHRES0	2381	meander	141148	B	C	core_destroyed	188
2026-08-13T01:40:46Z	LAUNCHRES0	2382	nordkap	141148	A	C	core_destroyed	266
2026-08-13T01:40:48Z	LAUNCHRES0	2383	nordkap	141148	B	C	core_destroyed	302
2026-08-13T01:40:52Z	LAUNCHRES0	2384	antler	141149	A	T	core_destroyed	400
2026-08-13T01:40:53Z	LAUNCHRES0	2385	antler	141149	B	C	core_destroyed	185
2026-08-13T01:40:58Z	LAUNCHRES0	2386	atoll	141149	A	C	core_destroyed	335
2026-08-13T01:41:00Z	LAUNCHRES0	2387	atoll	141149	B	T	core_destroyed	194
2026-08-13T01:41:01Z	LAUNCHRES0	2388	drumlin	141149	A	C	core_destroyed	156
2026-08-13T01:41:03Z	LAUNCHRES0	2389	drumlin	141149	B	C	core_destroyed	128
2026-08-13T01:41:04Z	LAUNCHRES0	2390	fjordgate	141149	A	C	core_destroyed	162
2026-08-13T01:41:05Z	LAUNCHRES0	2391	fjordgate	141149	B	T	core_destroyed	223
2026-08-13T01:41:07Z	LAUNCHRES0	2392	heart	141149	A	T	core_destroyed	136
2026-08-13T01:41:09Z	LAUNCHRES0	2393	heart	141149	B	C	core_destroyed	105
2026-08-13T01:41:11Z	LAUNCHRES0	2394	hive	141149	A	T	core_destroyed	194
2026-08-13T01:41:15Z	LAUNCHRES0	2395	hive	141149	B	T	core_destroyed	300
2026-08-13T01:41:17Z	LAUNCHRES0	2396	meander	141149	A	C	core_destroyed	188
2026-08-13T01:41:19Z	LAUNCHRES0	2397	meander	141149	B	T	core_destroyed	192
2026-08-13T01:41:20Z	LAUNCHRES0	2398	nordkap	141149	A	C	core_destroyed	136
2026-08-13T01:41:22Z	LAUNCHRES0	2399	nordkap	141149	B	C	core_destroyed	165
2026-08-13T01:41:23Z	LAUNCHRES0	2400	antler	141150	A	T	core_destroyed	178
2026-08-13T01:41:24Z	LAUNCHRES0	2401	antler	141150	B	C	core_destroyed	108
2026-08-13T01:41:26Z	LAUNCHRES0	2402	atoll	141150	A	C	core_destroyed	154
2026-08-13T01:41:27Z	LAUNCHRES0	2403	atoll	141150	B	C	core_destroyed	166
2026-08-13T01:41:31Z	LAUNCHRES0	2404	drumlin	141150	A	C	core_destroyed	302
2026-08-13T01:41:32Z	LAUNCHRES0	2405	drumlin	141150	B	T	core_destroyed	115
2026-08-13T01:41:35Z	LAUNCHRES0	2406	fjordgate	141150	A	C	tiebreak	1000
2026-08-13T01:41:36Z	LAUNCHRES0	2407	fjordgate	141150	B	T	core_destroyed	220
2026-08-13T01:41:38Z	LAUNCHRES0	2408	heart	141150	A	T	core_destroyed	158
2026-08-13T01:41:40Z	LAUNCHRES0	2409	heart	141150	B	C	core_destroyed	133
2026-08-13T01:41:44Z	LAUNCHRES0	2410	hive	141150	A	C	core_destroyed	276
2026-08-13T01:41:47Z	LAUNCHRES0	2411	hive	141150	B	T	core_destroyed	169
2026-08-13T01:41:49Z	LAUNCHRES0	2412	meander	141150	A	C	core_destroyed	181
2026-08-13T01:41:50Z	LAUNCHRES0	2413	meander	141150	B	C	core_destroyed	106
2026-08-13T01:41:53Z	LAUNCHRES0	2414	nordkap	141150	A	C	tiebreak	1000
2026-08-13T01:41:55Z	LAUNCHRES0	2415	nordkap	141150	B	C	tiebreak	1000
2026-08-13T01:41:56Z	LAUNCHRES0	2416	antler	141151	A	C	core_destroyed	140
2026-08-13T01:41:58Z	LAUNCHRES0	2417	antler	141151	B	T	core_destroyed	128
2026-08-13T01:41:59Z	LAUNCHRES0	2418	atoll	141151	A	C	core_destroyed	91
2026-08-13T01:42:00Z	LAUNCHRES0	2419	atoll	141151	B	T	core_destroyed	125
2026-08-13T01:42:03Z	LAUNCHRES0	2420	drumlin	141151	A	C	core_destroyed	234
2026-08-13T01:42:08Z	LAUNCHRES0	2421	drumlin	141151	B	C	core_destroyed	340
2026-08-13T01:42:10Z	LAUNCHRES0	2422	fjordgate	141151	A	C	core_destroyed	226
2026-08-13T01:42:11Z	LAUNCHRES0	2423	fjordgate	141151	B	C	core_destroyed	177
2026-08-13T01:42:14Z	LAUNCHRES0	2424	heart	141151	A	T	core_destroyed	128
2026-08-13T01:42:15Z	LAUNCHRES0	2425	heart	141151	B	T	core_destroyed	169
2026-08-13T01:42:16Z	LAUNCHRES0	2426	hive	141151	A	T	core_destroyed	108
2026-08-13T01:42:20Z	LAUNCHRES0	2427	hive	141151	B	C	core_destroyed	266
2026-08-13T01:42:22Z	LAUNCHRES0	2428	meander	141151	A	C	core_destroyed	212
2026-08-13T01:42:24Z	LAUNCHRES0	2429	meander	141151	B	C	core_destroyed	197
2026-08-13T01:42:25Z	LAUNCHRES0	2430	nordkap	141151	A	T	core_destroyed	145
2026-08-13T01:42:26Z	LAUNCHRES0	2431	nordkap	141151	B	C	core_destroyed	138
2026-08-13T01:42:28Z	LAUNCHRES0	2432	antler	141152	A	T	core_destroyed	214
2026-08-13T01:42:29Z	LAUNCHRES0	2433	antler	141152	B	T	core_destroyed	124
2026-08-13T01:42:30Z	LAUNCHRES0	2434	atoll	141152	A	T	core_destroyed	516
2026-08-13T01:42:33Z	LAUNCHRES0	2435	atoll	141152	B	C	core_destroyed	245
2026-08-13T01:42:35Z	LAUNCHRES0	2436	drumlin	141152	A	C	core_destroyed	167
2026-08-13T01:42:36Z	LAUNCHRES0	2437	drumlin	141152	B	T	core_destroyed	129
2026-08-13T01:42:38Z	LAUNCHRES0	2438	fjordgate	141152	A	C	core_destroyed	281
2026-08-13T01:42:40Z	LAUNCHRES0	2439	fjordgate	141152	B	C	tiebreak	1000
2026-08-13T01:42:42Z	LAUNCHRES0	2440	heart	141152	A	T	core_destroyed	141
2026-08-13T01:42:44Z	LAUNCHRES0	2441	heart	141152	B	T	core_destroyed	364
2026-08-13T01:42:47Z	LAUNCHRES0	2442	hive	141152	A	C	core_destroyed	185
2026-08-13T01:42:48Z	LAUNCHRES0	2443	hive	141152	B	C	core_destroyed	108
2026-08-13T01:42:51Z	LAUNCHRES0	2444	meander	141152	A	C	core_destroyed	231
2026-08-13T01:42:54Z	LAUNCHRES0	2445	meander	141152	B	C	tiebreak	1000
2026-08-13T01:42:58Z	LAUNCHRES0	2446	nordkap	141152	A	T	core_destroyed	471
2026-08-13T01:43:00Z	LAUNCHRES0	2447	nordkap	141152	B	C	core_destroyed	293
2026-08-13T01:43:01Z	LAUNCHRES0	2448	antler	141153	A	C	core_destroyed	196
2026-08-13T01:43:02Z	LAUNCHRES0	2449	antler	141153	B	T	core_destroyed	296
2026-08-13T01:43:04Z	LAUNCHRES0	2450	atoll	141153	A	T	core_destroyed	181
2026-08-13T01:43:05Z	LAUNCHRES0	2451	atoll	141153	B	T	core_destroyed	126
2026-08-13T01:43:07Z	LAUNCHRES0	2452	drumlin	141153	A	C	core_destroyed	285
2026-08-13T01:43:09Z	LAUNCHRES0	2453	drumlin	141153	B	T	core_destroyed	163
2026-08-13T01:43:10Z	LAUNCHRES0	2454	fjordgate	141153	A	T	core_destroyed	179
2026-08-13T01:43:11Z	LAUNCHRES0	2455	fjordgate	141153	B	T	core_destroyed	287
2026-08-13T01:43:13Z	LAUNCHRES0	2456	heart	141153	A	C	core_destroyed	293
2026-08-13T01:43:16Z	LAUNCHRES0	2457	heart	141153	B	C	core_destroyed	224
2026-08-13T01:43:18Z	LAUNCHRES0	2458	hive	141153	A	T	core_destroyed	190
2026-08-13T01:43:23Z	LAUNCHRES0	2459	hive	141153	B	T	core_destroyed	318
2026-08-13T01:43:24Z	LAUNCHRES0	2460	meander	141153	A	T	core_destroyed	157
2026-08-13T01:43:25Z	LAUNCHRES0	2461	meander	141153	B	T	core_destroyed	137
2026-08-13T01:43:27Z	LAUNCHRES0	2462	nordkap	141153	A	T	core_destroyed	340
2026-08-13T01:43:28Z	LAUNCHRES0	2463	nordkap	141153	B	C	core_destroyed	278
2026-08-13T01:43:30Z	LAUNCHRES0	2464	antler	141154	A	T	core_destroyed	154
2026-08-13T01:43:32Z	LAUNCHRES0	2465	antler	141154	B	T	core_destroyed	281
2026-08-13T01:43:34Z	LAUNCHRES0	2466	atoll	141154	A	T	core_destroyed	282
2026-08-13T01:43:36Z	LAUNCHRES0	2467	atoll	141154	B	T	core_destroyed	287
2026-08-13T01:43:40Z	LAUNCHRES0	2468	drumlin	141154	A	T	core_destroyed	342
2026-08-13T01:43:45Z	LAUNCHRES0	2469	drumlin	141154	B	T	core_destroyed	356
2026-08-13T01:43:47Z	LAUNCHRES0	2470	fjordgate	141154	A	C	core_destroyed	289
2026-08-13T01:43:48Z	LAUNCHRES0	2471	fjordgate	141154	B	C	core_destroyed	237
2026-08-13T01:43:50Z	LAUNCHRES0	2472	heart	141154	A	T	core_destroyed	104
2026-08-13T01:43:51Z	LAUNCHRES0	2473	heart	141154	B	C	core_destroyed	245
2026-08-13T01:43:53Z	LAUNCHRES0	2474	hive	141154	A	C	core_destroyed	156
2026-08-13T01:43:55Z	LAUNCHRES0	2475	hive	141154	B	T	core_destroyed	176
2026-08-13T01:43:57Z	LAUNCHRES0	2476	meander	141154	A	C	core_destroyed	216
2026-08-13T01:43:58Z	LAUNCHRES0	2477	meander	141154	B	C	core_destroyed	124
2026-08-13T01:44:00Z	LAUNCHRES0	2478	nordkap	141154	A	T	core_destroyed	209
2026-08-13T01:44:02Z	LAUNCHRES0	2479	nordkap	141154	B	T	tiebreak	1000
2026-08-13T01:44:04Z	LAUNCHRES0	2480	antler	141155	A	T	core_destroyed	186
2026-08-13T01:44:05Z	LAUNCHRES0	2481	antler	141155	B	T	core_destroyed	288
2026-08-13T01:44:07Z	LAUNCHRES0	2482	atoll	141155	A	C	core_destroyed	94
2026-08-13T01:44:08Z	LAUNCHRES0	2483	atoll	141155	B	T	core_destroyed	130
2026-08-13T01:44:11Z	LAUNCHRES0	2484	drumlin	141155	A	T	core_destroyed	188
2026-08-13T01:44:12Z	LAUNCHRES0	2485	drumlin	141155	B	C	core_destroyed	152
2026-08-13T01:44:14Z	LAUNCHRES0	2486	fjordgate	141155	A	T	core_destroyed	230
2026-08-13T01:44:15Z	LAUNCHRES0	2487	fjordgate	141155	B	T	core_destroyed	231
2026-08-13T01:44:17Z	LAUNCHRES0	2488	heart	141155	A	T	core_destroyed	158
2026-08-13T01:44:21Z	LAUNCHRES0	2489	heart	141155	B	C	core_destroyed	365
2026-08-13T01:44:26Z	LAUNCHRES0	2490	hive	141155	A	C	core_destroyed	342
2026-08-13T01:44:31Z	LAUNCHRES0	2491	hive	141155	B	T	core_destroyed	406
2026-08-13T01:44:32Z	LAUNCHRES0	2492	meander	141155	A	T	core_destroyed	95
2026-08-13T01:44:34Z	LAUNCHRES0	2493	meander	141155	B	T	core_destroyed	195
2026-08-13T01:44:35Z	LAUNCHRES0	2494	nordkap	141155	A	T	core_destroyed	184
2026-08-13T01:44:38Z	LAUNCHRES0	2495	nordkap	141155	B	C	core_destroyed	225
2026-08-13T01:44:40Z	LAUNCHRES0	2496	antler	141156	A	C	core_destroyed	319
2026-08-13T01:44:42Z	LAUNCHRES0	2497	antler	141156	B	T	core_destroyed	696
2026-08-13T01:44:43Z	LAUNCHRES0	2498	atoll	141156	A	C	core_destroyed	72
2026-08-13T01:44:44Z	LAUNCHRES0	2499	atoll	141156	B	T	core_destroyed	95
2026-08-13T01:44:48Z	LAUNCHRES0	2500	drumlin	141156	A	C	core_destroyed	314
2026-08-13T01:44:50Z	LAUNCHRES0	2501	drumlin	141156	B	C	core_destroyed	200
2026-08-13T01:44:52Z	LAUNCHRES0	2502	fjordgate	141156	A	T	core_destroyed	190
2026-08-13T01:44:53Z	LAUNCHRES0	2503	fjordgate	141156	B	C	core_destroyed	110
2026-08-13T01:44:56Z	LAUNCHRES0	2504	heart	141156	A	C	core_destroyed	449
2026-08-13T01:45:11Z	LAUNCHRES0	2505	heart	141156	B	C	tiebreak	1000
2026-08-13T01:45:18Z	LAUNCHRES0	2506	hive	141156	A	T	core_destroyed	509
2026-08-13T01:45:23Z	LAUNCHRES0	2507	hive	141156	B	T	core_destroyed	329
2026-08-13T01:45:25Z	LAUNCHRES0	2508	meander	141156	A	T	core_destroyed	130
2026-08-13T01:45:26Z	LAUNCHRES0	2509	meander	141156	B	C	core_destroyed	197
2026-08-13T01:45:28Z	LAUNCHRES0	2510	nordkap	141156	A	T	core_destroyed	180
2026-08-13T01:45:30Z	LAUNCHRES0	2511	nordkap	141156	B	C	core_destroyed	228
2026-08-13T01:45:32Z	LAUNCHRES0	2512	antler	141157	A	C	core_destroyed	232
2026-08-13T01:45:33Z	LAUNCHRES0	2513	antler	141157	B	C	core_destroyed	115
2026-08-13T01:45:34Z	LAUNCHRES0	2514	atoll	141157	A	C	core_destroyed	118
2026-08-13T01:45:36Z	LAUNCHRES0	2515	atoll	141157	B	T	core_destroyed	153
2026-08-13T01:45:38Z	LAUNCHRES0	2516	drumlin	141157	A	T	core_destroyed	130
2026-08-13T01:45:40Z	LAUNCHRES0	2517	drumlin	141157	B	C	core_destroyed	208
2026-08-13T01:45:42Z	LAUNCHRES0	2518	fjordgate	141157	A	C	core_destroyed	247
2026-08-13T01:45:44Z	LAUNCHRES0	2519	fjordgate	141157	B	T	core_destroyed	985
2026-08-13T01:45:47Z	LAUNCHRES0	2520	heart	141157	A	T	core_destroyed	141
2026-08-13T01:45:50Z	LAUNCHRES0	2521	heart	141157	B	T	core_destroyed	244
2026-08-13T01:45:53Z	LAUNCHRES0	2522	hive	141157	A	C	core_destroyed	252
2026-08-13T01:45:55Z	LAUNCHRES0	2523	hive	141157	B	C	core_destroyed	154
2026-08-13T01:45:56Z	LAUNCHRES0	2524	meander	141157	A	T	core_destroyed	360
2026-08-13T01:45:58Z	LAUNCHRES0	2525	meander	141157	B	C	tiebreak	1000
2026-08-13T01:46:01Z	LAUNCHRES0	2526	nordkap	141157	A	C	core_destroyed	245
2026-08-13T01:46:03Z	LAUNCHRES0	2527	nordkap	141157	B	T	tiebreak	1000
2026-08-13T01:46:05Z	LAUNCHRES0	2528	antler	141158	A	C	core_destroyed	189
2026-08-13T01:46:11Z	LAUNCHRES0	2529	antler	141158	B	C	core_destroyed	991
2026-08-13T01:46:15Z	LAUNCHRES0	2530	atoll	141158	A	T	core_destroyed	314
2026-08-13T01:46:18Z	LAUNCHRES0	2531	atoll	141158	B	T	core_destroyed	745
2026-08-13T01:46:21Z	LAUNCHRES0	2532	drumlin	141158	A	C	core_destroyed	239
2026-08-13T01:46:26Z	LAUNCHRES0	2533	drumlin	141158	B	T	core_destroyed	397
2026-08-13T01:46:27Z	LAUNCHRES0	2534	fjordgate	141158	A	C	core_destroyed	144
2026-08-13T01:46:28Z	LAUNCHRES0	2535	fjordgate	141158	B	C	core_destroyed	116
2026-08-13T01:46:37Z	LAUNCHRES0	2536	heart	141158	A	T	tiebreak	1000
2026-08-13T01:46:38Z	LAUNCHRES0	2537	heart	141158	B	C	core_destroyed	116
2026-08-13T01:46:44Z	LAUNCHRES0	2538	hive	141158	A	C	core_destroyed	360
2026-08-13T01:46:45Z	LAUNCHRES0	2539	hive	141158	B	C	core_destroyed	127
2026-08-13T01:46:48Z	LAUNCHRES0	2540	meander	141158	A	C	tiebreak	1000
2026-08-13T01:46:49Z	LAUNCHRES0	2541	meander	141158	B	T	core_destroyed	143
2026-08-13T01:46:50Z	LAUNCHRES0	2542	nordkap	141158	A	T	core_destroyed	160
2026-08-13T01:46:52Z	LAUNCHRES0	2543	nordkap	141158	B	C	core_destroyed	490
2026-08-13T01:46:54Z	LAUNCHRES0	2544	antler	141159	A	T	core_destroyed	164
2026-08-13T01:46:55Z	LAUNCHRES0	2545	antler	141159	B	C	core_destroyed	232
2026-08-13T01:46:57Z	LAUNCHRES0	2546	atoll	141159	A	T	core_destroyed	257
2026-08-13T01:46:58Z	LAUNCHRES0	2547	atoll	141159	B	T	core_destroyed	63
2026-08-13T01:47:02Z	LAUNCHRES0	2548	drumlin	141159	A	C	core_destroyed	286
2026-08-13T01:47:07Z	LAUNCHRES0	2549	drumlin	141159	B	C	core_destroyed	538
2026-08-13T01:47:08Z	LAUNCHRES0	2550	fjordgate	141159	A	T	core_destroyed	116
2026-08-13T01:47:10Z	LAUNCHRES0	2551	fjordgate	141159	B	T	tiebreak	1000
2026-08-13T01:47:15Z	LAUNCHRES0	2552	heart	141159	A	C	core_destroyed	294
2026-08-13T01:47:23Z	LAUNCHRES0	2553	heart	141159	B	C	core_destroyed	792
2026-08-13T01:47:27Z	LAUNCHRES0	2554	hive	141159	A	T	core_destroyed	315
2026-08-13T01:47:28Z	LAUNCHRES0	2555	hive	141159	B	T	core_destroyed	98
2026-08-13T01:47:30Z	LAUNCHRES0	2556	meander	141159	A	T	core_destroyed	160
2026-08-13T01:47:31Z	LAUNCHRES0	2557	meander	141159	B	C	core_destroyed	268
2026-08-13T01:47:33Z	LAUNCHRES0	2558	nordkap	141159	A	T	core_destroyed	357
2026-08-13T01:47:34Z	LAUNCHRES0	2559	nordkap	141159	B	C	core_destroyed	187
2026-08-13T01:47:40Z	LAUNCHRES0	2560	antler	141160	A	C	core_destroyed	581
2026-08-13T01:47:41Z	LAUNCHRES0	2561	antler	141160	B	T	core_destroyed	299
2026-08-13T01:47:43Z	LAUNCHRES0	2562	atoll	141160	A	C	core_destroyed	203
2026-08-13T01:47:45Z	LAUNCHRES0	2563	atoll	141160	B	T	core_destroyed	182
2026-08-13T01:47:47Z	LAUNCHRES0	2564	drumlin	141160	A	C	core_destroyed	106
2026-08-13T01:47:49Z	LAUNCHRES0	2565	drumlin	141160	B	C	core_destroyed	176
2026-08-13T01:47:51Z	LAUNCHRES0	2566	fjordgate	141160	A	T	core_destroyed	534
2026-08-13T01:47:53Z	LAUNCHRES0	2567	fjordgate	141160	B	C	core_destroyed	151
2026-08-13T01:47:59Z	LAUNCHRES0	2568	heart	141160	A	T	core_destroyed	381
2026-08-13T01:48:01Z	LAUNCHRES0	2569	heart	141160	B	C	core_destroyed	140
2026-08-13T01:48:06Z	LAUNCHRES0	2570	hive	141160	A	C	core_destroyed	275
2026-08-13T01:48:07Z	LAUNCHRES0	2571	hive	141160	B	T	core_destroyed	95
2026-08-13T01:48:08Z	LAUNCHRES0	2572	meander	141160	A	T	core_destroyed	142
2026-08-13T01:48:13Z	LAUNCHRES0	2573	meander	141160	B	T	core_destroyed	593
2026-08-13T01:48:16Z	LAUNCHRES0	2574	nordkap	141160	A	T	core_destroyed	343
2026-08-13T01:48:18Z	LAUNCHRES0	2575	nordkap	141160	B	T	core_destroyed	377
2026-08-13T01:48:21Z	LAUNCHRES0	2576	antler	141161	A	C	core_destroyed	329
2026-08-13T01:48:22Z	LAUNCHRES0	2577	antler	141161	B	T	core_destroyed	129
2026-08-13T01:48:24Z	LAUNCHRES0	2578	atoll	141161	A	T	core_destroyed	353
2026-08-13T01:48:27Z	LAUNCHRES0	2579	atoll	141161	B	T	core_destroyed	274
2026-08-13T01:48:33Z	LAUNCHRES0	2580	drumlin	141161	A	T	core_destroyed	365
2026-08-13T01:48:34Z	LAUNCHRES0	2581	drumlin	141161	B	C	core_destroyed	97
2026-08-13T01:48:35Z	LAUNCHRES0	2582	fjordgate	141161	A	T	core_destroyed	179
2026-08-13T01:48:39Z	LAUNCHRES0	2583	fjordgate	141161	B	T	core_destroyed	837
2026-08-13T01:48:41Z	LAUNCHRES0	2584	heart	141161	A	T	core_destroyed	190
2026-08-13T01:48:52Z	LAUNCHRES0	2585	heart	141161	B	C	tiebreak	1000
2026-08-13T01:48:57Z	LAUNCHRES0	2586	hive	141161	A	T	core_destroyed	318
2026-08-13T01:49:01Z	LAUNCHRES0	2587	hive	141161	B	T	core_destroyed	329
2026-08-13T01:49:03Z	LAUNCHRES0	2588	meander	141161	A	C	core_destroyed	184
2026-08-13T01:49:05Z	LAUNCHRES0	2589	meander	141161	B	T	tiebreak	1000
2026-08-13T01:49:08Z	LAUNCHRES0	2590	nordkap	141161	A	C	core_destroyed	739
2026-08-13T01:49:11Z	LAUNCHRES0	2591	nordkap	141161	B	C	core_destroyed	347
2026-08-13T01:49:12Z	LAUNCHRES0	2592	antler	141162	A	T	core_destroyed	111
2026-08-13T01:49:13Z	LAUNCHRES0	2593	antler	141162	B	C	core_destroyed	158
2026-08-13T01:49:17Z	LAUNCHRES0	2594	atoll	141162	A	C	core_destroyed	478
2026-08-13T01:49:19Z	LAUNCHRES0	2595	atoll	141162	B	T	core_destroyed	149
2026-08-13T01:49:25Z	LAUNCHRES0	2596	drumlin	141162	A	C	core_destroyed	478
2026-08-13T01:49:26Z	LAUNCHRES0	2597	drumlin	141162	B	C	core_destroyed	116
2026-08-13T01:49:28Z	LAUNCHRES0	2598	fjordgate	141162	A	C	core_destroyed	474
2026-08-13T01:49:29Z	LAUNCHRES0	2599	fjordgate	141162	B	C	core_destroyed	158
2026-08-13T01:49:32Z	LAUNCHRES0	2600	heart	141162	A	T	core_destroyed	210
2026-08-13T01:49:33Z	LAUNCHRES0	2601	heart	141162	B	T	core_destroyed	218
2026-08-13T01:49:35Z	LAUNCHRES0	2602	hive	141162	A	T	core_destroyed	130
2026-08-13T01:49:41Z	LAUNCHRES0	2603	hive	141162	B	T	core_destroyed	538
2026-08-13T01:49:45Z	LAUNCHRES0	2604	meander	141162	A	T	tiebreak	1000
2026-08-13T01:49:46Z	LAUNCHRES0	2605	meander	141162	B	T	core_destroyed	116
2026-08-13T01:49:48Z	LAUNCHRES0	2606	nordkap	141162	A	T	core_destroyed	179
2026-08-13T01:49:49Z	LAUNCHRES0	2607	nordkap	141162	B	T	core_destroyed	110
2026-08-13T01:49:50Z	LAUNCHRES0	2608	antler	141163	A	C	core_destroyed	159
2026-08-13T01:49:52Z	LAUNCHRES0	2609	antler	141163	B	C	core_destroyed	278
2026-08-13T01:49:54Z	LAUNCHRES0	2610	atoll	141163	A	C	core_destroyed	249
2026-08-13T01:49:56Z	LAUNCHRES0	2611	atoll	141163	B	T	core_destroyed	281
2026-08-13T01:50:00Z	LAUNCHRES0	2612	drumlin	141163	A	T	core_destroyed	263
2026-08-13T01:50:02Z	LAUNCHRES0	2613	drumlin	141163	B	T	core_destroyed	186
2026-08-13T01:50:03Z	LAUNCHRES0	2614	fjordgate	141163	A	C	core_destroyed	150
2026-08-13T01:50:05Z	LAUNCHRES0	2615	fjordgate	141163	B	C	core_destroyed	192
2026-08-13T01:50:07Z	LAUNCHRES0	2616	heart	141163	A	T	core_destroyed	142
2026-08-13T01:50:09Z	LAUNCHRES0	2617	heart	141163	B	C	core_destroyed	140
2026-08-13T01:50:17Z	LAUNCHRES0	2618	hive	141163	A	C	core_destroyed	563
2026-08-13T01:50:20Z	LAUNCHRES0	2619	hive	141163	B	C	core_destroyed	223
2026-08-13T01:50:21Z	LAUNCHRES0	2620	meander	141163	A	T	core_destroyed	184
2026-08-13T01:50:24Z	LAUNCHRES0	2621	meander	141163	B	C	core_destroyed	241
2026-08-13T01:50:26Z	LAUNCHRES0	2622	nordkap	141163	A	C	core_destroyed	187
2026-08-13T01:50:28Z	LAUNCHRES0	2623	nordkap	141163	B	C	core_destroyed	280
2026-08-13T01:50:30Z	LAUNCHRES0	2624	antler	141164	A	C	core_destroyed	157
2026-08-13T01:50:32Z	LAUNCHRES0	2625	antler	141164	B	C	core_destroyed	300
2026-08-13T01:50:36Z	LAUNCHRES0	2626	atoll	141164	A	T	core_destroyed	299
2026-08-13T01:50:37Z	LAUNCHRES0	2627	atoll	141164	B	C	core_destroyed	682
2026-08-13T01:50:40Z	LAUNCHRES0	2628	drumlin	141164	A	T	core_destroyed	244
2026-08-13T01:50:42Z	LAUNCHRES0	2629	drumlin	141164	B	C	core_destroyed	158
2026-08-13T01:50:43Z	LAUNCHRES0	2630	fjordgate	141164	A	C	core_destroyed	106
2026-08-13T01:50:44Z	LAUNCHRES0	2631	fjordgate	141164	B	C	core_destroyed	161
2026-08-13T01:50:48Z	LAUNCHRES0	2632	heart	141164	A	T	tiebreak	1000
2026-08-13T01:50:51Z	LAUNCHRES0	2633	heart	141164	B	T	core_destroyed	175
2026-08-13T01:50:54Z	LAUNCHRES0	2634	hive	141164	A	C	core_destroyed	378
2026-08-13T01:50:59Z	LAUNCHRES0	2635	hive	141164	B	T	core_destroyed	395
2026-08-13T01:51:01Z	LAUNCHRES0	2636	meander	141164	A	T	core_destroyed	319
2026-08-13T01:51:02Z	LAUNCHRES0	2637	meander	141164	B	C	core_destroyed	92
2026-08-13T01:51:04Z	LAUNCHRES0	2638	nordkap	141164	A	C	core_destroyed	243
2026-08-13T01:51:07Z	LAUNCHRES0	2639	nordkap	141164	B	C	core_destroyed	371
2026-08-13T01:51:08Z	LAUNCHRES0	2640	antler	141165	A	T	core_destroyed	157
2026-08-13T01:51:10Z	LAUNCHRES0	2641	antler	141165	B	C	core_destroyed	170
2026-08-13T01:51:11Z	LAUNCHRES0	2642	atoll	141165	A	C	core_destroyed	132
2026-08-13T01:51:12Z	LAUNCHRES0	2643	atoll	141165	B	C	core_destroyed	538
2026-08-13T01:51:14Z	LAUNCHRES0	2644	drumlin	141165	A	T	core_destroyed	101
2026-08-13T01:51:15Z	LAUNCHRES0	2645	drumlin	141165	B	T	core_destroyed	128
2026-08-13T01:51:17Z	LAUNCHRES0	2646	fjordgate	141165	A	C	core_destroyed	811
2026-08-13T01:51:19Z	LAUNCHRES0	2647	fjordgate	141165	B	T	core_destroyed	202
2026-08-13T01:51:21Z	LAUNCHRES0	2648	heart	141165	A	T	core_destroyed	145
2026-08-13T01:51:27Z	LAUNCHRES0	2649	heart	141165	B	C	tiebreak	1000
2026-08-13T01:51:28Z	LAUNCHRES0	2650	hive	141165	A	C	core_destroyed	102
2026-08-13T01:51:30Z	LAUNCHRES0	2651	hive	141165	B	T	core_destroyed	150
2026-08-13T01:51:31Z	LAUNCHRES0	2652	meander	141165	A	C	core_destroyed	166
2026-08-13T01:51:34Z	LAUNCHRES0	2653	meander	141165	B	T	core_destroyed	310
2026-08-13T01:51:35Z	LAUNCHRES0	2654	nordkap	141165	A	T	core_destroyed	186
2026-08-13T01:51:36Z	LAUNCHRES0	2655	nordkap	141165	B	C	core_destroyed	94
2026-08-13T01:51:38Z	LAUNCHRES0	2656	antler	141166	A	T	core_destroyed	136
2026-08-13T01:51:39Z	LAUNCHRES0	2657	antler	141166	B	C	core_destroyed	207
2026-08-13T01:51:43Z	LAUNCHRES0	2658	atoll	141166	A	T	core_destroyed	619
2026-08-13T01:51:45Z	LAUNCHRES0	2659	atoll	141166	B	C	core_destroyed	313
2026-08-13T01:51:47Z	LAUNCHRES0	2660	drumlin	141166	A	T	core_destroyed	118
2026-08-13T01:51:52Z	LAUNCHRES0	2661	drumlin	141166	B	C	core_destroyed	420
2026-08-13T01:51:54Z	LAUNCHRES0	2662	fjordgate	141166	A	T	core_destroyed	224
2026-08-13T01:51:55Z	LAUNCHRES0	2663	fjordgate	141166	B	C	core_destroyed	368
2026-08-13T01:52:01Z	LAUNCHRES0	2664	heart	141166	A	T	core_destroyed	360
2026-08-13T01:52:04Z	LAUNCHRES0	2665	heart	141166	B	C	core_destroyed	248
2026-08-13T01:52:05Z	LAUNCHRES0	2666	hive	141166	A	C	core_destroyed	127
2026-08-13T01:52:07Z	LAUNCHRES0	2667	hive	141166	B	C	core_destroyed	122
2026-08-13T01:52:09Z	LAUNCHRES0	2668	meander	141166	A	T	core_destroyed	276
2026-08-13T01:52:11Z	LAUNCHRES0	2669	meander	141166	B	C	core_destroyed	260
2026-08-13T01:52:13Z	LAUNCHRES0	2670	nordkap	141166	A	T	core_destroyed	188
2026-08-13T01:52:14Z	LAUNCHRES0	2671	nordkap	141166	B	T	core_destroyed	112
2026-08-13T01:52:16Z	LAUNCHRES0	2672	antler	141167	A	T	core_destroyed	559
2026-08-13T01:52:18Z	LAUNCHRES0	2673	antler	141167	B	C	core_destroyed	310
2026-08-13T01:52:20Z	LAUNCHRES0	2674	atoll	141167	A	C	core_destroyed	412
2026-08-13T01:52:22Z	LAUNCHRES0	2675	atoll	141167	B	C	core_destroyed	489
2026-08-13T01:52:24Z	LAUNCHRES0	2676	drumlin	141167	A	C	core_destroyed	190
2026-08-13T01:52:25Z	LAUNCHRES0	2677	drumlin	141167	B	T	core_destroyed	109
2026-08-13T01:52:26Z	LAUNCHRES0	2678	fjordgate	141167	A	T	core_destroyed	169
2026-08-13T01:52:29Z	LAUNCHRES0	2679	fjordgate	141167	B	C	tiebreak	1000
2026-08-13T01:52:30Z	LAUNCHRES0	2680	heart	141167	A	T	core_destroyed	769
2026-08-13T01:52:33Z	LAUNCHRES0	2681	heart	141167	B	C	tiebreak	1000
2026-08-13T01:52:37Z	LAUNCHRES0	2682	hive	141167	A	C	core_destroyed	236
2026-08-13T01:52:39Z	LAUNCHRES0	2683	hive	141167	B	T	core_destroyed	531
2026-08-13T01:52:42Z	LAUNCHRES0	2684	meander	141167	A	T	core_destroyed	381
2026-08-13T01:52:44Z	LAUNCHRES0	2685	meander	141167	B	T	core_destroyed	166
2026-08-13T01:52:45Z	LAUNCHRES0	2686	nordkap	141167	A	T	core_destroyed	485
2026-08-13T01:52:48Z	LAUNCHRES0	2687	nordkap	141167	B	T	core_destroyed	229
2026-08-13T01:52:50Z	LAUNCHRES0	2688	antler	141168	A	C	core_destroyed	406
2026-08-13T01:52:52Z	LAUNCHRES0	2689	antler	141168	B	T	core_destroyed	841
2026-08-13T01:52:55Z	LAUNCHRES0	2690	atoll	141168	A	C	core_destroyed	259
2026-08-13T01:52:57Z	LAUNCHRES0	2691	atoll	141168	B	T	core_destroyed	249
2026-08-13T01:52:58Z	LAUNCHRES0	2692	drumlin	141168	A	C	core_destroyed	82
2026-08-13T01:53:01Z	LAUNCHRES0	2693	drumlin	141168	B	C	core_destroyed	170
2026-08-13T01:53:02Z	LAUNCHRES0	2694	fjordgate	141168	A	T	core_destroyed	356
2026-08-13T01:53:05Z	LAUNCHRES0	2695	fjordgate	141168	B	C	tiebreak	1000
2026-08-13T01:53:07Z	LAUNCHRES0	2696	heart	141168	A	T	core_destroyed	112
2026-08-13T01:53:14Z	LAUNCHRES0	2697	heart	141168	B	C	core_destroyed	384
2026-08-13T01:53:17Z	LAUNCHRES0	2698	hive	141168	A	C	core_destroyed	185
2026-08-13T01:53:18Z	LAUNCHRES0	2699	hive	141168	B	T	core_destroyed	102
2026-08-13T01:53:20Z	LAUNCHRES0	2700	meander	141168	A	C	core_destroyed	223
2026-08-13T01:53:22Z	LAUNCHRES0	2701	meander	141168	B	C	core_destroyed	184
2026-08-13T01:53:24Z	LAUNCHRES0	2702	nordkap	141168	A	T	core_destroyed	430
2026-08-13T01:53:28Z	LAUNCHRES0	2703	nordkap	141168	B	C	core_destroyed	331
2026-08-13T01:53:29Z	LAUNCHRES0	2704	antler	141169	A	T	core_destroyed	160
2026-08-13T01:53:31Z	LAUNCHRES0	2705	antler	141169	B	T	core_destroyed	238
2026-08-13T01:53:36Z	LAUNCHRES0	2706	atoll	141169	A	C	core_destroyed	733
2026-08-13T01:53:37Z	LAUNCHRES0	2707	atoll	141169	B	T	core_destroyed	122
2026-08-13T01:53:39Z	LAUNCHRES0	2708	drumlin	141169	A	T	core_destroyed	108
2026-08-13T01:53:40Z	LAUNCHRES0	2709	drumlin	141169	B	T	core_destroyed	87
2026-08-13T01:53:42Z	LAUNCHRES0	2710	fjordgate	141169	A	T	tiebreak	1000
2026-08-13T01:53:43Z	LAUNCHRES0	2711	fjordgate	141169	B	T	core_destroyed	92
2026-08-13T01:53:45Z	LAUNCHRES0	2712	heart	141169	A	C	core_destroyed	170
2026-08-13T01:53:47Z	LAUNCHRES0	2713	heart	141169	B	C	core_destroyed	291
2026-08-13T01:53:49Z	LAUNCHRES0	2714	hive	141169	A	T	core_destroyed	121
2026-08-13T01:53:51Z	LAUNCHRES0	2715	hive	141169	B	C	core_destroyed	141
2026-08-13T01:53:53Z	LAUNCHRES0	2716	meander	141169	A	C	core_destroyed	201
2026-08-13T01:53:54Z	LAUNCHRES0	2717	meander	141169	B	C	core_destroyed	184
2026-08-13T01:53:56Z	LAUNCHRES0	2718	nordkap	141169	A	C	tiebreak	1000
2026-08-13T01:53:57Z	LAUNCHRES0	2719	nordkap	141169	B	T	core_destroyed	114
2026-08-13T01:53:59Z	LAUNCHRES0	2720	antler	141170	A	C	core_destroyed	145
2026-08-13T01:54:01Z	LAUNCHRES0	2721	antler	141170	B	C	core_destroyed	184
2026-08-13T01:54:04Z	LAUNCHRES0	2722	atoll	141170	A	T	core_destroyed	331
2026-08-13T01:54:08Z	LAUNCHRES0	2723	atoll	141170	B	T	core_destroyed	364
2026-08-13T01:54:10Z	LAUNCHRES0	2724	drumlin	141170	A	T	core_destroyed	159
2026-08-13T01:54:12Z	LAUNCHRES0	2725	drumlin	141170	B	C	core_destroyed	174
2026-08-13T01:54:13Z	LAUNCHRES0	2726	fjordgate	141170	A	T	core_destroyed	285
2026-08-13T01:54:15Z	LAUNCHRES0	2727	fjordgate	141170	B	T	core_destroyed	294
2026-08-13T01:54:19Z	LAUNCHRES0	2728	heart	141170	A	C	core_destroyed	310
2026-08-13T01:54:22Z	LAUNCHRES0	2729	heart	141170	B	T	core_destroyed	135
2026-08-13T01:54:27Z	LAUNCHRES0	2730	hive	141170	A	C	core_destroyed	283
2026-08-13T01:54:29Z	LAUNCHRES0	2731	hive	141170	B	T	core_destroyed	142
2026-08-13T01:54:31Z	LAUNCHRES0	2732	meander	141170	A	C	core_destroyed	204
2026-08-13T01:54:33Z	LAUNCHRES0	2733	meander	141170	B	T	core_destroyed	323
2026-08-13T01:54:35Z	LAUNCHRES0	2734	nordkap	141170	A	C	core_destroyed	248
2026-08-13T01:54:37Z	LAUNCHRES0	2735	nordkap	141170	B	C	core_destroyed	517
2026-08-13T01:54:39Z	LAUNCHRES0	2736	antler	141171	A	T	core_destroyed	315
2026-08-13T01:54:40Z	LAUNCHRES0	2737	antler	141171	B	T	core_destroyed	99
2026-08-13T01:54:41Z	LAUNCHRES0	2738	atoll	141171	A	C	core_destroyed	167
2026-08-13T01:54:43Z	LAUNCHRES0	2739	atoll	141171	B	T	core_destroyed	181
2026-08-13T01:54:46Z	LAUNCHRES0	2740	drumlin	141171	A	C	core_destroyed	163
2026-08-13T01:54:47Z	LAUNCHRES0	2741	drumlin	141171	B	C	core_destroyed	137
2026-08-13T01:54:51Z	LAUNCHRES0	2742	fjordgate	141171	A	C	tiebreak	1000
2026-08-13T01:54:52Z	LAUNCHRES0	2743	fjordgate	141171	B	C	core_destroyed	208
2026-08-13T01:54:54Z	LAUNCHRES0	2744	heart	141171	A	T	core_destroyed	160
2026-08-13T01:54:56Z	LAUNCHRES0	2745	heart	141171	B	C	core_destroyed	119
2026-08-13T01:54:58Z	LAUNCHRES0	2746	hive	141171	A	T	core_destroyed	119
2026-08-13T01:55:02Z	LAUNCHRES0	2747	hive	141171	B	T	core_destroyed	244
2026-08-13T01:55:04Z	LAUNCHRES0	2748	meander	141171	A	C	core_destroyed	276
2026-08-13T01:55:05Z	LAUNCHRES0	2749	meander	141171	B	T	core_destroyed	147
2026-08-13T01:55:06Z	LAUNCHRES0	2750	nordkap	141171	A	T	core_destroyed	158
2026-08-13T01:55:09Z	LAUNCHRES0	2751	nordkap	141171	B	C	core_destroyed	270
2026-08-13T01:55:12Z	LAUNCHRES0	2752	antler	141172	A	C	tiebreak	1000
2026-08-13T01:55:14Z	LAUNCHRES0	2753	antler	141172	B	C	core_destroyed	128
2026-08-13T01:55:15Z	LAUNCHRES0	2754	atoll	141172	A	C	core_destroyed	156
2026-08-13T01:55:18Z	LAUNCHRES0	2755	atoll	141172	B	T	core_destroyed	349
2026-08-13T01:55:23Z	LAUNCHRES0	2756	drumlin	141172	A	C	core_destroyed	355
2026-08-13T01:55:28Z	LAUNCHRES0	2757	drumlin	141172	B	C	core_destroyed	610
2026-08-13T01:55:29Z	LAUNCHRES0	2758	fjordgate	141172	A	C	core_destroyed	141
2026-08-13T01:55:31Z	LAUNCHRES0	2759	fjordgate	141172	B	T	core_destroyed	421
2026-08-13T01:55:37Z	LAUNCHRES0	2760	heart	141172	A	T	core_destroyed	412
2026-08-13T01:55:50Z	LAUNCHRES0	2761	heart	141172	B	T	core_destroyed	605
2026-08-13T01:55:55Z	LAUNCHRES0	2762	hive	141172	A	C	core_destroyed	336
2026-08-13T01:55:56Z	LAUNCHRES0	2763	hive	141172	B	T	core_destroyed	129
2026-08-13T01:55:59Z	LAUNCHRES0	2764	meander	141172	A	C	core_destroyed	343
2026-08-13T01:56:02Z	LAUNCHRES0	2765	meander	141172	B	C	core_destroyed	319
2026-08-13T01:56:03Z	LAUNCHRES0	2766	nordkap	141172	A	C	core_destroyed	185
2026-08-13T01:56:04Z	LAUNCHRES0	2767	nordkap	141172	B	C	core_destroyed	148
2026-08-13T01:56:07Z	LAUNCHRES0	2768	antler	141173	A	C	tiebreak	1000
2026-08-13T01:56:11Z	LAUNCHRES0	2769	antler	141173	B	T	core_destroyed	667
2026-08-13T01:56:12Z	LAUNCHRES0	2770	atoll	141173	A	C	core_destroyed	211
2026-08-13T01:56:13Z	LAUNCHRES0	2771	atoll	141173	B	T	core_destroyed	198
2026-08-13T01:56:18Z	LAUNCHRES0	2772	drumlin	141173	A	C	core_destroyed	274
2026-08-13T01:56:19Z	LAUNCHRES0	2773	drumlin	141173	B	C	core_destroyed	150
2026-08-13T01:56:20Z	LAUNCHRES0	2774	fjordgate	141173	A	C	core_destroyed	214
2026-08-13T01:56:22Z	LAUNCHRES0	2775	fjordgate	141173	B	T	core_destroyed	420
2026-08-13T01:56:24Z	LAUNCHRES0	2776	heart	141173	A	C	core_destroyed	209
2026-08-13T01:56:26Z	LAUNCHRES0	2777	heart	141173	B	C	tiebreak	1000
2026-08-13T01:56:31Z	LAUNCHRES0	2778	hive	141173	A	T	core_destroyed	293
2026-08-13T01:56:33Z	LAUNCHRES0	2779	hive	141173	B	T	core_destroyed	113
2026-08-13T01:56:37Z	LAUNCHRES0	2780	meander	141173	A	T	core_destroyed	446
2026-08-13T01:56:39Z	LAUNCHRES0	2781	meander	141173	B	C	core_destroyed	211
2026-08-13T01:56:40Z	LAUNCHRES0	2782	nordkap	141173	A	T	core_destroyed	115
2026-08-13T01:56:41Z	LAUNCHRES0	2783	nordkap	141173	B	T	core_destroyed	93
2026-08-13T01:56:47Z	LAUNCHRES0	2784	antler	141174	A	T	tiebreak	1000
2026-08-13T01:56:49Z	LAUNCHRES0	2785	antler	141174	B	T	core_destroyed	254
2026-08-13T01:56:50Z	LAUNCHRES0	2786	atoll	141174	A	C	core_destroyed	242
2026-08-13T01:56:52Z	LAUNCHRES0	2787	atoll	141174	B	T	core_destroyed	345
2026-08-13T01:56:53Z	LAUNCHRES0	2788	drumlin	141174	A	T	core_destroyed	109
2026-08-13T01:56:55Z	LAUNCHRES0	2789	drumlin	141174	B	C	core_destroyed	126
2026-08-13T01:56:57Z	LAUNCHRES0	2790	fjordgate	141174	A	C	core_destroyed	286
2026-08-13T01:56:59Z	LAUNCHRES0	2791	fjordgate	141174	B	T	core_destroyed	383
2026-08-13T01:57:06Z	LAUNCHRES0	2792	heart	141174	A	C	tiebreak	1000
2026-08-13T01:57:09Z	LAUNCHRES0	2793	heart	141174	B	C	tiebreak	1000
2026-08-13T01:57:15Z	LAUNCHRES0	2794	hive	141174	A	C	core_destroyed	472
2026-08-13T01:57:17Z	LAUNCHRES0	2795	hive	141174	B	T	core_destroyed	114
2026-08-13T01:57:19Z	LAUNCHRES0	2796	meander	141174	A	C	core_destroyed	169
2026-08-13T01:57:20Z	LAUNCHRES0	2797	meander	141174	B	C	core_destroyed	120
2026-08-13T01:57:22Z	LAUNCHRES0	2798	nordkap	141174	A	C	core_destroyed	244
2026-08-13T01:57:25Z	LAUNCHRES0	2799	nordkap	141174	B	C	core_destroyed	291
2026-08-13T01:57:29Z	LAUNCHRES0	2800	antler	141175	A	C	tiebreak	1000
2026-08-13T01:57:30Z	LAUNCHRES0	2801	antler	141175	B	C	core_destroyed	334
2026-08-13T01:57:32Z	LAUNCHRES0	2802	atoll	141175	A	C	core_destroyed	341
2026-08-13T01:57:33Z	LAUNCHRES0	2803	atoll	141175	B	C	core_destroyed	178
2026-08-13T01:57:35Z	LAUNCHRES0	2804	drumlin	141175	A	T	core_destroyed	188
2026-08-13T01:57:39Z	LAUNCHRES0	2805	drumlin	141175	B	C	core_destroyed	358
2026-08-13T01:57:40Z	LAUNCHRES0	2806	fjordgate	141175	A	T	core_destroyed	110
2026-08-13T01:57:42Z	LAUNCHRES0	2807	fjordgate	141175	B	C	core_destroyed	252
2026-08-13T01:57:46Z	LAUNCHRES0	2808	heart	141175	A	C	tiebreak	1000
2026-08-13T01:57:47Z	LAUNCHRES0	2809	heart	141175	B	C	core_destroyed	128
2026-08-13T01:57:52Z	LAUNCHRES0	2810	hive	141175	A	T	core_destroyed	263
2026-08-13T01:57:57Z	LAUNCHRES0	2811	hive	141175	B	T	core_destroyed	309
2026-08-13T01:57:59Z	LAUNCHRES0	2812	meander	141175	A	C	core_destroyed	186
2026-08-13T01:58:01Z	LAUNCHRES0	2813	meander	141175	B	T	core_destroyed	207
2026-08-13T01:58:04Z	LAUNCHRES0	2814	nordkap	141175	A	C	tiebreak	1000
2026-08-13T01:58:06Z	LAUNCHRES0	2815	nordkap	141175	B	C	core_destroyed	367
2026-08-13T01:58:07Z	LAUNCHRES0	2816	antler	141176	A	C	core_destroyed	85
2026-08-13T01:58:10Z	LAUNCHRES0	2817	antler	141176	B	C	tiebreak	1000
2026-08-13T01:58:17Z	LAUNCHRES0	2818	atoll	141176	A	T	core_destroyed	623
2026-08-13T01:58:19Z	LAUNCHRES0	2819	atoll	141176	B	C	core_destroyed	303
2026-08-13T01:58:23Z	LAUNCHRES0	2820	drumlin	141176	A	C	core_destroyed	279
2026-08-13T01:58:24Z	LAUNCHRES0	2821	drumlin	141176	B	C	core_destroyed	143
2026-08-13T01:58:28Z	LAUNCHRES0	2822	fjordgate	141176	A	T	tiebreak	1000
2026-08-13T01:58:30Z	LAUNCHRES0	2823	fjordgate	141176	B	C	core_destroyed	162
2026-08-13T01:58:32Z	LAUNCHRES0	2824	heart	141176	A	T	core_destroyed	148
2026-08-13T01:58:37Z	LAUNCHRES0	2825	heart	141176	B	T	core_destroyed	280
2026-08-13T01:58:39Z	LAUNCHRES0	2826	hive	141176	A	C	core_destroyed	161
2026-08-13T01:58:43Z	LAUNCHRES0	2827	hive	141176	B	T	core_destroyed	249
2026-08-13T01:58:44Z	LAUNCHRES0	2828	meander	141176	A	C	core_destroyed	184
2026-08-13T01:58:46Z	LAUNCHRES0	2829	meander	141176	B	T	core_destroyed	172
2026-08-13T01:58:47Z	LAUNCHRES0	2830	nordkap	141176	A	T	core_destroyed	96
2026-08-13T01:58:51Z	LAUNCHRES0	2831	nordkap	141176	B	C	core_destroyed	303
2026-08-13T01:58:54Z	LAUNCHRES0	2832	antler	141177	A	T	core_destroyed	341
2026-08-13T01:58:55Z	LAUNCHRES0	2833	antler	141177	B	C	core_destroyed	214
2026-08-13T01:58:57Z	LAUNCHRES0	2834	atoll	141177	A	C	core_destroyed	293
2026-08-13T01:58:59Z	LAUNCHRES0	2835	atoll	141177	B	T	core_destroyed	303
2026-08-13T01:59:01Z	LAUNCHRES0	2836	drumlin	141177	A	T	core_destroyed	158
2026-08-13T01:59:03Z	LAUNCHRES0	2837	drumlin	141177	B	C	core_destroyed	214
2026-08-13T01:59:04Z	LAUNCHRES0	2838	fjordgate	141177	A	C	core_destroyed	125
2026-08-13T01:59:05Z	LAUNCHRES0	2839	fjordgate	141177	B	C	core_destroyed	119
2026-08-13T01:59:08Z	LAUNCHRES0	2840	heart	141177	A	T	core_destroyed	282
2026-08-13T01:59:11Z	LAUNCHRES0	2841	heart	141177	B	C	core_destroyed	355
2026-08-13T01:59:14Z	LAUNCHRES0	2842	hive	141177	A	C	core_destroyed	247
2026-08-13T01:59:17Z	LAUNCHRES0	2843	hive	141177	B	T	core_destroyed	192
2026-08-13T01:59:19Z	LAUNCHRES0	2844	meander	141177	A	C	core_destroyed	105
2026-08-13T01:59:20Z	LAUNCHRES0	2845	meander	141177	B	T	core_destroyed	174
2026-08-13T01:59:21Z	LAUNCHRES0	2846	nordkap	141177	A	T	core_destroyed	213
2026-08-13T01:59:23Z	LAUNCHRES0	2847	nordkap	141177	B	C	core_destroyed	272
2026-08-13T01:59:26Z	LAUNCHRES0	2848	antler	141178	A	C	core_destroyed	228
2026-08-13T01:59:27Z	LAUNCHRES0	2849	antler	141178	B	T	core_destroyed	140
2026-08-13T01:59:29Z	LAUNCHRES0	2850	atoll	141178	A	C	core_destroyed	894
2026-08-13T01:59:31Z	LAUNCHRES0	2851	atoll	141178	B	T	core_destroyed	476
2026-08-13T01:59:32Z	LAUNCHRES0	2852	drumlin	141178	A	T	core_destroyed	141
2026-08-13T01:59:35Z	LAUNCHRES0	2853	drumlin	141178	B	C	core_destroyed	191
2026-08-13T01:59:36Z	LAUNCHRES0	2854	fjordgate	141178	A	C	core_destroyed	303
2026-08-13T01:59:37Z	LAUNCHRES0	2855	fjordgate	141178	B	T	core_destroyed	337
2026-08-13T01:59:40Z	LAUNCHRES0	2856	heart	141178	A	T	core_destroyed	217
2026-08-13T01:59:41Z	LAUNCHRES0	2857	heart	141178	B	C	core_destroyed	136
2026-08-13T01:59:43Z	LAUNCHRES0	2858	hive	141178	A	T	core_destroyed	86
2026-08-13T01:59:44Z	LAUNCHRES0	2859	hive	141178	B	T	core_destroyed	136
2026-08-13T01:59:46Z	LAUNCHRES0	2860	meander	141178	A	T	core_destroyed	116
2026-08-13T01:59:48Z	LAUNCHRES0	2861	meander	141178	B	T	core_destroyed	254
2026-08-13T01:59:50Z	LAUNCHRES0	2862	nordkap	141178	A	T	core_destroyed	243
2026-08-13T01:59:52Z	LAUNCHRES0	2863	nordkap	141178	B	T	tiebreak	1000
2026-08-13T01:59:53Z	LAUNCHRES0	2864	antler	141179	A	C	core_destroyed	197
2026-08-13T01:59:55Z	LAUNCHRES0	2865	antler	141179	B	C	core_destroyed	189
2026-08-13T01:59:56Z	LAUNCHRES0	2866	atoll	141179	A	T	core_destroyed	95
2026-08-13T01:59:58Z	LAUNCHRES0	2867	atoll	141179	B	T	core_destroyed	81
2026-08-13T02:00:02Z	LAUNCHRES0	2868	drumlin	141179	A	C	core_destroyed	442
2026-08-13T02:00:04Z	LAUNCHRES0	2869	drumlin	141179	B	C	core_destroyed	252
2026-08-13T02:00:06Z	LAUNCHRES0	2870	fjordgate	141179	A	T	core_destroyed	369
2026-08-13T02:00:08Z	LAUNCHRES0	2871	fjordgate	141179	B	T	core_destroyed	518
2026-08-13T02:00:10Z	LAUNCHRES0	2872	heart	141179	A	T	core_destroyed	129
2026-08-13T02:00:15Z	LAUNCHRES0	2873	heart	141179	B	C	core_destroyed	322
2026-08-13T02:00:19Z	LAUNCHRES0	2874	hive	141179	A	C	core_destroyed	365
2026-08-13T02:00:24Z	LAUNCHRES0	2875	hive	141179	B	T	core_destroyed	353
2026-08-13T02:00:25Z	LAUNCHRES0	2876	meander	141179	A	C	core_destroyed	137
2026-08-13T02:00:27Z	LAUNCHRES0	2877	meander	141179	B	C	core_destroyed	196
2026-08-13T02:00:28Z	LAUNCHRES0	2878	nordkap	141179	A	T	core_destroyed	222
2026-08-13T02:00:30Z	LAUNCHRES0	2879	nordkap	141179	B	C	core_destroyed	231
2026-08-13T02:00:32Z	LAUNCHRES0	2880	antler	141180	A	T	core_destroyed	262
2026-08-13T02:00:35Z	LAUNCHRES0	2881	antler	141180	B	C	core_destroyed	702
2026-08-13T02:00:39Z	LAUNCHRES0	2882	atoll	141180	A	T	core_destroyed	304
2026-08-13T02:00:46Z	LAUNCHRES0	2883	atoll	141180	B	C	core_destroyed	934
2026-08-13T02:00:47Z	LAUNCHRES0	2884	drumlin	141180	A	T	core_destroyed	89
2026-08-13T02:00:50Z	LAUNCHRES0	2885	drumlin	141180	B	T	core_destroyed	260
2026-08-13T02:00:51Z	LAUNCHRES0	2886	fjordgate	141180	A	T	core_destroyed	149
2026-08-13T02:00:52Z	LAUNCHRES0	2887	fjordgate	141180	B	C	core_destroyed	117
2026-08-13T02:00:54Z	LAUNCHRES0	2888	heart	141180	A	T	core_destroyed	133
2026-08-13T02:00:56Z	LAUNCHRES0	2889	heart	141180	B	C	core_destroyed	102
2026-08-13T02:00:58Z	LAUNCHRES0	2890	hive	141180	A	C	core_destroyed	142
2026-08-13T02:00:59Z	LAUNCHRES0	2891	hive	141180	B	C	core_destroyed	113
2026-08-13T02:01:01Z	LAUNCHRES0	2892	meander	141180	A	C	core_destroyed	219
2026-08-13T02:01:04Z	LAUNCHRES0	2893	meander	141180	B	C	core_destroyed	367
2026-08-13T02:01:07Z	LAUNCHRES0	2894	nordkap	141180	A	T	core_destroyed	295
2026-08-13T02:01:08Z	LAUNCHRES0	2895	nordkap	141180	B	T	core_destroyed	142
2026-08-13T02:01:10Z	LAUNCHRES0	2896	antler	141181	A	T	core_destroyed	237
2026-08-13T02:01:11Z	LAUNCHRES0	2897	antler	141181	B	T	core_destroyed	132
2026-08-13T02:01:13Z	LAUNCHRES0	2898	atoll	141181	A	C	core_destroyed	651
2026-08-13T02:01:15Z	LAUNCHRES0	2899	atoll	141181	B	C	tiebreak	1000
2026-08-13T02:01:18Z	LAUNCHRES0	2900	drumlin	141181	A	C	core_destroyed	187
2026-08-13T02:01:19Z	LAUNCHRES0	2901	drumlin	141181	B	C	core_destroyed	78
2026-08-13T02:01:20Z	LAUNCHRES0	2902	fjordgate	141181	A	T	core_destroyed	208
2026-08-13T02:01:22Z	LAUNCHRES0	2903	fjordgate	141181	B	C	core_destroyed	433
2026-08-13T02:01:24Z	LAUNCHRES0	2904	heart	141181	A	T	core_destroyed	120
2026-08-13T02:01:26Z	LAUNCHRES0	2905	heart	141181	B	C	core_destroyed	266
2026-08-13T02:01:28Z	LAUNCHRES0	2906	hive	141181	A	C	core_destroyed	158
2026-08-13T02:01:33Z	LAUNCHRES0	2907	hive	141181	B	T	core_destroyed	330
2026-08-13T02:01:35Z	LAUNCHRES0	2908	meander	141181	A	C	core_destroyed	274
2026-08-13T02:01:36Z	LAUNCHRES0	2909	meander	141181	B	C	core_destroyed	129
2026-08-13T02:01:37Z	LAUNCHRES0	2910	nordkap	141181	A	C	core_destroyed	148
2026-08-13T02:01:38Z	LAUNCHRES0	2911	nordkap	141181	B	C	core_destroyed	189
2026-08-13T02:01:41Z	LAUNCHRES0	2912	antler	141182	A	T	core_destroyed	257
2026-08-13T02:01:43Z	LAUNCHRES0	2913	antler	141182	B	C	core_destroyed	320
2026-08-13T02:01:45Z	LAUNCHRES0	2914	atoll	141182	A	C	core_destroyed	176
2026-08-13T02:01:47Z	LAUNCHRES0	2915	atoll	141182	B	T	core_destroyed	242
2026-08-13T02:01:49Z	LAUNCHRES0	2916	drumlin	141182	A	T	core_destroyed	211
2026-08-13T02:01:50Z	LAUNCHRES0	2917	drumlin	141182	B	C	core_destroyed	97
2026-08-13T02:01:52Z	LAUNCHRES0	2918	fjordgate	141182	A	T	core_destroyed	190
2026-08-13T02:01:53Z	LAUNCHRES0	2919	fjordgate	141182	B	C	core_destroyed	177
2026-08-13T02:01:56Z	LAUNCHRES0	2920	heart	141182	A	T	core_destroyed	265
2026-08-13T02:01:59Z	LAUNCHRES0	2921	heart	141182	B	C	core_destroyed	312
2026-08-13T02:02:02Z	LAUNCHRES0	2922	hive	141182	A	C	core_destroyed	247
2026-08-13T02:02:04Z	LAUNCHRES0	2923	hive	141182	B	C	core_destroyed	99
2026-08-13T02:02:05Z	LAUNCHRES0	2924	meander	141182	A	C	core_destroyed	142
2026-08-13T02:02:07Z	LAUNCHRES0	2925	meander	141182	B	T	core_destroyed	194
2026-08-13T02:02:09Z	LAUNCHRES0	2926	nordkap	141182	A	T	core_destroyed	176
2026-08-13T02:02:11Z	LAUNCHRES0	2927	nordkap	141182	B	T	tiebreak	1000
2026-08-13T02:02:14Z	LAUNCHRES0	2928	antler	141183	A	C	core_destroyed	475
2026-08-13T02:02:16Z	LAUNCHRES0	2929	antler	141183	B	T	core_destroyed	388
2026-08-13T02:02:18Z	LAUNCHRES0	2930	atoll	141183	A	T	core_destroyed	258
2026-08-13T02:02:20Z	LAUNCHRES0	2931	atoll	141183	B	T	core_destroyed	522
2026-08-13T02:02:22Z	LAUNCHRES0	2932	drumlin	141183	A	C	core_destroyed	184
2026-08-13T02:02:26Z	LAUNCHRES0	2933	drumlin	141183	B	C	core_destroyed	337
2026-08-13T02:02:28Z	LAUNCHRES0	2934	fjordgate	141183	A	T	core_destroyed	160
2026-08-13T02:02:29Z	LAUNCHRES0	2935	fjordgate	141183	B	C	core_destroyed	235
2026-08-13T02:02:31Z	LAUNCHRES0	2936	heart	141183	A	C	core_destroyed	218
2026-08-13T02:02:34Z	LAUNCHRES0	2937	heart	141183	B	C	core_destroyed	783
2026-08-13T02:02:35Z	LAUNCHRES0	2938	hive	141183	A	C	core_destroyed	148
2026-08-13T02:02:38Z	LAUNCHRES0	2939	hive	141183	B	T	core_destroyed	230
2026-08-13T02:02:40Z	LAUNCHRES0	2940	meander	141183	A	T	core_destroyed	189
2026-08-13T02:02:42Z	LAUNCHRES0	2941	meander	141183	B	C	core_destroyed	233
2026-08-13T02:02:44Z	LAUNCHRES0	2942	nordkap	141183	A	T	core_destroyed	168
2026-08-13T02:02:46Z	LAUNCHRES0	2943	nordkap	141183	B	C	core_destroyed	261
2026-08-13T02:02:48Z	LAUNCHRES0	2944	antler	141184	A	T	core_destroyed	189
2026-08-13T02:02:49Z	LAUNCHRES0	2945	antler	141184	B	C	core_destroyed	252
2026-08-13T02:02:51Z	LAUNCHRES0	2946	atoll	141184	A	T	core_destroyed	483
2026-08-13T02:02:52Z	LAUNCHRES0	2947	atoll	141184	B	C	core_destroyed	238
2026-08-13T02:02:54Z	LAUNCHRES0	2948	drumlin	141184	A	T	core_destroyed	129
2026-08-13T02:03:02Z	LAUNCHRES0	2949	drumlin	141184	B	T	tiebreak	1000
2026-08-13T02:03:03Z	LAUNCHRES0	2950	fjordgate	141184	A	T	core_destroyed	94
2026-08-13T02:03:05Z	LAUNCHRES0	2951	fjordgate	141184	B	C	tiebreak	1000
2026-08-13T02:03:09Z	LAUNCHRES0	2952	heart	141184	A	T	core_destroyed	269
2026-08-13T02:03:10Z	LAUNCHRES0	2953	heart	141184	B	C	core_destroyed	139
2026-08-13T02:03:12Z	LAUNCHRES0	2954	hive	141184	A	C	core_destroyed	86
2026-08-13T02:03:13Z	LAUNCHRES0	2955	hive	141184	B	C	core_destroyed	88
2026-08-13T02:03:15Z	LAUNCHRES0	2956	meander	141184	A	C	core_destroyed	152
2026-08-13T02:03:17Z	LAUNCHRES0	2957	meander	141184	B	C	core_destroyed	147
2026-08-13T02:03:19Z	LAUNCHRES0	2958	nordkap	141184	A	C	core_destroyed	243
2026-08-13T02:03:21Z	LAUNCHRES0	2959	nordkap	141184	B	C	core_destroyed	192
2026-08-13T02:03:24Z	LAUNCHRES0	2960	antler	141185	A	T	core_destroyed	523
2026-08-13T02:03:28Z	LAUNCHRES0	2961	antler	141185	B	C	core_destroyed	543
2026-08-13T02:03:29Z	LAUNCHRES0	2962	atoll	141185	A	C	core_destroyed	460
2026-08-13T02:03:31Z	LAUNCHRES0	2963	atoll	141185	B	T	core_destroyed	146
2026-08-13T02:03:32Z	LAUNCHRES0	2964	drumlin	141185	A	T	core_destroyed	109
2026-08-13T02:03:34Z	LAUNCHRES0	2965	drumlin	141185	B	C	core_destroyed	111
2026-08-13T02:03:35Z	LAUNCHRES0	2966	fjordgate	141185	A	T	core_destroyed	230
2026-08-13T02:03:37Z	LAUNCHRES0	2967	fjordgate	141185	B	T	core_destroyed	148
2026-08-13T02:03:43Z	LAUNCHRES0	2968	heart	141185	A	C	core_destroyed	509
2026-08-13T02:03:57Z	LAUNCHRES0	2969	heart	141185	B	T	core_destroyed	603
2026-08-13T02:04:00Z	LAUNCHRES0	2970	hive	141185	A	C	core_destroyed	225
2026-08-13T02:04:02Z	LAUNCHRES0	2971	hive	141185	B	C	core_destroyed	138
2026-08-13T02:04:03Z	LAUNCHRES0	2972	meander	141185	A	C	core_destroyed	230
2026-08-13T02:04:05Z	LAUNCHRES0	2973	meander	141185	B	C	core_destroyed	223
2026-08-13T02:04:07Z	LAUNCHRES0	2974	nordkap	141185	A	T	core_destroyed	202
2026-08-13T02:04:09Z	LAUNCHRES0	2975	nordkap	141185	B	C	core_destroyed	225
2026-08-13T02:04:11Z	LAUNCHRES0	2976	antler	141186	A	C	core_destroyed	197
2026-08-13T02:04:12Z	LAUNCHRES0	2977	antler	141186	B	C	core_destroyed	238
2026-08-13T02:04:16Z	LAUNCHRES0	2978	atoll	141186	A	T	core_destroyed	304
2026-08-13T02:04:21Z	LAUNCHRES0	2979	atoll	141186	B	T	core_destroyed	385
2026-08-13T02:04:23Z	LAUNCHRES0	2980	drumlin	141186	A	T	core_destroyed	277
2026-08-13T02:04:29Z	LAUNCHRES0	2981	drumlin	141186	B	C	core_destroyed	324
2026-08-13T02:04:33Z	LAUNCHRES0	2982	fjordgate	141186	A	T	tiebreak	1000
2026-08-13T02:04:34Z	LAUNCHRES0	2983	fjordgate	141186	B	T	core_destroyed	141
2026-08-13T02:04:36Z	LAUNCHRES0	2984	heart	141186	A	T	core_destroyed	177
2026-08-13T02:04:38Z	LAUNCHRES0	2985	heart	141186	B	C	core_destroyed	166
2026-08-13T02:04:41Z	LAUNCHRES0	2986	hive	141186	A	C	core_destroyed	189
2026-08-13T02:04:43Z	LAUNCHRES0	2987	hive	141186	B	T	core_destroyed	112
2026-08-13T02:04:44Z	LAUNCHRES0	2988	meander	141186	A	C	core_destroyed	159
2026-08-13T02:04:47Z	LAUNCHRES0	2989	meander	141186	B	C	core_destroyed	291
2026-08-13T02:04:50Z	LAUNCHRES0	2990	nordkap	141186	A	T	core_destroyed	325
2026-08-13T02:04:51Z	LAUNCHRES0	2991	nordkap	141186	B	C	core_destroyed	490
2026-08-13T02:04:54Z	LAUNCHRES0	2992	antler	141187	A	C	core_destroyed	532
2026-08-13T02:04:56Z	LAUNCHRES0	2993	antler	141187	B	T	core_destroyed	230
2026-08-13T02:04:58Z	LAUNCHRES0	2994	atoll	141187	A	C	core_destroyed	310
2026-08-13T02:05:00Z	LAUNCHRES0	2995	atoll	141187	B	C	core_destroyed	366
2026-08-13T02:05:02Z	LAUNCHRES0	2996	drumlin	141187	A	T	core_destroyed	155
2026-08-13T02:05:04Z	LAUNCHRES0	2997	drumlin	141187	B	C	core_destroyed	185
2026-08-13T02:05:06Z	LAUNCHRES0	2998	fjordgate	141187	A	T	tiebreak	1000
2026-08-13T02:05:08Z	LAUNCHRES0	2999	fjordgate	141187	B	T	core_destroyed	378
2026-08-13T02:05:11Z	LAUNCHRES0	3000	heart	141187	A	T	core_destroyed	283
2026-08-13T02:05:13Z	LAUNCHRES0	3001	heart	141187	B	C	core_destroyed	198
2026-08-13T02:05:15Z	LAUNCHRES0	3002	hive	141187	A	C	core_destroyed	149
2026-08-13T02:05:20Z	LAUNCHRES0	3003	hive	141187	B	C	core_destroyed	368
2026-08-13T02:05:21Z	LAUNCHRES0	3004	meander	141187	A	C	core_destroyed	154
2026-08-13T02:05:23Z	LAUNCHRES0	3005	meander	141187	B	T	core_destroyed	197
2026-08-13T02:05:25Z	LAUNCHRES0	3006	nordkap	141187	A	T	core_destroyed	164
2026-08-13T02:05:28Z	LAUNCHRES0	3007	nordkap	141187	B	T	core_destroyed	399
2026-08-13T02:05:30Z	LAUNCHRES0	3008	antler	141188	A	T	core_destroyed	173
2026-08-13T02:05:31Z	LAUNCHRES0	3009	antler	141188	B	C	core_destroyed	149
2026-08-13T02:05:33Z	LAUNCHRES0	3010	atoll	141188	A	C	core_destroyed	149
2026-08-13T02:05:35Z	LAUNCHRES0	3011	atoll	141188	B	T	tiebreak	1000
2026-08-13T02:05:37Z	LAUNCHRES0	3012	drumlin	141188	A	C	core_destroyed	192
2026-08-13T02:05:39Z	LAUNCHRES0	3013	drumlin	141188	B	T	core_destroyed	172
2026-08-13T02:05:41Z	LAUNCHRES0	3014	fjordgate	141188	A	T	core_destroyed	235
2026-08-13T02:05:42Z	LAUNCHRES0	3015	fjordgate	141188	B	C	core_destroyed	165
2026-08-13T02:05:49Z	LAUNCHRES0	3016	heart	141188	A	T	core_destroyed	792
2026-08-13T02:06:03Z	LAUNCHRES0	3017	heart	141188	B	T	core_destroyed	1000
2026-08-13T02:06:08Z	LAUNCHRES0	3018	hive	141188	A	C	core_destroyed	321
2026-08-13T02:06:13Z	LAUNCHRES0	3019	hive	141188	B	C	core_destroyed	412
2026-08-13T02:06:15Z	LAUNCHRES0	3020	meander	141188	A	C	core_destroyed	142
2026-08-13T02:06:17Z	LAUNCHRES0	3021	meander	141188	B	C	core_destroyed	298
2026-08-13T02:06:20Z	LAUNCHRES0	3022	nordkap	141188	A	C	tiebreak	1000
2026-08-13T02:06:21Z	LAUNCHRES0	3023	nordkap	141188	B	C	core_destroyed	167
2026-08-13T02:06:22Z	LAUNCHRES0	3024	antler	141189	A	T	core_destroyed	155
2026-08-13T02:06:24Z	LAUNCHRES0	3025	antler	141189	B	T	core_destroyed	175
2026-08-13T02:06:25Z	LAUNCHRES0	3026	atoll	141189	A	C	core_destroyed	106
2026-08-13T02:06:27Z	LAUNCHRES0	3027	atoll	141189	B	T	core_destroyed	191
2026-08-13T02:06:31Z	LAUNCHRES0	3028	drumlin	141189	A	T	core_destroyed	346
2026-08-13T02:06:35Z	LAUNCHRES0	3029	drumlin	141189	B	C	core_destroyed	369
2026-08-13T02:06:36Z	LAUNCHRES0	3030	fjordgate	141189	A	C	core_destroyed	197
2026-08-13T02:06:38Z	LAUNCHRES0	3031	fjordgate	141189	B	C	core_destroyed	325
2026-08-13T02:06:41Z	LAUNCHRES0	3032	heart	141189	A	T	core_destroyed	169
2026-08-13T02:06:47Z	LAUNCHRES0	3033	heart	141189	B	T	core_destroyed	531
2026-08-13T02:06:49Z	LAUNCHRES0	3034	hive	141189	A	C	core_destroyed	105
2026-08-13T02:06:56Z	LAUNCHRES0	3035	hive	141189	B	T	core_destroyed	480
2026-08-13T02:06:58Z	LAUNCHRES0	3036	meander	141189	A	T	core_destroyed	204
2026-08-13T02:06:59Z	LAUNCHRES0	3037	meander	141189	B	C	core_destroyed	218
2026-08-13T02:07:01Z	LAUNCHRES0	3038	nordkap	141189	A	T	core_destroyed	205
2026-08-13T02:07:02Z	LAUNCHRES0	3039	nordkap	141189	B	T	core_destroyed	123
2026-08-13T02:07:04Z	LAUNCHRES0	3040	antler	141190	A	T	core_destroyed	348
2026-08-13T02:07:05Z	LAUNCHRES0	3041	antler	141190	B	T	core_destroyed	105
2026-08-13T02:07:06Z	LAUNCHRES0	3042	atoll	141190	A	C	core_destroyed	210
2026-08-13T02:07:08Z	LAUNCHRES0	3043	atoll	141190	B	C	core_destroyed	387
2026-08-13T02:07:09Z	LAUNCHRES0	3044	drumlin	141190	A	C	core_destroyed	129
2026-08-13T02:07:13Z	LAUNCHRES0	3045	drumlin	141190	B	T	core_destroyed	472
2026-08-13T02:07:15Z	LAUNCHRES0	3046	fjordgate	141190	A	T	core_destroyed	223
2026-08-13T02:07:17Z	LAUNCHRES0	3047	fjordgate	141190	B	T	core_destroyed	861
2026-08-13T02:07:19Z	LAUNCHRES0	3048	heart	141190	A	T	core_destroyed	217
2026-08-13T02:07:22Z	LAUNCHRES0	3049	heart	141190	B	C	core_destroyed	394
2026-08-13T02:07:26Z	LAUNCHRES0	3050	hive	141190	A	C	core_destroyed	270
2026-08-13T02:07:28Z	LAUNCHRES0	3051	hive	141190	B	C	core_destroyed	129
2026-08-13T02:07:29Z	LAUNCHRES0	3052	meander	141190	A	T	core_destroyed	160
2026-08-13T02:07:31Z	LAUNCHRES0	3053	meander	141190	B	T	core_destroyed	244
2026-08-13T02:07:37Z	LAUNCHRES0	3054	nordkap	141190	A	C	core_destroyed	541
2026-08-13T02:07:39Z	LAUNCHRES0	3055	nordkap	141190	B	C	core_destroyed	324
2026-08-13T02:07:41Z	LAUNCHRES0	3056	antler	141191	A	C	core_destroyed	188
2026-08-13T02:07:43Z	LAUNCHRES0	3057	antler	141191	B	T	core_destroyed	282
2026-08-13T02:07:46Z	LAUNCHRES0	3058	atoll	141191	A	C	core_destroyed	337
2026-08-13T02:07:48Z	LAUNCHRES0	3059	atoll	141191	B	T	core_destroyed	111
2026-08-13T02:07:50Z	LAUNCHRES0	3060	drumlin	141191	A	T	core_destroyed	228
2026-08-13T02:07:55Z	LAUNCHRES0	3061	drumlin	141191	B	C	core_destroyed	336
2026-08-13T02:07:56Z	LAUNCHRES0	3062	fjordgate	141191	A	T	core_destroyed	175
2026-08-13T02:07:59Z	LAUNCHRES0	3063	fjordgate	141191	B	T	core_destroyed	533
2026-08-13T02:08:05Z	LAUNCHRES0	3064	heart	141191	A	T	tiebreak	1000
2026-08-13T02:08:07Z	LAUNCHRES0	3065	heart	141191	B	C	core_destroyed	141
2026-08-13T02:08:09Z	LAUNCHRES0	3066	hive	141191	A	T	core_destroyed	152
2026-08-13T02:08:10Z	LAUNCHRES0	3067	hive	141191	B	T	core_destroyed	150
2026-08-13T02:08:12Z	LAUNCHRES0	3068	meander	141191	A	T	core_destroyed	153
2026-08-13T02:08:13Z	LAUNCHRES0	3069	meander	141191	B	C	core_destroyed	110
2026-08-13T02:08:15Z	LAUNCHRES0	3070	nordkap	141191	A	C	core_destroyed	777
2026-08-13T02:08:17Z	LAUNCHRES0	3071	nordkap	141191	B	T	tiebreak	1000
2026-08-13T02:08:19Z	LAUNCHRES0	3072	antler	141192	A	T	core_destroyed	112
2026-08-13T02:08:21Z	LAUNCHRES0	3073	antler	141192	B	C	core_destroyed	274
2026-08-13T02:08:26Z	LAUNCHRES0	3074	atoll	141192	A	C	core_destroyed	451
2026-08-13T02:08:27Z	LAUNCHRES0	3075	atoll	141192	B	C	core_destroyed	222
2026-08-13T02:08:32Z	LAUNCHRES0	3076	drumlin	141192	A	C	core_destroyed	372
2026-08-13T02:08:34Z	LAUNCHRES0	3077	drumlin	141192	B	T	core_destroyed	345
2026-08-13T02:08:35Z	LAUNCHRES0	3078	fjordgate	141192	A	T	core_destroyed	74
2026-08-13T02:08:39Z	LAUNCHRES0	3079	fjordgate	141192	B	T	tiebreak	1000
2026-08-13T02:08:41Z	LAUNCHRES0	3080	heart	141192	A	T	core_destroyed	140
2026-08-13T02:08:46Z	LAUNCHRES0	3081	heart	141192	B	C	core_destroyed	347
2026-08-13T02:08:50Z	LAUNCHRES0	3082	hive	141192	A	C	core_destroyed	296
2026-08-13T02:08:51Z	LAUNCHRES0	3083	hive	141192	B	C	core_destroyed	127
2026-08-13T02:08:52Z	LAUNCHRES0	3084	meander	141192	A	T	core_destroyed	165
2026-08-13T02:08:54Z	LAUNCHRES0	3085	meander	141192	B	C	core_destroyed	147
2026-08-13T02:08:56Z	LAUNCHRES0	3086	nordkap	141192	A	T	core_destroyed	263
2026-08-13T02:08:59Z	LAUNCHRES0	3087	nordkap	141192	B	T	core_destroyed	310
2026-08-13T02:09:01Z	LAUNCHRES0	3088	antler	141193	A	C	core_destroyed	220
2026-08-13T02:09:02Z	LAUNCHRES0	3089	antler	141193	B	T	core_destroyed	165
2026-08-13T02:09:05Z	LAUNCHRES0	3090	atoll	141193	A	C	core_destroyed	259
2026-08-13T02:09:06Z	LAUNCHRES0	3091	atoll	141193	B	T	core_destroyed	109
2026-08-13T02:09:08Z	LAUNCHRES0	3092	drumlin	141193	A	C	core_destroyed	134
2026-08-13T02:09:12Z	LAUNCHRES0	3093	drumlin	141193	B	C	core_destroyed	264
2026-08-13T02:09:13Z	LAUNCHRES0	3094	fjordgate	141193	A	T	core_destroyed	189
2026-08-13T02:09:15Z	LAUNCHRES0	3095	fjordgate	141193	B	C	core_destroyed	244
2026-08-13T02:09:27Z	LAUNCHRES0	3096	heart	141193	A	T	tiebreak	1000
2026-08-13T02:09:29Z	LAUNCHRES0	3097	heart	141193	B	C	core_destroyed	132
2026-08-13T02:09:31Z	LAUNCHRES0	3098	hive	141193	A	T	core_destroyed	105
2026-08-13T02:09:37Z	LAUNCHRES0	3099	hive	141193	B	C	core_destroyed	384
2026-08-13T02:09:38Z	LAUNCHRES0	3100	meander	141193	A	C	core_destroyed	178
2026-08-13T02:09:40Z	LAUNCHRES0	3101	meander	141193	B	T	core_destroyed	198
2026-08-13T02:09:41Z	LAUNCHRES0	3102	nordkap	141193	A	C	core_destroyed	245
2026-08-13T02:09:43Z	LAUNCHRES0	3103	nordkap	141193	B	C	core_destroyed	168
2026-08-13T02:09:44Z	LAUNCHRES0	3104	antler	141194	A	T	core_destroyed	135
2026-08-13T02:09:46Z	LAUNCHRES0	3105	antler	141194	B	T	core_destroyed	171
2026-08-13T02:09:48Z	LAUNCHRES0	3106	atoll	141194	A	T	core_destroyed	260
2026-08-13T02:09:49Z	LAUNCHRES0	3107	atoll	141194	B	C	core_destroyed	146
2026-08-13T02:09:53Z	LAUNCHRES0	3108	drumlin	141194	A	C	core_destroyed	328
2026-08-13T02:09:57Z	LAUNCHRES0	3109	drumlin	141194	B	T	core_destroyed	313
2026-08-13T02:09:58Z	LAUNCHRES0	3110	fjordgate	141194	A	C	core_destroyed	179
2026-08-13T02:09:59Z	LAUNCHRES0	3111	fjordgate	141194	B	C	core_destroyed	102
2026-08-13T02:10:02Z	LAUNCHRES0	3112	heart	141194	A	T	core_destroyed	111
2026-08-13T02:10:06Z	LAUNCHRES0	3113	heart	141194	B	C	core_destroyed	232
2026-08-13T02:10:08Z	LAUNCHRES0	3114	hive	141194	A	C	core_destroyed	118
2026-08-13T02:10:10Z	LAUNCHRES0	3115	hive	141194	B	T	core_destroyed	179
2026-08-13T02:10:12Z	LAUNCHRES0	3116	meander	141194	A	C	core_destroyed	226
2026-08-13T02:10:14Z	LAUNCHRES0	3117	meander	141194	B	T	core_destroyed	205
2026-08-13T02:10:17Z	LAUNCHRES0	3118	nordkap	141194	A	C	core_destroyed	287
2026-08-13T02:10:18Z	LAUNCHRES0	3119	nordkap	141194	B	T	core_destroyed	105
2026-08-13T02:10:19Z	LAUNCHRES0	3120	antler	141195	A	C	core_destroyed	85
2026-08-13T02:10:21Z	LAUNCHRES0	3121	antler	141195	B	T	core_destroyed	214
2026-08-13T02:10:24Z	LAUNCHRES0	3122	atoll	141195	A	C	core_destroyed	738
2026-08-13T02:10:25Z	LAUNCHRES0	3123	atoll	141195	B	T	core_destroyed	122
2026-08-13T02:10:27Z	LAUNCHRES0	3124	drumlin	141195	A	T	core_destroyed	90
2026-08-13T02:10:28Z	LAUNCHRES0	3125	drumlin	141195	B	T	core_destroyed	150
2026-08-13T02:10:30Z	LAUNCHRES0	3126	fjordgate	141195	A	T	core_destroyed	230
2026-08-13T02:10:31Z	LAUNCHRES0	3127	fjordgate	141195	B	C	core_destroyed	118
2026-08-13T02:10:32Z	LAUNCHRES0	3128	heart	141195	A	T	core_destroyed	91
2026-08-13T02:10:34Z	LAUNCHRES0	3129	heart	141195	B	C	core_destroyed	158
2026-08-13T02:10:37Z	LAUNCHRES0	3130	hive	141195	A	T	core_destroyed	276
2026-08-13T02:10:42Z	LAUNCHRES0	3131	hive	141195	B	C	core_destroyed	304
2026-08-13T02:10:43Z	LAUNCHRES0	3132	meander	141195	A	T	core_destroyed	164
2026-08-13T02:10:45Z	LAUNCHRES0	3133	meander	141195	B	T	core_destroyed	185
2026-08-13T02:10:46Z	LAUNCHRES0	3134	nordkap	141195	A	T	core_destroyed	121
2026-08-13T02:10:48Z	LAUNCHRES0	3135	nordkap	141195	B	T	core_destroyed	215
2026-08-13T02:10:50Z	LAUNCHRES0	3136	antler	141196	A	T	core_destroyed	201
2026-08-13T02:10:51Z	LAUNCHRES0	3137	antler	141196	B	T	core_destroyed	129
2026-08-13T02:10:55Z	LAUNCHRES0	3138	atoll	141196	A	T	core_destroyed	395
2026-08-13T02:10:57Z	LAUNCHRES0	3139	atoll	141196	B	C	core_destroyed	313
2026-08-13T02:10:58Z	LAUNCHRES0	3140	drumlin	141196	A	T	core_destroyed	87
2026-08-13T02:11:00Z	LAUNCHRES0	3141	drumlin	141196	B	C	core_destroyed	127
2026-08-13T02:11:01Z	LAUNCHRES0	3142	fjordgate	141196	A	C	core_destroyed	137
2026-08-13T02:11:02Z	LAUNCHRES0	3143	fjordgate	141196	B	C	core_destroyed	134
2026-08-13T02:11:05Z	LAUNCHRES0	3144	heart	141196	A	C	core_destroyed	192
2026-08-13T02:11:06Z	LAUNCHRES0	3145	heart	141196	B	C	core_destroyed	140
2026-08-13T02:11:08Z	LAUNCHRES0	3146	hive	141196	A	C	core_destroyed	125
2026-08-13T02:11:09Z	LAUNCHRES0	3147	hive	141196	B	C	core_destroyed	126
2026-08-13T02:11:11Z	LAUNCHRES0	3148	meander	141196	A	T	core_destroyed	220
2026-08-13T02:11:16Z	LAUNCHRES0	3149	meander	141196	B	T	core_destroyed	566
2026-08-13T02:11:18Z	LAUNCHRES0	3150	nordkap	141196	A	T	core_destroyed	170
2026-08-13T02:11:19Z	LAUNCHRES0	3151	nordkap	141196	B	C	core_destroyed	218
2026-08-13T02:11:21Z	LAUNCHRES0	3152	antler	141197	A	C	core_destroyed	285
2026-08-13T02:11:22Z	LAUNCHRES0	3153	antler	141197	B	C	core_destroyed	160
2026-08-13T02:11:23Z	LAUNCHRES0	3154	atoll	141197	A	C	core_destroyed	160
2026-08-13T02:11:25Z	LAUNCHRES0	3155	atoll	141197	B	C	core_destroyed	131
2026-08-13T02:11:29Z	LAUNCHRES0	3156	drumlin	141197	A	T	core_destroyed	379
2026-08-13T02:11:31Z	LAUNCHRES0	3157	drumlin	141197	B	C	core_destroyed	190
2026-08-13T02:11:33Z	LAUNCHRES0	3158	fjordgate	141197	A	T	core_destroyed	121
2026-08-13T02:11:34Z	LAUNCHRES0	3159	fjordgate	141197	B	C	core_destroyed	221
2026-08-13T02:11:37Z	LAUNCHRES0	3160	heart	141197	A	C	core_destroyed	233
2026-08-13T02:11:38Z	LAUNCHRES0	3161	heart	141197	B	C	core_destroyed	155
2026-08-13T02:11:41Z	LAUNCHRES0	3162	hive	141197	A	C	core_destroyed	176
2026-08-13T02:11:47Z	LAUNCHRES0	3163	hive	141197	B	C	core_destroyed	349
2026-08-13T02:11:48Z	LAUNCHRES0	3164	meander	141197	A	T	core_destroyed	129
2026-08-13T02:11:50Z	LAUNCHRES0	3165	meander	141197	B	T	core_destroyed	173
2026-08-13T02:11:51Z	LAUNCHRES0	3166	nordkap	141197	A	T	core_destroyed	155
2026-08-13T02:11:52Z	LAUNCHRES0	3167	nordkap	141197	B	T	core_destroyed	170
2026-08-13T02:11:54Z	LAUNCHRES0	3168	antler	141198	A	T	tiebreak	1000
2026-08-13T02:11:57Z	LAUNCHRES0	3169	antler	141198	B	T	core_destroyed	281
2026-08-13T02:11:58Z	LAUNCHRES0	3170	atoll	141198	A	C	core_destroyed	171
2026-08-13T02:12:00Z	LAUNCHRES0	3171	atoll	141198	B	T	core_destroyed	451
2026-08-13T02:12:04Z	LAUNCHRES0	3172	drumlin	141198	A	C	core_destroyed	297
2026-08-13T02:12:11Z	LAUNCHRES0	3173	drumlin	141198	B	C	tiebreak	412
2026-08-13T02:12:12Z	LAUNCHRES0	3174	fjordgate	141198	A	C	core_destroyed	174
2026-08-13T02:12:14Z	LAUNCHRES0	3175	fjordgate	141198	B	T	core_destroyed	305
2026-08-13T02:12:15Z	LAUNCHRES0	3176	heart	141198	A	T	core_destroyed	129
2026-08-13T02:12:17Z	LAUNCHRES0	3177	heart	141198	B	C	core_destroyed	140
2026-08-13T02:12:21Z	LAUNCHRES0	3178	hive	141198	A	C	core_destroyed	276
2026-08-13T02:12:26Z	LAUNCHRES0	3179	hive	141198	B	C	core_destroyed	339
2026-08-13T02:12:28Z	LAUNCHRES0	3180	meander	141198	A	C	core_destroyed	235
2026-08-13T02:12:30Z	LAUNCHRES0	3181	meander	141198	B	C	core_destroyed	156
2026-08-13T02:12:31Z	LAUNCHRES0	3182	nordkap	141198	A	T	core_destroyed	157
2026-08-13T02:12:33Z	LAUNCHRES0	3183	nordkap	141198	B	C	core_destroyed	318
2026-08-13T02:12:35Z	LAUNCHRES0	3184	antler	141199	A	T	core_destroyed	457
2026-08-13T02:12:38Z	LAUNCHRES0	3185	antler	141199	B	T	tiebreak	1000
2026-08-13T02:12:41Z	LAUNCHRES0	3186	atoll	141199	A	C	core_destroyed	295
2026-08-13T02:12:44Z	LAUNCHRES0	3187	atoll	141199	B	C	tiebreak	1000
2026-08-13T02:12:45Z	LAUNCHRES0	3188	drumlin	141199	A	C	core_destroyed	149
2026-08-13T02:12:49Z	LAUNCHRES0	3189	drumlin	141199	B	C	core_destroyed	363
2026-08-13T02:12:50Z	LAUNCHRES0	3190	fjordgate	141199	A	T	core_destroyed	273
2026-08-13T02:12:51Z	LAUNCHRES0	3191	fjordgate	141199	B	C	core_destroyed	109
2026-08-13T02:12:54Z	LAUNCHRES0	3192	heart	141199	A	C	core_destroyed	423
2026-08-13T02:12:56Z	LAUNCHRES0	3193	heart	141199	B	C	core_destroyed	154
2026-08-13T02:13:01Z	LAUNCHRES0	3194	hive	141199	A	T	core_destroyed	385
2026-08-13T02:13:03Z	LAUNCHRES0	3195	hive	141199	B	T	core_destroyed	154
2026-08-13T02:13:04Z	LAUNCHRES0	3196	meander	141199	A	C	core_destroyed	138
2026-08-13T02:13:06Z	LAUNCHRES0	3197	meander	141199	B	T	core_destroyed	189
2026-08-13T02:13:08Z	LAUNCHRES0	3198	nordkap	141199	A	C	core_destroyed	751
2026-08-13T02:13:09Z	LAUNCHRES0	3199	nordkap	141199	B	T	core_destroyed	183
2026-08-13T02:13:11Z	LAUNCHRES0	3200	antler	141200	A	T	core_destroyed	190
2026-08-13T02:13:14Z	LAUNCHRES0	3201	antler	141200	B	C	core_destroyed	244
2026-08-13T02:13:17Z	LAUNCHRES0	3202	atoll	141200	A	C	core_destroyed	352
2026-08-13T02:13:18Z	LAUNCHRES0	3203	atoll	141200	B	T	core_destroyed	224
2026-08-13T02:13:20Z	LAUNCHRES0	3204	drumlin	141200	A	C	core_destroyed	183
2026-08-13T02:13:23Z	LAUNCHRES0	3205	drumlin	141200	B	C	core_destroyed	236
2026-08-13T02:13:24Z	LAUNCHRES0	3206	fjordgate	141200	A	T	core_destroyed	238
2026-08-13T02:13:26Z	LAUNCHRES0	3207	fjordgate	141200	B	C	core_destroyed	518
2026-08-13T02:13:28Z	LAUNCHRES0	3208	heart	141200	A	C	tiebreak	1000
2026-08-13T02:13:31Z	LAUNCHRES0	3209	heart	141200	B	C	core_destroyed	180
2026-08-13T02:13:34Z	LAUNCHRES0	3210	hive	141200	A	C	core_destroyed	196
2026-08-13T02:13:35Z	LAUNCHRES0	3211	hive	141200	B	C	core_destroyed	129
2026-08-13T02:13:36Z	LAUNCHRES0	3212	meander	141200	A	C	core_destroyed	192
2026-08-13T02:13:40Z	LAUNCHRES0	3213	meander	141200	B	T	core_destroyed	332
2026-08-13T02:13:41Z	LAUNCHRES0	3214	nordkap	141200	A	C	core_destroyed	115
2026-08-13T02:13:42Z	LAUNCHRES0	3215	nordkap	141200	B	C	core_destroyed	225
2026-08-13T02:13:43Z	LAUNCHRES0	3216	antler	141201	A	T	core_destroyed	140
2026-08-13T02:13:46Z	LAUNCHRES0	3217	antler	141201	B	C	core_destroyed	703
2026-08-13T02:13:51Z	LAUNCHRES0	3218	atoll	141201	A	C	core_destroyed	509
2026-08-13T02:13:52Z	LAUNCHRES0	3219	atoll	141201	B	T	core_destroyed	345
2026-08-13T02:13:53Z	LAUNCHRES0	3220	drumlin	141201	A	T	core_destroyed	81
2026-08-13T02:13:58Z	LAUNCHRES0	3221	drumlin	141201	B	T	core_destroyed	315
2026-08-13T02:13:59Z	LAUNCHRES0	3222	fjordgate	141201	A	T	core_destroyed	200
2026-08-13T02:14:01Z	LAUNCHRES0	3223	fjordgate	141201	B	C	core_destroyed	146
2026-08-13T02:14:03Z	LAUNCHRES0	3224	heart	141201	A	T	core_destroyed	341
2026-08-13T02:14:06Z	LAUNCHRES0	3225	heart	141201	B	T	core_destroyed	182
2026-08-13T02:14:07Z	LAUNCHRES0	3226	hive	141201	A	C	core_destroyed	107
2026-08-13T02:14:13Z	LAUNCHRES0	3227	hive	141201	B	C	core_destroyed	538
2026-08-13T02:14:15Z	LAUNCHRES0	3228	meander	141201	A	C	core_destroyed	242
2026-08-13T02:14:16Z	LAUNCHRES0	3229	meander	141201	B	T	core_destroyed	142
2026-08-13T02:14:18Z	LAUNCHRES0	3230	nordkap	141201	A	T	core_destroyed	340
2026-08-13T02:14:19Z	LAUNCHRES0	3231	nordkap	141201	B	C	core_destroyed	123
2026-08-13T02:14:21Z	LAUNCHRES0	3232	antler	141202	A	C	core_destroyed	129
2026-08-13T02:14:25Z	LAUNCHRES0	3233	antler	141202	B	C	core_destroyed	774
2026-08-13T02:14:26Z	LAUNCHRES0	3234	atoll	141202	A	C	core_destroyed	154
2026-08-13T02:14:29Z	LAUNCHRES0	3235	atoll	141202	B	T	core_destroyed	214
2026-08-13T02:14:30Z	LAUNCHRES0	3236	drumlin	141202	A	C	core_destroyed	98
2026-08-13T02:14:33Z	LAUNCHRES0	3237	drumlin	141202	B	C	core_destroyed	333
2026-08-13T02:14:35Z	LAUNCHRES0	3238	fjordgate	141202	A	T	core_destroyed	404
2026-08-13T02:14:36Z	LAUNCHRES0	3239	fjordgate	141202	B	C	core_destroyed	93
2026-08-13T02:14:48Z	LAUNCHRES0	3240	heart	141202	A	C	tiebreak	1000
2026-08-13T02:14:51Z	LAUNCHRES0	3241	heart	141202	B	T	core_destroyed	233
2026-08-13T02:14:54Z	LAUNCHRES0	3242	hive	141202	A	T	core_destroyed	492
2026-08-13T02:14:56Z	LAUNCHRES0	3243	hive	141202	B	T	core_destroyed	195
2026-08-13T02:14:57Z	LAUNCHRES0	3244	meander	141202	A	T	core_destroyed	120
2026-08-13T02:14:58Z	LAUNCHRES0	3245	meander	141202	B	C	core_destroyed	95
2026-08-13T02:15:02Z	LAUNCHRES0	3246	nordkap	141202	A	C	core_destroyed	352
2026-08-13T02:15:04Z	LAUNCHRES0	3247	nordkap	141202	B	C	core_destroyed	177
2026-08-13T02:15:09Z	LAUNCHRES0	3248	antler	141203	A	T	tiebreak	1000
2026-08-13T02:15:11Z	LAUNCHRES0	3249	antler	141203	B	T	core_destroyed	177
2026-08-13T02:15:12Z	LAUNCHRES0	3250	atoll	141203	A	T	core_destroyed	202
2026-08-13T02:15:14Z	LAUNCHRES0	3251	atoll	141203	B	C	core_destroyed	176
2026-08-13T02:15:15Z	LAUNCHRES0	3252	drumlin	141203	A	T	core_destroyed	175
2026-08-13T02:15:17Z	LAUNCHRES0	3253	drumlin	141203	B	T	core_destroyed	119
2026-08-13T02:15:18Z	LAUNCHRES0	3254	fjordgate	141203	A	T	core_destroyed	289
2026-08-13T02:15:19Z	LAUNCHRES0	3255	fjordgate	141203	B	T	core_destroyed	106
2026-08-13T02:15:22Z	LAUNCHRES0	3256	heart	141203	A	T	core_destroyed	146
2026-08-13T02:15:24Z	LAUNCHRES0	3257	heart	141203	B	C	core_destroyed	222
2026-08-13T02:15:26Z	LAUNCHRES0	3258	hive	141203	A	T	core_destroyed	147
2026-08-13T02:15:30Z	LAUNCHRES0	3259	hive	141203	B	C	core_destroyed	251
2026-08-13T02:15:31Z	LAUNCHRES0	3260	meander	141203	A	T	core_destroyed	158
2026-08-13T02:15:33Z	LAUNCHRES0	3261	meander	141203	B	T	core_destroyed	279
2026-08-13T02:15:35Z	LAUNCHRES0	3262	nordkap	141203	A	C	core_destroyed	198
2026-08-13T02:15:37Z	LAUNCHRES0	3263	nordkap	141203	B	T	core_destroyed	284
2026-08-13T02:15:39Z	LAUNCHRES0	3264	antler	141204	A	T	core_destroyed	160
2026-08-13T02:15:41Z	LAUNCHRES0	3265	antler	141204	B	C	core_destroyed	190
2026-08-13T02:15:45Z	LAUNCHRES0	3266	atoll	141204	A	C	core_destroyed	529
2026-08-13T02:15:48Z	LAUNCHRES0	3267	atoll	141204	B	T	core_destroyed	463
2026-08-13T02:15:53Z	LAUNCHRES0	3268	drumlin	141204	A	C	core_destroyed	249
2026-08-13T02:15:58Z	LAUNCHRES0	3269	drumlin	141204	B	T	core_destroyed	378
2026-08-13T02:15:59Z	LAUNCHRES0	3270	fjordgate	141204	A	T	core_destroyed	160
2026-08-13T02:16:00Z	LAUNCHRES0	3271	fjordgate	141204	B	T	core_destroyed	326
2026-08-13T02:16:05Z	LAUNCHRES0	3272	heart	141204	A	T	tiebreak	1000
2026-08-13T02:16:07Z	LAUNCHRES0	3273	heart	141204	B	C	core_destroyed	159
2026-08-13T02:16:09Z	LAUNCHRES0	3274	hive	141204	A	C	core_destroyed	160
2026-08-13T02:16:15Z	LAUNCHRES0	3275	hive	141204	B	T	core_destroyed	512
2026-08-13T02:16:16Z	LAUNCHRES0	3276	meander	141204	A	T	core_destroyed	236
2026-08-13T02:16:18Z	LAUNCHRES0	3277	meander	141204	B	T	core_destroyed	228
2026-08-13T02:16:20Z	LAUNCHRES0	3278	nordkap	141204	A	C	core_destroyed	316
2026-08-13T02:16:26Z	LAUNCHRES0	3279	nordkap	141204	B	C	tiebreak	1000
2026-08-13T02:16:28Z	LAUNCHRES0	3280	antler	141205	A	T	core_destroyed	178
2026-08-13T02:16:29Z	LAUNCHRES0	3281	antler	141205	B	C	core_destroyed	178
2026-08-13T02:16:31Z	LAUNCHRES0	3282	atoll	141205	A	T	core_destroyed	159
2026-08-13T02:16:33Z	LAUNCHRES0	3283	atoll	141205	B	C	core_destroyed	720
2026-08-13T02:16:34Z	LAUNCHRES0	3284	drumlin	141205	A	T	core_destroyed	117
2026-08-13T02:16:36Z	LAUNCHRES0	3285	drumlin	141205	B	C	core_destroyed	262
2026-08-13T02:16:37Z	LAUNCHRES0	3286	fjordgate	141205	A	T	core_destroyed	123
2026-08-13T02:16:39Z	LAUNCHRES0	3287	fjordgate	141205	B	T	core_destroyed	174
2026-08-13T02:16:43Z	LAUNCHRES0	3288	heart	141205	A	T	tiebreak	1000
2026-08-13T02:16:45Z	LAUNCHRES0	3289	heart	141205	B	C	core_destroyed	141
2026-08-13T02:16:47Z	LAUNCHRES0	3290	hive	141205	A	T	core_destroyed	130
2026-08-13T02:16:51Z	LAUNCHRES0	3291	hive	141205	B	C	core_destroyed	215
2026-08-13T02:16:52Z	LAUNCHRES0	3292	meander	141205	A	C	core_destroyed	112
2026-08-13T02:16:55Z	LAUNCHRES0	3293	meander	141205	B	C	tiebreak	1000
2026-08-13T02:16:57Z	LAUNCHRES0	3294	nordkap	141205	A	C	core_destroyed	268
2026-08-13T02:16:58Z	LAUNCHRES0	3295	nordkap	141205	B	C	core_destroyed	277
2026-08-13T02:17:00Z	LAUNCHRES0	3296	antler	141206	A	C	core_destroyed	160
2026-08-13T02:17:01Z	LAUNCHRES0	3297	antler	141206	B	T	core_destroyed	291
2026-08-13T02:17:03Z	LAUNCHRES0	3298	atoll	141206	A	C	core_destroyed	298
2026-08-13T02:17:05Z	LAUNCHRES0	3299	atoll	141206	B	C	core_destroyed	720
2026-08-13T02:17:06Z	LAUNCHRES0	3300	drumlin	141206	A	T	core_destroyed	115
2026-08-13T02:17:08Z	LAUNCHRES0	3301	drumlin	141206	B	C	core_destroyed	193
2026-08-13T02:17:09Z	LAUNCHRES0	3302	fjordgate	141206	A	T	core_destroyed	668
2026-08-13T02:17:10Z	LAUNCHRES0	3303	fjordgate	141206	B	C	core_destroyed	160
2026-08-13T02:17:15Z	LAUNCHRES0	3304	heart	141206	A	C	core_destroyed	409
2026-08-13T02:17:17Z	LAUNCHRES0	3305	heart	141206	B	C	core_destroyed	241
2026-08-13T02:17:18Z	LAUNCHRES0	3306	hive	141206	A	C	core_destroyed	138
2026-08-13T02:17:26Z	LAUNCHRES0	3307	hive	141206	B	C	core_destroyed	532
2026-08-13T02:17:28Z	LAUNCHRES0	3308	meander	141206	A	T	core_destroyed	120
2026-08-13T02:17:30Z	LAUNCHRES0	3309	meander	141206	B	T	core_destroyed	254
2026-08-13T02:17:32Z	LAUNCHRES0	3310	nordkap	141206	A	C	core_destroyed	253
2026-08-13T02:17:36Z	LAUNCHRES0	3311	nordkap	141206	B	T	core_destroyed	524
2026-08-13T02:17:38Z	LAUNCHRES0	3312	antler	141207	A	C	core_destroyed	328
2026-08-13T02:17:40Z	LAUNCHRES0	3313	antler	141207	B	C	core_destroyed	655
2026-08-13T02:17:42Z	LAUNCHRES0	3314	atoll	141207	A	C	core_destroyed	382
2026-08-13T02:17:44Z	LAUNCHRES0	3315	atoll	141207	B	T	core_destroyed	177
2026-08-13T02:17:45Z	LAUNCHRES0	3316	drumlin	141207	A	T	core_destroyed	128
2026-08-13T02:17:47Z	LAUNCHRES0	3317	drumlin	141207	B	T	core_destroyed	124
2026-08-13T02:17:48Z	LAUNCHRES0	3318	fjordgate	141207	A	T	core_destroyed	421
2026-08-13T02:17:49Z	LAUNCHRES0	3319	fjordgate	141207	B	C	core_destroyed	148
2026-08-13T02:17:55Z	LAUNCHRES0	3320	heart	141207	A	T	core_destroyed	440
2026-08-13T02:17:58Z	LAUNCHRES0	3321	heart	141207	B	C	core_destroyed	236
2026-08-13T02:18:01Z	LAUNCHRES0	3322	hive	141207	A	T	core_destroyed	172
2026-08-13T02:18:04Z	LAUNCHRES0	3323	hive	141207	B	T	core_destroyed	408
2026-08-13T02:18:06Z	LAUNCHRES0	3324	meander	141207	A	T	core_destroyed	235
2026-08-13T02:18:08Z	LAUNCHRES0	3325	meander	141207	B	T	core_destroyed	160
2026-08-13T02:18:09Z	LAUNCHRES0	3326	nordkap	141207	A	T	core_destroyed	154
2026-08-13T02:18:12Z	LAUNCHRES0	3327	nordkap	141207	B	C	core_destroyed	235
2026-08-13T02:18:13Z	LAUNCHRES0	3328	antler	141208	A	T	core_destroyed	164
2026-08-13T02:18:16Z	LAUNCHRES0	3329	antler	141208	B	C	tiebreak	1000
2026-08-13T02:18:19Z	LAUNCHRES0	3330	atoll	141208	A	C	core_destroyed	319
2026-08-13T02:18:21Z	LAUNCHRES0	3331	atoll	141208	B	T	core_destroyed	159
2026-08-13T02:18:24Z	LAUNCHRES0	3332	drumlin	141208	A	T	core_destroyed	335
2026-08-13T02:18:27Z	LAUNCHRES0	3333	drumlin	141208	B	C	core_destroyed	235
2026-08-13T02:18:28Z	LAUNCHRES0	3334	fjordgate	141208	A	T	core_destroyed	258
2026-08-13T02:18:30Z	LAUNCHRES0	3335	fjordgate	141208	B	T	core_destroyed	120
2026-08-13T02:18:36Z	LAUNCHRES0	3336	heart	141208	A	T	core_destroyed	436
2026-08-13T02:18:38Z	LAUNCHRES0	3337	heart	141208	B	T	core_destroyed	147
2026-08-13T02:18:40Z	LAUNCHRES0	3338	hive	141208	A	C	tiebreak	171
2026-08-13T02:18:43Z	LAUNCHRES0	3339	hive	141208	B	T	core_destroyed	211
2026-08-13T02:18:44Z	LAUNCHRES0	3340	meander	141208	A	C	core_destroyed	137
2026-08-13T02:18:46Z	LAUNCHRES0	3341	meander	141208	B	C	core_destroyed	192
2026-08-13T02:18:50Z	LAUNCHRES0	3342	nordkap	141208	A	T	core_destroyed	999
2026-08-13T02:18:52Z	LAUNCHRES0	3343	nordkap	141208	B	C	core_destroyed	214
2026-08-13T02:18:53Z	LAUNCHRES0	3344	antler	141209	A	T	core_destroyed	238
2026-08-13T02:18:55Z	LAUNCHRES0	3345	antler	141209	B	T	core_destroyed	229
2026-08-13T02:18:56Z	LAUNCHRES0	3346	atoll	141209	A	C	core_destroyed	227
2026-08-13T02:19:01Z	LAUNCHRES0	3347	atoll	141209	B	T	core_destroyed	460
2026-08-13T02:19:03Z	LAUNCHRES0	3348	drumlin	141209	A	T	core_destroyed	204
2026-08-13T02:19:07Z	LAUNCHRES0	3349	drumlin	141209	B	C	core_destroyed	346
2026-08-13T02:19:10Z	LAUNCHRES0	3350	fjordgate	141209	A	C	core_destroyed	810
2026-08-13T02:19:11Z	LAUNCHRES0	3351	fjordgate	141209	B	C	core_destroyed	160
2026-08-13T02:19:13Z	LAUNCHRES0	3352	heart	141209	A	T	core_destroyed	172
2026-08-13T02:19:24Z	LAUNCHRES0	3353	heart	141209	B	T	core_destroyed	563
2026-08-13T02:19:29Z	LAUNCHRES0	3354	hive	141209	A	C	core_destroyed	329
2026-08-13T02:19:32Z	LAUNCHRES0	3355	hive	141209	B	T	core_destroyed	278
2026-08-13T02:19:34Z	LAUNCHRES0	3356	meander	141209	A	T	core_destroyed	159
2026-08-13T02:19:36Z	LAUNCHRES0	3357	meander	141209	B	C	core_destroyed	275
2026-08-13T02:19:40Z	LAUNCHRES0	3358	nordkap	141209	A	C	core_destroyed	469
2026-08-13T02:19:42Z	LAUNCHRES0	3359	nordkap	141209	B	C	core_destroyed	309
2026-08-13T02:19:44Z	LAUNCHRES0	3360	antler	141210	A	C	core_destroyed	267
2026-08-13T02:19:47Z	LAUNCHRES0	3361	antler	141210	B	T	tiebreak	1000
2026-08-13T02:19:49Z	LAUNCHRES0	3362	atoll	141210	A	C	tiebreak	1000
2026-08-13T02:19:51Z	LAUNCHRES0	3363	atoll	141210	B	C	core_destroyed	494
2026-08-13T02:19:52Z	LAUNCHRES0	3364	drumlin	141210	A	T	core_destroyed	119
2026-08-13T02:19:56Z	LAUNCHRES0	3365	drumlin	141210	B	C	core_destroyed	241
2026-08-13T02:19:57Z	LAUNCHRES0	3366	fjordgate	141210	A	T	core_destroyed	181
2026-08-13T02:19:58Z	LAUNCHRES0	3367	fjordgate	141210	B	C	core_destroyed	214
2026-08-13T02:20:00Z	LAUNCHRES0	3368	heart	141210	A	T	core_destroyed	158
2026-08-13T02:20:03Z	LAUNCHRES0	3369	heart	141210	B	C	tiebreak	1000
2026-08-13T02:20:05Z	LAUNCHRES0	3370	hive	141210	A	C	core_destroyed	119
2026-08-13T02:20:10Z	LAUNCHRES0	3371	hive	141210	B	C	core_destroyed	361
2026-08-13T02:20:12Z	LAUNCHRES0	3372	meander	141210	A	T	core_destroyed	210
2026-08-13T02:20:14Z	LAUNCHRES0	3373	meander	141210	B	C	core_destroyed	199
2026-08-13T02:20:15Z	LAUNCHRES0	3374	nordkap	141210	A	C	core_destroyed	186
2026-08-13T02:20:17Z	LAUNCHRES0	3375	nordkap	141210	B	C	core_destroyed	393
2026-08-13T02:20:18Z	LAUNCHRES0	3376	antler	141211	A	T	core_destroyed	193
2026-08-13T02:20:20Z	LAUNCHRES0	3377	antler	141211	B	T	core_destroyed	185
2026-08-13T02:20:22Z	LAUNCHRES0	3378	atoll	141211	A	C	core_destroyed	498
2026-08-13T02:20:24Z	LAUNCHRES0	3379	atoll	141211	B	C	core_destroyed	119
2026-08-13T02:20:25Z	LAUNCHRES0	3380	drumlin	141211	A	T	core_destroyed	106
2026-08-13T02:20:28Z	LAUNCHRES0	3381	drumlin	141211	B	C	core_destroyed	228
2026-08-13T02:20:29Z	LAUNCHRES0	3382	fjordgate	141211	A	C	core_destroyed	174
2026-08-13T02:20:31Z	LAUNCHRES0	3383	fjordgate	141211	B	C	tiebreak	1000
2026-08-13T02:20:57Z	LAUNCHRES0	3384	heart	141211	A	T	tiebreak	1000
2026-08-13T02:20:59Z	LAUNCHRES0	3385	heart	141211	B	C	core_destroyed	133
2026-08-13T02:21:02Z	LAUNCHRES0	3386	hive	141211	A	T	core_destroyed	309
2026-08-13T02:21:05Z	LAUNCHRES0	3387	hive	141211	B	T	core_destroyed	207
2026-08-13T02:21:09Z	LAUNCHRES0	3388	meander	141211	A	T	tiebreak	1000
2026-08-13T02:21:14Z	LAUNCHRES0	3389	meander	141211	B	T	tiebreak	1000
2026-08-13T02:21:15Z	LAUNCHRES0	3390	nordkap	141211	A	C	core_destroyed	166
2026-08-13T02:21:17Z	LAUNCHRES0	3391	nordkap	141211	B	C	core_destroyed	238
2026-08-13T02:21:19Z	LAUNCHRES0	3392	antler	141212	A	T	core_destroyed	156
2026-08-13T02:21:21Z	LAUNCHRES0	3393	antler	141212	B	T	core_destroyed	512
2026-08-13T02:21:24Z	LAUNCHRES0	3394	atoll	141212	A	C	core_destroyed	228
2026-08-13T02:21:25Z	LAUNCHRES0	3395	atoll	141212	B	T	core_destroyed	124
2026-08-13T02:21:29Z	LAUNCHRES0	3396	drumlin	141212	A	T	core_destroyed	412
2026-08-13T02:21:37Z	LAUNCHRES0	3397	drumlin	141212	B	T	core_destroyed	520
2026-08-13T02:21:38Z	LAUNCHRES0	3398	fjordgate	141212	A	T	core_destroyed	375
2026-08-13T02:21:40Z	LAUNCHRES0	3399	fjordgate	141212	B	C	core_destroyed	126
2026-08-13T02:21:42Z	LAUNCHRES0	3400	heart	141212	A	C	core_destroyed	229
2026-08-13T02:21:44Z	LAUNCHRES0	3401	heart	141212	B	T	core_destroyed	196
2026-08-13T02:21:47Z	LAUNCHRES0	3402	hive	141212	A	C	core_destroyed	184
2026-08-13T02:21:51Z	LAUNCHRES0	3403	hive	141212	B	T	core_destroyed	302
2026-08-13T02:21:53Z	LAUNCHRES0	3404	meander	141212	A	C	core_destroyed	185
2026-08-13T02:21:55Z	LAUNCHRES0	3405	meander	141212	B	C	core_destroyed	207
2026-08-13T02:21:56Z	LAUNCHRES0	3406	nordkap	141212	A	T	core_destroyed	250
2026-08-13T02:21:57Z	LAUNCHRES0	3407	nordkap	141212	B	T	core_destroyed	159
2026-08-13T02:21:59Z	LAUNCHRES0	3408	antler	141213	A	C	core_destroyed	304
2026-08-13T02:22:00Z	LAUNCHRES0	3409	antler	141213	B	T	core_destroyed	254
2026-08-13T02:22:02Z	LAUNCHRES0	3410	atoll	141213	A	C	core_destroyed	341
2026-08-13T02:22:04Z	LAUNCHRES0	3411	atoll	141213	B	C	core_destroyed	298
2026-08-13T02:22:05Z	LAUNCHRES0	3412	drumlin	141213	A	T	core_destroyed	106
2026-08-13T02:22:07Z	LAUNCHRES0	3413	drumlin	141213	B	C	core_destroyed	107
2026-08-13T02:22:08Z	LAUNCHRES0	3414	fjordgate	141213	A	T	core_destroyed	132
2026-08-13T02:22:09Z	LAUNCHRES0	3415	fjordgate	141213	B	C	core_destroyed	125
2026-08-13T02:22:12Z	LAUNCHRES0	3416	heart	141213	A	T	core_destroyed	365
2026-08-13T02:22:15Z	LAUNCHRES0	3417	heart	141213	B	C	core_destroyed	865
2026-08-13T02:22:22Z	LAUNCHRES0	3418	hive	141213	A	T	core_destroyed	414
2026-08-13T02:22:26Z	LAUNCHRES0	3419	hive	141213	B	T	core_destroyed	407
2026-08-13T02:22:28Z	LAUNCHRES0	3420	meander	141213	A	T	core_destroyed	251
2026-08-13T02:22:29Z	LAUNCHRES0	3421	meander	141213	B	T	core_destroyed	152
2026-08-13T02:22:32Z	LAUNCHRES0	3422	nordkap	141213	A	T	core_destroyed	379
2026-08-13T02:22:34Z	LAUNCHRES0	3423	nordkap	141213	B	C	core_destroyed	208
2026-08-13T02:22:35Z	LAUNCHRES0	3424	antler	141214	A	T	core_destroyed	162
2026-08-13T02:22:37Z	LAUNCHRES0	3425	antler	141214	B	T	core_destroyed	144
2026-08-13T02:22:38Z	LAUNCHRES0	3426	atoll	141214	A	C	core_destroyed	172
2026-08-13T02:22:41Z	LAUNCHRES0	3427	atoll	141214	B	T	core_destroyed	204
2026-08-13T02:22:45Z	LAUNCHRES0	3428	drumlin	141214	A	T	core_destroyed	346
2026-08-13T02:22:48Z	LAUNCHRES0	3429	drumlin	141214	B	C	core_destroyed	430
2026-08-13T02:22:50Z	LAUNCHRES0	3430	fjordgate	141214	A	C	core_destroyed	451
2026-08-13T02:22:52Z	LAUNCHRES0	3431	fjordgate	141214	B	C	core_destroyed	130
2026-08-13T02:22:58Z	LAUNCHRES0	3432	heart	141214	A	T	tiebreak	1000
2026-08-13T02:23:03Z	LAUNCHRES0	3433	heart	141214	B	C	tiebreak	1000
2026-08-13T02:23:08Z	LAUNCHRES0	3434	hive	141214	A	T	core_destroyed	260
2026-08-13T02:23:09Z	LAUNCHRES0	3435	hive	141214	B	C	core_destroyed	162
2026-08-13T02:23:12Z	LAUNCHRES0	3436	meander	141214	A	C	core_destroyed	250
2026-08-13T02:23:13Z	LAUNCHRES0	3437	meander	141214	B	T	core_destroyed	125
2026-08-13T02:23:15Z	LAUNCHRES0	3438	nordkap	141214	A	C	core_destroyed	233
2026-08-13T02:23:18Z	LAUNCHRES0	3439	nordkap	141214	B	C	core_destroyed	206
2026-08-13T02:23:20Z	LAUNCHRES0	3440	antler	141215	A	C	tiebreak	1000
2026-08-13T02:23:21Z	LAUNCHRES0	3441	antler	141215	B	T	core_destroyed	151
2026-08-13T02:23:23Z	LAUNCHRES0	3442	atoll	141215	A	C	core_destroyed	224
2026-08-13T02:23:24Z	LAUNCHRES0	3443	atoll	141215	B	T	core_destroyed	112
2026-08-13T02:23:30Z	LAUNCHRES0	3444	drumlin	141215	A	T	core_destroyed	429
2026-08-13T02:23:32Z	LAUNCHRES0	3445	drumlin	141215	B	C	core_destroyed	149
2026-08-13T02:23:33Z	LAUNCHRES0	3446	fjordgate	141215	A	T	core_destroyed	128
2026-08-13T02:23:34Z	LAUNCHRES0	3447	fjordgate	141215	B	C	core_destroyed	110
2026-08-13T02:23:39Z	LAUNCHRES0	3448	heart	141215	A	T	core_destroyed	821
2026-08-13T02:23:41Z	LAUNCHRES0	3449	heart	141215	B	C	core_destroyed	160
2026-08-13T02:23:46Z	LAUNCHRES0	3450	hive	141215	A	C	core_destroyed	354
2026-08-13T02:23:48Z	LAUNCHRES0	3451	hive	141215	B	C	core_destroyed	174
2026-08-13T02:23:50Z	LAUNCHRES0	3452	meander	141215	A	C	core_destroyed	359
2026-08-13T02:23:51Z	LAUNCHRES0	3453	meander	141215	B	T	core_destroyed	156
2026-08-13T02:23:54Z	LAUNCHRES0	3454	nordkap	141215	A	C	core_destroyed	232
2026-08-13T02:23:57Z	LAUNCHRES0	3455	nordkap	141215	B	T	tiebreak	1000
2026-08-13T02:23:59Z	LAUNCHRES0	3456	antler	141216	A	C	core_destroyed	201
2026-08-13T02:24:02Z	LAUNCHRES0	3457	antler	141216	B	T	core_destroyed	220
2026-08-13T02:24:06Z	LAUNCHRES0	3458	atoll	141216	A	C	core_destroyed	333
2026-08-13T02:24:07Z	LAUNCHRES0	3459	atoll	141216	B	T	core_destroyed	100
2026-08-13T02:24:08Z	LAUNCHRES0	3460	drumlin	141216	A	T	core_destroyed	120
2026-08-13T02:24:09Z	LAUNCHRES0	3461	drumlin	141216	B	C	core_destroyed	90
2026-08-13T02:24:11Z	LAUNCHRES0	3462	fjordgate	141216	A	C	core_destroyed	327
2026-08-13T02:24:12Z	LAUNCHRES0	3463	fjordgate	141216	B	T	core_destroyed	121
2026-08-13T02:24:32Z	LAUNCHRES0	3464	heart	141216	A	C	tiebreak	1000
2026-08-13T02:24:43Z	LAUNCHRES0	3465	heart	141216	B	C	core_destroyed	639
2026-08-13T02:24:46Z	LAUNCHRES0	3466	hive	141216	A	T	core_destroyed	274
2026-08-13T02:24:48Z	LAUNCHRES0	3467	hive	141216	B	C	core_destroyed	95
2026-08-13T02:24:49Z	LAUNCHRES0	3468	meander	141216	A	T	core_destroyed	128
2026-08-13T02:24:52Z	LAUNCHRES0	3469	meander	141216	B	T	core_destroyed	250
2026-08-13T02:24:53Z	LAUNCHRES0	3470	nordkap	141216	A	T	core_destroyed	123
2026-08-13T02:24:54Z	LAUNCHRES0	3471	nordkap	141216	B	C	core_destroyed	185
2026-08-13T02:24:56Z	LAUNCHRES0	3472	antler	141217	A	T	core_destroyed	512
2026-08-13T02:24:57Z	LAUNCHRES0	3473	antler	141217	B	C	core_destroyed	207
2026-08-13T02:24:58Z	LAUNCHRES0	3474	atoll	141217	A	C	core_destroyed	128
2026-08-13T02:24:59Z	LAUNCHRES0	3475	atoll	141217	B	T	core_destroyed	140
2026-08-13T02:25:07Z	LAUNCHRES0	3476	drumlin	141217	A	T	core_destroyed	462
2026-08-13T02:25:10Z	LAUNCHRES0	3477	drumlin	141217	B	C	core_destroyed	282
2026-08-13T02:25:11Z	LAUNCHRES0	3478	fjordgate	141217	A	T	core_destroyed	121
2026-08-13T02:25:12Z	LAUNCHRES0	3479	fjordgate	141217	B	C	core_destroyed	106
2026-08-13T02:25:35Z	LAUNCHRES0	3480	heart	141217	A	C	tiebreak	1000
2026-08-13T02:25:42Z	LAUNCHRES0	3481	heart	141217	B	C	tiebreak	1000
2026-08-13T02:25:47Z	LAUNCHRES0	3482	hive	141217	A	T	core_destroyed	335
2026-08-13T02:25:48Z	LAUNCHRES0	3483	hive	141217	B	T	core_destroyed	222
2026-08-13T02:25:50Z	LAUNCHRES0	3484	meander	141217	A	T	core_destroyed	154
2026-08-13T02:25:52Z	LAUNCHRES0	3485	meander	141217	B	C	core_destroyed	296
2026-08-13T02:25:54Z	LAUNCHRES0	3486	nordkap	141217	A	T	core_destroyed	430
2026-08-13T02:25:56Z	LAUNCHRES0	3487	nordkap	141217	B	C	core_destroyed	159
2026-08-13T02:25:57Z	LAUNCHRES0	3488	antler	141218	A	T	core_destroyed	231
2026-08-13T02:25:59Z	LAUNCHRES0	3489	antler	141218	B	T	core_destroyed	160
2026-08-13T02:26:00Z	LAUNCHRES0	3490	atoll	141218	A	C	core_destroyed	154
2026-08-13T02:26:01Z	LAUNCHRES0	3491	atoll	141218	B	T	core_destroyed	210
2026-08-13T02:26:03Z	LAUNCHRES0	3492	drumlin	141218	A	T	tiebreak	202
2026-08-13T02:26:07Z	LAUNCHRES0	3493	drumlin	141218	B	C	core_destroyed	377
2026-08-13T02:26:09Z	LAUNCHRES0	3494	fjordgate	141218	A	T	core_destroyed	214
2026-08-13T02:26:09Z	LAUNCHRES0	3495	fjordgate	141218	B	C	core_destroyed	97
2026-08-13T02:26:12Z	LAUNCHRES0	3496	heart	141218	A	C	core_destroyed	212
2026-08-13T02:26:14Z	LAUNCHRES0	3497	heart	141218	B	C	core_destroyed	386
2026-08-13T02:26:18Z	LAUNCHRES0	3498	hive	141218	A	C	core_destroyed	210
2026-08-13T02:26:19Z	LAUNCHRES0	3499	hive	141218	B	T	core_destroyed	120
2026-08-13T02:26:22Z	LAUNCHRES0	3500	meander	141218	A	C	core_destroyed	795
2026-08-13T02:26:23Z	LAUNCHRES0	3501	meander	141218	B	T	core_destroyed	205
2026-08-13T02:26:25Z	LAUNCHRES0	3502	nordkap	141218	A	T	core_destroyed	490
2026-08-13T02:26:36Z	LAUNCHRES0	3503	nordkap	141218	B	C	tiebreak	1000
2026-08-13T02:26:37Z	LAUNCHRES0	3504	antler	141219	A	C	core_destroyed	253
2026-08-13T02:26:39Z	LAUNCHRES0	3505	antler	141219	B	C	core_destroyed	132
2026-08-13T02:26:40Z	LAUNCHRES0	3506	atoll	141219	A	T	core_destroyed	163
2026-08-13T02:26:44Z	LAUNCHRES0	3507	atoll	141219	B	T	core_destroyed	312
2026-08-13T02:26:47Z	LAUNCHRES0	3508	drumlin	141219	A	T	core_destroyed	237
2026-08-13T02:26:49Z	LAUNCHRES0	3509	drumlin	141219	B	T	core_destroyed	161
2026-08-13T02:26:50Z	LAUNCHRES0	3510	fjordgate	141219	A	C	core_destroyed	182
2026-08-13T02:26:52Z	LAUNCHRES0	3511	fjordgate	141219	B	T	core_destroyed	116
2026-08-13T02:26:53Z	LAUNCHRES0	3512	heart	141219	A	C	core_destroyed	554
2026-08-13T02:26:55Z	LAUNCHRES0	3513	heart	141219	B	T	core_destroyed	308
2026-08-13T02:26:59Z	LAUNCHRES0	3514	hive	141219	A	T	core_destroyed	245
2026-08-13T02:27:00Z	LAUNCHRES0	3515	hive	141219	B	T	core_destroyed	109
2026-08-13T02:27:02Z	LAUNCHRES0	3516	meander	141219	A	T	core_destroyed	199
2026-08-13T02:27:04Z	LAUNCHRES0	3517	meander	141219	B	T	core_destroyed	146
2026-08-13T02:27:05Z	LAUNCHRES0	3518	nordkap	141219	A	C	core_destroyed	92
2026-08-13T02:27:08Z	LAUNCHRES0	3519	nordkap	141219	B	C	core_destroyed	322
2026-08-13T02:27:09Z	LAUNCHRES0	3520	antler	141220	A	C	core_destroyed	186
2026-08-13T02:27:12Z	LAUNCHRES0	3521	antler	141220	B	T	core_destroyed	380
2026-08-13T02:27:14Z	LAUNCHRES0	3522	atoll	141220	A	C	core_destroyed	352
2026-08-13T02:27:16Z	LAUNCHRES0	3523	atoll	141220	B	C	core_destroyed	217
2026-08-13T02:27:18Z	LAUNCHRES0	3524	drumlin	141220	A	C	core_destroyed	179
2026-08-13T02:27:20Z	LAUNCHRES0	3525	drumlin	141220	B	C	core_destroyed	174
2026-08-13T02:27:21Z	LAUNCHRES0	3526	fjordgate	141220	A	C	core_destroyed	106
2026-08-13T02:27:22Z	LAUNCHRES0	3527	fjordgate	141220	B	C	core_destroyed	103
2026-08-13T02:27:32Z	LAUNCHRES0	3528	heart	141220	A	C	core_destroyed	738
2026-08-13T02:27:35Z	LAUNCHRES0	3529	heart	141220	B	C	core_destroyed	211
2026-08-13T02:27:40Z	LAUNCHRES0	3530	hive	141220	A	T	core_destroyed	270
2026-08-13T02:27:42Z	LAUNCHRES0	3531	hive	141220	B	C	core_destroyed	150
2026-08-13T02:27:44Z	LAUNCHRES0	3532	meander	141220	A	T	core_destroyed	323
2026-08-13T02:27:45Z	LAUNCHRES0	3533	meander	141220	B	C	core_destroyed	143
2026-08-13T02:27:47Z	LAUNCHRES0	3534	nordkap	141220	A	T	core_destroyed	191
2026-08-13T02:27:48Z	LAUNCHRES0	3535	nordkap	141220	B	T	core_destroyed	191
2026-08-13T02:27:49Z	LAUNCHRES0	3536	antler	141221	A	T	core_destroyed	158
2026-08-13T02:27:51Z	LAUNCHRES0	3537	antler	141221	B	T	core_destroyed	299
2026-08-13T02:27:52Z	LAUNCHRES0	3538	atoll	141221	A	C	core_destroyed	109
2026-08-13T02:27:54Z	LAUNCHRES0	3539	atoll	141221	B	C	core_destroyed	421
2026-08-13T02:27:56Z	LAUNCHRES0	3540	drumlin	141221	A	T	core_destroyed	160
2026-08-13T02:27:57Z	LAUNCHRES0	3541	drumlin	141221	B	C	core_destroyed	86
2026-08-13T02:27:58Z	LAUNCHRES0	3542	fjordgate	141221	A	T	core_destroyed	517
2026-08-13T02:28:00Z	LAUNCHRES0	3543	fjordgate	141221	B	C	core_destroyed	121
2026-08-13T02:28:07Z	LAUNCHRES0	3544	heart	141221	A	T	core_destroyed	493
2026-08-13T02:28:11Z	LAUNCHRES0	3545	heart	141221	B	C	core_destroyed	216
2026-08-13T02:28:15Z	LAUNCHRES0	3546	hive	141221	A	T	core_destroyed	275
2026-08-13T02:28:17Z	LAUNCHRES0	3547	hive	141221	B	C	core_destroyed	208
2026-08-13T02:28:18Z	LAUNCHRES0	3548	meander	141221	A	C	core_destroyed	183
2026-08-13T02:28:19Z	LAUNCHRES0	3549	meander	141221	B	T	core_destroyed	159
2026-08-13T02:28:23Z	LAUNCHRES0	3550	nordkap	141221	A	C	tiebreak	1000
2026-08-13T02:28:25Z	LAUNCHRES0	3551	nordkap	141221	B	C	core_destroyed	237
2026-08-13T02:28:27Z	LAUNCHRES0	3552	antler	141222	A	T	core_destroyed	372
2026-08-13T02:28:28Z	LAUNCHRES0	3553	antler	141222	B	T	core_destroyed	249
2026-08-13T02:28:30Z	LAUNCHRES0	3554	atoll	141222	A	T	core_destroyed	159
2026-08-13T02:28:35Z	LAUNCHRES0	3555	atoll	141222	B	C	core_destroyed	395
2026-08-13T02:28:39Z	LAUNCHRES0	3556	drumlin	141222	A	C	core_destroyed	290
2026-08-13T02:28:41Z	LAUNCHRES0	3557	drumlin	141222	B	C	core_destroyed	217
2026-08-13T02:28:42Z	LAUNCHRES0	3558	fjordgate	141222	A	T	core_destroyed	151
2026-08-13T02:28:43Z	LAUNCHRES0	3559	fjordgate	141222	B	T	core_destroyed	207
2026-08-13T02:28:48Z	LAUNCHRES0	3560	heart	141222	A	C	tiebreak	1000
2026-08-13T02:28:52Z	LAUNCHRES0	3561	heart	141222	B	C	core_destroyed	695
2026-08-13T02:28:55Z	LAUNCHRES0	3562	hive	141222	A	C	core_destroyed	310
2026-08-13T02:28:59Z	LAUNCHRES0	3563	hive	141222	B	T	core_destroyed	234
2026-08-13T02:29:01Z	LAUNCHRES0	3564	meander	141222	A	T	core_destroyed	305
2026-08-13T02:29:05Z	LAUNCHRES0	3565	meander	141222	B	C	tiebreak	1000
2026-08-13T02:29:07Z	LAUNCHRES0	3566	nordkap	141222	A	C	core_destroyed	249
2026-08-13T02:29:09Z	LAUNCHRES0	3567	nordkap	141222	B	C	core_destroyed	154
2026-08-13T02:29:12Z	LAUNCHRES0	3568	antler	141223	A	C	core_destroyed	220
2026-08-13T02:29:13Z	LAUNCHRES0	3569	antler	141223	B	T	core_destroyed	206
2026-08-13T02:29:15Z	LAUNCHRES0	3570	atoll	141223	A	T	core_destroyed	404
2026-08-13T02:29:18Z	LAUNCHRES0	3571	atoll	141223	B	C	core_destroyed	215
2026-08-13T02:29:21Z	LAUNCHRES0	3572	drumlin	141223	A	T	core_destroyed	265
2026-08-13T02:29:27Z	LAUNCHRES0	3573	drumlin	141223	B	C	core_destroyed	401
2026-08-13T02:29:28Z	LAUNCHRES0	3574	fjordgate	141223	A	T	core_destroyed	161
2026-08-13T02:29:29Z	LAUNCHRES0	3575	fjordgate	141223	B	T	core_destroyed	128
2026-08-13T02:29:34Z	LAUNCHRES0	3576	heart	141223	A	T	core_destroyed	509
2026-08-13T02:29:42Z	LAUNCHRES0	3577	heart	141223	B	C	core_destroyed	803
2026-08-13T02:29:44Z	LAUNCHRES0	3578	hive	141223	A	C	core_destroyed	162
2026-08-13T02:29:47Z	LAUNCHRES0	3579	hive	141223	B	C	core_destroyed	277
2026-08-13T02:29:48Z	LAUNCHRES0	3580	meander	141223	A	C	core_destroyed	174
2026-08-13T02:29:50Z	LAUNCHRES0	3581	meander	141223	B	C	core_destroyed	183
2026-08-13T02:29:52Z	LAUNCHRES0	3582	nordkap	141223	A	T	core_destroyed	200
2026-08-13T02:29:55Z	LAUNCHRES0	3583	nordkap	141223	B	C	core_destroyed	307
2026-08-13T02:29:56Z	LAUNCHRES0	3584	antler	141224	A	T	core_destroyed	190
2026-08-13T02:29:58Z	LAUNCHRES0	3585	antler	141224	B	T	core_destroyed	171
2026-08-13T02:29:59Z	LAUNCHRES0	3586	atoll	141224	A	T	core_destroyed	506
2026-08-13T02:30:02Z	LAUNCHRES0	3587	atoll	141224	B	T	core_destroyed	622
2026-08-13T02:30:08Z	LAUNCHRES0	3588	drumlin	141224	A	T	core_destroyed	387
2026-08-13T02:30:11Z	LAUNCHRES0	3589	drumlin	141224	B	C	core_destroyed	256
2026-08-13T02:30:12Z	LAUNCHRES0	3590	fjordgate	141224	A	T	core_destroyed	213
2026-08-13T02:30:14Z	LAUNCHRES0	3591	fjordgate	141224	B	T	core_destroyed	253
2026-08-13T02:30:18Z	LAUNCHRES0	3592	heart	141224	A	T	core_destroyed	325
2026-08-13T02:30:20Z	LAUNCHRES0	3593	heart	141224	B	T	core_destroyed	151
2026-08-13T02:30:24Z	LAUNCHRES0	3594	hive	141224	A	T	core_destroyed	201
2026-08-13T02:30:27Z	LAUNCHRES0	3595	hive	141224	B	C	core_destroyed	220
2026-08-13T02:30:28Z	LAUNCHRES0	3596	meander	141224	A	T	core_destroyed	170
2026-08-13T02:30:30Z	LAUNCHRES0	3597	meander	141224	B	C	core_destroyed	162
2026-08-13T02:30:31Z	LAUNCHRES0	3598	nordkap	141224	A	T	core_destroyed	117
2026-08-13T02:30:36Z	LAUNCHRES0	3599	nordkap	141224	B	C	core_destroyed	880
2026-08-13T02:30:37Z	LAUNCHRES0	3600	antler	141225	A	C	tiebreak	156
2026-08-13T02:30:39Z	LAUNCHRES0	3601	antler	141225	B	C	core_destroyed	175
2026-08-13T02:30:42Z	LAUNCHRES0	3602	atoll	141225	A	T	core_destroyed	627
2026-08-13T02:30:45Z	LAUNCHRES0	3603	atoll	141225	B	C	core_destroyed	341
2026-08-13T02:30:47Z	LAUNCHRES0	3604	drumlin	141225	A	C	core_destroyed	193
2026-08-13T02:30:49Z	LAUNCHRES0	3605	drumlin	141225	B	C	core_destroyed	169
2026-08-13T02:30:50Z	LAUNCHRES0	3606	fjordgate	141225	A	C	core_destroyed	147
2026-08-13T02:30:51Z	LAUNCHRES0	3607	fjordgate	141225	B	C	core_destroyed	153
2026-08-13T02:30:53Z	LAUNCHRES0	3608	heart	141225	A	C	core_destroyed	141
2026-08-13T02:31:04Z	LAUNCHRES0	3609	heart	141225	B	C	core_destroyed	470
2026-08-13T02:31:07Z	LAUNCHRES0	3610	hive	141225	A	T	core_destroyed	221
2026-08-13T02:31:10Z	LAUNCHRES0	3611	hive	141225	B	C	core_destroyed	198
2026-08-13T02:31:14Z	LAUNCHRES0	3612	meander	141225	A	T	tiebreak	1000
2026-08-13T02:31:16Z	LAUNCHRES0	3613	meander	141225	B	T	core_destroyed	230
2026-08-13T02:31:18Z	LAUNCHRES0	3614	nordkap	141225	A	C	core_destroyed	160
2026-08-13T02:31:21Z	LAUNCHRES0	3615	nordkap	141225	B	C	core_destroyed	272
2026-08-13T02:31:23Z	LAUNCHRES0	3616	antler	141226	A	C	core_destroyed	268
2026-08-13T02:31:24Z	LAUNCHRES0	3617	antler	141226	B	C	core_destroyed	525
2026-08-13T02:31:26Z	LAUNCHRES0	3618	atoll	141226	A	T	core_destroyed	230
2026-08-13T02:31:28Z	LAUNCHRES0	3619	atoll	141226	B	C	core_destroyed	221
2026-08-13T02:31:31Z	LAUNCHRES0	3620	drumlin	141226	A	C	core_destroyed	272
2026-08-13T02:31:33Z	LAUNCHRES0	3621	drumlin	141226	B	T	core_destroyed	86
2026-08-13T02:31:34Z	LAUNCHRES0	3622	fjordgate	141226	A	T	core_destroyed	314
2026-08-13T02:31:36Z	LAUNCHRES0	3623	fjordgate	141226	B	T	core_destroyed	356
2026-08-13T02:31:41Z	LAUNCHRES0	3624	heart	141226	A	T	tiebreak	1000
2026-08-13T02:31:49Z	LAUNCHRES0	3625	heart	141226	B	C	core_destroyed	865
2026-08-13T02:31:54Z	LAUNCHRES0	3626	hive	141226	A	C	core_destroyed	387
2026-08-13T02:31:56Z	LAUNCHRES0	3627	hive	141226	B	T	core_destroyed	145
2026-08-13T02:31:59Z	LAUNCHRES0	3628	meander	141226	A	T	core_destroyed	419
2026-08-13T02:32:01Z	LAUNCHRES0	3629	meander	141226	B	C	core_destroyed	224
2026-08-13T02:32:02Z	LAUNCHRES0	3630	nordkap	141226	A	T	core_destroyed	198
2026-08-13T02:32:04Z	LAUNCHRES0	3631	nordkap	141226	B	T	core_destroyed	417
2026-08-13T02:32:05Z	LAUNCHRES0	3632	antler	141227	A	C	core_destroyed	232
2026-08-13T02:32:08Z	LAUNCHRES0	3633	antler	141227	B	C	core_destroyed	333
2026-08-13T02:32:09Z	LAUNCHRES0	3634	atoll	141227	A	T	core_destroyed	495
2026-08-13T02:32:10Z	LAUNCHRES0	3635	atoll	141227	B	T	core_destroyed	117
2026-08-13T02:32:12Z	LAUNCHRES0	3636	drumlin	141227	A	C	core_destroyed	148
2026-08-13T02:32:14Z	LAUNCHRES0	3637	drumlin	141227	B	C	core_destroyed	220
2026-08-13T02:32:17Z	LAUNCHRES0	3638	fjordgate	141227	A	C	core_destroyed	418
2026-08-13T02:32:18Z	LAUNCHRES0	3639	fjordgate	141227	B	C	core_destroyed	222
2026-08-13T02:32:24Z	LAUNCHRES0	3640	heart	141227	A	C	core_destroyed	620
2026-08-13T02:32:44Z	LAUNCHRES0	3641	heart	141227	B	C	tiebreak	1000
2026-08-13T02:32:49Z	LAUNCHRES0	3642	hive	141227	A	C	core_destroyed	407
2026-08-13T02:32:51Z	LAUNCHRES0	3643	hive	141227	B	T	core_destroyed	129
2026-08-13T02:32:52Z	LAUNCHRES0	3644	meander	141227	A	C	core_destroyed	196
2026-08-13T02:32:54Z	LAUNCHRES0	3645	meander	141227	B	C	core_destroyed	92
2026-08-13T02:32:55Z	LAUNCHRES0	3646	nordkap	141227	A	C	core_destroyed	292
2026-08-13T02:32:57Z	LAUNCHRES0	3647	nordkap	141227	B	C	core_destroyed	493
2026-08-13T02:33:00Z	LAUNCHRES0	3648	antler	141228	A	C	core_destroyed	220
2026-08-13T02:33:02Z	LAUNCHRES0	3649	antler	141228	B	T	core_destroyed	298
2026-08-13T02:33:05Z	LAUNCHRES0	3650	atoll	141228	A	C	core_destroyed	346
2026-08-13T02:33:06Z	LAUNCHRES0	3651	atoll	141228	B	T	core_destroyed	135
2026-08-13T02:33:08Z	LAUNCHRES0	3652	drumlin	141228	A	C	core_destroyed	110
2026-08-13T02:33:09Z	LAUNCHRES0	3653	drumlin	141228	B	T	core_destroyed	174
2026-08-13T02:33:11Z	LAUNCHRES0	3654	fjordgate	141228	A	C	core_destroyed	290
2026-08-13T02:33:12Z	LAUNCHRES0	3655	fjordgate	141228	B	C	core_destroyed	212
2026-08-13T02:33:17Z	LAUNCHRES0	3656	heart	141228	A	C	core_destroyed	378
2026-08-13T02:33:22Z	LAUNCHRES0	3657	heart	141228	B	C	tiebreak	1000
2026-08-13T02:33:26Z	LAUNCHRES0	3658	hive	141228	A	T	core_destroyed	242
2026-08-13T02:33:32Z	LAUNCHRES0	3659	hive	141228	B	C	core_destroyed	371
2026-08-13T02:33:33Z	LAUNCHRES0	3660	meander	141228	A	T	core_destroyed	162
2026-08-13T02:33:35Z	LAUNCHRES0	3661	meander	141228	B	T	core_destroyed	325
2026-08-13T02:33:36Z	LAUNCHRES0	3662	nordkap	141228	A	T	core_destroyed	119
2026-08-13T02:33:38Z	LAUNCHRES0	3663	nordkap	141228	B	T	core_destroyed	204
2026-08-13T02:33:40Z	LAUNCHRES0	3664	antler	141229	A	C	core_destroyed	476
2026-08-13T02:33:42Z	LAUNCHRES0	3665	antler	141229	B	C	core_destroyed	237
2026-08-13T02:33:44Z	LAUNCHRES0	3666	atoll	141229	A	C	core_destroyed	194
2026-08-13T02:33:48Z	LAUNCHRES0	3667	atoll	141229	B	C	core_destroyed	541
2026-08-13T02:33:57Z	LAUNCHRES0	3668	drumlin	141229	A	C	core_destroyed	521
2026-08-13T02:34:01Z	LAUNCHRES0	3669	drumlin	141229	B	C	core_destroyed	455
2026-08-13T02:34:02Z	LAUNCHRES0	3670	fjordgate	141229	A	C	core_destroyed	417
2026-08-13T02:34:03Z	LAUNCHRES0	3671	fjordgate	141229	B	C	core_destroyed	141
2026-08-13T02:34:05Z	LAUNCHRES0	3672	heart	141229	A	T	core_destroyed	129
2026-08-13T02:34:08Z	LAUNCHRES0	3673	heart	141229	B	C	core_destroyed	317
2026-08-13T02:34:10Z	LAUNCHRES0	3674	hive	141229	A	T	core_destroyed	150
2026-08-13T02:34:14Z	LAUNCHRES0	3675	hive	141229	B	T	core_destroyed	275
2026-08-13T02:34:16Z	LAUNCHRES0	3676	meander	141229	A	C	core_destroyed	259
2026-08-13T02:34:17Z	LAUNCHRES0	3677	meander	141229	B	T	core_destroyed	201
2026-08-13T02:34:18Z	LAUNCHRES0	3678	nordkap	141229	A	C	core_destroyed	181
2026-08-13T02:34:20Z	LAUNCHRES0	3679	nordkap	141229	B	C	core_destroyed	168
2026-08-13T02:34:22Z	LAUNCHRES0	3680	antler	141230	A	T	core_destroyed	166
2026-08-13T02:34:25Z	LAUNCHRES0	3681	antler	141230	B	C	tiebreak	1000
2026-08-13T02:34:26Z	LAUNCHRES0	3682	atoll	141230	A	C	core_destroyed	352
2026-08-13T02:34:28Z	LAUNCHRES0	3683	atoll	141230	B	C	core_destroyed	483
2026-08-13T02:34:33Z	LAUNCHRES0	3684	drumlin	141230	A	C	core_destroyed	409
2026-08-13T02:34:35Z	LAUNCHRES0	3685	drumlin	141230	B	C	core_destroyed	136
2026-08-13T02:34:37Z	LAUNCHRES0	3686	fjordgate	141230	A	T	core_destroyed	418
2026-08-13T02:34:38Z	LAUNCHRES0	3687	fjordgate	141230	B	C	core_destroyed	189
2026-08-13T02:34:40Z	LAUNCHRES0	3688	heart	141230	A	T	core_destroyed	148
2026-08-13T02:34:44Z	LAUNCHRES0	3689	heart	141230	B	C	tiebreak	1000
2026-08-13T02:34:46Z	LAUNCHRES0	3690	hive	141230	A	T	core_destroyed	190
2026-08-13T02:34:47Z	LAUNCHRES0	3691	hive	141230	B	T	core_destroyed	110
2026-08-13T02:34:49Z	LAUNCHRES0	3692	meander	141230	A	T	core_destroyed	368
2026-08-13T02:34:52Z	LAUNCHRES0	3693	meander	141230	B	C	core_destroyed	255
2026-08-13T02:34:54Z	LAUNCHRES0	3694	nordkap	141230	A	T	core_destroyed	180
2026-08-13T02:34:55Z	LAUNCHRES0	3695	nordkap	141230	B	C	core_destroyed	171
2026-08-13T02:34:57Z	LAUNCHRES0	3696	antler	141231	A	C	core_destroyed	289
2026-08-13T02:34:58Z	LAUNCHRES0	3697	antler	141231	B	T	core_destroyed	121
2026-08-13T02:35:05Z	LAUNCHRES0	3698	atoll	141231	A	T	core_destroyed	819
2026-08-13T02:35:06Z	LAUNCHRES0	3699	atoll	141231	B	T	core_destroyed	164
2026-08-13T02:35:12Z	LAUNCHRES0	3700	drumlin	141231	A	T	core_destroyed	416
2026-08-13T02:35:16Z	LAUNCHRES0	3701	drumlin	141231	B	C	core_destroyed	344
2026-08-13T02:35:18Z	LAUNCHRES0	3702	fjordgate	141231	A	C	core_destroyed	193
2026-08-13T02:35:19Z	LAUNCHRES0	3703	fjordgate	141231	B	T	core_destroyed	140
2026-08-13T02:35:23Z	LAUNCHRES0	3704	heart	141231	A	C	core_destroyed	284
2026-08-13T02:35:27Z	LAUNCHRES0	3705	heart	141231	B	C	core_destroyed	221
2026-08-13T02:35:36Z	LAUNCHRES0	3706	hive	141231	A	C	core_destroyed	437
2026-08-13T02:35:38Z	LAUNCHRES0	3707	hive	141231	B	T	core_destroyed	102
2026-08-13T02:35:40Z	LAUNCHRES0	3708	meander	141231	A	T	core_destroyed	220
2026-08-13T02:35:41Z	LAUNCHRES0	3709	meander	141231	B	T	core_destroyed	175
2026-08-13T02:35:44Z	LAUNCHRES0	3710	nordkap	141231	A	C	tiebreak	1000
2026-08-13T02:35:45Z	LAUNCHRES0	3711	nordkap	141231	B	T	core_destroyed	262
2026-08-13T02:35:47Z	LAUNCHRES0	3712	antler	141232	A	T	core_destroyed	179
2026-08-13T02:35:49Z	LAUNCHRES0	3713	antler	141232	B	T	core_destroyed	465
2026-08-13T02:35:51Z	LAUNCHRES0	3714	atoll	141232	A	T	core_destroyed	285
2026-08-13T02:35:52Z	LAUNCHRES0	3715	atoll	141232	B	C	core_destroyed	166
2026-08-13T02:35:53Z	LAUNCHRES0	3716	drumlin	141232	A	C	core_destroyed	104
2026-08-13T02:35:57Z	LAUNCHRES0	3717	drumlin	141232	B	C	core_destroyed	354
2026-08-13T02:35:58Z	LAUNCHRES0	3718	fjordgate	141232	A	T	core_destroyed	104
2026-08-13T02:35:59Z	LAUNCHRES0	3719	fjordgate	141232	B	T	core_destroyed	111
2026-08-13T02:36:02Z	LAUNCHRES0	3720	heart	141232	A	T	core_destroyed	299
2026-08-13T02:36:04Z	LAUNCHRES0	3721	heart	141232	B	C	core_destroyed	144
2026-08-13T02:36:07Z	LAUNCHRES0	3722	hive	141232	A	C	core_destroyed	175
2026-08-13T02:36:08Z	LAUNCHRES0	3723	hive	141232	B	C	core_destroyed	98
2026-08-13T02:36:10Z	LAUNCHRES0	3724	meander	141232	A	C	core_destroyed	156
2026-08-13T02:36:12Z	LAUNCHRES0	3725	meander	141232	B	T	core_destroyed	328
2026-08-13T02:36:14Z	LAUNCHRES0	3726	nordkap	141232	A	T	core_destroyed	210
2026-08-13T02:36:16Z	LAUNCHRES0	3727	nordkap	141232	B	C	core_destroyed	368
2026-08-13T02:36:18Z	LAUNCHRES0	3728	antler	141233	A	C	core_destroyed	178
2026-08-13T02:36:20Z	LAUNCHRES0	3729	antler	141233	B	T	tiebreak	1000
2026-08-13T02:36:21Z	LAUNCHRES0	3730	atoll	141233	A	T	core_destroyed	244
2026-08-13T02:36:23Z	LAUNCHRES0	3731	atoll	141233	B	T	core_destroyed	106
2026-08-13T02:36:27Z	LAUNCHRES0	3732	drumlin	141233	A	T	core_destroyed	252
2026-08-13T02:36:31Z	LAUNCHRES0	3733	drumlin	141233	B	T	core_destroyed	259
2026-08-13T02:36:32Z	LAUNCHRES0	3734	fjordgate	141233	A	C	core_destroyed	150
2026-08-13T02:36:33Z	LAUNCHRES0	3735	fjordgate	141233	B	T	core_destroyed	265
2026-08-13T02:36:39Z	LAUNCHRES0	3736	heart	141233	A	T	tiebreak	1000
2026-08-13T02:36:42Z	LAUNCHRES0	3737	heart	141233	B	C	core_destroyed	303
2026-08-13T02:36:45Z	LAUNCHRES0	3738	hive	141233	A	C	core_destroyed	225
2026-08-13T02:36:47Z	LAUNCHRES0	3739	hive	141233	B	C	core_destroyed	157
2026-08-13T02:36:49Z	LAUNCHRES0	3740	meander	141233	A	C	core_destroyed	110
2026-08-13T02:36:50Z	LAUNCHRES0	3741	meander	141233	B	T	core_destroyed	132
2026-08-13T02:36:52Z	LAUNCHRES0	3742	nordkap	141233	A	T	core_destroyed	182
2026-08-13T02:36:55Z	LAUNCHRES0	3743	nordkap	141233	B	C	core_destroyed	289
2026-08-13T02:36:57Z	LAUNCHRES0	3744	antler	141234	A	T	core_destroyed	315
2026-08-13T02:36:58Z	LAUNCHRES0	3745	antler	141234	B	T	core_destroyed	122
2026-08-13T02:36:59Z	LAUNCHRES0	3746	atoll	141234	A	C	core_destroyed	121
2026-08-13T02:37:01Z	LAUNCHRES0	3747	atoll	141234	B	T	core_destroyed	271
2026-08-13T02:37:06Z	LAUNCHRES0	3748	drumlin	141234	A	T	core_destroyed	410
2026-08-13T02:37:12Z	LAUNCHRES0	3749	drumlin	141234	B	T	core_destroyed	397
2026-08-13T02:37:13Z	LAUNCHRES0	3750	fjordgate	141234	A	T	core_destroyed	212
2026-08-13T02:37:14Z	LAUNCHRES0	3751	fjordgate	141234	B	C	core_destroyed	74
2026-08-13T02:37:16Z	LAUNCHRES0	3752	heart	141234	A	T	core_destroyed	160
2026-08-13T02:37:19Z	LAUNCHRES0	3753	heart	141234	B	T	core_destroyed	161
2026-08-13T02:37:27Z	LAUNCHRES0	3754	hive	141234	A	C	core_destroyed	728
2026-08-13T02:37:32Z	LAUNCHRES0	3755	hive	141234	B	T	core_destroyed	283
2026-08-13T02:37:33Z	LAUNCHRES0	3756	meander	141234	A	C	core_destroyed	234
2026-08-13T02:37:36Z	LAUNCHRES0	3757	meander	141234	B	C	tiebreak	1000
2026-08-13T02:37:38Z	LAUNCHRES0	3758	nordkap	141234	A	C	core_destroyed	198
2026-08-13T02:37:40Z	LAUNCHRES0	3759	nordkap	141234	B	C	core_destroyed	241
2026-08-13T02:37:44Z	LAUNCHRES0	3760	antler	141235	A	C	tiebreak	1000
2026-08-13T02:37:45Z	LAUNCHRES0	3761	antler	141235	B	C	core_destroyed	195
2026-08-13T02:37:46Z	LAUNCHRES0	3762	atoll	141235	A	C	core_destroyed	72
2026-08-13T02:37:48Z	LAUNCHRES0	3763	atoll	141235	B	T	core_destroyed	122
2026-08-13T02:37:50Z	LAUNCHRES0	3764	drumlin	141235	A	C	core_destroyed	144
2026-08-13T02:37:54Z	LAUNCHRES0	3765	drumlin	141235	B	T	core_destroyed	369
2026-08-13T02:37:55Z	LAUNCHRES0	3766	fjordgate	141235	A	T	core_destroyed	258
2026-08-13T02:37:56Z	LAUNCHRES0	3767	fjordgate	141235	B	C	core_destroyed	138
2026-08-13T02:37:58Z	LAUNCHRES0	3768	heart	141235	A	T	core_destroyed	141
2026-08-13T02:38:02Z	LAUNCHRES0	3769	heart	141235	B	C	core_destroyed	308
2026-08-13T02:38:06Z	LAUNCHRES0	3770	hive	141235	A	T	core_destroyed	270
2026-08-13T02:38:08Z	LAUNCHRES0	3771	hive	141235	B	T	core_destroyed	207
2026-08-13T02:38:11Z	LAUNCHRES0	3772	meander	141235	A	C	core_destroyed	319
2026-08-13T02:38:13Z	LAUNCHRES0	3773	meander	141235	B	C	core_destroyed	164
2026-08-13T02:38:14Z	LAUNCHRES0	3774	nordkap	141235	A	T	core_destroyed	128
2026-08-13T02:38:20Z	LAUNCHRES0	3775	nordkap	141235	B	T	core_destroyed	491
2026-08-13T02:38:21Z	LAUNCHRES0	3776	antler	141236	A	T	core_destroyed	111
2026-08-13T02:38:22Z	LAUNCHRES0	3777	antler	141236	B	C	core_destroyed	121
2026-08-13T02:38:25Z	LAUNCHRES0	3778	atoll	141236	A	T	core_destroyed	215
2026-08-13T02:38:26Z	LAUNCHRES0	3779	atoll	141236	B	T	core_destroyed	140
2026-08-13T02:38:37Z	LAUNCHRES0	3780	drumlin	141236	A	C	core_destroyed	735
2026-08-13T02:38:39Z	LAUNCHRES0	3781	drumlin	141236	B	C	core_destroyed	168
2026-08-13T02:38:40Z	LAUNCHRES0	3782	fjordgate	141236	A	C	core_destroyed	162
2026-08-13T02:38:41Z	LAUNCHRES0	3783	fjordgate	141236	B	C	core_destroyed	481
2026-08-13T02:38:48Z	LAUNCHRES0	3784	heart	141236	A	T	tiebreak	1000
2026-08-13T02:38:51Z	LAUNCHRES0	3785	heart	141236	B	C	core_destroyed	333
2026-08-13T02:38:52Z	LAUNCHRES0	3786	hive	141236	A	C	core_destroyed	106
2026-08-13T02:38:54Z	LAUNCHRES0	3787	hive	141236	B	T	core_destroyed	179
2026-08-13T02:38:56Z	LAUNCHRES0	3788	meander	141236	A	C	core_destroyed	124
2026-08-13T02:38:57Z	LAUNCHRES0	3789	meander	141236	B	T	core_destroyed	186
2026-08-13T02:39:01Z	LAUNCHRES0	3790	nordkap	141236	A	C	core_destroyed	381
2026-08-13T02:39:04Z	LAUNCHRES0	3791	nordkap	141236	B	T	core_destroyed	370
2026-08-13T02:39:05Z	LAUNCHRES0	3792	antler	141237	A	T	core_destroyed	333
2026-08-13T02:39:07Z	LAUNCHRES0	3793	antler	141237	B	T	core_destroyed	123
2026-08-13T02:39:09Z	LAUNCHRES0	3794	atoll	141237	A	T	core_destroyed	397
2026-08-13T02:39:13Z	LAUNCHRES0	3795	atoll	141237	B	T	core_destroyed	289
2026-08-13T02:39:14Z	LAUNCHRES0	3796	drumlin	141237	A	C	core_destroyed	108
2026-08-13T02:39:17Z	LAUNCHRES0	3797	drumlin	141237	B	T	core_destroyed	286
2026-08-13T02:39:18Z	LAUNCHRES0	3798	fjordgate	141237	A	C	core_destroyed	132
2026-08-13T02:39:20Z	LAUNCHRES0	3799	fjordgate	141237	B	T	core_destroyed	396
2026-08-13T02:39:22Z	LAUNCHRES0	3800	heart	141237	A	T	core_destroyed	694
2026-08-13T02:39:26Z	LAUNCHRES0	3801	heart	141237	B	C	core_destroyed	198
2026-08-13T02:39:29Z	LAUNCHRES0	3802	hive	141237	A	C	core_destroyed	187
2026-08-13T02:39:34Z	LAUNCHRES0	3803	hive	141237	B	T	core_destroyed	350
2026-08-13T02:39:35Z	LAUNCHRES0	3804	meander	141237	A	C	core_destroyed	154
2026-08-13T02:39:37Z	LAUNCHRES0	3805	meander	141237	B	C	core_destroyed	197
2026-08-13T02:39:40Z	LAUNCHRES0	3806	nordkap	141237	A	C	core_destroyed	342
2026-08-13T02:39:41Z	LAUNCHRES0	3807	nordkap	141237	B	C	core_destroyed	81
2026-08-13T02:39:42Z	LAUNCHRES0	3808	antler	141238	A	C	core_destroyed	175
2026-08-13T02:39:44Z	LAUNCHRES0	3809	antler	141238	B	T	core_destroyed	282
2026-08-13T02:39:46Z	LAUNCHRES0	3810	atoll	141238	A	T	core_destroyed	257
2026-08-13T02:39:47Z	LAUNCHRES0	3811	atoll	141238	B	C	core_destroyed	303
2026-08-13T02:40:00Z	LAUNCHRES0	3812	drumlin	141238	A	T	tiebreak	1000
2026-08-13T02:40:01Z	LAUNCHRES0	3813	drumlin	141238	B	C	core_destroyed	117
2026-08-13T02:40:03Z	LAUNCHRES0	3814	fjordgate	141238	A	C	core_destroyed	218
2026-08-13T02:40:05Z	LAUNCHRES0	3815	fjordgate	141238	B	C	core_destroyed	668
2026-08-13T02:40:07Z	LAUNCHRES0	3816	heart	141238	A	T	core_destroyed	216
2026-08-13T02:40:14Z	LAUNCHRES0	3817	heart	141238	B	T	core_destroyed	319
2026-08-13T02:40:15Z	LAUNCHRES0	3818	hive	141238	A	C	core_destroyed	107
2026-08-13T02:40:17Z	LAUNCHRES0	3819	hive	141238	B	C	core_destroyed	127
2026-08-13T02:40:19Z	LAUNCHRES0	3820	meander	141238	A	C	core_destroyed	272
2026-08-13T02:40:21Z	LAUNCHRES0	3821	meander	141238	B	C	core_destroyed	451
2026-08-13T02:40:23Z	LAUNCHRES0	3822	nordkap	141238	A	C	core_destroyed	176
2026-08-13T02:40:25Z	LAUNCHRES0	3823	nordkap	141238	B	C	core_destroyed	212
2026-08-13T02:40:26Z	LAUNCHRES0	3824	antler	141239	A	T	core_destroyed	211
2026-08-13T02:40:29Z	LAUNCHRES0	3825	antler	141239	B	C	core_destroyed	411
2026-08-13T02:40:31Z	LAUNCHRES0	3826	atoll	141239	A	T	tiebreak	1000
2026-08-13T02:40:32Z	LAUNCHRES0	3827	atoll	141239	B	T	core_destroyed	129
2026-08-13T02:40:37Z	LAUNCHRES0	3828	drumlin	141239	A	C	core_destroyed	274
2026-08-13T02:40:39Z	LAUNCHRES0	3829	drumlin	141239	B	C	core_destroyed	295
2026-08-13T02:40:40Z	LAUNCHRES0	3830	fjordgate	141239	A	C	core_destroyed	179
2026-08-13T02:40:42Z	LAUNCHRES0	3831	fjordgate	141239	B	T	core_destroyed	174
2026-08-13T02:40:49Z	LAUNCHRES0	3832	heart	141239	A	T	core_destroyed	504
2026-08-13T02:40:58Z	LAUNCHRES0	3833	heart	141239	B	C	tiebreak	1000
2026-08-13T02:40:59Z	LAUNCHRES0	3834	hive	141239	A	T	core_destroyed	112
2026-08-13T02:41:06Z	LAUNCHRES0	3835	hive	141239	B	C	core_destroyed	513
2026-08-13T02:41:08Z	LAUNCHRES0	3836	meander	141239	A	T	core_destroyed	204
2026-08-13T02:41:10Z	LAUNCHRES0	3837	meander	141239	B	T	core_destroyed	256
2026-08-13T02:41:11Z	LAUNCHRES0	3838	nordkap	141239	A	C	core_destroyed	229
2026-08-13T02:41:12Z	LAUNCHRES0	3839	nordkap	141239	B	T	core_destroyed	198
2026-08-13T02:41:13Z	LAUNCHRES0	3840	antler	141240	A	T	core_destroyed	153
2026-08-13T02:41:15Z	LAUNCHRES0	3841	antler	141240	B	C	core_destroyed	188
2026-08-13T02:41:21Z	LAUNCHRES0	3842	atoll	141240	A	T	core_destroyed	723
2026-08-13T02:41:23Z	LAUNCHRES0	3843	atoll	141240	B	C	core_destroyed	330
2026-08-13T02:41:25Z	LAUNCHRES0	3844	drumlin	141240	A	T	core_destroyed	142
2026-08-13T02:41:29Z	LAUNCHRES0	3845	drumlin	141240	B	C	core_destroyed	305
2026-08-13T02:41:30Z	LAUNCHRES0	3846	fjordgate	141240	A	T	core_destroyed	192
2026-08-13T02:41:33Z	LAUNCHRES0	3847	fjordgate	141240	B	T	tiebreak	1000
2026-08-13T02:41:35Z	LAUNCHRES0	3848	heart	141240	A	T	tiebreak	1000
2026-08-13T02:41:42Z	LAUNCHRES0	3849	heart	141240	B	C	core_destroyed	631
2026-08-13T02:41:44Z	LAUNCHRES0	3850	hive	141240	A	C	core_destroyed	154
2026-08-13T02:41:47Z	LAUNCHRES0	3851	hive	141240	B	C	core_destroyed	269
2026-08-13T02:41:48Z	LAUNCHRES0	3852	meander	141240	A	C	core_destroyed	320
2026-08-13T02:41:49Z	LAUNCHRES0	3853	meander	141240	B	C	core_destroyed	176
2026-08-13T02:41:51Z	LAUNCHRES0	3854	nordkap	141240	A	T	core_destroyed	467
2026-08-13T02:41:53Z	LAUNCHRES0	3855	nordkap	141240	B	C	core_destroyed	174
2026-08-13T02:41:56Z	LAUNCHRES0	3856	antler	141241	A	T	core_destroyed	314
2026-08-13T02:41:57Z	LAUNCHRES0	3857	antler	141241	B	C	core_destroyed	153
2026-08-13T02:42:01Z	LAUNCHRES0	3858	atoll	141241	A	C	core_destroyed	422
2026-08-13T02:42:04Z	LAUNCHRES0	3859	atoll	141241	B	T	core_destroyed	394
2026-08-13T02:42:05Z	LAUNCHRES0	3860	drumlin	141241	A	C	core_destroyed	131
2026-08-13T02:42:07Z	LAUNCHRES0	3861	drumlin	141241	B	C	core_destroyed	169
2026-08-13T02:42:09Z	LAUNCHRES0	3862	fjordgate	141241	A	T	core_destroyed	149
2026-08-13T02:42:10Z	LAUNCHRES0	3863	fjordgate	141241	B	T	core_destroyed	94
2026-08-13T02:42:11Z	LAUNCHRES0	3864	heart	141241	A	T	core_destroyed	118
2026-08-13T02:42:21Z	LAUNCHRES0	3865	heart	141241	B	T	core_destroyed	572
2026-08-13T02:42:23Z	LAUNCHRES0	3866	hive	141241	A	C	core_destroyed	112
2026-08-13T02:42:25Z	LAUNCHRES0	3867	hive	141241	B	T	core_destroyed	166
2026-08-13T02:42:27Z	LAUNCHRES0	3868	meander	141241	A	C	core_destroyed	174
2026-08-13T02:42:28Z	LAUNCHRES0	3869	meander	141241	B	T	core_destroyed	178
2026-08-13T02:42:29Z	LAUNCHRES0	3870	nordkap	141241	A	T	core_destroyed	102
2026-08-13T02:42:32Z	LAUNCHRES0	3871	nordkap	141241	B	T	core_destroyed	539
2026-08-13T02:42:33Z	LAUNCHRES0	3872	antler	141242	A	T	core_destroyed	490
2026-08-13T02:42:35Z	LAUNCHRES0	3873	antler	141242	B	C	core_destroyed	154
2026-08-13T02:42:38Z	LAUNCHRES0	3874	atoll	141242	A	C	core_destroyed	337
2026-08-13T02:42:40Z	LAUNCHRES0	3875	atoll	141242	B	C	core_destroyed	246
2026-08-13T02:42:46Z	LAUNCHRES0	3876	drumlin	141242	A	C	core_destroyed	456
2026-08-13T02:42:48Z	LAUNCHRES0	3877	drumlin	141242	B	C	core_destroyed	159
2026-08-13T02:42:49Z	LAUNCHRES0	3878	fjordgate	141242	A	C	core_destroyed	335
2026-08-13T02:42:51Z	LAUNCHRES0	3879	fjordgate	141242	B	C	core_destroyed	216
2026-08-13T02:42:53Z	LAUNCHRES0	3880	heart	141242	A	T	core_destroyed	162
2026-08-13T02:42:55Z	LAUNCHRES0	3881	heart	141242	B	C	core_destroyed	148
2026-08-13T02:42:56Z	LAUNCHRES0	3882	hive	141242	A	T	core_destroyed	131
2026-08-13T02:43:00Z	LAUNCHRES0	3883	hive	141242	B	T	core_destroyed	229
2026-08-13T02:43:03Z	LAUNCHRES0	3884	meander	141242	A	T	tiebreak	1000
2026-08-13T02:43:05Z	LAUNCHRES0	3885	meander	141242	B	T	core_destroyed	224
2026-08-13T02:43:06Z	LAUNCHRES0	3886	nordkap	141242	A	T	core_destroyed	102
2026-08-13T02:43:08Z	LAUNCHRES0	3887	nordkap	141242	B	C	core_destroyed	147
2026-08-13T02:43:10Z	LAUNCHRES0	3888	antler	141243	A	C	core_destroyed	409
2026-08-13T02:43:12Z	LAUNCHRES0	3889	antler	141243	B	C	core_destroyed	410
2026-08-13T02:43:14Z	LAUNCHRES0	3890	atoll	141243	A	T	tiebreak	1000
2026-08-13T02:43:16Z	LAUNCHRES0	3891	atoll	141243	B	C	core_destroyed	811
2026-08-13T02:43:18Z	LAUNCHRES0	3892	drumlin	141243	A	T	core_destroyed	147
2026-08-13T02:43:20Z	LAUNCHRES0	3893	drumlin	141243	B	T	core_destroyed	169
2026-08-13T02:43:21Z	LAUNCHRES0	3894	fjordgate	141243	A	C	core_destroyed	176
2026-08-13T02:43:23Z	LAUNCHRES0	3895	fjordgate	141243	B	T	core_destroyed	312
2026-08-13T02:43:24Z	LAUNCHRES0	3896	heart	141243	A	C	core_destroyed	133
2026-08-13T02:43:26Z	LAUNCHRES0	3897	heart	141243	B	C	core_destroyed	217
2026-08-13T02:43:31Z	LAUNCHRES0	3898	hive	141243	A	T	core_destroyed	329
2026-08-13T02:43:37Z	LAUNCHRES0	3899	hive	141243	B	T	core_destroyed	355
2026-08-13T02:43:38Z	LAUNCHRES0	3900	meander	141243	A	C	core_destroyed	105
2026-08-13T02:43:40Z	LAUNCHRES0	3901	meander	141243	B	C	core_destroyed	399
2026-08-13T02:43:42Z	LAUNCHRES0	3902	nordkap	141243	A	T	core_destroyed	322
2026-08-13T02:43:45Z	LAUNCHRES0	3903	nordkap	141243	B	C	core_destroyed	340
2026-08-13T02:43:49Z	LAUNCHRES0	3904	antler	141244	A	C	core_destroyed	482
2026-08-13T02:43:51Z	LAUNCHRES0	3905	antler	141244	B	C	core_destroyed	212
2026-08-13T02:43:57Z	LAUNCHRES0	3906	atoll	141244	A	T	core_destroyed	954
2026-08-13T02:43:58Z	LAUNCHRES0	3907	atoll	141244	B	T	core_destroyed	167
2026-08-13T02:44:00Z	LAUNCHRES0	3908	drumlin	141244	A	C	core_destroyed	145
2026-08-13T02:44:02Z	LAUNCHRES0	3909	drumlin	141244	B	C	core_destroyed	168
2026-08-13T02:44:03Z	LAUNCHRES0	3910	fjordgate	141244	A	C	core_destroyed	195
2026-08-13T02:44:04Z	LAUNCHRES0	3911	fjordgate	141244	B	C	core_destroyed	126
2026-08-13T02:44:09Z	LAUNCHRES0	3912	heart	141244	A	C	core_destroyed	650
2026-08-13T02:44:10Z	LAUNCHRES0	3913	heart	141244	B	T	core_destroyed	196
2026-08-13T02:44:17Z	LAUNCHRES0	3914	hive	141244	A	T	core_destroyed	440
2026-08-13T02:44:21Z	LAUNCHRES0	3915	hive	141244	B	T	core_destroyed	226
2026-08-13T02:44:23Z	LAUNCHRES0	3916	meander	141244	A	T	core_destroyed	311
2026-08-13T02:44:24Z	LAUNCHRES0	3917	meander	141244	B	T	core_destroyed	184
2026-08-13T02:44:27Z	LAUNCHRES0	3918	nordkap	141244	A	T	core_destroyed	291
2026-08-13T02:44:28Z	LAUNCHRES0	3919	nordkap	141244	B	T	core_destroyed	317
2026-08-13T02:44:30Z	LAUNCHRES0	3920	antler	141245	A	C	core_destroyed	238
2026-08-13T02:44:32Z	LAUNCHRES0	3921	antler	141245	B	C	core_destroyed	755
2026-08-13T02:44:40Z	LAUNCHRES0	3922	atoll	141245	A	C	core_destroyed	779
2026-08-13T02:44:41Z	LAUNCHRES0	3923	atoll	141245	B	C	core_destroyed	178
2026-08-13T02:44:47Z	LAUNCHRES0	3924	drumlin	141245	A	T	core_destroyed	691
2026-08-13T02:44:48Z	LAUNCHRES0	3925	drumlin	141245	B	T	core_destroyed	108
2026-08-13T02:44:49Z	LAUNCHRES0	3926	fjordgate	141245	A	T	core_destroyed	249
2026-08-13T02:44:51Z	LAUNCHRES0	3927	fjordgate	141245	B	T	core_destroyed	297
2026-08-13T02:45:03Z	LAUNCHRES0	3928	heart	141245	A	T	core_destroyed	486
2026-08-13T02:45:05Z	LAUNCHRES0	3929	heart	141245	B	C	core_destroyed	159
2026-08-13T02:45:14Z	LAUNCHRES0	3930	hive	141245	A	C	tiebreak	1000
2026-08-13T02:45:16Z	LAUNCHRES0	3931	hive	141245	B	T	core_destroyed	106
2026-08-13T02:45:17Z	LAUNCHRES0	3932	meander	141245	A	T	core_destroyed	141
2026-08-13T02:45:19Z	LAUNCHRES0	3933	meander	141245	B	C	core_destroyed	142
2026-08-13T02:45:21Z	LAUNCHRES0	3934	nordkap	141245	A	T	core_destroyed	420
2026-08-13T02:45:22Z	LAUNCHRES0	3935	nordkap	141245	B	C	core_destroyed	186
2026-08-13T02:45:24Z	LAUNCHRES0	3936	antler	141246	A	C	core_destroyed	251
2026-08-13T02:45:26Z	LAUNCHRES0	3937	antler	141246	B	T	core_destroyed	273
2026-08-13T02:45:29Z	LAUNCHRES0	3938	atoll	141246	A	T	core_destroyed	634
2026-08-13T02:45:30Z	LAUNCHRES0	3939	atoll	141246	B	C	core_destroyed	143
2026-08-13T02:45:35Z	LAUNCHRES0	3940	drumlin	141246	A	C	core_destroyed	321
2026-08-13T02:45:36Z	LAUNCHRES0	3941	drumlin	141246	B	C	core_destroyed	145
2026-08-13T02:45:39Z	LAUNCHRES0	3942	fjordgate	141246	A	T	tiebreak	1000
2026-08-13T02:45:41Z	LAUNCHRES0	3943	fjordgate	141246	B	C	tiebreak	1000
2026-08-13T02:45:45Z	LAUNCHRES0	3944	heart	141246	A	T	core_destroyed	179
2026-08-13T02:45:46Z	LAUNCHRES0	3945	heart	141246	B	C	core_destroyed	172
2026-08-13T02:45:49Z	LAUNCHRES0	3946	hive	141246	A	T	core_destroyed	206
2026-08-13T02:45:51Z	LAUNCHRES0	3947	hive	141246	B	C	core_destroyed	156
2026-08-13T02:45:53Z	LAUNCHRES0	3948	meander	141246	A	C	core_destroyed	316
2026-08-13T02:45:55Z	LAUNCHRES0	3949	meander	141246	B	C	core_destroyed	166
2026-08-13T02:45:56Z	LAUNCHRES0	3950	nordkap	141246	A	T	core_destroyed	154
2026-08-13T02:45:57Z	LAUNCHRES0	3951	nordkap	141246	B	C	core_destroyed	136
2026-08-13T02:45:59Z	LAUNCHRES0	3952	antler	141247	A	C	core_destroyed	232
2026-08-13T02:46:01Z	LAUNCHRES0	3953	antler	141247	B	C	core_destroyed	166
2026-08-13T02:46:02Z	LAUNCHRES0	3954	atoll	141247	A	T	core_destroyed	115
2026-08-13T02:46:03Z	LAUNCHRES0	3955	atoll	141247	B	T	core_destroyed	121
2026-08-13T02:46:05Z	LAUNCHRES0	3956	drumlin	141247	A	T	core_destroyed	105
2026-08-13T02:46:09Z	LAUNCHRES0	3957	drumlin	141247	B	T	core_destroyed	282
2026-08-13T02:46:10Z	LAUNCHRES0	3958	fjordgate	141247	A	C	core_destroyed	149
2026-08-13T02:46:11Z	LAUNCHRES0	3959	fjordgate	141247	B	T	core_destroyed	235
2026-08-13T02:46:13Z	LAUNCHRES0	3960	heart	141247	A	T	core_destroyed	108
2026-08-13T02:46:22Z	LAUNCHRES0	3961	heart	141247	B	C	core_destroyed	769
2026-08-13T02:46:25Z	LAUNCHRES0	3962	hive	141247	A	T	core_destroyed	187
2026-08-13T02:46:32Z	LAUNCHRES0	3963	hive	141247	B	C	core_destroyed	493
2026-08-13T02:46:33Z	LAUNCHRES0	3964	meander	141247	A	C	core_destroyed	243
2026-08-13T02:46:35Z	LAUNCHRES0	3965	meander	141247	B	T	core_destroyed	134
2026-08-13T02:46:37Z	LAUNCHRES0	3966	nordkap	141247	A	C	core_destroyed	429
2026-08-13T02:46:39Z	LAUNCHRES0	3967	nordkap	141247	B	C	core_destroyed	315
2026-08-13T02:46:41Z	LAUNCHRES0	3968	antler	141248	A	T	core_destroyed	262
2026-08-13T02:46:45Z	LAUNCHRES0	3969	antler	141248	B	T	tiebreak	1000
2026-08-13T02:46:52Z	LAUNCHRES0	3970	atoll	141248	A	C	core_destroyed	500
2026-08-13T02:46:54Z	LAUNCHRES0	3971	atoll	141248	B	C	core_destroyed	226
2026-08-13T02:46:56Z	LAUNCHRES0	3972	drumlin	141248	A	T	core_destroyed	90
2026-08-13T02:46:58Z	LAUNCHRES0	3973	drumlin	141248	B	C	core_destroyed	234
2026-08-13T02:46:59Z	LAUNCHRES0	3974	fjordgate	141248	A	C	core_destroyed	106
2026-08-13T02:47:00Z	LAUNCHRES0	3975	fjordgate	141248	B	C	core_destroyed	175
2026-08-13T02:47:03Z	LAUNCHRES0	3976	heart	141248	A	T	core_destroyed	224
2026-08-13T02:47:07Z	LAUNCHRES0	3977	heart	141248	B	C	tiebreak	1000
2026-08-13T02:47:09Z	LAUNCHRES0	3978	hive	141248	A	T	core_destroyed	245
2026-08-13T02:47:12Z	LAUNCHRES0	3979	hive	141248	B	C	core_destroyed	186
2026-08-13T02:47:14Z	LAUNCHRES0	3980	meander	141248	A	C	core_destroyed	251
2026-08-13T02:47:16Z	LAUNCHRES0	3981	meander	141248	B	T	core_destroyed	192
2026-08-13T02:47:19Z	LAUNCHRES0	3982	nordkap	141248	A	C	core_destroyed	339
2026-08-13T02:47:21Z	LAUNCHRES0	3983	nordkap	141248	B	C	core_destroyed	253
2026-08-13T02:47:22Z	LAUNCHRES0	3984	antler	141249	A	T	core_destroyed	150
2026-08-13T02:47:26Z	LAUNCHRES0	3985	antler	141249	B	C	core_destroyed	344
2026-08-13T02:47:27Z	LAUNCHRES0	3986	atoll	141249	A	T	core_destroyed	169
2026-08-13T02:47:29Z	LAUNCHRES0	3987	atoll	141249	B	T	core_destroyed	166
2026-08-13T02:47:31Z	LAUNCHRES0	3988	drumlin	141249	A	T	core_destroyed	149
2026-08-13T02:47:37Z	LAUNCHRES0	3989	drumlin	141249	B	T	core_destroyed	498
2026-08-13T02:47:39Z	LAUNCHRES0	3990	fjordgate	141249	A	C	core_destroyed	147
2026-08-13T02:47:42Z	LAUNCHRES0	3991	fjordgate	141249	B	C	core_destroyed	723
2026-08-13T02:47:47Z	LAUNCHRES0	3992	heart	141249	A	C	core_destroyed	347
2026-08-13T02:47:55Z	LAUNCHRES0	3993	heart	141249	B	C	core_destroyed	865
2026-08-13T02:47:58Z	LAUNCHRES0	3994	hive	141249	A	C	core_destroyed	201
2026-08-13T02:48:01Z	LAUNCHRES0	3995	hive	141249	B	T	core_destroyed	160
2026-08-13T02:48:02Z	LAUNCHRES0	3996	meander	141249	A	T	core_destroyed	219
2026-08-13T02:48:03Z	LAUNCHRES0	3997	meander	141249	B	T	core_destroyed	159
2026-08-13T02:48:06Z	LAUNCHRES0	3998	nordkap	141249	A	T	core_destroyed	213
2026-08-13T02:48:07Z	LAUNCHRES0	3999	nordkap	141249	B	C	core_destroyed	234
2026-08-13T02:48:09Z	LAUNCHRES0	4000	antler	141250	A	C	core_destroyed	489
2026-08-13T02:48:12Z	LAUNCHRES0	4001	antler	141250	B	C	core_destroyed	414
2026-08-13T02:48:13Z	LAUNCHRES0	4002	atoll	141250	A	C	core_destroyed	76
2026-08-13T02:48:17Z	LAUNCHRES0	4003	atoll	141250	B	C	core_destroyed	400
2026-08-13T02:48:18Z	LAUNCHRES0	4004	drumlin	141250	A	T	core_destroyed	94
2026-08-13T02:48:24Z	LAUNCHRES0	4005	drumlin	141250	B	C	core_destroyed	330
2026-08-13T02:48:25Z	LAUNCHRES0	4006	fjordgate	141250	A	T	core_destroyed	91
2026-08-13T02:48:27Z	LAUNCHRES0	4007	fjordgate	141250	B	C	core_destroyed	309
2026-08-13T02:48:29Z	LAUNCHRES0	4008	heart	141250	A	T	core_destroyed	151
2026-08-13T02:48:32Z	LAUNCHRES0	4009	heart	141250	B	C	tiebreak	1000
2026-08-13T02:48:33Z	LAUNCHRES0	4010	hive	141250	A	C	core_destroyed	120
2026-08-13T02:48:37Z	LAUNCHRES0	4011	hive	141250	B	T	core_destroyed	236
2026-08-13T02:48:38Z	LAUNCHRES0	4012	meander	141250	A	T	core_destroyed	124
2026-08-13T02:48:39Z	LAUNCHRES0	4013	meander	141250	B	T	core_destroyed	190
2026-08-13T02:48:40Z	LAUNCHRES0	4014	nordkap	141250	A	T	core_destroyed	146
2026-08-13T02:48:43Z	LAUNCHRES0	4015	nordkap	141250	B	C	core_destroyed	321
2026-08-13T02:48:45Z	LAUNCHRES0	4016	antler	141251	A	C	core_destroyed	275
2026-08-13T02:48:47Z	LAUNCHRES0	4017	antler	141251	B	C	core_destroyed	361
2026-08-13T02:48:51Z	LAUNCHRES0	4018	atoll	141251	A	C	core_destroyed	999
2026-08-13T02:48:52Z	LAUNCHRES0	4019	atoll	141251	B	T	core_destroyed	125
2026-08-13T02:48:54Z	LAUNCHRES0	4020	drumlin	141251	A	T	core_destroyed	166
2026-08-13T02:48:57Z	LAUNCHRES0	4021	drumlin	141251	B	C	core_destroyed	251
2026-08-13T02:48:58Z	LAUNCHRES0	4022	fjordgate	141251	A	C	core_destroyed	322
2026-08-13T02:48:59Z	LAUNCHRES0	4023	fjordgate	141251	B	C	core_destroyed	92
2026-08-13T02:49:01Z	LAUNCHRES0	4024	heart	141251	A	T	core_destroyed	121
2026-08-13T02:49:03Z	LAUNCHRES0	4025	heart	141251	B	T	core_destroyed	191
2026-08-13T02:49:06Z	LAUNCHRES0	4026	hive	141251	A	C	core_destroyed	252
2026-08-13T02:49:08Z	LAUNCHRES0	4027	hive	141251	B	T	core_destroyed	97
2026-08-13T02:49:10Z	LAUNCHRES0	4028	meander	141251	A	C	core_destroyed	160
2026-08-13T02:49:14Z	LAUNCHRES0	4029	meander	141251	B	C	core_destroyed	470
2026-08-13T02:49:16Z	LAUNCHRES0	4030	nordkap	141251	A	C	core_destroyed	207
2026-08-13T02:49:18Z	LAUNCHRES0	4031	nordkap	141251	B	C	core_destroyed	247
2026-08-13T02:49:20Z	LAUNCHRES0	4032	antler	141252	A	T	core_destroyed	210
2026-08-13T02:49:22Z	LAUNCHRES0	4033	antler	141252	B	C	core_destroyed	335
2026-08-13T02:49:23Z	LAUNCHRES0	4034	atoll	141252	A	C	core_destroyed	91
2026-08-13T02:49:24Z	LAUNCHRES0	4035	atoll	141252	B	T	core_destroyed	136
2026-08-13T02:49:26Z	LAUNCHRES0	4036	drumlin	141252	A	T	core_destroyed	168
2026-08-13T02:49:28Z	LAUNCHRES0	4037	drumlin	141252	B	C	core_destroyed	204
2026-08-13T02:49:29Z	LAUNCHRES0	4038	fjordgate	141252	A	C	core_destroyed	120
2026-08-13T02:49:31Z	LAUNCHRES0	4039	fjordgate	141252	B	C	core_destroyed	461
2026-08-13T02:49:35Z	LAUNCHRES0	4040	heart	141252	A	T	core_destroyed	295
2026-08-13T02:49:36Z	LAUNCHRES0	4041	heart	141252	B	C	core_destroyed	575
2026-08-13T02:49:43Z	LAUNCHRES0	4042	hive	141252	A	C	core_destroyed	402
2026-08-13T02:49:45Z	LAUNCHRES0	4043	hive	141252	B	C	core_destroyed	199
2026-08-13T02:49:46Z	LAUNCHRES0	4044	meander	141252	A	C	core_destroyed	125
2026-08-13T02:49:48Z	LAUNCHRES0	4045	meander	141252	B	C	core_destroyed	156
2026-08-13T02:49:49Z	LAUNCHRES0	4046	nordkap	141252	A	C	core_destroyed	223
2026-08-13T02:49:52Z	LAUNCHRES0	4047	nordkap	141252	B	T	core_destroyed	261
2026-08-13T02:49:56Z	LAUNCHRES0	4048	antler	141253	A	C	core_destroyed	684
2026-08-13T02:49:59Z	LAUNCHRES0	4049	antler	141253	B	C	core_destroyed	332
2026-08-13T02:50:00Z	LAUNCHRES0	4050	atoll	141253	A	C	core_destroyed	172
2026-08-13T02:50:03Z	LAUNCHRES0	4051	atoll	141253	B	C	core_destroyed	215
2026-08-13T02:50:06Z	LAUNCHRES0	4052	drumlin	141253	A	T	core_destroyed	232
2026-08-13T02:50:08Z	LAUNCHRES0	4053	drumlin	141253	B	C	core_destroyed	132
2026-08-13T02:50:09Z	LAUNCHRES0	4054	fjordgate	141253	A	T	core_destroyed	109
2026-08-13T02:50:13Z	LAUNCHRES0	4055	fjordgate	141253	B	C	core_destroyed	704
2026-08-13T02:50:16Z	LAUNCHRES0	4056	heart	141253	A	T	core_destroyed	177
2026-08-13T02:50:18Z	LAUNCHRES0	4057	heart	141253	B	C	core_destroyed	225
2026-08-13T02:50:23Z	LAUNCHRES0	4058	hive	141253	A	T	core_destroyed	293
2026-08-13T02:50:26Z	LAUNCHRES0	4059	hive	141253	B	C	core_destroyed	264
2026-08-13T02:50:27Z	LAUNCHRES0	4060	meander	141253	A	C	core_destroyed	159
2026-08-13T02:50:30Z	LAUNCHRES0	4061	meander	141253	B	T	tiebreak	1000
2026-08-13T02:50:31Z	LAUNCHRES0	4062	nordkap	141253	A	C	core_destroyed	281
2026-08-13T02:50:34Z	LAUNCHRES0	4063	nordkap	141253	B	C	core_destroyed	368
2026-08-13T02:50:36Z	LAUNCHRES0	4064	antler	141254	A	C	core_destroyed	261
2026-08-13T02:50:37Z	LAUNCHRES0	4065	antler	141254	B	C	core_destroyed	149
2026-08-13T02:50:40Z	LAUNCHRES0	4066	atoll	141254	A	C	core_destroyed	268
2026-08-13T02:50:44Z	LAUNCHRES0	4067	atoll	141254	B	T	core_destroyed	418
2026-08-13T02:50:49Z	LAUNCHRES0	4068	drumlin	141254	A	T	core_destroyed	310
2026-08-13T02:50:53Z	LAUNCHRES0	4069	drumlin	141254	B	C	core_destroyed	471
2026-08-13T02:50:54Z	LAUNCHRES0	4070	fjordgate	141254	A	C	core_destroyed	126
2026-08-13T02:50:55Z	LAUNCHRES0	4071	fjordgate	141254	B	C	core_destroyed	110
2026-08-13T02:51:01Z	LAUNCHRES0	4072	heart	141254	A	T	core_destroyed	752
2026-08-13T02:51:04Z	LAUNCHRES0	4073	heart	141254	B	C	core_destroyed	348
2026-08-13T02:51:05Z	LAUNCHRES0	4074	hive	141254	A	T	core_destroyed	121
2026-08-13T02:51:12Z	LAUNCHRES0	4075	hive	141254	B	C	core_destroyed	493
2026-08-13T02:51:14Z	LAUNCHRES0	4076	meander	141254	A	T	tiebreak	1000
2026-08-13T02:51:16Z	LAUNCHRES0	4077	meander	141254	B	C	core_destroyed	116
2026-08-13T02:51:17Z	LAUNCHRES0	4078	nordkap	141254	A	C	core_destroyed	236
2026-08-13T02:51:20Z	LAUNCHRES0	4079	nordkap	141254	B	T	core_destroyed	240
2026-08-13T02:51:22Z	LAUNCHRES0	4080	antler	141255	A	C	core_destroyed	250
2026-08-13T02:51:23Z	LAUNCHRES0	4081	antler	141255	B	T	core_destroyed	210
2026-08-13T02:51:25Z	LAUNCHRES0	4082	atoll	141255	A	T	core_destroyed	495
2026-08-13T02:51:26Z	LAUNCHRES0	4083	atoll	141255	B	C	core_destroyed	222
2026-08-13T02:51:28Z	LAUNCHRES0	4084	drumlin	141255	A	T	core_destroyed	165
2026-08-13T02:51:32Z	LAUNCHRES0	4085	drumlin	141255	B	T	core_destroyed	282
2026-08-13T02:51:34Z	LAUNCHRES0	4086	fjordgate	141255	A	T	core_destroyed	230
2026-08-13T02:51:35Z	LAUNCHRES0	4087	fjordgate	141255	B	T	core_destroyed	356
2026-08-13T02:51:44Z	LAUNCHRES0	4088	heart	141255	A	T	tiebreak	1000
2026-08-13T02:51:50Z	LAUNCHRES0	4089	heart	141255	B	T	core_destroyed	442
2026-08-13T02:51:52Z	LAUNCHRES0	4090	hive	141255	A	T	core_destroyed	259
2026-08-13T02:51:56Z	LAUNCHRES0	4091	hive	141255	B	T	core_destroyed	236
2026-08-13T02:51:57Z	LAUNCHRES0	4092	meander	141255	A	T	core_destroyed	197
2026-08-13T02:51:59Z	LAUNCHRES0	4093	meander	141255	B	C	core_destroyed	136
2026-08-13T02:52:03Z	LAUNCHRES0	4094	nordkap	141255	A	C	core_destroyed	488
2026-08-13T02:52:05Z	LAUNCHRES0	4095	nordkap	141255	B	T	core_destroyed	214
2026-08-13T02:52:07Z	LAUNCHRES0	4096	antler	141256	A	T	tiebreak	224
2026-08-13T02:52:09Z	LAUNCHRES0	4097	antler	141256	B	C	core_destroyed	250
2026-08-13T02:52:14Z	LAUNCHRES0	4098	atoll	141256	A	C	core_destroyed	458
2026-08-13T02:52:15Z	LAUNCHRES0	4099	atoll	141256	B	T	core_destroyed	136
2026-08-13T02:52:18Z	LAUNCHRES0	4100	drumlin	141256	A	T	core_destroyed	208
2026-08-13T02:52:24Z	LAUNCHRES0	4101	drumlin	141256	B	C	core_destroyed	452
2026-08-13T02:52:25Z	LAUNCHRES0	4102	fjordgate	141256	A	C	core_destroyed	158
2026-08-13T02:52:27Z	LAUNCHRES0	4103	fjordgate	141256	B	T	core_destroyed	144
2026-08-13T02:52:29Z	LAUNCHRES0	4104	heart	141256	A	T	core_destroyed	328
2026-08-13T02:52:32Z	LAUNCHRES0	4105	heart	141256	B	C	core_destroyed	881
2026-08-13T02:52:39Z	LAUNCHRES0	4106	hive	141256	A	T	core_destroyed	488
2026-08-13T02:52:44Z	LAUNCHRES0	4107	hive	141256	B	C	core_destroyed	483
2026-08-13T02:52:45Z	LAUNCHRES0	4108	meander	141256	A	C	core_destroyed	171
2026-08-13T02:52:47Z	LAUNCHRES0	4109	meander	141256	B	T	core_destroyed	389
2026-08-13T02:52:51Z	LAUNCHRES0	4110	nordkap	141256	A	C	core_destroyed	348
2026-08-13T02:52:52Z	LAUNCHRES0	4111	nordkap	141256	B	C	core_destroyed	234
2026-08-13T02:52:54Z	LAUNCHRES0	4112	antler	141257	A	C	core_destroyed	163
2026-08-13T02:52:56Z	LAUNCHRES0	4113	antler	141257	B	T	core_destroyed	249
2026-08-13T02:52:58Z	LAUNCHRES0	4114	atoll	141257	A	C	core_destroyed	196
2026-08-13T02:53:01Z	LAUNCHRES0	4115	atoll	141257	B	T	tiebreak	1000
2026-08-13T02:53:03Z	LAUNCHRES0	4116	drumlin	141257	A	T	core_destroyed	228
2026-08-13T02:53:05Z	LAUNCHRES0	4117	drumlin	141257	B	C	core_destroyed	292
2026-08-13T02:53:06Z	LAUNCHRES0	4118	fjordgate	141257	A	C	core_destroyed	140
2026-08-13T02:53:08Z	LAUNCHRES0	4119	fjordgate	141257	B	C	core_destroyed	238
2026-08-13T02:53:10Z	LAUNCHRES0	4120	heart	141257	A	C	tiebreak	1000
2026-08-13T02:53:16Z	LAUNCHRES0	4121	heart	141257	B	C	tiebreak	1000
2026-08-13T02:53:18Z	LAUNCHRES0	4122	hive	141257	A	T	core_destroyed	86
2026-08-13T02:53:24Z	LAUNCHRES0	4123	hive	141257	B	C	core_destroyed	520
2026-08-13T02:53:27Z	LAUNCHRES0	4124	meander	141257	A	T	core_destroyed	510
2026-08-13T02:53:30Z	LAUNCHRES0	4125	meander	141257	B	T	core_destroyed	233
2026-08-13T02:53:32Z	LAUNCHRES0	4126	nordkap	141257	A	C	core_destroyed	354
2026-08-13T02:53:34Z	LAUNCHRES0	4127	nordkap	141257	B	C	core_destroyed	186
2026-08-13T02:53:36Z	LAUNCHRES0	4128	antler	141258	A	T	core_destroyed	156
2026-08-13T02:53:40Z	LAUNCHRES0	4129	antler	141258	B	C	core_destroyed	566
2026-08-13T02:53:41Z	LAUNCHRES0	4130	atoll	141258	A	C	core_destroyed	124
2026-08-13T02:53:42Z	LAUNCHRES0	4131	atoll	141258	B	T	core_destroyed	156
2026-08-13T02:53:47Z	LAUNCHRES0	4132	drumlin	141258	A	C	core_destroyed	382
2026-08-13T02:53:49Z	LAUNCHRES0	4133	drumlin	141258	B	C	core_destroyed	98
2026-08-13T02:53:50Z	LAUNCHRES0	4134	fjordgate	141258	A	C	core_destroyed	120
2026-08-13T02:53:52Z	LAUNCHRES0	4135	fjordgate	141258	B	T	tiebreak	1000
2026-08-13T02:54:02Z	LAUNCHRES0	4136	heart	141258	A	T	core_destroyed	553
2026-08-13T02:54:04Z	LAUNCHRES0	4137	heart	141258	B	C	core_destroyed	299
2026-08-13T02:54:08Z	LAUNCHRES0	4138	hive	141258	A	C	core_destroyed	318
2026-08-13T02:54:10Z	LAUNCHRES0	4139	hive	141258	B	C	core_destroyed	129
2026-08-13T02:54:11Z	LAUNCHRES0	4140	meander	141258	A	T	core_destroyed	128
2026-08-13T02:54:13Z	LAUNCHRES0	4141	meander	141258	B	C	core_destroyed	220
2026-08-13T02:54:15Z	LAUNCHRES0	4142	nordkap	141258	A	T	core_destroyed	181
2026-08-13T02:54:16Z	LAUNCHRES0	4143	nordkap	141258	B	T	core_destroyed	122
2026-08-13T02:54:18Z	LAUNCHRES0	4144	antler	141259	A	T	core_destroyed	146
2026-08-13T02:54:20Z	LAUNCHRES0	4145	antler	141259	B	T	core_destroyed	187
2026-08-13T02:54:21Z	LAUNCHRES0	4146	atoll	141259	A	T	core_destroyed	86
2026-08-13T02:54:25Z	LAUNCHRES0	4147	atoll	141259	B	T	core_destroyed	348
2026-08-13T02:54:27Z	LAUNCHRES0	4148	drumlin	141259	A	T	core_destroyed	168
2026-08-13T02:54:29Z	LAUNCHRES0	4149	drumlin	141259	B	C	core_destroyed	202
2026-08-13T02:54:30Z	LAUNCHRES0	4150	fjordgate	141259	A	C	core_destroyed	335
2026-08-13T02:54:31Z	LAUNCHRES0	4151	fjordgate	141259	B	C	core_destroyed	223
2026-08-13T02:54:33Z	LAUNCHRES0	4152	heart	141259	A	C	core_destroyed	201
2026-08-13T02:54:36Z	LAUNCHRES0	4153	heart	141259	B	C	core_destroyed	150
2026-08-13T02:54:40Z	LAUNCHRES0	4154	hive	141259	A	C	core_destroyed	202
2026-08-13T02:54:42Z	LAUNCHRES0	4155	hive	141259	B	C	core_destroyed	159
2026-08-13T02:54:46Z	LAUNCHRES0	4156	meander	141259	A	C	core_destroyed	481
2026-08-13T02:54:47Z	LAUNCHRES0	4157	meander	141259	B	C	core_destroyed	144
2026-08-13T02:54:50Z	LAUNCHRES0	4158	nordkap	141259	A	C	tiebreak	1000
2026-08-13T02:54:52Z	LAUNCHRES0	4159	nordkap	141259	B	C	core_destroyed	122
2026-08-13T02:54:53Z	LAUNCHRES0	4160	antler	141260	A	T	core_destroyed	159
2026-08-13T02:54:56Z	LAUNCHRES0	4161	antler	141260	B	C	core_destroyed	317
2026-08-13T02:54:58Z	LAUNCHRES0	4162	atoll	141260	A	T	core_destroyed	191
2026-08-13T02:55:00Z	LAUNCHRES0	4163	atoll	141260	B	T	core_destroyed	485
2026-08-13T02:55:01Z	LAUNCHRES0	4164	drumlin	141260	A	T	core_destroyed	88
2026-08-13T02:55:06Z	LAUNCHRES0	4165	drumlin	141260	B	T	core_destroyed	281
2026-08-13T02:55:07Z	LAUNCHRES0	4166	fjordgate	141260	A	C	core_destroyed	108
2026-08-13T02:55:08Z	LAUNCHRES0	4167	fjordgate	141260	B	T	core_destroyed	161
2026-08-13T02:55:12Z	LAUNCHRES0	4168	heart	141260	A	T	tiebreak	1000
2026-08-13T02:55:15Z	LAUNCHRES0	4169	heart	141260	B	C	core_destroyed	146
2026-08-13T02:55:18Z	LAUNCHRES0	4170	hive	141260	A	C	core_destroyed	204
2026-08-13T02:55:20Z	LAUNCHRES0	4171	hive	141260	B	T	core_destroyed	156
2026-08-13T02:55:24Z	LAUNCHRES0	4172	meander	141260	A	C	tiebreak	1000
2026-08-13T02:55:25Z	LAUNCHRES0	4173	meander	141260	B	C	core_destroyed	152
2026-08-13T02:55:26Z	LAUNCHRES0	4174	nordkap	141260	A	C	core_destroyed	93
2026-08-13T02:55:28Z	LAUNCHRES0	4175	nordkap	141260	B	T	core_destroyed	201
2026-08-13T02:55:29Z	LAUNCHRES0	4176	antler	141261	A	T	core_destroyed	111
2026-08-13T02:55:31Z	LAUNCHRES0	4177	antler	141261	B	C	core_destroyed	217
2026-08-13T02:55:32Z	LAUNCHRES0	4178	atoll	141261	A	C	core_destroyed	98
2026-08-13T02:55:34Z	LAUNCHRES0	4179	atoll	141261	B	C	core_destroyed	284
2026-08-13T02:55:40Z	LAUNCHRES0	4180	drumlin	141261	A	T	core_destroyed	389
2026-08-13T02:55:42Z	LAUNCHRES0	4181	drumlin	141261	B	C	core_destroyed	162
2026-08-13T02:55:44Z	LAUNCHRES0	4182	fjordgate	141261	A	T	core_destroyed	361
2026-08-13T02:55:45Z	LAUNCHRES0	4183	fjordgate	141261	B	C	core_destroyed	97
2026-08-13T02:55:47Z	LAUNCHRES0	4184	heart	141261	A	T	core_destroyed	84
2026-08-13T02:56:04Z	LAUNCHRES0	4185	heart	141261	B	T	core_destroyed	996
2026-08-13T02:56:06Z	LAUNCHRES0	4186	hive	141261	A	T	core_destroyed	232
2026-08-13T02:56:17Z	LAUNCHRES0	4187	hive	141261	B	C	core_destroyed	778
2026-08-13T02:56:19Z	LAUNCHRES0	4188	meander	141261	A	T	core_destroyed	208
2026-08-13T02:56:20Z	LAUNCHRES0	4189	meander	141261	B	C	core_destroyed	220
2026-08-13T02:56:23Z	LAUNCHRES0	4190	nordkap	141261	A	C	core_destroyed	289
2026-08-13T02:56:27Z	LAUNCHRES0	4191	nordkap	141261	B	T	core_destroyed	355
2026-08-13T02:56:29Z	LAUNCHRES0	4192	antler	141262	A	T	core_destroyed	208
2026-08-13T02:56:30Z	LAUNCHRES0	4193	antler	141262	B	C	core_destroyed	173
2026-08-13T02:56:31Z	LAUNCHRES0	4194	atoll	141262	A	C	core_destroyed	86
2026-08-13T02:56:33Z	LAUNCHRES0	4195	atoll	141262	B	T	core_destroyed	161
2026-08-13T02:56:38Z	LAUNCHRES0	4196	drumlin	141262	A	T	core_destroyed	411
2026-08-13T02:56:40Z	LAUNCHRES0	4197	drumlin	141262	B	C	core_destroyed	192
2026-08-13T02:56:42Z	LAUNCHRES0	4198	fjordgate	141262	A	T	core_destroyed	125
2026-08-13T02:56:43Z	LAUNCHRES0	4199	fjordgate	141262	B	C	core_destroyed	102
2026-08-13T02:56:45Z	LAUNCHRES0	4200	heart	141262	A	C	core_destroyed	185
2026-08-13T02:56:47Z	LAUNCHRES0	4201	heart	141262	B	C	core_destroyed	797
2026-08-13T02:56:49Z	LAUNCHRES0	4202	hive	141262	A	C	core_destroyed	111
2026-08-13T02:56:53Z	LAUNCHRES0	4203	hive	141262	B	T	core_destroyed	333
2026-08-13T02:56:54Z	LAUNCHRES0	4204	meander	141262	A	C	core_destroyed	211
2026-08-13T02:56:56Z	LAUNCHRES0	4205	meander	141262	B	T	core_destroyed	154
2026-08-13T02:56:57Z	LAUNCHRES0	4206	nordkap	141262	A	T	core_destroyed	321
2026-08-13T02:57:00Z	LAUNCHRES0	4207	nordkap	141262	B	T	core_destroyed	235
2026-08-13T02:57:03Z	LAUNCHRES0	4208	antler	141263	A	C	core_destroyed	411
2026-08-13T02:57:05Z	LAUNCHRES0	4209	antler	141263	B	C	core_destroyed	266
2026-08-13T02:57:07Z	LAUNCHRES0	4210	atoll	141263	A	T	core_destroyed	627
2026-08-13T02:57:08Z	LAUNCHRES0	4211	atoll	141263	B	T	core_destroyed	106
2026-08-13T02:57:11Z	LAUNCHRES0	4212	drumlin	141263	A	C	core_destroyed	222
2026-08-13T02:57:13Z	LAUNCHRES0	4213	drumlin	141263	B	C	core_destroyed	165
2026-08-13T02:57:14Z	LAUNCHRES0	4214	fjordgate	141263	A	T	core_destroyed	199
2026-08-13T02:57:15Z	LAUNCHRES0	4215	fjordgate	141263	B	C	core_destroyed	117
2026-08-13T02:57:23Z	LAUNCHRES0	4216	heart	141263	A	C	tiebreak	1000
2026-08-13T02:57:25Z	LAUNCHRES0	4217	heart	141263	B	C	core_destroyed	333
2026-08-13T02:57:29Z	LAUNCHRES0	4218	hive	141263	A	T	tiebreak	285
2026-08-13T02:57:31Z	LAUNCHRES0	4219	hive	141263	B	T	core_destroyed	156
2026-08-13T02:57:33Z	LAUNCHRES0	4220	meander	141263	A	T	core_destroyed	188
2026-08-13T02:57:34Z	LAUNCHRES0	4221	meander	141263	B	T	core_destroyed	192
2026-08-13T02:57:36Z	LAUNCHRES0	4222	nordkap	141263	A	T	core_destroyed	134
2026-08-13T02:57:39Z	LAUNCHRES0	4223	nordkap	141263	B	T	core_destroyed	305
2026-08-13T02:57:41Z	LAUNCHRES0	4224	antler	141264	A	T	core_destroyed	457
2026-08-13T02:57:42Z	LAUNCHRES0	4225	antler	141264	B	T	core_destroyed	115
2026-08-13T02:57:44Z	LAUNCHRES0	4226	atoll	141264	A	C	core_destroyed	140
2026-08-13T02:57:46Z	LAUNCHRES0	4227	atoll	141264	B	C	core_destroyed	159
2026-08-13T02:57:48Z	LAUNCHRES0	4228	drumlin	141264	A	C	core_destroyed	185
2026-08-13T02:57:51Z	LAUNCHRES0	4229	drumlin	141264	B	C	core_destroyed	210
2026-08-13T02:57:52Z	LAUNCHRES0	4230	fjordgate	141264	A	T	core_destroyed	164
2026-08-13T02:57:53Z	LAUNCHRES0	4231	fjordgate	141264	B	T	core_destroyed	298
2026-08-13T02:58:01Z	LAUNCHRES0	4232	heart	141264	A	C	tiebreak	1000
2026-08-13T02:58:02Z	LAUNCHRES0	4233	heart	141264	B	C	core_destroyed	79
2026-08-13T02:58:04Z	LAUNCHRES0	4234	hive	141264	A	T	core_destroyed	136
2026-08-13T02:58:13Z	LAUNCHRES0	4235	hive	141264	B	T	core_destroyed	615
2026-08-13T02:58:16Z	LAUNCHRES0	4236	meander	141264	A	T	tiebreak	1000
2026-08-13T02:58:18Z	LAUNCHRES0	4237	meander	141264	B	T	core_destroyed	179
2026-08-13T02:58:22Z	LAUNCHRES0	4238	nordkap	141264	A	T	core_destroyed	456
2026-08-13T02:58:24Z	LAUNCHRES0	4239	nordkap	141264	B	C	core_destroyed	200
2026-08-13T02:58:25Z	LAUNCHRES0	4240	antler	141265	A	T	core_destroyed	128
2026-08-13T02:58:26Z	LAUNCHRES0	4241	antler	141265	B	C	core_destroyed	234
2026-08-13T02:58:28Z	LAUNCHRES0	4242	atoll	141265	A	T	core_destroyed	529
2026-08-13T02:58:31Z	LAUNCHRES0	4243	atoll	141265	B	T	core_destroyed	602
2026-08-13T02:58:32Z	LAUNCHRES0	4244	drumlin	141265	A	C	core_destroyed	93
2026-08-13T02:58:34Z	LAUNCHRES0	4245	drumlin	141265	B	C	core_destroyed	149
2026-08-13T02:58:35Z	LAUNCHRES0	4246	fjordgate	141265	A	T	core_destroyed	147
2026-08-13T02:58:37Z	LAUNCHRES0	4247	fjordgate	141265	B	C	core_destroyed	501
2026-08-13T02:58:42Z	LAUNCHRES0	4248	heart	141265	A	T	core_destroyed	901
2026-08-13T02:58:44Z	LAUNCHRES0	4249	heart	141265	B	C	core_destroyed	177
2026-08-13T02:58:46Z	LAUNCHRES0	4250	hive	141265	A	C	core_destroyed	140
2026-08-13T02:58:49Z	LAUNCHRES0	4251	hive	141265	B	T	core_destroyed	189
2026-08-13T02:58:50Z	LAUNCHRES0	4252	meander	141265	A	C	core_destroyed	126
2026-08-13T02:58:51Z	LAUNCHRES0	4253	meander	141265	B	C	core_destroyed	148
2026-08-13T02:58:53Z	LAUNCHRES0	4254	nordkap	141265	A	C	core_destroyed	320
2026-08-13T02:58:55Z	LAUNCHRES0	4255	nordkap	141265	B	C	core_destroyed	160
2026-08-13T02:58:57Z	LAUNCHRES0	4256	antler	141266	A	T	core_destroyed	189
2026-08-13T02:59:00Z	LAUNCHRES0	4257	antler	141266	B	T	core_destroyed	333
2026-08-13T02:59:05Z	LAUNCHRES0	4258	atoll	141266	A	T	core_destroyed	480
2026-08-13T02:59:06Z	LAUNCHRES0	4259	atoll	141266	B	T	core_destroyed	128
2026-08-13T02:59:12Z	LAUNCHRES0	4260	drumlin	141266	A	C	core_destroyed	358
2026-08-13T02:59:17Z	LAUNCHRES0	4261	drumlin	141266	B	T	core_destroyed	535
2026-08-13T02:59:19Z	LAUNCHRES0	4262	fjordgate	141266	A	C	core_destroyed	545
2026-08-13T02:59:20Z	LAUNCHRES0	4263	fjordgate	141266	B	C	core_destroyed	145
2026-08-13T02:59:22Z	LAUNCHRES0	4264	heart	141266	A	C	core_destroyed	199
2026-08-13T02:59:24Z	LAUNCHRES0	4265	heart	141266	B	C	core_destroyed	395
2026-08-13T02:59:28Z	LAUNCHRES0	4266	hive	141266	A	T	core_destroyed	272
2026-08-13T02:59:30Z	LAUNCHRES0	4267	hive	141266	B	T	core_destroyed	134
2026-08-13T02:59:31Z	LAUNCHRES0	4268	meander	141266	A	T	core_destroyed	171
2026-08-13T02:59:33Z	LAUNCHRES0	4269	meander	141266	B	T	core_destroyed	225
2026-08-13T02:59:34Z	LAUNCHRES0	4270	nordkap	141266	A	C	core_destroyed	436
2026-08-13T02:59:38Z	LAUNCHRES0	4271	nordkap	141266	B	C	core_destroyed	751
2026-08-13T02:59:39Z	LAUNCHRES0	4272	antler	141267	A	C	core_destroyed	504
2026-08-13T02:59:41Z	LAUNCHRES0	4273	antler	141267	B	C	core_destroyed	212
2026-08-13T02:59:45Z	LAUNCHRES0	4274	atoll	141267	A	C	core_destroyed	432
2026-08-13T02:59:47Z	LAUNCHRES0	4275	atoll	141267	B	C	core_destroyed	470
2026-08-13T02:59:50Z	LAUNCHRES0	4276	drumlin	141267	A	C	core_destroyed	244
2026-08-13T02:59:52Z	LAUNCHRES0	4277	drumlin	141267	B	T	core_destroyed	156
2026-08-13T02:59:53Z	LAUNCHRES0	4278	fjordgate	141267	A	T	core_destroyed	404
2026-08-13T02:59:54Z	LAUNCHRES0	4279	fjordgate	141267	B	C	core_destroyed	377
2026-08-13T02:59:56Z	LAUNCHRES0	4280	heart	141267	A	T	core_destroyed	160
2026-08-13T02:59:58Z	LAUNCHRES0	4281	heart	141267	B	C	core_destroyed	789
2026-08-13T03:00:00Z	LAUNCHRES0	4282	hive	141267	A	T	core_destroyed	169
2026-08-13T03:00:01Z	LAUNCHRES0	4283	hive	141267	B	C	core_destroyed	142
2026-08-13T03:00:02Z	LAUNCHRES0	4284	meander	141267	A	T	core_destroyed	135
2026-08-13T03:00:04Z	LAUNCHRES0	4285	meander	141267	B	C	core_destroyed	106
2026-08-13T03:00:06Z	LAUNCHRES0	4286	nordkap	141267	A	C	tiebreak	1000
2026-08-13T03:00:07Z	LAUNCHRES0	4287	nordkap	141267	B	C	core_destroyed	122
2026-08-13T03:00:09Z	LAUNCHRES0	4288	antler	141268	A	C	core_destroyed	248
2026-08-13T03:00:10Z	LAUNCHRES0	4289	antler	141268	B	T	core_destroyed	231
2026-08-13T03:00:12Z	LAUNCHRES0	4290	atoll	141268	A	T	core_destroyed	132
2026-08-13T03:00:15Z	LAUNCHRES0	4291	atoll	141268	B	T	core_destroyed	236
2026-08-13T03:00:18Z	LAUNCHRES0	4292	drumlin	141268	A	T	core_destroyed	254
2026-08-13T03:00:19Z	LAUNCHRES0	4293	drumlin	141268	B	C	core_destroyed	127
2026-08-13T03:00:21Z	LAUNCHRES0	4294	fjordgate	141268	A	T	core_destroyed	433
2026-08-13T03:00:22Z	LAUNCHRES0	4295	fjordgate	141268	B	C	core_destroyed	97
2026-08-13T03:00:27Z	LAUNCHRES0	4296	heart	141268	A	T	core_destroyed	262
2026-08-13T03:00:29Z	LAUNCHRES0	4297	heart	141268	B	T	core_destroyed	750
2026-08-13T03:00:35Z	LAUNCHRES0	4298	hive	141268	A	C	core_destroyed	301
2026-08-13T03:00:38Z	LAUNCHRES0	4299	hive	141268	B	C	core_destroyed	406
2026-08-13T03:00:40Z	LAUNCHRES0	4300	meander	141268	A	C	core_destroyed	205
2026-08-13T03:00:41Z	LAUNCHRES0	4301	meander	141268	B	C	core_destroyed	207
2026-08-13T03:00:43Z	LAUNCHRES0	4302	nordkap	141268	A	T	core_destroyed	206
2026-08-13T03:00:46Z	LAUNCHRES0	4303	nordkap	141268	B	T	core_destroyed	403
2026-08-13T03:00:49Z	LAUNCHRES0	4304	antler	141269	A	C	core_destroyed	248
2026-08-13T03:00:50Z	LAUNCHRES0	4305	antler	141269	B	T	core_destroyed	192
2026-08-13T03:00:52Z	LAUNCHRES0	4306	atoll	141269	A	C	core_destroyed	111
2026-08-13T03:01:01Z	LAUNCHRES0	4307	atoll	141269	B	C	tiebreak	1000
2026-08-13T03:01:03Z	LAUNCHRES0	4308	drumlin	141269	A	T	core_destroyed	131
2026-08-13T03:01:05Z	LAUNCHRES0	4309	drumlin	141269	B	C	core_destroyed	195
2026-08-13T03:01:06Z	LAUNCHRES0	4310	fjordgate	141269	A	C	core_destroyed	332
2026-08-13T03:01:07Z	LAUNCHRES0	4311	fjordgate	141269	B	T	tiebreak	152
2026-08-13T03:01:09Z	LAUNCHRES0	4312	heart	141269	A	T	core_destroyed	833
2026-08-13T03:01:11Z	LAUNCHRES0	4313	heart	141269	B	C	core_destroyed	106
2026-08-13T03:01:16Z	LAUNCHRES0	4314	hive	141269	A	T	core_destroyed	326
2026-08-13T03:01:18Z	LAUNCHRES0	4315	hive	141269	B	T	core_destroyed	184
2026-08-13T03:01:21Z	LAUNCHRES0	4316	meander	141269	A	T	core_destroyed	510
2026-08-13T03:01:30Z	LAUNCHRES0	4317	meander	141269	B	T	core_destroyed	857
2026-08-13T03:01:33Z	LAUNCHRES0	4318	nordkap	141269	A	C	core_destroyed	304
2026-08-13T03:01:35Z	LAUNCHRES0	4319	nordkap	141269	B	C	core_destroyed	228
2026-08-13T03:01:37Z	LAUNCHRES0	4320	antler	141270	A	C	core_destroyed	173
2026-08-13T03:01:38Z	LAUNCHRES0	4321	antler	141270	B	C	core_destroyed	179
2026-08-13T03:01:39Z	LAUNCHRES0	4322	atoll	141270	A	C	core_destroyed	113
2026-08-13T03:01:41Z	LAUNCHRES0	4323	atoll	141270	B	T	core_destroyed	164
2026-08-13T03:01:43Z	LAUNCHRES0	4324	drumlin	141270	A	C	core_destroyed	301
2026-08-13T03:01:45Z	LAUNCHRES0	4325	drumlin	141270	B	T	core_destroyed	129
2026-08-13T03:01:47Z	LAUNCHRES0	4326	fjordgate	141270	A	T	core_destroyed	397
2026-08-13T03:01:49Z	LAUNCHRES0	4327	fjordgate	141270	B	C	core_destroyed	173
2026-08-13T03:01:54Z	LAUNCHRES0	4328	heart	141270	A	C	core_destroyed	387
2026-08-13T03:02:00Z	LAUNCHRES0	4329	heart	141270	B	T	core_destroyed	581
2026-08-13T03:02:02Z	LAUNCHRES0	4330	hive	141270	A	C	core_destroyed	161
2026-08-13T03:02:04Z	LAUNCHRES0	4331	hive	141270	B	C	core_destroyed	157
2026-08-13T03:02:05Z	LAUNCHRES0	4332	meander	141270	A	C	core_destroyed	241
2026-08-13T03:02:08Z	LAUNCHRES0	4333	meander	141270	B	C	core_destroyed	460
2026-08-13T03:02:09Z	LAUNCHRES0	4334	nordkap	141270	A	T	core_destroyed	170
2026-08-13T03:02:10Z	LAUNCHRES0	4335	nordkap	141270	B	C	core_destroyed	136
2026-08-13T03:02:12Z	LAUNCHRES0	4336	antler	141271	A	T	core_destroyed	419
2026-08-13T03:02:15Z	LAUNCHRES0	4337	antler	141271	B	T	core_destroyed	447
2026-08-13T03:02:16Z	LAUNCHRES0	4338	atoll	141271	A	T	core_destroyed	133
2026-08-13T03:02:18Z	LAUNCHRES0	4339	atoll	141271	B	T	core_destroyed	113
2026-08-13T03:02:21Z	LAUNCHRES0	4340	drumlin	141271	A	C	core_destroyed	308
2026-08-13T03:02:25Z	LAUNCHRES0	4341	drumlin	141271	B	T	core_destroyed	329
2026-08-13T03:02:27Z	LAUNCHRES0	4342	fjordgate	141271	A	T	core_destroyed	270
2026-08-13T03:02:28Z	LAUNCHRES0	4343	fjordgate	141271	B	C	core_destroyed	252
2026-08-13T03:02:33Z	LAUNCHRES0	4344	heart	141271	A	T	core_destroyed	302
2026-08-13T03:02:34Z	LAUNCHRES0	4345	heart	141271	B	C	core_destroyed	118
2026-08-13T03:02:37Z	LAUNCHRES0	4346	hive	141271	A	T	core_destroyed	225
2026-08-13T03:02:45Z	LAUNCHRES0	4347	hive	141271	B	T	core_destroyed	441
2026-08-13T03:02:47Z	LAUNCHRES0	4348	meander	141271	A	C	core_destroyed	154
2026-08-13T03:02:48Z	LAUNCHRES0	4349	meander	141271	B	T	core_destroyed	164
2026-08-13T03:02:49Z	LAUNCHRES0	4350	nordkap	141271	A	C	core_destroyed	166
2026-08-13T03:02:52Z	LAUNCHRES0	4351	nordkap	141271	B	T	core_destroyed	338
2026-08-13T03:02:55Z	LAUNCHRES0	4352	antler	141272	A	T	tiebreak	1000
2026-08-13T03:02:58Z	LAUNCHRES0	4353	antler	141272	B	C	tiebreak	1000
2026-08-13T03:03:01Z	LAUNCHRES0	4354	atoll	141272	A	C	core_destroyed	680
2026-08-13T03:03:02Z	LAUNCHRES0	4355	atoll	141272	B	T	core_destroyed	114
2026-08-13T03:03:03Z	LAUNCHRES0	4356	drumlin	141272	A	C	core_destroyed	116
2026-08-13T03:03:06Z	LAUNCHRES0	4357	drumlin	141272	B	C	core_destroyed	273
2026-08-13T03:03:08Z	LAUNCHRES0	4358	fjordgate	141272	A	T	core_destroyed	344
2026-08-13T03:03:09Z	LAUNCHRES0	4359	fjordgate	141272	B	T	core_destroyed	162
2026-08-13T03:03:11Z	LAUNCHRES0	4360	heart	141272	A	C	core_destroyed	332
2026-08-13T03:03:13Z	LAUNCHRES0	4361	heart	141272	B	C	core_destroyed	118
2026-08-13T03:03:15Z	LAUNCHRES0	4362	hive	141272	A	T	core_destroyed	96
2026-08-13T03:03:18Z	LAUNCHRES0	4363	hive	141272	B	C	core_destroyed	247
2026-08-13T03:03:19Z	LAUNCHRES0	4364	meander	141272	A	T	core_destroyed	124
2026-08-13T03:03:20Z	LAUNCHRES0	4365	meander	141272	B	C	core_destroyed	161
2026-08-13T03:03:22Z	LAUNCHRES0	4366	nordkap	141272	A	C	core_destroyed	202
2026-08-13T03:03:23Z	LAUNCHRES0	4367	nordkap	141272	B	C	core_destroyed	139
2026-08-13T03:03:24Z	LAUNCHRES0	4368	antler	141273	A	T	core_destroyed	78
2026-08-13T03:03:26Z	LAUNCHRES0	4369	antler	141273	B	C	core_destroyed	249
2026-08-13T03:03:28Z	LAUNCHRES0	4370	atoll	141273	A	C	core_destroyed	412
2026-08-13T03:03:30Z	LAUNCHRES0	4371	atoll	141273	B	C	core_destroyed	232
2026-08-13T03:03:32Z	LAUNCHRES0	4372	drumlin	141273	A	T	core_destroyed	107
2026-08-13T03:03:36Z	LAUNCHRES0	4373	drumlin	141273	B	C	core_destroyed	374
2026-08-13T03:03:38Z	LAUNCHRES0	4374	fjordgate	141273	A	C	core_destroyed	259
2026-08-13T03:03:39Z	LAUNCHRES0	4375	fjordgate	141273	B	C	core_destroyed	124
2026-08-13T03:03:40Z	LAUNCHRES0	4376	heart	141273	A	C	core_destroyed	186
2026-08-13T03:03:43Z	LAUNCHRES0	4377	heart	141273	B	C	core_destroyed	165
2026-08-13T03:03:45Z	LAUNCHRES0	4378	hive	141273	A	C	core_destroyed	136
2026-08-13T03:03:49Z	LAUNCHRES0	4379	hive	141273	B	C	core_destroyed	280
2026-08-13T03:03:51Z	LAUNCHRES0	4380	meander	141273	A	C	core_destroyed	263
2026-08-13T03:03:53Z	LAUNCHRES0	4381	meander	141273	B	T	core_destroyed	170
2026-08-13T03:03:56Z	LAUNCHRES0	4382	nordkap	141273	A	C	core_destroyed	297
2026-08-13T03:03:57Z	LAUNCHRES0	4383	nordkap	141273	B	C	core_destroyed	155
2026-08-13T03:03:59Z	LAUNCHRES0	4384	antler	141274	A	C	core_destroyed	270
2026-08-13T03:04:01Z	LAUNCHRES0	4385	antler	141274	B	T	core_destroyed	405
2026-08-13T03:04:03Z	LAUNCHRES0	4386	atoll	141274	A	C	core_destroyed	109
2026-08-13T03:04:04Z	LAUNCHRES0	4387	atoll	141274	B	T	core_destroyed	116
2026-08-13T03:04:05Z	LAUNCHRES0	4388	drumlin	141274	A	T	core_destroyed	179
2026-08-13T03:04:08Z	LAUNCHRES0	4389	drumlin	141274	B	C	core_destroyed	203
2026-08-13T03:04:09Z	LAUNCHRES0	4390	fjordgate	141274	A	T	core_destroyed	220
2026-08-13T03:04:11Z	LAUNCHRES0	4391	fjordgate	141274	B	T	core_destroyed	281
2026-08-13T03:04:17Z	LAUNCHRES0	4392	heart	141274	A	T	tiebreak	1000
2026-08-13T03:04:22Z	LAUNCHRES0	4393	heart	141274	B	T	core_destroyed	305
2026-08-13T03:04:24Z	LAUNCHRES0	4394	hive	141274	A	T	core_destroyed	158
2026-08-13T03:04:31Z	LAUNCHRES0	4395	hive	141274	B	C	core_destroyed	376
2026-08-13T03:04:33Z	LAUNCHRES0	4396	meander	141274	A	C	core_destroyed	152
2026-08-13T03:04:34Z	LAUNCHRES0	4397	meander	141274	B	C	core_destroyed	216
2026-08-13T03:04:36Z	LAUNCHRES0	4398	nordkap	141274	A	C	core_destroyed	193
2026-08-13T03:04:38Z	LAUNCHRES0	4399	nordkap	141274	B	C	core_destroyed	167
2026-08-13T03:04:41Z	LAUNCHRES0	4400	antler	141275	A	T	core_destroyed	374
2026-08-13T03:04:43Z	LAUNCHRES0	4401	antler	141275	B	C	core_destroyed	304
2026-08-13T03:04:47Z	LAUNCHRES0	4402	atoll	141275	A	C	core_destroyed	344
2026-08-13T03:04:52Z	LAUNCHRES0	4403	atoll	141275	B	C	core_destroyed	651
2026-08-13T03:05:00Z	LAUNCHRES0	4404	drumlin	141275	A	T	core_destroyed	468
2026-08-13T03:05:05Z	LAUNCHRES0	4405	drumlin	141275	B	C	core_destroyed	324
2026-08-13T03:05:06Z	LAUNCHRES0	4406	fjordgate	141275	A	T	core_destroyed	189
2026-08-13T03:05:08Z	LAUNCHRES0	4407	fjordgate	141275	B	T	core_destroyed	185
2026-08-13T03:05:14Z	LAUNCHRES0	4408	heart	141275	A	C	core_destroyed	425
2026-08-13T03:05:16Z	LAUNCHRES0	4409	heart	141275	B	C	core_destroyed	127
2026-08-13T03:05:17Z	LAUNCHRES0	4410	hive	141275	A	T	core_destroyed	164
2026-08-13T03:05:19Z	LAUNCHRES0	4411	hive	141275	B	C	core_destroyed	115
2026-08-13T03:05:21Z	LAUNCHRES0	4412	meander	141275	A	T	core_destroyed	188
2026-08-13T03:05:24Z	LAUNCHRES0	4413	meander	141275	B	T	core_destroyed	303
2026-08-13T03:05:26Z	LAUNCHRES0	4414	nordkap	141275	A	T	core_destroyed	452
2026-08-13T03:05:28Z	LAUNCHRES0	4415	nordkap	141275	B	T	core_destroyed	208
2026-08-13T03:05:30Z	LAUNCHRES0	4416	antler	141276	A	T	core_destroyed	559
2026-08-13T03:05:31Z	LAUNCHRES0	4417	antler	141276	B	C	core_destroyed	207
2026-08-13T03:05:34Z	LAUNCHRES0	4418	atoll	141276	A	C	core_destroyed	781
2026-08-13T03:05:36Z	LAUNCHRES0	4419	atoll	141276	B	C	core_destroyed	221
2026-08-13T03:05:37Z	LAUNCHRES0	4420	drumlin	141276	A	T	core_destroyed	111
2026-08-13T03:05:39Z	LAUNCHRES0	4421	drumlin	141276	B	C	core_destroyed	126
2026-08-13T03:05:40Z	LAUNCHRES0	4422	fjordgate	141276	A	T	core_destroyed	169
2026-08-13T03:05:42Z	LAUNCHRES0	4423	fjordgate	141276	B	C	core_destroyed	645
2026-08-13T03:05:44Z	LAUNCHRES0	4424	heart	141276	A	C	core_destroyed	246
2026-08-13T03:05:45Z	LAUNCHRES0	4425	heart	141276	B	C	core_destroyed	138
2026-08-13T03:05:47Z	LAUNCHRES0	4426	hive	141276	A	C	core_destroyed	120
2026-08-13T03:05:52Z	LAUNCHRES0	4427	hive	141276	B	C	core_destroyed	526
2026-08-13T03:05:54Z	LAUNCHRES0	4428	meander	141276	A	C	tiebreak	168
2026-08-13T03:05:55Z	LAUNCHRES0	4429	meander	141276	B	C	core_destroyed	295
2026-08-13T03:05:57Z	LAUNCHRES0	4430	nordkap	141276	A	T	core_destroyed	178
2026-08-13T03:06:08Z	LAUNCHRES0	4431	nordkap	141276	B	C	tiebreak	1000
2026-08-13T03:06:09Z	LAUNCHRES0	4432	antler	141277	A	C	core_destroyed	187
2026-08-13T03:06:11Z	LAUNCHRES0	4433	antler	141277	B	T	core_destroyed	136
2026-08-13T03:06:16Z	LAUNCHRES0	4434	atoll	141277	A	T	core_destroyed	929
2026-08-13T03:06:17Z	LAUNCHRES0	4435	atoll	141277	B	C	core_destroyed	152
2026-08-13T03:06:23Z	LAUNCHRES0	4436	drumlin	141277	A	C	core_destroyed	528
2026-08-13T03:06:27Z	LAUNCHRES0	4437	drumlin	141277	B	T	core_destroyed	370
2026-08-13T03:06:30Z	LAUNCHRES0	4438	fjordgate	141277	A	C	tiebreak	1000
2026-08-13T03:06:31Z	LAUNCHRES0	4439	fjordgate	141277	B	C	core_destroyed	147
2026-08-13T03:06:36Z	LAUNCHRES0	4440	heart	141277	A	T	core_destroyed	450
2026-08-13T03:06:37Z	LAUNCHRES0	4441	heart	141277	B	C	core_destroyed	90
2026-08-13T03:06:41Z	LAUNCHRES0	4442	hive	141277	A	T	core_destroyed	265
2026-08-13T03:06:43Z	LAUNCHRES0	4443	hive	141277	B	C	core_destroyed	124
2026-08-13T03:06:45Z	LAUNCHRES0	4444	meander	141277	A	T	tiebreak	1000
2026-08-13T03:06:46Z	LAUNCHRES0	4445	meander	141277	B	T	core_destroyed	148
2026-08-13T03:06:49Z	LAUNCHRES0	4446	nordkap	141277	A	T	core_destroyed	202
2026-08-13T03:06:51Z	LAUNCHRES0	4447	nordkap	141277	B	C	core_destroyed	282
2026-08-13T03:06:53Z	LAUNCHRES0	4448	antler	141278	A	C	core_destroyed	166
2026-08-13T03:06:55Z	LAUNCHRES0	4449	antler	141278	B	T	core_destroyed	242
2026-08-13T03:06:58Z	LAUNCHRES0	4450	atoll	141278	A	T	core_destroyed	333
2026-08-13T03:06:59Z	LAUNCHRES0	4451	atoll	141278	B	T	core_destroyed	117
2026-08-13T03:07:03Z	LAUNCHRES0	4452	drumlin	141278	A	C	core_destroyed	237
2026-08-13T03:07:06Z	LAUNCHRES0	4453	drumlin	141278	B	C	core_destroyed	311
2026-08-13T03:07:08Z	LAUNCHRES0	4454	fjordgate	141278	A	C	tiebreak	1000
2026-08-13T03:07:09Z	LAUNCHRES0	4455	fjordgate	141278	B	T	core_destroyed	377
2026-08-13T03:07:13Z	LAUNCHRES0	4456	heart	141278	A	T	core_destroyed	189
2026-08-13T03:07:15Z	LAUNCHRES0	4457	heart	141278	B	C	core_destroyed	172
2026-08-13T03:07:17Z	LAUNCHRES0	4458	hive	141278	A	C	core_destroyed	151
2026-08-13T03:07:19Z	LAUNCHRES0	4459	hive	141278	B	C	core_destroyed	103
2026-08-13T03:07:20Z	LAUNCHRES0	4460	meander	141278	A	C	core_destroyed	170
2026-08-13T03:07:21Z	LAUNCHRES0	4461	meander	141278	B	T	core_destroyed	136
2026-08-13T03:07:25Z	LAUNCHRES0	4462	nordkap	141278	A	C	tiebreak	1000
2026-08-13T03:07:26Z	LAUNCHRES0	4463	nordkap	141278	B	T	core_destroyed	333
2026-08-13T03:07:28Z	LAUNCHRES0	4464	antler	141279	A	C	core_destroyed	248
2026-08-13T03:07:30Z	LAUNCHRES0	4465	antler	141279	B	T	core_destroyed	112
2026-08-13T03:07:31Z	LAUNCHRES0	4466	atoll	141279	A	C	core_destroyed	72
2026-08-13T03:07:32Z	LAUNCHRES0	4467	atoll	141279	B	T	core_destroyed	321
2026-08-13T03:07:36Z	LAUNCHRES0	4468	drumlin	141279	A	C	core_destroyed	355
2026-08-13T03:07:41Z	LAUNCHRES0	4469	drumlin	141279	B	T	core_destroyed	364
2026-08-13T03:07:42Z	LAUNCHRES0	4470	fjordgate	141279	A	C	core_destroyed	118
2026-08-13T03:07:43Z	LAUNCHRES0	4471	fjordgate	141279	B	T	core_destroyed	281
2026-08-13T03:07:45Z	LAUNCHRES0	4472	heart	141279	A	T	core_destroyed	141
2026-08-13T03:07:48Z	LAUNCHRES0	4473	heart	141279	B	C	core_destroyed	813
2026-08-13T03:07:51Z	LAUNCHRES0	4474	hive	141279	A	T	core_destroyed	233
2026-08-13T03:07:53Z	LAUNCHRES0	4475	hive	141279	B	T	core_destroyed	156
2026-08-13T03:07:55Z	LAUNCHRES0	4476	meander	141279	A	C	core_destroyed	243
2026-08-13T03:07:56Z	LAUNCHRES0	4477	meander	141279	B	C	core_destroyed	183
2026-08-13T03:07:57Z	LAUNCHRES0	4478	nordkap	141279	A	T	core_destroyed	123
2026-08-13T03:07:59Z	LAUNCHRES0	4479	nordkap	141279	B	T	tiebreak	1000
2026-08-13T03:08:01Z	LAUNCHRES0	4480	antler	141280	A	T	core_destroyed	173
2026-08-13T03:08:02Z	LAUNCHRES0	4481	antler	141280	B	C	core_destroyed	143
2026-08-13T03:08:03Z	LAUNCHRES0	4482	atoll	141280	A	C	core_destroyed	125
2026-08-13T03:08:05Z	LAUNCHRES0	4483	atoll	141280	B	T	core_destroyed	180
2026-08-13T03:08:07Z	LAUNCHRES0	4484	drumlin	141280	A	T	core_destroyed	127
2026-08-13T03:08:09Z	LAUNCHRES0	4485	drumlin	141280	B	C	core_destroyed	144
2026-08-13T03:08:10Z	LAUNCHRES0	4486	fjordgate	141280	A	T	core_destroyed	202
2026-08-13T03:08:12Z	LAUNCHRES0	4487	fjordgate	141280	B	C	core_destroyed	196
2026-08-13T03:08:13Z	LAUNCHRES0	4488	heart	141280	A	T	core_destroyed	141
2026-08-13T03:08:16Z	LAUNCHRES0	4489	heart	141280	B	C	core_destroyed	245
2026-08-13T03:08:20Z	LAUNCHRES0	4490	hive	141280	A	T	core_destroyed	270
2026-08-13T03:08:21Z	LAUNCHRES0	4491	hive	141280	B	C	core_destroyed	105
2026-08-13T03:08:23Z	LAUNCHRES0	4492	meander	141280	A	T	core_destroyed	198
2026-08-13T03:08:27Z	LAUNCHRES0	4493	meander	141280	B	T	tiebreak	1000
2026-08-13T03:08:29Z	LAUNCHRES0	4494	nordkap	141280	A	T	core_destroyed	112
2026-08-13T03:08:33Z	LAUNCHRES0	4495	nordkap	141280	B	C	core_destroyed	306
2026-08-13T03:08:34Z	LAUNCHRES0	4496	antler	141281	A	C	core_destroyed	190
2026-08-13T03:08:36Z	LAUNCHRES0	4497	antler	141281	B	T	core_destroyed	199
2026-08-13T03:08:37Z	LAUNCHRES0	4498	atoll	141281	A	T	core_destroyed	114
2026-08-13T03:08:41Z	LAUNCHRES0	4499	atoll	141281	B	T	core_destroyed	694
2026-08-13T03:08:42Z	LAUNCHRES0	4500	drumlin	141281	A	C	core_destroyed	208
2026-08-13T03:08:48Z	LAUNCHRES0	4501	drumlin	141281	B	C	core_destroyed	566
2026-08-13T03:08:49Z	LAUNCHRES0	4502	fjordgate	141281	A	C	core_destroyed	181
2026-08-13T03:08:51Z	LAUNCHRES0	4503	fjordgate	141281	B	C	core_destroyed	199
2026-08-13T03:08:54Z	LAUNCHRES0	4504	heart	141281	A	C	core_destroyed	310
2026-08-13T03:08:57Z	LAUNCHRES0	4505	heart	141281	B	C	core_destroyed	451
2026-08-13T03:09:02Z	LAUNCHRES0	4506	hive	141281	A	C	core_destroyed	329
2026-08-13T03:09:04Z	LAUNCHRES0	4507	hive	141281	B	T	core_destroyed	161
2026-08-13T03:09:06Z	LAUNCHRES0	4508	meander	141281	A	T	tiebreak	1000
2026-08-13T03:09:07Z	LAUNCHRES0	4509	meander	141281	B	T	core_destroyed	152
2026-08-13T03:09:08Z	LAUNCHRES0	4510	nordkap	141281	A	T	core_destroyed	97
2026-08-13T03:09:11Z	LAUNCHRES0	4511	nordkap	141281	B	T	core_destroyed	392
2026-08-13T03:09:12Z	LAUNCHRES0	4512	antler	141282	A	C	core_destroyed	112
2026-08-13T03:09:14Z	LAUNCHRES0	4513	antler	141282	B	C	core_destroyed	339
2026-08-13T03:09:16Z	LAUNCHRES0	4514	atoll	141282	A	T	core_destroyed	347
2026-08-13T03:09:17Z	LAUNCHRES0	4515	atoll	141282	B	T	core_destroyed	110
2026-08-13T03:09:21Z	LAUNCHRES0	4516	drumlin	141282	A	C	core_destroyed	310
2026-08-13T03:09:30Z	LAUNCHRES0	4517	drumlin	141282	B	C	core_destroyed	375
2026-08-13T03:09:31Z	LAUNCHRES0	4518	fjordgate	141282	A	T	core_destroyed	176
2026-08-13T03:09:32Z	LAUNCHRES0	4519	fjordgate	141282	B	C	core_destroyed	174
2026-08-13T03:09:35Z	LAUNCHRES0	4520	heart	141282	A	T	core_destroyed	214
2026-08-13T03:09:39Z	LAUNCHRES0	4521	heart	141282	B	C	core_destroyed	820
2026-08-13T03:09:41Z	LAUNCHRES0	4522	hive	141282	A	C	core_destroyed	158
2026-08-13T03:09:43Z	LAUNCHRES0	4523	hive	141282	B	T	core_destroyed	154
2026-08-13T03:09:46Z	LAUNCHRES0	4524	meander	141282	A	T	tiebreak	1000
2026-08-13T03:09:48Z	LAUNCHRES0	4525	meander	141282	B	C	core_destroyed	165
2026-08-13T03:09:50Z	LAUNCHRES0	4526	nordkap	141282	A	C	core_destroyed	349
2026-08-13T03:09:52Z	LAUNCHRES0	4527	nordkap	141282	B	T	tiebreak	1000
2026-08-13T03:09:54Z	LAUNCHRES0	4528	antler	141283	A	C	core_destroyed	139
2026-08-13T03:09:57Z	LAUNCHRES0	4529	antler	141283	B	C	core_destroyed	336
2026-08-13T03:09:58Z	LAUNCHRES0	4530	atoll	141283	A	C	core_destroyed	102
2026-08-13T03:10:01Z	LAUNCHRES0	4531	atoll	141283	B	T	core_destroyed	299
2026-08-13T03:10:04Z	LAUNCHRES0	4532	drumlin	141283	A	C	core_destroyed	321
2026-08-13T03:10:06Z	LAUNCHRES0	4533	drumlin	141283	B	T	core_destroyed	152
2026-08-13T03:10:07Z	LAUNCHRES0	4534	fjordgate	141283	A	C	core_destroyed	169
2026-08-13T03:10:08Z	LAUNCHRES0	4535	fjordgate	141283	B	T	core_destroyed	182
2026-08-13T03:10:10Z	LAUNCHRES0	4536	heart	141283	A	T	core_destroyed	129
2026-08-13T03:10:14Z	LAUNCHRES0	4537	heart	141283	B	C	tiebreak	1000
2026-08-13T03:10:16Z	LAUNCHRES0	4538	hive	141283	A	T	core_destroyed	176
2026-08-13T03:10:18Z	LAUNCHRES0	4539	hive	141283	B	T	core_destroyed	107
2026-08-13T03:10:20Z	LAUNCHRES0	4540	meander	141283	A	C	core_destroyed	191
2026-08-13T03:10:22Z	LAUNCHRES0	4541	meander	141283	B	T	core_destroyed	240
2026-08-13T03:10:23Z	LAUNCHRES0	4542	nordkap	141283	A	C	core_destroyed	103
2026-08-13T03:10:24Z	LAUNCHRES0	4543	nordkap	141283	B	C	core_destroyed	93
2026-08-13T03:10:27Z	LAUNCHRES0	4544	antler	141284	A	T	core_destroyed	542
2026-08-13T03:10:28Z	LAUNCHRES0	4545	antler	141284	B	T	core_destroyed	161
2026-08-13T03:10:30Z	LAUNCHRES0	4546	atoll	141284	A	C	core_destroyed	226
2026-08-13T03:10:33Z	LAUNCHRES0	4547	atoll	141284	B	T	core_destroyed	349
2026-08-13T03:10:34Z	LAUNCHRES0	4548	drumlin	141284	A	T	core_destroyed	110
2026-08-13T03:10:39Z	LAUNCHRES0	4549	drumlin	141284	B	T	core_destroyed	382
2026-08-13T03:10:42Z	LAUNCHRES0	4550	fjordgate	141284	A	C	tiebreak	1000
2026-08-13T03:10:43Z	LAUNCHRES0	4551	fjordgate	141284	B	C	core_destroyed	162
2026-08-13T03:10:45Z	LAUNCHRES0	4552	heart	141284	A	C	core_destroyed	147
2026-08-13T03:10:47Z	LAUNCHRES0	4553	heart	141284	B	C	core_destroyed	245
2026-08-13T03:10:49Z	LAUNCHRES0	4554	hive	141284	A	C	core_destroyed	113
2026-08-13T03:10:51Z	LAUNCHRES0	4555	hive	141284	B	C	core_destroyed	94
2026-08-13T03:10:52Z	LAUNCHRES0	4556	meander	141284	A	T	core_destroyed	182
2026-08-13T03:10:53Z	LAUNCHRES0	4557	meander	141284	B	T	core_destroyed	171
2026-08-13T03:10:56Z	LAUNCHRES0	4558	nordkap	141284	A	C	core_destroyed	200
2026-08-13T03:10:57Z	LAUNCHRES0	4559	nordkap	141284	B	C	core_destroyed	184
2026-08-13T03:10:58Z	LAUNCHRES0	4560	antler	141285	A	C	core_destroyed	127
2026-08-13T03:10:59Z	LAUNCHRES0	4561	antler	141285	B	C	core_destroyed	124
2026-08-13T03:11:01Z	LAUNCHRES0	4562	atoll	141285	A	C	core_destroyed	111
2026-08-13T03:11:04Z	LAUNCHRES0	4563	atoll	141285	B	T	core_destroyed	394
2026-08-13T03:11:08Z	LAUNCHRES0	4564	drumlin	141285	A	C	core_destroyed	373
2026-08-13T03:11:10Z	LAUNCHRES0	4565	drumlin	141285	B	C	core_destroyed	169
2026-08-13T03:11:11Z	LAUNCHRES0	4566	fjordgate	141285	A	T	core_destroyed	123
2026-08-13T03:11:14Z	LAUNCHRES0	4567	fjordgate	141285	B	T	tiebreak	1000
2026-08-13T03:11:16Z	LAUNCHRES0	4568	heart	141285	A	T	core_destroyed	284
2026-08-13T03:11:19Z	LAUNCHRES0	4569	heart	141285	B	C	core_destroyed	157
2026-08-13T03:11:21Z	LAUNCHRES0	4570	hive	141285	A	T	core_destroyed	160
2026-08-13T03:11:23Z	LAUNCHRES0	4571	hive	141285	B	C	core_destroyed	161
2026-08-13T03:11:25Z	LAUNCHRES0	4572	meander	141285	A	T	core_destroyed	214
2026-08-13T03:11:26Z	LAUNCHRES0	4573	meander	141285	B	T	core_destroyed	165
2026-08-13T03:11:28Z	LAUNCHRES0	4574	nordkap	141285	A	C	core_destroyed	321
2026-08-13T03:11:31Z	LAUNCHRES0	4575	nordkap	141285	B	C	core_destroyed	227
2026-08-13T03:11:32Z	LAUNCHRES0	4576	antler	141286	A	C	core_destroyed	187
2026-08-13T03:11:34Z	LAUNCHRES0	4577	antler	141286	B	T	core_destroyed	333
2026-08-13T03:11:36Z	LAUNCHRES0	4578	atoll	141286	A	T	core_destroyed	283
2026-08-13T03:11:38Z	LAUNCHRES0	4579	atoll	141286	B	T	core_destroyed	111
2026-08-13T03:11:42Z	LAUNCHRES0	4580	drumlin	141286	A	T	core_destroyed	313
2026-08-13T03:11:44Z	LAUNCHRES0	4581	drumlin	141286	B	C	core_destroyed	113
2026-08-13T03:11:45Z	LAUNCHRES0	4582	fjordgate	141286	A	C	core_destroyed	124
2026-08-13T03:11:46Z	LAUNCHRES0	4583	fjordgate	141286	B	C	core_destroyed	212
2026-08-13T03:11:48Z	LAUNCHRES0	4584	heart	141286	A	T	core_destroyed	140
2026-08-13T03:11:51Z	LAUNCHRES0	4585	heart	141286	B	C	core_destroyed	285
2026-08-13T03:11:53Z	LAUNCHRES0	4586	hive	141286	A	C	core_destroyed	116
2026-08-13T03:11:55Z	LAUNCHRES0	4587	hive	141286	B	C	core_destroyed	199
2026-08-13T03:11:57Z	LAUNCHRES0	4588	meander	141286	A	T	core_destroyed	352
2026-08-13T03:11:58Z	LAUNCHRES0	4589	meander	141286	B	T	core_destroyed	162
2026-08-13T03:12:01Z	LAUNCHRES0	4590	nordkap	141286	A	C	core_destroyed	266
2026-08-13T03:12:02Z	LAUNCHRES0	4591	nordkap	141286	B	T	core_destroyed	236
2026-08-13T03:12:07Z	LAUNCHRES0	4592	antler	141287	A	T	core_destroyed	437
2026-08-13T03:12:08Z	LAUNCHRES0	4593	antler	141287	B	C	core_destroyed	285
2026-08-13T03:12:12Z	LAUNCHRES0	4594	atoll	141287	A	C	core_destroyed	399
2026-08-13T03:12:14Z	LAUNCHRES0	4595	atoll	141287	B	T	core_destroyed	139
2026-08-13T03:12:18Z	LAUNCHRES0	4596	drumlin	141287	A	T	core_destroyed	310
2026-08-13T03:12:21Z	LAUNCHRES0	4597	drumlin	141287	B	C	core_destroyed	246
2026-08-13T03:12:22Z	LAUNCHRES0	4598	fjordgate	141287	A	C	core_destroyed	250
2026-08-13T03:12:23Z	LAUNCHRES0	4599	fjordgate	141287	B	C	core_destroyed	84
2026-08-13T03:12:27Z	LAUNCHRES0	4600	heart	141287	A	T	core_destroyed	254
2026-08-13T03:12:31Z	LAUNCHRES0	4601	heart	141287	B	C	core_destroyed	365
2026-08-13T03:12:32Z	LAUNCHRES0	4602	hive	141287	A	C	core_destroyed	163
2026-08-13T03:12:34Z	LAUNCHRES0	4603	hive	141287	B	T	core_destroyed	151
2026-08-13T03:12:36Z	LAUNCHRES0	4604	meander	141287	A	T	core_destroyed	297
2026-08-13T03:12:38Z	LAUNCHRES0	4605	meander	141287	B	C	core_destroyed	202
2026-08-13T03:12:40Z	LAUNCHRES0	4606	nordkap	141287	A	C	core_destroyed	751
2026-08-13T03:12:42Z	LAUNCHRES0	4607	nordkap	141287	B	C	core_destroyed	130
2026-08-13T03:12:44Z	LAUNCHRES0	4608	antler	141288	A	C	core_destroyed	261
2026-08-13T03:12:46Z	LAUNCHRES0	4609	antler	141288	B	C	core_destroyed	220
2026-08-13T03:12:47Z	LAUNCHRES0	4610	atoll	141288	A	C	core_destroyed	218
2026-08-13T03:12:51Z	LAUNCHRES0	4611	atoll	141288	B	C	core_destroyed	403
2026-08-13T03:12:52Z	LAUNCHRES0	4612	drumlin	141288	A	T	core_destroyed	101
2026-08-13T03:12:55Z	LAUNCHRES0	4613	drumlin	141288	B	C	core_destroyed	213
2026-08-13T03:12:56Z	LAUNCHRES0	4614	fjordgate	141288	A	T	core_destroyed	118
2026-08-13T03:12:57Z	LAUNCHRES0	4615	fjordgate	141288	B	C	core_destroyed	156
2026-08-13T03:12:59Z	LAUNCHRES0	4616	heart	141288	A	T	core_destroyed	826
2026-08-13T03:13:01Z	LAUNCHRES0	4617	heart	141288	B	C	core_destroyed	80
2026-08-13T03:13:03Z	LAUNCHRES0	4618	hive	141288	A	T	core_destroyed	93
2026-08-13T03:13:05Z	LAUNCHRES0	4619	hive	141288	B	T	core_destroyed	160
2026-08-13T03:13:07Z	LAUNCHRES0	4620	meander	141288	A	T	tiebreak	1000
2026-08-13T03:13:09Z	LAUNCHRES0	4621	meander	141288	B	T	core_destroyed	160
2026-08-13T03:13:11Z	LAUNCHRES0	4622	nordkap	141288	A	T	core_destroyed	170
2026-08-13T03:13:12Z	LAUNCHRES0	4623	nordkap	141288	B	C	core_destroyed	113
2026-08-13T03:13:14Z	LAUNCHRES0	4624	antler	141289	A	C	tiebreak	1000
2026-08-13T03:13:16Z	LAUNCHRES0	4625	antler	141289	B	C	core_destroyed	235
2026-08-13T03:13:17Z	LAUNCHRES0	4626	atoll	141289	A	C	core_destroyed	129
2026-08-13T03:13:20Z	LAUNCHRES0	4627	atoll	141289	B	T	tiebreak	1000
2026-08-13T03:13:21Z	LAUNCHRES0	4628	drumlin	141289	A	C	core_destroyed	103
2026-08-13T03:13:23Z	LAUNCHRES0	4629	drumlin	141289	B	T	core_destroyed	141
2026-08-13T03:13:24Z	LAUNCHRES0	4630	fjordgate	141289	A	T	core_destroyed	132
2026-08-13T03:13:25Z	LAUNCHRES0	4631	fjordgate	141289	B	C	core_destroyed	189
2026-08-13T03:13:29Z	LAUNCHRES0	4632	heart	141289	A	C	core_destroyed	329
2026-08-13T03:13:30Z	LAUNCHRES0	4633	heart	141289	B	C	core_destroyed	157
2026-08-13T03:13:32Z	LAUNCHRES0	4634	hive	141289	A	C	core_destroyed	125
2026-08-13T03:13:33Z	LAUNCHRES0	4635	hive	141289	B	T	core_destroyed	129
2026-08-13T03:13:35Z	LAUNCHRES0	4636	meander	141289	A	T	core_destroyed	172
2026-08-13T03:13:36Z	LAUNCHRES0	4637	meander	141289	B	C	core_destroyed	153
2026-08-13T03:13:39Z	LAUNCHRES0	4638	nordkap	141289	A	T	core_destroyed	260
2026-08-13T03:13:41Z	LAUNCHRES0	4639	nordkap	141289	B	C	core_destroyed	247
2026-08-13T03:13:42Z	LAUNCHRES0	4640	antler	141290	A	T	core_destroyed	118
2026-08-13T03:13:45Z	LAUNCHRES0	4641	antler	141290	B	T	tiebreak	1000
2026-08-13T03:13:46Z	LAUNCHRES0	4642	atoll	141290	A	C	core_destroyed	452
2026-08-13T03:13:48Z	LAUNCHRES0	4643	atoll	141290	B	C	core_destroyed	393
2026-08-13T03:13:51Z	LAUNCHRES0	4644	drumlin	141290	A	C	core_destroyed	292
2026-08-13T03:13:56Z	LAUNCHRES0	4645	drumlin	141290	B	T	core_destroyed	288
2026-08-13T03:13:57Z	LAUNCHRES0	4646	fjordgate	141290	A	T	core_destroyed	164
2026-08-13T03:13:58Z	LAUNCHRES0	4647	fjordgate	141290	B	T	core_destroyed	309
2026-08-13T03:14:03Z	LAUNCHRES0	4648	heart	141290	A	T	core_destroyed	302
2026-08-13T03:14:05Z	LAUNCHRES0	4649	heart	141290	B	C	core_destroyed	138
2026-08-13T03:14:06Z	LAUNCHRES0	4650	hive	141290	A	T	core_destroyed	115
2026-08-13T03:14:08Z	LAUNCHRES0	4651	hive	141290	B	T	core_destroyed	144
2026-08-13T03:14:10Z	LAUNCHRES0	4652	meander	141290	A	T	core_destroyed	144
2026-08-13T03:14:12Z	LAUNCHRES0	4653	meander	141290	B	C	tiebreak	1000
2026-08-13T03:14:15Z	LAUNCHRES0	4654	nordkap	141290	A	C	core_destroyed	547
2026-08-13T03:14:16Z	LAUNCHRES0	4655	nordkap	141290	B	C	core_destroyed	107
2026-08-13T03:14:18Z	LAUNCHRES0	4656	antler	141291	A	T	core_destroyed	339
2026-08-13T03:14:20Z	LAUNCHRES0	4657	antler	141291	B	T	core_destroyed	315
2026-08-13T03:14:22Z	LAUNCHRES0	4658	atoll	141291	A	C	core_destroyed	104
2026-08-13T03:14:23Z	LAUNCHRES0	4659	atoll	141291	B	C	core_destroyed	147
2026-08-13T03:14:25Z	LAUNCHRES0	4660	drumlin	141291	A	T	core_destroyed	149
2026-08-13T03:14:26Z	LAUNCHRES0	4661	drumlin	141291	B	C	core_destroyed	96
2026-08-13T03:14:28Z	LAUNCHRES0	4662	fjordgate	141291	A	C	core_destroyed	236
2026-08-13T03:14:29Z	LAUNCHRES0	4663	fjordgate	141291	B	C	core_destroyed	132
2026-08-13T03:14:31Z	LAUNCHRES0	4664	heart	141291	A	T	core_destroyed	132
2026-08-13T03:14:33Z	LAUNCHRES0	4665	heart	141291	B	C	core_destroyed	176
2026-08-13T03:14:35Z	LAUNCHRES0	4666	hive	141291	A	T	core_destroyed	115
2026-08-13T03:14:40Z	LAUNCHRES0	4667	hive	141291	B	T	core_destroyed	333
2026-08-13T03:14:41Z	LAUNCHRES0	4668	meander	141291	A	C	core_destroyed	181
2026-08-13T03:14:43Z	LAUNCHRES0	4669	meander	141291	B	C	core_destroyed	197
2026-08-13T03:14:45Z	LAUNCHRES0	4670	nordkap	141291	A	T	core_destroyed	274
2026-08-13T03:14:47Z	LAUNCHRES0	4671	nordkap	141291	B	T	core_destroyed	294
2026-08-13T03:14:49Z	LAUNCHRES0	4672	antler	141292	A	T	core_destroyed	394
2026-08-13T03:14:51Z	LAUNCHRES0	4673	antler	141292	B	T	core_destroyed	264
2026-08-13T03:14:52Z	LAUNCHRES0	4674	atoll	141292	A	C	core_destroyed	134
2026-08-13T03:14:54Z	LAUNCHRES0	4675	atoll	141292	B	C	core_destroyed	811
2026-08-13T03:14:56Z	LAUNCHRES0	4676	drumlin	141292	A	C	core_destroyed	138
2026-08-13T03:14:57Z	LAUNCHRES0	4677	drumlin	141292	B	C	core_destroyed	90
2026-08-13T03:14:59Z	LAUNCHRES0	4678	fjordgate	141292	A	T	core_destroyed	277
2026-08-13T03:15:00Z	LAUNCHRES0	4679	fjordgate	141292	B	C	core_destroyed	336
2026-08-13T03:15:02Z	LAUNCHRES0	4680	heart	141292	A	T	core_destroyed	146
2026-08-13T03:15:06Z	LAUNCHRES0	4681	heart	141292	B	C	tiebreak	1000
2026-08-13T03:15:08Z	LAUNCHRES0	4682	hive	141292	A	C	core_destroyed	132
2026-08-13T03:15:13Z	LAUNCHRES0	4683	hive	141292	B	T	core_destroyed	317
2026-08-13T03:15:14Z	LAUNCHRES0	4684	meander	141292	A	T	core_destroyed	217
2026-08-13T03:15:16Z	LAUNCHRES0	4685	meander	141292	B	C	core_destroyed	155
2026-08-13T03:15:17Z	LAUNCHRES0	4686	nordkap	141292	A	C	core_destroyed	301
2026-08-13T03:15:18Z	LAUNCHRES0	4687	nordkap	141292	B	T	core_destroyed	92
2026-08-13T03:15:20Z	LAUNCHRES0	4688	antler	141293	A	C	core_destroyed	238
2026-08-13T03:15:22Z	LAUNCHRES0	4689	antler	141293	B	T	core_destroyed	199
2026-08-13T03:15:24Z	LAUNCHRES0	4690	atoll	141293	A	C	core_destroyed	120
2026-08-13T03:15:25Z	LAUNCHRES0	4691	atoll	141293	B	T	core_destroyed	284
2026-08-13T03:15:27Z	LAUNCHRES0	4692	drumlin	141293	A	T	core_destroyed	220
2026-08-13T03:15:28Z	LAUNCHRES0	4693	drumlin	141293	B	C	core_destroyed	95
2026-08-13T03:15:29Z	LAUNCHRES0	4694	fjordgate	141293	A	T	core_destroyed	146
2026-08-13T03:15:31Z	LAUNCHRES0	4695	fjordgate	141293	B	T	core_destroyed	374
2026-08-13T03:15:33Z	LAUNCHRES0	4696	heart	141293	A	T	core_destroyed	110
2026-08-13T03:15:39Z	LAUNCHRES0	4697	heart	141293	B	C	core_destroyed	279
2026-08-13T03:15:40Z	LAUNCHRES0	4698	hive	141293	A	T	core_destroyed	118
2026-08-13T03:15:43Z	LAUNCHRES0	4699	hive	141293	B	T	core_destroyed	295
2026-08-13T03:15:44Z	LAUNCHRES0	4700	meander	141293	A	T	core_destroyed	137
2026-08-13T03:15:47Z	LAUNCHRES0	4701	meander	141293	B	T	core_destroyed	224
2026-08-13T03:15:48Z	LAUNCHRES0	4702	nordkap	141293	A	T	core_destroyed	135
2026-08-13T03:15:50Z	LAUNCHRES0	4703	nordkap	141293	B	C	core_destroyed	238
2026-08-13T03:15:52Z	LAUNCHRES0	4704	antler	141294	A	C	core_destroyed	436
2026-08-13T03:15:54Z	LAUNCHRES0	4705	antler	141294	B	T	core_destroyed	172
2026-08-13T03:15:55Z	LAUNCHRES0	4706	atoll	141294	A	C	core_destroyed	173
2026-08-13T03:15:58Z	LAUNCHRES0	4707	atoll	141294	B	T	core_destroyed	237
2026-08-13T03:15:59Z	LAUNCHRES0	4708	drumlin	141294	A	T	core_destroyed	78
2026-08-13T03:16:01Z	LAUNCHRES0	4709	drumlin	141294	B	C	core_destroyed	176
2026-08-13T03:16:03Z	LAUNCHRES0	4710	fjordgate	141294	A	C	core_destroyed	358
2026-08-13T03:16:04Z	LAUNCHRES0	4711	fjordgate	141294	B	C	core_destroyed	273
2026-08-13T03:16:14Z	LAUNCHRES0	4712	heart	141294	A	C	core_destroyed	433
2026-08-13T03:16:26Z	LAUNCHRES0	4713	heart	141294	B	T	core_destroyed	514
2026-08-13T03:16:30Z	LAUNCHRES0	4714	hive	141294	A	T	core_destroyed	300
2026-08-13T03:16:31Z	LAUNCHRES0	4715	hive	141294	B	T	core_destroyed	122
2026-08-13T03:16:33Z	LAUNCHRES0	4716	meander	141294	A	C	core_destroyed	223
2026-08-13T03:16:35Z	LAUNCHRES0	4717	meander	141294	B	T	core_destroyed	210
2026-08-13T03:16:37Z	LAUNCHRES0	4718	nordkap	141294	A	T	core_destroyed	199
2026-08-13T03:16:41Z	LAUNCHRES0	4719	nordkap	141294	B	T	core_destroyed	377
2026-08-13T03:16:42Z	LAUNCHRES0	4720	antler	141295	A	T	core_destroyed	121
2026-08-13T03:16:44Z	LAUNCHRES0	4721	antler	141295	B	C	core_destroyed	181
2026-08-13T03:16:45Z	LAUNCHRES0	4722	atoll	141295	A	C	core_destroyed	164
2026-08-13T03:16:47Z	LAUNCHRES0	4723	atoll	141295	B	T	core_destroyed	151
2026-08-13T03:16:48Z	LAUNCHRES0	4724	drumlin	141295	A	T	core_destroyed	151
2026-08-13T03:16:50Z	LAUNCHRES0	4725	drumlin	141295	B	T	core_destroyed	178
2026-08-13T03:16:52Z	LAUNCHRES0	4726	fjordgate	141295	A	T	core_destroyed	211
2026-08-13T03:16:53Z	LAUNCHRES0	4727	fjordgate	141295	B	T	core_destroyed	140
2026-08-13T03:16:56Z	LAUNCHRES0	4728	heart	141295	A	T	tiebreak	1000
2026-08-13T03:16:59Z	LAUNCHRES0	4729	heart	141295	B	C	tiebreak	1000
2026-08-13T03:17:01Z	LAUNCHRES0	4730	hive	141295	A	C	core_destroyed	182
2026-08-13T03:17:06Z	LAUNCHRES0	4731	hive	141295	B	C	core_destroyed	292
2026-08-13T03:17:07Z	LAUNCHRES0	4732	meander	141295	A	C	core_destroyed	154
2026-08-13T03:17:09Z	LAUNCHRES0	4733	meander	141295	B	T	core_destroyed	374
2026-08-13T03:17:10Z	LAUNCHRES0	4734	nordkap	141295	A	C	core_destroyed	179
2026-08-13T03:17:12Z	LAUNCHRES0	4735	nordkap	141295	B	C	core_destroyed	213
2026-08-13T03:17:15Z	LAUNCHRES0	4736	antler	141296	A	C	core_destroyed	511
2026-08-13T03:17:16Z	LAUNCHRES0	4737	antler	141296	B	T	core_destroyed	233
2026-08-13T03:17:19Z	LAUNCHRES0	4738	atoll	141296	A	T	tiebreak	1000
2026-08-13T03:17:21Z	LAUNCHRES0	4739	atoll	141296	B	T	core_destroyed	251
2026-08-13T03:17:22Z	LAUNCHRES0	4740	drumlin	141296	A	T	core_destroyed	118
2026-08-13T03:17:28Z	LAUNCHRES0	4741	drumlin	141296	B	C	core_destroyed	496
2026-08-13T03:17:29Z	LAUNCHRES0	4742	fjordgate	141296	A	C	core_destroyed	213
2026-08-13T03:17:30Z	LAUNCHRES0	4743	fjordgate	141296	B	C	core_destroyed	165
2026-08-13T03:17:38Z	LAUNCHRES0	4744	heart	141296	A	T	tiebreak	1000
2026-08-13T03:17:48Z	LAUNCHRES0	4745	heart	141296	B	C	tiebreak	1000
2026-08-13T03:17:51Z	LAUNCHRES0	4746	hive	141296	A	C	core_destroyed	173
2026-08-13T03:17:55Z	LAUNCHRES0	4747	hive	141296	B	T	core_destroyed	268
2026-08-13T03:17:56Z	LAUNCHRES0	4748	meander	141296	A	T	core_destroyed	195
2026-08-13T03:17:58Z	LAUNCHRES0	4749	meander	141296	B	C	core_destroyed	164
2026-08-13T03:17:59Z	LAUNCHRES0	4750	nordkap	141296	A	T	core_destroyed	193
2026-08-13T03:18:00Z	LAUNCHRES0	4751	nordkap	141296	B	T	core_destroyed	110
2026-08-13T03:18:02Z	LAUNCHRES0	4752	antler	141297	A	C	core_destroyed	229
2026-08-13T03:18:05Z	LAUNCHRES0	4753	antler	141297	B	C	tiebreak	1000
2026-08-13T03:18:07Z	LAUNCHRES0	4754	atoll	141297	A	T	core_destroyed	260
2026-08-13T03:18:10Z	LAUNCHRES0	4755	atoll	141297	B	T	core_destroyed	209
2026-08-13T03:18:14Z	LAUNCHRES0	4756	drumlin	141297	A	T	core_destroyed	303
2026-08-13T03:18:16Z	LAUNCHRES0	4757	drumlin	141297	B	C	core_destroyed	210
2026-08-13T03:18:18Z	LAUNCHRES0	4758	fjordgate	141297	A	T	core_destroyed	223
2026-08-13T03:18:19Z	LAUNCHRES0	4759	fjordgate	141297	B	T	core_destroyed	188
2026-08-13T03:18:21Z	LAUNCHRES0	4760	heart	141297	A	T	core_destroyed	226
2026-08-13T03:18:22Z	LAUNCHRES0	4761	heart	141297	B	C	core_destroyed	99
2026-08-13T03:18:25Z	LAUNCHRES0	4762	hive	141297	A	C	core_destroyed	240
2026-08-13T03:18:26Z	LAUNCHRES0	4763	hive	141297	B	C	core_destroyed	140
2026-08-13T03:18:28Z	LAUNCHRES0	4764	meander	141297	A	T	core_destroyed	276
2026-08-13T03:18:31Z	LAUNCHRES0	4765	meander	141297	B	C	core_destroyed	240
2026-08-13T03:18:32Z	LAUNCHRES0	4766	nordkap	141297	A	C	core_destroyed	110
2026-08-13T03:18:33Z	LAUNCHRES0	4767	nordkap	141297	B	T	core_destroyed	250
2026-08-13T03:18:35Z	LAUNCHRES0	4768	antler	141298	A	C	core_destroyed	221
2026-08-13T03:18:36Z	LAUNCHRES0	4769	antler	141298	B	T	core_destroyed	263
2026-08-13T03:18:38Z	LAUNCHRES0	4770	atoll	141298	A	C	core_destroyed	120
2026-08-13T03:18:41Z	LAUNCHRES0	4771	atoll	141298	B	T	core_destroyed	206
2026-08-13T03:18:43Z	LAUNCHRES0	4772	drumlin	141298	A	C	core_destroyed	193
2026-08-13T03:18:45Z	LAUNCHRES0	4773	drumlin	141298	B	T	core_destroyed	151
2026-08-13T03:18:46Z	LAUNCHRES0	4774	fjordgate	141298	A	C	core_destroyed	223
2026-08-13T03:18:47Z	LAUNCHRES0	4775	fjordgate	141298	B	T	core_destroyed	253
2026-08-13T03:18:51Z	LAUNCHRES0	4776	heart	141298	A	T	tiebreak	1000
2026-08-13T03:18:53Z	LAUNCHRES0	4777	heart	141298	B	T	core_destroyed	244
2026-08-13T03:18:59Z	LAUNCHRES0	4778	hive	141298	A	T	core_destroyed	445
2026-08-13T03:19:01Z	LAUNCHRES0	4779	hive	141298	B	C	core_destroyed	122
2026-08-13T03:19:03Z	LAUNCHRES0	4780	meander	141298	A	C	core_destroyed	194
2026-08-13T03:19:05Z	LAUNCHRES0	4781	meander	141298	B	T	core_destroyed	235
2026-08-13T03:19:07Z	LAUNCHRES0	4782	nordkap	141298	A	T	tiebreak	1000
2026-08-13T03:19:09Z	LAUNCHRES0	4783	nordkap	141298	B	C	core_destroyed	170
2026-08-13T03:19:11Z	LAUNCHRES0	4784	antler	141299	A	C	tiebreak	1000
2026-08-13T03:19:13Z	LAUNCHRES0	4785	antler	141299	B	C	core_destroyed	237
2026-08-13T03:19:16Z	LAUNCHRES0	4786	atoll	141299	A	T	core_destroyed	285
2026-08-13T03:19:20Z	LAUNCHRES0	4787	atoll	141299	B	C	core_destroyed	401
2026-08-13T03:19:24Z	LAUNCHRES0	4788	drumlin	141299	A	T	core_destroyed	445
2026-08-13T03:19:26Z	LAUNCHRES0	4789	drumlin	141299	B	C	core_destroyed	127
2026-08-13T03:19:30Z	LAUNCHRES0	4790	fjordgate	141299	A	C	core_destroyed	628
2026-08-13T03:19:32Z	LAUNCHRES0	4791	fjordgate	141299	B	C	tiebreak	1000
2026-08-13T03:19:35Z	LAUNCHRES0	4792	heart	141299	A	T	core_destroyed	643
2026-08-13T03:19:37Z	LAUNCHRES0	4793	heart	141299	B	C	core_destroyed	157
2026-08-13T03:19:40Z	LAUNCHRES0	4794	hive	141299	A	C	core_destroyed	200
2026-08-13T03:19:45Z	LAUNCHRES0	4795	hive	141299	B	T	core_destroyed	379
2026-08-13T03:19:47Z	LAUNCHRES0	4796	meander	141299	A	T	core_destroyed	151
2026-08-13T03:19:48Z	LAUNCHRES0	4797	meander	141299	B	T	core_destroyed	163
2026-08-13T03:19:50Z	LAUNCHRES0	4798	nordkap	141299	A	T	core_destroyed	162
2026-08-13T03:19:52Z	LAUNCHRES0	4799	nordkap	141299	B	C	core_destroyed	253
2026-08-13T03:19:54Z	LAUNCHRES0	4800	antler	141300	A	C	core_destroyed	448
2026-08-13T03:19:56Z	LAUNCHRES0	4801	antler	141300	B	C	core_destroyed	214
2026-08-13T03:19:58Z	LAUNCHRES0	4802	atoll	141300	A	C	core_destroyed	235
2026-08-13T03:20:00Z	LAUNCHRES0	4803	atoll	141300	B	C	core_destroyed	258
2026-08-13T03:20:04Z	LAUNCHRES0	4804	drumlin	141300	A	T	core_destroyed	503
2026-08-13T03:20:07Z	LAUNCHRES0	4805	drumlin	141300	B	T	core_destroyed	243
2026-08-13T03:20:08Z	LAUNCHRES0	4806	fjordgate	141300	A	T	core_destroyed	142
2026-08-13T03:20:10Z	LAUNCHRES0	4807	fjordgate	141300	B	C	core_destroyed	237
2026-08-13T03:20:12Z	LAUNCHRES0	4808	heart	141300	A	T	core_destroyed	209
2026-08-13T03:20:15Z	LAUNCHRES0	4809	heart	141300	B	C	core_destroyed	235
2026-08-13T03:20:16Z	LAUNCHRES0	4810	hive	141300	A	T	core_destroyed	156
2026-08-13T03:20:18Z	LAUNCHRES0	4811	hive	141300	B	C	core_destroyed	142
2026-08-13T03:20:19Z	LAUNCHRES0	4812	meander	141300	A	T	core_destroyed	138
2026-08-13T03:20:21Z	LAUNCHRES0	4813	meander	141300	B	T	core_destroyed	176
2026-08-13T03:20:22Z	LAUNCHRES0	4814	nordkap	141300	A	T	core_destroyed	110
2026-08-13T03:20:25Z	LAUNCHRES0	4815	nordkap	141300	B	C	tiebreak	1000
2026-08-13T03:20:27Z	LAUNCHRES0	4816	antler	141301	A	C	core_destroyed	319
2026-08-13T03:20:28Z	LAUNCHRES0	4817	antler	141301	B	C	core_destroyed	115
2026-08-13T03:20:30Z	LAUNCHRES0	4818	atoll	141301	A	T	core_destroyed	851
2026-08-13T03:20:31Z	LAUNCHRES0	4819	atoll	141301	B	T	core_destroyed	116
2026-08-13T03:20:33Z	LAUNCHRES0	4820	drumlin	141301	A	T	core_destroyed	124
2026-08-13T03:20:35Z	LAUNCHRES0	4821	drumlin	141301	B	C	core_destroyed	254
2026-08-13T03:20:36Z	LAUNCHRES0	4822	fjordgate	141301	A	C	core_destroyed	150
2026-08-13T03:20:37Z	LAUNCHRES0	4823	fjordgate	141301	B	T	core_destroyed	141
2026-08-13T03:20:39Z	LAUNCHRES0	4824	heart	141301	A	T	core_destroyed	192
2026-08-13T03:20:40Z	LAUNCHRES0	4825	heart	141301	B	T	core_destroyed	99
2026-08-13T03:20:44Z	LAUNCHRES0	4826	hive	141301	A	T	core_destroyed	335
2026-08-13T03:20:49Z	LAUNCHRES0	4827	hive	141301	B	T	core_destroyed	304
2026-08-13T03:20:50Z	LAUNCHRES0	4828	meander	141301	A	C	core_destroyed	437
2026-08-13T03:20:53Z	LAUNCHRES0	4829	meander	141301	B	T	core_destroyed	258
2026-08-13T03:20:54Z	LAUNCHRES0	4830	nordkap	141301	A	T	core_destroyed	220
2026-08-13T03:20:56Z	LAUNCHRES0	4831	nordkap	141301	B	T	tiebreak	1000
2026-08-13T03:20:58Z	LAUNCHRES0	4832	antler	141302	A	C	core_destroyed	276
2026-08-13T03:20:59Z	LAUNCHRES0	4833	antler	141302	B	T	core_destroyed	220
2026-08-13T03:21:02Z	LAUNCHRES0	4834	atoll	141302	A	T	core_destroyed	312
2026-08-13T03:21:03Z	LAUNCHRES0	4835	atoll	141302	B	T	core_destroyed	116
2026-08-13T03:21:05Z	LAUNCHRES0	4836	drumlin	141302	A	T	core_destroyed	200
2026-08-13T03:21:07Z	LAUNCHRES0	4837	drumlin	141302	B	C	core_destroyed	145
2026-08-13T03:21:08Z	LAUNCHRES0	4838	fjordgate	141302	A	T	core_destroyed	98
2026-08-13T03:21:10Z	LAUNCHRES0	4839	fjordgate	141302	B	T	core_destroyed	336
2026-08-13T03:21:12Z	LAUNCHRES0	4840	heart	141302	A	T	core_destroyed	177
2026-08-13T03:21:16Z	LAUNCHRES0	4841	heart	141302	B	C	core_destroyed	672
2026-08-13T03:21:18Z	LAUNCHRES0	4842	hive	141302	A	C	core_destroyed	226
2026-08-13T03:21:20Z	LAUNCHRES0	4843	hive	141302	B	T	core_destroyed	166
2026-08-13T03:21:21Z	LAUNCHRES0	4844	meander	141302	A	T	core_destroyed	154
2026-08-13T03:21:24Z	LAUNCHRES0	4845	meander	141302	B	C	tiebreak	1000
2026-08-13T03:21:25Z	LAUNCHRES0	4846	nordkap	141302	A	T	core_destroyed	147
2026-08-13T03:21:27Z	LAUNCHRES0	4847	nordkap	141302	B	T	core_destroyed	156
2026-08-13T03:21:29Z	LAUNCHRES0	4848	antler	141303	A	T	core_destroyed	208
2026-08-13T03:21:30Z	LAUNCHRES0	4849	antler	141303	B	T	core_destroyed	147
2026-08-13T03:21:32Z	LAUNCHRES0	4850	atoll	141303	A	C	core_destroyed	228
2026-08-13T03:21:34Z	LAUNCHRES0	4851	atoll	141303	B	T	core_destroyed	368
2026-08-13T03:21:36Z	LAUNCHRES0	4852	drumlin	141303	A	T	core_destroyed	240
2026-08-13T03:21:40Z	LAUNCHRES0	4853	drumlin	141303	B	T	core_destroyed	229
2026-08-13T03:21:41Z	LAUNCHRES0	4854	fjordgate	141303	A	T	core_destroyed	205
2026-08-13T03:21:42Z	LAUNCHRES0	4855	fjordgate	141303	B	T	core_destroyed	217
2026-08-13T03:21:45Z	LAUNCHRES0	4856	heart	141303	A	C	core_destroyed	928
2026-08-13T03:21:48Z	LAUNCHRES0	4857	heart	141303	B	C	core_destroyed	253
2026-08-13T03:21:50Z	LAUNCHRES0	4858	hive	141303	A	C	core_destroyed	234
2026-08-13T03:21:58Z	LAUNCHRES0	4859	hive	141303	B	T	core_destroyed	515
2026-08-13T03:22:00Z	LAUNCHRES0	4860	meander	141303	A	C	core_destroyed	162
2026-08-13T03:22:02Z	LAUNCHRES0	4861	meander	141303	B	C	core_destroyed	238
2026-08-13T03:22:03Z	LAUNCHRES0	4862	nordkap	141303	A	C	core_destroyed	198
2026-08-13T03:22:05Z	LAUNCHRES0	4863	nordkap	141303	B	C	core_destroyed	145
2026-08-13T03:22:09Z	LAUNCHRES0	4864	antler	141304	A	T	core_destroyed	793
2026-08-13T03:22:10Z	LAUNCHRES0	4865	antler	141304	B	C	core_destroyed	113
2026-08-13T03:22:13Z	LAUNCHRES0	4866	atoll	141304	A	C	core_destroyed	405
2026-08-13T03:22:15Z	LAUNCHRES0	4867	atoll	141304	B	C	core_destroyed	286
2026-08-13T03:22:16Z	LAUNCHRES0	4868	drumlin	141304	A	T	core_destroyed	156
2026-08-13T03:22:19Z	LAUNCHRES0	4869	drumlin	141304	B	C	core_destroyed	217
2026-08-13T03:22:20Z	LAUNCHRES0	4870	fjordgate	141304	A	T	core_destroyed	155
2026-08-13T03:22:21Z	LAUNCHRES0	4871	fjordgate	141304	B	C	core_destroyed	170
2026-08-13T03:22:26Z	LAUNCHRES0	4872	heart	141304	A	C	core_destroyed	696
2026-08-13T03:22:28Z	LAUNCHRES0	4873	heart	141304	B	C	core_destroyed	694
2026-08-13T03:22:30Z	LAUNCHRES0	4874	hive	141304	A	T	core_destroyed	93
2026-08-13T03:22:32Z	LAUNCHRES0	4875	hive	141304	B	C	core_destroyed	230
2026-08-13T03:22:33Z	LAUNCHRES0	4876	meander	141304	A	T	core_destroyed	140
2026-08-13T03:22:35Z	LAUNCHRES0	4877	meander	141304	B	C	core_destroyed	224
2026-08-13T03:22:36Z	LAUNCHRES0	4878	nordkap	141304	A	T	core_destroyed	132
2026-08-13T03:22:38Z	LAUNCHRES0	4879	nordkap	141304	B	T	core_destroyed	194
2026-08-13T03:22:41Z	LAUNCHRES0	4880	antler	141305	A	C	core_destroyed	374
2026-08-13T03:22:42Z	LAUNCHRES0	4881	antler	141305	B	C	core_destroyed	338
2026-08-13T03:22:46Z	LAUNCHRES0	4882	atoll	141305	A	C	core_destroyed	335
2026-08-13T03:22:48Z	LAUNCHRES0	4883	atoll	141305	B	T	core_destroyed	242
2026-08-13T03:22:52Z	LAUNCHRES0	4884	drumlin	141305	A	T	core_destroyed	331
2026-08-13T03:22:54Z	LAUNCHRES0	4885	drumlin	141305	B	C	core_destroyed	159
2026-08-13T03:22:55Z	LAUNCHRES0	4886	fjordgate	141305	A	C	core_destroyed	251
2026-08-13T03:22:57Z	LAUNCHRES0	4887	fjordgate	141305	B	T	core_destroyed	196
2026-08-13T03:23:00Z	LAUNCHRES0	4888	heart	141305	A	T	core_destroyed	216
2026-08-13T03:23:06Z	LAUNCHRES0	4889	heart	141305	B	C	core_destroyed	386
2026-08-13T03:23:09Z	LAUNCHRES0	4890	hive	141305	A	T	core_destroyed	256
2026-08-13T03:23:10Z	LAUNCHRES0	4891	hive	141305	B	T	core_destroyed	111
2026-08-13T03:23:12Z	LAUNCHRES0	4892	meander	141305	A	T	core_destroyed	162
2026-08-13T03:23:14Z	LAUNCHRES0	4893	meander	141305	B	C	core_destroyed	203
2026-08-13T03:23:15Z	LAUNCHRES0	4894	nordkap	141305	A	T	core_destroyed	134
2026-08-13T03:23:18Z	LAUNCHRES0	4895	nordkap	141305	B	T	core_destroyed	262
2026-08-13T03:23:19Z	LAUNCHRES0	4896	antler	141306	A	T	core_destroyed	226
2026-08-13T03:23:22Z	LAUNCHRES0	4897	antler	141306	B	C	tiebreak	1000
2026-08-13T03:23:23Z	LAUNCHRES0	4898	atoll	141306	A	C	core_destroyed	86
2026-08-13T03:23:25Z	LAUNCHRES0	4899	atoll	141306	B	C	core_destroyed	470
2026-08-13T03:23:27Z	LAUNCHRES0	4900	drumlin	141306	A	T	core_destroyed	133
2026-08-13T03:23:29Z	LAUNCHRES0	4901	drumlin	141306	B	C	core_destroyed	188
2026-08-13T03:23:29Z	LAUNCHRES0	4902	fjordgate	141306	A	C	core_destroyed	97
2026-08-13T03:23:31Z	LAUNCHRES0	4903	fjordgate	141306	B	T	core_destroyed	217
2026-08-13T03:23:33Z	LAUNCHRES0	4904	heart	141306	A	T	core_destroyed	241
2026-08-13T03:23:40Z	LAUNCHRES0	4905	heart	141306	B	C	core_destroyed	438
2026-08-13T03:23:43Z	LAUNCHRES0	4906	hive	141306	A	T	core_destroyed	269
2026-08-13T03:23:47Z	LAUNCHRES0	4907	hive	141306	B	T	core_destroyed	305
2026-08-13T03:23:49Z	LAUNCHRES0	4908	meander	141306	A	C	core_destroyed	166
2026-08-13T03:23:50Z	LAUNCHRES0	4909	meander	141306	B	T	core_destroyed	158
2026-08-13T03:23:53Z	LAUNCHRES0	4910	nordkap	141306	A	C	core_destroyed	249
2026-08-13T03:23:56Z	LAUNCHRES0	4911	nordkap	141306	B	C	tiebreak	1000
2026-08-13T03:23:58Z	LAUNCHRES0	4912	antler	141307	A	C	core_destroyed	226
2026-08-13T03:24:01Z	LAUNCHRES0	4913	antler	141307	B	T	core_destroyed	368
2026-08-13T03:24:02Z	LAUNCHRES0	4914	atoll	141307	A	C	core_destroyed	142
2026-08-13T03:24:04Z	LAUNCHRES0	4915	atoll	141307	B	T	core_destroyed	479
2026-08-13T03:24:06Z	LAUNCHRES0	4916	drumlin	141307	A	T	core_destroyed	165
2026-08-13T03:24:08Z	LAUNCHRES0	4917	drumlin	141307	B	T	core_destroyed	185
2026-08-13T03:24:14Z	LAUNCHRES0	4918	fjordgate	141307	A	C	tiebreak	1000
2026-08-13T03:24:15Z	LAUNCHRES0	4919	fjordgate	141307	B	C	core_destroyed	155
2026-08-13T03:24:22Z	LAUNCHRES0	4920	heart	141307	A	C	core_destroyed	375
2026-08-13T03:24:24Z	LAUNCHRES0	4921	heart	141307	B	C	core_destroyed	246
2026-08-13T03:24:26Z	LAUNCHRES0	4922	hive	141307	A	T	core_destroyed	141
2026-08-13T03:24:30Z	LAUNCHRES0	4923	hive	141307	B	C	core_destroyed	211
2026-08-13T03:24:33Z	LAUNCHRES0	4924	meander	141307	A	T	core_destroyed	335
2026-08-13T03:24:34Z	LAUNCHRES0	4925	meander	141307	B	C	core_destroyed	146
2026-08-13T03:24:36Z	LAUNCHRES0	4926	nordkap	141307	A	C	tiebreak	1000
2026-08-13T03:24:38Z	LAUNCHRES0	4927	nordkap	141307	B	C	core_destroyed	304
2026-08-13T03:24:40Z	LAUNCHRES0	4928	antler	141308	A	C	tiebreak	1000
2026-08-13T03:24:42Z	LAUNCHRES0	4929	antler	141308	B	C	core_destroyed	285
2026-08-13T03:24:43Z	LAUNCHRES0	4930	atoll	141308	A	C	core_destroyed	151
2026-08-13T03:24:46Z	LAUNCHRES0	4931	atoll	141308	B	C	core_destroyed	634
2026-08-13T03:24:48Z	LAUNCHRES0	4932	drumlin	141308	A	T	core_destroyed	218
2026-08-13T03:24:50Z	LAUNCHRES0	4933	drumlin	141308	B	T	core_destroyed	127
2026-08-13T03:24:51Z	LAUNCHRES0	4934	fjordgate	141308	A	C	core_destroyed	243
2026-08-13T03:24:53Z	LAUNCHRES0	4935	fjordgate	141308	B	T	core_destroyed	378
2026-08-13T03:24:57Z	LAUNCHRES0	4936	heart	141308	A	T	tiebreak	1000
2026-08-13T03:24:59Z	LAUNCHRES0	4937	heart	141308	B	C	core_destroyed	180
2026-08-13T03:25:01Z	LAUNCHRES0	4938	hive	141308	A	T	core_destroyed	119
2026-08-13T03:25:03Z	LAUNCHRES0	4939	hive	141308	B	C	core_destroyed	247
2026-08-13T03:25:04Z	LAUNCHRES0	4940	meander	141308	A	T	core_destroyed	120
2026-08-13T03:25:06Z	LAUNCHRES0	4941	meander	141308	B	C	core_destroyed	270
2026-08-13T03:25:08Z	LAUNCHRES0	4942	nordkap	141308	A	T	core_destroyed	189
2026-08-13T03:25:09Z	LAUNCHRES0	4943	nordkap	141308	B	T	core_destroyed	134
2026-08-13T03:25:11Z	LAUNCHRES0	4944	antler	141309	A	T	core_destroyed	306
2026-08-13T03:25:14Z	LAUNCHRES0	4945	antler	141309	B	T	core_destroyed	302
2026-08-13T03:25:15Z	LAUNCHRES0	4946	atoll	141309	A	C	core_destroyed	112
2026-08-13T03:25:16Z	LAUNCHRES0	4947	atoll	141309	B	C	core_destroyed	140
2026-08-13T03:25:18Z	LAUNCHRES0	4948	drumlin	141309	A	T	core_destroyed	145
2026-08-13T03:25:21Z	LAUNCHRES0	4949	drumlin	141309	B	C	core_destroyed	317
2026-08-13T03:25:22Z	LAUNCHRES0	4950	fjordgate	141309	A	T	core_destroyed	139
2026-08-13T03:25:23Z	LAUNCHRES0	4951	fjordgate	141309	B	C	core_destroyed	177
2026-08-13T03:25:25Z	LAUNCHRES0	4952	heart	141309	A	T	core_destroyed	181
2026-08-13T03:25:26Z	LAUNCHRES0	4953	heart	141309	B	T	core_destroyed	133
2026-08-13T03:25:30Z	LAUNCHRES0	4954	hive	141309	A	C	core_destroyed	265
2026-08-13T03:25:34Z	LAUNCHRES0	4955	hive	141309	B	T	core_destroyed	288
2026-08-13T03:25:36Z	LAUNCHRES0	4956	meander	141309	A	C	core_destroyed	171
2026-08-13T03:25:38Z	LAUNCHRES0	4957	meander	141309	B	C	core_destroyed	261
2026-08-13T03:25:40Z	LAUNCHRES0	4958	nordkap	141309	A	C	core_destroyed	191
2026-08-13T03:25:41Z	LAUNCHRES0	4959	nordkap	141309	B	C	core_destroyed	142
2026-08-13T03:25:42Z	LAUNCHRES0	4960	antler	141310	A	T	core_destroyed	98
2026-08-13T03:25:43Z	LAUNCHRES0	4961	antler	141310	B	C	core_destroyed	160
2026-08-13T03:25:44Z	LAUNCHRES0	4962	atoll	141310	A	C	core_destroyed	278
2026-08-13T03:25:46Z	LAUNCHRES0	4963	atoll	141310	B	T	core_destroyed	571
2026-08-13T03:25:51Z	LAUNCHRES0	4964	drumlin	141310	A	C	core_destroyed	304
2026-08-13T03:25:57Z	LAUNCHRES0	4965	drumlin	141310	B	C	core_destroyed	942
2026-08-13T03:25:58Z	LAUNCHRES0	4966	fjordgate	141310	A	C	core_destroyed	119
2026-08-13T03:25:59Z	LAUNCHRES0	4967	fjordgate	141310	B	C	core_destroyed	294
2026-08-13T03:26:02Z	LAUNCHRES0	4968	heart	141310	A	C	core_destroyed	246
2026-08-13T03:26:33Z	LAUNCHRES0	4969	heart	141310	B	C	tiebreak	1000
2026-08-13T03:26:35Z	LAUNCHRES0	4970	hive	141310	A	T	core_destroyed	126
2026-08-13T03:26:39Z	LAUNCHRES0	4971	hive	141310	B	C	core_destroyed	259
2026-08-13T03:26:40Z	LAUNCHRES0	4972	meander	141310	A	T	core_destroyed	191
2026-08-13T03:26:42Z	LAUNCHRES0	4973	meander	141310	B	T	core_destroyed	226
2026-08-13T03:26:43Z	LAUNCHRES0	4974	nordkap	141310	A	C	core_destroyed	227
2026-08-13T03:26:44Z	LAUNCHRES0	4975	nordkap	141310	B	C	core_destroyed	160
2026-08-13T03:26:46Z	LAUNCHRES0	4976	antler	141311	A	C	core_destroyed	212
2026-08-13T03:26:50Z	LAUNCHRES0	4977	antler	141311	B	T	core_destroyed	432
2026-08-13T03:26:54Z	LAUNCHRES0	4978	atoll	141311	A	T	core_destroyed	490
2026-08-13T03:26:56Z	LAUNCHRES0	4979	atoll	141311	B	T	core_destroyed	363
2026-08-13T03:26:57Z	LAUNCHRES0	4980	drumlin	141311	A	T	core_destroyed	174
2026-08-13T03:27:01Z	LAUNCHRES0	4981	drumlin	141311	B	C	core_destroyed	238
2026-08-13T03:27:02Z	LAUNCHRES0	4982	fjordgate	141311	A	C	core_destroyed	287
2026-08-13T03:27:03Z	LAUNCHRES0	4983	fjordgate	141311	B	C	core_destroyed	137
2026-08-13T03:27:04Z	LAUNCHRES0	4984	heart	141311	A	C	core_destroyed	233
2026-08-13T03:27:07Z	LAUNCHRES0	4985	heart	141311	B	C	core_destroyed	388
2026-08-13T03:27:10Z	LAUNCHRES0	4986	hive	141311	A	C	core_destroyed	209
2026-08-13T03:27:12Z	LAUNCHRES0	4987	hive	141311	B	T	core_destroyed	108
2026-08-13T03:27:13Z	LAUNCHRES0	4988	meander	141311	A	T	core_destroyed	198
2026-08-13T03:27:15Z	LAUNCHRES0	4989	meander	141311	B	C	core_destroyed	395
2026-08-13T03:27:16Z	LAUNCHRES0	4990	nordkap	141311	A	T	core_destroyed	182
2026-08-13T03:27:18Z	LAUNCHRES0	4991	nordkap	141311	B	C	core_destroyed	247
2026-08-13T03:27:19Z	LAUNCHRES0	4992	antler	141312	A	C	core_destroyed	170
2026-08-13T03:27:22Z	LAUNCHRES0	4993	antler	141312	B	C	core_destroyed	275
2026-08-13T03:27:26Z	LAUNCHRES0	4994	atoll	141312	A	C	core_destroyed	548
2026-08-13T03:27:28Z	LAUNCHRES0	4995	atoll	141312	B	C	core_destroyed	225
2026-08-13T03:27:30Z	LAUNCHRES0	4996	drumlin	141312	A	T	core_destroyed	214
2026-08-13T03:27:32Z	LAUNCHRES0	4997	drumlin	141312	B	C	core_destroyed	208
2026-08-13T03:27:34Z	LAUNCHRES0	4998	fjordgate	141312	A	C	core_destroyed	646
2026-08-13T03:27:35Z	LAUNCHRES0	4999	fjordgate	141312	B	T	core_destroyed	158
2026-08-13T03:27:37Z	LAUNCHRES0	5000	heart	141312	A	T	core_destroyed	326
2026-08-13T03:27:44Z	LAUNCHRES0	5001	heart	141312	B	C	tiebreak	1000
2026-08-13T03:27:49Z	LAUNCHRES0	5002	hive	141312	A	T	core_destroyed	270
2026-08-13T03:27:51Z	LAUNCHRES0	5003	hive	141312	B	T	core_destroyed	152
2026-08-13T03:27:54Z	LAUNCHRES0	5004	meander	141312	A	T	core_destroyed	328
2026-08-13T03:27:55Z	LAUNCHRES0	5005	meander	141312	B	T	core_destroyed	133
2026-08-13T03:27:58Z	LAUNCHRES0	5006	nordkap	141312	A	C	core_destroyed	309
2026-08-13T03:28:01Z	LAUNCHRES0	5007	nordkap	141312	B	T	core_destroyed	343
2026-08-13T03:28:02Z	LAUNCHRES0	5008	antler	141313	A	C	core_destroyed	164
2026-08-13T03:28:04Z	LAUNCHRES0	5009	antler	141313	B	T	core_destroyed	241
2026-08-13T03:28:06Z	LAUNCHRES0	5010	atoll	141313	A	C	core_destroyed	519
2026-08-13T03:28:07Z	LAUNCHRES0	5011	atoll	141313	B	C	core_destroyed	232
2026-08-13T03:28:09Z	LAUNCHRES0	5012	drumlin	141313	A	T	core_destroyed	214
2026-08-13T03:28:11Z	LAUNCHRES0	5013	drumlin	141313	B	T	core_destroyed	127
2026-08-13T03:28:12Z	LAUNCHRES0	5014	fjordgate	141313	A	T	core_destroyed	110
2026-08-13T03:28:13Z	LAUNCHRES0	5015	fjordgate	141313	B	T	core_destroyed	253
2026-08-13T03:28:15Z	LAUNCHRES0	5016	heart	141313	A	T	core_destroyed	140
2026-08-13T03:28:18Z	LAUNCHRES0	5017	heart	141313	B	C	core_destroyed	279
2026-08-13T03:28:21Z	LAUNCHRES0	5018	hive	141313	A	C	core_destroyed	207
2026-08-13T03:28:25Z	LAUNCHRES0	5019	hive	141313	B	C	core_destroyed	313
2026-08-13T03:28:26Z	LAUNCHRES0	5020	meander	141313	A	T	core_destroyed	240
2026-08-13T03:28:28Z	LAUNCHRES0	5021	meander	141313	B	T	core_destroyed	170
2026-08-13T03:28:30Z	LAUNCHRES0	5022	nordkap	141313	A	C	core_destroyed	272
2026-08-13T03:28:31Z	LAUNCHRES0	5023	nordkap	141313	B	T	core_destroyed	236
2026-08-13T03:28:34Z	LAUNCHRES0	5024	antler	141314	A	C	tiebreak	1000
2026-08-13T03:28:35Z	LAUNCHRES0	5025	antler	141314	B	T	core_destroyed	244
2026-08-13T03:28:37Z	LAUNCHRES0	5026	atoll	141314	A	C	core_destroyed	190
2026-08-13T03:28:38Z	LAUNCHRES0	5027	atoll	141314	B	T	core_destroyed	153
2026-08-13T03:28:40Z	LAUNCHRES0	5028	drumlin	141314	A	T	core_destroyed	105
2026-08-13T03:28:42Z	LAUNCHRES0	5029	drumlin	141314	B	T	core_destroyed	224
2026-08-13T03:28:43Z	LAUNCHRES0	5030	fjordgate	141314	A	C	core_destroyed	212
2026-08-13T03:28:44Z	LAUNCHRES0	5031	fjordgate	141314	B	T	core_destroyed	281
2026-08-13T03:28:46Z	LAUNCHRES0	5032	heart	141314	A	T	core_destroyed	105
2026-08-13T03:28:52Z	LAUNCHRES0	5033	heart	141314	B	T	core_destroyed	334
2026-08-13T03:28:56Z	LAUNCHRES0	5034	hive	141314	A	C	core_destroyed	318
2026-08-13T03:28:58Z	LAUNCHRES0	5035	hive	141314	B	C	core_destroyed	156
2026-08-13T03:29:00Z	LAUNCHRES0	5036	meander	141314	A	C	core_destroyed	366
2026-08-13T03:29:01Z	LAUNCHRES0	5037	meander	141314	B	C	core_destroyed	108
2026-08-13T03:29:03Z	LAUNCHRES0	5038	nordkap	141314	A	C	core_destroyed	201
2026-08-13T03:29:05Z	LAUNCHRES0	5039	nordkap	141314	B	T	core_destroyed	242
2026-08-13T03:29:07Z	LAUNCHRES0	5040	antler	141315	A	T	core_destroyed	182
2026-08-13T03:29:08Z	LAUNCHRES0	5041	antler	141315	B	T	core_destroyed	276
2026-08-13T03:29:11Z	LAUNCHRES0	5042	atoll	141315	A	C	core_destroyed	676
2026-08-13T03:29:12Z	LAUNCHRES0	5043	atoll	141315	B	T	core_destroyed	91
2026-08-13T03:29:15Z	LAUNCHRES0	5044	drumlin	141315	A	T	core_destroyed	265
2026-08-13T03:29:17Z	LAUNCHRES0	5045	drumlin	141315	B	C	core_destroyed	140
2026-08-13T03:29:18Z	LAUNCHRES0	5046	fjordgate	141315	A	T	core_destroyed	137
2026-08-13T03:29:20Z	LAUNCHRES0	5047	fjordgate	141315	B	C	core_destroyed	565
2026-08-13T03:29:23Z	LAUNCHRES0	5048	heart	141315	A	T	core_destroyed	285
2026-08-13T03:29:26Z	LAUNCHRES0	5049	heart	141315	B	T	core_destroyed	273
2026-08-13T03:29:30Z	LAUNCHRES0	5050	hive	141315	A	C	core_destroyed	314
2026-08-13T03:29:35Z	LAUNCHRES0	5051	hive	141315	B	C	core_destroyed	263
2026-08-13T03:29:36Z	LAUNCHRES0	5052	meander	141315	A	C	core_destroyed	140
2026-08-13T03:29:37Z	LAUNCHRES0	5053	meander	141315	B	T	core_destroyed	138
2026-08-13T03:29:39Z	LAUNCHRES0	5054	nordkap	141315	A	C	tiebreak	1000
2026-08-13T03:29:44Z	LAUNCHRES0	5055	nordkap	141315	B	T	core_destroyed	479
2026-08-13T03:29:46Z	LAUNCHRES0	5056	antler	141316	A	C	core_destroyed	305
2026-08-13T03:29:47Z	LAUNCHRES0	5057	antler	141316	B	C	core_destroyed	148
2026-08-13T03:29:49Z	LAUNCHRES0	5058	atoll	141316	A	C	core_destroyed	101
2026-08-13T03:29:50Z	LAUNCHRES0	5059	atoll	141316	B	T	core_destroyed	112
2026-08-13T03:29:52Z	LAUNCHRES0	5060	drumlin	141316	A	T	core_destroyed	200
2026-08-13T03:30:02Z	LAUNCHRES0	5061	drumlin	141316	B	T	core_destroyed	887
2026-08-13T03:30:03Z	LAUNCHRES0	5062	fjordgate	141316	A	T	core_destroyed	132
2026-08-13T03:30:05Z	LAUNCHRES0	5063	fjordgate	141316	B	T	core_destroyed	416
2026-08-13T03:30:08Z	LAUNCHRES0	5064	heart	141316	A	T	core_destroyed	337
2026-08-13T03:30:14Z	LAUNCHRES0	5065	heart	141316	B	T	core_destroyed	521
2026-08-13T03:30:17Z	LAUNCHRES0	5066	hive	141316	A	C	core_destroyed	200
2026-08-13T03:30:19Z	LAUNCHRES0	5067	hive	141316	B	T	core_destroyed	98
2026-08-13T03:30:21Z	LAUNCHRES0	5068	meander	141316	A	C	core_destroyed	188
2026-08-13T03:30:22Z	LAUNCHRES0	5069	meander	141316	B	T	core_destroyed	168
2026-08-13T03:30:23Z	LAUNCHRES0	5070	nordkap	141316	A	T	core_destroyed	174
2026-08-13T03:30:25Z	LAUNCHRES0	5071	nordkap	141316	B	C	core_destroyed	197
2026-08-13T03:30:27Z	LAUNCHRES0	5072	antler	141317	A	C	core_destroyed	172
2026-08-13T03:30:29Z	LAUNCHRES0	5073	antler	141317	B	T	tiebreak	1000
2026-08-13T03:30:30Z	LAUNCHRES0	5074	atoll	141317	A	C	core_destroyed	194
2026-08-13T03:30:32Z	LAUNCHRES0	5075	atoll	141317	B	T	core_destroyed	555
2026-08-13T03:30:34Z	LAUNCHRES0	5076	drumlin	141317	A	T	core_destroyed	188
2026-08-13T03:30:36Z	LAUNCHRES0	5077	drumlin	141317	B	C	core_destroyed	157
2026-08-13T03:30:37Z	LAUNCHRES0	5078	fjordgate	141317	A	C	core_destroyed	182
2026-08-13T03:30:39Z	LAUNCHRES0	5079	fjordgate	141317	B	C	core_destroyed	347
2026-08-13T03:30:41Z	LAUNCHRES0	5080	heart	141317	A	T	core_destroyed	166
2026-08-13T03:30:48Z	LAUNCHRES0	5081	heart	141317	B	T	core_destroyed	487
2026-08-13T03:30:52Z	LAUNCHRES0	5082	hive	141317	A	C	core_destroyed	237
2026-08-13T03:30:54Z	LAUNCHRES0	5083	hive	141317	B	C	core_destroyed	201
2026-08-13T03:30:55Z	LAUNCHRES0	5084	meander	141317	A	C	core_destroyed	180
2026-08-13T03:30:58Z	LAUNCHRES0	5085	meander	141317	B	C	tiebreak	1000
2026-08-13T03:30:59Z	LAUNCHRES0	5086	nordkap	141317	A	C	core_destroyed	142
2026-08-13T03:31:01Z	LAUNCHRES0	5087	nordkap	141317	B	T	core_destroyed	241
2026-08-13T03:31:02Z	LAUNCHRES0	5088	antler	141318	A	C	core_destroyed	123
2026-08-13T03:31:04Z	LAUNCHRES0	5089	antler	141318	B	C	core_destroyed	255
2026-08-13T03:31:06Z	LAUNCHRES0	5090	atoll	141318	A	T	core_destroyed	258
2026-08-13T03:31:08Z	LAUNCHRES0	5091	atoll	141318	B	C	core_destroyed	463
2026-08-13T03:31:12Z	LAUNCHRES0	5092	drumlin	141318	A	C	core_destroyed	549
2026-08-13T03:31:15Z	LAUNCHRES0	5093	drumlin	141318	B	C	core_destroyed	309
2026-08-13T03:31:16Z	LAUNCHRES0	5094	fjordgate	141318	A	C	core_destroyed	164
2026-08-13T03:31:17Z	LAUNCHRES0	5095	fjordgate	141318	B	T	core_destroyed	227
2026-08-13T03:31:21Z	LAUNCHRES0	5096	heart	141318	A	C	core_destroyed	282
2026-08-13T03:31:22Z	LAUNCHRES0	5097	heart	141318	B	C	core_destroyed	137
2026-08-13T03:31:25Z	LAUNCHRES0	5098	hive	141318	A	C	core_destroyed	166
2026-08-13T03:31:28Z	LAUNCHRES0	5099	hive	141318	B	C	core_destroyed	330
2026-08-13T03:31:29Z	LAUNCHRES0	5100	meander	141318	A	C	core_destroyed	132
2026-08-13T03:31:31Z	LAUNCHRES0	5101	meander	141318	B	T	core_destroyed	290
2026-08-13T03:31:33Z	LAUNCHRES0	5102	nordkap	141318	A	T	core_destroyed	389
2026-08-13T03:31:35Z	LAUNCHRES0	5103	nordkap	141318	B	C	core_destroyed	313
2026-08-13T03:31:36Z	LAUNCHRES0	5104	antler	141319	A	C	core_destroyed	94
2026-08-13T03:31:37Z	LAUNCHRES0	5105	antler	141319	B	C	core_destroyed	188
2026-08-13T03:31:39Z	LAUNCHRES0	5106	atoll	141319	A	C	core_destroyed	292
2026-08-13T03:31:40Z	LAUNCHRES0	5107	atoll	141319	B	C	core_destroyed	307
2026-08-13T03:31:44Z	LAUNCHRES0	5108	drumlin	141319	A	T	core_destroyed	327
2026-08-13T03:31:46Z	LAUNCHRES0	5109	drumlin	141319	B	C	core_destroyed	128
2026-08-13T03:31:47Z	LAUNCHRES0	5110	fjordgate	141319	A	T	core_destroyed	226
2026-08-13T03:31:48Z	LAUNCHRES0	5111	fjordgate	141319	B	C	core_destroyed	273
2026-08-13T03:31:58Z	LAUNCHRES0	5112	heart	141319	A	T	core_destroyed	857
2026-08-13T03:32:01Z	LAUNCHRES0	5113	heart	141319	B	C	core_destroyed	221
2026-08-13T03:32:05Z	LAUNCHRES0	5114	hive	141319	A	C	core_destroyed	274
2026-08-13T03:32:07Z	LAUNCHRES0	5115	hive	141319	B	T	core_destroyed	255
2026-08-13T03:32:10Z	LAUNCHRES0	5116	meander	141319	A	C	core_destroyed	254
2026-08-13T03:32:11Z	LAUNCHRES0	5117	meander	141319	B	C	core_destroyed	180
2026-08-13T03:32:12Z	LAUNCHRES0	5118	nordkap	141319	A	T	core_destroyed	158
2026-08-13T03:32:13Z	LAUNCHRES0	5119	nordkap	141319	B	C	core_destroyed	240
2026-08-13T03:32:15Z	LAUNCHRES0	5120	antler	141320	A	T	core_destroyed	189
2026-08-13T03:32:18Z	LAUNCHRES0	5121	antler	141320	B	C	core_destroyed	312
2026-08-13T03:32:20Z	LAUNCHRES0	5122	atoll	141320	A	C	core_destroyed	416
2026-08-13T03:32:21Z	LAUNCHRES0	5123	atoll	141320	B	C	core_destroyed	525
2026-08-13T03:32:25Z	LAUNCHRES0	5124	drumlin	141320	A	T	core_destroyed	263
2026-08-13T03:32:27Z	LAUNCHRES0	5125	drumlin	141320	B	C	core_destroyed	126
2026-08-13T03:32:29Z	LAUNCHRES0	5126	fjordgate	141320	A	C	core_destroyed	415
2026-08-13T03:32:31Z	LAUNCHRES0	5127	fjordgate	141320	B	C	core_destroyed	632
2026-08-13T03:32:33Z	LAUNCHRES0	5128	heart	141320	A	T	core_destroyed	189
2026-08-13T03:32:39Z	LAUNCHRES0	5129	heart	141320	B	C	tiebreak	1000
2026-08-13T03:32:43Z	LAUNCHRES0	5130	hive	141320	A	T	core_destroyed	292
2026-08-13T03:32:45Z	LAUNCHRES0	5131	hive	141320	B	C	core_destroyed	164
2026-08-13T03:32:46Z	LAUNCHRES0	5132	meander	141320	A	C	core_destroyed	116
2026-08-13T03:32:48Z	LAUNCHRES0	5133	meander	141320	B	C	core_destroyed	251
2026-08-13T03:32:49Z	LAUNCHRES0	5134	nordkap	141320	A	C	core_destroyed	436
2026-08-13T03:32:51Z	LAUNCHRES0	5135	nordkap	141320	B	T	core_destroyed	185
2026-08-13T03:32:52Z	LAUNCHRES0	5136	antler	141321	A	C	tiebreak	156
2026-08-13T03:32:54Z	LAUNCHRES0	5137	antler	141321	B	T	core_destroyed	198
2026-08-13T03:32:55Z	LAUNCHRES0	5138	atoll	141321	A	C	core_destroyed	194
2026-08-13T03:32:56Z	LAUNCHRES0	5139	atoll	141321	B	C	core_destroyed	165
2026-08-13T03:33:01Z	LAUNCHRES0	5140	drumlin	141321	A	T	core_destroyed	359
2026-08-13T03:33:03Z	LAUNCHRES0	5141	drumlin	141321	B	C	core_destroyed	204
2026-08-13T03:33:04Z	LAUNCHRES0	5142	fjordgate	141321	A	T	core_destroyed	221
2026-08-13T03:33:06Z	LAUNCHRES0	5143	fjordgate	141321	B	T	tiebreak	1000
2026-08-13T03:33:10Z	LAUNCHRES0	5144	heart	141321	A	T	core_destroyed	324
2026-08-13T03:33:12Z	LAUNCHRES0	5145	heart	141321	B	C	core_destroyed	192
2026-08-13T03:33:14Z	LAUNCHRES0	5146	hive	141321	A	T	core_destroyed	96
2026-08-13T03:33:18Z	LAUNCHRES0	5147	hive	141321	B	T	core_destroyed	296
2026-08-13T03:33:20Z	LAUNCHRES0	5148	meander	141321	A	T	tiebreak	1000
2026-08-13T03:33:22Z	LAUNCHRES0	5149	meander	141321	B	C	core_destroyed	147
2026-08-13T03:33:23Z	LAUNCHRES0	5150	nordkap	141321	A	T	core_destroyed	253
2026-08-13T03:33:26Z	LAUNCHRES0	5151	nordkap	141321	B	C	core_destroyed	322
2026-08-13T03:33:27Z	LAUNCHRES0	5152	antler	141322	A	T	core_destroyed	101
2026-08-13T03:33:29Z	LAUNCHRES0	5153	antler	141322	B	C	core_destroyed	232
2026-08-13T03:33:32Z	LAUNCHRES0	5154	atoll	141322	A	C	core_destroyed	280
2026-08-13T03:33:34Z	LAUNCHRES0	5155	atoll	141322	B	C	core_destroyed	602
2026-08-13T03:33:36Z	LAUNCHRES0	5156	drumlin	141322	A	T	core_destroyed	210
2026-08-13T03:33:37Z	LAUNCHRES0	5157	drumlin	141322	B	C	core_destroyed	139
2026-08-13T03:33:38Z	LAUNCHRES0	5158	fjordgate	141322	A	C	core_destroyed	112
2026-08-13T03:33:40Z	LAUNCHRES0	5159	fjordgate	141322	B	T	core_destroyed	180
2026-08-13T03:33:45Z	LAUNCHRES0	5160	heart	141322	A	C	core_destroyed	349
2026-08-13T03:33:53Z	LAUNCHRES0	5161	heart	141322	B	T	core_destroyed	425
2026-08-13T03:33:57Z	LAUNCHRES0	5162	hive	141322	A	T	core_destroyed	260
2026-08-13T03:33:59Z	LAUNCHRES0	5163	hive	141322	B	C	core_destroyed	170
2026-08-13T03:34:01Z	LAUNCHRES0	5164	meander	141322	A	T	core_destroyed	274
2026-08-13T03:34:02Z	LAUNCHRES0	5165	meander	141322	B	C	core_destroyed	107
2026-08-13T03:34:03Z	LAUNCHRES0	5166	nordkap	141322	A	C	core_destroyed	259
2026-08-13T03:34:05Z	LAUNCHRES0	5167	nordkap	141322	B	C	core_destroyed	498
2026-08-13T03:34:06Z	LAUNCHRES0	5168	antler	141323	A	C	core_destroyed	188
2026-08-13T03:34:09Z	LAUNCHRES0	5169	antler	141323	B	C	core_destroyed	326
2026-08-13T03:34:10Z	LAUNCHRES0	5170	atoll	141323	A	T	core_destroyed	217
2026-08-13T03:34:12Z	LAUNCHRES0	5171	atoll	141323	B	C	core_destroyed	513
2026-08-13T03:34:15Z	LAUNCHRES0	5172	drumlin	141323	A	C	core_destroyed	214
2026-08-13T03:34:16Z	LAUNCHRES0	5173	drumlin	141323	B	C	core_destroyed	87
2026-08-13T03:34:18Z	LAUNCHRES0	5174	fjordgate	141323	A	C	core_destroyed	280
2026-08-13T03:34:19Z	LAUNCHRES0	5175	fjordgate	141323	B	C	core_destroyed	130
2026-08-13T03:34:21Z	LAUNCHRES0	5176	heart	141323	A	C	core_destroyed	185
2026-08-13T03:34:23Z	LAUNCHRES0	5177	heart	141323	B	C	core_destroyed	134
2026-08-13T03:34:28Z	LAUNCHRES0	5178	hive	141323	A	T	core_destroyed	344
2026-08-13T03:34:29Z	LAUNCHRES0	5179	hive	141323	B	C	core_destroyed	157
2026-08-13T03:34:33Z	LAUNCHRES0	5180	meander	141323	A	T	tiebreak	1000
2026-08-13T03:34:34Z	LAUNCHRES0	5181	meander	141323	B	C	core_destroyed	236
2026-08-13T03:34:36Z	LAUNCHRES0	5182	nordkap	141323	A	C	tiebreak	1000
2026-08-13T03:34:38Z	LAUNCHRES0	5183	nordkap	141323	B	T	core_destroyed	165
2026-08-13T03:34:40Z	LAUNCHRES0	5184	antler	141324	A	C	core_destroyed	298
2026-08-13T03:34:43Z	LAUNCHRES0	5185	antler	141324	B	T	tiebreak	1000
2026-08-13T03:34:45Z	LAUNCHRES0	5186	atoll	141324	A	T	core_destroyed	199
2026-08-13T03:34:47Z	LAUNCHRES0	5187	atoll	141324	B	C	core_destroyed	268
2026-08-13T03:34:49Z	LAUNCHRES0	5188	drumlin	141324	A	T	core_destroyed	155
2026-08-13T03:34:52Z	LAUNCHRES0	5189	drumlin	141324	B	T	core_destroyed	259
2026-08-13T03:34:53Z	LAUNCHRES0	5190	fjordgate	141324	A	C	core_destroyed	156
2026-08-13T03:34:57Z	LAUNCHRES0	5191	fjordgate	141324	B	C	core_destroyed	720
2026-08-13T03:35:01Z	LAUNCHRES0	5192	heart	141324	A	C	core_destroyed	465
2026-08-13T03:35:02Z	LAUNCHRES0	5193	heart	141324	B	C	core_destroyed	139
2026-08-13T03:35:05Z	LAUNCHRES0	5194	hive	141324	A	C	core_destroyed	180
2026-08-13T03:35:08Z	LAUNCHRES0	5195	hive	141324	B	T	core_destroyed	214
2026-08-13T03:35:09Z	LAUNCHRES0	5196	meander	141324	A	T	core_destroyed	163
2026-08-13T03:35:11Z	LAUNCHRES0	5197	meander	141324	B	C	core_destroyed	207
2026-08-13T03:35:13Z	LAUNCHRES0	5198	nordkap	141324	A	C	core_destroyed	247
2026-08-13T03:35:17Z	LAUNCHRES0	5199	nordkap	141324	B	C	core_destroyed	509
2026-08-13T03:35:20Z	LAUNCHRES0	5200	antler	141325	A	C	tiebreak	1000
2026-08-13T03:35:22Z	LAUNCHRES0	5201	antler	141325	B	T	core_destroyed	285
2026-08-13T03:35:24Z	LAUNCHRES0	5202	atoll	141325	A	C	core_destroyed	424
2026-08-13T03:35:25Z	LAUNCHRES0	5203	atoll	141325	B	T	core_destroyed	86
2026-08-13T03:35:26Z	LAUNCHRES0	5204	drumlin	141325	A	T	core_destroyed	94
2026-08-13T03:35:28Z	LAUNCHRES0	5205	drumlin	141325	B	T	core_destroyed	129
2026-08-13T03:35:29Z	LAUNCHRES0	5206	fjordgate	141325	A	C	core_destroyed	181
2026-08-13T03:35:30Z	LAUNCHRES0	5207	fjordgate	141325	B	T	core_destroyed	476
2026-08-13T03:35:36Z	LAUNCHRES0	5208	heart	141325	A	T	tiebreak	1000
2026-08-13T03:35:38Z	LAUNCHRES0	5209	heart	141325	B	C	tiebreak	1000
2026-08-13T03:35:44Z	LAUNCHRES0	5210	hive	141325	A	T	core_destroyed	354
2026-08-13T03:35:48Z	LAUNCHRES0	5211	hive	141325	B	C	core_destroyed	366
2026-08-13T03:35:50Z	LAUNCHRES0	5212	meander	141325	A	T	core_destroyed	296
2026-08-13T03:35:51Z	LAUNCHRES0	5213	meander	141325	B	C	core_destroyed	136
2026-08-13T03:35:52Z	LAUNCHRES0	5214	nordkap	141325	A	C	core_destroyed	122
2026-08-13T03:35:54Z	LAUNCHRES0	5215	nordkap	141325	B	C	core_destroyed	195
2026-08-13T03:35:55Z	LAUNCHRES0	5216	antler	141326	A	T	core_destroyed	219
2026-08-13T03:35:57Z	LAUNCHRES0	5217	antler	141326	B	C	core_destroyed	166
2026-08-13T03:36:02Z	LAUNCHRES0	5218	atoll	141326	A	C	core_destroyed	436
2026-08-13T03:36:03Z	LAUNCHRES0	5219	atoll	141326	B	T	core_destroyed	104
2026-08-13T03:36:05Z	LAUNCHRES0	5220	drumlin	141326	A	C	core_destroyed	179
2026-08-13T03:36:06Z	LAUNCHRES0	5221	drumlin	141326	B	C	core_destroyed	120
2026-08-13T03:36:07Z	LAUNCHRES0	5222	fjordgate	141326	A	T	core_destroyed	94
2026-08-13T03:36:09Z	LAUNCHRES0	5223	fjordgate	141326	B	T	core_destroyed	411
2026-08-13T03:36:10Z	LAUNCHRES0	5224	heart	141326	A	T	core_destroyed	81
2026-08-13T03:36:12Z	LAUNCHRES0	5225	heart	141326	B	C	core_destroyed	206
2026-08-13T03:36:14Z	LAUNCHRES0	5226	hive	141326	A	C	core_destroyed	117
2026-08-13T03:36:17Z	LAUNCHRES0	5227	hive	141326	B	T	core_destroyed	214
2026-08-13T03:36:18Z	LAUNCHRES0	5228	meander	141326	A	T	core_destroyed	119
2026-08-13T03:36:20Z	LAUNCHRES0	5229	meander	141326	B	T	core_destroyed	254
2026-08-13T03:36:22Z	LAUNCHRES0	5230	nordkap	141326	A	C	core_destroyed	193
2026-08-13T03:36:23Z	LAUNCHRES0	5231	nordkap	141326	B	T	core_destroyed	198
2026-08-13T03:36:25Z	LAUNCHRES0	5232	antler	141327	A	C	core_destroyed	179
2026-08-13T03:36:27Z	LAUNCHRES0	5233	antler	141327	B	T	core_destroyed	223
2026-08-13T03:36:28Z	LAUNCHRES0	5234	atoll	141327	A	C	core_destroyed	242
2026-08-13T03:36:30Z	LAUNCHRES0	5235	atoll	141327	B	C	core_destroyed	261
2026-08-13T03:36:32Z	LAUNCHRES0	5236	drumlin	141327	A	T	core_destroyed	265
2026-08-13T03:36:36Z	LAUNCHRES0	5237	drumlin	141327	B	C	core_destroyed	293
2026-08-13T03:36:38Z	LAUNCHRES0	5238	fjordgate	141327	A	C	tiebreak	1000
2026-08-13T03:36:40Z	LAUNCHRES0	5239	fjordgate	141327	B	C	core_destroyed	191
2026-08-13T03:36:42Z	LAUNCHRES0	5240	heart	141327	A	T	core_destroyed	167
2026-08-13T03:36:45Z	LAUNCHRES0	5241	heart	141327	B	C	core_destroyed	214
2026-08-13T03:36:46Z	LAUNCHRES0	5242	hive	141327	A	C	core_destroyed	128
2026-08-13T03:36:50Z	LAUNCHRES0	5243	hive	141327	B	C	core_destroyed	296
2026-08-13T03:36:51Z	LAUNCHRES0	5244	meander	141327	A	C	core_destroyed	166
2026-08-13T03:36:52Z	LAUNCHRES0	5245	meander	141327	B	T	core_destroyed	150
2026-08-13T03:36:54Z	LAUNCHRES0	5246	nordkap	141327	A	C	core_destroyed	236
2026-08-13T03:36:55Z	LAUNCHRES0	5247	nordkap	141327	B	T	core_destroyed	154
2026-08-13T03:36:56Z	LAUNCHRES0	5248	antler	141328	A	T	core_destroyed	100
2026-08-13T03:36:59Z	LAUNCHRES0	5249	antler	141328	B	T	core_destroyed	416
2026-08-13T03:37:00Z	LAUNCHRES0	5250	atoll	141328	A	T	core_destroyed	512
2026-08-13T03:37:01Z	LAUNCHRES0	5251	atoll	141328	B	T	core_destroyed	180
2026-08-13T03:37:08Z	LAUNCHRES0	5252	drumlin	141328	A	C	core_destroyed	479
2026-08-13T03:37:12Z	LAUNCHRES0	5253	drumlin	141328	B	C	core_destroyed	399
2026-08-13T03:37:15Z	LAUNCHRES0	5254	fjordgate	141328	A	T	core_destroyed	609
2026-08-13T03:37:16Z	LAUNCHRES0	5255	fjordgate	141328	B	T	core_destroyed	164
2026-08-13T03:37:22Z	LAUNCHRES0	5256	heart	141328	A	C	core_destroyed	281
2026-08-13T03:37:29Z	LAUNCHRES0	5257	heart	141328	B	T	core_destroyed	488
2026-08-13T03:37:33Z	LAUNCHRES0	5258	hive	141328	A	C	core_destroyed	313
2026-08-13T03:37:34Z	LAUNCHRES0	5259	hive	141328	B	T	core_destroyed	123
2026-08-13T03:37:36Z	LAUNCHRES0	5260	meander	141328	A	C	core_destroyed	152
2026-08-13T03:37:37Z	LAUNCHRES0	5261	meander	141328	B	T	core_destroyed	277
2026-08-13T03:37:39Z	LAUNCHRES0	5262	nordkap	141328	A	C	core_destroyed	222
2026-08-13T03:37:43Z	LAUNCHRES0	5263	nordkap	141328	B	T	core_destroyed	535
2026-08-13T03:37:45Z	LAUNCHRES0	5264	antler	141329	A	T	core_destroyed	183
2026-08-13T03:37:47Z	LAUNCHRES0	5265	antler	141329	B	C	core_destroyed	160
2026-08-13T03:37:50Z	LAUNCHRES0	5266	atoll	141329	A	C	core_destroyed	389
2026-08-13T03:37:51Z	LAUNCHRES0	5267	atoll	141329	B	T	core_destroyed	136
2026-08-13T03:37:55Z	LAUNCHRES0	5268	drumlin	141329	A	C	core_destroyed	286
2026-08-13T03:37:57Z	LAUNCHRES0	5269	drumlin	141329	B	C	core_destroyed	295
2026-08-13T03:37:58Z	LAUNCHRES0	5270	fjordgate	141329	A	C	core_destroyed	152
2026-08-13T03:37:59Z	LAUNCHRES0	5271	fjordgate	141329	B	C	core_destroyed	258
2026-08-13T03:38:04Z	LAUNCHRES0	5272	heart	141329	A	T	tiebreak	1000
2026-08-13T03:38:12Z	LAUNCHRES0	5273	heart	141329	B	C	core_destroyed	504
2026-08-13T03:38:15Z	LAUNCHRES0	5274	hive	141329	A	C	core_destroyed	182
2026-08-13T03:38:17Z	LAUNCHRES0	5275	hive	141329	B	C	core_destroyed	128
2026-08-13T03:38:18Z	LAUNCHRES0	5276	meander	141329	A	T	core_destroyed	302
2026-08-13T03:38:21Z	LAUNCHRES0	5277	meander	141329	B	T	tiebreak	1000
2026-08-13T03:38:22Z	LAUNCHRES0	5278	nordkap	141329	A	T	core_destroyed	399
2026-08-13T03:38:25Z	LAUNCHRES0	5279	nordkap	141329	B	C	tiebreak	1000
2026-08-13T03:38:26Z	LAUNCHRES0	5280	antler	141330	A	C	core_destroyed	306
2026-08-13T03:38:28Z	LAUNCHRES0	5281	antler	141330	B	T	core_destroyed	291
2026-08-13T03:38:30Z	LAUNCHRES0	5282	atoll	141330	A	T	core_destroyed	270
2026-08-13T03:38:34Z	LAUNCHRES0	5283	atoll	141330	B	C	core_destroyed	567
2026-08-13T03:38:36Z	LAUNCHRES0	5284	drumlin	141330	A	C	core_destroyed	173
2026-08-13T03:38:39Z	LAUNCHRES0	5285	drumlin	141330	B	T	core_destroyed	310
2026-08-13T03:38:41Z	LAUNCHRES0	5286	fjordgate	141330	A	T	core_destroyed	126
2026-08-13T03:38:41Z	LAUNCHRES0	5287	fjordgate	141330	B	T	core_destroyed	132
2026-08-13T03:38:43Z	LAUNCHRES0	5288	heart	141330	A	C	core_destroyed	119
2026-08-13T03:38:44Z	LAUNCHRES0	5289	heart	141330	B	C	core_destroyed	118
2026-08-13T03:38:47Z	LAUNCHRES0	5290	hive	141330	A	C	core_destroyed	221
2026-08-13T03:38:49Z	LAUNCHRES0	5291	hive	141330	B	C	core_destroyed	190
2026-08-13T03:38:50Z	LAUNCHRES0	5292	meander	141330	A	C	core_destroyed	166
2026-08-13T03:38:51Z	LAUNCHRES0	5293	meander	141330	B	C	core_destroyed	172
2026-08-13T03:38:54Z	LAUNCHRES0	5294	nordkap	141330	A	T	core_destroyed	251
2026-08-13T03:38:56Z	LAUNCHRES0	5295	nordkap	141330	B	C	core_destroyed	211
2026-08-13T03:38:57Z	LAUNCHRES0	5296	antler	141331	A	T	core_destroyed	375
2026-08-13T03:38:59Z	LAUNCHRES0	5297	antler	141331	B	C	core_destroyed	265
2026-08-13T03:39:01Z	LAUNCHRES0	5298	atoll	141331	A	T	core_destroyed	340
2026-08-13T03:39:02Z	LAUNCHRES0	5299	atoll	141331	B	C	core_destroyed	345
2026-08-13T03:39:04Z	LAUNCHRES0	5300	drumlin	141331	A	C	core_destroyed	159
2026-08-13T03:39:05Z	LAUNCHRES0	5301	drumlin	141331	B	C	core_destroyed	119
2026-08-13T03:39:07Z	LAUNCHRES0	5302	fjordgate	141331	A	C	core_destroyed	296
2026-08-13T03:39:09Z	LAUNCHRES0	5303	fjordgate	141331	B	T	core_destroyed	297
2026-08-13T03:39:10Z	LAUNCHRES0	5304	heart	141331	A	T	core_destroyed	597
2026-08-13T03:39:20Z	LAUNCHRES0	5305	heart	141331	B	C	tiebreak	1000
2026-08-13T03:39:22Z	LAUNCHRES0	5306	hive	141331	A	C	core_destroyed	240
2026-08-13T03:39:26Z	LAUNCHRES0	5307	hive	141331	B	T	core_destroyed	497
2026-08-13T03:39:28Z	LAUNCHRES0	5308	meander	141331	A	C	core_destroyed	183
2026-08-13T03:39:29Z	LAUNCHRES0	5309	meander	141331	B	T	core_destroyed	162
2026-08-13T03:39:32Z	LAUNCHRES0	5310	nordkap	141331	A	T	tiebreak	1000
2026-08-13T03:39:33Z	LAUNCHRES0	5311	nordkap	141331	B	C	core_destroyed	390
2026-08-13T03:39:35Z	LAUNCHRES0	5312	antler	141332	A	T	core_destroyed	196
2026-08-13T03:39:37Z	LAUNCHRES0	5313	antler	141332	B	C	tiebreak	123
2026-08-13T03:39:39Z	LAUNCHRES0	5314	atoll	141332	A	T	core_destroyed	333
2026-08-13T03:39:42Z	LAUNCHRES0	5315	atoll	141332	B	C	core_destroyed	546
2026-08-13T03:39:46Z	LAUNCHRES0	5316	drumlin	141332	A	T	core_destroyed	501
2026-08-13T03:39:50Z	LAUNCHRES0	5317	drumlin	141332	B	T	core_destroyed	493
2026-08-13T03:39:51Z	LAUNCHRES0	5318	fjordgate	141332	A	C	core_destroyed	106
2026-08-13T03:39:53Z	LAUNCHRES0	5319	fjordgate	141332	B	C	tiebreak	1000
2026-08-13T03:39:56Z	LAUNCHRES0	5320	heart	141332	A	T	core_destroyed	144
2026-08-13T03:40:01Z	LAUNCHRES0	5321	heart	141332	B	C	core_destroyed	406
2026-08-13T03:40:02Z	LAUNCHRES0	5322	hive	141332	A	C	core_destroyed	196
2026-08-13T03:40:04Z	LAUNCHRES0	5323	hive	141332	B	T	core_destroyed	163
2026-08-13T03:40:06Z	LAUNCHRES0	5324	meander	141332	A	C	core_destroyed	240
2026-08-13T03:40:08Z	LAUNCHRES0	5325	meander	141332	B	C	core_destroyed	126
2026-08-13T03:40:09Z	LAUNCHRES0	5326	nordkap	141332	A	C	core_destroyed	302
2026-08-13T03:40:12Z	LAUNCHRES0	5327	nordkap	141332	B	T	core_destroyed	390
2026-08-13T03:40:13Z	LAUNCHRES0	5328	antler	141333	A	C	core_destroyed	129
2026-08-13T03:40:15Z	LAUNCHRES0	5329	antler	141333	B	C	core_destroyed	175
2026-08-13T03:40:18Z	LAUNCHRES0	5330	atoll	141333	A	T	core_destroyed	360
2026-08-13T03:40:19Z	LAUNCHRES0	5331	atoll	141333	B	T	core_destroyed	104
2026-08-13T03:40:23Z	LAUNCHRES0	5332	drumlin	141333	A	T	core_destroyed	277
2026-08-13T03:40:25Z	LAUNCHRES0	5333	drumlin	141333	B	C	core_destroyed	179
2026-08-13T03:40:27Z	LAUNCHRES0	5334	fjordgate	141333	A	T	core_destroyed	152
2026-08-13T03:40:28Z	LAUNCHRES0	5335	fjordgate	141333	B	C	core_destroyed	117
2026-08-13T03:40:33Z	LAUNCHRES0	5336	heart	141333	A	C	core_destroyed	363
2026-08-13T03:40:39Z	LAUNCHRES0	5337	heart	141333	B	C	core_destroyed	887
2026-08-13T03:40:50Z	LAUNCHRES0	5338	hive	141333	A	T	tiebreak	1000
2026-08-13T03:40:54Z	LAUNCHRES0	5339	hive	141333	B	C	core_destroyed	307
2026-08-13T03:40:55Z	LAUNCHRES0	5340	meander	141333	A	C	core_destroyed	217
2026-08-13T03:40:58Z	LAUNCHRES0	5341	meander	141333	B	C	core_destroyed	615
2026-08-13T03:41:01Z	LAUNCHRES0	5342	nordkap	141333	A	T	core_destroyed	322
2026-08-13T03:41:02Z	LAUNCHRES0	5343	nordkap	141333	B	T	core_destroyed	196
2026-08-13T03:41:04Z	LAUNCHRES0	5344	antler	141334	A	T	core_destroyed	252
2026-08-13T03:41:05Z	LAUNCHRES0	5345	antler	141334	B	C	core_destroyed	128
2026-08-13T03:41:07Z	LAUNCHRES0	5346	atoll	141334	A	C	core_destroyed	159
2026-08-13T03:41:10Z	LAUNCHRES0	5347	atoll	141334	B	C	core_destroyed	347
2026-08-13T03:41:13Z	LAUNCHRES0	5348	drumlin	141334	A	C	core_destroyed	181
2026-08-13T03:41:15Z	LAUNCHRES0	5349	drumlin	141334	B	C	core_destroyed	215
2026-08-13T03:41:16Z	LAUNCHRES0	5350	fjordgate	141334	A	T	core_destroyed	110
2026-08-13T03:41:17Z	LAUNCHRES0	5351	fjordgate	141334	B	T	core_destroyed	126
2026-08-13T03:41:20Z	LAUNCHRES0	5352	heart	141334	A	T	core_destroyed	403
2026-08-13T03:41:28Z	LAUNCHRES0	5353	heart	141334	B	T	core_destroyed	701
2026-08-13T03:41:35Z	LAUNCHRES0	5354	hive	141334	A	T	core_destroyed	461
2026-08-13T03:41:37Z	LAUNCHRES0	5355	hive	141334	B	C	core_destroyed	208
2026-08-13T03:41:38Z	LAUNCHRES0	5356	meander	141334	A	T	core_destroyed	114
2026-08-13T03:41:39Z	LAUNCHRES0	5357	meander	141334	B	T	core_destroyed	189
2026-08-13T03:41:40Z	LAUNCHRES0	5358	nordkap	141334	A	T	core_destroyed	123
2026-08-13T03:41:42Z	LAUNCHRES0	5359	nordkap	141334	B	T	core_destroyed	180
2026-08-13T03:41:44Z	LAUNCHRES0	5360	antler	141335	A	C	core_destroyed	290
2026-08-13T03:41:45Z	LAUNCHRES0	5361	antler	141335	B	T	core_destroyed	263
2026-08-13T03:41:46Z	LAUNCHRES0	5362	atoll	141335	A	C	core_destroyed	120
2026-08-13T03:41:47Z	LAUNCHRES0	5363	atoll	141335	B	T	core_destroyed	114
2026-08-13T03:41:49Z	LAUNCHRES0	5364	drumlin	141335	A	C	core_destroyed	144
2026-08-13T03:41:51Z	LAUNCHRES0	5365	drumlin	141335	B	C	core_destroyed	105
2026-08-13T03:41:52Z	LAUNCHRES0	5366	fjordgate	141335	A	C	core_destroyed	605
2026-08-13T03:41:53Z	LAUNCHRES0	5367	fjordgate	141335	B	T	core_destroyed	174
2026-08-13T03:41:59Z	LAUNCHRES0	5368	heart	141335	A	C	core_destroyed	402
2026-08-13T03:42:02Z	LAUNCHRES0	5369	heart	141335	B	C	core_destroyed	278
2026-08-13T03:42:05Z	LAUNCHRES0	5370	hive	141335	A	C	core_destroyed	196
2026-08-13T03:42:08Z	LAUNCHRES0	5371	hive	141335	B	T	core_destroyed	234
2026-08-13T03:42:10Z	LAUNCHRES0	5372	meander	141335	A	T	core_destroyed	340
2026-08-13T03:42:12Z	LAUNCHRES0	5373	meander	141335	B	T	core_destroyed	359
2026-08-13T03:42:14Z	LAUNCHRES0	5374	nordkap	141335	A	C	core_destroyed	200
2026-08-13T03:42:15Z	LAUNCHRES0	5375	nordkap	141335	B	T	core_destroyed	265
2026-08-13T03:42:16Z	LAUNCHRES0	5376	antler	141336	A	C	core_destroyed	308
2026-08-13T03:42:18Z	LAUNCHRES0	5377	antler	141336	B	C	core_destroyed	312
2026-08-13T03:42:21Z	LAUNCHRES0	5378	atoll	141336	A	T	core_destroyed	475
2026-08-13T03:42:23Z	LAUNCHRES0	5379	atoll	141336	B	T	core_destroyed	610
2026-08-13T03:42:27Z	LAUNCHRES0	5380	drumlin	141336	A	T	core_destroyed	305
2026-08-13T03:42:31Z	LAUNCHRES0	5381	drumlin	141336	B	C	core_destroyed	468
2026-08-13T03:42:33Z	LAUNCHRES0	5382	fjordgate	141336	A	T	core_destroyed	242
2026-08-13T03:42:34Z	LAUNCHRES0	5383	fjordgate	141336	B	C	core_destroyed	147
2026-08-13T03:42:35Z	LAUNCHRES0	5384	heart	141336	A	C	core_destroyed	152
2026-08-13T03:42:38Z	LAUNCHRES0	5385	heart	141336	B	T	core_destroyed	196
2026-08-13T03:42:41Z	LAUNCHRES0	5386	hive	141336	A	C	core_destroyed	239
2026-08-13T03:42:42Z	LAUNCHRES0	5387	hive	141336	B	T	core_destroyed	131
2026-08-13T03:42:44Z	LAUNCHRES0	5388	meander	141336	A	C	core_destroyed	186
2026-08-13T03:42:45Z	LAUNCHRES0	5389	meander	141336	B	T	core_destroyed	163
2026-08-13T03:42:46Z	LAUNCHRES0	5390	nordkap	141336	A	T	core_destroyed	156
2026-08-13T03:42:49Z	LAUNCHRES0	5391	nordkap	141336	B	T	core_destroyed	273
2026-08-13T03:42:51Z	LAUNCHRES0	5392	antler	141337	A	C	core_destroyed	241
2026-08-13T03:42:53Z	LAUNCHRES0	5393	antler	141337	B	C	tiebreak	1000
2026-08-13T03:42:55Z	LAUNCHRES0	5394	atoll	141337	A	C	core_destroyed	88
2026-08-13T03:42:56Z	LAUNCHRES0	5395	atoll	141337	B	C	core_destroyed	533
2026-08-13T03:42:57Z	LAUNCHRES0	5396	drumlin	141337	A	C	core_destroyed	130
2026-08-13T03:42:59Z	LAUNCHRES0	5397	drumlin	141337	B	T	core_destroyed	138
2026-08-13T03:43:00Z	LAUNCHRES0	5398	fjordgate	141337	A	T	core_destroyed	132
2026-08-13T03:43:01Z	LAUNCHRES0	5399	fjordgate	141337	B	C	core_destroyed	171
2026-08-13T03:43:03Z	LAUNCHRES0	5400	heart	141337	A	C	core_destroyed	124
2026-08-13T03:43:04Z	LAUNCHRES0	5401	heart	141337	B	C	core_destroyed	192
2026-08-13T03:43:05Z	LAUNCHRES0	5402	hive	141337	A	T	core_destroyed	82
2026-08-13T03:43:15Z	LAUNCHRES0	5403	hive	141337	B	C	tiebreak	1000
2026-08-13T03:43:16Z	LAUNCHRES0	5404	meander	141337	A	T	core_destroyed	159
2026-08-13T03:43:18Z	LAUNCHRES0	5405	meander	141337	B	T	core_destroyed	258
2026-08-13T03:43:19Z	LAUNCHRES0	5406	nordkap	141337	A	T	core_destroyed	189
2026-08-13T03:43:21Z	LAUNCHRES0	5407	nordkap	141337	B	T	tiebreak	1000
