ts	shard	game	map	seed	seat	winner	cond	turns
2026-08-13T10:51:54Z	NULL125	0	antler	215000	A	T	core_destroyed	172
2026-08-13T10:51:57Z	NULL125	1	antler	215000	B	C	tiebreak	1000
2026-08-13T10:51:59Z	NULL125	2	archipelago	215000	A	C	core_destroyed	507
2026-08-13T10:52:00Z	NULL125	3	archipelago	215000	B	T	core_destroyed	85
2026-08-13T10:52:02Z	NULL125	4	auroraveil	215000	A	C	core_destroyed	100
2026-08-13T10:52:04Z	NULL125	5	auroraveil	215000	B	C	core_destroyed	450
2026-08-13T10:52:13Z	NULL125	6	drakkarfjord	215000	A	C	tiebreak	1000
2026-08-13T10:52:19Z	NULL125	7	drakkarfjord	215000	B	T	core_destroyed	541
2026-08-13T10:52:21Z	NULL125	8	drumlin	215000	A	C	core_destroyed	183
2026-08-13T10:52:24Z	NULL125	9	drumlin	215000	B	C	core_destroyed	310
2026-08-13T10:52:25Z	NULL125	10	fjordgate	215000	A	T	core_destroyed	205
2026-08-13T10:52:27Z	NULL125	11	fjordgate	215000	B	T	core_destroyed	273
2026-08-13T10:52:29Z	NULL125	12	frostgate	215000	A	T	core_destroyed	261
2026-08-13T10:52:30Z	NULL125	13	frostgate	215000	B	C	core_destroyed	114
2026-08-13T10:52:31Z	NULL125	14	glacierkeep	215000	A	T	core_destroyed	127
2026-08-13T10:52:33Z	NULL125	15	glacierkeep	215000	B	C	core_destroyed	103
2026-08-13T10:52:35Z	NULL125	16	icefloe	215000	A	T	core_destroyed	191
2026-08-13T10:52:38Z	NULL125	17	icefloe	215000	B	C	core_destroyed	361
2026-08-13T10:52:41Z	NULL125	18	midgard	215000	A	T	core_destroyed	125
2026-08-13T10:52:43Z	NULL125	19	midgard	215000	B	T	core_destroyed	124
2026-08-13T10:52:45Z	NULL125	20	nordkap	215000	A	T	core_destroyed	523
2026-08-13T10:52:47Z	NULL125	21	nordkap	215000	B	T	tiebreak	1000
2026-08-13T10:52:49Z	NULL125	22	ragnarok	215000	A	T	core_destroyed	153
2026-08-13T10:52:52Z	NULL125	23	ragnarok	215000	B	T	core_destroyed	163
2026-08-13T10:52:53Z	NULL125	24	royale	215000	A	C	core_destroyed	480
2026-08-13T10:52:55Z	NULL125	25	royale	215000	B	T	core_destroyed	356
2026-08-13T10:52:58Z	NULL125	26	valkyrie	215000	A	C	core_destroyed	204
2026-08-13T10:53:00Z	NULL125	27	valkyrie	215000	B	T	core_destroyed	147
2026-08-13T10:53:02Z	NULL125	28	yulerune	215000	A	C	core_destroyed	159
2026-08-13T10:53:07Z	NULL125	29	yulerune	215000	B	C	core_destroyed	830
2026-08-13T10:53:10Z	NULL125	30	antler	215001	A	T	core_destroyed	401
2026-08-13T10:53:11Z	NULL125	31	antler	215001	B	T	core_destroyed	131
2026-08-13T10:53:15Z	NULL125	32	archipelago	215001	A	C	core_destroyed	254
2026-08-13T10:53:16Z	NULL125	33	archipelago	215001	B	T	core_destroyed	305
2026-08-13T10:53:18Z	NULL125	34	auroraveil	215001	A	T	core_destroyed	166
2026-08-13T10:53:20Z	NULL125	35	auroraveil	215001	B	T	core_destroyed	210
2026-08-13T10:53:27Z	NULL125	36	drakkarfjord	215001	A	T	core_destroyed	599
2026-08-13T10:53:38Z	NULL125	37	drakkarfjord	215001	B	T	core_destroyed	689
2026-08-13T10:53:40Z	NULL125	38	drumlin	215001	A	T	core_destroyed	117
2026-08-13T10:53:41Z	NULL125	39	drumlin	215001	B	C	core_destroyed	122
2026-08-13T10:53:43Z	NULL125	40	fjordgate	215001	A	C	core_destroyed	199
2026-08-13T10:53:44Z	NULL125	41	fjordgate	215001	B	C	core_destroyed	148
2026-08-13T10:53:46Z	NULL125	42	frostgate	215001	A	T	tiebreak	1000
2026-08-13T10:53:49Z	NULL125	43	frostgate	215001	B	T	core_destroyed	320
2026-08-13T10:53:54Z	NULL125	44	glacierkeep	215001	A	C	core_destroyed	323
2026-08-13T10:53:56Z	NULL125	45	glacierkeep	215001	B	C	core_destroyed	150
2026-08-13T10:53:58Z	NULL125	46	icefloe	215001	A	T	core_destroyed	202
2026-08-13T10:54:00Z	NULL125	47	icefloe	215001	B	C	core_destroyed	138
2026-08-13T10:54:02Z	NULL125	48	midgard	215001	A	T	core_destroyed	110
2026-08-13T10:54:04Z	NULL125	49	midgard	215001	B	C	core_destroyed	99
2026-08-13T10:54:06Z	NULL125	50	nordkap	215001	A	T	core_destroyed	240
2026-08-13T10:54:10Z	NULL125	51	nordkap	215001	B	T	core_destroyed	736
2026-08-13T10:54:15Z	NULL125	52	ragnarok	215001	A	T	core_destroyed	191
2026-08-13T10:54:18Z	NULL125	53	ragnarok	215001	B	C	core_destroyed	144
2026-08-13T10:54:19Z	NULL125	54	royale	215001	A	C	core_destroyed	235
2026-08-13T10:54:20Z	NULL125	55	royale	215001	B	T	core_destroyed	245
2026-08-13T10:54:24Z	NULL125	56	valkyrie	215001	A	T	core_destroyed	226
2026-08-13T10:54:27Z	NULL125	57	valkyrie	215001	B	T	core_destroyed	224
2026-08-13T10:54:29Z	NULL125	58	yulerune	215001	A	T	core_destroyed	140
2026-08-13T10:54:31Z	NULL125	59	yulerune	215001	B	T	core_destroyed	221
2026-08-13T10:54:33Z	NULL125	60	antler	215002	A	T	core_destroyed	239
2026-08-13T10:54:37Z	NULL125	61	antler	215002	B	T	tiebreak	1000
2026-08-13T10:54:39Z	NULL125	62	archipelago	215002	A	C	core_destroyed	149
2026-08-13T10:54:46Z	NULL125	63	archipelago	215002	B	T	core_destroyed	322
2026-08-13T10:54:48Z	NULL125	64	auroraveil	215002	A	C	core_destroyed	165
2026-08-13T10:54:49Z	NULL125	65	auroraveil	215002	B	C	core_destroyed	223
2026-08-13T10:54:53Z	NULL125	66	drakkarfjord	215002	A	C	core_destroyed	271
2026-08-13T10:54:55Z	NULL125	67	drakkarfjord	215002	B	T	core_destroyed	115
2026-08-13T10:54:57Z	NULL125	68	drumlin	215002	A	C	core_destroyed	205
2026-08-13T10:54:58Z	NULL125	69	drumlin	215002	B	C	core_destroyed	103
2026-08-13T10:55:01Z	NULL125	70	fjordgate	215002	A	T	core_destroyed	489
2026-08-13T10:55:02Z	NULL125	71	fjordgate	215002	B	C	core_destroyed	97
2026-08-13T10:55:03Z	NULL125	72	frostgate	215002	A	C	core_destroyed	111
2026-08-13T10:55:05Z	NULL125	73	frostgate	215002	B	C	core_destroyed	189
2026-08-13T10:55:06Z	NULL125	74	glacierkeep	215002	A	C	core_destroyed	116
2026-08-13T10:55:10Z	NULL125	75	glacierkeep	215002	B	T	core_destroyed	240
2026-08-13T10:55:12Z	NULL125	76	icefloe	215002	A	T	core_destroyed	220
2026-08-13T10:55:23Z	NULL125	77	icefloe	215002	B	T	tiebreak	1000
2026-08-13T10:55:25Z	NULL125	78	midgard	215002	A	T	core_destroyed	72
2026-08-13T10:55:29Z	NULL125	79	midgard	215002	B	T	tiebreak	1000
2026-08-13T10:55:31Z	NULL125	80	nordkap	215002	A	T	tiebreak	1000
2026-08-13T10:55:33Z	NULL125	81	nordkap	215002	B	C	core_destroyed	237
2026-08-13T10:56:09Z	NULL125	82	ragnarok	215002	A	T	tiebreak	1000
2026-08-13T10:56:14Z	NULL125	83	ragnarok	215002	B	T	core_destroyed	246
2026-08-13T10:56:17Z	NULL125	84	royale	215002	A	T	core_destroyed	374
2026-08-13T10:56:18Z	NULL125	85	royale	215002	B	C	core_destroyed	171
2026-08-13T10:56:20Z	NULL125	86	valkyrie	215002	A	C	core_destroyed	100
2026-08-13T10:56:22Z	NULL125	87	valkyrie	215002	B	T	core_destroyed	98
2026-08-13T10:56:24Z	NULL125	88	yulerune	215002	A	C	core_destroyed	202
2026-08-13T10:56:27Z	NULL125	89	yulerune	215002	B	T	core_destroyed	181
2026-08-13T10:56:31Z	NULL125	90	antler	215003	A	C	core_destroyed	612
2026-08-13T10:56:33Z	NULL125	91	antler	215003	B	T	core_destroyed	209
2026-08-13T10:56:35Z	NULL125	92	archipelago	215003	A	T	core_destroyed	292
2026-08-13T10:56:38Z	NULL125	93	archipelago	215003	B	T	core_destroyed	299
2026-08-13T10:56:40Z	NULL125	94	auroraveil	215003	A	T	core_destroyed	385
2026-08-13T10:56:42Z	NULL125	95	auroraveil	215003	B	C	core_destroyed	371
2026-08-13T10:56:45Z	NULL125	96	drakkarfjord	215003	A	C	core_destroyed	219
2026-08-13T10:56:51Z	NULL125	97	drakkarfjord	215003	B	T	core_destroyed	378
2026-08-13T10:56:56Z	NULL125	98	drumlin	215003	A	C	core_destroyed	358
2026-08-13T10:56:58Z	NULL125	99	drumlin	215003	B	C	core_destroyed	199
2026-08-13T10:56:59Z	NULL125	100	fjordgate	215003	A	T	core_destroyed	160
2026-08-13T10:57:00Z	NULL125	101	fjordgate	215003	B	T	core_destroyed	412
2026-08-13T10:57:04Z	NULL125	102	frostgate	215003	A	T	core_destroyed	425
2026-08-13T10:57:05Z	NULL125	103	frostgate	215003	B	C	core_destroyed	219
2026-08-13T10:57:08Z	NULL125	104	glacierkeep	215003	A	T	core_destroyed	253
2026-08-13T10:57:10Z	NULL125	105	glacierkeep	215003	B	C	core_destroyed	279
2026-08-13T10:57:17Z	NULL125	106	icefloe	215003	A	C	core_destroyed	662
2026-08-13T10:57:19Z	NULL125	107	icefloe	215003	B	C	core_destroyed	151
2026-08-13T10:57:23Z	NULL125	108	midgard	215003	A	T	tiebreak	1000
2026-08-13T10:57:25Z	NULL125	109	midgard	215003	B	T	core_destroyed	91
2026-08-13T10:57:27Z	NULL125	110	nordkap	215003	A	C	core_destroyed	248
2026-08-13T10:57:30Z	NULL125	111	nordkap	215003	B	C	tiebreak	1000
2026-08-13T10:57:33Z	NULL125	112	ragnarok	215003	A	C	core_destroyed	367
2026-08-13T10:57:38Z	NULL125	113	ragnarok	215003	B	C	core_destroyed	191
2026-08-13T10:57:40Z	NULL125	114	royale	215003	A	T	core_destroyed	254
2026-08-13T10:57:41Z	NULL125	115	royale	215003	B	T	core_destroyed	239
2026-08-13T10:57:44Z	NULL125	116	valkyrie	215003	A	C	core_destroyed	156
2026-08-13T10:57:49Z	NULL125	117	valkyrie	215003	B	T	core_destroyed	255
2026-08-13T10:57:54Z	NULL125	118	yulerune	215003	A	C	core_destroyed	459
2026-08-13T10:57:57Z	NULL125	119	yulerune	215003	B	C	core_destroyed	228
2026-08-13T10:57:58Z	NULL125	120	antler	215004	A	T	core_destroyed	98
2026-08-13T10:58:01Z	NULL125	121	antler	215004	B	T	tiebreak	1000
2026-08-13T10:58:03Z	NULL125	122	archipelago	215004	A	T	core_destroyed	204
2026-08-13T10:58:05Z	NULL125	123	archipelago	215004	B	C	core_destroyed	92
2026-08-13T10:58:07Z	NULL125	124	auroraveil	215004	A	T	core_destroyed	184
2026-08-13T10:58:09Z	NULL125	125	auroraveil	215004	B	C	core_destroyed	285
2026-08-13T10:58:11Z	NULL125	126	drakkarfjord	215004	A	T	core_destroyed	191
2026-08-13T10:58:20Z	NULL125	127	drakkarfjord	215004	B	C	core_destroyed	536
2026-08-13T10:58:22Z	NULL125	128	drumlin	215004	A	T	core_destroyed	262
2026-08-13T10:58:26Z	NULL125	129	drumlin	215004	B	C	core_destroyed	287
2026-08-13T10:58:27Z	NULL125	130	fjordgate	215004	A	C	core_destroyed	174
2026-08-13T10:58:28Z	NULL125	131	fjordgate	215004	B	T	core_destroyed	132
2026-08-13T10:58:30Z	NULL125	132	frostgate	215004	A	C	core_destroyed	171
2026-08-13T10:58:32Z	NULL125	133	frostgate	215004	B	C	core_destroyed	302
2026-08-13T10:58:35Z	NULL125	134	glacierkeep	215004	A	T	core_destroyed	373
2026-08-13T10:58:40Z	NULL125	135	glacierkeep	215004	B	C	core_destroyed	618
2026-08-13T10:58:42Z	NULL125	136	icefloe	215004	A	C	core_destroyed	253
2026-08-13T10:58:46Z	NULL125	137	icefloe	215004	B	C	core_destroyed	401
2026-08-13T10:58:48Z	NULL125	138	midgard	215004	A	T	core_destroyed	81
2026-08-13T10:58:51Z	NULL125	139	midgard	215004	B	C	core_destroyed	123
2026-08-13T10:58:54Z	NULL125	140	nordkap	215004	A	T	core_destroyed	290
2026-08-13T10:58:56Z	NULL125	141	nordkap	215004	B	C	core_destroyed	425
2026-08-13T10:59:00Z	NULL125	142	ragnarok	215004	A	T	core_destroyed	179
2026-08-13T10:59:07Z	NULL125	143	ragnarok	215004	B	C	core_destroyed	467
2026-08-13T10:59:10Z	NULL125	144	royale	215004	A	T	tiebreak	1000
2026-08-13T10:59:12Z	NULL125	145	royale	215004	B	T	core_destroyed	480
2026-08-13T10:59:13Z	NULL125	146	valkyrie	215004	A	C	core_destroyed	110
2026-08-13T10:59:16Z	NULL125	147	valkyrie	215004	B	T	core_destroyed	122
2026-08-13T10:59:20Z	NULL125	148	yulerune	215004	A	C	core_destroyed	549
2026-08-13T10:59:21Z	NULL125	149	yulerune	215004	B	C	core_destroyed	118
2026-08-13T10:59:23Z	NULL125	150	antler	215005	A	C	core_destroyed	135
2026-08-13T10:59:25Z	NULL125	151	antler	215005	B	T	core_destroyed	460
2026-08-13T10:59:31Z	NULL125	152	archipelago	215005	A	C	core_destroyed	354
2026-08-13T10:59:33Z	NULL125	153	archipelago	215005	B	T	core_destroyed	123
2026-08-13T10:59:37Z	NULL125	154	auroraveil	215005	A	C	core_destroyed	577
2026-08-13T10:59:39Z	NULL125	155	auroraveil	215005	B	C	core_destroyed	165
2026-08-13T10:59:45Z	NULL125	156	drakkarfjord	215005	A	C	core_destroyed	344
2026-08-13T10:59:56Z	NULL125	157	drakkarfjord	215005	B	C	tiebreak	1000
2026-08-13T10:59:59Z	NULL125	158	drumlin	215005	A	T	core_destroyed	270
2026-08-13T11:00:01Z	NULL125	159	drumlin	215005	B	T	core_destroyed	135
2026-08-13T11:00:02Z	NULL125	160	fjordgate	215005	A	T	core_destroyed	155
2026-08-13T11:00:03Z	NULL125	161	fjordgate	215005	B	T	core_destroyed	270
2026-08-13T11:00:08Z	NULL125	162	frostgate	215005	A	C	core_destroyed	457
2026-08-13T11:00:09Z	NULL125	163	frostgate	215005	B	C	core_destroyed	389
2026-08-13T11:00:11Z	NULL125	164	glacierkeep	215005	A	T	core_destroyed	209
2026-08-13T11:00:12Z	NULL125	165	glacierkeep	215005	B	C	core_destroyed	102
2026-08-13T11:00:15Z	NULL125	166	icefloe	215005	A	C	core_destroyed	250
2026-08-13T11:00:19Z	NULL125	167	icefloe	215005	B	T	core_destroyed	355
2026-08-13T11:00:22Z	NULL125	168	midgard	215005	A	C	core_destroyed	88
2026-08-13T11:00:24Z	NULL125	169	midgard	215005	B	T	core_destroyed	135
2026-08-13T11:00:26Z	NULL125	170	nordkap	215005	A	C	core_destroyed	193
2026-08-13T11:00:27Z	NULL125	171	nordkap	215005	B	C	core_destroyed	221
2026-08-13T11:00:29Z	NULL125	172	ragnarok	215005	A	T	core_destroyed	117
2026-08-13T11:00:32Z	NULL125	173	ragnarok	215005	B	C	core_destroyed	133
2026-08-13T11:00:34Z	NULL125	174	royale	215005	A	T	core_destroyed	493
2026-08-13T11:00:36Z	NULL125	175	royale	215005	B	C	tiebreak	1000
2026-08-13T11:00:38Z	NULL125	176	valkyrie	215005	A	C	core_destroyed	221
2026-08-13T11:00:45Z	NULL125	177	valkyrie	215005	B	C	core_destroyed	346
2026-08-13T11:00:48Z	NULL125	178	yulerune	215005	A	T	core_destroyed	260
2026-08-13T11:00:52Z	NULL125	179	yulerune	215005	B	C	core_destroyed	412
2026-08-13T11:00:53Z	NULL125	180	antler	215006	A	T	core_destroyed	406
2026-08-13T11:00:56Z	NULL125	181	antler	215006	B	C	core_destroyed	433
2026-08-13T11:00:58Z	NULL125	182	archipelago	215006	A	C	core_destroyed	175
2026-08-13T11:01:00Z	NULL125	183	archipelago	215006	B	T	core_destroyed	126
2026-08-13T11:01:03Z	NULL125	184	auroraveil	215006	A	C	core_destroyed	209
2026-08-13T11:01:05Z	NULL125	185	auroraveil	215006	B	T	core_destroyed	260
2026-08-13T11:01:10Z	NULL125	186	drakkarfjord	215006	A	C	core_destroyed	627
2026-08-13T11:01:17Z	NULL125	187	drakkarfjord	215006	B	C	core_destroyed	475
2026-08-13T11:01:19Z	NULL125	188	drumlin	215006	A	T	core_destroyed	189
2026-08-13T11:01:25Z	NULL125	189	drumlin	215006	B	C	core_destroyed	441
2026-08-13T11:01:26Z	NULL125	190	fjordgate	215006	A	C	core_destroyed	281
2026-08-13T11:01:28Z	NULL125	191	fjordgate	215006	B	C	core_destroyed	114
2026-08-13T11:01:39Z	NULL125	192	frostgate	215006	A	T	tiebreak	1000
2026-08-13T11:01:41Z	NULL125	193	frostgate	215006	B	T	core_destroyed	422
2026-08-13T11:01:44Z	NULL125	194	glacierkeep	215006	A	C	core_destroyed	308
2026-08-13T11:01:45Z	NULL125	195	glacierkeep	215006	B	C	core_destroyed	176
2026-08-13T11:01:47Z	NULL125	196	icefloe	215006	A	T	core_destroyed	205
2026-08-13T11:01:49Z	NULL125	197	icefloe	215006	B	C	core_destroyed	125
2026-08-13T11:01:52Z	NULL125	198	midgard	215006	A	C	core_destroyed	197
2026-08-13T11:01:54Z	NULL125	199	midgard	215006	B	T	core_destroyed	108
2026-08-13T11:01:55Z	NULL125	200	nordkap	215006	A	C	core_destroyed	220
2026-08-13T11:01:57Z	NULL125	201	nordkap	215006	B	C	core_destroyed	170
2026-08-13T11:02:02Z	NULL125	202	ragnarok	215006	A	T	core_destroyed	176
2026-08-13T11:02:45Z	NULL125	203	ragnarok	215006	B	T	tiebreak	1000
2026-08-13T11:02:47Z	NULL125	204	royale	215006	A	T	core_destroyed	310
2026-08-13T11:02:50Z	NULL125	205	royale	215006	B	T	core_destroyed	629
2026-08-13T11:02:52Z	NULL125	206	valkyrie	215006	A	C	core_destroyed	164
2026-08-13T11:02:54Z	NULL125	207	valkyrie	215006	B	T	core_destroyed	95
2026-08-13T11:02:58Z	NULL125	208	yulerune	215006	A	C	core_destroyed	472
2026-08-13T11:03:00Z	NULL125	209	yulerune	215006	B	C	core_destroyed	210
2026-08-13T11:03:03Z	NULL125	210	antler	215007	A	T	core_destroyed	331
2026-08-13T11:03:05Z	NULL125	211	antler	215007	B	T	core_destroyed	187
2026-08-13T11:03:09Z	NULL125	212	archipelago	215007	A	T	core_destroyed	369
2026-08-13T11:03:11Z	NULL125	213	archipelago	215007	B	T	core_destroyed	96
2026-08-13T11:03:13Z	NULL125	214	auroraveil	215007	A	T	core_destroyed	151
2026-08-13T11:03:14Z	NULL125	215	auroraveil	215007	B	C	core_destroyed	119
2026-08-13T11:03:28Z	NULL125	216	drakkarfjord	215007	A	C	tiebreak	1000
2026-08-13T11:03:31Z	NULL125	217	drakkarfjord	215007	B	T	core_destroyed	241
2026-08-13T11:03:33Z	NULL125	218	drumlin	215007	A	T	core_destroyed	120
2026-08-13T11:03:37Z	NULL125	219	drumlin	215007	B	C	tiebreak	1000
2026-08-13T11:03:38Z	NULL125	220	fjordgate	215007	A	T	core_destroyed	533
2026-08-13T11:03:41Z	NULL125	221	fjordgate	215007	B	T	tiebreak	1000
2026-08-13T11:03:43Z	NULL125	222	frostgate	215007	A	C	core_destroyed	161
2026-08-13T11:03:45Z	NULL125	223	frostgate	215007	B	T	core_destroyed	409
2026-08-13T11:03:47Z	NULL125	224	glacierkeep	215007	A	T	core_destroyed	235
2026-08-13T11:03:49Z	NULL125	225	glacierkeep	215007	B	C	core_destroyed	230
2026-08-13T11:03:52Z	NULL125	226	icefloe	215007	A	T	core_destroyed	260
2026-08-13T11:03:53Z	NULL125	227	icefloe	215007	B	T	core_destroyed	160
2026-08-13T11:03:56Z	NULL125	228	midgard	215007	A	C	core_destroyed	107
2026-08-13T11:03:58Z	NULL125	229	midgard	215007	B	C	core_destroyed	150
2026-08-13T11:04:01Z	NULL125	230	nordkap	215007	A	C	core_destroyed	240
2026-08-13T11:04:03Z	NULL125	231	nordkap	215007	B	T	core_destroyed	224
2026-08-13T11:04:06Z	NULL125	232	ragnarok	215007	A	T	core_destroyed	141
2026-08-13T11:04:08Z	NULL125	233	ragnarok	215007	B	C	core_destroyed	119
2026-08-13T11:04:11Z	NULL125	234	royale	215007	A	C	tiebreak	1000
2026-08-13T11:04:15Z	NULL125	235	royale	215007	B	T	core_destroyed	401
2026-08-13T11:04:20Z	NULL125	236	valkyrie	215007	A	C	core_destroyed	330
2026-08-13T11:04:22Z	NULL125	237	valkyrie	215007	B	C	core_destroyed	130
2026-08-13T11:04:28Z	NULL125	238	yulerune	215007	A	C	core_destroyed	428
2026-08-13T11:04:38Z	NULL125	239	yulerune	215007	B	C	tiebreak	1000
2026-08-13T11:04:40Z	NULL125	240	antler	215008	A	C	core_destroyed	244
2026-08-13T11:04:42Z	NULL125	241	antler	215008	B	C	core_destroyed	563
2026-08-13T11:04:46Z	NULL125	242	archipelago	215008	A	T	core_destroyed	248
2026-08-13T11:04:48Z	NULL125	243	archipelago	215008	B	T	core_destroyed	128
2026-08-13T11:04:50Z	NULL125	244	auroraveil	215008	A	C	core_destroyed	269
2026-08-13T11:04:51Z	NULL125	245	auroraveil	215008	B	T	core_destroyed	169
2026-08-13T11:04:53Z	NULL125	246	drakkarfjord	215008	A	C	core_destroyed	101
2026-08-13T11:04:55Z	NULL125	247	drakkarfjord	215008	B	T	core_destroyed	109
2026-08-13T11:04:57Z	NULL125	248	drumlin	215008	A	C	core_destroyed	138
2026-08-13T11:05:02Z	NULL125	249	drumlin	215008	B	C	core_destroyed	762
2026-08-13T11:05:03Z	NULL125	250	fjordgate	215008	A	T	core_destroyed	191
2026-08-13T11:05:05Z	NULL125	251	fjordgate	215008	B	C	core_destroyed	182
2026-08-13T11:05:06Z	NULL125	252	frostgate	215008	A	T	core_destroyed	552
2026-08-13T11:05:08Z	NULL125	253	frostgate	215008	B	C	core_destroyed	199
2026-08-13T11:05:09Z	NULL125	254	glacierkeep	215008	A	T	core_destroyed	84
2026-08-13T11:05:11Z	NULL125	255	glacierkeep	215008	B	T	core_destroyed	311
2026-08-13T11:05:13Z	NULL125	256	icefloe	215008	A	C	core_destroyed	185
2026-08-13T11:05:14Z	NULL125	257	icefloe	215008	B	C	core_destroyed	161
2026-08-13T11:05:18Z	NULL125	258	midgard	215008	A	T	core_destroyed	135
2026-08-13T11:05:21Z	NULL125	259	midgard	215008	B	C	core_destroyed	126
2026-08-13T11:05:24Z	NULL125	260	nordkap	215008	A	T	tiebreak	1000
2026-08-13T11:05:27Z	NULL125	261	nordkap	215008	B	C	tiebreak	1000
2026-08-13T11:05:29Z	NULL125	262	ragnarok	215008	A	T	core_destroyed	134
2026-08-13T11:05:34Z	NULL125	263	ragnarok	215008	B	T	core_destroyed	167
2026-08-13T11:05:35Z	NULL125	264	royale	215008	A	T	core_destroyed	484
2026-08-13T11:05:37Z	NULL125	265	royale	215008	B	T	core_destroyed	266
2026-08-13T11:05:50Z	NULL125	266	valkyrie	215008	A	T	core_destroyed	629
2026-08-13T11:06:03Z	NULL125	267	valkyrie	215008	B	T	tiebreak	1000
2026-08-13T11:06:06Z	NULL125	268	yulerune	215008	A	T	core_destroyed	200
2026-08-13T11:06:08Z	NULL125	269	yulerune	215008	B	T	core_destroyed	194
2026-08-13T11:06:10Z	NULL125	270	antler	215009	A	T	core_destroyed	294
2026-08-13T11:06:11Z	NULL125	271	antler	215009	B	T	core_destroyed	214
2026-08-13T11:06:14Z	NULL125	272	archipelago	215009	A	C	core_destroyed	123
2026-08-13T11:06:17Z	NULL125	273	archipelago	215009	B	C	core_destroyed	309
2026-08-13T11:06:19Z	NULL125	274	auroraveil	215009	A	T	core_destroyed	345
2026-08-13T11:06:20Z	NULL125	275	auroraveil	215009	B	T	core_destroyed	188
2026-08-13T11:06:25Z	NULL125	276	drakkarfjord	215009	A	T	core_destroyed	290
2026-08-13T11:06:39Z	NULL125	277	drakkarfjord	215009	B	T	tiebreak	1000
2026-08-13T11:06:40Z	NULL125	278	drumlin	215009	A	T	core_destroyed	147
2026-08-13T11:06:42Z	NULL125	279	drumlin	215009	B	C	core_destroyed	80
2026-08-13T11:06:44Z	NULL125	280	fjordgate	215009	A	T	core_destroyed	504
2026-08-13T11:06:46Z	NULL125	281	fjordgate	215009	B	C	core_destroyed	418
2026-08-13T11:06:48Z	NULL125	282	frostgate	215009	A	T	core_destroyed	193
2026-08-13T11:06:49Z	NULL125	283	frostgate	215009	B	C	core_destroyed	192
2026-08-13T11:06:51Z	NULL125	284	glacierkeep	215009	A	T	core_destroyed	218
2026-08-13T11:06:54Z	NULL125	285	glacierkeep	215009	B	C	core_destroyed	343
2026-08-13T11:06:55Z	NULL125	286	icefloe	215009	A	T	core_destroyed	209
2026-08-13T11:06:59Z	NULL125	287	icefloe	215009	B	C	core_destroyed	392
2026-08-13T11:07:02Z	NULL125	288	midgard	215009	A	T	core_destroyed	135
2026-08-13T11:07:04Z	NULL125	289	midgard	215009	B	T	core_destroyed	88
2026-08-13T11:07:06Z	NULL125	290	nordkap	215009	A	T	core_destroyed	159
2026-08-13T11:07:07Z	NULL125	291	nordkap	215009	B	T	core_destroyed	161
2026-08-13T11:07:10Z	NULL125	292	ragnarok	215009	A	C	core_destroyed	159
2026-08-13T11:07:13Z	NULL125	293	ragnarok	215009	B	C	core_destroyed	103
2026-08-13T11:07:15Z	NULL125	294	royale	215009	A	C	tiebreak	1000
2026-08-13T11:07:16Z	NULL125	295	royale	215009	B	C	core_destroyed	275
2026-08-13T11:07:21Z	NULL125	296	valkyrie	215009	A	C	core_destroyed	333
2026-08-13T11:07:27Z	NULL125	297	valkyrie	215009	B	T	core_destroyed	507
2026-08-13T11:07:31Z	NULL125	298	yulerune	215009	A	T	core_destroyed	305
2026-08-13T11:07:36Z	NULL125	299	yulerune	215009	B	C	core_destroyed	619
2026-08-13T11:07:38Z	NULL125	300	antler	215010	A	C	tiebreak	1000
2026-08-13T11:07:40Z	NULL125	301	antler	215010	B	C	core_destroyed	170
2026-08-13T11:07:43Z	NULL125	302	archipelago	215010	A	C	core_destroyed	228
2026-08-13T11:07:45Z	NULL125	303	archipelago	215010	B	C	core_destroyed	164
2026-08-13T11:07:47Z	NULL125	304	auroraveil	215010	A	C	core_destroyed	137
2026-08-13T11:07:50Z	NULL125	305	auroraveil	215010	B	C	core_destroyed	349
2026-08-13T11:08:03Z	NULL125	306	drakkarfjord	215010	A	C	core_destroyed	909
2026-08-13T11:08:08Z	NULL125	307	drakkarfjord	215010	B	T	core_destroyed	278
2026-08-13T11:08:09Z	NULL125	308	drumlin	215010	A	T	core_destroyed	229
2026-08-13T11:08:12Z	NULL125	309	drumlin	215010	B	C	core_destroyed	179
2026-08-13T11:08:13Z	NULL125	310	fjordgate	215010	A	C	core_destroyed	243
2026-08-13T11:08:14Z	NULL125	311	fjordgate	215010	B	C	core_destroyed	109
2026-08-13T11:08:17Z	NULL125	312	frostgate	215010	A	C	core_destroyed	577
2026-08-13T11:08:19Z	NULL125	313	frostgate	215010	B	C	core_destroyed	482
2026-08-13T11:08:23Z	NULL125	314	glacierkeep	215010	A	T	core_destroyed	504
2026-08-13T11:08:25Z	NULL125	315	glacierkeep	215010	B	C	core_destroyed	274
2026-08-13T11:08:36Z	NULL125	316	icefloe	215010	A	T	tiebreak	1000
2026-08-13T11:08:38Z	NULL125	317	icefloe	215010	B	C	core_destroyed	137
2026-08-13T11:08:41Z	NULL125	318	midgard	215010	A	C	core_destroyed	173
2026-08-13T11:08:43Z	NULL125	319	midgard	215010	B	C	core_destroyed	79
2026-08-13T11:08:44Z	NULL125	320	nordkap	215010	A	T	core_destroyed	132
2026-08-13T11:08:47Z	NULL125	321	nordkap	215010	B	T	core_destroyed	235
2026-08-13T11:08:51Z	NULL125	322	ragnarok	215010	A	C	core_destroyed	243
2026-08-13T11:09:20Z	NULL125	323	ragnarok	215010	B	C	tiebreak	1000
2026-08-13T11:09:21Z	NULL125	324	royale	215010	A	T	core_destroyed	99
2026-08-13T11:09:23Z	NULL125	325	royale	215010	B	C	core_destroyed	275
2026-08-13T11:09:27Z	NULL125	326	valkyrie	215010	A	C	core_destroyed	272
2026-08-13T11:09:30Z	NULL125	327	valkyrie	215010	B	T	core_destroyed	140
2026-08-13T11:09:33Z	NULL125	328	yulerune	215010	A	T	core_destroyed	257
2026-08-13T11:09:34Z	NULL125	329	yulerune	215010	B	C	core_destroyed	257
2026-08-13T11:09:36Z	NULL125	330	antler	215011	A	C	core_destroyed	176
2026-08-13T11:09:38Z	NULL125	331	antler	215011	B	C	core_destroyed	156
2026-08-13T11:09:42Z	NULL125	332	archipelago	215011	A	T	core_destroyed	649
2026-08-13T11:09:44Z	NULL125	333	archipelago	215011	B	T	core_destroyed	181
2026-08-13T11:09:46Z	NULL125	334	auroraveil	215011	A	C	core_destroyed	485
2026-08-13T11:09:48Z	NULL125	335	auroraveil	215011	B	T	core_destroyed	301
2026-08-13T11:09:52Z	NULL125	336	drakkarfjord	215011	A	T	core_destroyed	401
2026-08-13T11:09:55Z	NULL125	337	drakkarfjord	215011	B	T	core_destroyed	408
2026-08-13T11:09:58Z	NULL125	338	drumlin	215011	A	C	core_destroyed	271
2026-08-13T11:10:02Z	NULL125	339	drumlin	215011	B	C	tiebreak	1000
2026-08-13T11:10:05Z	NULL125	340	fjordgate	215011	A	T	tiebreak	1000
2026-08-13T11:10:07Z	NULL125	341	fjordgate	215011	B	T	core_destroyed	898
2026-08-13T11:10:08Z	NULL125	342	frostgate	215011	A	T	core_destroyed	171
2026-08-13T11:10:12Z	NULL125	343	frostgate	215011	B	T	core_destroyed	406
2026-08-13T11:10:13Z	NULL125	344	glacierkeep	215011	A	T	core_destroyed	142
2026-08-13T11:10:19Z	NULL125	345	glacierkeep	215011	B	T	tiebreak	1000
2026-08-13T11:10:24Z	NULL125	346	icefloe	215011	A	C	core_destroyed	591
2026-08-13T11:10:25Z	NULL125	347	icefloe	215011	B	T	core_destroyed	121
2026-08-13T11:10:27Z	NULL125	348	midgard	215011	A	T	core_destroyed	88
2026-08-13T11:10:33Z	NULL125	349	midgard	215011	B	T	core_destroyed	290
2026-08-13T11:10:35Z	NULL125	350	nordkap	215011	A	C	core_destroyed	322
2026-08-13T11:10:38Z	NULL125	351	nordkap	215011	B	T	tiebreak	1000
2026-08-13T11:10:40Z	NULL125	352	ragnarok	215011	A	T	core_destroyed	158
2026-08-13T11:10:42Z	NULL125	353	ragnarok	215011	B	C	core_destroyed	135
2026-08-13T11:10:44Z	NULL125	354	royale	215011	A	C	core_destroyed	213
2026-08-13T11:10:46Z	NULL125	355	royale	215011	B	T	core_destroyed	193
2026-08-13T11:10:59Z	NULL125	356	valkyrie	215011	A	C	core_destroyed	607
2026-08-13T11:11:02Z	NULL125	357	valkyrie	215011	B	C	core_destroyed	362
2026-08-13T11:11:04Z	NULL125	358	yulerune	215011	A	C	core_destroyed	313
2026-08-13T11:11:06Z	NULL125	359	yulerune	215011	B	C	core_destroyed	159
2026-08-13T11:11:08Z	NULL125	360	antler	215012	A	T	core_destroyed	296
2026-08-13T11:11:11Z	NULL125	361	antler	215012	B	T	core_destroyed	368
2026-08-13T11:11:13Z	NULL125	362	archipelago	215012	A	C	core_destroyed	145
2026-08-13T11:11:15Z	NULL125	363	archipelago	215012	B	C	core_destroyed	90
2026-08-13T11:11:17Z	NULL125	364	auroraveil	215012	A	T	core_destroyed	222
2026-08-13T11:11:19Z	NULL125	365	auroraveil	215012	B	C	core_destroyed	199
2026-08-13T11:11:24Z	NULL125	366	drakkarfjord	215012	A	C	core_destroyed	336
2026-08-13T11:11:28Z	NULL125	367	drakkarfjord	215012	B	C	core_destroyed	237
2026-08-13T11:11:32Z	NULL125	368	drumlin	215012	A	C	core_destroyed	316
2026-08-13T11:11:37Z	NULL125	369	drumlin	215012	B	T	core_destroyed	428
2026-08-13T11:11:39Z	NULL125	370	fjordgate	215012	A	T	core_destroyed	327
2026-08-13T11:11:41Z	NULL125	371	fjordgate	215012	B	T	core_destroyed	159
2026-08-13T11:11:42Z	NULL125	372	frostgate	215012	A	C	core_destroyed	259
2026-08-13T11:11:45Z	NULL125	373	frostgate	215012	B	C	core_destroyed	510
2026-08-13T11:12:05Z	NULL125	374	glacierkeep	215012	A	C	tiebreak	1000
2026-08-13T11:12:07Z	NULL125	375	glacierkeep	215012	B	C	core_destroyed	184
2026-08-13T11:12:09Z	NULL125	376	icefloe	215012	A	C	core_destroyed	289
2026-08-13T11:12:11Z	NULL125	377	icefloe	215012	B	T	core_destroyed	123
2026-08-13T11:12:13Z	NULL125	378	midgard	215012	A	T	core_destroyed	147
2026-08-13T11:12:16Z	NULL125	379	midgard	215012	B	T	core_destroyed	152
2026-08-13T11:12:18Z	NULL125	380	nordkap	215012	A	C	core_destroyed	201
2026-08-13T11:12:20Z	NULL125	381	nordkap	215012	B	C	core_destroyed	248
2026-08-13T11:12:27Z	NULL125	382	ragnarok	215012	A	C	core_destroyed	468
2026-08-13T11:12:30Z	NULL125	383	ragnarok	215012	B	T	core_destroyed	136
2026-08-13T11:12:31Z	NULL125	384	royale	215012	A	T	core_destroyed	170
2026-08-13T11:12:33Z	NULL125	385	royale	215012	B	C	core_destroyed	80
2026-08-13T11:12:36Z	NULL125	386	valkyrie	215012	A	C	core_destroyed	280
2026-08-13T11:12:38Z	NULL125	387	valkyrie	215012	B	T	core_destroyed	114
2026-08-13T11:12:43Z	NULL125	388	yulerune	215012	A	C	tiebreak	1000
2026-08-13T11:12:45Z	NULL125	389	yulerune	215012	B	T	core_destroyed	130
2026-08-13T11:12:48Z	NULL125	390	antler	215013	A	T	core_destroyed	308
2026-08-13T11:12:49Z	NULL125	391	antler	215013	B	C	core_destroyed	185
2026-08-13T11:12:51Z	NULL125	392	archipelago	215013	A	T	core_destroyed	84
2026-08-13T11:12:53Z	NULL125	393	archipelago	215013	B	C	core_destroyed	181
2026-08-13T11:12:54Z	NULL125	394	auroraveil	215013	A	T	core_destroyed	153
2026-08-13T11:12:56Z	NULL125	395	auroraveil	215013	B	T	core_destroyed	276
2026-08-13T11:13:00Z	NULL125	396	drakkarfjord	215013	A	C	core_destroyed	259
2026-08-13T11:13:08Z	NULL125	397	drakkarfjord	215013	B	C	tiebreak	1000
2026-08-13T11:13:10Z	NULL125	398	drumlin	215013	A	T	core_destroyed	269
2026-08-13T11:13:13Z	NULL125	399	drumlin	215013	B	C	core_destroyed	300
2026-08-13T11:13:14Z	NULL125	400	fjordgate	215013	A	C	core_destroyed	126
2026-08-13T11:13:17Z	NULL125	401	fjordgate	215013	B	T	tiebreak	1000
2026-08-13T11:13:18Z	NULL125	402	frostgate	215013	A	T	core_destroyed	187
2026-08-13T11:13:19Z	NULL125	403	frostgate	215013	B	T	core_destroyed	337
2026-08-13T11:13:23Z	NULL125	404	glacierkeep	215013	A	C	core_destroyed	194
2026-08-13T11:13:31Z	NULL125	405	glacierkeep	215013	B	C	tiebreak	1000
2026-08-13T11:13:36Z	NULL125	406	icefloe	215013	A	T	core_destroyed	458
2026-08-13T11:13:39Z	NULL125	407	icefloe	215013	B	C	core_destroyed	266
2026-08-13T11:13:41Z	NULL125	408	midgard	215013	A	T	core_destroyed	155
2026-08-13T11:13:44Z	NULL125	409	midgard	215013	B	C	core_destroyed	87
2026-08-13T11:13:45Z	NULL125	410	nordkap	215013	A	T	core_destroyed	231
2026-08-13T11:13:47Z	NULL125	411	nordkap	215013	B	T	core_destroyed	298
2026-08-13T11:13:51Z	NULL125	412	ragnarok	215013	A	T	core_destroyed	240
2026-08-13T11:13:53Z	NULL125	413	ragnarok	215013	B	C	core_destroyed	122
2026-08-13T11:13:55Z	NULL125	414	royale	215013	A	C	core_destroyed	252
2026-08-13T11:13:56Z	NULL125	415	royale	215013	B	T	core_destroyed	210
2026-08-13T11:13:58Z	NULL125	416	valkyrie	215013	A	C	core_destroyed	143
2026-08-13T11:14:01Z	NULL125	417	valkyrie	215013	B	T	core_destroyed	282
2026-08-13T11:14:05Z	NULL125	418	yulerune	215013	A	C	core_destroyed	220
2026-08-13T11:14:08Z	NULL125	419	yulerune	215013	B	T	core_destroyed	285
2026-08-13T11:14:11Z	NULL125	420	antler	215014	A	C	core_destroyed	657
2026-08-13T11:14:14Z	NULL125	421	antler	215014	B	C	tiebreak	1000
2026-08-13T11:14:17Z	NULL125	422	archipelago	215014	A	T	core_destroyed	201
2026-08-13T11:14:19Z	NULL125	423	archipelago	215014	B	C	core_destroyed	88
2026-08-13T11:14:21Z	NULL125	424	auroraveil	215014	A	T	core_destroyed	211
2026-08-13T11:14:22Z	NULL125	425	auroraveil	215014	B	C	core_destroyed	78
2026-08-13T11:14:29Z	NULL125	426	drakkarfjord	215014	A	C	tiebreak	1000
2026-08-13T11:14:32Z	NULL125	427	drakkarfjord	215014	B	T	core_destroyed	193
2026-08-13T11:14:33Z	NULL125	428	drumlin	215014	A	T	core_destroyed	214
2026-08-13T11:14:38Z	NULL125	429	drumlin	215014	B	T	core_destroyed	820
2026-08-13T11:14:40Z	NULL125	430	fjordgate	215014	A	T	core_destroyed	269
2026-08-13T11:14:42Z	NULL125	431	fjordgate	215014	B	C	core_destroyed	215
2026-08-13T11:14:43Z	NULL125	432	frostgate	215014	A	C	core_destroyed	82
2026-08-13T11:14:46Z	NULL125	433	frostgate	215014	B	C	core_destroyed	357
2026-08-13T11:14:48Z	NULL125	434	glacierkeep	215014	A	T	core_destroyed	129
2026-08-13T11:14:49Z	NULL125	435	glacierkeep	215014	B	C	core_destroyed	165
2026-08-13T11:14:55Z	NULL125	436	icefloe	215014	A	C	core_destroyed	458
2026-08-13T11:14:57Z	NULL125	437	icefloe	215014	B	T	core_destroyed	241
2026-08-13T11:15:01Z	NULL125	438	midgard	215014	A	C	core_destroyed	115
2026-08-13T11:15:05Z	NULL125	439	midgard	215014	B	C	core_destroyed	379
2026-08-13T11:15:06Z	NULL125	440	nordkap	215014	A	C	core_destroyed	170
2026-08-13T11:15:07Z	NULL125	441	nordkap	215014	B	C	core_destroyed	256
2026-08-13T11:15:11Z	NULL125	442	ragnarok	215014	A	C	core_destroyed	147
2026-08-13T11:16:00Z	NULL125	443	ragnarok	215014	B	T	tiebreak	1000
2026-08-13T11:16:01Z	NULL125	444	royale	215014	A	C	core_destroyed	272
2026-08-13T11:16:05Z	NULL125	445	royale	215014	B	T	core_destroyed	693
2026-08-13T11:16:07Z	NULL125	446	valkyrie	215014	A	C	core_destroyed	97
2026-08-13T11:16:10Z	NULL125	447	valkyrie	215014	B	T	core_destroyed	229
2026-08-13T11:16:14Z	NULL125	448	yulerune	215014	A	C	core_destroyed	428
2026-08-13T11:16:16Z	NULL125	449	yulerune	215014	B	C	core_destroyed	193
2026-08-13T11:16:18Z	NULL125	450	antler	215015	A	C	core_destroyed	147
2026-08-13T11:16:20Z	NULL125	451	antler	215015	B	C	core_destroyed	259
2026-08-13T11:16:27Z	NULL125	452	archipelago	215015	A	T	core_destroyed	637
2026-08-13T11:16:31Z	NULL125	453	archipelago	215015	B	C	core_destroyed	369
2026-08-13T11:16:32Z	NULL125	454	auroraveil	215015	A	T	core_destroyed	78
2026-08-13T11:16:33Z	NULL125	455	auroraveil	215015	B	C	core_destroyed	105
2026-08-13T11:16:40Z	NULL125	456	drakkarfjord	215015	A	C	core_destroyed	622
2026-08-13T11:16:46Z	NULL125	457	drakkarfjord	215015	B	C	core_destroyed	359
2026-08-13T11:16:47Z	NULL125	458	drumlin	215015	A	C	core_destroyed	115
2026-08-13T11:16:48Z	NULL125	459	drumlin	215015	B	C	core_destroyed	130
2026-08-13T11:16:50Z	NULL125	460	fjordgate	215015	A	T	core_destroyed	131
2026-08-13T11:16:51Z	NULL125	461	fjordgate	215015	B	T	core_destroyed	270
2026-08-13T11:16:54Z	NULL125	462	frostgate	215015	A	T	core_destroyed	221
2026-08-13T11:16:57Z	NULL125	463	frostgate	215015	B	C	core_destroyed	572
2026-08-13T11:17:01Z	NULL125	464	glacierkeep	215015	A	C	core_destroyed	427
2026-08-13T11:17:03Z	NULL125	465	glacierkeep	215015	B	C	core_destroyed	150
2026-08-13T11:17:05Z	NULL125	466	icefloe	215015	A	C	core_destroyed	271
2026-08-13T11:17:07Z	NULL125	467	icefloe	215015	B	C	core_destroyed	132
2026-08-13T11:17:09Z	NULL125	468	midgard	215015	A	T	core_destroyed	81
2026-08-13T11:17:12Z	NULL125	469	midgard	215015	B	T	core_destroyed	120
2026-08-13T11:17:13Z	NULL125	470	nordkap	215015	A	T	core_destroyed	169
2026-08-13T11:17:15Z	NULL125	471	nordkap	215015	B	C	core_destroyed	130
2026-08-13T11:17:18Z	NULL125	472	ragnarok	215015	A	C	core_destroyed	169
2026-08-13T11:18:08Z	NULL125	473	ragnarok	215015	B	T	tiebreak	1000
2026-08-13T11:18:09Z	NULL125	474	royale	215015	A	T	core_destroyed	176
2026-08-13T11:18:12Z	NULL125	475	royale	215015	B	C	core_destroyed	431
2026-08-13T11:18:18Z	NULL125	476	valkyrie	215015	A	T	core_destroyed	290
2026-08-13T11:18:20Z	NULL125	477	valkyrie	215015	B	T	core_destroyed	153
2026-08-13T11:18:24Z	NULL125	478	yulerune	215015	A	C	core_destroyed	261
2026-08-13T11:18:25Z	NULL125	479	yulerune	215015	B	T	core_destroyed	107
2026-08-13T11:18:26Z	NULL125	480	antler	215016	A	C	core_destroyed	202
2026-08-13T11:18:28Z	NULL125	481	antler	215016	B	C	core_destroyed	168
2026-08-13T11:18:30Z	NULL125	482	archipelago	215016	A	C	core_destroyed	117
2026-08-13T11:18:34Z	NULL125	483	archipelago	215016	B	C	core_destroyed	262
2026-08-13T11:18:37Z	NULL125	484	auroraveil	215016	A	T	tiebreak	1000
2026-08-13T11:18:40Z	NULL125	485	auroraveil	215016	B	T	core_destroyed	308
2026-08-13T11:18:49Z	NULL125	486	drakkarfjord	215016	A	C	core_destroyed	525
2026-08-13T11:18:54Z	NULL125	487	drakkarfjord	215016	B	C	core_destroyed	412
2026-08-13T11:19:05Z	NULL125	488	drumlin	215016	A	C	tiebreak	1000
2026-08-13T11:19:08Z	NULL125	489	drumlin	215016	B	C	core_destroyed	287
2026-08-13T11:19:10Z	NULL125	490	fjordgate	215016	A	C	core_destroyed	120
2026-08-13T11:19:11Z	NULL125	491	fjordgate	215016	B	C	core_destroyed	134
2026-08-13T11:19:12Z	NULL125	492	frostgate	215016	A	T	core_destroyed	178
2026-08-13T11:19:14Z	NULL125	493	frostgate	215016	B	C	core_destroyed	97
2026-08-13T11:19:16Z	NULL125	494	glacierkeep	215016	A	C	core_destroyed	234
2026-08-13T11:19:19Z	NULL125	495	glacierkeep	215016	B	C	core_destroyed	438
2026-08-13T11:19:23Z	NULL125	496	icefloe	215016	A	T	core_destroyed	294
2026-08-13T11:19:25Z	NULL125	497	icefloe	215016	B	C	core_destroyed	309
2026-08-13T11:19:27Z	NULL125	498	midgard	215016	A	C	core_destroyed	151
2026-08-13T11:19:30Z	NULL125	499	midgard	215016	B	T	core_destroyed	96
2026-08-13T11:19:33Z	NULL125	500	nordkap	215016	A	T	core_destroyed	244
2026-08-13T11:19:34Z	NULL125	501	nordkap	215016	B	C	core_destroyed	158
2026-08-13T11:20:17Z	NULL125	502	ragnarok	215016	A	C	tiebreak	1000
2026-08-13T11:20:19Z	NULL125	503	ragnarok	215016	B	C	core_destroyed	149
2026-08-13T11:20:21Z	NULL125	504	royale	215016	A	C	core_destroyed	194
2026-08-13T11:20:22Z	NULL125	505	royale	215016	B	C	core_destroyed	242
2026-08-13T11:20:26Z	NULL125	506	valkyrie	215016	A	C	core_destroyed	236
2026-08-13T11:20:28Z	NULL125	507	valkyrie	215016	B	C	core_destroyed	136
2026-08-13T11:20:31Z	NULL125	508	yulerune	215016	A	C	core_destroyed	269
2026-08-13T11:20:35Z	NULL125	509	yulerune	215016	B	C	core_destroyed	266
2026-08-13T11:20:36Z	NULL125	510	antler	215017	A	T	core_destroyed	170
2026-08-13T11:20:38Z	NULL125	511	antler	215017	B	T	tiebreak	1000
2026-08-13T11:20:40Z	NULL125	512	archipelago	215017	A	T	core_destroyed	118
2026-08-13T11:20:42Z	NULL125	513	archipelago	215017	B	C	core_destroyed	151
2026-08-13T11:20:44Z	NULL125	514	auroraveil	215017	A	C	core_destroyed	208
2026-08-13T11:20:52Z	NULL125	515	auroraveil	215017	B	C	tiebreak	1000
2026-08-13T11:21:04Z	NULL125	516	drakkarfjord	215017	A	T	core_destroyed	687
2026-08-13T11:21:07Z	NULL125	517	drakkarfjord	215017	B	T	core_destroyed	184
2026-08-13T11:21:12Z	NULL125	518	drumlin	215017	A	T	core_destroyed	616
2026-08-13T11:21:15Z	NULL125	519	drumlin	215017	B	C	core_destroyed	144
2026-08-13T11:21:16Z	NULL125	520	fjordgate	215017	A	C	core_destroyed	176
2026-08-13T11:21:17Z	NULL125	521	fjordgate	215017	B	C	core_destroyed	175
2026-08-13T11:21:21Z	NULL125	522	frostgate	215017	A	C	core_destroyed	376
2026-08-13T11:21:23Z	NULL125	523	frostgate	215017	B	T	core_destroyed	533
2026-08-13T11:21:24Z	NULL125	524	glacierkeep	215017	A	T	core_destroyed	148
2026-08-13T11:21:27Z	NULL125	525	glacierkeep	215017	B	C	core_destroyed	191
2026-08-13T11:21:30Z	NULL125	526	icefloe	215017	A	C	core_destroyed	197
2026-08-13T11:21:33Z	NULL125	527	icefloe	215017	B	C	core_destroyed	259
2026-08-13T11:21:36Z	NULL125	528	midgard	215017	A	T	core_destroyed	171
2026-08-13T11:21:38Z	NULL125	529	midgard	215017	B	C	core_destroyed	162
2026-08-13T11:21:40Z	NULL125	530	nordkap	215017	A	T	core_destroyed	175
2026-08-13T11:21:44Z	NULL125	531	nordkap	215017	B	C	core_destroyed	472
2026-08-13T11:21:48Z	NULL125	532	ragnarok	215017	A	T	core_destroyed	215
2026-08-13T11:21:51Z	NULL125	533	ragnarok	215017	B	C	core_destroyed	135
2026-08-13T11:21:52Z	NULL125	534	royale	215017	A	C	core_destroyed	218
2026-08-13T11:21:54Z	NULL125	535	royale	215017	B	C	core_destroyed	282
2026-08-13T11:21:56Z	NULL125	536	valkyrie	215017	A	T	core_destroyed	261
2026-08-13T11:21:59Z	NULL125	537	valkyrie	215017	B	C	core_destroyed	181
2026-08-13T11:22:05Z	NULL125	538	yulerune	215017	A	C	core_destroyed	560
2026-08-13T11:22:09Z	NULL125	539	yulerune	215017	B	C	core_destroyed	318
2026-08-13T11:22:13Z	NULL125	540	antler	215018	A	C	tiebreak	1000
2026-08-13T11:22:14Z	NULL125	541	antler	215018	B	T	core_destroyed	151
2026-08-13T11:22:16Z	NULL125	542	archipelago	215018	A	C	core_destroyed	117
2026-08-13T11:22:21Z	NULL125	543	archipelago	215018	B	C	core_destroyed	242
2026-08-13T11:22:22Z	NULL125	544	auroraveil	215018	A	C	core_destroyed	325
2026-08-13T11:22:26Z	NULL125	545	auroraveil	215018	B	T	core_destroyed	429
2026-08-13T11:22:32Z	NULL125	546	drakkarfjord	215018	A	C	core_destroyed	385
2026-08-13T11:22:36Z	NULL125	547	drakkarfjord	215018	B	C	core_destroyed	305
2026-08-13T11:22:39Z	NULL125	548	drumlin	215018	A	T	core_destroyed	224
2026-08-13T11:22:44Z	NULL125	549	drumlin	215018	B	C	core_destroyed	785
2026-08-13T11:22:45Z	NULL125	550	fjordgate	215018	A	C	core_destroyed	267
2026-08-13T11:22:47Z	NULL125	551	fjordgate	215018	B	T	core_destroyed	121
2026-08-13T11:22:48Z	NULL125	552	frostgate	215018	A	C	tiebreak	1000
2026-08-13T11:22:52Z	NULL125	553	frostgate	215018	B	T	core_destroyed	505
2026-08-13T11:22:54Z	NULL125	554	glacierkeep	215018	A	T	core_destroyed	137
2026-08-13T11:22:57Z	NULL125	555	glacierkeep	215018	B	C	core_destroyed	223
2026-08-13T11:23:01Z	NULL125	556	icefloe	215018	A	C	core_destroyed	459
2026-08-13T11:23:04Z	NULL125	557	icefloe	215018	B	C	core_destroyed	334
2026-08-13T11:23:08Z	NULL125	558	midgard	215018	A	T	core_destroyed	182
2026-08-13T11:23:11Z	NULL125	559	midgard	215018	B	T	core_destroyed	116
2026-08-13T11:23:12Z	NULL125	560	nordkap	215018	A	T	core_destroyed	144
2026-08-13T11:23:14Z	NULL125	561	nordkap	215018	B	T	core_destroyed	152
2026-08-13T11:23:17Z	NULL125	562	ragnarok	215018	A	T	core_destroyed	377
2026-08-13T11:24:07Z	NULL125	563	ragnarok	215018	B	C	tiebreak	1000
2026-08-13T11:24:09Z	NULL125	564	royale	215018	A	C	core_destroyed	237
2026-08-13T11:24:11Z	NULL125	565	royale	215018	B	T	core_destroyed	291
2026-08-13T11:24:24Z	NULL125	566	valkyrie	215018	A	T	core_destroyed	626
2026-08-13T11:24:38Z	NULL125	567	valkyrie	215018	B	T	tiebreak	1000
2026-08-13T11:24:40Z	NULL125	568	yulerune	215018	A	C	core_destroyed	213
2026-08-13T11:24:48Z	NULL125	569	yulerune	215018	B	T	tiebreak	1000
2026-08-13T11:24:51Z	NULL125	570	antler	215019	A	T	core_destroyed	350
2026-08-13T11:24:52Z	NULL125	571	antler	215019	B	T	core_destroyed	157
2026-08-13T11:24:54Z	NULL125	572	archipelago	215019	A	C	core_destroyed	90
2026-08-13T11:24:56Z	NULL125	573	archipelago	215019	B	T	core_destroyed	135
2026-08-13T11:24:58Z	NULL125	574	auroraveil	215019	A	T	core_destroyed	180
2026-08-13T11:25:00Z	NULL125	575	auroraveil	215019	B	T	core_destroyed	190
2026-08-13T11:25:02Z	NULL125	576	drakkarfjord	215019	A	T	core_destroyed	143
2026-08-13T11:25:08Z	NULL125	577	drakkarfjord	215019	B	T	core_destroyed	343
2026-08-13T11:25:13Z	NULL125	578	drumlin	215019	A	T	core_destroyed	414
2026-08-13T11:25:17Z	NULL125	579	drumlin	215019	B	T	core_destroyed	303
2026-08-13T11:25:18Z	NULL125	580	fjordgate	215019	A	T	core_destroyed	97
2026-08-13T11:25:19Z	NULL125	581	fjordgate	215019	B	C	core_destroyed	167
2026-08-13T11:25:22Z	NULL125	582	frostgate	215019	A	T	core_destroyed	247
2026-08-13T11:25:24Z	NULL125	583	frostgate	215019	B	C	core_destroyed	147
2026-08-13T11:25:28Z	NULL125	584	glacierkeep	215019	A	T	tiebreak	1000
2026-08-13T11:25:30Z	NULL125	585	glacierkeep	215019	B	C	core_destroyed	224
2026-08-13T11:25:33Z	NULL125	586	icefloe	215019	A	T	core_destroyed	262
2026-08-13T11:25:36Z	NULL125	587	icefloe	215019	B	T	core_destroyed	272
2026-08-13T11:25:39Z	NULL125	588	midgard	215019	A	C	core_destroyed	152
2026-08-13T11:25:42Z	NULL125	589	midgard	215019	B	C	core_destroyed	166
2026-08-13T11:25:46Z	NULL125	590	nordkap	215019	A	T	core_destroyed	486
2026-08-13T11:25:47Z	NULL125	591	nordkap	215019	B	C	core_destroyed	136
2026-08-13T11:25:49Z	NULL125	592	ragnarok	215019	A	T	core_destroyed	152
2026-08-13T11:26:34Z	NULL125	593	ragnarok	215019	B	T	tiebreak	1000
2026-08-13T11:26:35Z	NULL125	594	royale	215019	A	C	core_destroyed	235
2026-08-13T11:26:36Z	NULL125	595	royale	215019	B	T	core_destroyed	159
2026-08-13T11:26:39Z	NULL125	596	valkyrie	215019	A	C	core_destroyed	156
2026-08-13T11:26:42Z	NULL125	597	valkyrie	215019	B	T	core_destroyed	303
2026-08-13T11:26:44Z	NULL125	598	yulerune	215019	A	C	core_destroyed	185
2026-08-13T11:26:48Z	NULL125	599	yulerune	215019	B	T	core_destroyed	290
2026-08-13T11:26:50Z	NULL125	600	antler	215020	A	T	core_destroyed	214
2026-08-13T11:26:51Z	NULL125	601	antler	215020	B	C	core_destroyed	127
2026-08-13T11:26:53Z	NULL125	602	archipelago	215020	A	T	core_destroyed	103
2026-08-13T11:26:56Z	NULL125	603	archipelago	215020	B	C	core_destroyed	156
2026-08-13T11:26:58Z	NULL125	604	auroraveil	215020	A	C	core_destroyed	232
2026-08-13T11:27:01Z	NULL125	605	auroraveil	215020	B	T	core_destroyed	325
2026-08-13T11:27:09Z	NULL125	606	drakkarfjord	215020	A	T	core_destroyed	653
2026-08-13T11:27:22Z	NULL125	607	drakkarfjord	215020	B	C	core_destroyed	698
2026-08-13T11:27:27Z	NULL125	608	drumlin	215020	A	T	core_destroyed	402
2026-08-13T11:27:29Z	NULL125	609	drumlin	215020	B	C	core_destroyed	182
2026-08-13T11:27:32Z	NULL125	610	fjordgate	215020	A	C	core_destroyed	453
2026-08-13T11:27:33Z	NULL125	611	fjordgate	215020	B	T	core_destroyed	106
2026-08-13T11:27:36Z	NULL125	612	frostgate	215020	A	T	core_destroyed	468
2026-08-13T11:27:37Z	NULL125	613	frostgate	215020	B	T	core_destroyed	237
2026-08-13T11:27:40Z	NULL125	614	glacierkeep	215020	A	T	core_destroyed	496
2026-08-13T11:27:42Z	NULL125	615	glacierkeep	215020	B	C	core_destroyed	157
2026-08-13T11:27:44Z	NULL125	616	icefloe	215020	A	T	core_destroyed	156
2026-08-13T11:27:47Z	NULL125	617	icefloe	215020	B	C	core_destroyed	342
2026-08-13T11:27:50Z	NULL125	618	midgard	215020	A	C	core_destroyed	146
2026-08-13T11:27:53Z	NULL125	619	midgard	215020	B	T	core_destroyed	140
2026-08-13T11:27:54Z	NULL125	620	nordkap	215020	A	T	core_destroyed	234
2026-08-13T11:27:56Z	NULL125	621	nordkap	215020	B	C	core_destroyed	182
2026-08-13T11:28:27Z	NULL125	622	ragnarok	215020	A	C	tiebreak	1000
2026-08-13T11:28:30Z	NULL125	623	ragnarok	215020	B	T	core_destroyed	182
2026-08-13T11:28:32Z	NULL125	624	royale	215020	A	C	core_destroyed	121
2026-08-13T11:28:33Z	NULL125	625	royale	215020	B	T	core_destroyed	198
2026-08-13T11:28:35Z	NULL125	626	valkyrie	215020	A	T	core_destroyed	123
2026-08-13T11:28:38Z	NULL125	627	valkyrie	215020	B	T	core_destroyed	185
2026-08-13T11:28:41Z	NULL125	628	yulerune	215020	A	T	core_destroyed	207
2026-08-13T11:28:43Z	NULL125	629	yulerune	215020	B	T	core_destroyed	206
2026-08-13T11:28:45Z	NULL125	630	antler	215021	A	C	core_destroyed	318
2026-08-13T11:28:47Z	NULL125	631	antler	215021	B	T	core_destroyed	245
2026-08-13T11:28:52Z	NULL125	632	archipelago	215021	A	C	core_destroyed	295
2026-08-13T11:28:54Z	NULL125	633	archipelago	215021	B	C	core_destroyed	118
2026-08-13T11:28:55Z	NULL125	634	auroraveil	215021	A	C	core_destroyed	123
2026-08-13T11:28:57Z	NULL125	635	auroraveil	215021	B	C	core_destroyed	170
2026-08-13T11:28:59Z	NULL125	636	drakkarfjord	215021	A	C	core_destroyed	101
2026-08-13T11:29:08Z	NULL125	637	drakkarfjord	215021	B	T	core_destroyed	909
2026-08-13T11:29:12Z	NULL125	638	drumlin	215021	A	C	core_destroyed	511
2026-08-13T11:29:16Z	NULL125	639	drumlin	215021	B	T	core_destroyed	263
2026-08-13T11:29:17Z	NULL125	640	fjordgate	215021	A	C	core_destroyed	115
2026-08-13T11:29:19Z	NULL125	641	fjordgate	215021	B	C	tiebreak	1000
2026-08-13T11:29:22Z	NULL125	642	frostgate	215021	A	T	core_destroyed	665
2026-08-13T11:29:24Z	NULL125	643	frostgate	215021	B	T	core_destroyed	165
2026-08-13T11:29:30Z	NULL125	644	glacierkeep	215021	A	T	core_destroyed	402
2026-08-13T11:29:40Z	NULL125	645	glacierkeep	215021	B	C	tiebreak	1000
2026-08-13T11:29:42Z	NULL125	646	icefloe	215021	A	T	core_destroyed	82
2026-08-13T11:29:44Z	NULL125	647	icefloe	215021	B	C	core_destroyed	259
2026-08-13T11:29:47Z	NULL125	648	midgard	215021	A	T	core_destroyed	119
2026-08-13T11:29:49Z	NULL125	649	midgard	215021	B	C	core_destroyed	152
2026-08-13T11:29:54Z	NULL125	650	nordkap	215021	A	C	core_destroyed	474
2026-08-13T11:29:57Z	NULL125	651	nordkap	215021	B	C	tiebreak	1000
2026-08-13T11:30:00Z	NULL125	652	ragnarok	215021	A	T	core_destroyed	164
2026-08-13T11:30:05Z	NULL125	653	ragnarok	215021	B	T	core_destroyed	217
2026-08-13T11:30:06Z	NULL125	654	royale	215021	A	C	core_destroyed	152
2026-08-13T11:30:10Z	NULL125	655	royale	215021	B	C	tiebreak	1000
2026-08-13T11:30:15Z	NULL125	656	valkyrie	215021	A	C	core_destroyed	248
2026-08-13T11:30:17Z	NULL125	657	valkyrie	215021	B	T	core_destroyed	91
2026-08-13T11:30:19Z	NULL125	658	yulerune	215021	A	C	core_destroyed	228
2026-08-13T11:30:23Z	NULL125	659	yulerune	215021	B	T	core_destroyed	241
2026-08-13T11:30:24Z	NULL125	660	antler	215022	A	T	core_destroyed	190
2026-08-13T11:30:26Z	NULL125	661	antler	215022	B	T	core_destroyed	235
2026-08-13T11:30:28Z	NULL125	662	archipelago	215022	A	C	core_destroyed	113
2026-08-13T11:30:30Z	NULL125	663	archipelago	215022	B	T	core_destroyed	164
2026-08-13T11:30:34Z	NULL125	664	auroraveil	215022	A	T	tiebreak	1000
2026-08-13T11:30:35Z	NULL125	665	auroraveil	215022	B	T	core_destroyed	141
2026-08-13T11:30:41Z	NULL125	666	drakkarfjord	215022	A	T	core_destroyed	425
2026-08-13T11:30:48Z	NULL125	667	drakkarfjord	215022	B	C	core_destroyed	394
2026-08-13T11:30:50Z	NULL125	668	drumlin	215022	A	C	core_destroyed	137
2026-08-13T11:30:57Z	NULL125	669	drumlin	215022	B	T	core_destroyed	407
2026-08-13T11:30:59Z	NULL125	670	fjordgate	215022	A	C	core_destroyed	144
2026-08-13T11:31:00Z	NULL125	671	fjordgate	215022	B	T	core_destroyed	214
2026-08-13T11:31:02Z	NULL125	672	frostgate	215022	A	T	core_destroyed	213
2026-08-13T11:31:04Z	NULL125	673	frostgate	215022	B	T	core_destroyed	237
2026-08-13T11:31:12Z	NULL125	674	glacierkeep	215022	A	T	tiebreak	1000
2026-08-13T11:31:15Z	NULL125	675	glacierkeep	215022	B	C	core_destroyed	227
2026-08-13T11:31:17Z	NULL125	676	icefloe	215022	A	T	core_destroyed	209
2026-08-13T11:31:22Z	NULL125	677	icefloe	215022	B	T	core_destroyed	379
2026-08-13T11:31:24Z	NULL125	678	midgard	215022	A	T	core_destroyed	139
2026-08-13T11:31:29Z	NULL125	679	midgard	215022	B	T	core_destroyed	309
2026-08-13T11:31:31Z	NULL125	680	nordkap	215022	A	T	core_destroyed	223
2026-08-13T11:31:33Z	NULL125	681	nordkap	215022	B	T	core_destroyed	136
2026-08-13T11:31:35Z	NULL125	682	ragnarok	215022	A	T	core_destroyed	135
2026-08-13T11:31:43Z	NULL125	683	ragnarok	215022	B	T	core_destroyed	300
2026-08-13T11:31:45Z	NULL125	684	royale	215022	A	T	core_destroyed	184
2026-08-13T11:31:46Z	NULL125	685	royale	215022	B	T	core_destroyed	204
2026-08-13T11:31:49Z	NULL125	686	valkyrie	215022	A	T	core_destroyed	213
2026-08-13T11:31:54Z	NULL125	687	valkyrie	215022	B	C	tiebreak	1000
2026-08-13T11:31:57Z	NULL125	688	yulerune	215022	A	C	core_destroyed	231
2026-08-13T11:32:00Z	NULL125	689	yulerune	215022	B	C	core_destroyed	182
2026-08-13T11:32:03Z	NULL125	690	antler	215023	A	C	core_destroyed	722
2026-08-13T11:32:06Z	NULL125	691	antler	215023	B	C	core_destroyed	408
2026-08-13T11:32:08Z	NULL125	692	archipelago	215023	A	C	core_destroyed	146
2026-08-13T11:32:11Z	NULL125	693	archipelago	215023	B	T	core_destroyed	129
2026-08-13T11:32:13Z	NULL125	694	auroraveil	215023	A	T	core_destroyed	385
2026-08-13T11:32:14Z	NULL125	695	auroraveil	215023	B	T	core_destroyed	167
2026-08-13T11:32:22Z	NULL125	696	drakkarfjord	215023	A	T	tiebreak	1000
2026-08-13T11:32:31Z	NULL125	697	drakkarfjord	215023	B	C	core_destroyed	755
2026-08-13T11:32:32Z	NULL125	698	drumlin	215023	A	T	core_destroyed	117
2026-08-13T11:32:35Z	NULL125	699	drumlin	215023	B	T	core_destroyed	227
2026-08-13T11:32:36Z	NULL125	700	fjordgate	215023	A	C	core_destroyed	243
2026-08-13T11:32:39Z	NULL125	701	fjordgate	215023	B	C	tiebreak	1000
2026-08-13T11:32:40Z	NULL125	702	frostgate	215023	A	T	core_destroyed	170
2026-08-13T11:32:42Z	NULL125	703	frostgate	215023	B	C	core_destroyed	194
2026-08-13T11:32:46Z	NULL125	704	glacierkeep	215023	A	T	core_destroyed	641
2026-08-13T11:32:47Z	NULL125	705	glacierkeep	215023	B	C	core_destroyed	139
2026-08-13T11:32:50Z	NULL125	706	icefloe	215023	A	C	core_destroyed	190
2026-08-13T11:32:52Z	NULL125	707	icefloe	215023	B	T	core_destroyed	202
2026-08-13T11:32:55Z	NULL125	708	midgard	215023	A	C	core_destroyed	143
2026-08-13T11:33:01Z	NULL125	709	midgard	215023	B	T	core_destroyed	278
2026-08-13T11:33:04Z	NULL125	710	nordkap	215023	A	C	core_destroyed	589
2026-08-13T11:33:05Z	NULL125	711	nordkap	215023	B	T	core_destroyed	108
2026-08-13T11:33:07Z	NULL125	712	ragnarok	215023	A	T	core_destroyed	132
2026-08-13T11:33:11Z	NULL125	713	ragnarok	215023	B	C	core_destroyed	233
2026-08-13T11:33:13Z	NULL125	714	royale	215023	A	C	core_destroyed	175
2026-08-13T11:33:17Z	NULL125	715	royale	215023	B	C	core_destroyed	548
2026-08-13T11:33:20Z	NULL125	716	valkyrie	215023	A	C	core_destroyed	403
2026-08-13T11:33:22Z	NULL125	717	valkyrie	215023	B	T	core_destroyed	116
2026-08-13T11:33:26Z	NULL125	718	yulerune	215023	A	C	core_destroyed	329
2026-08-13T11:33:28Z	NULL125	719	yulerune	215023	B	T	core_destroyed	127
2026-08-13T11:33:29Z	NULL125	720	antler	215024	A	T	core_destroyed	191
2026-08-13T11:33:31Z	NULL125	721	antler	215024	B	C	core_destroyed	206
2026-08-13T11:33:35Z	NULL125	722	archipelago	215024	A	C	core_destroyed	261
2026-08-13T11:33:38Z	NULL125	723	archipelago	215024	B	C	core_destroyed	117
2026-08-13T11:33:39Z	NULL125	724	auroraveil	215024	A	C	core_destroyed	122
2026-08-13T11:33:42Z	NULL125	725	auroraveil	215024	B	C	tiebreak	1000
2026-08-13T11:33:45Z	NULL125	726	drakkarfjord	215024	A	T	core_destroyed	199
2026-08-13T11:33:49Z	NULL125	727	drakkarfjord	215024	B	C	core_destroyed	293
2026-08-13T11:33:51Z	NULL125	728	drumlin	215024	A	T	core_destroyed	151
2026-08-13T11:33:53Z	NULL125	729	drumlin	215024	B	T	core_destroyed	332
2026-08-13T11:33:56Z	NULL125	730	fjordgate	215024	A	T	tiebreak	1000
2026-08-13T11:33:57Z	NULL125	731	fjordgate	215024	B	C	core_destroyed	168
2026-08-13T11:34:00Z	NULL125	732	frostgate	215024	A	C	core_destroyed	301
2026-08-13T11:34:01Z	NULL125	733	frostgate	215024	B	C	core_destroyed	156
2026-08-13T11:34:03Z	NULL125	734	glacierkeep	215024	A	T	core_destroyed	162
2026-08-13T11:34:09Z	NULL125	735	glacierkeep	215024	B	C	core_destroyed	552
2026-08-13T11:34:10Z	NULL125	736	icefloe	215024	A	T	core_destroyed	125
2026-08-13T11:34:13Z	NULL125	737	icefloe	215024	B	T	core_destroyed	311
2026-08-13T11:34:16Z	NULL125	738	midgard	215024	A	T	core_destroyed	181
2026-08-13T11:34:18Z	NULL125	739	midgard	215024	B	C	core_destroyed	116
2026-08-13T11:34:20Z	NULL125	740	nordkap	215024	A	T	core_destroyed	199
2026-08-13T11:34:23Z	NULL125	741	nordkap	215024	B	C	tiebreak	1000
2026-08-13T11:34:29Z	NULL125	742	ragnarok	215024	A	T	core_destroyed	243
2026-08-13T11:34:37Z	NULL125	743	ragnarok	215024	B	C	core_destroyed	209
2026-08-13T11:34:38Z	NULL125	744	royale	215024	A	T	core_destroyed	157
2026-08-13T11:34:39Z	NULL125	745	royale	215024	B	T	core_destroyed	131
2026-08-13T11:34:43Z	NULL125	746	valkyrie	215024	A	C	core_destroyed	303
2026-08-13T11:34:45Z	NULL125	747	valkyrie	215024	B	C	core_destroyed	161
2026-08-13T11:34:47Z	NULL125	748	yulerune	215024	A	C	core_destroyed	188
2026-08-13T11:34:50Z	NULL125	749	yulerune	215024	B	T	core_destroyed	239
2026-08-13T11:34:51Z	NULL125	750	antler	215025	A	C	core_destroyed	187
2026-08-13T11:34:54Z	NULL125	751	antler	215025	B	C	core_destroyed	428
2026-08-13T11:34:56Z	NULL125	752	archipelago	215025	A	C	core_destroyed	165
2026-08-13T11:34:58Z	NULL125	753	archipelago	215025	B	T	core_destroyed	92
2026-08-13T11:35:01Z	NULL125	754	auroraveil	215025	A	T	core_destroyed	808
2026-08-13T11:35:03Z	NULL125	755	auroraveil	215025	B	T	core_destroyed	237
2026-08-13T11:35:05Z	NULL125	756	drakkarfjord	215025	A	T	core_destroyed	100
2026-08-13T11:35:08Z	NULL125	757	drakkarfjord	215025	B	C	core_destroyed	327
2026-08-13T11:35:10Z	NULL125	758	drumlin	215025	A	C	core_destroyed	171
2026-08-13T11:35:11Z	NULL125	759	drumlin	215025	B	C	core_destroyed	148
2026-08-13T11:35:12Z	NULL125	760	fjordgate	215025	A	T	core_destroyed	160
2026-08-13T11:35:14Z	NULL125	761	fjordgate	215025	B	C	core_destroyed	457
2026-08-13T11:35:16Z	NULL125	762	frostgate	215025	A	C	core_destroyed	179
2026-08-13T11:35:17Z	NULL125	763	frostgate	215025	B	C	core_destroyed	217
2026-08-13T11:35:20Z	NULL125	764	glacierkeep	215025	A	T	core_destroyed	394
2026-08-13T11:35:21Z	NULL125	765	glacierkeep	215025	B	C	core_destroyed	160
2026-08-13T11:35:23Z	NULL125	766	icefloe	215025	A	T	core_destroyed	170
2026-08-13T11:35:25Z	NULL125	767	icefloe	215025	B	T	core_destroyed	152
2026-08-13T11:35:28Z	NULL125	768	midgard	215025	A	C	core_destroyed	95
2026-08-13T11:35:30Z	NULL125	769	midgard	215025	B	C	core_destroyed	107
2026-08-13T11:35:32Z	NULL125	770	nordkap	215025	A	T	core_destroyed	777
2026-08-13T11:35:35Z	NULL125	771	nordkap	215025	B	C	core_destroyed	316
2026-08-13T11:36:27Z	NULL125	772	ragnarok	215025	A	C	tiebreak	1000
2026-08-13T11:36:29Z	NULL125	773	ragnarok	215025	B	C	core_destroyed	134
2026-08-13T11:36:31Z	NULL125	774	royale	215025	A	T	tiebreak	1000
2026-08-13T11:36:32Z	NULL125	775	royale	215025	B	C	core_destroyed	116
2026-08-13T11:36:34Z	NULL125	776	valkyrie	215025	A	T	core_destroyed	137
2026-08-13T11:36:37Z	NULL125	777	valkyrie	215025	B	C	core_destroyed	228
2026-08-13T11:36:40Z	NULL125	778	yulerune	215025	A	T	core_destroyed	274
2026-08-13T11:36:41Z	NULL125	779	yulerune	215025	B	C	core_destroyed	133
2026-08-13T11:36:43Z	NULL125	780	antler	215026	A	C	core_destroyed	437
2026-08-13T11:36:47Z	NULL125	781	antler	215026	B	T	core_destroyed	448
2026-08-13T11:36:49Z	NULL125	782	archipelago	215026	A	C	core_destroyed	135
2026-08-13T11:36:51Z	NULL125	783	archipelago	215026	B	T	core_destroyed	91
2026-08-13T11:36:52Z	NULL125	784	auroraveil	215026	A	C	core_destroyed	125
2026-08-13T11:36:54Z	NULL125	785	auroraveil	215026	B	T	core_destroyed	232
2026-08-13T11:36:57Z	NULL125	786	drakkarfjord	215026	A	T	core_destroyed	185
2026-08-13T11:37:00Z	NULL125	787	drakkarfjord	215026	B	T	core_destroyed	262
2026-08-13T11:37:03Z	NULL125	788	drumlin	215026	A	T	core_destroyed	225
2026-08-13T11:37:04Z	NULL125	789	drumlin	215026	B	C	core_destroyed	138
2026-08-13T11:37:07Z	NULL125	790	fjordgate	215026	A	C	tiebreak	1000
2026-08-13T11:37:08Z	NULL125	791	fjordgate	215026	B	C	core_destroyed	160
2026-08-13T11:37:13Z	NULL125	792	frostgate	215026	A	C	core_destroyed	581
2026-08-13T11:37:14Z	NULL125	793	frostgate	215026	B	T	core_destroyed	157
2026-08-13T11:37:16Z	NULL125	794	glacierkeep	215026	A	T	core_destroyed	354
2026-08-13T11:37:22Z	NULL125	795	glacierkeep	215026	B	C	core_destroyed	392
2026-08-13T11:37:25Z	NULL125	796	icefloe	215026	A	C	core_destroyed	206
2026-08-13T11:37:28Z	NULL125	797	icefloe	215026	B	T	core_destroyed	300
2026-08-13T11:37:31Z	NULL125	798	midgard	215026	A	C	core_destroyed	134
2026-08-13T11:37:33Z	NULL125	799	midgard	215026	B	C	core_destroyed	91
2026-08-13T11:37:35Z	NULL125	800	nordkap	215026	A	T	core_destroyed	247
2026-08-13T11:37:37Z	NULL125	801	nordkap	215026	B	C	core_destroyed	367
2026-08-13T11:37:40Z	NULL125	802	ragnarok	215026	A	T	core_destroyed	164
2026-08-13T11:37:45Z	NULL125	803	ragnarok	215026	B	T	core_destroyed	246
2026-08-13T11:37:49Z	NULL125	804	royale	215026	A	T	core_destroyed	311
2026-08-13T11:37:51Z	NULL125	805	royale	215026	B	C	core_destroyed	437
2026-08-13T11:37:53Z	NULL125	806	valkyrie	215026	A	C	core_destroyed	116
2026-08-13T11:37:55Z	NULL125	807	valkyrie	215026	B	T	core_destroyed	97
2026-08-13T11:37:57Z	NULL125	808	yulerune	215026	A	C	core_destroyed	136
2026-08-13T11:38:01Z	NULL125	809	yulerune	215026	B	C	core_destroyed	297
2026-08-13T11:38:04Z	NULL125	810	antler	215027	A	C	core_destroyed	478
2026-08-13T11:38:05Z	NULL125	811	antler	215027	B	C	core_destroyed	181
2026-08-13T11:38:08Z	NULL125	812	archipelago	215027	A	C	core_destroyed	161
2026-08-13T11:38:10Z	NULL125	813	archipelago	215027	B	T	core_destroyed	112
2026-08-13T11:38:11Z	NULL125	814	auroraveil	215027	A	C	core_destroyed	108
2026-08-13T11:38:24Z	NULL125	815	auroraveil	215027	B	C	tiebreak	1000
2026-08-13T11:38:27Z	NULL125	816	drakkarfjord	215027	A	T	core_destroyed	258
2026-08-13T11:38:40Z	NULL125	817	drakkarfjord	215027	B	T	core_destroyed	558
2026-08-13T11:38:44Z	NULL125	818	drumlin	215027	A	T	core_destroyed	328
2026-08-13T11:38:49Z	NULL125	819	drumlin	215027	B	T	core_destroyed	440
2026-08-13T11:38:50Z	NULL125	820	fjordgate	215027	A	C	core_destroyed	199
2026-08-13T11:38:51Z	NULL125	821	fjordgate	215027	B	C	core_destroyed	149
2026-08-13T11:38:53Z	NULL125	822	frostgate	215027	A	C	core_destroyed	739
2026-08-13T11:38:54Z	NULL125	823	frostgate	215027	B	C	core_destroyed	208
2026-08-13T11:38:56Z	NULL125	824	glacierkeep	215027	A	T	core_destroyed	141
2026-08-13T11:39:07Z	NULL125	825	glacierkeep	215027	B	C	core_destroyed	729
2026-08-13T11:39:08Z	NULL125	826	icefloe	215027	A	C	core_destroyed	168
2026-08-13T11:39:10Z	NULL125	827	icefloe	215027	B	C	core_destroyed	167
2026-08-13T11:39:13Z	NULL125	828	midgard	215027	A	C	core_destroyed	119
2026-08-13T11:39:16Z	NULL125	829	midgard	215027	B	C	core_destroyed	166
2026-08-13T11:39:19Z	NULL125	830	nordkap	215027	A	C	core_destroyed	662
2026-08-13T11:39:22Z	NULL125	831	nordkap	215027	B	C	core_destroyed	256
2026-08-13T11:39:24Z	NULL125	832	ragnarok	215027	A	T	core_destroyed	137
2026-08-13T11:39:31Z	NULL125	833	ragnarok	215027	B	T	core_destroyed	228
2026-08-13T11:39:32Z	NULL125	834	royale	215027	A	C	core_destroyed	357
2026-08-13T11:39:34Z	NULL125	835	royale	215027	B	C	core_destroyed	234
2026-08-13T11:39:38Z	NULL125	836	valkyrie	215027	A	C	core_destroyed	263
2026-08-13T11:39:43Z	NULL125	837	valkyrie	215027	B	C	core_destroyed	384
2026-08-13T11:39:49Z	NULL125	838	yulerune	215027	A	T	tiebreak	1000
2026-08-13T11:39:51Z	NULL125	839	yulerune	215027	B	T	tiebreak	1000
2026-08-13T11:39:53Z	NULL125	840	antler	215028	A	T	core_destroyed	228
2026-08-13T11:39:55Z	NULL125	841	antler	215028	B	T	core_destroyed	223
2026-08-13T11:39:56Z	NULL125	842	archipelago	215028	A	T	core_destroyed	103
2026-08-13T11:39:59Z	NULL125	843	archipelago	215028	B	T	core_destroyed	146
2026-08-13T11:40:01Z	NULL125	844	auroraveil	215028	A	T	core_destroyed	286
2026-08-13T11:40:04Z	NULL125	845	auroraveil	215028	B	C	core_destroyed	259
2026-08-13T11:40:07Z	NULL125	846	drakkarfjord	215028	A	C	core_destroyed	172
2026-08-13T11:40:11Z	NULL125	847	drakkarfjord	215028	B	T	core_destroyed	345
2026-08-13T11:40:15Z	NULL125	848	drumlin	215028	A	T	core_destroyed	332
2026-08-13T11:40:18Z	NULL125	849	drumlin	215028	B	T	core_destroyed	252
2026-08-13T11:40:19Z	NULL125	850	fjordgate	215028	A	T	core_destroyed	120
2026-08-13T11:40:20Z	NULL125	851	fjordgate	215028	B	T	core_destroyed	268
2026-08-13T11:40:23Z	NULL125	852	frostgate	215028	A	T	core_destroyed	492
2026-08-13T11:40:24Z	NULL125	853	frostgate	215028	B	T	core_destroyed	217
2026-08-13T11:40:26Z	NULL125	854	glacierkeep	215028	A	T	core_destroyed	138
2026-08-13T11:40:36Z	NULL125	855	glacierkeep	215028	B	T	core_destroyed	470
2026-08-13T11:40:38Z	NULL125	856	icefloe	215028	A	C	core_destroyed	299
2026-08-13T11:40:40Z	NULL125	857	icefloe	215028	B	C	core_destroyed	168
2026-08-13T11:40:44Z	NULL125	858	midgard	215028	A	C	core_destroyed	430
2026-08-13T11:40:48Z	NULL125	859	midgard	215028	B	C	core_destroyed	216
2026-08-13T11:40:49Z	NULL125	860	nordkap	215028	A	C	tiebreak	1000
2026-08-13T11:40:52Z	NULL125	861	nordkap	215028	B	T	core_destroyed	621
2026-08-13T11:40:55Z	NULL125	862	ragnarok	215028	A	T	core_destroyed	142
2026-08-13T11:41:33Z	NULL125	863	ragnarok	215028	B	C	tiebreak	1000
2026-08-13T11:41:34Z	NULL125	864	royale	215028	A	C	core_destroyed	116
2026-08-13T11:41:39Z	NULL125	865	royale	215028	B	T	tiebreak	1000
2026-08-13T11:41:41Z	NULL125	866	valkyrie	215028	A	T	core_destroyed	113
2026-08-13T11:41:47Z	NULL125	867	valkyrie	215028	B	C	core_destroyed	290
2026-08-13T11:41:53Z	NULL125	868	yulerune	215028	A	T	core_destroyed	600
2026-08-13T11:41:56Z	NULL125	869	yulerune	215028	B	C	core_destroyed	184
2026-08-13T11:41:58Z	NULL125	870	antler	215029	A	C	core_destroyed	543
2026-08-13T11:42:06Z	NULL125	871	antler	215029	B	T	core_destroyed	548
2026-08-13T11:42:10Z	NULL125	872	archipelago	215029	A	T	core_destroyed	176
2026-08-13T11:42:14Z	NULL125	873	archipelago	215029	B	C	core_destroyed	241
2026-08-13T11:42:18Z	NULL125	874	auroraveil	215029	A	T	core_destroyed	641
2026-08-13T11:42:19Z	NULL125	875	auroraveil	215029	B	C	core_destroyed	80
2026-08-13T11:42:30Z	NULL125	876	drakkarfjord	215029	A	T	core_destroyed	599
2026-08-13T11:42:36Z	NULL125	877	drakkarfjord	215029	B	T	core_destroyed	472
2026-08-13T11:42:40Z	NULL125	878	drumlin	215029	A	C	core_destroyed	213
2026-08-13T11:42:41Z	NULL125	879	drumlin	215029	B	T	core_destroyed	100
2026-08-13T11:42:43Z	NULL125	880	fjordgate	215029	A	C	tiebreak	1000
2026-08-13T11:42:44Z	NULL125	881	fjordgate	215029	B	T	core_destroyed	172
2026-08-13T11:42:46Z	NULL125	882	frostgate	215029	A	C	core_destroyed	374
2026-08-13T11:42:48Z	NULL125	883	frostgate	215029	B	T	core_destroyed	216
2026-08-13T11:42:53Z	NULL125	884	glacierkeep	215029	A	T	core_destroyed	477
2026-08-13T11:42:56Z	NULL125	885	glacierkeep	215029	B	T	core_destroyed	370
2026-08-13T11:42:58Z	NULL125	886	icefloe	215029	A	T	core_destroyed	178
2026-08-13T11:43:00Z	NULL125	887	icefloe	215029	B	C	core_destroyed	120
2026-08-13T11:43:02Z	NULL125	888	midgard	215029	A	C	core_destroyed	168
2026-08-13T11:43:05Z	NULL125	889	midgard	215029	B	T	core_destroyed	160
2026-08-13T11:43:06Z	NULL125	890	nordkap	215029	A	T	core_destroyed	167
2026-08-13T11:43:08Z	NULL125	891	nordkap	215029	B	C	tiebreak	1000
2026-08-13T11:43:11Z	NULL125	892	ragnarok	215029	A	C	core_destroyed	163
2026-08-13T11:43:41Z	NULL125	893	ragnarok	215029	B	C	tiebreak	1000
2026-08-13T11:43:43Z	NULL125	894	royale	215029	A	C	core_destroyed	590
2026-08-13T11:43:47Z	NULL125	895	royale	215029	B	T	tiebreak	1000
2026-08-13T11:43:52Z	NULL125	896	valkyrie	215029	A	T	core_destroyed	300
2026-08-13T11:44:02Z	NULL125	897	valkyrie	215029	B	T	tiebreak	1000
2026-08-13T11:44:03Z	NULL125	898	yulerune	215029	A	T	core_destroyed	138
2026-08-13T11:44:05Z	NULL125	899	yulerune	215029	B	C	core_destroyed	146
2026-08-13T11:44:07Z	NULL125	900	antler	215030	A	C	core_destroyed	437
2026-08-13T11:44:08Z	NULL125	901	antler	215030	B	T	core_destroyed	520
2026-08-13T11:44:10Z	NULL125	902	archipelago	215030	A	T	core_destroyed	122
2026-08-13T11:44:15Z	NULL125	903	archipelago	215030	B	C	core_destroyed	263
2026-08-13T11:44:17Z	NULL125	904	auroraveil	215030	A	C	tiebreak	1000
2026-08-13T11:44:20Z	NULL125	905	auroraveil	215030	B	C	core_destroyed	445
2026-08-13T11:44:22Z	NULL125	906	drakkarfjord	215030	A	C	core_destroyed	104
2026-08-13T11:44:24Z	NULL125	907	drakkarfjord	215030	B	T	core_destroyed	101
2026-08-13T11:44:28Z	NULL125	908	drumlin	215030	A	T	core_destroyed	612
2026-08-13T11:44:37Z	NULL125	909	drumlin	215030	B	C	tiebreak	1000
2026-08-13T11:44:39Z	NULL125	910	fjordgate	215030	A	C	core_destroyed	447
2026-08-13T11:44:43Z	NULL125	911	fjordgate	215030	B	T	tiebreak	1000
2026-08-13T11:44:44Z	NULL125	912	frostgate	215030	A	C	core_destroyed	291
2026-08-13T11:44:46Z	NULL125	913	frostgate	215030	B	C	core_destroyed	128
2026-08-13T11:44:48Z	NULL125	914	glacierkeep	215030	A	T	core_destroyed	184
2026-08-13T11:44:51Z	NULL125	915	glacierkeep	215030	B	T	core_destroyed	234
2026-08-13T11:44:54Z	NULL125	916	icefloe	215030	A	T	core_destroyed	297
2026-08-13T11:44:56Z	NULL125	917	icefloe	215030	B	C	core_destroyed	247
2026-08-13T11:45:03Z	NULL125	918	midgard	215030	A	T	core_destroyed	509
2026-08-13T11:45:05Z	NULL125	919	midgard	215030	B	C	core_destroyed	128
2026-08-13T11:45:08Z	NULL125	920	nordkap	215030	A	T	tiebreak	1000
2026-08-13T11:45:10Z	NULL125	921	nordkap	215030	B	C	core_destroyed	361
2026-08-13T11:45:12Z	NULL125	922	ragnarok	215030	A	T	core_destroyed	114
2026-08-13T11:46:19Z	NULL125	923	ragnarok	215030	B	T	tiebreak	1000
2026-08-13T11:46:21Z	NULL125	924	royale	215030	A	C	core_destroyed	149
2026-08-13T11:46:23Z	NULL125	925	royale	215030	B	C	core_destroyed	382
2026-08-13T11:46:24Z	NULL125	926	valkyrie	215030	A	C	core_destroyed	91
2026-08-13T11:46:26Z	NULL125	927	valkyrie	215030	B	C	core_destroyed	106
2026-08-13T11:46:31Z	NULL125	928	yulerune	215030	A	T	core_destroyed	289
2026-08-13T11:46:33Z	NULL125	929	yulerune	215030	B	T	core_destroyed	202
2026-08-13T11:46:36Z	NULL125	930	antler	215031	A	T	tiebreak	1000
2026-08-13T11:46:39Z	NULL125	931	antler	215031	B	T	tiebreak	1000
2026-08-13T11:46:42Z	NULL125	932	archipelago	215031	A	T	core_destroyed	181
2026-08-13T11:46:44Z	NULL125	933	archipelago	215031	B	T	core_destroyed	97
2026-08-13T11:46:46Z	NULL125	934	auroraveil	215031	A	C	core_destroyed	189
2026-08-13T11:46:47Z	NULL125	935	auroraveil	215031	B	T	core_destroyed	107
2026-08-13T11:46:54Z	NULL125	936	drakkarfjord	215031	A	C	core_destroyed	844
2026-08-13T11:46:59Z	NULL125	937	drakkarfjord	215031	B	C	core_destroyed	276
2026-08-13T11:47:01Z	NULL125	938	drumlin	215031	A	T	core_destroyed	116
2026-08-13T11:47:03Z	NULL125	939	drumlin	215031	B	C	core_destroyed	205
2026-08-13T11:47:04Z	NULL125	940	fjordgate	215031	A	T	core_destroyed	269
2026-08-13T11:47:06Z	NULL125	941	fjordgate	215031	B	C	core_destroyed	89
2026-08-13T11:47:08Z	NULL125	942	frostgate	215031	A	C	core_destroyed	332
2026-08-13T11:47:11Z	NULL125	943	frostgate	215031	B	C	tiebreak	1000
2026-08-13T11:47:43Z	NULL125	944	glacierkeep	215031	A	T	tiebreak	1000
2026-08-13T11:47:50Z	NULL125	945	glacierkeep	215031	B	C	core_destroyed	321
2026-08-13T11:47:53Z	NULL125	946	icefloe	215031	A	T	core_destroyed	249
2026-08-13T11:47:54Z	NULL125	947	icefloe	215031	B	C	core_destroyed	123
2026-08-13T11:48:01Z	NULL125	948	midgard	215031	A	C	core_destroyed	552
2026-08-13T11:48:03Z	NULL125	949	midgard	215031	B	C	core_destroyed	79
2026-08-13T11:48:06Z	NULL125	950	nordkap	215031	A	C	core_destroyed	277
2026-08-13T11:48:07Z	NULL125	951	nordkap	215031	B	C	core_destroyed	291
2026-08-13T11:48:58Z	NULL125	952	ragnarok	215031	A	T	tiebreak	1000
2026-08-13T11:49:00Z	NULL125	953	ragnarok	215031	B	C	core_destroyed	146
2026-08-13T11:49:01Z	NULL125	954	royale	215031	A	C	core_destroyed	335
2026-08-13T11:49:03Z	NULL125	955	royale	215031	B	C	core_destroyed	341
2026-08-13T11:49:07Z	NULL125	956	valkyrie	215031	A	C	core_destroyed	237
2026-08-13T11:49:10Z	NULL125	957	valkyrie	215031	B	C	core_destroyed	219
2026-08-13T11:49:13Z	NULL125	958	yulerune	215031	A	T	core_destroyed	179
2026-08-13T11:49:16Z	NULL125	959	yulerune	215031	B	T	core_destroyed	236
2026-08-13T11:49:17Z	NULL125	960	antler	215032	A	T	core_destroyed	216
2026-08-13T11:49:18Z	NULL125	961	antler	215032	B	T	core_destroyed	199
2026-08-13T11:49:21Z	NULL125	962	archipelago	215032	A	T	core_destroyed	153
2026-08-13T11:49:23Z	NULL125	963	archipelago	215032	B	C	core_destroyed	138
2026-08-13T11:49:27Z	NULL125	964	auroraveil	215032	A	T	tiebreak	1000
2026-08-13T11:49:32Z	NULL125	965	auroraveil	215032	B	T	tiebreak	1000
2026-08-13T11:49:36Z	NULL125	966	drakkarfjord	215032	A	C	core_destroyed	447
2026-08-13T11:49:45Z	NULL125	967	drakkarfjord	215032	B	T	core_destroyed	909
2026-08-13T11:49:47Z	NULL125	968	drumlin	215032	A	T	core_destroyed	92
2026-08-13T11:49:49Z	NULL125	969	drumlin	215032	B	T	core_destroyed	157
2026-08-13T11:49:51Z	NULL125	970	fjordgate	215032	A	T	tiebreak	1000
2026-08-13T11:49:52Z	NULL125	971	fjordgate	215032	B	T	core_destroyed	148
2026-08-13T11:49:53Z	NULL125	972	frostgate	215032	A	C	core_destroyed	307
2026-08-13T11:50:00Z	NULL125	973	frostgate	215032	B	T	core_destroyed	706
2026-08-13T11:50:04Z	NULL125	974	glacierkeep	215032	A	C	core_destroyed	427
2026-08-13T11:50:06Z	NULL125	975	glacierkeep	215032	B	C	core_destroyed	171
2026-08-13T11:50:07Z	NULL125	976	icefloe	215032	A	T	core_destroyed	161
2026-08-13T11:50:10Z	NULL125	977	icefloe	215032	B	C	core_destroyed	246
2026-08-13T11:50:13Z	NULL125	978	midgard	215032	A	C	core_destroyed	173
2026-08-13T11:50:15Z	NULL125	979	midgard	215032	B	T	core_destroyed	103
2026-08-13T11:50:17Z	NULL125	980	nordkap	215032	A	C	core_destroyed	153
2026-08-13T11:50:20Z	NULL125	981	nordkap	215032	B	T	core_destroyed	328
2026-08-13T11:50:23Z	NULL125	982	ragnarok	215032	A	C	core_destroyed	142
2026-08-13T11:51:10Z	NULL125	983	ragnarok	215032	B	C	tiebreak	1000
2026-08-13T11:51:11Z	NULL125	984	royale	215032	A	T	core_destroyed	89
2026-08-13T11:51:13Z	NULL125	985	royale	215032	B	T	core_destroyed	211
2026-08-13T11:51:15Z	NULL125	986	valkyrie	215032	A	T	core_destroyed	137
2026-08-13T11:51:18Z	NULL125	987	valkyrie	215032	B	T	core_destroyed	225
2026-08-13T11:51:20Z	NULL125	988	yulerune	215032	A	T	core_destroyed	189
2026-08-13T11:51:22Z	NULL125	989	yulerune	215032	B	C	core_destroyed	171
2026-08-13T11:51:24Z	NULL125	990	antler	215033	A	T	core_destroyed	135
2026-08-13T11:51:27Z	NULL125	991	antler	215033	B	C	core_destroyed	433
2026-08-13T11:51:29Z	NULL125	992	archipelago	215033	A	C	core_destroyed	121
2026-08-13T11:51:32Z	NULL125	993	archipelago	215033	B	T	core_destroyed	115
2026-08-13T11:51:36Z	NULL125	994	auroraveil	215033	A	T	core_destroyed	398
2026-08-13T11:51:38Z	NULL125	995	auroraveil	215033	B	T	core_destroyed	237
2026-08-13T11:51:43Z	NULL125	996	drakkarfjord	215033	A	T	core_destroyed	290
2026-08-13T11:51:45Z	NULL125	997	drakkarfjord	215033	B	T	core_destroyed	109
2026-08-13T11:51:47Z	NULL125	998	drumlin	215033	A	C	core_destroyed	160
2026-08-13T11:51:49Z	NULL125	999	drumlin	215033	B	C	core_destroyed	168
2026-08-13T11:51:51Z	NULL125	1000	fjordgate	215033	A	T	core_destroyed	937
2026-08-13T11:51:53Z	NULL125	1001	fjordgate	215033	B	T	core_destroyed	255
2026-08-13T11:51:54Z	NULL125	1002	frostgate	215033	A	T	core_destroyed	181
2026-08-13T11:51:56Z	NULL125	1003	frostgate	215033	B	C	core_destroyed	289
2026-08-13T11:52:00Z	NULL125	1004	glacierkeep	215033	A	T	core_destroyed	250
2026-08-13T11:52:03Z	NULL125	1005	glacierkeep	215033	B	T	core_destroyed	196
2026-08-13T11:52:06Z	NULL125	1006	icefloe	215033	A	T	core_destroyed	268
2026-08-13T11:52:08Z	NULL125	1007	icefloe	215033	B	T	core_destroyed	245
2026-08-13T11:52:12Z	NULL125	1008	midgard	215033	A	T	core_destroyed	262
2026-08-13T11:52:19Z	NULL125	1009	midgard	215033	B	C	core_destroyed	464
2026-08-13T11:52:21Z	NULL125	1010	nordkap	215033	A	T	core_destroyed	289
2026-08-13T11:52:22Z	NULL125	1011	nordkap	215033	B	C	core_destroyed	337
2026-08-13T11:52:25Z	NULL125	1012	ragnarok	215033	A	T	core_destroyed	103
2026-08-13T11:52:27Z	NULL125	1013	ragnarok	215033	B	C	core_destroyed	200
2026-08-13T11:52:29Z	NULL125	1014	royale	215033	A	T	core_destroyed	170
2026-08-13T11:52:32Z	NULL125	1015	royale	215033	B	C	tiebreak	1000
2026-08-13T11:52:36Z	NULL125	1016	valkyrie	215033	A	C	core_destroyed	272
2026-08-13T11:52:43Z	NULL125	1017	valkyrie	215033	B	C	core_destroyed	521
2026-08-13T11:52:47Z	NULL125	1018	yulerune	215033	A	C	core_destroyed	416
2026-08-13T11:52:51Z	NULL125	1019	yulerune	215033	B	T	core_destroyed	573
2026-08-13T11:52:53Z	NULL125	1020	antler	215034	A	T	core_destroyed	486
2026-08-13T11:52:56Z	NULL125	1021	antler	215034	B	C	core_destroyed	329
2026-08-13T11:52:58Z	NULL125	1022	archipelago	215034	A	C	core_destroyed	168
2026-08-13T11:53:00Z	NULL125	1023	archipelago	215034	B	T	core_destroyed	297
2026-08-13T11:53:02Z	NULL125	1024	auroraveil	215034	A	C	core_destroyed	322
2026-08-13T11:53:03Z	NULL125	1025	auroraveil	215034	B	C	core_destroyed	120
2026-08-13T11:53:08Z	NULL125	1026	drakkarfjord	215034	A	T	core_destroyed	557
2026-08-13T11:53:17Z	NULL125	1027	drakkarfjord	215034	B	C	core_destroyed	593
2026-08-13T11:53:20Z	NULL125	1028	drumlin	215034	A	C	core_destroyed	280
2026-08-13T11:53:29Z	NULL125	1029	drumlin	215034	B	T	core_destroyed	609
2026-08-13T11:53:33Z	NULL125	1030	fjordgate	215034	A	T	tiebreak	1000
2026-08-13T11:53:34Z	NULL125	1031	fjordgate	215034	B	C	core_destroyed	201
2026-08-13T11:53:36Z	NULL125	1032	frostgate	215034	A	T	core_destroyed	266
2026-08-13T11:53:37Z	NULL125	1033	frostgate	215034	B	T	core_destroyed	170
2026-08-13T11:53:41Z	NULL125	1034	glacierkeep	215034	A	T	core_destroyed	417
2026-08-13T11:53:47Z	NULL125	1035	glacierkeep	215034	B	T	core_destroyed	469
2026-08-13T11:53:48Z	NULL125	1036	icefloe	215034	A	T	core_destroyed	125
2026-08-13T11:53:51Z	NULL125	1037	icefloe	215034	B	T	core_destroyed	306
2026-08-13T11:53:53Z	NULL125	1038	midgard	215034	A	T	core_destroyed	117
2026-08-13T11:53:56Z	NULL125	1039	midgard	215034	B	C	core_destroyed	144
2026-08-13T11:53:57Z	NULL125	1040	nordkap	215034	A	C	core_destroyed	228
2026-08-13T11:54:01Z	NULL125	1041	nordkap	215034	B	C	tiebreak	1000
2026-08-13T11:54:03Z	NULL125	1042	ragnarok	215034	A	T	core_destroyed	125
2026-08-13T11:54:08Z	NULL125	1043	ragnarok	215034	B	T	core_destroyed	246
2026-08-13T11:54:14Z	NULL125	1044	royale	215034	A	C	core_destroyed	867
2026-08-13T11:54:15Z	NULL125	1045	royale	215034	B	T	core_destroyed	124
2026-08-13T11:54:23Z	NULL125	1046	valkyrie	215034	A	C	core_destroyed	336
2026-08-13T11:54:27Z	NULL125	1047	valkyrie	215034	B	T	core_destroyed	216
2026-08-13T11:54:30Z	NULL125	1048	yulerune	215034	A	C	core_destroyed	683
2026-08-13T11:54:32Z	NULL125	1049	yulerune	215034	B	C	core_destroyed	158
2026-08-13T11:54:34Z	NULL125	1050	antler	215035	A	C	core_destroyed	219
2026-08-13T11:54:36Z	NULL125	1051	antler	215035	B	T	core_destroyed	264
2026-08-13T11:54:37Z	NULL125	1052	archipelago	215035	A	T	core_destroyed	79
2026-08-13T11:54:39Z	NULL125	1053	archipelago	215035	B	T	core_destroyed	113
2026-08-13T11:54:41Z	NULL125	1054	auroraveil	215035	A	C	core_destroyed	369
2026-08-13T11:54:45Z	NULL125	1055	auroraveil	215035	B	T	core_destroyed	497
2026-08-13T11:54:58Z	NULL125	1056	drakkarfjord	215035	A	T	core_destroyed	706
2026-08-13T11:55:02Z	NULL125	1057	drakkarfjord	215035	B	C	core_destroyed	245
2026-08-13T11:55:06Z	NULL125	1058	drumlin	215035	A	C	core_destroyed	333
2026-08-13T11:55:07Z	NULL125	1059	drumlin	215035	B	C	core_destroyed	147
2026-08-13T11:55:08Z	NULL125	1060	fjordgate	215035	A	T	core_destroyed	135
2026-08-13T11:55:09Z	NULL125	1061	fjordgate	215035	B	T	core_destroyed	125
2026-08-13T11:55:11Z	NULL125	1062	frostgate	215035	A	T	core_destroyed	489
2026-08-13T11:55:14Z	NULL125	1063	frostgate	215035	B	T	core_destroyed	514
2026-08-13T11:55:16Z	NULL125	1064	glacierkeep	215035	A	T	core_destroyed	181
2026-08-13T11:55:19Z	NULL125	1065	glacierkeep	215035	B	C	core_destroyed	217
2026-08-13T11:55:23Z	NULL125	1066	icefloe	215035	A	T	core_destroyed	400
2026-08-13T11:55:25Z	NULL125	1067	icefloe	215035	B	C	core_destroyed	92
2026-08-13T11:55:27Z	NULL125	1068	midgard	215035	A	T	core_destroyed	135
2026-08-13T11:55:30Z	NULL125	1069	midgard	215035	B	T	core_destroyed	124
2026-08-13T11:55:32Z	NULL125	1070	nordkap	215035	A	C	core_destroyed	233
2026-08-13T11:55:36Z	NULL125	1071	nordkap	215035	B	T	core_destroyed	449
2026-08-13T11:56:23Z	NULL125	1072	ragnarok	215035	A	T	tiebreak	1000
2026-08-13T11:56:28Z	NULL125	1073	ragnarok	215035	B	C	core_destroyed	178
2026-08-13T11:56:29Z	NULL125	1074	royale	215035	A	C	core_destroyed	144
2026-08-13T11:56:30Z	NULL125	1075	royale	215035	B	C	core_destroyed	100
2026-08-13T11:56:33Z	NULL125	1076	valkyrie	215035	A	T	core_destroyed	142
2026-08-13T11:56:40Z	NULL125	1077	valkyrie	215035	B	T	core_destroyed	332
2026-08-13T11:56:42Z	NULL125	1078	yulerune	215035	A	T	core_destroyed	160
2026-08-13T11:56:45Z	NULL125	1079	yulerune	215035	B	C	core_destroyed	269
2026-08-13T11:56:48Z	NULL125	1080	antler	215036	A	T	core_destroyed	403
2026-08-13T11:56:50Z	NULL125	1081	antler	215036	B	T	core_destroyed	240
2026-08-13T11:56:56Z	NULL125	1082	archipelago	215036	A	T	core_destroyed	356
2026-08-13T11:57:02Z	NULL125	1083	archipelago	215036	B	C	core_destroyed	821
2026-08-13T11:57:12Z	NULL125	1084	auroraveil	215036	A	T	core_destroyed	476
2026-08-13T11:57:16Z	NULL125	1085	auroraveil	215036	B	T	tiebreak	1000
2026-08-13T11:57:24Z	NULL125	1086	drakkarfjord	215036	A	C	core_destroyed	465
2026-08-13T11:57:29Z	NULL125	1087	drakkarfjord	215036	B	T	core_destroyed	262
2026-08-13T11:57:32Z	NULL125	1088	drumlin	215036	A	C	core_destroyed	116
2026-08-13T11:57:34Z	NULL125	1089	drumlin	215036	B	T	core_destroyed	123
2026-08-13T11:57:37Z	NULL125	1090	fjordgate	215036	A	T	tiebreak	1000
2026-08-13T11:57:40Z	NULL125	1091	fjordgate	215036	B	C	core_destroyed	367
2026-08-13T11:57:43Z	NULL125	1092	frostgate	215036	A	T	core_destroyed	230
2026-08-13T11:57:45Z	NULL125	1093	frostgate	215036	B	C	core_destroyed	260
2026-08-13T11:57:47Z	NULL125	1094	glacierkeep	215036	A	C	core_destroyed	315
2026-08-13T11:57:55Z	NULL125	1095	glacierkeep	215036	B	T	core_destroyed	653
2026-08-13T11:57:57Z	NULL125	1096	icefloe	215036	A	C	core_destroyed	130
2026-08-13T11:58:00Z	NULL125	1097	icefloe	215036	B	C	core_destroyed	168
2026-08-13T11:58:05Z	NULL125	1098	midgard	215036	A	T	core_destroyed	173
2026-08-13T11:58:09Z	NULL125	1099	midgard	215036	B	C	core_destroyed	172
2026-08-13T11:58:12Z	NULL125	1100	nordkap	215036	A	C	core_destroyed	164
2026-08-13T11:58:15Z	NULL125	1101	nordkap	215036	B	T	core_destroyed	269
2026-08-13T11:58:19Z	NULL125	1102	ragnarok	215036	A	C	core_destroyed	148
2026-08-13T11:58:23Z	NULL125	1103	ragnarok	215036	B	C	core_destroyed	172
2026-08-13T11:58:26Z	NULL125	1104	royale	215036	A	T	core_destroyed	403
2026-08-13T11:58:28Z	NULL125	1105	royale	215036	B	C	core_destroyed	393
2026-08-13T11:58:31Z	NULL125	1106	valkyrie	215036	A	T	core_destroyed	131
2026-08-13T11:58:37Z	NULL125	1107	valkyrie	215036	B	C	core_destroyed	269
2026-08-13T11:58:40Z	NULL125	1108	yulerune	215036	A	C	core_destroyed	336
2026-08-13T11:58:44Z	NULL125	1109	yulerune	215036	B	C	core_destroyed	234
2026-08-13T11:58:46Z	NULL125	1110	antler	215037	A	T	core_destroyed	174
2026-08-13T11:58:50Z	NULL125	1111	antler	215037	B	C	core_destroyed	408
2026-08-13T11:58:55Z	NULL125	1112	archipelago	215037	A	C	core_destroyed	189
2026-08-13T11:58:58Z	NULL125	1113	archipelago	215037	B	C	core_destroyed	106
2026-08-13T11:59:05Z	NULL125	1114	auroraveil	215037	A	T	core_destroyed	757
2026-08-13T11:59:09Z	NULL125	1115	auroraveil	215037	B	C	core_destroyed	342
2026-08-13T11:59:30Z	NULL125	1116	drakkarfjord	215037	A	C	tiebreak	1000
2026-08-13T11:59:40Z	NULL125	1117	drakkarfjord	215037	B	T	core_destroyed	327
2026-08-13T11:59:46Z	NULL125	1118	drumlin	215037	A	C	core_destroyed	273
2026-08-13T11:59:54Z	NULL125	1119	drumlin	215037	B	C	core_destroyed	545
2026-08-13T11:59:58Z	NULL125	1120	fjordgate	215037	A	T	tiebreak	1000
2026-08-13T12:00:01Z	NULL125	1121	fjordgate	215037	B	C	core_destroyed	489
2026-08-13T12:00:04Z	NULL125	1122	frostgate	215037	A	C	core_destroyed	235
2026-08-13T12:00:07Z	NULL125	1123	frostgate	215037	B	T	tiebreak	1000
2026-08-13T12:00:11Z	NULL125	1124	glacierkeep	215037	A	T	core_destroyed	278
2026-08-13T12:00:13Z	NULL125	1125	glacierkeep	215037	B	T	core_destroyed	116
2026-08-13T12:00:16Z	NULL125	1126	icefloe	215037	A	T	core_destroyed	200
2026-08-13T12:00:18Z	NULL125	1127	icefloe	215037	B	C	core_destroyed	167
2026-08-13T12:00:21Z	NULL125	1128	midgard	215037	A	C	core_destroyed	80
2026-08-13T12:00:26Z	NULL125	1129	midgard	215037	B	C	core_destroyed	257
2026-08-13T12:00:28Z	NULL125	1130	nordkap	215037	A	C	core_destroyed	218
2026-08-13T12:00:31Z	NULL125	1131	nordkap	215037	B	C	tiebreak	1000
2026-08-13T12:00:36Z	NULL125	1132	ragnarok	215037	A	C	core_destroyed	335
2026-08-13T12:00:39Z	NULL125	1133	ragnarok	215037	B	C	core_destroyed	105
2026-08-13T12:00:42Z	NULL125	1134	royale	215037	A	T	core_destroyed	506
2026-08-13T12:00:44Z	NULL125	1135	royale	215037	B	C	core_destroyed	374
2026-08-13T12:00:46Z	NULL125	1136	valkyrie	215037	A	C	core_destroyed	97
2026-08-13T12:00:48Z	NULL125	1137	valkyrie	215037	B	T	core_destroyed	96
2026-08-13T12:00:52Z	NULL125	1138	yulerune	215037	A	C	core_destroyed	281
2026-08-13T12:00:55Z	NULL125	1139	yulerune	215037	B	C	core_destroyed	254
2026-08-13T12:00:58Z	NULL125	1140	antler	215038	A	T	core_destroyed	277
2026-08-13T12:01:00Z	NULL125	1141	antler	215038	B	T	core_destroyed	323
2026-08-13T12:01:03Z	NULL125	1142	archipelago	215038	A	C	core_destroyed	230
2026-08-13T12:01:05Z	NULL125	1143	archipelago	215038	B	C	core_destroyed	61
2026-08-13T12:01:14Z	NULL125	1144	auroraveil	215038	A	T	tiebreak	1000
2026-08-13T12:01:16Z	NULL125	1145	auroraveil	215038	B	C	core_destroyed	220
2026-08-13T12:01:29Z	NULL125	1146	drakkarfjord	215038	A	C	tiebreak	1000
2026-08-13T12:01:38Z	NULL125	1147	drakkarfjord	215038	B	T	tiebreak	1000
2026-08-13T12:01:44Z	NULL125	1148	drumlin	215038	A	C	core_destroyed	363
2026-08-13T12:01:47Z	NULL125	1149	drumlin	215038	B	C	core_destroyed	204
2026-08-13T12:01:48Z	NULL125	1150	fjordgate	215038	A	T	core_destroyed	168
2026-08-13T12:01:51Z	NULL125	1151	fjordgate	215038	B	T	core_destroyed	470
2026-08-13T12:01:53Z	NULL125	1152	frostgate	215038	A	T	core_destroyed	689
2026-08-13T12:01:55Z	NULL125	1153	frostgate	215038	B	T	core_destroyed	172
2026-08-13T12:01:57Z	NULL125	1154	glacierkeep	215038	A	T	core_destroyed	185
2026-08-13T12:02:06Z	NULL125	1155	glacierkeep	215038	B	C	tiebreak	1000
2026-08-13T12:02:08Z	NULL125	1156	icefloe	215038	A	T	core_destroyed	92
2026-08-13T12:02:12Z	NULL125	1157	icefloe	215038	B	C	tiebreak	1000
2026-08-13T12:02:15Z	NULL125	1158	midgard	215038	A	C	core_destroyed	91
2026-08-13T12:02:20Z	NULL125	1159	midgard	215038	B	C	core_destroyed	227
2026-08-13T12:02:22Z	NULL125	1160	nordkap	215038	A	T	core_destroyed	547
2026-08-13T12:02:26Z	NULL125	1161	nordkap	215038	B	T	core_destroyed	736
2026-08-13T12:02:29Z	NULL125	1162	ragnarok	215038	A	C	core_destroyed	134
2026-08-13T12:03:12Z	NULL125	1163	ragnarok	215038	B	C	tiebreak	1000
2026-08-13T12:03:18Z	NULL125	1164	royale	215038	A	C	core_destroyed	698
2026-08-13T12:03:19Z	NULL125	1165	royale	215038	B	C	core_destroyed	172
2026-08-13T12:03:22Z	NULL125	1166	valkyrie	215038	A	C	core_destroyed	227
2026-08-13T12:03:29Z	NULL125	1167	valkyrie	215038	B	T	tiebreak	1000
2026-08-13T12:03:33Z	NULL125	1168	yulerune	215038	A	C	core_destroyed	277
2026-08-13T12:03:39Z	NULL125	1169	yulerune	215038	B	C	core_destroyed	358
2026-08-13T12:03:41Z	NULL125	1170	antler	215039	A	C	core_destroyed	167
2026-08-13T12:03:46Z	NULL125	1171	antler	215039	B	C	core_destroyed	706
2026-08-13T12:03:48Z	NULL125	1172	archipelago	215039	A	C	core_destroyed	103
2026-08-13T12:03:51Z	NULL125	1173	archipelago	215039	B	T	core_destroyed	202
2026-08-13T12:04:00Z	NULL125	1174	auroraveil	215039	A	T	tiebreak	1000
2026-08-13T12:04:01Z	NULL125	1175	auroraveil	215039	B	C	core_destroyed	130
2026-08-13T12:04:07Z	NULL125	1176	drakkarfjord	215039	A	T	core_destroyed	331
2026-08-13T12:04:10Z	NULL125	1177	drakkarfjord	215039	B	T	core_destroyed	193
2026-08-13T12:04:12Z	NULL125	1178	drumlin	215039	A	T	core_destroyed	414
2026-08-13T12:04:29Z	NULL125	1179	drumlin	215039	B	T	tiebreak	1000
2026-08-13T12:04:31Z	NULL125	1180	fjordgate	215039	A	T	core_destroyed	684
2026-08-13T12:04:32Z	NULL125	1181	fjordgate	215039	B	C	core_destroyed	101
2026-08-13T12:04:36Z	NULL125	1182	frostgate	215039	A	C	core_destroyed	368
2026-08-13T12:04:40Z	NULL125	1183	frostgate	215039	B	T	core_destroyed	303
2026-08-13T12:04:46Z	NULL125	1184	glacierkeep	215039	A	T	core_destroyed	797
2026-08-13T12:04:48Z	NULL125	1185	glacierkeep	215039	B	C	core_destroyed	184
2026-08-13T12:04:51Z	NULL125	1186	icefloe	215039	A	T	core_destroyed	244
2026-08-13T12:04:53Z	NULL125	1187	icefloe	215039	B	T	core_destroyed	197
2026-08-13T12:04:56Z	NULL125	1188	midgard	215039	A	T	core_destroyed	176
2026-08-13T12:04:59Z	NULL125	1189	midgard	215039	B	T	core_destroyed	86
2026-08-13T12:05:02Z	NULL125	1190	nordkap	215039	A	T	core_destroyed	221
2026-08-13T12:05:04Z	NULL125	1191	nordkap	215039	B	T	core_destroyed	240
2026-08-13T12:05:08Z	NULL125	1192	ragnarok	215039	A	T	core_destroyed	270
2026-08-13T12:05:10Z	NULL125	1193	ragnarok	215039	B	T	core_destroyed	132
2026-08-13T12:05:12Z	NULL125	1194	royale	215039	A	C	core_destroyed	265
2026-08-13T12:05:13Z	NULL125	1195	royale	215039	B	C	core_destroyed	116
2026-08-13T12:05:17Z	NULL125	1196	valkyrie	215039	A	C	core_destroyed	315
2026-08-13T12:05:20Z	NULL125	1197	valkyrie	215039	B	C	core_destroyed	152
2026-08-13T12:05:24Z	NULL125	1198	yulerune	215039	A	C	core_destroyed	295
2026-08-13T12:05:29Z	NULL125	1199	yulerune	215039	B	T	core_destroyed	290
2026-08-13T12:05:30Z	NULL125	1200	antler	215040	A	T	core_destroyed	135
2026-08-13T12:05:33Z	NULL125	1201	antler	215040	B	T	core_destroyed	351
2026-08-13T12:05:35Z	NULL125	1202	archipelago	215040	A	C	core_destroyed	127
2026-08-13T12:05:37Z	NULL125	1203	archipelago	215040	B	T	core_destroyed	118
2026-08-13T12:05:39Z	NULL125	1204	auroraveil	215040	A	C	core_destroyed	269
2026-08-13T12:05:42Z	NULL125	1205	auroraveil	215040	B	T	core_destroyed	373
2026-08-13T12:05:45Z	NULL125	1206	drakkarfjord	215040	A	C	core_destroyed	183
2026-08-13T12:06:04Z	NULL125	1207	drakkarfjord	215040	B	C	tiebreak	1000
2026-08-13T12:06:06Z	NULL125	1208	drumlin	215040	A	T	core_destroyed	117
2026-08-13T12:06:09Z	NULL125	1209	drumlin	215040	B	C	core_destroyed	168
2026-08-13T12:06:11Z	NULL125	1210	fjordgate	215040	A	C	core_destroyed	255
2026-08-13T12:06:12Z	NULL125	1211	fjordgate	215040	B	C	core_destroyed	109
2026-08-13T12:06:15Z	NULL125	1212	frostgate	215040	A	C	tiebreak	1000
2026-08-13T12:06:17Z	NULL125	1213	frostgate	215040	B	T	core_destroyed	160
2026-08-13T12:06:31Z	NULL125	1214	glacierkeep	215040	A	C	tiebreak	1000
2026-08-13T12:06:32Z	NULL125	1215	glacierkeep	215040	B	C	core_destroyed	146
2026-08-13T12:06:34Z	NULL125	1216	icefloe	215040	A	T	core_destroyed	89
2026-08-13T12:06:35Z	NULL125	1217	icefloe	215040	B	T	core_destroyed	89
2026-08-13T12:06:40Z	NULL125	1218	midgard	215040	A	C	tiebreak	1000
2026-08-13T12:06:42Z	NULL125	1219	midgard	215040	B	C	core_destroyed	78
2026-08-13T12:06:48Z	NULL125	1220	nordkap	215040	A	C	core_destroyed	587
2026-08-13T12:06:49Z	NULL125	1221	nordkap	215040	B	C	core_destroyed	145
2026-08-13T12:07:43Z	NULL125	1222	ragnarok	215040	A	T	tiebreak	1000
2026-08-13T12:07:53Z	NULL125	1223	ragnarok	215040	B	T	tiebreak	1000
2026-08-13T12:07:56Z	NULL125	1224	royale	215040	A	C	core_destroyed	390
2026-08-13T12:07:58Z	NULL125	1225	royale	215040	B	C	core_destroyed	297
2026-08-13T12:08:02Z	NULL125	1226	valkyrie	215040	A	C	core_destroyed	157
2026-08-13T12:08:04Z	NULL125	1227	valkyrie	215040	B	C	core_destroyed	220
2026-08-13T12:08:06Z	NULL125	1228	yulerune	215040	A	T	core_destroyed	118
2026-08-13T12:08:07Z	NULL125	1229	yulerune	215040	B	C	core_destroyed	114
2026-08-13T12:08:11Z	NULL125	1230	antler	215041	A	T	core_destroyed	325
2026-08-13T12:08:12Z	NULL125	1231	antler	215041	B	C	core_destroyed	110
2026-08-13T12:08:17Z	NULL125	1232	archipelago	215041	A	T	core_destroyed	755
2026-08-13T12:08:19Z	NULL125	1233	archipelago	215041	B	T	core_destroyed	136
2026-08-13T12:08:21Z	NULL125	1234	auroraveil	215041	A	T	core_destroyed	98
2026-08-13T12:08:23Z	NULL125	1235	auroraveil	215041	B	T	core_destroyed	200
2026-08-13T12:08:26Z	NULL125	1236	drakkarfjord	215041	A	T	core_destroyed	277
2026-08-13T12:08:41Z	NULL125	1237	drakkarfjord	215041	B	T	tiebreak	1000
2026-08-13T12:08:44Z	NULL125	1238	drumlin	215041	A	C	core_destroyed	214
2026-08-13T12:08:48Z	NULL125	1239	drumlin	215041	B	T	core_destroyed	287
2026-08-13T12:08:50Z	NULL125	1240	fjordgate	215041	A	C	core_destroyed	167
2026-08-13T12:08:51Z	NULL125	1241	fjordgate	215041	B	C	core_destroyed	212
2026-08-13T12:08:53Z	NULL125	1242	frostgate	215041	A	C	core_destroyed	216
2026-08-13T12:08:57Z	NULL125	1243	frostgate	215041	B	C	core_destroyed	817
2026-08-13T12:08:58Z	NULL125	1244	glacierkeep	215041	A	T	core_destroyed	139
2026-08-13T12:09:06Z	NULL125	1245	glacierkeep	215041	B	T	core_destroyed	381
2026-08-13T12:09:11Z	NULL125	1246	icefloe	215041	A	T	core_destroyed	432
2026-08-13T12:09:13Z	NULL125	1247	icefloe	215041	B	C	core_destroyed	120
2026-08-13T12:09:18Z	NULL125	1248	midgard	215041	A	T	core_destroyed	202
2026-08-13T12:09:22Z	NULL125	1249	midgard	215041	B	C	core_destroyed	148
2026-08-13T12:09:23Z	NULL125	1250	nordkap	215041	A	C	core_destroyed	138
2026-08-13T12:09:26Z	NULL125	1251	nordkap	215041	B	T	core_destroyed	203
2026-08-13T12:09:30Z	NULL125	1252	ragnarok	215041	A	T	core_destroyed	162
2026-08-13T12:09:33Z	NULL125	1253	ragnarok	215041	B	C	core_destroyed	144
2026-08-13T12:09:34Z	NULL125	1254	royale	215041	A	C	core_destroyed	241
2026-08-13T12:09:36Z	NULL125	1255	royale	215041	B	C	core_destroyed	234
2026-08-13T12:09:39Z	NULL125	1256	valkyrie	215041	A	C	core_destroyed	142
2026-08-13T12:09:50Z	NULL125	1257	valkyrie	215041	B	C	core_destroyed	395
2026-08-13T12:09:53Z	NULL125	1258	yulerune	215041	A	C	core_destroyed	288
2026-08-13T12:09:55Z	NULL125	1259	yulerune	215041	B	T	core_destroyed	124
2026-08-13T12:09:58Z	NULL125	1260	antler	215042	A	T	core_destroyed	296
2026-08-13T12:09:59Z	NULL125	1261	antler	215042	B	C	core_destroyed	334
2026-08-13T12:10:03Z	NULL125	1262	archipelago	215042	A	C	core_destroyed	473
2026-08-13T12:10:06Z	NULL125	1263	archipelago	215042	B	C	core_destroyed	185
2026-08-13T12:10:10Z	NULL125	1264	auroraveil	215042	A	C	core_destroyed	309
2026-08-13T12:10:12Z	NULL125	1265	auroraveil	215042	B	C	core_destroyed	188
2026-08-13T12:10:17Z	NULL125	1266	drakkarfjord	215042	A	T	core_destroyed	311
2026-08-13T12:10:21Z	NULL125	1267	drakkarfjord	215042	B	C	core_destroyed	236
2026-08-13T12:10:23Z	NULL125	1268	drumlin	215042	A	T	core_destroyed	113
2026-08-13T12:10:26Z	NULL125	1269	drumlin	215042	B	C	core_destroyed	315
2026-08-13T12:10:29Z	NULL125	1270	fjordgate	215042	A	T	core_destroyed	195
2026-08-13T12:10:30Z	NULL125	1271	fjordgate	215042	B	T	core_destroyed	287
2026-08-13T12:10:32Z	NULL125	1272	frostgate	215042	A	C	core_destroyed	108
2026-08-13T12:10:36Z	NULL125	1273	frostgate	215042	B	C	core_destroyed	167
2026-08-13T12:10:40Z	NULL125	1274	glacierkeep	215042	A	T	core_destroyed	256
2026-08-13T12:10:42Z	NULL125	1275	glacierkeep	215042	B	C	core_destroyed	177
2026-08-13T12:10:45Z	NULL125	1276	icefloe	215042	A	T	core_destroyed	275
2026-08-13T12:10:50Z	NULL125	1277	icefloe	215042	B	T	core_destroyed	405
2026-08-13T12:10:52Z	NULL125	1278	midgard	215042	A	C	core_destroyed	128
2026-08-13T12:10:55Z	NULL125	1279	midgard	215042	B	C	core_destroyed	158
2026-08-13T12:10:57Z	NULL125	1280	nordkap	215042	A	C	core_destroyed	184
2026-08-13T12:10:59Z	NULL125	1281	nordkap	215042	B	T	core_destroyed	244
2026-08-13T12:12:21Z	NULL125	1282	ragnarok	215042	A	T	tiebreak	1000
2026-08-13T12:13:46Z	NULL125	1283	ragnarok	215042	B	C	tiebreak	1000
2026-08-13T12:13:49Z	NULL125	1284	royale	215042	A	T	core_destroyed	275
2026-08-13T12:13:51Z	NULL125	1285	royale	215042	B	C	core_destroyed	99
2026-08-13T12:14:07Z	NULL125	1286	valkyrie	215042	A	C	core_destroyed	607
2026-08-13T12:14:33Z	NULL125	1287	valkyrie	215042	B	T	tiebreak	1000
2026-08-13T12:14:37Z	NULL125	1288	yulerune	215042	A	C	core_destroyed	146
2026-08-13T12:14:40Z	NULL125	1289	yulerune	215042	B	T	core_destroyed	209
2026-08-13T12:14:44Z	NULL125	1290	antler	215043	A	C	core_destroyed	196
2026-08-13T12:14:48Z	NULL125	1291	antler	215043	B	C	core_destroyed	234
2026-08-13T12:14:53Z	NULL125	1292	archipelago	215043	A	T	core_destroyed	106
2026-08-13T12:14:58Z	NULL125	1293	archipelago	215043	B	T	core_destroyed	90
2026-08-13T12:15:02Z	NULL125	1294	auroraveil	215043	A	T	core_destroyed	146
2026-08-13T12:15:08Z	NULL125	1295	auroraveil	215043	B	C	core_destroyed	262
2026-08-13T12:15:22Z	NULL125	1296	drakkarfjord	215043	A	T	core_destroyed	429
2026-08-13T12:15:32Z	NULL125	1297	drakkarfjord	215043	B	T	core_destroyed	460
2026-08-13T12:15:37Z	NULL125	1298	drumlin	215043	A	C	core_destroyed	339
2026-08-13T12:15:41Z	NULL125	1299	drumlin	215043	B	C	core_destroyed	228
2026-08-13T12:15:43Z	NULL125	1300	fjordgate	215043	A	T	core_destroyed	329
2026-08-13T12:15:45Z	NULL125	1301	fjordgate	215043	B	T	core_destroyed	301
2026-08-13T12:15:48Z	NULL125	1302	frostgate	215043	A	C	core_destroyed	380
2026-08-13T12:15:50Z	NULL125	1303	frostgate	215043	B	T	core_destroyed	311
2026-08-13T12:15:53Z	NULL125	1304	glacierkeep	215043	A	T	core_destroyed	173
2026-08-13T12:15:57Z	NULL125	1305	glacierkeep	215043	B	C	core_destroyed	248
2026-08-13T12:15:59Z	NULL125	1306	icefloe	215043	A	T	core_destroyed	203
2026-08-13T12:16:02Z	NULL125	1307	icefloe	215043	B	C	core_destroyed	259
2026-08-13T12:16:11Z	NULL125	1308	midgard	215043	A	T	core_destroyed	669
2026-08-13T12:16:18Z	NULL125	1309	midgard	215043	B	C	core_destroyed	211
2026-08-13T12:16:21Z	NULL125	1310	nordkap	215043	A	T	core_destroyed	217
2026-08-13T12:16:23Z	NULL125	1311	nordkap	215043	B	C	core_destroyed	200
2026-08-13T12:16:26Z	NULL125	1312	ragnarok	215043	A	C	core_destroyed	121
2026-08-13T12:16:35Z	NULL125	1313	ragnarok	215043	B	C	core_destroyed	208
2026-08-13T12:16:37Z	NULL125	1314	royale	215043	A	T	core_destroyed	829
2026-08-13T12:16:39Z	NULL125	1315	royale	215043	B	T	core_destroyed	590
2026-08-13T12:16:43Z	NULL125	1316	valkyrie	215043	A	C	core_destroyed	173
2026-08-13T12:16:49Z	NULL125	1317	valkyrie	215043	B	T	tiebreak	1000
2026-08-13T12:16:54Z	NULL125	1318	yulerune	215043	A	C	core_destroyed	290
2026-08-13T12:16:59Z	NULL125	1319	yulerune	215043	B	C	core_destroyed	461
2026-08-13T12:17:05Z	NULL125	1320	antler	215044	A	T	core_destroyed	694
2026-08-13T12:17:08Z	NULL125	1321	antler	215044	B	T	core_destroyed	282
2026-08-13T12:17:12Z	NULL125	1322	archipelago	215044	A	C	core_destroyed	93
2026-08-13T12:17:20Z	NULL125	1323	archipelago	215044	B	C	core_destroyed	227
2026-08-13T12:17:23Z	NULL125	1324	auroraveil	215044	A	T	core_destroyed	148
2026-08-13T12:17:25Z	NULL125	1325	auroraveil	215044	B	C	core_destroyed	202
2026-08-13T12:17:31Z	NULL125	1326	drakkarfjord	215044	A	T	core_destroyed	246
2026-08-13T12:17:38Z	NULL125	1327	drakkarfjord	215044	B	T	core_destroyed	319
2026-08-13T12:17:41Z	NULL125	1328	drumlin	215044	A	T	core_destroyed	212
2026-08-13T12:17:47Z	NULL125	1329	drumlin	215044	B	C	core_destroyed	571
2026-08-13T12:17:50Z	NULL125	1330	fjordgate	215044	A	T	tiebreak	1000
2026-08-13T12:17:52Z	NULL125	1331	fjordgate	215044	B	T	core_destroyed	177
2026-08-13T12:17:54Z	NULL125	1332	frostgate	215044	A	T	core_destroyed	120
2026-08-13T12:17:56Z	NULL125	1333	frostgate	215044	B	T	tiebreak	1000
2026-08-13T12:18:00Z	NULL125	1334	glacierkeep	215044	A	T	core_destroyed	562
2026-08-13T12:18:02Z	NULL125	1335	glacierkeep	215044	B	C	core_destroyed	142
2026-08-13T12:18:05Z	NULL125	1336	icefloe	215044	A	C	core_destroyed	152
2026-08-13T12:18:09Z	NULL125	1337	icefloe	215044	B	C	core_destroyed	209
2026-08-13T12:18:12Z	NULL125	1338	midgard	215044	A	T	core_destroyed	170
2026-08-13T12:18:15Z	NULL125	1339	midgard	215044	B	C	core_destroyed	128
2026-08-13T12:18:18Z	NULL125	1340	nordkap	215044	A	C	core_destroyed	413
2026-08-13T12:18:20Z	NULL125	1341	nordkap	215044	B	C	core_destroyed	227
2026-08-13T12:18:23Z	NULL125	1342	ragnarok	215044	A	T	core_destroyed	183
2026-08-13T12:19:19Z	NULL125	1343	ragnarok	215044	B	T	tiebreak	1000
2026-08-13T12:19:25Z	NULL125	1344	royale	215044	A	C	core_destroyed	444
2026-08-13T12:19:26Z	NULL125	1345	royale	215044	B	T	core_destroyed	133
2026-08-13T12:19:29Z	NULL125	1346	valkyrie	215044	A	C	core_destroyed	159
2026-08-13T12:19:33Z	NULL125	1347	valkyrie	215044	B	T	core_destroyed	238
2026-08-13T12:19:38Z	NULL125	1348	yulerune	215044	A	C	core_destroyed	332
2026-08-13T12:19:42Z	NULL125	1349	yulerune	215044	B	C	core_destroyed	235
2026-08-13T12:19:44Z	NULL125	1350	antler	215045	A	T	core_destroyed	313
2026-08-13T12:19:46Z	NULL125	1351	antler	215045	B	C	core_destroyed	273
2026-08-13T12:19:49Z	NULL125	1352	archipelago	215045	A	C	core_destroyed	148
2026-08-13T12:19:52Z	NULL125	1353	archipelago	215045	B	T	core_destroyed	150
2026-08-13T12:19:55Z	NULL125	1354	auroraveil	215045	A	T	core_destroyed	199
2026-08-13T12:19:57Z	NULL125	1355	auroraveil	215045	B	T	core_destroyed	127
2026-08-13T12:20:03Z	NULL125	1356	drakkarfjord	215045	A	C	core_destroyed	433
2026-08-13T12:20:13Z	NULL125	1357	drakkarfjord	215045	B	C	core_destroyed	414
2026-08-13T12:20:16Z	NULL125	1358	drumlin	215045	A	T	core_destroyed	166
2026-08-13T12:20:22Z	NULL125	1359	drumlin	215045	B	C	core_destroyed	614
2026-08-13T12:20:25Z	NULL125	1360	fjordgate	215045	A	T	tiebreak	1000
2026-08-13T12:20:28Z	NULL125	1361	fjordgate	215045	B	C	tiebreak	1000
2026-08-13T12:20:30Z	NULL125	1362	frostgate	215045	A	C	core_destroyed	89
2026-08-13T12:20:33Z	NULL125	1363	frostgate	215045	B	T	core_destroyed	429
2026-08-13T12:20:35Z	NULL125	1364	glacierkeep	215045	A	C	core_destroyed	115
2026-08-13T12:20:38Z	NULL125	1365	glacierkeep	215045	B	C	core_destroyed	730
2026-08-13T12:20:42Z	NULL125	1366	icefloe	215045	A	T	core_destroyed	412
2026-08-13T12:20:45Z	NULL125	1367	icefloe	215045	B	C	core_destroyed	242
2026-08-13T12:20:49Z	NULL125	1368	midgard	215045	A	C	core_destroyed	83
2026-08-13T12:20:53Z	NULL125	1369	midgard	215045	B	C	core_destroyed	158
2026-08-13T12:20:54Z	NULL125	1370	nordkap	215045	A	C	core_destroyed	155
2026-08-13T12:20:56Z	NULL125	1371	nordkap	215045	B	C	core_destroyed	277
2026-08-13T12:21:05Z	NULL125	1372	ragnarok	215045	A	C	core_destroyed	266
2026-08-13T12:21:56Z	NULL125	1373	ragnarok	215045	B	T	tiebreak	1000
2026-08-13T12:21:58Z	NULL125	1374	royale	215045	A	C	core_destroyed	257
2026-08-13T12:22:00Z	NULL125	1375	royale	215045	B	C	core_destroyed	326
2026-08-13T12:22:03Z	NULL125	1376	valkyrie	215045	A	C	core_destroyed	139
2026-08-13T12:22:08Z	NULL125	1377	valkyrie	215045	B	C	core_destroyed	257
2026-08-13T12:22:11Z	NULL125	1378	yulerune	215045	A	C	core_destroyed	286
2026-08-13T12:22:14Z	NULL125	1379	yulerune	215045	B	T	core_destroyed	199
2026-08-13T12:22:16Z	NULL125	1380	antler	215046	A	T	core_destroyed	475
2026-08-13T12:22:19Z	NULL125	1381	antler	215046	B	C	core_destroyed	378
2026-08-13T12:22:24Z	NULL125	1382	archipelago	215046	A	T	core_destroyed	248
2026-08-13T12:22:27Z	NULL125	1383	archipelago	215046	B	C	core_destroyed	324
2026-08-13T12:22:31Z	NULL125	1384	auroraveil	215046	A	C	core_destroyed	246
2026-08-13T12:22:33Z	NULL125	1385	auroraveil	215046	B	C	core_destroyed	244
2026-08-13T12:22:53Z	NULL125	1386	drakkarfjord	215046	A	C	core_destroyed	946
2026-08-13T12:22:55Z	NULL125	1387	drakkarfjord	215046	B	T	core_destroyed	113
2026-08-13T12:22:59Z	NULL125	1388	drumlin	215046	A	C	core_destroyed	222
2026-08-13T12:23:03Z	NULL125	1389	drumlin	215046	B	T	core_destroyed	314
2026-08-13T12:23:05Z	NULL125	1390	fjordgate	215046	A	C	core_destroyed	342
2026-08-13T12:23:07Z	NULL125	1391	fjordgate	215046	B	T	core_destroyed	257
2026-08-13T12:23:11Z	NULL125	1392	frostgate	215046	A	C	core_destroyed	273
2026-08-13T12:23:13Z	NULL125	1393	frostgate	215046	B	C	core_destroyed	229
2026-08-13T12:23:15Z	NULL125	1394	glacierkeep	215046	A	T	core_destroyed	176
2026-08-13T12:23:18Z	NULL125	1395	glacierkeep	215046	B	C	core_destroyed	177
2026-08-13T12:23:23Z	NULL125	1396	icefloe	215046	A	C	core_destroyed	439
2026-08-13T12:23:25Z	NULL125	1397	icefloe	215046	B	T	core_destroyed	164
2026-08-13T12:23:29Z	NULL125	1398	midgard	215046	A	T	core_destroyed	119
2026-08-13T12:23:34Z	NULL125	1399	midgard	215046	B	C	core_destroyed	227
2026-08-13T12:23:36Z	NULL125	1400	nordkap	215046	A	C	tiebreak	1000
2026-08-13T12:23:39Z	NULL125	1401	nordkap	215046	B	C	core_destroyed	219
2026-08-13T12:23:47Z	NULL125	1402	ragnarok	215046	A	C	core_destroyed	307
2026-08-13T12:23:52Z	NULL125	1403	ragnarok	215046	B	T	core_destroyed	203
2026-08-13T12:23:54Z	NULL125	1404	royale	215046	A	C	tiebreak	1000
2026-08-13T12:23:56Z	NULL125	1405	royale	215046	B	C	core_destroyed	204
2026-08-13T12:24:05Z	NULL125	1406	valkyrie	215046	A	T	core_destroyed	502
2026-08-13T12:24:15Z	NULL125	1407	valkyrie	215046	B	C	core_destroyed	493
2026-08-13T12:24:23Z	NULL125	1408	yulerune	215046	A	C	core_destroyed	405
2026-08-13T12:24:26Z	NULL125	1409	yulerune	215046	B	T	core_destroyed	452
2026-08-13T12:24:29Z	NULL125	1410	antler	215047	A	T	core_destroyed	414
2026-08-13T12:24:31Z	NULL125	1411	antler	215047	B	T	core_destroyed	163
2026-08-13T12:24:33Z	NULL125	1412	archipelago	215047	A	C	core_destroyed	153
2026-08-13T12:24:36Z	NULL125	1413	archipelago	215047	B	T	core_destroyed	101
2026-08-13T12:24:39Z	NULL125	1414	auroraveil	215047	A	C	core_destroyed	325
2026-08-13T12:24:41Z	NULL125	1415	auroraveil	215047	B	C	core_destroyed	144
2026-08-13T12:24:47Z	NULL125	1416	drakkarfjord	215047	A	C	core_destroyed	658
2026-08-13T12:24:50Z	NULL125	1417	drakkarfjord	215047	B	C	core_destroyed	153
2026-08-13T12:24:54Z	NULL125	1418	drumlin	215047	A	C	core_destroyed	314
2026-08-13T12:25:07Z	NULL125	1419	drumlin	215047	B	T	core_destroyed	719
2026-08-13T12:25:09Z	NULL125	1420	fjordgate	215047	A	C	core_destroyed	89
2026-08-13T12:25:10Z	NULL125	1421	fjordgate	215047	B	C	core_destroyed	109
2026-08-13T12:25:11Z	NULL125	1422	frostgate	215047	A	T	core_destroyed	177
2026-08-13T12:25:13Z	NULL125	1423	frostgate	215047	B	T	core_destroyed	341
2026-08-13T12:25:30Z	NULL125	1424	glacierkeep	215047	A	T	tiebreak	1000
2026-08-13T12:25:54Z	NULL125	1425	glacierkeep	215047	B	T	tiebreak	1000
2026-08-13T12:26:00Z	NULL125	1426	icefloe	215047	A	T	core_destroyed	449
2026-08-13T12:26:02Z	NULL125	1427	icefloe	215047	B	C	core_destroyed	202
2026-08-13T12:26:06Z	NULL125	1428	midgard	215047	A	C	core_destroyed	86
2026-08-13T12:26:09Z	NULL125	1429	midgard	215047	B	T	core_destroyed	95
2026-08-13T12:26:13Z	NULL125	1430	nordkap	215047	A	T	core_destroyed	495
2026-08-13T12:26:17Z	NULL125	1431	nordkap	215047	B	C	core_destroyed	447
2026-08-13T12:26:20Z	NULL125	1432	ragnarok	215047	A	T	core_destroyed	135
2026-08-13T12:27:17Z	NULL125	1433	ragnarok	215047	B	C	tiebreak	1000
2026-08-13T12:27:19Z	NULL125	1434	royale	215047	A	T	core_destroyed	138
2026-08-13T12:27:22Z	NULL125	1435	royale	215047	B	T	core_destroyed	865
2026-08-13T12:27:27Z	NULL125	1436	valkyrie	215047	A	C	core_destroyed	343
2026-08-13T12:27:30Z	NULL125	1437	valkyrie	215047	B	T	core_destroyed	116
2026-08-13T12:27:32Z	NULL125	1438	yulerune	215047	A	C	core_destroyed	160
2026-08-13T12:27:37Z	NULL125	1439	yulerune	215047	B	T	core_destroyed	342
2026-08-13T12:27:41Z	NULL125	1440	antler	215048	A	C	core_destroyed	438
2026-08-13T12:27:43Z	NULL125	1441	antler	215048	B	T	core_destroyed	349
2026-08-13T12:27:46Z	NULL125	1442	archipelago	215048	A	C	core_destroyed	148
2026-08-13T12:27:50Z	NULL125	1443	archipelago	215048	B	T	core_destroyed	178
2026-08-13T12:27:54Z	NULL125	1444	auroraveil	215048	A	T	core_destroyed	395
2026-08-13T12:27:58Z	NULL125	1445	auroraveil	215048	B	C	core_destroyed	244
2026-08-13T12:28:06Z	NULL125	1446	drakkarfjord	215048	A	C	core_destroyed	557
2026-08-13T12:28:08Z	NULL125	1447	drakkarfjord	215048	B	C	core_destroyed	102
2026-08-13T12:28:11Z	NULL125	1448	drumlin	215048	A	T	core_destroyed	142
2026-08-13T12:28:13Z	NULL125	1449	drumlin	215048	B	C	core_destroyed	370
2026-08-13T12:28:15Z	NULL125	1450	fjordgate	215048	A	C	core_destroyed	214
2026-08-13T12:28:17Z	NULL125	1451	fjordgate	215048	B	T	core_destroyed	239
2026-08-13T12:28:19Z	NULL125	1452	frostgate	215048	A	C	tiebreak	1000
2026-08-13T12:28:22Z	NULL125	1453	frostgate	215048	B	C	tiebreak	1000
2026-08-13T12:28:34Z	NULL125	1454	glacierkeep	215048	A	T	tiebreak	1000
2026-08-13T12:28:36Z	NULL125	1455	glacierkeep	215048	B	C	core_destroyed	268
2026-08-13T12:28:39Z	NULL125	1456	icefloe	215048	A	T	core_destroyed	238
2026-08-13T12:28:42Z	NULL125	1457	icefloe	215048	B	C	core_destroyed	161
2026-08-13T12:28:45Z	NULL125	1458	midgard	215048	A	C	core_destroyed	145
2026-08-13T12:28:48Z	NULL125	1459	midgard	215048	B	T	core_destroyed	81
2026-08-13T12:28:52Z	NULL125	1460	nordkap	215048	A	T	core_destroyed	265
2026-08-13T12:28:56Z	NULL125	1461	nordkap	215048	B	C	tiebreak	1000
2026-08-13T12:28:59Z	NULL125	1462	ragnarok	215048	A	C	core_destroyed	183
2026-08-13T12:29:04Z	NULL125	1463	ragnarok	215048	B	T	core_destroyed	243
2026-08-13T12:29:07Z	NULL125	1464	royale	215048	A	T	core_destroyed	482
2026-08-13T12:29:08Z	NULL125	1465	royale	215048	B	C	core_destroyed	172
2026-08-13T12:29:11Z	NULL125	1466	valkyrie	215048	A	T	core_destroyed	139
2026-08-13T12:29:14Z	NULL125	1467	valkyrie	215048	B	T	core_destroyed	148
2026-08-13T12:29:16Z	NULL125	1468	yulerune	215048	A	C	core_destroyed	166
2026-08-13T12:29:17Z	NULL125	1469	yulerune	215048	B	T	core_destroyed	138
2026-08-13T12:29:21Z	NULL125	1470	antler	215049	A	T	core_destroyed	677
2026-08-13T12:29:25Z	NULL125	1471	antler	215049	B	T	tiebreak	1000
2026-08-13T12:29:27Z	NULL125	1472	archipelago	215049	A	C	core_destroyed	78
2026-08-13T12:29:29Z	NULL125	1473	archipelago	215049	B	T	core_destroyed	91
2026-08-13T12:29:32Z	NULL125	1474	auroraveil	215049	A	T	core_destroyed	219
2026-08-13T12:29:34Z	NULL125	1475	auroraveil	215049	B	T	core_destroyed	175
2026-08-13T12:29:36Z	NULL125	1476	drakkarfjord	215049	A	C	core_destroyed	158
2026-08-13T12:29:50Z	NULL125	1477	drakkarfjord	215049	B	C	core_destroyed	839
2026-08-13T12:29:53Z	NULL125	1478	drumlin	215049	A	T	core_destroyed	325
2026-08-13T12:29:55Z	NULL125	1479	drumlin	215049	B	C	core_destroyed	234
2026-08-13T12:29:57Z	NULL125	1480	fjordgate	215049	A	T	core_destroyed	329
2026-08-13T12:29:59Z	NULL125	1481	fjordgate	215049	B	C	core_destroyed	364
2026-08-13T12:30:01Z	NULL125	1482	frostgate	215049	A	T	core_destroyed	209
2026-08-13T12:30:03Z	NULL125	1483	frostgate	215049	B	C	core_destroyed	134
2026-08-13T12:30:06Z	NULL125	1484	glacierkeep	215049	A	T	core_destroyed	471
2026-08-13T12:30:10Z	NULL125	1485	glacierkeep	215049	B	T	core_destroyed	285
2026-08-13T12:30:14Z	NULL125	1486	icefloe	215049	A	T	core_destroyed	617
2026-08-13T12:30:16Z	NULL125	1487	icefloe	215049	B	T	core_destroyed	257
2026-08-13T12:30:19Z	NULL125	1488	midgard	215049	A	C	core_destroyed	224
2026-08-13T12:30:24Z	NULL125	1489	midgard	215049	B	C	core_destroyed	177
2026-08-13T12:30:26Z	NULL125	1490	nordkap	215049	A	C	core_destroyed	285
2026-08-13T12:30:29Z	NULL125	1491	nordkap	215049	B	T	core_destroyed	678
2026-08-13T12:30:33Z	NULL125	1492	ragnarok	215049	A	C	core_destroyed	285
2026-08-13T12:30:36Z	NULL125	1493	ragnarok	215049	B	T	core_destroyed	148
2026-08-13T12:30:38Z	NULL125	1494	royale	215049	A	C	core_destroyed	116
2026-08-13T12:30:41Z	NULL125	1495	royale	215049	B	C	core_destroyed	228
2026-08-13T12:30:46Z	NULL125	1496	valkyrie	215049	A	T	core_destroyed	304
2026-08-13T12:30:49Z	NULL125	1497	valkyrie	215049	B	T	core_destroyed	115
2026-08-13T12:30:53Z	NULL125	1498	yulerune	215049	A	T	core_destroyed	236
2026-08-13T12:30:56Z	NULL125	1499	yulerune	215049	B	T	core_destroyed	210
2026-08-13T12:30:58Z	NULL125	1500	antler	215050	A	C	core_destroyed	460
2026-08-13T12:31:00Z	NULL125	1501	antler	215050	B	T	core_destroyed	178
2026-08-13T12:31:03Z	NULL125	1502	archipelago	215050	A	C	core_destroyed	148
2026-08-13T12:31:06Z	NULL125	1503	archipelago	215050	B	C	core_destroyed	148
2026-08-13T12:31:08Z	NULL125	1504	auroraveil	215050	A	T	core_destroyed	336
2026-08-13T12:31:11Z	NULL125	1505	auroraveil	215050	B	T	core_destroyed	373
2026-08-13T12:31:15Z	NULL125	1506	drakkarfjord	215050	A	C	core_destroyed	292
2026-08-13T12:31:18Z	NULL125	1507	drakkarfjord	215050	B	C	core_destroyed	164
2026-08-13T12:31:20Z	NULL125	1508	drumlin	215050	A	T	core_destroyed	171
2026-08-13T12:31:23Z	NULL125	1509	drumlin	215050	B	C	core_destroyed	221
2026-08-13T12:31:25Z	NULL125	1510	fjordgate	215050	A	T	core_destroyed	192
2026-08-13T12:31:26Z	NULL125	1511	fjordgate	215050	B	T	core_destroyed	199
2026-08-13T12:31:30Z	NULL125	1512	frostgate	215050	A	T	core_destroyed	354
2026-08-13T12:31:31Z	NULL125	1513	frostgate	215050	B	C	core_destroyed	245
2026-08-13T12:31:33Z	NULL125	1514	glacierkeep	215050	A	C	core_destroyed	173
2026-08-13T12:31:36Z	NULL125	1515	glacierkeep	215050	B	C	core_destroyed	156
2026-08-13T12:31:39Z	NULL125	1516	icefloe	215050	A	C	core_destroyed	191
2026-08-13T12:31:41Z	NULL125	1517	icefloe	215050	B	T	core_destroyed	258
2026-08-13T12:31:44Z	NULL125	1518	midgard	215050	A	T	core_destroyed	153
2026-08-13T12:31:46Z	NULL125	1519	midgard	215050	B	T	core_destroyed	78
2026-08-13T12:31:48Z	NULL125	1520	nordkap	215050	A	C	core_destroyed	248
2026-08-13T12:31:50Z	NULL125	1521	nordkap	215050	B	C	core_destroyed	206
2026-08-13T12:31:53Z	NULL125	1522	ragnarok	215050	A	T	core_destroyed	125
2026-08-13T12:31:55Z	NULL125	1523	ragnarok	215050	B	C	core_destroyed	105
2026-08-13T12:31:59Z	NULL125	1524	royale	215050	A	T	core_destroyed	278
2026-08-13T12:32:00Z	NULL125	1525	royale	215050	B	C	core_destroyed	490
2026-08-13T12:32:04Z	NULL125	1526	valkyrie	215050	A	C	core_destroyed	181
2026-08-13T12:32:06Z	NULL125	1527	valkyrie	215050	B	T	core_destroyed	157
2026-08-13T12:32:09Z	NULL125	1528	yulerune	215050	A	C	core_destroyed	418
2026-08-13T12:32:14Z	NULL125	1529	yulerune	215050	B	C	core_destroyed	256
2026-08-13T12:32:15Z	NULL125	1530	antler	215051	A	T	core_destroyed	168
2026-08-13T12:32:17Z	NULL125	1531	antler	215051	B	C	core_destroyed	132
2026-08-13T12:32:23Z	NULL125	1532	archipelago	215051	A	C	core_destroyed	312
2026-08-13T12:32:28Z	NULL125	1533	archipelago	215051	B	T	core_destroyed	180
2026-08-13T12:32:30Z	NULL125	1534	auroraveil	215051	A	T	core_destroyed	293
2026-08-13T12:32:33Z	NULL125	1535	auroraveil	215051	B	C	core_destroyed	175
2026-08-13T12:32:36Z	NULL125	1536	drakkarfjord	215051	A	T	core_destroyed	240
2026-08-13T12:32:44Z	NULL125	1537	drakkarfjord	215051	B	C	tiebreak	1000
2026-08-13T12:32:48Z	NULL125	1538	drumlin	215051	A	T	core_destroyed	301
2026-08-13T12:32:56Z	NULL125	1539	drumlin	215051	B	T	core_destroyed	376
2026-08-13T12:32:57Z	NULL125	1540	fjordgate	215051	A	T	core_destroyed	226
2026-08-13T12:32:58Z	NULL125	1541	fjordgate	215051	B	C	core_destroyed	160
2026-08-13T12:33:00Z	NULL125	1542	frostgate	215051	A	T	core_destroyed	156
2026-08-13T12:33:03Z	NULL125	1543	frostgate	215051	B	C	tiebreak	1000
2026-08-13T12:33:12Z	NULL125	1544	glacierkeep	215051	A	T	tiebreak	1000
2026-08-13T12:33:14Z	NULL125	1545	glacierkeep	215051	B	T	core_destroyed	219
2026-08-13T12:33:17Z	NULL125	1546	icefloe	215051	A	T	core_destroyed	161
2026-08-13T12:33:20Z	NULL125	1547	icefloe	215051	B	C	core_destroyed	252
2026-08-13T12:33:23Z	NULL125	1548	midgard	215051	A	C	core_destroyed	99
2026-08-13T12:33:26Z	NULL125	1549	midgard	215051	B	C	core_destroyed	177
2026-08-13T12:33:28Z	NULL125	1550	nordkap	215051	A	T	core_destroyed	158
2026-08-13T12:33:31Z	NULL125	1551	nordkap	215051	B	C	tiebreak	1000
2026-08-13T12:33:34Z	NULL125	1552	ragnarok	215051	A	T	core_destroyed	154
2026-08-13T12:33:46Z	NULL125	1553	ragnarok	215051	B	T	core_destroyed	449
2026-08-13T12:33:48Z	NULL125	1554	royale	215051	A	T	core_destroyed	146
2026-08-13T12:33:49Z	NULL125	1555	royale	215051	B	T	core_destroyed	143
2026-08-13T12:33:52Z	NULL125	1556	valkyrie	215051	A	C	core_destroyed	173
2026-08-13T12:34:00Z	NULL125	1557	valkyrie	215051	B	C	tiebreak	1000
2026-08-13T12:34:04Z	NULL125	1558	yulerune	215051	A	C	tiebreak	1000
2026-08-13T12:34:09Z	NULL125	1559	yulerune	215051	B	C	core_destroyed	300
2026-08-13T12:34:10Z	NULL125	1560	antler	215052	A	T	core_destroyed	204
2026-08-13T12:34:12Z	NULL125	1561	antler	215052	B	C	core_destroyed	230
2026-08-13T12:34:15Z	NULL125	1562	archipelago	215052	A	C	core_destroyed	96
2026-08-13T12:34:18Z	NULL125	1563	archipelago	215052	B	T	core_destroyed	127
2026-08-13T12:34:20Z	NULL125	1564	auroraveil	215052	A	C	core_destroyed	342
2026-08-13T12:34:23Z	NULL125	1565	auroraveil	215052	B	C	core_destroyed	148
2026-08-13T12:34:26Z	NULL125	1566	drakkarfjord	215052	A	C	core_destroyed	302
2026-08-13T12:34:33Z	NULL125	1567	drakkarfjord	215052	B	T	core_destroyed	372
2026-08-13T12:34:40Z	NULL125	1568	drumlin	215052	A	C	tiebreak	1000
2026-08-13T12:34:44Z	NULL125	1569	drumlin	215052	B	T	core_destroyed	368
2026-08-13T12:34:46Z	NULL125	1570	fjordgate	215052	A	T	core_destroyed	799
2026-08-13T12:34:48Z	NULL125	1571	fjordgate	215052	B	T	core_destroyed	147
2026-08-13T12:34:49Z	NULL125	1572	frostgate	215052	A	C	core_destroyed	341
2026-08-13T12:34:51Z	NULL125	1573	frostgate	215052	B	T	core_destroyed	341
2026-08-13T12:34:53Z	NULL125	1574	glacierkeep	215052	A	T	core_destroyed	315
2026-08-13T12:34:55Z	NULL125	1575	glacierkeep	215052	B	C	core_destroyed	130
2026-08-13T12:34:59Z	NULL125	1576	icefloe	215052	A	C	core_destroyed	360
2026-08-13T12:35:01Z	NULL125	1577	icefloe	215052	B	C	core_destroyed	149
2026-08-13T12:35:05Z	NULL125	1578	midgard	215052	A	T	core_destroyed	147
2026-08-13T12:35:09Z	NULL125	1579	midgard	215052	B	C	core_destroyed	117
2026-08-13T12:35:10Z	NULL125	1580	nordkap	215052	A	T	core_destroyed	187
2026-08-13T12:35:13Z	NULL125	1581	nordkap	215052	B	C	tiebreak	1000
2026-08-13T12:35:17Z	NULL125	1582	ragnarok	215052	A	T	core_destroyed	129
2026-08-13T12:35:21Z	NULL125	1583	ragnarok	215052	B	C	core_destroyed	158
2026-08-13T12:35:27Z	NULL125	1584	royale	215052	A	C	tiebreak	1000
2026-08-13T12:35:32Z	NULL125	1585	royale	215052	B	C	core_destroyed	404
2026-08-13T12:35:35Z	NULL125	1586	valkyrie	215052	A	C	core_destroyed	179
2026-08-13T12:35:38Z	NULL125	1587	valkyrie	215052	B	T	core_destroyed	132
2026-08-13T12:35:42Z	NULL125	1588	yulerune	215052	A	C	core_destroyed	220
2026-08-13T12:35:46Z	NULL125	1589	yulerune	215052	B	T	core_destroyed	196
2026-08-13T12:35:48Z	NULL125	1590	antler	215053	A	T	core_destroyed	296
2026-08-13T12:35:50Z	NULL125	1591	antler	215053	B	T	core_destroyed	169
2026-08-13T12:35:52Z	NULL125	1592	archipelago	215053	A	C	core_destroyed	209
2026-08-13T12:35:55Z	NULL125	1593	archipelago	215053	B	T	core_destroyed	107
2026-08-13T12:35:58Z	NULL125	1594	auroraveil	215053	A	C	core_destroyed	134
2026-08-13T12:36:00Z	NULL125	1595	auroraveil	215053	B	C	core_destroyed	281
2026-08-13T12:36:06Z	NULL125	1596	drakkarfjord	215053	A	C	core_destroyed	414
2026-08-13T12:36:18Z	NULL125	1597	drakkarfjord	215053	B	C	core_destroyed	817
2026-08-13T12:36:23Z	NULL125	1598	drumlin	215053	A	C	core_destroyed	250
2026-08-13T12:36:27Z	NULL125	1599	drumlin	215053	B	C	core_destroyed	325
2026-08-13T12:36:29Z	NULL125	1600	fjordgate	215053	A	T	core_destroyed	487
2026-08-13T12:36:30Z	NULL125	1601	fjordgate	215053	B	C	core_destroyed	118
2026-08-13T12:36:33Z	NULL125	1602	frostgate	215053	A	T	tiebreak	1000
2026-08-13T12:36:34Z	NULL125	1603	frostgate	215053	B	C	core_destroyed	189
2026-08-13T12:36:38Z	NULL125	1604	glacierkeep	215053	A	T	core_destroyed	239
2026-08-13T12:36:41Z	NULL125	1605	glacierkeep	215053	B	C	core_destroyed	196
2026-08-13T12:36:44Z	NULL125	1606	icefloe	215053	A	T	core_destroyed	249
2026-08-13T12:36:48Z	NULL125	1607	icefloe	215053	B	C	core_destroyed	401
2026-08-13T12:36:51Z	NULL125	1608	midgard	215053	A	C	core_destroyed	125
2026-08-13T12:36:54Z	NULL125	1609	midgard	215053	B	C	core_destroyed	142
2026-08-13T12:36:55Z	NULL125	1610	nordkap	215053	A	T	core_destroyed	131
2026-08-13T12:36:57Z	NULL125	1611	nordkap	215053	B	T	core_destroyed	359
2026-08-13T12:37:01Z	NULL125	1612	ragnarok	215053	A	T	core_destroyed	119
2026-08-13T12:37:05Z	NULL125	1613	ragnarok	215053	B	T	core_destroyed	203
2026-08-13T12:37:07Z	NULL125	1614	royale	215053	A	C	core_destroyed	160
2026-08-13T12:37:10Z	NULL125	1615	royale	215053	B	T	core_destroyed	250
2026-08-13T12:37:15Z	NULL125	1616	valkyrie	215053	A	C	core_destroyed	211
2026-08-13T12:37:23Z	NULL125	1617	valkyrie	215053	B	T	core_destroyed	283
2026-08-13T12:37:25Z	NULL125	1618	yulerune	215053	A	T	core_destroyed	120
2026-08-13T12:37:29Z	NULL125	1619	yulerune	215053	B	T	core_destroyed	286
2026-08-13T12:37:34Z	NULL125	1620	antler	215054	A	C	core_destroyed	393
2026-08-13T12:37:38Z	NULL125	1621	antler	215054	B	C	core_destroyed	442
2026-08-13T12:37:41Z	NULL125	1622	archipelago	215054	A	C	core_destroyed	77
2026-08-13T12:37:46Z	NULL125	1623	archipelago	215054	B	T	core_destroyed	119
2026-08-13T12:37:49Z	NULL125	1624	auroraveil	215054	A	T	core_destroyed	252
2026-08-13T12:37:51Z	NULL125	1625	auroraveil	215054	B	C	core_destroyed	77
2026-08-13T12:37:58Z	NULL125	1626	drakkarfjord	215054	A	T	core_destroyed	349
2026-08-13T12:38:03Z	NULL125	1627	drakkarfjord	215054	B	C	core_destroyed	263
2026-08-13T12:38:05Z	NULL125	1628	drumlin	215054	A	T	core_destroyed	182
2026-08-13T12:38:10Z	NULL125	1629	drumlin	215054	B	T	core_destroyed	230
2026-08-13T12:38:16Z	NULL125	1630	fjordgate	215054	A	T	core_destroyed	979
2026-08-13T12:38:18Z	NULL125	1631	fjordgate	215054	B	C	core_destroyed	160
2026-08-13T12:38:21Z	NULL125	1632	frostgate	215054	A	T	core_destroyed	689
2026-08-13T12:38:24Z	NULL125	1633	frostgate	215054	B	C	core_destroyed	178
2026-08-13T12:38:28Z	NULL125	1634	glacierkeep	215054	A	T	core_destroyed	225
2026-08-13T12:38:31Z	NULL125	1635	glacierkeep	215054	B	C	core_destroyed	179
2026-08-13T12:38:37Z	NULL125	1636	icefloe	215054	A	T	core_destroyed	316
2026-08-13T12:38:42Z	NULL125	1637	icefloe	215054	B	T	core_destroyed	190
2026-08-13T12:38:48Z	NULL125	1638	midgard	215054	A	T	core_destroyed	164
2026-08-13T12:38:53Z	NULL125	1639	midgard	215054	B	C	core_destroyed	110
2026-08-13T12:38:56Z	NULL125	1640	nordkap	215054	A	C	core_destroyed	208
2026-08-13T12:38:59Z	NULL125	1641	nordkap	215054	B	C	core_destroyed	126
2026-08-13T12:39:07Z	NULL125	1642	ragnarok	215054	A	C	core_destroyed	222
2026-08-13T12:39:40Z	NULL125	1643	ragnarok	215054	B	T	core_destroyed	833
2026-08-13T12:39:42Z	NULL125	1644	royale	215054	A	C	core_destroyed	150
2026-08-13T12:39:44Z	NULL125	1645	royale	215054	B	T	core_destroyed	139
2026-08-13T12:39:47Z	NULL125	1646	valkyrie	215054	A	C	core_destroyed	114
2026-08-13T12:39:51Z	NULL125	1647	valkyrie	215054	B	T	core_destroyed	184
2026-08-13T12:39:54Z	NULL125	1648	yulerune	215054	A	C	core_destroyed	196
2026-08-13T12:39:58Z	NULL125	1649	yulerune	215054	B	T	core_destroyed	236
2026-08-13T12:40:04Z	NULL125	1650	antler	215055	A	T	core_destroyed	970
2026-08-13T12:40:06Z	NULL125	1651	antler	215055	B	C	core_destroyed	131
2026-08-13T12:40:09Z	NULL125	1652	archipelago	215055	A	T	core_destroyed	117
2026-08-13T12:40:12Z	NULL125	1653	archipelago	215055	B	C	core_destroyed	202
2026-08-13T12:40:19Z	NULL125	1654	auroraveil	215055	A	C	core_destroyed	456
2026-08-13T12:40:21Z	NULL125	1655	auroraveil	215055	B	C	core_destroyed	163
2026-08-13T12:40:24Z	NULL125	1656	drakkarfjord	215055	A	T	core_destroyed	187
2026-08-13T12:40:27Z	NULL125	1657	drakkarfjord	215055	B	C	core_destroyed	111
2026-08-13T12:40:31Z	NULL125	1658	drumlin	215055	A	C	core_destroyed	307
2026-08-13T12:40:35Z	NULL125	1659	drumlin	215055	B	T	core_destroyed	259
2026-08-13T12:40:36Z	NULL125	1660	fjordgate	215055	A	T	core_destroyed	108
2026-08-13T12:40:38Z	NULL125	1661	fjordgate	215055	B	C	core_destroyed	144
2026-08-13T12:40:39Z	NULL125	1662	frostgate	215055	A	T	core_destroyed	174
2026-08-13T12:40:42Z	NULL125	1663	frostgate	215055	B	C	core_destroyed	159
2026-08-13T12:40:43Z	NULL125	1664	glacierkeep	215055	A	T	core_destroyed	275
2026-08-13T12:41:16Z	NULL125	1665	glacierkeep	215055	B	C	tiebreak	1000
2026-08-13T12:41:21Z	NULL125	1666	icefloe	215055	A	T	core_destroyed	186
2026-08-13T12:41:23Z	NULL125	1667	icefloe	215055	B	C	core_destroyed	111
2026-08-13T12:41:36Z	NULL125	1668	midgard	215055	A	T	core_destroyed	382
2026-08-13T12:41:40Z	NULL125	1669	midgard	215055	B	C	core_destroyed	148
2026-08-13T12:41:42Z	NULL125	1670	nordkap	215055	A	C	core_destroyed	160
2026-08-13T12:41:47Z	NULL125	1671	nordkap	215055	B	T	tiebreak	1000
2026-08-13T12:41:54Z	NULL125	1672	ragnarok	215055	A	T	core_destroyed	176
2026-08-13T12:41:59Z	NULL125	1673	ragnarok	215055	B	C	core_destroyed	145
2026-08-13T12:42:01Z	NULL125	1674	royale	215055	A	C	core_destroyed	203
2026-08-13T12:42:04Z	NULL125	1675	royale	215055	B	T	core_destroyed	480
2026-08-13T12:42:09Z	NULL125	1676	valkyrie	215055	A	T	core_destroyed	257
2026-08-13T12:42:16Z	NULL125	1677	valkyrie	215055	B	C	core_destroyed	209
2026-08-13T12:42:19Z	NULL125	1678	yulerune	215055	A	T	core_destroyed	181
2026-08-13T12:42:27Z	NULL125	1679	yulerune	215055	B	C	core_destroyed	358
2026-08-13T12:42:30Z	NULL125	1680	antler	215056	A	T	core_destroyed	124
2026-08-13T12:42:33Z	NULL125	1681	antler	215056	B	C	core_destroyed	264
2026-08-13T12:42:37Z	NULL125	1682	archipelago	215056	A	C	core_destroyed	112
2026-08-13T12:42:41Z	NULL125	1683	archipelago	215056	B	T	core_destroyed	97
2026-08-13T12:42:44Z	NULL125	1684	auroraveil	215056	A	C	core_destroyed	153
2026-08-13T12:42:52Z	NULL125	1685	auroraveil	215056	B	T	tiebreak	1000
2026-08-13T12:43:01Z	NULL125	1686	drakkarfjord	215056	A	T	core_destroyed	278
2026-08-13T12:43:24Z	NULL125	1687	drakkarfjord	215056	B	C	core_destroyed	793
2026-08-13T12:43:26Z	NULL125	1688	drumlin	215056	A	T	core_destroyed	159
2026-08-13T12:43:30Z	NULL125	1689	drumlin	215056	B	T	core_destroyed	221
2026-08-13T12:43:31Z	NULL125	1690	fjordgate	215056	A	T	core_destroyed	138
2026-08-13T12:43:33Z	NULL125	1691	fjordgate	215056	B	T	core_destroyed	141
2026-08-13T12:43:34Z	NULL125	1692	frostgate	215056	A	T	core_destroyed	114
2026-08-13T12:43:36Z	NULL125	1693	frostgate	215056	B	T	core_destroyed	184
2026-08-13T12:43:43Z	NULL125	1694	glacierkeep	215056	A	C	core_destroyed	796
2026-08-13T12:43:47Z	NULL125	1695	glacierkeep	215056	B	C	tiebreak	1000
2026-08-13T12:43:49Z	NULL125	1696	icefloe	215056	A	T	core_destroyed	111
2026-08-13T12:43:51Z	NULL125	1697	icefloe	215056	B	T	core_destroyed	171
2026-08-13T12:43:54Z	NULL125	1698	midgard	215056	A	C	core_destroyed	91
2026-08-13T12:43:57Z	NULL125	1699	midgard	215056	B	T	core_destroyed	136
2026-08-13T12:43:59Z	NULL125	1700	nordkap	215056	A	C	core_destroyed	414
2026-08-13T12:44:01Z	NULL125	1701	nordkap	215056	B	C	core_destroyed	338
2026-08-13T12:44:07Z	NULL125	1702	ragnarok	215056	A	T	core_destroyed	277
2026-08-13T12:44:15Z	NULL125	1703	ragnarok	215056	B	T	tiebreak	1000
2026-08-13T12:44:17Z	NULL125	1704	royale	215056	A	T	core_destroyed	784
2026-08-13T12:44:20Z	NULL125	1705	royale	215056	B	C	core_destroyed	602
2026-08-13T12:44:22Z	NULL125	1706	valkyrie	215056	A	T	core_destroyed	87
2026-08-13T12:44:30Z	NULL125	1707	valkyrie	215056	B	C	core_destroyed	348
2026-08-13T12:44:33Z	NULL125	1708	yulerune	215056	A	C	core_destroyed	288
2026-08-13T12:44:37Z	NULL125	1709	yulerune	215056	B	T	core_destroyed	729
2026-08-13T12:44:40Z	NULL125	1710	antler	215057	A	T	core_destroyed	230
2026-08-13T12:44:41Z	NULL125	1711	antler	215057	B	C	core_destroyed	310
2026-08-13T12:44:45Z	NULL125	1712	archipelago	215057	A	C	core_destroyed	301
2026-08-13T12:44:48Z	NULL125	1713	archipelago	215057	B	T	core_destroyed	88
2026-08-13T12:44:53Z	NULL125	1714	auroraveil	215057	A	C	tiebreak	1000
2026-08-13T12:44:57Z	NULL125	1715	auroraveil	215057	B	C	core_destroyed	479
2026-08-13T12:45:05Z	NULL125	1716	drakkarfjord	215057	A	C	tiebreak	1000
2026-08-13T12:45:09Z	NULL125	1717	drakkarfjord	215057	B	C	core_destroyed	305
2026-08-13T12:45:16Z	NULL125	1718	drumlin	215057	A	C	core_destroyed	350
2026-08-13T12:45:21Z	NULL125	1719	drumlin	215057	B	T	core_destroyed	359
2026-08-13T12:45:23Z	NULL125	1720	fjordgate	215057	A	C	core_destroyed	344
2026-08-13T12:45:25Z	NULL125	1721	fjordgate	215057	B	C	core_destroyed	120
2026-08-13T12:45:27Z	NULL125	1722	frostgate	215057	A	T	core_destroyed	316
2026-08-13T12:45:30Z	NULL125	1723	frostgate	215057	B	T	tiebreak	1000
2026-08-13T12:45:32Z	NULL125	1724	glacierkeep	215057	A	T	core_destroyed	206
2026-08-13T12:45:35Z	NULL125	1725	glacierkeep	215057	B	C	core_destroyed	271
2026-08-13T12:45:42Z	NULL125	1726	icefloe	215057	A	T	core_destroyed	388
2026-08-13T12:45:44Z	NULL125	1727	icefloe	215057	B	T	core_destroyed	197
2026-08-13T12:45:51Z	NULL125	1728	midgard	215057	A	T	core_destroyed	302
2026-08-13T12:45:55Z	NULL125	1729	midgard	215057	B	C	core_destroyed	91
2026-08-13T12:46:00Z	NULL125	1730	nordkap	215057	A	T	core_destroyed	431
2026-08-13T12:46:01Z	NULL125	1731	nordkap	215057	B	T	core_destroyed	263
2026-08-13T12:46:05Z	NULL125	1732	ragnarok	215057	A	T	core_destroyed	127
2026-08-13T12:46:09Z	NULL125	1733	ragnarok	215057	B	T	core_destroyed	133
2026-08-13T12:46:12Z	NULL125	1734	royale	215057	A	T	core_destroyed	243
2026-08-13T12:46:13Z	NULL125	1735	royale	215057	B	T	core_destroyed	199
2026-08-13T12:46:20Z	NULL125	1736	valkyrie	215057	A	C	core_destroyed	333
2026-08-13T12:46:25Z	NULL125	1737	valkyrie	215057	B	C	core_destroyed	236
2026-08-13T12:46:29Z	NULL125	1738	yulerune	215057	A	C	core_destroyed	237
2026-08-13T12:46:31Z	NULL125	1739	yulerune	215057	B	T	core_destroyed	117
2026-08-13T12:46:32Z	NULL125	1740	antler	215058	A	C	core_destroyed	230
2026-08-13T12:46:34Z	NULL125	1741	antler	215058	B	T	core_destroyed	172
2026-08-13T12:46:36Z	NULL125	1742	archipelago	215058	A	C	core_destroyed	154
2026-08-13T12:46:39Z	NULL125	1743	archipelago	215058	B	T	core_destroyed	81
2026-08-13T12:46:42Z	NULL125	1744	auroraveil	215058	A	C	tiebreak	1000
2026-08-13T12:46:45Z	NULL125	1745	auroraveil	215058	B	T	core_destroyed	261
2026-08-13T12:46:48Z	NULL125	1746	drakkarfjord	215058	A	C	core_destroyed	151
2026-08-13T12:46:51Z	NULL125	1747	drakkarfjord	215058	B	T	core_destroyed	176
2026-08-13T12:46:54Z	NULL125	1748	drumlin	215058	A	T	core_destroyed	265
2026-08-13T12:46:57Z	NULL125	1749	drumlin	215058	B	C	core_destroyed	227
2026-08-13T12:47:00Z	NULL125	1750	fjordgate	215058	A	C	tiebreak	1000
2026-08-13T12:47:01Z	NULL125	1751	fjordgate	215058	B	C	core_destroyed	138
2026-08-13T12:47:03Z	NULL125	1752	frostgate	215058	A	C	core_destroyed	196
2026-08-13T12:47:05Z	NULL125	1753	frostgate	215058	B	C	core_destroyed	126
2026-08-13T12:47:08Z	NULL125	1754	glacierkeep	215058	A	T	core_destroyed	171
2026-08-13T12:47:11Z	NULL125	1755	glacierkeep	215058	B	C	core_destroyed	271
2026-08-13T12:47:14Z	NULL125	1756	icefloe	215058	A	T	core_destroyed	329
2026-08-13T12:47:16Z	NULL125	1757	icefloe	215058	B	T	core_destroyed	98
2026-08-13T12:47:22Z	NULL125	1758	midgard	215058	A	T	core_destroyed	204
2026-08-13T12:47:25Z	NULL125	1759	midgard	215058	B	C	core_destroyed	101
2026-08-13T12:47:29Z	NULL125	1760	nordkap	215058	A	C	tiebreak	1000
2026-08-13T12:47:31Z	NULL125	1761	nordkap	215058	B	C	core_destroyed	113
2026-08-13T12:47:35Z	NULL125	1762	ragnarok	215058	A	T	core_destroyed	123
2026-08-13T12:47:38Z	NULL125	1763	ragnarok	215058	B	C	core_destroyed	137
2026-08-13T12:47:45Z	NULL125	1764	royale	215058	A	T	core_destroyed	548
2026-08-13T12:47:48Z	NULL125	1765	royale	215058	B	T	core_destroyed	277
2026-08-13T12:47:55Z	NULL125	1766	valkyrie	215058	A	C	core_destroyed	337
2026-08-13T12:47:59Z	NULL125	1767	valkyrie	215058	B	T	core_destroyed	473
2026-08-13T12:48:02Z	NULL125	1768	yulerune	215058	A	C	core_destroyed	452
2026-08-13T12:48:05Z	NULL125	1769	yulerune	215058	B	T	core_destroyed	200
2026-08-13T12:48:07Z	NULL125	1770	antler	215059	A	T	core_destroyed	272
2026-08-13T12:48:09Z	NULL125	1771	antler	215059	B	T	core_destroyed	214
2026-08-13T12:48:11Z	NULL125	1772	archipelago	215059	A	C	core_destroyed	82
2026-08-13T12:48:13Z	NULL125	1773	archipelago	215059	B	C	core_destroyed	126
2026-08-13T12:48:14Z	NULL125	1774	auroraveil	215059	A	T	core_destroyed	172
2026-08-13T12:48:16Z	NULL125	1775	auroraveil	215059	B	C	core_destroyed	130
2026-08-13T12:48:21Z	NULL125	1776	drakkarfjord	215059	A	T	core_destroyed	203
2026-08-13T12:48:29Z	NULL125	1777	drakkarfjord	215059	B	T	core_destroyed	337
2026-08-13T12:48:31Z	NULL125	1778	drumlin	215059	A	C	core_destroyed	296
2026-08-13T12:48:36Z	NULL125	1779	drumlin	215059	B	T	core_destroyed	234
2026-08-13T12:48:38Z	NULL125	1780	fjordgate	215059	A	C	core_destroyed	200
2026-08-13T12:48:39Z	NULL125	1781	fjordgate	215059	B	T	core_destroyed	118
2026-08-13T12:48:41Z	NULL125	1782	frostgate	215059	A	C	core_destroyed	250
2026-08-13T12:48:46Z	NULL125	1783	frostgate	215059	B	C	core_destroyed	302
2026-08-13T12:48:57Z	NULL125	1784	glacierkeep	215059	A	T	core_destroyed	689
2026-08-13T12:49:02Z	NULL125	1785	glacierkeep	215059	B	C	tiebreak	1000
2026-08-13T12:49:04Z	NULL125	1786	icefloe	215059	A	C	core_destroyed	156
2026-08-13T12:49:09Z	NULL125	1787	icefloe	215059	B	T	core_destroyed	426
2026-08-13T12:49:13Z	NULL125	1788	midgard	215059	A	C	core_destroyed	124
2026-08-13T12:49:15Z	NULL125	1789	midgard	215059	B	C	core_destroyed	86
2026-08-13T12:49:17Z	NULL125	1790	nordkap	215059	A	T	core_destroyed	173
2026-08-13T12:49:21Z	NULL125	1791	nordkap	215059	B	C	core_destroyed	599
2026-08-13T12:49:25Z	NULL125	1792	ragnarok	215059	A	T	core_destroyed	214
2026-08-13T12:49:28Z	NULL125	1793	ragnarok	215059	B	C	core_destroyed	125
2026-08-13T12:49:29Z	NULL125	1794	royale	215059	A	C	core_destroyed	172
2026-08-13T12:49:31Z	NULL125	1795	royale	215059	B	T	core_destroyed	205
2026-08-13T12:49:41Z	NULL125	1796	valkyrie	215059	A	C	tiebreak	1000
2026-08-13T12:49:45Z	NULL125	1797	valkyrie	215059	B	T	core_destroyed	238
2026-08-13T12:49:47Z	NULL125	1798	yulerune	215059	A	T	core_destroyed	217
2026-08-13T12:49:55Z	NULL125	1799	yulerune	215059	B	T	core_destroyed	563
2026-08-13T12:49:56Z	NULL125	1800	antler	215060	A	C	core_destroyed	233
2026-08-13T12:50:02Z	NULL125	1801	antler	215060	B	T	tiebreak	1000
2026-08-13T12:50:06Z	NULL125	1802	archipelago	215060	A	T	core_destroyed	305
2026-08-13T12:50:08Z	NULL125	1803	archipelago	215060	B	T	core_destroyed	103
2026-08-13T12:50:10Z	NULL125	1804	auroraveil	215060	A	C	core_destroyed	169
2026-08-13T12:50:14Z	NULL125	1805	auroraveil	215060	B	C	core_destroyed	665
2026-08-13T12:50:17Z	NULL125	1806	drakkarfjord	215060	A	C	core_destroyed	175
2026-08-13T12:50:21Z	NULL125	1807	drakkarfjord	215060	B	T	core_destroyed	169
2026-08-13T12:50:23Z	NULL125	1808	drumlin	215060	A	T	core_destroyed	215
2026-08-13T12:50:28Z	NULL125	1809	drumlin	215060	B	C	core_destroyed	573
2026-08-13T12:50:31Z	NULL125	1810	fjordgate	215060	A	T	core_destroyed	263
2026-08-13T12:50:34Z	NULL125	1811	fjordgate	215060	B	T	core_destroyed	694
2026-08-13T12:50:36Z	NULL125	1812	frostgate	215060	A	T	core_destroyed	172
2026-08-13T12:50:38Z	NULL125	1813	frostgate	215060	B	T	core_destroyed	465
2026-08-13T12:50:40Z	NULL125	1814	glacierkeep	215060	A	T	core_destroyed	393
2026-08-13T12:51:00Z	NULL125	1815	glacierkeep	215060	B	T	tiebreak	1000
2026-08-13T12:51:03Z	NULL125	1816	icefloe	215060	A	T	core_destroyed	232
2026-08-13T12:51:07Z	NULL125	1817	icefloe	215060	B	C	core_destroyed	342
2026-08-13T12:51:11Z	NULL125	1818	midgard	215060	A	C	core_destroyed	198
2026-08-13T12:51:26Z	NULL125	1819	midgard	215060	B	T	core_destroyed	953
2026-08-13T12:51:28Z	NULL125	1820	nordkap	215060	A	C	tiebreak	1000
2026-08-13T12:51:31Z	NULL125	1821	nordkap	215060	B	C	tiebreak	1000
2026-08-13T12:51:34Z	NULL125	1822	ragnarok	215060	A	T	core_destroyed	159
2026-08-13T12:51:37Z	NULL125	1823	ragnarok	215060	B	C	core_destroyed	174
2026-08-13T12:51:38Z	NULL125	1824	royale	215060	A	C	core_destroyed	143
2026-08-13T12:51:40Z	NULL125	1825	royale	215060	B	C	core_destroyed	304
2026-08-13T12:51:43Z	NULL125	1826	valkyrie	215060	A	T	core_destroyed	298
2026-08-13T12:51:47Z	NULL125	1827	valkyrie	215060	B	T	core_destroyed	230
2026-08-13T12:51:52Z	NULL125	1828	yulerune	215060	A	T	core_destroyed	266
2026-08-13T12:51:56Z	NULL125	1829	yulerune	215060	B	C	core_destroyed	314
2026-08-13T12:51:58Z	NULL125	1830	antler	215061	A	C	core_destroyed	197
2026-08-13T12:52:00Z	NULL125	1831	antler	215061	B	C	core_destroyed	378
2026-08-13T12:52:03Z	NULL125	1832	archipelago	215061	A	C	core_destroyed	148
2026-08-13T12:52:09Z	NULL125	1833	archipelago	215061	B	C	core_destroyed	475
2026-08-13T12:52:11Z	NULL125	1834	auroraveil	215061	A	C	core_destroyed	173
2026-08-13T12:52:12Z	NULL125	1835	auroraveil	215061	B	C	core_destroyed	104
2026-08-13T12:52:14Z	NULL125	1836	drakkarfjord	215061	A	T	core_destroyed	185
2026-08-13T12:52:19Z	NULL125	1837	drakkarfjord	215061	B	C	core_destroyed	450
2026-08-13T12:52:23Z	NULL125	1838	drumlin	215061	A	T	core_destroyed	219
2026-08-13T12:52:29Z	NULL125	1839	drumlin	215061	B	T	core_destroyed	329
2026-08-13T12:52:30Z	NULL125	1840	fjordgate	215061	A	T	core_destroyed	234
2026-08-13T12:52:31Z	NULL125	1841	fjordgate	215061	B	T	core_destroyed	129
2026-08-13T12:52:33Z	NULL125	1842	frostgate	215061	A	C	core_destroyed	228
2026-08-13T12:52:37Z	NULL125	1843	frostgate	215061	B	T	core_destroyed	341
2026-08-13T12:52:39Z	NULL125	1844	glacierkeep	215061	A	T	core_destroyed	269
2026-08-13T12:52:41Z	NULL125	1845	glacierkeep	215061	B	T	core_destroyed	261
2026-08-13T12:52:51Z	NULL125	1846	icefloe	215061	A	T	core_destroyed	813
2026-08-13T12:52:55Z	NULL125	1847	icefloe	215061	B	C	core_destroyed	284
2026-08-13T12:52:58Z	NULL125	1848	midgard	215061	A	C	core_destroyed	88
2026-08-13T12:53:00Z	NULL125	1849	midgard	215061	B	C	core_destroyed	82
2026-08-13T12:53:02Z	NULL125	1850	nordkap	215061	A	T	core_destroyed	909
2026-08-13T12:53:04Z	NULL125	1851	nordkap	215061	B	C	core_destroyed	152
2026-08-13T12:53:07Z	NULL125	1852	ragnarok	215061	A	T	core_destroyed	162
2026-08-13T12:53:10Z	NULL125	1853	ragnarok	215061	B	C	core_destroyed	153
2026-08-13T12:53:12Z	NULL125	1854	royale	215061	A	C	core_destroyed	426
2026-08-13T12:53:14Z	NULL125	1855	royale	215061	B	T	core_destroyed	393
2026-08-13T12:53:21Z	NULL125	1856	valkyrie	215061	A	T	core_destroyed	349
2026-08-13T12:53:23Z	NULL125	1857	valkyrie	215061	B	C	core_destroyed	98
2026-08-13T12:53:26Z	NULL125	1858	yulerune	215061	A	C	core_destroyed	281
2026-08-13T12:53:27Z	NULL125	1859	yulerune	215061	B	T	core_destroyed	96
2026-08-13T12:53:30Z	NULL125	1860	antler	215062	A	C	core_destroyed	580
2026-08-13T12:53:32Z	NULL125	1861	antler	215062	B	T	core_destroyed	324
2026-08-13T12:53:39Z	NULL125	1862	archipelago	215062	A	C	core_destroyed	273
2026-08-13T12:53:41Z	NULL125	1863	archipelago	215062	B	T	core_destroyed	236
2026-08-13T12:53:43Z	NULL125	1864	auroraveil	215062	A	T	core_destroyed	201
2026-08-13T12:53:45Z	NULL125	1865	auroraveil	215062	B	C	core_destroyed	285
2026-08-13T12:53:50Z	NULL125	1866	drakkarfjord	215062	A	T	core_destroyed	267
2026-08-13T12:53:58Z	NULL125	1867	drakkarfjord	215062	B	C	core_destroyed	394
2026-08-13T12:54:01Z	NULL125	1868	drumlin	215062	A	C	core_destroyed	402
2026-08-13T12:54:04Z	NULL125	1869	drumlin	215062	B	C	tiebreak	1000
2026-08-13T12:54:07Z	NULL125	1870	fjordgate	215062	A	C	tiebreak	1000
2026-08-13T12:54:09Z	NULL125	1871	fjordgate	215062	B	T	core_destroyed	243
2026-08-13T12:54:12Z	NULL125	1872	frostgate	215062	A	T	tiebreak	1000
2026-08-13T12:54:25Z	NULL125	1873	frostgate	215062	B	C	tiebreak	1000
2026-08-13T12:54:47Z	NULL125	1874	glacierkeep	215062	A	C	core_destroyed	886
2026-08-13T12:54:49Z	NULL125	1875	glacierkeep	215062	B	C	core_destroyed	128
2026-08-13T12:54:52Z	NULL125	1876	icefloe	215062	A	T	core_destroyed	244
2026-08-13T12:54:54Z	NULL125	1877	icefloe	215062	B	C	core_destroyed	205
2026-08-13T12:54:57Z	NULL125	1878	midgard	215062	A	C	core_destroyed	80
2026-08-13T12:55:00Z	NULL125	1879	midgard	215062	B	T	core_destroyed	80
2026-08-13T12:55:01Z	NULL125	1880	nordkap	215062	A	T	core_destroyed	241
2026-08-13T12:55:06Z	NULL125	1881	nordkap	215062	B	C	tiebreak	1000
2026-08-13T12:55:13Z	NULL125	1882	ragnarok	215062	A	C	core_destroyed	344
2026-08-13T12:55:18Z	NULL125	1883	ragnarok	215062	B	C	core_destroyed	176
2026-08-13T12:55:19Z	NULL125	1884	royale	215062	A	T	core_destroyed	117
2026-08-13T12:55:21Z	NULL125	1885	royale	215062	B	T	core_destroyed	216
2026-08-13T12:55:23Z	NULL125	1886	valkyrie	215062	A	T	core_destroyed	211
2026-08-13T12:55:27Z	NULL125	1887	valkyrie	215062	B	T	core_destroyed	181
2026-08-13T12:55:32Z	NULL125	1888	yulerune	215062	A	C	core_destroyed	344
2026-08-13T12:55:36Z	NULL125	1889	yulerune	215062	B	T	core_destroyed	281
2026-08-13T12:55:38Z	NULL125	1890	antler	215063	A	C	core_destroyed	374
2026-08-13T12:55:40Z	NULL125	1891	antler	215063	B	T	core_destroyed	240
2026-08-13T12:55:42Z	NULL125	1892	archipelago	215063	A	C	core_destroyed	151
2026-08-13T12:55:45Z	NULL125	1893	archipelago	215063	B	T	core_destroyed	100
2026-08-13T12:55:49Z	NULL125	1894	auroraveil	215063	A	C	core_destroyed	312
2026-08-13T12:55:52Z	NULL125	1895	auroraveil	215063	B	T	core_destroyed	200
2026-08-13T12:55:54Z	NULL125	1896	drakkarfjord	215063	A	C	core_destroyed	135
2026-08-13T12:56:15Z	NULL125	1897	drakkarfjord	215063	B	C	tiebreak	1000
2026-08-13T12:56:18Z	NULL125	1898	drumlin	215063	A	T	core_destroyed	239
2026-08-13T12:56:23Z	NULL125	1899	drumlin	215063	B	C	core_destroyed	402
2026-08-13T12:56:25Z	NULL125	1900	fjordgate	215063	A	T	core_destroyed	728
2026-08-13T12:56:28Z	NULL125	1901	fjordgate	215063	B	T	tiebreak	1000
2026-08-13T12:56:30Z	NULL125	1902	frostgate	215063	A	C	core_destroyed	172
2026-08-13T12:56:32Z	NULL125	1903	frostgate	215063	B	C	core_destroyed	104
2026-08-13T12:56:36Z	NULL125	1904	glacierkeep	215063	A	T	core_destroyed	217
2026-08-13T12:56:39Z	NULL125	1905	glacierkeep	215063	B	C	core_destroyed	273
2026-08-13T12:56:42Z	NULL125	1906	icefloe	215063	A	T	core_destroyed	233
2026-08-13T12:56:45Z	NULL125	1907	icefloe	215063	B	C	core_destroyed	345
2026-08-13T12:56:50Z	NULL125	1908	midgard	215063	A	T	core_destroyed	169
2026-08-13T12:56:54Z	NULL125	1909	midgard	215063	B	T	core_destroyed	143
2026-08-13T12:56:57Z	NULL125	1910	nordkap	215063	A	C	core_destroyed	214
2026-08-13T12:57:00Z	NULL125	1911	nordkap	215063	B	T	tiebreak	1000
2026-08-13T12:57:08Z	NULL125	1912	ragnarok	215063	A	C	core_destroyed	469
2026-08-13T12:57:13Z	NULL125	1913	ragnarok	215063	B	T	core_destroyed	191
2026-08-13T12:57:19Z	NULL125	1914	royale	215063	A	C	tiebreak	1000
2026-08-13T12:57:21Z	NULL125	1915	royale	215063	B	C	core_destroyed	243
2026-08-13T12:57:28Z	NULL125	1916	valkyrie	215063	A	T	core_destroyed	292
2026-08-13T12:57:33Z	NULL125	1917	valkyrie	215063	B	C	core_destroyed	312
2026-08-13T12:57:37Z	NULL125	1918	yulerune	215063	A	C	core_destroyed	355
2026-08-13T12:57:42Z	NULL125	1919	yulerune	215063	B	T	core_destroyed	296
2026-08-13T12:57:46Z	NULL125	1920	antler	215064	A	T	tiebreak	1000
2026-08-13T12:57:50Z	NULL125	1921	antler	215064	B	C	core_destroyed	284
2026-08-13T12:58:22Z	NULL125	1922	archipelago	215064	A	C	tiebreak	1000
2026-08-13T12:58:26Z	NULL125	1923	archipelago	215064	B	T	core_destroyed	137
2026-08-13T12:58:32Z	NULL125	1924	auroraveil	215064	A	C	core_destroyed	596
2026-08-13T12:58:34Z	NULL125	1925	auroraveil	215064	B	T	core_destroyed	133
2026-08-13T12:58:41Z	NULL125	1926	drakkarfjord	215064	A	C	core_destroyed	369
2026-08-13T12:58:43Z	NULL125	1927	drakkarfjord	215064	B	T	core_destroyed	101
2026-08-13T12:58:45Z	NULL125	1928	drumlin	215064	A	T	core_destroyed	122
2026-08-13T12:58:47Z	NULL125	1929	drumlin	215064	B	C	core_destroyed	115
2026-08-13T12:58:49Z	NULL125	1930	fjordgate	215064	A	T	core_destroyed	149
2026-08-13T12:58:50Z	NULL125	1931	fjordgate	215064	B	C	core_destroyed	119
2026-08-13T12:58:51Z	NULL125	1932	frostgate	215064	A	T	core_destroyed	113
2026-08-13T12:58:53Z	NULL125	1933	frostgate	215064	B	T	core_destroyed	165
2026-08-13T12:58:56Z	NULL125	1934	glacierkeep	215064	A	T	core_destroyed	185
2026-08-13T12:59:07Z	NULL125	1935	glacierkeep	215064	B	C	tiebreak	1000
2026-08-13T12:59:11Z	NULL125	1936	icefloe	215064	A	T	core_destroyed	353
2026-08-13T12:59:15Z	NULL125	1937	icefloe	215064	B	T	core_destroyed	321
2026-08-13T12:59:19Z	NULL125	1938	midgard	215064	A	C	core_destroyed	192
2026-08-13T12:59:22Z	NULL125	1939	midgard	215064	B	C	core_destroyed	159
2026-08-13T12:59:24Z	NULL125	1940	nordkap	215064	A	T	core_destroyed	285
2026-08-13T12:59:25Z	NULL125	1941	nordkap	215064	B	T	core_destroyed	150
2026-08-13T12:59:29Z	NULL125	1942	ragnarok	215064	A	C	core_destroyed	169
2026-08-13T12:59:34Z	NULL125	1943	ragnarok	215064	B	T	core_destroyed	167
2026-08-13T12:59:37Z	NULL125	1944	royale	215064	A	T	core_destroyed	146
2026-08-13T12:59:39Z	NULL125	1945	royale	215064	B	T	core_destroyed	306
2026-08-13T12:59:42Z	NULL125	1946	valkyrie	215064	A	C	core_destroyed	226
2026-08-13T12:59:46Z	NULL125	1947	valkyrie	215064	B	T	core_destroyed	152
2026-08-13T12:59:52Z	NULL125	1948	yulerune	215064	A	C	core_destroyed	360
2026-08-13T12:59:54Z	NULL125	1949	yulerune	215064	B	C	core_destroyed	128
2026-08-13T12:59:56Z	NULL125	1950	antler	215065	A	T	core_destroyed	151
2026-08-13T12:59:59Z	NULL125	1951	antler	215065	B	C	tiebreak	1000
2026-08-13T13:00:01Z	NULL125	1952	archipelago	215065	A	C	core_destroyed	133
2026-08-13T13:00:04Z	NULL125	1953	archipelago	215065	B	C	core_destroyed	123
2026-08-13T13:00:05Z	NULL125	1954	auroraveil	215065	A	T	core_destroyed	85
2026-08-13T13:00:08Z	NULL125	1955	auroraveil	215065	B	C	tiebreak	1000
2026-08-13T13:00:11Z	NULL125	1956	drakkarfjord	215065	A	C	core_destroyed	191
2026-08-13T13:00:14Z	NULL125	1957	drakkarfjord	215065	B	T	core_destroyed	213
2026-08-13T13:00:16Z	NULL125	1958	drumlin	215065	A	T	core_destroyed	213
2026-08-13T13:00:19Z	NULL125	1959	drumlin	215065	B	C	core_destroyed	328
2026-08-13T13:00:21Z	NULL125	1960	fjordgate	215065	A	T	core_destroyed	200
2026-08-13T13:00:23Z	NULL125	1961	fjordgate	215065	B	T	core_destroyed	366
2026-08-13T13:00:26Z	NULL125	1962	frostgate	215065	A	T	core_destroyed	259
2026-08-13T13:00:28Z	NULL125	1963	frostgate	215065	B	T	core_destroyed	224
2026-08-13T13:00:31Z	NULL125	1964	glacierkeep	215065	A	T	core_destroyed	160
2026-08-13T13:00:34Z	NULL125	1965	glacierkeep	215065	B	C	core_destroyed	205
2026-08-13T13:00:39Z	NULL125	1966	icefloe	215065	A	T	core_destroyed	400
2026-08-13T13:00:43Z	NULL125	1967	icefloe	215065	B	C	core_destroyed	360
2026-08-13T13:00:47Z	NULL125	1968	midgard	215065	A	T	core_destroyed	160
2026-08-13T13:00:50Z	NULL125	1969	midgard	215065	B	T	core_destroyed	82
2026-08-13T13:00:54Z	NULL125	1970	nordkap	215065	A	T	core_destroyed	507
2026-08-13T13:00:56Z	NULL125	1971	nordkap	215065	B	C	core_destroyed	167
2026-08-13T13:01:03Z	NULL125	1972	ragnarok	215065	A	C	core_destroyed	193
2026-08-13T13:01:05Z	NULL125	1973	ragnarok	215065	B	C	core_destroyed	247
2026-08-13T13:01:09Z	NULL125	1974	royale	215065	A	T	core_destroyed	418
2026-08-13T13:01:14Z	NULL125	1975	royale	215065	B	C	tiebreak	1000
2026-08-13T13:01:18Z	NULL125	1976	valkyrie	215065	A	C	core_destroyed	146
2026-08-13T13:01:21Z	NULL125	1977	valkyrie	215065	B	C	core_destroyed	138
2026-08-13T13:01:24Z	NULL125	1978	yulerune	215065	A	T	core_destroyed	402
2026-08-13T13:01:30Z	NULL125	1979	yulerune	215065	B	T	core_destroyed	344
2026-08-13T13:01:31Z	NULL125	1980	antler	215066	A	T	core_destroyed	144
2026-08-13T13:01:33Z	NULL125	1981	antler	215066	B	C	core_destroyed	128
2026-08-13T13:01:39Z	NULL125	1982	archipelago	215066	A	C	core_destroyed	343
2026-08-13T13:01:43Z	NULL125	1983	archipelago	215066	B	T	core_destroyed	173
2026-08-13T13:01:45Z	NULL125	1984	auroraveil	215066	A	C	core_destroyed	170
2026-08-13T13:01:46Z	NULL125	1985	auroraveil	215066	B	T	core_destroyed	137
2026-08-13T13:01:48Z	NULL125	1986	drakkarfjord	215066	A	T	core_destroyed	104
2026-08-13T13:01:58Z	NULL125	1987	drakkarfjord	215066	B	C	core_destroyed	498
2026-08-13T13:02:04Z	NULL125	1988	drumlin	215066	A	C	core_destroyed	370
2026-08-13T13:02:06Z	NULL125	1989	drumlin	215066	B	T	core_destroyed	209
2026-08-13T13:02:08Z	NULL125	1990	fjordgate	215066	A	C	core_destroyed	190
2026-08-13T13:02:09Z	NULL125	1991	fjordgate	215066	B	C	core_destroyed	224
2026-08-13T13:02:11Z	NULL125	1992	frostgate	215066	A	T	core_destroyed	184
2026-08-13T13:02:13Z	NULL125	1993	frostgate	215066	B	T	core_destroyed	399
2026-08-13T13:02:16Z	NULL125	1994	glacierkeep	215066	A	T	core_destroyed	750
2026-08-13T13:02:18Z	NULL125	1995	glacierkeep	215066	B	T	core_destroyed	309
2026-08-13T13:02:22Z	NULL125	1996	icefloe	215066	A	T	core_destroyed	301
2026-08-13T13:02:24Z	NULL125	1997	icefloe	215066	B	C	core_destroyed	136
2026-08-13T13:02:29Z	NULL125	1998	midgard	215066	A	T	core_destroyed	332
2026-08-13T13:02:33Z	NULL125	1999	midgard	215066	B	C	core_destroyed	155
2026-08-13T13:02:35Z	NULL125	2000	nordkap	215066	A	C	core_destroyed	249
2026-08-13T13:02:37Z	NULL125	2001	nordkap	215066	B	T	core_destroyed	216
2026-08-13T13:02:42Z	NULL125	2002	ragnarok	215066	A	T	core_destroyed	161
2026-08-13T13:03:26Z	NULL125	2003	ragnarok	215066	B	C	tiebreak	1000
2026-08-13T13:03:29Z	NULL125	2004	royale	215066	A	T	tiebreak	1000
2026-08-13T13:03:31Z	NULL125	2005	royale	215066	B	C	core_destroyed	471
2026-08-13T13:03:42Z	NULL125	2006	valkyrie	215066	A	T	core_destroyed	610
2026-08-13T13:03:44Z	NULL125	2007	valkyrie	215066	B	C	core_destroyed	129
2026-08-13T13:03:46Z	NULL125	2008	yulerune	215066	A	T	core_destroyed	216
2026-08-13T13:03:50Z	NULL125	2009	yulerune	215066	B	C	core_destroyed	175
2026-08-13T13:03:53Z	NULL125	2010	antler	215067	A	C	core_destroyed	237
2026-08-13T13:03:55Z	NULL125	2011	antler	215067	B	C	core_destroyed	204
2026-08-13T13:03:58Z	NULL125	2012	archipelago	215067	A	C	core_destroyed	116
2026-08-13T13:04:01Z	NULL125	2013	archipelago	215067	B	C	core_destroyed	94
2026-08-13T13:04:03Z	NULL125	2014	auroraveil	215067	A	T	core_destroyed	132
2026-08-13T13:04:05Z	NULL125	2015	auroraveil	215067	B	T	core_destroyed	181
2026-08-13T13:04:07Z	NULL125	2016	drakkarfjord	215067	A	C	core_destroyed	137
2026-08-13T13:04:11Z	NULL125	2017	drakkarfjord	215067	B	T	core_destroyed	203
2026-08-13T13:04:17Z	NULL125	2018	drumlin	215067	A	T	core_destroyed	441
2026-08-13T13:04:20Z	NULL125	2019	drumlin	215067	B	C	tiebreak	1000
2026-08-13T13:04:21Z	NULL125	2020	fjordgate	215067	A	T	core_destroyed	133
2026-08-13T13:04:23Z	NULL125	2021	fjordgate	215067	B	C	core_destroyed	166
2026-08-13T13:04:24Z	NULL125	2022	frostgate	215067	A	C	core_destroyed	225
2026-08-13T13:04:26Z	NULL125	2023	frostgate	215067	B	T	core_destroyed	161
2026-08-13T13:04:28Z	NULL125	2024	glacierkeep	215067	A	T	core_destroyed	145
2026-08-13T13:04:31Z	NULL125	2025	glacierkeep	215067	B	C	core_destroyed	461
2026-08-13T13:04:34Z	NULL125	2026	icefloe	215067	A	T	core_destroyed	234
2026-08-13T13:04:43Z	NULL125	2027	icefloe	215067	B	T	core_destroyed	528
2026-08-13T13:04:46Z	NULL125	2028	midgard	215067	A	T	core_destroyed	109
2026-08-13T13:04:49Z	NULL125	2029	midgard	215067	B	T	core_destroyed	123
2026-08-13T13:04:51Z	NULL125	2030	nordkap	215067	A	C	core_destroyed	194
2026-08-13T13:04:53Z	NULL125	2031	nordkap	215067	B	T	core_destroyed	356
2026-08-13T13:05:49Z	NULL125	2032	ragnarok	215067	A	C	tiebreak	1000
2026-08-13T13:05:54Z	NULL125	2033	ragnarok	215067	B	C	core_destroyed	259
2026-08-13T13:05:56Z	NULL125	2034	royale	215067	A	T	core_destroyed	442
2026-08-13T13:05:58Z	NULL125	2035	royale	215067	B	T	core_destroyed	225
2026-08-13T13:06:00Z	NULL125	2036	valkyrie	215067	A	T	core_destroyed	211
2026-08-13T13:06:02Z	NULL125	2037	valkyrie	215067	B	C	core_destroyed	133
2026-08-13T13:06:04Z	NULL125	2038	yulerune	215067	A	C	core_destroyed	222
2026-08-13T13:06:06Z	NULL125	2039	yulerune	215067	B	C	core_destroyed	163
2026-08-13T13:06:09Z	NULL125	2040	antler	215068	A	C	core_destroyed	137
2026-08-13T13:06:13Z	NULL125	2041	antler	215068	B	C	core_destroyed	325
2026-08-13T13:06:17Z	NULL125	2042	archipelago	215068	A	C	core_destroyed	222
2026-08-13T13:06:20Z	NULL125	2043	archipelago	215068	B	T	core_destroyed	130
2026-08-13T13:06:22Z	NULL125	2044	auroraveil	215068	A	T	core_destroyed	83
2026-08-13T13:06:24Z	NULL125	2045	auroraveil	215068	B	C	core_destroyed	163
2026-08-13T13:06:28Z	NULL125	2046	drakkarfjord	215068	A	C	core_destroyed	256
2026-08-13T13:06:31Z	NULL125	2047	drakkarfjord	215068	B	C	core_destroyed	274
2026-08-13T13:06:32Z	NULL125	2048	drumlin	215068	A	T	core_destroyed	78
2026-08-13T13:06:39Z	NULL125	2049	drumlin	215068	B	C	core_destroyed	449
2026-08-13T13:06:41Z	NULL125	2050	fjordgate	215068	A	C	core_destroyed	150
2026-08-13T13:06:43Z	NULL125	2051	fjordgate	215068	B	C	core_destroyed	589
2026-08-13T13:06:44Z	NULL125	2052	frostgate	215068	A	C	core_destroyed	225
2026-08-13T13:06:46Z	NULL125	2053	frostgate	215068	B	C	core_destroyed	261
2026-08-13T13:06:49Z	NULL125	2054	glacierkeep	215068	A	T	core_destroyed	276
2026-08-13T13:06:51Z	NULL125	2055	glacierkeep	215068	B	C	core_destroyed	220
2026-08-13T13:06:54Z	NULL125	2056	icefloe	215068	A	T	core_destroyed	208
2026-08-13T13:06:57Z	NULL125	2057	icefloe	215068	B	C	core_destroyed	254
2026-08-13T13:07:02Z	NULL125	2058	midgard	215068	A	T	core_destroyed	171
2026-08-13T13:07:05Z	NULL125	2059	midgard	215068	B	T	core_destroyed	92
2026-08-13T13:07:07Z	NULL125	2060	nordkap	215068	A	C	core_destroyed	269
2026-08-13T13:07:09Z	NULL125	2061	nordkap	215068	B	C	core_destroyed	411
2026-08-13T13:08:03Z	NULL125	2062	ragnarok	215068	A	C	tiebreak	1000
2026-08-13T13:09:00Z	NULL125	2063	ragnarok	215068	B	C	tiebreak	1000
2026-08-13T13:09:02Z	NULL125	2064	royale	215068	A	C	core_destroyed	605
2026-08-13T13:09:03Z	NULL125	2065	royale	215068	B	T	core_destroyed	491
2026-08-13T13:09:06Z	NULL125	2066	valkyrie	215068	A	T	core_destroyed	126
2026-08-13T13:09:08Z	NULL125	2067	valkyrie	215068	B	T	core_destroyed	230
2026-08-13T13:09:11Z	NULL125	2068	yulerune	215068	A	C	core_destroyed	184
2026-08-13T13:09:13Z	NULL125	2069	yulerune	215068	B	T	core_destroyed	166
2026-08-13T13:09:16Z	NULL125	2070	antler	215069	A	T	core_destroyed	266
2026-08-13T13:09:18Z	NULL125	2071	antler	215069	B	C	core_destroyed	178
2026-08-13T13:09:20Z	NULL125	2072	archipelago	215069	A	T	core_destroyed	129
2026-08-13T13:09:23Z	NULL125	2073	archipelago	215069	B	T	core_destroyed	125
2026-08-13T13:09:24Z	NULL125	2074	auroraveil	215069	A	C	core_destroyed	345
2026-08-13T13:09:26Z	NULL125	2075	auroraveil	215069	B	T	core_destroyed	159
2026-08-13T13:09:29Z	NULL125	2076	drakkarfjord	215069	A	C	core_destroyed	177
2026-08-13T13:09:37Z	NULL125	2077	drakkarfjord	215069	B	C	core_destroyed	566
2026-08-13T13:09:39Z	NULL125	2078	drumlin	215069	A	T	core_destroyed	183
2026-08-13T13:09:43Z	NULL125	2079	drumlin	215069	B	T	core_destroyed	337
2026-08-13T13:09:45Z	NULL125	2080	fjordgate	215069	A	C	core_destroyed	150
2026-08-13T13:09:47Z	NULL125	2081	fjordgate	215069	B	T	core_destroyed	581
2026-08-13T13:09:49Z	NULL125	2082	frostgate	215069	A	T	core_destroyed	209
2026-08-13T13:09:52Z	NULL125	2083	frostgate	215069	B	C	core_destroyed	244
2026-08-13T13:09:55Z	NULL125	2084	glacierkeep	215069	A	C	core_destroyed	308
2026-08-13T13:09:59Z	NULL125	2085	glacierkeep	215069	B	T	core_destroyed	256
2026-08-13T13:10:02Z	NULL125	2086	icefloe	215069	A	C	core_destroyed	201
2026-08-13T13:10:05Z	NULL125	2087	icefloe	215069	B	T	core_destroyed	206
2026-08-13T13:10:07Z	NULL125	2088	midgard	215069	A	C	core_destroyed	130
2026-08-13T13:10:10Z	NULL125	2089	midgard	215069	B	C	core_destroyed	75
2026-08-13T13:10:12Z	NULL125	2090	nordkap	215069	A	T	core_destroyed	176
2026-08-13T13:10:14Z	NULL125	2091	nordkap	215069	B	C	core_destroyed	541
2026-08-13T13:11:23Z	NULL125	2092	ragnarok	215069	A	T	tiebreak	1000
2026-08-13T13:11:29Z	NULL125	2093	ragnarok	215069	B	T	core_destroyed	218
2026-08-13T13:11:30Z	NULL125	2094	royale	215069	A	T	core_destroyed	126
2026-08-13T13:11:32Z	NULL125	2095	royale	215069	B	T	core_destroyed	265
2026-08-13T13:11:35Z	NULL125	2096	valkyrie	215069	A	C	core_destroyed	116
2026-08-13T13:11:37Z	NULL125	2097	valkyrie	215069	B	T	core_destroyed	114
2026-08-13T13:11:42Z	NULL125	2098	yulerune	215069	A	C	core_destroyed	291
2026-08-13T13:11:44Z	NULL125	2099	yulerune	215069	B	C	core_destroyed	155
2026-08-13T13:11:46Z	NULL125	2100	antler	215070	A	T	core_destroyed	254
2026-08-13T13:11:48Z	NULL125	2101	antler	215070	B	C	core_destroyed	137
2026-08-13T13:11:52Z	NULL125	2102	archipelago	215070	A	C	core_destroyed	183
2026-08-13T13:11:57Z	NULL125	2103	archipelago	215070	B	C	core_destroyed	268
2026-08-13T13:11:59Z	NULL125	2104	auroraveil	215070	A	C	core_destroyed	122
2026-08-13T13:12:00Z	NULL125	2105	auroraveil	215070	B	T	core_destroyed	173
2026-08-13T13:12:06Z	NULL125	2106	drakkarfjord	215070	A	C	core_destroyed	716
2026-08-13T13:12:15Z	NULL125	2107	drakkarfjord	215070	B	T	core_destroyed	437
2026-08-13T13:12:16Z	NULL125	2108	drumlin	215070	A	C	core_destroyed	133
2026-08-13T13:12:21Z	NULL125	2109	drumlin	215070	B	T	core_destroyed	271
2026-08-13T13:12:22Z	NULL125	2110	fjordgate	215070	A	T	core_destroyed	173
2026-08-13T13:12:24Z	NULL125	2111	fjordgate	215070	B	C	core_destroyed	169
2026-08-13T13:12:28Z	NULL125	2112	frostgate	215070	A	T	core_destroyed	669
2026-08-13T13:12:30Z	NULL125	2113	frostgate	215070	B	C	tiebreak	1000
2026-08-13T13:12:32Z	NULL125	2114	glacierkeep	215070	A	T	core_destroyed	151
2026-08-13T13:12:34Z	NULL125	2115	glacierkeep	215070	B	T	core_destroyed	153
2026-08-13T13:12:36Z	NULL125	2116	icefloe	215070	A	C	core_destroyed	173
2026-08-13T13:12:40Z	NULL125	2117	icefloe	215070	B	C	core_destroyed	397
2026-08-13T13:12:43Z	NULL125	2118	midgard	215070	A	T	core_destroyed	89
2026-08-13T13:12:48Z	NULL125	2119	midgard	215070	B	T	core_destroyed	318
2026-08-13T13:12:50Z	NULL125	2120	nordkap	215070	A	T	core_destroyed	383
2026-08-13T13:12:52Z	NULL125	2121	nordkap	215070	B	T	core_destroyed	194
2026-08-13T13:12:54Z	NULL125	2122	ragnarok	215070	A	T	core_destroyed	231
2026-08-13T13:12:57Z	NULL125	2123	ragnarok	215070	B	C	core_destroyed	165
2026-08-13T13:12:59Z	NULL125	2124	royale	215070	A	C	core_destroyed	577
2026-08-13T13:13:01Z	NULL125	2125	royale	215070	B	C	core_destroyed	156
2026-08-13T13:13:04Z	NULL125	2126	valkyrie	215070	A	C	core_destroyed	195
2026-08-13T13:13:17Z	NULL125	2127	valkyrie	215070	B	C	core_destroyed	629
2026-08-13T13:13:20Z	NULL125	2128	yulerune	215070	A	C	core_destroyed	224
2026-08-13T13:13:25Z	NULL125	2129	yulerune	215070	B	T	core_destroyed	264
2026-08-13T13:13:27Z	NULL125	2130	antler	215071	A	C	core_destroyed	281
2026-08-13T13:13:30Z	NULL125	2131	antler	215071	B	C	tiebreak	1000
2026-08-13T13:13:33Z	NULL125	2132	archipelago	215071	A	C	core_destroyed	100
2026-08-13T13:13:35Z	NULL125	2133	archipelago	215071	B	C	core_destroyed	61
2026-08-13T13:13:37Z	NULL125	2134	auroraveil	215071	A	C	core_destroyed	148
2026-08-13T13:13:39Z	NULL125	2135	auroraveil	215071	B	T	core_destroyed	373
2026-08-13T13:13:49Z	NULL125	2136	drakkarfjord	215071	A	C	core_destroyed	773
2026-08-13T13:13:51Z	NULL125	2137	drakkarfjord	215071	B	T	core_destroyed	129
2026-08-13T13:13:53Z	NULL125	2138	drumlin	215071	A	C	core_destroyed	120
2026-08-13T13:14:00Z	NULL125	2139	drumlin	215071	B	T	core_destroyed	480
2026-08-13T13:14:01Z	NULL125	2140	fjordgate	215071	A	T	core_destroyed	123
2026-08-13T13:14:04Z	NULL125	2141	fjordgate	215071	B	C	core_destroyed	407
2026-08-13T13:14:05Z	NULL125	2142	frostgate	215071	A	C	core_destroyed	181
2026-08-13T13:14:09Z	NULL125	2143	frostgate	215071	B	C	core_destroyed	391
2026-08-13T13:14:19Z	NULL125	2144	glacierkeep	215071	A	T	core_destroyed	617
2026-08-13T13:14:21Z	NULL125	2145	glacierkeep	215071	B	C	core_destroyed	216
2026-08-13T13:14:25Z	NULL125	2146	icefloe	215071	A	C	core_destroyed	349
2026-08-13T13:14:27Z	NULL125	2147	icefloe	215071	B	C	core_destroyed	157
2026-08-13T13:14:30Z	NULL125	2148	midgard	215071	A	C	core_destroyed	90
2026-08-13T13:14:33Z	NULL125	2149	midgard	215071	B	C	core_destroyed	89
2026-08-13T13:14:34Z	NULL125	2150	nordkap	215071	A	C	core_destroyed	82
2026-08-13T13:14:36Z	NULL125	2151	nordkap	215071	B	T	core_destroyed	182
2026-08-13T13:14:42Z	NULL125	2152	ragnarok	215071	A	C	core_destroyed	252
2026-08-13T13:15:30Z	NULL125	2153	ragnarok	215071	B	T	tiebreak	1000
2026-08-13T13:15:33Z	NULL125	2154	royale	215071	A	C	tiebreak	1000
2026-08-13T13:15:36Z	NULL125	2155	royale	215071	B	T	core_destroyed	593
2026-08-13T13:15:38Z	NULL125	2156	valkyrie	215071	A	T	core_destroyed	122
2026-08-13T13:15:44Z	NULL125	2157	valkyrie	215071	B	T	core_destroyed	330
2026-08-13T13:15:46Z	NULL125	2158	yulerune	215071	A	T	core_destroyed	185
2026-08-13T13:15:48Z	NULL125	2159	yulerune	215071	B	C	core_destroyed	126
2026-08-13T13:15:49Z	NULL125	2160	antler	215072	A	T	core_destroyed	177
2026-08-13T13:15:51Z	NULL125	2161	antler	215072	B	T	core_destroyed	219
2026-08-13T13:15:53Z	NULL125	2162	archipelago	215072	A	C	core_destroyed	128
2026-08-13T13:15:55Z	NULL125	2163	archipelago	215072	B	T	core_destroyed	93
2026-08-13T13:15:57Z	NULL125	2164	auroraveil	215072	A	T	core_destroyed	129
2026-08-13T13:16:00Z	NULL125	2165	auroraveil	215072	B	C	core_destroyed	305
2026-08-13T13:16:06Z	NULL125	2166	drakkarfjord	215072	A	C	core_destroyed	373
2026-08-13T13:16:09Z	NULL125	2167	drakkarfjord	215072	B	C	core_destroyed	214
2026-08-13T13:16:13Z	NULL125	2168	drumlin	215072	A	T	core_destroyed	315
2026-08-13T13:16:18Z	NULL125	2169	drumlin	215072	B	C	core_destroyed	257
2026-08-13T13:16:20Z	NULL125	2170	fjordgate	215072	A	T	core_destroyed	289
2026-08-13T13:16:21Z	NULL125	2171	fjordgate	215072	B	C	core_destroyed	215
2026-08-13T13:16:26Z	NULL125	2172	frostgate	215072	A	T	core_destroyed	637
2026-08-13T13:16:28Z	NULL125	2173	frostgate	215072	B	T	core_destroyed	134
2026-08-13T13:16:29Z	NULL125	2174	glacierkeep	215072	A	C	core_destroyed	136
2026-08-13T13:16:32Z	NULL125	2175	glacierkeep	215072	B	C	core_destroyed	306
2026-08-13T13:16:34Z	NULL125	2176	icefloe	215072	A	T	core_destroyed	177
2026-08-13T13:16:37Z	NULL125	2177	icefloe	215072	B	C	core_destroyed	238
2026-08-13T13:16:41Z	NULL125	2178	midgard	215072	A	T	core_destroyed	159
2026-08-13T13:16:43Z	NULL125	2179	midgard	215072	B	C	core_destroyed	84
2026-08-13T13:16:45Z	NULL125	2180	nordkap	215072	A	T	core_destroyed	200
2026-08-13T13:16:48Z	NULL125	2181	nordkap	215072	B	C	core_destroyed	261
2026-08-13T13:16:51Z	NULL125	2182	ragnarok	215072	A	C	core_destroyed	208
2026-08-13T13:16:54Z	NULL125	2183	ragnarok	215072	B	C	core_destroyed	149
2026-08-13T13:17:00Z	NULL125	2184	royale	215072	A	C	core_destroyed	703
2026-08-13T13:17:03Z	NULL125	2185	royale	215072	B	T	core_destroyed	649
2026-08-13T13:17:18Z	NULL125	2186	valkyrie	215072	A	C	tiebreak	1000
2026-08-13T13:17:25Z	NULL125	2187	valkyrie	215072	B	T	core_destroyed	513
2026-08-13T13:17:27Z	NULL125	2188	yulerune	215072	A	T	core_destroyed	163
2026-08-13T13:17:29Z	NULL125	2189	yulerune	215072	B	C	core_destroyed	158
2026-08-13T13:17:31Z	NULL125	2190	antler	215073	A	C	core_destroyed	179
2026-08-13T13:17:34Z	NULL125	2191	antler	215073	B	C	core_destroyed	276
2026-08-13T13:17:37Z	NULL125	2192	archipelago	215073	A	C	core_destroyed	186
2026-08-13T13:17:40Z	NULL125	2193	archipelago	215073	B	T	core_destroyed	205
2026-08-13T13:17:42Z	NULL125	2194	auroraveil	215073	A	C	core_destroyed	230
2026-08-13T13:17:45Z	NULL125	2195	auroraveil	215073	B	C	core_destroyed	172
2026-08-13T13:17:53Z	NULL125	2196	drakkarfjord	215073	A	C	core_destroyed	480
2026-08-13T13:17:58Z	NULL125	2197	drakkarfjord	215073	B	C	core_destroyed	276
2026-08-13T13:18:04Z	NULL125	2198	drumlin	215073	A	T	tiebreak	1000
2026-08-13T13:18:07Z	NULL125	2199	drumlin	215073	B	T	core_destroyed	319
2026-08-13T13:18:09Z	NULL125	2200	fjordgate	215073	A	T	core_destroyed	257
2026-08-13T13:18:12Z	NULL125	2201	fjordgate	215073	B	T	core_destroyed	170
2026-08-13T13:18:15Z	NULL125	2202	frostgate	215073	A	C	core_destroyed	301
2026-08-13T13:18:16Z	NULL125	2203	frostgate	215073	B	C	core_destroyed	501
2026-08-13T13:18:20Z	NULL125	2204	glacierkeep	215073	A	T	core_destroyed	231
2026-08-13T13:18:24Z	NULL125	2205	glacierkeep	215073	B	C	core_destroyed	304
2026-08-13T13:18:27Z	NULL125	2206	icefloe	215073	A	T	core_destroyed	232
2026-08-13T13:18:32Z	NULL125	2207	icefloe	215073	B	T	core_destroyed	398
2026-08-13T13:18:35Z	NULL125	2208	midgard	215073	A	T	core_destroyed	88
2026-08-13T13:18:37Z	NULL125	2209	midgard	215073	B	C	core_destroyed	112
2026-08-13T13:18:41Z	NULL125	2210	nordkap	215073	A	T	core_destroyed	472
2026-08-13T13:18:42Z	NULL125	2211	nordkap	215073	B	C	core_destroyed	141
2026-08-13T13:18:46Z	NULL125	2212	ragnarok	215073	A	T	core_destroyed	114
2026-08-13T13:18:53Z	NULL125	2213	ragnarok	215073	B	T	core_destroyed	452
2026-08-13T13:18:55Z	NULL125	2214	royale	215073	A	C	core_destroyed	160
2026-08-13T13:18:59Z	NULL125	2215	royale	215073	B	T	core_destroyed	837
2026-08-13T13:19:03Z	NULL125	2216	valkyrie	215073	A	C	core_destroyed	181
2026-08-13T13:19:06Z	NULL125	2217	valkyrie	215073	B	C	core_destroyed	185
2026-08-13T13:19:09Z	NULL125	2218	yulerune	215073	A	C	core_destroyed	242
2026-08-13T13:19:12Z	NULL125	2219	yulerune	215073	B	C	core_destroyed	212
2026-08-13T13:19:14Z	NULL125	2220	antler	215074	A	T	core_destroyed	138
2026-08-13T13:19:16Z	NULL125	2221	antler	215074	B	C	core_destroyed	278
2026-08-13T13:19:18Z	NULL125	2222	archipelago	215074	A	T	core_destroyed	148
2026-08-13T13:19:23Z	NULL125	2223	archipelago	215074	B	T	core_destroyed	507
2026-08-13T13:19:25Z	NULL125	2224	auroraveil	215074	A	T	core_destroyed	151
2026-08-13T13:19:29Z	NULL125	2225	auroraveil	215074	B	C	core_destroyed	897
2026-08-13T13:19:31Z	NULL125	2226	drakkarfjord	215074	A	T	core_destroyed	117
2026-08-13T13:19:43Z	NULL125	2227	drakkarfjord	215074	B	C	tiebreak	1000
2026-08-13T13:19:47Z	NULL125	2228	drumlin	215074	A	T	core_destroyed	316
2026-08-13T13:19:48Z	NULL125	2229	drumlin	215074	B	T	core_destroyed	104
2026-08-13T13:19:50Z	NULL125	2230	fjordgate	215074	A	T	core_destroyed	195
2026-08-13T13:19:52Z	NULL125	2231	fjordgate	215074	B	C	core_destroyed	541
2026-08-13T13:19:55Z	NULL125	2232	frostgate	215074	A	T	tiebreak	1000
2026-08-13T13:19:57Z	NULL125	2233	frostgate	215074	B	T	core_destroyed	498
2026-08-13T13:20:00Z	NULL125	2234	glacierkeep	215074	A	T	core_destroyed	290
2026-08-13T13:20:02Z	NULL125	2235	glacierkeep	215074	B	T	core_destroyed	181
2026-08-13T13:20:04Z	NULL125	2236	icefloe	215074	A	T	core_destroyed	90
2026-08-13T13:20:05Z	NULL125	2237	icefloe	215074	B	T	core_destroyed	98
2026-08-13T13:20:08Z	NULL125	2238	midgard	215074	A	C	core_destroyed	104
2026-08-13T13:20:11Z	NULL125	2239	midgard	215074	B	C	core_destroyed	149
2026-08-13T13:20:14Z	NULL125	2240	nordkap	215074	A	T	tiebreak	1000
2026-08-13T13:20:15Z	NULL125	2241	nordkap	215074	B	C	core_destroyed	219
2026-08-13T13:20:18Z	NULL125	2242	ragnarok	215074	A	T	core_destroyed	147
2026-08-13T13:21:06Z	NULL125	2243	ragnarok	215074	B	C	tiebreak	1000
2026-08-13T13:21:07Z	NULL125	2244	royale	215074	A	T	tiebreak	1000
2026-08-13T13:21:09Z	NULL125	2245	royale	215074	B	C	core_destroyed	431
2026-08-13T13:21:12Z	NULL125	2246	valkyrie	215074	A	C	core_destroyed	160
2026-08-13T13:21:19Z	NULL125	2247	valkyrie	215074	B	T	core_destroyed	507
2026-08-13T13:21:22Z	NULL125	2248	yulerune	215074	A	C	core_destroyed	184
2026-08-13T13:21:24Z	NULL125	2249	yulerune	215074	B	T	core_destroyed	160
2026-08-13T13:21:28Z	NULL125	2250	antler	215075	A	C	core_destroyed	335
2026-08-13T13:21:29Z	NULL125	2251	antler	215075	B	T	core_destroyed	155
2026-08-13T13:21:33Z	NULL125	2252	archipelago	215075	A	T	core_destroyed	170
2026-08-13T13:21:35Z	NULL125	2253	archipelago	215075	B	C	core_destroyed	150
2026-08-13T13:21:37Z	NULL125	2254	auroraveil	215075	A	C	core_destroyed	234
2026-08-13T13:21:39Z	NULL125	2255	auroraveil	215075	B	T	core_destroyed	165
2026-08-13T13:21:43Z	NULL125	2256	drakkarfjord	215075	A	C	core_destroyed	278
2026-08-13T13:22:01Z	NULL125	2257	drakkarfjord	215075	B	T	core_destroyed	673
2026-08-13T13:22:07Z	NULL125	2258	drumlin	215075	A	C	core_destroyed	370
2026-08-13T13:22:08Z	NULL125	2259	drumlin	215075	B	C	core_destroyed	93
2026-08-13T13:22:10Z	NULL125	2260	fjordgate	215075	A	T	core_destroyed	237
2026-08-13T13:22:11Z	NULL125	2261	fjordgate	215075	B	T	core_destroyed	116
2026-08-13T13:22:13Z	NULL125	2262	frostgate	215075	A	C	core_destroyed	241
2026-08-13T13:22:15Z	NULL125	2263	frostgate	215075	B	T	core_destroyed	176
2026-08-13T13:22:21Z	NULL125	2264	glacierkeep	215075	A	T	tiebreak	1000
2026-08-13T13:22:23Z	NULL125	2265	glacierkeep	215075	B	C	core_destroyed	221
2026-08-13T13:22:26Z	NULL125	2266	icefloe	215075	A	C	core_destroyed	405
2026-08-13T13:22:28Z	NULL125	2267	icefloe	215075	B	C	core_destroyed	143
2026-08-13T13:22:34Z	NULL125	2268	midgard	215075	A	C	core_destroyed	279
2026-08-13T13:22:38Z	NULL125	2269	midgard	215075	B	C	core_destroyed	215
2026-08-13T13:22:40Z	NULL125	2270	nordkap	215075	A	T	core_destroyed	123
2026-08-13T13:22:41Z	NULL125	2271	nordkap	215075	B	T	core_destroyed	125
2026-08-13T13:22:44Z	NULL125	2272	ragnarok	215075	A	T	core_destroyed	146
2026-08-13T13:22:49Z	NULL125	2273	ragnarok	215075	B	C	core_destroyed	220
2026-08-13T13:22:51Z	NULL125	2274	royale	215075	A	C	core_destroyed	522
2026-08-13T13:22:53Z	NULL125	2275	royale	215075	B	T	core_destroyed	553
2026-08-13T13:22:54Z	NULL125	2276	valkyrie	215075	A	C	core_destroyed	91
2026-08-13T13:22:58Z	NULL125	2277	valkyrie	215075	B	T	core_destroyed	218
2026-08-13T13:23:04Z	NULL125	2278	yulerune	215075	A	T	tiebreak	1000
2026-08-13T13:23:08Z	NULL125	2279	yulerune	215075	B	C	core_destroyed	295
2026-08-13T13:23:10Z	NULL125	2280	antler	215076	A	T	core_destroyed	108
2026-08-13T13:23:12Z	NULL125	2281	antler	215076	B	T	core_destroyed	270
2026-08-13T13:23:14Z	NULL125	2282	archipelago	215076	A	C	core_destroyed	154
2026-08-13T13:23:17Z	NULL125	2283	archipelago	215076	B	C	core_destroyed	138
2026-08-13T13:23:21Z	NULL125	2284	auroraveil	215076	A	T	core_destroyed	404
2026-08-13T13:23:24Z	NULL125	2285	auroraveil	215076	B	T	core_destroyed	348
2026-08-13T13:23:31Z	NULL125	2286	drakkarfjord	215076	A	C	core_destroyed	331
2026-08-13T13:23:34Z	NULL125	2287	drakkarfjord	215076	B	C	core_destroyed	176
2026-08-13T13:23:41Z	NULL125	2288	drumlin	215076	A	C	core_destroyed	490
2026-08-13T13:23:42Z	NULL125	2289	drumlin	215076	B	C	core_destroyed	209
2026-08-13T13:23:43Z	NULL125	2290	fjordgate	215076	A	T	core_destroyed	125
2026-08-13T13:23:45Z	NULL125	2291	fjordgate	215076	B	C	core_destroyed	351
2026-08-13T13:23:48Z	NULL125	2292	frostgate	215076	A	C	core_destroyed	429
2026-08-13T13:23:50Z	NULL125	2293	frostgate	215076	B	T	core_destroyed	165
2026-08-13T13:23:54Z	NULL125	2294	glacierkeep	215076	A	T	core_destroyed	306
2026-08-13T13:23:56Z	NULL125	2295	glacierkeep	215076	B	C	core_destroyed	266
2026-08-13T13:23:59Z	NULL125	2296	icefloe	215076	A	T	core_destroyed	234
2026-08-13T13:24:01Z	NULL125	2297	icefloe	215076	B	C	core_destroyed	195
2026-08-13T13:24:05Z	NULL125	2298	midgard	215076	A	T	core_destroyed	145
2026-08-13T13:24:07Z	NULL125	2299	midgard	215076	B	C	core_destroyed	78
2026-08-13T13:24:12Z	NULL125	2300	nordkap	215076	A	T	core_destroyed	486
2026-08-13T13:24:15Z	NULL125	2301	nordkap	215076	B	C	tiebreak	1000
2026-08-13T13:24:19Z	NULL125	2302	ragnarok	215076	A	C	core_destroyed	367
2026-08-13T13:24:27Z	NULL125	2303	ragnarok	215076	B	T	tiebreak	1000
2026-08-13T13:24:30Z	NULL125	2304	royale	215076	A	C	tiebreak	1000
2026-08-13T13:24:32Z	NULL125	2305	royale	215076	B	C	core_destroyed	428
2026-08-13T13:24:41Z	NULL125	2306	valkyrie	215076	A	T	tiebreak	1000
2026-08-13T13:24:44Z	NULL125	2307	valkyrie	215076	B	C	core_destroyed	434
2026-08-13T13:24:46Z	NULL125	2308	yulerune	215076	A	C	core_destroyed	187
2026-08-13T13:24:49Z	NULL125	2309	yulerune	215076	B	C	core_destroyed	241
2026-08-13T13:24:50Z	NULL125	2310	antler	215077	A	C	core_destroyed	173
2026-08-13T13:24:54Z	NULL125	2311	antler	215077	B	T	core_destroyed	498
2026-08-13T13:24:56Z	NULL125	2312	archipelago	215077	A	C	core_destroyed	226
2026-08-13T13:24:58Z	NULL125	2313	archipelago	215077	B	T	core_destroyed	79
2026-08-13T13:25:00Z	NULL125	2314	auroraveil	215077	A	C	core_destroyed	181
2026-08-13T13:25:02Z	NULL125	2315	auroraveil	215077	B	C	core_destroyed	415
2026-08-13T13:25:06Z	NULL125	2316	drakkarfjord	215077	A	T	core_destroyed	217
2026-08-13T13:25:19Z	NULL125	2317	drakkarfjord	215077	B	T	tiebreak	1000
2026-08-13T13:25:21Z	NULL125	2318	drumlin	215077	A	T	core_destroyed	166
2026-08-13T13:25:24Z	NULL125	2319	drumlin	215077	B	C	core_destroyed	264
2026-08-13T13:25:25Z	NULL125	2320	fjordgate	215077	A	T	core_destroyed	142
2026-08-13T13:25:27Z	NULL125	2321	fjordgate	215077	B	T	tiebreak	1000
2026-08-13T13:25:29Z	NULL125	2322	frostgate	215077	A	T	tiebreak	1000
2026-08-13T13:25:31Z	NULL125	2323	frostgate	215077	B	T	core_destroyed	130
2026-08-13T13:25:33Z	NULL125	2324	glacierkeep	215077	A	T	core_destroyed	370
2026-08-13T13:25:36Z	NULL125	2325	glacierkeep	215077	B	C	core_destroyed	237
2026-08-13T13:25:37Z	NULL125	2326	icefloe	215077	A	T	core_destroyed	103
2026-08-13T13:25:39Z	NULL125	2327	icefloe	215077	B	T	core_destroyed	193
2026-08-13T13:25:42Z	NULL125	2328	midgard	215077	A	C	core_destroyed	78
2026-08-13T13:25:45Z	NULL125	2329	midgard	215077	B	C	core_destroyed	143
2026-08-13T13:25:48Z	NULL125	2330	nordkap	215077	A	C	core_destroyed	301
2026-08-13T13:25:51Z	NULL125	2331	nordkap	215077	B	T	tiebreak	1000
2026-08-13T13:25:55Z	NULL125	2332	ragnarok	215077	A	T	core_destroyed	270
2026-08-13T13:25:59Z	NULL125	2333	ragnarok	215077	B	C	core_destroyed	359
2026-08-13T13:26:01Z	NULL125	2334	royale	215077	A	T	core_destroyed	132
2026-08-13T13:26:03Z	NULL125	2335	royale	215077	B	C	tiebreak	1000
2026-08-13T13:26:12Z	NULL125	2336	valkyrie	215077	A	T	tiebreak	1000
2026-08-13T13:26:14Z	NULL125	2337	valkyrie	215077	B	C	core_destroyed	172
2026-08-13T13:26:17Z	NULL125	2338	yulerune	215077	A	C	core_destroyed	294
2026-08-13T13:26:21Z	NULL125	2339	yulerune	215077	B	T	core_destroyed	295
2026-08-13T13:26:23Z	NULL125	2340	antler	215078	A	T	core_destroyed	183
2026-08-13T13:26:24Z	NULL125	2341	antler	215078	B	C	core_destroyed	185
2026-08-13T13:26:29Z	NULL125	2342	archipelago	215078	A	C	core_destroyed	273
2026-08-13T13:26:38Z	NULL125	2343	archipelago	215078	B	T	core_destroyed	546
2026-08-13T13:26:40Z	NULL125	2344	auroraveil	215078	A	T	core_destroyed	184
2026-08-13T13:26:45Z	NULL125	2345	auroraveil	215078	B	T	core_destroyed	373
2026-08-13T13:26:55Z	NULL125	2346	drakkarfjord	215078	A	C	core_destroyed	649
2026-08-13T13:26:57Z	NULL125	2347	drakkarfjord	215078	B	T	core_destroyed	129
2026-08-13T13:27:04Z	NULL125	2348	drumlin	215078	A	C	core_destroyed	458
2026-08-13T13:27:07Z	NULL125	2349	drumlin	215078	B	C	core_destroyed	213
2026-08-13T13:27:08Z	NULL125	2350	fjordgate	215078	A	C	core_destroyed	116
2026-08-13T13:27:12Z	NULL125	2351	fjordgate	215078	B	T	tiebreak	1000
2026-08-13T13:27:14Z	NULL125	2352	frostgate	215078	A	C	core_destroyed	116
2026-08-13T13:27:15Z	NULL125	2353	frostgate	215078	B	T	core_destroyed	156
2026-08-13T13:27:22Z	NULL125	2354	glacierkeep	215078	A	T	core_destroyed	338
2026-08-13T13:27:25Z	NULL125	2355	glacierkeep	215078	B	C	core_destroyed	214
2026-08-13T13:27:29Z	NULL125	2356	icefloe	215078	A	T	core_destroyed	323
2026-08-13T13:27:31Z	NULL125	2357	icefloe	215078	B	C	core_destroyed	151
2026-08-13T13:27:35Z	NULL125	2358	midgard	215078	A	C	core_destroyed	191
2026-08-13T13:27:38Z	NULL125	2359	midgard	215078	B	T	core_destroyed	104
2026-08-13T13:27:40Z	NULL125	2360	nordkap	215078	A	T	core_destroyed	144
2026-08-13T13:27:42Z	NULL125	2361	nordkap	215078	B	T	core_destroyed	247
2026-08-13T13:27:54Z	NULL125	2362	ragnarok	215078	A	T	core_destroyed	443
2026-08-13T13:27:59Z	NULL125	2363	ragnarok	215078	B	C	core_destroyed	196
2026-08-13T13:28:00Z	NULL125	2364	royale	215078	A	C	core_destroyed	222
2026-08-13T13:28:04Z	NULL125	2365	royale	215078	B	C	core_destroyed	274
2026-08-13T13:28:09Z	NULL125	2366	valkyrie	215078	A	T	core_destroyed	318
2026-08-13T13:28:14Z	NULL125	2367	valkyrie	215078	B	T	core_destroyed	236
2026-08-13T13:28:15Z	NULL125	2368	yulerune	215078	A	C	core_destroyed	116
2026-08-13T13:28:17Z	NULL125	2369	yulerune	215078	B	T	core_destroyed	148
2026-08-13T13:28:21Z	NULL125	2370	antler	215079	A	T	tiebreak	1000
2026-08-13T13:28:22Z	NULL125	2371	antler	215079	B	C	core_destroyed	181
2026-08-13T13:28:27Z	NULL125	2372	archipelago	215079	A	T	core_destroyed	310
2026-08-13T13:28:30Z	NULL125	2373	archipelago	215079	B	T	core_destroyed	133
2026-08-13T13:28:31Z	NULL125	2374	auroraveil	215079	A	T	core_destroyed	90
2026-08-13T13:28:32Z	NULL125	2375	auroraveil	215079	B	C	core_destroyed	101
2026-08-13T13:28:39Z	NULL125	2376	drakkarfjord	215079	A	C	core_destroyed	464
2026-08-13T13:28:47Z	NULL125	2377	drakkarfjord	215079	B	T	core_destroyed	369
2026-08-13T13:28:51Z	NULL125	2378	drumlin	215079	A	C	core_destroyed	315
2026-08-13T13:28:53Z	NULL125	2379	drumlin	215079	B	T	core_destroyed	169
2026-08-13T13:28:56Z	NULL125	2380	fjordgate	215079	A	T	tiebreak	1000
2026-08-13T13:28:57Z	NULL125	2381	fjordgate	215079	B	C	core_destroyed	342
2026-08-13T13:28:59Z	NULL125	2382	frostgate	215079	A	T	core_destroyed	201
2026-08-13T13:29:02Z	NULL125	2383	frostgate	215079	B	T	core_destroyed	311
2026-08-13T13:29:05Z	NULL125	2384	glacierkeep	215079	A	T	core_destroyed	268
2026-08-13T13:29:09Z	NULL125	2385	glacierkeep	215079	B	C	tiebreak	1000
2026-08-13T13:29:11Z	NULL125	2386	icefloe	215079	A	T	core_destroyed	89
2026-08-13T13:29:13Z	NULL125	2387	icefloe	215079	B	C	core_destroyed	148
2026-08-13T13:29:15Z	NULL125	2388	midgard	215079	A	T	core_destroyed	98
2026-08-13T13:29:19Z	NULL125	2389	midgard	215079	B	C	core_destroyed	216
2026-08-13T13:29:21Z	NULL125	2390	nordkap	215079	A	T	core_destroyed	143
2026-08-13T13:29:22Z	NULL125	2391	nordkap	215079	B	C	core_destroyed	161
2026-08-13T13:29:55Z	NULL125	2392	ragnarok	215079	A	T	tiebreak	1000
2026-08-13T13:29:58Z	NULL125	2393	ragnarok	215079	B	C	core_destroyed	127
2026-08-13T13:30:00Z	NULL125	2394	royale	215079	A	C	core_destroyed	346
2026-08-13T13:30:03Z	NULL125	2395	royale	215079	B	C	tiebreak	1000
2026-08-13T13:30:15Z	NULL125	2396	valkyrie	215079	A	T	core_destroyed	778
2026-08-13T13:30:20Z	NULL125	2397	valkyrie	215079	B	T	core_destroyed	277
2026-08-13T13:30:22Z	NULL125	2398	yulerune	215079	A	T	core_destroyed	253
2026-08-13T13:30:26Z	NULL125	2399	yulerune	215079	B	T	core_destroyed	535
2026-08-13T13:30:28Z	NULL125	2400	antler	215080	A	C	core_destroyed	523
2026-08-13T13:30:30Z	NULL125	2401	antler	215080	B	C	core_destroyed	178
2026-08-13T13:30:32Z	NULL125	2402	archipelago	215080	A	C	core_destroyed	108
2026-08-13T13:30:35Z	NULL125	2403	archipelago	215080	B	T	core_destroyed	229
2026-08-13T13:30:40Z	NULL125	2404	auroraveil	215080	A	C	tiebreak	1000
2026-08-13T13:30:42Z	NULL125	2405	auroraveil	215080	B	T	core_destroyed	134
2026-08-13T13:31:01Z	NULL125	2406	drakkarfjord	215080	A	T	tiebreak	1000
2026-08-13T13:31:13Z	NULL125	2407	drakkarfjord	215080	B	C	tiebreak	1000
2026-08-13T13:31:14Z	NULL125	2408	drumlin	215080	A	T	core_destroyed	209
2026-08-13T13:31:16Z	NULL125	2409	drumlin	215080	B	C	core_destroyed	200
2026-08-13T13:31:18Z	NULL125	2410	fjordgate	215080	A	C	tiebreak	1000
2026-08-13T13:31:20Z	NULL125	2411	fjordgate	215080	B	C	core_destroyed	513
2026-08-13T13:31:23Z	NULL125	2412	frostgate	215080	A	T	tiebreak	1000
2026-08-13T13:31:24Z	NULL125	2413	frostgate	215080	B	T	core_destroyed	413
2026-08-13T13:31:27Z	NULL125	2414	glacierkeep	215080	A	T	core_destroyed	237
2026-08-13T13:31:29Z	NULL125	2415	glacierkeep	215080	B	T	core_destroyed	260
2026-08-13T13:31:32Z	NULL125	2416	icefloe	215080	A	T	core_destroyed	248
2026-08-13T13:31:34Z	NULL125	2417	icefloe	215080	B	C	core_destroyed	389
2026-08-13T13:31:37Z	NULL125	2418	midgard	215080	A	C	core_destroyed	90
2026-08-13T13:31:40Z	NULL125	2419	midgard	215080	B	T	core_destroyed	96
2026-08-13T13:31:41Z	NULL125	2420	nordkap	215080	A	T	core_destroyed	207
2026-08-13T13:31:43Z	NULL125	2421	nordkap	215080	B	C	core_destroyed	141
2026-08-13T13:31:59Z	NULL125	2422	ragnarok	215080	A	C	core_destroyed	540
2026-08-13T13:32:03Z	NULL125	2423	ragnarok	215080	B	C	core_destroyed	103
2026-08-13T13:32:04Z	NULL125	2424	royale	215080	A	T	core_destroyed	99
2026-08-13T13:32:05Z	NULL125	2425	royale	215080	B	C	core_destroyed	158
2026-08-13T13:32:08Z	NULL125	2426	valkyrie	215080	A	T	core_destroyed	130
2026-08-13T13:32:12Z	NULL125	2427	valkyrie	215080	B	T	core_destroyed	226
2026-08-13T13:32:16Z	NULL125	2428	yulerune	215080	A	C	core_destroyed	251
2026-08-13T13:32:18Z	NULL125	2429	yulerune	215080	B	T	core_destroyed	256
2026-08-13T13:32:21Z	NULL125	2430	antler	215081	A	C	tiebreak	1000
2026-08-13T13:32:29Z	NULL125	2431	antler	215081	B	T	core_destroyed	647
2026-08-13T13:32:34Z	NULL125	2432	archipelago	215081	A	C	core_destroyed	507
2026-08-13T13:32:37Z	NULL125	2433	archipelago	215081	B	T	core_destroyed	373
2026-08-13T13:32:38Z	NULL125	2434	auroraveil	215081	A	T	core_destroyed	205
2026-08-13T13:32:40Z	NULL125	2435	auroraveil	215081	B	C	core_destroyed	116
2026-08-13T13:32:44Z	NULL125	2436	drakkarfjord	215081	A	T	core_destroyed	246
2026-08-13T13:32:48Z	NULL125	2437	drakkarfjord	215081	B	T	core_destroyed	312
2026-08-13T13:32:52Z	NULL125	2438	drumlin	215081	A	C	core_destroyed	216
2026-08-13T13:33:01Z	NULL125	2439	drumlin	215081	B	C	core_destroyed	488
2026-08-13T13:33:02Z	NULL125	2440	fjordgate	215081	A	T	core_destroyed	141
2026-08-13T13:33:07Z	NULL125	2441	fjordgate	215081	B	C	tiebreak	1000
2026-08-13T13:33:09Z	NULL125	2442	frostgate	215081	A	C	core_destroyed	197
2026-08-13T13:33:11Z	NULL125	2443	frostgate	215081	B	C	core_destroyed	183
2026-08-13T13:33:21Z	NULL125	2444	glacierkeep	215081	A	C	core_destroyed	757
2026-08-13T13:33:43Z	NULL125	2445	glacierkeep	215081	B	T	tiebreak	1000
2026-08-13T13:33:48Z	NULL125	2446	icefloe	215081	A	T	core_destroyed	334
2026-08-13T13:33:51Z	NULL125	2447	icefloe	215081	B	C	core_destroyed	159
2026-08-13T13:33:54Z	NULL125	2448	midgard	215081	A	C	core_destroyed	125
2026-08-13T13:33:57Z	NULL125	2449	midgard	215081	B	C	core_destroyed	76
2026-08-13T13:34:00Z	NULL125	2450	nordkap	215081	A	C	core_destroyed	375
2026-08-13T13:34:02Z	NULL125	2451	nordkap	215081	B	T	core_destroyed	253
2026-08-13T13:34:52Z	NULL125	2452	ragnarok	215081	A	T	tiebreak	1000
2026-08-13T13:34:55Z	NULL125	2453	ragnarok	215081	B	C	core_destroyed	112
2026-08-13T13:34:56Z	NULL125	2454	royale	215081	A	C	core_destroyed	127
2026-08-13T13:34:58Z	NULL125	2455	royale	215081	B	C	core_destroyed	385
2026-08-13T13:35:01Z	NULL125	2456	valkyrie	215081	A	T	core_destroyed	251
2026-08-13T13:35:04Z	NULL125	2457	valkyrie	215081	B	C	core_destroyed	122
2026-08-13T13:35:06Z	NULL125	2458	yulerune	215081	A	T	core_destroyed	158
2026-08-13T13:35:08Z	NULL125	2459	yulerune	215081	B	T	core_destroyed	158
2026-08-13T13:35:10Z	NULL125	2460	antler	215082	A	T	core_destroyed	386
2026-08-13T13:35:13Z	NULL125	2461	antler	215082	B	T	core_destroyed	523
2026-08-13T13:35:14Z	NULL125	2462	archipelago	215082	A	C	core_destroyed	75
2026-08-13T13:35:17Z	NULL125	2463	archipelago	215082	B	C	core_destroyed	150
2026-08-13T13:35:19Z	NULL125	2464	auroraveil	215082	A	T	core_destroyed	166
2026-08-13T13:35:21Z	NULL125	2465	auroraveil	215082	B	T	core_destroyed	260
2026-08-13T13:35:28Z	NULL125	2466	drakkarfjord	215082	A	C	core_destroyed	360
2026-08-13T13:35:32Z	NULL125	2467	drakkarfjord	215082	B	C	core_destroyed	253
2026-08-13T13:35:36Z	NULL125	2468	drumlin	215082	A	T	core_destroyed	225
2026-08-13T13:35:38Z	NULL125	2469	drumlin	215082	B	T	core_destroyed	202
2026-08-13T13:35:39Z	NULL125	2470	fjordgate	215082	A	T	core_destroyed	116
2026-08-13T13:35:40Z	NULL125	2471	fjordgate	215082	B	C	core_destroyed	101
2026-08-13T13:35:42Z	NULL125	2472	frostgate	215082	A	C	core_destroyed	186
2026-08-13T13:35:44Z	NULL125	2473	frostgate	215082	B	T	core_destroyed	147
2026-08-13T13:35:46Z	NULL125	2474	glacierkeep	215082	A	C	core_destroyed	172
2026-08-13T13:35:48Z	NULL125	2475	glacierkeep	215082	B	T	core_destroyed	357
2026-08-13T13:35:50Z	NULL125	2476	icefloe	215082	A	C	core_destroyed	137
2026-08-13T13:35:58Z	NULL125	2477	icefloe	215082	B	T	core_destroyed	701
2026-08-13T13:36:03Z	NULL125	2478	midgard	215082	A	T	core_destroyed	246
2026-08-13T13:36:06Z	NULL125	2479	midgard	215082	B	C	core_destroyed	127
2026-08-13T13:36:08Z	NULL125	2480	nordkap	215082	A	C	core_destroyed	245
2026-08-13T13:36:10Z	NULL125	2481	nordkap	215082	B	T	core_destroyed	365
2026-08-13T13:37:04Z	NULL125	2482	ragnarok	215082	A	C	tiebreak	1000
2026-08-13T13:37:07Z	NULL125	2483	ragnarok	215082	B	C	core_destroyed	164
2026-08-13T13:37:08Z	NULL125	2484	royale	215082	A	T	core_destroyed	159
2026-08-13T13:37:10Z	NULL125	2485	royale	215082	B	T	core_destroyed	371
2026-08-13T13:37:13Z	NULL125	2486	valkyrie	215082	A	C	core_destroyed	117
2026-08-13T13:37:18Z	NULL125	2487	valkyrie	215082	B	C	core_destroyed	272
2026-08-13T13:37:23Z	NULL125	2488	yulerune	215082	A	C	core_destroyed	278
2026-08-13T13:37:30Z	NULL125	2489	yulerune	215082	B	T	core_destroyed	563
2026-08-13T13:37:32Z	NULL125	2490	antler	215083	A	C	core_destroyed	373
2026-08-13T13:37:35Z	NULL125	2491	antler	215083	B	T	core_destroyed	461
2026-08-13T13:37:37Z	NULL125	2492	archipelago	215083	A	C	core_destroyed	97
2026-08-13T13:37:41Z	NULL125	2493	archipelago	215083	B	C	core_destroyed	190
2026-08-13T13:37:43Z	NULL125	2494	auroraveil	215083	A	C	core_destroyed	426
2026-08-13T13:37:45Z	NULL125	2495	auroraveil	215083	B	C	core_destroyed	80
2026-08-13T13:37:47Z	NULL125	2496	drakkarfjord	215083	A	T	core_destroyed	96
2026-08-13T13:37:52Z	NULL125	2497	drakkarfjord	215083	B	T	core_destroyed	436
2026-08-13T13:37:53Z	NULL125	2498	drumlin	215083	A	T	core_destroyed	98
2026-08-13T13:37:55Z	NULL125	2499	drumlin	215083	B	C	core_destroyed	166
2026-08-13T13:37:58Z	NULL125	2500	fjordgate	215083	A	T	core_destroyed	663
2026-08-13T13:37:59Z	NULL125	2501	fjordgate	215083	B	C	core_destroyed	151
2026-08-13T13:38:01Z	NULL125	2502	frostgate	215083	A	T	core_destroyed	175
2026-08-13T13:38:04Z	NULL125	2503	frostgate	215083	B	C	core_destroyed	210
2026-08-13T13:38:07Z	NULL125	2504	glacierkeep	215083	A	T	core_destroyed	287
2026-08-13T13:38:16Z	NULL125	2505	glacierkeep	215083	B	T	core_destroyed	725
2026-08-13T13:38:17Z	NULL125	2506	icefloe	215083	A	C	core_destroyed	114
2026-08-13T13:38:24Z	NULL125	2507	icefloe	215083	B	T	core_destroyed	727
2026-08-13T13:38:27Z	NULL125	2508	midgard	215083	A	T	core_destroyed	84
2026-08-13T13:38:29Z	NULL125	2509	midgard	215083	B	T	core_destroyed	152
2026-08-13T13:38:32Z	NULL125	2510	nordkap	215083	A	T	core_destroyed	186
2026-08-13T13:38:34Z	NULL125	2511	nordkap	215083	B	C	core_destroyed	384
2026-08-13T13:38:40Z	NULL125	2512	ragnarok	215083	A	T	core_destroyed	263
2026-08-13T13:39:38Z	NULL125	2513	ragnarok	215083	B	C	tiebreak	1000
2026-08-13T13:39:40Z	NULL125	2514	royale	215083	A	T	core_destroyed	401
2026-08-13T13:39:42Z	NULL125	2515	royale	215083	B	C	core_destroyed	301
2026-08-13T13:39:45Z	NULL125	2516	valkyrie	215083	A	T	core_destroyed	143
2026-08-13T13:39:48Z	NULL125	2517	valkyrie	215083	B	C	core_destroyed	203
2026-08-13T13:39:52Z	NULL125	2518	yulerune	215083	A	C	core_destroyed	283
2026-08-13T13:39:55Z	NULL125	2519	yulerune	215083	B	T	core_destroyed	224
2026-08-13T13:39:56Z	NULL125	2520	antler	215084	A	T	core_destroyed	128
2026-08-13T13:39:59Z	NULL125	2521	antler	215084	B	T	core_destroyed	240
2026-08-13T13:40:01Z	NULL125	2522	archipelago	215084	A	C	core_destroyed	105
2026-08-13T13:40:05Z	NULL125	2523	archipelago	215084	B	T	core_destroyed	127
2026-08-13T13:40:06Z	NULL125	2524	auroraveil	215084	A	C	core_destroyed	217
2026-08-13T13:40:09Z	NULL125	2525	auroraveil	215084	B	C	core_destroyed	289
2026-08-13T13:40:20Z	NULL125	2526	drakkarfjord	215084	A	C	core_destroyed	877
2026-08-13T13:40:22Z	NULL125	2527	drakkarfjord	215084	B	T	core_destroyed	108
2026-08-13T13:40:27Z	NULL125	2528	drumlin	215084	A	C	core_destroyed	326
2026-08-13T13:40:34Z	NULL125	2529	drumlin	215084	B	T	core_destroyed	913
2026-08-13T13:40:36Z	NULL125	2530	fjordgate	215084	A	C	tiebreak	1000
2026-08-13T13:40:38Z	NULL125	2531	fjordgate	215084	B	C	core_destroyed	149
2026-08-13T13:40:40Z	NULL125	2532	frostgate	215084	A	T	core_destroyed	389
2026-08-13T13:40:42Z	NULL125	2533	frostgate	215084	B	C	core_destroyed	225
2026-08-13T13:40:47Z	NULL125	2534	glacierkeep	215084	A	T	core_destroyed	422
2026-08-13T13:40:49Z	NULL125	2535	glacierkeep	215084	B	C	core_destroyed	201
2026-08-13T13:40:55Z	NULL125	2536	icefloe	215084	A	T	core_destroyed	470
2026-08-13T13:40:59Z	NULL125	2537	icefloe	215084	B	T	core_destroyed	286
2026-08-13T13:41:02Z	NULL125	2538	midgard	215084	A	T	core_destroyed	78
2026-08-13T13:41:05Z	NULL125	2539	midgard	215084	B	C	core_destroyed	85
2026-08-13T13:41:07Z	NULL125	2540	nordkap	215084	A	T	core_destroyed	168
2026-08-13T13:41:19Z	NULL125	2541	nordkap	215084	B	C	tiebreak	1000
2026-08-13T13:41:47Z	NULL125	2542	ragnarok	215084	A	T	core_destroyed	537
2026-08-13T13:41:50Z	NULL125	2543	ragnarok	215084	B	C	core_destroyed	144
2026-08-13T13:41:57Z	NULL125	2544	royale	215084	A	C	tiebreak	1000
2026-08-13T13:41:58Z	NULL125	2545	royale	215084	B	T	core_destroyed	278
2026-08-13T13:42:01Z	NULL125	2546	valkyrie	215084	A	C	core_destroyed	243
2026-08-13T13:42:04Z	NULL125	2547	valkyrie	215084	B	C	core_destroyed	192
2026-08-13T13:42:06Z	NULL125	2548	yulerune	215084	A	C	core_destroyed	116
2026-08-13T13:42:08Z	NULL125	2549	yulerune	215084	B	T	core_destroyed	256
2026-08-13T13:42:12Z	NULL125	2550	antler	215085	A	T	core_destroyed	453
2026-08-13T13:42:14Z	NULL125	2551	antler	215085	B	C	core_destroyed	385
2026-08-13T13:42:16Z	NULL125	2552	archipelago	215085	A	T	core_destroyed	393
2026-08-13T13:42:24Z	NULL125	2553	archipelago	215085	B	C	core_destroyed	376
2026-08-13T13:42:27Z	NULL125	2554	auroraveil	215085	A	T	core_destroyed	597
2026-08-13T13:42:28Z	NULL125	2555	auroraveil	215085	B	T	core_destroyed	173
2026-08-13T13:42:33Z	NULL125	2556	drakkarfjord	215085	A	T	core_destroyed	262
2026-08-13T13:42:35Z	NULL125	2557	drakkarfjord	215085	B	T	core_destroyed	101
2026-08-13T13:42:37Z	NULL125	2558	drumlin	215085	A	T	core_destroyed	249
2026-08-13T13:42:39Z	NULL125	2559	drumlin	215085	B	C	core_destroyed	110
2026-08-13T13:42:41Z	NULL125	2560	fjordgate	215085	A	T	core_destroyed	338
2026-08-13T13:42:43Z	NULL125	2561	fjordgate	215085	B	C	core_destroyed	221
2026-08-13T13:42:44Z	NULL125	2562	frostgate	215085	A	C	core_destroyed	166
2026-08-13T13:42:46Z	NULL125	2563	frostgate	215085	B	C	core_destroyed	149
2026-08-13T13:42:48Z	NULL125	2564	glacierkeep	215085	A	T	core_destroyed	138
2026-08-13T13:42:49Z	NULL125	2565	glacierkeep	215085	B	C	core_destroyed	142
2026-08-13T13:42:51Z	NULL125	2566	icefloe	215085	A	C	core_destroyed	137
2026-08-13T13:42:52Z	NULL125	2567	icefloe	215085	B	T	core_destroyed	104
2026-08-13T13:42:55Z	NULL125	2568	midgard	215085	A	T	core_destroyed	99
2026-08-13T13:42:59Z	NULL125	2569	midgard	215085	B	T	core_destroyed	268
2026-08-13T13:43:01Z	NULL125	2570	nordkap	215085	A	T	core_destroyed	155
2026-08-13T13:43:03Z	NULL125	2571	nordkap	215085	B	C	core_destroyed	199
2026-08-13T13:43:05Z	NULL125	2572	ragnarok	215085	A	T	core_destroyed	164
2026-08-13T13:43:08Z	NULL125	2573	ragnarok	215085	B	C	core_destroyed	130
2026-08-13T13:43:10Z	NULL125	2574	royale	215085	A	T	core_destroyed	254
2026-08-13T13:43:11Z	NULL125	2575	royale	215085	B	T	core_destroyed	220
2026-08-13T13:43:14Z	NULL125	2576	valkyrie	215085	A	C	core_destroyed	173
2026-08-13T13:43:17Z	NULL125	2577	valkyrie	215085	B	C	core_destroyed	257
2026-08-13T13:43:19Z	NULL125	2578	yulerune	215085	A	C	core_destroyed	206
2026-08-13T13:43:22Z	NULL125	2579	yulerune	215085	B	T	core_destroyed	208
2026-08-13T13:43:25Z	NULL125	2580	antler	215086	A	T	tiebreak	1000
2026-08-13T13:43:27Z	NULL125	2581	antler	215086	B	C	core_destroyed	100
2026-08-13T13:43:30Z	NULL125	2582	archipelago	215086	A	T	core_destroyed	118
2026-08-13T13:43:32Z	NULL125	2583	archipelago	215086	B	T	core_destroyed	118
2026-08-13T13:43:34Z	NULL125	2584	auroraveil	215086	A	C	core_destroyed	183
2026-08-13T13:43:36Z	NULL125	2585	auroraveil	215086	B	C	core_destroyed	179
2026-08-13T13:43:40Z	NULL125	2586	drakkarfjord	215086	A	T	core_destroyed	305
2026-08-13T13:43:49Z	NULL125	2587	drakkarfjord	215086	B	C	core_destroyed	617
2026-08-13T13:43:59Z	NULL125	2588	drumlin	215086	A	C	tiebreak	1000
2026-08-13T13:44:01Z	NULL125	2589	drumlin	215086	B	C	core_destroyed	214
2026-08-13T13:44:04Z	NULL125	2590	fjordgate	215086	A	C	core_destroyed	408
2026-08-13T13:44:05Z	NULL125	2591	fjordgate	215086	B	T	core_destroyed	229
2026-08-13T13:44:08Z	NULL125	2592	frostgate	215086	A	C	tiebreak	1000
2026-08-13T13:44:10Z	NULL125	2593	frostgate	215086	B	C	core_destroyed	214
2026-08-13T13:44:16Z	NULL125	2594	glacierkeep	215086	A	T	tiebreak	1000
2026-08-13T13:44:20Z	NULL125	2595	glacierkeep	215086	B	C	core_destroyed	338
2026-08-13T13:44:22Z	NULL125	2596	icefloe	215086	A	C	core_destroyed	156
2026-08-13T13:44:24Z	NULL125	2597	icefloe	215086	B	T	core_destroyed	197
2026-08-13T13:44:36Z	NULL125	2598	midgard	215086	A	T	core_destroyed	513
2026-08-13T13:44:39Z	NULL125	2599	midgard	215086	B	C	core_destroyed	98
2026-08-13T13:44:41Z	NULL125	2600	nordkap	215086	A	T	core_destroyed	227
2026-08-13T13:44:43Z	NULL125	2601	nordkap	215086	B	T	core_destroyed	283
2026-08-13T13:44:48Z	NULL125	2602	ragnarok	215086	A	C	core_destroyed	244
2026-08-13T13:44:54Z	NULL125	2603	ragnarok	215086	B	T	core_destroyed	231
2026-08-13T13:44:56Z	NULL125	2604	royale	215086	A	T	core_destroyed	268
2026-08-13T13:44:58Z	NULL125	2605	royale	215086	B	C	core_destroyed	405
2026-08-13T13:45:02Z	NULL125	2606	valkyrie	215086	A	T	core_destroyed	224
2026-08-13T13:45:04Z	NULL125	2607	valkyrie	215086	B	T	core_destroyed	283
2026-08-13T13:45:06Z	NULL125	2608	yulerune	215086	A	C	core_destroyed	168
2026-08-13T13:45:10Z	NULL125	2609	yulerune	215086	B	C	core_destroyed	713
2026-08-13T13:45:12Z	NULL125	2610	antler	215087	A	C	core_destroyed	240
2026-08-13T13:45:14Z	NULL125	2611	antler	215087	B	T	core_destroyed	210
2026-08-13T13:45:17Z	NULL125	2612	archipelago	215087	A	C	core_destroyed	170
2026-08-13T13:45:20Z	NULL125	2613	archipelago	215087	B	C	core_destroyed	160
2026-08-13T13:45:22Z	NULL125	2614	auroraveil	215087	A	C	core_destroyed	148
2026-08-13T13:45:26Z	NULL125	2615	auroraveil	215087	B	C	core_destroyed	306
2026-08-13T13:45:38Z	NULL125	2616	drakkarfjord	215087	A	T	tiebreak	1000
2026-08-13T13:45:41Z	NULL125	2617	drakkarfjord	215087	B	C	core_destroyed	170
2026-08-13T13:45:44Z	NULL125	2618	drumlin	215087	A	C	core_destroyed	298
2026-08-13T13:45:48Z	NULL125	2619	drumlin	215087	B	T	core_destroyed	209
2026-08-13T13:45:49Z	NULL125	2620	fjordgate	215087	A	T	core_destroyed	182
2026-08-13T13:45:51Z	NULL125	2621	fjordgate	215087	B	T	core_destroyed	449
2026-08-13T13:45:53Z	NULL125	2622	frostgate	215087	A	T	core_destroyed	140
2026-08-13T13:45:54Z	NULL125	2623	frostgate	215087	B	T	core_destroyed	188
2026-08-13T13:45:59Z	NULL125	2624	glacierkeep	215087	A	T	core_destroyed	232
2026-08-13T13:46:04Z	NULL125	2625	glacierkeep	215087	B	C	core_destroyed	743
2026-08-13T13:46:06Z	NULL125	2626	icefloe	215087	A	C	core_destroyed	136
2026-08-13T13:46:11Z	NULL125	2627	icefloe	215087	B	C	core_destroyed	339
2026-08-13T13:46:13Z	NULL125	2628	midgard	215087	A	C	core_destroyed	132
2026-08-13T13:46:15Z	NULL125	2629	midgard	215087	B	C	core_destroyed	92
2026-08-13T13:46:17Z	NULL125	2630	nordkap	215087	A	T	core_destroyed	374
2026-08-13T13:46:20Z	NULL125	2631	nordkap	215087	B	T	core_destroyed	196
2026-08-13T13:46:22Z	NULL125	2632	ragnarok	215087	A	T	core_destroyed	183
2026-08-13T13:46:25Z	NULL125	2633	ragnarok	215087	B	C	core_destroyed	116
2026-08-13T13:46:27Z	NULL125	2634	royale	215087	A	T	core_destroyed	453
2026-08-13T13:46:28Z	NULL125	2635	royale	215087	B	T	core_destroyed	247
2026-08-13T13:46:30Z	NULL125	2636	valkyrie	215087	A	T	core_destroyed	129
2026-08-13T13:46:40Z	NULL125	2637	valkyrie	215087	B	T	tiebreak	1000
2026-08-13T13:46:43Z	NULL125	2638	yulerune	215087	A	C	core_destroyed	199
2026-08-13T13:46:45Z	NULL125	2639	yulerune	215087	B	T	core_destroyed	199
2026-08-13T13:46:47Z	NULL125	2640	antler	215088	A	C	core_destroyed	196
2026-08-13T13:46:49Z	NULL125	2641	antler	215088	B	T	core_destroyed	261
2026-08-13T13:46:51Z	NULL125	2642	archipelago	215088	A	C	core_destroyed	130
2026-08-13T13:46:53Z	NULL125	2643	archipelago	215088	B	T	core_destroyed	150
2026-08-13T13:46:56Z	NULL125	2644	auroraveil	215088	A	C	tiebreak	1000
2026-08-13T13:46:57Z	NULL125	2645	auroraveil	215088	B	T	core_destroyed	159
2026-08-13T13:47:04Z	NULL125	2646	drakkarfjord	215088	A	T	core_destroyed	355
2026-08-13T13:47:10Z	NULL125	2647	drakkarfjord	215088	B	T	core_destroyed	416
2026-08-13T13:47:11Z	NULL125	2648	drumlin	215088	A	T	core_destroyed	186
2026-08-13T13:47:13Z	NULL125	2649	drumlin	215088	B	C	core_destroyed	286
2026-08-13T13:47:16Z	NULL125	2650	fjordgate	215088	A	C	tiebreak	1000
2026-08-13T13:47:17Z	NULL125	2651	fjordgate	215088	B	T	core_destroyed	191
2026-08-13T13:47:19Z	NULL125	2652	frostgate	215088	A	C	core_destroyed	131
2026-08-13T13:47:21Z	NULL125	2653	frostgate	215088	B	C	core_destroyed	825
2026-08-13T13:47:28Z	NULL125	2654	glacierkeep	215088	A	C	core_destroyed	711
2026-08-13T13:47:30Z	NULL125	2655	glacierkeep	215088	B	C	core_destroyed	180
2026-08-13T13:47:36Z	NULL125	2656	icefloe	215088	A	T	tiebreak	1000
2026-08-13T13:47:38Z	NULL125	2657	icefloe	215088	B	C	core_destroyed	164
2026-08-13T13:47:44Z	NULL125	2658	midgard	215088	A	C	core_destroyed	348
2026-08-13T13:47:46Z	NULL125	2659	midgard	215088	B	C	core_destroyed	81
2026-08-13T13:47:49Z	NULL125	2660	nordkap	215088	A	T	core_destroyed	168
2026-08-13T13:47:51Z	NULL125	2661	nordkap	215088	B	C	tiebreak	1000
2026-08-13T13:47:53Z	NULL125	2662	ragnarok	215088	A	T	core_destroyed	139
2026-08-13T13:48:02Z	NULL125	2663	ragnarok	215088	B	T	core_destroyed	267
2026-08-13T13:48:03Z	NULL125	2664	royale	215088	A	C	core_destroyed	361
2026-08-13T13:48:05Z	NULL125	2665	royale	215088	B	T	core_destroyed	281
2026-08-13T13:48:07Z	NULL125	2666	valkyrie	215088	A	C	core_destroyed	160
2026-08-13T13:48:09Z	NULL125	2667	valkyrie	215088	B	T	core_destroyed	283
2026-08-13T13:48:12Z	NULL125	2668	yulerune	215088	A	C	core_destroyed	185
2026-08-13T13:48:16Z	NULL125	2669	yulerune	215088	B	C	core_destroyed	254
2026-08-13T13:48:19Z	NULL125	2670	antler	215089	A	T	core_destroyed	382
2026-08-13T13:48:21Z	NULL125	2671	antler	215089	B	C	core_destroyed	726
2026-08-13T13:48:24Z	NULL125	2672	archipelago	215089	A	C	core_destroyed	103
2026-08-13T13:48:26Z	NULL125	2673	archipelago	215089	B	T	core_destroyed	117
2026-08-13T13:48:28Z	NULL125	2674	auroraveil	215089	A	T	core_destroyed	145
2026-08-13T13:48:29Z	NULL125	2675	auroraveil	215089	B	C	core_destroyed	122
2026-08-13T13:48:32Z	NULL125	2676	drakkarfjord	215089	A	C	core_destroyed	190
2026-08-13T13:48:44Z	NULL125	2677	drakkarfjord	215089	B	T	tiebreak	1000
2026-08-13T13:48:47Z	NULL125	2678	drumlin	215089	A	T	core_destroyed	191
2026-08-13T13:48:49Z	NULL125	2679	drumlin	215089	B	C	core_destroyed	179
2026-08-13T13:48:50Z	NULL125	2680	fjordgate	215089	A	C	core_destroyed	474
2026-08-13T13:48:51Z	NULL125	2681	fjordgate	215089	B	T	core_destroyed	162
2026-08-13T13:48:56Z	NULL125	2682	frostgate	215089	A	C	tiebreak	1000
2026-08-13T13:48:58Z	NULL125	2683	frostgate	215089	B	T	core_destroyed	184
2026-08-13T13:49:05Z	NULL125	2684	glacierkeep	215089	A	T	core_destroyed	423
2026-08-13T13:49:07Z	NULL125	2685	glacierkeep	215089	B	T	core_destroyed	437
2026-08-13T13:49:10Z	NULL125	2686	icefloe	215089	A	T	core_destroyed	347
2026-08-13T13:49:12Z	NULL125	2687	icefloe	215089	B	T	core_destroyed	153
2026-08-13T13:49:14Z	NULL125	2688	midgard	215089	A	C	core_destroyed	80
2026-08-13T13:49:17Z	NULL125	2689	midgard	215089	B	C	core_destroyed	111
2026-08-13T13:49:19Z	NULL125	2690	nordkap	215089	A	T	core_destroyed	186
2026-08-13T13:49:20Z	NULL125	2691	nordkap	215089	B	C	core_destroyed	129
2026-08-13T13:49:22Z	NULL125	2692	ragnarok	215089	A	T	core_destroyed	119
2026-08-13T13:49:44Z	NULL125	2693	ragnarok	215089	B	T	core_destroyed	646
2026-08-13T13:49:46Z	NULL125	2694	royale	215089	A	C	core_destroyed	175
2026-08-13T13:49:47Z	NULL125	2695	royale	215089	B	T	core_destroyed	421
2026-08-13T13:49:51Z	NULL125	2696	valkyrie	215089	A	T	core_destroyed	321
2026-08-13T13:49:53Z	NULL125	2697	valkyrie	215089	B	C	core_destroyed	129
2026-08-13T13:49:55Z	NULL125	2698	yulerune	215089	A	T	core_destroyed	127
2026-08-13T13:49:57Z	NULL125	2699	yulerune	215089	B	T	core_destroyed	156
2026-08-13T13:49:58Z	NULL125	2700	antler	215090	A	T	core_destroyed	216
2026-08-13T13:50:00Z	NULL125	2701	antler	215090	B	C	core_destroyed	274
2026-08-13T13:50:10Z	NULL125	2702	archipelago	215090	A	T	core_destroyed	451
2026-08-13T13:50:13Z	NULL125	2703	archipelago	215090	B	T	core_destroyed	153
2026-08-13T13:50:15Z	NULL125	2704	auroraveil	215090	A	T	core_destroyed	160
2026-08-13T13:50:16Z	NULL125	2705	auroraveil	215090	B	T	core_destroyed	161
2026-08-13T13:50:29Z	NULL125	2706	drakkarfjord	215090	A	T	tiebreak	1000
2026-08-13T13:50:39Z	NULL125	2707	drakkarfjord	215090	B	T	core_destroyed	917
2026-08-13T13:50:44Z	NULL125	2708	drumlin	215090	A	C	core_destroyed	353
2026-08-13T13:50:48Z	NULL125	2709	drumlin	215090	B	C	core_destroyed	301
2026-08-13T13:50:49Z	NULL125	2710	fjordgate	215090	A	C	core_destroyed	199
2026-08-13T13:50:50Z	NULL125	2711	fjordgate	215090	B	C	core_destroyed	170
2026-08-13T13:50:52Z	NULL125	2712	frostgate	215090	A	C	core_destroyed	150
2026-08-13T13:50:54Z	NULL125	2713	frostgate	215090	B	C	tiebreak	1000
2026-08-13T13:50:56Z	NULL125	2714	glacierkeep	215090	A	T	core_destroyed	149
2026-08-13T13:50:59Z	NULL125	2715	glacierkeep	215090	B	T	core_destroyed	183
2026-08-13T13:51:01Z	NULL125	2716	icefloe	215090	A	T	core_destroyed	299
2026-08-13T13:51:04Z	NULL125	2717	icefloe	215090	B	C	core_destroyed	308
2026-08-13T13:51:09Z	NULL125	2718	midgard	215090	A	T	core_destroyed	171
2026-08-13T13:51:12Z	NULL125	2719	midgard	215090	B	C	core_destroyed	148
2026-08-13T13:51:15Z	NULL125	2720	nordkap	215090	A	C	core_destroyed	248
2026-08-13T13:51:17Z	NULL125	2721	nordkap	215090	B	T	tiebreak	1000
2026-08-13T13:51:20Z	NULL125	2722	ragnarok	215090	A	T	core_destroyed	149
2026-08-13T13:51:25Z	NULL125	2723	ragnarok	215090	B	T	core_destroyed	246
2026-08-13T13:51:29Z	NULL125	2724	royale	215090	A	C	core_destroyed	316
2026-08-13T13:51:30Z	NULL125	2725	royale	215090	B	T	core_destroyed	213
2026-08-13T13:51:33Z	NULL125	2726	valkyrie	215090	A	C	core_destroyed	207
2026-08-13T13:51:37Z	NULL125	2727	valkyrie	215090	B	C	tiebreak	1000
2026-08-13T13:51:40Z	NULL125	2728	yulerune	215090	A	T	core_destroyed	253
2026-08-13T13:51:44Z	NULL125	2729	yulerune	215090	B	T	tiebreak	1000
2026-08-13T13:51:46Z	NULL125	2730	antler	215091	A	C	core_destroyed	123
2026-08-13T13:51:49Z	NULL125	2731	antler	215091	B	T	core_destroyed	314
2026-08-13T13:51:51Z	NULL125	2732	archipelago	215091	A	T	core_destroyed	142
2026-08-13T13:51:56Z	NULL125	2733	archipelago	215091	B	C	core_destroyed	349
2026-08-13T13:51:59Z	NULL125	2734	auroraveil	215091	A	T	core_destroyed	230
2026-08-13T13:52:00Z	NULL125	2735	auroraveil	215091	B	C	core_destroyed	87
2026-08-13T13:52:07Z	NULL125	2736	drakkarfjord	215091	A	C	core_destroyed	425
2026-08-13T13:52:09Z	NULL125	2737	drakkarfjord	215091	B	T	core_destroyed	180
2026-08-13T13:52:12Z	NULL125	2738	drumlin	215091	A	T	core_destroyed	215
2026-08-13T13:52:16Z	NULL125	2739	drumlin	215091	B	C	core_destroyed	289
2026-08-13T13:52:18Z	NULL125	2740	fjordgate	215091	A	C	core_destroyed	275
2026-08-13T13:52:20Z	NULL125	2741	fjordgate	215091	B	C	core_destroyed	301
2026-08-13T13:52:22Z	NULL125	2742	frostgate	215091	A	T	core_destroyed	329
2026-08-13T13:52:23Z	NULL125	2743	frostgate	215091	B	T	core_destroyed	357
2026-08-13T13:52:26Z	NULL125	2744	glacierkeep	215091	A	T	core_destroyed	210
2026-08-13T13:52:28Z	NULL125	2745	glacierkeep	215091	B	C	core_destroyed	181
2026-08-13T13:52:30Z	NULL125	2746	icefloe	215091	A	T	core_destroyed	171
2026-08-13T13:52:32Z	NULL125	2747	icefloe	215091	B	C	core_destroyed	129
2026-08-13T13:52:35Z	NULL125	2748	midgard	215091	A	C	core_destroyed	79
2026-08-13T13:52:38Z	NULL125	2749	midgard	215091	B	C	core_destroyed	176
2026-08-13T13:52:39Z	NULL125	2750	nordkap	215091	A	C	core_destroyed	102
2026-08-13T13:52:42Z	NULL125	2751	nordkap	215091	B	T	core_destroyed	320
2026-08-13T13:52:44Z	NULL125	2752	ragnarok	215091	A	T	core_destroyed	117
2026-08-13T13:53:28Z	NULL125	2753	ragnarok	215091	B	T	tiebreak	1000
2026-08-13T13:53:30Z	NULL125	2754	royale	215091	A	C	core_destroyed	219
2026-08-13T13:53:32Z	NULL125	2755	royale	215091	B	T	core_destroyed	385
2026-08-13T13:53:35Z	NULL125	2756	valkyrie	215091	A	C	core_destroyed	136
2026-08-13T13:53:41Z	NULL125	2757	valkyrie	215091	B	T	tiebreak	1000
2026-08-13T13:53:44Z	NULL125	2758	yulerune	215091	A	T	core_destroyed	233
2026-08-13T13:53:50Z	NULL125	2759	yulerune	215091	B	C	core_destroyed	339
2026-08-13T13:53:52Z	NULL125	2760	antler	215092	A	T	core_destroyed	269
2026-08-13T13:53:54Z	NULL125	2761	antler	215092	B	C	core_destroyed	205
2026-08-13T13:53:56Z	NULL125	2762	archipelago	215092	A	C	core_destroyed	168
2026-08-13T13:53:58Z	NULL125	2763	archipelago	215092	B	C	core_destroyed	113
2026-08-13T13:54:01Z	NULL125	2764	auroraveil	215092	A	T	core_destroyed	547
2026-08-13T13:54:03Z	NULL125	2765	auroraveil	215092	B	C	core_destroyed	129
2026-08-13T13:54:06Z	NULL125	2766	drakkarfjord	215092	A	C	core_destroyed	224
2026-08-13T13:54:09Z	NULL125	2767	drakkarfjord	215092	B	T	core_destroyed	160
2026-08-13T13:54:13Z	NULL125	2768	drumlin	215092	A	T	core_destroyed	371
2026-08-13T13:54:17Z	NULL125	2769	drumlin	215092	B	C	core_destroyed	290
2026-08-13T13:54:18Z	NULL125	2770	fjordgate	215092	A	T	core_destroyed	106
2026-08-13T13:54:19Z	NULL125	2771	fjordgate	215092	B	T	core_destroyed	105
2026-08-13T13:54:21Z	NULL125	2772	frostgate	215092	A	C	core_destroyed	126
2026-08-13T13:54:22Z	NULL125	2773	frostgate	215092	B	C	core_destroyed	253
2026-08-13T13:54:26Z	NULL125	2774	glacierkeep	215092	A	T	core_destroyed	354
2026-08-13T13:54:29Z	NULL125	2775	glacierkeep	215092	B	T	tiebreak	1000
2026-08-13T13:54:32Z	NULL125	2776	icefloe	215092	A	C	core_destroyed	290
2026-08-13T13:54:34Z	NULL125	2777	icefloe	215092	B	C	core_destroyed	181
2026-08-13T13:54:37Z	NULL125	2778	midgard	215092	A	C	core_destroyed	121
2026-08-13T13:54:41Z	NULL125	2779	midgard	215092	B	T	core_destroyed	172
2026-08-13T13:54:42Z	NULL125	2780	nordkap	215092	A	C	core_destroyed	125
2026-08-13T13:54:45Z	NULL125	2781	nordkap	215092	B	C	core_destroyed	830
2026-08-13T13:54:47Z	NULL125	2782	ragnarok	215092	A	T	core_destroyed	145
2026-08-13T13:54:50Z	NULL125	2783	ragnarok	215092	B	C	core_destroyed	118
2026-08-13T13:54:52Z	NULL125	2784	royale	215092	A	T	core_destroyed	394
2026-08-13T13:54:54Z	NULL125	2785	royale	215092	B	C	core_destroyed	226
2026-08-13T13:54:58Z	NULL125	2786	valkyrie	215092	A	C	core_destroyed	197
2026-08-13T13:54:59Z	NULL125	2787	valkyrie	215092	B	T	core_destroyed	112
2026-08-13T13:55:03Z	NULL125	2788	yulerune	215092	A	T	core_destroyed	325
2026-08-13T13:55:06Z	NULL125	2789	yulerune	215092	B	T	core_destroyed	294
2026-08-13T13:55:07Z	NULL125	2790	antler	215093	A	C	core_destroyed	122
2026-08-13T13:55:10Z	NULL125	2791	antler	215093	B	C	core_destroyed	296
2026-08-13T13:55:15Z	NULL125	2792	archipelago	215093	A	T	core_destroyed	309
2026-08-13T13:55:21Z	NULL125	2793	archipelago	215093	B	C	core_destroyed	348
2026-08-13T13:55:22Z	NULL125	2794	auroraveil	215093	A	C	core_destroyed	124
2026-08-13T13:55:24Z	NULL125	2795	auroraveil	215093	B	C	core_destroyed	153
2026-08-13T13:55:30Z	NULL125	2796	drakkarfjord	215093	A	T	core_destroyed	399
2026-08-13T13:55:35Z	NULL125	2797	drakkarfjord	215093	B	C	core_destroyed	303
2026-08-13T13:55:37Z	NULL125	2798	drumlin	215093	A	C	core_destroyed	208
2026-08-13T13:55:41Z	NULL125	2799	drumlin	215093	B	C	core_destroyed	549
2026-08-13T13:55:43Z	NULL125	2800	fjordgate	215093	A	T	tiebreak	1000
2026-08-13T13:55:45Z	NULL125	2801	fjordgate	215093	B	T	core_destroyed	226
2026-08-13T13:55:47Z	NULL125	2802	frostgate	215093	A	C	core_destroyed	556
2026-08-13T13:55:49Z	NULL125	2803	frostgate	215093	B	C	core_destroyed	187
2026-08-13T13:55:51Z	NULL125	2804	glacierkeep	215093	A	T	core_destroyed	150
2026-08-13T13:55:53Z	NULL125	2805	glacierkeep	215093	B	T	core_destroyed	140
2026-08-13T13:55:57Z	NULL125	2806	icefloe	215093	A	C	core_destroyed	386
2026-08-13T13:56:02Z	NULL125	2807	icefloe	215093	B	C	core_destroyed	748
2026-08-13T13:56:04Z	NULL125	2808	midgard	215093	A	C	core_destroyed	75
2026-08-13T13:56:08Z	NULL125	2809	midgard	215093	B	C	core_destroyed	194
2026-08-13T13:56:10Z	NULL125	2810	nordkap	215093	A	C	core_destroyed	232
2026-08-13T13:56:12Z	NULL125	2811	nordkap	215093	B	T	tiebreak	1000
2026-08-13T13:56:15Z	NULL125	2812	ragnarok	215093	A	C	core_destroyed	155
2026-08-13T13:56:20Z	NULL125	2813	ragnarok	215093	B	C	core_destroyed	184
2026-08-13T13:56:21Z	NULL125	2814	royale	215093	A	T	core_destroyed	105
2026-08-13T13:56:23Z	NULL125	2815	royale	215093	B	T	core_destroyed	365
2026-08-13T13:56:25Z	NULL125	2816	valkyrie	215093	A	C	core_destroyed	254
2026-08-13T13:56:27Z	NULL125	2817	valkyrie	215093	B	C	core_destroyed	126
2026-08-13T13:56:31Z	NULL125	2818	yulerune	215093	A	C	core_destroyed	232
2026-08-13T13:56:34Z	NULL125	2819	yulerune	215093	B	C	core_destroyed	203
2026-08-13T13:56:35Z	NULL125	2820	antler	215094	A	C	core_destroyed	145
2026-08-13T13:56:38Z	NULL125	2821	antler	215094	B	C	core_destroyed	328
2026-08-13T13:56:41Z	NULL125	2822	archipelago	215094	A	T	core_destroyed	178
2026-08-13T13:56:44Z	NULL125	2823	archipelago	215094	B	T	core_destroyed	191
2026-08-13T13:56:46Z	NULL125	2824	auroraveil	215094	A	C	core_destroyed	442
2026-08-13T13:56:49Z	NULL125	2825	auroraveil	215094	B	T	core_destroyed	249
2026-08-13T13:56:55Z	NULL125	2826	drakkarfjord	215094	A	T	core_destroyed	781
2026-08-13T13:56:57Z	NULL125	2827	drakkarfjord	215094	B	T	core_destroyed	137
2026-08-13T13:57:00Z	NULL125	2828	drumlin	215094	A	C	core_destroyed	252
2026-08-13T13:57:02Z	NULL125	2829	drumlin	215094	B	T	core_destroyed	187
2026-08-13T13:57:04Z	NULL125	2830	fjordgate	215094	A	T	core_destroyed	377
2026-08-13T13:57:06Z	NULL125	2831	fjordgate	215094	B	C	core_destroyed	268
2026-08-13T13:57:07Z	NULL125	2832	frostgate	215094	A	T	core_destroyed	171
2026-08-13T13:57:09Z	NULL125	2833	frostgate	215094	B	C	tiebreak	1000
2026-08-13T13:57:12Z	NULL125	2834	glacierkeep	215094	A	T	core_destroyed	549
2026-08-13T13:57:21Z	NULL125	2835	glacierkeep	215094	B	T	tiebreak	1000
2026-08-13T13:57:23Z	NULL125	2836	icefloe	215094	A	C	core_destroyed	229
2026-08-13T13:57:32Z	NULL125	2837	icefloe	215094	B	T	tiebreak	1000
2026-08-13T13:57:35Z	NULL125	2838	midgard	215094	A	T	core_destroyed	140
2026-08-13T13:57:37Z	NULL125	2839	midgard	215094	B	T	core_destroyed	90
2026-08-13T13:57:39Z	NULL125	2840	nordkap	215094	A	C	core_destroyed	183
2026-08-13T13:57:40Z	NULL125	2841	nordkap	215094	B	T	core_destroyed	119
2026-08-13T13:57:44Z	NULL125	2842	ragnarok	215094	A	C	core_destroyed	220
2026-08-13T13:58:26Z	NULL125	2843	ragnarok	215094	B	T	tiebreak	1000
2026-08-13T13:58:28Z	NULL125	2844	royale	215094	A	C	core_destroyed	428
2026-08-13T13:58:29Z	NULL125	2845	royale	215094	B	C	core_destroyed	297
2026-08-13T13:58:31Z	NULL125	2846	valkyrie	215094	A	C	core_destroyed	88
2026-08-13T13:58:39Z	NULL125	2847	valkyrie	215094	B	C	tiebreak	1000
2026-08-13T13:58:44Z	NULL125	2848	yulerune	215094	A	C	core_destroyed	486
2026-08-13T13:58:48Z	NULL125	2849	yulerune	215094	B	T	core_destroyed	289
2026-08-13T13:58:51Z	NULL125	2850	antler	215095	A	C	core_destroyed	407
2026-08-13T13:58:53Z	NULL125	2851	antler	215095	B	T	core_destroyed	323
2026-08-13T13:58:55Z	NULL125	2852	archipelago	215095	A	T	core_destroyed	117
2026-08-13T13:58:57Z	NULL125	2853	archipelago	215095	B	C	core_destroyed	170
2026-08-13T13:58:59Z	NULL125	2854	auroraveil	215095	A	T	core_destroyed	101
2026-08-13T13:59:00Z	NULL125	2855	auroraveil	215095	B	C	core_destroyed	162
2026-08-13T13:59:07Z	NULL125	2856	drakkarfjord	215095	A	C	core_destroyed	576
2026-08-13T13:59:16Z	NULL125	2857	drakkarfjord	215095	B	T	tiebreak	1000
2026-08-13T13:59:20Z	NULL125	2858	drumlin	215095	A	C	core_destroyed	326
2026-08-13T13:59:22Z	NULL125	2859	drumlin	215095	B	T	core_destroyed	204
2026-08-13T13:59:24Z	NULL125	2860	fjordgate	215095	A	T	core_destroyed	250
2026-08-13T13:59:25Z	NULL125	2861	fjordgate	215095	B	T	core_destroyed	162
2026-08-13T13:59:26Z	NULL125	2862	frostgate	215095	A	T	core_destroyed	162
2026-08-13T13:59:28Z	NULL125	2863	frostgate	215095	B	T	core_destroyed	163
2026-08-13T13:59:34Z	NULL125	2864	glacierkeep	215095	A	C	tiebreak	1000
2026-08-13T13:59:36Z	NULL125	2865	glacierkeep	215095	B	C	core_destroyed	105
2026-08-13T13:59:47Z	NULL125	2866	icefloe	215095	A	T	tiebreak	1000
2026-08-13T13:59:48Z	NULL125	2867	icefloe	215095	B	T	core_destroyed	161
2026-08-13T13:59:54Z	NULL125	2868	midgard	215095	A	C	core_destroyed	692
2026-08-13T13:59:58Z	NULL125	2869	midgard	215095	B	T	core_destroyed	165
2026-08-13T14:00:02Z	NULL125	2870	nordkap	215095	A	T	tiebreak	1000
2026-08-13T14:00:04Z	NULL125	2871	nordkap	215095	B	C	core_destroyed	222
2026-08-13T14:00:06Z	NULL125	2872	ragnarok	215095	A	T	core_destroyed	153
2026-08-13T14:00:09Z	NULL125	2873	ragnarok	215095	B	C	core_destroyed	141
2026-08-13T14:00:10Z	NULL125	2874	royale	215095	A	T	tiebreak	1000
2026-08-13T14:00:12Z	NULL125	2875	royale	215095	B	C	core_destroyed	340
2026-08-13T14:00:15Z	NULL125	2876	valkyrie	215095	A	T	core_destroyed	220
2026-08-13T14:00:27Z	NULL125	2877	valkyrie	215095	B	T	tiebreak	1000
2026-08-13T14:00:28Z	NULL125	2878	yulerune	215095	A	T	core_destroyed	152
2026-08-13T14:00:30Z	NULL125	2879	yulerune	215095	B	C	core_destroyed	204
2026-08-13T14:00:32Z	NULL125	2880	antler	215096	A	T	core_destroyed	205
2026-08-13T14:00:35Z	NULL125	2881	antler	215096	B	T	core_destroyed	689
2026-08-13T14:00:37Z	NULL125	2882	archipelago	215096	A	C	core_destroyed	125
2026-08-13T14:00:39Z	NULL125	2883	archipelago	215096	B	T	core_destroyed	86
2026-08-13T14:00:41Z	NULL125	2884	auroraveil	215096	A	T	core_destroyed	245
2026-08-13T14:00:43Z	NULL125	2885	auroraveil	215096	B	T	core_destroyed	152
2026-08-13T14:00:48Z	NULL125	2886	drakkarfjord	215096	A	C	core_destroyed	334
2026-08-13T14:00:56Z	NULL125	2887	drakkarfjord	215096	B	C	core_destroyed	473
2026-08-13T14:01:00Z	NULL125	2888	drumlin	215096	A	T	core_destroyed	266
2026-08-13T14:01:06Z	NULL125	2889	drumlin	215096	B	C	core_destroyed	396
2026-08-13T14:01:07Z	NULL125	2890	fjordgate	215096	A	C	core_destroyed	169
2026-08-13T14:01:09Z	NULL125	2891	fjordgate	215096	B	T	core_destroyed	431
2026-08-13T14:01:11Z	NULL125	2892	frostgate	215096	A	T	core_destroyed	308
2026-08-13T14:01:13Z	NULL125	2893	frostgate	215096	B	T	core_destroyed	237
2026-08-13T14:01:15Z	NULL125	2894	glacierkeep	215096	A	T	core_destroyed	185
2026-08-13T14:01:28Z	NULL125	2895	glacierkeep	215096	B	C	core_destroyed	945
2026-08-13T14:01:32Z	NULL125	2896	icefloe	215096	A	T	core_destroyed	648
2026-08-13T14:01:34Z	NULL125	2897	icefloe	215096	B	T	core_destroyed	382
2026-08-13T14:01:37Z	NULL125	2898	midgard	215096	A	T	core_destroyed	148
2026-08-13T14:01:41Z	NULL125	2899	midgard	215096	B	T	core_destroyed	267
2026-08-13T14:01:43Z	NULL125	2900	nordkap	215096	A	C	core_destroyed	396
2026-08-13T14:01:45Z	NULL125	2901	nordkap	215096	B	T	core_destroyed	221
2026-08-13T14:02:42Z	NULL125	2902	ragnarok	215096	A	C	tiebreak	1000
2026-08-13T14:03:21Z	NULL125	2903	ragnarok	215096	B	C	tiebreak	1000
2026-08-13T14:03:22Z	NULL125	2904	royale	215096	A	T	core_destroyed	245
2026-08-13T14:03:24Z	NULL125	2905	royale	215096	B	T	core_destroyed	128
2026-08-13T14:03:26Z	NULL125	2906	valkyrie	215096	A	T	core_destroyed	104
2026-08-13T14:03:28Z	NULL125	2907	valkyrie	215096	B	T	core_destroyed	143
2026-08-13T14:03:32Z	NULL125	2908	yulerune	215096	A	C	core_destroyed	550
2026-08-13T14:03:34Z	NULL125	2909	yulerune	215096	B	T	core_destroyed	206
2026-08-13T14:03:36Z	NULL125	2910	antler	215097	A	C	core_destroyed	356
2026-08-13T14:03:37Z	NULL125	2911	antler	215097	B	T	core_destroyed	144
2026-08-13T14:03:39Z	NULL125	2912	archipelago	215097	A	T	core_destroyed	118
2026-08-13T14:03:45Z	NULL125	2913	archipelago	215097	B	C	core_destroyed	900
2026-08-13T14:03:56Z	NULL125	2914	auroraveil	215097	A	T	tiebreak	1000
2026-08-13T14:03:58Z	NULL125	2915	auroraveil	215097	B	T	core_destroyed	149
2026-08-13T14:04:02Z	NULL125	2916	drakkarfjord	215097	A	C	core_destroyed	532
2026-08-13T14:04:13Z	NULL125	2917	drakkarfjord	215097	B	T	core_destroyed	904
2026-08-13T14:04:14Z	NULL125	2918	drumlin	215097	A	T	core_destroyed	231
2026-08-13T14:04:18Z	NULL125	2919	drumlin	215097	B	T	core_destroyed	252
2026-08-13T14:04:20Z	NULL125	2920	fjordgate	215097	A	T	core_destroyed	117
2026-08-13T14:04:21Z	NULL125	2921	fjordgate	215097	B	C	core_destroyed	204
2026-08-13T14:04:22Z	NULL125	2922	frostgate	215097	A	C	core_destroyed	229
2026-08-13T14:04:24Z	NULL125	2923	frostgate	215097	B	T	core_destroyed	242
2026-08-13T14:04:26Z	NULL125	2924	glacierkeep	215097	A	T	core_destroyed	230
2026-08-13T14:04:28Z	NULL125	2925	glacierkeep	215097	B	C	core_destroyed	157
2026-08-13T14:04:31Z	NULL125	2926	icefloe	215097	A	T	core_destroyed	234
2026-08-13T14:04:33Z	NULL125	2927	icefloe	215097	B	T	core_destroyed	149
2026-08-13T14:04:35Z	NULL125	2928	midgard	215097	A	C	core_destroyed	115
2026-08-13T14:04:38Z	NULL125	2929	midgard	215097	B	T	core_destroyed	104
2026-08-13T14:04:40Z	NULL125	2930	nordkap	215097	A	T	tiebreak	1000
2026-08-13T14:04:48Z	NULL125	2931	nordkap	215097	B	T	tiebreak	1000
2026-08-13T14:05:23Z	NULL125	2932	ragnarok	215097	A	T	tiebreak	1000
2026-08-13T14:05:25Z	NULL125	2933	ragnarok	215097	B	C	core_destroyed	112
2026-08-13T14:05:27Z	NULL125	2934	royale	215097	A	T	core_destroyed	116
2026-08-13T14:05:28Z	NULL125	2935	royale	215097	B	C	core_destroyed	153
2026-08-13T14:05:32Z	NULL125	2936	valkyrie	215097	A	T	core_destroyed	241
2026-08-13T14:05:34Z	NULL125	2937	valkyrie	215097	B	T	core_destroyed	211
2026-08-13T14:05:38Z	NULL125	2938	yulerune	215097	A	T	core_destroyed	239
2026-08-13T14:05:41Z	NULL125	2939	yulerune	215097	B	T	core_destroyed	300
2026-08-13T14:05:43Z	NULL125	2940	antler	215098	A	C	core_destroyed	469
2026-08-13T14:05:45Z	NULL125	2941	antler	215098	B	T	core_destroyed	171
2026-08-13T14:05:48Z	NULL125	2942	archipelago	215098	A	T	core_destroyed	150
2026-08-13T14:05:51Z	NULL125	2943	archipelago	215098	B	T	core_destroyed	289
2026-08-13T14:05:52Z	NULL125	2944	auroraveil	215098	A	T	core_destroyed	136
2026-08-13T14:05:54Z	NULL125	2945	auroraveil	215098	B	C	core_destroyed	105
2026-08-13T14:06:00Z	NULL125	2946	drakkarfjord	215098	A	T	core_destroyed	345
2026-08-13T14:06:03Z	NULL125	2947	drakkarfjord	215098	B	T	core_destroyed	169
2026-08-13T14:06:07Z	NULL125	2948	drumlin	215098	A	C	core_destroyed	417
2026-08-13T14:06:12Z	NULL125	2949	drumlin	215098	B	T	core_destroyed	441
2026-08-13T14:06:14Z	NULL125	2950	fjordgate	215098	A	T	core_destroyed	269
2026-08-13T14:06:16Z	NULL125	2951	fjordgate	215098	B	T	core_destroyed	558
2026-08-13T14:06:18Z	NULL125	2952	frostgate	215098	A	C	core_destroyed	536
2026-08-13T14:06:20Z	NULL125	2953	frostgate	215098	B	T	core_destroyed	162
2026-08-13T14:06:21Z	NULL125	2954	glacierkeep	215098	A	T	core_destroyed	268
2026-08-13T14:06:23Z	NULL125	2955	glacierkeep	215098	B	C	core_destroyed	182
2026-08-13T14:06:25Z	NULL125	2956	icefloe	215098	A	T	core_destroyed	160
2026-08-13T14:06:28Z	NULL125	2957	icefloe	215098	B	C	core_destroyed	230
2026-08-13T14:06:30Z	NULL125	2958	midgard	215098	A	C	core_destroyed	118
2026-08-13T14:06:32Z	NULL125	2959	midgard	215098	B	T	core_destroyed	96
2026-08-13T14:06:34Z	NULL125	2960	nordkap	215098	A	C	tiebreak	1000
2026-08-13T14:06:36Z	NULL125	2961	nordkap	215098	B	C	core_destroyed	297
2026-08-13T14:07:27Z	NULL125	2962	ragnarok	215098	A	T	tiebreak	1000
2026-08-13T14:08:13Z	NULL125	2963	ragnarok	215098	B	T	tiebreak	1000
2026-08-13T14:08:15Z	NULL125	2964	royale	215098	A	T	tiebreak	1000
2026-08-13T14:08:17Z	NULL125	2965	royale	215098	B	T	core_destroyed	384
2026-08-13T14:08:19Z	NULL125	2966	valkyrie	215098	A	C	core_destroyed	135
2026-08-13T14:08:21Z	NULL125	2967	valkyrie	215098	B	C	core_destroyed	184
2026-08-13T14:08:23Z	NULL125	2968	yulerune	215098	A	T	core_destroyed	140
2026-08-13T14:08:25Z	NULL125	2969	yulerune	215098	B	T	core_destroyed	228
2026-08-13T14:08:26Z	NULL125	2970	antler	215099	A	C	core_destroyed	137
2026-08-13T14:08:28Z	NULL125	2971	antler	215099	B	T	tiebreak	1000
2026-08-13T14:08:31Z	NULL125	2972	archipelago	215099	A	T	core_destroyed	126
2026-08-13T14:08:32Z	NULL125	2973	archipelago	215099	B	C	core_destroyed	119
2026-08-13T14:08:33Z	NULL125	2974	auroraveil	215099	A	T	core_destroyed	125
2026-08-13T14:08:35Z	NULL125	2975	auroraveil	215099	B	C	core_destroyed	83
2026-08-13T14:08:38Z	NULL125	2976	drakkarfjord	215099	A	C	core_destroyed	437
2026-08-13T14:08:41Z	NULL125	2977	drakkarfjord	215099	B	T	core_destroyed	222
2026-08-13T14:08:44Z	NULL125	2978	drumlin	215099	A	T	core_destroyed	194
2026-08-13T14:08:46Z	NULL125	2979	drumlin	215099	B	C	core_destroyed	205
2026-08-13T14:08:48Z	NULL125	2980	fjordgate	215099	A	T	core_destroyed	329
2026-08-13T14:08:49Z	NULL125	2981	fjordgate	215099	B	C	core_destroyed	183
2026-08-13T14:08:50Z	NULL125	2982	frostgate	215099	A	T	core_destroyed	117
2026-08-13T14:08:53Z	NULL125	2983	frostgate	215099	B	T	core_destroyed	224
2026-08-13T14:08:55Z	NULL125	2984	glacierkeep	215099	A	T	core_destroyed	353
2026-08-13T14:08:59Z	NULL125	2985	glacierkeep	215099	B	C	core_destroyed	496
2026-08-13T14:09:02Z	NULL125	2986	icefloe	215099	A	T	core_destroyed	454
2026-08-13T14:09:08Z	NULL125	2987	icefloe	215099	B	C	core_destroyed	433
2026-08-13T14:09:10Z	NULL125	2988	midgard	215099	A	T	core_destroyed	80
2026-08-13T14:09:13Z	NULL125	2989	midgard	215099	B	T	core_destroyed	138
2026-08-13T14:09:14Z	NULL125	2990	nordkap	215099	A	T	core_destroyed	522
2026-08-13T14:09:16Z	NULL125	2991	nordkap	215099	B	C	core_destroyed	170
2026-08-13T14:09:31Z	NULL125	2992	ragnarok	215099	A	C	core_destroyed	699
2026-08-13T14:09:36Z	NULL125	2993	ragnarok	215099	B	T	core_destroyed	316
2026-08-13T14:09:38Z	NULL125	2994	royale	215099	A	T	core_destroyed	295
2026-08-13T14:09:39Z	NULL125	2995	royale	215099	B	T	core_destroyed	391
2026-08-13T14:09:41Z	NULL125	2996	valkyrie	215099	A	T	core_destroyed	211
2026-08-13T14:09:45Z	NULL125	2997	valkyrie	215099	B	T	core_destroyed	256
2026-08-13T14:09:47Z	NULL125	2998	yulerune	215099	A	T	core_destroyed	153
2026-08-13T14:09:49Z	NULL125	2999	yulerune	215099	B	C	core_destroyed	127
2026-08-13T14:09:50Z	NULL125	3000	antler	215100	A	C	core_destroyed	92
2026-08-13T14:09:53Z	NULL125	3001	antler	215100	B	T	core_destroyed	580
2026-08-13T14:09:54Z	NULL125	3002	archipelago	215100	A	C	core_destroyed	104
2026-08-13T14:09:58Z	NULL125	3003	archipelago	215100	B	C	core_destroyed	179
2026-08-13T14:10:00Z	NULL125	3004	auroraveil	215100	A	C	core_destroyed	182
2026-08-13T14:10:02Z	NULL125	3005	auroraveil	215100	B	C	core_destroyed	277
2026-08-13T14:10:04Z	NULL125	3006	drakkarfjord	215100	A	C	core_destroyed	191
2026-08-13T14:10:18Z	NULL125	3007	drakkarfjord	215100	B	T	tiebreak	1000
2026-08-13T14:10:20Z	NULL125	3008	drumlin	215100	A	T	core_destroyed	448
2026-08-13T14:10:25Z	NULL125	3009	drumlin	215100	B	T	core_destroyed	489
2026-08-13T14:10:27Z	NULL125	3010	fjordgate	215100	A	T	core_destroyed	114
2026-08-13T14:10:28Z	NULL125	3011	fjordgate	215100	B	T	core_destroyed	132
2026-08-13T14:10:31Z	NULL125	3012	frostgate	215100	A	T	core_destroyed	665
2026-08-13T14:10:33Z	NULL125	3013	frostgate	215100	B	C	core_destroyed	260
2026-08-13T14:10:35Z	NULL125	3014	glacierkeep	215100	A	T	core_destroyed	146
2026-08-13T14:10:38Z	NULL125	3015	glacierkeep	215100	B	C	core_destroyed	354
2026-08-13T14:10:41Z	NULL125	3016	icefloe	215100	A	T	core_destroyed	184
2026-08-13T14:10:43Z	NULL125	3017	icefloe	215100	B	C	core_destroyed	299
2026-08-13T14:10:50Z	NULL125	3018	midgard	215100	A	T	core_destroyed	272
2026-08-13T14:10:52Z	NULL125	3019	midgard	215100	B	C	core_destroyed	146
2026-08-13T14:10:55Z	NULL125	3020	nordkap	215100	A	C	core_destroyed	292
2026-08-13T14:10:57Z	NULL125	3021	nordkap	215100	B	C	core_destroyed	550
2026-08-13T14:11:45Z	NULL125	3022	ragnarok	215100	A	C	tiebreak	1000
2026-08-13T14:11:57Z	NULL125	3023	ragnarok	215100	B	C	tiebreak	1000
2026-08-13T14:11:58Z	NULL125	3024	royale	215100	A	C	core_destroyed	112
2026-08-13T14:12:00Z	NULL125	3025	royale	215100	B	C	tiebreak	1000
2026-08-13T14:12:03Z	NULL125	3026	valkyrie	215100	A	T	core_destroyed	141
2026-08-13T14:12:07Z	NULL125	3027	valkyrie	215100	B	T	core_destroyed	288
2026-08-13T14:12:09Z	NULL125	3028	yulerune	215100	A	C	core_destroyed	178
2026-08-13T14:12:13Z	NULL125	3029	yulerune	215100	B	T	core_destroyed	346
2026-08-13T14:12:14Z	NULL125	3030	antler	215101	A	C	core_destroyed	362
2026-08-13T14:12:16Z	NULL125	3031	antler	215101	B	T	core_destroyed	184
2026-08-13T14:12:17Z	NULL125	3032	archipelago	215101	A	T	core_destroyed	118
2026-08-13T14:12:20Z	NULL125	3033	archipelago	215101	B	T	core_destroyed	112
2026-08-13T14:12:23Z	NULL125	3034	auroraveil	215101	A	T	tiebreak	1000
2026-08-13T14:12:24Z	NULL125	3035	auroraveil	215101	B	T	core_destroyed	142
2026-08-13T14:12:40Z	NULL125	3036	drakkarfjord	215101	A	T	tiebreak	1000
2026-08-13T14:12:44Z	NULL125	3037	drakkarfjord	215101	B	C	core_destroyed	422
2026-08-13T14:12:47Z	NULL125	3038	drumlin	215101	A	T	core_destroyed	323
2026-08-13T14:12:52Z	NULL125	3039	drumlin	215101	B	T	core_destroyed	426
2026-08-13T14:12:54Z	NULL125	3040	fjordgate	215101	A	T	core_destroyed	221
2026-08-13T14:12:58Z	NULL125	3041	fjordgate	215101	B	T	tiebreak	1000
2026-08-13T14:13:00Z	NULL125	3042	frostgate	215101	A	T	core_destroyed	155
2026-08-13T14:13:02Z	NULL125	3043	frostgate	215101	B	T	core_destroyed	236
2026-08-13T14:13:07Z	NULL125	3044	glacierkeep	215101	A	C	core_destroyed	555
2026-08-13T14:13:09Z	NULL125	3045	glacierkeep	215101	B	C	core_destroyed	164
2026-08-13T14:13:12Z	NULL125	3046	icefloe	215101	A	T	core_destroyed	285
2026-08-13T14:13:14Z	NULL125	3047	icefloe	215101	B	C	core_destroyed	171
2026-08-13T14:13:17Z	NULL125	3048	midgard	215101	A	C	core_destroyed	121
2026-08-13T14:13:19Z	NULL125	3049	midgard	215101	B	T	core_destroyed	124
2026-08-13T14:13:24Z	NULL125	3050	nordkap	215101	A	C	core_destroyed	669
2026-08-13T14:13:25Z	NULL125	3051	nordkap	215101	B	T	core_destroyed	122
2026-08-13T14:13:27Z	NULL125	3052	ragnarok	215101	A	T	core_destroyed	141
2026-08-13T14:14:14Z	NULL125	3053	ragnarok	215101	B	C	tiebreak	1000
2026-08-13T14:14:16Z	NULL125	3054	royale	215101	A	T	tiebreak	1000
2026-08-13T14:14:18Z	NULL125	3055	royale	215101	B	C	tiebreak	1000
2026-08-13T14:14:21Z	NULL125	3056	valkyrie	215101	A	T	core_destroyed	176
2026-08-13T14:14:24Z	NULL125	3057	valkyrie	215101	B	C	core_destroyed	181
2026-08-13T14:14:26Z	NULL125	3058	yulerune	215101	A	T	core_destroyed	126
2026-08-13T14:14:29Z	NULL125	3059	yulerune	215101	B	T	tiebreak	1000
2026-08-13T14:14:32Z	NULL125	3060	antler	215102	A	T	core_destroyed	392
2026-08-13T14:14:34Z	NULL125	3061	antler	215102	B	T	core_destroyed	184
2026-08-13T14:14:36Z	NULL125	3062	archipelago	215102	A	C	core_destroyed	111
2026-08-13T14:14:39Z	NULL125	3063	archipelago	215102	B	T	core_destroyed	137
2026-08-13T14:14:41Z	NULL125	3064	auroraveil	215102	A	C	core_destroyed	152
2026-08-13T14:14:43Z	NULL125	3065	auroraveil	215102	B	T	core_destroyed	230
2026-08-13T14:14:48Z	NULL125	3066	drakkarfjord	215102	A	T	core_destroyed	362
2026-08-13T14:14:56Z	NULL125	3067	drakkarfjord	215102	B	T	core_destroyed	457
2026-08-13T14:14:57Z	NULL125	3068	drumlin	215102	A	T	core_destroyed	98
2026-08-13T14:15:06Z	NULL125	3069	drumlin	215102	B	T	core_destroyed	503
2026-08-13T14:15:10Z	NULL125	3070	fjordgate	215102	A	T	core_destroyed	998
2026-08-13T14:15:12Z	NULL125	3071	fjordgate	215102	B	T	tiebreak	1000
2026-08-13T14:15:14Z	NULL125	3072	frostgate	215102	A	T	core_destroyed	489
2026-08-13T14:15:17Z	NULL125	3073	frostgate	215102	B	T	core_destroyed	276
2026-08-13T14:15:19Z	NULL125	3074	glacierkeep	215102	A	T	core_destroyed	120
2026-08-13T14:15:22Z	NULL125	3075	glacierkeep	215102	B	T	core_destroyed	268
2026-08-13T14:15:26Z	NULL125	3076	icefloe	215102	A	T	tiebreak	1000
2026-08-13T14:15:30Z	NULL125	3077	icefloe	215102	B	C	core_destroyed	303
2026-08-13T14:15:33Z	NULL125	3078	midgard	215102	A	C	core_destroyed	283
2026-08-13T14:15:35Z	NULL125	3079	midgard	215102	B	T	core_destroyed	126
2026-08-13T14:15:37Z	NULL125	3080	nordkap	215102	A	C	core_destroyed	167
2026-08-13T14:15:38Z	NULL125	3081	nordkap	215102	B	C	core_destroyed	131
2026-08-13T14:15:42Z	NULL125	3082	ragnarok	215102	A	C	core_destroyed	203
2026-08-13T14:15:46Z	NULL125	3083	ragnarok	215102	B	T	core_destroyed	178
2026-08-13T14:15:48Z	NULL125	3084	royale	215102	A	T	core_destroyed	301
2026-08-13T14:15:49Z	NULL125	3085	royale	215102	B	T	core_destroyed	161
2026-08-13T14:15:51Z	NULL125	3086	valkyrie	215102	A	T	core_destroyed	133
2026-08-13T14:15:54Z	NULL125	3087	valkyrie	215102	B	T	core_destroyed	321
2026-08-13T14:15:58Z	NULL125	3088	yulerune	215102	A	C	core_destroyed	545
2026-08-13T14:16:01Z	NULL125	3089	yulerune	215102	B	T	core_destroyed	196
2026-08-13T14:16:04Z	NULL125	3090	antler	215103	A	C	tiebreak	1000
2026-08-13T14:16:05Z	NULL125	3091	antler	215103	B	T	core_destroyed	185
2026-08-13T14:16:07Z	NULL125	3092	archipelago	215103	A	C	core_destroyed	113
2026-08-13T14:16:09Z	NULL125	3093	archipelago	215103	B	T	core_destroyed	92
2026-08-13T14:16:11Z	NULL125	3094	auroraveil	215103	A	C	core_destroyed	261
2026-08-13T14:16:13Z	NULL125	3095	auroraveil	215103	B	T	core_destroyed	162
2026-08-13T14:16:29Z	NULL125	3096	drakkarfjord	215103	A	T	tiebreak	1000
2026-08-13T14:16:41Z	NULL125	3097	drakkarfjord	215103	B	C	core_destroyed	829
2026-08-13T14:16:45Z	NULL125	3098	drumlin	215103	A	C	core_destroyed	354
2026-08-13T14:16:49Z	NULL125	3099	drumlin	215103	B	C	core_destroyed	330
2026-08-13T14:16:50Z	NULL125	3100	fjordgate	215103	A	T	core_destroyed	158
2026-08-13T14:16:51Z	NULL125	3101	fjordgate	215103	B	C	core_destroyed	116
2026-08-13T14:16:54Z	NULL125	3102	frostgate	215103	A	T	core_destroyed	482
2026-08-13T14:16:55Z	NULL125	3103	frostgate	215103	B	T	core_destroyed	182
2026-08-13T14:16:57Z	NULL125	3104	glacierkeep	215103	A	C	core_destroyed	228
2026-08-13T14:16:59Z	NULL125	3105	glacierkeep	215103	B	C	core_destroyed	125
2026-08-13T14:17:00Z	NULL125	3106	icefloe	215103	A	T	core_destroyed	125
2026-08-13T14:17:02Z	NULL125	3107	icefloe	215103	B	C	core_destroyed	210
2026-08-13T14:17:06Z	NULL125	3108	midgard	215103	A	T	core_destroyed	174
2026-08-13T14:17:09Z	NULL125	3109	midgard	215103	B	T	core_destroyed	224
2026-08-13T14:17:11Z	NULL125	3110	nordkap	215103	A	T	core_destroyed	145
2026-08-13T14:17:14Z	NULL125	3111	nordkap	215103	B	C	core_destroyed	394
2026-08-13T14:17:31Z	NULL125	3112	ragnarok	215103	A	C	core_destroyed	832
2026-08-13T14:17:33Z	NULL125	3113	ragnarok	215103	B	C	core_destroyed	113
2026-08-13T14:17:35Z	NULL125	3114	royale	215103	A	C	tiebreak	1000
2026-08-13T14:17:37Z	NULL125	3115	royale	215103	B	C	tiebreak	1000
2026-08-13T14:17:42Z	NULL125	3116	valkyrie	215103	A	C	core_destroyed	223
2026-08-13T14:17:44Z	NULL125	3117	valkyrie	215103	B	T	core_destroyed	119
2026-08-13T14:17:49Z	NULL125	3118	yulerune	215103	A	C	core_destroyed	358
2026-08-13T14:17:54Z	NULL125	3119	yulerune	215103	B	T	core_destroyed	540
2026-08-13T14:17:56Z	NULL125	3120	antler	215104	A	T	core_destroyed	581
2026-08-13T14:17:59Z	NULL125	3121	antler	215104	B	T	core_destroyed	557
2026-08-13T14:18:02Z	NULL125	3122	archipelago	215104	A	T	core_destroyed	341
2026-08-13T14:18:04Z	NULL125	3123	archipelago	215104	B	T	core_destroyed	171
2026-08-13T14:18:07Z	NULL125	3124	auroraveil	215104	A	C	core_destroyed	365
2026-08-13T14:18:10Z	NULL125	3125	auroraveil	215104	B	C	tiebreak	1000
2026-08-13T14:18:16Z	NULL125	3126	drakkarfjord	215104	A	T	core_destroyed	781
2026-08-13T14:18:21Z	NULL125	3127	drakkarfjord	215104	B	T	core_destroyed	437
2026-08-13T14:18:24Z	NULL125	3128	drumlin	215104	A	C	core_destroyed	184
2026-08-13T14:18:32Z	NULL125	3129	drumlin	215104	B	C	tiebreak	1000
2026-08-13T14:18:33Z	NULL125	3130	fjordgate	215104	A	C	core_destroyed	152
2026-08-13T14:18:35Z	NULL125	3131	fjordgate	215104	B	C	core_destroyed	223
2026-08-13T14:18:38Z	NULL125	3132	frostgate	215104	A	C	core_destroyed	329
2026-08-13T14:18:40Z	NULL125	3133	frostgate	215104	B	T	core_destroyed	196
2026-08-13T14:18:42Z	NULL125	3134	glacierkeep	215104	A	T	core_destroyed	381
2026-08-13T14:18:43Z	NULL125	3135	glacierkeep	215104	B	T	core_destroyed	176
2026-08-13T14:18:46Z	NULL125	3136	icefloe	215104	A	C	core_destroyed	152
2026-08-13T14:18:48Z	NULL125	3137	icefloe	215104	B	T	core_destroyed	253
2026-08-13T14:18:51Z	NULL125	3138	midgard	215104	A	C	core_destroyed	122
2026-08-13T14:18:53Z	NULL125	3139	midgard	215104	B	C	core_destroyed	86
2026-08-13T14:18:56Z	NULL125	3140	nordkap	215104	A	C	tiebreak	1000
2026-08-13T14:18:57Z	NULL125	3141	nordkap	215104	B	T	core_destroyed	82
2026-08-13T14:18:59Z	NULL125	3142	ragnarok	215104	A	T	core_destroyed	126
2026-08-13T14:19:52Z	NULL125	3143	ragnarok	215104	B	T	tiebreak	1000
2026-08-13T14:19:53Z	NULL125	3144	royale	215104	A	C	core_destroyed	177
2026-08-13T14:19:55Z	NULL125	3145	royale	215104	B	T	core_destroyed	241
2026-08-13T14:19:57Z	NULL125	3146	valkyrie	215104	A	C	core_destroyed	164
2026-08-13T14:20:00Z	NULL125	3147	valkyrie	215104	B	T	core_destroyed	97
2026-08-13T14:20:01Z	NULL125	3148	yulerune	215104	A	C	core_destroyed	96
2026-08-13T14:20:04Z	NULL125	3149	yulerune	215104	B	C	core_destroyed	216
2026-08-13T14:20:07Z	NULL125	3150	antler	215105	A	T	core_destroyed	559
2026-08-13T14:20:09Z	NULL125	3151	antler	215105	B	C	core_destroyed	344
2026-08-13T14:20:11Z	NULL125	3152	archipelago	215105	A	C	core_destroyed	143
2026-08-13T14:20:13Z	NULL125	3153	archipelago	215105	B	T	core_destroyed	88
2026-08-13T14:20:17Z	NULL125	3154	auroraveil	215105	A	T	core_destroyed	757
2026-08-13T14:20:19Z	NULL125	3155	auroraveil	215105	B	C	core_destroyed	111
2026-08-13T14:20:21Z	NULL125	3156	drakkarfjord	215105	A	C	core_destroyed	149
2026-08-13T14:20:26Z	NULL125	3157	drakkarfjord	215105	B	T	core_destroyed	358
2026-08-13T14:20:28Z	NULL125	3158	drumlin	215105	A	C	core_destroyed	153
2026-08-13T14:20:35Z	NULL125	3159	drumlin	215105	B	T	core_destroyed	579
2026-08-13T14:20:40Z	NULL125	3160	fjordgate	215105	A	T	tiebreak	1000
2026-08-13T14:20:42Z	NULL125	3161	fjordgate	215105	B	T	core_destroyed	189
2026-08-13T14:20:45Z	NULL125	3162	frostgate	215105	A	T	core_destroyed	572
2026-08-13T14:20:50Z	NULL125	3163	frostgate	215105	B	C	core_destroyed	456
2026-08-13T14:20:53Z	NULL125	3164	glacierkeep	215105	A	T	core_destroyed	180
2026-08-13T14:20:59Z	NULL125	3165	glacierkeep	215105	B	T	core_destroyed	625
2026-08-13T14:21:02Z	NULL125	3166	icefloe	215105	A	C	core_destroyed	405
2026-08-13T14:21:04Z	NULL125	3167	icefloe	215105	B	T	core_destroyed	157
2026-08-13T14:21:07Z	NULL125	3168	midgard	215105	A	C	tiebreak	84
2026-08-13T14:21:12Z	NULL125	3169	midgard	215105	B	C	core_destroyed	230
2026-08-13T14:21:15Z	NULL125	3170	nordkap	215105	A	T	core_destroyed	219
2026-08-13T14:21:17Z	NULL125	3171	nordkap	215105	B	T	core_destroyed	242
2026-08-13T14:22:13Z	NULL125	3172	ragnarok	215105	A	C	tiebreak	1000
2026-08-13T14:23:06Z	NULL125	3173	ragnarok	215105	B	C	tiebreak	1000
2026-08-13T14:23:07Z	NULL125	3174	royale	215105	A	C	core_destroyed	179
2026-08-13T14:23:09Z	NULL125	3175	royale	215105	B	C	core_destroyed	260
2026-08-13T14:23:23Z	NULL125	3176	valkyrie	215105	A	C	tiebreak	1000
2026-08-13T14:23:26Z	NULL125	3177	valkyrie	215105	B	T	core_destroyed	132
2026-08-13T14:23:29Z	NULL125	3178	yulerune	215105	A	T	core_destroyed	184
2026-08-13T14:23:31Z	NULL125	3179	yulerune	215105	B	T	core_destroyed	211
2026-08-13T14:23:33Z	NULL125	3180	antler	215106	A	T	core_destroyed	194
2026-08-13T14:23:36Z	NULL125	3181	antler	215106	B	T	core_destroyed	559
2026-08-13T14:23:38Z	NULL125	3182	archipelago	215106	A	C	core_destroyed	93
2026-08-13T14:23:40Z	NULL125	3183	archipelago	215106	B	T	core_destroyed	146
2026-08-13T14:23:43Z	NULL125	3184	auroraveil	215106	A	T	tiebreak	1000
2026-08-13T14:23:49Z	NULL125	3185	auroraveil	215106	B	C	tiebreak	1000
2026-08-13T14:23:52Z	NULL125	3186	drakkarfjord	215106	A	C	core_destroyed	144
2026-08-13T14:23:57Z	NULL125	3187	drakkarfjord	215106	B	T	core_destroyed	346
2026-08-13T14:23:59Z	NULL125	3188	drumlin	215106	A	T	core_destroyed	135
2026-08-13T14:24:02Z	NULL125	3189	drumlin	215106	B	T	core_destroyed	457
2026-08-13T14:24:05Z	NULL125	3190	fjordgate	215106	A	T	core_destroyed	342
2026-08-13T14:24:07Z	NULL125	3191	fjordgate	215106	B	C	core_destroyed	232
2026-08-13T14:24:12Z	NULL125	3192	frostgate	215106	A	C	core_destroyed	698
2026-08-13T14:24:14Z	NULL125	3193	frostgate	215106	B	T	core_destroyed	248
2026-08-13T14:24:17Z	NULL125	3194	glacierkeep	215106	A	C	core_destroyed	253
2026-08-13T14:24:20Z	NULL125	3195	glacierkeep	215106	B	C	core_destroyed	404
2026-08-13T14:24:23Z	NULL125	3196	icefloe	215106	A	T	core_destroyed	289
2026-08-13T14:24:25Z	NULL125	3197	icefloe	215106	B	T	core_destroyed	114
2026-08-13T14:24:28Z	NULL125	3198	midgard	215106	A	T	core_destroyed	120
2026-08-13T14:24:31Z	NULL125	3199	midgard	215106	B	C	core_destroyed	87
2026-08-13T14:24:33Z	NULL125	3200	nordkap	215106	A	C	core_destroyed	390
2026-08-13T14:24:35Z	NULL125	3201	nordkap	215106	B	T	core_destroyed	282
2026-08-13T14:24:38Z	NULL125	3202	ragnarok	215106	A	T	core_destroyed	120
2026-08-13T14:24:41Z	NULL125	3203	ragnarok	215106	B	T	core_destroyed	131
2026-08-13T14:24:44Z	NULL125	3204	royale	215106	A	C	tiebreak	1000
2026-08-13T14:24:46Z	NULL125	3205	royale	215106	B	T	core_destroyed	252
2026-08-13T14:24:48Z	NULL125	3206	valkyrie	215106	A	T	core_destroyed	114
2026-08-13T14:24:50Z	NULL125	3207	valkyrie	215106	B	T	core_destroyed	100
2026-08-13T14:24:54Z	NULL125	3208	yulerune	215106	A	T	core_destroyed	295
2026-08-13T14:24:56Z	NULL125	3209	yulerune	215106	B	T	core_destroyed	210
2026-08-13T14:24:59Z	NULL125	3210	antler	215107	A	T	core_destroyed	414
2026-08-13T14:25:00Z	NULL125	3211	antler	215107	B	C	core_destroyed	106
2026-08-13T14:25:02Z	NULL125	3212	archipelago	215107	A	T	core_destroyed	138
2026-08-13T14:25:05Z	NULL125	3213	archipelago	215107	B	T	core_destroyed	144
2026-08-13T14:25:06Z	NULL125	3214	auroraveil	215107	A	T	core_destroyed	100
2026-08-13T14:25:11Z	NULL125	3215	auroraveil	215107	B	C	core_destroyed	705
2026-08-13T14:25:20Z	NULL125	3216	drakkarfjord	215107	A	C	core_destroyed	487
2026-08-13T14:25:24Z	NULL125	3217	drakkarfjord	215107	B	C	core_destroyed	247
2026-08-13T14:25:27Z	NULL125	3218	drumlin	215107	A	C	core_destroyed	211
2026-08-13T14:25:31Z	NULL125	3219	drumlin	215107	B	C	core_destroyed	342
2026-08-13T14:25:33Z	NULL125	3220	fjordgate	215107	A	T	core_destroyed	132
2026-08-13T14:25:34Z	NULL125	3221	fjordgate	215107	B	T	core_destroyed	369
2026-08-13T14:25:36Z	NULL125	3222	frostgate	215107	A	T	core_destroyed	147
2026-08-13T14:25:38Z	NULL125	3223	frostgate	215107	B	T	core_destroyed	178
2026-08-13T14:25:41Z	NULL125	3224	glacierkeep	215107	A	T	core_destroyed	235
2026-08-13T14:25:56Z	NULL125	3225	glacierkeep	215107	B	C	tiebreak	1000
2026-08-13T14:25:59Z	NULL125	3226	icefloe	215107	A	T	core_destroyed	203
2026-08-13T14:26:01Z	NULL125	3227	icefloe	215107	B	T	core_destroyed	146
2026-08-13T14:26:03Z	NULL125	3228	midgard	215107	A	C	core_destroyed	98
2026-08-13T14:26:06Z	NULL125	3229	midgard	215107	B	C	core_destroyed	109
2026-08-13T14:26:08Z	NULL125	3230	nordkap	215107	A	T	core_destroyed	255
2026-08-13T14:26:10Z	NULL125	3231	nordkap	215107	B	T	core_destroyed	248
2026-08-13T14:26:13Z	NULL125	3232	ragnarok	215107	A	T	core_destroyed	160
2026-08-13T14:26:16Z	NULL125	3233	ragnarok	215107	B	T	core_destroyed	131
2026-08-13T14:26:17Z	NULL125	3234	royale	215107	A	C	core_destroyed	142
2026-08-13T14:26:19Z	NULL125	3235	royale	215107	B	C	core_destroyed	287
2026-08-13T14:26:22Z	NULL125	3236	valkyrie	215107	A	C	core_destroyed	147
2026-08-13T14:26:27Z	NULL125	3237	valkyrie	215107	B	T	core_destroyed	368
2026-08-13T14:26:31Z	NULL125	3238	yulerune	215107	A	T	core_destroyed	277
2026-08-13T14:26:32Z	NULL125	3239	yulerune	215107	B	T	core_destroyed	114
2026-08-13T14:26:34Z	NULL125	3240	antler	215108	A	C	core_destroyed	95
2026-08-13T14:26:35Z	NULL125	3241	antler	215108	B	C	core_destroyed	185
2026-08-13T14:26:40Z	NULL125	3242	archipelago	215108	A	T	core_destroyed	424
2026-08-13T14:26:43Z	NULL125	3243	archipelago	215108	B	T	core_destroyed	122
2026-08-13T14:26:45Z	NULL125	3244	auroraveil	215108	A	T	core_destroyed	132
2026-08-13T14:26:48Z	NULL125	3245	auroraveil	215108	B	T	core_destroyed	325
2026-08-13T14:26:56Z	NULL125	3246	drakkarfjord	215108	A	C	core_destroyed	699
2026-08-13T14:27:03Z	NULL125	3247	drakkarfjord	215108	B	C	core_destroyed	856
2026-08-13T14:27:05Z	NULL125	3248	drumlin	215108	A	T	core_destroyed	134
2026-08-13T14:27:07Z	NULL125	3249	drumlin	215108	B	C	core_destroyed	209
2026-08-13T14:27:08Z	NULL125	3250	fjordgate	215108	A	T	core_destroyed	175
2026-08-13T14:27:09Z	NULL125	3251	fjordgate	215108	B	C	core_destroyed	136
2026-08-13T14:27:11Z	NULL125	3252	frostgate	215108	A	C	core_destroyed	226
2026-08-13T14:27:13Z	NULL125	3253	frostgate	215108	B	T	core_destroyed	112
2026-08-13T14:27:15Z	NULL125	3254	glacierkeep	215108	A	T	core_destroyed	178
2026-08-13T14:27:18Z	NULL125	3255	glacierkeep	215108	B	T	core_destroyed	206
2026-08-13T14:27:19Z	NULL125	3256	icefloe	215108	A	T	core_destroyed	97
2026-08-13T14:27:22Z	NULL125	3257	icefloe	215108	B	C	core_destroyed	142
2026-08-13T14:27:32Z	NULL125	3258	midgard	215108	A	T	core_destroyed	665
2026-08-13T14:27:36Z	NULL125	3259	midgard	215108	B	C	core_destroyed	158
2026-08-13T14:27:38Z	NULL125	3260	nordkap	215108	A	T	core_destroyed	181
2026-08-13T14:27:39Z	NULL125	3261	nordkap	215108	B	C	core_destroyed	129
2026-08-13T14:27:43Z	NULL125	3262	ragnarok	215108	A	C	core_destroyed	203
2026-08-13T14:27:47Z	NULL125	3263	ragnarok	215108	B	C	core_destroyed	135
2026-08-13T14:27:49Z	NULL125	3264	royale	215108	A	T	core_destroyed	226
2026-08-13T14:27:53Z	NULL125	3265	royale	215108	B	C	core_destroyed	503
2026-08-13T14:28:01Z	NULL125	3266	valkyrie	215108	A	T	core_destroyed	781
2026-08-13T14:28:04Z	NULL125	3267	valkyrie	215108	B	C	core_destroyed	94
2026-08-13T14:28:06Z	NULL125	3268	yulerune	215108	A	T	core_destroyed	238
2026-08-13T14:28:11Z	NULL125	3269	yulerune	215108	B	T	core_destroyed	344
2026-08-13T14:28:14Z	NULL125	3270	antler	215109	A	T	core_destroyed	242
2026-08-13T14:28:15Z	NULL125	3271	antler	215109	B	C	core_destroyed	98
2026-08-13T14:28:18Z	NULL125	3272	archipelago	215109	A	T	core_destroyed	324
2026-08-13T14:28:20Z	NULL125	3273	archipelago	215109	B	C	core_destroyed	115
2026-08-13T14:28:22Z	NULL125	3274	auroraveil	215109	A	C	core_destroyed	214
2026-08-13T14:28:29Z	NULL125	3275	auroraveil	215109	B	T	core_destroyed	721
2026-08-13T14:28:32Z	NULL125	3276	drakkarfjord	215109	A	C	core_destroyed	152
2026-08-13T14:28:34Z	NULL125	3277	drakkarfjord	215109	B	T	core_destroyed	169
2026-08-13T14:28:37Z	NULL125	3278	drumlin	215109	A	C	core_destroyed	187
2026-08-13T14:28:38Z	NULL125	3279	drumlin	215109	B	T	core_destroyed	115
2026-08-13T14:28:40Z	NULL125	3280	fjordgate	215109	A	T	tiebreak	1000
2026-08-13T14:28:42Z	NULL125	3281	fjordgate	215109	B	T	core_destroyed	302
2026-08-13T14:28:46Z	NULL125	3282	frostgate	215109	A	C	core_destroyed	203
2026-08-13T14:28:47Z	NULL125	3283	frostgate	215109	B	T	core_destroyed	352
2026-08-13T14:28:58Z	NULL125	3284	glacierkeep	215109	A	T	core_destroyed	814
2026-08-13T14:29:01Z	NULL125	3285	glacierkeep	215109	B	C	core_destroyed	194
2026-08-13T14:29:04Z	NULL125	3286	icefloe	215109	A	T	core_destroyed	212
2026-08-13T14:29:05Z	NULL125	3287	icefloe	215109	B	T	core_destroyed	132
2026-08-13T14:29:09Z	NULL125	3288	midgard	215109	A	T	core_destroyed	184
2026-08-13T14:29:12Z	NULL125	3289	midgard	215109	B	T	core_destroyed	101
2026-08-13T14:29:13Z	NULL125	3290	nordkap	215109	A	T	core_destroyed	101
2026-08-13T14:29:15Z	NULL125	3291	nordkap	215109	B	T	core_destroyed	125
2026-08-13T14:29:20Z	NULL125	3292	ragnarok	215109	A	T	core_destroyed	335
2026-08-13T14:29:22Z	NULL125	3293	ragnarok	215109	B	T	core_destroyed	149
2026-08-13T14:29:23Z	NULL125	3294	royale	215109	A	C	core_destroyed	166
2026-08-13T14:29:27Z	NULL125	3295	royale	215109	B	T	tiebreak	1000
2026-08-13T14:29:29Z	NULL125	3296	valkyrie	215109	A	T	core_destroyed	126
2026-08-13T14:29:43Z	NULL125	3297	valkyrie	215109	B	C	core_destroyed	629
2026-08-13T14:29:46Z	NULL125	3298	yulerune	215109	A	C	core_destroyed	232
2026-08-13T14:29:48Z	NULL125	3299	yulerune	215109	B	T	core_destroyed	325
2026-08-13T14:29:50Z	NULL125	3300	antler	215110	A	C	core_destroyed	191
2026-08-13T14:29:53Z	NULL125	3301	antler	215110	B	T	tiebreak	1000
2026-08-13T14:30:00Z	NULL125	3302	archipelago	215110	A	T	core_destroyed	345
2026-08-13T14:30:02Z	NULL125	3303	archipelago	215110	B	T	core_destroyed	98
2026-08-13T14:30:04Z	NULL125	3304	auroraveil	215110	A	T	core_destroyed	181
2026-08-13T14:30:06Z	NULL125	3305	auroraveil	215110	B	T	core_destroyed	397
2026-08-13T14:30:08Z	NULL125	3306	drakkarfjord	215110	A	C	core_destroyed	107
2026-08-13T14:30:19Z	NULL125	3307	drakkarfjord	215110	B	T	tiebreak	1000
2026-08-13T14:30:20Z	NULL125	3308	drumlin	215110	A	C	core_destroyed	317
2026-08-13T14:30:23Z	NULL125	3309	drumlin	215110	B	T	core_destroyed	807
2026-08-13T14:30:24Z	NULL125	3310	fjordgate	215110	A	C	core_destroyed	150
2026-08-13T14:30:25Z	NULL125	3311	fjordgate	215110	B	C	core_destroyed	112
2026-08-13T14:30:27Z	NULL125	3312	frostgate	215110	A	T	tiebreak	1000
2026-08-13T14:30:28Z	NULL125	3313	frostgate	215110	B	C	core_destroyed	108
2026-08-13T14:30:30Z	NULL125	3314	glacierkeep	215110	A	T	core_destroyed	135
2026-08-13T14:30:32Z	NULL125	3315	glacierkeep	215110	B	T	core_destroyed	292
2026-08-13T14:30:35Z	NULL125	3316	icefloe	215110	A	C	core_destroyed	261
2026-08-13T14:30:37Z	NULL125	3317	icefloe	215110	B	T	core_destroyed	183
2026-08-13T14:30:39Z	NULL125	3318	midgard	215110	A	C	core_destroyed	89
2026-08-13T14:30:46Z	NULL125	3319	midgard	215110	B	C	core_destroyed	350
2026-08-13T14:30:48Z	NULL125	3320	nordkap	215110	A	C	tiebreak	1000
2026-08-13T14:30:50Z	NULL125	3321	nordkap	215110	B	C	core_destroyed	229
2026-08-13T14:30:55Z	NULL125	3322	ragnarok	215110	A	T	core_destroyed	270
2026-08-13T14:30:58Z	NULL125	3323	ragnarok	215110	B	T	core_destroyed	149
2026-08-13T14:30:59Z	NULL125	3324	royale	215110	A	C	core_destroyed	216
2026-08-13T14:31:01Z	NULL125	3325	royale	215110	B	C	tiebreak	1000
2026-08-13T14:31:03Z	NULL125	3326	valkyrie	215110	A	T	core_destroyed	166
2026-08-13T14:31:06Z	NULL125	3327	valkyrie	215110	B	T	core_destroyed	171
2026-08-13T14:31:08Z	NULL125	3328	yulerune	215110	A	T	core_destroyed	240
2026-08-13T14:31:13Z	NULL125	3329	yulerune	215110	B	T	core_destroyed	801
2026-08-13T14:31:14Z	NULL125	3330	antler	215111	A	T	core_destroyed	131
2026-08-13T14:31:15Z	NULL125	3331	antler	215111	B	C	core_destroyed	363
2026-08-13T14:31:17Z	NULL125	3332	archipelago	215111	A	T	core_destroyed	116
2026-08-13T14:31:20Z	NULL125	3333	archipelago	215111	B	C	core_destroyed	206
2026-08-13T14:31:22Z	NULL125	3334	auroraveil	215111	A	C	core_destroyed	152
2026-08-13T14:31:24Z	NULL125	3335	auroraveil	215111	B	C	core_destroyed	163
2026-08-13T14:31:26Z	NULL125	3336	drakkarfjord	215111	A	C	core_destroyed	107
2026-08-13T14:31:28Z	NULL125	3337	drakkarfjord	215111	B	T	core_destroyed	137
2026-08-13T14:31:29Z	NULL125	3338	drumlin	215111	A	T	core_destroyed	101
2026-08-13T14:31:31Z	NULL125	3339	drumlin	215111	B	T	core_destroyed	124
2026-08-13T14:31:33Z	NULL125	3340	fjordgate	215111	A	T	tiebreak	1000
2026-08-13T14:31:34Z	NULL125	3341	fjordgate	215111	B	T	core_destroyed	141
2026-08-13T14:31:36Z	NULL125	3342	frostgate	215111	A	C	core_destroyed	668
2026-08-13T14:31:38Z	NULL125	3343	frostgate	215111	B	T	core_destroyed	195
2026-08-13T14:31:40Z	NULL125	3344	glacierkeep	215111	A	T	core_destroyed	232
2026-08-13T14:31:44Z	NULL125	3345	glacierkeep	215111	B	C	core_destroyed	429
2026-08-13T14:31:47Z	NULL125	3346	icefloe	215111	A	C	core_destroyed	200
2026-08-13T14:31:48Z	NULL125	3347	icefloe	215111	B	T	core_destroyed	126
2026-08-13T14:31:51Z	NULL125	3348	midgard	215111	A	C	core_destroyed	270
2026-08-13T14:31:53Z	NULL125	3349	midgard	215111	B	C	core_destroyed	138
2026-08-13T14:31:55Z	NULL125	3350	nordkap	215111	A	C	core_destroyed	200
2026-08-13T14:31:56Z	NULL125	3351	nordkap	215111	B	T	core_destroyed	102
2026-08-13T14:32:00Z	NULL125	3352	ragnarok	215111	A	C	core_destroyed	209
2026-08-13T14:32:03Z	NULL125	3353	ragnarok	215111	B	C	core_destroyed	121
2026-08-13T14:32:04Z	NULL125	3354	royale	215111	A	C	core_destroyed	213
2026-08-13T14:32:07Z	NULL125	3355	royale	215111	B	C	tiebreak	1000
2026-08-13T14:32:09Z	NULL125	3356	valkyrie	215111	A	C	core_destroyed	165
2026-08-13T14:32:11Z	NULL125	3357	valkyrie	215111	B	T	core_destroyed	129
2026-08-13T14:32:13Z	NULL125	3358	yulerune	215111	A	T	core_destroyed	171
2026-08-13T14:32:17Z	NULL125	3359	yulerune	215111	B	T	core_destroyed	293
2026-08-13T14:32:19Z	NULL125	3360	antler	215112	A	C	core_destroyed	356
2026-08-13T14:32:21Z	NULL125	3361	antler	215112	B	C	core_destroyed	303
2026-08-13T14:32:25Z	NULL125	3362	archipelago	215112	A	T	core_destroyed	317
2026-08-13T14:32:27Z	NULL125	3363	archipelago	215112	B	C	core_destroyed	138
2026-08-13T14:32:28Z	NULL125	3364	auroraveil	215112	A	T	core_destroyed	123
2026-08-13T14:32:31Z	NULL125	3365	auroraveil	215112	B	T	tiebreak	1000
2026-08-13T14:32:33Z	NULL125	3366	drakkarfjord	215112	A	T	core_destroyed	150
2026-08-13T14:32:39Z	NULL125	3367	drakkarfjord	215112	B	C	core_destroyed	354
2026-08-13T14:32:41Z	NULL125	3368	drumlin	215112	A	C	core_destroyed	185
2026-08-13T14:32:43Z	NULL125	3369	drumlin	215112	B	T	core_destroyed	301
2026-08-13T14:32:46Z	NULL125	3370	fjordgate	215112	A	T	core_destroyed	754
2026-08-13T14:32:48Z	NULL125	3371	fjordgate	215112	B	C	tiebreak	1000
2026-08-13T14:32:49Z	NULL125	3372	frostgate	215112	A	C	core_destroyed	166
2026-08-13T14:32:51Z	NULL125	3373	frostgate	215112	B	T	core_destroyed	225
2026-08-13T14:32:53Z	NULL125	3374	glacierkeep	215112	A	T	core_destroyed	149
2026-08-13T14:32:55Z	NULL125	3375	glacierkeep	215112	B	C	core_destroyed	252
2026-08-13T14:32:58Z	NULL125	3376	icefloe	215112	A	T	core_destroyed	329
2026-08-13T14:33:00Z	NULL125	3377	icefloe	215112	B	T	core_destroyed	172
2026-08-13T14:33:02Z	NULL125	3378	midgard	215112	A	C	core_destroyed	90
2026-08-13T14:33:04Z	NULL125	3379	midgard	215112	B	C	core_destroyed	79
2026-08-13T14:33:06Z	NULL125	3380	nordkap	215112	A	C	core_destroyed	177
2026-08-13T14:33:09Z	NULL125	3381	nordkap	215112	B	C	core_destroyed	316
2026-08-13T14:33:23Z	NULL125	3382	ragnarok	215112	A	T	core_destroyed	470
2026-08-13T14:33:26Z	NULL125	3383	ragnarok	215112	B	C	core_destroyed	146
2026-08-13T14:33:27Z	NULL125	3384	royale	215112	A	C	core_destroyed	215
2026-08-13T14:33:28Z	NULL125	3385	royale	215112	B	T	core_destroyed	136
2026-08-13T14:33:53Z	NULL125	3386	valkyrie	215112	A	C	tiebreak	1000
2026-08-13T14:33:55Z	NULL125	3387	valkyrie	215112	B	T	core_destroyed	96
2026-08-13T14:33:56Z	NULL125	3388	yulerune	215112	A	C	core_destroyed	144
2026-08-13T14:33:59Z	NULL125	3389	yulerune	215112	B	T	core_destroyed	196
2026-08-13T14:34:01Z	NULL125	3390	antler	215113	A	T	core_destroyed	241
2026-08-13T14:34:05Z	NULL125	3391	antler	215113	B	C	tiebreak	1000
2026-08-13T14:34:08Z	NULL125	3392	archipelago	215113	A	T	core_destroyed	210
2026-08-13T14:34:10Z	NULL125	3393	archipelago	215113	B	C	core_destroyed	131
2026-08-13T14:34:12Z	NULL125	3394	auroraveil	215113	A	T	core_destroyed	146
2026-08-13T14:34:13Z	NULL125	3395	auroraveil	215113	B	C	core_destroyed	124
2026-08-13T14:34:23Z	NULL125	3396	drakkarfjord	215113	A	T	core_destroyed	775
2026-08-13T14:34:39Z	NULL125	3397	drakkarfjord	215113	B	T	core_destroyed	889
2026-08-13T14:34:40Z	NULL125	3398	drumlin	215113	A	T	core_destroyed	137
2026-08-13T14:34:51Z	NULL125	3399	drumlin	215113	B	C	core_destroyed	673
2026-08-13T14:34:52Z	NULL125	3400	fjordgate	215113	A	C	core_destroyed	193
2026-08-13T14:34:53Z	NULL125	3401	fjordgate	215113	B	C	core_destroyed	104
2026-08-13T14:34:56Z	NULL125	3402	frostgate	215113	A	T	tiebreak	1000
2026-08-13T14:34:57Z	NULL125	3403	frostgate	215113	B	T	core_destroyed	273
2026-08-13T14:34:59Z	NULL125	3404	glacierkeep	215113	A	C	core_destroyed	528
2026-08-13T14:35:03Z	NULL125	3405	glacierkeep	215113	B	C	core_destroyed	263
2026-08-13T14:35:10Z	NULL125	3406	icefloe	215113	A	T	tiebreak	1000
2026-08-13T14:35:12Z	NULL125	3407	icefloe	215113	B	T	core_destroyed	130
2026-08-13T14:35:14Z	NULL125	3408	midgard	215113	A	T	core_destroyed	147
2026-08-13T14:35:16Z	NULL125	3409	midgard	215113	B	C	core_destroyed	159
2026-08-13T14:35:19Z	NULL125	3410	nordkap	215113	A	T	tiebreak	1000
2026-08-13T14:35:21Z	NULL125	3411	nordkap	215113	B	C	core_destroyed	170
2026-08-13T14:35:23Z	NULL125	3412	ragnarok	215113	A	T	core_destroyed	102
2026-08-13T14:36:19Z	NULL125	3413	ragnarok	215113	B	T	tiebreak	1000
2026-08-13T14:36:21Z	NULL125	3414	royale	215113	A	T	tiebreak	1000
2026-08-13T14:36:22Z	NULL125	3415	royale	215113	B	T	core_destroyed	396
2026-08-13T14:36:23Z	NULL125	3416	valkyrie	215113	A	C	core_destroyed	72
2026-08-13T14:36:33Z	NULL125	3417	valkyrie	215113	B	C	tiebreak	1000
2026-08-13T14:36:35Z	NULL125	3418	yulerune	215113	A	C	core_destroyed	228
2026-08-13T14:36:39Z	NULL125	3419	yulerune	215113	B	T	core_destroyed	321
2026-08-13T14:36:42Z	NULL125	3420	antler	215114	A	C	core_destroyed	589
2026-08-13T14:36:43Z	NULL125	3421	antler	215114	B	T	core_destroyed	95
2026-08-13T14:36:45Z	NULL125	3422	archipelago	215114	A	T	core_destroyed	127
2026-08-13T14:36:47Z	NULL125	3423	archipelago	215114	B	T	core_destroyed	97
2026-08-13T14:36:48Z	NULL125	3424	auroraveil	215114	A	C	core_destroyed	173
2026-08-13T14:36:50Z	NULL125	3425	auroraveil	215114	B	T	core_destroyed	159
2026-08-13T14:36:52Z	NULL125	3426	drakkarfjord	215114	A	C	core_destroyed	137
2026-08-13T14:36:58Z	NULL125	3427	drakkarfjord	215114	B	T	core_destroyed	312
2026-08-13T14:37:00Z	NULL125	3428	drumlin	215114	A	T	core_destroyed	212
2026-08-13T14:37:02Z	NULL125	3429	drumlin	215114	B	C	core_destroyed	251
2026-08-13T14:37:03Z	NULL125	3430	fjordgate	215114	A	T	core_destroyed	255
2026-08-13T14:37:04Z	NULL125	3431	fjordgate	215114	B	C	core_destroyed	308
2026-08-13T14:37:06Z	NULL125	3432	frostgate	215114	A	C	core_destroyed	264
2026-08-13T14:37:07Z	NULL125	3433	frostgate	215114	B	C	core_destroyed	125
2026-08-13T14:37:09Z	NULL125	3434	glacierkeep	215114	A	T	core_destroyed	142
2026-08-13T14:37:13Z	NULL125	3435	glacierkeep	215114	B	C	core_destroyed	504
2026-08-13T14:37:15Z	NULL125	3436	icefloe	215114	A	T	core_destroyed	202
2026-08-13T14:37:17Z	NULL125	3437	icefloe	215114	B	C	core_destroyed	199
2026-08-13T14:37:19Z	NULL125	3438	midgard	215114	A	T	core_destroyed	133
2026-08-13T14:37:23Z	NULL125	3439	midgard	215114	B	T	core_destroyed	194
2026-08-13T14:37:25Z	NULL125	3440	nordkap	215114	A	C	core_destroyed	181
2026-08-13T14:37:27Z	NULL125	3441	nordkap	215114	B	C	tiebreak	1000
2026-08-13T14:38:12Z	NULL125	3442	ragnarok	215114	A	T	tiebreak	1000
2026-08-13T14:38:14Z	NULL125	3443	ragnarok	215114	B	C	core_destroyed	126
2026-08-13T14:38:16Z	NULL125	3444	royale	215114	A	C	core_destroyed	140
2026-08-13T14:38:18Z	NULL125	3445	royale	215114	B	T	tiebreak	1000
2026-08-13T14:38:20Z	NULL125	3446	valkyrie	215114	A	C	core_destroyed	283
2026-08-13T14:38:23Z	NULL125	3447	valkyrie	215114	B	T	core_destroyed	133
2026-08-13T14:38:25Z	NULL125	3448	yulerune	215114	A	T	core_destroyed	225
2026-08-13T14:38:27Z	NULL125	3449	yulerune	215114	B	T	core_destroyed	288
2026-08-13T14:38:30Z	NULL125	3450	antler	215115	A	T	tiebreak	1000
2026-08-13T14:38:31Z	NULL125	3451	antler	215115	B	C	core_destroyed	305
2026-08-13T14:38:33Z	NULL125	3452	archipelago	215115	A	C	core_destroyed	78
2026-08-13T14:38:35Z	NULL125	3453	archipelago	215115	B	C	core_destroyed	127
2026-08-13T14:38:37Z	NULL125	3454	auroraveil	215115	A	T	core_destroyed	297
2026-08-13T14:38:38Z	NULL125	3455	auroraveil	215115	B	T	core_destroyed	247
2026-08-13T14:38:45Z	NULL125	3456	drakkarfjord	215115	A	C	core_destroyed	542
2026-08-13T14:38:53Z	NULL125	3457	drakkarfjord	215115	B	T	core_destroyed	405
2026-08-13T14:38:54Z	NULL125	3458	drumlin	215115	A	C	core_destroyed	219
2026-08-13T14:38:56Z	NULL125	3459	drumlin	215115	B	C	core_destroyed	156
2026-08-13T14:38:57Z	NULL125	3460	fjordgate	215115	A	T	core_destroyed	155
2026-08-13T14:38:59Z	NULL125	3461	fjordgate	215115	B	C	tiebreak	1000
2026-08-13T14:39:01Z	NULL125	3462	frostgate	215115	A	C	core_destroyed	313
2026-08-13T14:39:02Z	NULL125	3463	frostgate	215115	B	C	core_destroyed	224
2026-08-13T14:39:04Z	NULL125	3464	glacierkeep	215115	A	T	core_destroyed	121
2026-08-13T14:39:15Z	NULL125	3465	glacierkeep	215115	B	C	tiebreak	1000
2026-08-13T14:39:18Z	NULL125	3466	icefloe	215115	A	T	core_destroyed	314
2026-08-13T14:39:20Z	NULL125	3467	icefloe	215115	B	T	core_destroyed	289
2026-08-13T14:39:22Z	NULL125	3468	midgard	215115	A	T	core_destroyed	135
2026-08-13T14:39:25Z	NULL125	3469	midgard	215115	B	C	core_destroyed	103
2026-08-13T14:39:29Z	NULL125	3470	nordkap	215115	A	C	core_destroyed	669
2026-08-13T14:39:31Z	NULL125	3471	nordkap	215115	B	T	core_destroyed	182
2026-08-13T14:39:33Z	NULL125	3472	ragnarok	215115	A	T	core_destroyed	152
2026-08-13T14:39:37Z	NULL125	3473	ragnarok	215115	B	C	core_destroyed	259
2026-08-13T14:39:38Z	NULL125	3474	royale	215115	A	C	core_destroyed	237
2026-08-13T14:39:39Z	NULL125	3475	royale	215115	B	T	core_destroyed	133
2026-08-13T14:39:42Z	NULL125	3476	valkyrie	215115	A	C	core_destroyed	204
2026-08-13T14:39:44Z	NULL125	3477	valkyrie	215115	B	T	core_destroyed	124
2026-08-13T14:39:47Z	NULL125	3478	yulerune	215115	A	T	core_destroyed	207
2026-08-13T14:39:49Z	NULL125	3479	yulerune	215115	B	T	core_destroyed	171
2026-08-13T14:39:51Z	NULL125	3480	antler	215116	A	C	core_destroyed	187
2026-08-13T14:39:53Z	NULL125	3481	antler	215116	B	T	core_destroyed	319
2026-08-13T14:39:55Z	NULL125	3482	archipelago	215116	A	T	core_destroyed	175
2026-08-13T14:39:56Z	NULL125	3483	archipelago	215116	B	T	core_destroyed	97
2026-08-13T14:40:03Z	NULL125	3484	auroraveil	215116	A	C	tiebreak	1000
2026-08-13T14:40:06Z	NULL125	3485	auroraveil	215116	B	C	core_destroyed	449
2026-08-13T14:40:10Z	NULL125	3486	drakkarfjord	215116	A	C	core_destroyed	216
2026-08-13T14:40:18Z	NULL125	3487	drakkarfjord	215116	B	T	core_destroyed	679
2026-08-13T14:40:30Z	NULL125	3488	drumlin	215116	A	T	tiebreak	1000
2026-08-13T14:40:33Z	NULL125	3489	drumlin	215116	B	C	core_destroyed	250
2026-08-13T14:40:35Z	NULL125	3490	fjordgate	215116	A	C	core_destroyed	412
2026-08-13T14:40:37Z	NULL125	3491	fjordgate	215116	B	C	core_destroyed	937
2026-08-13T14:40:40Z	NULL125	3492	frostgate	215116	A	C	core_destroyed	333
2026-08-13T14:40:42Z	NULL125	3493	frostgate	215116	B	T	core_destroyed	522
2026-08-13T14:40:45Z	NULL125	3494	glacierkeep	215116	A	T	core_destroyed	270
2026-08-13T14:40:48Z	NULL125	3495	glacierkeep	215116	B	C	core_destroyed	285
2026-08-13T14:40:50Z	NULL125	3496	icefloe	215116	A	T	core_destroyed	156
2026-08-13T14:40:52Z	NULL125	3497	icefloe	215116	B	C	core_destroyed	235
2026-08-13T14:40:55Z	NULL125	3498	midgard	215116	A	T	core_destroyed	115
2026-08-13T14:40:57Z	NULL125	3499	midgard	215116	B	C	core_destroyed	94
2026-08-13T14:40:58Z	NULL125	3500	nordkap	215116	A	T	core_destroyed	346
2026-08-13T14:41:01Z	NULL125	3501	nordkap	215116	B	C	core_destroyed	234
2026-08-13T14:41:03Z	NULL125	3502	ragnarok	215116	A	T	core_destroyed	117
2026-08-13T14:41:06Z	NULL125	3503	ragnarok	215116	B	C	core_destroyed	135
2026-08-13T14:41:09Z	NULL125	3504	royale	215116	A	T	core_destroyed	529
2026-08-13T14:41:10Z	NULL125	3505	royale	215116	B	C	core_destroyed	259
2026-08-13T14:41:13Z	NULL125	3506	valkyrie	215116	A	C	core_destroyed	403
2026-08-13T14:41:21Z	NULL125	3507	valkyrie	215116	B	C	tiebreak	1000
2026-08-13T14:41:24Z	NULL125	3508	yulerune	215116	A	T	tiebreak	1000
2026-08-13T14:41:27Z	NULL125	3509	yulerune	215116	B	T	core_destroyed	208
2026-08-13T14:41:28Z	NULL125	3510	antler	215117	A	C	core_destroyed	137
2026-08-13T14:41:30Z	NULL125	3511	antler	215117	B	C	core_destroyed	457
2026-08-13T14:41:32Z	NULL125	3512	archipelago	215117	A	T	core_destroyed	134
2026-08-13T14:41:37Z	NULL125	3513	archipelago	215117	B	C	core_destroyed	278
2026-08-13T14:41:39Z	NULL125	3514	auroraveil	215117	A	C	core_destroyed	481
2026-08-13T14:41:43Z	NULL125	3515	auroraveil	215117	B	C	core_destroyed	384
2026-08-13T14:41:49Z	NULL125	3516	drakkarfjord	215117	A	C	core_destroyed	424
2026-08-13T14:42:00Z	NULL125	3517	drakkarfjord	215117	B	T	core_destroyed	599
2026-08-13T14:42:05Z	NULL125	3518	drumlin	215117	A	T	core_destroyed	467
2026-08-13T14:42:06Z	NULL125	3519	drumlin	215117	B	C	core_destroyed	113
2026-08-13T14:42:07Z	NULL125	3520	fjordgate	215117	A	T	core_destroyed	168
2026-08-13T14:42:08Z	NULL125	3521	fjordgate	215117	B	C	core_destroyed	114
2026-08-13T14:42:10Z	NULL125	3522	frostgate	215117	A	T	core_destroyed	195
2026-08-13T14:42:12Z	NULL125	3523	frostgate	215117	B	C	core_destroyed	245
2026-08-13T14:42:15Z	NULL125	3524	glacierkeep	215117	A	T	core_destroyed	189
2026-08-13T14:42:17Z	NULL125	3525	glacierkeep	215117	B	C	core_destroyed	225
2026-08-13T14:42:19Z	NULL125	3526	icefloe	215117	A	T	core_destroyed	240
2026-08-13T14:42:23Z	NULL125	3527	icefloe	215117	B	C	core_destroyed	378
2026-08-13T14:42:25Z	NULL125	3528	midgard	215117	A	C	core_destroyed	80
2026-08-13T14:42:28Z	NULL125	3529	midgard	215117	B	T	core_destroyed	128
2026-08-13T14:42:29Z	NULL125	3530	nordkap	215117	A	C	core_destroyed	139
2026-08-13T14:42:31Z	NULL125	3531	nordkap	215117	B	C	tiebreak	1000
2026-08-13T14:42:33Z	NULL125	3532	ragnarok	215117	A	T	core_destroyed	183
2026-08-13T14:43:32Z	NULL125	3533	ragnarok	215117	B	C	tiebreak	1000
2026-08-13T14:43:34Z	NULL125	3534	royale	215117	A	C	tiebreak	1000
2026-08-13T14:43:35Z	NULL125	3535	royale	215117	B	T	core_destroyed	202
2026-08-13T14:43:47Z	NULL125	3536	valkyrie	215117	A	T	tiebreak	1000
2026-08-13T14:43:50Z	NULL125	3537	valkyrie	215117	B	T	core_destroyed	147
2026-08-13T14:43:54Z	NULL125	3538	yulerune	215117	A	C	core_destroyed	420
2026-08-13T14:43:56Z	NULL125	3539	yulerune	215117	B	C	core_destroyed	176
2026-08-13T14:43:57Z	NULL125	3540	antler	215118	A	C	core_destroyed	153
2026-08-13T14:43:59Z	NULL125	3541	antler	215118	B	C	core_destroyed	292
2026-08-13T14:44:01Z	NULL125	3542	archipelago	215118	A	C	core_destroyed	126
2026-08-13T14:44:05Z	NULL125	3543	archipelago	215118	B	T	core_destroyed	384
2026-08-13T14:44:07Z	NULL125	3544	auroraveil	215118	A	T	core_destroyed	104
2026-08-13T14:44:10Z	NULL125	3545	auroraveil	215118	B	T	core_destroyed	421
2026-08-13T14:44:28Z	NULL125	3546	drakkarfjord	215118	A	T	tiebreak	1000
2026-08-13T14:44:30Z	NULL125	3547	drakkarfjord	215118	B	C	core_destroyed	160
2026-08-13T14:44:32Z	NULL125	3548	drumlin	215118	A	C	core_destroyed	170
2026-08-13T14:44:42Z	NULL125	3549	drumlin	215118	B	C	core_destroyed	657
2026-08-13T14:44:44Z	NULL125	3550	fjordgate	215118	A	C	core_destroyed	246
2026-08-13T14:44:45Z	NULL125	3551	fjordgate	215118	B	C	core_destroyed	185
2026-08-13T14:44:46Z	NULL125	3552	frostgate	215118	A	C	core_destroyed	149
2026-08-13T14:44:48Z	NULL125	3553	frostgate	215118	B	C	core_destroyed	280
2026-08-13T14:44:50Z	NULL125	3554	glacierkeep	215118	A	T	core_destroyed	268
2026-08-13T14:44:52Z	NULL125	3555	glacierkeep	215118	B	C	core_destroyed	185
2026-08-13T14:44:54Z	NULL125	3556	icefloe	215118	A	T	core_destroyed	176
2026-08-13T14:44:58Z	NULL125	3557	icefloe	215118	B	T	core_destroyed	405
2026-08-13T14:45:01Z	NULL125	3558	midgard	215118	A	T	core_destroyed	120
2026-08-13T14:45:03Z	NULL125	3559	midgard	215118	B	C	core_destroyed	80
2026-08-13T14:45:05Z	NULL125	3560	nordkap	215118	A	C	tiebreak	1000
2026-08-13T14:45:07Z	NULL125	3561	nordkap	215118	B	C	core_destroyed	165
2026-08-13T14:45:10Z	NULL125	3562	ragnarok	215118	A	C	core_destroyed	136
2026-08-13T14:45:12Z	NULL125	3563	ragnarok	215118	B	C	core_destroyed	119
2026-08-13T14:45:14Z	NULL125	3564	royale	215118	A	C	core_destroyed	239
2026-08-13T14:45:16Z	NULL125	3565	royale	215118	B	C	tiebreak	1000
2026-08-13T14:45:20Z	NULL125	3566	valkyrie	215118	A	C	core_destroyed	237
2026-08-13T14:45:25Z	NULL125	3567	valkyrie	215118	B	T	core_destroyed	286
2026-08-13T14:45:27Z	NULL125	3568	yulerune	215118	A	C	tiebreak	1000
2026-08-13T14:45:28Z	NULL125	3569	yulerune	215118	B	C	core_destroyed	150
2026-08-13T14:45:30Z	NULL125	3570	antler	215119	A	T	core_destroyed	500
2026-08-13T14:45:32Z	NULL125	3571	antler	215119	B	C	core_destroyed	530
2026-08-13T14:45:34Z	NULL125	3572	archipelago	215119	A	T	core_destroyed	238
2026-08-13T14:45:38Z	NULL125	3573	archipelago	215119	B	C	core_destroyed	176
2026-08-13T14:45:40Z	NULL125	3574	auroraveil	215119	A	T	core_destroyed	149
2026-08-13T14:45:41Z	NULL125	3575	auroraveil	215119	B	T	core_destroyed	329
2026-08-13T14:45:45Z	NULL125	3576	drakkarfjord	215119	A	C	core_destroyed	342
2026-08-13T14:45:54Z	NULL125	3577	drakkarfjord	215119	B	T	tiebreak	1000
2026-08-13T14:45:55Z	NULL125	3578	drumlin	215119	A	T	core_destroyed	213
2026-08-13T14:45:57Z	NULL125	3579	drumlin	215119	B	C	core_destroyed	288
2026-08-13T14:45:59Z	NULL125	3580	fjordgate	215119	A	T	core_destroyed	337
2026-08-13T14:46:00Z	NULL125	3581	fjordgate	215119	B	C	core_destroyed	149
2026-08-13T14:46:02Z	NULL125	3582	frostgate	215119	A	T	core_destroyed	172
2026-08-13T14:46:04Z	NULL125	3583	frostgate	215119	B	C	core_destroyed	165
2026-08-13T14:46:12Z	NULL125	3584	glacierkeep	215119	A	T	core_destroyed	617
2026-08-13T14:46:14Z	NULL125	3585	glacierkeep	215119	B	C	core_destroyed	240
2026-08-13T14:46:17Z	NULL125	3586	icefloe	215119	A	T	core_destroyed	272
2026-08-13T14:46:20Z	NULL125	3587	icefloe	215119	B	T	core_destroyed	272
2026-08-13T14:46:24Z	NULL125	3588	midgard	215119	A	T	core_destroyed	332
2026-08-13T14:46:27Z	NULL125	3589	midgard	215119	B	T	core_destroyed	182
2026-08-13T14:46:28Z	NULL125	3590	nordkap	215119	A	C	core_destroyed	157
2026-08-13T14:46:31Z	NULL125	3591	nordkap	215119	B	T	tiebreak	1000
2026-08-13T14:46:33Z	NULL125	3592	ragnarok	215119	A	C	core_destroyed	148
2026-08-13T14:46:36Z	NULL125	3593	ragnarok	215119	B	C	core_destroyed	171
2026-08-13T14:46:38Z	NULL125	3594	royale	215119	A	T	tiebreak	1000
2026-08-13T14:46:39Z	NULL125	3595	royale	215119	B	T	core_destroyed	193
2026-08-13T14:46:42Z	NULL125	3596	valkyrie	215119	A	C	core_destroyed	124
2026-08-13T14:46:49Z	NULL125	3597	valkyrie	215119	B	T	core_destroyed	336
2026-08-13T14:46:51Z	NULL125	3598	yulerune	215119	A	T	core_destroyed	153
2026-08-13T14:46:53Z	NULL125	3599	yulerune	215119	B	C	core_destroyed	252
2026-08-13T14:46:55Z	NULL125	3600	antler	215120	A	T	core_destroyed	128
2026-08-13T14:46:56Z	NULL125	3601	antler	215120	B	C	core_destroyed	177
2026-08-13T14:47:00Z	NULL125	3602	archipelago	215120	A	C	core_destroyed	520
2026-08-13T14:47:03Z	NULL125	3603	archipelago	215120	B	T	core_destroyed	171
2026-08-13T14:47:06Z	NULL125	3604	auroraveil	215120	A	T	tiebreak	1000
2026-08-13T14:47:08Z	NULL125	3605	auroraveil	215120	B	C	core_destroyed	156
2026-08-13T14:47:12Z	NULL125	3606	drakkarfjord	215120	A	C	core_destroyed	301
2026-08-13T14:47:18Z	NULL125	3607	drakkarfjord	215120	B	C	core_destroyed	471
2026-08-13T14:47:19Z	NULL125	3608	drumlin	215120	A	C	core_destroyed	98
2026-08-13T14:47:22Z	NULL125	3609	drumlin	215120	B	C	core_destroyed	191
2026-08-13T14:47:23Z	NULL125	3610	fjordgate	215120	A	T	core_destroyed	221
2026-08-13T14:47:24Z	NULL125	3611	fjordgate	215120	B	T	core_destroyed	157
2026-08-13T14:47:26Z	NULL125	3612	frostgate	215120	A	T	core_destroyed	213
2026-08-13T14:47:27Z	NULL125	3613	frostgate	215120	B	T	core_destroyed	214
2026-08-13T14:47:33Z	NULL125	3614	glacierkeep	215120	A	C	core_destroyed	812
2026-08-13T14:47:35Z	NULL125	3615	glacierkeep	215120	B	C	core_destroyed	162
2026-08-13T14:47:38Z	NULL125	3616	icefloe	215120	A	C	core_destroyed	206
2026-08-13T14:47:39Z	NULL125	3617	icefloe	215120	B	C	core_destroyed	141
2026-08-13T14:47:41Z	NULL125	3618	midgard	215120	A	C	core_destroyed	122
2026-08-13T14:47:44Z	NULL125	3619	midgard	215120	B	T	core_destroyed	110
2026-08-13T14:47:45Z	NULL125	3620	nordkap	215120	A	T	core_destroyed	193
2026-08-13T14:47:47Z	NULL125	3621	nordkap	215120	B	C	core_destroyed	126
2026-08-13T14:47:50Z	NULL125	3622	ragnarok	215120	A	T	core_destroyed	199
2026-08-13T14:47:52Z	NULL125	3623	ragnarok	215120	B	C	core_destroyed	122
2026-08-13T14:47:53Z	NULL125	3624	royale	215120	A	C	core_destroyed	116
2026-08-13T14:47:55Z	NULL125	3625	royale	215120	B	C	tiebreak	1000
2026-08-13T14:47:57Z	NULL125	3626	valkyrie	215120	A	C	core_destroyed	97
2026-08-13T14:47:59Z	NULL125	3627	valkyrie	215120	B	T	core_destroyed	107
2026-08-13T14:48:02Z	NULL125	3628	yulerune	215120	A	T	core_destroyed	312
2026-08-13T14:48:04Z	NULL125	3629	yulerune	215120	B	T	core_destroyed	152
2026-08-13T14:48:05Z	NULL125	3630	antler	215121	A	T	core_destroyed	143
2026-08-13T14:48:08Z	NULL125	3631	antler	215121	B	T	tiebreak	1000
2026-08-13T14:48:10Z	NULL125	3632	archipelago	215121	A	C	core_destroyed	131
2026-08-13T14:48:12Z	NULL125	3633	archipelago	215121	B	C	core_destroyed	118
2026-08-13T14:48:18Z	NULL125	3634	auroraveil	215121	A	C	core_destroyed	765
2026-08-13T14:48:21Z	NULL125	3635	auroraveil	215121	B	C	core_destroyed	509
2026-08-13T14:48:26Z	NULL125	3636	drakkarfjord	215121	A	C	core_destroyed	492
2026-08-13T14:48:30Z	NULL125	3637	drakkarfjord	215121	B	C	core_destroyed	345
2026-08-13T14:48:34Z	NULL125	3638	drumlin	215121	A	T	core_destroyed	362
2026-08-13T14:48:37Z	NULL125	3639	drumlin	215121	B	T	core_destroyed	324
2026-08-13T14:48:38Z	NULL125	3640	fjordgate	215121	A	T	core_destroyed	203
2026-08-13T14:48:40Z	NULL125	3641	fjordgate	215121	B	T	core_destroyed	207
2026-08-13T14:48:42Z	NULL125	3642	frostgate	215121	A	T	tiebreak	1000
2026-08-13T14:48:43Z	NULL125	3643	frostgate	215121	B	T	core_destroyed	161
2026-08-13T14:48:45Z	NULL125	3644	glacierkeep	215121	A	T	core_destroyed	186
2026-08-13T14:48:47Z	NULL125	3645	glacierkeep	215121	B	T	core_destroyed	311
2026-08-13T14:48:49Z	NULL125	3646	icefloe	215121	A	C	core_destroyed	134
2026-08-13T14:48:51Z	NULL125	3647	icefloe	215121	B	C	core_destroyed	246
2026-08-13T14:48:53Z	NULL125	3648	midgard	215121	A	C	core_destroyed	79
2026-08-13T14:48:59Z	NULL125	3649	midgard	215121	B	T	core_destroyed	279
2026-08-13T14:49:01Z	NULL125	3650	nordkap	215121	A	T	core_destroyed	130
2026-08-13T14:49:03Z	NULL125	3651	nordkap	215121	B	C	core_destroyed	279
2026-08-13T14:49:05Z	NULL125	3652	ragnarok	215121	A	T	core_destroyed	131
2026-08-13T14:49:09Z	NULL125	3653	ragnarok	215121	B	T	core_destroyed	230
2026-08-13T14:49:11Z	NULL125	3654	royale	215121	A	C	core_destroyed	175
2026-08-13T14:49:12Z	NULL125	3655	royale	215121	B	T	core_destroyed	129
2026-08-13T14:49:15Z	NULL125	3656	valkyrie	215121	A	T	core_destroyed	158
2026-08-13T14:49:20Z	NULL125	3657	valkyrie	215121	B	T	core_destroyed	291
2026-08-13T14:49:21Z	NULL125	3658	yulerune	215121	A	C	core_destroyed	125
2026-08-13T14:49:24Z	NULL125	3659	yulerune	215121	B	T	core_destroyed	222
2026-08-13T14:49:26Z	NULL125	3660	antler	215122	A	C	core_destroyed	491
2026-08-13T14:49:30Z	NULL125	3661	antler	215122	B	T	core_destroyed	612
2026-08-13T14:49:34Z	NULL125	3662	archipelago	215122	A	T	core_destroyed	242
2026-08-13T14:49:37Z	NULL125	3663	archipelago	215122	B	C	core_destroyed	164
2026-08-13T14:49:38Z	NULL125	3664	auroraveil	215122	A	C	core_destroyed	173
2026-08-13T14:49:41Z	NULL125	3665	auroraveil	215122	B	T	tiebreak	1000
2026-08-13T14:49:55Z	NULL125	3666	drakkarfjord	215122	A	T	core_destroyed	833
2026-08-13T14:49:59Z	NULL125	3667	drakkarfjord	215122	B	C	core_destroyed	699
2026-08-13T14:50:02Z	NULL125	3668	drumlin	215122	A	C	core_destroyed	232
2026-08-13T14:50:05Z	NULL125	3669	drumlin	215122	B	C	core_destroyed	379
2026-08-13T14:50:08Z	NULL125	3670	fjordgate	215122	A	C	tiebreak	1000
2026-08-13T14:50:09Z	NULL125	3671	fjordgate	215122	B	T	core_destroyed	185
2026-08-13T14:50:13Z	NULL125	3672	frostgate	215122	A	C	core_destroyed	676
2026-08-13T14:50:15Z	NULL125	3673	frostgate	215122	B	T	core_destroyed	501
2026-08-13T14:50:21Z	NULL125	3674	glacierkeep	215122	A	C	core_destroyed	725
2026-08-13T14:50:29Z	NULL125	3675	glacierkeep	215122	B	T	core_destroyed	703
2026-08-13T14:50:32Z	NULL125	3676	icefloe	215122	A	C	core_destroyed	294
2026-08-13T14:50:34Z	NULL125	3677	icefloe	215122	B	T	core_destroyed	203
2026-08-13T14:50:36Z	NULL125	3678	midgard	215122	A	C	core_destroyed	124
2026-08-13T14:50:40Z	NULL125	3679	midgard	215122	B	C	core_destroyed	155
2026-08-13T14:50:41Z	NULL125	3680	nordkap	215122	A	T	core_destroyed	135
2026-08-13T14:50:43Z	NULL125	3681	nordkap	215122	B	T	tiebreak	1000
2026-08-13T14:50:46Z	NULL125	3682	ragnarok	215122	A	C	core_destroyed	159
2026-08-13T14:50:48Z	NULL125	3683	ragnarok	215122	B	C	core_destroyed	94
2026-08-13T14:50:51Z	NULL125	3684	royale	215122	A	T	tiebreak	1000
2026-08-13T14:50:52Z	NULL125	3685	royale	215122	B	C	core_destroyed	89
2026-08-13T14:50:56Z	NULL125	3686	valkyrie	215122	A	C	core_destroyed	347
2026-08-13T14:50:58Z	NULL125	3687	valkyrie	215122	B	C	core_destroyed	129
2026-08-13T14:50:59Z	NULL125	3688	yulerune	215122	A	T	core_destroyed	116
2026-08-13T14:51:00Z	NULL125	3689	yulerune	215122	B	C	core_destroyed	192
2026-08-13T14:51:03Z	NULL125	3690	antler	215123	A	C	core_destroyed	656
2026-08-13T14:51:05Z	NULL125	3691	antler	215123	B	T	core_destroyed	272
2026-08-13T14:51:07Z	NULL125	3692	archipelago	215123	A	T	core_destroyed	130
2026-08-13T14:51:09Z	NULL125	3693	archipelago	215123	B	C	core_destroyed	118
2026-08-13T14:51:11Z	NULL125	3694	auroraveil	215123	A	T	core_destroyed	130
2026-08-13T14:51:12Z	NULL125	3695	auroraveil	215123	B	C	core_destroyed	77
2026-08-13T14:51:16Z	NULL125	3696	drakkarfjord	215123	A	T	core_destroyed	330
2026-08-13T14:51:28Z	NULL125	3697	drakkarfjord	215123	B	T	core_destroyed	897
2026-08-13T14:51:33Z	NULL125	3698	drumlin	215123	A	T	core_destroyed	266
2026-08-13T14:51:36Z	NULL125	3699	drumlin	215123	B	C	core_destroyed	212
2026-08-13T14:51:37Z	NULL125	3700	fjordgate	215123	A	T	core_destroyed	121
2026-08-13T14:51:39Z	NULL125	3701	fjordgate	215123	B	T	core_destroyed	323
2026-08-13T14:51:40Z	NULL125	3702	frostgate	215123	A	T	core_destroyed	174
2026-08-13T14:51:41Z	NULL125	3703	frostgate	215123	B	C	core_destroyed	101
2026-08-13T14:51:43Z	NULL125	3704	glacierkeep	215123	A	T	core_destroyed	272
2026-08-13T14:51:45Z	NULL125	3705	glacierkeep	215123	B	C	core_destroyed	133
2026-08-13T14:51:46Z	NULL125	3706	icefloe	215123	A	T	core_destroyed	89
2026-08-13T14:51:50Z	NULL125	3707	icefloe	215123	B	T	core_destroyed	414
2026-08-13T14:51:53Z	NULL125	3708	midgard	215123	A	T	core_destroyed	170
2026-08-13T14:51:55Z	NULL125	3709	midgard	215123	B	C	core_destroyed	112
2026-08-13T14:51:57Z	NULL125	3710	nordkap	215123	A	T	core_destroyed	213
2026-08-13T14:52:02Z	NULL125	3711	nordkap	215123	B	T	core_destroyed	866
2026-08-13T14:52:04Z	NULL125	3712	ragnarok	215123	A	T	core_destroyed	146
2026-08-13T14:52:07Z	NULL125	3713	ragnarok	215123	B	T	core_destroyed	163
2026-08-13T14:52:08Z	NULL125	3714	royale	215123	A	C	core_destroyed	152
2026-08-13T14:52:10Z	NULL125	3715	royale	215123	B	C	core_destroyed	935
2026-08-13T14:52:13Z	NULL125	3716	valkyrie	215123	A	C	core_destroyed	196
2026-08-13T14:52:17Z	NULL125	3717	valkyrie	215123	B	C	core_destroyed	286
2026-08-13T14:52:19Z	NULL125	3718	yulerune	215123	A	C	core_destroyed	234
2026-08-13T14:52:22Z	NULL125	3719	yulerune	215123	B	T	core_destroyed	355
2026-08-13T14:52:23Z	NULL125	3720	antler	215124	A	C	core_destroyed	152
2026-08-13T14:52:26Z	NULL125	3721	antler	215124	B	T	core_destroyed	338
2026-08-13T14:52:28Z	NULL125	3722	archipelago	215124	A	T	core_destroyed	115
2026-08-13T14:52:30Z	NULL125	3723	archipelago	215124	B	T	core_destroyed	146
2026-08-13T14:52:32Z	NULL125	3724	auroraveil	215124	A	T	core_destroyed	221
2026-08-13T14:52:34Z	NULL125	3725	auroraveil	215124	B	T	core_destroyed	329
2026-08-13T14:52:37Z	NULL125	3726	drakkarfjord	215124	A	C	core_destroyed	184
2026-08-13T14:52:45Z	NULL125	3727	drakkarfjord	215124	B	C	core_destroyed	498
2026-08-13T14:52:50Z	NULL125	3728	drumlin	215124	A	C	core_destroyed	444
2026-08-13T14:52:52Z	NULL125	3729	drumlin	215124	B	C	core_destroyed	177
2026-08-13T14:52:54Z	NULL125	3730	fjordgate	215124	A	C	core_destroyed	217
2026-08-13T14:52:55Z	NULL125	3731	fjordgate	215124	B	C	core_destroyed	116
2026-08-13T14:52:56Z	NULL125	3732	frostgate	215124	A	C	core_destroyed	109
2026-08-13T14:52:57Z	NULL125	3733	frostgate	215124	B	T	core_destroyed	155
2026-08-13T14:53:00Z	NULL125	3734	glacierkeep	215124	A	T	core_destroyed	210
2026-08-13T14:53:12Z	NULL125	3735	glacierkeep	215124	B	C	core_destroyed	908
2026-08-13T14:53:14Z	NULL125	3736	icefloe	215124	A	T	core_destroyed	128
2026-08-13T14:53:16Z	NULL125	3737	icefloe	215124	B	C	core_destroyed	234
2026-08-13T14:53:18Z	NULL125	3738	midgard	215124	A	C	core_destroyed	145
2026-08-13T14:53:20Z	NULL125	3739	midgard	215124	B	T	core_destroyed	79
2026-08-13T14:53:23Z	NULL125	3740	nordkap	215124	A	T	core_destroyed	760
2026-08-13T14:53:28Z	NULL125	3741	nordkap	215124	B	C	tiebreak	1000
2026-08-13T14:53:33Z	NULL125	3742	ragnarok	215124	A	T	core_destroyed	245
2026-08-13T14:53:35Z	NULL125	3743	ragnarok	215124	B	T	core_destroyed	124
2026-08-13T14:53:36Z	NULL125	3744	royale	215124	A	C	core_destroyed	146
2026-08-13T14:53:38Z	NULL125	3745	royale	215124	B	C	core_destroyed	320
2026-08-13T14:53:45Z	NULL125	3746	valkyrie	215124	A	T	core_destroyed	457
2026-08-13T14:53:49Z	NULL125	3747	valkyrie	215124	B	C	core_destroyed	226
2026-08-13T14:53:52Z	NULL125	3748	yulerune	215124	A	T	core_destroyed	485
2026-08-13T14:53:54Z	NULL125	3749	yulerune	215124	B	C	core_destroyed	186
2026-08-13T14:53:55Z	NULL125	3750	antler	215125	A	C	core_destroyed	187
2026-08-13T14:53:59Z	NULL125	3751	antler	215125	B	T	core_destroyed	723
2026-08-13T14:54:01Z	NULL125	3752	archipelago	215125	A	T	core_destroyed	210
2026-08-13T14:54:03Z	NULL125	3753	archipelago	215125	B	T	core_destroyed	113
2026-08-13T14:54:05Z	NULL125	3754	auroraveil	215125	A	T	core_destroyed	229
2026-08-13T14:54:07Z	NULL125	3755	auroraveil	215125	B	T	core_destroyed	156
2026-08-13T14:54:10Z	NULL125	3756	drakkarfjord	215125	A	T	core_destroyed	215
2026-08-13T14:54:15Z	NULL125	3757	drakkarfjord	215125	B	C	core_destroyed	411
2026-08-13T14:54:17Z	NULL125	3758	drumlin	215125	A	T	core_destroyed	134
2026-08-13T14:54:18Z	NULL125	3759	drumlin	215125	B	C	core_destroyed	201
2026-08-13T14:54:20Z	NULL125	3760	fjordgate	215125	A	C	core_destroyed	353
2026-08-13T14:54:25Z	NULL125	3761	fjordgate	215125	B	T	tiebreak	1000
2026-08-13T14:54:27Z	NULL125	3762	frostgate	215125	A	C	core_destroyed	549
2026-08-13T14:54:28Z	NULL125	3763	frostgate	215125	B	T	core_destroyed	241
2026-08-13T14:54:31Z	NULL125	3764	glacierkeep	215125	A	T	core_destroyed	279
2026-08-13T14:54:32Z	NULL125	3765	glacierkeep	215125	B	C	core_destroyed	100
2026-08-13T14:54:37Z	NULL125	3766	icefloe	215125	A	C	core_destroyed	332
2026-08-13T14:54:40Z	NULL125	3767	icefloe	215125	B	T	core_destroyed	308
2026-08-13T14:54:44Z	NULL125	3768	midgard	215125	A	T	core_destroyed	287
2026-08-13T14:54:46Z	NULL125	3769	midgard	215125	B	T	core_destroyed	106
2026-08-13T14:54:51Z	NULL125	3770	nordkap	215125	A	T	core_destroyed	638
2026-08-13T14:54:54Z	NULL125	3771	nordkap	215125	B	T	core_destroyed	802
2026-08-13T14:54:58Z	NULL125	3772	ragnarok	215125	A	C	core_destroyed	184
2026-08-13T14:55:00Z	NULL125	3773	ragnarok	215125	B	C	core_destroyed	162
2026-08-13T14:55:02Z	NULL125	3774	royale	215125	A	T	core_destroyed	142
2026-08-13T14:55:03Z	NULL125	3775	royale	215125	B	T	core_destroyed	328
2026-08-13T14:55:06Z	NULL125	3776	valkyrie	215125	A	T	core_destroyed	170
2026-08-13T14:55:08Z	NULL125	3777	valkyrie	215125	B	C	core_destroyed	115
2026-08-13T14:55:12Z	NULL125	3778	yulerune	215125	A	C	core_destroyed	441
2026-08-13T14:55:15Z	NULL125	3779	yulerune	215125	B	T	core_destroyed	209
2026-08-13T14:55:17Z	NULL125	3780	antler	215126	A	T	tiebreak	1000
2026-08-13T14:55:20Z	NULL125	3781	antler	215126	B	T	core_destroyed	395
2026-08-13T14:55:27Z	NULL125	3782	archipelago	215126	A	C	core_destroyed	335
2026-08-13T14:55:30Z	NULL125	3783	archipelago	215126	B	T	core_destroyed	529
2026-08-13T14:55:33Z	NULL125	3784	auroraveil	215126	A	C	core_destroyed	426
2026-08-13T14:55:36Z	NULL125	3785	auroraveil	215126	B	C	core_destroyed	665
2026-08-13T14:55:38Z	NULL125	3786	drakkarfjord	215126	A	C	core_destroyed	101
2026-08-13T14:55:41Z	NULL125	3787	drakkarfjord	215126	B	T	core_destroyed	204
2026-08-13T14:55:42Z	NULL125	3788	drumlin	215126	A	T	core_destroyed	214
2026-08-13T14:55:48Z	NULL125	3789	drumlin	215126	B	T	core_destroyed	524
2026-08-13T14:55:50Z	NULL125	3790	fjordgate	215126	A	T	core_destroyed	398
2026-08-13T14:55:52Z	NULL125	3791	fjordgate	215126	B	T	core_destroyed	151
2026-08-13T14:55:55Z	NULL125	3792	frostgate	215126	A	T	core_destroyed	666
2026-08-13T14:55:56Z	NULL125	3793	frostgate	215126	B	T	core_destroyed	176
2026-08-13T14:56:09Z	NULL125	3794	glacierkeep	215126	A	T	core_destroyed	454
2026-08-13T14:56:13Z	NULL125	3795	glacierkeep	215126	B	T	core_destroyed	544
2026-08-13T14:56:15Z	NULL125	3796	icefloe	215126	A	C	core_destroyed	267
2026-08-13T14:56:18Z	NULL125	3797	icefloe	215126	B	C	core_destroyed	178
2026-08-13T14:56:20Z	NULL125	3798	midgard	215126	A	T	core_destroyed	128
2026-08-13T14:56:23Z	NULL125	3799	midgard	215126	B	T	core_destroyed	108
2026-08-13T14:56:24Z	NULL125	3800	nordkap	215126	A	T	core_destroyed	179
2026-08-13T14:56:26Z	NULL125	3801	nordkap	215126	B	C	tiebreak	1000
2026-08-13T14:56:31Z	NULL125	3802	ragnarok	215126	A	C	core_destroyed	202
2026-08-13T14:56:34Z	NULL125	3803	ragnarok	215126	B	C	core_destroyed	236
2026-08-13T14:56:36Z	NULL125	3804	royale	215126	A	C	core_destroyed	153
2026-08-13T14:56:37Z	NULL125	3805	royale	215126	B	T	core_destroyed	149
2026-08-13T14:56:47Z	NULL125	3806	valkyrie	215126	A	T	core_destroyed	778
2026-08-13T14:56:50Z	NULL125	3807	valkyrie	215126	B	C	core_destroyed	251
2026-08-13T14:56:54Z	NULL125	3808	yulerune	215126	A	T	core_destroyed	568
2026-08-13T14:56:58Z	NULL125	3809	yulerune	215126	B	C	core_destroyed	293
2026-08-13T14:57:00Z	NULL125	3810	antler	215127	A	T	core_destroyed	294
2026-08-13T14:57:03Z	NULL125	3811	antler	215127	B	T	core_destroyed	575
2026-08-13T14:57:07Z	NULL125	3812	archipelago	215127	A	T	core_destroyed	488
2026-08-13T14:57:09Z	NULL125	3813	archipelago	215127	B	T	core_destroyed	143
2026-08-13T14:57:11Z	NULL125	3814	auroraveil	215127	A	T	core_destroyed	157
2026-08-13T14:57:16Z	NULL125	3815	auroraveil	215127	B	T	core_destroyed	761
2026-08-13T14:57:20Z	NULL125	3816	drakkarfjord	215127	A	T	core_destroyed	279
2026-08-13T14:57:26Z	NULL125	3817	drakkarfjord	215127	B	T	core_destroyed	557
2026-08-13T14:57:28Z	NULL125	3818	drumlin	215127	A	T	core_destroyed	110
2026-08-13T14:57:30Z	NULL125	3819	drumlin	215127	B	C	core_destroyed	264
2026-08-13T14:57:31Z	NULL125	3820	fjordgate	215127	A	T	core_destroyed	158
2026-08-13T14:57:32Z	NULL125	3821	fjordgate	215127	B	T	core_destroyed	209
2026-08-13T14:57:36Z	NULL125	3822	frostgate	215127	A	C	core_destroyed	328
2026-08-13T14:57:37Z	NULL125	3823	frostgate	215127	B	C	core_destroyed	172
2026-08-13T14:57:40Z	NULL125	3824	glacierkeep	215127	A	T	core_destroyed	437
2026-08-13T14:57:42Z	NULL125	3825	glacierkeep	215127	B	C	core_destroyed	129
2026-08-13T14:57:43Z	NULL125	3826	icefloe	215127	A	C	core_destroyed	160
2026-08-13T14:57:47Z	NULL125	3827	icefloe	215127	B	T	core_destroyed	439
2026-08-13T14:57:50Z	NULL125	3828	midgard	215127	A	T	core_destroyed	140
2026-08-13T14:57:53Z	NULL125	3829	midgard	215127	B	T	core_destroyed	209
2026-08-13T14:57:54Z	NULL125	3830	nordkap	215127	A	T	core_destroyed	169
2026-08-13T14:57:56Z	NULL125	3831	nordkap	215127	B	C	tiebreak	1000
2026-08-13T14:58:45Z	NULL125	3832	ragnarok	215127	A	C	tiebreak	1000
2026-08-13T14:59:04Z	NULL125	3833	ragnarok	215127	B	T	tiebreak	1000
2026-08-13T14:59:05Z	NULL125	3834	royale	215127	A	C	core_destroyed	235
2026-08-13T14:59:06Z	NULL125	3835	royale	215127	B	T	core_destroyed	133
2026-08-13T14:59:09Z	NULL125	3836	valkyrie	215127	A	T	core_destroyed	151
2026-08-13T14:59:12Z	NULL125	3837	valkyrie	215127	B	T	core_destroyed	186
2026-08-13T14:59:16Z	NULL125	3838	yulerune	215127	A	C	core_destroyed	284
2026-08-13T14:59:18Z	NULL125	3839	yulerune	215127	B	C	core_destroyed	182
2026-08-13T14:59:19Z	NULL125	3840	antler	215128	A	T	core_destroyed	211
2026-08-13T14:59:23Z	NULL125	3841	antler	215128	B	C	core_destroyed	708
2026-08-13T14:59:27Z	NULL125	3842	archipelago	215128	A	C	core_destroyed	238
2026-08-13T14:59:30Z	NULL125	3843	archipelago	215128	B	T	core_destroyed	127
2026-08-13T14:59:32Z	NULL125	3844	auroraveil	215128	A	T	core_destroyed	132
2026-08-13T14:59:34Z	NULL125	3845	auroraveil	215128	B	C	core_destroyed	214
2026-08-13T14:59:37Z	NULL125	3846	drakkarfjord	215128	A	T	core_destroyed	218
2026-08-13T14:59:42Z	NULL125	3847	drakkarfjord	215128	B	T	core_destroyed	319
2026-08-13T14:59:46Z	NULL125	3848	drumlin	215128	A	T	core_destroyed	285
2026-08-13T14:59:49Z	NULL125	3849	drumlin	215128	B	T	core_destroyed	228
2026-08-13T14:59:50Z	NULL125	3850	fjordgate	215128	A	C	core_destroyed	193
2026-08-13T14:59:51Z	NULL125	3851	fjordgate	215128	B	T	core_destroyed	145
2026-08-13T14:59:52Z	NULL125	3852	frostgate	215128	A	C	core_destroyed	137
2026-08-13T14:59:54Z	NULL125	3853	frostgate	215128	B	T	core_destroyed	89
2026-08-13T14:59:55Z	NULL125	3854	glacierkeep	215128	A	C	core_destroyed	116
2026-08-13T15:00:18Z	NULL125	3855	glacierkeep	215128	B	C	tiebreak	1000
2026-08-13T15:00:21Z	NULL125	3856	icefloe	215128	A	T	core_destroyed	297
2026-08-13T15:00:25Z	NULL125	3857	icefloe	215128	B	C	core_destroyed	436
2026-08-13T15:00:27Z	NULL125	3858	midgard	215128	A	T	core_destroyed	135
2026-08-13T15:00:29Z	NULL125	3859	midgard	215128	B	C	core_destroyed	100
2026-08-13T15:00:30Z	NULL125	3860	nordkap	215128	A	C	core_destroyed	117
2026-08-13T15:00:32Z	NULL125	3861	nordkap	215128	B	T	core_destroyed	179
2026-08-13T15:01:14Z	NULL125	3862	ragnarok	215128	A	C	tiebreak	1000
2026-08-13T15:02:14Z	NULL125	3863	ragnarok	215128	B	C	tiebreak	1000
2026-08-13T15:02:16Z	NULL125	3864	royale	215128	A	T	tiebreak	1000
2026-08-13T15:02:17Z	NULL125	3865	royale	215128	B	T	core_destroyed	121
2026-08-13T15:02:22Z	NULL125	3866	valkyrie	215128	A	T	core_destroyed	271
2026-08-13T15:02:24Z	NULL125	3867	valkyrie	215128	B	T	core_destroyed	141
2026-08-13T15:02:26Z	NULL125	3868	yulerune	215128	A	C	core_destroyed	187
2026-08-13T15:02:29Z	NULL125	3869	yulerune	215128	B	T	core_destroyed	320
2026-08-13T15:02:30Z	NULL125	3870	antler	215129	A	T	core_destroyed	228
2026-08-13T15:02:33Z	NULL125	3871	antler	215129	B	T	tiebreak	1000
2026-08-13T15:02:34Z	NULL125	3872	archipelago	215129	A	T	core_destroyed	119
2026-08-13T15:02:36Z	NULL125	3873	archipelago	215129	B	C	core_destroyed	84
2026-08-13T15:02:38Z	NULL125	3874	auroraveil	215129	A	T	core_destroyed	141
2026-08-13T15:02:40Z	NULL125	3875	auroraveil	215129	B	T	core_destroyed	254
2026-08-13T15:02:43Z	NULL125	3876	drakkarfjord	215129	A	C	core_destroyed	227
2026-08-13T15:02:45Z	NULL125	3877	drakkarfjord	215129	B	T	core_destroyed	186
2026-08-13T15:02:48Z	NULL125	3878	drumlin	215129	A	T	tiebreak	1000
2026-08-13T15:02:51Z	NULL125	3879	drumlin	215129	B	T	core_destroyed	410
2026-08-13T15:02:54Z	NULL125	3880	fjordgate	215129	A	T	core_destroyed	873
2026-08-13T15:02:55Z	NULL125	3881	fjordgate	215129	B	T	core_destroyed	421
2026-08-13T15:02:57Z	NULL125	3882	frostgate	215129	A	T	core_destroyed	190
2026-08-13T15:02:58Z	NULL125	3883	frostgate	215129	B	C	core_destroyed	211
2026-08-13T15:03:01Z	NULL125	3884	glacierkeep	215129	A	T	core_destroyed	228
2026-08-13T15:03:07Z	NULL125	3885	glacierkeep	215129	B	C	core_destroyed	423
2026-08-13T15:03:10Z	NULL125	3886	icefloe	215129	A	T	core_destroyed	186
2026-08-13T15:03:13Z	NULL125	3887	icefloe	215129	B	T	core_destroyed	270
2026-08-13T15:03:15Z	NULL125	3888	midgard	215129	A	C	core_destroyed	99
2026-08-13T15:03:17Z	NULL125	3889	midgard	215129	B	T	core_destroyed	79
2026-08-13T15:03:19Z	NULL125	3890	nordkap	215129	A	T	core_destroyed	380
2026-08-13T15:03:20Z	NULL125	3891	nordkap	215129	B	C	core_destroyed	290
2026-08-13T15:03:22Z	NULL125	3892	ragnarok	215129	A	T	core_destroyed	138
2026-08-13T15:04:31Z	NULL125	3893	ragnarok	215129	B	T	tiebreak	1000
2026-08-13T15:04:36Z	NULL125	3894	royale	215129	A	C	tiebreak	1000
2026-08-13T15:04:38Z	NULL125	3895	royale	215129	B	C	core_destroyed	829
2026-08-13T15:04:45Z	NULL125	3896	valkyrie	215129	A	T	core_destroyed	524
2026-08-13T15:04:47Z	NULL125	3897	valkyrie	215129	B	T	core_destroyed	161
2026-08-13T15:04:49Z	NULL125	3898	yulerune	215129	A	C	core_destroyed	176
2026-08-13T15:04:54Z	NULL125	3899	yulerune	215129	B	C	core_destroyed	476
2026-08-13T15:04:56Z	NULL125	3900	antler	215130	A	T	core_destroyed	134
2026-08-13T15:04:58Z	NULL125	3901	antler	215130	B	T	core_destroyed	207
2026-08-13T15:05:00Z	NULL125	3902	archipelago	215130	A	C	core_destroyed	97
2026-08-13T15:05:03Z	NULL125	3903	archipelago	215130	B	C	core_destroyed	218
2026-08-13T15:05:07Z	NULL125	3904	auroraveil	215130	A	T	core_destroyed	342
2026-08-13T15:05:08Z	NULL125	3905	auroraveil	215130	B	C	core_destroyed	88
2026-08-13T15:05:11Z	NULL125	3906	drakkarfjord	215130	A	C	core_destroyed	184
2026-08-13T15:05:17Z	NULL125	3907	drakkarfjord	215130	B	T	core_destroyed	358
2026-08-13T15:05:18Z	NULL125	3908	drumlin	215130	A	T	core_destroyed	121
2026-08-13T15:05:22Z	NULL125	3909	drumlin	215130	B	C	core_destroyed	403
2026-08-13T15:05:23Z	NULL125	3910	fjordgate	215130	A	T	core_destroyed	139
2026-08-13T15:05:24Z	NULL125	3911	fjordgate	215130	B	T	core_destroyed	199
2026-08-13T15:05:26Z	NULL125	3912	frostgate	215130	A	T	core_destroyed	251
2026-08-13T15:05:27Z	NULL125	3913	frostgate	215130	B	C	core_destroyed	261
2026-08-13T15:05:30Z	NULL125	3914	glacierkeep	215130	A	C	core_destroyed	289
2026-08-13T15:05:35Z	NULL125	3915	glacierkeep	215130	B	C	core_destroyed	805
2026-08-13T15:05:37Z	NULL125	3916	icefloe	215130	A	T	core_destroyed	173
2026-08-13T15:05:39Z	NULL125	3917	icefloe	215130	B	T	core_destroyed	152
2026-08-13T15:05:43Z	NULL125	3918	midgard	215130	A	T	core_destroyed	277
2026-08-13T15:05:48Z	NULL125	3919	midgard	215130	B	T	core_destroyed	430
2026-08-13T15:05:50Z	NULL125	3920	nordkap	215130	A	T	core_destroyed	261
2026-08-13T15:05:52Z	NULL125	3921	nordkap	215130	B	C	core_destroyed	247
2026-08-13T15:05:54Z	NULL125	3922	ragnarok	215130	A	T	core_destroyed	139
2026-08-13T15:06:38Z	NULL125	3923	ragnarok	215130	B	T	tiebreak	1000
2026-08-13T15:06:40Z	NULL125	3924	royale	215130	A	T	core_destroyed	477
2026-08-13T15:06:41Z	NULL125	3925	royale	215130	B	T	core_destroyed	187
2026-08-13T15:06:45Z	NULL125	3926	valkyrie	215130	A	T	core_destroyed	240
2026-08-13T15:06:47Z	NULL125	3927	valkyrie	215130	B	T	core_destroyed	116
2026-08-13T15:06:50Z	NULL125	3928	yulerune	215130	A	T	core_destroyed	194
2026-08-13T15:06:53Z	NULL125	3929	yulerune	215130	B	C	core_destroyed	205
2026-08-13T15:06:55Z	NULL125	3930	antler	215131	A	C	core_destroyed	200
2026-08-13T15:06:57Z	NULL125	3931	antler	215131	B	T	core_destroyed	244
2026-08-13T15:07:00Z	NULL125	3932	archipelago	215131	A	T	core_destroyed	170
2026-08-13T15:07:02Z	NULL125	3933	archipelago	215131	B	C	core_destroyed	201
2026-08-13T15:07:04Z	NULL125	3934	auroraveil	215131	A	C	core_destroyed	168
2026-08-13T15:07:07Z	NULL125	3935	auroraveil	215131	B	T	core_destroyed	521
2026-08-13T15:07:15Z	NULL125	3936	drakkarfjord	215131	A	T	tiebreak	1000
2026-08-13T15:07:28Z	NULL125	3937	drakkarfjord	215131	B	C	tiebreak	1000
2026-08-13T15:07:35Z	NULL125	3938	drumlin	215131	A	C	core_destroyed	455
2026-08-13T15:07:44Z	NULL125	3939	drumlin	215131	B	C	tiebreak	1000
2026-08-13T15:07:45Z	NULL125	3940	fjordgate	215131	A	T	core_destroyed	171
2026-08-13T15:07:46Z	NULL125	3941	fjordgate	215131	B	C	core_destroyed	159
2026-08-13T15:07:48Z	NULL125	3942	frostgate	215131	A	T	core_destroyed	187
2026-08-13T15:07:50Z	NULL125	3943	frostgate	215131	B	T	tiebreak	1000
2026-08-13T15:07:52Z	NULL125	3944	glacierkeep	215131	A	T	core_destroyed	132
2026-08-13T15:07:54Z	NULL125	3945	glacierkeep	215131	B	C	core_destroyed	482
2026-08-13T15:07:57Z	NULL125	3946	icefloe	215131	A	C	core_destroyed	385
2026-08-13T15:07:59Z	NULL125	3947	icefloe	215131	B	C	core_destroyed	120
2026-08-13T15:08:02Z	NULL125	3948	midgard	215131	A	C	core_destroyed	265
2026-08-13T15:08:04Z	NULL125	3949	midgard	215131	B	C	core_destroyed	140
2026-08-13T15:08:06Z	NULL125	3950	nordkap	215131	A	T	core_destroyed	120
2026-08-13T15:08:07Z	NULL125	3951	nordkap	215131	B	T	core_destroyed	168
2026-08-13T15:08:10Z	NULL125	3952	ragnarok	215131	A	T	core_destroyed	150
2026-08-13T15:08:14Z	NULL125	3953	ragnarok	215131	B	C	core_destroyed	163
2026-08-13T15:08:17Z	NULL125	3954	royale	215131	A	C	core_destroyed	898
2026-08-13T15:08:18Z	NULL125	3955	royale	215131	B	C	core_destroyed	177
2026-08-13T15:08:26Z	NULL125	3956	valkyrie	215131	A	C	core_destroyed	363
2026-08-13T15:08:28Z	NULL125	3957	valkyrie	215131	B	T	core_destroyed	139
2026-08-13T15:08:31Z	NULL125	3958	yulerune	215131	A	T	core_destroyed	264
2026-08-13T15:08:33Z	NULL125	3959	yulerune	215131	B	T	core_destroyed	150
2026-08-13T15:08:35Z	NULL125	3960	antler	215132	A	T	core_destroyed	173
2026-08-13T15:08:37Z	NULL125	3961	antler	215132	B	T	core_destroyed	184
2026-08-13T15:08:40Z	NULL125	3962	archipelago	215132	A	C	core_destroyed	184
2026-08-13T15:08:42Z	NULL125	3963	archipelago	215132	B	T	core_destroyed	112
2026-08-13T15:08:43Z	NULL125	3964	auroraveil	215132	A	C	core_destroyed	228
2026-08-13T15:08:45Z	NULL125	3965	auroraveil	215132	B	T	core_destroyed	134
2026-08-13T15:08:49Z	NULL125	3966	drakkarfjord	215132	A	C	core_destroyed	252
2026-08-13T15:08:58Z	NULL125	3967	drakkarfjord	215132	B	T	core_destroyed	534
2026-08-13T15:09:05Z	NULL125	3968	drumlin	215132	A	C	core_destroyed	467
2026-08-13T15:09:06Z	NULL125	3969	drumlin	215132	B	T	core_destroyed	100
2026-08-13T15:09:07Z	NULL125	3970	fjordgate	215132	A	C	core_destroyed	125
2026-08-13T15:09:09Z	NULL125	3971	fjordgate	215132	B	T	core_destroyed	377
2026-08-13T15:09:10Z	NULL125	3972	frostgate	215132	A	T	core_destroyed	126
2026-08-13T15:09:12Z	NULL125	3973	frostgate	215132	B	T	core_destroyed	131
2026-08-13T15:09:13Z	NULL125	3974	glacierkeep	215132	A	C	core_destroyed	181
2026-08-13T15:09:16Z	NULL125	3975	glacierkeep	215132	B	C	core_destroyed	257
2026-08-13T15:09:17Z	NULL125	3976	icefloe	215132	A	C	core_destroyed	98
2026-08-13T15:09:19Z	NULL125	3977	icefloe	215132	B	T	core_destroyed	163
2026-08-13T15:09:22Z	NULL125	3978	midgard	215132	A	T	core_destroyed	170
2026-08-13T15:09:25Z	NULL125	3979	midgard	215132	B	T	core_destroyed	91
2026-08-13T15:09:28Z	NULL125	3980	nordkap	215132	A	T	core_destroyed	279
2026-08-13T15:09:31Z	NULL125	3981	nordkap	215132	B	C	tiebreak	1000
2026-08-13T15:09:39Z	NULL125	3982	ragnarok	215132	A	T	tiebreak	1000
2026-08-13T15:10:26Z	NULL125	3983	ragnarok	215132	B	C	tiebreak	1000
2026-08-13T15:10:28Z	NULL125	3984	royale	215132	A	C	tiebreak	1000
2026-08-13T15:10:31Z	NULL125	3985	royale	215132	B	T	core_destroyed	640
2026-08-13T15:10:35Z	NULL125	3986	valkyrie	215132	A	C	core_destroyed	358
2026-08-13T15:10:37Z	NULL125	3987	valkyrie	215132	B	C	core_destroyed	184
2026-08-13T15:10:41Z	NULL125	3988	yulerune	215132	A	T	core_destroyed	330
2026-08-13T15:10:43Z	NULL125	3989	yulerune	215132	B	T	core_destroyed	185
2026-08-13T15:10:46Z	NULL125	3990	antler	215133	A	T	core_destroyed	406
2026-08-13T15:10:49Z	NULL125	3991	antler	215133	B	C	core_destroyed	281
2026-08-13T15:10:52Z	NULL125	3992	archipelago	215133	A	C	core_destroyed	145
2026-08-13T15:10:54Z	NULL125	3993	archipelago	215133	B	T	core_destroyed	129
2026-08-13T15:10:56Z	NULL125	3994	auroraveil	215133	A	T	core_destroyed	220
2026-08-13T15:10:58Z	NULL125	3995	auroraveil	215133	B	C	core_destroyed	120
2026-08-13T15:11:05Z	NULL125	3996	drakkarfjord	215133	A	C	core_destroyed	389
2026-08-13T15:11:12Z	NULL125	3997	drakkarfjord	215133	B	T	tiebreak	1000
2026-08-13T15:11:16Z	NULL125	3998	drumlin	215133	A	C	core_destroyed	197
2026-08-13T15:11:17Z	NULL125	3999	drumlin	215133	B	T	core_destroyed	193
2026-08-13T15:11:19Z	NULL125	4000	fjordgate	215133	A	C	core_destroyed	269
2026-08-13T15:11:20Z	NULL125	4001	fjordgate	215133	B	C	core_destroyed	100
2026-08-13T15:11:22Z	NULL125	4002	frostgate	215133	A	C	core_destroyed	219
2026-08-13T15:11:25Z	NULL125	4003	frostgate	215133	B	T	core_destroyed	801
2026-08-13T15:11:29Z	NULL125	4004	glacierkeep	215133	A	C	tiebreak	1000
2026-08-13T15:11:34Z	NULL125	4005	glacierkeep	215133	B	C	tiebreak	1000
2026-08-13T15:11:36Z	NULL125	4006	icefloe	215133	A	T	core_destroyed	180
2026-08-13T15:11:38Z	NULL125	4007	icefloe	215133	B	C	core_destroyed	156
2026-08-13T15:11:40Z	NULL125	4008	midgard	215133	A	T	core_destroyed	138
2026-08-13T15:11:43Z	NULL125	4009	midgard	215133	B	T	core_destroyed	92
2026-08-13T15:11:45Z	NULL125	4010	nordkap	215133	A	T	core_destroyed	185
2026-08-13T15:11:48Z	NULL125	4011	nordkap	215133	B	C	core_destroyed	361
2026-08-13T15:11:50Z	NULL125	4012	ragnarok	215133	A	T	core_destroyed	119
2026-08-13T15:11:52Z	NULL125	4013	ragnarok	215133	B	C	core_destroyed	122
2026-08-13T15:11:54Z	NULL125	4014	royale	215133	A	T	core_destroyed	664
2026-08-13T15:11:56Z	NULL125	4015	royale	215133	B	C	core_destroyed	449
2026-08-13T15:11:59Z	NULL125	4016	valkyrie	215133	A	T	core_destroyed	182
2026-08-13T15:12:01Z	NULL125	4017	valkyrie	215133	B	T	core_destroyed	159
2026-08-13T15:12:05Z	NULL125	4018	yulerune	215133	A	T	core_destroyed	424
2026-08-13T15:12:08Z	NULL125	4019	yulerune	215133	B	C	core_destroyed	274
2026-08-13T15:12:10Z	NULL125	4020	antler	215134	A	C	core_destroyed	496
2026-08-13T15:12:11Z	NULL125	4021	antler	215134	B	C	core_destroyed	148
2026-08-13T15:12:13Z	NULL125	4022	archipelago	215134	A	C	core_destroyed	122
2026-08-13T15:12:16Z	NULL125	4023	archipelago	215134	B	T	core_destroyed	144
2026-08-13T15:12:20Z	NULL125	4024	auroraveil	215134	A	T	core_destroyed	396
2026-08-13T15:12:24Z	NULL125	4025	auroraveil	215134	B	T	core_destroyed	595
2026-08-13T15:12:27Z	NULL125	4026	drakkarfjord	215134	A	T	core_destroyed	362
2026-08-13T15:12:30Z	NULL125	4027	drakkarfjord	215134	B	C	core_destroyed	153
2026-08-13T15:12:32Z	NULL125	4028	drumlin	215134	A	C	core_destroyed	259
2026-08-13T15:12:36Z	NULL125	4029	drumlin	215134	B	T	core_destroyed	310
2026-08-13T15:12:37Z	NULL125	4030	fjordgate	215134	A	T	core_destroyed	137
2026-08-13T15:12:38Z	NULL125	4031	fjordgate	215134	B	C	core_destroyed	134
2026-08-13T15:12:40Z	NULL125	4032	frostgate	215134	A	T	core_destroyed	512
2026-08-13T15:12:42Z	NULL125	4033	frostgate	215134	B	C	core_destroyed	349
2026-08-13T15:12:44Z	NULL125	4034	glacierkeep	215134	A	T	core_destroyed	129
2026-08-13T15:12:46Z	NULL125	4035	glacierkeep	215134	B	C	core_destroyed	160
2026-08-13T15:12:49Z	NULL125	4036	icefloe	215134	A	T	core_destroyed	297
2026-08-13T15:12:51Z	NULL125	4037	icefloe	215134	B	C	core_destroyed	179
2026-08-13T15:12:54Z	NULL125	4038	midgard	215134	A	T	core_destroyed	99
2026-08-13T15:12:56Z	NULL125	4039	midgard	215134	B	T	core_destroyed	115
2026-08-13T15:12:59Z	NULL125	4040	nordkap	215134	A	T	core_destroyed	502
2026-08-13T15:13:01Z	NULL125	4041	nordkap	215134	B	T	core_destroyed	320
2026-08-13T15:13:04Z	NULL125	4042	ragnarok	215134	A	T	core_destroyed	142
2026-08-13T15:13:43Z	NULL125	4043	ragnarok	215134	B	C	tiebreak	1000
2026-08-13T15:13:45Z	NULL125	4044	royale	215134	A	T	core_destroyed	106
2026-08-13T15:13:46Z	NULL125	4045	royale	215134	B	T	core_destroyed	427
2026-08-13T15:13:49Z	NULL125	4046	valkyrie	215134	A	T	core_destroyed	186
2026-08-13T15:14:14Z	NULL125	4047	valkyrie	215134	B	T	tiebreak	1000
2026-08-13T15:14:17Z	NULL125	4048	yulerune	215134	A	C	tiebreak	1000
2026-08-13T15:14:20Z	NULL125	4049	yulerune	215134	B	T	core_destroyed	294
2026-08-13T15:14:22Z	NULL125	4050	antler	215135	A	T	core_destroyed	180
2026-08-13T15:14:24Z	NULL125	4051	antler	215135	B	C	core_destroyed	309
2026-08-13T15:14:26Z	NULL125	4052	archipelago	215135	A	T	core_destroyed	147
2026-08-13T15:14:29Z	NULL125	4053	archipelago	215135	B	T	core_destroyed	189
2026-08-13T15:14:34Z	NULL125	4054	auroraveil	215135	A	C	core_destroyed	574
2026-08-13T15:14:35Z	NULL125	4055	auroraveil	215135	B	C	core_destroyed	176
2026-08-13T15:14:39Z	NULL125	4056	drakkarfjord	215135	A	C	core_destroyed	263
2026-08-13T15:14:41Z	NULL125	4057	drakkarfjord	215135	B	T	core_destroyed	257
2026-08-13T15:14:43Z	NULL125	4058	drumlin	215135	A	T	core_destroyed	264
2026-08-13T15:14:45Z	NULL125	4059	drumlin	215135	B	C	core_destroyed	156
2026-08-13T15:14:46Z	NULL125	4060	fjordgate	215135	A	C	core_destroyed	243
2026-08-13T15:14:48Z	NULL125	4061	fjordgate	215135	B	C	core_destroyed	250
2026-08-13T15:14:50Z	NULL125	4062	frostgate	215135	A	T	core_destroyed	232
2026-08-13T15:14:52Z	NULL125	4063	frostgate	215135	B	C	core_destroyed	571
2026-08-13T15:14:54Z	NULL125	4064	glacierkeep	215135	A	T	core_destroyed	212
2026-08-13T15:15:00Z	NULL125	4065	glacierkeep	215135	B	T	core_destroyed	642
2026-08-13T15:15:01Z	NULL125	4066	icefloe	215135	A	T	core_destroyed	125
2026-08-13T15:15:03Z	NULL125	4067	icefloe	215135	B	C	core_destroyed	184
2026-08-13T15:15:05Z	NULL125	4068	midgard	215135	A	T	core_destroyed	96
2026-08-13T15:15:11Z	NULL125	4069	midgard	215135	B	C	core_destroyed	286
2026-08-13T15:15:13Z	NULL125	4070	nordkap	215135	A	T	core_destroyed	225
2026-08-13T15:15:15Z	NULL125	4071	nordkap	215135	B	T	core_destroyed	212
2026-08-13T15:15:18Z	NULL125	4072	ragnarok	215135	A	T	core_destroyed	248
2026-08-13T15:15:23Z	NULL125	4073	ragnarok	215135	B	C	core_destroyed	359
2026-08-13T15:15:24Z	NULL125	4074	royale	215135	A	C	core_destroyed	112
2026-08-13T15:15:25Z	NULL125	4075	royale	215135	B	C	core_destroyed	301
2026-08-13T15:15:27Z	NULL125	4076	valkyrie	215135	A	T	core_destroyed	137
2026-08-13T15:15:31Z	NULL125	4077	valkyrie	215135	B	T	core_destroyed	280
2026-08-13T15:15:35Z	NULL125	4078	yulerune	215135	A	C	core_destroyed	332
2026-08-13T15:15:38Z	NULL125	4079	yulerune	215135	B	T	core_destroyed	273
2026-08-13T15:15:42Z	NULL125	4080	antler	215136	A	T	tiebreak	1000
2026-08-13T15:15:45Z	NULL125	4081	antler	215136	B	C	core_destroyed	297
2026-08-13T15:15:48Z	NULL125	4082	archipelago	215136	A	T	core_destroyed	202
2026-08-13T15:15:49Z	NULL125	4083	archipelago	215136	B	C	core_destroyed	79
2026-08-13T15:15:51Z	NULL125	4084	auroraveil	215136	A	T	core_destroyed	267
2026-08-13T15:15:53Z	NULL125	4085	auroraveil	215136	B	C	core_destroyed	219
2026-08-13T15:16:00Z	NULL125	4086	drakkarfjord	215136	A	C	core_destroyed	520
2026-08-13T15:16:07Z	NULL125	4087	drakkarfjord	215136	B	C	core_destroyed	345
2026-08-13T15:16:10Z	NULL125	4088	drumlin	215136	A	T	core_destroyed	294
2026-08-13T15:16:12Z	NULL125	4089	drumlin	215136	B	C	core_destroyed	383
2026-08-13T15:16:13Z	NULL125	4090	fjordgate	215136	A	C	core_destroyed	260
2026-08-13T15:16:14Z	NULL125	4091	fjordgate	215136	B	T	core_destroyed	217
2026-08-13T15:16:17Z	NULL125	4092	frostgate	215136	A	T	tiebreak	1000
2026-08-13T15:16:18Z	NULL125	4093	frostgate	215136	B	T	core_destroyed	369
2026-08-13T15:16:21Z	NULL125	4094	glacierkeep	215136	A	C	core_destroyed	387
2026-08-13T15:16:23Z	NULL125	4095	glacierkeep	215136	B	C	core_destroyed	197
2026-08-13T15:16:26Z	NULL125	4096	icefloe	215136	A	C	core_destroyed	193
2026-08-13T15:16:28Z	NULL125	4097	icefloe	215136	B	C	core_destroyed	223
2026-08-13T15:16:31Z	NULL125	4098	midgard	215136	A	T	core_destroyed	223
2026-08-13T15:16:34Z	NULL125	4099	midgard	215136	B	T	core_destroyed	83
2026-08-13T15:16:36Z	NULL125	4100	nordkap	215136	A	T	core_destroyed	241
2026-08-13T15:16:40Z	NULL125	4101	nordkap	215136	B	C	core_destroyed	266
2026-08-13T15:16:42Z	NULL125	4102	ragnarok	215136	A	T	core_destroyed	147
2026-08-13T15:16:45Z	NULL125	4103	ragnarok	215136	B	T	core_destroyed	244
2026-08-13T15:16:48Z	NULL125	4104	royale	215136	A	T	core_destroyed	482
2026-08-13T15:16:49Z	NULL125	4105	royale	215136	B	C	core_destroyed	229
2026-08-13T15:16:54Z	NULL125	4106	valkyrie	215136	A	T	tiebreak	1000
2026-08-13T15:17:00Z	NULL125	4107	valkyrie	215136	B	T	core_destroyed	293
2026-08-13T15:17:03Z	NULL125	4108	yulerune	215136	A	T	core_destroyed	265
2026-08-13T15:17:05Z	NULL125	4109	yulerune	215136	B	T	core_destroyed	285
2026-08-13T15:17:07Z	NULL125	4110	antler	215137	A	T	core_destroyed	220
2026-08-13T15:17:08Z	NULL125	4111	antler	215137	B	T	core_destroyed	238
2026-08-13T15:17:10Z	NULL125	4112	archipelago	215137	A	T	core_destroyed	393
2026-08-13T15:17:13Z	NULL125	4113	archipelago	215137	B	C	core_destroyed	203
2026-08-13T15:17:15Z	NULL125	4114	auroraveil	215137	A	C	core_destroyed	272
2026-08-13T15:17:17Z	NULL125	4115	auroraveil	215137	B	T	core_destroyed	105
2026-08-13T15:17:30Z	NULL125	4116	drakkarfjord	215137	A	C	tiebreak	1000
2026-08-13T15:17:33Z	NULL125	4117	drakkarfjord	215137	B	T	core_destroyed	257
2026-08-13T15:17:36Z	NULL125	4118	drumlin	215137	A	T	core_destroyed	231
2026-08-13T15:17:44Z	NULL125	4119	drumlin	215137	B	C	core_destroyed	561
2026-08-13T15:17:45Z	NULL125	4120	fjordgate	215137	A	T	tiebreak	1000
2026-08-13T15:17:49Z	NULL125	4121	fjordgate	215137	B	T	tiebreak	1000
2026-08-13T15:17:50Z	NULL125	4122	frostgate	215137	A	T	core_destroyed	145
2026-08-13T15:17:54Z	NULL125	4123	frostgate	215137	B	C	core_destroyed	780
2026-08-13T15:18:02Z	NULL125	4124	glacierkeep	215137	A	T	tiebreak	1000
2026-08-13T15:18:03Z	NULL125	4125	glacierkeep	215137	B	T	core_destroyed	182
2026-08-13T15:18:10Z	NULL125	4126	icefloe	215137	A	T	core_destroyed	575
2026-08-13T15:18:14Z	NULL125	4127	icefloe	215137	B	C	core_destroyed	364
2026-08-13T15:18:16Z	NULL125	4128	midgard	215137	A	C	core_destroyed	90
2026-08-13T15:18:19Z	NULL125	4129	midgard	215137	B	C	core_destroyed	197
2026-08-13T15:18:20Z	NULL125	4130	nordkap	215137	A	C	core_destroyed	139
2026-08-13T15:18:24Z	NULL125	4131	nordkap	215137	B	T	core_destroyed	380
2026-08-13T15:18:28Z	NULL125	4132	ragnarok	215137	A	T	core_destroyed	215
2026-08-13T15:19:14Z	NULL125	4133	ragnarok	215137	B	T	tiebreak	1000
2026-08-13T15:19:15Z	NULL125	4134	royale	215137	A	C	core_destroyed	385
2026-08-13T15:19:17Z	NULL125	4135	royale	215137	B	C	core_destroyed	553
2026-08-13T15:19:19Z	NULL125	4136	valkyrie	215137	A	C	core_destroyed	96
2026-08-13T15:19:22Z	NULL125	4137	valkyrie	215137	B	T	core_destroyed	258
2026-08-13T15:19:23Z	NULL125	4138	yulerune	215137	A	C	core_destroyed	117
2026-08-13T15:19:25Z	NULL125	4139	yulerune	215137	B	C	core_destroyed	205
2026-08-13T15:19:28Z	NULL125	4140	antler	215138	A	T	core_destroyed	314
2026-08-13T15:19:30Z	NULL125	4141	antler	215138	B	C	core_destroyed	190
2026-08-13T15:19:31Z	NULL125	4142	archipelago	215138	A	T	core_destroyed	111
2026-08-13T15:19:35Z	NULL125	4143	archipelago	215138	B	T	core_destroyed	176
2026-08-13T15:19:38Z	NULL125	4144	auroraveil	215138	A	T	core_destroyed	632
2026-08-13T15:19:39Z	NULL125	4145	auroraveil	215138	B	C	core_destroyed	353
2026-08-13T15:19:53Z	NULL125	4146	drakkarfjord	215138	A	T	core_destroyed	568
2026-08-13T15:19:55Z	NULL125	4147	drakkarfjord	215138	B	C	core_destroyed	112
2026-08-13T15:19:57Z	NULL125	4148	drumlin	215138	A	T	core_destroyed	325
2026-08-13T15:19:58Z	NULL125	4149	drumlin	215138	B	C	core_destroyed	124
2026-08-13T15:19:59Z	NULL125	4150	fjordgate	215138	A	C	core_destroyed	174
2026-08-13T15:20:01Z	NULL125	4151	fjordgate	215138	B	C	core_destroyed	155
2026-08-13T15:20:02Z	NULL125	4152	frostgate	215138	A	C	core_destroyed	241
2026-08-13T15:20:03Z	NULL125	4153	frostgate	215138	B	T	core_destroyed	113
2026-08-13T15:20:07Z	NULL125	4154	glacierkeep	215138	A	C	core_destroyed	207
2026-08-13T15:20:12Z	NULL125	4155	glacierkeep	215138	B	T	core_destroyed	653
2026-08-13T15:20:15Z	NULL125	4156	icefloe	215138	A	C	core_destroyed	360
2026-08-13T15:20:17Z	NULL125	4157	icefloe	215138	B	C	core_destroyed	172
2026-08-13T15:20:19Z	NULL125	4158	midgard	215138	A	C	core_destroyed	118
2026-08-13T15:20:22Z	NULL125	4159	midgard	215138	B	C	core_destroyed	159
2026-08-13T15:20:25Z	NULL125	4160	nordkap	215138	A	T	tiebreak	1000
2026-08-13T15:20:29Z	NULL125	4161	nordkap	215138	B	C	tiebreak	1000
2026-08-13T15:20:55Z	NULL125	4162	ragnarok	215138	A	T	tiebreak	1000
2026-08-13T15:20:59Z	NULL125	4163	ragnarok	215138	B	C	core_destroyed	259
2026-08-13T15:21:02Z	NULL125	4164	royale	215138	A	C	core_destroyed	234
2026-08-13T15:21:03Z	NULL125	4165	royale	215138	B	C	core_destroyed	229
2026-08-13T15:21:07Z	NULL125	4166	valkyrie	215138	A	T	core_destroyed	373
2026-08-13T15:21:14Z	NULL125	4167	valkyrie	215138	B	T	core_destroyed	507
2026-08-13T15:21:16Z	NULL125	4168	yulerune	215138	A	C	core_destroyed	213
2026-08-13T15:21:19Z	NULL125	4169	yulerune	215138	B	C	core_destroyed	316
2026-08-13T15:21:21Z	NULL125	4170	antler	215139	A	T	core_destroyed	203
2026-08-13T15:21:23Z	NULL125	4171	antler	215139	B	C	core_destroyed	484
2026-08-13T15:21:25Z	NULL125	4172	archipelago	215139	A	T	core_destroyed	190
2026-08-13T15:21:30Z	NULL125	4173	archipelago	215139	B	C	core_destroyed	392
2026-08-13T15:21:32Z	NULL125	4174	auroraveil	215139	A	T	core_destroyed	230
2026-08-13T15:21:34Z	NULL125	4175	auroraveil	215139	B	T	core_destroyed	275
2026-08-13T15:21:42Z	NULL125	4176	drakkarfjord	215139	A	T	tiebreak	1000
2026-08-13T15:21:46Z	NULL125	4177	drakkarfjord	215139	B	C	core_destroyed	440
2026-08-13T15:21:47Z	NULL125	4178	drumlin	215139	A	C	core_destroyed	99
2026-08-13T15:21:50Z	NULL125	4179	drumlin	215139	B	C	core_destroyed	343
2026-08-13T15:21:51Z	NULL125	4180	fjordgate	215139	A	T	core_destroyed	193
2026-08-13T15:21:54Z	NULL125	4181	fjordgate	215139	B	C	tiebreak	1000
2026-08-13T15:21:56Z	NULL125	4182	frostgate	215139	A	C	tiebreak	1000
2026-08-13T15:21:58Z	NULL125	4183	frostgate	215139	B	C	core_destroyed	311
2026-08-13T15:22:02Z	NULL125	4184	glacierkeep	215139	A	T	core_destroyed	412
2026-08-13T15:22:04Z	NULL125	4185	glacierkeep	215139	B	C	core_destroyed	181
2026-08-13T15:22:07Z	NULL125	4186	icefloe	215139	A	T	core_destroyed	325
2026-08-13T15:22:09Z	NULL125	4187	icefloe	215139	B	T	core_destroyed	146
2026-08-13T15:22:11Z	NULL125	4188	midgard	215139	A	T	core_destroyed	125
2026-08-13T15:22:14Z	NULL125	4189	midgard	215139	B	T	core_destroyed	102
2026-08-13T15:22:15Z	NULL125	4190	nordkap	215139	A	T	core_destroyed	179
2026-08-13T15:22:16Z	NULL125	4191	nordkap	215139	B	T	core_destroyed	248
2026-08-13T15:23:09Z	NULL125	4192	ragnarok	215139	A	C	tiebreak	1000
2026-08-13T15:23:13Z	NULL125	4193	ragnarok	215139	B	C	core_destroyed	217
2026-08-13T15:23:14Z	NULL125	4194	royale	215139	A	C	core_destroyed	176
2026-08-13T15:23:16Z	NULL125	4195	royale	215139	B	T	core_destroyed	321
2026-08-13T15:23:18Z	NULL125	4196	valkyrie	215139	A	T	core_destroyed	163
2026-08-13T15:23:21Z	NULL125	4197	valkyrie	215139	B	T	core_destroyed	119
2026-08-13T15:23:22Z	NULL125	4198	yulerune	215139	A	C	core_destroyed	141
2026-08-13T15:23:26Z	NULL125	4199	yulerune	215139	B	T	core_destroyed	295
2026-08-13T15:23:28Z	NULL125	4200	antler	215140	A	C	core_destroyed	136
2026-08-13T15:23:31Z	NULL125	4201	antler	215140	B	C	core_destroyed	288
2026-08-13T15:23:35Z	NULL125	4202	archipelago	215140	A	C	core_destroyed	211
2026-08-13T15:23:37Z	NULL125	4203	archipelago	215140	B	C	core_destroyed	103
2026-08-13T15:23:38Z	NULL125	4204	auroraveil	215140	A	C	core_destroyed	217
2026-08-13T15:23:41Z	NULL125	4205	auroraveil	215140	B	C	core_destroyed	186
2026-08-13T15:23:55Z	NULL125	4206	drakkarfjord	215140	A	T	core_destroyed	825
2026-08-13T15:24:04Z	NULL125	4207	drakkarfjord	215140	B	T	tiebreak	1000
2026-08-13T15:24:07Z	NULL125	4208	drumlin	215140	A	C	core_destroyed	214
2026-08-13T15:24:09Z	NULL125	4209	drumlin	215140	B	C	core_destroyed	589
2026-08-13T15:24:11Z	NULL125	4210	fjordgate	215140	A	C	core_destroyed	264
2026-08-13T15:24:12Z	NULL125	4211	fjordgate	215140	B	T	core_destroyed	213
2026-08-13T15:24:14Z	NULL125	4212	frostgate	215140	A	C	core_destroyed	167
2026-08-13T15:24:15Z	NULL125	4213	frostgate	215140	B	C	core_destroyed	158
2026-08-13T15:24:28Z	NULL125	4214	glacierkeep	215140	A	T	tiebreak	1000
2026-08-13T15:24:30Z	NULL125	4215	glacierkeep	215140	B	T	core_destroyed	168
2026-08-13T15:24:33Z	NULL125	4216	icefloe	215140	A	T	core_destroyed	236
2026-08-13T15:24:35Z	NULL125	4217	icefloe	215140	B	C	core_destroyed	251
2026-08-13T15:24:37Z	NULL125	4218	midgard	215140	A	T	core_destroyed	79
2026-08-13T15:24:41Z	NULL125	4219	midgard	215140	B	T	core_destroyed	198
2026-08-13T15:24:43Z	NULL125	4220	nordkap	215140	A	T	core_destroyed	234
2026-08-13T15:24:45Z	NULL125	4221	nordkap	215140	B	C	core_destroyed	212
2026-08-13T15:24:48Z	NULL125	4222	ragnarok	215140	A	C	core_destroyed	154
2026-08-13T15:24:53Z	NULL125	4223	ragnarok	215140	B	T	core_destroyed	210
2026-08-13T15:24:55Z	NULL125	4224	royale	215140	A	C	core_destroyed	276
2026-08-13T15:24:57Z	NULL125	4225	royale	215140	B	T	core_destroyed	324
2026-08-13T15:24:59Z	NULL125	4226	valkyrie	215140	A	T	core_destroyed	141
2026-08-13T15:25:03Z	NULL125	4227	valkyrie	215140	B	C	core_destroyed	410
2026-08-13T15:25:06Z	NULL125	4228	yulerune	215140	A	C	core_destroyed	252
2026-08-13T15:25:10Z	NULL125	4229	yulerune	215140	B	T	core_destroyed	278
2026-08-13T15:25:14Z	NULL125	4230	antler	215141	A	C	core_destroyed	612
2026-08-13T15:25:16Z	NULL125	4231	antler	215141	B	C	tiebreak	1000
2026-08-13T15:25:18Z	NULL125	4232	archipelago	215141	A	T	core_destroyed	111
2026-08-13T15:25:21Z	NULL125	4233	archipelago	215141	B	T	core_destroyed	216
2026-08-13T15:25:24Z	NULL125	4234	auroraveil	215141	A	C	core_destroyed	413
2026-08-13T15:25:26Z	NULL125	4235	auroraveil	215141	B	T	core_destroyed	129
2026-08-13T15:25:31Z	NULL125	4236	drakkarfjord	215141	A	T	core_destroyed	288
2026-08-13T15:25:35Z	NULL125	4237	drakkarfjord	215141	B	T	core_destroyed	383
2026-08-13T15:25:45Z	NULL125	4238	drumlin	215141	A	T	core_destroyed	657
2026-08-13T15:25:47Z	NULL125	4239	drumlin	215141	B	C	core_destroyed	337
2026-08-13T15:25:49Z	NULL125	4240	fjordgate	215141	A	C	core_destroyed	247
2026-08-13T15:25:50Z	NULL125	4241	fjordgate	215141	B	C	core_destroyed	237
2026-08-13T15:25:52Z	NULL125	4242	frostgate	215141	A	C	core_destroyed	311
2026-08-13T15:25:54Z	NULL125	4243	frostgate	215141	B	T	core_destroyed	340
2026-08-13T15:25:56Z	NULL125	4244	glacierkeep	215141	A	T	core_destroyed	131
2026-08-13T15:26:01Z	NULL125	4245	glacierkeep	215141	B	T	core_destroyed	591
2026-08-13T15:26:03Z	NULL125	4246	icefloe	215141	A	T	core_destroyed	174
2026-08-13T15:26:06Z	NULL125	4247	icefloe	215141	B	C	core_destroyed	366
2026-08-13T15:26:09Z	NULL125	4248	midgard	215141	A	C	core_destroyed	101
2026-08-13T15:26:11Z	NULL125	4249	midgard	215141	B	T	core_destroyed	118
2026-08-13T15:26:13Z	NULL125	4250	nordkap	215141	A	C	core_destroyed	190
2026-08-13T15:26:14Z	NULL125	4251	nordkap	215141	B	C	core_destroyed	184
2026-08-13T15:26:18Z	NULL125	4252	ragnarok	215141	A	C	core_destroyed	168
2026-08-13T15:26:20Z	NULL125	4253	ragnarok	215141	B	C	core_destroyed	115
2026-08-13T15:26:21Z	NULL125	4254	royale	215141	A	C	core_destroyed	276
2026-08-13T15:26:24Z	NULL125	4255	royale	215141	B	T	tiebreak	1000
2026-08-13T15:26:26Z	NULL125	4256	valkyrie	215141	A	T	core_destroyed	201
2026-08-13T15:26:30Z	NULL125	4257	valkyrie	215141	B	C	core_destroyed	205
2026-08-13T15:26:32Z	NULL125	4258	yulerune	215141	A	T	core_destroyed	125
2026-08-13T15:26:37Z	NULL125	4259	yulerune	215141	B	C	core_destroyed	376
2026-08-13T15:26:38Z	NULL125	4260	antler	215142	A	C	core_destroyed	236
2026-08-13T15:26:41Z	NULL125	4261	antler	215142	B	T	core_destroyed	383
2026-08-13T15:26:43Z	NULL125	4262	archipelago	215142	A	T	core_destroyed	165
2026-08-13T15:26:51Z	NULL125	4263	archipelago	215142	B	C	core_destroyed	407
2026-08-13T15:26:52Z	NULL125	4264	auroraveil	215142	A	T	core_destroyed	120
2026-08-13T15:26:53Z	NULL125	4265	auroraveil	215142	B	C	core_destroyed	109
2026-08-13T15:26:58Z	NULL125	4266	drakkarfjord	215142	A	C	core_destroyed	681
2026-08-13T15:27:04Z	NULL125	4267	drakkarfjord	215142	B	T	core_destroyed	429
2026-08-13T15:27:06Z	NULL125	4268	drumlin	215142	A	C	core_destroyed	184
2026-08-13T15:27:08Z	NULL125	4269	drumlin	215142	B	C	core_destroyed	147
2026-08-13T15:27:09Z	NULL125	4270	fjordgate	215142	A	T	core_destroyed	136
2026-08-13T15:27:14Z	NULL125	4271	fjordgate	215142	B	C	tiebreak	1000
2026-08-13T15:27:17Z	NULL125	4272	frostgate	215142	A	T	core_destroyed	558
2026-08-13T15:27:19Z	NULL125	4273	frostgate	215142	B	C	core_destroyed	374
2026-08-13T15:27:21Z	NULL125	4274	glacierkeep	215142	A	C	core_destroyed	219
2026-08-13T15:27:24Z	NULL125	4275	glacierkeep	215142	B	T	core_destroyed	431
2026-08-13T15:27:26Z	NULL125	4276	icefloe	215142	A	T	core_destroyed	152
2026-08-13T15:27:28Z	NULL125	4277	icefloe	215142	B	C	core_destroyed	128
2026-08-13T15:27:30Z	NULL125	4278	midgard	215142	A	T	core_destroyed	112
2026-08-13T15:27:32Z	NULL125	4279	midgard	215142	B	C	core_destroyed	80
2026-08-13T15:27:34Z	NULL125	4280	nordkap	215142	A	T	core_destroyed	133
2026-08-13T15:27:38Z	NULL125	4281	nordkap	215142	B	T	core_destroyed	417
2026-08-13T15:28:23Z	NULL125	4282	ragnarok	215142	A	C	tiebreak	1000
2026-08-13T15:28:39Z	NULL125	4283	ragnarok	215142	B	T	core_destroyed	517
2026-08-13T15:28:40Z	NULL125	4284	royale	215142	A	T	core_destroyed	403
2026-08-13T15:28:41Z	NULL125	4285	royale	215142	B	T	core_destroyed	137
2026-08-13T15:28:43Z	NULL125	4286	valkyrie	215142	A	T	core_destroyed	130
2026-08-13T15:28:50Z	NULL125	4287	valkyrie	215142	B	C	core_destroyed	545
2026-08-13T15:28:52Z	NULL125	4288	yulerune	215142	A	T	core_destroyed	189
2026-08-13T15:28:55Z	NULL125	4289	yulerune	215142	B	C	core_destroyed	277
2026-08-13T15:29:00Z	NULL125	4290	antler	215143	A	T	core_destroyed	969
2026-08-13T15:29:02Z	NULL125	4291	antler	215143	B	T	core_destroyed	247
2026-08-13T15:29:06Z	NULL125	4292	archipelago	215143	A	T	core_destroyed	349
2026-08-13T15:29:09Z	NULL125	4293	archipelago	215143	B	C	core_destroyed	188
2026-08-13T15:29:11Z	NULL125	4294	auroraveil	215143	A	C	core_destroyed	169
2026-08-13T15:29:14Z	NULL125	4295	auroraveil	215143	B	T	core_destroyed	307
2026-08-13T15:29:17Z	NULL125	4296	drakkarfjord	215143	A	T	core_destroyed	254
2026-08-13T15:29:19Z	NULL125	4297	drakkarfjord	215143	B	T	core_destroyed	117
2026-08-13T15:29:23Z	NULL125	4298	drumlin	215143	A	T	core_destroyed	331
2026-08-13T15:29:26Z	NULL125	4299	drumlin	215143	B	C	core_destroyed	235
2026-08-13T15:29:27Z	NULL125	4300	fjordgate	215143	A	T	core_destroyed	170
2026-08-13T15:29:28Z	NULL125	4301	fjordgate	215143	B	C	core_destroyed	241
2026-08-13T15:29:31Z	NULL125	4302	frostgate	215143	A	C	tiebreak	1000
2026-08-13T15:29:32Z	NULL125	4303	frostgate	215143	B	C	core_destroyed	167
2026-08-13T15:29:36Z	NULL125	4304	glacierkeep	215143	A	C	core_destroyed	616
2026-08-13T15:29:39Z	NULL125	4305	glacierkeep	215143	B	C	core_destroyed	224
2026-08-13T15:29:42Z	NULL125	4306	icefloe	215143	A	T	core_destroyed	314
2026-08-13T15:29:44Z	NULL125	4307	icefloe	215143	B	T	core_destroyed	240
2026-08-13T15:29:48Z	NULL125	4308	midgard	215143	A	C	core_destroyed	202
2026-08-13T15:29:53Z	NULL125	4309	midgard	215143	B	T	core_destroyed	211
2026-08-13T15:29:54Z	NULL125	4310	nordkap	215143	A	T	core_destroyed	158
2026-08-13T15:29:55Z	NULL125	4311	nordkap	215143	B	C	core_destroyed	170
2026-08-13T15:29:58Z	NULL125	4312	ragnarok	215143	A	T	core_destroyed	151
2026-08-13T15:30:01Z	NULL125	4313	ragnarok	215143	B	T	core_destroyed	138
2026-08-13T15:30:02Z	NULL125	4314	royale	215143	A	C	core_destroyed	192
2026-08-13T15:30:04Z	NULL125	4315	royale	215143	B	T	tiebreak	1000
2026-08-13T15:30:10Z	NULL125	4316	valkyrie	215143	A	T	core_destroyed	324
2026-08-13T15:30:11Z	NULL125	4317	valkyrie	215143	B	T	core_destroyed	89
2026-08-13T15:30:13Z	NULL125	4318	yulerune	215143	A	T	core_destroyed	151
2026-08-13T15:30:15Z	NULL125	4319	yulerune	215143	B	T	core_destroyed	169
2026-08-13T15:30:17Z	NULL125	4320	antler	215144	A	T	core_destroyed	273
2026-08-13T15:30:19Z	NULL125	4321	antler	215144	B	T	core_destroyed	132
2026-08-13T15:30:20Z	NULL125	4322	archipelago	215144	A	T	core_destroyed	82
2026-08-13T15:30:23Z	NULL125	4323	archipelago	215144	B	C	core_destroyed	186
2026-08-13T15:30:25Z	NULL125	4324	auroraveil	215144	A	T	tiebreak	1000
2026-08-13T15:30:26Z	NULL125	4325	auroraveil	215144	B	T	core_destroyed	183
2026-08-13T15:30:30Z	NULL125	4326	drakkarfjord	215144	A	T	core_destroyed	239
2026-08-13T15:30:34Z	NULL125	4327	drakkarfjord	215144	B	T	core_destroyed	277
2026-08-13T15:30:39Z	NULL125	4328	drumlin	215144	A	C	core_destroyed	419
2026-08-13T15:30:45Z	NULL125	4329	drumlin	215144	B	T	core_destroyed	347
2026-08-13T15:30:47Z	NULL125	4330	fjordgate	215144	A	T	core_destroyed	221
2026-08-13T15:30:48Z	NULL125	4331	fjordgate	215144	B	T	core_destroyed	124
2026-08-13T15:30:49Z	NULL125	4332	frostgate	215144	A	T	core_destroyed	129
2026-08-13T15:30:50Z	NULL125	4333	frostgate	215144	B	C	core_destroyed	229
2026-08-13T15:30:53Z	NULL125	4334	glacierkeep	215144	A	C	core_destroyed	203
2026-08-13T15:30:54Z	NULL125	4335	glacierkeep	215144	B	T	core_destroyed	224
2026-08-13T15:30:58Z	NULL125	4336	icefloe	215144	A	T	core_destroyed	530
2026-08-13T15:31:08Z	NULL125	4337	icefloe	215144	B	C	tiebreak	1000
2026-08-13T15:31:10Z	NULL125	4338	midgard	215144	A	T	core_destroyed	77
2026-08-13T15:31:13Z	NULL125	4339	midgard	215144	B	C	core_destroyed	380
2026-08-13T15:31:15Z	NULL125	4340	nordkap	215144	A	C	tiebreak	1000
2026-08-13T15:31:17Z	NULL125	4341	nordkap	215144	B	C	core_destroyed	109
2026-08-13T15:31:21Z	NULL125	4342	ragnarok	215144	A	C	core_destroyed	200
2026-08-13T15:31:23Z	NULL125	4343	ragnarok	215144	B	C	core_destroyed	220
2026-08-13T15:31:25Z	NULL125	4344	royale	215144	A	C	core_destroyed	250
2026-08-13T15:31:27Z	NULL125	4345	royale	215144	B	T	core_destroyed	533
2026-08-13T15:31:29Z	NULL125	4346	valkyrie	215144	A	C	core_destroyed	134
2026-08-13T15:31:35Z	NULL125	4347	valkyrie	215144	B	T	tiebreak	1000
2026-08-13T15:31:36Z	NULL125	4348	yulerune	215144	A	T	core_destroyed	192
2026-08-13T15:31:38Z	NULL125	4349	yulerune	215144	B	T	core_destroyed	289
2026-08-13T15:31:42Z	NULL125	4350	antler	215145	A	C	tiebreak	1000
2026-08-13T15:31:44Z	NULL125	4351	antler	215145	B	T	core_destroyed	264
2026-08-13T15:31:46Z	NULL125	4352	archipelago	215145	A	T	core_destroyed	165
2026-08-13T15:31:49Z	NULL125	4353	archipelago	215145	B	C	core_destroyed	324
2026-08-13T15:31:50Z	NULL125	4354	auroraveil	215145	A	T	core_destroyed	122
2026-08-13T15:31:52Z	NULL125	4355	auroraveil	215145	B	C	core_destroyed	150
2026-08-13T15:31:54Z	NULL125	4356	drakkarfjord	215145	A	C	core_destroyed	161
2026-08-13T15:31:56Z	NULL125	4357	drakkarfjord	215145	B	T	core_destroyed	160
2026-08-13T15:32:00Z	NULL125	4358	drumlin	215145	A	T	tiebreak	1000
2026-08-13T15:32:01Z	NULL125	4359	drumlin	215145	B	T	core_destroyed	149
2026-08-13T15:32:03Z	NULL125	4360	fjordgate	215145	A	T	core_destroyed	181
2026-08-13T15:32:05Z	NULL125	4361	fjordgate	215145	B	T	core_destroyed	717
2026-08-13T15:32:07Z	NULL125	4362	frostgate	215145	A	T	core_destroyed	279
2026-08-13T15:32:09Z	NULL125	4363	frostgate	215145	B	C	core_destroyed	513
2026-08-13T15:32:11Z	NULL125	4364	glacierkeep	215145	A	T	core_destroyed	194
2026-08-13T15:32:13Z	NULL125	4365	glacierkeep	215145	B	C	core_destroyed	275
2026-08-13T15:32:15Z	NULL125	4366	icefloe	215145	A	T	core_destroyed	261
2026-08-13T15:32:16Z	NULL125	4367	icefloe	215145	B	C	core_destroyed	120
2026-08-13T15:32:19Z	NULL125	4368	midgard	215145	A	T	core_destroyed	127
2026-08-13T15:32:21Z	NULL125	4369	midgard	215145	B	T	core_destroyed	95
2026-08-13T15:32:23Z	NULL125	4370	nordkap	215145	A	T	core_destroyed	173
2026-08-13T15:32:27Z	NULL125	4371	nordkap	215145	B	T	core_destroyed	735
2026-08-13T15:32:30Z	NULL125	4372	ragnarok	215145	A	T	core_destroyed	125
2026-08-13T15:32:32Z	NULL125	4373	ragnarok	215145	B	C	core_destroyed	177
2026-08-13T15:32:33Z	NULL125	4374	royale	215145	A	C	core_destroyed	153
2026-08-13T15:32:35Z	NULL125	4375	royale	215145	B	C	core_destroyed	226
2026-08-13T15:32:38Z	NULL125	4376	valkyrie	215145	A	C	core_destroyed	210
2026-08-13T15:32:41Z	NULL125	4377	valkyrie	215145	B	T	core_destroyed	202
2026-08-13T15:32:43Z	NULL125	4378	yulerune	215145	A	T	core_destroyed	196
2026-08-13T15:32:46Z	NULL125	4379	yulerune	215145	B	C	core_destroyed	295
2026-08-13T15:32:47Z	NULL125	4380	antler	215146	A	C	core_destroyed	141
2026-08-13T15:32:49Z	NULL125	4381	antler	215146	B	T	core_destroyed	161
2026-08-13T15:32:50Z	NULL125	4382	archipelago	215146	A	C	core_destroyed	90
2026-08-13T15:32:52Z	NULL125	4383	archipelago	215146	B	T	core_destroyed	78
2026-08-13T15:32:54Z	NULL125	4384	auroraveil	215146	A	T	core_destroyed	121
2026-08-13T15:32:55Z	NULL125	4385	auroraveil	215146	B	C	core_destroyed	109
2026-08-13T15:33:06Z	NULL125	4386	drakkarfjord	215146	A	C	tiebreak	1000
2026-08-13T15:33:18Z	NULL125	4387	drakkarfjord	215146	B	T	tiebreak	1000
2026-08-13T15:33:23Z	NULL125	4388	drumlin	215146	A	C	core_destroyed	428
2026-08-13T15:33:25Z	NULL125	4389	drumlin	215146	B	C	core_destroyed	125
2026-08-13T15:33:26Z	NULL125	4390	fjordgate	215146	A	C	core_destroyed	177
2026-08-13T15:33:27Z	NULL125	4391	fjordgate	215146	B	C	core_destroyed	180
2026-08-13T15:33:29Z	NULL125	4392	frostgate	215146	A	C	core_destroyed	208
2026-08-13T15:33:31Z	NULL125	4393	frostgate	215146	B	T	core_destroyed	184
2026-08-13T15:33:33Z	NULL125	4394	glacierkeep	215146	A	T	core_destroyed	201
2026-08-13T15:33:36Z	NULL125	4395	glacierkeep	215146	B	C	core_destroyed	337
2026-08-13T15:33:39Z	NULL125	4396	icefloe	215146	A	C	core_destroyed	367
2026-08-13T15:33:40Z	NULL125	4397	icefloe	215146	B	C	core_destroyed	169
2026-08-13T15:33:43Z	NULL125	4398	midgard	215146	A	T	core_destroyed	85
2026-08-13T15:33:45Z	NULL125	4399	midgard	215146	B	T	core_destroyed	152
2026-08-13T15:33:48Z	NULL125	4400	nordkap	215146	A	T	tiebreak	1000
2026-08-13T15:33:50Z	NULL125	4401	nordkap	215146	B	T	core_destroyed	251
2026-08-13T15:33:53Z	NULL125	4402	ragnarok	215146	A	C	core_destroyed	157
2026-08-13T15:34:32Z	NULL125	4403	ragnarok	215146	B	C	tiebreak	1000
2026-08-13T15:34:33Z	NULL125	4404	royale	215146	A	C	core_destroyed	180
2026-08-13T15:34:36Z	NULL125	4405	royale	215146	B	T	core_destroyed	589
2026-08-13T15:34:40Z	NULL125	4406	valkyrie	215146	A	C	core_destroyed	359
2026-08-13T15:34:43Z	NULL125	4407	valkyrie	215146	B	T	core_destroyed	235
2026-08-13T15:34:44Z	NULL125	4408	yulerune	215146	A	T	core_destroyed	131
2026-08-13T15:34:46Z	NULL125	4409	yulerune	215146	B	C	core_destroyed	185
2026-08-13T15:34:48Z	NULL125	4410	antler	215147	A	T	core_destroyed	249
2026-08-13T15:34:52Z	NULL125	4411	antler	215147	B	T	tiebreak	1000
2026-08-13T15:35:02Z	NULL125	4412	archipelago	215147	A	C	core_destroyed	490
2026-08-13T15:35:05Z	NULL125	4413	archipelago	215147	B	T	core_destroyed	137
2026-08-13T15:35:07Z	NULL125	4414	auroraveil	215147	A	C	core_destroyed	204
2026-08-13T15:35:08Z	NULL125	4415	auroraveil	215147	B	C	core_destroyed	139
2026-08-13T15:35:10Z	NULL125	4416	drakkarfjord	215147	A	T	core_destroyed	146
2026-08-13T15:35:13Z	NULL125	4417	drakkarfjord	215147	B	C	core_destroyed	163
2026-08-13T15:35:17Z	NULL125	4418	drumlin	215147	A	C	core_destroyed	399
2026-08-13T15:35:21Z	NULL125	4419	drumlin	215147	B	T	core_destroyed	487
2026-08-13T15:35:22Z	NULL125	4420	fjordgate	215147	A	T	core_destroyed	173
2026-08-13T15:35:24Z	NULL125	4421	fjordgate	215147	B	C	core_destroyed	370
2026-08-13T15:35:26Z	NULL125	4422	frostgate	215147	A	C	core_destroyed	174
2026-08-13T15:35:27Z	NULL125	4423	frostgate	215147	B	C	core_destroyed	180
2026-08-13T15:35:53Z	NULL125	4424	glacierkeep	215147	A	T	tiebreak	1000
2026-08-13T15:35:55Z	NULL125	4425	glacierkeep	215147	B	C	core_destroyed	196
2026-08-13T15:35:58Z	NULL125	4426	icefloe	215147	A	T	core_destroyed	275
2026-08-13T15:35:59Z	NULL125	4427	icefloe	215147	B	T	core_destroyed	165
2026-08-13T15:36:02Z	NULL125	4428	midgard	215147	A	C	core_destroyed	197
2026-08-13T15:36:08Z	NULL125	4429	midgard	215147	B	T	core_destroyed	436
2026-08-13T15:36:09Z	NULL125	4430	nordkap	215147	A	T	core_destroyed	207
2026-08-13T15:36:11Z	NULL125	4431	nordkap	215147	B	C	core_destroyed	229
2026-08-13T15:36:31Z	NULL125	4432	ragnarok	215147	A	C	core_destroyed	550
2026-08-13T15:36:38Z	NULL125	4433	ragnarok	215147	B	C	core_destroyed	328
2026-08-13T15:36:39Z	NULL125	4434	royale	215147	A	T	core_destroyed	321
2026-08-13T15:36:41Z	NULL125	4435	royale	215147	B	T	core_destroyed	276
2026-08-13T15:36:45Z	NULL125	4436	valkyrie	215147	A	T	core_destroyed	291
2026-08-13T15:36:46Z	NULL125	4437	valkyrie	215147	B	T	core_destroyed	93
2026-08-13T15:36:48Z	NULL125	4438	yulerune	215147	A	C	core_destroyed	186
2026-08-13T15:36:51Z	NULL125	4439	yulerune	215147	B	T	core_destroyed	355
2026-08-13T15:36:52Z	NULL125	4440	antler	215148	A	T	core_destroyed	145
2026-08-13T15:36:54Z	NULL125	4441	antler	215148	B	C	core_destroyed	146
2026-08-13T15:36:55Z	NULL125	4442	archipelago	215148	A	C	core_destroyed	92
2026-08-13T15:36:58Z	NULL125	4443	archipelago	215148	B	T	core_destroyed	148
2026-08-13T15:37:00Z	NULL125	4444	auroraveil	215148	A	C	core_destroyed	161
2026-08-13T15:37:01Z	NULL125	4445	auroraveil	215148	B	C	core_destroyed	277
2026-08-13T15:37:08Z	NULL125	4446	drakkarfjord	215148	A	T	core_destroyed	409
2026-08-13T15:37:24Z	NULL125	4447	drakkarfjord	215148	B	T	tiebreak	1000
2026-08-13T15:37:26Z	NULL125	4448	drumlin	215148	A	T	core_destroyed	219
2026-08-13T15:37:27Z	NULL125	4449	drumlin	215148	B	T	core_destroyed	92
2026-08-13T15:37:30Z	NULL125	4450	fjordgate	215148	A	T	tiebreak	1000
2026-08-13T15:37:31Z	NULL125	4451	fjordgate	215148	B	C	core_destroyed	145
2026-08-13T15:37:33Z	NULL125	4452	frostgate	215148	A	C	tiebreak	1000
2026-08-13T15:37:35Z	NULL125	4453	frostgate	215148	B	T	core_destroyed	160
2026-08-13T15:37:39Z	NULL125	4454	glacierkeep	215148	A	T	core_destroyed	284
2026-08-13T15:37:42Z	NULL125	4455	glacierkeep	215148	B	T	core_destroyed	264
2026-08-13T15:37:44Z	NULL125	4456	icefloe	215148	A	T	core_destroyed	165
2026-08-13T15:37:47Z	NULL125	4457	icefloe	215148	B	T	core_destroyed	283
2026-08-13T15:37:53Z	NULL125	4458	midgard	215148	A	C	core_destroyed	341
2026-08-13T15:37:56Z	NULL125	4459	midgard	215148	B	T	core_destroyed	86
2026-08-13T15:37:58Z	NULL125	4460	nordkap	215148	A	C	core_destroyed	222
2026-08-13T15:37:59Z	NULL125	4461	nordkap	215148	B	C	core_destroyed	222
2026-08-13T15:38:03Z	NULL125	4462	ragnarok	215148	A	C	core_destroyed	167
2026-08-13T15:38:05Z	NULL125	4463	ragnarok	215148	B	C	core_destroyed	125
2026-08-13T15:38:06Z	NULL125	4464	royale	215148	A	T	core_destroyed	116
2026-08-13T15:38:08Z	NULL125	4465	royale	215148	B	C	core_destroyed	247
2026-08-13T15:38:10Z	NULL125	4466	valkyrie	215148	A	C	core_destroyed	162
2026-08-13T15:38:21Z	NULL125	4467	valkyrie	215148	B	T	tiebreak	1000
2026-08-13T15:38:24Z	NULL125	4468	yulerune	215148	A	C	core_destroyed	318
2026-08-13T15:38:26Z	NULL125	4469	yulerune	215148	B	T	core_destroyed	182
2026-08-13T15:38:28Z	NULL125	4470	antler	215149	A	C	core_destroyed	152
2026-08-13T15:38:29Z	NULL125	4471	antler	215149	B	T	core_destroyed	200
2026-08-13T15:38:32Z	NULL125	4472	archipelago	215149	A	C	core_destroyed	184
2026-08-13T15:38:33Z	NULL125	4473	archipelago	215149	B	T	core_destroyed	69
2026-08-13T15:38:37Z	NULL125	4474	auroraveil	215149	A	T	core_destroyed	499
2026-08-13T15:38:39Z	NULL125	4475	auroraveil	215149	B	C	core_destroyed	156
2026-08-13T15:38:41Z	NULL125	4476	drakkarfjord	215149	A	T	core_destroyed	132
2026-08-13T15:38:50Z	NULL125	4477	drakkarfjord	215149	B	C	core_destroyed	702
2026-08-13T15:38:51Z	NULL125	4478	drumlin	215149	A	T	core_destroyed	117
2026-08-13T15:38:57Z	NULL125	4479	drumlin	215149	B	T	core_destroyed	458
2026-08-13T15:38:58Z	NULL125	4480	fjordgate	215149	A	C	core_destroyed	189
2026-08-13T15:38:59Z	NULL125	4481	fjordgate	215149	B	C	core_destroyed	109
2026-08-13T15:39:01Z	NULL125	4482	frostgate	215149	A	C	core_destroyed	181
2026-08-13T15:39:02Z	NULL125	4483	frostgate	215149	B	C	core_destroyed	182
2026-08-13T15:39:05Z	NULL125	4484	glacierkeep	215149	A	T	tiebreak	1000
2026-08-13T15:39:07Z	NULL125	4485	glacierkeep	215149	B	C	core_destroyed	173
2026-08-13T15:39:09Z	NULL125	4486	icefloe	215149	A	C	core_destroyed	125
2026-08-13T15:39:10Z	NULL125	4487	icefloe	215149	B	C	core_destroyed	142
2026-08-13T15:39:15Z	NULL125	4488	midgard	215149	A	C	core_destroyed	208
2026-08-13T15:39:17Z	NULL125	4489	midgard	215149	B	C	core_destroyed	128
2026-08-13T15:39:19Z	NULL125	4490	nordkap	215149	A	T	core_destroyed	170
2026-08-13T15:39:21Z	NULL125	4491	nordkap	215149	B	T	core_destroyed	210
2026-08-13T15:39:24Z	NULL125	4492	ragnarok	215149	A	C	core_destroyed	147
2026-08-13T15:39:27Z	NULL125	4493	ragnarok	215149	B	C	core_destroyed	129
2026-08-13T15:39:28Z	NULL125	4494	royale	215149	A	C	core_destroyed	142
2026-08-13T15:39:31Z	NULL125	4495	royale	215149	B	T	core_destroyed	262
2026-08-13T15:39:33Z	NULL125	4496	valkyrie	215149	A	T	core_destroyed	169
2026-08-13T15:39:39Z	NULL125	4497	valkyrie	215149	B	T	core_destroyed	513
2026-08-13T15:39:42Z	NULL125	4498	yulerune	215149	A	C	core_destroyed	546
2026-08-13T15:39:48Z	NULL125	4499	yulerune	215149	B	T	core_destroyed	845
2026-08-13T15:39:50Z	NULL125	4500	antler	215150	A	T	core_destroyed	196
2026-08-13T15:39:51Z	NULL125	4501	antler	215150	B	C	core_destroyed	296
2026-08-13T15:39:54Z	NULL125	4502	archipelago	215150	A	C	core_destroyed	159
2026-08-13T15:39:56Z	NULL125	4503	archipelago	215150	B	C	core_destroyed	133
2026-08-13T15:39:58Z	NULL125	4504	auroraveil	215150	A	C	core_destroyed	523
2026-08-13T15:40:00Z	NULL125	4505	auroraveil	215150	B	T	core_destroyed	134
2026-08-13T15:40:14Z	NULL125	4506	drakkarfjord	215150	A	C	tiebreak	1000
2026-08-13T15:40:16Z	NULL125	4507	drakkarfjord	215150	B	T	core_destroyed	107
2026-08-13T15:40:18Z	NULL125	4508	drumlin	215150	A	C	core_destroyed	177
2026-08-13T15:40:19Z	NULL125	4509	drumlin	215150	B	C	core_destroyed	161
2026-08-13T15:40:21Z	NULL125	4510	fjordgate	215150	A	C	core_destroyed	237
2026-08-13T15:40:22Z	NULL125	4511	fjordgate	215150	B	T	core_destroyed	186
2026-08-13T15:40:23Z	NULL125	4512	frostgate	215150	A	T	core_destroyed	183
2026-08-13T15:40:25Z	NULL125	4513	frostgate	215150	B	C	core_destroyed	153
2026-08-13T15:40:28Z	NULL125	4514	glacierkeep	215150	A	T	core_destroyed	201
2026-08-13T15:40:30Z	NULL125	4515	glacierkeep	215150	B	T	core_destroyed	352
2026-08-13T15:40:32Z	NULL125	4516	icefloe	215150	A	C	core_destroyed	206
2026-08-13T15:40:38Z	NULL125	4517	icefloe	215150	B	C	core_destroyed	487
2026-08-13T15:40:41Z	NULL125	4518	midgard	215150	A	T	core_destroyed	87
2026-08-13T15:40:43Z	NULL125	4519	midgard	215150	B	T	core_destroyed	89
2026-08-13T15:40:45Z	NULL125	4520	nordkap	215150	A	T	core_destroyed	252
2026-08-13T15:40:46Z	NULL125	4521	nordkap	215150	B	T	core_destroyed	152
2026-08-13T15:40:49Z	NULL125	4522	ragnarok	215150	A	T	core_destroyed	126
2026-08-13T15:40:52Z	NULL125	4523	ragnarok	215150	B	T	core_destroyed	145
2026-08-13T15:40:56Z	NULL125	4524	royale	215150	A	T	core_destroyed	677
2026-08-13T15:40:57Z	NULL125	4525	royale	215150	B	C	core_destroyed	128
2026-08-13T15:40:59Z	NULL125	4526	valkyrie	215150	A	T	core_destroyed	186
2026-08-13T15:41:06Z	NULL125	4527	valkyrie	215150	B	T	tiebreak	1000
2026-08-13T15:41:08Z	NULL125	4528	yulerune	215150	A	C	core_destroyed	271
2026-08-13T15:41:11Z	NULL125	4529	yulerune	215150	B	T	core_destroyed	224
2026-08-13T15:41:13Z	NULL125	4530	antler	215151	A	C	core_destroyed	292
2026-08-13T15:41:16Z	NULL125	4531	antler	215151	B	C	core_destroyed	589
2026-08-13T15:41:18Z	NULL125	4532	archipelago	215151	A	T	core_destroyed	159
2026-08-13T15:41:21Z	NULL125	4533	archipelago	215151	B	C	core_destroyed	292
2026-08-13T15:41:23Z	NULL125	4534	auroraveil	215151	A	T	core_destroyed	242
2026-08-13T15:41:24Z	NULL125	4535	auroraveil	215151	B	C	core_destroyed	140
2026-08-13T15:41:28Z	NULL125	4536	drakkarfjord	215151	A	T	core_destroyed	403
2026-08-13T15:41:39Z	NULL125	4537	drakkarfjord	215151	B	T	tiebreak	1000
2026-08-13T15:41:42Z	NULL125	4538	drumlin	215151	A	C	core_destroyed	326
2026-08-13T15:41:44Z	NULL125	4539	drumlin	215151	B	T	core_destroyed	187
2026-08-13T15:41:48Z	NULL125	4540	fjordgate	215151	A	C	tiebreak	1000
2026-08-13T15:41:49Z	NULL125	4541	fjordgate	215151	B	T	core_destroyed	311
2026-08-13T15:41:51Z	NULL125	4542	frostgate	215151	A	T	core_destroyed	202
2026-08-13T15:41:53Z	NULL125	4543	frostgate	215151	B	C	core_destroyed	156
2026-08-13T15:41:56Z	NULL125	4544	glacierkeep	215151	A	T	core_destroyed	343
2026-08-13T15:41:58Z	NULL125	4545	glacierkeep	215151	B	C	core_destroyed	272
2026-08-13T15:42:01Z	NULL125	4546	icefloe	215151	A	C	core_destroyed	355
2026-08-13T15:42:04Z	NULL125	4547	icefloe	215151	B	C	core_destroyed	257
2026-08-13T15:42:07Z	NULL125	4548	midgard	215151	A	T	core_destroyed	247
2026-08-13T15:42:09Z	NULL125	4549	midgard	215151	B	C	core_destroyed	87
2026-08-13T15:42:12Z	NULL125	4550	nordkap	215151	A	T	core_destroyed	256
2026-08-13T15:42:15Z	NULL125	4551	nordkap	215151	B	C	core_destroyed	495
2026-08-13T15:43:01Z	NULL125	4552	ragnarok	215151	A	T	tiebreak	1000
2026-08-13T15:43:07Z	NULL125	4553	ragnarok	215151	B	C	core_destroyed	296
2026-08-13T15:43:08Z	NULL125	4554	royale	215151	A	T	core_destroyed	141
2026-08-13T15:43:09Z	NULL125	4555	royale	215151	B	T	core_destroyed	369
2026-08-13T15:43:14Z	NULL125	4556	valkyrie	215151	A	C	tiebreak	1000
2026-08-13T15:43:16Z	NULL125	4557	valkyrie	215151	B	T	core_destroyed	151
2026-08-13T15:43:21Z	NULL125	4558	yulerune	215151	A	C	core_destroyed	425
2026-08-13T15:43:22Z	NULL125	4559	yulerune	215151	B	T	core_destroyed	114
2026-08-13T15:43:24Z	NULL125	4560	antler	215152	A	T	core_destroyed	485
2026-08-13T15:43:26Z	NULL125	4561	antler	215152	B	T	core_destroyed	254
2026-08-13T15:43:28Z	NULL125	4562	archipelago	215152	A	C	core_destroyed	373
2026-08-13T15:43:30Z	NULL125	4563	archipelago	215152	B	C	core_destroyed	131
2026-08-13T15:43:34Z	NULL125	4564	auroraveil	215152	A	C	tiebreak	1000
2026-08-13T15:43:39Z	NULL125	4565	auroraveil	215152	B	T	core_destroyed	745
2026-08-13T15:43:43Z	NULL125	4566	drakkarfjord	215152	A	T	core_destroyed	293
2026-08-13T15:43:46Z	NULL125	4567	drakkarfjord	215152	B	C	core_destroyed	220
2026-08-13T15:43:50Z	NULL125	4568	drumlin	215152	A	C	core_destroyed	225
2026-08-13T15:43:53Z	NULL125	4569	drumlin	215152	B	T	core_destroyed	282
2026-08-13T15:43:54Z	NULL125	4570	fjordgate	215152	A	C	core_destroyed	268
2026-08-13T15:43:56Z	NULL125	4571	fjordgate	215152	B	C	core_destroyed	257
2026-08-13T15:43:58Z	NULL125	4572	frostgate	215152	A	T	core_destroyed	239
2026-08-13T15:44:01Z	NULL125	4573	frostgate	215152	B	T	core_destroyed	207
2026-08-13T15:44:03Z	NULL125	4574	glacierkeep	215152	A	T	core_destroyed	174
2026-08-13T15:44:10Z	NULL125	4575	glacierkeep	215152	B	C	tiebreak	1000
2026-08-13T15:44:13Z	NULL125	4576	icefloe	215152	A	C	core_destroyed	288
2026-08-13T15:44:16Z	NULL125	4577	icefloe	215152	B	T	core_destroyed	518
2026-08-13T15:44:18Z	NULL125	4578	midgard	215152	A	C	core_destroyed	91
2026-08-13T15:44:20Z	NULL125	4579	midgard	215152	B	T	core_destroyed	91
2026-08-13T15:44:25Z	NULL125	4580	nordkap	215152	A	T	core_destroyed	643
2026-08-13T15:44:26Z	NULL125	4581	nordkap	215152	B	T	core_destroyed	345
2026-08-13T15:44:29Z	NULL125	4582	ragnarok	215152	A	T	core_destroyed	128
2026-08-13T15:44:33Z	NULL125	4583	ragnarok	215152	B	T	core_destroyed	172
2026-08-13T15:44:34Z	NULL125	4584	royale	215152	A	T	core_destroyed	292
2026-08-13T15:44:35Z	NULL125	4585	royale	215152	B	C	core_destroyed	334
2026-08-13T15:44:37Z	NULL125	4586	valkyrie	215152	A	C	core_destroyed	113
2026-08-13T15:44:39Z	NULL125	4587	valkyrie	215152	B	C	core_destroyed	130
2026-08-13T15:44:40Z	NULL125	4588	yulerune	215152	A	C	core_destroyed	96
2026-08-13T15:44:43Z	NULL125	4589	yulerune	215152	B	T	core_destroyed	269
2026-08-13T15:44:45Z	NULL125	4590	antler	215153	A	C	core_destroyed	141
2026-08-13T15:44:47Z	NULL125	4591	antler	215153	B	T	core_destroyed	311
2026-08-13T15:44:49Z	NULL125	4592	archipelago	215153	A	C	core_destroyed	115
2026-08-13T15:44:51Z	NULL125	4593	archipelago	215153	B	C	core_destroyed	121
2026-08-13T15:44:52Z	NULL125	4594	auroraveil	215153	A	C	core_destroyed	130
2026-08-13T15:44:54Z	NULL125	4595	auroraveil	215153	B	T	core_destroyed	122
2026-08-13T15:44:58Z	NULL125	4596	drakkarfjord	215153	A	T	core_destroyed	329
2026-08-13T15:45:09Z	NULL125	4597	drakkarfjord	215153	B	C	tiebreak	1000
2026-08-13T15:45:13Z	NULL125	4598	drumlin	215153	A	T	core_destroyed	299
2026-08-13T15:45:14Z	NULL125	4599	drumlin	215153	B	C	core_destroyed	149
2026-08-13T15:45:16Z	NULL125	4600	fjordgate	215153	A	C	tiebreak	1000
2026-08-13T15:45:17Z	NULL125	4601	fjordgate	215153	B	T	core_destroyed	265
2026-08-13T15:45:19Z	NULL125	4602	frostgate	215153	A	T	core_destroyed	252
2026-08-13T15:45:22Z	NULL125	4603	frostgate	215153	B	C	core_destroyed	236
2026-08-13T15:45:25Z	NULL125	4604	glacierkeep	215153	A	C	core_destroyed	427
2026-08-13T15:45:30Z	NULL125	4605	glacierkeep	215153	B	T	core_destroyed	469
2026-08-13T15:45:32Z	NULL125	4606	icefloe	215153	A	T	core_destroyed	255
2026-08-13T15:45:34Z	NULL125	4607	icefloe	215153	B	T	core_destroyed	201
2026-08-13T15:45:36Z	NULL125	4608	midgard	215153	A	T	core_destroyed	134
2026-08-13T15:45:39Z	NULL125	4609	midgard	215153	B	T	core_destroyed	108
2026-08-13T15:45:41Z	NULL125	4610	nordkap	215153	A	C	core_destroyed	473
2026-08-13T15:45:43Z	NULL125	4611	nordkap	215153	B	C	tiebreak	1000
2026-08-13T15:45:50Z	NULL125	4612	ragnarok	215153	A	C	core_destroyed	261
2026-08-13T15:45:53Z	NULL125	4613	ragnarok	215153	B	C	core_destroyed	339
2026-08-13T15:45:55Z	NULL125	4614	royale	215153	A	C	core_destroyed	477
2026-08-13T15:45:56Z	NULL125	4615	royale	215153	B	T	core_destroyed	217
2026-08-13T15:46:00Z	NULL125	4616	valkyrie	215153	A	T	core_destroyed	259
2026-08-13T15:46:02Z	NULL125	4617	valkyrie	215153	B	C	core_destroyed	133
2026-08-13T15:46:04Z	NULL125	4618	yulerune	215153	A	C	core_destroyed	173
2026-08-13T15:46:07Z	NULL125	4619	yulerune	215153	B	T	core_destroyed	402
2026-08-13T15:46:10Z	NULL125	4620	antler	215154	A	T	core_destroyed	454
2026-08-13T15:46:12Z	NULL125	4621	antler	215154	B	C	core_destroyed	313
2026-08-13T15:46:13Z	NULL125	4622	archipelago	215154	A	T	core_destroyed	94
2026-08-13T15:46:15Z	NULL125	4623	archipelago	215154	B	C	core_destroyed	129
2026-08-13T15:46:17Z	NULL125	4624	auroraveil	215154	A	T	core_destroyed	96
2026-08-13T15:46:18Z	NULL125	4625	auroraveil	215154	B	T	core_destroyed	170
2026-08-13T15:46:22Z	NULL125	4626	drakkarfjord	215154	A	T	core_destroyed	376
2026-08-13T15:46:35Z	NULL125	4627	drakkarfjord	215154	B	T	tiebreak	1000
2026-08-13T15:46:37Z	NULL125	4628	drumlin	215154	A	T	core_destroyed	194
2026-08-13T15:46:41Z	NULL125	4629	drumlin	215154	B	T	core_destroyed	292
2026-08-13T15:46:42Z	NULL125	4630	fjordgate	215154	A	T	core_destroyed	181
2026-08-13T15:46:44Z	NULL125	4631	fjordgate	215154	B	T	tiebreak	1000
2026-08-13T15:46:45Z	NULL125	4632	frostgate	215154	A	C	core_destroyed	182
2026-08-13T15:46:47Z	NULL125	4633	frostgate	215154	B	C	core_destroyed	268
2026-08-13T15:46:51Z	NULL125	4634	glacierkeep	215154	A	T	core_destroyed	389
2026-08-13T15:46:53Z	NULL125	4635	glacierkeep	215154	B	C	core_destroyed	219
2026-08-13T15:46:57Z	NULL125	4636	icefloe	215154	A	C	core_destroyed	314
2026-08-13T15:46:59Z	NULL125	4637	icefloe	215154	B	C	core_destroyed	258
2026-08-13T15:47:02Z	NULL125	4638	midgard	215154	A	C	core_destroyed	150
2026-08-13T15:47:05Z	NULL125	4639	midgard	215154	B	T	core_destroyed	176
2026-08-13T15:47:06Z	NULL125	4640	nordkap	215154	A	T	core_destroyed	384
2026-08-13T15:47:08Z	NULL125	4641	nordkap	215154	B	T	core_destroyed	226
2026-08-13T15:47:11Z	NULL125	4642	ragnarok	215154	A	T	core_destroyed	129
2026-08-13T15:47:50Z	NULL125	4643	ragnarok	215154	B	T	tiebreak	1000
2026-08-13T15:47:53Z	NULL125	4644	royale	215154	A	C	core_destroyed	268
2026-08-13T15:47:54Z	NULL125	4645	royale	215154	B	C	core_destroyed	106
2026-08-13T15:47:56Z	NULL125	4646	valkyrie	215154	A	C	core_destroyed	232
2026-08-13T15:47:58Z	NULL125	4647	valkyrie	215154	B	C	core_destroyed	121
2026-08-13T15:47:59Z	NULL125	4648	yulerune	215154	A	C	core_destroyed	225
2026-08-13T15:48:01Z	NULL125	4649	yulerune	215154	B	T	core_destroyed	124
2026-08-13T15:48:05Z	NULL125	4650	antler	215155	A	T	tiebreak	1000
2026-08-13T15:48:06Z	NULL125	4651	antler	215155	B	C	core_destroyed	267
2026-08-13T15:48:08Z	NULL125	4652	archipelago	215155	A	T	core_destroyed	109
2026-08-13T15:48:11Z	NULL125	4653	archipelago	215155	B	T	core_destroyed	131
2026-08-13T15:48:12Z	NULL125	4654	auroraveil	215155	A	T	core_destroyed	125
2026-08-13T15:48:18Z	NULL125	4655	auroraveil	215155	B	C	tiebreak	1000
2026-08-13T15:48:31Z	NULL125	4656	drakkarfjord	215155	A	C	core_destroyed	594
2026-08-13T15:48:34Z	NULL125	4657	drakkarfjord	215155	B	T	core_destroyed	177
2026-08-13T15:48:36Z	NULL125	4658	drumlin	215155	A	T	tiebreak	1000
2026-08-13T15:48:40Z	NULL125	4659	drumlin	215155	B	T	core_destroyed	384
2026-08-13T15:48:44Z	NULL125	4660	fjordgate	215155	A	T	tiebreak	1000
2026-08-13T15:48:45Z	NULL125	4661	fjordgate	215155	B	T	core_destroyed	177
2026-08-13T15:48:47Z	NULL125	4662	frostgate	215155	A	C	core_destroyed	739
2026-08-13T15:48:50Z	NULL125	4663	frostgate	215155	B	C	core_destroyed	480
2026-08-13T15:48:54Z	NULL125	4664	glacierkeep	215155	A	C	core_destroyed	732
2026-08-13T15:49:03Z	NULL125	4665	glacierkeep	215155	B	T	core_destroyed	368
2026-08-13T15:49:06Z	NULL125	4666	icefloe	215155	A	C	core_destroyed	445
2026-08-13T15:49:10Z	NULL125	4667	icefloe	215155	B	C	core_destroyed	342
2026-08-13T15:49:14Z	NULL125	4668	midgard	215155	A	C	core_destroyed	260
2026-08-13T15:49:17Z	NULL125	4669	midgard	215155	B	T	core_destroyed	132
2026-08-13T15:49:18Z	NULL125	4670	nordkap	215155	A	T	core_destroyed	180
2026-08-13T15:49:19Z	NULL125	4671	nordkap	215155	B	C	core_destroyed	161
2026-08-13T15:49:21Z	NULL125	4672	ragnarok	215155	A	T	core_destroyed	134
2026-08-13T15:49:25Z	NULL125	4673	ragnarok	215155	B	C	core_destroyed	213
2026-08-13T15:49:27Z	NULL125	4674	royale	215155	A	T	core_destroyed	745
2026-08-13T15:49:28Z	NULL125	4675	royale	215155	B	T	core_destroyed	112
2026-08-13T15:49:30Z	NULL125	4676	valkyrie	215155	A	C	core_destroyed	97
2026-08-13T15:49:33Z	NULL125	4677	valkyrie	215155	B	T	core_destroyed	192
2026-08-13T15:49:36Z	NULL125	4678	yulerune	215155	A	C	core_destroyed	334
2026-08-13T15:49:39Z	NULL125	4679	yulerune	215155	B	C	core_destroyed	276
2026-08-13T15:49:41Z	NULL125	4680	antler	215156	A	T	core_destroyed	281
2026-08-13T15:49:44Z	NULL125	4681	antler	215156	B	T	tiebreak	1000
2026-08-13T15:49:46Z	NULL125	4682	archipelago	215156	A	T	core_destroyed	116
2026-08-13T15:49:51Z	NULL125	4683	archipelago	215156	B	T	core_destroyed	214
2026-08-13T15:49:55Z	NULL125	4684	auroraveil	215156	A	C	core_destroyed	326
2026-08-13T15:49:57Z	NULL125	4685	auroraveil	215156	B	T	core_destroyed	152
2026-08-13T15:49:58Z	NULL125	4686	drakkarfjord	215156	A	C	core_destroyed	113
2026-08-13T15:50:02Z	NULL125	4687	drakkarfjord	215156	B	C	core_destroyed	210
2026-08-13T15:50:03Z	NULL125	4688	drumlin	215156	A	C	core_destroyed	409
2026-08-13T15:50:07Z	NULL125	4689	drumlin	215156	B	C	core_destroyed	268
2026-08-13T15:50:08Z	NULL125	4690	fjordgate	215156	A	C	core_destroyed	232
2026-08-13T15:50:09Z	NULL125	4691	fjordgate	215156	B	C	core_destroyed	207
2026-08-13T15:50:11Z	NULL125	4692	frostgate	215156	A	C	core_destroyed	126
2026-08-13T15:50:13Z	NULL125	4693	frostgate	215156	B	C	tiebreak	1000
2026-08-13T15:50:18Z	NULL125	4694	glacierkeep	215156	A	C	core_destroyed	625
2026-08-13T15:50:22Z	NULL125	4695	glacierkeep	215156	B	C	core_destroyed	380
2026-08-13T15:50:24Z	NULL125	4696	icefloe	215156	A	T	core_destroyed	176
2026-08-13T15:50:29Z	NULL125	4697	icefloe	215156	B	T	core_destroyed	498
2026-08-13T15:50:31Z	NULL125	4698	midgard	215156	A	T	core_destroyed	79
2026-08-13T15:50:34Z	NULL125	4699	midgard	215156	B	T	core_destroyed	83
2026-08-13T15:50:39Z	NULL125	4700	nordkap	215156	A	C	core_destroyed	629
2026-08-13T15:50:41Z	NULL125	4701	nordkap	215156	B	T	core_destroyed	531
2026-08-13T15:50:44Z	NULL125	4702	ragnarok	215156	A	C	core_destroyed	243
2026-08-13T15:50:48Z	NULL125	4703	ragnarok	215156	B	T	core_destroyed	276
2026-08-13T15:50:54Z	NULL125	4704	royale	215156	A	C	tiebreak	1000
2026-08-13T15:50:56Z	NULL125	4705	royale	215156	B	T	tiebreak	1000
2026-08-13T15:50:58Z	NULL125	4706	valkyrie	215156	A	C	core_destroyed	200
2026-08-13T15:51:00Z	NULL125	4707	valkyrie	215156	B	T	core_destroyed	187
2026-08-13T15:51:03Z	NULL125	4708	yulerune	215156	A	T	core_destroyed	530
2026-08-13T15:51:05Z	NULL125	4709	yulerune	215156	B	C	core_destroyed	102
2026-08-13T15:51:06Z	NULL125	4710	antler	215157	A	C	core_destroyed	199
2026-08-13T15:51:09Z	NULL125	4711	antler	215157	B	T	core_destroyed	598
2026-08-13T15:51:11Z	NULL125	4712	archipelago	215157	A	C	core_destroyed	117
2026-08-13T15:51:13Z	NULL125	4713	archipelago	215157	B	T	core_destroyed	87
2026-08-13T15:51:14Z	NULL125	4714	auroraveil	215157	A	C	core_destroyed	154
2026-08-13T15:51:17Z	NULL125	4715	auroraveil	215157	B	T	core_destroyed	563
2026-08-13T15:51:30Z	NULL125	4716	drakkarfjord	215157	A	C	tiebreak	1000
2026-08-13T15:51:34Z	NULL125	4717	drakkarfjord	215157	B	C	core_destroyed	237
2026-08-13T15:51:36Z	NULL125	4718	drumlin	215157	A	T	core_destroyed	248
2026-08-13T15:51:38Z	NULL125	4719	drumlin	215157	B	C	core_destroyed	136
2026-08-13T15:51:40Z	NULL125	4720	fjordgate	215157	A	T	core_destroyed	386
2026-08-13T15:51:41Z	NULL125	4721	fjordgate	215157	B	T	core_destroyed	323
2026-08-13T15:51:43Z	NULL125	4722	frostgate	215157	A	T	core_destroyed	321
2026-08-13T15:51:45Z	NULL125	4723	frostgate	215157	B	C	core_destroyed	552
2026-08-13T15:51:47Z	NULL125	4724	glacierkeep	215157	A	T	core_destroyed	166
2026-08-13T15:51:49Z	NULL125	4725	glacierkeep	215157	B	C	core_destroyed	146
2026-08-13T15:51:50Z	NULL125	4726	icefloe	215157	A	T	core_destroyed	131
2026-08-13T15:51:55Z	NULL125	4727	icefloe	215157	B	C	core_destroyed	508
2026-08-13T15:51:57Z	NULL125	4728	midgard	215157	A	C	core_destroyed	88
2026-08-13T15:52:00Z	NULL125	4729	midgard	215157	B	T	core_destroyed	193
2026-08-13T15:52:02Z	NULL125	4730	nordkap	215157	A	C	tiebreak	1000
2026-08-13T15:52:03Z	NULL125	4731	nordkap	215157	B	T	core_destroyed	130
2026-08-13T15:52:49Z	NULL125	4732	ragnarok	215157	A	T	tiebreak	1000
2026-08-13T15:52:58Z	NULL125	4733	ragnarok	215157	B	T	core_destroyed	527
2026-08-13T15:53:01Z	NULL125	4734	royale	215157	A	C	tiebreak	1000
2026-08-13T15:53:02Z	NULL125	4735	royale	215157	B	T	core_destroyed	133
2026-08-13T15:53:16Z	NULL125	4736	valkyrie	215157	A	C	tiebreak	1000
2026-08-13T15:53:19Z	NULL125	4737	valkyrie	215157	B	T	core_destroyed	233
2026-08-13T15:53:22Z	NULL125	4738	yulerune	215157	A	T	core_destroyed	218
2026-08-13T15:53:23Z	NULL125	4739	yulerune	215157	B	T	core_destroyed	85
2026-08-13T15:53:24Z	NULL125	4740	antler	215158	A	C	core_destroyed	150
2026-08-13T15:53:28Z	NULL125	4741	antler	215158	B	T	core_destroyed	657
2026-08-13T15:53:30Z	NULL125	4742	archipelago	215158	A	C	core_destroyed	107
2026-08-13T15:53:34Z	NULL125	4743	archipelago	215158	B	C	core_destroyed	424
2026-08-13T15:53:35Z	NULL125	4744	auroraveil	215158	A	C	core_destroyed	122
2026-08-13T15:53:37Z	NULL125	4745	auroraveil	215158	B	C	core_destroyed	109
2026-08-13T15:53:39Z	NULL125	4746	drakkarfjord	215158	A	C	core_destroyed	113
2026-08-13T15:53:41Z	NULL125	4747	drakkarfjord	215158	B	T	core_destroyed	200
2026-08-13T15:53:43Z	NULL125	4748	drumlin	215158	A	T	core_destroyed	230
2026-08-13T15:53:56Z	NULL125	4749	drumlin	215158	B	T	core_destroyed	789
2026-08-13T15:53:57Z	NULL125	4750	fjordgate	215158	A	C	core_destroyed	168
2026-08-13T15:53:58Z	NULL125	4751	fjordgate	215158	B	T	core_destroyed	125
2026-08-13T15:54:02Z	NULL125	4752	frostgate	215158	A	C	core_destroyed	838
2026-08-13T15:54:07Z	NULL125	4753	frostgate	215158	B	T	core_destroyed	979
2026-08-13T15:54:09Z	NULL125	4754	glacierkeep	215158	A	T	core_destroyed	171
2026-08-13T15:54:12Z	NULL125	4755	glacierkeep	215158	B	C	core_destroyed	217
2026-08-13T15:54:14Z	NULL125	4756	icefloe	215158	A	T	core_destroyed	279
2026-08-13T15:54:17Z	NULL125	4757	icefloe	215158	B	T	core_destroyed	424
2026-08-13T15:54:21Z	NULL125	4758	midgard	215158	A	T	core_destroyed	239
2026-08-13T15:54:23Z	NULL125	4759	midgard	215158	B	C	core_destroyed	136
2026-08-13T15:54:26Z	NULL125	4760	nordkap	215158	A	C	core_destroyed	412
2026-08-13T15:54:28Z	NULL125	4761	nordkap	215158	B	T	core_destroyed	267
2026-08-13T15:55:04Z	NULL125	4762	ragnarok	215158	A	T	tiebreak	1000
2026-08-13T15:55:06Z	NULL125	4763	ragnarok	215158	B	C	core_destroyed	151
2026-08-13T15:55:07Z	NULL125	4764	royale	215158	A	C	core_destroyed	206
2026-08-13T15:55:10Z	NULL125	4765	royale	215158	B	T	core_destroyed	329
2026-08-13T15:55:12Z	NULL125	4766	valkyrie	215158	A	C	core_destroyed	164
2026-08-13T15:55:14Z	NULL125	4767	valkyrie	215158	B	C	core_destroyed	186
2026-08-13T15:55:17Z	NULL125	4768	yulerune	215158	A	T	core_destroyed	194
2026-08-13T15:55:19Z	NULL125	4769	yulerune	215158	B	T	core_destroyed	199
2026-08-13T15:55:21Z	NULL125	4770	antler	215159	A	C	core_destroyed	502
2026-08-13T15:55:23Z	NULL125	4771	antler	215159	B	C	core_destroyed	161
2026-08-13T15:55:30Z	NULL125	4772	archipelago	215159	A	C	core_destroyed	528
2026-08-13T15:55:32Z	NULL125	4773	archipelago	215159	B	C	core_destroyed	119
2026-08-13T15:55:35Z	NULL125	4774	auroraveil	215159	A	T	core_destroyed	409
2026-08-13T15:55:38Z	NULL125	4775	auroraveil	215159	B	T	core_destroyed	290
2026-08-13T15:55:42Z	NULL125	4776	drakkarfjord	215159	A	T	core_destroyed	264
2026-08-13T15:55:46Z	NULL125	4777	drakkarfjord	215159	B	C	core_destroyed	286
2026-08-13T15:55:50Z	NULL125	4778	drumlin	215159	A	T	core_destroyed	285
2026-08-13T15:55:55Z	NULL125	4779	drumlin	215159	B	C	core_destroyed	690
2026-08-13T15:55:56Z	NULL125	4780	fjordgate	215159	A	T	core_destroyed	166
2026-08-13T15:55:59Z	NULL125	4781	fjordgate	215159	B	T	core_destroyed	329
2026-08-13T15:56:00Z	NULL125	4782	frostgate	215159	A	T	core_destroyed	165
2026-08-13T15:56:03Z	NULL125	4783	frostgate	215159	B	C	tiebreak	1000
2026-08-13T15:56:04Z	NULL125	4784	glacierkeep	215159	A	T	core_destroyed	120
2026-08-13T15:56:06Z	NULL125	4785	glacierkeep	215159	B	C	core_destroyed	139
2026-08-13T15:56:09Z	NULL125	4786	icefloe	215159	A	C	core_destroyed	413
2026-08-13T15:56:12Z	NULL125	4787	icefloe	215159	B	T	core_destroyed	183
2026-08-13T15:56:16Z	NULL125	4788	midgard	215159	A	C	core_destroyed	306
2026-08-13T15:56:20Z	NULL125	4789	midgard	215159	B	C	core_destroyed	202
2026-08-13T15:56:23Z	NULL125	4790	nordkap	215159	A	T	core_destroyed	275
2026-08-13T15:56:24Z	NULL125	4791	nordkap	215159	B	C	core_destroyed	173
2026-08-13T15:56:32Z	NULL125	4792	ragnarok	215159	A	C	core_destroyed	321
2026-08-13T15:56:38Z	NULL125	4793	ragnarok	215159	B	C	core_destroyed	239
2026-08-13T15:56:40Z	NULL125	4794	royale	215159	A	T	core_destroyed	103
2026-08-13T15:56:42Z	NULL125	4795	royale	215159	B	T	core_destroyed	336
2026-08-13T15:56:44Z	NULL125	4796	valkyrie	215159	A	T	core_destroyed	110
2026-08-13T15:56:46Z	NULL125	4797	valkyrie	215159	B	T	core_destroyed	97
2026-08-13T15:56:49Z	NULL125	4798	yulerune	215159	A	T	core_destroyed	236
2026-08-13T15:56:52Z	NULL125	4799	yulerune	215159	B	T	core_destroyed	290
2026-08-13T15:56:53Z	NULL125	4800	antler	215160	A	T	core_destroyed	145
2026-08-13T15:56:55Z	NULL125	4801	antler	215160	B	C	core_destroyed	143
2026-08-13T15:57:01Z	NULL125	4802	archipelago	215160	A	C	core_destroyed	482
2026-08-13T15:57:02Z	NULL125	4803	archipelago	215160	B	T	core_destroyed	135
2026-08-13T15:57:04Z	NULL125	4804	auroraveil	215160	A	T	core_destroyed	284
2026-08-13T15:57:06Z	NULL125	4805	auroraveil	215160	B	C	core_destroyed	187
2026-08-13T15:57:11Z	NULL125	4806	drakkarfjord	215160	A	T	core_destroyed	305
2026-08-13T15:57:18Z	NULL125	4807	drakkarfjord	215160	B	C	core_destroyed	360
2026-08-13T15:57:20Z	NULL125	4808	drumlin	215160	A	T	core_destroyed	191
2026-08-13T15:57:23Z	NULL125	4809	drumlin	215160	B	T	core_destroyed	193
2026-08-13T15:57:24Z	NULL125	4810	fjordgate	215160	A	T	core_destroyed	211
2026-08-13T15:57:25Z	NULL125	4811	fjordgate	215160	B	C	core_destroyed	130
2026-08-13T15:57:29Z	NULL125	4812	frostgate	215160	A	C	core_destroyed	921
2026-08-13T15:57:31Z	NULL125	4813	frostgate	215160	B	T	core_destroyed	221
2026-08-13T15:57:34Z	NULL125	4814	glacierkeep	215160	A	C	core_destroyed	387
2026-08-13T15:57:36Z	NULL125	4815	glacierkeep	215160	B	C	core_destroyed	182
2026-08-13T15:57:40Z	NULL125	4816	icefloe	215160	A	C	core_destroyed	288
2026-08-13T15:57:43Z	NULL125	4817	icefloe	215160	B	T	core_destroyed	216
2026-08-13T15:57:45Z	NULL125	4818	midgard	215160	A	C	core_destroyed	120
2026-08-13T15:57:48Z	NULL125	4819	midgard	215160	B	T	core_destroyed	125
2026-08-13T15:57:51Z	NULL125	4820	nordkap	215160	A	T	core_destroyed	266
2026-08-13T15:57:53Z	NULL125	4821	nordkap	215160	B	C	core_destroyed	160
2026-08-13T15:58:29Z	NULL125	4822	ragnarok	215160	A	C	tiebreak	1000
2026-08-13T15:58:33Z	NULL125	4823	ragnarok	215160	B	T	core_destroyed	152
2026-08-13T15:58:35Z	NULL125	4824	royale	215160	A	T	core_destroyed	287
2026-08-13T15:58:36Z	NULL125	4825	royale	215160	B	T	core_destroyed	148
2026-08-13T15:58:38Z	NULL125	4826	valkyrie	215160	A	C	core_destroyed	72
2026-08-13T15:58:40Z	NULL125	4827	valkyrie	215160	B	T	core_destroyed	110
2026-08-13T15:58:41Z	NULL125	4828	yulerune	215160	A	C	core_destroyed	114
2026-08-13T15:58:44Z	NULL125	4829	yulerune	215160	B	T	core_destroyed	240
2026-08-13T15:58:48Z	NULL125	4830	antler	215161	A	C	tiebreak	1000
2026-08-13T15:58:50Z	NULL125	4831	antler	215161	B	C	core_destroyed	227
2026-08-13T15:58:52Z	NULL125	4832	archipelago	215161	A	C	core_destroyed	90
2026-08-13T15:58:54Z	NULL125	4833	archipelago	215161	B	T	core_destroyed	273
2026-08-13T15:58:56Z	NULL125	4834	auroraveil	215161	A	C	core_destroyed	305
2026-08-13T15:58:57Z	NULL125	4835	auroraveil	215161	B	C	core_destroyed	100
2026-08-13T15:59:00Z	NULL125	4836	drakkarfjord	215161	A	C	core_destroyed	282
2026-08-13T15:59:02Z	NULL125	4837	drakkarfjord	215161	B	C	core_destroyed	109
2026-08-13T15:59:08Z	NULL125	4838	drumlin	215161	A	T	core_destroyed	476
2026-08-13T15:59:10Z	NULL125	4839	drumlin	215161	B	T	core_destroyed	229
2026-08-13T15:59:12Z	NULL125	4840	fjordgate	215161	A	C	tiebreak	1000
2026-08-13T15:59:13Z	NULL125	4841	fjordgate	215161	B	C	core_destroyed	207
2026-08-13T15:59:15Z	NULL125	4842	frostgate	215161	A	C	core_destroyed	180
2026-08-13T15:59:17Z	NULL125	4843	frostgate	215161	B	C	core_destroyed	212
2026-08-13T15:59:59Z	NULL125	4844	glacierkeep	215161	A	T	tiebreak	1000
2026-08-13T16:00:02Z	NULL125	4845	glacierkeep	215161	B	C	core_destroyed	213
2026-08-13T16:00:04Z	NULL125	4846	icefloe	215161	A	C	core_destroyed	231
2026-08-13T16:00:08Z	NULL125	4847	icefloe	215161	B	C	core_destroyed	267
2026-08-13T16:00:12Z	NULL125	4848	midgard	215161	A	T	core_destroyed	202
2026-08-13T16:00:15Z	NULL125	4849	midgard	215161	B	C	core_destroyed	79
2026-08-13T16:00:17Z	NULL125	4850	nordkap	215161	A	T	core_destroyed	218
2026-08-13T16:00:23Z	NULL125	4851	nordkap	215161	B	C	core_destroyed	601
2026-08-13T16:00:26Z	NULL125	4852	ragnarok	215161	A	T	core_destroyed	141
2026-08-13T16:00:29Z	NULL125	4853	ragnarok	215161	B	T	core_destroyed	157
2026-08-13T16:00:31Z	NULL125	4854	royale	215161	A	C	core_destroyed	327
2026-08-13T16:00:35Z	NULL125	4855	royale	215161	B	T	core_destroyed	540
2026-08-13T16:00:38Z	NULL125	4856	valkyrie	215161	A	T	core_destroyed	132
2026-08-13T16:00:43Z	NULL125	4857	valkyrie	215161	B	C	core_destroyed	311
2026-08-13T16:00:44Z	NULL125	4858	yulerune	215161	A	T	core_destroyed	195
2026-08-13T16:00:48Z	NULL125	4859	yulerune	215161	B	T	core_destroyed	293
2026-08-13T16:00:49Z	NULL125	4860	antler	215162	A	T	core_destroyed	168
2026-08-13T16:00:50Z	NULL125	4861	antler	215162	B	C	core_destroyed	145
2026-08-13T16:00:53Z	NULL125	4862	archipelago	215162	A	T	core_destroyed	158
2026-08-13T16:00:55Z	NULL125	4863	archipelago	215162	B	T	core_destroyed	201
2026-08-13T16:00:58Z	NULL125	4864	auroraveil	215162	A	T	core_destroyed	227
2026-08-13T16:00:59Z	NULL125	4865	auroraveil	215162	B	C	core_destroyed	114
2026-08-13T16:01:03Z	NULL125	4866	drakkarfjord	215162	A	T	core_destroyed	233
2026-08-13T16:01:17Z	NULL125	4867	drakkarfjord	215162	B	T	tiebreak	1000
2026-08-13T16:01:19Z	NULL125	4868	drumlin	215162	A	C	core_destroyed	385
2026-08-13T16:01:21Z	NULL125	4869	drumlin	215162	B	C	core_destroyed	311
2026-08-13T16:01:22Z	NULL125	4870	fjordgate	215162	A	C	core_destroyed	195
2026-08-13T16:01:23Z	NULL125	4871	fjordgate	215162	B	C	core_destroyed	158
2026-08-13T16:01:24Z	NULL125	4872	frostgate	215162	A	T	core_destroyed	121
2026-08-13T16:01:27Z	NULL125	4873	frostgate	215162	B	C	core_destroyed	498
2026-08-13T16:01:32Z	NULL125	4874	glacierkeep	215162	A	T	core_destroyed	794
2026-08-13T16:01:34Z	NULL125	4875	glacierkeep	215162	B	T	core_destroyed	468
2026-08-13T16:01:36Z	NULL125	4876	icefloe	215162	A	C	core_destroyed	375
2026-08-13T16:01:38Z	NULL125	4877	icefloe	215162	B	T	core_destroyed	172
2026-08-13T16:01:43Z	NULL125	4878	midgard	215162	A	T	core_destroyed	209
2026-08-13T16:01:47Z	NULL125	4879	midgard	215162	B	C	core_destroyed	181
2026-08-13T16:01:51Z	NULL125	4880	nordkap	215162	A	C	core_destroyed	793
2026-08-13T16:01:57Z	NULL125	4881	nordkap	215162	B	C	tiebreak	1000
2026-08-13T16:01:59Z	NULL125	4882	ragnarok	215162	A	T	core_destroyed	128
2026-08-13T16:02:54Z	NULL125	4883	ragnarok	215162	B	T	tiebreak	1000
2026-08-13T16:02:56Z	NULL125	4884	royale	215162	A	T	core_destroyed	553
2026-08-13T16:02:59Z	NULL125	4885	royale	215162	B	C	core_destroyed	503
2026-08-13T16:03:01Z	NULL125	4886	valkyrie	215162	A	T	core_destroyed	165
2026-08-13T16:03:02Z	NULL125	4887	valkyrie	215162	B	T	core_destroyed	121
2026-08-13T16:03:04Z	NULL125	4888	yulerune	215162	A	C	core_destroyed	212
2026-08-13T16:03:08Z	NULL125	4889	yulerune	215162	B	C	core_destroyed	276
2026-08-13T16:03:09Z	NULL125	4890	antler	215163	A	T	core_destroyed	114
2026-08-13T16:03:12Z	NULL125	4891	antler	215163	B	C	core_destroyed	322
2026-08-13T16:03:14Z	NULL125	4892	archipelago	215163	A	T	core_destroyed	160
2026-08-13T16:03:16Z	NULL125	4893	archipelago	215163	B	T	core_destroyed	179
2026-08-13T16:03:18Z	NULL125	4894	auroraveil	215163	A	T	core_destroyed	163
2026-08-13T16:03:21Z	NULL125	4895	auroraveil	215163	B	C	core_destroyed	384
2026-08-13T16:03:23Z	NULL125	4896	drakkarfjord	215163	A	T	core_destroyed	146
2026-08-13T16:03:28Z	NULL125	4897	drakkarfjord	215163	B	T	core_destroyed	716
2026-08-13T16:03:32Z	NULL125	4898	drumlin	215163	A	T	core_destroyed	436
2026-08-13T16:03:34Z	NULL125	4899	drumlin	215163	B	T	core_destroyed	208
2026-08-13T16:03:36Z	NULL125	4900	fjordgate	215163	A	C	tiebreak	1000
2026-08-13T16:03:38Z	NULL125	4901	fjordgate	215163	B	T	core_destroyed	168
2026-08-13T16:03:39Z	NULL125	4902	frostgate	215163	A	T	core_destroyed	178
2026-08-13T16:03:42Z	NULL125	4903	frostgate	215163	B	T	core_destroyed	333
2026-08-13T16:03:43Z	NULL125	4904	glacierkeep	215163	A	T	core_destroyed	125
2026-08-13T16:03:45Z	NULL125	4905	glacierkeep	215163	B	C	core_destroyed	185
2026-08-13T16:03:47Z	NULL125	4906	icefloe	215163	A	C	core_destroyed	185
2026-08-13T16:03:48Z	NULL125	4907	icefloe	215163	B	C	core_destroyed	117
2026-08-13T16:03:50Z	NULL125	4908	midgard	215163	A	C	core_destroyed	80
2026-08-13T16:03:53Z	NULL125	4909	midgard	215163	B	T	core_destroyed	94
2026-08-13T16:03:59Z	NULL125	4910	nordkap	215163	A	T	tiebreak	1000
2026-08-13T16:04:01Z	NULL125	4911	nordkap	215163	B	C	core_destroyed	209
2026-08-13T16:04:04Z	NULL125	4912	ragnarok	215163	A	T	core_destroyed	132
2026-08-13T16:04:06Z	NULL125	4913	ragnarok	215163	B	C	core_destroyed	123
2026-08-13T16:04:09Z	NULL125	4914	royale	215163	A	C	core_destroyed	523
2026-08-13T16:04:11Z	NULL125	4915	royale	215163	B	T	core_destroyed	332
2026-08-13T16:04:19Z	NULL125	4916	valkyrie	215163	A	C	tiebreak	1000
2026-08-13T16:04:25Z	NULL125	4917	valkyrie	215163	B	T	core_destroyed	513
2026-08-13T16:04:27Z	NULL125	4918	yulerune	215163	A	C	core_destroyed	245
2026-08-13T16:04:29Z	NULL125	4919	yulerune	215163	B	T	core_destroyed	185
2026-08-13T16:04:32Z	NULL125	4920	antler	215164	A	C	core_destroyed	234
2026-08-13T16:04:34Z	NULL125	4921	antler	215164	B	C	core_destroyed	254
2026-08-13T16:04:38Z	NULL125	4922	archipelago	215164	A	C	core_destroyed	193
2026-08-13T16:04:40Z	NULL125	4923	archipelago	215164	B	C	core_destroyed	170
2026-08-13T16:04:41Z	NULL125	4924	auroraveil	215164	A	C	core_destroyed	173
2026-08-13T16:04:44Z	NULL125	4925	auroraveil	215164	B	C	core_destroyed	628
2026-08-13T16:04:50Z	NULL125	4926	drakkarfjord	215164	A	T	core_destroyed	331
2026-08-13T16:04:56Z	NULL125	4927	drakkarfjord	215164	B	T	tiebreak	1000
2026-08-13T16:04:58Z	NULL125	4928	drumlin	215164	A	T	core_destroyed	147
2026-08-13T16:04:59Z	NULL125	4929	drumlin	215164	B	C	core_destroyed	180
2026-08-13T16:05:01Z	NULL125	4930	fjordgate	215164	A	C	core_destroyed	159
2026-08-13T16:05:02Z	NULL125	4931	fjordgate	215164	B	C	core_destroyed	148
2026-08-13T16:05:04Z	NULL125	4932	frostgate	215164	A	C	core_destroyed	361
2026-08-13T16:05:05Z	NULL125	4933	frostgate	215164	B	T	core_destroyed	152
2026-08-13T16:05:19Z	NULL125	4934	glacierkeep	215164	A	T	core_destroyed	945
2026-08-13T16:05:27Z	NULL125	4935	glacierkeep	215164	B	T	core_destroyed	703
2026-08-13T16:05:29Z	NULL125	4936	icefloe	215164	A	C	core_destroyed	197
2026-08-13T16:05:32Z	NULL125	4937	icefloe	215164	B	C	core_destroyed	363
2026-08-13T16:05:35Z	NULL125	4938	midgard	215164	A	C	core_destroyed	77
2026-08-13T16:05:39Z	NULL125	4939	midgard	215164	B	C	core_destroyed	187
2026-08-13T16:05:41Z	NULL125	4940	nordkap	215164	A	T	core_destroyed	289
2026-08-13T16:05:47Z	NULL125	4941	nordkap	215164	B	C	tiebreak	1000
2026-08-13T16:06:48Z	NULL125	4942	ragnarok	215164	A	C	tiebreak	1000
2026-08-13T16:06:59Z	NULL125	4943	ragnarok	215164	B	T	core_destroyed	706
2026-08-13T16:07:00Z	NULL125	4944	royale	215164	A	T	core_destroyed	117
2026-08-13T16:07:01Z	NULL125	4945	royale	215164	B	T	core_destroyed	161
2026-08-13T16:07:06Z	NULL125	4946	valkyrie	215164	A	C	core_destroyed	462
2026-08-13T16:07:08Z	NULL125	4947	valkyrie	215164	B	T	core_destroyed	115
2026-08-13T16:07:11Z	NULL125	4948	yulerune	215164	A	T	core_destroyed	280
2026-08-13T16:07:15Z	NULL125	4949	yulerune	215164	B	C	core_destroyed	307
2026-08-13T16:07:17Z	NULL125	4950	antler	215165	A	T	core_destroyed	226
2026-08-13T16:07:19Z	NULL125	4951	antler	215165	B	C	core_destroyed	231
2026-08-13T16:07:21Z	NULL125	4952	archipelago	215165	A	C	core_destroyed	112
2026-08-13T16:07:24Z	NULL125	4953	archipelago	215165	B	T	core_destroyed	146
2026-08-13T16:07:26Z	NULL125	4954	auroraveil	215165	A	T	core_destroyed	214
2026-08-13T16:07:28Z	NULL125	4955	auroraveil	215165	B	C	core_destroyed	188
2026-08-13T16:07:31Z	NULL125	4956	drakkarfjord	215165	A	C	core_destroyed	328
2026-08-13T16:07:34Z	NULL125	4957	drakkarfjord	215165	B	T	core_destroyed	191
2026-08-13T16:07:37Z	NULL125	4958	drumlin	215165	A	C	core_destroyed	718
2026-08-13T16:07:38Z	NULL125	4959	drumlin	215165	B	C	core_destroyed	370
2026-08-13T16:07:45Z	NULL125	4960	fjordgate	215165	A	C	tiebreak	1000
2026-08-13T16:07:46Z	NULL125	4961	fjordgate	215165	B	C	core_destroyed	268
2026-08-13T16:07:48Z	NULL125	4962	frostgate	215165	A	C	core_destroyed	329
2026-08-13T16:07:49Z	NULL125	4963	frostgate	215165	B	C	core_destroyed	571
2026-08-13T16:07:54Z	NULL125	4964	glacierkeep	215165	A	T	tiebreak	1000
2026-08-13T16:08:01Z	NULL125	4965	glacierkeep	215165	B	C	core_destroyed	631
2026-08-13T16:08:03Z	NULL125	4966	icefloe	215165	A	T	core_destroyed	125
2026-08-13T16:08:06Z	NULL125	4967	icefloe	215165	B	T	core_destroyed	300
2026-08-13T16:08:09Z	NULL125	4968	midgard	215165	A	T	core_destroyed	202
2026-08-13T16:08:14Z	NULL125	4969	midgard	215165	B	C	core_destroyed	231
2026-08-13T16:08:15Z	NULL125	4970	nordkap	215165	A	C	core_destroyed	179
2026-08-13T16:08:17Z	NULL125	4971	nordkap	215165	B	T	core_destroyed	220
2026-08-13T16:08:20Z	NULL125	4972	ragnarok	215165	A	T	core_destroyed	135
2026-08-13T16:08:24Z	NULL125	4973	ragnarok	215165	B	T	core_destroyed	164
2026-08-13T16:08:25Z	NULL125	4974	royale	215165	A	C	core_destroyed	159
2026-08-13T16:08:28Z	NULL125	4975	royale	215165	B	T	core_destroyed	245
2026-08-13T16:08:30Z	NULL125	4976	valkyrie	215165	A	C	core_destroyed	144
2026-08-13T16:08:35Z	NULL125	4977	valkyrie	215165	B	T	core_destroyed	359
2026-08-13T16:08:38Z	NULL125	4978	yulerune	215165	A	T	core_destroyed	223
2026-08-13T16:08:40Z	NULL125	4979	yulerune	215165	B	T	core_destroyed	285
2026-08-13T16:08:42Z	NULL125	4980	antler	215166	A	C	core_destroyed	155
2026-08-13T16:08:44Z	NULL125	4981	antler	215166	B	C	core_destroyed	503
2026-08-13T16:08:47Z	NULL125	4982	archipelago	215166	A	T	core_destroyed	181
2026-08-13T16:08:52Z	NULL125	4983	archipelago	215166	B	T	core_destroyed	409
2026-08-13T16:08:54Z	NULL125	4984	auroraveil	215166	A	T	core_destroyed	241
2026-08-13T16:08:55Z	NULL125	4985	auroraveil	215166	B	C	core_destroyed	79
2026-08-13T16:09:06Z	NULL125	4986	drakkarfjord	215166	A	C	tiebreak	1000
2026-08-13T16:09:12Z	NULL125	4987	drakkarfjord	215166	B	C	core_destroyed	315
2026-08-13T16:09:16Z	NULL125	4988	drumlin	215166	A	T	core_destroyed	612
2026-08-13T16:09:19Z	NULL125	4989	drumlin	215166	B	T	core_destroyed	353
2026-08-13T16:09:21Z	NULL125	4990	fjordgate	215166	A	T	core_destroyed	327
2026-08-13T16:09:23Z	NULL125	4991	fjordgate	215166	B	C	core_destroyed	250
2026-08-13T16:09:24Z	NULL125	4992	frostgate	215166	A	T	core_destroyed	221
2026-08-13T16:09:27Z	NULL125	4993	frostgate	215166	B	T	core_destroyed	409
2026-08-13T16:09:30Z	NULL125	4994	glacierkeep	215166	A	T	core_destroyed	299
2026-08-13T16:09:32Z	NULL125	4995	glacierkeep	215166	B	T	core_destroyed	173
2026-08-13T16:09:38Z	NULL125	4996	icefloe	215166	A	C	core_destroyed	554
2026-08-13T16:09:40Z	NULL125	4997	icefloe	215166	B	T	core_destroyed	114
2026-08-13T16:09:42Z	NULL125	4998	midgard	215166	A	T	core_destroyed	126
2026-08-13T16:09:47Z	NULL125	4999	midgard	215166	B	C	core_destroyed	306
2026-08-13T16:09:50Z	NULL125	5000	nordkap	215166	A	T	core_destroyed	298
2026-08-13T16:09:51Z	NULL125	5001	nordkap	215166	B	C	core_destroyed	411
2026-08-13T16:09:54Z	NULL125	5002	ragnarok	215166	A	T	core_destroyed	169
2026-08-13T16:10:34Z	NULL125	5003	ragnarok	215166	B	C	tiebreak	1000
2026-08-13T16:10:36Z	NULL125	5004	royale	215166	A	C	core_destroyed	199
2026-08-13T16:10:37Z	NULL125	5005	royale	215166	B	T	core_destroyed	262
2026-08-13T16:10:39Z	NULL125	5006	valkyrie	215166	A	T	core_destroyed	133
2026-08-13T16:10:44Z	NULL125	5007	valkyrie	215166	B	C	core_destroyed	598
2026-08-13T16:10:46Z	NULL125	5008	yulerune	215166	A	T	core_destroyed	313
2026-08-13T16:10:50Z	NULL125	5009	yulerune	215166	B	T	core_destroyed	304
2026-08-13T16:10:51Z	NULL125	5010	antler	215167	A	C	core_destroyed	185
2026-08-13T16:10:53Z	NULL125	5011	antler	215167	B	C	core_destroyed	190
2026-08-13T16:10:57Z	NULL125	5012	archipelago	215167	A	T	core_destroyed	173
2026-08-13T16:10:59Z	NULL125	5013	archipelago	215167	B	T	core_destroyed	161
2026-08-13T16:11:01Z	NULL125	5014	auroraveil	215167	A	T	core_destroyed	214
2026-08-13T16:11:03Z	NULL125	5015	auroraveil	215167	B	C	core_destroyed	146
2026-08-13T16:11:06Z	NULL125	5016	drakkarfjord	215167	A	C	core_destroyed	152
2026-08-13T16:11:17Z	NULL125	5017	drakkarfjord	215167	B	C	core_destroyed	772
2026-08-13T16:11:26Z	NULL125	5018	drumlin	215167	A	C	core_destroyed	720
2026-08-13T16:11:29Z	NULL125	5019	drumlin	215167	B	C	core_destroyed	341
2026-08-13T16:11:30Z	NULL125	5020	fjordgate	215167	A	C	core_destroyed	276
2026-08-13T16:11:32Z	NULL125	5021	fjordgate	215167	B	C	core_destroyed	250
2026-08-13T16:11:34Z	NULL125	5022	frostgate	215167	A	C	core_destroyed	917
2026-08-13T16:11:36Z	NULL125	5023	frostgate	215167	B	T	core_destroyed	238
2026-08-13T16:11:38Z	NULL125	5024	glacierkeep	215167	A	T	core_destroyed	154
2026-08-13T16:11:53Z	NULL125	5025	glacierkeep	215167	B	C	tiebreak	1000
2026-08-13T16:11:56Z	NULL125	5026	icefloe	215167	A	C	core_destroyed	310
2026-08-13T16:12:04Z	NULL125	5027	icefloe	215167	B	T	core_destroyed	662
2026-08-13T16:12:10Z	NULL125	5028	midgard	215167	A	T	core_destroyed	284
2026-08-13T16:12:14Z	NULL125	5029	midgard	215167	B	C	core_destroyed	145
2026-08-13T16:12:16Z	NULL125	5030	nordkap	215167	A	T	core_destroyed	550
2026-08-13T16:12:17Z	NULL125	5031	nordkap	215167	B	T	core_destroyed	311
2026-08-13T16:12:19Z	NULL125	5032	ragnarok	215167	A	T	core_destroyed	152
2026-08-13T16:12:57Z	NULL125	5033	ragnarok	215167	B	C	tiebreak	1000
2026-08-13T16:13:01Z	NULL125	5034	royale	215167	A	T	core_destroyed	752
2026-08-13T16:13:02Z	NULL125	5035	royale	215167	B	T	core_destroyed	121
2026-08-13T16:13:05Z	NULL125	5036	valkyrie	215167	A	C	core_destroyed	181
2026-08-13T16:13:08Z	NULL125	5037	valkyrie	215167	B	C	core_destroyed	192
2026-08-13T16:13:10Z	NULL125	5038	yulerune	215167	A	T	core_destroyed	167
2026-08-13T16:13:13Z	NULL125	5039	yulerune	215167	B	T	core_destroyed	255
2026-08-13T16:13:18Z	NULL125	5040	antler	215168	A	T	tiebreak	1000
2026-08-13T16:13:21Z	NULL125	5041	antler	215168	B	T	tiebreak	1000
2026-08-13T16:13:24Z	NULL125	5042	archipelago	215168	A	C	core_destroyed	178
2026-08-13T16:13:27Z	NULL125	5043	archipelago	215168	B	C	core_destroyed	150
2026-08-13T16:13:28Z	NULL125	5044	auroraveil	215168	A	T	core_destroyed	179
2026-08-13T16:13:31Z	NULL125	5045	auroraveil	215168	B	T	core_destroyed	400
2026-08-13T16:13:38Z	NULL125	5046	drakkarfjord	215168	A	C	core_destroyed	529
2026-08-13T16:13:40Z	NULL125	5047	drakkarfjord	215168	B	T	core_destroyed	137
2026-08-13T16:13:42Z	NULL125	5048	drumlin	215168	A	T	core_destroyed	177
2026-08-13T16:13:44Z	NULL125	5049	drumlin	215168	B	C	core_destroyed	220
2026-08-13T16:13:47Z	NULL125	5050	fjordgate	215168	A	T	core_destroyed	286
2026-08-13T16:13:48Z	NULL125	5051	fjordgate	215168	B	C	core_destroyed	104
2026-08-13T16:13:50Z	NULL125	5052	frostgate	215168	A	C	core_destroyed	361
2026-08-13T16:13:53Z	NULL125	5053	frostgate	215168	B	T	core_destroyed	349
2026-08-13T16:14:02Z	NULL125	5054	glacierkeep	215168	A	T	tiebreak	1000
2026-08-13T16:14:04Z	NULL125	5055	glacierkeep	215168	B	C	core_destroyed	150
2026-08-13T16:14:07Z	NULL125	5056	icefloe	215168	A	C	core_destroyed	318
2026-08-13T16:14:09Z	NULL125	5057	icefloe	215168	B	T	core_destroyed	161
2026-08-13T16:14:12Z	NULL125	5058	midgard	215168	A	C	core_destroyed	162
2026-08-13T16:14:14Z	NULL125	5059	midgard	215168	B	T	core_destroyed	81
2026-08-13T16:14:16Z	NULL125	5060	nordkap	215168	A	T	core_destroyed	871
2026-08-13T16:14:19Z	NULL125	5061	nordkap	215168	B	C	tiebreak	1000
2026-08-13T16:14:23Z	NULL125	5062	ragnarok	215168	A	C	core_destroyed	202
2026-08-13T16:14:26Z	NULL125	5063	ragnarok	215168	B	C	core_destroyed	436
2026-08-13T16:14:27Z	NULL125	5064	royale	215168	A	C	core_destroyed	206
2026-08-13T16:14:29Z	NULL125	5065	royale	215168	B	T	core_destroyed	160
2026-08-13T16:14:32Z	NULL125	5066	valkyrie	215168	A	C	core_destroyed	225
2026-08-13T16:14:41Z	NULL125	5067	valkyrie	215168	B	T	core_destroyed	367
2026-08-13T16:14:42Z	NULL125	5068	yulerune	215168	A	T	core_destroyed	90
2026-08-13T16:14:44Z	NULL125	5069	yulerune	215168	B	T	core_destroyed	172
2026-08-13T16:14:49Z	NULL125	5070	antler	215169	A	C	core_destroyed	623
2026-08-13T16:14:50Z	NULL125	5071	antler	215169	B	C	core_destroyed	195
2026-08-13T16:14:52Z	NULL125	5072	archipelago	215169	A	T	core_destroyed	117
2026-08-13T16:14:54Z	NULL125	5073	archipelago	215169	B	C	core_destroyed	96
2026-08-13T16:14:57Z	NULL125	5074	auroraveil	215169	A	T	core_destroyed	312
2026-08-13T16:14:58Z	NULL125	5075	auroraveil	215169	B	C	core_destroyed	144
2026-08-13T16:15:02Z	NULL125	5076	drakkarfjord	215169	A	C	core_destroyed	233
2026-08-13T16:15:05Z	NULL125	5077	drakkarfjord	215169	B	T	core_destroyed	193
2026-08-13T16:15:07Z	NULL125	5078	drumlin	215169	A	T	core_destroyed	673
2026-08-13T16:15:18Z	NULL125	5079	drumlin	215169	B	C	tiebreak	1000
2026-08-13T16:15:19Z	NULL125	5080	fjordgate	215169	A	C	core_destroyed	199
2026-08-13T16:15:20Z	NULL125	5081	fjordgate	215169	B	T	core_destroyed	229
2026-08-13T16:15:22Z	NULL125	5082	frostgate	215169	A	C	core_destroyed	159
2026-08-13T16:15:23Z	NULL125	5083	frostgate	215169	B	C	core_destroyed	111
2026-08-13T16:15:27Z	NULL125	5084	glacierkeep	215169	A	C	core_destroyed	728
2026-08-13T16:15:29Z	NULL125	5085	glacierkeep	215169	B	T	core_destroyed	280
2026-08-13T16:15:33Z	NULL125	5086	icefloe	215169	A	T	core_destroyed	279
2026-08-13T16:15:34Z	NULL125	5087	icefloe	215169	B	C	core_destroyed	149
2026-08-13T16:15:39Z	NULL125	5088	midgard	215169	A	C	core_destroyed	297
2026-08-13T16:15:41Z	NULL125	5089	midgard	215169	B	T	core_destroyed	103
2026-08-13T16:15:44Z	NULL125	5090	nordkap	215169	A	T	core_destroyed	270
2026-08-13T16:15:45Z	NULL125	5091	nordkap	215169	B	T	core_destroyed	194
2026-08-13T16:16:27Z	NULL125	5092	ragnarok	215169	A	T	tiebreak	1000
2026-08-13T16:16:43Z	NULL125	5093	ragnarok	215169	B	T	core_destroyed	541
2026-08-13T16:16:45Z	NULL125	5094	royale	215169	A	T	tiebreak	1000
2026-08-13T16:16:49Z	NULL125	5095	royale	215169	B	T	core_destroyed	629
2026-08-13T16:16:54Z	NULL125	5096	valkyrie	215169	A	T	core_destroyed	384
2026-08-13T16:17:05Z	NULL125	5097	valkyrie	215169	B	C	core_destroyed	562
2026-08-13T16:17:08Z	NULL125	5098	yulerune	215169	A	T	core_destroyed	341
2026-08-13T16:17:12Z	NULL125	5099	yulerune	215169	B	T	core_destroyed	284
2026-08-13T16:17:14Z	NULL125	5100	antler	215170	A	C	core_destroyed	160
2026-08-13T16:17:16Z	NULL125	5101	antler	215170	B	C	core_destroyed	392
2026-08-13T16:17:20Z	NULL125	5102	archipelago	215170	A	T	core_destroyed	237
2026-08-13T16:17:23Z	NULL125	5103	archipelago	215170	B	T	core_destroyed	181
2026-08-13T16:17:24Z	NULL125	5104	auroraveil	215170	A	T	core_destroyed	116
2026-08-13T16:17:29Z	NULL125	5105	auroraveil	215170	B	T	core_destroyed	617
2026-08-13T16:17:34Z	NULL125	5106	drakkarfjord	215170	A	C	core_destroyed	532
2026-08-13T16:17:36Z	NULL125	5107	drakkarfjord	215170	B	T	core_destroyed	135
2026-08-13T16:17:43Z	NULL125	5108	drumlin	215170	A	T	core_destroyed	327
2026-08-13T16:17:46Z	NULL125	5109	drumlin	215170	B	C	core_destroyed	191
2026-08-13T16:17:47Z	NULL125	5110	fjordgate	215170	A	T	core_destroyed	109
2026-08-13T16:17:48Z	NULL125	5111	fjordgate	215170	B	T	core_destroyed	141
2026-08-13T16:17:50Z	NULL125	5112	frostgate	215170	A	C	core_destroyed	597
2026-08-13T16:17:53Z	NULL125	5113	frostgate	215170	B	C	core_destroyed	665
2026-08-13T16:18:02Z	NULL125	5114	glacierkeep	215170	A	T	tiebreak	1000
2026-08-13T16:18:40Z	NULL125	5115	glacierkeep	215170	B	T	tiebreak	1000
2026-08-13T16:18:45Z	NULL125	5116	icefloe	215170	A	T	core_destroyed	406
2026-08-13T16:18:47Z	NULL125	5117	icefloe	215170	B	T	core_destroyed	127
2026-08-13T16:18:49Z	NULL125	5118	midgard	215170	A	T	core_destroyed	84
2026-08-13T16:18:53Z	NULL125	5119	midgard	215170	B	C	core_destroyed	191
2026-08-13T16:18:55Z	NULL125	5120	nordkap	215170	A	C	core_destroyed	434
2026-08-13T16:18:58Z	NULL125	5121	nordkap	215170	B	T	tiebreak	1000
2026-08-13T16:19:38Z	NULL125	5122	ragnarok	215170	A	C	tiebreak	1000
2026-08-13T16:19:41Z	NULL125	5123	ragnarok	215170	B	T	core_destroyed	216
2026-08-13T16:19:47Z	NULL125	5124	royale	215170	A	C	tiebreak	1000
2026-08-13T16:19:50Z	NULL125	5125	royale	215170	B	T	core_destroyed	262
2026-08-13T16:19:53Z	NULL125	5126	valkyrie	215170	A	T	core_destroyed	186
2026-08-13T16:19:57Z	NULL125	5127	valkyrie	215170	B	T	core_destroyed	282
2026-08-13T16:20:00Z	NULL125	5128	yulerune	215170	A	C	core_destroyed	266
2026-08-13T16:20:03Z	NULL125	5129	yulerune	215170	B	C	core_destroyed	264
2026-08-13T16:20:05Z	NULL125	5130	antler	215171	A	C	core_destroyed	428
2026-08-13T16:20:07Z	NULL125	5131	antler	215171	B	C	core_destroyed	513
2026-08-13T16:20:09Z	NULL125	5132	archipelago	215171	A	T	core_destroyed	143
2026-08-13T16:20:13Z	NULL125	5133	archipelago	215171	B	C	core_destroyed	178
2026-08-13T16:20:14Z	NULL125	5134	auroraveil	215171	A	T	core_destroyed	101
2026-08-13T16:20:16Z	NULL125	5135	auroraveil	215171	B	C	core_destroyed	105
2026-08-13T16:20:22Z	NULL125	5136	drakkarfjord	215171	A	C	core_destroyed	344
2026-08-13T16:20:27Z	NULL125	5137	drakkarfjord	215171	B	T	core_destroyed	359
2026-08-13T16:20:29Z	NULL125	5138	drumlin	215171	A	T	core_destroyed	112
2026-08-13T16:20:31Z	NULL125	5139	drumlin	215171	B	T	core_destroyed	189
2026-08-13T16:20:36Z	NULL125	5140	fjordgate	215171	A	C	tiebreak	1000
2026-08-13T16:20:37Z	NULL125	5141	fjordgate	215171	B	C	core_destroyed	289
2026-08-13T16:20:38Z	NULL125	5142	frostgate	215171	A	C	core_destroyed	233
2026-08-13T16:20:39Z	NULL125	5143	frostgate	215171	B	T	core_destroyed	111
2026-08-13T16:20:48Z	NULL125	5144	glacierkeep	215171	A	T	tiebreak	1000
2026-08-13T16:20:49Z	NULL125	5145	glacierkeep	215171	B	C	core_destroyed	84
2026-08-13T16:20:53Z	NULL125	5146	icefloe	215171	A	C	core_destroyed	310
2026-08-13T16:20:56Z	NULL125	5147	icefloe	215171	B	C	core_destroyed	300
2026-08-13T16:20:58Z	NULL125	5148	midgard	215171	A	C	core_destroyed	88
2026-08-13T16:21:01Z	NULL125	5149	midgard	215171	B	C	core_destroyed	93
2026-08-13T16:21:02Z	NULL125	5150	nordkap	215171	A	C	core_destroyed	247
2026-08-13T16:21:04Z	NULL125	5151	nordkap	215171	B	C	core_destroyed	112
2026-08-13T16:21:06Z	NULL125	5152	ragnarok	215171	A	T	core_destroyed	123
2026-08-13T16:21:09Z	NULL125	5153	ragnarok	215171	B	C	core_destroyed	137
2026-08-13T16:21:10Z	NULL125	5154	royale	215171	A	C	core_destroyed	368
2026-08-13T16:21:13Z	NULL125	5155	royale	215171	B	C	core_destroyed	397
2026-08-13T16:21:16Z	NULL125	5156	valkyrie	215171	A	T	core_destroyed	185
2026-08-13T16:21:20Z	NULL125	5157	valkyrie	215171	B	T	core_destroyed	303
2026-08-13T16:21:23Z	NULL125	5158	yulerune	215171	A	C	core_destroyed	218
2026-08-13T16:21:26Z	NULL125	5159	yulerune	215171	B	C	core_destroyed	266
2026-08-13T16:21:28Z	NULL125	5160	antler	215172	A	C	core_destroyed	318
2026-08-13T16:21:30Z	NULL125	5161	antler	215172	B	C	core_destroyed	128
2026-08-13T16:21:32Z	NULL125	5162	archipelago	215172	A	C	core_destroyed	175
2026-08-13T16:21:36Z	NULL125	5163	archipelago	215172	B	T	core_destroyed	275
2026-08-13T16:21:38Z	NULL125	5164	auroraveil	215172	A	T	core_destroyed	178
2026-08-13T16:21:40Z	NULL125	5165	auroraveil	215172	B	C	core_destroyed	120
2026-08-13T16:21:57Z	NULL125	5166	drakkarfjord	215172	A	T	core_destroyed	753
2026-08-13T16:22:13Z	NULL125	5167	drakkarfjord	215172	B	C	tiebreak	1000
2026-08-13T16:22:17Z	NULL125	5168	drumlin	215172	A	T	core_destroyed	254
2026-08-13T16:22:19Z	NULL125	5169	drumlin	215172	B	C	core_destroyed	177
2026-08-13T16:22:21Z	NULL125	5170	fjordgate	215172	A	C	core_destroyed	150
2026-08-13T16:22:24Z	NULL125	5171	fjordgate	215172	B	C	core_destroyed	489
2026-08-13T16:22:26Z	NULL125	5172	frostgate	215172	A	C	tiebreak	1000
2026-08-13T16:22:27Z	NULL125	5173	frostgate	215172	B	C	core_destroyed	164
2026-08-13T16:22:30Z	NULL125	5174	glacierkeep	215172	A	C	core_destroyed	178
2026-08-13T16:22:42Z	NULL125	5175	glacierkeep	215172	B	C	tiebreak	1000
2026-08-13T16:22:44Z	NULL125	5176	icefloe	215172	A	T	core_destroyed	96
2026-08-13T16:22:46Z	NULL125	5177	icefloe	215172	B	T	core_destroyed	373
2026-08-13T16:22:49Z	NULL125	5178	midgard	215172	A	T	core_destroyed	79
2026-08-13T16:22:52Z	NULL125	5179	midgard	215172	B	C	core_destroyed	201
2026-08-13T16:22:55Z	NULL125	5180	nordkap	215172	A	T	core_destroyed	197
2026-08-13T16:22:56Z	NULL125	5181	nordkap	215172	B	C	core_destroyed	291
2026-08-13T16:23:00Z	NULL125	5182	ragnarok	215172	A	C	core_destroyed	154
2026-08-13T16:23:03Z	NULL125	5183	ragnarok	215172	B	C	core_destroyed	151
2026-08-13T16:23:05Z	NULL125	5184	royale	215172	A	C	core_destroyed	282
2026-08-13T16:23:06Z	NULL125	5185	royale	215172	B	C	core_destroyed	317
2026-08-13T16:23:09Z	NULL125	5186	valkyrie	215172	A	T	core_destroyed	218
2026-08-13T16:23:15Z	NULL125	5187	valkyrie	215172	B	T	core_destroyed	255
2026-08-13T16:23:17Z	NULL125	5188	yulerune	215172	A	C	core_destroyed	200
2026-08-13T16:23:19Z	NULL125	5189	yulerune	215172	B	T	core_destroyed	107
2026-08-13T16:23:20Z	NULL125	5190	antler	215173	A	C	core_destroyed	157
2026-08-13T16:23:22Z	NULL125	5191	antler	215173	B	C	core_destroyed	132
2026-08-13T16:23:24Z	NULL125	5192	archipelago	215173	A	T	core_destroyed	136
2026-08-13T16:23:27Z	NULL125	5193	archipelago	215173	B	T	core_destroyed	127
2026-08-13T16:23:28Z	NULL125	5194	auroraveil	215173	A	C	core_destroyed	150
2026-08-13T16:23:29Z	NULL125	5195	auroraveil	215173	B	C	core_destroyed	104
2026-08-13T16:23:32Z	NULL125	5196	drakkarfjord	215173	A	C	core_destroyed	200
2026-08-13T16:23:38Z	NULL125	5197	drakkarfjord	215173	B	T	core_destroyed	619
2026-08-13T16:23:44Z	NULL125	5198	drumlin	215173	A	C	core_destroyed	620
2026-08-13T16:23:52Z	NULL125	5199	drumlin	215173	B	T	core_destroyed	559
2026-08-13T16:23:55Z	NULL125	5200	fjordgate	215173	A	C	tiebreak	1000
2026-08-13T16:23:57Z	NULL125	5201	fjordgate	215173	B	T	core_destroyed	281
2026-08-13T16:23:58Z	NULL125	5202	frostgate	215173	A	C	core_destroyed	233
2026-08-13T16:24:00Z	NULL125	5203	frostgate	215173	B	T	core_destroyed	456
2026-08-13T16:24:02Z	NULL125	5204	glacierkeep	215173	A	T	core_destroyed	101
2026-08-13T16:24:05Z	NULL125	5205	glacierkeep	215173	B	C	core_destroyed	209
2026-08-13T16:24:07Z	NULL125	5206	icefloe	215173	A	C	core_destroyed	180
2026-08-13T16:24:10Z	NULL125	5207	icefloe	215173	B	T	core_destroyed	346
2026-08-13T16:24:12Z	NULL125	5208	midgard	215173	A	T	core_destroyed	77
2026-08-13T16:24:15Z	NULL125	5209	midgard	215173	B	T	core_destroyed	111
2026-08-13T16:24:17Z	NULL125	5210	nordkap	215173	A	T	tiebreak	1000
2026-08-13T16:24:19Z	NULL125	5211	nordkap	215173	B	C	core_destroyed	102
2026-08-13T16:24:21Z	NULL125	5212	ragnarok	215173	A	C	core_destroyed	167
2026-08-13T16:25:14Z	NULL125	5213	ragnarok	215173	B	C	tiebreak	1000
2026-08-13T16:25:15Z	NULL125	5214	royale	215173	A	C	core_destroyed	136
2026-08-13T16:25:19Z	NULL125	5215	royale	215173	B	C	tiebreak	1000
2026-08-13T16:25:22Z	NULL125	5216	valkyrie	215173	A	T	core_destroyed	193
2026-08-13T16:25:25Z	NULL125	5217	valkyrie	215173	B	C	core_destroyed	104
2026-08-13T16:25:28Z	NULL125	5218	yulerune	215173	A	T	core_destroyed	219
2026-08-13T16:25:30Z	NULL125	5219	yulerune	215173	B	T	core_destroyed	348
2026-08-13T16:25:32Z	NULL125	5220	antler	215174	A	T	core_destroyed	148
2026-08-13T16:25:35Z	NULL125	5221	antler	215174	B	T	core_destroyed	544
2026-08-13T16:25:37Z	NULL125	5222	archipelago	215174	A	C	core_destroyed	91
2026-08-13T16:25:39Z	NULL125	5223	archipelago	215174	B	C	core_destroyed	104
2026-08-13T16:25:41Z	NULL125	5224	auroraveil	215174	A	T	core_destroyed	273
2026-08-13T16:25:42Z	NULL125	5225	auroraveil	215174	B	C	core_destroyed	145
2026-08-13T16:25:46Z	NULL125	5226	drakkarfjord	215174	A	T	core_destroyed	224
2026-08-13T16:26:01Z	NULL125	5227	drakkarfjord	215174	B	T	tiebreak	1000
2026-08-13T16:26:06Z	NULL125	5228	drumlin	215174	A	T	core_destroyed	466
2026-08-13T16:26:08Z	NULL125	5229	drumlin	215174	B	C	core_destroyed	203
2026-08-13T16:26:09Z	NULL125	5230	fjordgate	215174	A	T	core_destroyed	121
2026-08-13T16:26:10Z	NULL125	5231	fjordgate	215174	B	C	core_destroyed	109
2026-08-13T16:26:12Z	NULL125	5232	frostgate	215174	A	T	core_destroyed	193
2026-08-13T16:26:14Z	NULL125	5233	frostgate	215174	B	T	tiebreak	1000
2026-08-13T16:26:16Z	NULL125	5234	glacierkeep	215174	A	T	core_destroyed	220
2026-08-13T16:26:18Z	NULL125	5235	glacierkeep	215174	B	C	core_destroyed	220
2026-08-13T16:26:20Z	NULL125	5236	icefloe	215174	A	T	core_destroyed	136
2026-08-13T16:26:22Z	NULL125	5237	icefloe	215174	B	C	core_destroyed	189
2026-08-13T16:26:26Z	NULL125	5238	midgard	215174	A	T	core_destroyed	160
2026-08-13T16:26:29Z	NULL125	5239	midgard	215174	B	C	core_destroyed	78
2026-08-13T16:26:31Z	NULL125	5240	nordkap	215174	A	C	core_destroyed	167
2026-08-13T16:26:34Z	NULL125	5241	nordkap	215174	B	C	core_destroyed	269
2026-08-13T16:26:36Z	NULL125	5242	ragnarok	215174	A	T	core_destroyed	126
2026-08-13T16:26:48Z	NULL125	5243	ragnarok	215174	B	T	core_destroyed	512
2026-08-13T16:26:49Z	NULL125	5244	royale	215174	A	C	core_destroyed	137
2026-08-13T16:26:50Z	NULL125	5245	royale	215174	B	T	core_destroyed	284
2026-08-13T16:26:54Z	NULL125	5246	valkyrie	215174	A	T	core_destroyed	199
2026-08-13T16:26:57Z	NULL125	5247	valkyrie	215174	B	C	core_destroyed	155
2026-08-13T16:27:00Z	NULL125	5248	yulerune	215174	A	T	core_destroyed	228
2026-08-13T16:27:02Z	NULL125	5249	yulerune	215174	B	T	core_destroyed	202
2026-08-13T16:27:04Z	NULL125	5250	antler	215175	A	C	core_destroyed	178
2026-08-13T16:27:06Z	NULL125	5251	antler	215175	B	T	core_destroyed	351
2026-08-13T16:27:08Z	NULL125	5252	archipelago	215175	A	T	core_destroyed	74
2026-08-13T16:27:10Z	NULL125	5253	archipelago	215175	B	C	core_destroyed	203
2026-08-13T16:27:12Z	NULL125	5254	auroraveil	215175	A	T	core_destroyed	206
2026-08-13T16:27:15Z	NULL125	5255	auroraveil	215175	B	C	tiebreak	1000
2026-08-13T16:27:20Z	NULL125	5256	drakkarfjord	215175	A	C	core_destroyed	272
2026-08-13T16:27:27Z	NULL125	5257	drakkarfjord	215175	B	T	core_destroyed	377
2026-08-13T16:27:29Z	NULL125	5258	drumlin	215175	A	T	core_destroyed	265
2026-08-13T16:27:31Z	NULL125	5259	drumlin	215175	B	C	core_destroyed	123
2026-08-13T16:27:32Z	NULL125	5260	fjordgate	215175	A	C	core_destroyed	197
2026-08-13T16:27:33Z	NULL125	5261	fjordgate	215175	B	C	core_destroyed	141
2026-08-13T16:27:35Z	NULL125	5262	frostgate	215175	A	T	core_destroyed	118
2026-08-13T16:27:38Z	NULL125	5263	frostgate	215175	B	T	core_destroyed	643
2026-08-13T16:27:40Z	NULL125	5264	glacierkeep	215175	A	C	core_destroyed	228
2026-08-13T16:27:42Z	NULL125	5265	glacierkeep	215175	B	C	core_destroyed	177
2026-08-13T16:27:44Z	NULL125	5266	icefloe	215175	A	T	core_destroyed	142
2026-08-13T16:27:46Z	NULL125	5267	icefloe	215175	B	T	core_destroyed	423
2026-08-13T16:27:51Z	NULL125	5268	midgard	215175	A	C	core_destroyed	354
2026-08-13T16:27:53Z	NULL125	5269	midgard	215175	B	C	core_destroyed	119
2026-08-13T16:27:54Z	NULL125	5270	nordkap	215175	A	T	core_destroyed	159
2026-08-13T16:27:56Z	NULL125	5271	nordkap	215175	B	T	core_destroyed	192
2026-08-13T16:28:07Z	NULL125	5272	ragnarok	215175	A	T	core_destroyed	433
2026-08-13T16:28:10Z	NULL125	5273	ragnarok	215175	B	C	core_destroyed	159
2026-08-13T16:28:11Z	NULL125	5274	royale	215175	A	C	core_destroyed	187
2026-08-13T16:28:13Z	NULL125	5275	royale	215175	B	T	core_destroyed	422
2026-08-13T16:28:17Z	NULL125	5276	valkyrie	215175	A	C	core_destroyed	283
2026-08-13T16:28:19Z	NULL125	5277	valkyrie	215175	B	C	core_destroyed	112
2026-08-13T16:28:21Z	NULL125	5278	yulerune	215175	A	C	core_destroyed	282
2026-08-13T16:28:23Z	NULL125	5279	yulerune	215175	B	T	core_destroyed	325
2026-08-13T16:28:24Z	NULL125	5280	antler	215176	A	T	core_destroyed	162
2026-08-13T16:28:27Z	NULL125	5281	antler	215176	B	T	tiebreak	1000
2026-08-13T16:28:32Z	NULL125	5282	archipelago	215176	A	C	core_destroyed	259
2026-08-13T16:28:37Z	NULL125	5283	archipelago	215176	B	T	core_destroyed	456
2026-08-13T16:28:38Z	NULL125	5284	auroraveil	215176	A	C	core_destroyed	153
2026-08-13T16:28:41Z	NULL125	5285	auroraveil	215176	B	C	core_destroyed	258
2026-08-13T16:28:44Z	NULL125	5286	drakkarfjord	215176	A	C	core_destroyed	366
2026-08-13T16:28:50Z	NULL125	5287	drakkarfjord	215176	B	T	core_destroyed	378
2026-08-13T16:28:51Z	NULL125	5288	drumlin	215176	A	C	core_destroyed	193
2026-08-13T16:28:54Z	NULL125	5289	drumlin	215176	B	T	core_destroyed	272
2026-08-13T16:28:55Z	NULL125	5290	fjordgate	215176	A	T	core_destroyed	215
2026-08-13T16:28:57Z	NULL125	5291	fjordgate	215176	B	C	core_destroyed	212
2026-08-13T16:28:58Z	NULL125	5292	frostgate	215176	A	T	core_destroyed	225
2026-08-13T16:29:01Z	NULL125	5293	frostgate	215176	B	C	core_destroyed	280
2026-08-13T16:29:07Z	NULL125	5294	glacierkeep	215176	A	C	core_destroyed	506
2026-08-13T16:29:21Z	NULL125	5295	glacierkeep	215176	B	C	core_destroyed	494
2026-08-13T16:29:23Z	NULL125	5296	icefloe	215176	A	T	core_destroyed	151
2026-08-13T16:29:26Z	NULL125	5297	icefloe	215176	B	C	core_destroyed	228
2026-08-13T16:29:28Z	NULL125	5298	midgard	215176	A	C	core_destroyed	91
2026-08-13T16:29:31Z	NULL125	5299	midgard	215176	B	T	core_destroyed	136
2026-08-13T16:29:33Z	NULL125	5300	nordkap	215176	A	T	core_destroyed	384
2026-08-13T16:29:35Z	NULL125	5301	nordkap	215176	B	C	core_destroyed	191
2026-08-13T16:29:37Z	NULL125	5302	ragnarok	215176	A	C	core_destroyed	135
2026-08-13T16:29:41Z	NULL125	5303	ragnarok	215176	B	T	core_destroyed	202
2026-08-13T16:29:43Z	NULL125	5304	royale	215176	A	C	core_destroyed	324
2026-08-13T16:29:44Z	NULL125	5305	royale	215176	B	C	core_destroyed	243
2026-08-13T16:29:52Z	NULL125	5306	valkyrie	215176	A	C	tiebreak	1000
2026-08-13T16:29:55Z	NULL125	5307	valkyrie	215176	B	T	core_destroyed	124
2026-08-13T16:29:58Z	NULL125	5308	yulerune	215176	A	C	core_destroyed	174
2026-08-13T16:30:05Z	NULL125	5309	yulerune	215176	B	C	tiebreak	1000
2026-08-13T16:30:07Z	NULL125	5310	antler	215177	A	T	core_destroyed	313
2026-08-13T16:30:10Z	NULL125	5311	antler	215177	B	C	core_destroyed	313
2026-08-13T16:30:12Z	NULL125	5312	archipelago	215177	A	T	core_destroyed	132
2026-08-13T16:30:14Z	NULL125	5313	archipelago	215177	B	T	core_destroyed	179
2026-08-13T16:30:16Z	NULL125	5314	auroraveil	215177	A	T	core_destroyed	163
2026-08-13T16:30:18Z	NULL125	5315	auroraveil	215177	B	T	core_destroyed	167
2026-08-13T16:30:21Z	NULL125	5316	drakkarfjord	215177	A	T	core_destroyed	201
2026-08-13T16:30:27Z	NULL125	5317	drakkarfjord	215177	B	T	core_destroyed	417
2026-08-13T16:30:29Z	NULL125	5318	drumlin	215177	A	T	core_destroyed	198
2026-08-13T16:30:31Z	NULL125	5319	drumlin	215177	B	C	core_destroyed	98
2026-08-13T16:30:32Z	NULL125	5320	fjordgate	215177	A	T	core_destroyed	134
2026-08-13T16:30:34Z	NULL125	5321	fjordgate	215177	B	C	tiebreak	1000
2026-08-13T16:30:36Z	NULL125	5322	frostgate	215177	A	C	core_destroyed	130
2026-08-13T16:30:37Z	NULL125	5323	frostgate	215177	B	T	core_destroyed	217
2026-08-13T16:30:40Z	NULL125	5324	glacierkeep	215177	A	T	core_destroyed	321
2026-08-13T16:30:42Z	NULL125	5325	glacierkeep	215177	B	C	core_destroyed	170
2026-08-13T16:30:47Z	NULL125	5326	icefloe	215177	A	C	tiebreak	1000
2026-08-13T16:30:49Z	NULL125	5327	icefloe	215177	B	C	core_destroyed	168
2026-08-13T16:30:52Z	NULL125	5328	midgard	215177	A	T	core_destroyed	89
2026-08-13T16:30:54Z	NULL125	5329	midgard	215177	B	C	core_destroyed	130
2026-08-13T16:30:55Z	NULL125	5330	nordkap	215177	A	C	core_destroyed	183
2026-08-13T16:30:58Z	NULL125	5331	nordkap	215177	B	C	core_destroyed	179
2026-08-13T16:31:00Z	NULL125	5332	ragnarok	215177	A	T	core_destroyed	128
2026-08-13T16:31:02Z	NULL125	5333	ragnarok	215177	B	C	core_destroyed	128
2026-08-13T16:31:05Z	NULL125	5334	royale	215177	A	C	tiebreak	1000
2026-08-13T16:31:07Z	NULL125	5335	royale	215177	B	T	core_destroyed	320
2026-08-13T16:31:36Z	NULL125	5336	valkyrie	215177	A	C	tiebreak	1000
2026-08-13T16:31:40Z	NULL125	5337	valkyrie	215177	B	T	core_destroyed	613
2026-08-13T16:31:44Z	NULL125	5338	yulerune	215177	A	C	core_destroyed	263
2026-08-13T16:31:46Z	NULL125	5339	yulerune	215177	B	T	core_destroyed	132
2026-08-13T16:31:48Z	NULL125	5340	antler	215178	A	T	core_destroyed	321
2026-08-13T16:31:51Z	NULL125	5341	antler	215178	B	T	core_destroyed	502
2026-08-13T16:31:53Z	NULL125	5342	archipelago	215178	A	C	core_destroyed	109
2026-08-13T16:31:59Z	NULL125	5343	archipelago	215178	B	T	core_destroyed	371
2026-08-13T16:32:03Z	NULL125	5344	auroraveil	215178	A	T	core_destroyed	445
2026-08-13T16:32:04Z	NULL125	5345	auroraveil	215178	B	C	core_destroyed	133
2026-08-13T16:32:15Z	NULL125	5346	drakkarfjord	215178	A	C	core_destroyed	909
2026-08-13T16:32:18Z	NULL125	5347	drakkarfjord	215178	B	T	core_destroyed	191
2026-08-13T16:32:20Z	NULL125	5348	drumlin	215178	A	T	core_destroyed	189
2026-08-13T16:32:23Z	NULL125	5349	drumlin	215178	B	T	core_destroyed	210
2026-08-13T16:32:25Z	NULL125	5350	fjordgate	215178	A	T	core_destroyed	155
2026-08-13T16:32:26Z	NULL125	5351	fjordgate	215178	B	C	core_destroyed	165
2026-08-13T16:32:29Z	NULL125	5352	frostgate	215178	A	C	core_destroyed	182
2026-08-13T16:32:32Z	NULL125	5353	frostgate	215178	B	T	tiebreak	1000
2026-08-13T16:32:35Z	NULL125	5354	glacierkeep	215178	A	T	core_destroyed	174
2026-08-13T16:32:38Z	NULL125	5355	glacierkeep	215178	B	T	core_destroyed	518
2026-08-13T16:32:44Z	NULL125	5356	icefloe	215178	A	T	core_destroyed	429
2026-08-13T16:32:46Z	NULL125	5357	icefloe	215178	B	C	core_destroyed	136
2026-08-13T16:32:53Z	NULL125	5358	midgard	215178	A	C	core_destroyed	386
2026-08-13T16:32:56Z	NULL125	5359	midgard	215178	B	C	core_destroyed	77
2026-08-13T16:32:57Z	NULL125	5360	nordkap	215178	A	C	core_destroyed	353
2026-08-13T16:32:59Z	NULL125	5361	nordkap	215178	B	C	core_destroyed	172
2026-08-13T16:33:22Z	NULL125	5362	ragnarok	215178	A	C	core_destroyed	715
2026-08-13T16:33:44Z	NULL125	5363	ragnarok	215178	B	T	core_destroyed	517
2026-08-13T16:33:47Z	NULL125	5364	royale	215178	A	C	core_destroyed	343
2026-08-13T16:33:48Z	NULL125	5365	royale	215178	B	T	core_destroyed	144
2026-08-13T16:33:53Z	NULL125	5366	valkyrie	215178	A	C	core_destroyed	248
2026-08-13T16:33:56Z	NULL125	5367	valkyrie	215178	B	T	core_destroyed	116
2026-08-13T16:34:02Z	NULL125	5368	yulerune	215178	A	T	tiebreak	1000
2026-08-13T16:34:04Z	NULL125	5369	yulerune	215178	B	C	core_destroyed	206
2026-08-13T16:34:07Z	NULL125	5370	antler	215179	A	C	core_destroyed	428
2026-08-13T16:34:08Z	NULL125	5371	antler	215179	B	T	core_destroyed	176
2026-08-13T16:34:10Z	NULL125	5372	archipelago	215179	A	T	core_destroyed	104
2026-08-13T16:34:13Z	NULL125	5373	archipelago	215179	B	T	core_destroyed	116
2026-08-13T16:34:15Z	NULL125	5374	auroraveil	215179	A	C	core_destroyed	204
2026-08-13T16:34:17Z	NULL125	5375	auroraveil	215179	B	C	core_destroyed	164
2026-08-13T16:34:22Z	NULL125	5376	drakkarfjord	215179	A	T	core_destroyed	416
2026-08-13T16:34:31Z	NULL125	5377	drakkarfjord	215179	B	C	core_destroyed	738
2026-08-13T16:34:35Z	NULL125	5378	drumlin	215179	A	T	core_destroyed	191
2026-08-13T16:34:37Z	NULL125	5379	drumlin	215179	B	C	core_destroyed	134
2026-08-13T16:34:38Z	NULL125	5380	fjordgate	215179	A	C	core_destroyed	230
2026-08-13T16:34:40Z	NULL125	5381	fjordgate	215179	B	C	core_destroyed	252
2026-08-13T16:34:43Z	NULL125	5382	frostgate	215179	A	C	core_destroyed	329
2026-08-13T16:34:44Z	NULL125	5383	frostgate	215179	B	C	core_destroyed	132
2026-08-13T16:34:47Z	NULL125	5384	glacierkeep	215179	A	T	core_destroyed	416
2026-08-13T16:34:50Z	NULL125	5385	glacierkeep	215179	B	T	core_destroyed	352
2026-08-13T16:34:52Z	NULL125	5386	icefloe	215179	A	C	core_destroyed	122
2026-08-13T16:34:54Z	NULL125	5387	icefloe	215179	B	T	core_destroyed	131
2026-08-13T16:34:56Z	NULL125	5388	midgard	215179	A	C	core_destroyed	93
2026-08-13T16:35:00Z	NULL125	5389	midgard	215179	B	C	core_destroyed	171
2026-08-13T16:35:02Z	NULL125	5390	nordkap	215179	A	C	core_destroyed	517
2026-08-13T16:35:04Z	NULL125	5391	nordkap	215179	B	C	core_destroyed	155
2026-08-13T16:35:42Z	NULL125	5392	ragnarok	215179	A	T	tiebreak	1000
2026-08-13T16:35:44Z	NULL125	5393	ragnarok	215179	B	C	core_destroyed	116
2026-08-13T16:35:46Z	NULL125	5394	royale	215179	A	T	core_destroyed	428
2026-08-13T16:35:48Z	NULL125	5395	royale	215179	B	C	core_destroyed	273
2026-08-13T16:35:51Z	NULL125	5396	valkyrie	215179	A	C	core_destroyed	210
2026-08-13T16:35:54Z	NULL125	5397	valkyrie	215179	B	T	core_destroyed	124
2026-08-13T16:35:58Z	NULL125	5398	yulerune	215179	A	C	core_destroyed	247
2026-08-13T16:36:03Z	NULL125	5399	yulerune	215179	B	T	core_destroyed	388
