ts	shard	game	map	seed	seat	winner	cond	turns
2026-08-11T18:39:16Z	SR2CUR	0	antler	23000	A	C	core_destroyed	194
2026-08-11T18:39:17Z	SR2CUR	1	antler	23000	B	T	core_destroyed	141
2026-08-11T18:39:19Z	SR2CUR	2	atoll	23000	A	T	core_destroyed	178
2026-08-11T18:39:21Z	SR2CUR	3	atoll	23000	B	C	core_destroyed	159
2026-08-11T18:39:23Z	SR2CUR	4	drumlin	23000	A	T	core_destroyed	271
2026-08-11T18:39:25Z	SR2CUR	5	drumlin	23000	B	T	core_destroyed	116
2026-08-11T18:39:26Z	SR2CUR	6	fjordgate	23000	A	T	core_destroyed	285
2026-08-11T18:39:28Z	SR2CUR	7	fjordgate	23000	B	T	core_destroyed	143
2026-08-11T18:39:35Z	SR2CUR	8	heart	23000	A	T	core_destroyed	400
2026-08-11T18:39:39Z	SR2CUR	9	heart	23000	B	T	core_destroyed	347
2026-08-11T18:39:42Z	SR2CUR	10	hive	23000	A	C	core_destroyed	220
2026-08-11T18:39:54Z	SR2CUR	11	hive	23000	B	C	tiebreak	1000
2026-08-11T18:39:55Z	SR2CUR	12	meander	23000	A	T	core_destroyed	173
2026-08-11T18:39:57Z	SR2CUR	13	meander	23000	B	T	core_destroyed	150
2026-08-11T18:39:59Z	SR2CUR	14	nordkap	23000	A	T	core_destroyed	241
2026-08-11T18:40:00Z	SR2CUR	15	nordkap	23000	B	C	core_destroyed	108
2026-08-11T18:40:02Z	SR2CUR	16	antler	23001	A	C	core_destroyed	111
2026-08-11T18:40:04Z	SR2CUR	17	antler	23001	B	T	core_destroyed	288
2026-08-11T18:40:06Z	SR2CUR	18	atoll	23001	A	T	core_destroyed	218
2026-08-11T18:40:10Z	SR2CUR	19	atoll	23001	B	T	core_destroyed	671
2026-08-11T18:40:19Z	SR2CUR	20	drumlin	23001	A	C	core_destroyed	428
2026-08-11T18:40:21Z	SR2CUR	21	drumlin	23001	B	T	core_destroyed	107
2026-08-11T18:40:23Z	SR2CUR	22	fjordgate	23001	A	T	core_destroyed	110
2026-08-11T18:40:26Z	SR2CUR	23	fjordgate	23001	B	T	core_destroyed	106
2026-08-11T18:40:37Z	SR2CUR	24	heart	23001	A	T	core_destroyed	260
2026-08-11T18:40:41Z	SR2CUR	25	heart	23001	B	C	core_destroyed	147
2026-08-11T18:40:53Z	SR2CUR	26	hive	23001	A	T	core_destroyed	456
2026-08-11T18:40:56Z	SR2CUR	27	hive	23001	B	C	core_destroyed	132
2026-08-11T18:41:00Z	SR2CUR	28	meander	23001	A	C	core_destroyed	253
2026-08-11T18:41:02Z	SR2CUR	29	meander	23001	B	C	core_destroyed	128
2026-08-11T18:41:05Z	SR2CUR	30	nordkap	23001	A	C	core_destroyed	112
2026-08-11T18:41:11Z	SR2CUR	31	nordkap	23001	B	T	core_destroyed	547
2026-08-11T18:41:15Z	SR2CUR	32	antler	23002	A	T	core_destroyed	222
2026-08-11T18:41:18Z	SR2CUR	33	antler	23002	B	C	core_destroyed	176
2026-08-11T18:41:20Z	SR2CUR	34	atoll	23002	A	C	core_destroyed	146
2026-08-11T18:41:23Z	SR2CUR	35	atoll	23002	B	T	core_destroyed	189
2026-08-11T18:41:34Z	SR2CUR	36	drumlin	23002	A	T	core_destroyed	505
2026-08-11T18:41:42Z	SR2CUR	37	drumlin	23002	B	T	core_destroyed	342
2026-08-11T18:41:50Z	SR2CUR	38	fjordgate	23002	A	C	tiebreak	1000
2026-08-11T18:41:52Z	SR2CUR	39	fjordgate	23002	B	T	core_destroyed	123
2026-08-11T18:41:58Z	SR2CUR	40	heart	23002	A	T	core_destroyed	179
2026-08-11T18:42:17Z	SR2CUR	41	heart	23002	B	T	tiebreak	1000
2026-08-11T18:42:20Z	SR2CUR	42	hive	23002	A	T	core_destroyed	90
2026-08-11T18:42:25Z	SR2CUR	43	hive	23002	B	T	core_destroyed	162
2026-08-11T18:42:27Z	SR2CUR	44	meander	23002	A	T	core_destroyed	114
2026-08-11T18:42:31Z	SR2CUR	45	meander	23002	B	T	core_destroyed	344
2026-08-11T18:42:35Z	SR2CUR	46	nordkap	23002	A	C	core_destroyed	141
2026-08-11T18:42:37Z	SR2CUR	47	nordkap	23002	B	C	core_destroyed	125
2026-08-11T18:42:44Z	SR2CUR	48	antler	23003	A	T	core_destroyed	535
2026-08-11T18:42:47Z	SR2CUR	49	antler	23003	B	C	core_destroyed	134
2026-08-11T18:42:51Z	SR2CUR	50	atoll	23003	A	T	core_destroyed	324
2026-08-11T18:43:02Z	SR2CUR	51	atoll	23003	B	T	tiebreak	1000
2026-08-11T18:43:11Z	SR2CUR	52	drumlin	23003	A	T	core_destroyed	325
2026-08-11T18:43:12Z	SR2CUR	53	drumlin	23003	B	T	core_destroyed	140
2026-08-11T18:43:14Z	SR2CUR	54	fjordgate	23003	A	T	core_destroyed	188
2026-08-11T18:43:15Z	SR2CUR	55	fjordgate	23003	B	C	core_destroyed	164
2026-08-11T18:43:18Z	SR2CUR	56	heart	23003	A	T	core_destroyed	151
2026-08-11T18:43:20Z	SR2CUR	57	heart	23003	B	C	core_destroyed	112
2026-08-11T18:43:22Z	SR2CUR	58	hive	23003	A	T	core_destroyed	100
2026-08-11T18:43:29Z	SR2CUR	59	hive	23003	B	T	core_destroyed	412
2026-08-11T18:43:31Z	SR2CUR	60	meander	23003	A	C	core_destroyed	206
2026-08-11T18:43:32Z	SR2CUR	61	meander	23003	B	C	core_destroyed	118
2026-08-11T18:43:34Z	SR2CUR	62	nordkap	23003	A	T	core_destroyed	161
2026-08-11T18:43:36Z	SR2CUR	63	nordkap	23003	B	T	core_destroyed	254
2026-08-11T18:43:38Z	SR2CUR	64	antler	23004	A	T	core_destroyed	241
2026-08-11T18:43:41Z	SR2CUR	65	antler	23004	B	C	core_destroyed	382
2026-08-11T18:43:42Z	SR2CUR	66	atoll	23004	A	C	core_destroyed	149
2026-08-11T18:43:44Z	SR2CUR	67	atoll	23004	B	T	core_destroyed	220
2026-08-11T18:43:48Z	SR2CUR	68	drumlin	23004	A	C	core_destroyed	243
2026-08-11T18:43:53Z	SR2CUR	69	drumlin	23004	B	T	core_destroyed	366
2026-08-11T18:43:54Z	SR2CUR	70	fjordgate	23004	A	C	core_destroyed	209
2026-08-11T18:43:56Z	SR2CUR	71	fjordgate	23004	B	T	core_destroyed	188
2026-08-11T18:44:00Z	SR2CUR	72	heart	23004	A	C	core_destroyed	300
2026-08-11T18:44:03Z	SR2CUR	73	heart	23004	B	C	core_destroyed	246
2026-08-11T18:44:08Z	SR2CUR	74	hive	23004	A	C	core_destroyed	397
2026-08-11T18:44:10Z	SR2CUR	75	hive	23004	B	C	core_destroyed	192
2026-08-11T18:44:13Z	SR2CUR	76	meander	23004	A	C	core_destroyed	313
2026-08-11T18:44:14Z	SR2CUR	77	meander	23004	B	C	core_destroyed	128
2026-08-11T18:44:16Z	SR2CUR	78	nordkap	23004	A	T	core_destroyed	119
2026-08-11T18:44:17Z	SR2CUR	79	nordkap	23004	B	T	core_destroyed	138
2026-08-11T18:44:20Z	SR2CUR	80	antler	23005	A	T	core_destroyed	256
2026-08-11T18:44:22Z	SR2CUR	81	antler	23005	B	T	core_destroyed	197
2026-08-11T18:44:23Z	SR2CUR	82	atoll	23005	A	C	core_destroyed	80
2026-08-11T18:44:25Z	SR2CUR	83	atoll	23005	B	C	core_destroyed	241
2026-08-11T18:44:27Z	SR2CUR	84	drumlin	23005	A	T	core_destroyed	181
2026-08-11T18:44:29Z	SR2CUR	85	drumlin	23005	B	T	core_destroyed	175
2026-08-11T18:44:30Z	SR2CUR	86	fjordgate	23005	A	T	core_destroyed	94
2026-08-11T18:44:32Z	SR2CUR	87	fjordgate	23005	B	T	core_destroyed	105
2026-08-11T18:44:34Z	SR2CUR	88	heart	23005	A	T	core_destroyed	232
2026-08-11T18:44:39Z	SR2CUR	89	heart	23005	B	T	core_destroyed	397
2026-08-11T18:44:41Z	SR2CUR	90	hive	23005	A	C	core_destroyed	257
2026-08-11T18:44:44Z	SR2CUR	91	hive	23005	B	C	core_destroyed	253
2026-08-11T18:44:46Z	SR2CUR	92	meander	23005	A	T	core_destroyed	152
2026-08-11T18:44:47Z	SR2CUR	93	meander	23005	B	C	core_destroyed	176
2026-08-11T18:44:50Z	SR2CUR	94	nordkap	23005	A	T	core_destroyed	243
2026-08-11T18:44:52Z	SR2CUR	95	nordkap	23005	B	C	core_destroyed	137
2026-08-11T18:44:55Z	SR2CUR	96	antler	23006	A	T	core_destroyed	399
2026-08-11T18:44:58Z	SR2CUR	97	antler	23006	B	C	core_destroyed	319
2026-08-11T18:44:59Z	SR2CUR	98	atoll	23006	A	T	core_destroyed	159
2026-08-11T18:45:01Z	SR2CUR	99	atoll	23006	B	T	core_destroyed	490
2026-08-11T18:45:03Z	SR2CUR	100	drumlin	23006	A	C	core_destroyed	174
2026-08-11T18:45:07Z	SR2CUR	101	drumlin	23006	B	C	core_destroyed	268
2026-08-11T18:45:08Z	SR2CUR	102	fjordgate	23006	A	C	core_destroyed	149
2026-08-11T18:45:10Z	SR2CUR	103	fjordgate	23006	B	C	core_destroyed	213
2026-08-11T18:45:12Z	SR2CUR	104	heart	23006	A	C	core_destroyed	186
2026-08-11T18:45:19Z	SR2CUR	105	heart	23006	B	C	core_destroyed	509
2026-08-11T18:45:21Z	SR2CUR	106	hive	23006	A	C	core_destroyed	152
2026-08-11T18:45:25Z	SR2CUR	107	hive	23006	B	C	core_destroyed	369
2026-08-11T18:45:28Z	SR2CUR	108	meander	23006	A	T	core_destroyed	302
2026-08-11T18:45:29Z	SR2CUR	109	meander	23006	B	C	core_destroyed	183
2026-08-11T18:45:32Z	SR2CUR	110	nordkap	23006	A	C	core_destroyed	261
2026-08-11T18:45:34Z	SR2CUR	111	nordkap	23006	B	C	core_destroyed	162
2026-08-11T18:45:36Z	SR2CUR	112	antler	23007	A	T	core_destroyed	247
2026-08-11T18:45:39Z	SR2CUR	113	antler	23007	B	T	core_destroyed	295
2026-08-11T18:45:41Z	SR2CUR	114	atoll	23007	A	T	core_destroyed	230
2026-08-11T18:45:43Z	SR2CUR	115	atoll	23007	B	C	core_destroyed	148
2026-08-11T18:45:45Z	SR2CUR	116	drumlin	23007	A	T	core_destroyed	185
2026-08-11T18:45:47Z	SR2CUR	117	drumlin	23007	B	T	core_destroyed	149
2026-08-11T18:45:49Z	SR2CUR	118	fjordgate	23007	A	T	core_destroyed	236
2026-08-11T18:45:50Z	SR2CUR	119	fjordgate	23007	B	C	core_destroyed	339
2026-08-11T18:45:53Z	SR2CUR	120	heart	23007	A	T	core_destroyed	142
2026-08-11T18:45:57Z	SR2CUR	121	heart	23007	B	C	core_destroyed	484
2026-08-11T18:46:02Z	SR2CUR	122	hive	23007	A	T	core_destroyed	308
2026-08-11T18:46:07Z	SR2CUR	123	hive	23007	B	C	core_destroyed	328
2026-08-11T18:46:09Z	SR2CUR	124	meander	23007	A	T	core_destroyed	269
2026-08-11T18:46:10Z	SR2CUR	125	meander	23007	B	T	core_destroyed	232
2026-08-11T18:46:13Z	SR2CUR	126	nordkap	23007	A	C	core_destroyed	240
2026-08-11T18:46:15Z	SR2CUR	127	nordkap	23007	B	T	core_destroyed	268
2026-08-11T18:46:17Z	SR2CUR	128	antler	23008	A	C	core_destroyed	278
2026-08-11T18:46:18Z	SR2CUR	129	antler	23008	B	C	core_destroyed	132
2026-08-11T18:46:20Z	SR2CUR	130	atoll	23008	A	T	core_destroyed	113
2026-08-11T18:46:22Z	SR2CUR	131	atoll	23008	B	T	core_destroyed	296
2026-08-11T18:46:27Z	SR2CUR	132	drumlin	23008	A	T	core_destroyed	277
2026-08-11T18:46:30Z	SR2CUR	133	drumlin	23008	B	T	core_destroyed	260
2026-08-11T18:46:31Z	SR2CUR	134	fjordgate	23008	A	C	core_destroyed	259
2026-08-11T18:46:33Z	SR2CUR	135	fjordgate	23008	B	C	core_destroyed	249
2026-08-11T18:46:39Z	SR2CUR	136	heart	23008	A	C	core_destroyed	466
2026-08-11T18:46:41Z	SR2CUR	137	heart	23008	B	C	core_destroyed	143
2026-08-11T18:46:43Z	SR2CUR	138	hive	23008	A	T	core_destroyed	127
2026-08-11T18:46:47Z	SR2CUR	139	hive	23008	B	T	core_destroyed	211
2026-08-11T18:46:49Z	SR2CUR	140	meander	23008	A	C	core_destroyed	188
2026-08-11T18:46:50Z	SR2CUR	141	meander	23008	B	C	core_destroyed	191
2026-08-11T18:46:52Z	SR2CUR	142	nordkap	23008	A	C	core_destroyed	206
2026-08-11T18:46:55Z	SR2CUR	143	nordkap	23008	B	C	core_destroyed	171
2026-08-11T18:46:58Z	SR2CUR	144	antler	23009	A	T	core_destroyed	285
2026-08-11T18:47:00Z	SR2CUR	145	antler	23009	B	T	core_destroyed	133
2026-08-11T18:47:02Z	SR2CUR	146	atoll	23009	A	T	core_destroyed	195
2026-08-11T18:47:03Z	SR2CUR	147	atoll	23009	B	C	core_destroyed	153
2026-08-11T18:47:09Z	SR2CUR	148	drumlin	23009	A	T	core_destroyed	292
2026-08-11T18:47:14Z	SR2CUR	149	drumlin	23009	B	T	core_destroyed	373
2026-08-11T18:47:16Z	SR2CUR	150	fjordgate	23009	A	T	core_destroyed	177
2026-08-11T18:47:18Z	SR2CUR	151	fjordgate	23009	B	C	core_destroyed	175
2026-08-11T18:47:19Z	SR2CUR	152	heart	23009	A	T	core_destroyed	108
2026-08-11T18:47:23Z	SR2CUR	153	heart	23009	B	T	core_destroyed	501
2026-08-11T18:47:25Z	SR2CUR	154	hive	23009	A	T	core_destroyed	165
2026-08-11T18:47:29Z	SR2CUR	155	hive	23009	B	C	core_destroyed	302
2026-08-11T18:47:31Z	SR2CUR	156	meander	23009	A	C	core_destroyed	106
2026-08-11T18:47:33Z	SR2CUR	157	meander	23009	B	T	core_destroyed	285
2026-08-11T18:47:35Z	SR2CUR	158	nordkap	23009	A	T	core_destroyed	211
2026-08-11T18:47:38Z	SR2CUR	159	nordkap	23009	B	C	core_destroyed	213
2026-08-11T18:47:40Z	SR2CUR	160	antler	23010	A	T	core_destroyed	272
2026-08-11T18:47:42Z	SR2CUR	161	antler	23010	B	C	core_destroyed	196
2026-08-11T18:47:44Z	SR2CUR	162	atoll	23010	A	T	core_destroyed	168
2026-08-11T18:47:47Z	SR2CUR	163	atoll	23010	B	T	core_destroyed	438
2026-08-11T18:47:53Z	SR2CUR	164	drumlin	23010	A	T	core_destroyed	374
2026-08-11T18:47:56Z	SR2CUR	165	drumlin	23010	B	T	core_destroyed	309
2026-08-11T18:47:59Z	SR2CUR	166	fjordgate	23010	A	T	core_destroyed	236
2026-08-11T18:48:00Z	SR2CUR	167	fjordgate	23010	B	T	core_destroyed	91
2026-08-11T18:48:02Z	SR2CUR	168	heart	23010	A	T	core_destroyed	113
2026-08-11T18:48:05Z	SR2CUR	169	heart	23010	B	T	core_destroyed	193
2026-08-11T18:48:08Z	SR2CUR	170	hive	23010	A	C	tiebreak	182
2026-08-11T18:48:13Z	SR2CUR	171	hive	23010	B	C	core_destroyed	309
2026-08-11T18:48:15Z	SR2CUR	172	meander	23010	A	C	core_destroyed	121
2026-08-11T18:48:16Z	SR2CUR	173	meander	23010	B	T	core_destroyed	163
2026-08-11T18:48:18Z	SR2CUR	174	nordkap	23010	A	T	core_destroyed	150
2026-08-11T18:48:20Z	SR2CUR	175	nordkap	23010	B	T	core_destroyed	97
2026-08-11T18:48:21Z	SR2CUR	176	antler	23011	A	T	core_destroyed	160
2026-08-11T18:48:24Z	SR2CUR	177	antler	23011	B	T	core_destroyed	444
2026-08-11T18:48:26Z	SR2CUR	178	atoll	23011	A	T	core_destroyed	525
2026-08-11T18:48:27Z	SR2CUR	179	atoll	23011	B	T	core_destroyed	176
2026-08-11T18:48:33Z	SR2CUR	180	drumlin	23011	A	T	core_destroyed	472
2026-08-11T18:48:36Z	SR2CUR	181	drumlin	23011	B	C	core_destroyed	263
2026-08-11T18:48:37Z	SR2CUR	182	fjordgate	23011	A	T	core_destroyed	76
2026-08-11T18:48:40Z	SR2CUR	183	fjordgate	23011	B	T	core_destroyed	356
2026-08-11T18:48:47Z	SR2CUR	184	heart	23011	A	C	tiebreak	1000
2026-08-11T18:48:51Z	SR2CUR	185	heart	23011	B	T	core_destroyed	264
2026-08-11T18:48:54Z	SR2CUR	186	hive	23011	A	C	core_destroyed	194
2026-08-11T18:48:59Z	SR2CUR	187	hive	23011	B	C	core_destroyed	290
2026-08-11T18:49:00Z	SR2CUR	188	meander	23011	A	T	core_destroyed	152
2026-08-11T18:49:02Z	SR2CUR	189	meander	23011	B	T	core_destroyed	139
2026-08-11T18:49:03Z	SR2CUR	190	nordkap	23011	A	T	core_destroyed	102
2026-08-11T18:49:07Z	SR2CUR	191	nordkap	23011	B	C	core_destroyed	323
2026-08-11T18:49:08Z	SR2CUR	192	antler	23012	A	T	core_destroyed	82
2026-08-11T18:49:10Z	SR2CUR	193	antler	23012	B	C	core_destroyed	115
2026-08-11T18:49:15Z	SR2CUR	194	atoll	23012	A	T	core_destroyed	583
2026-08-11T18:49:17Z	SR2CUR	195	atoll	23012	B	T	core_destroyed	174
2026-08-11T18:49:18Z	SR2CUR	196	drumlin	23012	A	T	core_destroyed	214
2026-08-11T18:49:20Z	SR2CUR	197	drumlin	23012	B	T	core_destroyed	102
2026-08-11T18:49:21Z	SR2CUR	198	fjordgate	23012	A	T	core_destroyed	207
2026-08-11T18:49:23Z	SR2CUR	199	fjordgate	23012	B	C	core_destroyed	437
2026-08-11T18:49:27Z	SR2CUR	200	heart	23012	A	T	core_destroyed	272
2026-08-11T18:49:30Z	SR2CUR	201	heart	23012	B	T	core_destroyed	189
2026-08-11T18:49:36Z	SR2CUR	202	hive	23012	A	T	core_destroyed	396
2026-08-11T18:49:39Z	SR2CUR	203	hive	23012	B	C	core_destroyed	182
2026-08-11T18:49:41Z	SR2CUR	204	meander	23012	A	C	core_destroyed	305
2026-08-11T18:49:43Z	SR2CUR	205	meander	23012	B	C	core_destroyed	220
2026-08-11T18:49:46Z	SR2CUR	206	nordkap	23012	A	C	core_destroyed	396
2026-08-11T18:49:48Z	SR2CUR	207	nordkap	23012	B	T	core_destroyed	180
2026-08-11T18:49:52Z	SR2CUR	208	antler	23013	A	T	core_destroyed	327
2026-08-11T18:49:54Z	SR2CUR	209	antler	23013	B	C	core_destroyed	229
2026-08-11T18:49:56Z	SR2CUR	210	atoll	23013	A	T	core_destroyed	148
2026-08-11T18:49:57Z	SR2CUR	211	atoll	23013	B	T	core_destroyed	74
2026-08-11T18:50:01Z	SR2CUR	212	drumlin	23013	A	T	core_destroyed	310
2026-08-11T18:50:04Z	SR2CUR	213	drumlin	23013	B	C	core_destroyed	244
2026-08-11T18:50:05Z	SR2CUR	214	fjordgate	23013	A	T	core_destroyed	180
2026-08-11T18:50:07Z	SR2CUR	215	fjordgate	23013	B	C	core_destroyed	278
2026-08-11T18:50:14Z	SR2CUR	216	heart	23013	A	C	core_destroyed	443
2026-08-11T18:50:19Z	SR2CUR	217	heart	23013	B	T	core_destroyed	236
2026-08-11T18:50:21Z	SR2CUR	218	hive	23013	A	T	core_destroyed	135
2026-08-11T18:50:23Z	SR2CUR	219	hive	23013	B	C	core_destroyed	212
2026-08-11T18:50:25Z	SR2CUR	220	meander	23013	A	T	core_destroyed	170
2026-08-11T18:50:27Z	SR2CUR	221	meander	23013	B	C	core_destroyed	290
2026-08-11T18:50:29Z	SR2CUR	222	nordkap	23013	A	T	core_destroyed	160
2026-08-11T18:50:30Z	SR2CUR	223	nordkap	23013	B	T	core_destroyed	213
2026-08-11T18:50:32Z	SR2CUR	224	antler	23014	A	C	core_destroyed	269
2026-08-11T18:50:34Z	SR2CUR	225	antler	23014	B	T	core_destroyed	419
2026-08-11T18:50:36Z	SR2CUR	226	atoll	23014	A	T	core_destroyed	168
2026-08-11T18:50:41Z	SR2CUR	227	atoll	23014	B	T	core_destroyed	697
2026-08-11T18:50:44Z	SR2CUR	228	drumlin	23014	A	T	core_destroyed	279
2026-08-11T18:50:48Z	SR2CUR	229	drumlin	23014	B	T	core_destroyed	278
2026-08-11T18:50:50Z	SR2CUR	230	fjordgate	23014	A	T	core_destroyed	224
2026-08-11T18:50:52Z	SR2CUR	231	fjordgate	23014	B	T	core_destroyed	261
2026-08-11T18:50:57Z	SR2CUR	232	heart	23014	A	C	core_destroyed	291
2026-08-11T18:51:04Z	SR2CUR	233	heart	23014	B	T	core_destroyed	398
2026-08-11T18:51:08Z	SR2CUR	234	hive	23014	A	C	core_destroyed	272
2026-08-11T18:51:12Z	SR2CUR	235	hive	23014	B	C	core_destroyed	262
2026-08-11T18:51:14Z	SR2CUR	236	meander	23014	A	C	core_destroyed	223
2026-08-11T18:51:16Z	SR2CUR	237	meander	23014	B	T	core_destroyed	138
2026-08-11T18:51:17Z	SR2CUR	238	nordkap	23014	A	T	core_destroyed	165
2026-08-11T18:51:20Z	SR2CUR	239	nordkap	23014	B	T	core_destroyed	250
2026-08-11T18:51:23Z	SR2CUR	240	antler	23015	A	C	core_destroyed	465
2026-08-11T18:51:25Z	SR2CUR	241	antler	23015	B	C	core_destroyed	94
2026-08-11T18:51:29Z	SR2CUR	242	atoll	23015	A	T	tiebreak	1000
2026-08-11T18:51:31Z	SR2CUR	243	atoll	23015	B	T	core_destroyed	203
2026-08-11T18:51:33Z	SR2CUR	244	drumlin	23015	A	C	core_destroyed	138
2026-08-11T18:51:36Z	SR2CUR	245	drumlin	23015	B	C	core_destroyed	275
2026-08-11T18:51:38Z	SR2CUR	246	fjordgate	23015	A	T	core_destroyed	135
2026-08-11T18:51:39Z	SR2CUR	247	fjordgate	23015	B	C	core_destroyed	416
2026-08-11T18:51:41Z	SR2CUR	248	heart	23015	A	T	core_destroyed	102
2026-08-11T18:51:43Z	SR2CUR	249	heart	23015	B	T	core_destroyed	199
2026-08-11T18:51:47Z	SR2CUR	250	hive	23015	A	T	core_destroyed	231
2026-08-11T18:51:53Z	SR2CUR	251	hive	23015	B	C	core_destroyed	410
2026-08-11T18:51:54Z	SR2CUR	252	meander	23015	A	T	core_destroyed	202
2026-08-11T18:51:56Z	SR2CUR	253	meander	23015	B	T	core_destroyed	182
2026-08-11T18:51:58Z	SR2CUR	254	nordkap	23015	A	C	core_destroyed	196
2026-08-11T18:52:00Z	SR2CUR	255	nordkap	23015	B	C	core_destroyed	205
2026-08-11T18:52:02Z	SR2CUR	256	antler	23016	A	C	core_destroyed	225
2026-08-11T18:52:06Z	SR2CUR	257	antler	23016	B	C	core_destroyed	398
2026-08-11T18:52:12Z	SR2CUR	258	atoll	23016	A	C	tiebreak	1000
2026-08-11T18:52:13Z	SR2CUR	259	atoll	23016	B	C	core_destroyed	149
2026-08-11T18:52:17Z	SR2CUR	260	drumlin	23016	A	C	core_destroyed	290
2026-08-11T18:52:20Z	SR2CUR	261	drumlin	23016	B	T	core_destroyed	210
2026-08-11T18:52:22Z	SR2CUR	262	fjordgate	23016	A	C	tiebreak	1000
2026-08-11T18:52:24Z	SR2CUR	263	fjordgate	23016	B	T	core_destroyed	166
2026-08-11T18:52:27Z	SR2CUR	264	heart	23016	A	T	core_destroyed	212
2026-08-11T18:52:34Z	SR2CUR	265	heart	23016	B	T	core_destroyed	545
2026-08-11T18:52:36Z	SR2CUR	266	hive	23016	A	C	core_destroyed	159
2026-08-11T18:52:38Z	SR2CUR	267	hive	23016	B	C	core_destroyed	250
2026-08-11T18:52:40Z	SR2CUR	268	meander	23016	A	T	core_destroyed	140
2026-08-11T18:52:42Z	SR2CUR	269	meander	23016	B	T	core_destroyed	199
2026-08-11T18:52:44Z	SR2CUR	270	nordkap	23016	A	C	core_destroyed	221
2026-08-11T18:52:46Z	SR2CUR	271	nordkap	23016	B	T	core_destroyed	151
2026-08-11T18:52:48Z	SR2CUR	272	antler	23017	A	T	core_destroyed	238
2026-08-11T18:52:50Z	SR2CUR	273	antler	23017	B	T	core_destroyed	203
2026-08-11T18:52:51Z	SR2CUR	274	atoll	23017	A	T	core_destroyed	127
2026-08-11T18:52:56Z	SR2CUR	275	atoll	23017	B	T	core_destroyed	634
2026-08-11T18:52:59Z	SR2CUR	276	drumlin	23017	A	C	core_destroyed	290
2026-08-11T18:53:03Z	SR2CUR	277	drumlin	23017	B	T	core_destroyed	298
2026-08-11T18:53:05Z	SR2CUR	278	fjordgate	23017	A	T	tiebreak	1000
2026-08-11T18:53:06Z	SR2CUR	279	fjordgate	23017	B	T	core_destroyed	224
2026-08-11T18:53:10Z	SR2CUR	280	heart	23017	A	C	core_destroyed	197
2026-08-11T18:53:15Z	SR2CUR	281	heart	23017	B	T	core_destroyed	481
2026-08-11T18:53:18Z	SR2CUR	282	hive	23017	A	C	core_destroyed	168
2026-08-11T18:53:23Z	SR2CUR	283	hive	23017	B	C	core_destroyed	339
2026-08-11T18:53:24Z	SR2CUR	284	meander	23017	A	C	core_destroyed	160
2026-08-11T18:53:26Z	SR2CUR	285	meander	23017	B	C	core_destroyed	174
2026-08-11T18:53:29Z	SR2CUR	286	nordkap	23017	A	T	core_destroyed	284
2026-08-11T18:53:31Z	SR2CUR	287	nordkap	23017	B	C	core_destroyed	202
2026-08-11T18:53:32Z	SR2CUR	288	antler	23018	A	T	core_destroyed	97
2026-08-11T18:53:34Z	SR2CUR	289	antler	23018	B	C	core_destroyed	216
2026-08-11T18:53:36Z	SR2CUR	290	atoll	23018	A	T	core_destroyed	124
2026-08-11T18:53:40Z	SR2CUR	291	atoll	23018	B	T	tiebreak	1000
2026-08-11T18:53:42Z	SR2CUR	292	drumlin	23018	A	T	core_destroyed	237
2026-08-11T18:53:44Z	SR2CUR	293	drumlin	23018	B	T	core_destroyed	93
2026-08-11T18:53:45Z	SR2CUR	294	fjordgate	23018	A	T	core_destroyed	174
2026-08-11T18:53:47Z	SR2CUR	295	fjordgate	23018	B	T	core_destroyed	312
2026-08-11T18:53:52Z	SR2CUR	296	heart	23018	A	T	core_destroyed	314
2026-08-11T18:53:55Z	SR2CUR	297	heart	23018	B	T	core_destroyed	184
2026-08-11T18:53:57Z	SR2CUR	298	hive	23018	A	C	core_destroyed	192
2026-08-11T18:54:00Z	SR2CUR	299	hive	23018	B	C	core_destroyed	184
2026-08-11T18:54:01Z	SR2CUR	300	meander	23018	A	T	core_destroyed	143
2026-08-11T18:54:03Z	SR2CUR	301	meander	23018	B	C	core_destroyed	145
2026-08-11T18:54:05Z	SR2CUR	302	nordkap	23018	A	C	core_destroyed	195
2026-08-11T18:54:06Z	SR2CUR	303	nordkap	23018	B	C	core_destroyed	158
2026-08-11T18:54:08Z	SR2CUR	304	antler	23019	A	T	core_destroyed	187
2026-08-11T18:54:12Z	SR2CUR	305	antler	23019	B	T	tiebreak	1000
2026-08-11T18:54:14Z	SR2CUR	306	atoll	23019	A	T	core_destroyed	149
2026-08-11T18:54:16Z	SR2CUR	307	atoll	23019	B	C	core_destroyed	120
2026-08-11T18:54:19Z	SR2CUR	308	drumlin	23019	A	C	core_destroyed	303
2026-08-11T18:54:21Z	SR2CUR	309	drumlin	23019	B	C	core_destroyed	119
2026-08-11T18:54:22Z	SR2CUR	310	fjordgate	23019	A	T	core_destroyed	96
2026-08-11T18:54:24Z	SR2CUR	311	fjordgate	23019	B	T	core_destroyed	477
2026-08-11T18:54:34Z	SR2CUR	312	heart	23019	A	C	tiebreak	1000
2026-08-11T18:54:38Z	SR2CUR	313	heart	23019	B	C	core_destroyed	239
2026-08-11T18:54:41Z	SR2CUR	314	hive	23019	A	T	core_destroyed	238
2026-08-11T18:54:45Z	SR2CUR	315	hive	23019	B	C	core_destroyed	288
2026-08-11T18:54:47Z	SR2CUR	316	meander	23019	A	C	core_destroyed	121
2026-08-11T18:54:48Z	SR2CUR	317	meander	23019	B	C	core_destroyed	153
2026-08-11T18:54:50Z	SR2CUR	318	nordkap	23019	A	T	core_destroyed	222
2026-08-11T18:54:52Z	SR2CUR	319	nordkap	23019	B	C	core_destroyed	284
2026-08-11T18:54:54Z	SR2CUR	320	antler	23020	A	T	tiebreak	155
2026-08-11T18:54:56Z	SR2CUR	321	antler	23020	B	C	core_destroyed	176
2026-08-11T18:54:58Z	SR2CUR	322	atoll	23020	A	T	core_destroyed	534
2026-08-11T18:55:00Z	SR2CUR	323	atoll	23020	B	C	core_destroyed	270
2026-08-11T18:55:03Z	SR2CUR	324	drumlin	23020	A	C	core_destroyed	192
2026-08-11T18:55:10Z	SR2CUR	325	drumlin	23020	B	C	core_destroyed	609
2026-08-11T18:55:12Z	SR2CUR	326	fjordgate	23020	A	T	core_destroyed	442
2026-08-11T18:55:13Z	SR2CUR	327	fjordgate	23020	B	C	core_destroyed	91
2026-08-11T18:55:19Z	SR2CUR	328	heart	23020	A	C	core_destroyed	289
2026-08-11T18:55:24Z	SR2CUR	329	heart	23020	B	T	core_destroyed	366
2026-08-11T18:55:28Z	SR2CUR	330	hive	23020	A	C	core_destroyed	252
2026-08-11T18:55:31Z	SR2CUR	331	hive	23020	B	T	core_destroyed	205
2026-08-11T18:55:33Z	SR2CUR	332	meander	23020	A	T	core_destroyed	124
2026-08-11T18:55:34Z	SR2CUR	333	meander	23020	B	T	core_destroyed	208
2026-08-11T18:55:36Z	SR2CUR	334	nordkap	23020	A	T	core_destroyed	293
2026-08-11T18:55:37Z	SR2CUR	335	nordkap	23020	B	T	core_destroyed	144
2026-08-11T18:55:40Z	SR2CUR	336	antler	23021	A	C	core_destroyed	279
2026-08-11T18:55:42Z	SR2CUR	337	antler	23021	B	C	core_destroyed	180
2026-08-11T18:55:46Z	SR2CUR	338	atoll	23021	A	C	core_destroyed	414
2026-08-11T18:55:49Z	SR2CUR	339	atoll	23021	B	T	core_destroyed	464
2026-08-11T18:55:52Z	SR2CUR	340	drumlin	23021	A	T	core_destroyed	236
2026-08-11T18:55:53Z	SR2CUR	341	drumlin	23021	B	T	core_destroyed	136
2026-08-11T18:55:56Z	SR2CUR	342	fjordgate	23021	A	C	tiebreak	1000
2026-08-11T18:55:58Z	SR2CUR	343	fjordgate	23021	B	C	core_destroyed	437
2026-08-11T18:56:02Z	SR2CUR	344	heart	23021	A	C	core_destroyed	212
2026-08-11T18:56:15Z	SR2CUR	345	heart	23021	B	T	core_destroyed	581
2026-08-11T18:56:18Z	SR2CUR	346	hive	23021	A	C	core_destroyed	242
2026-08-11T18:56:22Z	SR2CUR	347	hive	23021	B	T	core_destroyed	249
2026-08-11T18:56:23Z	SR2CUR	348	meander	23021	A	C	core_destroyed	178
2026-08-11T18:56:25Z	SR2CUR	349	meander	23021	B	T	core_destroyed	149
2026-08-11T18:56:27Z	SR2CUR	350	nordkap	23021	A	T	core_destroyed	231
2026-08-11T18:56:29Z	SR2CUR	351	nordkap	23021	B	T	core_destroyed	219
2026-08-11T18:56:30Z	SR2CUR	352	antler	23022	A	C	core_destroyed	176
2026-08-11T18:56:33Z	SR2CUR	353	antler	23022	B	C	core_destroyed	361
2026-08-11T18:56:34Z	SR2CUR	354	atoll	23022	A	C	core_destroyed	120
2026-08-11T18:56:36Z	SR2CUR	355	atoll	23022	B	C	core_destroyed	499
2026-08-11T18:56:37Z	SR2CUR	356	drumlin	23022	A	T	core_destroyed	156
2026-08-11T18:56:41Z	SR2CUR	357	drumlin	23022	B	T	core_destroyed	305
2026-08-11T18:56:43Z	SR2CUR	358	fjordgate	23022	A	T	core_destroyed	188
2026-08-11T18:56:44Z	SR2CUR	359	fjordgate	23022	B	C	core_destroyed	556
2026-08-11T18:56:48Z	SR2CUR	360	heart	23022	A	T	core_destroyed	184
2026-08-11T18:56:50Z	SR2CUR	361	heart	23022	B	C	core_destroyed	182
2026-08-11T18:56:52Z	SR2CUR	362	hive	23022	A	T	core_destroyed	151
2026-08-11T18:56:54Z	SR2CUR	363	hive	23022	B	C	core_destroyed	202
2026-08-11T18:56:55Z	SR2CUR	364	meander	23022	A	T	core_destroyed	131
2026-08-11T18:56:57Z	SR2CUR	365	meander	23022	B	T	core_destroyed	123
2026-08-11T18:56:59Z	SR2CUR	366	nordkap	23022	A	C	core_destroyed	256
2026-08-11T18:57:01Z	SR2CUR	367	nordkap	23022	B	C	core_destroyed	196
2026-08-11T18:57:03Z	SR2CUR	368	antler	23023	A	T	core_destroyed	151
2026-08-11T18:57:06Z	SR2CUR	369	antler	23023	B	C	core_destroyed	468
2026-08-11T18:57:07Z	SR2CUR	370	atoll	23023	A	C	core_destroyed	138
2026-08-11T18:57:12Z	SR2CUR	371	atoll	23023	B	T	core_destroyed	584
2026-08-11T18:57:19Z	SR2CUR	372	drumlin	23023	A	C	core_destroyed	747
2026-08-11T18:57:24Z	SR2CUR	373	drumlin	23023	B	C	core_destroyed	358
2026-08-11T18:57:28Z	SR2CUR	374	fjordgate	23023	A	C	tiebreak	1000
2026-08-11T18:57:29Z	SR2CUR	375	fjordgate	23023	B	C	core_destroyed	141
2026-08-11T18:57:32Z	SR2CUR	376	heart	23023	A	T	core_destroyed	210
2026-08-11T18:57:35Z	SR2CUR	377	heart	23023	B	C	core_destroyed	200
2026-08-11T18:57:37Z	SR2CUR	378	hive	23023	A	T	core_destroyed	260
2026-08-11T18:57:44Z	SR2CUR	379	hive	23023	B	C	core_destroyed	525
2026-08-11T18:57:46Z	SR2CUR	380	meander	23023	A	T	tiebreak	210
2026-08-11T18:57:48Z	SR2CUR	381	meander	23023	B	T	core_destroyed	242
2026-08-11T18:57:49Z	SR2CUR	382	nordkap	23023	A	C	core_destroyed	140
2026-08-11T18:57:51Z	SR2CUR	383	nordkap	23023	B	C	core_destroyed	150
2026-08-11T18:57:53Z	SR2CUR	384	antler	23024	A	T	core_destroyed	397
2026-08-11T18:57:54Z	SR2CUR	385	antler	23024	B	T	core_destroyed	109
2026-08-11T18:57:57Z	SR2CUR	386	atoll	23024	A	C	core_destroyed	354
2026-08-11T18:58:03Z	SR2CUR	387	atoll	23024	B	T	tiebreak	1000
2026-08-11T18:58:05Z	SR2CUR	388	drumlin	23024	A	T	core_destroyed	132
2026-08-11T18:58:08Z	SR2CUR	389	drumlin	23024	B	C	core_destroyed	286
2026-08-11T18:58:09Z	SR2CUR	390	fjordgate	23024	A	T	core_destroyed	477
2026-08-11T18:58:13Z	SR2CUR	391	fjordgate	23024	B	C	tiebreak	1000
2026-08-11T18:58:30Z	SR2CUR	392	heart	23024	A	T	tiebreak	1000
2026-08-11T18:58:34Z	SR2CUR	393	heart	23024	B	T	core_destroyed	268
2026-08-11T18:58:36Z	SR2CUR	394	hive	23024	A	C	core_destroyed	114
2026-08-11T18:58:38Z	SR2CUR	395	hive	23024	B	C	core_destroyed	246
2026-08-11T18:58:39Z	SR2CUR	396	meander	23024	A	T	core_destroyed	166
2026-08-11T18:58:41Z	SR2CUR	397	meander	23024	B	C	core_destroyed	165
2026-08-11T18:58:42Z	SR2CUR	398	nordkap	23024	A	T	core_destroyed	182
2026-08-11T18:58:45Z	SR2CUR	399	nordkap	23024	B	T	core_destroyed	238
2026-08-11T18:58:46Z	SR2CUR	400	antler	23025	A	C	core_destroyed	106
2026-08-11T18:58:48Z	SR2CUR	401	antler	23025	B	T	core_destroyed	263
2026-08-11T18:58:50Z	SR2CUR	402	atoll	23025	A	T	core_destroyed	216
2026-08-11T18:58:53Z	SR2CUR	403	atoll	23025	B	T	core_destroyed	235
2026-08-11T18:58:54Z	SR2CUR	404	drumlin	23025	A	T	core_destroyed	101
2026-08-11T18:58:56Z	SR2CUR	405	drumlin	23025	B	T	core_destroyed	140
2026-08-11T18:58:57Z	SR2CUR	406	fjordgate	23025	A	C	core_destroyed	327
2026-08-11T18:58:59Z	SR2CUR	407	fjordgate	23025	B	T	core_destroyed	140
2026-08-11T18:59:03Z	SR2CUR	408	heart	23025	A	T	core_destroyed	229
2026-08-11T18:59:05Z	SR2CUR	409	heart	23025	B	C	core_destroyed	159
2026-08-11T18:59:11Z	SR2CUR	410	hive	23025	A	T	core_destroyed	308
2026-08-11T18:59:15Z	SR2CUR	411	hive	23025	B	C	core_destroyed	308
2026-08-11T18:59:17Z	SR2CUR	412	meander	23025	A	C	core_destroyed	168
2026-08-11T18:59:18Z	SR2CUR	413	meander	23025	B	C	core_destroyed	104
2026-08-11T18:59:21Z	SR2CUR	414	nordkap	23025	A	C	tiebreak	1000
2026-08-11T18:59:24Z	SR2CUR	415	nordkap	23025	B	C	core_destroyed	304
2026-08-11T18:59:35Z	SR2CUR	416	antler	23026	A	T	tiebreak	1000
2026-08-11T18:59:36Z	SR2CUR	417	antler	23026	B	C	core_destroyed	105
2026-08-11T18:59:38Z	SR2CUR	418	atoll	23026	A	C	core_destroyed	192
2026-08-11T18:59:40Z	SR2CUR	419	atoll	23026	B	T	core_destroyed	239
2026-08-11T18:59:41Z	SR2CUR	420	drumlin	23026	A	T	core_destroyed	249
2026-08-11T18:59:43Z	SR2CUR	421	drumlin	23026	B	T	core_destroyed	172
2026-08-11T18:59:44Z	SR2CUR	422	fjordgate	23026	A	C	core_destroyed	105
2026-08-11T18:59:47Z	SR2CUR	423	fjordgate	23026	B	C	core_destroyed	435
2026-08-11T18:59:54Z	SR2CUR	424	heart	23026	A	T	core_destroyed	422
2026-08-11T18:59:57Z	SR2CUR	425	heart	23026	B	C	core_destroyed	162
2026-08-11T19:00:01Z	SR2CUR	426	hive	23026	A	T	core_destroyed	281
2026-08-11T19:00:03Z	SR2CUR	427	hive	23026	B	C	core_destroyed	210
2026-08-11T19:00:06Z	SR2CUR	428	meander	23026	A	T	core_destroyed	280
2026-08-11T19:00:07Z	SR2CUR	429	meander	23026	B	T	core_destroyed	156
2026-08-11T19:00:09Z	SR2CUR	430	nordkap	23026	A	C	core_destroyed	218
2026-08-11T19:00:11Z	SR2CUR	431	nordkap	23026	B	T	core_destroyed	146
2026-08-11T19:00:12Z	SR2CUR	432	antler	23027	A	T	core_destroyed	122
2026-08-11T19:00:16Z	SR2CUR	433	antler	23027	B	T	core_destroyed	284
2026-08-11T19:00:19Z	SR2CUR	434	atoll	23027	A	C	core_destroyed	620
2026-08-11T19:00:20Z	SR2CUR	435	atoll	23027	B	T	core_destroyed	116
2026-08-11T19:00:22Z	SR2CUR	436	drumlin	23027	A	T	core_destroyed	153
2026-08-11T19:00:25Z	SR2CUR	437	drumlin	23027	B	C	core_destroyed	225
2026-08-11T19:00:27Z	SR2CUR	438	fjordgate	23027	A	T	tiebreak	1000
2026-08-11T19:00:28Z	SR2CUR	439	fjordgate	23027	B	C	core_destroyed	160
2026-08-11T19:00:30Z	SR2CUR	440	heart	23027	A	T	core_destroyed	127
2026-08-11T19:00:34Z	SR2CUR	441	heart	23027	B	T	core_destroyed	360
2026-08-11T19:00:38Z	SR2CUR	442	hive	23027	A	T	core_destroyed	237
2026-08-11T19:00:41Z	SR2CUR	443	hive	23027	B	T	core_destroyed	210
2026-08-11T19:00:43Z	SR2CUR	444	meander	23027	A	T	core_destroyed	207
2026-08-11T19:00:46Z	SR2CUR	445	meander	23027	B	T	core_destroyed	223
2026-08-11T19:00:49Z	SR2CUR	446	nordkap	23027	A	T	core_destroyed	340
2026-08-11T19:00:52Z	SR2CUR	447	nordkap	23027	B	C	core_destroyed	184
2026-08-11T19:00:53Z	SR2CUR	448	antler	23028	A	T	core_destroyed	87
2026-08-11T19:00:56Z	SR2CUR	449	antler	23028	B	C	core_destroyed	411
2026-08-11T19:00:58Z	SR2CUR	450	atoll	23028	A	T	core_destroyed	287
2026-08-11T19:01:00Z	SR2CUR	451	atoll	23028	B	C	core_destroyed	221
2026-08-11T19:01:04Z	SR2CUR	452	drumlin	23028	A	C	core_destroyed	449
2026-08-11T19:01:12Z	SR2CUR	453	drumlin	23028	B	T	core_destroyed	607
2026-08-11T19:01:13Z	SR2CUR	454	fjordgate	23028	A	C	core_destroyed	153
2026-08-11T19:01:15Z	SR2CUR	455	fjordgate	23028	B	C	core_destroyed	297
2026-08-11T19:01:17Z	SR2CUR	456	heart	23028	A	C	core_destroyed	426
2026-08-11T19:01:19Z	SR2CUR	457	heart	23028	B	T	core_destroyed	108
2026-08-11T19:01:26Z	SR2CUR	458	hive	23028	A	T	core_destroyed	444
2026-08-11T19:01:31Z	SR2CUR	459	hive	23028	B	T	core_destroyed	399
2026-08-11T19:01:32Z	SR2CUR	460	meander	23028	A	C	core_destroyed	125
2026-08-11T19:01:33Z	SR2CUR	461	meander	23028	B	C	core_destroyed	117
2026-08-11T19:01:35Z	SR2CUR	462	nordkap	23028	A	C	core_destroyed	204
2026-08-11T19:01:37Z	SR2CUR	463	nordkap	23028	B	T	core_destroyed	126
2026-08-11T19:01:38Z	SR2CUR	464	antler	23029	A	C	core_destroyed	169
2026-08-11T19:01:40Z	SR2CUR	465	antler	23029	B	C	core_destroyed	172
2026-08-11T19:01:45Z	SR2CUR	466	atoll	23029	A	C	core_destroyed	556
2026-08-11T19:01:47Z	SR2CUR	467	atoll	23029	B	C	core_destroyed	448
2026-08-11T19:01:49Z	SR2CUR	468	drumlin	23029	A	C	core_destroyed	107
2026-08-11T19:01:53Z	SR2CUR	469	drumlin	23029	B	C	core_destroyed	360
2026-08-11T19:01:55Z	SR2CUR	470	fjordgate	23029	A	C	core_destroyed	365
2026-08-11T19:01:56Z	SR2CUR	471	fjordgate	23029	B	C	core_destroyed	180
2026-08-11T19:01:59Z	SR2CUR	472	heart	23029	A	T	core_destroyed	160
2026-08-11T19:02:01Z	SR2CUR	473	heart	23029	B	C	core_destroyed	194
2026-08-11T19:02:05Z	SR2CUR	474	hive	23029	A	C	core_destroyed	252
2026-08-11T19:02:08Z	SR2CUR	475	hive	23029	B	T	core_destroyed	180
2026-08-11T19:02:10Z	SR2CUR	476	meander	23029	A	C	core_destroyed	142
2026-08-11T19:02:12Z	SR2CUR	477	meander	23029	B	C	core_destroyed	170
2026-08-11T19:02:15Z	SR2CUR	478	nordkap	23029	A	T	core_destroyed	285
2026-08-11T19:02:18Z	SR2CUR	479	nordkap	23029	B	C	core_destroyed	245
2026-08-11T19:02:19Z	SR2CUR	480	antler	23030	A	C	core_destroyed	204
2026-08-11T19:02:22Z	SR2CUR	481	antler	23030	B	T	core_destroyed	331
2026-08-11T19:02:34Z	SR2CUR	482	atoll	23030	A	C	tiebreak	1000
2026-08-11T19:02:36Z	SR2CUR	483	atoll	23030	B	C	core_destroyed	236
2026-08-11T19:02:38Z	SR2CUR	484	drumlin	23030	A	T	core_destroyed	151
2026-08-11T19:02:44Z	SR2CUR	485	drumlin	23030	B	C	core_destroyed	416
2026-08-11T19:02:45Z	SR2CUR	486	fjordgate	23030	A	T	core_destroyed	165
2026-08-11T19:02:46Z	SR2CUR	487	fjordgate	23030	B	C	core_destroyed	164
2026-08-11T19:02:50Z	SR2CUR	488	heart	23030	A	C	core_destroyed	217
2026-08-11T19:02:57Z	SR2CUR	489	heart	23030	B	T	core_destroyed	520
2026-08-11T19:03:01Z	SR2CUR	490	hive	23030	A	C	core_destroyed	233
2026-08-11T19:03:03Z	SR2CUR	491	hive	23030	B	T	core_destroyed	172
2026-08-11T19:03:05Z	SR2CUR	492	meander	23030	A	T	core_destroyed	296
2026-08-11T19:03:06Z	SR2CUR	493	meander	23030	B	C	core_destroyed	168
2026-08-11T19:03:08Z	SR2CUR	494	nordkap	23030	A	T	core_destroyed	333
2026-08-11T19:03:09Z	SR2CUR	495	nordkap	23030	B	C	core_destroyed	154
2026-08-11T19:03:13Z	SR2CUR	496	antler	23031	A	C	core_destroyed	357
2026-08-11T19:03:15Z	SR2CUR	497	antler	23031	B	C	core_destroyed	207
2026-08-11T19:03:16Z	SR2CUR	498	atoll	23031	A	C	core_destroyed	115
2026-08-11T19:03:18Z	SR2CUR	499	atoll	23031	B	T	core_destroyed	544
2026-08-11T19:03:21Z	SR2CUR	500	drumlin	23031	A	T	core_destroyed	234
2026-08-11T19:03:22Z	SR2CUR	501	drumlin	23031	B	C	core_destroyed	166
2026-08-11T19:03:24Z	SR2CUR	502	fjordgate	23031	A	T	core_destroyed	458
2026-08-11T19:03:26Z	SR2CUR	503	fjordgate	23031	B	C	core_destroyed	416
2026-08-11T19:03:32Z	SR2CUR	504	heart	23031	A	T	core_destroyed	270
2026-08-11T19:03:34Z	SR2CUR	505	heart	23031	B	C	core_destroyed	171
2026-08-11T19:03:41Z	SR2CUR	506	hive	23031	A	C	core_destroyed	420
2026-08-11T19:03:43Z	SR2CUR	507	hive	23031	B	C	core_destroyed	162
2026-08-11T19:03:45Z	SR2CUR	508	meander	23031	A	C	core_destroyed	167
2026-08-11T19:03:46Z	SR2CUR	509	meander	23031	B	T	core_destroyed	145
2026-08-11T19:03:49Z	SR2CUR	510	nordkap	23031	A	T	core_destroyed	240
2026-08-11T19:03:54Z	SR2CUR	511	nordkap	23031	B	T	core_destroyed	398
2026-08-11T19:03:56Z	SR2CUR	512	antler	23032	A	T	core_destroyed	207
2026-08-11T19:03:58Z	SR2CUR	513	antler	23032	B	C	core_destroyed	476
2026-08-11T19:04:00Z	SR2CUR	514	atoll	23032	A	T	core_destroyed	171
2026-08-11T19:04:01Z	SR2CUR	515	atoll	23032	B	C	core_destroyed	316
2026-08-11T19:04:05Z	SR2CUR	516	drumlin	23032	A	C	core_destroyed	309
2026-08-11T19:04:11Z	SR2CUR	517	drumlin	23032	B	T	core_destroyed	568
2026-08-11T19:04:13Z	SR2CUR	518	fjordgate	23032	A	T	core_destroyed	578
2026-08-11T19:04:14Z	SR2CUR	519	fjordgate	23032	B	C	core_destroyed	247
2026-08-11T19:04:17Z	SR2CUR	520	heart	23032	A	T	core_destroyed	159
2026-08-11T19:04:19Z	SR2CUR	521	heart	23032	B	T	core_destroyed	202
2026-08-11T19:04:22Z	SR2CUR	522	hive	23032	A	T	core_destroyed	186
2026-08-11T19:04:26Z	SR2CUR	523	hive	23032	B	C	core_destroyed	244
2026-08-11T19:04:29Z	SR2CUR	524	meander	23032	A	T	core_destroyed	301
2026-08-11T19:04:31Z	SR2CUR	525	meander	23032	B	T	core_destroyed	158
2026-08-11T19:04:32Z	SR2CUR	526	nordkap	23032	A	T	core_destroyed	102
2026-08-11T19:04:35Z	SR2CUR	527	nordkap	23032	B	C	core_destroyed	240
2026-08-11T19:04:37Z	SR2CUR	528	antler	23033	A	C	core_destroyed	207
2026-08-11T19:04:41Z	SR2CUR	529	antler	23033	B	T	core_destroyed	408
2026-08-11T19:04:46Z	SR2CUR	530	atoll	23033	A	T	core_destroyed	461
2026-08-11T19:04:47Z	SR2CUR	531	atoll	23033	B	T	core_destroyed	230
2026-08-11T19:04:52Z	SR2CUR	532	drumlin	23033	A	T	core_destroyed	261
2026-08-11T19:04:54Z	SR2CUR	533	drumlin	23033	B	C	core_destroyed	164
2026-08-11T19:04:55Z	SR2CUR	534	fjordgate	23033	A	C	core_destroyed	195
2026-08-11T19:04:57Z	SR2CUR	535	fjordgate	23033	B	T	core_destroyed	222
2026-08-11T19:05:02Z	SR2CUR	536	heart	23033	A	T	core_destroyed	353
2026-08-11T19:05:05Z	SR2CUR	537	heart	23033	B	C	core_destroyed	138
2026-08-11T19:05:07Z	SR2CUR	538	hive	23033	A	T	core_destroyed	108
2026-08-11T19:05:14Z	SR2CUR	539	hive	23033	B	C	core_destroyed	451
2026-08-11T19:05:15Z	SR2CUR	540	meander	23033	A	C	core_destroyed	133
2026-08-11T19:05:17Z	SR2CUR	541	meander	23033	B	T	core_destroyed	199
2026-08-11T19:05:20Z	SR2CUR	542	nordkap	23033	A	C	core_destroyed	266
2026-08-11T19:05:23Z	SR2CUR	543	nordkap	23033	B	T	core_destroyed	289
2026-08-11T19:05:25Z	SR2CUR	544	antler	23034	A	T	core_destroyed	219
2026-08-11T19:05:27Z	SR2CUR	545	antler	23034	B	C	core_destroyed	137
2026-08-11T19:05:29Z	SR2CUR	546	atoll	23034	A	T	core_destroyed	408
2026-08-11T19:05:31Z	SR2CUR	547	atoll	23034	B	C	core_destroyed	451
2026-08-11T19:05:34Z	SR2CUR	548	drumlin	23034	A	C	core_destroyed	171
2026-08-11T19:05:36Z	SR2CUR	549	drumlin	23034	B	C	core_destroyed	174
2026-08-11T19:05:38Z	SR2CUR	550	fjordgate	23034	A	C	core_destroyed	236
2026-08-11T19:05:39Z	SR2CUR	551	fjordgate	23034	B	C	core_destroyed	141
2026-08-11T19:05:43Z	SR2CUR	552	heart	23034	A	T	core_destroyed	278
2026-08-11T19:05:45Z	SR2CUR	553	heart	23034	B	C	core_destroyed	122
2026-08-11T19:05:47Z	SR2CUR	554	hive	23034	A	C	core_destroyed	123
2026-08-11T19:05:49Z	SR2CUR	555	hive	23034	B	C	core_destroyed	129
2026-08-11T19:05:51Z	SR2CUR	556	meander	23034	A	C	core_destroyed	174
2026-08-11T19:05:53Z	SR2CUR	557	meander	23034	B	T	core_destroyed	279
2026-08-11T19:05:55Z	SR2CUR	558	nordkap	23034	A	T	core_destroyed	324
2026-08-11T19:05:57Z	SR2CUR	559	nordkap	23034	B	T	core_destroyed	158
2026-08-11T19:06:00Z	SR2CUR	560	antler	23035	A	C	tiebreak	1000
2026-08-11T19:06:02Z	SR2CUR	561	antler	23035	B	C	core_destroyed	147
2026-08-11T19:06:04Z	SR2CUR	562	atoll	23035	A	T	core_destroyed	284
2026-08-11T19:06:09Z	SR2CUR	563	atoll	23035	B	C	core_destroyed	482
2026-08-11T19:06:11Z	SR2CUR	564	drumlin	23035	A	T	core_destroyed	151
2026-08-11T19:06:13Z	SR2CUR	565	drumlin	23035	B	C	core_destroyed	136
2026-08-11T19:06:15Z	SR2CUR	566	fjordgate	23035	A	T	core_destroyed	179
2026-08-11T19:06:16Z	SR2CUR	567	fjordgate	23035	B	T	core_destroyed	158
2026-08-11T19:06:40Z	SR2CUR	568	heart	23035	A	T	tiebreak	1000
2026-08-11T19:06:45Z	SR2CUR	569	heart	23035	B	T	core_destroyed	217
2026-08-11T19:06:47Z	SR2CUR	570	hive	23035	A	T	core_destroyed	116
2026-08-11T19:06:49Z	SR2CUR	571	hive	23035	B	T	core_destroyed	128
2026-08-11T19:06:51Z	SR2CUR	572	meander	23035	A	C	core_destroyed	195
2026-08-11T19:06:53Z	SR2CUR	573	meander	23035	B	T	core_destroyed	152
2026-08-11T19:06:56Z	SR2CUR	574	nordkap	23035	A	C	core_destroyed	215
2026-08-11T19:06:58Z	SR2CUR	575	nordkap	23035	B	C	core_destroyed	181
2026-08-11T19:06:59Z	SR2CUR	576	antler	23036	A	T	core_destroyed	193
2026-08-11T19:07:03Z	SR2CUR	577	antler	23036	B	T	tiebreak	1000
2026-08-11T19:07:05Z	SR2CUR	578	atoll	23036	A	C	core_destroyed	263
2026-08-11T19:07:07Z	SR2CUR	579	atoll	23036	B	C	core_destroyed	125
2026-08-11T19:07:09Z	SR2CUR	580	drumlin	23036	A	T	core_destroyed	153
2026-08-11T19:07:12Z	SR2CUR	581	drumlin	23036	B	C	core_destroyed	234
2026-08-11T19:07:14Z	SR2CUR	582	fjordgate	23036	A	C	core_destroyed	247
2026-08-11T19:07:15Z	SR2CUR	583	fjordgate	23036	B	C	core_destroyed	124
2026-08-11T19:07:18Z	SR2CUR	584	heart	23036	A	C	core_destroyed	330
2026-08-11T19:07:23Z	SR2CUR	585	heart	23036	B	C	core_destroyed	461
2026-08-11T19:07:28Z	SR2CUR	586	hive	23036	A	C	core_destroyed	349
2026-08-11T19:07:33Z	SR2CUR	587	hive	23036	B	T	core_destroyed	255
2026-08-11T19:07:35Z	SR2CUR	588	meander	23036	A	C	core_destroyed	205
2026-08-11T19:07:37Z	SR2CUR	589	meander	23036	B	T	core_destroyed	239
2026-08-11T19:07:39Z	SR2CUR	590	nordkap	23036	A	C	core_destroyed	206
2026-08-11T19:07:41Z	SR2CUR	591	nordkap	23036	B	T	core_destroyed	232
2026-08-11T19:07:43Z	SR2CUR	592	antler	23037	A	T	core_destroyed	418
2026-08-11T19:07:45Z	SR2CUR	593	antler	23037	B	T	core_destroyed	214
2026-08-11T19:07:47Z	SR2CUR	594	atoll	23037	A	T	core_destroyed	234
2026-08-11T19:07:48Z	SR2CUR	595	atoll	23037	B	C	core_destroyed	132
2026-08-11T19:07:51Z	SR2CUR	596	drumlin	23037	A	T	core_destroyed	185
2026-08-11T19:07:52Z	SR2CUR	597	drumlin	23037	B	C	core_destroyed	123
2026-08-11T19:07:54Z	SR2CUR	598	fjordgate	23037	A	C	core_destroyed	165
2026-08-11T19:07:56Z	SR2CUR	599	fjordgate	23037	B	C	core_destroyed	164
2026-08-11T19:07:57Z	SR2CUR	600	heart	23037	A	T	core_destroyed	120
2026-08-11T19:08:01Z	SR2CUR	601	heart	23037	B	C	core_destroyed	270
2026-08-11T19:08:05Z	SR2CUR	602	hive	23037	A	C	core_destroyed	268
2026-08-11T19:08:08Z	SR2CUR	603	hive	23037	B	T	core_destroyed	202
2026-08-11T19:08:10Z	SR2CUR	604	meander	23037	A	T	core_destroyed	413
2026-08-11T19:08:12Z	SR2CUR	605	meander	23037	B	T	core_destroyed	127
2026-08-11T19:08:14Z	SR2CUR	606	nordkap	23037	A	T	core_destroyed	224
2026-08-11T19:08:18Z	SR2CUR	607	nordkap	23037	B	C	core_destroyed	283
2026-08-11T19:08:19Z	SR2CUR	608	antler	23038	A	T	core_destroyed	130
2026-08-11T19:08:22Z	SR2CUR	609	antler	23038	B	T	core_destroyed	258
2026-08-11T19:08:26Z	SR2CUR	610	atoll	23038	A	C	core_destroyed	580
2026-08-11T19:08:27Z	SR2CUR	611	atoll	23038	B	T	core_destroyed	150
2026-08-11T19:08:30Z	SR2CUR	612	drumlin	23038	A	T	core_destroyed	160
2026-08-11T19:08:33Z	SR2CUR	613	drumlin	23038	B	T	core_destroyed	252
2026-08-11T19:08:35Z	SR2CUR	614	fjordgate	23038	A	C	core_destroyed	158
2026-08-11T19:08:37Z	SR2CUR	615	fjordgate	23038	B	T	core_destroyed	312
2026-08-11T19:08:48Z	SR2CUR	616	heart	23038	A	C	core_destroyed	822
2026-08-11T19:08:51Z	SR2CUR	617	heart	23038	B	T	core_destroyed	155
2026-08-11T19:08:58Z	SR2CUR	618	hive	23038	A	T	core_destroyed	458
2026-08-11T19:09:02Z	SR2CUR	619	hive	23038	B	C	core_destroyed	268
2026-08-11T19:09:06Z	SR2CUR	620	meander	23038	A	C	core_destroyed	499
2026-08-11T19:09:09Z	SR2CUR	621	meander	23038	B	C	core_destroyed	330
2026-08-11T19:09:11Z	SR2CUR	622	nordkap	23038	A	C	core_destroyed	154
2026-08-11T19:09:12Z	SR2CUR	623	nordkap	23038	B	T	core_destroyed	108
2026-08-11T19:09:14Z	SR2CUR	624	antler	23039	A	C	core_destroyed	182
2026-08-11T19:09:17Z	SR2CUR	625	antler	23039	B	C	core_destroyed	286
2026-08-11T19:09:19Z	SR2CUR	626	atoll	23039	A	T	core_destroyed	235
2026-08-11T19:09:20Z	SR2CUR	627	atoll	23039	B	T	core_destroyed	126
2026-08-11T19:09:27Z	SR2CUR	628	drumlin	23039	A	C	core_destroyed	482
2026-08-11T19:09:30Z	SR2CUR	629	drumlin	23039	B	C	core_destroyed	256
2026-08-11T19:09:32Z	SR2CUR	630	fjordgate	23039	A	T	core_destroyed	118
2026-08-11T19:09:33Z	SR2CUR	631	fjordgate	23039	B	C	core_destroyed	297
2026-08-11T19:09:37Z	SR2CUR	632	heart	23039	A	C	core_destroyed	163
2026-08-11T19:09:40Z	SR2CUR	633	heart	23039	B	T	core_destroyed	193
2026-08-11T19:09:44Z	SR2CUR	634	hive	23039	A	C	core_destroyed	255
2026-08-11T19:09:48Z	SR2CUR	635	hive	23039	B	C	core_destroyed	369
2026-08-11T19:09:50Z	SR2CUR	636	meander	23039	A	C	core_destroyed	253
2026-08-11T19:09:52Z	SR2CUR	637	meander	23039	B	C	core_destroyed	149
2026-08-11T19:09:53Z	SR2CUR	638	nordkap	23039	A	T	core_destroyed	107
2026-08-11T19:09:55Z	SR2CUR	639	nordkap	23039	B	C	core_destroyed	255
2026-08-11T19:09:57Z	SR2CUR	640	antler	23040	A	T	core_destroyed	135
2026-08-11T19:10:00Z	SR2CUR	641	antler	23040	B	T	core_destroyed	626
2026-08-11T19:10:02Z	SR2CUR	642	atoll	23040	A	T	core_destroyed	512
2026-08-11T19:10:03Z	SR2CUR	643	atoll	23040	B	T	core_destroyed	204
2026-08-11T19:10:05Z	SR2CUR	644	drumlin	23040	A	C	core_destroyed	104
2026-08-11T19:10:07Z	SR2CUR	645	drumlin	23040	B	C	core_destroyed	184
2026-08-11T19:10:08Z	SR2CUR	646	fjordgate	23040	A	C	core_destroyed	152
2026-08-11T19:10:10Z	SR2CUR	647	fjordgate	23040	B	C	core_destroyed	134
2026-08-11T19:10:13Z	SR2CUR	648	heart	23040	A	T	core_destroyed	207
2026-08-11T19:10:15Z	SR2CUR	649	heart	23040	B	C	core_destroyed	118
2026-08-11T19:10:18Z	SR2CUR	650	hive	23040	A	T	core_destroyed	238
2026-08-11T19:10:23Z	SR2CUR	651	hive	23040	B	C	core_destroyed	313
2026-08-11T19:10:24Z	SR2CUR	652	meander	23040	A	C	core_destroyed	95
2026-08-11T19:10:26Z	SR2CUR	653	meander	23040	B	C	core_destroyed	274
2026-08-11T19:10:28Z	SR2CUR	654	nordkap	23040	A	C	core_destroyed	136
2026-08-11T19:10:29Z	SR2CUR	655	nordkap	23040	B	C	core_destroyed	142
2026-08-11T19:10:32Z	SR2CUR	656	antler	23041	A	T	core_destroyed	257
2026-08-11T19:10:33Z	SR2CUR	657	antler	23041	B	C	core_destroyed	174
2026-08-11T19:10:37Z	SR2CUR	658	atoll	23041	A	C	core_destroyed	432
2026-08-11T19:10:39Z	SR2CUR	659	atoll	23041	B	C	core_destroyed	224
2026-08-11T19:10:44Z	SR2CUR	660	drumlin	23041	A	C	core_destroyed	272
2026-08-11T19:10:47Z	SR2CUR	661	drumlin	23041	B	T	core_destroyed	252
2026-08-11T19:10:50Z	SR2CUR	662	fjordgate	23041	A	T	core_destroyed	446
2026-08-11T19:10:51Z	SR2CUR	663	fjordgate	23041	B	T	core_destroyed	205
2026-08-11T19:11:03Z	SR2CUR	664	heart	23041	A	C	core_destroyed	523
2026-08-11T19:11:05Z	SR2CUR	665	heart	23041	B	C	core_destroyed	237
2026-08-11T19:11:10Z	SR2CUR	666	hive	23041	A	T	core_destroyed	393
2026-08-11T19:11:15Z	SR2CUR	667	hive	23041	B	C	core_destroyed	329
2026-08-11T19:11:17Z	SR2CUR	668	meander	23041	A	T	core_destroyed	190
2026-08-11T19:11:19Z	SR2CUR	669	meander	23041	B	T	core_destroyed	211
2026-08-11T19:11:20Z	SR2CUR	670	nordkap	23041	A	T	core_destroyed	102
2026-08-11T19:11:23Z	SR2CUR	671	nordkap	23041	B	T	core_destroyed	290
2026-08-11T19:11:24Z	SR2CUR	672	antler	23042	A	C	core_destroyed	293
2026-08-11T19:11:26Z	SR2CUR	673	antler	23042	B	T	core_destroyed	187
2026-08-11T19:11:28Z	SR2CUR	674	atoll	23042	A	T	core_destroyed	250
2026-08-11T19:11:32Z	SR2CUR	675	atoll	23042	B	T	core_destroyed	342
2026-08-11T19:11:34Z	SR2CUR	676	drumlin	23042	A	T	core_destroyed	108
2026-08-11T19:11:37Z	SR2CUR	677	drumlin	23042	B	T	core_destroyed	364
2026-08-11T19:11:39Z	SR2CUR	678	fjordgate	23042	A	C	core_destroyed	135
2026-08-11T19:11:41Z	SR2CUR	679	fjordgate	23042	B	T	core_destroyed	232
2026-08-11T19:11:44Z	SR2CUR	680	heart	23042	A	C	core_destroyed	217
2026-08-11T19:11:46Z	SR2CUR	681	heart	23042	B	C	core_destroyed	108
2026-08-11T19:11:56Z	SR2CUR	682	hive	23042	A	T	core_destroyed	634
2026-08-11T19:11:59Z	SR2CUR	683	hive	23042	B	T	core_destroyed	204
2026-08-11T19:12:01Z	SR2CUR	684	meander	23042	A	T	core_destroyed	134
2026-08-11T19:12:03Z	SR2CUR	685	meander	23042	B	C	core_destroyed	189
2026-08-11T19:12:05Z	SR2CUR	686	nordkap	23042	A	T	core_destroyed	185
2026-08-11T19:12:06Z	SR2CUR	687	nordkap	23042	B	T	core_destroyed	188
2026-08-11T19:12:09Z	SR2CUR	688	antler	23043	A	C	core_destroyed	313
2026-08-11T19:12:11Z	SR2CUR	689	antler	23043	B	C	core_destroyed	150
2026-08-11T19:12:13Z	SR2CUR	690	atoll	23043	A	T	core_destroyed	167
2026-08-11T19:12:15Z	SR2CUR	691	atoll	23043	B	C	core_destroyed	195
2026-08-11T19:12:20Z	SR2CUR	692	drumlin	23043	A	T	core_destroyed	348
2026-08-11T19:12:22Z	SR2CUR	693	drumlin	23043	B	C	core_destroyed	203
2026-08-11T19:12:23Z	SR2CUR	694	fjordgate	23043	A	T	core_destroyed	179
2026-08-11T19:12:24Z	SR2CUR	695	fjordgate	23043	B	C	core_destroyed	121
2026-08-11T19:12:26Z	SR2CUR	696	heart	23043	A	T	core_destroyed	185
2026-08-11T19:12:35Z	SR2CUR	697	heart	23043	B	T	core_destroyed	435
2026-08-11T19:12:37Z	SR2CUR	698	hive	23043	A	T	core_destroyed	110
2026-08-11T19:12:41Z	SR2CUR	699	hive	23043	B	C	core_destroyed	218
2026-08-11T19:12:44Z	SR2CUR	700	meander	23043	A	C	core_destroyed	390
2026-08-11T19:12:45Z	SR2CUR	701	meander	23043	B	C	core_destroyed	128
2026-08-11T19:12:47Z	SR2CUR	702	nordkap	23043	A	T	core_destroyed	314
2026-08-11T19:12:51Z	SR2CUR	703	nordkap	23043	B	C	core_destroyed	284
2026-08-11T19:12:53Z	SR2CUR	704	antler	23044	A	C	core_destroyed	233
2026-08-11T19:12:56Z	SR2CUR	705	antler	23044	B	C	core_destroyed	421
2026-08-11T19:12:58Z	SR2CUR	706	atoll	23044	A	C	core_destroyed	150
2026-08-11T19:13:00Z	SR2CUR	707	atoll	23044	B	C	core_destroyed	639
2026-08-11T19:13:02Z	SR2CUR	708	drumlin	23044	A	T	core_destroyed	177
2026-08-11T19:13:03Z	SR2CUR	709	drumlin	23044	B	C	core_destroyed	162
2026-08-11T19:13:05Z	SR2CUR	710	fjordgate	23044	A	C	core_destroyed	188
2026-08-11T19:13:07Z	SR2CUR	711	fjordgate	23044	B	C	core_destroyed	552
2026-08-11T19:13:09Z	SR2CUR	712	heart	23044	A	C	core_destroyed	136
2026-08-11T19:13:12Z	SR2CUR	713	heart	23044	B	C	core_destroyed	181
2026-08-11T19:13:16Z	SR2CUR	714	hive	23044	A	C	core_destroyed	272
2026-08-11T19:13:20Z	SR2CUR	715	hive	23044	B	C	core_destroyed	279
2026-08-11T19:13:22Z	SR2CUR	716	meander	23044	A	T	core_destroyed	179
2026-08-11T19:13:24Z	SR2CUR	717	meander	23044	B	T	core_destroyed	225
2026-08-11T19:13:29Z	SR2CUR	718	nordkap	23044	A	T	core_destroyed	441
2026-08-11T19:13:33Z	SR2CUR	719	nordkap	23044	B	C	core_destroyed	503
2026-08-11T19:13:34Z	SR2CUR	720	antler	23045	A	T	core_destroyed	96
2026-08-11T19:13:36Z	SR2CUR	721	antler	23045	B	T	core_destroyed	193
2026-08-11T19:13:38Z	SR2CUR	722	atoll	23045	A	C	core_destroyed	87
2026-08-11T19:13:39Z	SR2CUR	723	atoll	23045	B	C	core_destroyed	89
2026-08-11T19:13:42Z	SR2CUR	724	drumlin	23045	A	C	core_destroyed	234
2026-08-11T19:13:43Z	SR2CUR	725	drumlin	23045	B	T	core_destroyed	83
2026-08-11T19:13:44Z	SR2CUR	726	fjordgate	23045	A	C	core_destroyed	163
2026-08-11T19:13:46Z	SR2CUR	727	fjordgate	23045	B	T	core_destroyed	254
2026-08-11T19:13:48Z	SR2CUR	728	heart	23045	A	T	core_destroyed	185
2026-08-11T19:13:55Z	SR2CUR	729	heart	23045	B	T	core_destroyed	456
2026-08-11T19:13:57Z	SR2CUR	730	hive	23045	A	C	core_destroyed	140
2026-08-11T19:14:00Z	SR2CUR	731	hive	23045	B	C	core_destroyed	255
2026-08-11T19:14:02Z	SR2CUR	732	meander	23045	A	T	core_destroyed	201
2026-08-11T19:14:03Z	SR2CUR	733	meander	23045	B	T	core_destroyed	190
2026-08-11T19:14:05Z	SR2CUR	734	nordkap	23045	A	C	core_destroyed	140
2026-08-11T19:14:07Z	SR2CUR	735	nordkap	23045	B	T	core_destroyed	241
2026-08-11T19:14:09Z	SR2CUR	736	antler	23046	A	T	core_destroyed	176
2026-08-11T19:14:11Z	SR2CUR	737	antler	23046	B	T	core_destroyed	164
2026-08-11T19:14:13Z	SR2CUR	738	atoll	23046	A	T	core_destroyed	408
2026-08-11T19:14:15Z	SR2CUR	739	atoll	23046	B	C	core_destroyed	128
2026-08-11T19:14:16Z	SR2CUR	740	drumlin	23046	A	T	core_destroyed	106
2026-08-11T19:14:18Z	SR2CUR	741	drumlin	23046	B	C	core_destroyed	129
2026-08-11T19:14:19Z	SR2CUR	742	fjordgate	23046	A	C	core_destroyed	170
2026-08-11T19:14:20Z	SR2CUR	743	fjordgate	23046	B	C	core_destroyed	130
2026-08-11T19:14:24Z	SR2CUR	744	heart	23046	A	T	core_destroyed	250
2026-08-11T19:14:27Z	SR2CUR	745	heart	23046	B	T	core_destroyed	187
2026-08-11T19:14:31Z	SR2CUR	746	hive	23046	A	T	core_destroyed	274
2026-08-11T19:14:40Z	SR2CUR	747	hive	23046	B	C	core_destroyed	613
2026-08-11T19:14:41Z	SR2CUR	748	meander	23046	A	T	core_destroyed	121
2026-08-11T19:14:45Z	SR2CUR	749	meander	23046	B	C	core_destroyed	296
2026-08-11T19:14:47Z	SR2CUR	750	nordkap	23046	A	T	core_destroyed	205
2026-08-11T19:14:48Z	SR2CUR	751	nordkap	23046	B	T	core_destroyed	137
2026-08-11T19:14:50Z	SR2CUR	752	antler	23047	A	C	core_destroyed	223
2026-08-11T19:14:56Z	SR2CUR	753	antler	23047	B	T	core_destroyed	956
2026-08-11T19:14:58Z	SR2CUR	754	atoll	23047	A	T	core_destroyed	282
2026-08-11T19:15:02Z	SR2CUR	755	atoll	23047	B	T	core_destroyed	380
2026-08-11T19:15:07Z	SR2CUR	756	drumlin	23047	A	C	core_destroyed	411
2026-08-11T19:15:10Z	SR2CUR	757	drumlin	23047	B	C	core_destroyed	251
2026-08-11T19:15:11Z	SR2CUR	758	fjordgate	23047	A	C	core_destroyed	123
2026-08-11T19:15:12Z	SR2CUR	759	fjordgate	23047	B	C	core_destroyed	175
2026-08-11T19:15:14Z	SR2CUR	760	heart	23047	A	C	core_destroyed	150
2026-08-11T19:15:17Z	SR2CUR	761	heart	23047	B	T	core_destroyed	125
2026-08-11T19:15:22Z	SR2CUR	762	hive	23047	A	C	core_destroyed	228
2026-08-11T19:15:26Z	SR2CUR	763	hive	23047	B	C	core_destroyed	239
2026-08-11T19:15:27Z	SR2CUR	764	meander	23047	A	T	core_destroyed	168
2026-08-11T19:15:29Z	SR2CUR	765	meander	23047	B	C	core_destroyed	157
2026-08-11T19:15:32Z	SR2CUR	766	nordkap	23047	A	C	tiebreak	1000
2026-08-11T19:15:35Z	SR2CUR	767	nordkap	23047	B	C	core_destroyed	289
2026-08-11T19:15:37Z	SR2CUR	768	antler	23048	A	C	core_destroyed	204
2026-08-11T19:15:39Z	SR2CUR	769	antler	23048	B	C	core_destroyed	329
2026-08-11T19:15:42Z	SR2CUR	770	atoll	23048	A	C	core_destroyed	291
2026-08-11T19:15:44Z	SR2CUR	771	atoll	23048	B	T	core_destroyed	409
2026-08-11T19:15:46Z	SR2CUR	772	drumlin	23048	A	T	core_destroyed	135
2026-08-11T19:15:48Z	SR2CUR	773	drumlin	23048	B	T	core_destroyed	98
2026-08-11T19:15:50Z	SR2CUR	774	fjordgate	23048	A	T	core_destroyed	213
2026-08-11T19:15:51Z	SR2CUR	775	fjordgate	23048	B	C	core_destroyed	111
2026-08-11T19:15:55Z	SR2CUR	776	heart	23048	A	C	core_destroyed	299
2026-08-11T19:15:57Z	SR2CUR	777	heart	23048	B	C	core_destroyed	148
2026-08-11T19:15:59Z	SR2CUR	778	hive	23048	A	C	core_destroyed	120
2026-08-11T19:16:03Z	SR2CUR	779	hive	23048	B	T	core_destroyed	266
2026-08-11T19:16:05Z	SR2CUR	780	meander	23048	A	T	core_destroyed	159
2026-08-11T19:16:06Z	SR2CUR	781	meander	23048	B	T	core_destroyed	160
2026-08-11T19:16:08Z	SR2CUR	782	nordkap	23048	A	T	core_destroyed	149
2026-08-11T19:16:11Z	SR2CUR	783	nordkap	23048	B	T	core_destroyed	290
2026-08-11T19:16:13Z	SR2CUR	784	antler	23049	A	T	core_destroyed	140
2026-08-11T19:16:14Z	SR2CUR	785	antler	23049	B	C	core_destroyed	155
2026-08-11T19:16:17Z	SR2CUR	786	atoll	23049	A	T	core_destroyed	197
2026-08-11T19:16:18Z	SR2CUR	787	atoll	23049	B	T	core_destroyed	138
2026-08-11T19:16:26Z	SR2CUR	788	drumlin	23049	A	C	core_destroyed	534
2026-08-11T19:16:27Z	SR2CUR	789	drumlin	23049	B	T	core_destroyed	125
2026-08-11T19:16:29Z	SR2CUR	790	fjordgate	23049	A	T	core_destroyed	175
2026-08-11T19:16:31Z	SR2CUR	791	fjordgate	23049	B	T	tiebreak	1000
2026-08-11T19:16:36Z	SR2CUR	792	heart	23049	A	T	core_destroyed	276
2026-08-11T19:16:38Z	SR2CUR	793	heart	23049	B	T	core_destroyed	206
2026-08-11T19:16:42Z	SR2CUR	794	hive	23049	A	T	core_destroyed	240
2026-08-11T19:16:48Z	SR2CUR	795	hive	23049	B	C	core_destroyed	344
2026-08-11T19:16:51Z	SR2CUR	796	meander	23049	A	C	core_destroyed	286
2026-08-11T19:16:54Z	SR2CUR	797	meander	23049	B	C	core_destroyed	270
2026-08-11T19:16:56Z	SR2CUR	798	nordkap	23049	A	C	core_destroyed	363
2026-08-11T19:16:58Z	SR2CUR	799	nordkap	23049	B	C	core_destroyed	293
2026-08-11T19:17:00Z	SR2CUR	800	antler	23050	A	C	core_destroyed	120
2026-08-11T19:17:03Z	SR2CUR	801	antler	23050	B	T	core_destroyed	341
2026-08-11T19:17:06Z	SR2CUR	802	atoll	23050	A	C	core_destroyed	331
2026-08-11T19:17:08Z	SR2CUR	803	atoll	23050	B	C	core_destroyed	183
2026-08-11T19:17:13Z	SR2CUR	804	drumlin	23050	A	C	core_destroyed	287
2026-08-11T19:17:16Z	SR2CUR	805	drumlin	23050	B	C	core_destroyed	204
2026-08-11T19:17:18Z	SR2CUR	806	fjordgate	23050	A	T	core_destroyed	221
2026-08-11T19:17:20Z	SR2CUR	807	fjordgate	23050	B	T	core_destroyed	205
2026-08-11T19:17:23Z	SR2CUR	808	heart	23050	A	C	core_destroyed	186
2026-08-11T19:17:33Z	SR2CUR	809	heart	23050	B	C	core_destroyed	459
2026-08-11T19:17:37Z	SR2CUR	810	hive	23050	A	C	core_destroyed	206
2026-08-11T19:17:42Z	SR2CUR	811	hive	23050	B	C	core_destroyed	326
2026-08-11T19:17:44Z	SR2CUR	812	meander	23050	A	T	core_destroyed	164
2026-08-11T19:17:46Z	SR2CUR	813	meander	23050	B	C	core_destroyed	184
2026-08-11T19:17:50Z	SR2CUR	814	nordkap	23050	A	C	core_destroyed	390
2026-08-11T19:17:52Z	SR2CUR	815	nordkap	23050	B	T	core_destroyed	173
2026-08-11T19:17:54Z	SR2CUR	816	antler	23051	A	T	core_destroyed	153
2026-08-11T19:17:55Z	SR2CUR	817	antler	23051	B	C	core_destroyed	132
2026-08-11T19:17:59Z	SR2CUR	818	atoll	23051	A	C	core_destroyed	315
2026-08-11T19:18:01Z	SR2CUR	819	atoll	23051	B	C	core_destroyed	150
2026-08-11T19:18:03Z	SR2CUR	820	drumlin	23051	A	T	core_destroyed	158
2026-08-11T19:18:08Z	SR2CUR	821	drumlin	23051	B	T	core_destroyed	275
2026-08-11T19:18:10Z	SR2CUR	822	fjordgate	23051	A	C	core_destroyed	172
2026-08-11T19:18:11Z	SR2CUR	823	fjordgate	23051	B	T	core_destroyed	225
2026-08-11T19:18:18Z	SR2CUR	824	heart	23051	A	C	core_destroyed	527
2026-08-11T19:18:26Z	SR2CUR	825	heart	23051	B	T	core_destroyed	574
2026-08-11T19:18:29Z	SR2CUR	826	hive	23051	A	T	core_destroyed	215
2026-08-11T19:18:33Z	SR2CUR	827	hive	23051	B	T	core_destroyed	520
2026-08-11T19:18:35Z	SR2CUR	828	meander	23051	A	C	core_destroyed	138
2026-08-11T19:18:38Z	SR2CUR	829	meander	23051	B	T	tiebreak	1000
2026-08-11T19:18:40Z	SR2CUR	830	nordkap	23051	A	C	core_destroyed	253
2026-08-11T19:18:42Z	SR2CUR	831	nordkap	23051	B	T	core_destroyed	190
2026-08-11T19:18:45Z	SR2CUR	832	antler	23052	A	T	core_destroyed	250
2026-08-11T19:18:47Z	SR2CUR	833	antler	23052	B	C	core_destroyed	260
2026-08-11T19:18:54Z	SR2CUR	834	atoll	23052	A	C	core_destroyed	535
2026-08-11T19:18:59Z	SR2CUR	835	atoll	23052	B	T	core_destroyed	521
2026-08-11T19:19:04Z	SR2CUR	836	drumlin	23052	A	T	core_destroyed	381
2026-08-11T19:19:09Z	SR2CUR	837	drumlin	23052	B	C	core_destroyed	376
2026-08-11T19:19:11Z	SR2CUR	838	fjordgate	23052	A	C	core_destroyed	272
2026-08-11T19:19:13Z	SR2CUR	839	fjordgate	23052	B	C	core_destroyed	105
2026-08-11T19:19:16Z	SR2CUR	840	heart	23052	A	C	core_destroyed	247
2026-08-11T19:19:18Z	SR2CUR	841	heart	23052	B	C	core_destroyed	189
2026-08-11T19:19:21Z	SR2CUR	842	hive	23052	A	T	core_destroyed	187
2026-08-11T19:19:25Z	SR2CUR	843	hive	23052	B	C	core_destroyed	227
2026-08-11T19:19:28Z	SR2CUR	844	meander	23052	A	C	core_destroyed	240
2026-08-11T19:19:29Z	SR2CUR	845	meander	23052	B	C	core_destroyed	92
2026-08-11T19:19:32Z	SR2CUR	846	nordkap	23052	A	C	core_destroyed	177
2026-08-11T19:19:34Z	SR2CUR	847	nordkap	23052	B	T	core_destroyed	135
2026-08-11T19:19:36Z	SR2CUR	848	antler	23053	A	T	core_destroyed	192
2026-08-11T19:19:38Z	SR2CUR	849	antler	23053	B	C	core_destroyed	89
2026-08-11T19:19:41Z	SR2CUR	850	atoll	23053	A	C	core_destroyed	250
2026-08-11T19:19:43Z	SR2CUR	851	atoll	23053	B	C	core_destroyed	179
2026-08-11T19:19:47Z	SR2CUR	852	drumlin	23053	A	T	core_destroyed	292
2026-08-11T19:19:51Z	SR2CUR	853	drumlin	23053	B	T	core_destroyed	251
2026-08-11T19:19:52Z	SR2CUR	854	fjordgate	23053	A	C	core_destroyed	169
2026-08-11T19:19:53Z	SR2CUR	855	fjordgate	23053	B	T	core_destroyed	118
2026-08-11T19:19:55Z	SR2CUR	856	heart	23053	A	T	core_destroyed	163
2026-08-11T19:20:01Z	SR2CUR	857	heart	23053	B	T	core_destroyed	318
2026-08-11T19:20:05Z	SR2CUR	858	hive	23053	A	T	core_destroyed	229
2026-08-11T19:20:09Z	SR2CUR	859	hive	23053	B	T	core_destroyed	235
2026-08-11T19:20:11Z	SR2CUR	860	meander	23053	A	C	core_destroyed	208
2026-08-11T19:20:13Z	SR2CUR	861	meander	23053	B	T	core_destroyed	225
2026-08-11T19:20:18Z	SR2CUR	862	nordkap	23053	A	T	core_destroyed	378
2026-08-11T19:20:21Z	SR2CUR	863	nordkap	23053	B	C	core_destroyed	224
2026-08-11T19:20:23Z	SR2CUR	864	antler	23054	A	T	core_destroyed	372
2026-08-11T19:20:25Z	SR2CUR	865	antler	23054	B	C	core_destroyed	188
2026-08-11T19:20:28Z	SR2CUR	866	atoll	23054	A	T	core_destroyed	304
2026-08-11T19:20:29Z	SR2CUR	867	atoll	23054	B	C	core_destroyed	116
2026-08-11T19:20:32Z	SR2CUR	868	drumlin	23054	A	T	core_destroyed	154
2026-08-11T19:20:34Z	SR2CUR	869	drumlin	23054	B	C	core_destroyed	226
2026-08-11T19:20:36Z	SR2CUR	870	fjordgate	23054	A	C	core_destroyed	232
2026-08-11T19:20:37Z	SR2CUR	871	fjordgate	23054	B	T	core_destroyed	150
2026-08-11T19:20:41Z	SR2CUR	872	heart	23054	A	C	core_destroyed	274
2026-08-11T19:20:45Z	SR2CUR	873	heart	23054	B	C	core_destroyed	174
2026-08-11T19:20:49Z	SR2CUR	874	hive	23054	A	T	core_destroyed	242
2026-08-11T19:20:52Z	SR2CUR	875	hive	23054	B	C	core_destroyed	255
2026-08-11T19:20:55Z	SR2CUR	876	meander	23054	A	C	core_destroyed	181
2026-08-11T19:20:57Z	SR2CUR	877	meander	23054	B	C	core_destroyed	251
2026-08-11T19:21:03Z	SR2CUR	878	nordkap	23054	A	C	tiebreak	1000
2026-08-11T19:21:06Z	SR2CUR	879	nordkap	23054	B	C	core_destroyed	322
2026-08-11T19:21:08Z	SR2CUR	880	antler	23055	A	C	core_destroyed	234
2026-08-11T19:21:10Z	SR2CUR	881	antler	23055	B	C	core_destroyed	178
2026-08-11T19:21:13Z	SR2CUR	882	atoll	23055	A	T	core_destroyed	282
2026-08-11T19:21:15Z	SR2CUR	883	atoll	23055	B	C	core_destroyed	440
2026-08-11T19:21:25Z	SR2CUR	884	drumlin	23055	A	C	core_destroyed	667
2026-08-11T19:21:28Z	SR2CUR	885	drumlin	23055	B	C	core_destroyed	275
2026-08-11T19:21:29Z	SR2CUR	886	fjordgate	23055	A	T	core_destroyed	228
2026-08-11T19:21:31Z	SR2CUR	887	fjordgate	23055	B	T	core_destroyed	215
2026-08-11T19:21:33Z	SR2CUR	888	heart	23055	A	C	core_destroyed	157
2026-08-11T19:21:37Z	SR2CUR	889	heart	23055	B	C	core_destroyed	289
2026-08-11T19:21:40Z	SR2CUR	890	hive	23055	A	C	core_destroyed	169
2026-08-11T19:21:42Z	SR2CUR	891	hive	23055	B	T	core_destroyed	182
2026-08-11T19:21:45Z	SR2CUR	892	meander	23055	A	T	core_destroyed	226
2026-08-11T19:21:46Z	SR2CUR	893	meander	23055	B	T	core_destroyed	135
2026-08-11T19:21:50Z	SR2CUR	894	nordkap	23055	A	T	core_destroyed	318
2026-08-11T19:21:52Z	SR2CUR	895	nordkap	23055	B	C	core_destroyed	169
2026-08-11T19:21:55Z	SR2CUR	896	antler	23056	A	T	core_destroyed	190
2026-08-11T19:21:57Z	SR2CUR	897	antler	23056	B	C	core_destroyed	153
2026-08-11T19:21:58Z	SR2CUR	898	atoll	23056	A	C	core_destroyed	149
2026-08-11T19:22:00Z	SR2CUR	899	atoll	23056	B	C	core_destroyed	70
2026-08-11T19:22:02Z	SR2CUR	900	drumlin	23056	A	T	core_destroyed	163
2026-08-11T19:22:06Z	SR2CUR	901	drumlin	23056	B	C	core_destroyed	244
2026-08-11T19:22:08Z	SR2CUR	902	fjordgate	23056	A	T	core_destroyed	236
2026-08-11T19:22:09Z	SR2CUR	903	fjordgate	23056	B	T	core_destroyed	104
2026-08-11T19:22:14Z	SR2CUR	904	heart	23056	A	C	core_destroyed	275
2026-08-11T19:22:17Z	SR2CUR	905	heart	23056	B	C	core_destroyed	171
2026-08-11T19:22:22Z	SR2CUR	906	hive	23056	A	C	core_destroyed	212
2026-08-11T19:22:32Z	SR2CUR	907	hive	23056	B	C	core_destroyed	561
2026-08-11T19:22:34Z	SR2CUR	908	meander	23056	A	T	core_destroyed	192
2026-08-11T19:22:36Z	SR2CUR	909	meander	23056	B	T	core_destroyed	152
2026-08-11T19:22:38Z	SR2CUR	910	nordkap	23056	A	T	core_destroyed	75
2026-08-11T19:22:40Z	SR2CUR	911	nordkap	23056	B	C	core_destroyed	156
2026-08-11T19:22:41Z	SR2CUR	912	antler	23057	A	T	core_destroyed	107
2026-08-11T19:22:43Z	SR2CUR	913	antler	23057	B	T	core_destroyed	164
2026-08-11T19:22:45Z	SR2CUR	914	atoll	23057	A	C	core_destroyed	158
2026-08-11T19:22:52Z	SR2CUR	915	atoll	23057	B	C	core_destroyed	428
2026-08-11T19:22:54Z	SR2CUR	916	drumlin	23057	A	C	core_destroyed	128
2026-08-11T19:23:00Z	SR2CUR	917	drumlin	23057	B	T	core_destroyed	376
2026-08-11T19:23:02Z	SR2CUR	918	fjordgate	23057	A	C	core_destroyed	286
2026-08-11T19:23:04Z	SR2CUR	919	fjordgate	23057	B	T	core_destroyed	158
2026-08-11T19:23:09Z	SR2CUR	920	heart	23057	A	C	core_destroyed	596
2026-08-11T19:23:12Z	SR2CUR	921	heart	23057	B	T	core_destroyed	209
2026-08-11T19:23:15Z	SR2CUR	922	hive	23057	A	T	core_destroyed	132
2026-08-11T19:23:18Z	SR2CUR	923	hive	23057	B	C	core_destroyed	126
2026-08-11T19:23:19Z	SR2CUR	924	meander	23057	A	T	core_destroyed	124
2026-08-11T19:23:23Z	SR2CUR	925	meander	23057	B	T	core_destroyed	280
2026-08-11T19:23:26Z	SR2CUR	926	nordkap	23057	A	T	core_destroyed	151
2026-08-11T19:23:27Z	SR2CUR	927	nordkap	23057	B	T	core_destroyed	110
2026-08-11T19:23:29Z	SR2CUR	928	antler	23058	A	T	core_destroyed	142
2026-08-11T19:23:33Z	SR2CUR	929	antler	23058	B	T	core_destroyed	469
2026-08-11T19:23:41Z	SR2CUR	930	atoll	23058	A	T	core_destroyed	615
2026-08-11T19:23:45Z	SR2CUR	931	atoll	23058	B	T	core_destroyed	556
2026-08-11T19:23:48Z	SR2CUR	932	drumlin	23058	A	T	core_destroyed	187
2026-08-11T19:23:50Z	SR2CUR	933	drumlin	23058	B	T	core_destroyed	312
2026-08-11T19:23:53Z	SR2CUR	934	fjordgate	23058	A	T	core_destroyed	789
2026-08-11T19:23:54Z	SR2CUR	935	fjordgate	23058	B	T	core_destroyed	149
2026-08-11T19:23:57Z	SR2CUR	936	heart	23058	A	T	core_destroyed	104
2026-08-11T19:24:02Z	SR2CUR	937	heart	23058	B	T	core_destroyed	206
2026-08-11T19:24:07Z	SR2CUR	938	hive	23058	A	C	core_destroyed	279
2026-08-11T19:24:11Z	SR2CUR	939	hive	23058	B	C	core_destroyed	238
2026-08-11T19:24:13Z	SR2CUR	940	meander	23058	A	C	core_destroyed	124
2026-08-11T19:24:15Z	SR2CUR	941	meander	23058	B	C	core_destroyed	138
2026-08-11T19:24:16Z	SR2CUR	942	nordkap	23058	A	T	core_destroyed	160
2026-08-11T19:24:19Z	SR2CUR	943	nordkap	23058	B	C	core_destroyed	163
2026-08-11T19:24:22Z	SR2CUR	944	antler	23059	A	C	core_destroyed	212
2026-08-11T19:24:23Z	SR2CUR	945	antler	23059	B	C	core_destroyed	104
2026-08-11T19:24:26Z	SR2CUR	946	atoll	23059	A	T	core_destroyed	309
2026-08-11T19:24:29Z	SR2CUR	947	atoll	23059	B	T	core_destroyed	408
2026-08-11T19:24:33Z	SR2CUR	948	drumlin	23059	A	T	core_destroyed	238
2026-08-11T19:24:35Z	SR2CUR	949	drumlin	23059	B	T	core_destroyed	235
2026-08-11T19:24:36Z	SR2CUR	950	fjordgate	23059	A	T	core_destroyed	97
2026-08-11T19:24:38Z	SR2CUR	951	fjordgate	23059	B	T	core_destroyed	182
2026-08-11T19:24:40Z	SR2CUR	952	heart	23059	A	T	core_destroyed	137
2026-08-11T19:24:44Z	SR2CUR	953	heart	23059	B	T	core_destroyed	292
2026-08-11T19:24:47Z	SR2CUR	954	hive	23059	A	C	core_destroyed	183
2026-08-11T19:24:49Z	SR2CUR	955	hive	23059	B	C	core_destroyed	125
2026-08-11T19:24:51Z	SR2CUR	956	meander	23059	A	C	core_destroyed	133
2026-08-11T19:24:54Z	SR2CUR	957	meander	23059	B	T	core_destroyed	208
2026-08-11T19:24:56Z	SR2CUR	958	nordkap	23059	A	C	core_destroyed	221
2026-08-11T19:24:58Z	SR2CUR	959	nordkap	23059	B	T	core_destroyed	262
2026-08-11T19:25:00Z	SR2CUR	960	antler	23060	A	C	core_destroyed	148
2026-08-11T19:25:02Z	SR2CUR	961	antler	23060	B	C	core_destroyed	185
2026-08-11T19:25:05Z	SR2CUR	962	atoll	23060	A	C	core_destroyed	322
2026-08-11T19:25:07Z	SR2CUR	963	atoll	23060	B	T	core_destroyed	162
2026-08-11T19:25:12Z	SR2CUR	964	drumlin	23060	A	C	core_destroyed	413
2026-08-11T19:25:14Z	SR2CUR	965	drumlin	23060	B	C	core_destroyed	169
2026-08-11T19:25:16Z	SR2CUR	966	fjordgate	23060	A	T	core_destroyed	229
2026-08-11T19:25:17Z	SR2CUR	967	fjordgate	23060	B	C	core_destroyed	174
2026-08-11T19:25:28Z	SR2CUR	968	heart	23060	A	C	core_destroyed	696
2026-08-11T19:25:30Z	SR2CUR	969	heart	23060	B	T	core_destroyed	158
2026-08-11T19:25:34Z	SR2CUR	970	hive	23060	A	T	core_destroyed	203
2026-08-11T19:25:37Z	SR2CUR	971	hive	23060	B	T	core_destroyed	212
2026-08-11T19:25:39Z	SR2CUR	972	meander	23060	A	T	core_destroyed	274
2026-08-11T19:25:42Z	SR2CUR	973	meander	23060	B	T	core_destroyed	351
2026-08-11T19:25:44Z	SR2CUR	974	nordkap	23060	A	T	core_destroyed	192
2026-08-11T19:25:46Z	SR2CUR	975	nordkap	23060	B	C	core_destroyed	218
2026-08-11T19:25:48Z	SR2CUR	976	antler	23061	A	T	core_destroyed	159
2026-08-11T19:25:50Z	SR2CUR	977	antler	23061	B	T	core_destroyed	182
2026-08-11T19:25:51Z	SR2CUR	978	atoll	23061	A	T	core_destroyed	176
2026-08-11T19:25:53Z	SR2CUR	979	atoll	23061	B	T	core_destroyed	200
2026-08-11T19:25:55Z	SR2CUR	980	drumlin	23061	A	C	core_destroyed	140
2026-08-11T19:25:57Z	SR2CUR	981	drumlin	23061	B	C	core_destroyed	89
2026-08-11T19:25:58Z	SR2CUR	982	fjordgate	23061	A	C	core_destroyed	119
2026-08-11T19:25:59Z	SR2CUR	983	fjordgate	23061	B	C	core_destroyed	152
2026-08-11T19:26:03Z	SR2CUR	984	heart	23061	A	T	core_destroyed	198
2026-08-11T19:26:08Z	SR2CUR	985	heart	23061	B	T	core_destroyed	377
2026-08-11T19:26:09Z	SR2CUR	986	hive	23061	A	C	core_destroyed	132
2026-08-11T19:26:12Z	SR2CUR	987	hive	23061	B	C	core_destroyed	214
2026-08-11T19:26:14Z	SR2CUR	988	meander	23061	A	C	core_destroyed	179
2026-08-11T19:26:15Z	SR2CUR	989	meander	23061	B	T	core_destroyed	229
2026-08-11T19:26:17Z	SR2CUR	990	nordkap	23061	A	T	core_destroyed	135
2026-08-11T19:26:20Z	SR2CUR	991	nordkap	23061	B	T	core_destroyed	893
2026-08-11T19:26:22Z	SR2CUR	992	antler	23062	A	C	core_destroyed	156
2026-08-11T19:26:24Z	SR2CUR	993	antler	23062	B	T	core_destroyed	325
2026-08-11T19:26:29Z	SR2CUR	994	atoll	23062	A	C	core_destroyed	302
2026-08-11T19:26:33Z	SR2CUR	995	atoll	23062	B	C	core_destroyed	313
2026-08-11T19:26:37Z	SR2CUR	996	drumlin	23062	A	C	core_destroyed	273
2026-08-11T19:26:39Z	SR2CUR	997	drumlin	23062	B	C	core_destroyed	174
2026-08-11T19:26:43Z	SR2CUR	998	fjordgate	23062	A	T	core_destroyed	676
2026-08-11T19:26:45Z	SR2CUR	999	fjordgate	23062	B	C	core_destroyed	162
2026-08-11T19:26:50Z	SR2CUR	1000	heart	23062	A	C	core_destroyed	405
2026-08-11T19:26:54Z	SR2CUR	1001	heart	23062	B	C	core_destroyed	226
2026-08-11T19:26:56Z	SR2CUR	1002	hive	23062	A	T	core_destroyed	108
2026-08-11T19:27:00Z	SR2CUR	1003	hive	23062	B	T	core_destroyed	250
2026-08-11T19:27:02Z	SR2CUR	1004	meander	23062	A	T	core_destroyed	212
2026-08-11T19:27:03Z	SR2CUR	1005	meander	23062	B	C	core_destroyed	92
2026-08-11T19:27:06Z	SR2CUR	1006	nordkap	23062	A	T	core_destroyed	226
2026-08-11T19:27:10Z	SR2CUR	1007	nordkap	23062	B	C	core_destroyed	374
2026-08-11T19:27:13Z	SR2CUR	1008	antler	23063	A	T	core_destroyed	230
2026-08-11T19:27:17Z	SR2CUR	1009	antler	23063	B	C	core_destroyed	350
2026-08-11T19:27:19Z	SR2CUR	1010	atoll	23063	A	C	core_destroyed	122
2026-08-11T19:27:22Z	SR2CUR	1011	atoll	23063	B	T	core_destroyed	244
2026-08-11T19:27:23Z	SR2CUR	1012	drumlin	23063	A	T	core_destroyed	156
2026-08-11T19:27:29Z	SR2CUR	1013	drumlin	23063	B	C	core_destroyed	320
2026-08-11T19:27:30Z	SR2CUR	1014	fjordgate	23063	A	C	core_destroyed	120
2026-08-11T19:27:31Z	SR2CUR	1015	fjordgate	23063	B	T	core_destroyed	236
2026-08-11T19:27:39Z	SR2CUR	1016	heart	23063	A	C	core_destroyed	896
2026-08-11T19:27:42Z	SR2CUR	1017	heart	23063	B	C	core_destroyed	121
2026-08-11T19:27:45Z	SR2CUR	1018	hive	23063	A	C	core_destroyed	192
2026-08-11T19:27:47Z	SR2CUR	1019	hive	23063	B	C	core_destroyed	245
2026-08-11T19:27:49Z	SR2CUR	1020	meander	23063	A	T	core_destroyed	146
2026-08-11T19:27:51Z	SR2CUR	1021	meander	23063	B	T	core_destroyed	122
2026-08-11T19:27:53Z	SR2CUR	1022	nordkap	23063	A	T	core_destroyed	202
2026-08-11T19:27:55Z	SR2CUR	1023	nordkap	23063	B	C	core_destroyed	218
2026-08-11T19:27:56Z	SR2CUR	1024	antler	23064	A	T	core_destroyed	397
2026-08-11T19:27:59Z	SR2CUR	1025	antler	23064	B	C	core_destroyed	303
2026-08-11T19:28:01Z	SR2CUR	1026	atoll	23064	A	C	core_destroyed	212
2026-08-11T19:28:05Z	SR2CUR	1027	atoll	23064	B	T	core_destroyed	353
2026-08-11T19:28:11Z	SR2CUR	1028	drumlin	23064	A	C	core_destroyed	383
2026-08-11T19:28:16Z	SR2CUR	1029	drumlin	23064	B	T	core_destroyed	328
2026-08-11T19:28:19Z	SR2CUR	1030	fjordgate	23064	A	T	tiebreak	1000
2026-08-11T19:28:21Z	SR2CUR	1031	fjordgate	23064	B	C	core_destroyed	220
2026-08-11T19:28:27Z	SR2CUR	1032	heart	23064	A	C	tiebreak	1000
2026-08-11T19:28:33Z	SR2CUR	1033	heart	23064	B	T	core_destroyed	427
2026-08-11T19:28:35Z	SR2CUR	1034	hive	23064	A	C	core_destroyed	145
2026-08-11T19:28:40Z	SR2CUR	1035	hive	23064	B	T	core_destroyed	349
2026-08-11T19:28:42Z	SR2CUR	1036	meander	23064	A	T	core_destroyed	159
2026-08-11T19:28:45Z	SR2CUR	1037	meander	23064	B	T	core_destroyed	255
2026-08-11T19:28:47Z	SR2CUR	1038	nordkap	23064	A	T	core_destroyed	188
2026-08-11T19:28:49Z	SR2CUR	1039	nordkap	23064	B	C	core_destroyed	202
2026-08-11T19:28:51Z	SR2CUR	1040	antler	23065	A	C	core_destroyed	269
2026-08-11T19:28:54Z	SR2CUR	1041	antler	23065	B	C	core_destroyed	244
2026-08-11T19:28:56Z	SR2CUR	1042	atoll	23065	A	C	core_destroyed	144
2026-08-11T19:29:01Z	SR2CUR	1043	atoll	23065	B	T	core_destroyed	354
2026-08-11T19:29:07Z	SR2CUR	1044	drumlin	23065	A	T	core_destroyed	340
2026-08-11T19:29:09Z	SR2CUR	1045	drumlin	23065	B	C	core_destroyed	137
2026-08-11T19:29:10Z	SR2CUR	1046	fjordgate	23065	A	C	core_destroyed	181
2026-08-11T19:29:12Z	SR2CUR	1047	fjordgate	23065	B	C	core_destroyed	113
2026-08-11T19:29:14Z	SR2CUR	1048	heart	23065	A	T	core_destroyed	120
2026-08-11T19:29:18Z	SR2CUR	1049	heart	23065	B	T	core_destroyed	205
2026-08-11T19:29:30Z	SR2CUR	1050	hive	23065	A	T	core_destroyed	807
2026-08-11T19:29:33Z	SR2CUR	1051	hive	23065	B	T	core_destroyed	254
2026-08-11T19:29:37Z	SR2CUR	1052	meander	23065	A	C	core_destroyed	407
2026-08-11T19:29:39Z	SR2CUR	1053	meander	23065	B	T	core_destroyed	172
2026-08-11T19:29:44Z	SR2CUR	1054	nordkap	23065	A	T	core_destroyed	505
2026-08-11T19:29:46Z	SR2CUR	1055	nordkap	23065	B	C	core_destroyed	166
2026-08-11T19:29:48Z	SR2CUR	1056	antler	23066	A	T	tiebreak	1000
2026-08-11T19:29:50Z	SR2CUR	1057	antler	23066	B	T	core_destroyed	192
2026-08-11T19:29:51Z	SR2CUR	1058	atoll	23066	A	C	core_destroyed	80
2026-08-11T19:29:53Z	SR2CUR	1059	atoll	23066	B	T	core_destroyed	98
2026-08-11T19:29:55Z	SR2CUR	1060	drumlin	23066	A	C	core_destroyed	147
2026-08-11T19:29:58Z	SR2CUR	1061	drumlin	23066	B	C	core_destroyed	184
2026-08-11T19:30:00Z	SR2CUR	1062	fjordgate	23066	A	T	tiebreak	1000
2026-08-11T19:30:02Z	SR2CUR	1063	fjordgate	23066	B	C	core_destroyed	161
2026-08-11T19:30:04Z	SR2CUR	1064	heart	23066	A	C	core_destroyed	111
2026-08-11T19:30:07Z	SR2CUR	1065	heart	23066	B	T	core_destroyed	158
2026-08-11T19:30:12Z	SR2CUR	1066	hive	23066	A	C	core_destroyed	336
2026-08-11T19:30:18Z	SR2CUR	1067	hive	23066	B	C	core_destroyed	349
2026-08-11T19:30:19Z	SR2CUR	1068	meander	23066	A	C	core_destroyed	145
2026-08-11T19:30:21Z	SR2CUR	1069	meander	23066	B	T	core_destroyed	210
2026-08-11T19:30:25Z	SR2CUR	1070	nordkap	23066	A	T	tiebreak	1000
2026-08-11T19:30:28Z	SR2CUR	1071	nordkap	23066	B	T	core_destroyed	214
2026-08-11T19:30:30Z	SR2CUR	1072	antler	23067	A	C	core_destroyed	306
2026-08-11T19:30:32Z	SR2CUR	1073	antler	23067	B	T	core_destroyed	180
2026-08-11T19:30:35Z	SR2CUR	1074	atoll	23067	A	T	core_destroyed	240
2026-08-11T19:30:36Z	SR2CUR	1075	atoll	23067	B	T	core_destroyed	140
2026-08-11T19:30:39Z	SR2CUR	1076	drumlin	23067	A	T	core_destroyed	268
2026-08-11T19:30:43Z	SR2CUR	1077	drumlin	23067	B	C	core_destroyed	207
2026-08-11T19:30:44Z	SR2CUR	1078	fjordgate	23067	A	T	core_destroyed	93
2026-08-11T19:30:46Z	SR2CUR	1079	fjordgate	23067	B	C	core_destroyed	116
2026-08-11T19:30:52Z	SR2CUR	1080	heart	23067	A	T	core_destroyed	429
2026-08-11T19:30:56Z	SR2CUR	1081	heart	23067	B	C	core_destroyed	225
2026-08-11T19:31:00Z	SR2CUR	1082	hive	23067	A	C	core_destroyed	266
2026-08-11T19:31:03Z	SR2CUR	1083	hive	23067	B	T	core_destroyed	158
2026-08-11T19:31:05Z	SR2CUR	1084	meander	23067	A	T	core_destroyed	192
2026-08-11T19:31:08Z	SR2CUR	1085	meander	23067	B	C	core_destroyed	314
2026-08-11T19:31:10Z	SR2CUR	1086	nordkap	23067	A	C	core_destroyed	229
2026-08-11T19:31:13Z	SR2CUR	1087	nordkap	23067	B	C	core_destroyed	253
2026-08-11T19:31:15Z	SR2CUR	1088	antler	23068	A	T	core_destroyed	150
2026-08-11T19:31:18Z	SR2CUR	1089	antler	23068	B	T	core_destroyed	297
2026-08-11T19:31:20Z	SR2CUR	1090	atoll	23068	A	C	core_destroyed	115
2026-08-11T19:31:21Z	SR2CUR	1091	atoll	23068	B	C	core_destroyed	202
2026-08-11T19:31:24Z	SR2CUR	1092	drumlin	23068	A	C	core_destroyed	189
2026-08-11T19:31:27Z	SR2CUR	1093	drumlin	23068	B	T	core_destroyed	187
2026-08-11T19:31:29Z	SR2CUR	1094	fjordgate	23068	A	C	core_destroyed	96
2026-08-11T19:31:30Z	SR2CUR	1095	fjordgate	23068	B	T	core_destroyed	307
2026-08-11T19:31:33Z	SR2CUR	1096	heart	23068	A	T	core_destroyed	218
2026-08-11T19:31:46Z	SR2CUR	1097	heart	23068	B	C	core_destroyed	553
2026-08-11T19:31:49Z	SR2CUR	1098	hive	23068	A	C	core_destroyed	145
2026-08-11T19:31:52Z	SR2CUR	1099	hive	23068	B	C	core_destroyed	274
2026-08-11T19:31:55Z	SR2CUR	1100	meander	23068	A	T	tiebreak	1000
2026-08-11T19:32:00Z	SR2CUR	1101	meander	23068	B	C	core_destroyed	426
2026-08-11T19:32:03Z	SR2CUR	1102	nordkap	23068	A	C	core_destroyed	199
2026-08-11T19:32:06Z	SR2CUR	1103	nordkap	23068	B	C	core_destroyed	374
2026-08-11T19:32:08Z	SR2CUR	1104	antler	23069	A	T	core_destroyed	133
2026-08-11T19:32:09Z	SR2CUR	1105	antler	23069	B	T	core_destroyed	165
2026-08-11T19:32:12Z	SR2CUR	1106	atoll	23069	A	C	core_destroyed	254
2026-08-11T19:32:14Z	SR2CUR	1107	atoll	23069	B	T	core_destroyed	179
2026-08-11T19:32:18Z	SR2CUR	1108	drumlin	23069	A	C	core_destroyed	362
2026-08-11T19:32:21Z	SR2CUR	1109	drumlin	23069	B	C	core_destroyed	169
2026-08-11T19:32:22Z	SR2CUR	1110	fjordgate	23069	A	C	core_destroyed	287
2026-08-11T19:32:23Z	SR2CUR	1111	fjordgate	23069	B	C	core_destroyed	109
2026-08-11T19:32:27Z	SR2CUR	1112	heart	23069	A	C	core_destroyed	278
2026-08-11T19:32:30Z	SR2CUR	1113	heart	23069	B	C	core_destroyed	152
2026-08-11T19:32:37Z	SR2CUR	1114	hive	23069	A	T	core_destroyed	452
2026-08-11T19:32:43Z	SR2CUR	1115	hive	23069	B	C	core_destroyed	585
2026-08-11T19:32:45Z	SR2CUR	1116	meander	23069	A	C	core_destroyed	218
2026-08-11T19:32:47Z	SR2CUR	1117	meander	23069	B	T	core_destroyed	192
2026-08-11T19:32:50Z	SR2CUR	1118	nordkap	23069	A	C	core_destroyed	265
2026-08-11T19:32:54Z	SR2CUR	1119	nordkap	23069	B	T	core_destroyed	359
2026-08-11T19:32:56Z	SR2CUR	1120	antler	23070	A	T	core_destroyed	122
2026-08-11T19:32:59Z	SR2CUR	1121	antler	23070	B	T	core_destroyed	236
2026-08-11T19:33:04Z	SR2CUR	1122	atoll	23070	A	T	core_destroyed	534
2026-08-11T19:33:06Z	SR2CUR	1123	atoll	23070	B	C	core_destroyed	421
2026-08-11T19:33:08Z	SR2CUR	1124	drumlin	23070	A	T	core_destroyed	234
2026-08-11T19:33:10Z	SR2CUR	1125	drumlin	23070	B	C	core_destroyed	141
2026-08-11T19:33:12Z	SR2CUR	1126	fjordgate	23070	A	T	core_destroyed	224
2026-08-11T19:33:13Z	SR2CUR	1127	fjordgate	23070	B	T	core_destroyed	226
2026-08-11T19:33:16Z	SR2CUR	1128	heart	23070	A	T	core_destroyed	221
2026-08-11T19:33:24Z	SR2CUR	1129	heart	23070	B	C	tiebreak	1000
2026-08-11T19:33:27Z	SR2CUR	1130	hive	23070	A	T	core_destroyed	281
2026-08-11T19:33:30Z	SR2CUR	1131	hive	23070	B	C	core_destroyed	232
2026-08-11T19:33:32Z	SR2CUR	1132	meander	23070	A	T	core_destroyed	116
2026-08-11T19:33:35Z	SR2CUR	1133	meander	23070	B	T	core_destroyed	208
2026-08-11T19:33:37Z	SR2CUR	1134	nordkap	23070	A	T	core_destroyed	161
2026-08-11T19:33:42Z	SR2CUR	1135	nordkap	23070	B	T	core_destroyed	446
2026-08-11T19:33:45Z	SR2CUR	1136	antler	23071	A	T	core_destroyed	332
2026-08-11T19:33:47Z	SR2CUR	1137	antler	23071	B	T	core_destroyed	194
2026-08-11T19:33:48Z	SR2CUR	1138	atoll	23071	A	C	core_destroyed	109
2026-08-11T19:33:54Z	SR2CUR	1139	atoll	23071	B	T	core_destroyed	367
2026-08-11T19:33:56Z	SR2CUR	1140	drumlin	23071	A	C	core_destroyed	156
2026-08-11T19:34:00Z	SR2CUR	1141	drumlin	23071	B	C	core_destroyed	280
2026-08-11T19:34:01Z	SR2CUR	1142	fjordgate	23071	A	T	core_destroyed	319
2026-08-11T19:34:03Z	SR2CUR	1143	fjordgate	23071	B	C	core_destroyed	319
2026-08-11T19:34:06Z	SR2CUR	1144	heart	23071	A	T	core_destroyed	175
2026-08-11T19:34:09Z	SR2CUR	1145	heart	23071	B	C	core_destroyed	228
2026-08-11T19:34:13Z	SR2CUR	1146	hive	23071	A	T	core_destroyed	253
2026-08-11T19:34:17Z	SR2CUR	1147	hive	23071	B	T	core_destroyed	275
2026-08-11T19:34:18Z	SR2CUR	1148	meander	23071	A	C	core_destroyed	205
2026-08-11T19:34:20Z	SR2CUR	1149	meander	23071	B	C	core_destroyed	274
2026-08-11T19:34:22Z	SR2CUR	1150	nordkap	23071	A	T	core_destroyed	132
2026-08-11T19:34:23Z	SR2CUR	1151	nordkap	23071	B	T	core_destroyed	157
2026-08-11T19:34:25Z	SR2CUR	1152	antler	23072	A	T	core_destroyed	255
2026-08-11T19:34:27Z	SR2CUR	1153	antler	23072	B	C	core_destroyed	209
2026-08-11T19:34:31Z	SR2CUR	1154	atoll	23072	A	C	core_destroyed	422
2026-08-11T19:34:33Z	SR2CUR	1155	atoll	23072	B	C	core_destroyed	164
2026-08-11T19:34:35Z	SR2CUR	1156	drumlin	23072	A	T	core_destroyed	174
2026-08-11T19:34:40Z	SR2CUR	1157	drumlin	23072	B	C	core_destroyed	315
2026-08-11T19:34:41Z	SR2CUR	1158	fjordgate	23072	A	T	core_destroyed	106
2026-08-11T19:34:43Z	SR2CUR	1159	fjordgate	23072	B	T	core_destroyed	214
2026-08-11T19:35:01Z	SR2CUR	1160	heart	23072	A	T	tiebreak	1000
2026-08-11T19:35:04Z	SR2CUR	1161	heart	23072	B	C	core_destroyed	263
2026-08-11T19:35:10Z	SR2CUR	1162	hive	23072	A	T	core_destroyed	361
2026-08-11T19:35:12Z	SR2CUR	1163	hive	23072	B	T	core_destroyed	143
2026-08-11T19:35:13Z	SR2CUR	1164	meander	23072	A	T	core_destroyed	130
2026-08-11T19:35:15Z	SR2CUR	1165	meander	23072	B	T	core_destroyed	122
2026-08-11T19:35:17Z	SR2CUR	1166	nordkap	23072	A	C	core_destroyed	177
2026-08-11T19:35:20Z	SR2CUR	1167	nordkap	23072	B	C	core_destroyed	371
2026-08-11T19:35:22Z	SR2CUR	1168	antler	23073	A	T	core_destroyed	119
2026-08-11T19:35:24Z	SR2CUR	1169	antler	23073	B	T	core_destroyed	171
2026-08-11T19:35:26Z	SR2CUR	1170	atoll	23073	A	C	core_destroyed	158
2026-08-11T19:35:27Z	SR2CUR	1171	atoll	23073	B	C	core_destroyed	200
2026-08-11T19:35:31Z	SR2CUR	1172	drumlin	23073	A	C	core_destroyed	262
2026-08-11T19:35:35Z	SR2CUR	1173	drumlin	23073	B	T	core_destroyed	498
2026-08-11T19:35:36Z	SR2CUR	1174	fjordgate	23073	A	T	core_destroyed	120
2026-08-11T19:35:40Z	SR2CUR	1175	fjordgate	23073	B	T	tiebreak	1000
2026-08-11T19:35:44Z	SR2CUR	1176	heart	23073	A	C	core_destroyed	355
2026-08-11T19:35:50Z	SR2CUR	1177	heart	23073	B	T	core_destroyed	380
2026-08-11T19:35:56Z	SR2CUR	1178	hive	23073	A	T	core_destroyed	441
2026-08-11T19:36:00Z	SR2CUR	1179	hive	23073	B	T	core_destroyed	287
2026-08-11T19:36:02Z	SR2CUR	1180	meander	23073	A	T	core_destroyed	171
2026-08-11T19:36:04Z	SR2CUR	1181	meander	23073	B	T	core_destroyed	181
2026-08-11T19:36:06Z	SR2CUR	1182	nordkap	23073	A	T	core_destroyed	216
2026-08-11T19:36:09Z	SR2CUR	1183	nordkap	23073	B	C	core_destroyed	214
2026-08-11T19:36:11Z	SR2CUR	1184	antler	23074	A	C	core_destroyed	198
2026-08-11T19:36:16Z	SR2CUR	1185	antler	23074	B	C	tiebreak	664
2026-08-11T19:36:18Z	SR2CUR	1186	atoll	23074	A	T	core_destroyed	555
2026-08-11T19:36:20Z	SR2CUR	1187	atoll	23074	B	C	core_destroyed	179
2026-08-11T19:36:23Z	SR2CUR	1188	drumlin	23074	A	T	core_destroyed	167
2026-08-11T19:36:24Z	SR2CUR	1189	drumlin	23074	B	C	core_destroyed	134
2026-08-11T19:36:26Z	SR2CUR	1190	fjordgate	23074	A	T	core_destroyed	258
2026-08-11T19:36:27Z	SR2CUR	1191	fjordgate	23074	B	C	core_destroyed	150
2026-08-11T19:36:32Z	SR2CUR	1192	heart	23074	A	T	core_destroyed	370
2026-08-11T19:36:49Z	SR2CUR	1193	heart	23074	B	T	tiebreak	1000
2026-08-11T19:36:51Z	SR2CUR	1194	hive	23074	A	T	core_destroyed	137
2026-08-11T19:36:55Z	SR2CUR	1195	hive	23074	B	C	core_destroyed	346
2026-08-11T19:36:57Z	SR2CUR	1196	meander	23074	A	T	core_destroyed	169
2026-08-11T19:36:59Z	SR2CUR	1197	meander	23074	B	T	core_destroyed	256
2026-08-11T19:37:02Z	SR2CUR	1198	nordkap	23074	A	T	core_destroyed	251
2026-08-11T19:37:05Z	SR2CUR	1199	nordkap	23074	B	T	core_destroyed	308
2026-08-11T19:37:08Z	SR2CUR	1200	antler	23075	A	T	core_destroyed	249
2026-08-11T19:37:11Z	SR2CUR	1201	antler	23075	B	T	core_destroyed	280
2026-08-11T19:37:13Z	SR2CUR	1202	atoll	23075	A	C	core_destroyed	337
2026-08-11T19:37:14Z	SR2CUR	1203	atoll	23075	B	T	core_destroyed	186
2026-08-11T19:37:18Z	SR2CUR	1204	drumlin	23075	A	C	core_destroyed	342
2026-08-11T19:37:22Z	SR2CUR	1205	drumlin	23075	B	T	core_destroyed	266
2026-08-11T19:37:23Z	SR2CUR	1206	fjordgate	23075	A	C	core_destroyed	156
2026-08-11T19:37:24Z	SR2CUR	1207	fjordgate	23075	B	T	core_destroyed	155
2026-08-11T19:37:29Z	SR2CUR	1208	heart	23075	A	C	core_destroyed	514
2026-08-11T19:37:32Z	SR2CUR	1209	heart	23075	B	T	core_destroyed	218
2026-08-11T19:37:36Z	SR2CUR	1210	hive	23075	A	C	core_destroyed	206
2026-08-11T19:37:40Z	SR2CUR	1211	hive	23075	B	C	core_destroyed	218
2026-08-11T19:37:42Z	SR2CUR	1212	meander	23075	A	T	core_destroyed	288
2026-08-11T19:37:48Z	SR2CUR	1213	meander	23075	B	T	core_destroyed	938
2026-08-11T19:37:49Z	SR2CUR	1214	nordkap	23075	A	C	core_destroyed	113
2026-08-11T19:37:51Z	SR2CUR	1215	nordkap	23075	B	T	core_destroyed	157
2026-08-11T19:37:56Z	SR2CUR	1216	antler	23076	A	T	core_destroyed	562
2026-08-11T19:37:58Z	SR2CUR	1217	antler	23076	B	C	core_destroyed	171
2026-08-11T19:38:00Z	SR2CUR	1218	atoll	23076	A	T	core_destroyed	203
2026-08-11T19:38:05Z	SR2CUR	1219	atoll	23076	B	T	core_destroyed	441
2026-08-11T19:38:08Z	SR2CUR	1220	drumlin	23076	A	C	core_destroyed	214
2026-08-11T19:38:12Z	SR2CUR	1221	drumlin	23076	B	T	core_destroyed	429
2026-08-11T19:38:13Z	SR2CUR	1222	fjordgate	23076	A	C	core_destroyed	225
2026-08-11T19:38:15Z	SR2CUR	1223	fjordgate	23076	B	T	core_destroyed	368
2026-08-11T19:38:19Z	SR2CUR	1224	heart	23076	A	C	core_destroyed	163
2026-08-11T19:38:26Z	SR2CUR	1225	heart	23076	B	C	core_destroyed	482
2026-08-11T19:38:36Z	SR2CUR	1226	hive	23076	A	T	core_destroyed	588
2026-08-11T19:38:40Z	SR2CUR	1227	hive	23076	B	C	core_destroyed	233
2026-08-11T19:38:42Z	SR2CUR	1228	meander	23076	A	C	core_destroyed	156
2026-08-11T19:38:43Z	SR2CUR	1229	meander	23076	B	C	core_destroyed	159
2026-08-11T19:38:46Z	SR2CUR	1230	nordkap	23076	A	T	core_destroyed	291
2026-08-11T19:38:48Z	SR2CUR	1231	nordkap	23076	B	T	core_destroyed	238
2026-08-11T19:38:50Z	SR2CUR	1232	antler	23077	A	T	core_destroyed	91
2026-08-11T19:38:52Z	SR2CUR	1233	antler	23077	B	T	core_destroyed	290
2026-08-11T19:38:53Z	SR2CUR	1234	atoll	23077	A	T	core_destroyed	192
2026-08-11T19:38:57Z	SR2CUR	1235	atoll	23077	B	C	core_destroyed	937
2026-08-11T19:39:00Z	SR2CUR	1236	drumlin	23077	A	C	core_destroyed	199
2026-08-11T19:39:04Z	SR2CUR	1237	drumlin	23077	B	T	core_destroyed	328
2026-08-11T19:39:06Z	SR2CUR	1238	fjordgate	23077	A	T	core_destroyed	138
2026-08-11T19:39:07Z	SR2CUR	1239	fjordgate	23077	B	T	core_destroyed	163
2026-08-11T19:39:18Z	SR2CUR	1240	heart	23077	A	C	core_destroyed	511
2026-08-11T19:39:35Z	SR2CUR	1241	heart	23077	B	C	tiebreak	1000
2026-08-11T19:39:38Z	SR2CUR	1242	hive	23077	A	C	core_destroyed	197
2026-08-11T19:39:43Z	SR2CUR	1243	hive	23077	B	T	core_destroyed	292
2026-08-11T19:39:45Z	SR2CUR	1244	meander	23077	A	T	core_destroyed	280
2026-08-11T19:39:48Z	SR2CUR	1245	meander	23077	B	C	tiebreak	1000
2026-08-11T19:39:51Z	SR2CUR	1246	nordkap	23077	A	T	core_destroyed	247
2026-08-11T19:39:55Z	SR2CUR	1247	nordkap	23077	B	T	core_destroyed	494
2026-08-11T19:39:57Z	SR2CUR	1248	antler	23078	A	C	core_destroyed	568
2026-08-11T19:40:03Z	SR2CUR	1249	antler	23078	B	C	tiebreak	1000
2026-08-11T19:40:04Z	SR2CUR	1250	atoll	23078	A	C	core_destroyed	152
2026-08-11T19:40:09Z	SR2CUR	1251	atoll	23078	B	T	core_destroyed	321
2026-08-11T19:40:13Z	SR2CUR	1252	drumlin	23078	A	C	core_destroyed	326
2026-08-11T19:40:15Z	SR2CUR	1253	drumlin	23078	B	C	core_destroyed	192
2026-08-11T19:40:17Z	SR2CUR	1254	fjordgate	23078	A	T	core_destroyed	281
2026-08-11T19:40:18Z	SR2CUR	1255	fjordgate	23078	B	C	core_destroyed	92
2026-08-11T19:40:22Z	SR2CUR	1256	heart	23078	A	T	core_destroyed	278
2026-08-11T19:40:27Z	SR2CUR	1257	heart	23078	B	C	core_destroyed	340
2026-08-11T19:40:30Z	SR2CUR	1258	hive	23078	A	C	core_destroyed	205
2026-08-11T19:40:34Z	SR2CUR	1259	hive	23078	B	T	core_destroyed	324
2026-08-11T19:40:36Z	SR2CUR	1260	meander	23078	A	C	core_destroyed	150
2026-08-11T19:40:38Z	SR2CUR	1261	meander	23078	B	T	core_destroyed	200
2026-08-11T19:40:40Z	SR2CUR	1262	nordkap	23078	A	C	core_destroyed	190
2026-08-11T19:40:44Z	SR2CUR	1263	nordkap	23078	B	C	core_destroyed	474
2026-08-11T19:40:47Z	SR2CUR	1264	antler	23079	A	T	core_destroyed	196
2026-08-11T19:40:49Z	SR2CUR	1265	antler	23079	B	C	core_destroyed	303
2026-08-11T19:40:51Z	SR2CUR	1266	atoll	23079	A	T	core_destroyed	208
2026-08-11T19:40:52Z	SR2CUR	1267	atoll	23079	B	T	core_destroyed	239
2026-08-11T19:40:55Z	SR2CUR	1268	drumlin	23079	A	C	core_destroyed	199
2026-08-11T19:41:01Z	SR2CUR	1269	drumlin	23079	B	C	core_destroyed	465
2026-08-11T19:41:02Z	SR2CUR	1270	fjordgate	23079	A	C	core_destroyed	142
2026-08-11T19:41:03Z	SR2CUR	1271	fjordgate	23079	B	C	core_destroyed	166
2026-08-11T19:41:06Z	SR2CUR	1272	heart	23079	A	T	core_destroyed	188
2026-08-11T19:41:09Z	SR2CUR	1273	heart	23079	B	C	core_destroyed	188
2026-08-11T19:41:11Z	SR2CUR	1274	hive	23079	A	T	core_destroyed	204
2026-08-11T19:41:14Z	SR2CUR	1275	hive	23079	B	T	core_destroyed	178
2026-08-11T19:41:16Z	SR2CUR	1276	meander	23079	A	C	core_destroyed	212
2026-08-11T19:41:17Z	SR2CUR	1277	meander	23079	B	C	core_destroyed	134
2026-08-11T19:41:18Z	SR2CUR	1278	nordkap	23079	A	T	core_destroyed	84
2026-08-11T19:41:20Z	SR2CUR	1279	nordkap	23079	B	T	core_destroyed	228
2026-08-11T19:41:22Z	SR2CUR	1280	antler	23080	A	T	core_destroyed	134
2026-08-11T19:41:24Z	SR2CUR	1281	antler	23080	B	C	core_destroyed	242
2026-08-11T19:41:26Z	SR2CUR	1282	atoll	23080	A	C	core_destroyed	194
2026-08-11T19:41:27Z	SR2CUR	1283	atoll	23080	B	C	core_destroyed	149
2026-08-11T19:41:31Z	SR2CUR	1284	drumlin	23080	A	T	core_destroyed	424
2026-08-11T19:41:35Z	SR2CUR	1285	drumlin	23080	B	T	core_destroyed	293
2026-08-11T19:41:37Z	SR2CUR	1286	fjordgate	23080	A	C	core_destroyed	276
2026-08-11T19:41:39Z	SR2CUR	1287	fjordgate	23080	B	T	core_destroyed	202
2026-08-11T19:41:41Z	SR2CUR	1288	heart	23080	A	C	core_destroyed	150
2026-08-11T19:41:44Z	SR2CUR	1289	heart	23080	B	C	core_destroyed	144
2026-08-11T19:41:46Z	SR2CUR	1290	hive	23080	A	T	core_destroyed	248
2026-08-11T19:41:50Z	SR2CUR	1291	hive	23080	B	T	core_destroyed	333
2026-08-11T19:41:52Z	SR2CUR	1292	meander	23080	A	T	core_destroyed	134
2026-08-11T19:41:53Z	SR2CUR	1293	meander	23080	B	C	core_destroyed	305
2026-08-11T19:41:57Z	SR2CUR	1294	nordkap	23080	A	C	core_destroyed	388
2026-08-11T19:42:00Z	SR2CUR	1295	nordkap	23080	B	T	core_destroyed	254
2026-08-11T19:42:02Z	SR2CUR	1296	antler	23081	A	C	core_destroyed	242
2026-08-11T19:42:03Z	SR2CUR	1297	antler	23081	B	C	core_destroyed	103
2026-08-11T19:42:05Z	SR2CUR	1298	atoll	23081	A	C	core_destroyed	170
2026-08-11T19:42:07Z	SR2CUR	1299	atoll	23081	B	C	core_destroyed	185
2026-08-11T19:42:10Z	SR2CUR	1300	drumlin	23081	A	T	core_destroyed	332
2026-08-11T19:42:12Z	SR2CUR	1301	drumlin	23081	B	C	core_destroyed	149
2026-08-11T19:42:13Z	SR2CUR	1302	fjordgate	23081	A	C	core_destroyed	83
2026-08-11T19:42:15Z	SR2CUR	1303	fjordgate	23081	B	T	core_destroyed	618
2026-08-11T19:42:20Z	SR2CUR	1304	heart	23081	A	T	core_destroyed	278
2026-08-11T19:42:25Z	SR2CUR	1305	heart	23081	B	C	core_destroyed	373
2026-08-11T19:42:27Z	SR2CUR	1306	hive	23081	A	T	core_destroyed	116
2026-08-11T19:42:31Z	SR2CUR	1307	hive	23081	B	T	core_destroyed	365
2026-08-11T19:42:34Z	SR2CUR	1308	meander	23081	A	T	core_destroyed	213
2026-08-11T19:42:36Z	SR2CUR	1309	meander	23081	B	C	core_destroyed	282
2026-08-11T19:42:39Z	SR2CUR	1310	nordkap	23081	A	T	core_destroyed	264
2026-08-11T19:42:40Z	SR2CUR	1311	nordkap	23081	B	C	core_destroyed	183
2026-08-11T19:42:42Z	SR2CUR	1312	antler	23082	A	T	core_destroyed	118
2026-08-11T19:42:44Z	SR2CUR	1313	antler	23082	B	C	core_destroyed	178
2026-08-11T19:42:45Z	SR2CUR	1314	atoll	23082	A	T	core_destroyed	117
2026-08-11T19:42:47Z	SR2CUR	1315	atoll	23082	B	C	core_destroyed	264
2026-08-11T19:42:53Z	SR2CUR	1316	drumlin	23082	A	C	core_destroyed	554
2026-08-11T19:42:55Z	SR2CUR	1317	drumlin	23082	B	T	core_destroyed	101
2026-08-11T19:42:56Z	SR2CUR	1318	fjordgate	23082	A	C	core_destroyed	339
2026-08-11T19:42:58Z	SR2CUR	1319	fjordgate	23082	B	C	core_destroyed	235
2026-08-11T19:43:02Z	SR2CUR	1320	heart	23082	A	C	core_destroyed	194
2026-08-11T19:43:05Z	SR2CUR	1321	heart	23082	B	C	core_destroyed	189
2026-08-11T19:43:09Z	SR2CUR	1322	hive	23082	A	T	core_destroyed	247
2026-08-11T19:43:12Z	SR2CUR	1323	hive	23082	B	C	core_destroyed	242
2026-08-11T19:43:14Z	SR2CUR	1324	meander	23082	A	T	core_destroyed	136
2026-08-11T19:43:15Z	SR2CUR	1325	meander	23082	B	T	core_destroyed	119
2026-08-11T19:43:17Z	SR2CUR	1326	nordkap	23082	A	C	core_destroyed	191
2026-08-11T19:43:21Z	SR2CUR	1327	nordkap	23082	B	C	core_destroyed	250
2026-08-11T19:43:22Z	SR2CUR	1328	antler	23083	A	C	core_destroyed	253
2026-08-11T19:43:24Z	SR2CUR	1329	antler	23083	B	C	core_destroyed	139
2026-08-11T19:43:26Z	SR2CUR	1330	atoll	23083	A	T	core_destroyed	321
2026-08-11T19:43:27Z	SR2CUR	1331	atoll	23083	B	T	core_destroyed	80
2026-08-11T19:43:32Z	SR2CUR	1332	drumlin	23083	A	T	core_destroyed	465
2026-08-11T19:43:35Z	SR2CUR	1333	drumlin	23083	B	C	core_destroyed	377
2026-08-11T19:43:38Z	SR2CUR	1334	fjordgate	23083	A	C	core_destroyed	347
2026-08-11T19:43:40Z	SR2CUR	1335	fjordgate	23083	B	C	core_destroyed	337
2026-08-11T19:43:45Z	SR2CUR	1336	heart	23083	A	C	core_destroyed	371
2026-08-11T19:43:48Z	SR2CUR	1337	heart	23083	B	C	core_destroyed	210
2026-08-11T19:43:54Z	SR2CUR	1338	hive	23083	A	C	core_destroyed	307
2026-08-11T19:43:59Z	SR2CUR	1339	hive	23083	B	C	core_destroyed	286
2026-08-11T19:44:01Z	SR2CUR	1340	meander	23083	A	C	core_destroyed	131
2026-08-11T19:44:02Z	SR2CUR	1341	meander	23083	B	T	core_destroyed	179
2026-08-11T19:44:05Z	SR2CUR	1342	nordkap	23083	A	C	core_destroyed	165
2026-08-11T19:44:09Z	SR2CUR	1343	nordkap	23083	B	T	core_destroyed	369
2026-08-11T19:44:12Z	SR2CUR	1344	antler	23084	A	T	tiebreak	1000
2026-08-11T19:44:14Z	SR2CUR	1345	antler	23084	B	C	core_destroyed	138
2026-08-11T19:44:16Z	SR2CUR	1346	atoll	23084	A	C	core_destroyed	261
2026-08-11T19:44:19Z	SR2CUR	1347	atoll	23084	B	T	core_destroyed	168
2026-08-11T19:44:21Z	SR2CUR	1348	drumlin	23084	A	T	core_destroyed	161
2026-08-11T19:44:22Z	SR2CUR	1349	drumlin	23084	B	C	core_destroyed	103
2026-08-11T19:44:24Z	SR2CUR	1350	fjordgate	23084	A	T	core_destroyed	118
2026-08-11T19:44:27Z	SR2CUR	1351	fjordgate	23084	B	C	core_destroyed	305
2026-08-11T19:44:31Z	SR2CUR	1352	heart	23084	A	C	core_destroyed	239
2026-08-11T19:44:59Z	SR2CUR	1353	heart	23084	B	T	tiebreak	1000
2026-08-11T19:45:02Z	SR2CUR	1354	hive	23084	A	T	core_destroyed	100
2026-08-11T19:45:05Z	SR2CUR	1355	hive	23084	B	C	core_destroyed	181
2026-08-11T19:45:07Z	SR2CUR	1356	meander	23084	A	C	core_destroyed	137
2026-08-11T19:45:09Z	SR2CUR	1357	meander	23084	B	C	core_destroyed	353
2026-08-11T19:45:11Z	SR2CUR	1358	nordkap	23084	A	C	core_destroyed	131
2026-08-11T19:45:15Z	SR2CUR	1359	nordkap	23084	B	T	core_destroyed	292
2026-08-11T19:45:16Z	SR2CUR	1360	antler	23085	A	C	core_destroyed	91
2026-08-11T19:45:19Z	SR2CUR	1361	antler	23085	B	T	core_destroyed	235
2026-08-11T19:45:25Z	SR2CUR	1362	atoll	23085	A	C	core_destroyed	581
2026-08-11T19:45:30Z	SR2CUR	1363	atoll	23085	B	T	core_destroyed	388
2026-08-11T19:45:34Z	SR2CUR	1364	drumlin	23085	A	C	core_destroyed	309
2026-08-11T19:45:37Z	SR2CUR	1365	drumlin	23085	B	T	core_destroyed	149
2026-08-11T19:45:42Z	SR2CUR	1366	fjordgate	23085	A	T	core_destroyed	676
2026-08-11T19:45:45Z	SR2CUR	1367	fjordgate	23085	B	T	tiebreak	1000
2026-08-11T19:45:47Z	SR2CUR	1368	heart	23085	A	T	core_destroyed	110
2026-08-11T19:45:52Z	SR2CUR	1369	heart	23085	B	C	core_destroyed	204
2026-08-11T19:45:58Z	SR2CUR	1370	hive	23085	A	T	core_destroyed	299
2026-08-11T19:45:59Z	SR2CUR	1371	hive	23085	B	C	core_destroyed	135
2026-08-11T19:46:01Z	SR2CUR	1372	meander	23085	A	C	core_destroyed	100
2026-08-11T19:46:02Z	SR2CUR	1373	meander	23085	B	C	core_destroyed	136
2026-08-11T19:46:04Z	SR2CUR	1374	nordkap	23085	A	T	core_destroyed	116
2026-08-11T19:46:06Z	SR2CUR	1375	nordkap	23085	B	C	core_destroyed	172
2026-08-11T19:46:08Z	SR2CUR	1376	antler	23086	A	C	core_destroyed	122
2026-08-11T19:46:11Z	SR2CUR	1377	antler	23086	B	C	core_destroyed	312
2026-08-11T19:46:19Z	SR2CUR	1378	atoll	23086	A	C	core_destroyed	553
2026-08-11T19:46:21Z	SR2CUR	1379	atoll	23086	B	T	core_destroyed	140
2026-08-11T19:46:22Z	SR2CUR	1380	drumlin	23086	A	T	core_destroyed	124
2026-08-11T19:46:25Z	SR2CUR	1381	drumlin	23086	B	C	core_destroyed	203
2026-08-11T19:46:27Z	SR2CUR	1382	fjordgate	23086	A	T	tiebreak	1000
2026-08-11T19:46:28Z	SR2CUR	1383	fjordgate	23086	B	T	core_destroyed	89
2026-08-11T19:46:30Z	SR2CUR	1384	heart	23086	A	T	core_destroyed	136
2026-08-11T19:46:35Z	SR2CUR	1385	heart	23086	B	T	core_destroyed	307
2026-08-11T19:46:37Z	SR2CUR	1386	hive	23086	A	T	core_destroyed	178
2026-08-11T19:46:40Z	SR2CUR	1387	hive	23086	B	C	core_destroyed	214
2026-08-11T19:46:42Z	SR2CUR	1388	meander	23086	A	T	core_destroyed	116
2026-08-11T19:46:43Z	SR2CUR	1389	meander	23086	B	T	core_destroyed	209
2026-08-11T19:46:46Z	SR2CUR	1390	nordkap	23086	A	C	core_destroyed	258
2026-08-11T19:46:48Z	SR2CUR	1391	nordkap	23086	B	C	core_destroyed	155
2026-08-11T19:46:50Z	SR2CUR	1392	antler	23087	A	T	core_destroyed	152
2026-08-11T19:46:53Z	SR2CUR	1393	antler	23087	B	C	core_destroyed	233
2026-08-11T19:46:55Z	SR2CUR	1394	atoll	23087	A	C	core_destroyed	202
2026-08-11T19:46:56Z	SR2CUR	1395	atoll	23087	B	T	core_destroyed	563
2026-08-11T19:47:00Z	SR2CUR	1396	drumlin	23087	A	T	core_destroyed	315
2026-08-11T19:47:03Z	SR2CUR	1397	drumlin	23087	B	T	core_destroyed	256
2026-08-11T19:47:05Z	SR2CUR	1398	fjordgate	23087	A	T	core_destroyed	241
2026-08-11T19:47:07Z	SR2CUR	1399	fjordgate	23087	B	T	core_destroyed	108
2026-08-11T19:47:09Z	SR2CUR	1400	heart	23087	A	T	core_destroyed	112
2026-08-11T19:47:15Z	SR2CUR	1401	heart	23087	B	T	core_destroyed	354
2026-08-11T19:47:17Z	SR2CUR	1402	hive	23087	A	C	core_destroyed	205
2026-08-11T19:47:21Z	SR2CUR	1403	hive	23087	B	C	core_destroyed	218
2026-08-11T19:47:23Z	SR2CUR	1404	meander	23087	A	C	core_destroyed	159
2026-08-11T19:47:26Z	SR2CUR	1405	meander	23087	B	C	core_destroyed	272
2026-08-11T19:47:29Z	SR2CUR	1406	nordkap	23087	A	C	core_destroyed	372
2026-08-11T19:47:33Z	SR2CUR	1407	nordkap	23087	B	C	core_destroyed	299
2026-08-11T19:47:41Z	SR2CUR	1408	antler	23088	A	C	tiebreak	1000
2026-08-11T19:47:44Z	SR2CUR	1409	antler	23088	B	C	core_destroyed	238
2026-08-11T19:47:50Z	SR2CUR	1410	atoll	23088	A	C	core_destroyed	965
2026-08-11T19:47:52Z	SR2CUR	1411	atoll	23088	B	C	core_destroyed	292
2026-08-11T19:47:58Z	SR2CUR	1412	drumlin	23088	A	T	core_destroyed	374
2026-08-11T19:48:00Z	SR2CUR	1413	drumlin	23088	B	T	core_destroyed	145
2026-08-11T19:48:02Z	SR2CUR	1414	fjordgate	23088	A	T	core_destroyed	154
2026-08-11T19:48:04Z	SR2CUR	1415	fjordgate	23088	B	T	core_destroyed	330
2026-08-11T19:48:12Z	SR2CUR	1416	heart	23088	A	C	core_destroyed	343
2026-08-11T19:48:15Z	SR2CUR	1417	heart	23088	B	C	core_destroyed	233
2026-08-11T19:48:17Z	SR2CUR	1418	hive	23088	A	T	core_destroyed	128
2026-08-11T19:48:21Z	SR2CUR	1419	hive	23088	B	T	core_destroyed	242
2026-08-11T19:48:23Z	SR2CUR	1420	meander	23088	A	C	core_destroyed	221
2026-08-11T19:48:25Z	SR2CUR	1421	meander	23088	B	T	core_destroyed	151
2026-08-11T19:48:26Z	SR2CUR	1422	nordkap	23088	A	C	core_destroyed	117
2026-08-11T19:48:28Z	SR2CUR	1423	nordkap	23088	B	T	core_destroyed	177
2026-08-11T19:48:31Z	SR2CUR	1424	antler	23089	A	T	core_destroyed	246
2026-08-11T19:48:33Z	SR2CUR	1425	antler	23089	B	C	core_destroyed	446
2026-08-11T19:48:37Z	SR2CUR	1426	atoll	23089	A	T	tiebreak	1000
2026-08-11T19:48:42Z	SR2CUR	1427	atoll	23089	B	T	core_destroyed	394
2026-08-11T19:48:44Z	SR2CUR	1428	drumlin	23089	A	C	core_destroyed	236
2026-08-11T19:48:46Z	SR2CUR	1429	drumlin	23089	B	C	core_destroyed	132
2026-08-11T19:48:48Z	SR2CUR	1430	fjordgate	23089	A	T	core_destroyed	202
2026-08-11T19:48:51Z	SR2CUR	1431	fjordgate	23089	B	C	tiebreak	1000
2026-08-11T19:48:55Z	SR2CUR	1432	heart	23089	A	T	core_destroyed	533
2026-08-11T19:48:59Z	SR2CUR	1433	heart	23089	B	T	core_destroyed	204
2026-08-11T19:49:03Z	SR2CUR	1434	hive	23089	A	C	core_destroyed	172
2026-08-11T19:49:07Z	SR2CUR	1435	hive	23089	B	T	core_destroyed	234
2026-08-11T19:49:09Z	SR2CUR	1436	meander	23089	A	C	core_destroyed	186
2026-08-11T19:49:10Z	SR2CUR	1437	meander	23089	B	T	core_destroyed	144
2026-08-11T19:49:14Z	SR2CUR	1438	nordkap	23089	A	T	core_destroyed	398
2026-08-11T19:49:17Z	SR2CUR	1439	nordkap	23089	B	T	core_destroyed	161
2026-08-11T19:49:19Z	SR2CUR	1440	antler	23090	A	T	core_destroyed	140
2026-08-11T19:49:21Z	SR2CUR	1441	antler	23090	B	C	core_destroyed	146
2026-08-11T19:49:28Z	SR2CUR	1442	atoll	23090	A	T	core_destroyed	628
2026-08-11T19:49:30Z	SR2CUR	1443	atoll	23090	B	T	core_destroyed	151
2026-08-11T19:49:34Z	SR2CUR	1444	drumlin	23090	A	T	core_destroyed	258
2026-08-11T19:49:36Z	SR2CUR	1445	drumlin	23090	B	T	core_destroyed	142
2026-08-11T19:49:37Z	SR2CUR	1446	fjordgate	23090	A	T	core_destroyed	180
2026-08-11T19:49:39Z	SR2CUR	1447	fjordgate	23090	B	T	core_destroyed	156
2026-08-11T19:49:41Z	SR2CUR	1448	heart	23090	A	T	core_destroyed	112
2026-08-11T19:49:43Z	SR2CUR	1449	heart	23090	B	C	core_destroyed	119
2026-08-11T19:49:46Z	SR2CUR	1450	hive	23090	A	C	core_destroyed	211
2026-08-11T19:49:49Z	SR2CUR	1451	hive	23090	B	C	core_destroyed	315
2026-08-11T19:49:51Z	SR2CUR	1452	meander	23090	A	C	core_destroyed	195
2026-08-11T19:49:53Z	SR2CUR	1453	meander	23090	B	C	core_destroyed	126
2026-08-11T19:49:55Z	SR2CUR	1454	nordkap	23090	A	T	core_destroyed	181
2026-08-11T19:49:59Z	SR2CUR	1455	nordkap	23090	B	C	core_destroyed	309
2026-08-11T19:50:01Z	SR2CUR	1456	antler	23091	A	T	core_destroyed	164
2026-08-11T19:50:03Z	SR2CUR	1457	antler	23091	B	T	core_destroyed	176
2026-08-11T19:50:08Z	SR2CUR	1458	atoll	23091	A	T	core_destroyed	708
2026-08-11T19:50:11Z	SR2CUR	1459	atoll	23091	B	T	core_destroyed	307
2026-08-11T19:50:14Z	SR2CUR	1460	drumlin	23091	A	T	core_destroyed	154
2026-08-11T19:50:19Z	SR2CUR	1461	drumlin	23091	B	C	core_destroyed	388
2026-08-11T19:50:20Z	SR2CUR	1462	fjordgate	23091	A	T	core_destroyed	184
2026-08-11T19:50:22Z	SR2CUR	1463	fjordgate	23091	B	T	core_destroyed	288
2026-08-11T19:50:26Z	SR2CUR	1464	heart	23091	A	T	core_destroyed	272
2026-08-11T19:50:30Z	SR2CUR	1465	heart	23091	B	T	core_destroyed	204
2026-08-11T19:50:34Z	SR2CUR	1466	hive	23091	A	T	core_destroyed	311
2026-08-11T19:50:37Z	SR2CUR	1467	hive	23091	B	C	core_destroyed	171
2026-08-11T19:50:39Z	SR2CUR	1468	meander	23091	A	C	core_destroyed	186
2026-08-11T19:50:41Z	SR2CUR	1469	meander	23091	B	T	core_destroyed	188
2026-08-11T19:50:42Z	SR2CUR	1470	nordkap	23091	A	C	core_destroyed	208
2026-08-11T19:50:44Z	SR2CUR	1471	nordkap	23091	B	C	core_destroyed	199
2026-08-11T19:50:46Z	SR2CUR	1472	antler	23092	A	T	core_destroyed	174
2026-08-11T19:50:48Z	SR2CUR	1473	antler	23092	B	T	core_destroyed	379
2026-08-11T19:50:53Z	SR2CUR	1474	atoll	23092	A	T	tiebreak	1000
2026-08-11T19:50:55Z	SR2CUR	1475	atoll	23092	B	T	core_destroyed	486
2026-08-11T19:51:02Z	SR2CUR	1476	drumlin	23092	A	C	core_destroyed	396
2026-08-11T19:51:06Z	SR2CUR	1477	drumlin	23092	B	T	core_destroyed	249
2026-08-11T19:51:08Z	SR2CUR	1478	fjordgate	23092	A	C	core_destroyed	160
2026-08-11T19:51:10Z	SR2CUR	1479	fjordgate	23092	B	C	core_destroyed	180
2026-08-11T19:51:14Z	SR2CUR	1480	heart	23092	A	T	core_destroyed	167
2026-08-11T19:51:16Z	SR2CUR	1481	heart	23092	B	T	core_destroyed	119
2026-08-11T19:51:21Z	SR2CUR	1482	hive	23092	A	C	core_destroyed	255
2026-08-11T19:51:23Z	SR2CUR	1483	hive	23092	B	C	core_destroyed	251
2026-08-11T19:51:24Z	SR2CUR	1484	meander	23092	A	C	core_destroyed	155
2026-08-11T19:51:26Z	SR2CUR	1485	meander	23092	B	C	core_destroyed	108
2026-08-11T19:51:29Z	SR2CUR	1486	nordkap	23092	A	T	core_destroyed	217
2026-08-11T19:51:32Z	SR2CUR	1487	nordkap	23092	B	C	core_destroyed	210
2026-08-11T19:51:33Z	SR2CUR	1488	antler	23093	A	T	core_destroyed	93
2026-08-11T19:51:36Z	SR2CUR	1489	antler	23093	B	C	core_destroyed	334
2026-08-11T19:51:40Z	SR2CUR	1490	atoll	23093	A	C	core_destroyed	465
2026-08-11T19:51:41Z	SR2CUR	1491	atoll	23093	B	T	core_destroyed	88
2026-08-11T19:51:48Z	SR2CUR	1492	drumlin	23093	A	C	core_destroyed	408
2026-08-11T19:51:51Z	SR2CUR	1493	drumlin	23093	B	T	core_destroyed	470
2026-08-11T19:51:52Z	SR2CUR	1494	fjordgate	23093	A	T	core_destroyed	108
2026-08-11T19:51:54Z	SR2CUR	1495	fjordgate	23093	B	C	core_destroyed	210
2026-08-11T19:51:56Z	SR2CUR	1496	heart	23093	A	C	core_destroyed	158
2026-08-11T19:52:24Z	SR2CUR	1497	heart	23093	B	C	tiebreak	1000
2026-08-11T19:52:27Z	SR2CUR	1498	hive	23093	A	C	core_destroyed	212
2026-08-11T19:52:31Z	SR2CUR	1499	hive	23093	B	C	core_destroyed	264
2026-08-11T19:52:33Z	SR2CUR	1500	meander	23093	A	T	core_destroyed	239
2026-08-11T19:52:35Z	SR2CUR	1501	meander	23093	B	C	core_destroyed	192
2026-08-11T19:52:36Z	SR2CUR	1502	nordkap	23093	A	T	core_destroyed	102
2026-08-11T19:52:37Z	SR2CUR	1503	nordkap	23093	B	T	core_destroyed	157
2026-08-11T19:52:39Z	SR2CUR	1504	antler	23094	A	T	core_destroyed	183
2026-08-11T19:52:41Z	SR2CUR	1505	antler	23094	B	C	core_destroyed	123
2026-08-11T19:52:43Z	SR2CUR	1506	atoll	23094	A	T	core_destroyed	246
2026-08-11T19:52:45Z	SR2CUR	1507	atoll	23094	B	C	core_destroyed	216
2026-08-11T19:52:48Z	SR2CUR	1508	drumlin	23094	A	T	core_destroyed	154
2026-08-11T19:52:52Z	SR2CUR	1509	drumlin	23094	B	C	core_destroyed	327
2026-08-11T19:52:54Z	SR2CUR	1510	fjordgate	23094	A	C	core_destroyed	457
2026-08-11T19:52:56Z	SR2CUR	1511	fjordgate	23094	B	T	core_destroyed	142
2026-08-11T19:52:57Z	SR2CUR	1512	heart	23094	A	T	core_destroyed	120
2026-08-11T19:53:00Z	SR2CUR	1513	heart	23094	B	T	core_destroyed	165
2026-08-11T19:53:05Z	SR2CUR	1514	hive	23094	A	C	core_destroyed	266
2026-08-11T19:53:07Z	SR2CUR	1515	hive	23094	B	T	core_destroyed	277
2026-08-11T19:53:09Z	SR2CUR	1516	meander	23094	A	T	core_destroyed	109
2026-08-11T19:53:10Z	SR2CUR	1517	meander	23094	B	T	core_destroyed	135
2026-08-11T19:53:13Z	SR2CUR	1518	nordkap	23094	A	C	core_destroyed	233
2026-08-11T19:53:16Z	SR2CUR	1519	nordkap	23094	B	T	core_destroyed	318
2026-08-11T19:53:19Z	SR2CUR	1520	antler	23095	A	T	core_destroyed	165
2026-08-11T19:53:21Z	SR2CUR	1521	antler	23095	B	C	core_destroyed	268
2026-08-11T19:53:25Z	SR2CUR	1522	atoll	23095	A	C	core_destroyed	795
2026-08-11T19:53:27Z	SR2CUR	1523	atoll	23095	B	C	core_destroyed	126
2026-08-11T19:53:34Z	SR2CUR	1524	drumlin	23095	A	T	core_destroyed	588
2026-08-11T19:53:40Z	SR2CUR	1525	drumlin	23095	B	T	core_destroyed	402
2026-08-11T19:53:41Z	SR2CUR	1526	fjordgate	23095	A	C	core_destroyed	277
2026-08-11T19:53:43Z	SR2CUR	1527	fjordgate	23095	B	T	core_destroyed	150
2026-08-11T19:53:45Z	SR2CUR	1528	heart	23095	A	C	core_destroyed	140
2026-08-11T19:53:49Z	SR2CUR	1529	heart	23095	B	T	core_destroyed	306
2026-08-11T19:53:53Z	SR2CUR	1530	hive	23095	A	C	core_destroyed	276
2026-08-11T19:53:57Z	SR2CUR	1531	hive	23095	B	C	core_destroyed	337
2026-08-11T19:53:59Z	SR2CUR	1532	meander	23095	A	T	core_destroyed	192
2026-08-11T19:54:00Z	SR2CUR	1533	meander	23095	B	C	core_destroyed	247
2026-08-11T19:54:02Z	SR2CUR	1534	nordkap	23095	A	C	core_destroyed	170
2026-08-11T19:54:04Z	SR2CUR	1535	nordkap	23095	B	T	core_destroyed	133
2026-08-11T19:54:05Z	SR2CUR	1536	antler	23096	A	C	core_destroyed	198
2026-08-11T19:54:08Z	SR2CUR	1537	antler	23096	B	T	core_destroyed	226
2026-08-11T19:54:11Z	SR2CUR	1538	atoll	23096	A	T	core_destroyed	514
2026-08-11T19:54:13Z	SR2CUR	1539	atoll	23096	B	T	core_destroyed	183
2026-08-11T19:54:18Z	SR2CUR	1540	drumlin	23096	A	T	core_destroyed	563
2026-08-11T19:54:21Z	SR2CUR	1541	drumlin	23096	B	T	core_destroyed	201
2026-08-11T19:54:23Z	SR2CUR	1542	fjordgate	23096	A	T	tiebreak	1000
2026-08-11T19:54:24Z	SR2CUR	1543	fjordgate	23096	B	T	core_destroyed	121
2026-08-11T19:54:27Z	SR2CUR	1544	heart	23096	A	T	core_destroyed	154
2026-08-11T19:54:31Z	SR2CUR	1545	heart	23096	B	T	core_destroyed	516
2026-08-11T19:54:35Z	SR2CUR	1546	hive	23096	A	T	core_destroyed	370
2026-08-11T19:54:38Z	SR2CUR	1547	hive	23096	B	C	core_destroyed	245
2026-08-11T19:54:39Z	SR2CUR	1548	meander	23096	A	T	core_destroyed	243
2026-08-11T19:54:40Z	SR2CUR	1549	meander	23096	B	C	core_destroyed	92
2026-08-11T19:54:43Z	SR2CUR	1550	nordkap	23096	A	C	core_destroyed	214
2026-08-11T19:54:45Z	SR2CUR	1551	nordkap	23096	B	C	core_destroyed	175
2026-08-11T19:54:48Z	SR2CUR	1552	antler	23097	A	C	core_destroyed	340
2026-08-11T19:54:50Z	SR2CUR	1553	antler	23097	B	C	core_destroyed	230
2026-08-11T19:54:51Z	SR2CUR	1554	atoll	23097	A	C	core_destroyed	87
2026-08-11T19:54:55Z	SR2CUR	1555	atoll	23097	B	C	core_destroyed	480
2026-08-11T19:54:57Z	SR2CUR	1556	drumlin	23097	A	T	core_destroyed	206
2026-08-11T19:54:59Z	SR2CUR	1557	drumlin	23097	B	C	core_destroyed	132
2026-08-11T19:55:01Z	SR2CUR	1558	fjordgate	23097	A	T	core_destroyed	471
2026-08-11T19:55:02Z	SR2CUR	1559	fjordgate	23097	B	C	core_destroyed	149
2026-08-11T19:55:06Z	SR2CUR	1560	heart	23097	A	C	core_destroyed	232
2026-08-11T19:55:09Z	SR2CUR	1561	heart	23097	B	T	core_destroyed	202
2026-08-11T19:55:11Z	SR2CUR	1562	hive	23097	A	C	core_destroyed	172
2026-08-11T19:55:13Z	SR2CUR	1563	hive	23097	B	T	core_destroyed	182
2026-08-11T19:55:15Z	SR2CUR	1564	meander	23097	A	T	core_destroyed	209
2026-08-11T19:55:17Z	SR2CUR	1565	meander	23097	B	T	core_destroyed	369
2026-08-11T19:55:20Z	SR2CUR	1566	nordkap	23097	A	C	core_destroyed	312
2026-08-11T19:55:21Z	SR2CUR	1567	nordkap	23097	B	C	core_destroyed	136
2026-08-11T19:55:24Z	SR2CUR	1568	antler	23098	A	C	core_destroyed	323
2026-08-11T19:55:25Z	SR2CUR	1569	antler	23098	B	C	core_destroyed	209
2026-08-11T19:55:28Z	SR2CUR	1570	atoll	23098	A	C	tiebreak	1000
2026-08-11T19:55:31Z	SR2CUR	1571	atoll	23098	B	T	core_destroyed	263
2026-08-11T19:55:35Z	SR2CUR	1572	drumlin	23098	A	T	core_destroyed	397
2026-08-11T19:55:41Z	SR2CUR	1573	drumlin	23098	B	C	tiebreak	1000
2026-08-11T19:55:43Z	SR2CUR	1574	fjordgate	23098	A	T	tiebreak	1000
2026-08-11T19:55:44Z	SR2CUR	1575	fjordgate	23098	B	C	core_destroyed	305
2026-08-11T19:55:57Z	SR2CUR	1576	heart	23098	A	C	core_destroyed	676
2026-08-11T19:56:10Z	SR2CUR	1577	heart	23098	B	T	core_destroyed	847
2026-08-11T19:56:13Z	SR2CUR	1578	hive	23098	A	C	core_destroyed	257
2026-08-11T19:56:17Z	SR2CUR	1579	hive	23098	B	T	core_destroyed	252
2026-08-11T19:56:19Z	SR2CUR	1580	meander	23098	A	T	core_destroyed	167
2026-08-11T19:56:20Z	SR2CUR	1581	meander	23098	B	C	core_destroyed	212
2026-08-11T19:56:23Z	SR2CUR	1582	nordkap	23098	A	T	core_destroyed	249
2026-08-11T19:56:25Z	SR2CUR	1583	nordkap	23098	B	C	core_destroyed	178
2026-08-11T19:56:27Z	SR2CUR	1584	antler	23099	A	T	core_destroyed	182
2026-08-11T19:56:28Z	SR2CUR	1585	antler	23099	B	T	core_destroyed	161
2026-08-11T19:56:30Z	SR2CUR	1586	atoll	23099	A	C	core_destroyed	286
2026-08-11T19:56:32Z	SR2CUR	1587	atoll	23099	B	C	core_destroyed	536
2026-08-11T19:56:37Z	SR2CUR	1588	drumlin	23099	A	T	core_destroyed	354
2026-08-11T19:56:40Z	SR2CUR	1589	drumlin	23099	B	T	core_destroyed	284
2026-08-11T19:56:44Z	SR2CUR	1590	fjordgate	23099	A	T	tiebreak	1000
2026-08-11T19:56:48Z	SR2CUR	1591	fjordgate	23099	B	C	core_destroyed	765
2026-08-11T19:56:50Z	SR2CUR	1592	heart	23099	A	C	core_destroyed	177
2026-08-11T19:56:53Z	SR2CUR	1593	heart	23099	B	C	core_destroyed	179
2026-08-11T19:56:54Z	SR2CUR	1594	hive	23099	A	T	core_destroyed	101
2026-08-11T19:56:59Z	SR2CUR	1595	hive	23099	B	C	core_destroyed	384
2026-08-11T19:57:01Z	SR2CUR	1596	meander	23099	A	C	core_destroyed	140
2026-08-11T19:57:02Z	SR2CUR	1597	meander	23099	B	T	core_destroyed	98
2026-08-11T19:57:03Z	SR2CUR	1598	nordkap	23099	A	T	core_destroyed	98
2026-08-11T19:57:06Z	SR2CUR	1599	nordkap	23099	B	T	core_destroyed	217
2026-08-11T19:57:08Z	SR2CUR	1600	antler	23100	A	C	core_destroyed	278
2026-08-11T19:57:09Z	SR2CUR	1601	antler	23100	B	T	tiebreak	124
2026-08-11T19:57:11Z	SR2CUR	1602	atoll	23100	A	C	core_destroyed	122
2026-08-11T19:57:12Z	SR2CUR	1603	atoll	23100	B	C	core_destroyed	123
2026-08-11T19:57:15Z	SR2CUR	1604	drumlin	23100	A	T	core_destroyed	284
2026-08-11T19:57:17Z	SR2CUR	1605	drumlin	23100	B	C	core_destroyed	150
2026-08-11T19:57:19Z	SR2CUR	1606	fjordgate	23100	A	T	core_destroyed	455
2026-08-11T19:57:20Z	SR2CUR	1607	fjordgate	23100	B	T	core_destroyed	142
2026-08-11T19:57:26Z	SR2CUR	1608	heart	23100	A	T	core_destroyed	308
2026-08-11T19:57:28Z	SR2CUR	1609	heart	23100	B	C	core_destroyed	174
2026-08-11T19:57:34Z	SR2CUR	1610	hive	23100	A	T	core_destroyed	331
2026-08-11T19:57:36Z	SR2CUR	1611	hive	23100	B	C	core_destroyed	106
2026-08-11T19:57:37Z	SR2CUR	1612	meander	23100	A	C	core_destroyed	200
2026-08-11T19:57:39Z	SR2CUR	1613	meander	23100	B	C	core_destroyed	152
2026-08-11T19:57:41Z	SR2CUR	1614	nordkap	23100	A	T	core_destroyed	222
2026-08-11T19:57:43Z	SR2CUR	1615	nordkap	23100	B	T	core_destroyed	219
2026-08-11T19:57:47Z	SR2CUR	1616	antler	23101	A	C	core_destroyed	413
2026-08-11T19:57:49Z	SR2CUR	1617	antler	23101	B	C	core_destroyed	265
2026-08-11T19:57:54Z	SR2CUR	1618	atoll	23101	A	T	core_destroyed	444
2026-08-11T19:57:55Z	SR2CUR	1619	atoll	23101	B	T	core_destroyed	90
2026-08-11T19:58:00Z	SR2CUR	1620	drumlin	23101	A	T	core_destroyed	325
2026-08-11T19:58:02Z	SR2CUR	1621	drumlin	23101	B	C	core_destroyed	127
2026-08-11T19:58:03Z	SR2CUR	1622	fjordgate	23101	A	T	core_destroyed	184
2026-08-11T19:58:04Z	SR2CUR	1623	fjordgate	23101	B	T	core_destroyed	161
2026-08-11T19:58:08Z	SR2CUR	1624	heart	23101	A	T	core_destroyed	232
2026-08-11T19:58:24Z	SR2CUR	1625	heart	23101	B	T	core_destroyed	763
2026-08-11T19:58:27Z	SR2CUR	1626	hive	23101	A	T	core_destroyed	231
2026-08-11T19:58:30Z	SR2CUR	1627	hive	23101	B	T	core_destroyed	265
2026-08-11T19:58:32Z	SR2CUR	1628	meander	23101	A	C	core_destroyed	165
2026-08-11T19:58:33Z	SR2CUR	1629	meander	23101	B	T	core_destroyed	153
2026-08-11T19:58:36Z	SR2CUR	1630	nordkap	23101	A	T	core_destroyed	230
2026-08-11T19:58:39Z	SR2CUR	1631	nordkap	23101	B	C	core_destroyed	200
2026-08-11T19:58:41Z	SR2CUR	1632	antler	23102	A	T	core_destroyed	141
2026-08-11T19:58:42Z	SR2CUR	1633	antler	23102	B	T	tiebreak	124
2026-08-11T19:58:46Z	SR2CUR	1634	atoll	23102	A	T	tiebreak	1000
2026-08-11T19:58:49Z	SR2CUR	1635	atoll	23102	B	T	core_destroyed	228
2026-08-11T19:58:53Z	SR2CUR	1636	drumlin	23102	A	T	core_destroyed	219
2026-08-11T19:58:55Z	SR2CUR	1637	drumlin	23102	B	C	core_destroyed	137
2026-08-11T19:58:57Z	SR2CUR	1638	fjordgate	23102	A	T	core_destroyed	295
2026-08-11T19:59:01Z	SR2CUR	1639	fjordgate	23102	B	C	core_destroyed	626
2026-08-11T19:59:09Z	SR2CUR	1640	heart	23102	A	T	core_destroyed	394
2026-08-11T19:59:12Z	SR2CUR	1641	heart	23102	B	C	core_destroyed	120
2026-08-11T19:59:14Z	SR2CUR	1642	hive	23102	A	C	core_destroyed	152
2026-08-11T19:59:16Z	SR2CUR	1643	hive	23102	B	C	core_destroyed	160
2026-08-11T19:59:18Z	SR2CUR	1644	meander	23102	A	C	core_destroyed	257
2026-08-11T19:59:20Z	SR2CUR	1645	meander	23102	B	C	core_destroyed	150
2026-08-11T19:59:22Z	SR2CUR	1646	nordkap	23102	A	T	core_destroyed	335
2026-08-11T19:59:24Z	SR2CUR	1647	nordkap	23102	B	T	core_destroyed	193
2026-08-11T19:59:26Z	SR2CUR	1648	antler	23103	A	C	core_destroyed	248
2026-08-11T19:59:28Z	SR2CUR	1649	antler	23103	B	C	core_destroyed	186
2026-08-11T19:59:30Z	SR2CUR	1650	atoll	23103	A	C	core_destroyed	202
2026-08-11T19:59:33Z	SR2CUR	1651	atoll	23103	B	T	core_destroyed	227
2026-08-11T19:59:39Z	SR2CUR	1652	drumlin	23103	A	T	core_destroyed	431
2026-08-11T19:59:42Z	SR2CUR	1653	drumlin	23103	B	C	core_destroyed	196
2026-08-11T19:59:44Z	SR2CUR	1654	fjordgate	23103	A	C	core_destroyed	154
2026-08-11T19:59:49Z	SR2CUR	1655	fjordgate	23103	B	C	tiebreak	1000
2026-08-11T19:59:53Z	SR2CUR	1656	heart	23103	A	C	tiebreak	1000
2026-08-11T19:59:57Z	SR2CUR	1657	heart	23103	B	C	core_destroyed	222
2026-08-11T20:00:01Z	SR2CUR	1658	hive	23103	A	T	core_destroyed	278
2026-08-11T20:00:06Z	SR2CUR	1659	hive	23103	B	T	core_destroyed	267
2026-08-11T20:00:07Z	SR2CUR	1660	meander	23103	A	T	core_destroyed	134
2026-08-11T20:00:09Z	SR2CUR	1661	meander	23103	B	C	core_destroyed	216
2026-08-11T20:00:13Z	SR2CUR	1662	nordkap	23103	A	T	core_destroyed	394
2026-08-11T20:00:15Z	SR2CUR	1663	nordkap	23103	B	C	core_destroyed	308
2026-08-11T20:00:17Z	SR2CUR	1664	antler	23104	A	C	core_destroyed	116
2026-08-11T20:00:20Z	SR2CUR	1665	antler	23104	B	C	core_destroyed	223
2026-08-11T20:00:24Z	SR2CUR	1666	atoll	23104	A	T	core_destroyed	586
2026-08-11T20:00:26Z	SR2CUR	1667	atoll	23104	B	T	core_destroyed	178
2026-08-11T20:00:28Z	SR2CUR	1668	drumlin	23104	A	T	core_destroyed	143
2026-08-11T20:00:29Z	SR2CUR	1669	drumlin	23104	B	C	core_destroyed	121
2026-08-11T20:00:31Z	SR2CUR	1670	fjordgate	23104	A	T	core_destroyed	153
2026-08-11T20:00:33Z	SR2CUR	1671	fjordgate	23104	B	T	core_destroyed	512
2026-08-11T20:00:36Z	SR2CUR	1672	heart	23104	A	C	core_destroyed	117
2026-08-11T20:00:39Z	SR2CUR	1673	heart	23104	B	C	core_destroyed	219
2026-08-11T20:00:41Z	SR2CUR	1674	hive	23104	A	T	core_destroyed	120
2026-08-11T20:00:46Z	SR2CUR	1675	hive	23104	B	C	core_destroyed	363
2026-08-11T20:00:48Z	SR2CUR	1676	meander	23104	A	T	core_destroyed	179
2026-08-11T20:00:50Z	SR2CUR	1677	meander	23104	B	C	core_destroyed	214
2026-08-11T20:00:51Z	SR2CUR	1678	nordkap	23104	A	C	core_destroyed	169
2026-08-11T20:00:55Z	SR2CUR	1679	nordkap	23104	B	C	core_destroyed	261
2026-08-11T20:00:56Z	SR2CUR	1680	antler	23105	A	T	core_destroyed	107
2026-08-11T20:00:58Z	SR2CUR	1681	antler	23105	B	C	core_destroyed	180
2026-08-11T20:01:08Z	SR2CUR	1682	atoll	23105	A	C	core_destroyed	644
2026-08-11T20:01:13Z	SR2CUR	1683	atoll	23105	B	T	core_destroyed	441
2026-08-11T20:01:15Z	SR2CUR	1684	drumlin	23105	A	T	core_destroyed	178
2026-08-11T20:01:16Z	SR2CUR	1685	drumlin	23105	B	T	core_destroyed	109
2026-08-11T20:01:18Z	SR2CUR	1686	fjordgate	23105	A	T	core_destroyed	194
2026-08-11T20:01:20Z	SR2CUR	1687	fjordgate	23105	B	C	core_destroyed	237
2026-08-11T20:01:24Z	SR2CUR	1688	heart	23105	A	C	core_destroyed	236
2026-08-11T20:01:26Z	SR2CUR	1689	heart	23105	B	T	core_destroyed	138
2026-08-11T20:01:28Z	SR2CUR	1690	hive	23105	A	T	core_destroyed	159
2026-08-11T20:01:30Z	SR2CUR	1691	hive	23105	B	C	core_destroyed	120
2026-08-11T20:01:31Z	SR2CUR	1692	meander	23105	A	T	core_destroyed	124
2026-08-11T20:01:34Z	SR2CUR	1693	meander	23105	B	C	core_destroyed	371
2026-08-11T20:01:36Z	SR2CUR	1694	nordkap	23105	A	T	core_destroyed	210
2026-08-11T20:01:39Z	SR2CUR	1695	nordkap	23105	B	T	core_destroyed	279
2026-08-11T20:01:42Z	SR2CUR	1696	antler	23106	A	C	core_destroyed	268
2026-08-11T20:01:43Z	SR2CUR	1697	antler	23106	B	T	core_destroyed	112
2026-08-11T20:01:47Z	SR2CUR	1698	atoll	23106	A	T	core_destroyed	359
2026-08-11T20:01:50Z	SR2CUR	1699	atoll	23106	B	T	core_destroyed	207
2026-08-11T20:01:52Z	SR2CUR	1700	drumlin	23106	A	T	core_destroyed	142
2026-08-11T20:01:57Z	SR2CUR	1701	drumlin	23106	B	C	core_destroyed	507
2026-08-11T20:02:00Z	SR2CUR	1702	fjordgate	23106	A	C	core_destroyed	338
2026-08-11T20:02:01Z	SR2CUR	1703	fjordgate	23106	B	C	core_destroyed	128
2026-08-11T20:02:04Z	SR2CUR	1704	heart	23106	A	C	core_destroyed	160
2026-08-11T20:02:08Z	SR2CUR	1705	heart	23106	B	T	core_destroyed	372
2026-08-11T20:02:10Z	SR2CUR	1706	hive	23106	A	C	core_destroyed	202
2026-08-11T20:02:13Z	SR2CUR	1707	hive	23106	B	T	core_destroyed	252
2026-08-11T20:02:16Z	SR2CUR	1708	meander	23106	A	T	core_destroyed	224
2026-08-11T20:02:17Z	SR2CUR	1709	meander	23106	B	C	core_destroyed	116
2026-08-11T20:02:20Z	SR2CUR	1710	nordkap	23106	A	T	core_destroyed	309
2026-08-11T20:02:25Z	SR2CUR	1711	nordkap	23106	B	C	core_destroyed	386
2026-08-11T20:02:28Z	SR2CUR	1712	antler	23107	A	T	tiebreak	1000
2026-08-11T20:02:30Z	SR2CUR	1713	antler	23107	B	T	core_destroyed	330
2026-08-11T20:02:31Z	SR2CUR	1714	atoll	23107	A	T	core_destroyed	393
2026-08-11T20:02:33Z	SR2CUR	1715	atoll	23107	B	C	core_destroyed	197
2026-08-11T20:02:36Z	SR2CUR	1716	drumlin	23107	A	T	core_destroyed	227
2026-08-11T20:02:40Z	SR2CUR	1717	drumlin	23107	B	T	core_destroyed	293
2026-08-11T20:02:42Z	SR2CUR	1718	fjordgate	23107	A	T	tiebreak	1000
2026-08-11T20:02:44Z	SR2CUR	1719	fjordgate	23107	B	C	core_destroyed	196
2026-08-11T20:02:49Z	SR2CUR	1720	heart	23107	A	T	core_destroyed	314
2026-08-11T20:02:51Z	SR2CUR	1721	heart	23107	B	T	core_destroyed	194
2026-08-11T20:02:54Z	SR2CUR	1722	hive	23107	A	T	core_destroyed	222
2026-08-11T20:03:00Z	SR2CUR	1723	hive	23107	B	C	core_destroyed	374
2026-08-11T20:03:02Z	SR2CUR	1724	meander	23107	A	T	tiebreak	1000
2026-08-11T20:03:04Z	SR2CUR	1725	meander	23107	B	C	core_destroyed	150
2026-08-11T20:03:06Z	SR2CUR	1726	nordkap	23107	A	C	core_destroyed	181
2026-08-11T20:03:08Z	SR2CUR	1727	nordkap	23107	B	T	core_destroyed	169
2026-08-11T20:03:10Z	SR2CUR	1728	antler	23108	A	T	core_destroyed	136
2026-08-11T20:03:11Z	SR2CUR	1729	antler	23108	B	T	core_destroyed	365
2026-08-11T20:03:14Z	SR2CUR	1730	atoll	23108	A	T	core_destroyed	252
2026-08-11T20:03:16Z	SR2CUR	1731	atoll	23108	B	C	core_destroyed	299
2026-08-11T20:03:21Z	SR2CUR	1732	drumlin	23108	A	C	core_destroyed	397
2026-08-11T20:03:22Z	SR2CUR	1733	drumlin	23108	B	C	core_destroyed	117
2026-08-11T20:03:24Z	SR2CUR	1734	fjordgate	23108	A	C	core_destroyed	112
2026-08-11T20:03:25Z	SR2CUR	1735	fjordgate	23108	B	T	core_destroyed	312
2026-08-11T20:03:30Z	SR2CUR	1736	heart	23108	A	C	core_destroyed	514
2026-08-11T20:03:33Z	SR2CUR	1737	heart	23108	B	C	core_destroyed	161
2026-08-11T20:03:35Z	SR2CUR	1738	hive	23108	A	T	core_destroyed	182
2026-08-11T20:03:39Z	SR2CUR	1739	hive	23108	B	T	core_destroyed	268
2026-08-11T20:03:43Z	SR2CUR	1740	meander	23108	A	T	tiebreak	1000
2026-08-11T20:03:45Z	SR2CUR	1741	meander	23108	B	C	core_destroyed	161
2026-08-11T20:03:47Z	SR2CUR	1742	nordkap	23108	A	T	core_destroyed	229
2026-08-11T20:03:50Z	SR2CUR	1743	nordkap	23108	B	T	core_destroyed	329
2026-08-11T20:03:52Z	SR2CUR	1744	antler	23109	A	T	core_destroyed	213
2026-08-11T20:03:54Z	SR2CUR	1745	antler	23109	B	C	core_destroyed	171
2026-08-11T20:04:02Z	SR2CUR	1746	atoll	23109	A	C	core_destroyed	809
2026-08-11T20:04:04Z	SR2CUR	1747	atoll	23109	B	C	core_destroyed	143
2026-08-11T20:04:08Z	SR2CUR	1748	drumlin	23109	A	T	core_destroyed	287
2026-08-11T20:04:10Z	SR2CUR	1749	drumlin	23109	B	T	core_destroyed	218
2026-08-11T20:04:12Z	SR2CUR	1750	fjordgate	23109	A	T	core_destroyed	184
2026-08-11T20:04:13Z	SR2CUR	1751	fjordgate	23109	B	T	core_destroyed	96
2026-08-11T20:04:15Z	SR2CUR	1752	heart	23109	A	T	core_destroyed	221
2026-08-11T20:04:17Z	SR2CUR	1753	heart	23109	B	T	core_destroyed	125
2026-08-11T20:04:20Z	SR2CUR	1754	hive	23109	A	C	core_destroyed	176
2026-08-11T20:04:22Z	SR2CUR	1755	hive	23109	B	C	core_destroyed	180
2026-08-11T20:04:23Z	SR2CUR	1756	meander	23109	A	C	core_destroyed	132
2026-08-11T20:04:25Z	SR2CUR	1757	meander	23109	B	C	core_destroyed	209
2026-08-11T20:04:27Z	SR2CUR	1758	nordkap	23109	A	T	core_destroyed	138
2026-08-11T20:04:29Z	SR2CUR	1759	nordkap	23109	B	C	core_destroyed	207
2026-08-11T20:04:31Z	SR2CUR	1760	antler	23110	A	T	core_destroyed	84
2026-08-11T20:04:33Z	SR2CUR	1761	antler	23110	B	C	core_destroyed	279
2026-08-11T20:04:35Z	SR2CUR	1762	atoll	23110	A	T	core_destroyed	165
2026-08-11T20:04:38Z	SR2CUR	1763	atoll	23110	B	T	core_destroyed	711
2026-08-11T20:04:39Z	SR2CUR	1764	drumlin	23110	A	T	core_destroyed	124
2026-08-11T20:04:44Z	SR2CUR	1765	drumlin	23110	B	C	core_destroyed	593
2026-08-11T20:04:48Z	SR2CUR	1766	fjordgate	23110	A	C	tiebreak	1000
2026-08-11T20:04:50Z	SR2CUR	1767	fjordgate	23110	B	T	core_destroyed	139
2026-08-11T20:04:52Z	SR2CUR	1768	heart	23110	A	T	core_destroyed	202
2026-08-11T20:05:00Z	SR2CUR	1769	heart	23110	B	T	core_destroyed	436
2026-08-11T20:05:03Z	SR2CUR	1770	hive	23110	A	C	core_destroyed	189
2026-08-11T20:05:06Z	SR2CUR	1771	hive	23110	B	C	core_destroyed	178
2026-08-11T20:05:09Z	SR2CUR	1772	meander	23110	A	T	core_destroyed	301
2026-08-11T20:05:10Z	SR2CUR	1773	meander	23110	B	T	core_destroyed	171
2026-08-11T20:05:12Z	SR2CUR	1774	nordkap	23110	A	T	core_destroyed	122
2026-08-11T20:05:13Z	SR2CUR	1775	nordkap	23110	B	C	core_destroyed	186
2026-08-11T20:05:15Z	SR2CUR	1776	antler	23111	A	T	core_destroyed	195
2026-08-11T20:05:17Z	SR2CUR	1777	antler	23111	B	C	core_destroyed	200
2026-08-11T20:05:19Z	SR2CUR	1778	atoll	23111	A	C	core_destroyed	131
2026-08-11T20:05:24Z	SR2CUR	1779	atoll	23111	B	C	core_destroyed	334
2026-08-11T20:05:30Z	SR2CUR	1780	drumlin	23111	A	T	core_destroyed	603
2026-08-11T20:05:33Z	SR2CUR	1781	drumlin	23111	B	C	core_destroyed	241
2026-08-11T20:05:34Z	SR2CUR	1782	fjordgate	23111	A	T	core_destroyed	207
2026-08-11T20:05:35Z	SR2CUR	1783	fjordgate	23111	B	C	core_destroyed	120
2026-08-11T20:06:00Z	SR2CUR	1784	heart	23111	A	C	tiebreak	1000
2026-08-11T20:06:05Z	SR2CUR	1785	heart	23111	B	C	core_destroyed	258
2026-08-11T20:06:12Z	SR2CUR	1786	hive	23111	A	T	core_destroyed	393
2026-08-11T20:06:16Z	SR2CUR	1787	hive	23111	B	T	core_destroyed	253
2026-08-11T20:06:17Z	SR2CUR	1788	meander	23111	A	T	core_destroyed	164
2026-08-11T20:06:19Z	SR2CUR	1789	meander	23111	B	C	core_destroyed	146
2026-08-11T20:06:21Z	SR2CUR	1790	nordkap	23111	A	T	core_destroyed	178
2026-08-11T20:06:23Z	SR2CUR	1791	nordkap	23111	B	C	core_destroyed	302
2026-08-11T20:06:25Z	SR2CUR	1792	antler	23112	A	T	core_destroyed	282
2026-08-11T20:06:27Z	SR2CUR	1793	antler	23112	B	T	core_destroyed	192
2026-08-11T20:06:28Z	SR2CUR	1794	atoll	23112	A	C	core_destroyed	148
2026-08-11T20:06:29Z	SR2CUR	1795	atoll	23112	B	T	core_destroyed	106
2026-08-11T20:06:31Z	SR2CUR	1796	drumlin	23112	A	T	core_destroyed	123
2026-08-11T20:06:36Z	SR2CUR	1797	drumlin	23112	B	T	core_destroyed	307
2026-08-11T20:06:38Z	SR2CUR	1798	fjordgate	23112	A	T	tiebreak	1000
2026-08-11T20:06:39Z	SR2CUR	1799	fjordgate	23112	B	T	core_destroyed	161
2026-08-11T20:07:10Z	SR2CUR	1800	heart	23112	A	C	tiebreak	1000
2026-08-11T20:07:13Z	SR2CUR	1801	heart	23112	B	C	core_destroyed	185
2026-08-11T20:07:15Z	SR2CUR	1802	hive	23112	A	T	core_destroyed	158
2026-08-11T20:07:17Z	SR2CUR	1803	hive	23112	B	C	core_destroyed	126
2026-08-11T20:07:19Z	SR2CUR	1804	meander	23112	A	T	core_destroyed	228
2026-08-11T20:07:21Z	SR2CUR	1805	meander	23112	B	T	core_destroyed	197
2026-08-11T20:07:24Z	SR2CUR	1806	nordkap	23112	A	C	core_destroyed	272
2026-08-11T20:07:25Z	SR2CUR	1807	nordkap	23112	B	C	core_destroyed	134
2026-08-11T20:07:27Z	SR2CUR	1808	antler	23113	A	C	core_destroyed	176
2026-08-11T20:07:29Z	SR2CUR	1809	antler	23113	B	C	core_destroyed	141
2026-08-11T20:07:30Z	SR2CUR	1810	atoll	23113	A	T	core_destroyed	155
2026-08-11T20:07:32Z	SR2CUR	1811	atoll	23113	B	T	core_destroyed	163
2026-08-11T20:07:33Z	SR2CUR	1812	drumlin	23113	A	C	core_destroyed	101
2026-08-11T20:07:35Z	SR2CUR	1813	drumlin	23113	B	C	core_destroyed	136
2026-08-11T20:07:37Z	SR2CUR	1814	fjordgate	23113	A	T	core_destroyed	306
2026-08-11T20:07:39Z	SR2CUR	1815	fjordgate	23113	B	T	core_destroyed	138
2026-08-11T20:07:41Z	SR2CUR	1816	heart	23113	A	C	core_destroyed	144
2026-08-11T20:07:49Z	SR2CUR	1817	heart	23113	B	T	core_destroyed	293
2026-08-11T20:07:53Z	SR2CUR	1818	hive	23113	A	C	core_destroyed	342
2026-08-11T20:07:57Z	SR2CUR	1819	hive	23113	B	C	core_destroyed	334
2026-08-11T20:07:58Z	SR2CUR	1820	meander	23113	A	C	core_destroyed	128
2026-08-11T20:08:00Z	SR2CUR	1821	meander	23113	B	C	core_destroyed	197
2026-08-11T20:08:03Z	SR2CUR	1822	nordkap	23113	A	C	core_destroyed	207
2026-08-11T20:08:05Z	SR2CUR	1823	nordkap	23113	B	C	core_destroyed	169
2026-08-11T20:08:06Z	SR2CUR	1824	antler	23114	A	C	core_destroyed	266
2026-08-11T20:08:09Z	SR2CUR	1825	antler	23114	B	C	core_destroyed	364
2026-08-11T20:08:11Z	SR2CUR	1826	atoll	23114	A	C	core_destroyed	87
2026-08-11T20:08:13Z	SR2CUR	1827	atoll	23114	B	T	core_destroyed	120
2026-08-11T20:08:18Z	SR2CUR	1828	drumlin	23114	A	C	core_destroyed	319
2026-08-11T20:08:25Z	SR2CUR	1829	drumlin	23114	B	C	core_destroyed	590
2026-08-11T20:08:27Z	SR2CUR	1830	fjordgate	23114	A	T	core_destroyed	122
2026-08-11T20:08:29Z	SR2CUR	1831	fjordgate	23114	B	T	core_destroyed	442
2026-08-11T20:08:33Z	SR2CUR	1832	heart	23114	A	T	core_destroyed	342
2026-08-11T20:08:41Z	SR2CUR	1833	heart	23114	B	T	core_destroyed	624
2026-08-11T20:08:48Z	SR2CUR	1834	hive	23114	A	T	core_destroyed	460
2026-08-11T20:08:50Z	SR2CUR	1835	hive	23114	B	C	core_destroyed	168
2026-08-11T20:08:52Z	SR2CUR	1836	meander	23114	A	T	core_destroyed	183
2026-08-11T20:08:53Z	SR2CUR	1837	meander	23114	B	T	core_destroyed	126
2026-08-11T20:08:55Z	SR2CUR	1838	nordkap	23114	A	C	core_destroyed	204
2026-08-11T20:08:58Z	SR2CUR	1839	nordkap	23114	B	T	core_destroyed	371
2026-08-11T20:09:01Z	SR2CUR	1840	antler	23115	A	C	core_destroyed	485
2026-08-11T20:09:03Z	SR2CUR	1841	antler	23115	B	T	core_destroyed	167
2026-08-11T20:09:04Z	SR2CUR	1842	atoll	23115	A	C	core_destroyed	104
2026-08-11T20:09:07Z	SR2CUR	1843	atoll	23115	B	C	core_destroyed	421
2026-08-11T20:09:12Z	SR2CUR	1844	drumlin	23115	A	C	core_destroyed	354
2026-08-11T20:09:15Z	SR2CUR	1845	drumlin	23115	B	C	core_destroyed	406
2026-08-11T20:09:16Z	SR2CUR	1846	fjordgate	23115	A	T	core_destroyed	168
2026-08-11T20:09:18Z	SR2CUR	1847	fjordgate	23115	B	T	core_destroyed	134
2026-08-11T20:09:29Z	SR2CUR	1848	heart	23115	A	C	tiebreak	1000
2026-08-11T20:09:32Z	SR2CUR	1849	heart	23115	B	C	core_destroyed	142
2026-08-11T20:09:38Z	SR2CUR	1850	hive	23115	A	C	core_destroyed	356
2026-08-11T20:09:41Z	SR2CUR	1851	hive	23115	B	T	core_destroyed	221
2026-08-11T20:09:43Z	SR2CUR	1852	meander	23115	A	C	core_destroyed	168
2026-08-11T20:09:44Z	SR2CUR	1853	meander	23115	B	C	core_destroyed	118
2026-08-11T20:09:47Z	SR2CUR	1854	nordkap	23115	A	C	core_destroyed	275
2026-08-11T20:09:49Z	SR2CUR	1855	nordkap	23115	B	C	core_destroyed	306
2026-08-11T20:09:52Z	SR2CUR	1856	antler	23116	A	C	core_destroyed	322
2026-08-11T20:09:54Z	SR2CUR	1857	antler	23116	B	T	core_destroyed	227
2026-08-11T20:09:57Z	SR2CUR	1858	atoll	23116	A	T	core_destroyed	284
2026-08-11T20:09:58Z	SR2CUR	1859	atoll	23116	B	C	core_destroyed	132
2026-08-11T20:10:01Z	SR2CUR	1860	drumlin	23116	A	T	core_destroyed	181
2026-08-11T20:10:05Z	SR2CUR	1861	drumlin	23116	B	T	core_destroyed	284
2026-08-11T20:10:06Z	SR2CUR	1862	fjordgate	23116	A	T	core_destroyed	176
2026-08-11T20:10:08Z	SR2CUR	1863	fjordgate	23116	B	C	core_destroyed	178
2026-08-11T20:10:10Z	SR2CUR	1864	heart	23116	A	C	core_destroyed	155
2026-08-11T20:10:15Z	SR2CUR	1865	heart	23116	B	C	core_destroyed	356
2026-08-11T20:10:20Z	SR2CUR	1866	hive	23116	A	T	core_destroyed	349
2026-08-11T20:10:22Z	SR2CUR	1867	hive	23116	B	C	core_destroyed	200
2026-08-11T20:10:24Z	SR2CUR	1868	meander	23116	A	T	core_destroyed	217
2026-08-11T20:10:26Z	SR2CUR	1869	meander	23116	B	C	core_destroyed	175
2026-08-11T20:10:29Z	SR2CUR	1870	nordkap	23116	A	T	core_destroyed	204
2026-08-11T20:10:32Z	SR2CUR	1871	nordkap	23116	B	T	core_destroyed	216
2026-08-11T20:10:35Z	SR2CUR	1872	antler	23117	A	C	core_destroyed	526
2026-08-11T20:10:37Z	SR2CUR	1873	antler	23117	B	T	core_destroyed	381
2026-08-11T20:10:38Z	SR2CUR	1874	atoll	23117	A	C	core_destroyed	113
2026-08-11T20:10:42Z	SR2CUR	1875	atoll	23117	B	T	core_destroyed	410
2026-08-11T20:10:45Z	SR2CUR	1876	drumlin	23117	A	C	core_destroyed	273
2026-08-11T20:10:49Z	SR2CUR	1877	drumlin	23117	B	T	core_destroyed	332
2026-08-11T20:10:51Z	SR2CUR	1878	fjordgate	23117	A	T	core_destroyed	184
2026-08-11T20:10:52Z	SR2CUR	1879	fjordgate	23117	B	T	core_destroyed	126
2026-08-11T20:10:55Z	SR2CUR	1880	heart	23117	A	T	core_destroyed	218
2026-08-11T20:10:59Z	SR2CUR	1881	heart	23117	B	C	core_destroyed	280
2026-08-11T20:11:02Z	SR2CUR	1882	hive	23117	A	C	core_destroyed	209
2026-08-11T20:11:08Z	SR2CUR	1883	hive	23117	B	C	core_destroyed	409
2026-08-11T20:11:10Z	SR2CUR	1884	meander	23117	A	C	core_destroyed	333
2026-08-11T20:11:12Z	SR2CUR	1885	meander	23117	B	T	core_destroyed	219
2026-08-11T20:11:14Z	SR2CUR	1886	nordkap	23117	A	T	core_destroyed	216
2026-08-11T20:11:15Z	SR2CUR	1887	nordkap	23117	B	C	core_destroyed	127
2026-08-11T20:11:17Z	SR2CUR	1888	antler	23118	A	T	core_destroyed	156
2026-08-11T20:11:19Z	SR2CUR	1889	antler	23118	B	C	core_destroyed	104
2026-08-11T20:11:23Z	SR2CUR	1890	atoll	23118	A	T	core_destroyed	450
2026-08-11T20:11:24Z	SR2CUR	1891	atoll	23118	B	T	core_destroyed	135
2026-08-11T20:11:26Z	SR2CUR	1892	drumlin	23118	A	T	core_destroyed	163
2026-08-11T20:11:36Z	SR2CUR	1893	drumlin	23118	B	C	core_destroyed	562
2026-08-11T20:11:37Z	SR2CUR	1894	fjordgate	23118	A	T	core_destroyed	196
2026-08-11T20:11:39Z	SR2CUR	1895	fjordgate	23118	B	C	core_destroyed	225
2026-08-11T20:11:43Z	SR2CUR	1896	heart	23118	A	C	core_destroyed	241
2026-08-11T20:11:45Z	SR2CUR	1897	heart	23118	B	C	core_destroyed	120
2026-08-11T20:11:49Z	SR2CUR	1898	hive	23118	A	T	core_destroyed	334
2026-08-11T20:11:55Z	SR2CUR	1899	hive	23118	B	C	core_destroyed	350
2026-08-11T20:11:57Z	SR2CUR	1900	meander	23118	A	T	core_destroyed	194
2026-08-11T20:11:59Z	SR2CUR	1901	meander	23118	B	T	core_destroyed	199
2026-08-11T20:12:00Z	SR2CUR	1902	nordkap	23118	A	T	core_destroyed	102
2026-08-11T20:12:02Z	SR2CUR	1903	nordkap	23118	B	T	core_destroyed	155
2026-08-11T20:12:04Z	SR2CUR	1904	antler	23119	A	T	core_destroyed	156
2026-08-11T20:12:06Z	SR2CUR	1905	antler	23119	B	C	core_destroyed	212
2026-08-11T20:12:10Z	SR2CUR	1906	atoll	23119	A	C	core_destroyed	539
2026-08-11T20:12:13Z	SR2CUR	1907	atoll	23119	B	C	core_destroyed	403
2026-08-11T20:12:20Z	SR2CUR	1908	drumlin	23119	A	T	core_destroyed	495
2026-08-11T20:12:22Z	SR2CUR	1909	drumlin	23119	B	T	core_destroyed	165
2026-08-11T20:12:24Z	SR2CUR	1910	fjordgate	23119	A	C	core_destroyed	160
2026-08-11T20:12:26Z	SR2CUR	1911	fjordgate	23119	B	C	core_destroyed	397
2026-08-11T20:12:28Z	SR2CUR	1912	heart	23119	A	T	core_destroyed	106
2026-08-11T20:12:33Z	SR2CUR	1913	heart	23119	B	T	core_destroyed	419
2026-08-11T20:12:40Z	SR2CUR	1914	hive	23119	A	C	core_destroyed	350
2026-08-11T20:12:47Z	SR2CUR	1915	hive	23119	B	T	core_destroyed	358
2026-08-11T20:12:49Z	SR2CUR	1916	meander	23119	A	C	core_destroyed	155
2026-08-11T20:12:51Z	SR2CUR	1917	meander	23119	B	C	core_destroyed	174
2026-08-11T20:12:52Z	SR2CUR	1918	nordkap	23119	A	T	core_destroyed	176
2026-08-11T20:12:54Z	SR2CUR	1919	nordkap	23119	B	C	core_destroyed	167
2026-08-11T20:12:57Z	SR2CUR	1920	antler	23120	A	C	core_destroyed	286
2026-08-11T20:12:58Z	SR2CUR	1921	antler	23120	B	T	core_destroyed	176
2026-08-11T20:13:00Z	SR2CUR	1922	atoll	23120	A	T	core_destroyed	135
2026-08-11T20:13:03Z	SR2CUR	1923	atoll	23120	B	C	core_destroyed	260
2026-08-11T20:13:08Z	SR2CUR	1924	drumlin	23120	A	C	core_destroyed	340
2026-08-11T20:13:10Z	SR2CUR	1925	drumlin	23120	B	T	core_destroyed	117
2026-08-11T20:13:11Z	SR2CUR	1926	fjordgate	23120	A	T	core_destroyed	95
2026-08-11T20:13:13Z	SR2CUR	1927	fjordgate	23120	B	T	core_destroyed	263
2026-08-11T20:13:28Z	SR2CUR	1928	heart	23120	A	C	tiebreak	1000
2026-08-11T20:13:34Z	SR2CUR	1929	heart	23120	B	T	core_destroyed	583
2026-08-11T20:13:40Z	SR2CUR	1930	hive	23120	A	C	core_destroyed	538
2026-08-11T20:13:45Z	SR2CUR	1931	hive	23120	B	C	core_destroyed	324
2026-08-11T20:13:47Z	SR2CUR	1932	meander	23120	A	T	tiebreak	180
2026-08-11T20:13:49Z	SR2CUR	1933	meander	23120	B	C	core_destroyed	118
2026-08-11T20:13:51Z	SR2CUR	1934	nordkap	23120	A	C	core_destroyed	134
2026-08-11T20:13:55Z	SR2CUR	1935	nordkap	23120	B	T	core_destroyed	292
2026-08-11T20:13:56Z	SR2CUR	1936	antler	23121	A	T	core_destroyed	144
2026-08-11T20:13:58Z	SR2CUR	1937	antler	23121	B	T	core_destroyed	132
2026-08-11T20:14:00Z	SR2CUR	1938	atoll	23121	A	C	core_destroyed	189
2026-08-11T20:14:02Z	SR2CUR	1939	atoll	23121	B	C	core_destroyed	285
2026-08-11T20:14:07Z	SR2CUR	1940	drumlin	23121	A	T	core_destroyed	282
2026-08-11T20:14:09Z	SR2CUR	1941	drumlin	23121	B	T	core_destroyed	159
2026-08-11T20:14:10Z	SR2CUR	1942	fjordgate	23121	A	T	core_destroyed	135
2026-08-11T20:14:12Z	SR2CUR	1943	fjordgate	23121	B	T	core_destroyed	142
2026-08-11T20:14:14Z	SR2CUR	1944	heart	23121	A	T	core_destroyed	206
2026-08-11T20:14:16Z	SR2CUR	1945	heart	23121	B	C	core_destroyed	111
2026-08-11T20:14:24Z	SR2CUR	1946	hive	23121	A	C	core_destroyed	538
2026-08-11T20:14:26Z	SR2CUR	1947	hive	23121	B	C	core_destroyed	180
2026-08-11T20:14:28Z	SR2CUR	1948	meander	23121	A	T	core_destroyed	172
2026-08-11T20:14:30Z	SR2CUR	1949	meander	23121	B	C	core_destroyed	113
2026-08-11T20:14:32Z	SR2CUR	1950	nordkap	23121	A	T	core_destroyed	202
2026-08-11T20:14:34Z	SR2CUR	1951	nordkap	23121	B	T	core_destroyed	296
2026-08-11T20:14:36Z	SR2CUR	1952	antler	23122	A	T	core_destroyed	161
2026-08-11T20:14:37Z	SR2CUR	1953	antler	23122	B	C	core_destroyed	141
2026-08-11T20:14:41Z	SR2CUR	1954	atoll	23122	A	T	core_destroyed	329
2026-08-11T20:14:42Z	SR2CUR	1955	atoll	23122	B	T	core_destroyed	136
2026-08-11T20:14:45Z	SR2CUR	1956	drumlin	23122	A	C	core_destroyed	249
2026-08-11T20:14:48Z	SR2CUR	1957	drumlin	23122	B	C	core_destroyed	171
2026-08-11T20:14:49Z	SR2CUR	1958	fjordgate	23122	A	T	core_destroyed	113
2026-08-11T20:14:51Z	SR2CUR	1959	fjordgate	23122	B	T	core_destroyed	218
2026-08-11T20:14:55Z	SR2CUR	1960	heart	23122	A	C	core_destroyed	279
2026-08-11T20:15:02Z	SR2CUR	1961	heart	23122	B	T	core_destroyed	529
2026-08-11T20:15:06Z	SR2CUR	1962	hive	23122	A	C	core_destroyed	256
2026-08-11T20:15:16Z	SR2CUR	1963	hive	23122	B	C	core_destroyed	593
2026-08-11T20:15:18Z	SR2CUR	1964	meander	23122	A	C	core_destroyed	186
2026-08-11T20:15:19Z	SR2CUR	1965	meander	23122	B	T	core_destroyed	210
2026-08-11T20:15:23Z	SR2CUR	1966	nordkap	23122	A	T	core_destroyed	423
2026-08-11T20:15:25Z	SR2CUR	1967	nordkap	23122	B	C	core_destroyed	139
2026-08-11T20:15:27Z	SR2CUR	1968	antler	23123	A	T	core_destroyed	99
2026-08-11T20:15:28Z	SR2CUR	1969	antler	23123	B	C	core_destroyed	128
2026-08-11T20:15:30Z	SR2CUR	1970	atoll	23123	A	T	core_destroyed	182
2026-08-11T20:15:31Z	SR2CUR	1971	atoll	23123	B	C	core_destroyed	270
2026-08-11T20:15:33Z	SR2CUR	1972	drumlin	23123	A	C	core_destroyed	174
2026-08-11T20:15:36Z	SR2CUR	1973	drumlin	23123	B	C	core_destroyed	215
2026-08-11T20:15:37Z	SR2CUR	1974	fjordgate	23123	A	T	core_destroyed	254
2026-08-11T20:15:39Z	SR2CUR	1975	fjordgate	23123	B	T	core_destroyed	214
2026-08-11T20:15:57Z	SR2CUR	1976	heart	23123	A	T	tiebreak	1000
2026-08-11T20:16:01Z	SR2CUR	1977	heart	23123	B	T	core_destroyed	196
2026-08-11T20:16:05Z	SR2CUR	1978	hive	23123	A	T	core_destroyed	291
2026-08-11T20:16:08Z	SR2CUR	1979	hive	23123	B	C	core_destroyed	223
2026-08-11T20:16:09Z	SR2CUR	1980	meander	23123	A	T	core_destroyed	127
2026-08-11T20:16:12Z	SR2CUR	1981	meander	23123	B	T	core_destroyed	209
2026-08-11T20:16:14Z	SR2CUR	1982	nordkap	23123	A	T	core_destroyed	233
2026-08-11T20:16:15Z	SR2CUR	1983	nordkap	23123	B	T	core_destroyed	130
2026-08-11T20:16:17Z	SR2CUR	1984	antler	23124	A	C	core_destroyed	118
2026-08-11T20:16:19Z	SR2CUR	1985	antler	23124	B	T	core_destroyed	212
2026-08-11T20:16:20Z	SR2CUR	1986	atoll	23124	A	C	core_destroyed	147
2026-08-11T20:16:24Z	SR2CUR	1987	atoll	23124	B	T	tiebreak	1000
2026-08-11T20:16:26Z	SR2CUR	1988	drumlin	23124	A	T	core_destroyed	169
2026-08-11T20:16:28Z	SR2CUR	1989	drumlin	23124	B	T	core_destroyed	154
2026-08-11T20:16:29Z	SR2CUR	1990	fjordgate	23124	A	T	core_destroyed	185
2026-08-11T20:16:30Z	SR2CUR	1991	fjordgate	23124	B	T	core_destroyed	220
2026-08-11T20:16:36Z	SR2CUR	1992	heart	23124	A	C	core_destroyed	350
2026-08-11T20:16:40Z	SR2CUR	1993	heart	23124	B	T	tiebreak	1000
2026-08-11T20:16:45Z	SR2CUR	1994	hive	23124	A	C	core_destroyed	261
2026-08-11T20:16:49Z	SR2CUR	1995	hive	23124	B	C	core_destroyed	334
2026-08-11T20:16:51Z	SR2CUR	1996	meander	23124	A	T	core_destroyed	186
2026-08-11T20:16:52Z	SR2CUR	1997	meander	23124	B	C	core_destroyed	188
2026-08-11T20:16:54Z	SR2CUR	1998	nordkap	23124	A	T	core_destroyed	194
2026-08-11T20:16:57Z	SR2CUR	1999	nordkap	23124	B	C	core_destroyed	231
2026-08-11T20:16:59Z	SR2CUR	2000	antler	23125	A	C	core_destroyed	197
2026-08-11T20:17:01Z	SR2CUR	2001	antler	23125	B	C	core_destroyed	133
2026-08-11T20:17:04Z	SR2CUR	2002	atoll	23125	A	C	core_destroyed	334
2026-08-11T20:17:07Z	SR2CUR	2003	atoll	23125	B	T	core_destroyed	187
2026-08-11T20:17:09Z	SR2CUR	2004	drumlin	23125	A	T	core_destroyed	235
2026-08-11T20:17:12Z	SR2CUR	2005	drumlin	23125	B	C	core_destroyed	234
2026-08-11T20:17:13Z	SR2CUR	2006	fjordgate	23125	A	C	core_destroyed	169
2026-08-11T20:17:15Z	SR2CUR	2007	fjordgate	23125	B	T	core_destroyed	261
2026-08-11T20:17:18Z	SR2CUR	2008	heart	23125	A	C	core_destroyed	198
2026-08-11T20:17:25Z	SR2CUR	2009	heart	23125	B	T	core_destroyed	523
2026-08-11T20:17:27Z	SR2CUR	2010	hive	23125	A	C	core_destroyed	124
2026-08-11T20:17:32Z	SR2CUR	2011	hive	23125	B	C	core_destroyed	362
2026-08-11T20:17:33Z	SR2CUR	2012	meander	23125	A	C	core_destroyed	120
2026-08-11T20:17:34Z	SR2CUR	2013	meander	23125	B	T	core_destroyed	167
2026-08-11T20:17:38Z	SR2CUR	2014	nordkap	23125	A	T	core_destroyed	245
2026-08-11T20:17:40Z	SR2CUR	2015	nordkap	23125	B	T	core_destroyed	164
2026-08-11T20:17:42Z	SR2CUR	2016	antler	23126	A	T	core_destroyed	110
2026-08-11T20:17:44Z	SR2CUR	2017	antler	23126	B	T	core_destroyed	238
2026-08-11T20:17:45Z	SR2CUR	2018	atoll	23126	A	C	core_destroyed	142
2026-08-11T20:17:49Z	SR2CUR	2019	atoll	23126	B	T	core_destroyed	356
2026-08-11T20:17:50Z	SR2CUR	2020	drumlin	23126	A	T	core_destroyed	109
2026-08-11T20:17:53Z	SR2CUR	2021	drumlin	23126	B	C	core_destroyed	176
2026-08-11T20:17:54Z	SR2CUR	2022	fjordgate	23126	A	C	core_destroyed	190
2026-08-11T20:17:55Z	SR2CUR	2023	fjordgate	23126	B	C	core_destroyed	116
2026-08-11T20:17:58Z	SR2CUR	2024	heart	23126	A	C	core_destroyed	215
2026-08-11T20:18:03Z	SR2CUR	2025	heart	23126	B	C	core_destroyed	286
2026-08-11T20:18:05Z	SR2CUR	2026	hive	23126	A	T	core_destroyed	111
2026-08-11T20:18:09Z	SR2CUR	2027	hive	23126	B	C	core_destroyed	472
2026-08-11T20:18:11Z	SR2CUR	2028	meander	23126	A	C	core_destroyed	206
2026-08-11T20:18:13Z	SR2CUR	2029	meander	23126	B	C	core_destroyed	149
2026-08-11T20:18:15Z	SR2CUR	2030	nordkap	23126	A	C	core_destroyed	156
2026-08-11T20:18:16Z	SR2CUR	2031	nordkap	23126	B	C	core_destroyed	149
2026-08-11T20:18:18Z	SR2CUR	2032	antler	23127	A	C	core_destroyed	172
2026-08-11T20:18:20Z	SR2CUR	2033	antler	23127	B	C	core_destroyed	182
2026-08-11T20:18:23Z	SR2CUR	2034	atoll	23127	A	T	core_destroyed	325
2026-08-11T20:18:24Z	SR2CUR	2035	atoll	23127	B	C	core_destroyed	224
2026-08-11T20:18:26Z	SR2CUR	2036	drumlin	23127	A	T	core_destroyed	88
2026-08-11T20:18:29Z	SR2CUR	2037	drumlin	23127	B	C	core_destroyed	176
2026-08-11T20:18:30Z	SR2CUR	2038	fjordgate	23127	A	C	core_destroyed	164
2026-08-11T20:18:31Z	SR2CUR	2039	fjordgate	23127	B	C	core_destroyed	188
2026-08-11T20:18:35Z	SR2CUR	2040	heart	23127	A	T	core_destroyed	206
2026-08-11T20:18:37Z	SR2CUR	2041	heart	23127	B	C	core_destroyed	159
2026-08-11T20:18:39Z	SR2CUR	2042	hive	23127	A	T	core_destroyed	116
2026-08-11T20:18:41Z	SR2CUR	2043	hive	23127	B	C	core_destroyed	166
2026-08-11T20:18:43Z	SR2CUR	2044	meander	23127	A	C	core_destroyed	221
2026-08-11T20:18:45Z	SR2CUR	2045	meander	23127	B	C	core_destroyed	194
2026-08-11T20:18:47Z	SR2CUR	2046	nordkap	23127	A	T	core_destroyed	254
2026-08-11T20:18:50Z	SR2CUR	2047	nordkap	23127	B	C	core_destroyed	248
2026-08-11T20:18:51Z	SR2CUR	2048	antler	23128	A	T	core_destroyed	174
2026-08-11T20:18:53Z	SR2CUR	2049	antler	23128	B	C	core_destroyed	158
2026-08-11T20:18:54Z	SR2CUR	2050	atoll	23128	A	T	core_destroyed	112
2026-08-11T20:18:57Z	SR2CUR	2051	atoll	23128	B	C	core_destroyed	236
2026-08-11T20:19:01Z	SR2CUR	2052	drumlin	23128	A	C	core_destroyed	516
2026-08-11T20:19:02Z	SR2CUR	2053	drumlin	23128	B	T	core_destroyed	157
2026-08-11T20:19:03Z	SR2CUR	2054	fjordgate	23128	A	T	core_destroyed	96
2026-08-11T20:19:05Z	SR2CUR	2055	fjordgate	23128	B	C	core_destroyed	156
2026-08-11T20:19:07Z	SR2CUR	2056	heart	23128	A	T	core_destroyed	139
2026-08-11T20:19:11Z	SR2CUR	2057	heart	23128	B	C	core_destroyed	248
2026-08-11T20:19:14Z	SR2CUR	2058	hive	23128	A	T	core_destroyed	190
2026-08-11T20:19:16Z	SR2CUR	2059	hive	23128	B	C	core_destroyed	217
2026-08-11T20:19:18Z	SR2CUR	2060	meander	23128	A	T	core_destroyed	224
2026-08-11T20:19:21Z	SR2CUR	2061	meander	23128	B	T	tiebreak	1000
2026-08-11T20:19:23Z	SR2CUR	2062	nordkap	23128	A	T	core_destroyed	289
2026-08-11T20:19:24Z	SR2CUR	2063	nordkap	23128	B	C	core_destroyed	220
2026-08-11T20:19:26Z	SR2CUR	2064	antler	23129	A	T	core_destroyed	212
2026-08-11T20:19:28Z	SR2CUR	2065	antler	23129	B	T	core_destroyed	164
2026-08-11T20:19:34Z	SR2CUR	2066	atoll	23129	A	T	core_destroyed	455
2026-08-11T20:19:41Z	SR2CUR	2067	atoll	23129	B	C	core_destroyed	590
2026-08-11T20:19:45Z	SR2CUR	2068	drumlin	23129	A	T	core_destroyed	323
2026-08-11T20:19:48Z	SR2CUR	2069	drumlin	23129	B	C	core_destroyed	253
2026-08-11T20:19:51Z	SR2CUR	2070	fjordgate	23129	A	T	tiebreak	1000
2026-08-11T20:19:52Z	SR2CUR	2071	fjordgate	23129	B	T	core_destroyed	130
2026-08-11T20:20:00Z	SR2CUR	2072	heart	23129	A	T	core_destroyed	394
2026-08-11T20:20:06Z	SR2CUR	2073	heart	23129	B	T	core_destroyed	423
2026-08-11T20:20:08Z	SR2CUR	2074	hive	23129	A	C	core_destroyed	120
2026-08-11T20:20:16Z	SR2CUR	2075	hive	23129	B	C	core_destroyed	534
2026-08-11T20:20:17Z	SR2CUR	2076	meander	23129	A	T	core_destroyed	158
2026-08-11T20:20:18Z	SR2CUR	2077	meander	23129	B	T	core_destroyed	117
2026-08-11T20:20:20Z	SR2CUR	2078	nordkap	23129	A	T	core_destroyed	139
2026-08-11T20:20:23Z	SR2CUR	2079	nordkap	23129	B	C	core_destroyed	292
2026-08-11T20:20:26Z	SR2CUR	2080	antler	23130	A	T	core_destroyed	499
2026-08-11T20:20:28Z	SR2CUR	2081	antler	23130	B	C	core_destroyed	108
2026-08-11T20:20:33Z	SR2CUR	2082	atoll	23130	A	T	core_destroyed	445
2026-08-11T20:20:35Z	SR2CUR	2083	atoll	23130	B	T	core_destroyed	415
2026-08-11T20:20:39Z	SR2CUR	2084	drumlin	23130	A	C	core_destroyed	376
2026-08-11T20:20:41Z	SR2CUR	2085	drumlin	23130	B	C	core_destroyed	230
2026-08-11T20:20:42Z	SR2CUR	2086	fjordgate	23130	A	C	core_destroyed	189
2026-08-11T20:20:44Z	SR2CUR	2087	fjordgate	23130	B	T	core_destroyed	280
2026-08-11T20:20:46Z	SR2CUR	2088	heart	23130	A	T	core_destroyed	128
2026-08-11T20:20:48Z	SR2CUR	2089	heart	23130	B	T	core_destroyed	148
2026-08-11T20:20:52Z	SR2CUR	2090	hive	23130	A	C	core_destroyed	268
2026-08-11T20:20:55Z	SR2CUR	2091	hive	23130	B	T	core_destroyed	131
2026-08-11T20:20:57Z	SR2CUR	2092	meander	23130	A	T	core_destroyed	516
2026-08-11T20:21:00Z	SR2CUR	2093	meander	23130	B	C	core_destroyed	172
2026-08-11T20:21:02Z	SR2CUR	2094	nordkap	23130	A	T	core_destroyed	291
2026-08-11T20:21:04Z	SR2CUR	2095	nordkap	23130	B	C	core_destroyed	166
2026-08-11T20:21:05Z	SR2CUR	2096	antler	23131	A	T	core_destroyed	350
2026-08-11T20:21:08Z	SR2CUR	2097	antler	23131	B	T	tiebreak	1000
2026-08-11T20:21:10Z	SR2CUR	2098	atoll	23131	A	T	core_destroyed	182
2026-08-11T20:21:12Z	SR2CUR	2099	atoll	23131	B	C	core_destroyed	150
2026-08-11T20:21:18Z	SR2CUR	2100	drumlin	23131	A	T	core_destroyed	462
2026-08-11T20:21:20Z	SR2CUR	2101	drumlin	23131	B	C	core_destroyed	202
2026-08-11T20:21:22Z	SR2CUR	2102	fjordgate	23131	A	C	core_destroyed	414
2026-08-11T20:21:23Z	SR2CUR	2103	fjordgate	23131	B	C	core_destroyed	116
2026-08-11T20:21:26Z	SR2CUR	2104	heart	23131	A	C	core_destroyed	116
2026-08-11T20:21:28Z	SR2CUR	2105	heart	23131	B	T	core_destroyed	141
2026-08-11T20:21:36Z	SR2CUR	2106	hive	23131	A	C	core_destroyed	498
2026-08-11T20:21:43Z	SR2CUR	2107	hive	23131	B	C	core_destroyed	552
2026-08-11T20:21:44Z	SR2CUR	2108	meander	23131	A	T	core_destroyed	147
2026-08-11T20:21:46Z	SR2CUR	2109	meander	23131	B	T	core_destroyed	138
2026-08-11T20:21:48Z	SR2CUR	2110	nordkap	23131	A	C	core_destroyed	175
2026-08-11T20:21:50Z	SR2CUR	2111	nordkap	23131	B	C	core_destroyed	191
2026-08-11T20:21:51Z	SR2CUR	2112	antler	23132	A	C	core_destroyed	91
2026-08-11T20:21:53Z	SR2CUR	2113	antler	23132	B	C	core_destroyed	158
2026-08-11T20:21:54Z	SR2CUR	2114	atoll	23132	A	C	core_destroyed	185
2026-08-11T20:22:00Z	SR2CUR	2115	atoll	23132	B	C	tiebreak	1000
2026-08-11T20:22:03Z	SR2CUR	2116	drumlin	23132	A	T	core_destroyed	339
2026-08-11T20:22:05Z	SR2CUR	2117	drumlin	23132	B	C	core_destroyed	157
2026-08-11T20:22:07Z	SR2CUR	2118	fjordgate	23132	A	T	core_destroyed	477
2026-08-11T20:22:08Z	SR2CUR	2119	fjordgate	23132	B	T	core_destroyed	107
2026-08-11T20:22:14Z	SR2CUR	2120	heart	23132	A	C	core_destroyed	340
2026-08-11T20:22:19Z	SR2CUR	2121	heart	23132	B	C	core_destroyed	276
2026-08-11T20:22:21Z	SR2CUR	2122	hive	23132	A	T	core_destroyed	114
2026-08-11T20:22:23Z	SR2CUR	2123	hive	23132	B	C	core_destroyed	104
2026-08-11T20:22:25Z	SR2CUR	2124	meander	23132	A	T	core_destroyed	260
2026-08-11T20:22:26Z	SR2CUR	2125	meander	23132	B	C	core_destroyed	115
2026-08-11T20:22:29Z	SR2CUR	2126	nordkap	23132	A	T	core_destroyed	299
2026-08-11T20:22:31Z	SR2CUR	2127	nordkap	23132	B	C	core_destroyed	196
2026-08-11T20:22:33Z	SR2CUR	2128	antler	23133	A	T	core_destroyed	130
2026-08-11T20:22:35Z	SR2CUR	2129	antler	23133	B	C	tiebreak	1000
2026-08-11T20:22:37Z	SR2CUR	2130	atoll	23133	A	T	core_destroyed	432
2026-08-11T20:22:43Z	SR2CUR	2131	atoll	23133	B	T	core_destroyed	466
2026-08-11T20:22:47Z	SR2CUR	2132	drumlin	23133	A	T	core_destroyed	484
2026-08-11T20:22:49Z	SR2CUR	2133	drumlin	23133	B	T	core_destroyed	160
2026-08-11T20:22:50Z	SR2CUR	2134	fjordgate	23133	A	T	core_destroyed	153
2026-08-11T20:22:52Z	SR2CUR	2135	fjordgate	23133	B	T	core_destroyed	720
2026-08-11T20:22:59Z	SR2CUR	2136	heart	23133	A	T	core_destroyed	399
2026-08-11T20:23:04Z	SR2CUR	2137	heart	23133	B	C	core_destroyed	393
2026-08-11T20:23:06Z	SR2CUR	2138	hive	23133	A	C	core_destroyed	131
2026-08-11T20:23:10Z	SR2CUR	2139	hive	23133	B	C	core_destroyed	304
2026-08-11T20:23:12Z	SR2CUR	2140	meander	23133	A	C	core_destroyed	183
2026-08-11T20:23:15Z	SR2CUR	2141	meander	23133	B	T	core_destroyed	303
2026-08-11T20:23:17Z	SR2CUR	2142	nordkap	23133	A	T	core_destroyed	186
2026-08-11T20:23:18Z	SR2CUR	2143	nordkap	23133	B	C	core_destroyed	157
2026-08-11T20:23:20Z	SR2CUR	2144	antler	23134	A	C	core_destroyed	265
2026-08-11T20:23:22Z	SR2CUR	2145	antler	23134	B	C	core_destroyed	224
2026-08-11T20:23:24Z	SR2CUR	2146	atoll	23134	A	T	core_destroyed	337
2026-08-11T20:23:26Z	SR2CUR	2147	atoll	23134	B	T	core_destroyed	212
2026-08-11T20:23:30Z	SR2CUR	2148	drumlin	23134	A	C	core_destroyed	290
2026-08-11T20:23:31Z	SR2CUR	2149	drumlin	23134	B	C	core_destroyed	120
2026-08-11T20:23:34Z	SR2CUR	2150	fjordgate	23134	A	C	core_destroyed	440
2026-08-11T20:23:36Z	SR2CUR	2151	fjordgate	23134	B	T	core_destroyed	220
2026-08-11T20:23:43Z	SR2CUR	2152	heart	23134	A	T	core_destroyed	821
2026-08-11T20:23:47Z	SR2CUR	2153	heart	23134	B	T	core_destroyed	220
2026-08-11T20:23:50Z	SR2CUR	2154	hive	23134	A	C	core_destroyed	216
2026-08-11T20:23:54Z	SR2CUR	2155	hive	23134	B	T	core_destroyed	250
2026-08-11T20:23:56Z	SR2CUR	2156	meander	23134	A	C	core_destroyed	447
2026-08-11T20:23:58Z	SR2CUR	2157	meander	23134	B	C	core_destroyed	169
2026-08-11T20:24:02Z	SR2CUR	2158	nordkap	23134	A	T	core_destroyed	534
2026-08-11T20:24:03Z	SR2CUR	2159	nordkap	23134	B	C	core_destroyed	176
2026-08-11T20:24:06Z	SR2CUR	2160	antler	23135	A	C	core_destroyed	228
2026-08-11T20:24:08Z	SR2CUR	2161	antler	23135	B	C	core_destroyed	476
2026-08-11T20:24:09Z	SR2CUR	2162	atoll	23135	A	C	core_destroyed	183
2026-08-11T20:24:10Z	SR2CUR	2163	atoll	23135	B	T	core_destroyed	218
2026-08-11T20:24:13Z	SR2CUR	2164	drumlin	23135	A	C	core_destroyed	313
2026-08-11T20:24:19Z	SR2CUR	2165	drumlin	23135	B	C	core_destroyed	432
2026-08-11T20:24:20Z	SR2CUR	2166	fjordgate	23135	A	T	core_destroyed	289
2026-08-11T20:24:22Z	SR2CUR	2167	fjordgate	23135	B	C	core_destroyed	131
2026-08-11T20:24:24Z	SR2CUR	2168	heart	23135	A	T	core_destroyed	180
2026-08-11T20:24:27Z	SR2CUR	2169	heart	23135	B	T	core_destroyed	229
2026-08-11T20:24:30Z	SR2CUR	2170	hive	23135	A	T	core_destroyed	159
2026-08-11T20:24:36Z	SR2CUR	2171	hive	23135	B	T	core_destroyed	344
2026-08-11T20:24:37Z	SR2CUR	2172	meander	23135	A	C	core_destroyed	189
2026-08-11T20:24:39Z	SR2CUR	2173	meander	23135	B	C	core_destroyed	127
2026-08-11T20:24:40Z	SR2CUR	2174	nordkap	23135	A	T	core_destroyed	179
2026-08-11T20:24:42Z	SR2CUR	2175	nordkap	23135	B	C	core_destroyed	195
2026-08-11T20:24:45Z	SR2CUR	2176	antler	23136	A	T	tiebreak	1000
2026-08-11T20:24:47Z	SR2CUR	2177	antler	23136	B	C	core_destroyed	177
2026-08-11T20:24:50Z	SR2CUR	2178	atoll	23136	A	T	core_destroyed	544
2026-08-11T20:24:52Z	SR2CUR	2179	atoll	23136	B	C	core_destroyed	229
2026-08-11T20:24:53Z	SR2CUR	2180	drumlin	23136	A	T	core_destroyed	104
2026-08-11T20:24:56Z	SR2CUR	2181	drumlin	23136	B	C	core_destroyed	170
2026-08-11T20:24:57Z	SR2CUR	2182	fjordgate	23136	A	C	core_destroyed	274
2026-08-11T20:24:59Z	SR2CUR	2183	fjordgate	23136	B	T	core_destroyed	134
2026-08-11T20:25:01Z	SR2CUR	2184	heart	23136	A	T	core_destroyed	172
2026-08-11T20:25:07Z	SR2CUR	2185	heart	23136	B	T	core_destroyed	404
2026-08-11T20:25:09Z	SR2CUR	2186	hive	23136	A	T	core_destroyed	204
2026-08-11T20:25:13Z	SR2CUR	2187	hive	23136	B	T	core_destroyed	291
2026-08-11T20:25:15Z	SR2CUR	2188	meander	23136	A	T	core_destroyed	167
2026-08-11T20:25:17Z	SR2CUR	2189	meander	23136	B	T	core_destroyed	173
2026-08-11T20:25:18Z	SR2CUR	2190	nordkap	23136	A	T	core_destroyed	193
2026-08-11T20:25:20Z	SR2CUR	2191	nordkap	23136	B	T	core_destroyed	125
2026-08-11T20:25:22Z	SR2CUR	2192	antler	23137	A	T	core_destroyed	153
2026-08-11T20:25:23Z	SR2CUR	2193	antler	23137	B	C	core_destroyed	160
2026-08-11T20:25:25Z	SR2CUR	2194	atoll	23137	A	C	core_destroyed	204
2026-08-11T20:25:27Z	SR2CUR	2195	atoll	23137	B	C	core_destroyed	446
2026-08-11T20:25:34Z	SR2CUR	2196	drumlin	23137	A	T	tiebreak	1000
2026-08-11T20:25:36Z	SR2CUR	2197	drumlin	23137	B	T	core_destroyed	102
2026-08-11T20:25:37Z	SR2CUR	2198	fjordgate	23137	A	T	core_destroyed	145
2026-08-11T20:25:38Z	SR2CUR	2199	fjordgate	23137	B	T	core_destroyed	120
2026-08-11T20:25:41Z	SR2CUR	2200	heart	23137	A	T	core_destroyed	102
2026-08-11T20:25:46Z	SR2CUR	2201	heart	23137	B	C	core_destroyed	315
2026-08-11T20:25:48Z	SR2CUR	2202	hive	23137	A	T	core_destroyed	139
2026-08-11T20:25:51Z	SR2CUR	2203	hive	23137	B	T	core_destroyed	230
2026-08-11T20:25:53Z	SR2CUR	2204	meander	23137	A	C	core_destroyed	179
2026-08-11T20:25:56Z	SR2CUR	2205	meander	23137	B	C	core_destroyed	239
2026-08-11T20:26:01Z	SR2CUR	2206	nordkap	23137	A	T	core_destroyed	712
2026-08-11T20:26:05Z	SR2CUR	2207	nordkap	23137	B	T	core_destroyed	349
2026-08-11T20:26:07Z	SR2CUR	2208	antler	23138	A	C	core_destroyed	153
2026-08-11T20:26:08Z	SR2CUR	2209	antler	23138	B	T	core_destroyed	151
2026-08-11T20:26:10Z	SR2CUR	2210	atoll	23138	A	C	core_destroyed	137
2026-08-11T20:26:12Z	SR2CUR	2211	atoll	23138	B	T	core_destroyed	168
2026-08-11T20:26:13Z	SR2CUR	2212	drumlin	23138	A	C	core_destroyed	92
2026-08-11T20:26:20Z	SR2CUR	2213	drumlin	23138	B	T	core_destroyed	445
2026-08-11T20:26:21Z	SR2CUR	2214	fjordgate	23138	A	C	core_destroyed	287
2026-08-11T20:26:22Z	SR2CUR	2215	fjordgate	23138	B	C	core_destroyed	108
2026-08-11T20:26:24Z	SR2CUR	2216	heart	23138	A	T	core_destroyed	160
2026-08-11T20:26:26Z	SR2CUR	2217	heart	23138	B	C	core_destroyed	103
2026-08-11T20:26:28Z	SR2CUR	2218	hive	23138	A	T	core_destroyed	148
2026-08-11T20:26:30Z	SR2CUR	2219	hive	23138	B	T	core_destroyed	149
2026-08-11T20:26:32Z	SR2CUR	2220	meander	23138	A	T	core_destroyed	327
2026-08-11T20:26:34Z	SR2CUR	2221	meander	23138	B	C	core_destroyed	138
2026-08-11T20:26:35Z	SR2CUR	2222	nordkap	23138	A	T	core_destroyed	191
2026-08-11T20:26:38Z	SR2CUR	2223	nordkap	23138	B	T	core_destroyed	234
2026-08-11T20:26:40Z	SR2CUR	2224	antler	23139	A	T	core_destroyed	115
2026-08-11T20:26:42Z	SR2CUR	2225	antler	23139	B	C	core_destroyed	156
2026-08-11T20:26:46Z	SR2CUR	2226	atoll	23139	A	T	core_destroyed	370
2026-08-11T20:26:49Z	SR2CUR	2227	atoll	23139	B	C	core_destroyed	283
2026-08-11T20:26:51Z	SR2CUR	2228	drumlin	23139	A	C	core_destroyed	134
2026-08-11T20:26:52Z	SR2CUR	2229	drumlin	23139	B	T	core_destroyed	109
2026-08-11T20:26:54Z	SR2CUR	2230	fjordgate	23139	A	C	core_destroyed	150
2026-08-11T20:26:56Z	SR2CUR	2231	fjordgate	23139	B	C	core_destroyed	807
2026-08-11T20:26:59Z	SR2CUR	2232	heart	23139	A	T	core_destroyed	148
2026-08-11T20:27:04Z	SR2CUR	2233	heart	23139	B	T	core_destroyed	442
2026-08-11T20:27:06Z	SR2CUR	2234	hive	23139	A	T	core_destroyed	182
2026-08-11T20:27:09Z	SR2CUR	2235	hive	23139	B	C	core_destroyed	244
2026-08-11T20:27:11Z	SR2CUR	2236	meander	23139	A	C	core_destroyed	164
2026-08-11T20:27:12Z	SR2CUR	2237	meander	23139	B	C	core_destroyed	103
2026-08-11T20:27:15Z	SR2CUR	2238	nordkap	23139	A	T	core_destroyed	239
2026-08-11T20:27:18Z	SR2CUR	2239	nordkap	23139	B	C	core_destroyed	265
2026-08-11T20:27:20Z	SR2CUR	2240	antler	23140	A	C	core_destroyed	226
2026-08-11T20:27:23Z	SR2CUR	2241	antler	23140	B	C	core_destroyed	385
2026-08-11T20:27:26Z	SR2CUR	2242	atoll	23140	A	T	core_destroyed	369
2026-08-11T20:27:28Z	SR2CUR	2243	atoll	23140	B	C	core_destroyed	501
2026-08-11T20:27:29Z	SR2CUR	2244	drumlin	23140	A	T	core_destroyed	92
2026-08-11T20:27:32Z	SR2CUR	2245	drumlin	23140	B	C	core_destroyed	212
2026-08-11T20:27:34Z	SR2CUR	2246	fjordgate	23140	A	C	core_destroyed	209
2026-08-11T20:27:36Z	SR2CUR	2247	fjordgate	23140	B	C	core_destroyed	807
2026-08-11T20:27:41Z	SR2CUR	2248	heart	23140	A	C	tiebreak	1000
2026-08-11T20:27:43Z	SR2CUR	2249	heart	23140	B	C	core_destroyed	148
2026-08-11T20:27:47Z	SR2CUR	2250	hive	23140	A	C	core_destroyed	237
2026-08-11T20:27:54Z	SR2CUR	2251	hive	23140	B	T	core_destroyed	467
2026-08-11T20:27:56Z	SR2CUR	2252	meander	23140	A	T	core_destroyed	120
2026-08-11T20:27:57Z	SR2CUR	2253	meander	23140	B	C	core_destroyed	169
2026-08-11T20:28:02Z	SR2CUR	2254	nordkap	23140	A	T	core_destroyed	365
2026-08-11T20:28:04Z	SR2CUR	2255	nordkap	23140	B	T	core_destroyed	304
2026-08-11T20:28:06Z	SR2CUR	2256	antler	23141	A	C	core_destroyed	185
2026-08-11T20:28:08Z	SR2CUR	2257	antler	23141	B	C	core_destroyed	186
2026-08-11T20:28:11Z	SR2CUR	2258	atoll	23141	A	C	core_destroyed	221
2026-08-11T20:28:14Z	SR2CUR	2259	atoll	23141	B	C	core_destroyed	257
2026-08-11T20:28:19Z	SR2CUR	2260	drumlin	23141	A	C	core_destroyed	323
2026-08-11T20:28:22Z	SR2CUR	2261	drumlin	23141	B	T	core_destroyed	180
2026-08-11T20:28:24Z	SR2CUR	2262	fjordgate	23141	A	T	core_destroyed	545
2026-08-11T20:28:25Z	SR2CUR	2263	fjordgate	23141	B	T	core_destroyed	189
2026-08-11T20:28:30Z	SR2CUR	2264	heart	23141	A	C	core_destroyed	514
2026-08-11T20:28:35Z	SR2CUR	2265	heart	23141	B	T	core_destroyed	347
2026-08-11T20:28:37Z	SR2CUR	2266	hive	23141	A	T	core_destroyed	163
2026-08-11T20:28:40Z	SR2CUR	2267	hive	23141	B	T	core_destroyed	221
2026-08-11T20:28:42Z	SR2CUR	2268	meander	23141	A	C	core_destroyed	190
2026-08-11T20:28:44Z	SR2CUR	2269	meander	23141	B	C	core_destroyed	169
2026-08-11T20:28:45Z	SR2CUR	2270	nordkap	23141	A	T	core_destroyed	116
2026-08-11T20:28:48Z	SR2CUR	2271	nordkap	23141	B	T	core_destroyed	284
2026-08-11T20:28:50Z	SR2CUR	2272	antler	23142	A	C	core_destroyed	182
2026-08-11T20:28:52Z	SR2CUR	2273	antler	23142	B	T	core_destroyed	182
2026-08-11T20:28:54Z	SR2CUR	2274	atoll	23142	A	C	core_destroyed	199
2026-08-11T20:28:56Z	SR2CUR	2275	atoll	23142	B	C	core_destroyed	163
2026-08-11T20:28:58Z	SR2CUR	2276	drumlin	23142	A	T	core_destroyed	125
2026-08-11T20:29:01Z	SR2CUR	2277	drumlin	23142	B	T	core_destroyed	280
2026-08-11T20:29:03Z	SR2CUR	2278	fjordgate	23142	A	C	core_destroyed	175
2026-08-11T20:29:05Z	SR2CUR	2279	fjordgate	23142	B	T	core_destroyed	206
2026-08-11T20:29:07Z	SR2CUR	2280	heart	23142	A	C	core_destroyed	131
2026-08-11T20:29:11Z	SR2CUR	2281	heart	23142	B	C	core_destroyed	202
2026-08-11T20:29:16Z	SR2CUR	2282	hive	23142	A	T	core_destroyed	359
2026-08-11T20:29:19Z	SR2CUR	2283	hive	23142	B	C	core_destroyed	162
2026-08-11T20:29:20Z	SR2CUR	2284	meander	23142	A	C	core_destroyed	130
2026-08-11T20:29:23Z	SR2CUR	2285	meander	23142	B	C	core_destroyed	200
2026-08-11T20:29:24Z	SR2CUR	2286	nordkap	23142	A	T	core_destroyed	161
2026-08-11T20:29:26Z	SR2CUR	2287	nordkap	23142	B	C	core_destroyed	152
2026-08-11T20:29:30Z	SR2CUR	2288	antler	23143	A	C	tiebreak	1000
2026-08-11T20:29:32Z	SR2CUR	2289	antler	23143	B	C	core_destroyed	358
2026-08-11T20:29:36Z	SR2CUR	2290	atoll	23143	A	T	core_destroyed	381
2026-08-11T20:29:41Z	SR2CUR	2291	atoll	23143	B	T	core_destroyed	417
2026-08-11T20:29:42Z	SR2CUR	2292	drumlin	23143	A	T	core_destroyed	155
2026-08-11T20:29:48Z	SR2CUR	2293	drumlin	23143	B	T	core_destroyed	415
2026-08-11T20:29:49Z	SR2CUR	2294	fjordgate	23143	A	T	core_destroyed	110
2026-08-11T20:29:51Z	SR2CUR	2295	fjordgate	23143	B	T	core_destroyed	180
2026-08-11T20:29:53Z	SR2CUR	2296	heart	23143	A	T	core_destroyed	128
2026-08-11T20:29:55Z	SR2CUR	2297	heart	23143	B	C	core_destroyed	158
2026-08-11T20:29:58Z	SR2CUR	2298	hive	23143	A	C	core_destroyed	190
2026-08-11T20:30:04Z	SR2CUR	2299	hive	23143	B	T	core_destroyed	362
2026-08-11T20:30:06Z	SR2CUR	2300	meander	23143	A	C	core_destroyed	147
2026-08-11T20:30:10Z	SR2CUR	2301	meander	23143	B	C	tiebreak	1000
2026-08-11T20:30:13Z	SR2CUR	2302	nordkap	23143	A	C	core_destroyed	261
2026-08-11T20:30:16Z	SR2CUR	2303	nordkap	23143	B	T	core_destroyed	277
2026-08-11T20:30:20Z	SR2CUR	2304	antler	23144	A	T	core_destroyed	268
2026-08-11T20:30:25Z	SR2CUR	2305	antler	23144	B	C	core_destroyed	510
2026-08-11T20:30:28Z	SR2CUR	2306	atoll	23144	A	T	core_destroyed	389
2026-08-11T20:30:30Z	SR2CUR	2307	atoll	23144	B	T	core_destroyed	116
2026-08-11T20:30:32Z	SR2CUR	2308	drumlin	23144	A	C	core_destroyed	123
2026-08-11T20:30:34Z	SR2CUR	2309	drumlin	23144	B	T	core_destroyed	140
2026-08-11T20:30:36Z	SR2CUR	2310	fjordgate	23144	A	T	core_destroyed	187
2026-08-11T20:30:37Z	SR2CUR	2311	fjordgate	23144	B	T	core_destroyed	148
2026-08-11T20:30:44Z	SR2CUR	2312	heart	23144	A	T	core_destroyed	443
2026-08-11T20:30:49Z	SR2CUR	2313	heart	23144	B	T	core_destroyed	313
2026-08-11T20:30:52Z	SR2CUR	2314	hive	23144	A	C	core_destroyed	169
2026-08-11T20:30:57Z	SR2CUR	2315	hive	23144	B	T	core_destroyed	296
2026-08-11T20:31:00Z	SR2CUR	2316	meander	23144	A	T	core_destroyed	227
2026-08-11T20:31:01Z	SR2CUR	2317	meander	23144	B	T	core_destroyed	127
2026-08-11T20:31:04Z	SR2CUR	2318	nordkap	23144	A	C	core_destroyed	204
2026-08-11T20:31:06Z	SR2CUR	2319	nordkap	23144	B	C	core_destroyed	142
2026-08-11T20:31:07Z	SR2CUR	2320	antler	23145	A	T	core_destroyed	95
2026-08-11T20:31:09Z	SR2CUR	2321	antler	23145	B	C	core_destroyed	192
2026-08-11T20:31:11Z	SR2CUR	2322	atoll	23145	A	T	core_destroyed	141
2026-08-11T20:31:13Z	SR2CUR	2323	atoll	23145	B	T	core_destroyed	115
2026-08-11T20:31:17Z	SR2CUR	2324	drumlin	23145	A	T	core_destroyed	363
2026-08-11T20:31:23Z	SR2CUR	2325	drumlin	23145	B	T	core_destroyed	429
2026-08-11T20:31:25Z	SR2CUR	2326	fjordgate	23145	A	C	core_destroyed	176
2026-08-11T20:31:26Z	SR2CUR	2327	fjordgate	23145	B	T	core_destroyed	146
2026-08-11T20:31:28Z	SR2CUR	2328	heart	23145	A	T	core_destroyed	124
2026-08-11T20:31:34Z	SR2CUR	2329	heart	23145	B	C	core_destroyed	275
2026-08-11T20:31:39Z	SR2CUR	2330	hive	23145	A	C	core_destroyed	259
2026-08-11T20:31:42Z	SR2CUR	2331	hive	23145	B	C	core_destroyed	255
2026-08-11T20:31:44Z	SR2CUR	2332	meander	23145	A	T	core_destroyed	150
2026-08-11T20:31:46Z	SR2CUR	2333	meander	23145	B	C	core_destroyed	201
2026-08-11T20:31:49Z	SR2CUR	2334	nordkap	23145	A	T	core_destroyed	282
2026-08-11T20:31:51Z	SR2CUR	2335	nordkap	23145	B	C	core_destroyed	243
2026-08-11T20:31:53Z	SR2CUR	2336	antler	23146	A	C	core_destroyed	193
2026-08-11T20:31:58Z	SR2CUR	2337	antler	23146	B	C	core_destroyed	438
2026-08-11T20:32:00Z	SR2CUR	2338	atoll	23146	A	T	core_destroyed	164
2026-08-11T20:32:02Z	SR2CUR	2339	atoll	23146	B	T	core_destroyed	150
2026-08-11T20:32:06Z	SR2CUR	2340	drumlin	23146	A	T	core_destroyed	566
2026-08-11T20:32:07Z	SR2CUR	2341	drumlin	23146	B	C	core_destroyed	121
2026-08-11T20:32:09Z	SR2CUR	2342	fjordgate	23146	A	T	core_destroyed	156
2026-08-11T20:32:11Z	SR2CUR	2343	fjordgate	23146	B	C	core_destroyed	226
2026-08-11T20:32:15Z	SR2CUR	2344	heart	23146	A	T	core_destroyed	299
2026-08-11T20:32:18Z	SR2CUR	2345	heart	23146	B	C	core_destroyed	162
2026-08-11T20:32:20Z	SR2CUR	2346	hive	23146	A	T	core_destroyed	129
2026-08-11T20:32:23Z	SR2CUR	2347	hive	23146	B	T	core_destroyed	162
2026-08-11T20:32:24Z	SR2CUR	2348	meander	23146	A	C	core_destroyed	126
2026-08-11T20:32:26Z	SR2CUR	2349	meander	23146	B	C	core_destroyed	368
2026-08-11T20:32:28Z	SR2CUR	2350	nordkap	23146	A	C	core_destroyed	228
2026-08-11T20:32:32Z	SR2CUR	2351	nordkap	23146	B	C	core_destroyed	305
2026-08-11T20:32:34Z	SR2CUR	2352	antler	23147	A	T	core_destroyed	194
2026-08-11T20:32:36Z	SR2CUR	2353	antler	23147	B	C	core_destroyed	208
2026-08-11T20:32:38Z	SR2CUR	2354	atoll	23147	A	C	core_destroyed	177
2026-08-11T20:32:42Z	SR2CUR	2355	atoll	23147	B	T	core_destroyed	344
2026-08-11T20:32:44Z	SR2CUR	2356	drumlin	23147	A	T	core_destroyed	101
2026-08-11T20:32:46Z	SR2CUR	2357	drumlin	23147	B	C	core_destroyed	155
2026-08-11T20:32:47Z	SR2CUR	2358	fjordgate	23147	A	C	core_destroyed	207
2026-08-11T20:32:49Z	SR2CUR	2359	fjordgate	23147	B	T	core_destroyed	208
2026-08-11T20:32:51Z	SR2CUR	2360	heart	23147	A	T	core_destroyed	112
2026-08-11T20:32:55Z	SR2CUR	2361	heart	23147	B	T	core_destroyed	245
2026-08-11T20:32:57Z	SR2CUR	2362	hive	23147	A	C	core_destroyed	132
2026-08-11T20:33:10Z	SR2CUR	2363	hive	23147	B	T	tiebreak	1000
2026-08-11T20:33:12Z	SR2CUR	2364	meander	23147	A	C	core_destroyed	180
2026-08-11T20:33:14Z	SR2CUR	2365	meander	23147	B	C	core_destroyed	184
2026-08-11T20:33:16Z	SR2CUR	2366	nordkap	23147	A	T	core_destroyed	334
2026-08-11T20:33:20Z	SR2CUR	2367	nordkap	23147	B	C	core_destroyed	423
2026-08-11T20:33:22Z	SR2CUR	2368	antler	23148	A	T	core_destroyed	169
2026-08-11T20:33:24Z	SR2CUR	2369	antler	23148	B	T	core_destroyed	245
2026-08-11T20:33:32Z	SR2CUR	2370	atoll	23148	A	T	core_destroyed	937
2026-08-11T20:33:34Z	SR2CUR	2371	atoll	23148	B	T	core_destroyed	229
2026-08-11T20:33:36Z	SR2CUR	2372	drumlin	23148	A	T	core_destroyed	141
2026-08-11T20:33:38Z	SR2CUR	2373	drumlin	23148	B	C	core_destroyed	149
2026-08-11T20:33:40Z	SR2CUR	2374	fjordgate	23148	A	T	core_destroyed	276
2026-08-11T20:33:42Z	SR2CUR	2375	fjordgate	23148	B	C	core_destroyed	132
2026-08-11T20:33:44Z	SR2CUR	2376	heart	23148	A	T	core_destroyed	131
2026-08-11T20:33:48Z	SR2CUR	2377	heart	23148	B	T	core_destroyed	367
2026-08-11T20:33:51Z	SR2CUR	2378	hive	23148	A	C	tiebreak	244
2026-08-11T20:33:58Z	SR2CUR	2379	hive	23148	B	C	core_destroyed	420
2026-08-11T20:33:59Z	SR2CUR	2380	meander	23148	A	T	core_destroyed	139
2026-08-11T20:34:01Z	SR2CUR	2381	meander	23148	B	C	core_destroyed	193
2026-08-11T20:34:02Z	SR2CUR	2382	nordkap	23148	A	T	core_destroyed	141
2026-08-11T20:34:04Z	SR2CUR	2383	nordkap	23148	B	T	core_destroyed	225
2026-08-11T20:34:07Z	SR2CUR	2384	antler	23149	A	C	core_destroyed	313
2026-08-11T20:34:09Z	SR2CUR	2385	antler	23149	B	T	core_destroyed	182
2026-08-11T20:34:12Z	SR2CUR	2386	atoll	23149	A	C	tiebreak	1000
2026-08-11T20:34:14Z	SR2CUR	2387	atoll	23149	B	C	core_destroyed	157
2026-08-11T20:34:17Z	SR2CUR	2388	drumlin	23149	A	C	core_destroyed	186
2026-08-11T20:34:19Z	SR2CUR	2389	drumlin	23149	B	T	core_destroyed	161
2026-08-11T20:34:21Z	SR2CUR	2390	fjordgate	23149	A	T	core_destroyed	354
2026-08-11T20:34:23Z	SR2CUR	2391	fjordgate	23149	B	C	core_destroyed	132
2026-08-11T20:34:28Z	SR2CUR	2392	heart	23149	A	C	core_destroyed	464
2026-08-11T20:34:32Z	SR2CUR	2393	heart	23149	B	T	tiebreak	1000
2026-08-11T20:34:37Z	SR2CUR	2394	hive	23149	A	C	core_destroyed	288
2026-08-11T20:34:39Z	SR2CUR	2395	hive	23149	B	T	core_destroyed	128
2026-08-11T20:34:41Z	SR2CUR	2396	meander	23149	A	T	core_destroyed	184
2026-08-11T20:34:42Z	SR2CUR	2397	meander	23149	B	T	core_destroyed	143
2026-08-11T20:34:46Z	SR2CUR	2398	nordkap	23149	A	T	core_destroyed	473
2026-08-11T20:34:49Z	SR2CUR	2399	nordkap	23149	B	T	core_destroyed	291
2026-08-11T20:34:51Z	SR2CUR	2400	antler	23150	A	T	core_destroyed	162
2026-08-11T20:34:53Z	SR2CUR	2401	antler	23150	B	C	core_destroyed	180
2026-08-11T20:34:55Z	SR2CUR	2402	atoll	23150	A	C	core_destroyed	164
2026-08-11T20:34:56Z	SR2CUR	2403	atoll	23150	B	T	core_destroyed	98
2026-08-11T20:34:58Z	SR2CUR	2404	drumlin	23150	A	T	core_destroyed	165
2026-08-11T20:35:01Z	SR2CUR	2405	drumlin	23150	B	T	core_destroyed	144
2026-08-11T20:35:05Z	SR2CUR	2406	fjordgate	23150	A	C	core_destroyed	949
2026-08-11T20:35:06Z	SR2CUR	2407	fjordgate	23150	B	C	core_destroyed	174
2026-08-11T20:35:29Z	SR2CUR	2408	heart	23150	A	C	tiebreak	1000
2026-08-11T20:35:31Z	SR2CUR	2409	heart	23150	B	T	core_destroyed	147
2026-08-11T20:35:36Z	SR2CUR	2410	hive	23150	A	T	core_destroyed	358
2026-08-11T20:35:38Z	SR2CUR	2411	hive	23150	B	C	core_destroyed	122
2026-08-11T20:35:40Z	SR2CUR	2412	meander	23150	A	C	core_destroyed	251
2026-08-11T20:35:42Z	SR2CUR	2413	meander	23150	B	C	core_destroyed	147
2026-08-11T20:35:44Z	SR2CUR	2414	nordkap	23150	A	C	core_destroyed	168
2026-08-11T20:35:47Z	SR2CUR	2415	nordkap	23150	B	T	core_destroyed	267
2026-08-11T20:35:50Z	SR2CUR	2416	antler	23151	A	T	core_destroyed	420
2026-08-11T20:35:58Z	SR2CUR	2417	antler	23151	B	T	tiebreak	1000
2026-08-11T20:36:00Z	SR2CUR	2418	atoll	23151	A	T	core_destroyed	286
2026-08-11T20:36:02Z	SR2CUR	2419	atoll	23151	B	T	core_destroyed	118
2026-08-11T20:36:06Z	SR2CUR	2420	drumlin	23151	A	C	core_destroyed	314
2026-08-11T20:36:08Z	SR2CUR	2421	drumlin	23151	B	C	core_destroyed	196
2026-08-11T20:36:10Z	SR2CUR	2422	fjordgate	23151	A	C	core_destroyed	90
2026-08-11T20:36:11Z	SR2CUR	2423	fjordgate	23151	B	C	core_destroyed	167
2026-08-11T20:36:14Z	SR2CUR	2424	heart	23151	A	C	core_destroyed	152
2026-08-11T20:36:16Z	SR2CUR	2425	heart	23151	B	C	core_destroyed	196
2026-08-11T20:36:20Z	SR2CUR	2426	hive	23151	A	T	core_destroyed	251
2026-08-11T20:36:24Z	SR2CUR	2427	hive	23151	B	T	core_destroyed	210
2026-08-11T20:36:25Z	SR2CUR	2428	meander	23151	A	C	core_destroyed	159
2026-08-11T20:36:27Z	SR2CUR	2429	meander	23151	B	T	core_destroyed	176
2026-08-11T20:36:30Z	SR2CUR	2430	nordkap	23151	A	T	core_destroyed	205
2026-08-11T20:36:32Z	SR2CUR	2431	nordkap	23151	B	C	core_destroyed	253
2026-08-11T20:36:36Z	SR2CUR	2432	antler	23152	A	C	core_destroyed	365
2026-08-11T20:36:39Z	SR2CUR	2433	antler	23152	B	C	core_destroyed	154
2026-08-11T20:36:42Z	SR2CUR	2434	atoll	23152	A	C	core_destroyed	265
2026-08-11T20:36:46Z	SR2CUR	2435	atoll	23152	B	C	core_destroyed	384
2026-08-11T20:36:48Z	SR2CUR	2436	drumlin	23152	A	T	core_destroyed	167
2026-08-11T20:36:53Z	SR2CUR	2437	drumlin	23152	B	C	core_destroyed	302
2026-08-11T20:36:54Z	SR2CUR	2438	fjordgate	23152	A	T	core_destroyed	206
2026-08-11T20:36:56Z	SR2CUR	2439	fjordgate	23152	B	T	core_destroyed	136
2026-08-11T20:36:58Z	SR2CUR	2440	heart	23152	A	T	core_destroyed	155
2026-08-11T20:37:00Z	SR2CUR	2441	heart	23152	B	T	core_destroyed	169
2026-08-11T20:37:03Z	SR2CUR	2442	hive	23152	A	C	core_destroyed	171
2026-08-11T20:37:17Z	SR2CUR	2443	hive	23152	B	T	tiebreak	1000
2026-08-11T20:37:19Z	SR2CUR	2444	meander	23152	A	T	core_destroyed	227
2026-08-11T20:37:21Z	SR2CUR	2445	meander	23152	B	C	core_destroyed	237
2026-08-11T20:37:23Z	SR2CUR	2446	nordkap	23152	A	T	core_destroyed	132
2026-08-11T20:37:25Z	SR2CUR	2447	nordkap	23152	B	C	core_destroyed	181
2026-08-11T20:37:27Z	SR2CUR	2448	antler	23153	A	C	core_destroyed	218
2026-08-11T20:37:29Z	SR2CUR	2449	antler	23153	B	C	core_destroyed	125
2026-08-11T20:37:33Z	SR2CUR	2450	atoll	23153	A	T	core_destroyed	557
2026-08-11T20:37:38Z	SR2CUR	2451	atoll	23153	B	T	core_destroyed	485
2026-08-11T20:37:40Z	SR2CUR	2452	drumlin	23153	A	T	core_destroyed	115
2026-08-11T20:37:42Z	SR2CUR	2453	drumlin	23153	B	C	core_destroyed	225
2026-08-11T20:37:44Z	SR2CUR	2454	fjordgate	23153	A	T	core_destroyed	147
2026-08-11T20:37:45Z	SR2CUR	2455	fjordgate	23153	B	C	core_destroyed	201
2026-08-11T20:37:48Z	SR2CUR	2456	heart	23153	A	T	core_destroyed	124
2026-08-11T20:37:50Z	SR2CUR	2457	heart	23153	B	C	core_destroyed	169
2026-08-11T20:37:54Z	SR2CUR	2458	hive	23153	A	C	core_destroyed	207
2026-08-11T20:37:57Z	SR2CUR	2459	hive	23153	B	T	core_destroyed	214
2026-08-11T20:37:59Z	SR2CUR	2460	meander	23153	A	T	core_destroyed	150
2026-08-11T20:38:01Z	SR2CUR	2461	meander	23153	B	C	core_destroyed	172
2026-08-11T20:38:03Z	SR2CUR	2462	nordkap	23153	A	C	core_destroyed	203
2026-08-11T20:38:06Z	SR2CUR	2463	nordkap	23153	B	T	core_destroyed	426
2026-08-11T20:38:08Z	SR2CUR	2464	antler	23154	A	T	core_destroyed	135
2026-08-11T20:38:10Z	SR2CUR	2465	antler	23154	B	T	core_destroyed	174
2026-08-11T20:38:14Z	SR2CUR	2466	atoll	23154	A	C	core_destroyed	327
2026-08-11T20:38:15Z	SR2CUR	2467	atoll	23154	B	C	core_destroyed	128
2026-08-11T20:38:17Z	SR2CUR	2468	drumlin	23154	A	T	core_destroyed	268
2026-08-11T20:38:23Z	SR2CUR	2469	drumlin	23154	B	C	core_destroyed	480
2026-08-11T20:38:25Z	SR2CUR	2470	fjordgate	23154	A	T	core_destroyed	136
2026-08-11T20:38:26Z	SR2CUR	2471	fjordgate	23154	B	T	core_destroyed	123
2026-08-11T20:38:28Z	SR2CUR	2472	heart	23154	A	T	core_destroyed	185
2026-08-11T20:38:36Z	SR2CUR	2473	heart	23154	B	C	tiebreak	1000
2026-08-11T20:38:39Z	SR2CUR	2474	hive	23154	A	T	core_destroyed	145
2026-08-11T20:38:44Z	SR2CUR	2475	hive	23154	B	C	core_destroyed	321
2026-08-11T20:38:45Z	SR2CUR	2476	meander	23154	A	T	core_destroyed	134
2026-08-11T20:38:47Z	SR2CUR	2477	meander	23154	B	T	core_destroyed	225
2026-08-11T20:38:49Z	SR2CUR	2478	nordkap	23154	A	T	core_destroyed	241
2026-08-11T20:38:51Z	SR2CUR	2479	nordkap	23154	B	C	core_destroyed	189
2026-08-11T20:38:54Z	SR2CUR	2480	antler	23155	A	T	core_destroyed	275
2026-08-11T20:38:57Z	SR2CUR	2481	antler	23155	B	C	core_destroyed	204
2026-08-11T20:38:58Z	SR2CUR	2482	atoll	23155	A	T	core_destroyed	116
2026-08-11T20:38:59Z	SR2CUR	2483	atoll	23155	B	T	core_destroyed	119
2026-08-11T20:39:01Z	SR2CUR	2484	drumlin	23155	A	T	core_destroyed	106
2026-08-11T20:39:04Z	SR2CUR	2485	drumlin	23155	B	T	core_destroyed	323
2026-08-11T20:39:05Z	SR2CUR	2486	fjordgate	23155	A	C	core_destroyed	174
2026-08-11T20:39:07Z	SR2CUR	2487	fjordgate	23155	B	T	core_destroyed	182
2026-08-11T20:39:09Z	SR2CUR	2488	heart	23155	A	T	core_destroyed	133
2026-08-11T20:39:13Z	SR2CUR	2489	heart	23155	B	C	core_destroyed	176
2026-08-11T20:39:18Z	SR2CUR	2490	hive	23155	A	T	core_destroyed	427
2026-08-11T20:39:24Z	SR2CUR	2491	hive	23155	B	C	core_destroyed	391
2026-08-11T20:39:25Z	SR2CUR	2492	meander	23155	A	T	core_destroyed	103
2026-08-11T20:39:29Z	SR2CUR	2493	meander	23155	B	C	tiebreak	1000
2026-08-11T20:39:31Z	SR2CUR	2494	nordkap	23155	A	T	core_destroyed	176
2026-08-11T20:39:34Z	SR2CUR	2495	nordkap	23155	B	C	core_destroyed	288
2026-08-11T20:39:38Z	SR2CUR	2496	antler	23156	A	C	core_destroyed	311
2026-08-11T20:39:40Z	SR2CUR	2497	antler	23156	B	C	core_destroyed	134
2026-08-11T20:39:41Z	SR2CUR	2498	atoll	23156	A	C	core_destroyed	114
2026-08-11T20:39:44Z	SR2CUR	2499	atoll	23156	B	C	core_destroyed	329
2026-08-11T20:39:47Z	SR2CUR	2500	drumlin	23156	A	T	core_destroyed	240
2026-08-11T20:39:52Z	SR2CUR	2501	drumlin	23156	B	T	core_destroyed	393
2026-08-11T20:39:53Z	SR2CUR	2502	fjordgate	23156	A	T	core_destroyed	150
2026-08-11T20:39:55Z	SR2CUR	2503	fjordgate	23156	B	T	core_destroyed	131
2026-08-11T20:39:57Z	SR2CUR	2504	heart	23156	A	C	core_destroyed	137
2026-08-11T20:40:00Z	SR2CUR	2505	heart	23156	B	T	core_destroyed	174
2026-08-11T20:40:04Z	SR2CUR	2506	hive	23156	A	T	core_destroyed	275
2026-08-11T20:40:11Z	SR2CUR	2507	hive	23156	B	C	core_destroyed	427
2026-08-11T20:40:14Z	SR2CUR	2508	meander	23156	A	T	core_destroyed	269
2026-08-11T20:40:17Z	SR2CUR	2509	meander	23156	B	C	core_destroyed	287
2026-08-11T20:40:18Z	SR2CUR	2510	nordkap	23156	A	C	core_destroyed	170
2026-08-11T20:40:20Z	SR2CUR	2511	nordkap	23156	B	C	core_destroyed	226
2026-08-11T20:40:22Z	SR2CUR	2512	antler	23157	A	C	core_destroyed	271
2026-08-11T20:40:24Z	SR2CUR	2513	antler	23157	B	C	core_destroyed	241
2026-08-11T20:40:27Z	SR2CUR	2514	atoll	23157	A	C	core_destroyed	312
2026-08-11T20:40:35Z	SR2CUR	2515	atoll	23157	B	C	core_destroyed	837
2026-08-11T20:40:38Z	SR2CUR	2516	drumlin	23157	A	C	core_destroyed	194
2026-08-11T20:40:40Z	SR2CUR	2517	drumlin	23157	B	T	core_destroyed	136
2026-08-11T20:40:42Z	SR2CUR	2518	fjordgate	23157	A	T	core_destroyed	202
2026-08-11T20:40:43Z	SR2CUR	2519	fjordgate	23157	B	T	core_destroyed	125
2026-08-11T20:40:46Z	SR2CUR	2520	heart	23157	A	C	core_destroyed	236
2026-08-11T20:40:50Z	SR2CUR	2521	heart	23157	B	C	core_destroyed	177
2026-08-11T20:40:52Z	SR2CUR	2522	hive	23157	A	C	core_destroyed	190
2026-08-11T20:40:54Z	SR2CUR	2523	hive	23157	B	C	core_destroyed	231
2026-08-11T20:40:58Z	SR2CUR	2524	meander	23157	A	T	tiebreak	1000
2026-08-11T20:41:00Z	SR2CUR	2525	meander	23157	B	C	core_destroyed	122
2026-08-11T20:41:02Z	SR2CUR	2526	nordkap	23157	A	C	core_destroyed	174
2026-08-11T20:41:04Z	SR2CUR	2527	nordkap	23157	B	T	core_destroyed	162
2026-08-11T20:41:06Z	SR2CUR	2528	antler	23158	A	C	core_destroyed	226
2026-08-11T20:41:08Z	SR2CUR	2529	antler	23158	B	C	core_destroyed	224
2026-08-11T20:41:12Z	SR2CUR	2530	atoll	23158	A	C	core_destroyed	350
2026-08-11T20:41:16Z	SR2CUR	2531	atoll	23158	B	T	core_destroyed	574
2026-08-11T20:43:56Z	SR2CUR	2532	drumlin	23158	A	C	core_destroyed	482
2026-08-11T20:43:59Z	SR2CUR	2533	drumlin	23158	B	T	core_destroyed	201
2026-08-11T20:44:01Z	SR2CUR	2534	fjordgate	23158	A	T	core_destroyed	136
2026-08-11T20:44:02Z	SR2CUR	2535	fjordgate	23158	B	C	core_destroyed	155
2026-08-11T20:44:05Z	SR2CUR	2536	heart	23158	A	T	core_destroyed	186
2026-08-11T20:44:17Z	SR2CUR	2537	heart	23158	B	T	tiebreak	1000
2026-08-11T20:44:21Z	SR2CUR	2538	hive	23158	A	C	core_destroyed	303
2026-08-11T20:44:25Z	SR2CUR	2539	hive	23158	B	T	core_destroyed	251
2026-08-11T20:44:28Z	SR2CUR	2540	meander	23158	A	T	core_destroyed	220
2026-08-11T20:44:30Z	SR2CUR	2541	meander	23158	B	C	core_destroyed	260
2026-08-11T20:44:31Z	SR2CUR	2542	nordkap	23158	A	T	core_destroyed	209
2026-08-11T20:44:33Z	SR2CUR	2543	nordkap	23158	B	C	core_destroyed	190
2026-08-11T20:44:35Z	SR2CUR	2544	antler	23159	A	T	core_destroyed	206
2026-08-11T20:44:37Z	SR2CUR	2545	antler	23159	B	C	core_destroyed	231
2026-08-11T20:44:41Z	SR2CUR	2546	atoll	23159	A	T	core_destroyed	341
2026-08-11T20:44:44Z	SR2CUR	2547	atoll	23159	B	C	core_destroyed	249
2026-08-11T20:44:46Z	SR2CUR	2548	drumlin	23159	A	T	core_destroyed	151
2026-08-11T20:44:48Z	SR2CUR	2549	drumlin	23159	B	C	core_destroyed	136
2026-08-11T20:44:49Z	SR2CUR	2550	fjordgate	23159	A	C	core_destroyed	172
2026-08-11T20:44:50Z	SR2CUR	2551	fjordgate	23159	B	T	core_destroyed	148
2026-08-11T20:44:52Z	SR2CUR	2552	heart	23159	A	C	core_destroyed	150
2026-08-11T20:44:59Z	SR2CUR	2553	heart	23159	B	C	core_destroyed	389
2026-08-11T20:45:05Z	SR2CUR	2554	hive	23159	A	C	core_destroyed	455
2026-08-11T20:45:09Z	SR2CUR	2555	hive	23159	B	C	core_destroyed	227
2026-08-11T20:45:11Z	SR2CUR	2556	meander	23159	A	T	core_destroyed	192
2026-08-11T20:45:12Z	SR2CUR	2557	meander	23159	B	C	core_destroyed	139
2026-08-11T20:45:13Z	SR2CUR	2558	nordkap	23159	A	T	core_destroyed	158
2026-08-11T20:45:15Z	SR2CUR	2559	nordkap	23159	B	C	core_destroyed	180
2026-08-11T20:45:17Z	SR2CUR	2560	antler	23160	A	C	core_destroyed	170
2026-08-11T20:45:19Z	SR2CUR	2561	antler	23160	B	C	core_destroyed	193
2026-08-11T20:45:22Z	SR2CUR	2562	atoll	23160	A	T	tiebreak	1000
2026-08-11T20:45:24Z	SR2CUR	2563	atoll	23160	B	T	core_destroyed	160
2026-08-11T20:45:30Z	SR2CUR	2564	drumlin	23160	A	C	core_destroyed	384
2026-08-11T20:45:32Z	SR2CUR	2565	drumlin	23160	B	C	core_destroyed	189
2026-08-11T20:45:34Z	SR2CUR	2566	fjordgate	23160	A	C	core_destroyed	134
2026-08-11T20:45:35Z	SR2CUR	2567	fjordgate	23160	B	T	core_destroyed	182
2026-08-11T20:45:38Z	SR2CUR	2568	heart	23160	A	T	core_destroyed	150
2026-08-11T20:45:42Z	SR2CUR	2569	heart	23160	B	C	core_destroyed	293
2026-08-11T20:45:44Z	SR2CUR	2570	hive	23160	A	T	core_destroyed	184
2026-08-11T20:45:51Z	SR2CUR	2571	hive	23160	B	C	core_destroyed	457
2026-08-11T20:45:55Z	SR2CUR	2572	meander	23160	A	C	core_destroyed	343
2026-08-11T20:45:56Z	SR2CUR	2573	meander	23160	B	T	core_destroyed	106
2026-08-11T20:45:58Z	SR2CUR	2574	nordkap	23160	A	C	core_destroyed	185
2026-08-11T20:45:59Z	SR2CUR	2575	nordkap	23160	B	C	core_destroyed	159
2026-08-11T20:46:01Z	SR2CUR	2576	antler	23161	A	T	core_destroyed	144
2026-08-11T20:46:04Z	SR2CUR	2577	antler	23161	B	T	core_destroyed	330
2026-08-11T20:46:11Z	SR2CUR	2578	atoll	23161	A	C	tiebreak	1000
2026-08-11T20:46:12Z	SR2CUR	2579	atoll	23161	B	C	core_destroyed	519
2026-08-11T20:46:15Z	SR2CUR	2580	drumlin	23161	A	T	core_destroyed	157
2026-08-11T20:46:16Z	SR2CUR	2581	drumlin	23161	B	C	core_destroyed	114
2026-08-11T20:46:18Z	SR2CUR	2582	fjordgate	23161	A	C	core_destroyed	173
2026-08-11T20:46:19Z	SR2CUR	2583	fjordgate	23161	B	C	core_destroyed	414
2026-08-11T20:46:22Z	SR2CUR	2584	heart	23161	A	C	core_destroyed	143
2026-08-11T20:46:27Z	SR2CUR	2585	heart	23161	B	T	core_destroyed	274
2026-08-11T20:46:29Z	SR2CUR	2586	hive	23161	A	T	core_destroyed	160
2026-08-11T20:46:31Z	SR2CUR	2587	hive	23161	B	T	core_destroyed	160
2026-08-11T20:46:32Z	SR2CUR	2588	meander	23161	A	T	core_destroyed	132
2026-08-11T20:46:34Z	SR2CUR	2589	meander	23161	B	C	core_destroyed	190
2026-08-11T20:46:38Z	SR2CUR	2590	nordkap	23161	A	T	core_destroyed	639
2026-08-11T20:46:39Z	SR2CUR	2591	nordkap	23161	B	T	core_destroyed	160
2026-08-11T20:46:42Z	SR2CUR	2592	antler	23162	A	C	core_destroyed	188
2026-08-11T20:46:43Z	SR2CUR	2593	antler	23162	B	T	core_destroyed	242
2026-08-11T20:46:48Z	SR2CUR	2594	atoll	23162	A	C	core_destroyed	591
2026-08-11T20:46:49Z	SR2CUR	2595	atoll	23162	B	T	core_destroyed	150
2026-08-11T20:46:52Z	SR2CUR	2596	drumlin	23162	A	C	core_destroyed	224
2026-08-11T20:46:57Z	SR2CUR	2597	drumlin	23162	B	C	core_destroyed	348
2026-08-11T20:46:58Z	SR2CUR	2598	fjordgate	23162	A	T	core_destroyed	157
2026-08-11T20:47:01Z	SR2CUR	2599	fjordgate	23162	B	C	core_destroyed	503
2026-08-11T20:47:05Z	SR2CUR	2600	heart	23162	A	C	core_destroyed	596
2026-08-11T20:47:08Z	SR2CUR	2601	heart	23162	B	T	core_destroyed	189
2026-08-11T20:47:13Z	SR2CUR	2602	hive	23162	A	C	core_destroyed	347
2026-08-11T20:47:16Z	SR2CUR	2603	hive	23162	B	C	core_destroyed	228
2026-08-11T20:47:19Z	SR2CUR	2604	meander	23162	A	C	core_destroyed	187
2026-08-11T20:47:21Z	SR2CUR	2605	meander	23162	B	C	core_destroyed	224
2026-08-11T20:47:22Z	SR2CUR	2606	nordkap	23162	A	T	core_destroyed	156
2026-08-11T20:47:25Z	SR2CUR	2607	nordkap	23162	B	C	core_destroyed	200
2026-08-11T20:47:28Z	SR2CUR	2608	antler	23163	A	T	core_destroyed	327
2026-08-11T20:47:30Z	SR2CUR	2609	antler	23163	B	C	core_destroyed	106
2026-08-11T20:47:34Z	SR2CUR	2610	atoll	23163	A	C	core_destroyed	472
2026-08-11T20:47:37Z	SR2CUR	2611	atoll	23163	B	T	tiebreak	1000
2026-08-11T20:47:41Z	SR2CUR	2612	drumlin	23163	A	C	core_destroyed	288
2026-08-11T20:47:42Z	SR2CUR	2613	drumlin	23163	B	C	core_destroyed	179
2026-08-11T20:47:44Z	SR2CUR	2614	fjordgate	23163	A	T	core_destroyed	100
2026-08-11T20:47:45Z	SR2CUR	2615	fjordgate	23163	B	T	core_destroyed	129
2026-08-11T20:47:47Z	SR2CUR	2616	heart	23163	A	T	core_destroyed	128
2026-08-11T20:47:51Z	SR2CUR	2617	heart	23163	B	C	core_destroyed	359
2026-08-11T20:47:57Z	SR2CUR	2618	hive	23163	A	C	core_destroyed	368
2026-08-11T20:48:00Z	SR2CUR	2619	hive	23163	B	T	core_destroyed	205
2026-08-11T20:48:02Z	SR2CUR	2620	meander	23163	A	T	core_destroyed	288
2026-08-11T20:48:05Z	SR2CUR	2621	meander	23163	B	T	tiebreak	1000
2026-08-11T20:48:07Z	SR2CUR	2622	nordkap	23163	A	C	core_destroyed	203
2026-08-11T20:48:09Z	SR2CUR	2623	nordkap	23163	B	C	core_destroyed	234
2026-08-11T20:48:12Z	SR2CUR	2624	antler	23164	A	C	core_destroyed	568
2026-08-11T20:48:14Z	SR2CUR	2625	antler	23164	B	T	core_destroyed	216
2026-08-11T20:48:16Z	SR2CUR	2626	atoll	23164	A	C	core_destroyed	312
2026-08-11T20:48:19Z	SR2CUR	2627	atoll	23164	B	C	core_destroyed	218
2026-08-11T20:48:22Z	SR2CUR	2628	drumlin	23164	A	C	core_destroyed	269
2026-08-11T20:48:28Z	SR2CUR	2629	drumlin	23164	B	T	core_destroyed	432
2026-08-11T20:48:31Z	SR2CUR	2630	fjordgate	23164	A	T	core_destroyed	821
2026-08-11T20:48:33Z	SR2CUR	2631	fjordgate	23164	B	T	core_destroyed	254
2026-08-11T20:48:35Z	SR2CUR	2632	heart	23164	A	T	core_destroyed	100
2026-08-11T20:48:39Z	SR2CUR	2633	heart	23164	B	C	core_destroyed	202
2026-08-11T20:48:42Z	SR2CUR	2634	hive	23164	A	C	core_destroyed	190
2026-08-11T20:48:46Z	SR2CUR	2635	hive	23164	B	T	core_destroyed	289
2026-08-11T20:48:48Z	SR2CUR	2636	meander	23164	A	T	core_destroyed	123
2026-08-11T20:48:49Z	SR2CUR	2637	meander	23164	B	T	core_destroyed	132
2026-08-11T20:48:51Z	SR2CUR	2638	nordkap	23164	A	C	core_destroyed	168
2026-08-11T20:48:56Z	SR2CUR	2639	nordkap	23164	B	T	core_destroyed	430
2026-08-11T20:48:57Z	SR2CUR	2640	antler	23165	A	T	core_destroyed	397
2026-08-11T20:48:58Z	SR2CUR	2641	antler	23165	B	C	core_destroyed	108
2026-08-11T20:49:01Z	SR2CUR	2642	atoll	23165	A	C	core_destroyed	234
2026-08-11T20:49:03Z	SR2CUR	2643	atoll	23165	B	C	core_destroyed	116
2026-08-11T20:49:09Z	SR2CUR	2644	drumlin	23165	A	C	core_destroyed	423
2026-08-11T20:49:11Z	SR2CUR	2645	drumlin	23165	B	C	core_destroyed	238
2026-08-11T20:49:12Z	SR2CUR	2646	fjordgate	23165	A	T	core_destroyed	109
2026-08-11T20:49:14Z	SR2CUR	2647	fjordgate	23165	B	C	core_destroyed	195
2026-08-11T20:49:16Z	SR2CUR	2648	heart	23165	A	T	core_destroyed	128
2026-08-11T20:49:20Z	SR2CUR	2649	heart	23165	B	C	core_destroyed	375
2026-08-11T20:49:22Z	SR2CUR	2650	hive	23165	A	T	core_destroyed	184
2026-08-11T20:49:23Z	SR2CUR	2651	hive	23165	B	T	core_destroyed	154
2026-08-11T20:49:25Z	SR2CUR	2652	meander	23165	A	T	core_destroyed	170
2026-08-11T20:49:26Z	SR2CUR	2653	meander	23165	B	C	core_destroyed	99
2026-08-11T20:49:28Z	SR2CUR	2654	nordkap	23165	A	T	core_destroyed	154
2026-08-11T20:49:31Z	SR2CUR	2655	nordkap	23165	B	T	core_destroyed	361
2026-08-11T20:49:34Z	SR2CUR	2656	antler	23166	A	C	core_destroyed	311
2026-08-11T20:49:36Z	SR2CUR	2657	antler	23166	B	T	core_destroyed	127
2026-08-11T20:49:38Z	SR2CUR	2658	atoll	23166	A	T	core_destroyed	240
2026-08-11T20:49:40Z	SR2CUR	2659	atoll	23166	B	C	core_destroyed	208
2026-08-11T20:49:43Z	SR2CUR	2660	drumlin	23166	A	T	core_destroyed	229
2026-08-11T20:49:48Z	SR2CUR	2661	drumlin	23166	B	T	core_destroyed	401
2026-08-11T20:49:49Z	SR2CUR	2662	fjordgate	23166	A	T	core_destroyed	194
2026-08-11T20:49:51Z	SR2CUR	2663	fjordgate	23166	B	T	core_destroyed	192
2026-08-11T20:49:53Z	SR2CUR	2664	heart	23166	A	C	core_destroyed	290
2026-08-11T20:49:55Z	SR2CUR	2665	heart	23166	B	T	core_destroyed	180
2026-08-11T20:50:00Z	SR2CUR	2666	hive	23166	A	C	core_destroyed	310
2026-08-11T20:50:02Z	SR2CUR	2667	hive	23166	B	T	core_destroyed	142
2026-08-11T20:50:04Z	SR2CUR	2668	meander	23166	A	T	core_destroyed	216
2026-08-11T20:50:06Z	SR2CUR	2669	meander	23166	B	C	core_destroyed	223
2026-08-11T20:50:08Z	SR2CUR	2670	nordkap	23166	A	T	core_destroyed	397
2026-08-11T20:50:10Z	SR2CUR	2671	nordkap	23166	B	T	core_destroyed	178
2026-08-11T20:50:13Z	SR2CUR	2672	antler	23167	A	T	core_destroyed	420
2026-08-11T20:50:15Z	SR2CUR	2673	antler	23167	B	T	core_destroyed	232
2026-08-11T20:50:17Z	SR2CUR	2674	atoll	23167	A	C	core_destroyed	96
2026-08-11T20:50:20Z	SR2CUR	2675	atoll	23167	B	C	core_destroyed	428
2026-08-11T20:50:27Z	SR2CUR	2676	drumlin	23167	A	T	core_destroyed	605
2026-08-11T20:50:31Z	SR2CUR	2677	drumlin	23167	B	T	core_destroyed	298
2026-08-11T20:50:34Z	SR2CUR	2678	fjordgate	23167	A	T	core_destroyed	394
2026-08-11T20:50:35Z	SR2CUR	2679	fjordgate	23167	B	C	core_destroyed	469
2026-08-11T20:50:39Z	SR2CUR	2680	heart	23167	A	T	core_destroyed	284
2026-08-11T20:50:43Z	SR2CUR	2681	heart	23167	B	C	core_destroyed	299
2026-08-11T20:50:46Z	SR2CUR	2682	hive	23167	A	C	core_destroyed	196
2026-08-11T20:50:51Z	SR2CUR	2683	hive	23167	B	T	core_destroyed	302
2026-08-11T20:50:53Z	SR2CUR	2684	meander	23167	A	C	core_destroyed	256
2026-08-11T20:50:54Z	SR2CUR	2685	meander	23167	B	T	core_destroyed	232
2026-08-11T20:50:56Z	SR2CUR	2686	nordkap	23167	A	T	core_destroyed	191
2026-08-11T20:50:58Z	SR2CUR	2687	nordkap	23167	B	C	core_destroyed	192
2026-08-11T20:50:59Z	SR2CUR	2688	antler	23168	A	T	core_destroyed	96
2026-08-11T20:51:02Z	SR2CUR	2689	antler	23168	B	C	core_destroyed	531
2026-08-11T20:51:04Z	SR2CUR	2690	atoll	23168	A	T	core_destroyed	178
2026-08-11T20:51:07Z	SR2CUR	2691	atoll	23168	B	T	core_destroyed	711
2026-08-11T20:51:12Z	SR2CUR	2692	drumlin	23168	A	T	core_destroyed	575
2026-08-11T20:51:15Z	SR2CUR	2693	drumlin	23168	B	T	core_destroyed	251
2026-08-11T20:51:17Z	SR2CUR	2694	fjordgate	23168	A	C	core_destroyed	283
2026-08-11T20:51:18Z	SR2CUR	2695	fjordgate	23168	B	C	core_destroyed	285
2026-08-11T20:51:22Z	SR2CUR	2696	heart	23168	A	T	core_destroyed	256
2026-08-11T20:51:25Z	SR2CUR	2697	heart	23168	B	C	core_destroyed	260
2026-08-11T20:51:27Z	SR2CUR	2698	hive	23168	A	T	core_destroyed	140
2026-08-11T20:51:28Z	SR2CUR	2699	hive	23168	B	T	core_destroyed	152
2026-08-11T20:51:30Z	SR2CUR	2700	meander	23168	A	C	core_destroyed	178
2026-08-11T20:51:33Z	SR2CUR	2701	meander	23168	B	C	core_destroyed	317
2026-08-11T20:51:36Z	SR2CUR	2702	nordkap	23168	A	C	core_destroyed	280
2026-08-11T20:51:38Z	SR2CUR	2703	nordkap	23168	B	T	core_destroyed	98
2026-08-11T20:51:40Z	SR2CUR	2704	antler	23169	A	T	core_destroyed	257
2026-08-11T20:51:42Z	SR2CUR	2705	antler	23169	B	T	core_destroyed	186
2026-08-11T20:51:44Z	SR2CUR	2706	atoll	23169	A	T	core_destroyed	178
2026-08-11T20:51:46Z	SR2CUR	2707	atoll	23169	B	C	core_destroyed	144
2026-08-11T20:51:48Z	SR2CUR	2708	drumlin	23169	A	T	core_destroyed	208
2026-08-11T20:51:51Z	SR2CUR	2709	drumlin	23169	B	T	core_destroyed	170
2026-08-11T20:51:52Z	SR2CUR	2710	fjordgate	23169	A	T	core_destroyed	221
2026-08-11T20:51:54Z	SR2CUR	2711	fjordgate	23169	B	C	tiebreak	1000
2026-08-11T20:52:01Z	SR2CUR	2712	heart	23169	A	C	tiebreak	1000
2026-08-11T20:52:04Z	SR2CUR	2713	heart	23169	B	C	core_destroyed	120
2026-08-11T20:52:07Z	SR2CUR	2714	hive	23169	A	C	core_destroyed	207
2026-08-11T20:52:10Z	SR2CUR	2715	hive	23169	B	T	core_destroyed	160
2026-08-11T20:52:12Z	SR2CUR	2716	meander	23169	A	C	core_destroyed	165
2026-08-11T20:52:14Z	SR2CUR	2717	meander	23169	B	T	core_destroyed	181
2026-08-11T20:52:16Z	SR2CUR	2718	nordkap	23169	A	C	core_destroyed	143
2026-08-11T20:52:19Z	SR2CUR	2719	nordkap	23169	B	C	tiebreak	1000
2026-08-11T20:52:21Z	SR2CUR	2720	antler	23170	A	T	core_destroyed	240
2026-08-11T20:52:23Z	SR2CUR	2721	antler	23170	B	T	core_destroyed	158
2026-08-11T20:52:26Z	SR2CUR	2722	atoll	23170	A	T	core_destroyed	285
2026-08-11T20:52:30Z	SR2CUR	2723	atoll	23170	B	C	core_destroyed	313
2026-08-11T20:52:32Z	SR2CUR	2724	drumlin	23170	A	C	core_destroyed	183
2026-08-11T20:52:33Z	SR2CUR	2725	drumlin	23170	B	C	core_destroyed	149
2026-08-11T20:52:35Z	SR2CUR	2726	fjordgate	23170	A	T	core_destroyed	348
2026-08-11T20:52:38Z	SR2CUR	2727	fjordgate	23170	B	C	core_destroyed	373
2026-08-11T20:52:42Z	SR2CUR	2728	heart	23170	A	T	core_destroyed	254
2026-08-11T20:52:46Z	SR2CUR	2729	heart	23170	B	C	core_destroyed	217
2026-08-11T20:52:49Z	SR2CUR	2730	hive	23170	A	T	core_destroyed	181
2026-08-11T20:52:54Z	SR2CUR	2731	hive	23170	B	T	core_destroyed	422
2026-08-11T20:52:55Z	SR2CUR	2732	meander	23170	A	C	core_destroyed	136
2026-08-11T20:52:57Z	SR2CUR	2733	meander	23170	B	C	core_destroyed	167
2026-08-11T20:53:02Z	SR2CUR	2734	nordkap	23170	A	C	core_destroyed	363
2026-08-11T20:53:03Z	SR2CUR	2735	nordkap	23170	B	C	core_destroyed	129
2026-08-11T20:53:05Z	SR2CUR	2736	antler	23171	A	T	core_destroyed	107
2026-08-11T20:53:07Z	SR2CUR	2737	antler	23171	B	C	core_destroyed	102
2026-08-11T20:53:09Z	SR2CUR	2738	atoll	23171	A	C	core_destroyed	282
2026-08-11T20:53:10Z	SR2CUR	2739	atoll	23171	B	C	core_destroyed	316
2026-08-11T20:53:13Z	SR2CUR	2740	drumlin	23171	A	T	core_destroyed	172
2026-08-11T20:53:14Z	SR2CUR	2741	drumlin	23171	B	T	core_destroyed	120
2026-08-11T20:53:16Z	SR2CUR	2742	fjordgate	23171	A	C	core_destroyed	159
2026-08-11T20:53:18Z	SR2CUR	2743	fjordgate	23171	B	C	core_destroyed	468
2026-08-11T20:53:21Z	SR2CUR	2744	heart	23171	A	C	core_destroyed	178
2026-08-11T20:53:24Z	SR2CUR	2745	heart	23171	B	C	core_destroyed	189
2026-08-11T20:53:29Z	SR2CUR	2746	hive	23171	A	T	core_destroyed	336
2026-08-11T20:53:35Z	SR2CUR	2747	hive	23171	B	C	core_destroyed	369
2026-08-11T20:53:37Z	SR2CUR	2748	meander	23171	A	T	core_destroyed	152
2026-08-11T20:53:40Z	SR2CUR	2749	meander	23171	B	C	core_destroyed	301
2026-08-11T20:53:41Z	SR2CUR	2750	nordkap	23171	A	T	core_destroyed	186
2026-08-11T20:53:44Z	SR2CUR	2751	nordkap	23171	B	T	core_destroyed	257
2026-08-11T20:53:45Z	SR2CUR	2752	antler	23172	A	C	core_destroyed	120
2026-08-11T20:53:48Z	SR2CUR	2753	antler	23172	B	C	core_destroyed	300
2026-08-11T20:53:50Z	SR2CUR	2754	atoll	23172	A	T	core_destroyed	390
2026-08-11T20:53:51Z	SR2CUR	2755	atoll	23172	B	T	core_destroyed	135
2026-08-11T20:53:53Z	SR2CUR	2756	drumlin	23172	A	T	core_destroyed	166
2026-08-11T20:53:57Z	SR2CUR	2757	drumlin	23172	B	C	core_destroyed	368
2026-08-11T20:54:00Z	SR2CUR	2758	fjordgate	23172	A	T	tiebreak	1000
2026-08-11T20:54:02Z	SR2CUR	2759	fjordgate	23172	B	T	core_destroyed	273
2026-08-11T20:54:04Z	SR2CUR	2760	heart	23172	A	T	core_destroyed	130
2026-08-11T20:54:09Z	SR2CUR	2761	heart	23172	B	C	core_destroyed	322
2026-08-11T20:54:12Z	SR2CUR	2762	hive	23172	A	T	core_destroyed	174
2026-08-11T20:54:14Z	SR2CUR	2763	hive	23172	B	T	core_destroyed	159
2026-08-11T20:54:16Z	SR2CUR	2764	meander	23172	A	T	core_destroyed	168
2026-08-11T20:54:18Z	SR2CUR	2765	meander	23172	B	T	core_destroyed	148
2026-08-11T20:54:20Z	SR2CUR	2766	nordkap	23172	A	T	core_destroyed	172
2026-08-11T20:54:21Z	SR2CUR	2767	nordkap	23172	B	C	core_destroyed	110
2026-08-11T20:54:23Z	SR2CUR	2768	antler	23173	A	T	core_destroyed	164
2026-08-11T20:54:24Z	SR2CUR	2769	antler	23173	B	T	core_destroyed	141
2026-08-11T20:54:29Z	SR2CUR	2770	atoll	23173	A	C	core_destroyed	588
2026-08-11T20:54:31Z	SR2CUR	2771	atoll	23173	B	T	core_destroyed	228
2026-08-11T20:54:35Z	SR2CUR	2772	drumlin	23173	A	T	core_destroyed	253
2026-08-11T20:54:37Z	SR2CUR	2773	drumlin	23173	B	C	core_destroyed	120
2026-08-11T20:54:40Z	SR2CUR	2774	fjordgate	23173	A	T	core_destroyed	367
2026-08-11T20:54:41Z	SR2CUR	2775	fjordgate	23173	B	T	core_destroyed	135
2026-08-11T20:54:46Z	SR2CUR	2776	heart	23173	A	C	core_destroyed	288
2026-08-11T20:54:49Z	SR2CUR	2777	heart	23173	B	T	core_destroyed	171
2026-08-11T20:54:51Z	SR2CUR	2778	hive	23173	A	T	core_destroyed	120
2026-08-11T20:54:54Z	SR2CUR	2779	hive	23173	B	C	core_destroyed	186
2026-08-11T20:54:56Z	SR2CUR	2780	meander	23173	A	C	core_destroyed	116
2026-08-11T20:54:57Z	SR2CUR	2781	meander	23173	B	C	core_destroyed	129
2026-08-11T20:54:58Z	SR2CUR	2782	nordkap	23173	A	T	core_destroyed	126
2026-08-11T20:55:00Z	SR2CUR	2783	nordkap	23173	B	C	core_destroyed	161
2026-08-11T20:55:04Z	SR2CUR	2784	antler	23174	A	T	core_destroyed	295
2026-08-11T20:55:08Z	SR2CUR	2785	antler	23174	B	C	core_destroyed	311
2026-08-11T20:55:10Z	SR2CUR	2786	atoll	23174	A	T	core_destroyed	171
2026-08-11T20:55:14Z	SR2CUR	2787	atoll	23174	B	T	core_destroyed	664
2026-08-11T20:55:17Z	SR2CUR	2788	drumlin	23174	A	C	core_destroyed	207
2026-08-11T20:55:19Z	SR2CUR	2789	drumlin	23174	B	C	core_destroyed	217
2026-08-11T20:55:21Z	SR2CUR	2790	fjordgate	23174	A	C	core_destroyed	336
2026-08-11T20:55:22Z	SR2CUR	2791	fjordgate	23174	B	T	core_destroyed	166
2026-08-11T20:55:24Z	SR2CUR	2792	heart	23174	A	C	core_destroyed	131
2026-08-11T20:55:28Z	SR2CUR	2793	heart	23174	B	C	core_destroyed	189
2026-08-11T20:55:30Z	SR2CUR	2794	hive	23174	A	T	core_destroyed	163
2026-08-11T20:55:36Z	SR2CUR	2795	hive	23174	B	C	core_destroyed	313
2026-08-11T20:55:38Z	SR2CUR	2796	meander	23174	A	T	core_destroyed	286
2026-08-11T20:55:40Z	SR2CUR	2797	meander	23174	B	C	core_destroyed	175
2026-08-11T20:55:42Z	SR2CUR	2798	nordkap	23174	A	C	core_destroyed	194
2026-08-11T20:55:44Z	SR2CUR	2799	nordkap	23174	B	T	core_destroyed	162
2026-08-11T20:55:46Z	SR2CUR	2800	antler	23175	A	T	core_destroyed	236
2026-08-11T20:55:49Z	SR2CUR	2801	antler	23175	B	T	core_destroyed	321
2026-08-11T20:55:51Z	SR2CUR	2802	atoll	23175	A	C	core_destroyed	143
2026-08-11T20:55:58Z	SR2CUR	2803	atoll	23175	B	T	core_destroyed	614
2026-08-11T20:56:00Z	SR2CUR	2804	drumlin	23175	A	T	core_destroyed	124
2026-08-11T20:56:02Z	SR2CUR	2805	drumlin	23175	B	T	core_destroyed	473
2026-08-11T20:56:04Z	SR2CUR	2806	fjordgate	23175	A	T	core_destroyed	202
2026-08-11T20:56:05Z	SR2CUR	2807	fjordgate	23175	B	T	core_destroyed	104
2026-08-11T20:56:08Z	SR2CUR	2808	heart	23175	A	T	core_destroyed	157
2026-08-11T20:56:13Z	SR2CUR	2809	heart	23175	B	T	core_destroyed	248
2026-08-11T20:56:16Z	SR2CUR	2810	hive	23175	A	C	core_destroyed	174
2026-08-11T20:56:19Z	SR2CUR	2811	hive	23175	B	T	core_destroyed	158
2026-08-11T20:56:20Z	SR2CUR	2812	meander	23175	A	C	core_destroyed	156
2026-08-11T20:56:22Z	SR2CUR	2813	meander	23175	B	C	core_destroyed	141
2026-08-11T20:56:25Z	SR2CUR	2814	nordkap	23175	A	C	core_destroyed	274
2026-08-11T20:56:26Z	SR2CUR	2815	nordkap	23175	B	C	core_destroyed	115
2026-08-11T20:56:28Z	SR2CUR	2816	antler	23176	A	C	core_destroyed	234
2026-08-11T20:56:31Z	SR2CUR	2817	antler	23176	B	C	core_destroyed	202
2026-08-11T20:56:32Z	SR2CUR	2818	atoll	23176	A	T	core_destroyed	155
2026-08-11T20:56:35Z	SR2CUR	2819	atoll	23176	B	T	tiebreak	1000
2026-08-11T20:56:37Z	SR2CUR	2820	drumlin	23176	A	T	core_destroyed	120
2026-08-11T20:56:39Z	SR2CUR	2821	drumlin	23176	B	C	core_destroyed	137
2026-08-11T20:56:40Z	SR2CUR	2822	fjordgate	23176	A	T	core_destroyed	154
2026-08-11T20:56:41Z	SR2CUR	2823	fjordgate	23176	B	C	core_destroyed	300
2026-08-11T20:56:45Z	SR2CUR	2824	heart	23176	A	C	core_destroyed	195
2026-08-11T20:56:47Z	SR2CUR	2825	heart	23176	B	C	core_destroyed	119
2026-08-11T20:56:50Z	SR2CUR	2826	hive	23176	A	C	core_destroyed	199
2026-08-11T20:56:53Z	SR2CUR	2827	hive	23176	B	C	core_destroyed	214
2026-08-11T20:56:55Z	SR2CUR	2828	meander	23176	A	T	core_destroyed	191
2026-08-11T20:56:58Z	SR2CUR	2829	meander	23176	B	C	core_destroyed	372
2026-08-11T20:57:00Z	SR2CUR	2830	nordkap	23176	A	C	core_destroyed	130
2026-08-11T20:57:02Z	SR2CUR	2831	nordkap	23176	B	T	core_destroyed	252
2026-08-11T20:57:04Z	SR2CUR	2832	antler	23177	A	T	core_destroyed	146
2026-08-11T20:57:06Z	SR2CUR	2833	antler	23177	B	C	core_destroyed	137
2026-08-11T20:57:09Z	SR2CUR	2834	atoll	23177	A	T	core_destroyed	631
2026-08-11T20:57:10Z	SR2CUR	2835	atoll	23177	B	T	core_destroyed	88
2026-08-11T20:57:12Z	SR2CUR	2836	drumlin	23177	A	T	core_destroyed	198
2026-08-11T20:57:14Z	SR2CUR	2837	drumlin	23177	B	T	core_destroyed	146
2026-08-11T20:57:15Z	SR2CUR	2838	fjordgate	23177	A	T	core_destroyed	208
2026-08-11T20:57:16Z	SR2CUR	2839	fjordgate	23177	B	T	core_destroyed	132
2026-08-11T20:57:19Z	SR2CUR	2840	heart	23177	A	C	tiebreak	167
2026-08-11T20:57:22Z	SR2CUR	2841	heart	23177	B	C	core_destroyed	357
2026-08-11T20:57:24Z	SR2CUR	2842	hive	23177	A	C	core_destroyed	161
2026-08-11T20:57:26Z	SR2CUR	2843	hive	23177	B	C	core_destroyed	121
2026-08-11T20:57:28Z	SR2CUR	2844	meander	23177	A	T	core_destroyed	146
2026-08-11T20:57:29Z	SR2CUR	2845	meander	23177	B	C	core_destroyed	150
2026-08-11T20:57:30Z	SR2CUR	2846	nordkap	23177	A	T	core_destroyed	152
2026-08-11T20:57:33Z	SR2CUR	2847	nordkap	23177	B	C	core_destroyed	190
2026-08-11T20:57:34Z	SR2CUR	2848	antler	23178	A	C	core_destroyed	262
2026-08-11T20:57:36Z	SR2CUR	2849	antler	23178	B	T	core_destroyed	437
2026-08-11T20:57:38Z	SR2CUR	2850	atoll	23178	A	T	core_destroyed	789
2026-08-11T20:57:40Z	SR2CUR	2851	atoll	23178	B	C	core_destroyed	173
2026-08-11T20:57:41Z	SR2CUR	2852	drumlin	23178	A	T	core_destroyed	89
2026-08-11T20:57:48Z	SR2CUR	2853	drumlin	23178	B	T	core_destroyed	568
2026-08-11T20:57:50Z	SR2CUR	2854	fjordgate	23178	A	C	core_destroyed	379
2026-08-11T20:57:52Z	SR2CUR	2855	fjordgate	23178	B	T	core_destroyed	142
2026-08-11T20:57:54Z	SR2CUR	2856	heart	23178	A	C	core_destroyed	164
2026-08-11T20:57:57Z	SR2CUR	2857	heart	23178	B	C	core_destroyed	210
2026-08-11T20:58:04Z	SR2CUR	2858	hive	23178	A	C	core_destroyed	404
2026-08-11T20:58:11Z	SR2CUR	2859	hive	23178	B	C	core_destroyed	493
2026-08-11T20:58:14Z	SR2CUR	2860	meander	23178	A	C	core_destroyed	339
2026-08-11T20:58:15Z	SR2CUR	2861	meander	23178	B	C	core_destroyed	88
2026-08-11T20:58:17Z	SR2CUR	2862	nordkap	23178	A	T	core_destroyed	114
2026-08-11T20:58:18Z	SR2CUR	2863	nordkap	23178	B	T	core_destroyed	159
2026-08-11T20:58:20Z	SR2CUR	2864	antler	23179	A	T	core_destroyed	524
2026-08-11T20:58:21Z	SR2CUR	2865	antler	23179	B	T	core_destroyed	163
2026-08-11T20:58:27Z	SR2CUR	2866	atoll	23179	A	T	core_destroyed	847
2026-08-11T20:58:29Z	SR2CUR	2867	atoll	23179	B	C	core_destroyed	112
2026-08-11T20:58:37Z	SR2CUR	2868	drumlin	23179	A	T	core_destroyed	552
2026-08-11T20:58:41Z	SR2CUR	2869	drumlin	23179	B	C	core_destroyed	306
2026-08-11T20:58:42Z	SR2CUR	2870	fjordgate	23179	A	C	core_destroyed	132
2026-08-11T20:58:43Z	SR2CUR	2871	fjordgate	23179	B	C	core_destroyed	285
2026-08-11T20:58:49Z	SR2CUR	2872	heart	23179	A	T	core_destroyed	565
2026-08-11T20:58:51Z	SR2CUR	2873	heart	23179	B	C	core_destroyed	140
2026-08-11T20:58:55Z	SR2CUR	2874	hive	23179	A	T	core_destroyed	253
2026-08-11T20:58:57Z	SR2CUR	2875	hive	23179	B	C	core_destroyed	178
2026-08-11T20:58:59Z	SR2CUR	2876	meander	23179	A	T	core_destroyed	162
2026-08-11T20:59:00Z	SR2CUR	2877	meander	23179	B	C	core_destroyed	136
2026-08-11T20:59:02Z	SR2CUR	2878	nordkap	23179	A	T	core_destroyed	151
2026-08-11T20:59:04Z	SR2CUR	2879	nordkap	23179	B	C	core_destroyed	146
2026-08-11T20:59:05Z	SR2CUR	2880	antler	23180	A	C	core_destroyed	132
2026-08-11T20:59:07Z	SR2CUR	2881	antler	23180	B	T	core_destroyed	128
2026-08-11T20:59:09Z	SR2CUR	2882	atoll	23180	A	T	core_destroyed	242
2026-08-11T20:59:11Z	SR2CUR	2883	atoll	23180	B	C	core_destroyed	162
2026-08-11T20:59:14Z	SR2CUR	2884	drumlin	23180	A	T	core_destroyed	397
2026-08-11T20:59:16Z	SR2CUR	2885	drumlin	23180	B	C	core_destroyed	160
2026-08-11T20:59:17Z	SR2CUR	2886	fjordgate	23180	A	C	core_destroyed	113
2026-08-11T20:59:19Z	SR2CUR	2887	fjordgate	23180	B	C	core_destroyed	362
2026-08-11T20:59:21Z	SR2CUR	2888	heart	23180	A	C	core_destroyed	108
2026-08-11T20:59:33Z	SR2CUR	2889	heart	23180	B	T	core_destroyed	847
2026-08-11T20:59:37Z	SR2CUR	2890	hive	23180	A	C	core_destroyed	222
2026-08-11T20:59:40Z	SR2CUR	2891	hive	23180	B	C	core_destroyed	191
2026-08-11T20:59:41Z	SR2CUR	2892	meander	23180	A	C	core_destroyed	162
2026-08-11T20:59:43Z	SR2CUR	2893	meander	23180	B	T	core_destroyed	181
2026-08-11T20:59:45Z	SR2CUR	2894	nordkap	23180	A	C	core_destroyed	292
2026-08-11T20:59:47Z	SR2CUR	2895	nordkap	23180	B	C	core_destroyed	205
2026-08-11T20:59:49Z	SR2CUR	2896	antler	23181	A	C	core_destroyed	146
2026-08-11T20:59:50Z	SR2CUR	2897	antler	23181	B	C	core_destroyed	160
2026-08-11T20:59:56Z	SR2CUR	2898	atoll	23181	A	C	core_destroyed	676
2026-08-11T20:59:59Z	SR2CUR	2899	atoll	23181	B	C	core_destroyed	401
2026-08-11T21:00:01Z	SR2CUR	2900	drumlin	23181	A	C	core_destroyed	114
2026-08-11T21:00:03Z	SR2CUR	2901	drumlin	23181	B	T	core_destroyed	212
2026-08-11T21:00:05Z	SR2CUR	2902	fjordgate	23181	A	T	core_destroyed	545
2026-08-11T21:00:06Z	SR2CUR	2903	fjordgate	23181	B	T	core_destroyed	280
2026-08-11T21:00:09Z	SR2CUR	2904	heart	23181	A	C	core_destroyed	163
2026-08-11T21:00:12Z	SR2CUR	2905	heart	23181	B	T	core_destroyed	152
2026-08-11T21:00:17Z	SR2CUR	2906	hive	23181	A	C	core_destroyed	321
2026-08-11T21:00:22Z	SR2CUR	2907	hive	23181	B	C	core_destroyed	352
2026-08-11T21:00:23Z	SR2CUR	2908	meander	23181	A	C	core_destroyed	180
2026-08-11T21:00:25Z	SR2CUR	2909	meander	23181	B	C	core_destroyed	168
2026-08-11T21:00:27Z	SR2CUR	2910	nordkap	23181	A	C	core_destroyed	372
2026-08-11T21:00:29Z	SR2CUR	2911	nordkap	23181	B	C	core_destroyed	164
2026-08-11T21:00:32Z	SR2CUR	2912	antler	23182	A	T	core_destroyed	276
2026-08-11T21:00:34Z	SR2CUR	2913	antler	23182	B	C	core_destroyed	224
2026-08-11T21:00:36Z	SR2CUR	2914	atoll	23182	A	T	core_destroyed	288
2026-08-11T21:00:38Z	SR2CUR	2915	atoll	23182	B	T	core_destroyed	205
2026-08-11T21:00:40Z	SR2CUR	2916	drumlin	23182	A	T	core_destroyed	177
2026-08-11T21:00:42Z	SR2CUR	2917	drumlin	23182	B	T	core_destroyed	128
2026-08-11T21:00:45Z	SR2CUR	2918	fjordgate	23182	A	T	core_destroyed	524
2026-08-11T21:00:48Z	SR2CUR	2919	fjordgate	23182	B	T	tiebreak	1000
2026-08-11T21:00:50Z	SR2CUR	2920	heart	23182	A	C	core_destroyed	147
2026-08-11T21:00:52Z	SR2CUR	2921	heart	23182	B	T	core_destroyed	121
2026-08-11T21:00:54Z	SR2CUR	2922	hive	23182	A	T	core_destroyed	223
2026-08-11T21:01:00Z	SR2CUR	2923	hive	23182	B	C	core_destroyed	376
2026-08-11T21:01:03Z	SR2CUR	2924	meander	23182	A	C	core_destroyed	233
2026-08-11T21:01:04Z	SR2CUR	2925	meander	23182	B	T	core_destroyed	149
2026-08-11T21:01:06Z	SR2CUR	2926	nordkap	23182	A	T	core_destroyed	225
2026-08-11T21:01:08Z	SR2CUR	2927	nordkap	23182	B	C	core_destroyed	193
2026-08-11T21:01:10Z	SR2CUR	2928	antler	23183	A	C	core_destroyed	289
2026-08-11T21:01:12Z	SR2CUR	2929	antler	23183	B	T	core_destroyed	278
2026-08-11T21:01:14Z	SR2CUR	2930	atoll	23183	A	T	core_destroyed	258
2026-08-11T21:01:19Z	SR2CUR	2931	atoll	23183	B	T	core_destroyed	557
2026-08-11T21:01:21Z	SR2CUR	2932	drumlin	23183	A	T	core_destroyed	120
2026-08-11T21:01:25Z	SR2CUR	2933	drumlin	23183	B	C	core_destroyed	523
2026-08-11T21:01:26Z	SR2CUR	2934	fjordgate	23183	A	T	core_destroyed	128
2026-08-11T21:01:28Z	SR2CUR	2935	fjordgate	23183	B	C	core_destroyed	163
2026-08-11T21:01:37Z	SR2CUR	2936	heart	23183	A	T	tiebreak	1000
2026-08-11T21:01:40Z	SR2CUR	2937	heart	23183	B	T	core_destroyed	252
2026-08-11T21:01:43Z	SR2CUR	2938	hive	23183	A	T	core_destroyed	188
2026-08-11T21:01:48Z	SR2CUR	2939	hive	23183	B	T	core_destroyed	401
2026-08-11T21:01:52Z	SR2CUR	2940	meander	23183	A	T	core_destroyed	342
2026-08-11T21:01:53Z	SR2CUR	2941	meander	23183	B	T	core_destroyed	182
2026-08-11T21:01:55Z	SR2CUR	2942	nordkap	23183	A	T	core_destroyed	138
2026-08-11T21:01:57Z	SR2CUR	2943	nordkap	23183	B	C	core_destroyed	191
2026-08-11T21:01:59Z	SR2CUR	2944	antler	23184	A	T	core_destroyed	163
2026-08-11T21:02:01Z	SR2CUR	2945	antler	23184	B	C	core_destroyed	270
2026-08-11T21:02:03Z	SR2CUR	2946	atoll	23184	A	T	core_destroyed	112
2026-08-11T21:02:05Z	SR2CUR	2947	atoll	23184	B	T	core_destroyed	182
2026-08-11T21:02:08Z	SR2CUR	2948	drumlin	23184	A	T	core_destroyed	169
2026-08-11T21:02:12Z	SR2CUR	2949	drumlin	23184	B	C	core_destroyed	271
2026-08-11T21:02:13Z	SR2CUR	2950	fjordgate	23184	A	T	core_destroyed	165
2026-08-11T21:02:15Z	SR2CUR	2951	fjordgate	23184	B	C	core_destroyed	399
2026-08-11T21:02:18Z	SR2CUR	2952	heart	23184	A	T	core_destroyed	194
2026-08-11T21:02:20Z	SR2CUR	2953	heart	23184	B	T	core_destroyed	171
2026-08-11T21:02:24Z	SR2CUR	2954	hive	23184	A	T	core_destroyed	259
2026-08-11T21:02:27Z	SR2CUR	2955	hive	23184	B	C	core_destroyed	216
2026-08-11T21:02:29Z	SR2CUR	2956	meander	23184	A	T	core_destroyed	244
2026-08-11T21:02:30Z	SR2CUR	2957	meander	23184	B	T	core_destroyed	203
2026-08-11T21:02:33Z	SR2CUR	2958	nordkap	23184	A	T	core_destroyed	291
2026-08-11T21:02:35Z	SR2CUR	2959	nordkap	23184	B	T	core_destroyed	145
2026-08-11T21:02:36Z	SR2CUR	2960	antler	23185	A	C	core_destroyed	190
2026-08-11T21:02:39Z	SR2CUR	2961	antler	23185	B	T	core_destroyed	183
2026-08-11T21:02:42Z	SR2CUR	2962	atoll	23185	A	C	core_destroyed	290
2026-08-11T21:02:46Z	SR2CUR	2963	atoll	23185	B	T	core_destroyed	580
2026-08-11T21:02:48Z	SR2CUR	2964	drumlin	23185	A	T	core_destroyed	214
2026-08-11T21:02:54Z	SR2CUR	2965	drumlin	23185	B	T	core_destroyed	419
2026-08-11T21:02:55Z	SR2CUR	2966	fjordgate	23185	A	T	core_destroyed	170
2026-08-11T21:02:56Z	SR2CUR	2967	fjordgate	23185	B	C	core_destroyed	108
2026-08-11T21:03:01Z	SR2CUR	2968	heart	23185	A	C	core_destroyed	279
2026-08-11T21:03:05Z	SR2CUR	2969	heart	23185	B	T	core_destroyed	236
2026-08-11T21:03:08Z	SR2CUR	2970	hive	23185	A	C	core_destroyed	198
2026-08-11T21:03:12Z	SR2CUR	2971	hive	23185	B	C	core_destroyed	245
2026-08-11T21:03:13Z	SR2CUR	2972	meander	23185	A	C	core_destroyed	166
2026-08-11T21:03:15Z	SR2CUR	2973	meander	23185	B	T	core_destroyed	219
2026-08-11T21:03:18Z	SR2CUR	2974	nordkap	23185	A	C	core_destroyed	246
2026-08-11T21:03:20Z	SR2CUR	2975	nordkap	23185	B	C	core_destroyed	236
2026-08-11T21:03:21Z	SR2CUR	2976	antler	23186	A	T	core_destroyed	284
2026-08-11T21:03:23Z	SR2CUR	2977	antler	23186	B	C	core_destroyed	158
2026-08-11T21:03:25Z	SR2CUR	2978	atoll	23186	A	C	core_destroyed	492
2026-08-11T21:03:30Z	SR2CUR	2979	atoll	23186	B	C	core_destroyed	513
2026-08-11T21:03:33Z	SR2CUR	2980	drumlin	23186	A	C	core_destroyed	233
2026-08-11T21:03:37Z	SR2CUR	2981	drumlin	23186	B	T	core_destroyed	302
2026-08-11T21:03:38Z	SR2CUR	2982	fjordgate	23186	A	T	core_destroyed	178
2026-08-11T21:03:39Z	SR2CUR	2983	fjordgate	23186	B	C	core_destroyed	188
2026-08-11T21:03:43Z	SR2CUR	2984	heart	23186	A	C	core_destroyed	219
2026-08-11T21:03:47Z	SR2CUR	2985	heart	23186	B	C	core_destroyed	210
2026-08-11T21:03:49Z	SR2CUR	2986	hive	23186	A	C	core_destroyed	110
2026-08-11T21:03:51Z	SR2CUR	2987	hive	23186	B	C	core_destroyed	189
2026-08-11T21:03:52Z	SR2CUR	2988	meander	23186	A	T	core_destroyed	140
2026-08-11T21:03:55Z	SR2CUR	2989	meander	23186	B	T	core_destroyed	228
2026-08-11T21:03:56Z	SR2CUR	2990	nordkap	23186	A	T	core_destroyed	152
2026-08-11T21:03:58Z	SR2CUR	2991	nordkap	23186	B	T	core_destroyed	246
2026-08-11T21:04:00Z	SR2CUR	2992	antler	23187	A	T	core_destroyed	135
2026-08-11T21:04:02Z	SR2CUR	2993	antler	23187	B	C	core_destroyed	188
2026-08-11T21:04:05Z	SR2CUR	2994	atoll	23187	A	T	core_destroyed	282
2026-08-11T21:04:14Z	SR2CUR	2995	atoll	23187	B	C	tiebreak	1000
2026-08-11T21:04:17Z	SR2CUR	2996	drumlin	23187	A	T	core_destroyed	336
2026-08-11T21:04:22Z	SR2CUR	2997	drumlin	23187	B	T	core_destroyed	337
2026-08-11T21:04:23Z	SR2CUR	2998	fjordgate	23187	A	T	core_destroyed	174
2026-08-11T21:04:27Z	SR2CUR	2999	fjordgate	23187	B	T	tiebreak	1000
2026-08-11T21:04:35Z	SR2CUR	3000	heart	23187	A	C	core_destroyed	399
2026-08-11T21:04:39Z	SR2CUR	3001	heart	23187	B	T	core_destroyed	291
2026-08-11T21:04:43Z	SR2CUR	3002	hive	23187	A	T	core_destroyed	222
2026-08-11T21:04:46Z	SR2CUR	3003	hive	23187	B	T	core_destroyed	159
2026-08-11T21:04:49Z	SR2CUR	3004	meander	23187	A	T	core_destroyed	301
2026-08-11T21:04:51Z	SR2CUR	3005	meander	23187	B	T	core_destroyed	209
2026-08-11T21:04:54Z	SR2CUR	3006	nordkap	23187	A	T	core_destroyed	227
2026-08-11T21:04:57Z	SR2CUR	3007	nordkap	23187	B	C	tiebreak	1000
2026-08-11T21:05:00Z	SR2CUR	3008	antler	23188	A	T	core_destroyed	390
2026-08-11T21:05:01Z	SR2CUR	3009	antler	23188	B	C	core_destroyed	104
2026-08-11T21:05:07Z	SR2CUR	3010	atoll	23188	A	C	core_destroyed	382
2026-08-11T21:05:08Z	SR2CUR	3011	atoll	23188	B	C	core_destroyed	160
2026-08-11T21:05:13Z	SR2CUR	3012	drumlin	23188	A	T	core_destroyed	292
2026-08-11T21:05:14Z	SR2CUR	3013	drumlin	23188	B	T	core_destroyed	109
2026-08-11T21:05:16Z	SR2CUR	3014	fjordgate	23188	A	C	core_destroyed	302
2026-08-11T21:05:17Z	SR2CUR	3015	fjordgate	23188	B	C	core_destroyed	218
2026-08-11T21:05:21Z	SR2CUR	3016	heart	23188	A	C	core_destroyed	242
2026-08-11T21:05:25Z	SR2CUR	3017	heart	23188	B	C	core_destroyed	349
2026-08-11T21:05:28Z	SR2CUR	3018	hive	23188	A	C	core_destroyed	183
2026-08-11T21:05:33Z	SR2CUR	3019	hive	23188	B	T	core_destroyed	357
2026-08-11T21:05:36Z	SR2CUR	3020	meander	23188	A	C	core_destroyed	242
2026-08-11T21:05:37Z	SR2CUR	3021	meander	23188	B	T	core_destroyed	196
2026-08-11T21:05:39Z	SR2CUR	3022	nordkap	23188	A	C	core_destroyed	221
2026-08-11T21:05:41Z	SR2CUR	3023	nordkap	23188	B	C	core_destroyed	139
2026-08-11T21:05:49Z	SR2CUR	3024	antler	23189	A	C	tiebreak	1000
2026-08-11T21:05:52Z	SR2CUR	3025	antler	23189	B	T	tiebreak	1000
2026-08-11T21:05:54Z	SR2CUR	3026	atoll	23189	A	T	core_destroyed	528
2026-08-11T21:05:55Z	SR2CUR	3027	atoll	23189	B	T	core_destroyed	189
2026-08-11T21:05:57Z	SR2CUR	3028	drumlin	23189	A	C	core_destroyed	115
2026-08-11T21:05:59Z	SR2CUR	3029	drumlin	23189	B	T	core_destroyed	152
2026-08-11T21:06:00Z	SR2CUR	3030	fjordgate	23189	A	C	core_destroyed	237
2026-08-11T21:06:02Z	SR2CUR	3031	fjordgate	23189	B	T	core_destroyed	310
2026-08-11T21:06:04Z	SR2CUR	3032	heart	23189	A	T	core_destroyed	153
2026-08-11T21:06:07Z	SR2CUR	3033	heart	23189	B	C	core_destroyed	209
2026-08-11T21:06:11Z	SR2CUR	3034	hive	23189	A	C	core_destroyed	263
2026-08-11T21:06:17Z	SR2CUR	3035	hive	23189	B	C	core_destroyed	350
2026-08-11T21:06:19Z	SR2CUR	3036	meander	23189	A	C	core_destroyed	281
2026-08-11T21:06:21Z	SR2CUR	3037	meander	23189	B	T	core_destroyed	134
2026-08-11T21:06:23Z	SR2CUR	3038	nordkap	23189	A	C	core_destroyed	217
2026-08-11T21:06:25Z	SR2CUR	3039	nordkap	23189	B	T	core_destroyed	220
2026-08-11T21:06:27Z	SR2CUR	3040	antler	23190	A	T	core_destroyed	469
2026-08-11T21:06:28Z	SR2CUR	3041	antler	23190	B	C	core_destroyed	103
2026-08-11T21:06:30Z	SR2CUR	3042	atoll	23190	A	T	core_destroyed	195
2026-08-11T21:06:31Z	SR2CUR	3043	atoll	23190	B	T	core_destroyed	149
2026-08-11T21:06:36Z	SR2CUR	3044	drumlin	23190	A	T	core_destroyed	303
2026-08-11T21:06:37Z	SR2CUR	3045	drumlin	23190	B	T	core_destroyed	171
2026-08-11T21:06:39Z	SR2CUR	3046	fjordgate	23190	A	T	core_destroyed	76
2026-08-11T21:06:40Z	SR2CUR	3047	fjordgate	23190	B	C	core_destroyed	163
2026-08-11T21:06:45Z	SR2CUR	3048	heart	23190	A	C	core_destroyed	278
2026-08-11T21:06:49Z	SR2CUR	3049	heart	23190	B	T	core_destroyed	271
2026-08-11T21:06:55Z	SR2CUR	3050	hive	23190	A	C	core_destroyed	444
2026-08-11T21:06:57Z	SR2CUR	3051	hive	23190	B	C	core_destroyed	197
2026-08-11T21:07:01Z	SR2CUR	3052	meander	23190	A	T	core_destroyed	281
2026-08-11T21:07:02Z	SR2CUR	3053	meander	23190	B	C	core_destroyed	144
2026-08-11T21:07:03Z	SR2CUR	3054	nordkap	23190	A	C	core_destroyed	156
2026-08-11T21:07:06Z	SR2CUR	3055	nordkap	23190	B	C	core_destroyed	223
2026-08-11T21:07:08Z	SR2CUR	3056	antler	23191	A	C	core_destroyed	269
2026-08-11T21:07:10Z	SR2CUR	3057	antler	23191	B	T	core_destroyed	178
2026-08-11T21:07:11Z	SR2CUR	3058	atoll	23191	A	C	core_destroyed	142
2026-08-11T21:07:17Z	SR2CUR	3059	atoll	23191	B	C	core_destroyed	904
2026-08-11T21:07:19Z	SR2CUR	3060	drumlin	23191	A	C	core_destroyed	95
2026-08-11T21:07:25Z	SR2CUR	3061	drumlin	23191	B	T	core_destroyed	423
2026-08-11T21:07:27Z	SR2CUR	3062	fjordgate	23191	A	T	core_destroyed	143
2026-08-11T21:07:28Z	SR2CUR	3063	fjordgate	23191	B	T	core_destroyed	161
2026-08-11T21:07:30Z	SR2CUR	3064	heart	23191	A	T	core_destroyed	148
2026-08-11T21:07:39Z	SR2CUR	3065	heart	23191	B	T	core_destroyed	560
2026-08-11T21:07:45Z	SR2CUR	3066	hive	23191	A	T	core_destroyed	381
2026-08-11T21:07:50Z	SR2CUR	3067	hive	23191	B	C	core_destroyed	347
2026-08-11T21:07:51Z	SR2CUR	3068	meander	23191	A	C	core_destroyed	128
2026-08-11T21:07:53Z	SR2CUR	3069	meander	23191	B	T	core_destroyed	122
2026-08-11T21:07:55Z	SR2CUR	3070	nordkap	23191	A	C	core_destroyed	383
2026-08-11T21:07:59Z	SR2CUR	3071	nordkap	23191	B	C	core_destroyed	323
2026-08-11T21:08:01Z	SR2CUR	3072	antler	23192	A	C	core_destroyed	156
2026-08-11T21:08:02Z	SR2CUR	3073	antler	23192	B	C	core_destroyed	278
2026-08-11T21:08:04Z	SR2CUR	3074	atoll	23192	A	C	core_destroyed	125
2026-08-11T21:08:05Z	SR2CUR	3075	atoll	23192	B	T	core_destroyed	94
2026-08-11T21:08:07Z	SR2CUR	3076	drumlin	23192	A	C	core_destroyed	211
2026-08-11T21:08:10Z	SR2CUR	3077	drumlin	23192	B	T	core_destroyed	159
2026-08-11T21:08:12Z	SR2CUR	3078	fjordgate	23192	A	T	core_destroyed	362
2026-08-11T21:08:13Z	SR2CUR	3079	fjordgate	23192	B	C	core_destroyed	162
2026-08-11T21:08:16Z	SR2CUR	3080	heart	23192	A	T	core_destroyed	106
2026-08-11T21:08:20Z	SR2CUR	3081	heart	23192	B	C	core_destroyed	252
2026-08-11T21:08:23Z	SR2CUR	3082	hive	23192	A	C	core_destroyed	204
2026-08-11T21:08:25Z	SR2CUR	3083	hive	23192	B	C	core_destroyed	197
2026-08-11T21:08:27Z	SR2CUR	3084	meander	23192	A	T	core_destroyed	200
2026-08-11T21:08:29Z	SR2CUR	3085	meander	23192	B	T	core_destroyed	129
2026-08-11T21:08:33Z	SR2CUR	3086	nordkap	23192	A	T	core_destroyed	325
2026-08-11T21:08:35Z	SR2CUR	3087	nordkap	23192	B	T	core_destroyed	270
2026-08-11T21:08:37Z	SR2CUR	3088	antler	23193	A	C	core_destroyed	292
2026-08-11T21:08:39Z	SR2CUR	3089	antler	23193	B	T	core_destroyed	192
2026-08-11T21:08:43Z	SR2CUR	3090	atoll	23193	A	T	tiebreak	1000
2026-08-11T21:08:50Z	SR2CUR	3091	atoll	23193	B	C	tiebreak	1000
2026-08-11T21:08:56Z	SR2CUR	3092	drumlin	23193	A	C	core_destroyed	490
2026-08-11T21:08:59Z	SR2CUR	3093	drumlin	23193	B	T	core_destroyed	281
2026-08-11T21:09:01Z	SR2CUR	3094	fjordgate	23193	A	T	core_destroyed	175
2026-08-11T21:09:02Z	SR2CUR	3095	fjordgate	23193	B	T	core_destroyed	198
2026-08-11T21:09:04Z	SR2CUR	3096	heart	23193	A	C	core_destroyed	131
2026-08-11T21:09:10Z	SR2CUR	3097	heart	23193	B	C	core_destroyed	367
2026-08-11T21:09:12Z	SR2CUR	3098	hive	23193	A	C	core_destroyed	176
2026-08-11T21:09:15Z	SR2CUR	3099	hive	23193	B	T	tiebreak	161
2026-08-11T21:09:16Z	SR2CUR	3100	meander	23193	A	T	core_destroyed	120
2026-08-11T21:09:18Z	SR2CUR	3101	meander	23193	B	T	core_destroyed	175
2026-08-11T21:09:20Z	SR2CUR	3102	nordkap	23193	A	T	core_destroyed	190
2026-08-11T21:09:23Z	SR2CUR	3103	nordkap	23193	B	C	core_destroyed	434
2026-08-11T21:09:24Z	SR2CUR	3104	antler	23194	A	C	core_destroyed	190
2026-08-11T21:09:26Z	SR2CUR	3105	antler	23194	B	C	core_destroyed	173
2026-08-11T21:09:28Z	SR2CUR	3106	atoll	23194	A	C	core_destroyed	240
2026-08-11T21:09:31Z	SR2CUR	3107	atoll	23194	B	T	core_destroyed	205
2026-08-11T21:09:32Z	SR2CUR	3108	drumlin	23194	A	C	core_destroyed	182
2026-08-11T21:09:36Z	SR2CUR	3109	drumlin	23194	B	C	core_destroyed	272
2026-08-11T21:09:37Z	SR2CUR	3110	fjordgate	23194	A	T	core_destroyed	253
2026-08-11T21:09:41Z	SR2CUR	3111	fjordgate	23194	B	C	tiebreak	1000
2026-08-11T21:09:44Z	SR2CUR	3112	heart	23194	A	C	core_destroyed	240
2026-08-11T21:09:48Z	SR2CUR	3113	heart	23194	B	T	core_destroyed	280
2026-08-11T21:09:52Z	SR2CUR	3114	hive	23194	A	T	core_destroyed	217
2026-08-11T21:09:55Z	SR2CUR	3115	hive	23194	B	T	core_destroyed	227
2026-08-11T21:09:57Z	SR2CUR	3116	meander	23194	A	C	core_destroyed	138
2026-08-11T21:09:58Z	SR2CUR	3117	meander	23194	B	C	core_destroyed	153
2026-08-11T21:10:00Z	SR2CUR	3118	nordkap	23194	A	T	core_destroyed	96
2026-08-11T21:10:01Z	SR2CUR	3119	nordkap	23194	B	T	core_destroyed	138
2026-08-11T21:10:03Z	SR2CUR	3120	antler	23195	A	T	core_destroyed	157
2026-08-11T21:10:05Z	SR2CUR	3121	antler	23195	B	T	core_destroyed	182
2026-08-11T21:10:07Z	SR2CUR	3122	atoll	23195	A	C	core_destroyed	212
2026-08-11T21:10:08Z	SR2CUR	3123	atoll	23195	B	T	core_destroyed	172
2026-08-11T21:10:10Z	SR2CUR	3124	drumlin	23195	A	T	core_destroyed	114
2026-08-11T21:10:13Z	SR2CUR	3125	drumlin	23195	B	T	core_destroyed	239
2026-08-11T21:10:15Z	SR2CUR	3126	fjordgate	23195	A	C	core_destroyed	181
2026-08-11T21:10:17Z	SR2CUR	3127	fjordgate	23195	B	T	core_destroyed	415
2026-08-11T21:10:21Z	SR2CUR	3128	heart	23195	A	T	core_destroyed	191
2026-08-11T21:10:24Z	SR2CUR	3129	heart	23195	B	C	core_destroyed	184
2026-08-11T21:10:27Z	SR2CUR	3130	hive	23195	A	C	core_destroyed	148
2026-08-11T21:10:31Z	SR2CUR	3131	hive	23195	B	T	core_destroyed	234
2026-08-11T21:10:33Z	SR2CUR	3132	meander	23195	A	C	core_destroyed	140
2026-08-11T21:10:35Z	SR2CUR	3133	meander	23195	B	C	core_destroyed	261
2026-08-11T21:10:39Z	SR2CUR	3134	nordkap	23195	A	C	core_destroyed	257
2026-08-11T21:10:42Z	SR2CUR	3135	nordkap	23195	B	C	core_destroyed	249
2026-08-11T21:10:43Z	SR2CUR	3136	antler	23196	A	C	core_destroyed	176
2026-08-11T21:10:46Z	SR2CUR	3137	antler	23196	B	C	core_destroyed	361
2026-08-11T21:10:48Z	SR2CUR	3138	atoll	23196	A	C	core_destroyed	149
2026-08-11T21:10:51Z	SR2CUR	3139	atoll	23196	B	T	core_destroyed	296
2026-08-11T21:10:53Z	SR2CUR	3140	drumlin	23196	A	C	core_destroyed	140
2026-08-11T21:10:56Z	SR2CUR	3141	drumlin	23196	B	C	core_destroyed	244
2026-08-11T21:10:57Z	SR2CUR	3142	fjordgate	23196	A	C	core_destroyed	187
2026-08-11T21:10:59Z	SR2CUR	3143	fjordgate	23196	B	C	tiebreak	136
2026-08-11T21:11:06Z	SR2CUR	3144	heart	23196	A	T	core_destroyed	422
2026-08-11T21:11:08Z	SR2CUR	3145	heart	23196	B	T	core_destroyed	190
2026-08-11T21:11:11Z	SR2CUR	3146	hive	23196	A	C	core_destroyed	378
2026-08-11T21:11:15Z	SR2CUR	3147	hive	23196	B	C	core_destroyed	280
2026-08-11T21:11:16Z	SR2CUR	3148	meander	23196	A	C	core_destroyed	139
2026-08-11T21:11:18Z	SR2CUR	3149	meander	23196	B	C	core_destroyed	205
2026-08-11T21:11:20Z	SR2CUR	3150	nordkap	23196	A	C	core_destroyed	178
2026-08-11T21:11:22Z	SR2CUR	3151	nordkap	23196	B	C	core_destroyed	189
2026-08-11T21:11:23Z	SR2CUR	3152	antler	23197	A	C	core_destroyed	355
2026-08-11T21:11:25Z	SR2CUR	3153	antler	23197	B	T	core_destroyed	183
2026-08-11T21:11:27Z	SR2CUR	3154	atoll	23197	A	C	core_destroyed	118
2026-08-11T21:11:30Z	SR2CUR	3155	atoll	23197	B	T	core_destroyed	212
2026-08-11T21:11:32Z	SR2CUR	3156	drumlin	23197	A	T	core_destroyed	207
2026-08-11T21:11:34Z	SR2CUR	3157	drumlin	23197	B	C	core_destroyed	165
2026-08-11T21:11:35Z	SR2CUR	3158	fjordgate	23197	A	T	core_destroyed	128
2026-08-11T21:11:37Z	SR2CUR	3159	fjordgate	23197	B	T	core_destroyed	127
2026-08-11T21:11:43Z	SR2CUR	3160	heart	23197	A	C	core_destroyed	327
2026-08-11T21:11:51Z	SR2CUR	3161	heart	23197	B	T	core_destroyed	540
2026-08-11T21:11:54Z	SR2CUR	3162	hive	23197	A	T	core_destroyed	210
2026-08-11T21:11:57Z	SR2CUR	3163	hive	23197	B	C	core_destroyed	168
2026-08-11T21:11:58Z	SR2CUR	3164	meander	23197	A	C	core_destroyed	244
2026-08-11T21:12:00Z	SR2CUR	3165	meander	23197	B	C	core_destroyed	174
2026-08-11T21:12:02Z	SR2CUR	3166	nordkap	23197	A	C	core_destroyed	221
2026-08-11T21:12:04Z	SR2CUR	3167	nordkap	23197	B	T	core_destroyed	177
2026-08-11T21:12:05Z	SR2CUR	3168	antler	23198	A	C	core_destroyed	235
2026-08-11T21:12:10Z	SR2CUR	3169	antler	23198	B	T	core_destroyed	798
2026-08-11T21:12:12Z	SR2CUR	3170	atoll	23198	A	C	core_destroyed	564
2026-08-11T21:12:14Z	SR2CUR	3171	atoll	23198	B	T	core_destroyed	118
2026-08-11T21:12:19Z	SR2CUR	3172	drumlin	23198	A	C	core_destroyed	347
2026-08-11T21:12:22Z	SR2CUR	3173	drumlin	23198	B	T	core_destroyed	261
2026-08-11T21:12:23Z	SR2CUR	3174	fjordgate	23198	A	C	core_destroyed	144
2026-08-11T21:12:25Z	SR2CUR	3175	fjordgate	23198	B	C	core_destroyed	253
2026-08-11T21:12:27Z	SR2CUR	3176	heart	23198	A	C	core_destroyed	143
2026-08-11T21:12:29Z	SR2CUR	3177	heart	23198	B	C	core_destroyed	138
2026-08-11T21:12:32Z	SR2CUR	3178	hive	23198	A	T	core_destroyed	180
2026-08-11T21:12:36Z	SR2CUR	3179	hive	23198	B	C	core_destroyed	310
2026-08-11T21:12:38Z	SR2CUR	3180	meander	23198	A	T	core_destroyed	144
2026-08-11T21:12:40Z	SR2CUR	3181	meander	23198	B	C	core_destroyed	202
2026-08-11T21:12:42Z	SR2CUR	3182	nordkap	23198	A	T	core_destroyed	191
2026-08-11T21:12:44Z	SR2CUR	3183	nordkap	23198	B	C	core_destroyed	190
2026-08-11T21:12:46Z	SR2CUR	3184	antler	23199	A	T	core_destroyed	477
2026-08-11T21:12:49Z	SR2CUR	3185	antler	23199	B	T	core_destroyed	289
2026-08-11T21:12:53Z	SR2CUR	3186	atoll	23199	A	T	core_destroyed	661
2026-08-11T21:12:54Z	SR2CUR	3187	atoll	23199	B	T	core_destroyed	118
2026-08-11T21:12:58Z	SR2CUR	3188	drumlin	23199	A	T	core_destroyed	299
2026-08-11T21:13:01Z	SR2CUR	3189	drumlin	23199	B	C	core_destroyed	256
2026-08-11T21:13:02Z	SR2CUR	3190	fjordgate	23199	A	C	core_destroyed	132
2026-08-11T21:13:05Z	SR2CUR	3191	fjordgate	23199	B	C	core_destroyed	323
2026-08-11T21:13:08Z	SR2CUR	3192	heart	23199	A	C	core_destroyed	159
2026-08-11T21:13:11Z	SR2CUR	3193	heart	23199	B	C	core_destroyed	188
2026-08-11T21:13:14Z	SR2CUR	3194	hive	23199	A	T	core_destroyed	224
2026-08-11T21:13:18Z	SR2CUR	3195	hive	23199	B	T	core_destroyed	215
2026-08-11T21:13:20Z	SR2CUR	3196	meander	23199	A	C	core_destroyed	184
2026-08-11T21:13:22Z	SR2CUR	3197	meander	23199	B	C	core_destroyed	150
2026-08-11T21:13:23Z	SR2CUR	3198	nordkap	23199	A	T	core_destroyed	141
2026-08-11T21:13:25Z	SR2CUR	3199	nordkap	23199	B	T	core_destroyed	266
2026-08-11T21:13:27Z	SR2CUR	3200	antler	23200	A	T	core_destroyed	161
2026-08-11T21:13:29Z	SR2CUR	3201	antler	23200	B	T	core_destroyed	239
2026-08-11T21:13:31Z	SR2CUR	3202	atoll	23200	A	C	core_destroyed	94
2026-08-11T21:13:36Z	SR2CUR	3203	atoll	23200	B	C	core_destroyed	528
2026-08-11T21:13:40Z	SR2CUR	3204	drumlin	23200	A	C	core_destroyed	387
2026-08-11T21:13:44Z	SR2CUR	3205	drumlin	23200	B	T	core_destroyed	320
2026-08-11T21:13:46Z	SR2CUR	3206	fjordgate	23200	A	T	core_destroyed	154
2026-08-11T21:13:47Z	SR2CUR	3207	fjordgate	23200	B	T	core_destroyed	140
2026-08-11T21:13:51Z	SR2CUR	3208	heart	23200	A	T	core_destroyed	296
2026-08-11T21:13:54Z	SR2CUR	3209	heart	23200	B	C	core_destroyed	229
2026-08-11T21:13:56Z	SR2CUR	3210	hive	23200	A	T	core_destroyed	217
2026-08-11T21:14:04Z	SR2CUR	3211	hive	23200	B	T	core_destroyed	453
2026-08-11T21:14:06Z	SR2CUR	3212	meander	23200	A	T	core_destroyed	186
2026-08-11T21:14:08Z	SR2CUR	3213	meander	23200	B	C	core_destroyed	181
2026-08-11T21:14:11Z	SR2CUR	3214	nordkap	23200	A	T	core_destroyed	384
2026-08-11T21:14:13Z	SR2CUR	3215	nordkap	23200	B	C	core_destroyed	193
2026-08-11T21:14:15Z	SR2CUR	3216	antler	23201	A	T	core_destroyed	232
2026-08-11T21:14:17Z	SR2CUR	3217	antler	23201	B	T	core_destroyed	138
2026-08-11T21:14:20Z	SR2CUR	3218	atoll	23201	A	C	core_destroyed	250
2026-08-11T21:14:25Z	SR2CUR	3219	atoll	23201	B	C	tiebreak	1000
2026-08-11T21:14:28Z	SR2CUR	3220	drumlin	23201	A	C	core_destroyed	233
2026-08-11T21:14:31Z	SR2CUR	3221	drumlin	23201	B	T	core_destroyed	186
2026-08-11T21:14:33Z	SR2CUR	3222	fjordgate	23201	A	T	core_destroyed	191
2026-08-11T21:14:35Z	SR2CUR	3223	fjordgate	23201	B	T	core_destroyed	242
2026-08-11T21:14:41Z	SR2CUR	3224	heart	23201	A	T	core_destroyed	354
2026-08-11T21:14:52Z	SR2CUR	3225	heart	23201	B	C	core_destroyed	495
2026-08-11T21:14:57Z	SR2CUR	3226	hive	23201	A	C	core_destroyed	298
2026-08-11T21:15:00Z	SR2CUR	3227	hive	23201	B	C	core_destroyed	186
2026-08-11T21:15:02Z	SR2CUR	3228	meander	23201	A	C	core_destroyed	154
2026-08-11T21:15:04Z	SR2CUR	3229	meander	23201	B	T	core_destroyed	218
2026-08-11T21:15:05Z	SR2CUR	3230	nordkap	23201	A	T	core_destroyed	161
2026-08-11T21:15:07Z	SR2CUR	3231	nordkap	23201	B	T	core_destroyed	206
2026-08-11T21:15:09Z	SR2CUR	3232	antler	23202	A	T	core_destroyed	174
2026-08-11T21:15:11Z	SR2CUR	3233	antler	23202	B	C	core_destroyed	230
2026-08-11T21:15:14Z	SR2CUR	3234	atoll	23202	A	T	core_destroyed	248
2026-08-11T21:15:16Z	SR2CUR	3235	atoll	23202	B	C	core_destroyed	231
2026-08-11T21:15:21Z	SR2CUR	3236	drumlin	23202	A	T	core_destroyed	333
2026-08-11T21:15:24Z	SR2CUR	3237	drumlin	23202	B	C	core_destroyed	188
2026-08-11T21:15:25Z	SR2CUR	3238	fjordgate	23202	A	C	core_destroyed	126
2026-08-11T21:15:26Z	SR2CUR	3239	fjordgate	23202	B	C	core_destroyed	166
2026-08-11T21:15:36Z	SR2CUR	3240	heart	23202	A	T	tiebreak	1000
2026-08-11T21:15:41Z	SR2CUR	3241	heart	23202	B	T	core_destroyed	285
2026-08-11T21:15:47Z	SR2CUR	3242	hive	23202	A	C	core_destroyed	401
2026-08-11T21:15:51Z	SR2CUR	3243	hive	23202	B	T	core_destroyed	213
2026-08-11T21:15:53Z	SR2CUR	3244	meander	23202	A	T	core_destroyed	195
2026-08-11T21:15:56Z	SR2CUR	3245	meander	23202	B	T	tiebreak	1000
2026-08-11T21:15:58Z	SR2CUR	3246	nordkap	23202	A	C	core_destroyed	196
2026-08-11T21:16:00Z	SR2CUR	3247	nordkap	23202	B	C	core_destroyed	187
2026-08-11T21:16:05Z	SR2CUR	3248	antler	23203	A	C	core_destroyed	487
2026-08-11T21:16:06Z	SR2CUR	3249	antler	23203	B	C	core_destroyed	129
2026-08-11T21:16:11Z	SR2CUR	3250	atoll	23203	A	T	core_destroyed	702
2026-08-11T21:16:17Z	SR2CUR	3251	atoll	23203	B	C	core_destroyed	477
2026-08-11T21:16:19Z	SR2CUR	3252	drumlin	23203	A	T	core_destroyed	177
2026-08-11T21:16:23Z	SR2CUR	3253	drumlin	23203	B	T	core_destroyed	293
2026-08-11T21:16:24Z	SR2CUR	3254	fjordgate	23203	A	T	core_destroyed	134
2026-08-11T21:16:26Z	SR2CUR	3255	fjordgate	23203	B	C	tiebreak	1000
2026-08-11T21:16:29Z	SR2CUR	3256	heart	23203	A	C	core_destroyed	172
2026-08-11T21:16:33Z	SR2CUR	3257	heart	23203	B	T	core_destroyed	193
2026-08-11T21:16:40Z	SR2CUR	3258	hive	23203	A	T	core_destroyed	512
2026-08-11T21:16:44Z	SR2CUR	3259	hive	23203	B	C	core_destroyed	354
2026-08-11T21:16:46Z	SR2CUR	3260	meander	23203	A	C	core_destroyed	147
2026-08-11T21:16:49Z	SR2CUR	3261	meander	23203	B	T	core_destroyed	210
2026-08-11T21:16:52Z	SR2CUR	3262	nordkap	23203	A	T	core_destroyed	247
2026-08-11T21:16:54Z	SR2CUR	3263	nordkap	23203	B	T	core_destroyed	237
2026-08-11T21:16:56Z	SR2CUR	3264	antler	23204	A	T	core_destroyed	169
2026-08-11T21:16:59Z	SR2CUR	3265	antler	23204	B	C	core_destroyed	421
2026-08-11T21:17:00Z	SR2CUR	3266	atoll	23204	A	T	core_destroyed	186
2026-08-11T21:17:02Z	SR2CUR	3267	atoll	23204	B	T	core_destroyed	108
2026-08-11T21:17:05Z	SR2CUR	3268	drumlin	23204	A	C	core_destroyed	256
2026-08-11T21:17:09Z	SR2CUR	3269	drumlin	23204	B	T	core_destroyed	334
2026-08-11T21:17:10Z	SR2CUR	3270	fjordgate	23204	A	T	core_destroyed	143
2026-08-11T21:17:11Z	SR2CUR	3271	fjordgate	23204	B	C	core_destroyed	128
2026-08-11T21:17:14Z	SR2CUR	3272	heart	23204	A	C	core_destroyed	232
2026-08-11T21:17:17Z	SR2CUR	3273	heart	23204	B	C	core_destroyed	185
2026-08-11T21:17:22Z	SR2CUR	3274	hive	23204	A	T	core_destroyed	384
2026-08-11T21:17:25Z	SR2CUR	3275	hive	23204	B	C	core_destroyed	206
2026-08-11T21:17:27Z	SR2CUR	3276	meander	23204	A	T	core_destroyed	295
2026-08-11T21:17:29Z	SR2CUR	3277	meander	23204	B	C	core_destroyed	120
2026-08-11T21:17:30Z	SR2CUR	3278	nordkap	23204	A	T	core_destroyed	102
2026-08-11T21:17:33Z	SR2CUR	3279	nordkap	23204	B	C	core_destroyed	304
2026-08-11T21:17:35Z	SR2CUR	3280	antler	23205	A	T	core_destroyed	265
2026-08-11T21:17:37Z	SR2CUR	3281	antler	23205	B	C	core_destroyed	167
2026-08-11T21:17:40Z	SR2CUR	3282	atoll	23205	A	T	core_destroyed	356
2026-08-11T21:17:44Z	SR2CUR	3283	atoll	23205	B	C	core_destroyed	269
2026-08-11T21:17:47Z	SR2CUR	3284	drumlin	23205	A	C	core_destroyed	243
2026-08-11T21:17:52Z	SR2CUR	3285	drumlin	23205	B	C	core_destroyed	360
2026-08-11T21:17:54Z	SR2CUR	3286	fjordgate	23205	A	C	core_destroyed	206
2026-08-11T21:17:55Z	SR2CUR	3287	fjordgate	23205	B	T	core_destroyed	222
2026-08-11T21:17:59Z	SR2CUR	3288	heart	23205	A	C	core_destroyed	355
2026-08-11T21:18:03Z	SR2CUR	3289	heart	23205	B	T	core_destroyed	337
2026-08-11T21:18:07Z	SR2CUR	3290	hive	23205	A	T	core_destroyed	175
2026-08-11T21:18:10Z	SR2CUR	3291	hive	23205	B	C	core_destroyed	236
2026-08-11T21:18:13Z	SR2CUR	3292	meander	23205	A	T	core_destroyed	212
2026-08-11T21:18:15Z	SR2CUR	3293	meander	23205	B	C	core_destroyed	316
2026-08-11T21:18:18Z	SR2CUR	3294	nordkap	23205	A	T	core_destroyed	367
2026-08-11T21:18:21Z	SR2CUR	3295	nordkap	23205	B	T	core_destroyed	292
2026-08-11T21:18:23Z	SR2CUR	3296	antler	23206	A	T	core_destroyed	167
2026-08-11T21:18:25Z	SR2CUR	3297	antler	23206	B	T	core_destroyed	233
2026-08-11T21:18:27Z	SR2CUR	3298	atoll	23206	A	C	core_destroyed	158
2026-08-11T21:18:28Z	SR2CUR	3299	atoll	23206	B	T	core_destroyed	132
2026-08-11T21:18:31Z	SR2CUR	3300	drumlin	23206	A	T	core_destroyed	193
2026-08-11T21:18:35Z	SR2CUR	3301	drumlin	23206	B	C	core_destroyed	250
2026-08-11T21:18:36Z	SR2CUR	3302	fjordgate	23206	A	C	core_destroyed	244
2026-08-11T21:18:37Z	SR2CUR	3303	fjordgate	23206	B	T	core_destroyed	109
2026-08-11T21:18:45Z	SR2CUR	3304	heart	23206	A	C	tiebreak	1000
2026-08-11T21:18:50Z	SR2CUR	3305	heart	23206	B	C	core_destroyed	590
2026-08-11T21:18:55Z	SR2CUR	3306	hive	23206	A	C	core_destroyed	268
2026-08-11T21:19:04Z	SR2CUR	3307	hive	23206	B	C	core_destroyed	501
2026-08-11T21:19:05Z	SR2CUR	3308	meander	23206	A	C	core_destroyed	152
2026-08-11T21:19:07Z	SR2CUR	3309	meander	23206	B	C	core_destroyed	245
2026-08-11T21:19:09Z	SR2CUR	3310	nordkap	23206	A	C	core_destroyed	266
2026-08-11T21:19:11Z	SR2CUR	3311	nordkap	23206	B	T	core_destroyed	250
2026-08-11T21:19:12Z	SR2CUR	3312	antler	23207	A	T	core_destroyed	91
2026-08-11T21:19:14Z	SR2CUR	3313	antler	23207	B	T	core_destroyed	235
2026-08-11T21:19:18Z	SR2CUR	3314	atoll	23207	A	C	core_destroyed	755
2026-08-11T21:19:20Z	SR2CUR	3315	atoll	23207	B	C	core_destroyed	128
2026-08-11T21:19:23Z	SR2CUR	3316	drumlin	23207	A	T	core_destroyed	234
2026-08-11T21:19:25Z	SR2CUR	3317	drumlin	23207	B	C	core_destroyed	143
2026-08-11T21:19:28Z	SR2CUR	3318	fjordgate	23207	A	T	core_destroyed	498
2026-08-11T21:19:30Z	SR2CUR	3319	fjordgate	23207	B	T	core_destroyed	112
2026-08-11T21:19:34Z	SR2CUR	3320	heart	23207	A	T	core_destroyed	342
2026-08-11T21:19:36Z	SR2CUR	3321	heart	23207	B	C	core_destroyed	234
2026-08-11T21:19:37Z	SR2CUR	3322	hive	23207	A	T	core_destroyed	127
2026-08-11T21:19:43Z	SR2CUR	3323	hive	23207	B	C	core_destroyed	398
2026-08-11T21:19:44Z	SR2CUR	3324	meander	23207	A	C	core_destroyed	188
2026-08-11T21:19:45Z	SR2CUR	3325	meander	23207	B	C	core_destroyed	124
2026-08-11T21:19:48Z	SR2CUR	3326	nordkap	23207	A	C	core_destroyed	260
2026-08-11T21:19:51Z	SR2CUR	3327	nordkap	23207	B	C	core_destroyed	253
2026-08-11T21:19:53Z	SR2CUR	3328	antler	23208	A	C	core_destroyed	492
2026-08-11T21:19:56Z	SR2CUR	3329	antler	23208	B	C	core_destroyed	421
2026-08-11T21:20:00Z	SR2CUR	3330	atoll	23208	A	C	core_destroyed	405
2026-08-11T21:20:02Z	SR2CUR	3331	atoll	23208	B	T	core_destroyed	343
2026-08-11T21:20:05Z	SR2CUR	3332	drumlin	23208	A	T	core_destroyed	340
2026-08-11T21:20:10Z	SR2CUR	3333	drumlin	23208	B	C	core_destroyed	388
2026-08-11T21:20:12Z	SR2CUR	3334	fjordgate	23208	A	C	core_destroyed	644
2026-08-11T21:20:14Z	SR2CUR	3335	fjordgate	23208	B	T	core_destroyed	178
2026-08-11T21:20:16Z	SR2CUR	3336	heart	23208	A	C	core_destroyed	169
2026-08-11T21:20:20Z	SR2CUR	3337	heart	23208	B	C	core_destroyed	255
2026-08-11T21:20:24Z	SR2CUR	3338	hive	23208	A	C	core_destroyed	256
2026-08-11T21:20:26Z	SR2CUR	3339	hive	23208	B	T	core_destroyed	160
2026-08-11T21:20:29Z	SR2CUR	3340	meander	23208	A	C	core_destroyed	205
2026-08-11T21:20:31Z	SR2CUR	3341	meander	23208	B	C	core_destroyed	312
2026-08-11T21:20:33Z	SR2CUR	3342	nordkap	23208	A	T	core_destroyed	130
2026-08-11T21:20:34Z	SR2CUR	3343	nordkap	23208	B	C	core_destroyed	126
2026-08-11T21:20:36Z	SR2CUR	3344	antler	23209	A	C	core_destroyed	228
2026-08-11T21:20:38Z	SR2CUR	3345	antler	23209	B	T	core_destroyed	182
2026-08-11T21:20:41Z	SR2CUR	3346	atoll	23209	A	C	core_destroyed	354
2026-08-11T21:20:42Z	SR2CUR	3347	atoll	23209	B	C	core_destroyed	127
2026-08-11T21:20:46Z	SR2CUR	3348	drumlin	23209	A	C	core_destroyed	274
2026-08-11T21:20:47Z	SR2CUR	3349	drumlin	23209	B	T	core_destroyed	145
2026-08-11T21:20:50Z	SR2CUR	3350	fjordgate	23209	A	T	tiebreak	1000
2026-08-11T21:20:51Z	SR2CUR	3351	fjordgate	23209	B	C	core_destroyed	106
2026-08-11T21:20:53Z	SR2CUR	3352	heart	23209	A	T	core_destroyed	226
2026-08-11T21:20:56Z	SR2CUR	3353	heart	23209	B	T	core_destroyed	209
2026-08-11T21:20:58Z	SR2CUR	3354	hive	23209	A	C	core_destroyed	100
2026-08-11T21:21:00Z	SR2CUR	3355	hive	23209	B	T	core_destroyed	134
2026-08-11T21:21:02Z	SR2CUR	3356	meander	23209	A	C	core_destroyed	180
2026-08-11T21:21:04Z	SR2CUR	3357	meander	23209	B	C	core_destroyed	176
2026-08-11T21:21:05Z	SR2CUR	3358	nordkap	23209	A	T	core_destroyed	186
2026-08-11T21:21:09Z	SR2CUR	3359	nordkap	23209	B	T	core_destroyed	282
2026-08-11T21:21:12Z	SR2CUR	3360	antler	23210	A	T	core_destroyed	287
2026-08-11T21:21:14Z	SR2CUR	3361	antler	23210	B	T	core_destroyed	252
2026-08-11T21:21:16Z	SR2CUR	3362	atoll	23210	A	T	core_destroyed	692
2026-08-11T21:21:18Z	SR2CUR	3363	atoll	23210	B	T	core_destroyed	263
2026-08-11T21:21:21Z	SR2CUR	3364	drumlin	23210	A	C	core_destroyed	211
2026-08-11T21:21:24Z	SR2CUR	3365	drumlin	23210	B	C	core_destroyed	204
2026-08-11T21:21:25Z	SR2CUR	3366	fjordgate	23210	A	T	core_destroyed	224
2026-08-11T21:21:26Z	SR2CUR	3367	fjordgate	23210	B	C	core_destroyed	266
2026-08-11T21:21:30Z	SR2CUR	3368	heart	23210	A	C	core_destroyed	176
2026-08-11T21:21:33Z	SR2CUR	3369	heart	23210	B	C	core_destroyed	419
2026-08-11T21:21:35Z	SR2CUR	3370	hive	23210	A	T	core_destroyed	258
2026-08-11T21:21:40Z	SR2CUR	3371	hive	23210	B	C	core_destroyed	334
2026-08-11T21:21:42Z	SR2CUR	3372	meander	23210	A	C	core_destroyed	240
2026-08-11T21:21:44Z	SR2CUR	3373	meander	23210	B	C	core_destroyed	174
2026-08-11T21:21:45Z	SR2CUR	3374	nordkap	23210	A	C	core_destroyed	257
2026-08-11T21:21:47Z	SR2CUR	3375	nordkap	23210	B	C	core_destroyed	156
2026-08-11T21:21:49Z	SR2CUR	3376	antler	23211	A	T	core_destroyed	204
2026-08-11T21:21:52Z	SR2CUR	3377	antler	23211	B	T	core_destroyed	393
2026-08-11T21:21:54Z	SR2CUR	3378	atoll	23211	A	T	core_destroyed	187
2026-08-11T21:21:56Z	SR2CUR	3379	atoll	23211	B	T	core_destroyed	104
2026-08-11T21:22:00Z	SR2CUR	3380	drumlin	23211	A	T	core_destroyed	484
2026-08-11T21:22:03Z	SR2CUR	3381	drumlin	23211	B	C	core_destroyed	254
2026-08-11T21:22:04Z	SR2CUR	3382	fjordgate	23211	A	C	core_destroyed	164
2026-08-11T21:22:06Z	SR2CUR	3383	fjordgate	23211	B	C	core_destroyed	140
2026-08-11T21:22:14Z	SR2CUR	3384	heart	23211	A	C	core_destroyed	589
2026-08-11T21:22:17Z	SR2CUR	3385	heart	23211	B	T	core_destroyed	220
2026-08-11T21:22:22Z	SR2CUR	3386	hive	23211	A	T	core_destroyed	320
2026-08-11T21:22:24Z	SR2CUR	3387	hive	23211	B	C	core_destroyed	183
2026-08-11T21:22:26Z	SR2CUR	3388	meander	23211	A	C	core_destroyed	168
2026-08-11T21:22:27Z	SR2CUR	3389	meander	23211	B	C	core_destroyed	119
2026-08-11T21:22:29Z	SR2CUR	3390	nordkap	23211	A	C	core_destroyed	298
2026-08-11T21:22:31Z	SR2CUR	3391	nordkap	23211	B	C	core_destroyed	171
2026-08-11T21:22:34Z	SR2CUR	3392	antler	23212	A	T	core_destroyed	223
2026-08-11T21:22:35Z	SR2CUR	3393	antler	23212	B	C	core_destroyed	87
2026-08-11T21:22:42Z	SR2CUR	3394	atoll	23212	A	C	core_destroyed	654
2026-08-11T21:22:43Z	SR2CUR	3395	atoll	23212	B	T	core_destroyed	170
2026-08-11T21:22:47Z	SR2CUR	3396	drumlin	23212	A	C	core_destroyed	316
2026-08-11T21:22:50Z	SR2CUR	3397	drumlin	23212	B	T	core_destroyed	189
2026-08-11T21:22:51Z	SR2CUR	3398	fjordgate	23212	A	T	core_destroyed	200
2026-08-11T21:22:52Z	SR2CUR	3399	fjordgate	23212	B	T	core_destroyed	116
2026-08-11T21:22:56Z	SR2CUR	3400	heart	23212	A	T	core_destroyed	248
2026-08-11T21:23:01Z	SR2CUR	3401	heart	23212	B	T	core_destroyed	433
2026-08-11T21:23:04Z	SR2CUR	3402	hive	23212	A	T	core_destroyed	213
2026-08-11T21:23:09Z	SR2CUR	3403	hive	23212	B	T	core_destroyed	379
2026-08-11T21:23:11Z	SR2CUR	3404	meander	23212	A	T	core_destroyed	282
2026-08-11T21:23:13Z	SR2CUR	3405	meander	23212	B	C	core_destroyed	184
2026-08-11T21:23:15Z	SR2CUR	3406	nordkap	23212	A	C	core_destroyed	190
2026-08-11T21:23:26Z	SR2CUR	3407	nordkap	23212	B	C	tiebreak	1000
2026-08-11T21:23:29Z	SR2CUR	3408	antler	23213	A	C	core_destroyed	368
2026-08-11T21:23:31Z	SR2CUR	3409	antler	23213	B	C	core_destroyed	268
2026-08-11T21:23:32Z	SR2CUR	3410	atoll	23213	A	C	core_destroyed	151
2026-08-11T21:23:34Z	SR2CUR	3411	atoll	23213	B	C	core_destroyed	159
2026-08-11T21:23:36Z	SR2CUR	3412	drumlin	23213	A	C	core_destroyed	150
2026-08-11T21:23:39Z	SR2CUR	3413	drumlin	23213	B	T	core_destroyed	258
2026-08-11T21:23:41Z	SR2CUR	3414	fjordgate	23213	A	T	core_destroyed	239
2026-08-11T21:23:43Z	SR2CUR	3415	fjordgate	23213	B	C	core_destroyed	205
2026-08-11T21:23:58Z	SR2CUR	3416	heart	23213	A	T	core_destroyed	986
2026-08-11T21:24:01Z	SR2CUR	3417	heart	23213	B	T	core_destroyed	218
2026-08-11T21:24:06Z	SR2CUR	3418	hive	23213	A	C	core_destroyed	469
2026-08-11T21:24:08Z	SR2CUR	3419	hive	23213	B	C	core_destroyed	258
2026-08-11T21:24:10Z	SR2CUR	3420	meander	23213	A	C	core_destroyed	157
2026-08-11T21:24:11Z	SR2CUR	3421	meander	23213	B	C	core_destroyed	136
2026-08-11T21:24:14Z	SR2CUR	3422	nordkap	23213	A	C	core_destroyed	282
2026-08-11T21:24:15Z	SR2CUR	3423	nordkap	23213	B	C	core_destroyed	139
2026-08-11T21:24:17Z	SR2CUR	3424	antler	23214	A	T	core_destroyed	166
2026-08-11T21:24:19Z	SR2CUR	3425	antler	23214	B	C	core_destroyed	347
2026-08-11T21:24:30Z	SR2CUR	3426	atoll	23214	A	T	tiebreak	1000
2026-08-11T21:24:31Z	SR2CUR	3427	atoll	23214	B	C	core_destroyed	116
2026-08-11T21:24:35Z	SR2CUR	3428	drumlin	23214	A	T	core_destroyed	281
2026-08-11T21:24:37Z	SR2CUR	3429	drumlin	23214	B	C	core_destroyed	219
2026-08-11T21:24:39Z	SR2CUR	3430	fjordgate	23214	A	T	core_destroyed	340
2026-08-11T21:24:40Z	SR2CUR	3431	fjordgate	23214	B	T	core_destroyed	128
2026-08-11T21:24:43Z	SR2CUR	3432	heart	23214	A	C	core_destroyed	177
2026-08-11T21:24:51Z	SR2CUR	3433	heart	23214	B	T	core_destroyed	511
2026-08-11T21:24:54Z	SR2CUR	3434	hive	23214	A	T	core_destroyed	230
2026-08-11T21:24:57Z	SR2CUR	3435	hive	23214	B	C	core_destroyed	238
2026-08-11T21:25:00Z	SR2CUR	3436	meander	23214	A	C	core_destroyed	250
2026-08-11T21:25:02Z	SR2CUR	3437	meander	23214	B	C	core_destroyed	421
2026-08-11T21:25:06Z	SR2CUR	3438	nordkap	23214	A	C	core_destroyed	290
2026-08-11T21:25:07Z	SR2CUR	3439	nordkap	23214	B	C	core_destroyed	152
2026-08-11T21:25:09Z	SR2CUR	3440	antler	23215	A	C	core_destroyed	202
2026-08-11T21:25:11Z	SR2CUR	3441	antler	23215	B	C	core_destroyed	172
2026-08-11T21:25:13Z	SR2CUR	3442	atoll	23215	A	C	core_destroyed	104
2026-08-11T21:25:17Z	SR2CUR	3443	atoll	23215	B	C	core_destroyed	428
2026-08-11T21:25:20Z	SR2CUR	3444	drumlin	23215	A	T	core_destroyed	201
2026-08-11T21:25:27Z	SR2CUR	3445	drumlin	23215	B	T	core_destroyed	456
2026-08-11T21:25:30Z	SR2CUR	3446	fjordgate	23215	A	C	core_destroyed	579
2026-08-11T21:25:32Z	SR2CUR	3447	fjordgate	23215	B	T	core_destroyed	116
2026-08-11T21:25:36Z	SR2CUR	3448	heart	23215	A	T	core_destroyed	409
2026-08-11T21:25:40Z	SR2CUR	3449	heart	23215	B	T	core_destroyed	204
2026-08-11T21:25:45Z	SR2CUR	3450	hive	23215	A	C	core_destroyed	350
2026-08-11T21:25:49Z	SR2CUR	3451	hive	23215	B	C	core_destroyed	313
2026-08-11T21:25:51Z	SR2CUR	3452	meander	23215	A	C	core_destroyed	159
2026-08-11T21:25:53Z	SR2CUR	3453	meander	23215	B	T	core_destroyed	338
2026-08-11T21:25:55Z	SR2CUR	3454	nordkap	23215	A	C	core_destroyed	178
2026-08-11T21:25:57Z	SR2CUR	3455	nordkap	23215	B	C	core_destroyed	213
2026-08-11T21:25:58Z	SR2CUR	3456	antler	23216	A	T	core_destroyed	184
2026-08-11T21:26:00Z	SR2CUR	3457	antler	23216	B	C	core_destroyed	181
2026-08-11T21:26:01Z	SR2CUR	3458	atoll	23216	A	C	core_destroyed	83
2026-08-11T21:26:03Z	SR2CUR	3459	atoll	23216	B	C	core_destroyed	137
2026-08-11T21:26:04Z	SR2CUR	3460	drumlin	23216	A	T	core_destroyed	125
2026-08-11T21:26:06Z	SR2CUR	3461	drumlin	23216	B	C	core_destroyed	98
2026-08-11T21:26:07Z	SR2CUR	3462	fjordgate	23216	A	T	core_destroyed	109
2026-08-11T21:26:08Z	SR2CUR	3463	fjordgate	23216	B	T	core_destroyed	126
2026-08-11T21:26:12Z	SR2CUR	3464	heart	23216	A	C	core_destroyed	207
2026-08-11T21:26:17Z	SR2CUR	3465	heart	23216	B	T	core_destroyed	301
2026-08-11T21:26:19Z	SR2CUR	3466	hive	23216	A	C	core_destroyed	133
2026-08-11T21:26:22Z	SR2CUR	3467	hive	23216	B	C	core_destroyed	188
2026-08-11T21:26:23Z	SR2CUR	3468	meander	23216	A	C	core_destroyed	144
2026-08-11T21:26:25Z	SR2CUR	3469	meander	23216	B	T	core_destroyed	135
2026-08-11T21:26:28Z	SR2CUR	3470	nordkap	23216	A	T	core_destroyed	324
2026-08-11T21:26:31Z	SR2CUR	3471	nordkap	23216	B	T	core_destroyed	277
2026-08-11T21:26:34Z	SR2CUR	3472	antler	23217	A	C	core_destroyed	333
2026-08-11T21:26:35Z	SR2CUR	3473	antler	23217	B	C	core_destroyed	129
2026-08-11T21:26:37Z	SR2CUR	3474	atoll	23217	A	T	core_destroyed	140
2026-08-11T21:26:39Z	SR2CUR	3475	atoll	23217	B	C	core_destroyed	536
2026-08-11T21:26:42Z	SR2CUR	3476	drumlin	23217	A	T	core_destroyed	258
2026-08-11T21:26:44Z	SR2CUR	3477	drumlin	23217	B	C	core_destroyed	173
2026-08-11T21:26:45Z	SR2CUR	3478	fjordgate	23217	A	C	core_destroyed	122
2026-08-11T21:26:47Z	SR2CUR	3479	fjordgate	23217	B	T	core_destroyed	131
2026-08-11T21:26:50Z	SR2CUR	3480	heart	23217	A	T	core_destroyed	472
2026-08-11T21:26:54Z	SR2CUR	3481	heart	23217	B	C	core_destroyed	348
2026-08-11T21:26:57Z	SR2CUR	3482	hive	23217	A	T	core_destroyed	247
2026-08-11T21:27:01Z	SR2CUR	3483	hive	23217	B	C	core_destroyed	254
2026-08-11T21:27:02Z	SR2CUR	3484	meander	23217	A	C	core_destroyed	199
2026-08-11T21:27:04Z	SR2CUR	3485	meander	23217	B	T	core_destroyed	213
2026-08-11T21:27:06Z	SR2CUR	3486	nordkap	23217	A	T	core_destroyed	105
2026-08-11T21:27:08Z	SR2CUR	3487	nordkap	23217	B	C	core_destroyed	188
2026-08-11T21:27:09Z	SR2CUR	3488	antler	23218	A	C	core_destroyed	143
2026-08-11T21:27:11Z	SR2CUR	3489	antler	23218	B	T	core_destroyed	138
2026-08-11T21:27:16Z	SR2CUR	3490	atoll	23218	A	C	core_destroyed	477
2026-08-11T21:27:19Z	SR2CUR	3491	atoll	23218	B	T	tiebreak	1000
2026-08-11T21:27:22Z	SR2CUR	3492	drumlin	23218	A	C	core_destroyed	193
2026-08-11T21:27:27Z	SR2CUR	3493	drumlin	23218	B	C	core_destroyed	375
2026-08-11T21:27:29Z	SR2CUR	3494	fjordgate	23218	A	T	core_destroyed	154
2026-08-11T21:27:31Z	SR2CUR	3495	fjordgate	23218	B	C	core_destroyed	174
2026-08-11T21:27:35Z	SR2CUR	3496	heart	23218	A	T	core_destroyed	799
2026-08-11T21:27:38Z	SR2CUR	3497	heart	23218	B	T	core_destroyed	173
2026-08-11T21:27:40Z	SR2CUR	3498	hive	23218	A	C	core_destroyed	253
2026-08-11T21:27:42Z	SR2CUR	3499	hive	23218	B	T	core_destroyed	148
2026-08-11T21:27:44Z	SR2CUR	3500	meander	23218	A	C	core_destroyed	112
2026-08-11T21:27:46Z	SR2CUR	3501	meander	23218	B	T	core_destroyed	150
2026-08-11T21:27:48Z	SR2CUR	3502	nordkap	23218	A	T	core_destroyed	231
2026-08-11T21:27:51Z	SR2CUR	3503	nordkap	23218	B	C	core_destroyed	227
2026-08-11T21:27:52Z	SR2CUR	3504	antler	23219	A	T	core_destroyed	113
2026-08-11T21:27:54Z	SR2CUR	3505	antler	23219	B	T	core_destroyed	265
2026-08-11T21:27:55Z	SR2CUR	3506	atoll	23219	A	C	core_destroyed	88
2026-08-11T21:27:57Z	SR2CUR	3507	atoll	23219	B	T	core_destroyed	266
2026-08-11T21:28:01Z	SR2CUR	3508	drumlin	23219	A	T	core_destroyed	261
2026-08-11T21:28:04Z	SR2CUR	3509	drumlin	23219	B	C	core_destroyed	295
2026-08-11T21:28:08Z	SR2CUR	3510	fjordgate	23219	A	C	core_destroyed	829
2026-08-11T21:28:09Z	SR2CUR	3511	fjordgate	23219	B	T	core_destroyed	209
2026-08-11T21:28:13Z	SR2CUR	3512	heart	23219	A	T	core_destroyed	199
2026-08-11T21:28:15Z	SR2CUR	3513	heart	23219	B	C	core_destroyed	127
2026-08-11T21:28:18Z	SR2CUR	3514	hive	23219	A	C	core_destroyed	212
2026-08-11T21:28:23Z	SR2CUR	3515	hive	23219	B	T	core_destroyed	295
2026-08-11T21:28:26Z	SR2CUR	3516	meander	23219	A	T	core_destroyed	321
2026-08-11T21:28:28Z	SR2CUR	3517	meander	23219	B	C	core_destroyed	154
2026-08-11T21:28:29Z	SR2CUR	3518	nordkap	23219	A	C	core_destroyed	253
2026-08-11T21:28:31Z	SR2CUR	3519	nordkap	23219	B	T	core_destroyed	245
2026-08-11T21:28:33Z	SR2CUR	3520	antler	23220	A	T	core_destroyed	202
2026-08-11T21:28:35Z	SR2CUR	3521	antler	23220	B	C	core_destroyed	139
2026-08-11T21:28:37Z	SR2CUR	3522	atoll	23220	A	C	core_destroyed	152
2026-08-11T21:28:38Z	SR2CUR	3523	atoll	23220	B	T	core_destroyed	192
2026-08-11T21:28:43Z	SR2CUR	3524	drumlin	23220	A	C	core_destroyed	416
2026-08-11T21:28:46Z	SR2CUR	3525	drumlin	23220	B	C	core_destroyed	234
2026-08-11T21:28:47Z	SR2CUR	3526	fjordgate	23220	A	T	core_destroyed	104
2026-08-11T21:28:49Z	SR2CUR	3527	fjordgate	23220	B	T	core_destroyed	198
2026-08-11T21:28:56Z	SR2CUR	3528	heart	23220	A	T	core_destroyed	599
2026-08-11T21:28:59Z	SR2CUR	3529	heart	23220	B	T	core_destroyed	160
2026-08-11T21:29:04Z	SR2CUR	3530	hive	23220	A	C	core_destroyed	362
2026-08-11T21:29:07Z	SR2CUR	3531	hive	23220	B	C	core_destroyed	214
2026-08-11T21:29:09Z	SR2CUR	3532	meander	23220	A	C	core_destroyed	153
2026-08-11T21:29:11Z	SR2CUR	3533	meander	23220	B	T	core_destroyed	157
2026-08-11T21:29:14Z	SR2CUR	3534	nordkap	23220	A	C	core_destroyed	378
2026-08-11T21:29:16Z	SR2CUR	3535	nordkap	23220	B	T	core_destroyed	190
2026-08-11T21:29:18Z	SR2CUR	3536	antler	23221	A	C	core_destroyed	316
2026-08-11T21:29:20Z	SR2CUR	3537	antler	23221	B	C	core_destroyed	160
2026-08-11T21:29:22Z	SR2CUR	3538	atoll	23221	A	C	core_destroyed	409
2026-08-11T21:29:24Z	SR2CUR	3539	atoll	23221	B	T	core_destroyed	211
2026-08-11T21:29:26Z	SR2CUR	3540	drumlin	23221	A	T	core_destroyed	240
2026-08-11T21:29:30Z	SR2CUR	3541	drumlin	23221	B	T	core_destroyed	424
2026-08-11T21:29:31Z	SR2CUR	3542	fjordgate	23221	A	T	core_destroyed	146
2026-08-11T21:29:33Z	SR2CUR	3543	fjordgate	23221	B	T	core_destroyed	179
2026-08-11T21:29:35Z	SR2CUR	3544	heart	23221	A	T	core_destroyed	136
2026-08-11T21:29:39Z	SR2CUR	3545	heart	23221	B	T	core_destroyed	306
2026-08-11T21:29:41Z	SR2CUR	3546	hive	23221	A	T	core_destroyed	128
2026-08-11T21:29:45Z	SR2CUR	3547	hive	23221	B	C	core_destroyed	309
2026-08-11T21:29:47Z	SR2CUR	3548	meander	23221	A	T	core_destroyed	170
2026-08-11T21:29:48Z	SR2CUR	3549	meander	23221	B	T	core_destroyed	221
2026-08-11T21:29:50Z	SR2CUR	3550	nordkap	23221	A	C	core_destroyed	227
2026-08-11T21:29:51Z	SR2CUR	3551	nordkap	23221	B	T	core_destroyed	133
2026-08-11T21:29:53Z	SR2CUR	3552	antler	23222	A	T	core_destroyed	90
2026-08-11T21:29:55Z	SR2CUR	3553	antler	23222	B	C	core_destroyed	136
2026-08-11T21:29:56Z	SR2CUR	3554	atoll	23222	A	C	core_destroyed	109
2026-08-11T21:29:57Z	SR2CUR	3555	atoll	23222	B	T	core_destroyed	75
2026-08-11T21:30:01Z	SR2CUR	3556	drumlin	23222	A	T	core_destroyed	536
2026-08-11T21:30:04Z	SR2CUR	3557	drumlin	23222	B	C	core_destroyed	226
2026-08-11T21:30:07Z	SR2CUR	3558	fjordgate	23222	A	T	core_destroyed	412
2026-08-11T21:30:10Z	SR2CUR	3559	fjordgate	23222	B	C	tiebreak	1000
2026-08-11T21:30:17Z	SR2CUR	3560	heart	23222	A	C	core_destroyed	343
2026-08-11T21:30:23Z	SR2CUR	3561	heart	23222	B	T	core_destroyed	529
2026-08-11T21:30:25Z	SR2CUR	3562	hive	23222	A	T	core_destroyed	119
2026-08-11T21:30:29Z	SR2CUR	3563	hive	23222	B	C	core_destroyed	250
2026-08-11T21:30:30Z	SR2CUR	3564	meander	23222	A	T	core_destroyed	142
2026-08-11T21:30:32Z	SR2CUR	3565	meander	23222	B	T	core_destroyed	219
2026-08-11T21:30:33Z	SR2CUR	3566	nordkap	23222	A	T	core_destroyed	111
2026-08-11T21:30:35Z	SR2CUR	3567	nordkap	23222	B	T	core_destroyed	262
2026-08-11T21:30:36Z	SR2CUR	3568	antler	23223	A	T	core_destroyed	105
2026-08-11T21:30:38Z	SR2CUR	3569	antler	23223	B	C	core_destroyed	156
2026-08-11T21:30:39Z	SR2CUR	3570	atoll	23223	A	C	core_destroyed	160
2026-08-11T21:30:41Z	SR2CUR	3571	atoll	23223	B	C	core_destroyed	163
2026-08-11T21:30:45Z	SR2CUR	3572	drumlin	23223	A	T	core_destroyed	413
2026-08-11T21:30:47Z	SR2CUR	3573	drumlin	23223	B	C	core_destroyed	227
2026-08-11T21:30:49Z	SR2CUR	3574	fjordgate	23223	A	T	core_destroyed	282
2026-08-11T21:30:50Z	SR2CUR	3575	fjordgate	23223	B	C	core_destroyed	279
2026-08-11T21:30:52Z	SR2CUR	3576	heart	23223	A	T	core_destroyed	104
2026-08-11T21:30:55Z	SR2CUR	3577	heart	23223	B	C	core_destroyed	170
2026-08-11T21:30:57Z	SR2CUR	3578	hive	23223	A	C	core_destroyed	157
2026-08-11T21:31:00Z	SR2CUR	3579	hive	23223	B	T	core_destroyed	155
2026-08-11T21:31:02Z	SR2CUR	3580	meander	23223	A	C	core_destroyed	189
2026-08-11T21:31:05Z	SR2CUR	3581	meander	23223	B	C	core_destroyed	240
2026-08-11T21:31:08Z	SR2CUR	3582	nordkap	23223	A	C	core_destroyed	256
2026-08-11T21:31:10Z	SR2CUR	3583	nordkap	23223	B	C	core_destroyed	178
2026-08-11T21:31:11Z	SR2CUR	3584	antler	23224	A	C	core_destroyed	106
2026-08-11T21:31:13Z	SR2CUR	3585	antler	23224	B	T	core_destroyed	194
2026-08-11T21:31:15Z	SR2CUR	3586	atoll	23224	A	T	core_destroyed	410
2026-08-11T21:31:18Z	SR2CUR	3587	atoll	23224	B	C	core_destroyed	314
2026-08-11T21:31:22Z	SR2CUR	3588	drumlin	23224	A	C	core_destroyed	304
2026-08-11T21:31:26Z	SR2CUR	3589	drumlin	23224	B	C	core_destroyed	361
2026-08-11T21:31:28Z	SR2CUR	3590	fjordgate	23224	A	T	core_destroyed	136
2026-08-11T21:31:30Z	SR2CUR	3591	fjordgate	23224	B	C	core_destroyed	610
2026-08-11T21:31:32Z	SR2CUR	3592	heart	23224	A	C	core_destroyed	190
2026-08-11T21:31:37Z	SR2CUR	3593	heart	23224	B	C	core_destroyed	304
2026-08-11T21:31:39Z	SR2CUR	3594	hive	23224	A	T	core_destroyed	160
2026-08-11T21:31:42Z	SR2CUR	3595	hive	23224	B	T	core_destroyed	296
2026-08-11T21:31:44Z	SR2CUR	3596	meander	23224	A	T	core_destroyed	184
2026-08-11T21:31:48Z	SR2CUR	3597	meander	23224	B	C	core_destroyed	868
2026-08-11T21:31:50Z	SR2CUR	3598	nordkap	23224	A	T	core_destroyed	119
2026-08-11T21:31:52Z	SR2CUR	3599	nordkap	23224	B	C	core_destroyed	358
2026-08-11T21:31:54Z	SR2CUR	3600	antler	23225	A	T	core_destroyed	135
2026-08-11T21:31:55Z	SR2CUR	3601	antler	23225	B	T	core_destroyed	162
2026-08-11T21:31:57Z	SR2CUR	3602	atoll	23225	A	T	core_destroyed	145
2026-08-11T21:32:02Z	SR2CUR	3603	atoll	23225	B	T	core_destroyed	516
2026-08-11T21:32:04Z	SR2CUR	3604	drumlin	23225	A	C	core_destroyed	150
2026-08-11T21:32:06Z	SR2CUR	3605	drumlin	23225	B	T	core_destroyed	156
2026-08-11T21:32:07Z	SR2CUR	3606	fjordgate	23225	A	C	core_destroyed	325
2026-08-11T21:32:09Z	SR2CUR	3607	fjordgate	23225	B	C	core_destroyed	149
2026-08-11T21:32:13Z	SR2CUR	3608	heart	23225	A	T	core_destroyed	271
2026-08-11T21:32:17Z	SR2CUR	3609	heart	23225	B	T	core_destroyed	264
2026-08-11T21:32:20Z	SR2CUR	3610	hive	23225	A	T	core_destroyed	198
2026-08-11T21:32:24Z	SR2CUR	3611	hive	23225	B	C	core_destroyed	238
2026-08-11T21:32:25Z	SR2CUR	3612	meander	23225	A	T	core_destroyed	104
2026-08-11T21:32:26Z	SR2CUR	3613	meander	23225	B	C	core_destroyed	130
2026-08-11T21:32:30Z	SR2CUR	3614	nordkap	23225	A	C	core_destroyed	449
2026-08-11T21:32:31Z	SR2CUR	3615	nordkap	23225	B	C	core_destroyed	182
2026-08-11T21:32:33Z	SR2CUR	3616	antler	23226	A	T	core_destroyed	244
2026-08-11T21:32:35Z	SR2CUR	3617	antler	23226	B	C	core_destroyed	147
2026-08-11T21:32:37Z	SR2CUR	3618	atoll	23226	A	C	core_destroyed	194
2026-08-11T21:32:38Z	SR2CUR	3619	atoll	23226	B	T	core_destroyed	149
2026-08-11T21:32:43Z	SR2CUR	3620	drumlin	23226	A	T	core_destroyed	352
2026-08-11T21:32:44Z	SR2CUR	3621	drumlin	23226	B	T	core_destroyed	128
2026-08-11T21:32:47Z	SR2CUR	3622	fjordgate	23226	A	T	tiebreak	1000
2026-08-11T21:32:49Z	SR2CUR	3623	fjordgate	23226	B	C	core_destroyed	150
2026-08-11T21:32:52Z	SR2CUR	3624	heart	23226	A	C	core_destroyed	266
2026-08-11T21:32:55Z	SR2CUR	3625	heart	23226	B	T	core_destroyed	160
2026-08-11T21:32:59Z	SR2CUR	3626	hive	23226	A	T	core_destroyed	282
2026-08-11T21:33:05Z	SR2CUR	3627	hive	23226	B	C	core_destroyed	378
2026-08-11T21:33:06Z	SR2CUR	3628	meander	23226	A	T	core_destroyed	162
2026-08-11T21:33:08Z	SR2CUR	3629	meander	23226	B	C	core_destroyed	138
2026-08-11T21:33:09Z	SR2CUR	3630	nordkap	23226	A	T	core_destroyed	131
2026-08-11T21:33:12Z	SR2CUR	3631	nordkap	23226	B	C	core_destroyed	250
2026-08-11T21:33:14Z	SR2CUR	3632	antler	23227	A	C	tiebreak	229
2026-08-11T21:33:16Z	SR2CUR	3633	antler	23227	B	C	core_destroyed	211
2026-08-11T21:33:19Z	SR2CUR	3634	atoll	23227	A	C	core_destroyed	234
2026-08-11T21:33:20Z	SR2CUR	3635	atoll	23227	B	T	core_destroyed	271
2026-08-11T21:33:23Z	SR2CUR	3636	drumlin	23227	A	C	core_destroyed	301
2026-08-11T21:33:25Z	SR2CUR	3637	drumlin	23227	B	T	core_destroyed	156
2026-08-11T21:33:27Z	SR2CUR	3638	fjordgate	23227	A	C	core_destroyed	222
2026-08-11T21:33:28Z	SR2CUR	3639	fjordgate	23227	B	T	core_destroyed	169
2026-08-11T21:33:31Z	SR2CUR	3640	heart	23227	A	T	core_destroyed	198
2026-08-11T21:33:33Z	SR2CUR	3641	heart	23227	B	T	core_destroyed	183
2026-08-11T21:33:35Z	SR2CUR	3642	hive	23227	A	C	core_destroyed	146
2026-08-11T21:33:38Z	SR2CUR	3643	hive	23227	B	T	core_destroyed	228
2026-08-11T21:33:39Z	SR2CUR	3644	meander	23227	A	T	core_destroyed	102
2026-08-11T21:33:41Z	SR2CUR	3645	meander	23227	B	T	core_destroyed	221
2026-08-11T21:33:43Z	SR2CUR	3646	nordkap	23227	A	T	core_destroyed	233
2026-08-11T21:33:46Z	SR2CUR	3647	nordkap	23227	B	T	core_destroyed	349
2026-08-11T21:33:49Z	SR2CUR	3648	antler	23228	A	T	core_destroyed	238
2026-08-11T21:33:51Z	SR2CUR	3649	antler	23228	B	C	core_destroyed	219
2026-08-11T21:33:54Z	SR2CUR	3650	atoll	23228	A	C	core_destroyed	299
2026-08-11T21:34:00Z	SR2CUR	3651	atoll	23228	B	C	core_destroyed	523
2026-08-11T21:34:02Z	SR2CUR	3652	drumlin	23228	A	T	core_destroyed	152
2026-08-11T21:34:05Z	SR2CUR	3653	drumlin	23228	B	C	core_destroyed	220
2026-08-11T21:34:07Z	SR2CUR	3654	fjordgate	23228	A	C	core_destroyed	192
2026-08-11T21:34:08Z	SR2CUR	3655	fjordgate	23228	B	T	core_destroyed	148
2026-08-11T21:34:11Z	SR2CUR	3656	heart	23228	A	T	core_destroyed	218
2026-08-11T21:34:24Z	SR2CUR	3657	heart	23228	B	C	core_destroyed	997
2026-08-11T21:34:27Z	SR2CUR	3658	hive	23228	A	C	core_destroyed	198
2026-08-11T21:34:31Z	SR2CUR	3659	hive	23228	B	C	core_destroyed	336
2026-08-11T21:34:32Z	SR2CUR	3660	meander	23228	A	C	core_destroyed	100
2026-08-11T21:34:34Z	SR2CUR	3661	meander	23228	B	C	core_destroyed	190
2026-08-11T21:34:36Z	SR2CUR	3662	nordkap	23228	A	T	core_destroyed	270
2026-08-11T21:34:39Z	SR2CUR	3663	nordkap	23228	B	C	core_destroyed	312
2026-08-11T21:34:41Z	SR2CUR	3664	antler	23229	A	T	core_destroyed	155
2026-08-11T21:34:42Z	SR2CUR	3665	antler	23229	B	T	core_destroyed	168
2026-08-11T21:34:49Z	SR2CUR	3666	atoll	23229	A	C	core_destroyed	640
2026-08-11T21:34:50Z	SR2CUR	3667	atoll	23229	B	T	core_destroyed	211
2026-08-11T21:34:55Z	SR2CUR	3668	drumlin	23229	A	C	core_destroyed	313
2026-08-11T21:35:00Z	SR2CUR	3669	drumlin	23229	B	T	core_destroyed	360
2026-08-11T21:35:02Z	SR2CUR	3670	fjordgate	23229	A	C	core_destroyed	207
2026-08-11T21:35:03Z	SR2CUR	3671	fjordgate	23229	B	C	core_destroyed	100
2026-08-11T21:35:05Z	SR2CUR	3672	heart	23229	A	T	core_destroyed	194
2026-08-11T21:35:08Z	SR2CUR	3673	heart	23229	B	T	core_destroyed	171
2026-08-11T21:35:11Z	SR2CUR	3674	hive	23229	A	T	core_destroyed	211
2026-08-11T21:35:21Z	SR2CUR	3675	hive	23229	B	C	core_destroyed	695
2026-08-11T21:35:23Z	SR2CUR	3676	meander	23229	A	C	core_destroyed	202
2026-08-11T21:35:25Z	SR2CUR	3677	meander	23229	B	C	core_destroyed	119
2026-08-11T21:35:27Z	SR2CUR	3678	nordkap	23229	A	C	core_destroyed	213
2026-08-11T21:35:31Z	SR2CUR	3679	nordkap	23229	B	T	core_destroyed	425
2026-08-11T21:35:33Z	SR2CUR	3680	antler	23230	A	T	core_destroyed	148
2026-08-11T21:35:34Z	SR2CUR	3681	antler	23230	B	T	core_destroyed	226
2026-08-11T21:35:36Z	SR2CUR	3682	atoll	23230	A	C	core_destroyed	118
2026-08-11T21:35:39Z	SR2CUR	3683	atoll	23230	B	T	core_destroyed	289
2026-08-11T21:35:43Z	SR2CUR	3684	drumlin	23230	A	C	core_destroyed	414
2026-08-11T21:35:45Z	SR2CUR	3685	drumlin	23230	B	C	core_destroyed	137
2026-08-11T21:35:46Z	SR2CUR	3686	fjordgate	23230	A	T	core_destroyed	156
2026-08-11T21:35:48Z	SR2CUR	3687	fjordgate	23230	B	T	core_destroyed	261
2026-08-11T21:35:50Z	SR2CUR	3688	heart	23230	A	T	core_destroyed	163
2026-08-11T21:35:55Z	SR2CUR	3689	heart	23230	B	T	core_destroyed	299
2026-08-11T21:35:58Z	SR2CUR	3690	hive	23230	A	C	core_destroyed	196
2026-08-11T21:36:02Z	SR2CUR	3691	hive	23230	B	T	core_destroyed	221
2026-08-11T21:36:04Z	SR2CUR	3692	meander	23230	A	T	core_destroyed	199
2026-08-11T21:36:05Z	SR2CUR	3693	meander	23230	B	T	core_destroyed	137
2026-08-11T21:36:06Z	SR2CUR	3694	nordkap	23230	A	T	core_destroyed	154
2026-08-11T21:36:08Z	SR2CUR	3695	nordkap	23230	B	C	core_destroyed	115
2026-08-11T21:36:10Z	SR2CUR	3696	antler	23231	A	T	core_destroyed	216
2026-08-11T21:36:12Z	SR2CUR	3697	antler	23231	B	C	core_destroyed	148
2026-08-11T21:36:13Z	SR2CUR	3698	atoll	23231	A	C	core_destroyed	170
2026-08-11T21:36:15Z	SR2CUR	3699	atoll	23231	B	C	core_destroyed	136
2026-08-11T21:36:16Z	SR2CUR	3700	drumlin	23231	A	T	core_destroyed	111
2026-08-11T21:36:22Z	SR2CUR	3701	drumlin	23231	B	T	core_destroyed	368
2026-08-11T21:36:23Z	SR2CUR	3702	fjordgate	23231	A	T	core_destroyed	202
2026-08-11T21:36:25Z	SR2CUR	3703	fjordgate	23231	B	T	core_destroyed	210
2026-08-11T21:36:27Z	SR2CUR	3704	heart	23231	A	T	core_destroyed	197
2026-08-11T21:36:30Z	SR2CUR	3705	heart	23231	B	C	core_destroyed	144
2026-08-11T21:36:34Z	SR2CUR	3706	hive	23231	A	C	core_destroyed	234
2026-08-11T21:36:38Z	SR2CUR	3707	hive	23231	B	T	core_destroyed	230
2026-08-11T21:36:39Z	SR2CUR	3708	meander	23231	A	C	core_destroyed	122
2026-08-11T21:36:41Z	SR2CUR	3709	meander	23231	B	T	core_destroyed	146
2026-08-11T21:36:42Z	SR2CUR	3710	nordkap	23231	A	T	core_destroyed	117
2026-08-11T21:36:43Z	SR2CUR	3711	nordkap	23231	B	T	core_destroyed	120
2026-08-11T21:36:45Z	SR2CUR	3712	antler	23232	A	T	core_destroyed	254
2026-08-11T21:36:47Z	SR2CUR	3713	antler	23232	B	C	core_destroyed	244
2026-08-11T21:36:50Z	SR2CUR	3714	atoll	23232	A	T	core_destroyed	318
2026-08-11T21:36:52Z	SR2CUR	3715	atoll	23232	B	C	core_destroyed	168
2026-08-11T21:36:56Z	SR2CUR	3716	drumlin	23232	A	C	core_destroyed	333
2026-08-11T21:37:00Z	SR2CUR	3717	drumlin	23232	B	C	core_destroyed	325
2026-08-11T21:37:02Z	SR2CUR	3718	fjordgate	23232	A	C	core_destroyed	251
2026-08-11T21:37:04Z	SR2CUR	3719	fjordgate	23232	B	C	core_destroyed	131
2026-08-11T21:37:09Z	SR2CUR	3720	heart	23232	A	C	core_destroyed	497
2026-08-11T21:37:12Z	SR2CUR	3721	heart	23232	B	C	core_destroyed	152
2026-08-11T21:37:16Z	SR2CUR	3722	hive	23232	A	C	core_destroyed	338
2026-08-11T21:37:18Z	SR2CUR	3723	hive	23232	B	C	tiebreak	155
2026-08-11T21:37:21Z	SR2CUR	3724	meander	23232	A	C	tiebreak	1000
2026-08-11T21:37:23Z	SR2CUR	3725	meander	23232	B	C	core_destroyed	190
2026-08-11T21:37:25Z	SR2CUR	3726	nordkap	23232	A	C	core_destroyed	177
2026-08-11T21:37:27Z	SR2CUR	3727	nordkap	23232	B	C	core_destroyed	165
2026-08-11T21:37:28Z	SR2CUR	3728	antler	23233	A	C	core_destroyed	124
2026-08-11T21:37:29Z	SR2CUR	3729	antler	23233	B	C	core_destroyed	246
2026-08-11T21:37:31Z	SR2CUR	3730	atoll	23233	A	C	core_destroyed	204
2026-08-11T21:37:32Z	SR2CUR	3731	atoll	23233	B	C	core_destroyed	153
2026-08-11T21:37:33Z	SR2CUR	3732	drumlin	23233	A	C	core_destroyed	96
2026-08-11T21:37:36Z	SR2CUR	3733	drumlin	23233	B	T	core_destroyed	249
2026-08-11T21:37:38Z	SR2CUR	3734	fjordgate	23233	A	T	core_destroyed	124
2026-08-11T21:37:39Z	SR2CUR	3735	fjordgate	23233	B	C	core_destroyed	100
2026-08-11T21:37:46Z	SR2CUR	3736	heart	23233	A	T	core_destroyed	578
2026-08-11T21:37:49Z	SR2CUR	3737	heart	23233	B	T	core_destroyed	144
2026-08-11T21:37:51Z	SR2CUR	3738	hive	23233	A	T	core_destroyed	135
2026-08-11T21:37:55Z	SR2CUR	3739	hive	23233	B	C	core_destroyed	240
2026-08-11T21:37:57Z	SR2CUR	3740	meander	23233	A	C	core_destroyed	197
2026-08-11T21:37:59Z	SR2CUR	3741	meander	23233	B	T	core_destroyed	164
2026-08-11T21:38:01Z	SR2CUR	3742	nordkap	23233	A	C	core_destroyed	174
2026-08-11T21:38:04Z	SR2CUR	3743	nordkap	23233	B	T	core_destroyed	208
2026-08-11T21:38:05Z	SR2CUR	3744	antler	23234	A	C	core_destroyed	151
2026-08-11T21:38:07Z	SR2CUR	3745	antler	23234	B	C	core_destroyed	172
2026-08-11T21:38:10Z	SR2CUR	3746	atoll	23234	A	T	core_destroyed	195
2026-08-11T21:38:11Z	SR2CUR	3747	atoll	23234	B	T	core_destroyed	127
2026-08-11T21:38:14Z	SR2CUR	3748	drumlin	23234	A	T	core_destroyed	254
2026-08-11T21:38:19Z	SR2CUR	3749	drumlin	23234	B	T	core_destroyed	414
2026-08-11T21:38:20Z	SR2CUR	3750	fjordgate	23234	A	T	core_destroyed	170
2026-08-11T21:38:21Z	SR2CUR	3751	fjordgate	23234	B	C	core_destroyed	152
2026-08-11T21:38:24Z	SR2CUR	3752	heart	23234	A	T	core_destroyed	248
2026-08-11T21:38:26Z	SR2CUR	3753	heart	23234	B	C	core_destroyed	134
2026-08-11T21:38:30Z	SR2CUR	3754	hive	23234	A	C	core_destroyed	323
2026-08-11T21:38:33Z	SR2CUR	3755	hive	23234	B	C	core_destroyed	261
2026-08-11T21:38:35Z	SR2CUR	3756	meander	23234	A	T	core_destroyed	152
2026-08-11T21:38:37Z	SR2CUR	3757	meander	23234	B	C	core_destroyed	233
2026-08-11T21:38:38Z	SR2CUR	3758	nordkap	23234	A	C	core_destroyed	95
2026-08-11T21:38:40Z	SR2CUR	3759	nordkap	23234	B	T	core_destroyed	159
2026-08-11T21:38:41Z	SR2CUR	3760	antler	23235	A	C	core_destroyed	185
2026-08-11T21:38:43Z	SR2CUR	3761	antler	23235	B	C	core_destroyed	103
2026-08-11T21:38:45Z	SR2CUR	3762	atoll	23235	A	T	core_destroyed	325
2026-08-11T21:38:47Z	SR2CUR	3763	atoll	23235	B	T	core_destroyed	81
2026-08-11T21:38:51Z	SR2CUR	3764	drumlin	23235	A	C	core_destroyed	384
2026-08-11T21:38:58Z	SR2CUR	3765	drumlin	23235	B	T	core_destroyed	529
2026-08-11T21:38:59Z	SR2CUR	3766	fjordgate	23235	A	C	core_destroyed	97
2026-08-11T21:39:01Z	SR2CUR	3767	fjordgate	23235	B	T	core_destroyed	263
2026-08-11T21:39:03Z	SR2CUR	3768	heart	23235	A	T	core_destroyed	139
2026-08-11T21:39:07Z	SR2CUR	3769	heart	23235	B	T	core_destroyed	205
2026-08-11T21:39:11Z	SR2CUR	3770	hive	23235	A	C	core_destroyed	398
2026-08-11T21:39:23Z	SR2CUR	3771	hive	23235	B	T	tiebreak	1000
2026-08-11T21:39:25Z	SR2CUR	3772	meander	23235	A	T	core_destroyed	214
2026-08-11T21:39:27Z	SR2CUR	3773	meander	23235	B	C	core_destroyed	162
2026-08-11T21:39:28Z	SR2CUR	3774	nordkap	23235	A	T	core_destroyed	156
2026-08-11T21:39:30Z	SR2CUR	3775	nordkap	23235	B	C	core_destroyed	268
2026-08-11T21:39:32Z	SR2CUR	3776	antler	23236	A	C	core_destroyed	154
2026-08-11T21:39:34Z	SR2CUR	3777	antler	23236	B	C	core_destroyed	193
2026-08-11T21:39:37Z	SR2CUR	3778	atoll	23236	A	T	core_destroyed	817
2026-08-11T21:39:39Z	SR2CUR	3779	atoll	23236	B	T	core_destroyed	128
2026-08-11T21:39:41Z	SR2CUR	3780	drumlin	23236	A	C	core_destroyed	207
2026-08-11T21:39:44Z	SR2CUR	3781	drumlin	23236	B	T	core_destroyed	223
2026-08-11T21:39:45Z	SR2CUR	3782	fjordgate	23236	A	T	core_destroyed	181
2026-08-11T21:39:47Z	SR2CUR	3783	fjordgate	23236	B	C	core_destroyed	174
2026-08-11T21:39:50Z	SR2CUR	3784	heart	23236	A	T	core_destroyed	176
2026-08-11T21:39:53Z	SR2CUR	3785	heart	23236	B	T	core_destroyed	205
2026-08-11T21:39:57Z	SR2CUR	3786	hive	23236	A	T	core_destroyed	305
2026-08-11T21:40:08Z	SR2CUR	3787	hive	23236	B	C	core_destroyed	625
2026-08-11T21:40:09Z	SR2CUR	3788	meander	23236	A	C	core_destroyed	129
2026-08-11T21:40:11Z	SR2CUR	3789	meander	23236	B	C	core_destroyed	120
2026-08-11T21:40:12Z	SR2CUR	3790	nordkap	23236	A	T	core_destroyed	190
2026-08-11T21:40:13Z	SR2CUR	3791	nordkap	23236	B	C	core_destroyed	130
2026-08-11T21:40:15Z	SR2CUR	3792	antler	23237	A	C	core_destroyed	125
2026-08-11T21:40:16Z	SR2CUR	3793	antler	23237	B	C	core_destroyed	125
2026-08-11T21:40:19Z	SR2CUR	3794	atoll	23237	A	T	core_destroyed	585
2026-08-11T21:40:24Z	SR2CUR	3795	atoll	23237	B	C	core_destroyed	460
2026-08-11T21:40:26Z	SR2CUR	3796	drumlin	23237	A	C	core_destroyed	148
2026-08-11T21:40:28Z	SR2CUR	3797	drumlin	23237	B	C	core_destroyed	203
2026-08-11T21:40:29Z	SR2CUR	3798	fjordgate	23237	A	C	core_destroyed	225
2026-08-11T21:40:31Z	SR2CUR	3799	fjordgate	23237	B	C	core_destroyed	120
2026-08-11T21:40:35Z	SR2CUR	3800	heart	23237	A	C	core_destroyed	345
2026-08-11T21:40:41Z	SR2CUR	3801	heart	23237	B	T	core_destroyed	315
2026-08-11T21:40:46Z	SR2CUR	3802	hive	23237	A	C	core_destroyed	394
2026-08-11T21:40:48Z	SR2CUR	3803	hive	23237	B	T	core_destroyed	167
2026-08-11T21:40:50Z	SR2CUR	3804	meander	23237	A	C	core_destroyed	135
2026-08-11T21:40:52Z	SR2CUR	3805	meander	23237	B	C	core_destroyed	162
2026-08-11T21:40:53Z	SR2CUR	3806	nordkap	23237	A	T	core_destroyed	159
2026-08-11T21:40:56Z	SR2CUR	3807	nordkap	23237	B	C	core_destroyed	285
2026-08-11T21:40:58Z	SR2CUR	3808	antler	23238	A	T	core_destroyed	148
2026-08-11T21:41:00Z	SR2CUR	3809	antler	23238	B	C	core_destroyed	108
2026-08-11T21:41:01Z	SR2CUR	3810	atoll	23238	A	C	core_destroyed	133
2026-08-11T21:41:04Z	SR2CUR	3811	atoll	23238	B	C	core_destroyed	269
2026-08-11T21:41:06Z	SR2CUR	3812	drumlin	23238	A	T	core_destroyed	147
2026-08-11T21:41:09Z	SR2CUR	3813	drumlin	23238	B	T	core_destroyed	153
2026-08-11T21:41:10Z	SR2CUR	3814	fjordgate	23238	A	C	core_destroyed	105
2026-08-11T21:41:11Z	SR2CUR	3815	fjordgate	23238	B	T	core_destroyed	126
2026-08-11T21:41:18Z	SR2CUR	3816	heart	23238	A	T	core_destroyed	821
2026-08-11T21:41:21Z	SR2CUR	3817	heart	23238	B	C	core_destroyed	163
2026-08-11T21:41:23Z	SR2CUR	3818	hive	23238	A	T	core_destroyed	111
2026-08-11T21:41:28Z	SR2CUR	3819	hive	23238	B	C	core_destroyed	377
2026-08-11T21:41:29Z	SR2CUR	3820	meander	23238	A	C	core_destroyed	130
2026-08-11T21:41:31Z	SR2CUR	3821	meander	23238	B	C	core_destroyed	188
2026-08-11T21:41:36Z	SR2CUR	3822	nordkap	23238	A	C	tiebreak	1000
2026-08-11T21:41:38Z	SR2CUR	3823	nordkap	23238	B	C	core_destroyed	190
2026-08-11T21:41:41Z	SR2CUR	3824	antler	23239	A	C	core_destroyed	337
2026-08-11T21:41:43Z	SR2CUR	3825	antler	23239	B	T	core_destroyed	164
2026-08-11T21:41:45Z	SR2CUR	3826	atoll	23239	A	T	core_destroyed	890
2026-08-11T21:41:46Z	SR2CUR	3827	atoll	23239	B	T	core_destroyed	133
2026-08-11T21:41:50Z	SR2CUR	3828	drumlin	23239	A	C	core_destroyed	340
2026-08-11T21:41:53Z	SR2CUR	3829	drumlin	23239	B	T	core_destroyed	149
2026-08-11T21:41:55Z	SR2CUR	3830	fjordgate	23239	A	C	core_destroyed	339
2026-08-11T21:41:56Z	SR2CUR	3831	fjordgate	23239	B	T	core_destroyed	156
2026-08-11T21:42:00Z	SR2CUR	3832	heart	23239	A	T	core_destroyed	239
2026-08-11T21:42:02Z	SR2CUR	3833	heart	23239	B	C	core_destroyed	159
2026-08-11T21:42:05Z	SR2CUR	3834	hive	23239	A	C	core_destroyed	261
2026-08-11T21:42:07Z	SR2CUR	3835	hive	23239	B	T	core_destroyed	144
2026-08-11T21:42:08Z	SR2CUR	3836	meander	23239	A	C	core_destroyed	168
2026-08-11T21:42:11Z	SR2CUR	3837	meander	23239	B	T	core_destroyed	236
2026-08-11T21:42:12Z	SR2CUR	3838	nordkap	23239	A	C	core_destroyed	140
2026-08-11T21:42:13Z	SR2CUR	3839	nordkap	23239	B	C	core_destroyed	171
2026-08-11T21:42:15Z	SR2CUR	3840	antler	23240	A	C	core_destroyed	191
2026-08-11T21:42:17Z	SR2CUR	3841	antler	23240	B	C	core_destroyed	171
2026-08-11T21:42:23Z	SR2CUR	3842	atoll	23240	A	T	core_destroyed	682
2026-08-11T21:42:27Z	SR2CUR	3843	atoll	23240	B	C	core_destroyed	504
2026-08-11T21:42:29Z	SR2CUR	3844	drumlin	23240	A	T	core_destroyed	150
2026-08-11T21:42:32Z	SR2CUR	3845	drumlin	23240	B	C	core_destroyed	275
2026-08-11T21:42:34Z	SR2CUR	3846	fjordgate	23240	A	C	core_destroyed	143
2026-08-11T21:42:35Z	SR2CUR	3847	fjordgate	23240	B	T	core_destroyed	186
2026-08-11T21:42:46Z	SR2CUR	3848	heart	23240	A	C	tiebreak	1000
2026-08-11T21:42:47Z	SR2CUR	3849	heart	23240	B	C	core_destroyed	140
2026-08-11T21:42:51Z	SR2CUR	3850	hive	23240	A	T	core_destroyed	218
2026-08-11T21:42:55Z	SR2CUR	3851	hive	23240	B	C	core_destroyed	283
2026-08-11T21:42:57Z	SR2CUR	3852	meander	23240	A	T	core_destroyed	445
2026-08-11T21:43:00Z	SR2CUR	3853	meander	23240	B	T	core_destroyed	258
2026-08-11T21:43:03Z	SR2CUR	3854	nordkap	23240	A	C	core_destroyed	294
2026-08-11T21:43:04Z	SR2CUR	3855	nordkap	23240	B	T	core_destroyed	159
2026-08-11T21:43:07Z	SR2CUR	3856	antler	23241	A	T	core_destroyed	254
2026-08-11T21:43:09Z	SR2CUR	3857	antler	23241	B	C	core_destroyed	470
2026-08-11T21:43:12Z	SR2CUR	3858	atoll	23241	A	C	core_destroyed	703
2026-08-11T21:43:15Z	SR2CUR	3859	atoll	23241	B	C	core_destroyed	218
2026-08-11T21:43:20Z	SR2CUR	3860	drumlin	23241	A	C	core_destroyed	392
2026-08-11T21:43:21Z	SR2CUR	3861	drumlin	23241	B	T	core_destroyed	172
2026-08-11T21:43:23Z	SR2CUR	3862	fjordgate	23241	A	C	core_destroyed	165
2026-08-11T21:43:26Z	SR2CUR	3863	fjordgate	23241	B	C	tiebreak	1000
2026-08-11T21:43:27Z	SR2CUR	3864	heart	23241	A	C	core_destroyed	152
2026-08-11T21:43:33Z	SR2CUR	3865	heart	23241	B	C	core_destroyed	427
2026-08-11T21:43:35Z	SR2CUR	3866	hive	23241	A	C	core_destroyed	126
2026-08-11T21:43:43Z	SR2CUR	3867	hive	23241	B	C	core_destroyed	579
2026-08-11T21:43:46Z	SR2CUR	3868	meander	23241	A	C	core_destroyed	289
2026-08-11T21:43:48Z	SR2CUR	3869	meander	23241	B	T	core_destroyed	217
2026-08-11T21:43:51Z	SR2CUR	3870	nordkap	23241	A	C	core_destroyed	298
2026-08-11T21:43:56Z	SR2CUR	3871	nordkap	23241	B	C	core_destroyed	449
2026-08-11T21:43:58Z	SR2CUR	3872	antler	23242	A	C	core_destroyed	303
2026-08-11T21:44:00Z	SR2CUR	3873	antler	23242	B	C	core_destroyed	338
2026-08-11T21:44:04Z	SR2CUR	3874	atoll	23242	A	T	core_destroyed	750
2026-08-11T21:44:05Z	SR2CUR	3875	atoll	23242	B	T	core_destroyed	106
2026-08-11T21:44:08Z	SR2CUR	3876	drumlin	23242	A	T	core_destroyed	204
2026-08-11T21:44:10Z	SR2CUR	3877	drumlin	23242	B	T	core_destroyed	119
2026-08-11T21:44:12Z	SR2CUR	3878	fjordgate	23242	A	C	core_destroyed	859
2026-08-11T21:44:14Z	SR2CUR	3879	fjordgate	23242	B	C	core_destroyed	319
2026-08-11T21:44:18Z	SR2CUR	3880	heart	23242	A	T	core_destroyed	418
2026-08-11T21:44:21Z	SR2CUR	3881	heart	23242	B	T	core_destroyed	151
2026-08-11T21:44:25Z	SR2CUR	3882	hive	23242	A	C	core_destroyed	242
2026-08-11T21:44:28Z	SR2CUR	3883	hive	23242	B	T	core_destroyed	222
2026-08-11T21:44:30Z	SR2CUR	3884	meander	23242	A	C	core_destroyed	140
2026-08-11T21:44:31Z	SR2CUR	3885	meander	23242	B	C	core_destroyed	171
2026-08-11T21:44:34Z	SR2CUR	3886	nordkap	23242	A	T	core_destroyed	179
2026-08-11T21:44:36Z	SR2CUR	3887	nordkap	23242	B	T	core_destroyed	282
2026-08-11T21:44:40Z	SR2CUR	3888	antler	23243	A	T	core_destroyed	297
2026-08-11T21:44:41Z	SR2CUR	3889	antler	23243	B	C	core_destroyed	89
2026-08-11T21:44:44Z	SR2CUR	3890	atoll	23243	A	T	core_destroyed	514
2026-08-11T21:44:48Z	SR2CUR	3891	atoll	23243	B	C	core_destroyed	269
2026-08-11T21:44:55Z	SR2CUR	3892	drumlin	23243	A	T	core_destroyed	606
2026-08-11T21:45:01Z	SR2CUR	3893	drumlin	23243	B	T	core_destroyed	373
2026-08-11T21:45:02Z	SR2CUR	3894	fjordgate	23243	A	T	core_destroyed	165
2026-08-11T21:45:04Z	SR2CUR	3895	fjordgate	23243	B	T	core_destroyed	204
2026-08-11T21:45:05Z	SR2CUR	3896	heart	23243	A	T	core_destroyed	137
2026-08-11T21:45:08Z	SR2CUR	3897	heart	23243	B	C	core_destroyed	119
2026-08-11T21:45:11Z	SR2CUR	3898	hive	23243	A	C	core_destroyed	171
2026-08-11T21:45:13Z	SR2CUR	3899	hive	23243	B	C	core_destroyed	125
2026-08-11T21:45:14Z	SR2CUR	3900	meander	23243	A	C	core_destroyed	100
2026-08-11T21:45:16Z	SR2CUR	3901	meander	23243	B	C	core_destroyed	157
2026-08-11T21:45:18Z	SR2CUR	3902	nordkap	23243	A	C	core_destroyed	131
2026-08-11T21:45:20Z	SR2CUR	3903	nordkap	23243	B	C	core_destroyed	328
2026-08-11T21:45:22Z	SR2CUR	3904	antler	23244	A	T	core_destroyed	93
2026-08-11T21:45:24Z	SR2CUR	3905	antler	23244	B	C	core_destroyed	171
2026-08-11T21:45:27Z	SR2CUR	3906	atoll	23244	A	T	core_destroyed	631
2026-08-11T21:45:30Z	SR2CUR	3907	atoll	23244	B	T	core_destroyed	231
2026-08-11T21:45:32Z	SR2CUR	3908	drumlin	23244	A	T	core_destroyed	216
2026-08-11T21:45:37Z	SR2CUR	3909	drumlin	23244	B	T	core_destroyed	340
2026-08-11T21:45:38Z	SR2CUR	3910	fjordgate	23244	A	C	core_destroyed	133
2026-08-11T21:45:40Z	SR2CUR	3911	fjordgate	23244	B	T	core_destroyed	249
2026-08-11T21:45:42Z	SR2CUR	3912	heart	23244	A	T	core_destroyed	114
2026-08-11T21:45:44Z	SR2CUR	3913	heart	23244	B	C	core_destroyed	112
2026-08-11T21:45:49Z	SR2CUR	3914	hive	23244	A	T	core_destroyed	257
2026-08-11T21:45:52Z	SR2CUR	3915	hive	23244	B	C	core_destroyed	176
2026-08-11T21:45:54Z	SR2CUR	3916	meander	23244	A	C	core_destroyed	178
2026-08-11T21:45:55Z	SR2CUR	3917	meander	23244	B	T	core_destroyed	133
2026-08-11T21:45:57Z	SR2CUR	3918	nordkap	23244	A	T	core_destroyed	184
2026-08-11T21:45:59Z	SR2CUR	3919	nordkap	23244	B	C	core_destroyed	144
2026-08-11T21:46:01Z	SR2CUR	3920	antler	23245	A	C	core_destroyed	137
2026-08-11T21:46:03Z	SR2CUR	3921	antler	23245	B	T	core_destroyed	290
2026-08-11T21:46:05Z	SR2CUR	3922	atoll	23245	A	T	core_destroyed	369
2026-08-11T21:46:08Z	SR2CUR	3923	atoll	23245	B	C	core_destroyed	295
2026-08-11T21:46:10Z	SR2CUR	3924	drumlin	23245	A	T	core_destroyed	156
2026-08-11T21:46:13Z	SR2CUR	3925	drumlin	23245	B	T	core_destroyed	184
2026-08-11T21:46:14Z	SR2CUR	3926	fjordgate	23245	A	C	core_destroyed	238
2026-08-11T21:46:15Z	SR2CUR	3927	fjordgate	23245	B	C	core_destroyed	100
2026-08-11T21:46:21Z	SR2CUR	3928	heart	23245	A	T	core_destroyed	317
2026-08-11T21:46:24Z	SR2CUR	3929	heart	23245	B	C	core_destroyed	179
2026-08-11T21:46:26Z	SR2CUR	3930	hive	23245	A	C	core_destroyed	164
2026-08-11T21:46:28Z	SR2CUR	3931	hive	23245	B	T	core_destroyed	113
2026-08-11T21:46:30Z	SR2CUR	3932	meander	23245	A	C	core_destroyed	227
2026-08-11T21:46:31Z	SR2CUR	3933	meander	23245	B	C	core_destroyed	176
2026-08-11T21:46:34Z	SR2CUR	3934	nordkap	23245	A	C	core_destroyed	256
2026-08-11T21:46:37Z	SR2CUR	3935	nordkap	23245	B	C	core_destroyed	219
2026-08-11T21:46:39Z	SR2CUR	3936	antler	23246	A	T	core_destroyed	106
2026-08-11T21:46:41Z	SR2CUR	3937	antler	23246	B	T	core_destroyed	290
2026-08-11T21:46:44Z	SR2CUR	3938	atoll	23246	A	C	core_destroyed	223
2026-08-11T21:46:47Z	SR2CUR	3939	atoll	23246	B	T	core_destroyed	319
2026-08-11T21:46:49Z	SR2CUR	3940	drumlin	23246	A	T	core_destroyed	110
2026-08-11T21:46:53Z	SR2CUR	3941	drumlin	23246	B	T	core_destroyed	292
2026-08-11T21:46:54Z	SR2CUR	3942	fjordgate	23246	A	T	core_destroyed	116
2026-08-11T21:46:56Z	SR2CUR	3943	fjordgate	23246	B	C	core_destroyed	208
2026-08-11T21:46:58Z	SR2CUR	3944	heart	23246	A	C	core_destroyed	109
2026-08-11T21:47:02Z	SR2CUR	3945	heart	23246	B	T	core_destroyed	266
2026-08-11T21:47:07Z	SR2CUR	3946	hive	23246	A	C	core_destroyed	322
2026-08-11T21:47:11Z	SR2CUR	3947	hive	23246	B	C	core_destroyed	294
2026-08-11T21:47:13Z	SR2CUR	3948	meander	23246	A	C	core_destroyed	211
2026-08-11T21:47:15Z	SR2CUR	3949	meander	23246	B	C	core_destroyed	242
2026-08-11T21:47:17Z	SR2CUR	3950	nordkap	23246	A	T	core_destroyed	142
2026-08-11T21:47:19Z	SR2CUR	3951	nordkap	23246	B	C	core_destroyed	236
2026-08-11T21:47:21Z	SR2CUR	3952	antler	23247	A	T	tiebreak	166
2026-08-11T21:47:23Z	SR2CUR	3953	antler	23247	B	C	core_destroyed	302
2026-08-11T21:47:24Z	SR2CUR	3954	atoll	23247	A	C	core_destroyed	96
2026-08-11T21:47:28Z	SR2CUR	3955	atoll	23247	B	C	core_destroyed	462
2026-08-11T21:47:32Z	SR2CUR	3956	drumlin	23247	A	C	core_destroyed	309
2026-08-11T21:47:38Z	SR2CUR	3957	drumlin	23247	B	T	core_destroyed	373
2026-08-11T21:47:41Z	SR2CUR	3958	fjordgate	23247	A	T	core_destroyed	651
2026-08-11T21:47:45Z	SR2CUR	3959	fjordgate	23247	B	C	core_destroyed	852
2026-08-11T21:47:49Z	SR2CUR	3960	heart	23247	A	C	core_destroyed	236
2026-08-11T21:47:52Z	SR2CUR	3961	heart	23247	B	C	core_destroyed	251
2026-08-11T21:47:56Z	SR2CUR	3962	hive	23247	A	T	core_destroyed	292
2026-08-11T21:48:00Z	SR2CUR	3963	hive	23247	B	T	core_destroyed	210
2026-08-11T21:48:02Z	SR2CUR	3964	meander	23247	A	T	core_destroyed	240
2026-08-11T21:48:03Z	SR2CUR	3965	meander	23247	B	T	core_destroyed	133
2026-08-11T21:48:05Z	SR2CUR	3966	nordkap	23247	A	T	core_destroyed	257
2026-08-11T21:48:06Z	SR2CUR	3967	nordkap	23247	B	T	core_destroyed	150
2026-08-11T21:48:09Z	SR2CUR	3968	antler	23248	A	T	core_destroyed	330
2026-08-11T21:48:13Z	SR2CUR	3969	antler	23248	B	T	core_destroyed	587
2026-08-11T21:48:15Z	SR2CUR	3970	atoll	23248	A	T	core_destroyed	188
2026-08-11T21:48:18Z	SR2CUR	3971	atoll	23248	B	T	core_destroyed	196
2026-08-11T21:48:23Z	SR2CUR	3972	drumlin	23248	A	C	core_destroyed	321
2026-08-11T21:48:24Z	SR2CUR	3973	drumlin	23248	B	T	core_destroyed	92
2026-08-11T21:48:26Z	SR2CUR	3974	fjordgate	23248	A	T	core_destroyed	134
2026-08-11T21:48:27Z	SR2CUR	3975	fjordgate	23248	B	T	core_destroyed	225
2026-08-11T21:48:29Z	SR2CUR	3976	heart	23248	A	T	core_destroyed	164
2026-08-11T21:48:32Z	SR2CUR	3977	heart	23248	B	C	core_destroyed	176
2026-08-11T21:48:39Z	SR2CUR	3978	hive	23248	A	T	core_destroyed	460
2026-08-11T21:48:42Z	SR2CUR	3979	hive	23248	B	C	core_destroyed	261
2026-08-11T21:48:43Z	SR2CUR	3980	meander	23248	A	C	core_destroyed	116
2026-08-11T21:48:45Z	SR2CUR	3981	meander	23248	B	C	core_destroyed	308
2026-08-11T21:48:49Z	SR2CUR	3982	nordkap	23248	A	T	core_destroyed	355
2026-08-11T21:48:52Z	SR2CUR	3983	nordkap	23248	B	T	core_destroyed	225
2026-08-11T21:48:54Z	SR2CUR	3984	antler	23249	A	T	core_destroyed	158
2026-08-11T21:48:56Z	SR2CUR	3985	antler	23249	B	T	core_destroyed	214
2026-08-11T21:48:59Z	SR2CUR	3986	atoll	23249	A	T	core_destroyed	534
2026-08-11T21:49:04Z	SR2CUR	3987	atoll	23249	B	T	core_destroyed	460
2026-08-11T21:49:08Z	SR2CUR	3988	drumlin	23249	A	T	core_destroyed	288
2026-08-11T21:49:11Z	SR2CUR	3989	drumlin	23249	B	T	core_destroyed	215
2026-08-11T21:49:13Z	SR2CUR	3990	fjordgate	23249	A	C	core_destroyed	314
2026-08-11T21:49:14Z	SR2CUR	3991	fjordgate	23249	B	C	core_destroyed	129
2026-08-11T21:49:17Z	SR2CUR	3992	heart	23249	A	T	core_destroyed	216
2026-08-11T21:49:20Z	SR2CUR	3993	heart	23249	B	C	core_destroyed	138
2026-08-11T21:49:23Z	SR2CUR	3994	hive	23249	A	C	core_destroyed	218
2026-08-11T21:49:27Z	SR2CUR	3995	hive	23249	B	T	core_destroyed	301
2026-08-11T21:49:28Z	SR2CUR	3996	meander	23249	A	C	core_destroyed	157
2026-08-11T21:49:31Z	SR2CUR	3997	meander	23249	B	C	core_destroyed	288
2026-08-11T21:49:33Z	SR2CUR	3998	nordkap	23249	A	C	core_destroyed	178
2026-08-11T21:49:36Z	SR2CUR	3999	nordkap	23249	B	T	core_destroyed	228
2026-08-11T21:49:37Z	SR2CUR	4000	antler	23250	A	C	core_destroyed	184
2026-08-11T21:49:40Z	SR2CUR	4001	antler	23250	B	C	core_destroyed	289
2026-08-11T21:49:43Z	SR2CUR	4002	atoll	23250	A	T	core_destroyed	642
2026-08-11T21:49:47Z	SR2CUR	4003	atoll	23250	B	T	core_destroyed	309
2026-08-11T21:49:51Z	SR2CUR	4004	drumlin	23250	A	C	core_destroyed	328
2026-08-11T21:49:55Z	SR2CUR	4005	drumlin	23250	B	T	core_destroyed	407
2026-08-11T21:49:56Z	SR2CUR	4006	fjordgate	23250	A	T	core_destroyed	136
2026-08-11T21:49:59Z	SR2CUR	4007	fjordgate	23250	B	T	core_destroyed	555
2026-08-11T21:50:13Z	SR2CUR	4008	heart	23250	A	T	core_destroyed	986
2026-08-11T21:50:17Z	SR2CUR	4009	heart	23250	B	T	core_destroyed	285
2026-08-11T21:50:20Z	SR2CUR	4010	hive	23250	A	C	core_destroyed	145
2026-08-11T21:50:21Z	SR2CUR	4011	hive	23250	B	T	core_destroyed	142
2026-08-11T21:50:22Z	SR2CUR	4012	meander	23250	A	C	core_destroyed	128
2026-08-11T21:50:25Z	SR2CUR	4013	meander	23250	B	T	core_destroyed	263
2026-08-11T21:50:26Z	SR2CUR	4014	nordkap	23250	A	T	core_destroyed	124
2026-08-11T21:50:29Z	SR2CUR	4015	nordkap	23250	B	T	core_destroyed	302
2026-08-11T21:50:33Z	SR2CUR	4016	antler	23251	A	T	core_destroyed	640
2026-08-11T21:50:35Z	SR2CUR	4017	antler	23251	B	C	core_destroyed	365
2026-08-11T21:50:40Z	SR2CUR	4018	atoll	23251	A	T	core_destroyed	632
2026-08-11T21:50:44Z	SR2CUR	4019	atoll	23251	B	C	core_destroyed	358
2026-08-11T21:50:45Z	SR2CUR	4020	drumlin	23251	A	T	core_destroyed	90
2026-08-11T21:50:47Z	SR2CUR	4021	drumlin	23251	B	C	core_destroyed	225
2026-08-11T21:50:48Z	SR2CUR	4022	fjordgate	23251	A	T	core_destroyed	203
2026-08-11T21:50:51Z	SR2CUR	4023	fjordgate	23251	B	C	core_destroyed	389
2026-08-11T21:50:53Z	SR2CUR	4024	heart	23251	A	T	core_destroyed	147
2026-08-11T21:50:56Z	SR2CUR	4025	heart	23251	B	C	core_destroyed	204
2026-08-11T21:50:57Z	SR2CUR	4026	hive	23251	A	T	core_destroyed	129
2026-08-11T21:51:02Z	SR2CUR	4027	hive	23251	B	C	core_destroyed	282
2026-08-11T21:51:03Z	SR2CUR	4028	meander	23251	A	C	core_destroyed	152
2026-08-11T21:51:05Z	SR2CUR	4029	meander	23251	B	C	core_destroyed	274
2026-08-11T21:51:09Z	SR2CUR	4030	nordkap	23251	A	C	core_destroyed	356
2026-08-11T21:51:10Z	SR2CUR	4031	nordkap	23251	B	T	core_destroyed	159
2026-08-11T21:51:13Z	SR2CUR	4032	antler	23252	A	T	core_destroyed	163
2026-08-11T21:51:14Z	SR2CUR	4033	antler	23252	B	C	core_destroyed	123
2026-08-11T21:51:20Z	SR2CUR	4034	atoll	23252	A	C	core_destroyed	524
2026-08-11T21:51:29Z	SR2CUR	4035	atoll	23252	B	T	tiebreak	1000
2026-08-11T21:51:30Z	SR2CUR	4036	drumlin	23252	A	T	core_destroyed	116
2026-08-11T21:51:34Z	SR2CUR	4037	drumlin	23252	B	T	core_destroyed	249
2026-08-11T21:51:36Z	SR2CUR	4038	fjordgate	23252	A	C	core_destroyed	198
2026-08-11T21:51:37Z	SR2CUR	4039	fjordgate	23252	B	C	core_destroyed	185
2026-08-11T21:51:39Z	SR2CUR	4040	heart	23252	A	T	core_destroyed	147
2026-08-11T21:51:43Z	SR2CUR	4041	heart	23252	B	T	core_destroyed	335
2026-08-11T21:51:48Z	SR2CUR	4042	hive	23252	A	T	core_destroyed	349
2026-08-11T21:51:50Z	SR2CUR	4043	hive	23252	B	T	core_destroyed	102
2026-08-11T21:51:52Z	SR2CUR	4044	meander	23252	A	T	core_destroyed	200
2026-08-11T21:51:54Z	SR2CUR	4045	meander	23252	B	T	core_destroyed	277
2026-08-11T21:51:56Z	SR2CUR	4046	nordkap	23252	A	C	core_destroyed	221
2026-08-11T21:51:58Z	SR2CUR	4047	nordkap	23252	B	C	core_destroyed	190
2026-08-11T21:52:00Z	SR2CUR	4048	antler	23253	A	C	core_destroyed	120
2026-08-11T21:52:03Z	SR2CUR	4049	antler	23253	B	C	core_destroyed	395
2026-08-11T21:52:04Z	SR2CUR	4050	atoll	23253	A	C	core_destroyed	146
2026-08-11T21:52:08Z	SR2CUR	4051	atoll	23253	B	T	core_destroyed	313
2026-08-11T21:52:13Z	SR2CUR	4052	drumlin	23253	A	T	core_destroyed	453
2026-08-11T21:52:16Z	SR2CUR	4053	drumlin	23253	B	T	core_destroyed	290
2026-08-11T21:52:18Z	SR2CUR	4054	fjordgate	23253	A	T	core_destroyed	196
2026-08-11T21:52:20Z	SR2CUR	4055	fjordgate	23253	B	C	core_destroyed	258
2026-08-11T21:52:34Z	SR2CUR	4056	heart	23253	A	T	tiebreak	1000
2026-08-11T21:52:37Z	SR2CUR	4057	heart	23253	B	C	core_destroyed	238
2026-08-11T21:52:41Z	SR2CUR	4058	hive	23253	A	T	core_destroyed	266
2026-08-11T21:52:45Z	SR2CUR	4059	hive	23253	B	C	core_destroyed	247
2026-08-11T21:52:47Z	SR2CUR	4060	meander	23253	A	T	core_destroyed	190
2026-08-11T21:52:48Z	SR2CUR	4061	meander	23253	B	C	core_destroyed	192
2026-08-11T21:52:51Z	SR2CUR	4062	nordkap	23253	A	T	core_destroyed	232
2026-08-11T21:52:53Z	SR2CUR	4063	nordkap	23253	B	T	core_destroyed	166
2026-08-11T21:52:56Z	SR2CUR	4064	antler	23254	A	C	tiebreak	1000
2026-08-11T21:52:58Z	SR2CUR	4065	antler	23254	B	T	core_destroyed	270
2026-08-11T21:53:01Z	SR2CUR	4066	atoll	23254	A	T	core_destroyed	308
2026-08-11T21:53:03Z	SR2CUR	4067	atoll	23254	B	T	core_destroyed	246
2026-08-11T21:53:06Z	SR2CUR	4068	drumlin	23254	A	T	core_destroyed	288
2026-08-11T21:53:16Z	SR2CUR	4069	drumlin	23254	B	T	tiebreak	1000
2026-08-11T21:53:18Z	SR2CUR	4070	fjordgate	23254	A	T	core_destroyed	380
2026-08-11T21:53:19Z	SR2CUR	4071	fjordgate	23254	B	T	core_destroyed	98
2026-08-11T21:53:21Z	SR2CUR	4072	heart	23254	A	T	core_destroyed	216
2026-08-11T21:53:38Z	SR2CUR	4073	heart	23254	B	C	tiebreak	1000
2026-08-11T21:53:44Z	SR2CUR	4074	hive	23254	A	C	core_destroyed	319
2026-08-11T21:53:45Z	SR2CUR	4075	hive	23254	B	C	core_destroyed	140
2026-08-11T21:53:47Z	SR2CUR	4076	meander	23254	A	C	core_destroyed	100
2026-08-11T21:53:49Z	SR2CUR	4077	meander	23254	B	C	core_destroyed	226
2026-08-11T21:53:51Z	SR2CUR	4078	nordkap	23254	A	T	core_destroyed	320
2026-08-11T21:53:53Z	SR2CUR	4079	nordkap	23254	B	C	core_destroyed	112
2026-08-11T21:53:57Z	SR2CUR	4080	antler	23255	A	T	core_destroyed	304
2026-08-11T21:53:58Z	SR2CUR	4081	antler	23255	B	T	core_destroyed	165
2026-08-11T21:54:00Z	SR2CUR	4082	atoll	23255	A	T	core_destroyed	285
2026-08-11T21:54:04Z	SR2CUR	4083	atoll	23255	B	C	core_destroyed	327
2026-08-11T21:54:06Z	SR2CUR	4084	drumlin	23255	A	C	core_destroyed	200
2026-08-11T21:54:08Z	SR2CUR	4085	drumlin	23255	B	C	core_destroyed	162
2026-08-11T21:54:10Z	SR2CUR	4086	fjordgate	23255	A	T	core_destroyed	269
2026-08-11T21:54:12Z	SR2CUR	4087	fjordgate	23255	B	T	core_destroyed	197
2026-08-11T21:54:16Z	SR2CUR	4088	heart	23255	A	C	core_destroyed	212
2026-08-11T21:54:17Z	SR2CUR	4089	heart	23255	B	T	core_destroyed	157
2026-08-11T21:54:19Z	SR2CUR	4090	hive	23255	A	T	core_destroyed	116
2026-08-11T21:54:21Z	SR2CUR	4091	hive	23255	B	C	core_destroyed	136
2026-08-11T21:54:24Z	SR2CUR	4092	meander	23255	A	C	core_destroyed	296
2026-08-11T21:54:26Z	SR2CUR	4093	meander	23255	B	T	core_destroyed	208
2026-08-11T21:54:30Z	SR2CUR	4094	nordkap	23255	A	T	core_destroyed	302
2026-08-11T21:54:32Z	SR2CUR	4095	nordkap	23255	B	T	core_destroyed	133
2026-08-11T21:54:33Z	SR2CUR	4096	antler	23256	A	T	core_destroyed	114
2026-08-11T21:54:35Z	SR2CUR	4097	antler	23256	B	T	core_destroyed	173
2026-08-11T21:54:37Z	SR2CUR	4098	atoll	23256	A	T	core_destroyed	263
2026-08-11T21:54:39Z	SR2CUR	4099	atoll	23256	B	C	core_destroyed	341
2026-08-11T21:54:41Z	SR2CUR	4100	drumlin	23256	A	T	core_destroyed	127
2026-08-11T21:54:46Z	SR2CUR	4101	drumlin	23256	B	T	core_destroyed	318
2026-08-11T21:54:47Z	SR2CUR	4102	fjordgate	23256	A	C	core_destroyed	322
2026-08-11T21:54:50Z	SR2CUR	4103	fjordgate	23256	B	C	core_destroyed	492
2026-08-11T21:54:54Z	SR2CUR	4104	heart	23256	A	C	core_destroyed	602
2026-08-11T21:54:59Z	SR2CUR	4105	heart	23256	B	T	core_destroyed	217
2026-08-11T21:55:03Z	SR2CUR	4106	hive	23256	A	C	core_destroyed	237
2026-08-11T21:55:05Z	SR2CUR	4107	hive	23256	B	T	core_destroyed	182
2026-08-11T21:55:06Z	SR2CUR	4108	meander	23256	A	C	core_destroyed	136
2026-08-11T21:55:08Z	SR2CUR	4109	meander	23256	B	C	core_destroyed	231
2026-08-11T21:55:12Z	SR2CUR	4110	nordkap	23256	A	T	core_destroyed	318
2026-08-11T21:55:15Z	SR2CUR	4111	nordkap	23256	B	C	core_destroyed	234
2026-08-11T21:55:16Z	SR2CUR	4112	antler	23257	A	T	core_destroyed	106
2026-08-11T21:55:18Z	SR2CUR	4113	antler	23257	B	T	core_destroyed	300
2026-08-11T21:55:22Z	SR2CUR	4114	atoll	23257	A	C	core_destroyed	459
2026-08-11T21:55:24Z	SR2CUR	4115	atoll	23257	B	C	core_destroyed	159
2026-08-11T21:55:26Z	SR2CUR	4116	drumlin	23257	A	T	core_destroyed	156
2026-08-11T21:55:29Z	SR2CUR	4117	drumlin	23257	B	C	core_destroyed	294
2026-08-11T21:55:32Z	SR2CUR	4118	fjordgate	23257	A	T	tiebreak	1000
2026-08-11T21:55:33Z	SR2CUR	4119	fjordgate	23257	B	C	core_destroyed	146
2026-08-11T21:55:38Z	SR2CUR	4120	heart	23257	A	C	core_destroyed	514
2026-08-11T21:55:44Z	SR2CUR	4121	heart	23257	B	T	core_destroyed	300
2026-08-11T21:55:48Z	SR2CUR	4122	hive	23257	A	T	core_destroyed	243
2026-08-11T21:55:55Z	SR2CUR	4123	hive	23257	B	C	core_destroyed	428
2026-08-11T21:55:56Z	SR2CUR	4124	meander	23257	A	T	core_destroyed	132
2026-08-11T21:55:58Z	SR2CUR	4125	meander	23257	B	T	core_destroyed	153
2026-08-11T21:56:02Z	SR2CUR	4126	nordkap	23257	A	C	core_destroyed	380
2026-08-11T21:56:04Z	SR2CUR	4127	nordkap	23257	B	T	core_destroyed	182
2026-08-11T21:56:05Z	SR2CUR	4128	antler	23258	A	T	core_destroyed	524
2026-08-11T21:56:08Z	SR2CUR	4129	antler	23258	B	C	core_destroyed	513
2026-08-11T21:56:10Z	SR2CUR	4130	atoll	23258	A	T	core_destroyed	219
2026-08-11T21:56:14Z	SR2CUR	4131	atoll	23258	B	C	core_destroyed	422
2026-08-11T21:56:18Z	SR2CUR	4132	drumlin	23258	A	T	core_destroyed	267
2026-08-11T21:56:19Z	SR2CUR	4133	drumlin	23258	B	T	core_destroyed	137
2026-08-11T21:56:21Z	SR2CUR	4134	fjordgate	23258	A	T	core_destroyed	241
2026-08-11T21:56:23Z	SR2CUR	4135	fjordgate	23258	B	C	core_destroyed	223
2026-08-11T21:56:30Z	SR2CUR	4136	heart	23258	A	T	core_destroyed	431
2026-08-11T21:56:32Z	SR2CUR	4137	heart	23258	B	C	core_destroyed	141
2026-08-11T21:56:36Z	SR2CUR	4138	hive	23258	A	C	core_destroyed	231
2026-08-11T21:56:39Z	SR2CUR	4139	hive	23258	B	C	core_destroyed	218
2026-08-11T21:56:41Z	SR2CUR	4140	meander	23258	A	C	core_destroyed	200
2026-08-11T21:56:42Z	SR2CUR	4141	meander	23258	B	T	core_destroyed	152
2026-08-11T21:56:46Z	SR2CUR	4142	nordkap	23258	A	C	core_destroyed	270
2026-08-11T21:56:49Z	SR2CUR	4143	nordkap	23258	B	C	core_destroyed	248
2026-08-11T21:56:51Z	SR2CUR	4144	antler	23259	A	T	core_destroyed	285
2026-08-11T21:56:53Z	SR2CUR	4145	antler	23259	B	C	core_destroyed	382
2026-08-11T21:56:54Z	SR2CUR	4146	atoll	23259	A	C	core_destroyed	80
2026-08-11T21:56:58Z	SR2CUR	4147	atoll	23259	B	T	core_destroyed	629
2026-08-11T21:56:59Z	SR2CUR	4148	drumlin	23259	A	C	core_destroyed	118
2026-08-11T21:57:04Z	SR2CUR	4149	drumlin	23259	B	C	core_destroyed	305
2026-08-11T21:57:05Z	SR2CUR	4150	fjordgate	23259	A	T	core_destroyed	135
2026-08-11T21:57:06Z	SR2CUR	4151	fjordgate	23259	B	C	core_destroyed	134
2026-08-11T21:57:12Z	SR2CUR	4152	heart	23259	A	C	core_destroyed	345
2026-08-11T21:57:21Z	SR2CUR	4153	heart	23259	B	T	core_destroyed	544
2026-08-11T21:57:24Z	SR2CUR	4154	hive	23259	A	C	core_destroyed	274
2026-08-11T21:57:28Z	SR2CUR	4155	hive	23259	B	C	core_destroyed	245
2026-08-11T21:57:29Z	SR2CUR	4156	meander	23259	A	C	core_destroyed	132
2026-08-11T21:57:31Z	SR2CUR	4157	meander	23259	B	C	core_destroyed	166
2026-08-11T21:57:32Z	SR2CUR	4158	nordkap	23259	A	T	core_destroyed	186
2026-08-11T21:57:34Z	SR2CUR	4159	nordkap	23259	B	T	core_destroyed	97
2026-08-11T21:57:35Z	SR2CUR	4160	antler	23260	A	T	core_destroyed	85
2026-08-11T21:57:37Z	SR2CUR	4161	antler	23260	B	C	core_destroyed	347
2026-08-11T21:57:40Z	SR2CUR	4162	atoll	23260	A	C	core_destroyed	304
2026-08-11T21:57:43Z	SR2CUR	4163	atoll	23260	B	C	core_destroyed	356
2026-08-11T21:57:48Z	SR2CUR	4164	drumlin	23260	A	T	core_destroyed	381
2026-08-11T21:57:52Z	SR2CUR	4165	drumlin	23260	B	T	core_destroyed	266
2026-08-11T21:57:53Z	SR2CUR	4166	fjordgate	23260	A	T	core_destroyed	149
2026-08-11T21:57:54Z	SR2CUR	4167	fjordgate	23260	B	T	core_destroyed	254
2026-08-11T21:57:57Z	SR2CUR	4168	heart	23260	A	T	core_destroyed	143
2026-08-11T21:58:01Z	SR2CUR	4169	heart	23260	B	C	core_destroyed	251
2026-08-11T21:58:04Z	SR2CUR	4170	hive	23260	A	T	core_destroyed	235
2026-08-11T21:58:09Z	SR2CUR	4171	hive	23260	B	C	core_destroyed	338
2026-08-11T21:58:11Z	SR2CUR	4172	meander	23260	A	C	core_destroyed	145
2026-08-11T21:58:13Z	SR2CUR	4173	meander	23260	B	C	core_destroyed	260
2026-08-11T21:58:14Z	SR2CUR	4174	nordkap	23260	A	C	core_destroyed	111
2026-08-11T21:58:20Z	SR2CUR	4175	nordkap	23260	B	T	core_destroyed	647
2026-08-11T21:58:24Z	SR2CUR	4176	antler	23261	A	C	core_destroyed	591
2026-08-11T21:58:27Z	SR2CUR	4177	antler	23261	B	C	core_destroyed	242
2026-08-11T21:58:30Z	SR2CUR	4178	atoll	23261	A	C	tiebreak	1000
2026-08-11T21:58:31Z	SR2CUR	4179	atoll	23261	B	T	core_destroyed	97
2026-08-11T21:58:38Z	SR2CUR	4180	drumlin	23261	A	C	core_destroyed	476
2026-08-11T21:58:42Z	SR2CUR	4181	drumlin	23261	B	T	core_destroyed	326
2026-08-11T21:58:43Z	SR2CUR	4182	fjordgate	23261	A	C	core_destroyed	144
2026-08-11T21:58:45Z	SR2CUR	4183	fjordgate	23261	B	T	core_destroyed	147
2026-08-11T21:58:47Z	SR2CUR	4184	heart	23261	A	T	core_destroyed	180
2026-08-11T21:58:50Z	SR2CUR	4185	heart	23261	B	T	core_destroyed	216
2026-08-11T21:58:54Z	SR2CUR	4186	hive	23261	A	C	core_destroyed	276
2026-08-11T21:59:05Z	SR2CUR	4187	hive	23261	B	C	core_destroyed	625
2026-08-11T21:59:06Z	SR2CUR	4188	meander	23261	A	T	core_destroyed	152
2026-08-11T21:59:08Z	SR2CUR	4189	meander	23261	B	C	core_destroyed	210
2026-08-11T21:59:09Z	SR2CUR	4190	nordkap	23261	A	T	core_destroyed	144
2026-08-11T21:59:12Z	SR2CUR	4191	nordkap	23261	B	T	core_destroyed	297
2026-08-11T21:59:14Z	SR2CUR	4192	antler	23262	A	T	core_destroyed	125
2026-08-11T21:59:16Z	SR2CUR	4193	antler	23262	B	T	core_destroyed	196
2026-08-11T21:59:17Z	SR2CUR	4194	atoll	23262	A	C	core_destroyed	93
2026-08-11T21:59:23Z	SR2CUR	4195	atoll	23262	B	T	core_destroyed	488
2026-08-11T21:59:25Z	SR2CUR	4196	drumlin	23262	A	C	core_destroyed	156
2026-08-11T21:59:27Z	SR2CUR	4197	drumlin	23262	B	T	core_destroyed	156
2026-08-11T21:59:29Z	SR2CUR	4198	fjordgate	23262	A	T	core_destroyed	230
2026-08-11T21:59:30Z	SR2CUR	4199	fjordgate	23262	B	T	core_destroyed	175
2026-08-11T21:59:33Z	SR2CUR	4200	heart	23262	A	C	core_destroyed	138
2026-08-11T21:59:36Z	SR2CUR	4201	heart	23262	B	C	core_destroyed	247
2026-08-11T21:59:39Z	SR2CUR	4202	hive	23262	A	C	core_destroyed	192
2026-08-11T21:59:42Z	SR2CUR	4203	hive	23262	B	T	core_destroyed	166
2026-08-11T21:59:44Z	SR2CUR	4204	meander	23262	A	C	core_destroyed	248
2026-08-11T21:59:45Z	SR2CUR	4205	meander	23262	B	T	core_destroyed	184
2026-08-11T21:59:47Z	SR2CUR	4206	nordkap	23262	A	C	core_destroyed	129
2026-08-11T21:59:49Z	SR2CUR	4207	nordkap	23262	B	T	core_destroyed	199
2026-08-11T21:59:51Z	SR2CUR	4208	antler	23263	A	T	core_destroyed	308
2026-08-11T21:59:53Z	SR2CUR	4209	antler	23263	B	T	core_destroyed	139
2026-08-11T21:59:55Z	SR2CUR	4210	atoll	23263	A	T	core_destroyed	241
2026-08-11T21:59:56Z	SR2CUR	4211	atoll	23263	B	T	core_destroyed	155
2026-08-11T22:00:03Z	SR2CUR	4212	drumlin	23263	A	C	core_destroyed	575
2026-08-11T22:00:05Z	SR2CUR	4213	drumlin	23263	B	T	core_destroyed	155
2026-08-11T22:00:06Z	SR2CUR	4214	fjordgate	23263	A	T	core_destroyed	129
2026-08-11T22:00:09Z	SR2CUR	4215	fjordgate	23263	B	T	core_destroyed	807
2026-08-11T22:00:12Z	SR2CUR	4216	heart	23263	A	T	core_destroyed	175
2026-08-11T22:00:16Z	SR2CUR	4217	heart	23263	B	C	core_destroyed	289
2026-08-11T22:00:18Z	SR2CUR	4218	hive	23263	A	T	core_destroyed	178
2026-08-11T22:00:21Z	SR2CUR	4219	hive	23263	B	C	core_destroyed	248
2026-08-11T22:00:23Z	SR2CUR	4220	meander	23263	A	T	core_destroyed	115
2026-08-11T22:00:24Z	SR2CUR	4221	meander	23263	B	T	core_destroyed	194
2026-08-11T22:00:26Z	SR2CUR	4222	nordkap	23263	A	T	core_destroyed	175
2026-08-11T22:00:28Z	SR2CUR	4223	nordkap	23263	B	C	core_destroyed	227
2026-08-11T22:00:29Z	SR2CUR	4224	antler	23264	A	T	core_destroyed	97
2026-08-11T22:00:31Z	SR2CUR	4225	antler	23264	B	T	core_destroyed	222
2026-08-11T22:00:33Z	SR2CUR	4226	atoll	23264	A	T	core_destroyed	217
2026-08-11T22:00:34Z	SR2CUR	4227	atoll	23264	B	T	core_destroyed	139
2026-08-11T22:00:39Z	SR2CUR	4228	drumlin	23264	A	C	core_destroyed	508
2026-08-11T22:00:44Z	SR2CUR	4229	drumlin	23264	B	C	core_destroyed	297
2026-08-11T22:00:46Z	SR2CUR	4230	fjordgate	23264	A	T	core_destroyed	373
2026-08-11T22:00:47Z	SR2CUR	4231	fjordgate	23264	B	C	core_destroyed	164
2026-08-11T22:00:51Z	SR2CUR	4232	heart	23264	A	T	core_destroyed	242
2026-08-11T22:00:53Z	SR2CUR	4233	heart	23264	B	C	core_destroyed	171
2026-08-11T22:00:59Z	SR2CUR	4234	hive	23264	A	T	core_destroyed	371
2026-08-11T22:01:03Z	SR2CUR	4235	hive	23264	B	C	core_destroyed	256
2026-08-11T22:01:08Z	SR2CUR	4236	meander	23264	A	C	core_destroyed	545
2026-08-11T22:01:09Z	SR2CUR	4237	meander	23264	B	C	core_destroyed	130
2026-08-11T22:01:11Z	SR2CUR	4238	nordkap	23264	A	C	core_destroyed	203
2026-08-11T22:01:13Z	SR2CUR	4239	nordkap	23264	B	T	core_destroyed	211
2026-08-11T22:01:15Z	SR2CUR	4240	antler	23265	A	T	core_destroyed	249
2026-08-11T22:01:17Z	SR2CUR	4241	antler	23265	B	T	core_destroyed	365
2026-08-11T22:01:18Z	SR2CUR	4242	atoll	23265	A	C	core_destroyed	144
2026-08-11T22:01:19Z	SR2CUR	4243	atoll	23265	B	C	core_destroyed	150
2026-08-11T22:01:22Z	SR2CUR	4244	drumlin	23265	A	C	core_destroyed	208
2026-08-11T22:01:26Z	SR2CUR	4245	drumlin	23265	B	T	core_destroyed	305
2026-08-11T22:01:27Z	SR2CUR	4246	fjordgate	23265	A	T	core_destroyed	143
2026-08-11T22:01:30Z	SR2CUR	4247	fjordgate	23265	B	T	core_destroyed	743
2026-08-11T22:01:34Z	SR2CUR	4248	heart	23265	A	T	core_destroyed	231
2026-08-11T22:01:38Z	SR2CUR	4249	heart	23265	B	T	core_destroyed	247
2026-08-11T22:01:40Z	SR2CUR	4250	hive	23265	A	T	core_destroyed	187
2026-08-11T22:01:45Z	SR2CUR	4251	hive	23265	B	C	core_destroyed	387
2026-08-11T22:01:46Z	SR2CUR	4252	meander	23265	A	T	core_destroyed	189
2026-08-11T22:01:48Z	SR2CUR	4253	meander	23265	B	T	core_destroyed	173
2026-08-11T22:01:49Z	SR2CUR	4254	nordkap	23265	A	C	core_destroyed	92
2026-08-11T22:01:51Z	SR2CUR	4255	nordkap	23265	B	C	core_destroyed	167
2026-08-11T22:01:53Z	SR2CUR	4256	antler	23266	A	T	core_destroyed	252
2026-08-11T22:01:55Z	SR2CUR	4257	antler	23266	B	C	core_destroyed	108
2026-08-11T22:01:58Z	SR2CUR	4258	atoll	23266	A	C	core_destroyed	522
2026-08-11T22:01:59Z	SR2CUR	4259	atoll	23266	B	T	core_destroyed	119
2026-08-11T22:02:03Z	SR2CUR	4260	drumlin	23266	A	C	core_destroyed	285
2026-08-11T22:02:05Z	SR2CUR	4261	drumlin	23266	B	T	core_destroyed	150
2026-08-11T22:02:07Z	SR2CUR	4262	fjordgate	23266	A	T	core_destroyed	136
2026-08-11T22:02:08Z	SR2CUR	4263	fjordgate	23266	B	T	core_destroyed	116
2026-08-11T22:02:10Z	SR2CUR	4264	heart	23266	A	T	core_destroyed	121
2026-08-11T22:02:15Z	SR2CUR	4265	heart	23266	B	T	core_destroyed	305
2026-08-11T22:02:17Z	SR2CUR	4266	hive	23266	A	T	core_destroyed	159
2026-08-11T22:02:20Z	SR2CUR	4267	hive	23266	B	T	core_destroyed	226
2026-08-11T22:02:22Z	SR2CUR	4268	meander	23266	A	C	core_destroyed	301
2026-08-11T22:02:24Z	SR2CUR	4269	meander	23266	B	T	core_destroyed	212
2026-08-11T22:02:25Z	SR2CUR	4270	nordkap	23266	A	C	core_destroyed	133
2026-08-11T22:02:29Z	SR2CUR	4271	nordkap	23266	B	T	core_destroyed	330
2026-08-11T22:02:30Z	SR2CUR	4272	antler	23267	A	T	core_destroyed	116
2026-08-11T22:02:32Z	SR2CUR	4273	antler	23267	B	C	core_destroyed	117
2026-08-11T22:02:35Z	SR2CUR	4274	atoll	23267	A	T	core_destroyed	322
2026-08-11T22:02:38Z	SR2CUR	4275	atoll	23267	B	T	core_destroyed	535
2026-08-11T22:02:43Z	SR2CUR	4276	drumlin	23267	A	T	core_destroyed	395
2026-08-11T22:02:47Z	SR2CUR	4277	drumlin	23267	B	C	core_destroyed	332
2026-08-11T22:02:48Z	SR2CUR	4278	fjordgate	23267	A	T	core_destroyed	136
2026-08-11T22:02:50Z	SR2CUR	4279	fjordgate	23267	B	C	core_destroyed	144
2026-08-11T22:02:53Z	SR2CUR	4280	heart	23267	A	C	core_destroyed	172
2026-08-11T22:02:55Z	SR2CUR	4281	heart	23267	B	C	core_destroyed	147
2026-08-11T22:02:59Z	SR2CUR	4282	hive	23267	A	C	core_destroyed	245
2026-08-11T22:03:02Z	SR2CUR	4283	hive	23267	B	C	core_destroyed	566
2026-08-11T22:03:05Z	SR2CUR	4284	meander	23267	A	T	core_destroyed	177
2026-08-11T22:03:06Z	SR2CUR	4285	meander	23267	B	T	core_destroyed	168
2026-08-11T22:03:08Z	SR2CUR	4286	nordkap	23267	A	T	core_destroyed	201
2026-08-11T22:03:10Z	SR2CUR	4287	nordkap	23267	B	C	core_destroyed	228
2026-08-11T22:03:13Z	SR2CUR	4288	antler	23268	A	C	core_destroyed	273
2026-08-11T22:03:15Z	SR2CUR	4289	antler	23268	B	C	core_destroyed	317
2026-08-11T22:03:18Z	SR2CUR	4290	atoll	23268	A	T	tiebreak	1000
2026-08-11T22:03:21Z	SR2CUR	4291	atoll	23268	B	C	core_destroyed	482
2026-08-11T22:03:23Z	SR2CUR	4292	drumlin	23268	A	C	core_destroyed	142
2026-08-11T22:03:30Z	SR2CUR	4293	drumlin	23268	B	C	core_destroyed	554
2026-08-11T22:03:32Z	SR2CUR	4294	fjordgate	23268	A	T	core_destroyed	181
2026-08-11T22:03:33Z	SR2CUR	4295	fjordgate	23268	B	T	core_destroyed	157
2026-08-11T22:03:41Z	SR2CUR	4296	heart	23268	A	C	core_destroyed	800
2026-08-11T22:03:48Z	SR2CUR	4297	heart	23268	B	C	tiebreak	1000
2026-08-11T22:03:51Z	SR2CUR	4298	hive	23268	A	C	core_destroyed	237
2026-08-11T22:03:57Z	SR2CUR	4299	hive	23268	B	T	core_destroyed	393
2026-08-11T22:03:59Z	SR2CUR	4300	meander	23268	A	C	core_destroyed	168
2026-08-11T22:04:00Z	SR2CUR	4301	meander	23268	B	T	core_destroyed	137
2026-08-11T22:04:02Z	SR2CUR	4302	nordkap	23268	A	T	core_destroyed	280
2026-08-11T22:04:04Z	SR2CUR	4303	nordkap	23268	B	C	core_destroyed	263
2026-08-11T22:04:08Z	SR2CUR	4304	antler	23269	A	C	core_destroyed	444
2026-08-11T22:04:10Z	SR2CUR	4305	antler	23269	B	T	core_destroyed	152
2026-08-11T22:04:11Z	SR2CUR	4306	atoll	23269	A	C	core_destroyed	93
2026-08-11T22:04:17Z	SR2CUR	4307	atoll	23269	B	T	core_destroyed	590
2026-08-11T22:04:19Z	SR2CUR	4308	drumlin	23269	A	C	core_destroyed	222
2026-08-11T22:04:26Z	SR2CUR	4309	drumlin	23269	B	T	core_destroyed	393
2026-08-11T22:04:27Z	SR2CUR	4310	fjordgate	23269	A	C	core_destroyed	149
2026-08-11T22:04:29Z	SR2CUR	4311	fjordgate	23269	B	T	core_destroyed	142
2026-08-11T22:04:32Z	SR2CUR	4312	heart	23269	A	T	core_destroyed	178
2026-08-11T22:04:34Z	SR2CUR	4313	heart	23269	B	C	core_destroyed	159
2026-08-11T22:04:36Z	SR2CUR	4314	hive	23269	A	T	core_destroyed	129
2026-08-11T22:04:41Z	SR2CUR	4315	hive	23269	B	C	core_destroyed	356
2026-08-11T22:04:43Z	SR2CUR	4316	meander	23269	A	T	core_destroyed	170
2026-08-11T22:04:47Z	SR2CUR	4317	meander	23269	B	T	tiebreak	1000
2026-08-11T22:04:48Z	SR2CUR	4318	nordkap	23269	A	T	core_destroyed	186
2026-08-11T22:04:53Z	SR2CUR	4319	nordkap	23269	B	C	core_destroyed	482
2026-08-11T22:04:55Z	SR2CUR	4320	antler	23270	A	T	core_destroyed	252
2026-08-11T22:04:57Z	SR2CUR	4321	antler	23270	B	C	core_destroyed	210
2026-08-11T22:04:59Z	SR2CUR	4322	atoll	23270	A	T	core_destroyed	253
2026-08-11T22:05:04Z	SR2CUR	4323	atoll	23270	B	T	core_destroyed	402
2026-08-11T22:05:09Z	SR2CUR	4324	drumlin	23270	A	T	core_destroyed	419
2026-08-11T22:05:14Z	SR2CUR	4325	drumlin	23270	B	T	core_destroyed	376
2026-08-11T22:05:16Z	SR2CUR	4326	fjordgate	23270	A	T	core_destroyed	181
2026-08-11T22:05:17Z	SR2CUR	4327	fjordgate	23270	B	T	core_destroyed	142
2026-08-11T22:05:21Z	SR2CUR	4328	heart	23270	A	C	core_destroyed	308
2026-08-11T22:05:24Z	SR2CUR	4329	heart	23270	B	T	core_destroyed	216
2026-08-11T22:05:36Z	SR2CUR	4330	hive	23270	A	C	tiebreak	1000
2026-08-11T22:05:37Z	SR2CUR	4331	hive	23270	B	T	core_destroyed	148
2026-08-11T22:05:39Z	SR2CUR	4332	meander	23270	A	C	core_destroyed	204
2026-08-11T22:05:41Z	SR2CUR	4333	meander	23270	B	T	core_destroyed	149
2026-08-11T22:05:43Z	SR2CUR	4334	nordkap	23270	A	T	core_destroyed	260
2026-08-11T22:05:45Z	SR2CUR	4335	nordkap	23270	B	T	core_destroyed	360
2026-08-11T22:05:47Z	SR2CUR	4336	antler	23271	A	C	core_destroyed	226
2026-08-11T22:05:50Z	SR2CUR	4337	antler	23271	B	C	core_destroyed	342
2026-08-11T22:05:51Z	SR2CUR	4338	atoll	23271	A	C	core_destroyed	156
2026-08-11T22:05:54Z	SR2CUR	4339	atoll	23271	B	T	core_destroyed	373
2026-08-11T22:05:56Z	SR2CUR	4340	drumlin	23271	A	T	core_destroyed	171
2026-08-11T22:05:58Z	SR2CUR	4341	drumlin	23271	B	C	core_destroyed	85
2026-08-11T22:05:59Z	SR2CUR	4342	fjordgate	23271	A	T	core_destroyed	214
2026-08-11T22:06:01Z	SR2CUR	4343	fjordgate	23271	B	T	core_destroyed	473
2026-08-11T22:06:03Z	SR2CUR	4344	heart	23271	A	T	core_destroyed	134
2026-08-11T22:06:07Z	SR2CUR	4345	heart	23271	B	T	core_destroyed	290
2026-08-11T22:06:13Z	SR2CUR	4346	hive	23271	A	C	core_destroyed	338
2026-08-11T22:06:16Z	SR2CUR	4347	hive	23271	B	C	core_destroyed	258
2026-08-11T22:06:17Z	SR2CUR	4348	meander	23271	A	T	core_destroyed	161
2026-08-11T22:06:19Z	SR2CUR	4349	meander	23271	B	C	core_destroyed	220
2026-08-11T22:06:23Z	SR2CUR	4350	nordkap	23271	A	T	core_destroyed	362
2026-08-11T22:06:25Z	SR2CUR	4351	nordkap	23271	B	C	core_destroyed	284
2026-08-11T22:06:27Z	SR2CUR	4352	antler	23272	A	C	core_destroyed	292
2026-08-11T22:06:29Z	SR2CUR	4353	antler	23272	B	C	core_destroyed	208
2026-08-11T22:06:31Z	SR2CUR	4354	atoll	23272	A	T	core_destroyed	438
2026-08-11T22:06:34Z	SR2CUR	4355	atoll	23272	B	T	tiebreak	1000
2026-08-11T22:06:36Z	SR2CUR	4356	drumlin	23272	A	T	core_destroyed	195
2026-08-11T22:06:43Z	SR2CUR	4357	drumlin	23272	B	T	core_destroyed	494
2026-08-11T22:06:45Z	SR2CUR	4358	fjordgate	23272	A	C	core_destroyed	410
2026-08-11T22:06:46Z	SR2CUR	4359	fjordgate	23272	B	T	core_destroyed	112
2026-08-11T22:06:48Z	SR2CUR	4360	heart	23272	A	C	core_destroyed	113
2026-08-11T22:06:53Z	SR2CUR	4361	heart	23272	B	T	core_destroyed	401
2026-08-11T22:06:55Z	SR2CUR	4362	hive	23272	A	T	core_destroyed	149
2026-08-11T22:06:57Z	SR2CUR	4363	hive	23272	B	T	core_destroyed	169
2026-08-11T22:06:58Z	SR2CUR	4364	meander	23272	A	T	core_destroyed	152
2026-08-11T22:07:00Z	SR2CUR	4365	meander	23272	B	T	core_destroyed	234
2026-08-11T22:07:03Z	SR2CUR	4366	nordkap	23272	A	T	core_destroyed	205
2026-08-11T22:07:05Z	SR2CUR	4367	nordkap	23272	B	T	core_destroyed	328
2026-08-11T22:07:08Z	SR2CUR	4368	antler	23273	A	C	core_destroyed	222
2026-08-11T22:07:10Z	SR2CUR	4369	antler	23273	B	T	core_destroyed	170
2026-08-11T22:07:11Z	SR2CUR	4370	atoll	23273	A	C	core_destroyed	118
2026-08-11T22:07:13Z	SR2CUR	4371	atoll	23273	B	T	core_destroyed	158
2026-08-11T22:07:15Z	SR2CUR	4372	drumlin	23273	A	T	core_destroyed	158
2026-08-11T22:07:19Z	SR2CUR	4373	drumlin	23273	B	T	core_destroyed	331
2026-08-11T22:07:20Z	SR2CUR	4374	fjordgate	23273	A	T	core_destroyed	100
2026-08-11T22:07:21Z	SR2CUR	4375	fjordgate	23273	B	T	core_destroyed	128
2026-08-11T22:07:29Z	SR2CUR	4376	heart	23273	A	T	core_destroyed	459
2026-08-11T22:07:32Z	SR2CUR	4377	heart	23273	B	T	core_destroyed	136
2026-08-11T22:07:35Z	SR2CUR	4378	hive	23273	A	C	core_destroyed	280
2026-08-11T22:07:38Z	SR2CUR	4379	hive	23273	B	T	core_destroyed	162
2026-08-11T22:07:39Z	SR2CUR	4380	meander	23273	A	C	core_destroyed	190
2026-08-11T22:07:41Z	SR2CUR	4381	meander	23273	B	C	core_destroyed	160
2026-08-11T22:07:43Z	SR2CUR	4382	nordkap	23273	A	T	core_destroyed	112
2026-08-11T22:07:44Z	SR2CUR	4383	nordkap	23273	B	T	core_destroyed	181
2026-08-11T22:07:46Z	SR2CUR	4384	antler	23274	A	T	core_destroyed	148
2026-08-11T22:07:48Z	SR2CUR	4385	antler	23274	B	C	core_destroyed	224
2026-08-11T22:07:51Z	SR2CUR	4386	atoll	23274	A	C	core_destroyed	259
2026-08-11T22:07:53Z	SR2CUR	4387	atoll	23274	B	C	core_destroyed	679
2026-08-11T22:07:55Z	SR2CUR	4388	drumlin	23274	A	C	core_destroyed	209
2026-08-11T22:07:58Z	SR2CUR	4389	drumlin	23274	B	C	core_destroyed	267
2026-08-11T22:08:00Z	SR2CUR	4390	fjordgate	23274	A	C	core_destroyed	193
2026-08-11T22:08:01Z	SR2CUR	4391	fjordgate	23274	B	T	core_destroyed	130
2026-08-11T22:08:05Z	SR2CUR	4392	heart	23274	A	T	core_destroyed	313
2026-08-11T22:08:08Z	SR2CUR	4393	heart	23274	B	C	core_destroyed	169
2026-08-11T22:08:10Z	SR2CUR	4394	hive	23274	A	T	core_destroyed	162
2026-08-11T22:08:13Z	SR2CUR	4395	hive	23274	B	C	core_destroyed	203
2026-08-11T22:08:15Z	SR2CUR	4396	meander	23274	A	C	core_destroyed	162
2026-08-11T22:08:16Z	SR2CUR	4397	meander	23274	B	C	core_destroyed	158
2026-08-11T22:08:21Z	SR2CUR	4398	nordkap	23274	A	C	core_destroyed	390
2026-08-11T22:08:22Z	SR2CUR	4399	nordkap	23274	B	C	core_destroyed	196
2026-08-11T22:08:24Z	SR2CUR	4400	antler	23275	A	T	core_destroyed	140
2026-08-11T22:08:26Z	SR2CUR	4401	antler	23275	B	T	core_destroyed	191
2026-08-11T22:08:28Z	SR2CUR	4402	atoll	23275	A	T	core_destroyed	188
2026-08-11T22:08:29Z	SR2CUR	4403	atoll	23275	B	T	core_destroyed	143
2026-08-11T22:08:32Z	SR2CUR	4404	drumlin	23275	A	T	core_destroyed	248
2026-08-11T22:08:34Z	SR2CUR	4405	drumlin	23275	B	C	core_destroyed	122
2026-08-11T22:08:35Z	SR2CUR	4406	fjordgate	23275	A	C	core_destroyed	137
2026-08-11T22:08:37Z	SR2CUR	4407	fjordgate	23275	B	C	core_destroyed	251
2026-08-11T22:08:41Z	SR2CUR	4408	heart	23275	A	T	core_destroyed	243
2026-08-11T22:08:45Z	SR2CUR	4409	heart	23275	B	C	core_destroyed	249
2026-08-11T22:08:48Z	SR2CUR	4410	hive	23275	A	T	core_destroyed	197
2026-08-11T22:08:53Z	SR2CUR	4411	hive	23275	B	C	core_destroyed	293
2026-08-11T22:08:54Z	SR2CUR	4412	meander	23275	A	T	core_destroyed	155
2026-08-11T22:08:56Z	SR2CUR	4413	meander	23275	B	T	core_destroyed	242
2026-08-11T22:09:00Z	SR2CUR	4414	nordkap	23275	A	T	core_destroyed	301
2026-08-11T22:09:03Z	SR2CUR	4415	nordkap	23275	B	T	core_destroyed	352
2026-08-11T22:09:05Z	SR2CUR	4416	antler	23276	A	T	core_destroyed	149
2026-08-11T22:09:06Z	SR2CUR	4417	antler	23276	B	C	core_destroyed	135
2026-08-11T22:09:08Z	SR2CUR	4418	atoll	23276	A	C	core_destroyed	274
2026-08-11T22:09:09Z	SR2CUR	4419	atoll	23276	B	T	core_destroyed	145
2026-08-11T22:09:11Z	SR2CUR	4420	drumlin	23276	A	T	core_destroyed	90
2026-08-11T22:09:16Z	SR2CUR	4421	drumlin	23276	B	C	core_destroyed	444
2026-08-11T22:09:17Z	SR2CUR	4422	fjordgate	23276	A	T	core_destroyed	95
2026-08-11T22:09:19Z	SR2CUR	4423	fjordgate	23276	B	C	core_destroyed	200
2026-08-11T22:09:22Z	SR2CUR	4424	heart	23276	A	C	core_destroyed	152
2026-08-11T22:09:25Z	SR2CUR	4425	heart	23276	B	C	core_destroyed	180
2026-08-11T22:09:28Z	SR2CUR	4426	hive	23276	A	T	core_destroyed	266
2026-08-11T22:09:33Z	SR2CUR	4427	hive	23276	B	T	core_destroyed	566
2026-08-11T22:09:36Z	SR2CUR	4428	meander	23276	A	T	core_destroyed	265
2026-08-11T22:09:38Z	SR2CUR	4429	meander	23276	B	T	core_destroyed	205
2026-08-11T22:09:41Z	SR2CUR	4430	nordkap	23276	A	T	core_destroyed	304
2026-08-11T22:09:45Z	SR2CUR	4431	nordkap	23276	B	C	core_destroyed	350
2026-08-11T22:09:47Z	SR2CUR	4432	antler	23277	A	C	core_destroyed	234
2026-08-11T22:09:48Z	SR2CUR	4433	antler	23277	B	T	core_destroyed	127
2026-08-11T22:09:50Z	SR2CUR	4434	atoll	23277	A	T	core_destroyed	383
2026-08-11T22:09:53Z	SR2CUR	4435	atoll	23277	B	C	core_destroyed	297
2026-08-11T22:09:55Z	SR2CUR	4436	drumlin	23277	A	T	core_destroyed	216
2026-08-11T22:09:58Z	SR2CUR	4437	drumlin	23277	B	T	core_destroyed	153
2026-08-11T22:09:59Z	SR2CUR	4438	fjordgate	23277	A	C	tiebreak	155
2026-08-11T22:10:01Z	SR2CUR	4439	fjordgate	23277	B	C	core_destroyed	133
2026-08-11T22:10:02Z	SR2CUR	4440	heart	23277	A	C	core_destroyed	110
2026-08-11T22:10:05Z	SR2CUR	4441	heart	23277	B	T	core_destroyed	503
2026-08-11T22:10:09Z	SR2CUR	4442	hive	23277	A	T	core_destroyed	222
2026-08-11T22:10:12Z	SR2CUR	4443	hive	23277	B	T	core_destroyed	254
2026-08-11T22:10:13Z	SR2CUR	4444	meander	23277	A	T	core_destroyed	156
2026-08-11T22:10:14Z	SR2CUR	4445	meander	23277	B	C	core_destroyed	151
2026-08-11T22:10:16Z	SR2CUR	4446	nordkap	23277	A	C	core_destroyed	200
2026-08-11T22:10:18Z	SR2CUR	4447	nordkap	23277	B	C	core_destroyed	132
2026-08-11T22:10:20Z	SR2CUR	4448	antler	23278	A	T	core_destroyed	139
2026-08-11T22:10:22Z	SR2CUR	4449	antler	23278	B	C	core_destroyed	363
2026-08-11T22:10:27Z	SR2CUR	4450	atoll	23278	A	C	core_destroyed	689
2026-08-11T22:10:33Z	SR2CUR	4451	atoll	23278	B	T	core_destroyed	541
2026-08-11T22:10:35Z	SR2CUR	4452	drumlin	23278	A	T	core_destroyed	129
2026-08-11T22:10:37Z	SR2CUR	4453	drumlin	23278	B	C	core_destroyed	121
2026-08-11T22:10:38Z	SR2CUR	4454	fjordgate	23278	A	T	core_destroyed	161
2026-08-11T22:10:39Z	SR2CUR	4455	fjordgate	23278	B	C	core_destroyed	143
2026-08-11T22:10:42Z	SR2CUR	4456	heart	23278	A	T	core_destroyed	111
2026-08-11T22:10:45Z	SR2CUR	4457	heart	23278	B	T	core_destroyed	177
2026-08-11T22:10:52Z	SR2CUR	4458	hive	23278	A	T	core_destroyed	466
2026-08-11T22:10:54Z	SR2CUR	4459	hive	23278	B	C	core_destroyed	206
2026-08-11T22:10:56Z	SR2CUR	4460	meander	23278	A	C	core_destroyed	209
2026-08-11T22:10:58Z	SR2CUR	4461	meander	23278	B	C	core_destroyed	186
2026-08-11T22:11:01Z	SR2CUR	4462	nordkap	23278	A	C	core_destroyed	288
2026-08-11T22:11:03Z	SR2CUR	4463	nordkap	23278	B	T	core_destroyed	155
2026-08-11T22:11:07Z	SR2CUR	4464	antler	23279	A	T	core_destroyed	554
2026-08-11T22:11:08Z	SR2CUR	4465	antler	23279	B	C	core_destroyed	223
2026-08-11T22:11:14Z	SR2CUR	4466	atoll	23279	A	C	core_destroyed	965
2026-08-11T22:11:16Z	SR2CUR	4467	atoll	23279	B	T	core_destroyed	128
2026-08-11T22:11:18Z	SR2CUR	4468	drumlin	23279	A	T	core_destroyed	245
2026-08-11T22:11:21Z	SR2CUR	4469	drumlin	23279	B	T	core_destroyed	243
2026-08-11T22:11:23Z	SR2CUR	4470	fjordgate	23279	A	C	core_destroyed	175
2026-08-11T22:11:24Z	SR2CUR	4471	fjordgate	23279	B	C	core_destroyed	232
2026-08-11T22:11:26Z	SR2CUR	4472	heart	23279	A	T	core_destroyed	226
2026-08-11T22:11:30Z	SR2CUR	4473	heart	23279	B	C	core_destroyed	247
2026-08-11T22:11:32Z	SR2CUR	4474	hive	23279	A	T	core_destroyed	151
2026-08-11T22:11:39Z	SR2CUR	4475	hive	23279	B	C	core_destroyed	649
2026-08-11T22:11:41Z	SR2CUR	4476	meander	23279	A	C	core_destroyed	160
2026-08-11T22:11:44Z	SR2CUR	4477	meander	23279	B	T	core_destroyed	308
2026-08-11T22:11:46Z	SR2CUR	4478	nordkap	23279	A	C	core_destroyed	196
2026-08-11T22:11:49Z	SR2CUR	4479	nordkap	23279	B	C	core_destroyed	329
2026-08-11T22:11:53Z	SR2CUR	4480	antler	23280	A	C	core_destroyed	383
2026-08-11T22:11:58Z	SR2CUR	4481	antler	23280	B	T	core_destroyed	553
2026-08-11T22:12:02Z	SR2CUR	4482	atoll	23280	A	C	core_destroyed	350
2026-08-11T22:12:05Z	SR2CUR	4483	atoll	23280	B	C	core_destroyed	306
2026-08-11T22:12:06Z	SR2CUR	4484	drumlin	23280	A	T	core_destroyed	212
2026-08-11T22:12:12Z	SR2CUR	4485	drumlin	23280	B	T	core_destroyed	436
2026-08-11T22:12:13Z	SR2CUR	4486	fjordgate	23280	A	C	core_destroyed	148
2026-08-11T22:12:14Z	SR2CUR	4487	fjordgate	23280	B	C	core_destroyed	120
2026-08-11T22:12:16Z	SR2CUR	4488	heart	23280	A	T	core_destroyed	192
2026-08-11T22:12:19Z	SR2CUR	4489	heart	23280	B	C	core_destroyed	169
2026-08-11T22:12:25Z	SR2CUR	4490	hive	23280	A	T	core_destroyed	441
2026-08-11T22:12:28Z	SR2CUR	4491	hive	23280	B	T	core_destroyed	225
2026-08-11T22:12:37Z	SR2CUR	4492	meander	23280	A	C	tiebreak	1000
2026-08-11T22:12:41Z	SR2CUR	4493	meander	23280	B	T	core_destroyed	443
2026-08-11T22:12:42Z	SR2CUR	4494	nordkap	23280	A	C	core_destroyed	123
2026-08-11T22:12:46Z	SR2CUR	4495	nordkap	23280	B	C	core_destroyed	317
2026-08-11T22:12:49Z	SR2CUR	4496	antler	23281	A	T	core_destroyed	317
2026-08-11T22:12:50Z	SR2CUR	4497	antler	23281	B	T	core_destroyed	157
2026-08-11T22:12:52Z	SR2CUR	4498	atoll	23281	A	C	core_destroyed	409
2026-08-11T22:12:55Z	SR2CUR	4499	atoll	23281	B	T	core_destroyed	217
2026-08-11T22:12:56Z	SR2CUR	4500	drumlin	23281	A	T	core_destroyed	176
2026-08-11T22:13:01Z	SR2CUR	4501	drumlin	23281	B	T	core_destroyed	392
2026-08-11T22:13:03Z	SR2CUR	4502	fjordgate	23281	A	T	core_destroyed	221
2026-08-11T22:13:04Z	SR2CUR	4503	fjordgate	23281	B	C	core_destroyed	196
2026-08-11T22:13:06Z	SR2CUR	4504	heart	23281	A	T	core_destroyed	194
2026-08-11T22:13:09Z	SR2CUR	4505	heart	23281	B	T	core_destroyed	187
2026-08-11T22:13:14Z	SR2CUR	4506	hive	23281	A	C	core_destroyed	295
2026-08-11T22:13:18Z	SR2CUR	4507	hive	23281	B	T	core_destroyed	268
2026-08-11T22:13:20Z	SR2CUR	4508	meander	23281	A	C	core_destroyed	145
2026-08-11T22:13:21Z	SR2CUR	4509	meander	23281	B	C	core_destroyed	127
2026-08-11T22:13:23Z	SR2CUR	4510	nordkap	23281	A	C	core_destroyed	177
2026-08-11T22:13:25Z	SR2CUR	4511	nordkap	23281	B	C	core_destroyed	194
2026-08-11T22:13:28Z	SR2CUR	4512	antler	23282	A	T	core_destroyed	263
2026-08-11T22:13:29Z	SR2CUR	4513	antler	23282	B	C	core_destroyed	134
2026-08-11T22:13:31Z	SR2CUR	4514	atoll	23282	A	T	core_destroyed	135
2026-08-11T22:13:35Z	SR2CUR	4515	atoll	23282	B	T	core_destroyed	442
2026-08-11T22:13:37Z	SR2CUR	4516	drumlin	23282	A	C	core_destroyed	164
2026-08-11T22:13:43Z	SR2CUR	4517	drumlin	23282	B	C	core_destroyed	442
2026-08-11T22:13:44Z	SR2CUR	4518	fjordgate	23282	A	T	core_destroyed	144
2026-08-11T22:13:45Z	SR2CUR	4519	fjordgate	23282	B	T	core_destroyed	135
2026-08-11T22:13:47Z	SR2CUR	4520	heart	23282	A	T	core_destroyed	163
2026-08-11T22:13:54Z	SR2CUR	4521	heart	23282	B	T	core_destroyed	388
2026-08-11T22:13:58Z	SR2CUR	4522	hive	23282	A	C	core_destroyed	240
2026-08-11T22:14:02Z	SR2CUR	4523	hive	23282	B	C	core_destroyed	233
2026-08-11T22:14:03Z	SR2CUR	4524	meander	23282	A	C	core_destroyed	117
2026-08-11T22:14:05Z	SR2CUR	4525	meander	23282	B	C	core_destroyed	233
2026-08-11T22:14:07Z	SR2CUR	4526	nordkap	23282	A	C	core_destroyed	196
2026-08-11T22:14:08Z	SR2CUR	4527	nordkap	23282	B	C	core_destroyed	192
2026-08-11T22:14:10Z	SR2CUR	4528	antler	23283	A	C	core_destroyed	287
2026-08-11T22:14:11Z	SR2CUR	4529	antler	23283	B	C	core_destroyed	137
2026-08-11T22:14:14Z	SR2CUR	4530	atoll	23283	A	T	core_destroyed	244
2026-08-11T22:14:16Z	SR2CUR	4531	atoll	23283	B	C	core_destroyed	147
2026-08-11T22:14:23Z	SR2CUR	4532	drumlin	23283	A	T	core_destroyed	548
2026-08-11T22:14:29Z	SR2CUR	4533	drumlin	23283	B	T	core_destroyed	346
2026-08-11T22:14:30Z	SR2CUR	4534	fjordgate	23283	A	C	core_destroyed	327
2026-08-11T22:14:32Z	SR2CUR	4535	fjordgate	23283	B	C	core_destroyed	733
2026-08-11T22:14:35Z	SR2CUR	4536	heart	23283	A	T	core_destroyed	180
2026-08-11T22:14:38Z	SR2CUR	4537	heart	23283	B	T	core_destroyed	148
2026-08-11T22:14:43Z	SR2CUR	4538	hive	23283	A	C	core_destroyed	347
2026-08-11T22:14:49Z	SR2CUR	4539	hive	23283	B	C	core_destroyed	400
2026-08-11T22:14:51Z	SR2CUR	4540	meander	23283	A	C	core_destroyed	198
2026-08-11T22:14:52Z	SR2CUR	4541	meander	23283	B	C	core_destroyed	182
2026-08-11T22:14:54Z	SR2CUR	4542	nordkap	23283	A	C	core_destroyed	207
2026-08-11T22:14:55Z	SR2CUR	4543	nordkap	23283	B	C	core_destroyed	117
2026-08-11T22:14:57Z	SR2CUR	4544	antler	23284	A	T	core_destroyed	191
2026-08-11T22:14:59Z	SR2CUR	4545	antler	23284	B	C	core_destroyed	147
2026-08-11T22:15:03Z	SR2CUR	4546	atoll	23284	A	T	core_destroyed	535
2026-08-11T22:15:05Z	SR2CUR	4547	atoll	23284	B	T	core_destroyed	228
2026-08-11T22:15:10Z	SR2CUR	4548	drumlin	23284	A	T	core_destroyed	380
2026-08-11T22:15:11Z	SR2CUR	4549	drumlin	23284	B	C	core_destroyed	129
2026-08-11T22:15:13Z	SR2CUR	4550	fjordgate	23284	A	T	core_destroyed	224
2026-08-11T22:15:14Z	SR2CUR	4551	fjordgate	23284	B	T	core_destroyed	220
2026-08-11T22:15:17Z	SR2CUR	4552	heart	23284	A	C	core_destroyed	116
2026-08-11T22:15:19Z	SR2CUR	4553	heart	23284	B	T	core_destroyed	247
2026-08-11T22:15:27Z	SR2CUR	4554	hive	23284	A	C	core_destroyed	602
2026-08-11T22:15:31Z	SR2CUR	4555	hive	23284	B	C	core_destroyed	210
2026-08-11T22:15:33Z	SR2CUR	4556	meander	23284	A	T	core_destroyed	188
2026-08-11T22:15:35Z	SR2CUR	4557	meander	23284	B	T	core_destroyed	244
2026-08-11T22:15:38Z	SR2CUR	4558	nordkap	23284	A	C	core_destroyed	215
2026-08-11T22:15:39Z	SR2CUR	4559	nordkap	23284	B	C	core_destroyed	179
2026-08-11T22:15:41Z	SR2CUR	4560	antler	23285	A	C	core_destroyed	382
2026-08-11T22:15:43Z	SR2CUR	4561	antler	23285	B	C	core_destroyed	214
2026-08-11T22:15:46Z	SR2CUR	4562	atoll	23285	A	C	core_destroyed	232
2026-08-11T22:15:48Z	SR2CUR	4563	atoll	23285	B	T	core_destroyed	166
2026-08-11T22:15:53Z	SR2CUR	4564	drumlin	23285	A	C	core_destroyed	344
2026-08-11T22:15:57Z	SR2CUR	4565	drumlin	23285	B	T	core_destroyed	306
2026-08-11T22:15:59Z	SR2CUR	4566	fjordgate	23285	A	C	core_destroyed	211
2026-08-11T22:16:01Z	SR2CUR	4567	fjordgate	23285	B	C	core_destroyed	297
2026-08-11T22:16:05Z	SR2CUR	4568	heart	23285	A	C	core_destroyed	227
2026-08-11T22:16:07Z	SR2CUR	4569	heart	23285	B	C	core_destroyed	172
2026-08-11T22:16:11Z	SR2CUR	4570	hive	23285	A	C	core_destroyed	292
2026-08-11T22:16:13Z	SR2CUR	4571	hive	23285	B	C	core_destroyed	173
2026-08-11T22:16:15Z	SR2CUR	4572	meander	23285	A	T	core_destroyed	143
2026-08-11T22:16:17Z	SR2CUR	4573	meander	23285	B	C	core_destroyed	233
2026-08-11T22:16:19Z	SR2CUR	4574	nordkap	23285	A	T	core_destroyed	146
2026-08-11T22:16:20Z	SR2CUR	4575	nordkap	23285	B	T	core_destroyed	132
2026-08-11T22:16:23Z	SR2CUR	4576	antler	23286	A	T	core_destroyed	235
2026-08-11T22:16:25Z	SR2CUR	4577	antler	23286	B	T	core_destroyed	264
2026-08-11T22:16:28Z	SR2CUR	4578	atoll	23286	A	T	core_destroyed	505
2026-08-11T22:16:32Z	SR2CUR	4579	atoll	23286	B	C	core_destroyed	480
2026-08-11T22:16:33Z	SR2CUR	4580	drumlin	23286	A	C	core_destroyed	147
2026-08-11T22:16:35Z	SR2CUR	4581	drumlin	23286	B	C	core_destroyed	137
2026-08-11T22:16:36Z	SR2CUR	4582	fjordgate	23286	A	T	core_destroyed	181
2026-08-11T22:16:37Z	SR2CUR	4583	fjordgate	23286	B	C	core_destroyed	209
2026-08-11T22:16:40Z	SR2CUR	4584	heart	23286	A	T	core_destroyed	196
2026-08-11T22:16:44Z	SR2CUR	4585	heart	23286	B	T	core_destroyed	236
2026-08-11T22:16:47Z	SR2CUR	4586	hive	23286	A	C	core_destroyed	217
2026-08-11T22:16:50Z	SR2CUR	4587	hive	23286	B	C	core_destroyed	219
2026-08-11T22:16:52Z	SR2CUR	4588	meander	23286	A	T	core_destroyed	271
2026-08-11T22:16:54Z	SR2CUR	4589	meander	23286	B	T	core_destroyed	197
2026-08-11T22:16:56Z	SR2CUR	4590	nordkap	23286	A	C	core_destroyed	216
2026-08-11T22:16:59Z	SR2CUR	4591	nordkap	23286	B	C	core_destroyed	194
2026-08-11T22:17:01Z	SR2CUR	4592	antler	23287	A	T	core_destroyed	290
2026-08-11T22:17:03Z	SR2CUR	4593	antler	23287	B	C	core_destroyed	119
2026-08-11T22:17:07Z	SR2CUR	4594	atoll	23287	A	T	core_destroyed	456
2026-08-11T22:17:13Z	SR2CUR	4595	atoll	23287	B	T	core_destroyed	769
2026-08-11T22:17:17Z	SR2CUR	4596	drumlin	23287	A	T	core_destroyed	345
2026-08-11T22:17:19Z	SR2CUR	4597	drumlin	23287	B	C	core_destroyed	160
2026-08-11T22:17:21Z	SR2CUR	4598	fjordgate	23287	A	C	core_destroyed	125
2026-08-11T22:17:22Z	SR2CUR	4599	fjordgate	23287	B	T	core_destroyed	102
2026-08-11T22:17:26Z	SR2CUR	4600	heart	23287	A	C	core_destroyed	215
2026-08-11T22:17:27Z	SR2CUR	4601	heart	23287	B	T	core_destroyed	162
2026-08-11T22:17:31Z	SR2CUR	4602	hive	23287	A	C	core_destroyed	255
2026-08-11T22:17:33Z	SR2CUR	4603	hive	23287	B	C	core_destroyed	221
2026-08-11T22:17:35Z	SR2CUR	4604	meander	23287	A	T	core_destroyed	147
2026-08-11T22:17:36Z	SR2CUR	4605	meander	23287	B	T	core_destroyed	177
2026-08-11T22:17:39Z	SR2CUR	4606	nordkap	23287	A	C	core_destroyed	197
2026-08-11T22:17:40Z	SR2CUR	4607	nordkap	23287	B	T	core_destroyed	127
2026-08-11T22:17:42Z	SR2CUR	4608	antler	23288	A	C	core_destroyed	228
2026-08-11T22:17:43Z	SR2CUR	4609	antler	23288	B	C	core_destroyed	246
2026-08-11T22:17:45Z	SR2CUR	4610	atoll	23288	A	C	core_destroyed	116
2026-08-11T22:17:47Z	SR2CUR	4611	atoll	23288	B	T	core_destroyed	234
2026-08-11T22:17:48Z	SR2CUR	4612	drumlin	23288	A	C	core_destroyed	105
2026-08-11T22:17:54Z	SR2CUR	4613	drumlin	23288	B	T	core_destroyed	445
2026-08-11T22:17:56Z	SR2CUR	4614	fjordgate	23288	A	T	core_destroyed	180
2026-08-11T22:17:57Z	SR2CUR	4615	fjordgate	23288	B	T	core_destroyed	107
2026-08-11T22:17:59Z	SR2CUR	4616	heart	23288	A	C	core_destroyed	115
2026-08-11T22:18:01Z	SR2CUR	4617	heart	23288	B	T	core_destroyed	143
2026-08-11T22:18:03Z	SR2CUR	4618	hive	23288	A	T	core_destroyed	108
2026-08-11T22:18:06Z	SR2CUR	4619	hive	23288	B	C	core_destroyed	235
2026-08-11T22:18:07Z	SR2CUR	4620	meander	23288	A	T	core_destroyed	200
2026-08-11T22:18:10Z	SR2CUR	4621	meander	23288	B	T	core_destroyed	193
2026-08-11T22:18:11Z	SR2CUR	4622	nordkap	23288	A	T	core_destroyed	141
2026-08-11T22:18:15Z	SR2CUR	4623	nordkap	23288	B	T	core_destroyed	300
2026-08-11T22:18:16Z	SR2CUR	4624	antler	23289	A	C	core_destroyed	160
2026-08-11T22:18:18Z	SR2CUR	4625	antler	23289	B	T	core_destroyed	171
2026-08-11T22:18:19Z	SR2CUR	4626	atoll	23289	A	C	core_destroyed	105
2026-08-11T22:18:24Z	SR2CUR	4627	atoll	23289	B	C	core_destroyed	334
2026-08-11T22:18:26Z	SR2CUR	4628	drumlin	23289	A	T	core_destroyed	108
2026-08-11T22:18:27Z	SR2CUR	4629	drumlin	23289	B	C	core_destroyed	224
2026-08-11T22:18:29Z	SR2CUR	4630	fjordgate	23289	A	C	core_destroyed	194
2026-08-11T22:18:30Z	SR2CUR	4631	fjordgate	23289	B	C	core_destroyed	192
2026-08-11T22:18:34Z	SR2CUR	4632	heart	23289	A	C	core_destroyed	227
2026-08-11T22:18:39Z	SR2CUR	4633	heart	23289	B	C	core_destroyed	357
2026-08-11T22:18:41Z	SR2CUR	4634	hive	23289	A	T	core_destroyed	154
2026-08-11T22:18:44Z	SR2CUR	4635	hive	23289	B	C	core_destroyed	214
2026-08-11T22:18:45Z	SR2CUR	4636	meander	23289	A	C	core_destroyed	108
2026-08-11T22:18:47Z	SR2CUR	4637	meander	23289	B	T	core_destroyed	507
2026-08-11T22:18:48Z	SR2CUR	4638	nordkap	23289	A	T	core_destroyed	129
2026-08-11T22:18:49Z	SR2CUR	4639	nordkap	23289	B	C	core_destroyed	184
2026-08-11T22:18:52Z	SR2CUR	4640	antler	23290	A	T	tiebreak	1000
2026-08-11T22:18:53Z	SR2CUR	4641	antler	23290	B	T	core_destroyed	196
2026-08-11T22:18:57Z	SR2CUR	4642	atoll	23290	A	C	core_destroyed	759
2026-08-11T22:19:00Z	SR2CUR	4643	atoll	23290	B	C	core_destroyed	297
2026-08-11T22:19:01Z	SR2CUR	4644	drumlin	23290	A	C	core_destroyed	147
2026-08-11T22:19:06Z	SR2CUR	4645	drumlin	23290	B	T	core_destroyed	306
2026-08-11T22:19:07Z	SR2CUR	4646	fjordgate	23290	A	C	core_destroyed	133
2026-08-11T22:19:08Z	SR2CUR	4647	fjordgate	23290	B	T	core_destroyed	139
2026-08-11T22:19:13Z	SR2CUR	4648	heart	23290	A	T	core_destroyed	401
2026-08-11T22:19:21Z	SR2CUR	4649	heart	23290	B	T	core_destroyed	544
2026-08-11T22:19:22Z	SR2CUR	4650	hive	23290	A	T	core_destroyed	139
2026-08-11T22:19:29Z	SR2CUR	4651	hive	23290	B	C	core_destroyed	415
2026-08-11T22:19:31Z	SR2CUR	4652	meander	23290	A	T	core_destroyed	158
2026-08-11T22:19:32Z	SR2CUR	4653	meander	23290	B	T	core_destroyed	173
2026-08-11T22:19:35Z	SR2CUR	4654	nordkap	23290	A	T	core_destroyed	250
2026-08-11T22:19:37Z	SR2CUR	4655	nordkap	23290	B	C	core_destroyed	232
2026-08-11T22:19:38Z	SR2CUR	4656	antler	23291	A	C	core_destroyed	118
2026-08-11T22:19:40Z	SR2CUR	4657	antler	23291	B	T	core_destroyed	426
2026-08-11T22:19:42Z	SR2CUR	4658	atoll	23291	A	C	core_destroyed	148
2026-08-11T22:19:45Z	SR2CUR	4659	atoll	23291	B	C	tiebreak	1000
2026-08-11T22:19:48Z	SR2CUR	4660	drumlin	23291	A	C	core_destroyed	229
2026-08-11T22:19:50Z	SR2CUR	4661	drumlin	23291	B	T	core_destroyed	251
2026-08-11T22:19:52Z	SR2CUR	4662	fjordgate	23291	A	T	core_destroyed	541
2026-08-11T22:19:54Z	SR2CUR	4663	fjordgate	23291	B	T	core_destroyed	203
2026-08-11T22:20:00Z	SR2CUR	4664	heart	23291	A	C	core_destroyed	411
2026-08-11T22:20:04Z	SR2CUR	4665	heart	23291	B	T	core_destroyed	470
2026-08-11T22:20:08Z	SR2CUR	4666	hive	23291	A	T	core_destroyed	331
2026-08-11T22:20:11Z	SR2CUR	4667	hive	23291	B	T	core_destroyed	241
2026-08-11T22:20:14Z	SR2CUR	4668	meander	23291	A	T	core_destroyed	356
2026-08-11T22:20:16Z	SR2CUR	4669	meander	23291	B	C	core_destroyed	228
2026-08-11T22:20:18Z	SR2CUR	4670	nordkap	23291	A	T	core_destroyed	229
2026-08-11T22:20:21Z	SR2CUR	4671	nordkap	23291	B	C	core_destroyed	272
2026-08-11T22:20:23Z	SR2CUR	4672	antler	23292	A	C	core_destroyed	339
2026-08-11T22:20:26Z	SR2CUR	4673	antler	23292	B	C	core_destroyed	311
2026-08-11T22:20:27Z	SR2CUR	4674	atoll	23292	A	C	core_destroyed	325
2026-08-11T22:20:29Z	SR2CUR	4675	atoll	23292	B	C	core_destroyed	190
2026-08-11T22:20:30Z	SR2CUR	4676	drumlin	23292	A	C	core_destroyed	101
2026-08-11T22:20:32Z	SR2CUR	4677	drumlin	23292	B	T	core_destroyed	160
2026-08-11T22:20:34Z	SR2CUR	4678	fjordgate	23292	A	C	tiebreak	1000
2026-08-11T22:20:36Z	SR2CUR	4679	fjordgate	23292	B	T	core_destroyed	307
2026-08-11T22:20:39Z	SR2CUR	4680	heart	23292	A	C	core_destroyed	268
2026-08-11T22:20:44Z	SR2CUR	4681	heart	23292	B	C	core_destroyed	263
2026-08-11T22:20:47Z	SR2CUR	4682	hive	23292	A	T	core_destroyed	215
2026-08-11T22:20:53Z	SR2CUR	4683	hive	23292	B	T	core_destroyed	384
2026-08-11T22:20:54Z	SR2CUR	4684	meander	23292	A	T	core_destroyed	112
2026-08-11T22:20:55Z	SR2CUR	4685	meander	23292	B	T	core_destroyed	260
2026-08-11T22:20:57Z	SR2CUR	4686	nordkap	23292	A	T	core_destroyed	165
2026-08-11T22:21:00Z	SR2CUR	4687	nordkap	23292	B	C	core_destroyed	252
2026-08-11T22:21:02Z	SR2CUR	4688	antler	23293	A	C	core_destroyed	165
2026-08-11T22:21:06Z	SR2CUR	4689	antler	23293	B	C	core_destroyed	436
2026-08-11T22:21:07Z	SR2CUR	4690	atoll	23293	A	C	core_destroyed	247
2026-08-11T22:21:12Z	SR2CUR	4691	atoll	23293	B	C	core_destroyed	497
2026-08-11T22:21:16Z	SR2CUR	4692	drumlin	23293	A	C	core_destroyed	418
2026-08-11T22:21:19Z	SR2CUR	4693	drumlin	23293	B	T	core_destroyed	168
2026-08-11T22:21:22Z	SR2CUR	4694	fjordgate	23293	A	C	core_destroyed	699
2026-08-11T22:21:23Z	SR2CUR	4695	fjordgate	23293	B	T	core_destroyed	125
2026-08-11T22:21:27Z	SR2CUR	4696	heart	23293	A	C	core_destroyed	287
2026-08-11T22:21:29Z	SR2CUR	4697	heart	23293	B	C	core_destroyed	188
2026-08-11T22:21:33Z	SR2CUR	4698	hive	23293	A	C	core_destroyed	213
2026-08-11T22:21:37Z	SR2CUR	4699	hive	23293	B	C	core_destroyed	299
2026-08-11T22:21:39Z	SR2CUR	4700	meander	23293	A	C	core_destroyed	128
2026-08-11T22:21:41Z	SR2CUR	4701	meander	23293	B	T	core_destroyed	373
2026-08-11T22:21:43Z	SR2CUR	4702	nordkap	23293	A	T	core_destroyed	273
2026-08-11T22:21:46Z	SR2CUR	4703	nordkap	23293	B	T	tiebreak	1000
2026-08-11T22:21:49Z	SR2CUR	4704	antler	23294	A	T	core_destroyed	251
2026-08-11T22:21:52Z	SR2CUR	4705	antler	23294	B	C	core_destroyed	336
2026-08-11T22:21:55Z	SR2CUR	4706	atoll	23294	A	T	core_destroyed	506
2026-08-11T22:21:56Z	SR2CUR	4707	atoll	23294	B	C	core_destroyed	174
2026-08-11T22:22:00Z	SR2CUR	4708	drumlin	23294	A	T	core_destroyed	280
2026-08-11T22:22:02Z	SR2CUR	4709	drumlin	23294	B	C	core_destroyed	214
2026-08-11T22:22:04Z	SR2CUR	4710	fjordgate	23294	A	T	core_destroyed	789
2026-08-11T22:22:06Z	SR2CUR	4711	fjordgate	23294	B	C	core_destroyed	134
2026-08-11T22:22:08Z	SR2CUR	4712	heart	23294	A	C	core_destroyed	203
2026-08-11T22:22:12Z	SR2CUR	4713	heart	23294	B	C	core_destroyed	239
2026-08-11T22:22:18Z	SR2CUR	4714	hive	23294	A	T	core_destroyed	418
2026-08-11T22:22:27Z	SR2CUR	4715	hive	23294	B	C	core_destroyed	617
2026-08-11T22:22:30Z	SR2CUR	4716	meander	23294	A	T	tiebreak	1000
2026-08-11T22:22:32Z	SR2CUR	4717	meander	23294	B	T	core_destroyed	211
2026-08-11T22:22:35Z	SR2CUR	4718	nordkap	23294	A	T	core_destroyed	226
2026-08-11T22:22:36Z	SR2CUR	4719	nordkap	23294	B	T	core_destroyed	155
2026-08-11T22:22:38Z	SR2CUR	4720	antler	23295	A	T	core_destroyed	254
2026-08-11T22:22:40Z	SR2CUR	4721	antler	23295	B	C	core_destroyed	202
2026-08-11T22:22:43Z	SR2CUR	4722	atoll	23295	A	T	core_destroyed	375
2026-08-11T22:22:45Z	SR2CUR	4723	atoll	23295	B	T	core_destroyed	112
2026-08-11T22:22:47Z	SR2CUR	4724	drumlin	23295	A	T	core_destroyed	116
2026-08-11T22:22:51Z	SR2CUR	4725	drumlin	23295	B	T	core_destroyed	306
2026-08-11T22:22:53Z	SR2CUR	4726	fjordgate	23295	A	T	core_destroyed	483
2026-08-11T22:22:55Z	SR2CUR	4727	fjordgate	23295	B	T	core_destroyed	110
2026-08-11T22:22:58Z	SR2CUR	4728	heart	23295	A	C	core_destroyed	365
2026-08-11T22:23:01Z	SR2CUR	4729	heart	23295	B	T	core_destroyed	208
2026-08-11T22:23:03Z	SR2CUR	4730	hive	23295	A	C	core_destroyed	127
2026-08-11T22:23:08Z	SR2CUR	4731	hive	23295	B	T	core_destroyed	390
2026-08-11T22:23:10Z	SR2CUR	4732	meander	23295	A	T	core_destroyed	145
2026-08-11T22:23:11Z	SR2CUR	4733	meander	23295	B	C	core_destroyed	187
2026-08-11T22:23:13Z	SR2CUR	4734	nordkap	23295	A	T	core_destroyed	138
2026-08-11T22:23:16Z	SR2CUR	4735	nordkap	23295	B	T	core_destroyed	433
2026-08-11T22:23:18Z	SR2CUR	4736	antler	23296	A	T	core_destroyed	150
2026-08-11T22:23:19Z	SR2CUR	4737	antler	23296	B	C	core_destroyed	143
2026-08-11T22:23:26Z	SR2CUR	4738	atoll	23296	A	T	core_destroyed	532
2026-08-11T22:23:29Z	SR2CUR	4739	atoll	23296	B	T	core_destroyed	297
2026-08-11T22:23:32Z	SR2CUR	4740	drumlin	23296	A	C	core_destroyed	301
2026-08-11T22:23:36Z	SR2CUR	4741	drumlin	23296	B	C	core_destroyed	325
2026-08-11T22:23:37Z	SR2CUR	4742	fjordgate	23296	A	T	core_destroyed	181
2026-08-11T22:23:39Z	SR2CUR	4743	fjordgate	23296	B	C	core_destroyed	140
2026-08-11T22:23:45Z	SR2CUR	4744	heart	23296	A	T	core_destroyed	476
2026-08-11T22:23:50Z	SR2CUR	4745	heart	23296	B	T	core_destroyed	344
2026-08-11T22:23:52Z	SR2CUR	4746	hive	23296	A	T	core_destroyed	116
2026-08-11T22:23:54Z	SR2CUR	4747	hive	23296	B	T	core_destroyed	128
2026-08-11T22:23:56Z	SR2CUR	4748	meander	23296	A	C	core_destroyed	220
2026-08-11T22:23:57Z	SR2CUR	4749	meander	23296	B	T	core_destroyed	122
2026-08-11T22:24:00Z	SR2CUR	4750	nordkap	23296	A	T	core_destroyed	208
2026-08-11T22:24:04Z	SR2CUR	4751	nordkap	23296	B	T	core_destroyed	345
2026-08-11T22:24:06Z	SR2CUR	4752	antler	23297	A	T	core_destroyed	225
2026-08-11T22:24:08Z	SR2CUR	4753	antler	23297	B	C	core_destroyed	144
2026-08-11T22:24:09Z	SR2CUR	4754	atoll	23297	A	C	core_destroyed	143
2026-08-11T22:24:12Z	SR2CUR	4755	atoll	23297	B	C	core_destroyed	260
2026-08-11T22:24:15Z	SR2CUR	4756	drumlin	23297	A	T	core_destroyed	334
2026-08-11T22:24:21Z	SR2CUR	4757	drumlin	23297	B	C	core_destroyed	783
2026-08-11T22:24:22Z	SR2CUR	4758	fjordgate	23297	A	T	core_destroyed	122
2026-08-11T22:24:23Z	SR2CUR	4759	fjordgate	23297	B	C	core_destroyed	130
2026-08-11T22:24:29Z	SR2CUR	4760	heart	23297	A	T	core_destroyed	288
2026-08-11T22:24:34Z	SR2CUR	4761	heart	23297	B	T	core_destroyed	402
2026-08-11T22:24:36Z	SR2CUR	4762	hive	23297	A	C	core_destroyed	116
2026-08-11T22:24:40Z	SR2CUR	4763	hive	23297	B	T	core_destroyed	255
2026-08-11T22:24:42Z	SR2CUR	4764	meander	23297	A	T	core_destroyed	208
2026-08-11T22:24:45Z	SR2CUR	4765	meander	23297	B	C	core_destroyed	494
2026-08-11T22:24:46Z	SR2CUR	4766	nordkap	23297	A	T	core_destroyed	181
2026-08-11T22:24:47Z	SR2CUR	4767	nordkap	23297	B	T	core_destroyed	149
2026-08-11T22:24:49Z	SR2CUR	4768	antler	23298	A	C	core_destroyed	182
2026-08-11T22:24:51Z	SR2CUR	4769	antler	23298	B	C	core_destroyed	163
2026-08-11T22:24:52Z	SR2CUR	4770	atoll	23298	A	C	core_destroyed	96
2026-08-11T22:24:55Z	SR2CUR	4771	atoll	23298	B	C	core_destroyed	482
2026-08-11T22:24:59Z	SR2CUR	4772	drumlin	23298	A	C	core_destroyed	308
2026-08-11T22:25:03Z	SR2CUR	4773	drumlin	23298	B	T	core_destroyed	308
2026-08-11T22:25:04Z	SR2CUR	4774	fjordgate	23298	A	T	core_destroyed	150
2026-08-11T22:25:05Z	SR2CUR	4775	fjordgate	23298	B	C	core_destroyed	146
2026-08-11T22:25:07Z	SR2CUR	4776	heart	23298	A	C	core_destroyed	150
2026-08-11T22:25:10Z	SR2CUR	4777	heart	23298	B	C	core_destroyed	298
2026-08-11T22:25:12Z	SR2CUR	4778	hive	23298	A	C	core_destroyed	123
2026-08-11T22:25:15Z	SR2CUR	4779	hive	23298	B	T	core_destroyed	169
2026-08-11T22:25:16Z	SR2CUR	4780	meander	23298	A	C	core_destroyed	154
2026-08-11T22:25:18Z	SR2CUR	4781	meander	23298	B	T	core_destroyed	143
2026-08-11T22:25:21Z	SR2CUR	4782	nordkap	23298	A	T	core_destroyed	282
2026-08-11T22:25:23Z	SR2CUR	4783	nordkap	23298	B	C	core_destroyed	264
2026-08-11T22:25:25Z	SR2CUR	4784	antler	23299	A	T	core_destroyed	422
2026-08-11T22:25:28Z	SR2CUR	4785	antler	23299	B	T	core_destroyed	271
2026-08-11T22:25:30Z	SR2CUR	4786	atoll	23299	A	C	core_destroyed	297
2026-08-11T22:25:35Z	SR2CUR	4787	atoll	23299	B	T	core_destroyed	402
2026-08-11T22:25:36Z	SR2CUR	4788	drumlin	23299	A	C	core_destroyed	111
2026-08-11T22:25:41Z	SR2CUR	4789	drumlin	23299	B	C	core_destroyed	300
2026-08-11T22:25:44Z	SR2CUR	4790	fjordgate	23299	A	C	tiebreak	1000
2026-08-11T22:25:47Z	SR2CUR	4791	fjordgate	23299	B	C	tiebreak	1000
2026-08-11T22:25:54Z	SR2CUR	4792	heart	23299	A	C	core_destroyed	614
2026-08-11T22:25:59Z	SR2CUR	4793	heart	23299	B	T	core_destroyed	314
2026-08-11T22:26:02Z	SR2CUR	4794	hive	23299	A	C	core_destroyed	189
2026-08-11T22:26:07Z	SR2CUR	4795	hive	23299	B	C	core_destroyed	375
2026-08-11T22:26:08Z	SR2CUR	4796	meander	23299	A	T	tiebreak	1000
2026-08-11T22:26:10Z	SR2CUR	4797	meander	23299	B	C	core_destroyed	155
2026-08-11T22:26:14Z	SR2CUR	4798	nordkap	23299	A	T	core_destroyed	897
2026-08-11T22:26:17Z	SR2CUR	4799	nordkap	23299	B	C	core_destroyed	305
2026-08-11T22:26:18Z	SR2CUR	4800	antler	23300	A	C	core_destroyed	160
2026-08-11T22:26:22Z	SR2CUR	4801	antler	23300	B	C	core_destroyed	263
2026-08-11T22:26:24Z	SR2CUR	4802	atoll	23300	A	T	core_destroyed	254
2026-08-11T22:26:26Z	SR2CUR	4803	atoll	23300	B	T	core_destroyed	232
2026-08-11T22:26:27Z	SR2CUR	4804	drumlin	23300	A	C	core_destroyed	113
2026-08-11T22:26:31Z	SR2CUR	4805	drumlin	23300	B	T	core_destroyed	344
2026-08-11T22:26:32Z	SR2CUR	4806	fjordgate	23300	A	C	core_destroyed	131
2026-08-11T22:26:33Z	SR2CUR	4807	fjordgate	23300	B	T	core_destroyed	135
2026-08-11T22:26:36Z	SR2CUR	4808	heart	23300	A	T	core_destroyed	196
2026-08-11T22:26:39Z	SR2CUR	4809	heart	23300	B	C	core_destroyed	149
2026-08-11T22:26:43Z	SR2CUR	4810	hive	23300	A	C	core_destroyed	259
2026-08-11T22:26:47Z	SR2CUR	4811	hive	23300	B	C	core_destroyed	212
2026-08-11T22:26:49Z	SR2CUR	4812	meander	23300	A	C	core_destroyed	317
2026-08-11T22:26:51Z	SR2CUR	4813	meander	23300	B	C	core_destroyed	128
2026-08-11T22:26:53Z	SR2CUR	4814	nordkap	23300	A	T	core_destroyed	168
2026-08-11T22:26:54Z	SR2CUR	4815	nordkap	23300	B	C	core_destroyed	143
2026-08-11T22:26:56Z	SR2CUR	4816	antler	23301	A	C	core_destroyed	177
2026-08-11T22:27:00Z	SR2CUR	4817	antler	23301	B	T	core_destroyed	412
2026-08-11T22:27:01Z	SR2CUR	4818	atoll	23301	A	C	core_destroyed	144
2026-08-11T22:27:03Z	SR2CUR	4819	atoll	23301	B	T	core_destroyed	116
2026-08-11T22:27:06Z	SR2CUR	4820	drumlin	23301	A	C	core_destroyed	243
2026-08-11T22:27:11Z	SR2CUR	4821	drumlin	23301	B	T	core_destroyed	360
2026-08-11T22:27:12Z	SR2CUR	4822	fjordgate	23301	A	C	core_destroyed	158
2026-08-11T22:27:13Z	SR2CUR	4823	fjordgate	23301	B	T	core_destroyed	125
2026-08-11T22:27:17Z	SR2CUR	4824	heart	23301	A	C	core_destroyed	299
2026-08-11T22:27:22Z	SR2CUR	4825	heart	23301	B	T	core_destroyed	302
2026-08-11T22:27:24Z	SR2CUR	4826	hive	23301	A	C	core_destroyed	161
2026-08-11T22:27:28Z	SR2CUR	4827	hive	23301	B	T	core_destroyed	313
2026-08-11T22:27:30Z	SR2CUR	4828	meander	23301	A	T	core_destroyed	136
2026-08-11T22:27:32Z	SR2CUR	4829	meander	23301	B	C	core_destroyed	205
2026-08-11T22:27:35Z	SR2CUR	4830	nordkap	23301	A	C	core_destroyed	234
2026-08-11T22:27:37Z	SR2CUR	4831	nordkap	23301	B	C	core_destroyed	176
2026-08-11T22:27:40Z	SR2CUR	4832	antler	23302	A	T	core_destroyed	443
2026-08-11T22:27:42Z	SR2CUR	4833	antler	23302	B	C	core_destroyed	224
2026-08-11T22:27:47Z	SR2CUR	4834	atoll	23302	A	C	core_destroyed	302
2026-08-11T22:27:48Z	SR2CUR	4835	atoll	23302	B	T	core_destroyed	115
2026-08-11T22:27:53Z	SR2CUR	4836	drumlin	23302	A	T	core_destroyed	518
2026-08-11T22:27:59Z	SR2CUR	4837	drumlin	23302	B	T	core_destroyed	406
2026-08-11T22:28:00Z	SR2CUR	4838	fjordgate	23302	A	C	core_destroyed	204
2026-08-11T22:28:02Z	SR2CUR	4839	fjordgate	23302	B	T	core_destroyed	223
2026-08-11T22:28:05Z	SR2CUR	4840	heart	23302	A	C	core_destroyed	202
2026-08-11T22:28:11Z	SR2CUR	4841	heart	23302	B	T	core_destroyed	371
2026-08-11T22:28:15Z	SR2CUR	4842	hive	23302	A	T	core_destroyed	334
2026-08-11T22:28:17Z	SR2CUR	4843	hive	23302	B	C	core_destroyed	195
2026-08-11T22:28:18Z	SR2CUR	4844	meander	23302	A	C	core_destroyed	152
2026-08-11T22:28:20Z	SR2CUR	4845	meander	23302	B	C	core_destroyed	224
2026-08-11T22:28:25Z	SR2CUR	4846	nordkap	23302	A	C	core_destroyed	488
2026-08-11T22:28:27Z	SR2CUR	4847	nordkap	23302	B	C	core_destroyed	138
2026-08-11T22:28:28Z	SR2CUR	4848	antler	23303	A	T	core_destroyed	103
2026-08-11T22:28:30Z	SR2CUR	4849	antler	23303	B	C	core_destroyed	176
2026-08-11T22:28:33Z	SR2CUR	4850	atoll	23303	A	T	core_destroyed	354
2026-08-11T22:28:36Z	SR2CUR	4851	atoll	23303	B	C	core_destroyed	279
2026-08-11T22:28:38Z	SR2CUR	4852	drumlin	23303	A	T	core_destroyed	198
2026-08-11T22:28:42Z	SR2CUR	4853	drumlin	23303	B	C	core_destroyed	323
2026-08-11T22:28:43Z	SR2CUR	4854	fjordgate	23303	A	C	core_destroyed	187
2026-08-11T22:28:45Z	SR2CUR	4855	fjordgate	23303	B	C	core_destroyed	487
2026-08-11T22:28:47Z	SR2CUR	4856	heart	23303	A	T	core_destroyed	110
2026-08-11T22:28:50Z	SR2CUR	4857	heart	23303	B	C	core_destroyed	156
2026-08-11T22:28:59Z	SR2CUR	4858	hive	23303	A	C	core_destroyed	779
2026-08-11T22:29:02Z	SR2CUR	4859	hive	23303	B	C	core_destroyed	209
2026-08-11T22:29:04Z	SR2CUR	4860	meander	23303	A	T	core_destroyed	389
2026-08-11T22:29:06Z	SR2CUR	4861	meander	23303	B	T	core_destroyed	171
2026-08-11T22:29:07Z	SR2CUR	4862	nordkap	23303	A	T	core_destroyed	146
2026-08-11T22:29:11Z	SR2CUR	4863	nordkap	23303	B	T	core_destroyed	303
2026-08-11T22:29:12Z	SR2CUR	4864	antler	23304	A	C	core_destroyed	118
2026-08-11T22:29:13Z	SR2CUR	4865	antler	23304	B	T	core_destroyed	122
2026-08-11T22:29:16Z	SR2CUR	4866	atoll	23304	A	C	core_destroyed	195
2026-08-11T22:29:20Z	SR2CUR	4867	atoll	23304	B	T	core_destroyed	451
2026-08-11T22:29:24Z	SR2CUR	4868	drumlin	23304	A	C	core_destroyed	270
2026-08-11T22:29:26Z	SR2CUR	4869	drumlin	23304	B	T	core_destroyed	96
2026-08-11T22:29:28Z	SR2CUR	4870	fjordgate	23304	A	C	core_destroyed	220
2026-08-11T22:29:33Z	SR2CUR	4871	fjordgate	23304	B	T	tiebreak	1000
2026-08-11T22:29:41Z	SR2CUR	4872	heart	23304	A	T	core_destroyed	379
2026-08-11T22:29:45Z	SR2CUR	4873	heart	23304	B	C	core_destroyed	181
2026-08-11T22:29:48Z	SR2CUR	4874	hive	23304	A	C	core_destroyed	174
2026-08-11T22:29:52Z	SR2CUR	4875	hive	23304	B	T	core_destroyed	287
2026-08-11T22:29:54Z	SR2CUR	4876	meander	23304	A	T	core_destroyed	171
2026-08-11T22:29:56Z	SR2CUR	4877	meander	23304	B	T	core_destroyed	265
2026-08-11T22:29:57Z	SR2CUR	4878	nordkap	23304	A	C	core_destroyed	214
2026-08-11T22:29:59Z	SR2CUR	4879	nordkap	23304	B	C	core_destroyed	292
2026-08-11T22:30:01Z	SR2CUR	4880	antler	23305	A	C	core_destroyed	111
2026-08-11T22:30:02Z	SR2CUR	4881	antler	23305	B	C	core_destroyed	125
2026-08-11T22:30:05Z	SR2CUR	4882	atoll	23305	A	T	core_destroyed	361
2026-08-11T22:30:07Z	SR2CUR	4883	atoll	23305	B	T	core_destroyed	209
2026-08-11T22:30:08Z	SR2CUR	4884	drumlin	23305	A	C	core_destroyed	109
2026-08-11T22:30:13Z	SR2CUR	4885	drumlin	23305	B	T	core_destroyed	332
2026-08-11T22:30:15Z	SR2CUR	4886	fjordgate	23305	A	T	core_destroyed	128
2026-08-11T22:30:16Z	SR2CUR	4887	fjordgate	23305	B	C	core_destroyed	226
2026-08-11T22:30:18Z	SR2CUR	4888	heart	23305	A	T	core_destroyed	154
2026-08-11T22:30:24Z	SR2CUR	4889	heart	23305	B	C	core_destroyed	270
2026-08-11T22:30:26Z	SR2CUR	4890	hive	23305	A	T	core_destroyed	187
2026-08-11T22:30:29Z	SR2CUR	4891	hive	23305	B	C	core_destroyed	200
2026-08-11T22:30:31Z	SR2CUR	4892	meander	23305	A	C	core_destroyed	136
2026-08-11T22:30:33Z	SR2CUR	4893	meander	23305	B	C	core_destroyed	191
2026-08-11T22:30:34Z	SR2CUR	4894	nordkap	23305	A	T	core_destroyed	135
2026-08-11T22:30:35Z	SR2CUR	4895	nordkap	23305	B	C	core_destroyed	140
2026-08-11T22:30:38Z	SR2CUR	4896	antler	23306	A	C	core_destroyed	507
2026-08-11T22:30:40Z	SR2CUR	4897	antler	23306	B	T	core_destroyed	307
2026-08-11T22:30:41Z	SR2CUR	4898	atoll	23306	A	C	core_destroyed	96
2026-08-11T22:30:44Z	SR2CUR	4899	atoll	23306	B	T	core_destroyed	298
2026-08-11T22:30:51Z	SR2CUR	4900	drumlin	23306	A	C	core_destroyed	516
2026-08-11T22:30:53Z	SR2CUR	4901	drumlin	23306	B	T	core_destroyed	112
2026-08-11T22:30:54Z	SR2CUR	4902	fjordgate	23306	A	C	core_destroyed	175
2026-08-11T22:30:57Z	SR2CUR	4903	fjordgate	23306	B	C	core_destroyed	733
2026-08-11T22:30:59Z	SR2CUR	4904	heart	23306	A	T	core_destroyed	200
2026-08-11T22:31:02Z	SR2CUR	4905	heart	23306	B	C	core_destroyed	194
2026-08-11T22:31:05Z	SR2CUR	4906	hive	23306	A	T	core_destroyed	266
2026-08-11T22:31:08Z	SR2CUR	4907	hive	23306	B	C	core_destroyed	294
2026-08-11T22:31:12Z	SR2CUR	4908	meander	23306	A	T	core_destroyed	361
2026-08-11T22:31:13Z	SR2CUR	4909	meander	23306	B	T	core_destroyed	143
2026-08-11T22:31:17Z	SR2CUR	4910	nordkap	23306	A	C	core_destroyed	365
2026-08-11T22:31:20Z	SR2CUR	4911	nordkap	23306	B	T	core_destroyed	433
2026-08-11T22:31:22Z	SR2CUR	4912	antler	23307	A	T	core_destroyed	162
2026-08-11T22:31:24Z	SR2CUR	4913	antler	23307	B	C	core_destroyed	178
2026-08-11T22:31:28Z	SR2CUR	4914	atoll	23307	A	T	core_destroyed	853
2026-08-11T22:31:32Z	SR2CUR	4915	atoll	23307	B	T	core_destroyed	423
2026-08-11T22:31:34Z	SR2CUR	4916	drumlin	23307	A	C	core_destroyed	207
2026-08-11T22:31:36Z	SR2CUR	4917	drumlin	23307	B	T	core_destroyed	174
2026-08-11T22:31:37Z	SR2CUR	4918	fjordgate	23307	A	T	core_destroyed	124
2026-08-11T22:31:39Z	SR2CUR	4919	fjordgate	23307	B	T	core_destroyed	134
2026-08-11T22:31:43Z	SR2CUR	4920	heart	23307	A	T	core_destroyed	257
2026-08-11T22:31:46Z	SR2CUR	4921	heart	23307	B	C	core_destroyed	240
2026-08-11T22:31:49Z	SR2CUR	4922	hive	23307	A	T	core_destroyed	230
2026-08-11T22:31:53Z	SR2CUR	4923	hive	23307	B	C	core_destroyed	244
2026-08-11T22:31:54Z	SR2CUR	4924	meander	23307	A	C	core_destroyed	133
2026-08-11T22:31:56Z	SR2CUR	4925	meander	23307	B	T	core_destroyed	163
2026-08-11T22:31:59Z	SR2CUR	4926	nordkap	23307	A	T	core_destroyed	247
2026-08-11T22:32:01Z	SR2CUR	4927	nordkap	23307	B	C	core_destroyed	195
2026-08-11T22:32:05Z	SR2CUR	4928	antler	23308	A	T	core_destroyed	361
2026-08-11T22:32:07Z	SR2CUR	4929	antler	23308	B	C	core_destroyed	85
2026-08-11T22:32:08Z	SR2CUR	4930	atoll	23308	A	C	core_destroyed	134
2026-08-11T22:32:10Z	SR2CUR	4931	atoll	23308	B	C	core_destroyed	157
2026-08-11T22:32:15Z	SR2CUR	4932	drumlin	23308	A	T	core_destroyed	349
2026-08-11T22:32:19Z	SR2CUR	4933	drumlin	23308	B	C	core_destroyed	331
2026-08-11T22:32:21Z	SR2CUR	4934	fjordgate	23308	A	T	core_destroyed	157
2026-08-11T22:32:22Z	SR2CUR	4935	fjordgate	23308	B	C	core_destroyed	202
2026-08-11T22:32:24Z	SR2CUR	4936	heart	23308	A	T	core_destroyed	138
2026-08-11T22:32:26Z	SR2CUR	4937	heart	23308	B	C	core_destroyed	174
2026-08-11T22:32:30Z	SR2CUR	4938	hive	23308	A	T	core_destroyed	224
2026-08-11T22:32:32Z	SR2CUR	4939	hive	23308	B	C	core_destroyed	238
2026-08-11T22:32:33Z	SR2CUR	4940	meander	23308	A	T	core_destroyed	217
2026-08-11T22:32:35Z	SR2CUR	4941	meander	23308	B	C	core_destroyed	209
2026-08-11T22:32:36Z	SR2CUR	4942	nordkap	23308	A	T	core_destroyed	202
2026-08-11T22:32:40Z	SR2CUR	4943	nordkap	23308	B	C	core_destroyed	299
2026-08-11T22:32:42Z	SR2CUR	4944	antler	23309	A	T	core_destroyed	159
2026-08-11T22:32:44Z	SR2CUR	4945	antler	23309	B	C	core_destroyed	241
2026-08-11T22:32:47Z	SR2CUR	4946	atoll	23309	A	T	core_destroyed	308
2026-08-11T22:32:51Z	SR2CUR	4947	atoll	23309	B	T	core_destroyed	543
2026-08-11T22:32:53Z	SR2CUR	4948	drumlin	23309	A	T	core_destroyed	135
2026-08-11T22:32:56Z	SR2CUR	4949	drumlin	23309	B	T	core_destroyed	226
2026-08-11T22:32:57Z	SR2CUR	4950	fjordgate	23309	A	C	core_destroyed	286
2026-08-11T22:32:59Z	SR2CUR	4951	fjordgate	23309	B	T	core_destroyed	265
2026-08-11T22:33:11Z	SR2CUR	4952	heart	23309	A	C	tiebreak	1000
2026-08-11T22:33:28Z	SR2CUR	4953	heart	23309	B	C	tiebreak	1000
2026-08-11T22:33:31Z	SR2CUR	4954	hive	23309	A	T	core_destroyed	228
2026-08-11T22:33:39Z	SR2CUR	4955	hive	23309	B	T	core_destroyed	570
2026-08-11T22:33:42Z	SR2CUR	4956	meander	23309	A	C	core_destroyed	346
2026-08-11T22:33:44Z	SR2CUR	4957	meander	23309	B	C	core_destroyed	223
2026-08-11T22:33:47Z	SR2CUR	4958	nordkap	23309	A	T	core_destroyed	365
2026-08-11T22:33:48Z	SR2CUR	4959	nordkap	23309	B	C	core_destroyed	114
2026-08-11T22:33:49Z	SR2CUR	4960	antler	23310	A	T	core_destroyed	117
2026-08-11T22:33:51Z	SR2CUR	4961	antler	23310	B	T	core_destroyed	244
2026-08-11T22:33:57Z	SR2CUR	4962	atoll	23310	A	T	core_destroyed	769
2026-08-11T22:33:58Z	SR2CUR	4963	atoll	23310	B	T	core_destroyed	132
2026-08-11T22:34:00Z	SR2CUR	4964	drumlin	23310	A	T	core_destroyed	210
2026-08-11T22:34:03Z	SR2CUR	4965	drumlin	23310	B	C	core_destroyed	270
2026-08-11T22:34:05Z	SR2CUR	4966	fjordgate	23310	A	T	core_destroyed	236
2026-08-11T22:34:06Z	SR2CUR	4967	fjordgate	23310	B	C	core_destroyed	220
2026-08-11T22:34:11Z	SR2CUR	4968	heart	23310	A	C	core_destroyed	251
2026-08-11T22:34:14Z	SR2CUR	4969	heart	23310	B	C	core_destroyed	318
2026-08-11T22:34:18Z	SR2CUR	4970	hive	23310	A	T	core_destroyed	327
2026-08-11T22:34:24Z	SR2CUR	4971	hive	23310	B	T	core_destroyed	401
2026-08-11T22:34:26Z	SR2CUR	4972	meander	23310	A	C	core_destroyed	174
2026-08-11T22:34:28Z	SR2CUR	4973	meander	23310	B	T	core_destroyed	215
2026-08-11T22:34:30Z	SR2CUR	4974	nordkap	23310	A	T	core_destroyed	233
2026-08-11T22:34:32Z	SR2CUR	4975	nordkap	23310	B	T	core_destroyed	189
2026-08-11T22:34:33Z	SR2CUR	4976	antler	23311	A	T	core_destroyed	350
2026-08-11T22:34:35Z	SR2CUR	4977	antler	23311	B	C	core_destroyed	190
2026-08-11T22:34:36Z	SR2CUR	4978	atoll	23311	A	T	core_destroyed	172
2026-08-11T22:34:38Z	SR2CUR	4979	atoll	23311	B	T	core_destroyed	643
2026-08-11T22:34:42Z	SR2CUR	4980	drumlin	23311	A	T	core_destroyed	304
2026-08-11T22:34:43Z	SR2CUR	4981	drumlin	23311	B	C	core_destroyed	112
2026-08-11T22:34:44Z	SR2CUR	4982	fjordgate	23311	A	C	core_destroyed	150
2026-08-11T22:34:46Z	SR2CUR	4983	fjordgate	23311	B	C	core_destroyed	174
2026-08-11T22:34:51Z	SR2CUR	4984	heart	23311	A	C	core_destroyed	316
2026-08-11T22:34:53Z	SR2CUR	4985	heart	23311	B	C	core_destroyed	171
2026-08-11T22:34:57Z	SR2CUR	4986	hive	23311	A	T	core_destroyed	330
2026-08-11T22:34:59Z	SR2CUR	4987	hive	23311	B	C	core_destroyed	251
2026-08-11T22:35:01Z	SR2CUR	4988	meander	23311	A	T	core_destroyed	178
2026-08-11T22:35:03Z	SR2CUR	4989	meander	23311	B	C	core_destroyed	262
2026-08-11T22:35:05Z	SR2CUR	4990	nordkap	23311	A	C	core_destroyed	164
2026-08-11T22:35:07Z	SR2CUR	4991	nordkap	23311	B	C	core_destroyed	227
2026-08-11T22:35:10Z	SR2CUR	4992	antler	23312	A	T	core_destroyed	283
2026-08-11T22:35:12Z	SR2CUR	4993	antler	23312	B	C	core_destroyed	347
2026-08-11T22:35:13Z	SR2CUR	4994	atoll	23312	A	C	core_destroyed	115
2026-08-11T22:35:15Z	SR2CUR	4995	atoll	23312	B	C	core_destroyed	128
2026-08-11T22:35:19Z	SR2CUR	4996	drumlin	23312	A	T	core_destroyed	342
2026-08-11T22:35:26Z	SR2CUR	4997	drumlin	23312	B	C	core_destroyed	417
2026-08-11T22:35:27Z	SR2CUR	4998	fjordgate	23312	A	T	core_destroyed	142
2026-08-11T22:35:29Z	SR2CUR	4999	fjordgate	23312	B	C	core_destroyed	175
2026-08-11T22:35:31Z	SR2CUR	5000	heart	23312	A	T	core_destroyed	140
2026-08-11T22:35:34Z	SR2CUR	5001	heart	23312	B	T	core_destroyed	212
2026-08-11T22:35:38Z	SR2CUR	5002	hive	23312	A	C	core_destroyed	346
2026-08-11T22:35:41Z	SR2CUR	5003	hive	23312	B	C	core_destroyed	238
2026-08-11T22:35:43Z	SR2CUR	5004	meander	23312	A	C	core_destroyed	208
2026-08-11T22:35:45Z	SR2CUR	5005	meander	23312	B	C	core_destroyed	163
2026-08-11T22:35:46Z	SR2CUR	5006	nordkap	23312	A	C	core_destroyed	161
2026-08-11T22:35:48Z	SR2CUR	5007	nordkap	23312	B	T	core_destroyed	203
2026-08-11T22:35:50Z	SR2CUR	5008	antler	23313	A	T	core_destroyed	130
2026-08-11T22:35:52Z	SR2CUR	5009	antler	23313	B	C	core_destroyed	173
2026-08-11T22:35:55Z	SR2CUR	5010	atoll	23313	A	T	core_destroyed	340
2026-08-11T22:35:57Z	SR2CUR	5011	atoll	23313	B	T	core_destroyed	231
2026-08-11T22:36:00Z	SR2CUR	5012	drumlin	23313	A	T	core_destroyed	214
2026-08-11T22:36:02Z	SR2CUR	5013	drumlin	23313	B	T	core_destroyed	153
2026-08-11T22:36:04Z	SR2CUR	5014	fjordgate	23313	A	C	core_destroyed	181
2026-08-11T22:36:05Z	SR2CUR	5015	fjordgate	23313	B	T	core_destroyed	144
2026-08-11T22:36:08Z	SR2CUR	5016	heart	23313	A	C	core_destroyed	200
2026-08-11T22:36:13Z	SR2CUR	5017	heart	23313	B	T	core_destroyed	412
2026-08-11T22:36:17Z	SR2CUR	5018	hive	23313	A	C	core_destroyed	262
2026-08-11T22:36:19Z	SR2CUR	5019	hive	23313	B	T	core_destroyed	150
2026-08-11T22:36:21Z	SR2CUR	5020	meander	23313	A	T	core_destroyed	147
2026-08-11T22:36:23Z	SR2CUR	5021	meander	23313	B	C	core_destroyed	232
2026-08-11T22:36:25Z	SR2CUR	5022	nordkap	23313	A	C	core_destroyed	162
2026-08-11T22:36:28Z	SR2CUR	5023	nordkap	23313	B	C	core_destroyed	284
2026-08-11T22:36:30Z	SR2CUR	5024	antler	23314	A	C	core_destroyed	311
2026-08-11T22:36:32Z	SR2CUR	5025	antler	23314	B	C	core_destroyed	396
2026-08-11T22:36:41Z	SR2CUR	5026	atoll	23314	A	C	tiebreak	1000
2026-08-11T22:36:43Z	SR2CUR	5027	atoll	23314	B	C	core_destroyed	441
2026-08-11T22:36:48Z	SR2CUR	5028	drumlin	23314	A	T	core_destroyed	396
2026-08-11T22:36:49Z	SR2CUR	5029	drumlin	23314	B	T	core_destroyed	129
2026-08-11T22:36:51Z	SR2CUR	5030	fjordgate	23314	A	T	core_destroyed	167
2026-08-11T22:36:52Z	SR2CUR	5031	fjordgate	23314	B	T	core_destroyed	168
2026-08-11T22:36:54Z	SR2CUR	5032	heart	23314	A	T	core_destroyed	164
2026-08-11T22:37:13Z	SR2CUR	5033	heart	23314	B	T	tiebreak	1000
2026-08-11T22:37:15Z	SR2CUR	5034	hive	23314	A	T	core_destroyed	166
2026-08-11T22:37:17Z	SR2CUR	5035	hive	23314	B	C	core_destroyed	225
2026-08-11T22:37:19Z	SR2CUR	5036	meander	23314	A	C	core_destroyed	197
2026-08-11T22:37:21Z	SR2CUR	5037	meander	23314	B	C	core_destroyed	135
2026-08-11T22:37:26Z	SR2CUR	5038	nordkap	23314	A	C	core_destroyed	826
2026-08-11T22:37:27Z	SR2CUR	5039	nordkap	23314	B	C	core_destroyed	152
2026-08-11T22:37:30Z	SR2CUR	5040	antler	23315	A	C	core_destroyed	268
2026-08-11T22:37:32Z	SR2CUR	5041	antler	23315	B	T	core_destroyed	251
2026-08-11T22:37:34Z	SR2CUR	5042	atoll	23315	A	T	core_destroyed	135
2026-08-11T22:37:39Z	SR2CUR	5043	atoll	23315	B	T	core_destroyed	557
2026-08-11T22:37:45Z	SR2CUR	5044	drumlin	23315	A	T	core_destroyed	431
2026-08-11T22:37:46Z	SR2CUR	5045	drumlin	23315	B	C	core_destroyed	137
2026-08-11T22:37:48Z	SR2CUR	5046	fjordgate	23315	A	C	core_destroyed	269
2026-08-11T22:37:49Z	SR2CUR	5047	fjordgate	23315	B	T	core_destroyed	226
2026-08-11T22:37:54Z	SR2CUR	5048	heart	23315	A	C	core_destroyed	251
2026-08-11T22:37:56Z	SR2CUR	5049	heart	23315	B	C	core_destroyed	290
2026-08-11T22:38:00Z	SR2CUR	5050	hive	23315	A	C	core_destroyed	259
2026-08-11T22:38:05Z	SR2CUR	5051	hive	23315	B	C	core_destroyed	340
2026-08-11T22:38:07Z	SR2CUR	5052	meander	23315	A	T	core_destroyed	179
2026-08-11T22:38:08Z	SR2CUR	5053	meander	23315	B	C	core_destroyed	169
2026-08-11T22:38:10Z	SR2CUR	5054	nordkap	23315	A	C	core_destroyed	180
2026-08-11T22:38:12Z	SR2CUR	5055	nordkap	23315	B	C	core_destroyed	220
2026-08-11T22:38:15Z	SR2CUR	5056	antler	23316	A	T	core_destroyed	276
2026-08-11T22:38:16Z	SR2CUR	5057	antler	23316	B	T	core_destroyed	191
2026-08-11T22:38:17Z	SR2CUR	5058	atoll	23316	A	C	core_destroyed	93
2026-08-11T22:38:20Z	SR2CUR	5059	atoll	23316	B	T	core_destroyed	199
2026-08-11T22:38:25Z	SR2CUR	5060	drumlin	23316	A	C	core_destroyed	377
2026-08-11T22:38:28Z	SR2CUR	5061	drumlin	23316	B	T	core_destroyed	253
2026-08-11T22:38:29Z	SR2CUR	5062	fjordgate	23316	A	T	core_destroyed	213
2026-08-11T22:38:30Z	SR2CUR	5063	fjordgate	23316	B	T	core_destroyed	96
2026-08-11T22:38:32Z	SR2CUR	5064	heart	23316	A	T	core_destroyed	134
2026-08-11T22:38:43Z	SR2CUR	5065	heart	23316	B	T	core_destroyed	623
2026-08-11T22:38:52Z	SR2CUR	5066	hive	23316	A	C	core_destroyed	635
2026-08-11T22:38:56Z	SR2CUR	5067	hive	23316	B	T	core_destroyed	219
2026-08-11T22:38:57Z	SR2CUR	5068	meander	23316	A	T	core_destroyed	120
2026-08-11T22:38:59Z	SR2CUR	5069	meander	23316	B	C	core_destroyed	146
2026-08-11T22:39:00Z	SR2CUR	5070	nordkap	23316	A	T	core_destroyed	150
2026-08-11T22:39:02Z	SR2CUR	5071	nordkap	23316	B	T	tiebreak	134
2026-08-11T22:39:04Z	SR2CUR	5072	antler	23317	A	T	core_destroyed	216
2026-08-11T22:39:05Z	SR2CUR	5073	antler	23317	B	T	core_destroyed	365
2026-08-11T22:39:07Z	SR2CUR	5074	atoll	23317	A	C	core_destroyed	147
2026-08-11T22:39:08Z	SR2CUR	5075	atoll	23317	B	T	core_destroyed	126
2026-08-11T22:39:10Z	SR2CUR	5076	drumlin	23317	A	T	core_destroyed	171
2026-08-11T22:39:14Z	SR2CUR	5077	drumlin	23317	B	T	core_destroyed	369
2026-08-11T22:39:15Z	SR2CUR	5078	fjordgate	23317	A	T	core_destroyed	184
2026-08-11T22:39:16Z	SR2CUR	5079	fjordgate	23317	B	T	core_destroyed	136
2026-08-11T22:39:20Z	SR2CUR	5080	heart	23317	A	T	core_destroyed	465
2026-08-11T22:39:24Z	SR2CUR	5081	heart	23317	B	T	core_destroyed	261
2026-08-11T22:39:31Z	SR2CUR	5082	hive	23317	A	C	core_destroyed	458
2026-08-11T22:39:33Z	SR2CUR	5083	hive	23317	B	C	core_destroyed	256
2026-08-11T22:39:35Z	SR2CUR	5084	meander	23317	A	T	core_destroyed	138
2026-08-11T22:39:39Z	SR2CUR	5085	meander	23317	B	T	core_destroyed	315
2026-08-11T22:39:41Z	SR2CUR	5086	nordkap	23317	A	C	core_destroyed	199
2026-08-11T22:39:45Z	SR2CUR	5087	nordkap	23317	B	T	core_destroyed	379
2026-08-11T22:39:47Z	SR2CUR	5088	antler	23318	A	C	core_destroyed	204
2026-08-11T22:39:49Z	SR2CUR	5089	antler	23318	B	C	core_destroyed	222
2026-08-11T22:39:51Z	SR2CUR	5090	atoll	23318	A	C	core_destroyed	408
2026-08-11T22:39:53Z	SR2CUR	5091	atoll	23318	B	C	core_destroyed	518
2026-08-11T22:39:55Z	SR2CUR	5092	drumlin	23318	A	T	core_destroyed	138
2026-08-11T22:39:59Z	SR2CUR	5093	drumlin	23318	B	C	core_destroyed	297
2026-08-11T22:40:02Z	SR2CUR	5094	fjordgate	23318	A	T	tiebreak	1000
2026-08-11T22:40:04Z	SR2CUR	5095	fjordgate	23318	B	T	core_destroyed	133
2026-08-11T22:40:26Z	SR2CUR	5096	heart	23318	A	T	tiebreak	1000
2026-08-11T22:40:36Z	SR2CUR	5097	heart	23318	B	T	core_destroyed	431
2026-08-11T22:40:40Z	SR2CUR	5098	hive	23318	A	C	core_destroyed	212
2026-08-11T22:40:43Z	SR2CUR	5099	hive	23318	B	C	core_destroyed	215
2026-08-11T22:40:45Z	SR2CUR	5100	meander	23318	A	T	core_destroyed	205
2026-08-11T22:40:47Z	SR2CUR	5101	meander	23318	B	T	core_destroyed	163
2026-08-11T22:40:49Z	SR2CUR	5102	nordkap	23318	A	T	core_destroyed	172
2026-08-11T22:40:52Z	SR2CUR	5103	nordkap	23318	B	C	core_destroyed	328
2026-08-11T22:40:54Z	SR2CUR	5104	antler	23319	A	T	core_destroyed	169
2026-08-11T22:40:57Z	SR2CUR	5105	antler	23319	B	C	core_destroyed	276
2026-08-11T22:40:58Z	SR2CUR	5106	atoll	23319	A	C	core_destroyed	152
2026-08-11T22:41:00Z	SR2CUR	5107	atoll	23319	B	T	core_destroyed	166
2026-08-11T22:41:04Z	SR2CUR	5108	drumlin	23319	A	T	core_destroyed	350
2026-08-11T22:41:07Z	SR2CUR	5109	drumlin	23319	B	T	core_destroyed	184
2026-08-11T22:41:09Z	SR2CUR	5110	fjordgate	23319	A	C	core_destroyed	193
2026-08-11T22:41:11Z	SR2CUR	5111	fjordgate	23319	B	T	tiebreak	1000
2026-08-11T22:41:15Z	SR2CUR	5112	heart	23319	A	T	core_destroyed	274
2026-08-11T22:41:19Z	SR2CUR	5113	heart	23319	B	C	core_destroyed	359
2026-08-11T22:41:23Z	SR2CUR	5114	hive	23319	A	T	core_destroyed	227
2026-08-11T22:41:27Z	SR2CUR	5115	hive	23319	B	T	core_destroyed	253
2026-08-11T22:41:28Z	SR2CUR	5116	meander	23319	A	T	core_destroyed	168
2026-08-11T22:41:30Z	SR2CUR	5117	meander	23319	B	C	core_destroyed	205
2026-08-11T22:41:33Z	SR2CUR	5118	nordkap	23319	A	C	core_destroyed	289
2026-08-11T22:41:34Z	SR2CUR	5119	nordkap	23319	B	C	core_destroyed	100
2026-08-11T22:41:36Z	SR2CUR	5120	antler	23320	A	C	core_destroyed	202
2026-08-11T22:41:39Z	SR2CUR	5121	antler	23320	B	T	core_destroyed	331
2026-08-11T22:41:40Z	SR2CUR	5122	atoll	23320	A	C	core_destroyed	109
2026-08-11T22:41:42Z	SR2CUR	5123	atoll	23320	B	C	core_destroyed	153
2026-08-11T22:41:46Z	SR2CUR	5124	drumlin	23320	A	C	core_destroyed	312
2026-08-11T22:41:48Z	SR2CUR	5125	drumlin	23320	B	C	core_destroyed	277
2026-08-11T22:41:50Z	SR2CUR	5126	fjordgate	23320	A	T	core_destroyed	100
2026-08-11T22:41:51Z	SR2CUR	5127	fjordgate	23320	B	T	core_destroyed	128
2026-08-11T22:41:54Z	SR2CUR	5128	heart	23320	A	C	core_destroyed	185
2026-08-11T22:41:56Z	SR2CUR	5129	heart	23320	B	C	core_destroyed	110
2026-08-11T22:41:59Z	SR2CUR	5130	hive	23320	A	C	core_destroyed	227
2026-08-11T22:42:02Z	SR2CUR	5131	hive	23320	B	C	core_destroyed	220
2026-08-11T22:42:04Z	SR2CUR	5132	meander	23320	A	C	core_destroyed	176
2026-08-11T22:42:05Z	SR2CUR	5133	meander	23320	B	T	core_destroyed	111
2026-08-11T22:42:07Z	SR2CUR	5134	nordkap	23320	A	T	core_destroyed	224
2026-08-11T22:42:12Z	SR2CUR	5135	nordkap	23320	B	C	core_destroyed	599
2026-08-11T22:42:14Z	SR2CUR	5136	antler	23321	A	T	tiebreak	135
2026-08-11T22:42:16Z	SR2CUR	5137	antler	23321	B	C	core_destroyed	292
2026-08-11T22:42:17Z	SR2CUR	5138	atoll	23321	A	T	core_destroyed	144
2026-08-11T22:42:21Z	SR2CUR	5139	atoll	23321	B	T	core_destroyed	379
2026-08-11T22:42:30Z	SR2CUR	5140	drumlin	23321	A	C	core_destroyed	621
2026-08-11T22:42:32Z	SR2CUR	5141	drumlin	23321	B	C	core_destroyed	159
2026-08-11T22:42:33Z	SR2CUR	5142	fjordgate	23321	A	T	core_destroyed	116
2026-08-11T22:42:34Z	SR2CUR	5143	fjordgate	23321	B	C	core_destroyed	221
2026-08-11T22:42:38Z	SR2CUR	5144	heart	23321	A	T	core_destroyed	236
2026-08-11T22:42:42Z	SR2CUR	5145	heart	23321	B	T	core_destroyed	245
2026-08-11T22:42:45Z	SR2CUR	5146	hive	23321	A	T	core_destroyed	229
2026-08-11T22:42:47Z	SR2CUR	5147	hive	23321	B	C	core_destroyed	171
2026-08-11T22:42:50Z	SR2CUR	5148	meander	23321	A	T	core_destroyed	176
2026-08-11T22:42:51Z	SR2CUR	5149	meander	23321	B	C	core_destroyed	192
2026-08-11T22:42:53Z	SR2CUR	5150	nordkap	23321	A	T	core_destroyed	86
2026-08-11T22:42:56Z	SR2CUR	5151	nordkap	23321	B	C	core_destroyed	346
2026-08-11T22:42:58Z	SR2CUR	5152	antler	23322	A	T	core_destroyed	134
2026-08-11T22:43:00Z	SR2CUR	5153	antler	23322	B	C	core_destroyed	140
2026-08-11T22:43:05Z	SR2CUR	5154	atoll	23322	A	C	core_destroyed	524
2026-08-11T22:43:09Z	SR2CUR	5155	atoll	23322	B	T	core_destroyed	557
2026-08-11T22:43:11Z	SR2CUR	5156	drumlin	23322	A	C	core_destroyed	114
2026-08-11T22:43:12Z	SR2CUR	5157	drumlin	23322	B	C	core_destroyed	146
2026-08-11T22:43:14Z	SR2CUR	5158	fjordgate	23322	A	T	core_destroyed	217
2026-08-11T22:43:15Z	SR2CUR	5159	fjordgate	23322	B	T	core_destroyed	118
2026-08-11T22:43:17Z	SR2CUR	5160	heart	23322	A	T	core_destroyed	160
2026-08-11T22:43:22Z	SR2CUR	5161	heart	23322	B	T	core_destroyed	462
2026-08-11T22:43:30Z	SR2CUR	5162	hive	23322	A	C	core_destroyed	457
2026-08-11T22:43:32Z	SR2CUR	5163	hive	23322	B	C	core_destroyed	162
2026-08-11T22:43:34Z	SR2CUR	5164	meander	23322	A	T	core_destroyed	198
2026-08-11T22:43:35Z	SR2CUR	5165	meander	23322	B	T	core_destroyed	91
2026-08-11T22:43:39Z	SR2CUR	5166	nordkap	23322	A	T	core_destroyed	351
2026-08-11T22:43:40Z	SR2CUR	5167	nordkap	23322	B	T	core_destroyed	274
2026-08-11T22:43:42Z	SR2CUR	5168	antler	23323	A	T	core_destroyed	240
2026-08-11T22:43:44Z	SR2CUR	5169	antler	23323	B	C	core_destroyed	187
2026-08-11T22:43:45Z	SR2CUR	5170	atoll	23323	A	T	core_destroyed	182
2026-08-11T22:43:46Z	SR2CUR	5171	atoll	23323	B	C	core_destroyed	112
2026-08-11T22:43:48Z	SR2CUR	5172	drumlin	23323	A	C	core_destroyed	176
2026-08-11T22:43:53Z	SR2CUR	5173	drumlin	23323	B	C	core_destroyed	318
2026-08-11T22:43:55Z	SR2CUR	5174	fjordgate	23323	A	C	core_destroyed	176
2026-08-11T22:43:56Z	SR2CUR	5175	fjordgate	23323	B	C	core_destroyed	517
2026-08-11T22:43:59Z	SR2CUR	5176	heart	23323	A	T	core_destroyed	170
2026-08-11T22:44:02Z	SR2CUR	5177	heart	23323	B	C	core_destroyed	440
2026-08-11T22:44:05Z	SR2CUR	5178	hive	23323	A	C	core_destroyed	206
2026-08-11T22:44:09Z	SR2CUR	5179	hive	23323	B	C	core_destroyed	287
2026-08-11T22:44:10Z	SR2CUR	5180	meander	23323	A	T	core_destroyed	168
2026-08-11T22:44:14Z	SR2CUR	5181	meander	23323	B	T	core_destroyed	299
2026-08-11T22:44:15Z	SR2CUR	5182	nordkap	23323	A	T	core_destroyed	126
2026-08-11T22:44:18Z	SR2CUR	5183	nordkap	23323	B	T	core_destroyed	234
2026-08-11T22:44:22Z	SR2CUR	5184	antler	23324	A	T	core_destroyed	340
2026-08-11T22:44:24Z	SR2CUR	5185	antler	23324	B	T	core_destroyed	305
2026-08-11T22:44:26Z	SR2CUR	5186	atoll	23324	A	T	core_destroyed	186
2026-08-11T22:44:31Z	SR2CUR	5187	atoll	23324	B	T	core_destroyed	612
2026-08-11T22:44:33Z	SR2CUR	5188	drumlin	23324	A	T	core_destroyed	138
2026-08-11T22:44:37Z	SR2CUR	5189	drumlin	23324	B	T	core_destroyed	301
2026-08-11T22:44:38Z	SR2CUR	5190	fjordgate	23324	A	T	core_destroyed	101
2026-08-11T22:44:39Z	SR2CUR	5191	fjordgate	23324	B	C	core_destroyed	133
2026-08-11T22:44:44Z	SR2CUR	5192	heart	23324	A	C	core_destroyed	464
2026-08-11T22:44:46Z	SR2CUR	5193	heart	23324	B	C	core_destroyed	100
2026-08-11T22:44:49Z	SR2CUR	5194	hive	23324	A	T	core_destroyed	277
2026-08-11T22:44:51Z	SR2CUR	5195	hive	23324	B	C	core_destroyed	171
2026-08-11T22:44:54Z	SR2CUR	5196	meander	23324	A	C	core_destroyed	289
2026-08-11T22:44:56Z	SR2CUR	5197	meander	23324	B	T	core_destroyed	195
2026-08-11T22:44:58Z	SR2CUR	5198	nordkap	23324	A	T	core_destroyed	140
2026-08-11T22:44:59Z	SR2CUR	5199	nordkap	23324	B	C	core_destroyed	108
2026-08-11T22:45:01Z	SR2CUR	5200	antler	23325	A	C	core_destroyed	224
2026-08-11T22:45:04Z	SR2CUR	5201	antler	23325	B	T	tiebreak	1000
2026-08-11T22:45:07Z	SR2CUR	5202	atoll	23325	A	T	core_destroyed	168
2026-08-11T22:45:10Z	SR2CUR	5203	atoll	23325	B	T	core_destroyed	379
2026-08-11T22:45:13Z	SR2CUR	5204	drumlin	23325	A	C	core_destroyed	363
2026-08-11T22:45:19Z	SR2CUR	5205	drumlin	23325	B	T	core_destroyed	430
2026-08-11T22:45:21Z	SR2CUR	5206	fjordgate	23325	A	C	core_destroyed	210
2026-08-11T22:45:22Z	SR2CUR	5207	fjordgate	23325	B	C	core_destroyed	129
2026-08-11T22:45:26Z	SR2CUR	5208	heart	23325	A	T	core_destroyed	183
2026-08-11T22:45:31Z	SR2CUR	5209	heart	23325	B	T	core_destroyed	218
2026-08-11T22:45:33Z	SR2CUR	5210	hive	23325	A	T	core_destroyed	226
2026-08-11T22:45:36Z	SR2CUR	5211	hive	23325	B	T	core_destroyed	158
2026-08-11T22:45:38Z	SR2CUR	5212	meander	23325	A	T	core_destroyed	271
2026-08-11T22:45:41Z	SR2CUR	5213	meander	23325	B	C	core_destroyed	301
2026-08-11T22:45:44Z	SR2CUR	5214	nordkap	23325	A	T	core_destroyed	395
2026-08-11T22:45:47Z	SR2CUR	5215	nordkap	23325	B	C	core_destroyed	277
2026-08-11T22:45:49Z	SR2CUR	5216	antler	23326	A	C	core_destroyed	169
2026-08-11T22:45:52Z	SR2CUR	5217	antler	23326	B	T	core_destroyed	351
2026-08-11T22:45:53Z	SR2CUR	5218	atoll	23326	A	C	core_destroyed	149
2026-08-11T22:45:57Z	SR2CUR	5219	atoll	23326	B	T	core_destroyed	381
2026-08-11T22:46:00Z	SR2CUR	5220	drumlin	23326	A	T	core_destroyed	279
2026-08-11T22:46:04Z	SR2CUR	5221	drumlin	23326	B	T	core_destroyed	323
2026-08-11T22:46:05Z	SR2CUR	5222	fjordgate	23326	A	C	core_destroyed	155
2026-08-11T22:46:07Z	SR2CUR	5223	fjordgate	23326	B	C	core_destroyed	251
2026-08-11T22:46:11Z	SR2CUR	5224	heart	23326	A	C	core_destroyed	304
2026-08-11T22:46:12Z	SR2CUR	5225	heart	23326	B	C	core_destroyed	109
2026-08-11T22:46:14Z	SR2CUR	5226	hive	23326	A	T	core_destroyed	187
2026-08-11T22:46:22Z	SR2CUR	5227	hive	23326	B	C	core_destroyed	579
2026-08-11T22:46:25Z	SR2CUR	5228	meander	23326	A	T	core_destroyed	310
2026-08-11T22:46:26Z	SR2CUR	5229	meander	23326	B	T	core_destroyed	171
2026-08-11T22:46:28Z	SR2CUR	5230	nordkap	23326	A	T	core_destroyed	142
2026-08-11T22:46:30Z	SR2CUR	5231	nordkap	23326	B	T	core_destroyed	165
2026-08-11T22:46:32Z	SR2CUR	5232	antler	23327	A	T	core_destroyed	252
2026-08-11T22:46:35Z	SR2CUR	5233	antler	23327	B	C	core_destroyed	225
2026-08-11T22:46:38Z	SR2CUR	5234	atoll	23327	A	C	core_destroyed	249
2026-08-11T22:46:40Z	SR2CUR	5235	atoll	23327	B	T	core_destroyed	409
2026-08-11T22:46:44Z	SR2CUR	5236	drumlin	23327	A	C	core_destroyed	262
2026-08-11T22:46:47Z	SR2CUR	5237	drumlin	23327	B	C	core_destroyed	311
2026-08-11T22:46:48Z	SR2CUR	5238	fjordgate	23327	A	C	core_destroyed	175
2026-08-11T22:46:49Z	SR2CUR	5239	fjordgate	23327	B	C	core_destroyed	158
2026-08-11T22:46:52Z	SR2CUR	5240	heart	23327	A	C	core_destroyed	117
2026-08-11T22:46:56Z	SR2CUR	5241	heart	23327	B	C	core_destroyed	396
2026-08-11T22:47:02Z	SR2CUR	5242	hive	23327	A	T	core_destroyed	468
2026-08-11T22:47:05Z	SR2CUR	5243	hive	23327	B	T	core_destroyed	168
2026-08-11T22:47:06Z	SR2CUR	5244	meander	23327	A	C	core_destroyed	121
2026-08-11T22:47:08Z	SR2CUR	5245	meander	23327	B	T	core_destroyed	185
2026-08-11T22:47:12Z	SR2CUR	5246	nordkap	23327	A	C	core_destroyed	381
2026-08-11T22:47:15Z	SR2CUR	5247	nordkap	23327	B	T	core_destroyed	377
2026-08-11T22:47:17Z	SR2CUR	5248	antler	23328	A	T	core_destroyed	409
2026-08-11T22:47:19Z	SR2CUR	5249	antler	23328	B	C	core_destroyed	295
2026-08-11T22:47:21Z	SR2CUR	5250	atoll	23328	A	T	core_destroyed	195
2026-08-11T22:47:23Z	SR2CUR	5251	atoll	23328	B	T	core_destroyed	181
2026-08-11T22:47:25Z	SR2CUR	5252	drumlin	23328	A	C	core_destroyed	150
2026-08-11T22:47:27Z	SR2CUR	5253	drumlin	23328	B	T	core_destroyed	192
2026-08-11T22:47:29Z	SR2CUR	5254	fjordgate	23328	A	T	core_destroyed	145
2026-08-11T22:47:30Z	SR2CUR	5255	fjordgate	23328	B	C	core_destroyed	171
2026-08-11T22:47:37Z	SR2CUR	5256	heart	23328	A	C	core_destroyed	368
2026-08-11T22:47:40Z	SR2CUR	5257	heart	23328	B	C	core_destroyed	171
2026-08-11T22:47:44Z	SR2CUR	5258	hive	23328	A	T	core_destroyed	345
2026-08-11T22:47:46Z	SR2CUR	5259	hive	23328	B	C	core_destroyed	128
2026-08-11T22:47:49Z	SR2CUR	5260	meander	23328	A	C	core_destroyed	260
2026-08-11T22:47:50Z	SR2CUR	5261	meander	23328	B	C	core_destroyed	135
2026-08-11T22:47:53Z	SR2CUR	5262	nordkap	23328	A	C	core_destroyed	274
2026-08-11T22:47:55Z	SR2CUR	5263	nordkap	23328	B	C	core_destroyed	198
2026-08-11T22:47:57Z	SR2CUR	5264	antler	23329	A	T	core_destroyed	154
2026-08-11T22:48:00Z	SR2CUR	5265	antler	23329	B	C	core_destroyed	376
2026-08-11T22:48:01Z	SR2CUR	5266	atoll	23329	A	C	core_destroyed	293
2026-08-11T22:48:08Z	SR2CUR	5267	atoll	23329	B	C	core_destroyed	652
2026-08-11T22:48:10Z	SR2CUR	5268	drumlin	23329	A	T	core_destroyed	165
2026-08-11T22:48:13Z	SR2CUR	5269	drumlin	23329	B	T	core_destroyed	171
2026-08-11T22:48:14Z	SR2CUR	5270	fjordgate	23329	A	T	core_destroyed	162
2026-08-11T22:48:15Z	SR2CUR	5271	fjordgate	23329	B	T	core_destroyed	128
2026-08-11T22:48:32Z	SR2CUR	5272	heart	23329	A	C	tiebreak	1000
2026-08-11T22:48:37Z	SR2CUR	5273	heart	23329	B	T	core_destroyed	335
2026-08-11T22:48:39Z	SR2CUR	5274	hive	23329	A	C	core_destroyed	117
2026-08-11T22:48:42Z	SR2CUR	5275	hive	23329	B	T	core_destroyed	158
2026-08-11T22:48:44Z	SR2CUR	5276	meander	23329	A	T	core_destroyed	274
2026-08-11T22:48:45Z	SR2CUR	5277	meander	23329	B	C	core_destroyed	133
2026-08-11T22:48:47Z	SR2CUR	5278	nordkap	23329	A	C	core_destroyed	152
2026-08-11T22:48:50Z	SR2CUR	5279	nordkap	23329	B	T	core_destroyed	293
2026-08-11T22:48:52Z	SR2CUR	5280	antler	23330	A	T	core_destroyed	318
2026-08-11T22:48:55Z	SR2CUR	5281	antler	23330	B	C	core_destroyed	258
2026-08-11T22:48:56Z	SR2CUR	5282	atoll	23330	A	T	core_destroyed	263
2026-08-11T22:48:58Z	SR2CUR	5283	atoll	23330	B	T	core_destroyed	120
2026-08-11T22:49:01Z	SR2CUR	5284	drumlin	23330	A	C	core_destroyed	274
2026-08-11T22:49:06Z	SR2CUR	5285	drumlin	23330	B	C	core_destroyed	573
2026-08-11T22:49:08Z	SR2CUR	5286	fjordgate	23330	A	T	tiebreak	1000
2026-08-11T22:49:10Z	SR2CUR	5287	fjordgate	23330	B	C	core_destroyed	253
2026-08-11T22:49:20Z	SR2CUR	5288	heart	23330	A	T	tiebreak	1000
2026-08-11T22:49:23Z	SR2CUR	5289	heart	23330	B	C	core_destroyed	153
2026-08-11T22:49:25Z	SR2CUR	5290	hive	23330	A	T	core_destroyed	154
2026-08-11T22:49:28Z	SR2CUR	5291	hive	23330	B	T	core_destroyed	209
2026-08-11T22:49:30Z	SR2CUR	5292	meander	23330	A	C	core_destroyed	170
2026-08-11T22:49:33Z	SR2CUR	5293	meander	23330	B	C	core_destroyed	204
2026-08-11T22:49:34Z	SR2CUR	5294	nordkap	23330	A	C	core_destroyed	144
2026-08-11T22:49:37Z	SR2CUR	5295	nordkap	23330	B	C	core_destroyed	216
2026-08-11T22:49:39Z	SR2CUR	5296	antler	23331	A	C	core_destroyed	224
2026-08-11T22:49:40Z	SR2CUR	5297	antler	23331	B	C	core_destroyed	136
2026-08-11T22:49:42Z	SR2CUR	5298	atoll	23331	A	C	core_destroyed	137
2026-08-11T22:49:47Z	SR2CUR	5299	atoll	23331	B	C	core_destroyed	405
2026-08-11T22:49:52Z	SR2CUR	5300	drumlin	23331	A	T	core_destroyed	676
2026-08-11T22:49:53Z	SR2CUR	5301	drumlin	23331	B	T	core_destroyed	105
2026-08-11T22:49:55Z	SR2CUR	5302	fjordgate	23331	A	C	core_destroyed	170
2026-08-11T22:49:56Z	SR2CUR	5303	fjordgate	23331	B	C	core_destroyed	122
2026-08-11T22:49:59Z	SR2CUR	5304	heart	23331	A	C	core_destroyed	176
2026-08-11T22:50:02Z	SR2CUR	5305	heart	23331	B	C	core_destroyed	137
2026-08-11T22:50:07Z	SR2CUR	5306	hive	23331	A	C	core_destroyed	421
2026-08-11T22:50:09Z	SR2CUR	5307	hive	23331	B	T	core_destroyed	134
2026-08-11T22:50:10Z	SR2CUR	5308	meander	23331	A	T	core_destroyed	159
2026-08-11T22:50:11Z	SR2CUR	5309	meander	23331	B	C	core_destroyed	92
2026-08-11T22:50:13Z	SR2CUR	5310	nordkap	23331	A	T	core_destroyed	111
2026-08-11T22:50:15Z	SR2CUR	5311	nordkap	23331	B	T	core_destroyed	187
2026-08-11T22:50:19Z	SR2CUR	5312	antler	23332	A	C	core_destroyed	544
2026-08-11T22:50:20Z	SR2CUR	5313	antler	23332	B	T	core_destroyed	191
2026-08-11T22:50:23Z	SR2CUR	5314	atoll	23332	A	T	core_destroyed	349
2026-08-11T22:50:25Z	SR2CUR	5315	atoll	23332	B	C	core_destroyed	216
2026-08-11T22:50:28Z	SR2CUR	5316	drumlin	23332	A	T	core_destroyed	261
2026-08-11T22:50:31Z	SR2CUR	5317	drumlin	23332	B	C	core_destroyed	202
2026-08-11T22:50:32Z	SR2CUR	5318	fjordgate	23332	A	C	core_destroyed	92
2026-08-11T22:50:33Z	SR2CUR	5319	fjordgate	23332	B	T	core_destroyed	146
2026-08-11T22:50:35Z	SR2CUR	5320	heart	23332	A	T	core_destroyed	155
2026-08-11T22:50:39Z	SR2CUR	5321	heart	23332	B	T	core_destroyed	245
2026-08-11T22:50:41Z	SR2CUR	5322	hive	23332	A	T	core_destroyed	101
2026-08-11T22:50:43Z	SR2CUR	5323	hive	23332	B	C	core_destroyed	157
2026-08-11T22:50:44Z	SR2CUR	5324	meander	23332	A	T	core_destroyed	99
2026-08-11T22:50:46Z	SR2CUR	5325	meander	23332	B	T	core_destroyed	140
2026-08-11T22:50:50Z	SR2CUR	5326	nordkap	23332	A	T	core_destroyed	402
2026-08-11T22:50:52Z	SR2CUR	5327	nordkap	23332	B	C	core_destroyed	515
2026-08-11T22:50:54Z	SR2CUR	5328	antler	23333	A	T	core_destroyed	221
2026-08-11T22:50:56Z	SR2CUR	5329	antler	23333	B	T	core_destroyed	160
2026-08-11T22:50:59Z	SR2CUR	5330	atoll	23333	A	T	core_destroyed	341
2026-08-11T22:51:01Z	SR2CUR	5331	atoll	23333	B	C	core_destroyed	441
2026-08-11T22:51:07Z	SR2CUR	5332	drumlin	23333	A	C	core_destroyed	323
2026-08-11T22:51:11Z	SR2CUR	5333	drumlin	23333	B	C	core_destroyed	302
2026-08-11T22:51:13Z	SR2CUR	5334	fjordgate	23333	A	T	core_destroyed	132
2026-08-11T22:51:14Z	SR2CUR	5335	fjordgate	23333	B	C	core_destroyed	124
2026-08-11T22:51:19Z	SR2CUR	5336	heart	23333	A	T	core_destroyed	231
2026-08-11T22:51:23Z	SR2CUR	5337	heart	23333	B	C	core_destroyed	237
2026-08-11T22:51:27Z	SR2CUR	5338	hive	23333	A	T	core_destroyed	215
2026-08-11T22:51:30Z	SR2CUR	5339	hive	23333	B	C	core_destroyed	241
2026-08-11T22:51:32Z	SR2CUR	5340	meander	23333	A	T	core_destroyed	138
2026-08-11T22:51:34Z	SR2CUR	5341	meander	23333	B	T	core_destroyed	138
2026-08-11T22:51:38Z	SR2CUR	5342	nordkap	23333	A	C	core_destroyed	354
2026-08-11T22:51:44Z	SR2CUR	5343	nordkap	23333	B	T	core_destroyed	582
2026-08-11T22:51:46Z	SR2CUR	5344	antler	23334	A	T	core_destroyed	194
2026-08-11T22:51:48Z	SR2CUR	5345	antler	23334	B	C	core_destroyed	174
2026-08-11T22:51:49Z	SR2CUR	5346	atoll	23334	A	T	core_destroyed	148
2026-08-11T22:51:52Z	SR2CUR	5347	atoll	23334	B	T	core_destroyed	212
2026-08-11T22:51:57Z	SR2CUR	5348	drumlin	23334	A	C	core_destroyed	334
2026-08-11T22:51:59Z	SR2CUR	5349	drumlin	23334	B	T	core_destroyed	114
2026-08-11T22:52:01Z	SR2CUR	5350	fjordgate	23334	A	T	core_destroyed	214
2026-08-11T22:52:02Z	SR2CUR	5351	fjordgate	23334	B	C	core_destroyed	339
2026-08-11T22:52:06Z	SR2CUR	5352	heart	23334	A	C	core_destroyed	244
2026-08-11T22:52:10Z	SR2CUR	5353	heart	23334	B	C	core_destroyed	298
2026-08-11T22:52:17Z	SR2CUR	5354	hive	23334	A	C	core_destroyed	483
2026-08-11T22:52:21Z	SR2CUR	5355	hive	23334	B	T	core_destroyed	247
2026-08-11T22:52:23Z	SR2CUR	5356	meander	23334	A	T	core_destroyed	215
2026-08-11T22:52:25Z	SR2CUR	5357	meander	23334	B	C	core_destroyed	156
2026-08-11T22:52:27Z	SR2CUR	5358	nordkap	23334	A	C	core_destroyed	623
2026-08-11T22:52:28Z	SR2CUR	5359	nordkap	23334	B	C	core_destroyed	517
2026-08-11T22:52:30Z	SR2CUR	5360	antler	23335	A	T	core_destroyed	157
2026-08-11T22:52:33Z	SR2CUR	5361	antler	23335	B	T	core_destroyed	372
2026-08-11T22:52:36Z	SR2CUR	5362	atoll	23335	A	T	core_destroyed	314
2026-08-11T22:52:37Z	SR2CUR	5363	atoll	23335	B	T	core_destroyed	113
2026-08-11T22:52:41Z	SR2CUR	5364	drumlin	23335	A	T	core_destroyed	293
2026-08-11T22:52:46Z	SR2CUR	5365	drumlin	23335	B	T	core_destroyed	362
2026-08-11T22:52:48Z	SR2CUR	5366	fjordgate	23335	A	T	core_destroyed	152
2026-08-11T22:52:49Z	SR2CUR	5367	fjordgate	23335	B	T	core_destroyed	217
2026-08-11T22:52:52Z	SR2CUR	5368	heart	23335	A	C	core_destroyed	186
2026-08-11T22:53:01Z	SR2CUR	5369	heart	23335	B	C	tiebreak	1000
2026-08-11T22:53:03Z	SR2CUR	5370	hive	23335	A	T	core_destroyed	172
2026-08-11T22:53:05Z	SR2CUR	5371	hive	23335	B	C	core_destroyed	228
2026-08-11T22:53:08Z	SR2CUR	5372	meander	23335	A	C	core_destroyed	247
2026-08-11T22:53:10Z	SR2CUR	5373	meander	23335	B	T	tiebreak	1000
2026-08-11T22:53:13Z	SR2CUR	5374	nordkap	23335	A	C	core_destroyed	235
2026-08-11T22:53:16Z	SR2CUR	5375	nordkap	23335	B	T	core_destroyed	349
2026-08-11T22:53:18Z	SR2CUR	5376	antler	23336	A	T	core_destroyed	186
2026-08-11T22:53:21Z	SR2CUR	5377	antler	23336	B	C	core_destroyed	370
2026-08-11T22:53:23Z	SR2CUR	5378	atoll	23336	A	C	core_destroyed	265
2026-08-11T22:53:25Z	SR2CUR	5379	atoll	23336	B	T	core_destroyed	209
2026-08-11T22:53:28Z	SR2CUR	5380	drumlin	23336	A	T	core_destroyed	227
2026-08-11T22:53:29Z	SR2CUR	5381	drumlin	23336	B	T	core_destroyed	110
2026-08-11T22:53:30Z	SR2CUR	5382	fjordgate	23336	A	C	core_destroyed	114
2026-08-11T22:53:32Z	SR2CUR	5383	fjordgate	23336	B	T	core_destroyed	185
2026-08-11T22:53:34Z	SR2CUR	5384	heart	23336	A	T	core_destroyed	167
2026-08-11T22:53:39Z	SR2CUR	5385	heart	23336	B	C	core_destroyed	284
2026-08-11T22:53:45Z	SR2CUR	5386	hive	23336	A	T	core_destroyed	306
2026-08-11T22:53:47Z	SR2CUR	5387	hive	23336	B	C	core_destroyed	230
2026-08-11T22:53:58Z	SR2CUR	5388	meander	23336	A	C	tiebreak	1000
2026-08-11T22:53:59Z	SR2CUR	5389	meander	23336	B	T	core_destroyed	173
2026-08-11T22:54:01Z	SR2CUR	5390	nordkap	23336	A	C	core_destroyed	207
2026-08-11T22:54:03Z	SR2CUR	5391	nordkap	23336	B	C	core_destroyed	183
2026-08-11T22:54:04Z	SR2CUR	5392	antler	23337	A	C	core_destroyed	166
2026-08-11T22:54:06Z	SR2CUR	5393	antler	23337	B	C	core_destroyed	134
2026-08-11T22:54:11Z	SR2CUR	5394	atoll	23337	A	C	core_destroyed	424
2026-08-11T22:54:14Z	SR2CUR	5395	atoll	23337	B	T	core_destroyed	265
2026-08-11T22:54:22Z	SR2CUR	5396	drumlin	23337	A	C	core_destroyed	520
2026-08-11T22:54:25Z	SR2CUR	5397	drumlin	23337	B	T	core_destroyed	254
2026-08-11T22:54:27Z	SR2CUR	5398	fjordgate	23337	A	T	core_destroyed	194
2026-08-11T22:54:28Z	SR2CUR	5399	fjordgate	23337	B	C	tiebreak	136
2026-08-11T22:54:31Z	SR2CUR	5400	heart	23337	A	T	core_destroyed	157
2026-08-11T22:54:39Z	SR2CUR	5401	heart	23337	B	T	core_destroyed	559
2026-08-11T22:54:41Z	SR2CUR	5402	hive	23337	A	T	core_destroyed	258
2026-08-11T22:54:43Z	SR2CUR	5403	hive	23337	B	C	core_destroyed	171
2026-08-11T22:54:46Z	SR2CUR	5404	meander	23337	A	C	core_destroyed	225
2026-08-11T22:54:48Z	SR2CUR	5405	meander	23337	B	T	core_destroyed	276
2026-08-11T22:54:49Z	SR2CUR	5406	nordkap	23337	A	T	core_destroyed	165
2026-08-11T22:54:50Z	SR2CUR	5407	nordkap	23337	B	T	core_destroyed	146
