ts	shard	game	map	seed	seat	winner	cond	turns
2026-08-13T14:11:34Z	STANDOFF	0	antler	224000	A	T	core_destroyed	629
2026-08-13T14:11:38Z	STANDOFF	1	antler	224000	B	T	tiebreak	1000
2026-08-13T14:11:41Z	STANDOFF	2	archipelago	224000	A	T	core_destroyed	143
2026-08-13T14:11:42Z	STANDOFF	3	archipelago	224000	B	C	core_destroyed	88
2026-08-13T14:11:44Z	STANDOFF	4	auroraveil	224000	A	C	core_destroyed	148
2026-08-13T14:11:46Z	STANDOFF	5	auroraveil	224000	B	T	core_destroyed	545
2026-08-13T14:11:50Z	STANDOFF	6	drakkarfjord	224000	A	T	core_destroyed	305
2026-08-13T14:11:56Z	STANDOFF	7	drakkarfjord	224000	B	T	core_destroyed	499
2026-08-13T14:12:01Z	STANDOFF	8	drumlin	224000	A	T	core_destroyed	592
2026-08-13T14:12:04Z	STANDOFF	9	drumlin	224000	B	C	core_destroyed	309
2026-08-13T14:12:07Z	STANDOFF	10	fjordgate	224000	A	C	tiebreak	1000
2026-08-13T14:12:09Z	STANDOFF	11	fjordgate	224000	B	T	core_destroyed	479
2026-08-13T14:12:10Z	STANDOFF	12	frostgate	224000	A	C	core_destroyed	166
2026-08-13T14:12:12Z	STANDOFF	13	frostgate	224000	B	T	core_destroyed	281
2026-08-13T14:12:15Z	STANDOFF	14	glacierkeep	224000	A	T	core_destroyed	243
2026-08-13T14:12:20Z	STANDOFF	15	glacierkeep	224000	B	C	tiebreak	1000
2026-08-13T14:12:22Z	STANDOFF	16	icefloe	224000	A	T	core_destroyed	92
2026-08-13T14:12:27Z	STANDOFF	17	icefloe	224000	B	T	core_destroyed	695
2026-08-13T14:12:29Z	STANDOFF	18	midgard	224000	A	C	core_destroyed	89
2026-08-13T14:12:32Z	STANDOFF	19	midgard	224000	B	T	core_destroyed	161
2026-08-13T14:12:36Z	STANDOFF	20	nordkap	224000	A	C	core_destroyed	527
2026-08-13T14:12:44Z	STANDOFF	21	nordkap	224000	B	T	tiebreak	1000
2026-08-13T14:12:47Z	STANDOFF	22	ragnarok	224000	A	T	core_destroyed	138
2026-08-13T14:13:25Z	STANDOFF	23	ragnarok	224000	B	C	tiebreak	1000
2026-08-13T14:13:26Z	STANDOFF	24	royale	224000	A	T	core_destroyed	208
2026-08-13T14:13:28Z	STANDOFF	25	royale	224000	B	T	core_destroyed	192
2026-08-13T14:13:54Z	STANDOFF	26	valkyrie	224000	A	C	tiebreak	1000
2026-08-13T14:13:56Z	STANDOFF	27	valkyrie	224000	B	T	core_destroyed	83
2026-08-13T14:13:58Z	STANDOFF	28	yulerune	224000	A	T	core_destroyed	328
2026-08-13T14:14:00Z	STANDOFF	29	yulerune	224000	B	T	core_destroyed	159
2026-08-13T14:14:02Z	STANDOFF	30	antler	224001	A	T	core_destroyed	230
2026-08-13T14:14:04Z	STANDOFF	31	antler	224001	B	C	core_destroyed	344
2026-08-13T14:14:06Z	STANDOFF	32	archipelago	224001	A	C	core_destroyed	75
2026-08-13T14:14:08Z	STANDOFF	33	archipelago	224001	B	T	core_destroyed	126
2026-08-13T14:14:10Z	STANDOFF	34	auroraveil	224001	A	C	core_destroyed	160
2026-08-13T14:14:12Z	STANDOFF	35	auroraveil	224001	B	C	core_destroyed	267
2026-08-13T14:14:16Z	STANDOFF	36	drakkarfjord	224001	A	T	core_destroyed	244
2026-08-13T14:14:25Z	STANDOFF	37	drakkarfjord	224001	B	C	core_destroyed	492
2026-08-13T14:14:28Z	STANDOFF	38	drumlin	224001	A	C	core_destroyed	329
2026-08-13T14:14:31Z	STANDOFF	39	drumlin	224001	B	C	core_destroyed	240
2026-08-13T14:14:32Z	STANDOFF	40	fjordgate	224001	A	T	core_destroyed	118
2026-08-13T14:14:34Z	STANDOFF	41	fjordgate	224001	B	C	core_destroyed	184
2026-08-13T14:14:35Z	STANDOFF	42	frostgate	224001	A	T	core_destroyed	289
2026-08-13T14:14:38Z	STANDOFF	43	frostgate	224001	B	C	core_destroyed	291
2026-08-13T14:14:45Z	STANDOFF	44	glacierkeep	224001	A	C	tiebreak	1000
2026-08-13T14:14:50Z	STANDOFF	45	glacierkeep	224001	B	T	core_destroyed	461
2026-08-13T14:14:55Z	STANDOFF	46	icefloe	224001	A	C	core_destroyed	314
2026-08-13T14:14:56Z	STANDOFF	47	icefloe	224001	B	T	core_destroyed	103
2026-08-13T14:15:01Z	STANDOFF	48	midgard	224001	A	T	core_destroyed	202
2026-08-13T14:15:04Z	STANDOFF	49	midgard	224001	B	T	core_destroyed	121
2026-08-13T14:15:06Z	STANDOFF	50	nordkap	224001	A	T	core_destroyed	793
2026-08-13T14:15:08Z	STANDOFF	51	nordkap	224001	B	C	core_destroyed	777
2026-08-13T14:15:11Z	STANDOFF	52	ragnarok	224001	A	T	core_destroyed	136
2026-08-13T14:15:13Z	STANDOFF	53	ragnarok	224001	B	T	core_destroyed	365
2026-08-13T14:15:15Z	STANDOFF	54	royale	224001	A	T	core_destroyed	236
2026-08-13T14:15:16Z	STANDOFF	55	royale	224001	B	T	core_destroyed	207
2026-08-13T14:15:18Z	STANDOFF	56	valkyrie	224001	A	C	core_destroyed	97
2026-08-13T14:15:22Z	STANDOFF	57	valkyrie	224001	B	C	tiebreak	1000
2026-08-13T14:15:25Z	STANDOFF	58	yulerune	224001	A	C	core_destroyed	209
2026-08-13T14:15:28Z	STANDOFF	59	yulerune	224001	B	C	core_destroyed	225
2026-08-13T14:15:32Z	STANDOFF	60	antler	224002	A	T	core_destroyed	369
2026-08-13T14:15:34Z	STANDOFF	61	antler	224002	B	T	core_destroyed	174
2026-08-13T14:15:36Z	STANDOFF	62	archipelago	224002	A	C	core_destroyed	100
2026-08-13T14:15:38Z	STANDOFF	63	archipelago	224002	B	T	core_destroyed	87
2026-08-13T14:15:40Z	STANDOFF	64	auroraveil	224002	A	C	core_destroyed	165
2026-08-13T14:15:44Z	STANDOFF	65	auroraveil	224002	B	C	core_destroyed	470
2026-08-13T14:15:46Z	STANDOFF	66	drakkarfjord	224002	A	C	core_destroyed	137
2026-08-13T14:15:49Z	STANDOFF	67	drakkarfjord	224002	B	T	core_destroyed	293
2026-08-13T14:15:51Z	STANDOFF	68	drumlin	224002	A	T	core_destroyed	192
2026-08-13T14:15:57Z	STANDOFF	69	drumlin	224002	B	C	core_destroyed	476
2026-08-13T14:15:58Z	STANDOFF	70	fjordgate	224002	A	T	core_destroyed	444
2026-08-13T14:16:00Z	STANDOFF	71	fjordgate	224002	B	C	core_destroyed	179
2026-08-13T14:16:02Z	STANDOFF	72	frostgate	224002	A	T	core_destroyed	341
2026-08-13T14:16:04Z	STANDOFF	73	frostgate	224002	B	C	core_destroyed	149
2026-08-13T14:16:06Z	STANDOFF	74	glacierkeep	224002	A	C	core_destroyed	598
2026-08-13T14:16:09Z	STANDOFF	75	glacierkeep	224002	B	C	core_destroyed	393
2026-08-13T14:16:13Z	STANDOFF	76	icefloe	224002	A	T	core_destroyed	497
2026-08-13T14:16:20Z	STANDOFF	77	icefloe	224002	B	T	core_destroyed	423
2026-08-13T14:16:23Z	STANDOFF	78	midgard	224002	A	C	core_destroyed	134
2026-08-13T14:16:30Z	STANDOFF	79	midgard	224002	B	T	core_destroyed	376
2026-08-13T14:16:32Z	STANDOFF	80	nordkap	224002	A	C	core_destroyed	512
2026-08-13T14:16:33Z	STANDOFF	81	nordkap	224002	B	C	core_destroyed	187
2026-08-13T14:16:37Z	STANDOFF	82	ragnarok	224002	A	T	core_destroyed	277
2026-08-13T14:16:40Z	STANDOFF	83	ragnarok	224002	B	C	core_destroyed	213
2026-08-13T14:16:42Z	STANDOFF	84	royale	224002	A	T	core_destroyed	287
2026-08-13T14:16:44Z	STANDOFF	85	royale	224002	B	T	core_destroyed	204
2026-08-13T14:16:49Z	STANDOFF	86	valkyrie	224002	A	C	core_destroyed	313
2026-08-13T14:16:52Z	STANDOFF	87	valkyrie	224002	B	T	core_destroyed	145
2026-08-13T14:16:54Z	STANDOFF	88	yulerune	224002	A	C	core_destroyed	173
2026-08-13T14:16:57Z	STANDOFF	89	yulerune	224002	B	T	core_destroyed	325
2026-08-13T14:16:59Z	STANDOFF	90	antler	224003	A	C	core_destroyed	191
2026-08-13T14:17:01Z	STANDOFF	91	antler	224003	B	C	core_destroyed	185
2026-08-13T14:17:02Z	STANDOFF	92	archipelago	224003	A	C	core_destroyed	97
2026-08-13T14:17:05Z	STANDOFF	93	archipelago	224003	B	C	core_destroyed	149
2026-08-13T14:17:07Z	STANDOFF	94	auroraveil	224003	A	T	core_destroyed	223
2026-08-13T14:17:09Z	STANDOFF	95	auroraveil	224003	B	C	core_destroyed	221
2026-08-13T14:17:24Z	STANDOFF	96	drakkarfjord	224003	A	T	tiebreak	1000
2026-08-13T14:17:26Z	STANDOFF	97	drakkarfjord	224003	B	C	core_destroyed	261
2026-08-13T14:17:29Z	STANDOFF	98	drumlin	224003	A	T	core_destroyed	187
2026-08-13T14:17:34Z	STANDOFF	99	drumlin	224003	B	T	core_destroyed	448
2026-08-13T14:17:36Z	STANDOFF	100	fjordgate	224003	A	T	core_destroyed	176
2026-08-13T14:17:37Z	STANDOFF	101	fjordgate	224003	B	C	core_destroyed	194
2026-08-13T14:17:39Z	STANDOFF	102	frostgate	224003	A	C	core_destroyed	393
2026-08-13T14:17:40Z	STANDOFF	103	frostgate	224003	B	C	core_destroyed	114
2026-08-13T14:17:43Z	STANDOFF	104	glacierkeep	224003	A	T	core_destroyed	193
2026-08-13T14:17:44Z	STANDOFF	105	glacierkeep	224003	B	C	core_destroyed	260
2026-08-13T14:17:48Z	STANDOFF	106	icefloe	224003	A	C	core_destroyed	398
2026-08-13T14:17:51Z	STANDOFF	107	icefloe	224003	B	C	core_destroyed	199
2026-08-13T14:17:53Z	STANDOFF	108	midgard	224003	A	T	core_destroyed	133
2026-08-13T14:17:56Z	STANDOFF	109	midgard	224003	B	C	core_destroyed	78
2026-08-13T14:17:57Z	STANDOFF	110	nordkap	224003	A	C	core_destroyed	220
2026-08-13T14:17:59Z	STANDOFF	111	nordkap	224003	B	C	core_destroyed	253
2026-08-13T14:18:02Z	STANDOFF	112	ragnarok	224003	A	C	core_destroyed	168
2026-08-13T14:18:05Z	STANDOFF	113	ragnarok	224003	B	C	core_destroyed	143
2026-08-13T14:18:09Z	STANDOFF	114	royale	224003	A	T	core_destroyed	602
2026-08-13T14:18:10Z	STANDOFF	115	royale	224003	B	C	core_destroyed	356
2026-08-13T14:18:22Z	STANDOFF	116	valkyrie	224003	A	T	core_destroyed	553
2026-08-13T14:18:25Z	STANDOFF	117	valkyrie	224003	B	C	core_destroyed	419
2026-08-13T14:18:27Z	STANDOFF	118	yulerune	224003	A	C	core_destroyed	166
2026-08-13T14:18:28Z	STANDOFF	119	yulerune	224003	B	T	core_destroyed	120
2026-08-13T14:18:30Z	STANDOFF	120	antler	224004	A	C	core_destroyed	350
2026-08-13T14:18:31Z	STANDOFF	121	antler	224004	B	T	core_destroyed	205
2026-08-13T14:18:33Z	STANDOFF	122	archipelago	224004	A	C	core_destroyed	122
2026-08-13T14:18:36Z	STANDOFF	123	archipelago	224004	B	C	core_destroyed	175
2026-08-13T14:18:37Z	STANDOFF	124	auroraveil	224004	A	T	core_destroyed	147
2026-08-13T14:18:40Z	STANDOFF	125	auroraveil	224004	B	C	core_destroyed	371
2026-08-13T14:18:54Z	STANDOFF	126	drakkarfjord	224004	A	C	tiebreak	1000
2026-08-13T14:18:56Z	STANDOFF	127	drakkarfjord	224004	B	C	core_destroyed	108
2026-08-13T14:19:00Z	STANDOFF	128	drumlin	224004	A	T	core_destroyed	250
2026-08-13T14:19:03Z	STANDOFF	129	drumlin	224004	B	C	core_destroyed	265
2026-08-13T14:19:05Z	STANDOFF	130	fjordgate	224004	A	T	core_destroyed	194
2026-08-13T14:19:06Z	STANDOFF	131	fjordgate	224004	B	C	core_destroyed	131
2026-08-13T14:19:08Z	STANDOFF	132	frostgate	224004	A	C	core_destroyed	409
2026-08-13T14:19:10Z	STANDOFF	133	frostgate	224004	B	T	core_destroyed	237
2026-08-13T14:19:13Z	STANDOFF	134	glacierkeep	224004	A	T	core_destroyed	205
2026-08-13T14:19:18Z	STANDOFF	135	glacierkeep	224004	B	T	tiebreak	1000
2026-08-13T14:19:21Z	STANDOFF	136	icefloe	224004	A	T	core_destroyed	216
2026-08-13T14:19:22Z	STANDOFF	137	icefloe	224004	B	T	core_destroyed	114
2026-08-13T14:19:26Z	STANDOFF	138	midgard	224004	A	T	core_destroyed	155
2026-08-13T14:19:29Z	STANDOFF	139	midgard	224004	B	C	core_destroyed	155
2026-08-13T14:19:32Z	STANDOFF	140	nordkap	224004	A	C	core_destroyed	228
2026-08-13T14:19:33Z	STANDOFF	141	nordkap	224004	B	C	core_destroyed	180
2026-08-13T14:19:36Z	STANDOFF	142	ragnarok	224004	A	C	core_destroyed	220
2026-08-13T14:19:40Z	STANDOFF	143	ragnarok	224004	B	T	core_destroyed	169
2026-08-13T14:19:41Z	STANDOFF	144	royale	224004	A	C	core_destroyed	134
2026-08-13T14:19:42Z	STANDOFF	145	royale	224004	B	T	core_destroyed	116
2026-08-13T14:19:45Z	STANDOFF	146	valkyrie	224004	A	C	core_destroyed	169
2026-08-13T14:19:48Z	STANDOFF	147	valkyrie	224004	B	C	core_destroyed	194
2026-08-13T14:19:51Z	STANDOFF	148	yulerune	224004	A	T	core_destroyed	517
2026-08-13T14:19:53Z	STANDOFF	149	yulerune	224004	B	C	core_destroyed	128
2026-08-13T14:19:57Z	STANDOFF	150	antler	224005	A	T	core_destroyed	397
2026-08-13T14:19:59Z	STANDOFF	151	antler	224005	B	T	core_destroyed	225
2026-08-13T14:20:03Z	STANDOFF	152	archipelago	224005	A	T	core_destroyed	246
2026-08-13T14:20:06Z	STANDOFF	153	archipelago	224005	B	T	core_destroyed	171
2026-08-13T14:20:08Z	STANDOFF	154	auroraveil	224005	A	T	core_destroyed	179
2026-08-13T14:20:11Z	STANDOFF	155	auroraveil	224005	B	C	tiebreak	1000
2026-08-13T14:20:15Z	STANDOFF	156	drakkarfjord	224005	A	C	core_destroyed	344
2026-08-13T14:20:19Z	STANDOFF	157	drakkarfjord	224005	B	C	core_destroyed	237
2026-08-13T14:20:24Z	STANDOFF	158	drumlin	224005	A	T	core_destroyed	564
2026-08-13T14:20:28Z	STANDOFF	159	drumlin	224005	B	C	core_destroyed	360
2026-08-13T14:20:29Z	STANDOFF	160	fjordgate	224005	A	C	core_destroyed	128
2026-08-13T14:20:30Z	STANDOFF	161	fjordgate	224005	B	T	core_destroyed	180
2026-08-13T14:20:31Z	STANDOFF	162	frostgate	224005	A	C	core_destroyed	96
2026-08-13T14:20:34Z	STANDOFF	163	frostgate	224005	B	T	core_destroyed	173
2026-08-13T14:20:51Z	STANDOFF	164	glacierkeep	224005	A	C	core_destroyed	868
2026-08-13T14:20:53Z	STANDOFF	165	glacierkeep	224005	B	C	core_destroyed	133
2026-08-13T14:20:55Z	STANDOFF	166	icefloe	224005	A	C	core_destroyed	131
2026-08-13T14:20:57Z	STANDOFF	167	icefloe	224005	B	C	core_destroyed	171
2026-08-13T14:21:00Z	STANDOFF	168	midgard	224005	A	C	core_destroyed	95
2026-08-13T14:21:08Z	STANDOFF	169	midgard	224005	B	C	core_destroyed	311
2026-08-13T14:21:11Z	STANDOFF	170	nordkap	224005	A	C	core_destroyed	521
2026-08-13T14:21:13Z	STANDOFF	171	nordkap	224005	B	C	core_destroyed	200
2026-08-13T14:21:18Z	STANDOFF	172	ragnarok	224005	A	T	core_destroyed	203
2026-08-13T14:21:20Z	STANDOFF	173	ragnarok	224005	B	C	core_destroyed	115
2026-08-13T14:21:21Z	STANDOFF	174	royale	224005	A	C	core_destroyed	124
2026-08-13T14:21:24Z	STANDOFF	175	royale	224005	B	T	core_destroyed	384
2026-08-13T14:21:29Z	STANDOFF	176	valkyrie	224005	A	T	core_destroyed	252
2026-08-13T14:21:35Z	STANDOFF	177	valkyrie	224005	B	C	core_destroyed	368
2026-08-13T14:21:38Z	STANDOFF	178	yulerune	224005	A	T	core_destroyed	287
2026-08-13T14:21:40Z	STANDOFF	179	yulerune	224005	B	C	core_destroyed	158
2026-08-13T14:21:42Z	STANDOFF	180	antler	224006	A	C	core_destroyed	217
2026-08-13T14:21:43Z	STANDOFF	181	antler	224006	B	C	core_destroyed	171
2026-08-13T14:21:46Z	STANDOFF	182	archipelago	224006	A	C	core_destroyed	146
2026-08-13T14:21:49Z	STANDOFF	183	archipelago	224006	B	C	core_destroyed	170
2026-08-13T14:21:55Z	STANDOFF	184	auroraveil	224006	A	C	core_destroyed	897
2026-08-13T14:21:56Z	STANDOFF	185	auroraveil	224006	B	T	core_destroyed	369
2026-08-13T14:22:00Z	STANDOFF	186	drakkarfjord	224006	A	C	core_destroyed	307
2026-08-13T14:22:05Z	STANDOFF	187	drakkarfjord	224006	B	C	core_destroyed	311
2026-08-13T14:22:07Z	STANDOFF	188	drumlin	224006	A	T	core_destroyed	115
2026-08-13T14:22:09Z	STANDOFF	189	drumlin	224006	B	T	core_destroyed	193
2026-08-13T14:22:10Z	STANDOFF	190	fjordgate	224006	A	T	core_destroyed	454
2026-08-13T14:22:12Z	STANDOFF	191	fjordgate	224006	B	C	core_destroyed	142
2026-08-13T14:22:14Z	STANDOFF	192	frostgate	224006	A	T	core_destroyed	221
2026-08-13T14:22:16Z	STANDOFF	193	frostgate	224006	B	T	core_destroyed	201
2026-08-13T14:22:17Z	STANDOFF	194	glacierkeep	224006	A	T	core_destroyed	138
2026-08-13T14:22:20Z	STANDOFF	195	glacierkeep	224006	B	C	core_destroyed	343
2026-08-13T14:22:24Z	STANDOFF	196	icefloe	224006	A	T	core_destroyed	364
2026-08-13T14:22:28Z	STANDOFF	197	icefloe	224006	B	T	core_destroyed	294
2026-08-13T14:22:30Z	STANDOFF	198	midgard	224006	A	T	core_destroyed	165
2026-08-13T14:22:33Z	STANDOFF	199	midgard	224006	B	T	core_destroyed	103
2026-08-13T14:22:35Z	STANDOFF	200	nordkap	224006	A	T	core_destroyed	146
2026-08-13T14:22:37Z	STANDOFF	201	nordkap	224006	B	T	core_destroyed	185
2026-08-13T14:22:45Z	STANDOFF	202	ragnarok	224006	A	C	core_destroyed	375
2026-08-13T14:22:49Z	STANDOFF	203	ragnarok	224006	B	C	core_destroyed	162
2026-08-13T14:22:51Z	STANDOFF	204	royale	224006	A	T	tiebreak	1000
2026-08-13T14:22:55Z	STANDOFF	205	royale	224006	B	C	tiebreak	1000
2026-08-13T14:23:18Z	STANDOFF	206	valkyrie	224006	A	C	tiebreak	1000
2026-08-13T14:23:22Z	STANDOFF	207	valkyrie	224006	B	T	core_destroyed	420
2026-08-13T14:23:24Z	STANDOFF	208	yulerune	224006	A	C	core_destroyed	104
2026-08-13T14:23:27Z	STANDOFF	209	yulerune	224006	B	C	core_destroyed	226
2026-08-13T14:23:31Z	STANDOFF	210	antler	224007	A	C	core_destroyed	498
2026-08-13T14:23:33Z	STANDOFF	211	antler	224007	B	T	core_destroyed	340
2026-08-13T14:23:37Z	STANDOFF	212	archipelago	224007	A	C	core_destroyed	251
2026-08-13T14:23:40Z	STANDOFF	213	archipelago	224007	B	T	core_destroyed	127
2026-08-13T14:23:41Z	STANDOFF	214	auroraveil	224007	A	T	core_destroyed	139
2026-08-13T14:23:43Z	STANDOFF	215	auroraveil	224007	B	C	core_destroyed	241
2026-08-13T14:23:51Z	STANDOFF	216	drakkarfjord	224007	A	C	core_destroyed	461
2026-08-13T14:23:57Z	STANDOFF	217	drakkarfjord	224007	B	T	core_destroyed	450
2026-08-13T14:24:01Z	STANDOFF	218	drumlin	224007	A	T	core_destroyed	432
2026-08-13T14:24:03Z	STANDOFF	219	drumlin	224007	B	C	core_destroyed	116
2026-08-13T14:24:04Z	STANDOFF	220	fjordgate	224007	A	T	core_destroyed	176
2026-08-13T14:24:06Z	STANDOFF	221	fjordgate	224007	B	T	core_destroyed	499
2026-08-13T14:24:09Z	STANDOFF	222	frostgate	224007	A	T	core_destroyed	418
2026-08-13T14:24:11Z	STANDOFF	223	frostgate	224007	B	T	core_destroyed	917
2026-08-13T14:24:13Z	STANDOFF	224	glacierkeep	224007	A	T	core_destroyed	214
2026-08-13T14:24:22Z	STANDOFF	225	glacierkeep	224007	B	T	tiebreak	1000
2026-08-13T14:24:25Z	STANDOFF	226	icefloe	224007	A	T	core_destroyed	273
2026-08-13T14:24:27Z	STANDOFF	227	icefloe	224007	B	T	core_destroyed	188
2026-08-13T14:24:30Z	STANDOFF	228	midgard	224007	A	C	core_destroyed	133
2026-08-13T14:24:32Z	STANDOFF	229	midgard	224007	B	T	core_destroyed	95
2026-08-13T14:24:34Z	STANDOFF	230	nordkap	224007	A	C	core_destroyed	121
2026-08-13T14:24:36Z	STANDOFF	231	nordkap	224007	B	T	core_destroyed	299
2026-08-13T14:24:40Z	STANDOFF	232	ragnarok	224007	A	C	core_destroyed	138
2026-08-13T14:24:47Z	STANDOFF	233	ragnarok	224007	B	T	core_destroyed	241
2026-08-13T14:24:52Z	STANDOFF	234	royale	224007	A	C	tiebreak	1000
2026-08-13T14:24:54Z	STANDOFF	235	royale	224007	B	C	core_destroyed	505
2026-08-13T14:24:55Z	STANDOFF	236	valkyrie	224007	A	T	core_destroyed	101
2026-08-13T14:25:01Z	STANDOFF	237	valkyrie	224007	B	T	core_destroyed	293
2026-08-13T14:25:03Z	STANDOFF	238	yulerune	224007	A	C	core_destroyed	157
2026-08-13T14:25:04Z	STANDOFF	239	yulerune	224007	B	C	core_destroyed	125
2026-08-13T14:25:06Z	STANDOFF	240	antler	224008	A	T	core_destroyed	140
2026-08-13T14:25:07Z	STANDOFF	241	antler	224008	B	C	core_destroyed	228
2026-08-13T14:25:10Z	STANDOFF	242	archipelago	224008	A	C	core_destroyed	159
2026-08-13T14:25:14Z	STANDOFF	243	archipelago	224008	B	C	core_destroyed	247
2026-08-13T14:25:17Z	STANDOFF	244	auroraveil	224008	A	T	core_destroyed	312
2026-08-13T14:25:21Z	STANDOFF	245	auroraveil	224008	B	T	core_destroyed	452
2026-08-13T14:25:23Z	STANDOFF	246	drakkarfjord	224008	A	C	core_destroyed	169
2026-08-13T14:25:27Z	STANDOFF	247	drakkarfjord	224008	B	T	core_destroyed	286
2026-08-13T14:25:30Z	STANDOFF	248	drumlin	224008	A	C	core_destroyed	291
2026-08-13T14:25:44Z	STANDOFF	249	drumlin	224008	B	C	tiebreak	1000
2026-08-13T14:25:45Z	STANDOFF	250	fjordgate	224008	A	C	core_destroyed	161
2026-08-13T14:25:47Z	STANDOFF	251	fjordgate	224008	B	T	core_destroyed	348
2026-08-13T14:25:49Z	STANDOFF	252	frostgate	224008	A	T	core_destroyed	179
2026-08-13T14:25:50Z	STANDOFF	253	frostgate	224008	B	C	core_destroyed	309
2026-08-13T14:25:53Z	STANDOFF	254	glacierkeep	224008	A	T	core_destroyed	471
2026-08-13T14:26:06Z	STANDOFF	255	glacierkeep	224008	B	C	tiebreak	1000
2026-08-13T14:26:08Z	STANDOFF	256	icefloe	224008	A	T	core_destroyed	199
2026-08-13T14:26:12Z	STANDOFF	257	icefloe	224008	B	C	core_destroyed	328
2026-08-13T14:26:14Z	STANDOFF	258	midgard	224008	A	T	core_destroyed	159
2026-08-13T14:26:17Z	STANDOFF	259	midgard	224008	B	T	core_destroyed	83
2026-08-13T14:26:20Z	STANDOFF	260	nordkap	224008	A	T	core_destroyed	323
2026-08-13T14:26:23Z	STANDOFF	261	nordkap	224008	B	T	core_destroyed	297
2026-08-13T14:26:26Z	STANDOFF	262	ragnarok	224008	A	T	core_destroyed	103
2026-08-13T14:26:29Z	STANDOFF	263	ragnarok	224008	B	C	core_destroyed	170
2026-08-13T14:26:30Z	STANDOFF	264	royale	224008	A	C	core_destroyed	152
2026-08-13T14:26:32Z	STANDOFF	265	royale	224008	B	T	core_destroyed	184
2026-08-13T14:26:34Z	STANDOFF	266	valkyrie	224008	A	C	core_destroyed	135
2026-08-13T14:26:37Z	STANDOFF	267	valkyrie	224008	B	T	core_destroyed	290
2026-08-13T14:26:42Z	STANDOFF	268	yulerune	224008	A	C	core_destroyed	376
2026-08-13T14:26:45Z	STANDOFF	269	yulerune	224008	B	T	core_destroyed	261
2026-08-13T14:26:47Z	STANDOFF	270	antler	224009	A	C	core_destroyed	127
2026-08-13T14:26:49Z	STANDOFF	271	antler	224009	B	T	core_destroyed	409
2026-08-13T14:26:51Z	STANDOFF	272	archipelago	224009	A	C	core_destroyed	78
2026-08-13T14:26:53Z	STANDOFF	273	archipelago	224009	B	T	core_destroyed	119
2026-08-13T14:26:54Z	STANDOFF	274	auroraveil	224009	A	C	core_destroyed	151
2026-08-13T14:26:57Z	STANDOFF	275	auroraveil	224009	B	C	core_destroyed	224
2026-08-13T14:27:03Z	STANDOFF	276	drakkarfjord	224009	A	C	tiebreak	1000
2026-08-13T14:27:08Z	STANDOFF	277	drakkarfjord	224009	B	C	core_destroyed	303
2026-08-13T14:27:10Z	STANDOFF	278	drumlin	224009	A	T	core_destroyed	151
2026-08-13T14:27:13Z	STANDOFF	279	drumlin	224009	B	T	core_destroyed	253
2026-08-13T14:27:15Z	STANDOFF	280	fjordgate	224009	A	C	core_destroyed	140
2026-08-13T14:27:17Z	STANDOFF	281	fjordgate	224009	B	C	tiebreak	1000
2026-08-13T14:27:19Z	STANDOFF	282	frostgate	224009	A	C	core_destroyed	266
2026-08-13T14:27:23Z	STANDOFF	283	frostgate	224009	B	C	core_destroyed	601
2026-08-13T14:28:09Z	STANDOFF	284	glacierkeep	224009	A	T	tiebreak	1000
2026-08-13T14:28:13Z	STANDOFF	285	glacierkeep	224009	B	T	core_destroyed	193
2026-08-13T14:28:19Z	STANDOFF	286	icefloe	224009	A	C	tiebreak	1000
2026-08-13T14:28:25Z	STANDOFF	287	icefloe	224009	B	T	core_destroyed	411
2026-08-13T14:28:27Z	STANDOFF	288	midgard	224009	A	C	core_destroyed	82
2026-08-13T14:28:30Z	STANDOFF	289	midgard	224009	B	C	core_destroyed	78
2026-08-13T14:28:31Z	STANDOFF	290	nordkap	224009	A	C	core_destroyed	210
2026-08-13T14:28:34Z	STANDOFF	291	nordkap	224009	B	T	core_destroyed	358
2026-08-13T14:29:17Z	STANDOFF	292	ragnarok	224009	A	T	tiebreak	1000
2026-08-13T14:29:20Z	STANDOFF	293	ragnarok	224009	B	C	core_destroyed	122
2026-08-13T14:29:21Z	STANDOFF	294	royale	224009	A	T	core_destroyed	419
2026-08-13T14:29:23Z	STANDOFF	295	royale	224009	B	T	core_destroyed	88
2026-08-13T14:29:26Z	STANDOFF	296	valkyrie	224009	A	C	core_destroyed	255
2026-08-13T14:29:37Z	STANDOFF	297	valkyrie	224009	B	C	tiebreak	1000
2026-08-13T14:29:39Z	STANDOFF	298	yulerune	224009	A	C	core_destroyed	174
2026-08-13T14:29:41Z	STANDOFF	299	yulerune	224009	B	T	core_destroyed	148
2026-08-13T14:29:43Z	STANDOFF	300	antler	224010	A	C	core_destroyed	506
2026-08-13T14:29:44Z	STANDOFF	301	antler	224010	B	T	core_destroyed	154
2026-08-13T14:29:50Z	STANDOFF	302	archipelago	224010	A	C	core_destroyed	396
2026-08-13T14:29:51Z	STANDOFF	303	archipelago	224010	B	T	core_destroyed	91
2026-08-13T14:29:53Z	STANDOFF	304	auroraveil	224010	A	C	core_destroyed	125
2026-08-13T14:29:55Z	STANDOFF	305	auroraveil	224010	B	C	core_destroyed	159
2026-08-13T14:30:05Z	STANDOFF	306	drakkarfjord	224010	A	T	tiebreak	1000
2026-08-13T14:30:09Z	STANDOFF	307	drakkarfjord	224010	B	T	core_destroyed	188
2026-08-13T14:30:14Z	STANDOFF	308	drumlin	224010	A	C	core_destroyed	340
2026-08-13T14:30:17Z	STANDOFF	309	drumlin	224010	B	C	core_destroyed	174
2026-08-13T14:30:18Z	STANDOFF	310	fjordgate	224010	A	T	core_destroyed	117
2026-08-13T14:30:19Z	STANDOFF	311	fjordgate	224010	B	C	core_destroyed	306
2026-08-13T14:30:21Z	STANDOFF	312	frostgate	224010	A	C	core_destroyed	241
2026-08-13T14:30:23Z	STANDOFF	313	frostgate	224010	B	C	core_destroyed	302
2026-08-13T14:30:31Z	STANDOFF	314	glacierkeep	224010	A	T	core_destroyed	511
2026-08-13T14:30:32Z	STANDOFF	315	glacierkeep	224010	B	C	core_destroyed	121
2026-08-13T14:30:36Z	STANDOFF	316	icefloe	224010	A	T	core_destroyed	327
2026-08-13T14:30:38Z	STANDOFF	317	icefloe	224010	B	C	core_destroyed	120
2026-08-13T14:30:41Z	STANDOFF	318	midgard	224010	A	C	core_destroyed	159
2026-08-13T14:30:45Z	STANDOFF	319	midgard	224010	B	T	core_destroyed	258
2026-08-13T14:30:51Z	STANDOFF	320	nordkap	224010	A	T	tiebreak	1000
2026-08-13T14:30:54Z	STANDOFF	321	nordkap	224010	B	T	core_destroyed	725
2026-08-13T14:30:56Z	STANDOFF	322	ragnarok	224010	A	C	core_destroyed	149
2026-08-13T14:30:59Z	STANDOFF	323	ragnarok	224010	B	C	core_destroyed	127
2026-08-13T14:31:00Z	STANDOFF	324	royale	224010	A	C	core_destroyed	393
2026-08-13T14:31:02Z	STANDOFF	325	royale	224010	B	T	core_destroyed	436
2026-08-13T14:31:04Z	STANDOFF	326	valkyrie	224010	A	T	core_destroyed	113
2026-08-13T14:31:07Z	STANDOFF	327	valkyrie	224010	B	T	core_destroyed	204
2026-08-13T14:31:10Z	STANDOFF	328	yulerune	224010	A	T	core_destroyed	223
2026-08-13T14:31:13Z	STANDOFF	329	yulerune	224010	B	C	core_destroyed	224
2026-08-13T14:31:14Z	STANDOFF	330	antler	224011	A	C	core_destroyed	111
2026-08-13T14:31:16Z	STANDOFF	331	antler	224011	B	C	core_destroyed	135
2026-08-13T14:31:18Z	STANDOFF	332	archipelago	224011	A	T	core_destroyed	171
2026-08-13T14:31:20Z	STANDOFF	333	archipelago	224011	B	T	core_destroyed	102
2026-08-13T14:31:22Z	STANDOFF	334	auroraveil	224011	A	T	core_destroyed	428
2026-08-13T14:31:25Z	STANDOFF	335	auroraveil	224011	B	C	tiebreak	1000
2026-08-13T14:31:38Z	STANDOFF	336	drakkarfjord	224011	A	T	core_destroyed	706
2026-08-13T14:32:01Z	STANDOFF	337	drakkarfjord	224011	B	C	tiebreak	1000
2026-08-13T14:32:06Z	STANDOFF	338	drumlin	224011	A	C	core_destroyed	399
2026-08-13T14:32:08Z	STANDOFF	339	drumlin	224011	B	T	core_destroyed	153
2026-08-13T14:32:10Z	STANDOFF	340	fjordgate	224011	A	T	core_destroyed	513
2026-08-13T14:32:12Z	STANDOFF	341	fjordgate	224011	B	T	core_destroyed	339
2026-08-13T14:32:14Z	STANDOFF	342	frostgate	224011	A	C	core_destroyed	506
2026-08-13T14:32:17Z	STANDOFF	343	frostgate	224011	B	T	tiebreak	1000
2026-08-13T14:32:18Z	STANDOFF	344	glacierkeep	224011	A	T	core_destroyed	129
2026-08-13T14:32:20Z	STANDOFF	345	glacierkeep	224011	B	C	core_destroyed	150
2026-08-13T14:32:22Z	STANDOFF	346	icefloe	224011	A	C	core_destroyed	142
2026-08-13T14:32:24Z	STANDOFF	347	icefloe	224011	B	C	core_destroyed	293
2026-08-13T14:32:27Z	STANDOFF	348	midgard	224011	A	C	core_destroyed	153
2026-08-13T14:32:30Z	STANDOFF	349	midgard	224011	B	T	core_destroyed	121
2026-08-13T14:32:33Z	STANDOFF	350	nordkap	224011	A	T	core_destroyed	289
2026-08-13T14:32:34Z	STANDOFF	351	nordkap	224011	B	C	core_destroyed	140
2026-08-13T14:33:29Z	STANDOFF	352	ragnarok	224011	A	T	tiebreak	1000
2026-08-13T14:33:33Z	STANDOFF	353	ragnarok	224011	B	T	core_destroyed	218
2026-08-13T14:33:35Z	STANDOFF	354	royale	224011	A	C	tiebreak	1000
2026-08-13T14:33:38Z	STANDOFF	355	royale	224011	B	T	core_destroyed	363
2026-08-13T14:33:39Z	STANDOFF	356	valkyrie	224011	A	C	core_destroyed	110
2026-08-13T14:33:42Z	STANDOFF	357	valkyrie	224011	B	C	core_destroyed	172
2026-08-13T14:33:46Z	STANDOFF	358	yulerune	224011	A	T	core_destroyed	289
2026-08-13T14:33:48Z	STANDOFF	359	yulerune	224011	B	C	core_destroyed	288
2026-08-13T14:33:50Z	STANDOFF	360	antler	224012	A	C	core_destroyed	318
2026-08-13T14:33:51Z	STANDOFF	361	antler	224012	B	T	core_destroyed	230
2026-08-13T14:33:56Z	STANDOFF	362	archipelago	224012	A	T	core_destroyed	286
2026-08-13T14:33:58Z	STANDOFF	363	archipelago	224012	B	T	core_destroyed	373
2026-08-13T14:34:02Z	STANDOFF	364	auroraveil	224012	A	C	core_destroyed	816
2026-08-13T14:34:03Z	STANDOFF	365	auroraveil	224012	B	C	core_destroyed	98
2026-08-13T14:34:05Z	STANDOFF	366	drakkarfjord	224012	A	C	core_destroyed	135
2026-08-13T14:34:07Z	STANDOFF	367	drakkarfjord	224012	B	C	core_destroyed	100
2026-08-13T14:34:11Z	STANDOFF	368	drumlin	224012	A	C	core_destroyed	379
2026-08-13T14:34:12Z	STANDOFF	369	drumlin	224012	B	C	core_destroyed	209
2026-08-13T14:34:14Z	STANDOFF	370	fjordgate	224012	A	C	tiebreak	1000
2026-08-13T14:34:15Z	STANDOFF	371	fjordgate	224012	B	T	core_destroyed	200
2026-08-13T14:34:18Z	STANDOFF	372	frostgate	224012	A	C	core_destroyed	336
2026-08-13T14:34:19Z	STANDOFF	373	frostgate	224012	B	C	core_destroyed	126
2026-08-13T14:34:20Z	STANDOFF	374	glacierkeep	224012	A	T	core_destroyed	117
2026-08-13T14:34:22Z	STANDOFF	375	glacierkeep	224012	B	C	core_destroyed	192
2026-08-13T14:34:25Z	STANDOFF	376	icefloe	224012	A	T	core_destroyed	244
2026-08-13T14:34:26Z	STANDOFF	377	icefloe	224012	B	C	core_destroyed	160
2026-08-13T14:34:28Z	STANDOFF	378	midgard	224012	A	C	core_destroyed	145
2026-08-13T14:34:31Z	STANDOFF	379	midgard	224012	B	T	core_destroyed	119
2026-08-13T14:34:33Z	STANDOFF	380	nordkap	224012	A	C	core_destroyed	542
2026-08-13T14:34:35Z	STANDOFF	381	nordkap	224012	B	C	core_destroyed	241
2026-08-13T14:34:38Z	STANDOFF	382	ragnarok	224012	A	T	core_destroyed	151
2026-08-13T14:35:18Z	STANDOFF	383	ragnarok	224012	B	C	tiebreak	1000
2026-08-13T14:35:20Z	STANDOFF	384	royale	224012	A	T	core_destroyed	259
2026-08-13T14:35:21Z	STANDOFF	385	royale	224012	B	C	core_destroyed	341
2026-08-13T14:35:24Z	STANDOFF	386	valkyrie	224012	A	C	core_destroyed	246
2026-08-13T14:35:35Z	STANDOFF	387	valkyrie	224012	B	T	core_destroyed	464
2026-08-13T14:35:37Z	STANDOFF	388	yulerune	224012	A	T	core_destroyed	285
2026-08-13T14:35:40Z	STANDOFF	389	yulerune	224012	B	C	core_destroyed	202
2026-08-13T14:35:41Z	STANDOFF	390	antler	224013	A	T	core_destroyed	406
2026-08-13T14:35:45Z	STANDOFF	391	antler	224013	B	T	tiebreak	1000
2026-08-13T14:35:47Z	STANDOFF	392	archipelago	224013	A	C	core_destroyed	473
2026-08-13T14:35:49Z	STANDOFF	393	archipelago	224013	B	T	core_destroyed	106
2026-08-13T14:35:51Z	STANDOFF	394	auroraveil	224013	A	T	core_destroyed	569
2026-08-13T14:35:54Z	STANDOFF	395	auroraveil	224013	B	T	core_destroyed	586
2026-08-13T14:35:56Z	STANDOFF	396	drakkarfjord	224013	A	T	core_destroyed	203
2026-08-13T14:36:08Z	STANDOFF	397	drakkarfjord	224013	B	C	core_destroyed	547
2026-08-13T14:36:11Z	STANDOFF	398	drumlin	224013	A	T	core_destroyed	271
2026-08-13T14:36:13Z	STANDOFF	399	drumlin	224013	B	T	core_destroyed	210
2026-08-13T14:36:14Z	STANDOFF	400	fjordgate	224013	A	C	core_destroyed	164
2026-08-13T14:36:15Z	STANDOFF	401	fjordgate	224013	B	C	core_destroyed	147
2026-08-13T14:36:17Z	STANDOFF	402	frostgate	224013	A	T	core_destroyed	481
2026-08-13T14:36:18Z	STANDOFF	403	frostgate	224013	B	C	core_destroyed	202
2026-08-13T14:36:20Z	STANDOFF	404	glacierkeep	224013	A	T	core_destroyed	148
2026-08-13T14:36:22Z	STANDOFF	405	glacierkeep	224013	B	C	core_destroyed	279
2026-08-13T14:36:23Z	STANDOFF	406	icefloe	224013	A	T	core_destroyed	195
2026-08-13T14:36:27Z	STANDOFF	407	icefloe	224013	B	C	core_destroyed	323
2026-08-13T14:36:30Z	STANDOFF	408	midgard	224013	A	C	core_destroyed	145
2026-08-13T14:36:33Z	STANDOFF	409	midgard	224013	B	C	core_destroyed	204
2026-08-13T14:36:35Z	STANDOFF	410	nordkap	224013	A	T	core_destroyed	168
2026-08-13T14:36:37Z	STANDOFF	411	nordkap	224013	B	T	core_destroyed	367
2026-08-13T14:36:41Z	STANDOFF	412	ragnarok	224013	A	C	core_destroyed	211
2026-08-13T14:36:44Z	STANDOFF	413	ragnarok	224013	B	C	core_destroyed	213
2026-08-13T14:36:45Z	STANDOFF	414	royale	224013	A	C	core_destroyed	180
2026-08-13T14:36:47Z	STANDOFF	415	royale	224013	B	C	tiebreak	1000
2026-08-13T14:36:53Z	STANDOFF	416	valkyrie	224013	A	T	core_destroyed	297
2026-08-13T14:36:55Z	STANDOFF	417	valkyrie	224013	B	T	core_destroyed	72
2026-08-13T14:36:56Z	STANDOFF	418	yulerune	224013	A	C	core_destroyed	146
2026-08-13T14:36:58Z	STANDOFF	419	yulerune	224013	B	C	core_destroyed	169
2026-08-13T14:37:01Z	STANDOFF	420	antler	224014	A	C	tiebreak	1000
2026-08-13T14:37:03Z	STANDOFF	421	antler	224014	B	T	core_destroyed	374
2026-08-13T14:37:10Z	STANDOFF	422	archipelago	224014	A	T	core_destroyed	377
2026-08-13T14:37:12Z	STANDOFF	423	archipelago	224014	B	T	core_destroyed	145
2026-08-13T14:37:13Z	STANDOFF	424	auroraveil	224014	A	T	core_destroyed	125
2026-08-13T14:37:15Z	STANDOFF	425	auroraveil	224014	B	T	core_destroyed	373
2026-08-13T14:37:18Z	STANDOFF	426	drakkarfjord	224014	A	C	core_destroyed	329
2026-08-13T14:37:24Z	STANDOFF	427	drakkarfjord	224014	B	T	core_destroyed	332
2026-08-13T14:37:30Z	STANDOFF	428	drumlin	224014	A	C	core_destroyed	397
2026-08-13T14:37:31Z	STANDOFF	429	drumlin	224014	B	T	core_destroyed	172
2026-08-13T14:37:33Z	STANDOFF	430	fjordgate	224014	A	C	core_destroyed	179
2026-08-13T14:37:34Z	STANDOFF	431	fjordgate	224014	B	T	core_destroyed	125
2026-08-13T14:37:36Z	STANDOFF	432	frostgate	224014	A	T	core_destroyed	214
2026-08-13T14:37:37Z	STANDOFF	433	frostgate	224014	B	T	core_destroyed	149
2026-08-13T14:37:39Z	STANDOFF	434	glacierkeep	224014	A	C	core_destroyed	219
2026-08-13T14:37:41Z	STANDOFF	435	glacierkeep	224014	B	C	core_destroyed	148
2026-08-13T14:37:45Z	STANDOFF	436	icefloe	224014	A	T	core_destroyed	412
2026-08-13T14:37:47Z	STANDOFF	437	icefloe	224014	B	T	core_destroyed	130
2026-08-13T14:37:50Z	STANDOFF	438	midgard	224014	A	T	core_destroyed	183
2026-08-13T14:37:53Z	STANDOFF	439	midgard	224014	B	T	core_destroyed	106
2026-08-13T14:37:54Z	STANDOFF	440	nordkap	224014	A	T	core_destroyed	132
2026-08-13T14:37:56Z	STANDOFF	441	nordkap	224014	B	T	core_destroyed	342
2026-08-13T14:38:40Z	STANDOFF	442	ragnarok	224014	A	C	tiebreak	1000
2026-08-13T14:39:42Z	STANDOFF	443	ragnarok	224014	B	T	tiebreak	1000
2026-08-13T14:39:43Z	STANDOFF	444	royale	224014	A	T	core_destroyed	247
2026-08-13T14:39:44Z	STANDOFF	445	royale	224014	B	C	core_destroyed	181
2026-08-13T14:39:46Z	STANDOFF	446	valkyrie	224014	A	C	core_destroyed	72
2026-08-13T14:39:48Z	STANDOFF	447	valkyrie	224014	B	C	core_destroyed	122
2026-08-13T14:39:50Z	STANDOFF	448	yulerune	224014	A	T	core_destroyed	193
2026-08-13T14:39:53Z	STANDOFF	449	yulerune	224014	B	T	core_destroyed	243
2026-08-13T14:39:55Z	STANDOFF	450	antler	224015	A	T	core_destroyed	231
2026-08-13T14:39:57Z	STANDOFF	451	antler	224015	B	T	core_destroyed	402
2026-08-13T14:40:00Z	STANDOFF	452	archipelago	224015	A	T	core_destroyed	166
2026-08-13T14:40:03Z	STANDOFF	453	archipelago	224015	B	C	core_destroyed	588
2026-08-13T14:40:05Z	STANDOFF	454	auroraveil	224015	A	C	core_destroyed	137
2026-08-13T14:40:09Z	STANDOFF	455	auroraveil	224015	B	C	core_destroyed	821
2026-08-13T14:40:11Z	STANDOFF	456	drakkarfjord	224015	A	T	core_destroyed	185
2026-08-13T14:40:22Z	STANDOFF	457	drakkarfjord	224015	B	T	core_destroyed	585
2026-08-13T14:40:27Z	STANDOFF	458	drumlin	224015	A	C	core_destroyed	458
2026-08-13T14:40:32Z	STANDOFF	459	drumlin	224015	B	C	tiebreak	1000
2026-08-13T14:40:33Z	STANDOFF	460	fjordgate	224015	A	C	core_destroyed	179
2026-08-13T14:40:35Z	STANDOFF	461	fjordgate	224015	B	C	core_destroyed	200
2026-08-13T14:40:37Z	STANDOFF	462	frostgate	224015	A	T	core_destroyed	214
2026-08-13T14:40:39Z	STANDOFF	463	frostgate	224015	B	C	tiebreak	1000
2026-08-13T14:40:47Z	STANDOFF	464	glacierkeep	224015	A	T	tiebreak	1000
2026-08-13T14:40:48Z	STANDOFF	465	glacierkeep	224015	B	C	core_destroyed	130
2026-08-13T14:40:52Z	STANDOFF	466	icefloe	224015	A	T	core_destroyed	270
2026-08-13T14:40:54Z	STANDOFF	467	icefloe	224015	B	C	core_destroyed	345
2026-08-13T14:40:57Z	STANDOFF	468	midgard	224015	A	C	core_destroyed	137
2026-08-13T14:40:59Z	STANDOFF	469	midgard	224015	B	T	core_destroyed	131
2026-08-13T14:41:00Z	STANDOFF	470	nordkap	224015	A	T	core_destroyed	137
2026-08-13T14:41:02Z	STANDOFF	471	nordkap	224015	B	T	core_destroyed	223
2026-08-13T14:41:08Z	STANDOFF	472	ragnarok	224015	A	T	core_destroyed	213
2026-08-13T14:41:11Z	STANDOFF	473	ragnarok	224015	B	C	core_destroyed	117
2026-08-13T14:41:12Z	STANDOFF	474	royale	224015	A	T	core_destroyed	275
2026-08-13T14:41:13Z	STANDOFF	475	royale	224015	B	C	core_destroyed	105
2026-08-13T14:41:17Z	STANDOFF	476	valkyrie	224015	A	T	core_destroyed	244
2026-08-13T14:41:31Z	STANDOFF	477	valkyrie	224015	B	T	tiebreak	1000
2026-08-13T14:41:33Z	STANDOFF	478	yulerune	224015	A	C	core_destroyed	200
2026-08-13T14:41:35Z	STANDOFF	479	yulerune	224015	B	T	core_destroyed	333
2026-08-13T14:41:37Z	STANDOFF	480	antler	224016	A	C	core_destroyed	276
2026-08-13T14:41:39Z	STANDOFF	481	antler	224016	B	C	core_destroyed	135
2026-08-13T14:41:42Z	STANDOFF	482	archipelago	224016	A	C	core_destroyed	311
2026-08-13T14:41:43Z	STANDOFF	483	archipelago	224016	B	T	core_destroyed	79
2026-08-13T14:41:57Z	STANDOFF	484	auroraveil	224016	A	T	tiebreak	1000
2026-08-13T14:41:59Z	STANDOFF	485	auroraveil	224016	B	T	core_destroyed	230
2026-08-13T14:42:02Z	STANDOFF	486	drakkarfjord	224016	A	T	core_destroyed	291
2026-08-13T14:42:09Z	STANDOFF	487	drakkarfjord	224016	B	T	core_destroyed	689
2026-08-13T14:42:14Z	STANDOFF	488	drumlin	224016	A	C	core_destroyed	364
2026-08-13T14:42:18Z	STANDOFF	489	drumlin	224016	B	T	core_destroyed	252
2026-08-13T14:42:19Z	STANDOFF	490	fjordgate	224016	A	T	core_destroyed	134
2026-08-13T14:42:22Z	STANDOFF	491	fjordgate	224016	B	T	core_destroyed	921
2026-08-13T14:42:23Z	STANDOFF	492	frostgate	224016	A	C	core_destroyed	237
2026-08-13T14:42:26Z	STANDOFF	493	frostgate	224016	B	C	tiebreak	1000
2026-08-13T14:42:39Z	STANDOFF	494	glacierkeep	224016	A	C	core_destroyed	523
2026-08-13T14:42:45Z	STANDOFF	495	glacierkeep	224016	B	T	core_destroyed	420
2026-08-13T14:42:48Z	STANDOFF	496	icefloe	224016	A	C	core_destroyed	358
2026-08-13T14:42:52Z	STANDOFF	497	icefloe	224016	B	T	core_destroyed	392
2026-08-13T14:42:56Z	STANDOFF	498	midgard	224016	A	T	core_destroyed	171
2026-08-13T14:42:58Z	STANDOFF	499	midgard	224016	B	T	core_destroyed	147
2026-08-13T14:43:01Z	STANDOFF	500	nordkap	224016	A	C	core_destroyed	390
2026-08-13T14:43:02Z	STANDOFF	501	nordkap	224016	B	T	core_destroyed	212
2026-08-13T14:43:47Z	STANDOFF	502	ragnarok	224016	A	C	tiebreak	1000
2026-08-13T14:44:24Z	STANDOFF	503	ragnarok	224016	B	C	tiebreak	1000
2026-08-13T14:44:25Z	STANDOFF	504	royale	224016	A	C	core_destroyed	142
2026-08-13T14:44:27Z	STANDOFF	505	royale	224016	B	C	core_destroyed	189
2026-08-13T14:44:32Z	STANDOFF	506	valkyrie	224016	A	T	core_destroyed	306
2026-08-13T14:44:34Z	STANDOFF	507	valkyrie	224016	B	C	core_destroyed	145
2026-08-13T14:44:38Z	STANDOFF	508	yulerune	224016	A	T	core_destroyed	456
2026-08-13T14:44:40Z	STANDOFF	509	yulerune	224016	B	T	core_destroyed	171
2026-08-13T14:44:41Z	STANDOFF	510	antler	224017	A	T	core_destroyed	131
2026-08-13T14:44:43Z	STANDOFF	511	antler	224017	B	T	core_destroyed	241
2026-08-13T14:44:45Z	STANDOFF	512	archipelago	224017	A	C	core_destroyed	148
2026-08-13T14:44:47Z	STANDOFF	513	archipelago	224017	B	T	core_destroyed	125
2026-08-13T14:44:48Z	STANDOFF	514	auroraveil	224017	A	C	core_destroyed	248
2026-08-13T14:44:50Z	STANDOFF	515	auroraveil	224017	B	C	core_destroyed	92
2026-08-13T14:44:52Z	STANDOFF	516	drakkarfjord	224017	A	T	core_destroyed	170
2026-08-13T14:44:54Z	STANDOFF	517	drakkarfjord	224017	B	C	core_destroyed	96
2026-08-13T14:44:57Z	STANDOFF	518	drumlin	224017	A	T	core_destroyed	184
2026-08-13T14:44:59Z	STANDOFF	519	drumlin	224017	B	C	core_destroyed	256
2026-08-13T14:45:00Z	STANDOFF	520	fjordgate	224017	A	T	core_destroyed	153
2026-08-13T14:45:02Z	STANDOFF	521	fjordgate	224017	B	C	core_destroyed	250
2026-08-13T14:45:04Z	STANDOFF	522	frostgate	224017	A	C	core_destroyed	195
2026-08-13T14:45:07Z	STANDOFF	523	frostgate	224017	B	C	core_destroyed	435
2026-08-13T14:45:09Z	STANDOFF	524	glacierkeep	224017	A	T	core_destroyed	170
2026-08-13T14:45:12Z	STANDOFF	525	glacierkeep	224017	B	C	core_destroyed	321
2026-08-13T14:45:14Z	STANDOFF	526	icefloe	224017	A	C	core_destroyed	300
2026-08-13T14:45:16Z	STANDOFF	527	icefloe	224017	B	C	core_destroyed	256
2026-08-13T14:45:20Z	STANDOFF	528	midgard	224017	A	C	core_destroyed	267
2026-08-13T14:45:24Z	STANDOFF	529	midgard	224017	B	C	core_destroyed	235
2026-08-13T14:45:26Z	STANDOFF	530	nordkap	224017	A	T	core_destroyed	310
2026-08-13T14:45:27Z	STANDOFF	531	nordkap	224017	B	T	core_destroyed	199
2026-08-13T14:45:43Z	STANDOFF	532	ragnarok	224017	A	C	core_destroyed	832
2026-08-13T14:45:47Z	STANDOFF	533	ragnarok	224017	B	T	core_destroyed	217
2026-08-13T14:45:52Z	STANDOFF	534	royale	224017	A	C	core_destroyed	698
2026-08-13T14:45:53Z	STANDOFF	535	royale	224017	B	T	core_destroyed	235
2026-08-13T14:45:55Z	STANDOFF	536	valkyrie	224017	A	T	core_destroyed	119
2026-08-13T14:45:57Z	STANDOFF	537	valkyrie	224017	B	C	core_destroyed	154
2026-08-13T14:45:58Z	STANDOFF	538	yulerune	224017	A	C	core_destroyed	129
2026-08-13T14:46:00Z	STANDOFF	539	yulerune	224017	B	C	core_destroyed	188
2026-08-13T14:46:01Z	STANDOFF	540	antler	224018	A	T	core_destroyed	168
2026-08-13T14:46:03Z	STANDOFF	541	antler	224018	B	C	core_destroyed	332
2026-08-13T14:46:06Z	STANDOFF	542	archipelago	224018	A	C	core_destroyed	241
2026-08-13T14:46:09Z	STANDOFF	543	archipelago	224018	B	T	core_destroyed	113
2026-08-13T14:46:11Z	STANDOFF	544	auroraveil	224018	A	T	core_destroyed	257
2026-08-13T14:46:14Z	STANDOFF	545	auroraveil	224018	B	T	core_destroyed	409
2026-08-13T14:46:16Z	STANDOFF	546	drakkarfjord	224018	A	T	core_destroyed	112
2026-08-13T14:46:21Z	STANDOFF	547	drakkarfjord	224018	B	C	core_destroyed	352
2026-08-13T14:46:24Z	STANDOFF	548	drumlin	224018	A	T	core_destroyed	228
2026-08-13T14:46:26Z	STANDOFF	549	drumlin	224018	B	T	core_destroyed	268
2026-08-13T14:46:27Z	STANDOFF	550	fjordgate	224018	A	T	core_destroyed	445
2026-08-13T14:46:29Z	STANDOFF	551	fjordgate	224018	B	T	core_destroyed	353
2026-08-13T14:46:30Z	STANDOFF	552	frostgate	224018	A	T	core_destroyed	131
2026-08-13T14:46:32Z	STANDOFF	553	frostgate	224018	B	C	core_destroyed	128
2026-08-13T14:46:34Z	STANDOFF	554	glacierkeep	224018	A	T	core_destroyed	176
2026-08-13T14:46:35Z	STANDOFF	555	glacierkeep	224018	B	C	core_destroyed	131
2026-08-13T14:46:38Z	STANDOFF	556	icefloe	224018	A	T	core_destroyed	300
2026-08-13T14:46:40Z	STANDOFF	557	icefloe	224018	B	T	core_destroyed	176
2026-08-13T14:46:43Z	STANDOFF	558	midgard	224018	A	T	core_destroyed	149
2026-08-13T14:46:47Z	STANDOFF	559	midgard	224018	B	C	core_destroyed	327
2026-08-13T14:46:48Z	STANDOFF	560	nordkap	224018	A	C	core_destroyed	134
2026-08-13T14:46:52Z	STANDOFF	561	nordkap	224018	B	C	core_destroyed	762
2026-08-13T14:46:54Z	STANDOFF	562	ragnarok	224018	A	T	core_destroyed	117
2026-08-13T14:46:58Z	STANDOFF	563	ragnarok	224018	B	C	core_destroyed	217
2026-08-13T14:47:05Z	STANDOFF	564	royale	224018	A	C	tiebreak	1000
2026-08-13T14:47:06Z	STANDOFF	565	royale	224018	B	C	core_destroyed	161
2026-08-13T14:47:08Z	STANDOFF	566	valkyrie	224018	A	T	core_destroyed	153
2026-08-13T14:47:12Z	STANDOFF	567	valkyrie	224018	B	T	core_destroyed	223
2026-08-13T14:47:14Z	STANDOFF	568	yulerune	224018	A	T	core_destroyed	176
2026-08-13T14:47:23Z	STANDOFF	569	yulerune	224018	B	T	core_destroyed	591
2026-08-13T14:47:25Z	STANDOFF	570	antler	224019	A	C	core_destroyed	580
2026-08-13T14:47:27Z	STANDOFF	571	antler	224019	B	C	core_destroyed	211
2026-08-13T14:47:29Z	STANDOFF	572	archipelago	224019	A	C	core_destroyed	154
2026-08-13T14:47:31Z	STANDOFF	573	archipelago	224019	B	T	core_destroyed	88
2026-08-13T14:47:38Z	STANDOFF	574	auroraveil	224019	A	T	tiebreak	1000
2026-08-13T14:47:41Z	STANDOFF	575	auroraveil	224019	B	T	core_destroyed	413
2026-08-13T14:47:47Z	STANDOFF	576	drakkarfjord	224019	A	T	core_destroyed	369
2026-08-13T14:47:52Z	STANDOFF	577	drakkarfjord	224019	B	C	core_destroyed	305
2026-08-13T14:47:56Z	STANDOFF	578	drumlin	224019	A	C	core_destroyed	300
2026-08-13T14:47:58Z	STANDOFF	579	drumlin	224019	B	T	core_destroyed	116
2026-08-13T14:47:59Z	STANDOFF	580	fjordgate	224019	A	C	core_destroyed	182
2026-08-13T14:48:01Z	STANDOFF	581	fjordgate	224019	B	T	core_destroyed	421
2026-08-13T14:48:04Z	STANDOFF	582	frostgate	224019	A	C	core_destroyed	269
2026-08-13T14:48:06Z	STANDOFF	583	frostgate	224019	B	T	core_destroyed	221
2026-08-13T14:48:08Z	STANDOFF	584	glacierkeep	224019	A	T	core_destroyed	133
2026-08-13T14:48:09Z	STANDOFF	585	glacierkeep	224019	B	C	core_destroyed	164
2026-08-13T14:48:13Z	STANDOFF	586	icefloe	224019	A	T	core_destroyed	671
2026-08-13T14:48:15Z	STANDOFF	587	icefloe	224019	B	C	core_destroyed	133
2026-08-13T14:48:17Z	STANDOFF	588	midgard	224019	A	C	core_destroyed	139
2026-08-13T14:48:19Z	STANDOFF	589	midgard	224019	B	T	core_destroyed	80
2026-08-13T14:48:21Z	STANDOFF	590	nordkap	224019	A	T	core_destroyed	284
2026-08-13T14:48:23Z	STANDOFF	591	nordkap	224019	B	C	core_destroyed	153
2026-08-13T14:48:25Z	STANDOFF	592	ragnarok	224019	A	T	core_destroyed	159
2026-08-13T14:48:28Z	STANDOFF	593	ragnarok	224019	B	C	core_destroyed	162
2026-08-13T14:48:30Z	STANDOFF	594	royale	224019	A	C	core_destroyed	161
2026-08-13T14:48:32Z	STANDOFF	595	royale	224019	B	C	core_destroyed	327
2026-08-13T14:48:41Z	STANDOFF	596	valkyrie	224019	A	C	tiebreak	1000
2026-08-13T14:48:43Z	STANDOFF	597	valkyrie	224019	B	T	core_destroyed	149
2026-08-13T14:48:49Z	STANDOFF	598	yulerune	224019	A	T	tiebreak	1000
2026-08-13T14:48:51Z	STANDOFF	599	yulerune	224019	B	C	core_destroyed	257
2026-08-13T14:48:53Z	STANDOFF	600	antler	224020	A	T	core_destroyed	299
2026-08-13T14:48:57Z	STANDOFF	601	antler	224020	B	C	tiebreak	1000
2026-08-13T14:49:01Z	STANDOFF	602	archipelago	224020	A	C	core_destroyed	335
2026-08-13T14:49:03Z	STANDOFF	603	archipelago	224020	B	T	core_destroyed	92
2026-08-13T14:49:04Z	STANDOFF	604	auroraveil	224020	A	T	core_destroyed	116
2026-08-13T14:49:06Z	STANDOFF	605	auroraveil	224020	B	C	core_destroyed	257
2026-08-13T14:49:13Z	STANDOFF	606	drakkarfjord	224020	A	C	core_destroyed	424
2026-08-13T14:49:20Z	STANDOFF	607	drakkarfjord	224020	B	T	core_destroyed	699
2026-08-13T14:49:22Z	STANDOFF	608	drumlin	224020	A	T	core_destroyed	110
2026-08-13T14:49:26Z	STANDOFF	609	drumlin	224020	B	T	core_destroyed	358
2026-08-13T14:49:27Z	STANDOFF	610	fjordgate	224020	A	C	core_destroyed	150
2026-08-13T14:49:29Z	STANDOFF	611	fjordgate	224020	B	C	tiebreak	1000
2026-08-13T14:49:30Z	STANDOFF	612	frostgate	224020	A	T	core_destroyed	314
2026-08-13T14:49:33Z	STANDOFF	613	frostgate	224020	B	C	core_destroyed	220
2026-08-13T14:49:35Z	STANDOFF	614	glacierkeep	224020	A	T	core_destroyed	245
2026-08-13T14:49:40Z	STANDOFF	615	glacierkeep	224020	B	C	core_destroyed	424
2026-08-13T14:49:42Z	STANDOFF	616	icefloe	224020	A	T	core_destroyed	224
2026-08-13T14:49:43Z	STANDOFF	617	icefloe	224020	B	T	core_destroyed	98
2026-08-13T14:49:57Z	STANDOFF	618	midgard	224020	A	T	core_destroyed	887
2026-08-13T14:49:59Z	STANDOFF	619	midgard	224020	B	T	core_destroyed	117
2026-08-13T14:50:01Z	STANDOFF	620	nordkap	224020	A	C	core_destroyed	118
2026-08-13T14:50:03Z	STANDOFF	621	nordkap	224020	B	T	core_destroyed	226
2026-08-13T14:50:05Z	STANDOFF	622	ragnarok	224020	A	C	core_destroyed	239
2026-08-13T14:50:08Z	STANDOFF	623	ragnarok	224020	B	T	core_destroyed	145
2026-08-13T14:50:10Z	STANDOFF	624	royale	224020	A	C	core_destroyed	206
2026-08-13T14:50:11Z	STANDOFF	625	royale	224020	B	C	core_destroyed	176
2026-08-13T14:50:14Z	STANDOFF	626	valkyrie	224020	A	T	core_destroyed	151
2026-08-13T14:50:17Z	STANDOFF	627	valkyrie	224020	B	C	core_destroyed	218
2026-08-13T14:50:25Z	STANDOFF	628	yulerune	224020	A	T	core_destroyed	821
2026-08-13T14:50:26Z	STANDOFF	629	yulerune	224020	B	C	core_destroyed	90
2026-08-13T14:50:28Z	STANDOFF	630	antler	224021	A	T	core_destroyed	433
2026-08-13T14:50:29Z	STANDOFF	631	antler	224021	B	C	core_destroyed	149
2026-08-13T14:50:32Z	STANDOFF	632	archipelago	224021	A	C	core_destroyed	174
2026-08-13T14:50:34Z	STANDOFF	633	archipelago	224021	B	T	core_destroyed	117
2026-08-13T14:50:36Z	STANDOFF	634	auroraveil	224021	A	C	core_destroyed	316
2026-08-13T14:50:39Z	STANDOFF	635	auroraveil	224021	B	T	core_destroyed	489
2026-08-13T14:50:45Z	STANDOFF	636	drakkarfjord	224021	A	C	core_destroyed	335
2026-08-13T14:50:58Z	STANDOFF	637	drakkarfjord	224021	B	T	tiebreak	1000
2026-08-13T14:51:00Z	STANDOFF	638	drumlin	224021	A	C	core_destroyed	133
2026-08-13T14:51:02Z	STANDOFF	639	drumlin	224021	B	T	core_destroyed	402
2026-08-13T14:51:03Z	STANDOFF	640	fjordgate	224021	A	T	core_destroyed	128
2026-08-13T14:51:04Z	STANDOFF	641	fjordgate	224021	B	C	core_destroyed	127
2026-08-13T14:51:06Z	STANDOFF	642	frostgate	224021	A	T	core_destroyed	252
2026-08-13T14:51:08Z	STANDOFF	643	frostgate	224021	B	C	core_destroyed	279
2026-08-13T14:51:11Z	STANDOFF	644	glacierkeep	224021	A	C	core_destroyed	285
2026-08-13T14:51:17Z	STANDOFF	645	glacierkeep	224021	B	T	core_destroyed	597
2026-08-13T14:51:19Z	STANDOFF	646	icefloe	224021	A	T	core_destroyed	137
2026-08-13T14:51:22Z	STANDOFF	647	icefloe	224021	B	C	core_destroyed	252
2026-08-13T14:51:24Z	STANDOFF	648	midgard	224021	A	T	core_destroyed	126
2026-08-13T14:51:27Z	STANDOFF	649	midgard	224021	B	C	core_destroyed	172
2026-08-13T14:51:29Z	STANDOFF	650	nordkap	224021	A	C	core_destroyed	699
2026-08-13T14:51:31Z	STANDOFF	651	nordkap	224021	B	C	core_destroyed	266
2026-08-13T14:51:36Z	STANDOFF	652	ragnarok	224021	A	C	core_destroyed	214
2026-08-13T14:51:41Z	STANDOFF	653	ragnarok	224021	B	T	core_destroyed	252
2026-08-13T14:51:42Z	STANDOFF	654	royale	224021	A	T	core_destroyed	209
2026-08-13T14:51:47Z	STANDOFF	655	royale	224021	B	C	tiebreak	1000
2026-08-13T14:51:50Z	STANDOFF	656	valkyrie	224021	A	T	core_destroyed	139
2026-08-13T14:51:56Z	STANDOFF	657	valkyrie	224021	B	T	tiebreak	1000
2026-08-13T14:51:59Z	STANDOFF	658	yulerune	224021	A	T	core_destroyed	246
2026-08-13T14:52:00Z	STANDOFF	659	yulerune	224021	B	T	core_destroyed	207
2026-08-13T14:52:03Z	STANDOFF	660	antler	224022	A	C	core_destroyed	314
2026-08-13T14:52:05Z	STANDOFF	661	antler	224022	B	T	core_destroyed	490
2026-08-13T14:52:06Z	STANDOFF	662	archipelago	224022	A	C	core_destroyed	151
2026-08-13T14:52:13Z	STANDOFF	663	archipelago	224022	B	C	core_destroyed	579
2026-08-13T14:52:15Z	STANDOFF	664	auroraveil	224022	A	T	core_destroyed	214
2026-08-13T14:52:16Z	STANDOFF	665	auroraveil	224022	B	C	core_destroyed	144
2026-08-13T14:52:24Z	STANDOFF	666	drakkarfjord	224022	A	C	core_destroyed	385
2026-08-13T14:52:29Z	STANDOFF	667	drakkarfjord	224022	B	C	tiebreak	1000
2026-08-13T14:52:31Z	STANDOFF	668	drumlin	224022	A	T	core_destroyed	90
2026-08-13T14:52:34Z	STANDOFF	669	drumlin	224022	B	T	core_destroyed	221
2026-08-13T14:52:35Z	STANDOFF	670	fjordgate	224022	A	T	core_destroyed	131
2026-08-13T14:52:36Z	STANDOFF	671	fjordgate	224022	B	C	core_destroyed	173
2026-08-13T14:52:39Z	STANDOFF	672	frostgate	224022	A	C	tiebreak	1000
2026-08-13T14:52:41Z	STANDOFF	673	frostgate	224022	B	T	tiebreak	1000
2026-08-13T14:52:42Z	STANDOFF	674	glacierkeep	224022	A	T	core_destroyed	123
2026-08-13T14:52:48Z	STANDOFF	675	glacierkeep	224022	B	C	tiebreak	1000
2026-08-13T14:52:50Z	STANDOFF	676	icefloe	224022	A	T	core_destroyed	216
2026-08-13T14:52:52Z	STANDOFF	677	icefloe	224022	B	T	core_destroyed	127
2026-08-13T14:52:54Z	STANDOFF	678	midgard	224022	A	C	core_destroyed	95
2026-08-13T14:52:56Z	STANDOFF	679	midgard	224022	B	T	core_destroyed	79
2026-08-13T14:52:59Z	STANDOFF	680	nordkap	224022	A	T	tiebreak	1000
2026-08-13T14:53:00Z	STANDOFF	681	nordkap	224022	B	T	core_destroyed	148
2026-08-13T14:53:03Z	STANDOFF	682	ragnarok	224022	A	T	core_destroyed	124
2026-08-13T14:53:05Z	STANDOFF	683	ragnarok	224022	B	C	core_destroyed	131
2026-08-13T14:53:08Z	STANDOFF	684	royale	224022	A	C	tiebreak	1000
2026-08-13T14:53:10Z	STANDOFF	685	royale	224022	B	T	core_destroyed	133
2026-08-13T14:53:24Z	STANDOFF	686	valkyrie	224022	A	T	tiebreak	1000
2026-08-13T14:53:25Z	STANDOFF	687	valkyrie	224022	B	T	core_destroyed	108
2026-08-13T14:53:28Z	STANDOFF	688	yulerune	224022	A	T	core_destroyed	220
2026-08-13T14:53:30Z	STANDOFF	689	yulerune	224022	B	C	core_destroyed	127
2026-08-13T14:53:31Z	STANDOFF	690	antler	224023	A	T	core_destroyed	129
2026-08-13T14:53:33Z	STANDOFF	691	antler	224023	B	T	core_destroyed	141
2026-08-13T14:53:36Z	STANDOFF	692	archipelago	224023	A	T	core_destroyed	165
2026-08-13T14:53:37Z	STANDOFF	693	archipelago	224023	B	T	core_destroyed	143
2026-08-13T14:53:43Z	STANDOFF	694	auroraveil	224023	A	T	core_destroyed	490
2026-08-13T14:53:46Z	STANDOFF	695	auroraveil	224023	B	C	tiebreak	1000
2026-08-13T14:53:48Z	STANDOFF	696	drakkarfjord	224023	A	C	core_destroyed	213
2026-08-13T14:54:03Z	STANDOFF	697	drakkarfjord	224023	B	C	tiebreak	1000
2026-08-13T14:54:08Z	STANDOFF	698	drumlin	224023	A	C	core_destroyed	511
2026-08-13T14:54:12Z	STANDOFF	699	drumlin	224023	B	T	core_destroyed	338
2026-08-13T14:54:13Z	STANDOFF	700	fjordgate	224023	A	T	core_destroyed	186
2026-08-13T14:54:15Z	STANDOFF	701	fjordgate	224023	B	C	core_destroyed	236
2026-08-13T14:54:17Z	STANDOFF	702	frostgate	224023	A	T	core_destroyed	436
2026-08-13T14:54:18Z	STANDOFF	703	frostgate	224023	B	T	core_destroyed	104
2026-08-13T14:54:20Z	STANDOFF	704	glacierkeep	224023	A	T	core_destroyed	274
2026-08-13T14:54:24Z	STANDOFF	705	glacierkeep	224023	B	T	tiebreak	1000
2026-08-13T14:54:30Z	STANDOFF	706	icefloe	224023	A	C	core_destroyed	637
2026-08-13T14:54:32Z	STANDOFF	707	icefloe	224023	B	C	core_destroyed	114
2026-08-13T14:54:36Z	STANDOFF	708	midgard	224023	A	T	core_destroyed	211
2026-08-13T14:54:38Z	STANDOFF	709	midgard	224023	B	T	core_destroyed	107
2026-08-13T14:54:40Z	STANDOFF	710	nordkap	224023	A	C	core_destroyed	470
2026-08-13T14:54:45Z	STANDOFF	711	nordkap	224023	B	C	tiebreak	1000
2026-08-13T14:54:48Z	STANDOFF	712	ragnarok	224023	A	T	core_destroyed	129
2026-08-13T14:54:51Z	STANDOFF	713	ragnarok	224023	B	T	core_destroyed	285
2026-08-13T14:54:53Z	STANDOFF	714	royale	224023	A	T	core_destroyed	277
2026-08-13T14:54:55Z	STANDOFF	715	royale	224023	B	T	core_destroyed	323
2026-08-13T14:55:00Z	STANDOFF	716	valkyrie	224023	A	T	core_destroyed	301
2026-08-13T14:55:03Z	STANDOFF	717	valkyrie	224023	B	T	core_destroyed	223
2026-08-13T14:55:04Z	STANDOFF	718	yulerune	224023	A	T	core_destroyed	110
2026-08-13T14:55:07Z	STANDOFF	719	yulerune	224023	B	C	core_destroyed	220
2026-08-13T14:55:08Z	STANDOFF	720	antler	224024	A	T	core_destroyed	179
2026-08-13T14:55:10Z	STANDOFF	721	antler	224024	B	T	core_destroyed	168
2026-08-13T14:55:11Z	STANDOFF	722	archipelago	224024	A	T	core_destroyed	130
2026-08-13T14:55:14Z	STANDOFF	723	archipelago	224024	B	C	core_destroyed	139
2026-08-13T14:55:15Z	STANDOFF	724	auroraveil	224024	A	T	core_destroyed	121
2026-08-13T14:55:17Z	STANDOFF	725	auroraveil	224024	B	C	core_destroyed	248
2026-08-13T14:55:20Z	STANDOFF	726	drakkarfjord	224024	A	C	core_destroyed	282
2026-08-13T14:55:22Z	STANDOFF	727	drakkarfjord	224024	B	C	core_destroyed	100
2026-08-13T14:55:26Z	STANDOFF	728	drumlin	224024	A	T	core_destroyed	573
2026-08-13T14:55:29Z	STANDOFF	729	drumlin	224024	B	C	core_destroyed	243
2026-08-13T14:55:30Z	STANDOFF	730	fjordgate	224024	A	T	core_destroyed	393
2026-08-13T14:55:32Z	STANDOFF	731	fjordgate	224024	B	T	core_destroyed	421
2026-08-13T14:55:39Z	STANDOFF	732	frostgate	224024	A	C	core_destroyed	679
2026-08-13T14:55:41Z	STANDOFF	733	frostgate	224024	B	C	core_destroyed	186
2026-08-13T14:55:43Z	STANDOFF	734	glacierkeep	224024	A	T	core_destroyed	166
2026-08-13T14:55:44Z	STANDOFF	735	glacierkeep	224024	B	C	core_destroyed	331
2026-08-13T14:55:45Z	STANDOFF	736	icefloe	224024	A	C	core_destroyed	98
2026-08-13T14:55:48Z	STANDOFF	737	icefloe	224024	B	C	core_destroyed	294
2026-08-13T14:55:55Z	STANDOFF	738	midgard	224024	A	C	core_destroyed	386
2026-08-13T14:56:01Z	STANDOFF	739	midgard	224024	B	T	core_destroyed	321
2026-08-13T14:56:03Z	STANDOFF	740	nordkap	224024	A	C	core_destroyed	294
2026-08-13T14:56:06Z	STANDOFF	741	nordkap	224024	B	C	core_destroyed	284
2026-08-13T14:56:09Z	STANDOFF	742	ragnarok	224024	A	T	core_destroyed	152
2026-08-13T14:56:58Z	STANDOFF	743	ragnarok	224024	B	C	tiebreak	1000
2026-08-13T14:56:59Z	STANDOFF	744	royale	224024	A	T	core_destroyed	246
2026-08-13T14:57:01Z	STANDOFF	745	royale	224024	B	T	core_destroyed	253
2026-08-13T14:57:03Z	STANDOFF	746	valkyrie	224024	A	T	core_destroyed	119
2026-08-13T14:57:05Z	STANDOFF	747	valkyrie	224024	B	C	core_destroyed	104
2026-08-13T14:57:06Z	STANDOFF	748	yulerune	224024	A	T	core_destroyed	127
2026-08-13T14:57:07Z	STANDOFF	749	yulerune	224024	B	C	core_destroyed	109
2026-08-13T14:57:09Z	STANDOFF	750	antler	224025	A	T	core_destroyed	212
2026-08-13T14:57:10Z	STANDOFF	751	antler	224025	B	T	core_destroyed	120
2026-08-13T14:57:12Z	STANDOFF	752	archipelago	224025	A	C	core_destroyed	94
2026-08-13T14:57:16Z	STANDOFF	753	archipelago	224025	B	T	core_destroyed	180
2026-08-13T14:57:18Z	STANDOFF	754	auroraveil	224025	A	T	core_destroyed	139
2026-08-13T14:57:19Z	STANDOFF	755	auroraveil	224025	B	C	core_destroyed	157
2026-08-13T14:57:24Z	STANDOFF	756	drakkarfjord	224025	A	T	core_destroyed	308
2026-08-13T14:57:31Z	STANDOFF	757	drakkarfjord	224025	B	C	core_destroyed	602
2026-08-13T14:57:35Z	STANDOFF	758	drumlin	224025	A	C	tiebreak	1000
2026-08-13T14:57:47Z	STANDOFF	759	drumlin	224025	B	C	core_destroyed	596
2026-08-13T14:57:48Z	STANDOFF	760	fjordgate	224025	A	T	core_destroyed	187
2026-08-13T14:57:49Z	STANDOFF	761	fjordgate	224025	B	C	core_destroyed	245
2026-08-13T14:57:51Z	STANDOFF	762	frostgate	224025	A	T	tiebreak	1000
2026-08-13T14:57:52Z	STANDOFF	763	frostgate	224025	B	T	core_destroyed	89
2026-08-13T14:57:55Z	STANDOFF	764	glacierkeep	224025	A	T	core_destroyed	257
2026-08-13T14:58:00Z	STANDOFF	765	glacierkeep	224025	B	C	core_destroyed	945
2026-08-13T14:58:05Z	STANDOFF	766	icefloe	224025	A	C	core_destroyed	435
2026-08-13T14:58:07Z	STANDOFF	767	icefloe	224025	B	C	core_destroyed	166
2026-08-13T14:58:09Z	STANDOFF	768	midgard	224025	A	C	core_destroyed	115
2026-08-13T14:58:11Z	STANDOFF	769	midgard	224025	B	T	core_destroyed	79
2026-08-13T14:58:14Z	STANDOFF	770	nordkap	224025	A	C	core_destroyed	452
2026-08-13T14:58:17Z	STANDOFF	771	nordkap	224025	B	C	core_destroyed	375
2026-08-13T14:58:23Z	STANDOFF	772	ragnarok	224025	A	T	core_destroyed	255
2026-08-13T14:58:25Z	STANDOFF	773	ragnarok	224025	B	C	core_destroyed	113
2026-08-13T14:58:26Z	STANDOFF	774	royale	224025	A	C	core_destroyed	151
2026-08-13T14:58:30Z	STANDOFF	775	royale	224025	B	T	tiebreak	1000
2026-08-13T14:58:34Z	STANDOFF	776	valkyrie	224025	A	T	core_destroyed	221
2026-08-13T14:58:38Z	STANDOFF	777	valkyrie	224025	B	C	core_destroyed	216
2026-08-13T14:58:40Z	STANDOFF	778	yulerune	224025	A	T	core_destroyed	204
2026-08-13T14:58:42Z	STANDOFF	779	yulerune	224025	B	T	core_destroyed	118
2026-08-13T14:58:44Z	STANDOFF	780	antler	224026	A	C	core_destroyed	224
2026-08-13T14:58:47Z	STANDOFF	781	antler	224026	B	C	core_destroyed	582
2026-08-13T14:58:49Z	STANDOFF	782	archipelago	224026	A	C	core_destroyed	91
2026-08-13T14:58:52Z	STANDOFF	783	archipelago	224026	B	T	core_destroyed	143
2026-08-13T14:58:54Z	STANDOFF	784	auroraveil	224026	A	C	core_destroyed	426
2026-08-13T14:58:56Z	STANDOFF	785	auroraveil	224026	B	C	core_destroyed	457
2026-08-13T14:59:07Z	STANDOFF	786	drakkarfjord	224026	A	T	core_destroyed	611
2026-08-13T14:59:09Z	STANDOFF	787	drakkarfjord	224026	B	T	core_destroyed	97
2026-08-13T14:59:11Z	STANDOFF	788	drumlin	224026	A	T	core_destroyed	250
2026-08-13T14:59:13Z	STANDOFF	789	drumlin	224026	B	T	core_destroyed	113
2026-08-13T14:59:14Z	STANDOFF	790	fjordgate	224026	A	T	core_destroyed	139
2026-08-13T14:59:16Z	STANDOFF	791	fjordgate	224026	B	C	core_destroyed	390
2026-08-13T14:59:18Z	STANDOFF	792	frostgate	224026	A	T	core_destroyed	187
2026-08-13T14:59:19Z	STANDOFF	793	frostgate	224026	B	C	core_destroyed	188
2026-08-13T14:59:21Z	STANDOFF	794	glacierkeep	224026	A	C	core_destroyed	352
2026-08-13T14:59:24Z	STANDOFF	795	glacierkeep	224026	B	C	core_destroyed	371
2026-08-13T14:59:29Z	STANDOFF	796	icefloe	224026	A	T	core_destroyed	387
2026-08-13T14:59:31Z	STANDOFF	797	icefloe	224026	B	T	core_destroyed	131
2026-08-13T14:59:33Z	STANDOFF	798	midgard	224026	A	C	core_destroyed	172
2026-08-13T14:59:36Z	STANDOFF	799	midgard	224026	B	C	core_destroyed	155
2026-08-13T14:59:39Z	STANDOFF	800	nordkap	224026	A	T	tiebreak	1000
2026-08-13T14:59:40Z	STANDOFF	801	nordkap	224026	B	T	core_destroyed	156
2026-08-13T14:59:44Z	STANDOFF	802	ragnarok	224026	A	T	core_destroyed	262
2026-08-13T14:59:47Z	STANDOFF	803	ragnarok	224026	B	C	core_destroyed	165
2026-08-13T14:59:49Z	STANDOFF	804	royale	224026	A	C	core_destroyed	324
2026-08-13T14:59:51Z	STANDOFF	805	royale	224026	B	T	core_destroyed	208
2026-08-13T14:59:53Z	STANDOFF	806	valkyrie	224026	A	T	core_destroyed	198
2026-08-13T14:59:57Z	STANDOFF	807	valkyrie	224026	B	T	core_destroyed	275
2026-08-13T15:00:00Z	STANDOFF	808	yulerune	224026	A	C	core_destroyed	286
2026-08-13T15:00:03Z	STANDOFF	809	yulerune	224026	B	T	core_destroyed	274
2026-08-13T15:00:06Z	STANDOFF	810	antler	224027	A	C	core_destroyed	313
2026-08-13T15:00:07Z	STANDOFF	811	antler	224027	B	C	core_destroyed	180
2026-08-13T15:00:09Z	STANDOFF	812	archipelago	224027	A	C	core_destroyed	97
2026-08-13T15:00:12Z	STANDOFF	813	archipelago	224027	B	T	core_destroyed	262
2026-08-13T15:00:14Z	STANDOFF	814	auroraveil	224027	A	T	core_destroyed	217
2026-08-13T15:00:20Z	STANDOFF	815	auroraveil	224027	B	C	core_destroyed	877
2026-08-13T15:00:23Z	STANDOFF	816	drakkarfjord	224027	A	C	core_destroyed	244
2026-08-13T15:00:26Z	STANDOFF	817	drakkarfjord	224027	B	T	core_destroyed	219
2026-08-13T15:00:35Z	STANDOFF	818	drumlin	224027	A	T	core_destroyed	820
2026-08-13T15:00:37Z	STANDOFF	819	drumlin	224027	B	C	core_destroyed	343
2026-08-13T15:00:40Z	STANDOFF	820	fjordgate	224027	A	T	core_destroyed	787
2026-08-13T15:00:42Z	STANDOFF	821	fjordgate	224027	B	C	core_destroyed	221
2026-08-13T15:00:43Z	STANDOFF	822	frostgate	224027	A	T	core_destroyed	168
2026-08-13T15:00:50Z	STANDOFF	823	frostgate	224027	B	C	core_destroyed	637
2026-08-13T15:00:52Z	STANDOFF	824	glacierkeep	224027	A	T	core_destroyed	177
2026-08-13T15:00:54Z	STANDOFF	825	glacierkeep	224027	B	C	core_destroyed	220
2026-08-13T15:00:56Z	STANDOFF	826	icefloe	224027	A	C	core_destroyed	140
2026-08-13T15:00:57Z	STANDOFF	827	icefloe	224027	B	C	core_destroyed	208
2026-08-13T15:01:00Z	STANDOFF	828	midgard	224027	A	C	core_destroyed	174
2026-08-13T15:01:03Z	STANDOFF	829	midgard	224027	B	C	core_destroyed	184
2026-08-13T15:01:08Z	STANDOFF	830	nordkap	224027	A	T	tiebreak	1000
2026-08-13T15:01:10Z	STANDOFF	831	nordkap	224027	B	C	core_destroyed	191
2026-08-13T15:01:14Z	STANDOFF	832	ragnarok	224027	A	T	core_destroyed	195
2026-08-13T15:01:18Z	STANDOFF	833	ragnarok	224027	B	T	core_destroyed	158
2026-08-13T15:01:20Z	STANDOFF	834	royale	224027	A	T	core_destroyed	301
2026-08-13T15:01:21Z	STANDOFF	835	royale	224027	B	T	core_destroyed	244
2026-08-13T15:01:26Z	STANDOFF	836	valkyrie	224027	A	C	core_destroyed	270
2026-08-13T15:01:28Z	STANDOFF	837	valkyrie	224027	B	C	core_destroyed	112
2026-08-13T15:01:31Z	STANDOFF	838	yulerune	224027	A	T	core_destroyed	268
2026-08-13T15:01:33Z	STANDOFF	839	yulerune	224027	B	C	core_destroyed	315
2026-08-13T15:01:36Z	STANDOFF	840	antler	224028	A	C	core_destroyed	395
2026-08-13T15:01:38Z	STANDOFF	841	antler	224028	B	T	core_destroyed	120
2026-08-13T15:01:41Z	STANDOFF	842	archipelago	224028	A	C	core_destroyed	209
2026-08-13T15:01:44Z	STANDOFF	843	archipelago	224028	B	T	core_destroyed	169
2026-08-13T15:01:45Z	STANDOFF	844	auroraveil	224028	A	C	core_destroyed	161
2026-08-13T15:01:48Z	STANDOFF	845	auroraveil	224028	B	C	tiebreak	1000
2026-08-13T15:01:54Z	STANDOFF	846	drakkarfjord	224028	A	T	core_destroyed	288
2026-08-13T15:01:56Z	STANDOFF	847	drakkarfjord	224028	B	T	core_destroyed	199
2026-08-13T15:02:02Z	STANDOFF	848	drumlin	224028	A	C	core_destroyed	490
2026-08-13T15:02:04Z	STANDOFF	849	drumlin	224028	B	C	core_destroyed	109
2026-08-13T15:02:05Z	STANDOFF	850	fjordgate	224028	A	C	core_destroyed	284
2026-08-13T15:02:06Z	STANDOFF	851	fjordgate	224028	B	T	core_destroyed	240
2026-08-13T15:02:10Z	STANDOFF	852	frostgate	224028	A	C	tiebreak	1000
2026-08-13T15:02:11Z	STANDOFF	853	frostgate	224028	B	T	core_destroyed	233
2026-08-13T15:02:30Z	STANDOFF	854	glacierkeep	224028	A	C	tiebreak	1000
2026-08-13T15:02:53Z	STANDOFF	855	glacierkeep	224028	B	C	tiebreak	1000
2026-08-13T15:02:54Z	STANDOFF	856	icefloe	224028	A	C	core_destroyed	137
2026-08-13T15:02:56Z	STANDOFF	857	icefloe	224028	B	C	core_destroyed	143
2026-08-13T15:02:58Z	STANDOFF	858	midgard	224028	A	T	core_destroyed	117
2026-08-13T15:03:01Z	STANDOFF	859	midgard	224028	B	C	core_destroyed	127
2026-08-13T15:03:04Z	STANDOFF	860	nordkap	224028	A	T	tiebreak	1000
2026-08-13T15:03:07Z	STANDOFF	861	nordkap	224028	B	C	core_destroyed	633
2026-08-13T15:03:17Z	STANDOFF	862	ragnarok	224028	A	C	core_destroyed	365
2026-08-13T15:03:21Z	STANDOFF	863	ragnarok	224028	B	C	core_destroyed	197
2026-08-13T15:03:23Z	STANDOFF	864	royale	224028	A	T	core_destroyed	450
2026-08-13T15:03:27Z	STANDOFF	865	royale	224028	B	C	core_destroyed	692
2026-08-13T15:03:30Z	STANDOFF	866	valkyrie	224028	A	C	core_destroyed	220
2026-08-13T15:03:34Z	STANDOFF	867	valkyrie	224028	B	C	core_destroyed	393
2026-08-13T15:03:37Z	STANDOFF	868	yulerune	224028	A	T	core_destroyed	219
2026-08-13T15:03:39Z	STANDOFF	869	yulerune	224028	B	C	core_destroyed	184
2026-08-13T15:03:41Z	STANDOFF	870	antler	224029	A	C	core_destroyed	103
2026-08-13T15:03:43Z	STANDOFF	871	antler	224029	B	T	core_destroyed	394
2026-08-13T15:03:47Z	STANDOFF	872	archipelago	224029	A	T	core_destroyed	208
2026-08-13T15:03:52Z	STANDOFF	873	archipelago	224029	B	T	core_destroyed	360
2026-08-13T15:03:54Z	STANDOFF	874	auroraveil	224029	A	C	core_destroyed	381
2026-08-13T15:03:55Z	STANDOFF	875	auroraveil	224029	B	T	core_destroyed	147
2026-08-13T15:04:01Z	STANDOFF	876	drakkarfjord	224029	A	C	core_destroyed	340
2026-08-13T15:04:03Z	STANDOFF	877	drakkarfjord	224029	B	T	core_destroyed	135
2026-08-13T15:04:05Z	STANDOFF	878	drumlin	224029	A	T	core_destroyed	424
2026-08-13T15:04:09Z	STANDOFF	879	drumlin	224029	B	C	core_destroyed	271
2026-08-13T15:04:10Z	STANDOFF	880	fjordgate	224029	A	C	core_destroyed	232
2026-08-13T15:04:12Z	STANDOFF	881	fjordgate	224029	B	C	core_destroyed	299
2026-08-13T15:04:15Z	STANDOFF	882	frostgate	224029	A	T	core_destroyed	438
2026-08-13T15:04:16Z	STANDOFF	883	frostgate	224029	B	C	core_destroyed	434
2026-08-13T15:04:29Z	STANDOFF	884	glacierkeep	224029	A	T	core_destroyed	945
2026-08-13T15:04:31Z	STANDOFF	885	glacierkeep	224029	B	C	core_destroyed	155
2026-08-13T15:04:33Z	STANDOFF	886	icefloe	224029	A	C	core_destroyed	231
2026-08-13T15:04:35Z	STANDOFF	887	icefloe	224029	B	T	core_destroyed	154
2026-08-13T15:04:39Z	STANDOFF	888	midgard	224029	A	C	core_destroyed	349
2026-08-13T15:04:42Z	STANDOFF	889	midgard	224029	B	T	core_destroyed	251
2026-08-13T15:04:43Z	STANDOFF	890	nordkap	224029	A	C	core_destroyed	171
2026-08-13T15:04:44Z	STANDOFF	891	nordkap	224029	B	C	core_destroyed	125
2026-08-13T15:04:46Z	STANDOFF	892	ragnarok	224029	A	T	core_destroyed	177
2026-08-13T15:04:50Z	STANDOFF	893	ragnarok	224029	B	C	core_destroyed	162
2026-08-13T15:04:51Z	STANDOFF	894	royale	224029	A	T	core_destroyed	346
2026-08-13T15:04:52Z	STANDOFF	895	royale	224029	B	T	core_destroyed	137
2026-08-13T15:04:55Z	STANDOFF	896	valkyrie	224029	A	T	core_destroyed	220
2026-08-13T15:04:57Z	STANDOFF	897	valkyrie	224029	B	C	core_destroyed	116
2026-08-13T15:04:58Z	STANDOFF	898	yulerune	224029	A	T	core_destroyed	148
2026-08-13T15:05:01Z	STANDOFF	899	yulerune	224029	B	T	core_destroyed	296
2026-08-13T15:05:02Z	STANDOFF	900	antler	224030	A	T	core_destroyed	237
2026-08-13T15:05:06Z	STANDOFF	901	antler	224030	B	C	core_destroyed	944
2026-08-13T15:05:08Z	STANDOFF	902	archipelago	224030	A	C	core_destroyed	160
2026-08-13T15:05:10Z	STANDOFF	903	archipelago	224030	B	T	core_destroyed	95
2026-08-13T15:05:14Z	STANDOFF	904	auroraveil	224030	A	T	core_destroyed	243
2026-08-13T15:05:15Z	STANDOFF	905	auroraveil	224030	B	C	core_destroyed	243
2026-08-13T15:05:20Z	STANDOFF	906	drakkarfjord	224030	A	T	core_destroyed	490
2026-08-13T15:05:22Z	STANDOFF	907	drakkarfjord	224030	B	T	core_destroyed	118
2026-08-13T15:05:25Z	STANDOFF	908	drumlin	224030	A	T	core_destroyed	288
2026-08-13T15:05:27Z	STANDOFF	909	drumlin	224030	B	C	core_destroyed	122
2026-08-13T15:05:28Z	STANDOFF	910	fjordgate	224030	A	T	core_destroyed	169
2026-08-13T15:05:29Z	STANDOFF	911	fjordgate	224030	B	C	core_destroyed	364
2026-08-13T15:05:31Z	STANDOFF	912	frostgate	224030	A	T	core_destroyed	409
2026-08-13T15:05:33Z	STANDOFF	913	frostgate	224030	B	T	core_destroyed	186
2026-08-13T15:05:38Z	STANDOFF	914	glacierkeep	224030	A	C	core_destroyed	469
2026-08-13T15:05:43Z	STANDOFF	915	glacierkeep	224030	B	C	tiebreak	1000
2026-08-13T15:05:47Z	STANDOFF	916	icefloe	224030	A	C	core_destroyed	328
2026-08-13T15:05:49Z	STANDOFF	917	icefloe	224030	B	C	core_destroyed	331
2026-08-13T15:05:51Z	STANDOFF	918	midgard	224030	A	T	core_destroyed	156
2026-08-13T15:05:54Z	STANDOFF	919	midgard	224030	B	C	core_destroyed	80
2026-08-13T15:05:55Z	STANDOFF	920	nordkap	224030	A	T	core_destroyed	631
2026-08-13T15:05:57Z	STANDOFF	921	nordkap	224030	B	T	core_destroyed	126
2026-08-13T15:06:01Z	STANDOFF	922	ragnarok	224030	A	C	core_destroyed	179
2026-08-13T15:06:51Z	STANDOFF	923	ragnarok	224030	B	C	tiebreak	1000
2026-08-13T15:06:54Z	STANDOFF	924	royale	224030	A	C	core_destroyed	533
2026-08-13T15:06:55Z	STANDOFF	925	royale	224030	B	C	core_destroyed	244
2026-08-13T15:07:12Z	STANDOFF	926	valkyrie	224030	A	C	tiebreak	1000
2026-08-13T15:07:15Z	STANDOFF	927	valkyrie	224030	B	C	core_destroyed	149
2026-08-13T15:07:17Z	STANDOFF	928	yulerune	224030	A	T	core_destroyed	192
2026-08-13T15:07:19Z	STANDOFF	929	yulerune	224030	B	T	core_destroyed	146
2026-08-13T15:07:21Z	STANDOFF	930	antler	224031	A	C	core_destroyed	183
2026-08-13T15:07:24Z	STANDOFF	931	antler	224031	B	T	tiebreak	1000
2026-08-13T15:07:27Z	STANDOFF	932	archipelago	224031	A	T	core_destroyed	118
2026-08-13T15:07:29Z	STANDOFF	933	archipelago	224031	B	T	core_destroyed	99
2026-08-13T15:07:31Z	STANDOFF	934	auroraveil	224031	A	T	core_destroyed	257
2026-08-13T15:07:33Z	STANDOFF	935	auroraveil	224031	B	T	core_destroyed	216
2026-08-13T15:07:40Z	STANDOFF	936	drakkarfjord	224031	A	T	core_destroyed	347
2026-08-13T15:07:43Z	STANDOFF	937	drakkarfjord	224031	B	C	core_destroyed	257
2026-08-13T15:07:45Z	STANDOFF	938	drumlin	224031	A	T	core_destroyed	183
2026-08-13T15:07:47Z	STANDOFF	939	drumlin	224031	B	C	core_destroyed	212
2026-08-13T15:07:48Z	STANDOFF	940	fjordgate	224031	A	C	core_destroyed	208
2026-08-13T15:07:50Z	STANDOFF	941	fjordgate	224031	B	C	core_destroyed	284
2026-08-13T15:07:52Z	STANDOFF	942	frostgate	224031	A	C	core_destroyed	506
2026-08-13T15:07:54Z	STANDOFF	943	frostgate	224031	B	T	core_destroyed	233
2026-08-13T15:07:55Z	STANDOFF	944	glacierkeep	224031	A	T	core_destroyed	92
2026-08-13T15:08:05Z	STANDOFF	945	glacierkeep	224031	B	T	core_destroyed	470
2026-08-13T15:08:07Z	STANDOFF	946	icefloe	224031	A	C	core_destroyed	176
2026-08-13T15:08:09Z	STANDOFF	947	icefloe	224031	B	C	core_destroyed	201
2026-08-13T15:08:14Z	STANDOFF	948	midgard	224031	A	T	core_destroyed	241
2026-08-13T15:08:20Z	STANDOFF	949	midgard	224031	B	C	core_destroyed	284
2026-08-13T15:08:22Z	STANDOFF	950	nordkap	224031	A	T	core_destroyed	177
2026-08-13T15:08:23Z	STANDOFF	951	nordkap	224031	B	T	core_destroyed	162
2026-08-13T15:08:27Z	STANDOFF	952	ragnarok	224031	A	C	core_destroyed	178
2026-08-13T15:08:29Z	STANDOFF	953	ragnarok	224031	B	C	core_destroyed	119
2026-08-13T15:08:30Z	STANDOFF	954	royale	224031	A	T	core_destroyed	114
2026-08-13T15:08:32Z	STANDOFF	955	royale	224031	B	C	core_destroyed	207
2026-08-13T15:08:34Z	STANDOFF	956	valkyrie	224031	A	T	core_destroyed	133
2026-08-13T15:08:36Z	STANDOFF	957	valkyrie	224031	B	T	core_destroyed	145
2026-08-13T15:08:38Z	STANDOFF	958	yulerune	224031	A	T	core_destroyed	160
2026-08-13T15:08:40Z	STANDOFF	959	yulerune	224031	B	C	core_destroyed	205
2026-08-13T15:08:43Z	STANDOFF	960	antler	224032	A	C	tiebreak	1000
2026-08-13T15:08:44Z	STANDOFF	961	antler	224032	B	T	core_destroyed	503
2026-08-13T15:08:49Z	STANDOFF	962	archipelago	224032	A	T	core_destroyed	539
2026-08-13T15:08:51Z	STANDOFF	963	archipelago	224032	B	C	core_destroyed	126
2026-08-13T15:08:55Z	STANDOFF	964	auroraveil	224032	A	T	core_destroyed	337
2026-08-13T15:08:57Z	STANDOFF	965	auroraveil	224032	B	C	core_destroyed	242
2026-08-13T15:09:00Z	STANDOFF	966	drakkarfjord	224032	A	C	core_destroyed	212
2026-08-13T15:09:13Z	STANDOFF	967	drakkarfjord	224032	B	C	tiebreak	1000
2026-08-13T15:09:15Z	STANDOFF	968	drumlin	224032	A	C	core_destroyed	143
2026-08-13T15:09:16Z	STANDOFF	969	drumlin	224032	B	C	core_destroyed	108
2026-08-13T15:09:18Z	STANDOFF	970	fjordgate	224032	A	T	core_destroyed	337
2026-08-13T15:09:20Z	STANDOFF	971	fjordgate	224032	B	C	core_destroyed	206
2026-08-13T15:09:21Z	STANDOFF	972	frostgate	224032	A	T	core_destroyed	136
2026-08-13T15:09:24Z	STANDOFF	973	frostgate	224032	B	T	core_destroyed	239
2026-08-13T15:09:28Z	STANDOFF	974	glacierkeep	224032	A	T	core_destroyed	540
2026-08-13T15:09:31Z	STANDOFF	975	glacierkeep	224032	B	T	core_destroyed	212
2026-08-13T15:09:35Z	STANDOFF	976	icefloe	224032	A	C	core_destroyed	366
2026-08-13T15:09:38Z	STANDOFF	977	icefloe	224032	B	C	core_destroyed	254
2026-08-13T15:09:53Z	STANDOFF	978	midgard	224032	A	T	tiebreak	1000
2026-08-13T15:09:56Z	STANDOFF	979	midgard	224032	B	C	core_destroyed	173
2026-08-13T15:09:58Z	STANDOFF	980	nordkap	224032	A	C	tiebreak	1000
2026-08-13T15:09:59Z	STANDOFF	981	nordkap	224032	B	T	core_destroyed	124
2026-08-13T15:10:01Z	STANDOFF	982	ragnarok	224032	A	C	core_destroyed	159
2026-08-13T15:10:58Z	STANDOFF	983	ragnarok	224032	B	T	tiebreak	1000
2026-08-13T15:10:59Z	STANDOFF	984	royale	224032	A	C	core_destroyed	286
2026-08-13T15:11:04Z	STANDOFF	985	royale	224032	B	C	core_destroyed	760
2026-08-13T15:11:08Z	STANDOFF	986	valkyrie	224032	A	T	core_destroyed	280
2026-08-13T15:11:13Z	STANDOFF	987	valkyrie	224032	B	T	core_destroyed	275
2026-08-13T15:11:15Z	STANDOFF	988	yulerune	224032	A	T	core_destroyed	182
2026-08-13T15:11:18Z	STANDOFF	989	yulerune	224032	B	C	core_destroyed	265
2026-08-13T15:11:20Z	STANDOFF	990	antler	224033	A	T	core_destroyed	266
2026-08-13T15:11:22Z	STANDOFF	991	antler	224033	B	C	core_destroyed	201
2026-08-13T15:11:24Z	STANDOFF	992	archipelago	224033	A	T	core_destroyed	94
2026-08-13T15:11:26Z	STANDOFF	993	archipelago	224033	B	T	core_destroyed	161
2026-08-13T15:11:28Z	STANDOFF	994	auroraveil	224033	A	C	core_destroyed	345
2026-08-13T15:11:30Z	STANDOFF	995	auroraveil	224033	B	C	core_destroyed	188
2026-08-13T15:11:33Z	STANDOFF	996	drakkarfjord	224033	A	C	core_destroyed	253
2026-08-13T15:11:53Z	STANDOFF	997	drakkarfjord	224033	B	T	tiebreak	1000
2026-08-13T15:11:59Z	STANDOFF	998	drumlin	224033	A	T	core_destroyed	624
2026-08-13T15:12:01Z	STANDOFF	999	drumlin	224033	B	C	core_destroyed	198
2026-08-13T15:12:03Z	STANDOFF	1000	fjordgate	224033	A	C	core_destroyed	126
2026-08-13T15:12:04Z	STANDOFF	1001	fjordgate	224033	B	T	core_destroyed	179
2026-08-13T15:12:06Z	STANDOFF	1002	frostgate	224033	A	T	core_destroyed	185
2026-08-13T15:12:07Z	STANDOFF	1003	frostgate	224033	B	T	core_destroyed	300
2026-08-13T15:12:09Z	STANDOFF	1004	glacierkeep	224033	A	T	core_destroyed	563
2026-08-13T15:12:14Z	STANDOFF	1005	glacierkeep	224033	B	C	tiebreak	1000
2026-08-13T15:12:19Z	STANDOFF	1006	icefloe	224033	A	T	core_destroyed	423
2026-08-13T15:12:24Z	STANDOFF	1007	icefloe	224033	B	T	core_destroyed	355
2026-08-13T15:12:26Z	STANDOFF	1008	midgard	224033	A	C	core_destroyed	123
2026-08-13T15:12:30Z	STANDOFF	1009	midgard	224033	B	C	core_destroyed	221
2026-08-13T15:12:31Z	STANDOFF	1010	nordkap	224033	A	T	core_destroyed	220
2026-08-13T15:12:34Z	STANDOFF	1011	nordkap	224033	B	C	core_destroyed	266
2026-08-13T15:12:36Z	STANDOFF	1012	ragnarok	224033	A	T	core_destroyed	138
2026-08-13T15:12:38Z	STANDOFF	1013	ragnarok	224033	B	C	core_destroyed	122
2026-08-13T15:12:39Z	STANDOFF	1014	royale	224033	A	T	core_destroyed	157
2026-08-13T15:12:42Z	STANDOFF	1015	royale	224033	B	T	core_destroyed	410
2026-08-13T15:12:46Z	STANDOFF	1016	valkyrie	224033	A	T	core_destroyed	283
2026-08-13T15:12:59Z	STANDOFF	1017	valkyrie	224033	B	T	tiebreak	1000
2026-08-13T15:13:01Z	STANDOFF	1018	yulerune	224033	A	T	core_destroyed	166
2026-08-13T15:13:02Z	STANDOFF	1019	yulerune	224033	B	C	core_destroyed	139
2026-08-13T15:13:04Z	STANDOFF	1020	antler	224034	A	C	core_destroyed	249
2026-08-13T15:13:06Z	STANDOFF	1021	antler	224034	B	T	core_destroyed	222
2026-08-13T15:13:08Z	STANDOFF	1022	archipelago	224034	A	T	core_destroyed	143
2026-08-13T15:13:10Z	STANDOFF	1023	archipelago	224034	B	C	core_destroyed	154
2026-08-13T15:13:11Z	STANDOFF	1024	auroraveil	224034	A	T	core_destroyed	133
2026-08-13T15:13:15Z	STANDOFF	1025	auroraveil	224034	B	C	core_destroyed	461
2026-08-13T15:13:21Z	STANDOFF	1026	drakkarfjord	224034	A	C	core_destroyed	504
2026-08-13T15:13:35Z	STANDOFF	1027	drakkarfjord	224034	B	T	tiebreak	1000
2026-08-13T15:13:39Z	STANDOFF	1028	drumlin	224034	A	C	core_destroyed	242
2026-08-13T15:13:46Z	STANDOFF	1029	drumlin	224034	B	T	core_destroyed	822
2026-08-13T15:13:47Z	STANDOFF	1030	fjordgate	224034	A	T	core_destroyed	155
2026-08-13T15:13:48Z	STANDOFF	1031	fjordgate	224034	B	T	core_destroyed	196
2026-08-13T15:13:50Z	STANDOFF	1032	frostgate	224034	A	T	core_destroyed	255
2026-08-13T15:13:52Z	STANDOFF	1033	frostgate	224034	B	T	core_destroyed	345
2026-08-13T15:13:54Z	STANDOFF	1034	glacierkeep	224034	A	T	core_destroyed	148
2026-08-13T15:13:57Z	STANDOFF	1035	glacierkeep	224034	B	C	core_destroyed	776
2026-08-13T15:13:59Z	STANDOFF	1036	icefloe	224034	A	C	core_destroyed	211
2026-08-13T15:14:02Z	STANDOFF	1037	icefloe	224034	B	T	core_destroyed	218
2026-08-13T15:14:05Z	STANDOFF	1038	midgard	224034	A	C	core_destroyed	154
2026-08-13T15:14:07Z	STANDOFF	1039	midgard	224034	B	T	core_destroyed	130
2026-08-13T15:14:08Z	STANDOFF	1040	nordkap	224034	A	T	core_destroyed	166
2026-08-13T15:14:13Z	STANDOFF	1041	nordkap	224034	B	C	core_destroyed	898
2026-08-13T15:14:19Z	STANDOFF	1042	ragnarok	224034	A	C	core_destroyed	223
2026-08-13T15:14:24Z	STANDOFF	1043	ragnarok	224034	B	C	core_destroyed	296
2026-08-13T15:14:27Z	STANDOFF	1044	royale	224034	A	T	core_destroyed	285
2026-08-13T15:14:29Z	STANDOFF	1045	royale	224034	B	C	tiebreak	1000
2026-08-13T15:14:31Z	STANDOFF	1046	valkyrie	224034	A	C	core_destroyed	183
2026-08-13T15:14:37Z	STANDOFF	1047	valkyrie	224034	B	T	tiebreak	1000
2026-08-13T15:14:39Z	STANDOFF	1048	yulerune	224034	A	C	core_destroyed	242
2026-08-13T15:14:42Z	STANDOFF	1049	yulerune	224034	B	C	core_destroyed	239
2026-08-13T15:14:45Z	STANDOFF	1050	antler	224035	A	C	tiebreak	1000
2026-08-13T15:14:46Z	STANDOFF	1051	antler	224035	B	T	core_destroyed	503
2026-08-13T15:14:50Z	STANDOFF	1052	archipelago	224035	A	T	core_destroyed	311
2026-08-13T15:14:53Z	STANDOFF	1053	archipelago	224035	B	T	core_destroyed	167
2026-08-13T15:14:55Z	STANDOFF	1054	auroraveil	224035	A	T	core_destroyed	408
2026-08-13T15:14:57Z	STANDOFF	1055	auroraveil	224035	B	T	core_destroyed	201
2026-08-13T15:15:00Z	STANDOFF	1056	drakkarfjord	224035	A	C	core_destroyed	270
2026-08-13T15:15:07Z	STANDOFF	1057	drakkarfjord	224035	B	C	tiebreak	1000
2026-08-13T15:15:09Z	STANDOFF	1058	drumlin	224035	A	T	core_destroyed	298
2026-08-13T15:15:12Z	STANDOFF	1059	drumlin	224035	B	C	core_destroyed	332
2026-08-13T15:15:15Z	STANDOFF	1060	fjordgate	224035	A	C	core_destroyed	717
2026-08-13T15:15:16Z	STANDOFF	1061	fjordgate	224035	B	C	core_destroyed	195
2026-08-13T15:15:19Z	STANDOFF	1062	frostgate	224035	A	T	core_destroyed	569
2026-08-13T15:15:24Z	STANDOFF	1063	frostgate	224035	B	T	core_destroyed	606
2026-08-13T15:15:26Z	STANDOFF	1064	glacierkeep	224035	A	T	core_destroyed	198
2026-08-13T15:15:30Z	STANDOFF	1065	glacierkeep	224035	B	T	core_destroyed	476
2026-08-13T15:15:32Z	STANDOFF	1066	icefloe	224035	A	C	core_destroyed	163
2026-08-13T15:15:35Z	STANDOFF	1067	icefloe	224035	B	C	core_destroyed	381
2026-08-13T15:15:37Z	STANDOFF	1068	midgard	224035	A	C	core_destroyed	118
2026-08-13T15:15:43Z	STANDOFF	1069	midgard	224035	B	T	core_destroyed	325
2026-08-13T15:15:45Z	STANDOFF	1070	nordkap	224035	A	T	core_destroyed	523
2026-08-13T15:15:47Z	STANDOFF	1071	nordkap	224035	B	C	core_destroyed	296
2026-08-13T15:15:49Z	STANDOFF	1072	ragnarok	224035	A	T	core_destroyed	110
2026-08-13T15:15:53Z	STANDOFF	1073	ragnarok	224035	B	C	core_destroyed	151
2026-08-13T15:15:55Z	STANDOFF	1074	royale	224035	A	T	core_destroyed	301
2026-08-13T15:15:56Z	STANDOFF	1075	royale	224035	B	T	core_destroyed	197
2026-08-13T15:16:07Z	STANDOFF	1076	valkyrie	224035	A	C	tiebreak	1000
2026-08-13T15:16:08Z	STANDOFF	1077	valkyrie	224035	B	C	core_destroyed	76
2026-08-13T15:16:10Z	STANDOFF	1078	yulerune	224035	A	C	core_destroyed	200
2026-08-13T15:16:14Z	STANDOFF	1079	yulerune	224035	B	T	core_destroyed	254
2026-08-13T15:16:16Z	STANDOFF	1080	antler	224036	A	T	core_destroyed	465
2026-08-13T15:16:18Z	STANDOFF	1081	antler	224036	B	C	core_destroyed	410
2026-08-13T15:16:21Z	STANDOFF	1082	archipelago	224036	A	T	core_destroyed	328
2026-08-13T15:16:23Z	STANDOFF	1083	archipelago	224036	B	T	core_destroyed	86
2026-08-13T15:16:24Z	STANDOFF	1084	auroraveil	224036	A	T	core_destroyed	140
2026-08-13T15:16:26Z	STANDOFF	1085	auroraveil	224036	B	T	core_destroyed	83
2026-08-13T15:16:34Z	STANDOFF	1086	drakkarfjord	224036	A	C	core_destroyed	881
2026-08-13T15:16:39Z	STANDOFF	1087	drakkarfjord	224036	B	C	core_destroyed	307
2026-08-13T15:16:42Z	STANDOFF	1088	drumlin	224036	A	C	core_destroyed	279
2026-08-13T15:16:47Z	STANDOFF	1089	drumlin	224036	B	T	core_destroyed	347
2026-08-13T15:16:48Z	STANDOFF	1090	fjordgate	224036	A	T	core_destroyed	158
2026-08-13T15:16:49Z	STANDOFF	1091	fjordgate	224036	B	C	core_destroyed	109
2026-08-13T15:16:52Z	STANDOFF	1092	frostgate	224036	A	T	core_destroyed	272
2026-08-13T15:16:54Z	STANDOFF	1093	frostgate	224036	B	T	tiebreak	1000
2026-08-13T15:16:56Z	STANDOFF	1094	glacierkeep	224036	A	T	core_destroyed	142
2026-08-13T15:16:57Z	STANDOFF	1095	glacierkeep	224036	B	T	core_destroyed	172
2026-08-13T15:16:59Z	STANDOFF	1096	icefloe	224036	A	T	core_destroyed	144
2026-08-13T15:17:02Z	STANDOFF	1097	icefloe	224036	B	C	core_destroyed	339
2026-08-13T15:17:06Z	STANDOFF	1098	midgard	224036	A	T	core_destroyed	200
2026-08-13T15:17:13Z	STANDOFF	1099	midgard	224036	B	T	core_destroyed	294
2026-08-13T15:17:16Z	STANDOFF	1100	nordkap	224036	A	C	tiebreak	1000
2026-08-13T15:17:23Z	STANDOFF	1101	nordkap	224036	B	C	core_destroyed	487
2026-08-13T15:18:09Z	STANDOFF	1102	ragnarok	224036	A	C	tiebreak	1000
2026-08-13T15:18:11Z	STANDOFF	1103	ragnarok	224036	B	C	core_destroyed	125
2026-08-13T15:18:14Z	STANDOFF	1104	royale	224036	A	T	tiebreak	1000
2026-08-13T15:18:15Z	STANDOFF	1105	royale	224036	B	T	core_destroyed	284
2026-08-13T15:18:34Z	STANDOFF	1106	valkyrie	224036	A	C	tiebreak	1000
2026-08-13T15:18:40Z	STANDOFF	1107	valkyrie	224036	B	T	core_destroyed	447
2026-08-13T15:18:44Z	STANDOFF	1108	yulerune	224036	A	C	core_destroyed	355
2026-08-13T15:18:47Z	STANDOFF	1109	yulerune	224036	B	T	core_destroyed	248
2026-08-13T15:18:49Z	STANDOFF	1110	antler	224037	A	T	core_destroyed	201
2026-08-13T15:18:50Z	STANDOFF	1111	antler	224037	B	C	core_destroyed	117
2026-08-13T15:18:53Z	STANDOFF	1112	archipelago	224037	A	T	core_destroyed	294
2026-08-13T15:18:55Z	STANDOFF	1113	archipelago	224037	B	T	core_destroyed	107
2026-08-13T15:18:57Z	STANDOFF	1114	auroraveil	224037	A	C	core_destroyed	136
2026-08-13T15:18:59Z	STANDOFF	1115	auroraveil	224037	B	T	core_destroyed	417
2026-08-13T15:19:03Z	STANDOFF	1116	drakkarfjord	224037	A	T	core_destroyed	389
2026-08-13T15:19:09Z	STANDOFF	1117	drakkarfjord	224037	B	T	core_destroyed	478
2026-08-13T15:19:12Z	STANDOFF	1118	drumlin	224037	A	C	core_destroyed	196
2026-08-13T15:19:14Z	STANDOFF	1119	drumlin	224037	B	C	core_destroyed	396
2026-08-13T15:19:15Z	STANDOFF	1120	fjordgate	224037	A	T	core_destroyed	225
2026-08-13T15:19:16Z	STANDOFF	1121	fjordgate	224037	B	C	core_destroyed	110
2026-08-13T15:19:18Z	STANDOFF	1122	frostgate	224037	A	C	core_destroyed	253
2026-08-13T15:19:20Z	STANDOFF	1123	frostgate	224037	B	T	core_destroyed	162
2026-08-13T15:19:22Z	STANDOFF	1124	glacierkeep	224037	A	T	core_destroyed	113
2026-08-13T15:19:28Z	STANDOFF	1125	glacierkeep	224037	B	C	tiebreak	1000
2026-08-13T15:19:30Z	STANDOFF	1126	icefloe	224037	A	T	core_destroyed	152
2026-08-13T15:19:33Z	STANDOFF	1127	icefloe	224037	B	C	core_destroyed	464
2026-08-13T15:19:38Z	STANDOFF	1128	midgard	224037	A	T	core_destroyed	268
2026-08-13T15:19:41Z	STANDOFF	1129	midgard	224037	B	T	core_destroyed	202
2026-08-13T15:19:44Z	STANDOFF	1130	nordkap	224037	A	T	tiebreak	1000
2026-08-13T15:19:47Z	STANDOFF	1131	nordkap	224037	B	T	core_destroyed	349
2026-08-13T15:19:49Z	STANDOFF	1132	ragnarok	224037	A	T	core_destroyed	122
2026-08-13T15:20:41Z	STANDOFF	1133	ragnarok	224037	B	T	tiebreak	1000
2026-08-13T15:20:42Z	STANDOFF	1134	royale	224037	A	T	core_destroyed	195
2026-08-13T15:20:44Z	STANDOFF	1135	royale	224037	B	C	core_destroyed	229
2026-08-13T15:20:46Z	STANDOFF	1136	valkyrie	224037	A	C	core_destroyed	134
2026-08-13T15:20:49Z	STANDOFF	1137	valkyrie	224037	B	C	core_destroyed	151
2026-08-13T15:20:50Z	STANDOFF	1138	yulerune	224037	A	C	core_destroyed	207
2026-08-13T15:20:52Z	STANDOFF	1139	yulerune	224037	B	C	core_destroyed	161
2026-08-13T15:20:54Z	STANDOFF	1140	antler	224038	A	C	core_destroyed	178
2026-08-13T15:20:55Z	STANDOFF	1141	antler	224038	B	C	core_destroyed	263
2026-08-13T15:20:59Z	STANDOFF	1142	archipelago	224038	A	T	core_destroyed	170
2026-08-13T15:21:00Z	STANDOFF	1143	archipelago	224038	B	T	core_destroyed	79
2026-08-13T15:21:03Z	STANDOFF	1144	auroraveil	224038	A	C	core_destroyed	360
2026-08-13T15:21:04Z	STANDOFF	1145	auroraveil	224038	B	C	core_destroyed	160
2026-08-13T15:21:19Z	STANDOFF	1146	drakkarfjord	224038	A	C	tiebreak	1000
2026-08-13T15:21:22Z	STANDOFF	1147	drakkarfjord	224038	B	C	core_destroyed	215
2026-08-13T15:21:24Z	STANDOFF	1148	drumlin	224038	A	C	core_destroyed	276
2026-08-13T15:21:26Z	STANDOFF	1149	drumlin	224038	B	C	core_destroyed	285
2026-08-13T15:21:27Z	STANDOFF	1150	fjordgate	224038	A	T	core_destroyed	253
2026-08-13T15:21:29Z	STANDOFF	1151	fjordgate	224038	B	T	core_destroyed	183
2026-08-13T15:21:30Z	STANDOFF	1152	frostgate	224038	A	T	core_destroyed	337
2026-08-13T15:21:32Z	STANDOFF	1153	frostgate	224038	B	C	core_destroyed	586
2026-08-13T15:21:34Z	STANDOFF	1154	glacierkeep	224038	A	T	core_destroyed	201
2026-08-13T15:21:36Z	STANDOFF	1155	glacierkeep	224038	B	T	core_destroyed	209
2026-08-13T15:21:46Z	STANDOFF	1156	icefloe	224038	A	C	core_destroyed	861
2026-08-13T15:21:48Z	STANDOFF	1157	icefloe	224038	B	C	core_destroyed	136
2026-08-13T15:21:51Z	STANDOFF	1158	midgard	224038	A	C	core_destroyed	210
2026-08-13T15:21:53Z	STANDOFF	1159	midgard	224038	B	C	core_destroyed	153
2026-08-13T15:21:56Z	STANDOFF	1160	nordkap	224038	A	C	core_destroyed	764
2026-08-13T15:21:58Z	STANDOFF	1161	nordkap	224038	B	T	core_destroyed	121
2026-08-13T15:22:00Z	STANDOFF	1162	ragnarok	224038	A	T	core_destroyed	183
2026-08-13T15:22:04Z	STANDOFF	1163	ragnarok	224038	B	C	core_destroyed	179
2026-08-13T15:22:06Z	STANDOFF	1164	royale	224038	A	T	core_destroyed	280
2026-08-13T15:22:11Z	STANDOFF	1165	royale	224038	B	C	core_destroyed	933
2026-08-13T15:22:13Z	STANDOFF	1166	valkyrie	224038	A	C	core_destroyed	226
2026-08-13T15:22:16Z	STANDOFF	1167	valkyrie	224038	B	T	core_destroyed	238
2026-08-13T15:22:18Z	STANDOFF	1168	yulerune	224038	A	T	core_destroyed	213
2026-08-13T15:22:23Z	STANDOFF	1169	yulerune	224038	B	T	core_destroyed	316
2026-08-13T15:22:24Z	STANDOFF	1170	antler	224039	A	C	core_destroyed	219
2026-08-13T15:22:25Z	STANDOFF	1171	antler	224039	B	T	core_destroyed	150
2026-08-13T15:22:28Z	STANDOFF	1172	archipelago	224039	A	C	core_destroyed	238
2026-08-13T15:22:30Z	STANDOFF	1173	archipelago	224039	B	C	core_destroyed	115
2026-08-13T15:22:32Z	STANDOFF	1174	auroraveil	224039	A	T	core_destroyed	553
2026-08-13T15:22:34Z	STANDOFF	1175	auroraveil	224039	B	C	core_destroyed	175
2026-08-13T15:22:40Z	STANDOFF	1176	drakkarfjord	224039	A	C	core_destroyed	565
2026-08-13T15:22:46Z	STANDOFF	1177	drakkarfjord	224039	B	T	tiebreak	1000
2026-08-13T15:22:48Z	STANDOFF	1178	drumlin	224039	A	T	core_destroyed	135
2026-08-13T15:22:52Z	STANDOFF	1179	drumlin	224039	B	C	core_destroyed	296
2026-08-13T15:22:53Z	STANDOFF	1180	fjordgate	224039	A	T	core_destroyed	241
2026-08-13T15:22:55Z	STANDOFF	1181	fjordgate	224039	B	C	core_destroyed	415
2026-08-13T15:22:57Z	STANDOFF	1182	frostgate	224039	A	C	core_destroyed	328
2026-08-13T15:22:58Z	STANDOFF	1183	frostgate	224039	B	T	core_destroyed	103
2026-08-13T15:23:04Z	STANDOFF	1184	glacierkeep	224039	A	C	core_destroyed	915
2026-08-13T15:23:17Z	STANDOFF	1185	glacierkeep	224039	B	C	tiebreak	1000
2026-08-13T15:23:18Z	STANDOFF	1186	icefloe	224039	A	C	core_destroyed	67
2026-08-13T15:23:20Z	STANDOFF	1187	icefloe	224039	B	C	core_destroyed	168
2026-08-13T15:23:23Z	STANDOFF	1188	midgard	224039	A	T	core_destroyed	143
2026-08-13T15:23:26Z	STANDOFF	1189	midgard	224039	B	C	core_destroyed	119
2026-08-13T15:23:27Z	STANDOFF	1190	nordkap	224039	A	C	core_destroyed	183
2026-08-13T15:23:29Z	STANDOFF	1191	nordkap	224039	B	T	core_destroyed	180
2026-08-13T15:23:34Z	STANDOFF	1192	ragnarok	224039	A	C	core_destroyed	222
2026-08-13T15:23:40Z	STANDOFF	1193	ragnarok	224039	B	T	core_destroyed	469
2026-08-13T15:23:41Z	STANDOFF	1194	royale	224039	A	T	core_destroyed	163
2026-08-13T15:23:43Z	STANDOFF	1195	royale	224039	B	C	core_destroyed	383
2026-08-13T15:23:46Z	STANDOFF	1196	valkyrie	224039	A	C	core_destroyed	192
2026-08-13T15:23:49Z	STANDOFF	1197	valkyrie	224039	B	C	core_destroyed	189
2026-08-13T15:23:53Z	STANDOFF	1198	yulerune	224039	A	T	core_destroyed	339
2026-08-13T15:23:55Z	STANDOFF	1199	yulerune	224039	B	T	core_destroyed	154
2026-08-13T15:23:57Z	STANDOFF	1200	antler	224040	A	C	core_destroyed	334
2026-08-13T15:23:58Z	STANDOFF	1201	antler	224040	B	C	core_destroyed	174
2026-08-13T15:24:00Z	STANDOFF	1202	archipelago	224040	A	C	core_destroyed	112
2026-08-13T15:24:07Z	STANDOFF	1203	archipelago	224040	B	T	core_destroyed	335
2026-08-13T15:24:09Z	STANDOFF	1204	auroraveil	224040	A	C	core_destroyed	238
2026-08-13T15:24:11Z	STANDOFF	1205	auroraveil	224040	B	T	core_destroyed	236
2026-08-13T15:24:14Z	STANDOFF	1206	drakkarfjord	224040	A	T	core_destroyed	196
2026-08-13T15:24:16Z	STANDOFF	1207	drakkarfjord	224040	B	C	core_destroyed	203
2026-08-13T15:24:21Z	STANDOFF	1208	drumlin	224040	A	C	core_destroyed	394
2026-08-13T15:24:25Z	STANDOFF	1209	drumlin	224040	B	T	core_destroyed	333
2026-08-13T15:24:26Z	STANDOFF	1210	fjordgate	224040	A	C	core_destroyed	121
2026-08-13T15:24:29Z	STANDOFF	1211	fjordgate	224040	B	T	tiebreak	1000
2026-08-13T15:24:31Z	STANDOFF	1212	frostgate	224040	A	C	core_destroyed	233
2026-08-13T15:24:33Z	STANDOFF	1213	frostgate	224040	B	T	core_destroyed	575
2026-08-13T15:24:41Z	STANDOFF	1214	glacierkeep	224040	A	T	tiebreak	1000
2026-08-13T15:24:45Z	STANDOFF	1215	glacierkeep	224040	B	C	core_destroyed	792
2026-08-13T15:24:46Z	STANDOFF	1216	icefloe	224040	A	T	core_destroyed	83
2026-08-13T15:24:48Z	STANDOFF	1217	icefloe	224040	B	C	core_destroyed	131
2026-08-13T15:24:50Z	STANDOFF	1218	midgard	224040	A	T	core_destroyed	96
2026-08-13T15:24:53Z	STANDOFF	1219	midgard	224040	B	T	core_destroyed	160
2026-08-13T15:24:55Z	STANDOFF	1220	nordkap	224040	A	T	core_destroyed	236
2026-08-13T15:24:56Z	STANDOFF	1221	nordkap	224040	B	T	core_destroyed	165
2026-08-13T15:25:04Z	STANDOFF	1222	ragnarok	224040	A	T	core_destroyed	209
2026-08-13T15:25:43Z	STANDOFF	1223	ragnarok	224040	B	C	tiebreak	1000
2026-08-13T15:25:44Z	STANDOFF	1224	royale	224040	A	C	core_destroyed	208
2026-08-13T15:25:45Z	STANDOFF	1225	royale	224040	B	T	core_destroyed	480
2026-08-13T15:25:48Z	STANDOFF	1226	valkyrie	224040	A	T	core_destroyed	257
2026-08-13T15:25:50Z	STANDOFF	1227	valkyrie	224040	B	T	core_destroyed	261
2026-08-13T15:25:53Z	STANDOFF	1228	yulerune	224040	A	T	core_destroyed	251
2026-08-13T15:25:54Z	STANDOFF	1229	yulerune	224040	B	T	core_destroyed	154
2026-08-13T15:25:56Z	STANDOFF	1230	antler	224041	A	T	core_destroyed	96
2026-08-13T15:25:58Z	STANDOFF	1231	antler	224041	B	C	tiebreak	1000
2026-08-13T15:26:01Z	STANDOFF	1232	archipelago	224041	A	T	core_destroyed	124
2026-08-13T15:26:04Z	STANDOFF	1233	archipelago	224041	B	C	core_destroyed	277
2026-08-13T15:26:07Z	STANDOFF	1234	auroraveil	224041	A	C	tiebreak	1000
2026-08-13T15:26:10Z	STANDOFF	1235	auroraveil	224041	B	T	core_destroyed	249
2026-08-13T15:26:16Z	STANDOFF	1236	drakkarfjord	224041	A	T	core_destroyed	331
2026-08-13T15:26:18Z	STANDOFF	1237	drakkarfjord	224041	B	C	core_destroyed	143
2026-08-13T15:26:19Z	STANDOFF	1238	drumlin	224041	A	T	core_destroyed	125
2026-08-13T15:26:22Z	STANDOFF	1239	drumlin	224041	B	C	core_destroyed	211
2026-08-13T15:26:26Z	STANDOFF	1240	fjordgate	224041	A	C	tiebreak	1000
2026-08-13T15:26:27Z	STANDOFF	1241	fjordgate	224041	B	C	core_destroyed	160
2026-08-13T15:26:29Z	STANDOFF	1242	frostgate	224041	A	C	core_destroyed	150
2026-08-13T15:26:31Z	STANDOFF	1243	frostgate	224041	B	T	core_destroyed	575
2026-08-13T15:26:33Z	STANDOFF	1244	glacierkeep	224041	A	T	core_destroyed	284
2026-08-13T15:26:48Z	STANDOFF	1245	glacierkeep	224041	B	T	core_destroyed	613
2026-08-13T15:26:50Z	STANDOFF	1246	icefloe	224041	A	T	core_destroyed	234
2026-08-13T15:26:53Z	STANDOFF	1247	icefloe	224041	B	C	core_destroyed	278
2026-08-13T15:26:55Z	STANDOFF	1248	midgard	224041	A	T	core_destroyed	135
2026-08-13T15:26:58Z	STANDOFF	1249	midgard	224041	B	T	core_destroyed	137
2026-08-13T15:27:00Z	STANDOFF	1250	nordkap	224041	A	C	core_destroyed	160
2026-08-13T15:27:01Z	STANDOFF	1251	nordkap	224041	B	T	core_destroyed	421
2026-08-13T15:27:37Z	STANDOFF	1252	ragnarok	224041	A	C	tiebreak	1000
2026-08-13T15:28:08Z	STANDOFF	1253	ragnarok	224041	B	T	tiebreak	1000
2026-08-13T15:28:10Z	STANDOFF	1254	royale	224041	A	T	core_destroyed	128
2026-08-13T15:28:11Z	STANDOFF	1255	royale	224041	B	C	core_destroyed	763
2026-08-13T15:28:15Z	STANDOFF	1256	valkyrie	224041	A	T	core_destroyed	213
2026-08-13T15:28:17Z	STANDOFF	1257	valkyrie	224041	B	C	core_destroyed	142
2026-08-13T15:28:20Z	STANDOFF	1258	yulerune	224041	A	T	core_destroyed	445
2026-08-13T15:28:23Z	STANDOFF	1259	yulerune	224041	B	T	core_destroyed	299
2026-08-13T15:28:25Z	STANDOFF	1260	antler	224042	A	C	core_destroyed	413
2026-08-13T15:28:26Z	STANDOFF	1261	antler	224042	B	T	core_destroyed	220
2026-08-13T15:28:30Z	STANDOFF	1262	archipelago	224042	A	T	core_destroyed	305
2026-08-13T15:28:33Z	STANDOFF	1263	archipelago	224042	B	C	core_destroyed	120
2026-08-13T15:28:35Z	STANDOFF	1264	auroraveil	224042	A	T	core_destroyed	252
2026-08-13T15:28:38Z	STANDOFF	1265	auroraveil	224042	B	T	core_destroyed	243
2026-08-13T15:28:41Z	STANDOFF	1266	drakkarfjord	224042	A	T	core_destroyed	205
2026-08-13T15:28:44Z	STANDOFF	1267	drakkarfjord	224042	B	C	core_destroyed	231
2026-08-13T15:28:46Z	STANDOFF	1268	drumlin	224042	A	T	core_destroyed	122
2026-08-13T15:28:49Z	STANDOFF	1269	drumlin	224042	B	C	core_destroyed	281
2026-08-13T15:28:50Z	STANDOFF	1270	fjordgate	224042	A	T	core_destroyed	203
2026-08-13T15:28:51Z	STANDOFF	1271	fjordgate	224042	B	C	core_destroyed	661
2026-08-13T15:28:53Z	STANDOFF	1272	frostgate	224042	A	C	tiebreak	1000
2026-08-13T15:28:55Z	STANDOFF	1273	frostgate	224042	B	C	core_destroyed	230
2026-08-13T15:28:57Z	STANDOFF	1274	glacierkeep	224042	A	T	core_destroyed	235
2026-08-13T15:28:59Z	STANDOFF	1275	glacierkeep	224042	B	C	core_destroyed	133
2026-08-13T15:29:06Z	STANDOFF	1276	icefloe	224042	A	T	core_destroyed	623
2026-08-13T15:29:08Z	STANDOFF	1277	icefloe	224042	B	C	core_destroyed	314
2026-08-13T15:29:11Z	STANDOFF	1278	midgard	224042	A	T	core_destroyed	120
2026-08-13T15:29:14Z	STANDOFF	1279	midgard	224042	B	C	core_destroyed	179
2026-08-13T15:29:16Z	STANDOFF	1280	nordkap	224042	A	T	core_destroyed	170
2026-08-13T15:29:17Z	STANDOFF	1281	nordkap	224042	B	T	core_destroyed	158
2026-08-13T15:29:20Z	STANDOFF	1282	ragnarok	224042	A	T	core_destroyed	139
2026-08-13T15:29:29Z	STANDOFF	1283	ragnarok	224042	B	T	core_destroyed	597
2026-08-13T15:29:30Z	STANDOFF	1284	royale	224042	A	T	core_destroyed	159
2026-08-13T15:29:33Z	STANDOFF	1285	royale	224042	B	T	core_destroyed	443
2026-08-13T15:29:35Z	STANDOFF	1286	valkyrie	224042	A	C	core_destroyed	160
2026-08-13T15:29:40Z	STANDOFF	1287	valkyrie	224042	B	T	core_destroyed	270
2026-08-13T15:29:41Z	STANDOFF	1288	yulerune	224042	A	C	core_destroyed	143
2026-08-13T15:29:44Z	STANDOFF	1289	yulerune	224042	B	C	core_destroyed	341
2026-08-13T15:29:45Z	STANDOFF	1290	antler	224043	A	T	core_destroyed	154
2026-08-13T15:29:47Z	STANDOFF	1291	antler	224043	B	T	core_destroyed	304
2026-08-13T15:29:51Z	STANDOFF	1292	archipelago	224043	A	T	core_destroyed	588
2026-08-13T15:29:52Z	STANDOFF	1293	archipelago	224043	B	C	core_destroyed	141
2026-08-13T15:29:58Z	STANDOFF	1294	auroraveil	224043	A	T	core_destroyed	984
2026-08-13T15:29:59Z	STANDOFF	1295	auroraveil	224043	B	C	core_destroyed	124
2026-08-13T15:30:07Z	STANDOFF	1296	drakkarfjord	224043	A	T	tiebreak	1000
2026-08-13T15:30:17Z	STANDOFF	1297	drakkarfjord	224043	B	C	core_destroyed	772
2026-08-13T15:30:19Z	STANDOFF	1298	drumlin	224043	A	T	core_destroyed	515
2026-08-13T15:30:21Z	STANDOFF	1299	drumlin	224043	B	C	core_destroyed	147
2026-08-13T15:30:22Z	STANDOFF	1300	fjordgate	224043	A	C	core_destroyed	155
2026-08-13T15:30:23Z	STANDOFF	1301	fjordgate	224043	B	C	core_destroyed	128
2026-08-13T15:30:25Z	STANDOFF	1302	frostgate	224043	A	C	core_destroyed	232
2026-08-13T15:30:26Z	STANDOFF	1303	frostgate	224043	B	T	core_destroyed	495
2026-08-13T15:30:29Z	STANDOFF	1304	glacierkeep	224043	A	T	core_destroyed	248
2026-08-13T15:30:32Z	STANDOFF	1305	glacierkeep	224043	B	C	core_destroyed	280
2026-08-13T15:30:34Z	STANDOFF	1306	icefloe	224043	A	T	core_destroyed	135
2026-08-13T15:30:36Z	STANDOFF	1307	icefloe	224043	B	C	core_destroyed	252
2026-08-13T15:30:38Z	STANDOFF	1308	midgard	224043	A	T	core_destroyed	81
2026-08-13T15:30:40Z	STANDOFF	1309	midgard	224043	B	C	core_destroyed	91
2026-08-13T15:30:43Z	STANDOFF	1310	nordkap	224043	A	T	tiebreak	1000
2026-08-13T15:30:44Z	STANDOFF	1311	nordkap	224043	B	C	core_destroyed	166
2026-08-13T15:30:48Z	STANDOFF	1312	ragnarok	224043	A	C	core_destroyed	202
2026-08-13T15:30:51Z	STANDOFF	1313	ragnarok	224043	B	C	core_destroyed	114
2026-08-13T15:30:53Z	STANDOFF	1314	royale	224043	A	C	core_destroyed	287
2026-08-13T15:30:54Z	STANDOFF	1315	royale	224043	B	C	core_destroyed	403
2026-08-13T15:30:57Z	STANDOFF	1316	valkyrie	224043	A	C	core_destroyed	134
2026-08-13T15:31:03Z	STANDOFF	1317	valkyrie	224043	B	T	core_destroyed	421
2026-08-13T15:31:05Z	STANDOFF	1318	yulerune	224043	A	T	core_destroyed	217
2026-08-13T15:31:09Z	STANDOFF	1319	yulerune	224043	B	C	core_destroyed	248
2026-08-13T15:31:10Z	STANDOFF	1320	antler	224044	A	C	core_destroyed	141
2026-08-13T15:31:12Z	STANDOFF	1321	antler	224044	B	C	core_destroyed	299
2026-08-13T15:31:15Z	STANDOFF	1322	archipelago	224044	A	T	core_destroyed	302
2026-08-13T15:31:17Z	STANDOFF	1323	archipelago	224044	B	T	core_destroyed	138
2026-08-13T15:31:19Z	STANDOFF	1324	auroraveil	224044	A	C	core_destroyed	242
2026-08-13T15:31:21Z	STANDOFF	1325	auroraveil	224044	B	T	core_destroyed	333
2026-08-13T15:31:28Z	STANDOFF	1326	drakkarfjord	224044	A	C	core_destroyed	597
2026-08-13T15:31:34Z	STANDOFF	1327	drakkarfjord	224044	B	C	core_destroyed	380
2026-08-13T15:31:38Z	STANDOFF	1328	drumlin	224044	A	T	core_destroyed	297
2026-08-13T15:31:40Z	STANDOFF	1329	drumlin	224044	B	C	core_destroyed	187
2026-08-13T15:31:41Z	STANDOFF	1330	fjordgate	224044	A	T	core_destroyed	253
2026-08-13T15:31:42Z	STANDOFF	1331	fjordgate	224044	B	C	core_destroyed	144
2026-08-13T15:31:45Z	STANDOFF	1332	frostgate	224044	A	C	core_destroyed	252
2026-08-13T15:31:48Z	STANDOFF	1333	frostgate	224044	B	C	core_destroyed	306
2026-08-13T15:31:49Z	STANDOFF	1334	glacierkeep	224044	A	T	core_destroyed	179
2026-08-13T15:31:51Z	STANDOFF	1335	glacierkeep	224044	B	C	core_destroyed	182
2026-08-13T15:31:55Z	STANDOFF	1336	icefloe	224044	A	C	core_destroyed	444
2026-08-13T15:31:56Z	STANDOFF	1337	icefloe	224044	B	C	core_destroyed	151
2026-08-13T15:31:59Z	STANDOFF	1338	midgard	224044	A	T	core_destroyed	82
2026-08-13T15:32:01Z	STANDOFF	1339	midgard	224044	B	T	core_destroyed	109
2026-08-13T15:32:05Z	STANDOFF	1340	nordkap	224044	A	T	core_destroyed	665
2026-08-13T15:32:06Z	STANDOFF	1341	nordkap	224044	B	C	core_destroyed	154
2026-08-13T15:32:44Z	STANDOFF	1342	ragnarok	224044	A	T	tiebreak	1000
2026-08-13T15:32:47Z	STANDOFF	1343	ragnarok	224044	B	T	core_destroyed	198
2026-08-13T15:32:49Z	STANDOFF	1344	royale	224044	A	C	core_destroyed	175
2026-08-13T15:32:50Z	STANDOFF	1345	royale	224044	B	T	core_destroyed	132
2026-08-13T15:32:56Z	STANDOFF	1346	valkyrie	224044	A	T	core_destroyed	470
2026-08-13T15:32:58Z	STANDOFF	1347	valkyrie	224044	B	C	core_destroyed	133
2026-08-13T15:33:02Z	STANDOFF	1348	yulerune	224044	A	T	core_destroyed	384
2026-08-13T15:33:05Z	STANDOFF	1349	yulerune	224044	B	C	core_destroyed	440
2026-08-13T15:33:07Z	STANDOFF	1350	antler	224045	A	C	core_destroyed	434
2026-08-13T15:33:08Z	STANDOFF	1351	antler	224045	B	C	core_destroyed	288
2026-08-13T15:33:11Z	STANDOFF	1352	archipelago	224045	A	C	core_destroyed	198
2026-08-13T15:33:15Z	STANDOFF	1353	archipelago	224045	B	C	core_destroyed	196
2026-08-13T15:33:17Z	STANDOFF	1354	auroraveil	224045	A	T	core_destroyed	287
2026-08-13T15:33:19Z	STANDOFF	1355	auroraveil	224045	B	C	core_destroyed	122
2026-08-13T15:33:22Z	STANDOFF	1356	drakkarfjord	224045	A	C	core_destroyed	473
2026-08-13T15:33:29Z	STANDOFF	1357	drakkarfjord	224045	B	C	core_destroyed	383
2026-08-13T15:33:31Z	STANDOFF	1358	drumlin	224045	A	C	core_destroyed	133
2026-08-13T15:33:33Z	STANDOFF	1359	drumlin	224045	B	C	core_destroyed	170
2026-08-13T15:33:34Z	STANDOFF	1360	fjordgate	224045	A	T	core_destroyed	190
2026-08-13T15:33:36Z	STANDOFF	1361	fjordgate	224045	B	C	core_destroyed	622
2026-08-13T15:33:38Z	STANDOFF	1362	frostgate	224045	A	T	core_destroyed	206
2026-08-13T15:33:41Z	STANDOFF	1363	frostgate	224045	B	T	core_destroyed	211
2026-08-13T15:33:42Z	STANDOFF	1364	glacierkeep	224045	A	T	core_destroyed	252
2026-08-13T15:33:45Z	STANDOFF	1365	glacierkeep	224045	B	C	core_destroyed	275
2026-08-13T15:33:46Z	STANDOFF	1366	icefloe	224045	A	C	core_destroyed	136
2026-08-13T15:33:48Z	STANDOFF	1367	icefloe	224045	B	C	core_destroyed	133
2026-08-13T15:33:50Z	STANDOFF	1368	midgard	224045	A	C	core_destroyed	166
2026-08-13T15:33:53Z	STANDOFF	1369	midgard	224045	B	T	core_destroyed	157
2026-08-13T15:33:54Z	STANDOFF	1370	nordkap	224045	A	T	core_destroyed	108
2026-08-13T15:33:56Z	STANDOFF	1371	nordkap	224045	B	C	core_destroyed	161
2026-08-13T15:33:58Z	STANDOFF	1372	ragnarok	224045	A	T	core_destroyed	113
2026-08-13T15:34:00Z	STANDOFF	1373	ragnarok	224045	B	C	core_destroyed	145
2026-08-13T15:34:01Z	STANDOFF	1374	royale	224045	A	C	core_destroyed	144
2026-08-13T15:34:02Z	STANDOFF	1375	royale	224045	B	T	core_destroyed	167
2026-08-13T15:34:04Z	STANDOFF	1376	valkyrie	224045	A	C	core_destroyed	110
2026-08-13T15:34:06Z	STANDOFF	1377	valkyrie	224045	B	C	core_destroyed	101
2026-08-13T15:34:08Z	STANDOFF	1378	yulerune	224045	A	C	core_destroyed	170
2026-08-13T15:34:10Z	STANDOFF	1379	yulerune	224045	B	T	core_destroyed	201
2026-08-13T15:34:12Z	STANDOFF	1380	antler	224046	A	C	tiebreak	1000
2026-08-13T15:34:14Z	STANDOFF	1381	antler	224046	B	T	core_destroyed	185
2026-08-13T15:34:19Z	STANDOFF	1382	archipelago	224046	A	T	core_destroyed	656
2026-08-13T15:34:25Z	STANDOFF	1383	archipelago	224046	B	C	core_destroyed	821
2026-08-13T15:34:26Z	STANDOFF	1384	auroraveil	224046	A	C	core_destroyed	237
2026-08-13T15:34:28Z	STANDOFF	1385	auroraveil	224046	B	C	core_destroyed	154
2026-08-13T15:34:31Z	STANDOFF	1386	drakkarfjord	224046	A	C	core_destroyed	304
2026-08-13T15:34:34Z	STANDOFF	1387	drakkarfjord	224046	B	T	core_destroyed	137
2026-08-13T15:34:36Z	STANDOFF	1388	drumlin	224046	A	C	core_destroyed	189
2026-08-13T15:34:40Z	STANDOFF	1389	drumlin	224046	B	T	core_destroyed	283
2026-08-13T15:34:42Z	STANDOFF	1390	fjordgate	224046	A	C	core_destroyed	270
2026-08-13T15:34:44Z	STANDOFF	1391	fjordgate	224046	B	T	core_destroyed	865
2026-08-13T15:34:48Z	STANDOFF	1392	frostgate	224046	A	T	core_destroyed	411
2026-08-13T15:34:50Z	STANDOFF	1393	frostgate	224046	B	C	tiebreak	1000
2026-08-13T15:34:52Z	STANDOFF	1394	glacierkeep	224046	A	T	core_destroyed	225
2026-08-13T15:34:54Z	STANDOFF	1395	glacierkeep	224046	B	C	core_destroyed	139
2026-08-13T15:34:55Z	STANDOFF	1396	icefloe	224046	A	T	core_destroyed	85
2026-08-13T15:34:57Z	STANDOFF	1397	icefloe	224046	B	C	core_destroyed	209
2026-08-13T15:35:03Z	STANDOFF	1398	midgard	224046	A	C	core_destroyed	314
2026-08-13T15:35:08Z	STANDOFF	1399	midgard	224046	B	C	core_destroyed	171
2026-08-13T15:35:09Z	STANDOFF	1400	nordkap	224046	A	T	core_destroyed	285
2026-08-13T15:35:12Z	STANDOFF	1401	nordkap	224046	B	C	core_destroyed	273
2026-08-13T15:35:14Z	STANDOFF	1402	ragnarok	224046	A	T	core_destroyed	145
2026-08-13T15:35:21Z	STANDOFF	1403	ragnarok	224046	B	C	core_destroyed	247
2026-08-13T15:35:23Z	STANDOFF	1404	royale	224046	A	C	core_destroyed	416
2026-08-13T15:35:24Z	STANDOFF	1405	royale	224046	B	T	core_destroyed	310
2026-08-13T15:35:26Z	STANDOFF	1406	valkyrie	224046	A	T	core_destroyed	116
2026-08-13T15:35:30Z	STANDOFF	1407	valkyrie	224046	B	T	core_destroyed	238
2026-08-13T15:35:32Z	STANDOFF	1408	yulerune	224046	A	C	core_destroyed	143
2026-08-13T15:35:36Z	STANDOFF	1409	yulerune	224046	B	C	core_destroyed	404
2026-08-13T15:35:37Z	STANDOFF	1410	antler	224047	A	C	core_destroyed	227
2026-08-13T15:35:39Z	STANDOFF	1411	antler	224047	B	T	core_destroyed	227
2026-08-13T15:35:41Z	STANDOFF	1412	archipelago	224047	A	C	core_destroyed	101
2026-08-13T15:35:44Z	STANDOFF	1413	archipelago	224047	B	T	core_destroyed	161
2026-08-13T15:35:46Z	STANDOFF	1414	auroraveil	224047	A	C	core_destroyed	234
2026-08-13T15:35:48Z	STANDOFF	1415	auroraveil	224047	B	T	core_destroyed	329
2026-08-13T15:35:53Z	STANDOFF	1416	drakkarfjord	224047	A	T	core_destroyed	273
2026-08-13T15:36:02Z	STANDOFF	1417	drakkarfjord	224047	B	C	core_destroyed	677
2026-08-13T15:36:04Z	STANDOFF	1418	drumlin	224047	A	T	core_destroyed	276
2026-08-13T15:36:06Z	STANDOFF	1419	drumlin	224047	B	C	core_destroyed	171
2026-08-13T15:36:07Z	STANDOFF	1420	fjordgate	224047	A	T	core_destroyed	127
2026-08-13T15:36:09Z	STANDOFF	1421	fjordgate	224047	B	T	core_destroyed	440
2026-08-13T15:36:11Z	STANDOFF	1422	frostgate	224047	A	C	core_destroyed	229
2026-08-13T15:36:12Z	STANDOFF	1423	frostgate	224047	B	C	core_destroyed	193
2026-08-13T15:36:15Z	STANDOFF	1424	glacierkeep	224047	A	T	core_destroyed	308
2026-08-13T15:36:20Z	STANDOFF	1425	glacierkeep	224047	B	C	core_destroyed	448
2026-08-13T15:36:22Z	STANDOFF	1426	icefloe	224047	A	T	core_destroyed	292
2026-08-13T15:36:24Z	STANDOFF	1427	icefloe	224047	B	T	core_destroyed	137
2026-08-13T15:36:30Z	STANDOFF	1428	midgard	224047	A	C	core_destroyed	280
2026-08-13T15:36:34Z	STANDOFF	1429	midgard	224047	B	C	core_destroyed	169
2026-08-13T15:36:37Z	STANDOFF	1430	nordkap	224047	A	C	core_destroyed	793
2026-08-13T15:36:38Z	STANDOFF	1431	nordkap	224047	B	C	core_destroyed	207
2026-08-13T15:36:41Z	STANDOFF	1432	ragnarok	224047	A	T	core_destroyed	133
2026-08-13T15:36:43Z	STANDOFF	1433	ragnarok	224047	B	C	core_destroyed	225
2026-08-13T15:36:46Z	STANDOFF	1434	royale	224047	A	C	core_destroyed	385
2026-08-13T15:36:48Z	STANDOFF	1435	royale	224047	B	T	core_destroyed	206
2026-08-13T15:37:09Z	STANDOFF	1436	valkyrie	224047	A	C	tiebreak	1000
2026-08-13T15:37:11Z	STANDOFF	1437	valkyrie	224047	B	C	core_destroyed	126
2026-08-13T15:37:12Z	STANDOFF	1438	yulerune	224047	A	C	core_destroyed	217
2026-08-13T15:37:14Z	STANDOFF	1439	yulerune	224047	B	C	core_destroyed	226
2026-08-13T15:37:17Z	STANDOFF	1440	antler	224048	A	T	core_destroyed	250
2026-08-13T15:37:19Z	STANDOFF	1441	antler	224048	B	C	core_destroyed	722
2026-08-13T15:37:22Z	STANDOFF	1442	archipelago	224048	A	T	core_destroyed	178
2026-08-13T15:37:24Z	STANDOFF	1443	archipelago	224048	B	C	core_destroyed	108
2026-08-13T15:37:26Z	STANDOFF	1444	auroraveil	224048	A	T	core_destroyed	283
2026-08-13T15:37:28Z	STANDOFF	1445	auroraveil	224048	B	C	core_destroyed	232
2026-08-13T15:37:35Z	STANDOFF	1446	drakkarfjord	224048	A	C	tiebreak	1000
2026-08-13T15:37:40Z	STANDOFF	1447	drakkarfjord	224048	B	T	core_destroyed	358
2026-08-13T15:37:43Z	STANDOFF	1448	drumlin	224048	A	T	core_destroyed	271
2026-08-13T15:37:47Z	STANDOFF	1449	drumlin	224048	B	T	core_destroyed	308
2026-08-13T15:37:48Z	STANDOFF	1450	fjordgate	224048	A	T	core_destroyed	152
2026-08-13T15:37:49Z	STANDOFF	1451	fjordgate	224048	B	C	core_destroyed	281
2026-08-13T15:37:50Z	STANDOFF	1452	frostgate	224048	A	T	core_destroyed	117
2026-08-13T15:37:52Z	STANDOFF	1453	frostgate	224048	B	C	core_destroyed	185
2026-08-13T15:37:55Z	STANDOFF	1454	glacierkeep	224048	A	C	core_destroyed	270
2026-08-13T15:37:58Z	STANDOFF	1455	glacierkeep	224048	B	C	core_destroyed	225
2026-08-13T15:38:00Z	STANDOFF	1456	icefloe	224048	A	T	core_destroyed	180
2026-08-13T15:38:04Z	STANDOFF	1457	icefloe	224048	B	C	core_destroyed	331
2026-08-13T15:38:06Z	STANDOFF	1458	midgard	224048	A	T	core_destroyed	103
2026-08-13T15:38:13Z	STANDOFF	1459	midgard	224048	B	C	core_destroyed	401
2026-08-13T15:38:16Z	STANDOFF	1460	nordkap	224048	A	C	core_destroyed	697
2026-08-13T15:38:22Z	STANDOFF	1461	nordkap	224048	B	C	tiebreak	1000
2026-08-13T15:38:26Z	STANDOFF	1462	ragnarok	224048	A	T	core_destroyed	215
2026-08-13T15:38:28Z	STANDOFF	1463	ragnarok	224048	B	C	core_destroyed	121
2026-08-13T15:38:29Z	STANDOFF	1464	royale	224048	A	C	core_destroyed	329
2026-08-13T15:38:31Z	STANDOFF	1465	royale	224048	B	T	core_destroyed	319
2026-08-13T15:38:33Z	STANDOFF	1466	valkyrie	224048	A	C	core_destroyed	134
2026-08-13T15:38:38Z	STANDOFF	1467	valkyrie	224048	B	C	core_destroyed	307
2026-08-13T15:38:40Z	STANDOFF	1468	yulerune	224048	A	T	core_destroyed	196
2026-08-13T15:38:42Z	STANDOFF	1469	yulerune	224048	B	T	core_destroyed	115
2026-08-13T15:38:43Z	STANDOFF	1470	antler	224049	A	C	core_destroyed	309
2026-08-13T15:38:44Z	STANDOFF	1471	antler	224049	B	T	core_destroyed	334
2026-08-13T15:38:46Z	STANDOFF	1472	archipelago	224049	A	T	core_destroyed	66
2026-08-13T15:38:49Z	STANDOFF	1473	archipelago	224049	B	C	core_destroyed	145
2026-08-13T15:38:50Z	STANDOFF	1474	auroraveil	224049	A	T	core_destroyed	113
2026-08-13T15:38:52Z	STANDOFF	1475	auroraveil	224049	B	T	core_destroyed	137
2026-08-13T15:38:58Z	STANDOFF	1476	drakkarfjord	224049	A	C	core_destroyed	356
2026-08-13T15:39:04Z	STANDOFF	1477	drakkarfjord	224049	B	T	core_destroyed	480
2026-08-13T15:39:06Z	STANDOFF	1478	drumlin	224049	A	T	core_destroyed	127
2026-08-13T15:39:09Z	STANDOFF	1479	drumlin	224049	B	T	core_destroyed	180
2026-08-13T15:39:10Z	STANDOFF	1480	fjordgate	224049	A	T	core_destroyed	236
2026-08-13T15:39:13Z	STANDOFF	1481	fjordgate	224049	B	T	core_destroyed	726
2026-08-13T15:39:15Z	STANDOFF	1482	frostgate	224049	A	T	tiebreak	1000
2026-08-13T15:39:17Z	STANDOFF	1483	frostgate	224049	B	T	core_destroyed	237
2026-08-13T15:39:23Z	STANDOFF	1484	glacierkeep	224049	A	C	tiebreak	1000
2026-08-13T15:39:24Z	STANDOFF	1485	glacierkeep	224049	B	C	core_destroyed	130
2026-08-13T15:39:25Z	STANDOFF	1486	icefloe	224049	A	T	core_destroyed	140
2026-08-13T15:39:29Z	STANDOFF	1487	icefloe	224049	B	C	core_destroyed	549
2026-08-13T15:39:32Z	STANDOFF	1488	midgard	224049	A	C	core_destroyed	93
2026-08-13T15:39:34Z	STANDOFF	1489	midgard	224049	B	T	core_destroyed	138
2026-08-13T15:39:35Z	STANDOFF	1490	nordkap	224049	A	T	core_destroyed	170
2026-08-13T15:39:37Z	STANDOFF	1491	nordkap	224049	B	C	core_destroyed	289
2026-08-13T15:39:42Z	STANDOFF	1492	ragnarok	224049	A	T	core_destroyed	214
2026-08-13T15:40:09Z	STANDOFF	1493	ragnarok	224049	B	C	tiebreak	1000
2026-08-13T15:40:11Z	STANDOFF	1494	royale	224049	A	T	core_destroyed	482
2026-08-13T15:40:13Z	STANDOFF	1495	royale	224049	B	C	core_destroyed	122
2026-08-13T15:40:15Z	STANDOFF	1496	valkyrie	224049	A	T	core_destroyed	141
2026-08-13T15:40:17Z	STANDOFF	1497	valkyrie	224049	B	T	core_destroyed	293
2026-08-13T15:40:21Z	STANDOFF	1498	yulerune	224049	A	C	core_destroyed	275
2026-08-13T15:40:25Z	STANDOFF	1499	yulerune	224049	B	T	core_destroyed	348
2026-08-13T15:40:27Z	STANDOFF	1500	antler	224050	A	T	core_destroyed	141
2026-08-13T15:40:29Z	STANDOFF	1501	antler	224050	B	C	tiebreak	1000
2026-08-13T15:40:34Z	STANDOFF	1502	archipelago	224050	A	T	core_destroyed	424
2026-08-13T15:40:36Z	STANDOFF	1503	archipelago	224050	B	T	core_destroyed	87
2026-08-13T15:40:37Z	STANDOFF	1504	auroraveil	224050	A	T	core_destroyed	123
2026-08-13T15:40:40Z	STANDOFF	1505	auroraveil	224050	B	C	core_destroyed	613
2026-08-13T15:40:46Z	STANDOFF	1506	drakkarfjord	224050	A	C	core_destroyed	420
2026-08-13T15:40:48Z	STANDOFF	1507	drakkarfjord	224050	B	C	core_destroyed	141
2026-08-13T15:40:51Z	STANDOFF	1508	drumlin	224050	A	T	core_destroyed	490
2026-08-13T15:40:52Z	STANDOFF	1509	drumlin	224050	B	C	core_destroyed	115
2026-08-13T15:40:53Z	STANDOFF	1510	fjordgate	224050	A	T	core_destroyed	631
2026-08-13T15:40:56Z	STANDOFF	1511	fjordgate	224050	B	C	core_destroyed	462
2026-08-13T15:40:58Z	STANDOFF	1512	frostgate	224050	A	T	core_destroyed	174
2026-08-13T15:40:59Z	STANDOFF	1513	frostgate	224050	B	T	core_destroyed	215
2026-08-13T15:41:01Z	STANDOFF	1514	glacierkeep	224050	A	T	core_destroyed	185
2026-08-13T15:41:03Z	STANDOFF	1515	glacierkeep	224050	B	C	core_destroyed	169
2026-08-13T15:41:04Z	STANDOFF	1516	icefloe	224050	A	C	core_destroyed	161
2026-08-13T15:41:06Z	STANDOFF	1517	icefloe	224050	B	C	core_destroyed	140
2026-08-13T15:41:08Z	STANDOFF	1518	midgard	224050	A	C	core_destroyed	92
2026-08-13T15:41:12Z	STANDOFF	1519	midgard	224050	B	C	tiebreak	1000
2026-08-13T15:41:13Z	STANDOFF	1520	nordkap	224050	A	T	core_destroyed	213
2026-08-13T15:41:15Z	STANDOFF	1521	nordkap	224050	B	C	core_destroyed	123
2026-08-13T15:41:17Z	STANDOFF	1522	ragnarok	224050	A	T	core_destroyed	231
2026-08-13T15:41:22Z	STANDOFF	1523	ragnarok	224050	B	T	core_destroyed	246
2026-08-13T15:41:24Z	STANDOFF	1524	royale	224050	A	C	tiebreak	1000
2026-08-13T15:41:25Z	STANDOFF	1525	royale	224050	B	T	core_destroyed	265
2026-08-13T15:41:30Z	STANDOFF	1526	valkyrie	224050	A	T	core_destroyed	329
2026-08-13T15:41:34Z	STANDOFF	1527	valkyrie	224050	B	C	core_destroyed	244
2026-08-13T15:41:38Z	STANDOFF	1528	yulerune	224050	A	C	core_destroyed	350
2026-08-13T15:41:40Z	STANDOFF	1529	yulerune	224050	B	C	core_destroyed	160
2026-08-13T15:41:41Z	STANDOFF	1530	antler	224051	A	T	core_destroyed	161
2026-08-13T15:41:43Z	STANDOFF	1531	antler	224051	B	C	core_destroyed	108
2026-08-13T15:41:45Z	STANDOFF	1532	archipelago	224051	A	T	core_destroyed	103
2026-08-13T15:41:47Z	STANDOFF	1533	archipelago	224051	B	C	core_destroyed	97
2026-08-13T15:41:49Z	STANDOFF	1534	auroraveil	224051	A	C	core_destroyed	352
2026-08-13T15:41:52Z	STANDOFF	1535	auroraveil	224051	B	C	core_destroyed	606
2026-08-13T15:41:54Z	STANDOFF	1536	drakkarfjord	224051	A	C	core_destroyed	118
2026-08-13T15:42:00Z	STANDOFF	1537	drakkarfjord	224051	B	T	core_destroyed	438
2026-08-13T15:42:04Z	STANDOFF	1538	drumlin	224051	A	T	core_destroyed	395
2026-08-13T15:42:16Z	STANDOFF	1539	drumlin	224051	B	T	tiebreak	1000
2026-08-13T15:42:17Z	STANDOFF	1540	fjordgate	224051	A	T	core_destroyed	132
2026-08-13T15:42:18Z	STANDOFF	1541	fjordgate	224051	B	T	core_destroyed	197
2026-08-13T15:42:20Z	STANDOFF	1542	frostgate	224051	A	T	core_destroyed	221
2026-08-13T15:42:24Z	STANDOFF	1543	frostgate	224051	B	T	core_destroyed	457
2026-08-13T15:42:25Z	STANDOFF	1544	glacierkeep	224051	A	T	core_destroyed	361
2026-08-13T15:42:27Z	STANDOFF	1545	glacierkeep	224051	B	C	core_destroyed	179
2026-08-13T15:42:34Z	STANDOFF	1546	icefloe	224051	A	C	core_destroyed	429
2026-08-13T15:42:36Z	STANDOFF	1547	icefloe	224051	B	T	core_destroyed	216
2026-08-13T15:42:39Z	STANDOFF	1548	midgard	224051	A	T	core_destroyed	143
2026-08-13T15:42:42Z	STANDOFF	1549	midgard	224051	B	C	core_destroyed	122
2026-08-13T15:42:44Z	STANDOFF	1550	nordkap	224051	A	C	core_destroyed	555
2026-08-13T15:42:49Z	STANDOFF	1551	nordkap	224051	B	C	core_destroyed	546
2026-08-13T15:43:34Z	STANDOFF	1552	ragnarok	224051	A	T	tiebreak	1000
2026-08-13T15:43:36Z	STANDOFF	1553	ragnarok	224051	B	C	core_destroyed	126
2026-08-13T15:43:39Z	STANDOFF	1554	royale	224051	A	C	core_destroyed	486
2026-08-13T15:43:40Z	STANDOFF	1555	royale	224051	B	T	core_destroyed	233
2026-08-13T15:43:47Z	STANDOFF	1556	valkyrie	224051	A	T	core_destroyed	582
2026-08-13T15:43:50Z	STANDOFF	1557	valkyrie	224051	B	T	core_destroyed	157
2026-08-13T15:43:53Z	STANDOFF	1558	yulerune	224051	A	C	core_destroyed	265
2026-08-13T15:43:55Z	STANDOFF	1559	yulerune	224051	B	C	core_destroyed	141
2026-08-13T15:43:57Z	STANDOFF	1560	antler	224052	A	C	core_destroyed	184
2026-08-13T15:43:58Z	STANDOFF	1561	antler	224052	B	C	core_destroyed	324
2026-08-13T15:44:00Z	STANDOFF	1562	archipelago	224052	A	C	core_destroyed	84
2026-08-13T15:44:03Z	STANDOFF	1563	archipelago	224052	B	C	core_destroyed	257
2026-08-13T15:44:08Z	STANDOFF	1564	auroraveil	224052	A	T	core_destroyed	436
2026-08-13T15:44:10Z	STANDOFF	1565	auroraveil	224052	B	C	core_destroyed	273
2026-08-13T15:44:18Z	STANDOFF	1566	drakkarfjord	224052	A	T	tiebreak	1000
2026-08-13T15:44:19Z	STANDOFF	1567	drakkarfjord	224052	B	C	core_destroyed	214
2026-08-13T15:44:23Z	STANDOFF	1568	drumlin	224052	A	T	core_destroyed	396
2026-08-13T15:44:24Z	STANDOFF	1569	drumlin	224052	B	T	core_destroyed	185
2026-08-13T15:44:26Z	STANDOFF	1570	fjordgate	224052	A	T	core_destroyed	283
2026-08-13T15:44:28Z	STANDOFF	1571	fjordgate	224052	B	C	core_destroyed	183
2026-08-13T15:44:29Z	STANDOFF	1572	frostgate	224052	A	C	core_destroyed	549
2026-08-13T15:44:32Z	STANDOFF	1573	frostgate	224052	B	C	core_destroyed	285
2026-08-13T15:44:35Z	STANDOFF	1574	glacierkeep	224052	A	C	core_destroyed	304
2026-08-13T15:44:38Z	STANDOFF	1575	glacierkeep	224052	B	C	core_destroyed	452
2026-08-13T15:44:40Z	STANDOFF	1576	icefloe	224052	A	T	core_destroyed	145
2026-08-13T15:44:41Z	STANDOFF	1577	icefloe	224052	B	C	core_destroyed	108
2026-08-13T15:44:43Z	STANDOFF	1578	midgard	224052	A	C	core_destroyed	115
2026-08-13T15:44:46Z	STANDOFF	1579	midgard	224052	B	C	core_destroyed	81
2026-08-13T15:44:47Z	STANDOFF	1580	nordkap	224052	A	T	core_destroyed	165
2026-08-13T15:44:48Z	STANDOFF	1581	nordkap	224052	B	C	core_destroyed	81
2026-08-13T15:45:29Z	STANDOFF	1582	ragnarok	224052	A	C	tiebreak	1000
2026-08-13T15:45:31Z	STANDOFF	1583	ragnarok	224052	B	C	core_destroyed	121
2026-08-13T15:45:32Z	STANDOFF	1584	royale	224052	A	T	core_destroyed	293
2026-08-13T15:45:34Z	STANDOFF	1585	royale	224052	B	T	core_destroyed	229
2026-08-13T15:45:38Z	STANDOFF	1586	valkyrie	224052	A	T	core_destroyed	181
2026-08-13T15:46:03Z	STANDOFF	1587	valkyrie	224052	B	C	tiebreak	1000
2026-08-13T15:46:05Z	STANDOFF	1588	yulerune	224052	A	T	core_destroyed	345
2026-08-13T15:46:07Z	STANDOFF	1589	yulerune	224052	B	T	core_destroyed	119
2026-08-13T15:46:08Z	STANDOFF	1590	antler	224053	A	T	core_destroyed	249
2026-08-13T15:46:10Z	STANDOFF	1591	antler	224053	B	T	core_destroyed	362
2026-08-13T15:46:12Z	STANDOFF	1592	archipelago	224053	A	T	core_destroyed	111
2026-08-13T15:46:14Z	STANDOFF	1593	archipelago	224053	B	C	core_destroyed	131
2026-08-13T15:46:23Z	STANDOFF	1594	auroraveil	224053	A	C	tiebreak	1000
2026-08-13T15:46:24Z	STANDOFF	1595	auroraveil	224053	B	T	core_destroyed	144
2026-08-13T15:46:27Z	STANDOFF	1596	drakkarfjord	224053	A	C	core_destroyed	199
2026-08-13T15:46:33Z	STANDOFF	1597	drakkarfjord	224053	B	C	core_destroyed	399
2026-08-13T15:46:35Z	STANDOFF	1598	drumlin	224053	A	C	core_destroyed	259
2026-08-13T15:46:38Z	STANDOFF	1599	drumlin	224053	B	T	core_destroyed	211
2026-08-13T15:46:39Z	STANDOFF	1600	fjordgate	224053	A	T	core_destroyed	165
2026-08-13T15:46:40Z	STANDOFF	1601	fjordgate	224053	B	T	core_destroyed	193
2026-08-13T15:46:42Z	STANDOFF	1602	frostgate	224053	A	C	core_destroyed	413
2026-08-13T15:46:44Z	STANDOFF	1603	frostgate	224053	B	C	core_destroyed	176
2026-08-13T15:46:49Z	STANDOFF	1604	glacierkeep	224053	A	T	core_destroyed	448
2026-08-13T15:46:51Z	STANDOFF	1605	glacierkeep	224053	B	C	core_destroyed	263
2026-08-13T15:46:58Z	STANDOFF	1606	icefloe	224053	A	C	core_destroyed	683
2026-08-13T15:47:01Z	STANDOFF	1607	icefloe	224053	B	C	core_destroyed	232
2026-08-13T15:47:03Z	STANDOFF	1608	midgard	224053	A	T	core_destroyed	80
2026-08-13T15:47:06Z	STANDOFF	1609	midgard	224053	B	T	core_destroyed	126
2026-08-13T15:47:07Z	STANDOFF	1610	nordkap	224053	A	T	core_destroyed	112
2026-08-13T15:47:08Z	STANDOFF	1611	nordkap	224053	B	C	core_destroyed	119
2026-08-13T15:47:13Z	STANDOFF	1612	ragnarok	224053	A	C	core_destroyed	291
2026-08-13T15:47:17Z	STANDOFF	1613	ragnarok	224053	B	T	core_destroyed	166
2026-08-13T15:47:18Z	STANDOFF	1614	royale	224053	A	C	core_destroyed	334
2026-08-13T15:47:20Z	STANDOFF	1615	royale	224053	B	T	core_destroyed	168
2026-08-13T15:47:21Z	STANDOFF	1616	valkyrie	224053	A	T	core_destroyed	93
2026-08-13T15:47:26Z	STANDOFF	1617	valkyrie	224053	B	T	core_destroyed	251
2026-08-13T15:47:28Z	STANDOFF	1618	yulerune	224053	A	T	core_destroyed	277
2026-08-13T15:47:30Z	STANDOFF	1619	yulerune	224053	B	T	core_destroyed	145
2026-08-13T15:47:31Z	STANDOFF	1620	antler	224054	A	T	core_destroyed	134
2026-08-13T15:47:33Z	STANDOFF	1621	antler	224054	B	T	core_destroyed	364
2026-08-13T15:47:36Z	STANDOFF	1622	archipelago	224054	A	T	core_destroyed	210
2026-08-13T15:47:39Z	STANDOFF	1623	archipelago	224054	B	T	core_destroyed	150
2026-08-13T15:47:42Z	STANDOFF	1624	auroraveil	224054	A	T	core_destroyed	252
2026-08-13T15:47:43Z	STANDOFF	1625	auroraveil	224054	B	T	core_destroyed	193
2026-08-13T15:47:46Z	STANDOFF	1626	drakkarfjord	224054	A	C	core_destroyed	184
2026-08-13T15:47:48Z	STANDOFF	1627	drakkarfjord	224054	B	C	core_destroyed	201
2026-08-13T15:47:52Z	STANDOFF	1628	drumlin	224054	A	C	core_destroyed	297
2026-08-13T15:47:59Z	STANDOFF	1629	drumlin	224054	B	C	core_destroyed	507
2026-08-13T15:48:00Z	STANDOFF	1630	fjordgate	224054	A	T	core_destroyed	217
2026-08-13T15:48:01Z	STANDOFF	1631	fjordgate	224054	B	C	core_destroyed	344
2026-08-13T15:48:02Z	STANDOFF	1632	frostgate	224054	A	C	core_destroyed	84
2026-08-13T15:48:04Z	STANDOFF	1633	frostgate	224054	B	T	core_destroyed	247
2026-08-13T15:48:06Z	STANDOFF	1634	glacierkeep	224054	A	T	core_destroyed	135
2026-08-13T15:48:09Z	STANDOFF	1635	glacierkeep	224054	B	T	core_destroyed	563
2026-08-13T15:48:11Z	STANDOFF	1636	icefloe	224054	A	C	core_destroyed	233
2026-08-13T15:48:13Z	STANDOFF	1637	icefloe	224054	B	T	core_destroyed	148
2026-08-13T15:48:15Z	STANDOFF	1638	midgard	224054	A	C	core_destroyed	140
2026-08-13T15:48:17Z	STANDOFF	1639	midgard	224054	B	C	core_destroyed	93
2026-08-13T15:48:19Z	STANDOFF	1640	nordkap	224054	A	T	core_destroyed	349
2026-08-13T15:48:20Z	STANDOFF	1641	nordkap	224054	B	T	core_destroyed	146
2026-08-13T15:48:22Z	STANDOFF	1642	ragnarok	224054	A	T	core_destroyed	146
2026-08-13T15:49:10Z	STANDOFF	1643	ragnarok	224054	B	C	tiebreak	1000
2026-08-13T15:49:11Z	STANDOFF	1644	royale	224054	A	C	core_destroyed	88
2026-08-13T15:49:13Z	STANDOFF	1645	royale	224054	B	C	core_destroyed	371
2026-08-13T15:49:19Z	STANDOFF	1646	valkyrie	224054	A	T	core_destroyed	346
2026-08-13T15:49:21Z	STANDOFF	1647	valkyrie	224054	B	T	core_destroyed	159
2026-08-13T15:49:23Z	STANDOFF	1648	yulerune	224054	A	C	core_destroyed	263
2026-08-13T15:49:24Z	STANDOFF	1649	yulerune	224054	B	C	core_destroyed	154
2026-08-13T15:49:26Z	STANDOFF	1650	antler	224055	A	C	core_destroyed	210
2026-08-13T15:49:28Z	STANDOFF	1651	antler	224055	B	C	core_destroyed	424
2026-08-13T15:49:29Z	STANDOFF	1652	archipelago	224055	A	C	core_destroyed	97
2026-08-13T15:49:31Z	STANDOFF	1653	archipelago	224055	B	T	core_destroyed	122
2026-08-13T15:49:37Z	STANDOFF	1654	auroraveil	224055	A	C	core_destroyed	721
2026-08-13T15:49:39Z	STANDOFF	1655	auroraveil	224055	B	T	core_destroyed	148
2026-08-13T15:49:46Z	STANDOFF	1656	drakkarfjord	224055	A	T	core_destroyed	395
2026-08-13T15:49:51Z	STANDOFF	1657	drakkarfjord	224055	B	C	core_destroyed	364
2026-08-13T15:49:54Z	STANDOFF	1658	drumlin	224055	A	C	core_destroyed	278
2026-08-13T15:49:57Z	STANDOFF	1659	drumlin	224055	B	T	core_destroyed	312
2026-08-13T15:49:58Z	STANDOFF	1660	fjordgate	224055	A	C	core_destroyed	154
2026-08-13T15:50:00Z	STANDOFF	1661	fjordgate	224055	B	C	core_destroyed	458
2026-08-13T15:50:03Z	STANDOFF	1662	frostgate	224055	A	T	core_destroyed	380
2026-08-13T15:50:07Z	STANDOFF	1663	frostgate	224055	B	T	core_destroyed	838
2026-08-13T15:50:13Z	STANDOFF	1664	glacierkeep	224055	A	T	core_destroyed	437
2026-08-13T15:50:18Z	STANDOFF	1665	glacierkeep	224055	B	C	tiebreak	1000
2026-08-13T15:50:20Z	STANDOFF	1666	icefloe	224055	A	T	core_destroyed	260
2026-08-13T15:50:22Z	STANDOFF	1667	icefloe	224055	B	C	core_destroyed	145
2026-08-13T15:50:24Z	STANDOFF	1668	midgard	224055	A	T	core_destroyed	144
2026-08-13T15:50:27Z	STANDOFF	1669	midgard	224055	B	T	core_destroyed	118
2026-08-13T15:50:28Z	STANDOFF	1670	nordkap	224055	A	T	core_destroyed	169
2026-08-13T15:50:30Z	STANDOFF	1671	nordkap	224055	B	T	core_destroyed	249
2026-08-13T15:50:35Z	STANDOFF	1672	ragnarok	224055	A	T	core_destroyed	271
2026-08-13T15:50:41Z	STANDOFF	1673	ragnarok	224055	B	T	core_destroyed	231
2026-08-13T15:50:42Z	STANDOFF	1674	royale	224055	A	T	core_destroyed	181
2026-08-13T15:50:43Z	STANDOFF	1675	royale	224055	B	C	core_destroyed	443
2026-08-13T15:50:50Z	STANDOFF	1676	valkyrie	224055	A	T	core_destroyed	582
2026-08-13T15:50:54Z	STANDOFF	1677	valkyrie	224055	B	T	core_destroyed	233
2026-08-13T15:50:57Z	STANDOFF	1678	yulerune	224055	A	T	core_destroyed	219
2026-08-13T15:50:59Z	STANDOFF	1679	yulerune	224055	B	T	core_destroyed	271
2026-08-13T15:51:00Z	STANDOFF	1680	antler	224056	A	C	core_destroyed	520
2026-08-13T15:51:02Z	STANDOFF	1681	antler	224056	B	T	core_destroyed	198
2026-08-13T15:51:04Z	STANDOFF	1682	archipelago	224056	A	T	core_destroyed	140
2026-08-13T15:51:09Z	STANDOFF	1683	archipelago	224056	B	C	core_destroyed	408
2026-08-13T15:51:10Z	STANDOFF	1684	auroraveil	224056	A	C	core_destroyed	316
2026-08-13T15:51:13Z	STANDOFF	1685	auroraveil	224056	B	C	core_destroyed	190
2026-08-13T15:51:27Z	STANDOFF	1686	drakkarfjord	224056	A	C	tiebreak	1000
2026-08-13T15:51:32Z	STANDOFF	1687	drakkarfjord	224056	B	T	core_destroyed	361
2026-08-13T15:51:34Z	STANDOFF	1688	drumlin	224056	A	T	core_destroyed	190
2026-08-13T15:51:37Z	STANDOFF	1689	drumlin	224056	B	C	core_destroyed	259
2026-08-13T15:51:38Z	STANDOFF	1690	fjordgate	224056	A	T	core_destroyed	143
2026-08-13T15:51:39Z	STANDOFF	1691	fjordgate	224056	B	T	core_destroyed	118
2026-08-13T15:51:41Z	STANDOFF	1692	frostgate	224056	A	T	core_destroyed	523
2026-08-13T15:51:44Z	STANDOFF	1693	frostgate	224056	B	T	core_destroyed	343
2026-08-13T15:51:46Z	STANDOFF	1694	glacierkeep	224056	A	T	core_destroyed	198
2026-08-13T15:51:50Z	STANDOFF	1695	glacierkeep	224056	B	C	core_destroyed	389
2026-08-13T15:51:52Z	STANDOFF	1696	icefloe	224056	A	T	core_destroyed	150
2026-08-13T15:51:53Z	STANDOFF	1697	icefloe	224056	B	T	core_destroyed	156
2026-08-13T15:51:55Z	STANDOFF	1698	midgard	224056	A	C	core_destroyed	79
2026-08-13T15:51:58Z	STANDOFF	1699	midgard	224056	B	C	core_destroyed	124
2026-08-13T15:51:59Z	STANDOFF	1700	nordkap	224056	A	T	core_destroyed	137
2026-08-13T15:52:00Z	STANDOFF	1701	nordkap	224056	B	C	core_destroyed	252
2026-08-13T15:52:04Z	STANDOFF	1702	ragnarok	224056	A	C	core_destroyed	176
2026-08-13T15:53:08Z	STANDOFF	1703	ragnarok	224056	B	T	tiebreak	1000
2026-08-13T15:53:10Z	STANDOFF	1704	royale	224056	A	T	tiebreak	1000
2026-08-13T15:53:11Z	STANDOFF	1705	royale	224056	B	T	core_destroyed	365
2026-08-13T15:53:13Z	STANDOFF	1706	valkyrie	224056	A	T	core_destroyed	110
2026-08-13T15:53:18Z	STANDOFF	1707	valkyrie	224056	B	T	core_destroyed	312
2026-08-13T15:53:22Z	STANDOFF	1708	yulerune	224056	A	C	core_destroyed	332
2026-08-13T15:53:23Z	STANDOFF	1709	yulerune	224056	B	T	core_destroyed	141
2026-08-13T15:53:25Z	STANDOFF	1710	antler	224057	A	T	core_destroyed	245
2026-08-13T15:53:26Z	STANDOFF	1711	antler	224057	B	C	core_destroyed	125
2026-08-13T15:53:28Z	STANDOFF	1712	archipelago	224057	A	T	core_destroyed	74
2026-08-13T15:53:37Z	STANDOFF	1713	archipelago	224057	B	C	tiebreak	1000
2026-08-13T15:53:39Z	STANDOFF	1714	auroraveil	224057	A	T	core_destroyed	196
2026-08-13T15:53:40Z	STANDOFF	1715	auroraveil	224057	B	C	core_destroyed	120
2026-08-13T15:53:43Z	STANDOFF	1716	drakkarfjord	224057	A	T	core_destroyed	258
2026-08-13T15:53:47Z	STANDOFF	1717	drakkarfjord	224057	B	C	core_destroyed	357
2026-08-13T15:53:55Z	STANDOFF	1718	drumlin	224057	A	C	core_destroyed	600
2026-08-13T15:53:57Z	STANDOFF	1719	drumlin	224057	B	C	core_destroyed	147
2026-08-13T15:53:58Z	STANDOFF	1720	fjordgate	224057	A	T	core_destroyed	234
2026-08-13T15:54:00Z	STANDOFF	1721	fjordgate	224057	B	C	core_destroyed	446
2026-08-13T15:54:02Z	STANDOFF	1722	frostgate	224057	A	C	core_destroyed	206
2026-08-13T15:54:04Z	STANDOFF	1723	frostgate	224057	B	C	tiebreak	1000
2026-08-13T15:54:06Z	STANDOFF	1724	glacierkeep	224057	A	T	core_destroyed	129
2026-08-13T15:54:08Z	STANDOFF	1725	glacierkeep	224057	B	T	core_destroyed	146
2026-08-13T15:54:11Z	STANDOFF	1726	icefloe	224057	A	T	core_destroyed	238
2026-08-13T15:54:16Z	STANDOFF	1727	icefloe	224057	B	T	core_destroyed	416
2026-08-13T15:54:21Z	STANDOFF	1728	midgard	224057	A	T	core_destroyed	302
2026-08-13T15:54:24Z	STANDOFF	1729	midgard	224057	B	C	core_destroyed	171
2026-08-13T15:54:25Z	STANDOFF	1730	nordkap	224057	A	C	core_destroyed	184
2026-08-13T15:54:27Z	STANDOFF	1731	nordkap	224057	B	C	core_destroyed	261
2026-08-13T15:54:29Z	STANDOFF	1732	ragnarok	224057	A	T	core_destroyed	139
2026-08-13T15:54:32Z	STANDOFF	1733	ragnarok	224057	B	T	core_destroyed	152
2026-08-13T15:54:34Z	STANDOFF	1734	royale	224057	A	T	core_destroyed	516
2026-08-13T15:54:35Z	STANDOFF	1735	royale	224057	B	T	core_destroyed	112
2026-08-13T15:54:38Z	STANDOFF	1736	valkyrie	224057	A	C	core_destroyed	228
2026-08-13T15:54:40Z	STANDOFF	1737	valkyrie	224057	B	T	core_destroyed	145
2026-08-13T15:54:44Z	STANDOFF	1738	yulerune	224057	A	C	core_destroyed	335
2026-08-13T15:54:46Z	STANDOFF	1739	yulerune	224057	B	C	core_destroyed	155
2026-08-13T15:54:49Z	STANDOFF	1740	antler	224058	A	T	tiebreak	1000
2026-08-13T15:54:51Z	STANDOFF	1741	antler	224058	B	C	core_destroyed	294
2026-08-13T15:54:53Z	STANDOFF	1742	archipelago	224058	A	C	core_destroyed	191
2026-08-13T15:54:57Z	STANDOFF	1743	archipelago	224058	B	T	core_destroyed	298
2026-08-13T15:54:59Z	STANDOFF	1744	auroraveil	224058	A	T	core_destroyed	135
2026-08-13T15:55:04Z	STANDOFF	1745	auroraveil	224058	B	T	core_destroyed	574
2026-08-13T15:55:09Z	STANDOFF	1746	drakkarfjord	224058	A	T	core_destroyed	318
2026-08-13T15:55:15Z	STANDOFF	1747	drakkarfjord	224058	B	T	tiebreak	1000
2026-08-13T15:55:17Z	STANDOFF	1748	drumlin	224058	A	T	core_destroyed	183
2026-08-13T15:55:23Z	STANDOFF	1749	drumlin	224058	B	T	core_destroyed	363
2026-08-13T15:55:24Z	STANDOFF	1750	fjordgate	224058	A	T	core_destroyed	280
2026-08-13T15:55:25Z	STANDOFF	1751	fjordgate	224058	B	C	core_destroyed	183
2026-08-13T15:55:27Z	STANDOFF	1752	frostgate	224058	A	C	core_destroyed	429
2026-08-13T15:55:29Z	STANDOFF	1753	frostgate	224058	B	C	core_destroyed	156
2026-08-13T15:55:31Z	STANDOFF	1754	glacierkeep	224058	A	C	core_destroyed	219
2026-08-13T15:55:33Z	STANDOFF	1755	glacierkeep	224058	B	C	core_destroyed	244
2026-08-13T15:55:34Z	STANDOFF	1756	icefloe	224058	A	C	core_destroyed	147
2026-08-13T15:55:38Z	STANDOFF	1757	icefloe	224058	B	T	core_destroyed	286
2026-08-13T15:55:41Z	STANDOFF	1758	midgard	224058	A	T	core_destroyed	168
2026-08-13T15:55:43Z	STANDOFF	1759	midgard	224058	B	T	core_destroyed	178
2026-08-13T15:55:45Z	STANDOFF	1760	nordkap	224058	A	T	core_destroyed	177
2026-08-13T15:55:47Z	STANDOFF	1761	nordkap	224058	B	T	core_destroyed	194
2026-08-13T15:55:51Z	STANDOFF	1762	ragnarok	224058	A	C	core_destroyed	184
2026-08-13T15:55:54Z	STANDOFF	1763	ragnarok	224058	B	T	core_destroyed	157
2026-08-13T15:55:57Z	STANDOFF	1764	royale	224058	A	C	core_destroyed	557
2026-08-13T15:55:58Z	STANDOFF	1765	royale	224058	B	T	core_destroyed	265
2026-08-13T15:56:00Z	STANDOFF	1766	valkyrie	224058	A	C	core_destroyed	146
2026-08-13T15:56:04Z	STANDOFF	1767	valkyrie	224058	B	T	core_destroyed	256
2026-08-13T15:56:06Z	STANDOFF	1768	yulerune	224058	A	T	core_destroyed	192
2026-08-13T15:56:09Z	STANDOFF	1769	yulerune	224058	B	T	core_destroyed	242
2026-08-13T15:56:10Z	STANDOFF	1770	antler	224059	A	T	core_destroyed	161
2026-08-13T15:56:12Z	STANDOFF	1771	antler	224059	B	C	core_destroyed	148
2026-08-13T15:56:14Z	STANDOFF	1772	archipelago	224059	A	C	core_destroyed	86
2026-08-13T15:56:17Z	STANDOFF	1773	archipelago	224059	B	T	core_destroyed	164
2026-08-13T15:56:20Z	STANDOFF	1774	auroraveil	224059	A	C	tiebreak	1000
2026-08-13T15:56:23Z	STANDOFF	1775	auroraveil	224059	B	T	core_destroyed	295
2026-08-13T15:56:26Z	STANDOFF	1776	drakkarfjord	224059	A	C	core_destroyed	190
2026-08-13T15:56:29Z	STANDOFF	1777	drakkarfjord	224059	B	C	core_destroyed	281
2026-08-13T15:56:38Z	STANDOFF	1778	drumlin	224059	A	T	tiebreak	1000
2026-08-13T15:56:52Z	STANDOFF	1779	drumlin	224059	B	C	tiebreak	1000
2026-08-13T15:56:54Z	STANDOFF	1780	fjordgate	224059	A	C	core_destroyed	209
2026-08-13T15:56:55Z	STANDOFF	1781	fjordgate	224059	B	T	core_destroyed	194
2026-08-13T15:56:56Z	STANDOFF	1782	frostgate	224059	A	C	core_destroyed	118
2026-08-13T15:56:58Z	STANDOFF	1783	frostgate	224059	B	C	tiebreak	1000
2026-08-13T15:57:01Z	STANDOFF	1784	glacierkeep	224059	A	T	core_destroyed	640
2026-08-13T15:57:03Z	STANDOFF	1785	glacierkeep	224059	B	C	core_destroyed	158
2026-08-13T15:57:06Z	STANDOFF	1786	icefloe	224059	A	T	core_destroyed	255
2026-08-13T15:57:11Z	STANDOFF	1787	icefloe	224059	B	C	core_destroyed	458
2026-08-13T15:57:13Z	STANDOFF	1788	midgard	224059	A	C	core_destroyed	87
2026-08-13T15:57:16Z	STANDOFF	1789	midgard	224059	B	T	core_destroyed	139
2026-08-13T15:57:18Z	STANDOFF	1790	nordkap	224059	A	C	core_destroyed	292
2026-08-13T15:57:21Z	STANDOFF	1791	nordkap	224059	B	T	tiebreak	1000
2026-08-13T15:57:25Z	STANDOFF	1792	ragnarok	224059	A	T	core_destroyed	148
2026-08-13T15:57:28Z	STANDOFF	1793	ragnarok	224059	B	T	core_destroyed	145
2026-08-13T15:57:29Z	STANDOFF	1794	royale	224059	A	C	core_destroyed	165
2026-08-13T15:57:30Z	STANDOFF	1795	royale	224059	B	T	core_destroyed	213
2026-08-13T15:57:34Z	STANDOFF	1796	valkyrie	224059	A	T	core_destroyed	186
2026-08-13T15:57:36Z	STANDOFF	1797	valkyrie	224059	B	T	core_destroyed	164
2026-08-13T15:57:39Z	STANDOFF	1798	yulerune	224059	A	T	core_destroyed	306
2026-08-13T15:57:42Z	STANDOFF	1799	yulerune	224059	B	T	core_destroyed	300
2026-08-13T15:57:44Z	STANDOFF	1800	antler	224060	A	C	core_destroyed	114
2026-08-13T15:57:45Z	STANDOFF	1801	antler	224060	B	T	core_destroyed	217
2026-08-13T15:57:52Z	STANDOFF	1802	archipelago	224060	A	T	core_destroyed	585
2026-08-13T15:57:58Z	STANDOFF	1803	archipelago	224060	B	C	core_destroyed	482
2026-08-13T15:58:00Z	STANDOFF	1804	auroraveil	224060	A	C	core_destroyed	270
2026-08-13T15:58:03Z	STANDOFF	1805	auroraveil	224060	B	T	tiebreak	1000
2026-08-13T15:58:05Z	STANDOFF	1806	drakkarfjord	224060	A	T	core_destroyed	118
2026-08-13T15:58:13Z	STANDOFF	1807	drakkarfjord	224060	B	T	tiebreak	1000
2026-08-13T15:58:14Z	STANDOFF	1808	drumlin	224060	A	T	core_destroyed	78
2026-08-13T15:58:16Z	STANDOFF	1809	drumlin	224060	B	T	core_destroyed	183
2026-08-13T15:58:18Z	STANDOFF	1810	fjordgate	224060	A	C	core_destroyed	192
2026-08-13T15:58:19Z	STANDOFF	1811	fjordgate	224060	B	T	core_destroyed	147
2026-08-13T15:58:25Z	STANDOFF	1812	frostgate	224060	A	T	core_destroyed	693
2026-08-13T15:58:28Z	STANDOFF	1813	frostgate	224060	B	C	core_destroyed	156
2026-08-13T15:58:29Z	STANDOFF	1814	glacierkeep	224060	A	T	core_destroyed	100
2026-08-13T15:58:32Z	STANDOFF	1815	glacierkeep	224060	B	C	core_destroyed	190
2026-08-13T15:58:33Z	STANDOFF	1816	icefloe	224060	A	T	core_destroyed	102
2026-08-13T15:58:42Z	STANDOFF	1817	icefloe	224060	B	C	core_destroyed	603
2026-08-13T15:58:46Z	STANDOFF	1818	midgard	224060	A	T	core_destroyed	164
2026-08-13T15:58:49Z	STANDOFF	1819	midgard	224060	B	T	core_destroyed	90
2026-08-13T15:58:53Z	STANDOFF	1820	nordkap	224060	A	T	core_destroyed	407
2026-08-13T15:58:54Z	STANDOFF	1821	nordkap	224060	B	C	core_destroyed	140
2026-08-13T15:58:58Z	STANDOFF	1822	ragnarok	224060	A	C	core_destroyed	158
2026-08-13T15:59:52Z	STANDOFF	1823	ragnarok	224060	B	C	tiebreak	1000
2026-08-13T15:59:53Z	STANDOFF	1824	royale	224060	A	T	core_destroyed	251
2026-08-13T15:59:55Z	STANDOFF	1825	royale	224060	B	T	core_destroyed	741
2026-08-13T16:00:02Z	STANDOFF	1826	valkyrie	224060	A	T	core_destroyed	290
2026-08-13T16:00:04Z	STANDOFF	1827	valkyrie	224060	B	T	core_destroyed	113
2026-08-13T16:00:08Z	STANDOFF	1828	yulerune	224060	A	T	core_destroyed	343
2026-08-13T16:00:10Z	STANDOFF	1829	yulerune	224060	B	C	core_destroyed	343
2026-08-13T16:00:11Z	STANDOFF	1830	antler	224061	A	T	core_destroyed	145
2026-08-13T16:00:14Z	STANDOFF	1831	antler	224061	B	T	core_destroyed	284
2026-08-13T16:00:16Z	STANDOFF	1832	archipelago	224061	A	C	core_destroyed	131
2026-08-13T16:00:18Z	STANDOFF	1833	archipelago	224061	B	T	core_destroyed	90
2026-08-13T16:00:20Z	STANDOFF	1834	auroraveil	224061	A	C	core_destroyed	437
2026-08-13T16:00:22Z	STANDOFF	1835	auroraveil	224061	B	T	core_destroyed	133
2026-08-13T16:00:43Z	STANDOFF	1836	drakkarfjord	224061	A	T	tiebreak	1000
2026-08-13T16:00:46Z	STANDOFF	1837	drakkarfjord	224061	B	T	core_destroyed	166
2026-08-13T16:00:49Z	STANDOFF	1838	drumlin	224061	A	T	core_destroyed	227
2026-08-13T16:00:55Z	STANDOFF	1839	drumlin	224061	B	T	core_destroyed	479
2026-08-13T16:00:56Z	STANDOFF	1840	fjordgate	224061	A	C	core_destroyed	188
2026-08-13T16:00:58Z	STANDOFF	1841	fjordgate	224061	B	T	core_destroyed	650
2026-08-13T16:00:59Z	STANDOFF	1842	frostgate	224061	A	T	core_destroyed	128
2026-08-13T16:01:03Z	STANDOFF	1843	frostgate	224061	B	T	core_destroyed	260
2026-08-13T16:01:05Z	STANDOFF	1844	glacierkeep	224061	A	T	core_destroyed	181
2026-08-13T16:01:07Z	STANDOFF	1845	glacierkeep	224061	B	C	core_destroyed	103
2026-08-13T16:01:09Z	STANDOFF	1846	icefloe	224061	A	T	core_destroyed	253
2026-08-13T16:01:11Z	STANDOFF	1847	icefloe	224061	B	C	core_destroyed	128
2026-08-13T16:01:14Z	STANDOFF	1848	midgard	224061	A	T	core_destroyed	165
2026-08-13T16:01:16Z	STANDOFF	1849	midgard	224061	B	C	core_destroyed	141
2026-08-13T16:01:18Z	STANDOFF	1850	nordkap	224061	A	C	core_destroyed	389
2026-08-13T16:01:20Z	STANDOFF	1851	nordkap	224061	B	T	core_destroyed	213
2026-08-13T16:01:23Z	STANDOFF	1852	ragnarok	224061	A	T	core_destroyed	285
2026-08-13T16:01:38Z	STANDOFF	1853	ragnarok	224061	B	C	core_destroyed	470
2026-08-13T16:01:40Z	STANDOFF	1854	royale	224061	A	C	core_destroyed	327
2026-08-13T16:01:42Z	STANDOFF	1855	royale	224061	B	T	core_destroyed	300
2026-08-13T16:01:44Z	STANDOFF	1856	valkyrie	224061	A	T	core_destroyed	113
2026-08-13T16:01:46Z	STANDOFF	1857	valkyrie	224061	B	C	core_destroyed	157
2026-08-13T16:01:50Z	STANDOFF	1858	yulerune	224061	A	C	core_destroyed	309
2026-08-13T16:01:54Z	STANDOFF	1859	yulerune	224061	B	T	core_destroyed	380
2026-08-13T16:01:55Z	STANDOFF	1860	antler	224062	A	C	core_destroyed	302
2026-08-13T16:01:58Z	STANDOFF	1861	antler	224062	B	C	core_destroyed	581
2026-08-13T16:02:01Z	STANDOFF	1862	archipelago	224062	A	T	core_destroyed	147
2026-08-13T16:02:03Z	STANDOFF	1863	archipelago	224062	B	T	core_destroyed	148
2026-08-13T16:02:04Z	STANDOFF	1864	auroraveil	224062	A	C	core_destroyed	369
2026-08-13T16:02:06Z	STANDOFF	1865	auroraveil	224062	B	T	core_destroyed	91
2026-08-13T16:02:08Z	STANDOFF	1866	drakkarfjord	224062	A	C	core_destroyed	118
2026-08-13T16:02:11Z	STANDOFF	1867	drakkarfjord	224062	B	C	core_destroyed	225
2026-08-13T16:02:13Z	STANDOFF	1868	drumlin	224062	A	T	core_destroyed	340
2026-08-13T16:02:15Z	STANDOFF	1869	drumlin	224062	B	T	core_destroyed	113
2026-08-13T16:02:18Z	STANDOFF	1870	fjordgate	224062	A	C	tiebreak	1000
2026-08-13T16:02:19Z	STANDOFF	1871	fjordgate	224062	B	C	core_destroyed	127
2026-08-13T16:02:21Z	STANDOFF	1872	frostgate	224062	A	C	core_destroyed	264
2026-08-13T16:02:23Z	STANDOFF	1873	frostgate	224062	B	T	core_destroyed	254
2026-08-13T16:02:25Z	STANDOFF	1874	glacierkeep	224062	A	T	core_destroyed	160
2026-08-13T16:02:31Z	STANDOFF	1875	glacierkeep	224062	B	C	core_destroyed	427
2026-08-13T16:02:35Z	STANDOFF	1876	icefloe	224062	A	C	core_destroyed	664
2026-08-13T16:02:37Z	STANDOFF	1877	icefloe	224062	B	C	core_destroyed	148
2026-08-13T16:02:45Z	STANDOFF	1878	midgard	224062	A	T	core_destroyed	326
2026-08-13T16:02:47Z	STANDOFF	1879	midgard	224062	B	C	core_destroyed	81
2026-08-13T16:02:50Z	STANDOFF	1880	nordkap	224062	A	C	core_destroyed	302
2026-08-13T16:02:52Z	STANDOFF	1881	nordkap	224062	B	T	core_destroyed	201
2026-08-13T16:02:56Z	STANDOFF	1882	ragnarok	224062	A	T	core_destroyed	176
2026-08-13T16:03:02Z	STANDOFF	1883	ragnarok	224062	B	T	core_destroyed	314
2026-08-13T16:03:05Z	STANDOFF	1884	royale	224062	A	T	core_destroyed	317
2026-08-13T16:03:06Z	STANDOFF	1885	royale	224062	B	T	core_destroyed	136
2026-08-13T16:03:08Z	STANDOFF	1886	valkyrie	224062	A	T	core_destroyed	152
2026-08-13T16:03:11Z	STANDOFF	1887	valkyrie	224062	B	T	core_destroyed	189
2026-08-13T16:03:12Z	STANDOFF	1888	yulerune	224062	A	T	core_destroyed	97
2026-08-13T16:03:15Z	STANDOFF	1889	yulerune	224062	B	C	core_destroyed	325
2026-08-13T16:03:16Z	STANDOFF	1890	antler	224063	A	T	core_destroyed	237
2026-08-13T16:03:19Z	STANDOFF	1891	antler	224063	B	C	core_destroyed	205
2026-08-13T16:03:21Z	STANDOFF	1892	archipelago	224063	A	C	core_destroyed	85
2026-08-13T16:03:23Z	STANDOFF	1893	archipelago	224063	B	T	core_destroyed	110
2026-08-13T16:03:24Z	STANDOFF	1894	auroraveil	224063	A	C	core_destroyed	122
2026-08-13T16:03:26Z	STANDOFF	1895	auroraveil	224063	B	C	core_destroyed	132
2026-08-13T16:03:28Z	STANDOFF	1896	drakkarfjord	224063	A	T	core_destroyed	188
2026-08-13T16:03:33Z	STANDOFF	1897	drakkarfjord	224063	B	C	core_destroyed	364
2026-08-13T16:03:35Z	STANDOFF	1898	drumlin	224063	A	T	core_destroyed	283
2026-08-13T16:03:38Z	STANDOFF	1899	drumlin	224063	B	C	core_destroyed	211
2026-08-13T16:03:39Z	STANDOFF	1900	fjordgate	224063	A	C	core_destroyed	243
2026-08-13T16:03:41Z	STANDOFF	1901	fjordgate	224063	B	C	core_destroyed	175
2026-08-13T16:03:44Z	STANDOFF	1902	frostgate	224063	A	C	core_destroyed	489
2026-08-13T16:03:46Z	STANDOFF	1903	frostgate	224063	B	C	tiebreak	1000
2026-08-13T16:03:49Z	STANDOFF	1904	glacierkeep	224063	A	C	core_destroyed	367
2026-08-13T16:03:50Z	STANDOFF	1905	glacierkeep	224063	B	C	core_destroyed	129
2026-08-13T16:03:52Z	STANDOFF	1906	icefloe	224063	A	T	core_destroyed	157
2026-08-13T16:03:55Z	STANDOFF	1907	icefloe	224063	B	C	core_destroyed	287
2026-08-13T16:03:57Z	STANDOFF	1908	midgard	224063	A	T	core_destroyed	82
2026-08-13T16:03:59Z	STANDOFF	1909	midgard	224063	B	T	core_destroyed	125
2026-08-13T16:04:01Z	STANDOFF	1910	nordkap	224063	A	C	tiebreak	1000
2026-08-13T16:04:03Z	STANDOFF	1911	nordkap	224063	B	C	core_destroyed	314
2026-08-13T16:04:07Z	STANDOFF	1912	ragnarok	224063	A	C	core_destroyed	245
2026-08-13T16:04:09Z	STANDOFF	1913	ragnarok	224063	B	C	core_destroyed	127
2026-08-13T16:04:11Z	STANDOFF	1914	royale	224063	A	T	core_destroyed	243
2026-08-13T16:04:14Z	STANDOFF	1915	royale	224063	B	C	core_destroyed	646
2026-08-13T16:04:18Z	STANDOFF	1916	valkyrie	224063	A	T	core_destroyed	270
2026-08-13T16:04:22Z	STANDOFF	1917	valkyrie	224063	B	C	core_destroyed	218
2026-08-13T16:04:24Z	STANDOFF	1918	yulerune	224063	A	C	core_destroyed	212
2026-08-13T16:04:27Z	STANDOFF	1919	yulerune	224063	B	T	core_destroyed	285
2026-08-13T16:04:31Z	STANDOFF	1920	antler	224064	A	T	core_destroyed	512
2026-08-13T16:04:33Z	STANDOFF	1921	antler	224064	B	T	core_destroyed	109
2026-08-13T16:04:35Z	STANDOFF	1922	archipelago	224064	A	T	core_destroyed	393
2026-08-13T16:04:37Z	STANDOFF	1923	archipelago	224064	B	C	core_destroyed	90
2026-08-13T16:04:39Z	STANDOFF	1924	auroraveil	224064	A	T	core_destroyed	236
2026-08-13T16:04:40Z	STANDOFF	1925	auroraveil	224064	B	C	core_destroyed	109
2026-08-13T16:04:46Z	STANDOFF	1926	drakkarfjord	224064	A	C	core_destroyed	789
2026-08-13T16:04:50Z	STANDOFF	1927	drakkarfjord	224064	B	T	core_destroyed	325
2026-08-13T16:05:08Z	STANDOFF	1928	drumlin	224064	A	C	tiebreak	1000
2026-08-13T16:05:10Z	STANDOFF	1929	drumlin	224064	B	C	core_destroyed	159
2026-08-13T16:05:13Z	STANDOFF	1930	fjordgate	224064	A	C	core_destroyed	826
2026-08-13T16:05:16Z	STANDOFF	1931	fjordgate	224064	B	C	tiebreak	1000
2026-08-13T16:05:20Z	STANDOFF	1932	frostgate	224064	A	T	tiebreak	1000
2026-08-13T16:05:22Z	STANDOFF	1933	frostgate	224064	B	C	core_destroyed	263
2026-08-13T16:05:25Z	STANDOFF	1934	glacierkeep	224064	A	T	core_destroyed	226
2026-08-13T16:05:27Z	STANDOFF	1935	glacierkeep	224064	B	T	core_destroyed	589
2026-08-13T16:05:30Z	STANDOFF	1936	icefloe	224064	A	C	core_destroyed	210
2026-08-13T16:05:33Z	STANDOFF	1937	icefloe	224064	B	T	core_destroyed	358
2026-08-13T16:05:37Z	STANDOFF	1938	midgard	224064	A	T	core_destroyed	162
2026-08-13T16:05:39Z	STANDOFF	1939	midgard	224064	B	T	core_destroyed	88
2026-08-13T16:05:48Z	STANDOFF	1940	nordkap	224064	A	C	tiebreak	1000
2026-08-13T16:05:50Z	STANDOFF	1941	nordkap	224064	B	T	core_destroyed	219
2026-08-13T16:06:33Z	STANDOFF	1942	ragnarok	224064	A	T	tiebreak	1000
2026-08-13T16:06:36Z	STANDOFF	1943	ragnarok	224064	B	C	core_destroyed	137
2026-08-13T16:06:37Z	STANDOFF	1944	royale	224064	A	C	core_destroyed	311
2026-08-13T16:06:39Z	STANDOFF	1945	royale	224064	B	T	core_destroyed	461
2026-08-13T16:06:41Z	STANDOFF	1946	valkyrie	224064	A	C	core_destroyed	198
2026-08-13T16:06:44Z	STANDOFF	1947	valkyrie	224064	B	T	core_destroyed	114
2026-08-13T16:06:46Z	STANDOFF	1948	yulerune	224064	A	T	core_destroyed	188
2026-08-13T16:06:49Z	STANDOFF	1949	yulerune	224064	B	T	core_destroyed	188
2026-08-13T16:06:51Z	STANDOFF	1950	antler	224065	A	C	core_destroyed	244
2026-08-13T16:06:54Z	STANDOFF	1951	antler	224065	B	T	core_destroyed	496
2026-08-13T16:06:56Z	STANDOFF	1952	archipelago	224065	A	T	core_destroyed	333
2026-08-13T16:07:00Z	STANDOFF	1953	archipelago	224065	B	T	core_destroyed	254
2026-08-13T16:07:02Z	STANDOFF	1954	auroraveil	224065	A	T	core_destroyed	180
2026-08-13T16:07:04Z	STANDOFF	1955	auroraveil	224065	B	C	core_destroyed	128
2026-08-13T16:07:06Z	STANDOFF	1956	drakkarfjord	224065	A	T	core_destroyed	124
2026-08-13T16:07:10Z	STANDOFF	1957	drakkarfjord	224065	B	C	core_destroyed	250
2026-08-13T16:07:16Z	STANDOFF	1958	drumlin	224065	A	T	core_destroyed	354
2026-08-13T16:07:19Z	STANDOFF	1959	drumlin	224065	B	C	core_destroyed	180
2026-08-13T16:07:20Z	STANDOFF	1960	fjordgate	224065	A	C	core_destroyed	281
2026-08-13T16:07:22Z	STANDOFF	1961	fjordgate	224065	B	C	core_destroyed	173
2026-08-13T16:07:23Z	STANDOFF	1962	frostgate	224065	A	T	core_destroyed	132
2026-08-13T16:07:25Z	STANDOFF	1963	frostgate	224065	B	T	core_destroyed	172
2026-08-13T16:07:27Z	STANDOFF	1964	glacierkeep	224065	A	C	core_destroyed	167
2026-08-13T16:07:28Z	STANDOFF	1965	glacierkeep	224065	B	C	core_destroyed	158
2026-08-13T16:07:31Z	STANDOFF	1966	icefloe	224065	A	T	core_destroyed	274
2026-08-13T16:07:35Z	STANDOFF	1967	icefloe	224065	B	C	core_destroyed	377
2026-08-13T16:07:37Z	STANDOFF	1968	midgard	224065	A	C	core_destroyed	160
2026-08-13T16:07:39Z	STANDOFF	1969	midgard	224065	B	T	core_destroyed	89
2026-08-13T16:07:41Z	STANDOFF	1970	nordkap	224065	A	C	core_destroyed	230
2026-08-13T16:07:43Z	STANDOFF	1971	nordkap	224065	B	C	core_destroyed	188
2026-08-13T16:08:39Z	STANDOFF	1972	ragnarok	224065	A	T	tiebreak	1000
2026-08-13T16:08:42Z	STANDOFF	1973	ragnarok	224065	B	C	core_destroyed	157
2026-08-13T16:08:43Z	STANDOFF	1974	royale	224065	A	T	core_destroyed	490
2026-08-13T16:08:46Z	STANDOFF	1975	royale	224065	B	T	core_destroyed	340
2026-08-13T16:08:47Z	STANDOFF	1976	valkyrie	224065	A	C	core_destroyed	106
2026-08-13T16:08:52Z	STANDOFF	1977	valkyrie	224065	B	C	core_destroyed	389
2026-08-13T16:08:53Z	STANDOFF	1978	yulerune	224065	A	C	core_destroyed	84
2026-08-13T16:08:55Z	STANDOFF	1979	yulerune	224065	B	C	core_destroyed	106
2026-08-13T16:08:57Z	STANDOFF	1980	antler	224066	A	T	core_destroyed	226
2026-08-13T16:08:58Z	STANDOFF	1981	antler	224066	B	C	core_destroyed	210
2026-08-13T16:09:00Z	STANDOFF	1982	archipelago	224066	A	C	core_destroyed	128
2026-08-13T16:09:03Z	STANDOFF	1983	archipelago	224066	B	C	core_destroyed	200
2026-08-13T16:09:08Z	STANDOFF	1984	auroraveil	224066	A	C	tiebreak	1000
2026-08-13T16:09:11Z	STANDOFF	1985	auroraveil	224066	B	C	core_destroyed	369
2026-08-13T16:09:29Z	STANDOFF	1986	drakkarfjord	224066	A	C	tiebreak	1000
2026-08-13T16:09:31Z	STANDOFF	1987	drakkarfjord	224066	B	C	core_destroyed	111
2026-08-13T16:09:43Z	STANDOFF	1988	drumlin	224066	A	T	tiebreak	1000
2026-08-13T16:09:47Z	STANDOFF	1989	drumlin	224066	B	T	core_destroyed	296
2026-08-13T16:09:48Z	STANDOFF	1990	fjordgate	224066	A	T	core_destroyed	110
2026-08-13T16:09:50Z	STANDOFF	1991	fjordgate	224066	B	T	core_destroyed	228
2026-08-13T16:09:56Z	STANDOFF	1992	frostgate	224066	A	T	tiebreak	1000
2026-08-13T16:09:58Z	STANDOFF	1993	frostgate	224066	B	T	core_destroyed	172
2026-08-13T16:10:00Z	STANDOFF	1994	glacierkeep	224066	A	C	core_destroyed	115
2026-08-13T16:10:01Z	STANDOFF	1995	glacierkeep	224066	B	C	core_destroyed	121
2026-08-13T16:10:04Z	STANDOFF	1996	icefloe	224066	A	C	core_destroyed	245
2026-08-13T16:10:06Z	STANDOFF	1997	icefloe	224066	B	C	core_destroyed	158
2026-08-13T16:10:13Z	STANDOFF	1998	midgard	224066	A	T	core_destroyed	284
2026-08-13T16:10:16Z	STANDOFF	1999	midgard	224066	B	T	core_destroyed	147
2026-08-13T16:10:17Z	STANDOFF	2000	nordkap	224066	A	C	core_destroyed	264
2026-08-13T16:10:19Z	STANDOFF	2001	nordkap	224066	B	T	core_destroyed	164
2026-08-13T16:10:23Z	STANDOFF	2002	ragnarok	224066	A	C	core_destroyed	160
2026-08-13T16:10:26Z	STANDOFF	2003	ragnarok	224066	B	C	core_destroyed	159
2026-08-13T16:10:27Z	STANDOFF	2004	royale	224066	A	C	core_destroyed	339
2026-08-13T16:10:30Z	STANDOFF	2005	royale	224066	B	C	core_destroyed	340
2026-08-13T16:10:32Z	STANDOFF	2006	valkyrie	224066	A	T	core_destroyed	434
2026-08-13T16:10:35Z	STANDOFF	2007	valkyrie	224066	B	C	core_destroyed	147
2026-08-13T16:10:38Z	STANDOFF	2008	yulerune	224066	A	T	core_destroyed	217
2026-08-13T16:10:40Z	STANDOFF	2009	yulerune	224066	B	T	core_destroyed	191
2026-08-13T16:10:43Z	STANDOFF	2010	antler	224067	A	T	core_destroyed	365
2026-08-13T16:10:45Z	STANDOFF	2011	antler	224067	B	C	core_destroyed	263
2026-08-13T16:10:47Z	STANDOFF	2012	archipelago	224067	A	C	core_destroyed	93
2026-08-13T16:10:50Z	STANDOFF	2013	archipelago	224067	B	T	core_destroyed	607
2026-08-13T16:10:53Z	STANDOFF	2014	auroraveil	224067	A	C	core_destroyed	389
2026-08-13T16:10:58Z	STANDOFF	2015	auroraveil	224067	B	C	core_destroyed	453
2026-08-13T16:11:04Z	STANDOFF	2016	drakkarfjord	224067	A	C	core_destroyed	429
2026-08-13T16:11:17Z	STANDOFF	2017	drakkarfjord	224067	B	T	core_destroyed	858
2026-08-13T16:11:19Z	STANDOFF	2018	drumlin	224067	A	T	core_destroyed	153
2026-08-13T16:11:21Z	STANDOFF	2019	drumlin	224067	B	T	core_destroyed	92
2026-08-13T16:11:22Z	STANDOFF	2020	fjordgate	224067	A	T	core_destroyed	357
2026-08-13T16:11:24Z	STANDOFF	2021	fjordgate	224067	B	C	core_destroyed	294
2026-08-13T16:11:25Z	STANDOFF	2022	frostgate	224067	A	C	core_destroyed	109
2026-08-13T16:11:27Z	STANDOFF	2023	frostgate	224067	B	T	core_destroyed	460
2026-08-13T16:11:29Z	STANDOFF	2024	glacierkeep	224067	A	T	core_destroyed	130
2026-08-13T16:11:35Z	STANDOFF	2025	glacierkeep	224067	B	C	tiebreak	1000
2026-08-13T16:11:37Z	STANDOFF	2026	icefloe	224067	A	C	core_destroyed	170
2026-08-13T16:11:39Z	STANDOFF	2027	icefloe	224067	B	T	core_destroyed	131
2026-08-13T16:11:43Z	STANDOFF	2028	midgard	224067	A	C	core_destroyed	325
2026-08-13T16:11:45Z	STANDOFF	2029	midgard	224067	B	C	core_destroyed	93
2026-08-13T16:11:47Z	STANDOFF	2030	nordkap	224067	A	C	core_destroyed	535
2026-08-13T16:11:49Z	STANDOFF	2031	nordkap	224067	B	T	core_destroyed	307
2026-08-13T16:11:51Z	STANDOFF	2032	ragnarok	224067	A	T	core_destroyed	100
2026-08-13T16:11:54Z	STANDOFF	2033	ragnarok	224067	B	C	core_destroyed	132
2026-08-13T16:11:55Z	STANDOFF	2034	royale	224067	A	T	core_destroyed	294
2026-08-13T16:11:57Z	STANDOFF	2035	royale	224067	B	T	core_destroyed	140
2026-08-13T16:12:00Z	STANDOFF	2036	valkyrie	224067	A	T	core_destroyed	250
2026-08-13T16:12:02Z	STANDOFF	2037	valkyrie	224067	B	T	core_destroyed	183
2026-08-13T16:12:05Z	STANDOFF	2038	yulerune	224067	A	T	core_destroyed	228
2026-08-13T16:12:09Z	STANDOFF	2039	yulerune	224067	B	T	core_destroyed	327
2026-08-13T16:12:12Z	STANDOFF	2040	antler	224068	A	C	core_destroyed	332
2026-08-13T16:12:17Z	STANDOFF	2041	antler	224068	B	T	tiebreak	1000
2026-08-13T16:12:20Z	STANDOFF	2042	archipelago	224068	A	T	core_destroyed	126
2026-08-13T16:12:23Z	STANDOFF	2043	archipelago	224068	B	C	core_destroyed	148
2026-08-13T16:12:24Z	STANDOFF	2044	auroraveil	224068	A	C	core_destroyed	123
2026-08-13T16:12:27Z	STANDOFF	2045	auroraveil	224068	B	T	core_destroyed	341
2026-08-13T16:12:42Z	STANDOFF	2046	drakkarfjord	224068	A	T	tiebreak	1000
2026-08-13T16:12:48Z	STANDOFF	2047	drakkarfjord	224068	B	T	core_destroyed	438
2026-08-13T16:12:50Z	STANDOFF	2048	drumlin	224068	A	C	core_destroyed	450
2026-08-13T16:12:52Z	STANDOFF	2049	drumlin	224068	B	C	core_destroyed	153
2026-08-13T16:12:53Z	STANDOFF	2050	fjordgate	224068	A	T	core_destroyed	141
2026-08-13T16:12:54Z	STANDOFF	2051	fjordgate	224068	B	C	core_destroyed	110
2026-08-13T16:12:56Z	STANDOFF	2052	frostgate	224068	A	C	core_destroyed	120
2026-08-13T16:12:58Z	STANDOFF	2053	frostgate	224068	B	T	core_destroyed	301
2026-08-13T16:13:04Z	STANDOFF	2054	glacierkeep	224068	A	C	core_destroyed	436
2026-08-13T16:13:07Z	STANDOFF	2055	glacierkeep	224068	B	T	core_destroyed	329
2026-08-13T16:13:10Z	STANDOFF	2056	icefloe	224068	A	C	core_destroyed	277
2026-08-13T16:13:14Z	STANDOFF	2057	icefloe	224068	B	C	core_destroyed	461
2026-08-13T16:13:18Z	STANDOFF	2058	midgard	224068	A	C	core_destroyed	244
2026-08-13T16:13:21Z	STANDOFF	2059	midgard	224068	B	T	core_destroyed	91
2026-08-13T16:13:24Z	STANDOFF	2060	nordkap	224068	A	T	core_destroyed	278
2026-08-13T16:13:25Z	STANDOFF	2061	nordkap	224068	B	T	core_destroyed	171
2026-08-13T16:13:40Z	STANDOFF	2062	ragnarok	224068	A	C	core_destroyed	490
2026-08-13T16:13:45Z	STANDOFF	2063	ragnarok	224068	B	T	core_destroyed	223
2026-08-13T16:13:46Z	STANDOFF	2064	royale	224068	A	C	core_destroyed	185
2026-08-13T16:13:48Z	STANDOFF	2065	royale	224068	B	T	core_destroyed	260
2026-08-13T16:14:01Z	STANDOFF	2066	valkyrie	224068	A	C	tiebreak	1000
2026-08-13T16:14:04Z	STANDOFF	2067	valkyrie	224068	B	T	core_destroyed	236
2026-08-13T16:14:06Z	STANDOFF	2068	yulerune	224068	A	T	core_destroyed	204
2026-08-13T16:14:09Z	STANDOFF	2069	yulerune	224068	B	T	core_destroyed	182
2026-08-13T16:14:11Z	STANDOFF	2070	antler	224069	A	T	core_destroyed	269
2026-08-13T16:14:13Z	STANDOFF	2071	antler	224069	B	C	core_destroyed	421
2026-08-13T16:14:15Z	STANDOFF	2072	archipelago	224069	A	C	core_destroyed	121
2026-08-13T16:14:20Z	STANDOFF	2073	archipelago	224069	B	T	core_destroyed	300
2026-08-13T16:14:21Z	STANDOFF	2074	auroraveil	224069	A	C	core_destroyed	157
2026-08-13T16:14:24Z	STANDOFF	2075	auroraveil	224069	B	T	tiebreak	1000
2026-08-13T16:14:32Z	STANDOFF	2076	drakkarfjord	224069	A	C	core_destroyed	621
2026-08-13T16:14:45Z	STANDOFF	2077	drakkarfjord	224069	B	T	tiebreak	1000
2026-08-13T16:14:48Z	STANDOFF	2078	drumlin	224069	A	T	core_destroyed	328
2026-08-13T16:14:51Z	STANDOFF	2079	drumlin	224069	B	C	core_destroyed	290
2026-08-13T16:14:52Z	STANDOFF	2080	fjordgate	224069	A	C	core_destroyed	270
2026-08-13T16:14:54Z	STANDOFF	2081	fjordgate	224069	B	C	core_destroyed	130
2026-08-13T16:14:56Z	STANDOFF	2082	frostgate	224069	A	T	core_destroyed	220
2026-08-13T16:14:58Z	STANDOFF	2083	frostgate	224069	B	C	core_destroyed	210
2026-08-13T16:15:01Z	STANDOFF	2084	glacierkeep	224069	A	T	core_destroyed	243
2026-08-13T16:15:08Z	STANDOFF	2085	glacierkeep	224069	B	T	core_destroyed	725
2026-08-13T16:15:17Z	STANDOFF	2086	icefloe	224069	A	C	tiebreak	1000
2026-08-13T16:15:20Z	STANDOFF	2087	icefloe	224069	B	C	core_destroyed	316
2026-08-13T16:15:22Z	STANDOFF	2088	midgard	224069	A	C	core_destroyed	134
2026-08-13T16:15:25Z	STANDOFF	2089	midgard	224069	B	C	core_destroyed	89
2026-08-13T16:15:27Z	STANDOFF	2090	nordkap	224069	A	C	core_destroyed	374
2026-08-13T16:15:35Z	STANDOFF	2091	nordkap	224069	B	T	tiebreak	1000
2026-08-13T16:15:55Z	STANDOFF	2092	ragnarok	224069	A	C	tiebreak	1000
2026-08-13T16:16:43Z	STANDOFF	2093	ragnarok	224069	B	C	tiebreak	1000
2026-08-13T16:16:45Z	STANDOFF	2094	royale	224069	A	T	core_destroyed	168
2026-08-13T16:16:47Z	STANDOFF	2095	royale	224069	B	T	core_destroyed	96
2026-08-13T16:16:49Z	STANDOFF	2096	valkyrie	224069	A	C	core_destroyed	96
2026-08-13T16:16:55Z	STANDOFF	2097	valkyrie	224069	B	C	core_destroyed	784
2026-08-13T16:16:57Z	STANDOFF	2098	yulerune	224069	A	C	core_destroyed	452
2026-08-13T16:17:00Z	STANDOFF	2099	yulerune	224069	B	C	core_destroyed	373
2026-08-13T16:17:03Z	STANDOFF	2100	antler	224070	A	C	core_destroyed	510
2026-08-13T16:17:04Z	STANDOFF	2101	antler	224070	B	C	core_destroyed	160
2026-08-13T16:17:09Z	STANDOFF	2102	archipelago	224070	A	T	core_destroyed	163
2026-08-13T16:17:13Z	STANDOFF	2103	archipelago	224070	B	T	core_destroyed	279
2026-08-13T16:17:18Z	STANDOFF	2104	auroraveil	224070	A	T	core_destroyed	550
2026-08-13T16:17:20Z	STANDOFF	2105	auroraveil	224070	B	T	core_destroyed	83
2026-08-13T16:17:28Z	STANDOFF	2106	drakkarfjord	224070	A	C	core_destroyed	453
2026-08-13T16:17:56Z	STANDOFF	2107	drakkarfjord	224070	B	C	tiebreak	1000
2026-08-13T16:18:00Z	STANDOFF	2108	drumlin	224070	A	T	core_destroyed	240
2026-08-13T16:18:02Z	STANDOFF	2109	drumlin	224070	B	C	core_destroyed	183
2026-08-13T16:18:04Z	STANDOFF	2110	fjordgate	224070	A	C	core_destroyed	212
2026-08-13T16:18:06Z	STANDOFF	2111	fjordgate	224070	B	T	core_destroyed	595
2026-08-13T16:18:07Z	STANDOFF	2112	frostgate	224070	A	C	core_destroyed	172
2026-08-13T16:18:10Z	STANDOFF	2113	frostgate	224070	B	C	core_destroyed	262
2026-08-13T16:18:17Z	STANDOFF	2114	glacierkeep	224070	A	T	core_destroyed	665
2026-08-13T16:18:19Z	STANDOFF	2115	glacierkeep	224070	B	T	core_destroyed	115
2026-08-13T16:18:22Z	STANDOFF	2116	icefloe	224070	A	T	core_destroyed	258
2026-08-13T16:18:29Z	STANDOFF	2117	icefloe	224070	B	C	core_destroyed	575
2026-08-13T16:18:33Z	STANDOFF	2118	midgard	224070	A	T	core_destroyed	156
2026-08-13T16:18:35Z	STANDOFF	2119	midgard	224070	B	C	core_destroyed	159
2026-08-13T16:18:38Z	STANDOFF	2120	nordkap	224070	A	T	tiebreak	1000
2026-08-13T16:18:40Z	STANDOFF	2121	nordkap	224070	B	C	core_destroyed	224
2026-08-13T16:19:32Z	STANDOFF	2122	ragnarok	224070	A	C	tiebreak	1000
2026-08-13T16:19:36Z	STANDOFF	2123	ragnarok	224070	B	T	core_destroyed	159
2026-08-13T16:19:38Z	STANDOFF	2124	royale	224070	A	T	core_destroyed	175
2026-08-13T16:19:40Z	STANDOFF	2125	royale	224070	B	C	core_destroyed	388
2026-08-13T16:19:42Z	STANDOFF	2126	valkyrie	224070	A	T	core_destroyed	153
2026-08-13T16:19:44Z	STANDOFF	2127	valkyrie	224070	B	C	core_destroyed	165
2026-08-13T16:19:46Z	STANDOFF	2128	yulerune	224070	A	C	core_destroyed	169
2026-08-13T16:19:49Z	STANDOFF	2129	yulerune	224070	B	T	core_destroyed	258
2026-08-13T16:19:51Z	STANDOFF	2130	antler	224071	A	T	core_destroyed	273
2026-08-13T16:19:53Z	STANDOFF	2131	antler	224071	B	T	core_destroyed	372
2026-08-13T16:19:55Z	STANDOFF	2132	archipelago	224071	A	C	core_destroyed	146
2026-08-13T16:19:57Z	STANDOFF	2133	archipelago	224071	B	T	core_destroyed	114
2026-08-13T16:19:59Z	STANDOFF	2134	auroraveil	224071	A	T	core_destroyed	187
2026-08-13T16:20:01Z	STANDOFF	2135	auroraveil	224071	B	C	core_destroyed	163
2026-08-13T16:20:10Z	STANDOFF	2136	drakkarfjord	224071	A	T	core_destroyed	391
2026-08-13T16:20:11Z	STANDOFF	2137	drakkarfjord	224071	B	T	core_destroyed	116
2026-08-13T16:20:13Z	STANDOFF	2138	drumlin	224071	A	C	core_destroyed	204
2026-08-13T16:20:15Z	STANDOFF	2139	drumlin	224071	B	C	core_destroyed	164
2026-08-13T16:20:17Z	STANDOFF	2140	fjordgate	224071	A	C	core_destroyed	301
2026-08-13T16:20:18Z	STANDOFF	2141	fjordgate	224071	B	C	core_destroyed	133
2026-08-13T16:20:21Z	STANDOFF	2142	frostgate	224071	A	C	core_destroyed	389
2026-08-13T16:20:22Z	STANDOFF	2143	frostgate	224071	B	C	core_destroyed	261
2026-08-13T16:20:24Z	STANDOFF	2144	glacierkeep	224071	A	T	core_destroyed	297
2026-08-13T16:20:28Z	STANDOFF	2145	glacierkeep	224071	B	T	core_destroyed	471
2026-08-13T16:20:32Z	STANDOFF	2146	icefloe	224071	A	T	core_destroyed	390
2026-08-13T16:20:38Z	STANDOFF	2147	icefloe	224071	B	T	core_destroyed	391
2026-08-13T16:20:41Z	STANDOFF	2148	midgard	224071	A	T	core_destroyed	145
2026-08-13T16:20:43Z	STANDOFF	2149	midgard	224071	B	C	core_destroyed	93
2026-08-13T16:20:45Z	STANDOFF	2150	nordkap	224071	A	C	core_destroyed	198
2026-08-13T16:20:48Z	STANDOFF	2151	nordkap	224071	B	C	core_destroyed	285
2026-08-13T16:20:50Z	STANDOFF	2152	ragnarok	224071	A	T	core_destroyed	134
2026-08-13T16:20:55Z	STANDOFF	2153	ragnarok	224071	B	C	core_destroyed	161
2026-08-13T16:20:56Z	STANDOFF	2154	royale	224071	A	C	core_destroyed	112
2026-08-13T16:20:57Z	STANDOFF	2155	royale	224071	B	T	core_destroyed	140
2026-08-13T16:21:06Z	STANDOFF	2156	valkyrie	224071	A	C	core_destroyed	386
2026-08-13T16:21:10Z	STANDOFF	2157	valkyrie	224071	B	C	core_destroyed	151
2026-08-13T16:21:14Z	STANDOFF	2158	yulerune	224071	A	C	core_destroyed	257
2026-08-13T16:21:17Z	STANDOFF	2159	yulerune	224071	B	C	core_destroyed	377
2026-08-13T16:21:21Z	STANDOFF	2160	antler	224072	A	C	tiebreak	1000
2026-08-13T16:21:23Z	STANDOFF	2161	antler	224072	B	C	core_destroyed	384
2026-08-13T16:21:25Z	STANDOFF	2162	archipelago	224072	A	C	core_destroyed	94
2026-08-13T16:21:27Z	STANDOFF	2163	archipelago	224072	B	C	core_destroyed	84
2026-08-13T16:21:30Z	STANDOFF	2164	auroraveil	224072	A	C	core_destroyed	573
2026-08-13T16:21:32Z	STANDOFF	2165	auroraveil	224072	B	C	core_destroyed	175
2026-08-13T16:21:36Z	STANDOFF	2166	drakkarfjord	224072	A	T	core_destroyed	310
2026-08-13T16:21:50Z	STANDOFF	2167	drakkarfjord	224072	B	C	tiebreak	1000
2026-08-13T16:21:53Z	STANDOFF	2168	drumlin	224072	A	T	core_destroyed	251
2026-08-13T16:21:55Z	STANDOFF	2169	drumlin	224072	B	T	core_destroyed	181
2026-08-13T16:21:57Z	STANDOFF	2170	fjordgate	224072	A	T	tiebreak	1000
2026-08-13T16:21:59Z	STANDOFF	2171	fjordgate	224072	B	C	core_destroyed	191
2026-08-13T16:22:01Z	STANDOFF	2172	frostgate	224072	A	C	core_destroyed	176
2026-08-13T16:22:03Z	STANDOFF	2173	frostgate	224072	B	C	tiebreak	1000
2026-08-13T16:22:06Z	STANDOFF	2174	glacierkeep	224072	A	C	core_destroyed	268
2026-08-13T16:22:11Z	STANDOFF	2175	glacierkeep	224072	B	C	core_destroyed	284
2026-08-13T16:22:13Z	STANDOFF	2176	icefloe	224072	A	T	core_destroyed	156
2026-08-13T16:22:17Z	STANDOFF	2177	icefloe	224072	B	T	core_destroyed	276
2026-08-13T16:22:19Z	STANDOFF	2178	midgard	224072	A	T	core_destroyed	82
2026-08-13T16:22:21Z	STANDOFF	2179	midgard	224072	B	C	core_destroyed	77
2026-08-13T16:22:23Z	STANDOFF	2180	nordkap	224072	A	C	core_destroyed	159
2026-08-13T16:22:26Z	STANDOFF	2181	nordkap	224072	B	C	tiebreak	1000
2026-08-13T16:22:33Z	STANDOFF	2182	ragnarok	224072	A	C	core_destroyed	342
2026-08-13T16:22:36Z	STANDOFF	2183	ragnarok	224072	B	T	core_destroyed	141
2026-08-13T16:22:38Z	STANDOFF	2184	royale	224072	A	C	core_destroyed	441
2026-08-13T16:22:39Z	STANDOFF	2185	royale	224072	B	T	core_destroyed	165
2026-08-13T16:22:50Z	STANDOFF	2186	valkyrie	224072	A	T	core_destroyed	778
2026-08-13T16:22:53Z	STANDOFF	2187	valkyrie	224072	B	T	core_destroyed	159
2026-08-13T16:22:55Z	STANDOFF	2188	yulerune	224072	A	C	core_destroyed	224
2026-08-13T16:22:57Z	STANDOFF	2189	yulerune	224072	B	C	core_destroyed	133
2026-08-13T16:22:58Z	STANDOFF	2190	antler	224073	A	C	core_destroyed	191
2026-08-13T16:23:00Z	STANDOFF	2191	antler	224073	B	C	core_destroyed	127
2026-08-13T16:23:02Z	STANDOFF	2192	archipelago	224073	A	C	core_destroyed	101
2026-08-13T16:23:07Z	STANDOFF	2193	archipelago	224073	B	C	core_destroyed	349
2026-08-13T16:23:08Z	STANDOFF	2194	auroraveil	224073	A	C	core_destroyed	153
2026-08-13T16:23:10Z	STANDOFF	2195	auroraveil	224073	B	T	core_destroyed	169
2026-08-13T16:23:12Z	STANDOFF	2196	drakkarfjord	224073	A	T	core_destroyed	164
2026-08-13T16:23:21Z	STANDOFF	2197	drakkarfjord	224073	B	T	core_destroyed	438
2026-08-13T16:23:22Z	STANDOFF	2198	drumlin	224073	A	C	core_destroyed	98
2026-08-13T16:23:24Z	STANDOFF	2199	drumlin	224073	B	C	core_destroyed	78
2026-08-13T16:23:25Z	STANDOFF	2200	fjordgate	224073	A	C	core_destroyed	123
2026-08-13T16:23:26Z	STANDOFF	2201	fjordgate	224073	B	C	core_destroyed	122
2026-08-13T16:23:27Z	STANDOFF	2202	frostgate	224073	A	T	core_destroyed	233
2026-08-13T16:23:31Z	STANDOFF	2203	frostgate	224073	B	C	core_destroyed	805
2026-08-13T16:23:35Z	STANDOFF	2204	glacierkeep	224073	A	T	core_destroyed	373
2026-08-13T16:23:36Z	STANDOFF	2205	glacierkeep	224073	B	C	core_destroyed	138
2026-08-13T16:23:39Z	STANDOFF	2206	icefloe	224073	A	T	core_destroyed	279
2026-08-13T16:23:41Z	STANDOFF	2207	icefloe	224073	B	C	core_destroyed	202
2026-08-13T16:23:45Z	STANDOFF	2208	midgard	224073	A	T	core_destroyed	291
2026-08-13T16:23:48Z	STANDOFF	2209	midgard	224073	B	T	core_destroyed	90
2026-08-13T16:23:50Z	STANDOFF	2210	nordkap	224073	A	T	tiebreak	1000
2026-08-13T16:23:52Z	STANDOFF	2211	nordkap	224073	B	T	core_destroyed	214
2026-08-13T16:24:40Z	STANDOFF	2212	ragnarok	224073	A	T	tiebreak	1000
2026-08-13T16:24:53Z	STANDOFF	2213	ragnarok	224073	B	C	tiebreak	1000
2026-08-13T16:24:55Z	STANDOFF	2214	royale	224073	A	C	core_destroyed	529
2026-08-13T16:24:57Z	STANDOFF	2215	royale	224073	B	C	core_destroyed	301
2026-08-13T16:24:59Z	STANDOFF	2216	valkyrie	224073	A	C	core_destroyed	101
2026-08-13T16:25:02Z	STANDOFF	2217	valkyrie	224073	B	C	core_destroyed	164
2026-08-13T16:25:04Z	STANDOFF	2218	yulerune	224073	A	C	core_destroyed	137
2026-08-13T16:25:08Z	STANDOFF	2219	yulerune	224073	B	C	core_destroyed	449
2026-08-13T16:25:12Z	STANDOFF	2220	antler	224074	A	C	core_destroyed	416
2026-08-13T16:25:15Z	STANDOFF	2221	antler	224074	B	C	core_destroyed	205
2026-08-13T16:25:17Z	STANDOFF	2222	archipelago	224074	A	T	core_destroyed	167
2026-08-13T16:25:20Z	STANDOFF	2223	archipelago	224074	B	T	core_destroyed	289
2026-08-13T16:25:22Z	STANDOFF	2224	auroraveil	224074	A	C	core_destroyed	143
2026-08-13T16:25:25Z	STANDOFF	2225	auroraveil	224074	B	T	tiebreak	1000
2026-08-13T16:25:34Z	STANDOFF	2226	drakkarfjord	224074	A	T	core_destroyed	567
2026-08-13T16:25:36Z	STANDOFF	2227	drakkarfjord	224074	B	T	core_destroyed	101
2026-08-13T16:25:42Z	STANDOFF	2228	drumlin	224074	A	C	core_destroyed	862
2026-08-13T16:25:45Z	STANDOFF	2229	drumlin	224074	B	T	core_destroyed	241
2026-08-13T16:25:46Z	STANDOFF	2230	fjordgate	224074	A	T	core_destroyed	141
2026-08-13T16:25:48Z	STANDOFF	2231	fjordgate	224074	B	T	tiebreak	1000
2026-08-13T16:25:49Z	STANDOFF	2232	frostgate	224074	A	C	core_destroyed	116
2026-08-13T16:25:54Z	STANDOFF	2233	frostgate	224074	B	T	tiebreak	1000
2026-08-13T16:25:56Z	STANDOFF	2234	glacierkeep	224074	A	T	core_destroyed	182
2026-08-13T16:26:00Z	STANDOFF	2235	glacierkeep	224074	B	C	core_destroyed	223
2026-08-13T16:26:04Z	STANDOFF	2236	icefloe	224074	A	T	core_destroyed	534
2026-08-13T16:26:06Z	STANDOFF	2237	icefloe	224074	B	C	core_destroyed	189
2026-08-13T16:26:08Z	STANDOFF	2238	midgard	224074	A	T	core_destroyed	139
2026-08-13T16:26:10Z	STANDOFF	2239	midgard	224074	B	T	core_destroyed	86
2026-08-13T16:26:12Z	STANDOFF	2240	nordkap	224074	A	C	core_destroyed	264
2026-08-13T16:26:13Z	STANDOFF	2241	nordkap	224074	B	C	core_destroyed	108
2026-08-13T16:26:25Z	STANDOFF	2242	ragnarok	224074	A	C	core_destroyed	512
2026-08-13T16:26:28Z	STANDOFF	2243	ragnarok	224074	B	T	core_destroyed	158
2026-08-13T16:26:30Z	STANDOFF	2244	royale	224074	A	T	core_destroyed	236
2026-08-13T16:26:32Z	STANDOFF	2245	royale	224074	B	T	core_destroyed	205
2026-08-13T16:26:48Z	STANDOFF	2246	valkyrie	224074	A	C	tiebreak	1000
2026-08-13T16:26:51Z	STANDOFF	2247	valkyrie	224074	B	C	core_destroyed	123
2026-08-13T16:26:53Z	STANDOFF	2248	yulerune	224074	A	C	core_destroyed	176
2026-08-13T16:26:59Z	STANDOFF	2249	yulerune	224074	B	C	tiebreak	1000
2026-08-13T16:27:00Z	STANDOFF	2250	antler	224075	A	T	core_destroyed	91
2026-08-13T16:27:05Z	STANDOFF	2251	antler	224075	B	T	tiebreak	1000
2026-08-13T16:27:07Z	STANDOFF	2252	archipelago	224075	A	C	core_destroyed	164
2026-08-13T16:27:10Z	STANDOFF	2253	archipelago	224075	B	C	core_destroyed	266
2026-08-13T16:27:12Z	STANDOFF	2254	auroraveil	224075	A	T	core_destroyed	381
2026-08-13T16:27:14Z	STANDOFF	2255	auroraveil	224075	B	C	core_destroyed	189
2026-08-13T16:27:21Z	STANDOFF	2256	drakkarfjord	224075	A	C	core_destroyed	429
2026-08-13T16:27:26Z	STANDOFF	2257	drakkarfjord	224075	B	T	core_destroyed	346
2026-08-13T16:27:29Z	STANDOFF	2258	drumlin	224075	A	T	core_destroyed	343
2026-08-13T16:27:32Z	STANDOFF	2259	drumlin	224075	B	T	core_destroyed	154
2026-08-13T16:27:33Z	STANDOFF	2260	fjordgate	224075	A	C	core_destroyed	264
2026-08-13T16:27:35Z	STANDOFF	2261	fjordgate	224075	B	C	core_destroyed	244
2026-08-13T16:27:37Z	STANDOFF	2262	frostgate	224075	A	T	core_destroyed	210
2026-08-13T16:27:39Z	STANDOFF	2263	frostgate	224075	B	T	core_destroyed	551
2026-08-13T16:27:43Z	STANDOFF	2264	glacierkeep	224075	A	T	core_destroyed	207
2026-08-13T16:27:46Z	STANDOFF	2265	glacierkeep	224075	B	T	core_destroyed	308
2026-08-13T16:27:50Z	STANDOFF	2266	icefloe	224075	A	C	core_destroyed	354
2026-08-13T16:27:51Z	STANDOFF	2267	icefloe	224075	B	T	core_destroyed	114
2026-08-13T16:27:55Z	STANDOFF	2268	midgard	224075	A	C	core_destroyed	227
2026-08-13T16:28:07Z	STANDOFF	2269	midgard	224075	B	T	core_destroyed	524
2026-08-13T16:28:09Z	STANDOFF	2270	nordkap	224075	A	T	core_destroyed	243
2026-08-13T16:28:11Z	STANDOFF	2271	nordkap	224075	B	T	core_destroyed	207
2026-08-13T16:28:15Z	STANDOFF	2272	ragnarok	224075	A	T	core_destroyed	214
2026-08-13T16:29:05Z	STANDOFF	2273	ragnarok	224075	B	T	tiebreak	1000
2026-08-13T16:29:06Z	STANDOFF	2274	royale	224075	A	T	core_destroyed	204
2026-08-13T16:29:08Z	STANDOFF	2275	royale	224075	B	C	core_destroyed	204
2026-08-13T16:29:12Z	STANDOFF	2276	valkyrie	224075	A	T	core_destroyed	219
2026-08-13T16:29:14Z	STANDOFF	2277	valkyrie	224075	B	C	core_destroyed	220
2026-08-13T16:29:17Z	STANDOFF	2278	yulerune	224075	A	C	core_destroyed	280
2026-08-13T16:29:19Z	STANDOFF	2279	yulerune	224075	B	C	core_destroyed	102
2026-08-13T16:29:20Z	STANDOFF	2280	antler	224076	A	C	core_destroyed	143
2026-08-13T16:29:21Z	STANDOFF	2281	antler	224076	B	T	core_destroyed	136
2026-08-13T16:29:24Z	STANDOFF	2282	archipelago	224076	A	T	core_destroyed	203
2026-08-13T16:29:30Z	STANDOFF	2283	archipelago	224076	B	T	core_destroyed	279
2026-08-13T16:29:33Z	STANDOFF	2284	auroraveil	224076	A	T	core_destroyed	456
2026-08-13T16:29:35Z	STANDOFF	2285	auroraveil	224076	B	T	core_destroyed	246
2026-08-13T16:29:39Z	STANDOFF	2286	drakkarfjord	224076	A	T	core_destroyed	305
2026-08-13T16:29:42Z	STANDOFF	2287	drakkarfjord	224076	B	T	core_destroyed	177
2026-08-13T16:29:47Z	STANDOFF	2288	drumlin	224076	A	T	core_destroyed	492
2026-08-13T16:29:50Z	STANDOFF	2289	drumlin	224076	B	C	core_destroyed	173
2026-08-13T16:29:51Z	STANDOFF	2290	fjordgate	224076	A	T	core_destroyed	149
2026-08-13T16:29:53Z	STANDOFF	2291	fjordgate	224076	B	C	core_destroyed	162
2026-08-13T16:29:55Z	STANDOFF	2292	frostgate	224076	A	T	core_destroyed	110
2026-08-13T16:29:56Z	STANDOFF	2293	frostgate	224076	B	T	core_destroyed	137
2026-08-13T16:30:04Z	STANDOFF	2294	glacierkeep	224076	A	T	core_destroyed	629
2026-08-13T16:30:06Z	STANDOFF	2295	glacierkeep	224076	B	C	core_destroyed	275
2026-08-13T16:30:09Z	STANDOFF	2296	icefloe	224076	A	T	core_destroyed	230
2026-08-13T16:30:13Z	STANDOFF	2297	icefloe	224076	B	C	core_destroyed	362
2026-08-13T16:30:16Z	STANDOFF	2298	midgard	224076	A	C	core_destroyed	106
2026-08-13T16:30:19Z	STANDOFF	2299	midgard	224076	B	C	core_destroyed	144
2026-08-13T16:30:23Z	STANDOFF	2300	nordkap	224076	A	T	core_destroyed	517
2026-08-13T16:30:24Z	STANDOFF	2301	nordkap	224076	B	C	core_destroyed	186
2026-08-13T16:31:21Z	STANDOFF	2302	ragnarok	224076	A	C	tiebreak	1000
2026-08-13T16:31:24Z	STANDOFF	2303	ragnarok	224076	B	C	core_destroyed	127
2026-08-13T16:31:27Z	STANDOFF	2304	royale	224076	A	T	core_destroyed	395
2026-08-13T16:31:29Z	STANDOFF	2305	royale	224076	B	T	core_destroyed	134
2026-08-13T16:31:36Z	STANDOFF	2306	valkyrie	224076	A	C	core_destroyed	362
2026-08-13T16:31:37Z	STANDOFF	2307	valkyrie	224076	B	T	core_destroyed	83
2026-08-13T16:31:39Z	STANDOFF	2308	yulerune	224076	A	C	core_destroyed	157
2026-08-13T16:31:45Z	STANDOFF	2309	yulerune	224076	B	T	tiebreak	1000
2026-08-13T16:31:47Z	STANDOFF	2310	antler	224077	A	C	core_destroyed	122
2026-08-13T16:31:52Z	STANDOFF	2311	antler	224077	B	C	core_destroyed	781
2026-08-13T16:31:58Z	STANDOFF	2312	archipelago	224077	A	C	core_destroyed	507
2026-08-13T16:32:03Z	STANDOFF	2313	archipelago	224077	B	C	core_destroyed	349
2026-08-13T16:32:05Z	STANDOFF	2314	auroraveil	224077	A	T	core_destroyed	140
2026-08-13T16:32:09Z	STANDOFF	2315	auroraveil	224077	B	C	core_destroyed	330
2026-08-13T16:32:27Z	STANDOFF	2316	drakkarfjord	224077	A	T	tiebreak	1000
2026-08-13T16:32:31Z	STANDOFF	2317	drakkarfjord	224077	B	C	core_destroyed	179
2026-08-13T16:32:35Z	STANDOFF	2318	drumlin	224077	A	T	core_destroyed	616
2026-08-13T16:32:38Z	STANDOFF	2319	drumlin	224077	B	T	core_destroyed	156
2026-08-13T16:32:41Z	STANDOFF	2320	fjordgate	224077	A	C	core_destroyed	749
2026-08-13T16:32:43Z	STANDOFF	2321	fjordgate	224077	B	C	core_destroyed	160
2026-08-13T16:32:46Z	STANDOFF	2322	frostgate	224077	A	T	core_destroyed	648
2026-08-13T16:32:48Z	STANDOFF	2323	frostgate	224077	B	C	core_destroyed	436
2026-08-13T16:32:50Z	STANDOFF	2324	glacierkeep	224077	A	C	core_destroyed	166
2026-08-13T16:32:51Z	STANDOFF	2325	glacierkeep	224077	B	C	core_destroyed	117
2026-08-13T16:32:53Z	STANDOFF	2326	icefloe	224077	A	T	core_destroyed	137
2026-08-13T16:33:05Z	STANDOFF	2327	icefloe	224077	B	T	tiebreak	1000
2026-08-13T16:33:10Z	STANDOFF	2328	midgard	224077	A	T	core_destroyed	171
2026-08-13T16:33:12Z	STANDOFF	2329	midgard	224077	B	T	core_destroyed	115
2026-08-13T16:33:15Z	STANDOFF	2330	nordkap	224077	A	C	core_destroyed	270
2026-08-13T16:33:17Z	STANDOFF	2331	nordkap	224077	B	C	core_destroyed	165
2026-08-13T16:33:21Z	STANDOFF	2332	ragnarok	224077	A	C	core_destroyed	162
2026-08-13T16:33:27Z	STANDOFF	2333	ragnarok	224077	B	T	core_destroyed	166
2026-08-13T16:33:28Z	STANDOFF	2334	royale	224077	A	C	core_destroyed	138
2026-08-13T16:33:31Z	STANDOFF	2335	royale	224077	B	T	core_destroyed	226
2026-08-13T16:33:33Z	STANDOFF	2336	valkyrie	224077	A	C	core_destroyed	133
2026-08-13T16:33:36Z	STANDOFF	2337	valkyrie	224077	B	C	core_destroyed	186
2026-08-13T16:33:39Z	STANDOFF	2338	yulerune	224077	A	T	core_destroyed	226
2026-08-13T16:33:42Z	STANDOFF	2339	yulerune	224077	B	T	core_destroyed	208
2026-08-13T16:33:44Z	STANDOFF	2340	antler	224078	A	C	core_destroyed	416
2026-08-13T16:33:45Z	STANDOFF	2341	antler	224078	B	T	core_destroyed	121
2026-08-13T16:33:48Z	STANDOFF	2342	archipelago	224078	A	T	core_destroyed	113
2026-08-13T16:33:51Z	STANDOFF	2343	archipelago	224078	B	C	core_destroyed	233
2026-08-13T16:33:54Z	STANDOFF	2344	auroraveil	224078	A	T	core_destroyed	337
2026-08-13T16:33:57Z	STANDOFF	2345	auroraveil	224078	B	T	core_destroyed	397
2026-08-13T16:34:01Z	STANDOFF	2346	drakkarfjord	224078	A	T	core_destroyed	206
2026-08-13T16:34:03Z	STANDOFF	2347	drakkarfjord	224078	B	C	core_destroyed	136
2026-08-13T16:34:08Z	STANDOFF	2348	drumlin	224078	A	C	core_destroyed	343
2026-08-13T16:34:12Z	STANDOFF	2349	drumlin	224078	B	C	core_destroyed	542
2026-08-13T16:34:13Z	STANDOFF	2350	fjordgate	224078	A	T	core_destroyed	126
2026-08-13T16:34:16Z	STANDOFF	2351	fjordgate	224078	B	C	tiebreak	1000
2026-08-13T16:34:20Z	STANDOFF	2352	frostgate	224078	A	C	core_destroyed	222
2026-08-13T16:34:23Z	STANDOFF	2353	frostgate	224078	B	C	core_destroyed	261
2026-08-13T16:34:45Z	STANDOFF	2354	glacierkeep	224078	A	C	core_destroyed	625
2026-08-13T16:34:47Z	STANDOFF	2355	glacierkeep	224078	B	C	core_destroyed	182
2026-08-13T16:34:50Z	STANDOFF	2356	icefloe	224078	A	T	core_destroyed	238
2026-08-13T16:34:53Z	STANDOFF	2357	icefloe	224078	B	T	core_destroyed	248
2026-08-13T16:34:57Z	STANDOFF	2358	midgard	224078	A	C	core_destroyed	106
2026-08-13T16:34:59Z	STANDOFF	2359	midgard	224078	B	T	core_destroyed	120
2026-08-13T16:35:01Z	STANDOFF	2360	nordkap	224078	A	C	core_destroyed	155
2026-08-13T16:35:03Z	STANDOFF	2361	nordkap	224078	B	T	core_destroyed	254
2026-08-13T16:35:08Z	STANDOFF	2362	ragnarok	224078	A	C	core_destroyed	335
2026-08-13T16:36:01Z	STANDOFF	2363	ragnarok	224078	B	C	tiebreak	1000
2026-08-13T16:36:04Z	STANDOFF	2364	royale	224078	A	C	tiebreak	1000
2026-08-13T16:36:06Z	STANDOFF	2365	royale	224078	B	T	core_destroyed	448
2026-08-13T16:36:10Z	STANDOFF	2366	valkyrie	224078	A	T	core_destroyed	272
2026-08-13T16:36:12Z	STANDOFF	2367	valkyrie	224078	B	T	core_destroyed	80
2026-08-13T16:36:16Z	STANDOFF	2368	yulerune	224078	A	C	core_destroyed	441
2026-08-13T16:36:20Z	STANDOFF	2369	yulerune	224078	B	T	core_destroyed	203
2026-08-13T16:36:22Z	STANDOFF	2370	antler	224079	A	T	tiebreak	1000
2026-08-13T16:36:27Z	STANDOFF	2371	antler	224079	B	C	tiebreak	1000
2026-08-13T16:36:30Z	STANDOFF	2372	archipelago	224079	A	T	core_destroyed	170
2026-08-13T16:36:32Z	STANDOFF	2373	archipelago	224079	B	T	core_destroyed	86
2026-08-13T16:36:34Z	STANDOFF	2374	auroraveil	224079	A	T	core_destroyed	196
2026-08-13T16:36:35Z	STANDOFF	2375	auroraveil	224079	B	T	core_destroyed	108
2026-08-13T16:36:46Z	STANDOFF	2376	drakkarfjord	224079	A	T	core_destroyed	697
2026-08-13T16:36:52Z	STANDOFF	2377	drakkarfjord	224079	B	T	core_destroyed	433
2026-08-13T16:36:53Z	STANDOFF	2378	drumlin	224079	A	T	core_destroyed	149
2026-08-13T16:36:55Z	STANDOFF	2379	drumlin	224079	B	T	core_destroyed	115
2026-08-13T16:36:57Z	STANDOFF	2380	fjordgate	224079	A	C	core_destroyed	609
2026-08-13T16:36:58Z	STANDOFF	2381	fjordgate	224079	B	C	core_destroyed	472
2026-08-13T16:37:01Z	STANDOFF	2382	frostgate	224079	A	T	core_destroyed	481
2026-08-13T16:37:04Z	STANDOFF	2383	frostgate	224079	B	T	core_destroyed	488
2026-08-13T16:37:06Z	STANDOFF	2384	glacierkeep	224079	A	T	core_destroyed	279
2026-08-13T16:37:09Z	STANDOFF	2385	glacierkeep	224079	B	C	core_destroyed	365
2026-08-13T16:37:12Z	STANDOFF	2386	icefloe	224079	A	T	core_destroyed	333
2026-08-13T16:37:15Z	STANDOFF	2387	icefloe	224079	B	T	core_destroyed	338
2026-08-13T16:37:17Z	STANDOFF	2388	midgard	224079	A	T	core_destroyed	79
2026-08-13T16:37:20Z	STANDOFF	2389	midgard	224079	B	C	core_destroyed	131
2026-08-13T16:37:22Z	STANDOFF	2390	nordkap	224079	A	C	core_destroyed	237
2026-08-13T16:37:24Z	STANDOFF	2391	nordkap	224079	B	C	core_destroyed	210
2026-08-13T16:37:26Z	STANDOFF	2392	ragnarok	224079	A	T	core_destroyed	127
2026-08-13T16:37:48Z	STANDOFF	2393	ragnarok	224079	B	C	tiebreak	1000
2026-08-13T16:37:50Z	STANDOFF	2394	royale	224079	A	C	core_destroyed	529
2026-08-13T16:37:51Z	STANDOFF	2395	royale	224079	B	T	core_destroyed	253
2026-08-13T16:37:53Z	STANDOFF	2396	valkyrie	224079	A	C	core_destroyed	113
2026-08-13T16:38:00Z	STANDOFF	2397	valkyrie	224079	B	T	core_destroyed	458
2026-08-13T16:38:02Z	STANDOFF	2398	yulerune	224079	A	T	core_destroyed	234
2026-08-13T16:38:04Z	STANDOFF	2399	yulerune	224079	B	T	core_destroyed	228
2026-08-13T16:38:05Z	STANDOFF	2400	antler	224080	A	C	core_destroyed	205
2026-08-13T16:38:07Z	STANDOFF	2401	antler	224080	B	T	core_destroyed	433
2026-08-13T16:38:09Z	STANDOFF	2402	archipelago	224080	A	C	core_destroyed	112
2026-08-13T16:38:13Z	STANDOFF	2403	archipelago	224080	B	C	core_destroyed	224
2026-08-13T16:38:16Z	STANDOFF	2404	auroraveil	224080	A	T	core_destroyed	267
2026-08-13T16:38:19Z	STANDOFF	2405	auroraveil	224080	B	C	core_destroyed	303
2026-08-13T16:38:22Z	STANDOFF	2406	drakkarfjord	224080	A	C	core_destroyed	262
2026-08-13T16:38:25Z	STANDOFF	2407	drakkarfjord	224080	B	T	core_destroyed	194
2026-08-13T16:38:33Z	STANDOFF	2408	drumlin	224080	A	C	core_destroyed	720
2026-08-13T16:38:35Z	STANDOFF	2409	drumlin	224080	B	C	core_destroyed	215
2026-08-13T16:38:37Z	STANDOFF	2410	fjordgate	224080	A	T	core_destroyed	208
2026-08-13T16:38:38Z	STANDOFF	2411	fjordgate	224080	B	C	core_destroyed	141
2026-08-13T16:38:42Z	STANDOFF	2412	frostgate	224080	A	C	core_destroyed	921
2026-08-13T16:38:46Z	STANDOFF	2413	frostgate	224080	B	C	core_destroyed	416
2026-08-13T16:38:48Z	STANDOFF	2414	glacierkeep	224080	A	T	core_destroyed	220
2026-08-13T16:38:51Z	STANDOFF	2415	glacierkeep	224080	B	C	core_destroyed	206
2026-08-13T16:38:53Z	STANDOFF	2416	icefloe	224080	A	C	core_destroyed	190
2026-08-13T16:38:56Z	STANDOFF	2417	icefloe	224080	B	C	core_destroyed	319
2026-08-13T16:38:59Z	STANDOFF	2418	midgard	224080	A	C	core_destroyed	174
2026-08-13T16:39:01Z	STANDOFF	2419	midgard	224080	B	C	core_destroyed	78
2026-08-13T16:39:03Z	STANDOFF	2420	nordkap	224080	A	T	core_destroyed	284
2026-08-13T16:39:07Z	STANDOFF	2421	nordkap	224080	B	T	tiebreak	1000
2026-08-13T16:39:17Z	STANDOFF	2422	ragnarok	224080	A	C	core_destroyed	527
2026-08-13T16:39:23Z	STANDOFF	2423	ragnarok	224080	B	T	core_destroyed	342
2026-08-13T16:39:25Z	STANDOFF	2424	royale	224080	A	T	core_destroyed	169
2026-08-13T16:39:26Z	STANDOFF	2425	royale	224080	B	T	core_destroyed	421
2026-08-13T16:39:30Z	STANDOFF	2426	valkyrie	224080	A	C	core_destroyed	244
2026-08-13T16:39:34Z	STANDOFF	2427	valkyrie	224080	B	C	core_destroyed	280
2026-08-13T16:39:37Z	STANDOFF	2428	yulerune	224080	A	C	core_destroyed	199
2026-08-13T16:39:39Z	STANDOFF	2429	yulerune	224080	B	T	core_destroyed	168
2026-08-13T16:39:41Z	STANDOFF	2430	antler	224081	A	T	core_destroyed	221
2026-08-13T16:39:42Z	STANDOFF	2431	antler	224081	B	C	core_destroyed	127
2026-08-13T16:39:44Z	STANDOFF	2432	archipelago	224081	A	C	core_destroyed	125
2026-08-13T16:39:47Z	STANDOFF	2433	archipelago	224081	B	T	core_destroyed	137
2026-08-13T16:39:51Z	STANDOFF	2434	auroraveil	224081	A	C	tiebreak	1000
2026-08-13T16:39:54Z	STANDOFF	2435	auroraveil	224081	B	C	core_destroyed	229
2026-08-13T16:40:02Z	STANDOFF	2436	drakkarfjord	224081	A	C	core_destroyed	839
2026-08-13T16:40:06Z	STANDOFF	2437	drakkarfjord	224081	B	C	core_destroyed	422
2026-08-13T16:40:10Z	STANDOFF	2438	drumlin	224081	A	T	core_destroyed	353
2026-08-13T16:40:13Z	STANDOFF	2439	drumlin	224081	B	T	core_destroyed	240
2026-08-13T16:40:14Z	STANDOFF	2440	fjordgate	224081	A	C	core_destroyed	152
2026-08-13T16:40:15Z	STANDOFF	2441	fjordgate	224081	B	T	core_destroyed	148
2026-08-13T16:40:17Z	STANDOFF	2442	frostgate	224081	A	T	core_destroyed	200
2026-08-13T16:40:19Z	STANDOFF	2443	frostgate	224081	B	C	core_destroyed	168
2026-08-13T16:40:21Z	STANDOFF	2444	glacierkeep	224081	A	T	core_destroyed	197
2026-08-13T16:40:23Z	STANDOFF	2445	glacierkeep	224081	B	C	core_destroyed	216
2026-08-13T16:40:25Z	STANDOFF	2446	icefloe	224081	A	T	core_destroyed	122
2026-08-13T16:40:30Z	STANDOFF	2447	icefloe	224081	B	C	core_destroyed	492
2026-08-13T16:40:32Z	STANDOFF	2448	midgard	224081	A	T	core_destroyed	99
2026-08-13T16:40:34Z	STANDOFF	2449	midgard	224081	B	C	core_destroyed	90
2026-08-13T16:40:35Z	STANDOFF	2450	nordkap	224081	A	T	core_destroyed	154
2026-08-13T16:40:37Z	STANDOFF	2451	nordkap	224081	B	T	core_destroyed	108
2026-08-13T16:40:39Z	STANDOFF	2452	ragnarok	224081	A	T	core_destroyed	195
2026-08-13T16:40:43Z	STANDOFF	2453	ragnarok	224081	B	T	core_destroyed	190
2026-08-13T16:40:45Z	STANDOFF	2454	royale	224081	A	T	tiebreak	1000
2026-08-13T16:40:47Z	STANDOFF	2455	royale	224081	B	C	core_destroyed	292
2026-08-13T16:40:49Z	STANDOFF	2456	valkyrie	224081	A	C	core_destroyed	130
2026-08-13T16:40:54Z	STANDOFF	2457	valkyrie	224081	B	T	core_destroyed	275
2026-08-13T16:40:57Z	STANDOFF	2458	yulerune	224081	A	T	core_destroyed	180
2026-08-13T16:40:59Z	STANDOFF	2459	yulerune	224081	B	T	core_destroyed	174
2026-08-13T16:41:01Z	STANDOFF	2460	antler	224082	A	T	core_destroyed	280
2026-08-13T16:41:04Z	STANDOFF	2461	antler	224082	B	C	core_destroyed	449
2026-08-13T16:41:08Z	STANDOFF	2462	archipelago	224082	A	T	core_destroyed	349
2026-08-13T16:41:10Z	STANDOFF	2463	archipelago	224082	B	C	core_destroyed	130
2026-08-13T16:41:12Z	STANDOFF	2464	auroraveil	224082	A	T	core_destroyed	244
2026-08-13T16:41:13Z	STANDOFF	2465	auroraveil	224082	B	T	core_destroyed	100
2026-08-13T16:41:18Z	STANDOFF	2466	drakkarfjord	224082	A	C	core_destroyed	438
2026-08-13T16:41:30Z	STANDOFF	2467	drakkarfjord	224082	B	C	core_destroyed	836
2026-08-13T16:41:32Z	STANDOFF	2468	drumlin	224082	A	T	core_destroyed	289
2026-08-13T16:41:35Z	STANDOFF	2469	drumlin	224082	B	C	core_destroyed	189
2026-08-13T16:41:36Z	STANDOFF	2470	fjordgate	224082	A	T	core_destroyed	65
2026-08-13T16:41:39Z	STANDOFF	2471	fjordgate	224082	B	T	tiebreak	1000
2026-08-13T16:41:40Z	STANDOFF	2472	frostgate	224082	A	C	core_destroyed	131
2026-08-13T16:41:42Z	STANDOFF	2473	frostgate	224082	B	C	core_destroyed	365
2026-08-13T16:41:45Z	STANDOFF	2474	glacierkeep	224082	A	T	core_destroyed	164
2026-08-13T16:41:54Z	STANDOFF	2475	glacierkeep	224082	B	T	tiebreak	1000
2026-08-13T16:41:59Z	STANDOFF	2476	icefloe	224082	A	C	core_destroyed	737
2026-08-13T16:42:00Z	STANDOFF	2477	icefloe	224082	B	C	core_destroyed	118
2026-08-13T16:42:02Z	STANDOFF	2478	midgard	224082	A	T	core_destroyed	195
2026-08-13T16:42:06Z	STANDOFF	2479	midgard	224082	B	C	core_destroyed	270
2026-08-13T16:42:07Z	STANDOFF	2480	nordkap	224082	A	T	core_destroyed	127
2026-08-13T16:42:09Z	STANDOFF	2481	nordkap	224082	B	C	core_destroyed	255
2026-08-13T16:42:13Z	STANDOFF	2482	ragnarok	224082	A	T	core_destroyed	160
2026-08-13T16:42:16Z	STANDOFF	2483	ragnarok	224082	B	T	core_destroyed	319
2026-08-13T16:42:18Z	STANDOFF	2484	royale	224082	A	T	core_destroyed	453
2026-08-13T16:42:21Z	STANDOFF	2485	royale	224082	B	T	core_destroyed	649
2026-08-13T16:42:24Z	STANDOFF	2486	valkyrie	224082	A	T	core_destroyed	202
2026-08-13T16:42:26Z	STANDOFF	2487	valkyrie	224082	B	T	core_destroyed	148
2026-08-13T16:42:28Z	STANDOFF	2488	yulerune	224082	A	T	core_destroyed	213
2026-08-13T16:42:30Z	STANDOFF	2489	yulerune	224082	B	T	core_destroyed	223
2026-08-13T16:42:34Z	STANDOFF	2490	antler	224083	A	C	tiebreak	1000
2026-08-13T16:42:36Z	STANDOFF	2491	antler	224083	B	T	core_destroyed	503
2026-08-13T16:42:39Z	STANDOFF	2492	archipelago	224083	A	T	core_destroyed	317
2026-08-13T16:42:40Z	STANDOFF	2493	archipelago	224083	B	T	core_destroyed	113
2026-08-13T16:42:44Z	STANDOFF	2494	auroraveil	224083	A	T	core_destroyed	426
2026-08-13T16:42:47Z	STANDOFF	2495	auroraveil	224083	B	T	core_destroyed	665
2026-08-13T16:42:49Z	STANDOFF	2496	drakkarfjord	224083	A	T	core_destroyed	112
2026-08-13T16:42:54Z	STANDOFF	2497	drakkarfjord	224083	B	T	core_destroyed	630
2026-08-13T16:42:57Z	STANDOFF	2498	drumlin	224083	A	T	core_destroyed	301
2026-08-13T16:43:01Z	STANDOFF	2499	drumlin	224083	B	C	core_destroyed	396
2026-08-13T16:43:03Z	STANDOFF	2500	fjordgate	224083	A	C	core_destroyed	193
2026-08-13T16:43:04Z	STANDOFF	2501	fjordgate	224083	B	C	core_destroyed	108
2026-08-13T16:43:06Z	STANDOFF	2502	frostgate	224083	A	T	tiebreak	1000
2026-08-13T16:43:11Z	STANDOFF	2503	frostgate	224083	B	T	core_destroyed	555
2026-08-13T16:43:13Z	STANDOFF	2504	glacierkeep	224083	A	T	core_destroyed	111
2026-08-13T16:43:15Z	STANDOFF	2505	glacierkeep	224083	B	C	core_destroyed	212
2026-08-13T16:43:20Z	STANDOFF	2506	icefloe	224083	A	C	core_destroyed	535
2026-08-13T16:43:22Z	STANDOFF	2507	icefloe	224083	B	T	core_destroyed	244
2026-08-13T16:43:27Z	STANDOFF	2508	midgard	224083	A	C	core_destroyed	268
2026-08-13T16:43:30Z	STANDOFF	2509	midgard	224083	B	C	core_destroyed	155
2026-08-13T16:43:32Z	STANDOFF	2510	nordkap	224083	A	C	tiebreak	1000
2026-08-13T16:43:33Z	STANDOFF	2511	nordkap	224083	B	C	core_destroyed	151
2026-08-13T16:43:40Z	STANDOFF	2512	ragnarok	224083	A	T	core_destroyed	236
2026-08-13T16:44:19Z	STANDOFF	2513	ragnarok	224083	B	C	tiebreak	1000
2026-08-13T16:44:20Z	STANDOFF	2514	royale	224083	A	T	core_destroyed	273
2026-08-13T16:44:21Z	STANDOFF	2515	royale	224083	B	C	core_destroyed	197
2026-08-13T16:44:24Z	STANDOFF	2516	valkyrie	224083	A	T	core_destroyed	145
2026-08-13T16:44:27Z	STANDOFF	2517	valkyrie	224083	B	T	core_destroyed	211
2026-08-13T16:44:30Z	STANDOFF	2518	yulerune	224083	A	T	core_destroyed	277
2026-08-13T16:44:34Z	STANDOFF	2519	yulerune	224083	B	T	core_destroyed	340
2026-08-13T16:44:36Z	STANDOFF	2520	antler	224084	A	C	core_destroyed	504
2026-08-13T16:44:39Z	STANDOFF	2521	antler	224084	B	C	tiebreak	1000
2026-08-13T16:44:41Z	STANDOFF	2522	archipelago	224084	A	T	core_destroyed	84
2026-08-13T16:44:42Z	STANDOFF	2523	archipelago	224084	B	C	core_destroyed	126
2026-08-13T16:44:45Z	STANDOFF	2524	auroraveil	224084	A	C	core_destroyed	293
2026-08-13T16:44:48Z	STANDOFF	2525	auroraveil	224084	B	C	tiebreak	1000
2026-08-13T16:45:00Z	STANDOFF	2526	drakkarfjord	224084	A	C	tiebreak	1000
2026-08-13T16:45:11Z	STANDOFF	2527	drakkarfjord	224084	B	T	tiebreak	1000
2026-08-13T16:45:13Z	STANDOFF	2528	drumlin	224084	A	T	core_destroyed	189
2026-08-13T16:45:14Z	STANDOFF	2529	drumlin	224084	B	C	core_destroyed	137
2026-08-13T16:45:15Z	STANDOFF	2530	fjordgate	224084	A	T	core_destroyed	174
2026-08-13T16:45:16Z	STANDOFF	2531	fjordgate	224084	B	T	core_destroyed	136
2026-08-13T16:45:17Z	STANDOFF	2532	frostgate	224084	A	C	core_destroyed	134
2026-08-13T16:45:19Z	STANDOFF	2533	frostgate	224084	B	T	core_destroyed	236
2026-08-13T16:45:26Z	STANDOFF	2534	glacierkeep	224084	A	C	core_destroyed	870
2026-08-13T16:45:28Z	STANDOFF	2535	glacierkeep	224084	B	T	core_destroyed	266
2026-08-13T16:45:30Z	STANDOFF	2536	icefloe	224084	A	T	core_destroyed	224
2026-08-13T16:45:32Z	STANDOFF	2537	icefloe	224084	B	C	core_destroyed	230
2026-08-13T16:45:35Z	STANDOFF	2538	midgard	224084	A	C	core_destroyed	179
2026-08-13T16:45:38Z	STANDOFF	2539	midgard	224084	B	C	core_destroyed	136
2026-08-13T16:45:44Z	STANDOFF	2540	nordkap	224084	A	C	tiebreak	1000
2026-08-13T16:45:46Z	STANDOFF	2541	nordkap	224084	B	T	core_destroyed	189
2026-08-13T16:45:51Z	STANDOFF	2542	ragnarok	224084	A	C	core_destroyed	167
2026-08-13T16:46:35Z	STANDOFF	2543	ragnarok	224084	B	C	tiebreak	1000
2026-08-13T16:46:37Z	STANDOFF	2544	royale	224084	A	C	core_destroyed	172
2026-08-13T16:46:42Z	STANDOFF	2545	royale	224084	B	T	core_destroyed	753
2026-08-13T16:46:44Z	STANDOFF	2546	valkyrie	224084	A	T	core_destroyed	172
2026-08-13T16:46:46Z	STANDOFF	2547	valkyrie	224084	B	T	core_destroyed	186
2026-08-13T16:46:48Z	STANDOFF	2548	yulerune	224084	A	T	core_destroyed	133
2026-08-13T16:46:50Z	STANDOFF	2549	yulerune	224084	B	C	core_destroyed	177
2026-08-13T16:46:51Z	STANDOFF	2550	antler	224085	A	T	core_destroyed	179
2026-08-13T16:46:53Z	STANDOFF	2551	antler	224085	B	T	core_destroyed	212
2026-08-13T16:46:56Z	STANDOFF	2552	archipelago	224085	A	C	core_destroyed	156
2026-08-13T16:46:59Z	STANDOFF	2553	archipelago	224085	B	T	core_destroyed	116
2026-08-13T16:47:00Z	STANDOFF	2554	auroraveil	224085	A	C	core_destroyed	190
2026-08-13T16:47:02Z	STANDOFF	2555	auroraveil	224085	B	C	core_destroyed	128
2026-08-13T16:47:04Z	STANDOFF	2556	drakkarfjord	224085	A	T	core_destroyed	201
2026-08-13T16:47:08Z	STANDOFF	2557	drakkarfjord	224085	B	T	core_destroyed	412
2026-08-13T16:47:13Z	STANDOFF	2558	drumlin	224085	A	T	core_destroyed	280
2026-08-13T16:47:17Z	STANDOFF	2559	drumlin	224085	B	C	core_destroyed	401
2026-08-13T16:47:19Z	STANDOFF	2560	fjordgate	224085	A	C	tiebreak	1000
2026-08-13T16:47:20Z	STANDOFF	2561	fjordgate	224085	B	C	core_destroyed	192
2026-08-13T16:47:22Z	STANDOFF	2562	frostgate	224085	A	T	core_destroyed	136
2026-08-13T16:47:24Z	STANDOFF	2563	frostgate	224085	B	T	core_destroyed	196
2026-08-13T16:47:41Z	STANDOFF	2564	glacierkeep	224085	A	C	core_destroyed	659
2026-08-13T16:47:44Z	STANDOFF	2565	glacierkeep	224085	B	C	core_destroyed	319
2026-08-13T16:47:48Z	STANDOFF	2566	icefloe	224085	A	T	core_destroyed	361
2026-08-13T16:47:50Z	STANDOFF	2567	icefloe	224085	B	T	core_destroyed	188
2026-08-13T16:47:52Z	STANDOFF	2568	midgard	224085	A	C	core_destroyed	194
2026-08-13T16:47:55Z	STANDOFF	2569	midgard	224085	B	C	core_destroyed	193
2026-08-13T16:47:57Z	STANDOFF	2570	nordkap	224085	A	C	core_destroyed	259
2026-08-13T16:48:00Z	STANDOFF	2571	nordkap	224085	B	C	tiebreak	1000
2026-08-13T16:48:35Z	STANDOFF	2572	ragnarok	224085	A	T	tiebreak	1000
2026-08-13T16:49:21Z	STANDOFF	2573	ragnarok	224085	B	C	tiebreak	1000
2026-08-13T16:49:25Z	STANDOFF	2574	royale	224085	A	T	tiebreak	1000
2026-08-13T16:49:27Z	STANDOFF	2575	royale	224085	B	C	tiebreak	1000
2026-08-13T16:49:28Z	STANDOFF	2576	valkyrie	224085	A	T	core_destroyed	115
2026-08-13T16:49:30Z	STANDOFF	2577	valkyrie	224085	B	C	core_destroyed	129
2026-08-13T16:49:32Z	STANDOFF	2578	yulerune	224085	A	T	core_destroyed	142
2026-08-13T16:49:35Z	STANDOFF	2579	yulerune	224085	B	T	core_destroyed	236
2026-08-13T16:49:36Z	STANDOFF	2580	antler	224086	A	C	core_destroyed	406
2026-08-13T16:49:37Z	STANDOFF	2581	antler	224086	B	C	core_destroyed	161
2026-08-13T16:49:41Z	STANDOFF	2582	archipelago	224086	A	C	core_destroyed	186
2026-08-13T16:49:46Z	STANDOFF	2583	archipelago	224086	B	T	core_destroyed	518
2026-08-13T16:49:48Z	STANDOFF	2584	auroraveil	224086	A	C	core_destroyed	83
2026-08-13T16:49:49Z	STANDOFF	2585	auroraveil	224086	B	C	core_destroyed	149
2026-08-13T16:49:51Z	STANDOFF	2586	drakkarfjord	224086	A	T	core_destroyed	185
2026-08-13T16:49:54Z	STANDOFF	2587	drakkarfjord	224086	B	T	core_destroyed	192
2026-08-13T16:49:56Z	STANDOFF	2588	drumlin	224086	A	T	core_destroyed	259
2026-08-13T16:50:00Z	STANDOFF	2589	drumlin	224086	B	T	core_destroyed	336
2026-08-13T16:50:01Z	STANDOFF	2590	fjordgate	224086	A	T	core_destroyed	397
2026-08-13T16:50:02Z	STANDOFF	2591	fjordgate	224086	B	C	core_destroyed	146
2026-08-13T16:50:03Z	STANDOFF	2592	frostgate	224086	A	C	core_destroyed	276
2026-08-13T16:50:05Z	STANDOFF	2593	frostgate	224086	B	C	core_destroyed	158
2026-08-13T16:50:07Z	STANDOFF	2594	glacierkeep	224086	A	T	core_destroyed	171
2026-08-13T16:50:09Z	STANDOFF	2595	glacierkeep	224086	B	T	core_destroyed	216
2026-08-13T16:50:10Z	STANDOFF	2596	icefloe	224086	A	T	core_destroyed	132
2026-08-13T16:50:13Z	STANDOFF	2597	icefloe	224086	B	C	core_destroyed	415
2026-08-13T16:50:17Z	STANDOFF	2598	midgard	224086	A	T	core_destroyed	215
2026-08-13T16:50:20Z	STANDOFF	2599	midgard	224086	B	C	core_destroyed	93
2026-08-13T16:50:21Z	STANDOFF	2600	nordkap	224086	A	T	core_destroyed	105
2026-08-13T16:50:23Z	STANDOFF	2601	nordkap	224086	B	C	core_destroyed	237
2026-08-13T16:50:25Z	STANDOFF	2602	ragnarok	224086	A	T	core_destroyed	119
2026-08-13T16:51:02Z	STANDOFF	2603	ragnarok	224086	B	C	tiebreak	1000
2026-08-13T16:51:03Z	STANDOFF	2604	royale	224086	A	T	core_destroyed	100
2026-08-13T16:51:04Z	STANDOFF	2605	royale	224086	B	T	core_destroyed	346
2026-08-13T16:51:06Z	STANDOFF	2606	valkyrie	224086	A	T	core_destroyed	182
2026-08-13T16:51:11Z	STANDOFF	2607	valkyrie	224086	B	C	core_destroyed	500
2026-08-13T16:51:16Z	STANDOFF	2608	yulerune	224086	A	C	core_destroyed	540
2026-08-13T16:51:18Z	STANDOFF	2609	yulerune	224086	B	T	core_destroyed	325
2026-08-13T16:51:20Z	STANDOFF	2610	antler	224087	A	C	core_destroyed	394
2026-08-13T16:51:22Z	STANDOFF	2611	antler	224087	B	T	core_destroyed	162
2026-08-13T16:51:28Z	STANDOFF	2612	archipelago	224087	A	C	core_destroyed	454
2026-08-13T16:51:30Z	STANDOFF	2613	archipelago	224087	B	T	core_destroyed	125
2026-08-13T16:51:32Z	STANDOFF	2614	auroraveil	224087	A	C	core_destroyed	190
2026-08-13T16:51:37Z	STANDOFF	2615	auroraveil	224087	B	T	core_destroyed	589
2026-08-13T16:51:41Z	STANDOFF	2616	drakkarfjord	224087	A	T	core_destroyed	412
2026-08-13T16:51:53Z	STANDOFF	2617	drakkarfjord	224087	B	T	tiebreak	1000
2026-08-13T16:51:55Z	STANDOFF	2618	drumlin	224087	A	C	core_destroyed	187
2026-08-13T16:51:57Z	STANDOFF	2619	drumlin	224087	B	T	core_destroyed	439
2026-08-13T16:51:58Z	STANDOFF	2620	fjordgate	224087	A	T	core_destroyed	152
2026-08-13T16:51:59Z	STANDOFF	2621	fjordgate	224087	B	C	core_destroyed	114
2026-08-13T16:52:03Z	STANDOFF	2622	frostgate	224087	A	C	tiebreak	1000
2026-08-13T16:52:06Z	STANDOFF	2623	frostgate	224087	B	C	core_destroyed	291
2026-08-13T16:52:07Z	STANDOFF	2624	glacierkeep	224087	A	T	core_destroyed	205
2026-08-13T16:52:15Z	STANDOFF	2625	glacierkeep	224087	B	C	tiebreak	1000
2026-08-13T16:52:16Z	STANDOFF	2626	icefloe	224087	A	T	core_destroyed	111
2026-08-13T16:52:19Z	STANDOFF	2627	icefloe	224087	B	T	core_destroyed	257
2026-08-13T16:52:26Z	STANDOFF	2628	midgard	224087	A	T	core_destroyed	299
2026-08-13T16:52:30Z	STANDOFF	2629	midgard	224087	B	C	core_destroyed	223
2026-08-13T16:52:31Z	STANDOFF	2630	nordkap	224087	A	T	core_destroyed	297
2026-08-13T16:52:35Z	STANDOFF	2631	nordkap	224087	B	C	tiebreak	1000
2026-08-13T16:52:37Z	STANDOFF	2632	ragnarok	224087	A	T	core_destroyed	115
2026-08-13T16:52:40Z	STANDOFF	2633	ragnarok	224087	B	C	core_destroyed	153
2026-08-13T16:52:41Z	STANDOFF	2634	royale	224087	A	C	core_destroyed	290
2026-08-13T16:52:44Z	STANDOFF	2635	royale	224087	B	T	core_destroyed	300
2026-08-13T16:52:46Z	STANDOFF	2636	valkyrie	224087	A	C	core_destroyed	204
2026-08-13T16:52:48Z	STANDOFF	2637	valkyrie	224087	B	C	core_destroyed	113
2026-08-13T16:52:50Z	STANDOFF	2638	yulerune	224087	A	C	core_destroyed	140
2026-08-13T16:52:53Z	STANDOFF	2639	yulerune	224087	B	C	core_destroyed	288
2026-08-13T16:52:55Z	STANDOFF	2640	antler	224088	A	T	core_destroyed	286
2026-08-13T16:52:56Z	STANDOFF	2641	antler	224088	B	C	core_destroyed	201
2026-08-13T16:52:58Z	STANDOFF	2642	archipelago	224088	A	C	core_destroyed	100
2026-08-13T16:53:01Z	STANDOFF	2643	archipelago	224088	B	C	core_destroyed	114
2026-08-13T16:53:02Z	STANDOFF	2644	auroraveil	224088	A	C	core_destroyed	187
2026-08-13T16:53:03Z	STANDOFF	2645	auroraveil	224088	B	T	core_destroyed	91
2026-08-13T16:53:09Z	STANDOFF	2646	drakkarfjord	224088	A	T	core_destroyed	365
2026-08-13T16:53:15Z	STANDOFF	2647	drakkarfjord	224088	B	T	core_destroyed	468
2026-08-13T16:53:18Z	STANDOFF	2648	drumlin	224088	A	C	core_destroyed	177
2026-08-13T16:53:20Z	STANDOFF	2649	drumlin	224088	B	T	core_destroyed	199
2026-08-13T16:53:21Z	STANDOFF	2650	fjordgate	224088	A	T	tiebreak	221
2026-08-13T16:53:22Z	STANDOFF	2651	fjordgate	224088	B	T	core_destroyed	116
2026-08-13T16:53:23Z	STANDOFF	2652	frostgate	224088	A	C	core_destroyed	180
2026-08-13T16:53:24Z	STANDOFF	2653	frostgate	224088	B	C	core_destroyed	117
2026-08-13T16:53:26Z	STANDOFF	2654	glacierkeep	224088	A	T	core_destroyed	185
2026-08-13T16:53:45Z	STANDOFF	2655	glacierkeep	224088	B	T	tiebreak	1000
2026-08-13T16:53:49Z	STANDOFF	2656	icefloe	224088	A	C	core_destroyed	354
2026-08-13T16:53:52Z	STANDOFF	2657	icefloe	224088	B	T	core_destroyed	352
2026-08-13T16:53:55Z	STANDOFF	2658	midgard	224088	A	C	core_destroyed	145
2026-08-13T16:53:58Z	STANDOFF	2659	midgard	224088	B	C	core_destroyed	160
2026-08-13T16:53:59Z	STANDOFF	2660	nordkap	224088	A	T	core_destroyed	180
2026-08-13T16:54:01Z	STANDOFF	2661	nordkap	224088	B	C	core_destroyed	175
2026-08-13T16:54:03Z	STANDOFF	2662	ragnarok	224088	A	T	core_destroyed	122
2026-08-13T16:54:06Z	STANDOFF	2663	ragnarok	224088	B	T	core_destroyed	154
2026-08-13T16:54:08Z	STANDOFF	2664	royale	224088	A	T	tiebreak	1000
2026-08-13T16:54:09Z	STANDOFF	2665	royale	224088	B	C	core_destroyed	258
2026-08-13T16:54:12Z	STANDOFF	2666	valkyrie	224088	A	T	core_destroyed	165
2026-08-13T16:54:15Z	STANDOFF	2667	valkyrie	224088	B	C	core_destroyed	165
2026-08-13T16:54:16Z	STANDOFF	2668	yulerune	224088	A	T	core_destroyed	155
2026-08-13T16:54:20Z	STANDOFF	2669	yulerune	224088	B	T	core_destroyed	333
2026-08-13T16:54:22Z	STANDOFF	2670	antler	224089	A	T	core_destroyed	234
2026-08-13T16:54:23Z	STANDOFF	2671	antler	224089	B	T	core_destroyed	364
2026-08-13T16:54:26Z	STANDOFF	2672	archipelago	224089	A	C	core_destroyed	140
2026-08-13T16:54:29Z	STANDOFF	2673	archipelago	224089	B	T	core_destroyed	221
2026-08-13T16:54:35Z	STANDOFF	2674	auroraveil	224089	A	T	tiebreak	1000
2026-08-13T16:54:37Z	STANDOFF	2675	auroraveil	224089	B	T	core_destroyed	177
2026-08-13T16:54:44Z	STANDOFF	2676	drakkarfjord	224089	A	T	core_destroyed	642
2026-08-13T16:54:47Z	STANDOFF	2677	drakkarfjord	224089	B	C	core_destroyed	336
2026-08-13T16:54:50Z	STANDOFF	2678	drumlin	224089	A	T	core_destroyed	222
2026-08-13T16:55:03Z	STANDOFF	2679	drumlin	224089	B	T	core_destroyed	789
2026-08-13T16:55:04Z	STANDOFF	2680	fjordgate	224089	A	C	core_destroyed	188
2026-08-13T16:55:06Z	STANDOFF	2681	fjordgate	224089	B	C	core_destroyed	106
2026-08-13T16:55:07Z	STANDOFF	2682	frostgate	224089	A	T	core_destroyed	128
2026-08-13T16:55:09Z	STANDOFF	2683	frostgate	224089	B	T	core_destroyed	164
2026-08-13T16:55:10Z	STANDOFF	2684	glacierkeep	224089	A	T	core_destroyed	119
2026-08-13T16:55:15Z	STANDOFF	2685	glacierkeep	224089	B	C	tiebreak	1000
2026-08-13T16:55:16Z	STANDOFF	2686	icefloe	224089	A	T	core_destroyed	160
2026-08-13T16:55:18Z	STANDOFF	2687	icefloe	224089	B	C	core_destroyed	131
2026-08-13T16:55:24Z	STANDOFF	2688	midgard	224089	A	T	core_destroyed	368
2026-08-13T16:55:26Z	STANDOFF	2689	midgard	224089	B	C	core_destroyed	165
2026-08-13T16:55:31Z	STANDOFF	2690	nordkap	224089	A	C	core_destroyed	881
2026-08-13T16:55:32Z	STANDOFF	2691	nordkap	224089	B	T	core_destroyed	260
2026-08-13T16:55:36Z	STANDOFF	2692	ragnarok	224089	A	C	core_destroyed	377
2026-08-13T16:55:39Z	STANDOFF	2693	ragnarok	224089	B	C	core_destroyed	129
2026-08-13T16:55:40Z	STANDOFF	2694	royale	224089	A	C	core_destroyed	273
2026-08-13T16:55:41Z	STANDOFF	2695	royale	224089	B	T	core_destroyed	138
2026-08-13T16:55:44Z	STANDOFF	2696	valkyrie	224089	A	C	core_destroyed	158
2026-08-13T16:55:47Z	STANDOFF	2697	valkyrie	224089	B	C	core_destroyed	172
2026-08-13T16:55:49Z	STANDOFF	2698	yulerune	224089	A	C	core_destroyed	154
2026-08-13T16:55:54Z	STANDOFF	2699	yulerune	224089	B	C	core_destroyed	524
2026-08-13T16:55:56Z	STANDOFF	2700	antler	224090	A	T	core_destroyed	233
2026-08-13T16:55:57Z	STANDOFF	2701	antler	224090	B	T	core_destroyed	373
2026-08-13T16:55:59Z	STANDOFF	2702	archipelago	224090	A	C	core_destroyed	115
2026-08-13T16:56:01Z	STANDOFF	2703	archipelago	224090	B	T	core_destroyed	111
2026-08-13T16:56:03Z	STANDOFF	2704	auroraveil	224090	A	T	core_destroyed	302
2026-08-13T16:56:06Z	STANDOFF	2705	auroraveil	224090	B	C	tiebreak	1000
2026-08-13T16:56:14Z	STANDOFF	2706	drakkarfjord	224090	A	T	tiebreak	1000
2026-08-13T16:56:21Z	STANDOFF	2707	drakkarfjord	224090	B	C	tiebreak	1000
2026-08-13T16:56:24Z	STANDOFF	2708	drumlin	224090	A	T	core_destroyed	398
2026-08-13T16:56:28Z	STANDOFF	2709	drumlin	224090	B	T	core_destroyed	333
2026-08-13T16:56:30Z	STANDOFF	2710	fjordgate	224090	A	C	tiebreak	1000
2026-08-13T16:56:32Z	STANDOFF	2711	fjordgate	224090	B	C	core_destroyed	202
2026-08-13T16:56:33Z	STANDOFF	2712	frostgate	224090	A	T	core_destroyed	195
2026-08-13T16:56:34Z	STANDOFF	2713	frostgate	224090	B	T	core_destroyed	152
2026-08-13T16:56:38Z	STANDOFF	2714	glacierkeep	224090	A	T	core_destroyed	291
2026-08-13T16:56:39Z	STANDOFF	2715	glacierkeep	224090	B	C	core_destroyed	167
2026-08-13T16:56:42Z	STANDOFF	2716	icefloe	224090	A	T	core_destroyed	259
2026-08-13T16:56:44Z	STANDOFF	2717	icefloe	224090	B	C	core_destroyed	137
2026-08-13T16:56:46Z	STANDOFF	2718	midgard	224090	A	T	core_destroyed	98
2026-08-13T16:56:49Z	STANDOFF	2719	midgard	224090	B	T	core_destroyed	160
2026-08-13T16:56:50Z	STANDOFF	2720	nordkap	224090	A	C	core_destroyed	237
2026-08-13T16:56:52Z	STANDOFF	2721	nordkap	224090	B	C	core_destroyed	218
2026-08-13T16:56:54Z	STANDOFF	2722	ragnarok	224090	A	T	core_destroyed	143
2026-08-13T16:57:01Z	STANDOFF	2723	ragnarok	224090	B	T	tiebreak	1000
2026-08-13T16:57:03Z	STANDOFF	2724	royale	224090	A	C	core_destroyed	493
2026-08-13T16:57:07Z	STANDOFF	2725	royale	224090	B	C	core_destroyed	677
2026-08-13T16:57:09Z	STANDOFF	2726	valkyrie	224090	A	C	core_destroyed	139
2026-08-13T16:57:12Z	STANDOFF	2727	valkyrie	224090	B	C	core_destroyed	194
2026-08-13T16:57:13Z	STANDOFF	2728	yulerune	224090	A	C	core_destroyed	230
2026-08-13T16:57:21Z	STANDOFF	2729	yulerune	224090	B	T	core_destroyed	857
2026-08-13T16:57:23Z	STANDOFF	2730	antler	224091	A	T	core_destroyed	129
2026-08-13T16:57:24Z	STANDOFF	2731	antler	224091	B	C	core_destroyed	523
2026-08-13T16:57:27Z	STANDOFF	2732	archipelago	224091	A	C	core_destroyed	212
2026-08-13T16:57:28Z	STANDOFF	2733	archipelago	224091	B	T	core_destroyed	132
2026-08-13T16:57:30Z	STANDOFF	2734	auroraveil	224091	A	T	core_destroyed	233
2026-08-13T16:57:33Z	STANDOFF	2735	auroraveil	224091	B	T	core_destroyed	314
2026-08-13T16:57:40Z	STANDOFF	2736	drakkarfjord	224091	A	C	core_destroyed	542
2026-08-13T16:57:44Z	STANDOFF	2737	drakkarfjord	224091	B	C	core_destroyed	340
2026-08-13T16:57:46Z	STANDOFF	2738	drumlin	224091	A	T	core_destroyed	120
2026-08-13T16:57:47Z	STANDOFF	2739	drumlin	224091	B	C	core_destroyed	129
2026-08-13T16:57:48Z	STANDOFF	2740	fjordgate	224091	A	T	core_destroyed	155
2026-08-13T16:57:52Z	STANDOFF	2741	fjordgate	224091	B	T	tiebreak	1000
2026-08-13T16:57:55Z	STANDOFF	2742	frostgate	224091	A	C	tiebreak	1000
2026-08-13T16:57:56Z	STANDOFF	2743	frostgate	224091	B	T	core_destroyed	84
2026-08-13T16:58:04Z	STANDOFF	2744	glacierkeep	224091	A	C	core_destroyed	372
2026-08-13T16:58:06Z	STANDOFF	2745	glacierkeep	224091	B	C	core_destroyed	181
2026-08-13T16:58:11Z	STANDOFF	2746	icefloe	224091	A	C	core_destroyed	366
2026-08-13T16:58:14Z	STANDOFF	2747	icefloe	224091	B	C	core_destroyed	315
2026-08-13T16:58:18Z	STANDOFF	2748	midgard	224091	A	C	core_destroyed	251
2026-08-13T16:58:20Z	STANDOFF	2749	midgard	224091	B	C	core_destroyed	81
2026-08-13T16:58:22Z	STANDOFF	2750	nordkap	224091	A	T	core_destroyed	122
2026-08-13T16:58:25Z	STANDOFF	2751	nordkap	224091	B	T	core_destroyed	327
2026-08-13T16:58:27Z	STANDOFF	2752	ragnarok	224091	A	T	core_destroyed	143
2026-08-13T16:58:30Z	STANDOFF	2753	ragnarok	224091	B	C	core_destroyed	164
2026-08-13T16:58:31Z	STANDOFF	2754	royale	224091	A	T	core_destroyed	389
2026-08-13T16:58:33Z	STANDOFF	2755	royale	224091	B	T	core_destroyed	310
2026-08-13T16:58:38Z	STANDOFF	2756	valkyrie	224091	A	T	core_destroyed	500
2026-08-13T16:58:40Z	STANDOFF	2757	valkyrie	224091	B	C	core_destroyed	126
2026-08-13T16:58:42Z	STANDOFF	2758	yulerune	224091	A	C	core_destroyed	219
2026-08-13T16:58:45Z	STANDOFF	2759	yulerune	224091	B	T	core_destroyed	224
2026-08-13T16:58:47Z	STANDOFF	2760	antler	224092	A	T	core_destroyed	372
2026-08-13T16:58:49Z	STANDOFF	2761	antler	224092	B	T	core_destroyed	129
2026-08-13T16:58:51Z	STANDOFF	2762	archipelago	224092	A	T	core_destroyed	176
2026-08-13T16:58:52Z	STANDOFF	2763	archipelago	224092	B	C	core_destroyed	99
2026-08-13T16:58:54Z	STANDOFF	2764	auroraveil	224092	A	C	core_destroyed	120
2026-08-13T16:58:55Z	STANDOFF	2765	auroraveil	224092	B	T	core_destroyed	130
2026-08-13T16:58:57Z	STANDOFF	2766	drakkarfjord	224092	A	T	core_destroyed	150
2026-08-13T16:59:00Z	STANDOFF	2767	drakkarfjord	224092	B	C	core_destroyed	220
2026-08-13T16:59:02Z	STANDOFF	2768	drumlin	224092	A	T	core_destroyed	165
2026-08-13T16:59:04Z	STANDOFF	2769	drumlin	224092	B	C	core_destroyed	179
2026-08-13T16:59:05Z	STANDOFF	2770	fjordgate	224092	A	T	core_destroyed	183
2026-08-13T16:59:06Z	STANDOFF	2771	fjordgate	224092	B	T	core_destroyed	113
2026-08-13T16:59:08Z	STANDOFF	2772	frostgate	224092	A	T	core_destroyed	289
2026-08-13T16:59:10Z	STANDOFF	2773	frostgate	224092	B	C	core_destroyed	184
2026-08-13T16:59:12Z	STANDOFF	2774	glacierkeep	224092	A	T	core_destroyed	169
2026-08-13T16:59:17Z	STANDOFF	2775	glacierkeep	224092	B	C	core_destroyed	349
2026-08-13T16:59:18Z	STANDOFF	2776	icefloe	224092	A	C	core_destroyed	168
2026-08-13T16:59:20Z	STANDOFF	2777	icefloe	224092	B	C	core_destroyed	131
2026-08-13T16:59:22Z	STANDOFF	2778	midgard	224092	A	C	core_destroyed	141
2026-08-13T16:59:24Z	STANDOFF	2779	midgard	224092	B	C	core_destroyed	128
2026-08-13T16:59:26Z	STANDOFF	2780	nordkap	224092	A	T	core_destroyed	170
2026-08-13T16:59:27Z	STANDOFF	2781	nordkap	224092	B	T	core_destroyed	237
2026-08-13T16:59:30Z	STANDOFF	2782	ragnarok	224092	A	C	core_destroyed	148
2026-08-13T16:59:41Z	STANDOFF	2783	ragnarok	224092	B	C	tiebreak	1000
2026-08-13T16:59:43Z	STANDOFF	2784	royale	224092	A	T	core_destroyed	170
2026-08-13T16:59:44Z	STANDOFF	2785	royale	224092	B	T	core_destroyed	200
2026-08-13T16:59:46Z	STANDOFF	2786	valkyrie	224092	A	T	core_destroyed	133
2026-08-13T16:59:47Z	STANDOFF	2787	valkyrie	224092	B	C	core_destroyed	95
2026-08-13T16:59:49Z	STANDOFF	2788	yulerune	224092	A	C	core_destroyed	173
2026-08-13T16:59:51Z	STANDOFF	2789	yulerune	224092	B	C	core_destroyed	176
2026-08-13T16:59:52Z	STANDOFF	2790	antler	224093	A	C	core_destroyed	282
2026-08-13T16:59:54Z	STANDOFF	2791	antler	224093	B	T	core_destroyed	503
2026-08-13T16:59:58Z	STANDOFF	2792	archipelago	224093	A	T	core_destroyed	211
2026-08-13T17:00:00Z	STANDOFF	2793	archipelago	224093	B	C	core_destroyed	136
2026-08-13T17:00:02Z	STANDOFF	2794	auroraveil	224093	A	T	core_destroyed	107
2026-08-13T17:00:05Z	STANDOFF	2795	auroraveil	224093	B	T	tiebreak	1000
2026-08-13T17:00:07Z	STANDOFF	2796	drakkarfjord	224093	A	C	core_destroyed	231
2026-08-13T17:00:31Z	STANDOFF	2797	drakkarfjord	224093	B	C	tiebreak	1000
2026-08-13T17:00:32Z	STANDOFF	2798	drumlin	224093	A	T	core_destroyed	105
2026-08-13T17:00:36Z	STANDOFF	2799	drumlin	224093	B	T	core_destroyed	478
2026-08-13T17:00:37Z	STANDOFF	2800	fjordgate	224093	A	T	core_destroyed	147
2026-08-13T17:00:38Z	STANDOFF	2801	fjordgate	224093	B	T	core_destroyed	147
2026-08-13T17:00:40Z	STANDOFF	2802	frostgate	224093	A	C	core_destroyed	160
2026-08-13T17:00:41Z	STANDOFF	2803	frostgate	224093	B	C	core_destroyed	120
2026-08-13T17:00:43Z	STANDOFF	2804	glacierkeep	224093	A	T	core_destroyed	176
2026-08-13T17:00:46Z	STANDOFF	2805	glacierkeep	224093	B	C	core_destroyed	456
2026-08-13T17:00:47Z	STANDOFF	2806	icefloe	224093	A	C	core_destroyed	142
2026-08-13T17:00:50Z	STANDOFF	2807	icefloe	224093	B	C	core_destroyed	333
2026-08-13T17:00:52Z	STANDOFF	2808	midgard	224093	A	C	core_destroyed	80
2026-08-13T17:00:55Z	STANDOFF	2809	midgard	224093	B	T	core_destroyed	176
2026-08-13T17:00:57Z	STANDOFF	2810	nordkap	224093	A	C	core_destroyed	212
2026-08-13T17:00:59Z	STANDOFF	2811	nordkap	224093	B	T	tiebreak	1000
2026-08-13T17:01:01Z	STANDOFF	2812	ragnarok	224093	A	T	core_destroyed	167
2026-08-13T17:01:05Z	STANDOFF	2813	ragnarok	224093	B	C	core_destroyed	187
2026-08-13T17:01:08Z	STANDOFF	2814	royale	224093	A	T	tiebreak	1000
2026-08-13T17:01:09Z	STANDOFF	2815	royale	224093	B	T	core_destroyed	129
2026-08-13T17:01:11Z	STANDOFF	2816	valkyrie	224093	A	T	core_destroyed	113
2026-08-13T17:01:13Z	STANDOFF	2817	valkyrie	224093	B	C	core_destroyed	164
2026-08-13T17:01:17Z	STANDOFF	2818	yulerune	224093	A	T	core_destroyed	344
2026-08-13T17:01:19Z	STANDOFF	2819	yulerune	224093	B	T	core_destroyed	170
2026-08-13T17:01:20Z	STANDOFF	2820	antler	224094	A	T	core_destroyed	131
2026-08-13T17:01:22Z	STANDOFF	2821	antler	224094	B	T	core_destroyed	232
2026-08-13T17:01:24Z	STANDOFF	2822	archipelago	224094	A	T	core_destroyed	321
2026-08-13T17:01:26Z	STANDOFF	2823	archipelago	224094	B	T	core_destroyed	129
2026-08-13T17:01:28Z	STANDOFF	2824	auroraveil	224094	A	C	core_destroyed	120
2026-08-13T17:01:29Z	STANDOFF	2825	auroraveil	224094	B	C	core_destroyed	181
2026-08-13T17:01:35Z	STANDOFF	2826	drakkarfjord	224094	A	C	core_destroyed	429
2026-08-13T17:01:42Z	STANDOFF	2827	drakkarfjord	224094	B	C	tiebreak	1000
2026-08-13T17:01:44Z	STANDOFF	2828	drumlin	224094	A	T	core_destroyed	191
2026-08-13T17:01:46Z	STANDOFF	2829	drumlin	224094	B	T	core_destroyed	180
2026-08-13T17:01:47Z	STANDOFF	2830	fjordgate	224094	A	C	core_destroyed	179
2026-08-13T17:01:49Z	STANDOFF	2831	fjordgate	224094	B	C	core_destroyed	317
2026-08-13T17:01:50Z	STANDOFF	2832	frostgate	224094	A	C	core_destroyed	245
2026-08-13T17:01:52Z	STANDOFF	2833	frostgate	224094	B	T	core_destroyed	252
2026-08-13T17:02:01Z	STANDOFF	2834	glacierkeep	224094	A	C	core_destroyed	898
2026-08-13T17:02:08Z	STANDOFF	2835	glacierkeep	224094	B	T	core_destroyed	870
2026-08-13T17:02:10Z	STANDOFF	2836	icefloe	224094	A	T	core_destroyed	159
2026-08-13T17:02:13Z	STANDOFF	2837	icefloe	224094	B	C	core_destroyed	320
2026-08-13T17:02:15Z	STANDOFF	2838	midgard	224094	A	C	core_destroyed	94
2026-08-13T17:02:17Z	STANDOFF	2839	midgard	224094	B	T	core_destroyed	93
2026-08-13T17:02:20Z	STANDOFF	2840	nordkap	224094	A	T	tiebreak	1000
2026-08-13T17:02:21Z	STANDOFF	2841	nordkap	224094	B	T	core_destroyed	257
2026-08-13T17:02:26Z	STANDOFF	2842	ragnarok	224094	A	C	core_destroyed	221
2026-08-13T17:02:28Z	STANDOFF	2843	ragnarok	224094	B	C	core_destroyed	158
2026-08-13T17:02:29Z	STANDOFF	2844	royale	224094	A	T	core_destroyed	209
2026-08-13T17:02:33Z	STANDOFF	2845	royale	224094	B	C	core_destroyed	729
2026-08-13T17:02:36Z	STANDOFF	2846	valkyrie	224094	A	T	core_destroyed	294
2026-08-13T17:02:38Z	STANDOFF	2847	valkyrie	224094	B	T	core_destroyed	140
2026-08-13T17:02:40Z	STANDOFF	2848	yulerune	224094	A	T	core_destroyed	206
2026-08-13T17:02:42Z	STANDOFF	2849	yulerune	224094	B	C	core_destroyed	148
2026-08-13T17:02:44Z	STANDOFF	2850	antler	224095	A	T	core_destroyed	162
2026-08-13T17:02:45Z	STANDOFF	2851	antler	224095	B	C	core_destroyed	219
2026-08-13T17:02:47Z	STANDOFF	2852	archipelago	224095	A	C	core_destroyed	106
2026-08-13T17:02:52Z	STANDOFF	2853	archipelago	224095	B	C	core_destroyed	278
2026-08-13T17:02:54Z	STANDOFF	2854	auroraveil	224095	A	T	core_destroyed	205
2026-08-13T17:02:56Z	STANDOFF	2855	auroraveil	224095	B	C	core_destroyed	195
2026-08-13T17:03:05Z	STANDOFF	2856	drakkarfjord	224095	A	T	tiebreak	1000
2026-08-13T17:03:07Z	STANDOFF	2857	drakkarfjord	224095	B	C	core_destroyed	146
2026-08-13T17:03:09Z	STANDOFF	2858	drumlin	224095	A	T	core_destroyed	170
2026-08-13T17:03:12Z	STANDOFF	2859	drumlin	224095	B	T	core_destroyed	251
2026-08-13T17:03:14Z	STANDOFF	2860	fjordgate	224095	A	T	tiebreak	1000
2026-08-13T17:03:16Z	STANDOFF	2861	fjordgate	224095	B	T	tiebreak	1000
2026-08-13T17:03:18Z	STANDOFF	2862	frostgate	224095	A	C	core_destroyed	250
2026-08-13T17:03:20Z	STANDOFF	2863	frostgate	224095	B	T	tiebreak	1000
2026-08-13T17:03:22Z	STANDOFF	2864	glacierkeep	224095	A	T	core_destroyed	214
2026-08-13T17:03:26Z	STANDOFF	2865	glacierkeep	224095	B	T	core_destroyed	357
2026-08-13T17:03:28Z	STANDOFF	2866	icefloe	224095	A	C	core_destroyed	271
2026-08-13T17:03:30Z	STANDOFF	2867	icefloe	224095	B	C	core_destroyed	120
2026-08-13T17:03:32Z	STANDOFF	2868	midgard	224095	A	C	core_destroyed	75
2026-08-13T17:03:36Z	STANDOFF	2869	midgard	224095	B	T	core_destroyed	207
2026-08-13T17:03:38Z	STANDOFF	2870	nordkap	224095	A	T	core_destroyed	151
2026-08-13T17:03:39Z	STANDOFF	2871	nordkap	224095	B	T	core_destroyed	288
2026-08-13T17:04:30Z	STANDOFF	2872	ragnarok	224095	A	T	tiebreak	1000
2026-08-13T17:04:33Z	STANDOFF	2873	ragnarok	224095	B	C	core_destroyed	149
2026-08-13T17:04:35Z	STANDOFF	2874	royale	224095	A	T	core_destroyed	114
2026-08-13T17:04:38Z	STANDOFF	2875	royale	224095	B	T	core_destroyed	488
2026-08-13T17:04:41Z	STANDOFF	2876	valkyrie	224095	A	T	core_destroyed	241
2026-08-13T17:04:44Z	STANDOFF	2877	valkyrie	224095	B	T	core_destroyed	165
2026-08-13T17:04:47Z	STANDOFF	2878	yulerune	224095	A	T	core_destroyed	213
2026-08-13T17:04:49Z	STANDOFF	2879	yulerune	224095	B	C	core_destroyed	203
2026-08-13T17:04:52Z	STANDOFF	2880	antler	224096	A	T	tiebreak	1000
2026-08-13T17:04:54Z	STANDOFF	2881	antler	224096	B	C	core_destroyed	191
2026-08-13T17:04:57Z	STANDOFF	2882	archipelago	224096	A	T	core_destroyed	220
2026-08-13T17:05:00Z	STANDOFF	2883	archipelago	224096	B	C	core_destroyed	234
2026-08-13T17:05:02Z	STANDOFF	2884	auroraveil	224096	A	T	core_destroyed	267
2026-08-13T17:05:05Z	STANDOFF	2885	auroraveil	224096	B	T	core_destroyed	291
2026-08-13T17:05:22Z	STANDOFF	2886	drakkarfjord	224096	A	C	tiebreak	1000
2026-08-13T17:05:29Z	STANDOFF	2887	drakkarfjord	224096	B	T	tiebreak	1000
2026-08-13T17:05:32Z	STANDOFF	2888	drumlin	224096	A	C	core_destroyed	252
2026-08-13T17:05:35Z	STANDOFF	2889	drumlin	224096	B	T	core_destroyed	421
2026-08-13T17:05:36Z	STANDOFF	2890	fjordgate	224096	A	T	core_destroyed	117
2026-08-13T17:05:37Z	STANDOFF	2891	fjordgate	224096	B	C	core_destroyed	214
2026-08-13T17:05:41Z	STANDOFF	2892	frostgate	224096	A	T	core_destroyed	418
2026-08-13T17:05:43Z	STANDOFF	2893	frostgate	224096	B	C	core_destroyed	240
2026-08-13T17:05:56Z	STANDOFF	2894	glacierkeep	224096	A	T	core_destroyed	908
2026-08-13T17:06:01Z	STANDOFF	2895	glacierkeep	224096	B	C	tiebreak	1000
2026-08-13T17:06:03Z	STANDOFF	2896	icefloe	224096	A	C	core_destroyed	219
2026-08-13T17:06:04Z	STANDOFF	2897	icefloe	224096	B	C	core_destroyed	144
2026-08-13T17:06:11Z	STANDOFF	2898	midgard	224096	A	T	core_destroyed	244
2026-08-13T17:06:14Z	STANDOFF	2899	midgard	224096	B	T	core_destroyed	172
2026-08-13T17:06:15Z	STANDOFF	2900	nordkap	224096	A	C	core_destroyed	121
2026-08-13T17:06:17Z	STANDOFF	2901	nordkap	224096	B	T	core_destroyed	261
2026-08-13T17:06:27Z	STANDOFF	2902	ragnarok	224096	A	C	core_destroyed	670
2026-08-13T17:06:33Z	STANDOFF	2903	ragnarok	224096	B	T	core_destroyed	302
2026-08-13T17:06:34Z	STANDOFF	2904	royale	224096	A	T	core_destroyed	338
2026-08-13T17:06:36Z	STANDOFF	2905	royale	224096	B	C	tiebreak	1000
2026-08-13T17:06:39Z	STANDOFF	2906	valkyrie	224096	A	T	core_destroyed	220
2026-08-13T17:06:41Z	STANDOFF	2907	valkyrie	224096	B	T	core_destroyed	332
2026-08-13T17:06:43Z	STANDOFF	2908	yulerune	224096	A	T	core_destroyed	154
2026-08-13T17:06:45Z	STANDOFF	2909	yulerune	224096	B	C	core_destroyed	145
2026-08-13T17:06:47Z	STANDOFF	2910	antler	224097	A	T	core_destroyed	418
2026-08-13T17:06:49Z	STANDOFF	2911	antler	224097	B	C	core_destroyed	111
2026-08-13T17:06:52Z	STANDOFF	2912	archipelago	224097	A	C	core_destroyed	254
2026-08-13T17:06:54Z	STANDOFF	2913	archipelago	224097	B	T	core_destroyed	135
2026-08-13T17:06:55Z	STANDOFF	2914	auroraveil	224097	A	C	core_destroyed	210
2026-08-13T17:06:57Z	STANDOFF	2915	auroraveil	224097	B	C	core_destroyed	232
2026-08-13T17:07:00Z	STANDOFF	2916	drakkarfjord	224097	A	C	core_destroyed	185
2026-08-13T17:07:02Z	STANDOFF	2917	drakkarfjord	224097	B	T	core_destroyed	204
2026-08-13T17:07:07Z	STANDOFF	2918	drumlin	224097	A	C	core_destroyed	385
2026-08-13T17:07:14Z	STANDOFF	2919	drumlin	224097	B	C	core_destroyed	474
2026-08-13T17:07:15Z	STANDOFF	2920	fjordgate	224097	A	T	core_destroyed	255
2026-08-13T17:07:16Z	STANDOFF	2921	fjordgate	224097	B	T	core_destroyed	177
2026-08-13T17:07:18Z	STANDOFF	2922	frostgate	224097	A	T	core_destroyed	262
2026-08-13T17:07:20Z	STANDOFF	2923	frostgate	224097	B	T	core_destroyed	241
2026-08-13T17:07:23Z	STANDOFF	2924	glacierkeep	224097	A	T	core_destroyed	376
2026-08-13T17:07:24Z	STANDOFF	2925	glacierkeep	224097	B	C	core_destroyed	157
2026-08-13T17:07:28Z	STANDOFF	2926	icefloe	224097	A	T	core_destroyed	305
2026-08-13T17:07:33Z	STANDOFF	2927	icefloe	224097	B	C	core_destroyed	534
2026-08-13T17:07:36Z	STANDOFF	2928	midgard	224097	A	T	core_destroyed	148
2026-08-13T17:07:38Z	STANDOFF	2929	midgard	224097	B	C	core_destroyed	140
2026-08-13T17:07:41Z	STANDOFF	2930	nordkap	224097	A	C	core_destroyed	223
2026-08-13T17:07:44Z	STANDOFF	2931	nordkap	224097	B	T	core_destroyed	285
2026-08-13T17:08:30Z	STANDOFF	2932	ragnarok	224097	A	T	tiebreak	1000
2026-08-13T17:09:18Z	STANDOFF	2933	ragnarok	224097	B	C	tiebreak	1000
2026-08-13T17:09:20Z	STANDOFF	2934	royale	224097	A	T	core_destroyed	218
2026-08-13T17:09:21Z	STANDOFF	2935	royale	224097	B	C	core_destroyed	207
2026-08-13T17:09:27Z	STANDOFF	2936	valkyrie	224097	A	C	core_destroyed	362
2026-08-13T17:09:32Z	STANDOFF	2937	valkyrie	224097	B	T	core_destroyed	249
2026-08-13T17:09:34Z	STANDOFF	2938	yulerune	224097	A	C	core_destroyed	187
2026-08-13T17:09:38Z	STANDOFF	2939	yulerune	224097	B	T	core_destroyed	384
2026-08-13T17:09:40Z	STANDOFF	2940	antler	224098	A	T	tiebreak	1000
2026-08-13T17:09:42Z	STANDOFF	2941	antler	224098	B	T	core_destroyed	313
2026-08-13T17:09:45Z	STANDOFF	2942	archipelago	224098	A	C	core_destroyed	132
2026-08-13T17:09:48Z	STANDOFF	2943	archipelago	224098	B	C	core_destroyed	141
2026-08-13T17:09:53Z	STANDOFF	2944	auroraveil	224098	A	C	core_destroyed	745
2026-08-13T17:09:58Z	STANDOFF	2945	auroraveil	224098	B	T	core_destroyed	853
2026-08-13T17:10:01Z	STANDOFF	2946	drakkarfjord	224098	A	C	core_destroyed	239
2026-08-13T17:10:05Z	STANDOFF	2947	drakkarfjord	224098	B	T	core_destroyed	258
2026-08-13T17:10:07Z	STANDOFF	2948	drumlin	224098	A	T	core_destroyed	256
2026-08-13T17:10:13Z	STANDOFF	2949	drumlin	224098	B	C	core_destroyed	482
2026-08-13T17:10:15Z	STANDOFF	2950	fjordgate	224098	A	T	tiebreak	1000
2026-08-13T17:10:17Z	STANDOFF	2951	fjordgate	224098	B	T	tiebreak	1000
2026-08-13T17:10:19Z	STANDOFF	2952	frostgate	224098	A	C	core_destroyed	345
2026-08-13T17:10:20Z	STANDOFF	2953	frostgate	224098	B	C	core_destroyed	104
2026-08-13T17:10:25Z	STANDOFF	2954	glacierkeep	224098	A	T	core_destroyed	350
2026-08-13T17:10:27Z	STANDOFF	2955	glacierkeep	224098	B	T	core_destroyed	348
2026-08-13T17:10:29Z	STANDOFF	2956	icefloe	224098	A	C	core_destroyed	138
2026-08-13T17:10:32Z	STANDOFF	2957	icefloe	224098	B	T	core_destroyed	435
2026-08-13T17:10:34Z	STANDOFF	2958	midgard	224098	A	C	core_destroyed	89
2026-08-13T17:10:37Z	STANDOFF	2959	midgard	224098	B	T	core_destroyed	135
2026-08-13T17:10:40Z	STANDOFF	2960	nordkap	224098	A	T	core_destroyed	318
2026-08-13T17:10:42Z	STANDOFF	2961	nordkap	224098	B	C	core_destroyed	273
2026-08-13T17:10:47Z	STANDOFF	2962	ragnarok	224098	A	C	core_destroyed	166
2026-08-13T17:10:49Z	STANDOFF	2963	ragnarok	224098	B	T	core_destroyed	293
2026-08-13T17:10:51Z	STANDOFF	2964	royale	224098	A	T	core_destroyed	320
2026-08-13T17:10:54Z	STANDOFF	2965	royale	224098	B	C	core_destroyed	280
2026-08-13T17:10:56Z	STANDOFF	2966	valkyrie	224098	A	T	core_destroyed	126
2026-08-13T17:10:58Z	STANDOFF	2967	valkyrie	224098	B	C	core_destroyed	185
2026-08-13T17:11:02Z	STANDOFF	2968	yulerune	224098	A	T	core_destroyed	373
2026-08-13T17:11:06Z	STANDOFF	2969	yulerune	224098	B	C	core_destroyed	334
2026-08-13T17:11:10Z	STANDOFF	2970	antler	224099	A	T	core_destroyed	530
2026-08-13T17:11:13Z	STANDOFF	2971	antler	224099	B	T	core_destroyed	536
2026-08-13T17:11:19Z	STANDOFF	2972	archipelago	224099	A	T	core_destroyed	489
2026-08-13T17:11:21Z	STANDOFF	2973	archipelago	224099	B	T	core_destroyed	146
2026-08-13T17:11:24Z	STANDOFF	2974	auroraveil	224099	A	C	core_destroyed	545
2026-08-13T17:11:26Z	STANDOFF	2975	auroraveil	224099	B	C	core_destroyed	176
2026-08-13T17:11:29Z	STANDOFF	2976	drakkarfjord	224099	A	C	core_destroyed	203
2026-08-13T17:11:46Z	STANDOFF	2977	drakkarfjord	224099	B	T	tiebreak	1000
2026-08-13T17:11:51Z	STANDOFF	2978	drumlin	224099	A	T	core_destroyed	301
2026-08-13T17:11:52Z	STANDOFF	2979	drumlin	224099	B	C	core_destroyed	118
2026-08-13T17:11:53Z	STANDOFF	2980	fjordgate	224099	A	T	core_destroyed	149
2026-08-13T17:11:54Z	STANDOFF	2981	fjordgate	224099	B	T	core_destroyed	150
2026-08-13T17:11:56Z	STANDOFF	2982	frostgate	224099	A	C	core_destroyed	211
2026-08-13T17:11:57Z	STANDOFF	2983	frostgate	224099	B	T	core_destroyed	344
2026-08-13T17:11:59Z	STANDOFF	2984	glacierkeep	224099	A	T	core_destroyed	137
2026-08-13T17:12:01Z	STANDOFF	2985	glacierkeep	224099	B	C	core_destroyed	148
2026-08-13T17:12:05Z	STANDOFF	2986	icefloe	224099	A	T	core_destroyed	325
2026-08-13T17:12:07Z	STANDOFF	2987	icefloe	224099	B	C	core_destroyed	248
2026-08-13T17:12:09Z	STANDOFF	2988	midgard	224099	A	C	core_destroyed	77
2026-08-13T17:12:15Z	STANDOFF	2989	midgard	224099	B	T	core_destroyed	261
2026-08-13T17:12:17Z	STANDOFF	2990	nordkap	224099	A	C	core_destroyed	284
2026-08-13T17:12:19Z	STANDOFF	2991	nordkap	224099	B	C	core_destroyed	214
2026-08-13T17:12:23Z	STANDOFF	2992	ragnarok	224099	A	C	core_destroyed	181
2026-08-13T17:13:11Z	STANDOFF	2993	ragnarok	224099	B	C	tiebreak	1000
2026-08-13T17:13:12Z	STANDOFF	2994	royale	224099	A	C	core_destroyed	247
2026-08-13T17:13:14Z	STANDOFF	2995	royale	224099	B	C	core_destroyed	371
2026-08-13T17:13:16Z	STANDOFF	2996	valkyrie	224099	A	T	core_destroyed	104
2026-08-13T17:13:19Z	STANDOFF	2997	valkyrie	224099	B	T	core_destroyed	162
2026-08-13T17:13:20Z	STANDOFF	2998	yulerune	224099	A	C	core_destroyed	182
2026-08-13T17:13:22Z	STANDOFF	2999	yulerune	224099	B	T	core_destroyed	160
2026-08-13T17:13:23Z	STANDOFF	3000	antler	224100	A	T	core_destroyed	102
2026-08-13T17:13:25Z	STANDOFF	3001	antler	224100	B	C	core_destroyed	149
2026-08-13T17:13:27Z	STANDOFF	3002	archipelago	224100	A	T	core_destroyed	203
2026-08-13T17:13:29Z	STANDOFF	3003	archipelago	224100	B	C	core_destroyed	110
2026-08-13T17:13:30Z	STANDOFF	3004	auroraveil	224100	A	C	core_destroyed	205
2026-08-13T17:13:33Z	STANDOFF	3005	auroraveil	224100	B	C	core_destroyed	461
2026-08-13T17:13:44Z	STANDOFF	3006	drakkarfjord	224100	A	T	tiebreak	1000
2026-08-13T17:13:49Z	STANDOFF	3007	drakkarfjord	224100	B	T	core_destroyed	481
2026-08-13T17:13:52Z	STANDOFF	3008	drumlin	224100	A	T	core_destroyed	261
2026-08-13T17:13:54Z	STANDOFF	3009	drumlin	224100	B	C	core_destroyed	167
2026-08-13T17:13:56Z	STANDOFF	3010	fjordgate	224100	A	T	core_destroyed	518
2026-08-13T17:13:58Z	STANDOFF	3011	fjordgate	224100	B	C	core_destroyed	247
2026-08-13T17:13:59Z	STANDOFF	3012	frostgate	224100	A	T	core_destroyed	197
2026-08-13T17:14:01Z	STANDOFF	3013	frostgate	224100	B	T	core_destroyed	171
2026-08-13T17:14:19Z	STANDOFF	3014	glacierkeep	224100	A	T	tiebreak	1000
2026-08-13T17:14:28Z	STANDOFF	3015	glacierkeep	224100	B	T	core_destroyed	457
2026-08-13T17:14:30Z	STANDOFF	3016	icefloe	224100	A	T	core_destroyed	208
2026-08-13T17:14:33Z	STANDOFF	3017	icefloe	224100	B	C	core_destroyed	227
2026-08-13T17:14:39Z	STANDOFF	3018	midgard	224100	A	C	core_destroyed	227
2026-08-13T17:14:41Z	STANDOFF	3019	midgard	224100	B	T	core_destroyed	78
2026-08-13T17:14:43Z	STANDOFF	3020	nordkap	224100	A	T	core_destroyed	296
2026-08-13T17:14:44Z	STANDOFF	3021	nordkap	224100	B	C	core_destroyed	324
2026-08-13T17:14:47Z	STANDOFF	3022	ragnarok	224100	A	T	core_destroyed	131
2026-08-13T17:14:49Z	STANDOFF	3023	ragnarok	224100	B	C	core_destroyed	118
2026-08-13T17:14:51Z	STANDOFF	3024	royale	224100	A	T	core_destroyed	449
2026-08-13T17:14:56Z	STANDOFF	3025	royale	224100	B	C	core_destroyed	647
2026-08-13T17:14:59Z	STANDOFF	3026	valkyrie	224100	A	T	core_destroyed	227
2026-08-13T17:15:03Z	STANDOFF	3027	valkyrie	224100	B	C	core_destroyed	216
2026-08-13T17:15:06Z	STANDOFF	3028	yulerune	224100	A	T	core_destroyed	193
2026-08-13T17:15:08Z	STANDOFF	3029	yulerune	224100	B	T	core_destroyed	462
2026-08-13T17:15:10Z	STANDOFF	3030	antler	224101	A	T	core_destroyed	323
2026-08-13T17:15:12Z	STANDOFF	3031	antler	224101	B	T	core_destroyed	171
2026-08-13T17:15:20Z	STANDOFF	3032	archipelago	224101	A	C	core_destroyed	605
2026-08-13T17:15:22Z	STANDOFF	3033	archipelago	224101	B	C	core_destroyed	117
2026-08-13T17:15:24Z	STANDOFF	3034	auroraveil	224101	A	T	core_destroyed	221
2026-08-13T17:15:26Z	STANDOFF	3035	auroraveil	224101	B	C	core_destroyed	184
2026-08-13T17:15:30Z	STANDOFF	3036	drakkarfjord	224101	A	T	core_destroyed	530
2026-08-13T17:15:37Z	STANDOFF	3037	drakkarfjord	224101	B	T	core_destroyed	398
2026-08-13T17:15:38Z	STANDOFF	3038	drumlin	224101	A	T	core_destroyed	234
2026-08-13T17:15:40Z	STANDOFF	3039	drumlin	224101	B	T	core_destroyed	137
2026-08-13T17:15:41Z	STANDOFF	3040	fjordgate	224101	A	T	core_destroyed	93
2026-08-13T17:15:43Z	STANDOFF	3041	fjordgate	224101	B	C	core_destroyed	509
2026-08-13T17:15:44Z	STANDOFF	3042	frostgate	224101	A	T	core_destroyed	105
2026-08-13T17:15:47Z	STANDOFF	3043	frostgate	224101	B	C	core_destroyed	225
2026-08-13T17:16:05Z	STANDOFF	3044	glacierkeep	224101	A	C	core_destroyed	734
2026-08-13T17:16:19Z	STANDOFF	3045	glacierkeep	224101	B	C	core_destroyed	945
2026-08-13T17:16:21Z	STANDOFF	3046	icefloe	224101	A	T	core_destroyed	222
2026-08-13T17:16:24Z	STANDOFF	3047	icefloe	224101	B	T	core_destroyed	329
2026-08-13T17:16:33Z	STANDOFF	3048	midgard	224101	A	C	core_destroyed	535
2026-08-13T17:16:36Z	STANDOFF	3049	midgard	224101	B	T	core_destroyed	179
2026-08-13T17:16:39Z	STANDOFF	3050	nordkap	224101	A	T	tiebreak	1000
2026-08-13T17:16:41Z	STANDOFF	3051	nordkap	224101	B	T	core_destroyed	190
2026-08-13T17:16:43Z	STANDOFF	3052	ragnarok	224101	A	T	core_destroyed	115
2026-08-13T17:16:46Z	STANDOFF	3053	ragnarok	224101	B	C	core_destroyed	149
2026-08-13T17:16:47Z	STANDOFF	3054	royale	224101	A	C	core_destroyed	290
2026-08-13T17:16:48Z	STANDOFF	3055	royale	224101	B	C	core_destroyed	147
2026-08-13T17:16:51Z	STANDOFF	3056	valkyrie	224101	A	C	core_destroyed	124
2026-08-13T17:16:53Z	STANDOFF	3057	valkyrie	224101	B	T	core_destroyed	124
2026-08-13T17:16:57Z	STANDOFF	3058	yulerune	224101	A	C	core_destroyed	270
2026-08-13T17:16:59Z	STANDOFF	3059	yulerune	224101	B	T	tiebreak	1000
2026-08-13T17:17:00Z	STANDOFF	3060	antler	224102	A	T	core_destroyed	100
2026-08-13T17:17:02Z	STANDOFF	3061	antler	224102	B	T	core_destroyed	329
2026-08-13T17:17:05Z	STANDOFF	3062	archipelago	224102	A	C	core_destroyed	427
2026-08-13T17:17:06Z	STANDOFF	3063	archipelago	224102	B	C	core_destroyed	115
2026-08-13T17:17:08Z	STANDOFF	3064	auroraveil	224102	A	C	core_destroyed	199
2026-08-13T17:17:13Z	STANDOFF	3065	auroraveil	224102	B	C	core_destroyed	320
2026-08-13T17:17:15Z	STANDOFF	3066	drakkarfjord	224102	A	C	core_destroyed	107
2026-08-13T17:17:25Z	STANDOFF	3067	drakkarfjord	224102	B	C	tiebreak	1000
2026-08-13T17:17:28Z	STANDOFF	3068	drumlin	224102	A	C	core_destroyed	219
2026-08-13T17:17:31Z	STANDOFF	3069	drumlin	224102	B	T	core_destroyed	219
2026-08-13T17:17:33Z	STANDOFF	3070	fjordgate	224102	A	T	core_destroyed	162
2026-08-13T17:17:34Z	STANDOFF	3071	fjordgate	224102	B	C	core_destroyed	443
2026-08-13T17:17:37Z	STANDOFF	3072	frostgate	224102	A	T	core_destroyed	418
2026-08-13T17:17:38Z	STANDOFF	3073	frostgate	224102	B	C	core_destroyed	149
2026-08-13T17:17:40Z	STANDOFF	3074	glacierkeep	224102	A	T	core_destroyed	141
2026-08-13T17:17:51Z	STANDOFF	3075	glacierkeep	224102	B	C	tiebreak	1000
2026-08-13T17:17:54Z	STANDOFF	3076	icefloe	224102	A	T	core_destroyed	257
2026-08-13T17:17:55Z	STANDOFF	3077	icefloe	224102	B	C	core_destroyed	118
2026-08-13T17:17:58Z	STANDOFF	3078	midgard	224102	A	C	core_destroyed	121
2026-08-13T17:18:00Z	STANDOFF	3079	midgard	224102	B	T	core_destroyed	122
2026-08-13T17:18:02Z	STANDOFF	3080	nordkap	224102	A	T	core_destroyed	174
2026-08-13T17:18:03Z	STANDOFF	3081	nordkap	224102	B	C	core_destroyed	145
2026-08-13T17:18:06Z	STANDOFF	3082	ragnarok	224102	A	T	core_destroyed	237
2026-08-13T17:18:09Z	STANDOFF	3083	ragnarok	224102	B	T	core_destroyed	213
2026-08-13T17:18:17Z	STANDOFF	3084	royale	224102	A	T	tiebreak	1000
2026-08-13T17:18:19Z	STANDOFF	3085	royale	224102	B	T	core_destroyed	276
2026-08-13T17:18:25Z	STANDOFF	3086	valkyrie	224102	A	C	core_destroyed	329
2026-08-13T17:18:26Z	STANDOFF	3087	valkyrie	224102	B	T	core_destroyed	118
2026-08-13T17:18:29Z	STANDOFF	3088	yulerune	224102	A	C	core_destroyed	225
2026-08-13T17:18:32Z	STANDOFF	3089	yulerune	224102	B	C	core_destroyed	213
2026-08-13T17:18:33Z	STANDOFF	3090	antler	224103	A	C	core_destroyed	165
2026-08-13T17:18:35Z	STANDOFF	3091	antler	224103	B	T	tiebreak	1000
2026-08-13T17:18:39Z	STANDOFF	3092	archipelago	224103	A	T	core_destroyed	173
2026-08-13T17:18:41Z	STANDOFF	3093	archipelago	224103	B	T	core_destroyed	181
2026-08-13T17:18:42Z	STANDOFF	3094	auroraveil	224103	A	T	core_destroyed	163
2026-08-13T17:18:45Z	STANDOFF	3095	auroraveil	224103	B	C	core_destroyed	465
2026-08-13T17:18:47Z	STANDOFF	3096	drakkarfjord	224103	A	T	core_destroyed	146
2026-08-13T17:19:02Z	STANDOFF	3097	drakkarfjord	224103	B	C	tiebreak	1000
2026-08-13T17:19:08Z	STANDOFF	3098	drumlin	224103	A	T	core_destroyed	405
2026-08-13T17:19:09Z	STANDOFF	3099	drumlin	224103	B	C	core_destroyed	129
2026-08-13T17:19:11Z	STANDOFF	3100	fjordgate	224103	A	T	core_destroyed	160
2026-08-13T17:19:12Z	STANDOFF	3101	fjordgate	224103	B	C	core_destroyed	417
2026-08-13T17:19:14Z	STANDOFF	3102	frostgate	224103	A	C	tiebreak	1000
2026-08-13T17:19:16Z	STANDOFF	3103	frostgate	224103	B	T	core_destroyed	178
2026-08-13T17:19:18Z	STANDOFF	3104	glacierkeep	224103	A	T	core_destroyed	194
2026-08-13T17:19:21Z	STANDOFF	3105	glacierkeep	224103	B	C	core_destroyed	278
2026-08-13T17:19:23Z	STANDOFF	3106	icefloe	224103	A	C	core_destroyed	154
2026-08-13T17:19:27Z	STANDOFF	3107	icefloe	224103	B	C	tiebreak	1000
2026-08-13T17:19:29Z	STANDOFF	3108	midgard	224103	A	C	core_destroyed	153
2026-08-13T17:19:33Z	STANDOFF	3109	midgard	224103	B	T	core_destroyed	128
2026-08-13T17:19:34Z	STANDOFF	3110	nordkap	224103	A	T	core_destroyed	143
2026-08-13T17:19:35Z	STANDOFF	3111	nordkap	224103	B	C	core_destroyed	109
2026-08-13T17:19:37Z	STANDOFF	3112	ragnarok	224103	A	T	core_destroyed	121
2026-08-13T17:20:22Z	STANDOFF	3113	ragnarok	224103	B	C	tiebreak	1000
2026-08-13T17:20:23Z	STANDOFF	3114	royale	224103	A	T	core_destroyed	156
2026-08-13T17:20:25Z	STANDOFF	3115	royale	224103	B	T	core_destroyed	480
2026-08-13T17:20:39Z	STANDOFF	3116	valkyrie	224103	A	T	tiebreak	1000
2026-08-13T17:20:41Z	STANDOFF	3117	valkyrie	224103	B	T	core_destroyed	89
2026-08-13T17:20:49Z	STANDOFF	3118	yulerune	224103	A	C	tiebreak	1000
2026-08-13T17:20:52Z	STANDOFF	3119	yulerune	224103	B	T	core_destroyed	268
2026-08-13T17:20:54Z	STANDOFF	3120	antler	224104	A	C	core_destroyed	230
2026-08-13T17:20:55Z	STANDOFF	3121	antler	224104	B	C	core_destroyed	125
2026-08-13T17:20:57Z	STANDOFF	3122	archipelago	224104	A	T	core_destroyed	95
2026-08-13T17:21:02Z	STANDOFF	3123	archipelago	224104	B	C	core_destroyed	326
2026-08-13T17:21:04Z	STANDOFF	3124	auroraveil	224104	A	T	core_destroyed	221
2026-08-13T17:21:06Z	STANDOFF	3125	auroraveil	224104	B	C	core_destroyed	78
2026-08-13T17:21:09Z	STANDOFF	3126	drakkarfjord	224104	A	T	core_destroyed	199
2026-08-13T17:21:28Z	STANDOFF	3127	drakkarfjord	224104	B	T	tiebreak	1000
2026-08-13T17:21:35Z	STANDOFF	3128	drumlin	224104	A	T	core_destroyed	528
2026-08-13T17:21:37Z	STANDOFF	3129	drumlin	224104	B	C	core_destroyed	192
2026-08-13T17:21:39Z	STANDOFF	3130	fjordgate	224104	A	T	core_destroyed	541
2026-08-13T17:21:41Z	STANDOFF	3131	fjordgate	224104	B	C	core_destroyed	579
2026-08-13T17:21:43Z	STANDOFF	3132	frostgate	224104	A	C	core_destroyed	253
2026-08-13T17:21:47Z	STANDOFF	3133	frostgate	224104	B	T	core_destroyed	939
2026-08-13T17:21:53Z	STANDOFF	3134	glacierkeep	224104	A	T	core_destroyed	494
2026-08-13T17:21:57Z	STANDOFF	3135	glacierkeep	224104	B	T	core_destroyed	735
2026-08-13T17:22:00Z	STANDOFF	3136	icefloe	224104	A	C	core_destroyed	373
2026-08-13T17:22:02Z	STANDOFF	3137	icefloe	224104	B	T	core_destroyed	144
2026-08-13T17:22:04Z	STANDOFF	3138	midgard	224104	A	T	core_destroyed	104
2026-08-13T17:22:07Z	STANDOFF	3139	midgard	224104	B	T	core_destroyed	91
2026-08-13T17:22:08Z	STANDOFF	3140	nordkap	224104	A	T	core_destroyed	99
2026-08-13T17:22:13Z	STANDOFF	3141	nordkap	224104	B	T	core_destroyed	573
2026-08-13T17:22:15Z	STANDOFF	3142	ragnarok	224104	A	T	core_destroyed	115
2026-08-13T17:22:17Z	STANDOFF	3143	ragnarok	224104	B	C	core_destroyed	123
2026-08-13T17:22:19Z	STANDOFF	3144	royale	224104	A	T	core_destroyed	106
2026-08-13T17:22:20Z	STANDOFF	3145	royale	224104	B	C	core_destroyed	388
2026-08-13T17:22:22Z	STANDOFF	3146	valkyrie	224104	A	C	core_destroyed	169
2026-08-13T17:22:25Z	STANDOFF	3147	valkyrie	224104	B	T	core_destroyed	171
2026-08-13T17:22:28Z	STANDOFF	3148	yulerune	224104	A	C	tiebreak	1000
2026-08-13T17:22:31Z	STANDOFF	3149	yulerune	224104	B	C	core_destroyed	429
2026-08-13T17:22:33Z	STANDOFF	3150	antler	224105	A	C	core_destroyed	149
2026-08-13T17:22:35Z	STANDOFF	3151	antler	224105	B	C	core_destroyed	293
2026-08-13T17:22:38Z	STANDOFF	3152	archipelago	224105	A	C	core_destroyed	223
2026-08-13T17:22:40Z	STANDOFF	3153	archipelago	224105	B	C	core_destroyed	75
2026-08-13T17:22:41Z	STANDOFF	3154	auroraveil	224105	A	C	core_destroyed	125
2026-08-13T17:22:42Z	STANDOFF	3155	auroraveil	224105	B	C	core_destroyed	116
2026-08-13T17:22:44Z	STANDOFF	3156	drakkarfjord	224105	A	C	core_destroyed	109
2026-08-13T17:22:59Z	STANDOFF	3157	drakkarfjord	224105	B	T	tiebreak	1000
2026-08-13T17:23:01Z	STANDOFF	3158	drumlin	224105	A	C	core_destroyed	108
2026-08-13T17:23:03Z	STANDOFF	3159	drumlin	224105	B	T	core_destroyed	149
2026-08-13T17:23:04Z	STANDOFF	3160	fjordgate	224105	A	T	core_destroyed	477
2026-08-13T17:23:06Z	STANDOFF	3161	fjordgate	224105	B	T	core_destroyed	215
2026-08-13T17:23:07Z	STANDOFF	3162	frostgate	224105	A	T	core_destroyed	190
2026-08-13T17:23:10Z	STANDOFF	3163	frostgate	224105	B	T	core_destroyed	306
2026-08-13T17:23:16Z	STANDOFF	3164	glacierkeep	224105	A	C	tiebreak	1000
2026-08-13T17:23:17Z	STANDOFF	3165	glacierkeep	224105	B	C	core_destroyed	135
2026-08-13T17:23:19Z	STANDOFF	3166	icefloe	224105	A	T	core_destroyed	389
2026-08-13T17:23:21Z	STANDOFF	3167	icefloe	224105	B	C	core_destroyed	180
2026-08-13T17:23:24Z	STANDOFF	3168	midgard	224105	A	T	core_destroyed	112
2026-08-13T17:23:27Z	STANDOFF	3169	midgard	224105	B	C	core_destroyed	155
2026-08-13T17:23:28Z	STANDOFF	3170	nordkap	224105	A	C	core_destroyed	82
2026-08-13T17:23:30Z	STANDOFF	3171	nordkap	224105	B	T	core_destroyed	212
2026-08-13T17:23:45Z	STANDOFF	3172	ragnarok	224105	A	C	core_destroyed	644
2026-08-13T17:24:29Z	STANDOFF	3173	ragnarok	224105	B	C	tiebreak	1000
2026-08-13T17:24:30Z	STANDOFF	3174	royale	224105	A	C	core_destroyed	347
2026-08-13T17:24:31Z	STANDOFF	3175	royale	224105	B	C	core_destroyed	240
2026-08-13T17:24:35Z	STANDOFF	3176	valkyrie	224105	A	C	core_destroyed	159
2026-08-13T17:24:37Z	STANDOFF	3177	valkyrie	224105	B	T	core_destroyed	87
2026-08-13T17:24:38Z	STANDOFF	3178	yulerune	224105	A	T	core_destroyed	173
2026-08-13T17:24:40Z	STANDOFF	3179	yulerune	224105	B	C	core_destroyed	134
2026-08-13T17:24:42Z	STANDOFF	3180	antler	224106	A	C	core_destroyed	437
2026-08-13T17:24:43Z	STANDOFF	3181	antler	224106	B	T	core_destroyed	108
2026-08-13T17:24:46Z	STANDOFF	3182	archipelago	224106	A	C	core_destroyed	195
2026-08-13T17:24:48Z	STANDOFF	3183	archipelago	224106	B	T	core_destroyed	141
2026-08-13T17:24:50Z	STANDOFF	3184	auroraveil	224106	A	T	core_destroyed	170
2026-08-13T17:24:52Z	STANDOFF	3185	auroraveil	224106	B	C	core_destroyed	131
2026-08-13T17:24:59Z	STANDOFF	3186	drakkarfjord	224106	A	T	tiebreak	1000
2026-08-13T17:25:05Z	STANDOFF	3187	drakkarfjord	224106	B	C	core_destroyed	337
2026-08-13T17:25:08Z	STANDOFF	3188	drumlin	224106	A	T	core_destroyed	209
2026-08-13T17:25:12Z	STANDOFF	3189	drumlin	224106	B	C	core_destroyed	268
2026-08-13T17:25:13Z	STANDOFF	3190	fjordgate	224106	A	T	core_destroyed	109
2026-08-13T17:25:14Z	STANDOFF	3191	fjordgate	224106	B	T	core_destroyed	289
2026-08-13T17:25:18Z	STANDOFF	3192	frostgate	224106	A	T	core_destroyed	606
2026-08-13T17:25:20Z	STANDOFF	3193	frostgate	224106	B	C	core_destroyed	156
2026-08-13T17:25:22Z	STANDOFF	3194	glacierkeep	224106	A	C	core_destroyed	261
2026-08-13T17:25:30Z	STANDOFF	3195	glacierkeep	224106	B	T	core_destroyed	680
2026-08-13T17:25:32Z	STANDOFF	3196	icefloe	224106	A	C	core_destroyed	176
2026-08-13T17:25:33Z	STANDOFF	3197	icefloe	224106	B	C	core_destroyed	86
2026-08-13T17:25:36Z	STANDOFF	3198	midgard	224106	A	C	core_destroyed	137
2026-08-13T17:25:43Z	STANDOFF	3199	midgard	224106	B	T	core_destroyed	373
2026-08-13T17:25:45Z	STANDOFF	3200	nordkap	224106	A	T	core_destroyed	198
2026-08-13T17:25:47Z	STANDOFF	3201	nordkap	224106	B	C	core_destroyed	491
2026-08-13T17:25:51Z	STANDOFF	3202	ragnarok	224106	A	C	core_destroyed	197
2026-08-13T17:25:54Z	STANDOFF	3203	ragnarok	224106	B	C	core_destroyed	176
2026-08-13T17:25:55Z	STANDOFF	3204	royale	224106	A	C	core_destroyed	156
2026-08-13T17:25:57Z	STANDOFF	3205	royale	224106	B	C	core_destroyed	334
2026-08-13T17:26:08Z	STANDOFF	3206	valkyrie	224106	A	T	tiebreak	1000
2026-08-13T17:26:10Z	STANDOFF	3207	valkyrie	224106	B	T	core_destroyed	103
2026-08-13T17:26:13Z	STANDOFF	3208	yulerune	224106	A	C	core_destroyed	290
2026-08-13T17:26:16Z	STANDOFF	3209	yulerune	224106	B	C	core_destroyed	225
2026-08-13T17:26:19Z	STANDOFF	3210	antler	224107	A	C	tiebreak	1000
2026-08-13T17:26:21Z	STANDOFF	3211	antler	224107	B	C	core_destroyed	465
2026-08-13T17:26:26Z	STANDOFF	3212	archipelago	224107	A	T	core_destroyed	456
2026-08-13T17:26:28Z	STANDOFF	3213	archipelago	224107	B	C	core_destroyed	180
2026-08-13T17:26:30Z	STANDOFF	3214	auroraveil	224107	A	T	core_destroyed	91
2026-08-13T17:26:32Z	STANDOFF	3215	auroraveil	224107	B	C	core_destroyed	221
2026-08-13T17:26:42Z	STANDOFF	3216	drakkarfjord	224107	A	T	core_destroyed	536
2026-08-13T17:26:49Z	STANDOFF	3217	drakkarfjord	224107	B	C	core_destroyed	391
2026-08-13T17:26:51Z	STANDOFF	3218	drumlin	224107	A	T	core_destroyed	234
2026-08-13T17:26:54Z	STANDOFF	3219	drumlin	224107	B	C	core_destroyed	186
2026-08-13T17:26:56Z	STANDOFF	3220	fjordgate	224107	A	C	core_destroyed	940
2026-08-13T17:27:01Z	STANDOFF	3221	fjordgate	224107	B	C	tiebreak	1000
2026-08-13T17:27:02Z	STANDOFF	3222	frostgate	224107	A	T	core_destroyed	193
2026-08-13T17:27:04Z	STANDOFF	3223	frostgate	224107	B	T	core_destroyed	232
2026-08-13T17:27:09Z	STANDOFF	3224	glacierkeep	224107	A	T	core_destroyed	388
2026-08-13T17:27:14Z	STANDOFF	3225	glacierkeep	224107	B	T	core_destroyed	625
2026-08-13T17:27:18Z	STANDOFF	3226	icefloe	224107	A	C	core_destroyed	377
2026-08-13T17:27:19Z	STANDOFF	3227	icefloe	224107	B	T	core_destroyed	152
2026-08-13T17:27:22Z	STANDOFF	3228	midgard	224107	A	T	core_destroyed	109
2026-08-13T17:27:24Z	STANDOFF	3229	midgard	224107	B	T	core_destroyed	115
2026-08-13T17:27:25Z	STANDOFF	3230	nordkap	224107	A	T	core_destroyed	204
2026-08-13T17:27:26Z	STANDOFF	3231	nordkap	224107	B	C	core_destroyed	183
2026-08-13T17:28:10Z	STANDOFF	3232	ragnarok	224107	A	C	tiebreak	1000
2026-08-13T17:28:20Z	STANDOFF	3233	ragnarok	224107	B	T	core_destroyed	706
2026-08-13T17:28:21Z	STANDOFF	3234	royale	224107	A	T	core_destroyed	159
2026-08-13T17:28:22Z	STANDOFF	3235	royale	224107	B	C	core_destroyed	138
2026-08-13T17:28:24Z	STANDOFF	3236	valkyrie	224107	A	C	core_destroyed	114
2026-08-13T17:28:33Z	STANDOFF	3237	valkyrie	224107	B	T	core_destroyed	559
2026-08-13T17:28:35Z	STANDOFF	3238	yulerune	224107	A	T	core_destroyed	187
2026-08-13T17:28:37Z	STANDOFF	3239	yulerune	224107	B	T	core_destroyed	195
2026-08-13T17:28:39Z	STANDOFF	3240	antler	224108	A	C	core_destroyed	334
2026-08-13T17:28:42Z	STANDOFF	3241	antler	224108	B	T	core_destroyed	766
2026-08-13T17:28:45Z	STANDOFF	3242	archipelago	224108	A	C	core_destroyed	166
2026-08-13T17:28:48Z	STANDOFF	3243	archipelago	224108	B	T	core_destroyed	153
2026-08-13T17:28:50Z	STANDOFF	3244	auroraveil	224108	A	C	core_destroyed	144
2026-08-13T17:28:51Z	STANDOFF	3245	auroraveil	224108	B	T	core_destroyed	104
2026-08-13T17:29:09Z	STANDOFF	3246	drakkarfjord	224108	A	C	tiebreak	1000
2026-08-13T17:29:13Z	STANDOFF	3247	drakkarfjord	224108	B	T	core_destroyed	305
2026-08-13T17:29:17Z	STANDOFF	3248	drumlin	224108	A	T	core_destroyed	243
2026-08-13T17:29:18Z	STANDOFF	3249	drumlin	224108	B	C	core_destroyed	208
2026-08-13T17:29:20Z	STANDOFF	3250	fjordgate	224108	A	C	core_destroyed	117
2026-08-13T17:29:21Z	STANDOFF	3251	fjordgate	224108	B	T	core_destroyed	168
2026-08-13T17:29:23Z	STANDOFF	3252	frostgate	224108	A	C	core_destroyed	152
2026-08-13T17:29:26Z	STANDOFF	3253	frostgate	224108	B	C	core_destroyed	572
2026-08-13T17:29:29Z	STANDOFF	3254	glacierkeep	224108	A	T	core_destroyed	305
2026-08-13T17:29:32Z	STANDOFF	3255	glacierkeep	224108	B	C	core_destroyed	250
2026-08-13T17:29:35Z	STANDOFF	3256	icefloe	224108	A	T	core_destroyed	308
2026-08-13T17:29:38Z	STANDOFF	3257	icefloe	224108	B	T	core_destroyed	342
2026-08-13T17:29:44Z	STANDOFF	3258	midgard	224108	A	T	core_destroyed	422
2026-08-13T17:29:46Z	STANDOFF	3259	midgard	224108	B	C	core_destroyed	74
2026-08-13T17:29:48Z	STANDOFF	3260	nordkap	224108	A	T	core_destroyed	193
2026-08-13T17:29:57Z	STANDOFF	3261	nordkap	224108	B	T	tiebreak	1000
2026-08-13T17:29:59Z	STANDOFF	3262	ragnarok	224108	A	T	core_destroyed	191
2026-08-13T17:30:02Z	STANDOFF	3263	ragnarok	224108	B	C	core_destroyed	127
2026-08-13T17:30:07Z	STANDOFF	3264	royale	224108	A	C	core_destroyed	444
2026-08-13T17:30:08Z	STANDOFF	3265	royale	224108	B	T	core_destroyed	371
2026-08-13T17:30:10Z	STANDOFF	3266	valkyrie	224108	A	T	core_destroyed	133
2026-08-13T17:30:13Z	STANDOFF	3267	valkyrie	224108	B	T	core_destroyed	224
2026-08-13T17:30:15Z	STANDOFF	3268	yulerune	224108	A	T	core_destroyed	178
2026-08-13T17:30:18Z	STANDOFF	3269	yulerune	224108	B	T	core_destroyed	216
2026-08-13T17:30:19Z	STANDOFF	3270	antler	224109	A	T	core_destroyed	156
2026-08-13T17:30:21Z	STANDOFF	3271	antler	224109	B	C	core_destroyed	263
2026-08-13T17:30:32Z	STANDOFF	3272	archipelago	224109	A	T	core_destroyed	481
2026-08-13T17:30:34Z	STANDOFF	3273	archipelago	224109	B	T	core_destroyed	88
2026-08-13T17:30:35Z	STANDOFF	3274	auroraveil	224109	A	T	core_destroyed	119
2026-08-13T17:30:41Z	STANDOFF	3275	auroraveil	224109	B	T	core_destroyed	721
2026-08-13T17:30:45Z	STANDOFF	3276	drakkarfjord	224109	A	T	core_destroyed	285
2026-08-13T17:30:47Z	STANDOFF	3277	drakkarfjord	224109	B	C	core_destroyed	104
2026-08-13T17:30:49Z	STANDOFF	3278	drumlin	224109	A	T	core_destroyed	186
2026-08-13T17:30:51Z	STANDOFF	3279	drumlin	224109	B	C	core_destroyed	139
2026-08-13T17:30:52Z	STANDOFF	3280	fjordgate	224109	A	T	core_destroyed	477
2026-08-13T17:30:54Z	STANDOFF	3281	fjordgate	224109	B	C	tiebreak	1000
2026-08-13T17:30:57Z	STANDOFF	3282	frostgate	224109	A	C	core_destroyed	318
2026-08-13T17:31:00Z	STANDOFF	3283	frostgate	224109	B	C	core_destroyed	433
2026-08-13T17:31:02Z	STANDOFF	3284	glacierkeep	224109	A	T	core_destroyed	196
2026-08-13T17:31:04Z	STANDOFF	3285	glacierkeep	224109	B	C	core_destroyed	156
2026-08-13T17:31:06Z	STANDOFF	3286	icefloe	224109	A	C	core_destroyed	165
2026-08-13T17:31:08Z	STANDOFF	3287	icefloe	224109	B	C	core_destroyed	315
2026-08-13T17:31:11Z	STANDOFF	3288	midgard	224109	A	C	core_destroyed	79
2026-08-13T17:31:13Z	STANDOFF	3289	midgard	224109	B	T	core_destroyed	148
2026-08-13T17:31:16Z	STANDOFF	3290	nordkap	224109	A	T	core_destroyed	568
2026-08-13T17:31:17Z	STANDOFF	3291	nordkap	224109	B	C	core_destroyed	186
2026-08-13T17:31:19Z	STANDOFF	3292	ragnarok	224109	A	T	core_destroyed	155
2026-08-13T17:31:23Z	STANDOFF	3293	ragnarok	224109	B	C	core_destroyed	132
2026-08-13T17:31:25Z	STANDOFF	3294	royale	224109	A	C	core_destroyed	332
2026-08-13T17:31:26Z	STANDOFF	3295	royale	224109	B	T	core_destroyed	198
2026-08-13T17:31:28Z	STANDOFF	3296	valkyrie	224109	A	T	core_destroyed	156
2026-08-13T17:31:30Z	STANDOFF	3297	valkyrie	224109	B	C	core_destroyed	121
2026-08-13T17:31:33Z	STANDOFF	3298	yulerune	224109	A	T	core_destroyed	196
2026-08-13T17:31:35Z	STANDOFF	3299	yulerune	224109	B	C	core_destroyed	223
2026-08-13T17:31:37Z	STANDOFF	3300	antler	224110	A	T	core_destroyed	210
2026-08-13T17:31:39Z	STANDOFF	3301	antler	224110	B	C	core_destroyed	182
2026-08-13T17:31:40Z	STANDOFF	3302	archipelago	224110	A	C	core_destroyed	88
2026-08-13T17:31:46Z	STANDOFF	3303	archipelago	224110	B	C	core_destroyed	482
2026-08-13T17:31:49Z	STANDOFF	3304	auroraveil	224110	A	T	tiebreak	1000
2026-08-13T17:31:50Z	STANDOFF	3305	auroraveil	224110	B	C	core_destroyed	93
2026-08-13T17:31:59Z	STANDOFF	3306	drakkarfjord	224110	A	C	core_destroyed	531
2026-08-13T17:32:06Z	STANDOFF	3307	drakkarfjord	224110	B	T	core_destroyed	529
2026-08-13T17:32:10Z	STANDOFF	3308	drumlin	224110	A	T	core_destroyed	599
2026-08-13T17:32:16Z	STANDOFF	3309	drumlin	224110	B	C	core_destroyed	354
2026-08-13T17:32:17Z	STANDOFF	3310	fjordgate	224110	A	T	core_destroyed	106
2026-08-13T17:32:18Z	STANDOFF	3311	fjordgate	224110	B	T	core_destroyed	213
2026-08-13T17:32:19Z	STANDOFF	3312	frostgate	224110	A	T	core_destroyed	166
2026-08-13T17:32:21Z	STANDOFF	3313	frostgate	224110	B	C	core_destroyed	178
2026-08-13T17:32:35Z	STANDOFF	3314	glacierkeep	224110	A	C	core_destroyed	697
2026-08-13T17:32:48Z	STANDOFF	3315	glacierkeep	224110	B	C	tiebreak	1000
2026-08-13T17:32:54Z	STANDOFF	3316	icefloe	224110	A	T	core_destroyed	874
2026-08-13T17:32:58Z	STANDOFF	3317	icefloe	224110	B	C	core_destroyed	540
2026-08-13T17:33:00Z	STANDOFF	3318	midgard	224110	A	C	core_destroyed	183
2026-08-13T17:33:10Z	STANDOFF	3319	midgard	224110	B	C	core_destroyed	473
2026-08-13T17:33:12Z	STANDOFF	3320	nordkap	224110	A	T	core_destroyed	222
2026-08-13T17:33:16Z	STANDOFF	3321	nordkap	224110	B	C	core_destroyed	484
2026-08-13T17:33:18Z	STANDOFF	3322	ragnarok	224110	A	T	core_destroyed	394
2026-08-13T17:34:02Z	STANDOFF	3323	ragnarok	224110	B	C	tiebreak	1000
2026-08-13T17:34:04Z	STANDOFF	3324	royale	224110	A	C	tiebreak	1000
2026-08-13T17:34:06Z	STANDOFF	3325	royale	224110	B	T	core_destroyed	189
2026-08-13T17:34:08Z	STANDOFF	3326	valkyrie	224110	A	C	core_destroyed	403
2026-08-13T17:34:12Z	STANDOFF	3327	valkyrie	224110	B	C	core_destroyed	253
2026-08-13T17:34:15Z	STANDOFF	3328	yulerune	224110	A	C	core_destroyed	208
2026-08-13T17:34:16Z	STANDOFF	3329	yulerune	224110	B	C	core_destroyed	313
2026-08-13T17:34:20Z	STANDOFF	3330	antler	224111	A	C	core_destroyed	246
2026-08-13T17:34:21Z	STANDOFF	3331	antler	224111	B	T	core_destroyed	433
2026-08-13T17:34:24Z	STANDOFF	3332	archipelago	224111	A	C	core_destroyed	154
2026-08-13T17:34:25Z	STANDOFF	3333	archipelago	224111	B	T	core_destroyed	125
2026-08-13T17:34:29Z	STANDOFF	3334	auroraveil	224111	A	T	tiebreak	1000
2026-08-13T17:34:30Z	STANDOFF	3335	auroraveil	224111	B	T	core_destroyed	165
2026-08-13T17:34:41Z	STANDOFF	3336	drakkarfjord	224111	A	T	tiebreak	1000
2026-08-13T17:34:54Z	STANDOFF	3337	drakkarfjord	224111	B	C	tiebreak	1000
2026-08-13T17:34:59Z	STANDOFF	3338	drumlin	224111	A	C	core_destroyed	478
2026-08-13T17:35:03Z	STANDOFF	3339	drumlin	224111	B	T	core_destroyed	536
2026-08-13T17:35:05Z	STANDOFF	3340	fjordgate	224111	A	T	core_destroyed	561
2026-08-13T17:35:06Z	STANDOFF	3341	fjordgate	224111	B	C	core_destroyed	131
2026-08-13T17:35:08Z	STANDOFF	3342	frostgate	224111	A	T	core_destroyed	121
2026-08-13T17:35:10Z	STANDOFF	3343	frostgate	224111	B	T	core_destroyed	201
2026-08-13T17:35:12Z	STANDOFF	3344	glacierkeep	224111	A	C	core_destroyed	190
2026-08-13T17:35:14Z	STANDOFF	3345	glacierkeep	224111	B	C	core_destroyed	144
2026-08-13T17:35:16Z	STANDOFF	3346	icefloe	224111	A	T	core_destroyed	176
2026-08-13T17:35:17Z	STANDOFF	3347	icefloe	224111	B	C	core_destroyed	113
2026-08-13T17:35:20Z	STANDOFF	3348	midgard	224111	A	T	core_destroyed	158
2026-08-13T17:35:23Z	STANDOFF	3349	midgard	224111	B	T	core_destroyed	148
2026-08-13T17:35:25Z	STANDOFF	3350	nordkap	224111	A	C	tiebreak	1000
2026-08-13T17:35:29Z	STANDOFF	3351	nordkap	224111	B	T	core_destroyed	284
2026-08-13T17:36:16Z	STANDOFF	3352	ragnarok	224111	A	T	tiebreak	1000
2026-08-13T17:37:06Z	STANDOFF	3353	ragnarok	224111	B	C	tiebreak	1000
2026-08-13T17:37:08Z	STANDOFF	3354	royale	224111	A	C	core_destroyed	205
2026-08-13T17:37:09Z	STANDOFF	3355	royale	224111	B	T	core_destroyed	144
2026-08-13T17:37:13Z	STANDOFF	3356	valkyrie	224111	A	C	core_destroyed	244
2026-08-13T17:37:15Z	STANDOFF	3357	valkyrie	224111	B	T	core_destroyed	130
2026-08-13T17:37:17Z	STANDOFF	3358	yulerune	224111	A	C	core_destroyed	133
2026-08-13T17:37:19Z	STANDOFF	3359	yulerune	224111	B	T	core_destroyed	168
2026-08-13T17:37:20Z	STANDOFF	3360	antler	224112	A	T	core_destroyed	149
2026-08-13T17:37:24Z	STANDOFF	3361	antler	224112	B	C	core_destroyed	531
2026-08-13T17:37:26Z	STANDOFF	3362	archipelago	224112	A	C	core_destroyed	88
2026-08-13T17:37:28Z	STANDOFF	3363	archipelago	224112	B	C	core_destroyed	167
2026-08-13T17:37:31Z	STANDOFF	3364	auroraveil	224112	A	T	core_destroyed	569
2026-08-13T17:37:33Z	STANDOFF	3365	auroraveil	224112	B	T	core_destroyed	426
2026-08-13T17:37:35Z	STANDOFF	3366	drakkarfjord	224112	A	C	core_destroyed	107
2026-08-13T17:37:38Z	STANDOFF	3367	drakkarfjord	224112	B	T	core_destroyed	276
2026-08-13T17:37:44Z	STANDOFF	3368	drumlin	224112	A	C	core_destroyed	449
2026-08-13T17:37:46Z	STANDOFF	3369	drumlin	224112	B	T	core_destroyed	218
2026-08-13T17:37:49Z	STANDOFF	3370	fjordgate	224112	A	T	tiebreak	1000
2026-08-13T17:37:50Z	STANDOFF	3371	fjordgate	224112	B	C	core_destroyed	109
2026-08-13T17:37:52Z	STANDOFF	3372	frostgate	224112	A	T	core_destroyed	221
2026-08-13T17:37:54Z	STANDOFF	3373	frostgate	224112	B	C	core_destroyed	249
2026-08-13T17:37:55Z	STANDOFF	3374	glacierkeep	224112	A	T	core_destroyed	166
2026-08-13T17:37:57Z	STANDOFF	3375	glacierkeep	224112	B	C	core_destroyed	112
2026-08-13T17:37:59Z	STANDOFF	3376	icefloe	224112	A	T	core_destroyed	273
2026-08-13T17:38:02Z	STANDOFF	3377	icefloe	224112	B	C	core_destroyed	186
2026-08-13T17:38:04Z	STANDOFF	3378	midgard	224112	A	C	core_destroyed	90
2026-08-13T17:38:07Z	STANDOFF	3379	midgard	224112	B	C	core_destroyed	218
2026-08-13T17:38:09Z	STANDOFF	3380	nordkap	224112	A	C	core_destroyed	512
2026-08-13T17:38:11Z	STANDOFF	3381	nordkap	224112	B	C	tiebreak	1000
2026-08-13T17:38:16Z	STANDOFF	3382	ragnarok	224112	A	C	core_destroyed	162
2026-08-13T17:38:20Z	STANDOFF	3383	ragnarok	224112	B	T	core_destroyed	302
2026-08-13T17:38:23Z	STANDOFF	3384	royale	224112	A	C	tiebreak	1000
2026-08-13T17:38:25Z	STANDOFF	3385	royale	224112	B	T	core_destroyed	230
2026-08-13T17:38:26Z	STANDOFF	3386	valkyrie	224112	A	C	core_destroyed	144
2026-08-13T17:38:31Z	STANDOFF	3387	valkyrie	224112	B	C	core_destroyed	280
2026-08-13T17:38:32Z	STANDOFF	3388	yulerune	224112	A	T	core_destroyed	214
2026-08-13T17:38:34Z	STANDOFF	3389	yulerune	224112	B	C	core_destroyed	301
2026-08-13T17:38:36Z	STANDOFF	3390	antler	224113	A	C	core_destroyed	203
2026-08-13T17:38:37Z	STANDOFF	3391	antler	224113	B	T	core_destroyed	189
2026-08-13T17:38:40Z	STANDOFF	3392	archipelago	224113	A	T	core_destroyed	147
2026-08-13T17:38:46Z	STANDOFF	3393	archipelago	224113	B	C	core_destroyed	335
2026-08-13T17:38:51Z	STANDOFF	3394	auroraveil	224113	A	C	tiebreak	1000
2026-08-13T17:38:52Z	STANDOFF	3395	auroraveil	224113	B	T	core_destroyed	385
2026-08-13T17:38:59Z	STANDOFF	3396	drakkarfjord	224113	A	C	core_destroyed	416
2026-08-13T17:39:07Z	STANDOFF	3397	drakkarfjord	224113	B	T	tiebreak	1000
2026-08-13T17:39:10Z	STANDOFF	3398	drumlin	224113	A	C	core_destroyed	205
2026-08-13T17:39:13Z	STANDOFF	3399	drumlin	224113	B	C	core_destroyed	257
2026-08-13T17:39:14Z	STANDOFF	3400	fjordgate	224113	A	C	core_destroyed	189
2026-08-13T17:39:15Z	STANDOFF	3401	fjordgate	224113	B	T	core_destroyed	117
2026-08-13T17:39:17Z	STANDOFF	3402	frostgate	224113	A	C	core_destroyed	377
2026-08-13T17:39:20Z	STANDOFF	3403	frostgate	224113	B	T	core_destroyed	278
2026-08-13T17:39:22Z	STANDOFF	3404	glacierkeep	224113	A	T	core_destroyed	397
2026-08-13T17:39:24Z	STANDOFF	3405	glacierkeep	224113	B	C	core_destroyed	163
2026-08-13T17:39:26Z	STANDOFF	3406	icefloe	224113	A	T	core_destroyed	120
2026-08-13T17:39:30Z	STANDOFF	3407	icefloe	224113	B	T	core_destroyed	394
2026-08-13T17:39:35Z	STANDOFF	3408	midgard	224113	A	C	core_destroyed	201
2026-08-13T17:39:40Z	STANDOFF	3409	midgard	224113	B	T	core_destroyed	297
2026-08-13T17:39:42Z	STANDOFF	3410	nordkap	224113	A	T	core_destroyed	242
2026-08-13T17:39:43Z	STANDOFF	3411	nordkap	224113	B	C	core_destroyed	164
2026-08-13T17:39:46Z	STANDOFF	3412	ragnarok	224113	A	T	core_destroyed	158
2026-08-13T17:39:50Z	STANDOFF	3413	ragnarok	224113	B	T	core_destroyed	165
2026-08-13T17:39:51Z	STANDOFF	3414	royale	224113	A	T	core_destroyed	484
2026-08-13T17:39:53Z	STANDOFF	3415	royale	224113	B	C	core_destroyed	381
2026-08-13T17:40:06Z	STANDOFF	3416	valkyrie	224113	A	C	tiebreak	1000
2026-08-13T17:40:08Z	STANDOFF	3417	valkyrie	224113	B	T	core_destroyed	227
2026-08-13T17:40:10Z	STANDOFF	3418	yulerune	224113	A	T	core_destroyed	149
2026-08-13T17:40:14Z	STANDOFF	3419	yulerune	224113	B	C	core_destroyed	319
2026-08-13T17:40:16Z	STANDOFF	3420	antler	224114	A	C	core_destroyed	219
2026-08-13T17:40:18Z	STANDOFF	3421	antler	224114	B	T	tiebreak	1000
2026-08-13T17:40:25Z	STANDOFF	3422	archipelago	224114	A	C	core_destroyed	362
2026-08-13T17:40:27Z	STANDOFF	3423	archipelago	224114	B	T	core_destroyed	131
2026-08-13T17:40:29Z	STANDOFF	3424	auroraveil	224114	A	T	core_destroyed	150
2026-08-13T17:40:30Z	STANDOFF	3425	auroraveil	224114	B	C	core_destroyed	163
2026-08-13T17:40:37Z	STANDOFF	3426	drakkarfjord	224114	A	C	core_destroyed	699
2026-08-13T17:40:40Z	STANDOFF	3427	drakkarfjord	224114	B	T	core_destroyed	156
2026-08-13T17:40:42Z	STANDOFF	3428	drumlin	224114	A	C	core_destroyed	209
2026-08-13T17:40:45Z	STANDOFF	3429	drumlin	224114	B	T	core_destroyed	315
2026-08-13T17:40:47Z	STANDOFF	3430	fjordgate	224114	A	C	core_destroyed	278
2026-08-13T17:40:48Z	STANDOFF	3431	fjordgate	224114	B	C	core_destroyed	137
2026-08-13T17:40:50Z	STANDOFF	3432	frostgate	224114	A	T	core_destroyed	280
2026-08-13T17:40:53Z	STANDOFF	3433	frostgate	224114	B	C	tiebreak	1000
2026-08-13T17:40:54Z	STANDOFF	3434	glacierkeep	224114	A	T	core_destroyed	179
2026-08-13T17:40:56Z	STANDOFF	3435	glacierkeep	224114	B	C	core_destroyed	175
2026-08-13T17:40:58Z	STANDOFF	3436	icefloe	224114	A	T	core_destroyed	167
2026-08-13T17:40:59Z	STANDOFF	3437	icefloe	224114	B	T	core_destroyed	110
2026-08-13T17:41:02Z	STANDOFF	3438	midgard	224114	A	T	core_destroyed	136
2026-08-13T17:41:05Z	STANDOFF	3439	midgard	224114	B	T	core_destroyed	210
2026-08-13T17:41:07Z	STANDOFF	3440	nordkap	224114	A	T	core_destroyed	232
2026-08-13T17:41:09Z	STANDOFF	3441	nordkap	224114	B	C	core_destroyed	329
2026-08-13T17:41:11Z	STANDOFF	3442	ragnarok	224114	A	C	core_destroyed	149
2026-08-13T17:41:27Z	STANDOFF	3443	ragnarok	224114	B	C	tiebreak	1000
2026-08-13T17:41:28Z	STANDOFF	3444	royale	224114	A	C	core_destroyed	142
2026-08-13T17:41:30Z	STANDOFF	3445	royale	224114	B	C	core_destroyed	442
2026-08-13T17:41:33Z	STANDOFF	3446	valkyrie	224114	A	T	core_destroyed	251
2026-08-13T17:41:37Z	STANDOFF	3447	valkyrie	224114	B	T	core_destroyed	347
2026-08-13T17:41:40Z	STANDOFF	3448	yulerune	224114	A	T	core_destroyed	259
2026-08-13T17:41:45Z	STANDOFF	3449	yulerune	224114	B	T	core_destroyed	498
2026-08-13T17:41:47Z	STANDOFF	3450	antler	224115	A	C	core_destroyed	483
2026-08-13T17:41:49Z	STANDOFF	3451	antler	224115	B	C	core_destroyed	308
2026-08-13T17:41:53Z	STANDOFF	3452	archipelago	224115	A	C	core_destroyed	184
2026-08-13T17:41:55Z	STANDOFF	3453	archipelago	224115	B	T	core_destroyed	184
2026-08-13T17:41:57Z	STANDOFF	3454	auroraveil	224115	A	C	core_destroyed	178
2026-08-13T17:41:58Z	STANDOFF	3455	auroraveil	224115	B	C	core_destroyed	203
2026-08-13T17:42:03Z	STANDOFF	3456	drakkarfjord	224115	A	C	core_destroyed	367
2026-08-13T17:42:07Z	STANDOFF	3457	drakkarfjord	224115	B	C	core_destroyed	318
2026-08-13T17:42:09Z	STANDOFF	3458	drumlin	224115	A	C	core_destroyed	219
2026-08-13T17:42:10Z	STANDOFF	3459	drumlin	224115	B	T	core_destroyed	295
2026-08-13T17:42:12Z	STANDOFF	3460	fjordgate	224115	A	T	core_destroyed	416
2026-08-13T17:42:14Z	STANDOFF	3461	fjordgate	224115	B	C	core_destroyed	277
2026-08-13T17:42:16Z	STANDOFF	3462	frostgate	224115	A	C	core_destroyed	233
2026-08-13T17:42:17Z	STANDOFF	3463	frostgate	224115	B	T	tiebreak	1000
2026-08-13T17:42:27Z	STANDOFF	3464	glacierkeep	224115	A	C	tiebreak	1000
2026-08-13T17:42:29Z	STANDOFF	3465	glacierkeep	224115	B	C	core_destroyed	279
2026-08-13T17:42:31Z	STANDOFF	3466	icefloe	224115	A	T	core_destroyed	234
2026-08-13T17:42:33Z	STANDOFF	3467	icefloe	224115	B	C	core_destroyed	176
2026-08-13T17:42:36Z	STANDOFF	3468	midgard	224115	A	C	core_destroyed	125
2026-08-13T17:42:39Z	STANDOFF	3469	midgard	224115	B	T	core_destroyed	165
2026-08-13T17:42:41Z	STANDOFF	3470	nordkap	224115	A	C	core_destroyed	190
2026-08-13T17:42:42Z	STANDOFF	3471	nordkap	224115	B	T	core_destroyed	141
2026-08-13T17:42:44Z	STANDOFF	3472	ragnarok	224115	A	T	core_destroyed	133
2026-08-13T17:42:50Z	STANDOFF	3473	ragnarok	224115	B	T	core_destroyed	215
2026-08-13T17:42:51Z	STANDOFF	3474	royale	224115	A	T	core_destroyed	215
2026-08-13T17:42:53Z	STANDOFF	3475	royale	224115	B	C	core_destroyed	321
2026-08-13T17:42:55Z	STANDOFF	3476	valkyrie	224115	A	T	core_destroyed	115
2026-08-13T17:43:01Z	STANDOFF	3477	valkyrie	224115	B	C	core_destroyed	365
2026-08-13T17:43:03Z	STANDOFF	3478	yulerune	224115	A	C	core_destroyed	162
2026-08-13T17:43:05Z	STANDOFF	3479	yulerune	224115	B	C	core_destroyed	288
2026-08-13T17:43:08Z	STANDOFF	3480	antler	224116	A	C	tiebreak	1000
2026-08-13T17:43:11Z	STANDOFF	3481	antler	224116	B	T	tiebreak	1000
2026-08-13T17:43:12Z	STANDOFF	3482	archipelago	224116	A	C	core_destroyed	79
2026-08-13T17:43:15Z	STANDOFF	3483	archipelago	224116	B	T	core_destroyed	181
2026-08-13T17:43:18Z	STANDOFF	3484	auroraveil	224116	A	C	tiebreak	1000
2026-08-13T17:43:19Z	STANDOFF	3485	auroraveil	224116	B	C	core_destroyed	129
2026-08-13T17:43:26Z	STANDOFF	3486	drakkarfjord	224116	A	C	core_destroyed	377
2026-08-13T17:43:34Z	STANDOFF	3487	drakkarfjord	224116	B	T	tiebreak	1000
2026-08-13T17:43:43Z	STANDOFF	3488	drumlin	224116	A	T	tiebreak	1000
2026-08-13T17:43:45Z	STANDOFF	3489	drumlin	224116	B	C	core_destroyed	299
2026-08-13T17:43:48Z	STANDOFF	3490	fjordgate	224116	A	T	tiebreak	1000
2026-08-13T17:43:51Z	STANDOFF	3491	fjordgate	224116	B	T	core_destroyed	567
2026-08-13T17:43:53Z	STANDOFF	3492	frostgate	224116	A	T	core_destroyed	188
2026-08-13T17:43:55Z	STANDOFF	3493	frostgate	224116	B	T	core_destroyed	242
2026-08-13T17:43:57Z	STANDOFF	3494	glacierkeep	224116	A	T	core_destroyed	275
2026-08-13T17:43:59Z	STANDOFF	3495	glacierkeep	224116	B	C	core_destroyed	224
2026-08-13T17:44:02Z	STANDOFF	3496	icefloe	224116	A	T	core_destroyed	164
2026-08-13T17:44:09Z	STANDOFF	3497	icefloe	224116	B	T	core_destroyed	642
2026-08-13T17:44:12Z	STANDOFF	3498	midgard	224116	A	T	core_destroyed	217
2026-08-13T17:44:15Z	STANDOFF	3499	midgard	224116	B	T	core_destroyed	111
2026-08-13T17:44:16Z	STANDOFF	3500	nordkap	224116	A	T	core_destroyed	313
2026-08-13T17:44:17Z	STANDOFF	3501	nordkap	224116	B	T	core_destroyed	158
2026-08-13T17:44:20Z	STANDOFF	3502	ragnarok	224116	A	T	core_destroyed	119
2026-08-13T17:44:23Z	STANDOFF	3503	ragnarok	224116	B	C	core_destroyed	113
2026-08-13T17:44:27Z	STANDOFF	3504	royale	224116	A	T	core_destroyed	628
2026-08-13T17:44:29Z	STANDOFF	3505	royale	224116	B	T	core_destroyed	605
2026-08-13T17:44:31Z	STANDOFF	3506	valkyrie	224116	A	T	core_destroyed	192
2026-08-13T17:44:36Z	STANDOFF	3507	valkyrie	224116	B	T	core_destroyed	263
2026-08-13T17:44:39Z	STANDOFF	3508	yulerune	224116	A	C	core_destroyed	270
2026-08-13T17:44:41Z	STANDOFF	3509	yulerune	224116	B	T	core_destroyed	230
2026-08-13T17:44:45Z	STANDOFF	3510	antler	224117	A	T	core_destroyed	704
2026-08-13T17:44:47Z	STANDOFF	3511	antler	224117	B	T	core_destroyed	486
2026-08-13T17:44:50Z	STANDOFF	3512	archipelago	224117	A	T	core_destroyed	293
2026-08-13T17:44:52Z	STANDOFF	3513	archipelago	224117	B	C	core_destroyed	168
2026-08-13T17:44:56Z	STANDOFF	3514	auroraveil	224117	A	T	core_destroyed	457
2026-08-13T17:44:58Z	STANDOFF	3515	auroraveil	224117	B	T	core_destroyed	157
2026-08-13T17:45:11Z	STANDOFF	3516	drakkarfjord	224117	A	T	core_destroyed	880
2026-08-13T17:45:21Z	STANDOFF	3517	drakkarfjord	224117	B	C	core_destroyed	690
2026-08-13T17:45:23Z	STANDOFF	3518	drumlin	224117	A	T	core_destroyed	246
2026-08-13T17:45:26Z	STANDOFF	3519	drumlin	224117	B	T	core_destroyed	733
2026-08-13T17:45:27Z	STANDOFF	3520	fjordgate	224117	A	C	core_destroyed	168
2026-08-13T17:45:28Z	STANDOFF	3521	fjordgate	224117	B	C	core_destroyed	131
2026-08-13T17:45:30Z	STANDOFF	3522	frostgate	224117	A	C	core_destroyed	136
2026-08-13T17:45:31Z	STANDOFF	3523	frostgate	224117	B	T	core_destroyed	329
2026-08-13T17:45:33Z	STANDOFF	3524	glacierkeep	224117	A	T	core_destroyed	163
2026-08-13T17:45:35Z	STANDOFF	3525	glacierkeep	224117	B	C	core_destroyed	233
2026-08-13T17:45:37Z	STANDOFF	3526	icefloe	224117	A	T	core_destroyed	250
2026-08-13T17:45:39Z	STANDOFF	3527	icefloe	224117	B	T	core_destroyed	100
2026-08-13T17:45:41Z	STANDOFF	3528	midgard	224117	A	T	core_destroyed	140
2026-08-13T17:45:47Z	STANDOFF	3529	midgard	224117	B	T	core_destroyed	281
2026-08-13T17:45:49Z	STANDOFF	3530	nordkap	224117	A	T	core_destroyed	337
2026-08-13T17:45:51Z	STANDOFF	3531	nordkap	224117	B	T	tiebreak	1000
2026-08-13T17:45:53Z	STANDOFF	3532	ragnarok	224117	A	T	core_destroyed	119
2026-08-13T17:46:29Z	STANDOFF	3533	ragnarok	224117	B	C	tiebreak	1000
2026-08-13T17:46:31Z	STANDOFF	3534	royale	224117	A	T	tiebreak	1000
2026-08-13T17:46:33Z	STANDOFF	3535	royale	224117	B	T	core_destroyed	196
2026-08-13T17:46:35Z	STANDOFF	3536	valkyrie	224117	A	T	core_destroyed	104
2026-08-13T17:46:37Z	STANDOFF	3537	valkyrie	224117	B	C	core_destroyed	126
2026-08-13T17:46:38Z	STANDOFF	3538	yulerune	224117	A	T	core_destroyed	159
2026-08-13T17:46:40Z	STANDOFF	3539	yulerune	224117	B	C	core_destroyed	204
2026-08-13T17:46:43Z	STANDOFF	3540	antler	224118	A	C	tiebreak	1000
2026-08-13T17:46:44Z	STANDOFF	3541	antler	224118	B	C	core_destroyed	195
2026-08-13T17:46:49Z	STANDOFF	3542	archipelago	224118	A	C	core_destroyed	487
2026-08-13T17:46:51Z	STANDOFF	3543	archipelago	224118	B	C	core_destroyed	103
2026-08-13T17:46:53Z	STANDOFF	3544	auroraveil	224118	A	T	core_destroyed	249
2026-08-13T17:46:55Z	STANDOFF	3545	auroraveil	224118	B	C	core_destroyed	252
2026-08-13T17:47:11Z	STANDOFF	3546	drakkarfjord	224118	A	C	tiebreak	1000
2026-08-13T17:47:18Z	STANDOFF	3547	drakkarfjord	224118	B	C	core_destroyed	511
2026-08-13T17:47:22Z	STANDOFF	3548	drumlin	224118	A	T	core_destroyed	486
2026-08-13T17:47:31Z	STANDOFF	3549	drumlin	224118	B	C	core_destroyed	463
2026-08-13T17:47:33Z	STANDOFF	3550	fjordgate	224118	A	C	core_destroyed	393
2026-08-13T17:47:35Z	STANDOFF	3551	fjordgate	224118	B	T	core_destroyed	289
2026-08-13T17:47:36Z	STANDOFF	3552	frostgate	224118	A	C	core_destroyed	237
2026-08-13T17:47:39Z	STANDOFF	3553	frostgate	224118	B	T	core_destroyed	302
2026-08-13T17:47:42Z	STANDOFF	3554	glacierkeep	224118	A	T	core_destroyed	209
2026-08-13T17:47:47Z	STANDOFF	3555	glacierkeep	224118	B	T	core_destroyed	693
2026-08-13T17:47:48Z	STANDOFF	3556	icefloe	224118	A	T	core_destroyed	159
2026-08-13T17:47:52Z	STANDOFF	3557	icefloe	224118	B	T	core_destroyed	331
2026-08-13T17:47:54Z	STANDOFF	3558	midgard	224118	A	T	core_destroyed	144
2026-08-13T17:47:57Z	STANDOFF	3559	midgard	224118	B	C	core_destroyed	175
2026-08-13T17:47:59Z	STANDOFF	3560	nordkap	224118	A	T	core_destroyed	214
2026-08-13T17:48:00Z	STANDOFF	3561	nordkap	224118	B	C	core_destroyed	127
2026-08-13T17:48:04Z	STANDOFF	3562	ragnarok	224118	A	T	core_destroyed	218
2026-08-13T17:48:07Z	STANDOFF	3563	ragnarok	224118	B	C	core_destroyed	169
2026-08-13T17:48:10Z	STANDOFF	3564	royale	224118	A	C	core_destroyed	373
2026-08-13T17:48:11Z	STANDOFF	3565	royale	224118	B	T	core_destroyed	117
2026-08-13T17:48:15Z	STANDOFF	3566	valkyrie	224118	A	T	core_destroyed	236
2026-08-13T17:48:19Z	STANDOFF	3567	valkyrie	224118	B	T	core_destroyed	252
2026-08-13T17:48:22Z	STANDOFF	3568	yulerune	224118	A	T	core_destroyed	386
2026-08-13T17:48:24Z	STANDOFF	3569	yulerune	224118	B	C	core_destroyed	301
2026-08-13T17:48:26Z	STANDOFF	3570	antler	224119	A	T	core_destroyed	130
2026-08-13T17:48:28Z	STANDOFF	3571	antler	224119	B	C	core_destroyed	231
2026-08-13T17:48:30Z	STANDOFF	3572	archipelago	224119	A	T	core_destroyed	341
2026-08-13T17:48:33Z	STANDOFF	3573	archipelago	224119	B	T	core_destroyed	156
2026-08-13T17:48:35Z	STANDOFF	3574	auroraveil	224119	A	C	core_destroyed	324
2026-08-13T17:48:36Z	STANDOFF	3575	auroraveil	224119	B	C	core_destroyed	148
2026-08-13T17:48:53Z	STANDOFF	3576	drakkarfjord	224119	A	T	tiebreak	1000
2026-08-13T17:48:55Z	STANDOFF	3577	drakkarfjord	224119	B	C	core_destroyed	264
2026-08-13T17:48:58Z	STANDOFF	3578	drumlin	224119	A	T	core_destroyed	205
2026-08-13T17:48:59Z	STANDOFF	3579	drumlin	224119	B	T	core_destroyed	114
2026-08-13T17:49:01Z	STANDOFF	3580	fjordgate	224119	A	T	core_destroyed	327
2026-08-13T17:49:02Z	STANDOFF	3581	fjordgate	224119	B	C	core_destroyed	100
2026-08-13T17:49:04Z	STANDOFF	3582	frostgate	224119	A	C	core_destroyed	446
2026-08-13T17:49:07Z	STANDOFF	3583	frostgate	224119	B	C	core_destroyed	320
2026-08-13T17:49:12Z	STANDOFF	3584	glacierkeep	224119	A	T	core_destroyed	383
2026-08-13T17:49:14Z	STANDOFF	3585	glacierkeep	224119	B	C	core_destroyed	224
2026-08-13T17:49:15Z	STANDOFF	3586	icefloe	224119	A	C	core_destroyed	144
2026-08-13T17:49:17Z	STANDOFF	3587	icefloe	224119	B	C	core_destroyed	133
2026-08-13T17:49:21Z	STANDOFF	3588	midgard	224119	A	T	core_destroyed	156
2026-08-13T17:49:24Z	STANDOFF	3589	midgard	224119	B	C	core_destroyed	229
2026-08-13T17:49:25Z	STANDOFF	3590	nordkap	224119	A	C	core_destroyed	185
2026-08-13T17:49:26Z	STANDOFF	3591	nordkap	224119	B	C	core_destroyed	240
2026-08-13T17:49:33Z	STANDOFF	3592	ragnarok	224119	A	C	core_destroyed	342
2026-08-13T17:49:37Z	STANDOFF	3593	ragnarok	224119	B	T	core_destroyed	222
2026-08-13T17:49:39Z	STANDOFF	3594	royale	224119	A	T	core_destroyed	273
2026-08-13T17:49:43Z	STANDOFF	3595	royale	224119	B	C	core_destroyed	797
2026-08-13T17:49:46Z	STANDOFF	3596	valkyrie	224119	A	C	core_destroyed	231
2026-08-13T17:49:50Z	STANDOFF	3597	valkyrie	224119	B	C	core_destroyed	269
2026-08-13T17:49:53Z	STANDOFF	3598	yulerune	224119	A	C	core_destroyed	334
2026-08-13T17:49:55Z	STANDOFF	3599	yulerune	224119	B	C	core_destroyed	184
2026-08-13T17:49:57Z	STANDOFF	3600	antler	224120	A	C	core_destroyed	389
2026-08-13T17:49:59Z	STANDOFF	3601	antler	224120	B	C	core_destroyed	666
2026-08-13T17:50:01Z	STANDOFF	3602	archipelago	224120	A	C	core_destroyed	77
2026-08-13T17:50:04Z	STANDOFF	3603	archipelago	224120	B	C	core_destroyed	328
2026-08-13T17:50:08Z	STANDOFF	3604	auroraveil	224120	A	T	tiebreak	1000
2026-08-13T17:50:11Z	STANDOFF	3605	auroraveil	224120	B	T	core_destroyed	307
2026-08-13T17:50:18Z	STANDOFF	3606	drakkarfjord	224120	A	T	core_destroyed	401
2026-08-13T17:50:20Z	STANDOFF	3607	drakkarfjord	224120	B	C	core_destroyed	116
2026-08-13T17:50:26Z	STANDOFF	3608	drumlin	224120	A	T	tiebreak	1000
2026-08-13T17:50:28Z	STANDOFF	3609	drumlin	224120	B	C	core_destroyed	383
2026-08-13T17:50:29Z	STANDOFF	3610	fjordgate	224120	A	T	core_destroyed	253
2026-08-13T17:50:30Z	STANDOFF	3611	fjordgate	224120	B	C	core_destroyed	485
2026-08-13T17:50:31Z	STANDOFF	3612	frostgate	224120	A	C	core_destroyed	237
2026-08-13T17:50:34Z	STANDOFF	3613	frostgate	224120	B	C	core_destroyed	366
2026-08-13T17:50:38Z	STANDOFF	3614	glacierkeep	224120	A	T	core_destroyed	371
2026-08-13T17:50:40Z	STANDOFF	3615	glacierkeep	224120	B	C	core_destroyed	173
2026-08-13T17:50:42Z	STANDOFF	3616	icefloe	224120	A	T	core_destroyed	151
2026-08-13T17:50:44Z	STANDOFF	3617	icefloe	224120	B	T	core_destroyed	262
2026-08-13T17:50:46Z	STANDOFF	3618	midgard	224120	A	T	core_destroyed	75
2026-08-13T17:50:51Z	STANDOFF	3619	midgard	224120	B	C	core_destroyed	203
2026-08-13T17:50:52Z	STANDOFF	3620	nordkap	224120	A	C	core_destroyed	290
2026-08-13T17:50:54Z	STANDOFF	3621	nordkap	224120	B	C	core_destroyed	305
2026-08-13T17:50:59Z	STANDOFF	3622	ragnarok	224120	A	C	core_destroyed	144
2026-08-13T17:51:01Z	STANDOFF	3623	ragnarok	224120	B	C	core_destroyed	169
2026-08-13T17:51:02Z	STANDOFF	3624	royale	224120	A	C	core_destroyed	145
2026-08-13T17:51:04Z	STANDOFF	3625	royale	224120	B	C	core_destroyed	317
2026-08-13T17:51:08Z	STANDOFF	3626	valkyrie	224120	A	T	core_destroyed	500
2026-08-13T17:51:12Z	STANDOFF	3627	valkyrie	224120	B	C	core_destroyed	197
2026-08-13T17:51:15Z	STANDOFF	3628	yulerune	224120	A	C	core_destroyed	264
2026-08-13T17:51:16Z	STANDOFF	3629	yulerune	224120	B	C	core_destroyed	141
2026-08-13T17:51:18Z	STANDOFF	3630	antler	224121	A	T	core_destroyed	180
2026-08-13T17:51:19Z	STANDOFF	3631	antler	224121	B	C	core_destroyed	261
2026-08-13T17:51:22Z	STANDOFF	3632	archipelago	224121	A	T	core_destroyed	191
2026-08-13T17:51:25Z	STANDOFF	3633	archipelago	224121	B	T	core_destroyed	189
2026-08-13T17:51:27Z	STANDOFF	3634	auroraveil	224121	A	C	core_destroyed	139
2026-08-13T17:51:34Z	STANDOFF	3635	auroraveil	224121	B	C	tiebreak	1000
2026-08-13T17:51:46Z	STANDOFF	3636	drakkarfjord	224121	A	C	core_destroyed	881
2026-08-13T17:51:47Z	STANDOFF	3637	drakkarfjord	224121	B	T	core_destroyed	108
2026-08-13T17:51:54Z	STANDOFF	3638	drumlin	224121	A	C	core_destroyed	845
2026-08-13T17:51:58Z	STANDOFF	3639	drumlin	224121	B	C	core_destroyed	377
2026-08-13T17:52:00Z	STANDOFF	3640	fjordgate	224121	A	T	core_destroyed	828
2026-08-13T17:52:01Z	STANDOFF	3641	fjordgate	224121	B	C	core_destroyed	148
2026-08-13T17:52:03Z	STANDOFF	3642	frostgate	224121	A	T	core_destroyed	297
2026-08-13T17:52:06Z	STANDOFF	3643	frostgate	224121	B	C	core_destroyed	385
2026-08-13T17:52:09Z	STANDOFF	3644	glacierkeep	224121	A	C	core_destroyed	204
2026-08-13T17:52:10Z	STANDOFF	3645	glacierkeep	224121	B	C	core_destroyed	151
2026-08-13T17:52:13Z	STANDOFF	3646	icefloe	224121	A	C	core_destroyed	254
2026-08-13T17:52:16Z	STANDOFF	3647	icefloe	224121	B	C	core_destroyed	216
2026-08-13T17:52:18Z	STANDOFF	3648	midgard	224121	A	T	core_destroyed	98
2026-08-13T17:52:21Z	STANDOFF	3649	midgard	224121	B	C	core_destroyed	143
2026-08-13T17:52:23Z	STANDOFF	3650	nordkap	224121	A	C	core_destroyed	174
2026-08-13T17:52:24Z	STANDOFF	3651	nordkap	224121	B	T	core_destroyed	150
2026-08-13T17:52:33Z	STANDOFF	3652	ragnarok	224121	A	C	core_destroyed	490
2026-08-13T17:52:44Z	STANDOFF	3653	ragnarok	224121	B	C	core_destroyed	401
2026-08-13T17:52:48Z	STANDOFF	3654	royale	224121	A	C	tiebreak	1000
2026-08-13T17:52:50Z	STANDOFF	3655	royale	224121	B	T	core_destroyed	250
2026-08-13T17:52:52Z	STANDOFF	3656	valkyrie	224121	A	T	core_destroyed	130
2026-08-13T17:52:56Z	STANDOFF	3657	valkyrie	224121	B	T	core_destroyed	256
2026-08-13T17:53:00Z	STANDOFF	3658	yulerune	224121	A	C	core_destroyed	367
2026-08-13T17:53:02Z	STANDOFF	3659	yulerune	224121	B	C	core_destroyed	204
2026-08-13T17:53:03Z	STANDOFF	3660	antler	224122	A	T	core_destroyed	314
2026-08-13T17:53:06Z	STANDOFF	3661	antler	224122	B	T	tiebreak	1000
2026-08-13T17:53:08Z	STANDOFF	3662	archipelago	224122	A	T	core_destroyed	119
2026-08-13T17:53:10Z	STANDOFF	3663	archipelago	224122	B	T	core_destroyed	84
2026-08-13T17:53:11Z	STANDOFF	3664	auroraveil	224122	A	C	core_destroyed	156
2026-08-13T17:53:13Z	STANDOFF	3665	auroraveil	224122	B	C	core_destroyed	148
2026-08-13T17:53:15Z	STANDOFF	3666	drakkarfjord	224122	A	T	core_destroyed	194
2026-08-13T17:53:17Z	STANDOFF	3667	drakkarfjord	224122	B	C	core_destroyed	185
2026-08-13T17:53:19Z	STANDOFF	3668	drumlin	224122	A	C	core_destroyed	154
2026-08-13T17:53:21Z	STANDOFF	3669	drumlin	224122	B	C	core_destroyed	168
2026-08-13T17:53:22Z	STANDOFF	3670	fjordgate	224122	A	T	core_destroyed	198
2026-08-13T17:53:24Z	STANDOFF	3671	fjordgate	224122	B	T	core_destroyed	500
2026-08-13T17:53:25Z	STANDOFF	3672	frostgate	224122	A	C	core_destroyed	120
2026-08-13T17:53:27Z	STANDOFF	3673	frostgate	224122	B	T	core_destroyed	162
2026-08-13T17:53:31Z	STANDOFF	3674	glacierkeep	224122	A	T	core_destroyed	723
2026-08-13T17:53:37Z	STANDOFF	3675	glacierkeep	224122	B	C	core_destroyed	449
2026-08-13T17:53:42Z	STANDOFF	3676	icefloe	224122	A	T	core_destroyed	416
2026-08-13T17:53:49Z	STANDOFF	3677	icefloe	224122	B	T	tiebreak	1000
2026-08-13T17:53:52Z	STANDOFF	3678	midgard	224122	A	T	core_destroyed	143
2026-08-13T17:53:55Z	STANDOFF	3679	midgard	224122	B	T	core_destroyed	135
2026-08-13T17:53:56Z	STANDOFF	3680	nordkap	224122	A	C	core_destroyed	237
2026-08-13T17:53:59Z	STANDOFF	3681	nordkap	224122	B	T	tiebreak	1000
2026-08-13T17:54:02Z	STANDOFF	3682	ragnarok	224122	A	T	core_destroyed	129
2026-08-13T17:54:06Z	STANDOFF	3683	ragnarok	224122	B	T	core_destroyed	285
2026-08-13T17:54:07Z	STANDOFF	3684	royale	224122	A	C	core_destroyed	132
2026-08-13T17:54:12Z	STANDOFF	3685	royale	224122	B	C	tiebreak	1000
2026-08-13T17:54:14Z	STANDOFF	3686	valkyrie	224122	A	C	core_destroyed	188
2026-08-13T17:54:16Z	STANDOFF	3687	valkyrie	224122	B	T	core_destroyed	89
2026-08-13T17:54:20Z	STANDOFF	3688	yulerune	224122	A	C	core_destroyed	387
2026-08-13T17:54:24Z	STANDOFF	3689	yulerune	224122	B	C	core_destroyed	326
2026-08-13T17:54:25Z	STANDOFF	3690	antler	224123	A	T	core_destroyed	188
2026-08-13T17:54:27Z	STANDOFF	3691	antler	224123	B	T	core_destroyed	269
2026-08-13T17:54:31Z	STANDOFF	3692	archipelago	224123	A	T	core_destroyed	231
2026-08-13T17:54:33Z	STANDOFF	3693	archipelago	224123	B	C	core_destroyed	117
2026-08-13T17:54:34Z	STANDOFF	3694	auroraveil	224123	A	T	core_destroyed	326
2026-08-13T17:54:37Z	STANDOFF	3695	auroraveil	224123	B	C	tiebreak	1000
2026-08-13T17:54:49Z	STANDOFF	3696	drakkarfjord	224123	A	C	core_destroyed	669
2026-08-13T17:54:52Z	STANDOFF	3697	drakkarfjord	224123	B	T	core_destroyed	191
2026-08-13T17:55:01Z	STANDOFF	3698	drumlin	224123	A	T	core_destroyed	448
2026-08-13T17:55:02Z	STANDOFF	3699	drumlin	224123	B	C	core_destroyed	170
2026-08-13T17:55:04Z	STANDOFF	3700	fjordgate	224123	A	C	core_destroyed	308
2026-08-13T17:55:05Z	STANDOFF	3701	fjordgate	224123	B	T	core_destroyed	168
2026-08-13T17:55:10Z	STANDOFF	3702	frostgate	224123	A	C	core_destroyed	587
2026-08-13T17:55:11Z	STANDOFF	3703	frostgate	224123	B	C	core_destroyed	542
2026-08-13T17:55:14Z	STANDOFF	3704	glacierkeep	224123	A	T	core_destroyed	337
2026-08-13T17:55:16Z	STANDOFF	3705	glacierkeep	224123	B	C	core_destroyed	137
2026-08-13T17:55:18Z	STANDOFF	3706	icefloe	224123	A	T	core_destroyed	314
2026-08-13T17:55:20Z	STANDOFF	3707	icefloe	224123	B	T	core_destroyed	183
2026-08-13T17:55:23Z	STANDOFF	3708	midgard	224123	A	T	core_destroyed	112
2026-08-13T17:55:29Z	STANDOFF	3709	midgard	224123	B	C	core_destroyed	244
2026-08-13T17:55:31Z	STANDOFF	3710	nordkap	224123	A	T	core_destroyed	523
2026-08-13T17:55:38Z	STANDOFF	3711	nordkap	224123	B	T	core_destroyed	864
2026-08-13T17:55:41Z	STANDOFF	3712	ragnarok	224123	A	T	core_destroyed	131
2026-08-13T17:55:43Z	STANDOFF	3713	ragnarok	224123	B	C	core_destroyed	130
2026-08-13T17:55:44Z	STANDOFF	3714	royale	224123	A	T	core_destroyed	170
2026-08-13T17:55:45Z	STANDOFF	3715	royale	224123	B	T	core_destroyed	337
2026-08-13T17:56:00Z	STANDOFF	3716	valkyrie	224123	A	C	tiebreak	1000
2026-08-13T17:56:02Z	STANDOFF	3717	valkyrie	224123	B	T	core_destroyed	139
2026-08-13T17:56:04Z	STANDOFF	3718	yulerune	224123	A	C	core_destroyed	230
2026-08-13T17:56:06Z	STANDOFF	3719	yulerune	224123	B	T	core_destroyed	239
2026-08-13T17:56:08Z	STANDOFF	3720	antler	224124	A	T	core_destroyed	202
2026-08-13T17:56:09Z	STANDOFF	3721	antler	224124	B	C	core_destroyed	148
2026-08-13T17:56:13Z	STANDOFF	3722	archipelago	224124	A	C	core_destroyed	161
2026-08-13T17:56:17Z	STANDOFF	3723	archipelago	224124	B	T	core_destroyed	360
2026-08-13T17:56:19Z	STANDOFF	3724	auroraveil	224124	A	T	core_destroyed	152
2026-08-13T17:56:20Z	STANDOFF	3725	auroraveil	224124	B	C	core_destroyed	212
2026-08-13T17:56:35Z	STANDOFF	3726	drakkarfjord	224124	A	C	core_destroyed	915
2026-08-13T17:56:42Z	STANDOFF	3727	drakkarfjord	224124	B	T	core_destroyed	395
2026-08-13T17:56:45Z	STANDOFF	3728	drumlin	224124	A	T	core_destroyed	273
2026-08-13T17:56:47Z	STANDOFF	3729	drumlin	224124	B	C	core_destroyed	130
2026-08-13T17:56:48Z	STANDOFF	3730	fjordgate	224124	A	C	core_destroyed	377
2026-08-13T17:56:49Z	STANDOFF	3731	fjordgate	224124	B	T	core_destroyed	271
2026-08-13T17:56:51Z	STANDOFF	3732	frostgate	224124	A	T	core_destroyed	154
2026-08-13T17:56:54Z	STANDOFF	3733	frostgate	224124	B	T	core_destroyed	271
2026-08-13T17:56:59Z	STANDOFF	3734	glacierkeep	224124	A	T	core_destroyed	427
2026-08-13T17:57:01Z	STANDOFF	3735	glacierkeep	224124	B	T	core_destroyed	196
2026-08-13T17:57:04Z	STANDOFF	3736	icefloe	224124	A	T	core_destroyed	232
2026-08-13T17:57:07Z	STANDOFF	3737	icefloe	224124	B	C	core_destroyed	236
2026-08-13T17:57:09Z	STANDOFF	3738	midgard	224124	A	T	core_destroyed	126
2026-08-13T17:57:19Z	STANDOFF	3739	midgard	224124	B	T	tiebreak	1000
2026-08-13T17:57:21Z	STANDOFF	3740	nordkap	224124	A	C	core_destroyed	226
2026-08-13T17:57:23Z	STANDOFF	3741	nordkap	224124	B	C	core_destroyed	316
2026-08-13T17:57:25Z	STANDOFF	3742	ragnarok	224124	A	T	core_destroyed	136
2026-08-13T17:57:28Z	STANDOFF	3743	ragnarok	224124	B	T	core_destroyed	203
2026-08-13T17:57:30Z	STANDOFF	3744	royale	224124	A	T	core_destroyed	256
2026-08-13T17:57:32Z	STANDOFF	3745	royale	224124	B	T	core_destroyed	312
2026-08-13T17:57:34Z	STANDOFF	3746	valkyrie	224124	A	C	core_destroyed	114
2026-08-13T17:57:37Z	STANDOFF	3747	valkyrie	224124	B	T	core_destroyed	231
2026-08-13T17:57:42Z	STANDOFF	3748	yulerune	224124	A	T	core_destroyed	353
2026-08-13T17:57:45Z	STANDOFF	3749	yulerune	224124	B	C	core_destroyed	267
2026-08-13T17:57:47Z	STANDOFF	3750	antler	224125	A	C	core_destroyed	198
2026-08-13T17:57:49Z	STANDOFF	3751	antler	224125	B	C	core_destroyed	386
2026-08-13T17:57:50Z	STANDOFF	3752	archipelago	224125	A	C	core_destroyed	91
2026-08-13T17:57:53Z	STANDOFF	3753	archipelago	224125	B	T	core_destroyed	160
2026-08-13T17:57:54Z	STANDOFF	3754	auroraveil	224125	A	C	core_destroyed	130
2026-08-13T17:57:56Z	STANDOFF	3755	auroraveil	224125	B	C	core_destroyed	137
2026-08-13T17:58:00Z	STANDOFF	3756	drakkarfjord	224125	A	T	core_destroyed	441
2026-08-13T17:58:02Z	STANDOFF	3757	drakkarfjord	224125	B	T	core_destroyed	162
2026-08-13T17:58:07Z	STANDOFF	3758	drumlin	224125	A	T	core_destroyed	875
2026-08-13T17:58:10Z	STANDOFF	3759	drumlin	224125	B	T	core_destroyed	251
2026-08-13T17:58:11Z	STANDOFF	3760	fjordgate	224125	A	T	core_destroyed	249
2026-08-13T17:58:13Z	STANDOFF	3761	fjordgate	224125	B	T	core_destroyed	442
2026-08-13T17:58:14Z	STANDOFF	3762	frostgate	224125	A	T	core_destroyed	214
2026-08-13T17:58:15Z	STANDOFF	3763	frostgate	224125	B	C	core_destroyed	114
2026-08-13T17:58:17Z	STANDOFF	3764	glacierkeep	224125	A	C	core_destroyed	168
2026-08-13T17:58:21Z	STANDOFF	3765	glacierkeep	224125	B	C	core_destroyed	306
2026-08-13T17:58:23Z	STANDOFF	3766	icefloe	224125	A	T	core_destroyed	122
2026-08-13T17:58:26Z	STANDOFF	3767	icefloe	224125	B	C	core_destroyed	272
2026-08-13T17:58:29Z	STANDOFF	3768	midgard	224125	A	T	core_destroyed	140
2026-08-13T17:58:31Z	STANDOFF	3769	midgard	224125	B	T	core_destroyed	153
2026-08-13T17:58:34Z	STANDOFF	3770	nordkap	224125	A	C	tiebreak	1000
2026-08-13T17:58:35Z	STANDOFF	3771	nordkap	224125	B	C	core_destroyed	145
2026-08-13T17:58:38Z	STANDOFF	3772	ragnarok	224125	A	T	core_destroyed	164
2026-08-13T17:58:41Z	STANDOFF	3773	ragnarok	224125	B	T	core_destroyed	174
2026-08-13T17:58:43Z	STANDOFF	3774	royale	224125	A	T	core_destroyed	538
2026-08-13T17:58:44Z	STANDOFF	3775	royale	224125	B	T	core_destroyed	134
2026-08-13T17:58:47Z	STANDOFF	3776	valkyrie	224125	A	C	core_destroyed	204
2026-08-13T17:58:51Z	STANDOFF	3777	valkyrie	224125	B	C	tiebreak	1000
2026-08-13T17:58:55Z	STANDOFF	3778	yulerune	224125	A	C	core_destroyed	269
2026-08-13T17:58:57Z	STANDOFF	3779	yulerune	224125	B	T	core_destroyed	194
2026-08-13T17:58:59Z	STANDOFF	3780	antler	224126	A	T	core_destroyed	336
2026-08-13T17:59:01Z	STANDOFF	3781	antler	224126	B	C	core_destroyed	417
2026-08-13T17:59:06Z	STANDOFF	3782	archipelago	224126	A	T	core_destroyed	295
2026-08-13T17:59:08Z	STANDOFF	3783	archipelago	224126	B	T	core_destroyed	184
2026-08-13T17:59:11Z	STANDOFF	3784	auroraveil	224126	A	T	core_destroyed	248
2026-08-13T17:59:12Z	STANDOFF	3785	auroraveil	224126	B	C	core_destroyed	109
2026-08-13T17:59:17Z	STANDOFF	3786	drakkarfjord	224126	A	T	core_destroyed	278
2026-08-13T17:59:18Z	STANDOFF	3787	drakkarfjord	224126	B	T	core_destroyed	109
2026-08-13T17:59:23Z	STANDOFF	3788	drumlin	224126	A	T	core_destroyed	336
2026-08-13T17:59:25Z	STANDOFF	3789	drumlin	224126	B	C	core_destroyed	239
2026-08-13T17:59:27Z	STANDOFF	3790	fjordgate	224126	A	C	core_destroyed	165
2026-08-13T17:59:29Z	STANDOFF	3791	fjordgate	224126	B	C	tiebreak	1000
2026-08-13T17:59:31Z	STANDOFF	3792	frostgate	224126	A	C	core_destroyed	159
2026-08-13T17:59:33Z	STANDOFF	3793	frostgate	224126	B	C	core_destroyed	246
2026-08-13T17:59:38Z	STANDOFF	3794	glacierkeep	224126	A	T	tiebreak	1000
2026-08-13T17:59:39Z	STANDOFF	3795	glacierkeep	224126	B	C	core_destroyed	166
2026-08-13T17:59:42Z	STANDOFF	3796	icefloe	224126	A	T	core_destroyed	261
2026-08-13T17:59:44Z	STANDOFF	3797	icefloe	224126	B	C	core_destroyed	184
2026-08-13T17:59:46Z	STANDOFF	3798	midgard	224126	A	T	core_destroyed	79
2026-08-13T17:59:48Z	STANDOFF	3799	midgard	224126	B	C	core_destroyed	117
2026-08-13T17:59:50Z	STANDOFF	3800	nordkap	224126	A	T	core_destroyed	160
2026-08-13T17:59:54Z	STANDOFF	3801	nordkap	224126	B	T	core_destroyed	820
2026-08-13T17:59:57Z	STANDOFF	3802	ragnarok	224126	A	T	core_destroyed	164
2026-08-13T18:00:00Z	STANDOFF	3803	ragnarok	224126	B	C	core_destroyed	122
2026-08-13T18:00:01Z	STANDOFF	3804	royale	224126	A	T	core_destroyed	401
2026-08-13T18:00:03Z	STANDOFF	3805	royale	224126	B	T	tiebreak	1000
2026-08-13T18:00:06Z	STANDOFF	3806	valkyrie	224126	A	T	core_destroyed	228
2026-08-13T18:00:08Z	STANDOFF	3807	valkyrie	224126	B	T	core_destroyed	123
2026-08-13T18:00:11Z	STANDOFF	3808	yulerune	224126	A	T	core_destroyed	313
2026-08-13T18:00:14Z	STANDOFF	3809	yulerune	224126	B	C	core_destroyed	267
2026-08-13T18:00:16Z	STANDOFF	3810	antler	224127	A	C	core_destroyed	395
2026-08-13T18:00:17Z	STANDOFF	3811	antler	224127	B	T	core_destroyed	165
2026-08-13T18:00:20Z	STANDOFF	3812	archipelago	224127	A	C	core_destroyed	262
2026-08-13T18:00:22Z	STANDOFF	3813	archipelago	224127	B	T	core_destroyed	185
2026-08-13T18:00:23Z	STANDOFF	3814	auroraveil	224127	A	T	core_destroyed	145
2026-08-13T18:00:26Z	STANDOFF	3815	auroraveil	224127	B	C	core_destroyed	196
2026-08-13T18:00:37Z	STANDOFF	3816	drakkarfjord	224127	A	T	tiebreak	1000
2026-08-13T18:00:42Z	STANDOFF	3817	drakkarfjord	224127	B	T	core_destroyed	356
2026-08-13T18:00:44Z	STANDOFF	3818	drumlin	224127	A	T	core_destroyed	329
2026-08-13T18:00:47Z	STANDOFF	3819	drumlin	224127	B	C	tiebreak	1000
2026-08-13T18:00:48Z	STANDOFF	3820	fjordgate	224127	A	C	core_destroyed	126
2026-08-13T18:00:49Z	STANDOFF	3821	fjordgate	224127	B	T	core_destroyed	150
2026-08-13T18:00:51Z	STANDOFF	3822	frostgate	224127	A	C	core_destroyed	251
2026-08-13T18:00:53Z	STANDOFF	3823	frostgate	224127	B	T	core_destroyed	246
2026-08-13T18:00:55Z	STANDOFF	3824	glacierkeep	224127	A	T	core_destroyed	201
2026-08-13T18:00:57Z	STANDOFF	3825	glacierkeep	224127	B	C	core_destroyed	190
2026-08-13T18:00:59Z	STANDOFF	3826	icefloe	224127	A	T	core_destroyed	132
2026-08-13T18:01:01Z	STANDOFF	3827	icefloe	224127	B	C	core_destroyed	182
2026-08-13T18:01:04Z	STANDOFF	3828	midgard	224127	A	T	core_destroyed	176
2026-08-13T18:01:11Z	STANDOFF	3829	midgard	224127	B	C	core_destroyed	329
2026-08-13T18:01:12Z	STANDOFF	3830	nordkap	224127	A	T	core_destroyed	256
2026-08-13T18:01:15Z	STANDOFF	3831	nordkap	224127	B	C	tiebreak	1000
2026-08-13T18:01:17Z	STANDOFF	3832	ragnarok	224127	A	T	core_destroyed	159
2026-08-13T18:01:21Z	STANDOFF	3833	ragnarok	224127	B	C	core_destroyed	277
2026-08-13T18:01:23Z	STANDOFF	3834	royale	224127	A	C	core_destroyed	194
2026-08-13T18:01:24Z	STANDOFF	3835	royale	224127	B	T	core_destroyed	144
2026-08-13T18:01:38Z	STANDOFF	3836	valkyrie	224127	A	C	tiebreak	1000
2026-08-13T18:01:58Z	STANDOFF	3837	valkyrie	224127	B	T	tiebreak	1000
2026-08-13T18:02:00Z	STANDOFF	3838	yulerune	224127	A	C	core_destroyed	219
2026-08-13T18:02:04Z	STANDOFF	3839	yulerune	224127	B	T	core_destroyed	329
2026-08-13T18:02:05Z	STANDOFF	3840	antler	224128	A	T	core_destroyed	186
2026-08-13T18:02:07Z	STANDOFF	3841	antler	224128	B	T	core_destroyed	460
2026-08-13T18:02:09Z	STANDOFF	3842	archipelago	224128	A	C	core_destroyed	205
2026-08-13T18:02:12Z	STANDOFF	3843	archipelago	224128	B	T	core_destroyed	170
2026-08-13T18:02:16Z	STANDOFF	3844	auroraveil	224128	A	C	core_destroyed	709
2026-08-13T18:02:17Z	STANDOFF	3845	auroraveil	224128	B	T	core_destroyed	204
2026-08-13T18:02:19Z	STANDOFF	3846	drakkarfjord	224128	A	T	core_destroyed	112
2026-08-13T18:02:24Z	STANDOFF	3847	drakkarfjord	224128	B	C	core_destroyed	432
2026-08-13T18:02:26Z	STANDOFF	3848	drumlin	224128	A	C	core_destroyed	162
2026-08-13T18:02:27Z	STANDOFF	3849	drumlin	224128	B	C	core_destroyed	120
2026-08-13T18:02:28Z	STANDOFF	3850	fjordgate	224128	A	T	core_destroyed	109
2026-08-13T18:02:29Z	STANDOFF	3851	fjordgate	224128	B	C	core_destroyed	188
2026-08-13T18:02:31Z	STANDOFF	3852	frostgate	224128	A	C	core_destroyed	159
2026-08-13T18:02:32Z	STANDOFF	3853	frostgate	224128	B	T	core_destroyed	344
2026-08-13T18:02:35Z	STANDOFF	3854	glacierkeep	224128	A	T	core_destroyed	310
2026-08-13T18:02:37Z	STANDOFF	3855	glacierkeep	224128	B	C	core_destroyed	305
2026-08-13T18:02:39Z	STANDOFF	3856	icefloe	224128	A	T	core_destroyed	138
2026-08-13T18:02:45Z	STANDOFF	3857	icefloe	224128	B	C	core_destroyed	537
2026-08-13T18:02:49Z	STANDOFF	3858	midgard	224128	A	C	tiebreak	1000
2026-08-13T18:02:51Z	STANDOFF	3859	midgard	224128	B	T	core_destroyed	135
2026-08-13T18:02:53Z	STANDOFF	3860	nordkap	224128	A	C	core_destroyed	203
2026-08-13T18:02:54Z	STANDOFF	3861	nordkap	224128	B	T	core_destroyed	150
2026-08-13T18:03:44Z	STANDOFF	3862	ragnarok	224128	A	C	tiebreak	1000
2026-08-13T18:04:36Z	STANDOFF	3863	ragnarok	224128	B	C	tiebreak	1000
2026-08-13T18:04:37Z	STANDOFF	3864	royale	224128	A	C	core_destroyed	243
2026-08-13T18:04:39Z	STANDOFF	3865	royale	224128	B	T	core_destroyed	425
2026-08-13T18:04:41Z	STANDOFF	3866	valkyrie	224128	A	C	core_destroyed	116
2026-08-13T18:04:44Z	STANDOFF	3867	valkyrie	224128	B	T	core_destroyed	181
2026-08-13T18:04:46Z	STANDOFF	3868	yulerune	224128	A	T	core_destroyed	191
2026-08-13T18:04:48Z	STANDOFF	3869	yulerune	224128	B	T	core_destroyed	154
2026-08-13T18:04:50Z	STANDOFF	3870	antler	224129	A	T	core_destroyed	318
2026-08-13T18:04:52Z	STANDOFF	3871	antler	224129	B	C	core_destroyed	162
2026-08-13T18:04:55Z	STANDOFF	3872	archipelago	224129	A	T	core_destroyed	163
2026-08-13T18:04:57Z	STANDOFF	3873	archipelago	224129	B	T	core_destroyed	145
2026-08-13T18:04:58Z	STANDOFF	3874	auroraveil	224129	A	T	core_destroyed	120
2026-08-13T18:04:59Z	STANDOFF	3875	auroraveil	224129	B	C	core_destroyed	161
2026-08-13T18:05:04Z	STANDOFF	3876	drakkarfjord	224129	A	T	core_destroyed	306
2026-08-13T18:05:08Z	STANDOFF	3877	drakkarfjord	224129	B	C	core_destroyed	253
2026-08-13T18:05:10Z	STANDOFF	3878	drumlin	224129	A	T	core_destroyed	116
2026-08-13T18:05:17Z	STANDOFF	3879	drumlin	224129	B	T	core_destroyed	500
2026-08-13T18:05:18Z	STANDOFF	3880	fjordgate	224129	A	C	core_destroyed	106
2026-08-13T18:05:20Z	STANDOFF	3881	fjordgate	224129	B	T	core_destroyed	281
2026-08-13T18:05:21Z	STANDOFF	3882	frostgate	224129	A	T	core_destroyed	221
2026-08-13T18:05:23Z	STANDOFF	3883	frostgate	224129	B	C	core_destroyed	268
2026-08-13T18:05:27Z	STANDOFF	3884	glacierkeep	224129	A	C	core_destroyed	486
2026-08-13T18:05:31Z	STANDOFF	3885	glacierkeep	224129	B	C	core_destroyed	333
2026-08-13T18:05:32Z	STANDOFF	3886	icefloe	224129	A	T	core_destroyed	106
2026-08-13T18:05:36Z	STANDOFF	3887	icefloe	224129	B	C	core_destroyed	406
2026-08-13T18:05:38Z	STANDOFF	3888	midgard	224129	A	T	core_destroyed	117
2026-08-13T18:05:40Z	STANDOFF	3889	midgard	224129	B	C	core_destroyed	98
2026-08-13T18:05:42Z	STANDOFF	3890	nordkap	224129	A	T	core_destroyed	225
2026-08-13T18:05:44Z	STANDOFF	3891	nordkap	224129	B	C	core_destroyed	236
2026-08-13T18:05:47Z	STANDOFF	3892	ragnarok	224129	A	T	core_destroyed	163
2026-08-13T18:05:49Z	STANDOFF	3893	ragnarok	224129	B	C	core_destroyed	130
2026-08-13T18:05:51Z	STANDOFF	3894	royale	224129	A	T	core_destroyed	300
2026-08-13T18:05:53Z	STANDOFF	3895	royale	224129	B	T	core_destroyed	344
2026-08-13T18:05:55Z	STANDOFF	3896	valkyrie	224129	A	T	core_destroyed	184
2026-08-13T18:05:59Z	STANDOFF	3897	valkyrie	224129	B	C	core_destroyed	227
2026-08-13T18:06:01Z	STANDOFF	3898	yulerune	224129	A	T	core_destroyed	198
2026-08-13T18:06:05Z	STANDOFF	3899	yulerune	224129	B	T	core_destroyed	287
2026-08-13T18:06:07Z	STANDOFF	3900	antler	224130	A	C	core_destroyed	222
2026-08-13T18:06:09Z	STANDOFF	3901	antler	224130	B	T	core_destroyed	208
2026-08-13T18:06:15Z	STANDOFF	3902	archipelago	224130	A	C	core_destroyed	306
2026-08-13T18:06:17Z	STANDOFF	3903	archipelago	224130	B	T	core_destroyed	137
2026-08-13T18:06:19Z	STANDOFF	3904	auroraveil	224130	A	C	core_destroyed	213
2026-08-13T18:06:20Z	STANDOFF	3905	auroraveil	224130	B	C	core_destroyed	161
2026-08-13T18:06:23Z	STANDOFF	3906	drakkarfjord	224130	A	C	core_destroyed	253
2026-08-13T18:06:26Z	STANDOFF	3907	drakkarfjord	224130	B	T	core_destroyed	397
2026-08-13T18:06:32Z	STANDOFF	3908	drumlin	224130	A	C	core_destroyed	491
2026-08-13T18:06:34Z	STANDOFF	3909	drumlin	224130	B	C	core_destroyed	390
2026-08-13T18:06:36Z	STANDOFF	3910	fjordgate	224130	A	T	core_destroyed	327
2026-08-13T18:06:37Z	STANDOFF	3911	fjordgate	224130	B	C	core_destroyed	280
2026-08-13T18:06:39Z	STANDOFF	3912	frostgate	224130	A	C	core_destroyed	429
2026-08-13T18:06:40Z	STANDOFF	3913	frostgate	224130	B	T	core_destroyed	178
2026-08-13T18:06:53Z	STANDOFF	3914	glacierkeep	224130	A	T	core_destroyed	945
2026-08-13T18:06:59Z	STANDOFF	3915	glacierkeep	224130	B	T	core_destroyed	461
2026-08-13T18:07:01Z	STANDOFF	3916	icefloe	224130	A	T	core_destroyed	252
2026-08-13T18:07:04Z	STANDOFF	3917	icefloe	224130	B	T	core_destroyed	214
2026-08-13T18:07:10Z	STANDOFF	3918	midgard	224130	A	C	core_destroyed	403
2026-08-13T18:07:12Z	STANDOFF	3919	midgard	224130	B	T	core_destroyed	88
2026-08-13T18:07:14Z	STANDOFF	3920	nordkap	224130	A	C	core_destroyed	302
2026-08-13T18:07:15Z	STANDOFF	3921	nordkap	224130	B	C	core_destroyed	284
2026-08-13T18:07:17Z	STANDOFF	3922	ragnarok	224130	A	T	core_destroyed	117
2026-08-13T18:08:07Z	STANDOFF	3923	ragnarok	224130	B	C	tiebreak	1000
2026-08-13T18:08:08Z	STANDOFF	3924	royale	224130	A	T	core_destroyed	244
2026-08-13T18:08:10Z	STANDOFF	3925	royale	224130	B	C	core_destroyed	223
2026-08-13T18:08:12Z	STANDOFF	3926	valkyrie	224130	A	C	core_destroyed	106
2026-08-13T18:08:14Z	STANDOFF	3927	valkyrie	224130	B	T	core_destroyed	151
2026-08-13T18:08:16Z	STANDOFF	3928	yulerune	224130	A	C	core_destroyed	150
2026-08-13T18:08:17Z	STANDOFF	3929	yulerune	224130	B	C	core_destroyed	213
2026-08-13T18:08:20Z	STANDOFF	3930	antler	224131	A	T	core_destroyed	406
2026-08-13T18:08:23Z	STANDOFF	3931	antler	224131	B	C	tiebreak	1000
2026-08-13T18:08:24Z	STANDOFF	3932	archipelago	224131	A	T	core_destroyed	129
2026-08-13T18:08:26Z	STANDOFF	3933	archipelago	224131	B	T	core_destroyed	116
2026-08-13T18:08:29Z	STANDOFF	3934	auroraveil	224131	A	T	tiebreak	1000
2026-08-13T18:08:35Z	STANDOFF	3935	auroraveil	224131	B	T	core_destroyed	485
2026-08-13T18:08:40Z	STANDOFF	3936	drakkarfjord	224131	A	C	core_destroyed	325
2026-08-13T18:08:43Z	STANDOFF	3937	drakkarfjord	224131	B	C	core_destroyed	271
2026-08-13T18:08:45Z	STANDOFF	3938	drumlin	224131	A	T	core_destroyed	166
2026-08-13T18:08:48Z	STANDOFF	3939	drumlin	224131	B	T	core_destroyed	226
2026-08-13T18:08:49Z	STANDOFF	3940	fjordgate	224131	A	T	core_destroyed	158
2026-08-13T18:08:50Z	STANDOFF	3941	fjordgate	224131	B	T	core_destroyed	150
2026-08-13T18:08:51Z	STANDOFF	3942	frostgate	224131	A	C	core_destroyed	413
2026-08-13T18:08:54Z	STANDOFF	3943	frostgate	224131	B	C	core_destroyed	695
2026-08-13T18:08:56Z	STANDOFF	3944	glacierkeep	224131	A	C	core_destroyed	528
2026-08-13T18:09:03Z	STANDOFF	3945	glacierkeep	224131	B	C	tiebreak	1000
2026-08-13T18:09:06Z	STANDOFF	3946	icefloe	224131	A	C	core_destroyed	322
2026-08-13T18:09:08Z	STANDOFF	3947	icefloe	224131	B	C	core_destroyed	180
2026-08-13T18:09:10Z	STANDOFF	3948	midgard	224131	A	T	core_destroyed	76
2026-08-13T18:09:12Z	STANDOFF	3949	midgard	224131	B	C	core_destroyed	97
2026-08-13T18:09:14Z	STANDOFF	3950	nordkap	224131	A	T	core_destroyed	242
2026-08-13T18:09:16Z	STANDOFF	3951	nordkap	224131	B	C	core_destroyed	157
2026-08-13T18:09:49Z	STANDOFF	3952	ragnarok	224131	A	C	tiebreak	1000
2026-08-13T18:09:51Z	STANDOFF	3953	ragnarok	224131	B	C	core_destroyed	133
2026-08-13T18:09:54Z	STANDOFF	3954	royale	224131	A	T	core_destroyed	484
2026-08-13T18:09:56Z	STANDOFF	3955	royale	224131	B	C	core_destroyed	820
2026-08-13T18:10:00Z	STANDOFF	3956	valkyrie	224131	A	T	core_destroyed	286
2026-08-13T18:10:04Z	STANDOFF	3957	valkyrie	224131	B	T	core_destroyed	347
2026-08-13T18:10:05Z	STANDOFF	3958	yulerune	224131	A	C	core_destroyed	157
2026-08-13T18:10:07Z	STANDOFF	3959	yulerune	224131	B	T	core_destroyed	141
2026-08-13T18:10:10Z	STANDOFF	3960	antler	224132	A	C	core_destroyed	424
2026-08-13T18:10:11Z	STANDOFF	3961	antler	224132	B	C	core_destroyed	237
2026-08-13T18:10:14Z	STANDOFF	3962	archipelago	224132	A	C	core_destroyed	507
2026-08-13T18:10:21Z	STANDOFF	3963	archipelago	224132	B	C	core_destroyed	585
2026-08-13T18:10:23Z	STANDOFF	3964	auroraveil	224132	A	T	core_destroyed	209
2026-08-13T18:10:24Z	STANDOFF	3965	auroraveil	224132	B	C	core_destroyed	281
2026-08-13T18:10:33Z	STANDOFF	3966	drakkarfjord	224132	A	T	core_destroyed	453
2026-08-13T18:10:35Z	STANDOFF	3967	drakkarfjord	224132	B	T	core_destroyed	137
2026-08-13T18:10:38Z	STANDOFF	3968	drumlin	224132	A	T	core_destroyed	264
2026-08-13T18:10:46Z	STANDOFF	3969	drumlin	224132	B	T	core_destroyed	720
2026-08-13T18:10:48Z	STANDOFF	3970	fjordgate	224132	A	C	core_destroyed	532
2026-08-13T18:10:50Z	STANDOFF	3971	fjordgate	224132	B	C	core_destroyed	799
2026-08-13T18:10:51Z	STANDOFF	3972	frostgate	224132	A	C	core_destroyed	273
2026-08-13T18:10:53Z	STANDOFF	3973	frostgate	224132	B	C	core_destroyed	325
2026-08-13T18:11:00Z	STANDOFF	3974	glacierkeep	224132	A	C	core_destroyed	568
2026-08-13T18:11:01Z	STANDOFF	3975	glacierkeep	224132	B	C	core_destroyed	142
2026-08-13T18:11:03Z	STANDOFF	3976	icefloe	224132	A	T	core_destroyed	217
2026-08-13T18:11:05Z	STANDOFF	3977	icefloe	224132	B	T	core_destroyed	232
2026-08-13T18:11:09Z	STANDOFF	3978	midgard	224132	A	C	core_destroyed	207
2026-08-13T18:11:11Z	STANDOFF	3979	midgard	224132	B	C	core_destroyed	81
2026-08-13T18:11:13Z	STANDOFF	3980	nordkap	224132	A	C	core_destroyed	172
2026-08-13T18:11:15Z	STANDOFF	3981	nordkap	224132	B	T	core_destroyed	270
2026-08-13T18:11:17Z	STANDOFF	3982	ragnarok	224132	A	C	core_destroyed	141
2026-08-13T18:11:22Z	STANDOFF	3983	ragnarok	224132	B	T	core_destroyed	224
2026-08-13T18:11:23Z	STANDOFF	3984	royale	224132	A	T	core_destroyed	258
2026-08-13T18:11:25Z	STANDOFF	3985	royale	224132	B	C	core_destroyed	94
2026-08-13T18:11:27Z	STANDOFF	3986	valkyrie	224132	A	C	core_destroyed	161
2026-08-13T18:11:28Z	STANDOFF	3987	valkyrie	224132	B	T	core_destroyed	88
2026-08-13T18:11:30Z	STANDOFF	3988	yulerune	224132	A	T	core_destroyed	136
2026-08-13T18:11:31Z	STANDOFF	3989	yulerune	224132	B	T	core_destroyed	160
2026-08-13T18:11:33Z	STANDOFF	3990	antler	224133	A	C	core_destroyed	245
2026-08-13T18:11:35Z	STANDOFF	3991	antler	224133	B	C	core_destroyed	180
2026-08-13T18:11:37Z	STANDOFF	3992	archipelago	224133	A	C	core_destroyed	112
2026-08-13T18:11:39Z	STANDOFF	3993	archipelago	224133	B	T	core_destroyed	133
2026-08-13T18:11:40Z	STANDOFF	3994	auroraveil	224133	A	T	core_destroyed	160
2026-08-13T18:11:44Z	STANDOFF	3995	auroraveil	224133	B	C	core_destroyed	724
2026-08-13T18:11:46Z	STANDOFF	3996	drakkarfjord	224133	A	T	core_destroyed	113
2026-08-13T18:11:56Z	STANDOFF	3997	drakkarfjord	224133	B	C	tiebreak	1000
2026-08-13T18:11:58Z	STANDOFF	3998	drumlin	224133	A	T	core_destroyed	180
2026-08-13T18:12:02Z	STANDOFF	3999	drumlin	224133	B	C	core_destroyed	392
2026-08-13T18:12:04Z	STANDOFF	4000	fjordgate	224133	A	T	tiebreak	1000
2026-08-13T18:12:06Z	STANDOFF	4001	fjordgate	224133	B	C	core_destroyed	543
2026-08-13T18:12:07Z	STANDOFF	4002	frostgate	224133	A	C	core_destroyed	134
2026-08-13T18:12:11Z	STANDOFF	4003	frostgate	224133	B	T	tiebreak	1000
2026-08-13T18:12:18Z	STANDOFF	4004	glacierkeep	224133	A	T	core_destroyed	853
2026-08-13T18:12:21Z	STANDOFF	4005	glacierkeep	224133	B	C	core_destroyed	547
2026-08-13T18:12:23Z	STANDOFF	4006	icefloe	224133	A	C	core_destroyed	234
2026-08-13T18:12:29Z	STANDOFF	4007	icefloe	224133	B	C	core_destroyed	473
2026-08-13T18:12:31Z	STANDOFF	4008	midgard	224133	A	T	core_destroyed	80
2026-08-13T18:12:34Z	STANDOFF	4009	midgard	224133	B	C	core_destroyed	156
2026-08-13T18:12:36Z	STANDOFF	4010	nordkap	224133	A	T	tiebreak	1000
2026-08-13T18:12:39Z	STANDOFF	4011	nordkap	224133	B	C	core_destroyed	436
2026-08-13T18:12:41Z	STANDOFF	4012	ragnarok	224133	A	T	core_destroyed	114
2026-08-13T18:12:45Z	STANDOFF	4013	ragnarok	224133	B	T	core_destroyed	208
2026-08-13T18:12:47Z	STANDOFF	4014	royale	224133	A	T	core_destroyed	254
2026-08-13T18:12:49Z	STANDOFF	4015	royale	224133	B	T	core_destroyed	561
2026-08-13T18:12:52Z	STANDOFF	4016	valkyrie	224133	A	T	core_destroyed	153
2026-08-13T18:12:57Z	STANDOFF	4017	valkyrie	224133	B	T	tiebreak	1000
2026-08-13T18:13:01Z	STANDOFF	4018	yulerune	224133	A	C	core_destroyed	408
2026-08-13T18:13:02Z	STANDOFF	4019	yulerune	224133	B	C	core_destroyed	125
2026-08-13T18:13:05Z	STANDOFF	4020	antler	224134	A	T	core_destroyed	316
2026-08-13T18:13:07Z	STANDOFF	4021	antler	224134	B	T	core_destroyed	147
2026-08-13T18:13:09Z	STANDOFF	4022	archipelago	224134	A	C	core_destroyed	127
2026-08-13T18:13:11Z	STANDOFF	4023	archipelago	224134	B	T	core_destroyed	131
2026-08-13T18:13:12Z	STANDOFF	4024	auroraveil	224134	A	C	core_destroyed	219
2026-08-13T18:13:15Z	STANDOFF	4025	auroraveil	224134	B	C	core_destroyed	436
2026-08-13T18:13:21Z	STANDOFF	4026	drakkarfjord	224134	A	T	core_destroyed	302
2026-08-13T18:13:31Z	STANDOFF	4027	drakkarfjord	224134	B	T	tiebreak	1000
2026-08-13T18:13:33Z	STANDOFF	4028	drumlin	224134	A	T	core_destroyed	222
2026-08-13T18:13:37Z	STANDOFF	4029	drumlin	224134	B	T	core_destroyed	290
2026-08-13T18:13:39Z	STANDOFF	4030	fjordgate	224134	A	T	tiebreak	1000
2026-08-13T18:13:44Z	STANDOFF	4031	fjordgate	224134	B	C	tiebreak	1000
2026-08-13T18:13:45Z	STANDOFF	4032	frostgate	224134	A	T	core_destroyed	337
2026-08-13T18:13:47Z	STANDOFF	4033	frostgate	224134	B	T	core_destroyed	225
2026-08-13T18:13:50Z	STANDOFF	4034	glacierkeep	224134	A	T	core_destroyed	281
2026-08-13T18:13:51Z	STANDOFF	4035	glacierkeep	224134	B	C	core_destroyed	189
2026-08-13T18:13:55Z	STANDOFF	4036	icefloe	224134	A	C	core_destroyed	359
2026-08-13T18:13:56Z	STANDOFF	4037	icefloe	224134	B	T	core_destroyed	103
2026-08-13T18:13:59Z	STANDOFF	4038	midgard	224134	A	C	core_destroyed	125
2026-08-13T18:14:01Z	STANDOFF	4039	midgard	224134	B	C	core_destroyed	89
2026-08-13T18:14:03Z	STANDOFF	4040	nordkap	224134	A	T	core_destroyed	184
2026-08-13T18:14:04Z	STANDOFF	4041	nordkap	224134	B	C	core_destroyed	290
2026-08-13T18:14:07Z	STANDOFF	4042	ragnarok	224134	A	C	core_destroyed	158
2026-08-13T18:14:10Z	STANDOFF	4043	ragnarok	224134	B	C	core_destroyed	138
2026-08-13T18:14:11Z	STANDOFF	4044	royale	224134	A	T	core_destroyed	198
2026-08-13T18:14:13Z	STANDOFF	4045	royale	224134	B	T	core_destroyed	192
2026-08-13T18:14:18Z	STANDOFF	4046	valkyrie	224134	A	C	core_destroyed	422
2026-08-13T18:14:21Z	STANDOFF	4047	valkyrie	224134	B	T	core_destroyed	255
2026-08-13T18:14:23Z	STANDOFF	4048	yulerune	224134	A	C	core_destroyed	148
2026-08-13T18:14:26Z	STANDOFF	4049	yulerune	224134	B	T	tiebreak	1000
2026-08-13T18:14:28Z	STANDOFF	4050	antler	224135	A	C	core_destroyed	171
2026-08-13T18:14:29Z	STANDOFF	4051	antler	224135	B	T	core_destroyed	218
2026-08-13T18:14:31Z	STANDOFF	4052	archipelago	224135	A	C	core_destroyed	97
2026-08-13T18:14:35Z	STANDOFF	4053	archipelago	224135	B	T	core_destroyed	457
2026-08-13T18:14:37Z	STANDOFF	4054	auroraveil	224135	A	C	core_destroyed	159
2026-08-13T18:14:38Z	STANDOFF	4055	auroraveil	224135	B	T	core_destroyed	173
2026-08-13T18:14:40Z	STANDOFF	4056	drakkarfjord	224135	A	C	core_destroyed	133
2026-08-13T18:14:44Z	STANDOFF	4057	drakkarfjord	224135	B	T	core_destroyed	283
2026-08-13T18:14:48Z	STANDOFF	4058	drumlin	224135	A	C	core_destroyed	280
2026-08-13T18:14:52Z	STANDOFF	4059	drumlin	224135	B	C	core_destroyed	460
2026-08-13T18:14:54Z	STANDOFF	4060	fjordgate	224135	A	C	core_destroyed	249
2026-08-13T18:14:55Z	STANDOFF	4061	fjordgate	224135	B	C	core_destroyed	196
2026-08-13T18:14:59Z	STANDOFF	4062	frostgate	224135	A	T	core_destroyed	384
2026-08-13T18:15:00Z	STANDOFF	4063	frostgate	224135	B	T	core_destroyed	141
2026-08-13T18:15:02Z	STANDOFF	4064	glacierkeep	224135	A	T	core_destroyed	150
2026-08-13T18:15:04Z	STANDOFF	4065	glacierkeep	224135	B	C	core_destroyed	230
2026-08-13T18:15:05Z	STANDOFF	4066	icefloe	224135	A	T	core_destroyed	151
2026-08-13T18:15:10Z	STANDOFF	4067	icefloe	224135	B	T	core_destroyed	428
2026-08-13T18:15:13Z	STANDOFF	4068	midgard	224135	A	C	core_destroyed	142
2026-08-13T18:15:15Z	STANDOFF	4069	midgard	224135	B	C	core_destroyed	125
2026-08-13T18:15:17Z	STANDOFF	4070	nordkap	224135	A	T	core_destroyed	296
2026-08-13T18:15:19Z	STANDOFF	4071	nordkap	224135	B	T	core_destroyed	627
2026-08-13T18:15:28Z	STANDOFF	4072	ragnarok	224135	A	C	core_destroyed	258
2026-08-13T18:15:38Z	STANDOFF	4073	ragnarok	224135	B	T	core_destroyed	285
2026-08-13T18:15:40Z	STANDOFF	4074	royale	224135	A	C	core_destroyed	105
2026-08-13T18:15:41Z	STANDOFF	4075	royale	224135	B	T	core_destroyed	374
2026-08-13T18:15:51Z	STANDOFF	4076	valkyrie	224135	A	C	tiebreak	1000
2026-08-13T18:15:54Z	STANDOFF	4077	valkyrie	224135	B	C	core_destroyed	362
2026-08-13T18:15:56Z	STANDOFF	4078	yulerune	224135	A	C	core_destroyed	242
2026-08-13T18:16:00Z	STANDOFF	4079	yulerune	224135	B	T	core_destroyed	334
2026-08-13T18:16:01Z	STANDOFF	4080	antler	224136	A	C	core_destroyed	139
2026-08-13T18:16:03Z	STANDOFF	4081	antler	224136	B	C	core_destroyed	229
2026-08-13T18:16:06Z	STANDOFF	4082	archipelago	224136	A	T	core_destroyed	135
2026-08-13T18:16:08Z	STANDOFF	4083	archipelago	224136	B	C	core_destroyed	292
2026-08-13T18:16:11Z	STANDOFF	4084	auroraveil	224136	A	C	tiebreak	1000
2026-08-13T18:16:13Z	STANDOFF	4085	auroraveil	224136	B	C	core_destroyed	289
2026-08-13T18:16:20Z	STANDOFF	4086	drakkarfjord	224136	A	C	core_destroyed	398
2026-08-13T18:16:22Z	STANDOFF	4087	drakkarfjord	224136	B	T	core_destroyed	160
2026-08-13T18:16:24Z	STANDOFF	4088	drumlin	224136	A	T	core_destroyed	170
2026-08-13T18:16:28Z	STANDOFF	4089	drumlin	224136	B	C	core_destroyed	280
2026-08-13T18:16:30Z	STANDOFF	4090	fjordgate	224136	A	C	tiebreak	1000
2026-08-13T18:16:31Z	STANDOFF	4091	fjordgate	224136	B	T	core_destroyed	182
2026-08-13T18:16:33Z	STANDOFF	4092	frostgate	224136	A	T	core_destroyed	296
2026-08-13T18:16:37Z	STANDOFF	4093	frostgate	224136	B	T	tiebreak	1000
2026-08-13T18:16:42Z	STANDOFF	4094	glacierkeep	224136	A	C	core_destroyed	415
2026-08-13T18:16:43Z	STANDOFF	4095	glacierkeep	224136	B	C	core_destroyed	152
2026-08-13T18:16:46Z	STANDOFF	4096	icefloe	224136	A	T	core_destroyed	236
2026-08-13T18:16:47Z	STANDOFF	4097	icefloe	224136	B	C	core_destroyed	56
2026-08-13T18:16:49Z	STANDOFF	4098	midgard	224136	A	T	core_destroyed	127
2026-08-13T18:16:52Z	STANDOFF	4099	midgard	224136	B	T	core_destroyed	143
2026-08-13T18:16:53Z	STANDOFF	4100	nordkap	224136	A	C	core_destroyed	228
2026-08-13T18:16:55Z	STANDOFF	4101	nordkap	224136	B	T	core_destroyed	249
2026-08-13T18:16:59Z	STANDOFF	4102	ragnarok	224136	A	C	core_destroyed	218
2026-08-13T18:17:02Z	STANDOFF	4103	ragnarok	224136	B	C	core_destroyed	158
2026-08-13T18:17:03Z	STANDOFF	4104	royale	224136	A	C	core_destroyed	247
2026-08-13T18:17:06Z	STANDOFF	4105	royale	224136	B	T	core_destroyed	393
2026-08-13T18:17:09Z	STANDOFF	4106	valkyrie	224136	A	T	core_destroyed	187
2026-08-13T18:17:11Z	STANDOFF	4107	valkyrie	224136	B	C	core_destroyed	159
2026-08-13T18:17:16Z	STANDOFF	4108	yulerune	224136	A	C	core_destroyed	540
2026-08-13T18:17:18Z	STANDOFF	4109	yulerune	224136	B	T	core_destroyed	138
2026-08-13T18:17:19Z	STANDOFF	4110	antler	224137	A	T	core_destroyed	256
2026-08-13T18:17:21Z	STANDOFF	4111	antler	224137	B	C	core_destroyed	148
2026-08-13T18:17:23Z	STANDOFF	4112	archipelago	224137	A	C	core_destroyed	153
2026-08-13T18:17:27Z	STANDOFF	4113	archipelago	224137	B	C	core_destroyed	176
2026-08-13T18:17:28Z	STANDOFF	4114	auroraveil	224137	A	C	core_destroyed	169
2026-08-13T18:17:30Z	STANDOFF	4115	auroraveil	224137	B	C	core_destroyed	200
2026-08-13T18:17:32Z	STANDOFF	4116	drakkarfjord	224137	A	C	core_destroyed	151
2026-08-13T18:17:45Z	STANDOFF	4117	drakkarfjord	224137	B	C	tiebreak	1000
2026-08-13T18:17:49Z	STANDOFF	4118	drumlin	224137	A	C	core_destroyed	294
2026-08-13T18:17:52Z	STANDOFF	4119	drumlin	224137	B	T	core_destroyed	231
2026-08-13T18:17:53Z	STANDOFF	4120	fjordgate	224137	A	C	core_destroyed	164
2026-08-13T18:17:55Z	STANDOFF	4121	fjordgate	224137	B	C	core_destroyed	799
2026-08-13T18:17:57Z	STANDOFF	4122	frostgate	224137	A	C	core_destroyed	336
2026-08-13T18:17:59Z	STANDOFF	4123	frostgate	224137	B	T	core_destroyed	237
2026-08-13T18:18:03Z	STANDOFF	4124	glacierkeep	224137	A	C	core_destroyed	486
2026-08-13T18:18:06Z	STANDOFF	4125	glacierkeep	224137	B	T	core_destroyed	253
2026-08-13T18:18:08Z	STANDOFF	4126	icefloe	224137	A	T	core_destroyed	148
2026-08-13T18:18:15Z	STANDOFF	4127	icefloe	224137	B	C	core_destroyed	627
2026-08-13T18:18:19Z	STANDOFF	4128	midgard	224137	A	T	core_destroyed	204
2026-08-13T18:18:21Z	STANDOFF	4129	midgard	224137	B	C	core_destroyed	85
2026-08-13T18:18:23Z	STANDOFF	4130	nordkap	224137	A	T	core_destroyed	550
2026-08-13T18:18:24Z	STANDOFF	4131	nordkap	224137	B	C	core_destroyed	148
2026-08-13T18:18:26Z	STANDOFF	4132	ragnarok	224137	A	T	core_destroyed	142
2026-08-13T18:18:33Z	STANDOFF	4133	ragnarok	224137	B	C	core_destroyed	250
2026-08-13T18:18:34Z	STANDOFF	4134	royale	224137	A	T	core_destroyed	128
2026-08-13T18:18:35Z	STANDOFF	4135	royale	224137	B	C	core_destroyed	119
2026-08-13T18:18:37Z	STANDOFF	4136	valkyrie	224137	A	T	core_destroyed	109
2026-08-13T18:18:40Z	STANDOFF	4137	valkyrie	224137	B	T	core_destroyed	202
2026-08-13T18:18:46Z	STANDOFF	4138	yulerune	224137	A	T	tiebreak	1000
2026-08-13T18:18:47Z	STANDOFF	4139	yulerune	224137	B	C	core_destroyed	102
2026-08-13T18:18:50Z	STANDOFF	4140	antler	224138	A	C	tiebreak	1000
2026-08-13T18:18:52Z	STANDOFF	4141	antler	224138	B	C	core_destroyed	217
2026-08-13T18:18:54Z	STANDOFF	4142	archipelago	224138	A	C	core_destroyed	166
2026-08-13T18:18:56Z	STANDOFF	4143	archipelago	224138	B	C	core_destroyed	131
2026-08-13T18:18:58Z	STANDOFF	4144	auroraveil	224138	A	C	core_destroyed	204
2026-08-13T18:19:04Z	STANDOFF	4145	auroraveil	224138	B	C	tiebreak	1000
2026-08-13T18:19:15Z	STANDOFF	4146	drakkarfjord	224138	A	C	tiebreak	1000
2026-08-13T18:19:18Z	STANDOFF	4147	drakkarfjord	224138	B	T	core_destroyed	252
2026-08-13T18:19:24Z	STANDOFF	4148	drumlin	224138	A	T	core_destroyed	415
2026-08-13T18:19:25Z	STANDOFF	4149	drumlin	224138	B	C	core_destroyed	118
2026-08-13T18:19:28Z	STANDOFF	4150	fjordgate	224138	A	T	core_destroyed	904
2026-08-13T18:19:29Z	STANDOFF	4151	fjordgate	224138	B	C	core_destroyed	261
2026-08-13T18:19:30Z	STANDOFF	4152	frostgate	224138	A	C	core_destroyed	160
2026-08-13T18:19:32Z	STANDOFF	4153	frostgate	224138	B	T	core_destroyed	142
2026-08-13T18:19:34Z	STANDOFF	4154	glacierkeep	224138	A	C	core_destroyed	204
2026-08-13T18:19:37Z	STANDOFF	4155	glacierkeep	224138	B	C	core_destroyed	210
2026-08-13T18:19:40Z	STANDOFF	4156	icefloe	224138	A	C	core_destroyed	296
2026-08-13T18:19:44Z	STANDOFF	4157	icefloe	224138	B	C	core_destroyed	269
2026-08-13T18:19:46Z	STANDOFF	4158	midgard	224138	A	C	core_destroyed	92
2026-08-13T18:19:49Z	STANDOFF	4159	midgard	224138	B	T	core_destroyed	98
2026-08-13T18:19:50Z	STANDOFF	4160	nordkap	224138	A	T	core_destroyed	163
2026-08-13T18:19:51Z	STANDOFF	4161	nordkap	224138	B	C	core_destroyed	225
2026-08-13T18:20:36Z	STANDOFF	4162	ragnarok	224138	A	T	tiebreak	1000
2026-08-13T18:20:38Z	STANDOFF	4163	ragnarok	224138	B	C	core_destroyed	106
2026-08-13T18:20:40Z	STANDOFF	4164	royale	224138	A	T	core_destroyed	340
2026-08-13T18:20:42Z	STANDOFF	4165	royale	224138	B	T	core_destroyed	384
2026-08-13T18:20:44Z	STANDOFF	4166	valkyrie	224138	A	T	core_destroyed	115
2026-08-13T18:20:46Z	STANDOFF	4167	valkyrie	224138	B	T	core_destroyed	143
2026-08-13T18:20:48Z	STANDOFF	4168	yulerune	224138	A	T	core_destroyed	261
2026-08-13T18:20:49Z	STANDOFF	4169	yulerune	224138	B	T	core_destroyed	117
2026-08-13T18:20:51Z	STANDOFF	4170	antler	224139	A	C	core_destroyed	165
2026-08-13T18:20:54Z	STANDOFF	4171	antler	224139	B	C	tiebreak	1000
2026-08-13T18:21:04Z	STANDOFF	4172	archipelago	224139	A	C	core_destroyed	490
2026-08-13T18:21:07Z	STANDOFF	4173	archipelago	224139	B	T	core_destroyed	189
2026-08-13T18:21:10Z	STANDOFF	4174	auroraveil	224139	A	T	core_destroyed	841
2026-08-13T18:21:11Z	STANDOFF	4175	auroraveil	224139	B	C	core_destroyed	141
2026-08-13T18:21:17Z	STANDOFF	4176	drakkarfjord	224139	A	T	core_destroyed	862
2026-08-13T18:21:20Z	STANDOFF	4177	drakkarfjord	224139	B	C	core_destroyed	213
2026-08-13T18:21:26Z	STANDOFF	4178	drumlin	224139	A	T	core_destroyed	449
2026-08-13T18:21:34Z	STANDOFF	4179	drumlin	224139	B	C	tiebreak	1000
2026-08-13T18:21:35Z	STANDOFF	4180	fjordgate	224139	A	T	core_destroyed	201
2026-08-13T18:21:37Z	STANDOFF	4181	fjordgate	224139	B	C	core_destroyed	161
2026-08-13T18:21:39Z	STANDOFF	4182	frostgate	224139	A	C	core_destroyed	252
2026-08-13T18:21:41Z	STANDOFF	4183	frostgate	224139	B	T	core_destroyed	429
2026-08-13T18:21:43Z	STANDOFF	4184	glacierkeep	224139	A	T	core_destroyed	167
2026-08-13T18:21:47Z	STANDOFF	4185	glacierkeep	224139	B	C	core_destroyed	334
2026-08-13T18:21:49Z	STANDOFF	4186	icefloe	224139	A	T	core_destroyed	262
2026-08-13T18:21:51Z	STANDOFF	4187	icefloe	224139	B	C	core_destroyed	247
2026-08-13T18:21:53Z	STANDOFF	4188	midgard	224139	A	C	core_destroyed	79
2026-08-13T18:21:57Z	STANDOFF	4189	midgard	224139	B	C	core_destroyed	183
2026-08-13T18:21:58Z	STANDOFF	4190	nordkap	224139	A	T	core_destroyed	541
2026-08-13T18:22:01Z	STANDOFF	4191	nordkap	224139	B	T	core_destroyed	233
2026-08-13T18:22:03Z	STANDOFF	4192	ragnarok	224139	A	T	core_destroyed	143
2026-08-13T18:22:50Z	STANDOFF	4193	ragnarok	224139	B	C	tiebreak	1000
2026-08-13T18:22:52Z	STANDOFF	4194	royale	224139	A	C	core_destroyed	491
2026-08-13T18:22:53Z	STANDOFF	4195	royale	224139	B	T	core_destroyed	168
2026-08-13T18:22:56Z	STANDOFF	4196	valkyrie	224139	A	C	core_destroyed	132
2026-08-13T18:23:00Z	STANDOFF	4197	valkyrie	224139	B	T	core_destroyed	266
2026-08-13T18:23:03Z	STANDOFF	4198	yulerune	224139	A	T	core_destroyed	242
2026-08-13T18:23:05Z	STANDOFF	4199	yulerune	224139	B	C	core_destroyed	207
2026-08-13T18:23:07Z	STANDOFF	4200	antler	224140	A	T	core_destroyed	119
2026-08-13T18:23:11Z	STANDOFF	4201	antler	224140	B	T	tiebreak	1000
2026-08-13T18:23:13Z	STANDOFF	4202	archipelago	224140	A	T	core_destroyed	126
2026-08-13T18:23:16Z	STANDOFF	4203	archipelago	224140	B	C	core_destroyed	184
2026-08-13T18:23:20Z	STANDOFF	4204	auroraveil	224140	A	T	tiebreak	1000
2026-08-13T18:23:22Z	STANDOFF	4205	auroraveil	224140	B	C	core_destroyed	154
2026-08-13T18:23:24Z	STANDOFF	4206	drakkarfjord	224140	A	C	core_destroyed	98
2026-08-13T18:23:29Z	STANDOFF	4207	drakkarfjord	224140	B	C	core_destroyed	355
2026-08-13T18:23:34Z	STANDOFF	4208	drumlin	224140	A	T	core_destroyed	379
2026-08-13T18:23:36Z	STANDOFF	4209	drumlin	224140	B	T	core_destroyed	201
2026-08-13T18:23:37Z	STANDOFF	4210	fjordgate	224140	A	T	core_destroyed	160
2026-08-13T18:23:38Z	STANDOFF	4211	fjordgate	224140	B	T	core_destroyed	203
2026-08-13T18:23:40Z	STANDOFF	4212	frostgate	224140	A	T	core_destroyed	357
2026-08-13T18:23:41Z	STANDOFF	4213	frostgate	224140	B	C	core_destroyed	144
2026-08-13T18:23:52Z	STANDOFF	4214	glacierkeep	224140	A	T	core_destroyed	657
2026-08-13T18:24:00Z	STANDOFF	4215	glacierkeep	224140	B	T	core_destroyed	737
2026-08-13T18:24:02Z	STANDOFF	4216	icefloe	224140	A	T	core_destroyed	88
2026-08-13T18:24:04Z	STANDOFF	4217	icefloe	224140	B	C	core_destroyed	180
2026-08-13T18:24:07Z	STANDOFF	4218	midgard	224140	A	T	core_destroyed	148
2026-08-13T18:24:09Z	STANDOFF	4219	midgard	224140	B	C	core_destroyed	80
2026-08-13T18:24:11Z	STANDOFF	4220	nordkap	224140	A	T	core_destroyed	198
2026-08-13T18:24:13Z	STANDOFF	4221	nordkap	224140	B	T	tiebreak	1000
2026-08-13T18:24:16Z	STANDOFF	4222	ragnarok	224140	A	C	core_destroyed	149
2026-08-13T18:24:58Z	STANDOFF	4223	ragnarok	224140	B	C	tiebreak	1000
2026-08-13T18:25:01Z	STANDOFF	4224	royale	224140	A	C	core_destroyed	617
2026-08-13T18:25:04Z	STANDOFF	4225	royale	224140	B	C	core_destroyed	533
2026-08-13T18:25:07Z	STANDOFF	4226	valkyrie	224140	A	C	core_destroyed	166
2026-08-13T18:25:12Z	STANDOFF	4227	valkyrie	224140	B	T	core_destroyed	286
2026-08-13T18:25:14Z	STANDOFF	4228	yulerune	224140	A	T	core_destroyed	208
2026-08-13T18:25:16Z	STANDOFF	4229	yulerune	224140	B	T	core_destroyed	168
2026-08-13T18:25:17Z	STANDOFF	4230	antler	224141	A	T	core_destroyed	233
2026-08-13T18:25:19Z	STANDOFF	4231	antler	224141	B	T	core_destroyed	165
2026-08-13T18:25:21Z	STANDOFF	4232	archipelago	224141	A	T	core_destroyed	124
2026-08-13T18:25:23Z	STANDOFF	4233	archipelago	224141	B	T	core_destroyed	88
2026-08-13T18:25:25Z	STANDOFF	4234	auroraveil	224141	A	T	core_destroyed	178
2026-08-13T18:25:28Z	STANDOFF	4235	auroraveil	224141	B	T	tiebreak	1000
2026-08-13T18:25:36Z	STANDOFF	4236	drakkarfjord	224141	A	C	core_destroyed	440
2026-08-13T18:25:40Z	STANDOFF	4237	drakkarfjord	224141	B	C	core_destroyed	272
2026-08-13T18:25:42Z	STANDOFF	4238	drumlin	224141	A	T	core_destroyed	192
2026-08-13T18:25:44Z	STANDOFF	4239	drumlin	224141	B	T	core_destroyed	105
2026-08-13T18:25:45Z	STANDOFF	4240	fjordgate	224141	A	T	core_destroyed	154
2026-08-13T18:25:47Z	STANDOFF	4241	fjordgate	224141	B	T	core_destroyed	426
2026-08-13T18:25:49Z	STANDOFF	4242	frostgate	224141	A	T	tiebreak	1000
2026-08-13T18:25:51Z	STANDOFF	4243	frostgate	224141	B	T	core_destroyed	314
2026-08-13T18:25:56Z	STANDOFF	4244	glacierkeep	224141	A	C	core_destroyed	591
2026-08-13T18:25:57Z	STANDOFF	4245	glacierkeep	224141	B	C	core_destroyed	182
2026-08-13T18:25:59Z	STANDOFF	4246	icefloe	224141	A	T	core_destroyed	160
2026-08-13T18:26:03Z	STANDOFF	4247	icefloe	224141	B	T	core_destroyed	621
2026-08-13T18:26:06Z	STANDOFF	4248	midgard	224141	A	T	core_destroyed	163
2026-08-13T18:26:09Z	STANDOFF	4249	midgard	224141	B	T	core_destroyed	85
2026-08-13T18:26:10Z	STANDOFF	4250	nordkap	224141	A	T	core_destroyed	184
2026-08-13T18:26:11Z	STANDOFF	4251	nordkap	224141	B	C	core_destroyed	150
2026-08-13T18:26:15Z	STANDOFF	4252	ragnarok	224141	A	C	core_destroyed	367
2026-08-13T18:26:18Z	STANDOFF	4253	ragnarok	224141	B	C	core_destroyed	158
2026-08-13T18:26:19Z	STANDOFF	4254	royale	224141	A	C	core_destroyed	213
2026-08-13T18:26:20Z	STANDOFF	4255	royale	224141	B	T	core_destroyed	109
2026-08-13T18:26:26Z	STANDOFF	4256	valkyrie	224141	A	T	core_destroyed	290
2026-08-13T18:26:28Z	STANDOFF	4257	valkyrie	224141	B	C	core_destroyed	145
2026-08-13T18:26:30Z	STANDOFF	4258	yulerune	224141	A	C	core_destroyed	112
2026-08-13T18:26:34Z	STANDOFF	4259	yulerune	224141	B	T	core_destroyed	332
2026-08-13T18:26:37Z	STANDOFF	4260	antler	224142	A	T	core_destroyed	397
2026-08-13T18:26:38Z	STANDOFF	4261	antler	224142	B	C	core_destroyed	261
2026-08-13T18:26:40Z	STANDOFF	4262	archipelago	224142	A	T	core_destroyed	97
2026-08-13T18:26:43Z	STANDOFF	4263	archipelago	224142	B	T	core_destroyed	175
2026-08-13T18:26:45Z	STANDOFF	4264	auroraveil	224142	A	C	core_destroyed	265
2026-08-13T18:26:46Z	STANDOFF	4265	auroraveil	224142	B	C	core_destroyed	92
2026-08-13T18:26:49Z	STANDOFF	4266	drakkarfjord	224142	A	C	core_destroyed	136
2026-08-13T18:27:08Z	STANDOFF	4267	drakkarfjord	224142	B	T	tiebreak	1000
2026-08-13T18:27:10Z	STANDOFF	4268	drumlin	224142	A	C	core_destroyed	214
2026-08-13T18:27:12Z	STANDOFF	4269	drumlin	224142	B	C	core_destroyed	190
2026-08-13T18:27:14Z	STANDOFF	4270	fjordgate	224142	A	T	core_destroyed	245
2026-08-13T18:27:16Z	STANDOFF	4271	fjordgate	224142	B	C	core_destroyed	937
2026-08-13T18:27:17Z	STANDOFF	4272	frostgate	224142	A	T	core_destroyed	195
2026-08-13T18:27:21Z	STANDOFF	4273	frostgate	224142	B	C	tiebreak	1000
2026-08-13T18:27:22Z	STANDOFF	4274	glacierkeep	224142	A	C	core_destroyed	261
2026-08-13T18:27:25Z	STANDOFF	4275	glacierkeep	224142	B	C	core_destroyed	321
2026-08-13T18:27:26Z	STANDOFF	4276	icefloe	224142	A	T	core_destroyed	83
2026-08-13T18:27:28Z	STANDOFF	4277	icefloe	224142	B	C	core_destroyed	256
2026-08-13T18:27:33Z	STANDOFF	4278	midgard	224142	A	T	core_destroyed	195
2026-08-13T18:27:35Z	STANDOFF	4279	midgard	224142	B	T	core_destroyed	124
2026-08-13T18:27:36Z	STANDOFF	4280	nordkap	224142	A	C	core_destroyed	163
2026-08-13T18:27:38Z	STANDOFF	4281	nordkap	224142	B	T	core_destroyed	125
2026-08-13T18:27:40Z	STANDOFF	4282	ragnarok	224142	A	T	core_destroyed	164
2026-08-13T18:27:42Z	STANDOFF	4283	ragnarok	224142	B	C	core_destroyed	145
2026-08-13T18:27:44Z	STANDOFF	4284	royale	224142	A	C	core_destroyed	206
2026-08-13T18:27:46Z	STANDOFF	4285	royale	224142	B	T	core_destroyed	247
2026-08-13T18:27:47Z	STANDOFF	4286	valkyrie	224142	A	T	core_destroyed	172
2026-08-13T18:27:50Z	STANDOFF	4287	valkyrie	224142	B	T	core_destroyed	173
2026-08-13T18:27:53Z	STANDOFF	4288	yulerune	224142	A	C	core_destroyed	192
2026-08-13T18:27:55Z	STANDOFF	4289	yulerune	224142	B	T	core_destroyed	278
2026-08-13T18:27:58Z	STANDOFF	4290	antler	224143	A	T	core_destroyed	551
2026-08-13T18:27:59Z	STANDOFF	4291	antler	224143	B	C	core_destroyed	127
2026-08-13T18:28:01Z	STANDOFF	4292	archipelago	224143	A	T	core_destroyed	105
2026-08-13T18:28:03Z	STANDOFF	4293	archipelago	224143	B	T	core_destroyed	85
2026-08-13T18:28:05Z	STANDOFF	4294	auroraveil	224143	A	T	core_destroyed	342
2026-08-13T18:28:07Z	STANDOFF	4295	auroraveil	224143	B	C	core_destroyed	122
2026-08-13T18:28:11Z	STANDOFF	4296	drakkarfjord	224143	A	T	core_destroyed	553
2026-08-13T18:28:27Z	STANDOFF	4297	drakkarfjord	224143	B	C	tiebreak	1000
2026-08-13T18:28:32Z	STANDOFF	4298	drumlin	224143	A	C	core_destroyed	385
2026-08-13T18:28:34Z	STANDOFF	4299	drumlin	224143	B	T	core_destroyed	163
2026-08-13T18:28:36Z	STANDOFF	4300	fjordgate	224143	A	C	core_destroyed	264
2026-08-13T18:28:37Z	STANDOFF	4301	fjordgate	224143	B	C	core_destroyed	250
2026-08-13T18:28:39Z	STANDOFF	4302	frostgate	224143	A	C	core_destroyed	216
2026-08-13T18:28:41Z	STANDOFF	4303	frostgate	224143	B	C	core_destroyed	247
2026-08-13T18:28:44Z	STANDOFF	4304	glacierkeep	224143	A	C	core_destroyed	285
2026-08-13T18:28:51Z	STANDOFF	4305	glacierkeep	224143	B	C	tiebreak	1000
2026-08-13T18:28:54Z	STANDOFF	4306	icefloe	224143	A	C	core_destroyed	336
2026-08-13T18:28:56Z	STANDOFF	4307	icefloe	224143	B	T	core_destroyed	251
2026-08-13T18:28:59Z	STANDOFF	4308	midgard	224143	A	C	core_destroyed	146
2026-08-13T18:29:01Z	STANDOFF	4309	midgard	224143	B	T	core_destroyed	88
2026-08-13T18:29:03Z	STANDOFF	4310	nordkap	224143	A	C	core_destroyed	232
2026-08-13T18:29:05Z	STANDOFF	4311	nordkap	224143	B	T	core_destroyed	158
2026-08-13T18:29:07Z	STANDOFF	4312	ragnarok	224143	A	T	core_destroyed	117
2026-08-13T18:29:11Z	STANDOFF	4313	ragnarok	224143	B	C	core_destroyed	203
2026-08-13T18:29:12Z	STANDOFF	4314	royale	224143	A	C	core_destroyed	144
2026-08-13T18:29:14Z	STANDOFF	4315	royale	224143	B	T	core_destroyed	587
2026-08-13T18:29:16Z	STANDOFF	4316	valkyrie	224143	A	C	core_destroyed	167
2026-08-13T18:29:18Z	STANDOFF	4317	valkyrie	224143	B	T	core_destroyed	120
2026-08-13T18:29:20Z	STANDOFF	4318	yulerune	224143	A	C	core_destroyed	285
2026-08-13T18:29:24Z	STANDOFF	4319	yulerune	224143	B	T	core_destroyed	236
2026-08-13T18:29:25Z	STANDOFF	4320	antler	224144	A	T	core_destroyed	210
2026-08-13T18:29:27Z	STANDOFF	4321	antler	224144	B	T	core_destroyed	223
2026-08-13T18:29:28Z	STANDOFF	4322	archipelago	224144	A	C	core_destroyed	90
2026-08-13T18:29:31Z	STANDOFF	4323	archipelago	224144	B	C	core_destroyed	237
2026-08-13T18:29:33Z	STANDOFF	4324	auroraveil	224144	A	T	core_destroyed	175
2026-08-13T18:29:34Z	STANDOFF	4325	auroraveil	224144	B	C	core_destroyed	144
2026-08-13T18:29:42Z	STANDOFF	4326	drakkarfjord	224144	A	C	core_destroyed	623
2026-08-13T18:30:04Z	STANDOFF	4327	drakkarfjord	224144	B	T	tiebreak	1000
2026-08-13T18:30:06Z	STANDOFF	4328	drumlin	224144	A	T	core_destroyed	162
2026-08-13T18:30:08Z	STANDOFF	4329	drumlin	224144	B	C	core_destroyed	198
2026-08-13T18:30:09Z	STANDOFF	4330	fjordgate	224144	A	T	core_destroyed	175
2026-08-13T18:30:11Z	STANDOFF	4331	fjordgate	224144	B	T	core_destroyed	256
2026-08-13T18:30:15Z	STANDOFF	4332	frostgate	224144	A	T	core_destroyed	881
2026-08-13T18:30:17Z	STANDOFF	4333	frostgate	224144	B	C	core_destroyed	240
2026-08-13T18:30:19Z	STANDOFF	4334	glacierkeep	224144	A	T	core_destroyed	148
2026-08-13T18:30:32Z	STANDOFF	4335	glacierkeep	224144	B	C	tiebreak	1000
2026-08-13T18:30:35Z	STANDOFF	4336	icefloe	224144	A	T	core_destroyed	308
2026-08-13T18:30:39Z	STANDOFF	4337	icefloe	224144	B	T	tiebreak	1000
2026-08-13T18:30:44Z	STANDOFF	4338	midgard	224144	A	T	core_destroyed	312
2026-08-13T18:30:46Z	STANDOFF	4339	midgard	224144	B	T	core_destroyed	120
2026-08-13T18:30:48Z	STANDOFF	4340	nordkap	224144	A	C	core_destroyed	204
2026-08-13T18:30:50Z	STANDOFF	4341	nordkap	224144	B	C	core_destroyed	271
2026-08-13T18:30:52Z	STANDOFF	4342	ragnarok	224144	A	T	core_destroyed	139
2026-08-13T18:30:56Z	STANDOFF	4343	ragnarok	224144	B	C	core_destroyed	389
2026-08-13T18:30:57Z	STANDOFF	4344	royale	224144	A	T	core_destroyed	207
2026-08-13T18:31:02Z	STANDOFF	4345	royale	224144	B	C	tiebreak	1000
2026-08-13T18:31:06Z	STANDOFF	4346	valkyrie	224144	A	C	core_destroyed	280
2026-08-13T18:31:08Z	STANDOFF	4347	valkyrie	224144	B	C	core_destroyed	133
2026-08-13T18:31:13Z	STANDOFF	4348	yulerune	224144	A	T	tiebreak	1000
2026-08-13T18:31:15Z	STANDOFF	4349	yulerune	224144	B	C	core_destroyed	189
2026-08-13T18:31:16Z	STANDOFF	4350	antler	224145	A	C	core_destroyed	114
2026-08-13T18:31:18Z	STANDOFF	4351	antler	224145	B	T	core_destroyed	238
2026-08-13T18:31:20Z	STANDOFF	4352	archipelago	224145	A	T	core_destroyed	155
2026-08-13T18:31:23Z	STANDOFF	4353	archipelago	224145	B	C	core_destroyed	174
2026-08-13T18:31:24Z	STANDOFF	4354	auroraveil	224145	A	T	core_destroyed	88
2026-08-13T18:31:26Z	STANDOFF	4355	auroraveil	224145	B	C	core_destroyed	124
2026-08-13T18:31:46Z	STANDOFF	4356	drakkarfjord	224145	A	T	tiebreak	1000
2026-08-13T18:31:57Z	STANDOFF	4357	drakkarfjord	224145	B	C	core_destroyed	758
2026-08-13T18:32:00Z	STANDOFF	4358	drumlin	224145	A	C	core_destroyed	225
2026-08-13T18:32:02Z	STANDOFF	4359	drumlin	224145	B	C	core_destroyed	511
2026-08-13T18:32:03Z	STANDOFF	4360	fjordgate	224145	A	T	core_destroyed	367
2026-08-13T18:32:05Z	STANDOFF	4361	fjordgate	224145	B	C	core_destroyed	443
2026-08-13T18:32:07Z	STANDOFF	4362	frostgate	224145	A	T	core_destroyed	258
2026-08-13T18:32:09Z	STANDOFF	4363	frostgate	224145	B	T	core_destroyed	352
2026-08-13T18:32:27Z	STANDOFF	4364	glacierkeep	224145	A	C	tiebreak	1000
2026-08-13T18:32:30Z	STANDOFF	4365	glacierkeep	224145	B	C	core_destroyed	279
2026-08-13T18:32:33Z	STANDOFF	4366	icefloe	224145	A	C	core_destroyed	483
2026-08-13T18:32:36Z	STANDOFF	4367	icefloe	224145	B	C	core_destroyed	228
2026-08-13T18:32:38Z	STANDOFF	4368	midgard	224145	A	C	core_destroyed	113
2026-08-13T18:32:41Z	STANDOFF	4369	midgard	224145	B	T	core_destroyed	141
2026-08-13T18:32:42Z	STANDOFF	4370	nordkap	224145	A	T	core_destroyed	313
2026-08-13T18:32:44Z	STANDOFF	4371	nordkap	224145	B	C	core_destroyed	241
2026-08-13T18:32:47Z	STANDOFF	4372	ragnarok	224145	A	C	core_destroyed	278
2026-08-13T18:32:49Z	STANDOFF	4373	ragnarok	224145	B	C	core_destroyed	177
2026-08-13T18:32:51Z	STANDOFF	4374	royale	224145	A	T	core_destroyed	106
2026-08-13T18:32:53Z	STANDOFF	4375	royale	224145	B	C	core_destroyed	357
2026-08-13T18:32:55Z	STANDOFF	4376	valkyrie	224145	A	C	core_destroyed	100
2026-08-13T18:32:57Z	STANDOFF	4377	valkyrie	224145	B	T	core_destroyed	87
2026-08-13T18:33:00Z	STANDOFF	4378	yulerune	224145	A	C	tiebreak	1000
2026-08-13T18:33:03Z	STANDOFF	4379	yulerune	224145	B	T	core_destroyed	214
2026-08-13T18:33:05Z	STANDOFF	4380	antler	224146	A	C	core_destroyed	520
2026-08-13T18:33:08Z	STANDOFF	4381	antler	224146	B	C	core_destroyed	744
2026-08-13T18:33:11Z	STANDOFF	4382	archipelago	224146	A	T	core_destroyed	115
2026-08-13T18:33:12Z	STANDOFF	4383	archipelago	224146	B	T	core_destroyed	103
2026-08-13T18:33:15Z	STANDOFF	4384	auroraveil	224146	A	C	core_destroyed	347
2026-08-13T18:33:17Z	STANDOFF	4385	auroraveil	224146	B	C	core_destroyed	156
2026-08-13T18:33:20Z	STANDOFF	4386	drakkarfjord	224146	A	T	core_destroyed	177
2026-08-13T18:33:22Z	STANDOFF	4387	drakkarfjord	224146	B	T	core_destroyed	205
2026-08-13T18:33:25Z	STANDOFF	4388	drumlin	224146	A	T	core_destroyed	252
2026-08-13T18:33:27Z	STANDOFF	4389	drumlin	224146	B	T	core_destroyed	181
2026-08-13T18:33:28Z	STANDOFF	4390	fjordgate	224146	A	T	core_destroyed	237
2026-08-13T18:33:29Z	STANDOFF	4391	fjordgate	224146	B	C	core_destroyed	148
2026-08-13T18:33:31Z	STANDOFF	4392	frostgate	224146	A	T	core_destroyed	157
2026-08-13T18:33:34Z	STANDOFF	4393	frostgate	224146	B	T	core_destroyed	334
2026-08-13T18:33:36Z	STANDOFF	4394	glacierkeep	224146	A	T	core_destroyed	156
2026-08-13T18:33:37Z	STANDOFF	4395	glacierkeep	224146	B	C	core_destroyed	232
2026-08-13T18:33:40Z	STANDOFF	4396	icefloe	224146	A	T	core_destroyed	322
2026-08-13T18:33:42Z	STANDOFF	4397	icefloe	224146	B	T	core_destroyed	143
2026-08-13T18:33:44Z	STANDOFF	4398	midgard	224146	A	T	core_destroyed	125
2026-08-13T18:33:47Z	STANDOFF	4399	midgard	224146	B	T	core_destroyed	81
2026-08-13T18:33:48Z	STANDOFF	4400	nordkap	224146	A	T	core_destroyed	158
2026-08-13T18:33:50Z	STANDOFF	4401	nordkap	224146	B	C	core_destroyed	132
2026-08-13T18:33:52Z	STANDOFF	4402	ragnarok	224146	A	T	core_destroyed	123
2026-08-13T18:33:54Z	STANDOFF	4403	ragnarok	224146	B	C	core_destroyed	125
2026-08-13T18:33:56Z	STANDOFF	4404	royale	224146	A	C	core_destroyed	577
2026-08-13T18:33:57Z	STANDOFF	4405	royale	224146	B	T	core_destroyed	262
2026-08-13T18:34:01Z	STANDOFF	4406	valkyrie	224146	A	T	core_destroyed	219
2026-08-13T18:34:27Z	STANDOFF	4407	valkyrie	224146	B	C	tiebreak	1000
2026-08-13T18:34:29Z	STANDOFF	4408	yulerune	224146	A	T	core_destroyed	149
2026-08-13T18:34:31Z	STANDOFF	4409	yulerune	224146	B	T	core_destroyed	323
2026-08-13T18:34:33Z	STANDOFF	4410	antler	224147	A	T	core_destroyed	221
2026-08-13T18:34:34Z	STANDOFF	4411	antler	224147	B	C	core_destroyed	185
2026-08-13T18:34:36Z	STANDOFF	4412	archipelago	224147	A	C	core_destroyed	96
2026-08-13T18:34:38Z	STANDOFF	4413	archipelago	224147	B	T	core_destroyed	89
2026-08-13T18:34:43Z	STANDOFF	4414	auroraveil	224147	A	C	core_destroyed	513
2026-08-13T18:34:46Z	STANDOFF	4415	auroraveil	224147	B	T	core_destroyed	389
2026-08-13T18:34:49Z	STANDOFF	4416	drakkarfjord	224147	A	C	core_destroyed	254
2026-08-13T18:34:53Z	STANDOFF	4417	drakkarfjord	224147	B	C	core_destroyed	259
2026-08-13T18:34:55Z	STANDOFF	4418	drumlin	224147	A	T	core_destroyed	289
2026-08-13T18:34:56Z	STANDOFF	4419	drumlin	224147	B	C	core_destroyed	115
2026-08-13T18:34:57Z	STANDOFF	4420	fjordgate	224147	A	T	core_destroyed	160
2026-08-13T18:34:59Z	STANDOFF	4421	fjordgate	224147	B	T	tiebreak	1000
2026-08-13T18:35:00Z	STANDOFF	4422	frostgate	224147	A	C	core_destroyed	186
2026-08-13T18:35:04Z	STANDOFF	4423	frostgate	224147	B	C	core_destroyed	480
2026-08-13T18:35:08Z	STANDOFF	4424	glacierkeep	224147	A	T	core_destroyed	805
2026-08-13T18:35:10Z	STANDOFF	4425	glacierkeep	224147	B	C	core_destroyed	143
2026-08-13T18:35:12Z	STANDOFF	4426	icefloe	224147	A	T	core_destroyed	236
2026-08-13T18:35:16Z	STANDOFF	4427	icefloe	224147	B	C	core_destroyed	648
2026-08-13T18:35:18Z	STANDOFF	4428	midgard	224147	A	C	core_destroyed	80
2026-08-13T18:35:20Z	STANDOFF	4429	midgard	224147	B	C	core_destroyed	112
2026-08-13T18:35:22Z	STANDOFF	4430	nordkap	224147	A	C	core_destroyed	212
2026-08-13T18:35:24Z	STANDOFF	4431	nordkap	224147	B	T	core_destroyed	445
2026-08-13T18:35:27Z	STANDOFF	4432	ragnarok	224147	A	C	core_destroyed	152
2026-08-13T18:35:30Z	STANDOFF	4433	ragnarok	224147	B	C	core_destroyed	129
2026-08-13T18:35:33Z	STANDOFF	4434	royale	224147	A	T	tiebreak	1000
2026-08-13T18:35:35Z	STANDOFF	4435	royale	224147	B	T	core_destroyed	124
2026-08-13T18:35:37Z	STANDOFF	4436	valkyrie	224147	A	T	core_destroyed	150
2026-08-13T18:35:40Z	STANDOFF	4437	valkyrie	224147	B	T	core_destroyed	193
2026-08-13T18:35:44Z	STANDOFF	4438	yulerune	224147	A	T	core_destroyed	293
2026-08-13T18:35:46Z	STANDOFF	4439	yulerune	224147	B	T	core_destroyed	168
2026-08-13T18:35:49Z	STANDOFF	4440	antler	224148	A	C	tiebreak	1000
2026-08-13T18:35:50Z	STANDOFF	4441	antler	224148	B	T	core_destroyed	231
2026-08-13T18:35:52Z	STANDOFF	4442	archipelago	224148	A	C	core_destroyed	107
2026-08-13T18:35:56Z	STANDOFF	4443	archipelago	224148	B	T	core_destroyed	289
2026-08-13T18:35:59Z	STANDOFF	4444	auroraveil	224148	A	C	core_destroyed	300
2026-08-13T18:36:00Z	STANDOFF	4445	auroraveil	224148	B	T	core_destroyed	137
2026-08-13T18:36:16Z	STANDOFF	4446	drakkarfjord	224148	A	C	tiebreak	1000
2026-08-13T18:36:22Z	STANDOFF	4447	drakkarfjord	224148	B	C	core_destroyed	520
2026-08-13T18:36:26Z	STANDOFF	4448	drumlin	224148	A	T	core_destroyed	373
2026-08-13T18:36:29Z	STANDOFF	4449	drumlin	224148	B	C	core_destroyed	202
2026-08-13T18:36:30Z	STANDOFF	4450	fjordgate	224148	A	C	core_destroyed	225
2026-08-13T18:36:32Z	STANDOFF	4451	fjordgate	224148	B	C	core_destroyed	440
2026-08-13T18:36:33Z	STANDOFF	4452	frostgate	224148	A	T	core_destroyed	237
2026-08-13T18:36:38Z	STANDOFF	4453	frostgate	224148	B	T	tiebreak	1000
2026-08-13T18:36:40Z	STANDOFF	4454	glacierkeep	224148	A	T	core_destroyed	198
2026-08-13T18:36:41Z	STANDOFF	4455	glacierkeep	224148	B	T	core_destroyed	116
2026-08-13T18:36:44Z	STANDOFF	4456	icefloe	224148	A	T	core_destroyed	257
2026-08-13T18:36:53Z	STANDOFF	4457	icefloe	224148	B	T	core_destroyed	658
2026-08-13T18:36:55Z	STANDOFF	4458	midgard	224148	A	C	core_destroyed	133
2026-08-13T18:37:02Z	STANDOFF	4459	midgard	224148	B	T	core_destroyed	359
2026-08-13T18:37:03Z	STANDOFF	4460	nordkap	224148	A	C	core_destroyed	192
2026-08-13T18:37:05Z	STANDOFF	4461	nordkap	224148	B	T	core_destroyed	228
2026-08-13T18:37:09Z	STANDOFF	4462	ragnarok	224148	A	C	core_destroyed	166
2026-08-13T18:37:19Z	STANDOFF	4463	ragnarok	224148	B	C	core_destroyed	433
2026-08-13T18:37:20Z	STANDOFF	4464	royale	224148	A	T	core_destroyed	356
2026-08-13T18:37:22Z	STANDOFF	4465	royale	224148	B	C	core_destroyed	357
2026-08-13T18:37:24Z	STANDOFF	4466	valkyrie	224148	A	C	core_destroyed	200
2026-08-13T18:37:26Z	STANDOFF	4467	valkyrie	224148	B	C	core_destroyed	147
2026-08-13T18:37:27Z	STANDOFF	4468	yulerune	224148	A	C	core_destroyed	116
2026-08-13T18:37:29Z	STANDOFF	4469	yulerune	224148	B	T	core_destroyed	157
2026-08-13T18:37:30Z	STANDOFF	4470	antler	224149	A	T	core_destroyed	180
2026-08-13T18:37:32Z	STANDOFF	4471	antler	224149	B	T	core_destroyed	157
2026-08-13T18:37:34Z	STANDOFF	4472	archipelago	224149	A	T	core_destroyed	154
2026-08-13T18:37:36Z	STANDOFF	4473	archipelago	224149	B	T	core_destroyed	141
2026-08-13T18:37:38Z	STANDOFF	4474	auroraveil	224149	A	C	core_destroyed	231
2026-08-13T18:37:40Z	STANDOFF	4475	auroraveil	224149	B	C	core_destroyed	211
2026-08-13T18:37:57Z	STANDOFF	4476	drakkarfjord	224149	A	C	tiebreak	1000
2026-08-13T18:38:01Z	STANDOFF	4477	drakkarfjord	224149	B	T	core_destroyed	554
2026-08-13T18:38:03Z	STANDOFF	4478	drumlin	224149	A	T	core_destroyed	130
2026-08-13T18:38:11Z	STANDOFF	4479	drumlin	224149	B	C	core_destroyed	951
2026-08-13T18:38:13Z	STANDOFF	4480	fjordgate	224149	A	T	core_destroyed	523
2026-08-13T18:38:14Z	STANDOFF	4481	fjordgate	224149	B	C	core_destroyed	150
2026-08-13T18:38:16Z	STANDOFF	4482	frostgate	224149	A	C	core_destroyed	241
2026-08-13T18:38:17Z	STANDOFF	4483	frostgate	224149	B	T	core_destroyed	409
2026-08-13T18:38:19Z	STANDOFF	4484	glacierkeep	224149	A	C	core_destroyed	228
2026-08-13T18:38:22Z	STANDOFF	4485	glacierkeep	224149	B	C	core_destroyed	257
2026-08-13T18:38:24Z	STANDOFF	4486	icefloe	224149	A	T	core_destroyed	141
2026-08-13T18:38:33Z	STANDOFF	4487	icefloe	224149	B	C	tiebreak	1000
2026-08-13T18:38:36Z	STANDOFF	4488	midgard	224149	A	T	core_destroyed	152
2026-08-13T18:38:38Z	STANDOFF	4489	midgard	224149	B	C	core_destroyed	132
2026-08-13T18:38:39Z	STANDOFF	4490	nordkap	224149	A	C	core_destroyed	103
2026-08-13T18:38:41Z	STANDOFF	4491	nordkap	224149	B	C	core_destroyed	292
2026-08-13T18:38:43Z	STANDOFF	4492	ragnarok	224149	A	T	core_destroyed	122
2026-08-13T18:38:46Z	STANDOFF	4493	ragnarok	224149	B	C	core_destroyed	164
2026-08-13T18:38:48Z	STANDOFF	4494	royale	224149	A	T	core_destroyed	252
2026-08-13T18:38:49Z	STANDOFF	4495	royale	224149	B	C	core_destroyed	126
2026-08-13T18:38:52Z	STANDOFF	4496	valkyrie	224149	A	C	core_destroyed	215
2026-08-13T18:38:54Z	STANDOFF	4497	valkyrie	224149	B	T	core_destroyed	162
2026-08-13T18:38:56Z	STANDOFF	4498	yulerune	224149	A	T	core_destroyed	166
2026-08-13T18:38:57Z	STANDOFF	4499	yulerune	224149	B	T	core_destroyed	180
2026-08-13T18:38:58Z	STANDOFF	4500	antler	224150	A	T	core_destroyed	102
2026-08-13T18:39:02Z	STANDOFF	4501	antler	224150	B	C	core_destroyed	328
2026-08-13T18:39:04Z	STANDOFF	4502	archipelago	224150	A	C	core_destroyed	86
2026-08-13T18:39:05Z	STANDOFF	4503	archipelago	224150	B	C	core_destroyed	97
2026-08-13T18:39:08Z	STANDOFF	4504	auroraveil	224150	A	T	tiebreak	1000
2026-08-13T18:39:10Z	STANDOFF	4505	auroraveil	224150	B	T	core_destroyed	175
2026-08-13T18:39:12Z	STANDOFF	4506	drakkarfjord	224150	A	C	core_destroyed	153
2026-08-13T18:39:19Z	STANDOFF	4507	drakkarfjord	224150	B	T	core_destroyed	510
2026-08-13T18:39:21Z	STANDOFF	4508	drumlin	224150	A	C	core_destroyed	98
2026-08-13T18:39:23Z	STANDOFF	4509	drumlin	224150	B	C	core_destroyed	116
2026-08-13T18:39:24Z	STANDOFF	4510	fjordgate	224150	A	C	core_destroyed	289
2026-08-13T18:39:26Z	STANDOFF	4511	fjordgate	224150	B	T	core_destroyed	142
2026-08-13T18:39:28Z	STANDOFF	4512	frostgate	224150	A	T	core_destroyed	291
2026-08-13T18:39:29Z	STANDOFF	4513	frostgate	224150	B	C	core_destroyed	225
2026-08-13T18:39:33Z	STANDOFF	4514	glacierkeep	224150	A	C	core_destroyed	434
2026-08-13T18:39:38Z	STANDOFF	4515	glacierkeep	224150	B	T	core_destroyed	285
2026-08-13T18:39:41Z	STANDOFF	4516	icefloe	224150	A	C	core_destroyed	300
2026-08-13T18:39:46Z	STANDOFF	4517	icefloe	224150	B	C	tiebreak	1000
2026-08-13T18:39:49Z	STANDOFF	4518	midgard	224150	A	T	core_destroyed	461
2026-08-13T18:39:52Z	STANDOFF	4519	midgard	224150	B	C	core_destroyed	204
2026-08-13T18:39:56Z	STANDOFF	4520	nordkap	224150	A	C	core_destroyed	353
2026-08-13T18:39:58Z	STANDOFF	4521	nordkap	224150	B	T	core_destroyed	156
2026-08-13T18:40:46Z	STANDOFF	4522	ragnarok	224150	A	C	tiebreak	1000
2026-08-13T18:41:22Z	STANDOFF	4523	ragnarok	224150	B	C	tiebreak	1000
2026-08-13T18:41:23Z	STANDOFF	4524	royale	224150	A	C	core_destroyed	139
2026-08-13T18:41:26Z	STANDOFF	4525	royale	224150	B	C	core_destroyed	261
2026-08-13T18:41:28Z	STANDOFF	4526	valkyrie	224150	A	C	core_destroyed	151
2026-08-13T18:41:34Z	STANDOFF	4527	valkyrie	224150	B	C	core_destroyed	290
2026-08-13T18:41:37Z	STANDOFF	4528	yulerune	224150	A	T	core_destroyed	202
2026-08-13T18:41:39Z	STANDOFF	4529	yulerune	224150	B	T	core_destroyed	234
2026-08-13T18:41:42Z	STANDOFF	4530	antler	224151	A	C	core_destroyed	418
2026-08-13T18:41:44Z	STANDOFF	4531	antler	224151	B	T	core_destroyed	410
2026-08-13T18:41:47Z	STANDOFF	4532	archipelago	224151	A	C	core_destroyed	122
2026-08-13T18:41:51Z	STANDOFF	4533	archipelago	224151	B	C	core_destroyed	262
2026-08-13T18:41:53Z	STANDOFF	4534	auroraveil	224151	A	C	core_destroyed	193
2026-08-13T18:41:54Z	STANDOFF	4535	auroraveil	224151	B	C	core_destroyed	163
2026-08-13T18:42:00Z	STANDOFF	4536	drakkarfjord	224151	A	C	core_destroyed	346
2026-08-13T18:42:02Z	STANDOFF	4537	drakkarfjord	224151	B	T	core_destroyed	184
2026-08-13T18:42:04Z	STANDOFF	4538	drumlin	224151	A	T	core_destroyed	150
2026-08-13T18:42:06Z	STANDOFF	4539	drumlin	224151	B	T	core_destroyed	165
2026-08-13T18:42:08Z	STANDOFF	4540	fjordgate	224151	A	T	core_destroyed	294
2026-08-13T18:42:10Z	STANDOFF	4541	fjordgate	224151	B	T	core_destroyed	655
2026-08-13T18:42:17Z	STANDOFF	4542	frostgate	224151	A	C	tiebreak	1000
2026-08-13T18:42:18Z	STANDOFF	4543	frostgate	224151	B	C	core_destroyed	367
2026-08-13T18:42:24Z	STANDOFF	4544	glacierkeep	224151	A	T	core_destroyed	616
2026-08-13T18:42:26Z	STANDOFF	4545	glacierkeep	224151	B	T	core_destroyed	268
2026-08-13T18:42:28Z	STANDOFF	4546	icefloe	224151	A	T	core_destroyed	110
2026-08-13T18:42:30Z	STANDOFF	4547	icefloe	224151	B	C	core_destroyed	162
2026-08-13T18:42:34Z	STANDOFF	4548	midgard	224151	A	C	core_destroyed	276
2026-08-13T18:42:36Z	STANDOFF	4549	midgard	224151	B	T	core_destroyed	79
2026-08-13T18:42:37Z	STANDOFF	4550	nordkap	224151	A	T	core_destroyed	147
2026-08-13T18:42:40Z	STANDOFF	4551	nordkap	224151	B	C	core_destroyed	408
2026-08-13T18:42:43Z	STANDOFF	4552	ragnarok	224151	A	C	core_destroyed	155
2026-08-13T18:42:47Z	STANDOFF	4553	ragnarok	224151	B	T	core_destroyed	203
2026-08-13T18:42:48Z	STANDOFF	4554	royale	224151	A	C	core_destroyed	359
2026-08-13T18:42:49Z	STANDOFF	4555	royale	224151	B	T	core_destroyed	306
2026-08-13T18:43:04Z	STANDOFF	4556	valkyrie	224151	A	C	tiebreak	1000
2026-08-13T18:43:08Z	STANDOFF	4557	valkyrie	224151	B	C	core_destroyed	225
2026-08-13T18:43:10Z	STANDOFF	4558	yulerune	224151	A	C	core_destroyed	334
2026-08-13T18:43:12Z	STANDOFF	4559	yulerune	224151	B	T	core_destroyed	257
2026-08-13T18:43:13Z	STANDOFF	4560	antler	224152	A	T	core_destroyed	249
2026-08-13T18:43:14Z	STANDOFF	4561	antler	224152	B	C	core_destroyed	125
2026-08-13T18:43:16Z	STANDOFF	4562	archipelago	224152	A	C	core_destroyed	273
2026-08-13T18:43:19Z	STANDOFF	4563	archipelago	224152	B	C	core_destroyed	164
2026-08-13T18:43:21Z	STANDOFF	4564	auroraveil	224152	A	T	core_destroyed	187
2026-08-13T18:43:22Z	STANDOFF	4565	auroraveil	224152	B	T	core_destroyed	127
2026-08-13T18:43:25Z	STANDOFF	4566	drakkarfjord	224152	A	C	core_destroyed	186
2026-08-13T18:43:29Z	STANDOFF	4567	drakkarfjord	224152	B	C	core_destroyed	557
2026-08-13T18:43:31Z	STANDOFF	4568	drumlin	224152	A	T	core_destroyed	214
2026-08-13T18:43:34Z	STANDOFF	4569	drumlin	224152	B	T	core_destroyed	353
2026-08-13T18:43:36Z	STANDOFF	4570	fjordgate	224152	A	T	tiebreak	1000
2026-08-13T18:43:37Z	STANDOFF	4571	fjordgate	224152	B	T	core_destroyed	133
2026-08-13T18:43:38Z	STANDOFF	4572	frostgate	224152	A	T	core_destroyed	153
2026-08-13T18:43:41Z	STANDOFF	4573	frostgate	224152	B	T	core_destroyed	437
2026-08-13T18:43:43Z	STANDOFF	4574	glacierkeep	224152	A	T	core_destroyed	118
2026-08-13T18:43:44Z	STANDOFF	4575	glacierkeep	224152	B	T	core_destroyed	352
2026-08-13T18:43:47Z	STANDOFF	4576	icefloe	224152	A	T	core_destroyed	361
2026-08-13T18:43:49Z	STANDOFF	4577	icefloe	224152	B	C	core_destroyed	121
2026-08-13T18:43:51Z	STANDOFF	4578	midgard	224152	A	C	core_destroyed	94
2026-08-13T18:43:54Z	STANDOFF	4579	midgard	224152	B	T	core_destroyed	146
2026-08-13T18:43:56Z	STANDOFF	4580	nordkap	224152	A	C	core_destroyed	621
2026-08-13T18:43:58Z	STANDOFF	4581	nordkap	224152	B	T	core_destroyed	220
2026-08-13T18:44:00Z	STANDOFF	4582	ragnarok	224152	A	T	core_destroyed	110
2026-08-13T18:44:03Z	STANDOFF	4583	ragnarok	224152	B	C	core_destroyed	243
2026-08-13T18:44:04Z	STANDOFF	4584	royale	224152	A	C	core_destroyed	367
2026-08-13T18:44:05Z	STANDOFF	4585	royale	224152	B	C	core_destroyed	120
2026-08-13T18:44:09Z	STANDOFF	4586	valkyrie	224152	A	C	core_destroyed	236
2026-08-13T18:44:12Z	STANDOFF	4587	valkyrie	224152	B	T	core_destroyed	156
2026-08-13T18:44:14Z	STANDOFF	4588	yulerune	224152	A	T	core_destroyed	233
2026-08-13T18:44:16Z	STANDOFF	4589	yulerune	224152	B	C	core_destroyed	240
2026-08-13T18:44:17Z	STANDOFF	4590	antler	224153	A	T	core_destroyed	314
2026-08-13T18:44:21Z	STANDOFF	4591	antler	224153	B	T	tiebreak	1000
2026-08-13T18:44:23Z	STANDOFF	4592	archipelago	224153	A	T	core_destroyed	71
2026-08-13T18:44:32Z	STANDOFF	4593	archipelago	224153	B	T	tiebreak	1000
2026-08-13T18:44:34Z	STANDOFF	4594	auroraveil	224153	A	T	core_destroyed	212
2026-08-13T18:44:36Z	STANDOFF	4595	auroraveil	224153	B	T	core_destroyed	144
2026-08-13T18:44:40Z	STANDOFF	4596	drakkarfjord	224153	A	T	core_destroyed	350
2026-08-13T18:44:42Z	STANDOFF	4597	drakkarfjord	224153	B	C	core_destroyed	104
2026-08-13T18:44:44Z	STANDOFF	4598	drumlin	224153	A	C	core_destroyed	269
2026-08-13T18:44:47Z	STANDOFF	4599	drumlin	224153	B	C	core_destroyed	329
2026-08-13T18:44:48Z	STANDOFF	4600	fjordgate	224153	A	C	core_destroyed	172
2026-08-13T18:44:49Z	STANDOFF	4601	fjordgate	224153	B	C	core_destroyed	179
2026-08-13T18:44:53Z	STANDOFF	4602	frostgate	224153	A	C	core_destroyed	586
2026-08-13T18:44:54Z	STANDOFF	4603	frostgate	224153	B	T	core_destroyed	329
2026-08-13T18:44:56Z	STANDOFF	4604	glacierkeep	224153	A	T	core_destroyed	177
2026-08-13T18:44:57Z	STANDOFF	4605	glacierkeep	224153	B	C	core_destroyed	132
2026-08-13T18:45:01Z	STANDOFF	4606	icefloe	224153	A	C	core_destroyed	339
2026-08-13T18:45:03Z	STANDOFF	4607	icefloe	224153	B	C	core_destroyed	276
2026-08-13T18:45:06Z	STANDOFF	4608	midgard	224153	A	T	core_destroyed	117
2026-08-13T18:45:08Z	STANDOFF	4609	midgard	224153	B	T	core_destroyed	92
2026-08-13T18:45:09Z	STANDOFF	4610	nordkap	224153	A	T	core_destroyed	132
2026-08-13T18:45:13Z	STANDOFF	4611	nordkap	224153	B	C	core_destroyed	300
2026-08-13T18:45:16Z	STANDOFF	4612	ragnarok	224153	A	T	core_destroyed	160
2026-08-13T18:45:19Z	STANDOFF	4613	ragnarok	224153	B	C	core_destroyed	243
2026-08-13T18:45:21Z	STANDOFF	4614	royale	224153	A	C	core_destroyed	583
2026-08-13T18:45:23Z	STANDOFF	4615	royale	224153	B	T	core_destroyed	257
2026-08-13T18:45:27Z	STANDOFF	4616	valkyrie	224153	A	T	core_destroyed	283
2026-08-13T18:45:28Z	STANDOFF	4617	valkyrie	224153	B	C	core_destroyed	109
2026-08-13T18:45:30Z	STANDOFF	4618	yulerune	224153	A	T	core_destroyed	146
2026-08-13T18:45:32Z	STANDOFF	4619	yulerune	224153	B	T	core_destroyed	176
2026-08-13T18:45:34Z	STANDOFF	4620	antler	224154	A	T	core_destroyed	154
2026-08-13T18:45:35Z	STANDOFF	4621	antler	224154	B	C	core_destroyed	133
2026-08-13T18:45:45Z	STANDOFF	4622	archipelago	224154	A	C	core_destroyed	480
2026-08-13T18:45:50Z	STANDOFF	4623	archipelago	224154	B	C	core_destroyed	329
2026-08-13T18:45:51Z	STANDOFF	4624	auroraveil	224154	A	C	core_destroyed	132
2026-08-13T18:45:53Z	STANDOFF	4625	auroraveil	224154	B	T	core_destroyed	178
2026-08-13T18:46:06Z	STANDOFF	4626	drakkarfjord	224154	A	C	tiebreak	1000
2026-08-13T18:46:09Z	STANDOFF	4627	drakkarfjord	224154	B	C	core_destroyed	225
2026-08-13T18:46:10Z	STANDOFF	4628	drumlin	224154	A	C	core_destroyed	134
2026-08-13T18:46:12Z	STANDOFF	4629	drumlin	224154	B	T	core_destroyed	133
2026-08-13T18:46:13Z	STANDOFF	4630	fjordgate	224154	A	C	core_destroyed	124
2026-08-13T18:46:14Z	STANDOFF	4631	fjordgate	224154	B	T	core_destroyed	106
2026-08-13T18:46:17Z	STANDOFF	4632	frostgate	224154	A	T	core_destroyed	273
2026-08-13T18:46:18Z	STANDOFF	4633	frostgate	224154	B	C	core_destroyed	225
2026-08-13T18:46:22Z	STANDOFF	4634	glacierkeep	224154	A	C	core_destroyed	350
2026-08-13T18:46:25Z	STANDOFF	4635	glacierkeep	224154	B	C	core_destroyed	213
2026-08-13T18:46:27Z	STANDOFF	4636	icefloe	224154	A	T	core_destroyed	194
2026-08-13T18:46:29Z	STANDOFF	4637	icefloe	224154	B	C	core_destroyed	214
2026-08-13T18:46:32Z	STANDOFF	4638	midgard	224154	A	T	core_destroyed	177
2026-08-13T18:46:35Z	STANDOFF	4639	midgard	224154	B	T	core_destroyed	148
2026-08-13T18:46:37Z	STANDOFF	4640	nordkap	224154	A	T	core_destroyed	207
2026-08-13T18:46:39Z	STANDOFF	4641	nordkap	224154	B	C	core_destroyed	419
2026-08-13T18:46:44Z	STANDOFF	4642	ragnarok	224154	A	C	core_destroyed	228
2026-08-13T18:46:46Z	STANDOFF	4643	ragnarok	224154	B	C	core_destroyed	183
2026-08-13T18:46:48Z	STANDOFF	4644	royale	224154	A	C	core_destroyed	254
2026-08-13T18:46:50Z	STANDOFF	4645	royale	224154	B	C	tiebreak	1000
2026-08-13T18:46:51Z	STANDOFF	4646	valkyrie	224154	A	C	core_destroyed	124
2026-08-13T18:46:53Z	STANDOFF	4647	valkyrie	224154	B	T	core_destroyed	172
2026-08-13T18:46:56Z	STANDOFF	4648	yulerune	224154	A	C	core_destroyed	154
2026-08-13T18:46:58Z	STANDOFF	4649	yulerune	224154	B	T	core_destroyed	251
2026-08-13T18:46:59Z	STANDOFF	4650	antler	224155	A	T	core_destroyed	210
2026-08-13T18:47:01Z	STANDOFF	4651	antler	224155	B	C	core_destroyed	750
2026-08-13T18:47:03Z	STANDOFF	4652	archipelago	224155	A	C	core_destroyed	117
2026-08-13T18:47:05Z	STANDOFF	4653	archipelago	224155	B	C	core_destroyed	130
2026-08-13T18:47:06Z	STANDOFF	4654	auroraveil	224155	A	T	core_destroyed	101
2026-08-13T18:47:09Z	STANDOFF	4655	auroraveil	224155	B	C	core_destroyed	285
2026-08-13T18:47:14Z	STANDOFF	4656	drakkarfjord	224155	A	C	core_destroyed	392
2026-08-13T18:47:17Z	STANDOFF	4657	drakkarfjord	224155	B	T	core_destroyed	202
2026-08-13T18:47:20Z	STANDOFF	4658	drumlin	224155	A	T	core_destroyed	210
2026-08-13T18:47:21Z	STANDOFF	4659	drumlin	224155	B	T	core_destroyed	394
2026-08-13T18:47:22Z	STANDOFF	4660	fjordgate	224155	A	T	core_destroyed	174
2026-08-13T18:47:24Z	STANDOFF	4661	fjordgate	224155	B	C	core_destroyed	272
2026-08-13T18:47:26Z	STANDOFF	4662	frostgate	224155	A	C	core_destroyed	159
2026-08-13T18:47:27Z	STANDOFF	4663	frostgate	224155	B	C	core_destroyed	170
2026-08-13T18:47:43Z	STANDOFF	4664	glacierkeep	224155	A	C	core_destroyed	722
2026-08-13T18:47:47Z	STANDOFF	4665	glacierkeep	224155	B	C	core_destroyed	792
2026-08-13T18:47:50Z	STANDOFF	4666	icefloe	224155	A	T	core_destroyed	393
2026-08-13T18:47:53Z	STANDOFF	4667	icefloe	224155	B	C	core_destroyed	256
2026-08-13T18:47:55Z	STANDOFF	4668	midgard	224155	A	C	core_destroyed	107
2026-08-13T18:47:58Z	STANDOFF	4669	midgard	224155	B	C	core_destroyed	147
2026-08-13T18:47:59Z	STANDOFF	4670	nordkap	224155	A	C	core_destroyed	217
2026-08-13T18:48:03Z	STANDOFF	4671	nordkap	224155	B	C	core_destroyed	665
2026-08-13T18:48:17Z	STANDOFF	4672	ragnarok	224155	A	C	core_destroyed	540
2026-08-13T18:48:20Z	STANDOFF	4673	ragnarok	224155	B	C	core_destroyed	231
2026-08-13T18:48:23Z	STANDOFF	4674	royale	224155	A	C	core_destroyed	508
2026-08-13T18:48:25Z	STANDOFF	4675	royale	224155	B	C	core_destroyed	490
2026-08-13T18:48:28Z	STANDOFF	4676	valkyrie	224155	A	C	core_destroyed	154
2026-08-13T18:48:30Z	STANDOFF	4677	valkyrie	224155	B	C	core_destroyed	276
2026-08-13T18:48:33Z	STANDOFF	4678	yulerune	224155	A	T	core_destroyed	181
2026-08-13T18:48:37Z	STANDOFF	4679	yulerune	224155	B	C	core_destroyed	554
2026-08-13T18:48:38Z	STANDOFF	4680	antler	224156	A	C	core_destroyed	376
2026-08-13T18:48:40Z	STANDOFF	4681	antler	224156	B	C	core_destroyed	277
2026-08-13T18:48:42Z	STANDOFF	4682	archipelago	224156	A	T	core_destroyed	129
2026-08-13T18:48:44Z	STANDOFF	4683	archipelago	224156	B	C	core_destroyed	106
2026-08-13T18:48:49Z	STANDOFF	4684	auroraveil	224156	A	C	tiebreak	1000
2026-08-13T18:48:51Z	STANDOFF	4685	auroraveil	224156	B	C	core_destroyed	334
2026-08-13T18:48:58Z	STANDOFF	4686	drakkarfjord	224156	A	C	core_destroyed	892
2026-08-13T18:49:09Z	STANDOFF	4687	drakkarfjord	224156	B	T	tiebreak	1000
2026-08-13T18:49:12Z	STANDOFF	4688	drumlin	224156	A	T	core_destroyed	333
2026-08-13T18:49:15Z	STANDOFF	4689	drumlin	224156	B	T	core_destroyed	458
2026-08-13T18:49:16Z	STANDOFF	4690	fjordgate	224156	A	T	core_destroyed	269
2026-08-13T18:49:17Z	STANDOFF	4691	fjordgate	224156	B	C	core_destroyed	136
2026-08-13T18:49:19Z	STANDOFF	4692	frostgate	224156	A	T	core_destroyed	112
2026-08-13T18:49:20Z	STANDOFF	4693	frostgate	224156	B	T	core_destroyed	181
2026-08-13T18:49:22Z	STANDOFF	4694	glacierkeep	224156	A	T	core_destroyed	195
2026-08-13T18:49:24Z	STANDOFF	4695	glacierkeep	224156	B	C	core_destroyed	214
2026-08-13T18:49:26Z	STANDOFF	4696	icefloe	224156	A	T	core_destroyed	261
2026-08-13T18:49:29Z	STANDOFF	4697	icefloe	224156	B	T	core_destroyed	208
2026-08-13T18:49:32Z	STANDOFF	4698	midgard	224156	A	T	core_destroyed	116
2026-08-13T18:49:34Z	STANDOFF	4699	midgard	224156	B	C	core_destroyed	219
2026-08-13T18:49:36Z	STANDOFF	4700	nordkap	224156	A	T	core_destroyed	328
2026-08-13T18:49:37Z	STANDOFF	4701	nordkap	224156	B	C	core_destroyed	133
2026-08-13T18:49:44Z	STANDOFF	4702	ragnarok	224156	A	C	core_destroyed	245
2026-08-13T18:49:49Z	STANDOFF	4703	ragnarok	224156	B	T	core_destroyed	370
2026-08-13T18:49:50Z	STANDOFF	4704	royale	224156	A	T	core_destroyed	99
2026-08-13T18:49:51Z	STANDOFF	4705	royale	224156	B	T	core_destroyed	454
2026-08-13T18:49:55Z	STANDOFF	4706	valkyrie	224156	A	C	core_destroyed	200
2026-08-13T18:49:56Z	STANDOFF	4707	valkyrie	224156	B	C	core_destroyed	122
2026-08-13T18:49:59Z	STANDOFF	4708	yulerune	224156	A	C	core_destroyed	219
2026-08-13T18:50:03Z	STANDOFF	4709	yulerune	224156	B	T	core_destroyed	380
2026-08-13T18:50:05Z	STANDOFF	4710	antler	224157	A	C	core_destroyed	201
2026-08-13T18:50:06Z	STANDOFF	4711	antler	224157	B	T	core_destroyed	221
2026-08-13T18:50:09Z	STANDOFF	4712	archipelago	224157	A	C	core_destroyed	159
2026-08-13T18:50:11Z	STANDOFF	4713	archipelago	224157	B	T	core_destroyed	123
2026-08-13T18:50:13Z	STANDOFF	4714	auroraveil	224157	A	C	core_destroyed	228
2026-08-13T18:50:14Z	STANDOFF	4715	auroraveil	224157	B	T	core_destroyed	123
2026-08-13T18:50:25Z	STANDOFF	4716	drakkarfjord	224157	A	C	tiebreak	1000
2026-08-13T18:50:29Z	STANDOFF	4717	drakkarfjord	224157	B	T	core_destroyed	500
2026-08-13T18:50:31Z	STANDOFF	4718	drumlin	224157	A	T	core_destroyed	118
2026-08-13T18:50:32Z	STANDOFF	4719	drumlin	224157	B	C	core_destroyed	80
2026-08-13T18:50:33Z	STANDOFF	4720	fjordgate	224157	A	C	core_destroyed	228
2026-08-13T18:50:34Z	STANDOFF	4721	fjordgate	224157	B	T	core_destroyed	146
2026-08-13T18:50:36Z	STANDOFF	4722	frostgate	224157	A	C	core_destroyed	345
2026-08-13T18:50:38Z	STANDOFF	4723	frostgate	224157	B	C	core_destroyed	219
2026-08-13T18:50:40Z	STANDOFF	4724	glacierkeep	224157	A	T	core_destroyed	179
2026-08-13T18:50:43Z	STANDOFF	4725	glacierkeep	224157	B	T	core_destroyed	563
2026-08-13T18:50:46Z	STANDOFF	4726	icefloe	224157	A	T	core_destroyed	240
2026-08-13T18:50:49Z	STANDOFF	4727	icefloe	224157	B	C	core_destroyed	531
2026-08-13T18:51:01Z	STANDOFF	4728	midgard	224157	A	C	tiebreak	1000
2026-08-13T18:51:03Z	STANDOFF	4729	midgard	224157	B	T	core_destroyed	92
2026-08-13T18:51:05Z	STANDOFF	4730	nordkap	224157	A	C	core_destroyed	337
2026-08-13T18:51:07Z	STANDOFF	4731	nordkap	224157	B	C	core_destroyed	253
2026-08-13T18:51:54Z	STANDOFF	4732	ragnarok	224157	A	T	tiebreak	1000
2026-08-13T18:52:49Z	STANDOFF	4733	ragnarok	224157	B	C	tiebreak	1000
2026-08-13T18:52:53Z	STANDOFF	4734	royale	224157	A	C	core_destroyed	677
2026-08-13T18:52:55Z	STANDOFF	4735	royale	224157	B	C	tiebreak	1000
2026-08-13T18:53:04Z	STANDOFF	4736	valkyrie	224157	A	T	tiebreak	1000
2026-08-13T18:53:07Z	STANDOFF	4737	valkyrie	224157	B	C	core_destroyed	164
2026-08-13T18:53:09Z	STANDOFF	4738	yulerune	224157	A	T	core_destroyed	221
2026-08-13T18:53:11Z	STANDOFF	4739	yulerune	224157	B	T	core_destroyed	140
2026-08-13T18:53:12Z	STANDOFF	4740	antler	224158	A	C	core_destroyed	139
2026-08-13T18:53:14Z	STANDOFF	4741	antler	224158	B	C	core_destroyed	385
2026-08-13T18:53:16Z	STANDOFF	4742	archipelago	224158	A	T	core_destroyed	90
2026-08-13T18:53:19Z	STANDOFF	4743	archipelago	224158	B	C	core_destroyed	140
2026-08-13T18:53:20Z	STANDOFF	4744	auroraveil	224158	A	T	core_destroyed	117
2026-08-13T18:53:21Z	STANDOFF	4745	auroraveil	224158	B	C	core_destroyed	133
2026-08-13T18:53:26Z	STANDOFF	4746	drakkarfjord	224158	A	T	core_destroyed	308
2026-08-13T18:53:34Z	STANDOFF	4747	drakkarfjord	224158	B	T	tiebreak	1000
2026-08-13T18:53:38Z	STANDOFF	4748	drumlin	224158	A	T	core_destroyed	376
2026-08-13T18:53:43Z	STANDOFF	4749	drumlin	224158	B	T	core_destroyed	398
2026-08-13T18:53:44Z	STANDOFF	4750	fjordgate	224158	A	T	core_destroyed	207
2026-08-13T18:53:45Z	STANDOFF	4751	fjordgate	224158	B	C	core_destroyed	100
2026-08-13T18:53:46Z	STANDOFF	4752	frostgate	224158	A	T	core_destroyed	239
2026-08-13T18:53:48Z	STANDOFF	4753	frostgate	224158	B	T	core_destroyed	174
2026-08-13T18:53:51Z	STANDOFF	4754	glacierkeep	224158	A	T	core_destroyed	214
2026-08-13T18:54:00Z	STANDOFF	4755	glacierkeep	224158	B	T	core_destroyed	457
2026-08-13T18:54:03Z	STANDOFF	4756	icefloe	224158	A	C	core_destroyed	360
2026-08-13T18:54:05Z	STANDOFF	4757	icefloe	224158	B	T	core_destroyed	110
2026-08-13T18:54:07Z	STANDOFF	4758	midgard	224158	A	C	core_destroyed	157
2026-08-13T18:54:16Z	STANDOFF	4759	midgard	224158	B	T	core_destroyed	535
2026-08-13T18:54:17Z	STANDOFF	4760	nordkap	224158	A	C	core_destroyed	908
2026-08-13T18:54:19Z	STANDOFF	4761	nordkap	224158	B	T	core_destroyed	234
2026-08-13T18:54:29Z	STANDOFF	4762	ragnarok	224158	A	C	core_destroyed	334
2026-08-13T18:54:32Z	STANDOFF	4763	ragnarok	224158	B	T	core_destroyed	244
2026-08-13T18:54:34Z	STANDOFF	4764	royale	224158	A	T	core_destroyed	833
2026-08-13T18:54:36Z	STANDOFF	4765	royale	224158	B	T	core_destroyed	242
2026-08-13T18:54:38Z	STANDOFF	4766	valkyrie	224158	A	C	core_destroyed	183
2026-08-13T18:54:40Z	STANDOFF	4767	valkyrie	224158	B	T	core_destroyed	114
2026-08-13T18:54:43Z	STANDOFF	4768	yulerune	224158	A	C	core_destroyed	245
2026-08-13T18:54:45Z	STANDOFF	4769	yulerune	224158	B	C	core_destroyed	168
2026-08-13T18:54:47Z	STANDOFF	4770	antler	224159	A	T	core_destroyed	323
2026-08-13T18:54:49Z	STANDOFF	4771	antler	224159	B	T	core_destroyed	226
2026-08-13T18:54:51Z	STANDOFF	4772	archipelago	224159	A	T	core_destroyed	129
2026-08-13T18:55:08Z	STANDOFF	4773	archipelago	224159	B	C	tiebreak	1000
2026-08-13T18:55:10Z	STANDOFF	4774	auroraveil	224159	A	T	core_destroyed	178
2026-08-13T18:55:11Z	STANDOFF	4775	auroraveil	224159	B	C	core_destroyed	126
2026-08-13T18:55:20Z	STANDOFF	4776	drakkarfjord	224159	A	C	tiebreak	1000
2026-08-13T18:55:22Z	STANDOFF	4777	drakkarfjord	224159	B	T	core_destroyed	165
2026-08-13T18:55:26Z	STANDOFF	4778	drumlin	224159	A	C	core_destroyed	401
2026-08-13T18:55:31Z	STANDOFF	4779	drumlin	224159	B	T	core_destroyed	333
2026-08-13T18:55:32Z	STANDOFF	4780	fjordgate	224159	A	C	core_destroyed	148
2026-08-13T18:55:33Z	STANDOFF	4781	fjordgate	224159	B	T	core_destroyed	207
2026-08-13T18:55:35Z	STANDOFF	4782	frostgate	224159	A	T	core_destroyed	218
2026-08-13T18:55:38Z	STANDOFF	4783	frostgate	224159	B	T	core_destroyed	301
2026-08-13T18:55:42Z	STANDOFF	4784	glacierkeep	224159	A	C	core_destroyed	253
2026-08-13T18:55:44Z	STANDOFF	4785	glacierkeep	224159	B	C	core_destroyed	401
2026-08-13T18:55:47Z	STANDOFF	4786	icefloe	224159	A	T	core_destroyed	227
2026-08-13T18:55:49Z	STANDOFF	4787	icefloe	224159	B	C	core_destroyed	262
2026-08-13T18:55:52Z	STANDOFF	4788	midgard	224159	A	T	core_destroyed	218
2026-08-13T18:55:54Z	STANDOFF	4789	midgard	224159	B	T	core_destroyed	79
2026-08-13T18:55:56Z	STANDOFF	4790	nordkap	224159	A	C	core_destroyed	289
2026-08-13T18:55:58Z	STANDOFF	4791	nordkap	224159	B	T	core_destroyed	662
2026-08-13T18:56:00Z	STANDOFF	4792	ragnarok	224159	A	T	core_destroyed	115
2026-08-13T18:56:25Z	STANDOFF	4793	ragnarok	224159	B	C	tiebreak	1000
2026-08-13T18:56:28Z	STANDOFF	4794	royale	224159	A	T	tiebreak	1000
2026-08-13T18:56:32Z	STANDOFF	4795	royale	224159	B	T	core_destroyed	693
2026-08-13T18:56:36Z	STANDOFF	4796	valkyrie	224159	A	C	core_destroyed	270
2026-08-13T18:56:38Z	STANDOFF	4797	valkyrie	224159	B	C	core_destroyed	126
2026-08-13T18:56:41Z	STANDOFF	4798	yulerune	224159	A	T	core_destroyed	345
2026-08-13T18:56:43Z	STANDOFF	4799	yulerune	224159	B	T	core_destroyed	186
2026-08-13T18:56:45Z	STANDOFF	4800	antler	224160	A	T	core_destroyed	426
2026-08-13T18:56:47Z	STANDOFF	4801	antler	224160	B	C	core_destroyed	405
2026-08-13T18:56:50Z	STANDOFF	4802	archipelago	224160	A	C	core_destroyed	170
2026-08-13T18:56:52Z	STANDOFF	4803	archipelago	224160	B	T	core_destroyed	149
2026-08-13T18:56:54Z	STANDOFF	4804	auroraveil	224160	A	C	core_destroyed	256
2026-08-13T18:56:56Z	STANDOFF	4805	auroraveil	224160	B	C	core_destroyed	164
2026-08-13T18:57:09Z	STANDOFF	4806	drakkarfjord	224160	A	C	tiebreak	1000
2026-08-13T18:57:14Z	STANDOFF	4807	drakkarfjord	224160	B	T	core_destroyed	278
2026-08-13T18:57:16Z	STANDOFF	4808	drumlin	224160	A	T	core_destroyed	181
2026-08-13T18:57:18Z	STANDOFF	4809	drumlin	224160	B	C	core_destroyed	191
2026-08-13T18:57:20Z	STANDOFF	4810	fjordgate	224160	A	C	core_destroyed	174
2026-08-13T18:57:21Z	STANDOFF	4811	fjordgate	224160	B	T	core_destroyed	196
2026-08-13T18:57:24Z	STANDOFF	4812	frostgate	224160	A	C	core_destroyed	202
2026-08-13T18:57:26Z	STANDOFF	4813	frostgate	224160	B	T	tiebreak	1000
2026-08-13T18:57:30Z	STANDOFF	4814	glacierkeep	224160	A	T	core_destroyed	395
2026-08-13T18:57:40Z	STANDOFF	4815	glacierkeep	224160	B	C	tiebreak	1000
2026-08-13T18:57:43Z	STANDOFF	4816	icefloe	224160	A	T	core_destroyed	270
2026-08-13T18:57:45Z	STANDOFF	4817	icefloe	224160	B	C	core_destroyed	183
2026-08-13T18:57:47Z	STANDOFF	4818	midgard	224160	A	T	core_destroyed	115
2026-08-13T18:57:51Z	STANDOFF	4819	midgard	224160	B	T	core_destroyed	244
2026-08-13T18:57:54Z	STANDOFF	4820	nordkap	224160	A	C	core_destroyed	237
2026-08-13T18:57:57Z	STANDOFF	4821	nordkap	224160	B	C	tiebreak	1000
2026-08-13T18:58:04Z	STANDOFF	4822	ragnarok	224160	A	C	core_destroyed	254
2026-08-13T18:58:08Z	STANDOFF	4823	ragnarok	224160	B	T	core_destroyed	176
2026-08-13T18:58:09Z	STANDOFF	4824	royale	224160	A	T	core_destroyed	189
2026-08-13T18:58:10Z	STANDOFF	4825	royale	224160	B	T	core_destroyed	217
2026-08-13T18:58:12Z	STANDOFF	4826	valkyrie	224160	A	C	core_destroyed	96
2026-08-13T18:58:14Z	STANDOFF	4827	valkyrie	224160	B	T	core_destroyed	112
2026-08-13T18:58:15Z	STANDOFF	4828	yulerune	224160	A	C	core_destroyed	126
2026-08-13T18:58:18Z	STANDOFF	4829	yulerune	224160	B	T	core_destroyed	206
2026-08-13T18:58:19Z	STANDOFF	4830	antler	224161	A	C	core_destroyed	106
2026-08-13T18:58:21Z	STANDOFF	4831	antler	224161	B	C	core_destroyed	414
2026-08-13T18:58:24Z	STANDOFF	4832	archipelago	224161	A	C	core_destroyed	174
2026-08-13T18:58:27Z	STANDOFF	4833	archipelago	224161	B	C	core_destroyed	223
2026-08-13T18:58:29Z	STANDOFF	4834	auroraveil	224161	A	T	core_destroyed	78
2026-08-13T18:58:30Z	STANDOFF	4835	auroraveil	224161	B	T	core_destroyed	144
2026-08-13T18:58:37Z	STANDOFF	4836	drakkarfjord	224161	A	C	core_destroyed	432
2026-08-13T18:58:41Z	STANDOFF	4837	drakkarfjord	224161	B	T	core_destroyed	264
2026-08-13T18:58:43Z	STANDOFF	4838	drumlin	224161	A	T	core_destroyed	133
2026-08-13T18:58:46Z	STANDOFF	4839	drumlin	224161	B	C	core_destroyed	392
2026-08-13T18:58:48Z	STANDOFF	4840	fjordgate	224161	A	T	tiebreak	1000
2026-08-13T18:58:49Z	STANDOFF	4841	fjordgate	224161	B	C	core_destroyed	173
2026-08-13T18:58:50Z	STANDOFF	4842	frostgate	224161	A	C	core_destroyed	190
2026-08-13T18:58:53Z	STANDOFF	4843	frostgate	224161	B	T	core_destroyed	267
2026-08-13T18:58:54Z	STANDOFF	4844	glacierkeep	224161	A	T	core_destroyed	143
2026-08-13T18:59:01Z	STANDOFF	4845	glacierkeep	224161	B	C	tiebreak	1000
2026-08-13T18:59:03Z	STANDOFF	4846	icefloe	224161	A	C	core_destroyed	259
2026-08-13T18:59:05Z	STANDOFF	4847	icefloe	224161	B	C	core_destroyed	153
2026-08-13T18:59:07Z	STANDOFF	4848	midgard	224161	A	C	core_destroyed	108
2026-08-13T18:59:12Z	STANDOFF	4849	midgard	224161	B	T	core_destroyed	297
2026-08-13T18:59:14Z	STANDOFF	4850	nordkap	224161	A	T	core_destroyed	470
2026-08-13T18:59:15Z	STANDOFF	4851	nordkap	224161	B	C	core_destroyed	232
2026-08-13T18:59:17Z	STANDOFF	4852	ragnarok	224161	A	T	core_destroyed	131
2026-08-13T18:59:54Z	STANDOFF	4853	ragnarok	224161	B	C	tiebreak	1000
2026-08-13T18:59:55Z	STANDOFF	4854	royale	224161	A	C	core_destroyed	233
2026-08-13T18:59:57Z	STANDOFF	4855	royale	224161	B	C	core_destroyed	332
2026-08-13T18:59:59Z	STANDOFF	4856	valkyrie	224161	A	C	core_destroyed	133
2026-08-13T19:00:05Z	STANDOFF	4857	valkyrie	224161	B	C	tiebreak	1000
2026-08-13T19:00:10Z	STANDOFF	4858	yulerune	224161	A	T	tiebreak	1000
2026-08-13T19:00:12Z	STANDOFF	4859	yulerune	224161	B	C	core_destroyed	187
2026-08-13T19:00:15Z	STANDOFF	4860	antler	224162	A	C	tiebreak	1000
2026-08-13T19:00:17Z	STANDOFF	4861	antler	224162	B	C	core_destroyed	332
2026-08-13T19:00:19Z	STANDOFF	4862	archipelago	224162	A	C	core_destroyed	97
2026-08-13T19:00:24Z	STANDOFF	4863	archipelago	224162	B	C	core_destroyed	334
2026-08-13T19:00:28Z	STANDOFF	4864	auroraveil	224162	A	C	core_destroyed	285
2026-08-13T19:00:30Z	STANDOFF	4865	auroraveil	224162	B	C	core_destroyed	188
2026-08-13T19:00:39Z	STANDOFF	4866	drakkarfjord	224162	A	C	tiebreak	1000
2026-08-13T19:00:52Z	STANDOFF	4867	drakkarfjord	224162	B	T	tiebreak	1000
2026-08-13T19:00:54Z	STANDOFF	4868	drumlin	224162	A	T	core_destroyed	113
2026-08-13T19:00:55Z	STANDOFF	4869	drumlin	224162	B	C	core_destroyed	232
2026-08-13T19:00:56Z	STANDOFF	4870	fjordgate	224162	A	T	core_destroyed	140
2026-08-13T19:00:58Z	STANDOFF	4871	fjordgate	224162	B	T	core_destroyed	351
2026-08-13T19:01:00Z	STANDOFF	4872	frostgate	224162	A	T	core_destroyed	388
2026-08-13T19:01:01Z	STANDOFF	4873	frostgate	224162	B	C	core_destroyed	102
2026-08-13T19:01:03Z	STANDOFF	4874	glacierkeep	224162	A	C	core_destroyed	152
2026-08-13T19:01:05Z	STANDOFF	4875	glacierkeep	224162	B	T	core_destroyed	115
2026-08-13T19:01:07Z	STANDOFF	4876	icefloe	224162	A	T	core_destroyed	204
2026-08-13T19:01:09Z	STANDOFF	4877	icefloe	224162	B	C	core_destroyed	123
2026-08-13T19:01:11Z	STANDOFF	4878	midgard	224162	A	C	core_destroyed	94
2026-08-13T19:01:14Z	STANDOFF	4879	midgard	224162	B	C	core_destroyed	78
2026-08-13T19:01:16Z	STANDOFF	4880	nordkap	224162	A	T	core_destroyed	289
2026-08-13T19:01:18Z	STANDOFF	4881	nordkap	224162	B	C	core_destroyed	189
2026-08-13T19:01:20Z	STANDOFF	4882	ragnarok	224162	A	T	core_destroyed	123
2026-08-13T19:01:23Z	STANDOFF	4883	ragnarok	224162	B	C	core_destroyed	133
2026-08-13T19:01:25Z	STANDOFF	4884	royale	224162	A	C	core_destroyed	229
2026-08-13T19:01:27Z	STANDOFF	4885	royale	224162	B	C	core_destroyed	221
2026-08-13T19:01:31Z	STANDOFF	4886	valkyrie	224162	A	C	core_destroyed	442
2026-08-13T19:01:37Z	STANDOFF	4887	valkyrie	224162	B	T	tiebreak	1000
2026-08-13T19:01:39Z	STANDOFF	4888	yulerune	224162	A	T	core_destroyed	305
2026-08-13T19:01:41Z	STANDOFF	4889	yulerune	224162	B	C	core_destroyed	155
2026-08-13T19:01:42Z	STANDOFF	4890	antler	224163	A	C	core_destroyed	154
2026-08-13T19:01:43Z	STANDOFF	4891	antler	224163	B	C	core_destroyed	171
2026-08-13T19:01:45Z	STANDOFF	4892	archipelago	224163	A	T	core_destroyed	86
2026-08-13T19:01:47Z	STANDOFF	4893	archipelago	224163	B	C	core_destroyed	143
2026-08-13T19:01:49Z	STANDOFF	4894	auroraveil	224163	A	C	core_destroyed	178
2026-08-13T19:01:51Z	STANDOFF	4895	auroraveil	224163	B	C	core_destroyed	166
2026-08-13T19:01:54Z	STANDOFF	4896	drakkarfjord	224163	A	T	core_destroyed	224
2026-08-13T19:01:58Z	STANDOFF	4897	drakkarfjord	224163	B	T	core_destroyed	301
2026-08-13T19:02:00Z	STANDOFF	4898	drumlin	224163	A	T	core_destroyed	164
2026-08-13T19:02:02Z	STANDOFF	4899	drumlin	224163	B	C	core_destroyed	167
2026-08-13T19:02:03Z	STANDOFF	4900	fjordgate	224163	A	T	core_destroyed	102
2026-08-13T19:02:05Z	STANDOFF	4901	fjordgate	224163	B	C	core_destroyed	124
2026-08-13T19:02:08Z	STANDOFF	4902	frostgate	224163	A	T	core_destroyed	421
2026-08-13T19:02:09Z	STANDOFF	4903	frostgate	224163	B	T	core_destroyed	187
2026-08-13T19:02:12Z	STANDOFF	4904	glacierkeep	224163	A	T	core_destroyed	210
2026-08-13T19:02:14Z	STANDOFF	4905	glacierkeep	224163	B	C	core_destroyed	230
2026-08-13T19:02:16Z	STANDOFF	4906	icefloe	224163	A	C	core_destroyed	131
2026-08-13T19:02:18Z	STANDOFF	4907	icefloe	224163	B	C	core_destroyed	199
2026-08-13T19:02:42Z	STANDOFF	4908	midgard	224163	A	C	tiebreak	1000
2026-08-13T19:02:45Z	STANDOFF	4909	midgard	224163	B	C	core_destroyed	142
2026-08-13T19:02:46Z	STANDOFF	4910	nordkap	224163	A	C	core_destroyed	159
2026-08-13T19:02:48Z	STANDOFF	4911	nordkap	224163	B	T	tiebreak	1000
2026-08-13T19:03:20Z	STANDOFF	4912	ragnarok	224163	A	T	tiebreak	1000
2026-08-13T19:03:23Z	STANDOFF	4913	ragnarok	224163	B	C	core_destroyed	154
2026-08-13T19:03:24Z	STANDOFF	4914	royale	224163	A	T	core_destroyed	139
2026-08-13T19:03:26Z	STANDOFF	4915	royale	224163	B	T	core_destroyed	282
2026-08-13T19:03:29Z	STANDOFF	4916	valkyrie	224163	A	T	core_destroyed	186
2026-08-13T19:03:37Z	STANDOFF	4917	valkyrie	224163	B	C	core_destroyed	413
2026-08-13T19:03:38Z	STANDOFF	4918	yulerune	224163	A	T	core_destroyed	195
2026-08-13T19:03:41Z	STANDOFF	4919	yulerune	224163	B	T	core_destroyed	451
2026-08-13T19:03:44Z	STANDOFF	4920	antler	224164	A	C	core_destroyed	703
2026-08-13T19:03:47Z	STANDOFF	4921	antler	224164	B	T	core_destroyed	203
2026-08-13T19:03:48Z	STANDOFF	4922	archipelago	224164	A	C	core_destroyed	90
2026-08-13T19:03:50Z	STANDOFF	4923	archipelago	224164	B	T	core_destroyed	125
2026-08-13T19:03:52Z	STANDOFF	4924	auroraveil	224164	A	C	core_destroyed	180
2026-08-13T19:03:55Z	STANDOFF	4925	auroraveil	224164	B	C	core_destroyed	263
2026-08-13T19:03:57Z	STANDOFF	4926	drakkarfjord	224164	A	C	core_destroyed	141
2026-08-13T19:04:09Z	STANDOFF	4927	drakkarfjord	224164	B	T	tiebreak	1000
2026-08-13T19:04:15Z	STANDOFF	4928	drumlin	224164	A	T	core_destroyed	390
2026-08-13T19:04:18Z	STANDOFF	4929	drumlin	224164	B	T	core_destroyed	226
2026-08-13T19:04:19Z	STANDOFF	4930	fjordgate	224164	A	C	core_destroyed	179
2026-08-13T19:04:21Z	STANDOFF	4931	fjordgate	224164	B	T	core_destroyed	214
2026-08-13T19:04:22Z	STANDOFF	4932	frostgate	224164	A	T	core_destroyed	387
2026-08-13T19:04:24Z	STANDOFF	4933	frostgate	224164	B	T	core_destroyed	271
2026-08-13T19:04:32Z	STANDOFF	4934	glacierkeep	224164	A	C	core_destroyed	703
2026-08-13T19:04:35Z	STANDOFF	4935	glacierkeep	224164	B	C	core_destroyed	247
2026-08-13T19:04:37Z	STANDOFF	4936	icefloe	224164	A	T	core_destroyed	99
2026-08-13T19:04:54Z	STANDOFF	4937	icefloe	224164	B	C	tiebreak	1000
2026-08-13T19:04:56Z	STANDOFF	4938	midgard	224164	A	T	core_destroyed	197
2026-08-13T19:04:59Z	STANDOFF	4939	midgard	224164	B	C	core_destroyed	118
2026-08-13T19:05:01Z	STANDOFF	4940	nordkap	224164	A	C	tiebreak	1000
2026-08-13T19:05:03Z	STANDOFF	4941	nordkap	224164	B	C	core_destroyed	226
2026-08-13T19:05:08Z	STANDOFF	4942	ragnarok	224164	A	T	core_destroyed	195
2026-08-13T19:05:50Z	STANDOFF	4943	ragnarok	224164	B	T	tiebreak	1000
2026-08-13T19:05:51Z	STANDOFF	4944	royale	224164	A	C	core_destroyed	480
2026-08-13T19:05:52Z	STANDOFF	4945	royale	224164	B	C	core_destroyed	147
2026-08-13T19:05:54Z	STANDOFF	4946	valkyrie	224164	A	T	core_destroyed	104
2026-08-13T19:06:07Z	STANDOFF	4947	valkyrie	224164	B	T	tiebreak	1000
2026-08-13T19:06:10Z	STANDOFF	4948	yulerune	224164	A	C	core_destroyed	314
2026-08-13T19:06:13Z	STANDOFF	4949	yulerune	224164	B	T	core_destroyed	216
2026-08-13T19:06:15Z	STANDOFF	4950	antler	224165	A	C	core_destroyed	536
2026-08-13T19:06:18Z	STANDOFF	4951	antler	224165	B	C	core_destroyed	350
2026-08-13T19:06:20Z	STANDOFF	4952	archipelago	224165	A	T	core_destroyed	74
2026-08-13T19:06:22Z	STANDOFF	4953	archipelago	224165	B	C	core_destroyed	180
2026-08-13T19:06:24Z	STANDOFF	4954	auroraveil	224165	A	T	core_destroyed	188
2026-08-13T19:06:29Z	STANDOFF	4955	auroraveil	224165	B	T	core_destroyed	596
2026-08-13T19:06:36Z	STANDOFF	4956	drakkarfjord	224165	A	C	core_destroyed	353
2026-08-13T19:06:41Z	STANDOFF	4957	drakkarfjord	224165	B	C	core_destroyed	311
2026-08-13T19:06:44Z	STANDOFF	4958	drumlin	224165	A	T	core_destroyed	443
2026-08-13T19:06:52Z	STANDOFF	4959	drumlin	224165	B	T	core_destroyed	941
2026-08-13T19:06:54Z	STANDOFF	4960	fjordgate	224165	A	T	core_destroyed	467
2026-08-13T19:06:56Z	STANDOFF	4961	fjordgate	224165	B	T	core_destroyed	406
2026-08-13T19:06:59Z	STANDOFF	4962	frostgate	224165	A	C	core_destroyed	328
2026-08-13T19:07:01Z	STANDOFF	4963	frostgate	224165	B	T	tiebreak	1000
2026-08-13T19:07:08Z	STANDOFF	4964	glacierkeep	224165	A	T	tiebreak	1000
2026-08-13T19:07:16Z	STANDOFF	4965	glacierkeep	224165	B	T	core_destroyed	870
2026-08-13T19:07:18Z	STANDOFF	4966	icefloe	224165	A	T	core_destroyed	237
2026-08-13T19:07:20Z	STANDOFF	4967	icefloe	224165	B	C	core_destroyed	135
2026-08-13T19:07:22Z	STANDOFF	4968	midgard	224165	A	C	core_destroyed	107
2026-08-13T19:07:24Z	STANDOFF	4969	midgard	224165	B	T	core_destroyed	77
2026-08-13T19:07:26Z	STANDOFF	4970	nordkap	224165	A	C	core_destroyed	221
2026-08-13T19:07:27Z	STANDOFF	4971	nordkap	224165	B	C	core_destroyed	245
2026-08-13T19:07:31Z	STANDOFF	4972	ragnarok	224165	A	C	core_destroyed	243
2026-08-13T19:07:40Z	STANDOFF	4973	ragnarok	224165	B	T	core_destroyed	393
2026-08-13T19:07:42Z	STANDOFF	4974	royale	224165	A	C	core_destroyed	199
2026-08-13T19:07:43Z	STANDOFF	4975	royale	224165	B	C	core_destroyed	128
2026-08-13T19:07:45Z	STANDOFF	4976	valkyrie	224165	A	T	core_destroyed	81
2026-08-13T19:07:46Z	STANDOFF	4977	valkyrie	224165	B	T	core_destroyed	97
2026-08-13T19:07:50Z	STANDOFF	4978	yulerune	224165	A	T	core_destroyed	294
2026-08-13T19:07:52Z	STANDOFF	4979	yulerune	224165	B	T	core_destroyed	286
2026-08-13T19:07:55Z	STANDOFF	4980	antler	224166	A	C	core_destroyed	547
2026-08-13T19:07:58Z	STANDOFF	4981	antler	224166	B	C	core_destroyed	312
2026-08-13T19:08:01Z	STANDOFF	4982	archipelago	224166	A	T	core_destroyed	182
2026-08-13T19:08:03Z	STANDOFF	4983	archipelago	224166	B	C	core_destroyed	216
2026-08-13T19:08:05Z	STANDOFF	4984	auroraveil	224166	A	T	core_destroyed	143
2026-08-13T19:08:09Z	STANDOFF	4985	auroraveil	224166	B	T	core_destroyed	447
2026-08-13T19:08:12Z	STANDOFF	4986	drakkarfjord	224166	A	C	core_destroyed	192
2026-08-13T19:08:19Z	STANDOFF	4987	drakkarfjord	224166	B	T	core_destroyed	517
2026-08-13T19:08:24Z	STANDOFF	4988	drumlin	224166	A	T	core_destroyed	307
2026-08-13T19:08:26Z	STANDOFF	4989	drumlin	224166	B	C	core_destroyed	191
2026-08-13T19:08:28Z	STANDOFF	4990	fjordgate	224166	A	T	core_destroyed	241
2026-08-13T19:08:29Z	STANDOFF	4991	fjordgate	224166	B	C	core_destroyed	175
2026-08-13T19:08:30Z	STANDOFF	4992	frostgate	224166	A	T	core_destroyed	73
2026-08-13T19:08:33Z	STANDOFF	4993	frostgate	224166	B	T	core_destroyed	302
2026-08-13T19:08:36Z	STANDOFF	4994	glacierkeep	224166	A	T	core_destroyed	153
2026-08-13T19:08:40Z	STANDOFF	4995	glacierkeep	224166	B	C	core_destroyed	388
2026-08-13T19:08:42Z	STANDOFF	4996	icefloe	224166	A	C	core_destroyed	147
2026-08-13T19:08:44Z	STANDOFF	4997	icefloe	224166	B	T	core_destroyed	330
2026-08-13T19:08:49Z	STANDOFF	4998	midgard	224166	A	T	core_destroyed	228
2026-08-13T19:08:52Z	STANDOFF	4999	midgard	224166	B	C	core_destroyed	87
2026-08-13T19:08:57Z	STANDOFF	5000	nordkap	224166	A	T	tiebreak	1000
2026-08-13T19:08:59Z	STANDOFF	5001	nordkap	224166	B	C	core_destroyed	296
2026-08-13T19:09:03Z	STANDOFF	5002	ragnarok	224166	A	T	core_destroyed	220
2026-08-13T19:09:06Z	STANDOFF	5003	ragnarok	224166	B	C	core_destroyed	162
2026-08-13T19:09:08Z	STANDOFF	5004	royale	224166	A	T	core_destroyed	249
2026-08-13T19:09:09Z	STANDOFF	5005	royale	224166	B	C	core_destroyed	504
2026-08-13T19:09:12Z	STANDOFF	5006	valkyrie	224166	A	C	core_destroyed	340
2026-08-13T19:09:19Z	STANDOFF	5007	valkyrie	224166	B	C	tiebreak	1000
2026-08-13T19:09:21Z	STANDOFF	5008	yulerune	224166	A	T	core_destroyed	104
2026-08-13T19:09:23Z	STANDOFF	5009	yulerune	224166	B	C	core_destroyed	240
2026-08-13T19:09:25Z	STANDOFF	5010	antler	224167	A	C	tiebreak	1000
2026-08-13T19:09:28Z	STANDOFF	5011	antler	224167	B	C	core_destroyed	281
2026-08-13T19:09:31Z	STANDOFF	5012	archipelago	224167	A	C	core_destroyed	448
2026-08-13T19:09:37Z	STANDOFF	5013	archipelago	224167	B	T	core_destroyed	482
2026-08-13T19:09:40Z	STANDOFF	5014	auroraveil	224167	A	T	tiebreak	1000
2026-08-13T19:09:42Z	STANDOFF	5015	auroraveil	224167	B	T	core_destroyed	368
2026-08-13T19:09:48Z	STANDOFF	5016	drakkarfjord	224167	A	T	core_destroyed	395
2026-08-13T19:09:59Z	STANDOFF	5017	drakkarfjord	224167	B	T	tiebreak	1000
2026-08-13T19:10:00Z	STANDOFF	5018	drumlin	224167	A	C	core_destroyed	185
2026-08-13T19:10:03Z	STANDOFF	5019	drumlin	224167	B	C	core_destroyed	140
2026-08-13T19:10:04Z	STANDOFF	5020	fjordgate	224167	A	T	core_destroyed	146
2026-08-13T19:10:06Z	STANDOFF	5021	fjordgate	224167	B	T	tiebreak	1000
2026-08-13T19:10:07Z	STANDOFF	5022	frostgate	224167	A	C	core_destroyed	293
2026-08-13T19:10:09Z	STANDOFF	5023	frostgate	224167	B	T	core_destroyed	141
2026-08-13T19:10:12Z	STANDOFF	5024	glacierkeep	224167	A	T	core_destroyed	273
2026-08-13T19:10:19Z	STANDOFF	5025	glacierkeep	224167	B	C	tiebreak	1000
2026-08-13T19:10:23Z	STANDOFF	5026	icefloe	224167	A	T	core_destroyed	574
2026-08-13T19:10:24Z	STANDOFF	5027	icefloe	224167	B	C	core_destroyed	138
2026-08-13T19:10:27Z	STANDOFF	5028	midgard	224167	A	T	core_destroyed	84
2026-08-13T19:10:30Z	STANDOFF	5029	midgard	224167	B	C	core_destroyed	179
2026-08-13T19:10:34Z	STANDOFF	5030	nordkap	224167	A	C	core_destroyed	353
2026-08-13T19:10:36Z	STANDOFF	5031	nordkap	224167	B	C	core_destroyed	290
2026-08-13T19:10:38Z	STANDOFF	5032	ragnarok	224167	A	C	core_destroyed	152
2026-08-13T19:10:43Z	STANDOFF	5033	ragnarok	224167	B	C	core_destroyed	217
2026-08-13T19:10:45Z	STANDOFF	5034	royale	224167	A	T	core_destroyed	204
2026-08-13T19:10:47Z	STANDOFF	5035	royale	224167	B	T	core_destroyed	371
2026-08-13T19:10:50Z	STANDOFF	5036	valkyrie	224167	A	C	core_destroyed	124
2026-08-13T19:10:52Z	STANDOFF	5037	valkyrie	224167	B	C	core_destroyed	127
2026-08-13T19:10:57Z	STANDOFF	5038	yulerune	224167	A	T	core_destroyed	532
2026-08-13T19:11:01Z	STANDOFF	5039	yulerune	224167	B	C	core_destroyed	367
2026-08-13T19:11:04Z	STANDOFF	5040	antler	224168	A	C	core_destroyed	703
2026-08-13T19:11:06Z	STANDOFF	5041	antler	224168	B	T	core_destroyed	241
2026-08-13T19:11:09Z	STANDOFF	5042	archipelago	224168	A	T	core_destroyed	133
2026-08-13T19:11:10Z	STANDOFF	5043	archipelago	224168	B	T	core_destroyed	85
2026-08-13T19:11:12Z	STANDOFF	5044	auroraveil	224168	A	C	core_destroyed	181
2026-08-13T19:11:15Z	STANDOFF	5045	auroraveil	224168	B	C	core_destroyed	569
2026-08-13T19:11:28Z	STANDOFF	5046	drakkarfjord	224168	A	C	core_destroyed	881
2026-08-13T19:11:31Z	STANDOFF	5047	drakkarfjord	224168	B	T	core_destroyed	212
2026-08-13T19:11:42Z	STANDOFF	5048	drumlin	224168	A	T	tiebreak	1000
2026-08-13T19:11:45Z	STANDOFF	5049	drumlin	224168	B	T	core_destroyed	229
2026-08-13T19:11:47Z	STANDOFF	5050	fjordgate	224168	A	T	core_destroyed	337
2026-08-13T19:11:49Z	STANDOFF	5051	fjordgate	224168	B	C	tiebreak	1000
2026-08-13T19:11:52Z	STANDOFF	5052	frostgate	224168	A	T	core_destroyed	238
2026-08-13T19:11:53Z	STANDOFF	5053	frostgate	224168	B	T	core_destroyed	333
2026-08-13T19:12:00Z	STANDOFF	5054	glacierkeep	224168	A	C	core_destroyed	725
2026-08-13T19:12:02Z	STANDOFF	5055	glacierkeep	224168	B	C	core_destroyed	185
2026-08-13T19:12:04Z	STANDOFF	5056	icefloe	224168	A	C	core_destroyed	233
2026-08-13T19:12:08Z	STANDOFF	5057	icefloe	224168	B	T	core_destroyed	282
2026-08-13T19:12:11Z	STANDOFF	5058	midgard	224168	A	T	core_destroyed	126
2026-08-13T19:12:16Z	STANDOFF	5059	midgard	224168	B	C	core_destroyed	237
2026-08-13T19:12:17Z	STANDOFF	5060	nordkap	224168	A	C	core_destroyed	154
2026-08-13T19:12:18Z	STANDOFF	5061	nordkap	224168	B	C	core_destroyed	229
2026-08-13T19:12:20Z	STANDOFF	5062	ragnarok	224168	A	T	core_destroyed	134
2026-08-13T19:12:23Z	STANDOFF	5063	ragnarok	224168	B	C	core_destroyed	133
2026-08-13T19:12:25Z	STANDOFF	5064	royale	224168	A	C	tiebreak	1000
2026-08-13T19:12:27Z	STANDOFF	5065	royale	224168	B	C	core_destroyed	452
2026-08-13T19:12:32Z	STANDOFF	5066	valkyrie	224168	A	C	core_destroyed	254
2026-08-13T19:12:53Z	STANDOFF	5067	valkyrie	224168	B	T	tiebreak	1000
2026-08-13T19:12:57Z	STANDOFF	5068	yulerune	224168	A	T	core_destroyed	304
2026-08-13T19:13:00Z	STANDOFF	5069	yulerune	224168	B	T	core_destroyed	182
2026-08-13T19:13:01Z	STANDOFF	5070	antler	224169	A	T	core_destroyed	156
2026-08-13T19:13:03Z	STANDOFF	5071	antler	224169	B	C	core_destroyed	217
2026-08-13T19:13:07Z	STANDOFF	5072	archipelago	224169	A	T	core_destroyed	314
2026-08-13T19:13:09Z	STANDOFF	5073	archipelago	224169	B	T	core_destroyed	116
2026-08-13T19:13:12Z	STANDOFF	5074	auroraveil	224169	A	T	tiebreak	1000
2026-08-13T19:13:17Z	STANDOFF	5075	auroraveil	224169	B	T	core_destroyed	541
2026-08-13T19:13:30Z	STANDOFF	5076	drakkarfjord	224169	A	T	tiebreak	1000
2026-08-13T19:13:37Z	STANDOFF	5077	drakkarfjord	224169	B	T	core_destroyed	477
2026-08-13T19:13:39Z	STANDOFF	5078	drumlin	224169	A	T	core_destroyed	114
2026-08-13T19:13:40Z	STANDOFF	5079	drumlin	224169	B	C	core_destroyed	96
2026-08-13T19:13:42Z	STANDOFF	5080	fjordgate	224169	A	C	core_destroyed	97
2026-08-13T19:13:43Z	STANDOFF	5081	fjordgate	224169	B	T	tiebreak	1000
2026-08-13T19:13:46Z	STANDOFF	5082	frostgate	224169	A	T	core_destroyed	569
2026-08-13T19:13:50Z	STANDOFF	5083	frostgate	224169	B	T	core_destroyed	369
2026-08-13T19:13:53Z	STANDOFF	5084	glacierkeep	224169	A	T	core_destroyed	174
2026-08-13T19:13:54Z	STANDOFF	5085	glacierkeep	224169	B	C	core_destroyed	132
2026-08-13T19:13:56Z	STANDOFF	5086	icefloe	224169	A	T	core_destroyed	163
2026-08-13T19:13:59Z	STANDOFF	5087	icefloe	224169	B	C	core_destroyed	354
2026-08-13T19:14:02Z	STANDOFF	5088	midgard	224169	A	C	core_destroyed	203
2026-08-13T19:14:06Z	STANDOFF	5089	midgard	224169	B	T	core_destroyed	153
2026-08-13T19:14:07Z	STANDOFF	5090	nordkap	224169	A	C	tiebreak	1000
2026-08-13T19:14:09Z	STANDOFF	5091	nordkap	224169	B	C	core_destroyed	166
2026-08-13T19:14:12Z	STANDOFF	5092	ragnarok	224169	A	C	core_destroyed	282
2026-08-13T19:14:14Z	STANDOFF	5093	ragnarok	224169	B	C	core_destroyed	95
2026-08-13T19:14:15Z	STANDOFF	5094	royale	224169	A	T	core_destroyed	244
2026-08-13T19:14:17Z	STANDOFF	5095	royale	224169	B	T	core_destroyed	279
2026-08-13T19:14:20Z	STANDOFF	5096	valkyrie	224169	A	T	core_destroyed	194
2026-08-13T19:14:22Z	STANDOFF	5097	valkyrie	224169	B	T	core_destroyed	199
2026-08-13T19:14:25Z	STANDOFF	5098	yulerune	224169	A	C	core_destroyed	253
2026-08-13T19:14:27Z	STANDOFF	5099	yulerune	224169	B	C	core_destroyed	154
2026-08-13T19:14:29Z	STANDOFF	5100	antler	224170	A	T	core_destroyed	285
2026-08-13T19:14:32Z	STANDOFF	5101	antler	224170	B	T	core_destroyed	386
2026-08-13T19:14:34Z	STANDOFF	5102	archipelago	224170	A	C	core_destroyed	139
2026-08-13T19:14:35Z	STANDOFF	5103	archipelago	224170	B	C	core_destroyed	74
2026-08-13T19:14:38Z	STANDOFF	5104	auroraveil	224170	A	T	core_destroyed	703
2026-08-13T19:14:41Z	STANDOFF	5105	auroraveil	224170	B	T	core_destroyed	460
2026-08-13T19:14:49Z	STANDOFF	5106	drakkarfjord	224170	A	T	core_destroyed	492
2026-08-13T19:14:51Z	STANDOFF	5107	drakkarfjord	224170	B	T	core_destroyed	97
2026-08-13T19:14:55Z	STANDOFF	5108	drumlin	224170	A	C	core_destroyed	429
2026-08-13T19:14:57Z	STANDOFF	5109	drumlin	224170	B	C	core_destroyed	170
2026-08-13T19:14:58Z	STANDOFF	5110	fjordgate	224170	A	T	core_destroyed	206
2026-08-13T19:15:00Z	STANDOFF	5111	fjordgate	224170	B	C	core_destroyed	431
2026-08-13T19:15:02Z	STANDOFF	5112	frostgate	224170	A	T	core_destroyed	277
2026-08-13T19:15:04Z	STANDOFF	5113	frostgate	224170	B	C	core_destroyed	227
2026-08-13T19:15:06Z	STANDOFF	5114	glacierkeep	224170	A	T	core_destroyed	232
2026-08-13T19:15:18Z	STANDOFF	5115	glacierkeep	224170	B	C	tiebreak	1000
2026-08-13T19:15:19Z	STANDOFF	5116	icefloe	224170	A	C	core_destroyed	130
2026-08-13T19:15:22Z	STANDOFF	5117	icefloe	224170	B	T	core_destroyed	179
2026-08-13T19:15:24Z	STANDOFF	5118	midgard	224170	A	C	core_destroyed	80
2026-08-13T19:15:26Z	STANDOFF	5119	midgard	224170	B	C	core_destroyed	92
2026-08-13T19:15:29Z	STANDOFF	5120	nordkap	224170	A	C	core_destroyed	304
2026-08-13T19:15:30Z	STANDOFF	5121	nordkap	224170	B	T	core_destroyed	304
2026-08-13T19:15:35Z	STANDOFF	5122	ragnarok	224170	A	T	core_destroyed	241
2026-08-13T19:15:42Z	STANDOFF	5123	ragnarok	224170	B	T	core_destroyed	228
2026-08-13T19:15:46Z	STANDOFF	5124	royale	224170	A	C	tiebreak	1000
2026-08-13T19:15:47Z	STANDOFF	5125	royale	224170	B	T	core_destroyed	136
2026-08-13T19:15:55Z	STANDOFF	5126	valkyrie	224170	A	C	core_destroyed	439
2026-08-13T19:15:59Z	STANDOFF	5127	valkyrie	224170	B	C	tiebreak	1000
2026-08-13T19:16:01Z	STANDOFF	5128	yulerune	224170	A	C	core_destroyed	195
2026-08-13T19:16:03Z	STANDOFF	5129	yulerune	224170	B	T	core_destroyed	156
2026-08-13T19:16:05Z	STANDOFF	5130	antler	224171	A	C	core_destroyed	347
2026-08-13T19:16:06Z	STANDOFF	5131	antler	224171	B	C	core_destroyed	155
2026-08-13T19:16:08Z	STANDOFF	5132	archipelago	224171	A	T	core_destroyed	80
2026-08-13T19:16:11Z	STANDOFF	5133	archipelago	224171	B	C	core_destroyed	160
2026-08-13T19:16:12Z	STANDOFF	5134	auroraveil	224171	A	C	core_destroyed	189
2026-08-13T19:16:15Z	STANDOFF	5135	auroraveil	224171	B	C	core_destroyed	220
2026-08-13T19:16:24Z	STANDOFF	5136	drakkarfjord	224171	A	C	core_destroyed	522
2026-08-13T19:16:33Z	STANDOFF	5137	drakkarfjord	224171	B	T	core_destroyed	468
2026-08-13T19:16:41Z	STANDOFF	5138	drumlin	224171	A	C	core_destroyed	503
2026-08-13T19:16:42Z	STANDOFF	5139	drumlin	224171	B	C	core_destroyed	370
2026-08-13T19:16:44Z	STANDOFF	5140	fjordgate	224171	A	C	core_destroyed	169
2026-08-13T19:16:45Z	STANDOFF	5141	fjordgate	224171	B	C	core_destroyed	684
2026-08-13T19:16:46Z	STANDOFF	5142	frostgate	224171	A	T	core_destroyed	114
2026-08-13T19:16:48Z	STANDOFF	5143	frostgate	224171	B	C	core_destroyed	238
2026-08-13T19:16:50Z	STANDOFF	5144	glacierkeep	224171	A	T	core_destroyed	133
2026-08-13T19:17:00Z	STANDOFF	5145	glacierkeep	224171	B	C	tiebreak	1000
2026-08-13T19:17:08Z	STANDOFF	5146	icefloe	224171	A	C	core_destroyed	799
2026-08-13T19:17:12Z	STANDOFF	5147	icefloe	224171	B	C	core_destroyed	269
2026-08-13T19:17:14Z	STANDOFF	5148	midgard	224171	A	C	core_destroyed	168
2026-08-13T19:17:17Z	STANDOFF	5149	midgard	224171	B	C	core_destroyed	98
2026-08-13T19:17:18Z	STANDOFF	5150	nordkap	224171	A	C	core_destroyed	345
2026-08-13T19:17:21Z	STANDOFF	5151	nordkap	224171	B	T	tiebreak	1000
2026-08-13T19:17:27Z	STANDOFF	5152	ragnarok	224171	A	T	core_destroyed	271
2026-08-13T19:17:30Z	STANDOFF	5153	ragnarok	224171	B	T	core_destroyed	262
2026-08-13T19:17:31Z	STANDOFF	5154	royale	224171	A	C	core_destroyed	342
2026-08-13T19:17:33Z	STANDOFF	5155	royale	224171	B	C	core_destroyed	157
2026-08-13T19:17:35Z	STANDOFF	5156	valkyrie	224171	A	C	core_destroyed	117
2026-08-13T19:17:39Z	STANDOFF	5157	valkyrie	224171	B	C	tiebreak	1000
2026-08-13T19:17:48Z	STANDOFF	5158	yulerune	224171	A	C	tiebreak	1000
2026-08-13T19:17:51Z	STANDOFF	5159	yulerune	224171	B	T	core_destroyed	257
2026-08-13T19:17:56Z	STANDOFF	5160	antler	224172	A	T	core_destroyed	370
2026-08-13T19:17:57Z	STANDOFF	5161	antler	224172	B	C	core_destroyed	177
2026-08-13T19:17:59Z	STANDOFF	5162	archipelago	224172	A	T	core_destroyed	117
2026-08-13T19:18:01Z	STANDOFF	5163	archipelago	224172	B	T	core_destroyed	132
2026-08-13T19:18:03Z	STANDOFF	5164	auroraveil	224172	A	T	core_destroyed	208
2026-08-13T19:18:05Z	STANDOFF	5165	auroraveil	224172	B	T	core_destroyed	162
2026-08-13T19:18:09Z	STANDOFF	5166	drakkarfjord	224172	A	T	core_destroyed	262
2026-08-13T19:18:14Z	STANDOFF	5167	drakkarfjord	224172	B	C	core_destroyed	330
2026-08-13T19:18:16Z	STANDOFF	5168	drumlin	224172	A	T	core_destroyed	178
2026-08-13T19:18:19Z	STANDOFF	5169	drumlin	224172	B	T	core_destroyed	263
2026-08-13T19:18:21Z	STANDOFF	5170	fjordgate	224172	A	T	core_destroyed	207
2026-08-13T19:18:22Z	STANDOFF	5171	fjordgate	224172	B	C	core_destroyed	130
2026-08-13T19:18:24Z	STANDOFF	5172	frostgate	224172	A	C	core_destroyed	159
2026-08-13T19:18:28Z	STANDOFF	5173	frostgate	224172	B	C	core_destroyed	492
2026-08-13T19:18:30Z	STANDOFF	5174	glacierkeep	224172	A	T	core_destroyed	169
2026-08-13T19:18:35Z	STANDOFF	5175	glacierkeep	224172	B	T	core_destroyed	299
2026-08-13T19:18:37Z	STANDOFF	5176	icefloe	224172	A	T	core_destroyed	276
2026-08-13T19:18:39Z	STANDOFF	5177	icefloe	224172	B	C	core_destroyed	219
2026-08-13T19:18:42Z	STANDOFF	5178	midgard	224172	A	C	core_destroyed	124
2026-08-13T19:18:45Z	STANDOFF	5179	midgard	224172	B	T	core_destroyed	136
2026-08-13T19:18:46Z	STANDOFF	5180	nordkap	224172	A	C	core_destroyed	137
2026-08-13T19:18:49Z	STANDOFF	5181	nordkap	224172	B	C	core_destroyed	486
2026-08-13T19:18:54Z	STANDOFF	5182	ragnarok	224172	A	C	core_destroyed	190
2026-08-13T19:18:57Z	STANDOFF	5183	ragnarok	224172	B	C	core_destroyed	159
2026-08-13T19:18:59Z	STANDOFF	5184	royale	224172	A	C	core_destroyed	189
2026-08-13T19:19:00Z	STANDOFF	5185	royale	224172	B	T	core_destroyed	185
2026-08-13T19:19:02Z	STANDOFF	5186	valkyrie	224172	A	C	core_destroyed	133
2026-08-13T19:19:08Z	STANDOFF	5187	valkyrie	224172	B	C	core_destroyed	300
2026-08-13T19:19:11Z	STANDOFF	5188	yulerune	224172	A	C	core_destroyed	294
2026-08-13T19:19:13Z	STANDOFF	5189	yulerune	224172	B	C	core_destroyed	162
2026-08-13T19:19:15Z	STANDOFF	5190	antler	224173	A	T	core_destroyed	268
2026-08-13T19:19:17Z	STANDOFF	5191	antler	224173	B	T	core_destroyed	331
2026-08-13T19:19:20Z	STANDOFF	5192	archipelago	224173	A	T	core_destroyed	135
2026-08-13T19:19:21Z	STANDOFF	5193	archipelago	224173	B	T	core_destroyed	163
2026-08-13T19:19:23Z	STANDOFF	5194	auroraveil	224173	A	T	core_destroyed	301
2026-08-13T19:19:25Z	STANDOFF	5195	auroraveil	224173	B	T	core_destroyed	405
2026-08-13T19:19:31Z	STANDOFF	5196	drakkarfjord	224173	A	T	core_destroyed	320
2026-08-13T19:19:37Z	STANDOFF	5197	drakkarfjord	224173	B	C	core_destroyed	348
2026-08-13T19:19:43Z	STANDOFF	5198	drumlin	224173	A	T	core_destroyed	690
2026-08-13T19:19:47Z	STANDOFF	5199	drumlin	224173	B	T	core_destroyed	206
2026-08-13T19:19:48Z	STANDOFF	5200	fjordgate	224173	A	C	core_destroyed	127
2026-08-13T19:19:49Z	STANDOFF	5201	fjordgate	224173	B	C	core_destroyed	127
2026-08-13T19:19:54Z	STANDOFF	5202	frostgate	224173	A	T	tiebreak	1000
2026-08-13T19:19:55Z	STANDOFF	5203	frostgate	224173	B	T	core_destroyed	212
2026-08-13T19:19:57Z	STANDOFF	5204	glacierkeep	224173	A	T	core_destroyed	181
2026-08-13T19:20:00Z	STANDOFF	5205	glacierkeep	224173	B	C	core_destroyed	249
2026-08-13T19:20:02Z	STANDOFF	5206	icefloe	224173	A	T	core_destroyed	149
2026-08-13T19:20:04Z	STANDOFF	5207	icefloe	224173	B	C	core_destroyed	300
2026-08-13T19:20:07Z	STANDOFF	5208	midgard	224173	A	C	core_destroyed	165
2026-08-13T19:20:09Z	STANDOFF	5209	midgard	224173	B	T	core_destroyed	78
2026-08-13T19:20:11Z	STANDOFF	5210	nordkap	224173	A	C	core_destroyed	264
2026-08-13T19:20:13Z	STANDOFF	5211	nordkap	224173	B	T	core_destroyed	258
2026-08-13T19:20:52Z	STANDOFF	5212	ragnarok	224173	A	T	tiebreak	1000
2026-08-13T19:20:56Z	STANDOFF	5213	ragnarok	224173	B	T	core_destroyed	199
2026-08-13T19:20:58Z	STANDOFF	5214	royale	224173	A	T	core_destroyed	277
2026-08-13T19:20:59Z	STANDOFF	5215	royale	224173	B	C	core_destroyed	273
2026-08-13T19:21:02Z	STANDOFF	5216	valkyrie	224173	A	C	core_destroyed	226
2026-08-13T19:21:06Z	STANDOFF	5217	valkyrie	224173	B	C	core_destroyed	294
2026-08-13T19:21:09Z	STANDOFF	5218	yulerune	224173	A	T	core_destroyed	206
2026-08-13T19:21:13Z	STANDOFF	5219	yulerune	224173	B	C	core_destroyed	263
2026-08-13T19:21:14Z	STANDOFF	5220	antler	224174	A	C	core_destroyed	187
2026-08-13T19:21:16Z	STANDOFF	5221	antler	224174	B	C	core_destroyed	353
2026-08-13T19:21:18Z	STANDOFF	5222	archipelago	224174	A	C	core_destroyed	116
2026-08-13T19:21:20Z	STANDOFF	5223	archipelago	224174	B	C	core_destroyed	118
2026-08-13T19:21:22Z	STANDOFF	5224	auroraveil	224174	A	C	core_destroyed	197
2026-08-13T19:21:23Z	STANDOFF	5225	auroraveil	224174	B	C	core_destroyed	94
2026-08-13T19:21:27Z	STANDOFF	5226	drakkarfjord	224174	A	T	core_destroyed	285
2026-08-13T19:21:34Z	STANDOFF	5227	drakkarfjord	224174	B	T	core_destroyed	429
2026-08-13T19:21:37Z	STANDOFF	5228	drumlin	224174	A	C	core_destroyed	245
2026-08-13T19:21:38Z	STANDOFF	5229	drumlin	224174	B	C	core_destroyed	110
2026-08-13T19:21:40Z	STANDOFF	5230	fjordgate	224174	A	C	core_destroyed	132
2026-08-13T19:21:43Z	STANDOFF	5231	fjordgate	224174	B	T	core_destroyed	499
2026-08-13T19:21:45Z	STANDOFF	5232	frostgate	224174	A	T	core_destroyed	396
2026-08-13T19:21:47Z	STANDOFF	5233	frostgate	224174	B	C	core_destroyed	179
2026-08-13T19:21:49Z	STANDOFF	5234	glacierkeep	224174	A	T	core_destroyed	214
2026-08-13T19:21:51Z	STANDOFF	5235	glacierkeep	224174	B	C	core_destroyed	209
2026-08-13T19:21:52Z	STANDOFF	5236	icefloe	224174	A	T	core_destroyed	189
2026-08-13T19:21:54Z	STANDOFF	5237	icefloe	224174	B	C	core_destroyed	82
2026-08-13T19:21:56Z	STANDOFF	5238	midgard	224174	A	C	core_destroyed	112
2026-08-13T19:21:58Z	STANDOFF	5239	midgard	224174	B	T	core_destroyed	81
2026-08-13T19:22:00Z	STANDOFF	5240	nordkap	224174	A	T	core_destroyed	308
2026-08-13T19:22:01Z	STANDOFF	5241	nordkap	224174	B	C	core_destroyed	105
2026-08-13T19:22:06Z	STANDOFF	5242	ragnarok	224174	A	T	core_destroyed	356
2026-08-13T19:22:50Z	STANDOFF	5243	ragnarok	224174	B	T	tiebreak	1000
2026-08-13T19:22:51Z	STANDOFF	5244	royale	224174	A	T	core_destroyed	261
2026-08-13T19:22:52Z	STANDOFF	5245	royale	224174	B	C	core_destroyed	99
2026-08-13T19:22:56Z	STANDOFF	5246	valkyrie	224174	A	C	core_destroyed	207
2026-08-13T19:22:58Z	STANDOFF	5247	valkyrie	224174	B	T	core_destroyed	114
2026-08-13T19:22:59Z	STANDOFF	5248	yulerune	224174	A	C	core_destroyed	148
2026-08-13T19:23:00Z	STANDOFF	5249	yulerune	224174	B	T	core_destroyed	145
2026-08-13T19:23:02Z	STANDOFF	5250	antler	224175	A	T	core_destroyed	201
2026-08-13T19:23:04Z	STANDOFF	5251	antler	224175	B	C	core_destroyed	201
2026-08-13T19:23:06Z	STANDOFF	5252	archipelago	224175	A	T	core_destroyed	137
2026-08-13T19:23:08Z	STANDOFF	5253	archipelago	224175	B	T	core_destroyed	107
2026-08-13T19:23:10Z	STANDOFF	5254	auroraveil	224175	A	T	core_destroyed	172
2026-08-13T19:23:12Z	STANDOFF	5255	auroraveil	224175	B	T	core_destroyed	301
2026-08-13T19:23:19Z	STANDOFF	5256	drakkarfjord	224175	A	C	core_destroyed	395
2026-08-13T19:23:26Z	STANDOFF	5257	drakkarfjord	224175	B	C	tiebreak	1000
2026-08-13T19:23:29Z	STANDOFF	5258	drumlin	224175	A	T	core_destroyed	183
2026-08-13T19:23:32Z	STANDOFF	5259	drumlin	224175	B	C	core_destroyed	371
2026-08-13T19:23:33Z	STANDOFF	5260	fjordgate	224175	A	C	core_destroyed	164
2026-08-13T19:23:34Z	STANDOFF	5261	fjordgate	224175	B	T	core_destroyed	213
2026-08-13T19:23:36Z	STANDOFF	5262	frostgate	224175	A	C	core_destroyed	215
2026-08-13T19:23:38Z	STANDOFF	5263	frostgate	224175	B	T	core_destroyed	235
2026-08-13T19:23:40Z	STANDOFF	5264	glacierkeep	224175	A	T	core_destroyed	159
2026-08-13T19:23:45Z	STANDOFF	5265	glacierkeep	224175	B	T	core_destroyed	625
2026-08-13T19:23:48Z	STANDOFF	5266	icefloe	224175	A	T	core_destroyed	387
2026-08-13T19:23:50Z	STANDOFF	5267	icefloe	224175	B	T	core_destroyed	188
2026-08-13T19:23:52Z	STANDOFF	5268	midgard	224175	A	C	core_destroyed	78
2026-08-13T19:23:54Z	STANDOFF	5269	midgard	224175	B	C	core_destroyed	97
2026-08-13T19:23:55Z	STANDOFF	5270	nordkap	224175	A	C	core_destroyed	178
2026-08-13T19:23:57Z	STANDOFF	5271	nordkap	224175	B	C	core_destroyed	245
2026-08-13T19:24:02Z	STANDOFF	5272	ragnarok	224175	A	C	core_destroyed	213
2026-08-13T19:24:06Z	STANDOFF	5273	ragnarok	224175	B	T	core_destroyed	172
2026-08-13T19:24:08Z	STANDOFF	5274	royale	224175	A	T	tiebreak	1000
2026-08-13T19:24:09Z	STANDOFF	5275	royale	224175	B	C	core_destroyed	80
2026-08-13T19:24:15Z	STANDOFF	5276	valkyrie	224175	A	C	core_destroyed	339
2026-08-13T19:24:17Z	STANDOFF	5277	valkyrie	224175	B	T	core_destroyed	72
2026-08-13T19:24:19Z	STANDOFF	5278	yulerune	224175	A	C	core_destroyed	254
2026-08-13T19:24:21Z	STANDOFF	5279	yulerune	224175	B	C	core_destroyed	146
2026-08-13T19:24:24Z	STANDOFF	5280	antler	224176	A	T	core_destroyed	263
2026-08-13T19:24:25Z	STANDOFF	5281	antler	224176	B	C	core_destroyed	292
2026-08-13T19:24:27Z	STANDOFF	5282	archipelago	224176	A	T	core_destroyed	105
2026-08-13T19:24:29Z	STANDOFF	5283	archipelago	224176	B	C	core_destroyed	142
2026-08-13T19:24:31Z	STANDOFF	5284	auroraveil	224176	A	T	core_destroyed	277
2026-08-13T19:24:32Z	STANDOFF	5285	auroraveil	224176	B	C	core_destroyed	137
2026-08-13T19:24:36Z	STANDOFF	5286	drakkarfjord	224176	A	C	core_destroyed	332
2026-08-13T19:24:41Z	STANDOFF	5287	drakkarfjord	224176	B	C	core_destroyed	402
2026-08-13T19:24:45Z	STANDOFF	5288	drumlin	224176	A	T	core_destroyed	185
2026-08-13T19:24:53Z	STANDOFF	5289	drumlin	224176	B	C	core_destroyed	535
2026-08-13T19:24:54Z	STANDOFF	5290	fjordgate	224176	A	T	core_destroyed	136
2026-08-13T19:24:56Z	STANDOFF	5291	fjordgate	224176	B	C	core_destroyed	317
2026-08-13T19:24:57Z	STANDOFF	5292	frostgate	224176	A	T	core_destroyed	196
2026-08-13T19:24:59Z	STANDOFF	5293	frostgate	224176	B	T	core_destroyed	429
2026-08-13T19:25:01Z	STANDOFF	5294	glacierkeep	224176	A	C	core_destroyed	220
2026-08-13T19:25:04Z	STANDOFF	5295	glacierkeep	224176	B	T	core_destroyed	159
2026-08-13T19:25:06Z	STANDOFF	5296	icefloe	224176	A	C	core_destroyed	208
2026-08-13T19:25:07Z	STANDOFF	5297	icefloe	224176	B	T	core_destroyed	142
2026-08-13T19:25:11Z	STANDOFF	5298	midgard	224176	A	C	core_destroyed	193
2026-08-13T19:25:14Z	STANDOFF	5299	midgard	224176	B	C	core_destroyed	155
2026-08-13T19:25:16Z	STANDOFF	5300	nordkap	224176	A	T	core_destroyed	175
2026-08-13T19:25:17Z	STANDOFF	5301	nordkap	224176	B	T	core_destroyed	139
2026-08-13T19:25:19Z	STANDOFF	5302	ragnarok	224176	A	T	core_destroyed	135
2026-08-13T19:26:12Z	STANDOFF	5303	ragnarok	224176	B	C	tiebreak	1000
2026-08-13T19:26:14Z	STANDOFF	5304	royale	224176	A	C	core_destroyed	122
2026-08-13T19:26:15Z	STANDOFF	5305	royale	224176	B	T	core_destroyed	192
2026-08-13T19:26:21Z	STANDOFF	5306	valkyrie	224176	A	C	tiebreak	1000
2026-08-13T19:26:24Z	STANDOFF	5307	valkyrie	224176	B	C	core_destroyed	251
2026-08-13T19:26:26Z	STANDOFF	5308	yulerune	224176	A	T	core_destroyed	131
2026-08-13T19:26:28Z	STANDOFF	5309	yulerune	224176	B	C	core_destroyed	175
2026-08-13T19:26:30Z	STANDOFF	5310	antler	224177	A	T	core_destroyed	332
2026-08-13T19:26:32Z	STANDOFF	5311	antler	224177	B	T	core_destroyed	151
2026-08-13T19:26:34Z	STANDOFF	5312	archipelago	224177	A	C	core_destroyed	146
2026-08-13T19:26:36Z	STANDOFF	5313	archipelago	224177	B	T	core_destroyed	124
2026-08-13T19:26:37Z	STANDOFF	5314	auroraveil	224177	A	C	core_destroyed	159
2026-08-13T19:26:39Z	STANDOFF	5315	auroraveil	224177	B	T	core_destroyed	225
2026-08-13T19:26:43Z	STANDOFF	5316	drakkarfjord	224177	A	T	core_destroyed	373
2026-08-13T19:26:46Z	STANDOFF	5317	drakkarfjord	224177	B	T	core_destroyed	200
2026-08-13T19:26:47Z	STANDOFF	5318	drumlin	224177	A	T	core_destroyed	111
2026-08-13T19:26:51Z	STANDOFF	5319	drumlin	224177	B	T	core_destroyed	387
2026-08-13T19:26:53Z	STANDOFF	5320	fjordgate	224177	A	T	core_destroyed	641
2026-08-13T19:26:55Z	STANDOFF	5321	fjordgate	224177	B	T	core_destroyed	597
2026-08-13T19:26:56Z	STANDOFF	5322	frostgate	224177	A	T	core_destroyed	703
2026-08-13T19:26:58Z	STANDOFF	5323	frostgate	224177	B	T	core_destroyed	265
2026-08-13T19:27:00Z	STANDOFF	5324	glacierkeep	224177	A	T	core_destroyed	224
2026-08-13T19:27:09Z	STANDOFF	5325	glacierkeep	224177	B	T	core_destroyed	522
2026-08-13T19:27:10Z	STANDOFF	5326	icefloe	224177	A	C	core_destroyed	185
2026-08-13T19:27:13Z	STANDOFF	5327	icefloe	224177	B	T	core_destroyed	357
2026-08-13T19:27:16Z	STANDOFF	5328	midgard	224177	A	T	core_destroyed	140
2026-08-13T19:27:19Z	STANDOFF	5329	midgard	224177	B	T	core_destroyed	179
2026-08-13T19:27:20Z	STANDOFF	5330	nordkap	224177	A	T	core_destroyed	188
2026-08-13T19:27:23Z	STANDOFF	5331	nordkap	224177	B	T	tiebreak	1000
2026-08-13T19:27:25Z	STANDOFF	5332	ragnarok	224177	A	T	core_destroyed	115
2026-08-13T19:27:29Z	STANDOFF	5333	ragnarok	224177	B	C	core_destroyed	187
2026-08-13T19:27:31Z	STANDOFF	5334	royale	224177	A	C	core_destroyed	301
2026-08-13T19:27:32Z	STANDOFF	5335	royale	224177	B	C	core_destroyed	161
2026-08-13T19:27:35Z	STANDOFF	5336	valkyrie	224177	A	T	core_destroyed	182
2026-08-13T19:27:37Z	STANDOFF	5337	valkyrie	224177	B	T	core_destroyed	101
2026-08-13T19:27:41Z	STANDOFF	5338	yulerune	224177	A	C	core_destroyed	322
2026-08-13T19:27:47Z	STANDOFF	5339	yulerune	224177	B	C	tiebreak	1000
2026-08-13T19:27:48Z	STANDOFF	5340	antler	224178	A	C	core_destroyed	362
2026-08-13T19:27:51Z	STANDOFF	5341	antler	224178	B	C	core_destroyed	432
2026-08-13T19:27:56Z	STANDOFF	5342	archipelago	224178	A	C	core_destroyed	487
2026-08-13T19:27:57Z	STANDOFF	5343	archipelago	224178	B	C	core_destroyed	71
2026-08-13T19:28:04Z	STANDOFF	5344	auroraveil	224178	A	C	tiebreak	1000
2026-08-13T19:28:05Z	STANDOFF	5345	auroraveil	224178	B	C	core_destroyed	212
2026-08-13T19:28:11Z	STANDOFF	5346	drakkarfjord	224178	A	T	tiebreak	1000
2026-08-13T19:28:24Z	STANDOFF	5347	drakkarfjord	224178	B	C	core_destroyed	702
2026-08-13T19:28:26Z	STANDOFF	5348	drumlin	224178	A	T	core_destroyed	128
2026-08-13T19:28:28Z	STANDOFF	5349	drumlin	224178	B	T	core_destroyed	127
2026-08-13T19:28:29Z	STANDOFF	5350	fjordgate	224178	A	T	core_destroyed	309
2026-08-13T19:28:32Z	STANDOFF	5351	fjordgate	224178	B	T	core_destroyed	978
2026-08-13T19:28:33Z	STANDOFF	5352	frostgate	224178	A	T	core_destroyed	245
2026-08-13T19:28:36Z	STANDOFF	5353	frostgate	224178	B	T	tiebreak	1000
2026-08-13T19:28:38Z	STANDOFF	5354	glacierkeep	224178	A	T	core_destroyed	287
2026-08-13T19:28:40Z	STANDOFF	5355	glacierkeep	224178	B	C	core_destroyed	151
2026-08-13T19:28:43Z	STANDOFF	5356	icefloe	224178	A	T	core_destroyed	325
2026-08-13T19:28:45Z	STANDOFF	5357	icefloe	224178	B	T	core_destroyed	142
2026-08-13T19:28:53Z	STANDOFF	5358	midgard	224178	A	T	core_destroyed	345
2026-08-13T19:28:56Z	STANDOFF	5359	midgard	224178	B	C	core_destroyed	133
2026-08-13T19:28:58Z	STANDOFF	5360	nordkap	224178	A	C	core_destroyed	158
2026-08-13T19:28:59Z	STANDOFF	5361	nordkap	224178	B	C	core_destroyed	192
2026-08-13T19:29:06Z	STANDOFF	5362	ragnarok	224178	A	C	core_destroyed	304
2026-08-13T19:29:08Z	STANDOFF	5363	ragnarok	224178	B	C	core_destroyed	253
2026-08-13T19:29:10Z	STANDOFF	5364	royale	224178	A	C	core_destroyed	493
2026-08-13T19:29:11Z	STANDOFF	5365	royale	224178	B	C	core_destroyed	484
2026-08-13T19:29:13Z	STANDOFF	5366	valkyrie	224178	A	C	core_destroyed	125
2026-08-13T19:29:15Z	STANDOFF	5367	valkyrie	224178	B	T	core_destroyed	98
2026-08-13T19:29:18Z	STANDOFF	5368	yulerune	224178	A	C	core_destroyed	264
2026-08-13T19:29:22Z	STANDOFF	5369	yulerune	224178	B	T	core_destroyed	345
2026-08-13T19:29:25Z	STANDOFF	5370	antler	224179	A	C	core_destroyed	214
2026-08-13T19:29:28Z	STANDOFF	5371	antler	224179	B	T	core_destroyed	544
2026-08-13T19:29:31Z	STANDOFF	5372	archipelago	224179	A	C	core_destroyed	171
2026-08-13T19:29:33Z	STANDOFF	5373	archipelago	224179	B	T	core_destroyed	373
2026-08-13T19:29:35Z	STANDOFF	5374	auroraveil	224179	A	T	core_destroyed	172
2026-08-13T19:29:36Z	STANDOFF	5375	auroraveil	224179	B	T	core_destroyed	104
2026-08-13T19:29:48Z	STANDOFF	5376	drakkarfjord	224179	A	T	tiebreak	1000
2026-08-13T19:29:50Z	STANDOFF	5377	drakkarfjord	224179	B	T	core_destroyed	104
2026-08-13T19:29:52Z	STANDOFF	5378	drumlin	224179	A	T	core_destroyed	292
2026-08-13T19:29:54Z	STANDOFF	5379	drumlin	224179	B	T	core_destroyed	205
2026-08-13T19:29:58Z	STANDOFF	5380	fjordgate	224179	A	C	tiebreak	1000
2026-08-13T19:29:59Z	STANDOFF	5381	fjordgate	224179	B	C	core_destroyed	147
2026-08-13T19:30:00Z	STANDOFF	5382	frostgate	224179	A	C	core_destroyed	160
2026-08-13T19:30:02Z	STANDOFF	5383	frostgate	224179	B	T	core_destroyed	225
2026-08-13T19:30:05Z	STANDOFF	5384	glacierkeep	224179	A	T	core_destroyed	281
2026-08-13T19:30:12Z	STANDOFF	5385	glacierkeep	224179	B	C	tiebreak	1000
2026-08-13T19:30:13Z	STANDOFF	5386	icefloe	224179	A	C	core_destroyed	118
2026-08-13T19:30:14Z	STANDOFF	5387	icefloe	224179	B	C	core_destroyed	145
2026-08-13T19:30:17Z	STANDOFF	5388	midgard	224179	A	C	core_destroyed	90
2026-08-13T19:30:19Z	STANDOFF	5389	midgard	224179	B	C	core_destroyed	166
2026-08-13T19:30:21Z	STANDOFF	5390	nordkap	224179	A	T	core_destroyed	353
2026-08-13T19:30:23Z	STANDOFF	5391	nordkap	224179	B	C	core_destroyed	419
2026-08-13T19:30:30Z	STANDOFF	5392	ragnarok	224179	A	T	tiebreak	1000
2026-08-13T19:31:02Z	STANDOFF	5393	ragnarok	224179	B	T	tiebreak	1000
2026-08-13T19:31:04Z	STANDOFF	5394	royale	224179	A	T	tiebreak	1000
2026-08-13T19:31:07Z	STANDOFF	5395	royale	224179	B	T	core_destroyed	385
2026-08-13T19:31:10Z	STANDOFF	5396	valkyrie	224179	A	C	core_destroyed	181
2026-08-13T19:31:13Z	STANDOFF	5397	valkyrie	224179	B	C	core_destroyed	152
2026-08-13T19:31:14Z	STANDOFF	5398	yulerune	224179	A	C	core_destroyed	157
2026-08-13T19:31:20Z	STANDOFF	5399	yulerune	224179	B	C	core_destroyed	468
