ts	shard	game	map	seed	seat	winner	cond	turns
2026-08-14T12:24:35Z	V141VS140	0	antler	278000	A	C	core_destroyed	375
2026-08-14T12:24:38Z	V141VS140	1	antler	278000	B	C	core_destroyed	396
2026-08-14T12:24:40Z	V141VS140	2	archipelago	278000	A	C	core_destroyed	111
2026-08-14T12:24:42Z	V141VS140	3	archipelago	278000	B	T	core_destroyed	86
2026-08-14T12:24:50Z	V141VS140	4	auroraveil	278000	A	T	core_destroyed	561
2026-08-14T12:24:53Z	V141VS140	5	auroraveil	278000	B	T	core_destroyed	256
2026-08-14T12:24:57Z	V141VS140	6	drakkarfjord	278000	A	C	core_destroyed	208
2026-08-14T12:25:01Z	V141VS140	7	drakkarfjord	278000	B	T	core_destroyed	224
2026-08-14T12:25:05Z	V141VS140	8	drumlin	278000	A	C	core_destroyed	302
2026-08-14T12:25:08Z	V141VS140	9	drumlin	278000	B	C	core_destroyed	212
2026-08-14T12:25:10Z	V141VS140	10	fjordgate	278000	A	T	core_destroyed	202
2026-08-14T12:25:12Z	V141VS140	11	fjordgate	278000	B	T	core_destroyed	249
2026-08-14T12:25:13Z	V141VS140	12	frostgate	278000	A	T	core_destroyed	277
2026-08-14T12:25:21Z	V141VS140	13	frostgate	278000	B	T	core_destroyed	571
2026-08-14T12:25:25Z	V141VS140	14	glacierkeep	278000	A	C	core_destroyed	316
2026-08-14T12:25:33Z	V141VS140	15	glacierkeep	278000	B	C	core_destroyed	691
2026-08-14T12:25:35Z	V141VS140	16	icefloe	278000	A	T	core_destroyed	171
2026-08-14T12:25:38Z	V141VS140	17	icefloe	278000	B	C	core_destroyed	261
2026-08-14T12:25:41Z	V141VS140	18	midgard	278000	A	T	core_destroyed	89
2026-08-14T12:25:44Z	V141VS140	19	midgard	278000	B	C	core_destroyed	89
2026-08-14T12:25:46Z	V141VS140	20	nordkap	278000	A	C	core_destroyed	160
2026-08-14T12:25:50Z	V141VS140	21	nordkap	278000	B	T	core_destroyed	502
2026-08-14T12:25:53Z	V141VS140	22	ragnarok	278000	A	T	core_destroyed	235
2026-08-14T12:25:59Z	V141VS140	23	ragnarok	278000	B	C	core_destroyed	357
2026-08-14T12:26:01Z	V141VS140	24	royale	278000	A	T	core_destroyed	255
2026-08-14T12:26:05Z	V141VS140	25	royale	278000	B	C	core_destroyed	798
2026-08-14T12:26:09Z	V141VS140	26	valkyrie	278000	A	T	core_destroyed	353
2026-08-14T12:26:12Z	V141VS140	27	valkyrie	278000	B	T	core_destroyed	144
2026-08-14T12:26:14Z	V141VS140	28	yulerune	278000	A	T	core_destroyed	160
2026-08-14T12:26:16Z	V141VS140	29	yulerune	278000	B	C	core_destroyed	176
2026-08-14T12:26:18Z	V141VS140	30	antler	278001	A	C	core_destroyed	168
2026-08-14T12:26:19Z	V141VS140	31	antler	278001	B	C	core_destroyed	120
2026-08-14T12:26:24Z	V141VS140	32	archipelago	278001	A	C	core_destroyed	211
2026-08-14T12:26:26Z	V141VS140	33	archipelago	278001	B	T	core_destroyed	88
2026-08-14T12:26:28Z	V141VS140	34	auroraveil	278001	A	C	core_destroyed	369
2026-08-14T12:26:29Z	V141VS140	35	auroraveil	278001	B	C	core_destroyed	79
2026-08-14T12:26:36Z	V141VS140	36	drakkarfjord	278001	A	T	core_destroyed	532
2026-08-14T12:26:46Z	V141VS140	37	drakkarfjord	278001	B	C	core_destroyed	466
2026-08-14T12:26:50Z	V141VS140	38	drumlin	278001	A	C	core_destroyed	316
2026-08-14T12:26:54Z	V141VS140	39	drumlin	278001	B	T	core_destroyed	189
2026-08-14T12:26:56Z	V141VS140	40	fjordgate	278001	A	T	core_destroyed	277
2026-08-14T12:26:58Z	V141VS140	41	fjordgate	278001	B	C	core_destroyed	377
2026-08-14T12:26:59Z	V141VS140	42	frostgate	278001	A	C	core_destroyed	269
2026-08-14T12:27:02Z	V141VS140	43	frostgate	278001	B	T	core_destroyed	293
2026-08-14T12:27:08Z	V141VS140	44	glacierkeep	278001	A	C	tiebreak	1000
2026-08-14T12:27:21Z	V141VS140	45	glacierkeep	278001	B	T	tiebreak	1000
2026-08-14T12:27:23Z	V141VS140	46	icefloe	278001	A	T	core_destroyed	156
2026-08-14T12:27:27Z	V141VS140	47	icefloe	278001	B	C	core_destroyed	248
2026-08-14T12:27:30Z	V141VS140	48	midgard	278001	A	T	core_destroyed	85
2026-08-14T12:27:33Z	V141VS140	49	midgard	278001	B	C	core_destroyed	115
2026-08-14T12:27:35Z	V141VS140	50	nordkap	278001	A	C	core_destroyed	212
2026-08-14T12:27:37Z	V141VS140	51	nordkap	278001	B	T	core_destroyed	421
2026-08-14T12:27:40Z	V141VS140	52	ragnarok	278001	A	T	core_destroyed	149
2026-08-14T12:27:44Z	V141VS140	53	ragnarok	278001	B	T	core_destroyed	198
2026-08-14T12:27:47Z	V141VS140	54	royale	278001	A	C	core_destroyed	233
2026-08-14T12:27:49Z	V141VS140	55	royale	278001	B	T	core_destroyed	320
2026-08-14T12:27:53Z	V141VS140	56	valkyrie	278001	A	T	core_destroyed	176
2026-08-14T12:28:00Z	V141VS140	57	valkyrie	278001	B	T	core_destroyed	267
2026-08-14T12:28:02Z	V141VS140	58	yulerune	278001	A	T	core_destroyed	141
2026-08-14T12:28:05Z	V141VS140	59	yulerune	278001	B	C	core_destroyed	265
2026-08-14T12:28:07Z	V141VS140	60	antler	278002	A	T	core_destroyed	217
2026-08-14T12:28:09Z	V141VS140	61	antler	278002	B	C	core_destroyed	198
2026-08-14T12:28:14Z	V141VS140	62	archipelago	278002	A	T	core_destroyed	246
2026-08-14T12:28:17Z	V141VS140	63	archipelago	278002	B	T	core_destroyed	126
2026-08-14T12:28:19Z	V141VS140	64	auroraveil	278002	A	C	core_destroyed	269
2026-08-14T12:28:21Z	V141VS140	65	auroraveil	278002	B	C	core_destroyed	79
2026-08-14T12:28:27Z	V141VS140	66	drakkarfjord	278002	A	T	core_destroyed	364
2026-08-14T12:28:42Z	V141VS140	67	drakkarfjord	278002	B	C	core_destroyed	662
2026-08-14T12:28:46Z	V141VS140	68	drumlin	278002	A	T	core_destroyed	439
2026-08-14T12:28:48Z	V141VS140	69	drumlin	278002	B	C	core_destroyed	123
2026-08-14T12:28:50Z	V141VS140	70	fjordgate	278002	A	T	core_destroyed	222
2026-08-14T12:28:53Z	V141VS140	71	fjordgate	278002	B	T	core_destroyed	615
2026-08-14T12:28:54Z	V141VS140	72	frostgate	278002	A	C	core_destroyed	125
2026-08-14T12:28:56Z	V141VS140	73	frostgate	278002	B	T	core_destroyed	140
2026-08-14T12:28:59Z	V141VS140	74	glacierkeep	278002	A	T	core_destroyed	390
2026-08-14T12:29:11Z	V141VS140	75	glacierkeep	278002	B	C	tiebreak	1000
2026-08-14T12:29:13Z	V141VS140	76	icefloe	278002	A	C	core_destroyed	125
2026-08-14T12:29:15Z	V141VS140	77	icefloe	278002	B	C	core_destroyed	261
2026-08-14T12:29:20Z	V141VS140	78	midgard	278002	A	C	core_destroyed	182
2026-08-14T12:29:23Z	V141VS140	79	midgard	278002	B	C	core_destroyed	90
2026-08-14T12:29:27Z	V141VS140	80	nordkap	278002	A	C	core_destroyed	314
2026-08-14T12:29:28Z	V141VS140	81	nordkap	278002	B	C	core_destroyed	165
2026-08-14T12:29:31Z	V141VS140	82	ragnarok	278002	A	C	core_destroyed	406
2026-08-14T12:29:34Z	V141VS140	83	ragnarok	278002	B	C	core_destroyed	177
2026-08-14T12:29:36Z	V141VS140	84	royale	278002	A	T	core_destroyed	199
2026-08-14T12:29:40Z	V141VS140	85	royale	278002	B	T	core_destroyed	398
2026-08-14T12:29:46Z	V141VS140	86	valkyrie	278002	A	C	core_destroyed	549
2026-08-14T12:29:49Z	V141VS140	87	valkyrie	278002	B	T	core_destroyed	112
2026-08-14T12:29:53Z	V141VS140	88	yulerune	278002	A	C	tiebreak	1000
2026-08-14T12:29:56Z	V141VS140	89	yulerune	278002	B	T	core_destroyed	211
2026-08-14T12:29:58Z	V141VS140	90	antler	278003	A	C	core_destroyed	352
2026-08-14T12:30:00Z	V141VS140	91	antler	278003	B	C	core_destroyed	152
2026-08-14T12:30:03Z	V141VS140	92	archipelago	278003	A	T	core_destroyed	86
2026-08-14T12:30:05Z	V141VS140	93	archipelago	278003	B	C	core_destroyed	112
2026-08-14T12:30:09Z	V141VS140	94	auroraveil	278003	A	T	core_destroyed	421
2026-08-14T12:30:11Z	V141VS140	95	auroraveil	278003	B	C	core_destroyed	113
2026-08-14T12:30:26Z	V141VS140	96	drakkarfjord	278003	A	C	core_destroyed	893
2026-08-14T12:30:31Z	V141VS140	97	drakkarfjord	278003	B	C	core_destroyed	365
2026-08-14T12:30:36Z	V141VS140	98	drumlin	278003	A	C	core_destroyed	371
2026-08-14T12:30:39Z	V141VS140	99	drumlin	278003	B	T	core_destroyed	178
2026-08-14T12:30:41Z	V141VS140	100	fjordgate	278003	A	C	core_destroyed	379
2026-08-14T12:30:43Z	V141VS140	101	fjordgate	278003	B	C	core_destroyed	253
2026-08-14T12:30:45Z	V141VS140	102	frostgate	278003	A	T	core_destroyed	301
2026-08-14T12:30:47Z	V141VS140	103	frostgate	278003	B	T	core_destroyed	128
2026-08-14T12:30:49Z	V141VS140	104	glacierkeep	278003	A	C	core_destroyed	365
2026-08-14T12:30:53Z	V141VS140	105	glacierkeep	278003	B	T	core_destroyed	481
2026-08-14T12:30:57Z	V141VS140	106	icefloe	278003	A	T	core_destroyed	847
2026-08-14T12:31:08Z	V141VS140	107	icefloe	278003	B	C	core_destroyed	624
2026-08-14T12:31:12Z	V141VS140	108	midgard	278003	A	C	core_destroyed	98
2026-08-14T12:31:15Z	V141VS140	109	midgard	278003	B	C	core_destroyed	106
2026-08-14T12:31:20Z	V141VS140	110	nordkap	278003	A	T	core_destroyed	459
2026-08-14T12:31:21Z	V141VS140	111	nordkap	278003	B	T	core_destroyed	421
2026-08-14T12:31:24Z	V141VS140	112	ragnarok	278003	A	C	core_destroyed	406
2026-08-14T12:31:32Z	V141VS140	113	ragnarok	278003	B	T	core_destroyed	583
2026-08-14T12:31:34Z	V141VS140	114	royale	278003	A	T	core_destroyed	190
2026-08-14T12:31:38Z	V141VS140	115	royale	278003	B	C	core_destroyed	756
2026-08-14T12:31:43Z	V141VS140	116	valkyrie	278003	A	C	core_destroyed	220
2026-08-14T12:31:45Z	V141VS140	117	valkyrie	278003	B	T	core_destroyed	110
2026-08-14T12:31:47Z	V141VS140	118	yulerune	278003	A	T	core_destroyed	193
2026-08-14T12:31:50Z	V141VS140	119	yulerune	278003	B	C	core_destroyed	265
2026-08-14T12:31:52Z	V141VS140	120	antler	278004	A	T	core_destroyed	151
2026-08-14T12:31:54Z	V141VS140	121	antler	278004	B	T	core_destroyed	165
2026-08-14T12:31:57Z	V141VS140	122	archipelago	278004	A	T	core_destroyed	103
2026-08-14T12:32:00Z	V141VS140	123	archipelago	278004	B	T	core_destroyed	126
2026-08-14T12:32:03Z	V141VS140	124	auroraveil	278004	A	C	core_destroyed	561
2026-08-14T12:32:06Z	V141VS140	125	auroraveil	278004	B	C	core_destroyed	248
2026-08-14T12:32:15Z	V141VS140	126	drakkarfjord	278004	A	T	core_destroyed	420
2026-08-14T12:32:24Z	V141VS140	127	drakkarfjord	278004	B	C	tiebreak	1000
2026-08-14T12:32:31Z	V141VS140	128	drumlin	278004	A	T	core_destroyed	418
2026-08-14T12:32:33Z	V141VS140	129	drumlin	278004	B	T	core_destroyed	135
2026-08-14T12:32:35Z	V141VS140	130	fjordgate	278004	A	C	core_destroyed	274
2026-08-14T12:32:36Z	V141VS140	131	fjordgate	278004	B	C	core_destroyed	120
2026-08-14T12:32:38Z	V141VS140	132	frostgate	278004	A	C	core_destroyed	147
2026-08-14T12:32:41Z	V141VS140	133	frostgate	278004	B	T	core_destroyed	318
2026-08-14T12:32:51Z	V141VS140	134	glacierkeep	278004	A	C	tiebreak	1000
2026-08-14T12:32:59Z	V141VS140	135	glacierkeep	278004	B	T	tiebreak	1000
2026-08-14T12:33:01Z	V141VS140	136	icefloe	278004	A	T	core_destroyed	146
2026-08-14T12:33:04Z	V141VS140	137	icefloe	278004	B	T	core_destroyed	252
2026-08-14T12:33:07Z	V141VS140	138	midgard	278004	A	T	core_destroyed	95
2026-08-14T12:33:10Z	V141VS140	139	midgard	278004	B	T	core_destroyed	105
2026-08-14T12:33:14Z	V141VS140	140	nordkap	278004	A	C	core_destroyed	463
2026-08-14T12:33:16Z	V141VS140	141	nordkap	278004	B	T	core_destroyed	296
2026-08-14T12:33:19Z	V141VS140	142	ragnarok	278004	A	T	core_destroyed	134
2026-08-14T12:33:26Z	V141VS140	143	ragnarok	278004	B	C	core_destroyed	294
2026-08-14T12:33:28Z	V141VS140	144	royale	278004	A	C	core_destroyed	191
2026-08-14T12:33:30Z	V141VS140	145	royale	278004	B	C	core_destroyed	139
2026-08-14T12:33:33Z	V141VS140	146	valkyrie	278004	A	T	core_destroyed	192
2026-08-14T12:33:40Z	V141VS140	147	valkyrie	278004	B	C	core_destroyed	332
2026-08-14T12:33:43Z	V141VS140	148	yulerune	278004	A	C	core_destroyed	271
2026-08-14T12:33:46Z	V141VS140	149	yulerune	278004	B	C	core_destroyed	162
2026-08-14T12:33:48Z	V141VS140	150	antler	278005	A	C	core_destroyed	199
2026-08-14T12:33:50Z	V141VS140	151	antler	278005	B	C	core_destroyed	217
2026-08-14T12:33:53Z	V141VS140	152	archipelago	278005	A	C	core_destroyed	81
2026-08-14T12:34:05Z	V141VS140	153	archipelago	278005	B	C	core_destroyed	393
2026-08-14T12:34:07Z	V141VS140	154	auroraveil	278005	A	C	core_destroyed	135
2026-08-14T12:34:09Z	V141VS140	155	auroraveil	278005	B	C	core_destroyed	141
2026-08-14T12:34:21Z	V141VS140	156	drakkarfjord	278005	A	C	core_destroyed	453
2026-08-14T12:34:30Z	V141VS140	157	drakkarfjord	278005	B	C	tiebreak	1000
2026-08-14T12:34:32Z	V141VS140	158	drumlin	278005	A	T	core_destroyed	255
2026-08-14T12:34:34Z	V141VS140	159	drumlin	278005	B	C	core_destroyed	102
2026-08-14T12:34:36Z	V141VS140	160	fjordgate	278005	A	T	core_destroyed	136
2026-08-14T12:34:37Z	V141VS140	161	fjordgate	278005	B	T	core_destroyed	152
2026-08-14T12:34:39Z	V141VS140	162	frostgate	278005	A	T	core_destroyed	517
2026-08-14T12:34:42Z	V141VS140	163	frostgate	278005	B	T	core_destroyed	141
2026-08-14T12:34:49Z	V141VS140	164	glacierkeep	278005	A	C	tiebreak	1000
2026-08-14T12:35:08Z	V141VS140	165	glacierkeep	278005	B	C	tiebreak	1000
2026-08-14T12:35:09Z	V141VS140	166	icefloe	278005	A	T	core_destroyed	116
2026-08-14T12:35:12Z	V141VS140	167	icefloe	278005	B	C	core_destroyed	258
2026-08-14T12:35:15Z	V141VS140	168	midgard	278005	A	T	core_destroyed	95
2026-08-14T12:35:18Z	V141VS140	169	midgard	278005	B	C	core_destroyed	115
2026-08-14T12:35:20Z	V141VS140	170	nordkap	278005	A	C	core_destroyed	157
2026-08-14T12:35:22Z	V141VS140	171	nordkap	278005	B	C	core_destroyed	119
2026-08-14T12:35:24Z	V141VS140	172	ragnarok	278005	A	T	core_destroyed	101
2026-08-14T12:35:28Z	V141VS140	173	ragnarok	278005	B	C	core_destroyed	144
2026-08-14T12:35:31Z	V141VS140	174	royale	278005	A	T	core_destroyed	373
2026-08-14T12:35:33Z	V141VS140	175	royale	278005	B	C	core_destroyed	249
2026-08-14T12:35:37Z	V141VS140	176	valkyrie	278005	A	T	core_destroyed	176
2026-08-14T12:35:44Z	V141VS140	177	valkyrie	278005	B	T	core_destroyed	267
2026-08-14T12:35:47Z	V141VS140	178	yulerune	278005	A	T	core_destroyed	230
2026-08-14T12:35:50Z	V141VS140	179	yulerune	278005	B	T	core_destroyed	399
2026-08-14T12:35:54Z	V141VS140	180	antler	278006	A	C	core_destroyed	384
2026-08-14T12:35:55Z	V141VS140	181	antler	278006	B	T	core_destroyed	112
2026-08-14T12:35:58Z	V141VS140	182	archipelago	278006	A	T	core_destroyed	103
2026-08-14T12:36:00Z	V141VS140	183	archipelago	278006	B	T	core_destroyed	88
2026-08-14T12:36:02Z	V141VS140	184	auroraveil	278006	A	C	core_destroyed	130
2026-08-14T12:36:06Z	V141VS140	185	auroraveil	278006	B	C	core_destroyed	673
2026-08-14T12:36:24Z	V141VS140	186	drakkarfjord	278006	A	C	tiebreak	1000
2026-08-14T12:36:31Z	V141VS140	187	drakkarfjord	278006	B	T	core_destroyed	303
2026-08-14T12:36:40Z	V141VS140	188	drumlin	278006	A	C	tiebreak	1000
2026-08-14T12:36:43Z	V141VS140	189	drumlin	278006	B	C	core_destroyed	223
2026-08-14T12:36:44Z	V141VS140	190	fjordgate	278006	A	C	core_destroyed	145
2026-08-14T12:36:48Z	V141VS140	191	fjordgate	278006	B	T	core_destroyed	773
2026-08-14T12:36:52Z	V141VS140	192	frostgate	278006	A	T	core_destroyed	572
2026-08-14T12:36:54Z	V141VS140	193	frostgate	278006	B	T	core_destroyed	93
2026-08-14T12:36:57Z	V141VS140	194	glacierkeep	278006	A	C	core_destroyed	209
2026-08-14T12:37:00Z	V141VS140	195	glacierkeep	278006	B	C	core_destroyed	177
2026-08-14T12:37:01Z	V141VS140	196	icefloe	278006	A	C	core_destroyed	63
2026-08-14T12:37:04Z	V141VS140	197	icefloe	278006	B	C	core_destroyed	241
2026-08-14T12:37:08Z	V141VS140	198	midgard	278006	A	T	core_destroyed	144
2026-08-14T12:37:11Z	V141VS140	199	midgard	278006	B	C	core_destroyed	105
2026-08-14T12:37:13Z	V141VS140	200	nordkap	278006	A	C	core_destroyed	187
2026-08-14T12:37:15Z	V141VS140	201	nordkap	278006	B	T	core_destroyed	198
2026-08-14T12:37:18Z	V141VS140	202	ragnarok	278006	A	T	core_destroyed	142
2026-08-14T12:37:25Z	V141VS140	203	ragnarok	278006	B	T	core_destroyed	275
2026-08-14T12:37:28Z	V141VS140	204	royale	278006	A	T	tiebreak	1000
2026-08-14T12:37:31Z	V141VS140	205	royale	278006	B	T	core_destroyed	237
2026-08-14T12:37:40Z	V141VS140	206	valkyrie	278006	A	C	core_destroyed	402
2026-08-14T12:37:46Z	V141VS140	207	valkyrie	278006	B	C	core_destroyed	332
2026-08-14T12:37:49Z	V141VS140	208	yulerune	278006	A	T	core_destroyed	184
2026-08-14T12:37:51Z	V141VS140	209	yulerune	278006	B	C	core_destroyed	168
2026-08-14T12:37:55Z	V141VS140	210	antler	278007	A	C	core_destroyed	341
2026-08-14T12:37:57Z	V141VS140	211	antler	278007	B	C	core_destroyed	172
2026-08-14T12:38:00Z	V141VS140	212	archipelago	278007	A	T	core_destroyed	100
2026-08-14T12:38:03Z	V141VS140	213	archipelago	278007	B	T	core_destroyed	152
2026-08-14T12:38:06Z	V141VS140	214	auroraveil	278007	A	C	core_destroyed	235
2026-08-14T12:38:08Z	V141VS140	215	auroraveil	278007	B	T	core_destroyed	193
2026-08-14T12:38:12Z	V141VS140	216	drakkarfjord	278007	A	C	core_destroyed	208
2026-08-14T12:38:15Z	V141VS140	217	drakkarfjord	278007	B	C	core_destroyed	96
2026-08-14T12:38:17Z	V141VS140	218	drumlin	278007	A	T	core_destroyed	255
2026-08-14T12:38:22Z	V141VS140	219	drumlin	278007	B	T	core_destroyed	255
2026-08-14T12:38:25Z	V141VS140	220	fjordgate	278007	A	T	tiebreak	1000
2026-08-14T12:38:27Z	V141VS140	221	fjordgate	278007	B	C	core_destroyed	200
2026-08-14T12:38:29Z	V141VS140	222	frostgate	278007	A	T	core_destroyed	517
2026-08-14T12:38:33Z	V141VS140	223	frostgate	278007	B	T	core_destroyed	318
2026-08-14T12:38:35Z	V141VS140	224	glacierkeep	278007	A	T	core_destroyed	220
2026-08-14T12:38:46Z	V141VS140	225	glacierkeep	278007	B	T	tiebreak	1000
2026-08-14T12:38:52Z	V141VS140	226	icefloe	278007	A	T	core_destroyed	399
2026-08-14T12:38:54Z	V141VS140	227	icefloe	278007	B	C	core_destroyed	127
2026-08-14T12:38:58Z	V141VS140	228	midgard	278007	A	T	core_destroyed	140
2026-08-14T12:39:02Z	V141VS140	229	midgard	278007	B	C	core_destroyed	159
2026-08-14T12:39:06Z	V141VS140	230	nordkap	278007	A	C	core_destroyed	443
2026-08-14T12:39:09Z	V141VS140	231	nordkap	278007	B	C	core_destroyed	304
2026-08-14T12:39:12Z	V141VS140	232	ragnarok	278007	A	T	core_destroyed	225
2026-08-14T12:39:15Z	V141VS140	233	ragnarok	278007	B	C	core_destroyed	193
2026-08-14T12:39:18Z	V141VS140	234	royale	278007	A	C	core_destroyed	355
2026-08-14T12:39:20Z	V141VS140	235	royale	278007	B	C	core_destroyed	267
2026-08-14T12:39:22Z	V141VS140	236	valkyrie	278007	A	C	core_destroyed	155
2026-08-14T12:39:25Z	V141VS140	237	valkyrie	278007	B	T	core_destroyed	204
2026-08-14T12:39:27Z	V141VS140	238	yulerune	278007	A	T	core_destroyed	231
2026-08-14T12:39:30Z	V141VS140	239	yulerune	278007	B	T	core_destroyed	310
2026-08-14T12:39:32Z	V141VS140	240	antler	278008	A	C	core_destroyed	352
2026-08-14T12:39:35Z	V141VS140	241	antler	278008	B	C	core_destroyed	205
2026-08-14T12:39:37Z	V141VS140	242	archipelago	278008	A	C	core_destroyed	129
2026-08-14T12:39:40Z	V141VS140	243	archipelago	278008	B	T	core_destroyed	152
2026-08-14T12:39:42Z	V141VS140	244	auroraveil	278008	A	C	core_destroyed	136
2026-08-14T12:39:44Z	V141VS140	245	auroraveil	278008	B	C	core_destroyed	117
2026-08-14T12:39:54Z	V141VS140	246	drakkarfjord	278008	A	T	tiebreak	1000
2026-08-14T12:40:02Z	V141VS140	247	drakkarfjord	278008	B	C	core_destroyed	298
2026-08-14T12:40:07Z	V141VS140	248	drumlin	278008	A	T	core_destroyed	269
2026-08-14T12:40:09Z	V141VS140	249	drumlin	278008	B	T	core_destroyed	132
2026-08-14T12:40:11Z	V141VS140	250	fjordgate	278008	A	C	core_destroyed	196
2026-08-14T12:40:14Z	V141VS140	251	fjordgate	278008	B	T	tiebreak	1000
2026-08-14T12:40:16Z	V141VS140	252	frostgate	278008	A	C	core_destroyed	184
2026-08-14T12:40:18Z	V141VS140	253	frostgate	278008	B	T	core_destroyed	141
2026-08-14T12:40:20Z	V141VS140	254	glacierkeep	278008	A	C	core_destroyed	361
2026-08-14T12:40:29Z	V141VS140	255	glacierkeep	278008	B	C	core_destroyed	698
2026-08-14T12:40:32Z	V141VS140	256	icefloe	278008	A	T	core_destroyed	247
2026-08-14T12:40:35Z	V141VS140	257	icefloe	278008	B	C	core_destroyed	261
2026-08-14T12:40:37Z	V141VS140	258	midgard	278008	A	T	core_destroyed	79
2026-08-14T12:40:41Z	V141VS140	259	midgard	278008	B	C	core_destroyed	175
2026-08-14T12:40:45Z	V141VS140	260	nordkap	278008	A	C	core_destroyed	463
2026-08-14T12:40:47Z	V141VS140	261	nordkap	278008	B	T	core_destroyed	297
2026-08-14T12:40:50Z	V141VS140	262	ragnarok	278008	A	T	core_destroyed	149
2026-08-14T12:40:52Z	V141VS140	263	ragnarok	278008	B	C	core_destroyed	135
2026-08-14T12:40:54Z	V141VS140	264	royale	278008	A	T	core_destroyed	373
2026-08-14T12:40:56Z	V141VS140	265	royale	278008	B	C	core_destroyed	105
2026-08-14T12:40:58Z	V141VS140	266	valkyrie	278008	A	T	core_destroyed	155
2026-08-14T12:41:05Z	V141VS140	267	valkyrie	278008	B	C	core_destroyed	332
2026-08-14T12:41:07Z	V141VS140	268	yulerune	278008	A	T	core_destroyed	144
2026-08-14T12:41:11Z	V141VS140	269	yulerune	278008	B	T	core_destroyed	523
2026-08-14T12:41:13Z	V141VS140	270	antler	278009	A	C	core_destroyed	210
2026-08-14T12:41:15Z	V141VS140	271	antler	278009	B	C	core_destroyed	213
2026-08-14T12:41:20Z	V141VS140	272	archipelago	278009	A	T	core_destroyed	246
2026-08-14T12:41:23Z	V141VS140	273	archipelago	278009	B	C	core_destroyed	198
2026-08-14T12:41:26Z	V141VS140	274	auroraveil	278009	A	C	core_destroyed	235
2026-08-14T12:41:28Z	V141VS140	275	auroraveil	278009	B	C	core_destroyed	117
2026-08-14T12:41:34Z	V141VS140	276	drakkarfjord	278009	A	T	core_destroyed	356
2026-08-14T12:41:38Z	V141VS140	277	drakkarfjord	278009	B	C	core_destroyed	164
2026-08-14T12:41:40Z	V141VS140	278	drumlin	278009	A	T	core_destroyed	166
2026-08-14T12:41:44Z	V141VS140	279	drumlin	278009	B	C	core_destroyed	281
2026-08-14T12:41:45Z	V141VS140	280	fjordgate	278009	A	T	core_destroyed	134
2026-08-14T12:41:48Z	V141VS140	281	fjordgate	278009	B	T	core_destroyed	344
2026-08-14T12:41:50Z	V141VS140	282	frostgate	278009	A	T	core_destroyed	132
2026-08-14T12:41:52Z	V141VS140	283	frostgate	278009	B	T	core_destroyed	555
2026-08-14T12:41:54Z	V141VS140	284	glacierkeep	278009	A	T	core_destroyed	390
2026-08-14T12:42:00Z	V141VS140	285	glacierkeep	278009	B	C	tiebreak	1000
2026-08-14T12:42:02Z	V141VS140	286	icefloe	278009	A	T	core_destroyed	146
2026-08-14T12:42:05Z	V141VS140	287	icefloe	278009	B	C	core_destroyed	248
2026-08-14T12:42:09Z	V141VS140	288	midgard	278009	A	C	core_destroyed	231
2026-08-14T12:42:12Z	V141VS140	289	midgard	278009	B	C	core_destroyed	105
2026-08-14T12:42:13Z	V141VS140	290	nordkap	278009	A	C	core_destroyed	137
2026-08-14T12:42:14Z	V141VS140	291	nordkap	278009	B	C	core_destroyed	289
2026-08-14T12:42:22Z	V141VS140	292	ragnarok	278009	A	T	core_destroyed	351
2026-08-14T12:42:25Z	V141VS140	293	ragnarok	278009	B	C	core_destroyed	144
2026-08-14T12:42:28Z	V141VS140	294	royale	278009	A	C	tiebreak	1000
2026-08-14T12:42:30Z	V141VS140	295	royale	278009	B	C	core_destroyed	277
2026-08-14T12:42:33Z	V141VS140	296	valkyrie	278009	A	T	core_destroyed	192
2026-08-14T12:42:36Z	V141VS140	297	valkyrie	278009	B	C	core_destroyed	373
2026-08-14T12:42:40Z	V141VS140	298	yulerune	278009	A	C	core_destroyed	367
2026-08-14T12:42:43Z	V141VS140	299	yulerune	278009	B	C	core_destroyed	168
2026-08-14T12:42:45Z	V141VS140	300	antler	278010	A	C	core_destroyed	185
2026-08-14T12:42:47Z	V141VS140	301	antler	278010	B	T	core_destroyed	506
2026-08-14T12:42:50Z	V141VS140	302	archipelago	278010	A	T	core_destroyed	187
2026-08-14T12:42:52Z	V141VS140	303	archipelago	278010	B	T	core_destroyed	88
2026-08-14T12:42:56Z	V141VS140	304	auroraveil	278010	A	T	core_destroyed	421
2026-08-14T12:43:01Z	V141VS140	305	auroraveil	278010	B	C	core_destroyed	629
2026-08-14T12:43:10Z	V141VS140	306	drakkarfjord	278010	A	C	tiebreak	1000
2026-08-14T12:43:15Z	V141VS140	307	drakkarfjord	278010	B	T	core_destroyed	368
2026-08-14T12:43:23Z	V141VS140	308	drumlin	278010	A	T	tiebreak	1000
2026-08-14T12:43:27Z	V141VS140	309	drumlin	278010	B	T	core_destroyed	326
2026-08-14T12:43:29Z	V141VS140	310	fjordgate	278010	A	T	core_destroyed	266
2026-08-14T12:43:30Z	V141VS140	311	fjordgate	278010	B	T	core_destroyed	177
2026-08-14T12:43:32Z	V141VS140	312	frostgate	278010	A	C	core_destroyed	233
2026-08-14T12:43:36Z	V141VS140	313	frostgate	278010	B	C	core_destroyed	261
2026-08-14T12:43:39Z	V141VS140	314	glacierkeep	278010	A	C	core_destroyed	621
2026-08-14T12:43:50Z	V141VS140	315	glacierkeep	278010	B	C	tiebreak	1000
2026-08-14T12:43:53Z	V141VS140	316	icefloe	278010	A	T	core_destroyed	346
2026-08-14T12:44:03Z	V141VS140	317	icefloe	278010	B	C	core_destroyed	624
2026-08-14T12:44:06Z	V141VS140	318	midgard	278010	A	T	core_destroyed	152
2026-08-14T12:44:08Z	V141VS140	319	midgard	278010	B	C	core_destroyed	112
2026-08-14T12:44:10Z	V141VS140	320	nordkap	278010	A	C	core_destroyed	164
2026-08-14T12:44:12Z	V141VS140	321	nordkap	278010	B	T	core_destroyed	231
2026-08-14T12:44:15Z	V141VS140	322	ragnarok	278010	A	T	core_destroyed	173
2026-08-14T12:44:18Z	V141VS140	323	ragnarok	278010	B	C	core_destroyed	109
2026-08-14T12:44:20Z	V141VS140	324	royale	278010	A	T	core_destroyed	255
2026-08-14T12:44:21Z	V141VS140	325	royale	278010	B	C	core_destroyed	135
2026-08-14T12:44:25Z	V141VS140	326	valkyrie	278010	A	C	core_destroyed	220
2026-08-14T12:44:30Z	V141VS140	327	valkyrie	278010	B	C	core_destroyed	332
2026-08-14T12:44:33Z	V141VS140	328	yulerune	278010	A	C	core_destroyed	236
2026-08-14T12:44:36Z	V141VS140	329	yulerune	278010	B	C	core_destroyed	289
2026-08-14T12:44:39Z	V141VS140	330	antler	278011	A	T	core_destroyed	333
2026-08-14T12:44:41Z	V141VS140	331	antler	278011	B	T	core_destroyed	162
2026-08-14T12:44:47Z	V141VS140	332	archipelago	278011	A	T	core_destroyed	407
2026-08-14T12:44:50Z	V141VS140	333	archipelago	278011	B	T	core_destroyed	126
2026-08-14T12:44:52Z	V141VS140	334	auroraveil	278011	A	T	core_destroyed	180
2026-08-14T12:44:54Z	V141VS140	335	auroraveil	278011	B	C	core_destroyed	153
2026-08-14T12:44:57Z	V141VS140	336	drakkarfjord	278011	A	C	core_destroyed	208
2026-08-14T12:45:00Z	V141VS140	337	drakkarfjord	278011	B	C	core_destroyed	96
2026-08-14T12:45:03Z	V141VS140	338	drumlin	278011	A	C	core_destroyed	223
2026-08-14T12:45:04Z	V141VS140	339	drumlin	278011	B	C	core_destroyed	76
2026-08-14T12:45:06Z	V141VS140	340	fjordgate	278011	A	T	core_destroyed	110
2026-08-14T12:45:08Z	V141VS140	341	fjordgate	278011	B	T	core_destroyed	773
2026-08-14T12:45:10Z	V141VS140	342	frostgate	278011	A	C	core_destroyed	241
2026-08-14T12:45:12Z	V141VS140	343	frostgate	278011	B	T	core_destroyed	141
2026-08-14T12:45:19Z	V141VS140	344	glacierkeep	278011	A	C	tiebreak	1000
2026-08-14T12:45:25Z	V141VS140	345	glacierkeep	278011	B	T	core_destroyed	485
2026-08-14T12:45:27Z	V141VS140	346	icefloe	278011	A	C	core_destroyed	63
2026-08-14T12:45:29Z	V141VS140	347	icefloe	278011	B	C	core_destroyed	241
2026-08-14T12:45:31Z	V141VS140	348	midgard	278011	A	T	core_destroyed	73
2026-08-14T12:45:35Z	V141VS140	349	midgard	278011	B	T	core_destroyed	123
2026-08-14T12:45:36Z	V141VS140	350	nordkap	278011	A	C	core_destroyed	118
2026-08-14T12:45:38Z	V141VS140	351	nordkap	278011	B	C	core_destroyed	205
2026-08-14T12:45:42Z	V141VS140	352	ragnarok	278011	A	T	core_destroyed	385
2026-08-14T12:45:49Z	V141VS140	353	ragnarok	278011	B	T	core_destroyed	583
2026-08-14T12:45:51Z	V141VS140	354	royale	278011	A	T	core_destroyed	373
2026-08-14T12:45:54Z	V141VS140	355	royale	278011	B	C	tiebreak	1000
2026-08-14T12:45:57Z	V141VS140	356	valkyrie	278011	A	C	core_destroyed	174
2026-08-14T12:46:00Z	V141VS140	357	valkyrie	278011	B	C	core_destroyed	373
2026-08-14T12:46:03Z	V141VS140	358	yulerune	278011	A	T	core_destroyed	266
2026-08-14T12:46:06Z	V141VS140	359	yulerune	278011	B	C	core_destroyed	168
2026-08-14T12:46:08Z	V141VS140	360	antler	278012	A	T	core_destroyed	377
2026-08-14T12:46:10Z	V141VS140	361	antler	278012	B	C	core_destroyed	361
2026-08-14T12:46:12Z	V141VS140	362	archipelago	278012	A	C	core_destroyed	81
2026-08-14T12:46:14Z	V141VS140	363	archipelago	278012	B	T	core_destroyed	81
2026-08-14T12:46:21Z	V141VS140	364	auroraveil	278012	A	T	core_destroyed	561
2026-08-14T12:46:23Z	V141VS140	365	auroraveil	278012	B	C	core_destroyed	79
2026-08-14T12:46:29Z	V141VS140	366	drakkarfjord	278012	A	C	core_destroyed	703
2026-08-14T12:46:34Z	V141VS140	367	drakkarfjord	278012	B	C	core_destroyed	569
2026-08-14T12:46:37Z	V141VS140	368	drumlin	278012	A	T	core_destroyed	215
2026-08-14T12:46:40Z	V141VS140	369	drumlin	278012	B	C	core_destroyed	194
2026-08-14T12:46:41Z	V141VS140	370	fjordgate	278012	A	T	core_destroyed	118
2026-08-14T12:46:43Z	V141VS140	371	fjordgate	278012	B	T	core_destroyed	549
2026-08-14T12:46:45Z	V141VS140	372	frostgate	278012	A	T	core_destroyed	517
2026-08-14T12:46:46Z	V141VS140	373	frostgate	278012	B	C	core_destroyed	161
2026-08-14T12:46:52Z	V141VS140	374	glacierkeep	278012	A	C	tiebreak	1000
2026-08-14T12:46:54Z	V141VS140	375	glacierkeep	278012	B	T	core_destroyed	257
2026-08-14T12:46:56Z	V141VS140	376	icefloe	278012	A	T	core_destroyed	228
2026-08-14T12:46:59Z	V141VS140	377	icefloe	278012	B	C	core_destroyed	166
2026-08-14T12:47:02Z	V141VS140	378	midgard	278012	A	T	core_destroyed	140
2026-08-14T12:47:05Z	V141VS140	379	midgard	278012	B	T	core_destroyed	123
2026-08-14T12:47:07Z	V141VS140	380	nordkap	278012	A	C	tiebreak	1000
2026-08-14T12:47:09Z	V141VS140	381	nordkap	278012	B	C	core_destroyed	205
2026-08-14T12:47:14Z	V141VS140	382	ragnarok	278012	A	C	core_destroyed	493
2026-08-14T12:47:17Z	V141VS140	383	ragnarok	278012	B	C	core_destroyed	189
2026-08-14T12:47:23Z	V141VS140	384	royale	278012	A	T	core_destroyed	983
2026-08-14T12:47:25Z	V141VS140	385	royale	278012	B	C	core_destroyed	267
2026-08-14T12:47:30Z	V141VS140	386	valkyrie	278012	A	C	core_destroyed	220
2026-08-14T12:47:32Z	V141VS140	387	valkyrie	278012	B	C	core_destroyed	174
2026-08-14T12:47:35Z	V141VS140	388	yulerune	278012	A	C	core_destroyed	192
2026-08-14T12:47:36Z	V141VS140	389	yulerune	278012	B	T	core_destroyed	141
2026-08-14T12:47:38Z	V141VS140	390	antler	278013	A	C	core_destroyed	208
2026-08-14T12:47:41Z	V141VS140	391	antler	278013	B	T	core_destroyed	165
2026-08-14T12:47:44Z	V141VS140	392	archipelago	278013	A	C	core_destroyed	240
2026-08-14T12:47:49Z	V141VS140	393	archipelago	278013	B	C	core_destroyed	197
2026-08-14T12:47:53Z	V141VS140	394	auroraveil	278013	A	T	core_destroyed	421
2026-08-14T12:47:54Z	V141VS140	395	auroraveil	278013	B	C	core_destroyed	157
2026-08-14T12:47:58Z	V141VS140	396	drakkarfjord	278013	A	C	core_destroyed	218
2026-08-14T12:48:12Z	V141VS140	397	drakkarfjord	278013	B	C	core_destroyed	673
2026-08-14T12:48:16Z	V141VS140	398	drumlin	278013	A	T	core_destroyed	369
2026-08-14T12:48:20Z	V141VS140	399	drumlin	278013	B	T	core_destroyed	320
2026-08-14T12:48:22Z	V141VS140	400	fjordgate	278013	A	C	core_destroyed	204
2026-08-14T12:48:23Z	V141VS140	401	fjordgate	278013	B	T	core_destroyed	189
2026-08-14T12:48:24Z	V141VS140	402	frostgate	278013	A	C	core_destroyed	147
2026-08-14T12:48:26Z	V141VS140	403	frostgate	278013	B	T	core_destroyed	365
2026-08-14T12:48:38Z	V141VS140	404	glacierkeep	278013	A	T	tiebreak	1000
2026-08-14T12:48:41Z	V141VS140	405	glacierkeep	278013	B	T	core_destroyed	269
2026-08-14T12:48:44Z	V141VS140	406	icefloe	278013	A	T	core_destroyed	212
2026-08-14T12:48:47Z	V141VS140	407	icefloe	278013	B	T	core_destroyed	215
2026-08-14T12:48:49Z	V141VS140	408	midgard	278013	A	C	core_destroyed	129
2026-08-14T12:48:52Z	V141VS140	409	midgard	278013	B	C	core_destroyed	113
2026-08-14T12:48:56Z	V141VS140	410	nordkap	278013	A	T	core_destroyed	285
2026-08-14T12:48:58Z	V141VS140	411	nordkap	278013	B	C	core_destroyed	107
2026-08-14T12:49:00Z	V141VS140	412	ragnarok	278013	A	T	core_destroyed	117
2026-08-14T12:49:02Z	V141VS140	413	ragnarok	278013	B	C	core_destroyed	147
2026-08-14T12:49:05Z	V141VS140	414	royale	278013	A	T	core_destroyed	817
2026-08-14T12:49:06Z	V141VS140	415	royale	278013	B	C	core_destroyed	301
2026-08-14T12:49:08Z	V141VS140	416	valkyrie	278013	A	C	core_destroyed	155
2026-08-14T12:49:10Z	V141VS140	417	valkyrie	278013	B	T	core_destroyed	150
2026-08-14T12:49:12Z	V141VS140	418	yulerune	278013	A	T	core_destroyed	214
2026-08-14T12:49:15Z	V141VS140	419	yulerune	278013	B	C	core_destroyed	210
2026-08-14T12:49:17Z	V141VS140	420	antler	278014	A	T	core_destroyed	216
2026-08-14T12:49:19Z	V141VS140	421	antler	278014	B	C	core_destroyed	145
2026-08-14T12:49:23Z	V141VS140	422	archipelago	278014	A	C	core_destroyed	153
2026-08-14T12:49:25Z	V141VS140	423	archipelago	278014	B	T	core_destroyed	86
2026-08-14T12:49:26Z	V141VS140	424	auroraveil	278014	A	T	core_destroyed	152
2026-08-14T12:49:28Z	V141VS140	425	auroraveil	278014	B	C	core_destroyed	142
2026-08-14T12:49:31Z	V141VS140	426	drakkarfjord	278014	A	T	core_destroyed	344
2026-08-14T12:49:37Z	V141VS140	427	drakkarfjord	278014	B	C	core_destroyed	274
2026-08-14T12:49:40Z	V141VS140	428	drumlin	278014	A	T	core_destroyed	166
2026-08-14T12:49:41Z	V141VS140	429	drumlin	278014	B	C	core_destroyed	76
2026-08-14T12:49:42Z	V141VS140	430	fjordgate	278014	A	T	core_destroyed	258
2026-08-14T12:49:44Z	V141VS140	431	fjordgate	278014	B	T	core_destroyed	155
2026-08-14T12:49:45Z	V141VS140	432	frostgate	278014	A	T	core_destroyed	301
2026-08-14T12:49:48Z	V141VS140	433	frostgate	278014	B	C	core_destroyed	268
2026-08-14T12:49:52Z	V141VS140	434	glacierkeep	278014	A	T	core_destroyed	614
2026-08-14T12:50:08Z	V141VS140	435	glacierkeep	278014	B	C	tiebreak	1000
2026-08-14T12:50:09Z	V141VS140	436	icefloe	278014	A	T	core_destroyed	109
2026-08-14T12:50:12Z	V141VS140	437	icefloe	278014	B	C	core_destroyed	262
2026-08-14T12:50:15Z	V141VS140	438	midgard	278014	A	C	core_destroyed	237
2026-08-14T12:50:18Z	V141VS140	439	midgard	278014	B	T	core_destroyed	127
2026-08-14T12:50:20Z	V141VS140	440	nordkap	278014	A	T	core_destroyed	212
2026-08-14T12:50:22Z	V141VS140	441	nordkap	278014	B	T	core_destroyed	233
2026-08-14T12:50:24Z	V141VS140	442	ragnarok	278014	A	T	core_destroyed	140
2026-08-14T12:50:27Z	V141VS140	443	ragnarok	278014	B	C	core_destroyed	189
2026-08-14T12:50:29Z	V141VS140	444	royale	278014	A	C	core_destroyed	247
2026-08-14T12:50:30Z	V141VS140	445	royale	278014	B	C	core_destroyed	88
2026-08-14T12:50:35Z	V141VS140	446	valkyrie	278014	A	T	core_destroyed	399
2026-08-14T12:50:37Z	V141VS140	447	valkyrie	278014	B	C	core_destroyed	373
2026-08-14T12:50:39Z	V141VS140	448	yulerune	278014	A	T	core_destroyed	120
2026-08-14T12:50:42Z	V141VS140	449	yulerune	278014	B	C	core_destroyed	192
2026-08-14T12:50:43Z	V141VS140	450	antler	278015	A	C	core_destroyed	241
2026-08-14T12:50:45Z	V141VS140	451	antler	278015	B	T	core_destroyed	162
2026-08-14T12:50:47Z	V141VS140	452	archipelago	278015	A	T	core_destroyed	144
2026-08-14T12:50:49Z	V141VS140	453	archipelago	278015	B	C	core_destroyed	112
2026-08-14T12:50:50Z	V141VS140	454	auroraveil	278015	A	C	core_destroyed	140
2026-08-14T12:50:52Z	V141VS140	455	auroraveil	278015	B	T	core_destroyed	256
2026-08-14T12:51:00Z	V141VS140	456	drakkarfjord	278015	A	C	tiebreak	1000
2026-08-14T12:51:07Z	V141VS140	457	drakkarfjord	278015	B	C	tiebreak	1000
2026-08-14T12:51:11Z	V141VS140	458	drumlin	278015	A	C	core_destroyed	340
2026-08-14T12:51:13Z	V141VS140	459	drumlin	278015	B	T	core_destroyed	222
2026-08-14T12:51:15Z	V141VS140	460	fjordgate	278015	A	C	core_destroyed	196
2026-08-14T12:51:16Z	V141VS140	461	fjordgate	278015	B	T	core_destroyed	249
2026-08-14T12:51:19Z	V141VS140	462	frostgate	278015	A	T	core_destroyed	572
2026-08-14T12:51:23Z	V141VS140	463	frostgate	278015	B	C	core_destroyed	292
2026-08-14T12:51:31Z	V141VS140	464	glacierkeep	278015	A	T	core_destroyed	653
2026-08-14T12:51:43Z	V141VS140	465	glacierkeep	278015	B	C	tiebreak	1000
2026-08-14T12:51:46Z	V141VS140	466	icefloe	278015	A	T	core_destroyed	224
2026-08-14T12:51:49Z	V141VS140	467	icefloe	278015	B	T	core_destroyed	200
2026-08-14T12:51:51Z	V141VS140	468	midgard	278015	A	T	core_destroyed	95
2026-08-14T12:51:54Z	V141VS140	469	midgard	278015	B	C	core_destroyed	142
2026-08-14T12:51:55Z	V141VS140	470	nordkap	278015	A	C	core_destroyed	130
2026-08-14T12:51:57Z	V141VS140	471	nordkap	278015	B	C	core_destroyed	210
2026-08-14T12:52:00Z	V141VS140	472	ragnarok	278015	A	C	tiebreak	461
2026-08-14T12:52:03Z	V141VS140	473	ragnarok	278015	B	C	core_destroyed	145
2026-08-14T12:52:05Z	V141VS140	474	royale	278015	A	C	core_destroyed	345
2026-08-14T12:52:08Z	V141VS140	475	royale	278015	B	C	tiebreak	1000
2026-08-14T12:52:15Z	V141VS140	476	valkyrie	278015	A	T	core_destroyed	285
2026-08-14T12:52:21Z	V141VS140	477	valkyrie	278015	B	T	core_destroyed	267
2026-08-14T12:52:23Z	V141VS140	478	yulerune	278015	A	T	core_destroyed	125
2026-08-14T12:52:26Z	V141VS140	479	yulerune	278015	B	C	core_destroyed	256
2026-08-14T12:52:28Z	V141VS140	480	antler	278016	A	C	core_destroyed	352
2026-08-14T12:52:31Z	V141VS140	481	antler	278016	B	C	core_destroyed	270
2026-08-14T12:52:33Z	V141VS140	482	archipelago	278016	A	C	core_destroyed	86
2026-08-14T12:52:37Z	V141VS140	483	archipelago	278016	B	C	core_destroyed	238
2026-08-14T12:52:39Z	V141VS140	484	auroraveil	278016	A	C	core_destroyed	140
2026-08-14T12:52:44Z	V141VS140	485	auroraveil	278016	B	C	core_destroyed	673
2026-08-14T12:52:52Z	V141VS140	486	drakkarfjord	278016	A	C	core_destroyed	384
2026-08-14T12:52:58Z	V141VS140	487	drakkarfjord	278016	B	C	core_destroyed	296
2026-08-14T12:53:02Z	V141VS140	488	drumlin	278016	A	C	core_destroyed	302
2026-08-14T12:53:05Z	V141VS140	489	drumlin	278016	B	T	core_destroyed	201
2026-08-14T12:53:06Z	V141VS140	490	fjordgate	278016	A	C	core_destroyed	117
2026-08-14T12:53:08Z	V141VS140	491	fjordgate	278016	B	C	core_destroyed	175
2026-08-14T12:53:10Z	V141VS140	492	frostgate	278016	A	C	core_destroyed	158
2026-08-14T12:53:13Z	V141VS140	493	frostgate	278016	B	C	core_destroyed	194
2026-08-14T12:53:18Z	V141VS140	494	glacierkeep	278016	A	C	tiebreak	1000
2026-08-14T12:53:31Z	V141VS140	495	glacierkeep	278016	B	T	tiebreak	1000
2026-08-14T12:53:34Z	V141VS140	496	icefloe	278016	A	T	core_destroyed	390
2026-08-14T12:53:43Z	V141VS140	497	icefloe	278016	B	C	tiebreak	1000
2026-08-14T12:53:45Z	V141VS140	498	midgard	278016	A	T	core_destroyed	89
2026-08-14T12:53:48Z	V141VS140	499	midgard	278016	B	C	core_destroyed	113
2026-08-14T12:53:49Z	V141VS140	500	nordkap	278016	A	C	core_destroyed	122
2026-08-14T12:53:51Z	V141VS140	501	nordkap	278016	B	T	core_destroyed	296
2026-08-14T12:53:54Z	V141VS140	502	ragnarok	278016	A	T	core_destroyed	140
2026-08-14T12:53:57Z	V141VS140	503	ragnarok	278016	B	C	core_destroyed	189
2026-08-14T12:54:01Z	V141VS140	504	royale	278016	A	T	tiebreak	1000
2026-08-14T12:54:06Z	V141VS140	505	royale	278016	B	C	tiebreak	1000
2026-08-14T12:54:08Z	V141VS140	506	valkyrie	278016	A	C	core_destroyed	171
2026-08-14T12:54:12Z	V141VS140	507	valkyrie	278016	B	T	core_destroyed	421
2026-08-14T12:54:14Z	V141VS140	508	yulerune	278016	A	C	core_destroyed	189
2026-08-14T12:54:16Z	V141VS140	509	yulerune	278016	B	C	core_destroyed	176
2026-08-14T12:54:17Z	V141VS140	510	antler	278017	A	T	core_destroyed	151
2026-08-14T12:54:19Z	V141VS140	511	antler	278017	B	C	core_destroyed	168
2026-08-14T12:54:22Z	V141VS140	512	archipelago	278017	A	C	core_destroyed	153
2026-08-14T12:54:25Z	V141VS140	513	archipelago	278017	B	C	core_destroyed	198
2026-08-14T12:54:27Z	V141VS140	514	auroraveil	278017	A	C	core_destroyed	140
2026-08-14T12:54:30Z	V141VS140	515	auroraveil	278017	B	T	core_destroyed	338
2026-08-14T12:54:34Z	V141VS140	516	drakkarfjord	278017	A	T	core_destroyed	453
2026-08-14T12:54:38Z	V141VS140	517	drakkarfjord	278017	B	T	core_destroyed	228
2026-08-14T12:54:42Z	V141VS140	518	drumlin	278017	A	T	core_destroyed	269
2026-08-14T12:54:47Z	V141VS140	519	drumlin	278017	B	C	core_destroyed	386
2026-08-14T12:54:49Z	V141VS140	520	fjordgate	278017	A	T	core_destroyed	277
2026-08-14T12:54:50Z	V141VS140	521	fjordgate	278017	B	C	core_destroyed	161
2026-08-14T12:54:52Z	V141VS140	522	frostgate	278017	A	T	core_destroyed	136
2026-08-14T12:54:54Z	V141VS140	523	frostgate	278017	B	C	core_destroyed	216
2026-08-14T12:55:01Z	V141VS140	524	glacierkeep	278017	A	T	core_destroyed	842
2026-08-14T12:55:08Z	V141VS140	525	glacierkeep	278017	B	T	core_destroyed	485
2026-08-14T12:55:10Z	V141VS140	526	icefloe	278017	A	T	core_destroyed	171
2026-08-14T12:55:18Z	V141VS140	527	icefloe	278017	B	C	core_destroyed	968
2026-08-14T12:55:22Z	V141VS140	528	midgard	278017	A	C	core_destroyed	204
2026-08-14T12:55:25Z	V141VS140	529	midgard	278017	B	T	core_destroyed	123
2026-08-14T12:55:28Z	V141VS140	530	nordkap	278017	A	C	tiebreak	1000
2026-08-14T12:55:29Z	V141VS140	531	nordkap	278017	B	C	core_destroyed	96
2026-08-14T12:56:30Z	V141VS140	532	ragnarok	278017	A	T	tiebreak	1000
2026-08-14T12:56:33Z	V141VS140	533	ragnarok	278017	B	C	core_destroyed	171
2026-08-14T12:56:37Z	V141VS140	534	royale	278017	A	C	core_destroyed	662
2026-08-14T12:56:41Z	V141VS140	535	royale	278017	B	C	core_destroyed	798
2026-08-14T12:56:44Z	V141VS140	536	valkyrie	278017	A	C	core_destroyed	174
2026-08-14T12:56:47Z	V141VS140	537	valkyrie	278017	B	C	core_destroyed	268
2026-08-14T12:56:48Z	V141VS140	538	yulerune	278017	A	T	core_destroyed	125
2026-08-14T12:56:50Z	V141VS140	539	yulerune	278017	B	T	core_destroyed	128
2026-08-14T12:56:52Z	V141VS140	540	antler	278018	A	T	core_destroyed	120
2026-08-14T12:56:54Z	V141VS140	541	antler	278018	B	T	core_destroyed	506
2026-08-14T12:56:56Z	V141VS140	542	archipelago	278018	A	T	core_destroyed	104
2026-08-14T12:57:00Z	V141VS140	543	archipelago	278018	B	T	core_destroyed	190
2026-08-14T12:57:01Z	V141VS140	544	auroraveil	278018	A	C	core_destroyed	125
2026-08-14T12:57:03Z	V141VS140	545	auroraveil	278018	B	C	core_destroyed	153
2026-08-14T12:57:10Z	V141VS140	546	drakkarfjord	278018	A	C	core_destroyed	682
2026-08-14T12:57:16Z	V141VS140	547	drakkarfjord	278018	B	C	core_destroyed	431
2026-08-14T12:57:19Z	V141VS140	548	drumlin	278018	A	C	core_destroyed	217
2026-08-14T12:57:22Z	V141VS140	549	drumlin	278018	B	T	core_destroyed	229
2026-08-14T12:57:25Z	V141VS140	550	fjordgate	278018	A	C	core_destroyed	413
2026-08-14T12:57:26Z	V141VS140	551	fjordgate	278018	B	T	core_destroyed	187
2026-08-14T12:57:27Z	V141VS140	552	frostgate	278018	A	C	core_destroyed	113
2026-08-14T12:57:29Z	V141VS140	553	frostgate	278018	B	T	core_destroyed	151
2026-08-14T12:57:33Z	V141VS140	554	glacierkeep	278018	A	T	core_destroyed	614
2026-08-14T12:57:40Z	V141VS140	555	glacierkeep	278018	B	T	core_destroyed	485
2026-08-14T12:57:42Z	V141VS140	556	icefloe	278018	A	T	core_destroyed	321
2026-08-14T12:57:44Z	V141VS140	557	icefloe	278018	B	C	core_destroyed	145
2026-08-14T12:57:47Z	V141VS140	558	midgard	278018	A	C	core_destroyed	93
2026-08-14T12:57:49Z	V141VS140	559	midgard	278018	B	C	core_destroyed	80
2026-08-14T12:57:52Z	V141VS140	560	nordkap	278018	A	T	core_destroyed	287
2026-08-14T12:57:53Z	V141VS140	561	nordkap	278018	B	T	core_destroyed	297
2026-08-14T12:58:50Z	V141VS140	562	ragnarok	278018	A	C	tiebreak	1000
2026-08-14T12:58:57Z	V141VS140	563	ragnarok	278018	B	T	core_destroyed	275
2026-08-14T12:58:59Z	V141VS140	564	royale	278018	A	T	core_destroyed	143
2026-08-14T12:59:00Z	V141VS140	565	royale	278018	B	T	core_destroyed	311
2026-08-14T12:59:03Z	V141VS140	566	valkyrie	278018	A	C	core_destroyed	174
2026-08-14T12:59:06Z	V141VS140	567	valkyrie	278018	B	C	core_destroyed	174
2026-08-14T12:59:08Z	V141VS140	568	yulerune	278018	A	C	core_destroyed	303
2026-08-14T12:59:11Z	V141VS140	569	yulerune	278018	B	T	core_destroyed	192
2026-08-14T12:59:14Z	V141VS140	570	antler	278019	A	C	core_destroyed	375
2026-08-14T12:59:17Z	V141VS140	571	antler	278019	B	T	core_destroyed	352
2026-08-14T12:59:20Z	V141VS140	572	archipelago	278019	A	T	core_destroyed	119
2026-08-14T12:59:22Z	V141VS140	573	archipelago	278019	B	C	core_destroyed	135
2026-08-14T12:59:26Z	V141VS140	574	auroraveil	278019	A	C	core_destroyed	349
2026-08-14T12:59:30Z	V141VS140	575	auroraveil	278019	B	T	core_destroyed	338
2026-08-14T12:59:34Z	V141VS140	576	drakkarfjord	278019	A	C	core_destroyed	337
2026-08-14T12:59:39Z	V141VS140	577	drakkarfjord	278019	B	C	core_destroyed	469
2026-08-14T12:59:44Z	V141VS140	578	drumlin	278019	A	T	core_destroyed	369
2026-08-14T12:59:48Z	V141VS140	579	drumlin	278019	B	T	core_destroyed	417
2026-08-14T12:59:49Z	V141VS140	580	fjordgate	278019	A	T	core_destroyed	134
2026-08-14T12:59:52Z	V141VS140	581	fjordgate	278019	B	T	core_destroyed	615
2026-08-14T12:59:55Z	V141VS140	582	frostgate	278019	A	T	tiebreak	1000
2026-08-14T13:00:00Z	V141VS140	583	frostgate	278019	B	C	core_destroyed	443
2026-08-14T13:00:03Z	V141VS140	584	glacierkeep	278019	A	T	core_destroyed	390
2026-08-14T13:00:07Z	V141VS140	585	glacierkeep	278019	B	C	tiebreak	1000
2026-08-14T13:00:11Z	V141VS140	586	icefloe	278019	A	C	core_destroyed	272
2026-08-14T13:00:17Z	V141VS140	587	icefloe	278019	B	T	core_destroyed	717
2026-08-14T13:00:19Z	V141VS140	588	midgard	278019	A	T	core_destroyed	89
2026-08-14T13:00:22Z	V141VS140	589	midgard	278019	B	C	core_destroyed	86
2026-08-14T13:00:24Z	V141VS140	590	nordkap	278019	A	C	core_destroyed	118
2026-08-14T13:00:25Z	V141VS140	591	nordkap	278019	B	T	core_destroyed	309
2026-08-14T13:00:30Z	V141VS140	592	ragnarok	278019	A	C	core_destroyed	225
2026-08-14T13:00:34Z	V141VS140	593	ragnarok	278019	B	T	core_destroyed	198
2026-08-14T13:00:36Z	V141VS140	594	royale	278019	A	T	core_destroyed	143
2026-08-14T13:00:38Z	V141VS140	595	royale	278019	B	T	core_destroyed	237
2026-08-14T13:00:42Z	V141VS140	596	valkyrie	278019	A	T	core_destroyed	176
2026-08-14T13:00:44Z	V141VS140	597	valkyrie	278019	B	T	core_destroyed	112
2026-08-14T13:00:47Z	V141VS140	598	yulerune	278019	A	T	core_destroyed	293
2026-08-14T13:00:49Z	V141VS140	599	yulerune	278019	B	C	core_destroyed	176
2026-08-14T13:00:52Z	V141VS140	600	antler	278020	A	C	core_destroyed	501
2026-08-14T13:00:53Z	V141VS140	601	antler	278020	B	C	core_destroyed	267
2026-08-14T13:00:56Z	V141VS140	602	archipelago	278020	A	C	core_destroyed	89
2026-08-14T13:00:58Z	V141VS140	603	archipelago	278020	B	T	core_destroyed	138
2026-08-14T13:01:02Z	V141VS140	604	auroraveil	278020	A	C	core_destroyed	272
2026-08-14T13:01:04Z	V141VS140	605	auroraveil	278020	B	C	core_destroyed	79
2026-08-14T13:01:08Z	V141VS140	606	drakkarfjord	278020	A	T	core_destroyed	369
2026-08-14T13:01:12Z	V141VS140	607	drakkarfjord	278020	B	C	core_destroyed	236
2026-08-14T13:01:14Z	V141VS140	608	drumlin	278020	A	T	core_destroyed	255
2026-08-14T13:01:18Z	V141VS140	609	drumlin	278020	B	T	core_destroyed	189
2026-08-14T13:01:19Z	V141VS140	610	fjordgate	278020	A	T	core_destroyed	258
2026-08-14T13:01:21Z	V141VS140	611	fjordgate	278020	B	T	core_destroyed	371
2026-08-14T13:01:23Z	V141VS140	612	frostgate	278020	A	T	core_destroyed	301
2026-08-14T13:01:25Z	V141VS140	613	frostgate	278020	B	C	core_destroyed	142
2026-08-14T13:01:28Z	V141VS140	614	glacierkeep	278020	A	T	core_destroyed	390
2026-08-14T13:01:30Z	V141VS140	615	glacierkeep	278020	B	C	core_destroyed	127
2026-08-14T13:01:32Z	V141VS140	616	icefloe	278020	A	T	core_destroyed	321
2026-08-14T13:01:35Z	V141VS140	617	icefloe	278020	B	C	core_destroyed	220
2026-08-14T13:01:39Z	V141VS140	618	midgard	278020	A	T	core_destroyed	171
2026-08-14T13:02:06Z	V141VS140	619	midgard	278020	B	C	tiebreak	1000
2026-08-14T13:02:08Z	V141VS140	620	nordkap	278020	A	T	core_destroyed	199
2026-08-14T13:02:10Z	V141VS140	621	nordkap	278020	B	T	core_destroyed	168
2026-08-14T13:02:13Z	V141VS140	622	ragnarok	278020	A	T	core_destroyed	159
2026-08-14T13:03:06Z	V141VS140	623	ragnarok	278020	B	C	tiebreak	1000
2026-08-14T13:03:09Z	V141VS140	624	royale	278020	A	C	core_destroyed	145
2026-08-14T13:03:10Z	V141VS140	625	royale	278020	B	C	core_destroyed	277
2026-08-14T13:03:18Z	V141VS140	626	valkyrie	278020	A	T	core_destroyed	285
2026-08-14T13:03:20Z	V141VS140	627	valkyrie	278020	B	C	core_destroyed	145
2026-08-14T13:03:26Z	V141VS140	628	yulerune	278020	A	T	core_destroyed	665
2026-08-14T13:03:29Z	V141VS140	629	yulerune	278020	B	C	core_destroyed	209
2026-08-14T13:03:32Z	V141VS140	630	antler	278021	A	C	core_destroyed	247
2026-08-14T13:03:34Z	V141VS140	631	antler	278021	B	C	core_destroyed	217
2026-08-14T13:03:38Z	V141VS140	632	archipelago	278021	A	T	core_destroyed	246
2026-08-14T13:03:41Z	V141VS140	633	archipelago	278021	B	C	core_destroyed	106
2026-08-14T13:03:42Z	V141VS140	634	auroraveil	278021	A	C	core_destroyed	130
2026-08-14T13:03:44Z	V141VS140	635	auroraveil	278021	B	C	core_destroyed	107
2026-08-14T13:03:49Z	V141VS140	636	drakkarfjord	278021	A	C	core_destroyed	257
2026-08-14T13:03:51Z	V141VS140	637	drakkarfjord	278021	B	T	core_destroyed	143
2026-08-14T13:03:59Z	V141VS140	638	drumlin	278021	A	C	core_destroyed	534
2026-08-14T13:04:01Z	V141VS140	639	drumlin	278021	B	T	core_destroyed	201
2026-08-14T13:04:02Z	V141VS140	640	fjordgate	278021	A	C	core_destroyed	108
2026-08-14T13:04:04Z	V141VS140	641	fjordgate	278021	B	T	core_destroyed	155
2026-08-14T13:04:06Z	V141VS140	642	frostgate	278021	A	C	core_destroyed	158
2026-08-14T13:04:12Z	V141VS140	643	frostgate	278021	B	C	core_destroyed	342
2026-08-14T13:04:23Z	V141VS140	644	glacierkeep	278021	A	T	tiebreak	1000
2026-08-14T13:04:28Z	V141VS140	645	glacierkeep	278021	B	C	tiebreak	1000
2026-08-14T13:04:31Z	V141VS140	646	icefloe	278021	A	C	core_destroyed	228
2026-08-14T13:04:34Z	V141VS140	647	icefloe	278021	B	T	core_destroyed	215
2026-08-14T13:04:37Z	V141VS140	648	midgard	278021	A	T	core_destroyed	80
2026-08-14T13:04:40Z	V141VS140	649	midgard	278021	B	C	core_destroyed	113
2026-08-14T13:04:43Z	V141VS140	650	nordkap	278021	A	C	tiebreak	1000
2026-08-14T13:04:44Z	V141VS140	651	nordkap	278021	B	T	core_destroyed	296
2026-08-14T13:04:47Z	V141VS140	652	ragnarok	278021	A	T	core_destroyed	140
2026-08-14T13:05:41Z	V141VS140	653	ragnarok	278021	B	C	tiebreak	1000
2026-08-14T13:05:45Z	V141VS140	654	royale	278021	A	C	core_destroyed	662
2026-08-14T13:05:47Z	V141VS140	655	royale	278021	B	C	core_destroyed	121
2026-08-14T13:05:53Z	V141VS140	656	valkyrie	278021	A	C	core_destroyed	645
2026-08-14T13:05:56Z	V141VS140	657	valkyrie	278021	B	T	core_destroyed	112
2026-08-14T13:05:59Z	V141VS140	658	yulerune	278021	A	T	core_destroyed	267
2026-08-14T13:06:02Z	V141VS140	659	yulerune	278021	B	T	core_destroyed	430
2026-08-14T13:06:04Z	V141VS140	660	antler	278022	A	C	core_destroyed	169
2026-08-14T13:06:07Z	V141VS140	661	antler	278022	B	C	core_destroyed	442
2026-08-14T13:06:10Z	V141VS140	662	archipelago	278022	A	T	core_destroyed	95
2026-08-14T13:06:18Z	V141VS140	663	archipelago	278022	B	T	core_destroyed	300
2026-08-14T13:06:19Z	V141VS140	664	auroraveil	278022	A	C	core_destroyed	136
2026-08-14T13:06:21Z	V141VS140	665	auroraveil	278022	B	C	core_destroyed	124
2026-08-14T13:06:31Z	V141VS140	666	drakkarfjord	278022	A	C	tiebreak	1000
2026-08-14T13:06:35Z	V141VS140	667	drakkarfjord	278022	B	C	core_destroyed	164
2026-08-14T13:06:37Z	V141VS140	668	drumlin	278022	A	C	core_destroyed	204
2026-08-14T13:06:42Z	V141VS140	669	drumlin	278022	B	C	core_destroyed	302
2026-08-14T13:06:43Z	V141VS140	670	fjordgate	278022	A	T	core_destroyed	216
2026-08-14T13:06:47Z	V141VS140	671	fjordgate	278022	B	C	core_destroyed	561
2026-08-14T13:06:49Z	V141VS140	672	frostgate	278022	A	C	core_destroyed	151
2026-08-14T13:06:52Z	V141VS140	673	frostgate	278022	B	T	core_destroyed	217
2026-08-14T13:06:55Z	V141VS140	674	glacierkeep	278022	A	T	core_destroyed	513
2026-08-14T13:07:09Z	V141VS140	675	glacierkeep	278022	B	C	tiebreak	1000
2026-08-14T13:07:12Z	V141VS140	676	icefloe	278022	A	C	core_destroyed	228
2026-08-14T13:07:15Z	V141VS140	677	icefloe	278022	B	T	core_destroyed	260
2026-08-14T13:07:17Z	V141VS140	678	midgard	278022	A	T	core_destroyed	89
2026-08-14T13:07:21Z	V141VS140	679	midgard	278022	B	C	core_destroyed	89
2026-08-14T13:07:23Z	V141VS140	680	nordkap	278022	A	T	core_destroyed	541
2026-08-14T13:07:24Z	V141VS140	681	nordkap	278022	B	T	core_destroyed	309
2026-08-14T13:07:28Z	V141VS140	682	ragnarok	278022	A	T	core_destroyed	225
2026-08-14T13:07:31Z	V141VS140	683	ragnarok	278022	B	C	core_destroyed	177
2026-08-14T13:07:33Z	V141VS140	684	royale	278022	A	C	core_destroyed	247
2026-08-14T13:07:39Z	V141VS140	685	royale	278022	B	C	tiebreak	1000
2026-08-14T13:07:42Z	V141VS140	686	valkyrie	278022	A	C	core_destroyed	174
2026-08-14T13:07:45Z	V141VS140	687	valkyrie	278022	B	C	core_destroyed	256
2026-08-14T13:07:47Z	V141VS140	688	yulerune	278022	A	T	core_destroyed	255
2026-08-14T13:07:51Z	V141VS140	689	yulerune	278022	B	T	core_destroyed	430
2026-08-14T13:07:53Z	V141VS140	690	antler	278023	A	C	core_destroyed	212
2026-08-14T13:07:56Z	V141VS140	691	antler	278023	B	C	core_destroyed	256
2026-08-14T13:07:59Z	V141VS140	692	archipelago	278023	A	T	core_destroyed	119
2026-08-14T13:08:01Z	V141VS140	693	archipelago	278023	B	C	core_destroyed	198
2026-08-14T13:08:04Z	V141VS140	694	auroraveil	278023	A	C	core_destroyed	235
2026-08-14T13:08:08Z	V141VS140	695	auroraveil	278023	B	T	core_destroyed	332
2026-08-14T13:08:15Z	V141VS140	696	drakkarfjord	278023	A	C	core_destroyed	703
2026-08-14T13:08:21Z	V141VS140	697	drakkarfjord	278023	B	T	core_destroyed	303
2026-08-14T13:08:24Z	V141VS140	698	drumlin	278023	A	C	core_destroyed	220
2026-08-14T13:08:27Z	V141VS140	699	drumlin	278023	B	T	core_destroyed	201
2026-08-14T13:08:28Z	V141VS140	700	fjordgate	278023	A	C	core_destroyed	145
2026-08-14T13:08:30Z	V141VS140	701	fjordgate	278023	B	T	core_destroyed	295
2026-08-14T13:08:32Z	V141VS140	702	frostgate	278023	A	C	core_destroyed	233
2026-08-14T13:08:35Z	V141VS140	703	frostgate	278023	B	T	core_destroyed	244
2026-08-14T13:08:42Z	V141VS140	704	glacierkeep	278023	A	C	tiebreak	1000
2026-08-14T13:08:57Z	V141VS140	705	glacierkeep	278023	B	C	tiebreak	1000
2026-08-14T13:09:00Z	V141VS140	706	icefloe	278023	A	T	core_destroyed	228
2026-08-14T13:09:03Z	V141VS140	707	icefloe	278023	B	C	core_destroyed	262
2026-08-14T13:09:06Z	V141VS140	708	midgard	278023	A	C	core_destroyed	93
2026-08-14T13:09:09Z	V141VS140	709	midgard	278023	B	C	core_destroyed	89
2026-08-14T13:09:11Z	V141VS140	710	nordkap	278023	A	C	tiebreak	1000
2026-08-14T13:09:13Z	V141VS140	711	nordkap	278023	B	C	core_destroyed	409
2026-08-14T13:09:16Z	V141VS140	712	ragnarok	278023	A	T	core_destroyed	135
2026-08-14T13:09:18Z	V141VS140	713	ragnarok	278023	B	C	core_destroyed	159
2026-08-14T13:09:22Z	V141VS140	714	royale	278023	A	T	core_destroyed	373
2026-08-14T13:09:29Z	V141VS140	715	royale	278023	B	C	core_destroyed	657
2026-08-14T13:09:33Z	V141VS140	716	valkyrie	278023	A	T	core_destroyed	353
2026-08-14T13:09:37Z	V141VS140	717	valkyrie	278023	B	C	core_destroyed	175
2026-08-14T13:09:44Z	V141VS140	718	yulerune	278023	A	T	tiebreak	1000
2026-08-14T13:09:47Z	V141VS140	719	yulerune	278023	B	C	core_destroyed	203
2026-08-14T13:09:51Z	V141VS140	720	antler	278024	A	T	core_destroyed	333
2026-08-14T13:09:53Z	V141VS140	721	antler	278024	B	T	core_destroyed	202
2026-08-14T13:09:56Z	V141VS140	722	archipelago	278024	A	T	core_destroyed	187
2026-08-14T13:10:00Z	V141VS140	723	archipelago	278024	B	T	core_destroyed	155
2026-08-14T13:10:02Z	V141VS140	724	auroraveil	278024	A	C	core_destroyed	173
2026-08-14T13:10:05Z	V141VS140	725	auroraveil	278024	B	C	core_destroyed	248
2026-08-14T13:10:22Z	V141VS140	726	drakkarfjord	278024	A	C	tiebreak	1000
2026-08-14T13:10:30Z	V141VS140	727	drakkarfjord	278024	B	C	core_destroyed	298
2026-08-14T13:10:33Z	V141VS140	728	drumlin	278024	A	T	core_destroyed	182
2026-08-14T13:10:37Z	V141VS140	729	drumlin	278024	B	T	core_destroyed	252
2026-08-14T13:10:38Z	V141VS140	730	fjordgate	278024	A	C	core_destroyed	122
2026-08-14T13:10:40Z	V141VS140	731	fjordgate	278024	B	T	core_destroyed	177
2026-08-14T13:10:42Z	V141VS140	732	frostgate	278024	A	T	core_destroyed	230
2026-08-14T13:10:45Z	V141VS140	733	frostgate	278024	B	T	core_destroyed	249
2026-08-14T13:10:48Z	V141VS140	734	glacierkeep	278024	A	C	core_destroyed	129
2026-08-14T13:11:04Z	V141VS140	735	glacierkeep	278024	B	C	tiebreak	1000
2026-08-14T13:11:09Z	V141VS140	736	icefloe	278024	A	T	core_destroyed	340
2026-08-14T13:11:12Z	V141VS140	737	icefloe	278024	B	C	core_destroyed	311
2026-08-14T13:11:15Z	V141VS140	738	midgard	278024	A	T	core_destroyed	89
2026-08-14T13:11:18Z	V141VS140	739	midgard	278024	B	C	core_destroyed	112
2026-08-14T13:11:21Z	V141VS140	740	nordkap	278024	A	T	core_destroyed	226
2026-08-14T13:11:22Z	V141VS140	741	nordkap	278024	B	C	core_destroyed	187
2026-08-14T13:11:25Z	V141VS140	742	ragnarok	278024	A	T	core_destroyed	141
2026-08-14T13:11:38Z	V141VS140	743	ragnarok	278024	B	C	core_destroyed	428
2026-08-14T13:11:44Z	V141VS140	744	royale	278024	A	T	core_destroyed	755
2026-08-14T13:11:47Z	V141VS140	745	royale	278024	B	C	core_destroyed	317
2026-08-14T13:11:51Z	V141VS140	746	valkyrie	278024	A	T	core_destroyed	192
2026-08-14T13:11:57Z	V141VS140	747	valkyrie	278024	B	T	core_destroyed	267
2026-08-14T13:11:59Z	V141VS140	748	yulerune	278024	A	T	core_destroyed	120
2026-08-14T13:12:02Z	V141VS140	749	yulerune	278024	B	C	core_destroyed	441
2026-08-14T13:12:05Z	V141VS140	750	antler	278025	A	T	core_destroyed	269
2026-08-14T13:12:07Z	V141VS140	751	antler	278025	B	C	core_destroyed	297
2026-08-14T13:12:10Z	V141VS140	752	archipelago	278025	A	T	core_destroyed	187
2026-08-14T13:12:15Z	V141VS140	753	archipelago	278025	B	C	core_destroyed	235
2026-08-14T13:12:17Z	V141VS140	754	auroraveil	278025	A	T	core_destroyed	160
2026-08-14T13:12:19Z	V141VS140	755	auroraveil	278025	B	C	core_destroyed	153
2026-08-14T13:12:24Z	V141VS140	756	drakkarfjord	278025	A	T	core_destroyed	355
2026-08-14T13:12:37Z	V141VS140	757	drakkarfjord	278025	B	T	core_destroyed	874
2026-08-14T13:12:40Z	V141VS140	758	drumlin	278025	A	T	core_destroyed	439
2026-08-14T13:12:44Z	V141VS140	759	drumlin	278025	B	T	core_destroyed	324
2026-08-14T13:12:45Z	V141VS140	760	fjordgate	278025	A	T	core_destroyed	258
2026-08-14T13:12:46Z	V141VS140	761	fjordgate	278025	B	C	core_destroyed	161
2026-08-14T13:12:48Z	V141VS140	762	frostgate	278025	A	C	core_destroyed	158
2026-08-14T13:12:52Z	V141VS140	763	frostgate	278025	B	T	core_destroyed	335
2026-08-14T13:13:04Z	V141VS140	764	glacierkeep	278025	A	T	tiebreak	1000
2026-08-14T13:13:12Z	V141VS140	765	glacierkeep	278025	B	T	tiebreak	1000
2026-08-14T13:13:14Z	V141VS140	766	icefloe	278025	A	T	core_destroyed	195
2026-08-14T13:13:18Z	V141VS140	767	icefloe	278025	B	C	core_destroyed	293
2026-08-14T13:13:20Z	V141VS140	768	midgard	278025	A	T	core_destroyed	139
2026-08-14T13:13:23Z	V141VS140	769	midgard	278025	B	C	core_destroyed	90
2026-08-14T13:13:25Z	V141VS140	770	nordkap	278025	A	C	core_destroyed	206
2026-08-14T13:13:27Z	V141VS140	771	nordkap	278025	B	C	core_destroyed	198
2026-08-14T13:13:32Z	V141VS140	772	ragnarok	278025	A	C	core_destroyed	773
2026-08-14T13:13:34Z	V141VS140	773	ragnarok	278025	B	C	core_destroyed	147
2026-08-14T13:13:37Z	V141VS140	774	royale	278025	A	T	tiebreak	1000
2026-08-14T13:13:40Z	V141VS140	775	royale	278025	B	C	core_destroyed	204
2026-08-14T13:13:44Z	V141VS140	776	valkyrie	278025	A	T	core_destroyed	247
2026-08-14T13:13:46Z	V141VS140	777	valkyrie	278025	B	T	core_destroyed	161
2026-08-14T13:13:50Z	V141VS140	778	yulerune	278025	A	C	core_destroyed	271
2026-08-14T13:13:53Z	V141VS140	779	yulerune	278025	B	T	core_destroyed	399
2026-08-14T13:13:56Z	V141VS140	780	antler	278026	A	C	core_destroyed	199
2026-08-14T13:13:58Z	V141VS140	781	antler	278026	B	C	core_destroyed	177
2026-08-14T13:14:00Z	V141VS140	782	archipelago	278026	A	C	core_destroyed	102
2026-08-14T13:14:02Z	V141VS140	783	archipelago	278026	B	C	core_destroyed	99
2026-08-14T13:14:07Z	V141VS140	784	auroraveil	278026	A	C	core_destroyed	333
2026-08-14T13:14:10Z	V141VS140	785	auroraveil	278026	B	T	core_destroyed	323
2026-08-14T13:14:14Z	V141VS140	786	drakkarfjord	278026	A	T	core_destroyed	344
2026-08-14T13:14:29Z	V141VS140	787	drakkarfjord	278026	B	C	tiebreak	1000
2026-08-14T13:14:32Z	V141VS140	788	drumlin	278026	A	C	core_destroyed	316
2026-08-14T13:14:35Z	V141VS140	789	drumlin	278026	B	T	core_destroyed	159
2026-08-14T13:14:36Z	V141VS140	790	fjordgate	278026	A	C	core_destroyed	172
2026-08-14T13:14:38Z	V141VS140	791	fjordgate	278026	B	C	core_destroyed	186
2026-08-14T13:14:40Z	V141VS140	792	frostgate	278026	A	T	core_destroyed	393
2026-08-14T13:14:42Z	V141VS140	793	frostgate	278026	B	T	core_destroyed	365
2026-08-14T13:14:46Z	V141VS140	794	glacierkeep	278026	A	T	core_destroyed	614
2026-08-14T13:14:56Z	V141VS140	795	glacierkeep	278026	B	T	core_destroyed	713
2026-08-14T13:14:58Z	V141VS140	796	icefloe	278026	A	T	core_destroyed	156
2026-08-14T13:15:02Z	V141VS140	797	icefloe	278026	B	T	core_destroyed	215
2026-08-14T13:15:04Z	V141VS140	798	midgard	278026	A	T	core_destroyed	141
2026-08-14T13:15:08Z	V141VS140	799	midgard	278026	B	C	core_destroyed	175
2026-08-14T13:15:11Z	V141VS140	800	nordkap	278026	A	C	tiebreak	1000
2026-08-14T13:15:13Z	V141VS140	801	nordkap	278026	B	T	core_destroyed	198
2026-08-14T13:15:55Z	V141VS140	802	ragnarok	278026	A	C	tiebreak	1000
2026-08-14T13:15:58Z	V141VS140	803	ragnarok	278026	B	C	core_destroyed	193
2026-08-14T13:16:01Z	V141VS140	804	royale	278026	A	T	tiebreak	1000
2026-08-14T13:16:02Z	V141VS140	805	royale	278026	B	C	core_destroyed	88
2026-08-14T13:16:04Z	V141VS140	806	valkyrie	278026	A	C	core_destroyed	171
2026-08-14T13:16:08Z	V141VS140	807	valkyrie	278026	B	T	core_destroyed	421
2026-08-14T13:16:12Z	V141VS140	808	yulerune	278026	A	C	tiebreak	1000
2026-08-14T13:16:15Z	V141VS140	809	yulerune	278026	B	T	core_destroyed	334
2026-08-14T13:16:17Z	V141VS140	810	antler	278027	A	T	core_destroyed	191
2026-08-14T13:16:19Z	V141VS140	811	antler	278027	B	C	core_destroyed	198
2026-08-14T13:16:25Z	V141VS140	812	archipelago	278027	A	T	core_destroyed	312
2026-08-14T13:16:27Z	V141VS140	813	archipelago	278027	B	C	core_destroyed	135
2026-08-14T13:16:29Z	V141VS140	814	auroraveil	278027	A	T	core_destroyed	104
2026-08-14T13:16:31Z	V141VS140	815	auroraveil	278027	B	C	core_destroyed	107
2026-08-14T13:16:33Z	V141VS140	816	drakkarfjord	278027	A	C	core_destroyed	157
2026-08-14T13:16:37Z	V141VS140	817	drakkarfjord	278027	B	C	core_destroyed	228
2026-08-14T13:16:40Z	V141VS140	818	drumlin	278027	A	C	core_destroyed	265
2026-08-14T13:16:43Z	V141VS140	819	drumlin	278027	B	T	core_destroyed	814
2026-08-14T13:16:44Z	V141VS140	820	fjordgate	278027	A	C	core_destroyed	91
2026-08-14T13:16:46Z	V141VS140	821	fjordgate	278027	B	C	core_destroyed	495
2026-08-14T13:16:47Z	V141VS140	822	frostgate	278027	A	T	core_destroyed	144
2026-08-14T13:16:50Z	V141VS140	823	frostgate	278027	B	C	core_destroyed	531
2026-08-14T13:16:52Z	V141VS140	824	glacierkeep	278027	A	C	core_destroyed	129
2026-08-14T13:17:00Z	V141VS140	825	glacierkeep	278027	B	T	tiebreak	1000
2026-08-14T13:17:02Z	V141VS140	826	icefloe	278027	A	T	core_destroyed	171
2026-08-14T13:17:10Z	V141VS140	827	icefloe	278027	B	C	tiebreak	1000
2026-08-14T13:17:12Z	V141VS140	828	midgard	278027	A	T	core_destroyed	80
2026-08-14T13:17:16Z	V141VS140	829	midgard	278027	B	C	core_destroyed	159
2026-08-14T13:17:18Z	V141VS140	830	nordkap	278027	A	C	core_destroyed	206
2026-08-14T13:17:21Z	V141VS140	831	nordkap	278027	B	T	core_destroyed	239
2026-08-14T13:17:23Z	V141VS140	832	ragnarok	278027	A	T	core_destroyed	153
2026-08-14T13:17:26Z	V141VS140	833	ragnarok	278027	B	C	core_destroyed	161
2026-08-14T13:17:28Z	V141VS140	834	royale	278027	A	T	core_destroyed	365
2026-08-14T13:17:32Z	V141VS140	835	royale	278027	B	C	core_destroyed	798
2026-08-14T13:17:34Z	V141VS140	836	valkyrie	278027	A	C	core_destroyed	128
2026-08-14T13:17:41Z	V141VS140	837	valkyrie	278027	B	T	core_destroyed	267
2026-08-14T13:17:44Z	V141VS140	838	yulerune	278027	A	T	core_destroyed	266
2026-08-14T13:17:46Z	V141VS140	839	yulerune	278027	B	C	core_destroyed	143
2026-08-14T13:17:47Z	V141VS140	840	antler	278028	A	T	core_destroyed	199
2026-08-14T13:17:48Z	V141VS140	841	antler	278028	B	C	core_destroyed	120
2026-08-14T13:17:52Z	V141VS140	842	archipelago	278028	A	C	core_destroyed	232
2026-08-14T13:17:57Z	V141VS140	843	archipelago	278028	B	C	core_destroyed	262
2026-08-14T13:18:01Z	V141VS140	844	auroraveil	278028	A	C	core_destroyed	333
2026-08-14T13:18:03Z	V141VS140	845	auroraveil	278028	B	C	core_destroyed	144
2026-08-14T13:18:13Z	V141VS140	846	drakkarfjord	278028	A	T	tiebreak	1000
2026-08-14T13:18:16Z	V141VS140	847	drakkarfjord	278028	B	C	core_destroyed	96
2026-08-14T13:18:18Z	V141VS140	848	drumlin	278028	A	C	core_destroyed	204
2026-08-14T13:18:20Z	V141VS140	849	drumlin	278028	B	T	core_destroyed	122
2026-08-14T13:18:21Z	V141VS140	850	fjordgate	278028	A	C	core_destroyed	127
2026-08-14T13:18:23Z	V141VS140	851	fjordgate	278028	B	C	core_destroyed	161
2026-08-14T13:18:24Z	V141VS140	852	frostgate	278028	A	T	core_destroyed	136
2026-08-14T13:18:26Z	V141VS140	853	frostgate	278028	B	T	core_destroyed	146
2026-08-14T13:18:34Z	V141VS140	854	glacierkeep	278028	A	C	tiebreak	1000
2026-08-14T13:18:37Z	V141VS140	855	glacierkeep	278028	B	T	core_destroyed	481
2026-08-14T13:18:40Z	V141VS140	856	icefloe	278028	A	T	core_destroyed	242
2026-08-14T13:18:43Z	V141VS140	857	icefloe	278028	B	C	core_destroyed	243
2026-08-14T13:18:57Z	V141VS140	858	midgard	278028	A	T	core_destroyed	625
2026-08-14T13:18:59Z	V141VS140	859	midgard	278028	B	C	core_destroyed	80
2026-08-14T13:19:02Z	V141VS140	860	nordkap	278028	A	C	core_destroyed	299
2026-08-14T13:19:04Z	V141VS140	861	nordkap	278028	B	C	core_destroyed	289
2026-08-14T13:19:06Z	V141VS140	862	ragnarok	278028	A	T	core_destroyed	134
2026-08-14T13:19:12Z	V141VS140	863	ragnarok	278028	B	C	core_destroyed	294
2026-08-14T13:19:14Z	V141VS140	864	royale	278028	A	T	core_destroyed	373
2026-08-14T13:19:16Z	V141VS140	865	royale	278028	B	T	core_destroyed	225
2026-08-14T13:19:20Z	V141VS140	866	valkyrie	278028	A	C	core_destroyed	305
2026-08-14T13:19:23Z	V141VS140	867	valkyrie	278028	B	C	core_destroyed	373
2026-08-14T13:19:25Z	V141VS140	868	yulerune	278028	A	T	core_destroyed	193
2026-08-14T13:19:27Z	V141VS140	869	yulerune	278028	B	T	core_destroyed	399
2026-08-14T13:19:29Z	V141VS140	870	antler	278029	A	T	core_destroyed	191
2026-08-14T13:19:34Z	V141VS140	871	antler	278029	B	T	tiebreak	1000
2026-08-14T13:19:37Z	V141VS140	872	archipelago	278029	A	C	core_destroyed	99
2026-08-14T13:19:39Z	V141VS140	873	archipelago	278029	B	T	core_destroyed	131
2026-08-14T13:19:41Z	V141VS140	874	auroraveil	278029	A	T	core_destroyed	277
2026-08-14T13:19:43Z	V141VS140	875	auroraveil	278029	B	T	core_destroyed	261
2026-08-14T13:19:47Z	V141VS140	876	drakkarfjord	278029	A	C	core_destroyed	212
2026-08-14T13:19:53Z	V141VS140	877	drakkarfjord	278029	B	T	core_destroyed	303
2026-08-14T13:20:02Z	V141VS140	878	drumlin	278029	A	C	tiebreak	1000
2026-08-14T13:20:06Z	V141VS140	879	drumlin	278029	B	T	core_destroyed	191
2026-08-14T13:20:07Z	V141VS140	880	fjordgate	278029	A	T	core_destroyed	136
2026-08-14T13:20:09Z	V141VS140	881	fjordgate	278029	B	C	core_destroyed	495
2026-08-14T13:20:10Z	V141VS140	882	frostgate	278029	A	C	core_destroyed	102
2026-08-14T13:20:14Z	V141VS140	883	frostgate	278029	B	C	core_destroyed	261
2026-08-14T13:20:22Z	V141VS140	884	glacierkeep	278029	A	C	tiebreak	1000
2026-08-14T13:20:25Z	V141VS140	885	glacierkeep	278029	B	T	core_destroyed	291
2026-08-14T13:20:26Z	V141VS140	886	icefloe	278029	A	C	core_destroyed	114
2026-08-14T13:20:29Z	V141VS140	887	icefloe	278029	B	T	core_destroyed	252
2026-08-14T13:20:33Z	V141VS140	888	midgard	278029	A	T	core_destroyed	199
2026-08-14T13:20:36Z	V141VS140	889	midgard	278029	B	C	core_destroyed	90
2026-08-14T13:20:38Z	V141VS140	890	nordkap	278029	A	C	core_destroyed	318
2026-08-14T13:20:40Z	V141VS140	891	nordkap	278029	B	C	core_destroyed	157
2026-08-14T13:20:45Z	V141VS140	892	ragnarok	278029	A	C	core_destroyed	773
2026-08-14T13:21:42Z	V141VS140	893	ragnarok	278029	B	C	tiebreak	1000
2026-08-14T13:21:45Z	V141VS140	894	royale	278029	A	C	core_destroyed	633
2026-08-14T13:21:47Z	V141VS140	895	royale	278029	B	C	core_destroyed	329
2026-08-14T13:21:51Z	V141VS140	896	valkyrie	278029	A	T	core_destroyed	176
2026-08-14T13:21:53Z	V141VS140	897	valkyrie	278029	B	T	core_destroyed	144
2026-08-14T13:21:59Z	V141VS140	898	yulerune	278029	A	C	tiebreak	1000
2026-08-14T13:22:01Z	V141VS140	899	yulerune	278029	B	T	core_destroyed	399
2026-08-14T13:22:03Z	V141VS140	900	antler	278030	A	T	core_destroyed	151
2026-08-14T13:22:05Z	V141VS140	901	antler	278030	B	T	core_destroyed	168
2026-08-14T13:22:08Z	V141VS140	902	archipelago	278030	A	C	core_destroyed	153
2026-08-14T13:22:16Z	V141VS140	903	archipelago	278030	B	T	core_destroyed	402
2026-08-14T13:22:21Z	V141VS140	904	auroraveil	278030	A	C	core_destroyed	333
2026-08-14T13:22:24Z	V141VS140	905	auroraveil	278030	B	T	core_destroyed	332
2026-08-14T13:22:33Z	V141VS140	906	drakkarfjord	278030	A	C	tiebreak	1000
2026-08-14T13:22:40Z	V141VS140	907	drakkarfjord	278030	B	C	core_destroyed	274
2026-08-14T13:22:43Z	V141VS140	908	drumlin	278030	A	C	core_destroyed	217
2026-08-14T13:22:45Z	V141VS140	909	drumlin	278030	B	T	core_destroyed	122
2026-08-14T13:22:47Z	V141VS140	910	fjordgate	278030	A	C	core_destroyed	274
2026-08-14T13:22:49Z	V141VS140	911	fjordgate	278030	B	C	core_destroyed	137
2026-08-14T13:22:58Z	V141VS140	912	frostgate	278030	A	C	core_destroyed	881
2026-08-14T13:23:02Z	V141VS140	913	frostgate	278030	B	C	core_destroyed	261
2026-08-14T13:23:11Z	V141VS140	914	glacierkeep	278030	A	C	tiebreak	1000
2026-08-14T13:23:13Z	V141VS140	915	glacierkeep	278030	B	C	core_destroyed	134
2026-08-14T13:23:15Z	V141VS140	916	icefloe	278030	A	T	core_destroyed	195
2026-08-14T13:23:17Z	V141VS140	917	icefloe	278030	B	C	core_destroyed	273
2026-08-14T13:23:20Z	V141VS140	918	midgard	278030	A	C	core_destroyed	94
2026-08-14T13:23:24Z	V141VS140	919	midgard	278030	B	C	core_destroyed	159
2026-08-14T13:23:25Z	V141VS140	920	nordkap	278030	A	C	core_destroyed	137
2026-08-14T13:23:28Z	V141VS140	921	nordkap	278030	B	T	core_destroyed	274
2026-08-14T13:23:30Z	V141VS140	922	ragnarok	278030	A	T	core_destroyed	140
2026-08-14T13:23:33Z	V141VS140	923	ragnarok	278030	B	C	core_destroyed	161
2026-08-14T13:23:35Z	V141VS140	924	royale	278030	A	C	core_destroyed	209
2026-08-14T13:23:36Z	V141VS140	925	royale	278030	B	T	core_destroyed	141
2026-08-14T13:23:39Z	V141VS140	926	valkyrie	278030	A	C	core_destroyed	108
2026-08-14T13:23:43Z	V141VS140	927	valkyrie	278030	B	C	core_destroyed	175
2026-08-14T13:23:46Z	V141VS140	928	yulerune	278030	A	C	tiebreak	1000
2026-08-14T13:23:49Z	V141VS140	929	yulerune	278030	B	C	core_destroyed	256
2026-08-14T13:23:51Z	V141VS140	930	antler	278031	A	T	core_destroyed	150
2026-08-14T13:23:53Z	V141VS140	931	antler	278031	B	C	core_destroyed	217
2026-08-14T13:23:59Z	V141VS140	932	archipelago	278031	A	T	core_destroyed	407
2026-08-14T13:24:07Z	V141VS140	933	archipelago	278031	B	T	core_destroyed	402
2026-08-14T13:24:10Z	V141VS140	934	auroraveil	278031	A	C	core_destroyed	561
2026-08-14T13:24:13Z	V141VS140	935	auroraveil	278031	B	T	core_destroyed	193
2026-08-14T13:24:16Z	V141VS140	936	drakkarfjord	278031	A	C	core_destroyed	208
2026-08-14T13:24:19Z	V141VS140	937	drakkarfjord	278031	B	T	core_destroyed	143
2026-08-14T13:24:21Z	V141VS140	938	drumlin	278031	A	C	core_destroyed	203
2026-08-14T13:24:24Z	V141VS140	939	drumlin	278031	B	T	core_destroyed	122
2026-08-14T13:24:25Z	V141VS140	940	fjordgate	278031	A	C	core_destroyed	127
2026-08-14T13:24:27Z	V141VS140	941	fjordgate	278031	B	T	core_destroyed	371
2026-08-14T13:24:29Z	V141VS140	942	frostgate	278031	A	C	core_destroyed	158
2026-08-14T13:24:31Z	V141VS140	943	frostgate	278031	B	T	core_destroyed	128
2026-08-14T13:24:40Z	V141VS140	944	glacierkeep	278031	A	T	tiebreak	1000
2026-08-14T13:24:41Z	V141VS140	945	glacierkeep	278031	B	C	core_destroyed	134
2026-08-14T13:24:44Z	V141VS140	946	icefloe	278031	A	T	core_destroyed	171
2026-08-14T13:24:47Z	V141VS140	947	icefloe	278031	B	C	core_destroyed	300
2026-08-14T13:24:51Z	V141VS140	948	midgard	278031	A	T	core_destroyed	199
2026-08-14T13:24:54Z	V141VS140	949	midgard	278031	B	C	core_destroyed	86
2026-08-14T13:24:57Z	V141VS140	950	nordkap	278031	A	C	core_destroyed	221
2026-08-14T13:24:59Z	V141VS140	951	nordkap	278031	B	C	core_destroyed	107
2026-08-14T13:25:01Z	V141VS140	952	ragnarok	278031	A	T	core_destroyed	142
2026-08-14T13:25:04Z	V141VS140	953	ragnarok	278031	B	C	core_destroyed	129
2026-08-14T13:25:06Z	V141VS140	954	royale	278031	A	C	core_destroyed	429
2026-08-14T13:25:08Z	V141VS140	955	royale	278031	B	C	core_destroyed	301
2026-08-14T13:25:10Z	V141VS140	956	valkyrie	278031	A	C	core_destroyed	329
2026-08-14T13:25:13Z	V141VS140	957	valkyrie	278031	B	T	core_destroyed	112
2026-08-14T13:25:15Z	V141VS140	958	yulerune	278031	A	T	core_destroyed	120
2026-08-14T13:25:18Z	V141VS140	959	yulerune	278031	B	C	core_destroyed	209
2026-08-14T13:25:22Z	V141VS140	960	antler	278032	A	C	core_destroyed	381
2026-08-14T13:25:24Z	V141VS140	961	antler	278032	B	T	core_destroyed	246
2026-08-14T13:25:26Z	V141VS140	962	archipelago	278032	A	C	core_destroyed	73
2026-08-14T13:25:29Z	V141VS140	963	archipelago	278032	B	T	core_destroyed	152
2026-08-14T13:25:35Z	V141VS140	964	auroraveil	278032	A	T	core_destroyed	460
2026-08-14T13:25:37Z	V141VS140	965	auroraveil	278032	B	C	core_destroyed	175
2026-08-14T13:26:01Z	V141VS140	966	drakkarfjord	278032	A	T	tiebreak	1000
2026-08-14T13:26:03Z	V141VS140	967	drakkarfjord	278032	B	T	core_destroyed	147
2026-08-14T13:26:05Z	V141VS140	968	drumlin	278032	A	T	core_destroyed	227
2026-08-14T13:26:08Z	V141VS140	969	drumlin	278032	B	T	core_destroyed	230
2026-08-14T13:26:10Z	V141VS140	970	fjordgate	278032	A	T	core_destroyed	216
2026-08-14T13:26:11Z	V141VS140	971	fjordgate	278032	B	T	core_destroyed	319
2026-08-14T13:26:14Z	V141VS140	972	frostgate	278032	A	T	core_destroyed	215
2026-08-14T13:26:18Z	V141VS140	973	frostgate	278032	B	C	core_destroyed	242
2026-08-14T13:26:25Z	V141VS140	974	glacierkeep	278032	A	T	core_destroyed	897
2026-08-14T13:26:31Z	V141VS140	975	glacierkeep	278032	B	C	tiebreak	1000
2026-08-14T13:26:34Z	V141VS140	976	icefloe	278032	A	T	core_destroyed	212
2026-08-14T13:26:36Z	V141VS140	977	icefloe	278032	B	C	core_destroyed	261
2026-08-14T13:26:40Z	V141VS140	978	midgard	278032	A	C	core_destroyed	177
2026-08-14T13:26:43Z	V141VS140	979	midgard	278032	B	C	core_destroyed	112
2026-08-14T13:26:46Z	V141VS140	980	nordkap	278032	A	C	core_destroyed	269
2026-08-14T13:26:48Z	V141VS140	981	nordkap	278032	B	C	core_destroyed	117
2026-08-14T13:26:50Z	V141VS140	982	ragnarok	278032	A	T	core_destroyed	153
2026-08-14T13:26:53Z	V141VS140	983	ragnarok	278032	B	C	core_destroyed	132
2026-08-14T13:26:55Z	V141VS140	984	royale	278032	A	C	core_destroyed	105
2026-08-14T13:26:57Z	V141VS140	985	royale	278032	B	C	core_destroyed	130
2026-08-14T13:27:02Z	V141VS140	986	valkyrie	278032	A	C	core_destroyed	220
2026-08-14T13:27:04Z	V141VS140	987	valkyrie	278032	B	T	core_destroyed	150
2026-08-14T13:27:08Z	V141VS140	988	yulerune	278032	A	C	core_destroyed	371
2026-08-14T13:27:10Z	V141VS140	989	yulerune	278032	B	C	core_destroyed	143
2026-08-14T13:27:11Z	V141VS140	990	antler	278033	A	C	core_destroyed	168
2026-08-14T13:27:13Z	V141VS140	991	antler	278033	B	C	core_destroyed	213
2026-08-14T13:27:16Z	V141VS140	992	archipelago	278033	A	T	core_destroyed	78
2026-08-14T13:27:19Z	V141VS140	993	archipelago	278033	B	T	core_destroyed	152
2026-08-14T13:27:20Z	V141VS140	994	auroraveil	278033	A	T	core_destroyed	149
2026-08-14T13:27:23Z	V141VS140	995	auroraveil	278033	B	T	core_destroyed	261
2026-08-14T13:27:31Z	V141VS140	996	drakkarfjord	278033	A	C	core_destroyed	384
2026-08-14T13:27:39Z	V141VS140	997	drakkarfjord	278033	B	C	core_destroyed	298
2026-08-14T13:27:44Z	V141VS140	998	drumlin	278033	A	T	core_destroyed	439
2026-08-14T13:27:45Z	V141VS140	999	drumlin	278033	B	T	core_destroyed	154
2026-08-14T13:27:47Z	V141VS140	1000	fjordgate	278033	A	C	core_destroyed	172
2026-08-14T13:27:49Z	V141VS140	1001	fjordgate	278033	B	C	core_destroyed	255
2026-08-14T13:27:57Z	V141VS140	1002	frostgate	278033	A	C	core_destroyed	693
2026-08-14T13:27:59Z	V141VS140	1003	frostgate	278033	B	T	core_destroyed	93
2026-08-14T13:28:01Z	V141VS140	1004	glacierkeep	278033	A	T	core_destroyed	220
2026-08-14T13:28:14Z	V141VS140	1005	glacierkeep	278033	B	T	tiebreak	1000
2026-08-14T13:28:18Z	V141VS140	1006	icefloe	278033	A	T	core_destroyed	378
2026-08-14T13:28:20Z	V141VS140	1007	icefloe	278033	B	T	core_destroyed	121
2026-08-14T13:28:22Z	V141VS140	1008	midgard	278033	A	T	core_destroyed	89
2026-08-14T13:28:25Z	V141VS140	1009	midgard	278033	B	C	core_destroyed	75
2026-08-14T13:28:28Z	V141VS140	1010	nordkap	278033	A	C	tiebreak	1000
2026-08-14T13:28:30Z	V141VS140	1011	nordkap	278033	B	T	core_destroyed	258
2026-08-14T13:28:35Z	V141VS140	1012	ragnarok	278033	A	C	core_destroyed	225
2026-08-14T13:28:38Z	V141VS140	1013	ragnarok	278033	B	C	core_destroyed	193
2026-08-14T13:28:42Z	V141VS140	1014	royale	278033	A	T	core_destroyed	373
2026-08-14T13:28:46Z	V141VS140	1015	royale	278033	B	C	core_destroyed	317
2026-08-14T13:28:54Z	V141VS140	1016	valkyrie	278033	A	C	core_destroyed	645
2026-08-14T13:28:56Z	V141VS140	1017	valkyrie	278033	B	C	core_destroyed	126
2026-08-14T13:28:59Z	V141VS140	1018	yulerune	278033	A	T	core_destroyed	231
2026-08-14T13:29:03Z	V141VS140	1019	yulerune	278033	B	C	core_destroyed	472
2026-08-14T13:29:05Z	V141VS140	1020	antler	278034	A	T	core_destroyed	166
2026-08-14T13:29:09Z	V141VS140	1021	antler	278034	B	C	core_destroyed	442
2026-08-14T13:29:11Z	V141VS140	1022	archipelago	278034	A	C	core_destroyed	81
2026-08-14T13:29:13Z	V141VS140	1023	archipelago	278034	B	T	core_destroyed	83
2026-08-14T13:29:15Z	V141VS140	1024	auroraveil	278034	A	T	core_destroyed	104
2026-08-14T13:29:17Z	V141VS140	1025	auroraveil	278034	B	C	core_destroyed	248
2026-08-14T13:29:43Z	V141VS140	1026	drakkarfjord	278034	A	T	tiebreak	1000
2026-08-14T13:29:59Z	V141VS140	1027	drakkarfjord	278034	B	C	core_destroyed	662
2026-08-14T13:30:03Z	V141VS140	1028	drumlin	278034	A	T	core_destroyed	197
2026-08-14T13:30:06Z	V141VS140	1029	drumlin	278034	B	T	core_destroyed	270
2026-08-14T13:30:07Z	V141VS140	1030	fjordgate	278034	A	C	core_destroyed	132
2026-08-14T13:30:11Z	V141VS140	1031	fjordgate	278034	B	T	core_destroyed	773
2026-08-14T13:30:12Z	V141VS140	1032	frostgate	278034	A	C	core_destroyed	165
2026-08-14T13:30:15Z	V141VS140	1033	frostgate	278034	B	C	core_destroyed	195
2026-08-14T13:30:20Z	V141VS140	1034	glacierkeep	278034	A	T	core_destroyed	614
2026-08-14T13:30:33Z	V141VS140	1035	glacierkeep	278034	B	T	tiebreak	1000
2026-08-14T13:30:36Z	V141VS140	1036	icefloe	278034	A	C	core_destroyed	234
2026-08-14T13:30:39Z	V141VS140	1037	icefloe	278034	B	T	core_destroyed	215
2026-08-14T13:30:43Z	V141VS140	1038	midgard	278034	A	T	core_destroyed	152
2026-08-14T13:30:46Z	V141VS140	1039	midgard	278034	B	C	core_destroyed	111
2026-08-14T13:30:48Z	V141VS140	1040	nordkap	278034	A	T	core_destroyed	541
2026-08-14T13:30:50Z	V141VS140	1041	nordkap	278034	B	T	core_destroyed	198
2026-08-14T13:30:55Z	V141VS140	1042	ragnarok	278034	A	C	core_destroyed	493
2026-08-14T13:30:59Z	V141VS140	1043	ragnarok	278034	B	C	core_destroyed	177
2026-08-14T13:31:01Z	V141VS140	1044	royale	278034	A	T	core_destroyed	235
2026-08-14T13:31:03Z	V141VS140	1045	royale	278034	B	C	core_destroyed	277
2026-08-14T13:31:05Z	V141VS140	1046	valkyrie	278034	A	C	core_destroyed	171
2026-08-14T13:31:08Z	V141VS140	1047	valkyrie	278034	B	C	core_destroyed	125
2026-08-14T13:31:10Z	V141VS140	1048	yulerune	278034	A	T	core_destroyed	255
2026-08-14T13:31:14Z	V141VS140	1049	yulerune	278034	B	T	core_destroyed	334
2026-08-14T13:31:16Z	V141VS140	1050	antler	278035	A	T	core_destroyed	290
2026-08-14T13:31:18Z	V141VS140	1051	antler	278035	B	C	core_destroyed	187
2026-08-14T13:31:20Z	V141VS140	1052	archipelago	278035	A	C	core_destroyed	129
2026-08-14T13:31:23Z	V141VS140	1053	archipelago	278035	B	C	core_destroyed	106
2026-08-14T13:31:27Z	V141VS140	1054	auroraveil	278035	A	C	core_destroyed	271
2026-08-14T13:31:29Z	V141VS140	1055	auroraveil	278035	B	T	core_destroyed	193
2026-08-14T13:31:33Z	V141VS140	1056	drakkarfjord	278035	A	C	core_destroyed	208
2026-08-14T13:31:43Z	V141VS140	1057	drakkarfjord	278035	B	C	tiebreak	1000
2026-08-14T13:31:52Z	V141VS140	1058	drumlin	278035	A	T	tiebreak	1000
2026-08-14T13:31:56Z	V141VS140	1059	drumlin	278035	B	T	core_destroyed	270
2026-08-14T13:31:58Z	V141VS140	1060	fjordgate	278035	A	T	core_destroyed	314
2026-08-14T13:32:00Z	V141VS140	1061	fjordgate	278035	B	T	core_destroyed	187
2026-08-14T13:32:02Z	V141VS140	1062	frostgate	278035	A	T	core_destroyed	136
2026-08-14T13:32:03Z	V141VS140	1063	frostgate	278035	B	T	core_destroyed	93
2026-08-14T13:32:13Z	V141VS140	1064	glacierkeep	278035	A	C	core_destroyed	767
2026-08-14T13:32:25Z	V141VS140	1065	glacierkeep	278035	B	T	tiebreak	1000
2026-08-14T13:32:27Z	V141VS140	1066	icefloe	278035	A	C	core_destroyed	191
2026-08-14T13:32:29Z	V141VS140	1067	icefloe	278035	B	C	core_destroyed	137
2026-08-14T13:32:34Z	V141VS140	1068	midgard	278035	A	T	core_destroyed	200
2026-08-14T13:32:37Z	V141VS140	1069	midgard	278035	B	C	core_destroyed	112
2026-08-14T13:32:38Z	V141VS140	1070	nordkap	278035	A	C	core_destroyed	130
2026-08-14T13:32:40Z	V141VS140	1071	nordkap	278035	B	T	core_destroyed	309
2026-08-14T13:32:45Z	V141VS140	1072	ragnarok	278035	A	C	core_destroyed	493
2026-08-14T13:32:48Z	V141VS140	1073	ragnarok	278035	B	C	core_destroyed	125
2026-08-14T13:32:50Z	V141VS140	1074	royale	278035	A	C	core_destroyed	240
2026-08-14T13:32:52Z	V141VS140	1075	royale	278035	B	T	core_destroyed	233
2026-08-14T13:32:56Z	V141VS140	1076	valkyrie	278035	A	C	core_destroyed	305
2026-08-14T13:32:58Z	V141VS140	1077	valkyrie	278035	B	T	core_destroyed	120
2026-08-14T13:33:04Z	V141VS140	1078	yulerune	278035	A	C	tiebreak	1000
2026-08-14T13:33:07Z	V141VS140	1079	yulerune	278035	B	T	core_destroyed	211
2026-08-14T13:33:08Z	V141VS140	1080	antler	278036	A	T	core_destroyed	299
2026-08-14T13:33:10Z	V141VS140	1081	antler	278036	B	T	core_destroyed	162
2026-08-14T13:33:16Z	V141VS140	1082	archipelago	278036	A	T	core_destroyed	312
2026-08-14T13:33:20Z	V141VS140	1083	archipelago	278036	B	T	core_destroyed	155
2026-08-14T13:33:22Z	V141VS140	1084	auroraveil	278036	A	T	core_destroyed	160
2026-08-14T13:33:24Z	V141VS140	1085	auroraveil	278036	B	C	core_destroyed	141
2026-08-14T13:33:29Z	V141VS140	1086	drakkarfjord	278036	A	C	core_destroyed	337
2026-08-14T13:33:36Z	V141VS140	1087	drakkarfjord	278036	B	C	core_destroyed	304
2026-08-14T13:33:39Z	V141VS140	1088	drumlin	278036	A	T	core_destroyed	215
2026-08-14T13:33:42Z	V141VS140	1089	drumlin	278036	B	T	core_destroyed	324
2026-08-14T13:33:44Z	V141VS140	1090	fjordgate	278036	A	C	core_destroyed	145
2026-08-14T13:33:48Z	V141VS140	1091	fjordgate	278036	B	T	tiebreak	1000
2026-08-14T13:33:56Z	V141VS140	1092	frostgate	278036	A	C	core_destroyed	693
2026-08-14T13:33:58Z	V141VS140	1093	frostgate	278036	B	C	core_destroyed	216
2026-08-14T13:34:01Z	V141VS140	1094	glacierkeep	278036	A	T	core_destroyed	390
2026-08-14T13:34:06Z	V141VS140	1095	glacierkeep	278036	B	T	core_destroyed	709
2026-08-14T13:34:08Z	V141VS140	1096	icefloe	278036	A	T	core_destroyed	222
2026-08-14T13:34:16Z	V141VS140	1097	icefloe	278036	B	C	tiebreak	1000
2026-08-14T13:34:23Z	V141VS140	1098	midgard	278036	A	C	core_destroyed	247
2026-08-14T13:34:25Z	V141VS140	1099	midgard	278036	B	C	core_destroyed	89
2026-08-14T13:34:28Z	V141VS140	1100	nordkap	278036	A	C	tiebreak	1000
2026-08-14T13:34:29Z	V141VS140	1101	nordkap	278036	B	C	core_destroyed	96
2026-08-14T13:35:30Z	V141VS140	1102	ragnarok	278036	A	T	tiebreak	1000
2026-08-14T13:35:34Z	V141VS140	1103	ragnarok	278036	B	T	core_destroyed	201
2026-08-14T13:35:36Z	V141VS140	1104	royale	278036	A	T	core_destroyed	222
2026-08-14T13:35:37Z	V141VS140	1105	royale	278036	B	C	core_destroyed	301
2026-08-14T13:35:40Z	V141VS140	1106	valkyrie	278036	A	C	core_destroyed	151
2026-08-14T13:35:43Z	V141VS140	1107	valkyrie	278036	B	C	core_destroyed	167
2026-08-14T13:35:46Z	V141VS140	1108	yulerune	278036	A	T	core_destroyed	267
2026-08-14T13:35:49Z	V141VS140	1109	yulerune	278036	B	C	core_destroyed	202
2026-08-14T13:35:51Z	V141VS140	1110	antler	278037	A	C	core_destroyed	185
2026-08-14T13:35:53Z	V141VS140	1111	antler	278037	B	C	core_destroyed	152
2026-08-14T13:35:55Z	V141VS140	1112	archipelago	278037	A	T	core_destroyed	86
2026-08-14T13:35:58Z	V141VS140	1113	archipelago	278037	B	C	core_destroyed	106
2026-08-14T13:35:59Z	V141VS140	1114	auroraveil	278037	A	T	core_destroyed	152
2026-08-14T13:36:01Z	V141VS140	1115	auroraveil	278037	B	C	core_destroyed	149
2026-08-14T13:36:07Z	V141VS140	1116	drakkarfjord	278037	A	C	core_destroyed	301
2026-08-14T13:36:13Z	V141VS140	1117	drakkarfjord	278037	B	C	core_destroyed	298
2026-08-14T13:36:16Z	V141VS140	1118	drumlin	278037	A	C	core_destroyed	197
2026-08-14T13:36:18Z	V141VS140	1119	drumlin	278037	B	T	core_destroyed	135
2026-08-14T13:36:19Z	V141VS140	1120	fjordgate	278037	A	C	core_destroyed	127
2026-08-14T13:36:20Z	V141VS140	1121	fjordgate	278037	B	C	core_destroyed	161
2026-08-14T13:36:22Z	V141VS140	1122	frostgate	278037	A	C	core_destroyed	177
2026-08-14T13:36:24Z	V141VS140	1123	frostgate	278037	B	T	core_destroyed	151
2026-08-14T13:36:26Z	V141VS140	1124	glacierkeep	278037	A	C	core_destroyed	129
2026-08-14T13:36:33Z	V141VS140	1125	glacierkeep	278037	B	C	core_destroyed	700
2026-08-14T13:36:34Z	V141VS140	1126	icefloe	278037	A	T	core_destroyed	116
2026-08-14T13:36:36Z	V141VS140	1127	icefloe	278037	B	C	core_destroyed	128
2026-08-14T13:36:38Z	V141VS140	1128	midgard	278037	A	T	core_destroyed	115
2026-08-14T13:36:41Z	V141VS140	1129	midgard	278037	B	T	core_destroyed	127
2026-08-14T13:36:49Z	V141VS140	1130	nordkap	278037	A	T	tiebreak	1000
2026-08-14T13:36:50Z	V141VS140	1131	nordkap	278037	B	T	core_destroyed	120
2026-08-14T13:36:52Z	V141VS140	1132	ragnarok	278037	A	C	core_destroyed	406
2026-08-14T13:36:55Z	V141VS140	1133	ragnarok	278037	B	C	core_destroyed	171
2026-08-14T13:36:58Z	V141VS140	1134	royale	278037	A	C	core_destroyed	233
2026-08-14T13:37:01Z	V141VS140	1135	royale	278037	B	C	core_destroyed	204
2026-08-14T13:37:04Z	V141VS140	1136	valkyrie	278037	A	T	core_destroyed	192
2026-08-14T13:37:10Z	V141VS140	1137	valkyrie	278037	B	T	core_destroyed	267
2026-08-14T13:37:13Z	V141VS140	1138	yulerune	278037	A	T	core_destroyed	168
2026-08-14T13:37:15Z	V141VS140	1139	yulerune	278037	B	T	core_destroyed	399
2026-08-14T13:37:17Z	V141VS140	1140	antler	278038	A	T	core_destroyed	151
2026-08-14T13:37:19Z	V141VS140	1141	antler	278038	B	C	core_destroyed	152
2026-08-14T13:37:21Z	V141VS140	1142	archipelago	278038	A	C	core_destroyed	129
2026-08-14T13:37:29Z	V141VS140	1143	archipelago	278038	B	T	core_destroyed	402
2026-08-14T13:37:31Z	V141VS140	1144	auroraveil	278038	A	C	core_destroyed	130
2026-08-14T13:37:32Z	V141VS140	1145	auroraveil	278038	B	C	core_destroyed	142
2026-08-14T13:37:40Z	V141VS140	1146	drakkarfjord	278038	A	C	core_destroyed	384
2026-08-14T13:37:54Z	V141VS140	1147	drakkarfjord	278038	B	T	core_destroyed	874
2026-08-14T13:38:01Z	V141VS140	1148	drumlin	278038	A	C	core_destroyed	583
2026-08-14T13:38:05Z	V141VS140	1149	drumlin	278038	B	T	core_destroyed	437
2026-08-14T13:38:07Z	V141VS140	1150	fjordgate	278038	A	C	core_destroyed	108
2026-08-14T13:38:09Z	V141VS140	1151	fjordgate	278038	B	C	core_destroyed	377
2026-08-14T13:38:10Z	V141VS140	1152	frostgate	278038	A	C	core_destroyed	102
2026-08-14T13:38:14Z	V141VS140	1153	frostgate	278038	B	T	core_destroyed	274
2026-08-14T13:38:16Z	V141VS140	1154	glacierkeep	278038	A	T	core_destroyed	390
2026-08-14T13:38:18Z	V141VS140	1155	glacierkeep	278038	B	C	core_destroyed	127
2026-08-14T13:38:20Z	V141VS140	1156	icefloe	278038	A	T	core_destroyed	114
2026-08-14T13:38:23Z	V141VS140	1157	icefloe	278038	B	T	core_destroyed	200
2026-08-14T13:38:26Z	V141VS140	1158	midgard	278038	A	T	core_destroyed	139
2026-08-14T13:38:29Z	V141VS140	1159	midgard	278038	B	C	core_destroyed	112
2026-08-14T13:38:32Z	V141VS140	1160	nordkap	278038	A	T	core_destroyed	274
2026-08-14T13:38:33Z	V141VS140	1161	nordkap	278038	B	C	core_destroyed	107
2026-08-14T13:38:36Z	V141VS140	1162	ragnarok	278038	A	T	core_destroyed	127
2026-08-14T13:38:39Z	V141VS140	1163	ragnarok	278038	B	C	core_destroyed	171
2026-08-14T13:38:41Z	V141VS140	1164	royale	278038	A	T	core_destroyed	143
2026-08-14T13:38:42Z	V141VS140	1165	royale	278038	B	T	core_destroyed	141
2026-08-14T13:38:46Z	V141VS140	1166	valkyrie	278038	A	C	core_destroyed	165
2026-08-14T13:38:48Z	V141VS140	1167	valkyrie	278038	B	T	core_destroyed	110
2026-08-14T13:38:51Z	V141VS140	1168	yulerune	278038	A	C	core_destroyed	489
2026-08-14T13:38:55Z	V141VS140	1169	yulerune	278038	B	C	core_destroyed	256
2026-08-14T13:38:57Z	V141VS140	1170	antler	278039	A	T	core_destroyed	217
2026-08-14T13:38:59Z	V141VS140	1171	antler	278039	B	C	core_destroyed	361
2026-08-14T13:39:02Z	V141VS140	1172	archipelago	278039	A	C	core_destroyed	111
2026-08-14T13:39:08Z	V141VS140	1173	archipelago	278039	B	T	core_destroyed	502
2026-08-14T13:39:11Z	V141VS140	1174	auroraveil	278039	A	C	core_destroyed	235
2026-08-14T13:39:14Z	V141VS140	1175	auroraveil	278039	B	T	core_destroyed	188
2026-08-14T13:39:36Z	V141VS140	1176	drakkarfjord	278039	A	C	tiebreak	1000
2026-08-14T13:39:38Z	V141VS140	1177	drakkarfjord	278039	B	C	core_destroyed	162
2026-08-14T13:39:42Z	V141VS140	1178	drumlin	278039	A	C	core_destroyed	217
2026-08-14T13:39:46Z	V141VS140	1179	drumlin	278039	B	T	core_destroyed	326
2026-08-14T13:39:47Z	V141VS140	1180	fjordgate	278039	A	C	core_destroyed	145
2026-08-14T13:39:53Z	V141VS140	1181	fjordgate	278039	B	T	tiebreak	1000
2026-08-14T13:39:56Z	V141VS140	1182	frostgate	278039	A	T	core_destroyed	437
2026-08-14T13:39:58Z	V141VS140	1183	frostgate	278039	B	T	core_destroyed	555
2026-08-14T13:40:06Z	V141VS140	1184	glacierkeep	278039	A	T	core_destroyed	842
2026-08-14T13:40:11Z	V141VS140	1185	glacierkeep	278039	B	T	tiebreak	1000
2026-08-14T13:40:17Z	V141VS140	1186	icefloe	278039	A	T	core_destroyed	379
2026-08-14T13:40:19Z	V141VS140	1187	icefloe	278039	B	C	core_destroyed	261
2026-08-14T13:40:22Z	V141VS140	1188	midgard	278039	A	T	core_destroyed	139
2026-08-14T13:40:25Z	V141VS140	1189	midgard	278039	B	C	core_destroyed	89
2026-08-14T13:40:27Z	V141VS140	1190	nordkap	278039	A	C	core_destroyed	122
2026-08-14T13:40:28Z	V141VS140	1191	nordkap	278039	B	C	core_destroyed	132
2026-08-14T13:40:36Z	V141VS140	1192	ragnarok	278039	A	T	core_destroyed	351
2026-08-14T13:40:45Z	V141VS140	1193	ragnarok	278039	B	C	core_destroyed	337
2026-08-14T13:40:49Z	V141VS140	1194	royale	278039	A	T	tiebreak	1000
2026-08-14T13:40:56Z	V141VS140	1195	royale	278039	B	C	tiebreak	1000
2026-08-14T13:41:01Z	V141VS140	1196	valkyrie	278039	A	C	core_destroyed	258
2026-08-14T13:41:04Z	V141VS140	1197	valkyrie	278039	B	T	core_destroyed	152
2026-08-14T13:41:07Z	V141VS140	1198	yulerune	278039	A	C	core_destroyed	260
2026-08-14T13:41:10Z	V141VS140	1199	yulerune	278039	B	T	core_destroyed	310
2026-08-14T13:41:12Z	V141VS140	1200	antler	278040	A	T	core_destroyed	261
2026-08-14T13:41:13Z	V141VS140	1201	antler	278040	B	C	core_destroyed	187
2026-08-14T13:41:15Z	V141VS140	1202	archipelago	278040	A	C	core_destroyed	119
2026-08-14T13:41:21Z	V141VS140	1203	archipelago	278040	B	T	core_destroyed	502
2026-08-14T13:41:26Z	V141VS140	1204	auroraveil	278040	A	C	core_destroyed	333
2026-08-14T13:41:31Z	V141VS140	1205	auroraveil	278040	B	C	core_destroyed	304
2026-08-14T13:41:37Z	V141VS140	1206	drakkarfjord	278040	A	T	core_destroyed	385
2026-08-14T13:41:40Z	V141VS140	1207	drakkarfjord	278040	B	T	core_destroyed	143
2026-08-14T13:41:48Z	V141VS140	1208	drumlin	278040	A	T	core_destroyed	649
2026-08-14T13:41:51Z	V141VS140	1209	drumlin	278040	B	T	core_destroyed	171
2026-08-14T13:41:53Z	V141VS140	1210	fjordgate	278040	A	T	core_destroyed	202
2026-08-14T13:41:54Z	V141VS140	1211	fjordgate	278040	B	T	core_destroyed	280
2026-08-14T13:41:57Z	V141VS140	1212	frostgate	278040	A	T	core_destroyed	169
2026-08-14T13:41:59Z	V141VS140	1213	frostgate	278040	B	C	core_destroyed	194
2026-08-14T13:42:06Z	V141VS140	1214	glacierkeep	278040	A	C	tiebreak	1000
2026-08-14T13:42:20Z	V141VS140	1215	glacierkeep	278040	B	T	tiebreak	1000
2026-08-14T13:42:22Z	V141VS140	1216	icefloe	278040	A	C	core_destroyed	157
2026-08-14T13:42:25Z	V141VS140	1217	icefloe	278040	B	C	core_destroyed	255
2026-08-14T13:42:28Z	V141VS140	1218	midgard	278040	A	T	core_destroyed	135
2026-08-14T13:42:31Z	V141VS140	1219	midgard	278040	B	T	core_destroyed	127
2026-08-14T13:42:34Z	V141VS140	1220	nordkap	278040	A	C	core_destroyed	209
2026-08-14T13:42:36Z	V141VS140	1221	nordkap	278040	B	T	core_destroyed	198
2026-08-14T13:42:39Z	V141VS140	1222	ragnarok	278040	A	T	core_destroyed	142
2026-08-14T13:42:47Z	V141VS140	1223	ragnarok	278040	B	T	core_destroyed	583
2026-08-14T13:42:54Z	V141VS140	1224	royale	278040	A	T	core_destroyed	983
2026-08-14T13:42:56Z	V141VS140	1225	royale	278040	B	T	core_destroyed	164
2026-08-14T13:43:02Z	V141VS140	1226	valkyrie	278040	A	C	core_destroyed	220
2026-08-14T13:43:04Z	V141VS140	1227	valkyrie	278040	B	C	core_destroyed	120
2026-08-14T13:43:08Z	V141VS140	1228	yulerune	278040	A	T	core_destroyed	248
2026-08-14T13:43:10Z	V141VS140	1229	yulerune	278040	B	T	core_destroyed	141
2026-08-14T13:43:12Z	V141VS140	1230	antler	278041	A	C	core_destroyed	168
2026-08-14T13:43:14Z	V141VS140	1231	antler	278041	B	T	core_destroyed	265
2026-08-14T13:43:17Z	V141VS140	1232	archipelago	278041	A	C	core_destroyed	99
2026-08-14T13:43:19Z	V141VS140	1233	archipelago	278041	B	T	core_destroyed	74
2026-08-14T13:43:25Z	V141VS140	1234	auroraveil	278041	A	C	core_destroyed	271
2026-08-14T13:43:29Z	V141VS140	1235	auroraveil	278041	B	C	core_destroyed	248
2026-08-14T13:43:52Z	V141VS140	1236	drakkarfjord	278041	A	T	tiebreak	1000
2026-08-14T13:43:59Z	V141VS140	1237	drakkarfjord	278041	B	C	core_destroyed	569
2026-08-14T13:44:09Z	V141VS140	1238	drumlin	278041	A	C	core_destroyed	534
2026-08-14T13:44:11Z	V141VS140	1239	drumlin	278041	B	T	core_destroyed	355
2026-08-14T13:44:14Z	V141VS140	1240	fjordgate	278041	A	C	core_destroyed	413
2026-08-14T13:44:17Z	V141VS140	1241	fjordgate	278041	B	C	core_destroyed	549
2026-08-14T13:44:20Z	V141VS140	1242	frostgate	278041	A	C	core_destroyed	268
2026-08-14T13:44:24Z	V141VS140	1243	frostgate	278041	B	T	core_destroyed	274
2026-08-14T13:44:30Z	V141VS140	1244	glacierkeep	278041	A	T	core_destroyed	614
2026-08-14T13:44:39Z	V141VS140	1245	glacierkeep	278041	B	T	tiebreak	1000
2026-08-14T13:44:41Z	V141VS140	1246	icefloe	278041	A	C	core_destroyed	125
2026-08-14T13:44:44Z	V141VS140	1247	icefloe	278041	B	C	core_destroyed	261
2026-08-14T13:44:48Z	V141VS140	1248	midgard	278041	A	T	core_destroyed	157
2026-08-14T13:44:53Z	V141VS140	1249	midgard	278041	B	C	core_destroyed	131
2026-08-14T13:44:56Z	V141VS140	1250	nordkap	278041	A	C	core_destroyed	209
2026-08-14T13:44:58Z	V141VS140	1251	nordkap	278041	B	C	core_destroyed	175
2026-08-14T13:45:03Z	V141VS140	1252	ragnarok	278041	A	T	core_destroyed	173
2026-08-14T13:45:07Z	V141VS140	1253	ragnarok	278041	B	C	core_destroyed	132
2026-08-14T13:45:10Z	V141VS140	1254	royale	278041	A	C	core_destroyed	245
2026-08-14T13:45:14Z	V141VS140	1255	royale	278041	B	C	tiebreak	1000
2026-08-14T13:45:17Z	V141VS140	1256	valkyrie	278041	A	C	core_destroyed	174
2026-08-14T13:45:21Z	V141VS140	1257	valkyrie	278041	B	C	core_destroyed	167
2026-08-14T13:45:25Z	V141VS140	1258	yulerune	278041	A	T	core_destroyed	255
2026-08-14T13:45:30Z	V141VS140	1259	yulerune	278041	B	T	core_destroyed	334
2026-08-14T13:45:33Z	V141VS140	1260	antler	278042	A	C	core_destroyed	212
2026-08-14T13:45:36Z	V141VS140	1261	antler	278042	B	T	core_destroyed	254
2026-08-14T13:45:45Z	V141VS140	1262	archipelago	278042	A	C	core_destroyed	777
2026-08-14T13:45:52Z	V141VS140	1263	archipelago	278042	B	C	core_destroyed	213
2026-08-14T13:45:54Z	V141VS140	1264	auroraveil	278042	A	C	core_destroyed	152
2026-08-14T13:45:56Z	V141VS140	1265	auroraveil	278042	B	C	core_destroyed	107
2026-08-14T13:46:02Z	V141VS140	1266	drakkarfjord	278042	A	C	core_destroyed	218
2026-08-14T13:46:05Z	V141VS140	1267	drakkarfjord	278042	B	C	core_destroyed	96
2026-08-14T13:46:08Z	V141VS140	1268	drumlin	278042	A	C	core_destroyed	197
2026-08-14T13:46:13Z	V141VS140	1269	drumlin	278042	B	T	core_destroyed	324
2026-08-14T13:46:16Z	V141VS140	1270	fjordgate	278042	A	C	core_destroyed	379
2026-08-14T13:46:18Z	V141VS140	1271	fjordgate	278042	B	C	core_destroyed	161
2026-08-14T13:46:22Z	V141VS140	1272	frostgate	278042	A	T	tiebreak	1000
2026-08-14T13:46:24Z	V141VS140	1273	frostgate	278042	B	T	core_destroyed	168
2026-08-14T13:46:36Z	V141VS140	1274	glacierkeep	278042	A	C	core_destroyed	767
2026-08-14T13:46:42Z	V141VS140	1275	glacierkeep	278042	B	C	tiebreak	1000
2026-08-14T13:46:46Z	V141VS140	1276	icefloe	278042	A	T	core_destroyed	222
2026-08-14T13:46:49Z	V141VS140	1277	icefloe	278042	B	C	core_destroyed	240
2026-08-14T13:46:54Z	V141VS140	1278	midgard	278042	A	T	core_destroyed	135
2026-08-14T13:46:58Z	V141VS140	1279	midgard	278042	B	T	core_destroyed	127
2026-08-14T13:47:00Z	V141VS140	1280	nordkap	278042	A	C	core_destroyed	234
2026-08-14T13:47:02Z	V141VS140	1281	nordkap	278042	B	T	core_destroyed	297
2026-08-14T13:47:12Z	V141VS140	1282	ragnarok	278042	A	T	core_destroyed	797
2026-08-14T13:48:18Z	V141VS140	1283	ragnarok	278042	B	T	tiebreak	1000
2026-08-14T13:48:20Z	V141VS140	1284	royale	278042	A	C	core_destroyed	105
2026-08-14T13:48:23Z	V141VS140	1285	royale	278042	B	C	core_destroyed	173
2026-08-14T13:48:28Z	V141VS140	1286	valkyrie	278042	A	C	core_destroyed	165
2026-08-14T13:48:31Z	V141VS140	1287	valkyrie	278042	B	T	core_destroyed	105
2026-08-14T13:48:35Z	V141VS140	1288	yulerune	278042	A	T	core_destroyed	230
2026-08-14T13:48:39Z	V141VS140	1289	yulerune	278042	B	C	core_destroyed	176
2026-08-14T13:48:41Z	V141VS140	1290	antler	278043	A	T	core_destroyed	150
2026-08-14T13:48:44Z	V141VS140	1291	antler	278043	B	C	core_destroyed	231
2026-08-14T13:48:47Z	V141VS140	1292	archipelago	278043	A	T	core_destroyed	75
2026-08-14T13:48:50Z	V141VS140	1293	archipelago	278043	B	T	core_destroyed	88
2026-08-14T13:48:53Z	V141VS140	1294	auroraveil	278043	A	C	core_destroyed	173
2026-08-14T13:48:57Z	V141VS140	1295	auroraveil	278043	B	C	core_destroyed	261
2026-08-14T13:49:10Z	V141VS140	1296	drakkarfjord	278043	A	C	tiebreak	1000
2026-08-14T13:49:20Z	V141VS140	1297	drakkarfjord	278043	B	T	core_destroyed	556
2026-08-14T13:49:37Z	V141VS140	1298	drumlin	278043	A	C	tiebreak	1000
2026-08-14T13:49:39Z	V141VS140	1299	drumlin	278043	B	T	core_destroyed	393
2026-08-14T13:49:41Z	V141VS140	1300	fjordgate	278043	A	C	core_destroyed	172
2026-08-14T13:49:43Z	V141VS140	1301	fjordgate	278043	B	T	core_destroyed	152
2026-08-14T13:49:45Z	V141VS140	1302	frostgate	278043	A	C	core_destroyed	113
2026-08-14T13:49:48Z	V141VS140	1303	frostgate	278043	B	T	core_destroyed	186
2026-08-14T13:50:04Z	V141VS140	1304	glacierkeep	278043	A	T	tiebreak	1000
2026-08-14T13:50:17Z	V141VS140	1305	glacierkeep	278043	B	C	tiebreak	1000
2026-08-14T13:50:27Z	V141VS140	1306	icefloe	278043	A	T	core_destroyed	457
2026-08-14T13:50:37Z	V141VS140	1307	icefloe	278043	B	C	core_destroyed	552
2026-08-14T13:50:44Z	V141VS140	1308	midgard	278043	A	T	core_destroyed	337
2026-08-14T13:50:49Z	V141VS140	1309	midgard	278043	B	C	core_destroyed	175
2026-08-14T13:50:51Z	V141VS140	1310	nordkap	278043	A	C	core_destroyed	165
2026-08-14T13:50:54Z	V141VS140	1311	nordkap	278043	B	T	core_destroyed	296
2026-08-14T13:50:57Z	V141VS140	1312	ragnarok	278043	A	T	core_destroyed	134
2026-08-14T13:51:04Z	V141VS140	1313	ragnarok	278043	B	T	core_destroyed	378
2026-08-14T13:51:06Z	V141VS140	1314	royale	278043	A	C	core_destroyed	247
2026-08-14T13:51:10Z	V141VS140	1315	royale	278043	B	C	tiebreak	1000
2026-08-14T13:51:19Z	V141VS140	1316	valkyrie	278043	A	C	core_destroyed	645
2026-08-14T13:51:22Z	V141VS140	1317	valkyrie	278043	B	C	core_destroyed	135
2026-08-14T13:51:26Z	V141VS140	1318	yulerune	278043	A	T	core_destroyed	267
2026-08-14T13:51:30Z	V141VS140	1319	yulerune	278043	B	T	core_destroyed	423
2026-08-14T13:51:32Z	V141VS140	1320	antler	278044	A	C	core_destroyed	212
2026-08-14T13:51:35Z	V141VS140	1321	antler	278044	B	T	core_destroyed	204
2026-08-14T13:51:38Z	V141VS140	1322	archipelago	278044	A	T	core_destroyed	77
2026-08-14T13:51:41Z	V141VS140	1323	archipelago	278044	B	T	core_destroyed	152
2026-08-14T13:51:44Z	V141VS140	1324	auroraveil	278044	A	T	core_destroyed	160
2026-08-14T13:51:49Z	V141VS140	1325	auroraveil	278044	B	C	core_destroyed	303
2026-08-14T13:51:54Z	V141VS140	1326	drakkarfjord	278044	A	T	core_destroyed	388
2026-08-14T13:51:57Z	V141VS140	1327	drakkarfjord	278044	B	C	core_destroyed	96
2026-08-14T13:52:03Z	V141VS140	1328	drumlin	278044	A	T	core_destroyed	439
2026-08-14T13:52:05Z	V141VS140	1329	drumlin	278044	B	C	core_destroyed	349
2026-08-14T13:52:08Z	V141VS140	1330	fjordgate	278044	A	C	core_destroyed	196
2026-08-14T13:52:10Z	V141VS140	1331	fjordgate	278044	B	C	core_destroyed	189
2026-08-14T13:52:12Z	V141VS140	1332	frostgate	278044	A	C	core_destroyed	154
2026-08-14T13:52:14Z	V141VS140	1333	frostgate	278044	B	C	core_destroyed	151
2026-08-14T13:52:17Z	V141VS140	1334	glacierkeep	278044	A	C	core_destroyed	129
2026-08-14T13:52:31Z	V141VS140	1335	glacierkeep	278044	B	C	tiebreak	1000
2026-08-14T13:52:38Z	V141VS140	1336	icefloe	278044	A	T	core_destroyed	379
2026-08-14T13:52:41Z	V141VS140	1337	icefloe	278044	B	T	core_destroyed	200
2026-08-14T13:52:48Z	V141VS140	1338	midgard	278044	A	C	core_destroyed	267
2026-08-14T13:52:52Z	V141VS140	1339	midgard	278044	B	T	core_destroyed	123
2026-08-14T13:52:54Z	V141VS140	1340	nordkap	278044	A	C	core_destroyed	160
2026-08-14T13:52:56Z	V141VS140	1341	nordkap	278044	B	C	core_destroyed	119
2026-08-14T13:53:00Z	V141VS140	1342	ragnarok	278044	A	T	core_destroyed	134
2026-08-14T13:53:03Z	V141VS140	1343	ragnarok	278044	B	C	core_destroyed	135
2026-08-14T13:53:11Z	V141VS140	1344	royale	278044	A	T	core_destroyed	825
2026-08-14T13:53:13Z	V141VS140	1345	royale	278044	B	C	core_destroyed	194
2026-08-14T13:53:16Z	V141VS140	1346	valkyrie	278044	A	C	core_destroyed	146
2026-08-14T13:53:20Z	V141VS140	1347	valkyrie	278044	B	T	core_destroyed	112
2026-08-14T13:53:23Z	V141VS140	1348	yulerune	278044	A	T	core_destroyed	259
2026-08-14T13:53:26Z	V141VS140	1349	yulerune	278044	B	C	core_destroyed	118
2026-08-14T13:53:28Z	V141VS140	1350	antler	278045	A	T	core_destroyed	120
2026-08-14T13:53:31Z	V141VS140	1351	antler	278045	B	C	core_destroyed	197
2026-08-14T13:53:36Z	V141VS140	1352	archipelago	278045	A	C	core_destroyed	211
2026-08-14T13:53:42Z	V141VS140	1353	archipelago	278045	B	C	core_destroyed	218
2026-08-14T13:53:50Z	V141VS140	1354	auroraveil	278045	A	T	core_destroyed	561
2026-08-14T13:53:53Z	V141VS140	1355	auroraveil	278045	B	C	core_destroyed	174
2026-08-14T13:54:06Z	V141VS140	1356	drakkarfjord	278045	A	T	tiebreak	1000
2026-08-14T13:54:13Z	V141VS140	1357	drakkarfjord	278045	B	C	core_destroyed	569
2026-08-14T13:54:31Z	V141VS140	1358	drumlin	278045	A	T	tiebreak	1000
2026-08-14T13:54:34Z	V141VS140	1359	drumlin	278045	B	C	core_destroyed	481
2026-08-14T13:54:36Z	V141VS140	1360	fjordgate	278045	A	C	core_destroyed	196
2026-08-14T13:54:38Z	V141VS140	1361	fjordgate	278045	B	T	core_destroyed	189
2026-08-14T13:54:39Z	V141VS140	1362	frostgate	278045	A	C	core_destroyed	125
2026-08-14T13:54:42Z	V141VS140	1363	frostgate	278045	B	T	core_destroyed	146
2026-08-14T13:54:48Z	V141VS140	1364	glacierkeep	278045	A	T	core_destroyed	614
2026-08-14T13:55:03Z	V141VS140	1365	glacierkeep	278045	B	C	core_destroyed	945
2026-08-14T13:55:07Z	V141VS140	1366	icefloe	278045	A	T	core_destroyed	213
2026-08-14T13:55:10Z	V141VS140	1367	icefloe	278045	B	C	core_destroyed	207
2026-08-14T13:55:14Z	V141VS140	1368	midgard	278045	A	C	core_destroyed	231
2026-08-14T13:55:18Z	V141VS140	1369	midgard	278045	B	C	core_destroyed	89
2026-08-14T13:55:19Z	V141VS140	1370	nordkap	278045	A	C	core_destroyed	122
2026-08-14T13:55:22Z	V141VS140	1371	nordkap	278045	B	C	core_destroyed	201
2026-08-14T13:56:15Z	V141VS140	1372	ragnarok	278045	A	C	tiebreak	1000
2026-08-14T13:56:20Z	V141VS140	1373	ragnarok	278045	B	C	core_destroyed	253
2026-08-14T13:56:24Z	V141VS140	1374	royale	278045	A	C	core_destroyed	401
2026-08-14T13:56:28Z	V141VS140	1375	royale	278045	B	C	tiebreak	1000
2026-08-14T13:56:32Z	V141VS140	1376	valkyrie	278045	A	T	core_destroyed	192
2026-08-14T13:56:36Z	V141VS140	1377	valkyrie	278045	B	C	core_destroyed	268
2026-08-14T13:56:41Z	V141VS140	1378	yulerune	278045	A	T	core_destroyed	502
2026-08-14T13:56:44Z	V141VS140	1379	yulerune	278045	B	C	core_destroyed	289
2026-08-14T13:56:46Z	V141VS140	1380	antler	278046	A	T	core_destroyed	150
2026-08-14T13:56:49Z	V141VS140	1381	antler	278046	B	T	core_destroyed	265
2026-08-14T13:56:52Z	V141VS140	1382	archipelago	278046	A	C	core_destroyed	105
2026-08-14T13:56:57Z	V141VS140	1383	archipelago	278046	B	T	core_destroyed	172
2026-08-14T13:56:59Z	V141VS140	1384	auroraveil	278046	A	C	core_destroyed	162
2026-08-14T13:57:01Z	V141VS140	1385	auroraveil	278046	B	C	core_destroyed	109
2026-08-14T13:57:22Z	V141VS140	1386	drakkarfjord	278046	A	C	tiebreak	1000
2026-08-14T13:57:33Z	V141VS140	1387	drakkarfjord	278046	B	C	core_destroyed	702
2026-08-14T13:57:38Z	V141VS140	1388	drumlin	278046	A	C	core_destroyed	223
2026-08-14T13:57:42Z	V141VS140	1389	drumlin	278046	B	T	core_destroyed	201
2026-08-14T13:57:43Z	V141VS140	1390	fjordgate	278046	A	C	core_destroyed	109
2026-08-14T13:57:46Z	V141VS140	1391	fjordgate	278046	B	T	core_destroyed	371
2026-08-14T13:57:50Z	V141VS140	1392	frostgate	278046	A	T	core_destroyed	446
2026-08-14T13:57:54Z	V141VS140	1393	frostgate	278046	B	C	core_destroyed	255
2026-08-14T13:58:04Z	V141VS140	1394	glacierkeep	278046	A	T	core_destroyed	897
2026-08-14T13:58:07Z	V141VS140	1395	glacierkeep	278046	B	C	core_destroyed	177
2026-08-14T13:58:10Z	V141VS140	1396	icefloe	278046	A	T	core_destroyed	146
2026-08-14T13:58:15Z	V141VS140	1397	icefloe	278046	B	T	core_destroyed	321
2026-08-14T13:58:21Z	V141VS140	1398	midgard	278046	A	T	core_destroyed	209
2026-08-14T13:58:25Z	V141VS140	1399	midgard	278046	B	C	core_destroyed	82
2026-08-14T13:58:27Z	V141VS140	1400	nordkap	278046	A	C	core_destroyed	254
2026-08-14T13:58:29Z	V141VS140	1401	nordkap	278046	B	C	core_destroyed	205
2026-08-14T13:58:33Z	V141VS140	1402	ragnarok	278046	A	T	core_destroyed	134
2026-08-14T13:58:37Z	V141VS140	1403	ragnarok	278046	B	C	core_destroyed	193
2026-08-14T13:58:40Z	V141VS140	1404	royale	278046	A	C	core_destroyed	233
2026-08-14T13:58:42Z	V141VS140	1405	royale	278046	B	C	core_destroyed	301
2026-08-14T13:58:49Z	V141VS140	1406	valkyrie	278046	A	C	core_destroyed	216
2026-08-14T13:58:51Z	V141VS140	1407	valkyrie	278046	B	T	core_destroyed	200
2026-08-14T13:58:56Z	V141VS140	1408	yulerune	278046	A	C	core_destroyed	246
2026-08-14T13:58:59Z	V141VS140	1409	yulerune	278046	B	C	core_destroyed	162
2026-08-14T13:59:01Z	V141VS140	1410	antler	278047	A	C	core_destroyed	212
2026-08-14T13:59:04Z	V141VS140	1411	antler	278047	B	C	core_destroyed	267
2026-08-14T13:59:07Z	V141VS140	1412	archipelago	278047	A	C	core_destroyed	92
2026-08-14T13:59:10Z	V141VS140	1413	archipelago	278047	B	C	core_destroyed	106
2026-08-14T13:59:14Z	V141VS140	1414	auroraveil	278047	A	C	core_destroyed	235
2026-08-14T13:59:16Z	V141VS140	1415	auroraveil	278047	B	C	core_destroyed	79
2026-08-14T13:59:25Z	V141VS140	1416	drakkarfjord	278047	A	C	core_destroyed	370
2026-08-14T13:59:32Z	V141VS140	1417	drakkarfjord	278047	B	C	core_destroyed	296
2026-08-14T13:59:36Z	V141VS140	1418	drumlin	278047	A	T	core_destroyed	233
2026-08-14T13:59:39Z	V141VS140	1419	drumlin	278047	B	T	core_destroyed	814
2026-08-14T13:59:40Z	V141VS140	1420	fjordgate	278047	A	C	core_destroyed	132
2026-08-14T13:59:43Z	V141VS140	1421	fjordgate	278047	B	C	core_destroyed	200
2026-08-14T13:59:45Z	V141VS140	1422	frostgate	278047	A	C	core_destroyed	102
2026-08-14T13:59:47Z	V141VS140	1423	frostgate	278047	B	T	core_destroyed	128
2026-08-14T13:59:49Z	V141VS140	1424	glacierkeep	278047	A	C	core_destroyed	129
2026-08-14T14:00:03Z	V141VS140	1425	glacierkeep	278047	B	T	tiebreak	1000
2026-08-14T14:00:07Z	V141VS140	1426	icefloe	278047	A	T	core_destroyed	281
2026-08-14T14:00:10Z	V141VS140	1427	icefloe	278047	B	C	core_destroyed	220
2026-08-14T14:00:13Z	V141VS140	1428	midgard	278047	A	C	core_destroyed	181
2026-08-14T14:00:17Z	V141VS140	1429	midgard	278047	B	C	core_destroyed	116
2026-08-14T14:00:20Z	V141VS140	1430	nordkap	278047	A	T	core_destroyed	541
2026-08-14T14:00:23Z	V141VS140	1431	nordkap	278047	B	C	core_destroyed	469
2026-08-14T14:00:28Z	V141VS140	1432	ragnarok	278047	A	C	core_destroyed	493
2026-08-14T14:00:32Z	V141VS140	1433	ragnarok	278047	B	C	core_destroyed	171
2026-08-14T14:00:36Z	V141VS140	1434	royale	278047	A	T	core_destroyed	713
2026-08-14T14:00:39Z	V141VS140	1435	royale	278047	B	C	core_destroyed	468
2026-08-14T14:00:42Z	V141VS140	1436	valkyrie	278047	A	C	core_destroyed	174
2026-08-14T14:00:45Z	V141VS140	1437	valkyrie	278047	B	T	core_destroyed	112
2026-08-14T14:00:48Z	V141VS140	1438	yulerune	278047	A	C	core_destroyed	489
2026-08-14T14:00:52Z	V141VS140	1439	yulerune	278047	B	T	core_destroyed	430
2026-08-14T14:00:53Z	V141VS140	1440	antler	278048	A	T	core_destroyed	150
2026-08-14T14:00:56Z	V141VS140	1441	antler	278048	B	C	core_destroyed	176
2026-08-14T14:00:58Z	V141VS140	1442	archipelago	278048	A	T	core_destroyed	95
2026-08-14T14:01:07Z	V141VS140	1443	archipelago	278048	B	T	core_destroyed	402
2026-08-14T14:01:11Z	V141VS140	1444	auroraveil	278048	A	T	core_destroyed	421
2026-08-14T14:01:16Z	V141VS140	1445	auroraveil	278048	B	C	core_destroyed	284
2026-08-14T14:01:20Z	V141VS140	1446	drakkarfjord	278048	A	T	core_destroyed	388
2026-08-14T14:01:28Z	V141VS140	1447	drakkarfjord	278048	B	C	core_destroyed	476
2026-08-14T14:01:31Z	V141VS140	1448	drumlin	278048	A	T	core_destroyed	166
2026-08-14T14:01:33Z	V141VS140	1449	drumlin	278048	B	T	core_destroyed	168
2026-08-14T14:01:37Z	V141VS140	1450	fjordgate	278048	A	T	tiebreak	1000
2026-08-14T14:01:41Z	V141VS140	1451	fjordgate	278048	B	C	core_destroyed	561
2026-08-14T14:01:44Z	V141VS140	1452	frostgate	278048	A	T	core_destroyed	446
2026-08-14T14:01:46Z	V141VS140	1453	frostgate	278048	B	C	core_destroyed	237
2026-08-14T14:01:52Z	V141VS140	1454	glacierkeep	278048	A	T	core_destroyed	344
2026-08-14T14:01:56Z	V141VS140	1455	glacierkeep	278048	B	T	core_destroyed	269
2026-08-14T14:01:59Z	V141VS140	1456	icefloe	278048	A	T	core_destroyed	189
2026-08-14T14:02:02Z	V141VS140	1457	icefloe	278048	B	T	core_destroyed	200
2026-08-14T14:02:05Z	V141VS140	1458	midgard	278048	A	T	core_destroyed	95
2026-08-14T14:02:08Z	V141VS140	1459	midgard	278048	B	C	core_destroyed	75
2026-08-14T14:02:11Z	V141VS140	1460	nordkap	278048	A	C	tiebreak	1000
2026-08-14T14:02:14Z	V141VS140	1461	nordkap	278048	B	C	core_destroyed	304
2026-08-14T14:02:17Z	V141VS140	1462	ragnarok	278048	A	T	core_destroyed	142
2026-08-14T14:02:20Z	V141VS140	1463	ragnarok	278048	B	C	core_destroyed	129
2026-08-14T14:02:23Z	V141VS140	1464	royale	278048	A	T	core_destroyed	143
2026-08-14T14:02:25Z	V141VS140	1465	royale	278048	B	C	core_destroyed	267
2026-08-14T14:02:29Z	V141VS140	1466	valkyrie	278048	A	T	core_destroyed	247
2026-08-14T14:02:31Z	V141VS140	1467	valkyrie	278048	B	T	core_destroyed	120
2026-08-14T14:02:38Z	V141VS140	1468	yulerune	278048	A	C	tiebreak	1000
2026-08-14T14:02:41Z	V141VS140	1469	yulerune	278048	B	C	core_destroyed	289
2026-08-14T14:02:44Z	V141VS140	1470	antler	278049	A	C	core_destroyed	512
2026-08-14T14:02:51Z	V141VS140	1471	antler	278049	B	T	tiebreak	1000
2026-08-14T14:02:54Z	V141VS140	1472	archipelago	278049	A	T	core_destroyed	101
2026-08-14T14:02:57Z	V141VS140	1473	archipelago	278049	B	C	core_destroyed	148
2026-08-14T14:02:59Z	V141VS140	1474	auroraveil	278049	A	C	core_destroyed	140
2026-08-14T14:03:02Z	V141VS140	1475	auroraveil	278049	B	C	core_destroyed	153
2026-08-14T14:03:10Z	V141VS140	1476	drakkarfjord	278049	A	T	core_destroyed	385
2026-08-14T14:03:19Z	V141VS140	1477	drakkarfjord	278049	B	C	tiebreak	1000
2026-08-14T14:03:23Z	V141VS140	1478	drumlin	278049	A	C	core_destroyed	217
2026-08-14T14:03:26Z	V141VS140	1479	drumlin	278049	B	T	core_destroyed	159
2026-08-14T14:03:27Z	V141VS140	1480	fjordgate	278049	A	C	core_destroyed	105
2026-08-14T14:03:29Z	V141VS140	1481	fjordgate	278049	B	T	core_destroyed	296
2026-08-14T14:03:31Z	V141VS140	1482	frostgate	278049	A	C	core_destroyed	165
2026-08-14T14:03:34Z	V141VS140	1483	frostgate	278049	B	C	core_destroyed	255
2026-08-14T14:03:37Z	V141VS140	1484	glacierkeep	278049	A	T	core_destroyed	373
2026-08-14T14:03:54Z	V141VS140	1485	glacierkeep	278049	B	C	tiebreak	1000
2026-08-14T14:03:56Z	V141VS140	1486	icefloe	278049	A	T	core_destroyed	141
2026-08-14T14:03:58Z	V141VS140	1487	icefloe	278049	B	T	core_destroyed	173
2026-08-14T14:04:01Z	V141VS140	1488	midgard	278049	A	T	core_destroyed	107
2026-08-14T14:04:05Z	V141VS140	1489	midgard	278049	B	T	core_destroyed	154
2026-08-14T14:04:07Z	V141VS140	1490	nordkap	278049	A	C	core_destroyed	112
2026-08-14T14:04:09Z	V141VS140	1491	nordkap	278049	B	T	core_destroyed	296
2026-08-14T14:04:14Z	V141VS140	1492	ragnarok	278049	A	T	core_destroyed	385
2026-08-14T14:04:18Z	V141VS140	1493	ragnarok	278049	B	C	core_destroyed	132
2026-08-14T14:04:23Z	V141VS140	1494	royale	278049	A	T	core_destroyed	755
2026-08-14T14:04:25Z	V141VS140	1495	royale	278049	B	T	core_destroyed	232
2026-08-14T14:04:30Z	V141VS140	1496	valkyrie	278049	A	T	core_destroyed	247
2026-08-14T14:04:37Z	V141VS140	1497	valkyrie	278049	B	T	core_destroyed	267
2026-08-14T14:04:41Z	V141VS140	1498	yulerune	278049	A	C	core_destroyed	368
2026-08-14T14:04:44Z	V141VS140	1499	yulerune	278049	B	T	core_destroyed	177
2026-08-14T14:04:47Z	V141VS140	1500	antler	278050	A	C	core_destroyed	168
2026-08-14T14:04:53Z	V141VS140	1501	antler	278050	B	T	tiebreak	1000
2026-08-14T14:04:56Z	V141VS140	1502	archipelago	278050	A	C	core_destroyed	102
2026-08-14T14:05:04Z	V141VS140	1503	archipelago	278050	B	C	core_destroyed	269
2026-08-14T14:05:06Z	V141VS140	1504	auroraveil	278050	A	T	core_destroyed	149
2026-08-14T14:05:08Z	V141VS140	1505	auroraveil	278050	B	C	core_destroyed	149
2026-08-14T14:05:12Z	V141VS140	1506	drakkarfjord	278050	A	C	core_destroyed	197
2026-08-14T14:05:15Z	V141VS140	1507	drakkarfjord	278050	B	C	core_destroyed	115
2026-08-14T14:05:18Z	V141VS140	1508	drumlin	278050	A	T	core_destroyed	186
2026-08-14T14:05:19Z	V141VS140	1509	drumlin	278050	B	C	core_destroyed	76
2026-08-14T14:05:20Z	V141VS140	1510	fjordgate	278050	A	C	core_destroyed	204
2026-08-14T14:05:23Z	V141VS140	1511	fjordgate	278050	B	C	core_destroyed	441
2026-08-14T14:05:25Z	V141VS140	1512	frostgate	278050	A	T	core_destroyed	301
2026-08-14T14:05:32Z	V141VS140	1513	frostgate	278050	B	T	core_destroyed	571
2026-08-14T14:05:39Z	V141VS140	1514	glacierkeep	278050	A	C	tiebreak	1000
2026-08-14T14:05:46Z	V141VS140	1515	glacierkeep	278050	B	T	tiebreak	1000
2026-08-14T14:05:50Z	V141VS140	1516	icefloe	278050	A	T	core_destroyed	189
2026-08-14T14:05:52Z	V141VS140	1517	icefloe	278050	B	C	core_destroyed	220
2026-08-14T14:05:56Z	V141VS140	1518	midgard	278050	A	C	core_destroyed	95
2026-08-14T14:06:00Z	V141VS140	1519	midgard	278050	B	T	core_destroyed	105
2026-08-14T14:06:04Z	V141VS140	1520	nordkap	278050	A	C	tiebreak	1000
2026-08-14T14:06:06Z	V141VS140	1521	nordkap	278050	B	C	core_destroyed	167
2026-08-14T14:06:10Z	V141VS140	1522	ragnarok	278050	A	T	core_destroyed	173
2026-08-14T14:06:16Z	V141VS140	1523	ragnarok	278050	B	T	core_destroyed	198
2026-08-14T14:06:20Z	V141VS140	1524	royale	278050	A	C	core_destroyed	633
2026-08-14T14:06:22Z	V141VS140	1525	royale	278050	B	C	core_destroyed	249
2026-08-14T14:06:26Z	V141VS140	1526	valkyrie	278050	A	C	core_destroyed	174
2026-08-14T14:06:29Z	V141VS140	1527	valkyrie	278050	B	C	core_destroyed	96
2026-08-14T14:06:32Z	V141VS140	1528	yulerune	278050	A	T	core_destroyed	168
2026-08-14T14:06:34Z	V141VS140	1529	yulerune	278050	B	C	core_destroyed	173
2026-08-14T14:06:36Z	V141VS140	1530	antler	278051	A	T	core_destroyed	150
2026-08-14T14:06:38Z	V141VS140	1531	antler	278051	B	C	core_destroyed	127
2026-08-14T14:06:41Z	V141VS140	1532	archipelago	278051	A	T	core_destroyed	154
2026-08-14T14:06:44Z	V141VS140	1533	archipelago	278051	B	C	core_destroyed	112
2026-08-14T14:06:46Z	V141VS140	1534	auroraveil	278051	A	C	core_destroyed	135
2026-08-14T14:06:50Z	V141VS140	1535	auroraveil	278051	B	T	core_destroyed	337
2026-08-14T14:06:59Z	V141VS140	1536	drakkarfjord	278051	A	C	core_destroyed	384
2026-08-14T14:07:04Z	V141VS140	1537	drakkarfjord	278051	B	C	core_destroyed	255
2026-08-14T14:07:08Z	V141VS140	1538	drumlin	278051	A	T	core_destroyed	333
2026-08-14T14:07:12Z	V141VS140	1539	drumlin	278051	B	C	core_destroyed	240
2026-08-14T14:07:13Z	V141VS140	1540	fjordgate	278051	A	T	core_destroyed	110
2026-08-14T14:07:15Z	V141VS140	1541	fjordgate	278051	B	T	core_destroyed	155
2026-08-14T14:07:17Z	V141VS140	1542	frostgate	278051	A	T	core_destroyed	393
2026-08-14T14:07:20Z	V141VS140	1543	frostgate	278051	B	C	core_destroyed	262
2026-08-14T14:07:23Z	V141VS140	1544	glacierkeep	278051	A	C	core_destroyed	361
2026-08-14T14:07:38Z	V141VS140	1545	glacierkeep	278051	B	T	tiebreak	1000
2026-08-14T14:07:40Z	V141VS140	1546	icefloe	278051	A	C	core_destroyed	139
2026-08-14T14:07:43Z	V141VS140	1547	icefloe	278051	B	C	core_destroyed	261
2026-08-14T14:07:46Z	V141VS140	1548	midgard	278051	A	C	core_destroyed	148
2026-08-14T14:07:49Z	V141VS140	1549	midgard	278051	B	C	core_destroyed	113
2026-08-14T14:07:52Z	V141VS140	1550	nordkap	278051	A	C	tiebreak	1000
2026-08-14T14:07:54Z	V141VS140	1551	nordkap	278051	B	T	core_destroyed	210
2026-08-14T14:07:57Z	V141VS140	1552	ragnarok	278051	A	T	core_destroyed	114
2026-08-14T14:08:01Z	V141VS140	1553	ragnarok	278051	B	C	core_destroyed	158
2026-08-14T14:08:04Z	V141VS140	1554	royale	278051	A	C	core_destroyed	254
2026-08-14T14:08:07Z	V141VS140	1555	royale	278051	B	T	core_destroyed	264
2026-08-14T14:08:13Z	V141VS140	1556	valkyrie	278051	A	C	core_destroyed	220
2026-08-14T14:08:16Z	V141VS140	1557	valkyrie	278051	B	T	core_destroyed	421
2026-08-14T14:08:24Z	V141VS140	1558	yulerune	278051	A	C	tiebreak	1000
2026-08-14T14:08:27Z	V141VS140	1559	yulerune	278051	B	T	core_destroyed	228
2026-08-14T14:08:30Z	V141VS140	1560	antler	278052	A	C	core_destroyed	199
2026-08-14T14:08:32Z	V141VS140	1561	antler	278052	B	C	core_destroyed	213
2026-08-14T14:08:34Z	V141VS140	1562	archipelago	278052	A	C	core_destroyed	73
2026-08-14T14:08:37Z	V141VS140	1563	archipelago	278052	B	T	core_destroyed	174
2026-08-14T14:08:39Z	V141VS140	1564	auroraveil	278052	A	C	core_destroyed	130
2026-08-14T14:08:42Z	V141VS140	1565	auroraveil	278052	B	T	core_destroyed	193
2026-08-14T14:08:47Z	V141VS140	1566	drakkarfjord	278052	A	C	core_destroyed	337
2026-08-14T14:08:50Z	V141VS140	1567	drakkarfjord	278052	B	T	core_destroyed	124
2026-08-14T14:08:54Z	V141VS140	1568	drumlin	278052	A	T	core_destroyed	221
2026-08-14T14:08:59Z	V141VS140	1569	drumlin	278052	B	T	core_destroyed	248
2026-08-14T14:09:01Z	V141VS140	1570	fjordgate	278052	A	T	core_destroyed	253
2026-08-14T14:09:03Z	V141VS140	1571	fjordgate	278052	B	T	core_destroyed	155
2026-08-14T14:09:05Z	V141VS140	1572	frostgate	278052	A	C	core_destroyed	147
2026-08-14T14:09:10Z	V141VS140	1573	frostgate	278052	B	T	core_destroyed	283
2026-08-14T14:09:18Z	V141VS140	1574	glacierkeep	278052	A	T	core_destroyed	897
2026-08-14T14:09:23Z	V141VS140	1575	glacierkeep	278052	B	T	core_destroyed	481
2026-08-14T14:09:24Z	V141VS140	1576	icefloe	278052	A	C	core_destroyed	63
2026-08-14T14:09:28Z	V141VS140	1577	icefloe	278052	B	C	core_destroyed	248
2026-08-14T14:09:31Z	V141VS140	1578	midgard	278052	A	T	core_destroyed	111
2026-08-14T14:09:34Z	V141VS140	1579	midgard	278052	B	C	core_destroyed	89
2026-08-14T14:09:37Z	V141VS140	1580	nordkap	278052	A	C	tiebreak	1000
2026-08-14T14:09:39Z	V141VS140	1581	nordkap	278052	B	C	core_destroyed	114
2026-08-14T14:10:37Z	V141VS140	1582	ragnarok	278052	A	T	tiebreak	1000
2026-08-14T14:10:41Z	V141VS140	1583	ragnarok	278052	B	C	core_destroyed	132
2026-08-14T14:10:43Z	V141VS140	1584	royale	278052	A	C	core_destroyed	141
2026-08-14T14:10:46Z	V141VS140	1585	royale	278052	B	T	core_destroyed	777
2026-08-14T14:10:50Z	V141VS140	1586	valkyrie	278052	A	C	core_destroyed	129
2026-08-14T14:10:53Z	V141VS140	1587	valkyrie	278052	B	T	core_destroyed	421
2026-08-14T14:11:01Z	V141VS140	1588	yulerune	278052	A	T	tiebreak	1000
2026-08-14T14:11:05Z	V141VS140	1589	yulerune	278052	B	C	core_destroyed	342
2026-08-14T14:11:07Z	V141VS140	1590	antler	278053	A	T	core_destroyed	299
2026-08-14T14:11:09Z	V141VS140	1591	antler	278053	B	C	core_destroyed	267
2026-08-14T14:11:12Z	V141VS140	1592	archipelago	278053	A	T	core_destroyed	95
2026-08-14T14:11:15Z	V141VS140	1593	archipelago	278053	B	T	core_destroyed	83
2026-08-14T14:11:17Z	V141VS140	1594	auroraveil	278053	A	C	core_destroyed	369
2026-08-14T14:11:19Z	V141VS140	1595	auroraveil	278053	B	C	core_destroyed	175
2026-08-14T14:11:34Z	V141VS140	1596	drakkarfjord	278053	A	T	tiebreak	1000
2026-08-14T14:11:39Z	V141VS140	1597	drakkarfjord	278053	B	T	core_destroyed	308
2026-08-14T14:11:49Z	V141VS140	1598	drumlin	278053	A	T	tiebreak	1000
2026-08-14T14:11:56Z	V141VS140	1599	drumlin	278053	B	C	core_destroyed	386
2026-08-14T14:11:57Z	V141VS140	1600	fjordgate	278053	A	C	core_destroyed	190
2026-08-14T14:11:59Z	V141VS140	1601	fjordgate	278053	B	C	core_destroyed	268
2026-08-14T14:12:01Z	V141VS140	1602	frostgate	278053	A	T	core_destroyed	517
2026-08-14T14:12:04Z	V141VS140	1603	frostgate	278053	B	C	core_destroyed	216
2026-08-14T14:12:07Z	V141VS140	1604	glacierkeep	278053	A	T	core_destroyed	233
2026-08-14T14:12:21Z	V141VS140	1605	glacierkeep	278053	B	T	tiebreak	1000
2026-08-14T14:12:24Z	V141VS140	1606	icefloe	278053	A	T	core_destroyed	281
2026-08-14T14:12:32Z	V141VS140	1607	icefloe	278053	B	T	core_destroyed	717
2026-08-14T14:12:36Z	V141VS140	1608	midgard	278053	A	C	core_destroyed	231
2026-08-14T14:12:40Z	V141VS140	1609	midgard	278053	B	C	core_destroyed	131
2026-08-14T14:12:43Z	V141VS140	1610	nordkap	278053	A	T	core_destroyed	541
2026-08-14T14:12:46Z	V141VS140	1611	nordkap	278053	B	C	core_destroyed	396
2026-08-14T14:12:51Z	V141VS140	1612	ragnarok	278053	A	C	core_destroyed	493
2026-08-14T14:12:56Z	V141VS140	1613	ragnarok	278053	B	T	core_destroyed	198
2026-08-14T14:13:00Z	V141VS140	1614	royale	278053	A	C	core_destroyed	401
2026-08-14T14:13:02Z	V141VS140	1615	royale	278053	B	C	core_destroyed	123
2026-08-14T14:13:07Z	V141VS140	1616	valkyrie	278053	A	C	core_destroyed	259
2026-08-14T14:13:11Z	V141VS140	1617	valkyrie	278053	B	C	core_destroyed	268
2026-08-14T14:13:15Z	V141VS140	1618	yulerune	278053	A	C	core_destroyed	392
2026-08-14T14:13:19Z	V141VS140	1619	yulerune	278053	B	T	core_destroyed	523
2026-08-14T14:13:22Z	V141VS140	1620	antler	278054	A	C	core_destroyed	437
2026-08-14T14:13:25Z	V141VS140	1621	antler	278054	B	C	core_destroyed	145
2026-08-14T14:13:32Z	V141VS140	1622	archipelago	278054	A	T	core_destroyed	365
2026-08-14T14:13:35Z	V141VS140	1623	archipelago	278054	B	T	core_destroyed	152
2026-08-14T14:13:36Z	V141VS140	1624	auroraveil	278054	A	T	core_destroyed	152
2026-08-14T14:13:39Z	V141VS140	1625	auroraveil	278054	B	C	tiebreak	158
2026-08-14T14:13:43Z	V141VS140	1626	drakkarfjord	278054	A	T	core_destroyed	453
2026-08-14T14:13:51Z	V141VS140	1627	drakkarfjord	278054	B	C	tiebreak	1000
2026-08-14T14:13:55Z	V141VS140	1628	drumlin	278054	A	C	core_destroyed	223
2026-08-14T14:13:57Z	V141VS140	1629	drumlin	278054	B	C	core_destroyed	129
2026-08-14T14:13:59Z	V141VS140	1630	fjordgate	278054	A	T	core_destroyed	235
2026-08-14T14:14:01Z	V141VS140	1631	fjordgate	278054	B	C	core_destroyed	161
2026-08-14T14:14:03Z	V141VS140	1632	frostgate	278054	A	T	core_destroyed	206
2026-08-14T14:14:05Z	V141VS140	1633	frostgate	278054	B	T	core_destroyed	128
2026-08-14T14:14:07Z	V141VS140	1634	glacierkeep	278054	A	T	core_destroyed	373
2026-08-14T14:14:10Z	V141VS140	1635	glacierkeep	278054	B	T	core_destroyed	257
2026-08-14T14:14:13Z	V141VS140	1636	icefloe	278054	A	T	core_destroyed	171
2026-08-14T14:14:15Z	V141VS140	1637	icefloe	278054	B	C	core_destroyed	207
2026-08-14T14:14:19Z	V141VS140	1638	midgard	278054	A	T	core_destroyed	149
2026-08-14T14:14:22Z	V141VS140	1639	midgard	278054	B	C	core_destroyed	86
2026-08-14T14:14:23Z	V141VS140	1640	nordkap	278054	A	C	core_destroyed	137
2026-08-14T14:14:25Z	V141VS140	1641	nordkap	278054	B	C	core_destroyed	289
2026-08-14T14:14:30Z	V141VS140	1642	ragnarok	278054	A	C	core_destroyed	225
2026-08-14T14:14:38Z	V141VS140	1643	ragnarok	278054	B	T	core_destroyed	583
2026-08-14T14:14:46Z	V141VS140	1644	royale	278054	A	C	tiebreak	1000
2026-08-14T14:14:49Z	V141VS140	1645	royale	278054	B	T	core_destroyed	361
2026-08-14T14:14:53Z	V141VS140	1646	valkyrie	278054	A	T	core_destroyed	353
2026-08-14T14:14:59Z	V141VS140	1647	valkyrie	278054	B	C	core_destroyed	332
2026-08-14T14:15:04Z	V141VS140	1648	yulerune	278054	A	C	tiebreak	1000
2026-08-14T14:15:06Z	V141VS140	1649	yulerune	278054	B	T	core_destroyed	197
2026-08-14T14:15:09Z	V141VS140	1650	antler	278055	A	T	tiebreak	1000
2026-08-14T14:15:11Z	V141VS140	1651	antler	278055	B	C	core_destroyed	163
2026-08-14T14:15:14Z	V141VS140	1652	archipelago	278055	A	C	core_destroyed	118
2026-08-14T14:15:16Z	V141VS140	1653	archipelago	278055	B	T	core_destroyed	86
2026-08-14T14:15:17Z	V141VS140	1654	auroraveil	278055	A	T	core_destroyed	149
2026-08-14T14:15:23Z	V141VS140	1655	auroraveil	278055	B	T	core_destroyed	501
2026-08-14T14:15:45Z	V141VS140	1656	drakkarfjord	278055	A	C	tiebreak	1000
2026-08-14T14:15:51Z	V141VS140	1657	drakkarfjord	278055	B	T	core_destroyed	303
2026-08-14T14:15:54Z	V141VS140	1658	drumlin	278055	A	C	core_destroyed	220
2026-08-14T14:15:56Z	V141VS140	1659	drumlin	278055	B	C	core_destroyed	123
2026-08-14T14:15:57Z	V141VS140	1660	fjordgate	278055	A	T	core_destroyed	216
2026-08-14T14:16:00Z	V141VS140	1661	fjordgate	278055	B	T	core_destroyed	615
2026-08-14T14:16:01Z	V141VS140	1662	frostgate	278055	A	C	core_destroyed	147
2026-08-14T14:16:04Z	V141VS140	1663	frostgate	278055	B	T	core_destroyed	194
2026-08-14T14:16:06Z	V141VS140	1664	glacierkeep	278055	A	C	core_destroyed	129
2026-08-14T14:16:13Z	V141VS140	1665	glacierkeep	278055	B	T	core_destroyed	485
2026-08-14T14:16:17Z	V141VS140	1666	icefloe	278055	A	C	core_destroyed	246
2026-08-14T14:16:24Z	V141VS140	1667	icefloe	278055	B	T	core_destroyed	717
2026-08-14T14:16:27Z	V141VS140	1668	midgard	278055	A	T	core_destroyed	80
2026-08-14T14:16:30Z	V141VS140	1669	midgard	278055	B	C	core_destroyed	106
2026-08-14T14:16:32Z	V141VS140	1670	nordkap	278055	A	C	core_destroyed	291
2026-08-14T14:16:35Z	V141VS140	1671	nordkap	278055	B	C	core_destroyed	198
2026-08-14T14:16:38Z	V141VS140	1672	ragnarok	278055	A	T	core_destroyed	142
2026-08-14T14:16:41Z	V141VS140	1673	ragnarok	278055	B	C	core_destroyed	132
2026-08-14T14:16:44Z	V141VS140	1674	royale	278055	A	C	core_destroyed	233
2026-08-14T14:16:46Z	V141VS140	1675	royale	278055	B	C	core_destroyed	157
2026-08-14T14:16:56Z	V141VS140	1676	valkyrie	278055	A	C	core_destroyed	480
2026-08-14T14:16:58Z	V141VS140	1677	valkyrie	278055	B	C	core_destroyed	120
2026-08-14T14:17:05Z	V141VS140	1678	yulerune	278055	A	C	tiebreak	1000
2026-08-14T14:17:08Z	V141VS140	1679	yulerune	278055	B	C	core_destroyed	289
2026-08-14T14:17:11Z	V141VS140	1680	antler	278056	A	C	core_destroyed	225
2026-08-14T14:17:14Z	V141VS140	1681	antler	278056	B	C	core_destroyed	396
2026-08-14T14:17:16Z	V141VS140	1682	archipelago	278056	A	C	core_destroyed	81
2026-08-14T14:17:18Z	V141VS140	1683	archipelago	278056	B	T	core_destroyed	90
2026-08-14T14:17:20Z	V141VS140	1684	auroraveil	278056	A	C	core_destroyed	128
2026-08-14T14:17:22Z	V141VS140	1685	auroraveil	278056	B	T	core_destroyed	261
2026-08-14T14:17:33Z	V141VS140	1686	drakkarfjord	278056	A	C	core_destroyed	449
2026-08-14T14:17:49Z	V141VS140	1687	drakkarfjord	278056	B	T	tiebreak	1000
2026-08-14T14:17:52Z	V141VS140	1688	drumlin	278056	A	T	core_destroyed	227
2026-08-14T14:17:55Z	V141VS140	1689	drumlin	278056	B	T	core_destroyed	201
2026-08-14T14:17:56Z	V141VS140	1690	fjordgate	278056	A	C	core_destroyed	204
2026-08-14T14:17:59Z	V141VS140	1691	fjordgate	278056	B	T	tiebreak	1000
2026-08-14T14:18:01Z	V141VS140	1692	frostgate	278056	A	C	core_destroyed	406
2026-08-14T14:18:03Z	V141VS140	1693	frostgate	278056	B	T	core_destroyed	151
2026-08-14T14:18:12Z	V141VS140	1694	glacierkeep	278056	A	C	tiebreak	1000
2026-08-14T14:18:23Z	V141VS140	1695	glacierkeep	278056	B	T	core_destroyed	713
2026-08-14T14:18:27Z	V141VS140	1696	icefloe	278056	A	T	core_destroyed	247
2026-08-14T14:18:29Z	V141VS140	1697	icefloe	278056	B	C	core_destroyed	180
2026-08-14T14:18:33Z	V141VS140	1698	midgard	278056	A	T	core_destroyed	141
2026-08-14T14:18:36Z	V141VS140	1699	midgard	278056	B	C	core_destroyed	89
2026-08-14T14:18:39Z	V141VS140	1700	nordkap	278056	A	T	core_destroyed	212
2026-08-14T14:18:41Z	V141VS140	1701	nordkap	278056	B	T	core_destroyed	296
2026-08-14T14:18:43Z	V141VS140	1702	ragnarok	278056	A	T	core_destroyed	159
2026-08-14T14:18:46Z	V141VS140	1703	ragnarok	278056	B	C	core_destroyed	132
2026-08-14T14:18:48Z	V141VS140	1704	royale	278056	A	T	core_destroyed	222
2026-08-14T14:18:55Z	V141VS140	1705	royale	278056	B	C	tiebreak	1000
2026-08-14T14:18:57Z	V141VS140	1706	valkyrie	278056	A	C	core_destroyed	108
2026-08-14T14:19:03Z	V141VS140	1707	valkyrie	278056	B	C	core_destroyed	332
2026-08-14T14:19:07Z	V141VS140	1708	yulerune	278056	A	C	core_destroyed	260
2026-08-14T14:19:10Z	V141VS140	1709	yulerune	278056	B	C	core_destroyed	289
2026-08-14T14:19:12Z	V141VS140	1710	antler	278057	A	C	core_destroyed	205
2026-08-14T14:19:14Z	V141VS140	1711	antler	278057	B	C	core_destroyed	396
2026-08-14T14:19:19Z	V141VS140	1712	archipelago	278057	A	T	core_destroyed	246
2026-08-14T14:19:23Z	V141VS140	1713	archipelago	278057	B	T	core_destroyed	152
2026-08-14T14:19:24Z	V141VS140	1714	auroraveil	278057	A	C	core_destroyed	369
2026-08-14T14:19:29Z	V141VS140	1715	auroraveil	278057	B	C	core_destroyed	673
2026-08-14T14:19:33Z	V141VS140	1716	drakkarfjord	278057	A	C	core_destroyed	234
2026-08-14T14:19:40Z	V141VS140	1717	drakkarfjord	278057	B	C	core_destroyed	702
2026-08-14T14:19:43Z	V141VS140	1718	drumlin	278057	A	T	core_destroyed	182
2026-08-14T14:19:45Z	V141VS140	1719	drumlin	278057	B	T	core_destroyed	213
2026-08-14T14:19:47Z	V141VS140	1720	fjordgate	278057	A	C	core_destroyed	274
2026-08-14T14:19:49Z	V141VS140	1721	fjordgate	278057	B	T	core_destroyed	249
2026-08-14T14:19:51Z	V141VS140	1722	frostgate	278057	A	T	tiebreak	1000
2026-08-14T14:19:54Z	V141VS140	1723	frostgate	278057	B	T	core_destroyed	162
2026-08-14T14:19:56Z	V141VS140	1724	glacierkeep	278057	A	C	core_destroyed	129
2026-08-14T14:20:03Z	V141VS140	1725	glacierkeep	278057	B	T	tiebreak	1000
2026-08-14T14:20:06Z	V141VS140	1726	icefloe	278057	A	T	core_destroyed	222
2026-08-14T14:20:09Z	V141VS140	1727	icefloe	278057	B	C	core_destroyed	262
2026-08-14T14:20:14Z	V141VS140	1728	midgard	278057	A	C	core_destroyed	182
2026-08-14T14:20:16Z	V141VS140	1729	midgard	278057	B	C	core_destroyed	105
2026-08-14T14:20:18Z	V141VS140	1730	nordkap	278057	A	C	core_destroyed	82
2026-08-14T14:20:19Z	V141VS140	1731	nordkap	278057	B	C	core_destroyed	187
2026-08-14T14:20:22Z	V141VS140	1732	ragnarok	278057	A	C	core_destroyed	406
2026-08-14T14:20:27Z	V141VS140	1733	ragnarok	278057	B	C	core_destroyed	253
2026-08-14T14:20:29Z	V141VS140	1734	royale	278057	A	C	core_destroyed	145
2026-08-14T14:20:30Z	V141VS140	1735	royale	278057	B	C	core_destroyed	301
2026-08-14T14:20:34Z	V141VS140	1736	valkyrie	278057	A	T	core_destroyed	176
2026-08-14T14:20:36Z	V141VS140	1737	valkyrie	278057	B	T	core_destroyed	120
2026-08-14T14:20:38Z	V141VS140	1738	yulerune	278057	A	T	core_destroyed	255
2026-08-14T14:20:41Z	V141VS140	1739	yulerune	278057	B	C	core_destroyed	441
2026-08-14T14:20:45Z	V141VS140	1740	antler	278058	A	C	core_destroyed	384
2026-08-14T14:20:47Z	V141VS140	1741	antler	278058	B	T	core_destroyed	265
2026-08-14T14:20:51Z	V141VS140	1742	archipelago	278058	A	C	core_destroyed	153
2026-08-14T14:20:53Z	V141VS140	1743	archipelago	278058	B	T	core_destroyed	86
2026-08-14T14:20:55Z	V141VS140	1744	auroraveil	278058	A	T	core_destroyed	152
2026-08-14T14:20:57Z	V141VS140	1745	auroraveil	278058	B	T	core_destroyed	193
2026-08-14T14:21:21Z	V141VS140	1746	drakkarfjord	278058	A	C	tiebreak	1000
2026-08-14T14:21:23Z	V141VS140	1747	drakkarfjord	278058	B	C	core_destroyed	96
2026-08-14T14:21:27Z	V141VS140	1748	drumlin	278058	A	C	core_destroyed	265
2026-08-14T14:21:31Z	V141VS140	1749	drumlin	278058	B	T	core_destroyed	262
2026-08-14T14:21:33Z	V141VS140	1750	fjordgate	278058	A	C	core_destroyed	274
2026-08-14T14:21:34Z	V141VS140	1751	fjordgate	278058	B	C	core_destroyed	377
2026-08-14T14:21:36Z	V141VS140	1752	frostgate	278058	A	C	core_destroyed	102
2026-08-14T14:21:38Z	V141VS140	1753	frostgate	278058	B	T	core_destroyed	151
2026-08-14T14:21:51Z	V141VS140	1754	glacierkeep	278058	A	T	core_destroyed	833
2026-08-14T14:22:02Z	V141VS140	1755	glacierkeep	278058	B	C	core_destroyed	963
2026-08-14T14:22:06Z	V141VS140	1756	icefloe	278058	A	T	core_destroyed	340
2026-08-14T14:22:15Z	V141VS140	1757	icefloe	278058	B	C	core_destroyed	968
2026-08-14T14:22:18Z	V141VS140	1758	midgard	278058	A	C	core_destroyed	94
2026-08-14T14:22:20Z	V141VS140	1759	midgard	278058	B	C	core_destroyed	82
2026-08-14T14:22:23Z	V141VS140	1760	nordkap	278058	A	T	core_destroyed	541
2026-08-14T14:22:24Z	V141VS140	1761	nordkap	278058	B	C	core_destroyed	111
2026-08-14T14:22:29Z	V141VS140	1762	ragnarok	278058	A	C	core_destroyed	493
2026-08-14T14:22:33Z	V141VS140	1763	ragnarok	278058	B	C	core_destroyed	193
2026-08-14T14:22:36Z	V141VS140	1764	royale	278058	A	T	core_destroyed	373
2026-08-14T14:22:42Z	V141VS140	1765	royale	278058	B	T	tiebreak	1000
2026-08-14T14:22:45Z	V141VS140	1766	valkyrie	278058	A	T	core_destroyed	247
2026-08-14T14:22:49Z	V141VS140	1767	valkyrie	278058	B	C	core_destroyed	246
2026-08-14T14:22:52Z	V141VS140	1768	yulerune	278058	A	T	core_destroyed	331
2026-08-14T14:22:56Z	V141VS140	1769	yulerune	278058	B	C	core_destroyed	265
2026-08-14T14:22:59Z	V141VS140	1770	antler	278059	A	C	core_destroyed	501
2026-08-14T14:23:01Z	V141VS140	1771	antler	278059	B	C	core_destroyed	217
2026-08-14T14:23:03Z	V141VS140	1772	archipelago	278059	A	C	core_destroyed	92
2026-08-14T14:23:06Z	V141VS140	1773	archipelago	278059	B	T	core_destroyed	126
2026-08-14T14:23:09Z	V141VS140	1774	auroraveil	278059	A	C	core_destroyed	235
2026-08-14T14:23:11Z	V141VS140	1775	auroraveil	278059	B	T	core_destroyed	256
2026-08-14T14:23:22Z	V141VS140	1776	drakkarfjord	278059	A	T	tiebreak	1000
2026-08-14T14:23:29Z	V141VS140	1777	drakkarfjord	278059	B	C	core_destroyed	304
2026-08-14T14:23:33Z	V141VS140	1778	drumlin	278059	A	C	core_destroyed	265
2026-08-14T14:23:34Z	V141VS140	1779	drumlin	278059	B	T	core_destroyed	393
2026-08-14T14:23:36Z	V141VS140	1780	fjordgate	278059	A	T	core_destroyed	216
2026-08-14T14:23:38Z	V141VS140	1781	fjordgate	278059	B	C	core_destroyed	394
2026-08-14T14:23:46Z	V141VS140	1782	frostgate	278059	A	C	core_destroyed	881
2026-08-14T14:23:48Z	V141VS140	1783	frostgate	278059	B	C	core_destroyed	161
2026-08-14T14:23:50Z	V141VS140	1784	glacierkeep	278059	A	T	core_destroyed	220
2026-08-14T14:23:58Z	V141VS140	1785	glacierkeep	278059	B	T	tiebreak	1000
2026-08-14T14:24:00Z	V141VS140	1786	icefloe	278059	A	T	core_destroyed	116
2026-08-14T14:24:03Z	V141VS140	1787	icefloe	278059	B	C	core_destroyed	206
2026-08-14T14:24:05Z	V141VS140	1788	midgard	278059	A	T	core_destroyed	95
2026-08-14T14:24:08Z	V141VS140	1789	midgard	278059	B	C	core_destroyed	86
2026-08-14T14:24:12Z	V141VS140	1790	nordkap	278059	A	C	core_destroyed	233
2026-08-14T14:24:14Z	V141VS140	1791	nordkap	278059	B	T	core_destroyed	231
2026-08-14T14:24:18Z	V141VS140	1792	ragnarok	278059	A	C	core_destroyed	225
2026-08-14T14:24:21Z	V141VS140	1793	ragnarok	278059	B	C	core_destroyed	197
2026-08-14T14:24:23Z	V141VS140	1794	royale	278059	A	C	core_destroyed	209
2026-08-14T14:24:24Z	V141VS140	1795	royale	278059	B	C	core_destroyed	194
2026-08-14T14:24:27Z	V141VS140	1796	valkyrie	278059	A	C	core_destroyed	329
2026-08-14T14:24:30Z	V141VS140	1797	valkyrie	278059	B	C	core_destroyed	144
2026-08-14T14:24:32Z	V141VS140	1798	yulerune	278059	A	T	core_destroyed	184
2026-08-14T14:24:34Z	V141VS140	1799	yulerune	278059	B	T	core_destroyed	399
2026-08-14T14:24:37Z	V141VS140	1800	antler	278060	A	C	core_destroyed	501
2026-08-14T14:24:40Z	V141VS140	1801	antler	278060	B	C	core_destroyed	361
2026-08-14T14:24:42Z	V141VS140	1802	archipelago	278060	A	C	core_destroyed	86
2026-08-14T14:24:44Z	V141VS140	1803	archipelago	278060	B	C	core_destroyed	159
2026-08-14T14:24:46Z	V141VS140	1804	auroraveil	278060	A	C	core_destroyed	162
2026-08-14T14:24:48Z	V141VS140	1805	auroraveil	278060	B	T	core_destroyed	176
2026-08-14T14:24:58Z	V141VS140	1806	drakkarfjord	278060	A	T	core_destroyed	780
2026-08-14T14:25:04Z	V141VS140	1807	drakkarfjord	278060	B	C	core_destroyed	569
2026-08-14T14:25:07Z	V141VS140	1808	drumlin	278060	A	T	core_destroyed	166
2026-08-14T14:25:12Z	V141VS140	1809	drumlin	278060	B	T	core_destroyed	350
2026-08-14T14:25:13Z	V141VS140	1810	fjordgate	278060	A	T	core_destroyed	132
2026-08-14T14:25:15Z	V141VS140	1811	fjordgate	278060	B	C	core_destroyed	161
2026-08-14T14:25:16Z	V141VS140	1812	frostgate	278060	A	C	core_destroyed	113
2026-08-14T14:25:18Z	V141VS140	1813	frostgate	278060	B	T	core_destroyed	128
2026-08-14T14:25:20Z	V141VS140	1814	glacierkeep	278060	A	C	core_destroyed	129
2026-08-14T14:25:27Z	V141VS140	1815	glacierkeep	278060	B	T	tiebreak	1000
2026-08-14T14:25:29Z	V141VS140	1816	icefloe	278060	A	C	core_destroyed	157
2026-08-14T14:25:32Z	V141VS140	1817	icefloe	278060	B	C	core_destroyed	248
2026-08-14T14:25:37Z	V141VS140	1818	midgard	278060	A	C	core_destroyed	186
2026-08-14T14:25:40Z	V141VS140	1819	midgard	278060	B	C	core_destroyed	89
2026-08-14T14:25:44Z	V141VS140	1820	nordkap	278060	A	C	core_destroyed	314
2026-08-14T14:25:46Z	V141VS140	1821	nordkap	278060	B	C	core_destroyed	332
2026-08-14T14:25:49Z	V141VS140	1822	ragnarok	278060	A	T	core_destroyed	173
2026-08-14T14:25:54Z	V141VS140	1823	ragnarok	278060	B	T	core_destroyed	378
2026-08-14T14:25:57Z	V141VS140	1824	royale	278060	A	C	core_destroyed	355
2026-08-14T14:25:58Z	V141VS140	1825	royale	278060	B	C	core_destroyed	88
2026-08-14T14:26:01Z	V141VS140	1826	valkyrie	278060	A	C	core_destroyed	108
2026-08-14T14:26:03Z	V141VS140	1827	valkyrie	278060	B	T	core_destroyed	101
2026-08-14T14:26:06Z	V141VS140	1828	yulerune	278060	A	T	core_destroyed	293
2026-08-14T14:26:09Z	V141VS140	1829	yulerune	278060	B	C	core_destroyed	258
2026-08-14T14:26:12Z	V141VS140	1830	antler	278061	A	T	core_destroyed	333
2026-08-14T14:26:14Z	V141VS140	1831	antler	278061	B	C	core_destroyed	270
2026-08-14T14:26:17Z	V141VS140	1832	archipelago	278061	A	T	core_destroyed	119
2026-08-14T14:26:20Z	V141VS140	1833	archipelago	278061	B	T	core_destroyed	174
2026-08-14T14:26:22Z	V141VS140	1834	auroraveil	278061	A	C	core_destroyed	130
2026-08-14T14:26:24Z	V141VS140	1835	auroraveil	278061	B	C	core_destroyed	108
2026-08-14T14:26:30Z	V141VS140	1836	drakkarfjord	278061	A	C	core_destroyed	682
