Update available: 2.3.6 -> 2.3.8. Run: pip install --upgrade fcode
RC MAP w 30 h 30 ours 14,26 theirs 14,2
RC ECO 0 harvstore 0 harvseen -1 ti 500 units 1 scale 100.0
RC ECO 1 harvstore 0 harvseen -1 ti 470 units 2 scale 120.0
RC SEAT 1 id 4 seat 0
RC POS 1 id 4 seat 0 role raid fs 1 body 1 pos 14,25 stuck 0
RC TEMPO 1 id 4 body 1 born 1 lp 0 must 0 why norid ride None ti 434 lcost 28 acd 0 mcd 0 pos 14,25 dsq 484
RC ECO 2 harvstore 0 harvseen -1 ti 434 units 3 scale 140.0
RC POS 2 id 4 seat 0 role raid fs 1 body 1 pos 14,25 stuck 1
RC TEMPO 2 id 4 body 1 born 1 lp 0 must 0 why norid ride None ti 392 lcost 32 acd 0 mcd 0 pos 14,25 dsq 484
RC SEAT 2 id 6 seat 1
RC POS 2 id 6 seat 1 role expand fs 0 body 1 pos 13,25 stuck 0
RC ECO 3 harvstore 0 harvseen -1 ti 392 units 4 scale 160.0
RC POS 3 id 4 seat 0 role raid fs 1 body 1 pos 14,25 stuck 2
RC TEMPO 3 id 4 body 1 born 1 lp 0 must 0 why norid ride None ti 344 lcost 36 acd 0 mcd 0 pos 14,25 dsq 484
RC POS 3 id 6 seat 1 role expand fs 0 body 1 pos 13,24 stuck 0
RC SEAT 3 id 8 seat 2
RC POS 3 id 8 seat 2 role expand fs 0 body 1 pos 13,26 stuck 0
RC ECO 4 harvstore 0 harvseen -1 ti 354 units 5 scale 180.0
RC POS 4 id 4 seat 0 role raid fs 1 body 1 pos 14,25 stuck 3
RC TEMPO 4 id 4 body 1 born 1 lp 0 must 0 why norid ride None ti 354 lcost 36 acd 0 mcd 0 pos 14,25 dsq 484
RC POS 4 id 6 seat 1 role expand fs 0 body 1 pos 13,23 stuck 0
RC POS 4 id 8 seat 2 role expand fs 0 body 1 pos 12,26 stuck 0
RC SEAT 4 id 10 seat 3
APPT520 CLAIM 4 id 10
RC POS 4 id 10 seat 3 role raid fs 1 body 2 pos 13,25 stuck 0
RC TEMPO 4 id 10 body 2 born 4 lp 0 must 0 why norid ride None ti 354 lcost 36 acd 0 mcd 0 pos 13,25 dsq 485
RC ECO 5 harvstore 0 harvseen -1 ti 354 units 5 scale 180.0
RC POS 5 id 4 seat 0 role raid fs 1 body 1 pos 14,25 stuck 4
RC TEMPO 5 id 4 body 1 born 1 lp 0 must 1 why near2 ride None ti 354 lcost 36 acd 0 mcd 0 pos 14,25 dsq 484
RC HOP 5 lid 12 body 1 at 14,24 dsq 441
RC POS 5 id 6 seat 1 role expand fs 0 body 1 pos 13,22 stuck 0
RC POS 5 id 8 seat 2 role expand fs 0 body 1 pos 12,25 stuck 0
RC POS 5 id 10 seat 3 role raid fs 1 body 2 pos 13,24 stuck 0
RC TEMPO 5 id 10 body 2 born 4 lp 1 must 1 why near0 ride None ti 318 lcost 38 acd 0 mcd 0 pos 13,24 dsq 442
RC ECO 6 harvstore 0 harvseen -1 ti 318 units 6 scale 190.0
RC POS 6 id 4 seat 0 role raid fs 1 body 1 pos 14,25 stuck 5
RC TEMPO 6 id 4 body 1 born 1 lp 1 must 0 why near5 ride None ti 318 lcost 38 acd 0 mcd 0 pos 14,25 dsq 484
RC POS 6 id 6 seat 1 role expand fs 0 body 1 pos 13,21 stuck 0
RC POS 6 id 8 seat 2 role expand fs 0 body 1 pos 12,24 stuck 0
RC POS 6 id 10 seat 3 role raid fs 1 body 2 pos 13,23 stuck 0
RC TEMPO 6 id 10 body 2 born 4 lp 1 must 1 why near0 ride 5 ti 318 lcost 38 acd 0 mcd 0 pos 13,23 dsq 401
RC THROW 6 lid 12 body 4 n 1
RC ECO 7 harvstore 0 harvseen -1 ti 318 units 6 scale 190.0
RC POS 7 id 4 seat 0 role raid fs 1 body 1 pos 15,19 stuck 0
RC TEMPO 7 id 4 body 1 born 1 lp 0 must 0 why near17 ride 6 ti 318 lcost 38 acd 0 mcd 0 pos 15,19 dsq 256
RC HOP 7 lid 13 body 1 at 15,18 dsq 225
RC POS 7 id 6 seat 1 role expand fs 0 body 1 pos 13,20 stuck 0
RC POS 7 id 8 seat 2 role expand fs 0 body 1 pos 12,23 stuck 0
RC POS 7 id 10 seat 3 role raid fs 1 body 2 pos 14,23 stuck 0
RC TEMPO 7 id 10 body 2 born 4 lp 1 must 1 why near0 ride 6 ti 280 lcost 40 acd 0 mcd 0 pos 14,23 dsq 400
RC THROW 7 lid 12 body 10 n 2
RC ECO 8 harvstore 0 harvseen -1 ti 290 units 6 scale 190.0
RC POS 8 id 4 seat 0 role raid fs 1 body 1 pos 15,19 stuck 1
RC TEMPO 8 id 4 body 1 born 1 lp 1 must 1 why near1 ride 6 ti 290 lcost 38 acd 0 mcd 0 pos 15,19 dsq 256
RC POS 8 id 6 seat 1 role expand fs 0 body 1 pos 13,19 stuck 0
RC POS 8 id 8 seat 2 role expand fs 0 body 1 pos 12,22 stuck 0
RC POS 8 id 10 seat 3 role raid fs 1 body 2 pos 14,19 stuck 0
RC TEMPO 8 id 10 body 2 born 4 lp 1 must 1 why near0 ride 7 ti 290 lcost 38 acd 0 mcd 0 pos 14,19 dsq 256
RC THROW 8 lid 13 body 4 n 1
RC ECO 9 harvstore 0 harvseen -1 ti 290 units 6 scale 190.0
RC POS 9 id 4 seat 0 role raid fs 1 body 1 pos 16,13 stuck 0
RC TEMPO 9 id 4 body 1 born 1 lp 0 must 1 why waitexp ride 8 ti 290 lcost 38 acd 0 mcd 0 pos 16,13 dsq 101
RC HOP 9 lid 14 body 1 at 16,12 dsq 82
RC POS 9 id 6 seat 1 role expand fs 0 body 1 pos 12,19 stuck 0
RC POS 9 id 8 seat 2 role expand fs 0 body 1 pos 12,21 stuck 0
RC POS 9 id 10 seat 3 role raid fs 1 body 2 pos 14,18 stuck 0
RC TEMPO 9 id 10 body 2 born 4 lp 1 must 1 why near0 ride 8 ti 252 lcost 40 acd 0 mcd 0 pos 14,18 dsq 225
RC THROW 9 lid 13 body 10 n 2
RC ECO 10 harvstore 0 harvseen -1 ti 252 units 6 scale 190.0
RC POS 10 id 4 seat 0 role raid fs 1 body 1 pos 16,13 stuck 1
RC TEMPO 10 id 4 body 1 born 1 lp 1 must 1 why waitexp ride 8 ti 252 lcost 38 acd 0 mcd 0 pos 16,13 dsq 101
RC POS 10 id 6 seat 1 role expand fs 0 body 1 pos 11,19 stuck 0
RC POS 10 id 8 seat 2 role expand fs 0 body 1 pos 12,20 stuck 0
RC POS 10 id 10 seat 3 role raid fs 1 body 2 pos 14,13 stuck 0
RC TEMPO 10 id 10 body 2 born 4 lp 0 must 1 why near0 ride 9 ti 252 lcost 38 acd 0 mcd 0 pos 14,13 dsq 100
RC THROW 10 lid 14 body 4 n 1
RC ECO 11 harvstore 0 harvseen -1 ti 252 units 6 scale 190.0
RC POS 11 id 4 seat 0 role raid fs 1 body 1 pos 16,7 stuck 0
RC TEMPO 11 id 4 body 1 born 1 lp 0 must 1 why waitexp ride 10 ti 252 lcost 38 acd 0 mcd 0 pos 16,7 dsq 17
RC HOP 11 lid 15 body 1 at 16,6 dsq 10
RC POS 11 id 6 seat 1 role expand fs 0 body 1 pos 12,19 stuck 0
RC POS 11 id 8 seat 2 role expand fs 0 body 1 pos 13,20 stuck 0
RC POS 11 id 10 seat 3 role raid fs 1 body 2 pos 15,13 stuck 0
RC TEMPO 11 id 10 body 2 born 4 lp 1 must 1 why near0 ride 9 ti 214 lcost 40 acd 0 mcd 0 pos 15,13 dsq 100
RC THROW 11 lid 14 body 10 n 2
RC ECO 12 harvstore 0 harvseen -1 ti 224 units 6 scale 190.0
RC POS 12 id 4 seat 0 role raid fs 1 body 1 pos 16,7 stuck 1
RC TEMPO 12 id 4 body 1 born 1 lp 1 must 1 why waitexp ride 10 ti 224 lcost 38 acd 0 mcd 0 pos 16,7 dsq 17
RC POS 12 id 6 seat 1 role expand fs 0 body 1 pos 13,19 stuck 0
RC POS 12 id 8 seat 2 role expand fs 0 body 1 pos 14,20 stuck 0
RC POS 12 id 10 seat 3 role raid fs 1 body 2 pos 15,7 stuck 0
RC TEMPO 12 id 10 body 2 born 4 lp 1 must 1 why waitexp ride 11 ti 224 lcost 38 acd 0 mcd 0 pos 15,7 dsq 16
RC SPLIT 12 lid 15 body 4 arc 2 n 1
SPLIT520 12 lch (16, 6) body 4 arc 2 to (15, 1) dsq 1 walk 1 n 1
RC ECO 13 harvstore 0 harvseen -1 ti 224 units 6 scale 190.0
RC POS 13 id 4 seat 0 role raid fs 1 body 1 pos 15,1 stuck 0
RC ARRIVE 13 id 4 body 1 dsq 1
ARC520 CLAIM 13 id 4 body 1 arc 2 at (15, 1)
RC POS 13 id 6 seat 1 role expand fs 0 body 1 pos 14,19 stuck 0
RC POS 13 id 8 seat 2 role expand fs 0 body 1 pos 15,20 stuck 0
RC POS 13 id 10 seat 3 role raid fs 1 body 2 pos 15,6 stuck 0
RC TEMPO 13 id 10 body 2 born 4 lp 1 must 1 why waitexp ride 12 ti 219 lcost 38 acd 0 mcd 0 pos 15,6 dsq 9
RC SPLIT 13 lid 15 body 10 arc 1 n 2
SPLIT520 13 lch (16, 6) body 10 arc 1 to (13, 3) dsq 1 walk 0 n 2
RC ECO 14 harvstore 0 harvseen -1 ti 219 units 5 scale 181.0
RC POS 14 id 4 seat 0 role raid fs 1 body 1 pos 15,1 stuck 1
RC POS 14 id 6 seat 1 role expand fs 0 body 1 pos 14,18 stuck 0
RC POS 14 id 8 seat 2 role expand fs 0 body 1 pos 15,19 stuck 0
RC POS 14 id 10 seat 3 role raid fs 1 body 2 pos 13,3 stuck 0
RC ARRIVE 14 id 10 body 2 dsq 1
ARC520 CLAIM 14 id 10 body 2 arc 1 at (13, 3)
RC ECO 15 harvstore 0 harvseen -1 ti 159 units 6 scale 202.0
RC POS 15 id 4 seat 0 role raid fs 1 body 1 pos 16,1 stuck 0
RC POS 15 id 6 seat 1 role expand fs 0 body 1 pos 14,17 stuck 0
RC POS 15 id 8 seat 2 role expand fs 0 body 1 pos 15,18 stuck 0
RC POS 15 id 10 seat 3 role raid fs 1 body 2 pos 13,3 stuck 1
RC SEAT 15 id 19 seat 4
RC POS 15 id 19 seat 4 role defend fs 0 body 1 pos 15,25 stuck 0
RC ECO 16 harvstore 0 harvseen -1 ti 163 units 6 scale 203.0
RC POS 16 id 4 seat 0 role raid fs 1 body 1 pos 16,1 stuck 1
RC POS 16 id 6 seat 1 role expand fs 0 body 1 pos 14,16 stuck 0
RC POS 16 id 8 seat 2 role expand fs 0 body 1 pos 15,17 stuck 0
RC POS 16 id 10 seat 3 role raid fs 1 body 2 pos 13,4 stuck 0
RC POS 16 id 19 seat 4 role defend fs 0 body 1 pos 14,25 stuck 0
RC ECO 17 harvstore 1 harvseen -1 ti 111 units 6 scale 210.0
RC POS 17 id 4 seat 0 role raid fs 1 body 1 pos 16,1 stuck 2
RC POS 17 id 6 seat 1 role expand fs 0 body 1 pos 14,16 stuck 1
RC POS 17 id 8 seat 2 role expand fs 0 body 1 pos 14,17 stuck 0
RC POS 17 id 10 seat 3 role raid fs 1 body 2 pos 13,4 stuck 1
RC POS 17 id 19 seat 4 role defend fs 0 body 1 pos 13,25 stuck 0
RC ECO 18 harvstore 1 harvseen -1 ti 93 units 6 scale 212.0
RC POS 18 id 4 seat 0 role raid fs 1 body 1 pos 17,1 stuck 0
RC POS 18 id 6 seat 1 role expand fs 0 body 1 pos 14,16 stuck 2
RC POS 18 id 8 seat 2 role expand fs 0 body 1 pos 14,17 stuck 1
RC POS 18 id 10 seat 3 role raid fs 1 body 2 pos 13,4 stuck 2
RC POS 18 id 19 seat 4 role defend fs 0 body 1 pos 12,25 stuck 0
RC ECO 19 harvstore 1 harvseen -1 ti 93 units 6 scale 212.0
RC POS 19 id 4 seat 0 role raid fs 1 body 1 pos 16,1 stuck 0
RC POS 19 id 6 seat 1 role expand fs 0 body 1 pos 15,16 stuck 0
RC POS 19 id 8 seat 2 role expand fs 0 body 1 pos 14,16 stuck 0
RC POS 19 id 10 seat 3 role raid fs 1 body 2 pos 13,5 stuck 0
RC POS 19 id 19 seat 4 role defend fs 0 body 1 pos 11,25 stuck 0
RC ECO 20 harvstore 1 harvseen -1 ti 97 units 6 scale 213.0
RC POS 20 id 4 seat 0 role raid fs 1 body 1 pos 16,1 stuck 1
RC POS 20 id 6 seat 1 role expand fs 0 body 1 pos 15,17 stuck 0
RC POS 20 id 8 seat 2 role expand fs 0 body 1 pos 15,16 stuck 0
RC POS 20 id 10 seat 3 role raid fs 1 body 2 pos 14,5 stuck 0
RC POS 20 id 19 seat 4 role defend fs 0 body 1 pos 10,25 stuck 0
RC ECO 21 harvstore 2 harvseen -1 ti 55 units 6 scale 218.0
RC POS 21 id 4 seat 0 role raid fs 1 body 1 pos 17,1 stuck 0
RC POS 21 id 6 seat 1 role expand fs 0 body 1 pos 14,17 stuck 0
RC POS 21 id 8 seat 2 role expand fs 0 body 1 pos 15,16 stuck 1
RC POS 21 id 10 seat 3 role raid fs 1 body 2 pos 15,5 stuck 0
RC POS 21 id 19 seat 4 role defend fs 0 body 1 pos 9,25 stuck 0
RC ECO 22 harvstore 2 harvseen -1 ti 43 units 6 scale 220.0
RC POS 22 id 4 seat 0 role raid fs 1 body 1 pos 17,2 stuck 0
RC POS 22 id 6 seat 1 role expand fs 0 body 1 pos 14,17 stuck 1
RC POS 22 id 8 seat 2 role expand fs 0 body 1 pos 15,16 stuck 2
RC POS 22 id 10 seat 3 role raid fs 1 body 2 pos 14,5 stuck 0
RC POS 22 id 19 seat 4 role defend fs 0 body 1 pos 8,25 stuck 0
RC ECO 23 harvstore 2 harvseen -1 ti 43 units 6 scale 220.0
RC POS 23 id 4 seat 0 role raid fs 1 body 1 pos 17,3 stuck 0
RC POS 23 id 6 seat 1 role expand fs 0 body 1 pos 14,18 stuck 0
RC POS 23 id 8 seat 2 role expand fs 0 body 1 pos 15,17 stuck 0
RC POS 23 id 10 seat 3 role raid fs 1 body 2 pos 15,5 stuck 0
RC POS 23 id 19 seat 4 role defend fs 0 body 1 pos 8,26 stuck 0
RC ECO 24 harvstore 2 harvseen -1 ti 35 units 6 scale 223.0
RC POS 24 id 4 seat 0 role raid fs 1 body 1 pos 17,3 stuck 1
RC POS 24 id 6 seat 1 role expand fs 0 body 1 pos 14,18 stuck 1
RC POS 24 id 8 seat 2 role expand fs 0 body 1 pos 15,17 stuck 1
RC POS 24 id 10 seat 3 role raid fs 1 body 2 pos 14,5 stuck 0
RC POS 24 id 19 seat 4 role defend fs 0 body 1 pos 8,25 stuck 0
RC ECO 25 harvstore 2 harvseen -1 ti 29 units 6 scale 224.0
RC POS 25 id 4 seat 0 role raid fs 1 body 1 pos 17,4 stuck 0
RC POS 25 id 6 seat 1 role expand fs 0 body 1 pos 14,18 stuck 2
RC POS 25 id 8 seat 2 role expand fs 0 body 1 pos 15,18 stuck 0
RC POS 25 id 10 seat 3 role raid fs 1 body 2 pos 15,5 stuck 0
RC POS 25 id 19 seat 4 role defend fs 0 body 1 pos 8,24 stuck 0
RC ECO 26 harvstore 2 harvseen -1 ti 17 units 6 scale 226.0
RC POS 26 id 4 seat 0 role raid fs 1 body 1 pos 16,4 stuck 0
RC POS 26 id 6 seat 1 role expand fs 0 body 1 pos 14,19 stuck 0
RC POS 26 id 8 seat 2 role expand fs 0 body 1 pos 15,18 stuck 1
RC POS 26 id 10 seat 3 role raid fs 1 body 2 pos 15,5 stuck 1
RC POS 26 id 19 seat 4 role defend fs 0 body 1 pos 8,23 stuck 0
RC ECO 27 harvstore 2 harvseen -1 ti 11 units 6 scale 227.0
RC POS 27 id 4 seat 0 role raid fs 1 body 1 pos 16,5 stuck 0
RC POS 27 id 6 seat 1 role expand fs 0 body 1 pos 14,19 stuck 1
RC POS 27 id 8 seat 2 role expand fs 0 body 1 pos 15,19 stuck 0
RC POS 27 id 10 seat 3 role raid fs 1 body 2 pos 15,6 stuck 0
RC POS 27 id 19 seat 4 role defend fs 0 body 1 pos 8,22 stuck 0
RC ECO 28 harvstore 2 harvseen -1 ti 15 units 6 scale 228.0
RC POS 28 id 4 seat 0 role raid fs 1 body 1 pos 16,5 stuck 1
RC POS 28 id 6 seat 1 role expand fs 0 body 1 pos 14,20 stuck 0
RC POS 28 id 8 seat 2 role expand fs 0 body 1 pos 15,19 stuck 1
RC POS 28 id 10 seat 3 role raid fs 1 body 2 pos 16,6 stuck 0
RC POS 28 id 19 seat 4 role defend fs 0 body 1 pos 7,22 stuck 0
RC ECO 29 harvstore 2 harvseen -1 ti 3 units 6 scale 230.0
RC POS 29 id 4 seat 0 role raid fs 1 body 1 pos 17,5 stuck 0
RC POS 29 id 6 seat 1 role expand fs 0 body 1 pos 14,20 stuck 1
RC POS 29 id 8 seat 2 role expand fs 0 body 1 pos 15,19 stuck 2
RC POS 29 id 10 seat 3 role raid fs 1 body 2 pos 17,6 stuck 0
RC POS 29 id 19 seat 4 role defend fs 0 body 1 pos 7,21 stuck 0
RC ECO 30 harvstore 2 harvseen -1 ti 3 units 6 scale 230.0
RC POS 30 id 4 seat 0 role raid fs 1 body 1 pos 17,4 stuck 0
RC POS 30 id 6 seat 1 role expand fs 0 body 1 pos 14,21 stuck 0
RC POS 30 id 8 seat 2 role expand fs 0 body 1 pos 15,20 stuck 0
RC POS 30 id 10 seat 3 role raid fs 1 body 2 pos 16,6 stuck 0
RC POS 30 id 19 seat 4 role defend fs 0 body 1 pos 6,21 stuck 0
RC ECO 31 harvstore 2 harvseen -1 ti 3 units 6 scale 230.0
RC POS 31 id 4 seat 0 role raid fs 1 body 1 pos 17,5 stuck 0
RC POS 31 id 6 seat 1 role expand fs 0 body 1 pos 14,21 stuck 1
RC POS 31 id 8 seat 2 role expand fs 0 body 1 pos 15,20 stuck 1
RC POS 31 id 10 seat 3 role raid fs 1 body 2 pos 17,6 stuck 0
RC POS 31 id 19 seat 4 role defend fs 0 body 1 pos 7,21 stuck 0
RC ECO 32 harvstore 2 harvseen -1 ti 13 units 6 scale 230.0
RC POS 32 id 4 seat 0 role raid fs 1 body 1 pos 17,4 stuck 0
RC POS 32 id 6 seat 1 role expand fs 0 body 1 pos 14,21 stuck 2
RC POS 32 id 8 seat 2 role expand fs 0 body 1 pos 15,20 stuck 2
RC POS 32 id 10 seat 3 role raid fs 1 body 2 pos 16,6 stuck 0
RC POS 32 id 19 seat 4 role defend fs 0 body 1 pos 6,21 stuck 0
RC ECO 33 harvstore 2 harvseen -1 ti 1 units 6 scale 232.0
RC POS 33 id 4 seat 0 role raid fs 1 body 1 pos 17,5 stuck 0
RC POS 33 id 6 seat 1 role expand fs 0 body 1 pos 14,21 stuck 3
RC POS 33 id 8 seat 2 role expand fs 0 body 1 pos 15,20 stuck 3
RC POS 33 id 10 seat 3 role raid fs 1 body 2 pos 17,6 stuck 0
RC POS 33 id 19 seat 4 role defend fs 0 body 1 pos 7,21 stuck 0
RC ECO 34 harvstore 2 harvseen -1 ti 1 units 6 scale 232.0
RC POS 34 id 4 seat 0 role raid fs 1 body 1 pos 17,4 stuck 0
RC POS 34 id 6 seat 1 role expand fs 0 body 1 pos 14,22 stuck 0
RC POS 34 id 8 seat 2 role expand fs 0 body 1 pos 15,21 stuck 0
RC POS 34 id 10 seat 3 role raid fs 1 body 2 pos 17,5 stuck 0
RC POS 34 id 19 seat 4 role defend fs 0 body 1 pos 6,21 stuck 0
RC ECO 35 harvstore 2 harvseen -1 ti 1 units 6 scale 232.0
RC POS 35 id 4 seat 0 role raid fs 1 body 1 pos 18,4 stuck 0
RC POS 35 id 6 seat 1 role expand fs 0 body 1 pos 14,22 stuck 1
RC POS 35 id 8 seat 2 role expand fs 0 body 1 pos 15,21 stuck 1
RC POS 35 id 10 seat 3 role raid fs 1 body 2 pos 17,4 stuck 0
RC POS 35 id 19 seat 4 role defend fs 0 body 1 pos 7,21 stuck 0
RC ECO 36 harvstore 2 harvseen -1 ti 11 units 6 scale 232.0
RC POS 36 id 4 seat 0 role raid fs 1 body 1 pos 18,5 stuck 0
RC POS 36 id 6 seat 1 role expand fs 0 body 1 pos 14,22 stuck 2
RC POS 36 id 8 seat 2 role expand fs 0 body 1 pos 15,21 stuck 2
RC POS 36 id 10 seat 3 role raid fs 1 body 2 pos 18,4 stuck 0
RC POS 36 id 19 seat 4 role defend fs 0 body 1 pos 6,21 stuck 0
RC ECO 37 harvstore 2 harvseen -1 ti 5 units 6 scale 233.0
RC POS 37 id 4 seat 0 role raid fs 1 body 1 pos 19,5 stuck 0
RC POS 37 id 6 seat 1 role expand fs 0 body 1 pos 14,22 stuck 3
RC POS 37 id 8 seat 2 role expand fs 0 body 1 pos 15,21 stuck 3
RC POS 37 id 10 seat 3 role raid fs 1 body 2 pos 18,5 stuck 0
RC POS 37 id 19 seat 4 role defend fs 0 body 1 pos 7,21 stuck 0
RC ECO 38 harvstore 2 harvseen -1 ti 5 units 6 scale 233.0
RC POS 38 id 4 seat 0 role raid fs 1 body 1 pos 19,6 stuck 0
RC POS 38 id 6 seat 1 role expand fs 0 body 1 pos 14,23 stuck 0
RC POS 38 id 8 seat 2 role expand fs 0 body 1 pos 15,21 stuck 4
RC POS 38 id 10 seat 3 role raid fs 1 body 2 pos 17,5 stuck 0
RC POS 38 id 19 seat 4 role defend fs 0 body 1 pos 6,21 stuck 0
RC ECO 39 harvstore 2 harvseen -1 ti 5 units 6 scale 233.0
RC POS 39 id 4 seat 0 role raid fs 1 body 1 pos 18,6 stuck 0
RC POS 39 id 6 seat 1 role expand fs 0 body 1 pos 14,23 stuck 1
RC POS 39 id 8 seat 2 role expand fs 0 body 1 pos 15,21 stuck 5
RC POS 39 id 10 seat 3 role raid fs 1 body 2 pos 17,4 stuck 0
RC POS 39 id 19 seat 4 role defend fs 0 body 1 pos 7,21 stuck 0
RC ECO 40 harvstore 2 harvseen -1 ti 15 units 6 scale 233.0
RC POS 40 id 4 seat 0 role raid fs 1 body 1 pos 18,5 stuck 0
RC POS 40 id 6 seat 1 role expand fs 0 body 1 pos 14,23 stuck 2
RC POS 40 id 8 seat 2 role expand fs 0 body 1 pos 15,21 stuck 6
RC POS 40 id 10 seat 3 role raid fs 1 body 2 pos 17,5 stuck 0
RC POS 40 id 19 seat 4 role defend fs 0 body 1 pos 6,21 stuck 0
RC ECO 41 harvstore 2 harvseen -1 ti 2 units 6 scale 235.0
RC POS 41 id 4 seat 0 role raid fs 1 body 1 pos 18,4 stuck 0
RC POS 41 id 6 seat 1 role expand fs 0 body 1 pos 14,23 stuck 3
RC POS 41 id 8 seat 2 role expand fs 0 body 1 pos 15,21 stuck 7
RC POS 41 id 10 seat 3 role raid fs 1 body 2 pos 17,4 stuck 0
RC POS 41 id 19 seat 4 role defend fs 0 body 1 pos 7,21 stuck 0
RC ECO 42 harvstore 2 harvseen -1 ti 2 units 6 scale 235.0
RC POS 42 id 4 seat 0 role raid fs 1 body 1 pos 18,5 stuck 0
RC POS 42 id 6 seat 1 role expand fs 0 body 1 pos 14,24 stuck 0
RC POS 42 id 8 seat 2 role expand fs 0 body 1 pos 15,22 stuck 0
RC POS 42 id 10 seat 3 role raid fs 1 body 2 pos 17,5 stuck 0
RC POS 42 id 19 seat 4 role defend fs 0 body 1 pos 6,21 stuck 0
RC ECO 43 harvstore 2 harvseen -1 ti 2 units 6 scale 235.0
RC POS 43 id 4 seat 0 role raid fs 1 body 1 pos 18,4 stuck 0
RC POS 43 id 6 seat 1 role expand fs 0 body 1 pos 14,24 stuck 1
RC POS 43 id 8 seat 2 role expand fs 0 body 1 pos 15,22 stuck 1
RC POS 43 id 10 seat 3 role raid fs 1 body 2 pos 17,4 stuck 0
RC POS 43 id 19 seat 4 role defend fs 0 body 1 pos 7,21 stuck 0
RC ECO 44 harvstore 2 harvseen -1 ti 12 units 6 scale 235.0
RC POS 44 id 4 seat 0 role raid fs 1 body 1 pos 18,5 stuck 0
RC POS 44 id 6 seat 1 role expand fs 0 body 1 pos 14,24 stuck 2
RC POS 44 id 8 seat 2 role expand fs 0 body 1 pos 15,22 stuck 2
RC POS 44 id 10 seat 3 role raid fs 1 body 2 pos 17,5 stuck 0
RC POS 44 id 19 seat 4 role defend fs 0 body 1 pos 6,21 stuck 0
RC ECO 45 harvstore 2 harvseen -1 ti 5 units 6 scale 236.0
RC POS 45 id 4 seat 0 role raid fs 1 body 1 pos 18,4 stuck 0
RC POS 45 id 6 seat 1 role expand fs 0 body 1 pos 14,24 stuck 3
RC POS 45 id 8 seat 2 role expand fs 0 body 1 pos 15,22 stuck 3
RC POS 45 id 10 seat 3 role raid fs 1 body 2 pos 17,4 stuck 0
RC POS 45 id 19 seat 4 role defend fs 0 body 1 pos 7,21 stuck 0
RC ECO 46 harvstore 2 harvseen -1 ti 15 units 6 scale 236.0
RC POS 46 id 4 seat 0 role raid fs 1 body 1 pos 18,5 stuck 0
RC POS 46 id 6 seat 1 role expand fs 0 body 1 pos 14,25 stuck 0
RC POS 46 id 8 seat 2 role expand fs 0 body 1 pos 15,22 stuck 4
RC POS 46 id 10 seat 3 role raid fs 1 body 2 pos 17,5 stuck 0
RC POS 46 id 19 seat 4 role defend fs 0 body 1 pos 6,21 stuck 0
RC ECO 47 harvstore 2 harvseen -1 ti 18 units 6 scale 237.0
RC POS 47 id 4 seat 0 role raid fs 1 body 1 pos 19,5 stuck 0
RC POS 47 id 6 seat 1 role expand fs 0 body 1 pos 14,24 stuck 0
RC POS 47 id 8 seat 2 role expand fs 0 body 1 pos 15,22 stuck 5
RC POS 47 id 10 seat 3 role raid fs 1 body 2 pos 17,4 stuck 0
RC POS 47 id 19 seat 4 role defend fs 0 body 1 pos 7,21 stuck 0
RC ECO 48 harvstore 2 harvseen -1 ti 25 units 6 scale 238.0
RC POS 48 id 4 seat 0 role raid fs 1 body 1 pos 19,6 stuck 0
RC POS 48 id 6 seat 1 role expand fs 0 body 1 pos 14,24 stuck 1
RC POS 48 id 8 seat 2 role expand fs 0 body 1 pos 15,23 stuck 0
RC POS 48 id 10 seat 3 role raid fs 1 body 2 pos 17,5 stuck 0
RC POS 48 id 19 seat 4 role defend fs 0 body 1 pos 6,21 stuck 0
RC ECO 49 harvstore 2 harvseen -1 ti 22 units 6 scale 238.0
RC POS 49 id 4 seat 0 role raid fs 1 body 1 pos 19,5 stuck 0
RC POS 49 id 6 seat 1 role expand fs 0 body 1 pos 14,23 stuck 0
RC POS 49 id 8 seat 2 role expand fs 0 body 1 pos 15,24 stuck 0
RC POS 49 id 10 seat 3 role raid fs 1 body 2 pos 17,4 stuck 0
RC POS 49 id 19 seat 4 role defend fs 0 body 1 pos 7,21 stuck 0
RC ECO 50 harvstore 2 harvseen -1 ti 27 units 6 scale 238.0
RC POS 50 id 4 seat 0 role raid fs 1 body 1 pos 18,5 stuck 0
RC POS 50 id 6 seat 1 role expand fs 0 body 1 pos 14,22 stuck 0
RC POS 50 id 8 seat 2 role expand fs 0 body 1 pos 15,24 stuck 1
RC POS 50 id 10 seat 3 role raid fs 1 body 2 pos 17,5 stuck 0
RC POS 50 id 19 seat 4 role defend fs 0 body 1 pos 6,21 stuck 0
RC ECO 51 harvstore 2 harvseen -1 ti 37 units 6 scale 238.0
RC POS 51 id 4 seat 0 role raid fs 1 body 1 pos 18,4 stuck 0
RC POS 51 id 6 seat 1 role expand fs 0 body 1 pos 14,21 stuck 0
RC POS 51 id 8 seat 2 role expand fs 0 body 1 pos 15,24 stuck 2
RC POS 51 id 10 seat 3 role raid fs 1 body 2 pos 17,4 stuck 0
RC POS 51 id 19 seat 4 role defend fs 0 body 1 pos 7,21 stuck 0
RC ECO 52 harvstore 2 harvseen -1 ti 57 units 6 scale 238.0
RC POS 52 id 4 seat 0 role raid fs 1 body 1 pos 18,5 stuck 0
RC POS 52 id 6 seat 1 role expand fs 0 body 1 pos 14,20 stuck 0
RC POS 52 id 8 seat 2 role expand fs 0 body 1 pos 15,24 stuck 3
RC POS 52 id 10 seat 3 role raid fs 1 body 2 pos 17,5 stuck 0
RC POS 52 id 19 seat 4 role defend fs 0 body 1 pos 6,21 stuck 0
RC ECO 53 harvstore 2 harvseen -1 ti 67 units 6 scale 238.0
RC POS 53 id 4 seat 0 role raid fs 1 body 1 pos 18,4 stuck 0
RC POS 53 id 6 seat 1 role expand fs 0 body 1 pos 14,19 stuck 0
RC POS 53 id 8 seat 2 role expand fs 0 body 1 pos 15,24 stuck 4
RC POS 53 id 10 seat 3 role raid fs 1 body 2 pos 17,4 stuck 0
RC POS 53 id 19 seat 4 role defend fs 0 body 1 pos 7,21 stuck 0
RC ECO 54 harvstore 2 harvseen -1 ti 77 units 6 scale 238.0
RC POS 54 id 4 seat 0 role raid fs 1 body 1 pos 18,5 stuck 0
RC POS 54 id 6 seat 1 role expand fs 0 body 1 pos 14,18 stuck 0
RC POS 54 id 8 seat 2 role expand fs 0 body 1 pos 15,24 stuck 5
RC POS 54 id 10 seat 3 role raid fs 1 body 2 pos 17,5 stuck 0
RC POS 54 id 19 seat 4 role defend fs 0 body 1 pos 6,21 stuck 0
RC ECO 55 harvstore 2 harvseen -1 ti 87 units 6 scale 238.0
RC POS 55 id 4 seat 0 role raid fs 1 body 1 pos 18,4 stuck 0
RC POS 55 id 6 seat 1 role expand fs 0 body 1 pos 14,17 stuck 0
RC POS 55 id 8 seat 2 role expand fs 0 body 1 pos 16,24 stuck 0
RC POS 55 id 10 seat 3 role raid fs 1 body 2 pos 17,4 stuck 0
RC POS 55 id 19 seat 4 role defend fs 0 body 1 pos 7,21 stuck 0
RC ECO 56 harvstore 2 harvseen -1 ti 107 units 6 scale 238.0
RC POS 56 id 4 seat 0 role raid fs 1 body 1 pos 18,5 stuck 0
RC POS 56 id 6 seat 1 role expand fs 0 body 1 pos 14,16 stuck 0
RC POS 56 id 8 seat 2 role expand fs 0 body 1 pos 17,24 stuck 0
RC POS 56 id 10 seat 3 role raid fs 1 body 2 pos 17,5 stuck 0
RC POS 56 id 19 seat 4 role defend fs 0 body 1 pos 6,21 stuck 0
RC ECO 57 harvstore 2 harvseen -1 ti 45 units 7 scale 258.0
RC POS 57 id 4 seat 0 role raid fs 1 body 1 pos 18,4 stuck 0
RC POS 57 id 6 seat 1 role expand fs 0 body 1 pos 14,16 stuck 1
RC POS 57 id 8 seat 2 role expand fs 0 body 1 pos 18,24 stuck 0
RC POS 57 id 10 seat 3 role raid fs 1 body 2 pos 17,5 stuck 1
RC POS 57 id 19 seat 4 role defend fs 0 body 1 pos 7,21 stuck 0
RC ECO 58 harvstore 2 harvseen -1 ti 54 units 7 scale 258.0
RC POS 58 id 4 seat 0 role raid fs 1 body 1 pos 19,4 stuck 0
RC POS 58 id 6 seat 1 role expand fs 0 body 1 pos 14,16 stuck 2
RC POS 58 id 8 seat 2 role expand fs 0 body 1 pos 19,24 stuck 0
RC POS 58 id 10 seat 3 role raid fs 1 body 2 pos 17,4 stuck 0
RC POS 58 id 19 seat 4 role defend fs 0 body 1 pos 6,21 stuck 0
RC ECO 59 harvstore 2 harvseen -1 ti 34 units 7 scale 258.0
RC POS 59 id 4 seat 0 role raid fs 1 body 1 pos 18,4 stuck 0
RC POS 59 id 6 seat 1 role expand fs 0 body 1 pos 13,16 stuck 0
RC POS 59 id 8 seat 2 role expand fs 0 body 1 pos 20,24 stuck 0
RC POS 59 id 10 seat 3 role raid fs 1 body 2 pos 17,3 stuck 0
RC POS 59 id 19 seat 4 role defend fs 0 body 1 pos 7,21 stuck 0
RC ECO 60 harvstore 2 harvseen -1 ti 34 units 7 scale 258.0
RC POS 60 id 4 seat 0 role raid fs 1 body 1 pos 19,4 stuck 0
RC POS 60 id 6 seat 1 role expand fs 0 body 1 pos 13,15 stuck 0
RC POS 60 id 8 seat 2 role expand fs 0 body 1 pos 21,24 stuck 0
RC POS 60 id 10 seat 3 role raid fs 1 body 2 pos 18,3 stuck 0
RC POS 60 id 19 seat 4 role defend fs 0 body 1 pos 6,21 stuck 0
RC POS 61 id 4 seat 0 role raid fs 1 body 1 pos 19,3 stuck 0
RC POS 61 id 6 seat 1 role expand fs 0 body 1 pos 13,14 stuck 0
RC POS 61 id 8 seat 2 role expand fs 0 body 1 pos 22,24 stuck 0
RC POS 61 id 10 seat 3 role raid fs 1 body 2 pos 17,3 stuck 0
RC POS 61 id 19 seat 4 role defend fs 0 body 1 pos 7,21 stuck 0
RC POS 62 id 4 seat 0 role raid fs 1 body 1 pos 18,3 stuck 0
RC POS 62 id 6 seat 1 role expand fs 0 body 1 pos 12,14 stuck 0
RC POS 62 id 8 seat 2 role expand fs 0 body 1 pos 23,24 stuck 0
RC POS 62 id 10 seat 3 role raid fs 1 body 2 pos 17,2 stuck 0
RC POS 62 id 19 seat 4 role defend fs 0 body 1 pos 6,21 stuck 0
RC POS 63 id 4 seat 0 role raid fs 1 body 1 pos 17,3 stuck 0
RC POS 63 id 6 seat 1 role expand fs 0 body 1 pos 12,15 stuck 0
RC POS 63 id 8 seat 2 role expand fs 0 body 1 pos 24,24 stuck 0
RC POS 63 id 10 seat 3 role raid fs 1 body 2 pos 18,2 stuck 0
RC POS 63 id 19 seat 4 role defend fs 0 body 1 pos 7,21 stuck 0
RC POS 64 id 4 seat 0 role raid fs 1 body 1 pos 18,3 stuck 0
RC POS 64 id 6 seat 1 role expand fs 0 body 1 pos 11,15 stuck 0
RC POS 64 id 8 seat 2 role expand fs 0 body 1 pos 25,24 stuck 0
RC POS 64 id 10 seat 3 role raid fs 1 body 2 pos 18,1 stuck 0
RC POS 64 id 19 seat 4 role defend fs 0 body 1 pos 6,21 stuck 0
RC POS 65 id 4 seat 0 role raid fs 1 body 1 pos 17,3 stuck 0
RC POS 65 id 6 seat 1 role expand fs 0 body 1 pos 10,15 stuck 0
RC POS 65 id 8 seat 2 role expand fs 0 body 1 pos 26,24 stuck 0
RC POS 65 id 10 seat 3 role raid fs 1 body 2 pos 18,2 stuck 0
RC POS 65 id 19 seat 4 role defend fs 0 body 1 pos 7,21 stuck 0
RC POS 66 id 4 seat 0 role raid fs 1 body 1 pos 18,3 stuck 0
RC POS 66 id 6 seat 1 role expand fs 0 body 1 pos 9,15 stuck 0
RC POS 66 id 8 seat 2 role expand fs 0 body 1 pos 27,24 stuck 0
RC POS 66 id 10 seat 3 role raid fs 1 body 2 pos 18,1 stuck 0
RC POS 66 id 19 seat 4 role defend fs 0 body 1 pos 6,21 stuck 0
RC POS 67 id 4 seat 0 role raid fs 1 body 1 pos 18,4 stuck 0
RC POS 67 id 6 seat 1 role expand fs 0 body 1 pos 10,15 stuck 0
RC POS 67 id 8 seat 2 role expand fs 0 body 1 pos 27,25 stuck 0
RC POS 67 id 10 seat 3 role raid fs 1 body 2 pos 18,2 stuck 0
RC POS 67 id 19 seat 4 role defend fs 0 body 1 pos 7,21 stuck 0
RC POS 68 id 4 seat 0 role raid fs 1 body 1 pos 19,4 stuck 0
RC POS 68 id 6 seat 1 role expand fs 0 body 1 pos 9,15 stuck 0
RC POS 68 id 8 seat 2 role expand fs 0 body 1 pos 27,26 stuck 0
RC POS 68 id 10 seat 3 role raid fs 1 body 2 pos 18,3 stuck 0
RC POS 68 id 19 seat 4 role defend fs 0 body 1 pos 6,21 stuck 0
RC POS 69 id 4 seat 0 role raid fs 1 body 1 pos 18,4 stuck 0
RC POS 69 id 6 seat 1 role expand fs 0 body 1 pos 10,15 stuck 0
RC POS 69 id 8 seat 2 role expand fs 0 body 1 pos 27,27 stuck 0
RC POS 69 id 10 seat 3 role raid fs 1 body 2 pos 18,2 stuck 0
RC POS 69 id 19 seat 4 role defend fs 0 body 1 pos 7,21 stuck 0
RC POS 70 id 4 seat 0 role raid fs 1 body 1 pos 19,4 stuck 0
RC POS 70 id 6 seat 1 role expand fs 0 body 1 pos 9,15 stuck 0
RC POS 70 id 8 seat 2 role expand fs 0 body 1 pos 27,26 stuck 0
RC POS 70 id 10 seat 3 role raid fs 1 body 2 pos 17,2 stuck 0
RC POS 70 id 19 seat 4 role defend fs 0 body 1 pos 6,21 stuck 0
RC POS 71 id 4 seat 0 role raid fs 1 body 1 pos 19,3 stuck 0
RC POS 71 id 6 seat 1 role expand fs 0 body 1 pos 10,15 stuck 0
RC POS 71 id 8 seat 2 role expand fs 0 body 1 pos 27,27 stuck 0
RC POS 71 id 10 seat 3 role raid fs 1 body 2 pos 18,2 stuck 0
RC POS 71 id 19 seat 4 role defend fs 0 body 1 pos 7,21 stuck 0
RC POS 72 id 4 seat 0 role raid fs 1 body 1 pos 18,3 stuck 0
RC POS 72 id 6 seat 1 role expand fs 0 body 1 pos 9,15 stuck 0
RC POS 72 id 8 seat 2 role expand fs 0 body 1 pos 27,26 stuck 0
RC POS 72 id 10 seat 3 role raid fs 1 body 2 pos 19,2 stuck 0
RC POS 72 id 19 seat 4 role defend fs 0 body 1 pos 6,21 stuck 0
RC POS 73 id 4 seat 0 role raid fs 1 body 1 pos 18,4 stuck 0
RC POS 73 id 6 seat 1 role expand fs 0 body 1 pos 10,15 stuck 0
RC POS 73 id 8 seat 2 role expand fs 0 body 1 pos 27,27 stuck 0
RC POS 73 id 10 seat 3 role raid fs 1 body 2 pos 19,3 stuck 0
RC POS 73 id 19 seat 4 role defend fs 0 body 1 pos 7,21 stuck 0
RC POS 74 id 4 seat 0 role raid fs 1 body 1 pos 19,4 stuck 0
RC POS 74 id 6 seat 1 role expand fs 0 body 1 pos 9,15 stuck 0
RC POS 74 id 8 seat 2 role expand fs 0 body 1 pos 27,26 stuck 0
RC POS 74 id 10 seat 3 role raid fs 1 body 2 pos 18,3 stuck 0
RC POS 74 id 19 seat 4 role defend fs 0 body 1 pos 6,21 stuck 0
RC ECO 75 harvstore 2 harvseen -1 ti 24 units 7 scale 257.0
RC POS 75 id 4 seat 0 role raid fs 1 body 1 pos 19,3 stuck 0
RC POS 75 id 6 seat 1 role expand fs 0 body 1 pos 10,15 stuck 0
RC POS 75 id 8 seat 2 role expand fs 0 body 1 pos 27,27 stuck 0
RC POS 75 id 10 seat 3 role raid fs 1 body 2 pos 18,4 stuck 0
RC POS 75 id 19 seat 4 role defend fs 0 body 1 pos 7,21 stuck 0
RC POS 76 id 4 seat 0 role raid fs 1 body 1 pos 18,3 stuck 0
RC POS 76 id 6 seat 1 role expand fs 0 body 1 pos 9,15 stuck 0
RC POS 76 id 8 seat 2 role expand fs 0 body 1 pos 27,26 stuck 0
RC POS 76 id 10 seat 3 role raid fs 1 body 2 pos 17,4 stuck 0
RC POS 76 id 19 seat 4 role defend fs 0 body 1 pos 6,21 stuck 0
RC POS 77 id 4 seat 0 role raid fs 1 body 1 pos 18,4 stuck 0
RC POS 77 id 6 seat 1 role expand fs 0 body 1 pos 10,15 stuck 0
RC POS 77 id 8 seat 2 role expand fs 0 body 1 pos 27,27 stuck 0
RC POS 77 id 10 seat 3 role raid fs 1 body 2 pos 17,3 stuck 0
RC POS 77 id 19 seat 4 role defend fs 0 body 1 pos 7,21 stuck 0
RC POS 78 id 4 seat 0 role raid fs 1 body 1 pos 19,4 stuck 0
RC POS 78 id 6 seat 1 role expand fs 0 body 1 pos 9,15 stuck 0
RC POS 78 id 8 seat 2 role expand fs 0 body 1 pos 27,26 stuck 0
RC POS 78 id 10 seat 3 role raid fs 1 body 2 pos 17,4 stuck 0
RC POS 78 id 19 seat 4 role defend fs 0 body 1 pos 6,21 stuck 0
RC POS 79 id 4 seat 0 role raid fs 1 body 1 pos 18,4 stuck 0
RC POS 79 id 6 seat 1 role expand fs 0 body 1 pos 10,15 stuck 0
RC POS 79 id 8 seat 2 role expand fs 0 body 1 pos 27,27 stuck 0
RC POS 79 id 10 seat 3 role raid fs 1 body 2 pos 17,3 stuck 0
RC POS 79 id 19 seat 4 role defend fs 0 body 1 pos 7,21 stuck 0
RC POS 80 id 4 seat 0 role raid fs 1 body 1 pos 19,4 stuck 0
RC POS 80 id 6 seat 1 role expand fs 0 body 1 pos 9,15 stuck 0
RC POS 80 id 8 seat 2 role expand fs 0 body 1 pos 27,26 stuck 0
RC POS 80 id 10 seat 3 role raid fs 1 body 2 pos 17,4 stuck 0
RC POS 80 id 19 seat 4 role defend fs 0 body 1 pos 6,21 stuck 0
RC POS 81 id 4 seat 0 role raid fs 1 body 1 pos 18,4 stuck 0
RC POS 81 id 6 seat 1 role expand fs 0 body 1 pos 10,15 stuck 0
RC POS 81 id 8 seat 2 role expand fs 0 body 1 pos 27,27 stuck 0
RC POS 81 id 10 seat 3 role raid fs 1 body 2 pos 17,3 stuck 0
RC POS 81 id 19 seat 4 role defend fs 0 body 1 pos 7,21 stuck 0
RC POS 82 id 4 seat 0 role raid fs 1 body 1 pos 19,4 stuck 0
RC POS 82 id 6 seat 1 role expand fs 0 body 1 pos 9,15 stuck 0
RC POS 82 id 8 seat 2 role expand fs 0 body 1 pos 27,26 stuck 0
RC POS 82 id 10 seat 3 role raid fs 1 body 2 pos 17,4 stuck 0
RC POS 82 id 19 seat 4 role defend fs 0 body 1 pos 6,21 stuck 0
RC POS 83 id 4 seat 0 role raid fs 1 body 1 pos 18,4 stuck 0
RC POS 83 id 6 seat 1 role expand fs 0 body 1 pos 10,15 stuck 0
RC POS 83 id 8 seat 2 role expand fs 0 body 1 pos 27,27 stuck 0
RC POS 83 id 10 seat 3 role raid fs 1 body 2 pos 17,3 stuck 0
RC POS 83 id 19 seat 4 role defend fs 0 body 1 pos 7,21 stuck 0
RC POS 84 id 4 seat 0 role raid fs 1 body 1 pos 19,4 stuck 0
RC POS 84 id 6 seat 1 role expand fs 0 body 1 pos 9,15 stuck 0
RC POS 84 id 8 seat 2 role expand fs 0 body 1 pos 27,26 stuck 0
RC POS 84 id 10 seat 3 role raid fs 1 body 2 pos 17,4 stuck 0
RC POS 84 id 19 seat 4 role defend fs 0 body 1 pos 6,21 stuck 0
RC POS 85 id 4 seat 0 role raid fs 1 body 1 pos 19,5 stuck 0
RC POS 85 id 6 seat 1 role expand fs 0 body 1 pos 10,15 stuck 0
RC POS 85 id 8 seat 2 role expand fs 0 body 1 pos 27,27 stuck 0
RC POS 85 id 10 seat 3 role raid fs 1 body 2 pos 18,4 stuck 0
RC POS 85 id 19 seat 4 role defend fs 0 body 1 pos 7,21 stuck 0
RC POS 86 id 4 seat 0 role raid fs 1 body 1 pos 19,6 stuck 0
RC POS 86 id 6 seat 1 role expand fs 0 body 1 pos 9,15 stuck 0
RC POS 86 id 8 seat 2 role expand fs 0 body 1 pos 27,26 stuck 0
RC POS 86 id 10 seat 3 role raid fs 1 body 2 pos 17,4 stuck 0
RC POS 86 id 19 seat 4 role defend fs 0 body 1 pos 6,21 stuck 0
RC POS 87 id 4 seat 0 role raid fs 1 body 1 pos 19,5 stuck 0
RC POS 87 id 6 seat 1 role expand fs 0 body 1 pos 10,15 stuck 0
RC POS 87 id 8 seat 2 role expand fs 0 body 1 pos 27,27 stuck 0
RC POS 87 id 10 seat 3 role raid fs 1 body 2 pos 18,4 stuck 0
RC POS 87 id 19 seat 4 role defend fs 0 body 1 pos 7,21 stuck 0
RC POS 88 id 4 seat 0 role raid fs 1 body 1 pos 19,6 stuck 0
RC POS 88 id 6 seat 1 role expand fs 0 body 1 pos 9,15 stuck 0
RC POS 88 id 8 seat 2 role expand fs 0 body 1 pos 27,26 stuck 0
RC POS 88 id 10 seat 3 role raid fs 1 body 2 pos 17,4 stuck 0
RC POS 88 id 19 seat 4 role defend fs 0 body 1 pos 6,21 stuck 0
RC POS 89 id 4 seat 0 role raid fs 1 body 1 pos 19,5 stuck 0
RC POS 89 id 6 seat 1 role expand fs 0 body 1 pos 10,15 stuck 0
RC POS 89 id 8 seat 2 role expand fs 0 body 1 pos 27,27 stuck 0
RC POS 89 id 10 seat 3 role raid fs 1 body 2 pos 18,4 stuck 0
RC POS 89 id 19 seat 4 role defend fs 0 body 1 pos 7,21 stuck 0
RC POS 90 id 4 seat 0 role raid fs 1 body 1 pos 19,6 stuck 0
RC POS 90 id 6 seat 1 role expand fs 0 body 1 pos 9,15 stuck 0
RC POS 90 id 8 seat 2 role expand fs 0 body 1 pos 27,26 stuck 0
RC POS 90 id 10 seat 3 role raid fs 1 body 2 pos 17,4 stuck 0
RC POS 90 id 19 seat 4 role defend fs 0 body 1 pos 6,21 stuck 0
RC POS 91 id 4 seat 0 role raid fs 1 body 1 pos 19,5 stuck 0
RC POS 91 id 6 seat 1 role expand fs 0 body 1 pos 10,15 stuck 0
RC POS 91 id 8 seat 2 role expand fs 0 body 1 pos 27,27 stuck 0
RC POS 91 id 10 seat 3 role raid fs 1 body 2 pos 18,4 stuck 0
RC POS 91 id 19 seat 4 role defend fs 0 body 1 pos 7,21 stuck 0
RC POS 92 id 4 seat 0 role raid fs 1 body 1 pos 19,6 stuck 0
RC POS 92 id 6 seat 1 role expand fs 0 body 1 pos 9,15 stuck 0
RC POS 92 id 8 seat 2 role expand fs 0 body 1 pos 27,26 stuck 0
RC POS 92 id 10 seat 3 role raid fs 1 body 2 pos 17,4 stuck 0
RC POS 92 id 19 seat 4 role defend fs 0 body 1 pos 6,21 stuck 0
RC POS 93 id 4 seat 0 role raid fs 1 body 1 pos 19,5 stuck 0
RC POS 93 id 6 seat 1 role expand fs 0 body 1 pos 10,15 stuck 0
RC POS 93 id 8 seat 2 role expand fs 0 body 1 pos 27,27 stuck 0
RC POS 93 id 10 seat 3 role raid fs 1 body 2 pos 18,4 stuck 0
RC POS 93 id 19 seat 4 role defend fs 0 body 1 pos 7,21 stuck 0
RC POS 94 id 4 seat 0 role raid fs 1 body 1 pos 19,6 stuck 0
RC POS 94 id 6 seat 1 role expand fs 0 body 1 pos 9,15 stuck 0
RC POS 94 id 8 seat 2 role expand fs 0 body 1 pos 27,26 stuck 0
RC POS 94 id 10 seat 3 role raid fs 1 body 2 pos 17,4 stuck 0
RC POS 94 id 19 seat 4 role defend fs 0 body 1 pos 6,21 stuck 0
RC POS 95 id 4 seat 0 role raid fs 1 body 1 pos 19,5 stuck 0
RC POS 95 id 6 seat 1 role expand fs 0 body 1 pos 10,15 stuck 0
RC POS 95 id 8 seat 2 role expand fs 0 body 1 pos 27,27 stuck 0
RC POS 95 id 10 seat 3 role raid fs 1 body 2 pos 18,4 stuck 0
RC POS 95 id 19 seat 4 role defend fs 0 body 1 pos 7,21 stuck 0
RC POS 96 id 4 seat 0 role raid fs 1 body 1 pos 19,6 stuck 0
RC POS 96 id 6 seat 1 role expand fs 0 body 1 pos 9,15 stuck 0
RC POS 96 id 8 seat 2 role expand fs 0 body 1 pos 27,26 stuck 0
RC POS 96 id 10 seat 3 role raid fs 1 body 2 pos 17,4 stuck 0
RC POS 96 id 19 seat 4 role defend fs 0 body 1 pos 6,21 stuck 0
RC POS 97 id 4 seat 0 role raid fs 1 body 1 pos 19,5 stuck 0
RC POS 97 id 6 seat 1 role expand fs 0 body 1 pos 10,15 stuck 0
RC POS 97 id 8 seat 2 role expand fs 0 body 1 pos 27,27 stuck 0
RC POS 97 id 10 seat 3 role raid fs 1 body 2 pos 18,4 stuck 0
RC POS 97 id 19 seat 4 role defend fs 0 body 1 pos 7,21 stuck 0
RC POS 98 id 4 seat 0 role raid fs 1 body 1 pos 19,6 stuck 0
RC POS 98 id 6 seat 1 role expand fs 0 body 1 pos 9,15 stuck 0
RC POS 98 id 8 seat 2 role expand fs 0 body 1 pos 27,26 stuck 0
RC POS 98 id 10 seat 3 role raid fs 1 body 2 pos 17,4 stuck 0
RC POS 98 id 19 seat 4 role defend fs 0 body 1 pos 6,21 stuck 0
RC POS 99 id 4 seat 0 role raid fs 1 body 1 pos 19,5 stuck 0
RC POS 99 id 6 seat 1 role expand fs 0 body 1 pos 10,15 stuck 0
RC POS 99 id 8 seat 2 role expand fs 0 body 1 pos 27,27 stuck 0
RC POS 99 id 10 seat 3 role raid fs 1 body 2 pos 18,4 stuck 0
RC POS 99 id 19 seat 4 role defend fs 0 body 1 pos 7,21 stuck 0
RC ECO 100 harvstore 2 harvseen -1 ti 24 units 7 scale 255.0
RC POS 100 id 4 seat 0 role raid fs 1 body 1 pos 19,6 stuck 0
RC POS 100 id 6 seat 1 role expand fs 0 body 1 pos 9,15 stuck 0
RC POS 100 id 8 seat 2 role expand fs 0 body 1 pos 27,26 stuck 0
RC POS 100 id 10 seat 3 role raid fs 1 body 2 pos 17,4 stuck 0
RC POS 100 id 19 seat 4 role defend fs 0 body 1 pos 6,21 stuck 0
RC POS 101 id 4 seat 0 role raid fs 1 body 1 pos 19,5 stuck 0
RC POS 101 id 6 seat 1 role expand fs 0 body 1 pos 10,15 stuck 0
RC POS 101 id 8 seat 2 role expand fs 0 body 1 pos 27,27 stuck 0
RC POS 101 id 10 seat 3 role raid fs 1 body 2 pos 18,4 stuck 0
RC POS 101 id 19 seat 4 role defend fs 0 body 1 pos 7,21 stuck 0
RC POS 102 id 4 seat 0 role raid fs 1 body 1 pos 19,6 stuck 0
RC POS 102 id 6 seat 1 role expand fs 0 body 1 pos 9,15 stuck 0
RC POS 102 id 8 seat 2 role expand fs 0 body 1 pos 27,26 stuck 0
RC POS 102 id 10 seat 3 role raid fs 1 body 2 pos 17,4 stuck 0
RC POS 102 id 19 seat 4 role defend fs 0 body 1 pos 6,21 stuck 0
RC POS 103 id 4 seat 0 role raid fs 1 body 1 pos 19,5 stuck 0
RC POS 103 id 6 seat 1 role expand fs 0 body 1 pos 10,15 stuck 0
RC POS 103 id 8 seat 2 role expand fs 0 body 1 pos 27,27 stuck 0
RC POS 103 id 10 seat 3 role raid fs 1 body 2 pos 18,4 stuck 0
RC POS 103 id 19 seat 4 role defend fs 0 body 1 pos 7,21 stuck 0
RC POS 104 id 4 seat 0 role raid fs 1 body 1 pos 19,6 stuck 0
RC POS 104 id 6 seat 1 role expand fs 0 body 1 pos 9,15 stuck 0
RC POS 104 id 8 seat 2 role expand fs 0 body 1 pos 27,26 stuck 0
RC POS 104 id 10 seat 3 role raid fs 1 body 2 pos 17,4 stuck 0
RC POS 104 id 19 seat 4 role defend fs 0 body 1 pos 6,21 stuck 0
RC POS 105 id 4 seat 0 role raid fs 1 body 1 pos 19,5 stuck 0
RC POS 105 id 6 seat 1 role expand fs 0 body 1 pos 10,15 stuck 0
RC POS 105 id 8 seat 2 role expand fs 0 body 1 pos 27,27 stuck 0
RC POS 105 id 10 seat 3 role raid fs 1 body 2 pos 18,4 stuck 0
RC POS 105 id 19 seat 4 role defend fs 0 body 1 pos 7,21 stuck 0
RC POS 106 id 4 seat 0 role raid fs 1 body 1 pos 19,6 stuck 0
RC POS 106 id 6 seat 1 role expand fs 0 body 1 pos 9,15 stuck 0
RC POS 106 id 8 seat 2 role expand fs 0 body 1 pos 27,26 stuck 0
RC POS 106 id 10 seat 3 role raid fs 1 body 2 pos 17,4 stuck 0
RC POS 106 id 19 seat 4 role defend fs 0 body 1 pos 6,21 stuck 0
RC POS 107 id 4 seat 0 role raid fs 1 body 1 pos 19,5 stuck 0
RC POS 107 id 6 seat 1 role expand fs 0 body 1 pos 10,15 stuck 0
RC POS 107 id 8 seat 2 role expand fs 0 body 1 pos 27,27 stuck 0
RC POS 107 id 10 seat 3 role raid fs 1 body 2 pos 18,4 stuck 0
RC POS 107 id 19 seat 4 role defend fs 0 body 1 pos 7,21 stuck 0
RC POS 108 id 4 seat 0 role raid fs 1 body 1 pos 19,6 stuck 0
RC POS 108 id 6 seat 1 role expand fs 0 body 1 pos 9,15 stuck 0
RC POS 108 id 8 seat 2 role expand fs 0 body 1 pos 27,26 stuck 0
RC POS 108 id 10 seat 3 role raid fs 1 body 2 pos 17,4 stuck 0
RC POS 108 id 19 seat 4 role defend fs 0 body 1 pos 6,21 stuck 0
RC POS 109 id 4 seat 0 role raid fs 1 body 1 pos 19,5 stuck 0
RC POS 109 id 6 seat 1 role expand fs 0 body 1 pos 10,15 stuck 0
RC POS 109 id 8 seat 2 role expand fs 0 body 1 pos 27,27 stuck 0
RC POS 109 id 10 seat 3 role raid fs 1 body 2 pos 18,4 stuck 0
RC POS 109 id 19 seat 4 role defend fs 0 body 1 pos 7,21 stuck 0
RC POS 110 id 4 seat 0 role raid fs 1 body 1 pos 19,6 stuck 0
RC POS 110 id 6 seat 1 role expand fs 0 body 1 pos 9,15 stuck 0
RC POS 110 id 8 seat 2 role expand fs 0 body 1 pos 27,26 stuck 0
RC POS 110 id 10 seat 3 role raid fs 1 body 2 pos 17,4 stuck 0
RC POS 110 id 19 seat 4 role defend fs 0 body 1 pos 6,21 stuck 0
RC POS 111 id 4 seat 0 role raid fs 1 body 1 pos 19,5 stuck 0
RC POS 111 id 6 seat 1 role expand fs 0 body 1 pos 10,15 stuck 0
RC POS 111 id 8 seat 2 role expand fs 0 body 1 pos 27,27 stuck 0
RC POS 111 id 10 seat 3 role raid fs 1 body 2 pos 18,4 stuck 0
RC POS 111 id 19 seat 4 role defend fs 0 body 1 pos 7,21 stuck 0
RC POS 112 id 4 seat 0 role raid fs 1 body 1 pos 19,6 stuck 0
RC POS 112 id 6 seat 1 role expand fs 0 body 1 pos 9,15 stuck 0
RC POS 112 id 8 seat 2 role expand fs 0 body 1 pos 27,26 stuck 0
RC POS 112 id 10 seat 3 role raid fs 1 body 2 pos 17,4 stuck 0
RC POS 112 id 19 seat 4 role defend fs 0 body 1 pos 6,21 stuck 0
RC POS 113 id 4 seat 0 role raid fs 1 body 1 pos 19,5 stuck 0
RC POS 113 id 6 seat 1 role expand fs 0 body 1 pos 10,15 stuck 0
RC POS 113 id 8 seat 2 role expand fs 0 body 1 pos 27,27 stuck 0
RC POS 113 id 10 seat 3 role raid fs 1 body 2 pos 18,4 stuck 0
RC POS 113 id 19 seat 4 role defend fs 0 body 1 pos 7,21 stuck 0
RC POS 114 id 4 seat 0 role raid fs 1 body 1 pos 19,6 stuck 0
RC POS 114 id 6 seat 1 role expand fs 0 body 1 pos 9,15 stuck 0
RC POS 114 id 8 seat 2 role expand fs 0 body 1 pos 27,26 stuck 0
RC POS 114 id 10 seat 3 role raid fs 1 body 2 pos 17,4 stuck 0
RC POS 114 id 19 seat 4 role defend fs 0 body 1 pos 6,21 stuck 0
RC POS 115 id 4 seat 0 role raid fs 1 body 1 pos 19,5 stuck 0
RC POS 115 id 6 seat 1 role expand fs 0 body 1 pos 10,15 stuck 0
RC POS 115 id 8 seat 2 role expand fs 0 body 1 pos 27,27 stuck 0
RC POS 115 id 10 seat 3 role raid fs 1 body 2 pos 18,4 stuck 0
RC POS 115 id 19 seat 4 role defend fs 0 body 1 pos 7,21 stuck 0
RC POS 116 id 4 seat 0 role raid fs 1 body 1 pos 19,6 stuck 0
RC POS 116 id 6 seat 1 role expand fs 0 body 1 pos 9,15 stuck 0
RC POS 116 id 8 seat 2 role expand fs 0 body 1 pos 27,26 stuck 0
RC POS 116 id 10 seat 3 role raid fs 1 body 2 pos 17,4 stuck 0
RC POS 116 id 19 seat 4 role defend fs 0 body 1 pos 6,21 stuck 0
RC POS 117 id 4 seat 0 role raid fs 1 body 1 pos 19,5 stuck 0
RC POS 117 id 6 seat 1 role expand fs 0 body 1 pos 10,15 stuck 0
RC POS 117 id 8 seat 2 role expand fs 0 body 1 pos 27,27 stuck 0
RC POS 117 id 10 seat 3 role raid fs 1 body 2 pos 18,4 stuck 0
RC POS 117 id 19 seat 4 role defend fs 0 body 1 pos 7,21 stuck 0
RC POS 118 id 4 seat 0 role raid fs 1 body 1 pos 19,6 stuck 0
RC POS 118 id 6 seat 1 role expand fs 0 body 1 pos 9,15 stuck 0
RC POS 118 id 8 seat 2 role expand fs 0 body 1 pos 27,26 stuck 0
RC POS 118 id 10 seat 3 role raid fs 1 body 2 pos 17,4 stuck 0
RC POS 118 id 19 seat 4 role defend fs 0 body 1 pos 6,21 stuck 0
RC POS 119 id 4 seat 0 role raid fs 1 body 1 pos 19,5 stuck 0
RC POS 119 id 6 seat 1 role expand fs 0 body 1 pos 10,15 stuck 0
RC POS 119 id 8 seat 2 role expand fs 0 body 1 pos 27,27 stuck 0
RC POS 119 id 10 seat 3 role raid fs 1 body 2 pos 17,5 stuck 0
RC POS 119 id 19 seat 4 role defend fs 0 body 1 pos 7,21 stuck 0
RC POS 120 id 4 seat 0 role raid fs 1 body 1 pos 19,6 stuck 0
RC POS 120 id 6 seat 1 role expand fs 0 body 1 pos 9,15 stuck 0
RC POS 120 id 8 seat 2 role expand fs 0 body 1 pos 27,26 stuck 0
RC POS 120 id 10 seat 3 role raid fs 1 body 2 pos 17,4 stuck 0
RC POS 120 id 19 seat 4 role defend fs 0 body 1 pos 6,21 stuck 0
RC POS 121 id 4 seat 0 role raid fs 1 body 1 pos 19,5 stuck 0
RC POS 121 id 6 seat 1 role expand fs 0 body 1 pos 10,15 stuck 0
RC POS 121 id 8 seat 2 role expand fs 0 body 1 pos 27,27 stuck 0
RC POS 121 id 10 seat 3 role raid fs 1 body 2 pos 17,5 stuck 0
RC POS 121 id 19 seat 4 role defend fs 0 body 1 pos 7,21 stuck 0
RC POS 122 id 4 seat 0 role raid fs 1 body 1 pos 19,6 stuck 0
RC POS 122 id 6 seat 1 role expand fs 0 body 1 pos 9,15 stuck 0
RC POS 122 id 8 seat 2 role expand fs 0 body 1 pos 27,26 stuck 0
RC POS 122 id 10 seat 3 role raid fs 1 body 2 pos 17,4 stuck 0
RC POS 122 id 19 seat 4 role defend fs 0 body 1 pos 6,21 stuck 0
RC POS 123 id 4 seat 0 role raid fs 1 body 1 pos 19,5 stuck 0
RC POS 123 id 6 seat 1 role expand fs 0 body 1 pos 10,15 stuck 0
RC POS 123 id 8 seat 2 role expand fs 0 body 1 pos 27,27 stuck 0
RC POS 123 id 10 seat 3 role raid fs 1 body 2 pos 17,5 stuck 0
RC POS 123 id 19 seat 4 role defend fs 0 body 1 pos 7,21 stuck 0
RC POS 124 id 4 seat 0 role raid fs 1 body 1 pos 19,6 stuck 0
RC POS 124 id 6 seat 1 role expand fs 0 body 1 pos 9,15 stuck 0
RC POS 124 id 8 seat 2 role expand fs 0 body 1 pos 27,26 stuck 0
RC POS 124 id 10 seat 3 role raid fs 1 body 2 pos 17,4 stuck 0
RC POS 124 id 19 seat 4 role defend fs 0 body 1 pos 6,21 stuck 0
RC ECO 125 harvstore 2 harvseen -1 ti 14 units 7 scale 249.0
RC POS 125 id 4 seat 0 role raid fs 1 body 1 pos 19,5 stuck 0
RC POS 125 id 6 seat 1 role expand fs 0 body 1 pos 10,15 stuck 0
RC POS 125 id 8 seat 2 role expand fs 0 body 1 pos 27,27 stuck 0
RC POS 125 id 10 seat 3 role raid fs 1 body 2 pos 17,5 stuck 0
RC POS 125 id 19 seat 4 role defend fs 0 body 1 pos 7,21 stuck 0
RC POS 126 id 4 seat 0 role raid fs 1 body 1 pos 19,6 stuck 0
RC POS 126 id 6 seat 1 role expand fs 0 body 1 pos 9,15 stuck 0
RC POS 126 id 8 seat 2 role expand fs 0 body 1 pos 27,26 stuck 0
RC POS 126 id 10 seat 3 role raid fs 1 body 2 pos 17,4 stuck 0
RC POS 126 id 19 seat 4 role defend fs 0 body 1 pos 6,21 stuck 0
RC POS 127 id 4 seat 0 role raid fs 1 body 1 pos 19,5 stuck 0
RC POS 127 id 6 seat 1 role expand fs 0 body 1 pos 10,15 stuck 0
RC POS 127 id 8 seat 2 role expand fs 0 body 1 pos 27,27 stuck 0
RC POS 127 id 10 seat 3 role raid fs 1 body 2 pos 17,5 stuck 0
RC POS 127 id 19 seat 4 role defend fs 0 body 1 pos 7,21 stuck 0
RC POS 128 id 4 seat 0 role raid fs 1 body 1 pos 19,6 stuck 0
RC POS 128 id 6 seat 1 role expand fs 0 body 1 pos 9,15 stuck 0
RC POS 128 id 8 seat 2 role expand fs 0 body 1 pos 27,26 stuck 0
RC POS 128 id 10 seat 3 role raid fs 1 body 2 pos 17,4 stuck 0
RC POS 128 id 19 seat 4 role defend fs 0 body 1 pos 6,21 stuck 0
RC POS 129 id 4 seat 0 role raid fs 1 body 1 pos 19,5 stuck 0
RC POS 129 id 6 seat 1 role expand fs 0 body 1 pos 10,15 stuck 0
RC POS 129 id 8 seat 2 role expand fs 0 body 1 pos 27,27 stuck 0
RC POS 129 id 10 seat 3 role raid fs 1 body 2 pos 17,5 stuck 0
RC POS 129 id 19 seat 4 role defend fs 0 body 1 pos 7,21 stuck 0
RC POS 130 id 4 seat 0 role raid fs 1 body 1 pos 19,6 stuck 0
RC POS 130 id 6 seat 1 role expand fs 0 body 1 pos 9,15 stuck 0
RC POS 130 id 8 seat 2 role expand fs 0 body 1 pos 27,26 stuck 0
RC POS 130 id 10 seat 3 role raid fs 1 body 2 pos 17,4 stuck 0
RC POS 130 id 19 seat 4 role defend fs 0 body 1 pos 6,21 stuck 0
RC POS 131 id 4 seat 0 role raid fs 1 body 1 pos 19,5 stuck 0
RC POS 131 id 6 seat 1 role expand fs 0 body 1 pos 10,15 stuck 0
RC POS 131 id 8 seat 2 role expand fs 0 body 1 pos 27,27 stuck 0
RC POS 131 id 10 seat 3 role raid fs 1 body 2 pos 17,5 stuck 0
RC POS 131 id 19 seat 4 role defend fs 0 body 1 pos 7,21 stuck 0
RC POS 132 id 4 seat 0 role raid fs 1 body 1 pos 19,6 stuck 0
RC POS 132 id 6 seat 1 role expand fs 0 body 1 pos 9,15 stuck 0
RC POS 132 id 8 seat 2 role expand fs 0 body 1 pos 27,26 stuck 0
RC POS 132 id 10 seat 3 role raid fs 1 body 2 pos 17,4 stuck 0
RC POS 132 id 19 seat 4 role defend fs 0 body 1 pos 6,21 stuck 0
RC POS 133 id 4 seat 0 role raid fs 1 body 1 pos 19,5 stuck 0
RC POS 133 id 6 seat 1 role expand fs 0 body 1 pos 10,15 stuck 0
RC POS 133 id 8 seat 2 role expand fs 0 body 1 pos 27,27 stuck 0
RC POS 133 id 10 seat 3 role raid fs 1 body 2 pos 17,5 stuck 0
RC POS 133 id 19 seat 4 role defend fs 0 body 1 pos 7,21 stuck 0
RC POS 134 id 4 seat 0 role raid fs 1 body 1 pos 19,6 stuck 0
RC POS 134 id 6 seat 1 role expand fs 0 body 1 pos 9,15 stuck 0
RC POS 134 id 8 seat 2 role expand fs 0 body 1 pos 27,26 stuck 0
RC POS 134 id 10 seat 3 role raid fs 1 body 2 pos 17,4 stuck 0
RC POS 134 id 19 seat 4 role defend fs 0 body 1 pos 6,21 stuck 0
RC POS 135 id 4 seat 0 role raid fs 1 body 1 pos 19,5 stuck 0
RC POS 135 id 6 seat 1 role expand fs 0 body 1 pos 10,15 stuck 0
RC POS 135 id 8 seat 2 role expand fs 0 body 1 pos 27,27 stuck 0
RC POS 135 id 10 seat 3 role raid fs 1 body 2 pos 17,5 stuck 0
RC POS 135 id 19 seat 4 role defend fs 0 body 1 pos 7,21 stuck 0
RC POS 136 id 4 seat 0 role raid fs 1 body 1 pos 19,6 stuck 0
RC POS 136 id 6 seat 1 role expand fs 0 body 1 pos 9,15 stuck 0
RC POS 136 id 8 seat 2 role expand fs 0 body 1 pos 27,26 stuck 0
RC POS 136 id 10 seat 3 role raid fs 1 body 2 pos 17,4 stuck 0
RC POS 136 id 19 seat 4 role defend fs 0 body 1 pos 6,21 stuck 0
RC POS 137 id 4 seat 0 role raid fs 1 body 1 pos 19,5 stuck 0
RC POS 137 id 6 seat 1 role expand fs 0 body 1 pos 10,15 stuck 0
RC POS 137 id 8 seat 2 role expand fs 0 body 1 pos 27,27 stuck 0
RC POS 137 id 10 seat 3 role raid fs 1 body 2 pos 17,5 stuck 0
RC POS 137 id 19 seat 4 role defend fs 0 body 1 pos 7,21 stuck 0
RC POS 138 id 4 seat 0 role raid fs 1 body 1 pos 19,6 stuck 0
RC POS 138 id 6 seat 1 role expand fs 0 body 1 pos 9,15 stuck 0
RC POS 138 id 8 seat 2 role expand fs 0 body 1 pos 27,26 stuck 0
RC POS 138 id 10 seat 3 role raid fs 1 body 2 pos 17,4 stuck 0
RC POS 138 id 19 seat 4 role defend fs 0 body 1 pos 6,21 stuck 0
RC POS 139 id 4 seat 0 role raid fs 1 body 1 pos 19,5 stuck 0
RC POS 139 id 6 seat 1 role expand fs 0 body 1 pos 10,15 stuck 0
RC POS 139 id 8 seat 2 role expand fs 0 body 1 pos 27,27 stuck 0
RC POS 139 id 10 seat 3 role raid fs 1 body 2 pos 17,5 stuck 0
RC POS 139 id 19 seat 4 role defend fs 0 body 1 pos 7,21 stuck 0
RC POS 140 id 4 seat 0 role raid fs 1 body 1 pos 19,6 stuck 0
RC POS 140 id 6 seat 1 role expand fs 0 body 1 pos 9,15 stuck 0
RC POS 140 id 8 seat 2 role expand fs 0 body 1 pos 27,26 stuck 0
RC POS 140 id 10 seat 3 role raid fs 1 body 2 pos 17,4 stuck 0
RC POS 140 id 19 seat 4 role defend fs 0 body 1 pos 6,21 stuck 0
RC POS 141 id 4 seat 0 role raid fs 1 body 1 pos 19,5 stuck 0
RC POS 141 id 6 seat 1 role expand fs 0 body 1 pos 10,15 stuck 0
RC POS 141 id 8 seat 2 role expand fs 0 body 1 pos 27,27 stuck 0
RC POS 141 id 10 seat 3 role raid fs 1 body 2 pos 17,5 stuck 0
RC POS 141 id 19 seat 4 role defend fs 0 body 1 pos 7,21 stuck 0
RC POS 142 id 4 seat 0 role raid fs 1 body 1 pos 19,6 stuck 0
RC POS 142 id 6 seat 1 role expand fs 0 body 1 pos 9,15 stuck 0
RC POS 142 id 8 seat 2 role expand fs 0 body 1 pos 27,26 stuck 0
RC POS 142 id 10 seat 3 role raid fs 1 body 2 pos 17,4 stuck 0
RC POS 142 id 19 seat 4 role defend fs 0 body 1 pos 6,21 stuck 0
RC POS 143 id 4 seat 0 role raid fs 1 body 1 pos 19,5 stuck 0
RC POS 143 id 6 seat 1 role expand fs 0 body 1 pos 10,15 stuck 0
RC POS 143 id 8 seat 2 role expand fs 0 body 1 pos 27,27 stuck 0
RC POS 143 id 10 seat 3 role raid fs 1 body 2 pos 17,5 stuck 0
RC POS 143 id 19 seat 4 role defend fs 0 body 1 pos 7,21 stuck 0
RC POS 144 id 4 seat 0 role raid fs 1 body 1 pos 19,6 stuck 0
RC POS 144 id 6 seat 1 role expand fs 0 body 1 pos 9,15 stuck 0
RC POS 144 id 8 seat 2 role expand fs 0 body 1 pos 27,26 stuck 0
RC POS 144 id 10 seat 3 role raid fs 1 body 2 pos 17,4 stuck 0
RC POS 144 id 19 seat 4 role defend fs 0 body 1 pos 6,21 stuck 0
RC POS 145 id 4 seat 0 role raid fs 1 body 1 pos 19,5 stuck 0
RC POS 145 id 6 seat 1 role expand fs 0 body 1 pos 10,15 stuck 0
RC POS 145 id 8 seat 2 role expand fs 0 body 1 pos 27,27 stuck 0
RC POS 145 id 10 seat 3 role raid fs 1 body 2 pos 17,5 stuck 0
RC POS 145 id 19 seat 4 role defend fs 0 body 1 pos 7,21 stuck 0
RC POS 146 id 4 seat 0 role raid fs 1 body 1 pos 19,6 stuck 0
RC POS 146 id 6 seat 1 role expand fs 0 body 1 pos 9,15 stuck 0
RC POS 146 id 8 seat 2 role expand fs 0 body 1 pos 27,26 stuck 0
RC POS 146 id 10 seat 3 role raid fs 1 body 2 pos 17,4 stuck 0
RC POS 146 id 19 seat 4 role defend fs 0 body 1 pos 6,21 stuck 0
RC POS 147 id 4 seat 0 role raid fs 1 body 1 pos 19,5 stuck 0
RC POS 147 id 6 seat 1 role expand fs 0 body 1 pos 10,15 stuck 0
RC POS 147 id 8 seat 2 role expand fs 0 body 1 pos 27,27 stuck 0
RC POS 147 id 10 seat 3 role raid fs 1 body 2 pos 17,5 stuck 0
RC POS 147 id 19 seat 4 role defend fs 0 body 1 pos 7,21 stuck 0
RC POS 148 id 4 seat 0 role raid fs 1 body 1 pos 19,6 stuck 0
RC POS 148 id 6 seat 1 role expand fs 0 body 1 pos 9,15 stuck 0
RC POS 148 id 8 seat 2 role expand fs 0 body 1 pos 27,26 stuck 0
RC POS 148 id 10 seat 3 role raid fs 1 body 2 pos 17,4 stuck 0
RC POS 148 id 19 seat 4 role defend fs 0 body 1 pos 6,21 stuck 0
RC POS 149 id 4 seat 0 role raid fs 1 body 1 pos 19,5 stuck 0
RC POS 149 id 6 seat 1 role expand fs 0 body 1 pos 10,15 stuck 0
RC POS 149 id 8 seat 2 role expand fs 0 body 1 pos 27,27 stuck 0
RC POS 149 id 10 seat 3 role raid fs 1 body 2 pos 17,5 stuck 0
RC POS 149 id 19 seat 4 role defend fs 0 body 1 pos 7,21 stuck 0
RC ECO 150 harvstore 2 harvseen -1 ti 24 units 7 scale 249.0
RC POS 150 id 4 seat 0 role raid fs 1 body 1 pos 19,6 stuck 0
RC POS 150 id 6 seat 1 role expand fs 0 body 1 pos 9,15 stuck 0
RC POS 150 id 8 seat 2 role expand fs 0 body 1 pos 27,26 stuck 0
RC POS 150 id 10 seat 3 role raid fs 1 body 2 pos 17,4 stuck 0
RC POS 150 id 19 seat 4 role defend fs 0 body 1 pos 6,21 stuck 0
RC POS 151 id 4 seat 0 role raid fs 1 body 1 pos 19,5 stuck 0
RC POS 151 id 6 seat 1 role expand fs 0 body 1 pos 10,15 stuck 0
RC POS 151 id 8 seat 2 role expand fs 0 body 1 pos 27,27 stuck 0
RC POS 151 id 10 seat 3 role raid fs 1 body 2 pos 17,5 stuck 0
RC POS 151 id 19 seat 4 role defend fs 0 body 1 pos 7,21 stuck 0
RC POS 152 id 4 seat 0 role raid fs 1 body 1 pos 19,6 stuck 0
RC POS 152 id 6 seat 1 role expand fs 0 body 1 pos 9,15 stuck 0
RC POS 152 id 8 seat 2 role expand fs 0 body 1 pos 27,26 stuck 0
RC POS 152 id 10 seat 3 role raid fs 1 body 2 pos 17,4 stuck 0
RC POS 152 id 19 seat 4 role defend fs 0 body 1 pos 6,21 stuck 0
RC POS 153 id 4 seat 0 role raid fs 1 body 1 pos 19,5 stuck 0
RC POS 153 id 6 seat 1 role expand fs 0 body 1 pos 10,15 stuck 0
RC POS 153 id 8 seat 2 role expand fs 0 body 1 pos 27,27 stuck 0
RC POS 153 id 10 seat 3 role raid fs 1 body 2 pos 17,5 stuck 0
RC POS 153 id 19 seat 4 role defend fs 0 body 1 pos 7,21 stuck 0
RC POS 154 id 4 seat 0 role raid fs 1 body 1 pos 19,6 stuck 0
RC POS 154 id 6 seat 1 role expand fs 0 body 1 pos 9,15 stuck 0
RC POS 154 id 8 seat 2 role expand fs 0 body 1 pos 27,26 stuck 0
RC POS 154 id 10 seat 3 role raid fs 1 body 2 pos 17,4 stuck 0
RC POS 154 id 19 seat 4 role defend fs 0 body 1 pos 6,21 stuck 0
RC POS 155 id 4 seat 0 role raid fs 1 body 1 pos 19,5 stuck 0
RC POS 155 id 6 seat 1 role expand fs 0 body 1 pos 10,15 stuck 0
RC POS 155 id 8 seat 2 role expand fs 0 body 1 pos 27,27 stuck 0
RC POS 155 id 10 seat 3 role raid fs 1 body 2 pos 17,5 stuck 0
RC POS 155 id 19 seat 4 role defend fs 0 body 1 pos 7,21 stuck 0
RC POS 156 id 4 seat 0 role raid fs 1 body 1 pos 19,6 stuck 0
RC POS 156 id 6 seat 1 role expand fs 0 body 1 pos 9,15 stuck 0
RC POS 156 id 8 seat 2 role expand fs 0 body 1 pos 27,26 stuck 0
RC POS 156 id 10 seat 3 role raid fs 1 body 2 pos 17,4 stuck 0
RC POS 156 id 19 seat 4 role defend fs 0 body 1 pos 6,21 stuck 0
RC POS 157 id 4 seat 0 role raid fs 1 body 1 pos 19,5 stuck 0
RC POS 157 id 6 seat 1 role expand fs 0 body 1 pos 10,15 stuck 0
RC POS 157 id 8 seat 2 role expand fs 0 body 1 pos 27,27 stuck 0
RC POS 157 id 10 seat 3 role raid fs 1 body 2 pos 17,5 stuck 0
RC POS 157 id 19 seat 4 role defend fs 0 body 1 pos 7,21 stuck 0
RC POS 158 id 4 seat 0 role raid fs 1 body 1 pos 19,6 stuck 0
RC POS 158 id 6 seat 1 role expand fs 0 body 1 pos 9,15 stuck 0
RC POS 158 id 8 seat 2 role expand fs 0 body 1 pos 27,26 stuck 0
RC POS 158 id 10 seat 3 role raid fs 1 body 2 pos 17,4 stuck 0
RC POS 158 id 19 seat 4 role defend fs 0 body 1 pos 6,21 stuck 0
RC POS 159 id 4 seat 0 role raid fs 1 body 1 pos 19,5 stuck 0
RC POS 159 id 6 seat 1 role expand fs 0 body 1 pos 10,15 stuck 0
RC POS 159 id 8 seat 2 role expand fs 0 body 1 pos 27,27 stuck 0
RC POS 159 id 10 seat 3 role raid fs 1 body 2 pos 17,5 stuck 0
RC POS 159 id 19 seat 4 role defend fs 0 body 1 pos 7,21 stuck 0
RC POS 160 id 4 seat 0 role raid fs 1 body 1 pos 19,6 stuck 0
RC POS 160 id 6 seat 1 role expand fs 0 body 1 pos 9,15 stuck 0
RC POS 160 id 8 seat 2 role expand fs 0 body 1 pos 27,26 stuck 0
RC POS 160 id 10 seat 3 role raid fs 1 body 2 pos 17,4 stuck 0
RC POS 160 id 19 seat 4 role defend fs 0 body 1 pos 6,21 stuck 0
RC POS 161 id 4 seat 0 role raid fs 1 body 1 pos 19,5 stuck 0
RC POS 161 id 6 seat 1 role expand fs 0 body 1 pos 10,15 stuck 0
RC POS 161 id 8 seat 2 role expand fs 0 body 1 pos 27,27 stuck 0
RC POS 161 id 10 seat 3 role raid fs 1 body 2 pos 17,5 stuck 0
RC POS 161 id 19 seat 4 role defend fs 0 body 1 pos 7,21 stuck 0
RC POS 162 id 4 seat 0 role raid fs 1 body 1 pos 19,6 stuck 0
RC POS 162 id 6 seat 1 role expand fs 0 body 1 pos 9,15 stuck 0
RC POS 162 id 8 seat 2 role expand fs 0 body 1 pos 27,26 stuck 0
RC POS 162 id 10 seat 3 role raid fs 1 body 2 pos 17,4 stuck 0
RC POS 162 id 19 seat 4 role defend fs 0 body 1 pos 6,21 stuck 0
RC POS 163 id 4 seat 0 role raid fs 1 body 1 pos 19,5 stuck 0
RC POS 163 id 6 seat 1 role expand fs 0 body 1 pos 10,15 stuck 0
RC POS 163 id 8 seat 2 role expand fs 0 body 1 pos 27,27 stuck 0
RC POS 163 id 10 seat 3 role raid fs 1 body 2 pos 17,5 stuck 0
RC POS 163 id 19 seat 4 role defend fs 0 body 1 pos 7,21 stuck 0
RC POS 164 id 4 seat 0 role raid fs 1 body 1 pos 19,6 stuck 0
RC POS 164 id 6 seat 1 role expand fs 0 body 1 pos 9,15 stuck 0
RC POS 164 id 8 seat 2 role expand fs 0 body 1 pos 27,26 stuck 0
RC POS 164 id 10 seat 3 role raid fs 1 body 2 pos 17,4 stuck 0
RC POS 164 id 19 seat 4 role defend fs 0 body 1 pos 6,21 stuck 0
RC POS 165 id 4 seat 0 role raid fs 1 body 1 pos 19,5 stuck 0
RC POS 165 id 6 seat 1 role expand fs 0 body 1 pos 10,15 stuck 0
RC POS 165 id 8 seat 2 role expand fs 0 body 1 pos 27,27 stuck 0
RC POS 165 id 10 seat 3 role raid fs 1 body 2 pos 17,5 stuck 0
RC POS 165 id 19 seat 4 role defend fs 0 body 1 pos 7,21 stuck 0
RC POS 166 id 4 seat 0 role raid fs 1 body 1 pos 19,6 stuck 0
RC POS 166 id 6 seat 1 role expand fs 0 body 1 pos 9,15 stuck 0
RC POS 166 id 8 seat 2 role expand fs 0 body 1 pos 27,26 stuck 0
RC POS 166 id 10 seat 3 role raid fs 1 body 2 pos 17,4 stuck 0
RC POS 166 id 19 seat 4 role defend fs 0 body 1 pos 6,21 stuck 0
RC POS 167 id 4 seat 0 role raid fs 1 body 1 pos 19,5 stuck 0
RC POS 167 id 6 seat 1 role expand fs 0 body 1 pos 10,15 stuck 0
RC POS 167 id 8 seat 2 role expand fs 0 body 1 pos 27,27 stuck 0
RC POS 167 id 10 seat 3 role raid fs 1 body 2 pos 17,5 stuck 0
RC POS 167 id 19 seat 4 role defend fs 0 body 1 pos 7,21 stuck 0
RC POS 168 id 4 seat 0 role raid fs 1 body 1 pos 19,6 stuck 0
RC POS 168 id 6 seat 1 role expand fs 0 body 1 pos 9,15 stuck 0
RC POS 168 id 8 seat 2 role expand fs 0 body 1 pos 27,26 stuck 0
RC POS 168 id 10 seat 3 role raid fs 1 body 2 pos 17,4 stuck 0
RC POS 168 id 19 seat 4 role defend fs 0 body 1 pos 6,21 stuck 0
RC POS 169 id 4 seat 0 role raid fs 1 body 1 pos 19,5 stuck 0
RC POS 169 id 6 seat 1 role expand fs 0 body 1 pos 9,15 stuck 2
RC POS 169 id 8 seat 2 role expand fs 0 body 1 pos 27,27 stuck 0
RC POS 169 id 10 seat 3 role raid fs 1 body 2 pos 17,5 stuck 0
RC POS 169 id 19 seat 4 role defend fs 0 body 1 pos 7,21 stuck 0
RC POS 170 id 4 seat 0 role raid fs 1 body 1 pos 19,6 stuck 0
RC POS 170 id 6 seat 1 role expand fs 0 body 1 pos 10,15 stuck 0
RC POS 170 id 8 seat 2 role expand fs 0 body 1 pos 27,26 stuck 0
RC POS 170 id 10 seat 3 role raid fs 1 body 2 pos 17,4 stuck 0
RC POS 170 id 19 seat 4 role defend fs 0 body 1 pos 6,21 stuck 0
RC POS 171 id 4 seat 0 role raid fs 1 body 1 pos 19,5 stuck 0
RC POS 171 id 6 seat 1 role expand fs 0 body 1 pos 10,15 stuck 1
RC POS 171 id 8 seat 2 role expand fs 0 body 1 pos 27,27 stuck 0
RC POS 171 id 10 seat 3 role raid fs 1 body 2 pos 17,5 stuck 0
RC POS 171 id 19 seat 4 role defend fs 0 body 1 pos 7,21 stuck 0
RC POS 172 id 4 seat 0 role raid fs 1 body 1 pos 19,6 stuck 0
RC POS 172 id 6 seat 1 role expand fs 0 body 1 pos 10,16 stuck 0
RC POS 172 id 8 seat 2 role expand fs 0 body 1 pos 27,26 stuck 0
RC POS 172 id 10 seat 3 role raid fs 1 body 2 pos 17,4 stuck 0
RC POS 172 id 19 seat 4 role defend fs 0 body 1 pos 6,21 stuck 0
RC POS 173 id 4 seat 0 role raid fs 1 body 1 pos 19,5 stuck 0
RC POS 173 id 6 seat 1 role expand fs 0 body 1 pos 10,16 stuck 1
RC POS 173 id 8 seat 2 role expand fs 0 body 1 pos 27,27 stuck 0
RC POS 173 id 10 seat 3 role raid fs 1 body 2 pos 17,5 stuck 0
RC POS 173 id 19 seat 4 role defend fs 0 body 1 pos 7,21 stuck 0
RC POS 174 id 4 seat 0 role raid fs 1 body 1 pos 19,6 stuck 0
RC POS 174 id 6 seat 1 role expand fs 0 body 1 pos 10,17 stuck 0
RC POS 174 id 8 seat 2 role expand fs 0 body 1 pos 27,26 stuck 0
RC POS 174 id 10 seat 3 role raid fs 1 body 2 pos 17,4 stuck 0
RC POS 174 id 19 seat 4 role defend fs 0 body 1 pos 6,21 stuck 0
RC ECO 175 harvstore 3 harvseen -1 ti 21 units 7 scale 256.0
RC POS 175 id 4 seat 0 role raid fs 1 body 1 pos 19,5 stuck 0
RC POS 175 id 6 seat 1 role expand fs 0 body 1 pos 10,17 stuck 1
RC POS 175 id 8 seat 2 role expand fs 0 body 1 pos 27,27 stuck 0
RC POS 175 id 10 seat 3 role raid fs 1 body 2 pos 17,5 stuck 0
RC POS 175 id 19 seat 4 role defend fs 0 body 1 pos 7,21 stuck 0
RC POS 176 id 4 seat 0 role raid fs 1 body 1 pos 19,6 stuck 0
RC POS 176 id 6 seat 1 role expand fs 0 body 1 pos 10,17 stuck 2
RC POS 176 id 8 seat 2 role expand fs 0 body 1 pos 27,26 stuck 0
RC POS 176 id 10 seat 3 role raid fs 1 body 2 pos 17,4 stuck 0
RC POS 176 id 19 seat 4 role defend fs 0 body 1 pos 6,21 stuck 0
RC POS 177 id 4 seat 0 role raid fs 1 body 1 pos 19,5 stuck 0
RC POS 177 id 6 seat 1 role expand fs 0 body 1 pos 10,17 stuck 3
RC POS 177 id 8 seat 2 role expand fs 0 body 1 pos 27,27 stuck 0
RC POS 177 id 10 seat 3 role raid fs 1 body 2 pos 17,5 stuck 0
RC POS 177 id 19 seat 4 role defend fs 0 body 1 pos 7,21 stuck 0
RC POS 178 id 4 seat 0 role raid fs 1 body 1 pos 19,6 stuck 0
RC POS 178 id 6 seat 1 role expand fs 0 body 1 pos 10,18 stuck 0
RC POS 178 id 8 seat 2 role expand fs 0 body 1 pos 27,26 stuck 0
RC POS 178 id 10 seat 3 role raid fs 1 body 2 pos 17,4 stuck 0
RC POS 178 id 19 seat 4 role defend fs 0 body 1 pos 6,21 stuck 0
RC POS 179 id 4 seat 0 role raid fs 1 body 1 pos 19,5 stuck 0
RC POS 179 id 6 seat 1 role expand fs 0 body 1 pos 10,18 stuck 1
RC POS 179 id 8 seat 2 role expand fs 0 body 1 pos 27,27 stuck 0
RC POS 179 id 10 seat 3 role raid fs 1 body 2 pos 17,5 stuck 0
RC POS 179 id 19 seat 4 role defend fs 0 body 1 pos 7,21 stuck 0
RC POS 180 id 4 seat 0 role raid fs 1 body 1 pos 19,6 stuck 0
RC POS 180 id 6 seat 1 role expand fs 0 body 1 pos 11,18 stuck 0
RC POS 180 id 8 seat 2 role expand fs 0 body 1 pos 27,26 stuck 0
RC POS 180 id 10 seat 3 role raid fs 1 body 2 pos 17,4 stuck 0
RC POS 180 id 19 seat 4 role defend fs 0 body 1 pos 6,21 stuck 0
RC POS 181 id 4 seat 0 role raid fs 1 body 1 pos 19,5 stuck 0
RC POS 181 id 6 seat 1 role expand fs 0 body 1 pos 11,18 stuck 1
RC POS 181 id 8 seat 2 role expand fs 0 body 1 pos 27,27 stuck 0
RC POS 181 id 10 seat 3 role raid fs 1 body 2 pos 17,5 stuck 0
RC POS 181 id 19 seat 4 role defend fs 0 body 1 pos 7,21 stuck 0
RC POS 182 id 4 seat 0 role raid fs 1 body 1 pos 19,6 stuck 0
RC POS 182 id 6 seat 1 role expand fs 0 body 1 pos 11,19 stuck 0
RC POS 182 id 8 seat 2 role expand fs 0 body 1 pos 27,26 stuck 0
RC POS 182 id 10 seat 3 role raid fs 1 body 2 pos 17,4 stuck 0
RC POS 182 id 19 seat 4 role defend fs 0 body 1 pos 6,21 stuck 0
RC POS 183 id 4 seat 0 role raid fs 1 body 1 pos 19,5 stuck 0
RC POS 183 id 6 seat 1 role expand fs 0 body 1 pos 11,19 stuck 1
RC POS 183 id 8 seat 2 role expand fs 0 body 1 pos 27,27 stuck 0
RC POS 183 id 10 seat 3 role raid fs 1 body 2 pos 17,5 stuck 0
RC POS 183 id 19 seat 4 role defend fs 0 body 1 pos 7,21 stuck 0
RC POS 184 id 4 seat 0 role raid fs 1 body 1 pos 19,6 stuck 0
RC POS 184 id 6 seat 1 role expand fs 0 body 1 pos 11,19 stuck 2
RC POS 184 id 8 seat 2 role expand fs 0 body 1 pos 27,26 stuck 0
RC POS 184 id 10 seat 3 role raid fs 1 body 2 pos 17,4 stuck 0
RC POS 184 id 19 seat 4 role defend fs 0 body 1 pos 6,21 stuck 0
RC POS 185 id 4 seat 0 role raid fs 1 body 1 pos 19,5 stuck 0
RC POS 185 id 6 seat 1 role expand fs 0 body 1 pos 11,19 stuck 3
RC POS 185 id 8 seat 2 role expand fs 0 body 1 pos 27,27 stuck 0
RC POS 185 id 10 seat 3 role raid fs 1 body 2 pos 17,5 stuck 0
RC POS 185 id 19 seat 4 role defend fs 0 body 1 pos 7,21 stuck 0
RC POS 186 id 4 seat 0 role raid fs 1 body 1 pos 19,6 stuck 0
RC POS 186 id 6 seat 1 role expand fs 0 body 1 pos 12,19 stuck 0
RC POS 186 id 8 seat 2 role expand fs 0 body 1 pos 27,26 stuck 0
RC POS 186 id 10 seat 3 role raid fs 1 body 2 pos 17,4 stuck 0
RC POS 186 id 19 seat 4 role defend fs 0 body 1 pos 6,21 stuck 0
RC POS 187 id 4 seat 0 role raid fs 1 body 1 pos 19,5 stuck 0
RC POS 187 id 6 seat 1 role expand fs 0 body 1 pos 12,19 stuck 1
RC POS 187 id 8 seat 2 role expand fs 0 body 1 pos 27,27 stuck 0
RC POS 187 id 10 seat 3 role raid fs 1 body 2 pos 17,5 stuck 0
RC POS 187 id 19 seat 4 role defend fs 0 body 1 pos 7,21 stuck 0
RC POS 188 id 4 seat 0 role raid fs 1 body 1 pos 19,6 stuck 0
RC POS 188 id 6 seat 1 role expand fs 0 body 1 pos 13,19 stuck 0
RC POS 188 id 8 seat 2 role expand fs 0 body 1 pos 27,26 stuck 0
RC POS 188 id 10 seat 3 role raid fs 1 body 2 pos 17,4 stuck 0
RC POS 188 id 19 seat 4 role defend fs 0 body 1 pos 6,21 stuck 0
RC POS 189 id 4 seat 0 role raid fs 1 body 1 pos 19,5 stuck 0
RC POS 189 id 6 seat 1 role expand fs 0 body 1 pos 13,19 stuck 1
RC POS 189 id 8 seat 2 role expand fs 0 body 1 pos 27,27 stuck 0
RC POS 189 id 10 seat 3 role raid fs 1 body 2 pos 17,5 stuck 0
RC POS 189 id 19 seat 4 role defend fs 0 body 1 pos 7,21 stuck 0
RC POS 190 id 4 seat 0 role raid fs 1 body 1 pos 19,6 stuck 0
RC POS 190 id 6 seat 1 role expand fs 0 body 1 pos 13,20 stuck 0
RC POS 190 id 8 seat 2 role expand fs 0 body 1 pos 27,26 stuck 0
RC POS 190 id 10 seat 3 role raid fs 1 body 2 pos 17,4 stuck 0
RC POS 190 id 19 seat 4 role defend fs 0 body 1 pos 6,21 stuck 0
RC POS 191 id 4 seat 0 role raid fs 1 body 1 pos 19,5 stuck 0
RC POS 191 id 6 seat 1 role expand fs 0 body 1 pos 13,20 stuck 1
RC POS 191 id 8 seat 2 role expand fs 0 body 1 pos 27,27 stuck 0
RC POS 191 id 10 seat 3 role raid fs 1 body 2 pos 17,5 stuck 0
RC POS 191 id 19 seat 4 role defend fs 0 body 1 pos 7,21 stuck 0
RC POS 192 id 4 seat 0 role raid fs 1 body 1 pos 19,6 stuck 0
RC POS 192 id 6 seat 1 role expand fs 0 body 1 pos 13,20 stuck 2
RC POS 192 id 8 seat 2 role expand fs 0 body 1 pos 27,26 stuck 0
RC POS 192 id 10 seat 3 role raid fs 1 body 2 pos 17,4 stuck 0
RC POS 192 id 19 seat 4 role defend fs 0 body 1 pos 6,21 stuck 0
RC POS 193 id 4 seat 0 role raid fs 1 body 1 pos 19,5 stuck 0
RC POS 193 id 6 seat 1 role expand fs 0 body 1 pos 13,20 stuck 3
RC POS 193 id 8 seat 2 role expand fs 0 body 1 pos 27,27 stuck 0
RC POS 193 id 10 seat 3 role raid fs 1 body 2 pos 17,5 stuck 0
RC POS 193 id 19 seat 4 role defend fs 0 body 1 pos 7,21 stuck 0
RC POS 194 id 4 seat 0 role raid fs 1 body 1 pos 19,6 stuck 0
RC POS 194 id 6 seat 1 role expand fs 0 body 1 pos 13,21 stuck 0
RC POS 194 id 8 seat 2 role expand fs 0 body 1 pos 27,26 stuck 0
RC POS 194 id 10 seat 3 role raid fs 1 body 2 pos 17,4 stuck 0
RC POS 194 id 19 seat 4 role defend fs 0 body 1 pos 6,21 stuck 0
RC POS 195 id 4 seat 0 role raid fs 1 body 1 pos 19,5 stuck 0
RC POS 195 id 6 seat 1 role expand fs 0 body 1 pos 13,21 stuck 1
RC POS 195 id 8 seat 2 role expand fs 0 body 1 pos 27,27 stuck 0
RC POS 195 id 10 seat 3 role raid fs 1 body 2 pos 17,5 stuck 0
RC POS 195 id 19 seat 4 role defend fs 0 body 1 pos 7,21 stuck 0
RC POS 196 id 4 seat 0 role raid fs 1 body 1 pos 19,6 stuck 0
RC POS 196 id 6 seat 1 role expand fs 0 body 1 pos 13,21 stuck 2
RC POS 196 id 8 seat 2 role expand fs 0 body 1 pos 27,26 stuck 0
RC POS 196 id 10 seat 3 role raid fs 1 body 2 pos 17,4 stuck 0
RC POS 196 id 19 seat 4 role defend fs 0 body 1 pos 6,21 stuck 0
RC POS 197 id 4 seat 0 role raid fs 1 body 1 pos 19,5 stuck 0
RC POS 197 id 6 seat 1 role expand fs 0 body 1 pos 13,21 stuck 3
RC POS 197 id 8 seat 2 role expand fs 0 body 1 pos 27,27 stuck 0
RC POS 197 id 10 seat 3 role raid fs 1 body 2 pos 17,5 stuck 0
RC POS 197 id 19 seat 4 role defend fs 0 body 1 pos 7,21 stuck 0
RC POS 198 id 4 seat 0 role raid fs 1 body 1 pos 19,6 stuck 0
RC POS 198 id 6 seat 1 role expand fs 0 body 1 pos 13,22 stuck 0
RC POS 198 id 8 seat 2 role expand fs 0 body 1 pos 27,26 stuck 0
RC POS 198 id 10 seat 3 role raid fs 1 body 2 pos 17,4 stuck 0
RC POS 198 id 19 seat 4 role defend fs 0 body 1 pos 6,21 stuck 0
RC POS 199 id 4 seat 0 role raid fs 1 body 1 pos 19,5 stuck 0
RC POS 199 id 6 seat 1 role expand fs 0 body 1 pos 13,22 stuck 1
RC POS 199 id 8 seat 2 role expand fs 0 body 1 pos 27,27 stuck 0
RC POS 199 id 10 seat 3 role raid fs 1 body 2 pos 17,5 stuck 0
RC POS 199 id 19 seat 4 role defend fs 0 body 1 pos 7,21 stuck 0
RC ECO 200 harvstore 3 harvseen -1 ti 24 units 7 scale 265.0
RC POS 200 id 4 seat 0 role raid fs 1 body 1 pos 19,6 stuck 0
RC POS 200 id 6 seat 1 role expand fs 0 body 1 pos 13,23 stuck 0
RC POS 200 id 8 seat 2 role expand fs 0 body 1 pos 27,26 stuck 0
RC POS 200 id 10 seat 3 role raid fs 1 body 2 pos 17,4 stuck 0
RC POS 200 id 19 seat 4 role defend fs 0 body 1 pos 6,21 stuck 0
RC POS 201 id 4 seat 0 role raid fs 1 body 1 pos 19,5 stuck 0
RC POS 201 id 6 seat 1 role expand fs 0 body 1 pos 13,23 stuck 1
RC POS 201 id 8 seat 2 role expand fs 0 body 1 pos 27,27 stuck 0
RC POS 201 id 10 seat 3 role raid fs 1 body 2 pos 17,5 stuck 0
RC POS 201 id 19 seat 4 role defend fs 0 body 1 pos 7,21 stuck 0
RC POS 202 id 4 seat 0 role raid fs 1 body 1 pos 19,6 stuck 0
RC POS 202 id 6 seat 1 role expand fs 0 body 1 pos 13,23 stuck 2
RC POS 202 id 8 seat 2 role expand fs 0 body 1 pos 27,26 stuck 0
RC POS 202 id 10 seat 3 role raid fs 1 body 2 pos 17,4 stuck 0
RC POS 202 id 19 seat 4 role defend fs 0 body 1 pos 6,21 stuck 0
RC POS 203 id 4 seat 0 role raid fs 1 body 1 pos 19,5 stuck 0
RC POS 203 id 6 seat 1 role expand fs 0 body 1 pos 13,23 stuck 3
RC POS 203 id 8 seat 2 role expand fs 0 body 1 pos 27,27 stuck 0
RC POS 203 id 10 seat 3 role raid fs 1 body 2 pos 17,3 stuck 0
RC POS 203 id 19 seat 4 role defend fs 0 body 1 pos 7,21 stuck 0
RC POS 204 id 4 seat 0 role raid fs 1 body 1 pos 19,6 stuck 0
RC POS 204 id 6 seat 1 role expand fs 0 body 1 pos 13,23 stuck 4
RC POS 204 id 8 seat 2 role expand fs 0 body 1 pos 27,26 stuck 0
RC POS 204 id 10 seat 3 role raid fs 1 body 2 pos 17,4 stuck 0
RC POS 204 id 19 seat 4 role defend fs 0 body 1 pos 6,21 stuck 0
RC POS 205 id 4 seat 0 role raid fs 1 body 1 pos 19,5 stuck 0
RC POS 205 id 6 seat 1 role expand fs 0 body 1 pos 13,23 stuck 5
RC POS 205 id 8 seat 2 role expand fs 0 body 1 pos 27,27 stuck 0
RC POS 205 id 10 seat 3 role raid fs 1 body 2 pos 17,5 stuck 0
RC POS 205 id 19 seat 4 role defend fs 0 body 1 pos 7,21 stuck 0
RC POS 206 id 4 seat 0 role raid fs 1 body 1 pos 19,6 stuck 0
RC POS 206 id 6 seat 1 role expand fs 0 body 1 pos 13,23 stuck 6
RC POS 206 id 8 seat 2 role expand fs 0 body 1 pos 27,26 stuck 0
RC POS 206 id 10 seat 3 role raid fs 1 body 2 pos 16,5 stuck 0
RC POS 206 id 19 seat 4 role defend fs 0 body 1 pos 6,21 stuck 0
RC POS 207 id 4 seat 0 role raid fs 1 body 1 pos 19,5 stuck 0
RC POS 207 id 6 seat 1 role expand fs 0 body 1 pos 13,23 stuck 7
RC POS 207 id 8 seat 2 role expand fs 0 body 1 pos 27,27 stuck 0
RC POS 207 id 10 seat 3 role raid fs 1 body 2 pos 15,5 stuck 0
RC POS 207 id 19 seat 4 role defend fs 0 body 1 pos 7,21 stuck 0
RC POS 208 id 4 seat 0 role raid fs 1 body 1 pos 19,6 stuck 0
RC POS 208 id 6 seat 1 role expand fs 0 body 1 pos 13,23 stuck 8
RC POS 208 id 8 seat 2 role expand fs 0 body 1 pos 27,26 stuck 0
RC POS 208 id 10 seat 3 role raid fs 1 body 2 pos 14,5 stuck 0
RC POS 208 id 19 seat 4 role defend fs 0 body 1 pos 6,21 stuck 0
RC POS 209 id 4 seat 0 role raid fs 1 body 1 pos 19,5 stuck 0
RC POS 209 id 6 seat 1 role expand fs 0 body 1 pos 13,23 stuck 9
RC POS 209 id 8 seat 2 role expand fs 0 body 1 pos 27,27 stuck 0
RC POS 209 id 10 seat 3 role raid fs 1 body 2 pos 13,5 stuck 0
RC POS 209 id 19 seat 4 role defend fs 0 body 1 pos 7,21 stuck 0
RC POS 210 id 4 seat 0 role raid fs 1 body 1 pos 19,6 stuck 0
RC POS 210 id 6 seat 1 role expand fs 0 body 1 pos 13,23 stuck 10
RC POS 210 id 8 seat 2 role expand fs 0 body 1 pos 27,26 stuck 0
RC POS 210 id 10 seat 3 role raid fs 1 body 2 pos 13,5 stuck 1
RC POS 210 id 19 seat 4 role defend fs 0 body 1 pos 6,21 stuck 0
RC POS 211 id 4 seat 0 role raid fs 1 body 1 pos 19,5 stuck 0
RC POS 211 id 6 seat 1 role expand fs 0 body 1 pos 13,23 stuck 11
RC POS 211 id 8 seat 2 role expand fs 0 body 1 pos 27,27 stuck 0
RC POS 211 id 10 seat 3 role raid fs 1 body 2 pos 12,5 stuck 0
RC POS 211 id 19 seat 4 role defend fs 0 body 1 pos 7,21 stuck 0
RC POS 212 id 4 seat 0 role raid fs 1 body 1 pos 19,6 stuck 0
RC POS 212 id 6 seat 1 role expand fs 0 body 1 pos 13,23 stuck 12
RC POS 212 id 8 seat 2 role expand fs 0 body 1 pos 27,26 stuck 0
RC POS 212 id 10 seat 3 role raid fs 1 body 2 pos 12,4 stuck 0
RC POS 212 id 19 seat 4 role defend fs 0 body 1 pos 6,21 stuck 0
RC POS 213 id 4 seat 0 role raid fs 1 body 1 pos 19,5 stuck 0
RC POS 213 id 6 seat 1 role expand fs 0 body 1 pos 13,23 stuck 13
RC POS 213 id 8 seat 2 role expand fs 0 body 1 pos 27,27 stuck 0
RC POS 213 id 10 seat 3 role raid fs 1 body 2 pos 11,4 stuck 0
RC POS 213 id 19 seat 4 role defend fs 0 body 1 pos 7,21 stuck 0
RC POS 214 id 4 seat 0 role raid fs 1 body 1 pos 19,6 stuck 0
RC POS 214 id 6 seat 1 role expand fs 0 body 1 pos 13,23 stuck 14
RC POS 214 id 8 seat 2 role expand fs 0 body 1 pos 27,26 stuck 0
RC POS 214 id 10 seat 3 role raid fs 1 body 2 pos 11,3 stuck 0
RC POS 214 id 19 seat 4 role defend fs 0 body 1 pos 6,21 stuck 0
RC POS 215 id 4 seat 0 role raid fs 1 body 1 pos 19,5 stuck 0
RC POS 215 id 6 seat 1 role expand fs 0 body 1 pos 13,23 stuck 15
RC POS 215 id 8 seat 2 role expand fs 0 body 1 pos 27,27 stuck 0
RC POS 215 id 10 seat 3 role raid fs 1 body 2 pos 11,2 stuck 0
RC POS 215 id 19 seat 4 role defend fs 0 body 1 pos 7,21 stuck 0
RC POS 216 id 4 seat 0 role raid fs 1 body 1 pos 19,6 stuck 0
RC POS 216 id 6 seat 1 role expand fs 0 body 1 pos 13,23 stuck 16
RC POS 216 id 8 seat 2 role expand fs 0 body 1 pos 27,26 stuck 0
RC POS 216 id 10 seat 3 role raid fs 1 body 2 pos 12,2 stuck 0
RC POS 216 id 19 seat 4 role defend fs 0 body 1 pos 6,21 stuck 0
RC POS 217 id 4 seat 0 role raid fs 1 body 1 pos 19,5 stuck 0
RC POS 217 id 6 seat 1 role expand fs 0 body 1 pos 13,23 stuck 17
RC POS 217 id 8 seat 2 role expand fs 0 body 1 pos 27,27 stuck 0
RC POS 217 id 10 seat 3 role raid fs 1 body 2 pos 12,1 stuck 0
RC POS 217 id 19 seat 4 role defend fs 0 body 1 pos 7,21 stuck 0
RC POS 218 id 4 seat 0 role raid fs 1 body 1 pos 19,6 stuck 0
RC POS 218 id 6 seat 1 role expand fs 0 body 1 pos 13,24 stuck 0
RC POS 218 id 8 seat 2 role expand fs 0 body 1 pos 27,26 stuck 0
RC POS 218 id 10 seat 3 role raid fs 1 body 2 pos 12,1 stuck 1
RC POS 218 id 19 seat 4 role defend fs 0 body 1 pos 6,21 stuck 0
RC POS 219 id 4 seat 0 role raid fs 1 body 1 pos 19,5 stuck 0
RC POS 219 id 6 seat 1 role expand fs 0 body 1 pos 13,24 stuck 1
RC POS 219 id 8 seat 2 role expand fs 0 body 1 pos 27,27 stuck 0
RC POS 219 id 10 seat 3 role raid fs 1 body 2 pos 11,1 stuck 0
RC POS 219 id 19 seat 4 role defend fs 0 body 1 pos 7,21 stuck 0
RC POS 220 id 4 seat 0 role raid fs 1 body 1 pos 19,6 stuck 0
RC POS 220 id 6 seat 1 role expand fs 0 body 1 pos 13,24 stuck 2
RC POS 220 id 8 seat 2 role expand fs 0 body 1 pos 27,26 stuck 0
RC POS 220 id 10 seat 3 role raid fs 1 body 2 pos 10,1 stuck 0
RC POS 220 id 19 seat 4 role defend fs 0 body 1 pos 6,21 stuck 0
RC POS 221 id 4 seat 0 role raid fs 1 body 1 pos 19,5 stuck 0
RC POS 221 id 6 seat 1 role expand fs 0 body 1 pos 13,24 stuck 3
RC POS 221 id 8 seat 2 role expand fs 0 body 1 pos 27,27 stuck 0
RC POS 221 id 10 seat 3 role raid fs 1 body 2 pos 11,1 stuck 0
RC POS 221 id 19 seat 4 role defend fs 0 body 1 pos 7,21 stuck 0
RC POS 222 id 4 seat 0 role raid fs 1 body 1 pos 19,6 stuck 0
RC POS 222 id 6 seat 1 role expand fs 0 body 1 pos 13,24 stuck 4
RC POS 222 id 8 seat 2 role expand fs 0 body 1 pos 27,26 stuck 0
RC POS 222 id 10 seat 3 role raid fs 1 body 2 pos 10,1 stuck 0
RC POS 222 id 19 seat 4 role defend fs 0 body 1 pos 6,21 stuck 0
RC POS 223 id 4 seat 0 role raid fs 1 body 1 pos 19,5 stuck 0
RC POS 223 id 6 seat 1 role expand fs 0 body 1 pos 13,24 stuck 5
RC POS 223 id 8 seat 2 role expand fs 0 body 1 pos 27,27 stuck 0
RC POS 223 id 10 seat 3 role raid fs 1 body 2 pos 11,1 stuck 0
RC POS 223 id 19 seat 4 role defend fs 0 body 1 pos 7,21 stuck 0
RC POS 224 id 4 seat 0 role raid fs 1 body 1 pos 19,6 stuck 0
RC POS 224 id 6 seat 1 role expand fs 0 body 1 pos 13,24 stuck 6
RC POS 224 id 8 seat 2 role expand fs 0 body 1 pos 27,26 stuck 0
RC POS 224 id 10 seat 3 role raid fs 1 body 2 pos 10,1 stuck 0
RC POS 224 id 19 seat 4 role defend fs 0 body 1 pos 6,21 stuck 0
RC ECO 225 harvstore 3 harvseen -1 ti 24 units 7 scale 269.0
RC POS 225 id 4 seat 0 role raid fs 1 body 1 pos 19,5 stuck 0
RC POS 225 id 6 seat 1 role expand fs 0 body 1 pos 13,24 stuck 7
RC POS 225 id 8 seat 2 role expand fs 0 body 1 pos 27,27 stuck 0
RC POS 225 id 10 seat 3 role raid fs 1 body 2 pos 11,1 stuck 0
RC POS 225 id 19 seat 4 role defend fs 0 body 1 pos 7,21 stuck 0
RC POS 226 id 4 seat 0 role raid fs 1 body 1 pos 19,6 stuck 0
RC POS 226 id 6 seat 1 role expand fs 0 body 1 pos 12,24 stuck 0
RC POS 226 id 8 seat 2 role expand fs 0 body 1 pos 27,26 stuck 0
RC POS 226 id 10 seat 3 role raid fs 1 body 2 pos 11,2 stuck 0
RC POS 226 id 19 seat 4 role defend fs 0 body 1 pos 6,21 stuck 0
RC POS 227 id 4 seat 0 role raid fs 1 body 1 pos 19,5 stuck 0
RC POS 227 id 6 seat 1 role expand fs 0 body 1 pos 12,24 stuck 1
RC POS 227 id 8 seat 2 role expand fs 0 body 1 pos 27,27 stuck 0
RC POS 227 id 10 seat 3 role raid fs 1 body 2 pos 11,3 stuck 0
RC POS 227 id 19 seat 4 role defend fs 0 body 1 pos 7,21 stuck 0
RC POS 228 id 4 seat 0 role raid fs 1 body 1 pos 19,6 stuck 0
RC POS 228 id 6 seat 1 role expand fs 0 body 1 pos 13,24 stuck 0
RC POS 228 id 8 seat 2 role expand fs 0 body 1 pos 27,26 stuck 0
RC POS 228 id 10 seat 3 role raid fs 1 body 2 pos 12,3 stuck 0
RC POS 228 id 19 seat 4 role defend fs 0 body 1 pos 6,21 stuck 0
RC POS 229 id 4 seat 0 role raid fs 1 body 1 pos 19,5 stuck 0
RC POS 229 id 6 seat 1 role expand fs 0 body 1 pos 12,24 stuck 0
RC POS 229 id 8 seat 2 role expand fs 0 body 1 pos 27,27 stuck 0
RC POS 229 id 10 seat 3 role raid fs 1 body 2 pos 12,4 stuck 0
RC POS 229 id 19 seat 4 role defend fs 0 body 1 pos 7,21 stuck 0
RC POS 230 id 4 seat 0 role raid fs 1 body 1 pos 19,6 stuck 0
RC POS 230 id 6 seat 1 role expand fs 0 body 1 pos 12,25 stuck 0
RC POS 230 id 8 seat 2 role expand fs 0 body 1 pos 27,26 stuck 0
RC POS 230 id 10 seat 3 role raid fs 1 body 2 pos 12,3 stuck 0
RC POS 230 id 19 seat 4 role defend fs 0 body 1 pos 6,21 stuck 0
RC POS 231 id 4 seat 0 role raid fs 1 body 1 pos 19,5 stuck 0
RC POS 231 id 6 seat 1 role expand fs 0 body 1 pos 12,26 stuck 0
RC POS 231 id 8 seat 2 role expand fs 0 body 1 pos 27,27 stuck 0
RC POS 231 id 10 seat 3 role raid fs 1 body 2 pos 12,4 stuck 0
RC POS 231 id 19 seat 4 role defend fs 0 body 1 pos 7,21 stuck 0
RC POS 232 id 4 seat 0 role raid fs 1 body 1 pos 19,6 stuck 0
RC POS 232 id 6 seat 1 role expand fs 0 body 1 pos 12,26 stuck 1
RC POS 232 id 8 seat 2 role expand fs 0 body 1 pos 27,26 stuck 0
RC POS 232 id 10 seat 3 role raid fs 1 body 2 pos 12,3 stuck 0
RC POS 232 id 19 seat 4 role defend fs 0 body 1 pos 6,21 stuck 0
RC POS 233 id 4 seat 0 role raid fs 1 body 1 pos 19,5 stuck 0
RC POS 233 id 6 seat 1 role expand fs 0 body 1 pos 12,26 stuck 2
RC POS 233 id 8 seat 2 role expand fs 0 body 1 pos 27,27 stuck 0
RC POS 233 id 10 seat 3 role raid fs 1 body 2 pos 12,4 stuck 0
RC POS 233 id 19 seat 4 role defend fs 0 body 1 pos 7,21 stuck 0
RC POS 234 id 4 seat 0 role raid fs 1 body 1 pos 19,6 stuck 0
RC POS 234 id 6 seat 1 role expand fs 0 body 1 pos 12,26 stuck 3
RC POS 234 id 8 seat 2 role expand fs 0 body 1 pos 27,26 stuck 0
RC POS 234 id 10 seat 3 role raid fs 1 body 2 pos 12,3 stuck 0
RC POS 234 id 19 seat 4 role defend fs 0 body 1 pos 6,21 stuck 0
RC POS 235 id 4 seat 0 role raid fs 1 body 1 pos 19,5 stuck 0
RC POS 235 id 6 seat 1 role expand fs 0 body 1 pos 12,26 stuck 4
RC POS 235 id 8 seat 2 role expand fs 0 body 1 pos 27,27 stuck 0
RC POS 235 id 10 seat 3 role raid fs 1 body 2 pos 12,4 stuck 0
RC POS 235 id 19 seat 4 role defend fs 0 body 1 pos 7,21 stuck 0
RC POS 236 id 4 seat 0 role raid fs 1 body 1 pos 19,6 stuck 0
RC POS 236 id 6 seat 1 role expand fs 0 body 1 pos 12,26 stuck 5
RC POS 236 id 8 seat 2 role expand fs 0 body 1 pos 27,26 stuck 0
RC POS 236 id 10 seat 3 role raid fs 1 body 2 pos 12,3 stuck 0
RC POS 236 id 19 seat 4 role defend fs 0 body 1 pos 6,21 stuck 0
RC POS 237 id 4 seat 0 role raid fs 1 body 1 pos 19,5 stuck 0
RC POS 237 id 6 seat 1 role expand fs 0 body 1 pos 12,25 stuck 0
RC POS 237 id 8 seat 2 role expand fs 0 body 1 pos 27,27 stuck 0
RC POS 237 id 10 seat 3 role raid fs 1 body 2 pos 12,4 stuck 0
RC POS 237 id 19 seat 4 role defend fs 0 body 1 pos 7,21 stuck 0
RC POS 238 id 4 seat 0 role raid fs 1 body 1 pos 19,6 stuck 0
RC POS 238 id 6 seat 1 role expand fs 0 body 1 pos 12,24 stuck 0
RC POS 238 id 8 seat 2 role expand fs 0 body 1 pos 27,26 stuck 0
RC POS 238 id 10 seat 3 role raid fs 1 body 2 pos 12,3 stuck 0
RC POS 238 id 19 seat 4 role defend fs 0 body 1 pos 6,21 stuck 0
RC POS 239 id 4 seat 0 role raid fs 1 body 1 pos 19,5 stuck 0
RC POS 239 id 6 seat 1 role expand fs 0 body 1 pos 12,23 stuck 0
RC POS 239 id 8 seat 2 role expand fs 0 body 1 pos 27,27 stuck 0
RC POS 239 id 10 seat 3 role raid fs 1 body 2 pos 12,4 stuck 0
RC POS 239 id 19 seat 4 role defend fs 0 body 1 pos 7,21 stuck 0
RC POS 240 id 4 seat 0 role raid fs 1 body 1 pos 19,6 stuck 0
RC POS 240 id 6 seat 1 role expand fs 0 body 1 pos 12,22 stuck 0
RC POS 240 id 8 seat 2 role expand fs 0 body 1 pos 27,26 stuck 0
RC POS 240 id 10 seat 3 role raid fs 1 body 2 pos 12,3 stuck 0
RC POS 240 id 19 seat 4 role defend fs 0 body 1 pos 6,21 stuck 0
RC POS 241 id 4 seat 0 role raid fs 1 body 1 pos 19,5 stuck 0
RC POS 241 id 6 seat 1 role expand fs 0 body 1 pos 12,21 stuck 0
RC POS 241 id 8 seat 2 role expand fs 0 body 1 pos 27,27 stuck 0
RC POS 241 id 10 seat 3 role raid fs 1 body 2 pos 12,4 stuck 0
RC POS 241 id 19 seat 4 role defend fs 0 body 1 pos 7,21 stuck 0
RC POS 242 id 4 seat 0 role raid fs 1 body 1 pos 19,6 stuck 0
RC POS 242 id 6 seat 1 role expand fs 0 body 1 pos 12,20 stuck 0
RC POS 242 id 8 seat 2 role expand fs 0 body 1 pos 27,26 stuck 0
RC POS 242 id 10 seat 3 role raid fs 1 body 2 pos 12,3 stuck 0
RC POS 242 id 19 seat 4 role defend fs 0 body 1 pos 6,21 stuck 0
RC POS 243 id 4 seat 0 role raid fs 1 body 1 pos 19,5 stuck 0
RC POS 243 id 6 seat 1 role expand fs 0 body 1 pos 12,19 stuck 0
RC POS 243 id 8 seat 2 role expand fs 0 body 1 pos 27,27 stuck 0
RC POS 243 id 10 seat 3 role raid fs 1 body 2 pos 12,4 stuck 0
RC POS 243 id 19 seat 4 role defend fs 0 body 1 pos 7,21 stuck 0
RC POS 244 id 4 seat 0 role raid fs 1 body 1 pos 19,6 stuck 0
RC POS 244 id 6 seat 1 role expand fs 0 body 1 pos 13,19 stuck 0
RC POS 244 id 8 seat 2 role expand fs 0 body 1 pos 27,26 stuck 0
RC POS 244 id 10 seat 3 role raid fs 1 body 2 pos 12,3 stuck 0
RC POS 244 id 19 seat 4 role defend fs 0 body 1 pos 6,21 stuck 0
RC POS 245 id 4 seat 0 role raid fs 1 body 1 pos 19,5 stuck 0
RC POS 245 id 6 seat 1 role expand fs 0 body 1 pos 14,19 stuck 0
RC POS 245 id 8 seat 2 role expand fs 0 body 1 pos 27,27 stuck 0
RC POS 245 id 10 seat 3 role raid fs 1 body 2 pos 12,4 stuck 0
RC POS 245 id 19 seat 4 role defend fs 0 body 1 pos 7,21 stuck 0
RC POS 246 id 4 seat 0 role raid fs 1 body 1 pos 19,6 stuck 0
RC POS 246 id 6 seat 1 role expand fs 0 body 1 pos 14,18 stuck 0
RC POS 246 id 8 seat 2 role expand fs 0 body 1 pos 27,26 stuck 0
RC POS 246 id 10 seat 3 role raid fs 1 body 2 pos 12,3 stuck 0
RC POS 246 id 19 seat 4 role defend fs 0 body 1 pos 6,21 stuck 0
RC POS 247 id 4 seat 0 role raid fs 1 body 1 pos 19,5 stuck 0
RC POS 247 id 6 seat 1 role expand fs 0 body 1 pos 14,17 stuck 0
RC POS 247 id 8 seat 2 role expand fs 0 body 1 pos 27,27 stuck 0
RC POS 247 id 10 seat 3 role raid fs 1 body 2 pos 12,4 stuck 0
RC POS 247 id 19 seat 4 role defend fs 0 body 1 pos 7,21 stuck 0
RC POS 248 id 4 seat 0 role raid fs 1 body 1 pos 19,6 stuck 0
RC POS 248 id 6 seat 1 role expand fs 0 body 1 pos 14,16 stuck 0
RC POS 248 id 8 seat 2 role expand fs 0 body 1 pos 27,26 stuck 0
RC POS 248 id 10 seat 3 role raid fs 1 body 2 pos 12,3 stuck 0
RC POS 248 id 19 seat 4 role defend fs 0 body 1 pos 6,21 stuck 0
RC POS 249 id 4 seat 0 role raid fs 1 body 1 pos 19,5 stuck 0
RC POS 249 id 6 seat 1 role expand fs 0 body 1 pos 14,16 stuck 1
RC POS 249 id 8 seat 2 role expand fs 0 body 1 pos 27,27 stuck 0
RC POS 249 id 10 seat 3 role raid fs 1 body 2 pos 12,4 stuck 0
RC POS 249 id 19 seat 4 role defend fs 0 body 1 pos 7,21 stuck 0
RC ECO 250 harvstore 4 harvseen -1 ti 21 units 7 scale 275.0
RC POS 250 id 4 seat 0 role raid fs 1 body 1 pos 19,6 stuck 0
RC POS 250 id 6 seat 1 role expand fs 0 body 1 pos 14,16 stuck 2
RC POS 250 id 8 seat 2 role expand fs 0 body 1 pos 27,26 stuck 0
RC POS 250 id 10 seat 3 role raid fs 1 body 2 pos 12,3 stuck 0
RC POS 250 id 19 seat 4 role defend fs 0 body 1 pos 6,21 stuck 0
RC POS 251 id 4 seat 0 role raid fs 1 body 1 pos 19,5 stuck 0
RC POS 251 id 6 seat 1 role expand fs 0 body 1 pos 14,16 stuck 3
RC POS 251 id 8 seat 2 role expand fs 0 body 1 pos 27,27 stuck 0
RC POS 251 id 10 seat 3 role raid fs 1 body 2 pos 12,4 stuck 0
RC POS 251 id 19 seat 4 role defend fs 0 body 1 pos 7,21 stuck 0
RC POS 252 id 4 seat 0 role raid fs 1 body 1 pos 19,6 stuck 0
RC POS 252 id 6 seat 1 role expand fs 0 body 1 pos 14,16 stuck 4
RC POS 252 id 8 seat 2 role expand fs 0 body 1 pos 27,26 stuck 0
RC POS 252 id 10 seat 3 role raid fs 1 body 2 pos 12,3 stuck 0
RC POS 252 id 19 seat 4 role defend fs 0 body 1 pos 6,21 stuck 0
RC POS 253 id 4 seat 0 role raid fs 1 body 1 pos 19,5 stuck 0
RC POS 253 id 6 seat 1 role expand fs 0 body 1 pos 14,16 stuck 5
RC POS 253 id 8 seat 2 role expand fs 0 body 1 pos 27,27 stuck 0
RC POS 253 id 10 seat 3 role raid fs 1 body 2 pos 12,4 stuck 0
RC POS 253 id 19 seat 4 role defend fs 0 body 1 pos 7,21 stuck 0
RC POS 254 id 4 seat 0 role raid fs 1 body 1 pos 19,6 stuck 0
RC POS 254 id 6 seat 1 role expand fs 0 body 1 pos 14,16 stuck 6
RC POS 254 id 8 seat 2 role expand fs 0 body 1 pos 27,26 stuck 0
RC POS 254 id 10 seat 3 role raid fs 1 body 2 pos 12,3 stuck 0
RC POS 254 id 19 seat 4 role defend fs 0 body 1 pos 6,21 stuck 0
RC POS 255 id 4 seat 0 role raid fs 1 body 1 pos 19,5 stuck 0
RC POS 255 id 6 seat 1 role expand fs 0 body 1 pos 14,16 stuck 7
RC POS 255 id 8 seat 2 role expand fs 0 body 1 pos 27,27 stuck 0
RC POS 255 id 10 seat 3 role raid fs 1 body 2 pos 12,4 stuck 0
RC POS 255 id 19 seat 4 role defend fs 0 body 1 pos 7,21 stuck 0
RC POS 256 id 4 seat 0 role raid fs 1 body 1 pos 19,6 stuck 0
RC POS 256 id 6 seat 1 role expand fs 0 body 1 pos 14,17 stuck 0
RC POS 256 id 8 seat 2 role expand fs 0 body 1 pos 27,26 stuck 0
RC POS 256 id 10 seat 3 role raid fs 1 body 2 pos 12,3 stuck 0
RC POS 256 id 19 seat 4 role defend fs 0 body 1 pos 6,21 stuck 0
RC POS 257 id 4 seat 0 role raid fs 1 body 1 pos 19,5 stuck 0
RC POS 257 id 6 seat 1 role expand fs 0 body 1 pos 14,18 stuck 0
RC POS 257 id 8 seat 2 role expand fs 0 body 1 pos 27,27 stuck 0
RC POS 257 id 10 seat 3 role raid fs 1 body 2 pos 12,4 stuck 0
RC POS 257 id 19 seat 4 role defend fs 0 body 1 pos 7,21 stuck 0
RC POS 258 id 4 seat 0 role raid fs 1 body 1 pos 19,6 stuck 0
RC POS 258 id 6 seat 1 role expand fs 0 body 1 pos 14,19 stuck 0
RC POS 258 id 8 seat 2 role expand fs 0 body 1 pos 27,26 stuck 0
RC POS 258 id 10 seat 3 role raid fs 1 body 2 pos 12,3 stuck 0
RC POS 258 id 19 seat 4 role defend fs 0 body 1 pos 6,21 stuck 0
RC POS 259 id 4 seat 0 role raid fs 1 body 1 pos 19,5 stuck 0
RC POS 259 id 6 seat 1 role expand fs 0 body 1 pos 14,20 stuck 0
RC POS 259 id 8 seat 2 role expand fs 0 body 1 pos 27,27 stuck 0
RC POS 259 id 10 seat 3 role raid fs 1 body 2 pos 12,4 stuck 0
RC POS 259 id 19 seat 4 role defend fs 0 body 1 pos 7,21 stuck 0
RC POS 260 id 4 seat 0 role raid fs 1 body 1 pos 19,6 stuck 0
RC POS 260 id 6 seat 1 role expand fs 0 body 1 pos 14,21 stuck 0
RC POS 260 id 8 seat 2 role expand fs 0 body 1 pos 27,26 stuck 0
RC POS 260 id 10 seat 3 role raid fs 1 body 2 pos 12,3 stuck 0
RC POS 260 id 19 seat 4 role defend fs 0 body 1 pos 6,21 stuck 0
RC POS 261 id 4 seat 0 role raid fs 1 body 1 pos 19,5 stuck 0
RC POS 261 id 6 seat 1 role expand fs 0 body 1 pos 14,22 stuck 0
RC POS 261 id 8 seat 2 role expand fs 0 body 1 pos 27,27 stuck 0
RC POS 261 id 10 seat 3 role raid fs 1 body 2 pos 12,4 stuck 0
RC POS 261 id 19 seat 4 role defend fs 0 body 1 pos 7,21 stuck 0
RC POS 262 id 4 seat 0 role raid fs 1 body 1 pos 19,6 stuck 0
RC POS 262 id 6 seat 1 role expand fs 0 body 1 pos 14,23 stuck 0
RC POS 262 id 8 seat 2 role expand fs 0 body 1 pos 27,26 stuck 0
RC POS 262 id 10 seat 3 role raid fs 1 body 2 pos 12,3 stuck 0
RC POS 262 id 19 seat 4 role defend fs 0 body 1 pos 6,21 stuck 0
RC POS 263 id 4 seat 0 role raid fs 1 body 1 pos 19,5 stuck 0
RC POS 263 id 6 seat 1 role expand fs 0 body 1 pos 13,23 stuck 0
RC POS 263 id 8 seat 2 role expand fs 0 body 1 pos 27,27 stuck 0
RC POS 263 id 10 seat 3 role raid fs 1 body 2 pos 12,4 stuck 0
RC POS 263 id 19 seat 4 role defend fs 0 body 1 pos 7,21 stuck 0
RC POS 264 id 4 seat 0 role raid fs 1 body 1 pos 19,6 stuck 0
RC POS 264 id 6 seat 1 role expand fs 0 body 1 pos 13,24 stuck 0
RC POS 264 id 8 seat 2 role expand fs 0 body 1 pos 27,26 stuck 0
RC POS 264 id 10 seat 3 role raid fs 1 body 2 pos 12,3 stuck 0
RC POS 264 id 19 seat 4 role defend fs 0 body 1 pos 6,21 stuck 0
RC POS 265 id 4 seat 0 role raid fs 1 body 1 pos 19,5 stuck 0
RC POS 265 id 6 seat 1 role expand fs 0 body 1 pos 13,23 stuck 0
RC POS 265 id 8 seat 2 role expand fs 0 body 1 pos 27,27 stuck 0
RC POS 265 id 10 seat 3 role raid fs 1 body 2 pos 12,4 stuck 0
RC POS 265 id 19 seat 4 role defend fs 0 body 1 pos 7,21 stuck 0
RC POS 266 id 4 seat 0 role raid fs 1 body 1 pos 19,6 stuck 0
RC POS 266 id 6 seat 1 role expand fs 0 body 1 pos 13,24 stuck 0
RC POS 266 id 8 seat 2 role expand fs 0 body 1 pos 27,26 stuck 0
RC POS 266 id 10 seat 3 role raid fs 1 body 2 pos 12,3 stuck 0
RC POS 266 id 19 seat 4 role defend fs 0 body 1 pos 6,21 stuck 0
RC POS 267 id 4 seat 0 role raid fs 1 body 1 pos 19,5 stuck 0
RC POS 267 id 6 seat 1 role expand fs 0 body 1 pos 13,23 stuck 0
RC POS 267 id 8 seat 2 role expand fs 0 body 1 pos 27,27 stuck 0
RC POS 267 id 10 seat 3 role raid fs 1 body 2 pos 12,4 stuck 0
RC POS 267 id 19 seat 4 role defend fs 0 body 1 pos 7,21 stuck 0
RC POS 268 id 4 seat 0 role raid fs 1 body 1 pos 19,6 stuck 0
RC POS 268 id 6 seat 1 role expand fs 0 body 1 pos 13,24 stuck 0
RC POS 268 id 8 seat 2 role expand fs 0 body 1 pos 27,26 stuck 0
RC POS 268 id 10 seat 3 role raid fs 1 body 2 pos 12,3 stuck 0
RC POS 268 id 19 seat 4 role defend fs 0 body 1 pos 6,21 stuck 0
RC POS 269 id 4 seat 0 role raid fs 1 body 1 pos 19,5 stuck 0
RC POS 269 id 6 seat 1 role expand fs 0 body 1 pos 13,23 stuck 0
RC POS 269 id 8 seat 2 role expand fs 0 body 1 pos 27,27 stuck 0
RC POS 269 id 10 seat 3 role raid fs 1 body 2 pos 12,4 stuck 0
RC POS 269 id 19 seat 4 role defend fs 0 body 1 pos 7,21 stuck 0
RC POS 270 id 4 seat 0 role raid fs 1 body 1 pos 19,6 stuck 0
RC POS 270 id 6 seat 1 role expand fs 0 body 1 pos 13,24 stuck 0
RC POS 270 id 8 seat 2 role expand fs 0 body 1 pos 27,26 stuck 0
RC POS 270 id 10 seat 3 role raid fs 1 body 2 pos 12,3 stuck 0
RC POS 270 id 19 seat 4 role defend fs 0 body 1 pos 6,21 stuck 0
RC POS 271 id 4 seat 0 role raid fs 1 body 1 pos 19,5 stuck 0
RC POS 271 id 6 seat 1 role expand fs 0 body 1 pos 13,23 stuck 0
RC POS 271 id 8 seat 2 role expand fs 0 body 1 pos 27,27 stuck 0
RC POS 271 id 10 seat 3 role raid fs 1 body 2 pos 12,4 stuck 0
RC POS 271 id 19 seat 4 role defend fs 0 body 1 pos 7,21 stuck 0
RC POS 272 id 4 seat 0 role raid fs 1 body 1 pos 19,6 stuck 0
RC POS 272 id 6 seat 1 role expand fs 0 body 1 pos 13,24 stuck 0
RC POS 272 id 8 seat 2 role expand fs 0 body 1 pos 27,26 stuck 0
RC POS 272 id 10 seat 3 role raid fs 1 body 2 pos 12,3 stuck 0
RC POS 272 id 19 seat 4 role defend fs 0 body 1 pos 6,21 stuck 0
RC POS 273 id 4 seat 0 role raid fs 1 body 1 pos 19,5 stuck 0
RC POS 273 id 6 seat 1 role expand fs 0 body 1 pos 13,23 stuck 0
RC POS 273 id 8 seat 2 role expand fs 0 body 1 pos 27,27 stuck 0
RC POS 273 id 10 seat 3 role raid fs 1 body 2 pos 12,4 stuck 0
RC POS 273 id 19 seat 4 role defend fs 0 body 1 pos 7,21 stuck 0
RC POS 274 id 4 seat 0 role raid fs 1 body 1 pos 19,6 stuck 0
RC POS 274 id 6 seat 1 role expand fs 0 body 1 pos 13,24 stuck 0
RC POS 274 id 8 seat 2 role expand fs 0 body 1 pos 27,26 stuck 0
RC POS 274 id 10 seat 3 role raid fs 1 body 2 pos 12,3 stuck 0
RC POS 274 id 19 seat 4 role defend fs 0 body 1 pos 6,21 stuck 0
RC ECO 275 harvstore 4 harvseen -1 ti 16 units 7 scale 270.0
RC POS 275 id 4 seat 0 role raid fs 1 body 1 pos 19,5 stuck 0
RC POS 275 id 6 seat 1 role expand fs 0 body 1 pos 13,23 stuck 0
RC POS 275 id 8 seat 2 role expand fs 0 body 1 pos 27,27 stuck 0
RC POS 275 id 10 seat 3 role raid fs 1 body 2 pos 12,4 stuck 0
RC POS 275 id 19 seat 4 role defend fs 0 body 1 pos 7,21 stuck 0
RC POS 276 id 4 seat 0 role raid fs 1 body 1 pos 19,6 stuck 0
RC POS 276 id 6 seat 1 role expand fs 0 body 1 pos 13,24 stuck 0
RC POS 276 id 8 seat 2 role expand fs 0 body 1 pos 27,26 stuck 0
RC POS 276 id 10 seat 3 role raid fs 1 body 2 pos 12,3 stuck 0
RC POS 276 id 19 seat 4 role defend fs 0 body 1 pos 6,21 stuck 0
RC POS 277 id 4 seat 0 role raid fs 1 body 1 pos 19,5 stuck 0
RC POS 277 id 6 seat 1 role expand fs 0 body 1 pos 13,23 stuck 0
RC POS 277 id 8 seat 2 role expand fs 0 body 1 pos 27,27 stuck 0
RC POS 277 id 10 seat 3 role raid fs 1 body 2 pos 12,4 stuck 0
RC POS 277 id 19 seat 4 role defend fs 0 body 1 pos 7,21 stuck 0
RC POS 278 id 4 seat 0 role raid fs 1 body 1 pos 19,6 stuck 0
RC POS 278 id 6 seat 1 role expand fs 0 body 1 pos 13,24 stuck 0
RC POS 278 id 8 seat 2 role expand fs 0 body 1 pos 27,26 stuck 0
RC POS 278 id 10 seat 3 role raid fs 1 body 2 pos 12,3 stuck 0
RC POS 278 id 19 seat 4 role defend fs 0 body 1 pos 6,21 stuck 0
RC POS 279 id 4 seat 0 role raid fs 1 body 1 pos 19,5 stuck 0
RC POS 279 id 6 seat 1 role expand fs 0 body 1 pos 13,23 stuck 0
RC POS 279 id 8 seat 2 role expand fs 0 body 1 pos 27,27 stuck 0
RC POS 279 id 10 seat 3 role raid fs 1 body 2 pos 12,4 stuck 0
RC POS 279 id 19 seat 4 role defend fs 0 body 1 pos 7,21 stuck 0
RC POS 280 id 4 seat 0 role raid fs 1 body 1 pos 19,6 stuck 0
RC POS 280 id 6 seat 1 role expand fs 0 body 1 pos 13,24 stuck 0
RC POS 280 id 8 seat 2 role expand fs 0 body 1 pos 27,26 stuck 0
RC POS 280 id 10 seat 3 role raid fs 1 body 2 pos 12,3 stuck 0
RC POS 280 id 19 seat 4 role defend fs 0 body 1 pos 6,21 stuck 0
RC POS 281 id 4 seat 0 role raid fs 1 body 1 pos 19,5 stuck 0
RC POS 281 id 6 seat 1 role expand fs 0 body 1 pos 13,23 stuck 0
RC POS 281 id 8 seat 2 role expand fs 0 body 1 pos 27,27 stuck 0
RC POS 281 id 10 seat 3 role raid fs 1 body 2 pos 12,4 stuck 0
RC POS 281 id 19 seat 4 role defend fs 0 body 1 pos 7,21 stuck 0
RC POS 282 id 4 seat 0 role raid fs 1 body 1 pos 19,6 stuck 0
RC POS 282 id 6 seat 1 role expand fs 0 body 1 pos 13,24 stuck 0
RC POS 282 id 8 seat 2 role expand fs 0 body 1 pos 27,26 stuck 0
RC POS 282 id 10 seat 3 role raid fs 1 body 2 pos 12,3 stuck 0
RC POS 282 id 19 seat 4 role defend fs 0 body 1 pos 6,21 stuck 0
RC POS 283 id 4 seat 0 role raid fs 1 body 1 pos 19,5 stuck 0
RC POS 283 id 6 seat 1 role expand fs 0 body 1 pos 13,23 stuck 0
RC POS 283 id 8 seat 2 role expand fs 0 body 1 pos 27,27 stuck 0
RC POS 283 id 10 seat 3 role raid fs 1 body 2 pos 12,4 stuck 0
RC POS 283 id 19 seat 4 role defend fs 0 body 1 pos 7,21 stuck 0
RC POS 284 id 4 seat 0 role raid fs 1 body 1 pos 19,6 stuck 0
RC POS 284 id 6 seat 1 role expand fs 0 body 1 pos 13,24 stuck 0
RC POS 284 id 8 seat 2 role expand fs 0 body 1 pos 27,26 stuck 0
RC POS 284 id 10 seat 3 role raid fs 1 body 2 pos 12,3 stuck 0
RC POS 284 id 19 seat 4 role defend fs 0 body 1 pos 6,21 stuck 0
RC POS 285 id 4 seat 0 role raid fs 1 body 1 pos 19,5 stuck 0
RC POS 285 id 6 seat 1 role expand fs 0 body 1 pos 13,23 stuck 0
RC POS 285 id 8 seat 2 role expand fs 0 body 1 pos 27,27 stuck 0
RC POS 285 id 10 seat 3 role raid fs 1 body 2 pos 12,4 stuck 0
RC POS 285 id 19 seat 4 role defend fs 0 body 1 pos 7,21 stuck 0
RC POS 286 id 4 seat 0 role raid fs 1 body 1 pos 19,6 stuck 0
RC POS 286 id 6 seat 1 role expand fs 0 body 1 pos 13,24 stuck 0
RC POS 286 id 8 seat 2 role expand fs 0 body 1 pos 27,26 stuck 0
RC POS 286 id 10 seat 3 role raid fs 1 body 2 pos 12,3 stuck 0
RC POS 286 id 19 seat 4 role defend fs 0 body 1 pos 6,21 stuck 0
RC POS 287 id 4 seat 0 role raid fs 1 body 1 pos 19,5 stuck 0
RC POS 287 id 6 seat 1 role expand fs 0 body 1 pos 13,23 stuck 0
RC POS 287 id 8 seat 2 role expand fs 0 body 1 pos 27,27 stuck 0
RC POS 287 id 10 seat 3 role raid fs 1 body 2 pos 12,4 stuck 0
RC POS 287 id 19 seat 4 role defend fs 0 body 1 pos 7,21 stuck 0
RC POS 288 id 4 seat 0 role raid fs 1 body 1 pos 19,6 stuck 0
RC POS 288 id 6 seat 1 role expand fs 0 body 1 pos 13,24 stuck 0
RC POS 288 id 8 seat 2 role expand fs 0 body 1 pos 27,26 stuck 0
RC POS 288 id 10 seat 3 role raid fs 1 body 2 pos 12,3 stuck 0
RC POS 288 id 19 seat 4 role defend fs 0 body 1 pos 6,21 stuck 0
RC POS 289 id 4 seat 0 role raid fs 1 body 1 pos 19,5 stuck 0
RC POS 289 id 6 seat 1 role expand fs 0 body 1 pos 13,23 stuck 0
RC POS 289 id 8 seat 2 role expand fs 0 body 1 pos 27,27 stuck 0
RC POS 289 id 10 seat 3 role raid fs 1 body 2 pos 12,4 stuck 0
RC POS 289 id 19 seat 4 role defend fs 0 body 1 pos 7,21 stuck 0
RC POS 290 id 4 seat 0 role raid fs 1 body 1 pos 19,6 stuck 0
RC POS 290 id 6 seat 1 role expand fs 0 body 1 pos 13,24 stuck 0
RC POS 290 id 8 seat 2 role expand fs 0 body 1 pos 27,26 stuck 0
RC POS 290 id 10 seat 3 role raid fs 1 body 2 pos 12,3 stuck 0
RC POS 290 id 19 seat 4 role defend fs 0 body 1 pos 6,21 stuck 0
RC POS 291 id 4 seat 0 role raid fs 1 body 1 pos 19,5 stuck 0
RC POS 291 id 6 seat 1 role expand fs 0 body 1 pos 13,23 stuck 0
RC POS 291 id 8 seat 2 role expand fs 0 body 1 pos 27,27 stuck 0
RC POS 291 id 10 seat 3 role raid fs 1 body 2 pos 12,4 stuck 0
RC POS 291 id 19 seat 4 role defend fs 0 body 1 pos 7,21 stuck 0
RC POS 292 id 4 seat 0 role raid fs 1 body 1 pos 19,6 stuck 0
RC POS 292 id 6 seat 1 role expand fs 0 body 1 pos 13,24 stuck 0
RC POS 292 id 8 seat 2 role expand fs 0 body 1 pos 27,26 stuck 0
RC POS 292 id 10 seat 3 role raid fs 1 body 2 pos 12,3 stuck 0
RC POS 292 id 19 seat 4 role defend fs 0 body 1 pos 6,21 stuck 0
RC POS 293 id 4 seat 0 role raid fs 1 body 1 pos 19,5 stuck 0
RC POS 293 id 6 seat 1 role expand fs 0 body 1 pos 13,23 stuck 0
RC POS 293 id 8 seat 2 role expand fs 0 body 1 pos 27,27 stuck 0
RC POS 293 id 10 seat 3 role raid fs 1 body 2 pos 12,4 stuck 0
RC POS 293 id 19 seat 4 role defend fs 0 body 1 pos 7,21 stuck 0
RC POS 294 id 4 seat 0 role raid fs 1 body 1 pos 19,6 stuck 0
RC POS 294 id 6 seat 1 role expand fs 0 body 1 pos 13,24 stuck 0
RC POS 294 id 8 seat 2 role expand fs 0 body 1 pos 27,26 stuck 0
RC POS 294 id 10 seat 3 role raid fs 1 body 2 pos 12,3 stuck 0
RC POS 294 id 19 seat 4 role defend fs 0 body 1 pos 6,21 stuck 0
RC POS 295 id 4 seat 0 role raid fs 1 body 1 pos 19,5 stuck 0
RC POS 295 id 6 seat 1 role expand fs 0 body 1 pos 13,23 stuck 0
RC POS 295 id 8 seat 2 role expand fs 0 body 1 pos 27,27 stuck 0
RC POS 295 id 10 seat 3 role raid fs 1 body 2 pos 12,4 stuck 0
RC POS 295 id 19 seat 4 role defend fs 0 body 1 pos 7,21 stuck 0
RC POS 296 id 4 seat 0 role raid fs 1 body 1 pos 19,6 stuck 0
RC POS 296 id 6 seat 1 role expand fs 0 body 1 pos 13,24 stuck 0
RC POS 296 id 8 seat 2 role expand fs 0 body 1 pos 27,26 stuck 0
RC POS 296 id 10 seat 3 role raid fs 1 body 2 pos 12,3 stuck 0
RC POS 296 id 19 seat 4 role defend fs 0 body 1 pos 6,21 stuck 0
RC POS 297 id 4 seat 0 role raid fs 1 body 1 pos 19,5 stuck 0
RC POS 297 id 6 seat 1 role expand fs 0 body 1 pos 13,23 stuck 0
RC POS 297 id 8 seat 2 role expand fs 0 body 1 pos 27,27 stuck 0
RC POS 297 id 10 seat 3 role raid fs 1 body 2 pos 12,4 stuck 0
RC POS 297 id 19 seat 4 role defend fs 0 body 1 pos 7,21 stuck 0
RC POS 298 id 4 seat 0 role raid fs 1 body 1 pos 19,6 stuck 0
RC POS 298 id 6 seat 1 role expand fs 0 body 1 pos 13,24 stuck 0
RC POS 298 id 8 seat 2 role expand fs 0 body 1 pos 27,26 stuck 0
RC POS 298 id 10 seat 3 role raid fs 1 body 2 pos 12,3 stuck 0
RC POS 298 id 19 seat 4 role defend fs 0 body 1 pos 6,21 stuck 0
RC POS 299 id 4 seat 0 role raid fs 1 body 1 pos 19,5 stuck 0
RC POS 299 id 6 seat 1 role expand fs 0 body 1 pos 13,23 stuck 0
RC POS 299 id 8 seat 2 role expand fs 0 body 1 pos 27,27 stuck 0
RC POS 299 id 10 seat 3 role raid fs 1 body 2 pos 12,4 stuck 0
RC POS 299 id 19 seat 4 role defend fs 0 body 1 pos 7,21 stuck 0
RC ECO 300 harvstore 4 harvseen -1 ti 26 units 7 scale 268.0
RC POS 300 id 4 seat 0 role raid fs 1 body 1 pos 19,6 stuck 0
RC POS 300 id 6 seat 1 role expand fs 0 body 1 pos 13,24 stuck 0
RC POS 300 id 8 seat 2 role expand fs 0 body 1 pos 27,26 stuck 0
RC POS 300 id 10 seat 3 role raid fs 1 body 2 pos 12,3 stuck 0
RC POS 300 id 19 seat 4 role defend fs 0 body 1 pos 6,21 stuck 0
RC POS 301 id 4 seat 0 role raid fs 1 body 1 pos 19,5 stuck 0
RC POS 301 id 6 seat 1 role expand fs 0 body 1 pos 13,23 stuck 0
RC POS 301 id 8 seat 2 role expand fs 0 body 1 pos 27,27 stuck 0
RC POS 301 id 10 seat 3 role raid fs 1 body 2 pos 12,4 stuck 0
RC POS 301 id 19 seat 4 role defend fs 0 body 1 pos 7,21 stuck 0
RC POS 302 id 4 seat 0 role raid fs 1 body 1 pos 19,6 stuck 0
RC POS 302 id 6 seat 1 role expand fs 0 body 1 pos 13,24 stuck 0
RC POS 302 id 8 seat 2 role expand fs 0 body 1 pos 27,26 stuck 0
RC POS 302 id 10 seat 3 role raid fs 1 body 2 pos 12,3 stuck 0
RC POS 302 id 19 seat 4 role defend fs 0 body 1 pos 6,21 stuck 0
RC POS 303 id 4 seat 0 role raid fs 1 body 1 pos 19,5 stuck 0
RC POS 303 id 6 seat 1 role expand fs 0 body 1 pos 13,23 stuck 0
RC POS 303 id 8 seat 2 role expand fs 0 body 1 pos 27,27 stuck 0
RC POS 303 id 10 seat 3 role raid fs 1 body 2 pos 12,4 stuck 0
RC POS 303 id 19 seat 4 role defend fs 0 body 1 pos 7,21 stuck 0
RC POS 304 id 4 seat 0 role raid fs 1 body 1 pos 19,6 stuck 0
RC POS 304 id 6 seat 1 role expand fs 0 body 1 pos 13,24 stuck 0
RC POS 304 id 8 seat 2 role expand fs 0 body 1 pos 27,26 stuck 0
RC POS 304 id 10 seat 3 role raid fs 1 body 2 pos 12,3 stuck 0
RC POS 304 id 19 seat 4 role defend fs 0 body 1 pos 6,21 stuck 0
RC POS 305 id 4 seat 0 role raid fs 1 body 1 pos 19,5 stuck 0
RC POS 305 id 6 seat 1 role expand fs 0 body 1 pos 13,23 stuck 0
RC POS 305 id 8 seat 2 role expand fs 0 body 1 pos 27,27 stuck 0
RC POS 305 id 10 seat 3 role raid fs 1 body 2 pos 12,4 stuck 0
RC POS 305 id 19 seat 4 role defend fs 0 body 1 pos 7,21 stuck 0
RC POS 306 id 4 seat 0 role raid fs 1 body 1 pos 19,6 stuck 0
RC POS 306 id 6 seat 1 role expand fs 0 body 1 pos 13,24 stuck 0
RC POS 306 id 8 seat 2 role expand fs 0 body 1 pos 27,26 stuck 0
RC POS 306 id 10 seat 3 role raid fs 1 body 2 pos 12,3 stuck 0
RC POS 306 id 19 seat 4 role defend fs 0 body 1 pos 6,21 stuck 0
RC POS 307 id 4 seat 0 role raid fs 1 body 1 pos 19,5 stuck 0
RC POS 307 id 6 seat 1 role expand fs 0 body 1 pos 13,23 stuck 0
RC POS 307 id 8 seat 2 role expand fs 0 body 1 pos 27,27 stuck 0
RC POS 307 id 10 seat 3 role raid fs 1 body 2 pos 12,4 stuck 0
RC POS 307 id 19 seat 4 role defend fs 0 body 1 pos 7,21 stuck 0
RC POS 308 id 4 seat 0 role raid fs 1 body 1 pos 19,6 stuck 0
RC POS 308 id 6 seat 1 role expand fs 0 body 1 pos 13,24 stuck 0
RC POS 308 id 8 seat 2 role expand fs 0 body 1 pos 27,26 stuck 0
RC POS 308 id 10 seat 3 role raid fs 1 body 2 pos 12,3 stuck 0
RC POS 308 id 19 seat 4 role defend fs 0 body 1 pos 6,21 stuck 0
RC POS 309 id 4 seat 0 role raid fs 1 body 1 pos 19,5 stuck 0
RC POS 309 id 6 seat 1 role expand fs 0 body 1 pos 13,23 stuck 0
RC POS 309 id 8 seat 2 role expand fs 0 body 1 pos 27,27 stuck 0
RC POS 309 id 10 seat 3 role raid fs 1 body 2 pos 12,4 stuck 0
RC POS 309 id 19 seat 4 role defend fs 0 body 1 pos 7,21 stuck 0
RC POS 310 id 4 seat 0 role raid fs 1 body 1 pos 19,6 stuck 0
RC POS 310 id 6 seat 1 role expand fs 0 body 1 pos 13,24 stuck 0
RC POS 310 id 8 seat 2 role expand fs 0 body 1 pos 27,26 stuck 0
RC POS 310 id 10 seat 3 role raid fs 1 body 2 pos 12,3 stuck 0
RC POS 310 id 19 seat 4 role defend fs 0 body 1 pos 6,21 stuck 0
RC POS 311 id 4 seat 0 role raid fs 1 body 1 pos 19,5 stuck 0
RC POS 311 id 6 seat 1 role expand fs 0 body 1 pos 13,23 stuck 0
RC POS 311 id 8 seat 2 role expand fs 0 body 1 pos 27,27 stuck 0
RC POS 311 id 10 seat 3 role raid fs 1 body 2 pos 12,4 stuck 0
RC POS 311 id 19 seat 4 role defend fs 0 body 1 pos 7,21 stuck 0
RC POS 312 id 4 seat 0 role raid fs 1 body 1 pos 19,6 stuck 0
RC POS 312 id 6 seat 1 role expand fs 0 body 1 pos 13,24 stuck 0
RC POS 312 id 8 seat 2 role expand fs 0 body 1 pos 27,26 stuck 0
RC POS 312 id 10 seat 3 role raid fs 1 body 2 pos 12,3 stuck 0
RC POS 312 id 19 seat 4 role defend fs 0 body 1 pos 6,21 stuck 0
RC POS 313 id 4 seat 0 role raid fs 1 body 1 pos 19,5 stuck 0
RC POS 313 id 6 seat 1 role expand fs 0 body 1 pos 13,23 stuck 0
RC POS 313 id 8 seat 2 role expand fs 0 body 1 pos 27,27 stuck 0
RC POS 313 id 10 seat 3 role raid fs 1 body 2 pos 12,4 stuck 0
RC POS 313 id 19 seat 4 role defend fs 0 body 1 pos 7,21 stuck 0
RC POS 314 id 4 seat 0 role raid fs 1 body 1 pos 19,6 stuck 0
RC POS 314 id 6 seat 1 role expand fs 0 body 1 pos 13,24 stuck 0
RC POS 314 id 8 seat 2 role expand fs 0 body 1 pos 27,26 stuck 0
RC POS 314 id 10 seat 3 role raid fs 1 body 2 pos 12,3 stuck 0
RC POS 314 id 19 seat 4 role defend fs 0 body 1 pos 6,21 stuck 0
RC POS 315 id 4 seat 0 role raid fs 1 body 1 pos 19,5 stuck 0
RC POS 315 id 6 seat 1 role expand fs 0 body 1 pos 13,23 stuck 0
RC POS 315 id 8 seat 2 role expand fs 0 body 1 pos 27,27 stuck 0
RC POS 315 id 10 seat 3 role raid fs 1 body 2 pos 12,4 stuck 0
RC POS 315 id 19 seat 4 role defend fs 0 body 1 pos 7,21 stuck 0
RC POS 316 id 4 seat 0 role raid fs 1 body 1 pos 19,6 stuck 0
RC POS 316 id 6 seat 1 role expand fs 0 body 1 pos 13,24 stuck 0
RC POS 316 id 8 seat 2 role expand fs 0 body 1 pos 27,26 stuck 0
RC POS 316 id 10 seat 3 role raid fs 1 body 2 pos 12,3 stuck 0
RC POS 316 id 19 seat 4 role defend fs 0 body 1 pos 6,21 stuck 0
RC POS 317 id 4 seat 0 role raid fs 1 body 1 pos 19,5 stuck 0
RC POS 317 id 6 seat 1 role expand fs 0 body 1 pos 13,23 stuck 0
RC POS 317 id 8 seat 2 role expand fs 0 body 1 pos 27,27 stuck 0
RC POS 317 id 10 seat 3 role raid fs 1 body 2 pos 12,4 stuck 0
RC POS 317 id 19 seat 4 role defend fs 0 body 1 pos 7,21 stuck 0
RC POS 318 id 4 seat 0 role raid fs 1 body 1 pos 19,6 stuck 0
RC POS 318 id 6 seat 1 role expand fs 0 body 1 pos 13,24 stuck 0
RC POS 318 id 8 seat 2 role expand fs 0 body 1 pos 27,26 stuck 0
RC POS 318 id 10 seat 3 role raid fs 1 body 2 pos 12,3 stuck 0
RC POS 318 id 19 seat 4 role defend fs 0 body 1 pos 6,21 stuck 0
RC POS 319 id 4 seat 0 role raid fs 1 body 1 pos 19,5 stuck 0
RC POS 319 id 6 seat 1 role expand fs 0 body 1 pos 13,23 stuck 0
RC POS 319 id 8 seat 2 role expand fs 0 body 1 pos 27,27 stuck 0
RC POS 319 id 10 seat 3 role raid fs 1 body 2 pos 12,4 stuck 0
RC POS 319 id 19 seat 4 role defend fs 0 body 1 pos 7,21 stuck 0
RC POS 320 id 4 seat 0 role raid fs 1 body 1 pos 19,6 stuck 0
RC POS 320 id 6 seat 1 role expand fs 0 body 1 pos 13,24 stuck 0
RC POS 320 id 8 seat 2 role expand fs 0 body 1 pos 27,26 stuck 0
RC POS 320 id 10 seat 3 role raid fs 1 body 2 pos 12,3 stuck 0
RC POS 320 id 19 seat 4 role defend fs 0 body 1 pos 6,21 stuck 0
RC POS 321 id 4 seat 0 role raid fs 1 body 1 pos 19,5 stuck 0
RC POS 321 id 6 seat 1 role expand fs 0 body 1 pos 13,23 stuck 0
RC POS 321 id 8 seat 2 role expand fs 0 body 1 pos 27,27 stuck 0
RC POS 321 id 10 seat 3 role raid fs 1 body 2 pos 12,4 stuck 0
RC POS 321 id 19 seat 4 role defend fs 0 body 1 pos 7,21 stuck 0
RC POS 322 id 4 seat 0 role raid fs 1 body 1 pos 19,6 stuck 0
RC POS 322 id 6 seat 1 role expand fs 0 body 1 pos 13,24 stuck 0
RC POS 322 id 8 seat 2 role expand fs 0 body 1 pos 27,26 stuck 0
RC POS 322 id 10 seat 3 role raid fs 1 body 2 pos 12,3 stuck 0
RC POS 322 id 19 seat 4 role defend fs 0 body 1 pos 6,21 stuck 0
RC POS 323 id 4 seat 0 role raid fs 1 body 1 pos 19,5 stuck 0
RC POS 323 id 6 seat 1 role expand fs 0 body 1 pos 13,23 stuck 0
RC POS 323 id 8 seat 2 role expand fs 0 body 1 pos 27,27 stuck 0
RC POS 323 id 10 seat 3 role raid fs 1 body 2 pos 12,4 stuck 0
RC POS 323 id 19 seat 4 role defend fs 0 body 1 pos 7,21 stuck 0
RC POS 324 id 4 seat 0 role raid fs 1 body 1 pos 19,6 stuck 0
RC POS 324 id 6 seat 1 role expand fs 0 body 1 pos 13,24 stuck 0
RC POS 324 id 8 seat 2 role expand fs 0 body 1 pos 27,26 stuck 0
RC POS 324 id 10 seat 3 role raid fs 1 body 2 pos 12,3 stuck 0
RC POS 324 id 19 seat 4 role defend fs 0 body 1 pos 6,21 stuck 0
RC ECO 325 harvstore 4 harvseen -1 ti 16 units 7 scale 268.0
RC POS 325 id 4 seat 0 role raid fs 1 body 1 pos 19,5 stuck 0
RC POS 325 id 6 seat 1 role expand fs 0 body 1 pos 13,23 stuck 0
RC POS 325 id 8 seat 2 role expand fs 0 body 1 pos 27,27 stuck 0
RC POS 325 id 10 seat 3 role raid fs 1 body 2 pos 12,4 stuck 0
RC POS 325 id 19 seat 4 role defend fs 0 body 1 pos 7,21 stuck 0
RC POS 326 id 4 seat 0 role raid fs 1 body 1 pos 19,6 stuck 0
RC POS 326 id 6 seat 1 role expand fs 0 body 1 pos 13,24 stuck 0
RC POS 326 id 8 seat 2 role expand fs 0 body 1 pos 27,26 stuck 0
RC POS 326 id 10 seat 3 role raid fs 1 body 2 pos 12,3 stuck 0
RC POS 326 id 19 seat 4 role defend fs 0 body 1 pos 6,21 stuck 0
RC POS 327 id 4 seat 0 role raid fs 1 body 1 pos 19,5 stuck 0
RC POS 327 id 6 seat 1 role expand fs 0 body 1 pos 13,23 stuck 0
RC POS 327 id 8 seat 2 role expand fs 0 body 1 pos 27,27 stuck 0
RC POS 327 id 10 seat 3 role raid fs 1 body 2 pos 12,4 stuck 0
RC POS 327 id 19 seat 4 role defend fs 0 body 1 pos 7,21 stuck 0
RC POS 328 id 4 seat 0 role raid fs 1 body 1 pos 19,6 stuck 0
RC POS 328 id 6 seat 1 role expand fs 0 body 1 pos 13,24 stuck 0
RC POS 328 id 8 seat 2 role expand fs 0 body 1 pos 27,26 stuck 0
RC POS 328 id 10 seat 3 role raid fs 1 body 2 pos 12,3 stuck 0
RC POS 328 id 19 seat 4 role defend fs 0 body 1 pos 6,21 stuck 0
RC POS 329 id 4 seat 0 role raid fs 1 body 1 pos 19,5 stuck 0
RC POS 329 id 6 seat 1 role expand fs 0 body 1 pos 13,23 stuck 0
RC POS 329 id 8 seat 2 role expand fs 0 body 1 pos 27,27 stuck 0
RC POS 329 id 10 seat 3 role raid fs 1 body 2 pos 12,4 stuck 0
RC POS 329 id 19 seat 4 role defend fs 0 body 1 pos 7,21 stuck 0
RC POS 330 id 4 seat 0 role raid fs 1 body 1 pos 19,6 stuck 0
RC POS 330 id 6 seat 1 role expand fs 0 body 1 pos 13,24 stuck 0
RC POS 330 id 8 seat 2 role expand fs 0 body 1 pos 27,26 stuck 0
RC POS 330 id 10 seat 3 role raid fs 1 body 2 pos 12,3 stuck 0
RC POS 330 id 19 seat 4 role defend fs 0 body 1 pos 6,21 stuck 0
RC POS 331 id 4 seat 0 role raid fs 1 body 1 pos 19,5 stuck 0
RC POS 331 id 6 seat 1 role expand fs 0 body 1 pos 13,23 stuck 0
RC POS 331 id 8 seat 2 role expand fs 0 body 1 pos 27,27 stuck 0
RC POS 331 id 10 seat 3 role raid fs 1 body 2 pos 12,4 stuck 0
RC POS 331 id 19 seat 4 role defend fs 0 body 1 pos 7,21 stuck 0
RC POS 332 id 4 seat 0 role raid fs 1 body 1 pos 19,6 stuck 0
RC POS 332 id 6 seat 1 role expand fs 0 body 1 pos 13,24 stuck 0
RC POS 332 id 8 seat 2 role expand fs 0 body 1 pos 27,26 stuck 0
RC POS 332 id 10 seat 3 role raid fs 1 body 2 pos 12,3 stuck 0
RC POS 332 id 19 seat 4 role defend fs 0 body 1 pos 6,21 stuck 0
RC POS 333 id 4 seat 0 role raid fs 1 body 1 pos 19,5 stuck 0
RC POS 333 id 6 seat 1 role expand fs 0 body 1 pos 13,23 stuck 0
RC POS 333 id 8 seat 2 role expand fs 0 body 1 pos 27,27 stuck 0
RC POS 333 id 10 seat 3 role raid fs 1 body 2 pos 12,4 stuck 0
RC POS 333 id 19 seat 4 role defend fs 0 body 1 pos 7,21 stuck 0
RC POS 334 id 4 seat 0 role raid fs 1 body 1 pos 19,6 stuck 0
RC POS 334 id 6 seat 1 role expand fs 0 body 1 pos 13,24 stuck 0
RC POS 334 id 8 seat 2 role expand fs 0 body 1 pos 27,26 stuck 0
RC POS 334 id 10 seat 3 role raid fs 1 body 2 pos 12,3 stuck 0
RC POS 334 id 19 seat 4 role defend fs 0 body 1 pos 6,21 stuck 0
RC POS 335 id 4 seat 0 role raid fs 1 body 1 pos 19,5 stuck 0
RC POS 335 id 6 seat 1 role expand fs 0 body 1 pos 13,23 stuck 0
RC POS 335 id 8 seat 2 role expand fs 0 body 1 pos 27,27 stuck 0
RC POS 335 id 10 seat 3 role raid fs 1 body 2 pos 12,4 stuck 0
RC POS 335 id 19 seat 4 role defend fs 0 body 1 pos 7,21 stuck 0
RC POS 336 id 4 seat 0 role raid fs 1 body 1 pos 19,6 stuck 0
RC POS 336 id 6 seat 1 role expand fs 0 body 1 pos 13,24 stuck 0
RC POS 336 id 8 seat 2 role expand fs 0 body 1 pos 27,26 stuck 0
RC POS 336 id 10 seat 3 role raid fs 1 body 2 pos 12,3 stuck 0
RC POS 336 id 19 seat 4 role defend fs 0 body 1 pos 6,21 stuck 0
RC POS 337 id 4 seat 0 role raid fs 1 body 1 pos 19,5 stuck 0
RC POS 337 id 6 seat 1 role expand fs 0 body 1 pos 13,23 stuck 0
RC POS 337 id 8 seat 2 role expand fs 0 body 1 pos 27,27 stuck 0
RC POS 337 id 10 seat 3 role raid fs 1 body 2 pos 12,4 stuck 0
RC POS 337 id 19 seat 4 role defend fs 0 body 1 pos 7,21 stuck 0
RC POS 338 id 4 seat 0 role raid fs 1 body 1 pos 19,6 stuck 0
RC POS 338 id 6 seat 1 role expand fs 0 body 1 pos 13,24 stuck 0
RC POS 338 id 8 seat 2 role expand fs 0 body 1 pos 27,26 stuck 0
RC POS 338 id 10 seat 3 role raid fs 1 body 2 pos 12,3 stuck 0
RC POS 338 id 19 seat 4 role defend fs 0 body 1 pos 6,21 stuck 0
RC POS 339 id 4 seat 0 role raid fs 1 body 1 pos 19,5 stuck 0
RC POS 339 id 6 seat 1 role expand fs 0 body 1 pos 13,23 stuck 0
RC POS 339 id 8 seat 2 role expand fs 0 body 1 pos 27,27 stuck 0
RC POS 339 id 10 seat 3 role raid fs 1 body 2 pos 12,4 stuck 0
RC POS 339 id 19 seat 4 role defend fs 0 body 1 pos 7,21 stuck 0
RC POS 340 id 4 seat 0 role raid fs 1 body 1 pos 19,6 stuck 0
RC POS 340 id 6 seat 1 role expand fs 0 body 1 pos 13,24 stuck 0
RC POS 340 id 8 seat 2 role expand fs 0 body 1 pos 27,26 stuck 0
RC POS 340 id 10 seat 3 role raid fs 1 body 2 pos 12,3 stuck 0
RC POS 340 id 19 seat 4 role defend fs 0 body 1 pos 6,21 stuck 0
RC POS 341 id 4 seat 0 role raid fs 1 body 1 pos 19,5 stuck 0
RC POS 341 id 6 seat 1 role expand fs 0 body 1 pos 13,23 stuck 0
RC POS 341 id 8 seat 2 role expand fs 0 body 1 pos 27,27 stuck 0
RC POS 341 id 10 seat 3 role raid fs 1 body 2 pos 12,4 stuck 0
RC POS 341 id 19 seat 4 role defend fs 0 body 1 pos 7,21 stuck 0
RC POS 342 id 4 seat 0 role raid fs 1 body 1 pos 19,6 stuck 0
RC POS 342 id 6 seat 1 role expand fs 0 body 1 pos 13,24 stuck 0
RC POS 342 id 8 seat 2 role expand fs 0 body 1 pos 27,26 stuck 0
RC POS 342 id 10 seat 3 role raid fs 1 body 2 pos 12,3 stuck 0
RC POS 342 id 19 seat 4 role defend fs 0 body 1 pos 6,21 stuck 0
RC POS 343 id 4 seat 0 role raid fs 1 body 1 pos 19,5 stuck 0
RC POS 343 id 6 seat 1 role expand fs 0 body 1 pos 13,23 stuck 0
RC POS 343 id 8 seat 2 role expand fs 0 body 1 pos 27,27 stuck 0
RC POS 343 id 10 seat 3 role raid fs 1 body 2 pos 12,4 stuck 0
RC POS 343 id 19 seat 4 role defend fs 0 body 1 pos 7,21 stuck 0
RC POS 344 id 4 seat 0 role raid fs 1 body 1 pos 19,6 stuck 0
RC POS 344 id 6 seat 1 role expand fs 0 body 1 pos 13,24 stuck 0
RC POS 344 id 8 seat 2 role expand fs 0 body 1 pos 27,26 stuck 0
RC POS 344 id 10 seat 3 role raid fs 1 body 2 pos 12,3 stuck 0
RC POS 344 id 19 seat 4 role defend fs 0 body 1 pos 6,21 stuck 0
RC POS 345 id 4 seat 0 role raid fs 1 body 1 pos 19,5 stuck 0
RC POS 345 id 6 seat 1 role expand fs 0 body 1 pos 13,23 stuck 0
RC POS 345 id 8 seat 2 role expand fs 0 body 1 pos 27,27 stuck 0
RC POS 345 id 10 seat 3 role raid fs 1 body 2 pos 12,4 stuck 0
RC POS 345 id 19 seat 4 role defend fs 0 body 1 pos 7,21 stuck 0
RC POS 346 id 4 seat 0 role raid fs 1 body 1 pos 19,6 stuck 0
RC POS 346 id 6 seat 1 role expand fs 0 body 1 pos 13,24 stuck 0
RC POS 346 id 8 seat 2 role expand fs 0 body 1 pos 27,26 stuck 0
RC POS 346 id 10 seat 3 role raid fs 1 body 2 pos 12,3 stuck 0
RC POS 346 id 19 seat 4 role defend fs 0 body 1 pos 6,21 stuck 0
RC POS 347 id 4 seat 0 role raid fs 1 body 1 pos 19,5 stuck 0
RC POS 347 id 6 seat 1 role expand fs 0 body 1 pos 13,23 stuck 0
RC POS 347 id 8 seat 2 role expand fs 0 body 1 pos 27,27 stuck 0
RC POS 347 id 10 seat 3 role raid fs 1 body 2 pos 12,4 stuck 0
RC POS 347 id 19 seat 4 role defend fs 0 body 1 pos 7,21 stuck 0
RC POS 348 id 4 seat 0 role raid fs 1 body 1 pos 19,6 stuck 0
RC POS 348 id 6 seat 1 role expand fs 0 body 1 pos 13,24 stuck 0
RC POS 348 id 8 seat 2 role expand fs 0 body 1 pos 27,26 stuck 0
RC POS 348 id 10 seat 3 role raid fs 1 body 2 pos 12,3 stuck 0
RC POS 348 id 19 seat 4 role defend fs 0 body 1 pos 6,21 stuck 0
RC POS 349 id 4 seat 0 role raid fs 1 body 1 pos 19,5 stuck 0
RC POS 349 id 6 seat 1 role expand fs 0 body 1 pos 13,23 stuck 0
RC POS 349 id 8 seat 2 role expand fs 0 body 1 pos 27,27 stuck 0
RC POS 349 id 10 seat 3 role raid fs 1 body 2 pos 12,4 stuck 0
RC POS 349 id 19 seat 4 role defend fs 0 body 1 pos 7,21 stuck 0
RC ECO 350 harvstore 4 harvseen -1 ti 16 units 7 scale 268.0
RC POS 350 id 4 seat 0 role raid fs 1 body 1 pos 19,6 stuck 0
RC POS 350 id 6 seat 1 role expand fs 0 body 1 pos 13,24 stuck 0
RC POS 350 id 8 seat 2 role expand fs 0 body 1 pos 27,26 stuck 0
RC POS 350 id 10 seat 3 role raid fs 1 body 2 pos 12,3 stuck 0
RC POS 350 id 19 seat 4 role defend fs 0 body 1 pos 6,21 stuck 0
RC POS 351 id 4 seat 0 role raid fs 1 body 1 pos 19,5 stuck 0
RC POS 351 id 6 seat 1 role expand fs 0 body 1 pos 13,23 stuck 0
RC POS 351 id 8 seat 2 role expand fs 0 body 1 pos 27,27 stuck 0
RC POS 351 id 10 seat 3 role raid fs 1 body 2 pos 12,4 stuck 0
RC POS 351 id 19 seat 4 role defend fs 0 body 1 pos 7,21 stuck 0
RC POS 352 id 4 seat 0 role raid fs 1 body 1 pos 19,6 stuck 0
RC POS 352 id 6 seat 1 role expand fs 0 body 1 pos 13,24 stuck 0
RC POS 352 id 8 seat 2 role expand fs 0 body 1 pos 27,26 stuck 0
RC POS 352 id 10 seat 3 role raid fs 1 body 2 pos 12,3 stuck 0
RC POS 352 id 19 seat 4 role defend fs 0 body 1 pos 6,21 stuck 0
RC POS 353 id 4 seat 0 role raid fs 1 body 1 pos 19,5 stuck 0
RC POS 353 id 6 seat 1 role expand fs 0 body 1 pos 13,23 stuck 0
RC POS 353 id 8 seat 2 role expand fs 0 body 1 pos 27,27 stuck 0
RC POS 353 id 10 seat 3 role raid fs 1 body 2 pos 12,4 stuck 0
RC POS 353 id 19 seat 4 role defend fs 0 body 1 pos 7,21 stuck 0
RC POS 354 id 4 seat 0 role raid fs 1 body 1 pos 19,6 stuck 0
RC POS 354 id 6 seat 1 role expand fs 0 body 1 pos 13,24 stuck 0
RC POS 354 id 8 seat 2 role expand fs 0 body 1 pos 27,26 stuck 0
RC POS 354 id 10 seat 3 role raid fs 1 body 2 pos 12,3 stuck 0
RC POS 354 id 19 seat 4 role defend fs 0 body 1 pos 6,21 stuck 0
RC POS 355 id 4 seat 0 role raid fs 1 body 1 pos 19,5 stuck 0
RC POS 355 id 6 seat 1 role expand fs 0 body 1 pos 13,23 stuck 0
RC POS 355 id 8 seat 2 role expand fs 0 body 1 pos 27,27 stuck 0
RC POS 355 id 10 seat 3 role raid fs 1 body 2 pos 12,4 stuck 0
RC POS 355 id 19 seat 4 role defend fs 0 body 1 pos 7,21 stuck 0
RC POS 356 id 4 seat 0 role raid fs 1 body 1 pos 19,6 stuck 0
RC POS 356 id 6 seat 1 role expand fs 0 body 1 pos 13,24 stuck 0
RC POS 356 id 8 seat 2 role expand fs 0 body 1 pos 27,26 stuck 0
RC POS 356 id 10 seat 3 role raid fs 1 body 2 pos 12,3 stuck 0
RC POS 356 id 19 seat 4 role defend fs 0 body 1 pos 6,21 stuck 0
RC POS 357 id 4 seat 0 role raid fs 1 body 1 pos 19,5 stuck 0
RC POS 357 id 6 seat 1 role expand fs 0 body 1 pos 13,23 stuck 0
RC POS 357 id 8 seat 2 role expand fs 0 body 1 pos 27,27 stuck 0
RC POS 357 id 10 seat 3 role raid fs 1 body 2 pos 12,4 stuck 0
RC POS 357 id 19 seat 4 role defend fs 0 body 1 pos 7,21 stuck 0
RC POS 358 id 4 seat 0 role raid fs 1 body 1 pos 19,6 stuck 0
RC POS 358 id 6 seat 1 role expand fs 0 body 1 pos 13,24 stuck 0
RC POS 358 id 8 seat 2 role expand fs 0 body 1 pos 27,26 stuck 0
RC POS 358 id 10 seat 3 role raid fs 1 body 2 pos 12,3 stuck 0
RC POS 358 id 19 seat 4 role defend fs 0 body 1 pos 6,21 stuck 0
RC POS 359 id 4 seat 0 role raid fs 1 body 1 pos 19,5 stuck 0
RC POS 359 id 6 seat 1 role expand fs 0 body 1 pos 13,23 stuck 0
RC POS 359 id 8 seat 2 role expand fs 0 body 1 pos 27,27 stuck 0
RC POS 359 id 10 seat 3 role raid fs 1 body 2 pos 12,4 stuck 0
RC POS 359 id 19 seat 4 role defend fs 0 body 1 pos 7,21 stuck 0
RC POS 360 id 4 seat 0 role raid fs 1 body 1 pos 19,6 stuck 0
RC POS 360 id 6 seat 1 role expand fs 0 body 1 pos 13,24 stuck 0
RC POS 360 id 8 seat 2 role expand fs 0 body 1 pos 27,26 stuck 0
RC POS 360 id 10 seat 3 role raid fs 1 body 2 pos 12,3 stuck 0
RC POS 360 id 19 seat 4 role defend fs 0 body 1 pos 6,21 stuck 0
RC POS 361 id 4 seat 0 role raid fs 1 body 1 pos 19,5 stuck 0
RC POS 361 id 6 seat 1 role expand fs 0 body 1 pos 13,23 stuck 0
RC POS 361 id 8 seat 2 role expand fs 0 body 1 pos 27,27 stuck 0
RC POS 361 id 10 seat 3 role raid fs 1 body 2 pos 12,4 stuck 0
RC POS 361 id 19 seat 4 role defend fs 0 body 1 pos 7,21 stuck 0
RC POS 362 id 4 seat 0 role raid fs 1 body 1 pos 19,6 stuck 0
RC POS 362 id 6 seat 1 role expand fs 0 body 1 pos 13,24 stuck 0
RC POS 362 id 8 seat 2 role expand fs 0 body 1 pos 27,26 stuck 0
RC POS 362 id 10 seat 3 role raid fs 1 body 2 pos 12,3 stuck 0
RC POS 362 id 19 seat 4 role defend fs 0 body 1 pos 6,21 stuck 0
RC POS 363 id 4 seat 0 role raid fs 1 body 1 pos 19,5 stuck 0
RC POS 363 id 6 seat 1 role expand fs 0 body 1 pos 13,23 stuck 0
RC POS 363 id 8 seat 2 role expand fs 0 body 1 pos 27,27 stuck 0
RC POS 363 id 10 seat 3 role raid fs 1 body 2 pos 12,4 stuck 0
RC POS 363 id 19 seat 4 role defend fs 0 body 1 pos 7,21 stuck 0
RC POS 364 id 4 seat 0 role raid fs 1 body 1 pos 19,6 stuck 0
RC POS 364 id 6 seat 1 role expand fs 0 body 1 pos 13,24 stuck 0
RC POS 364 id 8 seat 2 role expand fs 0 body 1 pos 27,26 stuck 0
RC POS 364 id 10 seat 3 role raid fs 1 body 2 pos 12,3 stuck 0
RC POS 364 id 19 seat 4 role defend fs 0 body 1 pos 6,21 stuck 0
RC POS 365 id 4 seat 0 role raid fs 1 body 1 pos 19,5 stuck 0
RC POS 365 id 6 seat 1 role expand fs 0 body 1 pos 13,23 stuck 0
RC POS 365 id 8 seat 2 role expand fs 0 body 1 pos 27,27 stuck 0
RC POS 365 id 10 seat 3 role raid fs 1 body 2 pos 12,3 stuck 1
RC POS 365 id 19 seat 4 role defend fs 0 body 1 pos 7,21 stuck 0
RC POS 366 id 4 seat 0 role raid fs 1 body 1 pos 19,6 stuck 0
RC POS 366 id 6 seat 1 role expand fs 0 body 1 pos 13,24 stuck 0
RC POS 366 id 8 seat 2 role expand fs 0 body 1 pos 27,26 stuck 0
RC POS 366 id 10 seat 3 role raid fs 1 body 2 pos 12,4 stuck 0
RC POS 366 id 19 seat 4 role defend fs 0 body 1 pos 6,21 stuck 0
RC POS 367 id 4 seat 0 role raid fs 1 body 1 pos 19,5 stuck 0
RC POS 367 id 6 seat 1 role expand fs 0 body 1 pos 13,23 stuck 0
RC POS 367 id 8 seat 2 role expand fs 0 body 1 pos 27,27 stuck 0
RC POS 367 id 10 seat 3 role raid fs 1 body 2 pos 12,3 stuck 0
RC POS 367 id 19 seat 4 role defend fs 0 body 1 pos 7,21 stuck 0
RC POS 368 id 4 seat 0 role raid fs 1 body 1 pos 19,6 stuck 0
RC POS 368 id 6 seat 1 role expand fs 0 body 1 pos 13,24 stuck 0
RC POS 368 id 8 seat 2 role expand fs 0 body 1 pos 27,26 stuck 0
RC POS 368 id 10 seat 3 role raid fs 1 body 2 pos 12,4 stuck 0
RC POS 368 id 19 seat 4 role defend fs 0 body 1 pos 6,21 stuck 0
RC POS 369 id 4 seat 0 role raid fs 1 body 1 pos 19,5 stuck 0
RC POS 369 id 6 seat 1 role expand fs 0 body 1 pos 13,23 stuck 0
RC POS 369 id 8 seat 2 role expand fs 0 body 1 pos 27,27 stuck 0
RC POS 369 id 10 seat 3 role raid fs 1 body 2 pos 12,3 stuck 0
RC POS 369 id 19 seat 4 role defend fs 0 body 1 pos 7,21 stuck 0
RC POS 370 id 4 seat 0 role raid fs 1 body 1 pos 19,6 stuck 0
RC POS 370 id 6 seat 1 role expand fs 0 body 1 pos 13,24 stuck 0
RC POS 370 id 8 seat 2 role expand fs 0 body 1 pos 27,26 stuck 0
RC POS 370 id 10 seat 3 role raid fs 1 body 2 pos 12,4 stuck 0
RC POS 370 id 19 seat 4 role defend fs 0 body 1 pos 6,21 stuck 0
RC POS 371 id 4 seat 0 role raid fs 1 body 1 pos 19,5 stuck 0
RC POS 371 id 6 seat 1 role expand fs 0 body 1 pos 13,23 stuck 0
RC POS 371 id 8 seat 2 role expand fs 0 body 1 pos 27,27 stuck 0
RC POS 371 id 10 seat 3 role raid fs 1 body 2 pos 12,3 stuck 0
RC POS 371 id 19 seat 4 role defend fs 0 body 1 pos 7,21 stuck 0
RC POS 372 id 4 seat 0 role raid fs 1 body 1 pos 19,6 stuck 0
RC POS 372 id 6 seat 1 role expand fs 0 body 1 pos 13,24 stuck 0
RC POS 372 id 8 seat 2 role expand fs 0 body 1 pos 27,26 stuck 0
RC POS 372 id 10 seat 3 role raid fs 1 body 2 pos 12,4 stuck 0
RC POS 372 id 19 seat 4 role defend fs 0 body 1 pos 6,21 stuck 0
RC POS 373 id 4 seat 0 role raid fs 1 body 1 pos 19,5 stuck 0
RC POS 373 id 6 seat 1 role expand fs 0 body 1 pos 13,23 stuck 0
RC POS 373 id 8 seat 2 role expand fs 0 body 1 pos 27,27 stuck 0
RC POS 373 id 10 seat 3 role raid fs 1 body 2 pos 12,3 stuck 0
RC POS 373 id 19 seat 4 role defend fs 0 body 1 pos 7,21 stuck 0
RC POS 374 id 4 seat 0 role raid fs 1 body 1 pos 19,6 stuck 0
RC POS 374 id 6 seat 1 role expand fs 0 body 1 pos 13,24 stuck 0
RC POS 374 id 8 seat 2 role expand fs 0 body 1 pos 27,26 stuck 0
RC POS 374 id 10 seat 3 role raid fs 1 body 2 pos 12,4 stuck 0
RC POS 374 id 19 seat 4 role defend fs 0 body 1 pos 6,21 stuck 0
RC ECO 375 harvstore 4 harvseen -1 ti 26 units 7 scale 268.0
RC POS 375 id 4 seat 0 role raid fs 1 body 1 pos 19,5 stuck 0
RC POS 375 id 6 seat 1 role expand fs 0 body 1 pos 13,23 stuck 0
RC POS 375 id 8 seat 2 role expand fs 0 body 1 pos 27,27 stuck 0
RC POS 375 id 10 seat 3 role raid fs 1 body 2 pos 12,3 stuck 0
RC POS 375 id 19 seat 4 role defend fs 0 body 1 pos 7,21 stuck 0
RC POS 376 id 4 seat 0 role raid fs 1 body 1 pos 19,6 stuck 0
RC POS 376 id 6 seat 1 role expand fs 0 body 1 pos 13,24 stuck 0
RC POS 376 id 8 seat 2 role expand fs 0 body 1 pos 27,26 stuck 0
RC POS 376 id 10 seat 3 role raid fs 1 body 2 pos 12,4 stuck 0
RC POS 376 id 19 seat 4 role defend fs 0 body 1 pos 6,21 stuck 0
RC POS 377 id 4 seat 0 role raid fs 1 body 1 pos 19,5 stuck 0
RC POS 377 id 6 seat 1 role expand fs 0 body 1 pos 13,23 stuck 0
RC POS 377 id 8 seat 2 role expand fs 0 body 1 pos 27,27 stuck 0
RC POS 377 id 10 seat 3 role raid fs 1 body 2 pos 12,3 stuck 0
RC POS 377 id 19 seat 4 role defend fs 0 body 1 pos 7,21 stuck 0
RC POS 378 id 4 seat 0 role raid fs 1 body 1 pos 19,6 stuck 0
RC POS 378 id 6 seat 1 role expand fs 0 body 1 pos 13,24 stuck 0
RC POS 378 id 8 seat 2 role expand fs 0 body 1 pos 27,26 stuck 0
RC POS 378 id 10 seat 3 role raid fs 1 body 2 pos 12,4 stuck 0
RC POS 378 id 19 seat 4 role defend fs 0 body 1 pos 6,21 stuck 0
RC POS 379 id 4 seat 0 role raid fs 1 body 1 pos 19,5 stuck 0
RC POS 379 id 6 seat 1 role expand fs 0 body 1 pos 13,23 stuck 0
RC POS 379 id 8 seat 2 role expand fs 0 body 1 pos 27,27 stuck 0
RC POS 379 id 10 seat 3 role raid fs 1 body 2 pos 12,3 stuck 0
RC POS 379 id 19 seat 4 role defend fs 0 body 1 pos 7,21 stuck 0
RC POS 380 id 4 seat 0 role raid fs 1 body 1 pos 19,6 stuck 0
RC POS 380 id 6 seat 1 role expand fs 0 body 1 pos 13,24 stuck 0
RC POS 380 id 8 seat 2 role expand fs 0 body 1 pos 27,26 stuck 0
RC POS 380 id 10 seat 3 role raid fs 1 body 2 pos 12,4 stuck 0
RC POS 380 id 19 seat 4 role defend fs 0 body 1 pos 6,21 stuck 0
RC POS 381 id 4 seat 0 role raid fs 1 body 1 pos 19,5 stuck 0
RC POS 381 id 6 seat 1 role expand fs 0 body 1 pos 13,23 stuck 0
RC POS 381 id 8 seat 2 role expand fs 0 body 1 pos 27,27 stuck 0
RC POS 381 id 10 seat 3 role raid fs 1 body 2 pos 12,3 stuck 0
RC POS 381 id 19 seat 4 role defend fs 0 body 1 pos 7,21 stuck 0
RC POS 382 id 4 seat 0 role raid fs 1 body 1 pos 19,6 stuck 0
RC POS 382 id 6 seat 1 role expand fs 0 body 1 pos 13,24 stuck 0
RC POS 382 id 8 seat 2 role expand fs 0 body 1 pos 27,26 stuck 0
RC POS 382 id 10 seat 3 role raid fs 1 body 2 pos 12,4 stuck 0
RC POS 382 id 19 seat 4 role defend fs 0 body 1 pos 6,21 stuck 0
RC POS 383 id 4 seat 0 role raid fs 1 body 1 pos 19,5 stuck 0
RC POS 383 id 6 seat 1 role expand fs 0 body 1 pos 13,23 stuck 0
RC POS 383 id 8 seat 2 role expand fs 0 body 1 pos 27,27 stuck 0
RC POS 383 id 10 seat 3 role raid fs 1 body 2 pos 12,3 stuck 0
RC POS 383 id 19 seat 4 role defend fs 0 body 1 pos 7,21 stuck 0
RC POS 384 id 4 seat 0 role raid fs 1 body 1 pos 19,6 stuck 0
RC POS 384 id 6 seat 1 role expand fs 0 body 1 pos 13,24 stuck 0
RC POS 384 id 8 seat 2 role expand fs 0 body 1 pos 27,26 stuck 0
RC POS 384 id 10 seat 3 role raid fs 1 body 2 pos 12,4 stuck 0
RC POS 384 id 19 seat 4 role defend fs 0 body 1 pos 6,21 stuck 0
RC POS 385 id 4 seat 0 role raid fs 1 body 1 pos 19,5 stuck 0
RC POS 385 id 6 seat 1 role expand fs 0 body 1 pos 13,23 stuck 0
RC POS 385 id 8 seat 2 role expand fs 0 body 1 pos 27,27 stuck 0
RC POS 385 id 10 seat 3 role raid fs 1 body 2 pos 12,3 stuck 0
RC POS 385 id 19 seat 4 role defend fs 0 body 1 pos 7,21 stuck 0
RC POS 386 id 4 seat 0 role raid fs 1 body 1 pos 19,6 stuck 0
RC POS 386 id 6 seat 1 role expand fs 0 body 1 pos 13,24 stuck 0
RC POS 386 id 8 seat 2 role expand fs 0 body 1 pos 27,26 stuck 0
RC POS 386 id 10 seat 3 role raid fs 1 body 2 pos 12,3 stuck 1
RC POS 386 id 19 seat 4 role defend fs 0 body 1 pos 6,21 stuck 0
RC POS 387 id 4 seat 0 role raid fs 1 body 1 pos 19,5 stuck 0
RC POS 387 id 6 seat 1 role expand fs 0 body 1 pos 13,23 stuck 0
RC POS 387 id 8 seat 2 role expand fs 0 body 1 pos 27,27 stuck 0
RC POS 387 id 10 seat 3 role raid fs 1 body 2 pos 12,4 stuck 0
RC POS 387 id 19 seat 4 role defend fs 0 body 1 pos 7,21 stuck 0
RC POS 388 id 4 seat 0 role raid fs 1 body 1 pos 19,6 stuck 0
RC POS 388 id 6 seat 1 role expand fs 0 body 1 pos 13,24 stuck 0
RC POS 388 id 8 seat 2 role expand fs 0 body 1 pos 27,26 stuck 0
RC POS 388 id 10 seat 3 role raid fs 1 body 2 pos 12,3 stuck 0
RC POS 388 id 19 seat 4 role defend fs 0 body 1 pos 6,21 stuck 0
RC POS 389 id 4 seat 0 role raid fs 1 body 1 pos 18,6 stuck 0
RC POS 389 id 6 seat 1 role expand fs 0 body 1 pos 13,23 stuck 0
RC POS 389 id 8 seat 2 role expand fs 0 body 1 pos 27,27 stuck 0
RC POS 389 id 10 seat 3 role raid fs 1 body 2 pos 12,4 stuck 0
RC POS 389 id 19 seat 4 role defend fs 0 body 1 pos 7,21 stuck 0
RC POS 390 id 4 seat 0 role raid fs 1 body 1 pos 19,6 stuck 0
RC POS 390 id 6 seat 1 role expand fs 0 body 1 pos 13,24 stuck 0
RC POS 390 id 8 seat 2 role expand fs 0 body 1 pos 27,26 stuck 0
RC POS 390 id 10 seat 3 role raid fs 1 body 2 pos 12,3 stuck 0
RC POS 390 id 19 seat 4 role defend fs 0 body 1 pos 6,21 stuck 0
RC POS 391 id 4 seat 0 role raid fs 1 body 1 pos 19,5 stuck 0
RC POS 391 id 6 seat 1 role expand fs 0 body 1 pos 13,23 stuck 0
RC POS 391 id 8 seat 2 role expand fs 0 body 1 pos 27,27 stuck 0
RC POS 391 id 10 seat 3 role raid fs 1 body 2 pos 12,4 stuck 0
RC POS 391 id 19 seat 4 role defend fs 0 body 1 pos 7,21 stuck 0
RC POS 392 id 4 seat 0 role raid fs 1 body 1 pos 19,6 stuck 0
RC POS 392 id 6 seat 1 role expand fs 0 body 1 pos 13,24 stuck 0
RC POS 392 id 8 seat 2 role expand fs 0 body 1 pos 27,26 stuck 0
RC POS 392 id 10 seat 3 role raid fs 1 body 2 pos 12,3 stuck 0
RC POS 392 id 19 seat 4 role defend fs 0 body 1 pos 6,21 stuck 0
RC POS 393 id 4 seat 0 role raid fs 1 body 1 pos 18,6 stuck 0
RC POS 393 id 6 seat 1 role expand fs 0 body 1 pos 13,23 stuck 0
RC POS 393 id 8 seat 2 role expand fs 0 body 1 pos 27,27 stuck 0
RC POS 393 id 10 seat 3 role raid fs 1 body 2 pos 12,4 stuck 0
RC POS 393 id 19 seat 4 role defend fs 0 body 1 pos 7,21 stuck 0
RC POS 394 id 4 seat 0 role raid fs 1 body 1 pos 19,6 stuck 0
RC POS 394 id 6 seat 1 role expand fs 0 body 1 pos 13,24 stuck 0
RC POS 394 id 8 seat 2 role expand fs 0 body 1 pos 27,27 stuck 2
RC POS 394 id 10 seat 3 role raid fs 1 body 2 pos 12,3 stuck 0
RC POS 394 id 19 seat 4 role defend fs 0 body 1 pos 6,21 stuck 0
RC POS 395 id 4 seat 0 role raid fs 1 body 1 pos 19,5 stuck 0
RC POS 395 id 6 seat 1 role expand fs 0 body 1 pos 13,23 stuck 0
RC POS 395 id 8 seat 2 role expand fs 0 body 1 pos 26,27 stuck 0
RC POS 395 id 10 seat 3 role raid fs 1 body 2 pos 12,4 stuck 0
RC POS 395 id 19 seat 4 role defend fs 0 body 1 pos 7,21 stuck 0
RC POS 396 id 4 seat 0 role raid fs 1 body 1 pos 19,6 stuck 0
RC POS 396 id 6 seat 1 role expand fs 0 body 1 pos 13,24 stuck 0
RC POS 396 id 8 seat 2 role expand fs 0 body 1 pos 25,27 stuck 0
RC POS 396 id 10 seat 3 role raid fs 1 body 2 pos 12,3 stuck 0
RC POS 396 id 19 seat 4 role defend fs 0 body 1 pos 6,21 stuck 0
RC POS 397 id 4 seat 0 role raid fs 1 body 1 pos 19,5 stuck 0
RC POS 397 id 6 seat 1 role expand fs 0 body 1 pos 13,23 stuck 0
RC POS 397 id 8 seat 2 role expand fs 0 body 1 pos 24,27 stuck 0
RC POS 397 id 10 seat 3 role raid fs 1 body 2 pos 12,4 stuck 0
RC POS 397 id 19 seat 4 role defend fs 0 body 1 pos 7,21 stuck 0
RC POS 398 id 4 seat 0 role raid fs 1 body 1 pos 19,6 stuck 0
RC POS 398 id 6 seat 1 role expand fs 0 body 1 pos 13,24 stuck 0
RC POS 398 id 8 seat 2 role expand fs 0 body 1 pos 24,26 stuck 0
RC POS 398 id 10 seat 3 role raid fs 1 body 2 pos 12,3 stuck 0
RC POS 398 id 19 seat 4 role defend fs 0 body 1 pos 6,21 stuck 0
RC POS 399 id 4 seat 0 role raid fs 1 body 1 pos 19,5 stuck 0
RC POS 399 id 6 seat 1 role expand fs 0 body 1 pos 13,23 stuck 0
RC POS 399 id 8 seat 2 role expand fs 0 body 1 pos 24,25 stuck 0
RC POS 399 id 10 seat 3 role raid fs 1 body 2 pos 12,4 stuck 0
RC POS 399 id 19 seat 4 role defend fs 0 body 1 pos 7,21 stuck 0
RC ECO 400 harvstore 5 harvseen -1 ti 43 units 7 scale 273.0
RC POS 400 id 4 seat 0 role raid fs 1 body 1 pos 19,6 stuck 0
RC POS 400 id 6 seat 1 role expand fs 0 body 1 pos 13,24 stuck 0
RC POS 400 id 8 seat 2 role expand fs 0 body 1 pos 25,25 stuck 0
RC POS 400 id 10 seat 3 role raid fs 1 body 2 pos 12,3 stuck 0
RC POS 400 id 19 seat 4 role defend fs 0 body 1 pos 6,21 stuck 0
RC POS 401 id 4 seat 0 role raid fs 1 body 1 pos 19,5 stuck 0
RC POS 401 id 6 seat 1 role expand fs 0 body 1 pos 13,23 stuck 0
RC POS 401 id 8 seat 2 role expand fs 0 body 1 pos 25,24 stuck 0
RC POS 401 id 10 seat 3 role raid fs 1 body 2 pos 12,4 stuck 0
RC POS 401 id 19 seat 4 role defend fs 0 body 1 pos 7,21 stuck 0
RC POS 402 id 4 seat 0 role raid fs 1 body 1 pos 19,6 stuck 0
RC POS 402 id 6 seat 1 role expand fs 0 body 1 pos 13,24 stuck 0
RC POS 402 id 8 seat 2 role expand fs 0 body 1 pos 26,24 stuck 0
RC POS 402 id 10 seat 3 role raid fs 1 body 2 pos 12,3 stuck 0
RC POS 402 id 19 seat 4 role defend fs 0 body 1 pos 6,21 stuck 0
RC POS 403 id 4 seat 0 role raid fs 1 body 1 pos 19,5 stuck 0
RC POS 403 id 6 seat 1 role expand fs 0 body 1 pos 13,23 stuck 0
RC POS 403 id 8 seat 2 role expand fs 0 body 1 pos 27,24 stuck 0
RC POS 403 id 10 seat 3 role raid fs 1 body 2 pos 12,4 stuck 0
RC POS 403 id 19 seat 4 role defend fs 0 body 1 pos 7,21 stuck 0
RC POS 404 id 4 seat 0 role raid fs 1 body 1 pos 19,6 stuck 0
RC POS 404 id 6 seat 1 role expand fs 0 body 1 pos 13,24 stuck 0
RC POS 404 id 8 seat 2 role expand fs 0 body 1 pos 27,24 stuck 1
RC POS 404 id 10 seat 3 role raid fs 1 body 2 pos 12,3 stuck 0
RC POS 404 id 19 seat 4 role defend fs 0 body 1 pos 6,21 stuck 0
RC POS 405 id 4 seat 0 role raid fs 1 body 1 pos 19,5 stuck 0
RC POS 405 id 6 seat 1 role expand fs 0 body 1 pos 13,23 stuck 0
RC POS 405 id 8 seat 2 role expand fs 0 body 1 pos 26,24 stuck 0
RC POS 405 id 10 seat 3 role raid fs 1 body 2 pos 12,4 stuck 0
RC POS 405 id 19 seat 4 role defend fs 0 body 1 pos 7,21 stuck 0
RC POS 406 id 4 seat 0 role raid fs 1 body 1 pos 19,6 stuck 0
RC POS 406 id 6 seat 1 role expand fs 0 body 1 pos 13,24 stuck 0
RC POS 406 id 8 seat 2 role expand fs 0 body 1 pos 26,24 stuck 1
RC POS 406 id 10 seat 3 role raid fs 1 body 2 pos 12,3 stuck 0
RC POS 406 id 19 seat 4 role defend fs 0 body 1 pos 6,21 stuck 0
RC POS 407 id 4 seat 0 role raid fs 1 body 1 pos 19,5 stuck 0
RC POS 407 id 6 seat 1 role expand fs 0 body 1 pos 13,23 stuck 0
RC POS 407 id 8 seat 2 role expand fs 0 body 1 pos 25,24 stuck 0
RC POS 407 id 10 seat 3 role raid fs 1 body 2 pos 12,4 stuck 0
RC POS 407 id 19 seat 4 role defend fs 0 body 1 pos 7,21 stuck 0
RC POS 408 id 4 seat 0 role raid fs 1 body 1 pos 19,6 stuck 0
RC POS 408 id 6 seat 1 role expand fs 0 body 1 pos 13,24 stuck 0
RC POS 408 id 8 seat 2 role expand fs 0 body 1 pos 25,24 stuck 1
RC POS 408 id 10 seat 3 role raid fs 1 body 2 pos 12,3 stuck 0
RC POS 408 id 19 seat 4 role defend fs 0 body 1 pos 6,21 stuck 0
RC POS 409 id 4 seat 0 role raid fs 1 body 1 pos 19,5 stuck 0
RC POS 409 id 6 seat 1 role expand fs 0 body 1 pos 13,23 stuck 0
RC POS 409 id 8 seat 2 role expand fs 0 body 1 pos 24,24 stuck 0
RC POS 409 id 10 seat 3 role raid fs 1 body 2 pos 12,4 stuck 0
RC POS 409 id 19 seat 4 role defend fs 0 body 1 pos 7,21 stuck 0
RC POS 410 id 4 seat 0 role raid fs 1 body 1 pos 19,6 stuck 0
RC POS 410 id 6 seat 1 role expand fs 0 body 1 pos 13,24 stuck 0
RC POS 410 id 8 seat 2 role expand fs 0 body 1 pos 24,24 stuck 1
RC POS 410 id 10 seat 3 role raid fs 1 body 2 pos 12,3 stuck 0
RC POS 410 id 19 seat 4 role defend fs 0 body 1 pos 6,21 stuck 0
RC POS 411 id 4 seat 0 role raid fs 1 body 1 pos 19,5 stuck 0
RC POS 411 id 6 seat 1 role expand fs 0 body 1 pos 13,23 stuck 0
RC POS 411 id 8 seat 2 role expand fs 0 body 1 pos 23,24 stuck 0
RC POS 411 id 10 seat 3 role raid fs 1 body 2 pos 12,4 stuck 0
RC POS 411 id 19 seat 4 role defend fs 0 body 1 pos 7,21 stuck 0
RC POS 412 id 4 seat 0 role raid fs 1 body 1 pos 19,6 stuck 0
RC POS 412 id 6 seat 1 role expand fs 0 body 1 pos 13,24 stuck 0
RC POS 412 id 8 seat 2 role expand fs 0 body 1 pos 23,24 stuck 1
RC POS 412 id 10 seat 3 role raid fs 1 body 2 pos 12,3 stuck 0
RC POS 412 id 19 seat 4 role defend fs 0 body 1 pos 6,21 stuck 0
RC POS 413 id 4 seat 0 role raid fs 1 body 1 pos 19,5 stuck 0
RC POS 413 id 6 seat 1 role expand fs 0 body 1 pos 13,23 stuck 0
RC POS 413 id 8 seat 2 role expand fs 0 body 1 pos 22,24 stuck 0
RC POS 413 id 10 seat 3 role raid fs 1 body 2 pos 12,4 stuck 0
RC POS 413 id 19 seat 4 role defend fs 0 body 1 pos 7,21 stuck 0
RC POS 414 id 4 seat 0 role raid fs 1 body 1 pos 19,6 stuck 0
RC POS 414 id 6 seat 1 role expand fs 0 body 1 pos 13,24 stuck 0
RC POS 414 id 8 seat 2 role expand fs 0 body 1 pos 22,24 stuck 1
RC POS 414 id 10 seat 3 role raid fs 1 body 2 pos 12,3 stuck 0
RC POS 414 id 19 seat 4 role defend fs 0 body 1 pos 6,21 stuck 0
RC POS 415 id 4 seat 0 role raid fs 1 body 1 pos 19,5 stuck 0
RC POS 415 id 6 seat 1 role expand fs 0 body 1 pos 13,23 stuck 0
RC POS 415 id 8 seat 2 role expand fs 0 body 1 pos 21,24 stuck 0
RC POS 415 id 10 seat 3 role raid fs 1 body 2 pos 12,4 stuck 0
RC POS 415 id 19 seat 4 role defend fs 0 body 1 pos 7,21 stuck 0
RC POS 416 id 4 seat 0 role raid fs 1 body 1 pos 19,6 stuck 0
RC POS 416 id 6 seat 1 role expand fs 0 body 1 pos 13,24 stuck 0
RC POS 416 id 8 seat 2 role expand fs 0 body 1 pos 21,24 stuck 1
RC POS 416 id 10 seat 3 role raid fs 1 body 2 pos 12,3 stuck 0
RC POS 416 id 19 seat 4 role defend fs 0 body 1 pos 6,21 stuck 0
RC POS 417 id 4 seat 0 role raid fs 1 body 1 pos 19,5 stuck 0
RC POS 417 id 6 seat 1 role expand fs 0 body 1 pos 13,23 stuck 0
RC POS 417 id 8 seat 2 role expand fs 0 body 1 pos 20,24 stuck 0
RC POS 417 id 10 seat 3 role raid fs 1 body 2 pos 12,4 stuck 0
RC POS 417 id 19 seat 4 role defend fs 0 body 1 pos 7,21 stuck 0
RC POS 418 id 4 seat 0 role raid fs 1 body 1 pos 19,6 stuck 0
RC POS 418 id 6 seat 1 role expand fs 0 body 1 pos 13,24 stuck 0
RC POS 418 id 8 seat 2 role expand fs 0 body 1 pos 20,24 stuck 1
RC POS 418 id 10 seat 3 role raid fs 1 body 2 pos 12,3 stuck 0
RC POS 418 id 19 seat 4 role defend fs 0 body 1 pos 6,21 stuck 0
RC POS 419 id 4 seat 0 role raid fs 1 body 1 pos 19,5 stuck 0
RC POS 419 id 6 seat 1 role expand fs 0 body 1 pos 13,23 stuck 0
RC POS 419 id 8 seat 2 role expand fs 0 body 1 pos 19,24 stuck 0
RC POS 419 id 10 seat 3 role raid fs 1 body 2 pos 12,4 stuck 0
RC POS 419 id 19 seat 4 role defend fs 0 body 1 pos 7,21 stuck 0
RC POS 420 id 4 seat 0 role raid fs 1 body 1 pos 19,6 stuck 0
RC POS 420 id 6 seat 1 role expand fs 0 body 1 pos 13,24 stuck 0
RC POS 420 id 8 seat 2 role expand fs 0 body 1 pos 19,24 stuck 1
RC POS 420 id 10 seat 3 role raid fs 1 body 2 pos 12,3 stuck 0
RC POS 420 id 19 seat 4 role defend fs 0 body 1 pos 6,21 stuck 0
RC POS 421 id 4 seat 0 role raid fs 1 body 1 pos 19,5 stuck 0
RC POS 421 id 6 seat 1 role expand fs 0 body 1 pos 13,23 stuck 0
RC POS 421 id 8 seat 2 role expand fs 0 body 1 pos 19,24 stuck 2
RC POS 421 id 10 seat 3 role raid fs 1 body 2 pos 12,4 stuck 0
RC POS 421 id 19 seat 4 role defend fs 0 body 1 pos 7,21 stuck 0
RC POS 422 id 4 seat 0 role raid fs 1 body 1 pos 19,6 stuck 0
RC POS 422 id 6 seat 1 role expand fs 0 body 1 pos 13,24 stuck 0
RC POS 422 id 8 seat 2 role expand fs 0 body 1 pos 18,24 stuck 0
RC POS 422 id 10 seat 3 role raid fs 1 body 2 pos 12,3 stuck 0
RC POS 422 id 19 seat 4 role defend fs 0 body 1 pos 6,21 stuck 0
RC POS 423 id 4 seat 0 role raid fs 1 body 1 pos 19,5 stuck 0
RC POS 423 id 6 seat 1 role expand fs 0 body 1 pos 13,23 stuck 0
RC POS 423 id 8 seat 2 role expand fs 0 body 1 pos 18,24 stuck 1
RC POS 423 id 10 seat 3 role raid fs 1 body 2 pos 12,4 stuck 0
RC POS 423 id 19 seat 4 role defend fs 0 body 1 pos 7,21 stuck 0
RC POS 424 id 4 seat 0 role raid fs 1 body 1 pos 19,6 stuck 0
RC POS 424 id 6 seat 1 role expand fs 0 body 1 pos 13,24 stuck 0
RC POS 424 id 8 seat 2 role expand fs 0 body 1 pos 18,24 stuck 2
RC POS 424 id 10 seat 3 role raid fs 1 body 2 pos 12,3 stuck 0
RC POS 424 id 19 seat 4 role defend fs 0 body 1 pos 6,21 stuck 0
RC ECO 425 harvstore 5 harvseen -1 ti 16 units 7 scale 282.0
RC POS 425 id 4 seat 0 role raid fs 1 body 1 pos 19,5 stuck 0
RC POS 425 id 6 seat 1 role expand fs 0 body 1 pos 13,23 stuck 0
RC POS 425 id 8 seat 2 role expand fs 0 body 1 pos 18,24 stuck 3
RC POS 425 id 10 seat 3 role raid fs 1 body 2 pos 12,4 stuck 0
RC POS 425 id 19 seat 4 role defend fs 0 body 1 pos 7,21 stuck 0
RC POS 426 id 4 seat 0 role raid fs 1 body 1 pos 19,6 stuck 0
RC POS 426 id 6 seat 1 role expand fs 0 body 1 pos 13,24 stuck 0
RC POS 426 id 8 seat 2 role expand fs 0 body 1 pos 18,24 stuck 4
RC POS 426 id 10 seat 3 role raid fs 1 body 2 pos 12,3 stuck 0
RC POS 426 id 19 seat 4 role defend fs 0 body 1 pos 6,21 stuck 0
RC POS 427 id 4 seat 0 role raid fs 1 body 1 pos 19,5 stuck 0
RC POS 427 id 6 seat 1 role expand fs 0 body 1 pos 13,23 stuck 0
RC POS 427 id 8 seat 2 role expand fs 0 body 1 pos 18,24 stuck 5
RC POS 427 id 10 seat 3 role raid fs 1 body 2 pos 12,4 stuck 0
RC POS 427 id 19 seat 4 role defend fs 0 body 1 pos 7,21 stuck 0
RC POS 428 id 4 seat 0 role raid fs 1 body 1 pos 19,6 stuck 0
RC POS 428 id 6 seat 1 role expand fs 0 body 1 pos 13,24 stuck 0
RC POS 428 id 8 seat 2 role expand fs 0 body 1 pos 18,24 stuck 6
RC POS 428 id 10 seat 3 role raid fs 1 body 2 pos 12,3 stuck 0
RC POS 428 id 19 seat 4 role defend fs 0 body 1 pos 6,21 stuck 0
RC POS 429 id 4 seat 0 role raid fs 1 body 1 pos 19,5 stuck 0
RC POS 429 id 6 seat 1 role expand fs 0 body 1 pos 13,23 stuck 0
RC POS 429 id 8 seat 2 role expand fs 0 body 1 pos 18,24 stuck 7
RC POS 429 id 10 seat 3 role raid fs 1 body 2 pos 12,4 stuck 0
RC POS 429 id 19 seat 4 role defend fs 0 body 1 pos 7,21 stuck 0
RC POS 430 id 4 seat 0 role raid fs 1 body 1 pos 19,6 stuck 0
RC POS 430 id 6 seat 1 role expand fs 0 body 1 pos 13,24 stuck 0
RC POS 430 id 8 seat 2 role expand fs 0 body 1 pos 18,24 stuck 8
RC POS 430 id 10 seat 3 role raid fs 1 body 2 pos 12,3 stuck 0
RC POS 430 id 19 seat 4 role defend fs 0 body 1 pos 6,21 stuck 0
RC POS 431 id 4 seat 0 role raid fs 1 body 1 pos 19,5 stuck 0
RC POS 431 id 6 seat 1 role expand fs 0 body 1 pos 13,23 stuck 0
RC POS 431 id 8 seat 2 role expand fs 0 body 1 pos 18,24 stuck 9
RC POS 431 id 10 seat 3 role raid fs 1 body 2 pos 12,4 stuck 0
RC POS 431 id 19 seat 4 role defend fs 0 body 1 pos 7,21 stuck 0
RC POS 432 id 4 seat 0 role raid fs 1 body 1 pos 19,6 stuck 0
RC POS 432 id 6 seat 1 role expand fs 0 body 1 pos 13,24 stuck 0
RC POS 432 id 8 seat 2 role expand fs 0 body 1 pos 18,24 stuck 10
RC POS 432 id 10 seat 3 role raid fs 1 body 2 pos 12,3 stuck 0
RC POS 432 id 19 seat 4 role defend fs 0 body 1 pos 6,21 stuck 0
RC POS 433 id 4 seat 0 role raid fs 1 body 1 pos 19,5 stuck 0
RC POS 433 id 6 seat 1 role expand fs 0 body 1 pos 13,23 stuck 0
RC POS 433 id 8 seat 2 role expand fs 0 body 1 pos 18,24 stuck 11
RC POS 433 id 10 seat 3 role raid fs 1 body 2 pos 12,4 stuck 0
RC POS 433 id 19 seat 4 role defend fs 0 body 1 pos 7,21 stuck 0
RC POS 434 id 4 seat 0 role raid fs 1 body 1 pos 19,6 stuck 0
RC POS 434 id 6 seat 1 role expand fs 0 body 1 pos 13,24 stuck 0
RC POS 434 id 8 seat 2 role expand fs 0 body 1 pos 18,24 stuck 12
RC POS 434 id 10 seat 3 role raid fs 1 body 2 pos 12,3 stuck 0
RC POS 434 id 19 seat 4 role defend fs 0 body 1 pos 6,21 stuck 0
RC POS 435 id 4 seat 0 role raid fs 1 body 1 pos 19,5 stuck 0
RC POS 435 id 6 seat 1 role expand fs 0 body 1 pos 13,23 stuck 0
RC POS 435 id 8 seat 2 role expand fs 0 body 1 pos 18,24 stuck 13
RC POS 435 id 10 seat 3 role raid fs 1 body 2 pos 12,4 stuck 0
RC POS 435 id 19 seat 4 role defend fs 0 body 1 pos 7,21 stuck 0
RC POS 436 id 4 seat 0 role raid fs 1 body 1 pos 19,6 stuck 0
RC POS 436 id 6 seat 1 role expand fs 0 body 1 pos 13,24 stuck 0
RC POS 436 id 8 seat 2 role expand fs 0 body 1 pos 18,24 stuck 14
RC POS 436 id 10 seat 3 role raid fs 1 body 2 pos 12,3 stuck 0
RC POS 436 id 19 seat 4 role defend fs 0 body 1 pos 6,21 stuck 0
RC POS 437 id 4 seat 0 role raid fs 1 body 1 pos 19,5 stuck 0
RC POS 437 id 6 seat 1 role expand fs 0 body 1 pos 13,23 stuck 0
RC POS 437 id 8 seat 2 role expand fs 0 body 1 pos 18,24 stuck 15
RC POS 437 id 10 seat 3 role raid fs 1 body 2 pos 12,4 stuck 0
RC POS 437 id 19 seat 4 role defend fs 0 body 1 pos 7,21 stuck 0
RC POS 438 id 4 seat 0 role raid fs 1 body 1 pos 19,6 stuck 0
RC POS 438 id 6 seat 1 role expand fs 0 body 1 pos 13,24 stuck 0
RC POS 438 id 8 seat 2 role expand fs 0 body 1 pos 18,24 stuck 16
RC POS 438 id 10 seat 3 role raid fs 1 body 2 pos 12,3 stuck 0
RC POS 438 id 19 seat 4 role defend fs 0 body 1 pos 6,21 stuck 0
RC POS 439 id 4 seat 0 role raid fs 1 body 1 pos 19,5 stuck 0
RC POS 439 id 6 seat 1 role expand fs 0 body 1 pos 13,23 stuck 0
RC POS 439 id 8 seat 2 role expand fs 0 body 1 pos 18,24 stuck 17
RC POS 439 id 10 seat 3 role raid fs 1 body 2 pos 12,4 stuck 0
RC POS 439 id 19 seat 4 role defend fs 0 body 1 pos 7,21 stuck 0
RC POS 440 id 4 seat 0 role raid fs 1 body 1 pos 19,6 stuck 0
RC POS 440 id 6 seat 1 role expand fs 0 body 1 pos 13,24 stuck 0
RC POS 440 id 8 seat 2 role expand fs 0 body 1 pos 18,24 stuck 18
RC POS 440 id 10 seat 3 role raid fs 1 body 2 pos 12,3 stuck 0
RC POS 440 id 19 seat 4 role defend fs 0 body 1 pos 6,21 stuck 0
RC POS 441 id 4 seat 0 role raid fs 1 body 1 pos 19,5 stuck 0
RC POS 441 id 6 seat 1 role expand fs 0 body 1 pos 13,23 stuck 0
RC POS 441 id 8 seat 2 role expand fs 0 body 1 pos 18,24 stuck 19
RC POS 441 id 10 seat 3 role raid fs 1 body 2 pos 12,3 stuck 1
RC POS 441 id 19 seat 4 role defend fs 0 body 1 pos 7,21 stuck 0
RC POS 442 id 4 seat 0 role raid fs 1 body 1 pos 19,6 stuck 0
RC POS 442 id 6 seat 1 role expand fs 0 body 1 pos 13,24 stuck 0
RC POS 442 id 8 seat 2 role expand fs 0 body 1 pos 18,24 stuck 20
RC POS 442 id 10 seat 3 role raid fs 1 body 2 pos 12,4 stuck 0
RC POS 442 id 19 seat 4 role defend fs 0 body 1 pos 6,21 stuck 0
RC POS 443 id 4 seat 0 role raid fs 1 body 1 pos 19,5 stuck 0
RC POS 443 id 6 seat 1 role expand fs 0 body 1 pos 13,23 stuck 0
RC POS 443 id 8 seat 2 role expand fs 0 body 1 pos 18,24 stuck 21
RC POS 443 id 10 seat 3 role raid fs 1 body 2 pos 12,3 stuck 0
RC POS 443 id 19 seat 4 role defend fs 0 body 1 pos 7,21 stuck 0
RC POS 444 id 4 seat 0 role raid fs 1 body 1 pos 19,6 stuck 0
RC POS 444 id 6 seat 1 role expand fs 0 body 1 pos 13,24 stuck 0
RC POS 444 id 8 seat 2 role expand fs 0 body 1 pos 18,24 stuck 22
RC POS 444 id 10 seat 3 role raid fs 1 body 2 pos 12,4 stuck 0
RC POS 444 id 19 seat 4 role defend fs 0 body 1 pos 6,21 stuck 0
RC POS 445 id 4 seat 0 role raid fs 1 body 1 pos 19,5 stuck 0
RC POS 445 id 6 seat 1 role expand fs 0 body 1 pos 13,23 stuck 0
RC POS 445 id 8 seat 2 role expand fs 0 body 1 pos 18,24 stuck 23
RC POS 445 id 10 seat 3 role raid fs 1 body 2 pos 12,3 stuck 0
RC POS 445 id 19 seat 4 role defend fs 0 body 1 pos 7,21 stuck 0
RC POS 446 id 4 seat 0 role raid fs 1 body 1 pos 19,6 stuck 0
RC POS 446 id 6 seat 1 role expand fs 0 body 1 pos 13,24 stuck 0
RC POS 446 id 8 seat 2 role expand fs 0 body 1 pos 18,24 stuck 24
RC POS 446 id 10 seat 3 role raid fs 1 body 2 pos 12,4 stuck 0
RC POS 446 id 19 seat 4 role defend fs 0 body 1 pos 6,21 stuck 0
RC POS 447 id 4 seat 0 role raid fs 1 body 1 pos 19,5 stuck 0
RC POS 447 id 6 seat 1 role expand fs 0 body 1 pos 13,23 stuck 0
RC POS 447 id 8 seat 2 role expand fs 0 body 1 pos 18,24 stuck 25
RC POS 447 id 10 seat 3 role raid fs 1 body 2 pos 12,3 stuck 0
RC POS 447 id 19 seat 4 role defend fs 0 body 1 pos 7,21 stuck 0
RC POS 448 id 4 seat 0 role raid fs 1 body 1 pos 19,6 stuck 0
RC POS 448 id 6 seat 1 role expand fs 0 body 1 pos 13,24 stuck 0
RC POS 448 id 8 seat 2 role expand fs 0 body 1 pos 18,24 stuck 26
RC POS 448 id 10 seat 3 role raid fs 1 body 2 pos 12,4 stuck 0
RC POS 448 id 19 seat 4 role defend fs 0 body 1 pos 6,21 stuck 0
RC POS 449 id 4 seat 0 role raid fs 1 body 1 pos 19,5 stuck 0
RC POS 449 id 6 seat 1 role expand fs 0 body 1 pos 13,23 stuck 0
RC POS 449 id 8 seat 2 role expand fs 0 body 1 pos 18,24 stuck 27
RC POS 449 id 10 seat 3 role raid fs 1 body 2 pos 12,3 stuck 0
RC POS 449 id 19 seat 4 role defend fs 0 body 1 pos 7,21 stuck 0
RC ECO 450 harvstore 5 harvseen -1 ti 18 units 7 scale 283.0
RC POS 450 id 4 seat 0 role raid fs 1 body 1 pos 19,6 stuck 0
RC POS 450 id 6 seat 1 role expand fs 0 body 1 pos 13,24 stuck 0
RC POS 450 id 8 seat 2 role expand fs 0 body 1 pos 17,24 stuck 0
RC POS 450 id 10 seat 3 role raid fs 1 body 2 pos 12,4 stuck 0
RC POS 450 id 19 seat 4 role defend fs 0 body 1 pos 6,21 stuck 0
RC POS 451 id 4 seat 0 role raid fs 1 body 1 pos 19,5 stuck 0
RC POS 451 id 6 seat 1 role expand fs 0 body 1 pos 13,23 stuck 0
RC POS 451 id 8 seat 2 role expand fs 0 body 1 pos 17,24 stuck 1
RC POS 451 id 10 seat 3 role raid fs 1 body 2 pos 12,3 stuck 0
RC POS 451 id 19 seat 4 role defend fs 0 body 1 pos 7,21 stuck 0
RC POS 452 id 4 seat 0 role raid fs 1 body 1 pos 19,6 stuck 0
RC POS 452 id 6 seat 1 role expand fs 0 body 1 pos 13,24 stuck 0
RC POS 452 id 8 seat 2 role expand fs 0 body 1 pos 17,24 stuck 2
RC POS 452 id 10 seat 3 role raid fs 1 body 2 pos 12,3 stuck 1
RC POS 452 id 19 seat 4 role defend fs 0 body 1 pos 6,21 stuck 0
RC POS 453 id 4 seat 0 role raid fs 1 body 1 pos 19,5 stuck 0
RC POS 453 id 6 seat 1 role expand fs 0 body 1 pos 13,23 stuck 0
RC POS 453 id 8 seat 2 role expand fs 0 body 1 pos 17,24 stuck 3
RC POS 453 id 10 seat 3 role raid fs 1 body 2 pos 12,4 stuck 0
RC POS 453 id 19 seat 4 role defend fs 0 body 1 pos 7,21 stuck 0
RC POS 454 id 4 seat 0 role raid fs 1 body 1 pos 19,6 stuck 0
RC POS 454 id 6 seat 1 role expand fs 0 body 1 pos 13,24 stuck 0
RC POS 454 id 8 seat 2 role expand fs 0 body 1 pos 16,24 stuck 0
RC POS 454 id 10 seat 3 role raid fs 1 body 2 pos 12,3 stuck 0
RC POS 454 id 19 seat 4 role defend fs 0 body 1 pos 6,21 stuck 0
RC POS 455 id 4 seat 0 role raid fs 1 body 1 pos 18,6 stuck 0
RC POS 455 id 6 seat 1 role expand fs 0 body 1 pos 13,23 stuck 0
RC POS 455 id 8 seat 2 role expand fs 0 body 1 pos 16,24 stuck 1
RC POS 455 id 10 seat 3 role raid fs 1 body 2 pos 12,4 stuck 0
RC POS 455 id 19 seat 4 role defend fs 0 body 1 pos 7,21 stuck 0
RC POS 456 id 4 seat 0 role raid fs 1 body 1 pos 17,6 stuck 0
RC POS 456 id 6 seat 1 role expand fs 0 body 1 pos 13,24 stuck 0
RC POS 456 id 8 seat 2 role expand fs 0 body 1 pos 16,24 stuck 2
RC POS 456 id 10 seat 3 role raid fs 1 body 2 pos 12,3 stuck 0
RC POS 456 id 19 seat 4 role defend fs 0 body 1 pos 6,21 stuck 0
RC POS 457 id 4 seat 0 role raid fs 1 body 1 pos 18,6 stuck 0
RC POS 457 id 6 seat 1 role expand fs 0 body 1 pos 13,23 stuck 0
RC POS 457 id 8 seat 2 role expand fs 0 body 1 pos 16,24 stuck 3
RC POS 457 id 10 seat 3 role raid fs 1 body 2 pos 12,4 stuck 0
RC POS 457 id 19 seat 4 role defend fs 0 body 1 pos 7,21 stuck 0
RC POS 458 id 4 seat 0 role raid fs 1 body 1 pos 19,6 stuck 0
RC POS 458 id 6 seat 1 role expand fs 0 body 1 pos 13,24 stuck 0
RC POS 458 id 8 seat 2 role expand fs 0 body 1 pos 16,25 stuck 0
RC POS 458 id 10 seat 3 role raid fs 1 body 2 pos 12,3 stuck 0
RC POS 458 id 19 seat 4 role defend fs 0 body 1 pos 6,21 stuck 0
RC POS 459 id 4 seat 0 role raid fs 1 body 1 pos 19,5 stuck 0
RC POS 459 id 6 seat 1 role expand fs 0 body 1 pos 13,23 stuck 0
RC POS 459 id 8 seat 2 role expand fs 0 body 1 pos 16,25 stuck 1
RC POS 459 id 10 seat 3 role raid fs 1 body 2 pos 12,4 stuck 0
RC POS 459 id 19 seat 4 role defend fs 0 body 1 pos 7,21 stuck 0
RC POS 460 id 4 seat 0 role raid fs 1 body 1 pos 19,6 stuck 0
RC POS 460 id 6 seat 1 role expand fs 0 body 1 pos 13,24 stuck 0
RC POS 460 id 8 seat 2 role expand fs 0 body 1 pos 16,25 stuck 2
RC POS 460 id 10 seat 3 role raid fs 1 body 2 pos 12,3 stuck 0
RC POS 460 id 19 seat 4 role defend fs 0 body 1 pos 6,21 stuck 0
RC POS 461 id 4 seat 0 role raid fs 1 body 1 pos 19,5 stuck 0
RC POS 461 id 6 seat 1 role expand fs 0 body 1 pos 13,23 stuck 0
RC POS 461 id 8 seat 2 role expand fs 0 body 1 pos 16,25 stuck 3
RC POS 461 id 10 seat 3 role raid fs 1 body 2 pos 12,4 stuck 0
RC POS 461 id 19 seat 4 role defend fs 0 body 1 pos 7,21 stuck 0
RC POS 462 id 4 seat 0 role raid fs 1 body 1 pos 19,6 stuck 0
RC POS 462 id 6 seat 1 role expand fs 0 body 1 pos 13,24 stuck 0
RC POS 462 id 8 seat 2 role expand fs 0 body 1 pos 16,24 stuck 0
RC POS 462 id 10 seat 3 role raid fs 1 body 2 pos 12,3 stuck 0
RC POS 462 id 19 seat 4 role defend fs 0 body 1 pos 6,21 stuck 0
RC POS 463 id 4 seat 0 role raid fs 1 body 1 pos 18,6 stuck 0
RC POS 463 id 6 seat 1 role expand fs 0 body 1 pos 13,23 stuck 0
RC POS 463 id 8 seat 2 role expand fs 0 body 1 pos 16,24 stuck 1
RC POS 463 id 10 seat 3 role raid fs 1 body 2 pos 12,4 stuck 0
RC POS 463 id 19 seat 4 role defend fs 0 body 1 pos 7,21 stuck 0
RC POS 464 id 4 seat 0 role raid fs 1 body 1 pos 17,6 stuck 0
RC POS 464 id 6 seat 1 role expand fs 0 body 1 pos 13,24 stuck 0
RC POS 464 id 8 seat 2 role expand fs 0 body 1 pos 16,25 stuck 0
RC POS 464 id 10 seat 3 role raid fs 1 body 2 pos 12,3 stuck 0
RC POS 464 id 19 seat 4 role defend fs 0 body 1 pos 6,21 stuck 0
RC POS 465 id 4 seat 0 role raid fs 1 body 1 pos 17,5 stuck 0
RC POS 465 id 6 seat 1 role expand fs 0 body 1 pos 13,23 stuck 0
RC POS 465 id 8 seat 2 role expand fs 0 body 1 pos 16,25 stuck 1
RC POS 465 id 10 seat 3 role raid fs 1 body 2 pos 12,4 stuck 0
RC POS 465 id 19 seat 4 role defend fs 0 body 1 pos 7,21 stuck 0
RC POS 466 id 4 seat 0 role raid fs 1 body 1 pos 17,4 stuck 0
RC POS 466 id 6 seat 1 role expand fs 0 body 1 pos 13,24 stuck 0
RC POS 466 id 8 seat 2 role expand fs 0 body 1 pos 16,25 stuck 2
RC POS 466 id 10 seat 3 role raid fs 1 body 2 pos 12,3 stuck 0
RC POS 466 id 19 seat 4 role defend fs 0 body 1 pos 6,21 stuck 0
RC POS 467 id 4 seat 0 role raid fs 1 body 1 pos 17,3 stuck 0
RC POS 467 id 6 seat 1 role expand fs 0 body 1 pos 13,23 stuck 0
RC POS 467 id 8 seat 2 role expand fs 0 body 1 pos 16,25 stuck 3
RC POS 467 id 10 seat 3 role raid fs 1 body 2 pos 12,4 stuck 0
RC POS 467 id 19 seat 4 role defend fs 0 body 1 pos 7,21 stuck 0
RC POS 468 id 4 seat 0 role raid fs 1 body 1 pos 17,2 stuck 0
RC POS 468 id 6 seat 1 role expand fs 0 body 1 pos 13,24 stuck 0
RC POS 468 id 8 seat 2 role expand fs 0 body 1 pos 16,25 stuck 4
RC POS 468 id 10 seat 3 role raid fs 1 body 2 pos 12,3 stuck 0
RC POS 468 id 19 seat 4 role defend fs 0 body 1 pos 6,21 stuck 0
RC POS 469 id 4 seat 0 role raid fs 1 body 1 pos 17,1 stuck 0
RC POS 469 id 6 seat 1 role expand fs 0 body 1 pos 13,23 stuck 0
RC POS 469 id 8 seat 2 role expand fs 0 body 1 pos 16,25 stuck 5
RC POS 469 id 10 seat 3 role raid fs 1 body 2 pos 12,4 stuck 0
RC POS 469 id 19 seat 4 role defend fs 0 body 1 pos 7,21 stuck 0
RC POS 470 id 4 seat 0 role raid fs 1 body 1 pos 16,1 stuck 0
RC POS 470 id 6 seat 1 role expand fs 0 body 1 pos 13,24 stuck 0
RC POS 470 id 8 seat 2 role expand fs 0 body 1 pos 17,25 stuck 0
RC POS 470 id 10 seat 3 role raid fs 1 body 2 pos 12,3 stuck 0
RC POS 470 id 19 seat 4 role defend fs 0 body 1 pos 6,21 stuck 0
RC POS 471 id 4 seat 0 role raid fs 1 body 1 pos 16,1 stuck 1
RC POS 471 id 6 seat 1 role expand fs 0 body 1 pos 13,23 stuck 0
RC POS 471 id 8 seat 2 role expand fs 0 body 1 pos 17,24 stuck 0
RC POS 471 id 10 seat 3 role raid fs 1 body 2 pos 12,4 stuck 0
RC POS 471 id 19 seat 4 role defend fs 0 body 1 pos 7,21 stuck 0
RC POS 472 id 4 seat 0 role raid fs 1 body 1 pos 17,1 stuck 0
RC POS 472 id 6 seat 1 role expand fs 0 body 1 pos 13,24 stuck 0
RC POS 472 id 8 seat 2 role expand fs 0 body 1 pos 18,24 stuck 0
RC POS 472 id 10 seat 3 role raid fs 1 body 2 pos 11,4 stuck 0
RC POS 472 id 19 seat 4 role defend fs 0 body 1 pos 6,21 stuck 0
RC POS 473 id 4 seat 0 role raid fs 1 body 1 pos 17,2 stuck 0
RC POS 473 id 6 seat 1 role expand fs 0 body 1 pos 13,23 stuck 0
RC POS 473 id 8 seat 2 role expand fs 0 body 1 pos 18,23 stuck 0
RC POS 473 id 10 seat 3 role raid fs 1 body 2 pos 12,4 stuck 0
RC POS 473 id 19 seat 4 role defend fs 0 body 1 pos 7,21 stuck 0
RC POS 474 id 4 seat 0 role raid fs 1 body 1 pos 17,1 stuck 0
RC POS 474 id 6 seat 1 role expand fs 0 body 1 pos 13,24 stuck 0
RC POS 474 id 8 seat 2 role expand fs 0 body 1 pos 19,23 stuck 0
RC POS 474 id 10 seat 3 role raid fs 1 body 2 pos 12,3 stuck 0
RC POS 474 id 19 seat 4 role defend fs 0 body 1 pos 6,21 stuck 0
RC ECO 475 harvstore 5 harvseen -1 ti 38 units 7 scale 287.0
RC POS 475 id 4 seat 0 role raid fs 1 body 1 pos 16,1 stuck 0
RC POS 475 id 6 seat 1 role expand fs 0 body 1 pos 13,23 stuck 0
RC POS 475 id 8 seat 2 role expand fs 0 body 1 pos 19,22 stuck 0
RC POS 475 id 10 seat 3 role raid fs 1 body 2 pos 12,4 stuck 0
RC POS 475 id 19 seat 4 role defend fs 0 body 1 pos 7,21 stuck 0
RC POS 476 id 4 seat 0 role raid fs 1 body 1 pos 16,1 stuck 1
RC POS 476 id 6 seat 1 role expand fs 0 body 1 pos 13,24 stuck 0
RC POS 476 id 8 seat 2 role expand fs 0 body 1 pos 20,22 stuck 0
RC POS 476 id 10 seat 3 role raid fs 1 body 2 pos 11,4 stuck 0
RC POS 476 id 19 seat 4 role defend fs 0 body 1 pos 6,21 stuck 0
RC POS 477 id 4 seat 0 role raid fs 1 body 1 pos 17,1 stuck 0
RC POS 477 id 6 seat 1 role expand fs 0 body 1 pos 13,23 stuck 0
RC POS 477 id 8 seat 2 role expand fs 0 body 1 pos 20,21 stuck 0
RC POS 477 id 10 seat 3 role raid fs 1 body 2 pos 12,4 stuck 0
RC POS 477 id 19 seat 4 role defend fs 0 body 1 pos 7,21 stuck 0
RC POS 478 id 4 seat 0 role raid fs 1 body 1 pos 17,2 stuck 0
RC POS 478 id 6 seat 1 role expand fs 0 body 1 pos 13,24 stuck 0
RC POS 478 id 8 seat 2 role expand fs 0 body 1 pos 21,21 stuck 0
RC POS 478 id 10 seat 3 role raid fs 1 body 2 pos 11,4 stuck 0
RC POS 478 id 19 seat 4 role defend fs 0 body 1 pos 6,21 stuck 0
RC POS 479 id 4 seat 0 role raid fs 1 body 1 pos 17,1 stuck 0
RC POS 479 id 6 seat 1 role expand fs 0 body 1 pos 13,23 stuck 0
RC POS 479 id 8 seat 2 role expand fs 0 body 1 pos 21,20 stuck 0
RC POS 479 id 10 seat 3 role raid fs 1 body 2 pos 12,4 stuck 0
RC POS 479 id 19 seat 4 role defend fs 0 body 1 pos 7,21 stuck 0
RC POS 480 id 4 seat 0 role raid fs 1 body 1 pos 16,1 stuck 0
RC POS 480 id 6 seat 1 role expand fs 0 body 1 pos 13,24 stuck 0
RC POS 480 id 8 seat 2 role expand fs 0 body 1 pos 22,20 stuck 0
RC POS 480 id 10 seat 3 role raid fs 1 body 2 pos 12,3 stuck 0
RC POS 480 id 19 seat 4 role defend fs 0 body 1 pos 6,21 stuck 0
RC POS 481 id 4 seat 0 role raid fs 1 body 1 pos 16,1 stuck 1
RC POS 481 id 6 seat 1 role expand fs 0 body 1 pos 13,23 stuck 0
RC POS 481 id 8 seat 2 role expand fs 0 body 1 pos 22,21 stuck 0
RC POS 481 id 10 seat 3 role raid fs 1 body 2 pos 12,4 stuck 0
RC POS 481 id 19 seat 4 role defend fs 0 body 1 pos 7,21 stuck 0
RC POS 482 id 4 seat 0 role raid fs 1 body 1 pos 17,1 stuck 0
RC POS 482 id 6 seat 1 role expand fs 0 body 1 pos 13,24 stuck 0
RC POS 482 id 8 seat 2 role expand fs 0 body 1 pos 23,21 stuck 0
RC POS 482 id 10 seat 3 role raid fs 1 body 2 pos 12,4 stuck 1
RC POS 482 id 19 seat 4 role defend fs 0 body 1 pos 6,21 stuck 0
RC POS 483 id 4 seat 0 role raid fs 1 body 1 pos 17,1 stuck 1
RC POS 483 id 6 seat 1 role expand fs 0 body 1 pos 13,23 stuck 0
RC POS 483 id 8 seat 2 role expand fs 0 body 1 pos 22,21 stuck 0
RC POS 483 id 10 seat 3 role raid fs 1 body 2 pos 12,4 stuck 2
RC POS 483 id 19 seat 4 role defend fs 0 body 1 pos 7,21 stuck 0
RC POS 484 id 4 seat 0 role raid fs 1 body 1 pos 16,1 stuck 0
RC POS 484 id 6 seat 1 role expand fs 0 body 1 pos 13,24 stuck 0
RC POS 484 id 8 seat 2 role expand fs 0 body 1 pos 23,21 stuck 0
RC POS 484 id 10 seat 3 role raid fs 1 body 2 pos 12,3 stuck 0
RC POS 484 id 19 seat 4 role defend fs 0 body 1 pos 6,21 stuck 0
RC POS 485 id 4 seat 0 role raid fs 1 body 1 pos 16,1 stuck 1
RC POS 485 id 6 seat 1 role expand fs 0 body 1 pos 13,23 stuck 0
RC POS 485 id 8 seat 2 role expand fs 0 body 1 pos 23,22 stuck 0
RC POS 485 id 10 seat 3 role raid fs 1 body 2 pos 12,3 stuck 1
RC POS 485 id 19 seat 4 role defend fs 0 body 1 pos 7,21 stuck 0
RC POS 486 id 4 seat 0 role raid fs 1 body 1 pos 16,1 stuck 2
RC POS 486 id 6 seat 1 role expand fs 0 body 1 pos 13,24 stuck 0
RC POS 486 id 8 seat 2 role expand fs 0 body 1 pos 22,22 stuck 0
RC POS 486 id 10 seat 3 role raid fs 1 body 2 pos 12,3 stuck 2
RC POS 486 id 19 seat 4 role defend fs 0 body 1 pos 6,21 stuck 0
RC POS 487 id 4 seat 0 role raid fs 1 body 1 pos 16,1 stuck 3
RC POS 487 id 6 seat 1 role expand fs 0 body 1 pos 13,23 stuck 0
RC POS 487 id 8 seat 2 role expand fs 0 body 1 pos 22,21 stuck 0
RC POS 487 id 10 seat 3 role raid fs 1 body 2 pos 12,3 stuck 3
RC POS 487 id 19 seat 4 role defend fs 0 body 1 pos 7,21 stuck 0
RC POS 488 id 4 seat 0 role raid fs 1 body 1 pos 16,1 stuck 4
RC POS 488 id 6 seat 1 role expand fs 0 body 1 pos 13,24 stuck 0
RC POS 488 id 8 seat 2 role expand fs 0 body 1 pos 23,21 stuck 0
RC POS 488 id 10 seat 3 role raid fs 1 body 2 pos 12,3 stuck 4
RC POS 488 id 19 seat 4 role defend fs 0 body 1 pos 6,21 stuck 0
RC POS 489 id 4 seat 0 role raid fs 1 body 1 pos 16,1 stuck 5
RC POS 489 id 6 seat 1 role expand fs 0 body 1 pos 13,23 stuck 0
RC POS 489 id 8 seat 2 role expand fs 0 body 1 pos 23,20 stuck 0
RC POS 489 id 10 seat 3 role raid fs 1 body 2 pos 12,3 stuck 5
RC POS 489 id 19 seat 4 role defend fs 0 body 1 pos 7,21 stuck 0
RC POS 490 id 4 seat 0 role raid fs 1 body 1 pos 16,1 stuck 6
RC POS 490 id 6 seat 1 role expand fs 0 body 1 pos 13,24 stuck 0
RC POS 490 id 8 seat 2 role expand fs 0 body 1 pos 22,20 stuck 0
RC POS 490 id 10 seat 3 role raid fs 1 body 2 pos 12,3 stuck 6
RC POS 490 id 19 seat 4 role defend fs 0 body 1 pos 6,21 stuck 0
RC POS 491 id 4 seat 0 role raid fs 1 body 1 pos 16,1 stuck 7
RC POS 491 id 6 seat 1 role expand fs 0 body 1 pos 13,23 stuck 0
RC POS 491 id 8 seat 2 role expand fs 0 body 1 pos 22,21 stuck 0
RC POS 491 id 10 seat 3 role raid fs 1 body 2 pos 12,3 stuck 7
RC POS 491 id 19 seat 4 role defend fs 0 body 1 pos 7,21 stuck 0
RC POS 492 id 4 seat 0 role raid fs 1 body 1 pos 16,1 stuck 8
RC POS 492 id 6 seat 1 role expand fs 0 body 1 pos 13,24 stuck 0
RC POS 492 id 8 seat 2 role expand fs 0 body 1 pos 23,21 stuck 0
RC POS 492 id 10 seat 3 role raid fs 1 body 2 pos 12,3 stuck 8
RC POS 492 id 19 seat 4 role defend fs 0 body 1 pos 6,21 stuck 0
RC POS 493 id 4 seat 0 role raid fs 1 body 1 pos 16,1 stuck 9
RC POS 493 id 6 seat 1 role expand fs 0 body 1 pos 13,23 stuck 0
RC POS 493 id 8 seat 2 role expand fs 0 body 1 pos 22,21 stuck 0
RC POS 493 id 10 seat 3 role raid fs 1 body 2 pos 12,3 stuck 9
RC POS 493 id 19 seat 4 role defend fs 0 body 1 pos 7,21 stuck 0
RC POS 494 id 4 seat 0 role raid fs 1 body 1 pos 16,1 stuck 10
RC POS 494 id 6 seat 1 role expand fs 0 body 1 pos 13,24 stuck 0
RC POS 494 id 8 seat 2 role expand fs 0 body 1 pos 23,21 stuck 0
RC POS 494 id 10 seat 3 role raid fs 1 body 2 pos 12,3 stuck 10
RC POS 494 id 19 seat 4 role defend fs 0 body 1 pos 6,21 stuck 0
RC POS 495 id 4 seat 0 role raid fs 1 body 1 pos 16,1 stuck 11
RC POS 495 id 6 seat 1 role expand fs 0 body 1 pos 13,23 stuck 0
RC POS 495 id 8 seat 2 role expand fs 0 body 1 pos 22,21 stuck 0
RC POS 495 id 10 seat 3 role raid fs 1 body 2 pos 12,3 stuck 11
RC POS 495 id 19 seat 4 role defend fs 0 body 1 pos 7,21 stuck 0
RC POS 496 id 4 seat 0 role raid fs 1 body 1 pos 16,1 stuck 12
RC POS 496 id 6 seat 1 role expand fs 0 body 1 pos 13,24 stuck 0
RC POS 496 id 8 seat 2 role expand fs 0 body 1 pos 23,21 stuck 0
RC POS 496 id 10 seat 3 role raid fs 1 body 2 pos 12,3 stuck 12
RC POS 496 id 19 seat 4 role defend fs 0 body 1 pos 6,21 stuck 0
RC POS 497 id 4 seat 0 role raid fs 1 body 1 pos 16,1 stuck 13
RC POS 497 id 6 seat 1 role expand fs 0 body 1 pos 13,23 stuck 0
RC POS 497 id 8 seat 2 role expand fs 0 body 1 pos 23,22 stuck 0
RC POS 497 id 10 seat 3 role raid fs 1 body 2 pos 12,3 stuck 13
RC POS 497 id 19 seat 4 role defend fs 0 body 1 pos 7,21 stuck 0
RC POS 498 id 4 seat 0 role raid fs 1 body 1 pos 16,1 stuck 14
RC POS 498 id 6 seat 1 role expand fs 0 body 1 pos 13,24 stuck 0
RC POS 498 id 8 seat 2 role expand fs 0 body 1 pos 22,22 stuck 0
RC POS 498 id 10 seat 3 role raid fs 1 body 2 pos 12,3 stuck 14
RC POS 498 id 19 seat 4 role defend fs 0 body 1 pos 6,21 stuck 0
RC POS 499 id 4 seat 0 role raid fs 1 body 1 pos 16,1 stuck 15
RC POS 499 id 6 seat 1 role expand fs 0 body 1 pos 13,23 stuck 0
RC POS 499 id 8 seat 2 role expand fs 0 body 1 pos 22,21 stuck 0
RC POS 499 id 10 seat 3 role raid fs 1 body 2 pos 12,3 stuck 15
RC POS 499 id 19 seat 4 role defend fs 0 body 1 pos 7,21 stuck 0
RC ECO 500 harvstore 5 harvseen -1 ti 52 units 7 scale 288.0
RC POS 500 id 4 seat 0 role raid fs 1 body 1 pos 16,1 stuck 16
RC POS 500 id 6 seat 1 role expand fs 0 body 1 pos 13,24 stuck 0
RC POS 500 id 8 seat 2 role expand fs 0 body 1 pos 23,21 stuck 0
RC POS 500 id 10 seat 3 role raid fs 1 body 2 pos 12,3 stuck 16
RC POS 500 id 19 seat 4 role defend fs 0 body 1 pos 6,21 stuck 0
RC POS 501 id 4 seat 0 role raid fs 1 body 1 pos 16,1 stuck 17
RC POS 501 id 6 seat 1 role expand fs 0 body 1 pos 13,23 stuck 0
RC POS 501 id 8 seat 2 role expand fs 0 body 1 pos 23,20 stuck 0
RC POS 501 id 10 seat 3 role raid fs 1 body 2 pos 12,3 stuck 17
RC POS 501 id 19 seat 4 role defend fs 0 body 1 pos 7,21 stuck 0
RC POS 502 id 4 seat 0 role raid fs 1 body 1 pos 16,1 stuck 18
RC POS 502 id 6 seat 1 role expand fs 0 body 1 pos 13,24 stuck 0
RC POS 502 id 8 seat 2 role expand fs 0 body 1 pos 22,20 stuck 0
RC POS 502 id 10 seat 3 role raid fs 1 body 2 pos 12,3 stuck 18
RC POS 502 id 19 seat 4 role defend fs 0 body 1 pos 6,21 stuck 0
RC POS 503 id 4 seat 0 role raid fs 1 body 1 pos 16,1 stuck 19
RC POS 503 id 6 seat 1 role expand fs 0 body 1 pos 13,23 stuck 0
RC POS 503 id 8 seat 2 role expand fs 0 body 1 pos 22,21 stuck 0
RC POS 503 id 10 seat 3 role raid fs 1 body 2 pos 11,3 stuck 0
RC POS 503 id 19 seat 4 role defend fs 0 body 1 pos 7,21 stuck 0
RC POS 504 id 4 seat 0 role raid fs 1 body 1 pos 16,1 stuck 20
RC POS 504 id 6 seat 1 role expand fs 0 body 1 pos 13,24 stuck 0
RC POS 504 id 8 seat 2 role expand fs 0 body 1 pos 23,21 stuck 0
RC POS 504 id 10 seat 3 role raid fs 1 body 2 pos 12,3 stuck 0
RC POS 504 id 19 seat 4 role defend fs 0 body 1 pos 6,21 stuck 0
RC POS 505 id 4 seat 0 role raid fs 1 body 1 pos 17,1 stuck 0
RC POS 505 id 6 seat 1 role expand fs 0 body 1 pos 13,23 stuck 0
RC POS 505 id 8 seat 2 role expand fs 0 body 1 pos 22,21 stuck 0
RC POS 505 id 10 seat 3 role raid fs 1 body 2 pos 11,3 stuck 0
RC POS 505 id 19 seat 4 role defend fs 0 body 1 pos 7,21 stuck 0
RC POS 506 id 4 seat 0 role raid fs 1 body 1 pos 17,2 stuck 0
RC POS 506 id 6 seat 1 role expand fs 0 body 1 pos 13,24 stuck 0
RC POS 506 id 8 seat 2 role expand fs 0 body 1 pos 23,21 stuck 0
RC POS 506 id 10 seat 3 role raid fs 1 body 2 pos 12,3 stuck 0
RC POS 506 id 19 seat 4 role defend fs 0 body 1 pos 6,21 stuck 0
RC POS 507 id 4 seat 0 role raid fs 1 body 1 pos 17,3 stuck 0
RC POS 507 id 6 seat 1 role expand fs 0 body 1 pos 13,23 stuck 0
RC POS 507 id 8 seat 2 role expand fs 0 body 1 pos 22,21 stuck 0
RC POS 507 id 10 seat 3 role raid fs 1 body 2 pos 11,3 stuck 0
RC POS 507 id 19 seat 4 role defend fs 0 body 1 pos 7,21 stuck 0
RC POS 508 id 4 seat 0 role raid fs 1 body 1 pos 17,2 stuck 0
RC POS 508 id 6 seat 1 role expand fs 0 body 1 pos 13,24 stuck 0
RC POS 508 id 8 seat 2 role expand fs 0 body 1 pos 23,21 stuck 0
RC POS 508 id 10 seat 3 role raid fs 1 body 2 pos 12,3 stuck 0
RC POS 508 id 19 seat 4 role defend fs 0 body 1 pos 6,21 stuck 0
RC POS 509 id 4 seat 0 role raid fs 1 body 1 pos 17,1 stuck 0
RC POS 509 id 6 seat 1 role expand fs 0 body 1 pos 13,23 stuck 0
RC POS 509 id 8 seat 2 role expand fs 0 body 1 pos 23,22 stuck 0
RC POS 509 id 10 seat 3 role raid fs 1 body 2 pos 11,3 stuck 0
RC POS 509 id 19 seat 4 role defend fs 0 body 1 pos 7,21 stuck 0
RC POS 510 id 4 seat 0 role raid fs 1 body 1 pos 16,1 stuck 0
RC POS 510 id 6 seat 1 role expand fs 0 body 1 pos 13,24 stuck 0
RC POS 510 id 8 seat 2 role expand fs 0 body 1 pos 22,22 stuck 0
RC POS 510 id 10 seat 3 role raid fs 1 body 2 pos 11,4 stuck 0
RC POS 510 id 19 seat 4 role defend fs 0 body 1 pos 6,21 stuck 0
RC POS 511 id 4 seat 0 role raid fs 1 body 1 pos 16,1 stuck 1
RC POS 511 id 6 seat 1 role expand fs 0 body 1 pos 13,23 stuck 0
RC POS 511 id 8 seat 2 role expand fs 0 body 1 pos 22,21 stuck 0
RC POS 511 id 10 seat 3 role raid fs 1 body 2 pos 11,5 stuck 0
RC POS 511 id 19 seat 4 role defend fs 0 body 1 pos 7,21 stuck 0
RC POS 512 id 4 seat 0 role raid fs 1 body 1 pos 17,1 stuck 0
RC POS 512 id 6 seat 1 role expand fs 0 body 1 pos 13,24 stuck 0
RC POS 512 id 8 seat 2 role expand fs 0 body 1 pos 23,21 stuck 0
RC POS 512 id 10 seat 3 role raid fs 1 body 2 pos 11,6 stuck 0
RC POS 512 id 19 seat 4 role defend fs 0 body 1 pos 6,21 stuck 0
RC POS 513 id 4 seat 0 role raid fs 1 body 1 pos 17,2 stuck 0
RC POS 513 id 6 seat 1 role expand fs 0 body 1 pos 13,23 stuck 0
RC POS 513 id 8 seat 2 role expand fs 0 body 1 pos 23,20 stuck 0
RC POS 513 id 10 seat 3 role raid fs 1 body 2 pos 11,5 stuck 0
RC POS 513 id 19 seat 4 role defend fs 0 body 1 pos 7,21 stuck 0
RC POS 514 id 4 seat 0 role raid fs 1 body 1 pos 17,1 stuck 0
RC POS 514 id 6 seat 1 role expand fs 0 body 1 pos 13,24 stuck 0
RC POS 514 id 8 seat 2 role expand fs 0 body 1 pos 22,20 stuck 0
RC POS 514 id 10 seat 3 role raid fs 1 body 2 pos 11,6 stuck 0
RC POS 514 id 19 seat 4 role defend fs 0 body 1 pos 6,21 stuck 0
RC POS 515 id 4 seat 0 role raid fs 1 body 1 pos 16,1 stuck 0
RC POS 515 id 6 seat 1 role expand fs 0 body 1 pos 13,23 stuck 0
RC POS 515 id 8 seat 2 role expand fs 0 body 1 pos 22,21 stuck 0
RC POS 515 id 10 seat 3 role raid fs 1 body 2 pos 11,5 stuck 0
RC POS 515 id 19 seat 4 role defend fs 0 body 1 pos 7,21 stuck 0
RC POS 516 id 4 seat 0 role raid fs 1 body 1 pos 16,1 stuck 1
RC POS 516 id 6 seat 1 role expand fs 0 body 1 pos 13,24 stuck 0
RC POS 516 id 8 seat 2 role expand fs 0 body 1 pos 23,21 stuck 0
RC POS 516 id 10 seat 3 role raid fs 1 body 2 pos 12,5 stuck 0
RC POS 516 id 19 seat 4 role defend fs 0 body 1 pos 6,21 stuck 0
RC POS 517 id 4 seat 0 role raid fs 1 body 1 pos 17,1 stuck 0
RC POS 517 id 6 seat 1 role expand fs 0 body 1 pos 13,23 stuck 0
RC POS 517 id 8 seat 2 role expand fs 0 body 1 pos 22,21 stuck 0
RC POS 517 id 10 seat 3 role raid fs 1 body 2 pos 11,5 stuck 0
RC POS 517 id 19 seat 4 role defend fs 0 body 1 pos 7,21 stuck 0
RC POS 518 id 4 seat 0 role raid fs 1 body 1 pos 17,2 stuck 0
RC POS 518 id 6 seat 1 role expand fs 0 body 1 pos 13,24 stuck 0
RC POS 518 id 8 seat 2 role expand fs 0 body 1 pos 23,21 stuck 0
RC POS 518 id 10 seat 3 role raid fs 1 body 2 pos 11,6 stuck 0
RC POS 518 id 19 seat 4 role defend fs 0 body 1 pos 6,21 stuck 0
RC POS 519 id 4 seat 0 role raid fs 1 body 1 pos 17,1 stuck 0
RC POS 519 id 6 seat 1 role expand fs 0 body 1 pos 13,23 stuck 0
RC POS 519 id 8 seat 2 role expand fs 0 body 1 pos 22,21 stuck 0
RC POS 519 id 10 seat 3 role raid fs 1 body 2 pos 11,5 stuck 0
RC POS 519 id 19 seat 4 role defend fs 0 body 1 pos 7,21 stuck 0
RC POS 520 id 4 seat 0 role raid fs 1 body 1 pos 16,1 stuck 0
RC POS 520 id 6 seat 1 role expand fs 0 body 1 pos 13,24 stuck 0
RC POS 520 id 8 seat 2 role expand fs 0 body 1 pos 23,21 stuck 0
RC POS 520 id 10 seat 3 role raid fs 1 body 2 pos 12,5 stuck 0
RC POS 520 id 19 seat 4 role defend fs 0 body 1 pos 6,21 stuck 0
RC POS 521 id 4 seat 0 role raid fs 1 body 1 pos 16,1 stuck 1
RC POS 521 id 6 seat 1 role expand fs 0 body 1 pos 13,23 stuck 0
RC POS 521 id 8 seat 2 role expand fs 0 body 1 pos 23,22 stuck 0
RC POS 521 id 10 seat 3 role raid fs 1 body 2 pos 11,5 stuck 0
RC POS 521 id 19 seat 4 role defend fs 0 body 1 pos 7,21 stuck 0
RC POS 522 id 4 seat 0 role raid fs 1 body 1 pos 17,1 stuck 0
RC POS 522 id 6 seat 1 role expand fs 0 body 1 pos 13,24 stuck 0
RC POS 522 id 8 seat 2 role expand fs 0 body 1 pos 22,22 stuck 0
RC POS 522 id 10 seat 3 role raid fs 1 body 2 pos 11,6 stuck 0
RC POS 522 id 19 seat 4 role defend fs 0 body 1 pos 6,21 stuck 0
RC POS 523 id 4 seat 0 role raid fs 1 body 1 pos 17,2 stuck 0
RC POS 523 id 6 seat 1 role expand fs 0 body 1 pos 13,23 stuck 0
RC POS 523 id 8 seat 2 role expand fs 0 body 1 pos 22,21 stuck 0
RC POS 523 id 10 seat 3 role raid fs 1 body 2 pos 11,5 stuck 0
RC POS 523 id 19 seat 4 role defend fs 0 body 1 pos 7,21 stuck 0
RC POS 524 id 4 seat 0 role raid fs 1 body 1 pos 17,1 stuck 0
RC POS 524 id 6 seat 1 role expand fs 0 body 1 pos 13,24 stuck 0
RC POS 524 id 8 seat 2 role expand fs 0 body 1 pos 23,21 stuck 0
RC POS 524 id 10 seat 3 role raid fs 1 body 2 pos 11,6 stuck 0
RC POS 524 id 19 seat 4 role defend fs 0 body 1 pos 6,21 stuck 0
RC ECO 525 harvstore 5 harvseen -1 ti 18 units 7 scale 287.0
RC POS 525 id 4 seat 0 role raid fs 1 body 1 pos 16,1 stuck 0
RC POS 525 id 6 seat 1 role expand fs 0 body 1 pos 13,23 stuck 0
RC POS 525 id 8 seat 2 role expand fs 0 body 1 pos 23,20 stuck 0
RC POS 525 id 10 seat 3 role raid fs 1 body 2 pos 11,5 stuck 0
RC POS 525 id 19 seat 4 role defend fs 0 body 1 pos 7,21 stuck 0
RC POS 526 id 4 seat 0 role raid fs 1 body 1 pos 16,1 stuck 1
RC POS 526 id 6 seat 1 role expand fs 0 body 1 pos 13,24 stuck 0
RC POS 526 id 8 seat 2 role expand fs 0 body 1 pos 22,20 stuck 0
RC POS 526 id 10 seat 3 role raid fs 1 body 2 pos 12,5 stuck 0
RC POS 526 id 19 seat 4 role defend fs 0 body 1 pos 6,21 stuck 0
RC POS 527 id 4 seat 0 role raid fs 1 body 1 pos 17,1 stuck 0
RC POS 527 id 6 seat 1 role expand fs 0 body 1 pos 13,23 stuck 0
RC POS 527 id 8 seat 2 role expand fs 0 body 1 pos 22,21 stuck 0
RC POS 527 id 10 seat 3 role raid fs 1 body 2 pos 11,5 stuck 0
RC POS 527 id 19 seat 4 role defend fs 0 body 1 pos 7,21 stuck 0
RC POS 528 id 4 seat 0 role raid fs 1 body 1 pos 17,2 stuck 0
RC POS 528 id 6 seat 1 role expand fs 0 body 1 pos 13,24 stuck 0
RC POS 528 id 8 seat 2 role expand fs 0 body 1 pos 23,21 stuck 0
RC POS 528 id 10 seat 3 role raid fs 1 body 2 pos 11,6 stuck 0
RC POS 528 id 19 seat 4 role defend fs 0 body 1 pos 6,21 stuck 0
RC POS 529 id 4 seat 0 role raid fs 1 body 1 pos 17,1 stuck 0
RC POS 529 id 6 seat 1 role expand fs 0 body 1 pos 13,23 stuck 0
RC POS 529 id 8 seat 2 role expand fs 0 body 1 pos 22,21 stuck 0
RC POS 529 id 10 seat 3 role raid fs 1 body 2 pos 12,6 stuck 0
RC POS 529 id 19 seat 4 role defend fs 0 body 1 pos 7,21 stuck 0
RC POS 530 id 4 seat 0 role raid fs 1 body 1 pos 16,1 stuck 0
RC POS 530 id 6 seat 1 role expand fs 0 body 1 pos 13,24 stuck 0
RC POS 530 id 8 seat 2 role expand fs 0 body 1 pos 23,21 stuck 0
RC POS 530 id 10 seat 3 role raid fs 1 body 2 pos 11,6 stuck 0
RC POS 530 id 19 seat 4 role defend fs 0 body 1 pos 6,21 stuck 0
RC POS 531 id 4 seat 0 role raid fs 1 body 1 pos 16,1 stuck 1
RC POS 531 id 6 seat 1 role expand fs 0 body 1 pos 13,23 stuck 0
RC POS 531 id 8 seat 2 role expand fs 0 body 1 pos 22,21 stuck 0
RC POS 531 id 10 seat 3 role raid fs 1 body 2 pos 12,6 stuck 0
RC POS 531 id 19 seat 4 role defend fs 0 body 1 pos 7,21 stuck 0
RC POS 532 id 4 seat 0 role raid fs 1 body 1 pos 16,1 stuck 2
RC POS 532 id 6 seat 1 role expand fs 0 body 1 pos 13,24 stuck 0
RC POS 532 id 8 seat 2 role expand fs 0 body 1 pos 23,21 stuck 0
RC POS 532 id 10 seat 3 role raid fs 1 body 2 pos 11,6 stuck 0
RC POS 532 id 19 seat 4 role defend fs 0 body 1 pos 6,21 stuck 0
RC POS 533 id 4 seat 0 role raid fs 1 body 1 pos 16,1 stuck 3
RC POS 533 id 6 seat 1 role expand fs 0 body 1 pos 13,23 stuck 0
RC POS 533 id 8 seat 2 role expand fs 0 body 1 pos 23,22 stuck 0
RC POS 533 id 10 seat 3 role raid fs 1 body 2 pos 12,6 stuck 0
RC POS 533 id 19 seat 4 role defend fs 0 body 1 pos 7,21 stuck 0
RC POS 534 id 4 seat 0 role raid fs 1 body 1 pos 16,1 stuck 4
RC POS 534 id 6 seat 1 role expand fs 0 body 1 pos 13,24 stuck 0
RC POS 534 id 8 seat 2 role expand fs 0 body 1 pos 22,22 stuck 0
RC POS 534 id 10 seat 3 role raid fs 1 body 2 pos 12,5 stuck 0
RC POS 534 id 19 seat 4 role defend fs 0 body 1 pos 6,21 stuck 0
RC POS 535 id 4 seat 0 role raid fs 1 body 1 pos 17,1 stuck 0
RC POS 535 id 6 seat 1 role expand fs 0 body 1 pos 13,23 stuck 0
RC POS 535 id 8 seat 2 role expand fs 0 body 1 pos 22,21 stuck 0
RC POS 535 id 10 seat 3 role raid fs 1 body 2 pos 12,4 stuck 0
RC POS 535 id 19 seat 4 role defend fs 0 body 1 pos 7,21 stuck 0
RC POS 536 id 4 seat 0 role raid fs 1 body 1 pos 17,2 stuck 0
RC POS 536 id 6 seat 1 role expand fs 0 body 1 pos 13,24 stuck 0
RC POS 536 id 8 seat 2 role expand fs 0 body 1 pos 23,21 stuck 0
RC POS 536 id 10 seat 3 role raid fs 1 body 2 pos 12,5 stuck 0
RC POS 536 id 19 seat 4 role defend fs 0 body 1 pos 6,21 stuck 0
RC POS 537 id 4 seat 0 role raid fs 1 body 1 pos 17,3 stuck 0
RC POS 537 id 6 seat 1 role expand fs 0 body 1 pos 13,23 stuck 0
RC POS 537 id 8 seat 2 role expand fs 0 body 1 pos 23,20 stuck 0
RC POS 537 id 10 seat 3 role raid fs 1 body 2 pos 12,4 stuck 0
RC POS 537 id 19 seat 4 role defend fs 0 body 1 pos 7,21 stuck 0
RC POS 538 id 4 seat 0 role raid fs 1 body 1 pos 17,2 stuck 0
RC POS 538 id 6 seat 1 role expand fs 0 body 1 pos 13,24 stuck 0
RC POS 538 id 8 seat 2 role expand fs 0 body 1 pos 22,20 stuck 0
RC POS 538 id 10 seat 3 role raid fs 1 body 2 pos 12,3 stuck 0
RC POS 538 id 19 seat 4 role defend fs 0 body 1 pos 6,21 stuck 0
RC POS 539 id 4 seat 0 role raid fs 1 body 1 pos 17,1 stuck 0
RC POS 539 id 6 seat 1 role expand fs 0 body 1 pos 13,23 stuck 0
RC POS 539 id 8 seat 2 role expand fs 0 body 1 pos 22,21 stuck 0
RC POS 539 id 10 seat 3 role raid fs 1 body 2 pos 12,4 stuck 0
RC POS 539 id 19 seat 4 role defend fs 0 body 1 pos 7,21 stuck 0
RC POS 540 id 4 seat 0 role raid fs 1 body 1 pos 16,1 stuck 0
RC POS 540 id 6 seat 1 role expand fs 0 body 1 pos 13,24 stuck 0
RC POS 540 id 8 seat 2 role expand fs 0 body 1 pos 23,21 stuck 0
RC POS 540 id 10 seat 3 role raid fs 1 body 2 pos 12,3 stuck 0
RC POS 540 id 19 seat 4 role defend fs 0 body 1 pos 6,21 stuck 0
RC POS 541 id 4 seat 0 role raid fs 1 body 1 pos 16,1 stuck 1
RC POS 541 id 6 seat 1 role expand fs 0 body 1 pos 13,23 stuck 0
RC POS 541 id 8 seat 2 role expand fs 0 body 1 pos 22,21 stuck 0
RC POS 541 id 10 seat 3 role raid fs 1 body 2 pos 12,4 stuck 0
RC POS 541 id 19 seat 4 role defend fs 0 body 1 pos 7,21 stuck 0
RC POS 542 id 4 seat 0 role raid fs 1 body 1 pos 17,1 stuck 0
RC POS 542 id 6 seat 1 role expand fs 0 body 1 pos 13,24 stuck 0
RC POS 542 id 8 seat 2 role expand fs 0 body 1 pos 23,21 stuck 0
RC POS 542 id 10 seat 3 role raid fs 1 body 2 pos 12,5 stuck 0
RC POS 542 id 19 seat 4 role defend fs 0 body 1 pos 6,21 stuck 0
RC POS 543 id 4 seat 0 role raid fs 1 body 1 pos 17,2 stuck 0
RC POS 543 id 6 seat 1 role expand fs 0 body 1 pos 13,23 stuck 0
RC POS 543 id 8 seat 2 role expand fs 0 body 1 pos 22,21 stuck 0
RC POS 543 id 10 seat 3 role raid fs 1 body 2 pos 12,4 stuck 0
RC POS 543 id 19 seat 4 role defend fs 0 body 1 pos 7,21 stuck 0
RC POS 544 id 4 seat 0 role raid fs 1 body 1 pos 17,1 stuck 0
RC POS 544 id 6 seat 1 role expand fs 0 body 1 pos 13,24 stuck 0
RC POS 544 id 8 seat 2 role expand fs 0 body 1 pos 23,21 stuck 0
RC POS 544 id 10 seat 3 role raid fs 1 body 2 pos 12,3 stuck 0
RC POS 544 id 19 seat 4 role defend fs 0 body 1 pos 6,21 stuck 0
RC POS 545 id 4 seat 0 role raid fs 1 body 1 pos 16,1 stuck 0
RC POS 545 id 6 seat 1 role expand fs 0 body 1 pos 13,23 stuck 0
RC POS 545 id 8 seat 2 role expand fs 0 body 1 pos 23,22 stuck 0
RC POS 545 id 10 seat 3 role raid fs 1 body 2 pos 12,4 stuck 0
RC POS 545 id 19 seat 4 role defend fs 0 body 1 pos 7,21 stuck 0
RC POS 546 id 4 seat 0 role raid fs 1 body 1 pos 16,1 stuck 1
RC POS 546 id 6 seat 1 role expand fs 0 body 1 pos 13,24 stuck 0
RC POS 546 id 8 seat 2 role expand fs 0 body 1 pos 22,22 stuck 0
RC POS 546 id 10 seat 3 role raid fs 1 body 2 pos 12,5 stuck 0
RC POS 546 id 19 seat 4 role defend fs 0 body 1 pos 6,21 stuck 0
RC POS 547 id 4 seat 0 role raid fs 1 body 1 pos 17,1 stuck 0
RC POS 547 id 6 seat 1 role expand fs 0 body 1 pos 13,23 stuck 0
RC POS 547 id 8 seat 2 role expand fs 0 body 1 pos 22,21 stuck 0
RC POS 547 id 10 seat 3 role raid fs 1 body 2 pos 12,4 stuck 0
RC POS 547 id 19 seat 4 role defend fs 0 body 1 pos 7,21 stuck 0
RC POS 548 id 4 seat 0 role raid fs 1 body 1 pos 17,2 stuck 0
RC POS 548 id 6 seat 1 role expand fs 0 body 1 pos 13,24 stuck 0
RC POS 548 id 8 seat 2 role expand fs 0 body 1 pos 23,21 stuck 0
RC POS 548 id 10 seat 3 role raid fs 1 body 2 pos 12,5 stuck 0
RC POS 548 id 19 seat 4 role defend fs 0 body 1 pos 6,21 stuck 0
RC POS 549 id 4 seat 0 role raid fs 1 body 1 pos 17,1 stuck 0
RC POS 549 id 6 seat 1 role expand fs 0 body 1 pos 13,23 stuck 0
RC POS 549 id 8 seat 2 role expand fs 0 body 1 pos 23,20 stuck 0
RC POS 549 id 10 seat 3 role raid fs 1 body 2 pos 12,4 stuck 0
RC POS 549 id 19 seat 4 role defend fs 0 body 1 pos 7,21 stuck 0
RC ECO 550 harvstore 5 harvseen -1 ti 38 units 7 scale 287.0
RC POS 550 id 4 seat 0 role raid fs 1 body 1 pos 16,1 stuck 0
RC POS 550 id 6 seat 1 role expand fs 0 body 1 pos 13,24 stuck 0
RC POS 550 id 8 seat 2 role expand fs 0 body 1 pos 22,20 stuck 0
RC POS 550 id 10 seat 3 role raid fs 1 body 2 pos 12,3 stuck 0
RC POS 550 id 19 seat 4 role defend fs 0 body 1 pos 6,21 stuck 0
RC POS 551 id 4 seat 0 role raid fs 1 body 1 pos 16,1 stuck 1
RC POS 551 id 6 seat 1 role expand fs 0 body 1 pos 13,23 stuck 0
RC POS 551 id 8 seat 2 role expand fs 0 body 1 pos 22,21 stuck 0
RC POS 551 id 10 seat 3 role raid fs 1 body 2 pos 12,4 stuck 0
RC POS 551 id 19 seat 4 role defend fs 0 body 1 pos 7,21 stuck 0
RC POS 552 id 4 seat 0 role raid fs 1 body 1 pos 17,1 stuck 0
RC POS 552 id 6 seat 1 role expand fs 0 body 1 pos 13,24 stuck 0
RC POS 552 id 8 seat 2 role expand fs 0 body 1 pos 23,21 stuck 0
RC POS 552 id 10 seat 3 role raid fs 1 body 2 pos 12,5 stuck 0
RC POS 552 id 19 seat 4 role defend fs 0 body 1 pos 6,21 stuck 0
RC POS 553 id 4 seat 0 role raid fs 1 body 1 pos 17,2 stuck 0
RC POS 553 id 6 seat 1 role expand fs 0 body 1 pos 13,23 stuck 0
RC POS 553 id 8 seat 2 role expand fs 0 body 1 pos 22,21 stuck 0
RC POS 553 id 10 seat 3 role raid fs 1 body 2 pos 12,4 stuck 0
RC POS 553 id 19 seat 4 role defend fs 0 body 1 pos 7,21 stuck 0
RC POS 554 id 4 seat 0 role raid fs 1 body 1 pos 17,1 stuck 0
RC POS 554 id 6 seat 1 role expand fs 0 body 1 pos 13,24 stuck 0
RC POS 554 id 8 seat 2 role expand fs 0 body 1 pos 23,21 stuck 0
RC POS 554 id 10 seat 3 role raid fs 1 body 2 pos 12,3 stuck 0
RC POS 554 id 19 seat 4 role defend fs 0 body 1 pos 6,21 stuck 0
RC POS 555 id 4 seat 0 role raid fs 1 body 1 pos 16,1 stuck 0
RC POS 555 id 6 seat 1 role expand fs 0 body 1 pos 13,23 stuck 0
RC POS 555 id 8 seat 2 role expand fs 0 body 1 pos 22,21 stuck 0
RC POS 555 id 10 seat 3 role raid fs 1 body 2 pos 12,4 stuck 0
RC POS 555 id 19 seat 4 role defend fs 0 body 1 pos 7,21 stuck 0
RC POS 556 id 4 seat 0 role raid fs 1 body 1 pos 16,1 stuck 1
RC POS 556 id 6 seat 1 role expand fs 0 body 1 pos 13,24 stuck 0
RC POS 556 id 8 seat 2 role expand fs 0 body 1 pos 23,21 stuck 0
RC POS 556 id 10 seat 3 role raid fs 1 body 2 pos 12,5 stuck 0
RC POS 556 id 19 seat 4 role defend fs 0 body 1 pos 6,21 stuck 0
RC POS 557 id 4 seat 0 role raid fs 1 body 1 pos 17,1 stuck 0
RC POS 557 id 6 seat 1 role expand fs 0 body 1 pos 13,23 stuck 0
RC POS 557 id 8 seat 2 role expand fs 0 body 1 pos 23,22 stuck 0
RC POS 557 id 10 seat 3 role raid fs 1 body 2 pos 12,4 stuck 0
RC POS 557 id 19 seat 4 role defend fs 0 body 1 pos 7,21 stuck 0
RC POS 558 id 4 seat 0 role raid fs 1 body 1 pos 17,2 stuck 0
RC POS 558 id 6 seat 1 role expand fs 0 body 1 pos 13,24 stuck 0
RC POS 558 id 8 seat 2 role expand fs 0 body 1 pos 22,22 stuck 0
RC POS 558 id 10 seat 3 role raid fs 1 body 2 pos 11,4 stuck 0
RC POS 558 id 19 seat 4 role defend fs 0 body 1 pos 6,21 stuck 0
RC POS 559 id 4 seat 0 role raid fs 1 body 1 pos 17,1 stuck 0
RC POS 559 id 6 seat 1 role expand fs 0 body 1 pos 13,23 stuck 0
RC POS 559 id 8 seat 2 role expand fs 0 body 1 pos 22,21 stuck 0
RC POS 559 id 10 seat 3 role raid fs 1 body 2 pos 12,4 stuck 0
RC POS 559 id 19 seat 4 role defend fs 0 body 1 pos 7,21 stuck 0
RC POS 560 id 4 seat 0 role raid fs 1 body 1 pos 16,1 stuck 0
RC POS 560 id 6 seat 1 role expand fs 0 body 1 pos 13,24 stuck 0
RC POS 560 id 8 seat 2 role expand fs 0 body 1 pos 23,21 stuck 0
RC POS 560 id 10 seat 3 role raid fs 1 body 2 pos 12,3 stuck 0
RC POS 560 id 19 seat 4 role defend fs 0 body 1 pos 6,21 stuck 0
RC POS 561 id 4 seat 0 role raid fs 1 body 1 pos 16,1 stuck 1
RC POS 561 id 6 seat 1 role expand fs 0 body 1 pos 13,23 stuck 0
RC POS 561 id 8 seat 2 role expand fs 0 body 1 pos 23,20 stuck 0
RC POS 561 id 10 seat 3 role raid fs 1 body 2 pos 11,3 stuck 0
RC POS 561 id 19 seat 4 role defend fs 0 body 1 pos 7,21 stuck 0
RC POS 562 id 4 seat 0 role raid fs 1 body 1 pos 17,1 stuck 0
RC POS 562 id 6 seat 1 role expand fs 0 body 1 pos 13,24 stuck 0
RC POS 562 id 8 seat 2 role expand fs 0 body 1 pos 22,20 stuck 0
RC POS 562 id 10 seat 3 role raid fs 1 body 2 pos 12,3 stuck 0
RC POS 562 id 19 seat 4 role defend fs 0 body 1 pos 6,21 stuck 0
RC POS 563 id 4 seat 0 role raid fs 1 body 1 pos 17,2 stuck 0
RC POS 563 id 6 seat 1 role expand fs 0 body 1 pos 13,23 stuck 0
RC POS 563 id 8 seat 2 role expand fs 0 body 1 pos 22,21 stuck 0
RC POS 563 id 10 seat 3 role raid fs 1 body 2 pos 11,3 stuck 0
RC POS 563 id 19 seat 4 role defend fs 0 body 1 pos 7,21 stuck 0
RC POS 564 id 4 seat 0 role raid fs 1 body 1 pos 17,1 stuck 0
RC POS 564 id 6 seat 1 role expand fs 0 body 1 pos 13,24 stuck 0
RC POS 564 id 8 seat 2 role expand fs 0 body 1 pos 23,21 stuck 0
RC POS 564 id 10 seat 3 role raid fs 1 body 2 pos 12,3 stuck 0
RC POS 564 id 19 seat 4 role defend fs 0 body 1 pos 6,21 stuck 0
RC POS 565 id 4 seat 0 role raid fs 1 body 1 pos 16,1 stuck 0
RC POS 565 id 6 seat 1 role expand fs 0 body 1 pos 13,23 stuck 0
RC POS 565 id 8 seat 2 role expand fs 0 body 1 pos 22,21 stuck 0
RC POS 565 id 10 seat 3 role raid fs 1 body 2 pos 12,3 stuck 1
RC POS 565 id 19 seat 4 role defend fs 0 body 1 pos 7,21 stuck 0
RC POS 566 id 4 seat 0 role raid fs 1 body 1 pos 16,1 stuck 1
RC POS 566 id 6 seat 1 role expand fs 0 body 1 pos 13,24 stuck 0
RC POS 566 id 8 seat 2 role expand fs 0 body 1 pos 23,21 stuck 0
RC POS 566 id 10 seat 3 role raid fs 1 body 2 pos 11,3 stuck 0
RC POS 566 id 19 seat 4 role defend fs 0 body 1 pos 6,21 stuck 0
RC POS 567 id 4 seat 0 role raid fs 1 body 1 pos 17,1 stuck 0
RC POS 567 id 6 seat 1 role expand fs 0 body 1 pos 13,23 stuck 0
RC POS 567 id 8 seat 2 role expand fs 0 body 1 pos 22,21 stuck 0
RC POS 567 id 10 seat 3 role raid fs 1 body 2 pos 12,3 stuck 0
RC POS 567 id 19 seat 4 role defend fs 0 body 1 pos 7,21 stuck 0
RC POS 568 id 4 seat 0 role raid fs 1 body 1 pos 17,2 stuck 0
RC POS 568 id 6 seat 1 role expand fs 0 body 1 pos 13,24 stuck 0
RC POS 568 id 8 seat 2 role expand fs 0 body 1 pos 23,21 stuck 0
RC POS 568 id 10 seat 3 role raid fs 1 body 2 pos 12,4 stuck 0
RC POS 568 id 19 seat 4 role defend fs 0 body 1 pos 6,21 stuck 0
RC POS 569 id 4 seat 0 role raid fs 1 body 1 pos 17,1 stuck 0
RC POS 569 id 6 seat 1 role expand fs 0 body 1 pos 13,23 stuck 0
RC POS 569 id 8 seat 2 role expand fs 0 body 1 pos 23,22 stuck 0
RC POS 569 id 10 seat 3 role raid fs 1 body 2 pos 12,3 stuck 0
RC POS 569 id 19 seat 4 role defend fs 0 body 1 pos 7,21 stuck 0
RC POS 570 id 4 seat 0 role raid fs 1 body 1 pos 16,1 stuck 0
RC POS 570 id 6 seat 1 role expand fs 0 body 1 pos 13,24 stuck 0
RC POS 570 id 8 seat 2 role expand fs 0 body 1 pos 22,22 stuck 0
RC POS 570 id 10 seat 3 role raid fs 1 body 2 pos 12,4 stuck 0
RC POS 570 id 19 seat 4 role defend fs 0 body 1 pos 6,21 stuck 0
RC POS 571 id 4 seat 0 role raid fs 1 body 1 pos 16,1 stuck 1
RC POS 571 id 6 seat 1 role expand fs 0 body 1 pos 13,23 stuck 0
RC POS 571 id 8 seat 2 role expand fs 0 body 1 pos 22,21 stuck 0
RC POS 571 id 10 seat 3 role raid fs 1 body 2 pos 12,5 stuck 0
RC POS 571 id 19 seat 4 role defend fs 0 body 1 pos 7,21 stuck 0
RC POS 572 id 4 seat 0 role raid fs 1 body 1 pos 17,1 stuck 0
RC POS 572 id 6 seat 1 role expand fs 0 body 1 pos 13,24 stuck 0
RC POS 572 id 8 seat 2 role expand fs 0 body 1 pos 23,21 stuck 0
RC POS 572 id 10 seat 3 role raid fs 1 body 2 pos 12,4 stuck 0
RC POS 572 id 19 seat 4 role defend fs 0 body 1 pos 6,21 stuck 0
RC POS 573 id 4 seat 0 role raid fs 1 body 1 pos 17,2 stuck 0
RC POS 573 id 6 seat 1 role expand fs 0 body 1 pos 13,23 stuck 0
RC POS 573 id 8 seat 2 role expand fs 0 body 1 pos 23,20 stuck 0
RC POS 573 id 10 seat 3 role raid fs 1 body 2 pos 12,5 stuck 0
RC POS 573 id 19 seat 4 role defend fs 0 body 1 pos 7,21 stuck 0
RC POS 574 id 4 seat 0 role raid fs 1 body 1 pos 17,1 stuck 0
RC POS 574 id 6 seat 1 role expand fs 0 body 1 pos 13,24 stuck 0
RC POS 574 id 8 seat 2 role expand fs 0 body 1 pos 22,20 stuck 0
RC POS 574 id 10 seat 3 role raid fs 1 body 2 pos 12,4 stuck 0
RC POS 574 id 19 seat 4 role defend fs 0 body 1 pos 6,21 stuck 0
RC ECO 575 harvstore 5 harvseen -1 ti 58 units 7 scale 287.0
RC POS 575 id 4 seat 0 role raid fs 1 body 1 pos 16,1 stuck 0
RC POS 575 id 6 seat 1 role expand fs 0 body 1 pos 13,23 stuck 0
RC POS 575 id 8 seat 2 role expand fs 0 body 1 pos 22,21 stuck 0
RC POS 575 id 10 seat 3 role raid fs 1 body 2 pos 12,3 stuck 0
RC POS 575 id 19 seat 4 role defend fs 0 body 1 pos 7,21 stuck 0
RC POS 576 id 4 seat 0 role raid fs 1 body 1 pos 16,1 stuck 1
RC POS 576 id 6 seat 1 role expand fs 0 body 1 pos 13,24 stuck 0
RC POS 576 id 8 seat 2 role expand fs 0 body 1 pos 23,21 stuck 0
RC POS 576 id 10 seat 3 role raid fs 1 body 2 pos 12,4 stuck 0
RC POS 576 id 19 seat 4 role defend fs 0 body 1 pos 6,21 stuck 0
RC POS 577 id 4 seat 0 role raid fs 1 body 1 pos 17,1 stuck 0
RC POS 577 id 6 seat 1 role expand fs 0 body 1 pos 13,23 stuck 0
RC POS 577 id 8 seat 2 role expand fs 0 body 1 pos 22,21 stuck 0
RC POS 577 id 10 seat 3 role raid fs 1 body 2 pos 12,5 stuck 0
RC POS 577 id 19 seat 4 role defend fs 0 body 1 pos 7,21 stuck 0
RC POS 578 id 4 seat 0 role raid fs 1 body 1 pos 17,2 stuck 0
RC POS 578 id 6 seat 1 role expand fs 0 body 1 pos 13,24 stuck 0
RC POS 578 id 8 seat 2 role expand fs 0 body 1 pos 23,21 stuck 0
RC POS 578 id 10 seat 3 role raid fs 1 body 2 pos 12,4 stuck 0
RC POS 578 id 19 seat 4 role defend fs 0 body 1 pos 6,21 stuck 0
RC POS 579 id 4 seat 0 role raid fs 1 body 1 pos 17,1 stuck 0
RC POS 579 id 6 seat 1 role expand fs 0 body 1 pos 13,23 stuck 0
RC POS 579 id 8 seat 2 role expand fs 0 body 1 pos 22,21 stuck 0
RC POS 579 id 10 seat 3 role raid fs 1 body 2 pos 12,3 stuck 0
RC POS 579 id 19 seat 4 role defend fs 0 body 1 pos 7,21 stuck 0
RC POS 580 id 4 seat 0 role raid fs 1 body 1 pos 16,1 stuck 0
RC POS 580 id 6 seat 1 role expand fs 0 body 1 pos 13,24 stuck 0
RC POS 580 id 8 seat 2 role expand fs 0 body 1 pos 23,21 stuck 0
RC POS 580 id 10 seat 3 role raid fs 1 body 2 pos 12,4 stuck 0
RC POS 580 id 19 seat 4 role defend fs 0 body 1 pos 6,21 stuck 0
RC POS 581 id 4 seat 0 role raid fs 1 body 1 pos 16,1 stuck 1
RC POS 581 id 6 seat 1 role expand fs 0 body 1 pos 13,23 stuck 0
RC POS 581 id 8 seat 2 role expand fs 0 body 1 pos 23,22 stuck 0
RC POS 581 id 10 seat 3 role raid fs 1 body 2 pos 12,5 stuck 0
RC POS 581 id 19 seat 4 role defend fs 0 body 1 pos 7,21 stuck 0
RC POS 582 id 4 seat 0 role raid fs 1 body 1 pos 17,1 stuck 0
RC POS 582 id 6 seat 1 role expand fs 0 body 1 pos 13,24 stuck 0
RC POS 582 id 8 seat 2 role expand fs 0 body 1 pos 22,22 stuck 0
RC POS 582 id 10 seat 3 role raid fs 1 body 2 pos 12,4 stuck 0
RC POS 582 id 19 seat 4 role defend fs 0 body 1 pos 6,21 stuck 0
RC POS 583 id 4 seat 0 role raid fs 1 body 1 pos 17,1 stuck 1
RC POS 583 id 6 seat 1 role expand fs 0 body 1 pos 13,23 stuck 0
RC POS 583 id 8 seat 2 role expand fs 0 body 1 pos 22,21 stuck 0
RC POS 583 id 10 seat 3 role raid fs 1 body 2 pos 12,4 stuck 1
RC POS 583 id 19 seat 4 role defend fs 0 body 1 pos 7,21 stuck 0
RC POS 584 id 4 seat 0 role raid fs 1 body 1 pos 16,1 stuck 0
RC POS 584 id 6 seat 1 role expand fs 0 body 1 pos 13,24 stuck 0
RC POS 584 id 8 seat 2 role expand fs 0 body 1 pos 23,21 stuck 0
RC POS 584 id 10 seat 3 role raid fs 1 body 2 pos 12,3 stuck 0
RC POS 584 id 19 seat 4 role defend fs 0 body 1 pos 6,21 stuck 0
RC POS 585 id 4 seat 0 role raid fs 1 body 1 pos 16,1 stuck 1
RC POS 585 id 6 seat 1 role expand fs 0 body 1 pos 13,23 stuck 0
RC POS 585 id 8 seat 2 role expand fs 0 body 1 pos 23,20 stuck 0
RC POS 585 id 10 seat 3 role raid fs 1 body 2 pos 12,4 stuck 0
RC POS 585 id 19 seat 4 role defend fs 0 body 1 pos 7,21 stuck 0
RC POS 586 id 4 seat 0 role raid fs 1 body 1 pos 17,1 stuck 0
RC POS 586 id 6 seat 1 role expand fs 0 body 1 pos 13,24 stuck 0
RC POS 586 id 8 seat 2 role expand fs 0 body 1 pos 22,20 stuck 0
RC POS 586 id 10 seat 3 role raid fs 1 body 2 pos 12,5 stuck 0
RC POS 586 id 19 seat 4 role defend fs 0 body 1 pos 6,21 stuck 0
RC POS 587 id 4 seat 0 role raid fs 1 body 1 pos 17,2 stuck 0
RC POS 587 id 6 seat 1 role expand fs 0 body 1 pos 13,23 stuck 0
RC POS 587 id 8 seat 2 role expand fs 0 body 1 pos 22,21 stuck 0
RC POS 587 id 10 seat 3 role raid fs 1 body 2 pos 12,4 stuck 0
RC POS 587 id 19 seat 4 role defend fs 0 body 1 pos 7,21 stuck 0
RC POS 588 id 4 seat 0 role raid fs 1 body 1 pos 17,1 stuck 0
RC POS 588 id 6 seat 1 role expand fs 0 body 1 pos 13,24 stuck 0
RC POS 588 id 8 seat 2 role expand fs 0 body 1 pos 23,21 stuck 0
RC POS 588 id 10 seat 3 role raid fs 1 body 2 pos 12,3 stuck 0
RC POS 588 id 19 seat 4 role defend fs 0 body 1 pos 6,21 stuck 0
RC POS 589 id 4 seat 0 role raid fs 1 body 1 pos 16,1 stuck 0
RC POS 589 id 6 seat 1 role expand fs 0 body 1 pos 13,23 stuck 0
RC POS 589 id 8 seat 2 role expand fs 0 body 1 pos 22,21 stuck 0
RC POS 589 id 10 seat 3 role raid fs 1 body 2 pos 12,3 stuck 1
RC POS 589 id 19 seat 4 role defend fs 0 body 1 pos 7,21 stuck 0
RC POS 590 id 4 seat 0 role raid fs 1 body 1 pos 16,1 stuck 1
RC POS 590 id 6 seat 1 role expand fs 0 body 1 pos 13,24 stuck 0
RC POS 590 id 8 seat 2 role expand fs 0 body 1 pos 23,21 stuck 0
RC POS 590 id 10 seat 3 role raid fs 1 body 2 pos 12,4 stuck 0
RC POS 590 id 19 seat 4 role defend fs 0 body 1 pos 6,21 stuck 0
RC POS 591 id 4 seat 0 role raid fs 1 body 1 pos 17,1 stuck 0
RC POS 591 id 6 seat 1 role expand fs 0 body 1 pos 13,23 stuck 0
RC POS 591 id 8 seat 2 role expand fs 0 body 1 pos 22,21 stuck 0
RC POS 591 id 10 seat 3 role raid fs 1 body 2 pos 12,5 stuck 0
RC POS 591 id 19 seat 4 role defend fs 0 body 1 pos 7,21 stuck 0
RC POS 592 id 4 seat 0 role raid fs 1 body 1 pos 17,2 stuck 0
RC POS 592 id 6 seat 1 role expand fs 0 body 1 pos 13,24 stuck 0
RC POS 592 id 8 seat 2 role expand fs 0 body 1 pos 23,21 stuck 0
RC POS 592 id 10 seat 3 role raid fs 1 body 2 pos 12,4 stuck 0
RC POS 592 id 19 seat 4 role defend fs 0 body 1 pos 6,21 stuck 0
RC POS 593 id 4 seat 0 role raid fs 1 body 1 pos 17,1 stuck 0
RC POS 593 id 6 seat 1 role expand fs 0 body 1 pos 13,23 stuck 0
RC POS 593 id 8 seat 2 role expand fs 0 body 1 pos 23,22 stuck 0
RC POS 593 id 10 seat 3 role raid fs 1 body 2 pos 12,3 stuck 0
RC POS 593 id 19 seat 4 role defend fs 0 body 1 pos 7,21 stuck 0
RC POS 594 id 4 seat 0 role raid fs 1 body 1 pos 16,1 stuck 0
RC POS 594 id 6 seat 1 role expand fs 0 body 1 pos 13,24 stuck 0
RC POS 594 id 8 seat 2 role expand fs 0 body 1 pos 22,22 stuck 0
RC POS 594 id 10 seat 3 role raid fs 1 body 2 pos 12,3 stuck 1
RC POS 594 id 19 seat 4 role defend fs 0 body 1 pos 6,21 stuck 0
RC POS 595 id 4 seat 0 role raid fs 1 body 1 pos 16,1 stuck 1
RC POS 595 id 6 seat 1 role expand fs 0 body 1 pos 13,23 stuck 0
RC POS 595 id 8 seat 2 role expand fs 0 body 1 pos 22,21 stuck 0
RC POS 595 id 10 seat 3 role raid fs 1 body 2 pos 12,4 stuck 0
RC POS 595 id 19 seat 4 role defend fs 0 body 1 pos 7,21 stuck 0
RC POS 596 id 4 seat 0 role raid fs 1 body 1 pos 17,1 stuck 0
RC POS 596 id 6 seat 1 role expand fs 0 body 1 pos 13,24 stuck 0
RC POS 596 id 8 seat 2 role expand fs 0 body 1 pos 23,21 stuck 0
RC POS 596 id 10 seat 3 role raid fs 1 body 2 pos 12,5 stuck 0
RC POS 596 id 19 seat 4 role defend fs 0 body 1 pos 6,21 stuck 0
RC POS 597 id 4 seat 0 role raid fs 1 body 1 pos 17,2 stuck 0
RC POS 597 id 6 seat 1 role expand fs 0 body 1 pos 13,23 stuck 0
RC POS 597 id 8 seat 2 role expand fs 0 body 1 pos 23,20 stuck 0
RC POS 597 id 10 seat 3 role raid fs 1 body 2 pos 12,4 stuck 0
RC POS 597 id 19 seat 4 role defend fs 0 body 1 pos 7,21 stuck 0
RC POS 598 id 4 seat 0 role raid fs 1 body 1 pos 17,1 stuck 0
RC POS 598 id 6 seat 1 role expand fs 0 body 1 pos 13,24 stuck 0
RC POS 598 id 8 seat 2 role expand fs 0 body 1 pos 22,20 stuck 0
RC POS 598 id 10 seat 3 role raid fs 1 body 2 pos 12,3 stuck 0
RC POS 598 id 19 seat 4 role defend fs 0 body 1 pos 6,21 stuck 0
RC POS 599 id 4 seat 0 role raid fs 1 body 1 pos 16,1 stuck 0
RC POS 599 id 6 seat 1 role expand fs 0 body 1 pos 13,23 stuck 0
RC POS 599 id 8 seat 2 role expand fs 0 body 1 pos 22,21 stuck 0
RC POS 599 id 10 seat 3 role raid fs 1 body 2 pos 12,3 stuck 1
RC POS 599 id 19 seat 4 role defend fs 0 body 1 pos 7,21 stuck 0
RC ECO 600 harvstore 5 harvseen -1 ti 18 units 7 scale 288.0
RC POS 600 id 4 seat 0 role raid fs 1 body 1 pos 16,1 stuck 1
RC POS 600 id 6 seat 1 role expand fs 0 body 1 pos 13,24 stuck 0
RC POS 600 id 8 seat 2 role expand fs 0 body 1 pos 23,21 stuck 0
RC POS 600 id 10 seat 3 role raid fs 1 body 2 pos 12,4 stuck 0
RC POS 600 id 19 seat 4 role defend fs 0 body 1 pos 6,21 stuck 0
RC POS 601 id 4 seat 0 role raid fs 1 body 1 pos 17,1 stuck 0
RC POS 601 id 6 seat 1 role expand fs 0 body 1 pos 13,23 stuck 0
RC POS 601 id 8 seat 2 role expand fs 0 body 1 pos 22,21 stuck 0
RC POS 601 id 10 seat 3 role raid fs 1 body 2 pos 12,5 stuck 0
RC POS 601 id 19 seat 4 role defend fs 0 body 1 pos 7,21 stuck 0
RC POS 602 id 4 seat 0 role raid fs 1 body 1 pos 17,2 stuck 0
RC POS 602 id 6 seat 1 role expand fs 0 body 1 pos 13,24 stuck 0
RC POS 602 id 8 seat 2 role expand fs 0 body 1 pos 23,21 stuck 0
RC POS 602 id 10 seat 3 role raid fs 1 body 2 pos 12,4 stuck 0
RC POS 602 id 19 seat 4 role defend fs 0 body 1 pos 6,21 stuck 0
RC POS 603 id 4 seat 0 role raid fs 1 body 1 pos 17,1 stuck 0
RC POS 603 id 6 seat 1 role expand fs 0 body 1 pos 13,23 stuck 0
RC POS 603 id 8 seat 2 role expand fs 0 body 1 pos 22,21 stuck 0
RC POS 603 id 10 seat 3 role raid fs 1 body 2 pos 12,3 stuck 0
RC POS 603 id 19 seat 4 role defend fs 0 body 1 pos 7,21 stuck 0
RC POS 604 id 4 seat 0 role raid fs 1 body 1 pos 16,1 stuck 0
RC POS 604 id 6 seat 1 role expand fs 0 body 1 pos 13,24 stuck 0
RC POS 604 id 8 seat 2 role expand fs 0 body 1 pos 23,21 stuck 0
RC POS 604 id 10 seat 3 role raid fs 1 body 2 pos 12,3 stuck 1
RC POS 604 id 19 seat 4 role defend fs 0 body 1 pos 6,21 stuck 0
RC POS 605 id 4 seat 0 role raid fs 1 body 1 pos 16,1 stuck 1
RC POS 605 id 6 seat 1 role expand fs 0 body 1 pos 13,23 stuck 0
RC POS 605 id 8 seat 2 role expand fs 0 body 1 pos 23,22 stuck 0
RC POS 605 id 10 seat 3 role raid fs 1 body 2 pos 12,4 stuck 0
RC POS 605 id 19 seat 4 role defend fs 0 body 1 pos 7,21 stuck 0
RC POS 606 id 4 seat 0 role raid fs 1 body 1 pos 17,1 stuck 0
RC POS 606 id 6 seat 1 role expand fs 0 body 1 pos 13,24 stuck 0
RC POS 606 id 8 seat 2 role expand fs 0 body 1 pos 22,22 stuck 0
RC POS 606 id 10 seat 3 role raid fs 1 body 2 pos 12,5 stuck 0
RC POS 606 id 19 seat 4 role defend fs 0 body 1 pos 6,21 stuck 0
RC POS 607 id 4 seat 0 role raid fs 1 body 1 pos 17,2 stuck 0
RC POS 607 id 6 seat 1 role expand fs 0 body 1 pos 13,23 stuck 0
RC POS 607 id 8 seat 2 role expand fs 0 body 1 pos 22,21 stuck 0
RC POS 607 id 10 seat 3 role raid fs 1 body 2 pos 12,4 stuck 0
RC POS 607 id 19 seat 4 role defend fs 0 body 1 pos 7,21 stuck 0
RC POS 608 id 4 seat 0 role raid fs 1 body 1 pos 17,1 stuck 0
RC POS 608 id 6 seat 1 role expand fs 0 body 1 pos 13,24 stuck 0
RC POS 608 id 8 seat 2 role expand fs 0 body 1 pos 23,21 stuck 0
RC POS 608 id 10 seat 3 role raid fs 1 body 2 pos 12,3 stuck 0
RC POS 608 id 19 seat 4 role defend fs 0 body 1 pos 6,21 stuck 0
RC POS 609 id 4 seat 0 role raid fs 1 body 1 pos 16,1 stuck 0
RC POS 609 id 6 seat 1 role expand fs 0 body 1 pos 13,23 stuck 0
RC POS 609 id 8 seat 2 role expand fs 0 body 1 pos 23,20 stuck 0
RC POS 609 id 10 seat 3 role raid fs 1 body 2 pos 12,3 stuck 1
RC POS 609 id 19 seat 4 role defend fs 0 body 1 pos 7,21 stuck 0
RC POS 610 id 4 seat 0 role raid fs 1 body 1 pos 16,1 stuck 1
RC POS 610 id 6 seat 1 role expand fs 0 body 1 pos 13,24 stuck 0
RC POS 610 id 8 seat 2 role expand fs 0 body 1 pos 22,20 stuck 0
RC POS 610 id 10 seat 3 role raid fs 1 body 2 pos 12,4 stuck 0
RC POS 610 id 19 seat 4 role defend fs 0 body 1 pos 6,21 stuck 0
RC POS 611 id 4 seat 0 role raid fs 1 body 1 pos 17,1 stuck 0
RC POS 611 id 6 seat 1 role expand fs 0 body 1 pos 13,23 stuck 0
RC POS 611 id 8 seat 2 role expand fs 0 body 1 pos 22,21 stuck 0
RC POS 611 id 10 seat 3 role raid fs 1 body 2 pos 12,5 stuck 0
RC POS 611 id 19 seat 4 role defend fs 0 body 1 pos 7,21 stuck 0
RC POS 612 id 4 seat 0 role raid fs 1 body 1 pos 17,2 stuck 0
RC POS 612 id 6 seat 1 role expand fs 0 body 1 pos 13,24 stuck 0
RC POS 612 id 8 seat 2 role expand fs 0 body 1 pos 23,21 stuck 0
RC POS 612 id 10 seat 3 role raid fs 1 body 2 pos 12,4 stuck 0
RC POS 612 id 19 seat 4 role defend fs 0 body 1 pos 6,21 stuck 0
RC POS 613 id 4 seat 0 role raid fs 1 body 1 pos 17,1 stuck 0
RC POS 613 id 6 seat 1 role expand fs 0 body 1 pos 13,23 stuck 0
RC POS 613 id 8 seat 2 role expand fs 0 body 1 pos 22,21 stuck 0
RC POS 613 id 10 seat 3 role raid fs 1 body 2 pos 12,3 stuck 0
RC POS 613 id 19 seat 4 role defend fs 0 body 1 pos 7,21 stuck 0
RC POS 614 id 4 seat 0 role raid fs 1 body 1 pos 16,1 stuck 0
RC POS 614 id 6 seat 1 role expand fs 0 body 1 pos 13,24 stuck 0
RC POS 614 id 8 seat 2 role expand fs 0 body 1 pos 23,21 stuck 0
RC POS 614 id 10 seat 3 role raid fs 1 body 2 pos 12,3 stuck 1
RC POS 614 id 19 seat 4 role defend fs 0 body 1 pos 6,21 stuck 0
RC POS 615 id 4 seat 0 role raid fs 1 body 1 pos 16,1 stuck 1
RC POS 615 id 6 seat 1 role expand fs 0 body 1 pos 13,23 stuck 0
RC POS 615 id 8 seat 2 role expand fs 0 body 1 pos 22,21 stuck 0
RC POS 615 id 10 seat 3 role raid fs 1 body 2 pos 12,4 stuck 0
RC POS 615 id 19 seat 4 role defend fs 0 body 1 pos 7,21 stuck 0
RC POS 616 id 4 seat 0 role raid fs 1 body 1 pos 17,1 stuck 0
RC POS 616 id 6 seat 1 role expand fs 0 body 1 pos 13,24 stuck 0
RC POS 616 id 8 seat 2 role expand fs 0 body 1 pos 23,21 stuck 0
RC POS 616 id 10 seat 3 role raid fs 1 body 2 pos 12,5 stuck 0
RC POS 616 id 19 seat 4 role defend fs 0 body 1 pos 6,21 stuck 0
RC POS 617 id 4 seat 0 role raid fs 1 body 1 pos 17,1 stuck 1
RC POS 617 id 6 seat 1 role expand fs 0 body 1 pos 13,23 stuck 0
RC POS 617 id 8 seat 2 role expand fs 0 body 1 pos 23,22 stuck 0
RC POS 617 id 10 seat 3 role raid fs 1 body 2 pos 12,4 stuck 0
RC POS 617 id 19 seat 4 role defend fs 0 body 1 pos 7,21 stuck 0
RC POS 618 id 4 seat 0 role raid fs 1 body 1 pos 16,1 stuck 0
RC POS 618 id 6 seat 1 role expand fs 0 body 1 pos 13,24 stuck 0
RC POS 618 id 8 seat 2 role expand fs 0 body 1 pos 22,22 stuck 0
RC POS 618 id 10 seat 3 role raid fs 1 body 2 pos 12,3 stuck 0
RC POS 618 id 19 seat 4 role defend fs 0 body 1 pos 6,21 stuck 0
RC POS 619 id 4 seat 0 role raid fs 1 body 1 pos 16,1 stuck 1
RC POS 619 id 6 seat 1 role expand fs 0 body 1 pos 13,23 stuck 0
RC POS 619 id 8 seat 2 role expand fs 0 body 1 pos 22,21 stuck 0
RC POS 619 id 10 seat 3 role raid fs 1 body 2 pos 12,4 stuck 0
RC POS 619 id 19 seat 4 role defend fs 0 body 1 pos 7,21 stuck 0
RC POS 620 id 4 seat 0 role raid fs 1 body 1 pos 17,1 stuck 0
RC POS 620 id 6 seat 1 role expand fs 0 body 1 pos 13,24 stuck 0
RC POS 620 id 8 seat 2 role expand fs 0 body 1 pos 23,21 stuck 0
RC POS 620 id 10 seat 3 role raid fs 1 body 2 pos 11,4 stuck 0
RC POS 620 id 19 seat 4 role defend fs 0 body 1 pos 6,21 stuck 0
RC POS 621 id 4 seat 0 role raid fs 1 body 1 pos 17,2 stuck 0
RC POS 621 id 6 seat 1 role expand fs 0 body 1 pos 13,23 stuck 0
RC POS 621 id 8 seat 2 role expand fs 0 body 1 pos 23,20 stuck 0
RC POS 621 id 10 seat 3 role raid fs 1 body 2 pos 12,4 stuck 0
RC POS 621 id 19 seat 4 role defend fs 0 body 1 pos 7,21 stuck 0
RC POS 622 id 4 seat 0 role raid fs 1 body 1 pos 17,1 stuck 0
RC POS 622 id 6 seat 1 role expand fs 0 body 1 pos 13,24 stuck 0
RC POS 622 id 8 seat 2 role expand fs 0 body 1 pos 22,20 stuck 0
RC POS 622 id 10 seat 3 role raid fs 1 body 2 pos 12,3 stuck 0
RC POS 622 id 19 seat 4 role defend fs 0 body 1 pos 6,21 stuck 0
RC POS 623 id 4 seat 0 role raid fs 1 body 1 pos 16,1 stuck 0
RC POS 623 id 6 seat 1 role expand fs 0 body 1 pos 13,23 stuck 0
RC POS 623 id 8 seat 2 role expand fs 0 body 1 pos 22,21 stuck 0
RC POS 623 id 10 seat 3 role raid fs 1 body 2 pos 11,3 stuck 0
RC POS 623 id 19 seat 4 role defend fs 0 body 1 pos 7,21 stuck 0
RC POS 624 id 4 seat 0 role raid fs 1 body 1 pos 16,1 stuck 1
RC POS 624 id 6 seat 1 role expand fs 0 body 1 pos 13,24 stuck 0
RC POS 624 id 8 seat 2 role expand fs 0 body 1 pos 23,21 stuck 0
RC POS 624 id 10 seat 3 role raid fs 1 body 2 pos 12,3 stuck 0
RC POS 624 id 19 seat 4 role defend fs 0 body 1 pos 6,21 stuck 0
RC ECO 625 harvstore 5 harvseen -1 ti 36 units 7 scale 288.0
RC POS 625 id 4 seat 0 role raid fs 1 body 1 pos 17,1 stuck 0
RC POS 625 id 6 seat 1 role expand fs 0 body 1 pos 13,23 stuck 0
RC POS 625 id 8 seat 2 role expand fs 0 body 1 pos 22,21 stuck 0
RC POS 625 id 10 seat 3 role raid fs 1 body 2 pos 11,3 stuck 0
RC POS 625 id 19 seat 4 role defend fs 0 body 1 pos 7,21 stuck 0
RC POS 626 id 4 seat 0 role raid fs 1 body 1 pos 17,2 stuck 0
RC POS 626 id 6 seat 1 role expand fs 0 body 1 pos 13,24 stuck 0
RC POS 626 id 8 seat 2 role expand fs 0 body 1 pos 23,21 stuck 0
RC POS 626 id 10 seat 3 role raid fs 1 body 2 pos 12,3 stuck 0
RC POS 626 id 19 seat 4 role defend fs 0 body 1 pos 6,21 stuck 0
RC POS 627 id 4 seat 0 role raid fs 1 body 1 pos 17,1 stuck 0
RC POS 627 id 6 seat 1 role expand fs 0 body 1 pos 13,23 stuck 0
RC POS 627 id 8 seat 2 role expand fs 0 body 1 pos 22,21 stuck 0
RC POS 627 id 10 seat 3 role raid fs 1 body 2 pos 11,3 stuck 0
RC POS 627 id 19 seat 4 role defend fs 0 body 1 pos 7,21 stuck 0
RC POS 628 id 4 seat 0 role raid fs 1 body 1 pos 16,1 stuck 0
RC POS 628 id 6 seat 1 role expand fs 0 body 1 pos 13,24 stuck 0
RC POS 628 id 8 seat 2 role expand fs 0 body 1 pos 23,21 stuck 0
RC POS 628 id 10 seat 3 role raid fs 1 body 2 pos 12,3 stuck 0
RC POS 628 id 19 seat 4 role defend fs 0 body 1 pos 6,21 stuck 0
RC POS 629 id 4 seat 0 role raid fs 1 body 1 pos 16,1 stuck 1
RC POS 629 id 6 seat 1 role expand fs 0 body 1 pos 13,23 stuck 0
RC POS 629 id 8 seat 2 role expand fs 0 body 1 pos 23,22 stuck 0
RC POS 629 id 10 seat 3 role raid fs 1 body 2 pos 12,4 stuck 0
RC POS 629 id 19 seat 4 role defend fs 0 body 1 pos 7,21 stuck 0
RC POS 630 id 4 seat 0 role raid fs 1 body 1 pos 17,1 stuck 0
RC POS 630 id 6 seat 1 role expand fs 0 body 1 pos 13,24 stuck 0
RC POS 630 id 8 seat 2 role expand fs 0 body 1 pos 22,22 stuck 0
RC POS 630 id 10 seat 3 role raid fs 1 body 2 pos 12,5 stuck 0
RC POS 630 id 19 seat 4 role defend fs 0 body 1 pos 6,21 stuck 0
RC POS 631 id 4 seat 0 role raid fs 1 body 1 pos 17,2 stuck 0
RC POS 631 id 6 seat 1 role expand fs 0 body 1 pos 13,23 stuck 0
RC POS 631 id 8 seat 2 role expand fs 0 body 1 pos 22,21 stuck 0
RC POS 631 id 10 seat 3 role raid fs 1 body 2 pos 12,4 stuck 0
RC POS 631 id 19 seat 4 role defend fs 0 body 1 pos 7,21 stuck 0
RC POS 632 id 4 seat 0 role raid fs 1 body 1 pos 17,1 stuck 0
RC POS 632 id 6 seat 1 role expand fs 0 body 1 pos 13,24 stuck 0
RC POS 632 id 8 seat 2 role expand fs 0 body 1 pos 23,21 stuck 0
RC POS 632 id 10 seat 3 role raid fs 1 body 2 pos 12,3 stuck 0
RC POS 632 id 19 seat 4 role defend fs 0 body 1 pos 6,21 stuck 0
RC POS 633 id 4 seat 0 role raid fs 1 body 1 pos 16,1 stuck 0
RC POS 633 id 6 seat 1 role expand fs 0 body 1 pos 13,23 stuck 0
RC POS 633 id 8 seat 2 role expand fs 0 body 1 pos 23,20 stuck 0
RC POS 633 id 10 seat 3 role raid fs 1 body 2 pos 12,4 stuck 0
RC POS 633 id 19 seat 4 role defend fs 0 body 1 pos 7,21 stuck 0
RC POS 634 id 4 seat 0 role raid fs 1 body 1 pos 16,1 stuck 1
RC POS 634 id 6 seat 1 role expand fs 0 body 1 pos 13,24 stuck 0
RC POS 634 id 8 seat 2 role expand fs 0 body 1 pos 22,20 stuck 0
RC POS 634 id 10 seat 3 role raid fs 1 body 2 pos 12,5 stuck 0
RC POS 634 id 19 seat 4 role defend fs 0 body 1 pos 6,21 stuck 0
RC POS 635 id 4 seat 0 role raid fs 1 body 1 pos 17,1 stuck 0
RC POS 635 id 6 seat 1 role expand fs 0 body 1 pos 13,23 stuck 0
RC POS 635 id 8 seat 2 role expand fs 0 body 1 pos 22,21 stuck 0
RC POS 635 id 10 seat 3 role raid fs 1 body 2 pos 12,4 stuck 0
RC POS 635 id 19 seat 4 role defend fs 0 body 1 pos 7,21 stuck 0
RC POS 636 id 4 seat 0 role raid fs 1 body 1 pos 17,2 stuck 0
RC POS 636 id 6 seat 1 role expand fs 0 body 1 pos 13,24 stuck 0
RC POS 636 id 8 seat 2 role expand fs 0 body 1 pos 23,21 stuck 0
RC POS 636 id 10 seat 3 role raid fs 1 body 2 pos 12,5 stuck 0
RC POS 636 id 19 seat 4 role defend fs 0 body 1 pos 6,21 stuck 0
RC POS 637 id 4 seat 0 role raid fs 1 body 1 pos 17,1 stuck 0
RC POS 637 id 6 seat 1 role expand fs 0 body 1 pos 13,23 stuck 0
RC POS 637 id 8 seat 2 role expand fs 0 body 1 pos 22,21 stuck 0
RC POS 637 id 10 seat 3 role raid fs 1 body 2 pos 12,4 stuck 0
RC POS 637 id 19 seat 4 role defend fs 0 body 1 pos 7,21 stuck 0
RC POS 638 id 4 seat 0 role raid fs 1 body 1 pos 16,1 stuck 0
RC POS 638 id 6 seat 1 role expand fs 0 body 1 pos 13,24 stuck 0
RC POS 638 id 8 seat 2 role expand fs 0 body 1 pos 23,21 stuck 0
RC POS 638 id 10 seat 3 role raid fs 1 body 2 pos 12,3 stuck 0
RC POS 638 id 19 seat 4 role defend fs 0 body 1 pos 6,21 stuck 0
RC POS 639 id 4 seat 0 role raid fs 1 body 1 pos 16,1 stuck 1
RC POS 639 id 6 seat 1 role expand fs 0 body 1 pos 13,23 stuck 0
RC POS 639 id 8 seat 2 role expand fs 0 body 1 pos 22,21 stuck 0
RC POS 639 id 10 seat 3 role raid fs 1 body 2 pos 12,4 stuck 0
RC POS 639 id 19 seat 4 role defend fs 0 body 1 pos 7,21 stuck 0
RC POS 640 id 4 seat 0 role raid fs 1 body 1 pos 17,1 stuck 0
RC POS 640 id 6 seat 1 role expand fs 0 body 1 pos 13,24 stuck 0
RC POS 640 id 8 seat 2 role expand fs 0 body 1 pos 23,21 stuck 0
RC POS 640 id 10 seat 3 role raid fs 1 body 2 pos 12,5 stuck 0
RC POS 640 id 19 seat 4 role defend fs 0 body 1 pos 6,21 stuck 0
RC POS 641 id 4 seat 0 role raid fs 1 body 1 pos 17,2 stuck 0
RC POS 641 id 6 seat 1 role expand fs 0 body 1 pos 13,23 stuck 0
RC POS 641 id 8 seat 2 role expand fs 0 body 1 pos 23,22 stuck 0
RC POS 641 id 10 seat 3 role raid fs 1 body 2 pos 12,4 stuck 0
RC POS 641 id 19 seat 4 role defend fs 0 body 1 pos 7,21 stuck 0
RC POS 642 id 4 seat 0 role raid fs 1 body 1 pos 17,1 stuck 0
RC POS 642 id 6 seat 1 role expand fs 0 body 1 pos 13,24 stuck 0
RC POS 642 id 8 seat 2 role expand fs 0 body 1 pos 22,22 stuck 0
RC POS 642 id 10 seat 3 role raid fs 1 body 2 pos 12,3 stuck 0
RC POS 642 id 19 seat 4 role defend fs 0 body 1 pos 6,21 stuck 0
RC POS 643 id 4 seat 0 role raid fs 1 body 1 pos 16,1 stuck 0
RC POS 643 id 6 seat 1 role expand fs 0 body 1 pos 13,23 stuck 0
RC POS 643 id 8 seat 2 role expand fs 0 body 1 pos 22,21 stuck 0
RC POS 643 id 10 seat 3 role raid fs 1 body 2 pos 12,4 stuck 0
RC POS 643 id 19 seat 4 role defend fs 0 body 1 pos 7,21 stuck 0
RC POS 644 id 4 seat 0 role raid fs 1 body 1 pos 16,1 stuck 1
RC POS 644 id 6 seat 1 role expand fs 0 body 1 pos 13,24 stuck 0
RC POS 644 id 8 seat 2 role expand fs 0 body 1 pos 23,21 stuck 0
RC POS 644 id 10 seat 3 role raid fs 1 body 2 pos 12,5 stuck 0
RC POS 644 id 19 seat 4 role defend fs 0 body 1 pos 6,21 stuck 0
RC POS 645 id 4 seat 0 role raid fs 1 body 1 pos 17,1 stuck 0
RC POS 645 id 6 seat 1 role expand fs 0 body 1 pos 13,23 stuck 0
RC POS 645 id 8 seat 2 role expand fs 0 body 1 pos 23,20 stuck 0
RC POS 645 id 10 seat 3 role raid fs 1 body 2 pos 12,4 stuck 0
RC POS 645 id 19 seat 4 role defend fs 0 body 1 pos 7,21 stuck 0
RC POS 646 id 4 seat 0 role raid fs 1 body 1 pos 17,2 stuck 0
RC POS 646 id 6 seat 1 role expand fs 0 body 1 pos 13,24 stuck 0
RC POS 646 id 8 seat 2 role expand fs 0 body 1 pos 22,20 stuck 0
RC POS 646 id 10 seat 3 role raid fs 1 body 2 pos 12,5 stuck 0
RC POS 646 id 19 seat 4 role defend fs 0 body 1 pos 6,21 stuck 0
RC POS 647 id 4 seat 0 role raid fs 1 body 1 pos 17,1 stuck 0
RC POS 647 id 6 seat 1 role expand fs 0 body 1 pos 13,23 stuck 0
RC POS 647 id 8 seat 2 role expand fs 0 body 1 pos 22,21 stuck 0
RC POS 647 id 10 seat 3 role raid fs 1 body 2 pos 12,4 stuck 0
RC POS 647 id 19 seat 4 role defend fs 0 body 1 pos 7,21 stuck 0
RC POS 648 id 4 seat 0 role raid fs 1 body 1 pos 16,1 stuck 0
RC POS 648 id 6 seat 1 role expand fs 0 body 1 pos 13,24 stuck 0
RC POS 648 id 8 seat 2 role expand fs 0 body 1 pos 23,21 stuck 0
RC POS 648 id 10 seat 3 role raid fs 1 body 2 pos 12,3 stuck 0
RC POS 648 id 19 seat 4 role defend fs 0 body 1 pos 6,21 stuck 0
RC POS 649 id 4 seat 0 role raid fs 1 body 1 pos 16,1 stuck 1
RC POS 649 id 6 seat 1 role expand fs 0 body 1 pos 13,23 stuck 0
RC POS 649 id 8 seat 2 role expand fs 0 body 1 pos 22,21 stuck 0
RC POS 649 id 10 seat 3 role raid fs 1 body 2 pos 12,4 stuck 0
RC POS 649 id 19 seat 4 role defend fs 0 body 1 pos 7,21 stuck 0
RC ECO 650 harvstore 5 harvseen -1 ti 56 units 7 scale 288.0
RC POS 650 id 4 seat 0 role raid fs 1 body 1 pos 17,1 stuck 0
RC POS 650 id 6 seat 1 role expand fs 0 body 1 pos 13,24 stuck 0
RC POS 650 id 8 seat 2 role expand fs 0 body 1 pos 23,21 stuck 0
RC POS 650 id 10 seat 3 role raid fs 1 body 2 pos 12,5 stuck 0
RC POS 650 id 19 seat 4 role defend fs 0 body 1 pos 6,21 stuck 0
RC POS 651 id 4 seat 0 role raid fs 1 body 1 pos 17,2 stuck 0
RC POS 651 id 6 seat 1 role expand fs 0 body 1 pos 13,23 stuck 0
RC POS 651 id 8 seat 2 role expand fs 0 body 1 pos 22,21 stuck 0
RC POS 651 id 10 seat 3 role raid fs 1 body 2 pos 12,4 stuck 0
RC POS 651 id 19 seat 4 role defend fs 0 body 1 pos 7,21 stuck 0
RC POS 652 id 4 seat 0 role raid fs 1 body 1 pos 17,1 stuck 0
RC POS 652 id 6 seat 1 role expand fs 0 body 1 pos 13,24 stuck 0
RC POS 652 id 8 seat 2 role expand fs 0 body 1 pos 23,21 stuck 0
RC POS 652 id 10 seat 3 role raid fs 1 body 2 pos 12,3 stuck 0
RC POS 652 id 19 seat 4 role defend fs 0 body 1 pos 6,21 stuck 0
RC POS 653 id 4 seat 0 role raid fs 1 body 1 pos 16,1 stuck 0
RC POS 653 id 6 seat 1 role expand fs 0 body 1 pos 13,23 stuck 0
RC POS 653 id 8 seat 2 role expand fs 0 body 1 pos 23,22 stuck 0
RC POS 653 id 10 seat 3 role raid fs 1 body 2 pos 12,4 stuck 0
RC POS 653 id 19 seat 4 role defend fs 0 body 1 pos 7,21 stuck 0
RC POS 654 id 4 seat 0 role raid fs 1 body 1 pos 16,1 stuck 1
RC POS 654 id 6 seat 1 role expand fs 0 body 1 pos 13,24 stuck 0
RC POS 654 id 8 seat 2 role expand fs 0 body 1 pos 22,22 stuck 0
RC POS 654 id 10 seat 3 role raid fs 1 body 2 pos 12,5 stuck 0
RC POS 654 id 19 seat 4 role defend fs 0 body 1 pos 6,21 stuck 0
RC POS 655 id 4 seat 0 role raid fs 1 body 1 pos 17,1 stuck 0
RC POS 655 id 6 seat 1 role expand fs 0 body 1 pos 13,23 stuck 0
RC POS 655 id 8 seat 2 role expand fs 0 body 1 pos 22,21 stuck 0
RC POS 655 id 10 seat 3 role raid fs 1 body 2 pos 12,4 stuck 0
RC POS 655 id 19 seat 4 role defend fs 0 body 1 pos 7,21 stuck 0
RC POS 656 id 4 seat 0 role raid fs 1 body 1 pos 17,2 stuck 0
RC POS 656 id 6 seat 1 role expand fs 0 body 1 pos 13,24 stuck 0
RC POS 656 id 8 seat 2 role expand fs 0 body 1 pos 23,21 stuck 0
RC POS 656 id 10 seat 3 role raid fs 1 body 2 pos 12,5 stuck 0
RC POS 656 id 19 seat 4 role defend fs 0 body 1 pos 6,21 stuck 0
RC POS 657 id 4 seat 0 role raid fs 1 body 1 pos 17,1 stuck 0
RC POS 657 id 6 seat 1 role expand fs 0 body 1 pos 13,23 stuck 0
RC POS 657 id 8 seat 2 role expand fs 0 body 1 pos 23,20 stuck 0
RC POS 657 id 10 seat 3 role raid fs 1 body 2 pos 12,4 stuck 0
RC POS 657 id 19 seat 4 role defend fs 0 body 1 pos 7,21 stuck 0
RC POS 658 id 4 seat 0 role raid fs 1 body 1 pos 16,1 stuck 0
RC POS 658 id 6 seat 1 role expand fs 0 body 1 pos 13,24 stuck 0
RC POS 658 id 8 seat 2 role expand fs 0 body 1 pos 22,20 stuck 0
RC POS 658 id 10 seat 3 role raid fs 1 body 2 pos 12,3 stuck 0
RC POS 658 id 19 seat 4 role defend fs 0 body 1 pos 6,21 stuck 0
RC POS 659 id 4 seat 0 role raid fs 1 body 1 pos 16,1 stuck 1
RC POS 659 id 6 seat 1 role expand fs 0 body 1 pos 13,23 stuck 0
RC POS 659 id 8 seat 2 role expand fs 0 body 1 pos 22,21 stuck 0
RC POS 659 id 10 seat 3 role raid fs 1 body 2 pos 12,4 stuck 0
RC POS 659 id 19 seat 4 role defend fs 0 body 1 pos 7,21 stuck 0
RC POS 660 id 4 seat 0 role raid fs 1 body 1 pos 17,1 stuck 0
RC POS 660 id 6 seat 1 role expand fs 0 body 1 pos 13,24 stuck 0
RC POS 660 id 8 seat 2 role expand fs 0 body 1 pos 23,21 stuck 0
RC POS 660 id 10 seat 3 role raid fs 1 body 2 pos 12,5 stuck 0
RC POS 660 id 19 seat 4 role defend fs 0 body 1 pos 6,21 stuck 0
RC POS 661 id 4 seat 0 role raid fs 1 body 1 pos 17,2 stuck 0
RC POS 661 id 6 seat 1 role expand fs 0 body 1 pos 13,23 stuck 0
RC POS 661 id 8 seat 2 role expand fs 0 body 1 pos 22,21 stuck 0
RC POS 661 id 10 seat 3 role raid fs 1 body 2 pos 12,4 stuck 0
RC POS 661 id 19 seat 4 role defend fs 0 body 1 pos 7,21 stuck 0
RC POS 662 id 4 seat 0 role raid fs 1 body 1 pos 17,1 stuck 0
RC POS 662 id 6 seat 1 role expand fs 0 body 1 pos 13,24 stuck 0
RC POS 662 id 8 seat 2 role expand fs 0 body 1 pos 23,21 stuck 0
RC POS 662 id 10 seat 3 role raid fs 1 body 2 pos 12,3 stuck 0
RC POS 662 id 19 seat 4 role defend fs 0 body 1 pos 6,21 stuck 0
RC POS 663 id 4 seat 0 role raid fs 1 body 1 pos 16,1 stuck 0
RC POS 663 id 6 seat 1 role expand fs 0 body 1 pos 13,23 stuck 0
RC POS 663 id 8 seat 2 role expand fs 0 body 1 pos 22,21 stuck 0
RC POS 663 id 10 seat 3 role raid fs 1 body 2 pos 12,4 stuck 0
RC POS 663 id 19 seat 4 role defend fs 0 body 1 pos 7,21 stuck 0
RC POS 664 id 4 seat 0 role raid fs 1 body 1 pos 16,1 stuck 1
RC POS 664 id 6 seat 1 role expand fs 0 body 1 pos 13,24 stuck 0
RC POS 664 id 8 seat 2 role expand fs 0 body 1 pos 23,21 stuck 0
RC POS 664 id 10 seat 3 role raid fs 1 body 2 pos 12,5 stuck 0
RC POS 664 id 19 seat 4 role defend fs 0 body 1 pos 6,21 stuck 0
RC POS 665 id 4 seat 0 role raid fs 1 body 1 pos 17,1 stuck 0
RC POS 665 id 6 seat 1 role expand fs 0 body 1 pos 13,23 stuck 0
RC POS 665 id 8 seat 2 role expand fs 0 body 1 pos 23,22 stuck 0
RC POS 665 id 10 seat 3 role raid fs 1 body 2 pos 12,4 stuck 0
RC POS 665 id 19 seat 4 role defend fs 0 body 1 pos 7,21 stuck 0
RC POS 666 id 4 seat 0 role raid fs 1 body 1 pos 17,2 stuck 0
RC POS 666 id 6 seat 1 role expand fs 0 body 1 pos 13,24 stuck 0
RC POS 666 id 8 seat 2 role expand fs 0 body 1 pos 22,22 stuck 0
RC POS 666 id 10 seat 3 role raid fs 1 body 2 pos 12,5 stuck 0
RC POS 666 id 19 seat 4 role defend fs 0 body 1 pos 6,21 stuck 0
RC POS 667 id 4 seat 0 role raid fs 1 body 1 pos 17,1 stuck 0
RC POS 667 id 6 seat 1 role expand fs 0 body 1 pos 13,23 stuck 0
RC POS 667 id 8 seat 2 role expand fs 0 body 1 pos 22,21 stuck 0
RC POS 667 id 10 seat 3 role raid fs 1 body 2 pos 12,4 stuck 0
RC POS 667 id 19 seat 4 role defend fs 0 body 1 pos 7,21 stuck 0
RC POS 668 id 4 seat 0 role raid fs 1 body 1 pos 16,1 stuck 0
RC POS 668 id 6 seat 1 role expand fs 0 body 1 pos 13,24 stuck 0
RC POS 668 id 8 seat 2 role expand fs 0 body 1 pos 23,21 stuck 0
RC POS 668 id 10 seat 3 role raid fs 1 body 2 pos 12,3 stuck 0
RC POS 668 id 19 seat 4 role defend fs 0 body 1 pos 6,21 stuck 0
RC POS 669 id 4 seat 0 role raid fs 1 body 1 pos 16,1 stuck 1
RC POS 669 id 6 seat 1 role expand fs 0 body 1 pos 13,23 stuck 0
RC POS 669 id 8 seat 2 role expand fs 0 body 1 pos 23,20 stuck 0
RC POS 669 id 10 seat 3 role raid fs 1 body 2 pos 12,4 stuck 0
RC POS 669 id 19 seat 4 role defend fs 0 body 1 pos 7,21 stuck 0
RC POS 670 id 4 seat 0 role raid fs 1 body 1 pos 17,1 stuck 0
RC POS 670 id 6 seat 1 role expand fs 0 body 1 pos 13,24 stuck 0
RC POS 670 id 8 seat 2 role expand fs 0 body 1 pos 22,20 stuck 0
RC POS 670 id 10 seat 3 role raid fs 1 body 2 pos 12,5 stuck 0
RC POS 670 id 19 seat 4 role defend fs 0 body 1 pos 6,21 stuck 0
RC POS 671 id 4 seat 0 role raid fs 1 body 1 pos 17,2 stuck 0
RC POS 671 id 6 seat 1 role expand fs 0 body 1 pos 13,23 stuck 0
RC POS 671 id 8 seat 2 role expand fs 0 body 1 pos 22,21 stuck 0
RC POS 671 id 10 seat 3 role raid fs 1 body 2 pos 12,4 stuck 0
RC POS 671 id 19 seat 4 role defend fs 0 body 1 pos 7,21 stuck 0
RC POS 672 id 4 seat 0 role raid fs 1 body 1 pos 17,1 stuck 0
RC POS 672 id 6 seat 1 role expand fs 0 body 1 pos 13,24 stuck 0
RC POS 672 id 8 seat 2 role expand fs 0 body 1 pos 23,21 stuck 0
RC POS 672 id 10 seat 3 role raid fs 1 body 2 pos 12,3 stuck 0
RC POS 672 id 19 seat 4 role defend fs 0 body 1 pos 6,21 stuck 0
RC POS 673 id 4 seat 0 role raid fs 1 body 1 pos 16,1 stuck 0
RC POS 673 id 6 seat 1 role expand fs 0 body 1 pos 13,23 stuck 0
RC POS 673 id 8 seat 2 role expand fs 0 body 1 pos 22,21 stuck 0
RC POS 673 id 10 seat 3 role raid fs 1 body 2 pos 12,4 stuck 0
RC POS 673 id 19 seat 4 role defend fs 0 body 1 pos 7,21 stuck 0
RC POS 674 id 4 seat 0 role raid fs 1 body 1 pos 16,1 stuck 1
RC POS 674 id 6 seat 1 role expand fs 0 body 1 pos 13,24 stuck 0
RC POS 674 id 8 seat 2 role expand fs 0 body 1 pos 23,21 stuck 0
RC POS 674 id 10 seat 3 role raid fs 1 body 2 pos 12,5 stuck 0
RC POS 674 id 19 seat 4 role defend fs 0 body 1 pos 6,21 stuck 0
RC ECO 675 harvstore 5 harvseen -1 ti 8 units 7 scale 288.0
RC POS 675 id 4 seat 0 role raid fs 1 body 1 pos 17,1 stuck 0
RC POS 675 id 6 seat 1 role expand fs 0 body 1 pos 13,23 stuck 0
RC POS 675 id 8 seat 2 role expand fs 0 body 1 pos 22,21 stuck 0
RC POS 675 id 10 seat 3 role raid fs 1 body 2 pos 12,4 stuck 0
RC POS 675 id 19 seat 4 role defend fs 0 body 1 pos 7,21 stuck 0
RC POS 676 id 4 seat 0 role raid fs 1 body 1 pos 17,2 stuck 0
RC POS 676 id 6 seat 1 role expand fs 0 body 1 pos 13,24 stuck 0
RC POS 676 id 8 seat 2 role expand fs 0 body 1 pos 23,21 stuck 0
RC POS 676 id 10 seat 3 role raid fs 1 body 2 pos 12,5 stuck 0
RC POS 676 id 19 seat 4 role defend fs 0 body 1 pos 6,21 stuck 0
RC POS 677 id 4 seat 0 role raid fs 1 body 1 pos 17,1 stuck 0
RC POS 677 id 6 seat 1 role expand fs 0 body 1 pos 13,23 stuck 0
RC POS 677 id 8 seat 2 role expand fs 0 body 1 pos 23,22 stuck 0
RC POS 677 id 10 seat 3 role raid fs 1 body 2 pos 12,4 stuck 0
RC POS 677 id 19 seat 4 role defend fs 0 body 1 pos 7,21 stuck 0
RC POS 678 id 4 seat 0 role raid fs 1 body 1 pos 16,1 stuck 0
RC POS 678 id 6 seat 1 role expand fs 0 body 1 pos 13,24 stuck 0
RC POS 678 id 8 seat 2 role expand fs 0 body 1 pos 22,22 stuck 0
RC POS 678 id 10 seat 3 role raid fs 1 body 2 pos 12,3 stuck 0
RC POS 678 id 19 seat 4 role defend fs 0 body 1 pos 6,21 stuck 0
RC POS 679 id 4 seat 0 role raid fs 1 body 1 pos 16,1 stuck 1
RC POS 679 id 6 seat 1 role expand fs 0 body 1 pos 13,23 stuck 0
RC POS 679 id 8 seat 2 role expand fs 0 body 1 pos 22,21 stuck 0
RC POS 679 id 10 seat 3 role raid fs 1 body 2 pos 12,4 stuck 0
RC POS 679 id 19 seat 4 role defend fs 0 body 1 pos 7,21 stuck 0
RC POS 680 id 4 seat 0 role raid fs 1 body 1 pos 17,1 stuck 0
RC POS 680 id 6 seat 1 role expand fs 0 body 1 pos 13,24 stuck 0
RC POS 680 id 8 seat 2 role expand fs 0 body 1 pos 23,21 stuck 0
RC POS 680 id 10 seat 3 role raid fs 1 body 2 pos 12,5 stuck 0
RC POS 680 id 19 seat 4 role defend fs 0 body 1 pos 6,21 stuck 0
RC POS 681 id 4 seat 0 role raid fs 1 body 1 pos 17,2 stuck 0
RC POS 681 id 6 seat 1 role expand fs 0 body 1 pos 13,23 stuck 0
RC POS 681 id 8 seat 2 role expand fs 0 body 1 pos 23,20 stuck 0
RC POS 681 id 10 seat 3 role raid fs 1 body 2 pos 12,4 stuck 0
RC POS 681 id 19 seat 4 role defend fs 0 body 1 pos 7,21 stuck 0
RC POS 682 id 4 seat 0 role raid fs 1 body 1 pos 17,1 stuck 0
RC POS 682 id 6 seat 1 role expand fs 0 body 1 pos 13,24 stuck 0
RC POS 682 id 8 seat 2 role expand fs 0 body 1 pos 22,20 stuck 0
RC POS 682 id 10 seat 3 role raid fs 1 body 2 pos 12,3 stuck 0
RC POS 682 id 19 seat 4 role defend fs 0 body 1 pos 6,21 stuck 0
RC POS 683 id 4 seat 0 role raid fs 1 body 1 pos 16,1 stuck 0
RC POS 683 id 6 seat 1 role expand fs 0 body 1 pos 13,23 stuck 0
RC POS 683 id 8 seat 2 role expand fs 0 body 1 pos 22,21 stuck 0
RC POS 683 id 10 seat 3 role raid fs 1 body 2 pos 12,4 stuck 0
RC POS 683 id 19 seat 4 role defend fs 0 body 1 pos 7,21 stuck 0
RC POS 684 id 4 seat 0 role raid fs 1 body 1 pos 16,1 stuck 1
RC POS 684 id 6 seat 1 role expand fs 0 body 1 pos 13,24 stuck 0
RC POS 684 id 8 seat 2 role expand fs 0 body 1 pos 23,21 stuck 0
RC POS 684 id 10 seat 3 role raid fs 1 body 2 pos 12,5 stuck 0
RC POS 684 id 19 seat 4 role defend fs 0 body 1 pos 6,21 stuck 0
RC POS 685 id 4 seat 0 role raid fs 1 body 1 pos 17,1 stuck 0
RC POS 685 id 6 seat 1 role expand fs 0 body 1 pos 13,23 stuck 0
RC POS 685 id 8 seat 2 role expand fs 0 body 1 pos 22,21 stuck 0
RC POS 685 id 10 seat 3 role raid fs 1 body 2 pos 12,4 stuck 0
RC POS 685 id 19 seat 4 role defend fs 0 body 1 pos 7,21 stuck 0
RC POS 686 id 4 seat 0 role raid fs 1 body 1 pos 17,2 stuck 0
RC POS 686 id 6 seat 1 role expand fs 0 body 1 pos 13,24 stuck 0
RC POS 686 id 8 seat 2 role expand fs 0 body 1 pos 23,21 stuck 0
RC POS 686 id 10 seat 3 role raid fs 1 body 2 pos 12,5 stuck 0
RC POS 686 id 19 seat 4 role defend fs 0 body 1 pos 6,21 stuck 0
RC POS 687 id 4 seat 0 role raid fs 1 body 1 pos 17,1 stuck 0
RC POS 687 id 6 seat 1 role expand fs 0 body 1 pos 13,23 stuck 0
RC POS 687 id 8 seat 2 role expand fs 0 body 1 pos 22,21 stuck 0
RC POS 687 id 10 seat 3 role raid fs 1 body 2 pos 12,4 stuck 0
RC POS 687 id 19 seat 4 role defend fs 0 body 1 pos 7,21 stuck 0
RC POS 688 id 4 seat 0 role raid fs 1 body 1 pos 16,1 stuck 0
RC POS 688 id 6 seat 1 role expand fs 0 body 1 pos 13,24 stuck 0
RC POS 688 id 8 seat 2 role expand fs 0 body 1 pos 23,21 stuck 0
RC POS 688 id 10 seat 3 role raid fs 1 body 2 pos 12,3 stuck 0
RC POS 688 id 19 seat 4 role defend fs 0 body 1 pos 6,21 stuck 0
RC POS 689 id 4 seat 0 role raid fs 1 body 1 pos 16,1 stuck 1
RC POS 689 id 6 seat 1 role expand fs 0 body 1 pos 13,23 stuck 0
RC POS 689 id 8 seat 2 role expand fs 0 body 1 pos 23,22 stuck 0
RC POS 689 id 10 seat 3 role raid fs 1 body 2 pos 12,4 stuck 0
RC POS 689 id 19 seat 4 role defend fs 0 body 1 pos 7,21 stuck 0
RC POS 690 id 4 seat 0 role raid fs 1 body 1 pos 17,1 stuck 0
RC POS 690 id 6 seat 1 role expand fs 0 body 1 pos 13,24 stuck 0
RC POS 690 id 8 seat 2 role expand fs 0 body 1 pos 22,22 stuck 0
RC POS 690 id 10 seat 3 role raid fs 1 body 2 pos 12,5 stuck 0
RC POS 690 id 19 seat 4 role defend fs 0 body 1 pos 6,21 stuck 0
RC POS 691 id 4 seat 0 role raid fs 1 body 1 pos 17,2 stuck 0
RC POS 691 id 6 seat 1 role expand fs 0 body 1 pos 13,23 stuck 0
RC POS 691 id 8 seat 2 role expand fs 0 body 1 pos 22,21 stuck 0
RC POS 691 id 10 seat 3 role raid fs 1 body 2 pos 12,4 stuck 0
RC POS 691 id 19 seat 4 role defend fs 0 body 1 pos 7,21 stuck 0
RC POS 692 id 4 seat 0 role raid fs 1 body 1 pos 17,1 stuck 0
RC POS 692 id 6 seat 1 role expand fs 0 body 1 pos 13,24 stuck 0
RC POS 692 id 8 seat 2 role expand fs 0 body 1 pos 23,21 stuck 0
RC POS 692 id 10 seat 3 role raid fs 1 body 2 pos 12,3 stuck 0
RC POS 692 id 19 seat 4 role defend fs 0 body 1 pos 6,21 stuck 0
RC POS 693 id 4 seat 0 role raid fs 1 body 1 pos 16,1 stuck 0
RC POS 693 id 6 seat 1 role expand fs 0 body 1 pos 13,23 stuck 0
RC POS 693 id 8 seat 2 role expand fs 0 body 1 pos 23,20 stuck 0
RC POS 693 id 10 seat 3 role raid fs 1 body 2 pos 12,4 stuck 0
RC POS 693 id 19 seat 4 role defend fs 0 body 1 pos 7,21 stuck 0
RC POS 694 id 4 seat 0 role raid fs 1 body 1 pos 16,1 stuck 1
RC POS 694 id 6 seat 1 role expand fs 0 body 1 pos 13,24 stuck 0
RC POS 694 id 8 seat 2 role expand fs 0 body 1 pos 22,20 stuck 0
RC POS 694 id 10 seat 3 role raid fs 1 body 2 pos 12,5 stuck 0
RC POS 694 id 19 seat 4 role defend fs 0 body 1 pos 6,21 stuck 0
RC POS 695 id 4 seat 0 role raid fs 1 body 1 pos 17,1 stuck 0
RC POS 695 id 6 seat 1 role expand fs 0 body 1 pos 13,23 stuck 0
RC POS 695 id 8 seat 2 role expand fs 0 body 1 pos 22,21 stuck 0
RC POS 695 id 10 seat 3 role raid fs 1 body 2 pos 12,4 stuck 0
RC POS 695 id 19 seat 4 role defend fs 0 body 1 pos 7,21 stuck 0
RC POS 696 id 4 seat 0 role raid fs 1 body 1 pos 17,2 stuck 0
RC POS 696 id 6 seat 1 role expand fs 0 body 1 pos 13,24 stuck 0
RC POS 696 id 8 seat 2 role expand fs 0 body 1 pos 23,21 stuck 0
RC POS 696 id 10 seat 3 role raid fs 1 body 2 pos 12,5 stuck 0
RC POS 696 id 19 seat 4 role defend fs 0 body 1 pos 6,21 stuck 0
RC POS 697 id 4 seat 0 role raid fs 1 body 1 pos 17,1 stuck 0
RC POS 697 id 6 seat 1 role expand fs 0 body 1 pos 13,23 stuck 0
RC POS 697 id 8 seat 2 role expand fs 0 body 1 pos 22,21 stuck 0
RC POS 697 id 10 seat 3 role raid fs 1 body 2 pos 12,4 stuck 0
RC POS 697 id 19 seat 4 role defend fs 0 body 1 pos 7,21 stuck 0
RC POS 698 id 4 seat 0 role raid fs 1 body 1 pos 16,1 stuck 0
RC POS 698 id 6 seat 1 role expand fs 0 body 1 pos 13,24 stuck 0
RC POS 698 id 8 seat 2 role expand fs 0 body 1 pos 23,21 stuck 0
RC POS 698 id 10 seat 3 role raid fs 1 body 2 pos 12,3 stuck 0
RC POS 698 id 19 seat 4 role defend fs 0 body 1 pos 6,21 stuck 0
RC POS 699 id 4 seat 0 role raid fs 1 body 1 pos 16,1 stuck 1
RC POS 699 id 6 seat 1 role expand fs 0 body 1 pos 13,23 stuck 0
RC POS 699 id 8 seat 2 role expand fs 0 body 1 pos 22,21 stuck 0
RC POS 699 id 10 seat 3 role raid fs 1 body 2 pos 12,4 stuck 0
RC POS 699 id 19 seat 4 role defend fs 0 body 1 pos 7,21 stuck 0
RC ECO 700 harvstore 5 harvseen -1 ti 18 units 7 scale 288.0
RC POS 700 id 4 seat 0 role raid fs 1 body 1 pos 17,1 stuck 0
RC POS 700 id 6 seat 1 role expand fs 0 body 1 pos 13,24 stuck 0
RC POS 700 id 8 seat 2 role expand fs 0 body 1 pos 23,21 stuck 0
RC POS 700 id 10 seat 3 role raid fs 1 body 2 pos 12,5 stuck 0
RC POS 700 id 19 seat 4 role defend fs 0 body 1 pos 6,21 stuck 0
RC POS 701 id 4 seat 0 role raid fs 1 body 1 pos 17,2 stuck 0
RC POS 701 id 6 seat 1 role expand fs 0 body 1 pos 13,23 stuck 0
RC POS 701 id 8 seat 2 role expand fs 0 body 1 pos 23,22 stuck 0
RC POS 701 id 10 seat 3 role raid fs 1 body 2 pos 12,4 stuck 0
RC POS 701 id 19 seat 4 role defend fs 0 body 1 pos 7,21 stuck 0
RC POS 702 id 4 seat 0 role raid fs 1 body 1 pos 17,1 stuck 0
RC POS 702 id 6 seat 1 role expand fs 0 body 1 pos 13,24 stuck 0
RC POS 702 id 8 seat 2 role expand fs 0 body 1 pos 22,22 stuck 0
RC POS 702 id 10 seat 3 role raid fs 1 body 2 pos 12,3 stuck 0
RC POS 702 id 19 seat 4 role defend fs 0 body 1 pos 6,21 stuck 0
RC POS 703 id 4 seat 0 role raid fs 1 body 1 pos 16,1 stuck 0
RC POS 703 id 6 seat 1 role expand fs 0 body 1 pos 13,23 stuck 0
RC POS 703 id 8 seat 2 role expand fs 0 body 1 pos 22,21 stuck 0
RC POS 703 id 10 seat 3 role raid fs 1 body 2 pos 12,3 stuck 1
RC POS 703 id 19 seat 4 role defend fs 0 body 1 pos 7,21 stuck 0
RC POS 704 id 4 seat 0 role raid fs 1 body 1 pos 16,1 stuck 1
RC POS 704 id 6 seat 1 role expand fs 0 body 1 pos 13,24 stuck 0
RC POS 704 id 8 seat 2 role expand fs 0 body 1 pos 23,21 stuck 0
RC POS 704 id 10 seat 3 role raid fs 1 body 2 pos 12,4 stuck 0
RC POS 704 id 19 seat 4 role defend fs 0 body 1 pos 6,21 stuck 0
RC POS 705 id 4 seat 0 role raid fs 1 body 1 pos 17,1 stuck 0
RC POS 705 id 6 seat 1 role expand fs 0 body 1 pos 13,23 stuck 0
RC POS 705 id 8 seat 2 role expand fs 0 body 1 pos 23,20 stuck 0
RC POS 705 id 10 seat 3 role raid fs 1 body 2 pos 12,5 stuck 0
RC POS 705 id 19 seat 4 role defend fs 0 body 1 pos 7,21 stuck 0
RC POS 706 id 4 seat 0 role raid fs 1 body 1 pos 17,2 stuck 0
RC POS 706 id 6 seat 1 role expand fs 0 body 1 pos 13,24 stuck 0
RC POS 706 id 8 seat 2 role expand fs 0 body 1 pos 22,20 stuck 0
RC POS 706 id 10 seat 3 role raid fs 1 body 2 pos 12,4 stuck 0
RC POS 706 id 19 seat 4 role defend fs 0 body 1 pos 6,21 stuck 0
RC POS 707 id 4 seat 0 role raid fs 1 body 1 pos 17,1 stuck 0
RC POS 707 id 6 seat 1 role expand fs 0 body 1 pos 13,23 stuck 0
RC POS 707 id 8 seat 2 role expand fs 0 body 1 pos 22,21 stuck 0
RC POS 707 id 10 seat 3 role raid fs 1 body 2 pos 12,3 stuck 0
RC POS 707 id 19 seat 4 role defend fs 0 body 1 pos 7,21 stuck 0
RC POS 708 id 4 seat 0 role raid fs 1 body 1 pos 16,1 stuck 0
RC POS 708 id 6 seat 1 role expand fs 0 body 1 pos 13,24 stuck 0
RC POS 708 id 8 seat 2 role expand fs 0 body 1 pos 23,21 stuck 0
RC POS 708 id 10 seat 3 role raid fs 1 body 2 pos 12,3 stuck 1
RC POS 708 id 19 seat 4 role defend fs 0 body 1 pos 6,21 stuck 0
RC POS 709 id 4 seat 0 role raid fs 1 body 1 pos 16,1 stuck 1
RC POS 709 id 6 seat 1 role expand fs 0 body 1 pos 13,23 stuck 0
RC POS 709 id 8 seat 2 role expand fs 0 body 1 pos 22,21 stuck 0
RC POS 709 id 10 seat 3 role raid fs 1 body 2 pos 12,4 stuck 0
RC POS 709 id 19 seat 4 role defend fs 0 body 1 pos 7,21 stuck 0
RC POS 710 id 4 seat 0 role raid fs 1 body 1 pos 17,1 stuck 0
RC POS 710 id 6 seat 1 role expand fs 0 body 1 pos 13,24 stuck 0
RC POS 710 id 8 seat 2 role expand fs 0 body 1 pos 23,21 stuck 0
RC POS 710 id 10 seat 3 role raid fs 1 body 2 pos 12,5 stuck 0
RC POS 710 id 19 seat 4 role defend fs 0 body 1 pos 6,21 stuck 0
RC POS 711 id 4 seat 0 role raid fs 1 body 1 pos 17,2 stuck 0
RC POS 711 id 6 seat 1 role expand fs 0 body 1 pos 13,23 stuck 0
RC POS 711 id 8 seat 2 role expand fs 0 body 1 pos 22,21 stuck 0
RC POS 711 id 10 seat 3 role raid fs 1 body 2 pos 12,4 stuck 0
RC POS 711 id 19 seat 4 role defend fs 0 body 1 pos 7,21 stuck 0
RC POS 712 id 4 seat 0 role raid fs 1 body 1 pos 17,1 stuck 0
RC POS 712 id 6 seat 1 role expand fs 0 body 1 pos 13,24 stuck 0
RC POS 712 id 8 seat 2 role expand fs 0 body 1 pos 23,21 stuck 0
RC POS 712 id 10 seat 3 role raid fs 1 body 2 pos 12,3 stuck 0
RC POS 712 id 19 seat 4 role defend fs 0 body 1 pos 6,21 stuck 0
RC POS 713 id 4 seat 0 role raid fs 1 body 1 pos 16,1 stuck 0
RC POS 713 id 6 seat 1 role expand fs 0 body 1 pos 13,23 stuck 0
RC POS 713 id 8 seat 2 role expand fs 0 body 1 pos 23,22 stuck 0
RC POS 713 id 10 seat 3 role raid fs 1 body 2 pos 12,3 stuck 1
RC POS 713 id 19 seat 4 role defend fs 0 body 1 pos 7,21 stuck 0
RC POS 714 id 4 seat 0 role raid fs 1 body 1 pos 16,1 stuck 1
RC POS 714 id 6 seat 1 role expand fs 0 body 1 pos 13,24 stuck 0
RC POS 714 id 8 seat 2 role expand fs 0 body 1 pos 22,22 stuck 0
RC POS 714 id 10 seat 3 role raid fs 1 body 2 pos 12,4 stuck 0
RC POS 714 id 19 seat 4 role defend fs 0 body 1 pos 6,21 stuck 0
RC POS 715 id 4 seat 0 role raid fs 1 body 1 pos 17,1 stuck 0
RC POS 715 id 6 seat 1 role expand fs 0 body 1 pos 13,23 stuck 0
RC POS 715 id 8 seat 2 role expand fs 0 body 1 pos 22,21 stuck 0
RC POS 715 id 10 seat 3 role raid fs 1 body 2 pos 12,5 stuck 0
RC POS 715 id 19 seat 4 role defend fs 0 body 1 pos 7,21 stuck 0
RC POS 716 id 4 seat 0 role raid fs 1 body 1 pos 17,2 stuck 0
RC POS 716 id 6 seat 1 role expand fs 0 body 1 pos 13,24 stuck 0
RC POS 716 id 8 seat 2 role expand fs 0 body 1 pos 23,21 stuck 0
RC POS 716 id 10 seat 3 role raid fs 1 body 2 pos 12,4 stuck 0
RC POS 716 id 19 seat 4 role defend fs 0 body 1 pos 6,21 stuck 0
RC POS 717 id 4 seat 0 role raid fs 1 body 1 pos 17,1 stuck 0
RC POS 717 id 6 seat 1 role expand fs 0 body 1 pos 13,23 stuck 0
RC POS 717 id 8 seat 2 role expand fs 0 body 1 pos 23,20 stuck 0
RC POS 717 id 10 seat 3 role raid fs 1 body 2 pos 12,3 stuck 0
RC POS 717 id 19 seat 4 role defend fs 0 body 1 pos 7,21 stuck 0
RC POS 718 id 4 seat 0 role raid fs 1 body 1 pos 16,1 stuck 0
RC POS 718 id 6 seat 1 role expand fs 0 body 1 pos 13,24 stuck 0
RC POS 718 id 8 seat 2 role expand fs 0 body 1 pos 22,20 stuck 0
RC POS 718 id 10 seat 3 role raid fs 1 body 2 pos 12,3 stuck 1
RC POS 718 id 19 seat 4 role defend fs 0 body 1 pos 6,21 stuck 0
RC POS 719 id 4 seat 0 role raid fs 1 body 1 pos 16,1 stuck 1
RC POS 719 id 6 seat 1 role expand fs 0 body 1 pos 13,23 stuck 0
RC POS 719 id 8 seat 2 role expand fs 0 body 1 pos 22,21 stuck 0
RC POS 719 id 10 seat 3 role raid fs 1 body 2 pos 12,4 stuck 0
RC POS 719 id 19 seat 4 role defend fs 0 body 1 pos 7,21 stuck 0
RC POS 720 id 4 seat 0 role raid fs 1 body 1 pos 17,1 stuck 0
RC POS 720 id 6 seat 1 role expand fs 0 body 1 pos 13,24 stuck 0
RC POS 720 id 8 seat 2 role expand fs 0 body 1 pos 23,21 stuck 0
RC POS 720 id 10 seat 3 role raid fs 1 body 2 pos 12,5 stuck 0
RC POS 720 id 19 seat 4 role defend fs 0 body 1 pos 6,21 stuck 0
RC POS 721 id 4 seat 0 role raid fs 1 body 1 pos 17,2 stuck 0
RC POS 721 id 6 seat 1 role expand fs 0 body 1 pos 13,23 stuck 0
RC POS 721 id 8 seat 2 role expand fs 0 body 1 pos 22,21 stuck 0
RC POS 721 id 10 seat 3 role raid fs 1 body 2 pos 12,4 stuck 0
RC POS 721 id 19 seat 4 role defend fs 0 body 1 pos 7,21 stuck 0
RC POS 722 id 4 seat 0 role raid fs 1 body 1 pos 17,1 stuck 0
RC POS 722 id 6 seat 1 role expand fs 0 body 1 pos 13,24 stuck 0
RC POS 722 id 8 seat 2 role expand fs 0 body 1 pos 23,21 stuck 0
RC POS 722 id 10 seat 3 role raid fs 1 body 2 pos 12,3 stuck 0
RC POS 722 id 19 seat 4 role defend fs 0 body 1 pos 6,21 stuck 0
RC POS 723 id 4 seat 0 role raid fs 1 body 1 pos 16,1 stuck 0
RC POS 723 id 6 seat 1 role expand fs 0 body 1 pos 13,23 stuck 0
RC POS 723 id 8 seat 2 role expand fs 0 body 1 pos 22,21 stuck 0
RC POS 723 id 10 seat 3 role raid fs 1 body 2 pos 12,3 stuck 1
RC POS 723 id 19 seat 4 role defend fs 0 body 1 pos 7,21 stuck 0
RC POS 724 id 4 seat 0 role raid fs 1 body 1 pos 16,1 stuck 1
RC POS 724 id 6 seat 1 role expand fs 0 body 1 pos 13,24 stuck 0
RC POS 724 id 8 seat 2 role expand fs 0 body 1 pos 23,21 stuck 0
RC POS 724 id 10 seat 3 role raid fs 1 body 2 pos 12,4 stuck 0
RC POS 724 id 19 seat 4 role defend fs 0 body 1 pos 6,21 stuck 0
RC ECO 725 harvstore 5 harvseen -1 ti 18 units 7 scale 288.0
RC POS 725 id 4 seat 0 role raid fs 1 body 1 pos 17,1 stuck 0
RC POS 725 id 6 seat 1 role expand fs 0 body 1 pos 13,23 stuck 0
RC POS 725 id 8 seat 2 role expand fs 0 body 1 pos 23,22 stuck 0
RC POS 725 id 10 seat 3 role raid fs 1 body 2 pos 12,5 stuck 0
RC POS 725 id 19 seat 4 role defend fs 0 body 1 pos 7,21 stuck 0
RC POS 726 id 4 seat 0 role raid fs 1 body 1 pos 17,2 stuck 0
RC POS 726 id 6 seat 1 role expand fs 0 body 1 pos 13,24 stuck 0
RC POS 726 id 8 seat 2 role expand fs 0 body 1 pos 22,22 stuck 0
RC POS 726 id 10 seat 3 role raid fs 1 body 2 pos 12,4 stuck 0
RC POS 726 id 19 seat 4 role defend fs 0 body 1 pos 6,21 stuck 0
RC POS 727 id 4 seat 0 role raid fs 1 body 1 pos 17,1 stuck 0
RC POS 727 id 6 seat 1 role expand fs 0 body 1 pos 13,23 stuck 0
RC POS 727 id 8 seat 2 role expand fs 0 body 1 pos 22,21 stuck 0
RC POS 727 id 10 seat 3 role raid fs 1 body 2 pos 12,3 stuck 0
RC POS 727 id 19 seat 4 role defend fs 0 body 1 pos 7,21 stuck 0
RC POS 728 id 4 seat 0 role raid fs 1 body 1 pos 16,1 stuck 0
RC POS 728 id 6 seat 1 role expand fs 0 body 1 pos 13,24 stuck 0
RC POS 728 id 8 seat 2 role expand fs 0 body 1 pos 23,21 stuck 0
RC POS 728 id 10 seat 3 role raid fs 1 body 2 pos 12,3 stuck 1
RC POS 728 id 19 seat 4 role defend fs 0 body 1 pos 6,21 stuck 0
RC POS 729 id 4 seat 0 role raid fs 1 body 1 pos 16,1 stuck 1
RC POS 729 id 6 seat 1 role expand fs 0 body 1 pos 13,23 stuck 0
RC POS 729 id 8 seat 2 role expand fs 0 body 1 pos 23,20 stuck 0
RC POS 729 id 10 seat 3 role raid fs 1 body 2 pos 12,4 stuck 0
RC POS 729 id 19 seat 4 role defend fs 0 body 1 pos 7,21 stuck 0
RC POS 730 id 4 seat 0 role raid fs 1 body 1 pos 17,1 stuck 0
RC POS 730 id 6 seat 1 role expand fs 0 body 1 pos 13,24 stuck 0
RC POS 730 id 8 seat 2 role expand fs 0 body 1 pos 22,20 stuck 0
RC POS 730 id 10 seat 3 role raid fs 1 body 2 pos 12,5 stuck 0
RC POS 730 id 19 seat 4 role defend fs 0 body 1 pos 6,21 stuck 0
RC POS 731 id 4 seat 0 role raid fs 1 body 1 pos 17,2 stuck 0
RC POS 731 id 6 seat 1 role expand fs 0 body 1 pos 13,23 stuck 0
RC POS 731 id 8 seat 2 role expand fs 0 body 1 pos 22,21 stuck 0
RC POS 731 id 10 seat 3 role raid fs 1 body 2 pos 12,4 stuck 0
RC POS 731 id 19 seat 4 role defend fs 0 body 1 pos 7,21 stuck 0
RC POS 732 id 4 seat 0 role raid fs 1 body 1 pos 17,1 stuck 0
RC POS 732 id 6 seat 1 role expand fs 0 body 1 pos 13,24 stuck 0
RC POS 732 id 8 seat 2 role expand fs 0 body 1 pos 23,21 stuck 0
RC POS 732 id 10 seat 3 role raid fs 1 body 2 pos 12,3 stuck 0
RC POS 732 id 19 seat 4 role defend fs 0 body 1 pos 6,21 stuck 0
RC POS 733 id 4 seat 0 role raid fs 1 body 1 pos 16,1 stuck 0
RC POS 733 id 6 seat 1 role expand fs 0 body 1 pos 13,23 stuck 0
RC POS 733 id 8 seat 2 role expand fs 0 body 1 pos 22,21 stuck 0
RC POS 733 id 10 seat 3 role raid fs 1 body 2 pos 12,3 stuck 1
RC POS 733 id 19 seat 4 role defend fs 0 body 1 pos 7,21 stuck 0
RC POS 734 id 4 seat 0 role raid fs 1 body 1 pos 16,1 stuck 1
RC POS 734 id 6 seat 1 role expand fs 0 body 1 pos 13,24 stuck 0
RC POS 734 id 8 seat 2 role expand fs 0 body 1 pos 23,21 stuck 0
RC POS 734 id 10 seat 3 role raid fs 1 body 2 pos 12,4 stuck 0
RC POS 734 id 19 seat 4 role defend fs 0 body 1 pos 6,21 stuck 0
RC POS 735 id 4 seat 0 role raid fs 1 body 1 pos 17,1 stuck 0
RC POS 735 id 6 seat 1 role expand fs 0 body 1 pos 13,23 stuck 0
RC POS 735 id 8 seat 2 role expand fs 0 body 1 pos 22,21 stuck 0
RC POS 735 id 10 seat 3 role raid fs 1 body 2 pos 12,5 stuck 0
RC POS 735 id 19 seat 4 role defend fs 0 body 1 pos 7,21 stuck 0
RC POS 736 id 4 seat 0 role raid fs 1 body 1 pos 17,2 stuck 0
RC POS 736 id 6 seat 1 role expand fs 0 body 1 pos 13,24 stuck 0
RC POS 736 id 8 seat 2 role expand fs 0 body 1 pos 23,21 stuck 0
RC POS 736 id 10 seat 3 role raid fs 1 body 2 pos 12,4 stuck 0
RC POS 736 id 19 seat 4 role defend fs 0 body 1 pos 6,21 stuck 0
RC POS 737 id 4 seat 0 role raid fs 1 body 1 pos 17,1 stuck 0
RC POS 737 id 6 seat 1 role expand fs 0 body 1 pos 13,23 stuck 0
RC POS 737 id 8 seat 2 role expand fs 0 body 1 pos 23,22 stuck 0
RC POS 737 id 10 seat 3 role raid fs 1 body 2 pos 12,3 stuck 0
RC POS 737 id 19 seat 4 role defend fs 0 body 1 pos 7,21 stuck 0
RC POS 738 id 4 seat 0 role raid fs 1 body 1 pos 16,1 stuck 0
RC POS 738 id 6 seat 1 role expand fs 0 body 1 pos 13,24 stuck 0
RC POS 738 id 8 seat 2 role expand fs 0 body 1 pos 22,22 stuck 0
RC POS 738 id 10 seat 3 role raid fs 1 body 2 pos 12,3 stuck 1
RC POS 738 id 19 seat 4 role defend fs 0 body 1 pos 6,21 stuck 0
RC POS 739 id 4 seat 0 role raid fs 1 body 1 pos 16,1 stuck 1
RC POS 739 id 6 seat 1 role expand fs 0 body 1 pos 13,23 stuck 0
RC POS 739 id 8 seat 2 role expand fs 0 body 1 pos 22,21 stuck 0
RC POS 739 id 10 seat 3 role raid fs 1 body 2 pos 12,4 stuck 0
RC POS 739 id 19 seat 4 role defend fs 0 body 1 pos 7,21 stuck 0
RC POS 740 id 4 seat 0 role raid fs 1 body 1 pos 17,1 stuck 0
RC POS 740 id 6 seat 1 role expand fs 0 body 1 pos 13,24 stuck 0
RC POS 740 id 8 seat 2 role expand fs 0 body 1 pos 23,21 stuck 0
RC POS 740 id 10 seat 3 role raid fs 1 body 2 pos 12,5 stuck 0
RC POS 740 id 19 seat 4 role defend fs 0 body 1 pos 6,21 stuck 0
RC POS 741 id 4 seat 0 role raid fs 1 body 1 pos 17,2 stuck 0
RC POS 741 id 6 seat 1 role expand fs 0 body 1 pos 13,23 stuck 0
RC POS 741 id 8 seat 2 role expand fs 0 body 1 pos 23,20 stuck 0
RC POS 741 id 10 seat 3 role raid fs 1 body 2 pos 12,4 stuck 0
RC POS 741 id 19 seat 4 role defend fs 0 body 1 pos 7,21 stuck 0
RC POS 742 id 4 seat 0 role raid fs 1 body 1 pos 17,1 stuck 0
RC POS 742 id 6 seat 1 role expand fs 0 body 1 pos 13,24 stuck 0
RC POS 742 id 8 seat 2 role expand fs 0 body 1 pos 22,20 stuck 0
RC POS 742 id 10 seat 3 role raid fs 1 body 2 pos 12,3 stuck 0
RC POS 742 id 19 seat 4 role defend fs 0 body 1 pos 6,21 stuck 0
RC POS 743 id 4 seat 0 role raid fs 1 body 1 pos 16,1 stuck 0
RC POS 743 id 6 seat 1 role expand fs 0 body 1 pos 13,23 stuck 0
RC POS 743 id 8 seat 2 role expand fs 0 body 1 pos 22,21 stuck 0
RC POS 743 id 10 seat 3 role raid fs 1 body 2 pos 12,3 stuck 1
RC POS 743 id 19 seat 4 role defend fs 0 body 1 pos 7,21 stuck 0
RC POS 744 id 4 seat 0 role raid fs 1 body 1 pos 16,1 stuck 1
RC POS 744 id 6 seat 1 role expand fs 0 body 1 pos 13,24 stuck 0
RC POS 744 id 8 seat 2 role expand fs 0 body 1 pos 23,21 stuck 0
RC POS 744 id 10 seat 3 role raid fs 1 body 2 pos 12,4 stuck 0
RC POS 744 id 19 seat 4 role defend fs 0 body 1 pos 6,21 stuck 0
RC POS 745 id 4 seat 0 role raid fs 1 body 1 pos 17,1 stuck 0
RC POS 745 id 6 seat 1 role expand fs 0 body 1 pos 13,23 stuck 0
RC POS 745 id 8 seat 2 role expand fs 0 body 1 pos 22,21 stuck 0
RC POS 745 id 10 seat 3 role raid fs 1 body 2 pos 12,5 stuck 0
RC POS 745 id 19 seat 4 role defend fs 0 body 1 pos 7,21 stuck 0
RC POS 746 id 4 seat 0 role raid fs 1 body 1 pos 17,2 stuck 0
RC POS 746 id 6 seat 1 role expand fs 0 body 1 pos 13,24 stuck 0
RC POS 746 id 8 seat 2 role expand fs 0 body 1 pos 23,21 stuck 0
RC POS 746 id 10 seat 3 role raid fs 1 body 2 pos 12,4 stuck 0
RC POS 746 id 19 seat 4 role defend fs 0 body 1 pos 6,21 stuck 0
RC POS 747 id 4 seat 0 role raid fs 1 body 1 pos 17,1 stuck 0
RC POS 747 id 6 seat 1 role expand fs 0 body 1 pos 13,23 stuck 0
RC POS 747 id 8 seat 2 role expand fs 0 body 1 pos 22,21 stuck 0
RC POS 747 id 10 seat 3 role raid fs 1 body 2 pos 12,3 stuck 0
RC POS 747 id 19 seat 4 role defend fs 0 body 1 pos 7,21 stuck 0
RC POS 748 id 4 seat 0 role raid fs 1 body 1 pos 16,1 stuck 0
RC POS 748 id 6 seat 1 role expand fs 0 body 1 pos 13,24 stuck 0
RC POS 748 id 8 seat 2 role expand fs 0 body 1 pos 23,21 stuck 0
RC POS 748 id 10 seat 3 role raid fs 1 body 2 pos 12,3 stuck 1
RC POS 748 id 19 seat 4 role defend fs 0 body 1 pos 6,21 stuck 0
RC POS 749 id 4 seat 0 role raid fs 1 body 1 pos 16,1 stuck 1
RC POS 749 id 6 seat 1 role expand fs 0 body 1 pos 13,23 stuck 0
RC POS 749 id 8 seat 2 role expand fs 0 body 1 pos 23,22 stuck 0
RC POS 749 id 10 seat 3 role raid fs 1 body 2 pos 12,4 stuck 0
RC POS 749 id 19 seat 4 role defend fs 0 body 1 pos 7,21 stuck 0
RC ECO 750 harvstore 5 harvseen -1 ti 38 units 7 scale 288.0
RC POS 750 id 4 seat 0 role raid fs 1 body 1 pos 17,1 stuck 0
RC POS 750 id 6 seat 1 role expand fs 0 body 1 pos 13,24 stuck 0
RC POS 750 id 8 seat 2 role expand fs 0 body 1 pos 22,22 stuck 0
RC POS 750 id 10 seat 3 role raid fs 1 body 2 pos 12,5 stuck 0
RC POS 750 id 19 seat 4 role defend fs 0 body 1 pos 6,21 stuck 0
RC POS 751 id 4 seat 0 role raid fs 1 body 1 pos 17,2 stuck 0
RC POS 751 id 6 seat 1 role expand fs 0 body 1 pos 13,23 stuck 0
RC POS 751 id 8 seat 2 role expand fs 0 body 1 pos 22,21 stuck 0
RC POS 751 id 10 seat 3 role raid fs 1 body 2 pos 12,4 stuck 0
RC POS 751 id 19 seat 4 role defend fs 0 body 1 pos 7,21 stuck 0
RC POS 752 id 4 seat 0 role raid fs 1 body 1 pos 17,1 stuck 0
RC POS 752 id 6 seat 1 role expand fs 0 body 1 pos 13,24 stuck 0
RC POS 752 id 8 seat 2 role expand fs 0 body 1 pos 23,21 stuck 0
RC POS 752 id 10 seat 3 role raid fs 1 body 2 pos 12,3 stuck 0
RC POS 752 id 19 seat 4 role defend fs 0 body 1 pos 6,21 stuck 0
RC POS 753 id 4 seat 0 role raid fs 1 body 1 pos 16,1 stuck 0
RC POS 753 id 6 seat 1 role expand fs 0 body 1 pos 13,23 stuck 0
RC POS 753 id 8 seat 2 role expand fs 0 body 1 pos 23,20 stuck 0
RC POS 753 id 10 seat 3 role raid fs 1 body 2 pos 12,3 stuck 1
RC POS 753 id 19 seat 4 role defend fs 0 body 1 pos 7,21 stuck 0
RC POS 754 id 4 seat 0 role raid fs 1 body 1 pos 16,1 stuck 1
RC POS 754 id 6 seat 1 role expand fs 0 body 1 pos 13,24 stuck 0
RC POS 754 id 8 seat 2 role expand fs 0 body 1 pos 22,20 stuck 0
RC POS 754 id 10 seat 3 role raid fs 1 body 2 pos 12,3 stuck 2
RC POS 754 id 19 seat 4 role defend fs 0 body 1 pos 6,21 stuck 0
RC POS 755 id 4 seat 0 role raid fs 1 body 1 pos 16,1 stuck 2
RC POS 755 id 6 seat 1 role expand fs 0 body 1 pos 13,23 stuck 0
RC POS 755 id 8 seat 2 role expand fs 0 body 1 pos 22,21 stuck 0
RC POS 755 id 10 seat 3 role raid fs 1 body 2 pos 12,4 stuck 0
RC POS 755 id 19 seat 4 role defend fs 0 body 1 pos 7,21 stuck 0
RC POS 756 id 4 seat 0 role raid fs 1 body 1 pos 17,1 stuck 0
RC POS 756 id 6 seat 1 role expand fs 0 body 1 pos 13,24 stuck 0
RC POS 756 id 8 seat 2 role expand fs 0 body 1 pos 23,21 stuck 0
RC POS 756 id 10 seat 3 role raid fs 1 body 2 pos 12,5 stuck 0
RC POS 756 id 19 seat 4 role defend fs 0 body 1 pos 6,21 stuck 0
RC POS 757 id 4 seat 0 role raid fs 1 body 1 pos 16,1 stuck 0
RC POS 757 id 6 seat 1 role expand fs 0 body 1 pos 13,23 stuck 0
RC POS 757 id 8 seat 2 role expand fs 0 body 1 pos 22,21 stuck 0
RC POS 757 id 10 seat 3 role raid fs 1 body 2 pos 12,4 stuck 0
RC POS 757 id 19 seat 4 role defend fs 0 body 1 pos 7,21 stuck 0
RC POS 758 id 4 seat 0 role raid fs 1 body 1 pos 16,1 stuck 1
RC POS 758 id 6 seat 1 role expand fs 0 body 1 pos 13,24 stuck 0
RC POS 758 id 8 seat 2 role expand fs 0 body 1 pos 23,21 stuck 0
RC POS 758 id 10 seat 3 role raid fs 1 body 2 pos 12,5 stuck 0
RC POS 758 id 19 seat 4 role defend fs 0 body 1 pos 6,21 stuck 0
RC POS 759 id 4 seat 0 role raid fs 1 body 1 pos 17,1 stuck 0
RC POS 759 id 6 seat 1 role expand fs 0 body 1 pos 13,23 stuck 0
RC POS 759 id 8 seat 2 role expand fs 0 body 1 pos 22,21 stuck 0
RC POS 759 id 10 seat 3 role raid fs 1 body 2 pos 12,4 stuck 0
RC POS 759 id 19 seat 4 role defend fs 0 body 1 pos 7,21 stuck 0
RC POS 760 id 4 seat 0 role raid fs 1 body 1 pos 17,2 stuck 0
RC POS 760 id 6 seat 1 role expand fs 0 body 1 pos 13,24 stuck 0
RC POS 760 id 8 seat 2 role expand fs 0 body 1 pos 23,21 stuck 0
RC POS 760 id 10 seat 3 role raid fs 1 body 2 pos 12,5 stuck 0
RC POS 760 id 19 seat 4 role defend fs 0 body 1 pos 6,21 stuck 0
RC POS 761 id 4 seat 0 role raid fs 1 body 1 pos 17,1 stuck 0
RC POS 761 id 6 seat 1 role expand fs 0 body 1 pos 13,23 stuck 0
RC POS 761 id 8 seat 2 role expand fs 0 body 1 pos 23,22 stuck 0
RC POS 761 id 10 seat 3 role raid fs 1 body 2 pos 12,4 stuck 0
RC POS 761 id 19 seat 4 role defend fs 0 body 1 pos 7,21 stuck 0
RC POS 762 id 4 seat 0 role raid fs 1 body 1 pos 16,1 stuck 0
RC POS 762 id 6 seat 1 role expand fs 0 body 1 pos 13,24 stuck 0
RC POS 762 id 8 seat 2 role expand fs 0 body 1 pos 22,22 stuck 0
RC POS 762 id 10 seat 3 role raid fs 1 body 2 pos 12,3 stuck 0
RC POS 762 id 19 seat 4 role defend fs 0 body 1 pos 6,21 stuck 0
RC POS 763 id 4 seat 0 role raid fs 1 body 1 pos 16,1 stuck 1
RC POS 763 id 6 seat 1 role expand fs 0 body 1 pos 13,23 stuck 0
RC POS 763 id 8 seat 2 role expand fs 0 body 1 pos 22,21 stuck 0
RC POS 763 id 10 seat 3 role raid fs 1 body 2 pos 12,4 stuck 0
RC POS 763 id 19 seat 4 role defend fs 0 body 1 pos 7,21 stuck 0
RC POS 764 id 4 seat 0 role raid fs 1 body 1 pos 17,1 stuck 0
RC POS 764 id 6 seat 1 role expand fs 0 body 1 pos 13,24 stuck 0
RC POS 764 id 8 seat 2 role expand fs 0 body 1 pos 23,21 stuck 0
RC POS 764 id 10 seat 3 role raid fs 1 body 2 pos 12,5 stuck 0
RC POS 764 id 19 seat 4 role defend fs 0 body 1 pos 6,21 stuck 0
RC POS 765 id 4 seat 0 role raid fs 1 body 1 pos 17,2 stuck 0
RC POS 765 id 6 seat 1 role expand fs 0 body 1 pos 13,23 stuck 0
RC POS 765 id 8 seat 2 role expand fs 0 body 1 pos 23,20 stuck 0
RC POS 765 id 10 seat 3 role raid fs 1 body 2 pos 12,4 stuck 0
RC POS 765 id 19 seat 4 role defend fs 0 body 1 pos 7,21 stuck 0
RC POS 766 id 4 seat 0 role raid fs 1 body 1 pos 17,1 stuck 0
RC POS 766 id 6 seat 1 role expand fs 0 body 1 pos 13,24 stuck 0
RC POS 766 id 8 seat 2 role expand fs 0 body 1 pos 22,20 stuck 0
RC POS 766 id 10 seat 3 role raid fs 1 body 2 pos 12,3 stuck 0
RC POS 766 id 19 seat 4 role defend fs 0 body 1 pos 6,21 stuck 0
RC POS 767 id 4 seat 0 role raid fs 1 body 1 pos 16,1 stuck 0
RC POS 767 id 6 seat 1 role expand fs 0 body 1 pos 13,23 stuck 0
RC POS 767 id 8 seat 2 role expand fs 0 body 1 pos 22,21 stuck 0
RC POS 767 id 10 seat 3 role raid fs 1 body 2 pos 12,4 stuck 0
RC POS 767 id 19 seat 4 role defend fs 0 body 1 pos 7,21 stuck 0
RC POS 768 id 4 seat 0 role raid fs 1 body 1 pos 16,1 stuck 1
RC POS 768 id 6 seat 1 role expand fs 0 body 1 pos 13,24 stuck 0
RC POS 768 id 8 seat 2 role expand fs 0 body 1 pos 23,21 stuck 0
RC POS 768 id 10 seat 3 role raid fs 1 body 2 pos 12,5 stuck 0
RC POS 768 id 19 seat 4 role defend fs 0 body 1 pos 6,21 stuck 0
RC POS 769 id 4 seat 0 role raid fs 1 body 1 pos 17,1 stuck 0
RC POS 769 id 6 seat 1 role expand fs 0 body 1 pos 13,23 stuck 0
RC POS 769 id 8 seat 2 role expand fs 0 body 1 pos 22,21 stuck 0
RC POS 769 id 10 seat 3 role raid fs 1 body 2 pos 12,4 stuck 0
RC POS 769 id 19 seat 4 role defend fs 0 body 1 pos 7,21 stuck 0
RC POS 770 id 4 seat 0 role raid fs 1 body 1 pos 17,2 stuck 0
RC POS 770 id 6 seat 1 role expand fs 0 body 1 pos 13,24 stuck 0
RC POS 770 id 8 seat 2 role expand fs 0 body 1 pos 23,21 stuck 0
RC POS 770 id 10 seat 3 role raid fs 1 body 2 pos 12,5 stuck 0
RC POS 770 id 19 seat 4 role defend fs 0 body 1 pos 6,21 stuck 0
RC POS 771 id 4 seat 0 role raid fs 1 body 1 pos 17,1 stuck 0
RC POS 771 id 6 seat 1 role expand fs 0 body 1 pos 13,23 stuck 0
RC POS 771 id 8 seat 2 role expand fs 0 body 1 pos 22,21 stuck 0
RC POS 771 id 10 seat 3 role raid fs 1 body 2 pos 12,4 stuck 0
RC POS 771 id 19 seat 4 role defend fs 0 body 1 pos 7,21 stuck 0
RC POS 772 id 4 seat 0 role raid fs 1 body 1 pos 16,1 stuck 0
RC POS 772 id 6 seat 1 role expand fs 0 body 1 pos 13,24 stuck 0
RC POS 772 id 8 seat 2 role expand fs 0 body 1 pos 23,21 stuck 0
RC POS 772 id 10 seat 3 role raid fs 1 body 2 pos 12,3 stuck 0
RC POS 772 id 19 seat 4 role defend fs 0 body 1 pos 6,21 stuck 0
RC POS 773 id 4 seat 0 role raid fs 1 body 1 pos 16,1 stuck 1
RC POS 773 id 6 seat 1 role expand fs 0 body 1 pos 13,23 stuck 0
RC POS 773 id 8 seat 2 role expand fs 0 body 1 pos 23,22 stuck 0
RC POS 773 id 10 seat 3 role raid fs 1 body 2 pos 12,4 stuck 0
RC POS 773 id 19 seat 4 role defend fs 0 body 1 pos 7,21 stuck 0
RC POS 774 id 4 seat 0 role raid fs 1 body 1 pos 17,1 stuck 0
RC POS 774 id 6 seat 1 role expand fs 0 body 1 pos 13,24 stuck 0
RC POS 774 id 8 seat 2 role expand fs 0 body 1 pos 22,22 stuck 0
RC POS 774 id 10 seat 3 role raid fs 1 body 2 pos 12,5 stuck 0
RC POS 774 id 19 seat 4 role defend fs 0 body 1 pos 6,21 stuck 0
RC ECO 775 harvstore 5 harvseen -1 ti 58 units 7 scale 287.0
RC POS 775 id 4 seat 0 role raid fs 1 body 1 pos 17,2 stuck 0
RC POS 775 id 6 seat 1 role expand fs 0 body 1 pos 13,23 stuck 0
RC POS 775 id 8 seat 2 role expand fs 0 body 1 pos 22,21 stuck 0
RC POS 775 id 10 seat 3 role raid fs 1 body 2 pos 12,4 stuck 0
RC POS 775 id 19 seat 4 role defend fs 0 body 1 pos 7,21 stuck 0
RC POS 776 id 4 seat 0 role raid fs 1 body 1 pos 17,1 stuck 0
RC POS 776 id 6 seat 1 role expand fs 0 body 1 pos 13,24 stuck 0
RC POS 776 id 8 seat 2 role expand fs 0 body 1 pos 23,21 stuck 0
RC POS 776 id 10 seat 3 role raid fs 1 body 2 pos 12,3 stuck 0
RC POS 776 id 19 seat 4 role defend fs 0 body 1 pos 6,21 stuck 0
RC POS 777 id 4 seat 0 role raid fs 1 body 1 pos 16,1 stuck 0
RC POS 777 id 6 seat 1 role expand fs 0 body 1 pos 13,23 stuck 0
RC POS 777 id 8 seat 2 role expand fs 0 body 1 pos 23,20 stuck 0
RC POS 777 id 10 seat 3 role raid fs 1 body 2 pos 12,4 stuck 0
RC POS 777 id 19 seat 4 role defend fs 0 body 1 pos 7,21 stuck 0
RC POS 778 id 4 seat 0 role raid fs 1 body 1 pos 16,1 stuck 1
RC POS 778 id 6 seat 1 role expand fs 0 body 1 pos 13,24 stuck 0
RC POS 778 id 8 seat 2 role expand fs 0 body 1 pos 22,20 stuck 0
RC POS 778 id 10 seat 3 role raid fs 1 body 2 pos 12,5 stuck 0
RC POS 778 id 19 seat 4 role defend fs 0 body 1 pos 6,21 stuck 0
RC POS 779 id 4 seat 0 role raid fs 1 body 1 pos 17,1 stuck 0
RC POS 779 id 6 seat 1 role expand fs 0 body 1 pos 13,23 stuck 0
RC POS 779 id 8 seat 2 role expand fs 0 body 1 pos 22,21 stuck 0
RC POS 779 id 10 seat 3 role raid fs 1 body 2 pos 12,4 stuck 0
RC POS 779 id 19 seat 4 role defend fs 0 body 1 pos 7,21 stuck 0
RC POS 780 id 4 seat 0 role raid fs 1 body 1 pos 17,2 stuck 0
RC POS 780 id 6 seat 1 role expand fs 0 body 1 pos 13,24 stuck 0
RC POS 780 id 8 seat 2 role expand fs 0 body 1 pos 23,21 stuck 0
RC POS 780 id 10 seat 3 role raid fs 1 body 2 pos 12,5 stuck 0
RC POS 780 id 19 seat 4 role defend fs 0 body 1 pos 6,21 stuck 0
RC POS 781 id 4 seat 0 role raid fs 1 body 1 pos 17,1 stuck 0
RC POS 781 id 6 seat 1 role expand fs 0 body 1 pos 13,23 stuck 0
RC POS 781 id 8 seat 2 role expand fs 0 body 1 pos 22,21 stuck 0
RC POS 781 id 10 seat 3 role raid fs 1 body 2 pos 12,4 stuck 0
RC POS 781 id 19 seat 4 role defend fs 0 body 1 pos 7,21 stuck 0
RC POS 782 id 4 seat 0 role raid fs 1 body 1 pos 16,1 stuck 0
RC POS 782 id 6 seat 1 role expand fs 0 body 1 pos 13,24 stuck 0
RC POS 782 id 8 seat 2 role expand fs 0 body 1 pos 23,21 stuck 0
RC POS 782 id 10 seat 3 role raid fs 1 body 2 pos 12,3 stuck 0
RC POS 782 id 19 seat 4 role defend fs 0 body 1 pos 6,21 stuck 0
RC POS 783 id 4 seat 0 role raid fs 1 body 1 pos 16,1 stuck 1
RC POS 783 id 6 seat 1 role expand fs 0 body 1 pos 13,23 stuck 0
RC POS 783 id 8 seat 2 role expand fs 0 body 1 pos 22,21 stuck 0
RC POS 783 id 10 seat 3 role raid fs 1 body 2 pos 12,4 stuck 0
RC POS 783 id 19 seat 4 role defend fs 0 body 1 pos 7,21 stuck 0
RC POS 784 id 4 seat 0 role raid fs 1 body 1 pos 17,1 stuck 0
RC POS 784 id 6 seat 1 role expand fs 0 body 1 pos 13,24 stuck 0
RC POS 784 id 8 seat 2 role expand fs 0 body 1 pos 23,21 stuck 0
RC POS 784 id 10 seat 3 role raid fs 1 body 2 pos 12,5 stuck 0
RC POS 784 id 19 seat 4 role defend fs 0 body 1 pos 6,21 stuck 0
RC POS 785 id 4 seat 0 role raid fs 1 body 1 pos 17,2 stuck 0
RC POS 785 id 6 seat 1 role expand fs 0 body 1 pos 13,23 stuck 0
RC POS 785 id 8 seat 2 role expand fs 0 body 1 pos 23,22 stuck 0
RC POS 785 id 10 seat 3 role raid fs 1 body 2 pos 12,4 stuck 0
RC POS 785 id 19 seat 4 role defend fs 0 body 1 pos 7,21 stuck 0
RC POS 786 id 4 seat 0 role raid fs 1 body 1 pos 17,1 stuck 0
RC POS 786 id 6 seat 1 role expand fs 0 body 1 pos 13,24 stuck 0
RC POS 786 id 8 seat 2 role expand fs 0 body 1 pos 22,22 stuck 0
RC POS 786 id 10 seat 3 role raid fs 1 body 2 pos 12,3 stuck 0
RC POS 786 id 19 seat 4 role defend fs 0 body 1 pos 6,21 stuck 0
RC POS 787 id 4 seat 0 role raid fs 1 body 1 pos 16,1 stuck 0
RC POS 787 id 6 seat 1 role expand fs 0 body 1 pos 13,23 stuck 0
RC POS 787 id 8 seat 2 role expand fs 0 body 1 pos 22,21 stuck 0
RC POS 787 id 10 seat 3 role raid fs 1 body 2 pos 12,4 stuck 0
RC POS 787 id 19 seat 4 role defend fs 0 body 1 pos 7,21 stuck 0
RC POS 788 id 4 seat 0 role raid fs 1 body 1 pos 16,1 stuck 1
RC POS 788 id 6 seat 1 role expand fs 0 body 1 pos 13,24 stuck 0
RC POS 788 id 8 seat 2 role expand fs 0 body 1 pos 23,21 stuck 0
RC POS 788 id 10 seat 3 role raid fs 1 body 2 pos 12,5 stuck 0
RC POS 788 id 19 seat 4 role defend fs 0 body 1 pos 6,21 stuck 0
RC POS 789 id 4 seat 0 role raid fs 1 body 1 pos 17,1 stuck 0
RC POS 789 id 6 seat 1 role expand fs 0 body 1 pos 13,23 stuck 0
RC POS 789 id 8 seat 2 role expand fs 0 body 1 pos 23,20 stuck 0
RC POS 789 id 10 seat 3 role raid fs 1 body 2 pos 12,4 stuck 0
RC POS 789 id 19 seat 4 role defend fs 0 body 1 pos 7,21 stuck 0
RC POS 790 id 4 seat 0 role raid fs 1 body 1 pos 17,2 stuck 0
RC POS 790 id 6 seat 1 role expand fs 0 body 1 pos 13,24 stuck 0
RC POS 790 id 8 seat 2 role expand fs 0 body 1 pos 22,20 stuck 0
RC POS 790 id 10 seat 3 role raid fs 1 body 2 pos 12,5 stuck 0
RC POS 790 id 19 seat 4 role defend fs 0 body 1 pos 6,21 stuck 0
RC POS 791 id 4 seat 0 role raid fs 1 body 1 pos 17,1 stuck 0
RC POS 791 id 6 seat 1 role expand fs 0 body 1 pos 13,23 stuck 0
RC POS 791 id 8 seat 2 role expand fs 0 body 1 pos 22,21 stuck 0
RC POS 791 id 10 seat 3 role raid fs 1 body 2 pos 12,4 stuck 0
RC POS 791 id 19 seat 4 role defend fs 0 body 1 pos 7,21 stuck 0
RC POS 792 id 4 seat 0 role raid fs 1 body 1 pos 16,1 stuck 0
RC POS 792 id 6 seat 1 role expand fs 0 body 1 pos 13,24 stuck 0
RC POS 792 id 8 seat 2 role expand fs 0 body 1 pos 23,21 stuck 0
RC POS 792 id 10 seat 3 role raid fs 1 body 2 pos 12,3 stuck 0
RC POS 792 id 19 seat 4 role defend fs 0 body 1 pos 6,21 stuck 0
RC POS 793 id 4 seat 0 role raid fs 1 body 1 pos 16,1 stuck 1
RC POS 793 id 6 seat 1 role expand fs 0 body 1 pos 13,23 stuck 0
RC POS 793 id 8 seat 2 role expand fs 0 body 1 pos 22,21 stuck 0
RC POS 793 id 10 seat 3 role raid fs 1 body 2 pos 12,4 stuck 0
RC POS 793 id 19 seat 4 role defend fs 0 body 1 pos 7,21 stuck 0
RC POS 794 id 4 seat 0 role raid fs 1 body 1 pos 17,1 stuck 0
RC POS 794 id 6 seat 1 role expand fs 0 body 1 pos 13,24 stuck 0
RC POS 794 id 8 seat 2 role expand fs 0 body 1 pos 23,21 stuck 0
RC POS 794 id 10 seat 3 role raid fs 1 body 2 pos 12,5 stuck 0
RC POS 794 id 19 seat 4 role defend fs 0 body 1 pos 6,21 stuck 0
RC POS 795 id 4 seat 0 role raid fs 1 body 1 pos 17,2 stuck 0
RC POS 795 id 6 seat 1 role expand fs 0 body 1 pos 13,23 stuck 0
RC POS 795 id 8 seat 2 role expand fs 0 body 1 pos 22,21 stuck 0
RC POS 795 id 10 seat 3 role raid fs 1 body 2 pos 12,4 stuck 0
RC POS 795 id 19 seat 4 role defend fs 0 body 1 pos 7,21 stuck 0
RC POS 796 id 4 seat 0 role raid fs 1 body 1 pos 17,1 stuck 0
RC POS 796 id 6 seat 1 role expand fs 0 body 1 pos 13,24 stuck 0
RC POS 796 id 8 seat 2 role expand fs 0 body 1 pos 23,21 stuck 0
RC POS 796 id 10 seat 3 role raid fs 1 body 2 pos 12,3 stuck 0
RC POS 796 id 19 seat 4 role defend fs 0 body 1 pos 6,21 stuck 0
RC POS 797 id 4 seat 0 role raid fs 1 body 1 pos 16,1 stuck 0
RC POS 797 id 6 seat 1 role expand fs 0 body 1 pos 13,23 stuck 0
RC POS 797 id 8 seat 2 role expand fs 0 body 1 pos 23,22 stuck 0
RC POS 797 id 10 seat 3 role raid fs 1 body 2 pos 12,4 stuck 0
RC POS 797 id 19 seat 4 role defend fs 0 body 1 pos 7,21 stuck 0
RC POS 798 id 4 seat 0 role raid fs 1 body 1 pos 16,1 stuck 1
RC POS 798 id 6 seat 1 role expand fs 0 body 1 pos 13,24 stuck 0
RC POS 798 id 8 seat 2 role expand fs 0 body 1 pos 22,22 stuck 0
RC POS 798 id 10 seat 3 role raid fs 1 body 2 pos 12,5 stuck 0
RC POS 798 id 19 seat 4 role defend fs 0 body 1 pos 6,21 stuck 0
RC POS 799 id 4 seat 0 role raid fs 1 body 1 pos 17,1 stuck 0
RC POS 799 id 6 seat 1 role expand fs 0 body 1 pos 13,23 stuck 0
RC POS 799 id 8 seat 2 role expand fs 0 body 1 pos 22,21 stuck 0
RC POS 799 id 10 seat 3 role raid fs 1 body 2 pos 12,4 stuck 0
RC POS 799 id 19 seat 4 role defend fs 0 body 1 pos 7,21 stuck 0
RC ECO 800 harvstore 5 harvseen -1 ti 18 units 7 scale 287.0
RC POS 800 id 4 seat 0 role raid fs 1 body 1 pos 17,2 stuck 0
RC POS 800 id 6 seat 1 role expand fs 0 body 1 pos 13,24 stuck 0
RC POS 800 id 8 seat 2 role expand fs 0 body 1 pos 23,21 stuck 0
RC POS 800 id 10 seat 3 role raid fs 1 body 2 pos 12,5 stuck 0
RC POS 800 id 19 seat 4 role defend fs 0 body 1 pos 6,21 stuck 0
RC POS 801 id 4 seat 0 role raid fs 1 body 1 pos 17,1 stuck 0
RC POS 801 id 6 seat 1 role expand fs 0 body 1 pos 13,23 stuck 0
RC POS 801 id 8 seat 2 role expand fs 0 body 1 pos 23,20 stuck 0
RC POS 801 id 10 seat 3 role raid fs 1 body 2 pos 12,4 stuck 0
RC POS 801 id 19 seat 4 role defend fs 0 body 1 pos 7,21 stuck 0
RC POS 802 id 4 seat 0 role raid fs 1 body 1 pos 16,1 stuck 0
RC POS 802 id 6 seat 1 role expand fs 0 body 1 pos 13,24 stuck 0
RC POS 802 id 8 seat 2 role expand fs 0 body 1 pos 22,20 stuck 0
RC POS 802 id 10 seat 3 role raid fs 1 body 2 pos 12,3 stuck 0
RC POS 802 id 19 seat 4 role defend fs 0 body 1 pos 6,21 stuck 0
RC POS 803 id 4 seat 0 role raid fs 1 body 1 pos 16,1 stuck 1
RC POS 803 id 6 seat 1 role expand fs 0 body 1 pos 13,23 stuck 0
RC POS 803 id 8 seat 2 role expand fs 0 body 1 pos 22,21 stuck 0
RC POS 803 id 10 seat 3 role raid fs 1 body 2 pos 12,4 stuck 0
RC POS 803 id 19 seat 4 role defend fs 0 body 1 pos 7,21 stuck 0
RC POS 804 id 4 seat 0 role raid fs 1 body 1 pos 17,1 stuck 0
RC POS 804 id 6 seat 1 role expand fs 0 body 1 pos 13,24 stuck 0
RC POS 804 id 8 seat 2 role expand fs 0 body 1 pos 23,21 stuck 0
RC POS 804 id 10 seat 3 role raid fs 1 body 2 pos 12,5 stuck 0
RC POS 804 id 19 seat 4 role defend fs 0 body 1 pos 6,21 stuck 0
RC POS 805 id 4 seat 0 role raid fs 1 body 1 pos 17,2 stuck 0
RC POS 805 id 6 seat 1 role expand fs 0 body 1 pos 13,23 stuck 0
RC POS 805 id 8 seat 2 role expand fs 0 body 1 pos 22,21 stuck 0
RC POS 805 id 10 seat 3 role raid fs 1 body 2 pos 12,4 stuck 0
RC POS 805 id 19 seat 4 role defend fs 0 body 1 pos 7,21 stuck 0
RC POS 806 id 4 seat 0 role raid fs 1 body 1 pos 17,1 stuck 0
RC POS 806 id 6 seat 1 role expand fs 0 body 1 pos 13,24 stuck 0
RC POS 806 id 8 seat 2 role expand fs 0 body 1 pos 23,21 stuck 0
RC POS 806 id 10 seat 3 role raid fs 1 body 2 pos 12,3 stuck 0
RC POS 806 id 19 seat 4 role defend fs 0 body 1 pos 6,21 stuck 0
RC POS 807 id 4 seat 0 role raid fs 1 body 1 pos 16,1 stuck 0
RC POS 807 id 6 seat 1 role expand fs 0 body 1 pos 13,23 stuck 0
RC POS 807 id 8 seat 2 role expand fs 0 body 1 pos 22,21 stuck 0
RC POS 807 id 10 seat 3 role raid fs 1 body 2 pos 12,4 stuck 0
RC POS 807 id 19 seat 4 role defend fs 0 body 1 pos 7,21 stuck 0
RC POS 808 id 4 seat 0 role raid fs 1 body 1 pos 16,1 stuck 1
RC POS 808 id 6 seat 1 role expand fs 0 body 1 pos 13,24 stuck 0
RC POS 808 id 8 seat 2 role expand fs 0 body 1 pos 23,21 stuck 0
RC POS 808 id 10 seat 3 role raid fs 1 body 2 pos 12,5 stuck 0
RC POS 808 id 19 seat 4 role defend fs 0 body 1 pos 6,21 stuck 0
RC POS 809 id 4 seat 0 role raid fs 1 body 1 pos 17,1 stuck 0
RC POS 809 id 6 seat 1 role expand fs 0 body 1 pos 13,23 stuck 0
RC POS 809 id 8 seat 2 role expand fs 0 body 1 pos 23,22 stuck 0
RC POS 809 id 10 seat 3 role raid fs 1 body 2 pos 12,4 stuck 0
RC POS 809 id 19 seat 4 role defend fs 0 body 1 pos 7,21 stuck 0
RC POS 810 id 4 seat 0 role raid fs 1 body 1 pos 17,2 stuck 0
RC POS 810 id 6 seat 1 role expand fs 0 body 1 pos 13,24 stuck 0
RC POS 810 id 8 seat 2 role expand fs 0 body 1 pos 22,22 stuck 0
RC POS 810 id 10 seat 3 role raid fs 1 body 2 pos 12,5 stuck 0
RC POS 810 id 19 seat 4 role defend fs 0 body 1 pos 6,21 stuck 0
RC POS 811 id 4 seat 0 role raid fs 1 body 1 pos 17,1 stuck 0
RC POS 811 id 6 seat 1 role expand fs 0 body 1 pos 13,23 stuck 0
RC POS 811 id 8 seat 2 role expand fs 0 body 1 pos 22,21 stuck 0
RC POS 811 id 10 seat 3 role raid fs 1 body 2 pos 12,4 stuck 0
RC POS 811 id 19 seat 4 role defend fs 0 body 1 pos 7,21 stuck 0
RC POS 812 id 4 seat 0 role raid fs 1 body 1 pos 16,1 stuck 0
RC POS 812 id 6 seat 1 role expand fs 0 body 1 pos 13,24 stuck 0
RC POS 812 id 8 seat 2 role expand fs 0 body 1 pos 23,21 stuck 0
RC POS 812 id 10 seat 3 role raid fs 1 body 2 pos 12,3 stuck 0
RC POS 812 id 19 seat 4 role defend fs 0 body 1 pos 6,21 stuck 0
RC POS 813 id 4 seat 0 role raid fs 1 body 1 pos 16,1 stuck 1
RC POS 813 id 6 seat 1 role expand fs 0 body 1 pos 13,23 stuck 0
RC POS 813 id 8 seat 2 role expand fs 0 body 1 pos 23,20 stuck 0
RC POS 813 id 10 seat 3 role raid fs 1 body 2 pos 12,4 stuck 0
RC POS 813 id 19 seat 4 role defend fs 0 body 1 pos 7,21 stuck 0
RC POS 814 id 4 seat 0 role raid fs 1 body 1 pos 17,1 stuck 0
RC POS 814 id 6 seat 1 role expand fs 0 body 1 pos 13,24 stuck 0
RC POS 814 id 8 seat 2 role expand fs 0 body 1 pos 22,20 stuck 0
RC POS 814 id 10 seat 3 role raid fs 1 body 2 pos 12,5 stuck 0
RC POS 814 id 19 seat 4 role defend fs 0 body 1 pos 6,21 stuck 0
RC POS 815 id 4 seat 0 role raid fs 1 body 1 pos 17,2 stuck 0
RC POS 815 id 6 seat 1 role expand fs 0 body 1 pos 13,23 stuck 0
RC POS 815 id 8 seat 2 role expand fs 0 body 1 pos 22,21 stuck 0
RC POS 815 id 10 seat 3 role raid fs 1 body 2 pos 12,4 stuck 0
RC POS 815 id 19 seat 4 role defend fs 0 body 1 pos 7,21 stuck 0
RC POS 816 id 4 seat 0 role raid fs 1 body 1 pos 17,1 stuck 0
RC POS 816 id 6 seat 1 role expand fs 0 body 1 pos 13,24 stuck 0
RC POS 816 id 8 seat 2 role expand fs 0 body 1 pos 23,21 stuck 0
RC POS 816 id 10 seat 3 role raid fs 1 body 2 pos 12,3 stuck 0
RC POS 816 id 19 seat 4 role defend fs 0 body 1 pos 6,21 stuck 0
RC POS 817 id 4 seat 0 role raid fs 1 body 1 pos 16,1 stuck 0
RC POS 817 id 6 seat 1 role expand fs 0 body 1 pos 13,23 stuck 0
RC POS 817 id 8 seat 2 role expand fs 0 body 1 pos 22,21 stuck 0
RC POS 817 id 10 seat 3 role raid fs 1 body 2 pos 12,4 stuck 0
RC POS 817 id 19 seat 4 role defend fs 0 body 1 pos 7,21 stuck 0
RC POS 818 id 4 seat 0 role raid fs 1 body 1 pos 16,1 stuck 1
RC POS 818 id 6 seat 1 role expand fs 0 body 1 pos 13,24 stuck 0
RC POS 818 id 8 seat 2 role expand fs 0 body 1 pos 23,21 stuck 0
RC POS 818 id 10 seat 3 role raid fs 1 body 2 pos 12,5 stuck 0
RC POS 818 id 19 seat 4 role defend fs 0 body 1 pos 6,21 stuck 0
RC POS 819 id 4 seat 0 role raid fs 1 body 1 pos 17,1 stuck 0
RC POS 819 id 6 seat 1 role expand fs 0 body 1 pos 13,23 stuck 0
RC POS 819 id 8 seat 2 role expand fs 0 body 1 pos 22,21 stuck 0
RC POS 819 id 10 seat 3 role raid fs 1 body 2 pos 12,4 stuck 0
RC POS 819 id 19 seat 4 role defend fs 0 body 1 pos 7,21 stuck 0
RC POS 820 id 4 seat 0 role raid fs 1 body 1 pos 17,2 stuck 0
RC POS 820 id 6 seat 1 role expand fs 0 body 1 pos 13,24 stuck 0
RC POS 820 id 8 seat 2 role expand fs 0 body 1 pos 23,21 stuck 0
RC POS 820 id 10 seat 3 role raid fs 1 body 2 pos 12,5 stuck 0
RC POS 820 id 19 seat 4 role defend fs 0 body 1 pos 6,21 stuck 0
RC POS 821 id 4 seat 0 role raid fs 1 body 1 pos 17,1 stuck 0
RC POS 821 id 6 seat 1 role expand fs 0 body 1 pos 13,23 stuck 0
RC POS 821 id 8 seat 2 role expand fs 0 body 1 pos 23,22 stuck 0
RC POS 821 id 10 seat 3 role raid fs 1 body 2 pos 12,4 stuck 0
RC POS 821 id 19 seat 4 role defend fs 0 body 1 pos 7,21 stuck 0
RC POS 822 id 4 seat 0 role raid fs 1 body 1 pos 16,1 stuck 0
RC POS 822 id 6 seat 1 role expand fs 0 body 1 pos 13,24 stuck 0
RC POS 822 id 8 seat 2 role expand fs 0 body 1 pos 22,22 stuck 0
RC POS 822 id 10 seat 3 role raid fs 1 body 2 pos 12,3 stuck 0
RC POS 822 id 19 seat 4 role defend fs 0 body 1 pos 6,21 stuck 0
RC POS 823 id 4 seat 0 role raid fs 1 body 1 pos 16,1 stuck 1
RC POS 823 id 6 seat 1 role expand fs 0 body 1 pos 13,23 stuck 0
RC POS 823 id 8 seat 2 role expand fs 0 body 1 pos 22,21 stuck 0
RC POS 823 id 10 seat 3 role raid fs 1 body 2 pos 12,4 stuck 0
RC POS 823 id 19 seat 4 role defend fs 0 body 1 pos 7,21 stuck 0
RC POS 824 id 4 seat 0 role raid fs 1 body 1 pos 17,1 stuck 0
RC POS 824 id 6 seat 1 role expand fs 0 body 1 pos 13,24 stuck 0
RC POS 824 id 8 seat 2 role expand fs 0 body 1 pos 23,21 stuck 0
RC POS 824 id 10 seat 3 role raid fs 1 body 2 pos 12,5 stuck 0
RC POS 824 id 19 seat 4 role defend fs 0 body 1 pos 6,21 stuck 0
RC ECO 825 harvstore 5 harvseen -1 ti 16 units 7 scale 287.0
RC POS 825 id 4 seat 0 role raid fs 1 body 1 pos 17,2 stuck 0
RC POS 825 id 6 seat 1 role expand fs 0 body 1 pos 13,23 stuck 0
RC POS 825 id 8 seat 2 role expand fs 0 body 1 pos 23,20 stuck 0
RC POS 825 id 10 seat 3 role raid fs 1 body 2 pos 12,4 stuck 0
RC POS 825 id 19 seat 4 role defend fs 0 body 1 pos 7,21 stuck 0
RC POS 826 id 4 seat 0 role raid fs 1 body 1 pos 17,1 stuck 0
RC POS 826 id 6 seat 1 role expand fs 0 body 1 pos 13,24 stuck 0
RC POS 826 id 8 seat 2 role expand fs 0 body 1 pos 22,20 stuck 0
RC POS 826 id 10 seat 3 role raid fs 1 body 2 pos 12,3 stuck 0
RC POS 826 id 19 seat 4 role defend fs 0 body 1 pos 6,21 stuck 0
RC POS 827 id 4 seat 0 role raid fs 1 body 1 pos 16,1 stuck 0
RC POS 827 id 6 seat 1 role expand fs 0 body 1 pos 13,23 stuck 0
RC POS 827 id 8 seat 2 role expand fs 0 body 1 pos 22,21 stuck 0
RC POS 827 id 10 seat 3 role raid fs 1 body 2 pos 12,4 stuck 0
RC POS 827 id 19 seat 4 role defend fs 0 body 1 pos 7,21 stuck 0
RC POS 828 id 4 seat 0 role raid fs 1 body 1 pos 16,1 stuck 1
RC POS 828 id 6 seat 1 role expand fs 0 body 1 pos 13,24 stuck 0
RC POS 828 id 8 seat 2 role expand fs 0 body 1 pos 23,21 stuck 0
RC POS 828 id 10 seat 3 role raid fs 1 body 2 pos 12,5 stuck 0
RC POS 828 id 19 seat 4 role defend fs 0 body 1 pos 6,21 stuck 0
RC POS 829 id 4 seat 0 role raid fs 1 body 1 pos 17,1 stuck 0
RC POS 829 id 6 seat 1 role expand fs 0 body 1 pos 13,23 stuck 0
RC POS 829 id 8 seat 2 role expand fs 0 body 1 pos 22,21 stuck 0
RC POS 829 id 10 seat 3 role raid fs 1 body 2 pos 12,4 stuck 0
RC POS 829 id 19 seat 4 role defend fs 0 body 1 pos 7,21 stuck 0
RC POS 830 id 4 seat 0 role raid fs 1 body 1 pos 17,2 stuck 0
RC POS 830 id 6 seat 1 role expand fs 0 body 1 pos 13,24 stuck 0
RC POS 830 id 8 seat 2 role expand fs 0 body 1 pos 23,21 stuck 0
RC POS 830 id 10 seat 3 role raid fs 1 body 2 pos 12,5 stuck 0
RC POS 830 id 19 seat 4 role defend fs 0 body 1 pos 6,21 stuck 0
RC POS 831 id 4 seat 0 role raid fs 1 body 1 pos 17,1 stuck 0
RC POS 831 id 6 seat 1 role expand fs 0 body 1 pos 13,23 stuck 0
RC POS 831 id 8 seat 2 role expand fs 0 body 1 pos 22,21 stuck 0
RC POS 831 id 10 seat 3 role raid fs 1 body 2 pos 12,4 stuck 0
RC POS 831 id 19 seat 4 role defend fs 0 body 1 pos 7,21 stuck 0
RC POS 832 id 4 seat 0 role raid fs 1 body 1 pos 16,1 stuck 0
RC POS 832 id 6 seat 1 role expand fs 0 body 1 pos 13,24 stuck 0
RC POS 832 id 8 seat 2 role expand fs 0 body 1 pos 23,21 stuck 0
RC POS 832 id 10 seat 3 role raid fs 1 body 2 pos 12,3 stuck 0
RC POS 832 id 19 seat 4 role defend fs 0 body 1 pos 6,21 stuck 0
RC POS 833 id 4 seat 0 role raid fs 1 body 1 pos 16,1 stuck 1
RC POS 833 id 6 seat 1 role expand fs 0 body 1 pos 13,23 stuck 0
RC POS 833 id 8 seat 2 role expand fs 0 body 1 pos 23,22 stuck 0
RC POS 833 id 10 seat 3 role raid fs 1 body 2 pos 12,4 stuck 0
RC POS 833 id 19 seat 4 role defend fs 0 body 1 pos 7,21 stuck 0
RC POS 834 id 4 seat 0 role raid fs 1 body 1 pos 17,1 stuck 0
RC POS 834 id 6 seat 1 role expand fs 0 body 1 pos 13,24 stuck 0
RC POS 834 id 8 seat 2 role expand fs 0 body 1 pos 22,22 stuck 0
RC POS 834 id 10 seat 3 role raid fs 1 body 2 pos 12,5 stuck 0
RC POS 834 id 19 seat 4 role defend fs 0 body 1 pos 6,21 stuck 0
RC POS 835 id 4 seat 0 role raid fs 1 body 1 pos 17,2 stuck 0
RC POS 835 id 6 seat 1 role expand fs 0 body 1 pos 13,23 stuck 0
RC POS 835 id 8 seat 2 role expand fs 0 body 1 pos 22,21 stuck 0
RC POS 835 id 10 seat 3 role raid fs 1 body 2 pos 12,4 stuck 0
RC POS 835 id 19 seat 4 role defend fs 0 body 1 pos 7,21 stuck 0
RC POS 836 id 4 seat 0 role raid fs 1 body 1 pos 17,1 stuck 0
RC POS 836 id 6 seat 1 role expand fs 0 body 1 pos 13,24 stuck 0
RC POS 836 id 8 seat 2 role expand fs 0 body 1 pos 23,21 stuck 0
RC POS 836 id 10 seat 3 role raid fs 1 body 2 pos 12,3 stuck 0
RC POS 836 id 19 seat 4 role defend fs 0 body 1 pos 6,21 stuck 0
RC POS 837 id 4 seat 0 role raid fs 1 body 1 pos 16,1 stuck 0
RC POS 837 id 6 seat 1 role expand fs 0 body 1 pos 13,23 stuck 0
RC POS 837 id 8 seat 2 role expand fs 0 body 1 pos 23,20 stuck 0
RC POS 837 id 10 seat 3 role raid fs 1 body 2 pos 12,4 stuck 0
RC POS 837 id 19 seat 4 role defend fs 0 body 1 pos 7,21 stuck 0
RC POS 838 id 4 seat 0 role raid fs 1 body 1 pos 16,1 stuck 1
RC POS 838 id 6 seat 1 role expand fs 0 body 1 pos 13,24 stuck 0
RC POS 838 id 8 seat 2 role expand fs 0 body 1 pos 22,20 stuck 0
RC POS 838 id 10 seat 3 role raid fs 1 body 2 pos 12,5 stuck 0
RC POS 838 id 19 seat 4 role defend fs 0 body 1 pos 6,21 stuck 0
RC POS 839 id 4 seat 0 role raid fs 1 body 1 pos 17,1 stuck 0
RC POS 839 id 6 seat 1 role expand fs 0 body 1 pos 13,23 stuck 0
RC POS 839 id 8 seat 2 role expand fs 0 body 1 pos 22,21 stuck 0
RC POS 839 id 10 seat 3 role raid fs 1 body 2 pos 12,4 stuck 0
RC POS 839 id 19 seat 4 role defend fs 0 body 1 pos 7,21 stuck 0
RC POS 840 id 4 seat 0 role raid fs 1 body 1 pos 17,2 stuck 0
RC POS 840 id 6 seat 1 role expand fs 0 body 1 pos 13,24 stuck 0
RC POS 840 id 8 seat 2 role expand fs 0 body 1 pos 23,21 stuck 0
RC POS 840 id 10 seat 3 role raid fs 1 body 2 pos 12,5 stuck 0
RC POS 840 id 19 seat 4 role defend fs 0 body 1 pos 6,21 stuck 0
RC POS 841 id 4 seat 0 role raid fs 1 body 1 pos 17,1 stuck 0
RC POS 841 id 6 seat 1 role expand fs 0 body 1 pos 13,23 stuck 0
RC POS 841 id 8 seat 2 role expand fs 0 body 1 pos 22,21 stuck 0
RC POS 841 id 10 seat 3 role raid fs 1 body 2 pos 12,4 stuck 0
RC POS 841 id 19 seat 4 role defend fs 0 body 1 pos 7,21 stuck 0
RC POS 842 id 4 seat 0 role raid fs 1 body 1 pos 16,1 stuck 0
RC POS 842 id 6 seat 1 role expand fs 0 body 1 pos 13,24 stuck 0
RC POS 842 id 8 seat 2 role expand fs 0 body 1 pos 23,21 stuck 0
RC POS 842 id 10 seat 3 role raid fs 1 body 2 pos 12,3 stuck 0
RC POS 842 id 19 seat 4 role defend fs 0 body 1 pos 6,21 stuck 0
RC POS 843 id 4 seat 0 role raid fs 1 body 1 pos 16,1 stuck 1
RC POS 843 id 6 seat 1 role expand fs 0 body 1 pos 13,23 stuck 0
RC POS 843 id 8 seat 2 role expand fs 0 body 1 pos 22,21 stuck 0
RC POS 843 id 10 seat 3 role raid fs 1 body 2 pos 12,4 stuck 0
RC POS 843 id 19 seat 4 role defend fs 0 body 1 pos 7,21 stuck 0
RC POS 844 id 4 seat 0 role raid fs 1 body 1 pos 17,1 stuck 0
RC POS 844 id 6 seat 1 role expand fs 0 body 1 pos 13,24 stuck 0
RC POS 844 id 8 seat 2 role expand fs 0 body 1 pos 23,21 stuck 0
RC POS 844 id 10 seat 3 role raid fs 1 body 2 pos 12,5 stuck 0
RC POS 844 id 19 seat 4 role defend fs 0 body 1 pos 6,21 stuck 0
RC POS 845 id 4 seat 0 role raid fs 1 body 1 pos 17,2 stuck 0
RC POS 845 id 6 seat 1 role expand fs 0 body 1 pos 13,23 stuck 0
RC POS 845 id 8 seat 2 role expand fs 0 body 1 pos 23,22 stuck 0
RC POS 845 id 10 seat 3 role raid fs 1 body 2 pos 12,4 stuck 0
RC POS 845 id 19 seat 4 role defend fs 0 body 1 pos 7,21 stuck 0
RC POS 846 id 4 seat 0 role raid fs 1 body 1 pos 17,1 stuck 0
RC POS 846 id 6 seat 1 role expand fs 0 body 1 pos 13,24 stuck 0
RC POS 846 id 8 seat 2 role expand fs 0 body 1 pos 22,22 stuck 0
RC POS 846 id 10 seat 3 role raid fs 1 body 2 pos 12,3 stuck 0
RC POS 846 id 19 seat 4 role defend fs 0 body 1 pos 6,21 stuck 0
RC POS 847 id 4 seat 0 role raid fs 1 body 1 pos 16,1 stuck 0
RC POS 847 id 6 seat 1 role expand fs 0 body 1 pos 13,23 stuck 0
RC POS 847 id 8 seat 2 role expand fs 0 body 1 pos 22,21 stuck 0
RC POS 847 id 10 seat 3 role raid fs 1 body 2 pos 12,4 stuck 0
RC POS 847 id 19 seat 4 role defend fs 0 body 1 pos 7,21 stuck 0
RC POS 848 id 4 seat 0 role raid fs 1 body 1 pos 16,1 stuck 1
RC POS 848 id 6 seat 1 role expand fs 0 body 1 pos 13,24 stuck 0
RC POS 848 id 8 seat 2 role expand fs 0 body 1 pos 23,21 stuck 0
RC POS 848 id 10 seat 3 role raid fs 1 body 2 pos 12,5 stuck 0
RC POS 848 id 19 seat 4 role defend fs 0 body 1 pos 6,21 stuck 0
RC POS 849 id 4 seat 0 role raid fs 1 body 1 pos 17,1 stuck 0
RC POS 849 id 6 seat 1 role expand fs 0 body 1 pos 13,23 stuck 0
RC POS 849 id 8 seat 2 role expand fs 0 body 1 pos 23,20 stuck 0
RC POS 849 id 10 seat 3 role raid fs 1 body 2 pos 12,4 stuck 0
RC POS 849 id 19 seat 4 role defend fs 0 body 1 pos 7,21 stuck 0
RC ECO 850 harvstore 5 harvseen -1 ti 16 units 7 scale 287.0
RC POS 850 id 4 seat 0 role raid fs 1 body 1 pos 17,2 stuck 0
RC POS 850 id 6 seat 1 role expand fs 0 body 1 pos 13,24 stuck 0
RC POS 850 id 8 seat 2 role expand fs 0 body 1 pos 22,20 stuck 0
RC POS 850 id 10 seat 3 role raid fs 1 body 2 pos 12,5 stuck 0
RC POS 850 id 19 seat 4 role defend fs 0 body 1 pos 6,21 stuck 0
RC POS 851 id 4 seat 0 role raid fs 1 body 1 pos 17,1 stuck 0
RC POS 851 id 6 seat 1 role expand fs 0 body 1 pos 13,23 stuck 0
RC POS 851 id 8 seat 2 role expand fs 0 body 1 pos 22,21 stuck 0
RC POS 851 id 10 seat 3 role raid fs 1 body 2 pos 12,4 stuck 0
RC POS 851 id 19 seat 4 role defend fs 0 body 1 pos 7,21 stuck 0
RC POS 852 id 4 seat 0 role raid fs 1 body 1 pos 16,1 stuck 0
RC POS 852 id 6 seat 1 role expand fs 0 body 1 pos 13,24 stuck 0
RC POS 852 id 8 seat 2 role expand fs 0 body 1 pos 23,21 stuck 0
RC POS 852 id 10 seat 3 role raid fs 1 body 2 pos 12,3 stuck 0
RC POS 852 id 19 seat 4 role defend fs 0 body 1 pos 6,21 stuck 0
RC POS 853 id 4 seat 0 role raid fs 1 body 1 pos 16,1 stuck 1
RC POS 853 id 6 seat 1 role expand fs 0 body 1 pos 13,23 stuck 0
RC POS 853 id 8 seat 2 role expand fs 0 body 1 pos 22,21 stuck 0
RC POS 853 id 10 seat 3 role raid fs 1 body 2 pos 12,4 stuck 0
RC POS 853 id 19 seat 4 role defend fs 0 body 1 pos 7,21 stuck 0
RC POS 854 id 4 seat 0 role raid fs 1 body 1 pos 17,1 stuck 0
RC POS 854 id 6 seat 1 role expand fs 0 body 1 pos 13,24 stuck 0
RC POS 854 id 8 seat 2 role expand fs 0 body 1 pos 23,21 stuck 0
RC POS 854 id 10 seat 3 role raid fs 1 body 2 pos 12,5 stuck 0
RC POS 854 id 19 seat 4 role defend fs 0 body 1 pos 6,21 stuck 0
RC POS 855 id 4 seat 0 role raid fs 1 body 1 pos 17,2 stuck 0
RC POS 855 id 6 seat 1 role expand fs 0 body 1 pos 13,23 stuck 0
RC POS 855 id 8 seat 2 role expand fs 0 body 1 pos 22,21 stuck 0
RC POS 855 id 10 seat 3 role raid fs 1 body 2 pos 12,4 stuck 0
RC POS 855 id 19 seat 4 role defend fs 0 body 1 pos 7,21 stuck 0
RC POS 856 id 4 seat 0 role raid fs 1 body 1 pos 17,1 stuck 0
RC POS 856 id 6 seat 1 role expand fs 0 body 1 pos 13,24 stuck 0
RC POS 856 id 8 seat 2 role expand fs 0 body 1 pos 23,21 stuck 0
RC POS 856 id 10 seat 3 role raid fs 1 body 2 pos 12,3 stuck 0
RC POS 856 id 19 seat 4 role defend fs 0 body 1 pos 6,21 stuck 0
RC POS 857 id 4 seat 0 role raid fs 1 body 1 pos 16,1 stuck 0
RC POS 857 id 6 seat 1 role expand fs 0 body 1 pos 13,23 stuck 0
RC POS 857 id 8 seat 2 role expand fs 0 body 1 pos 23,22 stuck 0
RC POS 857 id 10 seat 3 role raid fs 1 body 2 pos 12,4 stuck 0
RC POS 857 id 19 seat 4 role defend fs 0 body 1 pos 7,21 stuck 0
RC POS 858 id 4 seat 0 role raid fs 1 body 1 pos 16,1 stuck 1
RC POS 858 id 6 seat 1 role expand fs 0 body 1 pos 13,24 stuck 0
RC POS 858 id 8 seat 2 role expand fs 0 body 1 pos 22,22 stuck 0
RC POS 858 id 10 seat 3 role raid fs 1 body 2 pos 12,5 stuck 0
RC POS 858 id 19 seat 4 role defend fs 0 body 1 pos 6,21 stuck 0
RC POS 859 id 4 seat 0 role raid fs 1 body 1 pos 17,1 stuck 0
RC POS 859 id 6 seat 1 role expand fs 0 body 1 pos 13,23 stuck 0
RC POS 859 id 8 seat 2 role expand fs 0 body 1 pos 22,21 stuck 0
RC POS 859 id 10 seat 3 role raid fs 1 body 2 pos 12,4 stuck 0
RC POS 859 id 19 seat 4 role defend fs 0 body 1 pos 7,21 stuck 0
RC POS 860 id 4 seat 0 role raid fs 1 body 1 pos 17,2 stuck 0
RC POS 860 id 6 seat 1 role expand fs 0 body 1 pos 13,24 stuck 0
RC POS 860 id 8 seat 2 role expand fs 0 body 1 pos 23,21 stuck 0
RC POS 860 id 10 seat 3 role raid fs 1 body 2 pos 12,5 stuck 0
RC POS 860 id 19 seat 4 role defend fs 0 body 1 pos 6,21 stuck 0
RC POS 861 id 4 seat 0 role raid fs 1 body 1 pos 17,1 stuck 0
RC POS 861 id 6 seat 1 role expand fs 0 body 1 pos 13,23 stuck 0
RC POS 861 id 8 seat 2 role expand fs 0 body 1 pos 23,20 stuck 0
RC POS 861 id 10 seat 3 role raid fs 1 body 2 pos 12,4 stuck 0
RC POS 861 id 19 seat 4 role defend fs 0 body 1 pos 7,21 stuck 0
RC POS 862 id 4 seat 0 role raid fs 1 body 1 pos 16,1 stuck 0
RC POS 862 id 6 seat 1 role expand fs 0 body 1 pos 13,24 stuck 0
RC POS 862 id 8 seat 2 role expand fs 0 body 1 pos 22,20 stuck 0
RC POS 862 id 10 seat 3 role raid fs 1 body 2 pos 12,3 stuck 0
RC POS 862 id 19 seat 4 role defend fs 0 body 1 pos 6,21 stuck 0
RC POS 863 id 4 seat 0 role raid fs 1 body 1 pos 16,1 stuck 1
RC POS 863 id 6 seat 1 role expand fs 0 body 1 pos 13,23 stuck 0
RC POS 863 id 8 seat 2 role expand fs 0 body 1 pos 22,21 stuck 0
RC POS 863 id 10 seat 3 role raid fs 1 body 2 pos 12,4 stuck 0
RC POS 863 id 19 seat 4 role defend fs 0 body 1 pos 7,21 stuck 0
RC POS 864 id 4 seat 0 role raid fs 1 body 1 pos 17,1 stuck 0
RC POS 864 id 6 seat 1 role expand fs 0 body 1 pos 13,24 stuck 0
RC POS 864 id 8 seat 2 role expand fs 0 body 1 pos 23,21 stuck 0
RC POS 864 id 10 seat 3 role raid fs 1 body 2 pos 12,5 stuck 0
RC POS 864 id 19 seat 4 role defend fs 0 body 1 pos 6,21 stuck 0
RC POS 865 id 4 seat 0 role raid fs 1 body 1 pos 17,2 stuck 0
RC POS 865 id 6 seat 1 role expand fs 0 body 1 pos 13,23 stuck 0
RC POS 865 id 8 seat 2 role expand fs 0 body 1 pos 22,21 stuck 0
RC POS 865 id 10 seat 3 role raid fs 1 body 2 pos 12,4 stuck 0
RC POS 865 id 19 seat 4 role defend fs 0 body 1 pos 7,21 stuck 0
RC POS 866 id 4 seat 0 role raid fs 1 body 1 pos 17,1 stuck 0
RC POS 866 id 6 seat 1 role expand fs 0 body 1 pos 13,24 stuck 0
RC POS 866 id 8 seat 2 role expand fs 0 body 1 pos 23,21 stuck 0
RC POS 866 id 10 seat 3 role raid fs 1 body 2 pos 12,3 stuck 0
RC POS 866 id 19 seat 4 role defend fs 0 body 1 pos 6,21 stuck 0
RC POS 867 id 4 seat 0 role raid fs 1 body 1 pos 16,1 stuck 0
RC POS 867 id 6 seat 1 role expand fs 0 body 1 pos 13,23 stuck 0
RC POS 867 id 8 seat 2 role expand fs 0 body 1 pos 22,21 stuck 0
RC POS 867 id 10 seat 3 role raid fs 1 body 2 pos 12,4 stuck 0
RC POS 867 id 19 seat 4 role defend fs 0 body 1 pos 7,21 stuck 0
RC POS 868 id 4 seat 0 role raid fs 1 body 1 pos 16,1 stuck 1
RC POS 868 id 6 seat 1 role expand fs 0 body 1 pos 13,24 stuck 0
RC POS 868 id 8 seat 2 role expand fs 0 body 1 pos 23,21 stuck 0
RC POS 868 id 10 seat 3 role raid fs 1 body 2 pos 12,5 stuck 0
RC POS 868 id 19 seat 4 role defend fs 0 body 1 pos 6,21 stuck 0
RC POS 869 id 4 seat 0 role raid fs 1 body 1 pos 17,1 stuck 0
RC POS 869 id 6 seat 1 role expand fs 0 body 1 pos 13,23 stuck 0
RC POS 869 id 8 seat 2 role expand fs 0 body 1 pos 23,22 stuck 0
RC POS 869 id 10 seat 3 role raid fs 1 body 2 pos 12,4 stuck 0
RC POS 869 id 19 seat 4 role defend fs 0 body 1 pos 7,21 stuck 0
RC POS 870 id 4 seat 0 role raid fs 1 body 1 pos 17,2 stuck 0
RC POS 870 id 6 seat 1 role expand fs 0 body 1 pos 13,24 stuck 0
RC POS 870 id 8 seat 2 role expand fs 0 body 1 pos 22,22 stuck 0
RC POS 870 id 10 seat 3 role raid fs 1 body 2 pos 12,5 stuck 0
RC POS 870 id 19 seat 4 role defend fs 0 body 1 pos 6,21 stuck 0
RC POS 871 id 4 seat 0 role raid fs 1 body 1 pos 17,1 stuck 0
RC POS 871 id 6 seat 1 role expand fs 0 body 1 pos 13,23 stuck 0
RC POS 871 id 8 seat 2 role expand fs 0 body 1 pos 22,21 stuck 0
RC POS 871 id 10 seat 3 role raid fs 1 body 2 pos 12,4 stuck 0
RC POS 871 id 19 seat 4 role defend fs 0 body 1 pos 7,21 stuck 0
RC POS 872 id 4 seat 0 role raid fs 1 body 1 pos 16,1 stuck 0
RC POS 872 id 6 seat 1 role expand fs 0 body 1 pos 13,24 stuck 0
RC POS 872 id 8 seat 2 role expand fs 0 body 1 pos 23,21 stuck 0
RC POS 872 id 10 seat 3 role raid fs 1 body 2 pos 12,3 stuck 0
RC POS 872 id 19 seat 4 role defend fs 0 body 1 pos 6,21 stuck 0
RC POS 873 id 4 seat 0 role raid fs 1 body 1 pos 16,1 stuck 1
RC POS 873 id 6 seat 1 role expand fs 0 body 1 pos 13,23 stuck 0
RC POS 873 id 8 seat 2 role expand fs 0 body 1 pos 23,20 stuck 0
RC POS 873 id 10 seat 3 role raid fs 1 body 2 pos 12,4 stuck 0
RC POS 873 id 19 seat 4 role defend fs 0 body 1 pos 7,21 stuck 0
RC POS 874 id 4 seat 0 role raid fs 1 body 1 pos 17,1 stuck 0
RC POS 874 id 6 seat 1 role expand fs 0 body 1 pos 13,24 stuck 0
RC POS 874 id 8 seat 2 role expand fs 0 body 1 pos 22,20 stuck 0
RC POS 874 id 10 seat 3 role raid fs 1 body 2 pos 12,5 stuck 0
RC POS 874 id 19 seat 4 role defend fs 0 body 1 pos 6,21 stuck 0
RC ECO 875 harvstore 5 harvseen -1 ti 8 units 7 scale 287.0
RC POS 875 id 4 seat 0 role raid fs 1 body 1 pos 17,2 stuck 0
RC POS 875 id 6 seat 1 role expand fs 0 body 1 pos 13,23 stuck 0
RC POS 875 id 8 seat 2 role expand fs 0 body 1 pos 22,21 stuck 0
RC POS 875 id 10 seat 3 role raid fs 1 body 2 pos 12,4 stuck 0
RC POS 875 id 19 seat 4 role defend fs 0 body 1 pos 7,21 stuck 0
RC POS 876 id 4 seat 0 role raid fs 1 body 1 pos 17,1 stuck 0
RC POS 876 id 6 seat 1 role expand fs 0 body 1 pos 13,24 stuck 0
RC POS 876 id 8 seat 2 role expand fs 0 body 1 pos 23,21 stuck 0
RC POS 876 id 10 seat 3 role raid fs 1 body 2 pos 12,3 stuck 0
RC POS 876 id 19 seat 4 role defend fs 0 body 1 pos 6,21 stuck 0
RC POS 877 id 4 seat 0 role raid fs 1 body 1 pos 16,1 stuck 0
RC POS 877 id 6 seat 1 role expand fs 0 body 1 pos 13,23 stuck 0
RC POS 877 id 8 seat 2 role expand fs 0 body 1 pos 22,21 stuck 0
RC POS 877 id 10 seat 3 role raid fs 1 body 2 pos 12,4 stuck 0
RC POS 877 id 19 seat 4 role defend fs 0 body 1 pos 7,21 stuck 0
RC POS 878 id 4 seat 0 role raid fs 1 body 1 pos 16,1 stuck 1
RC POS 878 id 6 seat 1 role expand fs 0 body 1 pos 13,24 stuck 0
RC POS 878 id 8 seat 2 role expand fs 0 body 1 pos 23,21 stuck 0
RC POS 878 id 10 seat 3 role raid fs 1 body 2 pos 12,5 stuck 0
RC POS 878 id 19 seat 4 role defend fs 0 body 1 pos 6,21 stuck 0
RC POS 879 id 4 seat 0 role raid fs 1 body 1 pos 17,1 stuck 0
RC POS 879 id 6 seat 1 role expand fs 0 body 1 pos 13,23 stuck 0
RC POS 879 id 8 seat 2 role expand fs 0 body 1 pos 22,21 stuck 0
RC POS 879 id 10 seat 3 role raid fs 1 body 2 pos 12,4 stuck 0
RC POS 879 id 19 seat 4 role defend fs 0 body 1 pos 7,21 stuck 0
RC POS 880 id 4 seat 0 role raid fs 1 body 1 pos 17,2 stuck 0
RC POS 880 id 6 seat 1 role expand fs 0 body 1 pos 13,24 stuck 0
RC POS 880 id 8 seat 2 role expand fs 0 body 1 pos 23,21 stuck 0
RC POS 880 id 10 seat 3 role raid fs 1 body 2 pos 12,5 stuck 0
RC POS 880 id 19 seat 4 role defend fs 0 body 1 pos 6,21 stuck 0
RC POS 881 id 4 seat 0 role raid fs 1 body 1 pos 17,1 stuck 0
RC POS 881 id 6 seat 1 role expand fs 0 body 1 pos 13,23 stuck 0
RC POS 881 id 8 seat 2 role expand fs 0 body 1 pos 23,22 stuck 0
RC POS 881 id 10 seat 3 role raid fs 1 body 2 pos 12,4 stuck 0
RC POS 881 id 19 seat 4 role defend fs 0 body 1 pos 7,21 stuck 0
RC POS 882 id 4 seat 0 role raid fs 1 body 1 pos 16,1 stuck 0
RC POS 882 id 6 seat 1 role expand fs 0 body 1 pos 13,24 stuck 0
RC POS 882 id 8 seat 2 role expand fs 0 body 1 pos 22,22 stuck 0
RC POS 882 id 10 seat 3 role raid fs 1 body 2 pos 12,3 stuck 0
RC POS 882 id 19 seat 4 role defend fs 0 body 1 pos 6,21 stuck 0
RC POS 883 id 4 seat 0 role raid fs 1 body 1 pos 16,1 stuck 1
RC POS 883 id 6 seat 1 role expand fs 0 body 1 pos 13,23 stuck 0
RC POS 883 id 8 seat 2 role expand fs 0 body 1 pos 22,21 stuck 0
RC POS 883 id 10 seat 3 role raid fs 1 body 2 pos 12,4 stuck 0
RC POS 883 id 19 seat 4 role defend fs 0 body 1 pos 7,21 stuck 0
RC POS 884 id 4 seat 0 role raid fs 1 body 1 pos 17,1 stuck 0
RC POS 884 id 6 seat 1 role expand fs 0 body 1 pos 13,24 stuck 0
RC POS 884 id 8 seat 2 role expand fs 0 body 1 pos 23,21 stuck 0
RC POS 884 id 10 seat 3 role raid fs 1 body 2 pos 12,5 stuck 0
RC POS 884 id 19 seat 4 role defend fs 0 body 1 pos 6,21 stuck 0
RC POS 885 id 4 seat 0 role raid fs 1 body 1 pos 17,2 stuck 0
RC POS 885 id 6 seat 1 role expand fs 0 body 1 pos 13,23 stuck 0
RC POS 885 id 8 seat 2 role expand fs 0 body 1 pos 23,20 stuck 0
RC POS 885 id 10 seat 3 role raid fs 1 body 2 pos 12,4 stuck 0
RC POS 885 id 19 seat 4 role defend fs 0 body 1 pos 7,21 stuck 0
RC POS 886 id 4 seat 0 role raid fs 1 body 1 pos 17,1 stuck 0
RC POS 886 id 6 seat 1 role expand fs 0 body 1 pos 13,24 stuck 0
RC POS 886 id 8 seat 2 role expand fs 0 body 1 pos 22,20 stuck 0
RC POS 886 id 10 seat 3 role raid fs 1 body 2 pos 12,3 stuck 0
RC POS 886 id 19 seat 4 role defend fs 0 body 1 pos 6,21 stuck 0
RC POS 887 id 4 seat 0 role raid fs 1 body 1 pos 16,1 stuck 0
RC POS 887 id 6 seat 1 role expand fs 0 body 1 pos 13,23 stuck 0
RC POS 887 id 8 seat 2 role expand fs 0 body 1 pos 22,21 stuck 0
RC POS 887 id 10 seat 3 role raid fs 1 body 2 pos 12,3 stuck 1
RC POS 887 id 19 seat 4 role defend fs 0 body 1 pos 7,21 stuck 0
RC POS 888 id 4 seat 0 role raid fs 1 body 1 pos 16,1 stuck 1
RC POS 888 id 6 seat 1 role expand fs 0 body 1 pos 13,24 stuck 0
RC POS 888 id 8 seat 2 role expand fs 0 body 1 pos 23,21 stuck 0
RC POS 888 id 10 seat 3 role raid fs 1 body 2 pos 12,4 stuck 0
RC POS 888 id 19 seat 4 role defend fs 0 body 1 pos 6,21 stuck 0
RC POS 889 id 4 seat 0 role raid fs 1 body 1 pos 17,1 stuck 0
RC POS 889 id 6 seat 1 role expand fs 0 body 1 pos 13,23 stuck 0
RC POS 889 id 8 seat 2 role expand fs 0 body 1 pos 22,21 stuck 0
RC POS 889 id 10 seat 3 role raid fs 1 body 2 pos 12,5 stuck 0
RC POS 889 id 19 seat 4 role defend fs 0 body 1 pos 7,21 stuck 0
RC POS 890 id 4 seat 0 role raid fs 1 body 1 pos 17,2 stuck 0
RC POS 890 id 6 seat 1 role expand fs 0 body 1 pos 13,24 stuck 0
RC POS 890 id 8 seat 2 role expand fs 0 body 1 pos 23,21 stuck 0
RC POS 890 id 10 seat 3 role raid fs 1 body 2 pos 12,4 stuck 0
RC POS 890 id 19 seat 4 role defend fs 0 body 1 pos 6,21 stuck 0
RC POS 891 id 4 seat 0 role raid fs 1 body 1 pos 17,1 stuck 0
RC POS 891 id 6 seat 1 role expand fs 0 body 1 pos 13,23 stuck 0
RC POS 891 id 8 seat 2 role expand fs 0 body 1 pos 22,21 stuck 0
RC POS 891 id 10 seat 3 role raid fs 1 body 2 pos 12,3 stuck 0
RC POS 891 id 19 seat 4 role defend fs 0 body 1 pos 7,21 stuck 0
RC POS 892 id 4 seat 0 role raid fs 1 body 1 pos 16,1 stuck 0
RC POS 892 id 6 seat 1 role expand fs 0 body 1 pos 13,24 stuck 0
RC POS 892 id 8 seat 2 role expand fs 0 body 1 pos 23,21 stuck 0
RC POS 892 id 10 seat 3 role raid fs 1 body 2 pos 12,3 stuck 1
RC POS 892 id 19 seat 4 role defend fs 0 body 1 pos 6,21 stuck 0
RC POS 893 id 4 seat 0 role raid fs 1 body 1 pos 16,1 stuck 1
RC POS 893 id 6 seat 1 role expand fs 0 body 1 pos 13,23 stuck 0
RC POS 893 id 8 seat 2 role expand fs 0 body 1 pos 23,22 stuck 0
RC POS 893 id 10 seat 3 role raid fs 1 body 2 pos 12,4 stuck 0
RC POS 893 id 19 seat 4 role defend fs 0 body 1 pos 7,21 stuck 0
RC POS 894 id 4 seat 0 role raid fs 1 body 1 pos 17,1 stuck 0
RC POS 894 id 6 seat 1 role expand fs 0 body 1 pos 13,24 stuck 0
RC POS 894 id 8 seat 2 role expand fs 0 body 1 pos 22,22 stuck 0
RC POS 894 id 10 seat 3 role raid fs 1 body 2 pos 12,5 stuck 0
RC POS 894 id 19 seat 4 role defend fs 0 body 1 pos 6,21 stuck 0
RC POS 895 id 4 seat 0 role raid fs 1 body 1 pos 17,2 stuck 0
RC POS 895 id 6 seat 1 role expand fs 0 body 1 pos 13,23 stuck 0
RC POS 895 id 8 seat 2 role expand fs 0 body 1 pos 22,21 stuck 0
RC POS 895 id 10 seat 3 role raid fs 1 body 2 pos 12,4 stuck 0
RC POS 895 id 19 seat 4 role defend fs 0 body 1 pos 7,21 stuck 0
RC POS 896 id 4 seat 0 role raid fs 1 body 1 pos 17,1 stuck 0
RC POS 896 id 6 seat 1 role expand fs 0 body 1 pos 13,24 stuck 0
RC POS 896 id 8 seat 2 role expand fs 0 body 1 pos 23,21 stuck 0
RC POS 896 id 10 seat 3 role raid fs 1 body 2 pos 12,3 stuck 0
RC POS 896 id 19 seat 4 role defend fs 0 body 1 pos 6,21 stuck 0
RC POS 897 id 4 seat 0 role raid fs 1 body 1 pos 16,1 stuck 0
RC POS 897 id 6 seat 1 role expand fs 0 body 1 pos 13,23 stuck 0
RC POS 897 id 8 seat 2 role expand fs 0 body 1 pos 23,20 stuck 0
RC POS 897 id 10 seat 3 role raid fs 1 body 2 pos 12,3 stuck 1
RC POS 897 id 19 seat 4 role defend fs 0 body 1 pos 7,21 stuck 0
RC POS 898 id 4 seat 0 role raid fs 1 body 1 pos 16,1 stuck 1
RC POS 898 id 6 seat 1 role expand fs 0 body 1 pos 13,24 stuck 0
RC POS 898 id 8 seat 2 role expand fs 0 body 1 pos 22,20 stuck 0
RC POS 898 id 10 seat 3 role raid fs 1 body 2 pos 12,4 stuck 0
RC POS 898 id 19 seat 4 role defend fs 0 body 1 pos 6,21 stuck 0
RC POS 899 id 4 seat 0 role raid fs 1 body 1 pos 17,1 stuck 0
RC POS 899 id 6 seat 1 role expand fs 0 body 1 pos 13,23 stuck 0
RC POS 899 id 8 seat 2 role expand fs 0 body 1 pos 22,21 stuck 0
RC POS 899 id 10 seat 3 role raid fs 1 body 2 pos 12,5 stuck 0
RC POS 899 id 19 seat 4 role defend fs 0 body 1 pos 7,21 stuck 0
RC ECO 900 harvstore 5 harvseen -1 ti 18 units 7 scale 287.0
RC POS 900 id 4 seat 0 role raid fs 1 body 1 pos 17,2 stuck 0
RC POS 900 id 6 seat 1 role expand fs 0 body 1 pos 13,24 stuck 0
RC POS 900 id 8 seat 2 role expand fs 0 body 1 pos 23,21 stuck 0
RC POS 900 id 10 seat 3 role raid fs 1 body 2 pos 12,4 stuck 0
RC POS 900 id 19 seat 4 role defend fs 0 body 1 pos 6,21 stuck 0
RC POS 901 id 4 seat 0 role raid fs 1 body 1 pos 17,1 stuck 0
RC POS 901 id 6 seat 1 role expand fs 0 body 1 pos 13,23 stuck 0
RC POS 901 id 8 seat 2 role expand fs 0 body 1 pos 22,21 stuck 0
RC POS 901 id 10 seat 3 role raid fs 1 body 2 pos 12,3 stuck 0
RC POS 901 id 19 seat 4 role defend fs 0 body 1 pos 7,21 stuck 0
RC POS 902 id 4 seat 0 role raid fs 1 body 1 pos 16,1 stuck 0
RC POS 902 id 6 seat 1 role expand fs 0 body 1 pos 13,24 stuck 0
RC POS 902 id 8 seat 2 role expand fs 0 body 1 pos 23,21 stuck 0
RC POS 902 id 10 seat 3 role raid fs 1 body 2 pos 12,3 stuck 1
RC POS 902 id 19 seat 4 role defend fs 0 body 1 pos 6,21 stuck 0
RC POS 903 id 4 seat 0 role raid fs 1 body 1 pos 16,1 stuck 1
RC POS 903 id 6 seat 1 role expand fs 0 body 1 pos 13,23 stuck 0
RC POS 903 id 8 seat 2 role expand fs 0 body 1 pos 22,21 stuck 0
RC POS 903 id 10 seat 3 role raid fs 1 body 2 pos 12,4 stuck 0
RC POS 903 id 19 seat 4 role defend fs 0 body 1 pos 7,21 stuck 0
RC POS 904 id 4 seat 0 role raid fs 1 body 1 pos 17,1 stuck 0
RC POS 904 id 6 seat 1 role expand fs 0 body 1 pos 13,24 stuck 0
RC POS 904 id 8 seat 2 role expand fs 0 body 1 pos 23,21 stuck 0
RC POS 904 id 10 seat 3 role raid fs 1 body 2 pos 12,5 stuck 0
RC POS 904 id 19 seat 4 role defend fs 0 body 1 pos 6,21 stuck 0
RC POS 905 id 4 seat 0 role raid fs 1 body 1 pos 17,2 stuck 0
RC POS 905 id 6 seat 1 role expand fs 0 body 1 pos 13,23 stuck 0
RC POS 905 id 8 seat 2 role expand fs 0 body 1 pos 23,22 stuck 0
RC POS 905 id 10 seat 3 role raid fs 1 body 2 pos 12,4 stuck 0
RC POS 905 id 19 seat 4 role defend fs 0 body 1 pos 7,21 stuck 0
RC POS 906 id 4 seat 0 role raid fs 1 body 1 pos 17,1 stuck 0
RC POS 906 id 6 seat 1 role expand fs 0 body 1 pos 13,24 stuck 0
RC POS 906 id 8 seat 2 role expand fs 0 body 1 pos 22,22 stuck 0
RC POS 906 id 10 seat 3 role raid fs 1 body 2 pos 12,3 stuck 0
RC POS 906 id 19 seat 4 role defend fs 0 body 1 pos 6,21 stuck 0
RC POS 907 id 4 seat 0 role raid fs 1 body 1 pos 16,1 stuck 0
RC POS 907 id 6 seat 1 role expand fs 0 body 1 pos 13,23 stuck 0
RC POS 907 id 8 seat 2 role expand fs 0 body 1 pos 22,21 stuck 0
RC POS 907 id 10 seat 3 role raid fs 1 body 2 pos 12,3 stuck 1
RC POS 907 id 19 seat 4 role defend fs 0 body 1 pos 7,21 stuck 0
RC POS 908 id 4 seat 0 role raid fs 1 body 1 pos 16,1 stuck 1
RC POS 908 id 6 seat 1 role expand fs 0 body 1 pos 13,24 stuck 0
RC POS 908 id 8 seat 2 role expand fs 0 body 1 pos 23,21 stuck 0
RC POS 908 id 10 seat 3 role raid fs 1 body 2 pos 12,4 stuck 0
RC POS 908 id 19 seat 4 role defend fs 0 body 1 pos 6,21 stuck 0
RC POS 909 id 4 seat 0 role raid fs 1 body 1 pos 17,1 stuck 0
RC POS 909 id 6 seat 1 role expand fs 0 body 1 pos 13,23 stuck 0
RC POS 909 id 8 seat 2 role expand fs 0 body 1 pos 23,20 stuck 0
RC POS 909 id 10 seat 3 role raid fs 1 body 2 pos 12,5 stuck 0
RC POS 909 id 19 seat 4 role defend fs 0 body 1 pos 7,21 stuck 0
RC POS 910 id 4 seat 0 role raid fs 1 body 1 pos 17,2 stuck 0
RC POS 910 id 6 seat 1 role expand fs 0 body 1 pos 13,24 stuck 0
RC POS 910 id 8 seat 2 role expand fs 0 body 1 pos 22,20 stuck 0
RC POS 910 id 10 seat 3 role raid fs 1 body 2 pos 12,4 stuck 0
RC POS 910 id 19 seat 4 role defend fs 0 body 1 pos 6,21 stuck 0
RC POS 911 id 4 seat 0 role raid fs 1 body 1 pos 17,1 stuck 0
RC POS 911 id 6 seat 1 role expand fs 0 body 1 pos 13,23 stuck 0
RC POS 911 id 8 seat 2 role expand fs 0 body 1 pos 22,21 stuck 0
RC POS 911 id 10 seat 3 role raid fs 1 body 2 pos 12,3 stuck 0
RC POS 911 id 19 seat 4 role defend fs 0 body 1 pos 7,21 stuck 0
RC POS 912 id 4 seat 0 role raid fs 1 body 1 pos 16,1 stuck 0
RC POS 912 id 6 seat 1 role expand fs 0 body 1 pos 13,24 stuck 0
RC POS 912 id 8 seat 2 role expand fs 0 body 1 pos 23,21 stuck 0
RC POS 912 id 10 seat 3 role raid fs 1 body 2 pos 12,3 stuck 1
RC POS 912 id 19 seat 4 role defend fs 0 body 1 pos 6,21 stuck 0
RC POS 913 id 4 seat 0 role raid fs 1 body 1 pos 16,1 stuck 1
RC POS 913 id 6 seat 1 role expand fs 0 body 1 pos 13,23 stuck 0
RC POS 913 id 8 seat 2 role expand fs 0 body 1 pos 22,21 stuck 0
RC POS 913 id 10 seat 3 role raid fs 1 body 2 pos 12,4 stuck 0
RC POS 913 id 19 seat 4 role defend fs 0 body 1 pos 7,21 stuck 0
RC POS 914 id 4 seat 0 role raid fs 1 body 1 pos 17,1 stuck 0
RC POS 914 id 6 seat 1 role expand fs 0 body 1 pos 13,24 stuck 0
RC POS 914 id 8 seat 2 role expand fs 0 body 1 pos 23,21 stuck 0
RC POS 914 id 10 seat 3 role raid fs 1 body 2 pos 12,5 stuck 0
RC POS 914 id 19 seat 4 role defend fs 0 body 1 pos 6,21 stuck 0
RC POS 915 id 4 seat 0 role raid fs 1 body 1 pos 17,2 stuck 0
RC POS 915 id 6 seat 1 role expand fs 0 body 1 pos 13,23 stuck 0
RC POS 915 id 8 seat 2 role expand fs 0 body 1 pos 22,21 stuck 0
RC POS 915 id 10 seat 3 role raid fs 1 body 2 pos 12,4 stuck 0
RC POS 915 id 19 seat 4 role defend fs 0 body 1 pos 7,21 stuck 0
RC POS 916 id 4 seat 0 role raid fs 1 body 1 pos 17,1 stuck 0
RC POS 916 id 6 seat 1 role expand fs 0 body 1 pos 13,24 stuck 0
RC POS 916 id 8 seat 2 role expand fs 0 body 1 pos 23,21 stuck 0
RC POS 916 id 10 seat 3 role raid fs 1 body 2 pos 12,3 stuck 0
RC POS 916 id 19 seat 4 role defend fs 0 body 1 pos 6,21 stuck 0
RC POS 917 id 4 seat 0 role raid fs 1 body 1 pos 16,1 stuck 0
RC POS 917 id 6 seat 1 role expand fs 0 body 1 pos 13,23 stuck 0
RC POS 917 id 8 seat 2 role expand fs 0 body 1 pos 23,22 stuck 0
RC POS 917 id 10 seat 3 role raid fs 1 body 2 pos 12,3 stuck 1
RC POS 917 id 19 seat 4 role defend fs 0 body 1 pos 7,21 stuck 0
RC POS 918 id 4 seat 0 role raid fs 1 body 1 pos 16,1 stuck 1
RC POS 918 id 6 seat 1 role expand fs 0 body 1 pos 13,24 stuck 0
RC POS 918 id 8 seat 2 role expand fs 0 body 1 pos 22,22 stuck 0
RC POS 918 id 10 seat 3 role raid fs 1 body 2 pos 12,4 stuck 0
RC POS 918 id 19 seat 4 role defend fs 0 body 1 pos 6,21 stuck 0
RC POS 919 id 4 seat 0 role raid fs 1 body 1 pos 17,1 stuck 0
RC POS 919 id 6 seat 1 role expand fs 0 body 1 pos 13,23 stuck 0
RC POS 919 id 8 seat 2 role expand fs 0 body 1 pos 22,21 stuck 0
RC POS 919 id 10 seat 3 role raid fs 1 body 2 pos 12,5 stuck 0
RC POS 919 id 19 seat 4 role defend fs 0 body 1 pos 7,21 stuck 0
RC POS 920 id 4 seat 0 role raid fs 1 body 1 pos 17,2 stuck 0
RC POS 920 id 6 seat 1 role expand fs 0 body 1 pos 13,24 stuck 0
RC POS 920 id 8 seat 2 role expand fs 0 body 1 pos 23,21 stuck 0
RC POS 920 id 10 seat 3 role raid fs 1 body 2 pos 12,4 stuck 0
RC POS 920 id 19 seat 4 role defend fs 0 body 1 pos 6,21 stuck 0
RC POS 921 id 4 seat 0 role raid fs 1 body 1 pos 17,1 stuck 0
RC POS 921 id 6 seat 1 role expand fs 0 body 1 pos 13,23 stuck 0
RC POS 921 id 8 seat 2 role expand fs 0 body 1 pos 23,20 stuck 0
RC POS 921 id 10 seat 3 role raid fs 1 body 2 pos 12,3 stuck 0
RC POS 921 id 19 seat 4 role defend fs 0 body 1 pos 7,21 stuck 0
RC POS 922 id 4 seat 0 role raid fs 1 body 1 pos 16,1 stuck 0
RC POS 922 id 6 seat 1 role expand fs 0 body 1 pos 13,24 stuck 0
RC POS 922 id 8 seat 2 role expand fs 0 body 1 pos 22,20 stuck 0
RC POS 922 id 10 seat 3 role raid fs 1 body 2 pos 12,3 stuck 1
RC POS 922 id 19 seat 4 role defend fs 0 body 1 pos 6,21 stuck 0
RC POS 923 id 4 seat 0 role raid fs 1 body 1 pos 16,1 stuck 1
RC POS 923 id 6 seat 1 role expand fs 0 body 1 pos 13,23 stuck 0
RC POS 923 id 8 seat 2 role expand fs 0 body 1 pos 22,21 stuck 0
RC POS 923 id 10 seat 3 role raid fs 1 body 2 pos 12,4 stuck 0
RC POS 923 id 19 seat 4 role defend fs 0 body 1 pos 7,21 stuck 0
RC POS 924 id 4 seat 0 role raid fs 1 body 1 pos 17,1 stuck 0
RC POS 924 id 6 seat 1 role expand fs 0 body 1 pos 13,24 stuck 0
RC POS 924 id 8 seat 2 role expand fs 0 body 1 pos 23,21 stuck 0
RC POS 924 id 10 seat 3 role raid fs 1 body 2 pos 12,5 stuck 0
RC POS 924 id 19 seat 4 role defend fs 0 body 1 pos 6,21 stuck 0
RC ECO 925 harvstore 5 harvseen -1 ti 38 units 7 scale 287.0
RC POS 925 id 4 seat 0 role raid fs 1 body 1 pos 17,2 stuck 0
RC POS 925 id 6 seat 1 role expand fs 0 body 1 pos 13,23 stuck 0
RC POS 925 id 8 seat 2 role expand fs 0 body 1 pos 22,21 stuck 0
RC POS 925 id 10 seat 3 role raid fs 1 body 2 pos 12,4 stuck 0
RC POS 925 id 19 seat 4 role defend fs 0 body 1 pos 7,21 stuck 0
RC POS 926 id 4 seat 0 role raid fs 1 body 1 pos 17,1 stuck 0
RC POS 926 id 6 seat 1 role expand fs 0 body 1 pos 13,24 stuck 0
RC POS 926 id 8 seat 2 role expand fs 0 body 1 pos 23,21 stuck 0
RC POS 926 id 10 seat 3 role raid fs 1 body 2 pos 12,3 stuck 0
RC POS 926 id 19 seat 4 role defend fs 0 body 1 pos 6,21 stuck 0
RC POS 927 id 4 seat 0 role raid fs 1 body 1 pos 16,1 stuck 0
RC POS 927 id 6 seat 1 role expand fs 0 body 1 pos 13,23 stuck 0
RC POS 927 id 8 seat 2 role expand fs 0 body 1 pos 22,21 stuck 0
RC POS 927 id 10 seat 3 role raid fs 1 body 2 pos 12,3 stuck 1
RC POS 927 id 19 seat 4 role defend fs 0 body 1 pos 7,21 stuck 0
RC POS 928 id 4 seat 0 role raid fs 1 body 1 pos 16,1 stuck 1
RC POS 928 id 6 seat 1 role expand fs 0 body 1 pos 13,24 stuck 0
RC POS 928 id 8 seat 2 role expand fs 0 body 1 pos 23,21 stuck 0
RC POS 928 id 10 seat 3 role raid fs 1 body 2 pos 12,4 stuck 0
RC POS 928 id 19 seat 4 role defend fs 0 body 1 pos 6,21 stuck 0
RC POS 929 id 4 seat 0 role raid fs 1 body 1 pos 17,1 stuck 0
RC POS 929 id 6 seat 1 role expand fs 0 body 1 pos 13,23 stuck 0
RC POS 929 id 8 seat 2 role expand fs 0 body 1 pos 23,22 stuck 0
RC POS 929 id 10 seat 3 role raid fs 1 body 2 pos 12,5 stuck 0
RC POS 929 id 19 seat 4 role defend fs 0 body 1 pos 7,21 stuck 0
RC POS 930 id 4 seat 0 role raid fs 1 body 1 pos 17,2 stuck 0
RC POS 930 id 6 seat 1 role expand fs 0 body 1 pos 13,24 stuck 0
RC POS 930 id 8 seat 2 role expand fs 0 body 1 pos 22,22 stuck 0
RC POS 930 id 10 seat 3 role raid fs 1 body 2 pos 12,4 stuck 0
RC POS 930 id 19 seat 4 role defend fs 0 body 1 pos 6,21 stuck 0
RC POS 931 id 4 seat 0 role raid fs 1 body 1 pos 17,1 stuck 0
RC POS 931 id 6 seat 1 role expand fs 0 body 1 pos 13,23 stuck 0
RC POS 931 id 8 seat 2 role expand fs 0 body 1 pos 22,21 stuck 0
RC POS 931 id 10 seat 3 role raid fs 1 body 2 pos 12,3 stuck 0
RC POS 931 id 19 seat 4 role defend fs 0 body 1 pos 7,21 stuck 0
RC POS 932 id 4 seat 0 role raid fs 1 body 1 pos 16,1 stuck 0
RC POS 932 id 6 seat 1 role expand fs 0 body 1 pos 13,24 stuck 0
RC POS 932 id 8 seat 2 role expand fs 0 body 1 pos 23,21 stuck 0
RC POS 932 id 10 seat 3 role raid fs 1 body 2 pos 12,3 stuck 1
RC POS 932 id 19 seat 4 role defend fs 0 body 1 pos 6,21 stuck 0
RC POS 933 id 4 seat 0 role raid fs 1 body 1 pos 16,1 stuck 1
RC POS 933 id 6 seat 1 role expand fs 0 body 1 pos 13,23 stuck 0
RC POS 933 id 8 seat 2 role expand fs 0 body 1 pos 23,20 stuck 0
RC POS 933 id 10 seat 3 role raid fs 1 body 2 pos 12,4 stuck 0
RC POS 933 id 19 seat 4 role defend fs 0 body 1 pos 7,21 stuck 0
RC POS 934 id 4 seat 0 role raid fs 1 body 1 pos 17,1 stuck 0
RC POS 934 id 6 seat 1 role expand fs 0 body 1 pos 13,24 stuck 0
RC POS 934 id 8 seat 2 role expand fs 0 body 1 pos 22,20 stuck 0
RC POS 934 id 10 seat 3 role raid fs 1 body 2 pos 12,5 stuck 0
RC POS 934 id 19 seat 4 role defend fs 0 body 1 pos 6,21 stuck 0
RC POS 935 id 4 seat 0 role raid fs 1 body 1 pos 17,2 stuck 0
RC POS 935 id 6 seat 1 role expand fs 0 body 1 pos 13,23 stuck 0
RC POS 935 id 8 seat 2 role expand fs 0 body 1 pos 22,21 stuck 0
RC POS 935 id 10 seat 3 role raid fs 1 body 2 pos 12,4 stuck 0
RC POS 935 id 19 seat 4 role defend fs 0 body 1 pos 7,21 stuck 0
RC POS 936 id 4 seat 0 role raid fs 1 body 1 pos 17,1 stuck 0
RC POS 936 id 6 seat 1 role expand fs 0 body 1 pos 13,24 stuck 0
RC POS 936 id 8 seat 2 role expand fs 0 body 1 pos 23,21 stuck 0
RC POS 936 id 10 seat 3 role raid fs 1 body 2 pos 12,3 stuck 0
RC POS 936 id 19 seat 4 role defend fs 0 body 1 pos 6,21 stuck 0
RC POS 937 id 4 seat 0 role raid fs 1 body 1 pos 16,1 stuck 0
RC POS 937 id 6 seat 1 role expand fs 0 body 1 pos 13,23 stuck 0
RC POS 937 id 8 seat 2 role expand fs 0 body 1 pos 22,21 stuck 0
RC POS 937 id 10 seat 3 role raid fs 1 body 2 pos 12,3 stuck 1
RC POS 937 id 19 seat 4 role defend fs 0 body 1 pos 7,21 stuck 0
RC POS 938 id 4 seat 0 role raid fs 1 body 1 pos 16,1 stuck 1
RC POS 938 id 6 seat 1 role expand fs 0 body 1 pos 13,24 stuck 0
RC POS 938 id 8 seat 2 role expand fs 0 body 1 pos 23,21 stuck 0
RC POS 938 id 10 seat 3 role raid fs 1 body 2 pos 12,4 stuck 0
RC POS 938 id 19 seat 4 role defend fs 0 body 1 pos 6,21 stuck 0
RC POS 939 id 4 seat 0 role raid fs 1 body 1 pos 17,1 stuck 0
RC POS 939 id 6 seat 1 role expand fs 0 body 1 pos 13,23 stuck 0
RC POS 939 id 8 seat 2 role expand fs 0 body 1 pos 22,21 stuck 0
RC POS 939 id 10 seat 3 role raid fs 1 body 2 pos 12,5 stuck 0
RC POS 939 id 19 seat 4 role defend fs 0 body 1 pos 7,21 stuck 0
RC POS 940 id 4 seat 0 role raid fs 1 body 1 pos 17,2 stuck 0
RC POS 940 id 6 seat 1 role expand fs 0 body 1 pos 13,24 stuck 0
RC POS 940 id 8 seat 2 role expand fs 0 body 1 pos 23,21 stuck 0
RC POS 940 id 10 seat 3 role raid fs 1 body 2 pos 12,4 stuck 0
RC POS 940 id 19 seat 4 role defend fs 0 body 1 pos 6,21 stuck 0
RC POS 941 id 4 seat 0 role raid fs 1 body 1 pos 17,1 stuck 0
RC POS 941 id 6 seat 1 role expand fs 0 body 1 pos 13,23 stuck 0
RC POS 941 id 8 seat 2 role expand fs 0 body 1 pos 23,22 stuck 0
RC POS 941 id 10 seat 3 role raid fs 1 body 2 pos 12,3 stuck 0
RC POS 941 id 19 seat 4 role defend fs 0 body 1 pos 7,21 stuck 0
RC POS 942 id 4 seat 0 role raid fs 1 body 1 pos 16,1 stuck 0
RC POS 942 id 6 seat 1 role expand fs 0 body 1 pos 13,24 stuck 0
RC POS 942 id 8 seat 2 role expand fs 0 body 1 pos 22,22 stuck 0
RC POS 942 id 10 seat 3 role raid fs 1 body 2 pos 12,3 stuck 1
RC POS 942 id 19 seat 4 role defend fs 0 body 1 pos 6,21 stuck 0
RC POS 943 id 4 seat 0 role raid fs 1 body 1 pos 16,1 stuck 1
RC POS 943 id 6 seat 1 role expand fs 0 body 1 pos 13,23 stuck 0
RC POS 943 id 8 seat 2 role expand fs 0 body 1 pos 22,21 stuck 0
RC POS 943 id 10 seat 3 role raid fs 1 body 2 pos 12,4 stuck 0
RC POS 943 id 19 seat 4 role defend fs 0 body 1 pos 7,21 stuck 0
RC POS 944 id 4 seat 0 role raid fs 1 body 1 pos 17,1 stuck 0
RC POS 944 id 6 seat 1 role expand fs 0 body 1 pos 13,24 stuck 0
RC POS 944 id 8 seat 2 role expand fs 0 body 1 pos 23,21 stuck 0
RC POS 944 id 10 seat 3 role raid fs 1 body 2 pos 12,5 stuck 0
RC POS 944 id 19 seat 4 role defend fs 0 body 1 pos 6,21 stuck 0
RC POS 945 id 4 seat 0 role raid fs 1 body 1 pos 17,2 stuck 0
RC POS 945 id 6 seat 1 role expand fs 0 body 1 pos 13,23 stuck 0
RC POS 945 id 8 seat 2 role expand fs 0 body 1 pos 23,20 stuck 0
RC POS 945 id 10 seat 3 role raid fs 1 body 2 pos 12,4 stuck 0
RC POS 945 id 19 seat 4 role defend fs 0 body 1 pos 7,21 stuck 0
RC POS 946 id 4 seat 0 role raid fs 1 body 1 pos 17,1 stuck 0
RC POS 946 id 6 seat 1 role expand fs 0 body 1 pos 13,24 stuck 0
RC POS 946 id 8 seat 2 role expand fs 0 body 1 pos 22,20 stuck 0
RC POS 946 id 10 seat 3 role raid fs 1 body 2 pos 12,3 stuck 0
RC POS 946 id 19 seat 4 role defend fs 0 body 1 pos 6,21 stuck 0
RC POS 947 id 4 seat 0 role raid fs 1 body 1 pos 16,1 stuck 0
RC POS 947 id 6 seat 1 role expand fs 0 body 1 pos 13,23 stuck 0
RC POS 947 id 8 seat 2 role expand fs 0 body 1 pos 22,21 stuck 0
RC POS 947 id 10 seat 3 role raid fs 1 body 2 pos 12,3 stuck 1
RC POS 947 id 19 seat 4 role defend fs 0 body 1 pos 7,21 stuck 0
RC POS 948 id 4 seat 0 role raid fs 1 body 1 pos 16,1 stuck 1
RC POS 948 id 6 seat 1 role expand fs 0 body 1 pos 13,24 stuck 0
RC POS 948 id 8 seat 2 role expand fs 0 body 1 pos 23,21 stuck 0
RC POS 948 id 10 seat 3 role raid fs 1 body 2 pos 12,4 stuck 0
RC POS 948 id 19 seat 4 role defend fs 0 body 1 pos 6,21 stuck 0
RC POS 949 id 4 seat 0 role raid fs 1 body 1 pos 17,1 stuck 0
RC POS 949 id 6 seat 1 role expand fs 0 body 1 pos 13,23 stuck 0
RC POS 949 id 8 seat 2 role expand fs 0 body 1 pos 22,21 stuck 0
RC POS 949 id 10 seat 3 role raid fs 1 body 2 pos 12,5 stuck 0
RC POS 949 id 19 seat 4 role defend fs 0 body 1 pos 7,21 stuck 0
RC ECO 950 harvstore 5 harvseen -1 ti 58 units 7 scale 287.0
RC POS 950 id 4 seat 0 role raid fs 1 body 1 pos 17,2 stuck 0
RC POS 950 id 6 seat 1 role expand fs 0 body 1 pos 13,24 stuck 0
RC POS 950 id 8 seat 2 role expand fs 0 body 1 pos 23,21 stuck 0
RC POS 950 id 10 seat 3 role raid fs 1 body 2 pos 12,4 stuck 0
RC POS 950 id 19 seat 4 role defend fs 0 body 1 pos 6,21 stuck 0
RC POS 951 id 4 seat 0 role raid fs 1 body 1 pos 17,1 stuck 0
RC POS 951 id 6 seat 1 role expand fs 0 body 1 pos 13,23 stuck 0
RC POS 951 id 8 seat 2 role expand fs 0 body 1 pos 22,21 stuck 0
RC POS 951 id 10 seat 3 role raid fs 1 body 2 pos 12,3 stuck 0
RC POS 951 id 19 seat 4 role defend fs 0 body 1 pos 7,21 stuck 0
RC POS 952 id 4 seat 0 role raid fs 1 body 1 pos 16,1 stuck 0
RC POS 952 id 6 seat 1 role expand fs 0 body 1 pos 13,24 stuck 0
RC POS 952 id 8 seat 2 role expand fs 0 body 1 pos 23,21 stuck 0
RC POS 952 id 10 seat 3 role raid fs 1 body 2 pos 12,3 stuck 1
RC POS 952 id 19 seat 4 role defend fs 0 body 1 pos 6,21 stuck 0
RC POS 953 id 4 seat 0 role raid fs 1 body 1 pos 16,1 stuck 1
RC POS 953 id 6 seat 1 role expand fs 0 body 1 pos 13,23 stuck 0
RC POS 953 id 8 seat 2 role expand fs 0 body 1 pos 23,22 stuck 0
RC POS 953 id 10 seat 3 role raid fs 1 body 2 pos 12,4 stuck 0
RC POS 953 id 19 seat 4 role defend fs 0 body 1 pos 7,21 stuck 0
RC POS 954 id 4 seat 0 role raid fs 1 body 1 pos 17,1 stuck 0
RC POS 954 id 6 seat 1 role expand fs 0 body 1 pos 13,24 stuck 0
RC POS 954 id 8 seat 2 role expand fs 0 body 1 pos 22,22 stuck 0
RC POS 954 id 10 seat 3 role raid fs 1 body 2 pos 12,5 stuck 0
RC POS 954 id 19 seat 4 role defend fs 0 body 1 pos 6,21 stuck 0
RC POS 955 id 4 seat 0 role raid fs 1 body 1 pos 17,2 stuck 0
RC POS 955 id 6 seat 1 role expand fs 0 body 1 pos 13,23 stuck 0
RC POS 955 id 8 seat 2 role expand fs 0 body 1 pos 22,21 stuck 0
RC POS 955 id 10 seat 3 role raid fs 1 body 2 pos 12,4 stuck 0
RC POS 955 id 19 seat 4 role defend fs 0 body 1 pos 7,21 stuck 0
RC POS 956 id 4 seat 0 role raid fs 1 body 1 pos 17,1 stuck 0
RC POS 956 id 6 seat 1 role expand fs 0 body 1 pos 13,24 stuck 0
RC POS 956 id 8 seat 2 role expand fs 0 body 1 pos 23,21 stuck 0
RC POS 956 id 10 seat 3 role raid fs 1 body 2 pos 12,3 stuck 0
RC POS 956 id 19 seat 4 role defend fs 0 body 1 pos 6,21 stuck 0
RC POS 957 id 4 seat 0 role raid fs 1 body 1 pos 16,1 stuck 0
RC POS 957 id 6 seat 1 role expand fs 0 body 1 pos 13,23 stuck 0
RC POS 957 id 8 seat 2 role expand fs 0 body 1 pos 23,20 stuck 0
RC POS 957 id 10 seat 3 role raid fs 1 body 2 pos 12,4 stuck 0
RC POS 957 id 19 seat 4 role defend fs 0 body 1 pos 7,21 stuck 0
RC POS 958 id 4 seat 0 role raid fs 1 body 1 pos 16,1 stuck 1
RC POS 958 id 6 seat 1 role expand fs 0 body 1 pos 13,24 stuck 0
RC POS 958 id 8 seat 2 role expand fs 0 body 1 pos 22,20 stuck 0
RC POS 958 id 10 seat 3 role raid fs 1 body 2 pos 12,5 stuck 0
RC POS 958 id 19 seat 4 role defend fs 0 body 1 pos 6,21 stuck 0
RC POS 959 id 4 seat 0 role raid fs 1 body 1 pos 17,1 stuck 0
RC POS 959 id 6 seat 1 role expand fs 0 body 1 pos 13,23 stuck 0
RC POS 959 id 8 seat 2 role expand fs 0 body 1 pos 22,21 stuck 0
RC POS 959 id 10 seat 3 role raid fs 1 body 2 pos 12,4 stuck 0
RC POS 959 id 19 seat 4 role defend fs 0 body 1 pos 7,21 stuck 0
RC POS 960 id 4 seat 0 role raid fs 1 body 1 pos 17,2 stuck 0
RC POS 960 id 6 seat 1 role expand fs 0 body 1 pos 13,24 stuck 0
RC POS 960 id 8 seat 2 role expand fs 0 body 1 pos 23,21 stuck 0
RC POS 960 id 10 seat 3 role raid fs 1 body 2 pos 12,5 stuck 0
RC POS 960 id 19 seat 4 role defend fs 0 body 1 pos 6,21 stuck 0
RC POS 961 id 4 seat 0 role raid fs 1 body 1 pos 17,1 stuck 0
RC POS 961 id 6 seat 1 role expand fs 0 body 1 pos 13,23 stuck 0
RC POS 961 id 8 seat 2 role expand fs 0 body 1 pos 22,21 stuck 0
RC POS 961 id 10 seat 3 role raid fs 1 body 2 pos 12,4 stuck 0
RC POS 961 id 19 seat 4 role defend fs 0 body 1 pos 7,21 stuck 0
RC POS 962 id 4 seat 0 role raid fs 1 body 1 pos 16,1 stuck 0
RC POS 962 id 6 seat 1 role expand fs 0 body 1 pos 13,24 stuck 0
RC POS 962 id 8 seat 2 role expand fs 0 body 1 pos 23,21 stuck 0
RC POS 962 id 10 seat 3 role raid fs 1 body 2 pos 12,3 stuck 0
RC POS 962 id 19 seat 4 role defend fs 0 body 1 pos 6,21 stuck 0
RC POS 963 id 4 seat 0 role raid fs 1 body 1 pos 16,1 stuck 1
RC POS 963 id 6 seat 1 role expand fs 0 body 1 pos 13,23 stuck 0
RC POS 963 id 8 seat 2 role expand fs 0 body 1 pos 22,21 stuck 0
RC POS 963 id 10 seat 3 role raid fs 1 body 2 pos 12,4 stuck 0
RC POS 963 id 19 seat 4 role defend fs 0 body 1 pos 7,21 stuck 0
RC POS 964 id 4 seat 0 role raid fs 1 body 1 pos 17,1 stuck 0
RC POS 964 id 6 seat 1 role expand fs 0 body 1 pos 13,24 stuck 0
RC POS 964 id 8 seat 2 role expand fs 0 body 1 pos 23,21 stuck 0
RC POS 964 id 10 seat 3 role raid fs 1 body 2 pos 12,5 stuck 0
RC POS 964 id 19 seat 4 role defend fs 0 body 1 pos 6,21 stuck 0
RC POS 965 id 4 seat 0 role raid fs 1 body 1 pos 17,2 stuck 0
RC POS 965 id 6 seat 1 role expand fs 0 body 1 pos 13,23 stuck 0
RC POS 965 id 8 seat 2 role expand fs 0 body 1 pos 23,22 stuck 0
RC POS 965 id 10 seat 3 role raid fs 1 body 2 pos 12,4 stuck 0
RC POS 965 id 19 seat 4 role defend fs 0 body 1 pos 7,21 stuck 0
RC POS 966 id 4 seat 0 role raid fs 1 body 1 pos 17,2 stuck 1
RC POS 966 id 6 seat 1 role expand fs 0 body 1 pos 13,24 stuck 0
RC POS 966 id 8 seat 2 role expand fs 0 body 1 pos 22,22 stuck 0
RC POS 966 id 10 seat 3 role raid fs 1 body 2 pos 12,5 stuck 0
RC POS 966 id 19 seat 4 role defend fs 0 body 1 pos 6,21 stuck 0
RC POS 967 id 4 seat 0 role raid fs 1 body 1 pos 17,3 stuck 0
RC POS 967 id 6 seat 1 role expand fs 0 body 1 pos 13,23 stuck 0
RC POS 967 id 8 seat 2 role expand fs 0 body 1 pos 22,21 stuck 0
RC POS 967 id 10 seat 3 role raid fs 1 body 2 pos 12,4 stuck 0
RC POS 967 id 19 seat 4 role defend fs 0 body 1 pos 7,21 stuck 0
RC POS 968 id 4 seat 0 role raid fs 1 body 1 pos 17,4 stuck 0
RC POS 968 id 6 seat 1 role expand fs 0 body 1 pos 13,24 stuck 0
RC POS 968 id 8 seat 2 role expand fs 0 body 1 pos 23,21 stuck 0
RC POS 968 id 10 seat 3 role raid fs 1 body 2 pos 12,5 stuck 0
RC POS 968 id 19 seat 4 role defend fs 0 body 1 pos 6,21 stuck 0
RC POS 969 id 4 seat 0 role raid fs 1 body 1 pos 17,5 stuck 0
RC POS 969 id 6 seat 1 role expand fs 0 body 1 pos 13,23 stuck 0
RC POS 969 id 8 seat 2 role expand fs 0 body 1 pos 23,20 stuck 0
RC POS 969 id 10 seat 3 role raid fs 1 body 2 pos 12,4 stuck 0
RC POS 969 id 19 seat 4 role defend fs 0 body 1 pos 7,21 stuck 0
RC POS 970 id 4 seat 0 role raid fs 1 body 1 pos 17,4 stuck 0
RC POS 970 id 6 seat 1 role expand fs 0 body 1 pos 13,24 stuck 0
RC POS 970 id 8 seat 2 role expand fs 0 body 1 pos 22,20 stuck 0
RC POS 970 id 10 seat 3 role raid fs 1 body 2 pos 12,5 stuck 0
RC POS 970 id 19 seat 4 role defend fs 0 body 1 pos 6,21 stuck 0
RC POS 971 id 4 seat 0 role raid fs 1 body 1 pos 17,5 stuck 0
RC POS 971 id 6 seat 1 role expand fs 0 body 1 pos 13,23 stuck 0
RC POS 971 id 8 seat 2 role expand fs 0 body 1 pos 22,21 stuck 0
RC POS 971 id 10 seat 3 role raid fs 1 body 2 pos 12,4 stuck 0
RC POS 971 id 19 seat 4 role defend fs 0 body 1 pos 7,21 stuck 0
RC POS 972 id 4 seat 0 role raid fs 1 body 1 pos 17,4 stuck 0
RC POS 972 id 6 seat 1 role expand fs 0 body 1 pos 13,24 stuck 0
RC POS 972 id 8 seat 2 role expand fs 0 body 1 pos 23,21 stuck 0
RC POS 972 id 10 seat 3 role raid fs 1 body 2 pos 12,5 stuck 0
RC POS 972 id 19 seat 4 role defend fs 0 body 1 pos 6,21 stuck 0
RC POS 973 id 4 seat 0 role raid fs 1 body 1 pos 17,5 stuck 0
RC POS 973 id 6 seat 1 role expand fs 0 body 1 pos 13,23 stuck 0
RC POS 973 id 8 seat 2 role expand fs 0 body 1 pos 22,21 stuck 0
RC POS 973 id 10 seat 3 role raid fs 1 body 2 pos 12,4 stuck 0
RC POS 973 id 19 seat 4 role defend fs 0 body 1 pos 7,21 stuck 0
RC POS 974 id 4 seat 0 role raid fs 1 body 1 pos 17,4 stuck 0
RC POS 974 id 6 seat 1 role expand fs 0 body 1 pos 13,24 stuck 0
RC POS 974 id 8 seat 2 role expand fs 0 body 1 pos 23,21 stuck 0
RC POS 974 id 10 seat 3 role raid fs 1 body 2 pos 12,5 stuck 0
RC POS 974 id 19 seat 4 role defend fs 0 body 1 pos 6,21 stuck 0
RC ECO 975 harvstore 5 harvseen -1 ti 40 units 7 scale 288.0
RC POS 975 id 4 seat 0 role raid fs 1 body 1 pos 17,5 stuck 0
RC POS 975 id 6 seat 1 role expand fs 0 body 1 pos 13,23 stuck 0
RC POS 975 id 8 seat 2 role expand fs 0 body 1 pos 22,21 stuck 0
RC POS 975 id 10 seat 3 role raid fs 1 body 2 pos 12,4 stuck 0
RC POS 975 id 19 seat 4 role defend fs 0 body 1 pos 7,21 stuck 0
RC POS 976 id 4 seat 0 role raid fs 1 body 1 pos 17,4 stuck 0
RC POS 976 id 6 seat 1 role expand fs 0 body 1 pos 13,24 stuck 0
RC POS 976 id 8 seat 2 role expand fs 0 body 1 pos 23,21 stuck 0
RC POS 976 id 10 seat 3 role raid fs 1 body 2 pos 12,5 stuck 0
RC POS 976 id 19 seat 4 role defend fs 0 body 1 pos 6,21 stuck 0
RC POS 977 id 4 seat 0 role raid fs 1 body 1 pos 17,5 stuck 0
RC POS 977 id 6 seat 1 role expand fs 0 body 1 pos 13,23 stuck 0
RC POS 977 id 8 seat 2 role expand fs 0 body 1 pos 23,22 stuck 0
RC POS 977 id 10 seat 3 role raid fs 1 body 2 pos 12,4 stuck 0
RC POS 977 id 19 seat 4 role defend fs 0 body 1 pos 7,21 stuck 0
RC POS 978 id 4 seat 0 role raid fs 1 body 1 pos 17,4 stuck 0
RC POS 978 id 6 seat 1 role expand fs 0 body 1 pos 13,24 stuck 0
RC POS 978 id 8 seat 2 role expand fs 0 body 1 pos 22,22 stuck 0
RC POS 978 id 10 seat 3 role raid fs 1 body 2 pos 12,5 stuck 0
RC POS 978 id 19 seat 4 role defend fs 0 body 1 pos 6,21 stuck 0
RC POS 979 id 4 seat 0 role raid fs 1 body 1 pos 17,5 stuck 0
RC POS 979 id 6 seat 1 role expand fs 0 body 1 pos 13,23 stuck 0
RC POS 979 id 8 seat 2 role expand fs 0 body 1 pos 22,21 stuck 0
RC POS 979 id 10 seat 3 role raid fs 1 body 2 pos 12,4 stuck 0
RC POS 979 id 19 seat 4 role defend fs 0 body 1 pos 7,21 stuck 0
RC POS 980 id 4 seat 0 role raid fs 1 body 1 pos 17,4 stuck 0
RC POS 980 id 6 seat 1 role expand fs 0 body 1 pos 13,24 stuck 0
RC POS 980 id 8 seat 2 role expand fs 0 body 1 pos 23,21 stuck 0
RC POS 980 id 10 seat 3 role raid fs 1 body 2 pos 12,5 stuck 0
RC POS 980 id 19 seat 4 role defend fs 0 body 1 pos 6,21 stuck 0
RC POS 981 id 4 seat 0 role raid fs 1 body 1 pos 17,5 stuck 0
RC POS 981 id 6 seat 1 role expand fs 0 body 1 pos 13,23 stuck 0
RC POS 981 id 8 seat 2 role expand fs 0 body 1 pos 23,20 stuck 0
RC POS 981 id 10 seat 3 role raid fs 1 body 2 pos 12,4 stuck 0
RC POS 981 id 19 seat 4 role defend fs 0 body 1 pos 7,21 stuck 0
RC POS 982 id 4 seat 0 role raid fs 1 body 1 pos 17,4 stuck 0
RC POS 982 id 6 seat 1 role expand fs 0 body 1 pos 13,24 stuck 0
RC POS 982 id 8 seat 2 role expand fs 0 body 1 pos 23,20 stuck 2
RC POS 982 id 10 seat 3 role raid fs 1 body 2 pos 12,5 stuck 0
RC POS 982 id 19 seat 4 role defend fs 0 body 1 pos 6,21 stuck 0
RC POS 983 id 4 seat 0 role raid fs 1 body 1 pos 17,5 stuck 0
RC POS 983 id 6 seat 1 role expand fs 0 body 1 pos 13,23 stuck 0
RC POS 983 id 8 seat 2 role expand fs 0 body 1 pos 22,20 stuck 0
RC POS 983 id 10 seat 3 role raid fs 1 body 2 pos 12,4 stuck 0
RC POS 983 id 19 seat 4 role defend fs 0 body 1 pos 7,21 stuck 0
RC POS 984 id 4 seat 0 role raid fs 1 body 1 pos 17,4 stuck 0
RC POS 984 id 6 seat 1 role expand fs 0 body 1 pos 13,24 stuck 0
RC POS 984 id 8 seat 2 role expand fs 0 body 1 pos 22,20 stuck 1
RC POS 984 id 10 seat 3 role raid fs 1 body 2 pos 12,5 stuck 0
RC POS 984 id 19 seat 4 role defend fs 0 body 1 pos 6,21 stuck 0
RC POS 985 id 4 seat 0 role raid fs 1 body 1 pos 17,5 stuck 0
RC POS 985 id 6 seat 1 role expand fs 0 body 1 pos 13,23 stuck 0
RC POS 985 id 8 seat 2 role expand fs 0 body 1 pos 22,20 stuck 2
RC POS 985 id 10 seat 3 role raid fs 1 body 2 pos 12,4 stuck 0
RC POS 985 id 19 seat 4 role defend fs 0 body 1 pos 7,21 stuck 0
RC POS 986 id 4 seat 0 role raid fs 1 body 1 pos 17,4 stuck 0
RC POS 986 id 6 seat 1 role expand fs 0 body 1 pos 13,24 stuck 0
RC POS 986 id 8 seat 2 role expand fs 0 body 1 pos 22,20 stuck 3
RC POS 986 id 10 seat 3 role raid fs 1 body 2 pos 12,5 stuck 0
RC POS 986 id 19 seat 4 role defend fs 0 body 1 pos 6,21 stuck 0
RC POS 987 id 4 seat 0 role raid fs 1 body 1 pos 17,5 stuck 0
RC POS 987 id 6 seat 1 role expand fs 0 body 1 pos 13,23 stuck 0
RC POS 987 id 8 seat 2 role expand fs 0 body 1 pos 22,20 stuck 4
RC POS 987 id 10 seat 3 role raid fs 1 body 2 pos 12,4 stuck 0
RC POS 987 id 19 seat 4 role defend fs 0 body 1 pos 7,21 stuck 0
RC POS 988 id 4 seat 0 role raid fs 1 body 1 pos 17,4 stuck 0
RC POS 988 id 6 seat 1 role expand fs 0 body 1 pos 13,24 stuck 0
RC POS 988 id 8 seat 2 role expand fs 0 body 1 pos 22,20 stuck 5
RC POS 988 id 10 seat 3 role raid fs 1 body 2 pos 12,5 stuck 0
RC POS 988 id 19 seat 4 role defend fs 0 body 1 pos 6,21 stuck 0
RC POS 989 id 4 seat 0 role raid fs 1 body 1 pos 17,5 stuck 0
RC POS 989 id 6 seat 1 role expand fs 0 body 1 pos 13,23 stuck 0
RC POS 989 id 8 seat 2 role expand fs 0 body 1 pos 22,20 stuck 6
RC POS 989 id 10 seat 3 role raid fs 1 body 2 pos 12,4 stuck 0
RC POS 989 id 19 seat 4 role defend fs 0 body 1 pos 7,21 stuck 0
RC POS 990 id 4 seat 0 role raid fs 1 body 1 pos 17,4 stuck 0
RC POS 990 id 6 seat 1 role expand fs 0 body 1 pos 13,24 stuck 0
RC POS 990 id 8 seat 2 role expand fs 0 body 1 pos 22,20 stuck 7
RC POS 990 id 10 seat 3 role raid fs 1 body 2 pos 12,4 stuck 1
RC POS 990 id 19 seat 4 role defend fs 0 body 1 pos 6,21 stuck 0
RC POS 991 id 4 seat 0 role raid fs 1 body 1 pos 17,5 stuck 0
RC POS 991 id 6 seat 1 role expand fs 0 body 1 pos 13,23 stuck 0
RC POS 991 id 8 seat 2 role expand fs 0 body 1 pos 22,20 stuck 8
RC POS 991 id 10 seat 3 role raid fs 1 body 2 pos 12,5 stuck 0
RC POS 991 id 19 seat 4 role defend fs 0 body 1 pos 7,21 stuck 0
RC POS 992 id 4 seat 0 role raid fs 1 body 1 pos 17,4 stuck 0
RC POS 992 id 6 seat 1 role expand fs 0 body 1 pos 13,24 stuck 0
RC POS 992 id 8 seat 2 role expand fs 0 body 1 pos 22,20 stuck 9
RC POS 992 id 10 seat 3 role raid fs 1 body 2 pos 12,4 stuck 0
RC POS 992 id 19 seat 4 role defend fs 0 body 1 pos 6,21 stuck 0
RC POS 993 id 4 seat 0 role raid fs 1 body 1 pos 18,4 stuck 0
RC POS 993 id 6 seat 1 role expand fs 0 body 1 pos 13,23 stuck 0
RC POS 993 id 8 seat 2 role expand fs 0 body 1 pos 22,20 stuck 10
RC POS 993 id 10 seat 3 role raid fs 1 body 2 pos 12,5 stuck 0
RC POS 993 id 19 seat 4 role defend fs 0 body 1 pos 7,21 stuck 0
RC POS 994 id 4 seat 0 role raid fs 1 body 1 pos 17,4 stuck 0
RC POS 994 id 6 seat 1 role expand fs 0 body 1 pos 13,24 stuck 0
RC POS 994 id 8 seat 2 role expand fs 0 body 1 pos 22,20 stuck 11
RC POS 994 id 10 seat 3 role raid fs 1 body 2 pos 12,4 stuck 0
RC POS 994 id 19 seat 4 role defend fs 0 body 1 pos 6,21 stuck 0
RC POS 995 id 4 seat 0 role raid fs 1 body 1 pos 17,5 stuck 0
RC POS 995 id 6 seat 1 role expand fs 0 body 1 pos 13,23 stuck 0
RC POS 995 id 8 seat 2 role expand fs 0 body 1 pos 22,20 stuck 12
RC POS 995 id 10 seat 3 role raid fs 1 body 2 pos 12,5 stuck 0
RC POS 995 id 19 seat 4 role defend fs 0 body 1 pos 7,21 stuck 0
RC POS 996 id 4 seat 0 role raid fs 1 body 1 pos 17,4 stuck 0
RC POS 996 id 6 seat 1 role expand fs 0 body 1 pos 13,24 stuck 0
RC POS 996 id 8 seat 2 role expand fs 0 body 1 pos 22,20 stuck 13
RC POS 996 id 10 seat 3 role raid fs 1 body 2 pos 12,4 stuck 0
RC POS 996 id 19 seat 4 role defend fs 0 body 1 pos 6,21 stuck 0
RC POS 997 id 4 seat 0 role raid fs 1 body 1 pos 17,5 stuck 0
RC POS 997 id 6 seat 1 role expand fs 0 body 1 pos 13,23 stuck 0
RC POS 997 id 8 seat 2 role expand fs 0 body 1 pos 22,20 stuck 14
RC POS 997 id 10 seat 3 role raid fs 1 body 2 pos 12,5 stuck 0
RC POS 997 id 19 seat 4 role defend fs 0 body 1 pos 7,21 stuck 0
RC POS 998 id 4 seat 0 role raid fs 1 body 1 pos 17,4 stuck 0
RC POS 998 id 6 seat 1 role expand fs 0 body 1 pos 13,24 stuck 0
RC POS 998 id 8 seat 2 role expand fs 0 body 1 pos 22,20 stuck 15
RC POS 998 id 10 seat 3 role raid fs 1 body 2 pos 12,4 stuck 0
RC POS 998 id 19 seat 4 role defend fs 0 body 1 pos 6,21 stuck 0
RC POS 999 id 4 seat 0 role raid fs 1 body 1 pos 17,5 stuck 0
RC POS 999 id 6 seat 1 role expand fs 0 body 1 pos 13,23 stuck 0
RC POS 999 id 8 seat 2 role expand fs 0 body 1 pos 22,20 stuck 16
RC POS 999 id 10 seat 3 role raid fs 1 body 2 pos 12,5 stuck 0
RC POS 999 id 19 seat 4 role defend fs 0 body 1 pos 7,21 stuck 0
