Update available: 2.3.6 -> 2.3.8. Run: pip install --upgrade fcode
RC MAP w 20 h 20 ours 16,9 theirs 2,9
RC ECO 0 harvstore 0 harvseen -1 ti 500 units 1 scale 100.0
RC ECO 1 harvstore 0 harvseen -1 ti 470 units 2 scale 120.0
RC SEAT 1 id 4 seat 0
RC POS 1 id 4 seat 0 role raid fs 1 body 1 pos 15,9 stuck 0
RC TEMPO 1 id 4 body 1 born 1 lp 0 must 0 why norid ride None ti 434 lcost 28 acd 0 mcd 0 pos 15,9 dsq 144
RC ECO 2 harvstore 0 harvseen -1 ti 434 units 3 scale 140.0
RC POS 2 id 4 seat 0 role raid fs 1 body 1 pos 15,9 stuck 1
RC TEMPO 2 id 4 body 1 born 1 lp 0 must 0 why norid ride None ti 392 lcost 32 acd 0 mcd 0 pos 15,9 dsq 144
RC SEAT 2 id 6 seat 1
RC POS 2 id 6 seat 1 role expand fs 0 body 1 pos 15,8 stuck 0
RC ECO 3 harvstore 0 harvseen -1 ti 392 units 4 scale 160.0
RC POS 3 id 4 seat 0 role raid fs 1 body 1 pos 15,9 stuck 2
RC TEMPO 3 id 4 body 1 born 1 lp 0 must 0 why norid ride None ti 344 lcost 36 acd 0 mcd 0 pos 15,9 dsq 144
RC POS 3 id 6 seat 1 role expand fs 0 body 1 pos 15,7 stuck 0
RC SEAT 3 id 8 seat 2
RC POS 3 id 8 seat 2 role expand fs 0 body 1 pos 16,8 stuck 0
RC ECO 4 harvstore 0 harvseen -1 ti 354 units 5 scale 180.0
RC POS 4 id 4 seat 0 role raid fs 1 body 1 pos 15,9 stuck 3
RC TEMPO 4 id 4 body 1 born 1 lp 0 must 0 why norid ride None ti 354 lcost 36 acd 0 mcd 0 pos 15,9 dsq 144
RC POS 4 id 6 seat 1 role expand fs 0 body 1 pos 14,7 stuck 0
RC POS 4 id 8 seat 2 role expand fs 0 body 1 pos 17,8 stuck 0
RC SEAT 4 id 10 seat 3
APPT520 CLAIM 4 id 10
RC POS 4 id 10 seat 3 role raid fs 1 body 2 pos 15,8 stuck 0
RC TEMPO 4 id 10 body 2 born 4 lp 0 must 0 why norid ride None ti 354 lcost 36 acd 0 mcd 0 pos 15,8 dsq 145
RC ECO 5 harvstore 0 harvseen -1 ti 354 units 5 scale 180.0
RC POS 5 id 4 seat 0 role raid fs 1 body 1 pos 15,9 stuck 4
RC TEMPO 5 id 4 body 1 born 1 lp 0 must 1 why near4 ride None ti 354 lcost 36 acd 0 mcd 0 pos 15,9 dsq 144
RC HOP 5 lid 12 body 1 at 14,9 dsq 121
RC POS 5 id 6 seat 1 role expand fs 0 body 1 pos 14,6 stuck 0
RC POS 5 id 8 seat 2 role expand fs 0 body 1 pos 18,8 stuck 0
RC POS 5 id 10 seat 3 role raid fs 1 body 2 pos 15,7 stuck 0
RC TEMPO 5 id 10 body 2 born 4 lp 0 must 1 why near0 ride None ti 280 lcost 39 acd 0 mcd 0 pos 15,7 dsq 148
RC ECO 6 harvstore 1 harvseen -1 ti 280 units 6 scale 195.0
RC POS 6 id 4 seat 0 role raid fs 1 body 1 pos 15,9 stuck 5
RC TEMPO 6 id 4 body 1 born 1 lp 1 must 1 why near1 ride None ti 280 lcost 39 acd 0 mcd 0 pos 15,9 dsq 144
RC POS 6 id 6 seat 1 role expand fs 0 body 1 pos 14,6 stuck 1
RC POS 6 id 8 seat 2 role expand fs 0 body 1 pos 17,8 stuck 0
RC POS 6 id 10 seat 3 role raid fs 1 body 2 pos 15,8 stuck 0
RC TEMPO 6 id 10 body 2 born 4 lp 1 must 1 why near0 ride None ti 275 lcost 39 acd 0 mcd 0 pos 15,8 dsq 145
RC THROW 6 lid 12 body 4 n 1
RC ECO 7 harvstore 1 harvseen -1 ti 275 units 6 scale 196.0
RC POS 7 id 4 seat 0 role raid fs 1 body 1 pos 11,11 stuck 0
RC TEMPO 7 id 4 body 1 born 1 lp 0 must 0 why near18 ride 6 ti 275 lcost 39 acd 0 mcd 0 pos 11,11 dsq 65
RC POS 7 id 6 seat 1 role expand fs 0 body 1 pos 14,6 stuck 2
RC POS 7 id 8 seat 2 role expand fs 0 body 1 pos 18,8 stuck 0
RC POS 7 id 10 seat 3 role raid fs 1 body 2 pos 14,8 stuck 0
RC TEMPO 7 id 10 body 2 born 4 lp 1 must 1 why near0 ride 6 ti 275 lcost 39 acd 0 mcd 0 pos 14,8 dsq 122
RC THROW 7 lid 12 body 10 n 2
RC ECO 8 harvstore 1 harvseen -1 ti 285 units 5 scale 186.0
RC POS 8 id 4 seat 0 role raid fs 1 body 1 pos 11,12 stuck 0
RC TEMPO 8 id 4 body 1 born 1 lp 0 must 1 why near1 ride 6 ti 285 lcost 37 acd 0 mcd 0 pos 11,12 dsq 68
RC POS 8 id 6 seat 1 role expand fs 0 body 1 pos 15,6 stuck 0
RC POS 8 id 8 seat 2 role expand fs 0 body 1 pos 17,8 stuck 0
RC POS 8 id 10 seat 3 role raid fs 1 body 2 pos 11,11 stuck 0
RC TEMPO 8 id 10 body 2 born 4 lp 0 must 1 why near0 ride 7 ti 280 lcost 37 acd 0 mcd 0 pos 11,11 dsq 65
RC ECO 9 harvstore 1 harvseen -1 ti 280 units 5 scale 187.0
RC POS 9 id 4 seat 0 role raid fs 1 body 1 pos 12,12 stuck 0
RC TEMPO 9 id 4 body 1 born 1 lp 0 must 1 why waitexp ride 6 ti 280 lcost 37 acd 0 mcd 0 pos 12,12 dsq 85
RC HOP 9 lid 17 body 1 at 11,12 dsq 68
RC POS 9 id 6 seat 1 role expand fs 0 body 1 pos 15,6 stuck 1
RC POS 9 id 8 seat 2 role expand fs 0 body 1 pos 16,8 stuck 0
RC POS 9 id 10 seat 3 role raid fs 1 body 2 pos 12,11 stuck 0
RC TEMPO 9 id 10 body 2 born 4 lp 1 must 1 why near0 ride 7 ti 238 lcost 39 acd 0 mcd 0 pos 12,11 dsq 82
RC ECO 10 harvstore 1 harvseen -1 ti 238 units 6 scale 198.0
RC POS 10 id 4 seat 0 role raid fs 1 body 1 pos 12,12 stuck 1
RC TEMPO 10 id 4 body 1 born 1 lp 1 must 1 why waitexp ride 6 ti 238 lcost 39 acd 0 mcd 0 pos 12,12 dsq 85
RC POS 10 id 6 seat 1 role expand fs 0 body 1 pos 15,6 stuck 2
RC POS 10 id 8 seat 2 role expand fs 0 body 1 pos 15,8 stuck 0
RC POS 10 id 10 seat 3 role raid fs 1 body 2 pos 11,11 stuck 0
RC TEMPO 10 id 10 body 2 born 4 lp 1 must 1 why near0 ride 9 ti 238 lcost 39 acd 0 mcd 0 pos 11,11 dsq 65
RC THROW 10 lid 17 body 4 n 1
RC ECO 11 harvstore 1 harvseen -1 ti 238 units 6 scale 198.0
RC POS 11 id 4 seat 0 role raid fs 1 body 1 pos 6,11 stuck 0
RC TEMPO 11 id 4 body 1 born 1 lp 0 must 1 why waitexp ride 10 ti 238 lcost 39 acd 0 mcd 0 pos 6,11 dsq 10
RC HOP 11 lid 25 body 1 at 5,11 dsq 5
RC POS 11 id 6 seat 1 role expand fs 0 body 1 pos 16,6 stuck 0
RC POS 11 id 8 seat 2 role expand fs 0 body 1 pos 15,9 stuck 0
RC POS 11 id 10 seat 3 role raid fs 1 body 2 pos 11,11 stuck 1
RC TEMPO 11 id 10 body 2 born 4 lp 1 must 1 why near0 ride 10 ti 193 lcost 41 acd 0 mcd 0 pos 11,11 dsq 65
RC THROW 11 lid 17 body 10 n 2
RC ECO 12 harvstore 1 harvseen -1 ti 203 units 6 scale 199.0
RC POS 12 id 4 seat 0 role raid fs 1 body 1 pos 6,11 stuck 1
RC TEMPO 12 id 4 body 1 born 1 lp 1 must 1 why waitexp ride 10 ti 203 lcost 39 acd 0 mcd 0 pos 6,11 dsq 10
RC POS 12 id 6 seat 1 role expand fs 0 body 1 pos 16,6 stuck 1
RC POS 12 id 8 seat 2 role expand fs 0 body 1 pos 15,10 stuck 0
RC POS 12 id 10 seat 3 role raid fs 1 body 2 pos 7,11 stuck 0
RC TEMPO 12 id 10 body 2 born 4 lp 0 must 1 why waitexp ride 11 ti 203 lcost 39 acd 0 mcd 0 pos 7,11 dsq 17
RC SPLIT 12 lid 25 body 4 arc 2 n 1
SPLIT520 12 lch (5, 11) body 4 arc 2 to (2, 8) dsq 1 walk 0 n 1
RC ECO 13 harvstore 1 harvseen -1 ti 203 units 6 scale 199.0
RC POS 13 id 4 seat 0 role raid fs 1 body 1 pos 2,8 stuck 0
RC ARRIVE 13 id 4 body 1 dsq 1
ARC520 CLAIM 13 id 4 body 1 arc 2 at (2, 8)
RC POS 13 id 6 seat 1 role expand fs 0 body 1 pos 16,7 stuck 0
RC POS 13 id 8 seat 2 role expand fs 0 body 1 pos 15,11 stuck 0
RC POS 13 id 10 seat 3 role raid fs 1 body 2 pos 7,10 stuck 0
RC TEMPO 13 id 10 body 2 born 4 lp 0 must 1 why waitexp ride 11 ti 192 lcost 40 acd 0 mcd 0 pos 7,10 dsq 16
RC ECO 14 harvstore 1 harvseen -1 ti 152 units 7 scale 221.0
RC POS 14 id 4 seat 0 role raid fs 1 body 1 pos 2,8 stuck 1
RC POS 14 id 6 seat 1 role expand fs 0 body 1 pos 16,7 stuck 1
RC POS 14 id 8 seat 2 role expand fs 0 body 1 pos 15,12 stuck 0
RC POS 14 id 10 seat 3 role raid fs 1 body 2 pos 7,10 stuck 1
RC TEMPO 14 id 10 body 2 born 4 lp 0 must 1 why waitexp ride 11 ti 63 lcost 48 acd 0 mcd 0 pos 7,10 dsq 16
RC SPLIT 14 lid 25 body 10 arc 1 n 2
SPLIT520 14 lch (5, 11) body 10 arc 1 to (4, 8) dsq 2 walk 1 n 2
RC ECO 15 harvstore 1 harvseen -1 ti 73 units 8 scale 242.0
RC POS 15 id 4 seat 0 role raid fs 1 body 1 pos 2,8 stuck 2
RC POS 15 id 6 seat 1 role expand fs 0 body 1 pos 16,8 stuck 0
RC POS 15 id 8 seat 2 role expand fs 0 body 1 pos 14,12 stuck 0
RC POS 15 id 10 seat 3 role raid fs 1 body 2 pos 4,8 stuck 0
RC ARRIVE 15 id 10 body 2 dsq 2
ARC520 CLAIM 15 id 10 body 2 arc 1 at (4, 8)
RC SEAT 15 id 34 seat 4
RC POS 15 id 34 seat 4 role defend fs 0 body 1 pos 18,9 stuck 0
RC ECO 16 harvstore 1 harvseen -1 ti 64 units 8 scale 243.0
RC POS 16 id 4 seat 0 role raid fs 1 body 1 pos 2,7 stuck 0
RC POS 16 id 6 seat 1 role expand fs 0 body 1 pos 15,8 stuck 0
RC POS 16 id 8 seat 2 role expand fs 0 body 1 pos 14,13 stuck 0
RC POS 16 id 10 seat 3 role raid fs 1 body 2 pos 4,8 stuck 1
RC POS 16 id 34 seat 4 role defend fs 0 body 1 pos 18,10 stuck 0
RC ECO 17 harvstore 1 harvseen -1 ti 53 units 8 scale 244.0
RC POS 17 id 4 seat 0 role raid fs 1 body 1 pos 2,7 stuck 1
RC POS 17 id 6 seat 1 role expand fs 0 body 1 pos 15,9 stuck 0
RC POS 17 id 8 seat 2 role expand fs 0 body 1 pos 13,13 stuck 0
RC POS 17 id 10 seat 3 role raid fs 1 body 2 pos 5,8 stuck 0
RC POS 17 id 34 seat 4 role defend fs 0 body 1 pos 18,11 stuck 0
RC ECO 18 harvstore 1 harvseen -1 ti 63 units 8 scale 244.0
RC POS 18 id 4 seat 0 role raid fs 1 body 1 pos 1,7 stuck 0
RC POS 18 id 6 seat 1 role expand fs 0 body 1 pos 15,10 stuck 0
RC POS 18 id 8 seat 2 role expand fs 0 body 1 pos 13,12 stuck 0
RC POS 18 id 10 seat 3 role raid fs 1 body 2 pos 5,9 stuck 0
RC POS 18 id 34 seat 4 role defend fs 0 body 1 pos 17,11 stuck 0
RC ECO 19 harvstore 1 harvseen -1 ti 45 units 8 scale 243.0
RC POS 19 id 4 seat 0 role raid fs 1 body 1 pos 0,7 stuck 0
RC POS 19 id 6 seat 1 role expand fs 0 body 1 pos 15,11 stuck 0
RC POS 19 id 8 seat 2 role expand fs 0 body 1 pos 14,12 stuck 0
RC POS 19 id 10 seat 3 role raid fs 1 body 2 pos 5,10 stuck 0
RC POS 19 id 34 seat 4 role defend fs 0 body 1 pos 16,11 stuck 0
RC ECO 20 harvstore 1 harvseen -1 ti 48 units 8 scale 244.0
RC POS 20 id 4 seat 0 role raid fs 1 body 1 pos 1,7 stuck 0
RC POS 20 id 6 seat 1 role expand fs 0 body 1 pos 15,12 stuck 0
RC POS 20 id 8 seat 2 role expand fs 0 body 1 pos 14,13 stuck 0
RC POS 20 id 10 seat 3 role raid fs 1 body 2 pos 5,10 stuck 1
RC POS 20 id 34 seat 4 role defend fs 0 body 1 pos 15,11 stuck 0
RC ECO 21 harvstore 1 harvseen -1 ti 48 units 8 scale 244.0
RC POS 21 id 4 seat 0 role raid fs 1 body 1 pos 2,7 stuck 0
RC POS 21 id 6 seat 1 role expand fs 0 body 1 pos 15,13 stuck 0
RC POS 21 id 8 seat 2 role expand fs 0 body 1 pos 13,13 stuck 0
RC POS 21 id 10 seat 3 role raid fs 1 body 2 pos 5,9 stuck 0
RC POS 21 id 34 seat 4 role defend fs 0 body 1 pos 14,11 stuck 0
RC ECO 22 harvstore 1 harvseen -1 ti 51 units 8 scale 245.0
RC POS 22 id 4 seat 0 role raid fs 1 body 1 pos 2,7 stuck 1
RC POS 22 id 6 seat 1 role expand fs 0 body 1 pos 15,14 stuck 0
RC POS 22 id 8 seat 2 role expand fs 0 body 1 pos 14,13 stuck 0
RC POS 22 id 10 seat 3 role raid fs 1 body 2 pos 5,10 stuck 0
RC POS 22 id 34 seat 4 role defend fs 0 body 1 pos 14,12 stuck 0
RC ECO 23 harvstore 1 harvseen -1 ti 51 units 8 scale 245.0
RC POS 23 id 4 seat 0 role raid fs 1 body 1 pos 1,7 stuck 0
RC POS 23 id 6 seat 1 role expand fs 0 body 1 pos 16,14 stuck 0
RC POS 23 id 8 seat 2 role expand fs 0 body 1 pos 13,13 stuck 0
RC POS 23 id 10 seat 3 role raid fs 1 body 2 pos 6,10 stuck 0
RC POS 23 id 34 seat 4 role defend fs 0 body 1 pos 14,13 stuck 0
RC ECO 24 harvstore 1 harvseen -1 ti 61 units 8 scale 245.0
RC POS 24 id 4 seat 0 role raid fs 1 body 1 pos 0,7 stuck 0
RC POS 24 id 6 seat 1 role expand fs 0 body 1 pos 16,15 stuck 0
RC POS 24 id 8 seat 2 role expand fs 0 body 1 pos 13,12 stuck 0
RC POS 24 id 10 seat 3 role raid fs 1 body 2 pos 6,11 stuck 0
RC POS 24 id 34 seat 4 role defend fs 0 body 1 pos 15,13 stuck 0
RC ECO 25 harvstore 1 harvseen -1 ti 12 units 9 scale 265.0
RC POS 25 id 4 seat 0 role raid fs 1 body 1 pos 0,8 stuck 0
RC POS 25 id 6 seat 1 role expand fs 0 body 1 pos 15,15 stuck 0
RC POS 25 id 8 seat 2 role expand fs 0 body 1 pos 14,12 stuck 0
RC POS 25 id 10 seat 3 role raid fs 1 body 2 pos 6,12 stuck 0
RC POS 25 id 34 seat 4 role defend fs 0 body 1 pos 15,13 stuck 1
RC ECO 26 harvstore 1 harvseen -1 ti 12 units 9 scale 265.0
RC POS 26 id 4 seat 0 role raid fs 1 body 1 pos 0,9 stuck 0
RC POS 26 id 6 seat 1 role expand fs 0 body 1 pos 15,16 stuck 0
RC POS 26 id 8 seat 2 role expand fs 0 body 1 pos 14,13 stuck 0
RC POS 26 id 10 seat 3 role raid fs 1 body 2 pos 5,12 stuck 0
RC POS 26 id 34 seat 4 role defend fs 0 body 1 pos 15,13 stuck 2
RC ECO 27 harvstore 1 harvseen -1 ti 5 units 9 scale 266.0
RC POS 27 id 4 seat 0 role raid fs 1 body 1 pos 0,9 stuck 1
RC POS 27 id 6 seat 1 role expand fs 0 body 1 pos 15,17 stuck 0
RC POS 27 id 8 seat 2 role expand fs 0 body 1 pos 13,13 stuck 0
RC POS 27 id 10 seat 3 role raid fs 1 body 2 pos 4,12 stuck 0
RC POS 27 id 34 seat 4 role defend fs 0 body 1 pos 16,13 stuck 0
RC ECO 28 harvstore 1 harvseen -1 ti 15 units 9 scale 266.0
RC POS 28 id 4 seat 0 role raid fs 1 body 1 pos 0,10 stuck 0
RC POS 28 id 6 seat 1 role expand fs 0 body 1 pos 15,16 stuck 0
RC POS 28 id 8 seat 2 role expand fs 0 body 1 pos 14,13 stuck 0
RC POS 28 id 10 seat 3 role raid fs 1 body 2 pos 4,11 stuck 0
RC POS 28 id 34 seat 4 role defend fs 0 body 1 pos 15,13 stuck 0
RC ECO 29 harvstore 1 harvseen -1 ti 0 units 9 scale 268.0
RC POS 29 id 4 seat 0 role raid fs 1 body 1 pos 0,10 stuck 1
RC POS 29 id 6 seat 1 role expand fs 0 body 1 pos 15,15 stuck 0
RC POS 29 id 8 seat 2 role expand fs 0 body 1 pos 13,13 stuck 0
RC POS 29 id 10 seat 3 role raid fs 1 body 2 pos 4,11 stuck 1
RC POS 29 id 34 seat 4 role defend fs 0 body 1 pos 14,13 stuck 0
RC ECO 30 harvstore 1 harvseen -1 ti 10 units 9 scale 268.0
RC POS 30 id 4 seat 0 role raid fs 1 body 1 pos 0,11 stuck 0
RC POS 30 id 6 seat 1 role expand fs 0 body 1 pos 15,16 stuck 0
RC POS 30 id 8 seat 2 role expand fs 0 body 1 pos 13,12 stuck 0
RC POS 30 id 10 seat 3 role raid fs 1 body 2 pos 4,12 stuck 0
RC POS 30 id 34 seat 4 role defend fs 0 body 1 pos 15,13 stuck 0
RC ECO 31 harvstore 1 harvseen -1 ti 10 units 9 scale 268.0
RC POS 31 id 4 seat 0 role raid fs 1 body 1 pos 1,11 stuck 0
RC POS 31 id 6 seat 1 role expand fs 0 body 1 pos 16,16 stuck 0
RC POS 31 id 8 seat 2 role expand fs 0 body 1 pos 14,12 stuck 0
RC POS 31 id 10 seat 3 role raid fs 1 body 2 pos 3,12 stuck 0
RC POS 31 id 34 seat 4 role defend fs 0 body 1 pos 14,13 stuck 0
RC ECO 32 harvstore 1 harvseen -1 ti 12 units 9 scale 269.0
RC POS 32 id 4 seat 0 role raid fs 1 body 1 pos 1,11 stuck 1
RC POS 32 id 6 seat 1 role expand fs 0 body 1 pos 17,16 stuck 0
RC POS 32 id 8 seat 2 role expand fs 0 body 1 pos 13,12 stuck 0
RC POS 32 id 10 seat 3 role raid fs 1 body 2 pos 4,12 stuck 0
RC POS 32 id 34 seat 4 role defend fs 0 body 1 pos 15,13 stuck 0
RC ECO 33 harvstore 1 harvseen -1 ti 4 units 9 scale 270.0
RC POS 33 id 4 seat 0 role raid fs 1 body 1 pos 0,11 stuck 0
RC POS 33 id 6 seat 1 role expand fs 0 body 1 pos 17,17 stuck 0
RC POS 33 id 8 seat 2 role expand fs 0 body 1 pos 14,12 stuck 0
RC POS 33 id 10 seat 3 role raid fs 1 body 2 pos 4,12 stuck 1
RC POS 33 id 34 seat 4 role defend fs 0 body 1 pos 16,13 stuck 0
RC ECO 34 harvstore 1 harvseen -1 ti 14 units 9 scale 270.0
RC POS 34 id 4 seat 0 role raid fs 1 body 1 pos 0,10 stuck 0
RC POS 34 id 6 seat 1 role expand fs 0 body 1 pos 16,17 stuck 0
RC POS 34 id 8 seat 2 role expand fs 0 body 1 pos 14,13 stuck 0
RC POS 34 id 10 seat 3 role raid fs 1 body 2 pos 5,12 stuck 0
RC POS 34 id 34 seat 4 role defend fs 0 body 1 pos 17,13 stuck 0
RC ECO 35 harvstore 1 harvseen -1 ti 14 units 9 scale 270.0
RC POS 35 id 4 seat 0 role raid fs 1 body 1 pos 0,9 stuck 0
RC POS 35 id 6 seat 1 role expand fs 0 body 1 pos 17,17 stuck 0
RC POS 35 id 8 seat 2 role expand fs 0 body 1 pos 13,13 stuck 0
RC POS 35 id 10 seat 3 role raid fs 1 body 2 pos 6,12 stuck 0
RC POS 35 id 34 seat 4 role defend fs 0 body 1 pos 16,13 stuck 0
RC ECO 36 harvstore 1 harvseen -1 ti 14 units 9 scale 270.0
RC POS 36 id 4 seat 0 role raid fs 1 body 1 pos 0,8 stuck 0
RC POS 36 id 6 seat 1 role expand fs 0 body 1 pos 17,16 stuck 0
RC POS 36 id 8 seat 2 role expand fs 0 body 1 pos 14,13 stuck 0
RC POS 36 id 10 seat 3 role raid fs 1 body 2 pos 5,12 stuck 0
RC POS 36 id 34 seat 4 role defend fs 0 body 1 pos 17,13 stuck 0
RC ECO 37 harvstore 1 harvseen -1 ti 14 units 9 scale 270.0
RC POS 37 id 4 seat 0 role raid fs 1 body 1 pos 0,7 stuck 0
RC POS 37 id 6 seat 1 role expand fs 0 body 1 pos 17,17 stuck 0
RC POS 37 id 8 seat 2 role expand fs 0 body 1 pos 13,13 stuck 0
RC POS 37 id 10 seat 3 role raid fs 1 body 2 pos 6,12 stuck 0
RC POS 37 id 34 seat 4 role defend fs 0 body 1 pos 16,13 stuck 0
RC ECO 38 harvstore 1 harvseen -1 ti 24 units 9 scale 270.0
RC POS 38 id 4 seat 0 role raid fs 1 body 1 pos 1,7 stuck 0
RC POS 38 id 6 seat 1 role expand fs 0 body 1 pos 17,16 stuck 0
RC POS 38 id 8 seat 2 role expand fs 0 body 1 pos 13,12 stuck 0
RC POS 38 id 10 seat 3 role raid fs 1 body 2 pos 5,12 stuck 0
RC POS 38 id 34 seat 4 role defend fs 0 body 1 pos 17,13 stuck 0
RC ECO 39 harvstore 1 harvseen -1 ti 12 units 9 scale 270.0
RC POS 39 id 4 seat 0 role raid fs 1 body 1 pos 2,7 stuck 0
RC POS 39 id 6 seat 1 role expand fs 0 body 1 pos 17,17 stuck 0
RC POS 39 id 8 seat 2 role expand fs 0 body 1 pos 14,12 stuck 0
RC POS 39 id 10 seat 3 role raid fs 1 body 2 pos 6,12 stuck 0
RC POS 39 id 34 seat 4 role defend fs 0 body 1 pos 17,14 stuck 0
RC ECO 40 harvstore 1 harvseen -1 ti 22 units 9 scale 270.0
RC POS 40 id 4 seat 0 role raid fs 1 body 1 pos 3,7 stuck 0
RC POS 40 id 6 seat 1 role expand fs 0 body 1 pos 16,17 stuck 0
RC POS 40 id 8 seat 2 role expand fs 0 body 1 pos 14,13 stuck 0
RC POS 40 id 10 seat 3 role raid fs 1 body 2 pos 5,12 stuck 0
RC POS 40 id 34 seat 4 role defend fs 0 body 1 pos 16,14 stuck 0
RC ECO 41 harvstore 1 harvseen -1 ti 12 units 9 scale 270.0
RC POS 41 id 4 seat 0 role raid fs 1 body 1 pos 2,7 stuck 0
RC POS 41 id 6 seat 1 role expand fs 0 body 1 pos 17,17 stuck 0
RC POS 41 id 8 seat 2 role expand fs 0 body 1 pos 13,13 stuck 0
RC POS 41 id 10 seat 3 role raid fs 1 body 2 pos 6,12 stuck 0
RC POS 41 id 34 seat 4 role defend fs 0 body 1 pos 15,14 stuck 0
RC ECO 42 harvstore 1 harvseen -1 ti 22 units 9 scale 270.0
RC POS 42 id 4 seat 0 role raid fs 1 body 1 pos 3,7 stuck 0
RC POS 42 id 6 seat 1 role expand fs 0 body 1 pos 17,16 stuck 0
RC POS 42 id 8 seat 2 role expand fs 0 body 1 pos 14,13 stuck 0
RC POS 42 id 10 seat 3 role raid fs 1 body 2 pos 6,11 stuck 0
RC POS 42 id 34 seat 4 role defend fs 0 body 1 pos 14,14 stuck 0
RC ECO 43 harvstore 1 harvseen -1 ti 22 units 9 scale 270.0
RC POS 43 id 4 seat 0 role raid fs 1 body 1 pos 2,7 stuck 0
RC POS 43 id 6 seat 1 role expand fs 0 body 1 pos 17,17 stuck 0
RC POS 43 id 8 seat 2 role expand fs 0 body 1 pos 13,13 stuck 0
RC POS 43 id 10 seat 3 role raid fs 1 body 2 pos 6,12 stuck 0
RC POS 43 id 34 seat 4 role defend fs 0 body 1 pos 14,13 stuck 0
RC ECO 44 harvstore 1 harvseen -1 ti 32 units 9 scale 270.0
RC POS 44 id 4 seat 0 role raid fs 1 body 1 pos 3,7 stuck 0
RC POS 44 id 6 seat 1 role expand fs 0 body 1 pos 17,16 stuck 0
RC POS 44 id 8 seat 2 role expand fs 0 body 1 pos 13,12 stuck 0
RC POS 44 id 10 seat 3 role raid fs 1 body 2 pos 6,11 stuck 0
RC POS 44 id 34 seat 4 role defend fs 0 body 1 pos 13,13 stuck 0
RC ECO 45 harvstore 1 harvseen -1 ti 32 units 9 scale 270.0
RC POS 45 id 4 seat 0 role raid fs 1 body 1 pos 2,7 stuck 0
RC POS 45 id 6 seat 1 role expand fs 0 body 1 pos 17,17 stuck 0
RC POS 45 id 8 seat 2 role expand fs 0 body 1 pos 14,12 stuck 0
RC POS 45 id 10 seat 3 role raid fs 1 body 2 pos 6,12 stuck 0
RC POS 45 id 34 seat 4 role defend fs 0 body 1 pos 14,13 stuck 0
RC ECO 46 harvstore 1 harvseen -1 ti 42 units 9 scale 270.0
RC POS 46 id 4 seat 0 role raid fs 1 body 1 pos 3,7 stuck 0
RC POS 46 id 6 seat 1 role expand fs 0 body 1 pos 16,17 stuck 0
RC POS 46 id 8 seat 2 role expand fs 0 body 1 pos 13,12 stuck 0
RC POS 46 id 10 seat 3 role raid fs 1 body 2 pos 6,11 stuck 0
RC POS 46 id 34 seat 4 role defend fs 0 body 1 pos 13,13 stuck 0
RC ECO 47 harvstore 1 harvseen -1 ti 42 units 9 scale 270.0
RC POS 47 id 4 seat 0 role raid fs 1 body 1 pos 2,7 stuck 0
RC POS 47 id 6 seat 1 role expand fs 0 body 1 pos 17,17 stuck 0
RC POS 47 id 8 seat 2 role expand fs 0 body 1 pos 14,12 stuck 0
RC POS 47 id 10 seat 3 role raid fs 1 body 2 pos 6,12 stuck 0
RC POS 47 id 34 seat 4 role defend fs 0 body 1 pos 14,13 stuck 0
RC ECO 48 harvstore 1 harvseen -1 ti 52 units 9 scale 270.0
RC POS 48 id 4 seat 0 role raid fs 1 body 1 pos 3,7 stuck 0
RC POS 48 id 6 seat 1 role expand fs 0 body 1 pos 17,16 stuck 0
RC POS 48 id 8 seat 2 role expand fs 0 body 1 pos 13,12 stuck 0
RC POS 48 id 10 seat 3 role raid fs 1 body 2 pos 6,11 stuck 0
RC POS 48 id 34 seat 4 role defend fs 0 body 1 pos 13,13 stuck 0
RC ECO 49 harvstore 1 harvseen -1 ti 42 units 9 scale 270.0
RC POS 49 id 4 seat 0 role raid fs 1 body 1 pos 2,7 stuck 0
RC POS 49 id 6 seat 1 role expand fs 0 body 1 pos 17,17 stuck 0
RC POS 49 id 8 seat 2 role expand fs 0 body 1 pos 14,12 stuck 0
RC POS 49 id 10 seat 3 role raid fs 1 body 2 pos 6,12 stuck 0
RC POS 49 id 34 seat 4 role defend fs 0 body 1 pos 14,13 stuck 0
RC ECO 50 harvstore 1 harvseen -1 ti 52 units 9 scale 270.0
RC POS 50 id 4 seat 0 role raid fs 1 body 1 pos 3,7 stuck 0
RC POS 50 id 6 seat 1 role expand fs 0 body 1 pos 17,16 stuck 0
RC POS 50 id 8 seat 2 role expand fs 0 body 1 pos 13,12 stuck 0
RC POS 50 id 10 seat 3 role raid fs 1 body 2 pos 6,11 stuck 0
RC POS 50 id 34 seat 4 role defend fs 0 body 1 pos 13,13 stuck 0
RC ECO 51 harvstore 1 harvseen -1 ti 52 units 9 scale 270.0
RC POS 51 id 4 seat 0 role raid fs 1 body 1 pos 2,7 stuck 0
RC POS 51 id 6 seat 1 role expand fs 0 body 1 pos 17,17 stuck 0
RC POS 51 id 8 seat 2 role expand fs 0 body 1 pos 14,12 stuck 0
RC POS 51 id 10 seat 3 role raid fs 1 body 2 pos 6,12 stuck 0
RC POS 51 id 34 seat 4 role defend fs 0 body 1 pos 14,13 stuck 0
RC ECO 52 harvstore 1 harvseen -1 ti 62 units 9 scale 270.0
RC POS 52 id 4 seat 0 role raid fs 1 body 1 pos 3,7 stuck 0
RC POS 52 id 6 seat 1 role expand fs 0 body 1 pos 16,17 stuck 0
RC POS 52 id 8 seat 2 role expand fs 0 body 1 pos 13,12 stuck 0
RC POS 52 id 10 seat 3 role raid fs 1 body 2 pos 6,11 stuck 0
RC POS 52 id 34 seat 4 role defend fs 0 body 1 pos 13,13 stuck 0
RC ECO 53 harvstore 1 harvseen -1 ti 62 units 9 scale 270.0
RC POS 53 id 4 seat 0 role raid fs 1 body 1 pos 2,7 stuck 0
RC POS 53 id 6 seat 1 role expand fs 0 body 1 pos 17,17 stuck 0
RC POS 53 id 8 seat 2 role expand fs 0 body 1 pos 14,12 stuck 0
RC POS 53 id 10 seat 3 role raid fs 1 body 2 pos 6,12 stuck 0
RC POS 53 id 34 seat 4 role defend fs 0 body 1 pos 14,13 stuck 0
RC ECO 54 harvstore 1 harvseen -1 ti 72 units 9 scale 270.0
RC POS 54 id 4 seat 0 role raid fs 1 body 1 pos 3,7 stuck 0
RC POS 54 id 6 seat 1 role expand fs 0 body 1 pos 17,16 stuck 0
RC POS 54 id 8 seat 2 role expand fs 0 body 1 pos 13,12 stuck 0
RC POS 54 id 10 seat 3 role raid fs 1 body 2 pos 6,11 stuck 0
RC POS 54 id 34 seat 4 role defend fs 0 body 1 pos 13,13 stuck 0
RC ECO 55 harvstore 1 harvseen -1 ti 72 units 9 scale 270.0
RC POS 55 id 4 seat 0 role raid fs 1 body 1 pos 2,7 stuck 0
RC POS 55 id 6 seat 1 role expand fs 0 body 1 pos 17,17 stuck 0
RC POS 55 id 8 seat 2 role expand fs 0 body 1 pos 14,12 stuck 0
RC POS 55 id 10 seat 3 role raid fs 1 body 2 pos 6,12 stuck 0
RC POS 55 id 34 seat 4 role defend fs 0 body 1 pos 14,13 stuck 0
RC ECO 56 harvstore 1 harvseen -1 ti 82 units 9 scale 270.0
RC POS 56 id 4 seat 0 role raid fs 1 body 1 pos 3,7 stuck 0
RC POS 56 id 6 seat 1 role expand fs 0 body 1 pos 17,16 stuck 0
RC POS 56 id 8 seat 2 role expand fs 0 body 1 pos 13,12 stuck 0
RC POS 56 id 10 seat 3 role raid fs 1 body 2 pos 6,11 stuck 0
RC POS 56 id 34 seat 4 role defend fs 0 body 1 pos 13,13 stuck 0
RC ECO 57 harvstore 1 harvseen -1 ti 82 units 9 scale 270.0
RC POS 57 id 4 seat 0 role raid fs 1 body 1 pos 2,7 stuck 0
RC POS 57 id 6 seat 1 role expand fs 0 body 1 pos 17,17 stuck 0
RC POS 57 id 8 seat 2 role expand fs 0 body 1 pos 14,12 stuck 0
RC POS 57 id 10 seat 3 role raid fs 1 body 2 pos 6,12 stuck 0
RC POS 57 id 34 seat 4 role defend fs 0 body 1 pos 14,13 stuck 0
RC ECO 58 harvstore 1 harvseen -1 ti 92 units 9 scale 270.0
RC POS 58 id 4 seat 0 role raid fs 1 body 1 pos 3,7 stuck 0
RC POS 58 id 6 seat 1 role expand fs 0 body 1 pos 16,17 stuck 0
RC POS 58 id 8 seat 2 role expand fs 0 body 1 pos 13,12 stuck 0
RC POS 58 id 10 seat 3 role raid fs 1 body 2 pos 6,11 stuck 0
RC POS 58 id 34 seat 4 role defend fs 0 body 1 pos 13,13 stuck 0
RC ECO 59 harvstore 1 harvseen -1 ti 85 units 9 scale 270.0
RC POS 59 id 4 seat 0 role raid fs 1 body 1 pos 2,7 stuck 0
RC POS 59 id 6 seat 1 role expand fs 0 body 1 pos 17,17 stuck 0
RC POS 59 id 8 seat 2 role expand fs 0 body 1 pos 14,12 stuck 0
RC POS 59 id 10 seat 3 role raid fs 1 body 2 pos 6,12 stuck 0
RC POS 59 id 34 seat 4 role defend fs 0 body 1 pos 14,13 stuck 0
RC ECO 60 harvstore 1 harvseen -1 ti 95 units 9 scale 270.0
RC POS 60 id 4 seat 0 role raid fs 1 body 1 pos 3,7 stuck 0
RC POS 60 id 6 seat 1 role expand fs 0 body 1 pos 17,16 stuck 0
RC POS 60 id 8 seat 2 role expand fs 0 body 1 pos 13,12 stuck 0
RC POS 60 id 10 seat 3 role raid fs 1 body 2 pos 6,11 stuck 0
RC POS 60 id 34 seat 4 role defend fs 0 body 1 pos 13,13 stuck 0
RC POS 61 id 4 seat 0 role raid fs 1 body 1 pos 2,7 stuck 0
RC POS 61 id 6 seat 1 role expand fs 0 body 1 pos 17,17 stuck 0
RC POS 61 id 8 seat 2 role expand fs 0 body 1 pos 14,12 stuck 0
RC POS 61 id 10 seat 3 role raid fs 1 body 2 pos 6,12 stuck 0
RC POS 61 id 34 seat 4 role defend fs 0 body 1 pos 14,13 stuck 0
RC POS 62 id 4 seat 0 role raid fs 1 body 1 pos 2,7 stuck 1
RC POS 62 id 6 seat 1 role expand fs 0 body 1 pos 17,16 stuck 0
RC POS 62 id 8 seat 2 role expand fs 0 body 1 pos 13,12 stuck 0
RC POS 62 id 10 seat 3 role raid fs 1 body 2 pos 6,11 stuck 0
RC POS 62 id 34 seat 4 role defend fs 0 body 1 pos 13,13 stuck 0
RC POS 63 id 4 seat 0 role raid fs 1 body 1 pos 3,7 stuck 0
RC POS 63 id 6 seat 1 role expand fs 0 body 1 pos 17,17 stuck 0
RC POS 63 id 8 seat 2 role expand fs 0 body 1 pos 14,12 stuck 0
RC POS 63 id 10 seat 3 role raid fs 1 body 2 pos 6,12 stuck 0
RC POS 63 id 34 seat 4 role defend fs 0 body 1 pos 14,13 stuck 0
RC POS 64 id 4 seat 0 role raid fs 1 body 1 pos 2,7 stuck 0
RC POS 64 id 6 seat 1 role expand fs 0 body 1 pos 16,17 stuck 0
RC POS 64 id 8 seat 2 role expand fs 0 body 1 pos 13,12 stuck 0
RC POS 64 id 10 seat 3 role raid fs 1 body 2 pos 6,11 stuck 0
RC POS 64 id 34 seat 4 role defend fs 0 body 1 pos 13,13 stuck 0
RC POS 65 id 4 seat 0 role raid fs 1 body 1 pos 3,7 stuck 0
RC POS 65 id 6 seat 1 role expand fs 0 body 1 pos 17,17 stuck 0
RC POS 65 id 8 seat 2 role expand fs 0 body 1 pos 14,12 stuck 0
RC POS 65 id 10 seat 3 role raid fs 1 body 2 pos 6,12 stuck 0
RC POS 65 id 34 seat 4 role defend fs 0 body 1 pos 14,13 stuck 0
RC POS 66 id 4 seat 0 role raid fs 1 body 1 pos 2,7 stuck 0
RC POS 66 id 6 seat 1 role expand fs 0 body 1 pos 17,16 stuck 0
RC POS 66 id 8 seat 2 role expand fs 0 body 1 pos 13,12 stuck 0
RC POS 66 id 10 seat 3 role raid fs 1 body 2 pos 6,11 stuck 0
RC POS 66 id 34 seat 4 role defend fs 0 body 1 pos 13,13 stuck 0
RC POS 67 id 4 seat 0 role raid fs 1 body 1 pos 3,7 stuck 0
RC POS 67 id 6 seat 1 role expand fs 0 body 1 pos 17,17 stuck 0
RC POS 67 id 8 seat 2 role expand fs 0 body 1 pos 14,12 stuck 0
RC POS 67 id 10 seat 3 role raid fs 1 body 2 pos 6,12 stuck 0
RC POS 67 id 34 seat 4 role defend fs 0 body 1 pos 14,13 stuck 0
RC POS 68 id 4 seat 0 role raid fs 1 body 1 pos 2,7 stuck 0
RC POS 68 id 6 seat 1 role expand fs 0 body 1 pos 17,16 stuck 0
RC POS 68 id 8 seat 2 role expand fs 0 body 1 pos 13,12 stuck 0
RC POS 68 id 10 seat 3 role raid fs 1 body 2 pos 6,11 stuck 0
RC POS 68 id 34 seat 4 role defend fs 0 body 1 pos 13,13 stuck 0
RC POS 69 id 4 seat 0 role raid fs 1 body 1 pos 3,7 stuck 0
RC POS 69 id 6 seat 1 role expand fs 0 body 1 pos 17,17 stuck 0
RC POS 69 id 8 seat 2 role expand fs 0 body 1 pos 14,12 stuck 0
RC POS 69 id 10 seat 3 role raid fs 1 body 2 pos 6,12 stuck 0
RC POS 69 id 34 seat 4 role defend fs 0 body 1 pos 14,13 stuck 0
RC POS 70 id 4 seat 0 role raid fs 1 body 1 pos 2,7 stuck 0
RC POS 70 id 6 seat 1 role expand fs 0 body 1 pos 16,17 stuck 0
RC POS 70 id 8 seat 2 role expand fs 0 body 1 pos 13,12 stuck 0
RC POS 70 id 10 seat 3 role raid fs 1 body 2 pos 6,11 stuck 0
RC POS 70 id 34 seat 4 role defend fs 0 body 1 pos 13,13 stuck 0
RC POS 71 id 4 seat 0 role raid fs 1 body 1 pos 3,7 stuck 0
RC POS 71 id 6 seat 1 role expand fs 0 body 1 pos 17,17 stuck 0
RC POS 71 id 8 seat 2 role expand fs 0 body 1 pos 14,12 stuck 0
RC POS 71 id 10 seat 3 role raid fs 1 body 2 pos 6,12 stuck 0
RC POS 71 id 34 seat 4 role defend fs 0 body 1 pos 14,13 stuck 0
RC POS 72 id 4 seat 0 role raid fs 1 body 1 pos 2,7 stuck 0
RC POS 72 id 6 seat 1 role expand fs 0 body 1 pos 17,16 stuck 0
RC POS 72 id 8 seat 2 role expand fs 0 body 1 pos 13,12 stuck 0
RC POS 72 id 10 seat 3 role raid fs 1 body 2 pos 6,11 stuck 0
RC POS 72 id 34 seat 4 role defend fs 0 body 1 pos 13,13 stuck 0
RC POS 73 id 4 seat 0 role raid fs 1 body 1 pos 3,7 stuck 0
RC POS 73 id 6 seat 1 role expand fs 0 body 1 pos 17,17 stuck 0
RC POS 73 id 8 seat 2 role expand fs 0 body 1 pos 14,12 stuck 0
RC POS 73 id 10 seat 3 role raid fs 1 body 2 pos 6,12 stuck 0
RC POS 73 id 34 seat 4 role defend fs 0 body 1 pos 14,13 stuck 0
RC POS 74 id 4 seat 0 role raid fs 1 body 1 pos 2,7 stuck 0
RC POS 74 id 6 seat 1 role expand fs 0 body 1 pos 17,16 stuck 0
RC POS 74 id 8 seat 2 role expand fs 0 body 1 pos 13,12 stuck 0
RC POS 74 id 10 seat 3 role raid fs 1 body 2 pos 6,11 stuck 0
RC POS 74 id 34 seat 4 role defend fs 0 body 1 pos 13,13 stuck 0
RC ECO 75 harvstore 1 harvseen -1 ti 84 units 9 scale 269.0
RC POS 75 id 4 seat 0 role raid fs 1 body 1 pos 3,7 stuck 0
RC POS 75 id 6 seat 1 role expand fs 0 body 1 pos 17,17 stuck 0
RC POS 75 id 8 seat 2 role expand fs 0 body 1 pos 14,12 stuck 0
RC POS 75 id 10 seat 3 role raid fs 1 body 2 pos 6,12 stuck 0
RC POS 75 id 34 seat 4 role defend fs 0 body 1 pos 14,13 stuck 0
RC POS 76 id 4 seat 0 role raid fs 1 body 1 pos 2,7 stuck 0
RC POS 76 id 6 seat 1 role expand fs 0 body 1 pos 16,17 stuck 0
RC POS 76 id 8 seat 2 role expand fs 0 body 1 pos 13,12 stuck 0
RC POS 76 id 10 seat 3 role raid fs 1 body 2 pos 6,11 stuck 0
RC POS 76 id 34 seat 4 role defend fs 0 body 1 pos 13,13 stuck 0
RC POS 77 id 4 seat 0 role raid fs 1 body 1 pos 3,7 stuck 0
RC POS 77 id 6 seat 1 role expand fs 0 body 1 pos 17,17 stuck 0
RC POS 77 id 8 seat 2 role expand fs 0 body 1 pos 14,12 stuck 0
RC POS 77 id 10 seat 3 role raid fs 1 body 2 pos 6,12 stuck 0
RC POS 77 id 34 seat 4 role defend fs 0 body 1 pos 14,13 stuck 0
RC POS 78 id 4 seat 0 role raid fs 1 body 1 pos 2,7 stuck 0
RC POS 78 id 6 seat 1 role expand fs 0 body 1 pos 17,16 stuck 0
RC POS 78 id 8 seat 2 role expand fs 0 body 1 pos 13,12 stuck 0
RC POS 78 id 10 seat 3 role raid fs 1 body 2 pos 6,11 stuck 0
RC POS 78 id 34 seat 4 role defend fs 0 body 1 pos 13,13 stuck 0
RC POS 79 id 4 seat 0 role raid fs 1 body 1 pos 3,7 stuck 0
RC POS 79 id 6 seat 1 role expand fs 0 body 1 pos 17,17 stuck 0
RC POS 79 id 8 seat 2 role expand fs 0 body 1 pos 14,12 stuck 0
RC POS 79 id 10 seat 3 role raid fs 1 body 2 pos 6,12 stuck 0
RC POS 79 id 34 seat 4 role defend fs 0 body 1 pos 14,13 stuck 0
RC POS 80 id 4 seat 0 role raid fs 1 body 1 pos 2,7 stuck 0
RC POS 80 id 6 seat 1 role expand fs 0 body 1 pos 17,16 stuck 0
RC POS 80 id 8 seat 2 role expand fs 0 body 1 pos 13,12 stuck 0
RC POS 80 id 10 seat 3 role raid fs 1 body 2 pos 6,11 stuck 0
RC POS 80 id 34 seat 4 role defend fs 0 body 1 pos 13,13 stuck 0
RC POS 81 id 4 seat 0 role raid fs 1 body 1 pos 3,7 stuck 0
RC POS 81 id 6 seat 1 role expand fs 0 body 1 pos 17,17 stuck 0
RC POS 81 id 8 seat 2 role expand fs 0 body 1 pos 14,12 stuck 0
RC POS 81 id 10 seat 3 role raid fs 1 body 2 pos 6,12 stuck 0
RC POS 81 id 34 seat 4 role defend fs 0 body 1 pos 14,13 stuck 0
RC POS 82 id 4 seat 0 role raid fs 1 body 1 pos 2,7 stuck 0
RC POS 82 id 6 seat 1 role expand fs 0 body 1 pos 16,17 stuck 0
RC POS 82 id 8 seat 2 role expand fs 0 body 1 pos 13,12 stuck 0
RC POS 82 id 10 seat 3 role raid fs 1 body 2 pos 6,11 stuck 0
RC POS 82 id 34 seat 4 role defend fs 0 body 1 pos 13,13 stuck 0
RC POS 83 id 4 seat 0 role raid fs 1 body 1 pos 3,7 stuck 0
RC POS 83 id 6 seat 1 role expand fs 0 body 1 pos 17,17 stuck 0
RC POS 83 id 8 seat 2 role expand fs 0 body 1 pos 14,12 stuck 0
RC POS 83 id 10 seat 3 role raid fs 1 body 2 pos 6,12 stuck 0
RC POS 83 id 34 seat 4 role defend fs 0 body 1 pos 14,13 stuck 0
RC POS 84 id 4 seat 0 role raid fs 1 body 1 pos 2,7 stuck 0
RC POS 84 id 6 seat 1 role expand fs 0 body 1 pos 17,16 stuck 0
RC POS 84 id 8 seat 2 role expand fs 0 body 1 pos 13,12 stuck 0
RC POS 84 id 10 seat 3 role raid fs 1 body 2 pos 6,11 stuck 0
RC POS 84 id 34 seat 4 role defend fs 0 body 1 pos 13,13 stuck 0
RC POS 85 id 6 seat 1 role expand fs 0 body 1 pos 17,17 stuck 0
RC POS 85 id 8 seat 2 role expand fs 0 body 1 pos 14,12 stuck 0
RC POS 85 id 10 seat 3 role raid fs 1 body 2 pos 6,12 stuck 0
RC POS 85 id 34 seat 4 role defend fs 0 body 1 pos 14,13 stuck 0
RC POS 86 id 6 seat 1 role expand fs 0 body 1 pos 17,16 stuck 0
RC POS 86 id 8 seat 2 role expand fs 0 body 1 pos 13,12 stuck 0
RC POS 86 id 10 seat 3 role raid fs 1 body 2 pos 6,11 stuck 0
RC POS 86 id 34 seat 4 role defend fs 0 body 1 pos 13,13 stuck 0
RC POS 87 id 6 seat 1 role expand fs 0 body 1 pos 17,17 stuck 0
RC POS 87 id 8 seat 2 role expand fs 0 body 1 pos 14,12 stuck 0
RC POS 87 id 10 seat 3 role raid fs 1 body 2 pos 6,12 stuck 0
RC POS 87 id 34 seat 4 role defend fs 0 body 1 pos 14,13 stuck 0
RC POS 88 id 6 seat 1 role expand fs 0 body 1 pos 16,17 stuck 0
RC POS 88 id 8 seat 2 role expand fs 0 body 1 pos 13,12 stuck 0
RC POS 88 id 10 seat 3 role raid fs 1 body 2 pos 6,11 stuck 0
RC POS 88 id 34 seat 4 role defend fs 0 body 1 pos 13,13 stuck 0
RC POS 89 id 6 seat 1 role expand fs 0 body 1 pos 17,17 stuck 0
RC POS 89 id 8 seat 2 role expand fs 0 body 1 pos 14,12 stuck 0
RC POS 89 id 10 seat 3 role raid fs 1 body 2 pos 6,12 stuck 0
RC POS 89 id 34 seat 4 role defend fs 0 body 1 pos 14,13 stuck 0
RC POS 90 id 6 seat 1 role expand fs 0 body 1 pos 17,16 stuck 0
RC POS 90 id 8 seat 2 role expand fs 0 body 1 pos 13,12 stuck 0
RC POS 90 id 10 seat 3 role raid fs 1 body 2 pos 6,11 stuck 0
RC POS 90 id 34 seat 4 role defend fs 0 body 1 pos 13,13 stuck 0
RC POS 91 id 6 seat 1 role expand fs 0 body 1 pos 17,17 stuck 0
RC POS 91 id 8 seat 2 role expand fs 0 body 1 pos 14,12 stuck 0
RC POS 91 id 10 seat 3 role raid fs 1 body 2 pos 6,12 stuck 0
RC POS 91 id 34 seat 4 role defend fs 0 body 1 pos 14,13 stuck 0
RC POS 92 id 6 seat 1 role expand fs 0 body 1 pos 17,16 stuck 0
RC POS 92 id 8 seat 2 role expand fs 0 body 1 pos 13,12 stuck 0
RC POS 92 id 10 seat 3 role raid fs 1 body 2 pos 6,11 stuck 0
RC POS 92 id 34 seat 4 role defend fs 0 body 1 pos 13,13 stuck 0
RC POS 93 id 6 seat 1 role expand fs 0 body 1 pos 17,17 stuck 0
RC POS 93 id 8 seat 2 role expand fs 0 body 1 pos 14,12 stuck 0
RC POS 93 id 10 seat 3 role raid fs 1 body 2 pos 6,12 stuck 0
RC POS 93 id 34 seat 4 role defend fs 0 body 1 pos 14,13 stuck 0
RC POS 94 id 6 seat 1 role expand fs 0 body 1 pos 16,17 stuck 0
RC POS 94 id 8 seat 2 role expand fs 0 body 1 pos 13,12 stuck 0
RC POS 94 id 10 seat 3 role raid fs 1 body 2 pos 6,11 stuck 0
RC POS 94 id 34 seat 4 role defend fs 0 body 1 pos 13,13 stuck 0
RC POS 95 id 6 seat 1 role expand fs 0 body 1 pos 17,17 stuck 0
RC POS 95 id 8 seat 2 role expand fs 0 body 1 pos 14,12 stuck 0
RC POS 95 id 10 seat 3 role raid fs 1 body 2 pos 6,12 stuck 0
RC POS 95 id 34 seat 4 role defend fs 0 body 1 pos 14,13 stuck 0
RC POS 96 id 6 seat 1 role expand fs 0 body 1 pos 17,16 stuck 0
RC POS 96 id 8 seat 2 role expand fs 0 body 1 pos 13,12 stuck 0
RC POS 96 id 10 seat 3 role raid fs 1 body 2 pos 6,11 stuck 0
RC POS 96 id 34 seat 4 role defend fs 0 body 1 pos 13,13 stuck 0
RC POS 97 id 6 seat 1 role expand fs 0 body 1 pos 17,17 stuck 0
RC POS 97 id 8 seat 2 role expand fs 0 body 1 pos 14,12 stuck 0
RC POS 97 id 10 seat 3 role raid fs 1 body 2 pos 6,12 stuck 0
RC POS 97 id 34 seat 4 role defend fs 0 body 1 pos 14,13 stuck 0
RC POS 98 id 6 seat 1 role expand fs 0 body 1 pos 17,16 stuck 0
RC POS 98 id 8 seat 2 role expand fs 0 body 1 pos 13,12 stuck 0
RC POS 98 id 10 seat 3 role raid fs 1 body 2 pos 6,11 stuck 0
RC POS 98 id 34 seat 4 role defend fs 0 body 1 pos 14,13 stuck 1
RC POS 99 id 6 seat 1 role expand fs 0 body 1 pos 17,17 stuck 0
RC POS 99 id 8 seat 2 role expand fs 0 body 1 pos 13,12 stuck 1
RC POS 99 id 10 seat 3 role raid fs 1 body 2 pos 6,12 stuck 0
RC POS 99 id 34 seat 4 role defend fs 0 body 1 pos 14,13 stuck 2
RC ECO 100 harvstore 2 harvseen -1 ti 32 units 8 scale 254.0
RC POS 100 id 6 seat 1 role expand fs 0 body 1 pos 16,17 stuck 0
RC POS 100 id 8 seat 2 role expand fs 0 body 1 pos 13,12 stuck 2
RC POS 100 id 10 seat 3 role raid fs 1 body 2 pos 6,11 stuck 0
RC POS 100 id 34 seat 4 role defend fs 0 body 1 pos 14,12 stuck 0
RC POS 101 id 6 seat 1 role expand fs 0 body 1 pos 17,17 stuck 0
RC POS 101 id 8 seat 2 role expand fs 0 body 1 pos 13,11 stuck 0
RC POS 101 id 10 seat 3 role raid fs 1 body 2 pos 6,12 stuck 0
RC POS 101 id 34 seat 4 role defend fs 0 body 1 pos 14,12 stuck 1
RC POS 102 id 6 seat 1 role expand fs 0 body 1 pos 17,16 stuck 0
RC POS 102 id 8 seat 2 role expand fs 0 body 1 pos 14,11 stuck 0
RC POS 102 id 10 seat 3 role raid fs 1 body 2 pos 6,11 stuck 0
RC POS 102 id 34 seat 4 role defend fs 0 body 1 pos 14,12 stuck 2
RC POS 103 id 6 seat 1 role expand fs 0 body 1 pos 17,17 stuck 0
RC POS 103 id 8 seat 2 role expand fs 0 body 1 pos 15,11 stuck 0
RC POS 103 id 10 seat 3 role raid fs 1 body 2 pos 6,12 stuck 0
RC POS 103 id 34 seat 4 role defend fs 0 body 1 pos 14,11 stuck 0
RC POS 104 id 6 seat 1 role expand fs 0 body 1 pos 17,16 stuck 0
RC POS 104 id 8 seat 2 role expand fs 0 body 1 pos 16,11 stuck 0
RC POS 104 id 10 seat 3 role raid fs 1 body 2 pos 6,11 stuck 0
RC POS 104 id 34 seat 4 role defend fs 0 body 1 pos 15,11 stuck 0
RC POS 105 id 6 seat 1 role expand fs 0 body 1 pos 17,17 stuck 0
RC POS 105 id 8 seat 2 role expand fs 0 body 1 pos 16,12 stuck 0
RC POS 105 id 10 seat 3 role raid fs 1 body 2 pos 6,12 stuck 0
RC POS 105 id 34 seat 4 role defend fs 0 body 1 pos 15,10 stuck 0
RC POS 106 id 6 seat 1 role expand fs 0 body 1 pos 16,17 stuck 0
RC POS 106 id 8 seat 2 role expand fs 0 body 1 pos 16,13 stuck 0
RC POS 106 id 10 seat 3 role raid fs 1 body 2 pos 6,11 stuck 0
RC POS 106 id 34 seat 4 role defend fs 0 body 1 pos 15,9 stuck 0
RC POS 107 id 6 seat 1 role expand fs 0 body 1 pos 17,17 stuck 0
RC POS 107 id 8 seat 2 role expand fs 0 body 1 pos 15,13 stuck 0
RC POS 107 id 10 seat 3 role raid fs 1 body 2 pos 6,12 stuck 0
RC POS 107 id 34 seat 4 role defend fs 0 body 1 pos 15,8 stuck 0
RC POS 108 id 6 seat 1 role expand fs 0 body 1 pos 17,16 stuck 0
RC POS 108 id 8 seat 2 role expand fs 0 body 1 pos 14,13 stuck 0
RC POS 108 id 10 seat 3 role raid fs 1 body 2 pos 6,11 stuck 0
RC POS 108 id 34 seat 4 role defend fs 0 body 1 pos 15,7 stuck 0
RC POS 109 id 6 seat 1 role expand fs 0 body 1 pos 17,17 stuck 0
RC POS 109 id 8 seat 2 role expand fs 0 body 1 pos 14,12 stuck 0
RC POS 109 id 10 seat 3 role raid fs 1 body 2 pos 6,12 stuck 0
RC POS 109 id 34 seat 4 role defend fs 0 body 1 pos 16,7 stuck 0
RC POS 110 id 6 seat 1 role expand fs 0 body 1 pos 17,16 stuck 0
RC POS 110 id 8 seat 2 role expand fs 0 body 1 pos 14,11 stuck 0
RC POS 110 id 10 seat 3 role raid fs 1 body 2 pos 6,11 stuck 0
RC POS 110 id 34 seat 4 role defend fs 0 body 1 pos 17,7 stuck 0
RC POS 111 id 6 seat 1 role expand fs 0 body 1 pos 17,17 stuck 0
RC POS 111 id 8 seat 2 role expand fs 0 body 1 pos 14,10 stuck 0
RC POS 111 id 10 seat 3 role raid fs 1 body 2 pos 6,12 stuck 0
RC POS 111 id 34 seat 4 role defend fs 0 body 1 pos 17,7 stuck 1
RC POS 112 id 6 seat 1 role expand fs 0 body 1 pos 16,17 stuck 0
RC POS 112 id 8 seat 2 role expand fs 0 body 1 pos 14,9 stuck 0
RC POS 112 id 10 seat 3 role raid fs 1 body 2 pos 6,11 stuck 0
RC POS 112 id 34 seat 4 role defend fs 0 body 1 pos 17,7 stuck 2
RC POS 113 id 6 seat 1 role expand fs 0 body 1 pos 17,17 stuck 0
RC POS 113 id 8 seat 2 role expand fs 0 body 1 pos 14,8 stuck 0
RC POS 113 id 10 seat 3 role raid fs 1 body 2 pos 6,12 stuck 0
RC POS 113 id 34 seat 4 role defend fs 0 body 1 pos 17,7 stuck 3
RC POS 114 id 6 seat 1 role expand fs 0 body 1 pos 17,16 stuck 0
RC POS 114 id 8 seat 2 role expand fs 0 body 1 pos 14,7 stuck 0
RC POS 114 id 10 seat 3 role raid fs 1 body 2 pos 6,11 stuck 0
RC POS 114 id 34 seat 4 role defend fs 0 body 1 pos 17,7 stuck 4
RC POS 115 id 6 seat 1 role expand fs 0 body 1 pos 17,17 stuck 0
RC POS 115 id 8 seat 2 role expand fs 0 body 1 pos 14,6 stuck 0
RC POS 115 id 10 seat 3 role raid fs 1 body 2 pos 6,12 stuck 0
RC POS 115 id 34 seat 4 role defend fs 0 body 1 pos 16,7 stuck 0
RC POS 116 id 6 seat 1 role expand fs 0 body 1 pos 17,16 stuck 0
RC POS 116 id 8 seat 2 role expand fs 0 body 1 pos 14,5 stuck 0
RC POS 116 id 10 seat 3 role raid fs 1 body 2 pos 6,11 stuck 0
RC POS 116 id 34 seat 4 role defend fs 0 body 1 pos 15,7 stuck 0
RC POS 117 id 6 seat 1 role expand fs 0 body 1 pos 17,16 stuck 1
RC POS 117 id 8 seat 2 role expand fs 0 body 1 pos 14,4 stuck 0
RC POS 117 id 10 seat 3 role raid fs 1 body 2 pos 6,12 stuck 0
RC POS 117 id 34 seat 4 role defend fs 0 body 1 pos 15,8 stuck 0
RC POS 118 id 6 seat 1 role expand fs 0 body 1 pos 17,16 stuck 2
RC POS 118 id 8 seat 2 role expand fs 0 body 1 pos 15,4 stuck 0
RC POS 118 id 10 seat 3 role raid fs 1 body 2 pos 6,11 stuck 0
RC POS 118 id 34 seat 4 role defend fs 0 body 1 pos 15,9 stuck 0
RC POS 119 id 6 seat 1 role expand fs 0 body 1 pos 17,15 stuck 0
RC POS 119 id 8 seat 2 role expand fs 0 body 1 pos 15,3 stuck 0
RC POS 119 id 10 seat 3 role raid fs 1 body 2 pos 6,12 stuck 0
RC POS 119 id 34 seat 4 role defend fs 0 body 1 pos 15,10 stuck 0
RC POS 120 id 6 seat 1 role expand fs 0 body 1 pos 17,15 stuck 1
RC POS 120 id 8 seat 2 role expand fs 0 body 1 pos 15,2 stuck 0
RC POS 120 id 10 seat 3 role raid fs 1 body 2 pos 6,11 stuck 0
RC POS 120 id 34 seat 4 role defend fs 0 body 1 pos 15,10 stuck 1
RC POS 121 id 6 seat 1 role expand fs 0 body 1 pos 17,15 stuck 2
RC POS 121 id 8 seat 2 role expand fs 0 body 1 pos 15,3 stuck 0
RC POS 121 id 10 seat 3 role raid fs 1 body 2 pos 6,12 stuck 0
RC POS 121 id 34 seat 4 role defend fs 0 body 1 pos 15,10 stuck 2
RC POS 122 id 6 seat 1 role expand fs 0 body 1 pos 17,15 stuck 3
RC POS 122 id 8 seat 2 role expand fs 0 body 1 pos 15,4 stuck 0
RC POS 122 id 10 seat 3 role raid fs 1 body 2 pos 6,11 stuck 0
RC POS 122 id 34 seat 4 role defend fs 0 body 1 pos 15,11 stuck 0
RC POS 123 id 6 seat 1 role expand fs 0 body 1 pos 17,15 stuck 4
RC POS 123 id 8 seat 2 role expand fs 0 body 1 pos 15,3 stuck 0
RC POS 123 id 10 seat 3 role raid fs 1 body 2 pos 6,12 stuck 0
RC POS 123 id 34 seat 4 role defend fs 0 body 1 pos 15,11 stuck 1
RC POS 124 id 6 seat 1 role expand fs 0 body 1 pos 17,15 stuck 5
RC POS 124 id 8 seat 2 role expand fs 0 body 1 pos 15,2 stuck 0
RC POS 124 id 10 seat 3 role raid fs 1 body 2 pos 6,11 stuck 0
RC POS 124 id 34 seat 4 role defend fs 0 body 1 pos 15,11 stuck 2
RC ECO 125 harvstore 3 harvseen -1 ti 6 units 8 scale 263.0
RC POS 125 id 6 seat 1 role expand fs 0 body 1 pos 17,15 stuck 6
RC POS 125 id 8 seat 2 role expand fs 0 body 1 pos 15,3 stuck 0
RC POS 125 id 10 seat 3 role raid fs 1 body 2 pos 6,12 stuck 0
RC POS 125 id 34 seat 4 role defend fs 0 body 1 pos 15,11 stuck 3
RC POS 126 id 6 seat 1 role expand fs 0 body 1 pos 17,15 stuck 7
RC POS 126 id 8 seat 2 role expand fs 0 body 1 pos 15,4 stuck 0
RC POS 126 id 10 seat 3 role raid fs 1 body 2 pos 6,11 stuck 0
RC POS 126 id 34 seat 4 role defend fs 0 body 1 pos 14,11 stuck 0
RC POS 127 id 6 seat 1 role expand fs 0 body 1 pos 17,15 stuck 8
RC POS 127 id 8 seat 2 role expand fs 0 body 1 pos 15,3 stuck 0
RC POS 127 id 10 seat 3 role raid fs 1 body 2 pos 6,12 stuck 0
RC POS 127 id 34 seat 4 role defend fs 0 body 1 pos 14,12 stuck 0
RC POS 128 id 6 seat 1 role expand fs 0 body 1 pos 17,15 stuck 9
RC POS 128 id 8 seat 2 role expand fs 0 body 1 pos 15,2 stuck 0
RC POS 128 id 10 seat 3 role raid fs 1 body 2 pos 6,11 stuck 0
RC POS 128 id 34 seat 4 role defend fs 0 body 1 pos 14,13 stuck 0
RC POS 129 id 6 seat 1 role expand fs 0 body 1 pos 17,15 stuck 10
RC POS 129 id 8 seat 2 role expand fs 0 body 1 pos 15,3 stuck 0
RC POS 129 id 10 seat 3 role raid fs 1 body 2 pos 6,12 stuck 0
RC POS 129 id 34 seat 4 role defend fs 0 body 1 pos 14,14 stuck 0
RC POS 130 id 6 seat 1 role expand fs 0 body 1 pos 17,14 stuck 0
RC POS 130 id 8 seat 2 role expand fs 0 body 1 pos 15,4 stuck 0
RC POS 130 id 10 seat 3 role raid fs 1 body 2 pos 6,11 stuck 0
RC POS 130 id 34 seat 4 role defend fs 0 body 1 pos 14,15 stuck 0
RC POS 131 id 6 seat 1 role expand fs 0 body 1 pos 17,14 stuck 1
RC POS 131 id 8 seat 2 role expand fs 0 body 1 pos 15,3 stuck 0
RC POS 131 id 10 seat 3 role raid fs 1 body 2 pos 6,12 stuck 0
RC POS 131 id 34 seat 4 role defend fs 0 body 1 pos 15,15 stuck 0
RC POS 132 id 6 seat 1 role expand fs 0 body 1 pos 17,13 stuck 0
RC POS 132 id 8 seat 2 role expand fs 0 body 1 pos 15,2 stuck 0
RC POS 132 id 10 seat 3 role raid fs 1 body 2 pos 6,11 stuck 0
RC POS 132 id 34 seat 4 role defend fs 0 body 1 pos 16,15 stuck 0
RC POS 133 id 6 seat 1 role expand fs 0 body 1 pos 17,13 stuck 1
RC POS 133 id 8 seat 2 role expand fs 0 body 1 pos 15,3 stuck 0
RC POS 133 id 10 seat 3 role raid fs 1 body 2 pos 6,12 stuck 0
RC POS 133 id 34 seat 4 role defend fs 0 body 1 pos 16,16 stuck 0
RC POS 134 id 6 seat 1 role expand fs 0 body 1 pos 17,12 stuck 0
RC POS 134 id 8 seat 2 role expand fs 0 body 1 pos 15,4 stuck 0
RC POS 134 id 10 seat 3 role raid fs 1 body 2 pos 6,11 stuck 0
RC POS 134 id 34 seat 4 role defend fs 0 body 1 pos 15,16 stuck 0
RC POS 135 id 6 seat 1 role expand fs 0 body 1 pos 17,12 stuck 1
RC POS 135 id 8 seat 2 role expand fs 0 body 1 pos 15,3 stuck 0
RC POS 135 id 10 seat 3 role raid fs 1 body 2 pos 6,12 stuck 0
RC POS 135 id 34 seat 4 role defend fs 0 body 1 pos 16,16 stuck 0
RC POS 136 id 6 seat 1 role expand fs 0 body 1 pos 17,12 stuck 2
RC POS 136 id 8 seat 2 role expand fs 0 body 1 pos 15,2 stuck 0
RC POS 136 id 10 seat 3 role raid fs 1 body 2 pos 6,11 stuck 0
RC POS 136 id 34 seat 4 role defend fs 0 body 1 pos 15,16 stuck 0
RC POS 137 id 6 seat 1 role expand fs 0 body 1 pos 17,12 stuck 3
RC POS 137 id 8 seat 2 role expand fs 0 body 1 pos 15,3 stuck 0
RC POS 137 id 10 seat 3 role raid fs 1 body 2 pos 6,12 stuck 0
RC POS 137 id 34 seat 4 role defend fs 0 body 1 pos 16,16 stuck 0
RC POS 138 id 6 seat 1 role expand fs 0 body 1 pos 17,12 stuck 4
RC POS 138 id 8 seat 2 role expand fs 0 body 1 pos 15,4 stuck 0
RC POS 138 id 10 seat 3 role raid fs 1 body 2 pos 6,11 stuck 0
RC POS 138 id 34 seat 4 role defend fs 0 body 1 pos 15,16 stuck 0
RC POS 139 id 6 seat 1 role expand fs 0 body 1 pos 17,12 stuck 5
RC POS 139 id 8 seat 2 role expand fs 0 body 1 pos 15,4 stuck 1
RC POS 139 id 10 seat 3 role raid fs 1 body 2 pos 6,12 stuck 0
RC POS 139 id 34 seat 4 role defend fs 0 body 1 pos 16,16 stuck 0
RC POS 140 id 6 seat 1 role expand fs 0 body 1 pos 16,12 stuck 0
RC POS 140 id 8 seat 2 role expand fs 0 body 1 pos 15,4 stuck 2
RC POS 140 id 10 seat 3 role raid fs 1 body 2 pos 6,11 stuck 0
RC POS 140 id 34 seat 4 role defend fs 0 body 1 pos 15,16 stuck 0
RC POS 141 id 6 seat 1 role expand fs 0 body 1 pos 16,13 stuck 0
RC POS 141 id 8 seat 2 role expand fs 0 body 1 pos 15,5 stuck 0
RC POS 141 id 10 seat 3 role raid fs 1 body 2 pos 6,12 stuck 0
RC POS 141 id 34 seat 4 role defend fs 0 body 1 pos 16,16 stuck 0
RC POS 142 id 6 seat 1 role expand fs 0 body 1 pos 15,13 stuck 0
RC POS 142 id 8 seat 2 role expand fs 0 body 1 pos 15,5 stuck 1
RC POS 142 id 10 seat 3 role raid fs 1 body 2 pos 6,11 stuck 0
RC POS 142 id 34 seat 4 role defend fs 0 body 1 pos 15,16 stuck 0
RC POS 143 id 6 seat 1 role expand fs 0 body 1 pos 15,14 stuck 0
RC POS 143 id 8 seat 2 role expand fs 0 body 1 pos 15,6 stuck 0
RC POS 143 id 10 seat 3 role raid fs 1 body 2 pos 6,12 stuck 0
RC POS 143 id 34 seat 4 role defend fs 0 body 1 pos 16,16 stuck 0
RC POS 144 id 6 seat 1 role expand fs 0 body 1 pos 15,15 stuck 0
RC POS 144 id 8 seat 2 role expand fs 0 body 1 pos 15,6 stuck 1
RC POS 144 id 10 seat 3 role raid fs 1 body 2 pos 6,11 stuck 0
RC POS 144 id 34 seat 4 role defend fs 0 body 1 pos 15,16 stuck 0
RC POS 145 id 6 seat 1 role expand fs 0 body 1 pos 16,15 stuck 0
RC POS 145 id 8 seat 2 role expand fs 0 body 1 pos 15,7 stuck 0
RC POS 145 id 10 seat 3 role raid fs 1 body 2 pos 6,12 stuck 0
RC POS 145 id 34 seat 4 role defend fs 0 body 1 pos 16,16 stuck 0
RC POS 146 id 6 seat 1 role expand fs 0 body 1 pos 15,15 stuck 0
RC POS 146 id 8 seat 2 role expand fs 0 body 1 pos 15,7 stuck 1
RC POS 146 id 10 seat 3 role raid fs 1 body 2 pos 6,11 stuck 0
RC POS 146 id 34 seat 4 role defend fs 0 body 1 pos 15,16 stuck 0
RC POS 147 id 6 seat 1 role expand fs 0 body 1 pos 16,15 stuck 0
RC POS 147 id 8 seat 2 role expand fs 0 body 1 pos 15,8 stuck 0
RC POS 147 id 10 seat 3 role raid fs 1 body 2 pos 6,12 stuck 0
RC POS 147 id 34 seat 4 role defend fs 0 body 1 pos 16,16 stuck 0
RC POS 148 id 6 seat 1 role expand fs 0 body 1 pos 15,15 stuck 0
RC POS 148 id 8 seat 2 role expand fs 0 body 1 pos 15,8 stuck 1
RC POS 148 id 10 seat 3 role raid fs 1 body 2 pos 6,11 stuck 0
RC POS 148 id 34 seat 4 role defend fs 0 body 1 pos 15,16 stuck 0
RC POS 149 id 6 seat 1 role expand fs 0 body 1 pos 16,15 stuck 0
RC POS 149 id 8 seat 2 role expand fs 0 body 1 pos 15,9 stuck 0
RC POS 149 id 10 seat 3 role raid fs 1 body 2 pos 6,12 stuck 0
RC POS 149 id 34 seat 4 role defend fs 0 body 1 pos 16,16 stuck 0
RC ECO 150 harvstore 4 harvseen -1 ti 45 units 8 scale 277.0
RC POS 150 id 6 seat 1 role expand fs 0 body 1 pos 15,15 stuck 0
RC POS 150 id 8 seat 2 role expand fs 0 body 1 pos 15,8 stuck 0
RC POS 150 id 10 seat 3 role raid fs 1 body 2 pos 6,11 stuck 0
RC POS 150 id 34 seat 4 role defend fs 0 body 1 pos 15,16 stuck 0
RC POS 151 id 6 seat 1 role expand fs 0 body 1 pos 16,15 stuck 0
RC POS 151 id 8 seat 2 role expand fs 0 body 1 pos 15,7 stuck 0
RC POS 151 id 10 seat 3 role raid fs 1 body 2 pos 6,12 stuck 0
RC POS 151 id 34 seat 4 role defend fs 0 body 1 pos 16,16 stuck 0
RC POS 152 id 6 seat 1 role expand fs 0 body 1 pos 15,15 stuck 0
RC POS 152 id 8 seat 2 role expand fs 0 body 1 pos 15,6 stuck 0
RC POS 152 id 10 seat 3 role raid fs 1 body 2 pos 6,11 stuck 0
RC POS 152 id 34 seat 4 role defend fs 0 body 1 pos 15,16 stuck 0
RC POS 153 id 6 seat 1 role expand fs 0 body 1 pos 16,15 stuck 0
RC POS 153 id 8 seat 2 role expand fs 0 body 1 pos 15,5 stuck 0
RC POS 153 id 10 seat 3 role raid fs 1 body 2 pos 6,12 stuck 0
RC POS 153 id 34 seat 4 role defend fs 0 body 1 pos 16,16 stuck 0
RC POS 154 id 6 seat 1 role expand fs 0 body 1 pos 15,15 stuck 0
RC POS 154 id 8 seat 2 role expand fs 0 body 1 pos 15,4 stuck 0
RC POS 154 id 10 seat 3 role raid fs 1 body 2 pos 6,11 stuck 0
RC POS 154 id 34 seat 4 role defend fs 0 body 1 pos 15,16 stuck 0
RC POS 155 id 6 seat 1 role expand fs 0 body 1 pos 16,15 stuck 0
RC POS 155 id 8 seat 2 role expand fs 0 body 1 pos 16,4 stuck 0
RC POS 155 id 10 seat 3 role raid fs 1 body 2 pos 6,12 stuck 0
RC POS 155 id 34 seat 4 role defend fs 0 body 1 pos 16,16 stuck 0
RC POS 156 id 6 seat 1 role expand fs 0 body 1 pos 15,15 stuck 0
RC POS 156 id 8 seat 2 role expand fs 0 body 1 pos 16,3 stuck 0
RC POS 156 id 10 seat 3 role raid fs 1 body 2 pos 6,11 stuck 0
RC POS 156 id 34 seat 4 role defend fs 0 body 1 pos 15,16 stuck 0
RC POS 157 id 6 seat 1 role expand fs 0 body 1 pos 16,15 stuck 0
RC POS 157 id 8 seat 2 role expand fs 0 body 1 pos 16,2 stuck 0
RC POS 157 id 10 seat 3 role raid fs 1 body 2 pos 6,12 stuck 0
RC POS 157 id 34 seat 4 role defend fs 0 body 1 pos 16,16 stuck 0
RC POS 158 id 6 seat 1 role expand fs 0 body 1 pos 15,15 stuck 0
RC POS 158 id 8 seat 2 role expand fs 0 body 1 pos 15,2 stuck 0
RC POS 158 id 10 seat 3 role raid fs 1 body 2 pos 6,11 stuck 0
RC POS 158 id 34 seat 4 role defend fs 0 body 1 pos 16,16 stuck 1
RC POS 159 id 6 seat 1 role expand fs 0 body 1 pos 15,15 stuck 1
RC POS 159 id 8 seat 2 role expand fs 0 body 1 pos 14,2 stuck 0
RC POS 159 id 10 seat 3 role raid fs 1 body 2 pos 6,12 stuck 0
RC POS 159 id 34 seat 4 role defend fs 0 body 1 pos 16,16 stuck 2
RC POS 160 id 6 seat 1 role expand fs 0 body 1 pos 15,15 stuck 2
RC POS 160 id 8 seat 2 role expand fs 0 body 1 pos 13,2 stuck 0
RC POS 160 id 10 seat 3 role raid fs 1 body 2 pos 6,11 stuck 0
RC POS 160 id 34 seat 4 role defend fs 0 body 1 pos 16,15 stuck 0
RC POS 161 id 6 seat 1 role expand fs 0 body 1 pos 15,14 stuck 0
RC POS 161 id 8 seat 2 role expand fs 0 body 1 pos 12,2 stuck 0
RC POS 161 id 10 seat 3 role raid fs 1 body 2 pos 6,12 stuck 0
RC POS 161 id 34 seat 4 role defend fs 0 body 1 pos 16,15 stuck 1
RC POS 162 id 6 seat 1 role expand fs 0 body 1 pos 15,14 stuck 1
RC POS 162 id 8 seat 2 role expand fs 0 body 1 pos 11,2 stuck 0
RC POS 162 id 10 seat 3 role raid fs 1 body 2 pos 6,11 stuck 0
RC POS 162 id 34 seat 4 role defend fs 0 body 1 pos 16,14 stuck 0
RC POS 163 id 6 seat 1 role expand fs 0 body 1 pos 15,15 stuck 0
RC POS 163 id 8 seat 2 role expand fs 0 body 1 pos 10,2 stuck 0
RC POS 163 id 10 seat 3 role raid fs 1 body 2 pos 6,12 stuck 0
RC POS 163 id 34 seat 4 role defend fs 0 body 1 pos 16,14 stuck 1
RC POS 164 id 6 seat 1 role expand fs 0 body 1 pos 16,15 stuck 0
RC POS 164 id 8 seat 2 role expand fs 0 body 1 pos 9,2 stuck 0
RC POS 164 id 10 seat 3 role raid fs 1 body 2 pos 6,11 stuck 0
RC POS 164 id 34 seat 4 role defend fs 0 body 1 pos 16,13 stuck 0
RC POS 165 id 6 seat 1 role expand fs 0 body 1 pos 16,16 stuck 0
RC POS 165 id 8 seat 2 role expand fs 0 body 1 pos 10,2 stuck 0
RC POS 165 id 10 seat 3 role raid fs 1 body 2 pos 6,12 stuck 0
RC POS 165 id 34 seat 4 role defend fs 0 body 1 pos 16,13 stuck 1
RC POS 166 id 6 seat 1 role expand fs 0 body 1 pos 16,17 stuck 0
RC POS 166 id 8 seat 2 role expand fs 0 body 1 pos 9,2 stuck 0
RC POS 166 id 10 seat 3 role raid fs 1 body 2 pos 6,11 stuck 0
RC POS 166 id 34 seat 4 role defend fs 0 body 1 pos 16,12 stuck 0
RC POS 167 id 6 seat 1 role expand fs 0 body 1 pos 15,17 stuck 0
RC POS 167 id 8 seat 2 role expand fs 0 body 1 pos 10,2 stuck 0
RC POS 167 id 10 seat 3 role raid fs 1 body 2 pos 6,12 stuck 0
RC POS 167 id 34 seat 4 role defend fs 0 body 1 pos 16,11 stuck 0
RC POS 168 id 6 seat 1 role expand fs 0 body 1 pos 14,17 stuck 0
RC POS 168 id 8 seat 2 role expand fs 0 body 1 pos 9,2 stuck 0
RC POS 168 id 10 seat 3 role raid fs 1 body 2 pos 6,11 stuck 0
RC POS 168 id 34 seat 4 role defend fs 0 body 1 pos 16,12 stuck 0
RC POS 169 id 6 seat 1 role expand fs 0 body 1 pos 13,17 stuck 0
RC POS 169 id 8 seat 2 role expand fs 0 body 1 pos 10,2 stuck 0
RC POS 169 id 10 seat 3 role raid fs 1 body 2 pos 6,12 stuck 0
RC POS 169 id 34 seat 4 role defend fs 0 body 1 pos 16,11 stuck 0
RC POS 170 id 6 seat 1 role expand fs 0 body 1 pos 12,17 stuck 0
RC POS 170 id 8 seat 2 role expand fs 0 body 1 pos 9,2 stuck 0
RC POS 170 id 10 seat 3 role raid fs 1 body 2 pos 6,11 stuck 0
RC POS 170 id 34 seat 4 role defend fs 0 body 1 pos 16,12 stuck 0
RC POS 171 id 6 seat 1 role expand fs 0 body 1 pos 11,17 stuck 0
RC POS 171 id 8 seat 2 role expand fs 0 body 1 pos 10,2 stuck 0
RC POS 171 id 10 seat 3 role raid fs 1 body 2 pos 6,12 stuck 0
RC POS 171 id 34 seat 4 role defend fs 0 body 1 pos 16,11 stuck 0
RC POS 172 id 6 seat 1 role expand fs 0 body 1 pos 10,17 stuck 0
RC POS 172 id 8 seat 2 role expand fs 0 body 1 pos 9,2 stuck 0
RC POS 172 id 10 seat 3 role raid fs 1 body 2 pos 6,11 stuck 0
RC POS 172 id 34 seat 4 role defend fs 0 body 1 pos 15,11 stuck 0
RC POS 173 id 6 seat 1 role expand fs 0 body 1 pos 9,17 stuck 0
RC POS 173 id 8 seat 2 role expand fs 0 body 1 pos 10,2 stuck 0
RC POS 173 id 10 seat 3 role raid fs 1 body 2 pos 6,12 stuck 0
RC POS 173 id 34 seat 4 role defend fs 0 body 1 pos 15,11 stuck 1
RC POS 174 id 6 seat 1 role expand fs 0 body 1 pos 10,17 stuck 0
RC POS 174 id 8 seat 2 role expand fs 0 body 1 pos 10,1 stuck 0
RC POS 174 id 10 seat 3 role raid fs 1 body 2 pos 6,11 stuck 0
RC POS 174 id 34 seat 4 role defend fs 0 body 1 pos 15,10 stuck 0
RC ECO 175 harvstore 5 harvseen -1 ti 62 units 8 scale 288.0
RC POS 175 id 6 seat 1 role expand fs 0 body 1 pos 9,17 stuck 0
RC POS 175 id 8 seat 2 role expand fs 0 body 1 pos 11,1 stuck 0
RC POS 175 id 10 seat 3 role raid fs 1 body 2 pos 6,12 stuck 0
RC POS 175 id 34 seat 4 role defend fs 0 body 1 pos 15,9 stuck 0
RC POS 176 id 6 seat 1 role expand fs 0 body 1 pos 10,17 stuck 0
RC POS 176 id 8 seat 2 role expand fs 0 body 1 pos 11,2 stuck 0
RC POS 176 id 10 seat 3 role raid fs 1 body 2 pos 6,11 stuck 0
RC POS 176 id 34 seat 4 role defend fs 0 body 1 pos 15,8 stuck 0
RC POS 177 id 6 seat 1 role expand fs 0 body 1 pos 9,17 stuck 0
RC POS 177 id 8 seat 2 role expand fs 0 body 1 pos 11,2 stuck 1
RC POS 177 id 10 seat 3 role raid fs 1 body 2 pos 6,12 stuck 0
RC POS 177 id 34 seat 4 role defend fs 0 body 1 pos 15,7 stuck 0
RC POS 178 id 6 seat 1 role expand fs 0 body 1 pos 10,17 stuck 0
RC POS 178 id 8 seat 2 role expand fs 0 body 1 pos 10,2 stuck 0
RC POS 178 id 10 seat 3 role raid fs 1 body 2 pos 6,11 stuck 0
RC POS 178 id 34 seat 4 role defend fs 0 body 1 pos 16,7 stuck 0
RC POS 179 id 6 seat 1 role expand fs 0 body 1 pos 10,17 stuck 2
RC POS 179 id 8 seat 2 role expand fs 0 body 1 pos 9,2 stuck 0
RC POS 179 id 10 seat 3 role raid fs 1 body 2 pos 6,12 stuck 0
RC POS 179 id 34 seat 4 role defend fs 0 body 1 pos 16,6 stuck 0
RC POS 180 id 6 seat 1 role expand fs 0 body 1 pos 10,18 stuck 0
RC POS 180 id 8 seat 2 role expand fs 0 body 1 pos 10,2 stuck 0
RC POS 180 id 10 seat 3 role raid fs 1 body 2 pos 6,11 stuck 0
RC POS 180 id 34 seat 4 role defend fs 0 body 1 pos 17,6 stuck 0
RC POS 181 id 6 seat 1 role expand fs 0 body 1 pos 10,18 stuck 1
RC POS 181 id 8 seat 2 role expand fs 0 body 1 pos 9,2 stuck 0
RC POS 181 id 10 seat 3 role raid fs 1 body 2 pos 6,12 stuck 0
RC POS 181 id 34 seat 4 role defend fs 0 body 1 pos 18,6 stuck 0
RC POS 182 id 6 seat 1 role expand fs 0 body 1 pos 11,18 stuck 0
RC POS 182 id 8 seat 2 role expand fs 0 body 1 pos 9,1 stuck 0
RC POS 182 id 10 seat 3 role raid fs 1 body 2 pos 6,11 stuck 0
RC POS 182 id 34 seat 4 role defend fs 0 body 1 pos 18,7 stuck 0
RC POS 183 id 6 seat 1 role expand fs 0 body 1 pos 11,18 stuck 1
RC POS 183 id 8 seat 2 role expand fs 0 body 1 pos 9,2 stuck 0
RC POS 183 id 10 seat 3 role raid fs 1 body 2 pos 6,12 stuck 0
RC POS 183 id 34 seat 4 role defend fs 0 body 1 pos 19,7 stuck 0
RC POS 184 id 6 seat 1 role expand fs 0 body 1 pos 12,18 stuck 0
RC POS 184 id 8 seat 2 role expand fs 0 body 1 pos 9,3 stuck 0
RC POS 184 id 10 seat 3 role raid fs 1 body 2 pos 6,11 stuck 0
RC POS 184 id 34 seat 4 role defend fs 0 body 1 pos 18,7 stuck 0
RC POS 185 id 6 seat 1 role expand fs 0 body 1 pos 12,18 stuck 1
RC POS 185 id 8 seat 2 role expand fs 0 body 1 pos 9,2 stuck 0
RC POS 185 id 10 seat 3 role raid fs 1 body 2 pos 6,12 stuck 0
RC POS 185 id 34 seat 4 role defend fs 0 body 1 pos 19,7 stuck 0
RC POS 186 id 6 seat 1 role expand fs 0 body 1 pos 13,18 stuck 0
RC POS 186 id 8 seat 2 role expand fs 0 body 1 pos 8,2 stuck 0
RC POS 186 id 10 seat 3 role raid fs 1 body 2 pos 6,11 stuck 0
RC POS 186 id 34 seat 4 role defend fs 0 body 1 pos 18,7 stuck 0
RC POS 187 id 6 seat 1 role expand fs 0 body 1 pos 13,18 stuck 1
RC POS 187 id 8 seat 2 role expand fs 0 body 1 pos 9,2 stuck 0
RC POS 187 id 10 seat 3 role raid fs 1 body 2 pos 6,12 stuck 0
RC POS 187 id 34 seat 4 role defend fs 0 body 1 pos 19,7 stuck 0
RC POS 188 id 6 seat 1 role expand fs 0 body 1 pos 14,18 stuck 0
RC POS 188 id 8 seat 2 role expand fs 0 body 1 pos 9,1 stuck 0
RC POS 188 id 10 seat 3 role raid fs 1 body 2 pos 6,11 stuck 0
RC POS 188 id 34 seat 4 role defend fs 0 body 1 pos 18,7 stuck 0
RC POS 189 id 6 seat 1 role expand fs 0 body 1 pos 14,18 stuck 1
RC POS 189 id 8 seat 2 role expand fs 0 body 1 pos 9,2 stuck 0
RC POS 189 id 10 seat 3 role raid fs 1 body 2 pos 6,12 stuck 0
RC POS 189 id 34 seat 4 role defend fs 0 body 1 pos 19,7 stuck 0
RC POS 190 id 6 seat 1 role expand fs 0 body 1 pos 15,18 stuck 0
RC POS 190 id 8 seat 2 role expand fs 0 body 1 pos 8,2 stuck 0
RC POS 190 id 10 seat 3 role raid fs 1 body 2 pos 6,11 stuck 0
RC POS 190 id 34 seat 4 role defend fs 0 body 1 pos 18,7 stuck 0
RC POS 191 id 6 seat 1 role expand fs 0 body 1 pos 15,18 stuck 1
RC POS 191 id 8 seat 2 role expand fs 0 body 1 pos 9,2 stuck 0
RC POS 191 id 10 seat 3 role raid fs 1 body 2 pos 6,12 stuck 0
RC POS 191 id 34 seat 4 role defend fs 0 body 1 pos 19,7 stuck 0
RC POS 192 id 6 seat 1 role expand fs 0 body 1 pos 16,18 stuck 0
RC POS 192 id 8 seat 2 role expand fs 0 body 1 pos 9,1 stuck 0
RC POS 192 id 10 seat 3 role raid fs 1 body 2 pos 6,11 stuck 0
RC POS 192 id 34 seat 4 role defend fs 0 body 1 pos 18,7 stuck 0
RC POS 193 id 6 seat 1 role expand fs 0 body 1 pos 16,18 stuck 1
RC POS 193 id 8 seat 2 role expand fs 0 body 1 pos 9,2 stuck 0
RC POS 193 id 10 seat 3 role raid fs 1 body 2 pos 6,12 stuck 0
RC POS 193 id 34 seat 4 role defend fs 0 body 1 pos 18,7 stuck 1
RC POS 194 id 6 seat 1 role expand fs 0 body 1 pos 16,17 stuck 0
RC POS 194 id 8 seat 2 role expand fs 0 body 1 pos 8,2 stuck 0
RC POS 194 id 10 seat 3 role raid fs 1 body 2 pos 6,11 stuck 0
RC POS 194 id 34 seat 4 role defend fs 0 body 1 pos 18,7 stuck 2
RC POS 195 id 6 seat 1 role expand fs 0 body 1 pos 16,17 stuck 1
RC POS 195 id 8 seat 2 role expand fs 0 body 1 pos 9,2 stuck 0
RC POS 195 id 10 seat 3 role raid fs 1 body 2 pos 6,12 stuck 0
RC POS 195 id 34 seat 4 role defend fs 0 body 1 pos 18,7 stuck 3
RC POS 196 id 6 seat 1 role expand fs 0 body 1 pos 16,16 stuck 0
RC POS 196 id 8 seat 2 role expand fs 0 body 1 pos 9,1 stuck 0
RC POS 196 id 10 seat 3 role raid fs 1 body 2 pos 6,11 stuck 0
RC POS 196 id 34 seat 4 role defend fs 0 body 1 pos 18,7 stuck 4
RC POS 197 id 6 seat 1 role expand fs 0 body 1 pos 16,16 stuck 1
RC POS 197 id 8 seat 2 role expand fs 0 body 1 pos 9,2 stuck 0
RC POS 197 id 10 seat 3 role raid fs 1 body 2 pos 6,12 stuck 0
RC POS 197 id 34 seat 4 role defend fs 0 body 1 pos 18,7 stuck 5
RC POS 198 id 6 seat 1 role expand fs 0 body 1 pos 16,15 stuck 0
RC POS 198 id 8 seat 2 role expand fs 0 body 1 pos 8,2 stuck 0
RC POS 198 id 10 seat 3 role raid fs 1 body 2 pos 6,11 stuck 0
RC POS 198 id 34 seat 4 role defend fs 0 body 1 pos 18,6 stuck 0
RC POS 199 id 6 seat 1 role expand fs 0 body 1 pos 16,14 stuck 0
RC POS 199 id 8 seat 2 role expand fs 0 body 1 pos 9,2 stuck 0
RC POS 199 id 10 seat 3 role raid fs 1 body 2 pos 6,12 stuck 0
RC POS 199 id 34 seat 4 role defend fs 0 body 1 pos 17,6 stuck 0
RC ECO 200 harvstore 6 harvseen -1 ti 61 units 8 scale 302.0
RC POS 200 id 6 seat 1 role expand fs 0 body 1 pos 16,13 stuck 0
RC POS 200 id 8 seat 2 role expand fs 0 body 1 pos 9,1 stuck 0
RC POS 200 id 10 seat 3 role raid fs 1 body 2 pos 6,11 stuck 0
RC POS 200 id 34 seat 4 role defend fs 0 body 1 pos 16,6 stuck 0
RC POS 201 id 6 seat 1 role expand fs 0 body 1 pos 16,12 stuck 0
RC POS 201 id 8 seat 2 role expand fs 0 body 1 pos 9,2 stuck 0
RC POS 201 id 10 seat 3 role raid fs 1 body 2 pos 6,12 stuck 0
RC POS 201 id 34 seat 4 role defend fs 0 body 1 pos 16,5 stuck 0
RC POS 202 id 6 seat 1 role expand fs 0 body 1 pos 16,11 stuck 0
RC POS 202 id 8 seat 2 role expand fs 0 body 1 pos 8,2 stuck 0
RC POS 202 id 10 seat 3 role raid fs 1 body 2 pos 6,11 stuck 0
RC POS 202 id 34 seat 4 role defend fs 0 body 1 pos 16,4 stuck 0
RC POS 203 id 6 seat 1 role expand fs 0 body 1 pos 16,12 stuck 0
RC POS 203 id 8 seat 2 role expand fs 0 body 1 pos 9,2 stuck 0
RC POS 203 id 10 seat 3 role raid fs 1 body 2 pos 6,12 stuck 0
RC POS 203 id 34 seat 4 role defend fs 0 body 1 pos 16,3 stuck 0
RC POS 204 id 6 seat 1 role expand fs 0 body 1 pos 16,13 stuck 0
RC POS 204 id 8 seat 2 role expand fs 0 body 1 pos 9,1 stuck 0
RC POS 204 id 10 seat 3 role raid fs 1 body 2 pos 6,11 stuck 0
RC POS 204 id 34 seat 4 role defend fs 0 body 1 pos 16,2 stuck 0
RC POS 205 id 6 seat 1 role expand fs 0 body 1 pos 16,14 stuck 0
RC POS 205 id 8 seat 2 role expand fs 0 body 1 pos 9,1 stuck 1
RC POS 205 id 10 seat 3 role raid fs 1 body 2 pos 6,12 stuck 0
RC POS 205 id 34 seat 4 role defend fs 0 body 1 pos 15,2 stuck 0
RC POS 206 id 6 seat 1 role expand fs 0 body 1 pos 16,15 stuck 0
RC POS 206 id 8 seat 2 role expand fs 0 body 1 pos 9,0 stuck 0
RC POS 206 id 10 seat 3 role raid fs 1 body 2 pos 6,11 stuck 0
RC POS 206 id 34 seat 4 role defend fs 0 body 1 pos 14,2 stuck 0
RC POS 207 id 6 seat 1 role expand fs 0 body 1 pos 17,15 stuck 0
RC POS 207 id 8 seat 2 role expand fs 0 body 1 pos 9,1 stuck 0
RC POS 207 id 10 seat 3 role raid fs 1 body 2 pos 6,12 stuck 0
RC POS 207 id 34 seat 4 role defend fs 0 body 1 pos 13,2 stuck 0
RC POS 208 id 6 seat 1 role expand fs 0 body 1 pos 17,16 stuck 0
RC POS 208 id 8 seat 2 role expand fs 0 body 1 pos 9,0 stuck 0
RC POS 208 id 10 seat 3 role raid fs 1 body 2 pos 6,11 stuck 0
RC POS 208 id 34 seat 4 role defend fs 0 body 1 pos 12,2 stuck 0
RC POS 209 id 6 seat 1 role expand fs 0 body 1 pos 16,16 stuck 0
RC POS 209 id 8 seat 2 role expand fs 0 body 1 pos 9,1 stuck 0
RC POS 209 id 10 seat 3 role raid fs 1 body 2 pos 6,12 stuck 0
RC POS 209 id 34 seat 4 role defend fs 0 body 1 pos 11,2 stuck 0
RC POS 210 id 6 seat 1 role expand fs 0 body 1 pos 16,17 stuck 0
RC POS 210 id 8 seat 2 role expand fs 0 body 1 pos 9,0 stuck 0
RC POS 210 id 10 seat 3 role raid fs 1 body 2 pos 6,11 stuck 0
RC POS 210 id 34 seat 4 role defend fs 0 body 1 pos 11,3 stuck 0
RC POS 211 id 6 seat 1 role expand fs 0 body 1 pos 15,17 stuck 0
RC POS 211 id 8 seat 2 role expand fs 0 body 1 pos 9,1 stuck 0
RC POS 211 id 10 seat 3 role raid fs 1 body 2 pos 6,12 stuck 0
RC POS 211 id 34 seat 4 role defend fs 0 body 1 pos 11,2 stuck 0
RC POS 212 id 6 seat 1 role expand fs 0 body 1 pos 14,17 stuck 0
RC POS 212 id 8 seat 2 role expand fs 0 body 1 pos 9,0 stuck 0
RC POS 212 id 10 seat 3 role raid fs 1 body 2 pos 6,11 stuck 0
RC POS 212 id 34 seat 4 role defend fs 0 body 1 pos 11,1 stuck 0
RC POS 213 id 6 seat 1 role expand fs 0 body 1 pos 13,17 stuck 0
RC POS 213 id 8 seat 2 role expand fs 0 body 1 pos 9,1 stuck 0
RC POS 213 id 10 seat 3 role raid fs 1 body 2 pos 6,12 stuck 0
RC POS 213 id 34 seat 4 role defend fs 0 body 1 pos 10,1 stuck 0
RC POS 214 id 6 seat 1 role expand fs 0 body 1 pos 12,17 stuck 0
RC POS 214 id 8 seat 2 role expand fs 0 body 1 pos 9,0 stuck 0
RC POS 214 id 10 seat 3 role raid fs 1 body 2 pos 6,11 stuck 0
RC POS 214 id 34 seat 4 role defend fs 0 body 1 pos 9,1 stuck 0
RC POS 215 id 6 seat 1 role expand fs 0 body 1 pos 11,17 stuck 0
RC POS 215 id 8 seat 2 role expand fs 0 body 1 pos 8,0 stuck 0
RC POS 215 id 10 seat 3 role raid fs 1 body 2 pos 6,12 stuck 0
RC POS 215 id 34 seat 4 role defend fs 0 body 1 pos 9,0 stuck 0
RC POS 216 id 6 seat 1 role expand fs 0 body 1 pos 10,17 stuck 0
RC POS 216 id 8 seat 2 role expand fs 0 body 1 pos 8,1 stuck 0
RC POS 216 id 10 seat 3 role raid fs 1 body 2 pos 6,11 stuck 0
RC POS 216 id 34 seat 4 role defend fs 0 body 1 pos 9,1 stuck 0
RC POS 217 id 6 seat 1 role expand fs 0 body 1 pos 10,18 stuck 0
RC POS 217 id 8 seat 2 role expand fs 0 body 1 pos 8,2 stuck 0
RC POS 217 id 10 seat 3 role raid fs 1 body 2 pos 6,12 stuck 0
RC POS 217 id 34 seat 4 role defend fs 0 body 1 pos 9,0 stuck 0
RC POS 218 id 6 seat 1 role expand fs 0 body 1 pos 10,18 stuck 2
RC POS 218 id 8 seat 2 role expand fs 0 body 1 pos 8,1 stuck 0
RC POS 218 id 10 seat 3 role raid fs 1 body 2 pos 6,11 stuck 0
RC POS 218 id 34 seat 4 role defend fs 0 body 1 pos 9,1 stuck 0
RC POS 219 id 6 seat 1 role expand fs 0 body 1 pos 11,18 stuck 0
RC POS 219 id 8 seat 2 role expand fs 0 body 1 pos 8,2 stuck 0
RC POS 219 id 10 seat 3 role raid fs 1 body 2 pos 6,12 stuck 0
RC POS 219 id 34 seat 4 role defend fs 0 body 1 pos 9,0 stuck 0
RC POS 220 id 6 seat 1 role expand fs 0 body 1 pos 11,18 stuck 1
RC POS 220 id 8 seat 2 role expand fs 0 body 1 pos 8,1 stuck 0
RC POS 220 id 10 seat 3 role raid fs 1 body 2 pos 6,11 stuck 0
RC POS 220 id 34 seat 4 role defend fs 0 body 1 pos 9,1 stuck 0
RC POS 221 id 6 seat 1 role expand fs 0 body 1 pos 12,18 stuck 0
RC POS 221 id 8 seat 2 role expand fs 0 body 1 pos 8,2 stuck 0
RC POS 221 id 10 seat 3 role raid fs 1 body 2 pos 6,12 stuck 0
RC POS 221 id 34 seat 4 role defend fs 0 body 1 pos 9,0 stuck 0
RC POS 222 id 6 seat 1 role expand fs 0 body 1 pos 12,18 stuck 1
RC POS 222 id 8 seat 2 role expand fs 0 body 1 pos 8,1 stuck 0
RC POS 222 id 10 seat 3 role raid fs 1 body 2 pos 6,11 stuck 0
RC POS 222 id 34 seat 4 role defend fs 0 body 1 pos 9,1 stuck 0
RC POS 223 id 6 seat 1 role expand fs 0 body 1 pos 13,18 stuck 0
RC POS 223 id 8 seat 2 role expand fs 0 body 1 pos 8,2 stuck 0
RC POS 223 id 10 seat 3 role raid fs 1 body 2 pos 6,12 stuck 0
RC POS 223 id 34 seat 4 role defend fs 0 body 1 pos 9,0 stuck 0
RC POS 224 id 6 seat 1 role expand fs 0 body 1 pos 13,18 stuck 1
RC POS 224 id 8 seat 2 role expand fs 0 body 1 pos 8,1 stuck 0
RC POS 224 id 10 seat 3 role raid fs 1 body 2 pos 6,11 stuck 0
RC POS 224 id 34 seat 4 role defend fs 0 body 1 pos 9,1 stuck 0
RC ECO 225 harvstore 8 harvseen -1 ti 33 units 8 scale 315.0
RC POS 225 id 6 seat 1 role expand fs 0 body 1 pos 14,18 stuck 0
RC POS 225 id 8 seat 2 role expand fs 0 body 1 pos 8,2 stuck 0
RC POS 225 id 10 seat 3 role raid fs 1 body 2 pos 6,12 stuck 0
RC POS 225 id 34 seat 4 role defend fs 0 body 1 pos 9,0 stuck 0
RC POS 226 id 6 seat 1 role expand fs 0 body 1 pos 14,18 stuck 1
RC POS 226 id 8 seat 2 role expand fs 0 body 1 pos 8,1 stuck 0
RC POS 226 id 10 seat 3 role raid fs 1 body 2 pos 6,11 stuck 0
RC POS 226 id 34 seat 4 role defend fs 0 body 1 pos 9,1 stuck 0
RC POS 227 id 6 seat 1 role expand fs 0 body 1 pos 15,18 stuck 0
RC POS 227 id 8 seat 2 role expand fs 0 body 1 pos 8,2 stuck 0
RC POS 227 id 10 seat 3 role raid fs 1 body 2 pos 6,12 stuck 0
RC POS 227 id 34 seat 4 role defend fs 0 body 1 pos 9,0 stuck 0
RC POS 228 id 6 seat 1 role expand fs 0 body 1 pos 15,18 stuck 1
RC POS 228 id 8 seat 2 role expand fs 0 body 1 pos 8,1 stuck 0
RC POS 228 id 10 seat 3 role raid fs 1 body 2 pos 6,11 stuck 0
RC POS 228 id 34 seat 4 role defend fs 0 body 1 pos 9,1 stuck 0
RC POS 229 id 6 seat 1 role expand fs 0 body 1 pos 16,18 stuck 0
RC POS 229 id 8 seat 2 role expand fs 0 body 1 pos 8,2 stuck 0
RC POS 229 id 10 seat 3 role raid fs 1 body 2 pos 6,12 stuck 0
RC POS 229 id 34 seat 4 role defend fs 0 body 1 pos 9,0 stuck 0
RC POS 230 id 6 seat 1 role expand fs 0 body 1 pos 16,17 stuck 0
RC POS 230 id 8 seat 2 role expand fs 0 body 1 pos 8,3 stuck 0
RC POS 230 id 10 seat 3 role raid fs 1 body 2 pos 6,11 stuck 0
RC POS 230 id 34 seat 4 role defend fs 0 body 1 pos 9,1 stuck 0
RC POS 231 id 6 seat 1 role expand fs 0 body 1 pos 16,16 stuck 0
RC POS 231 id 8 seat 2 role expand fs 0 body 1 pos 8,3 stuck 1
RC POS 231 id 10 seat 3 role raid fs 1 body 2 pos 6,12 stuck 0
RC POS 231 id 34 seat 4 role defend fs 0 body 1 pos 9,0 stuck 0
RC POS 232 id 6 seat 1 role expand fs 0 body 1 pos 16,15 stuck 0
RC POS 232 id 8 seat 2 role expand fs 0 body 1 pos 9,3 stuck 0
RC POS 232 id 10 seat 3 role raid fs 1 body 2 pos 6,11 stuck 0
RC POS 232 id 34 seat 4 role defend fs 0 body 1 pos 9,1 stuck 0
RC POS 233 id 6 seat 1 role expand fs 0 body 1 pos 16,14 stuck 0
RC POS 233 id 8 seat 2 role expand fs 0 body 1 pos 9,3 stuck 1
RC POS 233 id 10 seat 3 role raid fs 1 body 2 pos 6,12 stuck 0
RC POS 233 id 34 seat 4 role defend fs 0 body 1 pos 9,0 stuck 0
RC POS 234 id 6 seat 1 role expand fs 0 body 1 pos 16,13 stuck 0
RC POS 234 id 8 seat 2 role expand fs 0 body 1 pos 10,3 stuck 0
RC POS 234 id 10 seat 3 role raid fs 1 body 2 pos 6,11 stuck 0
RC POS 234 id 34 seat 4 role defend fs 0 body 1 pos 9,1 stuck 0
RC POS 235 id 6 seat 1 role expand fs 0 body 1 pos 16,12 stuck 0
RC POS 235 id 8 seat 2 role expand fs 0 body 1 pos 10,3 stuck 1
RC POS 235 id 10 seat 3 role raid fs 1 body 2 pos 6,12 stuck 0
RC POS 235 id 34 seat 4 role defend fs 0 body 1 pos 9,0 stuck 0
RC POS 236 id 8 seat 2 role expand fs 0 body 1 pos 11,3 stuck 0
RC POS 236 id 10 seat 3 role raid fs 1 body 2 pos 6,11 stuck 0
RC POS 236 id 34 seat 4 role defend fs 0 body 1 pos 9,0 stuck 1
RC POS 237 id 8 seat 2 role expand fs 0 body 1 pos 11,3 stuck 1
RC POS 237 id 10 seat 3 role raid fs 1 body 2 pos 6,12 stuck 0
RC POS 237 id 34 seat 4 role defend fs 0 body 1 pos 10,0 stuck 0
RC POS 238 id 8 seat 2 role expand fs 0 body 1 pos 12,3 stuck 0
RC POS 238 id 10 seat 3 role raid fs 1 body 2 pos 6,11 stuck 0
RC POS 238 id 34 seat 4 role defend fs 0 body 1 pos 11,0 stuck 0
RC POS 239 id 8 seat 2 role expand fs 0 body 1 pos 12,3 stuck 1
RC POS 239 id 10 seat 3 role raid fs 1 body 2 pos 6,12 stuck 0
RC POS 239 id 34 seat 4 role defend fs 0 body 1 pos 12,0 stuck 0
RC POS 240 id 8 seat 2 role expand fs 0 body 1 pos 13,3 stuck 0
RC POS 240 id 10 seat 3 role raid fs 1 body 2 pos 6,11 stuck 0
RC POS 240 id 34 seat 4 role defend fs 0 body 1 pos 13,0 stuck 0
RC POS 241 id 8 seat 2 role expand fs 0 body 1 pos 13,3 stuck 1
RC POS 241 id 10 seat 3 role raid fs 1 body 2 pos 6,12 stuck 0
RC POS 241 id 34 seat 4 role defend fs 0 body 1 pos 14,0 stuck 0
RC POS 242 id 8 seat 2 role expand fs 0 body 1 pos 13,2 stuck 0
RC POS 242 id 10 seat 3 role raid fs 1 body 2 pos 6,11 stuck 0
RC POS 242 id 34 seat 4 role defend fs 0 body 1 pos 15,0 stuck 0
RC POS 243 id 8 seat 2 role expand fs 0 body 1 pos 13,2 stuck 1
RC POS 243 id 10 seat 3 role raid fs 1 body 2 pos 6,12 stuck 0
RC POS 243 id 34 seat 4 role defend fs 0 body 1 pos 16,0 stuck 0
RC POS 244 id 8 seat 2 role expand fs 0 body 1 pos 14,2 stuck 0
RC POS 244 id 10 seat 3 role raid fs 1 body 2 pos 6,11 stuck 0
RC POS 244 id 34 seat 4 role defend fs 0 body 1 pos 17,0 stuck 0
RC POS 245 id 8 seat 2 role expand fs 0 body 1 pos 14,2 stuck 1
RC POS 245 id 10 seat 3 role raid fs 1 body 2 pos 6,12 stuck 0
RC POS 245 id 34 seat 4 role defend fs 0 body 1 pos 18,0 stuck 0
RC POS 246 id 8 seat 2 role expand fs 0 body 1 pos 15,2 stuck 0
RC POS 246 id 10 seat 3 role raid fs 1 body 2 pos 6,11 stuck 0
RC POS 246 id 34 seat 4 role defend fs 0 body 1 pos 19,0 stuck 0
RC POS 247 id 8 seat 2 role expand fs 0 body 1 pos 15,2 stuck 1
RC POS 247 id 10 seat 3 role raid fs 1 body 2 pos 6,12 stuck 0
RC POS 247 id 34 seat 4 role defend fs 0 body 1 pos 19,1 stuck 0
RC POS 248 id 8 seat 2 role expand fs 0 body 1 pos 16,2 stuck 0
RC POS 248 id 10 seat 3 role raid fs 1 body 2 pos 6,11 stuck 0
RC POS 248 id 34 seat 4 role defend fs 0 body 1 pos 19,2 stuck 0
RC POS 249 id 8 seat 2 role expand fs 0 body 1 pos 16,2 stuck 1
RC POS 249 id 10 seat 3 role raid fs 1 body 2 pos 6,12 stuck 0
RC POS 249 id 34 seat 4 role defend fs 0 body 1 pos 19,3 stuck 0
RC ECO 250 harvstore 8 harvseen -1 ti 31 units 8 scale 327.0
RC POS 250 id 8 seat 2 role expand fs 0 body 1 pos 16,3 stuck 0
RC POS 250 id 10 seat 3 role raid fs 1 body 2 pos 6,11 stuck 0
RC POS 250 id 34 seat 4 role defend fs 0 body 1 pos 19,4 stuck 0
RC POS 251 id 8 seat 2 role expand fs 0 body 1 pos 16,3 stuck 1
RC POS 251 id 10 seat 3 role raid fs 1 body 2 pos 6,12 stuck 0
RC POS 251 id 34 seat 4 role defend fs 0 body 1 pos 19,5 stuck 0
RC POS 252 id 8 seat 2 role expand fs 0 body 1 pos 16,4 stuck 0
RC POS 252 id 10 seat 3 role raid fs 1 body 2 pos 6,11 stuck 0
RC POS 252 id 34 seat 4 role defend fs 0 body 1 pos 19,6 stuck 0
RC POS 253 id 8 seat 2 role expand fs 0 body 1 pos 16,4 stuck 1
RC POS 253 id 10 seat 3 role raid fs 1 body 2 pos 6,12 stuck 0
RC POS 253 id 34 seat 4 role defend fs 0 body 1 pos 19,7 stuck 0
RC POS 254 id 8 seat 2 role expand fs 0 body 1 pos 16,5 stuck 0
RC POS 254 id 10 seat 3 role raid fs 1 body 2 pos 6,11 stuck 0
RC POS 254 id 34 seat 4 role defend fs 0 body 1 pos 19,8 stuck 0
RC POS 255 id 8 seat 2 role expand fs 0 body 1 pos 16,6 stuck 0
RC POS 255 id 10 seat 3 role raid fs 1 body 2 pos 6,12 stuck 0
RC POS 255 id 34 seat 4 role defend fs 0 body 1 pos 19,9 stuck 0
RC POS 256 id 8 seat 2 role expand fs 0 body 1 pos 16,7 stuck 0
RC POS 256 id 10 seat 3 role raid fs 1 body 2 pos 6,11 stuck 0
RC POS 256 id 34 seat 4 role defend fs 0 body 1 pos 19,10 stuck 0
RC POS 257 id 8 seat 2 role expand fs 0 body 1 pos 15,7 stuck 0
RC POS 257 id 10 seat 3 role raid fs 1 body 2 pos 6,12 stuck 0
RC POS 257 id 34 seat 4 role defend fs 0 body 1 pos 19,9 stuck 0
RC POS 258 id 8 seat 2 role expand fs 0 body 1 pos 15,8 stuck 0
RC POS 258 id 10 seat 3 role raid fs 1 body 2 pos 6,11 stuck 0
RC POS 258 id 34 seat 4 role defend fs 0 body 1 pos 19,10 stuck 0
RC POS 259 id 10 seat 3 role raid fs 1 body 2 pos 6,12 stuck 0
RC POS 259 id 34 seat 4 role defend fs 0 body 1 pos 19,11 stuck 0
RC POS 260 id 10 seat 3 role raid fs 1 body 2 pos 6,11 stuck 0
RC POS 260 id 34 seat 4 role defend fs 0 body 1 pos 18,11 stuck 0
RC POS 261 id 10 seat 3 role raid fs 1 body 2 pos 6,12 stuck 0
RC POS 261 id 34 seat 4 role defend fs 0 body 1 pos 18,12 stuck 0
RC POS 262 id 10 seat 3 role raid fs 1 body 2 pos 6,11 stuck 0
RC POS 262 id 34 seat 4 role defend fs 0 body 1 pos 17,12 stuck 0
RC POS 263 id 10 seat 3 role raid fs 1 body 2 pos 6,12 stuck 0
RC POS 263 id 34 seat 4 role defend fs 0 body 1 pos 16,12 stuck 0
RC POS 264 id 10 seat 3 role raid fs 1 body 2 pos 6,11 stuck 0
RC POS 264 id 34 seat 4 role defend fs 0 body 1 pos 16,13 stuck 0
RC POS 265 id 10 seat 3 role raid fs 1 body 2 pos 6,12 stuck 0
RC POS 265 id 34 seat 4 role defend fs 0 body 1 pos 15,13 stuck 0
RC POS 266 id 10 seat 3 role raid fs 1 body 2 pos 6,11 stuck 0
RC POS 266 id 34 seat 4 role defend fs 0 body 1 pos 14,13 stuck 0
RC POS 267 id 10 seat 3 role raid fs 1 body 2 pos 6,12 stuck 0
RC POS 267 id 34 seat 4 role defend fs 0 body 1 pos 14,12 stuck 0
RC POS 268 id 10 seat 3 role raid fs 1 body 2 pos 6,11 stuck 0
RC POS 268 id 34 seat 4 role defend fs 0 body 1 pos 14,11 stuck 0
RC POS 269 id 10 seat 3 role raid fs 1 body 2 pos 6,12 stuck 0
RC POS 269 id 34 seat 4 role defend fs 0 body 1 pos 15,11 stuck 0
RC POS 270 id 10 seat 3 role raid fs 1 body 2 pos 6,11 stuck 0
RC POS 271 id 10 seat 3 role raid fs 1 body 2 pos 6,12 stuck 0
RC POS 272 id 10 seat 3 role raid fs 1 body 2 pos 6,11 stuck 0
RC POS 273 id 10 seat 3 role raid fs 1 body 2 pos 6,12 stuck 0
RC POS 274 id 10 seat 3 role raid fs 1 body 2 pos 6,11 stuck 0
RC ECO 275 harvstore 8 harvseen -1 ti 87 units 8 scale 329.0
RC POS 275 id 10 seat 3 role raid fs 1 body 2 pos 6,12 stuck 0
RC POS 276 id 10 seat 3 role raid fs 1 body 2 pos 6,11 stuck 0
RC POS 277 id 10 seat 3 role raid fs 1 body 2 pos 6,12 stuck 0
RC POS 278 id 10 seat 3 role raid fs 1 body 2 pos 6,11 stuck 0
RC POS 279 id 10 seat 3 role raid fs 1 body 2 pos 6,12 stuck 0
RC POS 280 id 10 seat 3 role raid fs 1 body 2 pos 6,11 stuck 0
RC POS 281 id 10 seat 3 role raid fs 1 body 2 pos 6,12 stuck 0
RC POS 282 id 10 seat 3 role raid fs 1 body 2 pos 6,11 stuck 0
RC POS 283 id 10 seat 3 role raid fs 1 body 2 pos 6,12 stuck 0
RC POS 284 id 10 seat 3 role raid fs 1 body 2 pos 6,11 stuck 0
RC POS 285 id 10 seat 3 role raid fs 1 body 2 pos 6,12 stuck 0
RC POS 286 id 10 seat 3 role raid fs 1 body 2 pos 6,11 stuck 0
RC POS 287 id 10 seat 3 role raid fs 1 body 2 pos 6,12 stuck 0
RC POS 288 id 10 seat 3 role raid fs 1 body 2 pos 6,11 stuck 0
RC POS 289 id 10 seat 3 role raid fs 1 body 2 pos 6,12 stuck 0
RC POS 290 id 10 seat 3 role raid fs 1 body 2 pos 6,11 stuck 0
RC POS 291 id 10 seat 3 role raid fs 1 body 2 pos 6,12 stuck 0
RC POS 292 id 10 seat 3 role raid fs 1 body 2 pos 6,11 stuck 0
RC POS 293 id 10 seat 3 role raid fs 1 body 2 pos 6,12 stuck 0
RC POS 294 id 10 seat 3 role raid fs 1 body 2 pos 6,11 stuck 0
RC POS 295 id 10 seat 3 role raid fs 1 body 2 pos 6,12 stuck 0
RC POS 296 id 10 seat 3 role raid fs 1 body 2 pos 6,11 stuck 0
RC POS 297 id 10 seat 3 role raid fs 1 body 2 pos 6,12 stuck 0
RC POS 298 id 10 seat 3 role raid fs 1 body 2 pos 6,11 stuck 0
RC POS 299 id 10 seat 3 role raid fs 1 body 2 pos 6,12 stuck 0
RC ECO 300 harvstore 8 harvseen -1 ti 106 units 8 scale 329.0
RC POS 300 id 10 seat 3 role raid fs 1 body 2 pos 6,11 stuck 0
RC POS 301 id 10 seat 3 role raid fs 1 body 2 pos 6,12 stuck 0
RC POS 302 id 10 seat 3 role raid fs 1 body 2 pos 6,11 stuck 0
RC POS 303 id 10 seat 3 role raid fs 1 body 2 pos 6,12 stuck 0
RC POS 304 id 10 seat 3 role raid fs 1 body 2 pos 6,11 stuck 0
RC POS 305 id 10 seat 3 role raid fs 1 body 2 pos 6,12 stuck 0
RC POS 306 id 10 seat 3 role raid fs 1 body 2 pos 6,11 stuck 0
RC POS 307 id 10 seat 3 role raid fs 1 body 2 pos 6,12 stuck 0
RC POS 308 id 10 seat 3 role raid fs 1 body 2 pos 6,11 stuck 0
RC POS 309 id 10 seat 3 role raid fs 1 body 2 pos 6,12 stuck 0
RC POS 310 id 10 seat 3 role raid fs 1 body 2 pos 6,11 stuck 0
RC POS 311 id 10 seat 3 role raid fs 1 body 2 pos 6,12 stuck 0
RC POS 312 id 10 seat 3 role raid fs 1 body 2 pos 6,11 stuck 0
RC POS 313 id 10 seat 3 role raid fs 1 body 2 pos 6,12 stuck 0
RC POS 314 id 10 seat 3 role raid fs 1 body 2 pos 6,11 stuck 0
RC POS 315 id 10 seat 3 role raid fs 1 body 2 pos 6,12 stuck 0
RC POS 316 id 10 seat 3 role raid fs 1 body 2 pos 6,11 stuck 0
RC POS 317 id 10 seat 3 role raid fs 1 body 2 pos 6,12 stuck 0
RC POS 318 id 10 seat 3 role raid fs 1 body 2 pos 6,11 stuck 0
RC POS 319 id 10 seat 3 role raid fs 1 body 2 pos 6,12 stuck 0
RC POS 320 id 10 seat 3 role raid fs 1 body 2 pos 6,11 stuck 0
RC POS 321 id 10 seat 3 role raid fs 1 body 2 pos 6,12 stuck 0
RC POS 322 id 10 seat 3 role raid fs 1 body 2 pos 6,11 stuck 0
RC POS 323 id 10 seat 3 role raid fs 1 body 2 pos 6,12 stuck 0
RC POS 324 id 10 seat 3 role raid fs 1 body 2 pos 6,11 stuck 0
RC ECO 325 harvstore 8 harvseen -1 ti 99 units 8 scale 329.0
RC POS 325 id 10 seat 3 role raid fs 1 body 2 pos 6,12 stuck 0
RC POS 326 id 10 seat 3 role raid fs 1 body 2 pos 6,11 stuck 0
RC POS 327 id 10 seat 3 role raid fs 1 body 2 pos 6,12 stuck 0
RC POS 328 id 10 seat 3 role raid fs 1 body 2 pos 6,11 stuck 0
RC POS 329 id 10 seat 3 role raid fs 1 body 2 pos 6,12 stuck 0
RC POS 330 id 10 seat 3 role raid fs 1 body 2 pos 6,11 stuck 0
RC POS 331 id 10 seat 3 role raid fs 1 body 2 pos 6,12 stuck 0
RC POS 332 id 10 seat 3 role raid fs 1 body 2 pos 6,11 stuck 0
RC POS 333 id 10 seat 3 role raid fs 1 body 2 pos 6,12 stuck 0
RC POS 334 id 10 seat 3 role raid fs 1 body 2 pos 6,11 stuck 0
RC POS 335 id 10 seat 3 role raid fs 1 body 2 pos 6,12 stuck 0
RC POS 336 id 10 seat 3 role raid fs 1 body 2 pos 6,11 stuck 0
RC POS 337 id 10 seat 3 role raid fs 1 body 2 pos 6,12 stuck 0
RC POS 338 id 10 seat 3 role raid fs 1 body 2 pos 6,11 stuck 0
RC POS 339 id 10 seat 3 role raid fs 1 body 2 pos 6,12 stuck 0
RC POS 340 id 10 seat 3 role raid fs 1 body 2 pos 6,11 stuck 0
RC POS 341 id 10 seat 3 role raid fs 1 body 2 pos 6,12 stuck 0
RC POS 342 id 10 seat 3 role raid fs 1 body 2 pos 6,11 stuck 0
RC POS 343 id 10 seat 3 role raid fs 1 body 2 pos 6,12 stuck 0
RC POS 344 id 10 seat 3 role raid fs 1 body 2 pos 6,11 stuck 0
RC POS 345 id 10 seat 3 role raid fs 1 body 2 pos 6,12 stuck 0
RC POS 346 id 10 seat 3 role raid fs 1 body 2 pos 6,11 stuck 0
RC POS 347 id 10 seat 3 role raid fs 1 body 2 pos 6,12 stuck 0
RC POS 348 id 10 seat 3 role raid fs 1 body 2 pos 6,11 stuck 0
RC POS 349 id 10 seat 3 role raid fs 1 body 2 pos 6,12 stuck 0
RC ECO 350 harvstore 8 harvseen -1 ti 106 units 8 scale 329.0
RC POS 350 id 10 seat 3 role raid fs 1 body 2 pos 6,11 stuck 0
RC POS 351 id 10 seat 3 role raid fs 1 body 2 pos 6,12 stuck 0
RC POS 352 id 10 seat 3 role raid fs 1 body 2 pos 6,11 stuck 0
RC POS 353 id 10 seat 3 role raid fs 1 body 2 pos 6,12 stuck 0
RC POS 354 id 10 seat 3 role raid fs 1 body 2 pos 6,11 stuck 0
RC POS 355 id 10 seat 3 role raid fs 1 body 2 pos 6,12 stuck 0
RC POS 355 id 34 seat 4 role defend fs 0 body 1 pos 15,10 stuck 85
RC POS 356 id 10 seat 3 role raid fs 1 body 2 pos 6,11 stuck 0
RC POS 356 id 34 seat 4 role defend fs 0 body 1 pos 14,10 stuck 0
RC POS 357 id 10 seat 3 role raid fs 1 body 2 pos 6,12 stuck 0
RC POS 358 id 10 seat 3 role raid fs 1 body 2 pos 6,11 stuck 0
RC POS 359 id 10 seat 3 role raid fs 1 body 2 pos 6,12 stuck 0
RC POS 359 id 34 seat 4 role defend fs 0 body 1 pos 15,10 stuck 2
RC POS 360 id 10 seat 3 role raid fs 1 body 2 pos 6,11 stuck 0
RC POS 360 id 34 seat 4 role defend fs 0 body 1 pos 14,10 stuck 0
RC POS 361 id 10 seat 3 role raid fs 1 body 2 pos 6,12 stuck 0
RC POS 362 id 10 seat 3 role raid fs 1 body 2 pos 6,11 stuck 0
RC POS 363 id 10 seat 3 role raid fs 1 body 2 pos 6,12 stuck 0
RC POS 363 id 34 seat 4 role defend fs 0 body 1 pos 15,10 stuck 2
RC POS 364 id 10 seat 3 role raid fs 1 body 2 pos 6,11 stuck 0
RC POS 364 id 34 seat 4 role defend fs 0 body 1 pos 14,10 stuck 0
RC POS 365 id 10 seat 3 role raid fs 1 body 2 pos 6,12 stuck 0
RC POS 366 id 10 seat 3 role raid fs 1 body 2 pos 6,11 stuck 0
RC POS 367 id 10 seat 3 role raid fs 1 body 2 pos 6,12 stuck 0
RC POS 367 id 34 seat 4 role defend fs 0 body 1 pos 15,10 stuck 2
RC POS 368 id 10 seat 3 role raid fs 1 body 2 pos 6,11 stuck 0
RC POS 368 id 34 seat 4 role defend fs 0 body 1 pos 14,10 stuck 0
RC POS 369 id 10 seat 3 role raid fs 1 body 2 pos 6,12 stuck 0
RC POS 370 id 10 seat 3 role raid fs 1 body 2 pos 6,11 stuck 0
RC POS 371 id 10 seat 3 role raid fs 1 body 2 pos 6,12 stuck 0
RC POS 371 id 34 seat 4 role defend fs 0 body 1 pos 15,10 stuck 2
RC POS 372 id 10 seat 3 role raid fs 1 body 2 pos 6,11 stuck 0
RC POS 372 id 34 seat 4 role defend fs 0 body 1 pos 14,10 stuck 0
RC POS 373 id 10 seat 3 role raid fs 1 body 2 pos 6,12 stuck 0
RC POS 374 id 10 seat 3 role raid fs 1 body 2 pos 6,11 stuck 0
RC ECO 375 harvstore 8 harvseen -1 ti 99 units 8 scale 329.0
RC POS 375 id 10 seat 3 role raid fs 1 body 2 pos 6,12 stuck 0
RC POS 375 id 34 seat 4 role defend fs 0 body 1 pos 15,10 stuck 2
RC POS 376 id 10 seat 3 role raid fs 1 body 2 pos 6,11 stuck 0
RC POS 376 id 34 seat 4 role defend fs 0 body 1 pos 14,10 stuck 0
RC POS 377 id 10 seat 3 role raid fs 1 body 2 pos 6,12 stuck 0
RC POS 378 id 10 seat 3 role raid fs 1 body 2 pos 6,11 stuck 0
RC POS 379 id 10 seat 3 role raid fs 1 body 2 pos 6,12 stuck 0
RC POS 379 id 34 seat 4 role defend fs 0 body 1 pos 15,10 stuck 2
RC POS 380 id 10 seat 3 role raid fs 1 body 2 pos 6,11 stuck 0
RC POS 380 id 34 seat 4 role defend fs 0 body 1 pos 14,10 stuck 0
RC POS 381 id 10 seat 3 role raid fs 1 body 2 pos 6,12 stuck 0
RC POS 382 id 10 seat 3 role raid fs 1 body 2 pos 6,11 stuck 0
RC POS 383 id 10 seat 3 role raid fs 1 body 2 pos 6,12 stuck 0
RC POS 383 id 34 seat 4 role defend fs 0 body 1 pos 15,10 stuck 2
RC POS 384 id 10 seat 3 role raid fs 1 body 2 pos 6,11 stuck 0
RC POS 384 id 34 seat 4 role defend fs 0 body 1 pos 14,10 stuck 0
RC POS 385 id 10 seat 3 role raid fs 1 body 2 pos 6,12 stuck 0
RC POS 386 id 10 seat 3 role raid fs 1 body 2 pos 6,11 stuck 0
RC POS 387 id 10 seat 3 role raid fs 1 body 2 pos 6,12 stuck 0
RC POS 387 id 34 seat 4 role defend fs 0 body 1 pos 15,10 stuck 2
RC POS 388 id 10 seat 3 role raid fs 1 body 2 pos 6,11 stuck 0
RC POS 388 id 34 seat 4 role defend fs 0 body 1 pos 14,10 stuck 0
RC POS 389 id 10 seat 3 role raid fs 1 body 2 pos 6,12 stuck 0
RC POS 390 id 10 seat 3 role raid fs 1 body 2 pos 6,11 stuck 0
RC POS 391 id 10 seat 3 role raid fs 1 body 2 pos 6,12 stuck 0
RC POS 391 id 34 seat 4 role defend fs 0 body 1 pos 15,10 stuck 2
RC POS 392 id 10 seat 3 role raid fs 1 body 2 pos 6,11 stuck 0
RC POS 392 id 34 seat 4 role defend fs 0 body 1 pos 14,10 stuck 0
RC POS 393 id 10 seat 3 role raid fs 1 body 2 pos 6,12 stuck 0
RC POS 394 id 10 seat 3 role raid fs 1 body 2 pos 6,11 stuck 0
RC POS 395 id 10 seat 3 role raid fs 1 body 2 pos 6,12 stuck 0
RC POS 395 id 34 seat 4 role defend fs 0 body 1 pos 15,10 stuck 2
RC POS 396 id 10 seat 3 role raid fs 1 body 2 pos 6,11 stuck 0
RC POS 396 id 34 seat 4 role defend fs 0 body 1 pos 14,10 stuck 0
RC POS 397 id 10 seat 3 role raid fs 1 body 2 pos 6,12 stuck 0
RC POS 398 id 10 seat 3 role raid fs 1 body 2 pos 6,11 stuck 0
RC POS 399 id 10 seat 3 role raid fs 1 body 2 pos 6,12 stuck 0
RC POS 399 id 34 seat 4 role defend fs 0 body 1 pos 15,10 stuck 2
RC ECO 400 harvstore 8 harvseen -1 ti 107 units 8 scale 329.0
RC POS 400 id 10 seat 3 role raid fs 1 body 2 pos 6,11 stuck 0
RC POS 400 id 34 seat 4 role defend fs 0 body 1 pos 14,10 stuck 0
RC POS 401 id 10 seat 3 role raid fs 1 body 2 pos 6,12 stuck 0
RC POS 402 id 10 seat 3 role raid fs 1 body 2 pos 6,11 stuck 0
RC POS 403 id 10 seat 3 role raid fs 1 body 2 pos 6,12 stuck 0
RC POS 403 id 34 seat 4 role defend fs 0 body 1 pos 15,10 stuck 2
RC POS 404 id 10 seat 3 role raid fs 1 body 2 pos 6,11 stuck 0
RC POS 404 id 34 seat 4 role defend fs 0 body 1 pos 14,10 stuck 0
RC POS 405 id 10 seat 3 role raid fs 1 body 2 pos 6,12 stuck 0
RC POS 406 id 10 seat 3 role raid fs 1 body 2 pos 6,11 stuck 0
RC POS 407 id 10 seat 3 role raid fs 1 body 2 pos 6,12 stuck 0
RC POS 407 id 34 seat 4 role defend fs 0 body 1 pos 15,10 stuck 2
RC POS 408 id 10 seat 3 role raid fs 1 body 2 pos 6,11 stuck 0
RC POS 408 id 34 seat 4 role defend fs 0 body 1 pos 14,10 stuck 0
RC POS 409 id 10 seat 3 role raid fs 1 body 2 pos 6,12 stuck 0
RC POS 410 id 10 seat 3 role raid fs 1 body 2 pos 6,11 stuck 0
RC POS 411 id 10 seat 3 role raid fs 1 body 2 pos 6,12 stuck 0
RC POS 411 id 34 seat 4 role defend fs 0 body 1 pos 15,10 stuck 2
RC POS 412 id 10 seat 3 role raid fs 1 body 2 pos 6,11 stuck 0
RC POS 412 id 34 seat 4 role defend fs 0 body 1 pos 14,10 stuck 0
RC POS 413 id 10 seat 3 role raid fs 1 body 2 pos 6,12 stuck 0
RC POS 414 id 10 seat 3 role raid fs 1 body 2 pos 6,11 stuck 0
RC POS 415 id 10 seat 3 role raid fs 1 body 2 pos 6,12 stuck 0
RC POS 415 id 34 seat 4 role defend fs 0 body 1 pos 15,10 stuck 2
RC POS 416 id 10 seat 3 role raid fs 1 body 2 pos 6,11 stuck 0
RC POS 416 id 34 seat 4 role defend fs 0 body 1 pos 14,10 stuck 0
RC POS 417 id 10 seat 3 role raid fs 1 body 2 pos 6,12 stuck 0
RC POS 418 id 10 seat 3 role raid fs 1 body 2 pos 6,11 stuck 0
RC POS 419 id 10 seat 3 role raid fs 1 body 2 pos 6,12 stuck 0
RC POS 419 id 34 seat 4 role defend fs 0 body 1 pos 15,10 stuck 2
RC POS 420 id 10 seat 3 role raid fs 1 body 2 pos 6,11 stuck 0
RC POS 420 id 34 seat 4 role defend fs 0 body 1 pos 14,10 stuck 0
RC POS 421 id 10 seat 3 role raid fs 1 body 2 pos 6,12 stuck 0
RC POS 422 id 10 seat 3 role raid fs 1 body 2 pos 6,11 stuck 0
RC POS 423 id 10 seat 3 role raid fs 1 body 2 pos 6,12 stuck 0
RC POS 423 id 34 seat 4 role defend fs 0 body 1 pos 15,10 stuck 2
RC POS 424 id 10 seat 3 role raid fs 1 body 2 pos 6,11 stuck 0
RC POS 424 id 34 seat 4 role defend fs 0 body 1 pos 14,10 stuck 0
RC ECO 425 harvstore 8 harvseen -1 ti 121 units 8 scale 329.0
RC POS 425 id 10 seat 3 role raid fs 1 body 2 pos 6,12 stuck 0
RC POS 426 id 10 seat 3 role raid fs 1 body 2 pos 6,11 stuck 0
RC POS 427 id 10 seat 3 role raid fs 1 body 2 pos 6,12 stuck 0
RC POS 427 id 34 seat 4 role defend fs 0 body 1 pos 15,10 stuck 2
RC POS 428 id 10 seat 3 role raid fs 1 body 2 pos 6,11 stuck 0
RC POS 428 id 34 seat 4 role defend fs 0 body 1 pos 14,10 stuck 0
RC POS 429 id 10 seat 3 role raid fs 1 body 2 pos 6,12 stuck 0
RC POS 430 id 10 seat 3 role raid fs 1 body 2 pos 6,11 stuck 0
RC POS 431 id 10 seat 3 role raid fs 1 body 2 pos 6,12 stuck 0
RC POS 431 id 34 seat 4 role defend fs 0 body 1 pos 15,10 stuck 2
RC POS 432 id 10 seat 3 role raid fs 1 body 2 pos 6,11 stuck 0
RC POS 432 id 34 seat 4 role defend fs 0 body 1 pos 14,10 stuck 0
RC POS 433 id 10 seat 3 role raid fs 1 body 2 pos 6,11 stuck 1
RC POS 434 id 10 seat 3 role raid fs 1 body 2 pos 6,10 stuck 0
RC POS 435 id 10 seat 3 role raid fs 1 body 2 pos 6,9 stuck 0
RC POS 435 id 34 seat 4 role defend fs 0 body 1 pos 15,10 stuck 2
RC POS 436 id 10 seat 3 role raid fs 1 body 2 pos 6,8 stuck 0
RC POS 436 id 34 seat 4 role defend fs 0 body 1 pos 14,10 stuck 0
RC POS 437 id 10 seat 3 role raid fs 1 body 2 pos 5,8 stuck 0
RC POS 438 id 10 seat 3 role raid fs 1 body 2 pos 4,8 stuck 0
RC POS 439 id 10 seat 3 role raid fs 1 body 2 pos 4,7 stuck 0
RC POS 439 id 34 seat 4 role defend fs 0 body 1 pos 15,10 stuck 2
RC POS 440 id 10 seat 3 role raid fs 1 body 2 pos 3,7 stuck 0
RC POS 440 id 34 seat 4 role defend fs 0 body 1 pos 14,10 stuck 0
RC POS 441 id 10 seat 3 role raid fs 1 body 2 pos 2,7 stuck 0
RC POS 442 id 10 seat 3 role raid fs 1 body 2 pos 2,7 stuck 1
RC POS 443 id 10 seat 3 role raid fs 1 body 2 pos 2,7 stuck 2
RC POS 443 id 34 seat 4 role defend fs 0 body 1 pos 15,10 stuck 2
RC POS 444 id 10 seat 3 role raid fs 1 body 2 pos 2,7 stuck 3
RC POS 444 id 34 seat 4 role defend fs 0 body 1 pos 14,10 stuck 0
RC POS 445 id 10 seat 3 role raid fs 1 body 2 pos 2,7 stuck 4
RC POS 446 id 10 seat 3 role raid fs 1 body 2 pos 2,7 stuck 5
RC POS 447 id 10 seat 3 role raid fs 1 body 2 pos 2,7 stuck 6
RC POS 447 id 34 seat 4 role defend fs 0 body 1 pos 15,10 stuck 2
RC POS 448 id 10 seat 3 role raid fs 1 body 2 pos 2,7 stuck 7
RC POS 448 id 34 seat 4 role defend fs 0 body 1 pos 14,10 stuck 0
RC POS 449 id 10 seat 3 role raid fs 1 body 2 pos 2,7 stuck 8
RC ECO 450 harvstore 8 harvseen -1 ti 74 units 9 scale 349.0
RC POS 450 id 10 seat 3 role raid fs 1 body 2 pos 1,7 stuck 0
RC POS 451 id 10 seat 3 role raid fs 1 body 2 pos 0,7 stuck 0
RC POS 451 id 34 seat 4 role defend fs 0 body 1 pos 15,10 stuck 2
RC POS 452 id 10 seat 3 role raid fs 1 body 2 pos 0,8 stuck 0
RC POS 452 id 34 seat 4 role defend fs 0 body 1 pos 14,10 stuck 0
RC POS 453 id 10 seat 3 role raid fs 1 body 2 pos 0,9 stuck 0
RC POS 454 id 10 seat 3 role raid fs 1 body 2 pos 0,9 stuck 1
RC POS 455 id 10 seat 3 role raid fs 1 body 2 pos 0,8 stuck 0
RC POS 455 id 34 seat 4 role defend fs 0 body 1 pos 15,10 stuck 2
RC POS 456 id 10 seat 3 role raid fs 1 body 2 pos 0,7 stuck 0
RC POS 456 id 34 seat 4 role defend fs 0 body 1 pos 14,10 stuck 0
RC POS 457 id 10 seat 3 role raid fs 1 body 2 pos 0,8 stuck 0
RC POS 458 id 10 seat 3 role raid fs 1 body 2 pos 0,9 stuck 0
RC POS 459 id 10 seat 3 role raid fs 1 body 2 pos 0,9 stuck 1
RC POS 459 id 34 seat 4 role defend fs 0 body 1 pos 15,10 stuck 2
RC POS 460 id 10 seat 3 role raid fs 1 body 2 pos 0,8 stuck 0
RC POS 460 id 34 seat 4 role defend fs 0 body 1 pos 14,10 stuck 0
RC POS 461 id 10 seat 3 role raid fs 1 body 2 pos 0,7 stuck 0
RC POS 462 id 6 seat 1 role expand fs 0 body 1 pos 16,11 stuck 226
RC POS 462 id 8 seat 2 role expand fs 0 body 1 pos 15,9 stuck 203
RC POS 462 id 10 seat 3 role raid fs 1 body 2 pos 1,7 stuck 0
RC POS 462 id 34 seat 4 role defend fs 0 body 1 pos 15,10 stuck 1
RC POS 463 id 6 seat 1 role expand fs 0 body 1 pos 15,11 stuck 0
RC POS 463 id 8 seat 2 role expand fs 0 body 1 pos 15,8 stuck 0
RC POS 463 id 10 seat 3 role raid fs 1 body 2 pos 2,7 stuck 0
RC POS 463 id 34 seat 4 role defend fs 0 body 1 pos 15,9 stuck 0
RC POS 464 id 6 seat 1 role expand fs 0 body 1 pos 15,10 stuck 0
RC POS 464 id 8 seat 2 role expand fs 0 body 1 pos 15,7 stuck 0
RC POS 464 id 10 seat 3 role raid fs 1 body 2 pos 2,7 stuck 1
RC POS 464 id 34 seat 4 role defend fs 0 body 1 pos 15,8 stuck 0
RC POS 465 id 8 seat 2 role expand fs 0 body 1 pos 15,6 stuck 0
RC POS 465 id 10 seat 3 role raid fs 1 body 2 pos 2,7 stuck 2
RC POS 465 id 34 seat 4 role defend fs 0 body 1 pos 15,7 stuck 0
RC POS 466 id 8 seat 2 role expand fs 0 body 1 pos 14,6 stuck 0
RC POS 466 id 10 seat 3 role raid fs 1 body 2 pos 1,7 stuck 0
RC POS 466 id 34 seat 4 role defend fs 0 body 1 pos 15,8 stuck 0
RC POS 467 id 8 seat 2 role expand fs 0 body 1 pos 14,7 stuck 0
RC POS 467 id 10 seat 3 role raid fs 1 body 2 pos 0,7 stuck 0
RC POS 467 id 34 seat 4 role defend fs 0 body 1 pos 14,8 stuck 0
RC POS 468 id 8 seat 2 role expand fs 0 body 1 pos 13,7 stuck 0
RC POS 468 id 10 seat 3 role raid fs 1 body 2 pos 0,8 stuck 0
RC POS 468 id 34 seat 4 role defend fs 0 body 1 pos 14,9 stuck 0
RC POS 469 id 8 seat 2 role expand fs 0 body 1 pos 13,8 stuck 0
RC POS 469 id 10 seat 3 role raid fs 1 body 2 pos 0,9 stuck 0
RC POS 469 id 34 seat 4 role defend fs 0 body 1 pos 14,10 stuck 0
RC POS 470 id 8 seat 2 role expand fs 0 body 1 pos 13,9 stuck 0
RC POS 470 id 10 seat 3 role raid fs 1 body 2 pos 0,9 stuck 1
RC POS 471 id 8 seat 2 role expand fs 0 body 1 pos 14,9 stuck 0
RC POS 471 id 10 seat 3 role raid fs 1 body 2 pos 0,8 stuck 0
RC POS 472 id 6 seat 1 role expand fs 0 body 1 pos 15,9 stuck 7
RC POS 472 id 8 seat 2 role expand fs 0 body 1 pos 14,10 stuck 0
RC POS 472 id 10 seat 3 role raid fs 1 body 2 pos 0,7 stuck 0
RC POS 472 id 34 seat 4 role defend fs 0 body 1 pos 15,10 stuck 2
RC POS 473 id 6 seat 1 role expand fs 0 body 1 pos 14,9 stuck 0
RC POS 473 id 8 seat 2 role expand fs 0 body 1 pos 13,10 stuck 0
RC POS 473 id 10 seat 3 role raid fs 1 body 2 pos 1,7 stuck 0
RC POS 473 id 34 seat 4 role defend fs 0 body 1 pos 15,9 stuck 0
RC POS 474 id 6 seat 1 role expand fs 0 body 1 pos 14,10 stuck 0
RC POS 474 id 8 seat 2 role expand fs 0 body 1 pos 13,9 stuck 0
RC POS 474 id 10 seat 3 role raid fs 1 body 2 pos 2,7 stuck 0
RC POS 474 id 34 seat 4 role defend fs 0 body 1 pos 15,8 stuck 0
RC ECO 475 harvstore 8 harvseen -1 ti 61 units 9 scale 350.0
RC POS 475 id 6 seat 1 role expand fs 0 body 1 pos 14,11 stuck 0
RC POS 475 id 8 seat 2 role expand fs 0 body 1 pos 13,8 stuck 0
RC POS 475 id 10 seat 3 role raid fs 1 body 2 pos 3,7 stuck 0
RC POS 475 id 34 seat 4 role defend fs 0 body 1 pos 15,7 stuck 0
RC POS 476 id 6 seat 1 role expand fs 0 body 1 pos 14,12 stuck 0
RC POS 476 id 8 seat 2 role expand fs 0 body 1 pos 13,7 stuck 0
RC POS 476 id 10 seat 3 role raid fs 1 body 2 pos 2,7 stuck 0
RC POS 476 id 34 seat 4 role defend fs 0 body 1 pos 16,7 stuck 0
RC POS 477 id 6 seat 1 role expand fs 0 body 1 pos 14,13 stuck 0
RC POS 477 id 8 seat 2 role expand fs 0 body 1 pos 14,7 stuck 0
RC POS 477 id 10 seat 3 role raid fs 1 body 2 pos 3,7 stuck 0
RC POS 477 id 34 seat 4 role defend fs 0 body 1 pos 16,6 stuck 0
RC POS 478 id 6 seat 1 role expand fs 0 body 1 pos 14,14 stuck 0
RC POS 478 id 8 seat 2 role expand fs 0 body 1 pos 14,6 stuck 0
RC POS 478 id 10 seat 3 role raid fs 1 body 2 pos 2,7 stuck 0
RC POS 478 id 34 seat 4 role defend fs 0 body 1 pos 17,6 stuck 0
RC POS 479 id 6 seat 1 role expand fs 0 body 1 pos 15,14 stuck 0
RC POS 479 id 8 seat 2 role expand fs 0 body 1 pos 14,5 stuck 0
RC POS 479 id 10 seat 3 role raid fs 1 body 2 pos 3,7 stuck 0
RC POS 479 id 34 seat 4 role defend fs 0 body 1 pos 18,6 stuck 0
RC POS 480 id 6 seat 1 role expand fs 0 body 1 pos 16,14 stuck 0
RC POS 480 id 8 seat 2 role expand fs 0 body 1 pos 14,4 stuck 0
RC POS 480 id 10 seat 3 role raid fs 1 body 2 pos 2,7 stuck 0
RC POS 480 id 34 seat 4 role defend fs 0 body 1 pos 19,6 stuck 0
RC POS 481 id 6 seat 1 role expand fs 0 body 1 pos 16,15 stuck 0
RC POS 481 id 8 seat 2 role expand fs 0 body 1 pos 15,4 stuck 0
RC POS 481 id 10 seat 3 role raid fs 1 body 2 pos 3,7 stuck 0
RC POS 481 id 34 seat 4 role defend fs 0 body 1 pos 19,7 stuck 0
RC POS 482 id 6 seat 1 role expand fs 0 body 1 pos 17,15 stuck 0
RC POS 482 id 8 seat 2 role expand fs 0 body 1 pos 16,4 stuck 0
RC POS 482 id 10 seat 3 role raid fs 1 body 2 pos 2,7 stuck 0
RC POS 482 id 34 seat 4 role defend fs 0 body 1 pos 19,8 stuck 0
RC POS 483 id 6 seat 1 role expand fs 0 body 1 pos 17,16 stuck 0
RC POS 483 id 8 seat 2 role expand fs 0 body 1 pos 16,3 stuck 0
RC POS 483 id 10 seat 3 role raid fs 1 body 2 pos 3,7 stuck 0
RC POS 483 id 34 seat 4 role defend fs 0 body 1 pos 19,8 stuck 1
RC POS 484 id 6 seat 1 role expand fs 0 body 1 pos 16,16 stuck 0
RC POS 484 id 8 seat 2 role expand fs 0 body 1 pos 16,2 stuck 0
RC POS 484 id 10 seat 3 role raid fs 1 body 2 pos 2,7 stuck 0
RC POS 484 id 34 seat 4 role defend fs 0 body 1 pos 19,8 stuck 2
RC POS 485 id 6 seat 1 role expand fs 0 body 1 pos 16,17 stuck 0
RC POS 485 id 8 seat 2 role expand fs 0 body 1 pos 15,2 stuck 0
RC POS 485 id 34 seat 4 role defend fs 0 body 1 pos 19,8 stuck 3
RC POS 486 id 6 seat 1 role expand fs 0 body 1 pos 15,17 stuck 0
RC POS 486 id 8 seat 2 role expand fs 0 body 1 pos 14,2 stuck 0
RC POS 486 id 34 seat 4 role defend fs 0 body 1 pos 19,8 stuck 4
RC POS 487 id 6 seat 1 role expand fs 0 body 1 pos 14,17 stuck 0
RC POS 487 id 8 seat 2 role expand fs 0 body 1 pos 13,2 stuck 0
RC POS 487 id 34 seat 4 role defend fs 0 body 1 pos 19,9 stuck 0
RC POS 488 id 6 seat 1 role expand fs 0 body 1 pos 13,17 stuck 0
RC POS 488 id 8 seat 2 role expand fs 0 body 1 pos 12,2 stuck 0
RC POS 488 id 34 seat 4 role defend fs 0 body 1 pos 19,10 stuck 0
RC POS 489 id 6 seat 1 role expand fs 0 body 1 pos 12,17 stuck 0
RC POS 489 id 8 seat 2 role expand fs 0 body 1 pos 11,2 stuck 0
RC POS 489 id 34 seat 4 role defend fs 0 body 1 pos 19,11 stuck 0
RC POS 490 id 6 seat 1 role expand fs 0 body 1 pos 11,17 stuck 0
RC POS 490 id 8 seat 2 role expand fs 0 body 1 pos 11,1 stuck 0
RC POS 490 id 34 seat 4 role defend fs 0 body 1 pos 19,12 stuck 0
RC POS 491 id 6 seat 1 role expand fs 0 body 1 pos 11,18 stuck 0
RC POS 491 id 8 seat 2 role expand fs 0 body 1 pos 10,1 stuck 0
RC POS 491 id 34 seat 4 role defend fs 0 body 1 pos 19,13 stuck 0
RC POS 492 id 6 seat 1 role expand fs 0 body 1 pos 10,18 stuck 0
RC POS 492 id 8 seat 2 role expand fs 0 body 1 pos 9,1 stuck 0
RC POS 492 id 34 seat 4 role defend fs 0 body 1 pos 19,14 stuck 0
RC POS 493 id 6 seat 1 role expand fs 0 body 1 pos 9,18 stuck 0
RC POS 493 id 8 seat 2 role expand fs 0 body 1 pos 9,0 stuck 0
RC POS 493 id 34 seat 4 role defend fs 0 body 1 pos 19,15 stuck 0
RC POS 494 id 6 seat 1 role expand fs 0 body 1 pos 8,18 stuck 0
RC POS 494 id 8 seat 2 role expand fs 0 body 1 pos 9,1 stuck 0
RC POS 494 id 34 seat 4 role defend fs 0 body 1 pos 19,16 stuck 0
RC POS 495 id 6 seat 1 role expand fs 0 body 1 pos 8,17 stuck 0
RC POS 495 id 8 seat 2 role expand fs 0 body 1 pos 9,0 stuck 0
RC POS 495 id 34 seat 4 role defend fs 0 body 1 pos 19,17 stuck 0
RC POS 496 id 6 seat 1 role expand fs 0 body 1 pos 7,17 stuck 0
RC POS 496 id 8 seat 2 role expand fs 0 body 1 pos 9,1 stuck 0
RC POS 496 id 34 seat 4 role defend fs 0 body 1 pos 19,18 stuck 0
RC POS 497 id 6 seat 1 role expand fs 0 body 1 pos 6,17 stuck 0
RC POS 497 id 8 seat 2 role expand fs 0 body 1 pos 9,0 stuck 0
RC POS 497 id 34 seat 4 role defend fs 0 body 1 pos 19,19 stuck 0
RC POS 498 id 6 seat 1 role expand fs 0 body 1 pos 5,17 stuck 0
RC POS 498 id 8 seat 2 role expand fs 0 body 1 pos 9,1 stuck 0
RC POS 498 id 34 seat 4 role defend fs 0 body 1 pos 19,19 stuck 1
RC POS 499 id 6 seat 1 role expand fs 0 body 1 pos 4,17 stuck 0
RC POS 499 id 8 seat 2 role expand fs 0 body 1 pos 9,0 stuck 0
RC POS 499 id 34 seat 4 role defend fs 0 body 1 pos 18,19 stuck 0
RC ECO 500 harvstore 8 harvseen -1 ti 71 units 8 scale 329.0
RC POS 500 id 6 seat 1 role expand fs 0 body 1 pos 3,17 stuck 0
RC POS 500 id 8 seat 2 role expand fs 0 body 1 pos 9,1 stuck 0
RC POS 500 id 34 seat 4 role defend fs 0 body 1 pos 17,19 stuck 0
RC POS 501 id 6 seat 1 role expand fs 0 body 1 pos 3,16 stuck 0
RC POS 501 id 8 seat 2 role expand fs 0 body 1 pos 9,0 stuck 0
RC POS 501 id 34 seat 4 role defend fs 0 body 1 pos 16,19 stuck 0
RC POS 502 id 6 seat 1 role expand fs 0 body 1 pos 3,15 stuck 0
RC POS 502 id 8 seat 2 role expand fs 0 body 1 pos 9,1 stuck 0
RC POS 502 id 34 seat 4 role defend fs 0 body 1 pos 15,19 stuck 0
RC POS 503 id 6 seat 1 role expand fs 0 body 1 pos 4,15 stuck 0
RC POS 503 id 8 seat 2 role expand fs 0 body 1 pos 9,0 stuck 0
RC POS 503 id 34 seat 4 role defend fs 0 body 1 pos 14,19 stuck 0
RC POS 504 id 6 seat 1 role expand fs 0 body 1 pos 4,14 stuck 0
RC POS 504 id 8 seat 2 role expand fs 0 body 1 pos 9,1 stuck 0
RC POS 504 id 34 seat 4 role defend fs 0 body 1 pos 13,19 stuck 0
RC POS 505 id 6 seat 1 role expand fs 0 body 1 pos 5,14 stuck 0
RC POS 505 id 8 seat 2 role expand fs 0 body 1 pos 9,0 stuck 0
RC POS 505 id 34 seat 4 role defend fs 0 body 1 pos 12,19 stuck 0
RC POS 506 id 6 seat 1 role expand fs 0 body 1 pos 5,13 stuck 0
RC POS 506 id 8 seat 2 role expand fs 0 body 1 pos 9,1 stuck 0
RC POS 506 id 34 seat 4 role defend fs 0 body 1 pos 11,19 stuck 0
RC POS 507 id 6 seat 1 role expand fs 0 body 1 pos 5,14 stuck 0
RC POS 507 id 8 seat 2 role expand fs 0 body 1 pos 9,0 stuck 0
RC POS 507 id 34 seat 4 role defend fs 0 body 1 pos 10,19 stuck 0
RC POS 508 id 6 seat 1 role expand fs 0 body 1 pos 5,15 stuck 0
RC POS 508 id 8 seat 2 role expand fs 0 body 1 pos 9,1 stuck 0
RC POS 508 id 34 seat 4 role defend fs 0 body 1 pos 9,19 stuck 0
RC POS 509 id 6 seat 1 role expand fs 0 body 1 pos 4,15 stuck 0
RC POS 509 id 8 seat 2 role expand fs 0 body 1 pos 9,0 stuck 0
RC POS 509 id 34 seat 4 role defend fs 0 body 1 pos 8,19 stuck 0
RC POS 510 id 6 seat 1 role expand fs 0 body 1 pos 3,15 stuck 0
RC POS 510 id 8 seat 2 role expand fs 0 body 1 pos 9,1 stuck 0
RC POS 510 id 34 seat 4 role defend fs 0 body 1 pos 7,19 stuck 0
RC POS 511 id 6 seat 1 role expand fs 0 body 1 pos 3,16 stuck 0
RC POS 511 id 8 seat 2 role expand fs 0 body 1 pos 9,0 stuck 0
RC POS 511 id 34 seat 4 role defend fs 0 body 1 pos 6,19 stuck 0
RC POS 512 id 6 seat 1 role expand fs 0 body 1 pos 3,17 stuck 0
RC POS 512 id 8 seat 2 role expand fs 0 body 1 pos 9,1 stuck 0
RC POS 512 id 34 seat 4 role defend fs 0 body 1 pos 5,19 stuck 0
RC POS 513 id 6 seat 1 role expand fs 0 body 1 pos 4,17 stuck 0
RC POS 513 id 8 seat 2 role expand fs 0 body 1 pos 9,0 stuck 0
RC POS 513 id 34 seat 4 role defend fs 0 body 1 pos 4,19 stuck 0
RC POS 514 id 6 seat 1 role expand fs 0 body 1 pos 5,17 stuck 0
RC POS 514 id 8 seat 2 role expand fs 0 body 1 pos 9,1 stuck 0
RC POS 514 id 34 seat 4 role defend fs 0 body 1 pos 3,19 stuck 0
RC POS 515 id 6 seat 1 role expand fs 0 body 1 pos 6,17 stuck 0
RC POS 515 id 8 seat 2 role expand fs 0 body 1 pos 10,1 stuck 0
RC POS 515 id 34 seat 4 role defend fs 0 body 1 pos 2,19 stuck 0
