Update available: 2.3.6 -> 2.3.8. Run: pip install --upgrade fcode
RC MAP w 30 h 30 ours 26,4 theirs 2,24
RC ECO 0 harvstore 0 harvseen -1 ti 500 units 1 scale 100.0
RC ECO 1 harvstore 0 harvseen -1 ti 470 units 2 scale 120.0
RC SEAT 1 id 4 seat 0
RC POS 1 id 4 seat 0 role raid fs 1 body 1 pos 25,6 stuck 0
RC TEMPO 1 id 4 body 1 born 1 lp 0 must 0 why norid ride None ti 434 lcost 28 acd 0 mcd 0 pos 25,6 dsq 808
RC ECO 2 harvstore 0 harvseen -1 ti 434 units 3 scale 140.0
RC POS 2 id 4 seat 0 role raid fs 1 body 1 pos 25,6 stuck 1
RC TEMPO 2 id 4 body 1 born 1 lp 0 must 0 why norid ride None ti 392 lcost 32 acd 0 mcd 0 pos 25,6 dsq 808
RC SEAT 2 id 6 seat 1
APPT520 CLAIM 2 id 6
RC POS 2 id 6 seat 1 role raid fs 1 body 2 pos 25,5 stuck 0
RC TEMPO 2 id 6 body 2 born 2 lp 0 must 0 why norid ride None ti 392 lcost 32 acd 0 mcd 0 pos 25,5 dsq 845
RC ECO 3 harvstore 0 harvseen -1 ti 392 units 4 scale 160.0
RC POS 3 id 4 seat 0 role raid fs 1 body 1 pos 25,6 stuck 2
RC TEMPO 3 id 4 body 1 born 1 lp 0 must 1 why near1 ride None ti 344 lcost 36 acd 0 mcd 0 pos 25,6 dsq 808
RC HOP 3 lid 11 body 1 at 24,6 dsq 765
RC POS 3 id 6 seat 1 role raid fs 1 body 2 pos 25,5 stuck 1
RC TEMPO 3 id 6 body 2 born 2 lp 1 must 1 why near0 ride None ti 308 lcost 38 acd 0 mcd 0 pos 25,5 dsq 845
RC SEAT 3 id 8 seat 2
RC POS 3 id 8 seat 2 role expand fs 0 body 1 pos 26,6 stuck 0
RC ECO 4 harvstore 0 harvseen -1 ti 318 units 6 scale 190.0
RC POS 4 id 4 seat 0 role raid fs 1 body 1 pos 25,6 stuck 3
RC TEMPO 4 id 4 body 1 born 1 lp 1 must 1 why waitexp ride None ti 318 lcost 38 acd 0 mcd 0 pos 25,6 dsq 808
RC POS 4 id 6 seat 1 role raid fs 1 body 2 pos 24,5 stuck 0
RC TEMPO 4 id 6 body 2 born 2 lp 1 must 1 why near0 ride 3 ti 318 lcost 38 acd 0 mcd 0 pos 24,5 dsq 802
RC POS 4 id 8 seat 2 role expand fs 0 body 1 pos 26,7 stuck 0
RC SEAT 4 id 10 seat 3
RC POS 4 id 10 seat 3 role expand fs 0 body 1 pos 27,6 stuck 0
RC THROW 4 lid 11 body 4 n 1
RC ECO 5 harvstore 0 harvseen -1 ti 318 units 6 scale 190.0
RC POS 5 id 4 seat 0 role raid fs 1 body 1 pos 20,9 stuck 0
RC TEMPO 5 id 4 body 1 born 1 lp 0 must 1 why waitexp ride 4 ti 318 lcost 38 acd 0 mcd 0 pos 20,9 dsq 514
RC HOP 5 lid 13 body 1 at 19,9 dsq 481
RC POS 5 id 6 seat 1 role raid fs 1 body 2 pos 23,5 stuck 0
RC TEMPO 5 id 6 body 2 born 2 lp 1 must 1 why waitexp ride 4 ti 280 lcost 40 acd 0 mcd 0 pos 23,5 dsq 761
RC POS 5 id 8 seat 2 role expand fs 0 body 1 pos 26,8 stuck 0
RC POS 5 id 10 seat 3 role expand fs 0 body 1 pos 26,6 stuck 0
RC THROW 5 lid 11 body 6 n 2
RC ECO 6 harvstore 0 harvseen -1 ti 280 units 6 scale 190.0
RC POS 6 id 4 seat 0 role raid fs 1 body 1 pos 20,9 stuck 1
RC TEMPO 6 id 4 body 1 born 1 lp 1 must 1 why waitexp ride 4 ti 280 lcost 38 acd 0 mcd 0 pos 20,9 dsq 514
RC POS 6 id 6 seat 1 role raid fs 1 body 2 pos 21,10 stuck 0
RC TEMPO 6 id 6 body 2 born 2 lp 0 must 1 why waitexp ride 5 ti 280 lcost 38 acd 0 mcd 0 pos 21,10 dsq 520
RC POS 6 id 8 seat 2 role expand fs 0 body 1 pos 26,9 stuck 0
RC POS 6 id 10 seat 3 role expand fs 0 body 1 pos 25,6 stuck 0
RC THROW 6 lid 13 body 4 n 1
RC ECO 7 harvstore 0 harvseen -1 ti 280 units 6 scale 190.0
RC POS 7 id 4 seat 0 role raid fs 1 body 1 pos 15,12 stuck 0
RC TEMPO 7 id 4 body 1 born 1 lp 0 must 1 why waitexp ride 6 ti 280 lcost 38 acd 0 mcd 0 pos 15,12 dsq 288
RC HOP 7 lid 14 body 1 at 15,13 dsq 265
RC POS 7 id 6 seat 1 role raid fs 1 body 2 pos 21,9 stuck 0
RC TEMPO 7 id 6 body 2 born 2 lp 0 must 1 why waitexp ride 5 ti 242 lcost 40 acd 0 mcd 0 pos 21,9 dsq 549
RC POS 7 id 8 seat 2 role expand fs 0 body 1 pos 26,10 stuck 0
RC POS 7 id 10 seat 3 role expand fs 0 body 1 pos 24,6 stuck 0
RC THROW 7 lid 13 body 6 n 2
RC ECO 8 harvstore 0 harvseen -1 ti 252 units 6 scale 190.0
RC POS 8 id 4 seat 0 role raid fs 1 body 1 pos 15,12 stuck 1
RC TEMPO 8 id 4 body 1 born 1 lp 1 must 1 why waitexp ride 6 ti 252 lcost 38 acd 0 mcd 0 pos 15,12 dsq 288
RC POS 8 id 6 seat 1 role raid fs 1 body 2 pos 16,13 stuck 0
RC TEMPO 8 id 6 body 2 born 2 lp 1 must 1 why waitexp ride 5 ti 252 lcost 38 acd 0 mcd 0 pos 16,13 dsq 290
RC POS 8 id 8 seat 2 role expand fs 0 body 1 pos 26,11 stuck 0
RC POS 8 id 10 seat 3 role expand fs 0 body 1 pos 23,6 stuck 0
RC THROW 8 lid 14 body 4 n 1
RC ECO 9 harvstore 0 harvseen -1 ti 252 units 6 scale 190.0
RC POS 9 id 4 seat 0 role raid fs 1 body 1 pos 11,16 stuck 0
RC TEMPO 9 id 4 body 1 born 1 lp 0 must 1 why waitexp ride 8 ti 252 lcost 38 acd 0 mcd 0 pos 11,16 dsq 128
RC HOP 9 lid 15 body 1 at 11,17 dsq 113
RC POS 9 id 6 seat 1 role raid fs 1 body 2 pos 16,14 stuck 0
RC TEMPO 9 id 6 body 2 born 2 lp 1 must 1 why waitexp ride 8 ti 214 lcost 40 acd 0 mcd 0 pos 16,14 dsq 269
RC POS 9 id 8 seat 2 role expand fs 0 body 1 pos 25,11 stuck 0
RC POS 9 id 10 seat 3 role expand fs 0 body 1 pos 22,6 stuck 0
RC THROW 9 lid 14 body 6 n 2
RC ECO 10 harvstore 0 harvseen -1 ti 214 units 6 scale 190.0
RC POS 10 id 4 seat 0 role raid fs 1 body 1 pos 11,16 stuck 1
RC TEMPO 10 id 4 body 1 born 1 lp 1 must 1 why waitexp ride 8 ti 214 lcost 38 acd 0 mcd 0 pos 11,16 dsq 128
RC POS 10 id 6 seat 1 role raid fs 1 body 2 pos 11,15 stuck 0
RC TEMPO 10 id 6 body 2 born 2 lp 0 must 1 why waitexp ride 9 ti 214 lcost 38 acd 0 mcd 0 pos 11,15 dsq 145
RC POS 10 id 8 seat 2 role expand fs 0 body 1 pos 25,12 stuck 0
RC POS 10 id 10 seat 3 role expand fs 0 body 1 pos 21,6 stuck 0
RC THROW 10 lid 15 body 4 n 1
RC ECO 11 harvstore 0 harvseen -1 ti 214 units 6 scale 190.0
RC POS 11 id 4 seat 0 role raid fs 1 body 1 pos 7,20 stuck 0
RC TEMPO 11 id 4 body 1 born 1 lp 0 must 1 why waitexp ride 10 ti 214 lcost 38 acd 0 mcd 0 pos 7,20 dsq 32
RC HOP 11 lid 16 body 1 at 6,20 dsq 25
RC POS 11 id 6 seat 1 role raid fs 1 body 2 pos 11,16 stuck 0
RC TEMPO 11 id 6 body 2 born 2 lp 1 must 1 why waitexp ride 9 ti 176 lcost 40 acd 0 mcd 0 pos 11,16 dsq 128
RC POS 11 id 8 seat 2 role expand fs 0 body 1 pos 24,12 stuck 0
RC POS 11 id 10 seat 3 role expand fs 0 body 1 pos 20,6 stuck 0
RC THROW 11 lid 15 body 6 n 2
RC ECO 12 harvstore 0 harvseen -1 ti 186 units 6 scale 190.0
RC POS 12 id 4 seat 0 role raid fs 1 body 1 pos 7,20 stuck 1
RC TEMPO 12 id 4 body 1 born 1 lp 1 must 1 why waitexp ride 10 ti 186 lcost 38 acd 0 mcd 0 pos 7,20 dsq 32
RC POS 12 id 6 seat 1 role raid fs 1 body 2 pos 8,21 stuck 0
RC TEMPO 12 id 6 body 2 born 2 lp 0 must 1 why waitexp ride 11 ti 186 lcost 38 acd 0 mcd 0 pos 8,21 dsq 34
RC POS 12 id 8 seat 2 role expand fs 0 body 1 pos 24,13 stuck 0
RC POS 12 id 10 seat 3 role expand fs 0 body 1 pos 19,6 stuck 0
RC SPLIT 12 lid 16 body 4 arc 2 n 1
SPLIT520 12 lch (6, 20) body 4 arc 2 to (2, 23) dsq 1 walk 2 n 1
RC ECO 13 harvstore 1 harvseen -1 ti 148 units 6 scale 195.0
RC POS 13 id 4 seat 0 role raid fs 1 body 1 pos 2,23 stuck 0
RC ARRIVE 13 id 4 body 1 dsq 1
ARC520 CLAIM 13 id 4 body 1 arc 1 at (2, 23)
RC POS 13 id 6 seat 1 role raid fs 1 body 2 pos 8,20 stuck 0
RC TEMPO 13 id 6 body 2 born 2 lp 0 must 1 why waitexp ride 11 ti 143 lcost 39 acd 0 mcd 0 pos 8,20 dsq 41
RC POS 13 id 8 seat 2 role expand fs 0 body 1 pos 24,13 stuck 1
RC POS 13 id 10 seat 3 role expand fs 0 body 1 pos 18,6 stuck 0
RC SPLIT 13 lid 16 body 6 arc 1 n 2
SPLIT520 13 lch (6, 20) body 6 arc 1 to (2, 22) dsq 4 walk 1 n 2
RC ECO 14 harvstore 1 harvseen -1 ti 138 units 5 scale 187.0
RC POS 14 id 4 seat 0 role raid fs 1 body 1 pos 2,23 stuck 1
RC POS 14 id 6 seat 1 role raid fs 1 body 2 pos 2,22 stuck 0
RC ARRIVE 14 id 6 body 2 dsq 4
ARC520 COLLIDE 14 id 6 body 2 peer 1 took 2 n 1
ARC520 CLAIM 14 id 6 body 2 arc 2 at (2, 22)
RC POS 14 id 8 seat 2 role expand fs 0 body 1 pos 24,13 stuck 2
RC POS 14 id 10 seat 3 role expand fs 0 body 1 pos 17,6 stuck 0
RC ECO 15 harvstore 1 harvseen -1 ti 76 units 6 scale 208.0
RC POS 15 id 4 seat 0 role raid fs 1 body 1 pos 2,23 stuck 2
RC POS 15 id 6 seat 1 role raid fs 1 body 2 pos 1,22 stuck 0
RC POS 15 id 8 seat 2 role expand fs 0 body 1 pos 25,13 stuck 0
RC POS 15 id 10 seat 3 role expand fs 0 body 1 pos 16,6 stuck 0
RC SEAT 15 id 23 seat 4
RC POS 15 id 23 seat 4 role defend fs 0 body 1 pos 25,5 stuck 0
RC ECO 16 harvstore 1 harvseen -1 ti 80 units 6 scale 209.0
RC POS 16 id 4 seat 0 role raid fs 1 body 1 pos 2,22 stuck 0
RC POS 16 id 6 seat 1 role raid fs 1 body 2 pos 0,22 stuck 0
RC POS 16 id 8 seat 2 role expand fs 0 body 1 pos 25,13 stuck 1
RC POS 16 id 10 seat 3 role expand fs 0 body 1 pos 15,6 stuck 0
RC POS 16 id 23 seat 4 role defend fs 0 body 1 pos 25,6 stuck 0
RC ECO 17 harvstore 1 harvseen -1 ti 74 units 6 scale 210.0
RC POS 17 id 4 seat 0 role raid fs 1 body 1 pos 3,22 stuck 0
RC POS 17 id 6 seat 1 role raid fs 1 body 2 pos 0,23 stuck 0
RC POS 17 id 8 seat 2 role expand fs 0 body 1 pos 25,13 stuck 2
RC POS 17 id 10 seat 3 role expand fs 0 body 1 pos 15,7 stuck 0
RC POS 17 id 23 seat 4 role defend fs 0 body 1 pos 26,6 stuck 0
RC ECO 18 harvstore 1 harvseen -1 ti 74 units 6 scale 210.0
RC POS 18 id 4 seat 0 role raid fs 1 body 1 pos 4,22 stuck 0
RC POS 18 id 6 seat 1 role raid fs 1 body 2 pos 0,24 stuck 0
RC POS 18 id 8 seat 2 role expand fs 0 body 1 pos 25,12 stuck 0
RC POS 18 id 10 seat 3 role expand fs 0 body 1 pos 16,7 stuck 0
RC POS 18 id 23 seat 4 role defend fs 0 body 1 pos 27,6 stuck 0
RC ECO 19 harvstore 1 harvseen -1 ti 62 units 6 scale 212.0
RC POS 19 id 4 seat 0 role raid fs 1 body 1 pos 4,23 stuck 0
RC POS 19 id 6 seat 1 role raid fs 1 body 2 pos 0,24 stuck 1
RC POS 19 id 8 seat 2 role expand fs 0 body 1 pos 25,12 stuck 1
RC POS 19 id 10 seat 3 role expand fs 0 body 1 pos 16,6 stuck 0
RC POS 19 id 23 seat 4 role defend fs 0 body 1 pos 28,6 stuck 0
RC ECO 20 harvstore 1 harvseen -1 ti 66 units 6 scale 213.0
RC POS 20 id 4 seat 0 role raid fs 1 body 1 pos 4,23 stuck 1
RC POS 20 id 6 seat 1 role raid fs 1 body 2 pos 0,25 stuck 0
RC POS 20 id 8 seat 2 role expand fs 0 body 1 pos 25,11 stuck 0
RC POS 20 id 10 seat 3 role expand fs 0 body 1 pos 15,6 stuck 0
RC POS 20 id 23 seat 4 role defend fs 0 body 1 pos 28,5 stuck 0
RC ECO 21 harvstore 1 harvseen -1 ti 54 units 6 scale 215.0
RC POS 21 id 4 seat 0 role raid fs 1 body 1 pos 5,23 stuck 0
RC POS 21 id 6 seat 1 role raid fs 1 body 2 pos 0,25 stuck 1
RC POS 21 id 8 seat 2 role expand fs 0 body 1 pos 25,11 stuck 1
RC POS 21 id 10 seat 3 role expand fs 0 body 1 pos 16,6 stuck 0
RC POS 21 id 23 seat 4 role defend fs 0 body 1 pos 29,5 stuck 0
RC ECO 22 harvstore 1 harvseen -1 ti 54 units 6 scale 215.0
RC POS 22 id 4 seat 0 role raid fs 1 body 1 pos 5,24 stuck 0
RC POS 22 id 6 seat 1 role raid fs 1 body 2 pos 0,26 stuck 0
RC POS 22 id 8 seat 2 role expand fs 0 body 1 pos 25,10 stuck 0
RC POS 22 id 10 seat 3 role expand fs 0 body 1 pos 15,6 stuck 0
RC POS 22 id 23 seat 4 role defend fs 0 body 1 pos 29,4 stuck 0
RC ECO 23 harvstore 1 harvseen -1 ti 48 units 6 scale 216.0
RC POS 23 id 4 seat 0 role raid fs 1 body 1 pos 5,25 stuck 0
RC POS 23 id 6 seat 1 role raid fs 1 body 2 pos 1,26 stuck 0
RC POS 23 id 8 seat 2 role expand fs 0 body 1 pos 25,10 stuck 1
RC POS 23 id 10 seat 3 role expand fs 0 body 1 pos 15,7 stuck 0
RC POS 23 id 23 seat 4 role defend fs 0 body 1 pos 29,5 stuck 0
RC ECO 24 harvstore 1 harvseen -1 ti 46 units 6 scale 218.0
RC POS 24 id 4 seat 0 role raid fs 1 body 1 pos 5,25 stuck 1
RC POS 24 id 6 seat 1 role raid fs 1 body 2 pos 1,26 stuck 1
RC POS 24 id 8 seat 2 role expand fs 0 body 1 pos 25,9 stuck 0
RC POS 24 id 10 seat 3 role expand fs 0 body 1 pos 16,7 stuck 0
RC POS 24 id 23 seat 4 role defend fs 0 body 1 pos 29,6 stuck 0
RC ECO 25 harvstore 1 harvseen -1 ti 40 units 6 scale 219.0
RC POS 25 id 4 seat 0 role raid fs 1 body 1 pos 5,26 stuck 0
RC POS 25 id 6 seat 1 role raid fs 1 body 2 pos 1,27 stuck 0
RC POS 25 id 8 seat 2 role expand fs 0 body 1 pos 25,9 stuck 1
RC POS 25 id 10 seat 3 role expand fs 0 body 1 pos 16,6 stuck 0
RC POS 25 id 23 seat 4 role defend fs 0 body 1 pos 29,7 stuck 0
RC ECO 26 harvstore 1 harvseen -1 ti 40 units 6 scale 219.0
RC POS 26 id 4 seat 0 role raid fs 1 body 1 pos 4,26 stuck 0
RC POS 26 id 6 seat 1 role raid fs 1 body 2 pos 2,27 stuck 0
RC POS 26 id 8 seat 2 role expand fs 0 body 1 pos 25,8 stuck 0
RC POS 26 id 10 seat 3 role expand fs 0 body 1 pos 15,6 stuck 0
RC POS 26 id 23 seat 4 role defend fs 0 body 1 pos 29,8 stuck 0
RC ECO 27 harvstore 1 harvseen -1 ti 28 units 6 scale 221.0
RC POS 27 id 4 seat 0 role raid fs 1 body 1 pos 4,26 stuck 1
RC POS 27 id 6 seat 1 role raid fs 1 body 2 pos 1,27 stuck 0
RC POS 27 id 8 seat 2 role expand fs 0 body 1 pos 25,8 stuck 1
RC POS 27 id 10 seat 3 role expand fs 0 body 1 pos 16,6 stuck 0
RC POS 27 id 23 seat 4 role defend fs 0 body 1 pos 28,8 stuck 0
RC ECO 28 harvstore 1 harvseen -1 ti 38 units 6 scale 221.0
RC POS 28 id 4 seat 0 role raid fs 1 body 1 pos 4,27 stuck 0
RC POS 28 id 6 seat 1 role raid fs 1 body 2 pos 1,26 stuck 0
RC POS 28 id 8 seat 2 role expand fs 0 body 1 pos 25,7 stuck 0
RC POS 28 id 10 seat 3 role expand fs 0 body 1 pos 15,6 stuck 0
RC POS 28 id 23 seat 4 role defend fs 0 body 1 pos 28,9 stuck 0
RC ECO 29 harvstore 1 harvseen -1 ti 32 units 6 scale 222.0
RC POS 29 id 4 seat 0 role raid fs 1 body 1 pos 3,27 stuck 0
RC POS 29 id 6 seat 1 role raid fs 1 body 2 pos 0,26 stuck 0
RC POS 29 id 8 seat 2 role expand fs 0 body 1 pos 25,7 stuck 1
RC POS 29 id 10 seat 3 role expand fs 0 body 1 pos 15,7 stuck 0
RC POS 29 id 23 seat 4 role defend fs 0 body 1 pos 27,9 stuck 0
RC ECO 30 harvstore 1 harvseen -1 ti 32 units 6 scale 222.0
RC POS 30 id 4 seat 0 role raid fs 1 body 1 pos 3,28 stuck 0
RC POS 30 id 6 seat 1 role raid fs 1 body 2 pos 0,25 stuck 0
RC POS 30 id 8 seat 2 role expand fs 0 body 1 pos 25,6 stuck 0
RC POS 30 id 10 seat 3 role expand fs 0 body 1 pos 16,7 stuck 0
RC POS 30 id 23 seat 4 role defend fs 0 body 1 pos 26,9 stuck 0
RC ECO 31 harvstore 1 harvseen -1 ti 26 units 6 scale 223.0
RC POS 31 id 4 seat 0 role raid fs 1 body 1 pos 4,28 stuck 0
RC POS 31 id 6 seat 1 role raid fs 1 body 2 pos 0,24 stuck 0
RC POS 31 id 8 seat 2 role expand fs 0 body 1 pos 25,6 stuck 1
RC POS 31 id 10 seat 3 role expand fs 0 body 1 pos 16,6 stuck 0
RC POS 31 id 23 seat 4 role defend fs 0 body 1 pos 25,9 stuck 0
RC ECO 32 harvstore 1 harvseen -1 ti 46 units 6 scale 223.0
RC POS 32 id 4 seat 0 role raid fs 1 body 1 pos 5,28 stuck 0
RC POS 32 id 6 seat 1 role raid fs 1 body 2 pos 0,23 stuck 0
RC POS 32 id 8 seat 2 role expand fs 0 body 1 pos 25,5 stuck 0
RC POS 32 id 10 seat 3 role expand fs 0 body 1 pos 15,6 stuck 0
RC POS 32 id 23 seat 4 role defend fs 0 body 1 pos 24,9 stuck 0
RC ECO 33 harvstore 1 harvseen -1 ti 56 units 6 scale 223.0
RC POS 33 id 4 seat 0 role raid fs 1 body 1 pos 4,28 stuck 0
RC POS 33 id 6 seat 1 role raid fs 1 body 2 pos 0,22 stuck 0
RC POS 33 id 8 seat 2 role expand fs 0 body 1 pos 24,5 stuck 0
RC POS 33 id 10 seat 3 role expand fs 0 body 1 pos 16,6 stuck 0
RC POS 33 id 23 seat 4 role defend fs 0 body 1 pos 23,9 stuck 0
RC ECO 34 harvstore 1 harvseen -1 ti 66 units 6 scale 223.0
RC POS 34 id 4 seat 0 role raid fs 1 body 1 pos 5,28 stuck 0
RC POS 34 id 6 seat 1 role raid fs 1 body 2 pos 0,23 stuck 0
RC POS 34 id 8 seat 2 role expand fs 0 body 1 pos 23,5 stuck 0
RC POS 34 id 10 seat 3 role expand fs 0 body 1 pos 15,6 stuck 0
RC POS 34 id 23 seat 4 role defend fs 0 body 1 pos 22,9 stuck 0
RC ECO 35 harvstore 1 harvseen -1 ti 66 units 6 scale 223.0
RC POS 35 id 4 seat 0 role raid fs 1 body 1 pos 4,28 stuck 0
RC POS 35 id 6 seat 1 role raid fs 1 body 2 pos 0,22 stuck 0
RC POS 35 id 8 seat 2 role expand fs 0 body 1 pos 22,5 stuck 0
RC POS 35 id 10 seat 3 role expand fs 0 body 1 pos 15,7 stuck 0
RC POS 35 id 23 seat 4 role defend fs 0 body 1 pos 21,9 stuck 0
RC ECO 36 harvstore 1 harvseen -1 ti 76 units 6 scale 223.0
RC POS 36 id 4 seat 0 role raid fs 1 body 1 pos 5,28 stuck 0
RC POS 36 id 6 seat 1 role raid fs 1 body 2 pos 1,22 stuck 0
RC POS 36 id 8 seat 2 role expand fs 0 body 1 pos 21,5 stuck 0
RC POS 36 id 10 seat 3 role expand fs 0 body 1 pos 16,7 stuck 0
RC POS 36 id 23 seat 4 role defend fs 0 body 1 pos 21,8 stuck 0
RC ECO 37 harvstore 1 harvseen -1 ti 76 units 6 scale 223.0
RC POS 37 id 4 seat 0 role raid fs 1 body 1 pos 4,28 stuck 0
RC POS 37 id 6 seat 1 role raid fs 1 body 2 pos 2,22 stuck 0
RC POS 37 id 8 seat 2 role expand fs 0 body 1 pos 20,5 stuck 0
RC POS 37 id 10 seat 3 role expand fs 0 body 1 pos 16,6 stuck 0
RC POS 37 id 23 seat 4 role defend fs 0 body 1 pos 20,8 stuck 0
RC ECO 38 harvstore 1 harvseen -1 ti 86 units 6 scale 223.0
RC POS 38 id 4 seat 0 role raid fs 1 body 1 pos 4,27 stuck 0
RC POS 38 id 6 seat 1 role raid fs 1 body 2 pos 3,22 stuck 0
RC POS 38 id 8 seat 2 role expand fs 0 body 1 pos 19,5 stuck 0
RC POS 38 id 10 seat 3 role expand fs 0 body 1 pos 15,6 stuck 0
RC POS 38 id 23 seat 4 role defend fs 0 body 1 pos 20,9 stuck 0
RC ECO 39 harvstore 1 harvseen -1 ti 86 units 6 scale 223.0
RC POS 39 id 4 seat 0 role raid fs 1 body 1 pos 3,27 stuck 0
RC POS 39 id 6 seat 1 role raid fs 1 body 2 pos 2,22 stuck 0
RC POS 39 id 8 seat 2 role expand fs 0 body 1 pos 18,5 stuck 0
RC POS 39 id 10 seat 3 role expand fs 0 body 1 pos 16,6 stuck 0
RC POS 39 id 23 seat 4 role defend fs 0 body 1 pos 19,9 stuck 0
RC ECO 40 harvstore 1 harvseen -1 ti 96 units 6 scale 223.0
RC POS 40 id 4 seat 0 role raid fs 1 body 1 pos 2,27 stuck 0
RC POS 40 id 6 seat 1 role raid fs 1 body 2 pos 3,22 stuck 0
RC POS 40 id 8 seat 2 role expand fs 0 body 1 pos 17,5 stuck 0
RC POS 40 id 10 seat 3 role expand fs 0 body 1 pos 15,6 stuck 0
RC POS 40 id 23 seat 4 role defend fs 0 body 1 pos 19,10 stuck 0
RC ECO 41 harvstore 1 harvseen -1 ti 96 units 6 scale 223.0
RC POS 41 id 4 seat 0 role raid fs 1 body 1 pos 1,27 stuck 0
RC POS 41 id 6 seat 1 role raid fs 1 body 2 pos 2,22 stuck 0
RC POS 41 id 8 seat 2 role expand fs 0 body 1 pos 16,5 stuck 0
RC POS 41 id 10 seat 3 role expand fs 0 body 1 pos 15,7 stuck 0
RC POS 41 id 23 seat 4 role defend fs 0 body 1 pos 18,10 stuck 0
RC ECO 42 harvstore 1 harvseen -1 ti 106 units 6 scale 223.0
RC POS 42 id 4 seat 0 role raid fs 1 body 1 pos 1,26 stuck 0
RC POS 42 id 6 seat 1 role raid fs 1 body 2 pos 3,22 stuck 0
RC POS 42 id 8 seat 2 role expand fs 0 body 1 pos 16,6 stuck 0
RC POS 42 id 10 seat 3 role expand fs 0 body 1 pos 15,6 stuck 0
RC POS 42 id 23 seat 4 role defend fs 0 body 1 pos 19,10 stuck 0
RC ECO 43 harvstore 2 harvseen -1 ti 62 units 6 scale 228.0
RC POS 43 id 4 seat 0 role raid fs 1 body 1 pos 0,26 stuck 0
RC POS 43 id 6 seat 1 role raid fs 1 body 2 pos 2,22 stuck 0
RC POS 43 id 8 seat 2 role expand fs 0 body 1 pos 16,6 stuck 1
RC POS 43 id 10 seat 3 role expand fs 0 body 1 pos 14,6 stuck 0
RC POS 43 id 23 seat 4 role defend fs 0 body 1 pos 19,10 stuck 1
RC ECO 44 harvstore 2 harvseen -1 ti 56 units 6 scale 229.0
RC POS 44 id 4 seat 0 role raid fs 1 body 1 pos 0,26 stuck 1
RC POS 44 id 6 seat 1 role raid fs 1 body 2 pos 3,22 stuck 0
RC POS 44 id 8 seat 2 role expand fs 0 body 1 pos 15,6 stuck 0
RC POS 44 id 10 seat 3 role expand fs 0 body 1 pos 14,5 stuck 0
RC POS 44 id 23 seat 4 role defend fs 0 body 1 pos 19,10 stuck 2
RC ECO 45 harvstore 2 harvseen -1 ti 52 units 6 scale 229.0
RC POS 45 id 4 seat 0 role raid fs 1 body 1 pos 0,25 stuck 0
RC POS 45 id 6 seat 1 role raid fs 1 body 2 pos 2,22 stuck 0
RC POS 45 id 8 seat 2 role expand fs 0 body 1 pos 15,7 stuck 0
RC POS 45 id 10 seat 3 role expand fs 0 body 1 pos 15,5 stuck 0
RC POS 45 id 23 seat 4 role defend fs 0 body 1 pos 20,10 stuck 0
RC ECO 46 harvstore 2 harvseen -1 ti 46 units 6 scale 230.0
RC POS 46 id 4 seat 0 role raid fs 1 body 1 pos 0,25 stuck 1
RC POS 46 id 6 seat 1 role raid fs 1 body 2 pos 3,22 stuck 0
RC POS 46 id 8 seat 2 role expand fs 0 body 1 pos 16,7 stuck 0
RC POS 46 id 10 seat 3 role expand fs 0 body 1 pos 16,5 stuck 0
RC POS 46 id 23 seat 4 role defend fs 0 body 1 pos 20,10 stuck 1
RC ECO 47 harvstore 2 harvseen -1 ti 40 units 6 scale 231.0
RC POS 47 id 4 seat 0 role raid fs 1 body 1 pos 0,24 stuck 0
RC POS 47 id 6 seat 1 role raid fs 1 body 2 pos 2,22 stuck 0
RC POS 47 id 8 seat 2 role expand fs 0 body 1 pos 16,6 stuck 0
RC POS 47 id 10 seat 3 role expand fs 0 body 1 pos 15,5 stuck 0
RC POS 47 id 23 seat 4 role defend fs 0 body 1 pos 20,10 stuck 2
RC ECO 48 harvstore 2 harvseen -1 ti 50 units 6 scale 231.0
RC POS 48 id 4 seat 0 role raid fs 1 body 1 pos 0,24 stuck 1
RC POS 48 id 6 seat 1 role raid fs 1 body 2 pos 3,22 stuck 0
RC POS 48 id 8 seat 2 role expand fs 0 body 1 pos 15,6 stuck 0
RC POS 48 id 10 seat 3 role expand fs 0 body 1 pos 16,5 stuck 0
RC POS 48 id 23 seat 4 role defend fs 0 body 1 pos 21,10 stuck 0
RC ECO 49 harvstore 2 harvseen -1 ti 44 units 6 scale 232.0
RC POS 49 id 4 seat 0 role raid fs 1 body 1 pos 0,23 stuck 0
RC POS 49 id 6 seat 1 role raid fs 1 body 2 pos 2,22 stuck 0
RC POS 49 id 8 seat 2 role expand fs 0 body 1 pos 14,6 stuck 0
RC POS 49 id 10 seat 3 role expand fs 0 body 1 pos 16,6 stuck 0
RC POS 49 id 23 seat 4 role defend fs 0 body 1 pos 21,10 stuck 1
RC ECO 50 harvstore 2 harvseen -1 ti 54 units 6 scale 232.0
RC POS 50 id 4 seat 0 role raid fs 1 body 1 pos 0,23 stuck 1
RC POS 50 id 6 seat 1 role raid fs 1 body 2 pos 3,22 stuck 0
RC POS 50 id 8 seat 2 role expand fs 0 body 1 pos 15,6 stuck 0
RC POS 50 id 10 seat 3 role expand fs 0 body 1 pos 16,6 stuck 1
RC POS 50 id 23 seat 4 role defend fs 0 body 1 pos 21,9 stuck 0
RC ECO 51 harvstore 2 harvseen -1 ti 54 units 6 scale 232.0
RC POS 51 id 4 seat 0 role raid fs 1 body 1 pos 0,22 stuck 0
RC POS 51 id 6 seat 1 role raid fs 1 body 2 pos 2,22 stuck 0
RC POS 51 id 8 seat 2 role expand fs 0 body 1 pos 14,6 stuck 0
RC POS 51 id 10 seat 3 role expand fs 0 body 1 pos 15,6 stuck 0
RC POS 51 id 23 seat 4 role defend fs 0 body 1 pos 21,8 stuck 0
RC ECO 52 harvstore 2 harvseen -1 ti 64 units 6 scale 232.0
RC POS 52 id 4 seat 0 role raid fs 1 body 1 pos 1,22 stuck 0
RC POS 52 id 6 seat 1 role raid fs 1 body 2 pos 3,22 stuck 0
RC POS 52 id 8 seat 2 role expand fs 0 body 1 pos 14,5 stuck 0
RC POS 52 id 10 seat 3 role expand fs 0 body 1 pos 15,7 stuck 0
RC POS 52 id 23 seat 4 role defend fs 0 body 1 pos 21,7 stuck 0
RC ECO 53 harvstore 2 harvseen -1 ti 64 units 6 scale 232.0
RC POS 53 id 4 seat 0 role raid fs 1 body 1 pos 2,22 stuck 0
RC POS 53 id 6 seat 1 role raid fs 1 body 2 pos 3,22 stuck 1
RC POS 53 id 8 seat 2 role expand fs 0 body 1 pos 15,5 stuck 0
RC POS 53 id 10 seat 3 role expand fs 0 body 1 pos 16,7 stuck 0
RC POS 53 id 23 seat 4 role defend fs 0 body 1 pos 22,7 stuck 0
RC ECO 54 harvstore 2 harvseen -1 ti 28 units 7 scale 252.0
RC POS 54 id 4 seat 0 role raid fs 1 body 1 pos 1,22 stuck 0
RC POS 54 id 6 seat 1 role raid fs 1 body 2 pos 2,22 stuck 0
RC POS 54 id 8 seat 2 role expand fs 0 body 1 pos 16,5 stuck 0
RC POS 54 id 10 seat 3 role expand fs 0 body 1 pos 16,6 stuck 0
RC POS 54 id 23 seat 4 role defend fs 0 body 1 pos 22,7 stuck 1
RC ECO 55 harvstore 2 harvseen -1 ti 28 units 7 scale 252.0
RC POS 55 id 4 seat 0 role raid fs 1 body 1 pos 1,22 stuck 1
RC POS 55 id 6 seat 1 role raid fs 1 body 2 pos 3,22 stuck 0
RC POS 55 id 8 seat 2 role expand fs 0 body 1 pos 15,5 stuck 0
RC POS 55 id 10 seat 3 role expand fs 0 body 1 pos 15,6 stuck 0
RC POS 55 id 23 seat 4 role defend fs 0 body 1 pos 23,7 stuck 0
RC ECO 56 harvstore 2 harvseen -1 ti 38 units 7 scale 252.0
RC POS 56 id 4 seat 0 role raid fs 1 body 1 pos 2,22 stuck 0
RC POS 56 id 6 seat 1 role raid fs 1 body 2 pos 3,22 stuck 1
RC POS 56 id 8 seat 2 role expand fs 0 body 1 pos 16,5 stuck 0
RC POS 56 id 10 seat 3 role expand fs 0 body 1 pos 14,6 stuck 0
RC POS 56 id 23 seat 4 role defend fs 0 body 1 pos 24,7 stuck 0
RC ECO 57 harvstore 2 harvseen -1 ti 38 units 7 scale 252.0
RC POS 57 id 4 seat 0 role raid fs 1 body 1 pos 1,22 stuck 0
RC POS 57 id 6 seat 1 role raid fs 1 body 2 pos 2,22 stuck 0
RC POS 57 id 8 seat 2 role expand fs 0 body 1 pos 16,6 stuck 0
RC POS 57 id 10 seat 3 role expand fs 0 body 1 pos 15,6 stuck 0
RC POS 57 id 23 seat 4 role defend fs 0 body 1 pos 24,6 stuck 0
RC ECO 58 harvstore 2 harvseen -1 ti 48 units 7 scale 252.0
RC POS 58 id 4 seat 0 role raid fs 1 body 1 pos 1,22 stuck 1
RC POS 58 id 6 seat 1 role raid fs 1 body 2 pos 3,22 stuck 0
RC POS 58 id 8 seat 2 role expand fs 0 body 1 pos 16,6 stuck 1
RC POS 58 id 10 seat 3 role expand fs 0 body 1 pos 15,6 stuck 1
RC POS 58 id 23 seat 4 role defend fs 0 body 1 pos 25,6 stuck 0
RC ECO 59 harvstore 2 harvseen -1 ti 48 units 7 scale 252.0
RC POS 59 id 4 seat 0 role raid fs 1 body 1 pos 2,22 stuck 0
RC POS 59 id 6 seat 1 role raid fs 1 body 2 pos 3,22 stuck 1
RC POS 59 id 8 seat 2 role expand fs 0 body 1 pos 16,6 stuck 2
RC POS 59 id 10 seat 3 role expand fs 0 body 1 pos 15,7 stuck 0
RC POS 59 id 23 seat 4 role defend fs 0 body 1 pos 25,6 stuck 1
RC ECO 60 harvstore 2 harvseen -1 ti 58 units 7 scale 252.0
RC POS 60 id 4 seat 0 role raid fs 1 body 1 pos 1,22 stuck 0
RC POS 60 id 6 seat 1 role raid fs 1 body 2 pos 2,22 stuck 0
RC POS 60 id 8 seat 2 role expand fs 0 body 1 pos 15,6 stuck 0
RC POS 60 id 10 seat 3 role expand fs 0 body 1 pos 16,7 stuck 0
RC POS 60 id 23 seat 4 role defend fs 0 body 1 pos 25,6 stuck 2
RC POS 61 id 4 seat 0 role raid fs 1 body 1 pos 1,22 stuck 1
RC POS 61 id 6 seat 1 role raid fs 1 body 2 pos 3,22 stuck 0
RC POS 61 id 8 seat 2 role expand fs 0 body 1 pos 16,6 stuck 0
RC POS 61 id 10 seat 3 role expand fs 0 body 1 pos 15,7 stuck 0
RC POS 61 id 23 seat 4 role defend fs 0 body 1 pos 25,6 stuck 3
RC POS 62 id 4 seat 0 role raid fs 1 body 1 pos 2,22 stuck 0
RC POS 62 id 6 seat 1 role raid fs 1 body 2 pos 3,22 stuck 1
RC POS 62 id 8 seat 2 role expand fs 0 body 1 pos 15,6 stuck 0
RC POS 62 id 10 seat 3 role expand fs 0 body 1 pos 16,7 stuck 0
RC POS 62 id 23 seat 4 role defend fs 0 body 1 pos 25,6 stuck 4
RC POS 63 id 4 seat 0 role raid fs 1 body 1 pos 1,22 stuck 0
RC POS 63 id 6 seat 1 role raid fs 1 body 2 pos 2,22 stuck 0
RC POS 63 id 8 seat 2 role expand fs 0 body 1 pos 14,6 stuck 0
RC POS 63 id 10 seat 3 role expand fs 0 body 1 pos 16,6 stuck 0
RC POS 63 id 23 seat 4 role defend fs 0 body 1 pos 25,7 stuck 0
RC POS 64 id 4 seat 0 role raid fs 1 body 1 pos 1,22 stuck 1
RC POS 64 id 6 seat 1 role raid fs 1 body 2 pos 3,22 stuck 0
RC POS 64 id 8 seat 2 role expand fs 0 body 1 pos 15,6 stuck 0
RC POS 64 id 10 seat 3 role expand fs 0 body 1 pos 16,6 stuck 1
RC POS 64 id 23 seat 4 role defend fs 0 body 1 pos 25,8 stuck 0
RC POS 65 id 4 seat 0 role raid fs 1 body 1 pos 2,22 stuck 0
RC POS 65 id 6 seat 1 role raid fs 1 body 2 pos 3,22 stuck 1
RC POS 65 id 8 seat 2 role expand fs 0 body 1 pos 14,6 stuck 0
RC POS 65 id 10 seat 3 role expand fs 0 body 1 pos 15,6 stuck 0
RC POS 65 id 23 seat 4 role defend fs 0 body 1 pos 24,8 stuck 0
RC POS 66 id 4 seat 0 role raid fs 1 body 1 pos 1,22 stuck 0
RC POS 66 id 6 seat 1 role raid fs 1 body 2 pos 2,22 stuck 0
RC POS 66 id 8 seat 2 role expand fs 0 body 1 pos 14,5 stuck 0
RC POS 66 id 10 seat 3 role expand fs 0 body 1 pos 14,6 stuck 0
RC POS 66 id 23 seat 4 role defend fs 0 body 1 pos 24,9 stuck 0
RC POS 67 id 4 seat 0 role raid fs 1 body 1 pos 1,22 stuck 1
RC POS 67 id 6 seat 1 role raid fs 1 body 2 pos 3,22 stuck 0
RC POS 67 id 8 seat 2 role expand fs 0 body 1 pos 15,5 stuck 0
RC POS 67 id 10 seat 3 role expand fs 0 body 1 pos 15,6 stuck 0
RC POS 67 id 23 seat 4 role defend fs 0 body 1 pos 23,9 stuck 0
RC POS 68 id 4 seat 0 role raid fs 1 body 1 pos 2,22 stuck 0
RC POS 68 id 6 seat 1 role raid fs 1 body 2 pos 3,22 stuck 1
RC POS 68 id 8 seat 2 role expand fs 0 body 1 pos 16,5 stuck 0
RC POS 68 id 10 seat 3 role expand fs 0 body 1 pos 16,6 stuck 0
RC POS 68 id 23 seat 4 role defend fs 0 body 1 pos 23,9 stuck 1
RC POS 69 id 4 seat 0 role raid fs 1 body 1 pos 1,22 stuck 0
RC POS 69 id 6 seat 1 role raid fs 1 body 2 pos 2,22 stuck 0
RC POS 69 id 8 seat 2 role expand fs 0 body 1 pos 15,5 stuck 0
RC POS 69 id 10 seat 3 role expand fs 0 body 1 pos 15,6 stuck 0
RC POS 69 id 23 seat 4 role defend fs 0 body 1 pos 24,9 stuck 0
RC POS 70 id 4 seat 0 role raid fs 1 body 1 pos 1,22 stuck 1
RC POS 70 id 6 seat 1 role raid fs 1 body 2 pos 3,22 stuck 0
RC POS 70 id 8 seat 2 role expand fs 0 body 1 pos 16,5 stuck 0
RC POS 70 id 10 seat 3 role expand fs 0 body 1 pos 15,7 stuck 0
RC POS 70 id 23 seat 4 role defend fs 0 body 1 pos 24,9 stuck 1
RC POS 71 id 4 seat 0 role raid fs 1 body 1 pos 2,22 stuck 0
RC POS 71 id 6 seat 1 role raid fs 1 body 2 pos 3,22 stuck 1
RC POS 71 id 8 seat 2 role expand fs 0 body 1 pos 16,6 stuck 0
RC POS 71 id 10 seat 3 role expand fs 0 body 1 pos 15,6 stuck 0
RC POS 71 id 23 seat 4 role defend fs 0 body 1 pos 25,9 stuck 0
RC POS 72 id 4 seat 0 role raid fs 1 body 1 pos 1,22 stuck 0
RC POS 72 id 6 seat 1 role raid fs 1 body 2 pos 2,22 stuck 0
RC POS 72 id 8 seat 2 role expand fs 0 body 1 pos 16,6 stuck 1
RC POS 72 id 10 seat 3 role expand fs 0 body 1 pos 15,7 stuck 0
RC POS 72 id 23 seat 4 role defend fs 0 body 1 pos 25,8 stuck 0
RC POS 73 id 4 seat 0 role raid fs 1 body 1 pos 1,22 stuck 1
RC POS 73 id 6 seat 1 role raid fs 1 body 2 pos 2,22 stuck 1
RC POS 73 id 8 seat 2 role expand fs 0 body 1 pos 15,6 stuck 0
RC POS 73 id 10 seat 3 role expand fs 0 body 1 pos 16,7 stuck 0
RC POS 73 id 23 seat 4 role defend fs 0 body 1 pos 25,7 stuck 0
RC POS 74 id 4 seat 0 role raid fs 1 body 1 pos 1,21 stuck 0
RC POS 74 id 6 seat 1 role raid fs 1 body 2 pos 3,22 stuck 0
RC POS 74 id 8 seat 2 role expand fs 0 body 1 pos 16,6 stuck 0
RC POS 74 id 10 seat 3 role expand fs 0 body 1 pos 15,7 stuck 0
RC POS 74 id 23 seat 4 role defend fs 0 body 1 pos 25,6 stuck 0
RC ECO 75 harvstore 2 harvseen -1 ti 16 units 8 scale 275.0
RC POS 75 id 4 seat 0 role raid fs 1 body 1 pos 2,21 stuck 0
RC POS 75 id 6 seat 1 role raid fs 1 body 2 pos 4,22 stuck 0
RC POS 75 id 8 seat 2 role expand fs 0 body 1 pos 15,6 stuck 0
RC POS 75 id 10 seat 3 role expand fs 0 body 1 pos 16,7 stuck 0
RC POS 75 id 23 seat 4 role defend fs 0 body 1 pos 25,6 stuck 1
RC POS 76 id 4 seat 0 role raid fs 1 body 1 pos 3,21 stuck 0
RC POS 76 id 6 seat 1 role raid fs 1 body 2 pos 4,22 stuck 1
RC POS 76 id 8 seat 2 role expand fs 0 body 1 pos 14,6 stuck 0
RC POS 76 id 10 seat 3 role expand fs 0 body 1 pos 16,6 stuck 0
RC POS 76 id 23 seat 4 role defend fs 0 body 1 pos 25,6 stuck 2
RC POS 77 id 4 seat 0 role raid fs 1 body 1 pos 4,21 stuck 0
RC POS 77 id 6 seat 1 role raid fs 1 body 2 pos 3,22 stuck 0
RC POS 77 id 8 seat 2 role expand fs 0 body 1 pos 15,6 stuck 0
RC POS 77 id 10 seat 3 role expand fs 0 body 1 pos 16,6 stuck 1
RC POS 77 id 23 seat 4 role defend fs 0 body 1 pos 25,6 stuck 3
RC POS 78 id 4 seat 0 role raid fs 1 body 1 pos 4,22 stuck 0
RC POS 78 id 6 seat 1 role raid fs 1 body 2 pos 3,21 stuck 0
RC POS 78 id 8 seat 2 role expand fs 0 body 1 pos 14,6 stuck 0
RC POS 78 id 10 seat 3 role expand fs 0 body 1 pos 15,6 stuck 0
RC POS 78 id 23 seat 4 role defend fs 0 body 1 pos 25,6 stuck 4
RC POS 79 id 4 seat 0 role raid fs 1 body 1 pos 4,21 stuck 0
RC POS 79 id 6 seat 1 role raid fs 1 body 2 pos 3,20 stuck 0
RC POS 79 id 8 seat 2 role expand fs 0 body 1 pos 14,5 stuck 0
RC POS 79 id 10 seat 3 role expand fs 0 body 1 pos 16,6 stuck 0
RC POS 79 id 23 seat 4 role defend fs 0 body 1 pos 25,6 stuck 5
RC POS 80 id 4 seat 0 role raid fs 1 body 1 pos 5,21 stuck 0
RC POS 80 id 6 seat 1 role raid fs 1 body 2 pos 4,20 stuck 0
RC POS 80 id 8 seat 2 role expand fs 0 body 1 pos 15,5 stuck 0
RC POS 80 id 10 seat 3 role expand fs 0 body 1 pos 15,6 stuck 0
RC POS 80 id 23 seat 4 role defend fs 0 body 1 pos 24,6 stuck 0
RC POS 81 id 4 seat 0 role raid fs 1 body 1 pos 6,21 stuck 0
RC POS 81 id 6 seat 1 role raid fs 1 body 2 pos 5,20 stuck 0
RC POS 81 id 8 seat 2 role expand fs 0 body 1 pos 16,5 stuck 0
RC POS 81 id 10 seat 3 role expand fs 0 body 1 pos 15,7 stuck 0
RC POS 81 id 23 seat 4 role defend fs 0 body 1 pos 24,6 stuck 1
RC POS 82 id 4 seat 0 role raid fs 1 body 1 pos 5,21 stuck 0
RC POS 82 id 6 seat 1 role raid fs 1 body 2 pos 6,20 stuck 0
RC POS 82 id 8 seat 2 role expand fs 0 body 1 pos 16,6 stuck 0
RC POS 82 id 10 seat 3 role expand fs 0 body 1 pos 15,6 stuck 0
RC POS 82 id 23 seat 4 role defend fs 0 body 1 pos 23,6 stuck 0
RC POS 83 id 4 seat 0 role raid fs 1 body 1 pos 6,21 stuck 0
RC POS 83 id 6 seat 1 role raid fs 1 body 2 pos 7,20 stuck 0
RC POS 83 id 8 seat 2 role expand fs 0 body 1 pos 16,6 stuck 1
RC POS 83 id 10 seat 3 role expand fs 0 body 1 pos 14,6 stuck 0
RC POS 83 id 23 seat 4 role defend fs 0 body 1 pos 24,6 stuck 0
RC POS 84 id 4 seat 0 role raid fs 1 body 1 pos 5,21 stuck 0
RC POS 84 id 6 seat 1 role raid fs 1 body 2 pos 6,20 stuck 0
RC POS 84 id 8 seat 2 role expand fs 0 body 1 pos 15,6 stuck 0
RC POS 84 id 10 seat 3 role expand fs 0 body 1 pos 14,5 stuck 0
RC POS 84 id 23 seat 4 role defend fs 0 body 1 pos 25,6 stuck 0
RC POS 85 id 4 seat 0 role raid fs 1 body 1 pos 6,21 stuck 0
RC POS 85 id 6 seat 1 role raid fs 1 body 2 pos 7,20 stuck 0
RC POS 85 id 8 seat 2 role expand fs 0 body 1 pos 16,6 stuck 0
RC POS 85 id 10 seat 3 role expand fs 0 body 1 pos 15,5 stuck 0
RC POS 85 id 23 seat 4 role defend fs 0 body 1 pos 25,6 stuck 1
RC POS 86 id 4 seat 0 role raid fs 1 body 1 pos 5,21 stuck 0
RC POS 86 id 6 seat 1 role raid fs 1 body 2 pos 6,20 stuck 0
RC POS 86 id 8 seat 2 role expand fs 0 body 1 pos 15,6 stuck 0
RC POS 86 id 10 seat 3 role expand fs 0 body 1 pos 16,5 stuck 0
RC POS 86 id 23 seat 4 role defend fs 0 body 1 pos 25,6 stuck 2
RC POS 87 id 4 seat 0 role raid fs 1 body 1 pos 6,21 stuck 0
RC POS 87 id 6 seat 1 role raid fs 1 body 2 pos 7,20 stuck 0
RC POS 87 id 8 seat 2 role expand fs 0 body 1 pos 14,6 stuck 0
RC POS 87 id 10 seat 3 role expand fs 0 body 1 pos 16,6 stuck 0
RC POS 87 id 23 seat 4 role defend fs 0 body 1 pos 25,6 stuck 3
RC POS 88 id 4 seat 0 role raid fs 1 body 1 pos 5,21 stuck 0
RC POS 88 id 6 seat 1 role raid fs 1 body 2 pos 7,21 stuck 0
RC POS 88 id 8 seat 2 role expand fs 0 body 1 pos 15,6 stuck 0
RC POS 88 id 10 seat 3 role expand fs 0 body 1 pos 16,6 stuck 1
RC POS 88 id 23 seat 4 role defend fs 0 body 1 pos 25,6 stuck 4
RC POS 89 id 4 seat 0 role raid fs 1 body 1 pos 6,21 stuck 0
RC POS 89 id 6 seat 1 role raid fs 1 body 2 pos 7,22 stuck 0
RC POS 89 id 8 seat 2 role expand fs 0 body 1 pos 14,6 stuck 0
RC POS 89 id 10 seat 3 role expand fs 0 body 1 pos 15,6 stuck 0
RC POS 89 id 23 seat 4 role defend fs 0 body 1 pos 25,6 stuck 5
RC POS 90 id 4 seat 0 role raid fs 1 body 1 pos 5,21 stuck 0
RC POS 90 id 6 seat 1 role raid fs 1 body 2 pos 6,22 stuck 0
RC POS 90 id 8 seat 2 role expand fs 0 body 1 pos 14,5 stuck 0
RC POS 90 id 10 seat 3 role expand fs 0 body 1 pos 15,7 stuck 0
RC POS 90 id 23 seat 4 role defend fs 0 body 1 pos 24,6 stuck 0
RC POS 91 id 4 seat 0 role raid fs 1 body 1 pos 6,21 stuck 0
RC POS 91 id 6 seat 1 role raid fs 1 body 2 pos 6,23 stuck 0
RC POS 91 id 8 seat 2 role expand fs 0 body 1 pos 15,5 stuck 0
RC POS 91 id 10 seat 3 role expand fs 0 body 1 pos 16,7 stuck 0
RC POS 91 id 23 seat 4 role defend fs 0 body 1 pos 24,5 stuck 0
RC POS 92 id 4 seat 0 role raid fs 1 body 1 pos 5,21 stuck 0
RC POS 92 id 6 seat 1 role raid fs 1 body 2 pos 6,22 stuck 0
RC POS 92 id 8 seat 2 role expand fs 0 body 1 pos 16,5 stuck 0
RC POS 92 id 10 seat 3 role expand fs 0 body 1 pos 16,6 stuck 0
RC POS 92 id 23 seat 4 role defend fs 0 body 1 pos 24,4 stuck 0
RC POS 93 id 4 seat 0 role raid fs 1 body 1 pos 6,21 stuck 0
RC POS 93 id 6 seat 1 role raid fs 1 body 2 pos 6,23 stuck 0
RC POS 93 id 8 seat 2 role expand fs 0 body 1 pos 15,5 stuck 0
RC POS 93 id 10 seat 3 role expand fs 0 body 1 pos 15,6 stuck 0
RC POS 93 id 23 seat 4 role defend fs 0 body 1 pos 23,4 stuck 0
RC POS 94 id 4 seat 0 role raid fs 1 body 1 pos 6,22 stuck 0
RC POS 94 id 6 seat 1 role raid fs 1 body 2 pos 6,24 stuck 0
RC POS 94 id 8 seat 2 role expand fs 0 body 1 pos 16,5 stuck 0
RC POS 94 id 10 seat 3 role expand fs 0 body 1 pos 14,6 stuck 0
RC POS 94 id 23 seat 4 role defend fs 0 body 1 pos 23,3 stuck 0
RC POS 95 id 4 seat 0 role raid fs 1 body 1 pos 6,21 stuck 0
RC POS 95 id 6 seat 1 role raid fs 1 body 2 pos 5,24 stuck 0
RC POS 95 id 8 seat 2 role expand fs 0 body 1 pos 16,6 stuck 0
RC POS 95 id 10 seat 3 role expand fs 0 body 1 pos 15,6 stuck 0
RC POS 95 id 23 seat 4 role defend fs 0 body 1 pos 22,3 stuck 0
RC POS 96 id 4 seat 0 role raid fs 1 body 1 pos 6,20 stuck 0
RC POS 96 id 6 seat 1 role raid fs 1 body 2 pos 5,25 stuck 0
RC POS 96 id 8 seat 2 role expand fs 0 body 1 pos 16,6 stuck 1
RC POS 96 id 10 seat 3 role expand fs 0 body 1 pos 15,6 stuck 1
RC POS 96 id 23 seat 4 role defend fs 0 body 1 pos 22,2 stuck 0
RC POS 97 id 4 seat 0 role raid fs 1 body 1 pos 6,21 stuck 0
RC POS 97 id 6 seat 1 role raid fs 1 body 2 pos 5,26 stuck 0
RC POS 97 id 8 seat 2 role expand fs 0 body 1 pos 16,6 stuck 2
RC POS 97 id 10 seat 3 role expand fs 0 body 1 pos 15,7 stuck 0
RC POS 97 id 23 seat 4 role defend fs 0 body 1 pos 21,2 stuck 0
RC POS 98 id 4 seat 0 role raid fs 1 body 1 pos 6,20 stuck 0
RC POS 98 id 6 seat 1 role raid fs 1 body 2 pos 5,26 stuck 1
RC POS 98 id 8 seat 2 role expand fs 0 body 1 pos 15,6 stuck 0
RC POS 98 id 10 seat 3 role expand fs 0 body 1 pos 16,7 stuck 0
RC POS 98 id 23 seat 4 role defend fs 0 body 1 pos 21,1 stuck 0
RC POS 99 id 4 seat 0 role raid fs 1 body 1 pos 6,21 stuck 0
RC POS 99 id 6 seat 1 role raid fs 1 body 2 pos 5,27 stuck 0
RC POS 99 id 8 seat 2 role expand fs 0 body 1 pos 16,6 stuck 0
RC POS 99 id 10 seat 3 role expand fs 0 body 1 pos 15,7 stuck 0
RC POS 99 id 23 seat 4 role defend fs 0 body 1 pos 20,1 stuck 0
RC ECO 100 harvstore 2 harvseen -1 ti 18 units 8 scale 276.0
RC POS 100 id 4 seat 0 role raid fs 1 body 1 pos 5,21 stuck 0
RC POS 100 id 6 seat 1 role raid fs 1 body 2 pos 4,27 stuck 0
RC POS 100 id 8 seat 2 role expand fs 0 body 1 pos 15,6 stuck 0
RC POS 100 id 10 seat 3 role expand fs 0 body 1 pos 16,7 stuck 0
RC POS 100 id 23 seat 4 role defend fs 0 body 1 pos 20,0 stuck 0
RC POS 101 id 4 seat 0 role raid fs 1 body 1 pos 6,21 stuck 0
RC POS 101 id 6 seat 1 role raid fs 1 body 2 pos 3,27 stuck 0
RC POS 101 id 8 seat 2 role expand fs 0 body 1 pos 14,6 stuck 0
RC POS 101 id 10 seat 3 role expand fs 0 body 1 pos 16,6 stuck 0
RC POS 101 id 23 seat 4 role defend fs 0 body 1 pos 21,0 stuck 0
RC POS 102 id 4 seat 0 role raid fs 1 body 1 pos 5,21 stuck 0
RC POS 102 id 6 seat 1 role raid fs 1 body 2 pos 2,27 stuck 0
RC POS 102 id 8 seat 2 role expand fs 0 body 1 pos 15,6 stuck 0
RC POS 102 id 10 seat 3 role expand fs 0 body 1 pos 16,6 stuck 1
RC POS 102 id 23 seat 4 role defend fs 0 body 1 pos 22,0 stuck 0
RC POS 103 id 4 seat 0 role raid fs 1 body 1 pos 6,21 stuck 0
RC POS 103 id 6 seat 1 role raid fs 1 body 2 pos 1,27 stuck 0
RC POS 103 id 8 seat 2 role expand fs 0 body 1 pos 14,6 stuck 0
RC POS 103 id 10 seat 3 role expand fs 0 body 1 pos 15,6 stuck 0
RC POS 103 id 23 seat 4 role defend fs 0 body 1 pos 23,0 stuck 0
RC POS 104 id 4 seat 0 role raid fs 1 body 1 pos 5,21 stuck 0
RC POS 104 id 6 seat 1 role raid fs 1 body 2 pos 1,26 stuck 0
RC POS 104 id 8 seat 2 role expand fs 0 body 1 pos 14,5 stuck 0
RC POS 104 id 10 seat 3 role expand fs 0 body 1 pos 14,6 stuck 0
RC POS 104 id 23 seat 4 role defend fs 0 body 1 pos 24,0 stuck 0
RC POS 105 id 4 seat 0 role raid fs 1 body 1 pos 6,21 stuck 0
RC POS 105 id 6 seat 1 role raid fs 1 body 2 pos 1,27 stuck 0
RC POS 105 id 8 seat 2 role expand fs 0 body 1 pos 15,5 stuck 0
RC POS 105 id 10 seat 3 role expand fs 0 body 1 pos 15,6 stuck 0
RC POS 105 id 23 seat 4 role defend fs 0 body 1 pos 25,0 stuck 0
RC POS 106 id 4 seat 0 role raid fs 1 body 1 pos 5,21 stuck 0
RC POS 106 id 6 seat 1 role raid fs 1 body 2 pos 1,26 stuck 0
RC POS 106 id 8 seat 2 role expand fs 0 body 1 pos 16,5 stuck 0
RC POS 106 id 10 seat 3 role expand fs 0 body 1 pos 16,6 stuck 0
RC POS 106 id 23 seat 4 role defend fs 0 body 1 pos 26,0 stuck 0
RC POS 107 id 4 seat 0 role raid fs 1 body 1 pos 6,21 stuck 0
RC POS 107 id 6 seat 1 role raid fs 1 body 2 pos 1,27 stuck 0
RC POS 107 id 8 seat 2 role expand fs 0 body 1 pos 15,5 stuck 0
RC POS 107 id 10 seat 3 role expand fs 0 body 1 pos 15,6 stuck 0
RC POS 107 id 23 seat 4 role defend fs 0 body 1 pos 27,0 stuck 0
RC POS 108 id 4 seat 0 role raid fs 1 body 1 pos 5,21 stuck 0
RC POS 108 id 6 seat 1 role raid fs 1 body 2 pos 1,26 stuck 0
RC POS 108 id 8 seat 2 role expand fs 0 body 1 pos 16,5 stuck 0
RC POS 108 id 10 seat 3 role expand fs 0 body 1 pos 15,7 stuck 0
RC POS 108 id 23 seat 4 role defend fs 0 body 1 pos 28,0 stuck 0
RC POS 109 id 4 seat 0 role raid fs 1 body 1 pos 6,21 stuck 0
RC POS 109 id 6 seat 1 role raid fs 1 body 2 pos 1,27 stuck 0
RC POS 109 id 8 seat 2 role expand fs 0 body 1 pos 16,6 stuck 0
RC POS 109 id 10 seat 3 role expand fs 0 body 1 pos 15,6 stuck 0
RC POS 109 id 23 seat 4 role defend fs 0 body 1 pos 29,0 stuck 0
RC POS 110 id 4 seat 0 role raid fs 1 body 1 pos 5,21 stuck 0
RC POS 110 id 6 seat 1 role raid fs 1 body 2 pos 1,26 stuck 0
RC POS 110 id 8 seat 2 role expand fs 0 body 1 pos 16,6 stuck 1
RC POS 110 id 10 seat 3 role expand fs 0 body 1 pos 15,7 stuck 0
RC POS 110 id 23 seat 4 role defend fs 0 body 1 pos 29,0 stuck 1
RC POS 111 id 4 seat 0 role raid fs 1 body 1 pos 6,21 stuck 0
RC POS 111 id 6 seat 1 role raid fs 1 body 2 pos 1,27 stuck 0
RC POS 111 id 8 seat 2 role expand fs 0 body 1 pos 15,6 stuck 0
RC POS 111 id 10 seat 3 role expand fs 0 body 1 pos 16,7 stuck 0
RC POS 111 id 23 seat 4 role defend fs 0 body 1 pos 29,1 stuck 0
RC POS 112 id 4 seat 0 role raid fs 1 body 1 pos 5,21 stuck 0
RC POS 112 id 6 seat 1 role raid fs 1 body 2 pos 1,26 stuck 0
RC POS 112 id 8 seat 2 role expand fs 0 body 1 pos 16,6 stuck 0
RC POS 112 id 10 seat 3 role expand fs 0 body 1 pos 15,7 stuck 0
RC POS 112 id 23 seat 4 role defend fs 0 body 1 pos 29,2 stuck 0
RC POS 113 id 4 seat 0 role raid fs 1 body 1 pos 6,21 stuck 0
RC POS 113 id 6 seat 1 role raid fs 1 body 2 pos 1,27 stuck 0
RC POS 113 id 8 seat 2 role expand fs 0 body 1 pos 15,6 stuck 0
RC POS 113 id 10 seat 3 role expand fs 0 body 1 pos 16,7 stuck 0
RC POS 113 id 23 seat 4 role defend fs 0 body 1 pos 29,3 stuck 0
RC POS 114 id 4 seat 0 role raid fs 1 body 1 pos 5,21 stuck 0
RC POS 114 id 6 seat 1 role raid fs 1 body 2 pos 1,26 stuck 0
RC POS 114 id 8 seat 2 role expand fs 0 body 1 pos 14,6 stuck 0
RC POS 114 id 10 seat 3 role expand fs 0 body 1 pos 16,6 stuck 0
RC POS 114 id 23 seat 4 role defend fs 0 body 1 pos 29,4 stuck 0
RC POS 115 id 4 seat 0 role raid fs 1 body 1 pos 6,21 stuck 0
RC POS 115 id 6 seat 1 role raid fs 1 body 2 pos 1,27 stuck 0
RC POS 115 id 8 seat 2 role expand fs 0 body 1 pos 15,6 stuck 0
RC POS 115 id 10 seat 3 role expand fs 0 body 1 pos 16,6 stuck 1
RC POS 115 id 23 seat 4 role defend fs 0 body 1 pos 29,5 stuck 0
RC POS 116 id 4 seat 0 role raid fs 1 body 1 pos 5,21 stuck 0
RC POS 116 id 6 seat 1 role raid fs 1 body 2 pos 1,26 stuck 0
RC POS 116 id 8 seat 2 role expand fs 0 body 1 pos 14,6 stuck 0
RC POS 116 id 10 seat 3 role expand fs 0 body 1 pos 15,6 stuck 0
RC POS 116 id 23 seat 4 role defend fs 0 body 1 pos 29,6 stuck 0
RC POS 117 id 4 seat 0 role raid fs 1 body 1 pos 6,21 stuck 0
RC POS 117 id 6 seat 1 role raid fs 1 body 2 pos 1,27 stuck 0
RC POS 117 id 8 seat 2 role expand fs 0 body 1 pos 14,5 stuck 0
RC POS 117 id 10 seat 3 role expand fs 0 body 1 pos 16,6 stuck 0
RC POS 117 id 23 seat 4 role defend fs 0 body 1 pos 29,6 stuck 1
RC POS 118 id 4 seat 0 role raid fs 1 body 1 pos 5,21 stuck 0
RC POS 118 id 6 seat 1 role raid fs 1 body 2 pos 1,26 stuck 0
RC POS 118 id 8 seat 2 role expand fs 0 body 1 pos 15,5 stuck 0
RC POS 118 id 10 seat 3 role expand fs 0 body 1 pos 15,6 stuck 0
RC POS 118 id 23 seat 4 role defend fs 0 body 1 pos 29,6 stuck 2
RC POS 119 id 4 seat 0 role raid fs 1 body 1 pos 6,21 stuck 0
RC POS 119 id 6 seat 1 role raid fs 1 body 2 pos 1,27 stuck 0
RC POS 119 id 8 seat 2 role expand fs 0 body 1 pos 16,5 stuck 0
RC POS 119 id 10 seat 3 role expand fs 0 body 1 pos 15,7 stuck 0
RC POS 119 id 23 seat 4 role defend fs 0 body 1 pos 29,6 stuck 3
RC POS 120 id 4 seat 0 role raid fs 1 body 1 pos 5,21 stuck 0
RC POS 120 id 6 seat 1 role raid fs 1 body 2 pos 1,26 stuck 0
RC POS 120 id 8 seat 2 role expand fs 0 body 1 pos 16,6 stuck 0
RC POS 120 id 10 seat 3 role expand fs 0 body 1 pos 15,6 stuck 0
RC POS 120 id 23 seat 4 role defend fs 0 body 1 pos 29,6 stuck 4
RC POS 121 id 4 seat 0 role raid fs 1 body 1 pos 6,21 stuck 0
RC POS 121 id 6 seat 1 role raid fs 1 body 2 pos 1,27 stuck 0
RC POS 121 id 8 seat 2 role expand fs 0 body 1 pos 16,6 stuck 1
RC POS 121 id 10 seat 3 role expand fs 0 body 1 pos 14,6 stuck 0
RC POS 121 id 23 seat 4 role defend fs 0 body 1 pos 29,6 stuck 5
RC POS 122 id 4 seat 0 role raid fs 1 body 1 pos 5,21 stuck 0
RC POS 122 id 6 seat 1 role raid fs 1 body 2 pos 1,26 stuck 0
RC POS 122 id 8 seat 2 role expand fs 0 body 1 pos 15,6 stuck 0
RC POS 122 id 10 seat 3 role expand fs 0 body 1 pos 14,5 stuck 0
RC POS 122 id 23 seat 4 role defend fs 0 body 1 pos 29,7 stuck 0
RC POS 123 id 4 seat 0 role raid fs 1 body 1 pos 6,21 stuck 0
RC POS 123 id 6 seat 1 role raid fs 1 body 2 pos 1,27 stuck 0
RC POS 123 id 8 seat 2 role expand fs 0 body 1 pos 16,6 stuck 0
RC POS 123 id 10 seat 3 role expand fs 0 body 1 pos 15,5 stuck 0
RC POS 123 id 23 seat 4 role defend fs 0 body 1 pos 29,8 stuck 0
RC POS 124 id 4 seat 0 role raid fs 1 body 1 pos 5,21 stuck 0
RC POS 124 id 6 seat 1 role raid fs 1 body 2 pos 1,26 stuck 0
RC POS 124 id 8 seat 2 role expand fs 0 body 1 pos 15,6 stuck 0
RC POS 124 id 10 seat 3 role expand fs 0 body 1 pos 16,5 stuck 0
RC POS 124 id 23 seat 4 role defend fs 0 body 1 pos 29,9 stuck 0
RC ECO 125 harvstore 2 harvseen -1 ti 16 units 8 scale 275.0
RC POS 125 id 4 seat 0 role raid fs 1 body 1 pos 6,21 stuck 0
RC POS 125 id 6 seat 1 role raid fs 1 body 2 pos 1,27 stuck 0
RC POS 125 id 8 seat 2 role expand fs 0 body 1 pos 14,6 stuck 0
RC POS 125 id 10 seat 3 role expand fs 0 body 1 pos 16,6 stuck 0
RC POS 125 id 23 seat 4 role defend fs 0 body 1 pos 29,10 stuck 0
RC POS 126 id 4 seat 0 role raid fs 1 body 1 pos 5,21 stuck 0
RC POS 126 id 6 seat 1 role raid fs 1 body 2 pos 1,26 stuck 0
RC POS 126 id 8 seat 2 role expand fs 0 body 1 pos 15,6 stuck 0
RC POS 126 id 10 seat 3 role expand fs 0 body 1 pos 16,6 stuck 1
RC POS 126 id 23 seat 4 role defend fs 0 body 1 pos 29,11 stuck 0
RC POS 127 id 4 seat 0 role raid fs 1 body 1 pos 6,21 stuck 0
RC POS 127 id 6 seat 1 role raid fs 1 body 2 pos 1,27 stuck 0
RC POS 127 id 8 seat 2 role expand fs 0 body 1 pos 14,6 stuck 0
RC POS 127 id 10 seat 3 role expand fs 0 body 1 pos 15,6 stuck 0
RC POS 127 id 23 seat 4 role defend fs 0 body 1 pos 28,11 stuck 0
RC POS 128 id 4 seat 0 role raid fs 1 body 1 pos 5,21 stuck 0
RC POS 128 id 6 seat 1 role raid fs 1 body 2 pos 1,26 stuck 0
RC POS 128 id 8 seat 2 role expand fs 0 body 1 pos 14,5 stuck 0
RC POS 128 id 10 seat 3 role expand fs 0 body 1 pos 15,7 stuck 0
RC POS 128 id 23 seat 4 role defend fs 0 body 1 pos 28,12 stuck 0
RC POS 129 id 4 seat 0 role raid fs 1 body 1 pos 6,21 stuck 0
RC POS 129 id 6 seat 1 role raid fs 1 body 2 pos 1,27 stuck 0
RC POS 129 id 8 seat 2 role expand fs 0 body 1 pos 15,5 stuck 0
RC POS 129 id 10 seat 3 role expand fs 0 body 1 pos 16,7 stuck 0
RC POS 129 id 23 seat 4 role defend fs 0 body 1 pos 27,12 stuck 0
RC POS 130 id 4 seat 0 role raid fs 1 body 1 pos 5,21 stuck 0
RC POS 130 id 6 seat 1 role raid fs 1 body 2 pos 1,26 stuck 0
RC POS 130 id 8 seat 2 role expand fs 0 body 1 pos 16,5 stuck 0
RC POS 130 id 10 seat 3 role expand fs 0 body 1 pos 16,6 stuck 0
RC POS 130 id 23 seat 4 role defend fs 0 body 1 pos 27,13 stuck 0
RC POS 131 id 4 seat 0 role raid fs 1 body 1 pos 6,21 stuck 0
RC POS 131 id 6 seat 1 role raid fs 1 body 2 pos 1,27 stuck 0
RC POS 131 id 8 seat 2 role expand fs 0 body 1 pos 15,5 stuck 0
RC POS 131 id 10 seat 3 role expand fs 0 body 1 pos 15,6 stuck 0
RC POS 131 id 23 seat 4 role defend fs 0 body 1 pos 26,13 stuck 0
RC POS 132 id 4 seat 0 role raid fs 1 body 1 pos 5,21 stuck 0
RC POS 132 id 6 seat 1 role raid fs 1 body 2 pos 1,26 stuck 0
RC POS 132 id 8 seat 2 role expand fs 0 body 1 pos 16,5 stuck 0
RC POS 132 id 10 seat 3 role expand fs 0 body 1 pos 14,6 stuck 0
RC POS 132 id 23 seat 4 role defend fs 0 body 1 pos 26,14 stuck 0
RC POS 133 id 4 seat 0 role raid fs 1 body 1 pos 6,21 stuck 0
RC POS 133 id 6 seat 1 role raid fs 1 body 2 pos 1,27 stuck 0
RC POS 133 id 8 seat 2 role expand fs 0 body 1 pos 16,6 stuck 0
RC POS 133 id 10 seat 3 role expand fs 0 body 1 pos 15,6 stuck 0
RC POS 133 id 23 seat 4 role defend fs 0 body 1 pos 26,13 stuck 0
RC POS 134 id 4 seat 0 role raid fs 1 body 1 pos 5,21 stuck 0
RC POS 134 id 6 seat 1 role raid fs 1 body 2 pos 1,26 stuck 0
RC POS 134 id 8 seat 2 role expand fs 0 body 1 pos 16,6 stuck 1
RC POS 134 id 10 seat 3 role expand fs 0 body 1 pos 15,6 stuck 1
RC POS 134 id 23 seat 4 role defend fs 0 body 1 pos 26,14 stuck 0
RC POS 135 id 4 seat 0 role raid fs 1 body 1 pos 6,21 stuck 0
RC POS 135 id 6 seat 1 role raid fs 1 body 2 pos 1,27 stuck 0
RC POS 135 id 8 seat 2 role expand fs 0 body 1 pos 16,6 stuck 2
RC POS 135 id 10 seat 3 role expand fs 0 body 1 pos 15,7 stuck 0
RC POS 135 id 23 seat 4 role defend fs 0 body 1 pos 26,13 stuck 0
RC POS 136 id 4 seat 0 role raid fs 1 body 1 pos 5,21 stuck 0
RC POS 136 id 6 seat 1 role raid fs 1 body 2 pos 1,26 stuck 0
RC POS 136 id 8 seat 2 role expand fs 0 body 1 pos 15,6 stuck 0
RC POS 136 id 10 seat 3 role expand fs 0 body 1 pos 16,7 stuck 0
RC POS 136 id 23 seat 4 role defend fs 0 body 1 pos 26,14 stuck 0
RC POS 137 id 4 seat 0 role raid fs 1 body 1 pos 6,21 stuck 0
RC POS 137 id 6 seat 1 role raid fs 1 body 2 pos 1,27 stuck 0
RC POS 137 id 8 seat 2 role expand fs 0 body 1 pos 16,6 stuck 0
RC POS 137 id 10 seat 3 role expand fs 0 body 1 pos 15,7 stuck 0
RC POS 137 id 23 seat 4 role defend fs 0 body 1 pos 26,13 stuck 0
RC POS 138 id 4 seat 0 role raid fs 1 body 1 pos 5,21 stuck 0
RC POS 138 id 6 seat 1 role raid fs 1 body 2 pos 1,26 stuck 0
RC POS 138 id 8 seat 2 role expand fs 0 body 1 pos 15,6 stuck 0
RC POS 138 id 10 seat 3 role expand fs 0 body 1 pos 16,7 stuck 0
RC POS 138 id 23 seat 4 role defend fs 0 body 1 pos 26,14 stuck 0
RC POS 139 id 4 seat 0 role raid fs 1 body 1 pos 6,21 stuck 0
RC POS 139 id 6 seat 1 role raid fs 1 body 2 pos 1,27 stuck 0
RC POS 139 id 8 seat 2 role expand fs 0 body 1 pos 14,6 stuck 0
RC POS 139 id 10 seat 3 role expand fs 0 body 1 pos 16,6 stuck 0
RC POS 139 id 23 seat 4 role defend fs 0 body 1 pos 26,13 stuck 0
RC POS 140 id 4 seat 0 role raid fs 1 body 1 pos 5,21 stuck 0
RC POS 140 id 6 seat 1 role raid fs 1 body 2 pos 1,26 stuck 0
RC POS 140 id 8 seat 2 role expand fs 0 body 1 pos 15,6 stuck 0
RC POS 140 id 10 seat 3 role expand fs 0 body 1 pos 16,6 stuck 1
RC POS 140 id 23 seat 4 role defend fs 0 body 1 pos 26,14 stuck 0
RC POS 141 id 4 seat 0 role raid fs 1 body 1 pos 6,21 stuck 0
RC POS 141 id 6 seat 1 role raid fs 1 body 2 pos 1,27 stuck 0
RC POS 141 id 8 seat 2 role expand fs 0 body 1 pos 14,6 stuck 0
RC POS 141 id 10 seat 3 role expand fs 0 body 1 pos 15,6 stuck 0
RC POS 141 id 23 seat 4 role defend fs 0 body 1 pos 26,13 stuck 0
RC POS 142 id 4 seat 0 role raid fs 1 body 1 pos 5,21 stuck 0
RC POS 142 id 6 seat 1 role raid fs 1 body 2 pos 1,26 stuck 0
RC POS 142 id 8 seat 2 role expand fs 0 body 1 pos 14,5 stuck 0
RC POS 142 id 10 seat 3 role expand fs 0 body 1 pos 14,6 stuck 0
RC POS 142 id 23 seat 4 role defend fs 0 body 1 pos 26,14 stuck 0
RC POS 143 id 4 seat 0 role raid fs 1 body 1 pos 6,21 stuck 0
RC POS 143 id 6 seat 1 role raid fs 1 body 2 pos 1,27 stuck 0
RC POS 143 id 8 seat 2 role expand fs 0 body 1 pos 15,5 stuck 0
RC POS 143 id 10 seat 3 role expand fs 0 body 1 pos 15,6 stuck 0
RC POS 143 id 23 seat 4 role defend fs 0 body 1 pos 26,13 stuck 0
RC POS 144 id 4 seat 0 role raid fs 1 body 1 pos 5,21 stuck 0
RC POS 144 id 6 seat 1 role raid fs 1 body 2 pos 1,26 stuck 0
RC POS 144 id 8 seat 2 role expand fs 0 body 1 pos 16,5 stuck 0
RC POS 144 id 10 seat 3 role expand fs 0 body 1 pos 16,6 stuck 0
RC POS 144 id 23 seat 4 role defend fs 0 body 1 pos 26,14 stuck 0
RC POS 145 id 4 seat 0 role raid fs 1 body 1 pos 6,21 stuck 0
RC POS 145 id 6 seat 1 role raid fs 1 body 2 pos 1,27 stuck 0
RC POS 145 id 8 seat 2 role expand fs 0 body 1 pos 15,5 stuck 0
RC POS 145 id 10 seat 3 role expand fs 0 body 1 pos 15,6 stuck 0
RC POS 145 id 23 seat 4 role defend fs 0 body 1 pos 26,13 stuck 0
RC POS 146 id 4 seat 0 role raid fs 1 body 1 pos 5,21 stuck 0
RC POS 146 id 6 seat 1 role raid fs 1 body 2 pos 1,26 stuck 0
RC POS 146 id 8 seat 2 role expand fs 0 body 1 pos 16,5 stuck 0
RC POS 146 id 10 seat 3 role expand fs 0 body 1 pos 15,7 stuck 0
RC POS 146 id 23 seat 4 role defend fs 0 body 1 pos 26,14 stuck 0
RC POS 147 id 4 seat 0 role raid fs 1 body 1 pos 6,21 stuck 0
RC POS 147 id 6 seat 1 role raid fs 1 body 2 pos 1,27 stuck 0
RC POS 147 id 8 seat 2 role expand fs 0 body 1 pos 16,6 stuck 0
RC POS 147 id 10 seat 3 role expand fs 0 body 1 pos 15,6 stuck 0
RC POS 147 id 23 seat 4 role defend fs 0 body 1 pos 26,13 stuck 0
RC POS 148 id 4 seat 0 role raid fs 1 body 1 pos 5,21 stuck 0
RC POS 148 id 6 seat 1 role raid fs 1 body 2 pos 1,26 stuck 0
RC POS 148 id 8 seat 2 role expand fs 0 body 1 pos 16,6 stuck 1
RC POS 148 id 10 seat 3 role expand fs 0 body 1 pos 15,7 stuck 0
RC POS 148 id 23 seat 4 role defend fs 0 body 1 pos 26,14 stuck 0
RC POS 149 id 4 seat 0 role raid fs 1 body 1 pos 6,21 stuck 0
RC POS 149 id 6 seat 1 role raid fs 1 body 2 pos 1,27 stuck 0
RC POS 149 id 8 seat 2 role expand fs 0 body 1 pos 15,6 stuck 0
RC POS 149 id 10 seat 3 role expand fs 0 body 1 pos 16,7 stuck 0
RC POS 149 id 23 seat 4 role defend fs 0 body 1 pos 26,13 stuck 0
RC ECO 150 harvstore 2 harvseen -1 ti 66 units 8 scale 275.0
RC POS 150 id 4 seat 0 role raid fs 1 body 1 pos 5,21 stuck 0
RC POS 150 id 6 seat 1 role raid fs 1 body 2 pos 1,26 stuck 0
RC POS 150 id 8 seat 2 role expand fs 0 body 1 pos 16,6 stuck 0
RC POS 150 id 10 seat 3 role expand fs 0 body 1 pos 15,7 stuck 0
RC POS 150 id 23 seat 4 role defend fs 0 body 1 pos 26,14 stuck 0
RC POS 151 id 4 seat 0 role raid fs 1 body 1 pos 6,21 stuck 0
RC POS 151 id 6 seat 1 role raid fs 1 body 2 pos 1,27 stuck 0
RC POS 151 id 8 seat 2 role expand fs 0 body 1 pos 15,6 stuck 0
RC POS 151 id 10 seat 3 role expand fs 0 body 1 pos 16,7 stuck 0
RC POS 151 id 23 seat 4 role defend fs 0 body 1 pos 26,13 stuck 0
RC POS 152 id 4 seat 0 role raid fs 1 body 1 pos 5,21 stuck 0
RC POS 152 id 6 seat 1 role raid fs 1 body 2 pos 1,26 stuck 0
RC POS 152 id 8 seat 2 role expand fs 0 body 1 pos 14,6 stuck 0
RC POS 152 id 10 seat 3 role expand fs 0 body 1 pos 16,6 stuck 0
RC POS 152 id 23 seat 4 role defend fs 0 body 1 pos 26,14 stuck 0
RC POS 153 id 4 seat 0 role raid fs 1 body 1 pos 6,21 stuck 0
RC POS 153 id 6 seat 1 role raid fs 1 body 2 pos 1,27 stuck 0
RC POS 153 id 8 seat 2 role expand fs 0 body 1 pos 14,6 stuck 2
RC POS 153 id 10 seat 3 role raid fs 0 body 1 pos 16,7 stuck 0
RC POS 153 id 23 seat 4 role defend fs 0 body 1 pos 26,13 stuck 0
RC POS 154 id 4 seat 0 role raid fs 1 body 1 pos 5,21 stuck 0
RC POS 154 id 6 seat 1 role raid fs 1 body 2 pos 1,26 stuck 0
RC POS 154 id 8 seat 2 role expand fs 0 body 1 pos 14,5 stuck 0
RC POS 154 id 10 seat 3 role raid fs 0 body 1 pos 17,7 stuck 0
RC POS 154 id 23 seat 4 role defend fs 0 body 1 pos 26,14 stuck 0
RC POS 155 id 4 seat 0 role raid fs 1 body 1 pos 6,21 stuck 0
RC POS 155 id 6 seat 1 role raid fs 1 body 2 pos 1,27 stuck 0
RC POS 155 id 8 seat 2 role expand fs 0 body 1 pos 15,5 stuck 0
RC POS 155 id 10 seat 3 role raid fs 0 body 1 pos 17,8 stuck 0
RC POS 155 id 23 seat 4 role defend fs 0 body 1 pos 26,13 stuck 0
RC POS 156 id 4 seat 0 role raid fs 1 body 1 pos 5,21 stuck 0
RC POS 156 id 6 seat 1 role raid fs 1 body 2 pos 1,26 stuck 0
RC POS 156 id 8 seat 2 role expand fs 0 body 1 pos 16,5 stuck 0
RC POS 156 id 10 seat 3 role raid fs 0 body 1 pos 17,9 stuck 0
RC POS 156 id 23 seat 4 role defend fs 0 body 1 pos 26,14 stuck 0
RC POS 157 id 4 seat 0 role raid fs 1 body 1 pos 6,21 stuck 0
RC POS 157 id 6 seat 1 role raid fs 1 body 2 pos 1,27 stuck 0
RC POS 157 id 8 seat 2 role expand fs 0 body 1 pos 16,5 stuck 1
RC POS 157 id 10 seat 3 role raid fs 0 body 1 pos 17,10 stuck 0
RC POS 157 id 23 seat 4 role defend fs 0 body 1 pos 26,13 stuck 0
RC POS 158 id 4 seat 0 role raid fs 1 body 1 pos 5,21 stuck 0
RC POS 158 id 6 seat 1 role raid fs 1 body 2 pos 1,26 stuck 0
RC POS 158 id 8 seat 2 role expand fs 0 body 1 pos 17,5 stuck 0
RC POS 158 id 10 seat 3 role raid fs 0 body 1 pos 17,11 stuck 0
RC POS 158 id 23 seat 4 role defend fs 0 body 1 pos 26,14 stuck 0
RC POS 159 id 4 seat 0 role raid fs 1 body 1 pos 6,21 stuck 0
RC POS 159 id 6 seat 1 role raid fs 1 body 2 pos 1,27 stuck 0
RC POS 159 id 8 seat 2 role expand fs 0 body 1 pos 17,5 stuck 1
RC POS 159 id 10 seat 3 role raid fs 0 body 1 pos 16,11 stuck 0
RC POS 159 id 23 seat 4 role defend fs 0 body 1 pos 26,13 stuck 0
RC POS 160 id 4 seat 0 role raid fs 1 body 1 pos 5,21 stuck 0
RC POS 160 id 6 seat 1 role raid fs 1 body 2 pos 1,26 stuck 0
RC POS 160 id 8 seat 2 role expand fs 0 body 1 pos 17,5 stuck 2
RC POS 160 id 10 seat 3 role raid fs 0 body 1 pos 15,11 stuck 0
RC POS 160 id 23 seat 4 role defend fs 0 body 1 pos 26,14 stuck 0
RC POS 161 id 4 seat 0 role raid fs 1 body 1 pos 6,21 stuck 0
RC POS 161 id 6 seat 1 role raid fs 1 body 2 pos 1,27 stuck 0
RC POS 161 id 8 seat 2 role expand fs 0 body 1 pos 17,5 stuck 3
RC POS 161 id 10 seat 3 role raid fs 0 body 1 pos 15,12 stuck 0
RC POS 161 id 23 seat 4 role defend fs 0 body 1 pos 26,13 stuck 0
RC POS 162 id 4 seat 0 role raid fs 1 body 1 pos 5,21 stuck 0
RC POS 162 id 6 seat 1 role raid fs 1 body 2 pos 1,26 stuck 0
RC POS 162 id 8 seat 2 role expand fs 0 body 1 pos 18,5 stuck 0
RC POS 162 id 10 seat 3 role raid fs 0 body 1 pos 15,13 stuck 0
RC POS 162 id 23 seat 4 role defend fs 0 body 1 pos 26,14 stuck 0
RC POS 163 id 4 seat 0 role raid fs 1 body 1 pos 6,21 stuck 0
RC POS 163 id 6 seat 1 role raid fs 1 body 2 pos 1,27 stuck 0
RC POS 163 id 8 seat 2 role expand fs 0 body 1 pos 18,5 stuck 1
RC POS 163 id 10 seat 3 role raid fs 0 body 1 pos 15,14 stuck 0
RC POS 163 id 23 seat 4 role defend fs 0 body 1 pos 26,13 stuck 0
RC POS 164 id 4 seat 0 role raid fs 1 body 1 pos 5,21 stuck 0
RC POS 164 id 6 seat 1 role raid fs 1 body 2 pos 1,26 stuck 0
RC POS 164 id 8 seat 2 role expand fs 0 body 1 pos 19,5 stuck 0
RC POS 164 id 10 seat 3 role raid fs 0 body 1 pos 14,14 stuck 0
RC POS 164 id 23 seat 4 role defend fs 0 body 1 pos 26,14 stuck 0
RC POS 165 id 4 seat 0 role raid fs 1 body 1 pos 6,21 stuck 0
RC POS 165 id 6 seat 1 role raid fs 1 body 2 pos 1,27 stuck 0
RC POS 165 id 8 seat 2 role expand fs 0 body 1 pos 19,5 stuck 1
RC POS 165 id 10 seat 3 role raid fs 0 body 1 pos 13,14 stuck 0
RC POS 165 id 23 seat 4 role defend fs 0 body 1 pos 26,13 stuck 0
RC POS 166 id 4 seat 0 role raid fs 1 body 1 pos 5,21 stuck 0
RC POS 166 id 6 seat 1 role raid fs 1 body 2 pos 1,26 stuck 0
RC POS 166 id 8 seat 2 role expand fs 0 body 1 pos 20,5 stuck 0
RC POS 166 id 10 seat 3 role raid fs 0 body 1 pos 12,14 stuck 0
RC POS 166 id 23 seat 4 role defend fs 0 body 1 pos 26,14 stuck 0
RC POS 167 id 4 seat 0 role raid fs 1 body 1 pos 6,21 stuck 0
RC POS 167 id 6 seat 1 role raid fs 1 body 2 pos 1,27 stuck 0
RC POS 167 id 8 seat 2 role expand fs 0 body 1 pos 20,5 stuck 1
RC POS 167 id 10 seat 3 role raid fs 0 body 1 pos 12,15 stuck 0
RC POS 167 id 23 seat 4 role defend fs 0 body 1 pos 26,13 stuck 0
RC POS 168 id 4 seat 0 role raid fs 1 body 1 pos 5,21 stuck 0
RC POS 168 id 6 seat 1 role raid fs 1 body 2 pos 1,26 stuck 0
RC POS 168 id 8 seat 2 role expand fs 0 body 1 pos 20,5 stuck 2
RC POS 168 id 10 seat 3 role raid fs 0 body 1 pos 11,15 stuck 0
RC POS 168 id 23 seat 4 role defend fs 0 body 1 pos 26,14 stuck 0
RC POS 169 id 4 seat 0 role raid fs 1 body 1 pos 6,21 stuck 0
RC POS 169 id 6 seat 1 role raid fs 1 body 2 pos 1,27 stuck 0
RC POS 169 id 8 seat 2 role expand fs 0 body 1 pos 20,5 stuck 3
RC POS 169 id 10 seat 3 role raid fs 0 body 1 pos 11,16 stuck 0
RC POS 169 id 23 seat 4 role defend fs 0 body 1 pos 26,13 stuck 0
RC POS 170 id 4 seat 0 role raid fs 1 body 1 pos 5,21 stuck 0
RC POS 170 id 6 seat 1 role raid fs 1 body 2 pos 1,26 stuck 0
RC POS 170 id 8 seat 2 role expand fs 0 body 1 pos 21,5 stuck 0
RC POS 170 id 10 seat 3 role raid fs 0 body 1 pos 10,16 stuck 0
RC POS 170 id 23 seat 4 role defend fs 0 body 1 pos 26,14 stuck 0
RC POS 171 id 4 seat 0 role raid fs 1 body 1 pos 6,21 stuck 0
RC POS 171 id 6 seat 1 role raid fs 1 body 2 pos 1,27 stuck 0
RC POS 171 id 8 seat 2 role expand fs 0 body 1 pos 21,5 stuck 1
RC POS 171 id 10 seat 3 role raid fs 0 body 1 pos 10,17 stuck 0
RC POS 171 id 23 seat 4 role defend fs 0 body 1 pos 26,13 stuck 0
RC POS 172 id 4 seat 0 role raid fs 1 body 1 pos 5,21 stuck 0
RC POS 172 id 6 seat 1 role raid fs 1 body 2 pos 1,26 stuck 0
RC POS 172 id 8 seat 2 role expand fs 0 body 1 pos 21,5 stuck 2
RC POS 172 id 10 seat 3 role raid fs 0 body 1 pos 9,17 stuck 0
RC POS 172 id 23 seat 4 role defend fs 0 body 1 pos 26,14 stuck 0
RC POS 173 id 4 seat 0 role raid fs 1 body 1 pos 6,21 stuck 0
RC POS 173 id 6 seat 1 role raid fs 1 body 2 pos 1,27 stuck 0
RC POS 173 id 8 seat 2 role expand fs 0 body 1 pos 21,5 stuck 3
RC POS 173 id 10 seat 3 role raid fs 0 body 1 pos 9,18 stuck 0
RC POS 173 id 23 seat 4 role defend fs 0 body 1 pos 26,13 stuck 0
RC POS 174 id 4 seat 0 role raid fs 1 body 1 pos 5,21 stuck 0
RC POS 174 id 6 seat 1 role raid fs 1 body 2 pos 1,26 stuck 0
RC POS 174 id 8 seat 2 role expand fs 0 body 1 pos 22,5 stuck 0
RC POS 174 id 10 seat 3 role raid fs 0 body 1 pos 8,18 stuck 0
RC POS 174 id 23 seat 4 role defend fs 0 body 1 pos 26,14 stuck 0
RC ECO 175 harvstore 3 harvseen -1 ti 23 units 8 scale 286.0
RC POS 175 id 4 seat 0 role raid fs 1 body 1 pos 6,21 stuck 0
RC POS 175 id 6 seat 1 role raid fs 1 body 2 pos 1,27 stuck 0
RC POS 175 id 8 seat 2 role expand fs 0 body 1 pos 22,5 stuck 1
RC POS 175 id 10 seat 3 role raid fs 0 body 1 pos 8,19 stuck 0
RC POS 175 id 23 seat 4 role defend fs 0 body 1 pos 26,13 stuck 0
RC POS 176 id 4 seat 0 role raid fs 1 body 1 pos 5,21 stuck 0
RC POS 176 id 6 seat 1 role raid fs 1 body 2 pos 1,26 stuck 0
RC POS 176 id 8 seat 2 role expand fs 0 body 1 pos 22,5 stuck 2
RC POS 176 id 10 seat 3 role raid fs 0 body 1 pos 7,19 stuck 0
RC POS 176 id 23 seat 4 role defend fs 0 body 1 pos 26,14 stuck 0
RC POS 177 id 4 seat 0 role raid fs 1 body 1 pos 6,21 stuck 0
RC POS 177 id 6 seat 1 role raid fs 1 body 2 pos 1,27 stuck 0
RC POS 177 id 8 seat 2 role expand fs 0 body 1 pos 23,5 stuck 0
RC POS 177 id 10 seat 3 role raid fs 0 body 1 pos 7,20 stuck 0
RC POS 177 id 23 seat 4 role defend fs 0 body 1 pos 26,13 stuck 0
RC POS 178 id 4 seat 0 role raid fs 1 body 1 pos 5,21 stuck 0
RC POS 178 id 6 seat 1 role raid fs 1 body 2 pos 1,26 stuck 0
RC POS 178 id 8 seat 2 role expand fs 0 body 1 pos 23,5 stuck 1
RC POS 178 id 10 seat 3 role raid fs 0 body 1 pos 7,21 stuck 0
RC POS 178 id 23 seat 4 role defend fs 0 body 1 pos 26,14 stuck 0
RC POS 179 id 4 seat 0 role raid fs 1 body 1 pos 6,21 stuck 0
RC POS 179 id 6 seat 1 role raid fs 1 body 2 pos 1,27 stuck 0
RC POS 179 id 8 seat 2 role expand fs 0 body 1 pos 23,6 stuck 0
RC POS 179 id 10 seat 3 role raid fs 0 body 1 pos 7,21 stuck 1
RC POS 179 id 23 seat 4 role defend fs 0 body 1 pos 26,13 stuck 0
RC POS 180 id 4 seat 0 role raid fs 1 body 1 pos 5,21 stuck 0
RC POS 180 id 6 seat 1 role raid fs 1 body 2 pos 1,26 stuck 0
RC POS 180 id 8 seat 2 role expand fs 0 body 1 pos 23,6 stuck 1
RC POS 180 id 10 seat 3 role raid fs 0 body 1 pos 7,22 stuck 0
RC POS 180 id 23 seat 4 role defend fs 0 body 1 pos 26,14 stuck 0
RC POS 181 id 4 seat 0 role raid fs 1 body 1 pos 6,21 stuck 0
RC POS 181 id 6 seat 1 role raid fs 1 body 2 pos 1,27 stuck 0
RC POS 181 id 8 seat 2 role expand fs 0 body 1 pos 24,6 stuck 0
RC POS 181 id 10 seat 3 role raid fs 0 body 1 pos 7,23 stuck 0
RC POS 181 id 23 seat 4 role defend fs 0 body 1 pos 26,13 stuck 0
RC POS 182 id 4 seat 0 role raid fs 1 body 1 pos 5,21 stuck 0
RC POS 182 id 6 seat 1 role raid fs 1 body 2 pos 1,26 stuck 0
RC POS 182 id 8 seat 2 role expand fs 0 body 1 pos 24,7 stuck 0
RC POS 182 id 10 seat 3 role raid fs 0 body 1 pos 6,23 stuck 0
RC POS 182 id 23 seat 4 role defend fs 0 body 1 pos 26,14 stuck 0
RC POS 183 id 4 seat 0 role raid fs 1 body 1 pos 6,21 stuck 0
RC POS 183 id 6 seat 1 role raid fs 1 body 2 pos 1,27 stuck 0
RC POS 183 id 8 seat 2 role expand fs 0 body 1 pos 24,6 stuck 0
RC POS 183 id 10 seat 3 role raid fs 0 body 1 pos 6,24 stuck 0
RC POS 183 id 23 seat 4 role defend fs 0 body 1 pos 26,13 stuck 0
RC POS 184 id 4 seat 0 role raid fs 1 body 1 pos 5,21 stuck 0
RC POS 184 id 6 seat 1 role raid fs 1 body 2 pos 1,26 stuck 0
RC POS 184 id 8 seat 2 role expand fs 0 body 1 pos 24,7 stuck 0
RC POS 184 id 10 seat 3 role raid fs 0 body 1 pos 6,23 stuck 0
RC POS 184 id 23 seat 4 role defend fs 0 body 1 pos 26,14 stuck 0
RC POS 185 id 4 seat 0 role raid fs 1 body 1 pos 6,21 stuck 0
RC POS 185 id 6 seat 1 role raid fs 1 body 2 pos 1,27 stuck 0
RC POS 185 id 8 seat 2 role expand fs 0 body 1 pos 24,6 stuck 0
RC POS 185 id 10 seat 3 role raid fs 0 body 1 pos 5,23 stuck 0
RC POS 185 id 23 seat 4 role defend fs 0 body 1 pos 26,13 stuck 0
RC POS 186 id 4 seat 0 role raid fs 1 body 1 pos 5,21 stuck 0
RC POS 186 id 6 seat 1 role raid fs 1 body 2 pos 1,26 stuck 0
RC POS 186 id 8 seat 2 role expand fs 0 body 1 pos 24,7 stuck 0
RC POS 186 id 10 seat 3 role raid fs 0 body 1 pos 5,24 stuck 0
RC POS 186 id 23 seat 4 role defend fs 0 body 1 pos 26,14 stuck 0
RC POS 187 id 4 seat 0 role raid fs 1 body 1 pos 5,22 stuck 0
RC POS 187 id 6 seat 1 role raid fs 1 body 2 pos 1,27 stuck 0
RC POS 187 id 8 seat 2 role expand fs 0 body 1 pos 24,6 stuck 0
RC POS 187 id 10 seat 3 role raid fs 0 body 1 pos 5,23 stuck 0
RC POS 187 id 23 seat 4 role defend fs 0 body 1 pos 26,13 stuck 0
RC POS 188 id 4 seat 0 role raid fs 1 body 1 pos 6,22 stuck 0
RC POS 188 id 6 seat 1 role raid fs 1 body 2 pos 1,26 stuck 0
RC POS 188 id 8 seat 2 role expand fs 0 body 1 pos 24,7 stuck 0
RC POS 188 id 10 seat 3 role raid fs 0 body 1 pos 5,22 stuck 0
RC POS 188 id 23 seat 4 role defend fs 0 body 1 pos 26,14 stuck 0
RC POS 189 id 4 seat 0 role raid fs 1 body 1 pos 6,21 stuck 0
RC POS 189 id 6 seat 1 role raid fs 1 body 2 pos 1,27 stuck 0
RC POS 189 id 8 seat 2 role expand fs 0 body 1 pos 24,6 stuck 0
RC POS 189 id 10 seat 3 role raid fs 0 body 1 pos 4,22 stuck 0
RC POS 189 id 23 seat 4 role defend fs 0 body 1 pos 26,13 stuck 0
RC POS 190 id 4 seat 0 role raid fs 1 body 1 pos 6,20 stuck 0
RC POS 190 id 6 seat 1 role raid fs 1 body 2 pos 1,26 stuck 0
RC POS 190 id 8 seat 2 role expand fs 0 body 1 pos 24,7 stuck 0
RC POS 190 id 10 seat 3 role raid fs 0 body 1 pos 5,22 stuck 0
RC POS 190 id 23 seat 4 role defend fs 0 body 1 pos 26,14 stuck 0
RC POS 191 id 4 seat 0 role raid fs 1 body 1 pos 6,21 stuck 0
RC POS 191 id 6 seat 1 role raid fs 1 body 2 pos 1,27 stuck 0
RC POS 191 id 8 seat 2 role expand fs 0 body 1 pos 24,6 stuck 0
RC POS 191 id 10 seat 3 role raid fs 0 body 1 pos 5,23 stuck 0
RC POS 191 id 23 seat 4 role defend fs 0 body 1 pos 26,13 stuck 0
RC POS 192 id 4 seat 0 role raid fs 1 body 1 pos 6,22 stuck 0
RC POS 192 id 6 seat 1 role raid fs 1 body 2 pos 1,26 stuck 0
RC POS 192 id 8 seat 2 role expand fs 0 body 1 pos 24,7 stuck 0
RC POS 192 id 10 seat 3 role raid fs 0 body 1 pos 5,24 stuck 0
RC POS 192 id 23 seat 4 role defend fs 0 body 1 pos 26,14 stuck 0
RC POS 193 id 4 seat 0 role raid fs 1 body 1 pos 5,22 stuck 0
RC POS 193 id 6 seat 1 role raid fs 1 body 2 pos 1,27 stuck 0
RC POS 193 id 8 seat 2 role expand fs 0 body 1 pos 24,6 stuck 0
RC POS 193 id 10 seat 3 role raid fs 0 body 1 pos 5,25 stuck 0
RC POS 193 id 23 seat 4 role defend fs 0 body 1 pos 26,13 stuck 0
RC POS 194 id 4 seat 0 role raid fs 1 body 1 pos 4,22 stuck 0
RC POS 194 id 6 seat 1 role raid fs 1 body 2 pos 1,26 stuck 0
RC POS 194 id 8 seat 2 role expand fs 0 body 1 pos 24,7 stuck 0
RC POS 194 id 10 seat 3 role raid fs 0 body 1 pos 5,26 stuck 0
RC POS 194 id 23 seat 4 role defend fs 0 body 1 pos 26,14 stuck 0
RC POS 195 id 4 seat 0 role raid fs 1 body 1 pos 3,22 stuck 0
RC POS 195 id 6 seat 1 role raid fs 1 body 2 pos 1,27 stuck 0
RC POS 195 id 8 seat 2 role expand fs 0 body 1 pos 24,6 stuck 0
RC POS 195 id 10 seat 3 role raid fs 0 body 1 pos 5,27 stuck 0
RC POS 195 id 23 seat 4 role defend fs 0 body 1 pos 26,13 stuck 0
RC POS 196 id 4 seat 0 role raid fs 1 body 1 pos 3,22 stuck 1
RC POS 196 id 6 seat 1 role raid fs 1 body 2 pos 1,26 stuck 0
RC POS 196 id 8 seat 2 role expand fs 0 body 1 pos 24,7 stuck 0
RC POS 196 id 10 seat 3 role raid fs 0 body 1 pos 4,27 stuck 0
RC POS 196 id 23 seat 4 role defend fs 0 body 1 pos 26,14 stuck 0
RC POS 197 id 4 seat 0 role raid fs 1 body 1 pos 2,22 stuck 0
RC POS 197 id 6 seat 1 role raid fs 1 body 2 pos 1,26 stuck 1
RC POS 197 id 8 seat 2 role expand fs 0 body 1 pos 24,6 stuck 0
RC POS 197 id 10 seat 3 role raid fs 0 body 1 pos 3,27 stuck 0
RC POS 197 id 23 seat 4 role defend fs 0 body 1 pos 26,13 stuck 0
RC POS 198 id 4 seat 0 role raid fs 1 body 1 pos 3,22 stuck 0
RC POS 198 id 6 seat 1 role raid fs 1 body 2 pos 1,27 stuck 0
RC POS 198 id 8 seat 2 role expand fs 0 body 1 pos 24,7 stuck 0
RC POS 198 id 10 seat 3 role raid fs 0 body 1 pos 2,27 stuck 0
RC POS 198 id 23 seat 4 role defend fs 0 body 1 pos 26,14 stuck 0
RC POS 199 id 6 seat 1 role raid fs 1 body 2 pos 1,26 stuck 0
RC POS 199 id 8 seat 2 role expand fs 0 body 1 pos 24,6 stuck 0
RC POS 199 id 10 seat 3 role raid fs 0 body 1 pos 1,27 stuck 0
RC POS 199 id 23 seat 4 role defend fs 0 body 1 pos 26,13 stuck 0
RC ECO 200 harvstore 3 harvseen -1 ti 26 units 7 scale 268.0
RC POS 200 id 6 seat 1 role raid fs 1 body 2 pos 0,26 stuck 0
RC POS 200 id 8 seat 2 role expand fs 0 body 1 pos 24,7 stuck 0
RC POS 200 id 10 seat 3 role raid fs 0 body 1 pos 2,27 stuck 0
RC POS 200 id 23 seat 4 role defend fs 0 body 1 pos 26,14 stuck 0
RC POS 201 id 6 seat 1 role raid fs 1 body 2 pos 1,26 stuck 0
RC POS 201 id 8 seat 2 role expand fs 0 body 1 pos 24,6 stuck 0
RC POS 201 id 10 seat 3 role raid fs 0 body 1 pos 1,27 stuck 0
RC POS 201 id 23 seat 4 role defend fs 0 body 1 pos 26,13 stuck 0
RC POS 202 id 6 seat 1 role raid fs 1 body 2 pos 0,26 stuck 0
RC POS 202 id 8 seat 2 role expand fs 0 body 1 pos 24,7 stuck 0
RC POS 202 id 10 seat 3 role raid fs 0 body 1 pos 1,26 stuck 0
RC POS 202 id 23 seat 4 role defend fs 0 body 1 pos 26,14 stuck 0
RC POS 203 id 6 seat 1 role raid fs 1 body 2 pos 0,27 stuck 0
RC POS 203 id 8 seat 2 role expand fs 0 body 1 pos 24,6 stuck 0
RC POS 203 id 10 seat 3 role raid fs 0 body 1 pos 1,26 stuck 1
RC POS 203 id 23 seat 4 role defend fs 0 body 1 pos 26,13 stuck 0
RC POS 204 id 6 seat 1 role raid fs 1 body 2 pos 0,26 stuck 0
RC POS 204 id 8 seat 2 role expand fs 0 body 1 pos 24,7 stuck 0
RC POS 204 id 10 seat 3 role raid fs 0 body 1 pos 1,26 stuck 2
RC POS 204 id 23 seat 4 role defend fs 0 body 1 pos 26,14 stuck 0
RC POS 205 id 6 seat 1 role raid fs 1 body 2 pos 0,27 stuck 0
RC POS 205 id 8 seat 2 role expand fs 0 body 1 pos 24,6 stuck 0
RC POS 205 id 10 seat 3 role raid fs 0 body 1 pos 1,26 stuck 1
RC POS 205 id 23 seat 4 role defend fs 0 body 1 pos 26,13 stuck 0
RC POS 206 id 6 seat 1 role raid fs 1 body 2 pos 0,26 stuck 0
RC POS 206 id 8 seat 2 role expand fs 0 body 1 pos 24,7 stuck 0
RC POS 206 id 10 seat 3 role raid fs 0 body 1 pos 1,26 stuck 2
RC POS 206 id 23 seat 4 role defend fs 0 body 1 pos 26,14 stuck 0
RC POS 207 id 6 seat 1 role raid fs 1 body 2 pos 0,27 stuck 0
RC POS 207 id 8 seat 2 role expand fs 0 body 1 pos 24,6 stuck 0
RC POS 207 id 10 seat 3 role raid fs 0 body 1 pos 1,26 stuck 1
RC POS 207 id 23 seat 4 role defend fs 0 body 1 pos 26,13 stuck 0
RC POS 208 id 6 seat 1 role raid fs 1 body 2 pos 0,26 stuck 0
RC POS 208 id 8 seat 2 role expand fs 0 body 1 pos 24,7 stuck 0
RC POS 208 id 10 seat 3 role raid fs 0 body 1 pos 1,26 stuck 2
RC POS 208 id 23 seat 4 role defend fs 0 body 1 pos 26,14 stuck 0
RC POS 209 id 6 seat 1 role raid fs 1 body 2 pos 0,27 stuck 0
RC POS 209 id 8 seat 2 role expand fs 0 body 1 pos 24,6 stuck 0
RC POS 209 id 10 seat 3 role raid fs 0 body 1 pos 1,26 stuck 1
RC POS 209 id 23 seat 4 role defend fs 0 body 1 pos 26,13 stuck 0
RC POS 210 id 6 seat 1 role raid fs 1 body 2 pos 0,26 stuck 0
RC POS 210 id 8 seat 2 role expand fs 0 body 1 pos 24,7 stuck 0
RC POS 210 id 10 seat 3 role raid fs 0 body 1 pos 1,26 stuck 2
RC POS 210 id 23 seat 4 role defend fs 0 body 1 pos 26,14 stuck 0
RC POS 211 id 6 seat 1 role raid fs 1 body 2 pos 0,27 stuck 0
RC POS 211 id 8 seat 2 role expand fs 0 body 1 pos 24,6 stuck 0
RC POS 211 id 10 seat 3 role raid fs 0 body 1 pos 1,26 stuck 1
RC POS 211 id 23 seat 4 role defend fs 0 body 1 pos 26,13 stuck 0
RC POS 212 id 6 seat 1 role raid fs 1 body 2 pos 0,26 stuck 0
RC POS 212 id 8 seat 2 role expand fs 0 body 1 pos 24,7 stuck 0
RC POS 212 id 10 seat 3 role raid fs 0 body 1 pos 1,26 stuck 2
RC POS 212 id 23 seat 4 role defend fs 0 body 1 pos 26,14 stuck 0
RC POS 213 id 6 seat 1 role raid fs 1 body 2 pos 0,27 stuck 0
RC POS 213 id 8 seat 2 role expand fs 0 body 1 pos 24,6 stuck 0
RC POS 213 id 10 seat 3 role raid fs 0 body 1 pos 1,26 stuck 1
RC POS 213 id 23 seat 4 role defend fs 0 body 1 pos 26,13 stuck 0
RC POS 214 id 6 seat 1 role raid fs 1 body 2 pos 0,26 stuck 0
RC POS 214 id 8 seat 2 role expand fs 0 body 1 pos 24,7 stuck 0
RC POS 214 id 10 seat 3 role raid fs 0 body 1 pos 1,26 stuck 2
RC POS 214 id 23 seat 4 role defend fs 0 body 1 pos 26,14 stuck 0
RC POS 215 id 6 seat 1 role raid fs 1 body 2 pos 0,27 stuck 0
RC POS 215 id 8 seat 2 role expand fs 0 body 1 pos 24,6 stuck 0
RC POS 215 id 10 seat 3 role raid fs 0 body 1 pos 1,26 stuck 1
RC POS 215 id 23 seat 4 role defend fs 0 body 1 pos 26,13 stuck 0
RC POS 216 id 6 seat 1 role raid fs 1 body 2 pos 0,26 stuck 0
RC POS 216 id 8 seat 2 role expand fs 0 body 1 pos 24,7 stuck 0
RC POS 216 id 10 seat 3 role raid fs 0 body 1 pos 1,26 stuck 2
RC POS 216 id 23 seat 4 role defend fs 0 body 1 pos 26,14 stuck 0
RC POS 217 id 6 seat 1 role raid fs 1 body 2 pos 0,27 stuck 0
RC POS 217 id 8 seat 2 role expand fs 0 body 1 pos 24,6 stuck 0
RC POS 217 id 10 seat 3 role raid fs 0 body 1 pos 1,26 stuck 1
RC POS 217 id 23 seat 4 role defend fs 0 body 1 pos 26,13 stuck 0
RC POS 218 id 6 seat 1 role raid fs 1 body 2 pos 0,26 stuck 0
RC POS 218 id 8 seat 2 role expand fs 0 body 1 pos 24,7 stuck 0
RC POS 218 id 10 seat 3 role raid fs 0 body 1 pos 1,26 stuck 2
RC POS 218 id 23 seat 4 role defend fs 0 body 1 pos 26,14 stuck 0
RC POS 219 id 6 seat 1 role raid fs 1 body 2 pos 0,27 stuck 0
RC POS 219 id 8 seat 2 role expand fs 0 body 1 pos 24,6 stuck 0
RC POS 219 id 10 seat 3 role raid fs 0 body 1 pos 1,26 stuck 1
RC POS 219 id 23 seat 4 role defend fs 0 body 1 pos 26,13 stuck 0
RC POS 220 id 6 seat 1 role raid fs 1 body 2 pos 0,26 stuck 0
RC POS 220 id 8 seat 2 role expand fs 0 body 1 pos 24,7 stuck 0
RC POS 220 id 10 seat 3 role raid fs 0 body 1 pos 1,26 stuck 1
RC POS 220 id 23 seat 4 role defend fs 0 body 1 pos 26,14 stuck 0
RC POS 221 id 6 seat 1 role raid fs 1 body 2 pos 0,27 stuck 0
RC POS 221 id 8 seat 2 role expand fs 0 body 1 pos 24,6 stuck 0
RC POS 221 id 10 seat 3 role raid fs 0 body 1 pos 1,26 stuck 1
RC POS 221 id 23 seat 4 role defend fs 0 body 1 pos 26,13 stuck 0
RC POS 222 id 6 seat 1 role raid fs 1 body 2 pos 0,26 stuck 0
RC POS 222 id 8 seat 2 role expand fs 0 body 1 pos 24,7 stuck 0
RC POS 222 id 10 seat 3 role raid fs 0 body 1 pos 1,26 stuck 1
RC POS 222 id 23 seat 4 role defend fs 0 body 1 pos 26,14 stuck 0
RC POS 223 id 6 seat 1 role raid fs 1 body 2 pos 0,27 stuck 0
RC POS 223 id 8 seat 2 role expand fs 0 body 1 pos 24,6 stuck 0
RC POS 223 id 10 seat 3 role raid fs 0 body 1 pos 1,26 stuck 1
RC POS 223 id 23 seat 4 role defend fs 0 body 1 pos 26,13 stuck 0
RC POS 224 id 6 seat 1 role raid fs 1 body 2 pos 0,26 stuck 0
RC POS 224 id 8 seat 2 role expand fs 0 body 1 pos 24,7 stuck 0
RC POS 224 id 10 seat 3 role raid fs 0 body 1 pos 1,26 stuck 1
RC POS 224 id 23 seat 4 role defend fs 0 body 1 pos 26,14 stuck 0
RC ECO 225 harvstore 3 harvseen -1 ti 51 units 7 scale 268.0
RC POS 225 id 6 seat 1 role raid fs 1 body 2 pos 0,27 stuck 0
RC POS 225 id 8 seat 2 role expand fs 0 body 1 pos 24,6 stuck 0
RC POS 225 id 10 seat 3 role raid fs 0 body 1 pos 1,26 stuck 1
RC POS 225 id 23 seat 4 role defend fs 0 body 1 pos 26,13 stuck 0
RC POS 226 id 6 seat 1 role raid fs 1 body 2 pos 0,26 stuck 0
RC POS 226 id 8 seat 2 role expand fs 0 body 1 pos 24,7 stuck 0
RC POS 226 id 10 seat 3 role raid fs 0 body 1 pos 1,26 stuck 1
RC POS 226 id 23 seat 4 role defend fs 0 body 1 pos 26,14 stuck 0
RC POS 227 id 6 seat 1 role raid fs 1 body 2 pos 0,27 stuck 0
RC POS 227 id 8 seat 2 role expand fs 0 body 1 pos 24,6 stuck 0
RC POS 227 id 10 seat 3 role raid fs 0 body 1 pos 1,26 stuck 1
RC POS 227 id 23 seat 4 role defend fs 0 body 1 pos 26,13 stuck 0
RC POS 228 id 6 seat 1 role raid fs 1 body 2 pos 0,26 stuck 0
RC POS 228 id 8 seat 2 role expand fs 0 body 1 pos 24,7 stuck 0
RC POS 228 id 10 seat 3 role raid fs 0 body 1 pos 1,26 stuck 1
RC POS 228 id 23 seat 4 role defend fs 0 body 1 pos 26,14 stuck 0
RC POS 229 id 6 seat 1 role raid fs 1 body 2 pos 0,27 stuck 0
RC POS 229 id 8 seat 2 role expand fs 0 body 1 pos 24,6 stuck 0
RC POS 229 id 10 seat 3 role raid fs 0 body 1 pos 1,26 stuck 1
RC POS 229 id 23 seat 4 role defend fs 0 body 1 pos 26,13 stuck 0
RC POS 230 id 6 seat 1 role raid fs 1 body 2 pos 0,26 stuck 0
RC POS 230 id 8 seat 2 role expand fs 0 body 1 pos 24,7 stuck 0
RC POS 230 id 10 seat 3 role raid fs 0 body 1 pos 1,26 stuck 1
RC POS 230 id 23 seat 4 role defend fs 0 body 1 pos 26,14 stuck 0
RC POS 231 id 6 seat 1 role raid fs 1 body 2 pos 0,27 stuck 0
RC POS 231 id 8 seat 2 role expand fs 0 body 1 pos 24,6 stuck 0
RC POS 231 id 10 seat 3 role raid fs 0 body 1 pos 1,26 stuck 1
RC POS 231 id 23 seat 4 role defend fs 0 body 1 pos 26,13 stuck 0
RC POS 232 id 6 seat 1 role raid fs 1 body 2 pos 0,26 stuck 0
RC POS 232 id 8 seat 2 role expand fs 0 body 1 pos 24,7 stuck 0
RC POS 232 id 10 seat 3 role raid fs 0 body 1 pos 1,26 stuck 1
RC POS 232 id 23 seat 4 role defend fs 0 body 1 pos 26,14 stuck 0
RC POS 233 id 6 seat 1 role raid fs 1 body 2 pos 0,27 stuck 0
RC POS 233 id 8 seat 2 role expand fs 0 body 1 pos 24,6 stuck 0
RC POS 233 id 10 seat 3 role raid fs 0 body 1 pos 1,26 stuck 1
RC POS 233 id 23 seat 4 role defend fs 0 body 1 pos 26,13 stuck 0
RC POS 234 id 6 seat 1 role raid fs 1 body 2 pos 0,26 stuck 0
RC POS 234 id 8 seat 2 role expand fs 0 body 1 pos 24,7 stuck 0
RC POS 234 id 10 seat 3 role raid fs 0 body 1 pos 1,26 stuck 1
RC POS 234 id 23 seat 4 role defend fs 0 body 1 pos 26,13 stuck 1
RC POS 235 id 6 seat 1 role raid fs 1 body 2 pos 0,27 stuck 0
RC POS 235 id 8 seat 2 role expand fs 0 body 1 pos 24,6 stuck 0
RC POS 235 id 10 seat 3 role raid fs 0 body 1 pos 1,26 stuck 1
RC POS 235 id 23 seat 4 role defend fs 0 body 1 pos 26,13 stuck 2
RC POS 236 id 6 seat 1 role raid fs 1 body 2 pos 0,26 stuck 0
RC POS 236 id 8 seat 2 role expand fs 0 body 1 pos 24,7 stuck 0
RC POS 236 id 10 seat 3 role raid fs 0 body 1 pos 1,26 stuck 1
RC POS 236 id 23 seat 4 role defend fs 0 body 1 pos 26,12 stuck 0
RC POS 237 id 6 seat 1 role raid fs 1 body 2 pos 0,27 stuck 0
RC POS 237 id 8 seat 2 role expand fs 0 body 1 pos 24,6 stuck 0
RC POS 237 id 10 seat 3 role raid fs 0 body 1 pos 1,26 stuck 1
RC POS 237 id 23 seat 4 role defend fs 0 body 1 pos 26,12 stuck 1
RC POS 238 id 6 seat 1 role raid fs 1 body 2 pos 0,26 stuck 0
RC POS 238 id 8 seat 2 role expand fs 0 body 1 pos 24,7 stuck 0
RC POS 238 id 10 seat 3 role raid fs 0 body 1 pos 1,26 stuck 1
RC POS 238 id 23 seat 4 role defend fs 0 body 1 pos 26,12 stuck 2
RC POS 239 id 6 seat 1 role raid fs 1 body 2 pos 0,27 stuck 0
RC POS 239 id 8 seat 2 role expand fs 0 body 1 pos 24,6 stuck 0
RC POS 239 id 10 seat 3 role raid fs 0 body 1 pos 1,26 stuck 1
RC POS 239 id 23 seat 4 role defend fs 0 body 1 pos 26,12 stuck 3
RC POS 240 id 6 seat 1 role raid fs 1 body 2 pos 0,26 stuck 0
RC POS 240 id 8 seat 2 role expand fs 0 body 1 pos 24,7 stuck 0
RC POS 240 id 10 seat 3 role raid fs 0 body 1 pos 1,26 stuck 1
RC POS 240 id 23 seat 4 role defend fs 0 body 1 pos 26,12 stuck 4
RC POS 241 id 6 seat 1 role raid fs 1 body 2 pos 0,27 stuck 0
RC POS 241 id 8 seat 2 role expand fs 0 body 1 pos 24,6 stuck 0
RC POS 241 id 10 seat 3 role raid fs 0 body 1 pos 1,26 stuck 1
RC POS 241 id 23 seat 4 role defend fs 0 body 1 pos 26,12 stuck 5
RC POS 242 id 6 seat 1 role raid fs 1 body 2 pos 0,26 stuck 0
RC POS 242 id 8 seat 2 role expand fs 0 body 1 pos 24,7 stuck 0
RC POS 242 id 10 seat 3 role raid fs 0 body 1 pos 1,26 stuck 1
RC POS 242 id 23 seat 4 role defend fs 0 body 1 pos 26,11 stuck 0
RC POS 243 id 6 seat 1 role raid fs 1 body 2 pos 0,27 stuck 0
RC POS 243 id 8 seat 2 role expand fs 0 body 1 pos 24,6 stuck 0
RC POS 243 id 10 seat 3 role raid fs 0 body 1 pos 1,26 stuck 1
RC POS 243 id 23 seat 4 role defend fs 0 body 1 pos 26,11 stuck 1
RC POS 244 id 6 seat 1 role raid fs 1 body 2 pos 0,26 stuck 0
RC POS 244 id 8 seat 2 role expand fs 0 body 1 pos 24,7 stuck 0
RC POS 244 id 10 seat 3 role raid fs 0 body 1 pos 1,26 stuck 1
RC POS 244 id 23 seat 4 role defend fs 0 body 1 pos 26,11 stuck 2
RC POS 245 id 6 seat 1 role raid fs 1 body 2 pos 0,27 stuck 0
RC POS 245 id 8 seat 2 role expand fs 0 body 1 pos 24,6 stuck 0
RC POS 245 id 10 seat 3 role raid fs 0 body 1 pos 1,26 stuck 1
RC POS 245 id 23 seat 4 role defend fs 0 body 1 pos 26,10 stuck 0
RC POS 246 id 6 seat 1 role raid fs 1 body 2 pos 0,26 stuck 0
RC POS 246 id 8 seat 2 role expand fs 0 body 1 pos 24,7 stuck 0
RC POS 246 id 10 seat 3 role raid fs 0 body 1 pos 1,26 stuck 1
RC POS 246 id 23 seat 4 role defend fs 0 body 1 pos 26,9 stuck 0
RC POS 247 id 6 seat 1 role raid fs 1 body 2 pos 0,27 stuck 0
RC POS 247 id 8 seat 2 role expand fs 0 body 1 pos 24,6 stuck 0
RC POS 247 id 10 seat 3 role raid fs 0 body 1 pos 1,26 stuck 1
RC POS 247 id 23 seat 4 role defend fs 0 body 1 pos 26,8 stuck 0
RC POS 248 id 6 seat 1 role raid fs 1 body 2 pos 0,26 stuck 0
RC POS 248 id 8 seat 2 role expand fs 0 body 1 pos 24,7 stuck 0
RC POS 248 id 10 seat 3 role raid fs 0 body 1 pos 1,26 stuck 1
RC POS 248 id 23 seat 4 role defend fs 0 body 1 pos 27,8 stuck 0
RC POS 249 id 6 seat 1 role raid fs 1 body 2 pos 0,27 stuck 0
RC POS 249 id 8 seat 2 role expand fs 0 body 1 pos 24,6 stuck 0
RC POS 249 id 10 seat 3 role raid fs 0 body 1 pos 1,26 stuck 1
RC POS 249 id 23 seat 4 role defend fs 0 body 1 pos 27,7 stuck 0
RC ECO 250 harvstore 4 harvseen -1 ti 42 units 7 scale 275.0
RC POS 250 id 6 seat 1 role raid fs 1 body 2 pos 0,26 stuck 0
RC POS 250 id 8 seat 2 role expand fs 0 body 1 pos 24,7 stuck 0
RC POS 250 id 10 seat 3 role raid fs 0 body 1 pos 1,26 stuck 1
RC POS 250 id 23 seat 4 role defend fs 0 body 1 pos 28,7 stuck 0
RC POS 251 id 6 seat 1 role raid fs 1 body 2 pos 0,27 stuck 0
RC POS 251 id 8 seat 2 role expand fs 0 body 1 pos 24,6 stuck 0
RC POS 251 id 10 seat 3 role raid fs 0 body 1 pos 1,27 stuck 0
RC POS 251 id 23 seat 4 role defend fs 0 body 1 pos 28,7 stuck 1
RC POS 252 id 6 seat 1 role raid fs 1 body 2 pos 0,26 stuck 0
RC POS 252 id 8 seat 2 role expand fs 0 body 1 pos 24,7 stuck 0
RC POS 252 id 10 seat 3 role raid fs 0 body 1 pos 2,27 stuck 0
RC POS 252 id 23 seat 4 role defend fs 0 body 1 pos 28,7 stuck 2
RC POS 253 id 6 seat 1 role raid fs 1 body 2 pos 1,26 stuck 0
RC POS 253 id 8 seat 2 role expand fs 0 body 1 pos 24,6 stuck 0
RC POS 253 id 10 seat 3 role raid fs 0 body 1 pos 1,27 stuck 0
RC POS 253 id 23 seat 4 role defend fs 0 body 1 pos 28,7 stuck 3
RC POS 254 id 6 seat 1 role raid fs 1 body 2 pos 0,26 stuck 0
RC POS 254 id 8 seat 2 role expand fs 0 body 1 pos 24,7 stuck 0
RC POS 254 id 10 seat 3 role raid fs 0 body 1 pos 2,27 stuck 0
RC POS 254 id 23 seat 4 role defend fs 0 body 1 pos 28,7 stuck 4
RC POS 255 id 6 seat 1 role raid fs 1 body 2 pos 0,26 stuck 1
RC POS 255 id 8 seat 2 role expand fs 0 body 1 pos 24,6 stuck 0
RC POS 255 id 10 seat 3 role raid fs 0 body 1 pos 3,27 stuck 0
RC POS 255 id 23 seat 4 role defend fs 0 body 1 pos 28,8 stuck 0
RC POS 256 id 6 seat 1 role raid fs 1 body 2 pos 0,26 stuck 2
RC POS 256 id 8 seat 2 role expand fs 0 body 1 pos 24,7 stuck 0
RC POS 256 id 10 seat 3 role raid fs 0 body 1 pos 4,27 stuck 0
RC POS 256 id 23 seat 4 role defend fs 0 body 1 pos 28,9 stuck 0
RC POS 257 id 6 seat 1 role raid fs 1 body 2 pos 0,26 stuck 3
RC POS 257 id 8 seat 2 role expand fs 0 body 1 pos 24,6 stuck 0
RC POS 257 id 10 seat 3 role raid fs 0 body 1 pos 5,27 stuck 0
RC POS 257 id 23 seat 4 role defend fs 0 body 1 pos 28,9 stuck 1
RC POS 258 id 6 seat 1 role raid fs 1 body 2 pos 1,26 stuck 0
RC POS 258 id 8 seat 2 role expand fs 0 body 1 pos 24,7 stuck 0
RC POS 258 id 10 seat 3 role raid fs 0 body 1 pos 5,26 stuck 0
RC POS 258 id 23 seat 4 role defend fs 0 body 1 pos 27,9 stuck 0
RC POS 259 id 6 seat 1 role raid fs 1 body 2 pos 1,26 stuck 1
RC POS 259 id 8 seat 2 role expand fs 0 body 1 pos 24,6 stuck 0
RC POS 259 id 10 seat 3 role raid fs 0 body 1 pos 5,27 stuck 0
RC POS 259 id 23 seat 4 role defend fs 0 body 1 pos 27,10 stuck 0
RC POS 260 id 6 seat 1 role raid fs 1 body 2 pos 1,27 stuck 0
RC POS 260 id 8 seat 2 role expand fs 0 body 1 pos 24,7 stuck 0
RC POS 260 id 10 seat 3 role raid fs 0 body 1 pos 5,26 stuck 0
RC POS 260 id 23 seat 4 role defend fs 0 body 1 pos 26,10 stuck 0
RC POS 261 id 6 seat 1 role raid fs 1 body 2 pos 1,26 stuck 0
RC POS 261 id 8 seat 2 role expand fs 0 body 1 pos 24,6 stuck 0
RC POS 261 id 10 seat 3 role raid fs 0 body 1 pos 5,27 stuck 0
RC POS 261 id 23 seat 4 role defend fs 0 body 1 pos 26,10 stuck 1
RC POS 262 id 6 seat 1 role raid fs 1 body 2 pos 1,27 stuck 0
RC POS 262 id 8 seat 2 role expand fs 0 body 1 pos 24,7 stuck 0
RC POS 262 id 10 seat 3 role raid fs 0 body 1 pos 5,26 stuck 0
RC POS 262 id 23 seat 4 role defend fs 0 body 1 pos 26,10 stuck 2
RC POS 263 id 6 seat 1 role raid fs 1 body 2 pos 1,26 stuck 0
RC POS 263 id 8 seat 2 role expand fs 0 body 1 pos 24,6 stuck 0
RC POS 263 id 10 seat 3 role raid fs 0 body 1 pos 5,25 stuck 0
RC POS 263 id 23 seat 4 role defend fs 0 body 1 pos 26,10 stuck 3
RC POS 264 id 6 seat 1 role raid fs 1 body 2 pos 1,27 stuck 0
RC POS 264 id 8 seat 2 role expand fs 0 body 1 pos 24,7 stuck 0
RC POS 264 id 10 seat 3 role raid fs 0 body 1 pos 5,24 stuck 0
RC POS 264 id 23 seat 4 role defend fs 0 body 1 pos 26,10 stuck 4
RC POS 265 id 6 seat 1 role raid fs 1 body 2 pos 1,26 stuck 0
RC POS 265 id 8 seat 2 role expand fs 0 body 1 pos 24,6 stuck 0
RC POS 265 id 10 seat 3 role raid fs 0 body 1 pos 5,23 stuck 0
RC POS 265 id 23 seat 4 role defend fs 0 body 1 pos 26,10 stuck 5
RC POS 266 id 6 seat 1 role raid fs 1 body 2 pos 1,27 stuck 0
RC POS 266 id 8 seat 2 role expand fs 0 body 1 pos 24,7 stuck 0
RC POS 266 id 10 seat 3 role raid fs 0 body 1 pos 5,22 stuck 0
RC POS 266 id 23 seat 4 role defend fs 0 body 1 pos 26,9 stuck 0
RC POS 267 id 6 seat 1 role raid fs 1 body 2 pos 1,26 stuck 0
RC POS 267 id 8 seat 2 role expand fs 0 body 1 pos 24,6 stuck 0
RC POS 267 id 10 seat 3 role raid fs 0 body 1 pos 5,21 stuck 0
RC POS 267 id 23 seat 4 role defend fs 0 body 1 pos 26,9 stuck 1
RC POS 268 id 6 seat 1 role raid fs 1 body 2 pos 1,27 stuck 0
RC POS 268 id 8 seat 2 role expand fs 0 body 1 pos 24,7 stuck 0
RC POS 268 id 10 seat 3 role raid fs 0 body 1 pos 4,21 stuck 0
RC POS 268 id 23 seat 4 role defend fs 0 body 1 pos 26,9 stuck 2
RC POS 269 id 6 seat 1 role raid fs 1 body 2 pos 1,26 stuck 0
RC POS 269 id 8 seat 2 role expand fs 0 body 1 pos 24,6 stuck 0
RC POS 269 id 10 seat 3 role raid fs 0 body 1 pos 4,22 stuck 0
RC POS 269 id 23 seat 4 role defend fs 0 body 1 pos 26,9 stuck 3
RC POS 270 id 6 seat 1 role raid fs 1 body 2 pos 1,27 stuck 0
RC POS 270 id 8 seat 2 role expand fs 0 body 1 pos 24,7 stuck 0
RC POS 270 id 10 seat 3 role raid fs 0 body 1 pos 5,22 stuck 0
RC POS 270 id 23 seat 4 role defend fs 0 body 1 pos 26,9 stuck 4
RC POS 271 id 6 seat 1 role raid fs 1 body 2 pos 1,26 stuck 0
RC POS 271 id 8 seat 2 role expand fs 0 body 1 pos 24,6 stuck 0
RC POS 271 id 10 seat 3 role raid fs 0 body 1 pos 5,23 stuck 0
RC POS 271 id 23 seat 4 role defend fs 0 body 1 pos 26,9 stuck 5
RC POS 272 id 6 seat 1 role raid fs 1 body 2 pos 1,27 stuck 0
RC POS 272 id 8 seat 2 role expand fs 0 body 1 pos 24,7 stuck 0
RC POS 272 id 10 seat 3 role raid fs 0 body 1 pos 5,24 stuck 0
RC POS 272 id 23 seat 4 role defend fs 0 body 1 pos 26,9 stuck 6
RC POS 273 id 6 seat 1 role raid fs 1 body 2 pos 1,26 stuck 0
RC POS 273 id 8 seat 2 role expand fs 0 body 1 pos 24,6 stuck 0
RC POS 273 id 10 seat 3 role raid fs 0 body 1 pos 5,25 stuck 0
RC POS 273 id 23 seat 4 role defend fs 0 body 1 pos 26,9 stuck 7
RC POS 274 id 6 seat 1 role raid fs 1 body 2 pos 1,27 stuck 0
RC POS 274 id 8 seat 2 role expand fs 0 body 1 pos 24,7 stuck 0
RC POS 274 id 10 seat 3 role raid fs 0 body 1 pos 5,26 stuck 0
RC POS 274 id 23 seat 4 role defend fs 0 body 1 pos 26,9 stuck 8
RC ECO 275 harvstore 4 harvseen -1 ti 16 units 8 scale 296.0
RC POS 275 id 6 seat 1 role raid fs 1 body 2 pos 1,26 stuck 0
RC POS 275 id 8 seat 2 role expand fs 0 body 1 pos 24,6 stuck 0
RC POS 275 id 10 seat 3 role raid fs 0 body 1 pos 5,25 stuck 0
RC POS 275 id 23 seat 4 role defend fs 0 body 1 pos 26,8 stuck 0
RC POS 276 id 6 seat 1 role raid fs 1 body 2 pos 1,27 stuck 0
RC POS 276 id 8 seat 2 role expand fs 0 body 1 pos 24,7 stuck 0
RC POS 276 id 10 seat 3 role raid fs 0 body 1 pos 5,24 stuck 0
RC POS 276 id 23 seat 4 role defend fs 0 body 1 pos 26,7 stuck 0
RC POS 277 id 6 seat 1 role raid fs 1 body 2 pos 1,26 stuck 0
RC POS 277 id 8 seat 2 role expand fs 0 body 1 pos 24,6 stuck 0
RC POS 277 id 10 seat 3 role raid fs 0 body 1 pos 5,23 stuck 0
RC POS 277 id 23 seat 4 role defend fs 0 body 1 pos 27,7 stuck 0
RC POS 278 id 6 seat 1 role raid fs 1 body 2 pos 1,27 stuck 0
RC POS 278 id 8 seat 2 role expand fs 0 body 1 pos 24,7 stuck 0
RC POS 278 id 10 seat 3 role raid fs 0 body 1 pos 5,22 stuck 0
RC POS 278 id 23 seat 4 role defend fs 0 body 1 pos 26,7 stuck 0
RC POS 279 id 6 seat 1 role raid fs 1 body 2 pos 1,26 stuck 0
RC POS 279 id 8 seat 2 role expand fs 0 body 1 pos 24,6 stuck 0
RC POS 279 id 10 seat 3 role raid fs 0 body 1 pos 4,22 stuck 0
RC POS 279 id 23 seat 4 role defend fs 0 body 1 pos 27,7 stuck 0
RC POS 280 id 6 seat 1 role raid fs 1 body 2 pos 1,27 stuck 0
RC POS 280 id 8 seat 2 role expand fs 0 body 1 pos 24,7 stuck 0
RC POS 280 id 10 seat 3 role raid fs 0 body 1 pos 3,22 stuck 0
RC POS 280 id 23 seat 4 role defend fs 0 body 1 pos 26,7 stuck 0
RC POS 281 id 6 seat 1 role raid fs 1 body 2 pos 1,26 stuck 0
RC POS 281 id 8 seat 2 role expand fs 0 body 1 pos 24,6 stuck 0
RC POS 281 id 10 seat 3 role raid fs 0 body 1 pos 2,22 stuck 0
RC POS 281 id 23 seat 4 role defend fs 0 body 1 pos 27,7 stuck 0
RC POS 282 id 6 seat 1 role raid fs 1 body 2 pos 1,26 stuck 1
RC POS 282 id 8 seat 2 role expand fs 0 body 1 pos 24,7 stuck 0
RC POS 282 id 10 seat 3 role raid fs 0 body 1 pos 2,23 stuck 0
RC POS 282 id 23 seat 4 role defend fs 0 body 1 pos 27,8 stuck 0
RC POS 283 id 6 seat 1 role raid fs 1 body 2 pos 1,27 stuck 0
RC POS 283 id 8 seat 2 role expand fs 0 body 1 pos 24,6 stuck 0
RC POS 283 id 10 seat 3 role raid fs 0 body 1 pos 2,23 stuck 1
RC POS 283 id 23 seat 4 role defend fs 0 body 1 pos 27,9 stuck 0
RC POS 284 id 6 seat 1 role raid fs 1 body 2 pos 1,26 stuck 0
RC POS 284 id 8 seat 2 role expand fs 0 body 1 pos 24,7 stuck 0
RC POS 284 id 10 seat 3 role raid fs 0 body 1 pos 2,23 stuck 1
RC POS 284 id 23 seat 4 role defend fs 0 body 1 pos 26,9 stuck 0
RC POS 285 id 6 seat 1 role raid fs 1 body 2 pos 1,27 stuck 0
RC POS 285 id 8 seat 2 role expand fs 0 body 1 pos 24,6 stuck 0
RC POS 285 id 23 seat 4 role defend fs 0 body 1 pos 26,9 stuck 1
RC POS 286 id 6 seat 1 role raid fs 1 body 2 pos 1,26 stuck 0
RC POS 286 id 8 seat 2 role expand fs 0 body 1 pos 24,7 stuck 0
RC POS 286 id 23 seat 4 role defend fs 0 body 1 pos 26,9 stuck 2
RC POS 287 id 6 seat 1 role raid fs 1 body 2 pos 1,27 stuck 0
RC POS 287 id 8 seat 2 role expand fs 0 body 1 pos 24,6 stuck 0
RC POS 287 id 23 seat 4 role defend fs 0 body 1 pos 26,9 stuck 3
RC POS 288 id 6 seat 1 role raid fs 1 body 2 pos 1,26 stuck 0
RC POS 288 id 8 seat 2 role expand fs 0 body 1 pos 24,7 stuck 0
RC POS 288 id 23 seat 4 role defend fs 0 body 1 pos 26,9 stuck 4
RC POS 289 id 6 seat 1 role raid fs 1 body 2 pos 1,27 stuck 0
RC POS 289 id 8 seat 2 role expand fs 0 body 1 pos 24,6 stuck 0
RC POS 289 id 23 seat 4 role defend fs 0 body 1 pos 26,9 stuck 5
RC POS 290 id 6 seat 1 role raid fs 1 body 2 pos 1,26 stuck 0
RC POS 290 id 8 seat 2 role expand fs 0 body 1 pos 24,7 stuck 0
RC POS 290 id 23 seat 4 role defend fs 0 body 1 pos 26,9 stuck 6
RC POS 291 id 6 seat 1 role raid fs 1 body 2 pos 1,27 stuck 0
RC POS 291 id 8 seat 2 role expand fs 0 body 1 pos 24,6 stuck 0
RC POS 291 id 23 seat 4 role defend fs 0 body 1 pos 26,9 stuck 7
RC POS 292 id 6 seat 1 role raid fs 1 body 2 pos 1,26 stuck 0
RC POS 292 id 8 seat 2 role expand fs 0 body 1 pos 24,7 stuck 0
RC POS 292 id 23 seat 4 role defend fs 0 body 1 pos 26,9 stuck 8
RC POS 293 id 6 seat 1 role raid fs 1 body 2 pos 1,27 stuck 0
RC POS 293 id 8 seat 2 role expand fs 0 body 1 pos 24,6 stuck 0
RC POS 293 id 23 seat 4 role defend fs 0 body 1 pos 26,9 stuck 9
RC POS 294 id 6 seat 1 role raid fs 1 body 2 pos 1,26 stuck 0
RC POS 294 id 8 seat 2 role expand fs 0 body 1 pos 24,7 stuck 0
RC POS 294 id 23 seat 4 role defend fs 0 body 1 pos 26,9 stuck 10
RC POS 295 id 6 seat 1 role raid fs 1 body 2 pos 1,27 stuck 0
RC POS 295 id 8 seat 2 role expand fs 0 body 1 pos 24,6 stuck 0
RC POS 295 id 23 seat 4 role defend fs 0 body 1 pos 26,9 stuck 11
RC POS 296 id 6 seat 1 role raid fs 1 body 2 pos 1,26 stuck 0
RC POS 296 id 8 seat 2 role expand fs 0 body 1 pos 24,7 stuck 0
RC POS 296 id 23 seat 4 role defend fs 0 body 1 pos 26,9 stuck 12
RC POS 297 id 6 seat 1 role raid fs 1 body 2 pos 1,27 stuck 0
RC POS 297 id 8 seat 2 role expand fs 0 body 1 pos 24,6 stuck 0
RC POS 297 id 23 seat 4 role defend fs 0 body 1 pos 26,9 stuck 13
RC POS 298 id 6 seat 1 role raid fs 1 body 2 pos 1,26 stuck 0
RC POS 298 id 8 seat 2 role expand fs 0 body 1 pos 24,7 stuck 0
RC POS 298 id 23 seat 4 role defend fs 0 body 1 pos 26,9 stuck 14
RC POS 299 id 6 seat 1 role raid fs 1 body 2 pos 1,27 stuck 0
RC POS 299 id 8 seat 2 role expand fs 0 body 1 pos 24,6 stuck 0
RC POS 299 id 23 seat 4 role defend fs 0 body 1 pos 26,9 stuck 15
RC ECO 300 harvstore 4 harvseen -1 ti 26 units 7 scale 271.0
RC POS 300 id 6 seat 1 role raid fs 1 body 2 pos 1,26 stuck 0
RC POS 300 id 8 seat 2 role expand fs 0 body 1 pos 24,7 stuck 0
RC POS 300 id 23 seat 4 role defend fs 0 body 1 pos 26,9 stuck 16
RC POS 301 id 6 seat 1 role raid fs 1 body 2 pos 1,27 stuck 0
RC POS 301 id 8 seat 2 role expand fs 0 body 1 pos 24,6 stuck 0
RC POS 301 id 23 seat 4 role defend fs 0 body 1 pos 26,9 stuck 17
RC POS 302 id 6 seat 1 role raid fs 1 body 2 pos 1,26 stuck 0
RC POS 302 id 8 seat 2 role expand fs 0 body 1 pos 24,7 stuck 0
RC POS 302 id 23 seat 4 role defend fs 0 body 1 pos 25,9 stuck 0
RC POS 303 id 6 seat 1 role raid fs 1 body 2 pos 1,27 stuck 0
RC POS 303 id 8 seat 2 role expand fs 0 body 1 pos 24,6 stuck 0
RC POS 303 id 23 seat 4 role defend fs 0 body 1 pos 25,8 stuck 0
RC POS 304 id 6 seat 1 role raid fs 1 body 2 pos 1,26 stuck 0
RC POS 304 id 8 seat 2 role expand fs 0 body 1 pos 24,7 stuck 0
RC POS 304 id 23 seat 4 role defend fs 0 body 1 pos 25,7 stuck 0
RC POS 305 id 6 seat 1 role raid fs 1 body 2 pos 1,27 stuck 0
RC POS 305 id 8 seat 2 role expand fs 0 body 1 pos 24,6 stuck 0
RC POS 305 id 23 seat 4 role defend fs 0 body 1 pos 26,7 stuck 0
RC POS 306 id 6 seat 1 role raid fs 1 body 2 pos 1,26 stuck 0
RC POS 306 id 8 seat 2 role expand fs 0 body 1 pos 24,7 stuck 0
RC POS 306 id 23 seat 4 role defend fs 0 body 1 pos 27,7 stuck 0
RC POS 307 id 6 seat 1 role raid fs 1 body 2 pos 1,27 stuck 0
RC POS 307 id 8 seat 2 role expand fs 0 body 1 pos 24,6 stuck 0
RC POS 307 id 23 seat 4 role defend fs 0 body 1 pos 26,7 stuck 0
RC POS 308 id 6 seat 1 role raid fs 1 body 2 pos 1,26 stuck 0
RC POS 308 id 8 seat 2 role expand fs 0 body 1 pos 24,7 stuck 0
RC POS 308 id 23 seat 4 role defend fs 0 body 1 pos 27,7 stuck 0
RC POS 309 id 6 seat 1 role raid fs 1 body 2 pos 1,27 stuck 0
RC POS 309 id 8 seat 2 role expand fs 0 body 1 pos 24,6 stuck 0
RC POS 309 id 23 seat 4 role defend fs 0 body 1 pos 26,7 stuck 0
RC POS 310 id 6 seat 1 role raid fs 1 body 2 pos 1,26 stuck 0
RC POS 310 id 8 seat 2 role expand fs 0 body 1 pos 24,7 stuck 0
RC POS 310 id 23 seat 4 role defend fs 0 body 1 pos 27,7 stuck 0
RC POS 311 id 6 seat 1 role raid fs 1 body 2 pos 1,27 stuck 0
RC POS 311 id 8 seat 2 role expand fs 0 body 1 pos 24,6 stuck 0
RC POS 311 id 23 seat 4 role defend fs 0 body 1 pos 27,8 stuck 0
RC POS 312 id 6 seat 1 role raid fs 1 body 2 pos 1,26 stuck 0
RC POS 312 id 8 seat 2 role expand fs 0 body 1 pos 24,7 stuck 0
RC POS 312 id 23 seat 4 role defend fs 0 body 1 pos 27,9 stuck 0
RC POS 313 id 6 seat 1 role raid fs 1 body 2 pos 1,27 stuck 0
RC POS 313 id 8 seat 2 role expand fs 0 body 1 pos 24,6 stuck 0
RC POS 313 id 23 seat 4 role defend fs 0 body 1 pos 26,9 stuck 0
RC POS 314 id 6 seat 1 role raid fs 1 body 2 pos 1,26 stuck 0
RC POS 314 id 8 seat 2 role expand fs 0 body 1 pos 24,7 stuck 0
RC POS 314 id 23 seat 4 role defend fs 0 body 1 pos 26,9 stuck 1
RC POS 315 id 6 seat 1 role raid fs 1 body 2 pos 1,27 stuck 0
RC POS 315 id 8 seat 2 role expand fs 0 body 1 pos 24,6 stuck 0
RC POS 315 id 23 seat 4 role defend fs 0 body 1 pos 26,9 stuck 2
RC POS 316 id 6 seat 1 role raid fs 1 body 2 pos 1,26 stuck 0
RC POS 316 id 8 seat 2 role expand fs 0 body 1 pos 24,7 stuck 0
RC POS 316 id 23 seat 4 role defend fs 0 body 1 pos 26,9 stuck 3
RC POS 317 id 6 seat 1 role raid fs 1 body 2 pos 1,27 stuck 0
RC POS 317 id 8 seat 2 role expand fs 0 body 1 pos 24,6 stuck 0
RC POS 317 id 23 seat 4 role defend fs 0 body 1 pos 26,9 stuck 4
RC POS 318 id 6 seat 1 role raid fs 1 body 2 pos 1,26 stuck 0
RC POS 318 id 8 seat 2 role expand fs 0 body 1 pos 24,7 stuck 0
RC POS 318 id 23 seat 4 role defend fs 0 body 1 pos 26,9 stuck 5
RC POS 319 id 6 seat 1 role raid fs 1 body 2 pos 1,27 stuck 0
RC POS 319 id 8 seat 2 role expand fs 0 body 1 pos 24,6 stuck 0
RC POS 319 id 23 seat 4 role defend fs 0 body 1 pos 26,9 stuck 6
RC POS 320 id 6 seat 1 role raid fs 1 body 2 pos 1,26 stuck 0
RC POS 320 id 8 seat 2 role expand fs 0 body 1 pos 24,7 stuck 0
RC POS 320 id 23 seat 4 role defend fs 0 body 1 pos 26,9 stuck 7
RC POS 321 id 6 seat 1 role raid fs 1 body 2 pos 1,27 stuck 0
RC POS 321 id 8 seat 2 role expand fs 0 body 1 pos 24,6 stuck 0
RC POS 321 id 23 seat 4 role defend fs 0 body 1 pos 26,9 stuck 8
RC POS 322 id 6 seat 1 role raid fs 1 body 2 pos 1,26 stuck 0
RC POS 322 id 8 seat 2 role expand fs 0 body 1 pos 24,7 stuck 0
RC POS 322 id 23 seat 4 role defend fs 0 body 1 pos 26,9 stuck 9
RC POS 323 id 6 seat 1 role raid fs 1 body 2 pos 1,27 stuck 0
RC POS 323 id 8 seat 2 role expand fs 0 body 1 pos 24,6 stuck 0
RC POS 323 id 23 seat 4 role defend fs 0 body 1 pos 26,9 stuck 10
RC POS 324 id 6 seat 1 role raid fs 1 body 2 pos 1,26 stuck 0
RC POS 324 id 8 seat 2 role expand fs 0 body 1 pos 24,7 stuck 0
RC POS 324 id 23 seat 4 role defend fs 0 body 1 pos 26,9 stuck 11
RC ECO 325 harvstore 4 harvseen -1 ti 16 units 7 scale 270.0
RC POS 325 id 6 seat 1 role raid fs 1 body 2 pos 1,27 stuck 0
RC POS 325 id 8 seat 2 role expand fs 0 body 1 pos 24,6 stuck 0
RC POS 325 id 23 seat 4 role defend fs 0 body 1 pos 26,9 stuck 12
RC POS 326 id 6 seat 1 role raid fs 1 body 2 pos 1,26 stuck 0
RC POS 326 id 8 seat 2 role expand fs 0 body 1 pos 24,7 stuck 0
RC POS 326 id 23 seat 4 role defend fs 0 body 1 pos 26,9 stuck 13
RC POS 327 id 6 seat 1 role raid fs 1 body 2 pos 1,27 stuck 0
RC POS 327 id 8 seat 2 role expand fs 0 body 1 pos 24,6 stuck 0
RC POS 327 id 23 seat 4 role defend fs 0 body 1 pos 26,9 stuck 14
RC POS 328 id 6 seat 1 role raid fs 1 body 2 pos 1,26 stuck 0
RC POS 328 id 8 seat 2 role expand fs 0 body 1 pos 24,7 stuck 0
RC POS 328 id 23 seat 4 role defend fs 0 body 1 pos 26,9 stuck 15
RC POS 329 id 6 seat 1 role raid fs 1 body 2 pos 1,27 stuck 0
RC POS 329 id 8 seat 2 role expand fs 0 body 1 pos 24,6 stuck 0
RC POS 329 id 23 seat 4 role defend fs 0 body 1 pos 26,9 stuck 16
RC POS 330 id 6 seat 1 role raid fs 1 body 2 pos 1,26 stuck 0
RC POS 330 id 8 seat 2 role expand fs 0 body 1 pos 24,7 stuck 0
RC POS 330 id 23 seat 4 role defend fs 0 body 1 pos 26,9 stuck 17
RC POS 331 id 6 seat 1 role raid fs 1 body 2 pos 1,27 stuck 0
RC POS 331 id 8 seat 2 role expand fs 0 body 1 pos 24,6 stuck 0
RC POS 331 id 23 seat 4 role defend fs 0 body 1 pos 26,8 stuck 0
RC POS 332 id 6 seat 1 role raid fs 1 body 2 pos 1,26 stuck 0
RC POS 332 id 8 seat 2 role expand fs 0 body 1 pos 24,7 stuck 0
RC POS 332 id 23 seat 4 role defend fs 0 body 1 pos 26,7 stuck 0
RC POS 333 id 6 seat 1 role raid fs 1 body 2 pos 1,27 stuck 0
RC POS 333 id 8 seat 2 role expand fs 0 body 1 pos 24,6 stuck 0
RC POS 333 id 23 seat 4 role defend fs 0 body 1 pos 27,7 stuck 0
RC POS 334 id 6 seat 1 role raid fs 1 body 2 pos 1,26 stuck 0
RC POS 334 id 8 seat 2 role expand fs 0 body 1 pos 24,7 stuck 0
RC POS 334 id 23 seat 4 role defend fs 0 body 1 pos 26,7 stuck 0
RC POS 335 id 6 seat 1 role raid fs 1 body 2 pos 1,27 stuck 0
RC POS 335 id 8 seat 2 role expand fs 0 body 1 pos 24,6 stuck 0
RC POS 335 id 23 seat 4 role defend fs 0 body 1 pos 27,7 stuck 0
RC POS 336 id 6 seat 1 role raid fs 1 body 2 pos 1,26 stuck 0
RC POS 336 id 8 seat 2 role expand fs 0 body 1 pos 24,7 stuck 0
RC POS 336 id 23 seat 4 role defend fs 0 body 1 pos 26,7 stuck 0
RC POS 337 id 6 seat 1 role raid fs 1 body 2 pos 1,27 stuck 0
RC POS 337 id 8 seat 2 role expand fs 0 body 1 pos 24,6 stuck 0
RC POS 337 id 23 seat 4 role defend fs 0 body 1 pos 27,7 stuck 0
RC POS 338 id 6 seat 1 role raid fs 1 body 2 pos 1,26 stuck 0
RC POS 338 id 8 seat 2 role expand fs 0 body 1 pos 24,7 stuck 0
RC POS 338 id 23 seat 4 role defend fs 0 body 1 pos 27,8 stuck 0
RC POS 339 id 6 seat 1 role raid fs 1 body 2 pos 1,27 stuck 0
RC POS 339 id 8 seat 2 role expand fs 0 body 1 pos 24,6 stuck 0
RC POS 339 id 23 seat 4 role defend fs 0 body 1 pos 27,9 stuck 0
RC POS 340 id 6 seat 1 role raid fs 1 body 2 pos 1,26 stuck 0
RC POS 340 id 8 seat 2 role expand fs 0 body 1 pos 24,7 stuck 0
RC POS 340 id 23 seat 4 role defend fs 0 body 1 pos 26,9 stuck 0
RC POS 341 id 6 seat 1 role raid fs 1 body 2 pos 1,27 stuck 0
RC POS 341 id 8 seat 2 role expand fs 0 body 1 pos 24,6 stuck 0
RC POS 341 id 23 seat 4 role defend fs 0 body 1 pos 26,9 stuck 1
RC POS 342 id 6 seat 1 role raid fs 1 body 2 pos 1,26 stuck 0
RC POS 342 id 8 seat 2 role expand fs 0 body 1 pos 24,7 stuck 0
RC POS 342 id 23 seat 4 role defend fs 0 body 1 pos 26,9 stuck 2
RC POS 343 id 6 seat 1 role raid fs 1 body 2 pos 1,27 stuck 0
RC POS 343 id 8 seat 2 role expand fs 0 body 1 pos 24,6 stuck 0
RC POS 343 id 23 seat 4 role defend fs 0 body 1 pos 26,9 stuck 3
RC POS 344 id 6 seat 1 role raid fs 1 body 2 pos 1,26 stuck 0
RC POS 344 id 8 seat 2 role expand fs 0 body 1 pos 24,7 stuck 0
RC POS 344 id 23 seat 4 role defend fs 0 body 1 pos 26,9 stuck 4
RC POS 345 id 6 seat 1 role raid fs 1 body 2 pos 1,27 stuck 0
RC POS 345 id 8 seat 2 role expand fs 0 body 1 pos 24,6 stuck 0
RC POS 345 id 23 seat 4 role defend fs 0 body 1 pos 26,9 stuck 5
RC POS 346 id 6 seat 1 role raid fs 1 body 2 pos 1,26 stuck 0
RC POS 346 id 8 seat 2 role expand fs 0 body 1 pos 24,7 stuck 0
RC POS 346 id 23 seat 4 role defend fs 0 body 1 pos 26,9 stuck 6
RC POS 347 id 6 seat 1 role raid fs 1 body 2 pos 1,27 stuck 0
RC POS 347 id 8 seat 2 role expand fs 0 body 1 pos 24,6 stuck 0
RC POS 347 id 23 seat 4 role defend fs 0 body 1 pos 26,9 stuck 7
RC POS 348 id 6 seat 1 role raid fs 1 body 2 pos 1,26 stuck 0
RC POS 348 id 8 seat 2 role expand fs 0 body 1 pos 24,7 stuck 0
RC POS 348 id 23 seat 4 role defend fs 0 body 1 pos 26,9 stuck 8
RC POS 349 id 6 seat 1 role raid fs 1 body 2 pos 1,27 stuck 0
RC POS 349 id 8 seat 2 role expand fs 0 body 1 pos 24,6 stuck 0
RC POS 349 id 23 seat 4 role defend fs 0 body 1 pos 26,9 stuck 9
RC ECO 350 harvstore 4 harvseen -1 ti 16 units 7 scale 270.0
RC POS 350 id 6 seat 1 role raid fs 1 body 2 pos 1,26 stuck 0
RC POS 350 id 8 seat 2 role expand fs 0 body 1 pos 24,7 stuck 0
RC POS 350 id 23 seat 4 role defend fs 0 body 1 pos 26,9 stuck 10
RC POS 351 id 6 seat 1 role raid fs 1 body 2 pos 1,27 stuck 0
RC POS 351 id 8 seat 2 role expand fs 0 body 1 pos 24,6 stuck 0
RC POS 351 id 23 seat 4 role defend fs 0 body 1 pos 26,9 stuck 11
RC POS 352 id 6 seat 1 role raid fs 1 body 2 pos 1,26 stuck 0
RC POS 352 id 8 seat 2 role expand fs 0 body 1 pos 24,7 stuck 0
RC POS 352 id 23 seat 4 role defend fs 0 body 1 pos 26,9 stuck 12
RC POS 353 id 6 seat 1 role raid fs 1 body 2 pos 1,27 stuck 0
RC POS 353 id 8 seat 2 role expand fs 0 body 1 pos 24,6 stuck 0
RC POS 353 id 23 seat 4 role defend fs 0 body 1 pos 26,9 stuck 13
RC POS 354 id 6 seat 1 role raid fs 1 body 2 pos 1,26 stuck 0
RC POS 354 id 8 seat 2 role expand fs 0 body 1 pos 24,7 stuck 0
RC POS 354 id 23 seat 4 role defend fs 0 body 1 pos 26,9 stuck 14
RC POS 355 id 6 seat 1 role raid fs 1 body 2 pos 1,27 stuck 0
RC POS 355 id 8 seat 2 role expand fs 0 body 1 pos 24,6 stuck 0
RC POS 355 id 23 seat 4 role defend fs 0 body 1 pos 26,9 stuck 15
RC POS 356 id 6 seat 1 role raid fs 1 body 2 pos 1,26 stuck 0
RC POS 356 id 8 seat 2 role expand fs 0 body 1 pos 24,7 stuck 0
RC POS 356 id 23 seat 4 role defend fs 0 body 1 pos 26,9 stuck 16
RC POS 357 id 6 seat 1 role raid fs 1 body 2 pos 1,27 stuck 0
RC POS 357 id 8 seat 2 role expand fs 0 body 1 pos 24,6 stuck 0
RC POS 357 id 23 seat 4 role defend fs 0 body 1 pos 26,9 stuck 17
RC POS 358 id 6 seat 1 role raid fs 1 body 2 pos 1,26 stuck 0
RC POS 358 id 8 seat 2 role expand fs 0 body 1 pos 24,7 stuck 0
RC POS 358 id 23 seat 4 role defend fs 0 body 1 pos 26,8 stuck 0
RC POS 359 id 6 seat 1 role raid fs 1 body 2 pos 1,27 stuck 0
RC POS 359 id 8 seat 2 role expand fs 0 body 1 pos 24,6 stuck 0
RC POS 359 id 23 seat 4 role defend fs 0 body 1 pos 26,7 stuck 0
RC POS 360 id 6 seat 1 role raid fs 1 body 2 pos 1,26 stuck 0
RC POS 360 id 8 seat 2 role expand fs 0 body 1 pos 24,7 stuck 0
RC POS 360 id 23 seat 4 role defend fs 0 body 1 pos 27,7 stuck 0
RC POS 361 id 6 seat 1 role raid fs 1 body 2 pos 1,27 stuck 0
RC POS 361 id 8 seat 2 role expand fs 0 body 1 pos 24,6 stuck 0
RC POS 361 id 23 seat 4 role defend fs 0 body 1 pos 26,7 stuck 0
RC POS 362 id 6 seat 1 role raid fs 1 body 2 pos 1,26 stuck 0
RC POS 362 id 8 seat 2 role expand fs 0 body 1 pos 24,7 stuck 0
RC POS 362 id 23 seat 4 role defend fs 0 body 1 pos 27,7 stuck 0
RC POS 363 id 6 seat 1 role raid fs 1 body 2 pos 1,27 stuck 0
RC POS 363 id 8 seat 2 role expand fs 0 body 1 pos 24,6 stuck 0
RC POS 363 id 23 seat 4 role defend fs 0 body 1 pos 26,7 stuck 0
RC POS 364 id 6 seat 1 role raid fs 1 body 2 pos 1,26 stuck 0
RC POS 364 id 8 seat 2 role expand fs 0 body 1 pos 24,7 stuck 0
RC POS 364 id 23 seat 4 role defend fs 0 body 1 pos 27,7 stuck 0
RC POS 365 id 6 seat 1 role raid fs 1 body 2 pos 1,27 stuck 0
RC POS 365 id 8 seat 2 role expand fs 0 body 1 pos 24,6 stuck 0
RC POS 365 id 23 seat 4 role defend fs 0 body 1 pos 27,8 stuck 0
RC POS 366 id 6 seat 1 role raid fs 1 body 2 pos 1,26 stuck 0
RC POS 366 id 8 seat 2 role expand fs 0 body 1 pos 24,7 stuck 0
RC POS 366 id 23 seat 4 role defend fs 0 body 1 pos 27,9 stuck 0
RC POS 367 id 6 seat 1 role raid fs 1 body 2 pos 1,27 stuck 0
RC POS 367 id 8 seat 2 role expand fs 0 body 1 pos 24,6 stuck 0
RC POS 367 id 23 seat 4 role defend fs 0 body 1 pos 26,9 stuck 0
RC POS 368 id 6 seat 1 role raid fs 1 body 2 pos 1,26 stuck 0
RC POS 368 id 8 seat 2 role expand fs 0 body 1 pos 24,7 stuck 0
RC POS 368 id 23 seat 4 role defend fs 0 body 1 pos 26,9 stuck 1
RC POS 369 id 6 seat 1 role raid fs 1 body 2 pos 1,27 stuck 0
RC POS 369 id 8 seat 2 role expand fs 0 body 1 pos 24,6 stuck 0
RC POS 369 id 23 seat 4 role defend fs 0 body 1 pos 26,9 stuck 2
RC POS 370 id 6 seat 1 role raid fs 1 body 2 pos 1,26 stuck 0
RC POS 370 id 8 seat 2 role expand fs 0 body 1 pos 24,7 stuck 0
RC POS 370 id 23 seat 4 role defend fs 0 body 1 pos 26,9 stuck 3
RC POS 371 id 6 seat 1 role raid fs 1 body 2 pos 1,27 stuck 0
RC POS 371 id 8 seat 2 role expand fs 0 body 1 pos 24,6 stuck 0
RC POS 371 id 23 seat 4 role defend fs 0 body 1 pos 26,9 stuck 4
RC POS 372 id 6 seat 1 role raid fs 1 body 2 pos 1,26 stuck 0
RC POS 372 id 8 seat 2 role expand fs 0 body 1 pos 24,7 stuck 0
RC POS 372 id 23 seat 4 role defend fs 0 body 1 pos 26,9 stuck 5
RC POS 373 id 6 seat 1 role raid fs 1 body 2 pos 1,27 stuck 0
RC POS 373 id 8 seat 2 role expand fs 0 body 1 pos 24,6 stuck 0
RC POS 373 id 23 seat 4 role defend fs 0 body 1 pos 26,9 stuck 6
RC POS 374 id 6 seat 1 role raid fs 1 body 2 pos 1,26 stuck 0
RC POS 374 id 8 seat 2 role expand fs 0 body 1 pos 24,7 stuck 0
RC POS 374 id 23 seat 4 role defend fs 0 body 1 pos 26,9 stuck 7
RC ECO 375 harvstore 4 harvseen -1 ti 16 units 7 scale 270.0
RC POS 375 id 6 seat 1 role raid fs 1 body 2 pos 1,27 stuck 0
RC POS 375 id 8 seat 2 role expand fs 0 body 1 pos 24,6 stuck 0
RC POS 375 id 23 seat 4 role defend fs 0 body 1 pos 26,9 stuck 8
RC POS 376 id 6 seat 1 role raid fs 1 body 2 pos 1,26 stuck 0
RC POS 376 id 8 seat 2 role expand fs 0 body 1 pos 24,7 stuck 0
RC POS 376 id 23 seat 4 role defend fs 0 body 1 pos 26,9 stuck 9
RC POS 377 id 6 seat 1 role raid fs 1 body 2 pos 1,27 stuck 0
RC POS 377 id 8 seat 2 role expand fs 0 body 1 pos 24,6 stuck 0
RC POS 377 id 23 seat 4 role defend fs 0 body 1 pos 26,9 stuck 10
RC POS 378 id 6 seat 1 role raid fs 1 body 2 pos 1,26 stuck 0
RC POS 378 id 8 seat 2 role expand fs 0 body 1 pos 24,7 stuck 0
RC POS 378 id 23 seat 4 role defend fs 0 body 1 pos 26,9 stuck 11
RC POS 379 id 6 seat 1 role raid fs 1 body 2 pos 1,27 stuck 0
RC POS 379 id 8 seat 2 role expand fs 0 body 1 pos 24,6 stuck 0
RC POS 379 id 23 seat 4 role defend fs 0 body 1 pos 26,9 stuck 12
RC POS 380 id 6 seat 1 role raid fs 1 body 2 pos 1,26 stuck 0
RC POS 380 id 8 seat 2 role expand fs 0 body 1 pos 24,7 stuck 0
RC POS 380 id 23 seat 4 role defend fs 0 body 1 pos 26,9 stuck 13
RC POS 381 id 6 seat 1 role raid fs 1 body 2 pos 1,27 stuck 0
RC POS 381 id 8 seat 2 role expand fs 0 body 1 pos 24,6 stuck 0
RC POS 381 id 23 seat 4 role defend fs 0 body 1 pos 26,9 stuck 14
RC POS 382 id 6 seat 1 role raid fs 1 body 2 pos 1,26 stuck 0
RC POS 382 id 8 seat 2 role expand fs 0 body 1 pos 24,7 stuck 0
RC POS 382 id 23 seat 4 role defend fs 0 body 1 pos 26,9 stuck 15
RC POS 383 id 6 seat 1 role raid fs 1 body 2 pos 1,26 stuck 1
RC POS 383 id 8 seat 2 role expand fs 0 body 1 pos 24,6 stuck 0
RC POS 383 id 23 seat 4 role defend fs 0 body 1 pos 26,9 stuck 16
RC POS 384 id 6 seat 1 role raid fs 1 body 2 pos 1,27 stuck 0
RC POS 384 id 8 seat 2 role expand fs 0 body 1 pos 24,7 stuck 0
RC POS 384 id 23 seat 4 role defend fs 0 body 1 pos 26,9 stuck 17
RC POS 385 id 6 seat 1 role raid fs 1 body 2 pos 1,26 stuck 0
RC POS 385 id 8 seat 2 role expand fs 0 body 1 pos 24,6 stuck 0
RC POS 385 id 23 seat 4 role defend fs 0 body 1 pos 26,8 stuck 0
RC POS 386 id 6 seat 1 role raid fs 1 body 2 pos 1,27 stuck 0
RC POS 386 id 8 seat 2 role expand fs 0 body 1 pos 24,7 stuck 0
RC POS 386 id 23 seat 4 role defend fs 0 body 1 pos 26,7 stuck 0
RC POS 387 id 6 seat 1 role raid fs 1 body 2 pos 1,26 stuck 0
RC POS 387 id 8 seat 2 role expand fs 0 body 1 pos 24,6 stuck 0
RC POS 387 id 23 seat 4 role defend fs 0 body 1 pos 27,7 stuck 0
RC POS 388 id 6 seat 1 role raid fs 1 body 2 pos 1,27 stuck 0
RC POS 388 id 8 seat 2 role expand fs 0 body 1 pos 24,7 stuck 0
RC POS 388 id 23 seat 4 role defend fs 0 body 1 pos 26,7 stuck 0
RC POS 389 id 6 seat 1 role raid fs 1 body 2 pos 1,26 stuck 0
RC POS 389 id 8 seat 2 role expand fs 0 body 1 pos 24,6 stuck 0
RC POS 389 id 23 seat 4 role defend fs 0 body 1 pos 27,7 stuck 0
RC POS 390 id 6 seat 1 role raid fs 1 body 2 pos 1,27 stuck 0
RC POS 390 id 8 seat 2 role expand fs 0 body 1 pos 24,7 stuck 0
RC POS 390 id 23 seat 4 role defend fs 0 body 1 pos 26,7 stuck 0
RC POS 391 id 6 seat 1 role raid fs 1 body 2 pos 1,26 stuck 0
RC POS 391 id 8 seat 2 role expand fs 0 body 1 pos 24,6 stuck 0
RC POS 391 id 23 seat 4 role defend fs 0 body 1 pos 27,7 stuck 0
RC POS 392 id 6 seat 1 role raid fs 1 body 2 pos 1,27 stuck 0
RC POS 392 id 8 seat 2 role expand fs 0 body 1 pos 24,7 stuck 0
RC POS 392 id 23 seat 4 role defend fs 0 body 1 pos 27,8 stuck 0
RC POS 393 id 6 seat 1 role raid fs 1 body 2 pos 1,26 stuck 0
RC POS 393 id 8 seat 2 role expand fs 0 body 1 pos 24,6 stuck 0
RC POS 393 id 23 seat 4 role defend fs 0 body 1 pos 27,9 stuck 0
RC POS 394 id 6 seat 1 role raid fs 1 body 2 pos 1,27 stuck 0
RC POS 394 id 8 seat 2 role expand fs 0 body 1 pos 24,7 stuck 0
RC POS 394 id 23 seat 4 role defend fs 0 body 1 pos 26,9 stuck 0
RC POS 395 id 6 seat 1 role raid fs 1 body 2 pos 1,26 stuck 0
RC POS 395 id 8 seat 2 role expand fs 0 body 1 pos 24,6 stuck 0
RC POS 395 id 23 seat 4 role defend fs 0 body 1 pos 26,9 stuck 1
RC POS 396 id 6 seat 1 role raid fs 1 body 2 pos 1,27 stuck 0
RC POS 396 id 8 seat 2 role expand fs 0 body 1 pos 24,7 stuck 0
RC POS 396 id 23 seat 4 role defend fs 0 body 1 pos 26,9 stuck 2
RC POS 397 id 6 seat 1 role raid fs 1 body 2 pos 1,26 stuck 0
RC POS 397 id 8 seat 2 role expand fs 0 body 1 pos 24,6 stuck 0
RC POS 397 id 23 seat 4 role defend fs 0 body 1 pos 26,9 stuck 3
RC POS 398 id 6 seat 1 role raid fs 1 body 2 pos 1,27 stuck 0
RC POS 398 id 8 seat 2 role expand fs 0 body 1 pos 24,7 stuck 0
RC POS 398 id 23 seat 4 role defend fs 0 body 1 pos 26,9 stuck 4
RC POS 399 id 6 seat 1 role raid fs 1 body 2 pos 1,26 stuck 0
RC POS 399 id 8 seat 2 role expand fs 0 body 1 pos 24,6 stuck 0
RC POS 399 id 23 seat 4 role defend fs 0 body 1 pos 26,9 stuck 5
RC ECO 400 harvstore 4 harvseen -1 ti 26 units 7 scale 270.0
RC POS 400 id 6 seat 1 role raid fs 1 body 2 pos 1,27 stuck 0
RC POS 400 id 8 seat 2 role expand fs 0 body 1 pos 24,7 stuck 0
RC POS 400 id 23 seat 4 role defend fs 0 body 1 pos 26,9 stuck 6
RC POS 401 id 6 seat 1 role raid fs 1 body 2 pos 1,26 stuck 0
RC POS 401 id 8 seat 2 role expand fs 0 body 1 pos 24,6 stuck 0
RC POS 401 id 23 seat 4 role defend fs 0 body 1 pos 26,9 stuck 7
RC POS 402 id 6 seat 1 role raid fs 1 body 2 pos 1,27 stuck 0
RC POS 402 id 8 seat 2 role expand fs 0 body 1 pos 24,7 stuck 0
RC POS 402 id 23 seat 4 role defend fs 0 body 1 pos 26,9 stuck 8
RC POS 403 id 6 seat 1 role raid fs 1 body 2 pos 1,26 stuck 0
RC POS 403 id 8 seat 2 role expand fs 0 body 1 pos 24,6 stuck 0
RC POS 403 id 23 seat 4 role defend fs 0 body 1 pos 26,9 stuck 9
RC POS 404 id 6 seat 1 role raid fs 1 body 2 pos 1,27 stuck 0
RC POS 404 id 8 seat 2 role expand fs 0 body 1 pos 24,7 stuck 0
RC POS 404 id 23 seat 4 role defend fs 0 body 1 pos 26,9 stuck 10
RC POS 405 id 6 seat 1 role raid fs 1 body 2 pos 1,26 stuck 0
RC POS 405 id 8 seat 2 role expand fs 0 body 1 pos 24,6 stuck 0
RC POS 405 id 23 seat 4 role defend fs 0 body 1 pos 26,9 stuck 11
RC POS 406 id 6 seat 1 role raid fs 1 body 2 pos 1,27 stuck 0
RC POS 406 id 8 seat 2 role expand fs 0 body 1 pos 24,7 stuck 0
RC POS 406 id 23 seat 4 role defend fs 0 body 1 pos 26,9 stuck 12
RC POS 407 id 6 seat 1 role raid fs 1 body 2 pos 1,26 stuck 0
RC POS 407 id 8 seat 2 role expand fs 0 body 1 pos 24,6 stuck 0
RC POS 407 id 23 seat 4 role defend fs 0 body 1 pos 26,9 stuck 13
RC POS 408 id 6 seat 1 role raid fs 1 body 2 pos 1,27 stuck 0
RC POS 408 id 8 seat 2 role expand fs 0 body 1 pos 24,7 stuck 0
RC POS 408 id 23 seat 4 role defend fs 0 body 1 pos 26,9 stuck 14
RC POS 409 id 6 seat 1 role raid fs 1 body 2 pos 1,26 stuck 0
RC POS 409 id 8 seat 2 role expand fs 0 body 1 pos 24,6 stuck 0
RC POS 409 id 23 seat 4 role defend fs 0 body 1 pos 26,9 stuck 15
RC POS 410 id 6 seat 1 role raid fs 1 body 2 pos 1,27 stuck 0
RC POS 410 id 8 seat 2 role expand fs 0 body 1 pos 24,7 stuck 0
RC POS 410 id 23 seat 4 role defend fs 0 body 1 pos 26,9 stuck 16
RC POS 411 id 6 seat 1 role raid fs 1 body 2 pos 1,26 stuck 0
RC POS 411 id 8 seat 2 role expand fs 0 body 1 pos 24,6 stuck 0
RC POS 411 id 23 seat 4 role defend fs 0 body 1 pos 26,9 stuck 17
RC POS 412 id 6 seat 1 role raid fs 1 body 2 pos 1,27 stuck 0
RC POS 412 id 8 seat 2 role expand fs 0 body 1 pos 24,7 stuck 0
RC POS 412 id 23 seat 4 role defend fs 0 body 1 pos 26,8 stuck 0
RC POS 413 id 6 seat 1 role raid fs 1 body 2 pos 1,26 stuck 0
RC POS 413 id 8 seat 2 role expand fs 0 body 1 pos 24,6 stuck 0
RC POS 413 id 23 seat 4 role defend fs 0 body 1 pos 26,7 stuck 0
RC POS 414 id 6 seat 1 role raid fs 1 body 2 pos 1,27 stuck 0
RC POS 414 id 8 seat 2 role expand fs 0 body 1 pos 24,7 stuck 0
RC POS 414 id 23 seat 4 role defend fs 0 body 1 pos 27,7 stuck 0
RC POS 415 id 6 seat 1 role raid fs 1 body 2 pos 1,26 stuck 0
RC POS 415 id 8 seat 2 role expand fs 0 body 1 pos 24,6 stuck 0
RC POS 415 id 23 seat 4 role defend fs 0 body 1 pos 26,7 stuck 0
RC POS 416 id 6 seat 1 role raid fs 1 body 2 pos 1,27 stuck 0
RC POS 416 id 8 seat 2 role expand fs 0 body 1 pos 24,7 stuck 0
RC POS 416 id 23 seat 4 role defend fs 0 body 1 pos 27,7 stuck 0
RC POS 417 id 6 seat 1 role raid fs 1 body 2 pos 1,26 stuck 0
RC POS 417 id 8 seat 2 role expand fs 0 body 1 pos 24,6 stuck 0
RC POS 417 id 23 seat 4 role defend fs 0 body 1 pos 26,7 stuck 0
RC POS 418 id 6 seat 1 role raid fs 1 body 2 pos 1,27 stuck 0
RC POS 418 id 8 seat 2 role expand fs 0 body 1 pos 24,7 stuck 0
RC POS 418 id 23 seat 4 role defend fs 0 body 1 pos 27,7 stuck 0
RC POS 419 id 6 seat 1 role raid fs 1 body 2 pos 1,26 stuck 0
RC POS 419 id 8 seat 2 role expand fs 0 body 1 pos 24,6 stuck 0
RC POS 419 id 23 seat 4 role defend fs 0 body 1 pos 27,8 stuck 0
RC POS 420 id 6 seat 1 role raid fs 1 body 2 pos 1,27 stuck 0
RC POS 420 id 8 seat 2 role expand fs 0 body 1 pos 24,7 stuck 0
RC POS 420 id 23 seat 4 role defend fs 0 body 1 pos 27,9 stuck 0
