Update available: 2.3.6 -> 2.3.8. Run: pip install --upgrade fcode
CREW523 0 site mag slotfs 0 merged 0 won 0 n 0 of 1
CREW523 0 site budget slotfs 0 merged 0 won 0 n 0 of 2
CREW523 0 site spawn slotfs 0 merged 0 won 0 n 0 of 3
CREW523 1 site mag slotfs 0 merged 0 won 0 n 0 of 4
CREW523 1 site budget slotfs 0 merged 0 won 0 n 0 of 5
CREW523 1 site spawn slotfs 0 merged 0 won 0 n 0 of 6
CREW523 2 site mag slotfs 1 merged 1 won 0 n 0 of 7
CREW523 2 site budget slotfs 1 merged 1 won 0 n 0 of 8
CREW523 2 site spawn slotfs 1 merged 1 won 0 n 0 of 9
CREW523 3 site mag slotfs 1 merged 1 won 0 n 0 of 10
CREW523 3 site budget slotfs 1 merged 1 won 0 n 0 of 11
CREW523 3 site spawn slotfs 1 merged 1 won 0 n 0 of 12
CREW523 4 site mag slotfs 1 merged 1 won 0 n 0 of 13
CREW523 4 site budget slotfs 1 merged 1 won 0 n 0 of 14
CREW523 5 site mag slotfs 1 merged 1 won 0 n 0 of 15
CREW523 5 site budget slotfs 1 merged 1 won 0 n 0 of 16
CREW523 6 site mag slotfs 1 merged 1 won 0 n 0 of 17
CREW523 6 site budget slotfs 1 merged 1 won 0 n 0 of 18
CREW523 7 site mag slotfs 1 merged 1 won 0 n 0 of 19
CREW523 7 site budget slotfs 1 merged 1 won 0 n 0 of 20
CREW523 8 site mag slotfs 1 merged 1 won 0 n 0 of 21
CREW523 8 site budget slotfs 1 merged 1 won 0 n 0 of 22
CREW523 9 site mag slotfs 1 merged 1 won 0 n 0 of 23
CREW523 9 site budget slotfs 1 merged 1 won 0 n 0 of 24
CREW523 10 site mag slotfs 1 merged 1 won 0 n 0 of 25
CREW523 10 site budget slotfs 1 merged 1 won 0 n 0 of 26
CREW523 11 site mag slotfs 1 merged 1 won 0 n 0 of 27
CREW523 11 site budget slotfs 1 merged 1 won 0 n 0 of 28
CREW523 12 site mag slotfs 1 merged 1 won 0 n 0 of 29
CREW523 12 site budget slotfs 1 merged 1 won 0 n 0 of 30
CREW523 13 site mag slotfs 1 merged 1 won 0 n 0 of 31
CREW523 13 site budget slotfs 1 merged 1 won 0 n 0 of 32
PH523 13 id 4 body 1 arc 2 orth 7 own 0 merged 0 arcclosed 0 ph 2
CREW523 14 site mag slotfs 2 merged 2 won 0 n 0 of 33
CREW523 14 site budget slotfs 2 merged 2 won 0 n 0 of 34
CREW523 14 site spawn slotfs 2 merged 2 won 0 n 0 of 35
PH523 14 id 4 body 1 arc 2 orth 5 own 0 merged 0 arcclosed 0 ph 2
PH523 14 id 10 body 2 arc 1 orth 6 own 0 merged 0 arcclosed 0 ph 2
CREW523 15 site mag slotfs 2 merged 2 won 0 n 0 of 36
CREW523 15 site budget slotfs 2 merged 2 won 0 n 0 of 37
CREW523 15 site spawn slotfs 2 merged 2 won 0 n 0 of 38
PH523 15 id 4 body 1 arc 2 orth 5 own 0 merged 0 arcclosed 0 ph 2
PH523 15 id 10 body 2 arc 1 orth 4 own 0 merged 0 arcclosed 0 ph 2
CREW523 16 site mag slotfs 2 merged 2 won 0 n 0 of 39
CREW523 16 site budget slotfs 2 merged 2 won 0 n 0 of 40
CREW523 16 site spawn slotfs 2 merged 2 won 0 n 0 of 41
PH523 16 id 4 body 1 arc 2 orth 5 own 0 merged 0 arcclosed 0 ph 2
PH523 16 id 10 body 2 arc 1 orth 4 own 0 merged 0 arcclosed 0 ph 2
CREW523 17 site mag slotfs 2 merged 2 won 0 n 0 of 42
CREW523 17 site budget slotfs 2 merged 2 won 0 n 0 of 43
CREW523 17 site spawn slotfs 2 merged 2 won 0 n 0 of 44
PH523 17 id 4 body 1 arc 2 orth 3 own 0 merged 0 arcclosed 0 ph 2
PH523 17 id 10 body 2 arc 1 orth 3 own 0 merged 0 arcclosed 0 ph 2
CREW523 18 site mag slotfs 2 merged 2 won 0 n 0 of 45
CREW523 18 site budget slotfs 2 merged 2 won 0 n 0 of 46
CREW523 18 site spawn slotfs 2 merged 2 won 0 n 0 of 47
PH523 18 id 4 body 1 arc 2 orth 3 own 0 merged 0 arcclosed 0 ph 2
PH523 18 id 10 body 2 arc 1 orth 3 own 0 merged 0 arcclosed 0 ph 2
CREW523 19 site mag slotfs 2 merged 2 won 0 n 0 of 48
CREW523 19 site budget slotfs 2 merged 2 won 0 n 0 of 49
CREW523 19 site spawn slotfs 2 merged 2 won 0 n 0 of 50
PH523 19 id 4 body 1 arc 2 orth 3 own 0 merged 0 arcclosed 0 ph 2
PH523 19 id 10 body 2 arc 1 orth 2 own 0 merged 0 arcclosed 0 ph 2
CREW523 20 site mag slotfs 2 merged 2 won 0 n 0 of 51
CREW523 20 site budget slotfs 2 merged 2 won 0 n 0 of 52
CREW523 20 site spawn slotfs 2 merged 2 won 0 n 0 of 53
PH523 20 id 4 body 1 arc 2 orth 2 own 0 merged 0 arcclosed 0 ph 2
PH523 20 id 10 body 2 arc 1 orth 2 own 0 merged 0 arcclosed 0 ph 2
CREW523 21 site mag slotfs 2 merged 2 won 0 n 0 of 54
CREW523 21 site budget slotfs 2 merged 2 won 0 n 0 of 55
CREW523 21 site spawn slotfs 2 merged 2 won 0 n 0 of 56
PH523 21 id 4 body 1 arc 2 orth 2 own 0 merged 0 arcclosed 0 ph 2
PH523 21 id 10 body 2 arc 1 orth 2 own 0 merged 0 arcclosed 0 ph 2
CREW523 22 site mag slotfs 2 merged 2 won 0 n 0 of 57
CREW523 22 site budget slotfs 2 merged 2 won 0 n 0 of 58
CREW523 22 site spawn slotfs 2 merged 2 won 0 n 0 of 59
PH523 22 id 4 body 1 arc 2 orth 3 own 0 merged 0 arcclosed 0 ph 2
PH523 22 id 10 body 2 arc 1 orth 3 own 0 merged 0 arcclosed 0 ph 2
CREW523 23 site mag slotfs 2 merged 2 won 0 n 0 of 60
CREW523 23 site budget slotfs 2 merged 2 won 0 n 0 of 61
CREW523 23 site spawn slotfs 2 merged 2 won 0 n 0 of 62
PH523 23 id 4 body 1 arc 2 orth 3 own 0 merged 0 arcclosed 0 ph 2
PH523 23 id 10 body 2 arc 1 orth 2 own 0 merged 0 arcclosed 0 ph 2
CREW523 24 site mag slotfs 2 merged 2 won 0 n 0 of 63
CREW523 24 site budget slotfs 2 merged 2 won 0 n 0 of 64
CREW523 24 site spawn slotfs 2 merged 2 won 0 n 0 of 65
PH523 24 id 4 body 1 arc 2 orth 2 own 0 merged 0 arcclosed 0 ph 2
PH523 24 id 10 body 2 arc 1 orth 2 own 0 merged 0 arcclosed 0 ph 2
CREW523 25 site mag slotfs 2 merged 2 won 0 n 0 of 66
CREW523 25 site budget slotfs 2 merged 2 won 0 n 0 of 67
CREW523 25 site spawn slotfs 2 merged 2 won 0 n 0 of 68
PH523 25 id 4 body 1 arc 2 orth 2 own 0 merged 0 arcclosed 0 ph 2
PH523 25 id 10 body 2 arc 1 orth 2 own 0 merged 0 arcclosed 0 ph 2
CREW523 26 site mag slotfs 2 merged 2 won 0 n 0 of 69
CREW523 26 site budget slotfs 2 merged 2 won 0 n 0 of 70
CREW523 26 site spawn slotfs 2 merged 2 won 0 n 0 of 71
PH523 26 id 4 body 1 arc 2 orth 1 own 0 merged 0 arcclosed 0 ph 2
PH523 26 id 10 body 2 arc 1 orth 1 own 0 merged 0 arcclosed 0 ph 2
CREW523 27 site mag slotfs 2 merged 2 won 0 n 0 of 72
CREW523 27 site budget slotfs 2 merged 2 won 0 n 0 of 73
CREW523 27 site spawn slotfs 2 merged 2 won 0 n 0 of 74
PH523 27 id 4 body 1 arc 2 orth 1 own 0 merged 0 arcclosed 0 ph 2
PH523 27 id 10 body 2 arc 1 orth 1 own 0 merged 0 arcclosed 0 ph 2
CREW523 28 site mag slotfs 2 merged 2 won 0 n 0 of 75
CREW523 28 site budget slotfs 2 merged 2 won 0 n 0 of 76
CREW523 28 site spawn slotfs 2 merged 2 won 0 n 0 of 77
PH523 28 id 4 body 1 arc 2 orth 1 own 0 merged 0 arcclosed 0 ph 2
PH523 28 id 10 body 2 arc 1 orth 1 own 0 merged 0 arcclosed 0 ph 2
CREW523 29 site mag slotfs 2 merged 2 won 0 n 0 of 78
CREW523 29 site budget slotfs 2 merged 2 won 0 n 0 of 79
CREW523 29 site spawn slotfs 2 merged 2 won 0 n 0 of 80
PH523 29 id 4 body 1 arc 2 orth 1 own 0 merged 0 arcclosed 0 ph 2
PH523 29 id 10 body 2 arc 1 orth 1 own 0 merged 0 arcclosed 0 ph 2
CREW523 30 site mag slotfs 2 merged 2 won 0 n 0 of 81
CREW523 30 site budget slotfs 2 merged 2 won 0 n 0 of 82
CREW523 30 site spawn slotfs 2 merged 2 won 0 n 0 of 83
PH523 30 id 4 body 1 arc 2 orth 1 own 0 merged 0 arcclosed 0 ph 2
PH523 30 id 10 body 2 arc 1 orth 1 own 0 merged 0 arcclosed 0 ph 2
CREW523 31 site mag slotfs 2 merged 2 won 0 n 0 of 84
CREW523 31 site budget slotfs 2 merged 2 won 0 n 0 of 85
CREW523 31 site spawn slotfs 2 merged 2 won 0 n 0 of 86
PH523 31 id 4 body 1 arc 2 orth 1 own 0 merged 0 arcclosed 0 ph 2
PH523 31 id 10 body 2 arc 1 orth 3 own 0 merged 0 arcclosed 0 ph 2
CREW523 32 site mag slotfs 2 merged 2 won 0 n 0 of 87
CREW523 32 site budget slotfs 2 merged 2 won 0 n 0 of 88
CREW523 32 site spawn slotfs 2 merged 2 won 0 n 0 of 89
PH523 32 id 4 body 1 arc 2 orth 1 own 0 merged 0 arcclosed 0 ph 2
PH523 32 id 10 body 2 arc 1 orth 0 own 1 merged 1 arcclosed 0 ph 3
CREW523 33 site mag slotfs 2 merged 3 won 1 n 1 of 90
CREW523 33 site budget slotfs 2 merged 3 won 1 n 2 of 91
CREW523 33 site spawn slotfs 2 merged 3 won 1 n 3 of 92
PH523 33 id 4 body 1 arc 2 orth 0 own 1 merged 1 arcclosed 0 ph 3
PH523 33 id 10 body 2 arc 1 orth 2 own 0 merged 0 arcclosed 0 ph 2
CREW523 34 site mag slotfs 3 merged 3 won 0 n 3 of 93
CREW523 34 site budget slotfs 3 merged 3 won 0 n 3 of 94
CREW523 34 site spawn slotfs 3 merged 3 won 0 n 3 of 95
PH523 34 id 4 body 1 arc 2 orth 0 own 1 merged 1 arcclosed 0 ph 3
PH523 34 id 10 body 2 arc 1 orth 0 own 1 merged 1 arcclosed 0 ph 3
CREW523 35 site mag slotfs 3 merged 3 won 0 n 3 of 96
CREW523 35 site budget slotfs 3 merged 3 won 0 n 3 of 97
CREW523 35 site spawn slotfs 3 merged 3 won 0 n 3 of 98
PH523 35 id 4 body 1 arc 2 orth 0 own 1 merged 1 arcclosed 0 ph 3
PH523 35 id 10 body 2 arc 1 orth 2 own 0 merged 0 arcclosed 0 ph 2
CREW523 36 site mag slotfs 3 merged 3 won 0 n 3 of 99
CREW523 36 site budget slotfs 3 merged 3 won 0 n 3 of 100
CREW523 36 site spawn slotfs 3 merged 3 won 0 n 3 of 101
PH523 36 id 4 body 1 arc 2 orth 0 own 1 merged 1 arcclosed 0 ph 3
PH523 36 id 10 body 2 arc 1 orth 4 own 0 merged 0 arcclosed 0 ph 2
CREW523 37 site mag slotfs 3 merged 3 won 0 n 3 of 102
CREW523 37 site budget slotfs 3 merged 3 won 0 n 3 of 103
CREW523 37 site spawn slotfs 3 merged 3 won 0 n 3 of 104
PH523 37 id 4 body 1 arc 2 orth 0 own 1 merged 1 arcclosed 0 ph 3
PH523 37 id 10 body 2 arc 1 orth 5 own 0 merged 0 arcclosed 0 ph 2
CREW523 38 site mag slotfs 3 merged 3 won 0 n 3 of 105
CREW523 38 site budget slotfs 3 merged 3 won 0 n 3 of 106
CREW523 38 site spawn slotfs 3 merged 3 won 0 n 3 of 107
PH523 38 id 4 body 1 arc 2 orth 0 own 1 merged 1 arcclosed 0 ph 3
PH523 38 id 10 body 2 arc 1 orth 3 own 0 merged 0 arcclosed 0 ph 2
CREW523 39 site mag slotfs 3 merged 3 won 0 n 3 of 108
CREW523 39 site budget slotfs 3 merged 3 won 0 n 3 of 109
CREW523 39 site spawn slotfs 3 merged 3 won 0 n 3 of 110
PH523 39 id 4 body 1 arc 2 orth 0 own 1 merged 1 arcclosed 0 ph 3
PH523 39 id 10 body 2 arc 1 orth 4 own 0 merged 0 arcclosed 0 ph 2
CREW523 40 site mag slotfs 3 merged 3 won 0 n 3 of 111
CREW523 40 site budget slotfs 3 merged 3 won 0 n 3 of 112
CREW523 40 site spawn slotfs 3 merged 3 won 0 n 3 of 113
PH523 40 id 4 body 1 arc 2 orth 0 own 1 merged 1 arcclosed 0 ph 3
PH523 40 id 10 body 2 arc 1 orth 2 own 0 merged 0 arcclosed 0 ph 2
CREW523 41 site mag slotfs 3 merged 3 won 0 n 3 of 114
CREW523 41 site budget slotfs 3 merged 3 won 0 n 3 of 115
CREW523 41 site spawn slotfs 3 merged 3 won 0 n 3 of 116
PH523 41 id 4 body 1 arc 2 orth 0 own 1 merged 1 arcclosed 0 ph 3
PH523 41 id 10 body 2 arc 1 orth 0 own 1 merged 1 arcclosed 0 ph 3
CREW523 42 site mag slotfs 3 merged 3 won 0 n 3 of 117
CREW523 42 site budget slotfs 3 merged 3 won 0 n 3 of 118
CREW523 42 site spawn slotfs 3 merged 3 won 0 n 3 of 119
PH523 42 id 4 body 1 arc 2 orth 2 own 0 merged 0 arcclosed 0 ph 2
PH523 42 id 10 body 2 arc 1 orth 0 own 1 merged 1 arcclosed 0 ph 3
CREW523 43 site mag slotfs 2 merged 3 won 1 n 4 of 120
CREW523 43 site budget slotfs 2 merged 3 won 1 n 5 of 121
CREW523 43 site spawn slotfs 2 merged 3 won 1 n 6 of 122
PH523 43 id 4 body 1 arc 2 orth 0 own 1 merged 1 arcclosed 0 ph 3
PH523 43 id 10 body 2 arc 1 orth 0 own 1 merged 1 arcclosed 0 ph 3
CREW523 44 site mag slotfs 3 merged 3 won 0 n 6 of 123
CREW523 44 site budget slotfs 3 merged 3 won 0 n 6 of 124
CREW523 44 site spawn slotfs 3 merged 3 won 0 n 6 of 125
PH523 44 id 4 body 1 arc 2 orth 2 own 0 merged 0 arcclosed 0 ph 2
PH523 44 id 10 body 2 arc 1 orth 0 own 1 merged 1 arcclosed 0 ph 3
CREW523 45 site mag slotfs 2 merged 3 won 1 n 7 of 126
CREW523 45 site budget slotfs 2 merged 3 won 1 n 8 of 127
CREW523 45 site spawn slotfs 2 merged 3 won 1 n 9 of 128
PH523 45 id 4 body 1 arc 2 orth 0 own 1 merged 1 arcclosed 0 ph 3
PH523 45 id 10 body 2 arc 1 orth 0 own 1 merged 1 arcclosed 0 ph 3
CREW523 46 site mag slotfs 3 merged 3 won 0 n 9 of 129
CREW523 46 site budget slotfs 3 merged 3 won 0 n 9 of 130
CREW523 46 site spawn slotfs 3 merged 3 won 0 n 9 of 131
PH523 46 id 4 body 1 arc 2 orth 2 own 0 merged 0 arcclosed 0 ph 2
PH523 46 id 10 body 2 arc 1 orth 0 own 1 merged 1 arcclosed 0 ph 3
CREW523 47 site mag slotfs 2 merged 3 won 1 n 10 of 132
CREW523 47 site budget slotfs 2 merged 3 won 1 n 11 of 133
CREW523 47 site spawn slotfs 2 merged 3 won 1 n 12 of 134
PH523 47 id 4 body 1 arc 2 orth 0 own 1 merged 1 arcclosed 0 ph 3
PH523 47 id 10 body 2 arc 1 orth 0 own 1 merged 1 arcclosed 0 ph 3
CREW523 48 site mag slotfs 3 merged 3 won 0 n 12 of 135
CREW523 48 site budget slotfs 3 merged 3 won 0 n 12 of 136
CREW523 48 site spawn slotfs 3 merged 3 won 0 n 12 of 137
PH523 48 id 4 body 1 arc 2 orth 3 own 0 merged 0 arcclosed 0 ph 2
PH523 48 id 10 body 2 arc 1 orth 0 own 1 merged 1 arcclosed 0 ph 3
CREW523 49 site mag slotfs 2 merged 3 won 1 n 13 of 138
CREW523 49 site budget slotfs 2 merged 3 won 1 n 14 of 139
CREW523 49 site spawn slotfs 2 merged 3 won 1 n 15 of 140
PH523 49 id 4 body 1 arc 2 orth 0 own 1 merged 1 arcclosed 0 ph 3
PH523 49 id 10 body 2 arc 1 orth 0 own 1 merged 1 arcclosed 0 ph 3
CREW523 50 site mag slotfs 3 merged 3 won 0 n 15 of 141
CREW523 50 site budget slotfs 3 merged 3 won 0 n 15 of 142
CREW523 50 site spawn slotfs 3 merged 3 won 0 n 15 of 143
PH523 50 id 4 body 1 arc 2 orth 2 own 0 merged 0 arcclosed 0 ph 2
PH523 50 id 10 body 2 arc 1 orth 2 own 0 merged 0 arcclosed 0 ph 2
CREW523 51 site mag slotfs 2 merged 2 won 0 n 15 of 144
CREW523 51 site budget slotfs 2 merged 2 won 0 n 15 of 145
CREW523 51 site spawn slotfs 2 merged 2 won 0 n 15 of 146
PH523 51 id 4 body 1 arc 2 orth 0 own 1 merged 1 arcclosed 0 ph 3
PH523 51 id 10 body 2 arc 1 orth 0 own 1 merged 1 arcclosed 0 ph 3
CREW523 52 site mag slotfs 3 merged 3 won 0 n 15 of 147
CREW523 52 site budget slotfs 3 merged 3 won 0 n 15 of 148
CREW523 52 site spawn slotfs 3 merged 3 won 0 n 15 of 149
PH523 52 id 4 body 1 arc 2 orth 2 own 0 merged 0 arcclosed 0 ph 2
PH523 52 id 10 body 2 arc 1 orth 0 own 1 merged 1 arcclosed 0 ph 3
CREW523 53 site mag slotfs 2 merged 3 won 1 n 16 of 150
CREW523 53 site budget slotfs 2 merged 3 won 1 n 17 of 151
CREW523 53 site spawn slotfs 2 merged 3 won 1 n 18 of 152
PH523 53 id 4 body 1 arc 2 orth 0 own 1 merged 1 arcclosed 0 ph 3
PH523 53 id 10 body 2 arc 1 orth 0 own 1 merged 1 arcclosed 0 ph 3
CREW523 54 site mag slotfs 3 merged 3 won 0 n 18 of 153
CREW523 54 site budget slotfs 3 merged 3 won 0 n 18 of 154
CREW523 54 site spawn slotfs 3 merged 3 won 0 n 18 of 155
PH523 54 id 4 body 1 arc 2 orth 2 own 0 merged 0 arcclosed 0 ph 2
PH523 54 id 10 body 2 arc 1 orth 0 own 1 merged 1 arcclosed 0 ph 3
CREW523 55 site mag slotfs 2 merged 3 won 1 n 19 of 156
CREW523 55 site budget slotfs 2 merged 3 won 1 n 20 of 157
CREW523 55 site spawn slotfs 2 merged 3 won 1 n 21 of 158
PH523 55 id 4 body 1 arc 2 orth 0 own 1 merged 1 arcclosed 0 ph 3
PH523 55 id 10 body 2 arc 1 orth 0 own 1 merged 1 arcclosed 0 ph 3
CREW523 56 site mag slotfs 3 merged 3 won 0 n 21 of 159
CREW523 56 site budget slotfs 3 merged 3 won 0 n 21 of 160
CREW523 56 site spawn slotfs 3 merged 3 won 0 n 21 of 161
PH523 56 id 4 body 1 arc 2 orth 2 own 0 merged 0 arcclosed 0 ph 2
PH523 56 id 10 body 2 arc 1 orth 0 own 1 merged 1 arcclosed 0 ph 3
CREW523 57 site mag slotfs 2 merged 3 won 1 n 22 of 162
CREW523 57 site budget slotfs 2 merged 3 won 1 n 23 of 163
CREW523 57 site spawn slotfs 2 merged 3 won 1 n 24 of 164
PH523 57 id 4 body 1 arc 2 orth 0 own 1 merged 1 arcclosed 0 ph 3
PH523 57 id 10 body 2 arc 1 orth 0 own 1 merged 1 arcclosed 0 ph 3
CREW523 58 site mag slotfs 3 merged 3 won 0 n 24 of 165
CREW523 58 site budget slotfs 3 merged 3 won 0 n 24 of 166
CREW523 58 site spawn slotfs 3 merged 3 won 0 n 24 of 167
PH523 58 id 4 body 1 arc 2 orth 2 own 0 merged 0 arcclosed 0 ph 2
PH523 58 id 10 body 2 arc 1 orth 0 own 1 merged 1 arcclosed 0 ph 3
CREW523 59 site mag slotfs 2 merged 3 won 1 n 25 of 168
CREW523 59 site budget slotfs 2 merged 3 won 1 n 26 of 169
CREW523 59 site spawn slotfs 2 merged 3 won 1 n 27 of 170
PH523 59 id 4 body 1 arc 2 orth 0 own 1 merged 1 arcclosed 0 ph 3
PH523 59 id 10 body 2 arc 1 orth 2 own 0 merged 0 arcclosed 0 ph 2
CREW523 60 site mag slotfs 3 merged 3 won 0 n 27 of 171
CREW523 60 site budget slotfs 3 merged 3 won 0 n 27 of 172
CREW523 60 site spawn slotfs 3 merged 3 won 0 n 27 of 173
PH523 60 id 4 body 1 arc 2 orth 2 own 0 merged 0 arcclosed 0 ph 2
PH523 60 id 10 body 2 arc 1 orth 0 own 1 merged 1 arcclosed 0 ph 3
CREW523 61 site mag slotfs 2 merged 3 won 1 n 28 of 174
CREW523 61 site budget slotfs 2 merged 3 won 1 n 29 of 175
CREW523 61 site spawn slotfs 2 merged 3 won 1 n 30 of 176
PH523 61 id 4 body 1 arc 2 orth 0 own 1 merged 1 arcclosed 0 ph 3
PH523 61 id 10 body 2 arc 1 orth 2 own 0 merged 0 arcclosed 0 ph 2
CREW523 62 site mag slotfs 3 merged 3 won 0 n 30 of 177
CREW523 62 site budget slotfs 3 merged 3 won 0 n 30 of 178
CREW523 62 site spawn slotfs 3 merged 3 won 0 n 30 of 179
PH523 62 id 4 body 1 arc 2 orth 2 own 0 merged 0 arcclosed 0 ph 2
PH523 62 id 10 body 2 arc 1 orth 0 own 1 merged 1 arcclosed 0 ph 3
CREW523 63 site mag slotfs 2 merged 3 won 1 n 31 of 180
CREW523 63 site budget slotfs 2 merged 3 won 1 n 32 of 181
CREW523 63 site spawn slotfs 2 merged 3 won 1 n 33 of 182
PH523 63 id 4 body 1 arc 2 orth 0 own 1 merged 1 arcclosed 0 ph 3
PH523 63 id 10 body 2 arc 1 orth 2 own 0 merged 0 arcclosed 0 ph 2
CREW523 64 site mag slotfs 3 merged 3 won 0 n 33 of 183
CREW523 64 site budget slotfs 3 merged 3 won 0 n 33 of 184
CREW523 64 site spawn slotfs 3 merged 3 won 0 n 33 of 185
PH523 64 id 4 body 1 arc 2 orth 2 own 0 merged 0 arcclosed 0 ph 2
PH523 64 id 10 body 2 arc 1 orth 2 own 0 merged 0 arcclosed 0 ph 2
CREW523 65 site mag slotfs 2 merged 2 won 0 n 33 of 186
CREW523 65 site budget slotfs 2 merged 2 won 0 n 33 of 187
CREW523 65 site spawn slotfs 2 merged 2 won 0 n 33 of 188
PH523 65 id 4 body 1 arc 2 orth 0 own 1 merged 1 arcclosed 0 ph 3
PH523 65 id 10 body 2 arc 1 orth 0 own 1 merged 1 arcclosed 0 ph 3
CREW523 66 site mag slotfs 3 merged 3 won 0 n 33 of 189
CREW523 66 site budget slotfs 3 merged 3 won 0 n 33 of 190
CREW523 66 site spawn slotfs 3 merged 3 won 0 n 33 of 191
PH523 66 id 4 body 1 arc 2 orth 2 own 0 merged 0 arcclosed 0 ph 2
PH523 66 id 10 body 2 arc 1 orth 0 own 1 merged 1 arcclosed 0 ph 3
CREW523 67 site mag slotfs 2 merged 3 won 1 n 34 of 192
CREW523 67 site budget slotfs 2 merged 3 won 1 n 35 of 193
CREW523 67 site spawn slotfs 2 merged 3 won 1 n 36 of 194
PH523 67 id 4 body 1 arc 2 orth 0 own 1 merged 1 arcclosed 0 ph 3
PH523 67 id 10 body 2 arc 1 orth 0 own 1 merged 1 arcclosed 0 ph 3
CREW523 68 site mag slotfs 3 merged 3 won 0 n 36 of 195
CREW523 68 site budget slotfs 3 merged 3 won 0 n 36 of 196
CREW523 68 site spawn slotfs 3 merged 3 won 0 n 36 of 197
PH523 68 id 4 body 1 arc 2 orth 2 own 0 merged 0 arcclosed 0 ph 2
PH523 68 id 10 body 2 arc 1 orth 0 own 1 merged 1 arcclosed 0 ph 3
CREW523 69 site mag slotfs 2 merged 3 won 1 n 37 of 198
CREW523 69 site budget slotfs 2 merged 3 won 1 n 38 of 199
CREW523 69 site spawn slotfs 2 merged 3 won 1 n 39 of 200
PH523 69 id 4 body 1 arc 2 orth 0 own 1 merged 1 arcclosed 0 ph 3
PH523 69 id 10 body 2 arc 1 orth 0 own 1 merged 1 arcclosed 0 ph 3
CREW523 70 site mag slotfs 3 merged 3 won 0 n 39 of 201
CREW523 70 site budget slotfs 3 merged 3 won 0 n 39 of 202
CREW523 70 site spawn slotfs 3 merged 3 won 0 n 39 of 203
PH523 70 id 4 body 1 arc 2 orth 2 own 0 merged 0 arcclosed 0 ph 2
PH523 70 id 10 body 2 arc 1 orth 0 own 1 merged 1 arcclosed 0 ph 3
CREW523 71 site mag slotfs 2 merged 3 won 1 n 40 of 204
CREW523 71 site budget slotfs 2 merged 3 won 1 n 41 of 205
CREW523 71 site spawn slotfs 2 merged 3 won 1 n 42 of 206
PH523 71 id 4 body 1 arc 2 orth 0 own 1 merged 1 arcclosed 0 ph 3
PH523 71 id 10 body 2 arc 1 orth 0 own 1 merged 1 arcclosed 0 ph 3
CREW523 72 site mag slotfs 3 merged 3 won 0 n 42 of 207
CREW523 72 site budget slotfs 3 merged 3 won 0 n 42 of 208
CREW523 72 site spawn slotfs 3 merged 3 won 0 n 42 of 209
PH523 72 id 4 body 1 arc 2 orth 2 own 0 merged 0 arcclosed 0 ph 2
PH523 72 id 10 body 2 arc 1 orth 0 own 1 merged 1 arcclosed 0 ph 3
CREW523 73 site mag slotfs 2 merged 3 won 1 n 43 of 210
CREW523 73 site budget slotfs 2 merged 3 won 1 n 44 of 211
CREW523 73 site spawn slotfs 2 merged 3 won 1 n 45 of 212
PH523 73 id 4 body 1 arc 2 orth 0 own 1 merged 1 arcclosed 0 ph 3
PH523 73 id 10 body 2 arc 1 orth 2 own 0 merged 0 arcclosed 0 ph 2
CREW523 74 site mag slotfs 3 merged 3 won 0 n 45 of 213
CREW523 74 site budget slotfs 3 merged 3 won 0 n 45 of 214
CREW523 74 site spawn slotfs 3 merged 3 won 0 n 45 of 215
PH523 74 id 4 body 1 arc 2 orth 2 own 0 merged 0 arcclosed 0 ph 2
PH523 74 id 10 body 2 arc 1 orth 0 own 1 merged 1 arcclosed 0 ph 3
CREW523 75 site mag slotfs 2 merged 3 won 1 n 46 of 216
CREW523 75 site budget slotfs 2 merged 3 won 1 n 47 of 217
CREW523 75 site spawn slotfs 2 merged 3 won 1 n 48 of 218
PH523 75 id 4 body 1 arc 2 orth 0 own 1 merged 1 arcclosed 0 ph 3
PH523 75 id 10 body 2 arc 1 orth 0 own 1 merged 1 arcclosed 0 ph 3
CREW523 76 site mag slotfs 3 merged 3 won 0 n 48 of 219
CREW523 76 site budget slotfs 3 merged 3 won 0 n 48 of 220
CREW523 76 site spawn slotfs 3 merged 3 won 0 n 48 of 221
PH523 76 id 4 body 1 arc 2 orth 2 own 0 merged 0 arcclosed 0 ph 2
PH523 76 id 10 body 2 arc 1 orth 0 own 1 merged 1 arcclosed 0 ph 3
CREW523 77 site mag slotfs 2 merged 3 won 1 n 49 of 222
CREW523 77 site budget slotfs 2 merged 3 won 1 n 50 of 223
CREW523 77 site spawn slotfs 2 merged 3 won 1 n 51 of 224
PH523 77 id 4 body 1 arc 2 orth 0 own 1 merged 1 arcclosed 0 ph 3
PH523 77 id 10 body 2 arc 1 orth 3 own 0 merged 0 arcclosed 0 ph 2
CREW523 78 site mag slotfs 3 merged 3 won 0 n 51 of 225
CREW523 78 site budget slotfs 3 merged 3 won 0 n 51 of 226
CREW523 78 site spawn slotfs 3 merged 3 won 0 n 51 of 227
PH523 78 id 4 body 1 arc 2 orth 2 own 0 merged 0 arcclosed 0 ph 2
PH523 78 id 10 body 2 arc 1 orth 0 own 1 merged 1 arcclosed 0 ph 3
CREW523 79 site mag slotfs 2 merged 3 won 1 n 52 of 228
CREW523 79 site budget slotfs 2 merged 3 won 1 n 53 of 229
CREW523 79 site spawn slotfs 2 merged 3 won 1 n 54 of 230
PH523 79 id 4 body 1 arc 2 orth 0 own 1 merged 1 arcclosed 0 ph 3
PH523 79 id 10 body 2 arc 1 orth 2 own 0 merged 0 arcclosed 0 ph 2
CREW523 80 site mag slotfs 3 merged 3 won 0 n 54 of 231
CREW523 80 site budget slotfs 3 merged 3 won 0 n 54 of 232
CREW523 80 site spawn slotfs 3 merged 3 won 0 n 54 of 233
PH523 80 id 4 body 1 arc 2 orth 2 own 0 merged 0 arcclosed 0 ph 2
PH523 80 id 10 body 2 arc 1 orth 4 own 0 merged 0 arcclosed 0 ph 2
CREW523 81 site mag slotfs 2 merged 2 won 0 n 54 of 234
CREW523 81 site budget slotfs 2 merged 2 won 0 n 54 of 235
CREW523 81 site spawn slotfs 2 merged 2 won 0 n 54 of 236
PH523 81 id 4 body 1 arc 2 orth 0 own 1 merged 1 arcclosed 0 ph 3
PH523 81 id 10 body 2 arc 1 orth 2 own 0 merged 0 arcclosed 0 ph 2
CREW523 82 site mag slotfs 3 merged 3 won 0 n 54 of 237
CREW523 82 site budget slotfs 3 merged 3 won 0 n 54 of 238
CREW523 82 site spawn slotfs 3 merged 3 won 0 n 54 of 239
PH523 82 id 4 body 1 arc 2 orth 2 own 0 merged 0 arcclosed 0 ph 2
PH523 82 id 10 body 2 arc 1 orth 4 own 0 merged 0 arcclosed 0 ph 2
CREW523 83 site mag slotfs 2 merged 2 won 0 n 54 of 240
CREW523 83 site budget slotfs 2 merged 2 won 0 n 54 of 241
CREW523 83 site spawn slotfs 2 merged 2 won 0 n 54 of 242
PH523 83 id 4 body 1 arc 2 orth 0 own 1 merged 1 arcclosed 0 ph 3
PH523 83 id 10 body 2 arc 1 orth 2 own 0 merged 0 arcclosed 0 ph 2
CREW523 84 site mag slotfs 3 merged 3 won 0 n 54 of 243
CREW523 84 site budget slotfs 3 merged 3 won 0 n 54 of 244
CREW523 84 site spawn slotfs 3 merged 3 won 0 n 54 of 245
PH523 84 id 4 body 1 arc 2 orth 2 own 0 merged 0 arcclosed 0 ph 2
PH523 84 id 10 body 2 arc 1 orth 4 own 0 merged 0 arcclosed 0 ph 2
CREW523 85 site mag slotfs 2 merged 2 won 0 n 54 of 246
CREW523 85 site budget slotfs 2 merged 2 won 0 n 54 of 247
CREW523 85 site spawn slotfs 2 merged 2 won 0 n 54 of 248
PH523 85 id 4 body 1 arc 2 orth 0 own 1 merged 1 arcclosed 0 ph 3
PH523 85 id 10 body 2 arc 1 orth 2 own 0 merged 0 arcclosed 0 ph 2
CREW523 86 site mag slotfs 3 merged 3 won 0 n 54 of 249
CREW523 86 site budget slotfs 3 merged 3 won 0 n 54 of 250
CREW523 86 site spawn slotfs 3 merged 3 won 0 n 54 of 251
PH523 86 id 4 body 1 arc 2 orth 2 own 0 merged 0 arcclosed 0 ph 2
PH523 86 id 10 body 2 arc 1 orth 4 own 0 merged 0 arcclosed 0 ph 2
CREW523 87 site mag slotfs 2 merged 2 won 0 n 54 of 252
CREW523 87 site budget slotfs 2 merged 2 won 0 n 54 of 253
CREW523 87 site spawn slotfs 2 merged 2 won 0 n 54 of 254
PH523 87 id 4 body 1 arc 2 orth 0 own 1 merged 1 arcclosed 0 ph 3
PH523 87 id 10 body 2 arc 1 orth 2 own 0 merged 0 arcclosed 0 ph 2
CREW523 88 site mag slotfs 3 merged 3 won 0 n 54 of 255
CREW523 88 site budget slotfs 3 merged 3 won 0 n 54 of 256
CREW523 88 site spawn slotfs 3 merged 3 won 0 n 54 of 257
PH523 88 id 4 body 1 arc 2 orth 2 own 0 merged 0 arcclosed 0 ph 2
PH523 88 id 10 body 2 arc 1 orth 4 own 0 merged 0 arcclosed 0 ph 2
CREW523 89 site mag slotfs 2 merged 2 won 0 n 54 of 258
CREW523 89 site budget slotfs 2 merged 2 won 0 n 54 of 259
CREW523 89 site spawn slotfs 2 merged 2 won 0 n 54 of 260
PH523 89 id 4 body 1 arc 2 orth 0 own 1 merged 1 arcclosed 0 ph 3
PH523 89 id 10 body 2 arc 1 orth 2 own 0 merged 0 arcclosed 0 ph 2
CREW523 90 site mag slotfs 3 merged 3 won 0 n 54 of 261
CREW523 90 site budget slotfs 3 merged 3 won 0 n 54 of 262
CREW523 90 site spawn slotfs 3 merged 3 won 0 n 54 of 263
PH523 90 id 4 body 1 arc 2 orth 2 own 0 merged 0 arcclosed 0 ph 2
PH523 90 id 10 body 2 arc 1 orth 0 own 1 merged 1 arcclosed 0 ph 3
CREW523 91 site mag slotfs 2 merged 3 won 1 n 55 of 264
CREW523 91 site budget slotfs 2 merged 3 won 1 n 56 of 265
CREW523 91 site spawn slotfs 2 merged 3 won 1 n 57 of 266
PH523 91 id 4 body 1 arc 2 orth 0 own 1 merged 1 arcclosed 0 ph 3
PH523 91 id 10 body 2 arc 1 orth 0 own 1 merged 1 arcclosed 0 ph 3
CREW523 92 site mag slotfs 3 merged 3 won 0 n 57 of 267
CREW523 92 site budget slotfs 3 merged 3 won 0 n 57 of 268
CREW523 92 site spawn slotfs 3 merged 3 won 0 n 57 of 269
PH523 92 id 4 body 1 arc 2 orth 2 own 0 merged 0 arcclosed 0 ph 2
PH523 92 id 10 body 2 arc 1 orth 0 own 1 merged 1 arcclosed 0 ph 3
CREW523 93 site mag slotfs 2 merged 3 won 1 n 58 of 270
CREW523 93 site budget slotfs 2 merged 3 won 1 n 59 of 271
CREW523 93 site spawn slotfs 2 merged 3 won 1 n 60 of 272
PH523 93 id 4 body 1 arc 2 orth 0 own 1 merged 1 arcclosed 0 ph 3
PH523 93 id 10 body 2 arc 1 orth 0 own 1 merged 1 arcclosed 0 ph 3
CREW523 94 site mag slotfs 3 merged 3 won 0 n 60 of 273
CREW523 94 site budget slotfs 3 merged 3 won 0 n 60 of 274
CREW523 94 site spawn slotfs 3 merged 3 won 0 n 60 of 275
PH523 94 id 4 body 1 arc 2 orth 2 own 0 merged 0 arcclosed 0 ph 2
PH523 94 id 10 body 2 arc 1 orth 0 own 1 merged 1 arcclosed 0 ph 3
CREW523 95 site mag slotfs 2 merged 3 won 1 n 61 of 276
CREW523 95 site budget slotfs 2 merged 3 won 1 n 62 of 277
CREW523 95 site spawn slotfs 2 merged 3 won 1 n 63 of 278
PH523 95 id 4 body 1 arc 2 orth 0 own 1 merged 1 arcclosed 0 ph 3
PH523 95 id 10 body 2 arc 1 orth 0 own 1 merged 1 arcclosed 0 ph 3
CREW523 96 site mag slotfs 3 merged 3 won 0 n 63 of 279
CREW523 96 site budget slotfs 3 merged 3 won 0 n 63 of 280
CREW523 96 site spawn slotfs 3 merged 3 won 0 n 63 of 281
PH523 96 id 4 body 1 arc 2 orth 3 own 0 merged 0 arcclosed 0 ph 2
PH523 96 id 10 body 2 arc 1 orth 0 own 1 merged 1 arcclosed 0 ph 3
CREW523 97 site mag slotfs 2 merged 3 won 1 n 64 of 282
CREW523 97 site budget slotfs 2 merged 3 won 1 n 65 of 283
CREW523 97 site spawn slotfs 2 merged 3 won 1 n 66 of 284
PH523 97 id 4 body 1 arc 2 orth 4 own 0 merged 0 arcclosed 0 ph 2
PH523 97 id 10 body 2 arc 1 orth 1 own 0 merged 0 arcclosed 0 ph 5
CREW523 98 site mag slotfs 2 merged 5 won 1 n 67 of 285
FUND523 98 ammo 16 bank 0 floor 14 need 20 spare 1 sust 0 flip 1 of 1
MAG522 98 ph 5 on 0 near 0 fund 1 fuse 0 ttl 1 ti 4 ammo 16 bar 7 want 20 floor 14 bind 0 nbind 0 nnear 0
CREW523 98 site budget slotfs 2 merged 5 won 1 n 68 of 286
CREW523 98 site spawn slotfs 2 merged 5 won 1 n 69 of 287
PH523 98 id 4 body 1 arc 2 orth 3 own 0 merged 0 arcclosed 0 ph 5
PH523 98 id 10 body 2 arc 1 orth 1 own 0 merged 0 arcclosed 0 ph 5
CREW523 99 site mag slotfs 5 merged 5 won 0 n 69 of 288
FUND523 99 ammo 16 bank 0 floor 14 need 20 spare 1 sust 0 flip 2 of 2
MAG522 99 ph 5 on 0 near 0 fund 1 fuse 0 ttl 1 ti 4 ammo 16 bar 7 want 20 floor 14 bind 0 nbind 0 nnear 0
CREW523 99 site budget slotfs 5 merged 5 won 0 n 69 of 289
CREW523 99 site spawn slotfs 5 merged 5 won 0 n 69 of 290
PH523 99 id 4 body 1 arc 2 orth 1 own 0 merged 0 arcclosed 0 ph 5
PH523 99 id 10 body 2 arc 1 orth 1 own 0 merged 0 arcclosed 0 ph 5
CREW523 100 site mag slotfs 5 merged 5 won 0 n 69 of 291
FUND523 100 ammo 6 bank 0 floor 14 need 20 spare 0 sust 0 flip 2 of 3
MAG522 100 ph 5 on 0 near 0 fund 0 fuse 0 ttl 1 ti 14 ammo 6 bar 7 want 20 floor 14 bind 0 nbind 0 nnear 0
CREW523 100 site budget slotfs 5 merged 5 won 0 n 69 of 292
CREW523 100 site spawn slotfs 5 merged 5 won 0 n 69 of 293
PH523 100 id 4 body 1 arc 2 orth 1 own 0 merged 0 arcclosed 0 ph 5
PH523 100 id 10 body 2 arc 1 orth 1 own 0 merged 0 arcclosed 0 ph 5
CREW523 101 site mag slotfs 5 merged 5 won 0 n 69 of 294
FUND523 101 ammo 6 bank 0 floor 14 need 20 spare 0 sust 0 flip 2 of 4
MAG522 101 ph 5 on 0 near 0 fund 0 fuse 0 ttl 1 ti 14 ammo 6 bar 7 want 20 floor 14 bind 0 nbind 0 nnear 0
CREW523 101 site budget slotfs 5 merged 5 won 0 n 69 of 295
CREW523 101 site spawn slotfs 5 merged 5 won 0 n 69 of 296
PH523 101 id 4 body 1 arc 2 orth 1 own 0 merged 0 arcclosed 0 ph 5
PH523 101 id 10 body 2 arc 1 orth 1 own 0 merged 0 arcclosed 0 ph 5
CREW523 102 site mag slotfs 5 merged 5 won 0 n 69 of 297
FUND523 102 ammo 6 bank 0 floor 14 need 20 spare 0 sust 0 flip 2 of 5
MAG522 102 ph 5 on 0 near 0 fund 0 fuse 0 ttl 1 ti 14 ammo 6 bar 7 want 20 floor 14 bind 0 nbind 0 nnear 0
CREW523 102 site budget slotfs 5 merged 5 won 0 n 69 of 298
CREW523 102 site spawn slotfs 5 merged 5 won 0 n 69 of 299
PH523 102 id 4 body 1 arc 2 orth 1 own 0 merged 0 arcclosed 0 ph 5
PH523 102 id 10 body 2 arc 1 orth 1 own 0 merged 0 arcclosed 0 ph 5
CREW523 103 site mag slotfs 5 merged 5 won 0 n 69 of 300
FUND523 103 ammo 6 bank 0 floor 14 need 20 spare 0 sust 0 flip 2 of 6
MAG522 103 ph 5 on 0 near 0 fund 0 fuse 0 ttl 1 ti 14 ammo 6 bar 7 want 20 floor 14 bind 0 nbind 0 nnear 0
CREW523 103 site budget slotfs 5 merged 5 won 0 n 69 of 301
CREW523 103 site spawn slotfs 5 merged 5 won 0 n 69 of 302
PH523 103 id 4 body 1 arc 2 orth 1 own 0 merged 0 arcclosed 0 ph 5
PH523 103 id 10 body 2 arc 1 orth 1 own 0 merged 0 arcclosed 0 ph 5
CREW523 104 site mag slotfs 5 merged 5 won 0 n 69 of 303
FUND523 104 ammo 6 bank 10 floor 14 need 20 spare 0 sust 0 flip 2 of 7
MAG522 104 ph 5 on 0 near 0 fund 0 fuse 0 ttl 1 ti 24 ammo 6 bar 7 want 20 floor 14 bind 0 nbind 0 nnear 0
CREW523 104 site budget slotfs 5 merged 5 won 0 n 69 of 304
CREW523 104 site spawn slotfs 5 merged 5 won 0 n 69 of 305
PH523 104 id 4 body 1 arc 2 orth 1 own 0 merged 0 arcclosed 0 ph 5
PH523 104 id 10 body 2 arc 1 orth 1 own 0 merged 0 arcclosed 0 ph 5
CREW523 105 site mag slotfs 5 merged 5 won 0 n 69 of 306
FUND523 105 ammo 6 bank 0 floor 14 need 20 spare 0 sust 0 flip 2 of 8
MAG522 105 ph 5 on 0 near 0 fund 0 fuse 0 ttl 1 ti 14 ammo 6 bar 7 want 20 floor 14 bind 0 nbind 0 nnear 0
CREW523 105 site budget slotfs 5 merged 5 won 0 n 69 of 307
CREW523 105 site spawn slotfs 5 merged 5 won 0 n 69 of 308
PH523 105 id 4 body 1 arc 2 orth 1 own 0 merged 0 arcclosed 0 ph 5
PH523 105 id 10 body 2 arc 1 orth 1 own 0 merged 0 arcclosed 0 ph 5
CREW523 106 site mag slotfs 5 merged 5 won 0 n 69 of 309
FUND523 106 ammo 6 bank 0 floor 14 need 20 spare 0 sust 0 flip 2 of 9
MAG522 106 ph 5 on 0 near 0 fund 0 fuse 0 ttl 1 ti 14 ammo 6 bar 7 want 20 floor 14 bind 0 nbind 0 nnear 0
CREW523 106 site budget slotfs 5 merged 5 won 0 n 69 of 310
CREW523 106 site spawn slotfs 5 merged 5 won 0 n 69 of 311
PH523 106 id 4 body 1 arc 2 orth 1 own 0 merged 0 arcclosed 0 ph 5
PH523 106 id 10 body 2 arc 1 orth 1 own 0 merged 0 arcclosed 0 ph 5
CREW523 107 site mag slotfs 5 merged 5 won 0 n 69 of 312
FUND523 107 ammo 6 bank 0 floor 14 need 20 spare 0 sust 0 flip 2 of 10
MAG522 107 ph 5 on 0 near 0 fund 0 fuse 0 ttl 1 ti 14 ammo 6 bar 7 want 20 floor 14 bind 0 nbind 0 nnear 0
CREW523 107 site budget slotfs 5 merged 5 won 0 n 69 of 313
CREW523 107 site spawn slotfs 5 merged 5 won 0 n 69 of 314
PH523 107 id 4 body 1 arc 2 orth 1 own 0 merged 0 arcclosed 0 ph 5
PH523 107 id 10 body 2 arc 1 orth 1 own 0 merged 0 arcclosed 0 ph 5
CREW523 108 site mag slotfs 5 merged 5 won 0 n 69 of 315
FUND523 108 ammo 6 bank 10 floor 14 need 20 spare 0 sust 0 flip 2 of 11
MAG522 108 ph 5 on 0 near 0 fund 0 fuse 0 ttl 1 ti 24 ammo 6 bar 7 want 20 floor 14 bind 0 nbind 0 nnear 0
CREW523 108 site budget slotfs 5 merged 5 won 0 n 69 of 316
CREW523 108 site spawn slotfs 5 merged 5 won 0 n 69 of 317
PH523 108 id 4 body 1 arc 2 orth 1 own 0 merged 0 arcclosed 0 ph 5
PH523 108 id 10 body 2 arc 1 orth 1 own 0 merged 0 arcclosed 0 ph 5
CREW523 109 site mag slotfs 5 merged 5 won 0 n 69 of 318
FUND523 109 ammo 6 bank 0 floor 14 need 20 spare 0 sust 0 flip 2 of 12
MAG522 109 ph 5 on 0 near 0 fund 0 fuse 0 ttl 1 ti 14 ammo 6 bar 7 want 20 floor 14 bind 0 nbind 0 nnear 0
CREW523 109 site budget slotfs 5 merged 5 won 0 n 69 of 319
CREW523 109 site spawn slotfs 5 merged 5 won 0 n 69 of 320
PH523 109 id 4 body 1 arc 2 orth 2 own 0 merged 0 arcclosed 0 ph 5
PH523 109 id 10 body 2 arc 1 orth 2 own 0 merged 0 arcclosed 0 ph 5
CREW523 110 site mag slotfs 5 merged 5 won 0 n 69 of 321
FUND523 110 ammo 6 bank 0 floor 14 need 20 spare 0 sust 0 flip 2 of 13
MAG522 110 ph 5 on 0 near 0 fund 0 fuse 0 ttl 1 ti 14 ammo 6 bar 7 want 20 floor 14 bind 0 nbind 0 nnear 0
CREW523 110 site budget slotfs 5 merged 5 won 0 n 69 of 322
CREW523 110 site spawn slotfs 5 merged 5 won 0 n 69 of 323
PH523 110 id 4 body 1 arc 2 orth 2 own 0 merged 0 arcclosed 0 ph 5
PH523 110 id 10 body 2 arc 1 orth 2 own 0 merged 0 arcclosed 0 ph 5
CREW523 111 site mag slotfs 5 merged 5 won 0 n 69 of 324
FUND523 111 ammo 6 bank 0 floor 14 need 20 spare 0 sust 0 flip 2 of 14
MAG522 111 ph 5 on 0 near 0 fund 0 fuse 0 ttl 1 ti 14 ammo 6 bar 7 want 20 floor 14 bind 0 nbind 0 nnear 0
CREW523 111 site budget slotfs 5 merged 5 won 0 n 69 of 325
CREW523 111 site spawn slotfs 5 merged 5 won 0 n 69 of 326
PH523 111 id 4 body 1 arc 2 orth 2 own 0 merged 0 arcclosed 0 ph 5
PH523 111 id 10 body 2 arc 1 orth 4 own 0 merged 0 arcclosed 0 ph 5
CREW523 112 site mag slotfs 5 merged 5 won 0 n 69 of 327
FUND523 112 ammo 6 bank 10 floor 14 need 20 spare 0 sust 0 flip 2 of 15
MAG522 112 ph 5 on 0 near 0 fund 0 fuse 0 ttl 1 ti 24 ammo 6 bar 7 want 20 floor 14 bind 0 nbind 0 nnear 0
CREW523 112 site budget slotfs 5 merged 5 won 0 n 69 of 328
CREW523 112 site spawn slotfs 5 merged 5 won 0 n 69 of 329
PH523 112 id 4 body 1 arc 2 orth 2 own 0 merged 0 arcclosed 0 ph 5
PH523 112 id 10 body 2 arc 1 orth 5 own 0 merged 0 arcclosed 0 ph 5
CREW523 113 site mag slotfs 5 merged 5 won 0 n 69 of 330
FUND523 113 ammo 6 bank 0 floor 14 need 20 spare 0 sust 0 flip 2 of 16
MAG522 113 ph 5 on 0 near 0 fund 0 fuse 0 ttl 1 ti 14 ammo 6 bar 7 want 20 floor 14 bind 0 nbind 0 nnear 0
CREW523 113 site budget slotfs 5 merged 5 won 0 n 69 of 331
CREW523 113 site spawn slotfs 5 merged 5 won 0 n 69 of 332
PH523 113 id 4 body 1 arc 2 orth 4 own 0 merged 0 arcclosed 0 ph 5
PH523 113 id 10 body 2 arc 1 orth 5 own 0 merged 0 arcclosed 0 ph 5
CREW523 114 site mag slotfs 5 merged 5 won 0 n 69 of 333
FUND523 114 ammo 6 bank 0 floor 14 need 20 spare 0 sust 0 flip 2 of 17
MAG522 114 ph 5 on 0 near 0 fund 0 fuse 0 ttl 1 ti 14 ammo 6 bar 7 want 20 floor 14 bind 0 nbind 0 nnear 0
CREW523 114 site budget slotfs 5 merged 5 won 0 n 69 of 334
CREW523 114 site spawn slotfs 5 merged 5 won 0 n 69 of 335
PH523 114 id 4 body 1 arc 2 orth 2 own 0 merged 0 arcclosed 0 ph 5
PH523 114 id 10 body 2 arc 1 orth 5 own 0 merged 0 arcclosed 0 ph 5
CREW523 115 site mag slotfs 5 merged 5 won 0 n 69 of 336
FUND523 115 ammo 6 bank 0 floor 14 need 20 spare 0 sust 0 flip 2 of 18
MAG522 115 ph 5 on 0 near 0 fund 0 fuse 0 ttl 1 ti 14 ammo 6 bar 7 want 20 floor 14 bind 0 nbind 0 nnear 0
CREW523 115 site budget slotfs 5 merged 5 won 0 n 69 of 337
CREW523 115 site spawn slotfs 5 merged 5 won 0 n 69 of 338
PH523 115 id 4 body 1 arc 2 orth 4 own 0 merged 0 arcclosed 0 ph 5
PH523 115 id 10 body 2 arc 1 orth 5 own 0 merged 0 arcclosed 0 ph 5
CREW523 116 site mag slotfs 5 merged 5 won 0 n 69 of 339
FUND523 116 ammo 6 bank 10 floor 14 need 20 spare 0 sust 0 flip 2 of 19
MAG522 116 ph 5 on 0 near 0 fund 0 fuse 0 ttl 1 ti 24 ammo 6 bar 7 want 20 floor 14 bind 0 nbind 0 nnear 0
CREW523 116 site budget slotfs 5 merged 5 won 0 n 69 of 340
CREW523 116 site spawn slotfs 5 merged 5 won 0 n 69 of 341
PH523 116 id 4 body 1 arc 2 orth 2 own 0 merged 0 arcclosed 0 ph 5
PH523 116 id 10 body 2 arc 1 orth 5 own 0 merged 0 arcclosed 0 ph 5
CREW523 117 site mag slotfs 5 merged 5 won 0 n 69 of 342
FUND523 117 ammo 6 bank 0 floor 14 need 20 spare 0 sust 0 flip 2 of 20
MAG522 117 ph 5 on 0 near 0 fund 0 fuse 0 ttl 1 ti 14 ammo 6 bar 7 want 20 floor 14 bind 0 nbind 0 nnear 0
CREW523 117 site budget slotfs 5 merged 5 won 0 n 69 of 343
CREW523 117 site spawn slotfs 5 merged 5 won 0 n 69 of 344
PH523 117 id 4 body 1 arc 2 orth 4 own 0 merged 0 arcclosed 0 ph 5
PH523 117 id 10 body 2 arc 1 orth 5 own 0 merged 0 arcclosed 0 ph 5
CREW523 118 site mag slotfs 5 merged 5 won 0 n 69 of 345
FUND523 118 ammo 6 bank 0 floor 14 need 20 spare 0 sust 0 flip 2 of 21
MAG522 118 ph 5 on 0 near 0 fund 0 fuse 0 ttl 1 ti 14 ammo 6 bar 7 want 20 floor 14 bind 0 nbind 0 nnear 0
CREW523 118 site budget slotfs 5 merged 5 won 0 n 69 of 346
CREW523 118 site spawn slotfs 5 merged 5 won 0 n 69 of 347
PH523 118 id 4 body 1 arc 2 orth 2 own 0 merged 0 arcclosed 0 ph 5
PH523 118 id 10 body 2 arc 1 orth 5 own 0 merged 0 arcclosed 0 ph 5
CREW523 119 site mag slotfs 5 merged 5 won 0 n 69 of 348
FUND523 119 ammo 6 bank 0 floor 14 need 20 spare 0 sust 0 flip 2 of 22
MAG522 119 ph 5 on 0 near 0 fund 0 fuse 0 ttl 1 ti 14 ammo 6 bar 7 want 20 floor 14 bind 0 nbind 0 nnear 0
CREW523 119 site budget slotfs 5 merged 5 won 0 n 69 of 349
CREW523 119 site spawn slotfs 5 merged 5 won 0 n 69 of 350
PH523 119 id 4 body 1 arc 2 orth 4 own 0 merged 0 arcclosed 0 ph 5
PH523 119 id 10 body 2 arc 1 orth 5 own 0 merged 0 arcclosed 0 ph 5
CREW523 120 site mag slotfs 5 merged 5 won 0 n 69 of 351
FUND523 120 ammo 6 bank 10 floor 14 need 20 spare 0 sust 0 flip 2 of 23
MAG522 120 ph 5 on 0 near 0 fund 0 fuse 0 ttl 1 ti 24 ammo 6 bar 7 want 20 floor 14 bind 0 nbind 0 nnear 0
CREW523 120 site budget slotfs 5 merged 5 won 0 n 69 of 352
CREW523 120 site spawn slotfs 5 merged 5 won 0 n 69 of 353
PH523 120 id 4 body 1 arc 2 orth 2 own 0 merged 0 arcclosed 0 ph 5
PH523 120 id 10 body 2 arc 1 orth 5 own 0 merged 0 arcclosed 0 ph 5
CREW523 121 site mag slotfs 5 merged 5 won 0 n 69 of 354
FUND523 121 ammo 6 bank 0 floor 14 need 20 spare 0 sust 0 flip 2 of 24
MAG522 121 ph 5 on 0 near 0 fund 0 fuse 0 ttl 1 ti 14 ammo 6 bar 7 want 20 floor 14 bind 0 nbind 0 nnear 0
CREW523 121 site budget slotfs 5 merged 5 won 0 n 69 of 355
CREW523 121 site spawn slotfs 5 merged 5 won 0 n 69 of 356
PH523 121 id 4 body 1 arc 2 orth 4 own 0 merged 0 arcclosed 0 ph 5
PH523 121 id 10 body 2 arc 1 orth 5 own 0 merged 0 arcclosed 0 ph 5
CREW523 122 site mag slotfs 5 merged 5 won 0 n 69 of 357
FUND523 122 ammo 6 bank 0 floor 14 need 20 spare 0 sust 0 flip 2 of 25
MAG522 122 ph 5 on 0 near 0 fund 0 fuse 0 ttl 1 ti 14 ammo 6 bar 7 want 20 floor 14 bind 0 nbind 0 nnear 0
CREW523 122 site budget slotfs 5 merged 5 won 0 n 69 of 358
CREW523 122 site spawn slotfs 5 merged 5 won 0 n 69 of 359
PH523 122 id 4 body 1 arc 2 orth 2 own 0 merged 0 arcclosed 0 ph 5
PH523 122 id 10 body 2 arc 1 orth 5 own 0 merged 0 arcclosed 0 ph 5
CREW523 123 site mag slotfs 5 merged 5 won 0 n 69 of 360
FUND523 123 ammo 6 bank 0 floor 14 need 20 spare 0 sust 0 flip 2 of 26
MAG522 123 ph 5 on 0 near 0 fund 0 fuse 0 ttl 1 ti 14 ammo 6 bar 7 want 20 floor 14 bind 0 nbind 0 nnear 0
CREW523 123 site budget slotfs 5 merged 5 won 0 n 69 of 361
CREW523 123 site spawn slotfs 5 merged 5 won 0 n 69 of 362
PH523 123 id 4 body 1 arc 2 orth 4 own 0 merged 0 arcclosed 0 ph 5
PH523 123 id 10 body 2 arc 1 orth 5 own 0 merged 0 arcclosed 0 ph 5
CREW523 124 site mag slotfs 5 merged 5 won 0 n 69 of 363
FUND523 124 ammo 6 bank 10 floor 14 need 20 spare 0 sust 0 flip 2 of 27
MAG522 124 ph 5 on 0 near 0 fund 0 fuse 0 ttl 1 ti 24 ammo 6 bar 7 want 20 floor 14 bind 0 nbind 0 nnear 0
CREW523 124 site budget slotfs 5 merged 5 won 0 n 69 of 364
CREW523 124 site spawn slotfs 5 merged 5 won 0 n 69 of 365
PH523 124 id 4 body 1 arc 2 orth 2 own 0 merged 0 arcclosed 0 ph 5
PH523 124 id 10 body 2 arc 1 orth 5 own 0 merged 0 arcclosed 0 ph 5
CREW523 125 site mag slotfs 5 merged 5 won 0 n 69 of 366
FUND523 125 ammo 6 bank 0 floor 14 need 20 spare 0 sust 0 flip 2 of 28
MAG522 125 ph 5 on 0 near 0 fund 0 fuse 0 ttl 1 ti 14 ammo 6 bar 7 want 20 floor 14 bind 0 nbind 0 nnear 0
CREW523 125 site budget slotfs 5 merged 5 won 0 n 69 of 367
CREW523 125 site spawn slotfs 5 merged 5 won 0 n 69 of 368
PH523 125 id 4 body 1 arc 2 orth 4 own 0 merged 0 arcclosed 0 ph 5
PH523 125 id 10 body 2 arc 1 orth 5 own 0 merged 0 arcclosed 0 ph 5
CREW523 126 site mag slotfs 5 merged 5 won 0 n 69 of 369
FUND523 126 ammo 6 bank 0 floor 14 need 20 spare 0 sust 0 flip 2 of 29
MAG522 126 ph 5 on 0 near 0 fund 0 fuse 0 ttl 1 ti 14 ammo 6 bar 7 want 20 floor 14 bind 0 nbind 0 nnear 0
CREW523 126 site budget slotfs 5 merged 5 won 0 n 69 of 370
CREW523 126 site spawn slotfs 5 merged 5 won 0 n 69 of 371
PH523 126 id 4 body 1 arc 2 orth 2 own 0 merged 0 arcclosed 0 ph 5
PH523 126 id 10 body 2 arc 1 orth 5 own 0 merged 0 arcclosed 0 ph 5
CREW523 127 site mag slotfs 5 merged 5 won 0 n 69 of 372
FUND523 127 ammo 6 bank 0 floor 14 need 20 spare 0 sust 0 flip 2 of 30
MAG522 127 ph 5 on 0 near 0 fund 0 fuse 0 ttl 1 ti 14 ammo 6 bar 7 want 20 floor 14 bind 0 nbind 0 nnear 0
CREW523 127 site budget slotfs 5 merged 5 won 0 n 69 of 373
CREW523 127 site spawn slotfs 5 merged 5 won 0 n 69 of 374
PH523 127 id 4 body 1 arc 2 orth 4 own 0 merged 0 arcclosed 0 ph 5
PH523 127 id 10 body 2 arc 1 orth 5 own 0 merged 0 arcclosed 0 ph 5
CREW523 128 site mag slotfs 5 merged 5 won 0 n 69 of 375
FUND523 128 ammo 6 bank 10 floor 14 need 20 spare 0 sust 0 flip 2 of 31
MAG522 128 ph 5 on 0 near 0 fund 0 fuse 0 ttl 1 ti 24 ammo 6 bar 7 want 20 floor 14 bind 0 nbind 0 nnear 0
CREW523 128 site budget slotfs 5 merged 5 won 0 n 69 of 376
CREW523 128 site spawn slotfs 5 merged 5 won 0 n 69 of 377
PH523 128 id 4 body 1 arc 2 orth 2 own 0 merged 0 arcclosed 0 ph 5
PH523 128 id 10 body 2 arc 1 orth 5 own 0 merged 0 arcclosed 0 ph 5
CREW523 129 site mag slotfs 5 merged 5 won 0 n 69 of 378
FUND523 129 ammo 6 bank 0 floor 14 need 20 spare 0 sust 0 flip 2 of 32
MAG522 129 ph 5 on 0 near 0 fund 0 fuse 0 ttl 1 ti 14 ammo 6 bar 7 want 20 floor 14 bind 0 nbind 0 nnear 0
CREW523 129 site budget slotfs 5 merged 5 won 0 n 69 of 379
CREW523 129 site spawn slotfs 5 merged 5 won 0 n 69 of 380
PH523 129 id 4 body 1 arc 2 orth 4 own 0 merged 0 arcclosed 0 ph 5
PH523 129 id 10 body 2 arc 1 orth 5 own 0 merged 0 arcclosed 0 ph 5
CREW523 130 site mag slotfs 5 merged 5 won 0 n 69 of 381
FUND523 130 ammo 6 bank 0 floor 14 need 20 spare 0 sust 0 flip 2 of 33
MAG522 130 ph 5 on 0 near 0 fund 0 fuse 0 ttl 1 ti 14 ammo 6 bar 7 want 20 floor 14 bind 0 nbind 0 nnear 0
CREW523 130 site budget slotfs 5 merged 5 won 0 n 69 of 382
CREW523 130 site spawn slotfs 5 merged 5 won 0 n 69 of 383
PH523 130 id 4 body 1 arc 2 orth 2 own 0 merged 0 arcclosed 0 ph 5
PH523 130 id 10 body 2 arc 1 orth 5 own 0 merged 0 arcclosed 0 ph 5
CREW523 131 site mag slotfs 5 merged 5 won 0 n 69 of 384
FUND523 131 ammo 6 bank 0 floor 14 need 20 spare 0 sust 0 flip 2 of 34
MAG522 131 ph 5 on 0 near 0 fund 0 fuse 0 ttl 1 ti 14 ammo 6 bar 7 want 20 floor 14 bind 0 nbind 0 nnear 0
CREW523 131 site budget slotfs 5 merged 5 won 0 n 69 of 385
CREW523 131 site spawn slotfs 5 merged 5 won 0 n 69 of 386
PH523 131 id 4 body 1 arc 2 orth 4 own 0 merged 0 arcclosed 0 ph 5
PH523 131 id 10 body 2 arc 1 orth 5 own 0 merged 0 arcclosed 0 ph 5
CREW523 132 site mag slotfs 5 merged 5 won 0 n 69 of 387
FUND523 132 ammo 6 bank 10 floor 14 need 20 spare 0 sust 0 flip 2 of 35
MAG522 132 ph 5 on 0 near 0 fund 0 fuse 0 ttl 1 ti 24 ammo 6 bar 7 want 20 floor 14 bind 0 nbind 0 nnear 0
CREW523 132 site budget slotfs 5 merged 5 won 0 n 69 of 388
CREW523 132 site spawn slotfs 5 merged 5 won 0 n 69 of 389
PH523 132 id 4 body 1 arc 2 orth 2 own 0 merged 0 arcclosed 0 ph 5
PH523 132 id 10 body 2 arc 1 orth 5 own 0 merged 0 arcclosed 0 ph 5
CREW523 133 site mag slotfs 5 merged 5 won 0 n 69 of 390
FUND523 133 ammo 6 bank 0 floor 14 need 20 spare 0 sust 0 flip 2 of 36
MAG522 133 ph 5 on 0 near 0 fund 0 fuse 0 ttl 1 ti 14 ammo 6 bar 7 want 20 floor 14 bind 0 nbind 0 nnear 0
CREW523 133 site budget slotfs 5 merged 5 won 0 n 69 of 391
CREW523 133 site spawn slotfs 5 merged 5 won 0 n 69 of 392
PH523 133 id 4 body 1 arc 2 orth 4 own 0 merged 0 arcclosed 0 ph 5
PH523 133 id 10 body 2 arc 1 orth 5 own 0 merged 0 arcclosed 0 ph 5
CREW523 134 site mag slotfs 5 merged 5 won 0 n 69 of 393
FUND523 134 ammo 6 bank 0 floor 14 need 20 spare 0 sust 0 flip 2 of 37
MAG522 134 ph 5 on 0 near 0 fund 0 fuse 0 ttl 1 ti 14 ammo 6 bar 7 want 20 floor 14 bind 0 nbind 0 nnear 0
CREW523 134 site budget slotfs 5 merged 5 won 0 n 69 of 394
CREW523 134 site spawn slotfs 5 merged 5 won 0 n 69 of 395
PH523 134 id 4 body 1 arc 2 orth 2 own 0 merged 0 arcclosed 0 ph 5
PH523 134 id 10 body 2 arc 1 orth 5 own 0 merged 0 arcclosed 0 ph 5
CREW523 135 site mag slotfs 5 merged 5 won 0 n 69 of 396
FUND523 135 ammo 6 bank 0 floor 14 need 20 spare 0 sust 0 flip 2 of 38
MAG522 135 ph 5 on 0 near 0 fund 0 fuse 0 ttl 1 ti 14 ammo 6 bar 7 want 20 floor 14 bind 0 nbind 0 nnear 0
CREW523 135 site budget slotfs 5 merged 5 won 0 n 69 of 397
CREW523 135 site spawn slotfs 5 merged 5 won 0 n 69 of 398
PH523 135 id 4 body 1 arc 2 orth 4 own 0 merged 0 arcclosed 0 ph 5
PH523 135 id 10 body 2 arc 1 orth 5 own 0 merged 0 arcclosed 0 ph 5
CREW523 136 site mag slotfs 5 merged 5 won 0 n 69 of 399
FUND523 136 ammo 6 bank 10 floor 14 need 20 spare 0 sust 0 flip 2 of 39
MAG522 136 ph 5 on 0 near 0 fund 0 fuse 0 ttl 1 ti 24 ammo 6 bar 7 want 20 floor 14 bind 0 nbind 0 nnear 0
CREW523 136 site budget slotfs 5 merged 5 won 0 n 69 of 400
CREW523 136 site spawn slotfs 5 merged 5 won 0 n 69 of 401
PH523 136 id 4 body 1 arc 2 orth 2 own 0 merged 0 arcclosed 0 ph 5
PH523 136 id 10 body 2 arc 1 orth 5 own 0 merged 0 arcclosed 0 ph 5
CREW523 137 site mag slotfs 5 merged 5 won 0 n 69 of 402
FUND523 137 ammo 6 bank 0 floor 14 need 20 spare 0 sust 0 flip 2 of 40
MAG522 137 ph 5 on 0 near 0 fund 0 fuse 0 ttl 1 ti 14 ammo 6 bar 7 want 20 floor 14 bind 0 nbind 0 nnear 0
CREW523 137 site budget slotfs 5 merged 5 won 0 n 69 of 403
CREW523 137 site spawn slotfs 5 merged 5 won 0 n 69 of 404
PH523 137 id 4 body 1 arc 2 orth 4 own 0 merged 0 arcclosed 0 ph 5
PH523 137 id 10 body 2 arc 1 orth 5 own 0 merged 0 arcclosed 0 ph 5
CREW523 138 site mag slotfs 5 merged 5 won 0 n 69 of 405
FUND523 138 ammo 6 bank 0 floor 14 need 20 spare 0 sust 0 flip 2 of 41
MAG522 138 ph 5 on 0 near 0 fund 0 fuse 0 ttl 1 ti 14 ammo 6 bar 7 want 20 floor 14 bind 0 nbind 0 nnear 0
CREW523 138 site budget slotfs 5 merged 5 won 0 n 69 of 406
CREW523 138 site spawn slotfs 5 merged 5 won 0 n 69 of 407
PH523 138 id 4 body 1 arc 2 orth 2 own 0 merged 0 arcclosed 0 ph 5
PH523 138 id 10 body 2 arc 1 orth 5 own 0 merged 0 arcclosed 0 ph 5
CREW523 139 site mag slotfs 5 merged 5 won 0 n 69 of 408
FUND523 139 ammo 6 bank 0 floor 14 need 20 spare 0 sust 0 flip 2 of 42
MAG522 139 ph 5 on 0 near 0 fund 0 fuse 0 ttl 1 ti 14 ammo 6 bar 7 want 20 floor 14 bind 0 nbind 0 nnear 0
CREW523 139 site budget slotfs 5 merged 5 won 0 n 69 of 409
CREW523 139 site spawn slotfs 5 merged 5 won 0 n 69 of 410
PH523 139 id 4 body 1 arc 2 orth 4 own 0 merged 0 arcclosed 0 ph 5
PH523 139 id 10 body 2 arc 1 orth 5 own 0 merged 0 arcclosed 0 ph 5
CREW523 140 site mag slotfs 5 merged 5 won 0 n 69 of 411
FUND523 140 ammo 6 bank 10 floor 14 need 20 spare 0 sust 0 flip 2 of 43
MAG522 140 ph 5 on 0 near 0 fund 0 fuse 0 ttl 1 ti 24 ammo 6 bar 7 want 20 floor 14 bind 0 nbind 0 nnear 0
CREW523 140 site budget slotfs 5 merged 5 won 0 n 69 of 412
CREW523 140 site spawn slotfs 5 merged 5 won 0 n 69 of 413
PH523 140 id 4 body 1 arc 2 orth 2 own 0 merged 0 arcclosed 0 ph 5
PH523 140 id 10 body 2 arc 1 orth 5 own 0 merged 0 arcclosed 0 ph 5
CREW523 141 site mag slotfs 5 merged 5 won 0 n 69 of 414
FUND523 141 ammo 6 bank 0 floor 14 need 20 spare 0 sust 0 flip 2 of 44
MAG522 141 ph 5 on 0 near 0 fund 0 fuse 0 ttl 1 ti 14 ammo 6 bar 7 want 20 floor 14 bind 0 nbind 0 nnear 0
CREW523 141 site budget slotfs 5 merged 5 won 0 n 69 of 415
CREW523 141 site spawn slotfs 5 merged 5 won 0 n 69 of 416
PH523 141 id 4 body 1 arc 2 orth 4 own 0 merged 0 arcclosed 0 ph 5
PH523 141 id 10 body 2 arc 1 orth 5 own 0 merged 0 arcclosed 0 ph 5
CREW523 142 site mag slotfs 5 merged 5 won 0 n 69 of 417
FUND523 142 ammo 6 bank 0 floor 14 need 20 spare 0 sust 0 flip 2 of 45
MAG522 142 ph 5 on 0 near 0 fund 0 fuse 0 ttl 1 ti 14 ammo 6 bar 7 want 20 floor 14 bind 0 nbind 0 nnear 0
CREW523 142 site budget slotfs 5 merged 5 won 0 n 69 of 418
CREW523 142 site spawn slotfs 5 merged 5 won 0 n 69 of 419
PH523 142 id 4 body 1 arc 2 orth 2 own 0 merged 0 arcclosed 0 ph 5
PH523 142 id 10 body 2 arc 1 orth 5 own 0 merged 0 arcclosed 0 ph 5
CREW523 143 site mag slotfs 5 merged 5 won 0 n 69 of 420
FUND523 143 ammo 6 bank 0 floor 14 need 20 spare 0 sust 0 flip 2 of 46
MAG522 143 ph 5 on 0 near 0 fund 0 fuse 0 ttl 1 ti 14 ammo 6 bar 7 want 20 floor 14 bind 0 nbind 0 nnear 0
CREW523 143 site budget slotfs 5 merged 5 won 0 n 69 of 421
CREW523 143 site spawn slotfs 5 merged 5 won 0 n 69 of 422
PH523 143 id 4 body 1 arc 2 orth 4 own 0 merged 0 arcclosed 0 ph 5
PH523 143 id 10 body 2 arc 1 orth 5 own 0 merged 0 arcclosed 0 ph 5
CREW523 144 site mag slotfs 5 merged 5 won 0 n 69 of 423
FUND523 144 ammo 6 bank 10 floor 14 need 20 spare 0 sust 0 flip 2 of 47
MAG522 144 ph 5 on 0 near 0 fund 0 fuse 0 ttl 1 ti 24 ammo 6 bar 7 want 20 floor 14 bind 0 nbind 0 nnear 0
CREW523 144 site budget slotfs 5 merged 5 won 0 n 69 of 424
CREW523 144 site spawn slotfs 5 merged 5 won 0 n 69 of 425
PH523 144 id 4 body 1 arc 2 orth 2 own 0 merged 0 arcclosed 0 ph 5
PH523 144 id 10 body 2 arc 1 orth 5 own 0 merged 0 arcclosed 0 ph 5
CREW523 145 site mag slotfs 5 merged 5 won 0 n 69 of 426
FUND523 145 ammo 6 bank 0 floor 14 need 20 spare 0 sust 0 flip 2 of 48
MAG522 145 ph 5 on 0 near 0 fund 0 fuse 0 ttl 1 ti 14 ammo 6 bar 7 want 20 floor 14 bind 0 nbind 0 nnear 0
CREW523 145 site budget slotfs 5 merged 5 won 0 n 69 of 427
CREW523 145 site spawn slotfs 5 merged 5 won 0 n 69 of 428
PH523 145 id 4 body 1 arc 2 orth 4 own 0 merged 0 arcclosed 0 ph 5
PH523 145 id 10 body 2 arc 1 orth 5 own 0 merged 0 arcclosed 0 ph 5
CREW523 146 site mag slotfs 5 merged 5 won 0 n 69 of 429
FUND523 146 ammo 6 bank 0 floor 14 need 20 spare 0 sust 0 flip 2 of 49
MAG522 146 ph 5 on 0 near 0 fund 0 fuse 0 ttl 1 ti 14 ammo 6 bar 7 want 20 floor 14 bind 0 nbind 0 nnear 0
CREW523 146 site budget slotfs 5 merged 5 won 0 n 69 of 430
CREW523 146 site spawn slotfs 5 merged 5 won 0 n 69 of 431
PH523 146 id 4 body 1 arc 2 orth 2 own 0 merged 0 arcclosed 0 ph 5
PH523 146 id 10 body 2 arc 1 orth 5 own 0 merged 0 arcclosed 0 ph 5
CREW523 147 site mag slotfs 5 merged 5 won 0 n 69 of 432
FUND523 147 ammo 6 bank 0 floor 14 need 20 spare 0 sust 0 flip 2 of 50
MAG522 147 ph 5 on 0 near 0 fund 0 fuse 0 ttl 1 ti 14 ammo 6 bar 7 want 20 floor 14 bind 0 nbind 0 nnear 0
CREW523 147 site budget slotfs 5 merged 5 won 0 n 69 of 433
CREW523 147 site spawn slotfs 5 merged 5 won 0 n 69 of 434
PH523 147 id 4 body 1 arc 2 orth 4 own 0 merged 0 arcclosed 0 ph 5
PH523 147 id 10 body 2 arc 1 orth 5 own 0 merged 0 arcclosed 0 ph 5
CREW523 148 site mag slotfs 5 merged 5 won 0 n 69 of 435
FUND523 148 ammo 6 bank 10 floor 14 need 20 spare 0 sust 0 flip 2 of 51
MAG522 148 ph 5 on 0 near 0 fund 0 fuse 0 ttl 1 ti 24 ammo 6 bar 7 want 20 floor 14 bind 0 nbind 0 nnear 0
CREW523 148 site budget slotfs 5 merged 5 won 0 n 69 of 436
CREW523 148 site spawn slotfs 5 merged 5 won 0 n 69 of 437
PH523 148 id 4 body 1 arc 2 orth 2 own 0 merged 0 arcclosed 0 ph 5
PH523 148 id 10 body 2 arc 1 orth 5 own 0 merged 0 arcclosed 0 ph 5
CREW523 149 site mag slotfs 5 merged 5 won 0 n 69 of 438
FUND523 149 ammo 6 bank 0 floor 14 need 20 spare 0 sust 0 flip 2 of 52
MAG522 149 ph 5 on 0 near 0 fund 0 fuse 0 ttl 1 ti 14 ammo 6 bar 7 want 20 floor 14 bind 0 nbind 0 nnear 0
CREW523 149 site budget slotfs 5 merged 5 won 0 n 69 of 439
CREW523 149 site spawn slotfs 5 merged 5 won 0 n 69 of 440
PH523 149 id 4 body 1 arc 2 orth 4 own 0 merged 0 arcclosed 0 ph 5
PH523 149 id 10 body 2 arc 1 orth 5 own 0 merged 0 arcclosed 0 ph 5
CREW523 150 site mag slotfs 5 merged 5 won 0 n 69 of 441
FUND523 150 ammo 6 bank 0 floor 14 need 20 spare 0 sust 0 flip 2 of 53
MAG522 150 ph 5 on 0 near 0 fund 0 fuse 0 ttl 1 ti 14 ammo 6 bar 7 want 20 floor 14 bind 0 nbind 0 nnear 0
CREW523 150 site budget slotfs 5 merged 5 won 0 n 69 of 442
CREW523 150 site spawn slotfs 5 merged 5 won 0 n 69 of 443
PH523 150 id 4 body 1 arc 2 orth 2 own 0 merged 0 arcclosed 0 ph 5
PH523 150 id 10 body 2 arc 1 orth 5 own 0 merged 0 arcclosed 0 ph 5
CREW523 151 site mag slotfs 5 merged 5 won 0 n 69 of 444
FUND523 151 ammo 6 bank 0 floor 14 need 20 spare 0 sust 0 flip 2 of 54
MAG522 151 ph 5 on 0 near 0 fund 0 fuse 0 ttl 1 ti 14 ammo 6 bar 7 want 20 floor 14 bind 0 nbind 0 nnear 0
CREW523 151 site budget slotfs 5 merged 5 won 0 n 69 of 445
CREW523 151 site spawn slotfs 5 merged 5 won 0 n 69 of 446
PH523 151 id 4 body 1 arc 2 orth 4 own 0 merged 0 arcclosed 0 ph 5
PH523 151 id 10 body 2 arc 1 orth 5 own 0 merged 0 arcclosed 0 ph 5
CREW523 152 site mag slotfs 5 merged 5 won 0 n 69 of 447
FUND523 152 ammo 6 bank 10 floor 14 need 20 spare 0 sust 0 flip 2 of 55
MAG522 152 ph 5 on 0 near 0 fund 0 fuse 0 ttl 1 ti 24 ammo 6 bar 7 want 20 floor 14 bind 0 nbind 0 nnear 0
CREW523 152 site budget slotfs 5 merged 5 won 0 n 69 of 448
CREW523 152 site spawn slotfs 5 merged 5 won 0 n 69 of 449
PH523 152 id 4 body 1 arc 2 orth 2 own 0 merged 0 arcclosed 0 ph 5
PH523 152 id 10 body 2 arc 1 orth 5 own 0 merged 0 arcclosed 0 ph 5
CREW523 153 site mag slotfs 5 merged 5 won 0 n 69 of 450
FUND523 153 ammo 6 bank 0 floor 14 need 20 spare 0 sust 0 flip 2 of 56
MAG522 153 ph 5 on 0 near 0 fund 0 fuse 0 ttl 1 ti 14 ammo 6 bar 7 want 20 floor 14 bind 0 nbind 0 nnear 0
CREW523 153 site budget slotfs 5 merged 5 won 0 n 69 of 451
CREW523 153 site spawn slotfs 5 merged 5 won 0 n 69 of 452
PH523 153 id 4 body 1 arc 2 orth 4 own 0 merged 0 arcclosed 0 ph 5
PH523 153 id 10 body 2 arc 1 orth 5 own 0 merged 0 arcclosed 0 ph 5
CREW523 154 site mag slotfs 5 merged 5 won 0 n 69 of 453
FUND523 154 ammo 6 bank 0 floor 14 need 20 spare 0 sust 0 flip 2 of 57
MAG522 154 ph 5 on 0 near 0 fund 0 fuse 0 ttl 1 ti 14 ammo 6 bar 7 want 20 floor 14 bind 0 nbind 0 nnear 0
CREW523 154 site budget slotfs 5 merged 5 won 0 n 69 of 454
CREW523 154 site spawn slotfs 5 merged 5 won 0 n 69 of 455
PH523 154 id 4 body 1 arc 2 orth 2 own 0 merged 0 arcclosed 0 ph 5
PH523 154 id 10 body 2 arc 1 orth 5 own 0 merged 0 arcclosed 0 ph 5
CREW523 155 site mag slotfs 5 merged 5 won 0 n 69 of 456
FUND523 155 ammo 6 bank 0 floor 14 need 20 spare 0 sust 0 flip 2 of 58
MAG522 155 ph 5 on 0 near 0 fund 0 fuse 0 ttl 1 ti 14 ammo 6 bar 7 want 20 floor 14 bind 0 nbind 0 nnear 0
CREW523 155 site budget slotfs 5 merged 5 won 0 n 69 of 457
CREW523 155 site spawn slotfs 5 merged 5 won 0 n 69 of 458
PH523 155 id 4 body 1 arc 2 orth 4 own 0 merged 0 arcclosed 0 ph 5
PH523 155 id 10 body 2 arc 1 orth 5 own 0 merged 0 arcclosed 0 ph 5
CREW523 156 site mag slotfs 5 merged 5 won 0 n 69 of 459
FUND523 156 ammo 6 bank 10 floor 14 need 20 spare 0 sust 0 flip 2 of 59
MAG522 156 ph 5 on 0 near 0 fund 0 fuse 0 ttl 1 ti 24 ammo 6 bar 7 want 20 floor 14 bind 0 nbind 0 nnear 0
CREW523 156 site budget slotfs 5 merged 5 won 0 n 69 of 460
CREW523 156 site spawn slotfs 5 merged 5 won 0 n 69 of 461
PH523 156 id 4 body 1 arc 2 orth 2 own 0 merged 0 arcclosed 0 ph 5
PH523 156 id 10 body 2 arc 1 orth 5 own 0 merged 0 arcclosed 0 ph 5
CREW523 157 site mag slotfs 5 merged 5 won 0 n 69 of 462
FUND523 157 ammo 6 bank 0 floor 14 need 20 spare 0 sust 0 flip 2 of 60
MAG522 157 ph 5 on 0 near 0 fund 0 fuse 0 ttl 1 ti 14 ammo 6 bar 7 want 20 floor 14 bind 0 nbind 0 nnear 0
CREW523 157 site budget slotfs 5 merged 5 won 0 n 69 of 463
CREW523 157 site spawn slotfs 5 merged 5 won 0 n 69 of 464
PH523 157 id 4 body 1 arc 2 orth 4 own 0 merged 0 arcclosed 0 ph 5
PH523 157 id 10 body 2 arc 1 orth 5 own 0 merged 0 arcclosed 0 ph 5
CREW523 158 site mag slotfs 5 merged 5 won 0 n 69 of 465
FUND523 158 ammo 6 bank 0 floor 14 need 20 spare 0 sust 0 flip 2 of 61
MAG522 158 ph 5 on 0 near 0 fund 0 fuse 0 ttl 1 ti 14 ammo 6 bar 7 want 20 floor 14 bind 0 nbind 0 nnear 0
CREW523 158 site budget slotfs 5 merged 5 won 0 n 69 of 466
CREW523 158 site spawn slotfs 5 merged 5 won 0 n 69 of 467
PH523 158 id 4 body 1 arc 2 orth 2 own 0 merged 0 arcclosed 0 ph 5
PH523 158 id 10 body 2 arc 1 orth 5 own 0 merged 0 arcclosed 0 ph 5
CREW523 159 site mag slotfs 5 merged 5 won 0 n 69 of 468
FUND523 159 ammo 6 bank 0 floor 14 need 20 spare 0 sust 0 flip 2 of 62
MAG522 159 ph 5 on 0 near 0 fund 0 fuse 0 ttl 1 ti 14 ammo 6 bar 7 want 20 floor 14 bind 0 nbind 0 nnear 0
CREW523 159 site budget slotfs 5 merged 5 won 0 n 69 of 469
CREW523 159 site spawn slotfs 5 merged 5 won 0 n 69 of 470
PH523 159 id 4 body 1 arc 2 orth 4 own 0 merged 0 arcclosed 0 ph 5
PH523 159 id 10 body 2 arc 1 orth 5 own 0 merged 0 arcclosed 0 ph 5
CREW523 160 site mag slotfs 5 merged 5 won 0 n 69 of 471
FUND523 160 ammo 6 bank 10 floor 14 need 20 spare 0 sust 0 flip 2 of 63
MAG522 160 ph 5 on 0 near 0 fund 0 fuse 0 ttl 1 ti 24 ammo 6 bar 7 want 20 floor 14 bind 0 nbind 0 nnear 0
CREW523 160 site budget slotfs 5 merged 5 won 0 n 69 of 472
CREW523 160 site spawn slotfs 5 merged 5 won 0 n 69 of 473
PH523 160 id 4 body 1 arc 2 orth 2 own 0 merged 0 arcclosed 0 ph 5
PH523 160 id 10 body 2 arc 1 orth 5 own 0 merged 0 arcclosed 0 ph 5
CREW523 161 site mag slotfs 5 merged 5 won 0 n 69 of 474
FUND523 161 ammo 6 bank 0 floor 14 need 20 spare 0 sust 0 flip 2 of 64
MAG522 161 ph 5 on 0 near 0 fund 0 fuse 0 ttl 1 ti 14 ammo 6 bar 7 want 20 floor 14 bind 0 nbind 0 nnear 0
CREW523 161 site budget slotfs 5 merged 5 won 0 n 69 of 475
CREW523 161 site spawn slotfs 5 merged 5 won 0 n 69 of 476
PH523 161 id 4 body 1 arc 2 orth 4 own 0 merged 0 arcclosed 0 ph 5
PH523 161 id 10 body 2 arc 1 orth 5 own 0 merged 0 arcclosed 0 ph 5
CREW523 162 site mag slotfs 5 merged 5 won 0 n 69 of 477
FUND523 162 ammo 6 bank 0 floor 14 need 20 spare 0 sust 0 flip 2 of 65
MAG522 162 ph 5 on 0 near 0 fund 0 fuse 0 ttl 1 ti 14 ammo 6 bar 7 want 20 floor 14 bind 0 nbind 0 nnear 0
CREW523 162 site budget slotfs 5 merged 5 won 0 n 69 of 478
CREW523 162 site spawn slotfs 5 merged 5 won 0 n 69 of 479
PH523 162 id 4 body 1 arc 2 orth 2 own 0 merged 0 arcclosed 0 ph 5
PH523 162 id 10 body 2 arc 1 orth 5 own 0 merged 0 arcclosed 0 ph 5
CREW523 163 site mag slotfs 5 merged 5 won 0 n 69 of 480
FUND523 163 ammo 6 bank 0 floor 14 need 20 spare 0 sust 0 flip 2 of 66
MAG522 163 ph 5 on 0 near 0 fund 0 fuse 0 ttl 1 ti 14 ammo 6 bar 7 want 20 floor 14 bind 0 nbind 0 nnear 0
CREW523 163 site budget slotfs 5 merged 5 won 0 n 69 of 481
CREW523 163 site spawn slotfs 5 merged 5 won 0 n 69 of 482
PH523 163 id 4 body 1 arc 2 orth 4 own 0 merged 0 arcclosed 0 ph 5
PH523 163 id 10 body 2 arc 1 orth 5 own 0 merged 0 arcclosed 0 ph 5
CREW523 164 site mag slotfs 5 merged 5 won 0 n 69 of 483
FUND523 164 ammo 6 bank 10 floor 14 need 20 spare 0 sust 0 flip 2 of 67
MAG522 164 ph 5 on 0 near 0 fund 0 fuse 0 ttl 1 ti 24 ammo 6 bar 7 want 20 floor 14 bind 0 nbind 0 nnear 0
CREW523 164 site budget slotfs 5 merged 5 won 0 n 69 of 484
CREW523 164 site spawn slotfs 5 merged 5 won 0 n 69 of 485
PH523 164 id 4 body 1 arc 2 orth 2 own 0 merged 0 arcclosed 0 ph 5
PH523 164 id 10 body 2 arc 1 orth 5 own 0 merged 0 arcclosed 0 ph 5
CREW523 165 site mag slotfs 5 merged 5 won 0 n 69 of 486
FUND523 165 ammo 6 bank 0 floor 14 need 20 spare 0 sust 0 flip 2 of 68
MAG522 165 ph 5 on 0 near 0 fund 0 fuse 0 ttl 1 ti 14 ammo 6 bar 7 want 20 floor 14 bind 0 nbind 0 nnear 0
CREW523 165 site budget slotfs 5 merged 5 won 0 n 69 of 487
CREW523 165 site spawn slotfs 5 merged 5 won 0 n 69 of 488
PH523 165 id 4 body 1 arc 2 orth 4 own 0 merged 0 arcclosed 0 ph 5
PH523 165 id 10 body 2 arc 1 orth 5 own 0 merged 0 arcclosed 0 ph 5
CREW523 166 site mag slotfs 5 merged 5 won 0 n 69 of 489
FUND523 166 ammo 6 bank 0 floor 14 need 20 spare 0 sust 0 flip 2 of 69
MAG522 166 ph 5 on 0 near 0 fund 0 fuse 0 ttl 1 ti 14 ammo 6 bar 7 want 20 floor 14 bind 0 nbind 0 nnear 0
CREW523 166 site budget slotfs 5 merged 5 won 0 n 69 of 490
CREW523 166 site spawn slotfs 5 merged 5 won 0 n 69 of 491
PH523 166 id 4 body 1 arc 2 orth 2 own 0 merged 0 arcclosed 0 ph 5
PH523 166 id 10 body 2 arc 1 orth 5 own 0 merged 0 arcclosed 0 ph 5
CREW523 167 site mag slotfs 5 merged 5 won 0 n 69 of 492
FUND523 167 ammo 6 bank 0 floor 14 need 20 spare 0 sust 0 flip 2 of 70
MAG522 167 ph 5 on 0 near 0 fund 0 fuse 0 ttl 1 ti 14 ammo 6 bar 7 want 20 floor 14 bind 0 nbind 0 nnear 0
CREW523 167 site budget slotfs 5 merged 5 won 0 n 69 of 493
CREW523 167 site spawn slotfs 5 merged 5 won 0 n 69 of 494
PH523 167 id 4 body 1 arc 2 orth 4 own 0 merged 0 arcclosed 0 ph 5
PH523 167 id 10 body 2 arc 1 orth 5 own 0 merged 0 arcclosed 0 ph 5
CREW523 168 site mag slotfs 5 merged 5 won 0 n 69 of 495
FUND523 168 ammo 6 bank 10 floor 14 need 20 spare 0 sust 0 flip 2 of 71
MAG522 168 ph 5 on 0 near 0 fund 0 fuse 0 ttl 1 ti 24 ammo 6 bar 7 want 20 floor 14 bind 0 nbind 0 nnear 0
CREW523 168 site budget slotfs 5 merged 5 won 0 n 69 of 496
CREW523 168 site spawn slotfs 5 merged 5 won 0 n 69 of 497
PH523 168 id 4 body 1 arc 2 orth 2 own 0 merged 0 arcclosed 0 ph 5
PH523 168 id 10 body 2 arc 1 orth 5 own 0 merged 0 arcclosed 0 ph 5
CREW523 169 site mag slotfs 5 merged 5 won 0 n 69 of 498
FUND523 169 ammo 6 bank 0 floor 14 need 20 spare 0 sust 0 flip 2 of 72
MAG522 169 ph 5 on 0 near 0 fund 0 fuse 0 ttl 1 ti 14 ammo 6 bar 7 want 20 floor 14 bind 0 nbind 0 nnear 0
CREW523 169 site budget slotfs 5 merged 5 won 0 n 69 of 499
CREW523 169 site spawn slotfs 5 merged 5 won 0 n 69 of 500
PH523 169 id 4 body 1 arc 2 orth 4 own 0 merged 0 arcclosed 0 ph 5
PH523 169 id 10 body 2 arc 1 orth 5 own 0 merged 0 arcclosed 0 ph 5
CREW523 170 site mag slotfs 5 merged 5 won 0 n 69 of 501
FUND523 170 ammo 6 bank 0 floor 14 need 20 spare 0 sust 0 flip 2 of 73
MAG522 170 ph 5 on 0 near 0 fund 0 fuse 0 ttl 1 ti 14 ammo 6 bar 7 want 20 floor 14 bind 0 nbind 0 nnear 0
CREW523 170 site budget slotfs 5 merged 5 won 0 n 69 of 502
CREW523 170 site spawn slotfs 5 merged 5 won 0 n 69 of 503
PH523 170 id 4 body 1 arc 2 orth 2 own 0 merged 0 arcclosed 0 ph 5
PH523 170 id 10 body 2 arc 1 orth 5 own 0 merged 0 arcclosed 0 ph 5
CREW523 171 site mag slotfs 5 merged 5 won 0 n 69 of 504
FUND523 171 ammo 6 bank 0 floor 14 need 20 spare 0 sust 0 flip 2 of 74
MAG522 171 ph 5 on 0 near 0 fund 0 fuse 0 ttl 1 ti 14 ammo 6 bar 7 want 20 floor 14 bind 0 nbind 0 nnear 0
CREW523 171 site budget slotfs 5 merged 5 won 0 n 69 of 505
CREW523 171 site spawn slotfs 5 merged 5 won 0 n 69 of 506
PH523 171 id 4 body 1 arc 2 orth 4 own 0 merged 0 arcclosed 0 ph 5
PH523 171 id 10 body 2 arc 1 orth 5 own 0 merged 0 arcclosed 0 ph 5
CREW523 172 site mag slotfs 5 merged 5 won 0 n 69 of 507
FUND523 172 ammo 6 bank 10 floor 14 need 20 spare 0 sust 0 flip 2 of 75
MAG522 172 ph 5 on 0 near 0 fund 0 fuse 0 ttl 1 ti 24 ammo 6 bar 7 want 20 floor 14 bind 0 nbind 0 nnear 0
CREW523 172 site budget slotfs 5 merged 5 won 0 n 69 of 508
CREW523 172 site spawn slotfs 5 merged 5 won 0 n 69 of 509
PH523 172 id 4 body 1 arc 2 orth 2 own 0 merged 0 arcclosed 0 ph 5
PH523 172 id 10 body 2 arc 1 orth 5 own 0 merged 0 arcclosed 0 ph 5
CREW523 173 site mag slotfs 5 merged 5 won 0 n 69 of 510
FUND523 173 ammo 6 bank 0 floor 14 need 20 spare 0 sust 0 flip 2 of 76
MAG522 173 ph 5 on 0 near 0 fund 0 fuse 0 ttl 1 ti 14 ammo 6 bar 7 want 20 floor 14 bind 0 nbind 0 nnear 0
CREW523 173 site budget slotfs 5 merged 5 won 0 n 69 of 511
CREW523 173 site spawn slotfs 5 merged 5 won 0 n 69 of 512
PH523 173 id 4 body 1 arc 2 orth 4 own 0 merged 0 arcclosed 0 ph 5
PH523 173 id 10 body 2 arc 1 orth 5 own 0 merged 0 arcclosed 0 ph 5
CREW523 174 site mag slotfs 5 merged 5 won 0 n 69 of 513
FUND523 174 ammo 6 bank 0 floor 14 need 20 spare 0 sust 0 flip 2 of 77
MAG522 174 ph 5 on 0 near 0 fund 0 fuse 0 ttl 1 ti 14 ammo 6 bar 7 want 20 floor 14 bind 0 nbind 0 nnear 0
CREW523 174 site budget slotfs 5 merged 5 won 0 n 69 of 514
CREW523 174 site spawn slotfs 5 merged 5 won 0 n 69 of 515
PH523 174 id 4 body 1 arc 2 orth 2 own 0 merged 0 arcclosed 0 ph 5
PH523 174 id 10 body 2 arc 1 orth 5 own 0 merged 0 arcclosed 0 ph 5
CREW523 175 site mag slotfs 5 merged 5 won 0 n 69 of 516
FUND523 175 ammo 6 bank 0 floor 14 need 20 spare 0 sust 0 flip 2 of 78
MAG522 175 ph 5 on 0 near 0 fund 0 fuse 0 ttl 1 ti 14 ammo 6 bar 7 want 20 floor 14 bind 0 nbind 0 nnear 0
CREW523 175 site budget slotfs 5 merged 5 won 0 n 69 of 517
CREW523 175 site spawn slotfs 5 merged 5 won 0 n 69 of 518
PH523 175 id 4 body 1 arc 2 orth 4 own 0 merged 0 arcclosed 0 ph 5
PH523 175 id 10 body 2 arc 1 orth 5 own 0 merged 0 arcclosed 0 ph 5
CREW523 176 site mag slotfs 5 merged 5 won 0 n 69 of 519
FUND523 176 ammo 6 bank 10 floor 14 need 20 spare 0 sust 0 flip 2 of 79
MAG522 176 ph 5 on 0 near 0 fund 0 fuse 0 ttl 1 ti 24 ammo 6 bar 7 want 20 floor 14 bind 0 nbind 0 nnear 0
CREW523 176 site budget slotfs 5 merged 5 won 0 n 69 of 520
CREW523 176 site spawn slotfs 5 merged 5 won 0 n 69 of 521
PH523 176 id 4 body 1 arc 2 orth 2 own 0 merged 0 arcclosed 0 ph 5
PH523 176 id 10 body 2 arc 1 orth 5 own 0 merged 0 arcclosed 0 ph 5
CREW523 177 site mag slotfs 5 merged 5 won 0 n 69 of 522
FUND523 177 ammo 6 bank 0 floor 14 need 20 spare 0 sust 0 flip 2 of 80
MAG522 177 ph 5 on 0 near 0 fund 0 fuse 0 ttl 1 ti 14 ammo 6 bar 7 want 20 floor 14 bind 0 nbind 0 nnear 0
CREW523 177 site budget slotfs 5 merged 5 won 0 n 69 of 523
CREW523 177 site spawn slotfs 5 merged 5 won 0 n 69 of 524
PH523 177 id 4 body 1 arc 2 orth 4 own 0 merged 0 arcclosed 0 ph 5
PH523 177 id 10 body 2 arc 1 orth 5 own 0 merged 0 arcclosed 0 ph 5
CREW523 178 site mag slotfs 5 merged 5 won 0 n 69 of 525
FUND523 178 ammo 6 bank 0 floor 14 need 20 spare 0 sust 0 flip 2 of 81
MAG522 178 ph 5 on 0 near 0 fund 0 fuse 0 ttl 1 ti 14 ammo 6 bar 7 want 20 floor 14 bind 0 nbind 0 nnear 0
CREW523 178 site budget slotfs 5 merged 5 won 0 n 69 of 526
CREW523 178 site spawn slotfs 5 merged 5 won 0 n 69 of 527
PH523 178 id 4 body 1 arc 2 orth 2 own 0 merged 0 arcclosed 0 ph 5
PH523 178 id 10 body 2 arc 1 orth 5 own 0 merged 0 arcclosed 0 ph 5
CREW523 179 site mag slotfs 5 merged 5 won 0 n 69 of 528
FUND523 179 ammo 6 bank 0 floor 14 need 20 spare 0 sust 0 flip 2 of 82
MAG522 179 ph 5 on 0 near 0 fund 0 fuse 0 ttl 1 ti 14 ammo 6 bar 7 want 20 floor 14 bind 0 nbind 0 nnear 0
CREW523 179 site budget slotfs 5 merged 5 won 0 n 69 of 529
CREW523 179 site spawn slotfs 5 merged 5 won 0 n 69 of 530
PH523 179 id 4 body 1 arc 2 orth 4 own 0 merged 0 arcclosed 0 ph 5
PH523 179 id 10 body 2 arc 1 orth 5 own 0 merged 0 arcclosed 0 ph 5
CREW523 180 site mag slotfs 5 merged 5 won 0 n 69 of 531
FUND523 180 ammo 6 bank 10 floor 14 need 20 spare 0 sust 0 flip 2 of 83
MAG522 180 ph 5 on 0 near 0 fund 0 fuse 0 ttl 1 ti 24 ammo 6 bar 7 want 20 floor 14 bind 0 nbind 0 nnear 0
CREW523 180 site budget slotfs 5 merged 5 won 0 n 69 of 532
CREW523 180 site spawn slotfs 5 merged 5 won 0 n 69 of 533
PH523 180 id 4 body 1 arc 2 orth 2 own 0 merged 0 arcclosed 0 ph 5
PH523 180 id 10 body 2 arc 1 orth 5 own 0 merged 0 arcclosed 0 ph 5
CREW523 181 site mag slotfs 5 merged 5 won 0 n 69 of 534
FUND523 181 ammo 6 bank 0 floor 14 need 20 spare 0 sust 0 flip 2 of 84
MAG522 181 ph 5 on 0 near 0 fund 0 fuse 0 ttl 1 ti 14 ammo 6 bar 7 want 20 floor 14 bind 0 nbind 0 nnear 0
CREW523 181 site budget slotfs 5 merged 5 won 0 n 69 of 535
CREW523 181 site spawn slotfs 5 merged 5 won 0 n 69 of 536
PH523 181 id 4 body 1 arc 2 orth 4 own 0 merged 0 arcclosed 0 ph 5
PH523 181 id 10 body 2 arc 1 orth 5 own 0 merged 0 arcclosed 0 ph 5
CREW523 182 site mag slotfs 5 merged 5 won 0 n 69 of 537
FUND523 182 ammo 6 bank 0 floor 14 need 20 spare 0 sust 0 flip 2 of 85
MAG522 182 ph 5 on 0 near 0 fund 0 fuse 0 ttl 1 ti 14 ammo 6 bar 7 want 20 floor 14 bind 0 nbind 0 nnear 0
CREW523 182 site budget slotfs 5 merged 5 won 0 n 69 of 538
CREW523 182 site spawn slotfs 5 merged 5 won 0 n 69 of 539
PH523 182 id 4 body 1 arc 2 orth 2 own 0 merged 0 arcclosed 0 ph 5
PH523 182 id 10 body 2 arc 1 orth 5 own 0 merged 0 arcclosed 0 ph 5
CREW523 183 site mag slotfs 5 merged 5 won 0 n 69 of 540
FUND523 183 ammo 6 bank 0 floor 14 need 20 spare 0 sust 0 flip 2 of 86
MAG522 183 ph 5 on 0 near 0 fund 0 fuse 0 ttl 1 ti 14 ammo 6 bar 7 want 20 floor 14 bind 0 nbind 0 nnear 0
CREW523 183 site budget slotfs 5 merged 5 won 0 n 69 of 541
CREW523 183 site spawn slotfs 5 merged 5 won 0 n 69 of 542
PH523 183 id 4 body 1 arc 2 orth 4 own 0 merged 0 arcclosed 0 ph 5
PH523 183 id 10 body 2 arc 1 orth 5 own 0 merged 0 arcclosed 0 ph 5
CREW523 184 site mag slotfs 5 merged 5 won 0 n 69 of 543
FUND523 184 ammo 6 bank 10 floor 14 need 20 spare 0 sust 0 flip 2 of 87
MAG522 184 ph 5 on 0 near 0 fund 0 fuse 0 ttl 1 ti 24 ammo 6 bar 7 want 20 floor 14 bind 0 nbind 0 nnear 0
CREW523 184 site budget slotfs 5 merged 5 won 0 n 69 of 544
CREW523 184 site spawn slotfs 5 merged 5 won 0 n 69 of 545
PH523 184 id 4 body 1 arc 2 orth 2 own 0 merged 0 arcclosed 0 ph 5
PH523 184 id 10 body 2 arc 1 orth 5 own 0 merged 0 arcclosed 0 ph 5
CREW523 185 site mag slotfs 5 merged 5 won 0 n 69 of 546
FUND523 185 ammo 6 bank 0 floor 14 need 20 spare 0 sust 0 flip 2 of 88
MAG522 185 ph 5 on 0 near 0 fund 0 fuse 0 ttl 1 ti 14 ammo 6 bar 7 want 20 floor 14 bind 0 nbind 0 nnear 0
CREW523 185 site budget slotfs 5 merged 5 won 0 n 69 of 547
CREW523 185 site spawn slotfs 5 merged 5 won 0 n 69 of 548
PH523 185 id 4 body 1 arc 2 orth 4 own 0 merged 0 arcclosed 0 ph 5
PH523 185 id 10 body 2 arc 1 orth 5 own 0 merged 0 arcclosed 0 ph 5
CREW523 186 site mag slotfs 5 merged 5 won 0 n 69 of 549
FUND523 186 ammo 6 bank 0 floor 14 need 20 spare 0 sust 0 flip 2 of 89
MAG522 186 ph 5 on 0 near 0 fund 0 fuse 0 ttl 1 ti 14 ammo 6 bar 7 want 20 floor 14 bind 0 nbind 0 nnear 0
CREW523 186 site budget slotfs 5 merged 5 won 0 n 69 of 550
CREW523 186 site spawn slotfs 5 merged 5 won 0 n 69 of 551
PH523 186 id 4 body 1 arc 2 orth 2 own 0 merged 0 arcclosed 0 ph 5
PH523 186 id 10 body 2 arc 1 orth 5 own 0 merged 0 arcclosed 0 ph 5
CREW523 187 site mag slotfs 5 merged 5 won 0 n 69 of 552
FUND523 187 ammo 6 bank 0 floor 14 need 20 spare 0 sust 0 flip 2 of 90
MAG522 187 ph 5 on 0 near 0 fund 0 fuse 0 ttl 1 ti 14 ammo 6 bar 7 want 20 floor 14 bind 0 nbind 0 nnear 0
CREW523 187 site budget slotfs 5 merged 5 won 0 n 69 of 553
CREW523 187 site spawn slotfs 5 merged 5 won 0 n 69 of 554
PH523 187 id 4 body 1 arc 2 orth 4 own 0 merged 0 arcclosed 0 ph 5
PH523 187 id 10 body 2 arc 1 orth 5 own 0 merged 0 arcclosed 0 ph 5
CREW523 188 site mag slotfs 5 merged 5 won 0 n 69 of 555
FUND523 188 ammo 6 bank 10 floor 14 need 20 spare 0 sust 0 flip 2 of 91
MAG522 188 ph 5 on 0 near 0 fund 0 fuse 0 ttl 1 ti 24 ammo 6 bar 7 want 20 floor 14 bind 0 nbind 0 nnear 0
CREW523 188 site budget slotfs 5 merged 5 won 0 n 69 of 556
CREW523 188 site spawn slotfs 5 merged 5 won 0 n 69 of 557
PH523 188 id 4 body 1 arc 2 orth 2 own 0 merged 0 arcclosed 0 ph 5
PH523 188 id 10 body 2 arc 1 orth 5 own 0 merged 0 arcclosed 0 ph 5
CREW523 189 site mag slotfs 5 merged 5 won 0 n 69 of 558
FUND523 189 ammo 6 bank 0 floor 14 need 20 spare 0 sust 0 flip 2 of 92
MAG522 189 ph 5 on 0 near 0 fund 0 fuse 0 ttl 1 ti 14 ammo 6 bar 7 want 20 floor 14 bind 0 nbind 0 nnear 0
CREW523 189 site budget slotfs 5 merged 5 won 0 n 69 of 559
CREW523 189 site spawn slotfs 5 merged 5 won 0 n 69 of 560
PH523 189 id 4 body 1 arc 2 orth 4 own 0 merged 0 arcclosed 0 ph 5
PH523 189 id 10 body 2 arc 1 orth 5 own 0 merged 0 arcclosed 0 ph 5
CREW523 190 site mag slotfs 5 merged 5 won 0 n 69 of 561
FUND523 190 ammo 6 bank 0 floor 14 need 20 spare 0 sust 0 flip 2 of 93
MAG522 190 ph 5 on 0 near 0 fund 0 fuse 0 ttl 1 ti 14 ammo 6 bar 7 want 20 floor 14 bind 0 nbind 0 nnear 0
CREW523 190 site budget slotfs 5 merged 5 won 0 n 69 of 562
CREW523 190 site spawn slotfs 5 merged 5 won 0 n 69 of 563
PH523 190 id 4 body 1 arc 2 orth 2 own 0 merged 0 arcclosed 0 ph 5
PH523 190 id 10 body 2 arc 1 orth 5 own 0 merged 0 arcclosed 0 ph 5
CREW523 191 site mag slotfs 5 merged 5 won 0 n 69 of 564
FUND523 191 ammo 6 bank 0 floor 14 need 20 spare 0 sust 0 flip 2 of 94
MAG522 191 ph 5 on 0 near 0 fund 0 fuse 0 ttl 1 ti 14 ammo 6 bar 7 want 20 floor 14 bind 0 nbind 0 nnear 0
CREW523 191 site budget slotfs 5 merged 5 won 0 n 69 of 565
CREW523 191 site spawn slotfs 5 merged 5 won 0 n 69 of 566
PH523 191 id 4 body 1 arc 2 orth 4 own 0 merged 0 arcclosed 0 ph 5
PH523 191 id 10 body 2 arc 1 orth 5 own 0 merged 0 arcclosed 0 ph 5
CREW523 192 site mag slotfs 5 merged 5 won 0 n 69 of 567
FUND523 192 ammo 6 bank 10 floor 14 need 20 spare 0 sust 0 flip 2 of 95
MAG522 192 ph 5 on 0 near 0 fund 0 fuse 0 ttl 1 ti 24 ammo 6 bar 7 want 20 floor 14 bind 0 nbind 0 nnear 0
CREW523 192 site budget slotfs 5 merged 5 won 0 n 69 of 568
CREW523 192 site spawn slotfs 5 merged 5 won 0 n 69 of 569
PH523 192 id 4 body 1 arc 2 orth 2 own 0 merged 0 arcclosed 0 ph 5
PH523 192 id 10 body 2 arc 1 orth 5 own 0 merged 0 arcclosed 0 ph 5
CREW523 193 site mag slotfs 5 merged 5 won 0 n 69 of 570
FUND523 193 ammo 6 bank 0 floor 14 need 20 spare 0 sust 0 flip 2 of 96
MAG522 193 ph 5 on 0 near 0 fund 0 fuse 0 ttl 1 ti 14 ammo 6 bar 7 want 20 floor 14 bind 0 nbind 0 nnear 0
CREW523 193 site budget slotfs 5 merged 5 won 0 n 69 of 571
CREW523 193 site spawn slotfs 5 merged 5 won 0 n 69 of 572
PH523 193 id 4 body 1 arc 2 orth 4 own 0 merged 0 arcclosed 0 ph 5
PH523 193 id 10 body 2 arc 1 orth 5 own 0 merged 0 arcclosed 0 ph 5
CREW523 194 site mag slotfs 5 merged 5 won 0 n 69 of 573
FUND523 194 ammo 6 bank 0 floor 14 need 20 spare 0 sust 0 flip 2 of 97
MAG522 194 ph 5 on 0 near 0 fund 0 fuse 0 ttl 1 ti 14 ammo 6 bar 7 want 20 floor 14 bind 0 nbind 0 nnear 0
CREW523 194 site budget slotfs 5 merged 5 won 0 n 69 of 574
CREW523 194 site spawn slotfs 5 merged 5 won 0 n 69 of 575
PH523 194 id 4 body 1 arc 2 orth 2 own 0 merged 0 arcclosed 0 ph 5
PH523 194 id 10 body 2 arc 1 orth 5 own 0 merged 0 arcclosed 0 ph 5
CREW523 195 site mag slotfs 5 merged 5 won 0 n 69 of 576
FUND523 195 ammo 6 bank 0 floor 14 need 20 spare 0 sust 0 flip 2 of 98
MAG522 195 ph 5 on 0 near 0 fund 0 fuse 0 ttl 1 ti 14 ammo 6 bar 7 want 20 floor 14 bind 0 nbind 0 nnear 0
CREW523 195 site budget slotfs 5 merged 5 won 0 n 69 of 577
CREW523 195 site spawn slotfs 5 merged 5 won 0 n 69 of 578
PH523 195 id 4 body 1 arc 2 orth 4 own 0 merged 0 arcclosed 0 ph 5
PH523 195 id 10 body 2 arc 1 orth 5 own 0 merged 0 arcclosed 0 ph 5
CREW523 196 site mag slotfs 5 merged 5 won 0 n 69 of 579
FUND523 196 ammo 6 bank 10 floor 14 need 20 spare 0 sust 0 flip 2 of 99
MAG522 196 ph 5 on 0 near 0 fund 0 fuse 0 ttl 1 ti 24 ammo 6 bar 7 want 20 floor 14 bind 0 nbind 0 nnear 0
CREW523 196 site budget slotfs 5 merged 5 won 0 n 69 of 580
CREW523 196 site spawn slotfs 5 merged 5 won 0 n 69 of 581
PH523 196 id 4 body 1 arc 2 orth 2 own 0 merged 0 arcclosed 0 ph 5
PH523 196 id 10 body 2 arc 1 orth 5 own 0 merged 0 arcclosed 0 ph 5
CREW523 197 site mag slotfs 5 merged 5 won 0 n 69 of 582
FUND523 197 ammo 6 bank 0 floor 14 need 20 spare 0 sust 0 flip 2 of 100
MAG522 197 ph 5 on 0 near 0 fund 0 fuse 0 ttl 1 ti 14 ammo 6 bar 7 want 20 floor 14 bind 0 nbind 0 nnear 0
CREW523 197 site budget slotfs 5 merged 5 won 0 n 69 of 583
CREW523 197 site spawn slotfs 5 merged 5 won 0 n 69 of 584
PH523 197 id 4 body 1 arc 2 orth 4 own 0 merged 0 arcclosed 0 ph 5
PH523 197 id 10 body 2 arc 1 orth 5 own 0 merged 0 arcclosed 0 ph 5
CREW523 198 site mag slotfs 5 merged 5 won 0 n 69 of 585
FUND523 198 ammo 6 bank 0 floor 14 need 20 spare 0 sust 0 flip 2 of 101
MAG522 198 ph 5 on 0 near 0 fund 0 fuse 0 ttl 1 ti 14 ammo 6 bar 7 want 20 floor 14 bind 0 nbind 0 nnear 0
CREW523 198 site budget slotfs 5 merged 5 won 0 n 69 of 586
CREW523 198 site spawn slotfs 5 merged 5 won 0 n 69 of 587
PH523 198 id 4 body 1 arc 2 orth 2 own 0 merged 0 arcclosed 0 ph 5
PH523 198 id 10 body 2 arc 1 orth 5 own 0 merged 0 arcclosed 0 ph 5
CREW523 199 site mag slotfs 5 merged 5 won 0 n 69 of 588
FUND523 199 ammo 6 bank 0 floor 14 need 20 spare 0 sust 0 flip 2 of 102
MAG522 199 ph 5 on 0 near 0 fund 0 fuse 0 ttl 1 ti 14 ammo 6 bar 7 want 20 floor 14 bind 0 nbind 0 nnear 0
CREW523 199 site budget slotfs 5 merged 5 won 0 n 69 of 589
CREW523 199 site spawn slotfs 5 merged 5 won 0 n 69 of 590
PH523 199 id 4 body 1 arc 2 orth 4 own 0 merged 0 arcclosed 0 ph 5
PH523 199 id 10 body 2 arc 1 orth 5 own 0 merged 0 arcclosed 0 ph 5
CREW523 200 site mag slotfs 5 merged 5 won 0 n 69 of 591
FUND523 200 ammo 6 bank 10 floor 14 need 20 spare 0 sust 0 flip 2 of 103
MAG522 200 ph 5 on 0 near 0 fund 0 fuse 0 ttl 1 ti 24 ammo 6 bar 7 want 20 floor 14 bind 0 nbind 0 nnear 0
CREW523 200 site budget slotfs 5 merged 5 won 0 n 69 of 592
CREW523 200 site spawn slotfs 5 merged 5 won 0 n 69 of 593
PH523 200 id 4 body 1 arc 2 orth 2 own 0 merged 0 arcclosed 0 ph 5
PH523 200 id 10 body 2 arc 1 orth 5 own 0 merged 0 arcclosed 0 ph 5
CREW523 201 site mag slotfs 5 merged 5 won 0 n 69 of 594
FUND523 201 ammo 6 bank 0 floor 14 need 20 spare 0 sust 0 flip 2 of 104
MAG522 201 ph 5 on 0 near 0 fund 0 fuse 0 ttl 1 ti 14 ammo 6 bar 7 want 20 floor 14 bind 0 nbind 0 nnear 0
CREW523 201 site budget slotfs 5 merged 5 won 0 n 69 of 595
CREW523 201 site spawn slotfs 5 merged 5 won 0 n 69 of 596
PH523 201 id 4 body 1 arc 2 orth 4 own 0 merged 0 arcclosed 0 ph 5
PH523 201 id 10 body 2 arc 1 orth 5 own 0 merged 0 arcclosed 0 ph 5
CREW523 202 site mag slotfs 5 merged 5 won 0 n 69 of 597
FUND523 202 ammo 6 bank 0 floor 14 need 20 spare 0 sust 0 flip 2 of 105
MAG522 202 ph 5 on 0 near 0 fund 0 fuse 0 ttl 1 ti 14 ammo 6 bar 7 want 20 floor 14 bind 0 nbind 0 nnear 0
CREW523 202 site budget slotfs 5 merged 5 won 0 n 69 of 598
CREW523 202 site spawn slotfs 5 merged 5 won 0 n 69 of 599
PH523 202 id 4 body 1 arc 2 orth 2 own 0 merged 0 arcclosed 0 ph 5
PH523 202 id 10 body 2 arc 1 orth 6 own 0 merged 0 arcclosed 0 ph 5
CREW523 203 site mag slotfs 5 merged 5 won 0 n 69 of 600
FUND523 203 ammo 6 bank 0 floor 14 need 20 spare 0 sust 0 flip 2 of 106
MAG522 203 ph 5 on 0 near 0 fund 0 fuse 0 ttl 1 ti 14 ammo 6 bar 7 want 20 floor 14 bind 0 nbind 0 nnear 0
CREW523 203 site budget slotfs 5 merged 5 won 0 n 69 of 601
CREW523 203 site spawn slotfs 5 merged 5 won 0 n 69 of 602
PH523 203 id 4 body 1 arc 2 orth 4 own 0 merged 0 arcclosed 0 ph 5
PH523 203 id 10 body 2 arc 1 orth 5 own 0 merged 0 arcclosed 0 ph 5
CREW523 204 site mag slotfs 5 merged 5 won 0 n 69 of 603
FUND523 204 ammo 6 bank 10 floor 14 need 20 spare 0 sust 0 flip 2 of 107
MAG522 204 ph 5 on 0 near 0 fund 0 fuse 0 ttl 1 ti 24 ammo 6 bar 7 want 20 floor 14 bind 0 nbind 0 nnear 0
CREW523 204 site budget slotfs 5 merged 5 won 0 n 69 of 604
CREW523 204 site spawn slotfs 5 merged 5 won 0 n 69 of 605
PH523 204 id 4 body 1 arc 2 orth 2 own 0 merged 0 arcclosed 0 ph 5
PH523 204 id 10 body 2 arc 1 orth 5 own 0 merged 0 arcclosed 0 ph 5
CREW523 205 site mag slotfs 5 merged 5 won 0 n 69 of 606
FUND523 205 ammo 6 bank 0 floor 14 need 20 spare 0 sust 0 flip 2 of 108
MAG522 205 ph 5 on 0 near 0 fund 0 fuse 0 ttl 1 ti 14 ammo 6 bar 7 want 20 floor 14 bind 0 nbind 0 nnear 0
CREW523 205 site budget slotfs 5 merged 5 won 0 n 69 of 607
CREW523 205 site spawn slotfs 5 merged 5 won 0 n 69 of 608
PH523 205 id 4 body 1 arc 2 orth 4 own 0 merged 0 arcclosed 0 ph 5
PH523 205 id 10 body 2 arc 1 orth 4 own 0 merged 0 arcclosed 0 ph 5
CREW523 206 site mag slotfs 5 merged 5 won 0 n 69 of 609
FUND523 206 ammo 6 bank 0 floor 14 need 20 spare 0 sust 0 flip 2 of 109
MAG522 206 ph 5 on 0 near 0 fund 0 fuse 0 ttl 1 ti 14 ammo 6 bar 7 want 20 floor 14 bind 0 nbind 0 nnear 0
CREW523 206 site budget slotfs 5 merged 5 won 0 n 69 of 610
CREW523 206 site spawn slotfs 5 merged 5 won 0 n 69 of 611
PH523 206 id 4 body 1 arc 2 orth 2 own 0 merged 0 arcclosed 0 ph 5
PH523 206 id 10 body 2 arc 1 orth 5 own 0 merged 0 arcclosed 0 ph 5
CREW523 207 site mag slotfs 5 merged 5 won 0 n 69 of 612
FUND523 207 ammo 6 bank 0 floor 14 need 20 spare 0 sust 0 flip 2 of 110
MAG522 207 ph 5 on 0 near 0 fund 0 fuse 0 ttl 1 ti 14 ammo 6 bar 7 want 20 floor 14 bind 0 nbind 0 nnear 0
CREW523 207 site budget slotfs 5 merged 5 won 0 n 69 of 613
CREW523 207 site spawn slotfs 5 merged 5 won 0 n 69 of 614
PH523 207 id 4 body 1 arc 2 orth 4 own 0 merged 0 arcclosed 0 ph 5
PH523 207 id 10 body 2 arc 1 orth 5 own 0 merged 0 arcclosed 0 ph 5
CREW523 208 site mag slotfs 5 merged 5 won 0 n 69 of 615
FUND523 208 ammo 6 bank 10 floor 14 need 20 spare 0 sust 0 flip 2 of 111
MAG522 208 ph 5 on 0 near 0 fund 0 fuse 0 ttl 1 ti 24 ammo 6 bar 7 want 20 floor 14 bind 0 nbind 0 nnear 0
CREW523 208 site budget slotfs 5 merged 5 won 0 n 69 of 616
CREW523 208 site spawn slotfs 5 merged 5 won 0 n 69 of 617
PH523 208 id 4 body 1 arc 2 orth 2 own 0 merged 0 arcclosed 0 ph 5
PH523 208 id 10 body 2 arc 1 orth 5 own 0 merged 0 arcclosed 0 ph 5
CREW523 209 site mag slotfs 5 merged 5 won 0 n 69 of 618
FUND523 209 ammo 6 bank 0 floor 14 need 20 spare 0 sust 0 flip 2 of 112
MAG522 209 ph 5 on 0 near 0 fund 0 fuse 0 ttl 1 ti 14 ammo 6 bar 7 want 20 floor 14 bind 0 nbind 0 nnear 0
CREW523 209 site budget slotfs 5 merged 5 won 0 n 69 of 619
CREW523 209 site spawn slotfs 5 merged 5 won 0 n 69 of 620
PH523 209 id 4 body 1 arc 2 orth 4 own 0 merged 0 arcclosed 0 ph 5
PH523 209 id 10 body 2 arc 1 orth 5 own 0 merged 0 arcclosed 0 ph 5
CREW523 210 site mag slotfs 5 merged 5 won 0 n 69 of 621
FUND523 210 ammo 6 bank 0 floor 14 need 20 spare 0 sust 0 flip 2 of 113
MAG522 210 ph 5 on 0 near 0 fund 0 fuse 0 ttl 1 ti 14 ammo 6 bar 7 want 20 floor 14 bind 0 nbind 0 nnear 0
CREW523 210 site budget slotfs 5 merged 5 won 0 n 69 of 622
CREW523 210 site spawn slotfs 5 merged 5 won 0 n 69 of 623
PH523 210 id 4 body 1 arc 2 orth 2 own 0 merged 0 arcclosed 0 ph 5
PH523 210 id 10 body 2 arc 1 orth 5 own 0 merged 0 arcclosed 0 ph 5
CREW523 211 site mag slotfs 5 merged 5 won 0 n 69 of 624
FUND523 211 ammo 6 bank 0 floor 14 need 20 spare 0 sust 0 flip 2 of 114
MAG522 211 ph 5 on 0 near 0 fund 0 fuse 0 ttl 1 ti 14 ammo 6 bar 7 want 20 floor 14 bind 0 nbind 0 nnear 0
CREW523 211 site budget slotfs 5 merged 5 won 0 n 69 of 625
CREW523 211 site spawn slotfs 5 merged 5 won 0 n 69 of 626
PH523 211 id 4 body 1 arc 2 orth 4 own 0 merged 0 arcclosed 0 ph 5
PH523 211 id 10 body 2 arc 1 orth 5 own 0 merged 0 arcclosed 0 ph 5
CREW523 212 site mag slotfs 5 merged 5 won 0 n 69 of 627
FUND523 212 ammo 6 bank 10 floor 14 need 20 spare 0 sust 0 flip 2 of 115
MAG522 212 ph 5 on 0 near 0 fund 0 fuse 0 ttl 1 ti 24 ammo 6 bar 7 want 20 floor 14 bind 0 nbind 0 nnear 0
CREW523 212 site budget slotfs 5 merged 5 won 0 n 69 of 628
CREW523 212 site spawn slotfs 5 merged 5 won 0 n 69 of 629
PH523 212 id 4 body 1 arc 2 orth 2 own 0 merged 0 arcclosed 0 ph 5
PH523 212 id 10 body 2 arc 1 orth 5 own 0 merged 0 arcclosed 0 ph 5
CREW523 213 site mag slotfs 5 merged 5 won 0 n 69 of 630
FUND523 213 ammo 6 bank 10 floor 14 need 20 spare 0 sust 0 flip 2 of 116
MAG522 213 ph 5 on 0 near 0 fund 0 fuse 0 ttl 1 ti 24 ammo 6 bar 7 want 20 floor 14 bind 0 nbind 0 nnear 0
CREW523 213 site budget slotfs 5 merged 5 won 0 n 69 of 631
CREW523 213 site spawn slotfs 5 merged 5 won 0 n 69 of 632
PH523 213 id 4 body 1 arc 2 orth 4 own 0 merged 0 arcclosed 0 ph 5
PH523 213 id 10 body 2 arc 1 orth 5 own 0 merged 0 arcclosed 0 ph 5
CREW523 214 site mag slotfs 5 merged 5 won 0 n 69 of 633
FUND523 214 ammo 6 bank 10 floor 14 need 20 spare 0 sust 0 flip 2 of 117
MAG522 214 ph 5 on 0 near 0 fund 0 fuse 0 ttl 1 ti 24 ammo 6 bar 7 want 20 floor 14 bind 0 nbind 0 nnear 0
CREW523 214 site budget slotfs 5 merged 5 won 0 n 69 of 634
CREW523 214 site spawn slotfs 5 merged 5 won 0 n 69 of 635
PH523 214 id 4 body 1 arc 2 orth 2 own 0 merged 0 arcclosed 0 ph 5
PH523 214 id 10 body 2 arc 1 orth 5 own 0 merged 0 arcclosed 0 ph 5
CREW523 215 site mag slotfs 5 merged 5 won 0 n 69 of 636
FUND523 215 ammo 6 bank 10 floor 14 need 20 spare 0 sust 0 flip 2 of 118
MAG522 215 ph 5 on 0 near 0 fund 0 fuse 0 ttl 1 ti 24 ammo 6 bar 7 want 20 floor 14 bind 0 nbind 0 nnear 0
CREW523 215 site budget slotfs 5 merged 5 won 0 n 69 of 637
CREW523 215 site spawn slotfs 5 merged 5 won 0 n 69 of 638
PH523 215 id 4 body 1 arc 2 orth 4 own 0 merged 0 arcclosed 0 ph 5
PH523 215 id 10 body 2 arc 1 orth 5 own 0 merged 0 arcclosed 0 ph 5
CREW523 216 site mag slotfs 5 merged 5 won 0 n 69 of 639
FUND523 216 ammo 6 bank 20 floor 14 need 20 spare 0 sust 1 flip 3 of 119
MAG522 216 ph 5 on 0 near 0 fund 0 fuse 1 ttl 1 ti 34 ammo 6 bar 7 want 20 floor 14 bind 0 nbind 0 nnear 0
CREW523 216 site budget slotfs 5 merged 5 won 0 n 69 of 640
CREW523 216 site spawn slotfs 5 merged 5 won 0 n 69 of 641
PH523 216 id 4 body 1 arc 2 orth 2 own 0 merged 0 arcclosed 0 ph 5
PH523 216 id 10 body 2 arc 1 orth 5 own 0 merged 0 arcclosed 0 ph 5
CREW523 217 site mag slotfs 5 merged 5 won 0 n 69 of 642
FUND523 217 ammo 6 bank 20 floor 14 need 20 spare 0 sust 1 flip 4 of 120
MAG522 217 ph 5 on 0 near 0 fund 0 fuse 1 ttl 1 ti 34 ammo 6 bar 7 want 20 floor 14 bind 0 nbind 0 nnear 0
CREW523 217 site budget slotfs 5 merged 5 won 0 n 69 of 643
CREW523 217 site spawn slotfs 5 merged 5 won 0 n 69 of 644
PH523 217 id 4 body 1 arc 2 orth 4 own 0 merged 0 arcclosed 0 ph 5
PH523 217 id 10 body 2 arc 1 orth 5 own 0 merged 0 arcclosed 0 ph 5
CREW523 218 site mag slotfs 5 merged 5 won 0 n 69 of 645
FUND523 218 ammo 6 bank 20 floor 14 need 20 spare 0 sust 1 flip 5 of 121
MAG522 218 ph 5 on 0 near 0 fund 0 fuse 1 ttl 1 ti 34 ammo 6 bar 7 want 20 floor 14 bind 0 nbind 0 nnear 0
CREW523 218 site budget slotfs 5 merged 5 won 0 n 69 of 646
CREW523 218 site spawn slotfs 5 merged 5 won 0 n 69 of 647
PH523 218 id 4 body 1 arc 2 orth 2 own 0 merged 0 arcclosed 0 ph 5
PH523 218 id 10 body 2 arc 1 orth 5 own 0 merged 0 arcclosed 0 ph 5
CREW523 219 site mag slotfs 5 merged 5 won 0 n 69 of 648
FUND523 219 ammo 6 bank 20 floor 14 need 20 spare 0 sust 1 flip 6 of 122
MAG522 219 ph 5 on 0 near 0 fund 0 fuse 1 ttl 1 ti 34 ammo 6 bar 7 want 20 floor 14 bind 0 nbind 0 nnear 0
CREW523 219 site budget slotfs 5 merged 5 won 0 n 69 of 649
CREW523 219 site spawn slotfs 5 merged 5 won 0 n 69 of 650
PH523 219 id 4 body 1 arc 2 orth 4 own 0 merged 0 arcclosed 0 ph 5
PH523 219 id 10 body 2 arc 1 orth 5 own 0 merged 0 arcclosed 0 ph 5
CREW523 220 site mag slotfs 5 merged 5 won 0 n 69 of 651
FUND523 220 ammo 6 bank 30 floor 14 need 20 spare 0 sust 1 flip 7 of 123
MAG522 220 ph 5 on 0 near 0 fund 0 fuse 1 ttl 1 ti 44 ammo 6 bar 7 want 20 floor 14 bind 0 nbind 0 nnear 0
CREW523 220 site budget slotfs 5 merged 5 won 0 n 69 of 652
CREW523 220 site spawn slotfs 5 merged 5 won 0 n 69 of 653
PH523 220 id 4 body 1 arc 2 orth 2 own 0 merged 0 arcclosed 0 ph 5
PH523 220 id 10 body 2 arc 1 orth 5 own 0 merged 0 arcclosed 0 ph 5
CREW523 221 site mag slotfs 5 merged 5 won 0 n 69 of 654
FUND523 221 ammo 6 bank 30 floor 14 need 20 spare 0 sust 1 flip 8 of 124
MAG522 221 ph 5 on 0 near 0 fund 0 fuse 1 ttl 1 ti 44 ammo 6 bar 7 want 20 floor 14 bind 0 nbind 0 nnear 0
CREW523 221 site budget slotfs 5 merged 5 won 0 n 69 of 655
CREW523 221 site spawn slotfs 5 merged 5 won 0 n 69 of 656
PH523 221 id 4 body 1 arc 2 orth 4 own 0 merged 0 arcclosed 0 ph 5
PH523 221 id 10 body 2 arc 1 orth 5 own 0 merged 0 arcclosed 0 ph 5
CREW523 222 site mag slotfs 5 merged 5 won 0 n 69 of 657
FUND523 222 ammo 6 bank 30 floor 14 need 20 spare 0 sust 1 flip 9 of 125
MAG522 222 ph 5 on 0 near 0 fund 0 fuse 1 ttl 1 ti 44 ammo 6 bar 7 want 20 floor 14 bind 0 nbind 0 nnear 0
CREW523 222 site budget slotfs 5 merged 5 won 0 n 69 of 658
CREW523 222 site spawn slotfs 5 merged 5 won 0 n 69 of 659
PH523 222 id 4 body 1 arc 2 orth 2 own 0 merged 0 arcclosed 0 ph 5
PH523 222 id 10 body 2 arc 1 orth 5 own 0 merged 0 arcclosed 0 ph 5
CREW523 223 site mag slotfs 5 merged 5 won 0 n 69 of 660
FUND523 223 ammo 6 bank 30 floor 14 need 20 spare 0 sust 1 flip 10 of 126
MAG522 223 ph 5 on 0 near 0 fund 0 fuse 1 ttl 1 ti 44 ammo 6 bar 7 want 20 floor 14 bind 0 nbind 0 nnear 0
CREW523 223 site budget slotfs 5 merged 5 won 0 n 69 of 661
CREW523 223 site spawn slotfs 5 merged 5 won 0 n 69 of 662
PH523 223 id 4 body 1 arc 2 orth 2 own 0 merged 0 arcclosed 0 ph 5
PH523 223 id 10 body 2 arc 1 orth 5 own 0 merged 0 arcclosed 0 ph 5
CREW523 224 site mag slotfs 5 merged 5 won 0 n 69 of 663
FUND523 224 ammo 6 bank 40 floor 14 need 20 spare 0 sust 1 flip 11 of 127
MAG522 224 ph 5 on 0 near 0 fund 0 fuse 1 ttl 1 ti 54 ammo 6 bar 7 want 20 floor 14 bind 0 nbind 0 nnear 0
CREW523 224 site budget slotfs 5 merged 5 won 0 n 69 of 664
CREW523 224 site spawn slotfs 5 merged 5 won 0 n 69 of 665
PH523 224 id 4 body 1 arc 2 orth 4 own 0 merged 0 arcclosed 0 ph 5
PH523 224 id 10 body 2 arc 1 orth 5 own 0 merged 0 arcclosed 0 ph 5
CREW523 225 site mag slotfs 5 merged 5 won 0 n 69 of 666
FUND523 225 ammo 6 bank 40 floor 14 need 20 spare 0 sust 1 flip 12 of 128
MAG522 225 ph 5 on 0 near 0 fund 0 fuse 1 ttl 1 ti 54 ammo 6 bar 7 want 20 floor 14 bind 0 nbind 0 nnear 0
CREW523 225 site budget slotfs 5 merged 5 won 0 n 69 of 667
CREW523 225 site spawn slotfs 5 merged 5 won 0 n 69 of 668
PH523 225 id 4 body 1 arc 2 orth 2 own 0 merged 0 arcclosed 0 ph 5
PH523 225 id 10 body 2 arc 1 orth 5 own 0 merged 0 arcclosed 0 ph 5
CREW523 226 site mag slotfs 5 merged 5 won 0 n 69 of 669
FUND523 226 ammo 6 bank 40 floor 14 need 20 spare 0 sust 1 flip 13 of 129
MAG522 226 ph 5 on 0 near 0 fund 0 fuse 1 ttl 1 ti 54 ammo 6 bar 7 want 20 floor 14 bind 0 nbind 0 nnear 0
CREW523 226 site budget slotfs 5 merged 5 won 0 n 69 of 670
CREW523 226 site spawn slotfs 5 merged 5 won 0 n 69 of 671
PH523 226 id 4 body 1 arc 2 orth 4 own 0 merged 0 arcclosed 0 ph 5
PH523 226 id 10 body 2 arc 1 orth 5 own 0 merged 0 arcclosed 0 ph 5
CREW523 227 site mag slotfs 5 merged 5 won 0 n 69 of 672
FUND523 227 ammo 6 bank 40 floor 14 need 20 spare 0 sust 1 flip 14 of 130
MAG522 227 ph 5 on 0 near 0 fund 0 fuse 1 ttl 1 ti 54 ammo 6 bar 7 want 20 floor 14 bind 0 nbind 0 nnear 0
CREW523 227 site budget slotfs 5 merged 5 won 0 n 69 of 673
CREW523 227 site spawn slotfs 5 merged 5 won 0 n 69 of 674
PH523 227 id 4 body 1 arc 2 orth 2 own 0 merged 0 arcclosed 0 ph 5
PH523 227 id 10 body 2 arc 1 orth 5 own 0 merged 0 arcclosed 0 ph 5
CREW523 228 site mag slotfs 5 merged 5 won 0 n 69 of 675
FUND523 228 ammo 6 bank 50 floor 14 need 20 spare 0 sust 1 flip 15 of 131
MAG522 228 ph 5 on 0 near 0 fund 0 fuse 1 ttl 1 ti 64 ammo 6 bar 7 want 20 floor 14 bind 0 nbind 0 nnear 0
CREW523 228 site budget slotfs 5 merged 5 won 0 n 69 of 676
CREW523 228 site spawn slotfs 5 merged 5 won 0 n 69 of 677
PH523 228 id 4 body 1 arc 2 orth 4 own 0 merged 0 arcclosed 0 ph 5
PH523 228 id 10 body 2 arc 1 orth 5 own 0 merged 0 arcclosed 0 ph 5
CREW523 229 site mag slotfs 5 merged 5 won 0 n 69 of 678
FUND523 229 ammo 6 bank 50 floor 14 need 20 spare 0 sust 1 flip 16 of 132
MAG522 229 ph 5 on 0 near 0 fund 0 fuse 1 ttl 1 ti 64 ammo 6 bar 7 want 20 floor 14 bind 0 nbind 0 nnear 0
CREW523 229 site budget slotfs 5 merged 5 won 0 n 69 of 679
CREW523 229 site spawn slotfs 5 merged 5 won 0 n 69 of 680
PH523 229 id 4 body 1 arc 2 orth 2 own 0 merged 0 arcclosed 0 ph 5
PH523 229 id 10 body 2 arc 1 orth 4 own 0 merged 0 arcclosed 0 ph 5
CREW523 230 site mag slotfs 5 merged 5 won 0 n 69 of 681
FUND523 230 ammo 6 bank 50 floor 14 need 20 spare 0 sust 1 flip 17 of 133
MAG522 230 ph 5 on 0 near 0 fund 0 fuse 1 ttl 1 ti 64 ammo 6 bar 7 want 20 floor 14 bind 0 nbind 0 nnear 0
CREW523 230 site budget slotfs 5 merged 5 won 0 n 69 of 682
CREW523 230 site spawn slotfs 5 merged 5 won 0 n 69 of 683
PH523 230 id 4 body 1 arc 2 orth 2 own 0 merged 0 arcclosed 0 ph 5
PH523 230 id 10 body 2 arc 1 orth 5 own 0 merged 0 arcclosed 0 ph 5
CREW523 231 site mag slotfs 5 merged 5 won 0 n 69 of 684
FUND523 231 ammo 6 bank 50 floor 14 need 20 spare 0 sust 1 flip 18 of 134
MAG522 231 ph 5 on 0 near 0 fund 0 fuse 1 ttl 1 ti 64 ammo 6 bar 7 want 20 floor 14 bind 0 nbind 0 nnear 0
CREW523 231 site budget slotfs 5 merged 5 won 0 n 69 of 685
CREW523 231 site spawn slotfs 5 merged 5 won 0 n 69 of 686
PH523 231 id 4 body 1 arc 2 orth 2 own 0 merged 0 arcclosed 0 ph 5
PH523 231 id 10 body 2 arc 1 orth 5 own 0 merged 0 arcclosed 0 ph 5
CREW523 232 site mag slotfs 5 merged 5 won 0 n 69 of 687
FUND523 232 ammo 6 bank 60 floor 14 need 20 spare 0 sust 1 flip 19 of 135
MAG522 232 ph 5 on 0 near 0 fund 0 fuse 1 ttl 1 ti 74 ammo 6 bar 7 want 20 floor 14 bind 0 nbind 0 nnear 0
CREW523 232 site budget slotfs 5 merged 5 won 0 n 69 of 688
CREW523 232 site spawn slotfs 5 merged 5 won 0 n 69 of 689
PH523 232 id 4 body 1 arc 2 orth 2 own 0 merged 0 arcclosed 0 ph 5
PH523 232 id 10 body 2 arc 1 orth 5 own 0 merged 0 arcclosed 0 ph 5
CREW523 233 site mag slotfs 5 merged 5 won 0 n 69 of 690
FUND523 233 ammo 6 bank 2 floor 14 need 20 spare 0 sust 0 flip 19 of 136
MAG522 233 ph 5 on 0 near 0 fund 0 fuse 0 ttl 1 ti 16 ammo 6 bar 7 want 20 floor 14 bind 0 nbind 0 nnear 0
CREW523 233 site budget slotfs 5 merged 5 won 0 n 69 of 691
CREW523 233 site spawn slotfs 5 merged 5 won 0 n 69 of 692
PH523 233 id 4 body 1 arc 2 orth 1 own 0 merged 0 arcclosed 0 ph 5
PH523 233 id 10 body 2 arc 1 orth 5 own 0 merged 0 arcclosed 0 ph 5
CREW523 234 site mag slotfs 5 merged 5 won 0 n 69 of 693
FUND523 234 ammo 6 bank 2 floor 14 need 20 spare 0 sust 0 flip 19 of 137
MAG522 234 ph 5 on 0 near 0 fund 0 fuse 0 ttl 1 ti 16 ammo 6 bar 7 want 20 floor 14 bind 0 nbind 0 nnear 0
CREW523 234 site budget slotfs 5 merged 5 won 0 n 69 of 694
CREW523 234 site spawn slotfs 5 merged 5 won 0 n 69 of 695
PH523 234 id 4 body 1 arc 2 orth 1 own 0 merged 0 arcclosed 0 ph 5
PH523 234 id 10 body 2 arc 1 orth 5 own 0 merged 0 arcclosed 0 ph 5
CREW523 235 site mag slotfs 5 merged 5 won 0 n 69 of 696
FUND523 235 ammo 6 bank 2 floor 14 need 20 spare 0 sust 0 flip 19 of 138
MAG522 235 ph 5 on 0 near 0 fund 0 fuse 0 ttl 1 ti 16 ammo 6 bar 7 want 20 floor 14 bind 0 nbind 0 nnear 0
CREW523 235 site budget slotfs 5 merged 5 won 0 n 69 of 697
CREW523 235 site spawn slotfs 5 merged 5 won 0 n 69 of 698
PH523 235 id 4 body 1 arc 2 orth 1 own 0 merged 0 arcclosed 0 ph 5
PH523 235 id 10 body 2 arc 1 orth 5 own 0 merged 0 arcclosed 0 ph 5
CREW523 236 site mag slotfs 5 merged 5 won 0 n 69 of 699
FUND523 236 ammo 6 bank 12 floor 14 need 20 spare 0 sust 0 flip 19 of 139
MAG522 236 ph 5 on 0 near 0 fund 0 fuse 0 ttl 1 ti 26 ammo 6 bar 7 want 20 floor 14 bind 0 nbind 0 nnear 0
CREW523 236 site budget slotfs 5 merged 5 won 0 n 69 of 700
CREW523 236 site spawn slotfs 5 merged 5 won 0 n 69 of 701
PH523 236 id 4 body 1 arc 2 orth 1 own 0 merged 0 arcclosed 0 ph 5
PH523 236 id 10 body 2 arc 1 orth 5 own 0 merged 0 arcclosed 0 ph 5
CREW523 237 site mag slotfs 5 merged 5 won 0 n 69 of 702
FUND523 237 ammo 6 bank 12 floor 14 need 20 spare 0 sust 0 flip 19 of 140
MAG522 237 ph 5 on 0 near 0 fund 0 fuse 0 ttl 1 ti 26 ammo 6 bar 7 want 20 floor 14 bind 0 nbind 0 nnear 0
CREW523 237 site budget slotfs 5 merged 5 won 0 n 69 of 703
CREW523 237 site spawn slotfs 5 merged 5 won 0 n 69 of 704
PH523 237 id 4 body 1 arc 2 orth 1 own 0 merged 0 arcclosed 0 ph 5
PH523 237 id 10 body 2 arc 1 orth 5 own 0 merged 0 arcclosed 0 ph 5
CREW523 238 site mag slotfs 5 merged 5 won 0 n 69 of 705
FUND523 238 ammo 6 bank 12 floor 14 need 20 spare 0 sust 0 flip 19 of 141
MAG522 238 ph 5 on 0 near 0 fund 0 fuse 0 ttl 1 ti 26 ammo 6 bar 7 want 20 floor 14 bind 0 nbind 0 nnear 0
CREW523 238 site budget slotfs 5 merged 5 won 0 n 69 of 706
CREW523 238 site spawn slotfs 5 merged 5 won 0 n 69 of 707
PH523 238 id 4 body 1 arc 2 orth 1 own 0 merged 0 arcclosed 0 ph 5
PH523 238 id 10 body 2 arc 1 orth 5 own 0 merged 0 arcclosed 0 ph 5
CREW523 239 site mag slotfs 5 merged 5 won 0 n 69 of 708
FUND523 239 ammo 6 bank 5 floor 14 need 20 spare 0 sust 0 flip 19 of 142
MAG522 239 ph 5 on 0 near 0 fund 0 fuse 0 ttl 1 ti 19 ammo 6 bar 7 want 20 floor 14 bind 0 nbind 0 nnear 0
CREW523 239 site budget slotfs 5 merged 5 won 0 n 69 of 709
CREW523 239 site spawn slotfs 5 merged 5 won 0 n 69 of 710
PH523 239 id 4 body 1 arc 2 orth 1 own 0 merged 0 arcclosed 0 ph 5
PH523 239 id 10 body 2 arc 1 orth 5 own 0 merged 0 arcclosed 0 ph 5
CREW523 240 site mag slotfs 5 merged 5 won 0 n 69 of 711
FUND523 240 ammo 6 bank 15 floor 14 need 20 spare 0 sust 1 flip 20 of 143
MAG522 240 ph 5 on 0 near 0 fund 0 fuse 1 ttl 1 ti 29 ammo 6 bar 7 want 20 floor 14 bind 0 nbind 0 nnear 0
CREW523 240 site budget slotfs 5 merged 5 won 0 n 69 of 712
CREW523 240 site spawn slotfs 5 merged 5 won 0 n 69 of 713
PH523 240 id 4 body 1 arc 2 orth 1 own 0 merged 0 arcclosed 0 ph 5
PH523 240 id 10 body 2 arc 1 orth 5 own 0 merged 0 arcclosed 0 ph 5
CREW523 241 site mag slotfs 5 merged 5 won 0 n 69 of 714
FUND523 241 ammo 6 bank 8 floor 14 need 20 spare 0 sust 0 flip 20 of 144
MAG522 241 ph 5 on 0 near 0 fund 0 fuse 0 ttl 1 ti 22 ammo 6 bar 7 want 20 floor 14 bind 0 nbind 0 nnear 0
CREW523 241 site budget slotfs 5 merged 5 won 0 n 69 of 715
CREW523 241 site spawn slotfs 5 merged 5 won 0 n 69 of 716
PH523 241 id 4 body 1 arc 2 orth 2 own 0 merged 0 arcclosed 0 ph 5
PH523 241 id 10 body 2 arc 1 orth 5 own 0 merged 0 arcclosed 0 ph 5
CREW523 242 site mag slotfs 5 merged 5 won 0 n 69 of 717
FUND523 242 ammo 6 bank 8 floor 14 need 20 spare 0 sust 0 flip 20 of 145
MAG522 242 ph 5 on 0 near 0 fund 0 fuse 0 ttl 1 ti 22 ammo 6 bar 7 want 20 floor 14 bind 0 nbind 0 nnear 0
CREW523 242 site budget slotfs 5 merged 5 won 0 n 69 of 718
CREW523 242 site spawn slotfs 5 merged 5 won 0 n 69 of 719
PH523 242 id 4 body 1 arc 2 orth 2 own 0 merged 0 arcclosed 0 ph 5
PH523 242 id 10 body 2 arc 1 orth 5 own 0 merged 0 arcclosed 0 ph 5
CREW523 243 site mag slotfs 5 merged 5 won 0 n 69 of 720
FUND523 243 ammo 6 bank 8 floor 14 need 20 spare 0 sust 0 flip 20 of 146
MAG522 243 ph 5 on 0 near 0 fund 0 fuse 0 ttl 1 ti 22 ammo 6 bar 7 want 20 floor 14 bind 0 nbind 0 nnear 0
CREW523 243 site budget slotfs 5 merged 5 won 0 n 69 of 721
CREW523 243 site spawn slotfs 5 merged 5 won 0 n 69 of 722
PH523 243 id 4 body 1 arc 2 orth 2 own 0 merged 0 arcclosed 0 ph 5
PH523 243 id 10 body 2 arc 1 orth 5 own 0 merged 0 arcclosed 0 ph 5
CREW523 244 site mag slotfs 5 merged 5 won 0 n 69 of 723
FUND523 244 ammo 6 bank 18 floor 14 need 20 spare 0 sust 1 flip 21 of 147
MAG522 244 ph 5 on 0 near 0 fund 0 fuse 1 ttl 1 ti 32 ammo 6 bar 7 want 20 floor 14 bind 0 nbind 0 nnear 0
CREW523 244 site budget slotfs 5 merged 5 won 0 n 69 of 724
CREW523 244 site spawn slotfs 5 merged 5 won 0 n 69 of 725
PH523 244 id 4 body 1 arc 2 orth 2 own 0 merged 0 arcclosed 0 ph 5
PH523 244 id 10 body 2 arc 1 orth 5 own 0 merged 0 arcclosed 0 ph 5
CREW523 245 site mag slotfs 5 merged 5 won 0 n 69 of 726
FUND523 245 ammo 6 bank 18 floor 14 need 20 spare 0 sust 1 flip 22 of 148
MAG522 245 ph 5 on 0 near 0 fund 0 fuse 1 ttl 1 ti 32 ammo 6 bar 7 want 20 floor 14 bind 0 nbind 0 nnear 0
CREW523 245 site budget slotfs 5 merged 5 won 0 n 69 of 727
CREW523 245 site spawn slotfs 5 merged 5 won 0 n 69 of 728
PH523 245 id 4 body 1 arc 2 orth 2 own 0 merged 0 arcclosed 0 ph 5
PH523 245 id 10 body 2 arc 1 orth 5 own 0 merged 0 arcclosed 0 ph 5
CREW523 246 site mag slotfs 5 merged 5 won 0 n 69 of 729
FUND523 246 ammo 6 bank 11 floor 14 need 20 spare 0 sust 0 flip 22 of 149
MAG522 246 ph 5 on 0 near 0 fund 0 fuse 0 ttl 1 ti 25 ammo 6 bar 7 want 20 floor 14 bind 0 nbind 0 nnear 0
CREW523 246 site budget slotfs 5 merged 5 won 0 n 69 of 730
CREW523 246 site spawn slotfs 5 merged 5 won 0 n 69 of 731
PH523 246 id 4 body 1 arc 2 orth 1 own 0 merged 0 arcclosed 0 ph 5
PH523 246 id 10 body 2 arc 1 orth 5 own 0 merged 0 arcclosed 0 ph 5
CREW523 247 site mag slotfs 5 merged 5 won 0 n 69 of 732
FUND523 247 ammo 6 bank 11 floor 14 need 20 spare 0 sust 0 flip 22 of 150
MAG522 247 ph 5 on 0 near 0 fund 0 fuse 0 ttl 1 ti 25 ammo 6 bar 7 want 20 floor 14 bind 0 nbind 0 nnear 0
CREW523 247 site budget slotfs 5 merged 5 won 0 n 69 of 733
CREW523 247 site spawn slotfs 5 merged 5 won 0 n 69 of 734
PH523 247 id 4 body 1 arc 2 orth 1 own 0 merged 0 arcclosed 0 ph 5
PH523 247 id 10 body 2 arc 1 orth 5 own 0 merged 0 arcclosed 0 ph 5
CREW523 248 site mag slotfs 5 merged 5 won 0 n 69 of 735
FUND523 248 ammo 6 bank 21 floor 14 need 20 spare 0 sust 1 flip 23 of 151
MAG522 248 ph 5 on 0 near 0 fund 0 fuse 1 ttl 1 ti 35 ammo 6 bar 7 want 20 floor 14 bind 0 nbind 0 nnear 0
CREW523 248 site budget slotfs 5 merged 5 won 0 n 69 of 736
CREW523 248 site spawn slotfs 5 merged 5 won 0 n 69 of 737
PH523 248 id 4 body 1 arc 2 orth 1 own 0 merged 0 arcclosed 0 ph 5
PH523 248 id 10 body 2 arc 1 orth 5 own 0 merged 0 arcclosed 0 ph 5
CREW523 249 site mag slotfs 5 merged 5 won 0 n 69 of 738
FUND523 249 ammo 6 bank 21 floor 14 need 20 spare 0 sust 1 flip 24 of 152
MAG522 249 ph 5 on 0 near 0 fund 0 fuse 1 ttl 1 ti 35 ammo 6 bar 7 want 20 floor 14 bind 0 nbind 0 nnear 0
CREW523 249 site budget slotfs 5 merged 5 won 0 n 69 of 739
CREW523 249 site spawn slotfs 5 merged 5 won 0 n 69 of 740
PH523 249 id 4 body 1 arc 2 orth 1 own 0 merged 0 arcclosed 0 ph 5
PH523 249 id 10 body 2 arc 1 orth 5 own 0 merged 0 arcclosed 0 ph 5
CREW523 250 site mag slotfs 5 merged 5 won 0 n 69 of 741
FUND523 250 ammo 6 bank 21 floor 14 need 20 spare 0 sust 1 flip 25 of 153
MAG522 250 ph 5 on 0 near 0 fund 0 fuse 1 ttl 1 ti 35 ammo 6 bar 7 want 20 floor 14 bind 0 nbind 0 nnear 0
CREW523 250 site budget slotfs 5 merged 5 won 0 n 69 of 742
CREW523 250 site spawn slotfs 5 merged 5 won 0 n 69 of 743
PH523 250 id 4 body 1 arc 2 orth 1 own 0 merged 0 arcclosed 0 ph 5
PH523 250 id 10 body 2 arc 1 orth 5 own 0 merged 0 arcclosed 0 ph 5
CREW523 251 site mag slotfs 5 merged 5 won 0 n 69 of 744
FUND523 251 ammo 6 bank 21 floor 14 need 20 spare 0 sust 1 flip 26 of 154
MAG522 251 ph 5 on 0 near 0 fund 0 fuse 1 ttl 1 ti 35 ammo 6 bar 7 want 20 floor 14 bind 0 nbind 0 nnear 0
CREW523 251 site budget slotfs 5 merged 5 won 0 n 69 of 745
CREW523 251 site spawn slotfs 5 merged 5 won 0 n 69 of 746
PH523 251 id 4 body 1 arc 2 orth 1 own 0 merged 0 arcclosed 0 ph 5
PH523 251 id 10 body 2 arc 1 orth 5 own 0 merged 0 arcclosed 0 ph 5
CREW523 252 site mag slotfs 5 merged 5 won 0 n 69 of 747
FUND523 252 ammo 6 bank 31 floor 14 need 20 spare 0 sust 1 flip 27 of 155
MAG522 252 ph 5 on 0 near 0 fund 0 fuse 1 ttl 1 ti 45 ammo 6 bar 7 want 20 floor 14 bind 0 nbind 0 nnear 0
CREW523 252 site budget slotfs 5 merged 5 won 0 n 69 of 748
CREW523 252 site spawn slotfs 5 merged 5 won 0 n 69 of 749
PH523 252 id 4 body 1 arc 2 orth 1 own 0 merged 0 arcclosed 0 ph 5
PH523 252 id 10 body 2 arc 1 orth 5 own 0 merged 0 arcclosed 0 ph 5
CREW523 253 site mag slotfs 5 merged 5 won 0 n 69 of 750
FUND523 253 ammo 6 bank 31 floor 14 need 20 spare 0 sust 1 flip 28 of 156
MAG522 253 ph 5 on 0 near 0 fund 0 fuse 1 ttl 1 ti 45 ammo 6 bar 7 want 20 floor 14 bind 0 nbind 0 nnear 0
CREW523 253 site budget slotfs 5 merged 5 won 0 n 69 of 751
CREW523 253 site spawn slotfs 5 merged 5 won 0 n 69 of 752
PH523 253 id 4 body 1 arc 2 orth 2 own 0 merged 0 arcclosed 0 ph 5
PH523 253 id 10 body 2 arc 1 orth 5 own 0 merged 0 arcclosed 0 ph 5
CREW523 254 site mag slotfs 5 merged 5 won 0 n 69 of 753
FUND523 254 ammo 6 bank 31 floor 14 need 20 spare 0 sust 1 flip 29 of 157
MAG522 254 ph 5 on 0 near 0 fund 0 fuse 1 ttl 1 ti 45 ammo 6 bar 7 want 20 floor 14 bind 0 nbind 0 nnear 0
CREW523 254 site budget slotfs 5 merged 5 won 0 n 69 of 754
CREW523 254 site spawn slotfs 5 merged 5 won 0 n 69 of 755
PH523 254 id 4 body 1 arc 2 orth 2 own 0 merged 0 arcclosed 0 ph 5
PH523 254 id 10 body 2 arc 1 orth 5 own 0 merged 0 arcclosed 0 ph 5
CREW523 255 site mag slotfs 5 merged 5 won 0 n 69 of 756
FUND523 255 ammo 6 bank 31 floor 14 need 20 spare 0 sust 1 flip 30 of 158
MAG522 255 ph 5 on 0 near 0 fund 0 fuse 1 ttl 1 ti 45 ammo 6 bar 7 want 20 floor 14 bind 0 nbind 0 nnear 0
CREW523 255 site budget slotfs 5 merged 5 won 0 n 69 of 757
CREW523 255 site spawn slotfs 5 merged 5 won 0 n 69 of 758
PH523 255 id 4 body 1 arc 2 orth 2 own 0 merged 0 arcclosed 0 ph 5
PH523 255 id 10 body 2 arc 1 orth 5 own 0 merged 0 arcclosed 0 ph 5
CREW523 256 site mag slotfs 5 merged 5 won 0 n 69 of 759
FUND523 256 ammo 6 bank 41 floor 14 need 20 spare 0 sust 1 flip 31 of 159
MAG522 256 ph 5 on 0 near 0 fund 0 fuse 1 ttl 1 ti 55 ammo 6 bar 7 want 20 floor 14 bind 0 nbind 0 nnear 0
CREW523 256 site budget slotfs 5 merged 5 won 0 n 69 of 760
CREW523 256 site spawn slotfs 5 merged 5 won 0 n 69 of 761
PH523 256 id 4 body 1 arc 2 orth 2 own 0 merged 0 arcclosed 0 ph 5
PH523 256 id 10 body 2 arc 1 orth 5 own 0 merged 0 arcclosed 0 ph 5
CREW523 257 site mag slotfs 5 merged 5 won 0 n 69 of 762
FUND523 257 ammo 6 bank 34 floor 14 need 20 spare 0 sust 1 flip 32 of 160
MAG522 257 ph 5 on 0 near 0 fund 0 fuse 1 ttl 1 ti 48 ammo 6 bar 7 want 20 floor 14 bind 0 nbind 0 nnear 0
CREW523 257 site budget slotfs 5 merged 5 won 0 n 69 of 763
CREW523 257 site spawn slotfs 5 merged 5 won 0 n 69 of 764
PH523 257 id 4 body 1 arc 2 orth 1 own 0 merged 0 arcclosed 0 ph 5
PH523 257 id 10 body 2 arc 1 orth 5 own 0 merged 0 arcclosed 0 ph 5
CREW523 258 site mag slotfs 5 merged 5 won 0 n 69 of 765
FUND523 258 ammo 6 bank 34 floor 14 need 20 spare 0 sust 1 flip 33 of 161
MAG522 258 ph 5 on 0 near 0 fund 0 fuse 1 ttl 1 ti 48 ammo 6 bar 7 want 20 floor 14 bind 0 nbind 0 nnear 0
CREW523 258 site budget slotfs 5 merged 5 won 0 n 69 of 766
CREW523 258 site spawn slotfs 5 merged 5 won 0 n 69 of 767
PH523 258 id 4 body 1 arc 2 orth 1 own 0 merged 0 arcclosed 0 ph 5
PH523 258 id 10 body 2 arc 1 orth 5 own 0 merged 0 arcclosed 0 ph 5
CREW523 259 site mag slotfs 5 merged 5 won 0 n 69 of 768
FUND523 259 ammo 6 bank 34 floor 14 need 20 spare 0 sust 1 flip 34 of 162
MAG522 259 ph 5 on 0 near 0 fund 0 fuse 1 ttl 1 ti 48 ammo 6 bar 7 want 20 floor 14 bind 0 nbind 0 nnear 0
CREW523 259 site budget slotfs 5 merged 5 won 0 n 69 of 769
CREW523 259 site spawn slotfs 5 merged 5 won 0 n 69 of 770
PH523 259 id 4 body 1 arc 2 orth 1 own 0 merged 0 arcclosed 0 ph 5
PH523 259 id 10 body 2 arc 1 orth 5 own 0 merged 0 arcclosed 0 ph 5
CREW523 260 site mag slotfs 5 merged 5 won 0 n 69 of 771
FUND523 260 ammo 6 bank 44 floor 14 need 20 spare 0 sust 1 flip 35 of 163
MAG522 260 ph 5 on 0 near 0 fund 0 fuse 1 ttl 1 ti 58 ammo 6 bar 7 want 20 floor 14 bind 0 nbind 0 nnear 0
CREW523 260 site budget slotfs 5 merged 5 won 0 n 69 of 772
CREW523 260 site spawn slotfs 5 merged 5 won 0 n 69 of 773
PH523 260 id 4 body 1 arc 2 orth 1 own 0 merged 0 arcclosed 0 ph 5
PH523 260 id 10 body 2 arc 1 orth 5 own 0 merged 0 arcclosed 0 ph 5
CREW523 261 site mag slotfs 5 merged 5 won 0 n 69 of 774
FUND523 261 ammo 6 bank 44 floor 14 need 20 spare 0 sust 1 flip 36 of 164
MAG522 261 ph 5 on 0 near 0 fund 0 fuse 1 ttl 1 ti 58 ammo 6 bar 7 want 20 floor 14 bind 0 nbind 0 nnear 0
CREW523 261 site budget slotfs 5 merged 5 won 0 n 69 of 775
CREW523 261 site spawn slotfs 5 merged 5 won 0 n 69 of 776
PH523 261 id 4 body 1 arc 2 orth 2 own 0 merged 0 arcclosed 0 ph 5
PH523 261 id 10 body 2 arc 1 orth 5 own 0 merged 0 arcclosed 0 ph 5
CREW523 262 site mag slotfs 5 merged 5 won 0 n 69 of 777
FUND523 262 ammo 6 bank 44 floor 14 need 20 spare 0 sust 1 flip 37 of 165
MAG522 262 ph 5 on 0 near 0 fund 0 fuse 1 ttl 1 ti 58 ammo 6 bar 7 want 20 floor 14 bind 0 nbind 0 nnear 0
CREW523 262 site budget slotfs 5 merged 5 won 0 n 69 of 778
CREW523 262 site spawn slotfs 5 merged 5 won 0 n 69 of 779
PH523 262 id 4 body 1 arc 2 orth 2 own 0 merged 0 arcclosed 0 ph 5
PH523 262 id 10 body 2 arc 1 orth 5 own 0 merged 0 arcclosed 0 ph 5
CREW523 263 site mag slotfs 5 merged 5 won 0 n 69 of 780
FUND523 263 ammo 6 bank 44 floor 14 need 20 spare 0 sust 1 flip 38 of 166
MAG522 263 ph 5 on 0 near 0 fund 0 fuse 1 ttl 1 ti 58 ammo 6 bar 7 want 20 floor 14 bind 0 nbind 0 nnear 0
CREW523 263 site budget slotfs 5 merged 5 won 0 n 69 of 781
CREW523 263 site spawn slotfs 5 merged 5 won 0 n 69 of 782
PH523 263 id 4 body 1 arc 2 orth 2 own 0 merged 0 arcclosed 0 ph 5
PH523 263 id 10 body 2 arc 1 orth 5 own 0 merged 0 arcclosed 0 ph 5
CREW523 264 site mag slotfs 5 merged 5 won 0 n 69 of 783
FUND523 264 ammo 6 bank 54 floor 14 need 20 spare 0 sust 1 flip 39 of 167
MAG522 264 ph 5 on 0 near 0 fund 0 fuse 1 ttl 1 ti 68 ammo 6 bar 7 want 20 floor 14 bind 0 nbind 0 nnear 0
CREW523 264 site budget slotfs 5 merged 5 won 0 n 69 of 784
CREW523 264 site spawn slotfs 5 merged 5 won 0 n 69 of 785
PH523 264 id 4 body 1 arc 2 orth 2 own 0 merged 0 arcclosed 0 ph 5
PH523 264 id 10 body 2 arc 1 orth 5 own 0 merged 0 arcclosed 0 ph 5
CREW523 265 site mag slotfs 5 merged 5 won 0 n 69 of 786
FUND523 265 ammo 6 bank 0 floor 16 need 20 spare 0 sust 0 flip 39 of 168
MAG522 265 ph 5 on 0 near 0 fund 0 fuse 0 ttl 1 ti 16 ammo 6 bar 8 want 22 floor 16 bind 0 nbind 0 nnear 0
CREW523 265 site budget slotfs 5 merged 5 won 0 n 69 of 787
CREW523 265 site spawn slotfs 5 merged 5 won 0 n 69 of 788
PH523 265 id 4 body 1 arc 2 orth 2 own 0 merged 0 arcclosed 0 ph 5
PH523 265 id 10 body 2 arc 1 orth 5 own 0 merged 0 arcclosed 0 ph 5
CREW523 266 site mag slotfs 5 merged 5 won 0 n 69 of 789
FUND523 266 ammo 6 bank 0 floor 16 need 20 spare 0 sust 0 flip 39 of 169
MAG522 266 ph 5 on 0 near 0 fund 0 fuse 0 ttl 1 ti 8 ammo 6 bar 8 want 22 floor 16 bind 0 nbind 0 nnear 0
CREW523 266 site budget slotfs 5 merged 5 won 0 n 69 of 790
CREW523 266 site spawn slotfs 5 merged 5 won 0 n 69 of 791
PH523 266 id 4 body 1 arc 2 orth 1 own 0 merged 0 arcclosed 0 ph 5
PH523 266 id 10 body 2 arc 1 orth 5 own 0 merged 0 arcclosed 0 ph 5
CREW523 267 site mag slotfs 5 merged 5 won 0 n 69 of 792
FUND523 267 ammo 6 bank 0 floor 16 need 20 spare 0 sust 0 flip 39 of 170
MAG522 267 ph 5 on 0 near 0 fund 0 fuse 0 ttl 1 ti 8 ammo 6 bar 8 want 22 floor 16 bind 0 nbind 0 nnear 0
CREW523 267 site budget slotfs 5 merged 5 won 0 n 69 of 793
CREW523 267 site spawn slotfs 5 merged 5 won 0 n 69 of 794
PH523 267 id 4 body 1 arc 2 orth 1 own 0 merged 0 arcclosed 0 ph 5
PH523 267 id 10 body 2 arc 1 orth 5 own 0 merged 0 arcclosed 0 ph 5
CREW523 268 site mag slotfs 5 merged 5 won 0 n 69 of 795
FUND523 268 ammo 6 bank 2 floor 16 need 20 spare 0 sust 0 flip 39 of 171
MAG522 268 ph 5 on 0 near 0 fund 0 fuse 0 ttl 1 ti 18 ammo 6 bar 8 want 22 floor 16 bind 0 nbind 0 nnear 0
CREW523 268 site budget slotfs 5 merged 5 won 0 n 69 of 796
CREW523 268 site spawn slotfs 5 merged 5 won 0 n 69 of 797
PH523 268 id 4 body 1 arc 2 orth 1 own 0 merged 0 arcclosed 0 ph 5
PH523 268 id 10 body 2 arc 1 orth 5 own 0 merged 0 arcclosed 0 ph 5
CREW523 269 site mag slotfs 5 merged 5 won 0 n 69 of 798
FUND523 269 ammo 8 bank 0 floor 16 need 20 spare 0 sust 0 flip 39 of 172
MAG522 269 ph 5 on 0 near 0 fund 0 fuse 0 ttl 1 ti 16 ammo 8 bar 8 want 22 floor 16 bind 0 nbind 0 nnear 0
CREW523 269 site budget slotfs 5 merged 5 won 0 n 69 of 799
CREW523 269 site spawn slotfs 5 merged 5 won 0 n 69 of 800
PH523 269 id 4 body 1 arc 2 orth 1 own 0 merged 0 arcclosed 0 ph 5
PH523 269 id 10 body 2 arc 1 orth 5 own 0 merged 0 arcclosed 0 ph 5
CREW523 270 site mag slotfs 5 merged 5 won 0 n 69 of 801
FUND523 270 ammo 8 bank 0 floor 16 need 20 spare 0 sust 0 flip 39 of 173
MAG522 270 ph 5 on 0 near 0 fund 0 fuse 0 ttl 1 ti 16 ammo 8 bar 8 want 22 floor 16 bind 0 nbind 0 nnear 0
CREW523 270 site budget slotfs 5 merged 5 won 0 n 69 of 802
CREW523 270 site spawn slotfs 5 merged 5 won 0 n 69 of 803
PH523 270 id 4 body 1 arc 2 orth 1 own 0 merged 0 arcclosed 0 ph 5
PH523 270 id 10 body 2 arc 1 orth 5 own 0 merged 0 arcclosed 0 ph 5
CREW523 271 site mag slotfs 5 merged 5 won 0 n 69 of 804
FUND523 271 ammo 8 bank 0 floor 16 need 20 spare 0 sust 0 flip 39 of 174
MAG522 271 ph 5 on 0 near 0 fund 0 fuse 0 ttl 1 ti 16 ammo 8 bar 8 want 22 floor 16 bind 0 nbind 0 nnear 0
CREW523 271 site budget slotfs 5 merged 5 won 0 n 69 of 805
CREW523 271 site spawn slotfs 5 merged 5 won 0 n 69 of 806
PH523 271 id 4 body 1 arc 2 orth 1 own 0 merged 0 arcclosed 0 ph 5
PH523 271 id 10 body 2 arc 1 orth 5 own 0 merged 0 arcclosed 0 ph 5
CREW523 272 site mag slotfs 5 merged 5 won 0 n 69 of 807
FUND523 272 ammo 8 bank 10 floor 16 need 20 spare 0 sust 0 flip 39 of 175
MAG522 272 ph 5 on 0 near 0 fund 0 fuse 0 ttl 1 ti 26 ammo 8 bar 8 want 22 floor 16 bind 0 nbind 0 nnear 0
CREW523 272 site budget slotfs 5 merged 5 won 0 n 69 of 808
CREW523 272 site spawn slotfs 5 merged 5 won 0 n 69 of 809
PH523 272 id 4 body 1 arc 2 orth 1 own 0 merged 0 arcclosed 0 ph 5
PH523 272 id 10 body 2 arc 1 orth 5 own 0 merged 0 arcclosed 0 ph 5
CREW523 273 site mag slotfs 5 merged 5 won 0 n 69 of 810
FUND523 273 ammo 8 bank 0 floor 16 need 20 spare 0 sust 0 flip 39 of 176
MAG522 273 ph 5 on 0 near 0 fund 0 fuse 0 ttl 1 ti 16 ammo 8 bar 8 want 22 floor 16 bind 0 nbind 0 nnear 0
CREW523 273 site budget slotfs 5 merged 5 won 0 n 69 of 811
CREW523 273 site spawn slotfs 5 merged 5 won 0 n 69 of 812
PH523 273 id 4 body 1 arc 2 orth 2 own 0 merged 0 arcclosed 0 ph 5
PH523 273 id 10 body 2 arc 1 orth 5 own 0 merged 0 arcclosed 0 ph 5
CREW523 274 site mag slotfs 5 merged 5 won 0 n 69 of 813
FUND523 274 ammo 8 bank 0 floor 16 need 20 spare 0 sust 0 flip 39 of 177
MAG522 274 ph 5 on 0 near 0 fund 0 fuse 0 ttl 1 ti 16 ammo 8 bar 8 want 22 floor 16 bind 0 nbind 0 nnear 0
CREW523 274 site budget slotfs 5 merged 5 won 0 n 69 of 814
CREW523 274 site spawn slotfs 5 merged 5 won 0 n 69 of 815
PH523 274 id 4 body 1 arc 2 orth 2 own 0 merged 0 arcclosed 0 ph 5
PH523 274 id 10 body 2 arc 1 orth 5 own 0 merged 0 arcclosed 0 ph 5
CREW523 275 site mag slotfs 5 merged 5 won 0 n 69 of 816
FUND523 275 ammo 8 bank 0 floor 16 need 20 spare 0 sust 0 flip 39 of 178
MAG522 275 ph 5 on 0 near 0 fund 0 fuse 0 ttl 1 ti 16 ammo 8 bar 8 want 22 floor 16 bind 0 nbind 0 nnear 0
CREW523 275 site budget slotfs 5 merged 5 won 0 n 69 of 817
CREW523 275 site spawn slotfs 5 merged 5 won 0 n 69 of 818
PH523 275 id 4 body 1 arc 2 orth 2 own 0 merged 0 arcclosed 0 ph 5
PH523 275 id 10 body 2 arc 1 orth 5 own 0 merged 0 arcclosed 0 ph 5
CREW523 276 site mag slotfs 5 merged 5 won 0 n 69 of 819
FUND523 276 ammo 8 bank 10 floor 16 need 20 spare 0 sust 0 flip 39 of 179
MAG522 276 ph 5 on 0 near 0 fund 0 fuse 0 ttl 1 ti 26 ammo 8 bar 8 want 22 floor 16 bind 0 nbind 0 nnear 0
CREW523 276 site budget slotfs 5 merged 5 won 0 n 69 of 820
CREW523 276 site spawn slotfs 5 merged 5 won 0 n 69 of 821
PH523 276 id 4 body 1 arc 2 orth 2 own 0 merged 0 arcclosed 0 ph 5
PH523 276 id 10 body 2 arc 1 orth 5 own 0 merged 0 arcclosed 0 ph 5
CREW523 277 site mag slotfs 5 merged 5 won 0 n 69 of 822
FUND523 277 ammo 8 bank 0 floor 16 need 20 spare 0 sust 0 flip 39 of 180
MAG522 277 ph 5 on 0 near 0 fund 0 fuse 0 ttl 1 ti 8 ammo 8 bar 8 want 22 floor 16 bind 0 nbind 0 nnear 0
CREW523 277 site budget slotfs 5 merged 5 won 0 n 69 of 823
CREW523 277 site spawn slotfs 5 merged 5 won 0 n 69 of 824
PH523 277 id 4 body 1 arc 2 orth 1 own 0 merged 0 arcclosed 0 ph 5
PH523 277 id 10 body 2 arc 1 orth 5 own 0 merged 0 arcclosed 0 ph 5
CREW523 278 site mag slotfs 5 merged 5 won 0 n 69 of 825
FUND523 278 ammo 8 bank 0 floor 16 need 20 spare 0 sust 0 flip 39 of 181
MAG522 278 ph 5 on 0 near 0 fund 0 fuse 0 ttl 1 ti 8 ammo 8 bar 8 want 22 floor 16 bind 0 nbind 0 nnear 0
CREW523 278 site budget slotfs 5 merged 5 won 0 n 69 of 826
CREW523 278 site spawn slotfs 5 merged 5 won 0 n 69 of 827
PH523 278 id 4 body 1 arc 2 orth 1 own 0 merged 0 arcclosed 0 ph 5
PH523 278 id 10 body 2 arc 1 orth 5 own 0 merged 0 arcclosed 0 ph 5
CREW523 279 site mag slotfs 5 merged 5 won 0 n 69 of 828
FUND523 279 ammo 8 bank 0 floor 16 need 20 spare 0 sust 0 flip 39 of 182
MAG522 279 ph 5 on 0 near 0 fund 0 fuse 0 ttl 1 ti 8 ammo 8 bar 8 want 22 floor 16 bind 0 nbind 0 nnear 0
CREW523 279 site budget slotfs 5 merged 5 won 0 n 69 of 829
CREW523 279 site spawn slotfs 5 merged 5 won 0 n 69 of 830
PH523 279 id 4 body 1 arc 2 orth 1 own 0 merged 0 arcclosed 0 ph 5
PH523 279 id 10 body 2 arc 1 orth 5 own 0 merged 0 arcclosed 0 ph 5
CREW523 280 site mag slotfs 5 merged 5 won 0 n 69 of 831
FUND523 280 ammo 8 bank 2 floor 16 need 20 spare 0 sust 0 flip 39 of 183
MAG522 280 ph 5 on 0 near 0 fund 0 fuse 0 ttl 1 ti 18 ammo 8 bar 8 want 22 floor 16 bind 0 nbind 0 nnear 0
CREW523 280 site budget slotfs 5 merged 5 won 0 n 69 of 832
CREW523 280 site spawn slotfs 5 merged 5 won 0 n 69 of 833
PH523 280 id 4 body 1 arc 2 orth 1 own 0 merged 0 arcclosed 0 ph 5
PH523 280 id 10 body 2 arc 1 orth 5 own 0 merged 0 arcclosed 0 ph 5
CREW523 281 site mag slotfs 5 merged 5 won 0 n 69 of 834
FUND523 281 ammo 0 bank 0 floor 16 need 20 spare 0 sust 0 flip 39 of 184
MAG522 281 ph 5 on 0 near 0 fund 0 fuse 0 ttl 1 ti 16 ammo 0 bar 8 want 22 floor 16 bind 0 nbind 0 nnear 0
CREW523 281 site budget slotfs 5 merged 5 won 0 n 69 of 835
CREW523 281 site spawn slotfs 5 merged 5 won 0 n 69 of 836
PH523 281 id 4 body 1 arc 2 orth 2 own 0 merged 0 arcclosed 0 ph 5
PH523 281 id 10 body 2 arc 1 orth 5 own 0 merged 0 arcclosed 0 ph 5
CREW523 282 site mag slotfs 5 merged 5 won 0 n 69 of 837
FUND523 282 ammo 0 bank 0 floor 16 need 20 spare 0 sust 0 flip 39 of 185
MAG522 282 ph 5 on 0 near 0 fund 0 fuse 0 ttl 1 ti 16 ammo 0 bar 8 want 22 floor 16 bind 0 nbind 0 nnear 0
CREW523 282 site budget slotfs 5 merged 5 won 0 n 69 of 838
CREW523 282 site spawn slotfs 5 merged 5 won 0 n 69 of 839
PH523 282 id 4 body 1 arc 2 orth 2 own 0 merged 0 arcclosed 0 ph 5
PH523 282 id 10 body 2 arc 1 orth 5 own 0 merged 0 arcclosed 0 ph 5
CREW523 283 site mag slotfs 5 merged 5 won 0 n 69 of 840
FUND523 283 ammo 0 bank 0 floor 16 need 20 spare 0 sust 0 flip 39 of 186
MAG522 283 ph 5 on 0 near 0 fund 0 fuse 0 ttl 1 ti 16 ammo 0 bar 8 want 22 floor 16 bind 0 nbind 0 nnear 0
CREW523 283 site budget slotfs 5 merged 5 won 0 n 69 of 841
CREW523 283 site spawn slotfs 5 merged 5 won 0 n 69 of 842
PH523 283 id 4 body 1 arc 2 orth 2 own 0 merged 0 arcclosed 0 ph 5
PH523 283 id 10 body 2 arc 1 orth 5 own 0 merged 0 arcclosed 0 ph 5
CREW523 284 site mag slotfs 5 merged 5 won 0 n 69 of 843
FUND523 284 ammo 0 bank 10 floor 16 need 20 spare 0 sust 0 flip 39 of 187
MAG522 284 ph 5 on 0 near 0 fund 0 fuse 0 ttl 1 ti 26 ammo 0 bar 8 want 22 floor 16 bind 0 nbind 0 nnear 0
CREW523 284 site budget slotfs 5 merged 5 won 0 n 69 of 844
CREW523 284 site spawn slotfs 5 merged 5 won 0 n 69 of 845
PH523 284 id 4 body 1 arc 2 orth 2 own 0 merged 0 arcclosed 0 ph 5
PH523 284 id 10 body 2 arc 1 orth 5 own 0 merged 0 arcclosed 0 ph 5
CREW523 285 site mag slotfs 5 merged 5 won 0 n 69 of 846
FUND523 285 ammo 0 bank 0 floor 16 need 20 spare 0 sust 0 flip 39 of 188
MAG522 285 ph 5 on 0 near 0 fund 0 fuse 0 ttl 1 ti 16 ammo 0 bar 8 want 22 floor 16 bind 0 nbind 0 nnear 0
CREW523 285 site budget slotfs 5 merged 5 won 0 n 69 of 847
CREW523 285 site spawn slotfs 5 merged 5 won 0 n 69 of 848
PH523 285 id 4 body 1 arc 2 orth 2 own 0 merged 0 arcclosed 0 ph 5
PH523 285 id 10 body 2 arc 1 orth 5 own 0 merged 0 arcclosed 0 ph 5
CREW523 286 site mag slotfs 5 merged 5 won 0 n 69 of 849
FUND523 286 ammo 0 bank 0 floor 16 need 20 spare 0 sust 0 flip 39 of 189
MAG522 286 ph 5 on 0 near 0 fund 0 fuse 0 ttl 1 ti 8 ammo 0 bar 8 want 22 floor 16 bind 0 nbind 0 nnear 0
CREW523 286 site budget slotfs 5 merged 5 won 0 n 69 of 850
CREW523 286 site spawn slotfs 5 merged 5 won 0 n 69 of 851
PH523 286 id 4 body 1 arc 2 orth 1 own 0 merged 0 arcclosed 0 ph 5
PH523 286 id 10 body 2 arc 1 orth 5 own 0 merged 0 arcclosed 0 ph 5
CREW523 287 site mag slotfs 5 merged 5 won 0 n 69 of 852
FUND523 287 ammo 0 bank 0 floor 16 need 20 spare 0 sust 0 flip 39 of 190
MAG522 287 ph 5 on 0 near 0 fund 0 fuse 0 ttl 1 ti 8 ammo 0 bar 8 want 22 floor 16 bind 0 nbind 0 nnear 0
CREW523 287 site budget slotfs 5 merged 5 won 0 n 69 of 853
CREW523 287 site spawn slotfs 5 merged 5 won 0 n 69 of 854
PH523 287 id 4 body 1 arc 2 orth 1 own 0 merged 0 arcclosed 0 ph 5
PH523 287 id 10 body 2 arc 1 orth 5 own 0 merged 0 arcclosed 0 ph 5
CREW523 288 site mag slotfs 5 merged 5 won 0 n 69 of 855
FUND523 288 ammo 0 bank 2 floor 16 need 20 spare 0 sust 0 flip 39 of 191
MAG522 288 ph 5 on 0 near 0 fund 0 fuse 0 ttl 1 ti 18 ammo 0 bar 8 want 22 floor 16 bind 0 nbind 0 nnear 0
CREW523 288 site budget slotfs 5 merged 5 won 0 n 69 of 856
CREW523 288 site spawn slotfs 5 merged 5 won 0 n 69 of 857
PH523 288 id 4 body 1 arc 2 orth 1 own 0 merged 0 arcclosed 0 ph 5
PH523 288 id 10 body 2 arc 1 orth 5 own 0 merged 0 arcclosed 0 ph 5
CREW523 289 site mag slotfs 5 merged 5 won 0 n 69 of 858
FUND523 289 ammo 2 bank 0 floor 16 need 20 spare 0 sust 0 flip 39 of 192
MAG522 289 ph 5 on 0 near 0 fund 0 fuse 0 ttl 1 ti 16 ammo 2 bar 8 want 22 floor 16 bind 0 nbind 0 nnear 0
CREW523 289 site budget slotfs 5 merged 5 won 0 n 69 of 859
CREW523 289 site spawn slotfs 5 merged 5 won 0 n 69 of 860
PH523 289 id 4 body 1 arc 2 orth 2 own 0 merged 0 arcclosed 0 ph 5
PH523 289 id 10 body 2 arc 1 orth 5 own 0 merged 0 arcclosed 0 ph 5
CREW523 290 site mag slotfs 5 merged 5 won 0 n 69 of 861
FUND523 290 ammo 2 bank 0 floor 16 need 20 spare 0 sust 0 flip 39 of 193
MAG522 290 ph 5 on 0 near 0 fund 0 fuse 0 ttl 1 ti 16 ammo 2 bar 8 want 22 floor 16 bind 0 nbind 0 nnear 0
CREW523 290 site budget slotfs 5 merged 5 won 0 n 69 of 862
CREW523 290 site spawn slotfs 5 merged 5 won 0 n 69 of 863
PH523 290 id 4 body 1 arc 2 orth 2 own 0 merged 0 arcclosed 0 ph 5
PH523 290 id 10 body 2 arc 1 orth 5 own 0 merged 0 arcclosed 0 ph 5
CREW523 291 site mag slotfs 5 merged 5 won 0 n 69 of 864
FUND523 291 ammo 2 bank 0 floor 16 need 20 spare 0 sust 0 flip 39 of 194
MAG522 291 ph 5 on 0 near 0 fund 0 fuse 0 ttl 1 ti 16 ammo 2 bar 8 want 22 floor 16 bind 0 nbind 0 nnear 0
CREW523 291 site budget slotfs 5 merged 5 won 0 n 69 of 865
CREW523 291 site spawn slotfs 5 merged 5 won 0 n 69 of 866
PH523 291 id 4 body 1 arc 2 orth 2 own 0 merged 0 arcclosed 0 ph 5
PH523 291 id 10 body 2 arc 1 orth 5 own 0 merged 0 arcclosed 0 ph 5
CREW523 292 site mag slotfs 5 merged 5 won 0 n 69 of 867
FUND523 292 ammo 2 bank 10 floor 16 need 20 spare 0 sust 0 flip 39 of 195
MAG522 292 ph 5 on 0 near 0 fund 0 fuse 0 ttl 1 ti 26 ammo 2 bar 8 want 22 floor 16 bind 0 nbind 0 nnear 0
CREW523 292 site budget slotfs 5 merged 5 won 0 n 69 of 868
CREW523 292 site spawn slotfs 5 merged 5 won 0 n 69 of 869
PH523 292 id 4 body 1 arc 2 orth 2 own 0 merged 0 arcclosed 0 ph 5
PH523 292 id 10 body 2 arc 1 orth 5 own 0 merged 0 arcclosed 0 ph 5
CREW523 293 site mag slotfs 5 merged 5 won 0 n 69 of 870
FUND523 293 ammo 2 bank 0 floor 16 need 20 spare 0 sust 0 flip 39 of 196
MAG522 293 ph 5 on 0 near 0 fund 0 fuse 0 ttl 1 ti 8 ammo 2 bar 8 want 22 floor 16 bind 0 nbind 0 nnear 0
CREW523 293 site budget slotfs 5 merged 5 won 0 n 69 of 871
CREW523 293 site spawn slotfs 5 merged 5 won 0 n 69 of 872
PH523 293 id 4 body 1 arc 2 orth 1 own 0 merged 0 arcclosed 0 ph 5
PH523 293 id 10 body 2 arc 1 orth 5 own 0 merged 0 arcclosed 0 ph 5
CREW523 294 site mag slotfs 5 merged 5 won 0 n 69 of 873
FUND523 294 ammo 2 bank 0 floor 16 need 20 spare 0 sust 0 flip 39 of 197
MAG522 294 ph 5 on 0 near 0 fund 0 fuse 0 ttl 1 ti 8 ammo 2 bar 8 want 22 floor 16 bind 0 nbind 0 nnear 0
CREW523 294 site budget slotfs 5 merged 5 won 0 n 69 of 874
CREW523 294 site spawn slotfs 5 merged 5 won 0 n 69 of 875
PH523 294 id 4 body 1 arc 2 orth 1 own 0 merged 0 arcclosed 0 ph 5
PH523 294 id 10 body 2 arc 1 orth 5 own 0 merged 0 arcclosed 0 ph 5
CREW523 295 site mag slotfs 5 merged 5 won 0 n 69 of 876
FUND523 295 ammo 2 bank 0 floor 16 need 20 spare 0 sust 0 flip 39 of 198
MAG522 295 ph 5 on 0 near 0 fund 0 fuse 0 ttl 1 ti 8 ammo 2 bar 8 want 22 floor 16 bind 0 nbind 0 nnear 0
CREW523 295 site budget slotfs 5 merged 5 won 0 n 69 of 877
CREW523 295 site spawn slotfs 5 merged 5 won 0 n 69 of 878
PH523 295 id 4 body 1 arc 2 orth 1 own 0 merged 0 arcclosed 0 ph 5
PH523 295 id 10 body 2 arc 1 orth 5 own 0 merged 0 arcclosed 0 ph 5
CREW523 296 site mag slotfs 5 merged 5 won 0 n 69 of 879
FUND523 296 ammo 2 bank 2 floor 16 need 20 spare 0 sust 0 flip 39 of 199
MAG522 296 ph 5 on 0 near 0 fund 0 fuse 0 ttl 1 ti 18 ammo 2 bar 8 want 22 floor 16 bind 0 nbind 0 nnear 0
CREW523 296 site budget slotfs 5 merged 5 won 0 n 69 of 880
CREW523 296 site spawn slotfs 5 merged 5 won 0 n 69 of 881
PH523 296 id 4 body 1 arc 2 orth 1 own 0 merged 0 arcclosed 0 ph 5
PH523 296 id 10 body 2 arc 1 orth 5 own 0 merged 0 arcclosed 0 ph 5
CREW523 297 site mag slotfs 5 merged 5 won 0 n 69 of 882
FUND523 297 ammo 4 bank 0 floor 16 need 20 spare 0 sust 0 flip 39 of 200
MAG522 297 ph 5 on 0 near 0 fund 0 fuse 0 ttl 1 ti 16 ammo 4 bar 8 want 22 floor 16 bind 0 nbind 0 nnear 0
CREW523 297 site budget slotfs 5 merged 5 won 0 n 69 of 883
CREW523 297 site spawn slotfs 5 merged 5 won 0 n 69 of 884
PH523 297 id 4 body 1 arc 2 orth 2 own 0 merged 0 arcclosed 0 ph 5
PH523 297 id 10 body 2 arc 1 orth 5 own 0 merged 0 arcclosed 0 ph 5
CREW523 298 site mag slotfs 5 merged 5 won 0 n 69 of 885
FUND523 298 ammo 4 bank 0 floor 16 need 20 spare 0 sust 0 flip 39 of 201
MAG522 298 ph 5 on 0 near 0 fund 0 fuse 0 ttl 1 ti 16 ammo 4 bar 8 want 22 floor 16 bind 0 nbind 0 nnear 0
CREW523 298 site budget slotfs 5 merged 5 won 0 n 69 of 886
CREW523 298 site spawn slotfs 5 merged 5 won 0 n 69 of 887
PH523 298 id 4 body 1 arc 2 orth 2 own 0 merged 0 arcclosed 0 ph 5
PH523 298 id 10 body 2 arc 1 orth 5 own 0 merged 0 arcclosed 0 ph 5
CREW523 299 site mag slotfs 5 merged 5 won 0 n 69 of 888
FUND523 299 ammo 4 bank 0 floor 16 need 20 spare 0 sust 0 flip 39 of 202
MAG522 299 ph 5 on 0 near 0 fund 0 fuse 0 ttl 1 ti 16 ammo 4 bar 8 want 22 floor 16 bind 0 nbind 0 nnear 0
CREW523 299 site budget slotfs 5 merged 5 won 0 n 69 of 889
CREW523 299 site spawn slotfs 5 merged 5 won 0 n 69 of 890
PH523 299 id 4 body 1 arc 2 orth 2 own 0 merged 0 arcclosed 0 ph 5
PH523 299 id 10 body 2 arc 1 orth 5 own 0 merged 0 arcclosed 0 ph 5
CREW523 300 site mag slotfs 5 merged 5 won 0 n 69 of 891
FUND523 300 ammo 4 bank 10 floor 16 need 20 spare 0 sust 0 flip 39 of 203
MAG522 300 ph 5 on 0 near 0 fund 0 fuse 0 ttl 1 ti 26 ammo 4 bar 8 want 22 floor 16 bind 0 nbind 0 nnear 0
CREW523 300 site budget slotfs 5 merged 5 won 0 n 69 of 892
CREW523 300 site spawn slotfs 5 merged 5 won 0 n 69 of 893
PH523 300 id 4 body 1 arc 2 orth 2 own 0 merged 0 arcclosed 0 ph 5
PH523 300 id 10 body 2 arc 1 orth 5 own 0 merged 0 arcclosed 0 ph 5
CREW523 301 site mag slotfs 5 merged 5 won 0 n 69 of 894
FUND523 301 ammo 4 bank 0 floor 16 need 20 spare 0 sust 0 flip 39 of 204
MAG522 301 ph 5 on 0 near 0 fund 0 fuse 0 ttl 1 ti 16 ammo 4 bar 8 want 22 floor 16 bind 0 nbind 0 nnear 0
CREW523 301 site budget slotfs 5 merged 5 won 0 n 69 of 895
CREW523 301 site spawn slotfs 5 merged 5 won 0 n 69 of 896
PH523 301 id 4 body 1 arc 2 orth 2 own 0 merged 0 arcclosed 0 ph 5
PH523 301 id 10 body 2 arc 1 orth 5 own 0 merged 0 arcclosed 0 ph 5
CREW523 302 site mag slotfs 5 merged 5 won 0 n 69 of 897
FUND523 302 ammo 4 bank 0 floor 16 need 20 spare 0 sust 0 flip 39 of 205
MAG522 302 ph 5 on 0 near 0 fund 0 fuse 0 ttl 1 ti 8 ammo 4 bar 8 want 22 floor 16 bind 0 nbind 0 nnear 0
CREW523 302 site budget slotfs 5 merged 5 won 0 n 69 of 898
CREW523 302 site spawn slotfs 5 merged 5 won 0 n 69 of 899
PH523 302 id 4 body 1 arc 2 orth 1 own 0 merged 0 arcclosed 0 ph 5
PH523 302 id 10 body 2 arc 1 orth 5 own 0 merged 0 arcclosed 0 ph 5
CREW523 303 site mag slotfs 5 merged 5 won 0 n 69 of 900
FUND523 303 ammo 4 bank 0 floor 16 need 20 spare 0 sust 0 flip 39 of 206
MAG522 303 ph 5 on 0 near 0 fund 0 fuse 0 ttl 1 ti 8 ammo 4 bar 8 want 22 floor 16 bind 0 nbind 0 nnear 0
CREW523 303 site budget slotfs 5 merged 5 won 0 n 69 of 901
CREW523 303 site spawn slotfs 5 merged 5 won 0 n 69 of 902
PH523 303 id 4 body 1 arc 2 orth 1 own 0 merged 0 arcclosed 0 ph 5
PH523 303 id 10 body 2 arc 1 orth 5 own 0 merged 0 arcclosed 0 ph 5
CREW523 304 site mag slotfs 5 merged 5 won 0 n 69 of 903
FUND523 304 ammo 4 bank 2 floor 16 need 20 spare 0 sust 0 flip 39 of 207
MAG522 304 ph 5 on 0 near 0 fund 0 fuse 0 ttl 1 ti 18 ammo 4 bar 8 want 22 floor 16 bind 0 nbind 0 nnear 0
CREW523 304 site budget slotfs 5 merged 5 won 0 n 69 of 904
CREW523 304 site spawn slotfs 5 merged 5 won 0 n 69 of 905
PH523 304 id 4 body 1 arc 2 orth 1 own 0 merged 0 arcclosed 0 ph 5
PH523 304 id 10 body 2 arc 1 orth 5 own 0 merged 0 arcclosed 0 ph 5
CREW523 305 site mag slotfs 5 merged 5 won 0 n 69 of 906
FUND523 305 ammo 6 bank 0 floor 16 need 20 spare 0 sust 0 flip 39 of 208
MAG522 305 ph 5 on 0 near 0 fund 0 fuse 0 ttl 1 ti 16 ammo 6 bar 8 want 22 floor 16 bind 0 nbind 0 nnear 0
CREW523 305 site budget slotfs 5 merged 5 won 0 n 69 of 907
CREW523 305 site spawn slotfs 5 merged 5 won 0 n 69 of 908
PH523 305 id 4 body 1 arc 2 orth 2 own 0 merged 0 arcclosed 0 ph 5
PH523 305 id 10 body 2 arc 1 orth 5 own 0 merged 0 arcclosed 0 ph 5
CREW523 306 site mag slotfs 5 merged 5 won 0 n 69 of 909
FUND523 306 ammo 6 bank 0 floor 16 need 20 spare 0 sust 0 flip 39 of 209
MAG522 306 ph 5 on 0 near 0 fund 0 fuse 0 ttl 1 ti 16 ammo 6 bar 8 want 22 floor 16 bind 0 nbind 0 nnear 0
CREW523 306 site budget slotfs 5 merged 5 won 0 n 69 of 910
CREW523 306 site spawn slotfs 5 merged 5 won 0 n 69 of 911
PH523 306 id 4 body 1 arc 2 orth 2 own 0 merged 0 arcclosed 0 ph 5
PH523 306 id 10 body 2 arc 1 orth 5 own 0 merged 0 arcclosed 0 ph 5
CREW523 307 site mag slotfs 5 merged 5 won 0 n 69 of 912
FUND523 307 ammo 6 bank 0 floor 16 need 20 spare 0 sust 0 flip 39 of 210
MAG522 307 ph 5 on 0 near 0 fund 0 fuse 0 ttl 1 ti 16 ammo 6 bar 8 want 22 floor 16 bind 0 nbind 0 nnear 0
CREW523 307 site budget slotfs 5 merged 5 won 0 n 69 of 913
CREW523 307 site spawn slotfs 5 merged 5 won 0 n 69 of 914
PH523 307 id 4 body 1 arc 2 orth 2 own 0 merged 0 arcclosed 0 ph 5
PH523 307 id 10 body 2 arc 1 orth 5 own 0 merged 0 arcclosed 0 ph 5
CREW523 308 site mag slotfs 5 merged 5 won 0 n 69 of 915
FUND523 308 ammo 6 bank 10 floor 16 need 20 spare 0 sust 0 flip 39 of 211
MAG522 308 ph 5 on 0 near 0 fund 0 fuse 0 ttl 1 ti 26 ammo 6 bar 8 want 22 floor 16 bind 0 nbind 0 nnear 0
CREW523 308 site budget slotfs 5 merged 5 won 0 n 69 of 916
CREW523 308 site spawn slotfs 5 merged 5 won 0 n 69 of 917
PH523 308 id 4 body 1 arc 2 orth 2 own 0 merged 0 arcclosed 0 ph 5
PH523 308 id 10 body 2 arc 1 orth 5 own 0 merged 0 arcclosed 0 ph 5
CREW523 309 site mag slotfs 5 merged 5 won 0 n 69 of 918
FUND523 309 ammo 6 bank 0 floor 16 need 20 spare 0 sust 0 flip 39 of 212
MAG522 309 ph 5 on 0 near 0 fund 0 fuse 0 ttl 1 ti 8 ammo 6 bar 8 want 22 floor 16 bind 0 nbind 0 nnear 0
CREW523 309 site budget slotfs 5 merged 5 won 0 n 69 of 919
CREW523 309 site spawn slotfs 5 merged 5 won 0 n 69 of 920
PH523 309 id 4 body 1 arc 2 orth 1 own 0 merged 0 arcclosed 0 ph 5
PH523 309 id 10 body 2 arc 1 orth 5 own 0 merged 0 arcclosed 0 ph 5
CREW523 310 site mag slotfs 5 merged 5 won 0 n 69 of 921
FUND523 310 ammo 6 bank 0 floor 16 need 20 spare 0 sust 0 flip 39 of 213
MAG522 310 ph 5 on 0 near 0 fund 0 fuse 0 ttl 1 ti 8 ammo 6 bar 8 want 22 floor 16 bind 0 nbind 0 nnear 0
CREW523 310 site budget slotfs 5 merged 5 won 0 n 69 of 922
CREW523 310 site spawn slotfs 5 merged 5 won 0 n 69 of 923
PH523 310 id 4 body 1 arc 2 orth 1 own 0 merged 0 arcclosed 0 ph 5
PH523 310 id 10 body 2 arc 1 orth 5 own 0 merged 0 arcclosed 0 ph 5
CREW523 311 site mag slotfs 5 merged 5 won 0 n 69 of 924
FUND523 311 ammo 6 bank 0 floor 16 need 20 spare 0 sust 0 flip 39 of 214
MAG522 311 ph 5 on 0 near 0 fund 0 fuse 0 ttl 1 ti 8 ammo 6 bar 8 want 22 floor 16 bind 0 nbind 0 nnear 0
CREW523 311 site budget slotfs 5 merged 5 won 0 n 69 of 925
CREW523 311 site spawn slotfs 5 merged 5 won 0 n 69 of 926
PH523 311 id 4 body 1 arc 2 orth 1 own 0 merged 0 arcclosed 0 ph 5
PH523 311 id 10 body 2 arc 1 orth 5 own 0 merged 0 arcclosed 0 ph 5
CREW523 312 site mag slotfs 5 merged 5 won 0 n 69 of 927
FUND523 312 ammo 6 bank 2 floor 16 need 20 spare 0 sust 0 flip 39 of 215
MAG522 312 ph 5 on 0 near 0 fund 0 fuse 0 ttl 1 ti 18 ammo 6 bar 8 want 22 floor 16 bind 0 nbind 0 nnear 0
CREW523 312 site budget slotfs 5 merged 5 won 0 n 69 of 928
CREW523 312 site spawn slotfs 5 merged 5 won 0 n 69 of 929
PH523 312 id 4 body 1 arc 2 orth 1 own 0 merged 0 arcclosed 0 ph 5
PH523 312 id 10 body 2 arc 1 orth 5 own 0 merged 0 arcclosed 0 ph 5
CREW523 313 site mag slotfs 5 merged 5 won 0 n 69 of 930
FUND523 313 ammo 8 bank 0 floor 16 need 20 spare 0 sust 0 flip 39 of 216
MAG522 313 ph 5 on 0 near 0 fund 0 fuse 0 ttl 1 ti 16 ammo 8 bar 8 want 22 floor 16 bind 0 nbind 0 nnear 0
CREW523 313 site budget slotfs 5 merged 5 won 0 n 69 of 931
CREW523 313 site spawn slotfs 5 merged 5 won 0 n 69 of 932
PH523 313 id 4 body 1 arc 2 orth 2 own 0 merged 0 arcclosed 0 ph 5
PH523 313 id 10 body 2 arc 1 orth 5 own 0 merged 0 arcclosed 0 ph 5
CREW523 314 site mag slotfs 5 merged 5 won 0 n 69 of 933
FUND523 314 ammo 8 bank 0 floor 16 need 20 spare 0 sust 0 flip 39 of 217
MAG522 314 ph 5 on 0 near 0 fund 0 fuse 0 ttl 1 ti 16 ammo 8 bar 8 want 22 floor 16 bind 0 nbind 0 nnear 0
CREW523 314 site budget slotfs 5 merged 5 won 0 n 69 of 934
CREW523 314 site spawn slotfs 5 merged 5 won 0 n 69 of 935
PH523 314 id 4 body 1 arc 2 orth 2 own 0 merged 0 arcclosed 0 ph 5
PH523 314 id 10 body 2 arc 1 orth 5 own 0 merged 0 arcclosed 0 ph 5
CREW523 315 site mag slotfs 5 merged 5 won 0 n 69 of 936
FUND523 315 ammo 8 bank 0 floor 16 need 20 spare 0 sust 0 flip 39 of 218
MAG522 315 ph 5 on 0 near 0 fund 0 fuse 0 ttl 1 ti 16 ammo 8 bar 8 want 22 floor 16 bind 0 nbind 0 nnear 0
CREW523 315 site budget slotfs 5 merged 5 won 0 n 69 of 937
CREW523 315 site spawn slotfs 5 merged 5 won 0 n 69 of 938
PH523 315 id 4 body 1 arc 2 orth 2 own 0 merged 0 arcclosed 0 ph 5
PH523 315 id 10 body 2 arc 1 orth 5 own 0 merged 0 arcclosed 0 ph 5
CREW523 316 site mag slotfs 5 merged 5 won 0 n 69 of 939
FUND523 316 ammo 8 bank 10 floor 16 need 20 spare 0 sust 0 flip 39 of 219
MAG522 316 ph 5 on 0 near 0 fund 0 fuse 0 ttl 1 ti 26 ammo 8 bar 8 want 22 floor 16 bind 0 nbind 0 nnear 0
CREW523 316 site budget slotfs 5 merged 5 won 0 n 69 of 940
CREW523 316 site spawn slotfs 5 merged 5 won 0 n 69 of 941
PH523 316 id 4 body 1 arc 2 orth 2 own 0 merged 0 arcclosed 0 ph 5
PH523 316 id 10 body 2 arc 1 orth 5 own 0 merged 0 arcclosed 0 ph 5
CREW523 317 site mag slotfs 5 merged 5 won 0 n 69 of 942
FUND523 317 ammo 8 bank 0 floor 16 need 20 spare 0 sust 0 flip 39 of 220
MAG522 317 ph 5 on 0 near 0 fund 0 fuse 0 ttl 1 ti 16 ammo 8 bar 8 want 22 floor 16 bind 0 nbind 0 nnear 0
CREW523 317 site budget slotfs 5 merged 5 won 0 n 69 of 943
CREW523 317 site spawn slotfs 5 merged 5 won 0 n 69 of 944
PH523 317 id 4 body 1 arc 2 orth 2 own 0 merged 0 arcclosed 0 ph 5
PH523 317 id 10 body 2 arc 1 orth 5 own 0 merged 0 arcclosed 0 ph 5
CREW523 318 site mag slotfs 5 merged 5 won 0 n 69 of 945
FUND523 318 ammo 8 bank 0 floor 16 need 20 spare 0 sust 0 flip 39 of 221
MAG522 318 ph 5 on 0 near 0 fund 0 fuse 0 ttl 1 ti 8 ammo 8 bar 8 want 22 floor 16 bind 0 nbind 0 nnear 0
CREW523 318 site budget slotfs 5 merged 5 won 0 n 69 of 946
CREW523 318 site spawn slotfs 5 merged 5 won 0 n 69 of 947
PH523 318 id 4 body 1 arc 2 orth 1 own 0 merged 0 arcclosed 0 ph 5
PH523 318 id 10 body 2 arc 1 orth 5 own 0 merged 0 arcclosed 0 ph 5
CREW523 319 site mag slotfs 5 merged 5 won 0 n 69 of 948
FUND523 319 ammo 8 bank 0 floor 16 need 20 spare 0 sust 0 flip 39 of 222
MAG522 319 ph 5 on 0 near 0 fund 0 fuse 0 ttl 1 ti 8 ammo 8 bar 8 want 22 floor 16 bind 0 nbind 0 nnear 0
CREW523 319 site budget slotfs 5 merged 5 won 0 n 69 of 949
CREW523 319 site spawn slotfs 5 merged 5 won 0 n 69 of 950
PH523 319 id 4 body 1 arc 2 orth 1 own 0 merged 0 arcclosed 0 ph 5
PH523 319 id 10 body 2 arc 1 orth 5 own 0 merged 0 arcclosed 0 ph 5
CREW523 320 site mag slotfs 5 merged 5 won 0 n 69 of 951
FUND523 320 ammo 8 bank 2 floor 16 need 20 spare 0 sust 0 flip 39 of 223
MAG522 320 ph 5 on 0 near 0 fund 0 fuse 0 ttl 1 ti 18 ammo 8 bar 8 want 22 floor 16 bind 0 nbind 0 nnear 0
CREW523 320 site budget slotfs 5 merged 5 won 0 n 69 of 952
CREW523 320 site spawn slotfs 5 merged 5 won 0 n 69 of 953
PH523 320 id 4 body 1 arc 2 orth 1 own 0 merged 0 arcclosed 0 ph 5
PH523 320 id 10 body 2 arc 1 orth 5 own 0 merged 0 arcclosed 0 ph 5
CREW523 321 site mag slotfs 5 merged 5 won 0 n 69 of 954
FUND523 321 ammo 0 bank 0 floor 16 need 20 spare 0 sust 0 flip 39 of 224
MAG522 321 ph 5 on 0 near 0 fund 0 fuse 0 ttl 1 ti 16 ammo 0 bar 8 want 22 floor 16 bind 0 nbind 0 nnear 0
CREW523 321 site budget slotfs 5 merged 5 won 0 n 69 of 955
CREW523 321 site spawn slotfs 5 merged 5 won 0 n 69 of 956
PH523 321 id 4 body 1 arc 2 orth 2 own 0 merged 0 arcclosed 0 ph 5
PH523 321 id 10 body 2 arc 1 orth 5 own 0 merged 0 arcclosed 0 ph 5
CREW523 322 site mag slotfs 5 merged 5 won 0 n 69 of 957
FUND523 322 ammo 0 bank 0 floor 16 need 20 spare 0 sust 0 flip 39 of 225
MAG522 322 ph 5 on 0 near 0 fund 0 fuse 0 ttl 1 ti 16 ammo 0 bar 8 want 22 floor 16 bind 0 nbind 0 nnear 0
CREW523 322 site budget slotfs 5 merged 5 won 0 n 69 of 958
CREW523 322 site spawn slotfs 5 merged 5 won 0 n 69 of 959
PH523 322 id 4 body 1 arc 2 orth 2 own 0 merged 0 arcclosed 0 ph 5
PH523 322 id 10 body 2 arc 1 orth 5 own 0 merged 0 arcclosed 0 ph 5
CREW523 323 site mag slotfs 5 merged 5 won 0 n 69 of 960
FUND523 323 ammo 0 bank 0 floor 16 need 20 spare 0 sust 0 flip 39 of 226
MAG522 323 ph 5 on 0 near 0 fund 0 fuse 0 ttl 1 ti 16 ammo 0 bar 8 want 22 floor 16 bind 0 nbind 0 nnear 0
CREW523 323 site budget slotfs 5 merged 5 won 0 n 69 of 961
CREW523 323 site spawn slotfs 5 merged 5 won 0 n 69 of 962
PH523 323 id 4 body 1 arc 2 orth 2 own 0 merged 0 arcclosed 0 ph 5
PH523 323 id 10 body 2 arc 1 orth 5 own 0 merged 0 arcclosed 0 ph 5
CREW523 324 site mag slotfs 5 merged 5 won 0 n 69 of 963
FUND523 324 ammo 0 bank 10 floor 16 need 20 spare 0 sust 0 flip 39 of 227
MAG522 324 ph 5 on 0 near 0 fund 0 fuse 0 ttl 1 ti 26 ammo 0 bar 8 want 22 floor 16 bind 0 nbind 0 nnear 0
CREW523 324 site budget slotfs 5 merged 5 won 0 n 69 of 964
CREW523 324 site spawn slotfs 5 merged 5 won 0 n 69 of 965
PH523 324 id 4 body 1 arc 2 orth 2 own 0 merged 0 arcclosed 0 ph 5
PH523 324 id 10 body 2 arc 1 orth 5 own 0 merged 0 arcclosed 0 ph 5
CREW523 325 site mag slotfs 5 merged 5 won 0 n 69 of 966
FUND523 325 ammo 0 bank 0 floor 16 need 20 spare 0 sust 0 flip 39 of 228
MAG522 325 ph 5 on 0 near 0 fund 0 fuse 0 ttl 1 ti 8 ammo 0 bar 8 want 22 floor 16 bind 0 nbind 0 nnear 0
CREW523 325 site budget slotfs 5 merged 5 won 0 n 69 of 967
CREW523 325 site spawn slotfs 5 merged 5 won 0 n 69 of 968
PH523 325 id 4 body 1 arc 2 orth 1 own 0 merged 0 arcclosed 0 ph 5
PH523 325 id 10 body 2 arc 1 orth 5 own 0 merged 0 arcclosed 0 ph 5
CREW523 326 site mag slotfs 5 merged 5 won 0 n 69 of 969
FUND523 326 ammo 0 bank 0 floor 16 need 20 spare 0 sust 0 flip 39 of 229
MAG522 326 ph 5 on 0 near 0 fund 0 fuse 0 ttl 1 ti 8 ammo 0 bar 8 want 22 floor 16 bind 0 nbind 0 nnear 0
CREW523 326 site budget slotfs 5 merged 5 won 0 n 69 of 970
CREW523 326 site spawn slotfs 5 merged 5 won 0 n 69 of 971
PH523 326 id 4 body 1 arc 2 orth 1 own 0 merged 0 arcclosed 0 ph 5
PH523 326 id 10 body 2 arc 1 orth 5 own 0 merged 0 arcclosed 0 ph 5
CREW523 327 site mag slotfs 5 merged 5 won 0 n 69 of 972
FUND523 327 ammo 0 bank 0 floor 16 need 20 spare 0 sust 0 flip 39 of 230
MAG522 327 ph 5 on 0 near 0 fund 0 fuse 0 ttl 1 ti 8 ammo 0 bar 8 want 22 floor 16 bind 0 nbind 0 nnear 0
CREW523 327 site budget slotfs 5 merged 5 won 0 n 69 of 973
CREW523 327 site spawn slotfs 5 merged 5 won 0 n 69 of 974
PH523 327 id 4 body 1 arc 2 orth 1 own 0 merged 0 arcclosed 0 ph 5
PH523 327 id 10 body 2 arc 1 orth 5 own 0 merged 0 arcclosed 0 ph 5
CREW523 328 site mag slotfs 5 merged 5 won 0 n 69 of 975
FUND523 328 ammo 0 bank 2 floor 16 need 20 spare 0 sust 0 flip 39 of 231
MAG522 328 ph 5 on 0 near 0 fund 0 fuse 0 ttl 1 ti 18 ammo 0 bar 8 want 22 floor 16 bind 0 nbind 0 nnear 0
CREW523 328 site budget slotfs 5 merged 5 won 0 n 69 of 976
CREW523 328 site spawn slotfs 5 merged 5 won 0 n 69 of 977
PH523 328 id 4 body 1 arc 2 orth 1 own 0 merged 0 arcclosed 0 ph 5
PH523 328 id 10 body 2 arc 1 orth 5 own 0 merged 0 arcclosed 0 ph 5
CREW523 329 site mag slotfs 5 merged 5 won 0 n 69 of 978
FUND523 329 ammo 2 bank 0 floor 16 need 20 spare 0 sust 0 flip 39 of 232
MAG522 329 ph 5 on 0 near 0 fund 0 fuse 0 ttl 1 ti 16 ammo 2 bar 8 want 22 floor 16 bind 0 nbind 0 nnear 0
CREW523 329 site budget slotfs 5 merged 5 won 0 n 69 of 979
CREW523 329 site spawn slotfs 5 merged 5 won 0 n 69 of 980
PH523 329 id 4 body 1 arc 2 orth 2 own 0 merged 0 arcclosed 0 ph 5
PH523 329 id 10 body 2 arc 1 orth 5 own 0 merged 0 arcclosed 0 ph 5
CREW523 330 site mag slotfs 5 merged 5 won 0 n 69 of 981
FUND523 330 ammo 2 bank 0 floor 16 need 20 spare 0 sust 0 flip 39 of 233
MAG522 330 ph 5 on 0 near 0 fund 0 fuse 0 ttl 1 ti 16 ammo 2 bar 8 want 22 floor 16 bind 0 nbind 0 nnear 0
CREW523 330 site budget slotfs 5 merged 5 won 0 n 69 of 982
CREW523 330 site spawn slotfs 5 merged 5 won 0 n 69 of 983
PH523 330 id 4 body 1 arc 2 orth 2 own 0 merged 0 arcclosed 0 ph 5
PH523 330 id 10 body 2 arc 1 orth 5 own 0 merged 0 arcclosed 0 ph 5
CREW523 331 site mag slotfs 5 merged 5 won 0 n 69 of 984
FUND523 331 ammo 2 bank 0 floor 16 need 20 spare 0 sust 0 flip 39 of 234
MAG522 331 ph 5 on 0 near 0 fund 0 fuse 0 ttl 1 ti 16 ammo 2 bar 8 want 22 floor 16 bind 0 nbind 0 nnear 0
CREW523 331 site budget slotfs 5 merged 5 won 0 n 69 of 985
CREW523 331 site spawn slotfs 5 merged 5 won 0 n 69 of 986
PH523 331 id 4 body 1 arc 2 orth 2 own 0 merged 0 arcclosed 0 ph 5
PH523 331 id 10 body 2 arc 1 orth 5 own 0 merged 0 arcclosed 0 ph 5
CREW523 332 site mag slotfs 5 merged 5 won 0 n 69 of 987
FUND523 332 ammo 2 bank 10 floor 16 need 20 spare 0 sust 0 flip 39 of 235
MAG522 332 ph 5 on 0 near 0 fund 0 fuse 0 ttl 1 ti 26 ammo 2 bar 8 want 22 floor 16 bind 0 nbind 0 nnear 0
CREW523 332 site budget slotfs 5 merged 5 won 0 n 69 of 988
CREW523 332 site spawn slotfs 5 merged 5 won 0 n 69 of 989
PH523 332 id 4 body 1 arc 2 orth 2 own 0 merged 0 arcclosed 0 ph 5
PH523 332 id 10 body 2 arc 1 orth 5 own 0 merged 0 arcclosed 0 ph 5
CREW523 333 site mag slotfs 5 merged 5 won 0 n 69 of 990
FUND523 333 ammo 2 bank 0 floor 16 need 20 spare 0 sust 0 flip 39 of 236
MAG522 333 ph 5 on 0 near 0 fund 0 fuse 0 ttl 1 ti 16 ammo 2 bar 8 want 22 floor 16 bind 0 nbind 0 nnear 0
CREW523 333 site budget slotfs 5 merged 5 won 0 n 69 of 991
CREW523 333 site spawn slotfs 5 merged 5 won 0 n 69 of 992
PH523 333 id 4 body 1 arc 2 orth 2 own 0 merged 0 arcclosed 0 ph 5
PH523 333 id 10 body 2 arc 1 orth 5 own 0 merged 0 arcclosed 0 ph 5
CREW523 334 site mag slotfs 5 merged 5 won 0 n 69 of 993
FUND523 334 ammo 2 bank 0 floor 16 need 20 spare 0 sust 0 flip 39 of 237
MAG522 334 ph 5 on 0 near 0 fund 0 fuse 0 ttl 1 ti 8 ammo 2 bar 8 want 22 floor 16 bind 0 nbind 0 nnear 0
CREW523 334 site budget slotfs 5 merged 5 won 0 n 69 of 994
CREW523 334 site spawn slotfs 5 merged 5 won 0 n 69 of 995
PH523 334 id 4 body 1 arc 2 orth 1 own 0 merged 0 arcclosed 0 ph 5
PH523 334 id 10 body 2 arc 1 orth 5 own 0 merged 0 arcclosed 0 ph 5
CREW523 335 site mag slotfs 5 merged 5 won 0 n 69 of 996
FUND523 335 ammo 2 bank 0 floor 16 need 20 spare 0 sust 0 flip 39 of 238
MAG522 335 ph 5 on 0 near 0 fund 0 fuse 0 ttl 1 ti 8 ammo 2 bar 8 want 22 floor 16 bind 0 nbind 0 nnear 0
CREW523 335 site budget slotfs 5 merged 5 won 0 n 69 of 997
CREW523 335 site spawn slotfs 5 merged 5 won 0 n 69 of 998
PH523 335 id 4 body 1 arc 2 orth 1 own 0 merged 0 arcclosed 0 ph 5
PH523 335 id 10 body 2 arc 1 orth 5 own 0 merged 0 arcclosed 0 ph 5
CREW523 336 site mag slotfs 5 merged 5 won 0 n 69 of 999
FUND523 336 ammo 2 bank 2 floor 16 need 20 spare 0 sust 0 flip 39 of 239
MAG522 336 ph 5 on 0 near 0 fund 0 fuse 0 ttl 1 ti 18 ammo 2 bar 8 want 22 floor 16 bind 0 nbind 0 nnear 0
CREW523 336 site budget slotfs 5 merged 5 won 0 n 69 of 1000
CREW523 336 site spawn slotfs 5 merged 5 won 0 n 69 of 1001
PH523 336 id 4 body 1 arc 2 orth 1 own 0 merged 0 arcclosed 0 ph 5
PH523 336 id 10 body 2 arc 1 orth 5 own 0 merged 0 arcclosed 0 ph 5
CREW523 337 site mag slotfs 5 merged 5 won 0 n 69 of 1002
FUND523 337 ammo 4 bank 0 floor 16 need 20 spare 0 sust 0 flip 39 of 240
MAG522 337 ph 5 on 0 near 0 fund 0 fuse 0 ttl 1 ti 16 ammo 4 bar 8 want 22 floor 16 bind 0 nbind 0 nnear 0
CREW523 337 site budget slotfs 5 merged 5 won 0 n 69 of 1003
CREW523 337 site spawn slotfs 5 merged 5 won 0 n 69 of 1004
PH523 337 id 4 body 1 arc 2 orth 2 own 0 merged 0 arcclosed 0 ph 5
PH523 337 id 10 body 2 arc 1 orth 5 own 0 merged 0 arcclosed 0 ph 5
CREW523 338 site mag slotfs 5 merged 5 won 0 n 69 of 1005
FUND523 338 ammo 4 bank 0 floor 16 need 20 spare 0 sust 0 flip 39 of 241
MAG522 338 ph 5 on 0 near 0 fund 0 fuse 0 ttl 1 ti 16 ammo 4 bar 8 want 22 floor 16 bind 0 nbind 0 nnear 0
CREW523 338 site budget slotfs 5 merged 5 won 0 n 69 of 1006
CREW523 338 site spawn slotfs 5 merged 5 won 0 n 69 of 1007
PH523 338 id 4 body 1 arc 2 orth 2 own 0 merged 0 arcclosed 0 ph 5
PH523 338 id 10 body 2 arc 1 orth 5 own 0 merged 0 arcclosed 0 ph 5
CREW523 339 site mag slotfs 5 merged 5 won 0 n 69 of 1008
FUND523 339 ammo 4 bank 0 floor 16 need 20 spare 0 sust 0 flip 39 of 242
MAG522 339 ph 5 on 0 near 0 fund 0 fuse 0 ttl 1 ti 16 ammo 4 bar 8 want 22 floor 16 bind 0 nbind 0 nnear 0
CREW523 339 site budget slotfs 5 merged 5 won 0 n 69 of 1009
CREW523 339 site spawn slotfs 5 merged 5 won 0 n 69 of 1010
PH523 339 id 4 body 1 arc 2 orth 2 own 0 merged 0 arcclosed 0 ph 5
PH523 339 id 10 body 2 arc 1 orth 5 own 0 merged 0 arcclosed 0 ph 5
CREW523 340 site mag slotfs 5 merged 5 won 0 n 69 of 1011
FUND523 340 ammo 4 bank 10 floor 16 need 20 spare 0 sust 0 flip 39 of 243
MAG522 340 ph 5 on 0 near 0 fund 0 fuse 0 ttl 1 ti 26 ammo 4 bar 8 want 22 floor 16 bind 0 nbind 0 nnear 0
CREW523 340 site budget slotfs 5 merged 5 won 0 n 69 of 1012
CREW523 340 site spawn slotfs 5 merged 5 won 0 n 69 of 1013
PH523 340 id 4 body 1 arc 2 orth 2 own 0 merged 0 arcclosed 0 ph 5
PH523 340 id 10 body 2 arc 1 orth 5 own 0 merged 0 arcclosed 0 ph 5
CREW523 341 site mag slotfs 5 merged 5 won 0 n 69 of 1014
FUND523 341 ammo 4 bank 0 floor 16 need 20 spare 0 sust 0 flip 39 of 244
MAG522 341 ph 5 on 0 near 0 fund 0 fuse 0 ttl 1 ti 8 ammo 4 bar 8 want 22 floor 16 bind 0 nbind 0 nnear 0
CREW523 341 site budget slotfs 5 merged 5 won 0 n 69 of 1015
CREW523 341 site spawn slotfs 5 merged 5 won 0 n 69 of 1016
PH523 341 id 4 body 1 arc 2 orth 1 own 0 merged 0 arcclosed 0 ph 5
PH523 341 id 10 body 2 arc 1 orth 5 own 0 merged 0 arcclosed 0 ph 5
CREW523 342 site mag slotfs 5 merged 5 won 0 n 69 of 1017
FUND523 342 ammo 4 bank 0 floor 16 need 20 spare 0 sust 0 flip 39 of 245
MAG522 342 ph 5 on 0 near 0 fund 0 fuse 0 ttl 1 ti 8 ammo 4 bar 8 want 22 floor 16 bind 0 nbind 0 nnear 0
CREW523 342 site budget slotfs 5 merged 5 won 0 n 69 of 1018
CREW523 342 site spawn slotfs 5 merged 5 won 0 n 69 of 1019
PH523 342 id 4 body 1 arc 2 orth 1 own 0 merged 0 arcclosed 0 ph 5
PH523 342 id 10 body 2 arc 1 orth 5 own 0 merged 0 arcclosed 0 ph 5
CREW523 343 site mag slotfs 5 merged 5 won 0 n 69 of 1020
FUND523 343 ammo 4 bank 0 floor 16 need 20 spare 0 sust 0 flip 39 of 246
MAG522 343 ph 5 on 0 near 0 fund 0 fuse 0 ttl 1 ti 8 ammo 4 bar 8 want 22 floor 16 bind 0 nbind 0 nnear 0
CREW523 343 site budget slotfs 5 merged 5 won 0 n 69 of 1021
CREW523 343 site spawn slotfs 5 merged 5 won 0 n 69 of 1022
PH523 343 id 4 body 1 arc 2 orth 1 own 0 merged 0 arcclosed 0 ph 5
PH523 343 id 10 body 2 arc 1 orth 5 own 0 merged 0 arcclosed 0 ph 5
CREW523 344 site mag slotfs 5 merged 5 won 0 n 69 of 1023
FUND523 344 ammo 4 bank 2 floor 16 need 20 spare 0 sust 0 flip 39 of 247
MAG522 344 ph 5 on 0 near 0 fund 0 fuse 0 ttl 1 ti 18 ammo 4 bar 8 want 22 floor 16 bind 0 nbind 0 nnear 0
CREW523 344 site budget slotfs 5 merged 5 won 0 n 69 of 1024
CREW523 344 site spawn slotfs 5 merged 5 won 0 n 69 of 1025
PH523 344 id 4 body 1 arc 2 orth 1 own 0 merged 0 arcclosed 0 ph 5
PH523 344 id 10 body 2 arc 1 orth 5 own 0 merged 0 arcclosed 0 ph 5
CREW523 345 site mag slotfs 5 merged 5 won 0 n 69 of 1026
FUND523 345 ammo 6 bank 0 floor 16 need 20 spare 0 sust 0 flip 39 of 248
MAG522 345 ph 5 on 0 near 0 fund 0 fuse 0 ttl 1 ti 16 ammo 6 bar 8 want 22 floor 16 bind 0 nbind 0 nnear 0
CREW523 345 site budget slotfs 5 merged 5 won 0 n 69 of 1027
CREW523 345 site spawn slotfs 5 merged 5 won 0 n 69 of 1028
PH523 345 id 4 body 1 arc 2 orth 2 own 0 merged 0 arcclosed 0 ph 5
PH523 345 id 10 body 2 arc 1 orth 5 own 0 merged 0 arcclosed 0 ph 5
CREW523 346 site mag slotfs 5 merged 5 won 0 n 69 of 1029
FUND523 346 ammo 6 bank 0 floor 16 need 20 spare 0 sust 0 flip 39 of 249
MAG522 346 ph 5 on 0 near 0 fund 0 fuse 0 ttl 1 ti 16 ammo 6 bar 8 want 22 floor 16 bind 0 nbind 0 nnear 0
CREW523 346 site budget slotfs 5 merged 5 won 0 n 69 of 1030
CREW523 346 site spawn slotfs 5 merged 5 won 0 n 69 of 1031
PH523 346 id 4 body 1 arc 2 orth 2 own 0 merged 0 arcclosed 0 ph 5
PH523 346 id 10 body 2 arc 1 orth 5 own 0 merged 0 arcclosed 0 ph 5
CREW523 347 site mag slotfs 5 merged 5 won 0 n 69 of 1032
FUND523 347 ammo 6 bank 0 floor 16 need 20 spare 0 sust 0 flip 39 of 250
MAG522 347 ph 5 on 0 near 0 fund 0 fuse 0 ttl 1 ti 16 ammo 6 bar 8 want 22 floor 16 bind 0 nbind 0 nnear 0
CREW523 347 site budget slotfs 5 merged 5 won 0 n 69 of 1033
CREW523 347 site spawn slotfs 5 merged 5 won 0 n 69 of 1034
PH523 347 id 4 body 1 arc 2 orth 2 own 0 merged 0 arcclosed 0 ph 5
PH523 347 id 10 body 2 arc 1 orth 5 own 0 merged 0 arcclosed 0 ph 5
CREW523 348 site mag slotfs 5 merged 5 won 0 n 69 of 1035
FUND523 348 ammo 6 bank 10 floor 16 need 20 spare 0 sust 0 flip 39 of 251
MAG522 348 ph 5 on 0 near 0 fund 0 fuse 0 ttl 1 ti 26 ammo 6 bar 8 want 22 floor 16 bind 0 nbind 0 nnear 0
CREW523 348 site budget slotfs 5 merged 5 won 0 n 69 of 1036
CREW523 348 site spawn slotfs 5 merged 5 won 0 n 69 of 1037
PH523 348 id 4 body 1 arc 2 orth 2 own 0 merged 0 arcclosed 0 ph 5
PH523 348 id 10 body 2 arc 1 orth 5 own 0 merged 0 arcclosed 0 ph 5
CREW523 349 site mag slotfs 5 merged 5 won 0 n 69 of 1038
FUND523 349 ammo 6 bank 0 floor 16 need 20 spare 0 sust 0 flip 39 of 252
MAG522 349 ph 5 on 0 near 0 fund 0 fuse 0 ttl 1 ti 16 ammo 6 bar 8 want 22 floor 16 bind 0 nbind 0 nnear 0
CREW523 349 site budget slotfs 5 merged 5 won 0 n 69 of 1039
CREW523 349 site spawn slotfs 5 merged 5 won 0 n 69 of 1040
PH523 349 id 4 body 1 arc 2 orth 2 own 0 merged 0 arcclosed 0 ph 5
PH523 349 id 10 body 2 arc 1 orth 5 own 0 merged 0 arcclosed 0 ph 5
CREW523 350 site mag slotfs 5 merged 5 won 0 n 69 of 1041
FUND523 350 ammo 6 bank 0 floor 16 need 20 spare 0 sust 0 flip 39 of 253
MAG522 350 ph 5 on 0 near 0 fund 0 fuse 0 ttl 1 ti 8 ammo 6 bar 8 want 22 floor 16 bind 0 nbind 0 nnear 0
CREW523 350 site budget slotfs 5 merged 5 won 0 n 69 of 1042
CREW523 350 site spawn slotfs 5 merged 5 won 0 n 69 of 1043
PH523 350 id 4 body 1 arc 2 orth 1 own 0 merged 0 arcclosed 0 ph 5
PH523 350 id 10 body 2 arc 1 orth 5 own 0 merged 0 arcclosed 0 ph 5
CREW523 351 site mag slotfs 5 merged 5 won 0 n 69 of 1044
FUND523 351 ammo 6 bank 0 floor 16 need 20 spare 0 sust 0 flip 39 of 254
MAG522 351 ph 5 on 0 near 0 fund 0 fuse 0 ttl 1 ti 8 ammo 6 bar 8 want 22 floor 16 bind 0 nbind 0 nnear 0
CREW523 351 site budget slotfs 5 merged 5 won 0 n 69 of 1045
CREW523 351 site spawn slotfs 5 merged 5 won 0 n 69 of 1046
PH523 351 id 4 body 1 arc 2 orth 1 own 0 merged 0 arcclosed 0 ph 5
PH523 351 id 10 body 2 arc 1 orth 5 own 0 merged 0 arcclosed 0 ph 5
CREW523 352 site mag slotfs 5 merged 5 won 0 n 69 of 1047
FUND523 352 ammo 6 bank 2 floor 16 need 20 spare 0 sust 0 flip 39 of 255
MAG522 352 ph 5 on 0 near 0 fund 0 fuse 0 ttl 1 ti 18 ammo 6 bar 8 want 22 floor 16 bind 0 nbind 0 nnear 0
CREW523 352 site budget slotfs 5 merged 5 won 0 n 69 of 1048
CREW523 352 site spawn slotfs 5 merged 5 won 0 n 69 of 1049
PH523 352 id 4 body 1 arc 2 orth 1 own 0 merged 0 arcclosed 0 ph 5
PH523 352 id 10 body 2 arc 1 orth 5 own 0 merged 0 arcclosed 0 ph 5
CREW523 353 site mag slotfs 5 merged 5 won 0 n 69 of 1050
FUND523 353 ammo 8 bank 0 floor 16 need 20 spare 0 sust 0 flip 39 of 256
MAG522 353 ph 5 on 0 near 0 fund 0 fuse 0 ttl 1 ti 16 ammo 8 bar 8 want 22 floor 16 bind 0 nbind 0 nnear 0
CREW523 353 site budget slotfs 5 merged 5 won 0 n 69 of 1051
CREW523 353 site spawn slotfs 5 merged 5 won 0 n 69 of 1052
PH523 353 id 4 body 1 arc 2 orth 2 own 0 merged 0 arcclosed 0 ph 5
PH523 353 id 10 body 2 arc 1 orth 5 own 0 merged 0 arcclosed 0 ph 5
CREW523 354 site mag slotfs 5 merged 5 won 0 n 69 of 1053
FUND523 354 ammo 8 bank 0 floor 16 need 20 spare 0 sust 0 flip 39 of 257
MAG522 354 ph 5 on 0 near 0 fund 0 fuse 0 ttl 1 ti 16 ammo 8 bar 8 want 22 floor 16 bind 0 nbind 0 nnear 0
CREW523 354 site budget slotfs 5 merged 5 won 0 n 69 of 1054
CREW523 354 site spawn slotfs 5 merged 5 won 0 n 69 of 1055
PH523 354 id 4 body 1 arc 2 orth 2 own 0 merged 0 arcclosed 0 ph 5
PH523 354 id 10 body 2 arc 1 orth 5 own 0 merged 0 arcclosed 0 ph 5
CREW523 355 site mag slotfs 5 merged 5 won 0 n 69 of 1056
FUND523 355 ammo 8 bank 0 floor 16 need 20 spare 0 sust 0 flip 39 of 258
MAG522 355 ph 5 on 0 near 0 fund 0 fuse 0 ttl 1 ti 16 ammo 8 bar 8 want 22 floor 16 bind 0 nbind 0 nnear 0
CREW523 355 site budget slotfs 5 merged 5 won 0 n 69 of 1057
CREW523 355 site spawn slotfs 5 merged 5 won 0 n 69 of 1058
PH523 355 id 4 body 1 arc 2 orth 2 own 0 merged 0 arcclosed 0 ph 5
PH523 355 id 10 body 2 arc 1 orth 5 own 0 merged 0 arcclosed 0 ph 5
CREW523 356 site mag slotfs 5 merged 5 won 0 n 69 of 1059
FUND523 356 ammo 8 bank 10 floor 16 need 20 spare 0 sust 0 flip 39 of 259
MAG522 356 ph 5 on 0 near 0 fund 0 fuse 0 ttl 1 ti 26 ammo 8 bar 8 want 22 floor 16 bind 0 nbind 0 nnear 0
CREW523 356 site budget slotfs 5 merged 5 won 0 n 69 of 1060
CREW523 356 site spawn slotfs 5 merged 5 won 0 n 69 of 1061
PH523 356 id 4 body 1 arc 2 orth 2 own 0 merged 0 arcclosed 0 ph 5
PH523 356 id 10 body 2 arc 1 orth 5 own 0 merged 0 arcclosed 0 ph 5
CREW523 357 site mag slotfs 5 merged 5 won 0 n 69 of 1062
FUND523 357 ammo 8 bank 0 floor 16 need 20 spare 0 sust 0 flip 39 of 260
MAG522 357 ph 5 on 0 near 0 fund 0 fuse 0 ttl 1 ti 8 ammo 8 bar 8 want 22 floor 16 bind 0 nbind 0 nnear 0
CREW523 357 site budget slotfs 5 merged 5 won 0 n 69 of 1063
CREW523 357 site spawn slotfs 5 merged 5 won 0 n 69 of 1064
PH523 357 id 4 body 1 arc 2 orth 1 own 0 merged 0 arcclosed 0 ph 5
PH523 357 id 10 body 2 arc 1 orth 5 own 0 merged 0 arcclosed 0 ph 5
CREW523 358 site mag slotfs 5 merged 5 won 0 n 69 of 1065
FUND523 358 ammo 8 bank 0 floor 16 need 20 spare 0 sust 0 flip 39 of 261
MAG522 358 ph 5 on 0 near 0 fund 0 fuse 0 ttl 1 ti 8 ammo 8 bar 8 want 22 floor 16 bind 0 nbind 0 nnear 0
CREW523 358 site budget slotfs 5 merged 5 won 0 n 69 of 1066
CREW523 358 site spawn slotfs 5 merged 5 won 0 n 69 of 1067
PH523 358 id 4 body 1 arc 2 orth 1 own 0 merged 0 arcclosed 0 ph 5
PH523 358 id 10 body 2 arc 1 orth 5 own 0 merged 0 arcclosed 0 ph 5
CREW523 359 site mag slotfs 5 merged 5 won 0 n 69 of 1068
FUND523 359 ammo 8 bank 0 floor 16 need 20 spare 0 sust 0 flip 39 of 262
MAG522 359 ph 5 on 0 near 0 fund 0 fuse 0 ttl 1 ti 8 ammo 8 bar 8 want 22 floor 16 bind 0 nbind 0 nnear 0
CREW523 359 site budget slotfs 5 merged 5 won 0 n 69 of 1069
CREW523 359 site spawn slotfs 5 merged 5 won 0 n 69 of 1070
PH523 359 id 4 body 1 arc 2 orth 1 own 0 merged 0 arcclosed 0 ph 5
PH523 359 id 10 body 2 arc 1 orth 5 own 0 merged 0 arcclosed 0 ph 5
CREW523 360 site mag slotfs 5 merged 5 won 0 n 69 of 1071
FUND523 360 ammo 8 bank 2 floor 16 need 20 spare 0 sust 0 flip 39 of 263
MAG522 360 ph 5 on 0 near 0 fund 0 fuse 0 ttl 1 ti 18 ammo 8 bar 8 want 22 floor 16 bind 0 nbind 0 nnear 0
CREW523 360 site budget slotfs 5 merged 5 won 0 n 69 of 1072
CREW523 360 site spawn slotfs 5 merged 5 won 0 n 69 of 1073
PH523 360 id 4 body 1 arc 2 orth 1 own 0 merged 0 arcclosed 0 ph 5
PH523 360 id 10 body 2 arc 1 orth 5 own 0 merged 0 arcclosed 0 ph 5
CREW523 361 site mag slotfs 5 merged 5 won 0 n 69 of 1074
FUND523 361 ammo 0 bank 0 floor 16 need 20 spare 0 sust 0 flip 39 of 264
MAG522 361 ph 5 on 0 near 0 fund 0 fuse 0 ttl 1 ti 16 ammo 0 bar 8 want 22 floor 16 bind 0 nbind 0 nnear 0
CREW523 361 site budget slotfs 5 merged 5 won 0 n 69 of 1075
CREW523 361 site spawn slotfs 5 merged 5 won 0 n 69 of 1076
PH523 361 id 4 body 1 arc 2 orth 2 own 0 merged 0 arcclosed 0 ph 5
PH523 361 id 10 body 2 arc 1 orth 5 own 0 merged 0 arcclosed 0 ph 5
CREW523 362 site mag slotfs 5 merged 5 won 0 n 69 of 1077
FUND523 362 ammo 0 bank 0 floor 16 need 20 spare 0 sust 0 flip 39 of 265
MAG522 362 ph 5 on 0 near 0 fund 0 fuse 0 ttl 1 ti 16 ammo 0 bar 8 want 22 floor 16 bind 0 nbind 0 nnear 0
CREW523 362 site budget slotfs 5 merged 5 won 0 n 69 of 1078
CREW523 362 site spawn slotfs 5 merged 5 won 0 n 69 of 1079
PH523 362 id 4 body 1 arc 2 orth 2 own 0 merged 0 arcclosed 0 ph 5
PH523 362 id 10 body 2 arc 1 orth 5 own 0 merged 0 arcclosed 0 ph 5
CREW523 363 site mag slotfs 5 merged 5 won 0 n 69 of 1080
FUND523 363 ammo 0 bank 0 floor 16 need 20 spare 0 sust 0 flip 39 of 266
MAG522 363 ph 5 on 0 near 0 fund 0 fuse 0 ttl 1 ti 16 ammo 0 bar 8 want 22 floor 16 bind 0 nbind 0 nnear 0
CREW523 363 site budget slotfs 5 merged 5 won 0 n 69 of 1081
CREW523 363 site spawn slotfs 5 merged 5 won 0 n 69 of 1082
PH523 363 id 4 body 1 arc 2 orth 2 own 0 merged 0 arcclosed 0 ph 5
PH523 363 id 10 body 2 arc 1 orth 5 own 0 merged 0 arcclosed 0 ph 5
CREW523 364 site mag slotfs 5 merged 5 won 0 n 69 of 1083
FUND523 364 ammo 0 bank 10 floor 16 need 20 spare 0 sust 0 flip 39 of 267
MAG522 364 ph 5 on 0 near 0 fund 0 fuse 0 ttl 1 ti 26 ammo 0 bar 8 want 22 floor 16 bind 0 nbind 0 nnear 0
CREW523 364 site budget slotfs 5 merged 5 won 0 n 69 of 1084
CREW523 364 site spawn slotfs 5 merged 5 won 0 n 69 of 1085
PH523 364 id 4 body 1 arc 2 orth 2 own 0 merged 0 arcclosed 0 ph 5
PH523 364 id 10 body 2 arc 1 orth 5 own 0 merged 0 arcclosed 0 ph 5
CREW523 365 site mag slotfs 5 merged 5 won 0 n 69 of 1086
FUND523 365 ammo 0 bank 0 floor 16 need 20 spare 0 sust 0 flip 39 of 268
MAG522 365 ph 5 on 0 near 0 fund 0 fuse 0 ttl 1 ti 16 ammo 0 bar 8 want 22 floor 16 bind 0 nbind 0 nnear 0
CREW523 365 site budget slotfs 5 merged 5 won 0 n 69 of 1087
CREW523 365 site spawn slotfs 5 merged 5 won 0 n 69 of 1088
PH523 365 id 4 body 1 arc 2 orth 2 own 0 merged 0 arcclosed 0 ph 5
PH523 365 id 10 body 2 arc 1 orth 5 own 0 merged 0 arcclosed 0 ph 5
CREW523 366 site mag slotfs 5 merged 5 won 0 n 69 of 1089
FUND523 366 ammo 0 bank 0 floor 16 need 20 spare 0 sust 0 flip 39 of 269
MAG522 366 ph 5 on 0 near 0 fund 0 fuse 0 ttl 1 ti 8 ammo 0 bar 8 want 22 floor 16 bind 0 nbind 0 nnear 0
CREW523 366 site budget slotfs 5 merged 5 won 0 n 69 of 1090
CREW523 366 site spawn slotfs 5 merged 5 won 0 n 69 of 1091
PH523 366 id 4 body 1 arc 2 orth 1 own 0 merged 0 arcclosed 0 ph 5
PH523 366 id 10 body 2 arc 1 orth 5 own 0 merged 0 arcclosed 0 ph 5
CREW523 367 site mag slotfs 5 merged 5 won 0 n 69 of 1092
FUND523 367 ammo 0 bank 0 floor 16 need 20 spare 0 sust 0 flip 39 of 270
MAG522 367 ph 5 on 0 near 0 fund 0 fuse 0 ttl 1 ti 8 ammo 0 bar 8 want 22 floor 16 bind 0 nbind 0 nnear 0
CREW523 367 site budget slotfs 5 merged 5 won 0 n 69 of 1093
CREW523 367 site spawn slotfs 5 merged 5 won 0 n 69 of 1094
PH523 367 id 4 body 1 arc 2 orth 1 own 0 merged 0 arcclosed 0 ph 5
PH523 367 id 10 body 2 arc 1 orth 5 own 0 merged 0 arcclosed 0 ph 5
CREW523 368 site mag slotfs 5 merged 5 won 0 n 69 of 1095
FUND523 368 ammo 0 bank 2 floor 16 need 20 spare 0 sust 0 flip 39 of 271
MAG522 368 ph 5 on 0 near 0 fund 0 fuse 0 ttl 1 ti 18 ammo 0 bar 8 want 22 floor 16 bind 0 nbind 0 nnear 0
CREW523 368 site budget slotfs 5 merged 5 won 0 n 69 of 1096
CREW523 368 site spawn slotfs 5 merged 5 won 0 n 69 of 1097
PH523 368 id 4 body 1 arc 2 orth 1 own 0 merged 0 arcclosed 0 ph 5
PH523 368 id 10 body 2 arc 1 orth 5 own 0 merged 0 arcclosed 0 ph 5
CREW523 369 site mag slotfs 5 merged 5 won 0 n 69 of 1098
FUND523 369 ammo 2 bank 0 floor 16 need 20 spare 0 sust 0 flip 39 of 272
MAG522 369 ph 5 on 0 near 0 fund 0 fuse 0 ttl 1 ti 16 ammo 2 bar 8 want 22 floor 16 bind 0 nbind 0 nnear 0
CREW523 369 site budget slotfs 5 merged 5 won 0 n 69 of 1099
CREW523 369 site spawn slotfs 5 merged 5 won 0 n 69 of 1100
PH523 369 id 4 body 1 arc 2 orth 2 own 0 merged 0 arcclosed 0 ph 5
PH523 369 id 10 body 2 arc 1 orth 5 own 0 merged 0 arcclosed 0 ph 5
CREW523 370 site mag slotfs 5 merged 5 won 0 n 69 of 1101
FUND523 370 ammo 2 bank 0 floor 16 need 20 spare 0 sust 0 flip 39 of 273
MAG522 370 ph 5 on 0 near 0 fund 0 fuse 0 ttl 1 ti 16 ammo 2 bar 8 want 22 floor 16 bind 0 nbind 0 nnear 0
CREW523 370 site budget slotfs 5 merged 5 won 0 n 69 of 1102
CREW523 370 site spawn slotfs 5 merged 5 won 0 n 69 of 1103
PH523 370 id 4 body 1 arc 2 orth 2 own 0 merged 0 arcclosed 0 ph 5
PH523 370 id 10 body 2 arc 1 orth 5 own 0 merged 0 arcclosed 0 ph 5
CREW523 371 site mag slotfs 5 merged 5 won 0 n 69 of 1104
FUND523 371 ammo 2 bank 0 floor 16 need 20 spare 0 sust 0 flip 39 of 274
MAG522 371 ph 5 on 0 near 0 fund 0 fuse 0 ttl 1 ti 16 ammo 2 bar 8 want 22 floor 16 bind 0 nbind 0 nnear 0
CREW523 371 site budget slotfs 5 merged 5 won 0 n 69 of 1105
CREW523 371 site spawn slotfs 5 merged 5 won 0 n 69 of 1106
PH523 371 id 4 body 1 arc 2 orth 2 own 0 merged 0 arcclosed 0 ph 5
PH523 371 id 10 body 2 arc 1 orth 5 own 0 merged 0 arcclosed 0 ph 5
CREW523 372 site mag slotfs 5 merged 5 won 0 n 69 of 1107
FUND523 372 ammo 2 bank 10 floor 16 need 20 spare 0 sust 0 flip 39 of 275
MAG522 372 ph 5 on 0 near 0 fund 0 fuse 0 ttl 1 ti 26 ammo 2 bar 8 want 22 floor 16 bind 0 nbind 0 nnear 0
CREW523 372 site budget slotfs 5 merged 5 won 0 n 69 of 1108
CREW523 372 site spawn slotfs 5 merged 5 won 0 n 69 of 1109
PH523 372 id 4 body 1 arc 2 orth 2 own 0 merged 0 arcclosed 0 ph 5
PH523 372 id 10 body 2 arc 1 orth 5 own 0 merged 0 arcclosed 0 ph 5
CREW523 373 site mag slotfs 5 merged 5 won 0 n 69 of 1110
FUND523 373 ammo 2 bank 0 floor 16 need 20 spare 0 sust 0 flip 39 of 276
MAG522 373 ph 5 on 0 near 0 fund 0 fuse 0 ttl 1 ti 8 ammo 2 bar 8 want 22 floor 16 bind 0 nbind 0 nnear 0
CREW523 373 site budget slotfs 5 merged 5 won 0 n 69 of 1111
CREW523 373 site spawn slotfs 5 merged 5 won 0 n 69 of 1112
PH523 373 id 4 body 1 arc 2 orth 1 own 0 merged 0 arcclosed 0 ph 5
PH523 373 id 10 body 2 arc 1 orth 5 own 0 merged 0 arcclosed 0 ph 5
CREW523 374 site mag slotfs 5 merged 5 won 0 n 69 of 1113
FUND523 374 ammo 2 bank 0 floor 16 need 20 spare 0 sust 0 flip 39 of 277
MAG522 374 ph 5 on 0 near 0 fund 0 fuse 0 ttl 1 ti 8 ammo 2 bar 8 want 22 floor 16 bind 0 nbind 0 nnear 0
CREW523 374 site budget slotfs 5 merged 5 won 0 n 69 of 1114
CREW523 374 site spawn slotfs 5 merged 5 won 0 n 69 of 1115
PH523 374 id 4 body 1 arc 2 orth 1 own 0 merged 0 arcclosed 0 ph 5
PH523 374 id 10 body 2 arc 1 orth 5 own 0 merged 0 arcclosed 0 ph 5
CREW523 375 site mag slotfs 5 merged 5 won 0 n 69 of 1116
FUND523 375 ammo 2 bank 0 floor 16 need 20 spare 0 sust 0 flip 39 of 278
MAG522 375 ph 5 on 0 near 0 fund 0 fuse 0 ttl 1 ti 8 ammo 2 bar 8 want 22 floor 16 bind 0 nbind 0 nnear 0
CREW523 375 site budget slotfs 5 merged 5 won 0 n 69 of 1117
CREW523 375 site spawn slotfs 5 merged 5 won 0 n 69 of 1118
PH523 375 id 4 body 1 arc 2 orth 1 own 0 merged 0 arcclosed 0 ph 5
PH523 375 id 10 body 2 arc 1 orth 5 own 0 merged 0 arcclosed 0 ph 5
CREW523 376 site mag slotfs 5 merged 5 won 0 n 69 of 1119
FUND523 376 ammo 2 bank 2 floor 16 need 20 spare 0 sust 0 flip 39 of 279
MAG522 376 ph 5 on 0 near 0 fund 0 fuse 0 ttl 1 ti 18 ammo 2 bar 8 want 22 floor 16 bind 0 nbind 0 nnear 0
CREW523 376 site budget slotfs 5 merged 5 won 0 n 69 of 1120
CREW523 376 site spawn slotfs 5 merged 5 won 0 n 69 of 1121
PH523 376 id 4 body 1 arc 2 orth 1 own 0 merged 0 arcclosed 0 ph 5
PH523 376 id 10 body 2 arc 1 orth 5 own 0 merged 0 arcclosed 0 ph 5
CREW523 377 site mag slotfs 5 merged 5 won 0 n 69 of 1122
FUND523 377 ammo 4 bank 0 floor 16 need 20 spare 0 sust 0 flip 39 of 280
MAG522 377 ph 5 on 0 near 0 fund 0 fuse 0 ttl 1 ti 16 ammo 4 bar 8 want 22 floor 16 bind 0 nbind 0 nnear 0
CREW523 377 site budget slotfs 5 merged 5 won 0 n 69 of 1123
CREW523 377 site spawn slotfs 5 merged 5 won 0 n 69 of 1124
PH523 377 id 4 body 1 arc 2 orth 2 own 0 merged 0 arcclosed 0 ph 5
PH523 377 id 10 body 2 arc 1 orth 5 own 0 merged 0 arcclosed 0 ph 5
CREW523 378 site mag slotfs 5 merged 5 won 0 n 69 of 1125
FUND523 378 ammo 4 bank 0 floor 16 need 20 spare 0 sust 0 flip 39 of 281
MAG522 378 ph 5 on 0 near 0 fund 0 fuse 0 ttl 1 ti 16 ammo 4 bar 8 want 22 floor 16 bind 0 nbind 0 nnear 0
CREW523 378 site budget slotfs 5 merged 5 won 0 n 69 of 1126
CREW523 378 site spawn slotfs 5 merged 5 won 0 n 69 of 1127
PH523 378 id 4 body 1 arc 2 orth 2 own 0 merged 0 arcclosed 0 ph 5
PH523 378 id 10 body 2 arc 1 orth 5 own 0 merged 0 arcclosed 0 ph 5
CREW523 379 site mag slotfs 5 merged 5 won 0 n 69 of 1128
FUND523 379 ammo 4 bank 0 floor 16 need 20 spare 0 sust 0 flip 39 of 282
MAG522 379 ph 5 on 0 near 0 fund 0 fuse 0 ttl 1 ti 16 ammo 4 bar 8 want 22 floor 16 bind 0 nbind 0 nnear 0
CREW523 379 site budget slotfs 5 merged 5 won 0 n 69 of 1129
CREW523 379 site spawn slotfs 5 merged 5 won 0 n 69 of 1130
PH523 379 id 4 body 1 arc 2 orth 2 own 0 merged 0 arcclosed 0 ph 5
PH523 379 id 10 body 2 arc 1 orth 5 own 0 merged 0 arcclosed 0 ph 5
CREW523 380 site mag slotfs 5 merged 5 won 0 n 69 of 1131
FUND523 380 ammo 4 bank 10 floor 16 need 20 spare 0 sust 0 flip 39 of 283
MAG522 380 ph 5 on 0 near 0 fund 0 fuse 0 ttl 1 ti 26 ammo 4 bar 8 want 22 floor 16 bind 0 nbind 0 nnear 0
CREW523 380 site budget slotfs 5 merged 5 won 0 n 69 of 1132
CREW523 380 site spawn slotfs 5 merged 5 won 0 n 69 of 1133
PH523 380 id 4 body 1 arc 2 orth 2 own 0 merged 0 arcclosed 0 ph 5
PH523 380 id 10 body 2 arc 1 orth 5 own 0 merged 0 arcclosed 0 ph 5
CREW523 381 site mag slotfs 5 merged 5 won 0 n 69 of 1134
FUND523 381 ammo 4 bank 0 floor 16 need 20 spare 0 sust 0 flip 39 of 284
MAG522 381 ph 5 on 0 near 0 fund 0 fuse 0 ttl 1 ti 16 ammo 4 bar 8 want 22 floor 16 bind 0 nbind 0 nnear 0
CREW523 381 site budget slotfs 5 merged 5 won 0 n 69 of 1135
CREW523 381 site spawn slotfs 5 merged 5 won 0 n 69 of 1136
PH523 381 id 4 body 1 arc 2 orth 2 own 0 merged 0 arcclosed 0 ph 5
PH523 381 id 10 body 2 arc 1 orth 5 own 0 merged 0 arcclosed 0 ph 5
CREW523 382 site mag slotfs 5 merged 5 won 0 n 69 of 1137
FUND523 382 ammo 4 bank 0 floor 16 need 20 spare 0 sust 0 flip 39 of 285
MAG522 382 ph 5 on 0 near 0 fund 0 fuse 0 ttl 1 ti 8 ammo 4 bar 8 want 22 floor 16 bind 0 nbind 0 nnear 0
CREW523 382 site budget slotfs 5 merged 5 won 0 n 69 of 1138
CREW523 382 site spawn slotfs 5 merged 5 won 0 n 69 of 1139
PH523 382 id 4 body 1 arc 2 orth 1 own 0 merged 0 arcclosed 0 ph 5
PH523 382 id 10 body 2 arc 1 orth 5 own 0 merged 0 arcclosed 0 ph 5
CREW523 383 site mag slotfs 5 merged 5 won 0 n 69 of 1140
FUND523 383 ammo 4 bank 0 floor 16 need 20 spare 0 sust 0 flip 39 of 286
MAG522 383 ph 5 on 0 near 0 fund 0 fuse 0 ttl 1 ti 8 ammo 4 bar 8 want 22 floor 16 bind 0 nbind 0 nnear 0
CREW523 383 site budget slotfs 5 merged 5 won 0 n 69 of 1141
CREW523 383 site spawn slotfs 5 merged 5 won 0 n 69 of 1142
PH523 383 id 4 body 1 arc 2 orth 1 own 0 merged 0 arcclosed 0 ph 5
PH523 383 id 10 body 2 arc 1 orth 5 own 0 merged 0 arcclosed 0 ph 5
CREW523 384 site mag slotfs 5 merged 5 won 0 n 69 of 1143
FUND523 384 ammo 4 bank 2 floor 16 need 20 spare 0 sust 0 flip 39 of 287
MAG522 384 ph 5 on 0 near 0 fund 0 fuse 0 ttl 1 ti 18 ammo 4 bar 8 want 22 floor 16 bind 0 nbind 0 nnear 0
CREW523 384 site budget slotfs 5 merged 5 won 0 n 69 of 1144
CREW523 384 site spawn slotfs 5 merged 5 won 0 n 69 of 1145
PH523 384 id 4 body 1 arc 2 orth 1 own 0 merged 0 arcclosed 0 ph 5
PH523 384 id 10 body 2 arc 1 orth 5 own 0 merged 0 arcclosed 0 ph 5
CREW523 385 site mag slotfs 5 merged 5 won 0 n 69 of 1146
FUND523 385 ammo 6 bank 0 floor 16 need 20 spare 0 sust 0 flip 39 of 288
MAG522 385 ph 5 on 0 near 0 fund 0 fuse 0 ttl 1 ti 16 ammo 6 bar 8 want 22 floor 16 bind 0 nbind 0 nnear 0
CREW523 385 site budget slotfs 5 merged 5 won 0 n 69 of 1147
CREW523 385 site spawn slotfs 5 merged 5 won 0 n 69 of 1148
PH523 385 id 4 body 1 arc 2 orth 2 own 0 merged 0 arcclosed 0 ph 5
PH523 385 id 10 body 2 arc 1 orth 5 own 0 merged 0 arcclosed 0 ph 5
CREW523 386 site mag slotfs 5 merged 5 won 0 n 69 of 1149
FUND523 386 ammo 6 bank 0 floor 16 need 20 spare 0 sust 0 flip 39 of 289
MAG522 386 ph 5 on 0 near 0 fund 0 fuse 0 ttl 1 ti 16 ammo 6 bar 8 want 22 floor 16 bind 0 nbind 0 nnear 0
CREW523 386 site budget slotfs 5 merged 5 won 0 n 69 of 1150
CREW523 386 site spawn slotfs 5 merged 5 won 0 n 69 of 1151
PH523 386 id 4 body 1 arc 2 orth 2 own 0 merged 0 arcclosed 0 ph 5
PH523 386 id 10 body 2 arc 1 orth 5 own 0 merged 0 arcclosed 0 ph 5
CREW523 387 site mag slotfs 5 merged 5 won 0 n 69 of 1152
FUND523 387 ammo 6 bank 0 floor 16 need 20 spare 0 sust 0 flip 39 of 290
MAG522 387 ph 5 on 0 near 0 fund 0 fuse 0 ttl 1 ti 16 ammo 6 bar 8 want 22 floor 16 bind 0 nbind 0 nnear 0
CREW523 387 site budget slotfs 5 merged 5 won 0 n 69 of 1153
CREW523 387 site spawn slotfs 5 merged 5 won 0 n 69 of 1154
PH523 387 id 4 body 1 arc 2 orth 2 own 0 merged 0 arcclosed 0 ph 5
PH523 387 id 10 body 2 arc 1 orth 5 own 0 merged 0 arcclosed 0 ph 5
CREW523 388 site mag slotfs 5 merged 5 won 0 n 69 of 1155
FUND523 388 ammo 6 bank 10 floor 16 need 20 spare 0 sust 0 flip 39 of 291
MAG522 388 ph 5 on 0 near 0 fund 0 fuse 0 ttl 1 ti 26 ammo 6 bar 8 want 22 floor 16 bind 0 nbind 0 nnear 0
CREW523 388 site budget slotfs 5 merged 5 won 0 n 69 of 1156
CREW523 388 site spawn slotfs 5 merged 5 won 0 n 69 of 1157
PH523 388 id 4 body 1 arc 2 orth 2 own 0 merged 0 arcclosed 0 ph 5
PH523 388 id 10 body 2 arc 1 orth 5 own 0 merged 0 arcclosed 0 ph 5
CREW523 389 site mag slotfs 5 merged 5 won 0 n 69 of 1158
FUND523 389 ammo 6 bank 0 floor 16 need 20 spare 0 sust 0 flip 39 of 292
MAG522 389 ph 5 on 0 near 0 fund 0 fuse 0 ttl 1 ti 8 ammo 6 bar 8 want 22 floor 16 bind 0 nbind 0 nnear 0
CREW523 389 site budget slotfs 5 merged 5 won 0 n 69 of 1159
CREW523 389 site spawn slotfs 5 merged 5 won 0 n 69 of 1160
PH523 389 id 4 body 1 arc 2 orth 1 own 0 merged 0 arcclosed 0 ph 5
PH523 389 id 10 body 2 arc 1 orth 5 own 0 merged 0 arcclosed 0 ph 5
CREW523 390 site mag slotfs 5 merged 5 won 0 n 69 of 1161
FUND523 390 ammo 6 bank 0 floor 16 need 20 spare 0 sust 0 flip 39 of 293
MAG522 390 ph 5 on 0 near 0 fund 0 fuse 0 ttl 1 ti 8 ammo 6 bar 8 want 22 floor 16 bind 0 nbind 0 nnear 0
CREW523 390 site budget slotfs 5 merged 5 won 0 n 69 of 1162
CREW523 390 site spawn slotfs 5 merged 5 won 0 n 69 of 1163
PH523 390 id 4 body 1 arc 2 orth 1 own 0 merged 0 arcclosed 0 ph 5
PH523 390 id 10 body 2 arc 1 orth 5 own 0 merged 0 arcclosed 0 ph 5
CREW523 391 site mag slotfs 5 merged 5 won 0 n 69 of 1164
FUND523 391 ammo 6 bank 0 floor 16 need 20 spare 0 sust 0 flip 39 of 294
MAG522 391 ph 5 on 0 near 0 fund 0 fuse 0 ttl 1 ti 8 ammo 6 bar 8 want 22 floor 16 bind 0 nbind 0 nnear 0
CREW523 391 site budget slotfs 5 merged 5 won 0 n 69 of 1165
CREW523 391 site spawn slotfs 5 merged 5 won 0 n 69 of 1166
PH523 391 id 4 body 1 arc 2 orth 1 own 0 merged 0 arcclosed 0 ph 5
PH523 391 id 10 body 2 arc 1 orth 5 own 0 merged 0 arcclosed 0 ph 5
CREW523 392 site mag slotfs 5 merged 5 won 0 n 69 of 1167
FUND523 392 ammo 6 bank 2 floor 16 need 20 spare 0 sust 0 flip 39 of 295
MAG522 392 ph 5 on 0 near 0 fund 0 fuse 0 ttl 1 ti 18 ammo 6 bar 8 want 22 floor 16 bind 0 nbind 0 nnear 0
CREW523 392 site budget slotfs 5 merged 5 won 0 n 69 of 1168
CREW523 392 site spawn slotfs 5 merged 5 won 0 n 69 of 1169
PH523 392 id 4 body 1 arc 2 orth 1 own 0 merged 0 arcclosed 0 ph 5
PH523 392 id 10 body 2 arc 1 orth 5 own 0 merged 0 arcclosed 0 ph 5
CREW523 393 site mag slotfs 5 merged 5 won 0 n 69 of 1170
FUND523 393 ammo 8 bank 0 floor 16 need 20 spare 0 sust 0 flip 39 of 296
MAG522 393 ph 5 on 0 near 0 fund 0 fuse 0 ttl 1 ti 16 ammo 8 bar 8 want 22 floor 16 bind 0 nbind 0 nnear 0
CREW523 393 site budget slotfs 5 merged 5 won 0 n 69 of 1171
CREW523 393 site spawn slotfs 5 merged 5 won 0 n 69 of 1172
PH523 393 id 4 body 1 arc 2 orth 2 own 0 merged 0 arcclosed 0 ph 5
PH523 393 id 10 body 2 arc 1 orth 5 own 0 merged 0 arcclosed 0 ph 5
CREW523 394 site mag slotfs 5 merged 5 won 0 n 69 of 1173
FUND523 394 ammo 8 bank 0 floor 16 need 20 spare 0 sust 0 flip 39 of 297
MAG522 394 ph 5 on 0 near 0 fund 0 fuse 0 ttl 1 ti 16 ammo 8 bar 8 want 22 floor 16 bind 0 nbind 0 nnear 0
CREW523 394 site budget slotfs 5 merged 5 won 0 n 69 of 1174
CREW523 394 site spawn slotfs 5 merged 5 won 0 n 69 of 1175
PH523 394 id 4 body 1 arc 2 orth 2 own 0 merged 0 arcclosed 0 ph 5
PH523 394 id 10 body 2 arc 1 orth 5 own 0 merged 0 arcclosed 0 ph 5
CREW523 395 site mag slotfs 5 merged 5 won 0 n 69 of 1176
FUND523 395 ammo 8 bank 0 floor 16 need 20 spare 0 sust 0 flip 39 of 298
MAG522 395 ph 5 on 0 near 0 fund 0 fuse 0 ttl 1 ti 16 ammo 8 bar 8 want 22 floor 16 bind 0 nbind 0 nnear 0
CREW523 395 site budget slotfs 5 merged 5 won 0 n 69 of 1177
CREW523 395 site spawn slotfs 5 merged 5 won 0 n 69 of 1178
PH523 395 id 4 body 1 arc 2 orth 2 own 0 merged 0 arcclosed 0 ph 5
PH523 395 id 10 body 2 arc 1 orth 5 own 0 merged 0 arcclosed 0 ph 5
CREW523 396 site mag slotfs 5 merged 5 won 0 n 69 of 1179
FUND523 396 ammo 8 bank 10 floor 16 need 20 spare 0 sust 0 flip 39 of 299
MAG522 396 ph 5 on 0 near 0 fund 0 fuse 0 ttl 1 ti 26 ammo 8 bar 8 want 22 floor 16 bind 0 nbind 0 nnear 0
CREW523 396 site budget slotfs 5 merged 5 won 0 n 69 of 1180
CREW523 396 site spawn slotfs 5 merged 5 won 0 n 69 of 1181
PH523 396 id 4 body 1 arc 2 orth 2 own 0 merged 0 arcclosed 0 ph 5
PH523 396 id 10 body 2 arc 1 orth 5 own 0 merged 0 arcclosed 0 ph 5
CREW523 397 site mag slotfs 5 merged 5 won 0 n 69 of 1182
FUND523 397 ammo 8 bank 0 floor 16 need 20 spare 0 sust 0 flip 39 of 300
MAG522 397 ph 5 on 0 near 0 fund 0 fuse 0 ttl 1 ti 16 ammo 8 bar 8 want 22 floor 16 bind 0 nbind 0 nnear 0
CREW523 397 site budget slotfs 5 merged 5 won 0 n 69 of 1183
CREW523 397 site spawn slotfs 5 merged 5 won 0 n 69 of 1184
PH523 397 id 4 body 1 arc 2 orth 2 own 0 merged 0 arcclosed 0 ph 5
PH523 397 id 10 body 2 arc 1 orth 5 own 0 merged 0 arcclosed 0 ph 5
CREW523 398 site mag slotfs 5 merged 5 won 0 n 69 of 1185
FUND523 398 ammo 8 bank 0 floor 16 need 20 spare 0 sust 0 flip 39 of 301
MAG522 398 ph 5 on 0 near 0 fund 0 fuse 0 ttl 1 ti 8 ammo 8 bar 8 want 22 floor 16 bind 0 nbind 0 nnear 0
CREW523 398 site budget slotfs 5 merged 5 won 0 n 69 of 1186
CREW523 398 site spawn slotfs 5 merged 5 won 0 n 69 of 1187
PH523 398 id 4 body 1 arc 2 orth 1 own 0 merged 0 arcclosed 0 ph 5
PH523 398 id 10 body 2 arc 1 orth 5 own 0 merged 0 arcclosed 0 ph 5
CREW523 399 site mag slotfs 5 merged 5 won 0 n 69 of 1188
FUND523 399 ammo 8 bank 0 floor 16 need 20 spare 0 sust 0 flip 39 of 302
MAG522 399 ph 5 on 0 near 0 fund 0 fuse 0 ttl 1 ti 8 ammo 8 bar 8 want 22 floor 16 bind 0 nbind 0 nnear 0
CREW523 399 site budget slotfs 5 merged 5 won 0 n 69 of 1189
CREW523 399 site spawn slotfs 5 merged 5 won 0 n 69 of 1190
PH523 399 id 4 body 1 arc 2 orth 1 own 0 merged 0 arcclosed 0 ph 5
PH523 399 id 10 body 2 arc 1 orth 5 own 0 merged 0 arcclosed 0 ph 5
CREW523 400 site mag slotfs 5 merged 5 won 0 n 69 of 1191
FUND523 400 ammo 8 bank 2 floor 16 need 20 spare 0 sust 0 flip 39 of 303
MAG522 400 ph 5 on 0 near 0 fund 0 fuse 0 ttl 1 ti 18 ammo 8 bar 8 want 22 floor 16 bind 0 nbind 0 nnear 0
CREW523 400 site budget slotfs 5 merged 5 won 0 n 69 of 1192
CREW523 400 site spawn slotfs 5 merged 5 won 0 n 69 of 1193
PH523 400 id 4 body 1 arc 2 orth 1 own 0 merged 0 arcclosed 0 ph 5
PH523 400 id 10 body 2 arc 1 orth 5 own 0 merged 0 arcclosed 0 ph 5
CREW523 401 site mag slotfs 5 merged 5 won 0 n 69 of 1194
FUND523 401 ammo 0 bank 0 floor 16 need 20 spare 0 sust 0 flip 39 of 304
MAG522 401 ph 5 on 0 near 0 fund 0 fuse 0 ttl 1 ti 16 ammo 0 bar 8 want 22 floor 16 bind 0 nbind 0 nnear 0
CREW523 401 site budget slotfs 5 merged 5 won 0 n 69 of 1195
CREW523 401 site spawn slotfs 5 merged 5 won 0 n 69 of 1196
PH523 401 id 4 body 1 arc 2 orth 2 own 0 merged 0 arcclosed 0 ph 5
PH523 401 id 10 body 2 arc 1 orth 5 own 0 merged 0 arcclosed 0 ph 5
CREW523 402 site mag slotfs 5 merged 5 won 0 n 69 of 1197
FUND523 402 ammo 0 bank 0 floor 16 need 20 spare 0 sust 0 flip 39 of 305
MAG522 402 ph 5 on 0 near 0 fund 0 fuse 0 ttl 1 ti 16 ammo 0 bar 8 want 22 floor 16 bind 0 nbind 0 nnear 0
CREW523 402 site budget slotfs 5 merged 5 won 0 n 69 of 1198
CREW523 402 site spawn slotfs 5 merged 5 won 0 n 69 of 1199
PH523 402 id 4 body 1 arc 2 orth 2 own 0 merged 0 arcclosed 0 ph 5
PH523 402 id 10 body 2 arc 1 orth 5 own 0 merged 0 arcclosed 0 ph 5
CREW523 403 site mag slotfs 5 merged 5 won 0 n 69 of 1200
FUND523 403 ammo 0 bank 0 floor 16 need 20 spare 0 sust 0 flip 39 of 306
MAG522 403 ph 5 on 0 near 0 fund 0 fuse 0 ttl 1 ti 16 ammo 0 bar 8 want 22 floor 16 bind 0 nbind 0 nnear 0
CREW523 403 site budget slotfs 5 merged 5 won 0 n 69 of 1201
CREW523 403 site spawn slotfs 5 merged 5 won 0 n 69 of 1202
PH523 403 id 4 body 1 arc 2 orth 2 own 0 merged 0 arcclosed 0 ph 5
PH523 403 id 10 body 2 arc 1 orth 5 own 0 merged 0 arcclosed 0 ph 5
CREW523 404 site mag slotfs 5 merged 5 won 0 n 69 of 1203
FUND523 404 ammo 0 bank 10 floor 16 need 20 spare 0 sust 0 flip 39 of 307
MAG522 404 ph 5 on 0 near 0 fund 0 fuse 0 ttl 1 ti 26 ammo 0 bar 8 want 22 floor 16 bind 0 nbind 0 nnear 0
CREW523 404 site budget slotfs 5 merged 5 won 0 n 69 of 1204
CREW523 404 site spawn slotfs 5 merged 5 won 0 n 69 of 1205
PH523 404 id 4 body 1 arc 2 orth 2 own 0 merged 0 arcclosed 0 ph 5
PH523 404 id 10 body 2 arc 1 orth 5 own 0 merged 0 arcclosed 0 ph 5
CREW523 405 site mag slotfs 5 merged 5 won 0 n 69 of 1206
FUND523 405 ammo 0 bank 0 floor 16 need 20 spare 0 sust 0 flip 39 of 308
MAG522 405 ph 5 on 0 near 0 fund 0 fuse 0 ttl 1 ti 8 ammo 0 bar 8 want 22 floor 16 bind 0 nbind 0 nnear 0
CREW523 405 site budget slotfs 5 merged 5 won 0 n 69 of 1207
CREW523 405 site spawn slotfs 5 merged 5 won 0 n 69 of 1208
PH523 405 id 4 body 1 arc 2 orth 1 own 0 merged 0 arcclosed 0 ph 5
PH523 405 id 10 body 2 arc 1 orth 5 own 0 merged 0 arcclosed 0 ph 5
CREW523 406 site mag slotfs 5 merged 5 won 0 n 69 of 1209
FUND523 406 ammo 0 bank 0 floor 16 need 20 spare 0 sust 0 flip 39 of 309
MAG522 406 ph 5 on 0 near 0 fund 0 fuse 0 ttl 1 ti 8 ammo 0 bar 8 want 22 floor 16 bind 0 nbind 0 nnear 0
CREW523 406 site budget slotfs 5 merged 5 won 0 n 69 of 1210
CREW523 406 site spawn slotfs 5 merged 5 won 0 n 69 of 1211
PH523 406 id 4 body 1 arc 2 orth 1 own 0 merged 0 arcclosed 0 ph 5
PH523 406 id 10 body 2 arc 1 orth 5 own 0 merged 0 arcclosed 0 ph 5
CREW523 407 site mag slotfs 5 merged 5 won 0 n 69 of 1212
FUND523 407 ammo 0 bank 0 floor 16 need 20 spare 0 sust 0 flip 39 of 310
MAG522 407 ph 5 on 0 near 0 fund 0 fuse 0 ttl 1 ti 8 ammo 0 bar 8 want 22 floor 16 bind 0 nbind 0 nnear 0
CREW523 407 site budget slotfs 5 merged 5 won 0 n 69 of 1213
CREW523 407 site spawn slotfs 5 merged 5 won 0 n 69 of 1214
PH523 407 id 4 body 1 arc 2 orth 1 own 0 merged 0 arcclosed 0 ph 5
PH523 407 id 10 body 2 arc 1 orth 5 own 0 merged 0 arcclosed 0 ph 5
CREW523 408 site mag slotfs 5 merged 5 won 0 n 69 of 1215
FUND523 408 ammo 0 bank 2 floor 16 need 20 spare 0 sust 0 flip 39 of 311
MAG522 408 ph 5 on 0 near 0 fund 0 fuse 0 ttl 1 ti 18 ammo 0 bar 8 want 22 floor 16 bind 0 nbind 0 nnear 0
CREW523 408 site budget slotfs 5 merged 5 won 0 n 69 of 1216
CREW523 408 site spawn slotfs 5 merged 5 won 0 n 69 of 1217
PH523 408 id 4 body 1 arc 2 orth 1 own 0 merged 0 arcclosed 0 ph 5
PH523 408 id 10 body 2 arc 1 orth 5 own 0 merged 0 arcclosed 0 ph 5
CREW523 409 site mag slotfs 5 merged 5 won 0 n 69 of 1218
FUND523 409 ammo 2 bank 0 floor 16 need 20 spare 0 sust 0 flip 39 of 312
MAG522 409 ph 5 on 0 near 0 fund 0 fuse 0 ttl 1 ti 16 ammo 2 bar 8 want 22 floor 16 bind 0 nbind 0 nnear 0
CREW523 409 site budget slotfs 5 merged 5 won 0 n 69 of 1219
CREW523 409 site spawn slotfs 5 merged 5 won 0 n 69 of 1220
PH523 409 id 4 body 1 arc 2 orth 2 own 0 merged 0 arcclosed 0 ph 5
PH523 409 id 10 body 2 arc 1 orth 5 own 0 merged 0 arcclosed 0 ph 5
CREW523 410 site mag slotfs 5 merged 5 won 0 n 69 of 1221
FUND523 410 ammo 2 bank 0 floor 16 need 20 spare 0 sust 0 flip 39 of 313
MAG522 410 ph 5 on 0 near 0 fund 0 fuse 0 ttl 1 ti 16 ammo 2 bar 8 want 22 floor 16 bind 0 nbind 0 nnear 0
CREW523 410 site budget slotfs 5 merged 5 won 0 n 69 of 1222
CREW523 410 site spawn slotfs 5 merged 5 won 0 n 69 of 1223
PH523 410 id 4 body 1 arc 2 orth 2 own 0 merged 0 arcclosed 0 ph 5
PH523 410 id 10 body 2 arc 1 orth 5 own 0 merged 0 arcclosed 0 ph 5
CREW523 411 site mag slotfs 5 merged 5 won 0 n 69 of 1224
FUND523 411 ammo 2 bank 0 floor 16 need 20 spare 0 sust 0 flip 39 of 314
MAG522 411 ph 5 on 0 near 0 fund 0 fuse 0 ttl 1 ti 16 ammo 2 bar 8 want 22 floor 16 bind 0 nbind 0 nnear 0
CREW523 411 site budget slotfs 5 merged 5 won 0 n 69 of 1225
CREW523 411 site spawn slotfs 5 merged 5 won 0 n 69 of 1226
PH523 411 id 4 body 1 arc 2 orth 2 own 0 merged 0 arcclosed 0 ph 5
PH523 411 id 10 body 2 arc 1 orth 5 own 0 merged 0 arcclosed 0 ph 5
CREW523 412 site mag slotfs 5 merged 5 won 0 n 69 of 1227
FUND523 412 ammo 2 bank 10 floor 16 need 20 spare 0 sust 0 flip 39 of 315
MAG522 412 ph 5 on 0 near 0 fund 0 fuse 0 ttl 1 ti 26 ammo 2 bar 8 want 22 floor 16 bind 0 nbind 0 nnear 0
CREW523 412 site budget slotfs 5 merged 5 won 0 n 69 of 1228
CREW523 412 site spawn slotfs 5 merged 5 won 0 n 69 of 1229
PH523 412 id 4 body 1 arc 2 orth 2 own 0 merged 0 arcclosed 0 ph 5
PH523 412 id 10 body 2 arc 1 orth 5 own 0 merged 0 arcclosed 0 ph 5
CREW523 413 site mag slotfs 5 merged 5 won 0 n 69 of 1230
FUND523 413 ammo 2 bank 0 floor 16 need 20 spare 0 sust 0 flip 39 of 316
MAG522 413 ph 5 on 0 near 0 fund 0 fuse 0 ttl 1 ti 16 ammo 2 bar 8 want 22 floor 16 bind 0 nbind 0 nnear 0
CREW523 413 site budget slotfs 5 merged 5 won 0 n 69 of 1231
CREW523 413 site spawn slotfs 5 merged 5 won 0 n 69 of 1232
PH523 413 id 4 body 1 arc 2 orth 2 own 0 merged 0 arcclosed 0 ph 5
PH523 413 id 10 body 2 arc 1 orth 5 own 0 merged 0 arcclosed 0 ph 5
CREW523 414 site mag slotfs 5 merged 5 won 0 n 69 of 1233
FUND523 414 ammo 2 bank 0 floor 16 need 20 spare 0 sust 0 flip 39 of 317
MAG522 414 ph 5 on 0 near 0 fund 0 fuse 0 ttl 1 ti 8 ammo 2 bar 8 want 22 floor 16 bind 0 nbind 0 nnear 0
CREW523 414 site budget slotfs 5 merged 5 won 0 n 69 of 1234
CREW523 414 site spawn slotfs 5 merged 5 won 0 n 69 of 1235
PH523 414 id 4 body 1 arc 2 orth 1 own 0 merged 0 arcclosed 0 ph 5
PH523 414 id 10 body 2 arc 1 orth 5 own 0 merged 0 arcclosed 0 ph 5
CREW523 415 site mag slotfs 5 merged 5 won 0 n 69 of 1236
FUND523 415 ammo 2 bank 0 floor 16 need 20 spare 0 sust 0 flip 39 of 318
MAG522 415 ph 5 on 0 near 0 fund 0 fuse 0 ttl 1 ti 8 ammo 2 bar 8 want 22 floor 16 bind 0 nbind 0 nnear 0
CREW523 415 site budget slotfs 5 merged 5 won 0 n 69 of 1237
CREW523 415 site spawn slotfs 5 merged 5 won 0 n 69 of 1238
PH523 415 id 4 body 1 arc 2 orth 1 own 0 merged 0 arcclosed 0 ph 5
PH523 415 id 10 body 2 arc 1 orth 5 own 0 merged 0 arcclosed 0 ph 5
CREW523 416 site mag slotfs 5 merged 5 won 0 n 69 of 1239
FUND523 416 ammo 2 bank 2 floor 16 need 20 spare 0 sust 0 flip 39 of 319
MAG522 416 ph 5 on 0 near 0 fund 0 fuse 0 ttl 1 ti 18 ammo 2 bar 8 want 22 floor 16 bind 0 nbind 0 nnear 0
CREW523 416 site budget slotfs 5 merged 5 won 0 n 69 of 1240
CREW523 416 site spawn slotfs 5 merged 5 won 0 n 69 of 1241
PH523 416 id 4 body 1 arc 2 orth 1 own 0 merged 0 arcclosed 0 ph 5
PH523 416 id 10 body 2 arc 1 orth 5 own 0 merged 0 arcclosed 0 ph 5
CREW523 417 site mag slotfs 5 merged 5 won 0 n 69 of 1242
FUND523 417 ammo 4 bank 0 floor 16 need 20 spare 0 sust 0 flip 39 of 320
MAG522 417 ph 5 on 0 near 0 fund 0 fuse 0 ttl 1 ti 16 ammo 4 bar 8 want 22 floor 16 bind 0 nbind 0 nnear 0
CREW523 417 site budget slotfs 5 merged 5 won 0 n 69 of 1243
CREW523 417 site spawn slotfs 5 merged 5 won 0 n 69 of 1244
PH523 417 id 4 body 1 arc 2 orth 2 own 0 merged 0 arcclosed 0 ph 5
PH523 417 id 10 body 2 arc 1 orth 5 own 0 merged 0 arcclosed 0 ph 5
CREW523 418 site mag slotfs 5 merged 5 won 0 n 69 of 1245
FUND523 418 ammo 4 bank 0 floor 16 need 20 spare 0 sust 0 flip 39 of 321
MAG522 418 ph 5 on 0 near 0 fund 0 fuse 0 ttl 1 ti 16 ammo 4 bar 8 want 22 floor 16 bind 0 nbind 0 nnear 0
CREW523 418 site budget slotfs 5 merged 5 won 0 n 69 of 1246
CREW523 418 site spawn slotfs 5 merged 5 won 0 n 69 of 1247
PH523 418 id 4 body 1 arc 2 orth 2 own 0 merged 0 arcclosed 0 ph 5
PH523 418 id 10 body 2 arc 1 orth 5 own 0 merged 0 arcclosed 0 ph 5
CREW523 419 site mag slotfs 5 merged 5 won 0 n 69 of 1248
FUND523 419 ammo 4 bank 0 floor 16 need 20 spare 0 sust 0 flip 39 of 322
MAG522 419 ph 5 on 0 near 0 fund 0 fuse 0 ttl 1 ti 16 ammo 4 bar 8 want 22 floor 16 bind 0 nbind 0 nnear 0
CREW523 419 site budget slotfs 5 merged 5 won 0 n 69 of 1249
CREW523 419 site spawn slotfs 5 merged 5 won 0 n 69 of 1250
PH523 419 id 4 body 1 arc 2 orth 2 own 0 merged 0 arcclosed 0 ph 5
PH523 419 id 10 body 2 arc 1 orth 5 own 0 merged 0 arcclosed 0 ph 5
CREW523 420 site mag slotfs 5 merged 5 won 0 n 69 of 1251
FUND523 420 ammo 4 bank 10 floor 16 need 20 spare 0 sust 0 flip 39 of 323
MAG522 420 ph 5 on 0 near 0 fund 0 fuse 0 ttl 1 ti 26 ammo 4 bar 8 want 22 floor 16 bind 0 nbind 0 nnear 0
CREW523 420 site budget slotfs 5 merged 5 won 0 n 69 of 1252
CREW523 420 site spawn slotfs 5 merged 5 won 0 n 69 of 1253
PH523 420 id 4 body 1 arc 2 orth 2 own 0 merged 0 arcclosed 0 ph 5
PH523 420 id 10 body 2 arc 1 orth 5 own 0 merged 0 arcclosed 0 ph 5
CREW523 421 site mag slotfs 5 merged 5 won 0 n 69 of 1254
FUND523 421 ammo 4 bank 0 floor 16 need 20 spare 0 sust 0 flip 39 of 324
MAG522 421 ph 5 on 0 near 0 fund 0 fuse 0 ttl 1 ti 8 ammo 4 bar 8 want 22 floor 16 bind 0 nbind 0 nnear 0
CREW523 421 site budget slotfs 5 merged 5 won 0 n 69 of 1255
CREW523 421 site spawn slotfs 5 merged 5 won 0 n 69 of 1256
PH523 421 id 4 body 1 arc 2 orth 1 own 0 merged 0 arcclosed 0 ph 5
PH523 421 id 10 body 2 arc 1 orth 5 own 0 merged 0 arcclosed 0 ph 5
CREW523 422 site mag slotfs 5 merged 5 won 0 n 69 of 1257
FUND523 422 ammo 4 bank 0 floor 16 need 20 spare 0 sust 0 flip 39 of 325
MAG522 422 ph 5 on 0 near 0 fund 0 fuse 0 ttl 1 ti 8 ammo 4 bar 8 want 22 floor 16 bind 0 nbind 0 nnear 0
CREW523 422 site budget slotfs 5 merged 5 won 0 n 69 of 1258
CREW523 422 site spawn slotfs 5 merged 5 won 0 n 69 of 1259
PH523 422 id 4 body 1 arc 2 orth 1 own 0 merged 0 arcclosed 0 ph 5
PH523 422 id 10 body 2 arc 1 orth 5 own 0 merged 0 arcclosed 0 ph 5
CREW523 423 site mag slotfs 5 merged 5 won 0 n 69 of 1260
FUND523 423 ammo 4 bank 0 floor 16 need 20 spare 0 sust 0 flip 39 of 326
MAG522 423 ph 5 on 0 near 0 fund 0 fuse 0 ttl 1 ti 8 ammo 4 bar 8 want 22 floor 16 bind 0 nbind 0 nnear 0
CREW523 423 site budget slotfs 5 merged 5 won 0 n 69 of 1261
CREW523 423 site spawn slotfs 5 merged 5 won 0 n 69 of 1262
PH523 423 id 4 body 1 arc 2 orth 1 own 0 merged 0 arcclosed 0 ph 5
PH523 423 id 10 body 2 arc 1 orth 5 own 0 merged 0 arcclosed 0 ph 5
CREW523 424 site mag slotfs 5 merged 5 won 0 n 69 of 1263
FUND523 424 ammo 4 bank 2 floor 16 need 20 spare 0 sust 0 flip 39 of 327
MAG522 424 ph 5 on 0 near 0 fund 0 fuse 0 ttl 1 ti 18 ammo 4 bar 8 want 22 floor 16 bind 0 nbind 0 nnear 0
CREW523 424 site budget slotfs 5 merged 5 won 0 n 69 of 1264
CREW523 424 site spawn slotfs 5 merged 5 won 0 n 69 of 1265
PH523 424 id 4 body 1 arc 2 orth 1 own 0 merged 0 arcclosed 0 ph 5
PH523 424 id 10 body 2 arc 1 orth 5 own 0 merged 0 arcclosed 0 ph 5
CREW523 425 site mag slotfs 5 merged 5 won 0 n 69 of 1266
FUND523 425 ammo 6 bank 0 floor 16 need 20 spare 0 sust 0 flip 39 of 328
MAG522 425 ph 5 on 0 near 0 fund 0 fuse 0 ttl 1 ti 16 ammo 6 bar 8 want 22 floor 16 bind 0 nbind 0 nnear 0
CREW523 425 site budget slotfs 5 merged 5 won 0 n 69 of 1267
CREW523 425 site spawn slotfs 5 merged 5 won 0 n 69 of 1268
PH523 425 id 4 body 1 arc 2 orth 2 own 0 merged 0 arcclosed 0 ph 5
PH523 425 id 10 body 2 arc 1 orth 5 own 0 merged 0 arcclosed 0 ph 5
CREW523 426 site mag slotfs 5 merged 5 won 0 n 69 of 1269
FUND523 426 ammo 6 bank 0 floor 16 need 20 spare 0 sust 0 flip 39 of 329
MAG522 426 ph 5 on 0 near 0 fund 0 fuse 0 ttl 1 ti 16 ammo 6 bar 8 want 22 floor 16 bind 0 nbind 0 nnear 0
CREW523 426 site budget slotfs 5 merged 5 won 0 n 69 of 1270
CREW523 426 site spawn slotfs 5 merged 5 won 0 n 69 of 1271
PH523 426 id 4 body 1 arc 2 orth 2 own 0 merged 0 arcclosed 0 ph 5
PH523 426 id 10 body 2 arc 1 orth 5 own 0 merged 0 arcclosed 0 ph 5
CREW523 427 site mag slotfs 5 merged 5 won 0 n 69 of 1272
FUND523 427 ammo 6 bank 0 floor 16 need 20 spare 0 sust 0 flip 39 of 330
MAG522 427 ph 5 on 0 near 0 fund 0 fuse 0 ttl 1 ti 16 ammo 6 bar 8 want 22 floor 16 bind 0 nbind 0 nnear 0
CREW523 427 site budget slotfs 5 merged 5 won 0 n 69 of 1273
CREW523 427 site spawn slotfs 5 merged 5 won 0 n 69 of 1274
PH523 427 id 4 body 1 arc 2 orth 2 own 0 merged 0 arcclosed 0 ph 5
PH523 427 id 10 body 2 arc 1 orth 5 own 0 merged 0 arcclosed 0 ph 5
CREW523 428 site mag slotfs 5 merged 5 won 0 n 69 of 1275
FUND523 428 ammo 6 bank 10 floor 16 need 20 spare 0 sust 0 flip 39 of 331
MAG522 428 ph 5 on 0 near 0 fund 0 fuse 0 ttl 1 ti 26 ammo 6 bar 8 want 22 floor 16 bind 0 nbind 0 nnear 0
CREW523 428 site budget slotfs 5 merged 5 won 0 n 69 of 1276
CREW523 428 site spawn slotfs 5 merged 5 won 0 n 69 of 1277
PH523 428 id 4 body 1 arc 2 orth 2 own 0 merged 0 arcclosed 0 ph 5
PH523 428 id 10 body 2 arc 1 orth 5 own 0 merged 0 arcclosed 0 ph 5
CREW523 429 site mag slotfs 5 merged 5 won 0 n 69 of 1278
FUND523 429 ammo 6 bank 0 floor 16 need 20 spare 0 sust 0 flip 39 of 332
MAG522 429 ph 5 on 0 near 0 fund 0 fuse 0 ttl 1 ti 16 ammo 6 bar 8 want 22 floor 16 bind 0 nbind 0 nnear 0
CREW523 429 site budget slotfs 5 merged 5 won 0 n 69 of 1279
CREW523 429 site spawn slotfs 5 merged 5 won 0 n 69 of 1280
PH523 429 id 4 body 1 arc 2 orth 2 own 0 merged 0 arcclosed 0 ph 5
PH523 429 id 10 body 2 arc 1 orth 5 own 0 merged 0 arcclosed 0 ph 5
CREW523 430 site mag slotfs 5 merged 5 won 0 n 69 of 1281
FUND523 430 ammo 6 bank 0 floor 16 need 20 spare 0 sust 0 flip 39 of 333
MAG522 430 ph 5 on 0 near 0 fund 0 fuse 0 ttl 1 ti 8 ammo 6 bar 8 want 22 floor 16 bind 0 nbind 0 nnear 0
CREW523 430 site budget slotfs 5 merged 5 won 0 n 69 of 1282
CREW523 430 site spawn slotfs 5 merged 5 won 0 n 69 of 1283
PH523 430 id 4 body 1 arc 2 orth 1 own 0 merged 0 arcclosed 0 ph 5
PH523 430 id 10 body 2 arc 1 orth 5 own 0 merged 0 arcclosed 0 ph 5
CREW523 431 site mag slotfs 5 merged 5 won 0 n 69 of 1284
FUND523 431 ammo 6 bank 0 floor 16 need 20 spare 0 sust 0 flip 39 of 334
MAG522 431 ph 5 on 0 near 0 fund 0 fuse 0 ttl 1 ti 8 ammo 6 bar 8 want 22 floor 16 bind 0 nbind 0 nnear 0
CREW523 431 site budget slotfs 5 merged 5 won 0 n 69 of 1285
CREW523 431 site spawn slotfs 5 merged 5 won 0 n 69 of 1286
PH523 431 id 4 body 1 arc 2 orth 1 own 0 merged 0 arcclosed 0 ph 5
PH523 431 id 10 body 2 arc 1 orth 5 own 0 merged 0 arcclosed 0 ph 5
CREW523 432 site mag slotfs 5 merged 5 won 0 n 69 of 1287
FUND523 432 ammo 6 bank 2 floor 16 need 20 spare 0 sust 0 flip 39 of 335
MAG522 432 ph 5 on 0 near 0 fund 0 fuse 0 ttl 1 ti 18 ammo 6 bar 8 want 22 floor 16 bind 0 nbind 0 nnear 0
CREW523 432 site budget slotfs 5 merged 5 won 0 n 69 of 1288
CREW523 432 site spawn slotfs 5 merged 5 won 0 n 69 of 1289
PH523 432 id 4 body 1 arc 2 orth 1 own 0 merged 0 arcclosed 0 ph 5
PH523 432 id 10 body 2 arc 1 orth 5 own 0 merged 0 arcclosed 0 ph 5
CREW523 433 site mag slotfs 5 merged 5 won 0 n 69 of 1290
FUND523 433 ammo 8 bank 0 floor 16 need 20 spare 0 sust 0 flip 39 of 336
MAG522 433 ph 5 on 0 near 0 fund 0 fuse 0 ttl 1 ti 16 ammo 8 bar 8 want 22 floor 16 bind 0 nbind 0 nnear 0
CREW523 433 site budget slotfs 5 merged 5 won 0 n 69 of 1291
CREW523 433 site spawn slotfs 5 merged 5 won 0 n 69 of 1292
PH523 433 id 4 body 1 arc 2 orth 2 own 0 merged 0 arcclosed 0 ph 5
PH523 433 id 10 body 2 arc 1 orth 5 own 0 merged 0 arcclosed 0 ph 5
CREW523 434 site mag slotfs 5 merged 5 won 0 n 69 of 1293
FUND523 434 ammo 8 bank 0 floor 16 need 20 spare 0 sust 0 flip 39 of 337
MAG522 434 ph 5 on 0 near 0 fund 0 fuse 0 ttl 1 ti 16 ammo 8 bar 8 want 22 floor 16 bind 0 nbind 0 nnear 0
CREW523 434 site budget slotfs 5 merged 5 won 0 n 69 of 1294
CREW523 434 site spawn slotfs 5 merged 5 won 0 n 69 of 1295
PH523 434 id 4 body 1 arc 2 orth 2 own 0 merged 0 arcclosed 0 ph 5
PH523 434 id 10 body 2 arc 1 orth 5 own 0 merged 0 arcclosed 0 ph 5
CREW523 435 site mag slotfs 5 merged 5 won 0 n 69 of 1296
FUND523 435 ammo 8 bank 0 floor 16 need 20 spare 0 sust 0 flip 39 of 338
MAG522 435 ph 5 on 0 near 0 fund 0 fuse 0 ttl 1 ti 16 ammo 8 bar 8 want 22 floor 16 bind 0 nbind 0 nnear 0
CREW523 435 site budget slotfs 5 merged 5 won 0 n 69 of 1297
CREW523 435 site spawn slotfs 5 merged 5 won 0 n 69 of 1298
PH523 435 id 4 body 1 arc 2 orth 2 own 0 merged 0 arcclosed 0 ph 5
PH523 435 id 10 body 2 arc 1 orth 5 own 0 merged 0 arcclosed 0 ph 5
CREW523 436 site mag slotfs 5 merged 5 won 0 n 69 of 1299
FUND523 436 ammo 8 bank 10 floor 16 need 20 spare 0 sust 0 flip 39 of 339
MAG522 436 ph 5 on 0 near 0 fund 0 fuse 0 ttl 1 ti 26 ammo 8 bar 8 want 22 floor 16 bind 0 nbind 0 nnear 0
CREW523 436 site budget slotfs 5 merged 5 won 0 n 69 of 1300
CREW523 436 site spawn slotfs 5 merged 5 won 0 n 69 of 1301
PH523 436 id 4 body 1 arc 2 orth 2 own 0 merged 0 arcclosed 0 ph 5
PH523 436 id 10 body 2 arc 1 orth 5 own 0 merged 0 arcclosed 0 ph 5
CREW523 437 site mag slotfs 5 merged 5 won 0 n 69 of 1302
FUND523 437 ammo 8 bank 0 floor 16 need 20 spare 0 sust 0 flip 39 of 340
MAG522 437 ph 5 on 0 near 0 fund 0 fuse 0 ttl 1 ti 8 ammo 8 bar 8 want 22 floor 16 bind 0 nbind 0 nnear 0
CREW523 437 site budget slotfs 5 merged 5 won 0 n 69 of 1303
CREW523 437 site spawn slotfs 5 merged 5 won 0 n 69 of 1304
PH523 437 id 4 body 1 arc 2 orth 1 own 0 merged 0 arcclosed 0 ph 5
PH523 437 id 10 body 2 arc 1 orth 5 own 0 merged 0 arcclosed 0 ph 5
CREW523 438 site mag slotfs 5 merged 5 won 0 n 69 of 1305
FUND523 438 ammo 8 bank 0 floor 16 need 20 spare 0 sust 0 flip 39 of 341
MAG522 438 ph 5 on 0 near 0 fund 0 fuse 0 ttl 1 ti 8 ammo 8 bar 8 want 22 floor 16 bind 0 nbind 0 nnear 0
CREW523 438 site budget slotfs 5 merged 5 won 0 n 69 of 1306
CREW523 438 site spawn slotfs 5 merged 5 won 0 n 69 of 1307
PH523 438 id 4 body 1 arc 2 orth 1 own 0 merged 0 arcclosed 0 ph 5
PH523 438 id 10 body 2 arc 1 orth 5 own 0 merged 0 arcclosed 0 ph 5
CREW523 439 site mag slotfs 5 merged 5 won 0 n 69 of 1308
FUND523 439 ammo 8 bank 0 floor 16 need 20 spare 0 sust 0 flip 39 of 342
MAG522 439 ph 5 on 0 near 0 fund 0 fuse 0 ttl 1 ti 8 ammo 8 bar 8 want 22 floor 16 bind 0 nbind 0 nnear 0
CREW523 439 site budget slotfs 5 merged 5 won 0 n 69 of 1309
CREW523 439 site spawn slotfs 5 merged 5 won 0 n 69 of 1310
PH523 439 id 4 body 1 arc 2 orth 1 own 0 merged 0 arcclosed 0 ph 5
PH523 439 id 10 body 2 arc 1 orth 5 own 0 merged 0 arcclosed 0 ph 5
CREW523 440 site mag slotfs 5 merged 5 won 0 n 69 of 1311
FUND523 440 ammo 8 bank 2 floor 16 need 20 spare 0 sust 0 flip 39 of 343
MAG522 440 ph 5 on 0 near 0 fund 0 fuse 0 ttl 1 ti 18 ammo 8 bar 8 want 22 floor 16 bind 0 nbind 0 nnear 0
CREW523 440 site budget slotfs 5 merged 5 won 0 n 69 of 1312
CREW523 440 site spawn slotfs 5 merged 5 won 0 n 69 of 1313
PH523 440 id 4 body 1 arc 2 orth 1 own 0 merged 0 arcclosed 0 ph 5
PH523 440 id 10 body 2 arc 1 orth 5 own 0 merged 0 arcclosed 0 ph 5
CREW523 441 site mag slotfs 5 merged 5 won 0 n 69 of 1314
FUND523 441 ammo 0 bank 0 floor 16 need 20 spare 0 sust 0 flip 39 of 344
MAG522 441 ph 5 on 0 near 0 fund 0 fuse 0 ttl 1 ti 16 ammo 0 bar 8 want 22 floor 16 bind 0 nbind 0 nnear 0
CREW523 441 site budget slotfs 5 merged 5 won 0 n 69 of 1315
CREW523 441 site spawn slotfs 5 merged 5 won 0 n 69 of 1316
PH523 441 id 4 body 1 arc 2 orth 2 own 0 merged 0 arcclosed 0 ph 5
PH523 441 id 10 body 2 arc 1 orth 5 own 0 merged 0 arcclosed 0 ph 5
CREW523 442 site mag slotfs 5 merged 5 won 0 n 69 of 1317
FUND523 442 ammo 0 bank 0 floor 16 need 20 spare 0 sust 0 flip 39 of 345
MAG522 442 ph 5 on 0 near 0 fund 0 fuse 0 ttl 1 ti 16 ammo 0 bar 8 want 22 floor 16 bind 0 nbind 0 nnear 0
CREW523 442 site budget slotfs 5 merged 5 won 0 n 69 of 1318
CREW523 442 site spawn slotfs 5 merged 5 won 0 n 69 of 1319
PH523 442 id 4 body 1 arc 2 orth 2 own 0 merged 0 arcclosed 0 ph 5
PH523 442 id 10 body 2 arc 1 orth 5 own 0 merged 0 arcclosed 0 ph 5
CREW523 443 site mag slotfs 5 merged 5 won 0 n 69 of 1320
FUND523 443 ammo 0 bank 0 floor 16 need 20 spare 0 sust 0 flip 39 of 346
MAG522 443 ph 5 on 0 near 0 fund 0 fuse 0 ttl 1 ti 16 ammo 0 bar 8 want 22 floor 16 bind 0 nbind 0 nnear 0
CREW523 443 site budget slotfs 5 merged 5 won 0 n 69 of 1321
CREW523 443 site spawn slotfs 5 merged 5 won 0 n 69 of 1322
PH523 443 id 4 body 1 arc 2 orth 2 own 0 merged 0 arcclosed 0 ph 5
PH523 443 id 10 body 2 arc 1 orth 5 own 0 merged 0 arcclosed 0 ph 5
CREW523 444 site mag slotfs 5 merged 5 won 0 n 69 of 1323
FUND523 444 ammo 0 bank 10 floor 16 need 20 spare 0 sust 0 flip 39 of 347
MAG522 444 ph 5 on 0 near 0 fund 0 fuse 0 ttl 1 ti 26 ammo 0 bar 8 want 22 floor 16 bind 0 nbind 0 nnear 0
CREW523 444 site budget slotfs 5 merged 5 won 0 n 69 of 1324
CREW523 444 site spawn slotfs 5 merged 5 won 0 n 69 of 1325
PH523 444 id 4 body 1 arc 2 orth 2 own 0 merged 0 arcclosed 0 ph 5
PH523 444 id 10 body 2 arc 1 orth 5 own 0 merged 0 arcclosed 0 ph 5
