ts	shard	game	map	seed	seat	winner	cond	turns
2026-08-11T14:15:26Z	CAP6	0	antler	5000	A	T	core_destroyed	183
2026-08-11T14:15:29Z	CAP6	1	antler	5000	B	C	core_destroyed	375
2026-08-11T14:15:31Z	CAP6	2	atoll	5000	A	C	core_destroyed	136
2026-08-11T14:15:37Z	CAP6	3	atoll	5000	B	C	core_destroyed	448
2026-08-11T14:15:43Z	CAP6	4	drumlin	5000	A	C	core_destroyed	424
2026-08-11T14:15:46Z	CAP6	5	drumlin	5000	B	T	core_destroyed	178
2026-08-11T14:15:48Z	CAP6	6	fjordgate	5000	A	T	core_destroyed	207
2026-08-11T14:15:49Z	CAP6	7	fjordgate	5000	B	T	core_destroyed	168
2026-08-11T14:15:52Z	CAP6	8	heart	5000	A	T	core_destroyed	118
2026-08-11T14:15:56Z	CAP6	9	heart	5000	B	T	core_destroyed	244
2026-08-11T14:15:59Z	CAP6	10	hive	5000	A	C	core_destroyed	148
2026-08-11T14:16:03Z	CAP6	11	hive	5000	B	T	core_destroyed	202
2026-08-11T14:16:05Z	CAP6	12	meander	5000	A	T	core_destroyed	146
2026-08-11T14:16:06Z	CAP6	13	meander	5000	B	T	core_destroyed	152
2026-08-11T14:16:09Z	CAP6	14	nordkap	5000	A	T	core_destroyed	212
2026-08-11T14:16:12Z	CAP6	15	nordkap	5000	B	T	core_destroyed	200
2026-08-11T14:16:13Z	CAP6	16	antler	5001	A	C	core_destroyed	116
2026-08-11T14:16:16Z	CAP6	17	antler	5001	B	C	core_destroyed	134
2026-08-11T14:16:19Z	CAP6	18	atoll	5001	A	C	core_destroyed	461
2026-08-11T14:16:21Z	CAP6	19	atoll	5001	B	T	core_destroyed	144
2026-08-11T14:16:22Z	CAP6	20	drumlin	5001	A	C	core_destroyed	148
2026-08-11T14:16:25Z	CAP6	21	drumlin	5001	B	T	core_destroyed	148
2026-08-11T14:16:26Z	CAP6	22	fjordgate	5001	A	T	core_destroyed	159
2026-08-11T14:16:28Z	CAP6	23	fjordgate	5001	B	T	core_destroyed	175
2026-08-11T14:16:30Z	CAP6	24	heart	5001	A	T	core_destroyed	143
2026-08-11T14:16:34Z	CAP6	25	heart	5001	B	C	core_destroyed	193
2026-08-11T14:16:40Z	CAP6	26	hive	5001	A	C	core_destroyed	296
2026-08-11T14:16:45Z	CAP6	27	hive	5001	B	T	core_destroyed	298
2026-08-11T14:16:47Z	CAP6	28	meander	5001	A	T	core_destroyed	149
2026-08-11T14:16:49Z	CAP6	29	meander	5001	B	C	core_destroyed	246
2026-08-11T14:17:02Z	CAP6	30	nordkap	5001	A	C	tiebreak	1000
2026-08-11T14:17:05Z	CAP6	31	nordkap	5001	B	T	core_destroyed	301
2026-08-11T14:17:07Z	CAP6	32	antler	5002	A	C	core_destroyed	148
2026-08-11T14:17:08Z	CAP6	33	antler	5002	B	T	core_destroyed	124
2026-08-11T14:17:11Z	CAP6	34	atoll	5002	A	C	core_destroyed	158
2026-08-11T14:17:16Z	CAP6	35	atoll	5002	B	C	core_destroyed	413
2026-08-11T14:17:19Z	CAP6	36	drumlin	5002	A	T	core_destroyed	266
2026-08-11T14:17:21Z	CAP6	37	drumlin	5002	B	C	core_destroyed	94
2026-08-11T14:17:23Z	CAP6	38	fjordgate	5002	A	C	core_destroyed	165
2026-08-11T14:17:24Z	CAP6	39	fjordgate	5002	B	C	core_destroyed	158
2026-08-11T14:17:27Z	CAP6	40	heart	5002	A	T	core_destroyed	128
2026-08-11T14:17:36Z	CAP6	41	heart	5002	B	C	core_destroyed	552
2026-08-11T14:17:50Z	CAP6	42	hive	5002	A	C	core_destroyed	683
2026-08-11T14:17:52Z	CAP6	43	hive	5002	B	C	core_destroyed	144
2026-08-11T14:17:54Z	CAP6	44	meander	5002	A	C	core_destroyed	175
2026-08-11T14:17:57Z	CAP6	45	meander	5002	B	T	core_destroyed	139
2026-08-11T14:17:59Z	CAP6	46	nordkap	5002	A	T	core_destroyed	130
2026-08-11T14:18:02Z	CAP6	47	nordkap	5002	B	T	core_destroyed	208
2026-08-11T14:18:04Z	CAP6	48	antler	5003	A	T	core_destroyed	230
2026-08-11T14:18:09Z	CAP6	49	antler	5003	B	C	core_destroyed	305
2026-08-11T14:18:19Z	CAP6	50	atoll	5003	A	C	tiebreak	1000
2026-08-11T14:18:25Z	CAP6	51	atoll	5003	B	C	core_destroyed	393
2026-08-11T14:18:27Z	CAP6	52	drumlin	5003	A	C	core_destroyed	90
2026-08-11T14:18:34Z	CAP6	53	drumlin	5003	B	T	core_destroyed	355
2026-08-11T14:20:18Z	CAP6	54	antler	5003	A	T	core_destroyed	215
2026-08-11T14:20:21Z	CAP6	55	antler	5003	B	C	core_destroyed	236
2026-08-11T14:20:24Z	CAP6	56	atoll	5003	A	T	core_destroyed	817
2026-08-11T14:20:26Z	CAP6	57	atoll	5003	B	T	core_destroyed	248
2026-08-11T14:20:28Z	CAP6	58	drumlin	5003	A	T	core_destroyed	128
2026-08-11T14:20:31Z	CAP6	59	drumlin	5003	B	C	core_destroyed	237
2026-08-11T14:20:33Z	CAP6	60	fjordgate	5003	A	T	core_destroyed	477
2026-08-11T14:20:34Z	CAP6	61	fjordgate	5003	B	T	core_destroyed	106
2026-08-11T14:20:42Z	CAP6	62	heart	5003	A	T	core_destroyed	455
2026-08-11T14:20:44Z	CAP6	63	heart	5003	B	C	core_destroyed	134
2026-08-11T14:20:47Z	CAP6	64	hive	5003	A	C	core_destroyed	222
2026-08-11T14:20:52Z	CAP6	65	hive	5003	B	T	core_destroyed	270
2026-08-11T14:20:54Z	CAP6	66	meander	5003	A	C	core_destroyed	194
2026-08-11T14:20:56Z	CAP6	67	meander	5003	B	C	core_destroyed	343
2026-08-11T14:20:58Z	CAP6	68	nordkap	5003	A	T	core_destroyed	117
2026-08-11T14:21:01Z	CAP6	69	nordkap	5003	B	C	core_destroyed	207
2026-08-11T14:21:03Z	CAP6	70	antler	5004	A	T	core_destroyed	150
2026-08-11T14:21:07Z	CAP6	71	antler	5004	B	C	core_destroyed	265
2026-08-11T14:21:08Z	CAP6	72	atoll	5004	A	C	core_destroyed	116
2026-08-11T14:21:11Z	CAP6	73	atoll	5004	B	C	core_destroyed	684
2026-08-11T14:21:13Z	CAP6	74	drumlin	5004	A	T	core_destroyed	151
2026-08-11T14:21:16Z	CAP6	75	drumlin	5004	B	C	core_destroyed	252
2026-08-11T14:21:25Z	CAP6	76	fjordgate	5004	A	T	tiebreak	1000
2026-08-11T14:21:27Z	CAP6	77	fjordgate	5004	B	C	core_destroyed	380
2026-08-11T14:21:31Z	CAP6	78	heart	5004	A	C	core_destroyed	211
2026-08-11T14:21:36Z	CAP6	79	heart	5004	B	T	core_destroyed	226
2026-08-11T14:21:42Z	CAP6	80	hive	5004	A	T	core_destroyed	376
2026-08-11T14:21:47Z	CAP6	81	hive	5004	B	T	core_destroyed	255
2026-08-11T14:21:48Z	CAP6	82	meander	5004	A	C	core_destroyed	115
2026-08-11T14:21:50Z	CAP6	83	meander	5004	B	T	core_destroyed	221
2026-08-11T14:21:53Z	CAP6	84	nordkap	5004	A	T	core_destroyed	190
2026-08-11T14:21:56Z	CAP6	85	nordkap	5004	B	T	tiebreak	240
2026-08-11T14:21:59Z	CAP6	86	antler	5005	A	T	tiebreak	1000
2026-08-11T14:22:01Z	CAP6	87	antler	5005	B	C	core_destroyed	140
2026-08-11T14:22:03Z	CAP6	88	atoll	5005	A	T	core_destroyed	525
2026-08-11T14:22:05Z	CAP6	89	atoll	5005	B	C	core_destroyed	148
2026-08-11T14:22:11Z	CAP6	90	drumlin	5005	A	T	core_destroyed	410
2026-08-11T14:22:20Z	CAP6	91	drumlin	5005	B	T	core_destroyed	580
2026-08-11T14:22:21Z	CAP6	92	fjordgate	5005	A	T	core_destroyed	213
2026-08-11T14:22:23Z	CAP6	93	fjordgate	5005	B	C	core_destroyed	151
2026-08-11T14:22:32Z	CAP6	94	heart	5005	A	C	core_destroyed	456
2026-08-11T14:22:36Z	CAP6	95	heart	5005	B	T	core_destroyed	168
2026-08-11T14:22:40Z	CAP6	96	hive	5005	A	T	core_destroyed	226
2026-08-11T14:22:45Z	CAP6	97	hive	5005	B	C	core_destroyed	332
2026-08-11T14:22:48Z	CAP6	98	meander	5005	A	C	core_destroyed	248
2026-08-11T14:22:50Z	CAP6	99	meander	5005	B	T	core_destroyed	184
2026-08-11T14:22:52Z	CAP6	100	nordkap	5005	A	C	core_destroyed	166
2026-08-11T14:22:54Z	CAP6	101	nordkap	5005	B	C	core_destroyed	196
2026-08-11T14:22:56Z	CAP6	102	antler	5006	A	T	core_destroyed	208
2026-08-11T14:22:59Z	CAP6	103	antler	5006	B	C	core_destroyed	373
2026-08-11T14:23:02Z	CAP6	104	atoll	5006	A	T	core_destroyed	387
2026-08-11T14:23:04Z	CAP6	105	atoll	5006	B	T	core_destroyed	211
2026-08-11T14:23:10Z	CAP6	106	drumlin	5006	A	C	core_destroyed	521
2026-08-11T14:23:13Z	CAP6	107	drumlin	5006	B	T	core_destroyed	221
2026-08-11T14:23:14Z	CAP6	108	fjordgate	5006	A	C	core_destroyed	154
2026-08-11T14:23:16Z	CAP6	109	fjordgate	5006	B	C	core_destroyed	246
2026-08-11T14:23:22Z	CAP6	110	heart	5006	A	T	core_destroyed	320
2026-08-11T14:23:24Z	CAP6	111	heart	5006	B	T	core_destroyed	133
2026-08-11T14:23:31Z	CAP6	112	hive	5006	A	T	core_destroyed	417
2026-08-11T14:23:37Z	CAP6	113	hive	5006	B	T	core_destroyed	326
2026-08-11T14:23:39Z	CAP6	114	meander	5006	A	T	core_destroyed	209
2026-08-11T14:23:41Z	CAP6	115	meander	5006	B	C	core_destroyed	194
2026-08-11T14:23:44Z	CAP6	116	nordkap	5006	A	T	core_destroyed	280
2026-08-11T14:23:46Z	CAP6	117	nordkap	5006	B	C	core_destroyed	185
2026-08-11T14:23:49Z	CAP6	118	antler	5007	A	C	core_destroyed	320
2026-08-11T14:23:58Z	CAP6	119	antler	5007	B	T	tiebreak	1000
2026-08-11T14:24:00Z	CAP6	120	atoll	5007	A	C	core_destroyed	212
2026-08-11T14:24:02Z	CAP6	121	atoll	5007	B	C	core_destroyed	105
2026-08-11T14:24:04Z	CAP6	122	drumlin	5007	A	T	core_destroyed	192
2026-08-11T14:24:07Z	CAP6	123	drumlin	5007	B	C	core_destroyed	265
2026-08-11T14:24:09Z	CAP6	124	fjordgate	5007	A	C	core_destroyed	241
2026-08-11T14:24:11Z	CAP6	125	fjordgate	5007	B	T	core_destroyed	101
2026-08-11T14:24:18Z	CAP6	126	heart	5007	A	C	core_destroyed	658
2026-08-11T14:24:23Z	CAP6	127	heart	5007	B	C	core_destroyed	749
2026-08-11T14:24:27Z	CAP6	128	hive	5007	A	T	core_destroyed	265
2026-08-11T14:24:30Z	CAP6	129	hive	5007	B	T	core_destroyed	147
2026-08-11T14:24:32Z	CAP6	130	meander	5007	A	T	core_destroyed	254
2026-08-11T14:24:34Z	CAP6	131	meander	5007	B	C	core_destroyed	310
2026-08-11T14:24:36Z	CAP6	132	nordkap	5007	A	T	core_destroyed	209
2026-08-11T14:24:38Z	CAP6	133	nordkap	5007	B	C	core_destroyed	136
2026-08-11T14:24:40Z	CAP6	134	antler	5008	A	T	core_destroyed	159
2026-08-11T14:24:42Z	CAP6	135	antler	5008	B	C	core_destroyed	208
2026-08-11T14:24:44Z	CAP6	136	atoll	5008	A	T	core_destroyed	125
2026-08-11T14:24:45Z	CAP6	137	atoll	5008	B	T	core_destroyed	112
2026-08-11T14:24:47Z	CAP6	138	drumlin	5008	A	T	core_destroyed	107
2026-08-11T14:24:50Z	CAP6	139	drumlin	5008	B	T	core_destroyed	275
2026-08-11T14:24:51Z	CAP6	140	fjordgate	5008	A	C	core_destroyed	216
2026-08-11T14:24:54Z	CAP6	141	fjordgate	5008	B	C	core_destroyed	442
2026-08-11T14:25:00Z	CAP6	142	heart	5008	A	C	core_destroyed	332
2026-08-11T14:25:14Z	CAP6	143	heart	5008	B	T	core_destroyed	759
2026-08-11T14:25:17Z	CAP6	144	hive	5008	A	T	core_destroyed	204
2026-08-11T14:25:32Z	CAP6	145	hive	5008	B	T	core_destroyed	688
2026-08-11T14:25:34Z	CAP6	146	meander	5008	A	T	core_destroyed	186
2026-08-11T14:25:37Z	CAP6	147	meander	5008	B	C	core_destroyed	194
2026-08-11T14:25:38Z	CAP6	148	nordkap	5008	A	T	core_destroyed	143
2026-08-11T14:25:40Z	CAP6	149	nordkap	5008	B	C	core_destroyed	119
2026-08-11T14:25:42Z	CAP6	150	antler	5009	A	C	core_destroyed	112
2026-08-11T14:25:44Z	CAP6	151	antler	5009	B	T	core_destroyed	262
2026-08-11T14:25:46Z	CAP6	152	atoll	5009	A	C	core_destroyed	147
2026-08-11T14:25:52Z	CAP6	153	atoll	5009	B	T	core_destroyed	618
2026-08-11T14:26:00Z	CAP6	154	drumlin	5009	A	C	core_destroyed	484
2026-08-11T14:26:03Z	CAP6	155	drumlin	5009	B	C	core_destroyed	206
2026-08-11T14:26:04Z	CAP6	156	fjordgate	5009	A	C	core_destroyed	281
2026-08-11T14:26:06Z	CAP6	157	fjordgate	5009	B	C	core_destroyed	477
2026-08-11T14:26:13Z	CAP6	158	heart	5009	A	C	core_destroyed	302
2026-08-11T14:26:15Z	CAP6	159	heart	5009	B	C	core_destroyed	124
2026-08-11T14:26:18Z	CAP6	160	hive	5009	A	C	core_destroyed	154
2026-08-11T14:26:21Z	CAP6	161	hive	5009	B	T	core_destroyed	264
2026-08-11T14:26:23Z	CAP6	162	meander	5009	A	T	core_destroyed	181
2026-08-11T14:26:26Z	CAP6	163	meander	5009	B	C	core_destroyed	290
2026-08-11T14:26:28Z	CAP6	164	nordkap	5009	A	T	core_destroyed	131
2026-08-11T14:26:33Z	CAP6	165	nordkap	5009	B	C	core_destroyed	349
2026-08-11T14:26:35Z	CAP6	166	antler	5010	A	T	core_destroyed	129
2026-08-11T14:26:38Z	CAP6	167	antler	5010	B	T	core_destroyed	179
2026-08-11T14:26:49Z	CAP6	168	atoll	5010	A	T	core_destroyed	836
2026-08-11T14:26:51Z	CAP6	169	atoll	5010	B	T	core_destroyed	156
2026-08-11T14:26:57Z	CAP6	170	drumlin	5010	A	T	core_destroyed	407
2026-08-11T14:26:59Z	CAP6	171	drumlin	5010	B	C	core_destroyed	88
2026-08-11T14:27:00Z	CAP6	172	fjordgate	5010	A	T	core_destroyed	161
2026-08-11T14:27:02Z	CAP6	173	fjordgate	5010	B	C	core_destroyed	139
2026-08-11T14:27:05Z	CAP6	174	heart	5010	A	C	core_destroyed	219
2026-08-11T14:27:07Z	CAP6	175	heart	5010	B	C	core_destroyed	116
2026-08-11T14:27:12Z	CAP6	176	hive	5010	A	T	core_destroyed	353
2026-08-11T14:27:14Z	CAP6	177	hive	5010	B	C	core_destroyed	100
2026-08-11T14:27:16Z	CAP6	178	meander	5010	A	C	core_destroyed	180
2026-08-11T14:27:19Z	CAP6	179	meander	5010	B	C	core_destroyed	217
2026-08-11T14:27:22Z	CAP6	180	nordkap	5010	A	C	core_destroyed	267
2026-08-11T14:27:23Z	CAP6	181	nordkap	5010	B	C	core_destroyed	83
2026-08-11T14:27:26Z	CAP6	182	antler	5011	A	C	core_destroyed	322
2026-08-11T14:27:28Z	CAP6	183	antler	5011	B	C	core_destroyed	401
2026-08-11T14:27:32Z	CAP6	184	atoll	5011	A	C	core_destroyed	291
2026-08-11T14:27:34Z	CAP6	185	atoll	5011	B	C	core_destroyed	167
2026-08-11T14:27:36Z	CAP6	186	drumlin	5011	A	C	core_destroyed	138
2026-08-11T14:27:41Z	CAP6	187	drumlin	5011	B	C	core_destroyed	281
2026-08-11T14:27:42Z	CAP6	188	fjordgate	5011	A	T	core_destroyed	156
2026-08-11T14:27:44Z	CAP6	189	fjordgate	5011	B	T	core_destroyed	134
2026-08-11T14:27:48Z	CAP6	190	heart	5011	A	C	core_destroyed	205
2026-08-11T14:27:50Z	CAP6	191	heart	5011	B	T	core_destroyed	177
2026-08-11T14:27:56Z	CAP6	192	hive	5011	A	T	core_destroyed	297
2026-08-11T14:28:02Z	CAP6	193	hive	5011	B	C	core_destroyed	359
2026-08-11T14:28:05Z	CAP6	194	meander	5011	A	C	core_destroyed	174
2026-08-11T14:28:07Z	CAP6	195	meander	5011	B	C	core_destroyed	172
2026-08-11T14:28:09Z	CAP6	196	nordkap	5011	A	T	core_destroyed	165
2026-08-11T14:28:13Z	CAP6	197	nordkap	5011	B	C	core_destroyed	366
2026-08-11T14:28:16Z	CAP6	198	antler	5012	A	T	core_destroyed	150
2026-08-11T14:28:19Z	CAP6	199	antler	5012	B	C	tiebreak	1000
2026-08-11T14:28:21Z	CAP6	200	atoll	5012	A	T	core_destroyed	336
2026-08-11T14:28:23Z	CAP6	201	atoll	5012	B	T	core_destroyed	146
2026-08-11T14:28:28Z	CAP6	202	drumlin	5012	A	T	core_destroyed	312
2026-08-11T14:28:30Z	CAP6	203	drumlin	5012	B	C	core_destroyed	207
2026-08-11T14:28:32Z	CAP6	204	fjordgate	5012	A	C	core_destroyed	137
2026-08-11T14:28:34Z	CAP6	205	fjordgate	5012	B	C	core_destroyed	361
2026-08-11T14:28:37Z	CAP6	206	heart	5012	A	C	core_destroyed	115
2026-08-11T14:28:55Z	CAP6	207	heart	5012	B	T	tiebreak	1000
2026-08-11T14:28:58Z	CAP6	208	hive	5012	A	C	core_destroyed	199
2026-08-11T14:29:01Z	CAP6	209	hive	5012	B	T	core_destroyed	152
2026-08-11T14:29:03Z	CAP6	210	meander	5012	A	C	core_destroyed	127
2026-08-11T14:29:04Z	CAP6	211	meander	5012	B	C	core_destroyed	140
2026-08-11T14:29:07Z	CAP6	212	nordkap	5012	A	C	core_destroyed	276
2026-08-11T14:29:09Z	CAP6	213	nordkap	5012	B	C	core_destroyed	167
2026-08-11T14:29:10Z	CAP6	214	antler	5013	A	T	core_destroyed	162
2026-08-11T14:29:13Z	CAP6	215	antler	5013	B	T	core_destroyed	164
2026-08-11T14:29:17Z	CAP6	216	atoll	5013	A	T	core_destroyed	290
2026-08-11T14:29:19Z	CAP6	217	atoll	5013	B	T	core_destroyed	112
2026-08-11T14:29:22Z	CAP6	218	drumlin	5013	A	C	core_destroyed	235
2026-08-11T14:29:31Z	CAP6	219	drumlin	5013	B	T	core_destroyed	529
2026-08-11T14:29:33Z	CAP6	220	fjordgate	5013	A	C	core_destroyed	273
2026-08-11T14:29:35Z	CAP6	221	fjordgate	5013	B	T	core_destroyed	153
2026-08-11T14:29:43Z	CAP6	222	heart	5013	A	C	core_destroyed	350
2026-08-11T14:29:47Z	CAP6	223	heart	5013	B	C	core_destroyed	213
2026-08-11T14:29:53Z	CAP6	224	hive	5013	A	T	core_destroyed	304
2026-08-11T14:29:59Z	CAP6	225	hive	5013	B	C	core_destroyed	435
2026-08-11T14:30:02Z	CAP6	226	meander	5013	A	T	core_destroyed	211
2026-08-11T14:30:04Z	CAP6	227	meander	5013	B	T	core_destroyed	115
2026-08-11T14:30:06Z	CAP6	228	nordkap	5013	A	C	core_destroyed	143
2026-08-11T14:30:08Z	CAP6	229	nordkap	5013	B	C	core_destroyed	197
2026-08-11T14:30:10Z	CAP6	230	antler	5014	A	C	core_destroyed	134
2026-08-11T14:30:13Z	CAP6	231	antler	5014	B	C	core_destroyed	217
2026-08-11T14:30:15Z	CAP6	232	atoll	5014	A	C	core_destroyed	244
2026-08-11T14:30:17Z	CAP6	233	atoll	5014	B	C	core_destroyed	113
2026-08-11T14:30:23Z	CAP6	234	drumlin	5014	A	T	core_destroyed	424
2026-08-11T14:30:26Z	CAP6	235	drumlin	5014	B	C	core_destroyed	264
2026-08-11T14:30:28Z	CAP6	236	fjordgate	5014	A	T	core_destroyed	181
2026-08-11T14:30:29Z	CAP6	237	fjordgate	5014	B	C	core_destroyed	152
2026-08-11T14:30:32Z	CAP6	238	heart	5014	A	C	core_destroyed	152
2026-08-11T14:30:34Z	CAP6	239	heart	5014	B	C	core_destroyed	141
2026-08-11T14:30:37Z	CAP6	240	hive	5014	A	T	core_destroyed	167
2026-08-11T14:30:44Z	CAP6	241	hive	5014	B	T	core_destroyed	302
2026-08-11T14:30:45Z	CAP6	242	meander	5014	A	C	core_destroyed	160
2026-08-11T14:30:48Z	CAP6	243	meander	5014	B	C	core_destroyed	208
2026-08-11T14:30:50Z	CAP6	244	nordkap	5014	A	C	core_destroyed	160
2026-08-11T14:30:52Z	CAP6	245	nordkap	5014	B	C	core_destroyed	188
2026-08-11T14:30:55Z	CAP6	246	antler	5015	A	T	core_destroyed	283
2026-08-11T14:30:58Z	CAP6	247	antler	5015	B	C	core_destroyed	175
2026-08-11T14:31:00Z	CAP6	248	atoll	5015	A	C	core_destroyed	276
2026-08-11T14:31:08Z	CAP6	249	atoll	5015	B	T	core_destroyed	922
2026-08-11T14:31:11Z	CAP6	250	drumlin	5015	A	C	core_destroyed	148
2026-08-11T14:31:14Z	CAP6	251	drumlin	5015	B	T	core_destroyed	244
2026-08-11T14:31:16Z	CAP6	252	fjordgate	5015	A	T	core_destroyed	242
2026-08-11T14:31:17Z	CAP6	253	fjordgate	5015	B	C	core_destroyed	193
2026-08-11T14:31:20Z	CAP6	254	heart	5015	A	C	core_destroyed	152
2026-08-11T14:31:24Z	CAP6	255	heart	5015	B	T	core_destroyed	210
2026-08-11T14:31:29Z	CAP6	256	hive	5015	A	C	core_destroyed	256
2026-08-11T14:31:37Z	CAP6	257	hive	5015	B	T	core_destroyed	446
2026-08-11T14:31:39Z	CAP6	258	meander	5015	A	C	core_destroyed	178
2026-08-11T14:31:41Z	CAP6	259	meander	5015	B	T	core_destroyed	130
2026-08-11T14:31:44Z	CAP6	260	nordkap	5015	A	C	core_destroyed	266
2026-08-11T14:31:46Z	CAP6	261	nordkap	5015	B	C	core_destroyed	156
2026-08-11T14:31:50Z	CAP6	262	antler	5016	A	T	core_destroyed	469
2026-08-11T14:31:52Z	CAP6	263	antler	5016	B	C	core_destroyed	254
2026-08-11T14:31:54Z	CAP6	264	atoll	5016	A	T	core_destroyed	122
2026-08-11T14:32:06Z	CAP6	265	atoll	5016	B	T	tiebreak	1000
2026-08-11T14:32:08Z	CAP6	266	drumlin	5016	A	T	core_destroyed	133
2026-08-11T14:32:11Z	CAP6	267	drumlin	5016	B	C	core_destroyed	188
2026-08-11T14:32:13Z	CAP6	268	fjordgate	5016	A	T	core_destroyed	152
2026-08-11T14:32:15Z	CAP6	269	fjordgate	5016	B	T	core_destroyed	182
2026-08-11T14:32:17Z	CAP6	270	heart	5016	A	T	core_destroyed	124
2026-08-11T14:32:21Z	CAP6	271	heart	5016	B	T	core_destroyed	152
2026-08-11T14:32:28Z	CAP6	272	hive	5016	A	C	core_destroyed	367
2026-08-11T14:32:31Z	CAP6	273	hive	5016	B	T	core_destroyed	164
2026-08-11T14:32:32Z	CAP6	274	meander	5016	A	C	core_destroyed	189
2026-08-11T14:32:35Z	CAP6	275	meander	5016	B	T	core_destroyed	244
2026-08-11T14:32:37Z	CAP6	276	nordkap	5016	A	C	core_destroyed	150
2026-08-11T14:32:38Z	CAP6	277	nordkap	5016	B	C	core_destroyed	126
2026-08-11T14:32:41Z	CAP6	278	antler	5017	A	T	core_destroyed	190
2026-08-11T14:32:43Z	CAP6	279	antler	5017	B	T	core_destroyed	220
2026-08-11T14:32:47Z	CAP6	280	atoll	5017	A	T	tiebreak	1000
2026-08-11T14:32:49Z	CAP6	281	atoll	5017	B	T	core_destroyed	195
2026-08-11T14:32:51Z	CAP6	282	drumlin	5017	A	T	core_destroyed	130
2026-08-11T14:32:54Z	CAP6	283	drumlin	5017	B	T	core_destroyed	250
2026-08-11T14:32:55Z	CAP6	284	fjordgate	5017	A	T	core_destroyed	109
2026-08-11T14:32:57Z	CAP6	285	fjordgate	5017	B	C	core_destroyed	143
2026-08-11T14:33:06Z	CAP6	286	heart	5017	A	T	core_destroyed	427
2026-08-11T14:33:09Z	CAP6	287	heart	5017	B	C	core_destroyed	197
2026-08-11T14:33:16Z	CAP6	288	hive	5017	A	C	core_destroyed	350
2026-08-11T14:33:21Z	CAP6	289	hive	5017	B	C	core_destroyed	370
2026-08-11T14:33:23Z	CAP6	290	meander	5017	A	C	core_destroyed	164
2026-08-11T14:33:25Z	CAP6	291	meander	5017	B	C	core_destroyed	207
2026-08-11T14:33:30Z	CAP6	292	nordkap	5017	A	C	core_destroyed	424
2026-08-11T14:33:34Z	CAP6	293	nordkap	5017	B	T	core_destroyed	275
2026-08-11T14:33:37Z	CAP6	294	antler	5018	A	T	core_destroyed	207
2026-08-11T14:33:38Z	CAP6	295	antler	5018	B	C	core_destroyed	105
2026-08-11T14:33:42Z	CAP6	296	atoll	5018	A	C	core_destroyed	537
2026-08-11T14:33:47Z	CAP6	297	atoll	5018	B	C	core_destroyed	286
2026-08-11T14:33:49Z	CAP6	298	drumlin	5018	A	C	core_destroyed	133
2026-08-11T14:33:54Z	CAP6	299	drumlin	5018	B	T	core_destroyed	425
2026-08-11T14:33:56Z	CAP6	300	fjordgate	5018	A	T	core_destroyed	92
2026-08-11T14:33:58Z	CAP6	301	fjordgate	5018	B	C	core_destroyed	225
2026-08-11T14:34:02Z	CAP6	302	heart	5018	A	T	core_destroyed	173
2026-08-11T14:34:11Z	CAP6	303	heart	5018	B	T	core_destroyed	469
2026-08-11T14:34:18Z	CAP6	304	hive	5018	A	T	core_destroyed	365
2026-08-11T14:34:22Z	CAP6	305	hive	5018	B	C	core_destroyed	229
2026-08-11T14:34:25Z	CAP6	306	meander	5018	A	T	core_destroyed	280
2026-08-11T14:34:28Z	CAP6	307	meander	5018	B	C	core_destroyed	259
2026-08-11T14:34:30Z	CAP6	308	nordkap	5018	A	T	core_destroyed	156
2026-08-11T14:34:32Z	CAP6	309	nordkap	5018	B	C	core_destroyed	116
2026-08-11T14:34:34Z	CAP6	310	antler	5019	A	C	core_destroyed	206
2026-08-11T14:34:35Z	CAP6	311	antler	5019	B	T	core_destroyed	120
2026-08-11T14:34:38Z	CAP6	312	atoll	5019	A	C	core_destroyed	370
2026-08-11T14:34:40Z	CAP6	313	atoll	5019	B	C	core_destroyed	197
2026-08-11T14:34:45Z	CAP6	314	drumlin	5019	A	C	core_destroyed	343
2026-08-11T14:34:49Z	CAP6	315	drumlin	5019	B	C	core_destroyed	196
2026-08-11T14:34:51Z	CAP6	316	fjordgate	5019	A	T	core_destroyed	297
2026-08-11T14:34:52Z	CAP6	317	fjordgate	5019	B	C	core_destroyed	276
2026-08-11T14:34:55Z	CAP6	318	heart	5019	A	T	core_destroyed	150
2026-08-11T14:35:02Z	CAP6	319	heart	5019	B	C	core_destroyed	565
2026-08-11T14:35:07Z	CAP6	320	hive	5019	A	C	core_destroyed	268
2026-08-11T14:35:10Z	CAP6	321	hive	5019	B	T	core_destroyed	199
2026-08-11T14:35:13Z	CAP6	322	meander	5019	A	T	core_destroyed	207
2026-08-11T14:35:16Z	CAP6	323	meander	5019	B	T	core_destroyed	257
2026-08-11T14:35:18Z	CAP6	324	nordkap	5019	A	C	core_destroyed	623
2026-08-11T14:35:22Z	CAP6	325	nordkap	5019	B	T	core_destroyed	469
2026-08-11T14:35:24Z	CAP6	326	antler	5020	A	C	core_destroyed	193
2026-08-11T14:35:26Z	CAP6	327	antler	5020	B	C	core_destroyed	156
2026-08-11T14:35:28Z	CAP6	328	atoll	5020	A	C	core_destroyed	215
2026-08-11T14:35:31Z	CAP6	329	atoll	5020	B	C	tiebreak	1000
2026-08-11T14:35:33Z	CAP6	330	drumlin	5020	A	T	core_destroyed	152
2026-08-11T14:35:43Z	CAP6	331	drumlin	5020	B	T	core_destroyed	498
2026-08-11T14:35:46Z	CAP6	332	fjordgate	5020	A	T	core_destroyed	403
2026-08-11T14:35:47Z	CAP6	333	fjordgate	5020	B	T	core_destroyed	192
2026-08-11T14:35:49Z	CAP6	334	heart	5020	A	T	core_destroyed	163
2026-08-11T14:35:55Z	CAP6	335	heart	5020	B	C	core_destroyed	401
2026-08-11T14:36:00Z	CAP6	336	hive	5020	A	T	core_destroyed	331
2026-08-11T14:36:08Z	CAP6	337	hive	5020	B	C	core_destroyed	421
2026-08-11T14:36:10Z	CAP6	338	meander	5020	A	T	core_destroyed	240
2026-08-11T14:36:13Z	CAP6	339	meander	5020	B	T	core_destroyed	229
2026-08-11T14:36:15Z	CAP6	340	nordkap	5020	A	T	core_destroyed	145
2026-08-11T14:36:18Z	CAP6	341	nordkap	5020	B	T	core_destroyed	237
2026-08-11T14:36:20Z	CAP6	342	antler	5021	A	T	core_destroyed	219
2026-08-11T14:36:23Z	CAP6	343	antler	5021	B	C	core_destroyed	176
2026-08-11T14:36:25Z	CAP6	344	atoll	5021	A	C	core_destroyed	179
2026-08-11T14:36:28Z	CAP6	345	atoll	5021	B	C	core_destroyed	349
2026-08-11T14:36:32Z	CAP6	346	drumlin	5021	A	C	core_destroyed	251
2026-08-11T14:36:34Z	CAP6	347	drumlin	5021	B	C	core_destroyed	182
2026-08-11T14:36:36Z	CAP6	348	fjordgate	5021	A	T	core_destroyed	246
2026-08-11T14:36:38Z	CAP6	349	fjordgate	5021	B	C	core_destroyed	141
2026-08-11T14:36:41Z	CAP6	350	heart	5021	A	C	core_destroyed	155
2026-08-11T14:36:45Z	CAP6	351	heart	5021	B	T	core_destroyed	257
2026-08-11T14:36:53Z	CAP6	352	hive	5021	A	T	core_destroyed	390
2026-08-11T14:36:57Z	CAP6	353	hive	5021	B	C	core_destroyed	233
2026-08-11T14:36:59Z	CAP6	354	meander	5021	A	T	core_destroyed	225
2026-08-11T14:37:01Z	CAP6	355	meander	5021	B	T	core_destroyed	198
2026-08-11T14:37:06Z	CAP6	356	nordkap	5021	A	T	core_destroyed	423
2026-08-11T14:37:08Z	CAP6	357	nordkap	5021	B	C	core_destroyed	132
2026-08-11T14:37:10Z	CAP6	358	antler	5022	A	C	core_destroyed	208
2026-08-11T14:37:12Z	CAP6	359	antler	5022	B	C	core_destroyed	158
2026-08-11T14:37:20Z	CAP6	360	atoll	5022	A	T	core_destroyed	489
2026-08-11T14:37:21Z	CAP6	361	atoll	5022	B	T	core_destroyed	248
2026-08-11T14:37:23Z	CAP6	362	drumlin	5022	A	C	core_destroyed	113
2026-08-11T14:37:25Z	CAP6	363	drumlin	5022	B	T	core_destroyed	93
2026-08-11T14:37:26Z	CAP6	364	fjordgate	5022	A	T	core_destroyed	134
2026-08-11T14:37:28Z	CAP6	365	fjordgate	5022	B	T	core_destroyed	155
2026-08-11T14:37:41Z	CAP6	366	heart	5022	A	C	core_destroyed	546
2026-08-11T14:37:43Z	CAP6	367	heart	5022	B	T	core_destroyed	206
2026-08-11T14:37:49Z	CAP6	368	hive	5022	A	T	core_destroyed	318
2026-08-11T14:37:53Z	CAP6	369	hive	5022	B	T	core_destroyed	211
2026-08-11T14:37:55Z	CAP6	370	meander	5022	A	T	core_destroyed	208
2026-08-11T14:37:58Z	CAP6	371	meander	5022	B	C	core_destroyed	253
2026-08-11T14:38:03Z	CAP6	372	nordkap	5022	A	C	core_destroyed	438
2026-08-11T14:38:06Z	CAP6	373	nordkap	5022	B	T	core_destroyed	125
2026-08-11T14:38:10Z	CAP6	374	antler	5023	A	C	core_destroyed	560
2026-08-11T14:38:14Z	CAP6	375	antler	5023	B	C	core_destroyed	391
2026-08-11T14:38:16Z	CAP6	376	atoll	5023	A	C	core_destroyed	421
2026-08-11T14:38:18Z	CAP6	377	atoll	5023	B	C	core_destroyed	511
2026-08-11T14:38:21Z	CAP6	378	drumlin	5023	A	T	core_destroyed	172
2026-08-11T14:38:24Z	CAP6	379	drumlin	5023	B	T	core_destroyed	178
2026-08-11T14:38:26Z	CAP6	380	fjordgate	5023	A	C	core_destroyed	225
2026-08-11T14:38:28Z	CAP6	381	fjordgate	5023	B	T	core_destroyed	232
2026-08-11T14:38:31Z	CAP6	382	heart	5023	A	C	core_destroyed	222
2026-08-11T14:38:40Z	CAP6	383	heart	5023	B	C	core_destroyed	460
2026-08-11T14:38:42Z	CAP6	384	hive	5023	A	C	core_destroyed	123
2026-08-11T14:38:48Z	CAP6	385	hive	5023	B	C	core_destroyed	359
2026-08-11T14:38:51Z	CAP6	386	meander	5023	A	T	core_destroyed	317
2026-08-11T14:38:54Z	CAP6	387	meander	5023	B	C	core_destroyed	163
2026-08-11T14:38:56Z	CAP6	388	nordkap	5023	A	C	core_destroyed	129
2026-08-11T14:38:58Z	CAP6	389	nordkap	5023	B	C	core_destroyed	124
2026-08-11T14:39:01Z	CAP6	390	antler	5024	A	C	core_destroyed	328
2026-08-11T14:39:03Z	CAP6	391	antler	5024	B	C	core_destroyed	123
2026-08-11T14:39:04Z	CAP6	392	atoll	5024	A	C	core_destroyed	112
2026-08-11T14:39:07Z	CAP6	393	atoll	5024	B	T	core_destroyed	182
2026-08-11T14:39:09Z	CAP6	394	drumlin	5024	A	C	core_destroyed	141
2026-08-11T14:39:12Z	CAP6	395	drumlin	5024	B	C	core_destroyed	222
2026-08-11T14:39:14Z	CAP6	396	fjordgate	5024	A	C	core_destroyed	196
2026-08-11T14:39:15Z	CAP6	397	fjordgate	5024	B	T	core_destroyed	130
2026-08-11T14:39:23Z	CAP6	398	heart	5024	A	C	core_destroyed	329
2026-08-11T14:39:25Z	CAP6	399	heart	5024	B	C	core_destroyed	131
2026-08-11T14:39:29Z	CAP6	400	hive	5024	A	T	core_destroyed	168
2026-08-11T14:39:35Z	CAP6	401	hive	5024	B	C	core_destroyed	272
2026-08-11T14:39:37Z	CAP6	402	meander	5024	A	C	core_destroyed	162
2026-08-11T14:39:39Z	CAP6	403	meander	5024	B	T	core_destroyed	177
2026-08-11T14:39:41Z	CAP6	404	nordkap	5024	A	C	core_destroyed	191
2026-08-11T14:39:44Z	CAP6	405	nordkap	5024	B	T	core_destroyed	170
2026-08-11T14:39:46Z	CAP6	406	antler	5025	A	T	core_destroyed	146
2026-08-11T14:39:48Z	CAP6	407	antler	5025	B	C	core_destroyed	212
2026-08-11T14:39:50Z	CAP6	408	atoll	5025	A	T	core_destroyed	122
2026-08-11T14:39:52Z	CAP6	409	atoll	5025	B	C	core_destroyed	213
2026-08-11T14:39:55Z	CAP6	410	drumlin	5025	A	T	core_destroyed	216
2026-08-11T14:39:57Z	CAP6	411	drumlin	5025	B	T	core_destroyed	187
2026-08-11T14:39:58Z	CAP6	412	fjordgate	5025	A	C	core_destroyed	172
2026-08-11T14:40:00Z	CAP6	413	fjordgate	5025	B	T	core_destroyed	110
2026-08-11T14:40:04Z	CAP6	414	heart	5025	A	C	core_destroyed	276
2026-08-11T14:40:10Z	CAP6	415	heart	5025	B	T	core_destroyed	212
2026-08-11T14:40:14Z	CAP6	416	hive	5025	A	C	core_destroyed	225
2026-08-11T14:40:22Z	CAP6	417	hive	5025	B	C	core_destroyed	476
2026-08-11T14:40:24Z	CAP6	418	meander	5025	A	C	core_destroyed	176
2026-08-11T14:40:25Z	CAP6	419	meander	5025	B	C	core_destroyed	144
2026-08-11T14:40:29Z	CAP6	420	nordkap	5025	A	T	core_destroyed	300
2026-08-11T14:40:33Z	CAP6	421	nordkap	5025	B	T	core_destroyed	282
2026-08-11T14:40:36Z	CAP6	422	antler	5026	A	C	core_destroyed	204
2026-08-11T14:40:38Z	CAP6	423	antler	5026	B	C	core_destroyed	190
2026-08-11T14:40:40Z	CAP6	424	atoll	5026	A	C	core_destroyed	125
2026-08-11T14:40:42Z	CAP6	425	atoll	5026	B	T	core_destroyed	144
2026-08-11T14:40:44Z	CAP6	426	drumlin	5026	A	C	core_destroyed	186
2026-08-11T14:40:48Z	CAP6	427	drumlin	5026	B	T	core_destroyed	288
2026-08-11T14:40:50Z	CAP6	428	fjordgate	5026	A	T	tiebreak	1000
2026-08-11T14:40:52Z	CAP6	429	fjordgate	5026	B	T	core_destroyed	193
2026-08-11T14:40:56Z	CAP6	430	heart	5026	A	T	core_destroyed	284
2026-08-11T14:40:59Z	CAP6	431	heart	5026	B	T	core_destroyed	185
2026-08-11T14:41:02Z	CAP6	432	hive	5026	A	C	core_destroyed	168
2026-08-11T14:41:06Z	CAP6	433	hive	5026	B	C	core_destroyed	244
2026-08-11T14:41:08Z	CAP6	434	meander	5026	A	C	core_destroyed	172
2026-08-11T14:41:11Z	CAP6	435	meander	5026	B	T	core_destroyed	255
2026-08-11T14:41:13Z	CAP6	436	nordkap	5026	A	T	core_destroyed	233
2026-08-11T14:41:15Z	CAP6	437	nordkap	5026	B	C	core_destroyed	184
2026-08-11T14:41:17Z	CAP6	438	antler	5027	A	C	core_destroyed	486
2026-08-11T14:41:20Z	CAP6	439	antler	5027	B	C	core_destroyed	221
2026-08-11T14:41:27Z	CAP6	440	atoll	5027	A	T	core_destroyed	611
2026-08-11T14:41:29Z	CAP6	441	atoll	5027	B	T	core_destroyed	140
2026-08-11T14:41:31Z	CAP6	442	drumlin	5027	A	C	core_destroyed	141
2026-08-11T14:41:33Z	CAP6	443	drumlin	5027	B	C	core_destroyed	152
2026-08-11T14:41:35Z	CAP6	444	fjordgate	5027	A	C	core_destroyed	118
2026-08-11T14:41:37Z	CAP6	445	fjordgate	5027	B	T	core_destroyed	405
2026-08-11T14:41:40Z	CAP6	446	heart	5027	A	C	core_destroyed	211
2026-08-11T14:41:47Z	CAP6	447	heart	5027	B	T	core_destroyed	454
2026-08-11T14:41:52Z	CAP6	448	hive	5027	A	T	core_destroyed	336
2026-08-11T14:41:56Z	CAP6	449	hive	5027	B	T	core_destroyed	227
2026-08-11T14:41:58Z	CAP6	450	meander	5027	A	C	core_destroyed	100
2026-08-11T14:41:59Z	CAP6	451	meander	5027	B	T	core_destroyed	137
2026-08-11T14:42:02Z	CAP6	452	nordkap	5027	A	C	core_destroyed	247
2026-08-11T14:42:03Z	CAP6	453	nordkap	5027	B	C	core_destroyed	145
2026-08-11T14:42:06Z	CAP6	454	antler	5028	A	T	core_destroyed	134
2026-08-11T14:42:10Z	CAP6	455	antler	5028	B	T	core_destroyed	403
2026-08-11T14:42:12Z	CAP6	456	atoll	5028	A	C	core_destroyed	207
2026-08-11T14:42:17Z	CAP6	457	atoll	5028	B	C	tiebreak	1000
2026-08-11T14:42:19Z	CAP6	458	drumlin	5028	A	T	core_destroyed	123
2026-08-11T14:42:22Z	CAP6	459	drumlin	5028	B	C	core_destroyed	218
2026-08-11T14:42:24Z	CAP6	460	fjordgate	5028	A	T	core_destroyed	234
2026-08-11T14:42:26Z	CAP6	461	fjordgate	5028	B	C	tiebreak	1000
2026-08-11T14:42:30Z	CAP6	462	heart	5028	A	T	core_destroyed	244
2026-08-11T14:42:33Z	CAP6	463	heart	5028	B	C	core_destroyed	336
2026-08-11T14:42:37Z	CAP6	464	hive	5028	A	C	core_destroyed	207
2026-08-11T14:42:40Z	CAP6	465	hive	5028	B	C	core_destroyed	175
2026-08-11T14:42:41Z	CAP6	466	meander	5028	A	T	core_destroyed	115
2026-08-11T14:42:43Z	CAP6	467	meander	5028	B	T	core_destroyed	178
2026-08-11T14:42:47Z	CAP6	468	nordkap	5028	A	C	core_destroyed	310
2026-08-11T14:42:49Z	CAP6	469	nordkap	5028	B	T	core_destroyed	247
2026-08-11T14:42:52Z	CAP6	470	antler	5029	A	T	core_destroyed	180
2026-08-11T14:42:53Z	CAP6	471	antler	5029	B	C	core_destroyed	166
2026-08-11T14:42:55Z	CAP6	472	atoll	5029	A	T	core_destroyed	141
2026-08-11T14:42:57Z	CAP6	473	atoll	5029	B	C	core_destroyed	132
2026-08-11T14:43:00Z	CAP6	474	drumlin	5029	A	C	core_destroyed	243
2026-08-11T14:43:02Z	CAP6	475	drumlin	5029	B	C	core_destroyed	154
2026-08-11T14:43:05Z	CAP6	476	fjordgate	5029	A	T	core_destroyed	639
2026-08-11T14:43:07Z	CAP6	477	fjordgate	5029	B	C	core_destroyed	639
2026-08-11T14:43:14Z	CAP6	478	heart	5029	A	T	core_destroyed	517
2026-08-11T14:43:16Z	CAP6	479	heart	5029	B	C	core_destroyed	99
2026-08-11T14:43:19Z	CAP6	480	hive	5029	A	C	core_destroyed	211
2026-08-11T14:43:24Z	CAP6	481	hive	5029	B	T	core_destroyed	259
2026-08-11T14:43:27Z	CAP6	482	meander	5029	A	C	core_destroyed	248
2026-08-11T14:43:30Z	CAP6	483	meander	5029	B	T	core_destroyed	139
2026-08-11T14:43:33Z	CAP6	484	nordkap	5029	A	C	core_destroyed	270
2026-08-11T14:43:35Z	CAP6	485	nordkap	5029	B	T	core_destroyed	95
2026-08-11T14:43:37Z	CAP6	486	antler	5030	A	T	core_destroyed	183
2026-08-11T14:43:39Z	CAP6	487	antler	5030	B	C	core_destroyed	163
2026-08-11T14:43:41Z	CAP6	488	atoll	5030	A	T	core_destroyed	248
2026-08-11T14:43:44Z	CAP6	489	atoll	5030	B	C	core_destroyed	202
2026-08-11T14:43:51Z	CAP6	490	drumlin	5030	A	T	core_destroyed	451
2026-08-11T14:43:55Z	CAP6	491	drumlin	5030	B	C	core_destroyed	423
2026-08-11T14:43:57Z	CAP6	492	fjordgate	5030	A	T	core_destroyed	210
2026-08-11T14:43:59Z	CAP6	493	fjordgate	5030	B	C	core_destroyed	446
2026-08-11T14:44:02Z	CAP6	494	heart	5030	A	T	core_destroyed	164
2026-08-11T14:44:08Z	CAP6	495	heart	5030	B	C	core_destroyed	266
2026-08-11T14:44:14Z	CAP6	496	hive	5030	A	T	core_destroyed	290
2026-08-11T14:44:17Z	CAP6	497	hive	5030	B	C	core_destroyed	213
2026-08-11T14:44:19Z	CAP6	498	meander	5030	A	T	core_destroyed	210
2026-08-11T14:44:22Z	CAP6	499	meander	5030	B	T	core_destroyed	172
2026-08-11T14:44:24Z	CAP6	500	nordkap	5030	A	T	core_destroyed	297
2026-08-11T14:44:28Z	CAP6	501	nordkap	5030	B	T	core_destroyed	277
2026-08-11T14:44:30Z	CAP6	502	antler	5031	A	T	core_destroyed	227
2026-08-11T14:44:32Z	CAP6	503	antler	5031	B	C	core_destroyed	221
2026-08-11T14:44:37Z	CAP6	504	atoll	5031	A	T	core_destroyed	511
2026-08-11T14:44:39Z	CAP6	505	atoll	5031	B	C	core_destroyed	166
2026-08-11T14:44:41Z	CAP6	506	drumlin	5031	A	T	core_destroyed	166
2026-08-11T14:44:43Z	CAP6	507	drumlin	5031	B	C	core_destroyed	186
2026-08-11T14:44:47Z	CAP6	508	fjordgate	5031	A	T	core_destroyed	699
2026-08-11T14:44:48Z	CAP6	509	fjordgate	5031	B	T	core_destroyed	148
2026-08-11T14:44:51Z	CAP6	510	heart	5031	A	T	core_destroyed	129
2026-08-11T14:44:56Z	CAP6	511	heart	5031	B	C	core_destroyed	350
2026-08-11T14:45:00Z	CAP6	512	hive	5031	A	C	core_destroyed	223
2026-08-11T14:45:05Z	CAP6	513	hive	5031	B	C	core_destroyed	296
2026-08-11T14:45:07Z	CAP6	514	meander	5031	A	C	core_destroyed	203
2026-08-11T14:45:09Z	CAP6	515	meander	5031	B	T	core_destroyed	155
2026-08-11T14:45:10Z	CAP6	516	nordkap	5031	A	T	core_destroyed	124
2026-08-11T14:45:12Z	CAP6	517	nordkap	5031	B	C	core_destroyed	183
2026-08-11T14:45:14Z	CAP6	518	antler	5032	A	T	core_destroyed	229
2026-08-11T14:45:17Z	CAP6	519	antler	5032	B	T	core_destroyed	246
2026-08-11T14:45:21Z	CAP6	520	atoll	5032	A	T	core_destroyed	508
2026-08-11T14:45:23Z	CAP6	521	atoll	5032	B	T	core_destroyed	160
2026-08-11T14:45:25Z	CAP6	522	drumlin	5032	A	T	core_destroyed	150
2026-08-11T14:45:29Z	CAP6	523	drumlin	5032	B	C	core_destroyed	229
2026-08-11T14:45:30Z	CAP6	524	fjordgate	5032	A	T	core_destroyed	167
2026-08-11T14:45:35Z	CAP6	525	fjordgate	5032	B	C	tiebreak	1000
2026-08-11T14:45:39Z	CAP6	526	heart	5032	A	T	core_destroyed	245
2026-08-11T14:45:43Z	CAP6	527	heart	5032	B	C	core_destroyed	472
2026-08-11T14:45:46Z	CAP6	528	hive	5032	A	C	core_destroyed	188
2026-08-11T14:45:48Z	CAP6	529	hive	5032	B	C	core_destroyed	139
2026-08-11T14:45:50Z	CAP6	530	meander	5032	A	C	core_destroyed	155
2026-08-11T14:45:52Z	CAP6	531	meander	5032	B	T	core_destroyed	250
2026-08-11T14:45:54Z	CAP6	532	nordkap	5032	A	T	core_destroyed	136
2026-08-11T14:45:55Z	CAP6	533	nordkap	5032	B	C	core_destroyed	125
2026-08-11T14:45:57Z	CAP6	534	antler	5033	A	T	core_destroyed	357
2026-08-11T14:46:00Z	CAP6	535	antler	5033	B	C	core_destroyed	188
2026-08-11T14:46:02Z	CAP6	536	atoll	5033	A	T	core_destroyed	213
2026-08-11T14:46:09Z	CAP6	537	atoll	5033	B	T	core_destroyed	496
2026-08-11T14:46:11Z	CAP6	538	drumlin	5033	A	T	core_destroyed	205
2026-08-11T14:46:13Z	CAP6	539	drumlin	5033	B	T	core_destroyed	209
2026-08-11T14:46:14Z	CAP6	540	fjordgate	5033	A	C	core_destroyed	156
2026-08-11T14:46:16Z	CAP6	541	fjordgate	5033	B	T	core_destroyed	137
2026-08-11T14:46:18Z	CAP6	542	heart	5033	A	T	core_destroyed	138
2026-08-11T14:46:22Z	CAP6	543	heart	5033	B	C	core_destroyed	256
2026-08-11T14:46:25Z	CAP6	544	hive	5033	A	T	core_destroyed	176
2026-08-11T14:46:30Z	CAP6	545	hive	5033	B	C	core_destroyed	277
2026-08-11T14:46:33Z	CAP6	546	meander	5033	A	C	core_destroyed	269
2026-08-11T14:46:35Z	CAP6	547	meander	5033	B	C	core_destroyed	140
2026-08-11T14:46:37Z	CAP6	548	nordkap	5033	A	C	core_destroyed	256
2026-08-11T14:46:41Z	CAP6	549	nordkap	5033	B	T	core_destroyed	567
2026-08-11T14:46:44Z	CAP6	550	antler	5034	A	C	core_destroyed	409
2026-08-11T14:46:48Z	CAP6	551	antler	5034	B	C	core_destroyed	289
2026-08-11T14:46:58Z	CAP6	552	atoll	5034	A	C	tiebreak	1000
2026-08-11T14:47:02Z	CAP6	553	atoll	5034	B	T	core_destroyed	439
2026-08-11T14:47:08Z	CAP6	554	drumlin	5034	A	T	core_destroyed	315
2026-08-11T14:47:09Z	CAP6	555	drumlin	5034	B	C	core_destroyed	116
2026-08-11T14:47:11Z	CAP6	556	fjordgate	5034	A	C	core_destroyed	365
2026-08-11T14:47:12Z	CAP6	557	fjordgate	5034	B	C	core_destroyed	107
2026-08-11T14:47:14Z	CAP6	558	heart	5034	A	C	core_destroyed	91
2026-08-11T14:47:19Z	CAP6	559	heart	5034	B	T	core_destroyed	382
2026-08-11T14:47:24Z	CAP6	560	hive	5034	A	C	core_destroyed	269
2026-08-11T14:47:26Z	CAP6	561	hive	5034	B	C	core_destroyed	160
2026-08-11T14:47:28Z	CAP6	562	meander	5034	A	C	core_destroyed	166
2026-08-11T14:47:31Z	CAP6	563	meander	5034	B	T	core_destroyed	314
2026-08-11T14:47:34Z	CAP6	564	nordkap	5034	A	T	core_destroyed	259
2026-08-11T14:47:36Z	CAP6	565	nordkap	5034	B	C	core_destroyed	160
2026-08-11T14:47:37Z	CAP6	566	antler	5035	A	T	core_destroyed	112
2026-08-11T14:47:40Z	CAP6	567	antler	5035	B	T	core_destroyed	257
2026-08-11T14:47:42Z	CAP6	568	atoll	5035	A	T	core_destroyed	390
2026-08-11T14:47:44Z	CAP6	569	atoll	5035	B	C	core_destroyed	184
2026-08-11T14:47:46Z	CAP6	570	drumlin	5035	A	T	core_destroyed	248
2026-08-11T14:47:55Z	CAP6	571	drumlin	5035	B	C	core_destroyed	551
2026-08-11T14:47:57Z	CAP6	572	fjordgate	5035	A	C	core_destroyed	445
2026-08-11T14:47:59Z	CAP6	573	fjordgate	5035	B	C	core_destroyed	123
2026-08-11T14:48:02Z	CAP6	574	heart	5035	A	T	core_destroyed	198
2026-08-11T14:48:09Z	CAP6	575	heart	5035	B	T	core_destroyed	407
2026-08-11T14:48:13Z	CAP6	576	hive	5035	A	T	core_destroyed	206
2026-08-11T14:48:18Z	CAP6	577	hive	5035	B	T	core_destroyed	283
2026-08-11T14:48:19Z	CAP6	578	meander	5035	A	C	core_destroyed	124
2026-08-11T14:48:20Z	CAP6	579	meander	5035	B	T	core_destroyed	159
2026-08-11T14:48:25Z	CAP6	580	nordkap	5035	A	C	core_destroyed	329
2026-08-11T14:48:27Z	CAP6	581	nordkap	5035	B	C	core_destroyed	136
2026-08-11T14:48:29Z	CAP6	582	antler	5036	A	T	core_destroyed	169
2026-08-11T14:48:31Z	CAP6	583	antler	5036	B	T	core_destroyed	250
2026-08-11T14:48:33Z	CAP6	584	atoll	5036	A	C	core_destroyed	142
2026-08-11T14:48:35Z	CAP6	585	atoll	5036	B	C	core_destroyed	167
2026-08-11T14:48:37Z	CAP6	586	drumlin	5036	A	T	core_destroyed	161
2026-08-11T14:48:39Z	CAP6	587	drumlin	5036	B	C	core_destroyed	146
2026-08-11T14:48:41Z	CAP6	588	fjordgate	5036	A	T	core_destroyed	189
2026-08-11T14:48:43Z	CAP6	589	fjordgate	5036	B	T	core_destroyed	222
2026-08-11T14:48:45Z	CAP6	590	heart	5036	A	T	core_destroyed	134
2026-08-11T14:48:48Z	CAP6	591	heart	5036	B	C	core_destroyed	210
2026-08-11T14:48:50Z	CAP6	592	hive	5036	A	C	core_destroyed	146
2026-08-11T14:48:55Z	CAP6	593	hive	5036	B	T	core_destroyed	205
2026-08-11T14:48:59Z	CAP6	594	meander	5036	A	T	core_destroyed	372
2026-08-11T14:49:02Z	CAP6	595	meander	5036	B	T	core_destroyed	236
2026-08-11T14:49:04Z	CAP6	596	nordkap	5036	A	T	core_destroyed	201
2026-08-11T14:49:08Z	CAP6	597	nordkap	5036	B	T	core_destroyed	311
2026-08-11T14:49:13Z	CAP6	598	antler	5037	A	T	core_destroyed	554
2026-08-11T14:49:14Z	CAP6	599	antler	5037	B	C	core_destroyed	128
2026-08-11T14:49:19Z	CAP6	600	atoll	5037	A	T	core_destroyed	359
2026-08-11T14:49:21Z	CAP6	601	atoll	5037	B	T	core_destroyed	261
2026-08-11T14:49:28Z	CAP6	602	drumlin	5037	A	C	core_destroyed	436
2026-08-11T14:49:31Z	CAP6	603	drumlin	5037	B	C	core_destroyed	264
2026-08-11T14:49:32Z	CAP6	604	fjordgate	5037	A	C	core_destroyed	349
2026-08-11T14:49:34Z	CAP6	605	fjordgate	5037	B	T	core_destroyed	132
2026-08-11T14:49:42Z	CAP6	606	heart	5037	A	C	core_destroyed	407
2026-08-11T14:49:47Z	CAP6	607	heart	5037	B	T	tiebreak	1000
2026-08-11T14:49:49Z	CAP6	608	hive	5037	A	T	core_destroyed	152
2026-08-11T14:49:54Z	CAP6	609	hive	5037	B	T	core_destroyed	270
2026-08-11T14:49:56Z	CAP6	610	meander	5037	A	T	core_destroyed	124
2026-08-11T14:49:59Z	CAP6	611	meander	5037	B	T	core_destroyed	197
2026-08-11T14:50:00Z	CAP6	612	nordkap	5037	A	T	core_destroyed	192
2026-08-11T14:50:02Z	CAP6	613	nordkap	5037	B	C	core_destroyed	104
2026-08-11T14:50:04Z	CAP6	614	antler	5038	A	C	core_destroyed	324
2026-08-11T14:50:10Z	CAP6	615	antler	5038	B	C	tiebreak	1000
2026-08-11T14:50:13Z	CAP6	616	atoll	5038	A	T	core_destroyed	218
2026-08-11T14:50:20Z	CAP6	617	atoll	5038	B	T	core_destroyed	861
2026-08-11T14:50:24Z	CAP6	618	drumlin	5038	A	T	core_destroyed	278
2026-08-11T14:50:26Z	CAP6	619	drumlin	5038	B	C	core_destroyed	144
2026-08-11T14:50:28Z	CAP6	620	fjordgate	5038	A	T	core_destroyed	477
2026-08-11T14:50:29Z	CAP6	621	fjordgate	5038	B	C	core_destroyed	144
2026-08-11T14:50:32Z	CAP6	622	heart	5038	A	C	core_destroyed	146
2026-08-11T14:50:35Z	CAP6	623	heart	5038	B	C	core_destroyed	258
2026-08-11T14:50:39Z	CAP6	624	hive	5038	A	T	core_destroyed	261
2026-08-11T14:50:43Z	CAP6	625	hive	5038	B	T	core_destroyed	246
2026-08-11T14:50:44Z	CAP6	626	meander	5038	A	C	core_destroyed	148
2026-08-11T14:50:46Z	CAP6	627	meander	5038	B	T	core_destroyed	122
2026-08-11T14:50:48Z	CAP6	628	nordkap	5038	A	T	core_destroyed	186
2026-08-11T14:50:52Z	CAP6	629	nordkap	5038	B	C	core_destroyed	415
2026-08-11T14:50:55Z	CAP6	630	antler	5039	A	C	core_destroyed	236
2026-08-11T14:50:57Z	CAP6	631	antler	5039	B	T	core_destroyed	196
2026-08-11T14:50:59Z	CAP6	632	atoll	5039	A	C	core_destroyed	136
2026-08-11T14:51:00Z	CAP6	633	atoll	5039	B	C	core_destroyed	113
2026-08-11T14:51:03Z	CAP6	634	drumlin	5039	A	T	core_destroyed	216
2026-08-11T14:51:05Z	CAP6	635	drumlin	5039	B	T	core_destroyed	113
2026-08-11T14:51:07Z	CAP6	636	fjordgate	5039	A	T	core_destroyed	105
2026-08-11T14:51:08Z	CAP6	637	fjordgate	5039	B	T	core_destroyed	209
2026-08-11T14:51:11Z	CAP6	638	heart	5039	A	C	core_destroyed	143
2026-08-11T14:51:14Z	CAP6	639	heart	5039	B	C	core_destroyed	207
2026-08-11T14:51:16Z	CAP6	640	hive	5039	A	C	core_destroyed	111
2026-08-11T14:51:21Z	CAP6	641	hive	5039	B	T	core_destroyed	228
2026-08-11T14:51:23Z	CAP6	642	meander	5039	A	T	core_destroyed	208
2026-08-11T14:51:25Z	CAP6	643	meander	5039	B	T	core_destroyed	147
2026-08-11T14:51:27Z	CAP6	644	nordkap	5039	A	T	core_destroyed	126
2026-08-11T14:51:29Z	CAP6	645	nordkap	5039	B	C	core_destroyed	245
2026-08-11T14:51:31Z	CAP6	646	antler	5040	A	T	core_destroyed	146
2026-08-11T14:51:33Z	CAP6	647	antler	5040	B	T	core_destroyed	200
2026-08-11T14:51:35Z	CAP6	648	atoll	5040	A	C	core_destroyed	152
2026-08-11T14:51:36Z	CAP6	649	atoll	5040	B	T	core_destroyed	155
2026-08-11T14:51:41Z	CAP6	650	drumlin	5040	A	C	core_destroyed	357
2026-08-11T14:51:43Z	CAP6	651	drumlin	5040	B	T	core_destroyed	93
2026-08-11T14:51:45Z	CAP6	652	fjordgate	5040	A	C	tiebreak	1000
2026-08-11T14:51:48Z	CAP6	653	fjordgate	5040	B	C	tiebreak	1000
2026-08-11T14:51:51Z	CAP6	654	heart	5040	A	T	core_destroyed	248
2026-08-11T14:51:54Z	CAP6	655	heart	5040	B	T	core_destroyed	182
2026-08-11T14:51:58Z	CAP6	656	hive	5040	A	C	core_destroyed	225
2026-08-11T14:52:00Z	CAP6	657	hive	5040	B	T	core_destroyed	116
2026-08-11T14:52:02Z	CAP6	658	meander	5040	A	C	core_destroyed	194
2026-08-11T14:52:03Z	CAP6	659	meander	5040	B	C	core_destroyed	122
2026-08-11T14:52:05Z	CAP6	660	nordkap	5040	A	C	core_destroyed	155
2026-08-11T14:52:07Z	CAP6	661	nordkap	5040	B	T	core_destroyed	221
2026-08-11T14:52:09Z	CAP6	662	antler	5041	A	T	core_destroyed	122
2026-08-11T14:52:13Z	CAP6	663	antler	5041	B	T	core_destroyed	420
2026-08-11T14:52:15Z	CAP6	664	atoll	5041	A	T	core_destroyed	148
2026-08-11T14:52:17Z	CAP6	665	atoll	5041	B	T	core_destroyed	209
2026-08-11T14:52:19Z	CAP6	666	drumlin	5041	A	T	core_destroyed	156
2026-08-11T14:52:22Z	CAP6	667	drumlin	5041	B	C	core_destroyed	202
2026-08-11T14:52:23Z	CAP6	668	fjordgate	5041	A	T	core_destroyed	96
2026-08-11T14:52:25Z	CAP6	669	fjordgate	5041	B	T	core_destroyed	229
2026-08-11T14:52:28Z	CAP6	670	heart	5041	A	C	core_destroyed	208
2026-08-11T14:52:30Z	CAP6	671	heart	5041	B	C	core_destroyed	111
2026-08-11T14:52:32Z	CAP6	672	hive	5041	A	T	core_destroyed	172
2026-08-11T14:52:38Z	CAP6	673	hive	5041	B	C	core_destroyed	342
2026-08-11T14:52:40Z	CAP6	674	meander	5041	A	C	core_destroyed	165
2026-08-11T14:52:43Z	CAP6	675	meander	5041	B	T	tiebreak	1000
2026-08-11T14:52:45Z	CAP6	676	nordkap	5041	A	C	core_destroyed	180
2026-08-11T14:52:47Z	CAP6	677	nordkap	5041	B	T	core_destroyed	178
2026-08-11T14:52:48Z	CAP6	678	antler	5042	A	T	core_destroyed	113
2026-08-11T14:52:50Z	CAP6	679	antler	5042	B	C	core_destroyed	172
2026-08-11T14:52:57Z	CAP6	680	atoll	5042	A	C	core_destroyed	916
2026-08-11T14:52:59Z	CAP6	681	atoll	5042	B	T	core_destroyed	159
2026-08-11T14:53:03Z	CAP6	682	drumlin	5042	A	C	core_destroyed	244
2026-08-11T14:53:08Z	CAP6	683	drumlin	5042	B	T	core_destroyed	300
2026-08-11T14:53:09Z	CAP6	684	fjordgate	5042	A	T	core_destroyed	120
2026-08-11T14:53:11Z	CAP6	685	fjordgate	5042	B	T	core_destroyed	189
2026-08-11T14:53:16Z	CAP6	686	heart	5042	A	C	core_destroyed	278
2026-08-11T14:53:20Z	CAP6	687	heart	5042	B	T	core_destroyed	227
2026-08-11T14:53:24Z	CAP6	688	hive	5042	A	T	core_destroyed	228
2026-08-11T14:53:29Z	CAP6	689	hive	5042	B	C	core_destroyed	310
2026-08-11T14:53:32Z	CAP6	690	meander	5042	A	T	core_destroyed	356
2026-08-11T14:53:34Z	CAP6	691	meander	5042	B	T	core_destroyed	205
2026-08-11T14:53:36Z	CAP6	692	nordkap	5042	A	C	core_destroyed	228
2026-08-11T14:53:39Z	CAP6	693	nordkap	5042	B	T	core_destroyed	270
2026-08-11T14:53:41Z	CAP6	694	antler	5043	A	T	core_destroyed	546
2026-08-11T14:53:44Z	CAP6	695	antler	5043	B	T	core_destroyed	192
2026-08-11T14:53:45Z	CAP6	696	atoll	5043	A	T	core_destroyed	122
2026-08-11T14:53:49Z	CAP6	697	atoll	5043	B	C	core_destroyed	774
2026-08-11T14:53:51Z	CAP6	698	drumlin	5043	A	T	core_destroyed	137
2026-08-11T14:53:56Z	CAP6	699	drumlin	5043	B	T	core_destroyed	426
2026-08-11T14:53:58Z	CAP6	700	fjordgate	5043	A	C	core_destroyed	314
2026-08-11T14:54:00Z	CAP6	701	fjordgate	5043	B	C	core_destroyed	219
2026-08-11T14:54:05Z	CAP6	702	heart	5043	A	C	core_destroyed	273
2026-08-11T14:54:23Z	CAP6	703	heart	5043	B	T	tiebreak	1000
2026-08-11T14:54:26Z	CAP6	704	hive	5043	A	C	core_destroyed	174
2026-08-11T14:54:30Z	CAP6	705	hive	5043	B	C	core_destroyed	226
2026-08-11T14:54:34Z	CAP6	706	meander	5043	A	C	tiebreak	1000
2026-08-11T14:54:35Z	CAP6	707	meander	5043	B	T	core_destroyed	158
2026-08-11T14:54:37Z	CAP6	708	nordkap	5043	A	T	core_destroyed	117
2026-08-11T14:54:38Z	CAP6	709	nordkap	5043	B	T	core_destroyed	150
2026-08-11T14:54:40Z	CAP6	710	antler	5044	A	C	core_destroyed	432
2026-08-11T14:54:42Z	CAP6	711	antler	5044	B	C	core_destroyed	184
2026-08-11T14:54:45Z	CAP6	712	atoll	5044	A	T	core_destroyed	370
2026-08-11T14:54:49Z	CAP6	713	atoll	5044	B	C	core_destroyed	335
2026-08-11T14:54:51Z	CAP6	714	drumlin	5044	A	T	core_destroyed	117
2026-08-11T14:54:55Z	CAP6	715	drumlin	5044	B	T	core_destroyed	304
2026-08-11T14:54:57Z	CAP6	716	fjordgate	5044	A	T	core_destroyed	236
2026-08-11T14:54:58Z	CAP6	717	fjordgate	5044	B	T	core_destroyed	93
2026-08-11T14:55:01Z	CAP6	718	heart	5044	A	C	core_destroyed	344
2026-08-11T14:55:08Z	CAP6	719	heart	5044	B	T	core_destroyed	513
2026-08-11T14:55:10Z	CAP6	720	hive	5044	A	T	core_destroyed	93
2026-08-11T14:55:18Z	CAP6	721	hive	5044	B	T	core_destroyed	692
2026-08-11T14:55:20Z	CAP6	722	meander	5044	A	T	core_destroyed	284
2026-08-11T14:55:23Z	CAP6	723	meander	5044	B	C	core_destroyed	217
2026-08-11T14:55:25Z	CAP6	724	nordkap	5044	A	T	core_destroyed	193
2026-08-11T14:55:26Z	CAP6	725	nordkap	5044	B	T	core_destroyed	312
2026-08-11T14:55:28Z	CAP6	726	antler	5045	A	T	core_destroyed	88
2026-08-11T14:55:30Z	CAP6	727	antler	5045	B	C	core_destroyed	366
2026-08-11T14:55:34Z	CAP6	728	atoll	5045	A	T	core_destroyed	463
2026-08-11T14:55:36Z	CAP6	729	atoll	5045	B	C	core_destroyed	297
2026-08-11T14:55:39Z	CAP6	730	drumlin	5045	A	C	core_destroyed	179
2026-08-11T14:55:44Z	CAP6	731	drumlin	5045	B	T	core_destroyed	358
2026-08-11T14:55:46Z	CAP6	732	fjordgate	5045	A	T	core_destroyed	140
2026-08-11T14:55:47Z	CAP6	733	fjordgate	5045	B	C	core_destroyed	151
2026-08-11T14:55:49Z	CAP6	734	heart	5045	A	T	core_destroyed	98
2026-08-11T14:55:56Z	CAP6	735	heart	5045	B	T	core_destroyed	508
2026-08-11T14:56:00Z	CAP6	736	hive	5045	A	T	core_destroyed	263
2026-08-11T14:56:05Z	CAP6	737	hive	5045	B	T	core_destroyed	315
2026-08-11T14:56:09Z	CAP6	738	meander	5045	A	T	core_destroyed	342
2026-08-11T14:56:12Z	CAP6	739	meander	5045	B	T	core_destroyed	216
2026-08-11T14:56:15Z	CAP6	740	nordkap	5045	A	T	core_destroyed	382
2026-08-11T14:56:17Z	CAP6	741	nordkap	5045	B	C	core_destroyed	161
2026-08-11T14:56:19Z	CAP6	742	antler	5046	A	C	core_destroyed	156
2026-08-11T14:56:21Z	CAP6	743	antler	5046	B	T	core_destroyed	194
2026-08-11T14:56:23Z	CAP6	744	atoll	5046	A	C	core_destroyed	405
2026-08-11T14:56:24Z	CAP6	745	atoll	5046	B	T	core_destroyed	137
2026-08-11T14:56:33Z	CAP6	746	drumlin	5046	A	C	core_destroyed	617
2026-08-11T14:56:35Z	CAP6	747	drumlin	5046	B	C	core_destroyed	163
2026-08-11T14:56:37Z	CAP6	748	fjordgate	5046	A	C	core_destroyed	197
2026-08-11T14:56:38Z	CAP6	749	fjordgate	5046	B	T	core_destroyed	187
2026-08-11T14:56:41Z	CAP6	750	heart	5046	A	C	core_destroyed	268
2026-08-11T14:56:44Z	CAP6	751	heart	5046	B	T	core_destroyed	140
2026-08-11T14:56:48Z	CAP6	752	hive	5046	A	T	core_destroyed	353
2026-08-11T14:56:53Z	CAP6	753	hive	5046	B	C	core_destroyed	267
2026-08-11T14:56:57Z	CAP6	754	meander	5046	A	T	tiebreak	1000
2026-08-11T14:57:01Z	CAP6	755	meander	5046	B	C	core_destroyed	372
2026-08-11T14:57:02Z	CAP6	756	nordkap	5046	A	T	core_destroyed	179
2026-08-11T14:57:07Z	CAP6	757	nordkap	5046	B	T	core_destroyed	609
2026-08-11T14:57:09Z	CAP6	758	antler	5047	A	C	core_destroyed	188
2026-08-11T14:57:13Z	CAP6	759	antler	5047	B	C	core_destroyed	470
2026-08-11T14:57:15Z	CAP6	760	atoll	5047	A	T	core_destroyed	230
2026-08-11T14:57:17Z	CAP6	761	atoll	5047	B	T	core_destroyed	121
2026-08-11T14:57:19Z	CAP6	762	drumlin	5047	A	T	core_destroyed	168
2026-08-11T14:57:21Z	CAP6	763	drumlin	5047	B	T	core_destroyed	164
2026-08-11T14:57:23Z	CAP6	764	fjordgate	5047	A	C	core_destroyed	329
2026-08-11T14:57:25Z	CAP6	765	fjordgate	5047	B	T	core_destroyed	161
2026-08-11T14:57:27Z	CAP6	766	heart	5047	A	C	core_destroyed	178
2026-08-11T14:57:30Z	CAP6	767	heart	5047	B	T	core_destroyed	194
2026-08-11T14:57:34Z	CAP6	768	hive	5047	A	T	core_destroyed	323
2026-08-11T14:57:38Z	CAP6	769	hive	5047	B	T	core_destroyed	241
2026-08-11T14:57:40Z	CAP6	770	meander	5047	A	C	core_destroyed	227
2026-08-11T14:57:43Z	CAP6	771	meander	5047	B	T	core_destroyed	254
2026-08-11T14:57:44Z	CAP6	772	nordkap	5047	A	T	core_destroyed	145
2026-08-11T14:57:47Z	CAP6	773	nordkap	5047	B	C	core_destroyed	278
2026-08-11T14:57:48Z	CAP6	774	antler	5048	A	T	core_destroyed	159
2026-08-11T14:57:50Z	CAP6	775	antler	5048	B	C	core_destroyed	250
2026-08-11T14:57:53Z	CAP6	776	atoll	5048	A	C	core_destroyed	347
2026-08-11T14:57:56Z	CAP6	777	atoll	5048	B	C	core_destroyed	237
2026-08-11T14:58:03Z	CAP6	778	drumlin	5048	A	T	core_destroyed	404
2026-08-11T14:58:09Z	CAP6	779	drumlin	5048	B	C	core_destroyed	329
2026-08-11T14:58:10Z	CAP6	780	fjordgate	5048	A	C	core_destroyed	116
2026-08-11T14:58:11Z	CAP6	781	fjordgate	5048	B	T	core_destroyed	241
2026-08-11T14:58:14Z	CAP6	782	heart	5048	A	C	core_destroyed	131
2026-08-11T14:58:17Z	CAP6	783	heart	5048	B	C	core_destroyed	154
2026-08-11T14:58:19Z	CAP6	784	hive	5048	A	C	core_destroyed	184
2026-08-11T14:58:23Z	CAP6	785	hive	5048	B	C	core_destroyed	215
2026-08-11T14:58:26Z	CAP6	786	meander	5048	A	C	core_destroyed	237
2026-08-11T14:58:28Z	CAP6	787	meander	5048	B	C	core_destroyed	210
2026-08-11T14:58:29Z	CAP6	788	nordkap	5048	A	T	core_destroyed	136
2026-08-11T14:58:31Z	CAP6	789	nordkap	5048	B	C	core_destroyed	176
2026-08-11T14:58:32Z	CAP6	790	antler	5049	A	C	core_destroyed	124
2026-08-11T14:58:34Z	CAP6	791	antler	5049	B	T	core_destroyed	250
2026-08-11T14:58:37Z	CAP6	792	atoll	5049	A	C	core_destroyed	457
2026-08-11T14:58:39Z	CAP6	793	atoll	5049	B	C	core_destroyed	179
2026-08-11T14:58:41Z	CAP6	794	drumlin	5049	A	T	core_destroyed	184
2026-08-11T14:58:45Z	CAP6	795	drumlin	5049	B	T	core_destroyed	303
2026-08-11T14:58:47Z	CAP6	796	fjordgate	5049	A	T	core_destroyed	292
2026-08-11T14:58:49Z	CAP6	797	fjordgate	5049	B	T	core_destroyed	173
2026-08-11T14:58:53Z	CAP6	798	heart	5049	A	T	core_destroyed	167
2026-08-11T14:58:57Z	CAP6	799	heart	5049	B	C	core_destroyed	222
2026-08-11T14:59:01Z	CAP6	800	hive	5049	A	T	core_destroyed	212
2026-08-11T14:59:05Z	CAP6	801	hive	5049	B	T	core_destroyed	255
2026-08-11T14:59:07Z	CAP6	802	meander	5049	A	C	core_destroyed	125
2026-08-11T14:59:09Z	CAP6	803	meander	5049	B	T	core_destroyed	178
2026-08-11T14:59:11Z	CAP6	804	nordkap	5049	A	T	core_destroyed	318
2026-08-11T14:59:14Z	CAP6	805	nordkap	5049	B	C	core_destroyed	237
2026-08-11T14:59:15Z	CAP6	806	antler	5050	A	C	core_destroyed	88
2026-08-11T14:59:18Z	CAP6	807	antler	5050	B	C	core_destroyed	145
2026-08-11T14:59:24Z	CAP6	808	atoll	5050	A	C	core_destroyed	617
2026-08-11T14:59:27Z	CAP6	809	atoll	5050	B	C	core_destroyed	227
2026-08-11T14:59:30Z	CAP6	810	drumlin	5050	A	T	core_destroyed	212
2026-08-11T14:59:37Z	CAP6	811	drumlin	5050	B	T	core_destroyed	399
2026-08-11T14:59:38Z	CAP6	812	fjordgate	5050	A	T	core_destroyed	312
2026-08-11T14:59:39Z	CAP6	813	fjordgate	5050	B	C	core_destroyed	150
2026-08-11T14:59:52Z	CAP6	814	heart	5050	A	C	tiebreak	1000
2026-08-11T14:59:54Z	CAP6	815	heart	5050	B	C	core_destroyed	148
2026-08-11T15:00:08Z	CAP6	816	hive	5050	A	T	core_destroyed	921
2026-08-11T15:00:15Z	CAP6	817	hive	5050	B	T	core_destroyed	464
2026-08-11T15:00:17Z	CAP6	818	meander	5050	A	C	core_destroyed	191
2026-08-11T15:00:18Z	CAP6	819	meander	5050	B	C	core_destroyed	137
2026-08-11T15:00:20Z	CAP6	820	nordkap	5050	A	T	core_destroyed	165
2026-08-11T15:00:24Z	CAP6	821	nordkap	5050	B	C	core_destroyed	263
2026-08-11T15:00:26Z	CAP6	822	antler	5051	A	T	core_destroyed	130
2026-08-11T15:00:28Z	CAP6	823	antler	5051	B	C	core_destroyed	149
2026-08-11T15:00:30Z	CAP6	824	atoll	5051	A	T	core_destroyed	294
2026-08-11T15:00:33Z	CAP6	825	atoll	5051	B	T	core_destroyed	539
2026-08-11T15:00:35Z	CAP6	826	drumlin	5051	A	T	core_destroyed	118
2026-08-11T15:00:37Z	CAP6	827	drumlin	5051	B	C	core_destroyed	104
2026-08-11T15:00:39Z	CAP6	828	fjordgate	5051	A	C	tiebreak	1000
2026-08-11T15:00:41Z	CAP6	829	fjordgate	5051	B	T	core_destroyed	250
2026-08-11T15:00:48Z	CAP6	830	heart	5051	A	T	core_destroyed	469
2026-08-11T15:00:52Z	CAP6	831	heart	5051	B	T	core_destroyed	271
2026-08-11T15:00:56Z	CAP6	832	hive	5051	A	C	core_destroyed	223
2026-08-11T15:01:01Z	CAP6	833	hive	5051	B	C	core_destroyed	308
2026-08-11T15:01:02Z	CAP6	834	meander	5051	A	C	core_destroyed	169
2026-08-11T15:01:07Z	CAP6	835	meander	5051	B	C	core_destroyed	637
2026-08-11T15:01:09Z	CAP6	836	nordkap	5051	A	T	core_destroyed	181
2026-08-11T15:01:10Z	CAP6	837	nordkap	5051	B	T	core_destroyed	119
2026-08-11T15:01:13Z	CAP6	838	antler	5052	A	T	core_destroyed	198
2026-08-11T15:01:15Z	CAP6	839	antler	5052	B	T	core_destroyed	172
2026-08-11T15:01:17Z	CAP6	840	atoll	5052	A	C	core_destroyed	267
2026-08-11T15:01:19Z	CAP6	841	atoll	5052	B	T	core_destroyed	190
2026-08-11T15:01:24Z	CAP6	842	drumlin	5052	A	T	core_destroyed	337
2026-08-11T15:01:26Z	CAP6	843	drumlin	5052	B	T	core_destroyed	123
2026-08-11T15:01:28Z	CAP6	844	fjordgate	5052	A	T	core_destroyed	152
2026-08-11T15:01:30Z	CAP6	845	fjordgate	5052	B	T	core_destroyed	264
2026-08-11T15:01:33Z	CAP6	846	heart	5052	A	C	core_destroyed	236
2026-08-11T15:01:36Z	CAP6	847	heart	5052	B	T	core_destroyed	255
2026-08-11T15:01:40Z	CAP6	848	hive	5052	A	T	core_destroyed	272
2026-08-11T15:01:42Z	CAP6	849	hive	5052	B	C	core_destroyed	138
2026-08-11T15:01:43Z	CAP6	850	meander	5052	A	T	core_destroyed	108
2026-08-11T15:01:46Z	CAP6	851	meander	5052	B	C	core_destroyed	496
2026-08-11T15:01:49Z	CAP6	852	nordkap	5052	A	C	tiebreak	265
2026-08-11T15:01:51Z	CAP6	853	nordkap	5052	B	T	core_destroyed	193
2026-08-11T15:01:52Z	CAP6	854	antler	5053	A	C	core_destroyed	119
2026-08-11T15:01:54Z	CAP6	855	antler	5053	B	T	core_destroyed	155
2026-08-11T15:01:59Z	CAP6	856	atoll	5053	A	T	core_destroyed	385
2026-08-11T15:02:01Z	CAP6	857	atoll	5053	B	C	core_destroyed	166
2026-08-11T15:02:05Z	CAP6	858	drumlin	5053	A	T	core_destroyed	402
2026-08-11T15:02:07Z	CAP6	859	drumlin	5053	B	C	core_destroyed	183
2026-08-11T15:02:09Z	CAP6	860	fjordgate	5053	A	T	core_destroyed	290
2026-08-11T15:02:10Z	CAP6	861	fjordgate	5053	B	T	core_destroyed	336
2026-08-11T15:02:14Z	CAP6	862	heart	5053	A	T	core_destroyed	323
2026-08-11T15:02:17Z	CAP6	863	heart	5053	B	C	core_destroyed	215
2026-08-11T15:02:25Z	CAP6	864	hive	5053	A	T	core_destroyed	393
2026-08-11T15:02:29Z	CAP6	865	hive	5053	B	T	core_destroyed	250
2026-08-11T15:02:30Z	CAP6	866	meander	5053	A	C	core_destroyed	140
2026-08-11T15:02:31Z	CAP6	867	meander	5053	B	T	core_destroyed	188
2026-08-11T15:02:36Z	CAP6	868	nordkap	5053	A	C	core_destroyed	420
2026-08-11T15:02:38Z	CAP6	869	nordkap	5053	B	C	core_destroyed	188
2026-08-11T15:02:41Z	CAP6	870	antler	5054	A	C	core_destroyed	258
2026-08-11T15:02:44Z	CAP6	871	antler	5054	B	T	core_destroyed	250
2026-08-11T15:02:49Z	CAP6	872	atoll	5054	A	C	core_destroyed	731
2026-08-11T15:02:50Z	CAP6	873	atoll	5054	B	T	core_destroyed	144
2026-08-11T15:02:53Z	CAP6	874	drumlin	5054	A	T	core_destroyed	211
2026-08-11T15:02:56Z	CAP6	875	drumlin	5054	B	C	core_destroyed	185
2026-08-11T15:02:58Z	CAP6	876	fjordgate	5054	A	T	core_destroyed	176
2026-08-11T15:02:59Z	CAP6	877	fjordgate	5054	B	C	core_destroyed	198
2026-08-11T15:03:02Z	CAP6	878	heart	5054	A	T	core_destroyed	134
2026-08-11T15:03:09Z	CAP6	879	heart	5054	B	C	core_destroyed	354
2026-08-11T15:03:15Z	CAP6	880	hive	5054	A	C	core_destroyed	371
2026-08-11T15:03:18Z	CAP6	881	hive	5054	B	C	core_destroyed	219
2026-08-11T15:03:19Z	CAP6	882	meander	5054	A	T	core_destroyed	163
2026-08-11T15:03:21Z	CAP6	883	meander	5054	B	C	core_destroyed	288
2026-08-11T15:03:23Z	CAP6	884	nordkap	5054	A	C	core_destroyed	623
2026-08-11T15:03:25Z	CAP6	885	nordkap	5054	B	C	core_destroyed	196
2026-08-11T15:03:29Z	CAP6	886	antler	5055	A	C	core_destroyed	418
2026-08-11T15:03:32Z	CAP6	887	antler	5055	B	C	core_destroyed	254
2026-08-11T15:03:35Z	CAP6	888	atoll	5055	A	T	core_destroyed	278
2026-08-11T15:03:40Z	CAP6	889	atoll	5055	B	T	core_destroyed	482
2026-08-11T15:03:45Z	CAP6	890	drumlin	5055	A	T	core_destroyed	355
2026-08-11T15:03:47Z	CAP6	891	drumlin	5055	B	T	core_destroyed	162
2026-08-11T15:03:49Z	CAP6	892	fjordgate	5055	A	T	core_destroyed	246
2026-08-11T15:03:50Z	CAP6	893	fjordgate	5055	B	T	core_destroyed	134
2026-08-11T15:04:05Z	CAP6	894	heart	5055	A	C	tiebreak	1000
2026-08-11T15:04:08Z	CAP6	895	heart	5055	B	C	core_destroyed	140
2026-08-11T15:04:10Z	CAP6	896	hive	5055	A	T	core_destroyed	170
2026-08-11T15:04:15Z	CAP6	897	hive	5055	B	C	core_destroyed	285
2026-08-11T15:04:17Z	CAP6	898	meander	5055	A	T	core_destroyed	147
2026-08-11T15:04:18Z	CAP6	899	meander	5055	B	C	core_destroyed	243
2026-08-11T15:04:20Z	CAP6	900	nordkap	5055	A	T	core_destroyed	85
2026-08-11T15:04:21Z	CAP6	901	nordkap	5055	B	C	core_destroyed	98
2026-08-11T15:04:24Z	CAP6	902	antler	5056	A	C	core_destroyed	224
2026-08-11T15:04:26Z	CAP6	903	antler	5056	B	C	core_destroyed	203
2026-08-11T15:04:27Z	CAP6	904	atoll	5056	A	C	core_destroyed	106
2026-08-11T15:04:31Z	CAP6	905	atoll	5056	B	C	core_destroyed	220
2026-08-11T15:04:33Z	CAP6	906	drumlin	5056	A	T	core_destroyed	170
2026-08-11T15:04:35Z	CAP6	907	drumlin	5056	B	T	core_destroyed	147
2026-08-11T15:04:37Z	CAP6	908	fjordgate	5056	A	T	core_destroyed	168
2026-08-11T15:04:38Z	CAP6	909	fjordgate	5056	B	T	core_destroyed	128
2026-08-11T15:04:41Z	CAP6	910	heart	5056	A	T	core_destroyed	193
2026-08-11T15:04:48Z	CAP6	911	heart	5056	B	T	core_destroyed	362
2026-08-11T15:04:52Z	CAP6	912	hive	5056	A	T	core_destroyed	228
2026-08-11T15:04:58Z	CAP6	913	hive	5056	B	T	core_destroyed	332
2026-08-11T15:05:00Z	CAP6	914	meander	5056	A	T	core_destroyed	432
2026-08-11T15:05:02Z	CAP6	915	meander	5056	B	C	core_destroyed	179
2026-08-11T15:05:05Z	CAP6	916	nordkap	5056	A	C	core_destroyed	214
2026-08-11T15:05:07Z	CAP6	917	nordkap	5056	B	C	core_destroyed	297
2026-08-11T15:05:09Z	CAP6	918	antler	5057	A	C	core_destroyed	185
2026-08-11T15:05:12Z	CAP6	919	antler	5057	B	C	core_destroyed	258
2026-08-11T15:05:13Z	CAP6	920	atoll	5057	A	C	core_destroyed	128
2026-08-11T15:05:23Z	CAP6	921	atoll	5057	B	C	core_destroyed	916
2026-08-11T15:05:27Z	CAP6	922	drumlin	5057	A	T	core_destroyed	241
2026-08-11T15:05:32Z	CAP6	923	drumlin	5057	B	C	core_destroyed	345
2026-08-11T15:05:34Z	CAP6	924	fjordgate	5057	A	C	core_destroyed	133
2026-08-11T15:05:36Z	CAP6	925	fjordgate	5057	B	T	core_destroyed	281
2026-08-11T15:05:37Z	CAP6	926	heart	5057	A	T	core_destroyed	144
2026-08-11T15:05:41Z	CAP6	927	heart	5057	B	T	core_destroyed	195
2026-08-11T15:05:44Z	CAP6	928	hive	5057	A	T	core_destroyed	181
2026-08-11T15:05:46Z	CAP6	929	hive	5057	B	C	core_destroyed	113
2026-08-11T15:05:48Z	CAP6	930	meander	5057	A	T	core_destroyed	157
2026-08-11T15:05:50Z	CAP6	931	meander	5057	B	T	core_destroyed	278
2026-08-11T15:05:52Z	CAP6	932	nordkap	5057	A	T	core_destroyed	191
2026-08-11T15:05:54Z	CAP6	933	nordkap	5057	B	T	core_destroyed	176
2026-08-11T15:05:57Z	CAP6	934	antler	5058	A	T	core_destroyed	448
2026-08-11T15:05:59Z	CAP6	935	antler	5058	B	T	core_destroyed	234
2026-08-11T15:06:06Z	CAP6	936	atoll	5058	A	T	tiebreak	1000
2026-08-11T15:06:07Z	CAP6	937	atoll	5058	B	C	core_destroyed	171
2026-08-11T15:06:09Z	CAP6	938	drumlin	5058	A	T	core_destroyed	153
2026-08-11T15:06:12Z	CAP6	939	drumlin	5058	B	T	core_destroyed	197
2026-08-11T15:06:15Z	CAP6	940	fjordgate	5058	A	C	tiebreak	1000
2026-08-11T15:06:16Z	CAP6	941	fjordgate	5058	B	T	core_destroyed	189
2026-08-11T15:06:20Z	CAP6	942	heart	5058	A	T	core_destroyed	196
2026-08-11T15:06:23Z	CAP6	943	heart	5058	B	C	core_destroyed	149
2026-08-11T15:06:28Z	CAP6	944	hive	5058	A	T	core_destroyed	290
2026-08-11T15:06:30Z	CAP6	945	hive	5058	B	C	core_destroyed	218
2026-08-11T15:06:32Z	CAP6	946	meander	5058	A	T	core_destroyed	252
2026-08-11T15:06:35Z	CAP6	947	meander	5058	B	C	core_destroyed	203
2026-08-11T15:06:39Z	CAP6	948	nordkap	5058	A	C	core_destroyed	364
2026-08-11T15:06:43Z	CAP6	949	nordkap	5058	B	T	core_destroyed	284
2026-08-11T15:06:45Z	CAP6	950	antler	5059	A	T	core_destroyed	190
2026-08-11T15:06:48Z	CAP6	951	antler	5059	B	C	core_destroyed	222
2026-08-11T15:06:51Z	CAP6	952	atoll	5059	A	T	core_destroyed	483
2026-08-11T15:06:53Z	CAP6	953	atoll	5059	B	C	core_destroyed	202
2026-08-11T15:06:57Z	CAP6	954	drumlin	5059	A	C	core_destroyed	200
2026-08-11T15:07:01Z	CAP6	955	drumlin	5059	B	T	core_destroyed	272
2026-08-11T15:07:02Z	CAP6	956	fjordgate	5059	A	C	core_destroyed	121
2026-08-11T15:07:03Z	CAP6	957	fjordgate	5059	B	C	core_destroyed	167
2026-08-11T15:07:10Z	CAP6	958	heart	5059	A	C	core_destroyed	412
2026-08-11T15:07:21Z	CAP6	959	heart	5059	B	T	core_destroyed	461
2026-08-11T15:07:24Z	CAP6	960	hive	5059	A	C	core_destroyed	191
2026-08-11T15:07:29Z	CAP6	961	hive	5059	B	C	core_destroyed	310
2026-08-11T15:07:31Z	CAP6	962	meander	5059	A	C	core_destroyed	156
2026-08-11T15:07:33Z	CAP6	963	meander	5059	B	C	core_destroyed	294
2026-08-11T15:07:37Z	CAP6	964	nordkap	5059	A	T	core_destroyed	665
2026-08-11T15:07:40Z	CAP6	965	nordkap	5059	B	T	tiebreak	1000
2026-08-11T15:07:43Z	CAP6	966	antler	5060	A	C	core_destroyed	229
2026-08-11T15:07:45Z	CAP6	967	antler	5060	B	T	core_destroyed	265
2026-08-11T15:07:47Z	CAP6	968	atoll	5060	A	T	core_destroyed	737
2026-08-11T15:07:49Z	CAP6	969	atoll	5060	B	C	core_destroyed	112
2026-08-11T15:07:52Z	CAP6	970	drumlin	5060	A	T	core_destroyed	281
2026-08-11T15:07:55Z	CAP6	971	drumlin	5060	B	C	core_destroyed	216
2026-08-11T15:07:56Z	CAP6	972	fjordgate	5060	A	T	core_destroyed	193
2026-08-11T15:07:59Z	CAP6	973	fjordgate	5060	B	T	tiebreak	1000
2026-08-11T15:08:02Z	CAP6	974	heart	5060	A	T	core_destroyed	210
2026-08-11T15:08:21Z	CAP6	975	heart	5060	B	T	tiebreak	1000
2026-08-11T15:08:24Z	CAP6	976	hive	5060	A	C	core_destroyed	257
2026-08-11T15:08:26Z	CAP6	977	hive	5060	B	T	core_destroyed	155
2026-08-11T15:08:27Z	CAP6	978	meander	5060	A	T	core_destroyed	118
2026-08-11T15:08:29Z	CAP6	979	meander	5060	B	T	core_destroyed	138
2026-08-11T15:08:30Z	CAP6	980	nordkap	5060	A	C	core_destroyed	243
2026-08-11T15:08:32Z	CAP6	981	nordkap	5060	B	T	core_destroyed	128
2026-08-11T15:08:34Z	CAP6	982	antler	5061	A	C	core_destroyed	583
2026-08-11T15:08:36Z	CAP6	983	antler	5061	B	T	core_destroyed	205
2026-08-11T15:08:38Z	CAP6	984	atoll	5061	A	C	core_destroyed	104
2026-08-11T15:08:40Z	CAP6	985	atoll	5061	B	C	core_destroyed	212
2026-08-11T15:08:42Z	CAP6	986	drumlin	5061	A	T	core_destroyed	153
2026-08-11T15:08:44Z	CAP6	987	drumlin	5061	B	C	core_destroyed	182
2026-08-11T15:08:45Z	CAP6	988	fjordgate	5061	A	C	core_destroyed	178
2026-08-11T15:08:46Z	CAP6	989	fjordgate	5061	B	C	core_destroyed	173
2026-08-11T15:08:50Z	CAP6	990	heart	5061	A	T	core_destroyed	357
2026-08-11T15:08:54Z	CAP6	991	heart	5061	B	T	core_destroyed	193
2026-08-11T15:08:58Z	CAP6	992	hive	5061	A	T	core_destroyed	214
2026-08-11T15:09:00Z	CAP6	993	hive	5061	B	C	core_destroyed	178
2026-08-11T15:09:02Z	CAP6	994	meander	5061	A	T	tiebreak	158
2026-08-11T15:09:05Z	CAP6	995	meander	5061	B	T	core_destroyed	225
2026-08-11T15:09:06Z	CAP6	996	nordkap	5061	A	T	core_destroyed	174
2026-08-11T15:09:09Z	CAP6	997	nordkap	5061	B	T	core_destroyed	283
2026-08-11T15:09:13Z	CAP6	998	antler	5062	A	T	core_destroyed	373
2026-08-11T15:09:15Z	CAP6	999	antler	5062	B	T	core_destroyed	378
2026-08-11T15:09:17Z	CAP6	1000	atoll	5062	A	C	core_destroyed	503
2026-08-11T15:09:23Z	CAP6	1001	atoll	5062	B	C	core_destroyed	598
2026-08-11T15:09:30Z	CAP6	1002	drumlin	5062	A	C	core_destroyed	463
2026-08-11T15:09:32Z	CAP6	1003	drumlin	5062	B	C	core_destroyed	159
2026-08-11T15:09:34Z	CAP6	1004	fjordgate	5062	A	T	tiebreak	1000
2026-08-11T15:09:36Z	CAP6	1005	fjordgate	5062	B	C	core_destroyed	152
2026-08-11T15:09:40Z	CAP6	1006	heart	5062	A	C	core_destroyed	270
2026-08-11T15:09:42Z	CAP6	1007	heart	5062	B	C	core_destroyed	172
2026-08-11T15:09:46Z	CAP6	1008	hive	5062	A	C	core_destroyed	229
2026-08-11T15:09:48Z	CAP6	1009	hive	5062	B	C	core_destroyed	137
2026-08-11T15:09:50Z	CAP6	1010	meander	5062	A	C	core_destroyed	191
2026-08-11T15:09:53Z	CAP6	1011	meander	5062	B	C	core_destroyed	336
2026-08-11T15:09:54Z	CAP6	1012	nordkap	5062	A	T	core_destroyed	78
2026-08-11T15:09:56Z	CAP6	1013	nordkap	5062	B	T	core_destroyed	143
2026-08-11T15:09:58Z	CAP6	1014	antler	5063	A	T	core_destroyed	307
2026-08-11T15:10:00Z	CAP6	1015	antler	5063	B	C	core_destroyed	95
2026-08-11T15:10:03Z	CAP6	1016	atoll	5063	A	C	core_destroyed	179
2026-08-11T15:10:05Z	CAP6	1017	atoll	5063	B	C	core_destroyed	241
2026-08-11T15:10:07Z	CAP6	1018	drumlin	5063	A	T	core_destroyed	142
2026-08-11T15:10:09Z	CAP6	1019	drumlin	5063	B	T	core_destroyed	197
2026-08-11T15:10:11Z	CAP6	1020	fjordgate	5063	A	T	core_destroyed	196
2026-08-11T15:10:12Z	CAP6	1021	fjordgate	5063	B	T	core_destroyed	169
2026-08-11T15:10:18Z	CAP6	1022	heart	5063	A	T	core_destroyed	549
2026-08-11T15:10:21Z	CAP6	1023	heart	5063	B	T	core_destroyed	169
2026-08-11T15:10:28Z	CAP6	1024	hive	5063	A	C	core_destroyed	430
2026-08-11T15:10:32Z	CAP6	1025	hive	5063	B	C	core_destroyed	250
2026-08-11T15:10:33Z	CAP6	1026	meander	5063	A	C	core_destroyed	128
2026-08-11T15:10:35Z	CAP6	1027	meander	5063	B	T	core_destroyed	139
2026-08-11T15:10:37Z	CAP6	1028	nordkap	5063	A	T	core_destroyed	163
2026-08-11T15:10:39Z	CAP6	1029	nordkap	5063	B	C	core_destroyed	144
2026-08-11T15:10:40Z	CAP6	1030	antler	5064	A	T	core_destroyed	126
2026-08-11T15:10:43Z	CAP6	1031	antler	5064	B	C	core_destroyed	183
2026-08-11T15:10:45Z	CAP6	1032	atoll	5064	A	T	core_destroyed	212
2026-08-11T15:10:48Z	CAP6	1033	atoll	5064	B	T	core_destroyed	261
2026-08-11T15:10:50Z	CAP6	1034	drumlin	5064	A	C	core_destroyed	287
2026-08-11T15:10:57Z	CAP6	1035	drumlin	5064	B	T	core_destroyed	460
2026-08-11T15:10:58Z	CAP6	1036	fjordgate	5064	A	T	core_destroyed	167
2026-08-11T15:11:00Z	CAP6	1037	fjordgate	5064	B	T	core_destroyed	165
2026-08-11T15:11:02Z	CAP6	1038	heart	5064	A	T	core_destroyed	115
2026-08-11T15:11:05Z	CAP6	1039	heart	5064	B	T	core_destroyed	136
2026-08-11T15:11:07Z	CAP6	1040	hive	5064	A	C	core_destroyed	130
2026-08-11T15:11:09Z	CAP6	1041	hive	5064	B	C	core_destroyed	135
2026-08-11T15:11:11Z	CAP6	1042	meander	5064	A	C	core_destroyed	160
2026-08-11T15:11:12Z	CAP6	1043	meander	5064	B	C	core_destroyed	138
2026-08-11T15:11:15Z	CAP6	1044	nordkap	5064	A	T	core_destroyed	207
2026-08-11T15:11:18Z	CAP6	1045	nordkap	5064	B	T	core_destroyed	214
2026-08-11T15:11:20Z	CAP6	1046	antler	5065	A	C	core_destroyed	253
2026-08-11T15:11:22Z	CAP6	1047	antler	5065	B	C	core_destroyed	138
2026-08-11T15:11:27Z	CAP6	1048	atoll	5065	A	T	tiebreak	1000
2026-08-11T15:11:29Z	CAP6	1049	atoll	5065	B	C	core_destroyed	112
2026-08-11T15:11:31Z	CAP6	1050	drumlin	5065	A	T	core_destroyed	153
2026-08-11T15:11:33Z	CAP6	1051	drumlin	5065	B	C	core_destroyed	120
2026-08-11T15:11:34Z	CAP6	1052	fjordgate	5065	A	T	core_destroyed	112
2026-08-11T15:11:36Z	CAP6	1053	fjordgate	5065	B	T	core_destroyed	93
2026-08-11T15:11:40Z	CAP6	1054	heart	5065	A	C	core_destroyed	236
2026-08-11T15:11:43Z	CAP6	1055	heart	5065	B	T	core_destroyed	184
2026-08-11T15:11:46Z	CAP6	1056	hive	5065	A	T	core_destroyed	194
2026-08-11T15:11:50Z	CAP6	1057	hive	5065	B	C	core_destroyed	278
2026-08-11T15:11:52Z	CAP6	1058	meander	5065	A	C	core_destroyed	248
2026-08-11T15:11:55Z	CAP6	1059	meander	5065	B	C	core_destroyed	165
2026-08-11T15:11:58Z	CAP6	1060	nordkap	5065	A	C	core_destroyed	273
2026-08-11T15:12:02Z	CAP6	1061	nordkap	5065	B	C	core_destroyed	897
2026-08-11T15:12:05Z	CAP6	1062	antler	5066	A	T	core_destroyed	268
2026-08-11T15:12:06Z	CAP6	1063	antler	5066	B	C	core_destroyed	96
2026-08-11T15:12:08Z	CAP6	1064	atoll	5066	A	C	core_destroyed	122
2026-08-11T15:12:19Z	CAP6	1065	atoll	5066	B	T	tiebreak	1000
2026-08-11T15:12:23Z	CAP6	1066	drumlin	5066	A	T	core_destroyed	324
2026-08-11T15:12:25Z	CAP6	1067	drumlin	5066	B	C	core_destroyed	171
2026-08-11T15:12:27Z	CAP6	1068	fjordgate	5066	A	C	core_destroyed	163
2026-08-11T15:12:28Z	CAP6	1069	fjordgate	5066	B	T	core_destroyed	163
2026-08-11T15:12:31Z	CAP6	1070	heart	5066	A	T	core_destroyed	105
2026-08-11T15:12:34Z	CAP6	1071	heart	5066	B	C	core_destroyed	145
2026-08-11T15:12:36Z	CAP6	1072	hive	5066	A	T	core_destroyed	142
2026-08-11T15:12:39Z	CAP6	1073	hive	5066	B	T	core_destroyed	164
2026-08-11T15:12:40Z	CAP6	1074	meander	5066	A	T	core_destroyed	169
2026-08-11T15:12:42Z	CAP6	1075	meander	5066	B	T	core_destroyed	168
2026-08-11T15:12:43Z	CAP6	1076	nordkap	5066	A	C	core_destroyed	136
2026-08-11T15:12:45Z	CAP6	1077	nordkap	5066	B	C	core_destroyed	126
2026-08-11T15:12:48Z	CAP6	1078	antler	5067	A	T	core_destroyed	287
2026-08-11T15:12:49Z	CAP6	1079	antler	5067	B	C	core_destroyed	113
2026-08-11T15:12:51Z	CAP6	1080	atoll	5067	A	C	core_destroyed	120
2026-08-11T15:12:53Z	CAP6	1081	atoll	5067	B	C	core_destroyed	280
2026-08-11T15:12:59Z	CAP6	1082	drumlin	5067	A	T	core_destroyed	375
2026-08-11T15:13:02Z	CAP6	1083	drumlin	5067	B	C	core_destroyed	353
2026-08-11T15:13:04Z	CAP6	1084	fjordgate	5067	A	C	core_destroyed	120
2026-08-11T15:13:05Z	CAP6	1085	fjordgate	5067	B	T	core_destroyed	410
2026-08-11T15:13:08Z	CAP6	1086	heart	5067	A	T	core_destroyed	102
2026-08-11T15:13:13Z	CAP6	1087	heart	5067	B	T	core_destroyed	254
2026-08-11T15:13:18Z	CAP6	1088	hive	5067	A	C	core_destroyed	244
2026-08-11T15:13:25Z	CAP6	1089	hive	5067	B	T	core_destroyed	343
2026-08-11T15:13:27Z	CAP6	1090	meander	5067	A	T	core_destroyed	139
2026-08-11T15:13:30Z	CAP6	1091	meander	5067	B	C	core_destroyed	225
2026-08-11T15:13:33Z	CAP6	1092	nordkap	5067	A	C	core_destroyed	199
2026-08-11T15:13:36Z	CAP6	1093	nordkap	5067	B	T	core_destroyed	240
2026-08-11T15:13:38Z	CAP6	1094	antler	5068	A	C	core_destroyed	158
2026-08-11T15:13:43Z	CAP6	1095	antler	5068	B	T	core_destroyed	314
2026-08-11T15:13:44Z	CAP6	1096	atoll	5068	A	C	core_destroyed	114
2026-08-11T15:13:47Z	CAP6	1097	atoll	5068	B	T	core_destroyed	399
2026-08-11T15:13:50Z	CAP6	1098	drumlin	5068	A	T	core_destroyed	237
2026-08-11T15:13:53Z	CAP6	1099	drumlin	5068	B	C	core_destroyed	167
2026-08-11T15:13:56Z	CAP6	1100	fjordgate	5068	A	T	core_destroyed	509
2026-08-11T15:13:57Z	CAP6	1101	fjordgate	5068	B	C	core_destroyed	202
2026-08-11T15:14:03Z	CAP6	1102	heart	5068	A	C	core_destroyed	299
2026-08-11T15:14:12Z	CAP6	1103	heart	5068	B	T	core_destroyed	408
2026-08-11T15:14:14Z	CAP6	1104	hive	5068	A	C	core_destroyed	209
2026-08-11T15:14:24Z	CAP6	1105	hive	5068	B	T	core_destroyed	475
2026-08-11T15:14:25Z	CAP6	1106	meander	5068	A	C	core_destroyed	166
2026-08-11T15:14:28Z	CAP6	1107	meander	5068	B	C	core_destroyed	215
2026-08-11T15:14:29Z	CAP6	1108	nordkap	5068	A	T	core_destroyed	228
2026-08-11T15:14:31Z	CAP6	1109	nordkap	5068	B	T	core_destroyed	196
2026-08-11T15:14:33Z	CAP6	1110	antler	5069	A	T	core_destroyed	170
2026-08-11T15:14:35Z	CAP6	1111	antler	5069	B	T	core_destroyed	172
2026-08-11T15:14:37Z	CAP6	1112	atoll	5069	A	T	core_destroyed	156
2026-08-11T15:14:39Z	CAP6	1113	atoll	5069	B	C	core_destroyed	337
2026-08-11T15:14:41Z	CAP6	1114	drumlin	5069	A	T	core_destroyed	233
2026-08-11T15:14:43Z	CAP6	1115	drumlin	5069	B	C	core_destroyed	157
2026-08-11T15:14:48Z	CAP6	1116	fjordgate	5069	A	C	tiebreak	1000
2026-08-11T15:14:55Z	CAP6	1117	fjordgate	5069	B	C	tiebreak	1000
2026-08-11T15:14:58Z	CAP6	1118	heart	5069	A	C	core_destroyed	196
2026-08-11T15:15:02Z	CAP6	1119	heart	5069	B	T	core_destroyed	236
2026-08-11T15:15:05Z	CAP6	1120	hive	5069	A	C	core_destroyed	176
2026-08-11T15:15:12Z	CAP6	1121	hive	5069	B	T	core_destroyed	393
2026-08-11T15:15:15Z	CAP6	1122	meander	5069	A	T	core_destroyed	264
2026-08-11T15:15:17Z	CAP6	1123	meander	5069	B	C	core_destroyed	223
2026-08-11T15:15:20Z	CAP6	1124	nordkap	5069	A	C	core_destroyed	207
2026-08-11T15:15:22Z	CAP6	1125	nordkap	5069	B	T	core_destroyed	189
2026-08-11T15:15:24Z	CAP6	1126	antler	5070	A	C	core_destroyed	143
2026-08-11T15:15:26Z	CAP6	1127	antler	5070	B	C	core_destroyed	173
2026-08-11T15:15:28Z	CAP6	1128	atoll	5070	A	C	core_destroyed	134
2026-08-11T15:15:31Z	CAP6	1129	atoll	5070	B	T	core_destroyed	388
2026-08-11T15:15:35Z	CAP6	1130	drumlin	5070	A	C	core_destroyed	273
2026-08-11T15:15:38Z	CAP6	1131	drumlin	5070	B	C	core_destroyed	331
2026-08-11T15:15:39Z	CAP6	1132	fjordgate	5070	A	C	core_destroyed	105
2026-08-11T15:15:42Z	CAP6	1133	fjordgate	5070	B	T	tiebreak	1000
2026-08-11T15:15:44Z	CAP6	1134	heart	5070	A	T	core_destroyed	139
2026-08-11T15:15:49Z	CAP6	1135	heart	5070	B	T	tiebreak	1000
2026-08-11T15:15:54Z	CAP6	1136	hive	5070	A	C	core_destroyed	285
2026-08-11T15:15:58Z	CAP6	1137	hive	5070	B	T	core_destroyed	211
2026-08-11T15:16:01Z	CAP6	1138	meander	5070	A	C	core_destroyed	399
2026-08-11T15:16:04Z	CAP6	1139	meander	5070	B	T	core_destroyed	247
2026-08-11T15:16:07Z	CAP6	1140	nordkap	5070	A	T	core_destroyed	319
2026-08-11T15:16:11Z	CAP6	1141	nordkap	5070	B	C	core_destroyed	322
2026-08-11T15:16:13Z	CAP6	1142	antler	5071	A	T	core_destroyed	418
2026-08-11T15:16:15Z	CAP6	1143	antler	5071	B	C	tiebreak	135
2026-08-11T15:16:20Z	CAP6	1144	atoll	5071	A	C	core_destroyed	426
2026-08-11T15:16:23Z	CAP6	1145	atoll	5071	B	C	core_destroyed	280
2026-08-11T15:16:28Z	CAP6	1146	drumlin	5071	A	C	core_destroyed	362
2026-08-11T15:16:35Z	CAP6	1147	drumlin	5071	B	C	core_destroyed	385
2026-08-11T15:16:36Z	CAP6	1148	fjordgate	5071	A	T	core_destroyed	250
2026-08-11T15:16:38Z	CAP6	1149	fjordgate	5071	B	T	core_destroyed	152
2026-08-11T15:16:57Z	CAP6	1150	heart	5071	A	T	tiebreak	1000
2026-08-11T15:17:01Z	CAP6	1151	heart	5071	B	T	core_destroyed	250
2026-08-11T15:17:05Z	CAP6	1152	hive	5071	A	C	core_destroyed	213
2026-08-11T15:17:10Z	CAP6	1153	hive	5071	B	C	core_destroyed	265
2026-08-11T15:17:11Z	CAP6	1154	meander	5071	A	T	core_destroyed	134
2026-08-11T15:17:14Z	CAP6	1155	meander	5071	B	C	core_destroyed	376
2026-08-11T15:17:17Z	CAP6	1156	nordkap	5071	A	C	tiebreak	1000
2026-08-11T15:17:21Z	CAP6	1157	nordkap	5071	B	C	core_destroyed	227
2026-08-11T15:17:22Z	CAP6	1158	antler	5072	A	C	core_destroyed	116
2026-08-11T15:17:24Z	CAP6	1159	antler	5072	B	C	core_destroyed	118
2026-08-11T15:17:26Z	CAP6	1160	atoll	5072	A	C	core_destroyed	178
2026-08-11T15:17:29Z	CAP6	1161	atoll	5072	B	C	core_destroyed	225
2026-08-11T15:17:35Z	CAP6	1162	drumlin	5072	A	C	core_destroyed	397
2026-08-11T15:17:39Z	CAP6	1163	drumlin	5072	B	C	core_destroyed	240
2026-08-11T15:17:40Z	CAP6	1164	fjordgate	5072	A	T	core_destroyed	106
2026-08-11T15:17:42Z	CAP6	1165	fjordgate	5072	B	T	core_destroyed	112
2026-08-11T15:17:46Z	CAP6	1166	heart	5072	A	C	core_destroyed	168
2026-08-11T15:17:48Z	CAP6	1167	heart	5072	B	T	core_destroyed	146
2026-08-11T15:17:55Z	CAP6	1168	hive	5072	A	C	core_destroyed	516
2026-08-11T15:17:59Z	CAP6	1169	hive	5072	B	T	core_destroyed	187
2026-08-11T15:18:00Z	CAP6	1170	meander	5072	A	C	core_destroyed	160
2026-08-11T15:18:03Z	CAP6	1171	meander	5072	B	C	core_destroyed	272
2026-08-11T15:18:06Z	CAP6	1172	nordkap	5072	A	T	core_destroyed	250
2026-08-11T15:18:08Z	CAP6	1173	nordkap	5072	B	C	core_destroyed	191
2026-08-11T15:18:10Z	CAP6	1174	antler	5073	A	T	core_destroyed	174
2026-08-11T15:18:12Z	CAP6	1175	antler	5073	B	C	core_destroyed	248
2026-08-11T15:18:15Z	CAP6	1176	atoll	5073	A	C	core_destroyed	319
2026-08-11T15:18:16Z	CAP6	1177	atoll	5073	B	T	core_destroyed	248
2026-08-11T15:18:19Z	CAP6	1178	drumlin	5073	A	C	core_destroyed	144
2026-08-11T15:18:21Z	CAP6	1179	drumlin	5073	B	C	core_destroyed	122
2026-08-11T15:18:23Z	CAP6	1180	fjordgate	5073	A	C	tiebreak	1000
2026-08-11T15:18:25Z	CAP6	1181	fjordgate	5073	B	T	core_destroyed	259
2026-08-11T15:18:34Z	CAP6	1182	heart	5073	A	C	core_destroyed	482
2026-08-11T15:18:44Z	CAP6	1183	heart	5073	B	T	core_destroyed	531
2026-08-11T15:18:47Z	CAP6	1184	hive	5073	A	C	core_destroyed	175
2026-08-11T15:18:51Z	CAP6	1185	hive	5073	B	C	core_destroyed	249
2026-08-11T15:18:53Z	CAP6	1186	meander	5073	A	C	tiebreak	172
2026-08-11T15:18:55Z	CAP6	1187	meander	5073	B	C	core_destroyed	162
2026-08-11T15:18:57Z	CAP6	1188	nordkap	5073	A	C	core_destroyed	173
2026-08-11T15:18:59Z	CAP6	1189	nordkap	5073	B	T	core_destroyed	156
2026-08-11T15:19:01Z	CAP6	1190	antler	5074	A	C	core_destroyed	133
2026-08-11T15:19:05Z	CAP6	1191	antler	5074	B	C	core_destroyed	323
2026-08-11T15:19:11Z	CAP6	1192	atoll	5074	A	C	core_destroyed	520
2026-08-11T15:19:12Z	CAP6	1193	atoll	5074	B	C	core_destroyed	157
2026-08-11T15:19:19Z	CAP6	1194	drumlin	5074	A	T	core_destroyed	412
2026-08-11T15:19:21Z	CAP6	1195	drumlin	5074	B	C	core_destroyed	119
2026-08-11T15:19:23Z	CAP6	1196	fjordgate	5074	A	C	core_destroyed	316
2026-08-11T15:19:24Z	CAP6	1197	fjordgate	5074	B	C	core_destroyed	173
2026-08-11T15:19:27Z	CAP6	1198	heart	5074	A	C	core_destroyed	163
2026-08-11T15:19:32Z	CAP6	1199	heart	5074	B	C	core_destroyed	284
2026-08-11T15:19:36Z	CAP6	1200	hive	5074	A	T	core_destroyed	253
2026-08-11T15:19:40Z	CAP6	1201	hive	5074	B	T	core_destroyed	207
2026-08-11T15:19:42Z	CAP6	1202	meander	5074	A	T	core_destroyed	184
2026-08-11T15:19:43Z	CAP6	1203	meander	5074	B	T	core_destroyed	178
2026-08-11T15:19:46Z	CAP6	1204	nordkap	5074	A	T	core_destroyed	204
2026-08-11T15:19:53Z	CAP6	1205	nordkap	5074	B	T	core_destroyed	661
2026-08-11T15:19:55Z	CAP6	1206	antler	5075	A	T	core_destroyed	118
2026-08-11T15:19:57Z	CAP6	1207	antler	5075	B	C	core_destroyed	227
2026-08-11T15:20:01Z	CAP6	1208	atoll	5075	A	C	core_destroyed	703
2026-08-11T15:20:08Z	CAP6	1209	atoll	5075	B	T	core_destroyed	551
2026-08-11T15:20:10Z	CAP6	1210	drumlin	5075	A	T	core_destroyed	165
2026-08-11T15:20:16Z	CAP6	1211	drumlin	5075	B	T	core_destroyed	362
2026-08-11T15:20:18Z	CAP6	1212	fjordgate	5075	A	T	core_destroyed	206
2026-08-11T15:20:19Z	CAP6	1213	fjordgate	5075	B	C	core_destroyed	124
2026-08-11T15:20:23Z	CAP6	1214	heart	5075	A	C	core_destroyed	226
2026-08-11T15:20:26Z	CAP6	1215	heart	5075	B	C	core_destroyed	133
2026-08-11T15:20:30Z	CAP6	1216	hive	5075	A	T	core_destroyed	244
2026-08-11T15:20:34Z	CAP6	1217	hive	5075	B	C	core_destroyed	240
2026-08-11T15:20:37Z	CAP6	1218	meander	5075	A	C	core_destroyed	269
2026-08-11T15:20:40Z	CAP6	1219	meander	5075	B	T	core_destroyed	197
2026-08-11T15:20:45Z	CAP6	1220	nordkap	5075	A	C	core_destroyed	843
2026-08-11T15:20:48Z	CAP6	1221	nordkap	5075	B	T	core_destroyed	623
2026-08-11T15:20:51Z	CAP6	1222	antler	5076	A	T	core_destroyed	489
2026-08-11T15:20:53Z	CAP6	1223	antler	5076	B	C	core_destroyed	248
2026-08-11T15:20:55Z	CAP6	1224	atoll	5076	A	C	core_destroyed	152
2026-08-11T15:20:57Z	CAP6	1225	atoll	5076	B	T	core_destroyed	234
2026-08-11T15:21:00Z	CAP6	1226	drumlin	5076	A	T	core_destroyed	200
2026-08-11T15:21:03Z	CAP6	1227	drumlin	5076	B	C	core_destroyed	240
2026-08-11T15:21:05Z	CAP6	1228	fjordgate	5076	A	C	core_destroyed	243
2026-08-11T15:21:08Z	CAP6	1229	fjordgate	5076	B	C	core_destroyed	485
2026-08-11T15:21:21Z	CAP6	1230	heart	5076	A	T	core_destroyed	571
2026-08-11T15:21:24Z	CAP6	1231	heart	5076	B	T	core_destroyed	203
2026-08-11T15:21:29Z	CAP6	1232	hive	5076	A	C	core_destroyed	226
2026-08-11T15:21:31Z	CAP6	1233	hive	5076	B	C	core_destroyed	105
2026-08-11T15:21:33Z	CAP6	1234	meander	5076	A	T	core_destroyed	197
2026-08-11T15:21:35Z	CAP6	1235	meander	5076	B	T	core_destroyed	146
2026-08-11T15:21:36Z	CAP6	1236	nordkap	5076	A	T	core_destroyed	98
2026-08-11T15:21:39Z	CAP6	1237	nordkap	5076	B	T	core_destroyed	208
2026-08-11T15:21:41Z	CAP6	1238	antler	5077	A	T	core_destroyed	144
2026-08-11T15:21:43Z	CAP6	1239	antler	5077	B	C	core_destroyed	154
2026-08-11T15:21:46Z	CAP6	1240	atoll	5077	A	C	core_destroyed	221
2026-08-11T15:21:48Z	CAP6	1241	atoll	5077	B	C	core_destroyed	256
2026-08-11T15:21:51Z	CAP6	1242	drumlin	5077	A	T	core_destroyed	156
2026-08-11T15:21:56Z	CAP6	1243	drumlin	5077	B	T	core_destroyed	382
2026-08-11T15:21:58Z	CAP6	1244	fjordgate	5077	A	T	core_destroyed	276
2026-08-11T15:22:00Z	CAP6	1245	fjordgate	5077	B	C	core_destroyed	362
2026-08-11T15:22:03Z	CAP6	1246	heart	5077	A	C	core_destroyed	280
2026-08-11T15:22:06Z	CAP6	1247	heart	5077	B	C	core_destroyed	196
2026-08-11T15:22:15Z	CAP6	1248	hive	5077	A	T	core_destroyed	396
2026-08-11T15:22:18Z	CAP6	1249	hive	5077	B	T	core_destroyed	171
2026-08-11T15:22:20Z	CAP6	1250	meander	5077	A	T	core_destroyed	176
2026-08-11T15:22:22Z	CAP6	1251	meander	5077	B	T	core_destroyed	264
2026-08-11T15:22:24Z	CAP6	1252	nordkap	5077	A	T	core_destroyed	136
2026-08-11T15:22:26Z	CAP6	1253	nordkap	5077	B	T	core_destroyed	213
2026-08-11T15:22:28Z	CAP6	1254	antler	5078	A	T	core_destroyed	180
2026-08-11T15:22:32Z	CAP6	1255	antler	5078	B	T	core_destroyed	669
2026-08-11T15:22:36Z	CAP6	1256	atoll	5078	A	C	core_destroyed	399
2026-08-11T15:22:39Z	CAP6	1257	atoll	5078	B	T	core_destroyed	274
2026-08-11T15:22:41Z	CAP6	1258	drumlin	5078	A	C	core_destroyed	162
2026-08-11T15:22:47Z	CAP6	1259	drumlin	5078	B	C	core_destroyed	435
2026-08-11T15:22:50Z	CAP6	1260	fjordgate	5078	A	C	core_destroyed	250
2026-08-11T15:22:51Z	CAP6	1261	fjordgate	5078	B	C	core_destroyed	203
2026-08-11T15:22:55Z	CAP6	1262	heart	5078	A	C	core_destroyed	263
2026-08-11T15:22:58Z	CAP6	1263	heart	5078	B	C	core_destroyed	374
2026-08-11T15:23:03Z	CAP6	1264	hive	5078	A	T	core_destroyed	287
2026-08-11T15:23:06Z	CAP6	1265	hive	5078	B	C	core_destroyed	188
2026-08-11T15:23:08Z	CAP6	1266	meander	5078	A	C	core_destroyed	473
2026-08-11T15:23:11Z	CAP6	1267	meander	5078	B	C	core_destroyed	271
2026-08-11T15:23:15Z	CAP6	1268	nordkap	5078	A	C	core_destroyed	269
2026-08-11T15:23:17Z	CAP6	1269	nordkap	5078	B	C	core_destroyed	130
2026-08-11T15:23:19Z	CAP6	1270	antler	5079	A	T	core_destroyed	220
2026-08-11T15:23:23Z	CAP6	1271	antler	5079	B	T	tiebreak	1000
2026-08-11T15:23:27Z	CAP6	1272	atoll	5079	A	T	core_destroyed	282
2026-08-11T15:23:29Z	CAP6	1273	atoll	5079	B	T	core_destroyed	120
2026-08-11T15:23:32Z	CAP6	1274	drumlin	5079	A	C	core_destroyed	237
2026-08-11T15:23:36Z	CAP6	1275	drumlin	5079	B	T	core_destroyed	261
2026-08-11T15:23:38Z	CAP6	1276	fjordgate	5079	A	C	core_destroyed	250
2026-08-11T15:23:39Z	CAP6	1277	fjordgate	5079	B	T	core_destroyed	176
2026-08-11T15:23:42Z	CAP6	1278	heart	5079	A	T	core_destroyed	321
2026-08-11T15:23:44Z	CAP6	1279	heart	5079	B	T	core_destroyed	222
2026-08-11T15:23:51Z	CAP6	1280	hive	5079	A	C	core_destroyed	347
2026-08-11T15:23:52Z	CAP6	1281	hive	5079	B	T	core_destroyed	116
2026-08-11T15:23:55Z	CAP6	1282	meander	5079	A	C	core_destroyed	270
2026-08-11T15:23:57Z	CAP6	1283	meander	5079	B	C	core_destroyed	135
2026-08-11T15:23:58Z	CAP6	1284	nordkap	5079	A	T	core_destroyed	83
2026-08-11T15:24:03Z	CAP6	1285	nordkap	5079	B	C	core_destroyed	405
2026-08-11T15:24:06Z	CAP6	1286	antler	5080	A	T	core_destroyed	210
2026-08-11T15:24:08Z	CAP6	1287	antler	5080	B	C	core_destroyed	287
2026-08-11T15:24:10Z	CAP6	1288	atoll	5080	A	C	core_destroyed	294
2026-08-11T15:24:14Z	CAP6	1289	atoll	5080	B	T	core_destroyed	490
2026-08-11T15:24:16Z	CAP6	1290	drumlin	5080	A	T	core_destroyed	96
2026-08-11T15:24:18Z	CAP6	1291	drumlin	5080	B	T	core_destroyed	238
2026-08-11T15:24:20Z	CAP6	1292	fjordgate	5080	A	C	core_destroyed	146
2026-08-11T15:24:21Z	CAP6	1293	fjordgate	5080	B	C	core_destroyed	136
2026-08-11T15:24:33Z	CAP6	1294	heart	5080	A	C	tiebreak	1000
2026-08-11T15:24:37Z	CAP6	1295	heart	5080	B	C	core_destroyed	219
2026-08-11T15:24:40Z	CAP6	1296	hive	5080	A	T	core_destroyed	214
2026-08-11T15:24:42Z	CAP6	1297	hive	5080	B	T	core_destroyed	213
2026-08-11T15:24:44Z	CAP6	1298	meander	5080	A	T	tiebreak	1000
2026-08-11T15:24:47Z	CAP6	1299	meander	5080	B	T	core_destroyed	180
2026-08-11T15:24:50Z	CAP6	1300	nordkap	5080	A	C	core_destroyed	293
2026-08-11T15:24:53Z	CAP6	1301	nordkap	5080	B	T	core_destroyed	235
2026-08-11T15:24:55Z	CAP6	1302	antler	5081	A	T	core_destroyed	174
2026-08-11T15:25:00Z	CAP6	1303	antler	5081	B	T	core_destroyed	726
2026-08-11T15:25:02Z	CAP6	1304	atoll	5081	A	C	core_destroyed	142
2026-08-11T15:25:05Z	CAP6	1305	atoll	5081	B	T	core_destroyed	220
2026-08-11T15:25:09Z	CAP6	1306	drumlin	5081	A	C	core_destroyed	260
2026-08-11T15:25:14Z	CAP6	1307	drumlin	5081	B	C	core_destroyed	418
2026-08-11T15:25:15Z	CAP6	1308	fjordgate	5081	A	C	core_destroyed	193
2026-08-11T15:25:17Z	CAP6	1309	fjordgate	5081	B	C	core_destroyed	279
2026-08-11T15:25:21Z	CAP6	1310	heart	5081	A	C	core_destroyed	274
2026-08-11T15:25:24Z	CAP6	1311	heart	5081	B	C	core_destroyed	177
2026-08-11T15:25:28Z	CAP6	1312	hive	5081	A	C	core_destroyed	239
2026-08-11T15:25:36Z	CAP6	1313	hive	5081	B	T	core_destroyed	382
2026-08-11T15:25:37Z	CAP6	1314	meander	5081	A	C	core_destroyed	120
2026-08-11T15:25:39Z	CAP6	1315	meander	5081	B	C	core_destroyed	126
2026-08-11T15:25:42Z	CAP6	1316	nordkap	5081	A	T	core_destroyed	325
2026-08-11T15:25:44Z	CAP6	1317	nordkap	5081	B	C	core_destroyed	301
2026-08-11T15:25:47Z	CAP6	1318	antler	5082	A	T	core_destroyed	212
2026-08-11T15:25:50Z	CAP6	1319	antler	5082	B	T	core_destroyed	536
2026-08-11T15:25:53Z	CAP6	1320	atoll	5082	A	T	core_destroyed	313
2026-08-11T15:25:57Z	CAP6	1321	atoll	5082	B	C	tiebreak	1000
2026-08-11T15:25:59Z	CAP6	1322	drumlin	5082	A	T	core_destroyed	160
2026-08-11T15:26:03Z	CAP6	1323	drumlin	5082	B	T	core_destroyed	248
2026-08-11T15:26:04Z	CAP6	1324	fjordgate	5082	A	C	core_destroyed	190
2026-08-11T15:26:05Z	CAP6	1325	fjordgate	5082	B	T	core_destroyed	134
2026-08-11T15:26:11Z	CAP6	1326	heart	5082	A	C	core_destroyed	302
2026-08-11T15:26:14Z	CAP6	1327	heart	5082	B	T	core_destroyed	195
2026-08-11T15:26:17Z	CAP6	1328	hive	5082	A	T	core_destroyed	177
2026-08-11T15:26:20Z	CAP6	1329	hive	5082	B	T	core_destroyed	145
2026-08-11T15:26:22Z	CAP6	1330	meander	5082	A	C	core_destroyed	223
2026-08-11T15:26:24Z	CAP6	1331	meander	5082	B	T	core_destroyed	209
2026-08-11T15:26:26Z	CAP6	1332	nordkap	5082	A	C	core_destroyed	204
2026-08-11T15:26:28Z	CAP6	1333	nordkap	5082	B	C	core_destroyed	90
2026-08-11T15:26:30Z	CAP6	1334	antler	5083	A	T	core_destroyed	198
2026-08-11T15:26:33Z	CAP6	1335	antler	5083	B	C	core_destroyed	207
2026-08-11T15:26:38Z	CAP6	1336	atoll	5083	A	C	core_destroyed	414
2026-08-11T15:26:40Z	CAP6	1337	atoll	5083	B	T	core_destroyed	319
2026-08-11T15:26:47Z	CAP6	1338	drumlin	5083	A	C	core_destroyed	447
2026-08-11T15:26:48Z	CAP6	1339	drumlin	5083	B	C	core_destroyed	102
2026-08-11T15:26:50Z	CAP6	1340	fjordgate	5083	A	C	core_destroyed	165
2026-08-11T15:26:51Z	CAP6	1341	fjordgate	5083	B	C	core_destroyed	88
2026-08-11T15:26:54Z	CAP6	1342	heart	5083	A	T	core_destroyed	131
2026-08-11T15:26:57Z	CAP6	1343	heart	5083	B	C	core_destroyed	157
2026-08-11T15:27:04Z	CAP6	1344	hive	5083	A	C	core_destroyed	403
2026-08-11T15:27:09Z	CAP6	1345	hive	5083	B	C	core_destroyed	259
2026-08-11T15:27:11Z	CAP6	1346	meander	5083	A	T	core_destroyed	157
2026-08-11T15:27:13Z	CAP6	1347	meander	5083	B	T	core_destroyed	178
2026-08-11T15:27:17Z	CAP6	1348	nordkap	5083	A	T	core_destroyed	305
2026-08-11T15:27:19Z	CAP6	1349	nordkap	5083	B	T	core_destroyed	211
2026-08-11T15:27:21Z	CAP6	1350	antler	5084	A	T	core_destroyed	99
2026-08-11T15:27:23Z	CAP6	1351	antler	5084	B	C	core_destroyed	124
2026-08-11T15:27:25Z	CAP6	1352	atoll	5084	A	T	core_destroyed	200
2026-08-11T15:27:27Z	CAP6	1353	atoll	5084	B	T	core_destroyed	202
2026-08-11T15:27:33Z	CAP6	1354	drumlin	5084	A	T	core_destroyed	317
2026-08-11T15:27:36Z	CAP6	1355	drumlin	5084	B	C	core_destroyed	258
2026-08-11T15:27:38Z	CAP6	1356	fjordgate	5084	A	T	core_destroyed	329
2026-08-11T15:27:39Z	CAP6	1357	fjordgate	5084	B	T	core_destroyed	147
2026-08-11T15:27:42Z	CAP6	1358	heart	5084	A	T	core_destroyed	232
2026-08-11T15:27:48Z	CAP6	1359	heart	5084	B	T	core_destroyed	270
2026-08-11T15:27:53Z	CAP6	1360	hive	5084	A	T	core_destroyed	277
2026-08-11T15:27:55Z	CAP6	1361	hive	5084	B	T	core_destroyed	171
2026-08-11T15:27:57Z	CAP6	1362	meander	5084	A	T	core_destroyed	161
2026-08-11T15:28:00Z	CAP6	1363	meander	5084	B	T	core_destroyed	243
2026-08-11T15:28:01Z	CAP6	1364	nordkap	5084	A	T	core_destroyed	92
2026-08-11T15:28:04Z	CAP6	1365	nordkap	5084	B	C	core_destroyed	213
2026-08-11T15:28:06Z	CAP6	1366	antler	5085	A	T	core_destroyed	179
2026-08-11T15:28:10Z	CAP6	1367	antler	5085	B	T	tiebreak	1000
2026-08-11T15:28:12Z	CAP6	1368	atoll	5085	A	C	core_destroyed	505
2026-08-11T15:28:16Z	CAP6	1369	atoll	5085	B	C	core_destroyed	303
2026-08-11T15:28:21Z	CAP6	1370	drumlin	5085	A	C	core_destroyed	367
2026-08-11T15:28:23Z	CAP6	1371	drumlin	5085	B	C	core_destroyed	244
2026-08-11T15:28:25Z	CAP6	1372	fjordgate	5085	A	T	core_destroyed	287
2026-08-11T15:28:27Z	CAP6	1373	fjordgate	5085	B	T	core_destroyed	195
2026-08-11T15:28:30Z	CAP6	1374	heart	5085	A	C	core_destroyed	224
2026-08-11T15:28:35Z	CAP6	1375	heart	5085	B	C	core_destroyed	269
2026-08-11T15:28:37Z	CAP6	1376	hive	5085	A	C	core_destroyed	158
2026-08-11T15:28:40Z	CAP6	1377	hive	5085	B	C	core_destroyed	180
2026-08-11T15:28:42Z	CAP6	1378	meander	5085	A	T	core_destroyed	158
2026-08-11T15:28:44Z	CAP6	1379	meander	5085	B	C	core_destroyed	183
2026-08-11T15:28:46Z	CAP6	1380	nordkap	5085	A	T	core_destroyed	296
2026-08-11T15:28:50Z	CAP6	1381	nordkap	5085	B	C	core_destroyed	267
2026-08-11T15:28:52Z	CAP6	1382	antler	5086	A	T	core_destroyed	213
2026-08-11T15:28:54Z	CAP6	1383	antler	5086	B	T	core_destroyed	469
2026-08-11T15:28:58Z	CAP6	1384	atoll	5086	A	C	core_destroyed	452
2026-08-11T15:29:02Z	CAP6	1385	atoll	5086	B	T	core_destroyed	521
2026-08-11T15:29:05Z	CAP6	1386	drumlin	5086	A	T	core_destroyed	209
2026-08-11T15:29:08Z	CAP6	1387	drumlin	5086	B	C	core_destroyed	234
2026-08-11T15:29:13Z	CAP6	1388	fjordgate	5086	A	T	tiebreak	1000
2026-08-11T15:29:15Z	CAP6	1389	fjordgate	5086	B	T	core_destroyed	136
2026-08-11T15:29:18Z	CAP6	1390	heart	5086	A	T	core_destroyed	163
2026-08-11T15:29:21Z	CAP6	1391	heart	5086	B	C	core_destroyed	232
2026-08-11T15:29:23Z	CAP6	1392	hive	5086	A	T	core_destroyed	176
2026-08-11T15:29:29Z	CAP6	1393	hive	5086	B	C	core_destroyed	337
2026-08-11T15:29:31Z	CAP6	1394	meander	5086	A	T	core_destroyed	145
2026-08-11T15:29:33Z	CAP6	1395	meander	5086	B	C	core_destroyed	200
2026-08-11T15:29:35Z	CAP6	1396	nordkap	5086	A	T	core_destroyed	137
2026-08-11T15:29:37Z	CAP6	1397	nordkap	5086	B	C	core_destroyed	228
2026-08-11T15:29:40Z	CAP6	1398	antler	5087	A	C	core_destroyed	347
2026-08-11T15:29:45Z	CAP6	1399	antler	5087	B	C	core_destroyed	504
2026-08-11T15:29:49Z	CAP6	1400	atoll	5087	A	T	tiebreak	1000
2026-08-11T15:29:51Z	CAP6	1401	atoll	5087	B	T	core_destroyed	247
2026-08-11T15:29:57Z	CAP6	1402	drumlin	5087	A	C	core_destroyed	435
2026-08-11T15:29:59Z	CAP6	1403	drumlin	5087	B	T	core_destroyed	103
2026-08-11T15:30:01Z	CAP6	1404	fjordgate	5087	A	C	core_destroyed	159
2026-08-11T15:30:02Z	CAP6	1405	fjordgate	5087	B	T	core_destroyed	274
2026-08-11T15:30:06Z	CAP6	1406	heart	5087	A	T	core_destroyed	252
2026-08-11T15:30:10Z	CAP6	1407	heart	5087	B	C	core_destroyed	182
2026-08-11T15:30:12Z	CAP6	1408	hive	5087	A	T	core_destroyed	177
2026-08-11T15:30:16Z	CAP6	1409	hive	5087	B	T	core_destroyed	240
2026-08-11T15:30:18Z	CAP6	1410	meander	5087	A	C	core_destroyed	180
2026-08-11T15:30:20Z	CAP6	1411	meander	5087	B	T	core_destroyed	136
2026-08-11T15:30:22Z	CAP6	1412	nordkap	5087	A	T	core_destroyed	209
2026-08-11T15:30:24Z	CAP6	1413	nordkap	5087	B	C	core_destroyed	171
2026-08-11T15:30:27Z	CAP6	1414	antler	5088	A	C	tiebreak	1000
2026-08-11T15:30:30Z	CAP6	1415	antler	5088	B	T	core_destroyed	212
2026-08-11T15:30:32Z	CAP6	1416	atoll	5088	A	C	core_destroyed	198
2026-08-11T15:30:37Z	CAP6	1417	atoll	5088	B	T	core_destroyed	802
2026-08-11T15:30:40Z	CAP6	1418	drumlin	5088	A	T	core_destroyed	195
2026-08-11T15:30:47Z	CAP6	1419	drumlin	5088	B	T	core_destroyed	506
2026-08-11T15:30:49Z	CAP6	1420	fjordgate	5088	A	T	core_destroyed	408
2026-08-11T15:30:50Z	CAP6	1421	fjordgate	5088	B	T	core_destroyed	142
2026-08-11T15:31:03Z	CAP6	1422	heart	5088	A	T	core_destroyed	539
2026-08-11T15:31:06Z	CAP6	1423	heart	5088	B	T	core_destroyed	239
2026-08-11T15:31:11Z	CAP6	1424	hive	5088	A	C	core_destroyed	252
2026-08-11T15:31:14Z	CAP6	1425	hive	5088	B	T	core_destroyed	202
2026-08-11T15:31:17Z	CAP6	1426	meander	5088	A	C	core_destroyed	241
2026-08-11T15:31:18Z	CAP6	1427	meander	5088	B	C	core_destroyed	97
2026-08-11T15:31:21Z	CAP6	1428	nordkap	5088	A	C	core_destroyed	217
2026-08-11T15:31:22Z	CAP6	1429	nordkap	5088	B	C	core_destroyed	176
2026-08-11T15:31:25Z	CAP6	1430	antler	5089	A	T	core_destroyed	204
2026-08-11T15:31:27Z	CAP6	1431	antler	5089	B	C	core_destroyed	201
2026-08-11T15:31:29Z	CAP6	1432	atoll	5089	A	T	core_destroyed	314
2026-08-11T15:31:34Z	CAP6	1433	atoll	5089	B	C	core_destroyed	485
2026-08-11T15:31:36Z	CAP6	1434	drumlin	5089	A	C	core_destroyed	275
2026-08-11T15:31:42Z	CAP6	1435	drumlin	5089	B	T	core_destroyed	365
2026-08-11T15:31:44Z	CAP6	1436	fjordgate	5089	A	T	core_destroyed	131
2026-08-11T15:31:45Z	CAP6	1437	fjordgate	5089	B	C	core_destroyed	171
2026-08-11T15:31:49Z	CAP6	1438	heart	5089	A	T	core_destroyed	179
2026-08-11T15:31:52Z	CAP6	1439	heart	5089	B	C	core_destroyed	225
2026-08-11T15:31:56Z	CAP6	1440	hive	5089	A	T	core_destroyed	190
2026-08-11T15:31:58Z	CAP6	1441	hive	5089	B	C	core_destroyed	164
2026-08-11T15:32:00Z	CAP6	1442	meander	5089	A	T	core_destroyed	193
2026-08-11T15:32:04Z	CAP6	1443	meander	5089	B	T	core_destroyed	247
2026-08-11T15:32:05Z	CAP6	1444	nordkap	5089	A	C	core_destroyed	175
2026-08-11T15:32:09Z	CAP6	1445	nordkap	5089	B	T	core_destroyed	376
2026-08-11T15:32:11Z	CAP6	1446	antler	5090	A	T	core_destroyed	118
2026-08-11T15:32:13Z	CAP6	1447	antler	5090	B	C	core_destroyed	128
2026-08-11T15:32:16Z	CAP6	1448	atoll	5090	A	T	core_destroyed	352
2026-08-11T15:32:18Z	CAP6	1449	atoll	5090	B	T	core_destroyed	189
2026-08-11T15:32:21Z	CAP6	1450	drumlin	5090	A	C	core_destroyed	198
2026-08-11T15:32:22Z	CAP6	1451	drumlin	5090	B	C	core_destroyed	76
2026-08-11T15:32:26Z	CAP6	1452	fjordgate	5090	A	C	tiebreak	1000
2026-08-11T15:32:28Z	CAP6	1453	fjordgate	5090	B	T	core_destroyed	338
2026-08-11T15:32:34Z	CAP6	1454	heart	5090	A	C	core_destroyed	430
2026-08-11T15:32:37Z	CAP6	1455	heart	5090	B	C	core_destroyed	182
2026-08-11T15:32:41Z	CAP6	1456	hive	5090	A	T	core_destroyed	239
2026-08-11T15:32:43Z	CAP6	1457	hive	5090	B	C	core_destroyed	165
2026-08-11T15:32:46Z	CAP6	1458	meander	5090	A	C	core_destroyed	360
2026-08-11T15:32:49Z	CAP6	1459	meander	5090	B	T	core_destroyed	295
2026-08-11T15:32:52Z	CAP6	1460	nordkap	5090	A	T	core_destroyed	215
2026-08-11T15:32:55Z	CAP6	1461	nordkap	5090	B	C	core_destroyed	315
2026-08-11T15:32:57Z	CAP6	1462	antler	5091	A	T	core_destroyed	138
2026-08-11T15:32:58Z	CAP6	1463	antler	5091	B	C	core_destroyed	171
2026-08-11T15:33:00Z	CAP6	1464	atoll	5091	A	T	core_destroyed	123
2026-08-11T15:33:02Z	CAP6	1465	atoll	5091	B	T	core_destroyed	170
2026-08-11T15:33:04Z	CAP6	1466	drumlin	5091	A	T	core_destroyed	222
2026-08-11T15:33:09Z	CAP6	1467	drumlin	5091	B	T	core_destroyed	293
2026-08-11T15:33:11Z	CAP6	1468	fjordgate	5091	A	C	core_destroyed	241
2026-08-11T15:33:14Z	CAP6	1469	fjordgate	5091	B	C	tiebreak	1000
2026-08-11T15:33:16Z	CAP6	1470	heart	5091	A	T	core_destroyed	216
2026-08-11T15:33:24Z	CAP6	1471	heart	5091	B	T	core_destroyed	427
2026-08-11T15:33:26Z	CAP6	1472	hive	5091	A	T	core_destroyed	253
2026-08-11T15:33:28Z	CAP6	1473	hive	5091	B	T	core_destroyed	159
2026-08-11T15:33:31Z	CAP6	1474	meander	5091	A	T	core_destroyed	290
2026-08-11T15:33:32Z	CAP6	1475	meander	5091	B	T	core_destroyed	154
2026-08-11T15:33:34Z	CAP6	1476	nordkap	5091	A	C	core_destroyed	266
2026-08-11T15:33:36Z	CAP6	1477	nordkap	5091	B	T	core_destroyed	225
2026-08-11T15:33:38Z	CAP6	1478	antler	5092	A	C	core_destroyed	217
2026-08-11T15:33:41Z	CAP6	1479	antler	5092	B	C	core_destroyed	239
2026-08-11T15:33:44Z	CAP6	1480	atoll	5092	A	T	core_destroyed	534
2026-08-11T15:33:46Z	CAP6	1481	atoll	5092	B	T	core_destroyed	446
2026-08-11T15:33:47Z	CAP6	1482	drumlin	5092	A	C	core_destroyed	118
2026-08-11T15:33:49Z	CAP6	1483	drumlin	5092	B	C	core_destroyed	118
2026-08-11T15:33:50Z	CAP6	1484	fjordgate	5092	A	C	core_destroyed	156
2026-08-11T15:33:52Z	CAP6	1485	fjordgate	5092	B	T	core_destroyed	251
2026-08-11T15:33:54Z	CAP6	1486	heart	5092	A	T	core_destroyed	140
2026-08-11T15:33:57Z	CAP6	1487	heart	5092	B	C	core_destroyed	124
2026-08-11T15:34:04Z	CAP6	1488	hive	5092	A	C	core_destroyed	328
2026-08-11T15:34:08Z	CAP6	1489	hive	5092	B	C	core_destroyed	393
2026-08-11T15:34:10Z	CAP6	1490	meander	5092	A	T	core_destroyed	288
2026-08-11T15:34:12Z	CAP6	1491	meander	5092	B	C	core_destroyed	150
2026-08-11T15:34:16Z	CAP6	1492	nordkap	5092	A	C	core_destroyed	332
2026-08-11T15:34:19Z	CAP6	1493	nordkap	5092	B	T	core_destroyed	256
2026-08-11T15:34:23Z	CAP6	1494	antler	5093	A	T	core_destroyed	640
2026-08-11T15:34:26Z	CAP6	1495	antler	5093	B	T	core_destroyed	486
2026-08-11T15:34:27Z	CAP6	1496	atoll	5093	A	C	core_destroyed	190
2026-08-11T15:34:32Z	CAP6	1497	atoll	5093	B	T	core_destroyed	439
2026-08-11T15:34:34Z	CAP6	1498	drumlin	5093	A	C	core_destroyed	152
2026-08-11T15:34:37Z	CAP6	1499	drumlin	5093	B	C	core_destroyed	244
2026-08-11T15:34:40Z	CAP6	1500	fjordgate	5093	A	T	core_destroyed	264
2026-08-11T15:34:41Z	CAP6	1501	fjordgate	5093	B	T	core_destroyed	175
2026-08-11T15:34:44Z	CAP6	1502	heart	5093	A	T	core_destroyed	163
2026-08-11T15:34:49Z	CAP6	1503	heart	5093	B	T	core_destroyed	382
2026-08-11T15:34:53Z	CAP6	1504	hive	5093	A	C	core_destroyed	228
2026-08-11T15:34:57Z	CAP6	1505	hive	5093	B	C	core_destroyed	229
2026-08-11T15:34:58Z	CAP6	1506	meander	5093	A	T	core_destroyed	240
2026-08-11T15:35:02Z	CAP6	1507	meander	5093	B	C	tiebreak	1000
2026-08-11T15:35:05Z	CAP6	1508	nordkap	5093	A	C	core_destroyed	372
2026-08-11T15:35:08Z	CAP6	1509	nordkap	5093	B	C	core_destroyed	202
2026-08-11T15:35:10Z	CAP6	1510	antler	5094	A	C	core_destroyed	486
2026-08-11T15:35:12Z	CAP6	1511	antler	5094	B	T	core_destroyed	194
2026-08-11T15:35:15Z	CAP6	1512	atoll	5094	A	T	core_destroyed	244
2026-08-11T15:35:16Z	CAP6	1513	atoll	5094	B	T	core_destroyed	112
2026-08-11T15:35:19Z	CAP6	1514	drumlin	5094	A	T	core_destroyed	270
2026-08-11T15:35:22Z	CAP6	1515	drumlin	5094	B	C	core_destroyed	147
2026-08-11T15:35:23Z	CAP6	1516	fjordgate	5094	A	C	core_destroyed	146
2026-08-11T15:35:24Z	CAP6	1517	fjordgate	5094	B	C	core_destroyed	179
2026-08-11T15:35:28Z	CAP6	1518	heart	5094	A	T	core_destroyed	144
2026-08-11T15:35:31Z	CAP6	1519	heart	5094	B	T	core_destroyed	152
2026-08-11T15:35:37Z	CAP6	1520	hive	5094	A	C	core_destroyed	412
2026-08-11T15:35:41Z	CAP6	1521	hive	5094	B	T	core_destroyed	213
2026-08-11T15:35:43Z	CAP6	1522	meander	5094	A	C	core_destroyed	172
2026-08-11T15:35:45Z	CAP6	1523	meander	5094	B	C	core_destroyed	126
2026-08-11T15:35:47Z	CAP6	1524	nordkap	5094	A	C	core_destroyed	192
2026-08-11T15:35:49Z	CAP6	1525	nordkap	5094	B	T	core_destroyed	244
2026-08-11T15:35:51Z	CAP6	1526	antler	5095	A	T	core_destroyed	173
2026-08-11T15:35:55Z	CAP6	1527	antler	5095	B	C	core_destroyed	305
2026-08-11T15:35:57Z	CAP6	1528	atoll	5095	A	C	core_destroyed	276
2026-08-11T15:35:58Z	CAP6	1529	atoll	5095	B	T	core_destroyed	96
2026-08-11T15:36:00Z	CAP6	1530	drumlin	5095	A	C	core_destroyed	157
2026-08-11T15:36:05Z	CAP6	1531	drumlin	5095	B	C	core_destroyed	336
2026-08-11T15:36:07Z	CAP6	1532	fjordgate	5095	A	C	core_destroyed	185
2026-08-11T15:36:09Z	CAP6	1533	fjordgate	5095	B	T	core_destroyed	221
2026-08-11T15:36:12Z	CAP6	1534	heart	5095	A	T	core_destroyed	198
2026-08-11T15:36:22Z	CAP6	1535	heart	5095	B	C	core_destroyed	649
2026-08-11T15:36:26Z	CAP6	1536	hive	5095	A	C	core_destroyed	224
2026-08-11T15:36:29Z	CAP6	1537	hive	5095	B	T	core_destroyed	201
2026-08-11T15:36:30Z	CAP6	1538	meander	5095	A	C	core_destroyed	130
2026-08-11T15:36:32Z	CAP6	1539	meander	5095	B	C	core_destroyed	122
2026-08-11T15:36:33Z	CAP6	1540	nordkap	5095	A	C	core_destroyed	180
2026-08-11T15:36:37Z	CAP6	1541	nordkap	5095	B	C	core_destroyed	298
2026-08-11T15:36:39Z	CAP6	1542	antler	5096	A	T	core_destroyed	220
2026-08-11T15:36:43Z	CAP6	1543	antler	5096	B	C	core_destroyed	577
2026-08-11T15:36:47Z	CAP6	1544	atoll	5096	A	C	core_destroyed	383
2026-08-11T15:36:49Z	CAP6	1545	atoll	5096	B	T	core_destroyed	214
2026-08-11T15:36:51Z	CAP6	1546	drumlin	5096	A	T	core_destroyed	140
2026-08-11T15:36:58Z	CAP6	1547	drumlin	5096	B	C	core_destroyed	350
2026-08-11T15:37:00Z	CAP6	1548	fjordgate	5096	A	T	core_destroyed	192
2026-08-11T15:37:01Z	CAP6	1549	fjordgate	5096	B	C	core_destroyed	156
2026-08-11T15:37:03Z	CAP6	1550	heart	5096	A	C	core_destroyed	143
2026-08-11T15:37:05Z	CAP6	1551	heart	5096	B	C	core_destroyed	204
2026-08-11T15:37:08Z	CAP6	1552	hive	5096	A	C	core_destroyed	156
2026-08-11T15:37:10Z	CAP6	1553	hive	5096	B	C	core_destroyed	231
2026-08-11T15:37:11Z	CAP6	1554	meander	5096	A	C	core_destroyed	150
2026-08-11T15:37:14Z	CAP6	1555	meander	5096	B	C	core_destroyed	244
2026-08-11T15:37:17Z	CAP6	1556	nordkap	5096	A	T	core_destroyed	325
2026-08-11T15:37:18Z	CAP6	1557	nordkap	5096	B	C	core_destroyed	176
2026-08-11T15:37:20Z	CAP6	1558	antler	5097	A	C	core_destroyed	185
2026-08-11T15:37:23Z	CAP6	1559	antler	5097	B	T	core_destroyed	250
2026-08-11T15:37:25Z	CAP6	1560	atoll	5097	A	C	core_destroyed	207
2026-08-11T15:37:28Z	CAP6	1561	atoll	5097	B	C	core_destroyed	316
2026-08-11T15:37:29Z	CAP6	1562	drumlin	5097	A	C	core_destroyed	116
2026-08-11T15:37:33Z	CAP6	1563	drumlin	5097	B	C	core_destroyed	254
2026-08-11T15:37:34Z	CAP6	1564	fjordgate	5097	A	C	core_destroyed	149
2026-08-11T15:37:35Z	CAP6	1565	fjordgate	5097	B	C	core_destroyed	129
2026-08-11T15:37:40Z	CAP6	1566	heart	5097	A	C	core_destroyed	309
2026-08-11T15:37:42Z	CAP6	1567	heart	5097	B	T	core_destroyed	157
2026-08-11T15:37:46Z	CAP6	1568	hive	5097	A	T	core_destroyed	175
2026-08-11T15:37:51Z	CAP6	1569	hive	5097	B	T	core_destroyed	477
2026-08-11T15:37:54Z	CAP6	1570	meander	5097	A	T	core_destroyed	179
2026-08-11T15:37:57Z	CAP6	1571	meander	5097	B	C	core_destroyed	498
2026-08-11T15:38:00Z	CAP6	1572	nordkap	5097	A	T	core_destroyed	278
2026-08-11T15:38:03Z	CAP6	1573	nordkap	5097	B	T	core_destroyed	254
2026-08-11T15:38:04Z	CAP6	1574	antler	5098	A	C	core_destroyed	158
2026-08-11T15:38:06Z	CAP6	1575	antler	5098	B	T	core_destroyed	123
2026-08-11T15:38:12Z	CAP6	1576	atoll	5098	A	C	core_destroyed	396
2026-08-11T15:38:15Z	CAP6	1577	atoll	5098	B	T	core_destroyed	399
2026-08-11T15:38:17Z	CAP6	1578	drumlin	5098	A	T	core_destroyed	111
2026-08-11T15:38:20Z	CAP6	1579	drumlin	5098	B	C	core_destroyed	233
2026-08-11T15:38:22Z	CAP6	1580	fjordgate	5098	A	T	core_destroyed	174
2026-08-11T15:38:24Z	CAP6	1581	fjordgate	5098	B	C	core_destroyed	556
2026-08-11T15:38:29Z	CAP6	1582	heart	5098	A	T	core_destroyed	401
2026-08-11T15:38:31Z	CAP6	1583	heart	5098	B	T	core_destroyed	102
2026-08-11T15:38:34Z	CAP6	1584	hive	5098	A	C	core_destroyed	215
2026-08-11T15:38:36Z	CAP6	1585	hive	5098	B	C	core_destroyed	177
2026-08-11T15:38:39Z	CAP6	1586	meander	5098	A	C	core_destroyed	241
2026-08-11T15:38:41Z	CAP6	1587	meander	5098	B	C	core_destroyed	164
2026-08-11T15:38:43Z	CAP6	1588	nordkap	5098	A	T	core_destroyed	189
2026-08-11T15:38:46Z	CAP6	1589	nordkap	5098	B	T	core_destroyed	200
2026-08-11T15:38:48Z	CAP6	1590	antler	5099	A	T	core_destroyed	215
2026-08-11T15:38:49Z	CAP6	1591	antler	5099	B	T	core_destroyed	91
2026-08-11T15:38:50Z	CAP6	1592	atoll	5099	A	T	core_destroyed	113
2026-08-11T15:38:52Z	CAP6	1593	atoll	5099	B	C	core_destroyed	112
2026-08-11T15:38:53Z	CAP6	1594	drumlin	5099	A	T	core_destroyed	92
2026-08-11T15:38:59Z	CAP6	1595	drumlin	5099	B	C	core_destroyed	407
2026-08-11T15:39:00Z	CAP6	1596	fjordgate	5099	A	T	core_destroyed	128
2026-08-11T15:39:01Z	CAP6	1597	fjordgate	5099	B	C	core_destroyed	76
2026-08-11T15:39:04Z	CAP6	1598	heart	5099	A	C	core_destroyed	115
2026-08-11T15:39:07Z	CAP6	1599	heart	5099	B	C	core_destroyed	243
2026-08-11T15:39:10Z	CAP6	1600	hive	5099	A	T	core_destroyed	244
2026-08-11T15:39:18Z	CAP6	1601	hive	5099	B	T	core_destroyed	438
2026-08-11T15:39:19Z	CAP6	1602	meander	5099	A	C	core_destroyed	130
2026-08-11T15:39:22Z	CAP6	1603	meander	5099	B	C	tiebreak	1000
2026-08-11T15:39:24Z	CAP6	1604	nordkap	5099	A	C	core_destroyed	210
2026-08-11T15:39:29Z	CAP6	1605	nordkap	5099	B	C	core_destroyed	516
2026-08-11T15:39:31Z	CAP6	1606	antler	5100	A	T	core_destroyed	231
2026-08-11T15:39:33Z	CAP6	1607	antler	5100	B	C	core_destroyed	130
2026-08-11T15:39:35Z	CAP6	1608	atoll	5100	A	T	core_destroyed	190
2026-08-11T15:39:42Z	CAP6	1609	atoll	5100	B	T	core_destroyed	630
2026-08-11T15:39:45Z	CAP6	1610	drumlin	5100	A	T	core_destroyed	238
2026-08-11T15:39:50Z	CAP6	1611	drumlin	5100	B	C	core_destroyed	340
2026-08-11T15:39:52Z	CAP6	1612	fjordgate	5100	A	T	core_destroyed	190
2026-08-11T15:39:53Z	CAP6	1613	fjordgate	5100	B	T	core_destroyed	158
2026-08-11T15:39:58Z	CAP6	1614	heart	5100	A	T	core_destroyed	382
2026-08-11T15:40:04Z	CAP6	1615	heart	5100	B	T	core_destroyed	363
2026-08-11T15:40:07Z	CAP6	1616	hive	5100	A	C	core_destroyed	139
2026-08-11T15:40:13Z	CAP6	1617	hive	5100	B	C	core_destroyed	420
2026-08-11T15:40:15Z	CAP6	1618	meander	5100	A	C	core_destroyed	157
2026-08-11T15:40:16Z	CAP6	1619	meander	5100	B	T	core_destroyed	168
2026-08-11T15:40:18Z	CAP6	1620	nordkap	5100	A	T	core_destroyed	129
2026-08-11T15:40:20Z	CAP6	1621	nordkap	5100	B	C	core_destroyed	397
2026-08-11T15:40:23Z	CAP6	1622	antler	5101	A	T	core_destroyed	224
2026-08-11T15:40:25Z	CAP6	1623	antler	5101	B	T	core_destroyed	222
2026-08-11T15:40:27Z	CAP6	1624	atoll	5101	A	T	core_destroyed	605
2026-08-11T15:40:30Z	CAP6	1625	atoll	5101	B	C	core_destroyed	223
2026-08-11T15:40:32Z	CAP6	1626	drumlin	5101	A	T	core_destroyed	229
2026-08-11T15:40:37Z	CAP6	1627	drumlin	5101	B	C	core_destroyed	342
2026-08-11T15:40:38Z	CAP6	1628	fjordgate	5101	A	C	core_destroyed	146
2026-08-11T15:40:40Z	CAP6	1629	fjordgate	5101	B	T	core_destroyed	365
2026-08-11T15:40:43Z	CAP6	1630	heart	5101	A	T	core_destroyed	215
2026-08-11T15:40:46Z	CAP6	1631	heart	5101	B	C	core_destroyed	130
2026-08-11T15:40:52Z	CAP6	1632	hive	5101	A	C	core_destroyed	314
2026-08-11T15:41:00Z	CAP6	1633	hive	5101	B	C	core_destroyed	408
2026-08-11T15:41:01Z	CAP6	1634	meander	5101	A	T	core_destroyed	208
2026-08-11T15:41:03Z	CAP6	1635	meander	5101	B	T	core_destroyed	139
2026-08-11T15:41:05Z	CAP6	1636	nordkap	5101	A	T	core_destroyed	161
2026-08-11T15:41:10Z	CAP6	1637	nordkap	5101	B	T	core_destroyed	636
2026-08-11T15:41:12Z	CAP6	1638	antler	5102	A	T	core_destroyed	595
2026-08-11T15:41:14Z	CAP6	1639	antler	5102	B	C	core_destroyed	163
2026-08-11T15:41:16Z	CAP6	1640	atoll	5102	A	T	core_destroyed	267
2026-08-11T15:41:20Z	CAP6	1641	atoll	5102	B	T	core_destroyed	327
2026-08-11T15:41:23Z	CAP6	1642	drumlin	5102	A	C	core_destroyed	218
2026-08-11T15:41:26Z	CAP6	1643	drumlin	5102	B	C	core_destroyed	256
2026-08-11T15:41:28Z	CAP6	1644	fjordgate	5102	A	T	core_destroyed	348
2026-08-11T15:41:30Z	CAP6	1645	fjordgate	5102	B	T	tiebreak	1000
2026-08-11T15:41:48Z	CAP6	1646	heart	5102	A	T	tiebreak	1000
2026-08-11T15:41:51Z	CAP6	1647	heart	5102	B	T	core_destroyed	145
2026-08-11T15:41:53Z	CAP6	1648	hive	5102	A	T	core_destroyed	134
2026-08-11T15:41:57Z	CAP6	1649	hive	5102	B	T	core_destroyed	246
2026-08-11T15:42:00Z	CAP6	1650	meander	5102	A	T	core_destroyed	286
2026-08-11T15:42:01Z	CAP6	1651	meander	5102	B	T	core_destroyed	129
2026-08-11T15:42:03Z	CAP6	1652	nordkap	5102	A	C	core_destroyed	156
2026-08-11T15:42:04Z	CAP6	1653	nordkap	5102	B	T	core_destroyed	147
2026-08-11T15:42:07Z	CAP6	1654	antler	5103	A	T	core_destroyed	227
2026-08-11T15:42:10Z	CAP6	1655	antler	5103	B	C	core_destroyed	306
2026-08-11T15:42:12Z	CAP6	1656	atoll	5103	A	T	core_destroyed	212
2026-08-11T15:42:14Z	CAP6	1657	atoll	5103	B	T	core_destroyed	149
2026-08-11T15:42:16Z	CAP6	1658	drumlin	5103	A	T	core_destroyed	122
2026-08-11T15:42:18Z	CAP6	1659	drumlin	5103	B	T	core_destroyed	148
2026-08-11T15:42:19Z	CAP6	1660	fjordgate	5103	A	C	core_destroyed	149
2026-08-11T15:42:21Z	CAP6	1661	fjordgate	5103	B	T	core_destroyed	138
2026-08-11T15:42:23Z	CAP6	1662	heart	5103	A	C	core_destroyed	160
2026-08-11T15:42:35Z	CAP6	1663	heart	5103	B	C	core_destroyed	535
2026-08-11T15:42:38Z	CAP6	1664	hive	5103	A	C	core_destroyed	180
2026-08-11T15:42:43Z	CAP6	1665	hive	5103	B	T	core_destroyed	271
2026-08-11T15:42:45Z	CAP6	1666	meander	5103	A	C	core_destroyed	183
2026-08-11T15:42:47Z	CAP6	1667	meander	5103	B	C	core_destroyed	227
2026-08-11T15:42:49Z	CAP6	1668	nordkap	5103	A	C	core_destroyed	189
2026-08-11T15:42:51Z	CAP6	1669	nordkap	5103	B	C	core_destroyed	99
2026-08-11T15:42:55Z	CAP6	1670	antler	5104	A	C	core_destroyed	565
2026-08-11T15:42:57Z	CAP6	1671	antler	5104	B	C	core_destroyed	137
2026-08-11T15:43:01Z	CAP6	1672	atoll	5104	A	T	tiebreak	1000
2026-08-11T15:43:04Z	CAP6	1673	atoll	5104	B	T	core_destroyed	396
2026-08-11T15:43:06Z	CAP6	1674	drumlin	5104	A	T	core_destroyed	200
2026-08-11T15:43:08Z	CAP6	1675	drumlin	5104	B	C	core_destroyed	124
2026-08-11T15:43:10Z	CAP6	1676	fjordgate	5104	A	T	core_destroyed	155
2026-08-11T15:43:12Z	CAP6	1677	fjordgate	5104	B	C	core_destroyed	639
2026-08-11T15:43:15Z	CAP6	1678	heart	5104	A	T	core_destroyed	157
2026-08-11T15:43:18Z	CAP6	1679	heart	5104	B	T	core_destroyed	183
2026-08-11T15:43:24Z	CAP6	1680	hive	5104	A	T	core_destroyed	324
2026-08-11T15:43:27Z	CAP6	1681	hive	5104	B	C	core_destroyed	179
2026-08-11T15:43:29Z	CAP6	1682	meander	5104	A	C	core_destroyed	275
2026-08-11T15:43:31Z	CAP6	1683	meander	5104	B	T	core_destroyed	151
2026-08-11T15:43:32Z	CAP6	1684	nordkap	5104	A	C	core_destroyed	222
2026-08-11T15:43:35Z	CAP6	1685	nordkap	5104	B	T	core_destroyed	178
2026-08-11T15:43:37Z	CAP6	1686	antler	5105	A	T	core_destroyed	125
2026-08-11T15:43:41Z	CAP6	1687	antler	5105	B	T	core_destroyed	453
2026-08-11T15:43:44Z	CAP6	1688	atoll	5105	A	T	core_destroyed	342
2026-08-11T15:43:46Z	CAP6	1689	atoll	5105	B	C	core_destroyed	201
2026-08-11T15:43:48Z	CAP6	1690	drumlin	5105	A	C	core_destroyed	238
2026-08-11T15:43:52Z	CAP6	1691	drumlin	5105	B	T	core_destroyed	289
2026-08-11T15:43:54Z	CAP6	1692	fjordgate	5105	A	T	core_destroyed	121
2026-08-11T15:43:55Z	CAP6	1693	fjordgate	5105	B	T	core_destroyed	186
2026-08-11T15:44:02Z	CAP6	1694	heart	5105	A	T	core_destroyed	459
2026-08-11T15:44:08Z	CAP6	1695	heart	5105	B	T	core_destroyed	266
2026-08-11T15:44:12Z	CAP6	1696	hive	5105	A	T	core_destroyed	331
2026-08-11T15:44:14Z	CAP6	1697	hive	5105	B	T	core_destroyed	170
2026-08-11T15:44:17Z	CAP6	1698	meander	5105	A	T	core_destroyed	252
2026-08-11T15:44:19Z	CAP6	1699	meander	5105	B	C	core_destroyed	290
2026-08-11T15:44:21Z	CAP6	1700	nordkap	5105	A	T	core_destroyed	128
2026-08-11T15:44:22Z	CAP6	1701	nordkap	5105	B	C	core_destroyed	237
2026-08-11T15:44:26Z	CAP6	1702	antler	5106	A	C	core_destroyed	329
2026-08-11T15:44:27Z	CAP6	1703	antler	5106	B	C	core_destroyed	190
2026-08-11T15:44:30Z	CAP6	1704	atoll	5106	A	C	core_destroyed	457
2026-08-11T15:44:33Z	CAP6	1705	atoll	5106	B	T	core_destroyed	274
2026-08-11T15:44:34Z	CAP6	1706	drumlin	5106	A	T	core_destroyed	141
2026-08-11T15:44:36Z	CAP6	1707	drumlin	5106	B	C	core_destroyed	136
2026-08-11T15:44:38Z	CAP6	1708	fjordgate	5106	A	C	core_destroyed	142
2026-08-11T15:44:39Z	CAP6	1709	fjordgate	5106	B	C	core_destroyed	213
2026-08-11T15:44:42Z	CAP6	1710	heart	5106	A	T	core_destroyed	128
2026-08-11T15:44:46Z	CAP6	1711	heart	5106	B	T	core_destroyed	226
2026-08-11T15:44:52Z	CAP6	1712	hive	5106	A	T	core_destroyed	332
2026-08-11T15:44:54Z	CAP6	1713	hive	5106	B	C	core_destroyed	135
2026-08-11T15:44:55Z	CAP6	1714	meander	5106	A	C	core_destroyed	147
2026-08-11T15:44:57Z	CAP6	1715	meander	5106	B	C	core_destroyed	148
2026-08-11T15:45:00Z	CAP6	1716	nordkap	5106	A	C	core_destroyed	286
2026-08-11T15:45:02Z	CAP6	1717	nordkap	5106	B	C	core_destroyed	200
2026-08-11T15:45:05Z	CAP6	1718	antler	5107	A	T	core_destroyed	354
2026-08-11T15:45:07Z	CAP6	1719	antler	5107	B	T	core_destroyed	339
2026-08-11T15:45:11Z	CAP6	1720	atoll	5107	A	T	tiebreak	1000
2026-08-11T15:45:16Z	CAP6	1721	atoll	5107	B	T	core_destroyed	476
2026-08-11T15:45:21Z	CAP6	1722	drumlin	5107	A	T	core_destroyed	374
2026-08-11T15:45:25Z	CAP6	1723	drumlin	5107	B	C	core_destroyed	245
2026-08-11T15:45:26Z	CAP6	1724	fjordgate	5107	A	T	core_destroyed	155
2026-08-11T15:45:28Z	CAP6	1725	fjordgate	5107	B	C	core_destroyed	177
2026-08-11T15:45:31Z	CAP6	1726	heart	5107	A	T	core_destroyed	198
2026-08-11T15:45:34Z	CAP6	1727	heart	5107	B	C	core_destroyed	157
2026-08-11T15:45:36Z	CAP6	1728	hive	5107	A	C	core_destroyed	155
2026-08-11T15:45:40Z	CAP6	1729	hive	5107	B	T	core_destroyed	192
2026-08-11T15:45:41Z	CAP6	1730	meander	5107	A	C	core_destroyed	146
2026-08-11T15:45:43Z	CAP6	1731	meander	5107	B	C	core_destroyed	143
2026-08-11T15:45:45Z	CAP6	1732	nordkap	5107	A	C	core_destroyed	172
2026-08-11T15:45:50Z	CAP6	1733	nordkap	5107	B	T	core_destroyed	377
2026-08-11T15:45:51Z	CAP6	1734	antler	5108	A	T	core_destroyed	130
2026-08-11T15:45:54Z	CAP6	1735	antler	5108	B	T	core_destroyed	486
2026-08-11T15:45:58Z	CAP6	1736	atoll	5108	A	C	core_destroyed	407
2026-08-11T15:46:01Z	CAP6	1737	atoll	5108	B	C	core_destroyed	769
2026-08-11T15:46:10Z	CAP6	1738	drumlin	5108	A	T	tiebreak	1000
2026-08-11T15:46:15Z	CAP6	1739	drumlin	5108	B	C	core_destroyed	346
2026-08-11T15:46:16Z	CAP6	1740	fjordgate	5108	A	T	core_destroyed	108
2026-08-11T15:46:18Z	CAP6	1741	fjordgate	5108	B	T	core_destroyed	224
2026-08-11T15:46:24Z	CAP6	1742	heart	5108	A	C	core_destroyed	351
2026-08-11T15:46:30Z	CAP6	1743	heart	5108	B	C	core_destroyed	325
2026-08-11T15:46:34Z	CAP6	1744	hive	5108	A	T	core_destroyed	228
2026-08-11T15:46:36Z	CAP6	1745	hive	5108	B	C	core_destroyed	120
2026-08-11T15:46:38Z	CAP6	1746	meander	5108	A	C	core_destroyed	125
2026-08-11T15:46:40Z	CAP6	1747	meander	5108	B	C	core_destroyed	277
2026-08-11T15:46:42Z	CAP6	1748	nordkap	5108	A	T	core_destroyed	152
2026-08-11T15:46:43Z	CAP6	1749	nordkap	5108	B	T	core_destroyed	143
2026-08-11T15:46:45Z	CAP6	1750	antler	5109	A	C	core_destroyed	293
2026-08-11T15:46:48Z	CAP6	1751	antler	5109	B	C	core_destroyed	331
2026-08-11T15:46:50Z	CAP6	1752	atoll	5109	A	T	core_destroyed	230
2026-08-11T15:46:55Z	CAP6	1753	atoll	5109	B	C	core_destroyed	479
2026-08-11T15:47:00Z	CAP6	1754	drumlin	5109	A	T	core_destroyed	299
2026-08-11T15:47:01Z	CAP6	1755	drumlin	5109	B	T	core_destroyed	119
2026-08-11T15:47:03Z	CAP6	1756	fjordgate	5109	A	C	core_destroyed	192
2026-08-11T15:47:06Z	CAP6	1757	fjordgate	5109	B	T	core_destroyed	366
2026-08-11T15:47:11Z	CAP6	1758	heart	5109	A	C	core_destroyed	317
2026-08-11T15:47:15Z	CAP6	1759	heart	5109	B	T	core_destroyed	203
2026-08-11T15:47:17Z	CAP6	1760	hive	5109	A	T	core_destroyed	136
2026-08-11T15:47:23Z	CAP6	1761	hive	5109	B	C	core_destroyed	378
2026-08-11T15:47:25Z	CAP6	1762	meander	5109	A	C	core_destroyed	409
2026-08-11T15:47:27Z	CAP6	1763	meander	5109	B	C	core_destroyed	231
2026-08-11T15:47:29Z	CAP6	1764	nordkap	5109	A	C	core_destroyed	222
2026-08-11T15:47:30Z	CAP6	1765	nordkap	5109	B	C	core_destroyed	193
2026-08-11T15:47:33Z	CAP6	1766	antler	5110	A	T	core_destroyed	241
2026-08-11T15:47:35Z	CAP6	1767	antler	5110	B	C	core_destroyed	150
2026-08-11T15:47:37Z	CAP6	1768	atoll	5110	A	T	core_destroyed	285
2026-08-11T15:47:39Z	CAP6	1769	atoll	5110	B	T	core_destroyed	152
2026-08-11T15:47:41Z	CAP6	1770	drumlin	5110	A	T	core_destroyed	216
2026-08-11T15:47:45Z	CAP6	1771	drumlin	5110	B	T	core_destroyed	308
2026-08-11T15:47:47Z	CAP6	1772	fjordgate	5110	A	T	tiebreak	1000
2026-08-11T15:47:50Z	CAP6	1773	fjordgate	5110	B	T	core_destroyed	367
2026-08-11T15:47:56Z	CAP6	1774	heart	5110	A	C	core_destroyed	412
2026-08-11T15:47:59Z	CAP6	1775	heart	5110	B	T	core_destroyed	136
2026-08-11T15:48:02Z	CAP6	1776	hive	5110	A	T	core_destroyed	194
2026-08-11T15:48:05Z	CAP6	1777	hive	5110	B	C	core_destroyed	157
2026-08-11T15:48:07Z	CAP6	1778	meander	5110	A	C	core_destroyed	126
2026-08-11T15:48:08Z	CAP6	1779	meander	5110	B	T	core_destroyed	166
2026-08-11T15:48:10Z	CAP6	1780	nordkap	5110	A	C	core_destroyed	148
2026-08-11T15:48:12Z	CAP6	1781	nordkap	5110	B	C	core_destroyed	270
2026-08-11T15:48:15Z	CAP6	1782	antler	5111	A	T	core_destroyed	401
2026-08-11T15:48:17Z	CAP6	1783	antler	5111	B	T	core_destroyed	190
2026-08-11T15:48:18Z	CAP6	1784	atoll	5111	A	T	core_destroyed	121
2026-08-11T15:48:26Z	CAP6	1785	atoll	5111	B	C	core_destroyed	630
2026-08-11T15:48:32Z	CAP6	1786	drumlin	5111	A	C	core_destroyed	476
2026-08-11T15:48:35Z	CAP6	1787	drumlin	5111	B	T	core_destroyed	181
2026-08-11T15:48:36Z	CAP6	1788	fjordgate	5111	A	T	core_destroyed	116
2026-08-11T15:48:39Z	CAP6	1789	fjordgate	5111	B	T	tiebreak	1000
2026-08-11T15:48:50Z	CAP6	1790	heart	5111	A	C	tiebreak	1000
2026-08-11T15:48:53Z	CAP6	1791	heart	5111	B	C	core_destroyed	225
2026-08-11T15:48:58Z	CAP6	1792	hive	5111	A	T	core_destroyed	319
2026-08-11T15:49:01Z	CAP6	1793	hive	5111	B	C	core_destroyed	178
2026-08-11T15:49:04Z	CAP6	1794	meander	5111	A	C	core_destroyed	310
2026-08-11T15:49:05Z	CAP6	1795	meander	5111	B	C	core_destroyed	131
2026-08-11T15:49:09Z	CAP6	1796	nordkap	5111	A	C	core_destroyed	260
2026-08-11T15:49:11Z	CAP6	1797	nordkap	5111	B	T	core_destroyed	204
2026-08-11T15:49:13Z	CAP6	1798	antler	5112	A	T	core_destroyed	158
2026-08-11T15:49:15Z	CAP6	1799	antler	5112	B	C	core_destroyed	103
2026-08-11T15:49:16Z	CAP6	1800	atoll	5112	A	C	core_destroyed	118
2026-08-11T15:49:21Z	CAP6	1801	atoll	5112	B	C	tiebreak	1000
2026-08-11T15:49:22Z	CAP6	1802	drumlin	5112	A	T	core_destroyed	133
2026-08-11T15:49:27Z	CAP6	1803	drumlin	5112	B	C	core_destroyed	299
2026-08-11T15:49:29Z	CAP6	1804	fjordgate	5112	A	T	core_destroyed	179
2026-08-11T15:49:30Z	CAP6	1805	fjordgate	5112	B	C	core_destroyed	279
2026-08-11T15:49:32Z	CAP6	1806	heart	5112	A	T	core_destroyed	149
2026-08-11T15:49:34Z	CAP6	1807	heart	5112	B	C	core_destroyed	131
2026-08-11T15:49:36Z	CAP6	1808	hive	5112	A	C	core_destroyed	130
2026-08-11T15:49:41Z	CAP6	1809	hive	5112	B	C	core_destroyed	393
2026-08-11T15:49:43Z	CAP6	1810	meander	5112	A	T	core_destroyed	173
2026-08-11T15:49:45Z	CAP6	1811	meander	5112	B	T	core_destroyed	163
2026-08-11T15:49:48Z	CAP6	1812	nordkap	5112	A	C	core_destroyed	274
2026-08-11T15:49:51Z	CAP6	1813	nordkap	5112	B	T	core_destroyed	294
2026-08-11T15:49:53Z	CAP6	1814	antler	5113	A	T	core_destroyed	128
2026-08-11T15:49:56Z	CAP6	1815	antler	5113	B	C	core_destroyed	194
2026-08-11T15:49:57Z	CAP6	1816	atoll	5113	A	T	core_destroyed	102
2026-08-11T15:49:59Z	CAP6	1817	atoll	5113	B	T	core_destroyed	118
2026-08-11T15:50:02Z	CAP6	1818	drumlin	5113	A	T	core_destroyed	288
2026-08-11T15:50:05Z	CAP6	1819	drumlin	5113	B	C	core_destroyed	208
2026-08-11T15:50:08Z	CAP6	1820	fjordgate	5113	A	C	core_destroyed	501
2026-08-11T15:50:09Z	CAP6	1821	fjordgate	5113	B	C	core_destroyed	110
2026-08-11T15:50:12Z	CAP6	1822	heart	5113	A	T	core_destroyed	162
2026-08-11T15:50:14Z	CAP6	1823	heart	5113	B	C	core_destroyed	163
2026-08-11T15:50:18Z	CAP6	1824	hive	5113	A	T	core_destroyed	269
2026-08-11T15:50:21Z	CAP6	1825	hive	5113	B	C	core_destroyed	189
2026-08-11T15:50:23Z	CAP6	1826	meander	5113	A	T	core_destroyed	244
2026-08-11T15:50:24Z	CAP6	1827	meander	5113	B	C	core_destroyed	127
2026-08-11T15:50:28Z	CAP6	1828	nordkap	5113	A	C	core_destroyed	287
2026-08-11T15:50:30Z	CAP6	1829	nordkap	5113	B	C	core_destroyed	324
2026-08-11T15:50:32Z	CAP6	1830	antler	5114	A	C	core_destroyed	111
2026-08-11T15:50:34Z	CAP6	1831	antler	5114	B	C	core_destroyed	220
2026-08-11T15:50:37Z	CAP6	1832	atoll	5114	A	C	core_destroyed	269
2026-08-11T15:50:38Z	CAP6	1833	atoll	5114	B	T	core_destroyed	104
2026-08-11T15:50:40Z	CAP6	1834	drumlin	5114	A	T	core_destroyed	160
2026-08-11T15:50:45Z	CAP6	1835	drumlin	5114	B	T	core_destroyed	321
2026-08-11T15:50:47Z	CAP6	1836	fjordgate	5114	A	C	core_destroyed	518
2026-08-11T15:50:49Z	CAP6	1837	fjordgate	5114	B	C	core_destroyed	131
2026-08-11T15:50:52Z	CAP6	1838	heart	5114	A	T	core_destroyed	189
2026-08-11T15:50:54Z	CAP6	1839	heart	5114	B	T	core_destroyed	189
2026-08-11T15:50:58Z	CAP6	1840	hive	5114	A	T	core_destroyed	222
2026-08-11T15:51:02Z	CAP6	1841	hive	5114	B	T	core_destroyed	205
2026-08-11T15:51:05Z	CAP6	1842	meander	5114	A	C	tiebreak	1000
2026-08-11T15:51:07Z	CAP6	1843	meander	5114	B	C	core_destroyed	171
2026-08-11T15:51:10Z	CAP6	1844	nordkap	5114	A	C	core_destroyed	199
2026-08-11T15:51:12Z	CAP6	1845	nordkap	5114	B	C	core_destroyed	223
2026-08-11T15:51:14Z	CAP6	1846	antler	5115	A	T	core_destroyed	148
2026-08-11T15:51:16Z	CAP6	1847	antler	5115	B	C	core_destroyed	135
2026-08-11T15:51:21Z	CAP6	1848	atoll	5115	A	C	core_destroyed	731
2026-08-11T15:51:23Z	CAP6	1849	atoll	5115	B	C	core_destroyed	201
2026-08-11T15:51:27Z	CAP6	1850	drumlin	5115	A	T	core_destroyed	287
2026-08-11T15:51:30Z	CAP6	1851	drumlin	5115	B	C	core_destroyed	281
2026-08-11T15:51:34Z	CAP6	1852	fjordgate	5115	A	C	core_destroyed	622
2026-08-11T15:51:36Z	CAP6	1853	fjordgate	5115	B	C	core_destroyed	251
2026-08-11T15:51:39Z	CAP6	1854	heart	5115	A	C	core_destroyed	193
2026-08-11T15:51:43Z	CAP6	1855	heart	5115	B	T	core_destroyed	306
2026-08-11T15:51:48Z	CAP6	1856	hive	5115	A	T	core_destroyed	315
2026-08-11T15:51:54Z	CAP6	1857	hive	5115	B	T	core_destroyed	355
2026-08-11T15:51:55Z	CAP6	1858	meander	5115	A	T	core_destroyed	139
2026-08-11T15:51:59Z	CAP6	1859	meander	5115	B	C	tiebreak	1000
2026-08-11T15:52:03Z	CAP6	1860	nordkap	5115	A	T	core_destroyed	230
2026-08-11T15:52:05Z	CAP6	1861	nordkap	5115	B	T	core_destroyed	144
2026-08-11T15:52:06Z	CAP6	1862	antler	5116	A	T	core_destroyed	157
2026-08-11T15:52:08Z	CAP6	1863	antler	5116	B	C	core_destroyed	173
2026-08-11T15:52:10Z	CAP6	1864	atoll	5116	A	C	core_destroyed	401
2026-08-11T15:52:11Z	CAP6	1865	atoll	5116	B	T	core_destroyed	121
2026-08-11T15:52:20Z	CAP6	1866	drumlin	5116	A	C	core_destroyed	324
2026-08-11T15:52:31Z	CAP6	1867	drumlin	5116	B	C	tiebreak	1000
2026-08-11T15:52:32Z	CAP6	1868	fjordgate	5116	A	T	core_destroyed	155
2026-08-11T15:52:34Z	CAP6	1869	fjordgate	5116	B	T	core_destroyed	329
2026-08-11T15:52:46Z	CAP6	1870	heart	5116	A	C	core_destroyed	630
2026-08-11T15:52:48Z	CAP6	1871	heart	5116	B	C	core_destroyed	118
2026-08-11T15:52:53Z	CAP6	1872	hive	5116	A	T	core_destroyed	267
2026-08-11T15:52:55Z	CAP6	1873	hive	5116	B	T	core_destroyed	121
2026-08-11T15:52:56Z	CAP6	1874	meander	5116	A	C	core_destroyed	169
2026-08-11T15:52:58Z	CAP6	1875	meander	5116	B	T	core_destroyed	132
2026-08-11T15:53:03Z	CAP6	1876	nordkap	5116	A	C	core_destroyed	380
2026-08-11T15:53:05Z	CAP6	1877	nordkap	5116	B	T	core_destroyed	225
2026-08-11T15:53:09Z	CAP6	1878	antler	5117	A	C	core_destroyed	669
2026-08-11T15:53:12Z	CAP6	1879	antler	5117	B	C	core_destroyed	212
2026-08-11T15:53:13Z	CAP6	1880	atoll	5117	A	C	core_destroyed	102
2026-08-11T15:53:15Z	CAP6	1881	atoll	5117	B	T	core_destroyed	244
2026-08-11T15:53:17Z	CAP6	1882	drumlin	5117	A	C	core_destroyed	112
2026-08-11T15:53:22Z	CAP6	1883	drumlin	5117	B	T	core_destroyed	314
2026-08-11T15:53:23Z	CAP6	1884	fjordgate	5117	A	C	core_destroyed	119
2026-08-11T15:53:24Z	CAP6	1885	fjordgate	5117	B	C	core_destroyed	164
2026-08-11T15:53:29Z	CAP6	1886	heart	5117	A	C	core_destroyed	302
2026-08-11T15:53:32Z	CAP6	1887	heart	5117	B	T	core_destroyed	161
2026-08-11T15:53:35Z	CAP6	1888	hive	5117	A	C	core_destroyed	178
2026-08-11T15:53:37Z	CAP6	1889	hive	5117	B	T	core_destroyed	135
2026-08-11T15:53:38Z	CAP6	1890	meander	5117	A	T	core_destroyed	132
2026-08-11T15:53:40Z	CAP6	1891	meander	5117	B	C	core_destroyed	124
2026-08-11T15:53:42Z	CAP6	1892	nordkap	5117	A	T	core_destroyed	166
2026-08-11T15:53:45Z	CAP6	1893	nordkap	5117	B	C	core_destroyed	320
2026-08-11T15:53:47Z	CAP6	1894	antler	5118	A	T	core_destroyed	94
2026-08-11T15:53:53Z	CAP6	1895	antler	5118	B	T	core_destroyed	656
2026-08-11T15:53:55Z	CAP6	1896	atoll	5118	A	C	core_destroyed	263
2026-08-11T15:53:58Z	CAP6	1897	atoll	5118	B	T	core_destroyed	291
2026-08-11T15:54:01Z	CAP6	1898	drumlin	5118	A	C	core_destroyed	613
2026-08-11T15:54:04Z	CAP6	1899	drumlin	5118	B	T	core_destroyed	267
2026-08-11T15:54:06Z	CAP6	1900	fjordgate	5118	A	C	core_destroyed	169
2026-08-11T15:54:08Z	CAP6	1901	fjordgate	5118	B	T	core_destroyed	298
2026-08-11T15:54:13Z	CAP6	1902	heart	5118	A	T	core_destroyed	321
2026-08-11T15:54:16Z	CAP6	1903	heart	5118	B	T	core_destroyed	156
2026-08-11T15:54:20Z	CAP6	1904	hive	5118	A	C	core_destroyed	197
2026-08-11T15:54:22Z	CAP6	1905	hive	5118	B	T	core_destroyed	202
2026-08-11T15:54:25Z	CAP6	1906	meander	5118	A	C	core_destroyed	276
2026-08-11T15:54:28Z	CAP6	1907	meander	5118	B	T	core_destroyed	181
2026-08-11T15:54:31Z	CAP6	1908	nordkap	5118	A	C	core_destroyed	303
2026-08-11T15:54:33Z	CAP6	1909	nordkap	5118	B	T	core_destroyed	237
2026-08-11T15:54:35Z	CAP6	1910	antler	5119	A	T	core_destroyed	260
2026-08-11T15:54:38Z	CAP6	1911	antler	5119	B	C	core_destroyed	255
2026-08-11T15:54:41Z	CAP6	1912	atoll	5119	A	C	core_destroyed	247
2026-08-11T15:54:43Z	CAP6	1913	atoll	5119	B	C	core_destroyed	346
2026-08-11T15:54:45Z	CAP6	1914	drumlin	5119	A	T	core_destroyed	122
2026-08-11T15:54:49Z	CAP6	1915	drumlin	5119	B	C	core_destroyed	262
2026-08-11T15:54:51Z	CAP6	1916	fjordgate	5119	A	C	core_destroyed	155
2026-08-11T15:54:52Z	CAP6	1917	fjordgate	5119	B	C	core_destroyed	121
2026-08-11T15:54:55Z	CAP6	1918	heart	5119	A	T	core_destroyed	118
2026-08-11T15:55:01Z	CAP6	1919	heart	5119	B	C	core_destroyed	397
2026-08-11T15:55:03Z	CAP6	1920	hive	5119	A	C	core_destroyed	138
2026-08-11T15:55:06Z	CAP6	1921	hive	5119	B	C	core_destroyed	178
2026-08-11T15:55:07Z	CAP6	1922	meander	5119	A	T	core_destroyed	102
2026-08-11T15:55:09Z	CAP6	1923	meander	5119	B	T	core_destroyed	125
2026-08-11T15:55:10Z	CAP6	1924	nordkap	5119	A	C	core_destroyed	173
2026-08-11T15:55:13Z	CAP6	1925	nordkap	5119	B	C	core_destroyed	240
2026-08-11T15:55:15Z	CAP6	1926	antler	5120	A	T	core_destroyed	201
2026-08-11T15:55:17Z	CAP6	1927	antler	5120	B	C	core_destroyed	184
2026-08-11T15:55:19Z	CAP6	1928	atoll	5120	A	T	core_destroyed	198
2026-08-11T15:55:21Z	CAP6	1929	atoll	5120	B	C	core_destroyed	346
2026-08-11T15:55:23Z	CAP6	1930	drumlin	5120	A	C	core_destroyed	114
2026-08-11T15:55:32Z	CAP6	1931	drumlin	5120	B	T	core_destroyed	711
2026-08-11T15:55:34Z	CAP6	1932	fjordgate	5120	A	C	core_destroyed	376
2026-08-11T15:55:36Z	CAP6	1933	fjordgate	5120	B	C	core_destroyed	221
2026-08-11T15:55:39Z	CAP6	1934	heart	5120	A	C	core_destroyed	195
2026-08-11T15:55:42Z	CAP6	1935	heart	5120	B	C	core_destroyed	196
2026-08-11T15:55:44Z	CAP6	1936	hive	5120	A	T	core_destroyed	90
2026-08-11T15:55:49Z	CAP6	1937	hive	5120	B	C	core_destroyed	257
2026-08-11T15:55:50Z	CAP6	1938	meander	5120	A	T	core_destroyed	141
2026-08-11T15:55:52Z	CAP6	1939	meander	5120	B	C	core_destroyed	194
2026-08-11T15:55:54Z	CAP6	1940	nordkap	5120	A	T	core_destroyed	227
2026-08-11T15:55:56Z	CAP6	1941	nordkap	5120	B	C	core_destroyed	243
2026-08-11T15:55:59Z	CAP6	1942	antler	5121	A	C	core_destroyed	312
2026-08-11T15:56:02Z	CAP6	1943	antler	5121	B	C	core_destroyed	190
2026-08-11T15:56:04Z	CAP6	1944	atoll	5121	A	C	core_destroyed	143
2026-08-11T15:56:08Z	CAP6	1945	atoll	5121	B	T	core_destroyed	310
2026-08-11T15:56:10Z	CAP6	1946	drumlin	5121	A	T	core_destroyed	121
2026-08-11T15:56:12Z	CAP6	1947	drumlin	5121	B	C	core_destroyed	155
2026-08-11T15:56:14Z	CAP6	1948	fjordgate	5121	A	T	core_destroyed	208
2026-08-11T15:56:15Z	CAP6	1949	fjordgate	5121	B	C	core_destroyed	163
2026-08-11T15:56:22Z	CAP6	1950	heart	5121	A	C	core_destroyed	441
2026-08-11T15:56:40Z	CAP6	1951	heart	5121	B	T	tiebreak	1000
2026-08-11T15:56:42Z	CAP6	1952	hive	5121	A	T	core_destroyed	108
2026-08-11T15:56:57Z	CAP6	1953	hive	5121	B	T	tiebreak	1000
2026-08-11T15:57:00Z	CAP6	1954	meander	5121	A	T	core_destroyed	374
2026-08-11T15:57:02Z	CAP6	1955	meander	5121	B	C	core_destroyed	207
2026-08-11T15:57:03Z	CAP6	1956	nordkap	5121	A	T	core_destroyed	89
2026-08-11T15:57:05Z	CAP6	1957	nordkap	5121	B	C	core_destroyed	135
2026-08-11T15:57:08Z	CAP6	1958	antler	5122	A	C	core_destroyed	358
2026-08-11T15:57:10Z	CAP6	1959	antler	5122	B	C	core_destroyed	110
2026-08-11T15:57:13Z	CAP6	1960	atoll	5122	A	C	core_destroyed	274
2026-08-11T15:57:15Z	CAP6	1961	atoll	5122	B	T	core_destroyed	235
2026-08-11T15:57:24Z	CAP6	1962	drumlin	5122	A	T	core_destroyed	640
2026-08-11T15:57:26Z	CAP6	1963	drumlin	5122	B	C	core_destroyed	93
2026-08-11T15:57:28Z	CAP6	1964	fjordgate	5122	A	C	core_destroyed	320
2026-08-11T15:57:29Z	CAP6	1965	fjordgate	5122	B	C	core_destroyed	192
2026-08-11T15:57:33Z	CAP6	1966	heart	5122	A	C	core_destroyed	240
2026-08-11T15:57:36Z	CAP6	1967	heart	5122	B	T	core_destroyed	118
2026-08-11T15:57:38Z	CAP6	1968	hive	5122	A	T	core_destroyed	249
2026-08-11T15:57:45Z	CAP6	1969	hive	5122	B	C	core_destroyed	520
2026-08-11T15:57:48Z	CAP6	1970	meander	5122	A	T	core_destroyed	168
2026-08-11T15:57:51Z	CAP6	1971	meander	5122	B	C	core_destroyed	242
2026-08-11T15:57:52Z	CAP6	1972	nordkap	5122	A	T	core_destroyed	96
2026-08-11T15:57:55Z	CAP6	1973	nordkap	5122	B	T	core_destroyed	413
2026-08-11T15:57:56Z	CAP6	1974	antler	5123	A	T	core_destroyed	82
2026-08-11T15:57:58Z	CAP6	1975	antler	5123	B	C	core_destroyed	279
2026-08-11T15:58:08Z	CAP6	1976	atoll	5123	A	T	tiebreak	1000
2026-08-11T15:58:09Z	CAP6	1977	atoll	5123	B	C	core_destroyed	148
2026-08-11T15:58:11Z	CAP6	1978	drumlin	5123	A	T	core_destroyed	99
2026-08-11T15:58:13Z	CAP6	1979	drumlin	5123	B	C	core_destroyed	158
2026-08-11T15:58:14Z	CAP6	1980	fjordgate	5123	A	T	core_destroyed	489
2026-08-11T15:58:16Z	CAP6	1981	fjordgate	5123	B	T	core_destroyed	202
2026-08-11T15:58:19Z	CAP6	1982	heart	5123	A	T	core_destroyed	205
2026-08-11T15:58:23Z	CAP6	1983	heart	5123	B	T	core_destroyed	251
2026-08-11T15:58:26Z	CAP6	1984	hive	5123	A	C	core_destroyed	176
2026-08-11T15:58:29Z	CAP6	1985	hive	5123	B	C	core_destroyed	250
2026-08-11T15:58:32Z	CAP6	1986	meander	5123	A	C	core_destroyed	278
2026-08-11T15:58:34Z	CAP6	1987	meander	5123	B	T	core_destroyed	238
2026-08-11T15:58:37Z	CAP6	1988	nordkap	5123	A	C	core_destroyed	203
2026-08-11T15:58:39Z	CAP6	1989	nordkap	5123	B	C	core_destroyed	160
2026-08-11T15:58:40Z	CAP6	1990	antler	5124	A	C	core_destroyed	173
2026-08-11T15:58:43Z	CAP6	1991	antler	5124	B	C	core_destroyed	240
2026-08-11T15:58:44Z	CAP6	1992	atoll	5124	A	T	core_destroyed	87
2026-08-11T15:58:46Z	CAP6	1993	atoll	5124	B	T	core_destroyed	127
2026-08-11T15:58:47Z	CAP6	1994	drumlin	5124	A	T	core_destroyed	99
2026-08-11T15:58:49Z	CAP6	1995	drumlin	5124	B	T	core_destroyed	94
2026-08-11T15:58:50Z	CAP6	1996	fjordgate	5124	A	C	core_destroyed	316
2026-08-11T15:58:53Z	CAP6	1997	fjordgate	5124	B	T	core_destroyed	247
2026-08-11T15:58:57Z	CAP6	1998	heart	5124	A	T	core_destroyed	269
2026-08-11T15:59:01Z	CAP6	1999	heart	5124	B	C	core_destroyed	176
2026-08-11T15:59:05Z	CAP6	2000	hive	5124	A	T	core_destroyed	266
2026-08-11T15:59:10Z	CAP6	2001	hive	5124	B	C	core_destroyed	327
2026-08-11T15:59:11Z	CAP6	2002	meander	5124	A	T	core_destroyed	201
2026-08-11T15:59:14Z	CAP6	2003	meander	5124	B	T	core_destroyed	269
2026-08-11T15:59:16Z	CAP6	2004	nordkap	5124	A	T	core_destroyed	131
2026-08-11T15:59:19Z	CAP6	2005	nordkap	5124	B	C	core_destroyed	268
2026-08-11T15:59:22Z	CAP6	2006	antler	5125	A	T	core_destroyed	231
2026-08-11T15:59:24Z	CAP6	2007	antler	5125	B	T	core_destroyed	339
2026-08-11T15:59:29Z	CAP6	2008	atoll	5125	A	T	core_destroyed	499
2026-08-11T15:59:32Z	CAP6	2009	atoll	5125	B	T	tiebreak	1000
2026-08-11T15:59:36Z	CAP6	2010	drumlin	5125	A	T	core_destroyed	282
2026-08-11T15:59:40Z	CAP6	2011	drumlin	5125	B	T	core_destroyed	273
2026-08-11T15:59:42Z	CAP6	2012	fjordgate	5125	A	T	core_destroyed	292
2026-08-11T15:59:44Z	CAP6	2013	fjordgate	5125	B	C	core_destroyed	184
2026-08-11T15:59:48Z	CAP6	2014	heart	5125	A	T	core_destroyed	194
2026-08-11T15:59:52Z	CAP6	2015	heart	5125	B	T	core_destroyed	246
2026-08-11T15:59:56Z	CAP6	2016	hive	5125	A	T	core_destroyed	268
2026-08-11T16:00:02Z	CAP6	2017	hive	5125	B	C	core_destroyed	343
2026-08-11T16:00:03Z	CAP6	2018	meander	5125	A	T	core_destroyed	195
2026-08-11T16:00:05Z	CAP6	2019	meander	5125	B	T	core_destroyed	112
2026-08-11T16:00:07Z	CAP6	2020	nordkap	5125	A	C	core_destroyed	192
2026-08-11T16:00:09Z	CAP6	2021	nordkap	5125	B	T	core_destroyed	156
2026-08-11T16:00:11Z	CAP6	2022	antler	5126	A	T	core_destroyed	112
2026-08-11T16:00:13Z	CAP6	2023	antler	5126	B	C	core_destroyed	192
2026-08-11T16:00:14Z	CAP6	2024	atoll	5126	A	C	core_destroyed	258
2026-08-11T16:00:16Z	CAP6	2025	atoll	5126	B	C	core_destroyed	180
2026-08-11T16:00:19Z	CAP6	2026	drumlin	5126	A	T	core_destroyed	257
2026-08-11T16:00:21Z	CAP6	2027	drumlin	5126	B	C	core_destroyed	148
2026-08-11T16:00:22Z	CAP6	2028	fjordgate	5126	A	T	core_destroyed	132
2026-08-11T16:00:24Z	CAP6	2029	fjordgate	5126	B	C	core_destroyed	168
2026-08-11T16:00:27Z	CAP6	2030	heart	5126	A	T	core_destroyed	180
2026-08-11T16:00:39Z	CAP6	2031	heart	5126	B	T	tiebreak	1000
2026-08-11T16:00:41Z	CAP6	2032	hive	5126	A	T	core_destroyed	197
2026-08-11T16:00:46Z	CAP6	2033	hive	5126	B	C	core_destroyed	345
2026-08-11T16:00:48Z	CAP6	2034	meander	5126	A	C	core_destroyed	184
2026-08-11T16:00:50Z	CAP6	2035	meander	5126	B	C	core_destroyed	192
2026-08-11T16:00:53Z	CAP6	2036	nordkap	5126	A	T	core_destroyed	317
2026-08-11T16:00:54Z	CAP6	2037	nordkap	5126	B	C	core_destroyed	167
2026-08-11T16:00:56Z	CAP6	2038	antler	5127	A	T	core_destroyed	137
2026-08-11T16:00:58Z	CAP6	2039	antler	5127	B	C	core_destroyed	148
2026-08-11T16:01:00Z	CAP6	2040	atoll	5127	A	C	core_destroyed	282
2026-08-11T16:01:10Z	CAP6	2041	atoll	5127	B	C	tiebreak	1000
2026-08-11T16:01:14Z	CAP6	2042	drumlin	5127	A	T	core_destroyed	427
2026-08-11T16:01:17Z	CAP6	2043	drumlin	5127	B	C	core_destroyed	205
2026-08-11T16:01:20Z	CAP6	2044	fjordgate	5127	A	T	core_destroyed	699
2026-08-11T16:01:21Z	CAP6	2045	fjordgate	5127	B	C	core_destroyed	109
2026-08-11T16:01:23Z	CAP6	2046	heart	5127	A	C	core_destroyed	192
2026-08-11T16:01:30Z	CAP6	2047	heart	5127	B	C	core_destroyed	404
2026-08-11T16:01:33Z	CAP6	2048	hive	5127	A	C	core_destroyed	234
2026-08-11T16:01:36Z	CAP6	2049	hive	5127	B	C	core_destroyed	224
2026-08-11T16:01:38Z	CAP6	2050	meander	5127	A	T	core_destroyed	147
2026-08-11T16:01:40Z	CAP6	2051	meander	5127	B	C	core_destroyed	252
2026-08-11T16:01:41Z	CAP6	2052	nordkap	5127	A	T	core_destroyed	83
2026-08-11T16:01:43Z	CAP6	2053	nordkap	5127	B	T	core_destroyed	194
2026-08-11T16:01:45Z	CAP6	2054	antler	5128	A	T	core_destroyed	151
2026-08-11T16:01:47Z	CAP6	2055	antler	5128	B	C	core_destroyed	186
2026-08-11T16:01:49Z	CAP6	2056	atoll	5128	A	T	core_destroyed	381
2026-08-11T16:01:51Z	CAP6	2057	atoll	5128	B	T	core_destroyed	503
2026-08-11T16:01:55Z	CAP6	2058	drumlin	5128	A	T	core_destroyed	232
2026-08-11T16:01:57Z	CAP6	2059	drumlin	5128	B	C	core_destroyed	152
2026-08-11T16:02:00Z	CAP6	2060	fjordgate	5128	A	C	core_destroyed	699
2026-08-11T16:02:02Z	CAP6	2061	fjordgate	5128	B	C	tiebreak	114
2026-08-11T16:02:04Z	CAP6	2062	heart	5128	A	T	core_destroyed	106
2026-08-11T16:02:06Z	CAP6	2063	heart	5128	B	T	core_destroyed	157
2026-08-11T16:02:09Z	CAP6	2064	hive	5128	A	T	core_destroyed	219
2026-08-11T16:02:13Z	CAP6	2065	hive	5128	B	T	core_destroyed	225
2026-08-11T16:02:15Z	CAP6	2066	meander	5128	A	C	core_destroyed	145
2026-08-11T16:02:17Z	CAP6	2067	meander	5128	B	T	core_destroyed	216
2026-08-11T16:02:19Z	CAP6	2068	nordkap	5128	A	T	core_destroyed	199
2026-08-11T16:02:20Z	CAP6	2069	nordkap	5128	B	C	core_destroyed	149
2026-08-11T16:02:23Z	CAP6	2070	antler	5129	A	T	core_destroyed	326
2026-08-11T16:02:26Z	CAP6	2071	antler	5129	B	C	core_destroyed	227
2026-08-11T16:02:27Z	CAP6	2072	atoll	5129	A	C	core_destroyed	90
2026-08-11T16:02:31Z	CAP6	2073	atoll	5129	B	T	core_destroyed	401
2026-08-11T16:02:35Z	CAP6	2074	drumlin	5129	A	C	core_destroyed	294
2026-08-11T16:02:39Z	CAP6	2075	drumlin	5129	B	C	core_destroyed	249
2026-08-11T16:02:40Z	CAP6	2076	fjordgate	5129	A	T	core_destroyed	121
2026-08-11T16:02:41Z	CAP6	2077	fjordgate	5129	B	C	core_destroyed	130
2026-08-11T16:02:48Z	CAP6	2078	heart	5129	A	C	core_destroyed	469
2026-08-11T16:02:51Z	CAP6	2079	heart	5129	B	C	core_destroyed	197
2026-08-11T16:02:53Z	CAP6	2080	hive	5129	A	T	core_destroyed	151
2026-08-11T16:02:55Z	CAP6	2081	hive	5129	B	T	core_destroyed	303
2026-08-11T16:02:56Z	CAP6	2082	meander	5129	A	C	core_destroyed	133
2026-08-11T16:02:58Z	CAP6	2083	meander	5129	B	T	core_destroyed	206
2026-08-11T16:03:03Z	CAP6	2084	nordkap	5129	A	C	core_destroyed	477
2026-08-11T16:03:05Z	CAP6	2085	nordkap	5129	B	T	core_destroyed	178
2026-08-11T16:03:07Z	CAP6	2086	antler	5130	A	C	core_destroyed	156
2026-08-11T16:03:09Z	CAP6	2087	antler	5130	B	C	core_destroyed	114
2026-08-11T16:03:14Z	CAP6	2088	atoll	5130	A	C	core_destroyed	763
2026-08-11T16:03:15Z	CAP6	2089	atoll	5130	B	C	core_destroyed	124
2026-08-11T16:03:18Z	CAP6	2090	drumlin	5130	A	T	core_destroyed	235
2026-08-11T16:03:19Z	CAP6	2091	drumlin	5130	B	C	core_destroyed	130
2026-08-11T16:03:21Z	CAP6	2092	fjordgate	5130	A	C	core_destroyed	198
2026-08-11T16:03:22Z	CAP6	2093	fjordgate	5130	B	C	core_destroyed	150
2026-08-11T16:03:27Z	CAP6	2094	heart	5130	A	T	core_destroyed	361
2026-08-11T16:03:32Z	CAP6	2095	heart	5130	B	T	core_destroyed	279
2026-08-11T16:03:38Z	CAP6	2096	hive	5130	A	T	core_destroyed	317
2026-08-11T16:03:41Z	CAP6	2097	hive	5130	B	C	core_destroyed	175
2026-08-11T16:03:44Z	CAP6	2098	meander	5130	A	C	core_destroyed	231
2026-08-11T16:03:45Z	CAP6	2099	meander	5130	B	C	core_destroyed	182
2026-08-11T16:03:50Z	CAP6	2100	nordkap	5130	A	C	core_destroyed	342
2026-08-11T16:03:52Z	CAP6	2101	nordkap	5130	B	T	core_destroyed	257
2026-08-11T16:03:54Z	CAP6	2102	antler	5131	A	C	core_destroyed	221
2026-08-11T16:03:56Z	CAP6	2103	antler	5131	B	C	core_destroyed	145
2026-08-11T16:03:58Z	CAP6	2104	atoll	5131	A	T	core_destroyed	180
2026-08-11T16:04:00Z	CAP6	2105	atoll	5131	B	T	core_destroyed	217
2026-08-11T16:04:02Z	CAP6	2106	drumlin	5131	A	T	core_destroyed	164
2026-08-11T16:04:05Z	CAP6	2107	drumlin	5131	B	T	core_destroyed	301
2026-08-11T16:04:07Z	CAP6	2108	fjordgate	5131	A	T	core_destroyed	236
2026-08-11T16:04:09Z	CAP6	2109	fjordgate	5131	B	T	core_destroyed	169
2026-08-11T16:04:15Z	CAP6	2110	heart	5131	A	T	core_destroyed	535
2026-08-11T16:04:19Z	CAP6	2111	heart	5131	B	T	core_destroyed	265
2026-08-11T16:04:23Z	CAP6	2112	hive	5131	A	T	core_destroyed	209
2026-08-11T16:04:28Z	CAP6	2113	hive	5131	B	C	core_destroyed	296
2026-08-11T16:04:31Z	CAP6	2114	meander	5131	A	C	tiebreak	1000
2026-08-11T16:04:33Z	CAP6	2115	meander	5131	B	T	core_destroyed	148
2026-08-11T16:04:35Z	CAP6	2116	nordkap	5131	A	C	core_destroyed	176
2026-08-11T16:04:37Z	CAP6	2117	nordkap	5131	B	C	core_destroyed	214
2026-08-11T16:04:38Z	CAP6	2118	antler	5132	A	T	core_destroyed	131
2026-08-11T16:04:40Z	CAP6	2119	antler	5132	B	T	core_destroyed	163
2026-08-11T16:04:42Z	CAP6	2120	atoll	5132	A	T	core_destroyed	124
2026-08-11T16:04:44Z	CAP6	2121	atoll	5132	B	C	core_destroyed	347
2026-08-11T16:04:47Z	CAP6	2122	drumlin	5132	A	C	core_destroyed	236
2026-08-11T16:04:50Z	CAP6	2123	drumlin	5132	B	C	core_destroyed	234
2026-08-11T16:04:52Z	CAP6	2124	fjordgate	5132	A	C	core_destroyed	367
2026-08-11T16:04:55Z	CAP6	2125	fjordgate	5132	B	T	core_destroyed	365
2026-08-11T16:04:57Z	CAP6	2126	heart	5132	A	T	core_destroyed	134
2026-08-11T16:04:59Z	CAP6	2127	heart	5132	B	T	core_destroyed	179
2026-08-11T16:05:06Z	CAP6	2128	hive	5132	A	T	core_destroyed	393
2026-08-11T16:05:15Z	CAP6	2129	hive	5132	B	T	core_destroyed	502
2026-08-11T16:05:16Z	CAP6	2130	meander	5132	A	T	core_destroyed	228
2026-08-11T16:05:17Z	CAP6	2131	meander	5132	B	C	core_destroyed	123
2026-08-11T16:05:19Z	CAP6	2132	nordkap	5132	A	T	core_destroyed	135
2026-08-11T16:05:22Z	CAP6	2133	nordkap	5132	B	C	core_destroyed	189
2026-08-11T16:05:23Z	CAP6	2134	antler	5133	A	T	core_destroyed	206
2026-08-11T16:05:26Z	CAP6	2135	antler	5133	B	C	core_destroyed	201
2026-08-11T16:05:28Z	CAP6	2136	atoll	5133	A	C	core_destroyed	266
2026-08-11T16:05:36Z	CAP6	2137	atoll	5133	B	T	core_destroyed	819
2026-08-11T16:05:41Z	CAP6	2138	drumlin	5133	A	T	core_destroyed	303
2026-08-11T16:05:44Z	CAP6	2139	drumlin	5133	B	C	core_destroyed	193
2026-08-11T16:05:46Z	CAP6	2140	fjordgate	5133	A	T	core_destroyed	446
2026-08-11T16:05:47Z	CAP6	2141	fjordgate	5133	B	C	core_destroyed	182
2026-08-11T16:05:49Z	CAP6	2142	heart	5133	A	T	core_destroyed	143
2026-08-11T16:05:51Z	CAP6	2143	heart	5133	B	C	core_destroyed	132
2026-08-11T16:05:54Z	CAP6	2144	hive	5133	A	C	core_destroyed	211
2026-08-11T16:05:58Z	CAP6	2145	hive	5133	B	C	core_destroyed	167
2026-08-11T16:05:59Z	CAP6	2146	meander	5133	A	C	core_destroyed	188
2026-08-11T16:06:01Z	CAP6	2147	meander	5133	B	T	core_destroyed	161
2026-08-11T16:06:03Z	CAP6	2148	nordkap	5133	A	T	core_destroyed	142
2026-08-11T16:06:07Z	CAP6	2149	nordkap	5133	B	T	core_destroyed	264
2026-08-11T16:06:08Z	CAP6	2150	antler	5134	A	C	core_destroyed	217
2026-08-11T16:06:10Z	CAP6	2151	antler	5134	B	T	core_destroyed	139
2026-08-11T16:06:11Z	CAP6	2152	atoll	5134	A	C	core_destroyed	105
2026-08-11T16:06:14Z	CAP6	2153	atoll	5134	B	C	tiebreak	1000
2026-08-11T16:06:20Z	CAP6	2154	drumlin	5134	A	T	core_destroyed	331
2026-08-11T16:06:22Z	CAP6	2155	drumlin	5134	B	C	core_destroyed	172
2026-08-11T16:06:26Z	CAP6	2156	fjordgate	5134	A	C	core_destroyed	876
2026-08-11T16:06:28Z	CAP6	2157	fjordgate	5134	B	C	core_destroyed	89
2026-08-11T16:06:32Z	CAP6	2158	heart	5134	A	T	core_destroyed	206
2026-08-11T16:06:34Z	CAP6	2159	heart	5134	B	T	core_destroyed	91
2026-08-11T16:06:36Z	CAP6	2160	hive	5134	A	C	core_destroyed	161
2026-08-11T16:06:40Z	CAP6	2161	hive	5134	B	T	core_destroyed	242
2026-08-11T16:06:41Z	CAP6	2162	meander	5134	A	T	core_destroyed	143
2026-08-11T16:06:43Z	CAP6	2163	meander	5134	B	C	core_destroyed	178
2026-08-11T16:06:48Z	CAP6	2164	nordkap	5134	A	C	core_destroyed	551
2026-08-11T16:06:50Z	CAP6	2165	nordkap	5134	B	T	core_destroyed	192
2026-08-11T16:06:52Z	CAP6	2166	antler	5135	A	C	core_destroyed	125
2026-08-11T16:06:54Z	CAP6	2167	antler	5135	B	C	core_destroyed	121
2026-08-11T16:06:58Z	CAP6	2168	atoll	5135	A	C	core_destroyed	795
2026-08-11T16:06:59Z	CAP6	2169	atoll	5135	B	T	core_destroyed	100
2026-08-11T16:07:03Z	CAP6	2170	drumlin	5135	A	T	core_destroyed	279
2026-08-11T16:07:08Z	CAP6	2171	drumlin	5135	B	T	core_destroyed	358
2026-08-11T16:07:09Z	CAP6	2172	fjordgate	5135	A	C	core_destroyed	148
2026-08-11T16:07:10Z	CAP6	2173	fjordgate	5135	B	C	core_destroyed	184
2026-08-11T16:07:21Z	CAP6	2174	heart	5135	A	C	tiebreak	1000
2026-08-11T16:07:25Z	CAP6	2175	heart	5135	B	C	core_destroyed	300
2026-08-11T16:07:28Z	CAP6	2176	hive	5135	A	T	core_destroyed	199
2026-08-11T16:07:30Z	CAP6	2177	hive	5135	B	T	core_destroyed	170
2026-08-11T16:07:32Z	CAP6	2178	meander	5135	A	C	core_destroyed	222
2026-08-11T16:07:35Z	CAP6	2179	meander	5135	B	T	core_destroyed	276
2026-08-11T16:07:41Z	CAP6	2180	nordkap	5135	A	C	core_destroyed	473
2026-08-11T16:07:42Z	CAP6	2181	nordkap	5135	B	C	core_destroyed	139
2026-08-11T16:07:44Z	CAP6	2182	antler	5136	A	T	core_destroyed	236
2026-08-11T16:07:46Z	CAP6	2183	antler	5136	B	C	core_destroyed	250
2026-08-11T16:07:47Z	CAP6	2184	atoll	5136	A	T	core_destroyed	159
2026-08-11T16:07:49Z	CAP6	2185	atoll	5136	B	C	core_destroyed	213
2026-08-11T16:07:53Z	CAP6	2186	drumlin	5136	A	C	core_destroyed	257
2026-08-11T16:07:56Z	CAP6	2187	drumlin	5136	B	T	core_destroyed	299
2026-08-11T16:07:58Z	CAP6	2188	fjordgate	5136	A	C	core_destroyed	644
2026-08-11T16:08:00Z	CAP6	2189	fjordgate	5136	B	C	core_destroyed	160
2026-08-11T16:08:03Z	CAP6	2190	heart	5136	A	T	core_destroyed	258
2026-08-11T16:08:07Z	CAP6	2191	heart	5136	B	T	core_destroyed	205
2026-08-11T16:08:09Z	CAP6	2192	hive	5136	A	T	core_destroyed	149
2026-08-11T16:08:11Z	CAP6	2193	hive	5136	B	T	core_destroyed	170
2026-08-11T16:08:13Z	CAP6	2194	meander	5136	A	T	core_destroyed	288
2026-08-11T16:08:14Z	CAP6	2195	meander	5136	B	C	core_destroyed	156
2026-08-11T16:08:15Z	CAP6	2196	nordkap	5136	A	T	core_destroyed	157
2026-08-11T16:08:18Z	CAP6	2197	nordkap	5136	B	C	core_destroyed	312
2026-08-11T16:08:20Z	CAP6	2198	antler	5137	A	T	core_destroyed	401
2026-08-11T16:08:22Z	CAP6	2199	antler	5137	B	C	core_destroyed	460
2026-08-11T16:08:26Z	CAP6	2200	atoll	5137	A	C	core_destroyed	419
2026-08-11T16:08:29Z	CAP6	2201	atoll	5137	B	T	core_destroyed	244
2026-08-11T16:08:30Z	CAP6	2202	drumlin	5137	A	T	core_destroyed	131
2026-08-11T16:08:34Z	CAP6	2203	drumlin	5137	B	T	core_destroyed	254
2026-08-11T16:08:36Z	CAP6	2204	fjordgate	5137	A	C	core_destroyed	174
2026-08-11T16:08:37Z	CAP6	2205	fjordgate	5137	B	T	core_destroyed	113
2026-08-11T16:08:39Z	CAP6	2206	heart	5137	A	C	core_destroyed	177
2026-08-11T16:08:46Z	CAP6	2207	heart	5137	B	C	core_destroyed	399
2026-08-11T16:08:50Z	CAP6	2208	hive	5137	A	C	core_destroyed	271
2026-08-11T16:08:52Z	CAP6	2209	hive	5137	B	T	core_destroyed	129
2026-08-11T16:08:54Z	CAP6	2210	meander	5137	A	T	core_destroyed	220
2026-08-11T16:08:56Z	CAP6	2211	meander	5137	B	C	core_destroyed	196
2026-08-11T16:08:58Z	CAP6	2212	nordkap	5137	A	T	core_destroyed	185
2026-08-11T16:09:05Z	CAP6	2213	nordkap	5137	B	T	core_destroyed	514
2026-08-11T16:09:07Z	CAP6	2214	antler	5138	A	C	core_destroyed	120
2026-08-11T16:09:09Z	CAP6	2215	antler	5138	B	C	core_destroyed	205
2026-08-11T16:09:17Z	CAP6	2216	atoll	5138	A	T	tiebreak	1000
2026-08-11T16:09:18Z	CAP6	2217	atoll	5138	B	T	core_destroyed	138
2026-08-11T16:09:20Z	CAP6	2218	drumlin	5138	A	C	core_destroyed	116
2026-08-11T16:09:23Z	CAP6	2219	drumlin	5138	B	C	core_destroyed	267
2026-08-11T16:09:30Z	CAP6	2220	fjordgate	5138	A	C	core_destroyed	897
2026-08-11T16:09:31Z	CAP6	2221	fjordgate	5138	B	T	core_destroyed	128
2026-08-11T16:09:32Z	CAP6	2222	heart	5138	A	T	core_destroyed	130
2026-08-11T16:09:35Z	CAP6	2223	heart	5138	B	T	core_destroyed	180
2026-08-11T16:09:39Z	CAP6	2224	hive	5138	A	C	core_destroyed	211
2026-08-11T16:09:41Z	CAP6	2225	hive	5138	B	C	core_destroyed	126
2026-08-11T16:09:42Z	CAP6	2226	meander	5138	A	T	core_destroyed	132
2026-08-11T16:09:44Z	CAP6	2227	meander	5138	B	T	core_destroyed	165
2026-08-11T16:09:45Z	CAP6	2228	nordkap	5138	A	C	core_destroyed	134
2026-08-11T16:09:47Z	CAP6	2229	nordkap	5138	B	C	core_destroyed	104
2026-08-11T16:09:50Z	CAP6	2230	antler	5139	A	C	core_destroyed	308
2026-08-11T16:09:51Z	CAP6	2231	antler	5139	B	T	core_destroyed	91
2026-08-11T16:09:53Z	CAP6	2232	atoll	5139	A	T	core_destroyed	105
2026-08-11T16:09:58Z	CAP6	2233	atoll	5139	B	C	core_destroyed	565
2026-08-11T16:10:02Z	CAP6	2234	drumlin	5139	A	C	core_destroyed	306
2026-08-11T16:10:06Z	CAP6	2235	drumlin	5139	B	C	core_destroyed	369
2026-08-11T16:10:07Z	CAP6	2236	fjordgate	5139	A	T	core_destroyed	170
2026-08-11T16:10:10Z	CAP6	2237	fjordgate	5139	B	C	core_destroyed	310
2026-08-11T16:10:16Z	CAP6	2238	heart	5139	A	C	core_destroyed	411
2026-08-11T16:10:18Z	CAP6	2239	heart	5139	B	T	core_destroyed	152
2026-08-11T16:10:25Z	CAP6	2240	hive	5139	A	C	core_destroyed	423
2026-08-11T16:10:28Z	CAP6	2241	hive	5139	B	C	core_destroyed	202
2026-08-11T16:10:30Z	CAP6	2242	meander	5139	A	C	core_destroyed	246
2026-08-11T16:10:32Z	CAP6	2243	meander	5139	B	T	core_destroyed	180
2026-08-11T16:10:34Z	CAP6	2244	nordkap	5139	A	C	core_destroyed	190
2026-08-11T16:10:35Z	CAP6	2245	nordkap	5139	B	C	core_destroyed	117
2026-08-11T16:10:38Z	CAP6	2246	antler	5140	A	T	core_destroyed	244
2026-08-11T16:10:41Z	CAP6	2247	antler	5140	B	C	core_destroyed	299
2026-08-11T16:10:47Z	CAP6	2248	atoll	5140	A	T	core_destroyed	847
2026-08-11T16:10:50Z	CAP6	2249	atoll	5140	B	T	core_destroyed	236
2026-08-11T16:10:52Z	CAP6	2250	drumlin	5140	A	T	core_destroyed	107
2026-08-11T16:10:54Z	CAP6	2251	drumlin	5140	B	C	core_destroyed	196
2026-08-11T16:10:56Z	CAP6	2252	fjordgate	5140	A	C	tiebreak	1000
2026-08-11T16:10:58Z	CAP6	2253	fjordgate	5140	B	T	core_destroyed	366
2026-08-11T16:11:00Z	CAP6	2254	heart	5140	A	T	core_destroyed	114
2026-08-11T16:11:03Z	CAP6	2255	heart	5140	B	T	core_destroyed	152
2026-08-11T16:11:04Z	CAP6	2256	hive	5140	A	T	core_destroyed	137
2026-08-11T16:11:13Z	CAP6	2257	hive	5140	B	C	core_destroyed	565
2026-08-11T16:11:17Z	CAP6	2258	meander	5140	A	C	core_destroyed	276
2026-08-11T16:11:19Z	CAP6	2259	meander	5140	B	C	core_destroyed	190
2026-08-11T16:11:20Z	CAP6	2260	nordkap	5140	A	T	core_destroyed	166
2026-08-11T16:11:22Z	CAP6	2261	nordkap	5140	B	C	core_destroyed	168
2026-08-11T16:11:24Z	CAP6	2262	antler	5141	A	C	core_destroyed	220
2026-08-11T16:11:25Z	CAP6	2263	antler	5141	B	T	core_destroyed	286
2026-08-11T16:11:27Z	CAP6	2264	atoll	5141	A	T	core_destroyed	180
2026-08-11T16:11:28Z	CAP6	2265	atoll	5141	B	T	core_destroyed	154
2026-08-11T16:11:30Z	CAP6	2266	drumlin	5141	A	C	core_destroyed	156
2026-08-11T16:11:33Z	CAP6	2267	drumlin	5141	B	T	core_destroyed	310
2026-08-11T16:11:34Z	CAP6	2268	fjordgate	5141	A	T	core_destroyed	133
2026-08-11T16:11:36Z	CAP6	2269	fjordgate	5141	B	C	core_destroyed	340
2026-08-11T16:11:44Z	CAP6	2270	heart	5141	A	T	core_destroyed	439
2026-08-11T16:11:46Z	CAP6	2271	heart	5141	B	T	core_destroyed	163
2026-08-11T16:11:51Z	CAP6	2272	hive	5141	A	C	core_destroyed	278
2026-08-11T16:11:55Z	CAP6	2273	hive	5141	B	T	core_destroyed	421
2026-08-11T16:11:57Z	CAP6	2274	meander	5141	A	T	core_destroyed	179
2026-08-11T16:11:59Z	CAP6	2275	meander	5141	B	C	core_destroyed	166
2026-08-11T16:12:01Z	CAP6	2276	nordkap	5141	A	C	core_destroyed	200
2026-08-11T16:12:03Z	CAP6	2277	nordkap	5141	B	T	core_destroyed	136
2026-08-11T16:12:04Z	CAP6	2278	antler	5142	A	T	core_destroyed	200
2026-08-11T16:12:06Z	CAP6	2279	antler	5142	B	C	core_destroyed	237
2026-08-11T16:12:07Z	CAP6	2280	atoll	5142	A	C	core_destroyed	114
2026-08-11T16:12:10Z	CAP6	2281	atoll	5142	B	T	core_destroyed	528
2026-08-11T16:12:12Z	CAP6	2282	drumlin	5142	A	T	core_destroyed	164
2026-08-11T16:12:16Z	CAP6	2283	drumlin	5142	B	T	core_destroyed	261
2026-08-11T16:12:17Z	CAP6	2284	fjordgate	5142	A	T	core_destroyed	249
2026-08-11T16:12:19Z	CAP6	2285	fjordgate	5142	B	T	core_destroyed	525
2026-08-11T16:12:23Z	CAP6	2286	heart	5142	A	T	core_destroyed	229
2026-08-11T16:12:27Z	CAP6	2287	heart	5142	B	C	core_destroyed	318
2026-08-11T16:12:29Z	CAP6	2288	hive	5142	A	T	core_destroyed	171
2026-08-11T16:12:35Z	CAP6	2289	hive	5142	B	T	core_destroyed	465
2026-08-11T16:12:39Z	CAP6	2290	meander	5142	A	C	core_destroyed	272
2026-08-11T16:12:40Z	CAP6	2291	meander	5142	B	C	core_destroyed	125
2026-08-11T16:12:44Z	CAP6	2292	nordkap	5142	A	C	core_destroyed	364
2026-08-11T16:12:46Z	CAP6	2293	nordkap	5142	B	T	core_destroyed	292
2026-08-11T16:12:48Z	CAP6	2294	antler	5143	A	C	core_destroyed	222
2026-08-11T16:12:49Z	CAP6	2295	antler	5143	B	T	core_destroyed	112
2026-08-11T16:12:53Z	CAP6	2296	atoll	5143	A	C	core_destroyed	371
2026-08-11T16:12:56Z	CAP6	2297	atoll	5143	B	C	core_destroyed	684
2026-08-11T16:12:58Z	CAP6	2298	drumlin	5143	A	T	core_destroyed	232
2026-08-11T16:13:03Z	CAP6	2299	drumlin	5143	B	C	core_destroyed	377
2026-08-11T16:13:04Z	CAP6	2300	fjordgate	5143	A	C	core_destroyed	281
2026-08-11T16:13:05Z	CAP6	2301	fjordgate	5143	B	T	core_destroyed	322
2026-08-11T16:13:10Z	CAP6	2302	heart	5143	A	C	core_destroyed	220
2026-08-11T16:13:15Z	CAP6	2303	heart	5143	B	T	core_destroyed	258
2026-08-11T16:13:17Z	CAP6	2304	hive	5143	A	C	core_destroyed	146
2026-08-11T16:13:20Z	CAP6	2305	hive	5143	B	T	core_destroyed	378
2026-08-11T16:13:22Z	CAP6	2306	meander	5143	A	T	core_destroyed	157
2026-08-11T16:13:24Z	CAP6	2307	meander	5143	B	C	core_destroyed	175
2026-08-11T16:13:25Z	CAP6	2308	nordkap	5143	A	T	core_destroyed	120
2026-08-11T16:13:26Z	CAP6	2309	nordkap	5143	B	C	core_destroyed	207
2026-08-11T16:13:28Z	CAP6	2310	antler	5144	A	T	core_destroyed	192
2026-08-11T16:13:31Z	CAP6	2311	antler	5144	B	T	core_destroyed	517
2026-08-11T16:13:34Z	CAP6	2312	atoll	5144	A	T	core_destroyed	272
2026-08-11T16:13:36Z	CAP6	2313	atoll	5144	B	C	core_destroyed	438
2026-08-11T16:13:41Z	CAP6	2314	drumlin	5144	A	T	core_destroyed	385
2026-08-11T16:13:42Z	CAP6	2315	drumlin	5144	B	C	tiebreak	109
2026-08-11T16:13:45Z	CAP6	2316	fjordgate	5144	A	T	tiebreak	1000
2026-08-11T16:13:47Z	CAP6	2317	fjordgate	5144	B	T	core_destroyed	209
2026-08-11T16:13:52Z	CAP6	2318	heart	5144	A	C	core_destroyed	333
2026-08-11T16:13:54Z	CAP6	2319	heart	5144	B	T	core_destroyed	211
2026-08-11T16:13:56Z	CAP6	2320	hive	5144	A	C	core_destroyed	163
2026-08-11T16:13:58Z	CAP6	2321	hive	5144	B	T	core_destroyed	110
2026-08-11T16:14:00Z	CAP6	2322	meander	5144	A	T	core_destroyed	159
2026-08-11T16:14:02Z	CAP6	2323	meander	5144	B	C	core_destroyed	215
2026-08-11T16:14:03Z	CAP6	2324	nordkap	5144	A	T	core_destroyed	178
2026-08-11T16:14:05Z	CAP6	2325	nordkap	5144	B	C	core_destroyed	120
2026-08-11T16:14:06Z	CAP6	2326	antler	5145	A	C	core_destroyed	155
2026-08-11T16:14:09Z	CAP6	2327	antler	5145	B	T	core_destroyed	390
2026-08-11T16:14:11Z	CAP6	2328	atoll	5145	A	C	core_destroyed	192
2026-08-11T16:14:14Z	CAP6	2329	atoll	5145	B	C	core_destroyed	324
2026-08-11T16:14:16Z	CAP6	2330	drumlin	5145	A	T	core_destroyed	144
2026-08-11T16:14:22Z	CAP6	2331	drumlin	5145	B	C	core_destroyed	590
2026-08-11T16:14:23Z	CAP6	2332	fjordgate	5145	A	C	core_destroyed	156
2026-08-11T16:14:25Z	CAP6	2333	fjordgate	5145	B	C	core_destroyed	210
2026-08-11T16:14:29Z	CAP6	2334	heart	5145	A	C	core_destroyed	308
2026-08-11T16:14:32Z	CAP6	2335	heart	5145	B	T	core_destroyed	191
2026-08-11T16:14:35Z	CAP6	2336	hive	5145	A	C	core_destroyed	193
2026-08-11T16:14:39Z	CAP6	2337	hive	5145	B	C	core_destroyed	264
2026-08-11T16:14:41Z	CAP6	2338	meander	5145	A	C	core_destroyed	166
2026-08-11T16:14:42Z	CAP6	2339	meander	5145	B	C	core_destroyed	110
2026-08-11T16:14:43Z	CAP6	2340	nordkap	5145	A	T	core_destroyed	133
2026-08-11T16:14:46Z	CAP6	2341	nordkap	5145	B	T	core_destroyed	201
2026-08-11T16:14:50Z	CAP6	2342	antler	5146	A	T	core_destroyed	466
2026-08-11T16:14:52Z	CAP6	2343	antler	5146	B	C	core_destroyed	191
2026-08-11T16:15:01Z	CAP6	2344	atoll	5146	A	T	core_destroyed	707
2026-08-11T16:15:03Z	CAP6	2345	atoll	5146	B	C	core_destroyed	219
2026-08-11T16:15:05Z	CAP6	2346	drumlin	5146	A	T	core_destroyed	146
2026-08-11T16:15:08Z	CAP6	2347	drumlin	5146	B	C	core_destroyed	236
2026-08-11T16:15:09Z	CAP6	2348	fjordgate	5146	A	C	core_destroyed	131
2026-08-11T16:15:11Z	CAP6	2349	fjordgate	5146	B	C	core_destroyed	244
2026-08-11T16:15:13Z	CAP6	2350	heart	5146	A	C	core_destroyed	145
2026-08-11T16:15:17Z	CAP6	2351	heart	5146	B	T	core_destroyed	250
2026-08-11T16:15:22Z	CAP6	2352	hive	5146	A	T	core_destroyed	246
2026-08-11T16:15:25Z	CAP6	2353	hive	5146	B	T	core_destroyed	210
2026-08-11T16:15:26Z	CAP6	2354	meander	5146	A	T	core_destroyed	146
2026-08-11T16:15:28Z	CAP6	2355	meander	5146	B	C	core_destroyed	144
2026-08-11T16:15:29Z	CAP6	2356	nordkap	5146	A	T	core_destroyed	171
2026-08-11T16:15:31Z	CAP6	2357	nordkap	5146	B	C	core_destroyed	192
2026-08-11T16:15:33Z	CAP6	2358	antler	5147	A	T	core_destroyed	197
2026-08-11T16:15:35Z	CAP6	2359	antler	5147	B	C	core_destroyed	655
2026-08-11T16:15:38Z	CAP6	2360	atoll	5147	A	C	core_destroyed	339
2026-08-11T16:15:39Z	CAP6	2361	atoll	5147	B	T	core_destroyed	115
2026-08-11T16:15:41Z	CAP6	2362	drumlin	5147	A	C	core_destroyed	120
2026-08-11T16:15:42Z	CAP6	2363	drumlin	5147	B	T	core_destroyed	113
2026-08-11T16:15:46Z	CAP6	2364	fjordgate	5147	A	C	tiebreak	1000
2026-08-11T16:15:50Z	CAP6	2365	fjordgate	5147	B	C	core_destroyed	452
2026-08-11T16:15:55Z	CAP6	2366	heart	5147	A	T	core_destroyed	538
2026-08-11T16:16:02Z	CAP6	2367	heart	5147	B	T	core_destroyed	504
2026-08-11T16:16:05Z	CAP6	2368	hive	5147	A	T	core_destroyed	165
2026-08-11T16:16:07Z	CAP6	2369	hive	5147	B	C	core_destroyed	231
2026-08-11T16:16:09Z	CAP6	2370	meander	5147	A	C	core_destroyed	229
2026-08-11T16:16:13Z	CAP6	2371	meander	5147	B	C	tiebreak	1000
2026-08-11T16:16:16Z	CAP6	2372	nordkap	5147	A	T	core_destroyed	338
2026-08-11T16:16:19Z	CAP6	2373	nordkap	5147	B	T	core_destroyed	263
2026-08-11T16:16:21Z	CAP6	2374	antler	5148	A	T	core_destroyed	234
2026-08-11T16:16:23Z	CAP6	2375	antler	5148	B	T	core_destroyed	149
2026-08-11T16:16:25Z	CAP6	2376	atoll	5148	A	T	core_destroyed	597
2026-08-11T16:16:30Z	CAP6	2377	atoll	5148	B	C	core_destroyed	513
2026-08-11T16:16:33Z	CAP6	2378	drumlin	5148	A	T	core_destroyed	242
2026-08-11T16:16:38Z	CAP6	2379	drumlin	5148	B	C	core_destroyed	360
2026-08-11T16:16:39Z	CAP6	2380	fjordgate	5148	A	C	core_destroyed	139
2026-08-11T16:16:41Z	CAP6	2381	fjordgate	5148	B	C	core_destroyed	171
2026-08-11T16:16:44Z	CAP6	2382	heart	5148	A	C	core_destroyed	215
2026-08-11T16:16:48Z	CAP6	2383	heart	5148	B	C	core_destroyed	222
2026-08-11T16:16:54Z	CAP6	2384	hive	5148	A	C	core_destroyed	396
2026-08-11T16:16:57Z	CAP6	2385	hive	5148	B	C	core_destroyed	228
2026-08-11T16:17:00Z	CAP6	2386	meander	5148	A	C	core_destroyed	324
2026-08-11T16:17:01Z	CAP6	2387	meander	5148	B	T	core_destroyed	88
2026-08-11T16:17:05Z	CAP6	2388	nordkap	5148	A	C	core_destroyed	360
2026-08-11T16:17:07Z	CAP6	2389	nordkap	5148	B	C	core_destroyed	167
2026-08-11T16:17:06Z	CAP6	2390	antler	5149	A	C	core_destroyed	126
2026-08-11T16:17:08Z	CAP6	2391	antler	5149	B	C	core_destroyed	104
2026-08-11T16:17:10Z	CAP6	2392	atoll	5149	A	T	core_destroyed	188
2026-08-11T16:17:11Z	CAP6	2393	atoll	5149	B	T	core_destroyed	88
2026-08-11T16:17:12Z	CAP6	2394	drumlin	5149	A	C	core_destroyed	107
2026-08-11T16:17:15Z	CAP6	2395	drumlin	5149	B	C	core_destroyed	195
2026-08-11T16:17:16Z	CAP6	2396	fjordgate	5149	A	C	core_destroyed	213
2026-08-11T16:17:17Z	CAP6	2397	fjordgate	5149	B	T	core_destroyed	175
2026-08-11T16:17:19Z	CAP6	2398	heart	5149	A	C	core_destroyed	167
2026-08-11T16:17:25Z	CAP6	2399	heart	5149	B	C	core_destroyed	355
2026-08-11T16:17:29Z	CAP6	2400	hive	5149	A	T	core_destroyed	304
2026-08-11T16:17:33Z	CAP6	2401	hive	5149	B	T	core_destroyed	240
2026-08-11T16:17:34Z	CAP6	2402	meander	5149	A	C	core_destroyed	100
2026-08-11T16:17:36Z	CAP6	2403	meander	5149	B	T	core_destroyed	206
2026-08-11T16:17:37Z	CAP6	2404	nordkap	5149	A	C	core_destroyed	160
2026-08-11T16:17:40Z	CAP6	2405	nordkap	5149	B	T	core_destroyed	256
2026-08-11T16:17:42Z	CAP6	2406	antler	5150	A	T	core_destroyed	257
2026-08-11T16:17:44Z	CAP6	2407	antler	5150	B	T	core_destroyed	202
2026-08-11T16:17:49Z	CAP6	2408	atoll	5150	A	T	core_destroyed	378
2026-08-11T16:17:51Z	CAP6	2409	atoll	5150	B	T	core_destroyed	317
2026-08-11T16:17:53Z	CAP6	2410	drumlin	5150	A	C	core_destroyed	132
2026-08-11T16:17:54Z	CAP6	2411	drumlin	5150	B	C	core_destroyed	101
2026-08-11T16:17:55Z	CAP6	2412	fjordgate	5150	A	C	core_destroyed	114
2026-08-11T16:17:57Z	CAP6	2413	fjordgate	5150	B	T	core_destroyed	287
2026-08-11T16:18:02Z	CAP6	2414	heart	5150	A	C	tiebreak	1000
2026-08-11T16:18:04Z	CAP6	2415	heart	5150	B	T	core_destroyed	118
2026-08-11T16:18:08Z	CAP6	2416	hive	5150	A	C	core_destroyed	254
2026-08-11T16:18:17Z	CAP6	2417	hive	5150	B	T	core_destroyed	661
2026-08-11T16:18:19Z	CAP6	2418	meander	5150	A	T	core_destroyed	175
2026-08-11T16:18:21Z	CAP6	2419	meander	5150	B	T	core_destroyed	264
2026-08-11T16:18:22Z	CAP6	2420	nordkap	5150	A	T	core_destroyed	187
2026-08-11T16:18:25Z	CAP6	2421	nordkap	5150	B	C	core_destroyed	280
2026-08-11T16:18:27Z	CAP6	2422	antler	5151	A	C	core_destroyed	262
2026-08-11T16:18:29Z	CAP6	2423	antler	5151	B	C	core_destroyed	188
2026-08-11T16:18:32Z	CAP6	2424	atoll	5151	A	C	core_destroyed	242
2026-08-11T16:18:34Z	CAP6	2425	atoll	5151	B	C	core_destroyed	374
2026-08-11T16:18:36Z	CAP6	2426	drumlin	5151	A	T	core_destroyed	184
2026-08-11T16:18:39Z	CAP6	2427	drumlin	5151	B	C	core_destroyed	239
2026-08-11T16:18:40Z	CAP6	2428	fjordgate	5151	A	T	core_destroyed	140
2026-08-11T16:18:42Z	CAP6	2429	fjordgate	5151	B	T	core_destroyed	165
2026-08-11T16:18:43Z	CAP6	2430	heart	5151	A	T	core_destroyed	136
2026-08-11T16:18:48Z	CAP6	2431	heart	5151	B	T	core_destroyed	223
2026-08-11T16:18:50Z	CAP6	2432	hive	5151	A	T	core_destroyed	224
2026-08-11T16:18:52Z	CAP6	2433	hive	5151	B	T	core_destroyed	141
2026-08-11T16:18:55Z	CAP6	2434	meander	5151	A	T	core_destroyed	280
2026-08-11T16:18:58Z	CAP6	2435	meander	5151	B	C	core_destroyed	342
2026-08-11T16:19:00Z	CAP6	2436	nordkap	5151	A	T	core_destroyed	156
2026-08-11T16:19:03Z	CAP6	2437	nordkap	5151	B	C	core_destroyed	293
2026-08-11T16:19:08Z	CAP6	2438	antler	5152	A	T	core_destroyed	485
2026-08-11T16:19:11Z	CAP6	2439	antler	5152	B	C	tiebreak	1000
2026-08-11T16:19:12Z	CAP6	2440	atoll	5152	A	T	core_destroyed	162
2026-08-11T16:19:13Z	CAP6	2441	atoll	5152	B	T	core_destroyed	104
2026-08-11T16:19:15Z	CAP6	2442	drumlin	5152	A	C	core_destroyed	183
2026-08-11T16:19:18Z	CAP6	2443	drumlin	5152	B	T	core_destroyed	613
2026-08-11T16:19:19Z	CAP6	2444	fjordgate	5152	A	T	core_destroyed	250
2026-08-11T16:19:21Z	CAP6	2445	fjordgate	5152	B	T	core_destroyed	135
2026-08-11T16:19:24Z	CAP6	2446	heart	5152	A	C	core_destroyed	218
2026-08-11T16:19:29Z	CAP6	2447	heart	5152	B	T	core_destroyed	241
2026-08-11T16:19:32Z	CAP6	2448	hive	5152	A	T	core_destroyed	214
2026-08-11T16:19:36Z	CAP6	2449	hive	5152	B	C	core_destroyed	353
2026-08-11T16:19:38Z	CAP6	2450	meander	5152	A	T	core_destroyed	184
2026-08-11T16:19:41Z	CAP6	2451	meander	5152	B	T	core_destroyed	304
2026-08-11T16:19:42Z	CAP6	2452	nordkap	5152	A	T	core_destroyed	176
2026-08-11T16:19:45Z	CAP6	2453	nordkap	5152	B	C	core_destroyed	232
2026-08-11T16:19:47Z	CAP6	2454	antler	5153	A	C	core_destroyed	241
2026-08-11T16:19:49Z	CAP6	2455	antler	5153	B	C	core_destroyed	258
2026-08-11T16:19:54Z	CAP6	2456	atoll	5153	A	T	core_destroyed	362
2026-08-11T16:19:56Z	CAP6	2457	atoll	5153	B	T	core_destroyed	205
2026-08-11T16:19:57Z	CAP6	2458	drumlin	5153	A	T	core_destroyed	166
2026-08-11T16:20:03Z	CAP6	2459	drumlin	5153	B	C	core_destroyed	375
2026-08-11T16:20:05Z	CAP6	2460	fjordgate	5153	A	T	core_destroyed	160
2026-08-11T16:20:06Z	CAP6	2461	fjordgate	5153	B	C	core_destroyed	134
2026-08-11T16:20:11Z	CAP6	2462	heart	5153	A	C	core_destroyed	318
2026-08-11T16:20:13Z	CAP6	2463	heart	5153	B	C	core_destroyed	144
2026-08-11T16:20:17Z	CAP6	2464	hive	5153	A	T	core_destroyed	272
2026-08-11T16:20:26Z	CAP6	2465	hive	5153	B	T	core_destroyed	606
2026-08-11T16:20:27Z	CAP6	2466	meander	5153	A	T	core_destroyed	198
2026-08-11T16:20:30Z	CAP6	2467	meander	5153	B	T	core_destroyed	258
2026-08-11T16:20:32Z	CAP6	2468	nordkap	5153	A	C	core_destroyed	275
2026-08-11T16:20:34Z	CAP6	2469	nordkap	5153	B	T	core_destroyed	159
2026-08-11T16:20:37Z	CAP6	2470	antler	5154	A	T	core_destroyed	345
2026-08-11T16:20:39Z	CAP6	2471	antler	5154	B	C	core_destroyed	107
2026-08-11T16:20:41Z	CAP6	2472	atoll	5154	A	C	core_destroyed	263
2026-08-11T16:20:42Z	CAP6	2473	atoll	5154	B	T	core_destroyed	210
2026-08-11T16:20:46Z	CAP6	2474	drumlin	5154	A	T	core_destroyed	304
2026-08-11T16:20:50Z	CAP6	2475	drumlin	5154	B	T	core_destroyed	295
2026-08-11T16:20:51Z	CAP6	2476	fjordgate	5154	A	T	core_destroyed	136
2026-08-11T16:20:52Z	CAP6	2477	fjordgate	5154	B	T	core_destroyed	180
2026-08-11T16:20:57Z	CAP6	2478	heart	5154	A	C	core_destroyed	309
2026-08-11T16:20:59Z	CAP6	2479	heart	5154	B	T	core_destroyed	91
2026-08-11T16:21:01Z	CAP6	2480	hive	5154	A	C	core_destroyed	209
2026-08-11T16:21:04Z	CAP6	2481	hive	5154	B	C	core_destroyed	179
2026-08-11T16:21:05Z	CAP6	2482	meander	5154	A	C	core_destroyed	125
2026-08-11T16:21:07Z	CAP6	2483	meander	5154	B	C	core_destroyed	190
2026-08-11T16:21:10Z	CAP6	2484	nordkap	5154	A	T	core_destroyed	282
2026-08-11T16:21:11Z	CAP6	2485	nordkap	5154	B	T	core_destroyed	140
2026-08-11T16:21:13Z	CAP6	2486	antler	5155	A	T	core_destroyed	148
2026-08-11T16:21:15Z	CAP6	2487	antler	5155	B	C	core_destroyed	200
2026-08-11T16:21:16Z	CAP6	2488	atoll	5155	A	C	core_destroyed	90
2026-08-11T16:21:20Z	CAP6	2489	atoll	5155	B	C	core_destroyed	323
2026-08-11T16:21:22Z	CAP6	2490	drumlin	5155	A	T	core_destroyed	183
2026-08-11T16:21:25Z	CAP6	2491	drumlin	5155	B	C	core_destroyed	332
2026-08-11T16:21:27Z	CAP6	2492	fjordgate	5155	A	T	core_destroyed	208
2026-08-11T16:21:29Z	CAP6	2493	fjordgate	5155	B	T	core_destroyed	280
2026-08-11T16:21:44Z	CAP6	2494	heart	5155	A	C	tiebreak	1000
2026-08-11T16:21:46Z	CAP6	2495	heart	5155	B	C	core_destroyed	107
2026-08-11T16:21:50Z	CAP6	2496	hive	5155	A	T	core_destroyed	251
2026-08-11T16:21:53Z	CAP6	2497	hive	5155	B	T	core_destroyed	198
2026-08-11T16:21:55Z	CAP6	2498	meander	5155	A	C	core_destroyed	197
2026-08-11T16:21:56Z	CAP6	2499	meander	5155	B	T	core_destroyed	158
2026-08-11T16:21:59Z	CAP6	2500	nordkap	5155	A	T	core_destroyed	198
2026-08-11T16:22:01Z	CAP6	2501	nordkap	5155	B	T	core_destroyed	213
2026-08-11T16:22:02Z	CAP6	2502	antler	5156	A	T	core_destroyed	129
2026-08-11T16:22:04Z	CAP6	2503	antler	5156	B	T	core_destroyed	198
2026-08-11T16:22:06Z	CAP6	2504	atoll	5156	A	T	core_destroyed	230
2026-08-11T16:22:07Z	CAP6	2505	atoll	5156	B	C	core_destroyed	148
2026-08-11T16:22:09Z	CAP6	2506	drumlin	5156	A	C	core_destroyed	102
2026-08-11T16:22:12Z	CAP6	2507	drumlin	5156	B	T	core_destroyed	613
2026-08-11T16:22:13Z	CAP6	2508	fjordgate	5156	A	C	core_destroyed	123
2026-08-11T16:22:14Z	CAP6	2509	fjordgate	5156	B	T	core_destroyed	132
2026-08-11T16:22:17Z	CAP6	2510	heart	5156	A	T	core_destroyed	156
2026-08-11T16:22:20Z	CAP6	2511	heart	5156	B	C	core_destroyed	176
2026-08-11T16:22:24Z	CAP6	2512	hive	5156	A	T	core_destroyed	296
2026-08-11T16:22:29Z	CAP6	2513	hive	5156	B	T	core_destroyed	303
2026-08-11T16:22:31Z	CAP6	2514	meander	5156	A	C	core_destroyed	242
2026-08-11T16:22:33Z	CAP6	2515	meander	5156	B	C	core_destroyed	151
2026-08-11T16:22:34Z	CAP6	2516	nordkap	5156	A	T	core_destroyed	165
2026-08-11T16:22:36Z	CAP6	2517	nordkap	5156	B	C	core_destroyed	165
2026-08-11T16:22:40Z	CAP6	2518	antler	5157	A	T	core_destroyed	390
2026-08-11T16:22:43Z	CAP6	2519	antler	5157	B	T	core_destroyed	731
2026-08-11T16:22:48Z	CAP6	2520	atoll	5157	A	T	core_destroyed	385
2026-08-11T16:22:50Z	CAP6	2521	atoll	5157	B	T	core_destroyed	118
2026-08-11T16:22:54Z	CAP6	2522	drumlin	5157	A	C	core_destroyed	285
2026-08-11T16:22:55Z	CAP6	2523	drumlin	5157	B	C	core_destroyed	136
2026-08-11T16:22:56Z	CAP6	2524	fjordgate	5157	A	C	core_destroyed	130
2026-08-11T16:22:59Z	CAP6	2525	fjordgate	5157	B	C	core_destroyed	541
2026-08-11T16:23:01Z	CAP6	2526	heart	5157	A	T	core_destroyed	127
2026-08-11T16:23:04Z	CAP6	2527	heart	5157	B	C	core_destroyed	157
2026-08-11T16:23:09Z	CAP6	2528	hive	5157	A	C	core_destroyed	338
2026-08-11T16:23:12Z	CAP6	2529	hive	5157	B	C	core_destroyed	223
2026-08-11T16:23:15Z	CAP6	2530	meander	5157	A	T	core_destroyed	445
2026-08-11T16:23:16Z	CAP6	2531	meander	5157	B	T	core_destroyed	156
2026-08-11T16:23:20Z	CAP6	2532	nordkap	5157	A	T	core_destroyed	341
2026-08-11T16:23:21Z	CAP6	2533	nordkap	5157	B	C	core_destroyed	160
2026-08-11T16:23:23Z	CAP6	2534	antler	5158	A	C	core_destroyed	292
2026-08-11T16:23:27Z	CAP6	2535	antler	5158	B	C	core_destroyed	335
2026-08-11T16:23:29Z	CAP6	2536	atoll	5158	A	T	core_destroyed	218
2026-08-11T16:23:31Z	CAP6	2537	atoll	5158	B	C	core_destroyed	173
2026-08-11T16:23:32Z	CAP6	2538	drumlin	5158	A	C	core_destroyed	107
2026-08-11T16:23:34Z	CAP6	2539	drumlin	5158	B	C	core_destroyed	160
2026-08-11T16:23:35Z	CAP6	2540	fjordgate	5158	A	T	core_destroyed	134
2026-08-11T16:23:37Z	CAP6	2541	fjordgate	5158	B	C	core_destroyed	229
2026-08-11T16:23:39Z	CAP6	2542	heart	5158	A	T	core_destroyed	130
2026-08-11T16:23:41Z	CAP6	2543	heart	5158	B	C	core_destroyed	169
2026-08-11T16:23:44Z	CAP6	2544	hive	5158	A	C	core_destroyed	206
2026-08-11T16:23:48Z	CAP6	2545	hive	5158	B	T	core_destroyed	281
2026-08-11T16:23:50Z	CAP6	2546	meander	5158	A	C	core_destroyed	138
2026-08-11T16:23:51Z	CAP6	2547	meander	5158	B	C	core_destroyed	228
2026-08-11T16:23:53Z	CAP6	2548	nordkap	5158	A	T	core_destroyed	136
2026-08-11T16:23:55Z	CAP6	2549	nordkap	5158	B	C	core_destroyed	151
2026-08-11T16:23:57Z	CAP6	2550	antler	5159	A	T	core_destroyed	154
2026-08-11T16:23:59Z	CAP6	2551	antler	5159	B	C	core_destroyed	229
2026-08-11T16:24:02Z	CAP6	2552	atoll	5159	A	C	core_destroyed	296
2026-08-11T16:24:06Z	CAP6	2553	atoll	5159	B	T	core_destroyed	422
2026-08-11T16:24:09Z	CAP6	2554	drumlin	5159	A	C	core_destroyed	210
2026-08-11T16:24:11Z	CAP6	2555	drumlin	5159	B	T	core_destroyed	167
2026-08-11T16:24:13Z	CAP6	2556	fjordgate	5159	A	T	core_destroyed	366
2026-08-11T16:24:15Z	CAP6	2557	fjordgate	5159	B	T	core_destroyed	198
2026-08-11T16:24:22Z	CAP6	2558	heart	5159	A	T	core_destroyed	478
2026-08-11T16:24:42Z	CAP6	2559	heart	5159	B	C	tiebreak	1000
2026-08-11T16:24:51Z	CAP6	2560	hive	5159	A	T	core_destroyed	619
2026-08-11T16:24:55Z	CAP6	2561	hive	5159	B	T	core_destroyed	252
2026-08-11T16:24:56Z	CAP6	2562	meander	5159	A	C	core_destroyed	138
2026-08-11T16:24:59Z	CAP6	2563	meander	5159	B	C	core_destroyed	241
2026-08-11T16:25:03Z	CAP6	2564	nordkap	5159	A	T	core_destroyed	349
2026-08-11T16:25:04Z	CAP6	2565	nordkap	5159	B	C	core_destroyed	171
2026-08-11T16:25:07Z	CAP6	2566	antler	5160	A	T	core_destroyed	255
2026-08-11T16:25:08Z	CAP6	2567	antler	5160	B	T	core_destroyed	116
2026-08-11T16:25:12Z	CAP6	2568	atoll	5160	A	C	core_destroyed	684
2026-08-11T16:25:16Z	CAP6	2569	atoll	5160	B	T	tiebreak	1000
2026-08-11T16:25:18Z	CAP6	2570	drumlin	5160	A	C	core_destroyed	112
2026-08-11T16:25:19Z	CAP6	2571	drumlin	5160	B	C	core_destroyed	101
2026-08-11T16:25:22Z	CAP6	2572	fjordgate	5160	A	C	tiebreak	1000
2026-08-11T16:25:23Z	CAP6	2573	fjordgate	5160	B	C	core_destroyed	121
2026-08-11T16:25:38Z	CAP6	2574	heart	5160	A	T	tiebreak	1000
2026-08-11T16:25:42Z	CAP6	2575	heart	5160	B	T	core_destroyed	236
2026-08-11T16:25:45Z	CAP6	2576	hive	5160	A	T	core_destroyed	221
2026-08-11T16:25:48Z	CAP6	2577	hive	5160	B	T	core_destroyed	204
2026-08-11T16:25:49Z	CAP6	2578	meander	5160	A	C	core_destroyed	164
2026-08-11T16:25:51Z	CAP6	2579	meander	5160	B	T	core_destroyed	118
2026-08-11T16:25:53Z	CAP6	2580	nordkap	5160	A	C	core_destroyed	319
2026-08-11T16:25:55Z	CAP6	2581	nordkap	5160	B	C	core_destroyed	156
2026-08-11T16:25:56Z	CAP6	2582	antler	5161	A	C	core_destroyed	249
2026-08-11T16:25:58Z	CAP6	2583	antler	5161	B	C	tiebreak	1000
2026-08-11T16:26:01Z	CAP6	2584	atoll	5161	A	T	core_destroyed	265
2026-08-11T16:26:02Z	CAP6	2585	atoll	5161	B	T	core_destroyed	121
2026-08-11T16:26:08Z	CAP6	2586	drumlin	5161	A	C	core_destroyed	439
2026-08-11T16:26:13Z	CAP6	2587	drumlin	5161	B	C	core_destroyed	436
2026-08-11T16:26:14Z	CAP6	2588	fjordgate	5161	A	T	core_destroyed	246
2026-08-11T16:26:16Z	CAP6	2589	fjordgate	5161	B	C	core_destroyed	173
2026-08-11T16:26:18Z	CAP6	2590	heart	5161	A	C	core_destroyed	146
2026-08-11T16:26:25Z	CAP6	2591	heart	5161	B	T	core_destroyed	504
2026-08-11T16:26:28Z	CAP6	2592	hive	5161	A	T	core_destroyed	206
2026-08-11T16:26:30Z	CAP6	2593	hive	5161	B	T	core_destroyed	140
2026-08-11T16:26:32Z	CAP6	2594	meander	5161	A	C	core_destroyed	292
2026-08-11T16:26:34Z	CAP6	2595	meander	5161	B	C	core_destroyed	166
2026-08-11T16:26:35Z	CAP6	2596	nordkap	5161	A	T	core_destroyed	130
2026-08-11T16:26:42Z	CAP6	2597	nordkap	5161	B	T	core_destroyed	514
2026-08-11T16:26:44Z	CAP6	2598	antler	5162	A	T	core_destroyed	257
2026-08-11T16:26:46Z	CAP6	2599	antler	5162	B	C	core_destroyed	208
2026-08-11T16:26:48Z	CAP6	2600	atoll	5162	A	T	core_destroyed	278
2026-08-11T16:26:50Z	CAP6	2601	atoll	5162	B	T	core_destroyed	358
2026-08-11T16:26:53Z	CAP6	2602	drumlin	5162	A	C	core_destroyed	174
2026-08-11T16:26:57Z	CAP6	2603	drumlin	5162	B	T	core_destroyed	367
2026-08-11T16:26:58Z	CAP6	2604	fjordgate	5162	A	C	core_destroyed	203
2026-08-11T16:27:00Z	CAP6	2605	fjordgate	5162	B	C	core_destroyed	135
2026-08-11T16:27:02Z	CAP6	2606	heart	5162	A	T	core_destroyed	130
2026-08-11T16:27:29Z	CAP6	2607	heart	5162	B	T	tiebreak	1000
2026-08-11T16:27:34Z	CAP6	2608	hive	5162	A	T	core_destroyed	331
2026-08-11T16:27:39Z	CAP6	2609	hive	5162	B	T	core_destroyed	331
2026-08-11T16:27:40Z	CAP6	2610	meander	5162	A	C	core_destroyed	129
2026-08-11T16:27:42Z	CAP6	2611	meander	5162	B	T	core_destroyed	130
2026-08-11T16:27:43Z	CAP6	2612	nordkap	5162	A	C	core_destroyed	143
2026-08-11T16:27:47Z	CAP6	2613	nordkap	5162	B	T	core_destroyed	266
2026-08-11T16:27:49Z	CAP6	2614	antler	5163	A	T	core_destroyed	208
2026-08-11T16:27:51Z	CAP6	2615	antler	5163	B	C	core_destroyed	137
2026-08-11T16:27:52Z	CAP6	2616	atoll	5163	A	C	core_destroyed	248
2026-08-11T16:27:59Z	CAP6	2617	atoll	5163	B	C	core_destroyed	810
2026-08-11T16:28:02Z	CAP6	2618	drumlin	5163	A	C	core_destroyed	253
2026-08-11T16:28:06Z	CAP6	2619	drumlin	5163	B	T	core_destroyed	329
2026-08-11T16:28:07Z	CAP6	2620	fjordgate	5163	A	T	core_destroyed	324
2026-08-11T16:28:09Z	CAP6	2621	fjordgate	5163	B	T	core_destroyed	144
2026-08-11T16:28:11Z	CAP6	2622	heart	5163	A	T	core_destroyed	128
2026-08-11T16:28:15Z	CAP6	2623	heart	5163	B	C	core_destroyed	183
2026-08-11T16:28:21Z	CAP6	2624	hive	5163	A	C	core_destroyed	400
2026-08-11T16:28:25Z	CAP6	2625	hive	5163	B	T	core_destroyed	283
2026-08-11T16:28:27Z	CAP6	2626	meander	5163	A	C	core_destroyed	174
2026-08-11T16:28:28Z	CAP6	2627	meander	5163	B	T	core_destroyed	95
2026-08-11T16:28:29Z	CAP6	2628	nordkap	5163	A	T	core_destroyed	131
2026-08-11T16:28:31Z	CAP6	2629	nordkap	5163	B	C	core_destroyed	143
2026-08-11T16:28:33Z	CAP6	2630	antler	5164	A	T	core_destroyed	167
2026-08-11T16:28:35Z	CAP6	2631	antler	5164	B	C	core_destroyed	166
2026-08-11T16:28:36Z	CAP6	2632	atoll	5164	A	T	core_destroyed	159
2026-08-11T16:28:38Z	CAP6	2633	atoll	5164	B	C	core_destroyed	156
2026-08-11T16:28:43Z	CAP6	2634	drumlin	5164	A	T	core_destroyed	372
2026-08-11T16:28:51Z	CAP6	2635	drumlin	5164	B	T	core_destroyed	424
2026-08-11T16:28:52Z	CAP6	2636	fjordgate	5164	A	T	core_destroyed	329
2026-08-11T16:28:54Z	CAP6	2637	fjordgate	5164	B	T	core_destroyed	170
2026-08-11T16:29:00Z	CAP6	2638	heart	5164	A	T	core_destroyed	304
2026-08-11T16:29:03Z	CAP6	2639	heart	5164	B	C	core_destroyed	154
2026-08-11T16:29:05Z	CAP6	2640	hive	5164	A	T	core_destroyed	218
2026-08-11T16:29:09Z	CAP6	2641	hive	5164	B	T	core_destroyed	212
2026-08-11T16:29:11Z	CAP6	2642	meander	5164	A	T	core_destroyed	172
2026-08-11T16:29:13Z	CAP6	2643	meander	5164	B	T	core_destroyed	128
2026-08-11T16:29:17Z	CAP6	2644	nordkap	5164	A	T	core_destroyed	456
2026-08-11T16:29:21Z	CAP6	2645	nordkap	5164	B	T	core_destroyed	309
2026-08-11T16:29:22Z	CAP6	2646	antler	5165	A	T	core_destroyed	100
2026-08-11T16:29:23Z	CAP6	2647	antler	5165	B	C	core_destroyed	113
2026-08-11T16:29:25Z	CAP6	2648	atoll	5165	A	T	core_destroyed	195
2026-08-11T16:29:27Z	CAP6	2649	atoll	5165	B	T	core_destroyed	273
2026-08-11T16:29:29Z	CAP6	2650	drumlin	5165	A	T	core_destroyed	155
2026-08-11T16:29:34Z	CAP6	2651	drumlin	5165	B	T	core_destroyed	380
2026-08-11T16:29:35Z	CAP6	2652	fjordgate	5165	A	T	core_destroyed	151
2026-08-11T16:29:36Z	CAP6	2653	fjordgate	5165	B	T	core_destroyed	127
2026-08-11T16:29:38Z	CAP6	2654	heart	5165	A	T	core_destroyed	131
2026-08-11T16:29:41Z	CAP6	2655	heart	5165	B	C	core_destroyed	291
2026-08-11T16:29:44Z	CAP6	2656	hive	5165	A	T	core_destroyed	175
2026-08-11T16:29:47Z	CAP6	2657	hive	5165	B	C	core_destroyed	210
2026-08-11T16:29:49Z	CAP6	2658	meander	5165	A	T	core_destroyed	213
2026-08-11T16:29:51Z	CAP6	2659	meander	5165	B	T	core_destroyed	151
2026-08-11T16:29:53Z	CAP6	2660	nordkap	5165	A	C	core_destroyed	121
2026-08-11T16:29:56Z	CAP6	2661	nordkap	5165	B	C	core_destroyed	809
2026-08-11T16:29:59Z	CAP6	2662	antler	5166	A	C	core_destroyed	245
2026-08-11T16:30:01Z	CAP6	2663	antler	5166	B	T	core_destroyed	501
2026-08-11T16:30:06Z	CAP6	2664	atoll	5166	A	T	core_destroyed	584
2026-08-11T16:30:08Z	CAP6	2665	atoll	5166	B	C	core_destroyed	524
2026-08-11T16:30:10Z	CAP6	2666	drumlin	5166	A	T	core_destroyed	203
2026-08-11T16:30:12Z	CAP6	2667	drumlin	5166	B	C	core_destroyed	129
2026-08-11T16:30:13Z	CAP6	2668	fjordgate	5166	A	C	core_destroyed	125
2026-08-11T16:30:14Z	CAP6	2669	fjordgate	5166	B	C	core_destroyed	128
2026-08-11T16:30:16Z	CAP6	2670	heart	5166	A	T	core_destroyed	104
2026-08-11T16:30:22Z	CAP6	2671	heart	5166	B	T	core_destroyed	270
2026-08-11T16:30:26Z	CAP6	2672	hive	5166	A	C	core_destroyed	272
2026-08-11T16:30:30Z	CAP6	2673	hive	5166	B	C	core_destroyed	251
2026-08-11T16:30:32Z	CAP6	2674	meander	5166	A	T	core_destroyed	218
2026-08-11T16:30:33Z	CAP6	2675	meander	5166	B	C	core_destroyed	148
2026-08-11T16:30:35Z	CAP6	2676	nordkap	5166	A	T	core_destroyed	200
2026-08-11T16:30:37Z	CAP6	2677	nordkap	5166	B	C	core_destroyed	187
2026-08-11T16:30:39Z	CAP6	2678	antler	5167	A	T	core_destroyed	254
2026-08-11T16:30:41Z	CAP6	2679	antler	5167	B	C	core_destroyed	763
2026-08-11T16:30:43Z	CAP6	2680	atoll	5167	A	C	core_destroyed	358
2026-08-11T16:30:46Z	CAP6	2681	atoll	5167	B	T	core_destroyed	401
2026-08-11T16:30:48Z	CAP6	2682	drumlin	5167	A	C	core_destroyed	136
2026-08-11T16:30:50Z	CAP6	2683	drumlin	5167	B	C	core_destroyed	138
2026-08-11T16:30:51Z	CAP6	2684	fjordgate	5167	A	T	core_destroyed	191
2026-08-11T16:30:53Z	CAP6	2685	fjordgate	5167	B	C	core_destroyed	361
2026-08-11T16:30:56Z	CAP6	2686	heart	5167	A	C	core_destroyed	187
2026-08-11T16:30:59Z	CAP6	2687	heart	5167	B	T	core_destroyed	146
2026-08-11T16:31:01Z	CAP6	2688	hive	5167	A	C	core_destroyed	188
2026-08-11T16:31:03Z	CAP6	2689	hive	5167	B	T	core_destroyed	163
2026-08-11T16:31:05Z	CAP6	2690	meander	5167	A	T	core_destroyed	159
2026-08-11T16:31:07Z	CAP6	2691	meander	5167	B	T	core_destroyed	193
2026-08-11T16:31:10Z	CAP6	2692	nordkap	5167	A	T	core_destroyed	196
2026-08-11T16:31:11Z	CAP6	2693	nordkap	5167	B	C	core_destroyed	241
2026-08-11T16:31:15Z	CAP6	2694	antler	5168	A	T	core_destroyed	463
2026-08-11T16:31:17Z	CAP6	2695	antler	5168	B	C	core_destroyed	287
2026-08-11T16:31:19Z	CAP6	2696	atoll	5168	A	C	core_destroyed	233
2026-08-11T16:31:21Z	CAP6	2697	atoll	5168	B	C	core_destroyed	348
2026-08-11T16:31:24Z	CAP6	2698	drumlin	5168	A	C	core_destroyed	227
2026-08-11T16:31:25Z	CAP6	2699	drumlin	5168	B	T	core_destroyed	118
2026-08-11T16:31:27Z	CAP6	2700	fjordgate	5168	A	C	core_destroyed	165
2026-08-11T16:31:28Z	CAP6	2701	fjordgate	5168	B	C	core_destroyed	105
2026-08-11T16:31:31Z	CAP6	2702	heart	5168	A	C	core_destroyed	298
2026-08-11T16:31:34Z	CAP6	2703	heart	5168	B	T	core_destroyed	157
2026-08-11T16:31:37Z	CAP6	2704	hive	5168	A	C	core_destroyed	257
2026-08-11T16:31:40Z	CAP6	2705	hive	5168	B	T	core_destroyed	192
2026-08-11T16:31:41Z	CAP6	2706	meander	5168	A	T	core_destroyed	182
2026-08-11T16:31:43Z	CAP6	2707	meander	5168	B	C	core_destroyed	216
2026-08-11T16:31:45Z	CAP6	2708	nordkap	5168	A	C	core_destroyed	202
2026-08-11T16:31:48Z	CAP6	2709	nordkap	5168	B	C	core_destroyed	268
2026-08-11T16:31:52Z	CAP6	2710	antler	5169	A	C	core_destroyed	342
2026-08-11T16:31:55Z	CAP6	2711	antler	5169	B	T	tiebreak	1000
2026-08-11T16:32:02Z	CAP6	2712	atoll	5169	A	T	core_destroyed	615
2026-08-11T16:32:05Z	CAP6	2713	atoll	5169	B	C	core_destroyed	249
2026-08-11T16:32:07Z	CAP6	2714	drumlin	5169	A	T	core_destroyed	196
2026-08-11T16:32:12Z	CAP6	2715	drumlin	5169	B	C	core_destroyed	873
2026-08-11T16:32:14Z	CAP6	2716	fjordgate	5169	A	T	core_destroyed	130
2026-08-11T16:32:15Z	CAP6	2717	fjordgate	5169	B	T	core_destroyed	130
2026-08-11T16:32:20Z	CAP6	2718	heart	5169	A	C	core_destroyed	326
2026-08-11T16:32:24Z	CAP6	2719	heart	5169	B	C	core_destroyed	290
2026-08-11T16:32:33Z	CAP6	2720	hive	5169	A	C	core_destroyed	814
2026-08-11T16:32:37Z	CAP6	2721	hive	5169	B	T	core_destroyed	227
2026-08-11T16:32:38Z	CAP6	2722	meander	5169	A	T	core_destroyed	134
2026-08-11T16:32:39Z	CAP6	2723	meander	5169	B	T	core_destroyed	158
2026-08-11T16:32:43Z	CAP6	2724	nordkap	5169	A	C	core_destroyed	292
2026-08-11T16:32:45Z	CAP6	2725	nordkap	5169	B	C	core_destroyed	194
2026-08-11T16:32:46Z	CAP6	2726	antler	5170	A	T	core_destroyed	200
2026-08-11T16:32:48Z	CAP6	2727	antler	5170	B	T	core_destroyed	486
2026-08-11T16:32:55Z	CAP6	2728	atoll	5170	A	T	core_destroyed	913
2026-08-11T16:32:59Z	CAP6	2729	atoll	5170	B	C	tiebreak	1000
2026-08-11T16:33:03Z	CAP6	2730	drumlin	5170	A	C	core_destroyed	428
2026-08-11T16:33:06Z	CAP6	2731	drumlin	5170	B	C	core_destroyed	270
2026-08-11T16:33:07Z	CAP6	2732	fjordgate	5170	A	T	core_destroyed	140
2026-08-11T16:33:08Z	CAP6	2733	fjordgate	5170	B	T	core_destroyed	168
2026-08-11T16:33:11Z	CAP6	2734	heart	5170	A	T	core_destroyed	179
2026-08-11T16:33:21Z	CAP6	2735	heart	5170	B	C	tiebreak	1000
2026-08-11T16:33:26Z	CAP6	2736	hive	5170	A	T	core_destroyed	282
2026-08-11T16:33:30Z	CAP6	2737	hive	5170	B	T	core_destroyed	248
2026-08-11T16:33:32Z	CAP6	2738	meander	5170	A	C	tiebreak	1000
2026-08-11T16:33:33Z	CAP6	2739	meander	5170	B	C	core_destroyed	144
2026-08-11T16:33:35Z	CAP6	2740	nordkap	5170	A	T	core_destroyed	171
2026-08-11T16:33:37Z	CAP6	2741	nordkap	5170	B	T	core_destroyed	216
2026-08-11T16:33:39Z	CAP6	2742	antler	5171	A	T	core_destroyed	206
2026-08-11T16:33:40Z	CAP6	2743	antler	5171	B	C	core_destroyed	105
2026-08-11T16:33:42Z	CAP6	2744	atoll	5171	A	T	core_destroyed	267
2026-08-11T16:33:44Z	CAP6	2745	atoll	5171	B	C	core_destroyed	441
2026-08-11T16:33:49Z	CAP6	2746	drumlin	5171	A	C	core_destroyed	360
2026-08-11T16:33:51Z	CAP6	2747	drumlin	5171	B	C	core_destroyed	108
2026-08-11T16:33:53Z	CAP6	2748	fjordgate	5171	A	C	core_destroyed	438
2026-08-11T16:33:54Z	CAP6	2749	fjordgate	5171	B	T	core_destroyed	164
2026-08-11T16:33:57Z	CAP6	2750	heart	5171	A	C	core_destroyed	156
2026-08-11T16:33:59Z	CAP6	2751	heart	5171	B	C	core_destroyed	147
2026-08-11T16:34:01Z	CAP6	2752	hive	5171	A	T	core_destroyed	227
2026-08-11T16:34:04Z	CAP6	2753	hive	5171	B	T	core_destroyed	149
2026-08-11T16:34:08Z	CAP6	2754	meander	5171	A	T	tiebreak	1000
2026-08-11T16:34:10Z	CAP6	2755	meander	5171	B	C	core_destroyed	292
2026-08-11T16:34:12Z	CAP6	2756	nordkap	5171	A	C	core_destroyed	191
2026-08-11T16:34:14Z	CAP6	2757	nordkap	5171	B	C	core_destroyed	347
2026-08-11T16:34:16Z	CAP6	2758	antler	5172	A	C	core_destroyed	162
2026-08-11T16:34:19Z	CAP6	2759	antler	5172	B	C	core_destroyed	250
2026-08-11T16:34:20Z	CAP6	2760	atoll	5172	A	C	core_destroyed	122
2026-08-11T16:34:22Z	CAP6	2761	atoll	5172	B	T	core_destroyed	286
2026-08-11T16:34:29Z	CAP6	2762	drumlin	5172	A	T	core_destroyed	521
2026-08-11T16:34:34Z	CAP6	2763	drumlin	5172	B	C	core_destroyed	319
2026-08-11T16:34:35Z	CAP6	2764	fjordgate	5172	A	T	core_destroyed	179
2026-08-11T16:34:37Z	CAP6	2765	fjordgate	5172	B	T	core_destroyed	263
2026-08-11T16:34:57Z	CAP6	2766	heart	5172	A	T	tiebreak	1000
2026-08-11T16:35:07Z	CAP6	2767	heart	5172	B	C	tiebreak	1000
2026-08-11T16:35:11Z	CAP6	2768	hive	5172	A	T	core_destroyed	233
2026-08-11T16:35:14Z	CAP6	2769	hive	5172	B	C	core_destroyed	193
2026-08-11T16:35:16Z	CAP6	2770	meander	5172	A	C	core_destroyed	210
2026-08-11T16:35:18Z	CAP6	2771	meander	5172	B	T	core_destroyed	191
2026-08-11T16:35:21Z	CAP6	2772	nordkap	5172	A	C	core_destroyed	182
2026-08-11T16:35:23Z	CAP6	2773	nordkap	5172	B	C	core_destroyed	245
2026-08-11T16:35:25Z	CAP6	2774	antler	5173	A	T	core_destroyed	248
2026-08-11T16:35:28Z	CAP6	2775	antler	5173	B	C	core_destroyed	279
2026-08-11T16:35:29Z	CAP6	2776	atoll	5173	A	C	core_destroyed	249
2026-08-11T16:35:32Z	CAP6	2777	atoll	5173	B	T	core_destroyed	303
2026-08-11T16:35:37Z	CAP6	2778	drumlin	5173	A	T	core_destroyed	333
2026-08-11T16:35:39Z	CAP6	2779	drumlin	5173	B	C	core_destroyed	201
2026-08-11T16:35:40Z	CAP6	2780	fjordgate	5173	A	T	core_destroyed	134
2026-08-11T16:35:42Z	CAP6	2781	fjordgate	5173	B	T	core_destroyed	135
2026-08-11T16:35:44Z	CAP6	2782	heart	5173	A	T	core_destroyed	160
2026-08-11T16:35:47Z	CAP6	2783	heart	5173	B	T	core_destroyed	167
2026-08-11T16:35:49Z	CAP6	2784	hive	5173	A	C	core_destroyed	223
2026-08-11T16:35:55Z	CAP6	2785	hive	5173	B	T	core_destroyed	368
2026-08-11T16:35:57Z	CAP6	2786	meander	5173	A	T	core_destroyed	184
2026-08-11T16:35:59Z	CAP6	2787	meander	5173	B	T	core_destroyed	128
2026-08-11T16:36:00Z	CAP6	2788	nordkap	5173	A	C	core_destroyed	204
2026-08-11T16:36:02Z	CAP6	2789	nordkap	5173	B	C	core_destroyed	225
2026-08-11T16:36:04Z	CAP6	2790	antler	5174	A	C	core_destroyed	108
2026-08-11T16:36:05Z	CAP6	2791	antler	5174	B	C	core_destroyed	102
2026-08-11T16:36:07Z	CAP6	2792	atoll	5174	A	T	core_destroyed	248
2026-08-11T16:36:09Z	CAP6	2793	atoll	5174	B	T	core_destroyed	97
2026-08-11T16:36:11Z	CAP6	2794	drumlin	5174	A	T	core_destroyed	148
2026-08-11T16:36:15Z	CAP6	2795	drumlin	5174	B	C	core_destroyed	442
2026-08-11T16:36:17Z	CAP6	2796	fjordgate	5174	A	T	core_destroyed	342
2026-08-11T16:36:19Z	CAP6	2797	fjordgate	5174	B	C	core_destroyed	219
2026-08-11T16:36:30Z	CAP6	2798	heart	5174	A	C	tiebreak	1000
2026-08-11T16:36:33Z	CAP6	2799	heart	5174	B	T	core_destroyed	330
2026-08-11T16:36:36Z	CAP6	2800	hive	5174	A	T	core_destroyed	197
2026-08-11T16:36:49Z	CAP6	2801	hive	5174	B	T	core_destroyed	994
2026-08-11T16:36:50Z	CAP6	2802	meander	5174	A	T	core_destroyed	122
2026-08-11T16:36:53Z	CAP6	2803	meander	5174	B	C	core_destroyed	228
2026-08-11T16:36:54Z	CAP6	2804	nordkap	5174	A	T	core_destroyed	113
2026-08-11T16:36:57Z	CAP6	2805	nordkap	5174	B	C	core_destroyed	186
2026-08-11T16:36:58Z	CAP6	2806	antler	5175	A	C	core_destroyed	121
2026-08-11T16:37:01Z	CAP6	2807	antler	5175	B	T	core_destroyed	288
2026-08-11T16:37:03Z	CAP6	2808	atoll	5175	A	C	core_destroyed	207
2026-08-11T16:37:05Z	CAP6	2809	atoll	5175	B	C	core_destroyed	287
2026-08-11T16:37:08Z	CAP6	2810	drumlin	5175	A	T	core_destroyed	230
2026-08-11T16:37:12Z	CAP6	2811	drumlin	5175	B	C	core_destroyed	400
2026-08-11T16:37:14Z	CAP6	2812	fjordgate	5175	A	T	core_destroyed	172
2026-08-11T16:37:15Z	CAP6	2813	fjordgate	5175	B	C	core_destroyed	94
2026-08-11T16:37:17Z	CAP6	2814	heart	5175	A	C	core_destroyed	109
2026-08-11T16:37:28Z	CAP6	2815	heart	5175	B	T	core_destroyed	700
2026-08-11T16:37:30Z	CAP6	2816	hive	5175	A	T	core_destroyed	151
2026-08-11T16:37:32Z	CAP6	2817	hive	5175	B	C	core_destroyed	178
2026-08-11T16:37:34Z	CAP6	2818	meander	5175	A	C	core_destroyed	132
2026-08-11T16:37:35Z	CAP6	2819	meander	5175	B	C	core_destroyed	185
2026-08-11T16:37:37Z	CAP6	2820	nordkap	5175	A	T	core_destroyed	224
2026-08-11T16:37:40Z	CAP6	2821	nordkap	5175	B	T	core_destroyed	320
2026-08-11T16:37:41Z	CAP6	2822	antler	5176	A	C	core_destroyed	170
2026-08-11T16:37:43Z	CAP6	2823	antler	5176	B	T	core_destroyed	163
2026-08-11T16:37:46Z	CAP6	2824	atoll	5176	A	C	core_destroyed	331
2026-08-11T16:37:48Z	CAP6	2825	atoll	5176	B	C	core_destroyed	593
2026-08-11T16:37:55Z	CAP6	2826	drumlin	5176	A	T	core_destroyed	476
2026-08-11T16:37:59Z	CAP6	2827	drumlin	5176	B	T	core_destroyed	273
2026-08-11T16:38:01Z	CAP6	2828	fjordgate	5176	A	C	core_destroyed	457
2026-08-11T16:38:03Z	CAP6	2829	fjordgate	5176	B	T	core_destroyed	143
2026-08-11T16:38:25Z	CAP6	2830	heart	5176	A	C	tiebreak	1000
2026-08-11T16:38:28Z	CAP6	2831	heart	5176	B	C	core_destroyed	148
2026-08-11T16:38:31Z	CAP6	2832	hive	5176	A	C	core_destroyed	251
2026-08-11T16:38:38Z	CAP6	2833	hive	5176	B	T	core_destroyed	530
2026-08-11T16:38:40Z	CAP6	2834	meander	5176	A	C	core_destroyed	265
2026-08-11T16:38:42Z	CAP6	2835	meander	5176	B	C	core_destroyed	176
2026-08-11T16:38:45Z	CAP6	2836	nordkap	5176	A	C	core_destroyed	255
2026-08-11T16:38:49Z	CAP6	2837	nordkap	5176	B	T	core_destroyed	445
2026-08-11T16:38:52Z	CAP6	2838	antler	5177	A	C	core_destroyed	268
2026-08-11T16:38:55Z	CAP6	2839	antler	5177	B	C	core_destroyed	405
2026-08-11T16:38:56Z	CAP6	2840	atoll	5177	A	T	core_destroyed	164
2026-08-11T16:38:58Z	CAP6	2841	atoll	5177	B	C	core_destroyed	188
2026-08-11T16:39:00Z	CAP6	2842	drumlin	5177	A	T	core_destroyed	121
2026-08-11T16:39:02Z	CAP6	2843	drumlin	5177	B	C	core_destroyed	163
2026-08-11T16:39:04Z	CAP6	2844	fjordgate	5177	A	T	tiebreak	1000
2026-08-11T16:39:05Z	CAP6	2845	fjordgate	5177	B	C	core_destroyed	181
2026-08-11T16:39:07Z	CAP6	2846	heart	5177	A	T	core_destroyed	158
2026-08-11T16:39:14Z	CAP6	2847	heart	5177	B	T	core_destroyed	355
2026-08-11T16:39:17Z	CAP6	2848	hive	5177	A	C	core_destroyed	211
2026-08-11T16:39:21Z	CAP6	2849	hive	5177	B	C	core_destroyed	276
2026-08-11T16:39:23Z	CAP6	2850	meander	5177	A	T	core_destroyed	170
2026-08-11T16:39:24Z	CAP6	2851	meander	5177	B	C	core_destroyed	114
2026-08-11T16:39:26Z	CAP6	2852	nordkap	5177	A	T	core_destroyed	158
2026-08-11T16:39:30Z	CAP6	2853	nordkap	5177	B	T	core_destroyed	363
2026-08-11T16:39:32Z	CAP6	2854	antler	5178	A	C	core_destroyed	336
2026-08-11T16:39:34Z	CAP6	2855	antler	5178	B	C	core_destroyed	148
2026-08-11T16:39:37Z	CAP6	2856	atoll	5178	A	T	core_destroyed	268
2026-08-11T16:39:38Z	CAP6	2857	atoll	5178	B	T	core_destroyed	93
2026-08-11T16:39:41Z	CAP6	2858	drumlin	5178	A	C	core_destroyed	272
2026-08-11T16:39:44Z	CAP6	2859	drumlin	5178	B	C	core_destroyed	166
2026-08-11T16:39:45Z	CAP6	2860	fjordgate	5178	A	C	core_destroyed	123
2026-08-11T16:39:49Z	CAP6	2861	fjordgate	5178	B	T	tiebreak	1000
2026-08-11T16:39:51Z	CAP6	2862	heart	5178	A	C	core_destroyed	152
2026-08-11T16:39:53Z	CAP6	2863	heart	5178	B	C	core_destroyed	166
2026-08-11T16:39:58Z	CAP6	2864	hive	5178	A	C	core_destroyed	300
2026-08-11T16:40:00Z	CAP6	2865	hive	5178	B	T	core_destroyed	169
2026-08-11T16:40:02Z	CAP6	2866	meander	5178	A	T	core_destroyed	182
2026-08-11T16:40:04Z	CAP6	2867	meander	5178	B	T	core_destroyed	189
2026-08-11T16:40:05Z	CAP6	2868	nordkap	5178	A	C	core_destroyed	240
2026-08-11T16:40:09Z	CAP6	2869	nordkap	5178	B	T	core_destroyed	292
2026-08-11T16:40:10Z	CAP6	2870	antler	5179	A	T	core_destroyed	177
2026-08-11T16:40:12Z	CAP6	2871	antler	5179	B	T	core_destroyed	450
2026-08-11T16:40:14Z	CAP6	2872	atoll	5179	A	T	core_destroyed	88
2026-08-11T16:40:19Z	CAP6	2873	atoll	5179	B	T	core_destroyed	725
2026-08-11T16:40:22Z	CAP6	2874	drumlin	5179	A	T	core_destroyed	298
2026-08-11T16:40:25Z	CAP6	2875	drumlin	5179	B	T	core_destroyed	218
2026-08-11T16:40:26Z	CAP6	2876	fjordgate	5179	A	C	core_destroyed	141
2026-08-11T16:40:27Z	CAP6	2877	fjordgate	5179	B	T	core_destroyed	196
2026-08-11T16:40:30Z	CAP6	2878	heart	5179	A	T	core_destroyed	144
2026-08-11T16:40:35Z	CAP6	2879	heart	5179	B	T	core_destroyed	302
2026-08-11T16:40:37Z	CAP6	2880	hive	5179	A	C	core_destroyed	208
2026-08-11T16:40:40Z	CAP6	2881	hive	5179	B	T	core_destroyed	192
2026-08-11T16:40:42Z	CAP6	2882	meander	5179	A	T	core_destroyed	236
2026-08-11T16:40:44Z	CAP6	2883	meander	5179	B	C	core_destroyed	233
2026-08-11T16:40:47Z	CAP6	2884	nordkap	5179	A	T	core_destroyed	225
2026-08-11T16:40:49Z	CAP6	2885	nordkap	5179	B	C	core_destroyed	106
2026-08-11T16:40:50Z	CAP6	2886	antler	5180	A	C	core_destroyed	115
2026-08-11T16:40:53Z	CAP6	2887	antler	5180	B	C	core_destroyed	192
2026-08-11T16:40:54Z	CAP6	2888	atoll	5180	A	T	core_destroyed	132
2026-08-11T16:40:57Z	CAP6	2889	atoll	5180	B	T	core_destroyed	290
2026-08-11T16:40:58Z	CAP6	2890	drumlin	5180	A	T	core_destroyed	199
2026-08-11T16:41:01Z	CAP6	2891	drumlin	5180	B	T	core_destroyed	125
2026-08-11T16:41:02Z	CAP6	2892	fjordgate	5180	A	T	core_destroyed	161
2026-08-11T16:41:04Z	CAP6	2893	fjordgate	5180	B	C	core_destroyed	256
2026-08-11T16:41:07Z	CAP6	2894	heart	5180	A	T	core_destroyed	248
2026-08-11T16:41:09Z	CAP6	2895	heart	5180	B	C	core_destroyed	146
2026-08-11T16:41:12Z	CAP6	2896	hive	5180	A	C	core_destroyed	230
2026-08-11T16:41:17Z	CAP6	2897	hive	5180	B	C	core_destroyed	230
2026-08-11T16:41:20Z	CAP6	2898	meander	5180	A	T	tiebreak	1000
2026-08-11T16:41:22Z	CAP6	2899	meander	5180	B	C	core_destroyed	138
2026-08-11T16:41:24Z	CAP6	2900	nordkap	5180	A	C	core_destroyed	211
2026-08-11T16:41:27Z	CAP6	2901	nordkap	5180	B	T	core_destroyed	220
2026-08-11T16:41:29Z	CAP6	2902	antler	5181	A	T	core_destroyed	210
2026-08-11T16:41:31Z	CAP6	2903	antler	5181	B	T	core_destroyed	189
2026-08-11T16:41:36Z	CAP6	2904	atoll	5181	A	T	core_destroyed	557
2026-08-11T16:41:37Z	CAP6	2905	atoll	5181	B	T	core_destroyed	286
2026-08-11T16:41:40Z	CAP6	2906	drumlin	5181	A	T	core_destroyed	343
2026-08-11T16:41:42Z	CAP6	2907	drumlin	5181	B	C	core_destroyed	129
2026-08-11T16:41:43Z	CAP6	2908	fjordgate	5181	A	C	core_destroyed	164
2026-08-11T16:41:45Z	CAP6	2909	fjordgate	5181	B	T	core_destroyed	287
2026-08-11T16:41:49Z	CAP6	2910	heart	5181	A	T	core_destroyed	367
2026-08-11T16:41:53Z	CAP6	2911	heart	5181	B	T	core_destroyed	345
2026-08-11T16:41:57Z	CAP6	2912	hive	5181	A	T	core_destroyed	265
2026-08-11T16:41:59Z	CAP6	2913	hive	5181	B	C	core_destroyed	101
2026-08-11T16:42:01Z	CAP6	2914	meander	5181	A	C	core_destroyed	248
2026-08-11T16:42:03Z	CAP6	2915	meander	5181	B	C	core_destroyed	131
2026-08-11T16:42:05Z	CAP6	2916	nordkap	5181	A	C	core_destroyed	343
2026-08-11T16:42:08Z	CAP6	2917	nordkap	5181	B	T	core_destroyed	280
2026-08-11T16:42:12Z	CAP6	2918	antler	5182	A	C	core_destroyed	382
2026-08-11T16:42:16Z	CAP6	2919	antler	5182	B	C	tiebreak	1000
2026-08-11T16:42:17Z	CAP6	2920	atoll	5182	A	C	core_destroyed	146
2026-08-11T16:42:19Z	CAP6	2921	atoll	5182	B	T	core_destroyed	107
2026-08-11T16:42:21Z	CAP6	2922	drumlin	5182	A	C	core_destroyed	196
2026-08-11T16:42:25Z	CAP6	2923	drumlin	5182	B	T	core_destroyed	262
2026-08-11T16:42:26Z	CAP6	2924	fjordgate	5182	A	C	core_destroyed	137
2026-08-11T16:42:28Z	CAP6	2925	fjordgate	5182	B	C	core_destroyed	253
2026-08-11T16:42:32Z	CAP6	2926	heart	5182	A	T	core_destroyed	267
2026-08-11T16:42:35Z	CAP6	2927	heart	5182	B	C	core_destroyed	221
2026-08-11T16:42:38Z	CAP6	2928	hive	5182	A	C	core_destroyed	225
2026-08-11T16:42:41Z	CAP6	2929	hive	5182	B	T	core_destroyed	216
2026-08-11T16:42:43Z	CAP6	2930	meander	5182	A	T	core_destroyed	174
2026-08-11T16:42:45Z	CAP6	2931	meander	5182	B	T	core_destroyed	172
2026-08-11T16:42:47Z	CAP6	2932	nordkap	5182	A	C	core_destroyed	180
2026-08-11T16:42:48Z	CAP6	2933	nordkap	5182	B	T	core_destroyed	152
2026-08-11T16:42:50Z	CAP6	2934	antler	5183	A	T	core_destroyed	121
2026-08-11T16:42:52Z	CAP6	2935	antler	5183	B	C	core_destroyed	194
2026-08-11T16:42:55Z	CAP6	2936	atoll	5183	A	T	core_destroyed	360
2026-08-11T16:42:58Z	CAP6	2937	atoll	5183	B	C	core_destroyed	506
2026-08-11T16:43:00Z	CAP6	2938	drumlin	5183	A	T	core_destroyed	126
2026-08-11T16:43:03Z	CAP6	2939	drumlin	5183	B	C	core_destroyed	253
2026-08-11T16:43:04Z	CAP6	2940	fjordgate	5183	A	T	core_destroyed	202
2026-08-11T16:43:07Z	CAP6	2941	fjordgate	5183	B	T	core_destroyed	457
2026-08-11T16:43:11Z	CAP6	2942	heart	5183	A	C	core_destroyed	272
2026-08-11T16:43:15Z	CAP6	2943	heart	5183	B	T	core_destroyed	245
2026-08-11T16:43:18Z	CAP6	2944	hive	5183	A	C	core_destroyed	197
2026-08-11T16:43:22Z	CAP6	2945	hive	5183	B	T	core_destroyed	208
2026-08-11T16:43:23Z	CAP6	2946	meander	5183	A	C	core_destroyed	156
2026-08-11T16:43:25Z	CAP6	2947	meander	5183	B	C	core_destroyed	201
2026-08-11T16:43:27Z	CAP6	2948	nordkap	5183	A	T	core_destroyed	251
2026-08-11T16:43:30Z	CAP6	2949	nordkap	5183	B	C	core_destroyed	210
2026-08-11T16:43:33Z	CAP6	2950	antler	5184	A	T	core_destroyed	353
2026-08-11T16:43:36Z	CAP6	2951	antler	5184	B	C	core_destroyed	290
2026-08-11T16:43:38Z	CAP6	2952	atoll	5184	A	C	core_destroyed	240
2026-08-11T16:43:39Z	CAP6	2953	atoll	5184	B	T	core_destroyed	226
2026-08-11T16:43:43Z	CAP6	2954	drumlin	5184	A	T	core_destroyed	282
2026-08-11T16:43:46Z	CAP6	2955	drumlin	5184	B	C	core_destroyed	212
2026-08-11T16:43:47Z	CAP6	2956	fjordgate	5184	A	T	core_destroyed	171
2026-08-11T16:43:48Z	CAP6	2957	fjordgate	5184	B	C	core_destroyed	114
2026-08-11T16:43:55Z	CAP6	2958	heart	5184	A	T	core_destroyed	535
2026-08-11T16:43:57Z	CAP6	2959	heart	5184	B	C	core_destroyed	108
2026-08-11T16:44:01Z	CAP6	2960	hive	5184	A	T	core_destroyed	290
2026-08-11T16:44:06Z	CAP6	2961	hive	5184	B	C	core_destroyed	310
2026-08-11T16:44:08Z	CAP6	2962	meander	5184	A	C	core_destroyed	183
2026-08-11T16:44:09Z	CAP6	2963	meander	5184	B	T	core_destroyed	110
2026-08-11T16:44:10Z	CAP6	2964	nordkap	5184	A	T	core_destroyed	142
2026-08-11T16:44:13Z	CAP6	2965	nordkap	5184	B	C	core_destroyed	261
2026-08-11T16:44:14Z	CAP6	2966	antler	5185	A	T	core_destroyed	103
2026-08-11T16:44:16Z	CAP6	2967	antler	5185	B	T	core_destroyed	185
2026-08-11T16:44:18Z	CAP6	2968	atoll	5185	A	C	core_destroyed	434
2026-08-11T16:44:19Z	CAP6	2969	atoll	5185	B	T	core_destroyed	104
2026-08-11T16:44:26Z	CAP6	2970	drumlin	5185	A	C	core_destroyed	462
2026-08-11T16:44:28Z	CAP6	2971	drumlin	5185	B	C	core_destroyed	159
2026-08-11T16:44:29Z	CAP6	2972	fjordgate	5185	A	T	core_destroyed	156
2026-08-11T16:44:31Z	CAP6	2973	fjordgate	5185	B	C	core_destroyed	140
2026-08-11T16:44:37Z	CAP6	2974	heart	5185	A	C	core_destroyed	614
2026-08-11T16:44:41Z	CAP6	2975	heart	5185	B	T	core_destroyed	453
2026-08-11T16:44:47Z	CAP6	2976	hive	5185	A	C	core_destroyed	325
2026-08-11T16:44:52Z	CAP6	2977	hive	5185	B	T	core_destroyed	332
2026-08-11T16:44:54Z	CAP6	2978	meander	5185	A	T	core_destroyed	193
2026-08-11T16:44:55Z	CAP6	2979	meander	5185	B	T	core_destroyed	145
2026-08-11T16:44:58Z	CAP6	2980	nordkap	5185	A	C	core_destroyed	192
2026-08-11T16:45:01Z	CAP6	2981	nordkap	5185	B	T	core_destroyed	248
2026-08-11T16:45:02Z	CAP6	2982	antler	5186	A	T	core_destroyed	113
2026-08-11T16:45:04Z	CAP6	2983	antler	5186	B	C	core_destroyed	125
2026-08-11T16:45:08Z	CAP6	2984	atoll	5186	A	C	core_destroyed	361
2026-08-11T16:45:11Z	CAP6	2985	atoll	5186	B	T	core_destroyed	297
2026-08-11T16:45:13Z	CAP6	2986	drumlin	5186	A	C	core_destroyed	174
2026-08-11T16:45:16Z	CAP6	2987	drumlin	5186	B	C	core_destroyed	224
2026-08-11T16:45:17Z	CAP6	2988	fjordgate	5186	A	T	core_destroyed	179
2026-08-11T16:45:19Z	CAP6	2989	fjordgate	5186	B	C	tiebreak	1000
2026-08-11T16:45:21Z	CAP6	2990	heart	5186	A	T	core_destroyed	116
2026-08-11T16:45:23Z	CAP6	2991	heart	5186	B	C	core_destroyed	143
2026-08-11T16:45:26Z	CAP6	2992	hive	5186	A	C	core_destroyed	192
2026-08-11T16:45:29Z	CAP6	2993	hive	5186	B	T	core_destroyed	213
2026-08-11T16:45:30Z	CAP6	2994	meander	5186	A	T	core_destroyed	175
2026-08-11T16:45:33Z	CAP6	2995	meander	5186	B	C	tiebreak	1000
2026-08-11T16:45:36Z	CAP6	2996	nordkap	5186	A	C	core_destroyed	396
2026-08-11T16:45:38Z	CAP6	2997	nordkap	5186	B	T	core_destroyed	361
2026-08-11T16:45:41Z	CAP6	2998	antler	5187	A	T	core_destroyed	262
2026-08-11T16:45:43Z	CAP6	2999	antler	5187	B	C	core_destroyed	252
2026-08-11T16:45:44Z	CAP6	3000	atoll	5187	A	T	core_destroyed	164
2026-08-11T16:45:46Z	CAP6	3001	atoll	5187	B	C	core_destroyed	218
2026-08-11T16:45:48Z	CAP6	3002	drumlin	5187	A	T	core_destroyed	131
2026-08-11T16:45:51Z	CAP6	3003	drumlin	5187	B	C	core_destroyed	212
2026-08-11T16:45:54Z	CAP6	3004	fjordgate	5187	A	C	core_destroyed	356
2026-08-11T16:45:56Z	CAP6	3005	fjordgate	5187	B	C	core_destroyed	136
2026-08-11T16:45:58Z	CAP6	3006	heart	5187	A	T	core_destroyed	118
2026-08-11T16:46:01Z	CAP6	3007	heart	5187	B	T	core_destroyed	306
2026-08-11T16:46:06Z	CAP6	3008	hive	5187	A	T	core_destroyed	359
2026-08-11T16:46:10Z	CAP6	3009	hive	5187	B	T	core_destroyed	256
2026-08-11T16:46:11Z	CAP6	3010	meander	5187	A	C	core_destroyed	138
2026-08-11T16:46:14Z	CAP6	3011	meander	5187	B	C	core_destroyed	233
2026-08-11T16:46:15Z	CAP6	3012	nordkap	5187	A	T	core_destroyed	125
2026-08-11T16:46:19Z	CAP6	3013	nordkap	5187	B	T	core_destroyed	324
2026-08-11T16:46:23Z	CAP6	3014	antler	5188	A	C	core_destroyed	399
2026-08-11T16:46:26Z	CAP6	3015	antler	5188	B	T	core_destroyed	399
2026-08-11T16:46:30Z	CAP6	3016	atoll	5188	A	C	core_destroyed	755
2026-08-11T16:46:35Z	CAP6	3017	atoll	5188	B	T	tiebreak	1000
2026-08-11T16:46:38Z	CAP6	3018	drumlin	5188	A	T	core_destroyed	235
2026-08-11T16:46:39Z	CAP6	3019	drumlin	5188	B	C	core_destroyed	129
2026-08-11T16:46:42Z	CAP6	3020	fjordgate	5188	A	C	tiebreak	1000
2026-08-11T16:46:43Z	CAP6	3021	fjordgate	5188	B	T	core_destroyed	220
2026-08-11T16:46:45Z	CAP6	3022	heart	5188	A	T	core_destroyed	123
2026-08-11T16:46:47Z	CAP6	3023	heart	5188	B	C	core_destroyed	172
2026-08-11T16:46:49Z	CAP6	3024	hive	5188	A	T	core_destroyed	166
2026-08-11T16:46:54Z	CAP6	3025	hive	5188	B	C	core_destroyed	305
2026-08-11T16:46:55Z	CAP6	3026	meander	5188	A	C	core_destroyed	114
2026-08-11T16:46:57Z	CAP6	3027	meander	5188	B	C	core_destroyed	122
2026-08-11T16:47:00Z	CAP6	3028	nordkap	5188	A	C	core_destroyed	210
2026-08-11T16:47:01Z	CAP6	3029	nordkap	5188	B	C	core_destroyed	139
2026-08-11T16:47:03Z	CAP6	3030	antler	5189	A	T	core_destroyed	282
2026-08-11T16:47:05Z	CAP6	3031	antler	5189	B	T	core_destroyed	135
2026-08-11T16:47:09Z	CAP6	3032	atoll	5189	A	C	core_destroyed	813
2026-08-11T16:47:10Z	CAP6	3033	atoll	5189	B	C	core_destroyed	171
2026-08-11T16:47:12Z	CAP6	3034	drumlin	5189	A	T	core_destroyed	137
2026-08-11T16:47:14Z	CAP6	3035	drumlin	5189	B	C	core_destroyed	201
2026-08-11T16:47:16Z	CAP6	3036	fjordgate	5189	A	C	core_destroyed	437
2026-08-11T16:47:17Z	CAP6	3037	fjordgate	5189	B	T	core_destroyed	201
2026-08-11T16:47:19Z	CAP6	3038	heart	5189	A	T	core_destroyed	104
2026-08-11T16:47:21Z	CAP6	3039	heart	5189	B	C	core_destroyed	210
2026-08-11T16:47:23Z	CAP6	3040	hive	5189	A	C	core_destroyed	149
2026-08-11T16:47:27Z	CAP6	3041	hive	5189	B	C	core_destroyed	261
2026-08-11T16:47:28Z	CAP6	3042	meander	5189	A	C	core_destroyed	132
2026-08-11T16:47:31Z	CAP6	3043	meander	5189	B	C	core_destroyed	180
2026-08-11T16:47:32Z	CAP6	3044	nordkap	5189	A	C	core_destroyed	135
2026-08-11T16:47:33Z	CAP6	3045	nordkap	5189	B	C	core_destroyed	178
2026-08-11T16:47:37Z	CAP6	3046	antler	5190	A	C	core_destroyed	328
2026-08-11T16:47:39Z	CAP6	3047	antler	5190	B	C	core_destroyed	229
2026-08-11T16:47:40Z	CAP6	3048	atoll	5190	A	C	core_destroyed	113
2026-08-11T16:47:45Z	CAP6	3049	atoll	5190	B	C	core_destroyed	854
2026-08-11T16:47:48Z	CAP6	3050	drumlin	5190	A	T	core_destroyed	328
2026-08-11T16:47:51Z	CAP6	3051	drumlin	5190	B	C	core_destroyed	191
2026-08-11T16:47:54Z	CAP6	3052	fjordgate	5190	A	C	core_destroyed	674
2026-08-11T16:47:56Z	CAP6	3053	fjordgate	5190	B	C	core_destroyed	218
2026-08-11T16:48:01Z	CAP6	3054	heart	5190	A	T	core_destroyed	351
2026-08-11T16:48:03Z	CAP6	3055	heart	5190	B	C	core_destroyed	138
2026-08-11T16:48:06Z	CAP6	3056	hive	5190	A	C	core_destroyed	132
2026-08-11T16:48:09Z	CAP6	3057	hive	5190	B	T	core_destroyed	248
2026-08-11T16:48:11Z	CAP6	3058	meander	5190	A	T	core_destroyed	257
2026-08-11T16:48:14Z	CAP6	3059	meander	5190	B	C	tiebreak	1000
2026-08-11T16:48:15Z	CAP6	3060	nordkap	5190	A	T	core_destroyed	168
2026-08-11T16:48:18Z	CAP6	3061	nordkap	5190	B	T	core_destroyed	199
2026-08-11T16:48:19Z	CAP6	3062	antler	5191	A	T	core_destroyed	213
2026-08-11T16:48:22Z	CAP6	3063	antler	5191	B	T	core_destroyed	362
2026-08-11T16:48:25Z	CAP6	3064	atoll	5191	A	T	core_destroyed	525
2026-08-11T16:48:29Z	CAP6	3065	atoll	5191	B	T	core_destroyed	320
2026-08-11T16:48:31Z	CAP6	3066	drumlin	5191	A	C	core_destroyed	129
2026-08-11T16:48:33Z	CAP6	3067	drumlin	5191	B	T	core_destroyed	93
2026-08-11T16:48:35Z	CAP6	3068	fjordgate	5191	A	T	core_destroyed	272
2026-08-11T16:48:36Z	CAP6	3069	fjordgate	5191	B	C	core_destroyed	175
2026-08-11T16:48:39Z	CAP6	3070	heart	5191	A	T	core_destroyed	198
2026-08-11T16:48:42Z	CAP6	3071	heart	5191	B	C	core_destroyed	159
2026-08-11T16:48:45Z	CAP6	3072	hive	5191	A	T	core_destroyed	238
2026-08-11T16:48:47Z	CAP6	3073	hive	5191	B	C	core_destroyed	116
2026-08-11T16:48:48Z	CAP6	3074	meander	5191	A	C	core_destroyed	139
2026-08-11T16:48:49Z	CAP6	3075	meander	5191	B	C	core_destroyed	190
2026-08-11T16:48:52Z	CAP6	3076	nordkap	5191	A	T	core_destroyed	299
2026-08-11T16:48:55Z	CAP6	3077	nordkap	5191	B	C	core_destroyed	217
2026-08-11T16:48:56Z	CAP6	3078	antler	5192	A	C	core_destroyed	111
2026-08-11T16:48:58Z	CAP6	3079	antler	5192	B	C	core_destroyed	103
2026-08-11T16:49:01Z	CAP6	3080	atoll	5192	A	T	tiebreak	1000
2026-08-11T16:49:03Z	CAP6	3081	atoll	5192	B	C	core_destroyed	225
2026-08-11T16:49:12Z	CAP6	3082	drumlin	5192	A	C	core_destroyed	767
2026-08-11T16:49:14Z	CAP6	3083	drumlin	5192	B	C	core_destroyed	138
2026-08-11T16:49:15Z	CAP6	3084	fjordgate	5192	A	T	core_destroyed	109
2026-08-11T16:49:16Z	CAP6	3085	fjordgate	5192	B	T	core_destroyed	173
2026-08-11T16:49:19Z	CAP6	3086	heart	5192	A	C	core_destroyed	241
2026-08-11T16:49:21Z	CAP6	3087	heart	5192	B	T	core_destroyed	155
2026-08-11T16:49:26Z	CAP6	3088	hive	5192	A	C	core_destroyed	326
2026-08-11T16:49:35Z	CAP6	3089	hive	5192	B	T	core_destroyed	653
2026-08-11T16:49:37Z	CAP6	3090	meander	5192	A	T	core_destroyed	144
2026-08-11T16:49:39Z	CAP6	3091	meander	5192	B	C	core_destroyed	186
2026-08-11T16:49:42Z	CAP6	3092	nordkap	5192	A	C	tiebreak	1000
2026-08-11T16:49:43Z	CAP6	3093	nordkap	5192	B	C	core_destroyed	121
2026-08-11T16:49:45Z	CAP6	3094	antler	5193	A	T	core_destroyed	196
2026-08-11T16:49:47Z	CAP6	3095	antler	5193	B	C	core_destroyed	155
2026-08-11T16:49:50Z	CAP6	3096	atoll	5193	A	T	core_destroyed	280
2026-08-11T16:49:52Z	CAP6	3097	atoll	5193	B	C	core_destroyed	197
2026-08-11T16:49:54Z	CAP6	3098	drumlin	5193	A	T	tiebreak	134
2026-08-11T16:49:56Z	CAP6	3099	drumlin	5193	B	T	core_destroyed	169
2026-08-11T16:49:57Z	CAP6	3100	fjordgate	5193	A	T	core_destroyed	312
2026-08-11T16:49:59Z	CAP6	3101	fjordgate	5193	B	C	core_destroyed	173
2026-08-11T16:50:05Z	CAP6	3102	heart	5193	A	C	core_destroyed	614
2026-08-11T16:50:12Z	CAP6	3103	heart	5193	B	C	core_destroyed	398
2026-08-11T16:50:15Z	CAP6	3104	hive	5193	A	C	core_destroyed	257
2026-08-11T16:50:20Z	CAP6	3105	hive	5193	B	C	core_destroyed	323
2026-08-11T16:50:22Z	CAP6	3106	meander	5193	A	C	core_destroyed	329
2026-08-11T16:50:24Z	CAP6	3107	meander	5193	B	C	core_destroyed	170
2026-08-11T16:50:28Z	CAP6	3108	nordkap	5193	A	T	core_destroyed	377
2026-08-11T16:50:32Z	CAP6	3109	nordkap	5193	B	T	core_destroyed	651
2026-08-11T16:50:33Z	CAP6	3110	antler	5194	A	T	core_destroyed	81
2026-08-11T16:50:37Z	CAP6	3111	antler	5194	B	T	core_destroyed	731
2026-08-11T16:50:40Z	CAP6	3112	atoll	5194	A	T	core_destroyed	202
2026-08-11T16:50:41Z	CAP6	3113	atoll	5194	B	C	core_destroyed	164
2026-08-11T16:50:46Z	CAP6	3114	drumlin	5194	A	T	core_destroyed	391
2026-08-11T16:50:51Z	CAP6	3115	drumlin	5194	B	C	core_destroyed	404
2026-08-11T16:50:53Z	CAP6	3116	fjordgate	5194	A	T	core_destroyed	553
2026-08-11T16:50:55Z	CAP6	3117	fjordgate	5194	B	T	core_destroyed	178
2026-08-11T16:50:59Z	CAP6	3118	heart	5194	A	C	core_destroyed	302
2026-08-11T16:51:23Z	CAP6	3119	heart	5194	B	C	tiebreak	1000
2026-08-11T16:51:29Z	CAP6	3120	hive	5194	A	T	core_destroyed	390
2026-08-11T16:51:31Z	CAP6	3121	hive	5194	B	T	core_destroyed	145
2026-08-11T16:51:34Z	CAP6	3122	meander	5194	A	C	core_destroyed	181
2026-08-11T16:51:36Z	CAP6	3123	meander	5194	B	C	core_destroyed	244
2026-08-11T16:51:39Z	CAP6	3124	nordkap	5194	A	C	core_destroyed	287
2026-08-11T16:51:42Z	CAP6	3125	nordkap	5194	B	C	core_destroyed	317
2026-08-11T16:51:44Z	CAP6	3126	antler	5195	A	T	core_destroyed	168
2026-08-11T16:51:47Z	CAP6	3127	antler	5195	B	C	core_destroyed	432
2026-08-11T16:51:51Z	CAP6	3128	atoll	5195	A	T	core_destroyed	315
2026-08-11T16:51:53Z	CAP6	3129	atoll	5195	B	C	core_destroyed	182
2026-08-11T16:51:56Z	CAP6	3130	drumlin	5195	A	T	core_destroyed	234
2026-08-11T16:51:58Z	CAP6	3131	drumlin	5195	B	C	core_destroyed	124
2026-08-11T16:51:59Z	CAP6	3132	fjordgate	5195	A	C	core_destroyed	118
2026-08-11T16:52:01Z	CAP6	3133	fjordgate	5195	B	T	core_destroyed	257
2026-08-11T16:52:04Z	CAP6	3134	heart	5195	A	T	core_destroyed	176
2026-08-11T16:52:07Z	CAP6	3135	heart	5195	B	C	core_destroyed	200
2026-08-11T16:52:13Z	CAP6	3136	hive	5195	A	C	core_destroyed	365
2026-08-11T16:52:16Z	CAP6	3137	hive	5195	B	T	core_destroyed	220
2026-08-11T16:52:17Z	CAP6	3138	meander	5195	A	C	core_destroyed	118
2026-08-11T16:52:19Z	CAP6	3139	meander	5195	B	T	core_destroyed	131
2026-08-11T16:52:20Z	CAP6	3140	nordkap	5195	A	T	core_destroyed	80
2026-08-11T16:52:22Z	CAP6	3141	nordkap	5195	B	T	core_destroyed	102
2026-08-11T16:52:24Z	CAP6	3142	antler	5196	A	T	core_destroyed	204
2026-08-11T16:52:26Z	CAP6	3143	antler	5196	B	T	core_destroyed	197
2026-08-11T16:52:27Z	CAP6	3144	atoll	5196	A	C	core_destroyed	106
2026-08-11T16:52:33Z	CAP6	3145	atoll	5196	B	C	core_destroyed	965
2026-08-11T16:52:35Z	CAP6	3146	drumlin	5196	A	T	core_destroyed	138
2026-08-11T16:52:37Z	CAP6	3147	drumlin	5196	B	C	core_destroyed	165
2026-08-11T16:52:38Z	CAP6	3148	fjordgate	5196	A	T	core_destroyed	213
2026-08-11T16:52:40Z	CAP6	3149	fjordgate	5196	B	C	core_destroyed	170
2026-08-11T16:52:46Z	CAP6	3150	heart	5196	A	T	core_destroyed	308
2026-08-11T16:53:09Z	CAP6	3151	heart	5196	B	C	tiebreak	1000
2026-08-11T16:53:12Z	CAP6	3152	hive	5196	A	C	core_destroyed	271
2026-08-11T16:53:13Z	CAP6	3153	hive	5196	B	T	core_destroyed	123
2026-08-11T16:53:17Z	CAP6	3154	meander	5196	A	T	core_destroyed	368
2026-08-11T16:53:19Z	CAP6	3155	meander	5196	B	T	core_destroyed	186
2026-08-11T16:53:21Z	CAP6	3156	nordkap	5196	A	C	core_destroyed	200
2026-08-11T16:53:23Z	CAP6	3157	nordkap	5196	B	T	core_destroyed	199
2026-08-11T16:53:26Z	CAP6	3158	antler	5197	A	T	core_destroyed	371
2026-08-11T16:53:29Z	CAP6	3159	antler	5197	B	C	core_destroyed	204
2026-08-11T16:53:31Z	CAP6	3160	atoll	5197	A	T	tiebreak	1000
2026-08-11T16:53:33Z	CAP6	3161	atoll	5197	B	T	core_destroyed	177
2026-08-11T16:53:41Z	CAP6	3162	drumlin	5197	A	C	core_destroyed	574
2026-08-11T16:53:44Z	CAP6	3163	drumlin	5197	B	C	core_destroyed	238
2026-08-11T16:53:45Z	CAP6	3164	fjordgate	5197	A	C	core_destroyed	108
2026-08-11T16:53:48Z	CAP6	3165	fjordgate	5197	B	C	core_destroyed	340
2026-08-11T16:53:52Z	CAP6	3166	heart	5197	A	T	core_destroyed	291
2026-08-11T16:54:03Z	CAP6	3167	heart	5197	B	C	tiebreak	1000
2026-08-11T16:54:06Z	CAP6	3168	hive	5197	A	C	core_destroyed	203
2026-08-11T16:54:08Z	CAP6	3169	hive	5197	B	C	core_destroyed	119
2026-08-11T16:54:09Z	CAP6	3170	meander	5197	A	T	core_destroyed	150
2026-08-11T16:54:11Z	CAP6	3171	meander	5197	B	C	core_destroyed	135
2026-08-11T16:54:14Z	CAP6	3172	nordkap	5197	A	C	core_destroyed	227
2026-08-11T16:54:17Z	CAP6	3173	nordkap	5197	B	T	core_destroyed	304
2026-08-11T16:54:19Z	CAP6	3174	antler	5198	A	T	core_destroyed	240
2026-08-11T16:54:22Z	CAP6	3175	antler	5198	B	C	core_destroyed	259
2026-08-11T16:54:24Z	CAP6	3176	atoll	5198	A	T	core_destroyed	390
2026-08-11T16:54:27Z	CAP6	3177	atoll	5198	B	T	core_destroyed	220
2026-08-11T16:54:29Z	CAP6	3178	drumlin	5198	A	T	core_destroyed	153
2026-08-11T16:54:35Z	CAP6	3179	drumlin	5198	B	T	core_destroyed	493
2026-08-11T16:54:37Z	CAP6	3180	fjordgate	5198	A	T	core_destroyed	174
2026-08-11T16:54:38Z	CAP6	3181	fjordgate	5198	B	C	core_destroyed	138
2026-08-11T16:54:40Z	CAP6	3182	heart	5198	A	C	core_destroyed	154
2026-08-11T16:54:44Z	CAP6	3183	heart	5198	B	T	core_destroyed	227
2026-08-11T16:54:49Z	CAP6	3184	hive	5198	A	T	core_destroyed	320
2026-08-11T16:54:55Z	CAP6	3185	hive	5198	B	C	core_destroyed	379
2026-08-11T16:54:57Z	CAP6	3186	meander	5198	A	C	core_destroyed	219
2026-08-11T16:54:59Z	CAP6	3187	meander	5198	B	T	core_destroyed	127
2026-08-11T16:55:00Z	CAP6	3188	nordkap	5198	A	T	core_destroyed	152
2026-08-11T16:55:03Z	CAP6	3189	nordkap	5198	B	T	core_destroyed	244
2026-08-11T16:55:06Z	CAP6	3190	antler	5199	A	T	core_destroyed	194
2026-08-11T16:55:07Z	CAP6	3191	antler	5199	B	T	core_destroyed	123
2026-08-11T16:55:17Z	CAP6	3192	atoll	5199	A	C	tiebreak	1000
2026-08-11T16:55:18Z	CAP6	3193	atoll	5199	B	T	core_destroyed	123
2026-08-11T16:55:20Z	CAP6	3194	drumlin	5199	A	T	core_destroyed	217
2026-08-11T16:55:22Z	CAP6	3195	drumlin	5199	B	C	core_destroyed	174
2026-08-11T16:55:24Z	CAP6	3196	fjordgate	5199	A	C	core_destroyed	108
2026-08-11T16:55:25Z	CAP6	3197	fjordgate	5199	B	C	core_destroyed	114
2026-08-11T16:55:28Z	CAP6	3198	heart	5199	A	C	core_destroyed	184
2026-08-11T16:55:30Z	CAP6	3199	heart	5199	B	C	core_destroyed	163
2026-08-11T16:55:32Z	CAP6	3200	hive	5199	A	T	core_destroyed	146
2026-08-11T16:55:35Z	CAP6	3201	hive	5199	B	T	core_destroyed	257
2026-08-11T16:55:36Z	CAP6	3202	meander	5199	A	T	core_destroyed	184
2026-08-11T16:55:38Z	CAP6	3203	meander	5199	B	T	core_destroyed	176
2026-08-11T16:55:40Z	CAP6	3204	nordkap	5199	A	T	core_destroyed	188
2026-08-11T16:55:42Z	CAP6	3205	nordkap	5199	B	C	core_destroyed	239
2026-08-11T16:55:45Z	CAP6	3206	antler	5200	A	T	core_destroyed	228
2026-08-11T16:55:46Z	CAP6	3207	antler	5200	B	C	core_destroyed	196
2026-08-11T16:55:50Z	CAP6	3208	atoll	5200	A	T	tiebreak	1000
2026-08-11T16:55:53Z	CAP6	3209	atoll	5200	B	C	core_destroyed	286
2026-08-11T16:55:55Z	CAP6	3210	drumlin	5200	A	T	core_destroyed	132
2026-08-11T16:55:57Z	CAP6	3211	drumlin	5200	B	C	core_destroyed	196
2026-08-11T16:55:59Z	CAP6	3212	fjordgate	5200	A	C	core_destroyed	175
2026-08-11T16:56:00Z	CAP6	3213	fjordgate	5200	B	C	core_destroyed	279
2026-08-11T16:56:11Z	CAP6	3214	heart	5200	A	T	tiebreak	1000
2026-08-11T16:56:13Z	CAP6	3215	heart	5200	B	C	core_destroyed	109
2026-08-11T16:56:15Z	CAP6	3216	hive	5200	A	C	core_destroyed	209
2026-08-11T16:56:19Z	CAP6	3217	hive	5200	B	T	core_destroyed	264
2026-08-11T16:56:20Z	CAP6	3218	meander	5200	A	T	core_destroyed	193
2026-08-11T16:56:22Z	CAP6	3219	meander	5200	B	C	core_destroyed	240
2026-08-11T16:56:24Z	CAP6	3220	nordkap	5200	A	T	core_destroyed	303
2026-08-11T16:56:27Z	CAP6	3221	nordkap	5200	B	C	core_destroyed	257
2026-08-11T16:56:29Z	CAP6	3222	antler	5201	A	C	core_destroyed	172
2026-08-11T16:56:31Z	CAP6	3223	antler	5201	B	C	core_destroyed	180
2026-08-11T16:56:32Z	CAP6	3224	atoll	5201	A	T	core_destroyed	104
2026-08-11T16:56:33Z	CAP6	3225	atoll	5201	B	C	core_destroyed	132
2026-08-11T16:56:35Z	CAP6	3226	drumlin	5201	A	T	core_destroyed	114
2026-08-11T16:56:38Z	CAP6	3227	drumlin	5201	B	C	core_destroyed	264
2026-08-11T16:56:39Z	CAP6	3228	fjordgate	5201	A	T	core_destroyed	191
2026-08-11T16:56:40Z	CAP6	3229	fjordgate	5201	B	T	core_destroyed	187
2026-08-11T16:56:55Z	CAP6	3230	heart	5201	A	C	core_destroyed	599
2026-08-11T16:56:57Z	CAP6	3231	heart	5201	B	C	core_destroyed	111
2026-08-11T16:57:03Z	CAP6	3232	hive	5201	A	T	core_destroyed	351
2026-08-11T16:57:07Z	CAP6	3233	hive	5201	B	T	core_destroyed	237
2026-08-11T16:57:08Z	CAP6	3234	meander	5201	A	C	core_destroyed	228
2026-08-11T16:57:11Z	CAP6	3235	meander	5201	B	C	core_destroyed	237
2026-08-11T16:57:12Z	CAP6	3236	nordkap	5201	A	T	core_destroyed	160
2026-08-11T16:57:16Z	CAP6	3237	nordkap	5201	B	C	core_destroyed	269
2026-08-11T16:57:19Z	CAP6	3238	antler	5202	A	T	core_destroyed	330
2026-08-11T16:57:20Z	CAP6	3239	antler	5202	B	C	core_destroyed	160
2026-08-11T16:57:24Z	CAP6	3240	atoll	5202	A	C	core_destroyed	399
2026-08-11T16:57:28Z	CAP6	3241	atoll	5202	B	C	core_destroyed	374
2026-08-11T16:57:33Z	CAP6	3242	drumlin	5202	A	T	core_destroyed	376
2026-08-11T16:57:36Z	CAP6	3243	drumlin	5202	B	C	core_destroyed	200
2026-08-11T16:57:38Z	CAP6	3244	fjordgate	5202	A	C	tiebreak	1000
2026-08-11T16:57:41Z	CAP6	3245	fjordgate	5202	B	C	tiebreak	1000
2026-08-11T16:57:47Z	CAP6	3246	heart	5202	A	C	core_destroyed	270
2026-08-11T16:57:49Z	CAP6	3247	heart	5202	B	T	core_destroyed	141
2026-08-11T16:57:52Z	CAP6	3248	hive	5202	A	T	core_destroyed	164
2026-08-11T16:57:56Z	CAP6	3249	hive	5202	B	T	core_destroyed	262
2026-08-11T16:57:57Z	CAP6	3250	meander	5202	A	T	core_destroyed	134
2026-08-11T16:58:00Z	CAP6	3251	meander	5202	B	C	core_destroyed	318
2026-08-11T16:58:01Z	CAP6	3252	nordkap	5202	A	T	core_destroyed	136
2026-08-11T16:58:03Z	CAP6	3253	nordkap	5202	B	T	core_destroyed	233
2026-08-11T16:58:05Z	CAP6	3254	antler	5203	A	T	core_destroyed	159
2026-08-11T16:58:08Z	CAP6	3255	antler	5203	B	C	core_destroyed	381
2026-08-11T16:58:10Z	CAP6	3256	atoll	5203	A	C	core_destroyed	118
2026-08-11T16:58:11Z	CAP6	3257	atoll	5203	B	T	core_destroyed	118
2026-08-11T16:58:15Z	CAP6	3258	drumlin	5203	A	C	core_destroyed	305
2026-08-11T16:58:18Z	CAP6	3259	drumlin	5203	B	T	core_destroyed	386
2026-08-11T16:58:20Z	CAP6	3260	fjordgate	5203	A	C	core_destroyed	501
2026-08-11T16:58:22Z	CAP6	3261	fjordgate	5203	B	C	core_destroyed	170
2026-08-11T16:58:24Z	CAP6	3262	heart	5203	A	T	core_destroyed	141
2026-08-11T16:58:28Z	CAP6	3263	heart	5203	B	C	core_destroyed	278
2026-08-11T16:58:33Z	CAP6	3264	hive	5203	A	T	core_destroyed	379
2026-08-11T16:58:40Z	CAP6	3265	hive	5203	B	C	core_destroyed	519
2026-08-11T16:58:43Z	CAP6	3266	meander	5203	A	C	core_destroyed	398
2026-08-11T16:58:45Z	CAP6	3267	meander	5203	B	T	core_destroyed	152
2026-08-11T16:58:49Z	CAP6	3268	nordkap	5203	A	T	core_destroyed	295
2026-08-11T16:58:51Z	CAP6	3269	nordkap	5203	B	T	core_destroyed	126
2026-08-11T16:58:52Z	CAP6	3270	antler	5204	A	C	core_destroyed	179
2026-08-11T16:58:54Z	CAP6	3271	antler	5204	B	T	core_destroyed	173
2026-08-11T16:58:57Z	CAP6	3272	atoll	5204	A	C	core_destroyed	317
2026-08-11T16:58:58Z	CAP6	3273	atoll	5204	B	T	core_destroyed	214
2026-08-11T16:59:02Z	CAP6	3274	drumlin	5204	A	T	core_destroyed	269
2026-08-11T16:59:04Z	CAP6	3275	drumlin	5204	B	C	core_destroyed	183
2026-08-11T16:59:06Z	CAP6	3276	fjordgate	5204	A	C	core_destroyed	182
2026-08-11T16:59:07Z	CAP6	3277	fjordgate	5204	B	C	core_destroyed	137
2026-08-11T16:59:12Z	CAP6	3278	heart	5204	A	C	core_destroyed	277
2026-08-11T16:59:17Z	CAP6	3279	heart	5204	B	T	tiebreak	1000
2026-08-11T16:59:20Z	CAP6	3280	hive	5204	A	C	core_destroyed	183
2026-08-11T16:59:24Z	CAP6	3281	hive	5204	B	C	core_destroyed	325
2026-08-11T16:59:25Z	CAP6	3282	meander	5204	A	C	core_destroyed	118
2026-08-11T16:59:27Z	CAP6	3283	meander	5204	B	T	core_destroyed	186
2026-08-11T16:59:28Z	CAP6	3284	nordkap	5204	A	T	core_destroyed	202
2026-08-11T16:59:33Z	CAP6	3285	nordkap	5204	B	T	core_destroyed	421
2026-08-11T16:59:35Z	CAP6	3286	antler	5205	A	C	core_destroyed	236
2026-08-11T16:59:41Z	CAP6	3287	antler	5205	B	T	tiebreak	1000
2026-08-11T16:59:42Z	CAP6	3288	atoll	5205	A	C	core_destroyed	358
2026-08-11T16:59:45Z	CAP6	3289	atoll	5205	B	C	core_destroyed	544
2026-08-11T16:59:46Z	CAP6	3290	drumlin	5205	A	C	core_destroyed	131
2026-08-11T16:59:49Z	CAP6	3291	drumlin	5205	B	C	core_destroyed	266
2026-08-11T16:59:50Z	CAP6	3292	fjordgate	5205	A	T	core_destroyed	181
2026-08-11T16:59:52Z	CAP6	3293	fjordgate	5205	B	T	core_destroyed	255
2026-08-11T16:59:58Z	CAP6	3294	heart	5205	A	C	core_destroyed	340
2026-08-11T17:00:01Z	CAP6	3295	heart	5205	B	C	core_destroyed	174
2026-08-11T17:00:05Z	CAP6	3296	hive	5205	A	T	core_destroyed	261
2026-08-11T17:00:09Z	CAP6	3297	hive	5205	B	T	core_destroyed	228
2026-08-11T17:00:10Z	CAP6	3298	meander	5205	A	T	core_destroyed	163
2026-08-11T17:00:12Z	CAP6	3299	meander	5205	B	T	core_destroyed	214
2026-08-11T17:00:14Z	CAP6	3300	nordkap	5205	A	T	core_destroyed	121
2026-08-11T17:00:17Z	CAP6	3301	nordkap	5205	B	T	core_destroyed	283
2026-08-11T17:00:19Z	CAP6	3302	antler	5206	A	T	core_destroyed	199
2026-08-11T17:00:21Z	CAP6	3303	antler	5206	B	C	core_destroyed	200
2026-08-11T17:00:27Z	CAP6	3304	atoll	5206	A	C	core_destroyed	640
2026-08-11T17:00:29Z	CAP6	3305	atoll	5206	B	C	core_destroyed	163
2026-08-11T17:00:31Z	CAP6	3306	drumlin	5206	A	T	core_destroyed	167
2026-08-11T17:00:35Z	CAP6	3307	drumlin	5206	B	T	core_destroyed	314
2026-08-11T17:00:37Z	CAP6	3308	fjordgate	5206	A	T	core_destroyed	134
2026-08-11T17:00:39Z	CAP6	3309	fjordgate	5206	B	C	core_destroyed	314
2026-08-11T17:00:41Z	CAP6	3310	heart	5206	A	T	core_destroyed	132
2026-08-11T17:00:43Z	CAP6	3311	heart	5206	B	T	core_destroyed	172
2026-08-11T17:00:49Z	CAP6	3312	hive	5206	A	C	core_destroyed	401
2026-08-11T17:00:51Z	CAP6	3313	hive	5206	B	C	core_destroyed	124
2026-08-11T17:00:53Z	CAP6	3314	meander	5206	A	T	core_destroyed	215
2026-08-11T17:00:55Z	CAP6	3315	meander	5206	B	T	core_destroyed	166
2026-08-11T17:00:57Z	CAP6	3316	nordkap	5206	A	T	core_destroyed	121
2026-08-11T17:01:00Z	CAP6	3317	nordkap	5206	B	C	core_destroyed	248
2026-08-11T17:01:01Z	CAP6	3318	antler	5207	A	T	core_destroyed	273
2026-08-11T17:01:03Z	CAP6	3319	antler	5207	B	C	core_destroyed	132
2026-08-11T17:01:04Z	CAP6	3320	atoll	5207	A	C	core_destroyed	91
2026-08-11T17:01:07Z	CAP6	3321	atoll	5207	B	T	tiebreak	1000
2026-08-11T17:01:10Z	CAP6	3322	drumlin	5207	A	C	core_destroyed	317
2026-08-11T17:01:13Z	CAP6	3323	drumlin	5207	B	T	core_destroyed	313
2026-08-11T17:01:14Z	CAP6	3324	fjordgate	5207	A	T	core_destroyed	178
2026-08-11T17:01:16Z	CAP6	3325	fjordgate	5207	B	C	core_destroyed	118
2026-08-11T17:01:18Z	CAP6	3326	heart	5207	A	T	core_destroyed	186
2026-08-11T17:01:22Z	CAP6	3327	heart	5207	B	C	core_destroyed	429
2026-08-11T17:01:24Z	CAP6	3328	hive	5207	A	T	core_destroyed	177
2026-08-11T17:01:27Z	CAP6	3329	hive	5207	B	C	core_destroyed	145
2026-08-11T17:01:28Z	CAP6	3330	meander	5207	A	T	core_destroyed	181
2026-08-11T17:01:30Z	CAP6	3331	meander	5207	B	T	core_destroyed	227
2026-08-11T17:01:32Z	CAP6	3332	nordkap	5207	A	T	core_destroyed	229
2026-08-11T17:01:35Z	CAP6	3333	nordkap	5207	B	T	core_destroyed	283
2026-08-11T17:01:39Z	CAP6	3334	antler	5208	A	T	core_destroyed	618
2026-08-11T17:01:40Z	CAP6	3335	antler	5208	B	T	core_destroyed	189
2026-08-11T17:01:44Z	CAP6	3336	atoll	5208	A	T	core_destroyed	335
2026-08-11T17:01:48Z	CAP6	3337	atoll	5208	B	C	core_destroyed	678
2026-08-11T17:01:52Z	CAP6	3338	drumlin	5208	A	C	core_destroyed	285
2026-08-11T17:01:54Z	CAP6	3339	drumlin	5208	B	C	core_destroyed	201
2026-08-11T17:01:56Z	CAP6	3340	fjordgate	5208	A	T	core_destroyed	229
2026-08-11T17:01:58Z	CAP6	3341	fjordgate	5208	B	C	core_destroyed	427
2026-08-11T17:02:06Z	CAP6	3342	heart	5208	A	T	core_destroyed	526
2026-08-11T17:02:08Z	CAP6	3343	heart	5208	B	C	core_destroyed	130
2026-08-11T17:02:13Z	CAP6	3344	hive	5208	A	T	core_destroyed	331
2026-08-11T17:02:18Z	CAP6	3345	hive	5208	B	T	core_destroyed	460
2026-08-11T17:02:20Z	CAP6	3346	meander	5208	A	T	core_destroyed	157
2026-08-11T17:02:22Z	CAP6	3347	meander	5208	B	C	core_destroyed	211
2026-08-11T17:02:23Z	CAP6	3348	nordkap	5208	A	C	core_destroyed	161
2026-08-11T17:02:25Z	CAP6	3349	nordkap	5208	B	C	core_destroyed	285
2026-08-11T17:02:28Z	CAP6	3350	antler	5209	A	C	core_destroyed	274
2026-08-11T17:02:30Z	CAP6	3351	antler	5209	B	T	core_destroyed	249
2026-08-11T17:02:32Z	CAP6	3352	atoll	5209	A	T	core_destroyed	248
2026-08-11T17:02:33Z	CAP6	3353	atoll	5209	B	T	core_destroyed	226
2026-08-11T17:02:36Z	CAP6	3354	drumlin	5209	A	C	core_destroyed	413
2026-08-11T17:02:40Z	CAP6	3355	drumlin	5209	B	T	core_destroyed	333
2026-08-11T17:02:41Z	CAP6	3356	fjordgate	5209	A	T	core_destroyed	239
2026-08-11T17:02:43Z	CAP6	3357	fjordgate	5209	B	C	core_destroyed	158
2026-08-11T17:02:50Z	CAP6	3358	heart	5209	A	T	core_destroyed	552
2026-08-11T17:03:00Z	CAP6	3359	heart	5209	B	T	tiebreak	1000
2026-08-11T17:03:04Z	CAP6	3360	hive	5209	A	C	core_destroyed	216
2026-08-11T17:03:09Z	CAP6	3361	hive	5209	B	T	core_destroyed	328
2026-08-11T17:03:11Z	CAP6	3362	meander	5209	A	T	core_destroyed	160
2026-08-11T17:03:12Z	CAP6	3363	meander	5209	B	C	core_destroyed	110
2026-08-11T17:03:14Z	CAP6	3364	nordkap	5209	A	T	core_destroyed	190
2026-08-11T17:03:16Z	CAP6	3365	nordkap	5209	B	C	core_destroyed	137
2026-08-11T17:03:17Z	CAP6	3366	antler	5210	A	T	core_destroyed	350
2026-08-11T17:03:19Z	CAP6	3367	antler	5210	B	T	core_destroyed	129
2026-08-11T17:03:22Z	CAP6	3368	atoll	5210	A	C	core_destroyed	302
2026-08-11T17:03:24Z	CAP6	3369	atoll	5210	B	C	core_destroyed	258
2026-08-11T17:03:28Z	CAP6	3370	drumlin	5210	A	C	core_destroyed	240
2026-08-11T17:03:29Z	CAP6	3371	drumlin	5210	B	C	core_destroyed	161
2026-08-11T17:03:31Z	CAP6	3372	fjordgate	5210	A	T	core_destroyed	197
2026-08-11T17:03:32Z	CAP6	3373	fjordgate	5210	B	C	core_destroyed	164
2026-08-11T17:03:35Z	CAP6	3374	heart	5210	A	C	core_destroyed	171
2026-08-11T17:03:38Z	CAP6	3375	heart	5210	B	T	core_destroyed	292
2026-08-11T17:03:43Z	CAP6	3376	hive	5210	A	T	core_destroyed	310
2026-08-11T17:03:46Z	CAP6	3377	hive	5210	B	T	core_destroyed	211
2026-08-11T17:03:49Z	CAP6	3378	meander	5210	A	C	core_destroyed	266
2026-08-11T17:03:50Z	CAP6	3379	meander	5210	B	T	core_destroyed	162
2026-08-11T17:03:54Z	CAP6	3380	nordkap	5210	A	C	core_destroyed	338
2026-08-11T17:03:57Z	CAP6	3381	nordkap	5210	B	T	core_destroyed	282
2026-08-11T17:03:58Z	CAP6	3382	antler	5211	A	T	core_destroyed	97
2026-08-11T17:04:00Z	CAP6	3383	antler	5211	B	C	core_destroyed	295
2026-08-11T17:04:02Z	CAP6	3384	atoll	5211	A	T	core_destroyed	890
2026-08-11T17:04:03Z	CAP6	3385	atoll	5211	B	C	core_destroyed	112
2026-08-11T17:04:06Z	CAP6	3386	drumlin	5211	A	C	core_destroyed	222
2026-08-11T17:04:07Z	CAP6	3387	drumlin	5211	B	T	core_destroyed	149
2026-08-11T17:04:09Z	CAP6	3388	fjordgate	5211	A	T	core_destroyed	225
2026-08-11T17:04:10Z	CAP6	3389	fjordgate	5211	B	C	core_destroyed	132
2026-08-11T17:04:12Z	CAP6	3390	heart	5211	A	T	core_destroyed	189
2026-08-11T17:04:33Z	CAP6	3391	heart	5211	B	T	tiebreak	1000
2026-08-11T17:04:38Z	CAP6	3392	hive	5211	A	T	core_destroyed	288
2026-08-11T17:04:42Z	CAP6	3393	hive	5211	B	T	core_destroyed	293
2026-08-11T17:04:44Z	CAP6	3394	meander	5211	A	T	core_destroyed	160
2026-08-11T17:04:46Z	CAP6	3395	meander	5211	B	T	core_destroyed	169
2026-08-11T17:04:47Z	CAP6	3396	nordkap	5211	A	T	core_destroyed	177
2026-08-11T17:04:49Z	CAP6	3397	nordkap	5211	B	T	core_destroyed	217
2026-08-11T17:04:51Z	CAP6	3398	antler	5212	A	C	core_destroyed	451
2026-08-11T17:04:53Z	CAP6	3399	antler	5212	B	T	core_destroyed	469
2026-08-11T17:04:55Z	CAP6	3400	atoll	5212	A	T	tiebreak	1000
2026-08-11T17:04:57Z	CAP6	3401	atoll	5212	B	C	core_destroyed	145
2026-08-11T17:04:58Z	CAP6	3402	drumlin	5212	A	C	core_destroyed	108
2026-08-11T17:04:59Z	CAP6	3403	drumlin	5212	B	C	core_destroyed	88
2026-08-11T17:05:01Z	CAP6	3404	fjordgate	5212	A	T	core_destroyed	184
2026-08-11T17:05:05Z	CAP6	3405	fjordgate	5212	B	C	core_destroyed	238
2026-08-11T17:05:09Z	CAP6	3406	heart	5212	A	T	core_destroyed	189
2026-08-11T17:05:13Z	CAP6	3407	heart	5212	B	C	core_destroyed	296
2026-08-11T17:05:18Z	CAP6	3408	hive	5212	A	C	core_destroyed	328
2026-08-11T17:05:21Z	CAP6	3409	hive	5212	B	T	core_destroyed	190
2026-08-11T17:05:23Z	CAP6	3410	meander	5212	A	C	core_destroyed	228
2026-08-11T17:05:24Z	CAP6	3411	meander	5212	B	T	core_destroyed	200
2026-08-11T17:05:27Z	CAP6	3412	nordkap	5212	A	C	core_destroyed	270
2026-08-11T17:05:30Z	CAP6	3413	nordkap	5212	B	C	core_destroyed	294
2026-08-11T17:05:32Z	CAP6	3414	antler	5213	A	T	core_destroyed	287
2026-08-11T17:05:35Z	CAP6	3415	antler	5213	B	T	core_destroyed	168
2026-08-11T17:05:38Z	CAP6	3416	atoll	5213	A	T	core_destroyed	328
2026-08-11T17:05:42Z	CAP6	3417	atoll	5213	B	C	tiebreak	1000
2026-08-11T17:05:43Z	CAP6	3418	drumlin	5213	A	T	core_destroyed	176
2026-08-11T17:05:49Z	CAP6	3419	drumlin	5213	B	T	core_destroyed	481
2026-08-11T17:05:50Z	CAP6	3420	fjordgate	5213	A	T	core_destroyed	132
2026-08-11T17:05:51Z	CAP6	3421	fjordgate	5213	B	T	core_destroyed	138
2026-08-11T17:05:53Z	CAP6	3422	heart	5213	A	T	core_destroyed	129
2026-08-11T17:05:55Z	CAP6	3423	heart	5213	B	T	core_destroyed	146
2026-08-11T17:05:57Z	CAP6	3424	hive	5213	A	T	core_destroyed	109
2026-08-11T17:06:05Z	CAP6	3425	hive	5213	B	C	core_destroyed	597
2026-08-11T17:06:06Z	CAP6	3426	meander	5213	A	T	core_destroyed	139
2026-08-11T17:06:08Z	CAP6	3427	meander	5213	B	C	core_destroyed	170
2026-08-11T17:06:09Z	CAP6	3428	nordkap	5213	A	C	core_destroyed	92
2026-08-11T17:06:13Z	CAP6	3429	nordkap	5213	B	T	core_destroyed	313
2026-08-11T17:06:14Z	CAP6	3430	antler	5214	A	T	core_destroyed	115
2026-08-11T17:06:17Z	CAP6	3431	antler	5214	B	C	core_destroyed	537
2026-08-11T17:06:19Z	CAP6	3432	atoll	5214	A	T	core_destroyed	191
2026-08-11T17:06:22Z	CAP6	3433	atoll	5214	B	T	core_destroyed	417
2026-08-11T17:06:24Z	CAP6	3434	drumlin	5214	A	C	core_destroyed	236
2026-08-11T17:06:26Z	CAP6	3435	drumlin	5214	B	C	core_destroyed	138
2026-08-11T17:06:30Z	CAP6	3436	fjordgate	5214	A	C	tiebreak	1000
2026-08-11T17:06:31Z	CAP6	3437	fjordgate	5214	B	T	core_destroyed	131
2026-08-11T17:06:38Z	CAP6	3438	heart	5214	A	C	core_destroyed	540
2026-08-11T17:06:49Z	CAP6	3439	heart	5214	B	T	core_destroyed	599
2026-08-11T17:06:54Z	CAP6	3440	hive	5214	A	C	core_destroyed	326
2026-08-11T17:06:59Z	CAP6	3441	hive	5214	B	C	core_destroyed	349
2026-08-11T17:07:00Z	CAP6	3442	meander	5214	A	C	core_destroyed	148
2026-08-11T17:07:02Z	CAP6	3443	meander	5214	B	C	core_destroyed	202
2026-08-11T17:07:03Z	CAP6	3444	nordkap	5214	A	T	core_destroyed	105
2026-08-11T17:07:06Z	CAP6	3445	nordkap	5214	B	T	core_destroyed	267
2026-08-11T17:07:08Z	CAP6	3446	antler	5215	A	C	core_destroyed	233
2026-08-11T17:07:10Z	CAP6	3447	antler	5215	B	T	core_destroyed	240
2026-08-11T17:07:12Z	CAP6	3448	atoll	5215	A	T	core_destroyed	135
2026-08-11T17:07:14Z	CAP6	3449	atoll	5215	B	T	core_destroyed	209
2026-08-11T17:07:16Z	CAP6	3450	drumlin	5215	A	T	core_destroyed	170
2026-08-11T17:07:19Z	CAP6	3451	drumlin	5215	B	C	core_destroyed	257
2026-08-11T17:07:21Z	CAP6	3452	fjordgate	5215	A	T	core_destroyed	365
2026-08-11T17:07:22Z	CAP6	3453	fjordgate	5215	B	C	core_destroyed	152
2026-08-11T17:07:26Z	CAP6	3454	heart	5215	A	C	core_destroyed	212
2026-08-11T17:07:29Z	CAP6	3455	heart	5215	B	C	core_destroyed	278
2026-08-11T17:07:32Z	CAP6	3456	hive	5215	A	C	core_destroyed	203
2026-08-11T17:07:35Z	CAP6	3457	hive	5215	B	T	core_destroyed	179
2026-08-11T17:07:38Z	CAP6	3458	meander	5215	A	T	core_destroyed	260
2026-08-11T17:07:40Z	CAP6	3459	meander	5215	B	C	core_destroyed	302
2026-08-11T17:07:43Z	CAP6	3460	nordkap	5215	A	T	core_destroyed	226
2026-08-11T17:07:47Z	CAP6	3461	nordkap	5215	B	C	core_destroyed	516
2026-08-11T17:07:49Z	CAP6	3462	antler	5216	A	T	core_destroyed	418
2026-08-11T17:07:50Z	CAP6	3463	antler	5216	B	T	core_destroyed	378
2026-08-11T17:07:52Z	CAP6	3464	atoll	5216	A	T	core_destroyed	171
2026-08-11T17:07:54Z	CAP6	3465	atoll	5216	B	C	core_destroyed	135
2026-08-11T17:07:59Z	CAP6	3466	drumlin	5216	A	C	core_destroyed	383
2026-08-11T17:08:01Z	CAP6	3467	drumlin	5216	B	C	core_destroyed	192
2026-08-11T17:08:03Z	CAP6	3468	fjordgate	5216	A	C	tiebreak	1000
2026-08-11T17:08:04Z	CAP6	3469	fjordgate	5216	B	C	core_destroyed	196
2026-08-11T17:08:07Z	CAP6	3470	heart	5216	A	C	core_destroyed	154
2026-08-11T17:08:10Z	CAP6	3471	heart	5216	B	T	core_destroyed	268
2026-08-11T17:08:12Z	CAP6	3472	hive	5216	A	C	core_destroyed	132
2026-08-11T17:08:17Z	CAP6	3473	hive	5216	B	T	core_destroyed	288
2026-08-11T17:08:18Z	CAP6	3474	meander	5216	A	T	core_destroyed	130
2026-08-11T17:08:21Z	CAP6	3475	meander	5216	B	C	core_destroyed	297
2026-08-11T17:08:22Z	CAP6	3476	nordkap	5216	A	T	core_destroyed	95
2026-08-11T17:08:25Z	CAP6	3477	nordkap	5216	B	C	core_destroyed	207
2026-08-11T17:08:27Z	CAP6	3478	antler	5217	A	T	core_destroyed	249
2026-08-11T17:08:29Z	CAP6	3479	antler	5217	B	C	core_destroyed	151
2026-08-11T17:08:31Z	CAP6	3480	atoll	5217	A	C	core_destroyed	265
2026-08-11T17:08:33Z	CAP6	3481	atoll	5217	B	C	tiebreak	1000
2026-08-11T17:08:35Z	CAP6	3482	drumlin	5217	A	T	core_destroyed	116
2026-08-11T17:08:37Z	CAP6	3483	drumlin	5217	B	C	core_destroyed	169
2026-08-11T17:08:38Z	CAP6	3484	fjordgate	5217	A	C	core_destroyed	142
2026-08-11T17:08:39Z	CAP6	3485	fjordgate	5217	B	C	core_destroyed	158
2026-08-11T17:08:42Z	CAP6	3486	heart	5217	A	T	core_destroyed	150
2026-08-11T17:08:47Z	CAP6	3487	heart	5217	B	T	core_destroyed	254
2026-08-11T17:08:51Z	CAP6	3488	hive	5217	A	T	core_destroyed	345
2026-08-11T17:08:53Z	CAP6	3489	hive	5217	B	T	core_destroyed	162
2026-08-11T17:08:54Z	CAP6	3490	meander	5217	A	C	core_destroyed	182
2026-08-11T17:08:56Z	CAP6	3491	meander	5217	B	T	core_destroyed	137
2026-08-11T17:08:58Z	CAP6	3492	nordkap	5217	A	C	core_destroyed	263
2026-08-11T17:09:00Z	CAP6	3493	nordkap	5217	B	C	core_destroyed	114
2026-08-11T17:09:02Z	CAP6	3494	antler	5218	A	C	core_destroyed	186
2026-08-11T17:09:04Z	CAP6	3495	antler	5218	B	T	core_destroyed	421
2026-08-11T17:09:07Z	CAP6	3496	atoll	5218	A	C	core_destroyed	276
2026-08-11T17:09:09Z	CAP6	3497	atoll	5218	B	T	core_destroyed	434
2026-08-11T17:09:13Z	CAP6	3498	drumlin	5218	A	C	core_destroyed	413
2026-08-11T17:09:18Z	CAP6	3499	drumlin	5218	B	T	core_destroyed	458
2026-08-11T17:09:19Z	CAP6	3500	fjordgate	5218	A	T	core_destroyed	184
2026-08-11T17:09:21Z	CAP6	3501	fjordgate	5218	B	C	core_destroyed	222
2026-08-11T17:09:24Z	CAP6	3502	heart	5218	A	C	core_destroyed	174
2026-08-11T17:09:28Z	CAP6	3503	heart	5218	B	C	core_destroyed	238
2026-08-11T17:09:30Z	CAP6	3504	hive	5218	A	C	core_destroyed	168
2026-08-11T17:09:34Z	CAP6	3505	hive	5218	B	T	core_destroyed	242
2026-08-11T17:09:35Z	CAP6	3506	meander	5218	A	T	core_destroyed	154
2026-08-11T17:09:37Z	CAP6	3507	meander	5218	B	C	core_destroyed	192
2026-08-11T17:09:39Z	CAP6	3508	nordkap	5218	A	T	core_destroyed	293
2026-08-11T17:09:41Z	CAP6	3509	nordkap	5218	B	T	core_destroyed	292
2026-08-11T17:09:43Z	CAP6	3510	antler	5219	A	T	core_destroyed	123
2026-08-11T17:09:45Z	CAP6	3511	antler	5219	B	C	core_destroyed	138
2026-08-11T17:09:46Z	CAP6	3512	atoll	5219	A	C	core_destroyed	209
2026-08-11T17:09:48Z	CAP6	3513	atoll	5219	B	T	core_destroyed	149
2026-08-11T17:09:51Z	CAP6	3514	drumlin	5219	A	C	core_destroyed	224
2026-08-11T17:09:53Z	CAP6	3515	drumlin	5219	B	C	core_destroyed	135
2026-08-11T17:09:54Z	CAP6	3516	fjordgate	5219	A	T	core_destroyed	179
2026-08-11T17:09:56Z	CAP6	3517	fjordgate	5219	B	T	core_destroyed	179
2026-08-11T17:09:58Z	CAP6	3518	heart	5219	A	C	core_destroyed	202
2026-08-11T17:10:01Z	CAP6	3519	heart	5219	B	T	core_destroyed	202
2026-08-11T17:10:05Z	CAP6	3520	hive	5219	A	T	core_destroyed	235
2026-08-11T17:10:09Z	CAP6	3521	hive	5219	B	T	core_destroyed	272
2026-08-11T17:10:11Z	CAP6	3522	meander	5219	A	T	core_destroyed	244
2026-08-11T17:10:14Z	CAP6	3523	meander	5219	B	T	core_destroyed	223
2026-08-11T17:10:16Z	CAP6	3524	nordkap	5219	A	T	core_destroyed	208
2026-08-11T17:10:19Z	CAP6	3525	nordkap	5219	B	C	core_destroyed	274
2026-08-11T17:10:21Z	CAP6	3526	antler	5220	A	T	core_destroyed	115
2026-08-11T17:10:23Z	CAP6	3527	antler	5220	B	C	core_destroyed	174
2026-08-11T17:10:27Z	CAP6	3528	atoll	5220	A	C	core_destroyed	407
2026-08-11T17:10:28Z	CAP6	3529	atoll	5220	B	T	core_destroyed	100
2026-08-11T17:10:30Z	CAP6	3530	drumlin	5220	A	C	core_destroyed	272
2026-08-11T17:10:32Z	CAP6	3531	drumlin	5220	B	T	core_destroyed	140
2026-08-11T17:10:34Z	CAP6	3532	fjordgate	5220	A	T	core_destroyed	114
2026-08-11T17:10:36Z	CAP6	3533	fjordgate	5220	B	T	core_destroyed	332
2026-08-11T17:10:37Z	CAP6	3534	heart	5220	A	T	core_destroyed	131
2026-08-11T17:10:40Z	CAP6	3535	heart	5220	B	C	core_destroyed	170
2026-08-11T17:10:42Z	CAP6	3536	hive	5220	A	C	core_destroyed	121
2026-08-11T17:10:45Z	CAP6	3537	hive	5220	B	T	core_destroyed	423
2026-08-11T17:10:46Z	CAP6	3538	meander	5220	A	T	core_destroyed	112
2026-08-11T17:10:47Z	CAP6	3539	meander	5220	B	T	core_destroyed	120
2026-08-11T17:10:49Z	CAP6	3540	nordkap	5220	A	T	core_destroyed	110
2026-08-11T17:10:51Z	CAP6	3541	nordkap	5220	B	T	core_destroyed	263
2026-08-11T17:10:54Z	CAP6	3542	antler	5221	A	T	core_destroyed	314
2026-08-11T17:10:56Z	CAP6	3543	antler	5221	B	T	core_destroyed	583
2026-08-11T17:11:01Z	CAP6	3544	atoll	5221	A	C	core_destroyed	811
2026-08-11T17:11:07Z	CAP6	3545	atoll	5221	B	T	tiebreak	1000
2026-08-11T17:11:11Z	CAP6	3546	drumlin	5221	A	C	core_destroyed	314
2026-08-11T17:11:14Z	CAP6	3547	drumlin	5221	B	T	core_destroyed	376
2026-08-11T17:11:16Z	CAP6	3548	fjordgate	5221	A	T	core_destroyed	225
2026-08-11T17:11:19Z	CAP6	3549	fjordgate	5221	B	T	core_destroyed	734
2026-08-11T17:11:24Z	CAP6	3550	heart	5221	A	C	core_destroyed	389
2026-08-11T17:11:29Z	CAP6	3551	heart	5221	B	T	core_destroyed	278
2026-08-11T17:11:30Z	CAP6	3552	hive	5221	A	C	core_destroyed	132
2026-08-11T17:11:37Z	CAP6	3553	hive	5221	B	C	core_destroyed	393
2026-08-11T17:11:39Z	CAP6	3554	meander	5221	A	T	core_destroyed	184
2026-08-11T17:11:41Z	CAP6	3555	meander	5221	B	C	core_destroyed	229
2026-08-11T17:11:42Z	CAP6	3556	nordkap	5221	A	T	core_destroyed	171
2026-08-11T17:11:44Z	CAP6	3557	nordkap	5221	B	C	core_destroyed	132
2026-08-11T17:11:45Z	CAP6	3558	antler	5222	A	C	core_destroyed	249
2026-08-11T17:11:48Z	CAP6	3559	antler	5222	B	C	core_destroyed	263
2026-08-11T17:11:50Z	CAP6	3560	atoll	5222	A	T	core_destroyed	302
2026-08-11T17:11:52Z	CAP6	3561	atoll	5222	B	C	core_destroyed	174
2026-08-11T17:11:56Z	CAP6	3562	drumlin	5222	A	C	core_destroyed	357
2026-08-11T17:11:59Z	CAP6	3563	drumlin	5222	B	C	core_destroyed	295
2026-08-11T17:12:01Z	CAP6	3564	fjordgate	5222	A	T	core_destroyed	266
2026-08-11T17:12:03Z	CAP6	3565	fjordgate	5222	B	C	core_destroyed	187
2026-08-11T17:12:05Z	CAP6	3566	heart	5222	A	T	core_destroyed	175
2026-08-11T17:12:08Z	CAP6	3567	heart	5222	B	T	core_destroyed	164
2026-08-11T17:12:11Z	CAP6	3568	hive	5222	A	T	core_destroyed	200
2026-08-11T17:12:13Z	CAP6	3569	hive	5222	B	T	core_destroyed	148
2026-08-11T17:12:15Z	CAP6	3570	meander	5222	A	C	core_destroyed	269
2026-08-11T17:12:17Z	CAP6	3571	meander	5222	B	C	core_destroyed	147
2026-08-11T17:12:18Z	CAP6	3572	nordkap	5222	A	C	core_destroyed	213
2026-08-11T17:12:24Z	CAP6	3573	nordkap	5222	B	C	tiebreak	1000
2026-08-11T17:12:26Z	CAP6	3574	antler	5223	A	C	core_destroyed	250
2026-08-11T17:12:28Z	CAP6	3575	antler	5223	B	C	core_destroyed	252
2026-08-11T17:12:32Z	CAP6	3576	atoll	5223	A	T	tiebreak	1000
2026-08-11T17:12:34Z	CAP6	3577	atoll	5223	B	T	core_destroyed	380
2026-08-11T17:12:39Z	CAP6	3578	drumlin	5223	A	T	core_destroyed	339
2026-08-11T17:12:42Z	CAP6	3579	drumlin	5223	B	C	core_destroyed	334
2026-08-11T17:12:43Z	CAP6	3580	fjordgate	5223	A	T	core_destroyed	136
2026-08-11T17:12:45Z	CAP6	3581	fjordgate	5223	B	C	core_destroyed	348
2026-08-11T17:12:48Z	CAP6	3582	heart	5223	A	T	core_destroyed	182
2026-08-11T17:12:50Z	CAP6	3583	heart	5223	B	T	core_destroyed	143
2026-08-11T17:12:52Z	CAP6	3584	hive	5223	A	C	core_destroyed	168
2026-08-11T17:12:58Z	CAP6	3585	hive	5223	B	C	core_destroyed	426
2026-08-11T17:12:59Z	CAP6	3586	meander	5223	A	T	core_destroyed	144
2026-08-11T17:13:00Z	CAP6	3587	meander	5223	B	T	core_destroyed	95
2026-08-11T17:13:03Z	CAP6	3588	nordkap	5223	A	C	core_destroyed	198
2026-08-11T17:13:04Z	CAP6	3589	nordkap	5223	B	T	core_destroyed	152
2026-08-11T17:13:06Z	CAP6	3590	antler	5224	A	T	core_destroyed	282
2026-08-11T17:13:08Z	CAP6	3591	antler	5224	B	C	core_destroyed	162
2026-08-11T17:13:12Z	CAP6	3592	atoll	5224	A	T	core_destroyed	362
2026-08-11T17:13:15Z	CAP6	3593	atoll	5224	B	T	core_destroyed	593
2026-08-11T17:13:18Z	CAP6	3594	drumlin	5224	A	T	core_destroyed	228
2026-08-11T17:13:21Z	CAP6	3595	drumlin	5224	B	C	core_destroyed	270
2026-08-11T17:13:22Z	CAP6	3596	fjordgate	5224	A	T	core_destroyed	140
2026-08-11T17:13:23Z	CAP6	3597	fjordgate	5224	B	T	core_destroyed	132
2026-08-11T17:13:26Z	CAP6	3598	heart	5224	A	T	core_destroyed	198
2026-08-11T17:13:28Z	CAP6	3599	heart	5224	B	T	core_destroyed	141
2026-08-11T17:13:33Z	CAP6	3600	hive	5224	A	T	core_destroyed	326
2026-08-11T17:13:35Z	CAP6	3601	hive	5224	B	C	core_destroyed	133
2026-08-11T17:13:44Z	CAP6	3602	meander	5224	A	C	tiebreak	1000
2026-08-11T17:13:46Z	CAP6	3603	meander	5224	B	C	core_destroyed	185
2026-08-11T17:13:49Z	CAP6	3604	nordkap	5224	A	T	core_destroyed	333
2026-08-11T17:13:52Z	CAP6	3605	nordkap	5224	B	T	core_destroyed	321
2026-08-11T17:13:54Z	CAP6	3606	antler	5225	A	T	core_destroyed	114
2026-08-11T17:13:56Z	CAP6	3607	antler	5225	B	T	core_destroyed	332
2026-08-11T17:14:02Z	CAP6	3608	atoll	5225	A	T	core_destroyed	776
2026-08-11T17:14:06Z	CAP6	3609	atoll	5225	B	C	core_destroyed	447
2026-08-11T17:14:13Z	CAP6	3610	drumlin	5225	A	T	core_destroyed	582
2026-08-11T17:14:15Z	CAP6	3611	drumlin	5225	B	T	core_destroyed	147
2026-08-11T17:14:17Z	CAP6	3612	fjordgate	5225	A	C	core_destroyed	460
2026-08-11T17:14:18Z	CAP6	3613	fjordgate	5225	B	T	core_destroyed	150
2026-08-11T17:14:20Z	CAP6	3614	heart	5225	A	T	core_destroyed	162
2026-08-11T17:14:34Z	CAP6	3615	heart	5225	B	T	core_destroyed	866
2026-08-11T17:14:36Z	CAP6	3616	hive	5225	A	C	core_destroyed	145
2026-08-11T17:14:39Z	CAP6	3617	hive	5225	B	C	core_destroyed	176
2026-08-11T17:14:40Z	CAP6	3618	meander	5225	A	C	core_destroyed	214
2026-08-11T17:14:43Z	CAP6	3619	meander	5225	B	T	core_destroyed	301
2026-08-11T17:14:44Z	CAP6	3620	nordkap	5225	A	T	core_destroyed	185
2026-08-11T17:14:47Z	CAP6	3621	nordkap	5225	B	C	core_destroyed	233
2026-08-11T17:14:48Z	CAP6	3622	antler	5226	A	T	core_destroyed	127
2026-08-11T17:14:50Z	CAP6	3623	antler	5226	B	C	core_destroyed	163
2026-08-11T17:14:51Z	CAP6	3624	atoll	5226	A	C	core_destroyed	98
2026-08-11T17:14:52Z	CAP6	3625	atoll	5226	B	T	core_destroyed	153
2026-08-11T17:14:55Z	CAP6	3626	drumlin	5226	A	T	core_destroyed	170
2026-08-11T17:14:58Z	CAP6	3627	drumlin	5226	B	C	core_destroyed	279
2026-08-11T17:15:00Z	CAP6	3628	fjordgate	5226	A	C	core_destroyed	207
2026-08-11T17:15:01Z	CAP6	3629	fjordgate	5226	B	C	core_destroyed	177
2026-08-11T17:15:03Z	CAP6	3630	heart	5226	A	C	core_destroyed	151
2026-08-11T17:15:08Z	CAP6	3631	heart	5226	B	C	core_destroyed	288
2026-08-11T17:15:12Z	CAP6	3632	hive	5226	A	C	core_destroyed	229
2026-08-11T17:15:16Z	CAP6	3633	hive	5226	B	C	core_destroyed	253
2026-08-11T17:15:17Z	CAP6	3634	meander	5226	A	C	core_destroyed	144
2026-08-11T17:15:19Z	CAP6	3635	meander	5226	B	C	core_destroyed	383
2026-08-11T17:15:20Z	CAP6	3636	nordkap	5226	A	T	core_destroyed	132
2026-08-11T17:15:22Z	CAP6	3637	nordkap	5226	B	T	core_destroyed	175
2026-08-11T17:15:24Z	CAP6	3638	antler	5227	A	C	core_destroyed	108
2026-08-11T17:15:25Z	CAP6	3639	antler	5227	B	C	core_destroyed	164
2026-08-11T17:15:28Z	CAP6	3640	atoll	5227	A	T	core_destroyed	388
2026-08-11T17:15:30Z	CAP6	3641	atoll	5227	B	T	core_destroyed	190
2026-08-11T17:15:32Z	CAP6	3642	drumlin	5227	A	T	core_destroyed	150
2026-08-11T17:15:34Z	CAP6	3643	drumlin	5227	B	T	core_destroyed	236
2026-08-11T17:15:36Z	CAP6	3644	fjordgate	5227	A	C	tiebreak	1000
2026-08-11T17:15:39Z	CAP6	3645	fjordgate	5227	B	T	core_destroyed	454
2026-08-11T17:15:42Z	CAP6	3646	heart	5227	A	T	core_destroyed	232
2026-08-11T17:15:46Z	CAP6	3647	heart	5227	B	T	core_destroyed	219
2026-08-11T17:15:49Z	CAP6	3648	hive	5227	A	T	core_destroyed	207
2026-08-11T17:15:54Z	CAP6	3649	hive	5227	B	C	core_destroyed	278
2026-08-11T17:15:55Z	CAP6	3650	meander	5227	A	C	core_destroyed	131
2026-08-11T17:15:57Z	CAP6	3651	meander	5227	B	C	core_destroyed	152
2026-08-11T17:15:59Z	CAP6	3652	nordkap	5227	A	T	core_destroyed	172
2026-08-11T17:16:00Z	CAP6	3653	nordkap	5227	B	C	core_destroyed	131
2026-08-11T17:16:03Z	CAP6	3654	antler	5228	A	T	core_destroyed	270
2026-08-11T17:16:05Z	CAP6	3655	antler	5228	B	C	core_destroyed	225
2026-08-11T17:16:09Z	CAP6	3656	atoll	5228	A	T	core_destroyed	350
2026-08-11T17:16:11Z	CAP6	3657	atoll	5228	B	T	core_destroyed	164
2026-08-11T17:16:12Z	CAP6	3658	drumlin	5228	A	T	core_destroyed	136
2026-08-11T17:16:14Z	CAP6	3659	drumlin	5228	B	C	core_destroyed	132
2026-08-11T17:16:15Z	CAP6	3660	fjordgate	5228	A	C	core_destroyed	121
2026-08-11T17:16:16Z	CAP6	3661	fjordgate	5228	B	T	core_destroyed	117
2026-08-11T17:16:19Z	CAP6	3662	heart	5228	A	T	core_destroyed	154
2026-08-11T17:16:23Z	CAP6	3663	heart	5228	B	T	core_destroyed	211
2026-08-11T17:16:26Z	CAP6	3664	hive	5228	A	C	core_destroyed	219
2026-08-11T17:16:30Z	CAP6	3665	hive	5228	B	C	core_destroyed	253
2026-08-11T17:16:33Z	CAP6	3666	meander	5228	A	C	core_destroyed	303
2026-08-11T17:16:34Z	CAP6	3667	meander	5228	B	C	core_destroyed	176
2026-08-11T17:16:36Z	CAP6	3668	nordkap	5228	A	T	core_destroyed	187
2026-08-11T17:16:37Z	CAP6	3669	nordkap	5228	B	C	core_destroyed	223
2026-08-11T17:16:39Z	CAP6	3670	antler	5229	A	T	core_destroyed	96
2026-08-11T17:16:40Z	CAP6	3671	antler	5229	B	C	core_destroyed	187
2026-08-11T17:16:42Z	CAP6	3672	atoll	5229	A	T	core_destroyed	378
2026-08-11T17:16:44Z	CAP6	3673	atoll	5229	B	T	core_destroyed	188
2026-08-11T17:16:46Z	CAP6	3674	drumlin	5229	A	C	core_destroyed	119
2026-08-11T17:16:47Z	CAP6	3675	drumlin	5229	B	C	core_destroyed	144
2026-08-11T17:16:49Z	CAP6	3676	fjordgate	5229	A	T	core_destroyed	130
2026-08-11T17:16:50Z	CAP6	3677	fjordgate	5229	B	C	core_destroyed	145
2026-08-11T17:17:02Z	CAP6	3678	heart	5229	A	C	tiebreak	1000
2026-08-11T17:17:03Z	CAP6	3679	heart	5229	B	C	core_destroyed	147
2026-08-11T17:17:06Z	CAP6	3680	hive	5229	A	C	core_destroyed	220
2026-08-11T17:17:09Z	CAP6	3681	hive	5229	B	T	core_destroyed	196
2026-08-11T17:17:10Z	CAP6	3682	meander	5229	A	T	core_destroyed	147
2026-08-11T17:17:12Z	CAP6	3683	meander	5229	B	T	core_destroyed	194
2026-08-11T17:17:15Z	CAP6	3684	nordkap	5229	A	T	core_destroyed	586
2026-08-11T17:17:18Z	CAP6	3685	nordkap	5229	B	C	core_destroyed	238
2026-08-11T17:17:21Z	CAP6	3686	antler	5230	A	C	core_destroyed	283
2026-08-11T17:17:23Z	CAP6	3687	antler	5230	B	C	core_destroyed	146
2026-08-11T17:17:24Z	CAP6	3688	atoll	5230	A	T	core_destroyed	432
2026-08-11T17:17:27Z	CAP6	3689	atoll	5230	B	T	core_destroyed	465
2026-08-11T17:17:30Z	CAP6	3690	drumlin	5230	A	T	core_destroyed	232
2026-08-11T17:17:32Z	CAP6	3691	drumlin	5230	B	C	core_destroyed	184
2026-08-11T17:17:33Z	CAP6	3692	fjordgate	5230	A	C	core_destroyed	197
2026-08-11T17:17:35Z	CAP6	3693	fjordgate	5230	B	C	core_destroyed	164
2026-08-11T17:17:42Z	CAP6	3694	heart	5230	A	T	core_destroyed	821
2026-08-11T17:17:44Z	CAP6	3695	heart	5230	B	C	core_destroyed	166
2026-08-11T17:17:48Z	CAP6	3696	hive	5230	A	C	core_destroyed	235
2026-08-11T17:17:54Z	CAP6	3697	hive	5230	B	C	core_destroyed	412
2026-08-11T17:17:56Z	CAP6	3698	meander	5230	A	C	core_destroyed	289
2026-08-11T17:17:59Z	CAP6	3699	meander	5230	B	T	core_destroyed	224
2026-08-11T17:18:00Z	CAP6	3700	nordkap	5230	A	C	core_destroyed	158
2026-08-11T17:18:02Z	CAP6	3701	nordkap	5230	B	T	core_destroyed	209
2026-08-11T17:18:05Z	CAP6	3702	antler	5231	A	C	core_destroyed	281
2026-08-11T17:18:06Z	CAP6	3703	antler	5231	B	C	core_destroyed	137
2026-08-11T17:18:08Z	CAP6	3704	atoll	5231	A	C	core_destroyed	142
2026-08-11T17:18:11Z	CAP6	3705	atoll	5231	B	C	tiebreak	1000
2026-08-11T17:18:13Z	CAP6	3706	drumlin	5231	A	C	core_destroyed	151
2026-08-11T17:18:17Z	CAP6	3707	drumlin	5231	B	T	core_destroyed	314
2026-08-11T17:18:18Z	CAP6	3708	fjordgate	5231	A	T	core_destroyed	159
2026-08-11T17:18:20Z	CAP6	3709	fjordgate	5231	B	C	core_destroyed	225
2026-08-11T17:18:23Z	CAP6	3710	heart	5231	A	T	core_destroyed	318
2026-08-11T17:18:27Z	CAP6	3711	heart	5231	B	C	core_destroyed	332
2026-08-11T17:18:29Z	CAP6	3712	hive	5231	A	C	core_destroyed	130
2026-08-11T17:18:33Z	CAP6	3713	hive	5231	B	C	core_destroyed	249
2026-08-11T17:18:37Z	CAP6	3714	meander	5231	A	C	core_destroyed	485
2026-08-11T17:18:38Z	CAP6	3715	meander	5231	B	C	core_destroyed	287
2026-08-11T17:18:39Z	CAP6	3716	nordkap	5231	A	C	core_destroyed	102
2026-08-11T17:18:41Z	CAP6	3717	nordkap	5231	B	C	core_destroyed	154
2026-08-11T17:18:43Z	CAP6	3718	antler	5232	A	T	core_destroyed	218
2026-08-11T17:18:46Z	CAP6	3719	antler	5232	B	C	core_destroyed	145
2026-08-11T17:18:50Z	CAP6	3720	atoll	5232	A	C	core_destroyed	395
2026-08-11T17:18:55Z	CAP6	3721	atoll	5232	B	C	core_destroyed	899
2026-08-11T17:18:57Z	CAP6	3722	drumlin	5232	A	T	core_destroyed	235
2026-08-11T17:18:59Z	CAP6	3723	drumlin	5232	B	C	core_destroyed	170
2026-08-11T17:19:01Z	CAP6	3724	fjordgate	5232	A	T	core_destroyed	134
2026-08-11T17:19:02Z	CAP6	3725	fjordgate	5232	B	T	core_destroyed	287
2026-08-11T17:19:04Z	CAP6	3726	heart	5232	A	C	core_destroyed	190
2026-08-11T17:19:08Z	CAP6	3727	heart	5232	B	T	core_destroyed	226
2026-08-11T17:19:12Z	CAP6	3728	hive	5232	A	T	core_destroyed	231
2026-08-11T17:19:15Z	CAP6	3729	hive	5232	B	C	core_destroyed	255
2026-08-11T17:19:20Z	CAP6	3730	meander	5232	A	T	core_destroyed	378
2026-08-11T17:19:21Z	CAP6	3731	meander	5232	B	T	core_destroyed	147
2026-08-11T17:19:24Z	CAP6	3732	nordkap	5232	A	T	core_destroyed	251
2026-08-11T17:19:27Z	CAP6	3733	nordkap	5232	B	C	core_destroyed	257
2026-08-11T17:19:29Z	CAP6	3734	antler	5233	A	T	core_destroyed	182
2026-08-11T17:19:30Z	CAP6	3735	antler	5233	B	T	core_destroyed	270
2026-08-11T17:19:32Z	CAP6	3736	atoll	5233	A	C	core_destroyed	188
2026-08-11T17:19:34Z	CAP6	3737	atoll	5233	B	T	core_destroyed	286
2026-08-11T17:19:36Z	CAP6	3738	drumlin	5233	A	T	core_destroyed	188
2026-08-11T17:19:39Z	CAP6	3739	drumlin	5233	B	C	core_destroyed	267
2026-08-11T17:19:42Z	CAP6	3740	fjordgate	5233	A	T	core_destroyed	365
2026-08-11T17:19:43Z	CAP6	3741	fjordgate	5233	B	T	core_destroyed	225
2026-08-11T17:19:47Z	CAP6	3742	heart	5233	A	C	tiebreak	1000
2026-08-11T17:19:55Z	CAP6	3743	heart	5233	B	C	core_destroyed	404
2026-08-11T17:19:59Z	CAP6	3744	hive	5233	A	T	core_destroyed	212
2026-08-11T17:20:01Z	CAP6	3745	hive	5233	B	C	core_destroyed	183
2026-08-11T17:20:05Z	CAP6	3746	meander	5233	A	T	tiebreak	1000
2026-08-11T17:20:07Z	CAP6	3747	meander	5233	B	C	core_destroyed	343
2026-08-11T17:20:10Z	CAP6	3748	nordkap	5233	A	C	core_destroyed	269
2026-08-11T17:20:13Z	CAP6	3749	nordkap	5233	B	C	core_destroyed	249
2026-08-11T17:20:16Z	CAP6	3750	antler	5234	A	C	core_destroyed	258
2026-08-11T17:20:19Z	CAP6	3751	antler	5234	B	C	core_destroyed	409
2026-08-11T17:20:20Z	CAP6	3752	atoll	5234	A	C	core_destroyed	100
2026-08-11T17:20:22Z	CAP6	3753	atoll	5234	B	C	core_destroyed	226
2026-08-11T17:20:24Z	CAP6	3754	drumlin	5234	A	C	core_destroyed	188
2026-08-11T17:20:27Z	CAP6	3755	drumlin	5234	B	C	core_destroyed	273
2026-08-11T17:20:28Z	CAP6	3756	fjordgate	5234	A	T	core_destroyed	97
2026-08-11T17:20:29Z	CAP6	3757	fjordgate	5234	B	C	core_destroyed	140
2026-08-11T17:20:33Z	CAP6	3758	heart	5234	A	T	core_destroyed	285
2026-08-11T17:20:35Z	CAP6	3759	heart	5234	B	T	core_destroyed	115
2026-08-11T17:20:41Z	CAP6	3760	hive	5234	A	C	core_destroyed	391
2026-08-11T17:20:44Z	CAP6	3761	hive	5234	B	C	core_destroyed	331
2026-08-11T17:20:46Z	CAP6	3762	meander	5234	A	T	core_destroyed	137
2026-08-11T17:20:47Z	CAP6	3763	meander	5234	B	C	core_destroyed	191
2026-08-11T17:20:48Z	CAP6	3764	nordkap	5234	A	T	core_destroyed	84
2026-08-11T17:20:50Z	CAP6	3765	nordkap	5234	B	T	core_destroyed	188
2026-08-11T17:20:52Z	CAP6	3766	antler	5235	A	C	core_destroyed	213
2026-08-11T17:20:54Z	CAP6	3767	antler	5235	B	C	core_destroyed	121
2026-08-11T17:20:56Z	CAP6	3768	atoll	5235	A	C	core_destroyed	263
2026-08-11T17:20:58Z	CAP6	3769	atoll	5235	B	T	core_destroyed	325
2026-08-11T17:21:02Z	CAP6	3770	drumlin	5235	A	C	core_destroyed	342
2026-08-11T17:21:05Z	CAP6	3771	drumlin	5235	B	C	core_destroyed	147
2026-08-11T17:21:07Z	CAP6	3772	fjordgate	5235	A	T	core_destroyed	763
2026-08-11T17:21:09Z	CAP6	3773	fjordgate	5235	B	C	core_destroyed	134
2026-08-11T17:21:18Z	CAP6	3774	heart	5235	A	C	core_destroyed	559
2026-08-11T17:21:22Z	CAP6	3775	heart	5235	B	T	core_destroyed	345
2026-08-11T17:21:25Z	CAP6	3776	hive	5235	A	C	core_destroyed	222
2026-08-11T17:21:28Z	CAP6	3777	hive	5235	B	T	core_destroyed	207
2026-08-11T17:21:30Z	CAP6	3778	meander	5235	A	T	core_destroyed	174
2026-08-11T17:21:32Z	CAP6	3779	meander	5235	B	T	core_destroyed	244
2026-08-11T17:21:33Z	CAP6	3780	nordkap	5235	A	T	core_destroyed	161
2026-08-11T17:21:35Z	CAP6	3781	nordkap	5235	B	T	core_destroyed	222
2026-08-11T17:21:37Z	CAP6	3782	antler	5236	A	T	core_destroyed	146
2026-08-11T17:21:39Z	CAP6	3783	antler	5236	B	C	core_destroyed	274
2026-08-11T17:21:41Z	CAP6	3784	atoll	5236	A	C	core_destroyed	274
2026-08-11T17:21:43Z	CAP6	3785	atoll	5236	B	C	core_destroyed	262
2026-08-11T17:21:47Z	CAP6	3786	drumlin	5236	A	T	core_destroyed	219
2026-08-11T17:21:49Z	CAP6	3787	drumlin	5236	B	C	core_destroyed	155
2026-08-11T17:21:50Z	CAP6	3788	fjordgate	5236	A	C	core_destroyed	126
2026-08-11T17:21:52Z	CAP6	3789	fjordgate	5236	B	T	core_destroyed	160
2026-08-11T17:21:54Z	CAP6	3790	heart	5236	A	T	core_destroyed	114
2026-08-11T17:21:58Z	CAP6	3791	heart	5236	B	T	core_destroyed	596
2026-08-11T17:22:03Z	CAP6	3792	hive	5236	A	C	core_destroyed	273
2026-08-11T17:22:05Z	CAP6	3793	hive	5236	B	C	core_destroyed	165
2026-08-11T17:22:07Z	CAP6	3794	meander	5236	A	C	core_destroyed	140
2026-08-11T17:22:08Z	CAP6	3795	meander	5236	B	T	core_destroyed	154
2026-08-11T17:22:12Z	CAP6	3796	nordkap	5236	A	T	core_destroyed	620
2026-08-11T17:22:13Z	CAP6	3797	nordkap	5236	B	C	core_destroyed	347
2026-08-11T17:22:15Z	CAP6	3798	antler	5237	A	C	core_destroyed	196
2026-08-11T17:22:16Z	CAP6	3799	antler	5237	B	C	core_destroyed	109
2026-08-11T17:22:17Z	CAP6	3800	atoll	5237	A	C	core_destroyed	78
2026-08-11T17:22:19Z	CAP6	3801	atoll	5237	B	T	core_destroyed	118
2026-08-11T17:22:21Z	CAP6	3802	drumlin	5237	A	T	core_destroyed	177
2026-08-11T17:22:25Z	CAP6	3803	drumlin	5237	B	C	core_destroyed	383
2026-08-11T17:22:26Z	CAP6	3804	fjordgate	5237	A	T	core_destroyed	193
2026-08-11T17:22:27Z	CAP6	3805	fjordgate	5237	B	T	core_destroyed	169
2026-08-11T17:22:32Z	CAP6	3806	heart	5237	A	C	core_destroyed	279
2026-08-11T17:22:35Z	CAP6	3807	heart	5237	B	T	core_destroyed	278
2026-08-11T17:22:37Z	CAP6	3808	hive	5237	A	T	core_destroyed	232
2026-08-11T17:22:44Z	CAP6	3809	hive	5237	B	C	core_destroyed	389
2026-08-11T17:22:46Z	CAP6	3810	meander	5237	A	C	core_destroyed	188
2026-08-11T17:22:47Z	CAP6	3811	meander	5237	B	T	core_destroyed	139
2026-08-11T17:22:49Z	CAP6	3812	nordkap	5237	A	C	core_destroyed	222
2026-08-11T17:22:52Z	CAP6	3813	nordkap	5237	B	C	core_destroyed	221
2026-08-11T17:22:55Z	CAP6	3814	antler	5238	A	T	core_destroyed	256
2026-08-11T17:22:58Z	CAP6	3815	antler	5238	B	T	core_destroyed	332
2026-08-11T17:22:59Z	CAP6	3816	atoll	5238	A	T	core_destroyed	396
2026-08-11T17:23:01Z	CAP6	3817	atoll	5238	B	T	core_destroyed	120
2026-08-11T17:23:03Z	CAP6	3818	drumlin	5238	A	C	core_destroyed	142
2026-08-11T17:23:06Z	CAP6	3819	drumlin	5238	B	T	core_destroyed	308
2026-08-11T17:23:07Z	CAP6	3820	fjordgate	5238	A	T	core_destroyed	136
2026-08-11T17:23:08Z	CAP6	3821	fjordgate	5238	B	C	core_destroyed	116
2026-08-11T17:23:12Z	CAP6	3822	heart	5238	A	C	core_destroyed	197
2026-08-11T17:23:14Z	CAP6	3823	heart	5238	B	C	core_destroyed	172
2026-08-11T17:23:17Z	CAP6	3824	hive	5238	A	T	core_destroyed	236
2026-08-11T17:23:22Z	CAP6	3825	hive	5238	B	C	core_destroyed	288
2026-08-11T17:23:24Z	CAP6	3826	meander	5238	A	C	core_destroyed	180
2026-08-11T17:23:29Z	CAP6	3827	meander	5238	B	C	core_destroyed	459
2026-08-11T17:23:33Z	CAP6	3828	nordkap	5238	A	C	core_destroyed	393
2026-08-11T17:23:35Z	CAP6	3829	nordkap	5238	B	T	core_destroyed	197
2026-08-11T17:23:37Z	CAP6	3830	antler	5239	A	C	core_destroyed	100
2026-08-11T17:23:38Z	CAP6	3831	antler	5239	B	T	core_destroyed	132
2026-08-11T17:23:39Z	CAP6	3832	atoll	5239	A	C	core_destroyed	185
2026-08-11T17:23:44Z	CAP6	3833	atoll	5239	B	C	core_destroyed	504
2026-08-11T17:23:47Z	CAP6	3834	drumlin	5239	A	T	core_destroyed	291
2026-08-11T17:23:50Z	CAP6	3835	drumlin	5239	B	T	core_destroyed	222
2026-08-11T17:23:52Z	CAP6	3836	fjordgate	5239	A	T	core_destroyed	272
2026-08-11T17:23:53Z	CAP6	3837	fjordgate	5239	B	C	core_destroyed	173
2026-08-11T17:23:56Z	CAP6	3838	heart	5239	A	C	core_destroyed	232
2026-08-11T17:23:59Z	CAP6	3839	heart	5239	B	T	core_destroyed	275
2026-08-11T17:24:02Z	CAP6	3840	hive	5239	A	T	core_destroyed	298
2026-08-11T17:24:05Z	CAP6	3841	hive	5239	B	C	core_destroyed	234
2026-08-11T17:24:07Z	CAP6	3842	meander	5239	A	C	core_destroyed	217
2026-08-11T17:24:09Z	CAP6	3843	meander	5239	B	T	core_destroyed	240
2026-08-11T17:24:10Z	CAP6	3844	nordkap	5239	A	T	core_destroyed	99
2026-08-11T17:24:12Z	CAP6	3845	nordkap	5239	B	T	core_destroyed	148
2026-08-11T17:24:15Z	CAP6	3846	antler	5240	A	T	core_destroyed	280
2026-08-11T17:24:19Z	CAP6	3847	antler	5240	B	T	core_destroyed	731
2026-08-11T17:24:24Z	CAP6	3848	atoll	5240	A	T	core_destroyed	543
2026-08-11T17:24:26Z	CAP6	3849	atoll	5240	B	T	core_destroyed	208
2026-08-11T17:24:30Z	CAP6	3850	drumlin	5240	A	T	core_destroyed	354
2026-08-11T17:24:33Z	CAP6	3851	drumlin	5240	B	C	core_destroyed	194
2026-08-11T17:24:34Z	CAP6	3852	fjordgate	5240	A	C	core_destroyed	197
2026-08-11T17:24:35Z	CAP6	3853	fjordgate	5240	B	C	core_destroyed	237
2026-08-11T17:24:37Z	CAP6	3854	heart	5240	A	C	core_destroyed	164
2026-08-11T17:24:40Z	CAP6	3855	heart	5240	B	T	core_destroyed	214
2026-08-11T17:24:47Z	CAP6	3856	hive	5240	A	C	core_destroyed	450
2026-08-11T17:24:51Z	CAP6	3857	hive	5240	B	C	core_destroyed	263
2026-08-11T17:24:53Z	CAP6	3858	meander	5240	A	C	core_destroyed	248
2026-08-11T17:24:55Z	CAP6	3859	meander	5240	B	T	core_destroyed	130
2026-08-11T17:24:57Z	CAP6	3860	nordkap	5240	A	T	core_destroyed	257
2026-08-11T17:25:01Z	CAP6	3861	nordkap	5240	B	C	core_destroyed	611
2026-08-11T17:25:03Z	CAP6	3862	antler	5241	A	T	tiebreak	1000
2026-08-11T17:25:06Z	CAP6	3863	antler	5241	B	C	core_destroyed	263
2026-08-11T17:25:08Z	CAP6	3864	atoll	5241	A	T	core_destroyed	381
2026-08-11T17:25:11Z	CAP6	3865	atoll	5241	B	T	core_destroyed	490
2026-08-11T17:25:14Z	CAP6	3866	drumlin	5241	A	T	core_destroyed	290
2026-08-11T17:25:17Z	CAP6	3867	drumlin	5241	B	T	core_destroyed	207
2026-08-11T17:25:18Z	CAP6	3868	fjordgate	5241	A	T	core_destroyed	187
2026-08-11T17:25:20Z	CAP6	3869	fjordgate	5241	B	C	core_destroyed	156
2026-08-11T17:25:22Z	CAP6	3870	heart	5241	A	T	core_destroyed	139
2026-08-11T17:25:25Z	CAP6	3871	heart	5241	B	C	core_destroyed	149
2026-08-11T17:25:28Z	CAP6	3872	hive	5241	A	T	core_destroyed	173
2026-08-11T17:25:33Z	CAP6	3873	hive	5241	B	T	core_destroyed	338
2026-08-11T17:25:34Z	CAP6	3874	meander	5241	A	C	core_destroyed	125
2026-08-11T17:25:37Z	CAP6	3875	meander	5241	B	C	core_destroyed	297
2026-08-11T17:25:39Z	CAP6	3876	nordkap	5241	A	T	core_destroyed	172
2026-08-11T17:25:40Z	CAP6	3877	nordkap	5241	B	T	core_destroyed	130
2026-08-11T17:25:42Z	CAP6	3878	antler	5242	A	C	core_destroyed	212
2026-08-11T17:25:43Z	CAP6	3879	antler	5242	B	T	core_destroyed	153
2026-08-11T17:25:45Z	CAP6	3880	atoll	5242	A	C	core_destroyed	168
2026-08-11T17:25:47Z	CAP6	3881	atoll	5242	B	T	core_destroyed	195
2026-08-11T17:25:49Z	CAP6	3882	drumlin	5242	A	T	core_destroyed	196
2026-08-11T17:25:50Z	CAP6	3883	drumlin	5242	B	C	core_destroyed	183
2026-08-11T17:25:52Z	CAP6	3884	fjordgate	5242	A	C	core_destroyed	331
2026-08-11T17:25:54Z	CAP6	3885	fjordgate	5242	B	T	core_destroyed	98
2026-08-11T17:25:58Z	CAP6	3886	heart	5242	A	T	core_destroyed	313
2026-08-11T17:26:02Z	CAP6	3887	heart	5242	B	T	core_destroyed	212
2026-08-11T17:26:18Z	CAP6	3888	hive	5242	A	C	tiebreak	1000
2026-08-11T17:26:21Z	CAP6	3889	hive	5242	B	C	core_destroyed	163
2026-08-11T17:26:23Z	CAP6	3890	meander	5242	A	T	core_destroyed	175
2026-08-11T17:26:25Z	CAP6	3891	meander	5242	B	C	core_destroyed	260
2026-08-11T17:26:27Z	CAP6	3892	nordkap	5242	A	C	core_destroyed	206
2026-08-11T17:26:30Z	CAP6	3893	nordkap	5242	B	C	core_destroyed	227
2026-08-11T17:26:33Z	CAP6	3894	antler	5243	A	T	core_destroyed	374
2026-08-11T17:26:35Z	CAP6	3895	antler	5243	B	T	core_destroyed	170
2026-08-11T17:26:38Z	CAP6	3896	atoll	5243	A	C	core_destroyed	249
2026-08-11T17:26:40Z	CAP6	3897	atoll	5243	B	C	core_destroyed	536
2026-08-11T17:26:42Z	CAP6	3898	drumlin	5243	A	T	core_destroyed	160
2026-08-11T17:26:45Z	CAP6	3899	drumlin	5243	B	T	core_destroyed	249
2026-08-11T17:26:48Z	CAP6	3900	fjordgate	5243	A	T	core_destroyed	365
2026-08-11T17:26:49Z	CAP6	3901	fjordgate	5243	B	T	core_destroyed	134
2026-08-11T17:26:52Z	CAP6	3902	heart	5243	A	C	core_destroyed	236
2026-08-11T17:26:54Z	CAP6	3903	heart	5243	B	C	core_destroyed	172
2026-08-11T17:26:58Z	CAP6	3904	hive	5243	A	C	core_destroyed	269
2026-08-11T17:27:03Z	CAP6	3905	hive	5243	B	T	core_destroyed	320
2026-08-11T17:27:05Z	CAP6	3906	meander	5243	A	C	core_destroyed	172
2026-08-11T17:27:07Z	CAP6	3907	meander	5243	B	C	core_destroyed	151
2026-08-11T17:27:08Z	CAP6	3908	nordkap	5243	A	T	core_destroyed	138
2026-08-11T17:27:09Z	CAP6	3909	nordkap	5243	B	C	core_destroyed	152
2026-08-11T17:27:12Z	CAP6	3910	antler	5244	A	C	core_destroyed	268
2026-08-11T17:27:14Z	CAP6	3911	antler	5244	B	T	core_destroyed	222
2026-08-11T17:27:20Z	CAP6	3912	atoll	5244	A	C	core_destroyed	480
2026-08-11T17:27:21Z	CAP6	3913	atoll	5244	B	T	core_destroyed	96
2026-08-11T17:27:23Z	CAP6	3914	drumlin	5244	A	T	core_destroyed	227
2026-08-11T17:27:27Z	CAP6	3915	drumlin	5244	B	C	core_destroyed	325
2026-08-11T17:27:28Z	CAP6	3916	fjordgate	5244	A	T	core_destroyed	276
2026-08-11T17:27:30Z	CAP6	3917	fjordgate	5244	B	C	core_destroyed	263
2026-08-11T17:27:33Z	CAP6	3918	heart	5244	A	T	core_destroyed	160
2026-08-11T17:27:34Z	CAP6	3919	heart	5244	B	T	core_destroyed	101
2026-08-11T17:27:43Z	CAP6	3920	hive	5244	A	T	core_destroyed	618
2026-08-11T17:27:46Z	CAP6	3921	hive	5244	B	T	core_destroyed	174
2026-08-11T17:27:48Z	CAP6	3922	meander	5244	A	C	core_destroyed	104
2026-08-11T17:27:51Z	CAP6	3923	meander	5244	B	C	core_destroyed	301
2026-08-11T17:27:53Z	CAP6	3924	nordkap	5244	A	C	core_destroyed	298
2026-08-11T17:27:55Z	CAP6	3925	nordkap	5244	B	C	core_destroyed	199
2026-08-11T17:27:57Z	CAP6	3926	antler	5245	A	C	core_destroyed	157
2026-08-11T17:27:59Z	CAP6	3927	antler	5245	B	T	core_destroyed	197
2026-08-11T17:28:01Z	CAP6	3928	atoll	5245	A	T	core_destroyed	405
2026-08-11T17:28:03Z	CAP6	3929	atoll	5245	B	C	core_destroyed	116
2026-08-11T17:28:04Z	CAP6	3930	drumlin	5245	A	T	core_destroyed	307
2026-08-11T17:28:08Z	CAP6	3931	drumlin	5245	B	T	core_destroyed	216
2026-08-11T17:28:09Z	CAP6	3932	fjordgate	5245	A	C	core_destroyed	156
2026-08-11T17:28:12Z	CAP6	3933	fjordgate	5245	B	T	core_destroyed	915
2026-08-11T17:28:15Z	CAP6	3934	heart	5245	A	T	core_destroyed	165
2026-08-11T17:28:40Z	CAP6	3935	heart	5245	B	T	tiebreak	1000
2026-08-11T17:28:45Z	CAP6	3936	hive	5245	A	T	core_destroyed	420
2026-08-11T17:28:52Z	CAP6	3937	hive	5245	B	C	core_destroyed	399
2026-08-11T17:28:54Z	CAP6	3938	meander	5245	A	T	core_destroyed	164
2026-08-11T17:28:55Z	CAP6	3939	meander	5245	B	C	core_destroyed	115
2026-08-11T17:28:58Z	CAP6	3940	nordkap	5245	A	C	core_destroyed	216
2026-08-11T17:29:00Z	CAP6	3941	nordkap	5245	B	T	core_destroyed	194
2026-08-11T17:29:03Z	CAP6	3942	antler	5246	A	C	core_destroyed	319
2026-08-11T17:29:05Z	CAP6	3943	antler	5246	B	C	core_destroyed	145
2026-08-11T17:29:06Z	CAP6	3944	atoll	5246	A	T	core_destroyed	100
2026-08-11T17:29:08Z	CAP6	3945	atoll	5246	B	T	core_destroyed	118
2026-08-11T17:29:13Z	CAP6	3946	drumlin	5246	A	T	core_destroyed	355
2026-08-11T17:29:16Z	CAP6	3947	drumlin	5246	B	T	core_destroyed	205
2026-08-11T17:29:17Z	CAP6	3948	fjordgate	5246	A	T	core_destroyed	299
2026-08-11T17:29:19Z	CAP6	3949	fjordgate	5246	B	T	core_destroyed	236
2026-08-11T17:29:22Z	CAP6	3950	heart	5246	A	C	core_destroyed	227
2026-08-11T17:29:25Z	CAP6	3951	heart	5246	B	T	core_destroyed	185
2026-08-11T17:29:28Z	CAP6	3952	hive	5246	A	C	core_destroyed	230
2026-08-11T17:29:30Z	CAP6	3953	hive	5246	B	T	core_destroyed	191
2026-08-11T17:29:33Z	CAP6	3954	meander	5246	A	T	core_destroyed	276
2026-08-11T17:29:34Z	CAP6	3955	meander	5246	B	T	core_destroyed	176
2026-08-11T17:29:36Z	CAP6	3956	nordkap	5246	A	T	core_destroyed	309
2026-08-11T17:29:39Z	CAP6	3957	nordkap	5246	B	C	core_destroyed	229
2026-08-11T17:29:41Z	CAP6	3958	antler	5247	A	T	core_destroyed	376
2026-08-11T17:29:43Z	CAP6	3959	antler	5247	B	C	core_destroyed	145
2026-08-11T17:29:47Z	CAP6	3960	atoll	5247	A	T	core_destroyed	464
2026-08-11T17:29:49Z	CAP6	3961	atoll	5247	B	T	core_destroyed	312
2026-08-11T17:29:51Z	CAP6	3962	drumlin	5247	A	C	core_destroyed	151
2026-08-11T17:29:52Z	CAP6	3963	drumlin	5247	B	T	core_destroyed	134
2026-08-11T17:29:54Z	CAP6	3964	fjordgate	5247	A	C	core_destroyed	212
2026-08-11T17:29:55Z	CAP6	3965	fjordgate	5247	B	C	core_destroyed	110
2026-08-11T17:29:57Z	CAP6	3966	heart	5247	A	T	core_destroyed	133
2026-08-11T17:30:01Z	CAP6	3967	heart	5247	B	T	core_destroyed	243
2026-08-11T17:30:05Z	CAP6	3968	hive	5247	A	T	core_destroyed	258
2026-08-11T17:30:07Z	CAP6	3969	hive	5247	B	C	core_destroyed	245
2026-08-11T17:30:08Z	CAP6	3970	meander	5247	A	T	core_destroyed	218
2026-08-11T17:30:10Z	CAP6	3971	meander	5247	B	C	core_destroyed	116
2026-08-11T17:30:12Z	CAP6	3972	nordkap	5247	A	C	core_destroyed	175
2026-08-11T17:30:15Z	CAP6	3973	nordkap	5247	B	T	core_destroyed	443
2026-08-11T17:30:17Z	CAP6	3974	antler	5248	A	T	core_destroyed	368
2026-08-11T17:30:20Z	CAP6	3975	antler	5248	B	T	tiebreak	1000
2026-08-11T17:30:25Z	CAP6	3976	atoll	5248	A	T	core_destroyed	899
2026-08-11T17:30:27Z	CAP6	3977	atoll	5248	B	T	core_destroyed	224
2026-08-11T17:30:32Z	CAP6	3978	drumlin	5248	A	T	core_destroyed	339
2026-08-11T17:30:34Z	CAP6	3979	drumlin	5248	B	T	core_destroyed	154
2026-08-11T17:30:35Z	CAP6	3980	fjordgate	5248	A	T	core_destroyed	193
2026-08-11T17:30:37Z	CAP6	3981	fjordgate	5248	B	T	core_destroyed	175
2026-08-11T17:30:40Z	CAP6	3982	heart	5248	A	C	core_destroyed	242
2026-08-11T17:30:42Z	CAP6	3983	heart	5248	B	C	core_destroyed	139
2026-08-11T17:30:49Z	CAP6	3984	hive	5248	A	C	core_destroyed	483
2026-08-11T17:30:54Z	CAP6	3985	hive	5248	B	C	core_destroyed	347
2026-08-11T17:30:58Z	CAP6	3986	meander	5248	A	C	tiebreak	1000
2026-08-11T17:30:59Z	CAP6	3987	meander	5248	B	T	core_destroyed	126
2026-08-11T17:31:02Z	CAP6	3988	nordkap	5248	A	T	core_destroyed	162
2026-08-11T17:31:03Z	CAP6	3989	nordkap	5248	B	T	core_destroyed	173
2026-08-11T17:31:05Z	CAP6	3990	antler	5249	A	C	core_destroyed	129
2026-08-11T17:31:07Z	CAP6	3991	antler	5249	B	T	core_destroyed	173
2026-08-11T17:31:11Z	CAP6	3992	atoll	5249	A	T	tiebreak	1000
2026-08-11T17:31:13Z	CAP6	3993	atoll	5249	B	C	core_destroyed	128
2026-08-11T17:31:14Z	CAP6	3994	drumlin	5249	A	T	core_destroyed	117
2026-08-11T17:31:18Z	CAP6	3995	drumlin	5249	B	C	core_destroyed	211
2026-08-11T17:31:20Z	CAP6	3996	fjordgate	5249	A	T	core_destroyed	180
2026-08-11T17:31:21Z	CAP6	3997	fjordgate	5249	B	C	core_destroyed	158
2026-08-11T17:31:38Z	CAP6	3998	heart	5249	A	C	tiebreak	1000
2026-08-11T17:31:40Z	CAP6	3999	heart	5249	B	T	core_destroyed	117
2026-08-11T17:31:47Z	CAP6	4000	hive	5249	A	T	core_destroyed	455
2026-08-11T17:31:51Z	CAP6	4001	hive	5249	B	T	core_destroyed	268
2026-08-11T17:31:53Z	CAP6	4002	meander	5249	A	C	core_destroyed	229
2026-08-11T17:31:55Z	CAP6	4003	meander	5249	B	C	core_destroyed	130
2026-08-11T17:31:58Z	CAP6	4004	nordkap	5249	A	T	core_destroyed	280
2026-08-11T17:32:01Z	CAP6	4005	nordkap	5249	B	T	core_destroyed	295
2026-08-11T17:32:04Z	CAP6	4006	antler	5250	A	C	core_destroyed	219
2026-08-11T17:32:06Z	CAP6	4007	antler	5250	B	C	core_destroyed	163
2026-08-11T17:32:08Z	CAP6	4008	atoll	5250	A	C	core_destroyed	148
2026-08-11T17:32:10Z	CAP6	4009	atoll	5250	B	T	core_destroyed	159
2026-08-11T17:32:14Z	CAP6	4010	drumlin	5250	A	T	core_destroyed	324
2026-08-11T17:32:16Z	CAP6	4011	drumlin	5250	B	C	core_destroyed	190
2026-08-11T17:32:18Z	CAP6	4012	fjordgate	5250	A	T	core_destroyed	170
2026-08-11T17:32:19Z	CAP6	4013	fjordgate	5250	B	T	core_destroyed	130
2026-08-11T17:32:22Z	CAP6	4014	heart	5250	A	T	core_destroyed	145
2026-08-11T17:32:24Z	CAP6	4015	heart	5250	B	C	core_destroyed	128
2026-08-11T17:32:27Z	CAP6	4016	hive	5250	A	T	core_destroyed	197
2026-08-11T17:32:31Z	CAP6	4017	hive	5250	B	T	core_destroyed	275
2026-08-11T17:32:33Z	CAP6	4018	meander	5250	A	T	core_destroyed	139
2026-08-11T17:32:34Z	CAP6	4019	meander	5250	B	C	core_destroyed	118
2026-08-11T17:32:36Z	CAP6	4020	nordkap	5250	A	T	core_destroyed	170
2026-08-11T17:32:39Z	CAP6	4021	nordkap	5250	B	T	core_destroyed	321
2026-08-11T17:32:41Z	CAP6	4022	antler	5251	A	T	core_destroyed	159
2026-08-11T17:32:44Z	CAP6	4023	antler	5251	B	C	core_destroyed	250
2026-08-11T17:32:47Z	CAP6	4024	atoll	5251	A	C	core_destroyed	321
2026-08-11T17:32:49Z	CAP6	4025	atoll	5251	B	C	core_destroyed	467
2026-08-11T17:32:53Z	CAP6	4026	drumlin	5251	A	C	core_destroyed	286
2026-08-11T17:32:56Z	CAP6	4027	drumlin	5251	B	C	core_destroyed	163
2026-08-11T17:32:57Z	CAP6	4028	fjordgate	5251	A	C	core_destroyed	174
2026-08-11T17:32:59Z	CAP6	4029	fjordgate	5251	B	T	core_destroyed	178
2026-08-11T17:33:10Z	CAP6	4030	heart	5251	A	T	tiebreak	1000
2026-08-11T17:33:13Z	CAP6	4031	heart	5251	B	T	core_destroyed	252
2026-08-11T17:33:17Z	CAP6	4032	hive	5251	A	T	core_destroyed	239
2026-08-11T17:33:19Z	CAP6	4033	hive	5251	B	T	core_destroyed	255
2026-08-11T17:33:21Z	CAP6	4034	meander	5251	A	C	core_destroyed	146
2026-08-11T17:33:24Z	CAP6	4035	meander	5251	B	T	tiebreak	1000
2026-08-11T17:33:28Z	CAP6	4036	nordkap	5251	A	T	core_destroyed	533
2026-08-11T17:33:30Z	CAP6	4037	nordkap	5251	B	C	core_destroyed	237
2026-08-11T17:33:32Z	CAP6	4038	antler	5252	A	T	core_destroyed	203
2026-08-11T17:33:33Z	CAP6	4039	antler	5252	B	T	core_destroyed	160
2026-08-11T17:33:35Z	CAP6	4040	atoll	5252	A	C	core_destroyed	164
2026-08-11T17:33:37Z	CAP6	4041	atoll	5252	B	C	core_destroyed	378
2026-08-11T17:33:41Z	CAP6	4042	drumlin	5252	A	C	core_destroyed	298
2026-08-11T17:33:43Z	CAP6	4043	drumlin	5252	B	T	core_destroyed	96
2026-08-11T17:33:44Z	CAP6	4044	fjordgate	5252	A	T	core_destroyed	151
2026-08-11T17:33:46Z	CAP6	4045	fjordgate	5252	B	T	tiebreak	1000
2026-08-11T17:33:48Z	CAP6	4046	heart	5252	A	T	core_destroyed	145
2026-08-11T17:33:51Z	CAP6	4047	heart	5252	B	T	core_destroyed	360
2026-08-11T17:33:54Z	CAP6	4048	hive	5252	A	C	core_destroyed	212
2026-08-11T17:33:58Z	CAP6	4049	hive	5252	B	C	core_destroyed	267
2026-08-11T17:34:00Z	CAP6	4050	meander	5252	A	C	core_destroyed	128
2026-08-11T17:34:01Z	CAP6	4051	meander	5252	B	T	core_destroyed	138
2026-08-11T17:34:03Z	CAP6	4052	nordkap	5252	A	T	core_destroyed	170
2026-08-11T17:34:05Z	CAP6	4053	nordkap	5252	B	T	core_destroyed	623
2026-08-11T17:34:08Z	CAP6	4054	antler	5253	A	T	core_destroyed	263
2026-08-11T17:34:11Z	CAP6	4055	antler	5253	B	T	core_destroyed	233
2026-08-11T17:34:12Z	CAP6	4056	atoll	5253	A	C	core_destroyed	146
2026-08-11T17:34:14Z	CAP6	4057	atoll	5253	B	T	core_destroyed	131
2026-08-11T17:34:17Z	CAP6	4058	drumlin	5253	A	T	core_destroyed	392
2026-08-11T17:34:19Z	CAP6	4059	drumlin	5253	B	C	core_destroyed	354
2026-08-11T17:34:23Z	CAP6	4060	fjordgate	5253	A	T	tiebreak	1000
2026-08-11T17:34:24Z	CAP6	4061	fjordgate	5253	B	T	core_destroyed	193
2026-08-11T17:34:26Z	CAP6	4062	heart	5253	A	T	core_destroyed	234
2026-08-11T17:34:32Z	CAP6	4063	heart	5253	B	C	core_destroyed	325
2026-08-11T17:34:37Z	CAP6	4064	hive	5253	A	T	core_destroyed	339
2026-08-11T17:34:39Z	CAP6	4065	hive	5253	B	T	core_destroyed	124
2026-08-11T17:34:40Z	CAP6	4066	meander	5253	A	T	core_destroyed	250
2026-08-11T17:34:42Z	CAP6	4067	meander	5253	B	C	core_destroyed	120
2026-08-11T17:34:43Z	CAP6	4068	nordkap	5253	A	T	core_destroyed	227
2026-08-11T17:34:45Z	CAP6	4069	nordkap	5253	B	C	core_destroyed	173
2026-08-11T17:34:46Z	CAP6	4070	antler	5254	A	T	core_destroyed	177
2026-08-11T17:34:48Z	CAP6	4071	antler	5254	B	C	core_destroyed	210
2026-08-11T17:35:04Z	CAP6	4072	atoll	5254	A	C	tiebreak	1000
2026-08-11T17:35:08Z	CAP6	4073	atoll	5254	B	T	core_destroyed	310
2026-08-11T17:35:09Z	CAP6	4074	drumlin	5254	A	T	core_destroyed	149
2026-08-11T17:35:14Z	CAP6	4075	drumlin	5254	B	T	core_destroyed	343
2026-08-11T17:35:15Z	CAP6	4076	fjordgate	5254	A	T	core_destroyed	170
2026-08-11T17:35:17Z	CAP6	4077	fjordgate	5254	B	T	core_destroyed	258
2026-08-11T17:35:20Z	CAP6	4078	heart	5254	A	C	core_destroyed	290
2026-08-11T17:35:24Z	CAP6	4079	heart	5254	B	C	core_destroyed	199
2026-08-11T17:35:29Z	CAP6	4080	hive	5254	A	C	core_destroyed	426
2026-08-11T17:35:35Z	CAP6	4081	hive	5254	B	T	core_destroyed	373
2026-08-11T17:35:38Z	CAP6	4082	meander	5254	A	T	core_destroyed	262
2026-08-11T17:35:39Z	CAP6	4083	meander	5254	B	C	core_destroyed	139
2026-08-11T17:35:43Z	CAP6	4084	nordkap	5254	A	T	core_destroyed	282
2026-08-11T17:35:45Z	CAP6	4085	nordkap	5254	B	C	core_destroyed	324
2026-08-11T17:35:48Z	CAP6	4086	antler	5255	A	T	core_destroyed	334
2026-08-11T17:35:49Z	CAP6	4087	antler	5255	B	T	core_destroyed	111
2026-08-11T17:35:51Z	CAP6	4088	atoll	5255	A	T	core_destroyed	309
2026-08-11T17:35:53Z	CAP6	4089	atoll	5255	B	T	core_destroyed	148
2026-08-11T17:35:57Z	CAP6	4090	drumlin	5255	A	T	core_destroyed	329
2026-08-11T17:35:59Z	CAP6	4091	drumlin	5255	B	C	core_destroyed	228
2026-08-11T17:36:01Z	CAP6	4092	fjordgate	5255	A	T	core_destroyed	348
2026-08-11T17:36:03Z	CAP6	4093	fjordgate	5255	B	C	core_destroyed	375
2026-08-11T17:36:05Z	CAP6	4094	heart	5255	A	T	core_destroyed	139
2026-08-11T17:36:12Z	CAP6	4095	heart	5255	B	C	core_destroyed	821
2026-08-11T17:36:14Z	CAP6	4096	hive	5255	A	T	core_destroyed	176
2026-08-11T17:36:16Z	CAP6	4097	hive	5255	B	C	core_destroyed	180
2026-08-11T17:36:17Z	CAP6	4098	meander	5255	A	T	core_destroyed	145
2026-08-11T17:36:20Z	CAP6	4099	meander	5255	B	C	core_destroyed	169
2026-08-11T17:36:22Z	CAP6	4100	nordkap	5255	A	T	core_destroyed	251
2026-08-11T17:36:26Z	CAP6	4101	nordkap	5255	B	T	core_destroyed	380
2026-08-11T17:36:27Z	CAP6	4102	antler	5256	A	T	core_destroyed	193
2026-08-11T17:36:29Z	CAP6	4103	antler	5256	B	C	core_destroyed	159
2026-08-11T17:36:31Z	CAP6	4104	atoll	5256	A	C	core_destroyed	234
2026-08-11T17:36:33Z	CAP6	4105	atoll	5256	B	T	core_destroyed	492
2026-08-11T17:36:35Z	CAP6	4106	drumlin	5256	A	T	core_destroyed	119
2026-08-11T17:36:36Z	CAP6	4107	drumlin	5256	B	C	core_destroyed	102
2026-08-11T17:36:38Z	CAP6	4108	fjordgate	5256	A	T	core_destroyed	128
2026-08-11T17:36:39Z	CAP6	4109	fjordgate	5256	B	T	core_destroyed	182
2026-08-11T17:36:41Z	CAP6	4110	heart	5256	A	T	core_destroyed	147
2026-08-11T17:36:44Z	CAP6	4111	heart	5256	B	C	core_destroyed	208
2026-08-11T17:36:46Z	CAP6	4112	hive	5256	A	T	core_destroyed	196
2026-08-11T17:36:50Z	CAP6	4113	hive	5256	B	T	core_destroyed	223
2026-08-11T17:36:51Z	CAP6	4114	meander	5256	A	C	core_destroyed	128
2026-08-11T17:36:52Z	CAP6	4115	meander	5256	B	T	core_destroyed	186
2026-08-11T17:36:56Z	CAP6	4116	nordkap	5256	A	T	core_destroyed	303
2026-08-11T17:36:59Z	CAP6	4117	nordkap	5256	B	T	core_destroyed	270
2026-08-11T17:37:00Z	CAP6	4118	antler	5257	A	T	core_destroyed	144
2026-08-11T17:37:02Z	CAP6	4119	antler	5257	B	C	core_destroyed	192
2026-08-11T17:37:03Z	CAP6	4120	atoll	5257	A	C	core_destroyed	104
2026-08-11T17:37:07Z	CAP6	4121	atoll	5257	B	T	core_destroyed	303
2026-08-11T17:37:08Z	CAP6	4122	drumlin	5257	A	C	core_destroyed	147
2026-08-11T17:37:12Z	CAP6	4123	drumlin	5257	B	C	core_destroyed	268
2026-08-11T17:37:13Z	CAP6	4124	fjordgate	5257	A	C	core_destroyed	182
2026-08-11T17:37:15Z	CAP6	4125	fjordgate	5257	B	C	core_destroyed	189
2026-08-11T17:37:18Z	CAP6	4126	heart	5257	A	T	core_destroyed	189
2026-08-11T17:37:19Z	CAP6	4127	heart	5257	B	T	core_destroyed	129
2026-08-11T17:37:23Z	CAP6	4128	hive	5257	A	C	core_destroyed	205
2026-08-11T17:37:26Z	CAP6	4129	hive	5257	B	T	core_destroyed	225
2026-08-11T17:37:29Z	CAP6	4130	meander	5257	A	C	core_destroyed	253
2026-08-11T17:37:31Z	CAP6	4131	meander	5257	B	C	core_destroyed	262
2026-08-11T17:37:34Z	CAP6	4132	nordkap	5257	A	C	core_destroyed	250
2026-08-11T17:37:35Z	CAP6	4133	nordkap	5257	B	C	core_destroyed	225
2026-08-11T17:37:38Z	CAP6	4134	antler	5258	A	C	core_destroyed	248
2026-08-11T17:37:40Z	CAP6	4135	antler	5258	B	T	core_destroyed	194
2026-08-11T17:37:41Z	CAP6	4136	atoll	5258	A	C	core_destroyed	159
2026-08-11T17:37:42Z	CAP6	4137	atoll	5258	B	C	core_destroyed	207
2026-08-11T17:37:44Z	CAP6	4138	drumlin	5258	A	T	core_destroyed	160
2026-08-11T17:37:46Z	CAP6	4139	drumlin	5258	B	C	core_destroyed	124
2026-08-11T17:37:48Z	CAP6	4140	fjordgate	5258	A	T	core_destroyed	233
2026-08-11T17:37:49Z	CAP6	4141	fjordgate	5258	B	T	core_destroyed	121
2026-08-11T17:38:17Z	CAP6	4142	heart	5258	A	C	tiebreak	1000
2026-08-11T17:38:25Z	CAP6	4143	heart	5258	B	T	core_destroyed	640
2026-08-11T17:38:29Z	CAP6	4144	hive	5258	A	T	core_destroyed	209
2026-08-11T17:38:33Z	CAP6	4145	hive	5258	B	T	core_destroyed	312
2026-08-11T17:38:35Z	CAP6	4146	meander	5258	A	C	core_destroyed	136
2026-08-11T17:38:37Z	CAP6	4147	meander	5258	B	C	core_destroyed	167
2026-08-11T17:38:40Z	CAP6	4148	nordkap	5258	A	T	tiebreak	1000
2026-08-11T17:38:41Z	CAP6	4149	nordkap	5258	B	C	core_destroyed	260
2026-08-11T17:38:44Z	CAP6	4150	antler	5259	A	T	core_destroyed	244
2026-08-11T17:38:45Z	CAP6	4151	antler	5259	B	T	core_destroyed	178
2026-08-11T17:38:48Z	CAP6	4152	atoll	5259	A	C	tiebreak	1000
2026-08-11T17:38:50Z	CAP6	4153	atoll	5259	B	C	core_destroyed	316
2026-08-11T17:38:52Z	CAP6	4154	drumlin	5259	A	T	core_destroyed	300
2026-08-11T17:38:56Z	CAP6	4155	drumlin	5259	B	T	core_destroyed	318
2026-08-11T17:38:58Z	CAP6	4156	fjordgate	5259	A	T	core_destroyed	381
2026-08-11T17:38:59Z	CAP6	4157	fjordgate	5259	B	C	core_destroyed	94
2026-08-11T17:39:04Z	CAP6	4158	heart	5259	A	C	core_destroyed	287
2026-08-11T17:39:07Z	CAP6	4159	heart	5259	B	T	core_destroyed	313
2026-08-11T17:39:11Z	CAP6	4160	hive	5259	A	T	core_destroyed	331
2026-08-11T17:39:19Z	CAP6	4161	hive	5259	B	T	core_destroyed	478
2026-08-11T17:39:22Z	CAP6	4162	meander	5259	A	C	core_destroyed	295
2026-08-11T17:39:25Z	CAP6	4163	meander	5259	B	C	core_destroyed	241
2026-08-11T17:39:26Z	CAP6	4164	nordkap	5259	A	T	core_destroyed	186
2026-08-11T17:39:28Z	CAP6	4165	nordkap	5259	B	C	core_destroyed	172
2026-08-11T17:39:30Z	CAP6	4166	antler	5260	A	C	core_destroyed	421
2026-08-11T17:39:35Z	CAP6	4167	antler	5260	B	T	tiebreak	1000
2026-08-11T17:39:37Z	CAP6	4168	atoll	5260	A	T	core_destroyed	267
2026-08-11T17:39:38Z	CAP6	4169	atoll	5260	B	T	core_destroyed	105
2026-08-11T17:39:40Z	CAP6	4170	drumlin	5260	A	T	core_destroyed	148
2026-08-11T17:39:42Z	CAP6	4171	drumlin	5260	B	C	core_destroyed	153
2026-08-11T17:39:43Z	CAP6	4172	fjordgate	5260	A	T	core_destroyed	348
2026-08-11T17:39:45Z	CAP6	4173	fjordgate	5260	B	T	core_destroyed	208
2026-08-11T17:39:49Z	CAP6	4174	heart	5260	A	C	core_destroyed	514
2026-08-11T17:39:55Z	CAP6	4175	heart	5260	B	T	core_destroyed	458
2026-08-11T17:39:58Z	CAP6	4176	hive	5260	A	C	core_destroyed	210
2026-08-11T17:40:03Z	CAP6	4177	hive	5260	B	T	core_destroyed	311
2026-08-11T17:40:05Z	CAP6	4178	meander	5260	A	C	core_destroyed	188
2026-08-11T17:40:07Z	CAP6	4179	meander	5260	B	C	core_destroyed	194
2026-08-11T17:40:11Z	CAP6	4180	nordkap	5260	A	T	core_destroyed	374
2026-08-11T17:40:13Z	CAP6	4181	nordkap	5260	B	C	core_destroyed	310
2026-08-11T17:40:15Z	CAP6	4182	antler	5261	A	C	core_destroyed	317
2026-08-11T17:40:16Z	CAP6	4183	antler	5261	B	C	core_destroyed	113
2026-08-11T17:40:20Z	CAP6	4184	atoll	5261	A	C	core_destroyed	471
2026-08-11T17:40:24Z	CAP6	4185	atoll	5261	B	C	core_destroyed	519
2026-08-11T17:40:26Z	CAP6	4186	drumlin	5261	A	T	core_destroyed	156
2026-08-11T17:40:29Z	CAP6	4187	drumlin	5261	B	T	core_destroyed	312
2026-08-11T17:40:31Z	CAP6	4188	fjordgate	5261	A	T	core_destroyed	134
2026-08-11T17:40:32Z	CAP6	4189	fjordgate	5261	B	T	core_destroyed	175
2026-08-11T17:40:34Z	CAP6	4190	heart	5261	A	C	core_destroyed	117
2026-08-11T17:40:37Z	CAP6	4191	heart	5261	B	C	core_destroyed	137
2026-08-11T17:40:40Z	CAP6	4192	hive	5261	A	T	core_destroyed	260
2026-08-11T17:40:44Z	CAP6	4193	hive	5261	B	T	core_destroyed	268
2026-08-11T17:40:46Z	CAP6	4194	meander	5261	A	T	core_destroyed	120
2026-08-11T17:40:47Z	CAP6	4195	meander	5261	B	T	core_destroyed	147
2026-08-11T17:40:49Z	CAP6	4196	nordkap	5261	A	T	core_destroyed	137
2026-08-11T17:40:50Z	CAP6	4197	nordkap	5261	B	T	core_destroyed	185
2026-08-11T17:40:52Z	CAP6	4198	antler	5262	A	T	core_destroyed	116
2026-08-11T17:40:55Z	CAP6	4199	antler	5262	B	T	core_destroyed	286
2026-08-11T17:40:59Z	CAP6	4200	atoll	5262	A	T	core_destroyed	501
2026-08-11T17:41:01Z	CAP6	4201	atoll	5262	B	C	core_destroyed	275
2026-08-11T17:41:03Z	CAP6	4202	drumlin	5262	A	T	core_destroyed	129
2026-08-11T17:41:08Z	CAP6	4203	drumlin	5262	B	C	core_destroyed	485
2026-08-11T17:41:10Z	CAP6	4204	fjordgate	5262	A	T	core_destroyed	122
2026-08-11T17:41:13Z	CAP6	4205	fjordgate	5262	B	C	tiebreak	1000
2026-08-11T17:41:15Z	CAP6	4206	heart	5262	A	C	core_destroyed	120
2026-08-11T17:41:20Z	CAP6	4207	heart	5262	B	T	core_destroyed	514
2026-08-11T17:41:24Z	CAP6	4208	hive	5262	A	T	core_destroyed	312
2026-08-11T17:41:30Z	CAP6	4209	hive	5262	B	T	core_destroyed	388
2026-08-11T17:41:31Z	CAP6	4210	meander	5262	A	T	core_destroyed	102
2026-08-11T17:41:32Z	CAP6	4211	meander	5262	B	T	core_destroyed	115
2026-08-11T17:41:35Z	CAP6	4212	nordkap	5262	A	T	core_destroyed	228
2026-08-11T17:41:36Z	CAP6	4213	nordkap	5262	B	C	core_destroyed	88
2026-08-11T17:41:38Z	CAP6	4214	antler	5263	A	C	core_destroyed	278
2026-08-11T17:41:40Z	CAP6	4215	antler	5263	B	C	core_destroyed	206
2026-08-11T17:41:43Z	CAP6	4216	atoll	5263	A	C	core_destroyed	244
2026-08-11T17:41:46Z	CAP6	4217	atoll	5263	B	C	core_destroyed	254
2026-08-11T17:41:47Z	CAP6	4218	drumlin	5263	A	T	core_destroyed	90
2026-08-11T17:41:51Z	CAP6	4219	drumlin	5263	B	T	core_destroyed	334
2026-08-11T17:41:52Z	CAP6	4220	fjordgate	5263	A	T	core_destroyed	224
2026-08-11T17:41:53Z	CAP6	4221	fjordgate	5263	B	C	core_destroyed	112
2026-08-11T17:41:56Z	CAP6	4222	heart	5263	A	T	core_destroyed	170
2026-08-11T17:41:59Z	CAP6	4223	heart	5263	B	T	core_destroyed	246
2026-08-11T17:42:06Z	CAP6	4224	hive	5263	A	T	core_destroyed	531
2026-08-11T17:42:08Z	CAP6	4225	hive	5263	B	T	core_destroyed	116
2026-08-11T17:42:10Z	CAP6	4226	meander	5263	A	C	core_destroyed	307
2026-08-11T17:42:12Z	CAP6	4227	meander	5263	B	T	core_destroyed	129
2026-08-11T17:42:13Z	CAP6	4228	nordkap	5263	A	T	core_destroyed	196
2026-08-11T17:42:15Z	CAP6	4229	nordkap	5263	B	C	core_destroyed	112
2026-08-11T17:42:16Z	CAP6	4230	antler	5264	A	C	core_destroyed	185
2026-08-11T17:42:18Z	CAP6	4231	antler	5264	B	T	core_destroyed	198
2026-08-11T17:42:20Z	CAP6	4232	atoll	5264	A	C	core_destroyed	417
2026-08-11T17:42:22Z	CAP6	4233	atoll	5264	B	C	core_destroyed	241
2026-08-11T17:42:27Z	CAP6	4234	drumlin	5264	A	C	core_destroyed	358
2026-08-11T17:42:33Z	CAP6	4235	drumlin	5264	B	T	core_destroyed	438
2026-08-11T17:42:34Z	CAP6	4236	fjordgate	5264	A	C	core_destroyed	149
2026-08-11T17:42:35Z	CAP6	4237	fjordgate	5264	B	C	core_destroyed	132
2026-08-11T17:42:38Z	CAP6	4238	heart	5264	A	C	core_destroyed	270
2026-08-11T17:42:41Z	CAP6	4239	heart	5264	B	C	core_destroyed	131
2026-08-11T17:42:43Z	CAP6	4240	hive	5264	A	T	core_destroyed	128
2026-08-11T17:42:48Z	CAP6	4241	hive	5264	B	C	core_destroyed	311
2026-08-11T17:42:50Z	CAP6	4242	meander	5264	A	T	core_destroyed	140
2026-08-11T17:42:51Z	CAP6	4243	meander	5264	B	C	core_destroyed	138
2026-08-11T17:42:53Z	CAP6	4244	nordkap	5264	A	T	core_destroyed	170
2026-08-11T17:42:56Z	CAP6	4245	nordkap	5264	B	T	core_destroyed	468
2026-08-11T17:42:59Z	CAP6	4246	antler	5265	A	C	core_destroyed	352
2026-08-11T17:43:00Z	CAP6	4247	antler	5265	B	T	core_destroyed	116
2026-08-11T17:43:01Z	CAP6	4248	atoll	5265	A	C	core_destroyed	118
2026-08-11T17:43:03Z	CAP6	4249	atoll	5265	B	C	core_destroyed	116
2026-08-11T17:43:05Z	CAP6	4250	drumlin	5265	A	C	core_destroyed	225
2026-08-11T17:43:12Z	CAP6	4251	drumlin	5265	B	T	core_destroyed	425
2026-08-11T17:43:13Z	CAP6	4252	fjordgate	5265	A	T	core_destroyed	116
2026-08-11T17:43:16Z	CAP6	4253	fjordgate	5265	B	C	core_destroyed	310
2026-08-11T17:43:18Z	CAP6	4254	heart	5265	A	T	core_destroyed	105
2026-08-11T17:43:19Z	CAP6	4255	heart	5265	B	T	core_destroyed	177
2026-08-11T17:43:22Z	CAP6	4256	hive	5265	A	C	core_destroyed	188
2026-08-11T17:43:32Z	CAP6	4257	hive	5265	B	T	core_destroyed	740
2026-08-11T17:43:35Z	CAP6	4258	meander	5265	A	C	core_destroyed	269
2026-08-11T17:43:36Z	CAP6	4259	meander	5265	B	T	core_destroyed	135
2026-08-11T17:43:39Z	CAP6	4260	nordkap	5265	A	C	core_destroyed	371
2026-08-11T17:43:41Z	CAP6	4261	nordkap	5265	B	T	core_destroyed	247
2026-08-11T17:43:42Z	CAP6	4262	antler	5266	A	C	core_destroyed	88
2026-08-11T17:43:44Z	CAP6	4263	antler	5266	B	C	core_destroyed	124
2026-08-11T17:43:45Z	CAP6	4264	atoll	5266	A	C	core_destroyed	121
2026-08-11T17:43:48Z	CAP6	4265	atoll	5266	B	T	core_destroyed	212
2026-08-11T17:43:53Z	CAP6	4266	drumlin	5266	A	C	core_destroyed	406
2026-08-11T17:43:58Z	CAP6	4267	drumlin	5266	B	T	core_destroyed	428
2026-08-11T17:44:00Z	CAP6	4268	fjordgate	5266	A	T	core_destroyed	184
2026-08-11T17:44:01Z	CAP6	4269	fjordgate	5266	B	C	core_destroyed	120
2026-08-11T17:44:05Z	CAP6	4270	heart	5266	A	T	core_destroyed	429
2026-08-11T17:44:07Z	CAP6	4271	heart	5266	B	C	core_destroyed	143
2026-08-11T17:44:11Z	CAP6	4272	hive	5266	A	C	core_destroyed	250
2026-08-11T17:44:13Z	CAP6	4273	hive	5266	B	C	core_destroyed	119
2026-08-11T17:44:15Z	CAP6	4274	meander	5266	A	C	core_destroyed	263
2026-08-11T17:44:18Z	CAP6	4275	meander	5266	B	T	core_destroyed	274
2026-08-11T17:44:19Z	CAP6	4276	nordkap	5266	A	T	core_destroyed	141
2026-08-11T17:44:22Z	CAP6	4277	nordkap	5266	B	C	core_destroyed	251
2026-08-11T17:44:26Z	CAP6	4278	antler	5267	A	C	core_destroyed	383
2026-08-11T17:44:28Z	CAP6	4279	antler	5267	B	T	core_destroyed	290
2026-08-11T17:44:29Z	CAP6	4280	atoll	5267	A	C	core_destroyed	258
2026-08-11T17:44:31Z	CAP6	4281	atoll	5267	B	C	core_destroyed	153
2026-08-11T17:44:33Z	CAP6	4282	drumlin	5267	A	T	core_destroyed	178
2026-08-11T17:44:35Z	CAP6	4283	drumlin	5267	B	C	core_destroyed	128
2026-08-11T17:44:36Z	CAP6	4284	fjordgate	5267	A	T	core_destroyed	167
2026-08-11T17:44:39Z	CAP6	4285	fjordgate	5267	B	C	tiebreak	1000
2026-08-11T17:44:42Z	CAP6	4286	heart	5267	A	C	core_destroyed	203
2026-08-11T17:44:45Z	CAP6	4287	heart	5267	B	T	core_destroyed	221
2026-08-11T17:44:47Z	CAP6	4288	hive	5267	A	C	core_destroyed	117
2026-08-11T17:44:51Z	CAP6	4289	hive	5267	B	C	core_destroyed	304
2026-08-11T17:44:54Z	CAP6	4290	meander	5267	A	C	core_destroyed	305
2026-08-11T17:44:56Z	CAP6	4291	meander	5267	B	C	core_destroyed	157
2026-08-11T17:44:58Z	CAP6	4292	nordkap	5267	A	C	core_destroyed	193
2026-08-11T17:45:01Z	CAP6	4293	nordkap	5267	B	C	core_destroyed	259
2026-08-11T17:45:03Z	CAP6	4294	antler	5268	A	C	core_destroyed	213
2026-08-11T17:45:05Z	CAP6	4295	antler	5268	B	T	core_destroyed	129
2026-08-11T17:45:07Z	CAP6	4296	atoll	5268	A	T	core_destroyed	219
2026-08-11T17:45:10Z	CAP6	4297	atoll	5268	B	T	core_destroyed	350
2026-08-11T17:45:13Z	CAP6	4298	drumlin	5268	A	T	core_destroyed	240
2026-08-11T17:45:15Z	CAP6	4299	drumlin	5268	B	C	core_destroyed	114
2026-08-11T17:45:17Z	CAP6	4300	fjordgate	5268	A	C	core_destroyed	216
2026-08-11T17:45:19Z	CAP6	4301	fjordgate	5268	B	C	core_destroyed	202
2026-08-11T17:45:21Z	CAP6	4302	heart	5268	A	C	core_destroyed	119
2026-08-11T17:45:23Z	CAP6	4303	heart	5268	B	T	core_destroyed	146
2026-08-11T17:45:25Z	CAP6	4304	hive	5268	A	T	core_destroyed	166
2026-08-11T17:45:30Z	CAP6	4305	hive	5268	B	C	core_destroyed	276
2026-08-11T17:45:31Z	CAP6	4306	meander	5268	A	C	core_destroyed	217
2026-08-11T17:45:33Z	CAP6	4307	meander	5268	B	C	core_destroyed	133
2026-08-11T17:45:34Z	CAP6	4308	nordkap	5268	A	C	core_destroyed	175
2026-08-11T17:45:36Z	CAP6	4309	nordkap	5268	B	C	core_destroyed	184
2026-08-11T17:45:38Z	CAP6	4310	antler	5269	A	T	core_destroyed	156
2026-08-11T17:45:41Z	CAP6	4311	antler	5269	B	C	core_destroyed	266
2026-08-11T17:45:43Z	CAP6	4312	atoll	5269	A	T	core_destroyed	230
2026-08-11T17:45:44Z	CAP6	4313	atoll	5269	B	T	core_destroyed	114
2026-08-11T17:45:48Z	CAP6	4314	drumlin	5269	A	C	core_destroyed	283
2026-08-11T17:45:51Z	CAP6	4315	drumlin	5269	B	T	core_destroyed	165
2026-08-11T17:45:55Z	CAP6	4316	fjordgate	5269	A	T	tiebreak	1000
2026-08-11T17:45:57Z	CAP6	4317	fjordgate	5269	B	C	core_destroyed	227
2026-08-11T17:46:00Z	CAP6	4318	heart	5269	A	T	core_destroyed	202
2026-08-11T17:46:01Z	CAP6	4319	heart	5269	B	C	core_destroyed	130
2026-08-11T17:46:07Z	CAP6	4320	hive	5269	A	T	core_destroyed	309
2026-08-11T17:46:09Z	CAP6	4321	hive	5269	B	T	core_destroyed	116
2026-08-11T17:46:11Z	CAP6	4322	meander	5269	A	C	core_destroyed	215
2026-08-11T17:46:13Z	CAP6	4323	meander	5269	B	C	core_destroyed	154
2026-08-11T17:46:15Z	CAP6	4324	nordkap	5269	A	C	core_destroyed	222
2026-08-11T17:46:19Z	CAP6	4325	nordkap	5269	B	T	core_destroyed	303
2026-08-11T17:46:20Z	CAP6	4326	antler	5270	A	T	core_destroyed	141
2026-08-11T17:46:22Z	CAP6	4327	antler	5270	B	T	core_destroyed	151
2026-08-11T17:46:26Z	CAP6	4328	atoll	5270	A	C	core_destroyed	385
2026-08-11T17:46:28Z	CAP6	4329	atoll	5270	B	T	core_destroyed	195
2026-08-11T17:46:29Z	CAP6	4330	drumlin	5270	A	T	core_destroyed	101
2026-08-11T17:46:31Z	CAP6	4331	drumlin	5270	B	C	core_destroyed	173
2026-08-11T17:46:33Z	CAP6	4332	fjordgate	5270	A	C	core_destroyed	287
2026-08-11T17:46:37Z	CAP6	4333	fjordgate	5270	B	T	core_destroyed	673
2026-08-11T17:46:41Z	CAP6	4334	heart	5270	A	C	core_destroyed	220
2026-08-11T17:46:45Z	CAP6	4335	heart	5270	B	T	core_destroyed	282
2026-08-11T17:46:47Z	CAP6	4336	hive	5270	A	T	core_destroyed	227
2026-08-11T17:46:51Z	CAP6	4337	hive	5270	B	T	core_destroyed	222
2026-08-11T17:46:53Z	CAP6	4338	meander	5270	A	T	core_destroyed	172
2026-08-11T17:46:55Z	CAP6	4339	meander	5270	B	T	core_destroyed	222
2026-08-11T17:46:57Z	CAP6	4340	nordkap	5270	A	T	core_destroyed	179
2026-08-11T17:46:59Z	CAP6	4341	nordkap	5270	B	C	core_destroyed	199
2026-08-11T17:47:02Z	CAP6	4342	antler	5271	A	T	core_destroyed	205
2026-08-11T17:47:06Z	CAP6	4343	antler	5271	B	C	core_destroyed	422
2026-08-11T17:47:07Z	CAP6	4344	atoll	5271	A	T	core_destroyed	87
2026-08-11T17:47:10Z	CAP6	4345	atoll	5271	B	C	core_destroyed	202
2026-08-11T17:47:13Z	CAP6	4346	drumlin	5271	A	C	core_destroyed	179
2026-08-11T17:47:18Z	CAP6	4347	drumlin	5271	B	T	core_destroyed	494
2026-08-11T17:47:19Z	CAP6	4348	fjordgate	5271	A	C	core_destroyed	168
2026-08-11T17:47:20Z	CAP6	4349	fjordgate	5271	B	C	core_destroyed	129
2026-08-11T17:47:25Z	CAP6	4350	heart	5271	A	C	core_destroyed	418
2026-08-11T17:47:28Z	CAP6	4351	heart	5271	B	T	core_destroyed	177
2026-08-11T17:47:33Z	CAP6	4352	hive	5271	A	C	core_destroyed	358
2026-08-11T17:47:37Z	CAP6	4353	hive	5271	B	C	core_destroyed	389
2026-08-11T17:47:39Z	CAP6	4354	meander	5271	A	T	core_destroyed	157
2026-08-11T17:47:42Z	CAP6	4355	meander	5271	B	T	tiebreak	1000
2026-08-11T17:47:44Z	CAP6	4356	nordkap	5271	A	T	core_destroyed	125
2026-08-11T17:47:45Z	CAP6	4357	nordkap	5271	B	C	core_destroyed	110
2026-08-11T17:47:47Z	CAP6	4358	antler	5272	A	T	core_destroyed	134
2026-08-11T17:47:49Z	CAP6	4359	antler	5272	B	T	core_destroyed	151
2026-08-11T17:47:51Z	CAP6	4360	atoll	5272	A	C	core_destroyed	270
2026-08-11T17:47:53Z	CAP6	4361	atoll	5272	B	T	core_destroyed	274
2026-08-11T17:47:57Z	CAP6	4362	drumlin	5272	A	T	core_destroyed	247
2026-08-11T17:47:59Z	CAP6	4363	drumlin	5272	B	T	core_destroyed	188
2026-08-11T17:48:00Z	CAP6	4364	fjordgate	5272	A	C	core_destroyed	126
2026-08-11T17:48:02Z	CAP6	4365	fjordgate	5272	B	T	core_destroyed	229
2026-08-11T17:48:05Z	CAP6	4366	heart	5272	A	T	core_destroyed	246
2026-08-11T17:48:08Z	CAP6	4367	heart	5272	B	T	core_destroyed	167
2026-08-11T17:48:13Z	CAP6	4368	hive	5272	A	T	core_destroyed	319
2026-08-11T17:48:21Z	CAP6	4369	hive	5272	B	C	core_destroyed	525
2026-08-11T17:48:23Z	CAP6	4370	meander	5272	A	T	core_destroyed	241
2026-08-11T17:48:24Z	CAP6	4371	meander	5272	B	T	core_destroyed	190
2026-08-11T17:48:26Z	CAP6	4372	nordkap	5272	A	T	core_destroyed	144
2026-08-11T17:48:27Z	CAP6	4373	nordkap	5272	B	T	core_destroyed	139
2026-08-11T17:48:29Z	CAP6	4374	antler	5273	A	C	core_destroyed	177
2026-08-11T17:48:31Z	CAP6	4375	antler	5273	B	C	core_destroyed	152
2026-08-11T17:48:35Z	CAP6	4376	atoll	5273	A	T	core_destroyed	774
2026-08-11T17:48:38Z	CAP6	4377	atoll	5273	B	C	core_destroyed	268
2026-08-11T17:48:40Z	CAP6	4378	drumlin	5273	A	T	core_destroyed	183
2026-08-11T17:48:42Z	CAP6	4379	drumlin	5273	B	C	core_destroyed	208
2026-08-11T17:48:44Z	CAP6	4380	fjordgate	5273	A	T	core_destroyed	105
2026-08-11T17:48:45Z	CAP6	4381	fjordgate	5273	B	T	core_destroyed	170
2026-08-11T17:48:49Z	CAP6	4382	heart	5273	A	T	core_destroyed	182
2026-08-11T17:48:52Z	CAP6	4383	heart	5273	B	C	core_destroyed	203
2026-08-11T17:48:57Z	CAP6	4384	hive	5273	A	C	core_destroyed	326
2026-08-11T17:49:01Z	CAP6	4385	hive	5273	B	C	core_destroyed	220
2026-08-11T17:49:03Z	CAP6	4386	meander	5273	A	C	core_destroyed	180
2026-08-11T17:49:05Z	CAP6	4387	meander	5273	B	T	core_destroyed	157
2026-08-11T17:49:06Z	CAP6	4388	nordkap	5273	A	T	core_destroyed	155
2026-08-11T17:49:09Z	CAP6	4389	nordkap	5273	B	C	core_destroyed	244
2026-08-11T17:49:11Z	CAP6	4390	antler	5274	A	T	core_destroyed	211
2026-08-11T17:49:13Z	CAP6	4391	antler	5274	B	C	core_destroyed	222
2026-08-11T17:49:16Z	CAP6	4392	atoll	5274	A	T	core_destroyed	284
2026-08-11T17:49:17Z	CAP6	4393	atoll	5274	B	T	core_destroyed	105
2026-08-11T17:49:19Z	CAP6	4394	drumlin	5274	A	C	core_destroyed	158
2026-08-11T17:49:21Z	CAP6	4395	drumlin	5274	B	C	core_destroyed	237
2026-08-11T17:49:24Z	CAP6	4396	fjordgate	5274	A	T	tiebreak	1000
2026-08-11T17:49:25Z	CAP6	4397	fjordgate	5274	B	C	core_destroyed	169
2026-08-11T17:49:27Z	CAP6	4398	heart	5274	A	T	core_destroyed	173
2026-08-11T17:49:29Z	CAP6	4399	heart	5274	B	C	core_destroyed	180
2026-08-11T17:49:37Z	CAP6	4400	hive	5274	A	C	core_destroyed	432
2026-08-11T17:49:39Z	CAP6	4401	hive	5274	B	T	core_destroyed	209
2026-08-11T17:49:41Z	CAP6	4402	meander	5274	A	C	core_destroyed	237
2026-08-11T17:49:43Z	CAP6	4403	meander	5274	B	T	core_destroyed	205
2026-08-11T17:49:45Z	CAP6	4404	nordkap	5274	A	T	core_destroyed	262
2026-08-11T17:49:47Z	CAP6	4405	nordkap	5274	B	C	core_destroyed	186
2026-08-11T17:49:49Z	CAP6	4406	antler	5275	A	T	core_destroyed	132
2026-08-11T17:49:52Z	CAP6	4407	antler	5275	B	T	tiebreak	1000
2026-08-11T17:49:57Z	CAP6	4408	atoll	5275	A	T	core_destroyed	899
2026-08-11T17:49:59Z	CAP6	4409	atoll	5275	B	C	core_destroyed	294
2026-08-11T17:50:01Z	CAP6	4410	drumlin	5275	A	C	core_destroyed	107
2026-08-11T17:50:03Z	CAP6	4411	drumlin	5275	B	T	core_destroyed	174
2026-08-11T17:50:04Z	CAP6	4412	fjordgate	5275	A	C	core_destroyed	224
2026-08-11T17:50:06Z	CAP6	4413	fjordgate	5275	B	T	core_destroyed	274
2026-08-11T17:50:10Z	CAP6	4414	heart	5275	A	T	core_destroyed	256
2026-08-11T17:50:14Z	CAP6	4415	heart	5275	B	T	core_destroyed	258
2026-08-11T17:50:17Z	CAP6	4416	hive	5275	A	C	core_destroyed	194
2026-08-11T17:50:20Z	CAP6	4417	hive	5275	B	T	core_destroyed	201
2026-08-11T17:50:21Z	CAP6	4418	meander	5275	A	C	core_destroyed	147
2026-08-11T17:50:23Z	CAP6	4419	meander	5275	B	C	core_destroyed	164
2026-08-11T17:50:25Z	CAP6	4420	nordkap	5275	A	C	core_destroyed	236
2026-08-11T17:50:27Z	CAP6	4421	nordkap	5275	B	C	core_destroyed	180
2026-08-11T17:50:33Z	CAP6	4422	antler	5276	A	T	tiebreak	1000
2026-08-11T17:50:35Z	CAP6	4423	antler	5276	B	C	core_destroyed	159
2026-08-11T17:50:39Z	CAP6	4424	atoll	5276	A	C	core_destroyed	310
2026-08-11T17:50:41Z	CAP6	4425	atoll	5276	B	C	core_destroyed	295
2026-08-11T17:50:42Z	CAP6	4426	drumlin	5276	A	C	core_destroyed	101
2026-08-11T17:50:45Z	CAP6	4427	drumlin	5276	B	C	core_destroyed	257
2026-08-11T17:50:48Z	CAP6	4428	fjordgate	5276	A	T	core_destroyed	365
2026-08-11T17:50:49Z	CAP6	4429	fjordgate	5276	B	T	core_destroyed	176
2026-08-11T17:50:51Z	CAP6	4430	heart	5276	A	T	core_destroyed	134
2026-08-11T17:50:54Z	CAP6	4431	heart	5276	B	T	core_destroyed	220
2026-08-11T17:50:56Z	CAP6	4432	hive	5276	A	C	core_destroyed	213
2026-08-11T17:51:02Z	CAP6	4433	hive	5276	B	C	core_destroyed	378
2026-08-11T17:51:05Z	CAP6	4434	meander	5276	A	C	tiebreak	1000
2026-08-11T17:51:06Z	CAP6	4435	meander	5276	B	C	core_destroyed	121
2026-08-11T17:51:08Z	CAP6	4436	nordkap	5276	A	T	core_destroyed	156
2026-08-11T17:51:09Z	CAP6	4437	nordkap	5276	B	C	core_destroyed	157
2026-08-11T17:51:11Z	CAP6	4438	antler	5277	A	T	core_destroyed	254
2026-08-11T17:51:12Z	CAP6	4439	antler	5277	B	T	core_destroyed	103
2026-08-11T17:51:19Z	CAP6	4440	atoll	5277	A	T	core_destroyed	705
2026-08-11T17:51:21Z	CAP6	4441	atoll	5277	B	C	core_destroyed	149
2026-08-11T17:51:23Z	CAP6	4442	drumlin	5277	A	T	core_destroyed	125
2026-08-11T17:51:25Z	CAP6	4443	drumlin	5277	B	C	core_destroyed	189
2026-08-11T17:51:28Z	CAP6	4444	fjordgate	5277	A	T	core_destroyed	699
2026-08-11T17:51:30Z	CAP6	4445	fjordgate	5277	B	C	tiebreak	1000
2026-08-11T17:51:34Z	CAP6	4446	heart	5277	A	C	core_destroyed	254
2026-08-11T17:51:39Z	CAP6	4447	heart	5277	B	T	core_destroyed	375
2026-08-11T17:51:44Z	CAP6	4448	hive	5277	A	C	core_destroyed	338
2026-08-11T17:51:48Z	CAP6	4449	hive	5277	B	T	core_destroyed	287
2026-08-11T17:51:51Z	CAP6	4450	meander	5277	A	T	core_destroyed	275
2026-08-11T17:51:53Z	CAP6	4451	meander	5277	B	T	core_destroyed	293
2026-08-11T17:51:55Z	CAP6	4452	nordkap	5277	A	T	core_destroyed	191
2026-08-11T17:51:57Z	CAP6	4453	nordkap	5277	B	T	core_destroyed	244
2026-08-11T17:51:59Z	CAP6	4454	antler	5278	A	T	core_destroyed	180
2026-08-11T17:52:01Z	CAP6	4455	antler	5278	B	C	core_destroyed	159
2026-08-11T17:52:02Z	CAP6	4456	atoll	5278	A	T	core_destroyed	115
2026-08-11T17:52:15Z	CAP6	4457	atoll	5278	B	T	tiebreak	1000
2026-08-11T17:52:19Z	CAP6	4458	drumlin	5278	A	C	core_destroyed	300
2026-08-11T17:52:24Z	CAP6	4459	drumlin	5278	B	C	core_destroyed	365
2026-08-11T17:52:25Z	CAP6	4460	fjordgate	5278	A	C	core_destroyed	188
2026-08-11T17:52:27Z	CAP6	4461	fjordgate	5278	B	C	core_destroyed	228
2026-08-11T17:52:29Z	CAP6	4462	heart	5278	A	C	core_destroyed	165
2026-08-11T17:52:33Z	CAP6	4463	heart	5278	B	C	core_destroyed	533
2026-08-11T17:52:37Z	CAP6	4464	hive	5278	A	C	core_destroyed	249
2026-08-11T17:52:40Z	CAP6	4465	hive	5278	B	C	core_destroyed	235
2026-08-11T17:52:42Z	CAP6	4466	meander	5278	A	T	core_destroyed	240
2026-08-11T17:52:44Z	CAP6	4467	meander	5278	B	C	core_destroyed	252
2026-08-11T17:52:46Z	CAP6	4468	nordkap	5278	A	T	core_destroyed	196
2026-08-11T17:52:48Z	CAP6	4469	nordkap	5278	B	C	core_destroyed	352
2026-08-11T17:52:50Z	CAP6	4470	antler	5279	A	C	core_destroyed	221
2026-08-11T17:52:53Z	CAP6	4471	antler	5279	B	C	core_destroyed	305
2026-08-11T17:52:54Z	CAP6	4472	atoll	5279	A	T	core_destroyed	112
2026-08-11T17:52:59Z	CAP6	4473	atoll	5279	B	T	core_destroyed	759
2026-08-11T17:53:02Z	CAP6	4474	drumlin	5279	A	T	core_destroyed	315
2026-08-11T17:53:08Z	CAP6	4475	drumlin	5279	B	T	core_destroyed	538
2026-08-11T17:53:10Z	CAP6	4476	fjordgate	5279	A	C	core_destroyed	290
2026-08-11T17:53:12Z	CAP6	4477	fjordgate	5279	B	C	core_destroyed	154
2026-08-11T17:53:14Z	CAP6	4478	heart	5279	A	T	core_destroyed	152
2026-08-11T17:53:16Z	CAP6	4479	heart	5279	B	T	core_destroyed	157
2026-08-11T17:53:19Z	CAP6	4480	hive	5279	A	T	core_destroyed	177
2026-08-11T17:53:24Z	CAP6	4481	hive	5279	B	C	core_destroyed	348
2026-08-11T17:53:26Z	CAP6	4482	meander	5279	A	C	core_destroyed	261
2026-08-11T17:53:28Z	CAP6	4483	meander	5279	B	C	core_destroyed	189
2026-08-11T17:53:29Z	CAP6	4484	nordkap	5279	A	T	core_destroyed	165
2026-08-11T17:53:31Z	CAP6	4485	nordkap	5279	B	C	core_destroyed	166
2026-08-11T17:53:32Z	CAP6	4486	antler	5280	A	T	core_destroyed	169
2026-08-11T17:53:34Z	CAP6	4487	antler	5280	B	T	core_destroyed	267
2026-08-11T17:53:36Z	CAP6	4488	atoll	5280	A	C	core_destroyed	105
2026-08-11T17:53:39Z	CAP6	4489	atoll	5280	B	T	core_destroyed	398
2026-08-11T17:53:43Z	CAP6	4490	drumlin	5280	A	T	core_destroyed	281
2026-08-11T17:53:48Z	CAP6	4491	drumlin	5280	B	T	core_destroyed	289
2026-08-11T17:53:52Z	CAP6	4492	fjordgate	5280	A	T	tiebreak	1000
2026-08-11T17:53:53Z	CAP6	4493	fjordgate	5280	B	T	core_destroyed	164
2026-08-11T17:53:55Z	CAP6	4494	heart	5280	A	T	core_destroyed	139
2026-08-11T17:53:58Z	CAP6	4495	heart	5280	B	T	core_destroyed	205
2026-08-11T17:54:02Z	CAP6	4496	hive	5280	A	C	core_destroyed	230
2026-08-11T17:54:05Z	CAP6	4497	hive	5280	B	T	core_destroyed	304
2026-08-11T17:54:06Z	CAP6	4498	meander	5280	A	T	core_destroyed	126
2026-08-11T17:54:08Z	CAP6	4499	meander	5280	B	T	core_destroyed	144
2026-08-11T17:54:10Z	CAP6	4500	nordkap	5280	A	T	core_destroyed	211
2026-08-11T17:54:11Z	CAP6	4501	nordkap	5280	B	C	core_destroyed	112
2026-08-11T17:54:14Z	CAP6	4502	antler	5281	A	T	core_destroyed	283
2026-08-11T17:54:15Z	CAP6	4503	antler	5281	B	C	core_destroyed	88
2026-08-11T17:54:16Z	CAP6	4504	atoll	5281	A	C	core_destroyed	118
2026-08-11T17:54:18Z	CAP6	4505	atoll	5281	B	T	core_destroyed	112
2026-08-11T17:54:24Z	CAP6	4506	drumlin	5281	A	C	core_destroyed	440
2026-08-11T17:54:30Z	CAP6	4507	drumlin	5281	B	T	core_destroyed	404
2026-08-11T17:54:32Z	CAP6	4508	fjordgate	5281	A	T	core_destroyed	501
2026-08-11T17:54:33Z	CAP6	4509	fjordgate	5281	B	T	core_destroyed	152
2026-08-11T17:54:35Z	CAP6	4510	heart	5281	A	C	core_destroyed	176
2026-08-11T17:54:38Z	CAP6	4511	heart	5281	B	C	core_destroyed	336
2026-08-11T17:54:43Z	CAP6	4512	hive	5281	A	C	core_destroyed	342
2026-08-11T17:54:56Z	CAP6	4513	hive	5281	B	T	tiebreak	1000
2026-08-11T17:54:58Z	CAP6	4514	meander	5281	A	C	core_destroyed	250
2026-08-11T17:55:00Z	CAP6	4515	meander	5281	B	T	core_destroyed	170
2026-08-11T17:55:02Z	CAP6	4516	nordkap	5281	A	T	core_destroyed	155
2026-08-11T17:55:03Z	CAP6	4517	nordkap	5281	B	C	core_destroyed	172
2026-08-11T17:55:05Z	CAP6	4518	antler	5282	A	T	core_destroyed	127
2026-08-11T17:55:07Z	CAP6	4519	antler	5282	B	C	core_destroyed	188
2026-08-11T17:55:08Z	CAP6	4520	atoll	5282	A	C	core_destroyed	181
2026-08-11T17:55:10Z	CAP6	4521	atoll	5282	B	C	core_destroyed	172
2026-08-11T17:55:12Z	CAP6	4522	drumlin	5282	A	T	core_destroyed	120
2026-08-11T17:55:17Z	CAP6	4523	drumlin	5282	B	C	core_destroyed	380
2026-08-11T17:55:19Z	CAP6	4524	fjordgate	5282	A	T	core_destroyed	181
2026-08-11T17:55:22Z	CAP6	4525	fjordgate	5282	B	T	core_destroyed	454
2026-08-11T17:55:24Z	CAP6	4526	heart	5282	A	T	core_destroyed	132
2026-08-11T17:55:26Z	CAP6	4527	heart	5282	B	T	core_destroyed	198
2026-08-11T17:55:30Z	CAP6	4528	hive	5282	A	C	core_destroyed	298
2026-08-11T17:55:38Z	CAP6	4529	hive	5282	B	T	core_destroyed	483
2026-08-11T17:55:40Z	CAP6	4530	meander	5282	A	C	core_destroyed	131
2026-08-11T17:55:43Z	CAP6	4531	meander	5282	B	C	core_destroyed	406
2026-08-11T17:55:45Z	CAP6	4532	nordkap	5282	A	C	core_destroyed	287
2026-08-11T17:55:48Z	CAP6	4533	nordkap	5282	B	C	core_destroyed	283
2026-08-11T17:55:49Z	CAP6	4534	antler	5283	A	T	core_destroyed	126
2026-08-11T17:55:51Z	CAP6	4535	antler	5283	B	C	core_destroyed	112
2026-08-11T17:55:54Z	CAP6	4536	atoll	5283	A	C	core_destroyed	246
2026-08-11T17:55:55Z	CAP6	4537	atoll	5283	B	T	core_destroyed	170
2026-08-11T17:55:57Z	CAP6	4538	drumlin	5283	A	C	core_destroyed	116
2026-08-11T17:55:59Z	CAP6	4539	drumlin	5283	B	C	core_destroyed	187
2026-08-11T17:56:00Z	CAP6	4540	fjordgate	5283	A	C	core_destroyed	164
2026-08-11T17:56:02Z	CAP6	4541	fjordgate	5283	B	C	core_destroyed	184
2026-08-11T17:56:05Z	CAP6	4542	heart	5283	A	C	core_destroyed	144
2026-08-11T17:56:06Z	CAP6	4543	heart	5283	B	C	core_destroyed	130
2026-08-11T17:56:10Z	CAP6	4544	hive	5283	A	C	core_destroyed	245
2026-08-11T17:56:14Z	CAP6	4545	hive	5283	B	C	core_destroyed	245
2026-08-11T17:56:16Z	CAP6	4546	meander	5283	A	C	core_destroyed	292
2026-08-11T17:56:18Z	CAP6	4547	meander	5283	B	T	core_destroyed	117
2026-08-11T17:56:21Z	CAP6	4548	nordkap	5283	A	T	core_destroyed	318
2026-08-11T17:56:22Z	CAP6	4549	nordkap	5283	B	C	core_destroyed	105
2026-08-11T17:56:24Z	CAP6	4550	antler	5284	A	C	core_destroyed	175
2026-08-11T17:56:26Z	CAP6	4551	antler	5284	B	T	core_destroyed	235
2026-08-11T17:56:27Z	CAP6	4552	atoll	5284	A	T	core_destroyed	108
2026-08-11T17:56:29Z	CAP6	4553	atoll	5284	B	T	core_destroyed	133
2026-08-11T17:56:31Z	CAP6	4554	drumlin	5284	A	C	core_destroyed	172
2026-08-11T17:56:33Z	CAP6	4555	drumlin	5284	B	C	core_destroyed	249
2026-08-11T17:56:34Z	CAP6	4556	fjordgate	5284	A	C	core_destroyed	95
2026-08-11T17:56:36Z	CAP6	4557	fjordgate	5284	B	C	core_destroyed	198
2026-08-11T17:56:37Z	CAP6	4558	heart	5284	A	T	core_destroyed	143
2026-08-11T17:56:49Z	CAP6	4559	heart	5284	B	C	tiebreak	1000
2026-08-11T17:56:52Z	CAP6	4560	hive	5284	A	C	core_destroyed	165
2026-08-11T17:56:55Z	CAP6	4561	hive	5284	B	C	core_destroyed	227
2026-08-11T17:56:56Z	CAP6	4562	meander	5284	A	T	core_destroyed	92
2026-08-11T17:56:57Z	CAP6	4563	meander	5284	B	T	core_destroyed	157
2026-08-11T17:57:01Z	CAP6	4564	nordkap	5284	A	C	core_destroyed	273
2026-08-11T17:57:03Z	CAP6	4565	nordkap	5284	B	C	core_destroyed	300
2026-08-11T17:57:06Z	CAP6	4566	antler	5285	A	T	core_destroyed	252
2026-08-11T17:57:10Z	CAP6	4567	antler	5285	B	T	core_destroyed	438
2026-08-11T17:57:12Z	CAP6	4568	atoll	5285	A	T	core_destroyed	200
2026-08-11T17:57:13Z	CAP6	4569	atoll	5285	B	T	core_destroyed	120
2026-08-11T17:57:18Z	CAP6	4570	drumlin	5285	A	C	core_destroyed	350
2026-08-11T17:57:19Z	CAP6	4571	drumlin	5285	B	C	core_destroyed	100
2026-08-11T17:57:21Z	CAP6	4572	fjordgate	5285	A	C	core_destroyed	171
2026-08-11T17:57:23Z	CAP6	4573	fjordgate	5285	B	T	core_destroyed	304
2026-08-11T17:57:25Z	CAP6	4574	heart	5285	A	T	core_destroyed	167
2026-08-11T17:57:28Z	CAP6	4575	heart	5285	B	C	core_destroyed	166
2026-08-11T17:57:30Z	CAP6	4576	hive	5285	A	T	core_destroyed	192
2026-08-11T17:57:35Z	CAP6	4577	hive	5285	B	T	core_destroyed	421
2026-08-11T17:57:36Z	CAP6	4578	meander	5285	A	C	core_destroyed	128
2026-08-11T17:57:39Z	CAP6	4579	meander	5285	B	C	core_destroyed	389
2026-08-11T17:57:42Z	CAP6	4580	nordkap	5285	A	T	core_destroyed	296
2026-08-11T17:57:44Z	CAP6	4581	nordkap	5285	B	C	core_destroyed	191
2026-08-11T17:57:47Z	CAP6	4582	antler	5286	A	C	core_destroyed	238
2026-08-11T17:57:49Z	CAP6	4583	antler	5286	B	T	core_destroyed	188
2026-08-11T17:57:51Z	CAP6	4584	atoll	5286	A	T	core_destroyed	212
2026-08-11T17:57:54Z	CAP6	4585	atoll	5286	B	C	tiebreak	1000
2026-08-11T17:57:57Z	CAP6	4586	drumlin	5286	A	T	core_destroyed	362
2026-08-11T17:58:00Z	CAP6	4587	drumlin	5286	B	C	core_destroyed	293
2026-08-11T17:58:02Z	CAP6	4588	fjordgate	5286	A	T	core_destroyed	141
2026-08-11T17:58:03Z	CAP6	4589	fjordgate	5286	B	T	core_destroyed	158
2026-08-11T17:58:08Z	CAP6	4590	heart	5286	A	T	core_destroyed	405
2026-08-11T17:58:10Z	CAP6	4591	heart	5286	B	T	core_destroyed	200
2026-08-11T17:58:14Z	CAP6	4592	hive	5286	A	T	core_destroyed	186
2026-08-11T17:58:15Z	CAP6	4593	hive	5286	B	C	core_destroyed	108
2026-08-11T17:58:16Z	CAP6	4594	meander	5286	A	C	core_destroyed	120
2026-08-11T17:58:18Z	CAP6	4595	meander	5286	B	C	core_destroyed	140
2026-08-11T17:58:19Z	CAP6	4596	nordkap	5286	A	T	core_destroyed	150
2026-08-11T17:58:21Z	CAP6	4597	nordkap	5286	B	C	core_destroyed	283
2026-08-11T17:58:23Z	CAP6	4598	antler	5287	A	T	core_destroyed	169
2026-08-11T17:58:25Z	CAP6	4599	antler	5287	B	C	core_destroyed	165
2026-08-11T17:58:27Z	CAP6	4600	atoll	5287	A	C	core_destroyed	240
2026-08-11T17:58:31Z	CAP6	4601	atoll	5287	B	T	core_destroyed	442
2026-08-11T17:58:33Z	CAP6	4602	drumlin	5287	A	C	core_destroyed	164
2026-08-11T17:58:38Z	CAP6	4603	drumlin	5287	B	T	core_destroyed	287
2026-08-11T17:58:39Z	CAP6	4604	fjordgate	5287	A	T	core_destroyed	198
2026-08-11T17:58:40Z	CAP6	4605	fjordgate	5287	B	T	core_destroyed	116
2026-08-11T17:58:47Z	CAP6	4606	heart	5287	A	C	core_destroyed	469
2026-08-11T17:58:51Z	CAP6	4607	heart	5287	B	T	core_destroyed	275
2026-08-11T17:58:53Z	CAP6	4608	hive	5287	A	C	core_destroyed	123
2026-08-11T17:58:56Z	CAP6	4609	hive	5287	B	T	core_destroyed	144
2026-08-11T17:58:58Z	CAP6	4610	meander	5287	A	T	core_destroyed	244
2026-08-11T17:59:00Z	CAP6	4611	meander	5287	B	C	core_destroyed	138
2026-08-11T17:59:01Z	CAP6	4612	nordkap	5287	A	T	core_destroyed	174
2026-08-11T17:59:03Z	CAP6	4613	nordkap	5287	B	C	core_destroyed	186
2026-08-11T17:59:05Z	CAP6	4614	antler	5288	A	C	core_destroyed	228
2026-08-11T17:59:07Z	CAP6	4615	antler	5288	B	C	core_destroyed	144
2026-08-11T17:59:08Z	CAP6	4616	atoll	5288	A	C	core_destroyed	144
2026-08-11T17:59:10Z	CAP6	4617	atoll	5288	B	C	core_destroyed	278
2026-08-11T17:59:12Z	CAP6	4618	drumlin	5288	A	T	core_destroyed	141
2026-08-11T17:59:14Z	CAP6	4619	drumlin	5288	B	T	core_destroyed	165
2026-08-11T17:59:15Z	CAP6	4620	fjordgate	5288	A	C	core_destroyed	209
2026-08-11T17:59:16Z	CAP6	4621	fjordgate	5288	B	C	core_destroyed	94
2026-08-11T17:59:43Z	CAP6	4622	heart	5288	A	T	tiebreak	1000
2026-08-11T17:59:47Z	CAP6	4623	heart	5288	B	T	core_destroyed	272
2026-08-11T17:59:51Z	CAP6	4624	hive	5288	A	C	core_destroyed	181
2026-08-11T17:59:55Z	CAP6	4625	hive	5288	B	T	core_destroyed	238
2026-08-11T17:59:57Z	CAP6	4626	meander	5288	A	T	core_destroyed	180
2026-08-11T17:59:59Z	CAP6	4627	meander	5288	B	T	core_destroyed	126
2026-08-11T18:00:00Z	CAP6	4628	nordkap	5288	A	T	core_destroyed	80
2026-08-11T18:00:02Z	CAP6	4629	nordkap	5288	B	T	core_destroyed	287
2026-08-11T18:00:04Z	CAP6	4630	antler	5289	A	C	core_destroyed	128
2026-08-11T18:00:06Z	CAP6	4631	antler	5289	B	C	core_destroyed	162
2026-08-11T18:00:08Z	CAP6	4632	atoll	5289	A	C	core_destroyed	120
2026-08-11T18:00:09Z	CAP6	4633	atoll	5289	B	T	core_destroyed	122
2026-08-11T18:00:11Z	CAP6	4634	drumlin	5289	A	T	core_destroyed	272
2026-08-11T18:00:14Z	CAP6	4635	drumlin	5289	B	C	core_destroyed	283
2026-08-11T18:00:16Z	CAP6	4636	fjordgate	5289	A	T	core_destroyed	141
2026-08-11T18:00:17Z	CAP6	4637	fjordgate	5289	B	C	core_destroyed	106
2026-08-11T18:00:22Z	CAP6	4638	heart	5289	A	C	tiebreak	1000
2026-08-11T18:00:26Z	CAP6	4639	heart	5289	B	T	core_destroyed	298
2026-08-11T18:00:29Z	CAP6	4640	hive	5289	A	C	core_destroyed	185
2026-08-11T18:00:33Z	CAP6	4641	hive	5289	B	C	core_destroyed	222
2026-08-11T18:00:34Z	CAP6	4642	meander	5289	A	C	core_destroyed	179
2026-08-11T18:00:37Z	CAP6	4643	meander	5289	B	C	core_destroyed	192
2026-08-11T18:00:41Z	CAP6	4644	nordkap	5289	A	T	core_destroyed	325
2026-08-11T18:00:45Z	CAP6	4645	nordkap	5289	B	C	core_destroyed	240
2026-08-11T18:00:46Z	CAP6	4646	antler	5290	A	T	core_destroyed	114
2026-08-11T18:00:49Z	CAP6	4647	antler	5290	B	T	core_destroyed	165
2026-08-11T18:00:54Z	CAP6	4648	atoll	5290	A	T	core_destroyed	769
2026-08-11T18:00:56Z	CAP6	4649	atoll	5290	B	T	core_destroyed	176
2026-08-11T18:00:59Z	CAP6	4650	drumlin	5290	A	T	core_destroyed	329
2026-08-11T18:01:01Z	CAP6	4651	drumlin	5290	B	C	core_destroyed	122
2026-08-11T18:01:03Z	CAP6	4652	fjordgate	5290	A	T	core_destroyed	173
2026-08-11T18:01:05Z	CAP6	4653	fjordgate	5290	B	T	core_destroyed	178
2026-08-11T18:01:08Z	CAP6	4654	heart	5290	A	T	core_destroyed	320
2026-08-11T18:01:12Z	CAP6	4655	heart	5290	B	T	core_destroyed	269
2026-08-11T18:01:17Z	CAP6	4656	hive	5290	A	C	core_destroyed	236
2026-08-11T18:01:19Z	CAP6	4657	hive	5290	B	T	core_destroyed	120
2026-08-11T18:01:21Z	CAP6	4658	meander	5290	A	C	core_destroyed	136
2026-08-11T18:01:23Z	CAP6	4659	meander	5290	B	T	core_destroyed	158
2026-08-11T18:01:25Z	CAP6	4660	nordkap	5290	A	C	core_destroyed	325
2026-08-11T18:01:28Z	CAP6	4661	nordkap	5290	B	C	core_destroyed	237
2026-08-11T18:01:30Z	CAP6	4662	antler	5291	A	C	core_destroyed	352
2026-08-11T18:01:32Z	CAP6	4663	antler	5291	B	T	core_destroyed	219
2026-08-11T18:01:34Z	CAP6	4664	atoll	5291	A	C	core_destroyed	133
2026-08-11T18:01:36Z	CAP6	4665	atoll	5291	B	C	core_destroyed	189
2026-08-11T18:01:41Z	CAP6	4666	drumlin	5291	A	T	core_destroyed	353
2026-08-11T18:01:46Z	CAP6	4667	drumlin	5291	B	T	core_destroyed	383
2026-08-11T18:01:47Z	CAP6	4668	fjordgate	5291	A	C	core_destroyed	193
2026-08-11T18:01:49Z	CAP6	4669	fjordgate	5291	B	C	core_destroyed	116
2026-08-11T18:01:52Z	CAP6	4670	heart	5291	A	C	core_destroyed	330
2026-08-11T18:01:53Z	CAP6	4671	heart	5291	B	T	core_destroyed	103
2026-08-11T18:01:58Z	CAP6	4672	hive	5291	A	C	core_destroyed	231
2026-08-11T18:02:02Z	CAP6	4673	hive	5291	B	C	core_destroyed	201
2026-08-11T18:02:04Z	CAP6	4674	meander	5291	A	C	core_destroyed	296
2026-08-11T18:02:08Z	CAP6	4675	meander	5291	B	T	core_destroyed	318
2026-08-11T18:02:09Z	CAP6	4676	nordkap	5291	A	T	core_destroyed	148
2026-08-11T18:02:12Z	CAP6	4677	nordkap	5291	B	C	core_destroyed	268
2026-08-11T18:02:16Z	CAP6	4678	antler	5292	A	T	core_destroyed	402
2026-08-11T18:02:19Z	CAP6	4679	antler	5292	B	C	core_destroyed	474
2026-08-11T18:02:21Z	CAP6	4680	atoll	5292	A	T	core_destroyed	202
2026-08-11T18:02:29Z	CAP6	4681	atoll	5292	B	C	core_destroyed	691
2026-08-11T18:02:32Z	CAP6	4682	drumlin	5292	A	C	core_destroyed	236
2026-08-11T18:02:35Z	CAP6	4683	drumlin	5292	B	C	core_destroyed	279
2026-08-11T18:02:37Z	CAP6	4684	fjordgate	5292	A	C	core_destroyed	257
2026-08-11T18:02:38Z	CAP6	4685	fjordgate	5292	B	C	core_destroyed	219
2026-08-11T18:02:41Z	CAP6	4686	heart	5292	A	C	core_destroyed	186
2026-08-11T18:02:45Z	CAP6	4687	heart	5292	B	T	core_destroyed	163
2026-08-11T18:02:48Z	CAP6	4688	hive	5292	A	T	core_destroyed	247
2026-08-11T18:02:52Z	CAP6	4689	hive	5292	B	T	core_destroyed	233
2026-08-11T18:02:56Z	CAP6	4690	meander	5292	A	C	core_destroyed	282
2026-08-11T18:02:59Z	CAP6	4691	meander	5292	B	C	core_destroyed	264
2026-08-11T18:03:02Z	CAP6	4692	nordkap	5292	A	T	core_destroyed	191
2026-08-11T18:03:03Z	CAP6	4693	nordkap	5292	B	C	core_destroyed	112
2026-08-11T18:03:05Z	CAP6	4694	antler	5293	A	T	core_destroyed	164
2026-08-11T18:03:08Z	CAP6	4695	antler	5293	B	T	core_destroyed	185
2026-08-11T18:03:11Z	CAP6	4696	atoll	5293	A	C	core_destroyed	360
2026-08-11T18:03:12Z	CAP6	4697	atoll	5293	B	C	core_destroyed	148
2026-08-11T18:03:15Z	CAP6	4698	drumlin	5293	A	T	core_destroyed	208
2026-08-11T18:03:20Z	CAP6	4699	drumlin	5293	B	C	core_destroyed	304
2026-08-11T18:03:22Z	CAP6	4700	fjordgate	5293	A	C	core_destroyed	189
2026-08-11T18:03:24Z	CAP6	4701	fjordgate	5293	B	T	core_destroyed	210
2026-08-11T18:03:26Z	CAP6	4702	heart	5293	A	T	core_destroyed	113
2026-08-11T18:03:29Z	CAP6	4703	heart	5293	B	T	core_destroyed	191
2026-08-11T18:03:32Z	CAP6	4704	hive	5293	A	C	core_destroyed	218
2026-08-11T18:03:34Z	CAP6	4705	hive	5293	B	T	core_destroyed	164
2026-08-11T18:03:37Z	CAP6	4706	meander	5293	A	T	core_destroyed	236
2026-08-11T18:03:38Z	CAP6	4707	meander	5293	B	C	core_destroyed	161
2026-08-11T18:03:41Z	CAP6	4708	nordkap	5293	A	C	core_destroyed	214
2026-08-11T18:03:42Z	CAP6	4709	nordkap	5293	B	C	core_destroyed	83
2026-08-11T18:03:44Z	CAP6	4710	antler	5294	A	C	core_destroyed	160
2026-08-11T18:03:46Z	CAP6	4711	antler	5294	B	C	core_destroyed	242
2026-08-11T18:03:48Z	CAP6	4712	atoll	5294	A	T	core_destroyed	188
2026-08-11T18:03:50Z	CAP6	4713	atoll	5294	B	C	core_destroyed	477
2026-08-11T18:03:54Z	CAP6	4714	drumlin	5294	A	C	core_destroyed	304
2026-08-11T18:03:57Z	CAP6	4715	drumlin	5294	B	C	core_destroyed	183
2026-08-11T18:03:59Z	CAP6	4716	fjordgate	5294	A	T	core_destroyed	352
2026-08-11T18:04:00Z	CAP6	4717	fjordgate	5294	B	C	core_destroyed	142
2026-08-11T18:04:03Z	CAP6	4718	heart	5294	A	T	core_destroyed	169
2026-08-11T18:04:07Z	CAP6	4719	heart	5294	B	C	core_destroyed	290
2026-08-11T18:04:11Z	CAP6	4720	hive	5294	A	C	core_destroyed	250
2026-08-11T18:04:16Z	CAP6	4721	hive	5294	B	T	core_destroyed	312
2026-08-11T18:04:18Z	CAP6	4722	meander	5294	A	C	core_destroyed	202
2026-08-11T18:04:20Z	CAP6	4723	meander	5294	B	T	core_destroyed	132
2026-08-11T18:04:22Z	CAP6	4724	nordkap	5294	A	T	core_destroyed	145
2026-08-11T18:04:24Z	CAP6	4725	nordkap	5294	B	C	core_destroyed	145
2026-08-11T18:04:26Z	CAP6	4726	antler	5295	A	C	core_destroyed	313
2026-08-11T18:04:29Z	CAP6	4727	antler	5295	B	T	core_destroyed	317
2026-08-11T18:04:32Z	CAP6	4728	atoll	5295	A	T	core_destroyed	532
2026-08-11T18:04:34Z	CAP6	4729	atoll	5295	B	T	core_destroyed	100
2026-08-11T18:04:39Z	CAP6	4730	drumlin	5295	A	T	core_destroyed	417
2026-08-11T18:04:41Z	CAP6	4731	drumlin	5295	B	C	core_destroyed	192
2026-08-11T18:04:43Z	CAP6	4732	fjordgate	5295	A	T	core_destroyed	173
2026-08-11T18:04:44Z	CAP6	4733	fjordgate	5295	B	T	core_destroyed	133
2026-08-11T18:04:53Z	CAP6	4734	heart	5295	A	T	core_destroyed	666
2026-08-11T18:04:56Z	CAP6	4735	heart	5295	B	T	core_destroyed	225
2026-08-11T18:04:59Z	CAP6	4736	hive	5295	A	C	core_destroyed	165
2026-08-11T18:05:01Z	CAP6	4737	hive	5295	B	T	core_destroyed	131
2026-08-11T18:05:03Z	CAP6	4738	meander	5295	A	C	core_destroyed	110
2026-08-11T18:05:04Z	CAP6	4739	meander	5295	B	T	core_destroyed	119
2026-08-11T18:05:07Z	CAP6	4740	nordkap	5295	A	C	core_destroyed	201
2026-08-11T18:05:08Z	CAP6	4741	nordkap	5295	B	C	core_destroyed	176
2026-08-11T18:05:12Z	CAP6	4742	antler	5296	A	T	core_destroyed	243
2026-08-11T18:05:14Z	CAP6	4743	antler	5296	B	C	core_destroyed	277
2026-08-11T18:05:16Z	CAP6	4744	atoll	5296	A	T	core_destroyed	148
2026-08-11T18:05:17Z	CAP6	4745	atoll	5296	B	T	core_destroyed	131
2026-08-11T18:05:19Z	CAP6	4746	drumlin	5296	A	C	core_destroyed	80
2026-08-11T18:05:23Z	CAP6	4747	drumlin	5296	B	C	core_destroyed	254
2026-08-11T18:05:24Z	CAP6	4748	fjordgate	5296	A	C	core_destroyed	132
2026-08-11T18:05:26Z	CAP6	4749	fjordgate	5296	B	C	core_destroyed	175
2026-08-11T18:05:28Z	CAP6	4750	heart	5296	A	T	core_destroyed	194
2026-08-11T18:05:29Z	CAP6	4751	heart	5296	B	C	core_destroyed	137
2026-08-11T18:05:36Z	CAP6	4752	hive	5296	A	C	core_destroyed	392
2026-08-11T18:05:45Z	CAP6	4753	hive	5296	B	C	core_destroyed	548
2026-08-11T18:05:46Z	CAP6	4754	meander	5296	A	C	core_destroyed	128
2026-08-11T18:05:47Z	CAP6	4755	meander	5296	B	C	core_destroyed	153
2026-08-11T18:05:50Z	CAP6	4756	nordkap	5296	A	T	core_destroyed	178
2026-08-11T18:05:54Z	CAP6	4757	nordkap	5296	B	T	core_destroyed	291
2026-08-11T18:05:56Z	CAP6	4758	antler	5297	A	C	core_destroyed	168
2026-08-11T18:05:57Z	CAP6	4759	antler	5297	B	C	core_destroyed	164
2026-08-11T18:06:12Z	CAP6	4760	atoll	5297	A	C	tiebreak	1000
2026-08-11T18:06:14Z	CAP6	4761	atoll	5297	B	T	core_destroyed	115
2026-08-11T18:06:18Z	CAP6	4762	drumlin	5297	A	T	core_destroyed	270
2026-08-11T18:06:25Z	CAP6	4763	drumlin	5297	B	T	core_destroyed	516
2026-08-11T18:06:27Z	CAP6	4764	fjordgate	5297	A	T	core_destroyed	302
2026-08-11T18:06:29Z	CAP6	4765	fjordgate	5297	B	T	core_destroyed	203
2026-08-11T18:06:33Z	CAP6	4766	heart	5297	A	T	core_destroyed	222
2026-08-11T18:06:35Z	CAP6	4767	heart	5297	B	C	core_destroyed	121
2026-08-11T18:06:37Z	CAP6	4768	hive	5297	A	C	core_destroyed	190
2026-08-11T18:06:40Z	CAP6	4769	hive	5297	B	C	core_destroyed	151
2026-08-11T18:06:48Z	CAP6	4770	meander	5297	A	C	core_destroyed	554
2026-08-11T18:06:51Z	CAP6	4771	meander	5297	B	C	core_destroyed	222
2026-08-11T18:06:52Z	CAP6	4772	nordkap	5297	A	C	core_destroyed	126
2026-08-11T18:06:55Z	CAP6	4773	nordkap	5297	B	T	core_destroyed	267
2026-08-11T18:06:57Z	CAP6	4774	antler	5298	A	T	core_destroyed	232
2026-08-11T18:06:59Z	CAP6	4775	antler	5298	B	C	core_destroyed	206
2026-08-11T18:07:02Z	CAP6	4776	atoll	5298	A	T	core_destroyed	297
2026-08-11T18:07:03Z	CAP6	4777	atoll	5298	B	C	core_destroyed	160
2026-08-11T18:07:07Z	CAP6	4778	drumlin	5298	A	T	core_destroyed	292
2026-08-11T18:07:09Z	CAP6	4779	drumlin	5298	B	C	core_destroyed	187
2026-08-11T18:07:11Z	CAP6	4780	fjordgate	5298	A	C	core_destroyed	197
2026-08-11T18:07:17Z	CAP6	4781	fjordgate	5298	B	C	tiebreak	1000
2026-08-11T18:07:23Z	CAP6	4782	heart	5298	A	C	core_destroyed	295
2026-08-11T18:07:26Z	CAP6	4783	heart	5298	B	T	core_destroyed	163
2026-08-11T18:07:28Z	CAP6	4784	hive	5298	A	C	core_destroyed	115
2026-08-11T18:07:30Z	CAP6	4785	hive	5298	B	T	core_destroyed	120
2026-08-11T18:07:33Z	CAP6	4786	meander	5298	A	C	core_destroyed	322
2026-08-11T18:07:34Z	CAP6	4787	meander	5298	B	T	core_destroyed	134
2026-08-11T18:07:37Z	CAP6	4788	nordkap	5298	A	T	core_destroyed	268
2026-08-11T18:07:40Z	CAP6	4789	nordkap	5298	B	T	core_destroyed	330
2026-08-11T18:07:42Z	CAP6	4790	antler	5299	A	T	core_destroyed	168
2026-08-11T18:07:43Z	CAP6	4791	antler	5299	B	C	core_destroyed	174
2026-08-11T18:07:48Z	CAP6	4792	atoll	5299	A	T	core_destroyed	388
2026-08-11T18:07:51Z	CAP6	4793	atoll	5299	B	T	core_destroyed	441
2026-08-11T18:07:54Z	CAP6	4794	drumlin	5299	A	T	core_destroyed	362
2026-08-11T18:08:00Z	CAP6	4795	drumlin	5299	B	T	core_destroyed	444
2026-08-11T18:08:02Z	CAP6	4796	fjordgate	5299	A	T	core_destroyed	237
2026-08-11T18:08:03Z	CAP6	4797	fjordgate	5299	B	T	core_destroyed	149
2026-08-11T18:08:08Z	CAP6	4798	heart	5299	A	C	core_destroyed	333
2026-08-11T18:08:11Z	CAP6	4799	heart	5299	B	T	core_destroyed	165
2026-08-11T18:08:18Z	CAP6	4800	hive	5299	A	T	core_destroyed	389
2026-08-11T18:08:21Z	CAP6	4801	hive	5299	B	C	core_destroyed	179
2026-08-11T18:08:23Z	CAP6	4802	meander	5299	A	C	core_destroyed	166
2026-08-11T18:08:24Z	CAP6	4803	meander	5299	B	T	core_destroyed	122
2026-08-11T18:08:26Z	CAP6	4804	nordkap	5299	A	T	core_destroyed	194
2026-08-11T18:08:27Z	CAP6	4805	nordkap	5299	B	C	core_destroyed	157
2026-08-11T18:08:29Z	CAP6	4806	antler	5300	A	C	core_destroyed	421
2026-08-11T18:08:31Z	CAP6	4807	antler	5300	B	T	core_destroyed	568
2026-08-11T18:08:34Z	CAP6	4808	atoll	5300	A	C	core_destroyed	223
2026-08-11T18:08:36Z	CAP6	4809	atoll	5300	B	T	core_destroyed	152
2026-08-11T18:08:39Z	CAP6	4810	drumlin	5300	A	T	core_destroyed	270
2026-08-11T18:08:40Z	CAP6	4811	drumlin	5300	B	C	core_destroyed	99
2026-08-11T18:08:41Z	CAP6	4812	fjordgate	5300	A	C	core_destroyed	141
2026-08-11T18:08:43Z	CAP6	4813	fjordgate	5300	B	C	core_destroyed	138
2026-08-11T18:08:47Z	CAP6	4814	heart	5300	A	C	core_destroyed	267
2026-08-11T18:08:49Z	CAP6	4815	heart	5300	B	C	core_destroyed	128
2026-08-11T18:08:51Z	CAP6	4816	hive	5300	A	C	core_destroyed	170
2026-08-11T18:08:58Z	CAP6	4817	hive	5300	B	T	core_destroyed	381
2026-08-11T18:08:59Z	CAP6	4818	meander	5300	A	C	core_destroyed	158
2026-08-11T18:09:01Z	CAP6	4819	meander	5300	B	C	core_destroyed	243
2026-08-11T18:09:02Z	CAP6	4820	nordkap	5300	A	T	core_destroyed	91
2026-08-11T18:09:04Z	CAP6	4821	nordkap	5300	B	C	core_destroyed	100
2026-08-11T18:09:07Z	CAP6	4822	antler	5301	A	T	core_destroyed	342
2026-08-11T18:09:08Z	CAP6	4823	antler	5301	B	C	core_destroyed	214
2026-08-11T18:09:10Z	CAP6	4824	atoll	5301	A	T	core_destroyed	94
2026-08-11T18:09:12Z	CAP6	4825	atoll	5301	B	T	core_destroyed	505
2026-08-11T18:09:13Z	CAP6	4826	drumlin	5301	A	C	core_destroyed	90
2026-08-11T18:09:18Z	CAP6	4827	drumlin	5301	B	T	core_destroyed	260
2026-08-11T18:09:19Z	CAP6	4828	fjordgate	5301	A	T	core_destroyed	141
2026-08-11T18:09:20Z	CAP6	4829	fjordgate	5301	B	T	core_destroyed	118
2026-08-11T18:09:30Z	CAP6	4830	heart	5301	A	T	tiebreak	1000
2026-08-11T18:09:35Z	CAP6	4831	heart	5301	B	T	core_destroyed	291
2026-08-11T18:09:40Z	CAP6	4832	hive	5301	A	C	core_destroyed	305
2026-08-11T18:09:44Z	CAP6	4833	hive	5301	B	C	core_destroyed	331
2026-08-11T18:09:47Z	CAP6	4834	meander	5301	A	C	core_destroyed	246
2026-08-11T18:09:49Z	CAP6	4835	meander	5301	B	C	core_destroyed	176
2026-08-11T18:09:50Z	CAP6	4836	nordkap	5301	A	T	core_destroyed	111
2026-08-11T18:09:52Z	CAP6	4837	nordkap	5301	B	T	core_destroyed	225
2026-08-11T18:09:54Z	CAP6	4838	antler	5302	A	T	core_destroyed	306
2026-08-11T18:09:56Z	CAP6	4839	antler	5302	B	C	core_destroyed	114
2026-08-11T18:09:58Z	CAP6	4840	atoll	5302	A	C	core_destroyed	303
2026-08-11T18:10:04Z	CAP6	4841	atoll	5302	B	C	core_destroyed	411
2026-08-11T18:10:09Z	CAP6	4842	drumlin	5302	A	T	core_destroyed	326
2026-08-11T18:10:13Z	CAP6	4843	drumlin	5302	B	T	core_destroyed	378
2026-08-11T18:10:14Z	CAP6	4844	fjordgate	5302	A	C	core_destroyed	110
2026-08-11T18:10:16Z	CAP6	4845	fjordgate	5302	B	C	core_destroyed	137
2026-08-11T18:10:19Z	CAP6	4846	heart	5302	A	T	core_destroyed	176
2026-08-11T18:10:22Z	CAP6	4847	heart	5302	B	C	core_destroyed	213
2026-08-11T18:10:27Z	CAP6	4848	hive	5302	A	C	core_destroyed	288
2026-08-11T18:10:31Z	CAP6	4849	hive	5302	B	C	core_destroyed	274
2026-08-11T18:10:33Z	CAP6	4850	meander	5302	A	T	core_destroyed	141
2026-08-11T18:10:34Z	CAP6	4851	meander	5302	B	T	core_destroyed	121
2026-08-11T18:10:36Z	CAP6	4852	nordkap	5302	A	T	core_destroyed	146
2026-08-11T18:10:39Z	CAP6	4853	nordkap	5302	B	T	core_destroyed	291
2026-08-11T18:10:41Z	CAP6	4854	antler	5303	A	C	core_destroyed	133
2026-08-11T18:10:42Z	CAP6	4855	antler	5303	B	T	core_destroyed	249
2026-08-11T18:10:45Z	CAP6	4856	atoll	5303	A	C	tiebreak	1000
2026-08-11T18:10:49Z	CAP6	4857	atoll	5303	B	C	tiebreak	1000
2026-08-11T18:10:51Z	CAP6	4858	drumlin	5303	A	C	core_destroyed	169
2026-08-11T18:10:56Z	CAP6	4859	drumlin	5303	B	T	core_destroyed	423
2026-08-11T18:10:57Z	CAP6	4860	fjordgate	5303	A	T	core_destroyed	317
2026-08-11T18:10:58Z	CAP6	4861	fjordgate	5303	B	C	core_destroyed	179
2026-08-11T18:11:02Z	CAP6	4862	heart	5303	A	C	core_destroyed	273
2026-08-11T18:11:05Z	CAP6	4863	heart	5303	B	C	core_destroyed	201
2026-08-11T18:11:07Z	CAP6	4864	hive	5303	A	C	core_destroyed	98
2026-08-11T18:11:09Z	CAP6	4865	hive	5303	B	C	core_destroyed	152
2026-08-11T18:11:10Z	CAP6	4866	meander	5303	A	C	core_destroyed	141
2026-08-11T18:11:13Z	CAP6	4867	meander	5303	B	T	core_destroyed	240
2026-08-11T18:11:14Z	CAP6	4868	nordkap	5303	A	T	core_destroyed	166
2026-08-11T18:11:17Z	CAP6	4869	nordkap	5303	B	T	core_destroyed	309
2026-08-11T18:11:18Z	CAP6	4870	antler	5304	A	T	core_destroyed	100
2026-08-11T18:11:20Z	CAP6	4871	antler	5304	B	T	core_destroyed	170
2026-08-11T18:11:23Z	CAP6	4872	atoll	5304	A	T	core_destroyed	316
2026-08-11T18:11:25Z	CAP6	4873	atoll	5304	B	T	core_destroyed	152
2026-08-11T18:11:29Z	CAP6	4874	drumlin	5304	A	T	core_destroyed	369
2026-08-11T18:11:35Z	CAP6	4875	drumlin	5304	B	T	core_destroyed	632
2026-08-11T18:11:36Z	CAP6	4876	fjordgate	5304	A	C	core_destroyed	168
2026-08-11T18:11:38Z	CAP6	4877	fjordgate	5304	B	C	core_destroyed	172
2026-08-11T18:11:40Z	CAP6	4878	heart	5304	A	C	core_destroyed	212
2026-08-11T18:11:43Z	CAP6	4879	heart	5304	B	T	core_destroyed	150
2026-08-11T18:11:45Z	CAP6	4880	hive	5304	A	T	core_destroyed	129
2026-08-11T18:11:48Z	CAP6	4881	hive	5304	B	T	core_destroyed	174
2026-08-11T18:11:50Z	CAP6	4882	meander	5304	A	C	core_destroyed	201
2026-08-11T18:11:51Z	CAP6	4883	meander	5304	B	C	core_destroyed	167
2026-08-11T18:11:54Z	CAP6	4884	nordkap	5304	A	C	core_destroyed	218
2026-08-11T18:11:56Z	CAP6	4885	nordkap	5304	B	T	core_destroyed	198
2026-08-11T18:11:58Z	CAP6	4886	antler	5305	A	T	core_destroyed	184
2026-08-11T18:12:00Z	CAP6	4887	antler	5305	B	C	core_destroyed	90
2026-08-11T18:12:02Z	CAP6	4888	atoll	5305	A	C	core_destroyed	339
2026-08-11T18:12:08Z	CAP6	4889	atoll	5305	B	C	core_destroyed	547
2026-08-11T18:12:11Z	CAP6	4890	drumlin	5305	A	T	core_destroyed	173
2026-08-11T18:12:16Z	CAP6	4891	drumlin	5305	B	C	core_destroyed	395
2026-08-11T18:12:17Z	CAP6	4892	fjordgate	5305	A	T	core_destroyed	258
2026-08-11T18:12:19Z	CAP6	4893	fjordgate	5305	B	C	core_destroyed	285
2026-08-11T18:12:23Z	CAP6	4894	heart	5305	A	C	core_destroyed	215
2026-08-11T18:12:25Z	CAP6	4895	heart	5305	B	C	core_destroyed	143
2026-08-11T18:12:27Z	CAP6	4896	hive	5305	A	T	core_destroyed	181
2026-08-11T18:12:30Z	CAP6	4897	hive	5305	B	T	core_destroyed	271
2026-08-11T18:12:32Z	CAP6	4898	meander	5305	A	C	core_destroyed	162
2026-08-11T18:12:34Z	CAP6	4899	meander	5305	B	T	core_destroyed	172
2026-08-11T18:12:35Z	CAP6	4900	nordkap	5305	A	T	core_destroyed	185
2026-08-11T18:12:37Z	CAP6	4901	nordkap	5305	B	T	core_destroyed	112
2026-08-11T18:12:39Z	CAP6	4902	antler	5306	A	C	core_destroyed	181
2026-08-11T18:12:42Z	CAP6	4903	antler	5306	B	T	core_destroyed	204
2026-08-11T18:12:45Z	CAP6	4904	atoll	5306	A	C	core_destroyed	246
2026-08-11T18:12:46Z	CAP6	4905	atoll	5306	B	C	core_destroyed	256
2026-08-11T18:12:55Z	CAP6	4906	drumlin	5306	A	T	core_destroyed	484
2026-08-11T18:12:57Z	CAP6	4907	drumlin	5306	B	T	core_destroyed	104
2026-08-11T18:12:58Z	CAP6	4908	fjordgate	5306	A	C	core_destroyed	124
2026-08-11T18:13:00Z	CAP6	4909	fjordgate	5306	B	C	core_destroyed	118
2026-08-11T18:13:02Z	CAP6	4910	heart	5306	A	T	core_destroyed	221
2026-08-11T18:13:07Z	CAP6	4911	heart	5306	B	C	core_destroyed	270
2026-08-11T18:13:10Z	CAP6	4912	hive	5306	A	C	core_destroyed	202
2026-08-11T18:13:14Z	CAP6	4913	hive	5306	B	T	core_destroyed	298
2026-08-11T18:13:16Z	CAP6	4914	meander	5306	A	T	core_destroyed	130
2026-08-11T18:13:17Z	CAP6	4915	meander	5306	B	T	core_destroyed	207
2026-08-11T18:13:20Z	CAP6	4916	nordkap	5306	A	T	core_destroyed	181
2026-08-11T18:13:22Z	CAP6	4917	nordkap	5306	B	C	core_destroyed	310
2026-08-11T18:13:24Z	CAP6	4918	antler	5307	A	C	core_destroyed	172
2026-08-11T18:13:26Z	CAP6	4919	antler	5307	B	T	core_destroyed	242
2026-08-11T18:13:28Z	CAP6	4920	atoll	5307	A	C	core_destroyed	332
2026-08-11T18:13:39Z	CAP6	4921	atoll	5307	B	C	core_destroyed	787
2026-08-11T18:13:41Z	CAP6	4922	drumlin	5307	A	T	core_destroyed	244
2026-08-11T18:13:44Z	CAP6	4923	drumlin	5307	B	C	core_destroyed	220
2026-08-11T18:13:47Z	CAP6	4924	fjordgate	5307	A	T	core_destroyed	251
2026-08-11T18:13:48Z	CAP6	4925	fjordgate	5307	B	C	core_destroyed	281
2026-08-11T18:13:54Z	CAP6	4926	heart	5307	A	C	core_destroyed	235
2026-08-11T18:13:57Z	CAP6	4927	heart	5307	B	C	core_destroyed	150
2026-08-11T18:14:00Z	CAP6	4928	hive	5307	A	T	core_destroyed	220
2026-08-11T18:14:04Z	CAP6	4929	hive	5307	B	T	core_destroyed	353
2026-08-11T18:14:06Z	CAP6	4930	meander	5307	A	T	core_destroyed	186
2026-08-11T18:14:08Z	CAP6	4931	meander	5307	B	T	core_destroyed	145
2026-08-11T18:14:10Z	CAP6	4932	nordkap	5307	A	T	core_destroyed	154
2026-08-11T18:14:11Z	CAP6	4933	nordkap	5307	B	C	core_destroyed	133
2026-08-11T18:14:13Z	CAP6	4934	antler	5308	A	T	core_destroyed	163
2026-08-11T18:14:15Z	CAP6	4935	antler	5308	B	C	core_destroyed	159
2026-08-11T18:14:17Z	CAP6	4936	atoll	5308	A	T	core_destroyed	438
2026-08-11T18:14:20Z	CAP6	4937	atoll	5308	B	C	core_destroyed	303
2026-08-11T18:14:22Z	CAP6	4938	drumlin	5308	A	T	core_destroyed	188
2026-08-11T18:14:26Z	CAP6	4939	drumlin	5308	B	T	core_destroyed	307
2026-08-11T18:14:27Z	CAP6	4940	fjordgate	5308	A	C	core_destroyed	83
2026-08-11T18:14:29Z	CAP6	4941	fjordgate	5308	B	C	core_destroyed	177
2026-08-11T18:14:33Z	CAP6	4942	heart	5308	A	T	core_destroyed	642
2026-08-11T18:14:35Z	CAP6	4943	heart	5308	B	C	core_destroyed	146
2026-08-11T18:14:37Z	CAP6	4944	hive	5308	A	C	core_destroyed	257
2026-08-11T18:14:43Z	CAP6	4945	hive	5308	B	T	core_destroyed	356
2026-08-11T18:14:45Z	CAP6	4946	meander	5308	A	C	core_destroyed	132
2026-08-11T18:14:46Z	CAP6	4947	meander	5308	B	C	core_destroyed	153
2026-08-11T18:14:49Z	CAP6	4948	nordkap	5308	A	T	core_destroyed	232
2026-08-11T18:14:50Z	CAP6	4949	nordkap	5308	B	C	core_destroyed	102
2026-08-11T18:14:52Z	CAP6	4950	antler	5309	A	T	core_destroyed	193
2026-08-11T18:14:54Z	CAP6	4951	antler	5309	B	C	core_destroyed	166
2026-08-11T18:14:57Z	CAP6	4952	atoll	5309	A	C	core_destroyed	606
2026-08-11T18:14:58Z	CAP6	4953	atoll	5309	B	T	core_destroyed	122
2026-08-11T18:15:00Z	CAP6	4954	drumlin	5309	A	C	core_destroyed	147
2026-08-11T18:15:09Z	CAP6	4955	drumlin	5309	B	C	core_destroyed	538
2026-08-11T18:15:10Z	CAP6	4956	fjordgate	5309	A	C	core_destroyed	388
2026-08-11T18:15:12Z	CAP6	4957	fjordgate	5309	B	C	core_destroyed	142
2026-08-11T18:15:15Z	CAP6	4958	heart	5309	A	T	core_destroyed	211
2026-08-11T18:15:19Z	CAP6	4959	heart	5309	B	T	core_destroyed	222
2026-08-11T18:15:26Z	CAP6	4960	hive	5309	A	C	core_destroyed	450
2026-08-11T18:15:29Z	CAP6	4961	hive	5309	B	C	core_destroyed	266
2026-08-11T18:15:31Z	CAP6	4962	meander	5309	A	T	core_destroyed	212
2026-08-11T18:15:33Z	CAP6	4963	meander	5309	B	T	core_destroyed	138
2026-08-11T18:15:35Z	CAP6	4964	nordkap	5309	A	T	core_destroyed	223
2026-08-11T18:15:36Z	CAP6	4965	nordkap	5309	B	C	core_destroyed	128
2026-08-11T18:15:39Z	CAP6	4966	antler	5310	A	C	core_destroyed	340
2026-08-11T18:15:42Z	CAP6	4967	antler	5310	B	C	core_destroyed	265
2026-08-11T18:15:44Z	CAP6	4968	atoll	5310	A	T	core_destroyed	219
2026-08-11T18:15:46Z	CAP6	4969	atoll	5310	B	T	core_destroyed	176
2026-08-11T18:15:49Z	CAP6	4970	drumlin	5310	A	C	core_destroyed	613
2026-08-11T18:15:55Z	CAP6	4971	drumlin	5310	B	C	core_destroyed	372
2026-08-11T18:15:57Z	CAP6	4972	fjordgate	5310	A	T	core_destroyed	171
2026-08-11T18:16:01Z	CAP6	4973	fjordgate	5310	B	C	core_destroyed	676
2026-08-11T18:16:03Z	CAP6	4974	heart	5310	A	T	core_destroyed	151
2026-08-11T18:16:09Z	CAP6	4975	heart	5310	B	T	core_destroyed	311
2026-08-11T18:16:16Z	CAP6	4976	hive	5310	A	T	core_destroyed	431
2026-08-11T18:16:20Z	CAP6	4977	hive	5310	B	C	core_destroyed	331
2026-08-11T18:16:23Z	CAP6	4978	meander	5310	A	T	core_destroyed	288
2026-08-11T18:16:25Z	CAP6	4979	meander	5310	B	T	core_destroyed	182
2026-08-11T18:16:28Z	CAP6	4980	nordkap	5310	A	C	core_destroyed	195
2026-08-11T18:16:29Z	CAP6	4981	nordkap	5310	B	C	core_destroyed	112
2026-08-11T18:16:33Z	CAP6	4982	antler	5311	A	C	core_destroyed	426
2026-08-11T18:16:37Z	CAP6	4983	antler	5311	B	T	core_destroyed	628
2026-08-11T18:16:39Z	CAP6	4984	atoll	5311	A	T	core_destroyed	354
2026-08-11T18:16:42Z	CAP6	4985	atoll	5311	B	C	core_destroyed	408
2026-08-11T18:16:44Z	CAP6	4986	drumlin	5311	A	C	core_destroyed	140
2026-08-11T18:16:46Z	CAP6	4987	drumlin	5311	B	C	core_destroyed	194
2026-08-11T18:16:47Z	CAP6	4988	fjordgate	5311	A	C	core_destroyed	136
2026-08-11T18:16:49Z	CAP6	4989	fjordgate	5311	B	C	core_destroyed	260
2026-08-11T18:16:51Z	CAP6	4990	heart	5311	A	T	core_destroyed	202
2026-08-11T18:16:54Z	CAP6	4991	heart	5311	B	T	core_destroyed	146
2026-08-11T18:16:57Z	CAP6	4992	hive	5311	A	C	core_destroyed	179
2026-08-11T18:17:01Z	CAP6	4993	hive	5311	B	C	core_destroyed	237
2026-08-11T18:17:04Z	CAP6	4994	meander	5311	A	T	core_destroyed	278
2026-08-11T18:17:05Z	CAP6	4995	meander	5311	B	T	core_destroyed	124
2026-08-11T18:17:07Z	CAP6	4996	nordkap	5311	A	T	core_destroyed	113
2026-08-11T18:17:09Z	CAP6	4997	nordkap	5311	B	C	core_destroyed	150
2026-08-11T18:17:12Z	CAP6	4998	antler	5312	A	C	core_destroyed	246
2026-08-11T18:17:15Z	CAP6	4999	antler	5312	B	C	core_destroyed	235
2026-08-11T18:17:17Z	CAP6	5000	atoll	5312	A	T	core_destroyed	127
2026-08-11T18:17:21Z	CAP6	5001	atoll	5312	B	T	core_destroyed	314
2026-08-11T18:17:22Z	CAP6	5002	drumlin	5312	A	C	core_destroyed	108
2026-08-11T18:17:25Z	CAP6	5003	drumlin	5312	B	T	core_destroyed	116
2026-08-11T18:17:26Z	CAP6	5004	fjordgate	5312	A	T	core_destroyed	134
2026-08-11T18:17:28Z	CAP6	5005	fjordgate	5312	B	C	core_destroyed	290
2026-08-11T18:17:40Z	CAP6	5006	heart	5312	A	T	tiebreak	1000
2026-08-11T18:17:43Z	CAP6	5007	heart	5312	B	C	core_destroyed	138
2026-08-11T18:17:45Z	CAP6	5008	hive	5312	A	C	core_destroyed	122
2026-08-11T18:17:48Z	CAP6	5009	hive	5312	B	C	core_destroyed	226
2026-08-11T18:17:50Z	CAP6	5010	meander	5312	A	C	core_destroyed	177
2026-08-11T18:17:52Z	CAP6	5011	meander	5312	B	T	core_destroyed	131
2026-08-11T18:17:55Z	CAP6	5012	nordkap	5312	A	T	core_destroyed	397
2026-08-11T18:17:58Z	CAP6	5013	nordkap	5312	B	T	core_destroyed	125
2026-08-11T18:18:01Z	CAP6	5014	antler	5313	A	T	core_destroyed	370
2026-08-11T18:18:07Z	CAP6	5015	antler	5313	B	T	tiebreak	1000
2026-08-11T18:18:10Z	CAP6	5016	atoll	5313	A	C	core_destroyed	216
2026-08-11T18:18:13Z	CAP6	5017	atoll	5313	B	C	core_destroyed	267
2026-08-11T18:18:18Z	CAP6	5018	drumlin	5313	A	C	core_destroyed	412
2026-08-11T18:18:20Z	CAP6	5019	drumlin	5313	B	C	core_destroyed	160
2026-08-11T18:18:21Z	CAP6	5020	fjordgate	5313	A	C	core_destroyed	165
2026-08-11T18:18:22Z	CAP6	5021	fjordgate	5313	B	T	core_destroyed	135
2026-08-11T18:18:33Z	CAP6	5022	heart	5313	A	C	tiebreak	1000
2026-08-11T18:18:36Z	CAP6	5023	heart	5313	B	C	core_destroyed	193
2026-08-11T18:18:41Z	CAP6	5024	hive	5313	A	T	core_destroyed	289
2026-08-11T18:18:42Z	CAP6	5025	hive	5313	B	C	core_destroyed	120
2026-08-11T18:18:44Z	CAP6	5026	meander	5313	A	T	core_destroyed	97
2026-08-11T18:18:46Z	CAP6	5027	meander	5313	B	T	core_destroyed	155
2026-08-11T18:18:47Z	CAP6	5028	nordkap	5313	A	T	core_destroyed	131
2026-08-11T18:18:50Z	CAP6	5029	nordkap	5313	B	C	core_destroyed	221
2026-08-11T18:18:51Z	CAP6	5030	antler	5314	A	T	core_destroyed	282
2026-08-11T18:18:54Z	CAP6	5031	antler	5314	B	C	core_destroyed	185
2026-08-11T18:18:55Z	CAP6	5032	atoll	5314	A	C	core_destroyed	149
2026-08-11T18:18:56Z	CAP6	5033	atoll	5314	B	T	core_destroyed	146
2026-08-11T18:18:59Z	CAP6	5034	drumlin	5314	A	T	core_destroyed	166
2026-08-11T18:19:01Z	CAP6	5035	drumlin	5314	B	T	core_destroyed	122
2026-08-11T18:19:02Z	CAP6	5036	fjordgate	5314	A	T	core_destroyed	165
2026-08-11T18:19:04Z	CAP6	5037	fjordgate	5314	B	C	tiebreak	1000
2026-08-11T18:19:07Z	CAP6	5038	heart	5314	A	T	core_destroyed	175
2026-08-11T18:19:10Z	CAP6	5039	heart	5314	B	C	core_destroyed	278
2026-08-11T18:19:14Z	CAP6	5040	hive	5314	A	T	core_destroyed	278
2026-08-11T18:19:20Z	CAP6	5041	hive	5314	B	C	core_destroyed	420
2026-08-11T18:19:22Z	CAP6	5042	meander	5314	A	T	core_destroyed	257
2026-08-11T18:19:24Z	CAP6	5043	meander	5314	B	T	core_destroyed	180
2026-08-11T18:19:25Z	CAP6	5044	nordkap	5314	A	T	core_destroyed	152
2026-08-11T18:19:28Z	CAP6	5045	nordkap	5314	B	C	core_destroyed	218
2026-08-11T18:19:29Z	CAP6	5046	antler	5315	A	T	core_destroyed	153
2026-08-11T18:19:32Z	CAP6	5047	antler	5315	B	C	core_destroyed	334
2026-08-11T18:19:34Z	CAP6	5048	atoll	5315	A	C	core_destroyed	116
2026-08-11T18:19:37Z	CAP6	5049	atoll	5315	B	C	core_destroyed	737
2026-08-11T18:19:39Z	CAP6	5050	drumlin	5315	A	T	core_destroyed	152
2026-08-11T18:19:41Z	CAP6	5051	drumlin	5315	B	C	core_destroyed	126
2026-08-11T18:19:43Z	CAP6	5052	fjordgate	5315	A	T	core_destroyed	378
2026-08-11T18:19:45Z	CAP6	5053	fjordgate	5315	B	C	core_destroyed	324
2026-08-11T18:19:47Z	CAP6	5054	heart	5315	A	C	core_destroyed	143
2026-08-11T18:19:50Z	CAP6	5055	heart	5315	B	T	core_destroyed	184
2026-08-11T18:19:55Z	CAP6	5056	hive	5315	A	T	core_destroyed	294
2026-08-11T18:20:01Z	CAP6	5057	hive	5315	B	T	core_destroyed	432
2026-08-11T18:20:02Z	CAP6	5058	meander	5315	A	C	core_destroyed	148
2026-08-11T18:20:06Z	CAP6	5059	meander	5315	B	C	core_destroyed	291
2026-08-11T18:20:09Z	CAP6	5060	nordkap	5315	A	T	core_destroyed	332
2026-08-11T18:20:10Z	CAP6	5061	nordkap	5315	B	T	core_destroyed	136
2026-08-11T18:20:13Z	CAP6	5062	antler	5316	A	C	core_destroyed	222
2026-08-11T18:20:14Z	CAP6	5063	antler	5316	B	T	core_destroyed	141
2026-08-11T18:20:16Z	CAP6	5064	atoll	5316	A	C	core_destroyed	86
2026-08-11T18:20:17Z	CAP6	5065	atoll	5316	B	T	core_destroyed	102
2026-08-11T18:20:19Z	CAP6	5066	drumlin	5316	A	T	core_destroyed	117
2026-08-11T18:20:21Z	CAP6	5067	drumlin	5316	B	C	core_destroyed	256
2026-08-11T18:20:22Z	CAP6	5068	fjordgate	5316	A	C	core_destroyed	113
2026-08-11T18:20:24Z	CAP6	5069	fjordgate	5316	B	C	core_destroyed	229
2026-08-11T18:20:29Z	CAP6	5070	heart	5316	A	C	core_destroyed	199
2026-08-11T18:20:31Z	CAP6	5071	heart	5316	B	C	core_destroyed	204
2026-08-11T18:20:34Z	CAP6	5072	hive	5316	A	C	core_destroyed	198
2026-08-11T18:20:37Z	CAP6	5073	hive	5316	B	T	core_destroyed	159
2026-08-11T18:20:39Z	CAP6	5074	meander	5316	A	T	core_destroyed	118
2026-08-11T18:20:40Z	CAP6	5075	meander	5316	B	T	core_destroyed	124
2026-08-11T18:20:42Z	CAP6	5076	nordkap	5316	A	C	core_destroyed	171
2026-08-11T18:20:44Z	CAP6	5077	nordkap	5316	B	T	core_destroyed	90
2026-08-11T18:20:47Z	CAP6	5078	antler	5317	A	T	core_destroyed	244
2026-08-11T18:20:49Z	CAP6	5079	antler	5317	B	T	core_destroyed	198
2026-08-11T18:20:50Z	CAP6	5080	atoll	5317	A	C	core_destroyed	217
2026-08-11T18:20:52Z	CAP6	5081	atoll	5317	B	T	core_destroyed	424
2026-08-11T18:20:54Z	CAP6	5082	drumlin	5317	A	T	core_destroyed	206
2026-08-11T18:20:57Z	CAP6	5083	drumlin	5317	B	T	core_destroyed	219
2026-08-11T18:20:59Z	CAP6	5084	fjordgate	5317	A	C	core_destroyed	132
2026-08-11T18:21:00Z	CAP6	5085	fjordgate	5317	B	C	core_destroyed	121
2026-08-11T18:21:04Z	CAP6	5086	heart	5317	A	C	core_destroyed	299
2026-08-11T18:21:19Z	CAP6	5087	heart	5317	B	C	core_destroyed	986
2026-08-11T18:21:28Z	CAP6	5088	hive	5317	A	T	core_destroyed	591
2026-08-11T18:21:34Z	CAP6	5089	hive	5317	B	T	core_destroyed	337
2026-08-11T18:21:36Z	CAP6	5090	meander	5317	A	C	core_destroyed	237
2026-08-11T18:21:38Z	CAP6	5091	meander	5317	B	T	core_destroyed	176
2026-08-11T18:21:39Z	CAP6	5092	nordkap	5317	A	T	core_destroyed	105
2026-08-11T18:21:40Z	CAP6	5093	nordkap	5317	B	T	core_destroyed	102
2026-08-11T18:21:44Z	CAP6	5094	antler	5318	A	T	core_destroyed	390
2026-08-11T18:21:46Z	CAP6	5095	antler	5318	B	C	core_destroyed	147
2026-08-11T18:21:48Z	CAP6	5096	atoll	5318	A	T	core_destroyed	167
2026-08-11T18:21:50Z	CAP6	5097	atoll	5318	B	C	core_destroyed	218
2026-08-11T18:21:55Z	CAP6	5098	drumlin	5318	A	C	core_destroyed	360
2026-08-11T18:21:58Z	CAP6	5099	drumlin	5318	B	T	core_destroyed	210
2026-08-11T18:21:59Z	CAP6	5100	fjordgate	5318	A	T	core_destroyed	105
2026-08-11T18:22:00Z	CAP6	5101	fjordgate	5318	B	C	core_destroyed	88
2026-08-11T18:22:04Z	CAP6	5102	heart	5318	A	C	core_destroyed	194
2026-08-11T18:22:10Z	CAP6	5103	heart	5318	B	C	core_destroyed	354
2026-08-11T18:22:13Z	CAP6	5104	hive	5318	A	T	core_destroyed	190
2026-08-11T18:22:15Z	CAP6	5105	hive	5318	B	C	core_destroyed	139
2026-08-11T18:22:18Z	CAP6	5106	meander	5318	A	C	core_destroyed	237
2026-08-11T18:22:22Z	CAP6	5107	meander	5318	B	T	core_destroyed	316
2026-08-11T18:22:24Z	CAP6	5108	nordkap	5318	A	C	core_destroyed	104
2026-08-11T18:22:25Z	CAP6	5109	nordkap	5318	B	T	core_destroyed	146
2026-08-11T18:22:28Z	CAP6	5110	antler	5319	A	C	core_destroyed	283
2026-08-11T18:22:30Z	CAP6	5111	antler	5319	B	C	core_destroyed	168
2026-08-11T18:22:33Z	CAP6	5112	atoll	5319	A	T	core_destroyed	387
2026-08-11T18:22:35Z	CAP6	5113	atoll	5319	B	C	core_destroyed	226
2026-08-11T18:22:36Z	CAP6	5114	drumlin	5319	A	T	core_destroyed	113
2026-08-11T18:22:38Z	CAP6	5115	drumlin	5319	B	T	core_destroyed	115
2026-08-11T18:22:39Z	CAP6	5116	fjordgate	5319	A	C	core_destroyed	93
2026-08-11T18:22:41Z	CAP6	5117	fjordgate	5319	B	T	core_destroyed	108
2026-08-11T18:22:49Z	CAP6	5118	heart	5319	A	T	core_destroyed	406
2026-08-11T18:22:51Z	CAP6	5119	heart	5319	B	C	core_destroyed	128
2026-08-11T18:22:57Z	CAP6	5120	hive	5319	A	T	core_destroyed	287
2026-08-11T18:23:02Z	CAP6	5121	hive	5319	B	C	core_destroyed	235
2026-08-11T18:23:04Z	CAP6	5122	meander	5319	A	T	core_destroyed	242
2026-08-11T18:23:06Z	CAP6	5123	meander	5319	B	C	core_destroyed	189
2026-08-11T18:23:08Z	CAP6	5124	nordkap	5319	A	T	core_destroyed	227
2026-08-11T18:23:10Z	CAP6	5125	nordkap	5319	B	C	core_destroyed	153
2026-08-11T18:23:13Z	CAP6	5126	antler	5320	A	T	core_destroyed	251
2026-08-11T18:23:15Z	CAP6	5127	antler	5320	B	T	core_destroyed	236
2026-08-11T18:23:18Z	CAP6	5128	atoll	5320	A	T	core_destroyed	599
2026-08-11T18:23:19Z	CAP6	5129	atoll	5320	B	T	core_destroyed	149
2026-08-11T18:23:22Z	CAP6	5130	drumlin	5320	A	T	core_destroyed	254
2026-08-11T18:23:24Z	CAP6	5131	drumlin	5320	B	C	core_destroyed	118
2026-08-11T18:23:25Z	CAP6	5132	fjordgate	5320	A	C	core_destroyed	175
2026-08-11T18:23:27Z	CAP6	5133	fjordgate	5320	B	C	core_destroyed	100
2026-08-11T18:23:29Z	CAP6	5134	heart	5320	A	T	core_destroyed	142
2026-08-11T18:23:31Z	CAP6	5135	heart	5320	B	C	core_destroyed	200
2026-08-11T18:23:32Z	CAP6	5136	hive	5320	A	T	core_destroyed	151
2026-08-11T18:23:37Z	CAP6	5137	hive	5320	B	C	core_destroyed	387
2026-08-11T18:23:38Z	CAP6	5138	meander	5320	A	T	core_destroyed	163
2026-08-11T18:23:40Z	CAP6	5139	meander	5320	B	T	core_destroyed	317
2026-08-11T18:23:42Z	CAP6	5140	nordkap	5320	A	T	core_destroyed	183
2026-08-11T18:23:45Z	CAP6	5141	nordkap	5320	B	C	core_destroyed	334
2026-08-11T18:23:48Z	CAP6	5142	antler	5321	A	T	core_destroyed	175
2026-08-11T18:23:50Z	CAP6	5143	antler	5321	B	C	core_destroyed	180
2026-08-11T18:23:52Z	CAP6	5144	atoll	5321	A	T	core_destroyed	202
2026-08-11T18:23:54Z	CAP6	5145	atoll	5321	B	T	core_destroyed	370
2026-08-11T18:23:56Z	CAP6	5146	drumlin	5321	A	T	core_destroyed	158
2026-08-11T18:23:58Z	CAP6	5147	drumlin	5321	B	T	core_destroyed	126
2026-08-11T18:23:59Z	CAP6	5148	fjordgate	5321	A	T	core_destroyed	131
2026-08-11T18:24:01Z	CAP6	5149	fjordgate	5321	B	T	core_destroyed	227
2026-08-11T18:24:11Z	CAP6	5150	heart	5321	A	T	tiebreak	1000
2026-08-11T18:24:13Z	CAP6	5151	heart	5321	B	C	core_destroyed	104
2026-08-11T18:24:16Z	CAP6	5152	hive	5321	A	C	core_destroyed	233
2026-08-11T18:24:20Z	CAP6	5153	hive	5321	B	T	core_destroyed	257
2026-08-11T18:24:22Z	CAP6	5154	meander	5321	A	C	core_destroyed	162
2026-08-11T18:24:23Z	CAP6	5155	meander	5321	B	C	core_destroyed	110
2026-08-11T18:24:26Z	CAP6	5156	nordkap	5321	A	C	core_destroyed	232
2026-08-11T18:24:29Z	CAP6	5157	nordkap	5321	B	T	core_destroyed	274
2026-08-11T18:24:32Z	CAP6	5158	antler	5322	A	C	core_destroyed	236
2026-08-11T18:24:33Z	CAP6	5159	antler	5322	B	T	core_destroyed	213
2026-08-11T18:24:36Z	CAP6	5160	atoll	5322	A	C	core_destroyed	408
2026-08-11T18:24:37Z	CAP6	5161	atoll	5322	B	T	core_destroyed	96
2026-08-11T18:24:40Z	CAP6	5162	drumlin	5322	A	T	core_destroyed	288
2026-08-11T18:24:42Z	CAP6	5163	drumlin	5322	B	C	core_destroyed	184
2026-08-11T18:24:43Z	CAP6	5164	fjordgate	5322	A	T	core_destroyed	250
2026-08-11T18:24:44Z	CAP6	5165	fjordgate	5322	B	C	core_destroyed	131
2026-08-11T18:24:48Z	CAP6	5166	heart	5322	A	C	core_destroyed	310
2026-08-11T18:24:53Z	CAP6	5167	heart	5322	B	T	core_destroyed	314
2026-08-11T18:24:54Z	CAP6	5168	hive	5322	A	C	core_destroyed	120
2026-08-11T18:24:57Z	CAP6	5169	hive	5322	B	T	core_destroyed	157
2026-08-11T18:25:00Z	CAP6	5170	meander	5322	A	T	core_destroyed	249
2026-08-11T18:25:01Z	CAP6	5171	meander	5322	B	C	core_destroyed	160
2026-08-11T18:25:03Z	CAP6	5172	nordkap	5322	A	C	core_destroyed	206
2026-08-11T18:25:07Z	CAP6	5173	nordkap	5322	B	T	core_destroyed	284
2026-08-11T18:25:08Z	CAP6	5174	antler	5323	A	T	core_destroyed	91
2026-08-11T18:25:12Z	CAP6	5175	antler	5323	B	C	core_destroyed	568
2026-08-11T18:25:14Z	CAP6	5176	atoll	5323	A	T	core_destroyed	692
2026-08-11T18:25:18Z	CAP6	5177	atoll	5323	B	T	core_destroyed	273
2026-08-11T18:25:20Z	CAP6	5178	drumlin	5323	A	T	core_destroyed	160
2026-08-11T18:25:22Z	CAP6	5179	drumlin	5323	B	C	core_destroyed	128
2026-08-11T18:25:23Z	CAP6	5180	fjordgate	5323	A	T	core_destroyed	218
2026-08-11T18:25:25Z	CAP6	5181	fjordgate	5323	B	C	core_destroyed	234
2026-08-11T18:25:28Z	CAP6	5182	heart	5323	A	T	core_destroyed	227
2026-08-11T18:25:34Z	CAP6	5183	heart	5323	B	T	core_destroyed	493
2026-08-11T18:25:37Z	CAP6	5184	hive	5323	A	T	core_destroyed	188
2026-08-11T18:25:40Z	CAP6	5185	hive	5323	B	C	core_destroyed	200
2026-08-11T18:25:42Z	CAP6	5186	meander	5323	A	C	core_destroyed	229
2026-08-11T18:25:43Z	CAP6	5187	meander	5323	B	T	core_destroyed	185
2026-08-11T18:25:47Z	CAP6	5188	nordkap	5323	A	T	core_destroyed	422
2026-08-11T18:25:50Z	CAP6	5189	nordkap	5323	B	C	core_destroyed	227
2026-08-11T18:25:52Z	CAP6	5190	antler	5324	A	C	core_destroyed	486
2026-08-11T18:25:54Z	CAP6	5191	antler	5324	B	C	core_destroyed	166
2026-08-11T18:25:58Z	CAP6	5192	atoll	5324	A	T	tiebreak	1000
2026-08-11T18:26:13Z	CAP6	5193	atoll	5324	B	C	tiebreak	1000
2026-08-11T18:26:16Z	CAP6	5194	drumlin	5324	A	C	core_destroyed	230
2026-08-11T18:26:21Z	CAP6	5195	drumlin	5324	B	T	core_destroyed	405
2026-08-11T18:26:23Z	CAP6	5196	fjordgate	5324	A	T	core_destroyed	202
2026-08-11T18:26:25Z	CAP6	5197	fjordgate	5324	B	C	core_destroyed	164
2026-08-11T18:26:28Z	CAP6	5198	heart	5324	A	C	core_destroyed	205
2026-08-11T18:26:30Z	CAP6	5199	heart	5324	B	C	core_destroyed	137
2026-08-11T18:26:33Z	CAP6	5200	hive	5324	A	C	core_destroyed	174
2026-08-11T18:26:38Z	CAP6	5201	hive	5324	B	T	core_destroyed	339
2026-08-11T18:26:40Z	CAP6	5202	meander	5324	A	C	core_destroyed	173
2026-08-11T18:26:42Z	CAP6	5203	meander	5324	B	C	core_destroyed	176
2026-08-11T18:26:44Z	CAP6	5204	nordkap	5324	A	T	core_destroyed	234
2026-08-11T18:26:47Z	CAP6	5205	nordkap	5324	B	C	core_destroyed	208
2026-08-11T18:26:48Z	CAP6	5206	antler	5325	A	T	core_destroyed	110
2026-08-11T18:26:52Z	CAP6	5207	antler	5325	B	C	core_destroyed	572
2026-08-11T18:26:54Z	CAP6	5208	atoll	5325	A	T	core_destroyed	226
2026-08-11T18:26:57Z	CAP6	5209	atoll	5325	B	C	core_destroyed	202
2026-08-11T18:26:59Z	CAP6	5210	drumlin	5325	A	T	core_destroyed	176
2026-08-11T18:27:02Z	CAP6	5211	drumlin	5325	B	T	core_destroyed	231
2026-08-11T18:27:03Z	CAP6	5212	fjordgate	5325	A	C	core_destroyed	98
2026-08-11T18:27:05Z	CAP6	5213	fjordgate	5325	B	T	core_destroyed	98
2026-08-11T18:27:12Z	CAP6	5214	heart	5325	A	C	core_destroyed	366
2026-08-11T18:27:13Z	CAP6	5215	heart	5325	B	C	core_destroyed	100
2026-08-11T18:27:17Z	CAP6	5216	hive	5325	A	C	core_destroyed	234
2026-08-11T18:27:24Z	CAP6	5217	hive	5325	B	C	core_destroyed	419
2026-08-11T18:27:26Z	CAP6	5218	meander	5325	A	T	core_destroyed	158
2026-08-11T18:27:27Z	CAP6	5219	meander	5325	B	T	core_destroyed	167
2026-08-11T18:27:30Z	CAP6	5220	nordkap	5325	A	T	core_destroyed	274
2026-08-11T18:27:34Z	CAP6	5221	nordkap	5325	B	C	core_destroyed	646
2026-08-11T18:27:36Z	CAP6	5222	antler	5326	A	T	core_destroyed	174
2026-08-11T18:27:38Z	CAP6	5223	antler	5326	B	T	core_destroyed	185
2026-08-11T18:27:49Z	CAP6	5224	atoll	5326	A	T	core_destroyed	873
2026-08-11T18:27:54Z	CAP6	5225	atoll	5326	B	T	core_destroyed	508
2026-08-11T18:27:58Z	CAP6	5226	drumlin	5326	A	C	core_destroyed	315
2026-08-11T18:28:00Z	CAP6	5227	drumlin	5326	B	T	core_destroyed	172
2026-08-11T18:28:02Z	CAP6	5228	fjordgate	5326	A	C	core_destroyed	300
2026-08-11T18:28:03Z	CAP6	5229	fjordgate	5326	B	C	core_destroyed	184
2026-08-11T18:28:05Z	CAP6	5230	heart	5326	A	C	core_destroyed	115
2026-08-11T18:28:09Z	CAP6	5231	heart	5326	B	T	core_destroyed	285
2026-08-11T18:28:11Z	CAP6	5232	hive	5326	A	T	core_destroyed	113
2026-08-11T18:28:12Z	CAP6	5233	hive	5326	B	T	core_destroyed	123
2026-08-11T18:28:15Z	CAP6	5234	meander	5326	A	C	core_destroyed	176
2026-08-11T18:28:16Z	CAP6	5235	meander	5326	B	T	core_destroyed	102
2026-08-11T18:28:20Z	CAP6	5236	nordkap	5326	A	C	core_destroyed	316
2026-08-11T18:28:21Z	CAP6	5237	nordkap	5326	B	C	core_destroyed	154
2026-08-11T18:28:24Z	CAP6	5238	antler	5327	A	T	core_destroyed	239
2026-08-11T18:28:26Z	CAP6	5239	antler	5327	B	T	core_destroyed	199
2026-08-11T18:28:28Z	CAP6	5240	atoll	5327	A	C	core_destroyed	564
2026-08-11T18:28:29Z	CAP6	5241	atoll	5327	B	T	core_destroyed	237
2026-08-11T18:28:31Z	CAP6	5242	drumlin	5327	A	T	core_destroyed	115
2026-08-11T18:28:34Z	CAP6	5243	drumlin	5327	B	T	core_destroyed	299
2026-08-11T18:28:36Z	CAP6	5244	fjordgate	5327	A	C	core_destroyed	134
2026-08-11T18:28:37Z	CAP6	5245	fjordgate	5327	B	C	core_destroyed	477
2026-08-11T18:28:42Z	CAP6	5246	heart	5327	A	C	core_destroyed	596
2026-08-11T18:28:45Z	CAP6	5247	heart	5327	B	C	core_destroyed	205
2026-08-11T18:28:48Z	CAP6	5248	hive	5327	A	C	core_destroyed	196
2026-08-11T18:28:52Z	CAP6	5249	hive	5327	B	C	core_destroyed	214
2026-08-11T18:28:55Z	CAP6	5250	meander	5327	A	C	core_destroyed	463
2026-08-11T18:28:58Z	CAP6	5251	meander	5327	B	C	core_destroyed	248
2026-08-11T18:28:59Z	CAP6	5252	nordkap	5327	A	T	core_destroyed	89
2026-08-11T18:29:01Z	CAP6	5253	nordkap	5327	B	T	core_destroyed	205
2026-08-11T18:29:02Z	CAP6	5254	antler	5328	A	T	core_destroyed	173
2026-08-11T18:29:04Z	CAP6	5255	antler	5328	B	C	core_destroyed	145
2026-08-11T18:29:05Z	CAP6	5256	atoll	5328	A	C	core_destroyed	177
2026-08-11T18:29:07Z	CAP6	5257	atoll	5328	B	T	core_destroyed	116
2026-08-11T18:29:09Z	CAP6	5258	drumlin	5328	A	T	core_destroyed	287
2026-08-11T18:29:11Z	CAP6	5259	drumlin	5328	B	C	core_destroyed	153
2026-08-11T18:29:13Z	CAP6	5260	fjordgate	5328	A	T	core_destroyed	181
2026-08-11T18:29:14Z	CAP6	5261	fjordgate	5328	B	C	core_destroyed	348
2026-08-11T18:29:18Z	CAP6	5262	heart	5328	A	C	core_destroyed	217
2026-08-11T18:29:21Z	CAP6	5263	heart	5328	B	T	core_destroyed	124
2026-08-11T18:29:23Z	CAP6	5264	hive	5328	A	T	core_destroyed	124
2026-08-11T18:29:26Z	CAP6	5265	hive	5328	B	C	core_destroyed	266
2026-08-11T18:29:28Z	CAP6	5266	meander	5328	A	C	core_destroyed	174
2026-08-11T18:29:30Z	CAP6	5267	meander	5328	B	C	core_destroyed	184
2026-08-11T18:29:33Z	CAP6	5268	nordkap	5328	A	C	core_destroyed	203
2026-08-11T18:29:34Z	CAP6	5269	nordkap	5328	B	C	core_destroyed	82
2026-08-11T18:29:35Z	CAP6	5270	antler	5329	A	T	core_destroyed	92
2026-08-11T18:29:37Z	CAP6	5271	antler	5329	B	T	core_destroyed	135
2026-08-11T18:29:39Z	CAP6	5272	atoll	5329	A	C	core_destroyed	208
2026-08-11T18:29:40Z	CAP6	5273	atoll	5329	B	T	core_destroyed	334
2026-08-11T18:29:43Z	CAP6	5274	drumlin	5329	A	T	core_destroyed	198
2026-08-11T18:29:50Z	CAP6	5275	drumlin	5329	B	T	core_destroyed	472
2026-08-11T18:29:51Z	CAP6	5276	fjordgate	5329	A	C	core_destroyed	168
2026-08-11T18:29:52Z	CAP6	5277	fjordgate	5329	B	C	core_destroyed	150
2026-08-11T18:29:54Z	CAP6	5278	heart	5329	A	C	core_destroyed	150
2026-08-11T18:29:57Z	CAP6	5279	heart	5329	B	C	core_destroyed	218
2026-08-11T18:30:04Z	CAP6	5280	hive	5329	A	T	core_destroyed	508
2026-08-11T18:30:08Z	CAP6	5281	hive	5329	B	C	core_destroyed	224
2026-08-11T18:30:10Z	CAP6	5282	meander	5329	A	T	core_destroyed	216
2026-08-11T18:30:14Z	CAP6	5283	meander	5329	B	T	core_destroyed	856
2026-08-11T18:30:16Z	CAP6	5284	nordkap	5329	A	T	core_destroyed	122
2026-08-11T18:30:22Z	CAP6	5285	nordkap	5329	B	T	core_destroyed	458
2026-08-11T18:30:29Z	CAP6	5286	antler	5330	A	T	tiebreak	1000
2026-08-11T18:30:31Z	CAP6	5287	antler	5330	B	C	core_destroyed	157
2026-08-11T18:30:35Z	CAP6	5288	atoll	5330	A	C	core_destroyed	469
2026-08-11T18:30:37Z	CAP6	5289	atoll	5330	B	C	core_destroyed	296
2026-08-11T18:30:41Z	CAP6	5290	drumlin	5330	A	T	core_destroyed	297
2026-08-11T18:30:45Z	CAP6	5291	drumlin	5330	B	C	core_destroyed	320
2026-08-11T18:30:46Z	CAP6	5292	fjordgate	5330	A	C	core_destroyed	114
2026-08-11T18:30:48Z	CAP6	5293	fjordgate	5330	B	T	core_destroyed	283
2026-08-11T18:30:50Z	CAP6	5294	heart	5330	A	T	core_destroyed	142
2026-08-11T18:30:52Z	CAP6	5295	heart	5330	B	C	core_destroyed	216
2026-08-11T18:30:53Z	CAP6	5296	hive	5330	A	C	core_destroyed	118
2026-08-11T18:30:57Z	CAP6	5297	hive	5330	B	C	core_destroyed	216
2026-08-11T18:30:58Z	CAP6	5298	meander	5330	A	T	core_destroyed	116
2026-08-11T18:31:00Z	CAP6	5299	meander	5330	B	C	core_destroyed	234
2026-08-11T18:31:03Z	CAP6	5300	nordkap	5330	A	C	core_destroyed	200
2026-08-11T18:31:05Z	CAP6	5301	nordkap	5330	B	T	core_destroyed	177
2026-08-11T18:31:07Z	CAP6	5302	antler	5331	A	C	core_destroyed	236
2026-08-11T18:31:09Z	CAP6	5303	antler	5331	B	C	core_destroyed	350
2026-08-11T18:31:14Z	CAP6	5304	atoll	5331	A	T	core_destroyed	526
2026-08-11T18:31:17Z	CAP6	5305	atoll	5331	B	T	core_destroyed	263
2026-08-11T18:31:24Z	CAP6	5306	drumlin	5331	A	T	core_destroyed	541
2026-08-11T18:31:26Z	CAP6	5307	drumlin	5331	B	C	core_destroyed	190
2026-08-11T18:31:28Z	CAP6	5308	fjordgate	5331	A	C	core_destroyed	257
2026-08-11T18:31:29Z	CAP6	5309	fjordgate	5331	B	C	core_destroyed	100
2026-08-11T18:31:35Z	CAP6	5310	heart	5331	A	C	core_destroyed	340
2026-08-11T18:31:42Z	CAP6	5311	heart	5331	B	C	core_destroyed	821
2026-08-11T18:31:45Z	CAP6	5312	hive	5331	A	T	core_destroyed	165
2026-08-11T18:31:46Z	CAP6	5313	hive	5331	B	C	core_destroyed	119
2026-08-11T18:31:48Z	CAP6	5314	meander	5331	A	C	core_destroyed	208
2026-08-11T18:31:50Z	CAP6	5315	meander	5331	B	T	core_destroyed	176
2026-08-11T18:31:52Z	CAP6	5316	nordkap	5331	A	T	core_destroyed	214
2026-08-11T18:31:54Z	CAP6	5317	nordkap	5331	B	T	core_destroyed	177
2026-08-11T18:31:56Z	CAP6	5318	antler	5332	A	C	core_destroyed	470
2026-08-11T18:31:58Z	CAP6	5319	antler	5332	B	C	core_destroyed	254
2026-08-11T18:32:00Z	CAP6	5320	atoll	5332	A	T	core_destroyed	351
2026-08-11T18:32:03Z	CAP6	5321	atoll	5332	B	C	core_destroyed	323
2026-08-11T18:32:05Z	CAP6	5322	drumlin	5332	A	T	core_destroyed	125
2026-08-11T18:32:06Z	CAP6	5323	drumlin	5332	B	C	core_destroyed	102
2026-08-11T18:32:07Z	CAP6	5324	fjordgate	5332	A	T	core_destroyed	565
2026-08-11T18:32:09Z	CAP6	5325	fjordgate	5332	B	C	core_destroyed	156
2026-08-11T18:32:13Z	CAP6	5326	heart	5332	A	C	core_destroyed	276
2026-08-11T18:32:14Z	CAP6	5327	heart	5332	B	C	core_destroyed	148
2026-08-11T18:32:20Z	CAP6	5328	hive	5332	A	C	core_destroyed	400
2026-08-11T18:32:24Z	CAP6	5329	hive	5332	B	T	core_destroyed	322
2026-08-11T18:32:25Z	CAP6	5330	meander	5332	A	T	core_destroyed	156
2026-08-11T18:32:27Z	CAP6	5331	meander	5332	B	T	core_destroyed	150
2026-08-11T18:32:28Z	CAP6	5332	nordkap	5332	A	C	core_destroyed	151
2026-08-11T18:32:29Z	CAP6	5333	nordkap	5332	B	T	core_destroyed	139
2026-08-11T18:32:32Z	CAP6	5334	antler	5333	A	T	core_destroyed	257
2026-08-11T18:32:34Z	CAP6	5335	antler	5333	B	T	core_destroyed	919
2026-08-11T18:32:38Z	CAP6	5336	atoll	5333	A	C	core_destroyed	350
2026-08-11T18:32:39Z	CAP6	5337	atoll	5333	B	T	core_destroyed	164
2026-08-11T18:32:41Z	CAP6	5338	drumlin	5333	A	T	core_destroyed	118
2026-08-11T18:32:46Z	CAP6	5339	drumlin	5333	B	T	core_destroyed	359
2026-08-11T18:32:47Z	CAP6	5340	fjordgate	5333	A	C	core_destroyed	152
2026-08-11T18:32:49Z	CAP6	5341	fjordgate	5333	B	T	core_destroyed	248
2026-08-11T18:32:59Z	CAP6	5342	heart	5333	A	T	tiebreak	1000
2026-08-11T18:33:08Z	CAP6	5343	heart	5333	B	T	core_destroyed	600
2026-08-11T18:33:12Z	CAP6	5344	hive	5333	A	C	core_destroyed	232
2026-08-11T18:33:19Z	CAP6	5345	hive	5333	B	C	core_destroyed	368
2026-08-11T18:33:20Z	CAP6	5346	meander	5333	A	T	core_destroyed	208
2026-08-11T18:33:23Z	CAP6	5347	meander	5333	B	C	core_destroyed	237
2026-08-11T18:33:27Z	CAP6	5348	nordkap	5333	A	C	core_destroyed	381
2026-08-11T18:33:28Z	CAP6	5349	nordkap	5333	B	C	core_destroyed	133
2026-08-11T18:33:32Z	CAP6	5350	antler	5334	A	C	core_destroyed	323
2026-08-11T18:33:33Z	CAP6	5351	antler	5334	B	T	core_destroyed	123
2026-08-11T18:33:34Z	CAP6	5352	atoll	5334	A	C	core_destroyed	104
2026-08-11T18:33:35Z	CAP6	5353	atoll	5334	B	T	core_destroyed	226
2026-08-11T18:33:39Z	CAP6	5354	drumlin	5334	A	C	core_destroyed	296
2026-08-11T18:33:40Z	CAP6	5355	drumlin	5334	B	T	core_destroyed	90
2026-08-11T18:33:41Z	CAP6	5356	fjordgate	5334	A	C	core_destroyed	94
2026-08-11T18:33:43Z	CAP6	5357	fjordgate	5334	B	C	core_destroyed	317
2026-08-11T18:33:45Z	CAP6	5358	heart	5334	A	T	core_destroyed	210
2026-08-11T18:33:53Z	CAP6	5359	heart	5334	B	T	core_destroyed	548
2026-08-11T18:33:57Z	CAP6	5360	hive	5334	A	T	core_destroyed	272
2026-08-11T18:34:03Z	CAP6	5361	hive	5334	B	T	core_destroyed	349
2026-08-11T18:34:05Z	CAP6	5362	meander	5334	A	T	core_destroyed	190
2026-08-11T18:34:07Z	CAP6	5363	meander	5334	B	C	core_destroyed	208
2026-08-11T18:34:09Z	CAP6	5364	nordkap	5334	A	C	core_destroyed	173
2026-08-11T18:34:11Z	CAP6	5365	nordkap	5334	B	T	core_destroyed	137
2026-08-11T18:34:12Z	CAP6	5366	antler	5335	A	C	core_destroyed	234
2026-08-11T18:34:15Z	CAP6	5367	antler	5335	B	T	core_destroyed	242
2026-08-11T18:34:16Z	CAP6	5368	atoll	5335	A	C	core_destroyed	133
2026-08-11T18:34:19Z	CAP6	5369	atoll	5335	B	T	core_destroyed	293
2026-08-11T18:34:22Z	CAP6	5370	drumlin	5335	A	C	core_destroyed	210
2026-08-11T18:34:24Z	CAP6	5371	drumlin	5335	B	C	core_destroyed	237
2026-08-11T18:34:25Z	CAP6	5372	fjordgate	5335	A	T	core_destroyed	122
2026-08-11T18:34:27Z	CAP6	5373	fjordgate	5335	B	T	core_destroyed	155
2026-08-11T18:34:32Z	CAP6	5374	heart	5335	A	T	core_destroyed	446
2026-08-11T18:34:34Z	CAP6	5375	heart	5335	B	C	core_destroyed	294
2026-08-11T18:34:37Z	CAP6	5376	hive	5335	A	T	core_destroyed	179
2026-08-11T18:34:38Z	CAP6	5377	hive	5335	B	T	core_destroyed	113
2026-08-11T18:34:42Z	CAP6	5378	meander	5335	A	T	core_destroyed	342
2026-08-11T18:34:44Z	CAP6	5379	meander	5335	B	C	core_destroyed	264
2026-08-11T18:34:46Z	CAP6	5380	nordkap	5335	A	T	core_destroyed	192
2026-08-11T18:34:50Z	CAP6	5381	nordkap	5335	B	T	core_destroyed	344
2026-08-11T18:34:53Z	CAP6	5382	antler	5336	A	C	core_destroyed	228
2026-08-11T18:34:54Z	CAP6	5383	antler	5336	B	C	core_destroyed	125
2026-08-11T18:34:57Z	CAP6	5384	atoll	5336	A	C	core_destroyed	261
2026-08-11T18:34:59Z	CAP6	5385	atoll	5336	B	C	core_destroyed	127
2026-08-11T18:35:03Z	CAP6	5386	drumlin	5336	A	C	core_destroyed	310
2026-08-11T18:35:08Z	CAP6	5387	drumlin	5336	B	T	core_destroyed	400
2026-08-11T18:35:09Z	CAP6	5388	fjordgate	5336	A	T	core_destroyed	133
2026-08-11T18:35:10Z	CAP6	5389	fjordgate	5336	B	T	core_destroyed	225
2026-08-11T18:35:13Z	CAP6	5390	heart	5336	A	C	core_destroyed	160
2026-08-11T18:35:15Z	CAP6	5391	heart	5336	B	T	core_destroyed	146
2026-08-11T18:35:20Z	CAP6	5392	hive	5336	A	C	core_destroyed	323
2026-08-11T18:35:27Z	CAP6	5393	hive	5336	B	T	core_destroyed	454
2026-08-11T18:35:28Z	CAP6	5394	meander	5336	A	C	core_destroyed	166
2026-08-11T18:35:30Z	CAP6	5395	meander	5336	B	T	core_destroyed	221
2026-08-11T18:35:31Z	CAP6	5396	nordkap	5336	A	T	core_destroyed	185
2026-08-11T18:35:34Z	CAP6	5397	nordkap	5336	B	C	core_destroyed	268
2026-08-11T18:35:36Z	CAP6	5398	antler	5337	A	C	core_destroyed	156
2026-08-11T18:35:38Z	CAP6	5399	antler	5337	B	C	core_destroyed	159
2026-08-11T18:35:39Z	CAP6	5400	atoll	5337	A	T	core_destroyed	159
2026-08-11T18:35:42Z	CAP6	5401	atoll	5337	B	C	core_destroyed	458
2026-08-11T18:35:43Z	CAP6	5402	drumlin	5337	A	T	core_destroyed	152
2026-08-11T18:35:48Z	CAP6	5403	drumlin	5337	B	T	core_destroyed	371
2026-08-11T18:35:50Z	CAP6	5404	fjordgate	5337	A	T	core_destroyed	171
2026-08-11T18:35:51Z	CAP6	5405	fjordgate	5337	B	C	core_destroyed	185
2026-08-11T18:35:53Z	CAP6	5406	heart	5337	A	T	core_destroyed	171
2026-08-11T18:35:58Z	CAP6	5407	heart	5337	B	C	core_destroyed	320
