tag	map	seed	seat	ours	cond	turn	arm	ourcore_dmg	ourcore_heal	ourcore_hp_calc	oppcore_dmg	oppcore_heal	oppcore_hp_calc	heal_back	heal_back_ours	opp_harv_built	opp_belt_built	opp_harv_killed	opp_belt_killed	opp_eco_killed	fwd_gun_n	fwd_gun_first	gun_n	fwd_sent_n	fwd_sent_first	fwd_laun_n	fwd_laun_first	collar_bar_n	unknown_deltas
atoll_s1_A	atoll	1	A	US	Core destroyed	194	v523	0	0	500	954	454	0	0.4759		2	4	0	3	3	0		0	1	64	2	7	6	
atoll_s1_B	atoll	1	B	US	Core destroyed	182	v523	0	0	500	504	0	-4	0.0		5	16	0	3	3	0		0	1	126	3	7	18	
atoll_s2_A	atoll	2	A	US	Core destroyed	248	v523	0	0	500	1134	626	-8	0.552		4	16	0	5	5	2	218	3	1	98	4	7	7	
atoll_s2_B	atoll	2	B	OPP	Core destroyed	271	v523	1854	1352	-2	1134	672	38	0.5926	0.7292	3	4	0	1	1	0		0	2	82	2	7	9	
atoll_s3_A	atoll	3	A	OPP	Core destroyed	310	v523	504	0	-4	522	522	500	1.0	0.0	4	16	0	3	3	0		0	1	68	4	7	11	
atoll_s3_B	atoll	3	B	US	Core destroyed	127	v523	594	500	406	504	0	-4	0.0	0.8418	3	12	0	1	1	0		0	1	66	4	7	14	
drakkarfjord_s1_A	drakkarfjord	1	A	US	Core destroyed	129	v523	0	0	500	702	196	-6	0.2792		2	16	0	1	1	0		0	1	51	1	13	17	
drakkarfjord_s1_B	drakkarfjord	1	B	US	Core destroyed	284	v523	0	0	500	1458	958	0	0.6571		3	13	0	0	0	0		0	1	40	2	13	14	
drakkarfjord_s2_A	drakkarfjord	2	A	US	Core destroyed	106	v523	0	0	500	630	128	-2	0.2032		3	17	0	0	0	0		0	1	36	1	13	11	
drakkarfjord_s2_B	drakkarfjord	2	B	US	Core destroyed	105	v523	0	0	500	558	52	-6	0.0932		3	14	0	0	0	0		0	1	43	1	13	13	
drakkarfjord_s3_A	drakkarfjord	3	A	US	Core destroyed	856	v523	0	0	500	882	378	-4	0.4286		9	116	0	0	0	0		0	2	33	2	13	28	
drakkarfjord_s3_B	drakkarfjord	3	B	US	Core destroyed	98	v523	0	0	500	504	0	-4	0.0		2	16	0	0	0	0		0	1	42	1	13	15	
glacierkeep_s1_A	glacierkeep	1	A	US	Core destroyed	149	v523	0	0	500	504	0	-4	0.0		4	19	0	0	0	0		0	1	55	2	9	11	
glacierkeep_s1_B	glacierkeep	1	B	OPP	Harvesters (tiebreak)	1000	v523	0	0	500	0	0	500			4	25	0	0	0	0		1	1	128	3	9	83	
glacierkeep_s2_A	glacierkeep	2	A	US	Core destroyed	144	v523	0	0	500	504	0	-4	0.0		3	24	0	0	0	0		1	1	88	2	9	11	
glacierkeep_s2_B	glacierkeep	2	B	US	Core destroyed	133	v523	0	0	500	504	0	-4	0.0		3	17	0	0	0	0		0	1	76	2	9	16	
glacierkeep_s3_A	glacierkeep	3	A	US	Core destroyed	126	v523	0	0	500	504	0	-4	0.0		3	19	0	0	0	0		0	1	68	2	9	11	
glacierkeep_s3_B	glacierkeep	3	B	US	Core destroyed	253	v523	0	0	500	504	0	-4	0.0		3	19	0	0	0	0		0	1	92	2	9	30	
midgard_s1_A	midgard	1	A	US	Core destroyed	130	v523	0	0	500	756	248	-8	0.328		6	31	1	5	6	2	34	2	1	46	0		7	
midgard_s1_B	midgard	1	B	US	Core destroyed	721	v523	0	0	500	774	270	-4	0.3488		7	35	1	19	20	5	35	5	2	332	0		18	
midgard_s2_A	midgard	2	A	OPP	Core destroyed	313	v523	504	0	-4	0	0	500		0.0	8	35	2	18	20	3	34	4	0		0		9	
midgard_s2_B	midgard	2	B	OPP	Core destroyed	257	v523	504	0	-4	324	0	176	0.0	0.0	6	37	3	7	10	2	38	3	1	204	0		10	
midgard_s3_A	midgard	3	A	OPP	Core destroyed	265	v523	504	0	-4	0	0	500		0.0	7	16	4	4	8	2	34	3	0		0		6	
midgard_s3_B	midgard	3	B	OPP	Core destroyed	218	v523	1818	1316	-2	1980	1686	206	0.8515	0.7239	6	20	2	4	6	2	34	2	2	53	0		5	
nordkap_s1_A	nordkap	1	A	US	Core destroyed	504	v523	0	0	500	2862	2356	-6	0.8232		3	6	0	1	1	0		3	2	48	3	5	29	
nordkap_s1_B	nordkap	1	B	US	Core destroyed	269	v523	432	36	104	504	0	-4	0.0	0.0833	4	14	1	3	4	1	9	1	1	160	2	5	11	
nordkap_s2_A	nordkap	2	A	US	Core destroyed	494	v523	0	0	500	1548	1044	-4	0.6744		4	9	1	2	3	1	162	3	1	68	3	5	18	
nordkap_s2_B	nordkap	2	B	OPP	Core destroyed	185	v523	666	162	-4	0	0	500		0.2432	3	12	1	2	3	2	7	6	0		3	5	11	
nordkap_s3_A	nordkap	3	A	US	Core destroyed	368	v523	0	0	500	2592	2092	0	0.8071		3	8	0	1	1	0		1	1	71	2	5	21	
nordkap_s3_B	nordkap	3	B	US	Core destroyed	239	v523	0	0	500	684	176	-8	0.2573		4	12	0	1	1	0		0	2	44	5	5	13	
yulerune_s1_A	yulerune	1	A	US	Core destroyed	340	v523	0	0	500	504	0	-4	0.0		8	44	1	3	4	2	33	5	1	284	0		10	
yulerune_s1_B	yulerune	1	B	US	Core destroyed	317	v523	0	0	500	504	0	-4	0.0		6	33	2	8	10	1	19	1	1	224	0		10	
yulerune_s2_A	yulerune	2	A	US	Core destroyed	179	v523	0	0	500	504	0	-4	0.0		7	28	3	13	16	2	19	3	1	123	0		9	
yulerune_s2_B	yulerune	2	B	US	Titanium collected (tiebreak)	1000	v523	2034	2028	494	0	0	500		0.9971	7	36	3	11	14	1	19	2	0		0		9	
yulerune_s3_A	yulerune	3	A	US	Core destroyed	661	v523	0	0	500	504	0	-4	0.0		8	54	3	23	26	4	19	5	1	481	0		22	
yulerune_s3_B	yulerune	3	B	OPP	Core destroyed	209	v523	504	0	-4	144	0	356	0.0	0.0	4	26	2	10	12	2	19	2	1	192	0		12	
atoll_s4_A	atoll	4	A	US	Core destroyed	322	v523	0	0	500	864	364	0	0.4213		4	15	0	2	2	0		0	1	226	11	7	14	
atoll_s4_B	atoll	4	B	US	Core destroyed	176	v523	0	0	500	504	0	-4	0.0		3	18	0	1	1	0		3	1	120	3	7	26	
atoll_s5_A	atoll	5	A	OPP	Core destroyed	152	v523	810	300	-10	0	0	500		0.3704	4	15	0	1	1	0		1	0		3	7	4	
atoll_s5_B	atoll	5	B	OPP	Core destroyed	201	v523	900	392	-8	0	0	500		0.4356	4	12	0	0	0	0		0	0		5	7	12	
atoll_s6_A	atoll	6	A	OPP	Core destroyed	268	v523	504	0	-4	0	0	500		0.0	4	14	0	0	0	0		0	0		3	7	5	
atoll_s6_B	atoll	6	B	US	Core destroyed	235	v523	720	720	500	504	0	-4	0.0	1.0	4	12	0	3	3	0		4	1	128	3	7	10	
drakkarfjord_s4_A	drakkarfjord	4	A	US	Core destroyed	139	v523	0	0	500	684	180	-4	0.2632		2	16	0	1	1	0		0	1	63	1	13	15	
drakkarfjord_s4_B	drakkarfjord	4	B	US	Core destroyed	122	v523	0	0	500	738	232	-6	0.3144		3	14	0	0	0	0		0	1	40	1	13	12	
drakkarfjord_s5_A	drakkarfjord	5	A	US	Core destroyed	95	v523	0	0	500	504	0	-4	0.0		3	15	0	0	0	0		0	1	39	1	13	12	
drakkarfjord_s5_B	drakkarfjord	5	B	US	Titanium collected (tiebreak)	1000	v523	0	0	500	2196	2196	500	1.0		4	14	0	0	0	0		0	1	41	13	13	81	
drakkarfjord_s6_A	drakkarfjord	6	A	US	Core destroyed	100	v523	0	0	500	504	0	-4	0.0		2	16	0	0	0	0		0	1	41	1	13	12	
drakkarfjord_s6_B	drakkarfjord	6	B	US	Core destroyed	99	v523	0	0	500	504	0	-4	0.0		3	13	0	0	0	0		0	1	43	1	13	14	
glacierkeep_s4_A	glacierkeep	4	A	OPP	Core destroyed	389	v523	504	0	-4	0	0	500		0.0	13	90	0	0	0	0		1	0		4	9	12	
glacierkeep_s4_B	glacierkeep	4	B	US	Core destroyed	253	v523	0	0	500	504	0	-4	0.0		3	19	0	0	0	0		0	1	92	2	9	30	
glacierkeep_s5_A	glacierkeep	5	A	US	Core destroyed	128	v523	0	0	500	504	0	-4	0.0		3	19	0	0	0	0		1	1	67	2	9	11	
glacierkeep_s5_B	glacierkeep	5	B	OPP	Titanium collected (tiebreak)	1000	v523	162	0	338	0	0	500		0.0	8	66	0	0	0	0		1	0		2	9	146	
glacierkeep_s6_A	glacierkeep	6	A	US	Core destroyed	127	v523	0	0	500	504	0	-4	0.0		3	17	0	0	0	0		1	1	71	2	9	12	
glacierkeep_s6_B	glacierkeep	6	B	US	Core destroyed	457	v523	0	0	500	504	0	-4	0.0		9	75	0	1	1	0		0	1	349	2	9	17	
midgard_s4_A	midgard	4	A	US	Titanium collected (tiebreak)	1000	v523	0	0	500	324	324	500	1.0		8	30	2	5	7	1	34	2	2	47	0		11	
midgard_s4_B	midgard	4	B	OPP	Core destroyed	491	v523	504	0	-4	0	0	500		0.0	8	17	4	5	9	1	39	3	0		0		8	
midgard_s5_A	midgard	5	A	OPP	Core destroyed	243	v523	504	0	-4	0	0	500		0.0	12	45	6	7	13	1	36	2	0		0		6	
midgard_s5_B	midgard	5	B	OPP	Titanium collected (tiebreak)	1000	v523	0	0	500	0	0	500			10	55	3	27	30	2	39	4	0		0		19	
midgard_s6_A	midgard	6	A	OPP	Core destroyed	649	v523	2304	1804	0	432	0	68	0.0	0.783	7	38	1	10	11	2	71	3	1	524	0		10	
midgard_s6_B	midgard	6	B	OPP	Core destroyed	481	v523	504	0	-4	234	0	266	0.0	0.0	7	52	1	20	21	2	40	3	1	448	0		9	
nordkap_s4_A	nordkap	4	A	US	Core destroyed	133	v523	0	0	500	504	0	-4	0.0		5	19	0	0	0	0		0	1	41	2	5	11	
nordkap_s4_B	nordkap	4	B	OPP	Core destroyed	279	v523	504	0	-4	54	54	500	1.0	0.0	12	31	4	2	6	2	9	2	1	260	7	5	17	
nordkap_s5_A	nordkap	5	A	OPP	Core destroyed	720	v523	612	108	-4	144	144	500	1.0	0.1765	12	33	5	3	8	1	108	1	1	64	7	5	24	
nordkap_s5_B	nordkap	5	B	US	Core destroyed	532	v523	378	378	500	504	0	-4	0.0	1.0	5	23	2	8	10	3	7	7	4	169	6	5	11	
nordkap_s6_A	nordkap	6	A	US	Core destroyed	197	v523	576	488	412	504	0	-4	0.0	0.8472	2	5	0	1	1	0		0	1	48	4	5	11	
nordkap_s6_B	nordkap	6	B	OPP	Core destroyed	445	v523	504	0	-4	1494	1164	170	0.7791	0.0	5	17	2	4	6	1	9	1	1	112	3	5	17	
yulerune_s4_A	yulerune	4	A	OPP	Core destroyed	641	v523	504	0	-4	0	0	500		0.0	9	61	2	9	11	1	19	2	0		0		11	
yulerune_s4_B	yulerune	4	B	OPP	Core destroyed	748	v523	504	0	-4	864	864	500	1.0	0.0	11	73	0	13	13	3	21	4	1	112	0		16	
yulerune_s5_A	yulerune	5	A	OPP	Core destroyed	318	v523	504	0	-4	0	0	500		0.0	6	24	3	5	8	3	19	3	0		0		12	
yulerune_s5_B	yulerune	5	B	OPP	Core destroyed	222	v523	504	0	-4	0	0	500		0.0	12	43	8	7	15	2	19	2	0		0		7	
yulerune_s6_A	yulerune	6	A	US	Core destroyed	209	v523	0	0	500	504	0	-4	0.0		8	37	3	12	15	3	19	3	1	153	0		11	
yulerune_s6_B	yulerune	6	B	OPP	Core destroyed	213	v523	504	0	-4	0	0	500		0.0	6	27	1	8	9	1	24	2	0		0		6	
atoll_s7_A	atoll	7	A	US	Core destroyed	639	v523	0	0	500	1548	1040	-8	0.6718		5	16	0	3	3	0		3	1	72	3	7	28	
atoll_s7_B	atoll	7	B	US	Core destroyed	312	v523	720	720	500	504	0	-4	0.0	1.0	5	16	3	2	5	0		0	1	256	6	7	9	
atoll_s8_A	atoll	8	A	US	Titanium collected (tiebreak)	1000	v523	90	90	500	288	288	500	1.0	1.0	9	18	6	6	12	2	534	6	2	333	5	7	10	
atoll_s8_B	atoll	8	B	US	Core destroyed	398	v523	2862	2844	482	2358	1858	0	0.788	0.9937	3	11	0	1	1	0		0	2	60	2	7	7	
atoll_s9_A	atoll	9	A	OPP	Core destroyed	992	v523	576	72	-4	126	12	386	0.0952	0.125	4	16	0	0	0	1	990	1	2	984	10	7	6	
atoll_s9_B	atoll	9	B	OPP	Core destroyed	201	v523	900	392	-8	0	0	500		0.4356	4	12	0	0	0	0		0	0		6	7	8	
drakkarfjord_s7_A	drakkarfjord	7	A	US	Core destroyed	88	v523	0	0	500	504	0	-4	0.0		3	22	0	0	0	0		0	1	32	1	13	10	
drakkarfjord_s7_B	drakkarfjord	7	B	US	Core destroyed	287	v523	0	0	500	1476	970	-6	0.6572		3	13	0	0	0	0		0	1	40	2	13	14	
drakkarfjord_s8_A	drakkarfjord	8	A	US	Core destroyed	149	v523	0	0	500	756	252	-4	0.3333		3	21	0	1	1	0		0	1	65	3	13	17	
drakkarfjord_s8_B	drakkarfjord	8	B	US	Core destroyed	317	v523	0	0	500	828	324	-4	0.3913		6	40	0	0	0	0		4	1	225	4	13	9	
drakkarfjord_s9_A	drakkarfjord	9	A	US	Core destroyed	139	v523	0	0	500	684	180	-4	0.2632		2	16	0	1	1	0		0	1	63	1	13	15	
drakkarfjord_s9_B	drakkarfjord	9	B	US	Core destroyed	284	v523	0	0	500	1458	958	0	0.6571		3	13	0	0	0	0		0	1	40	2	13	14	
glacierkeep_s7_A	glacierkeep	7	A	US	Core destroyed	124	v523	0	0	500	504	0	-4	0.0		3	16	0	0	0	0		1	1	67	2	9	11	
glacierkeep_s7_B	glacierkeep	7	B	OPP	Core destroyed	769	v523	504	0	-4	0	0	500		0.0	7	67	0	0	0	0		0	0		2	9	7	
glacierkeep_s8_A	glacierkeep	8	A	US	Core destroyed	144	v523	0	0	500	504	0	-4	0.0		3	25	0	0	0	0		1	1	88	2	9	11	
glacierkeep_s8_B	glacierkeep	8	B	US	Core destroyed	312	v523	0	0	500	504	0	-4	0.0		3	24	0	0	0	0		1	1	256	2	9	34	
glacierkeep_s9_A	glacierkeep	9	A	US	Core destroyed	361	v523	738	738	500	504	0	-4	0.0	1.0	4	24	0	1	1	0		1	1	272	3	9	24	
glacierkeep_s9_B	glacierkeep	9	B	US	Core destroyed	624	v523	0	0	500	1242	738	-4	0.5942		4	24	0	0	0	0		0	2	88	7	9	46	
midgard_s7_A	midgard	7	A	OPP	Core destroyed	453	v523	900	396	-4	0	0	500		0.44	11	63	2	5	7	0		3	0		0		19	
midgard_s7_B	midgard	7	B	OPP	Core destroyed	777	v523	648	144	-4	0	0	500		0.2222	15	66	7	10	17	2	40	3	0		0		25	
midgard_s8_A	midgard	8	A	US	Titanium collected (tiebreak)	1000	v523	0	0	500	0	0	500			8	31	3	7	10	1	48	3	0		0		9	
midgard_s8_B	midgard	8	B	OPP	Core destroyed	373	v523	504	0	-4	0	0	500		0.0	11	24	6	3	9	3	38	5	0		0		6	
midgard_s9_A	midgard	9	A	OPP	Core destroyed	229	v523	504	0	-4	162	162	500	1.0	0.0	9	34	4	12	16	3	34	3	1	46	0		8	
midgard_s9_B	midgard	9	B	OPP	Core destroyed	333	v523	504	0	-4	0	0	500		0.0	8	20	6	9	15	2	38	5	0		0		23	
nordkap_s7_A	nordkap	7	A	OPP	Titanium collected (tiebreak)	1000	v523	72	72	500	3564	3320	256	0.9315	1.0	9	32	0	3	3	0		1	1	168	3	5	9	
nordkap_s7_B	nordkap	7	B	US	Core destroyed	161	v523	36	0	464	504	0	-4	0.0	0.0	5	21	0	3	3	2	7	2	1	61	4	5	8	
nordkap_s8_A	nordkap	8	A	US	Core destroyed	171	v523	270	270	500	504	0	-4	0.0	1.0	3	12	0	1	1	1	64	1	1	104	4	5	8	
nordkap_s8_B	nordkap	8	B	US	Core destroyed	349	v523	324	324	500	504	0	-4	0.0	1.0	5	20	1	6	7	1	8	1	1	172	2	5	37	
nordkap_s9_A	nordkap	9	A	US	Core destroyed	280	v523	216	216	500	504	0	-4	0.0	1.0	2	5	0	1	1	0		0	1	224	3	5	39	
nordkap_s9_B	nordkap	9	B	OPP	Core destroyed	165	v523	540	36	-4	0	0	500		0.0667	3	6	1	1	2	2	9	2	0		3	5	11	
yulerune_s7_A	yulerune	7	A	OPP	Core destroyed	160	v523	1062	552	-10	0	0	500		0.5198	8	37	2	8	10	1	19	2	0		0		5	
yulerune_s7_B	yulerune	7	B	US	Core destroyed	206	v523	0	0	500	738	236	-2	0.3198		5	22	2	10	12	1	23	3	1	124	0		13	
yulerune_s8_A	yulerune	8	A	US	Core destroyed	135	v523	594	584	490	504	0	-4	0.0	0.9832	3	13	1	4	5	1	28	1	1	79	0		9	
yulerune_s8_B	yulerune	8	B	OPP	Core destroyed	377	v523	504	0	-4	0	0	500		0.0	16	51	9	6	15	1	19	2	0		0		8	
yulerune_s9_A	yulerune	9	A	OPP	Titanium collected (tiebreak)	1000	v523	2736	2736	500	0	0	500		1.0	8	45	1	17	18	2	19	3	0		0		10	
yulerune_s9_B	yulerune	9	B	OPP	Core destroyed	248	v523	504	0	-4	0	0	500		0.0	14	55	8	11	19	1	19	1	0		0		9	
atoll_s10_A	atoll	10	A	OPP	Core destroyed	325	v523	1098	594	-4	0	0	500		0.541	5	17	0	2	2	0		3	0		4	7	7	
atoll_s10_B	atoll	10	B	US	Core destroyed	312	v523	720	720	500	504	0	-4	0.0	1.0	5	16	3	2	5	0		0	1	256	6	7	9	
atoll_s11_A	atoll	11	A	US	Core destroyed	529	v523	0	0	500	3510	3008	-2	0.857		4	15	0	3	3	0		2	3	104	2	7	6	
atoll_s11_B	atoll	11	B	US	Core destroyed	438	v523	2394	2376	482	2772	2272	0	0.8196	0.9925	3	13	0	1	1	0		1	1	130	3	7	11	
atoll_s12_A	atoll	12	A	US	Core destroyed	269	v523	0	0	500	594	90	-4	0.1515		5	14	0	3	3	0		1	3	102	6	7	26	
atoll_s12_B	atoll	12	B	US	Core destroyed	144	v523	846	846	500	504	0	-4	0.0	1.0	2	4	0	3	3	0		1	1	88	3	7	10	
drakkarfjord_s10_A	drakkarfjord	10	A	US	Core destroyed	88	v523	0	0	500	504	0	-4	0.0		3	25	0	0	0	0		0	1	32	1	13	10	
drakkarfjord_s10_B	drakkarfjord	10	B	US	Core destroyed	153	v523	0	0	500	612	104	-8	0.1699		3	18	0	0	0	0		0	1	85	2	13	16	
drakkarfjord_s11_A	drakkarfjord	11	A	US	Core destroyed	224	v523	0	0	500	1692	1192	0	0.7045		3	17	0	0	0	0		1	1	36	1	13	11	
drakkarfjord_s11_B	drakkarfjord	11	B	US	Core destroyed	124	v523	0	0	500	756	256	0	0.3386		3	14	0	0	0	0		0	1	40	1	13	14	
drakkarfjord_s12_A	drakkarfjord	12	A	US	Core destroyed	91	v523	0	0	500	504	0	-4	0.0		3	24	0	0	0	0		0	1	35	1	13	11	
drakkarfjord_s12_B	drakkarfjord	12	B	OPP	Core destroyed	521	v523	504	0	-4	2178	1820	142	0.8356	0.0	4	20	0	0	0	0		0	1	60	2	13	10	
glacierkeep_s10_A	glacierkeep	10	A	US	Core destroyed	144	v523	0	0	500	504	0	-4	0.0		3	24	0	0	0	0		1	1	88	2	9	11	
glacierkeep_s10_B	glacierkeep	10	B	US	Core destroyed	624	v523	0	0	500	1242	738	-4	0.5942		4	24	0	0	0	0		0	2	88	7	9	46	
glacierkeep_s11_A	glacierkeep	11	A	US	Core destroyed	172	v523	0	0	500	504	0	-4	0.0		3	27	0	0	0	0		2	1	104	2	9	11	
glacierkeep_s11_B	glacierkeep	11	B	US	Harvesters (tiebreak)	1000	v523	0	0	500	90	20	430	0.2222		4	24	0	0	0	0		1	1	989	2	9	110	
glacierkeep_s12_A	glacierkeep	12	A	US	Core destroyed	185	v523	0	0	500	504	0	-4	0.0		3	19	0	0	0	0		0	1	68	2	9	11	
glacierkeep_s12_B	glacierkeep	12	B	OPP	Core destroyed	954	v523	504	0	-4	0	0	500		0.0	9	91	0	0	0	0		0	0		4	9	7	
midgard_s10_A	midgard	10	A	OPP	Core destroyed	429	v523	792	292	0	0	0	500		0.3687	10	40	3	11	14	2	36	4	0		0		9	
midgard_s10_B	midgard	10	B	US	Core destroyed	151	v523	522	520	498	504	0	-4	0.0	0.9962	6	28	1	7	8	1	40	2	1	95	0		7	
midgard_s11_A	midgard	11	A	OPP	Core destroyed	161	v523	504	0	-4	360	360	500	1.0	0.0	8	35	2	8	10	2	34	3	1	50	0		5	
midgard_s11_B	midgard	11	B	OPP	Core destroyed	132	v523	504	0	-4	630	630	500	1.0	0.0	8	23	2	3	5	0		2	1	45	0		5	
midgard_s12_A	midgard	12	A	OPP	Core destroyed	260	v523	504	0	-4	450	450	500	1.0	0.0	9	48	1	4	5	1	45	2	1	100	0		10	
midgard_s12_B	midgard	12	B	US	Core destroyed	350	v523	828	828	500	504	0	-4	0.0	1.0	8	24	4	13	17	3	38	4	2	310	0		8	
nordkap_s10_A	nordkap	10	A	US	Core destroyed	507	v523	126	0	374	1512	1010	-2	0.668	0.0	3	12	1	1	2	1	221	2	1	68	4	5	29	
nordkap_s10_B	nordkap	10	B	US	Core destroyed	171	v523	864	864	500	504	0	-4	0.0	1.0	2	5	0	1	1	0		0	1	80	4	5	10	
nordkap_s11_A	nordkap	11	A	US	Core destroyed	229	v523	0	0	500	846	340	-6	0.4019		4	10	0	2	2	1	105	1	2	175	3	5	32	
nordkap_s11_B	nordkap	11	B	OPP	Core destroyed	276	v523	576	72	-4	0	0	500		0.125	7	27	1	1	2	1	7	2	0		3	5	7	
nordkap_s12_A	nordkap	12	A	US	Core destroyed	577	v523	0	0	500	990	486	-4	0.4909		2	5	0	1	1	0		0	1	108	3	5	71	
nordkap_s12_B	nordkap	12	B	US	Core destroyed	191	v523	1008	1008	500	504	0	-4	0.0	1.0	2	6	1	2	3	1	7	1	1	112	2	5	11	
yulerune_s10_A	yulerune	10	A	OPP	Core destroyed	249	v523	864	364	0	0	0	500		0.4213	7	37	2	8	10	1	19	1	0		0		9	
yulerune_s10_B	yulerune	10	B	OPP	Core destroyed	845	v523	504	0	-4	0	0	500		0.0	7	37	3	13	16	2	19	2	0		0		10	
yulerune_s11_A	yulerune	11	A	OPP	Core destroyed	288	v523	504	0	-4	0	0	500		0.0	9	51	1	4	5	1	24	1	0		0		10	
yulerune_s11_B	yulerune	11	B	OPP	Core destroyed	140	v523	504	0	-4	0	0	500		0.0	5	23	3	5	8	2	19	3	0		0		9	
yulerune_s12_A	yulerune	12	A	US	Core destroyed	384	v523	0	0	500	504	0	-4	0.0		7	41	2	10	12	1	19	2	2	192	0		12	
yulerune_s12_B	yulerune	12	B	OPP	Core destroyed	691	v523	1998	1496	-2	0	0	500		0.7487	10	36	5	4	9	1	19	2	0		0		7	
atoll_s13_A	atoll	13	A	OPP	Titanium collected (tiebreak)	1000	v523	270	270	500	54	0	446	0.0	1.0	4	14	0	0	0	0		1	5	766	5	7	7	
atoll_s13_B	atoll	13	B	OPP	Core destroyed	694	v523	3762	3262	0	2502	2212	210	0.8841	0.8671	4	17	0	3	3	0		2	1	390	5	7	4	
atoll_s14_A	atoll	14	A	US	Core destroyed	632	v523	54	54	500	3132	2632	0	0.8404	1.0	4	16	0	2	2	0		0	1	284	7	7	9	
atoll_s14_B	atoll	14	B	OPP	Core destroyed	362	v523	504	0	-4	0	0	500		0.0	3	6	0	1	1	0		1	0		5	7	8	
atoll_s15_A	atoll	15	A	US	Core destroyed	220	v523	0	0	500	864	360	-4	0.4167		5	22	0	9	9	1	77	1	1	124	4	7	8	
atoll_s15_B	atoll	15	B	OPP	Core destroyed	634	v523	504	0	-4	0	0	500		0.0	6	19	0	1	1	0		6	0		3	7	8	
drakkarfjord_s13_A	drakkarfjord	13	A	US	Core destroyed	153	v523	0	0	500	720	220	0	0.3056		2	16	0	0	0	0		0	1	73	1	13	15	
drakkarfjord_s13_B	drakkarfjord	13	B	US	Core destroyed	101	v523	0	0	500	504	0	-4	0.0		2	9	0	0	0	0		0	1	45	1	13	18	
drakkarfjord_s14_A	drakkarfjord	14	A	US	Core destroyed	106	v523	0	0	500	576	76	0	0.1319		3	15	0	0	0	0		0	1	42	1	13	13	
drakkarfjord_s14_B	drakkarfjord	14	B	US	Core destroyed	98	v523	0	0	500	504	0	-4	0.0		3	19	0	0	0	0		0	1	42	1	13	12	
drakkarfjord_s15_A	drakkarfjord	15	A	US	Core destroyed	101	v523	0	0	500	504	0	-4	0.0		2	16	0	0	0	0		0	1	45	1	13	13	
drakkarfjord_s15_B	drakkarfjord	15	B	US	Core destroyed	544	v523	0	0	500	2880	2380	0	0.8264		6	36	0	0	0	0		1	1	40	1	13	15	
glacierkeep_s13_A	glacierkeep	13	A	US	Core destroyed	115	v523	0	0	500	504	0	-4	0.0		4	30	0	0	0	0		0	1	59	2	9	11	
glacierkeep_s13_B	glacierkeep	13	B	US	Titanium collected (tiebreak)	1000	v523	0	0	500	1494	1494	500	1.0		4	23	0	0	0	0		0	1	68	2	9	95	
glacierkeep_s14_A	glacierkeep	14	A	OPP	Core destroyed	777	v523	504	0	-4	144	0	356	0.0	0.0	6	55	0	1	1	0		11	1	113	3	9	15	
glacierkeep_s14_B	glacierkeep	14	B	US	Core destroyed	317	v523	0	0	500	1242	738	-4	0.5942		5	35	0	0	0	0		0	1	71	2	9	12	
glacierkeep_s15_A	glacierkeep	15	A	US	Core destroyed	143	v523	0	0	500	504	0	-4	0.0		4	19	0	0	0	0		0	1	77	2	9	8	
glacierkeep_s15_B	glacierkeep	15	B	US	Core destroyed	217	v523	0	0	500	504	0	-4	0.0		3	23	0	0	0	0		0	1	108	3	9	12	
midgard_s13_A	midgard	13	A	OPP	Core destroyed	221	v523	504	0	-4	0	0	500		0.0	10	41	5	12	17	2	34	3	0		0		8	
midgard_s13_B	midgard	13	B	US	Core destroyed	266	v523	72	72	500	504	0	-4	0.0	1.0	6	39	2	11	13	2	43	3	2	228	0		9	
midgard_s14_A	midgard	14	A	OPP	Core destroyed	409	v523	504	0	-4	450	0	50	0.0	0.0	7	49	2	22	24	3	34	4	1	220	0		9	
midgard_s14_B	midgard	14	B	OPP	Core destroyed	297	v523	504	0	-4	288	0	212	0.0	0.0	9	28	6	12	18	2	38	3	1	252	0		9	
midgard_s15_A	midgard	15	A	US	Core destroyed	172	v523	144	100	456	504	0	-4	0.0	0.6944	6	26	3	11	14	2	43	3	1	116	0		9	
midgard_s15_B	midgard	15	B	US	Core destroyed	207	v523	1080	1080	500	504	0	-4	0.0	1.0	8	22	4	9	13	2	40	3	1	151	0		9	
nordkap_s13_A	nordkap	13	A	US	Core destroyed	441	v523	72	72	500	504	0	-4	0.0	1.0	5	17	0	3	3	0		0	1	216	3	5	57	
nordkap_s13_B	nordkap	13	B	US	Core destroyed	161	v523	36	0	464	504	0	-4	0.0	0.0	5	21	0	3	3	2	7	2	1	61	4	5	8	
nordkap_s14_A	nordkap	14	A	US	Titanium collected (tiebreak)	1000	v523	144	144	500	144	0	356	0.0	1.0	9	35	0	1	1	0		0	1	64	3	5	11	
nordkap_s14_B	nordkap	14	B	OPP	Core destroyed	210	v523	666	164	-2	0	0	500		0.2462	13	57	0	1	1	1	9	1	0		3	5	7	
nordkap_s15_A	nordkap	15	A	US	Core destroyed	732	v523	0	0	500	4482	3972	-10	0.8862		4	10	0	2	2	2	20	2	2	68	7	5	25	
nordkap_s15_B	nordkap	15	B	US	Core destroyed	117	v523	0	0	500	504	0	-4	0.0		3	8	1	1	2	2	7	2	1	41	3	5	11	
yulerune_s13_A	yulerune	13	A	OPP	Core destroyed	186	v523	504	0	-4	0	0	500		0.0	8	47	1	11	12	2	19	2	0		0		7	
yulerune_s13_B	yulerune	13	B	US	Core destroyed	193	v523	0	0	500	504	0	-4	0.0		9	42	5	12	17	1	19	1	1	96	0		10	
yulerune_s14_A	yulerune	14	A	US	Core destroyed	301	v523	828	828	500	504	0	-4	0.0	1.0	6	24	4	8	12	4	19	5	2	263	1	256	10	
yulerune_s14_B	yulerune	14	B	OPP	Titanium collected (tiebreak)	1000	v523	468	316	348	522	522	500	1.0	0.6752	7	34	2	4	6	2	19	3	2	496	0		12	
yulerune_s15_A	yulerune	15	A	OPP	Core destroyed	541	v523	504	0	-4	0	0	500		0.0	8	32	3	6	9	1	19	1	0		0		9	
yulerune_s15_B	yulerune	15	B	US	Core destroyed	439	v523	0	0	500	630	128	-2	0.2032		10	43	6	13	19	2	19	9	2	396	2	358	12	
atoll_s16_A	atoll	16	A	US	Core destroyed	119	v523	0	0	500	522	16	-6	0.0307		4	12	0	2	2	0		0	1	61	5	7	8	
atoll_s16_B	atoll	16	B	US	Core destroyed	128	v523	972	876	404	504	0	-4	0.0	0.9012	3	12	0	1	1	0		0	1	72	3	7	7	
atoll_s17_A	atoll	17	A	OPP	Core destroyed	726	v523	2700	2200	0	0	0	500		0.8148	5	14	0	0	0	0		6	0		6	7	13	
atoll_s17_B	atoll	17	B	US	Core destroyed	146	v523	0	0	500	504	0	-4	0.0		3	18	0	1	1	0		1	1	90	3	7	23	
atoll_s18_A	atoll	18	A	US	Core destroyed	250	v523	1296	1282	486	504	0	-4	0.0	0.9892	2	5	0	4	4	0		0	1	194	5	7	10	
atoll_s18_B	atoll	18	B	OPP	Core destroyed	327	v523	1044	544	0	0	0	500		0.5211	5	18	0	2	2	0		2	0		2	7	12	
drakkarfjord_s16_A	drakkarfjord	16	A	US	Core destroyed	211	v523	0	0	500	828	320	-8	0.3865		4	26	0	1	1	0		1	1	85	2	13	16	
drakkarfjord_s16_B	drakkarfjord	16	B	US	Core destroyed	121	v523	0	0	500	504	0	-4	0.0		3	19	0	1	1	0		0	1	65	2	13	19	
drakkarfjord_s17_A	drakkarfjord	17	A	OPP	Core destroyed	338	v523	504	0	-4	198	198	500	1.0	0.0	8	105	0	1	1	0		1	1	61	1	13	22	
drakkarfjord_s17_B	drakkarfjord	17	B	US	Core destroyed	614	v523	0	0	500	3330	2816	-14	0.8456		3	15	0	0	0	0		0	2	73	7	13	25	
drakkarfjord_s18_A	drakkarfjord	18	A	US	Core destroyed	90	v523	0	0	500	504	0	-4	0.0		3	25	0	0	0	0		0	1	34	1	13	10	
drakkarfjord_s18_B	drakkarfjord	18	B	US	Core destroyed	96	v523	0	0	500	504	0	-4	0.0		3	14	0	0	0	0		0	1	40	1	13	13	
glacierkeep_s16_A	glacierkeep	16	A	OPP	Core destroyed	753	v523	1008	504	-4	0	0	500		0.5	5	44	0	2	2	0		0	1	249	3	9	16	
glacierkeep_s16_B	glacierkeep	16	B	OPP	Titanium stored (tiebreak)	1000	v523	0	0	500	0	0	500			4	25	0	0	0	0		1	0		2	9	92	
glacierkeep_s17_A	glacierkeep	17	A	US	Core destroyed	123	v523	0	0	500	504	0	-4	0.0		3	17	0	0	0	0		0	1	67	2	9	12	
glacierkeep_s17_B	glacierkeep	17	B	US	Titanium collected (tiebreak)	1000	v523	0	0	500	180	180	500	1.0		4	17	0	0	0	0		2	1	76	2	9	80	
glacierkeep_s18_A	glacierkeep	18	A	US	Core destroyed	165	v523	0	0	500	504	0	-4	0.0		4	33	0	1	1	0		0	1	79	3	9	14	
glacierkeep_s18_B	glacierkeep	18	B	OPP	Harvesters (tiebreak)	1000	v523	0	0	500	0	0	500			4	25	0	0	0	0		1	1	128	3	9	83	
midgard_s16_A	midgard	16	A	US	Core destroyed	269	v523	0	0	500	504	0	-4	0.0		10	31	3	3	6	2	34	2	1	172	0		10	
midgard_s16_B	midgard	16	B	OPP	Core destroyed	349	v523	504	0	-4	252	0	248	0.0	0.0	9	35	5	12	17	2	39	3	1	312	0		9	
midgard_s17_A	midgard	17	A	OPP	Core destroyed	225	v523	504	0	-4	0	0	500		0.0	11	51	5	7	12	2	36	2	0		0		2	
midgard_s17_B	midgard	17	B	OPP	Core destroyed	364	v523	504	0	-4	0	0	500		0.0	18	57	13	9	22	2	40	3	0		0		8	
midgard_s18_A	midgard	18	A	US	Core destroyed	273	v523	486	0	14	504	0	-4	0.0	0.0	8	18	6	8	14	2	36	3	1	180	0		9	
midgard_s18_B	midgard	18	B	OPP	Core destroyed	486	v523	810	306	-4	0	0	500		0.3778	15	107	6	22	28	2	38	4	0		0		10	
nordkap_s16_A	nordkap	16	A	US	Core destroyed	102	v523	0	0	500	504	0	-4	0.0		3	11	0	2	2	0		0	1	46	3	5	11	
nordkap_s16_B	nordkap	16	B	US	Core destroyed	469	v523	0	0	500	1152	648	-4	0.5625		5	13	2	4	6	2	7	2	1	52	3	5	39	
nordkap_s17_A	nordkap	17	A	US	Core destroyed	336	v523	72	72	500	504	0	-4	0.0	1.0	2	6	0	1	1	0		0	1	280	2	5	50	
nordkap_s17_B	nordkap	17	B	OPP	Core destroyed	218	v523	504	0	-4	252	252	500	1.0	0.0	12	53	3	6	9	2	9	2	2	140	7	5	5	
nordkap_s18_A	nordkap	18	A	US	Core destroyed	217	v523	450	72	122	504	0	-4	0.0	0.16	6	25	0	3	3	0		0	1	108	3	5	11	
nordkap_s18_B	nordkap	18	B	US	Core destroyed	165	v523	0	0	500	504	0	-4	0.0		4	9	1	4	5	2	7	2	1	60	3	5	11	
yulerune_s16_A	yulerune	16	A	OPP	Core destroyed	291	v523	504	0	-4	0	0	500		0.0	9	50	2	5	7	1	20	2	0		0		12	
yulerune_s16_B	yulerune	16	B	OPP	Core destroyed	252	v523	504	0	-4	0	0	500		0.0	10	38	5	8	13	1	19	1	0		0		11	
yulerune_s17_A	yulerune	17	A	US	Core destroyed	217	v523	0	0	500	504	0	-4	0.0		7	33	2	9	11	1	19	1	1	124	0		10	
yulerune_s17_B	yulerune	17	B	OPP	Core destroyed	212	v523	504	0	-4	468	0	32	0.0	0.0	6	39	1	9	10	1	23	1	1	128	0		9	
yulerune_s18_A	yulerune	18	A	OPP	Titanium collected (tiebreak)	1000	v523	0	0	500	0	0	500			6	29	1	8	9	2	20	3	0		0		10	
yulerune_s18_B	yulerune	18	B	OPP	Core destroyed	220	v523	504	0	-4	0	0	500		0.0	13	60	5	11	16	1	19	1	0		0		6	
atoll_s19_A	atoll	19	A	OPP	Core destroyed	290	v523	1476	972	-4	0	0	500		0.6585	5	17	0	0	0	0		1	0		2	7	3	
atoll_s19_B	atoll	19	B	US	Core destroyed	454	v523	0	0	500	2574	2072	-2	0.805		4	16	0	5	5	1	309	1	6	171	7	7	20	
atoll_s20_A	atoll	20	A	US	Core destroyed	266	v523	432	432	500	504	0	-4	0.0	1.0	4	15	0	6	6	2	170	2	2	166	4	7	8	
atoll_s20_B	atoll	20	B	OPP	Core destroyed	540	v523	504	0	-4	684	684	500	1.0	0.0	4	16	0	1	1	0		1	1	62	5	7	10	
atoll_s21_A	atoll	21	A	OPP	Core destroyed	819	v523	4644	4144	0	3258	2880	122	0.884	0.8923	4	14	0	2	2	1	308	2	1	456	4	7	5	
atoll_s21_B	atoll	21	B	US	Titanium collected (tiebreak)	1000	v523	0	0	500	72	72	500	1.0		5	15	3	8	11	4	330	11	1	274	4	7	9	
drakkarfjord_s19_A	drakkarfjord	19	A	US	Core destroyed	101	v523	0	0	500	504	0	-4	0.0		3	16	0	0	0	0		0	1	45	1	13	12	
drakkarfjord_s19_B	drakkarfjord	19	B	US	Core destroyed	461	v523	0	0	500	1152	648	-4	0.5625		2	9	0	0	0	0		0	1	76	1	13	52	
drakkarfjord_s20_A	drakkarfjord	20	A	US	Core destroyed	88	v523	0	0	500	504	0	-4	0.0		3	22	0	0	0	0		0	1	32	1	13	10	
drakkarfjord_s20_B	drakkarfjord	20	B	US	Core destroyed	98	v523	0	0	500	504	0	-4	0.0		2	16	0	0	0	0		0	1	42	1	13	15	
drakkarfjord_s21_A	drakkarfjord	21	A	US	Core destroyed	211	v523	0	0	500	828	320	-8	0.3865		4	26	0	1	1	0		1	1	85	2	13	16	
drakkarfjord_s21_B	drakkarfjord	21	B	US	Core destroyed	287	v523	0	0	500	1476	970	-6	0.6572		3	13	0	0	0	0		0	1	40	2	13	14	
glacierkeep_s19_A	glacierkeep	19	A	US	Core destroyed	165	v523	0	0	500	504	0	-4	0.0		3	15	0	0	0	0		1	1	64	2	9	11	
glacierkeep_s19_B	glacierkeep	19	B	US	Core destroyed	582	v523	0	0	500	702	196	-6	0.2792		3	27	0	0	0	0		0	2	128	11	9	36	
glacierkeep_s20_A	glacierkeep	20	A	US	Core destroyed	137	v523	0	0	500	504	0	-4	0.0		4	25	0	0	0	0		0	1	52	2	9	11	
glacierkeep_s20_B	glacierkeep	20	B	US	Core destroyed	325	v523	0	0	500	504	0	-4	0.0		7	47	0	0	0	0		1	1	192	2	9	15	
glacierkeep_s21_A	glacierkeep	21	A	US	Core destroyed	253	v523	0	0	500	792	292	0	0.3687		3	31	0	1	1	0		1	1	107	3	9	11	
glacierkeep_s21_B	glacierkeep	21	B	US	Core destroyed	624	v523	0	0	500	1242	738	-4	0.5942		4	24	0	0	0	0		0	2	88	7	9	46	
midgard_s19_A	midgard	19	A	US	Core destroyed	213	v523	216	0	284	504	0	-4	0.0	0.0	7	31	4	13	17	2	43	3	1	116	0		9	
midgard_s19_B	midgard	19	B	US	Core destroyed	300	v523	342	342	500	990	488	-2	0.4929	1.0	8	47	1	14	15	4	40	5	2	114	0		19	
midgard_s20_A	midgard	20	A	OPP	Core destroyed	340	v523	576	72	-4	0	0	500		0.125	9	54	1	7	8	1	76	3	0		0		7	
midgard_s20_B	midgard	20	B	OPP	Core destroyed	631	v523	504	0	-4	0	0	500		0.0	12	84	1	23	24	1	40	2	0		0		54	
midgard_s21_A	midgard	21	A	US	Core destroyed	272	v523	0	0	500	504	0	-4	0.0		6	32	2	5	7	2	34	5	2	216	0		10	
midgard_s21_B	midgard	21	B	US	Core destroyed	301	v523	0	0	500	504	0	-4	0.0		7	32	2	6	8	3	34	3	1	172	0		9	
nordkap_s19_A	nordkap	19	A	US	Core destroyed	276	v523	144	144	500	756	252	-4	0.3333	1.0	2	6	0	1	1	0		2	1	68	4	5	33	
nordkap_s19_B	nordkap	19	B	US	Core destroyed	221	v523	648	648	500	504	0	-4	0.0	1.0	3	10	1	4	5	1	9	2	1	96	2	5	11	
nordkap_s20_A	nordkap	20	A	US	Core destroyed	566	v523	468	468	500	1332	830	-2	0.6231	1.0	4	14	0	1	1	1	120	2	3	176	5	5	26	
nordkap_s20_B	nordkap	20	B	OPP	Core destroyed	445	v523	918	418	0	0	0	500		0.4553	18	90	4	14	18	2	8	2	0		2	5	9	
nordkap_s21_A	nordkap	21	A	US	Core destroyed	107	v523	0	0	500	504	0	-4	0.0		3	8	0	1	1	0		1	1	47	2	5	14	
nordkap_s21_B	nordkap	21	B	US	Core destroyed	211	v523	0	0	500	1512	1008	-4	0.6667		11	34	2	2	4	1	9	1	2	109	3	5	12	
yulerune_s19_A	yulerune	19	A	OPP	Core destroyed	496	v523	504	0	-4	0	0	500		0.0	9	54	2	4	6	1	28	2	0		0		9	
yulerune_s19_B	yulerune	19	B	OPP	Core destroyed	188	v523	504	0	-4	0	0	500		0.0	7	34	4	16	20	2	19	2	0		0		8	
yulerune_s20_A	yulerune	20	A	US	Core destroyed	507	v523	1944	1930	486	504	0	-4	0.0	0.9928	5	22	2	7	9	1	19	5	1	451	0		10	
yulerune_s20_B	yulerune	20	B	OPP	Core destroyed	159	v523	504	0	-4	0	0	500		0.0	6	25	2	3	5	1	19	2	0		0		8	
yulerune_s21_A	yulerune	21	A	US	Core destroyed	323	v523	0	0	500	504	0	-4	0.0		6	31	2	12	14	4	28	5	1	267	0		12	
yulerune_s21_B	yulerune	21	B	OPP	Core destroyed	224	v523	504	0	-4	108	0	392	0.0	0.0	7	43	3	12	15	1	19	1	1	212	0		8	
atoll_s22_A	atoll	22	A	OPP	Titanium collected (tiebreak)	1000	v523	72	0	428	0	0	500		0.0	6	158	0	147	147	3	632	8	0		8	7	2	
atoll_s22_B	atoll	22	B	US	Core destroyed	398	v523	2862	2844	482	2358	1858	0	0.788	0.9937	3	11	0	1	1	0		0	2	60	2	7	7	
atoll_s23_A	atoll	23	A	US	Core destroyed	364	v523	0	0	500	2592	2092	0	0.8071		4	12	0	1	1	0		1	2	79	4	7	5	
atoll_s23_B	atoll	23	B	OPP	Core destroyed	513	v523	1080	572	-8	162	152	490	0.9383	0.5296	5	17	0	2	2	0		1	1	66	4	7	7	
atoll_s24_A	atoll	24	A	OPP	Core destroyed	268	v523	504	0	-4	0	0	500		0.0	5	16	0	0	0	0		2	0		3	7	6	
atoll_s24_B	atoll	24	B	OPP	Titanium collected (tiebreak)	1000	v523	0	0	500	216	162	446	0.75		4	12	0	3	3	2	137	2	1	740	4	7	231	
drakkarfjord_s22_A	drakkarfjord	22	A	US	Core destroyed	106	v523	0	0	500	630	128	-2	0.2032		3	17	0	0	0	0		0	1	36	1	13	11	
drakkarfjord_s22_B	drakkarfjord	22	B	US	Core destroyed	101	v523	0	0	500	504	0	-4	0.0		2	9	0	0	0	0		0	1	45	1	13	18	
drakkarfjord_s23_A	drakkarfjord	23	A	US	Core destroyed	98	v523	0	0	500	504	0	-4	0.0		3	13	0	0	0	0		0	1	42	1	13	13	
drakkarfjord_s23_B	drakkarfjord	23	B	US	Core destroyed	122	v523	0	0	500	738	232	-6	0.3144		3	14	0	0	0	0		0	1	40	1	13	12	
drakkarfjord_s24_A	drakkarfjord	24	A	US	Core destroyed	100	v523	0	0	500	504	0	-4	0.0		3	13	0	0	0	0		0	1	44	1	13	12	
drakkarfjord_s24_B	drakkarfjord	24	B	US	Core destroyed	105	v523	0	0	500	558	52	-6	0.0932		3	14	0	0	0	0		0	1	43	1	13	13	
glacierkeep_s22_A	glacierkeep	22	A	US	Core destroyed	112	v523	0	0	500	504	0	-4	0.0		3	17	0	0	0	0		0	1	52	2	9	11	
glacierkeep_s22_B	glacierkeep	22	B	OPP	Titanium stored (tiebreak)	1000	v523	0	0	500	0	0	500			11	109	0	0	0	0		1	0		2	9	7	
glacierkeep_s23_A	glacierkeep	23	A	US	Core destroyed	161	v523	0	0	500	504	0	-4	0.0		4	24	0	0	0	0		1	1	68	2	9	11	
glacierkeep_s23_B	glacierkeep	23	B	US	Core destroyed	225	v523	0	0	500	504	0	-4	0.0		4	28	0	0	0	0		0	1	113	3	9	12	
glacierkeep_s24_A	glacierkeep	24	A	US	Core destroyed	261	v523	0	0	500	774	272	-2	0.3514		3	21	0	0	0	0		0	2	71	3	9	17	
glacierkeep_s24_B	glacierkeep	24	B	US	Core destroyed	349	v523	0	0	500	666	162	-4	0.2432		3	21	0	0	0	0		0	1	90	2	9	40	
midgard_s22_A	midgard	22	A	US	Core destroyed	253	v523	0	0	500	504	0	-4	0.0		9	44	1	5	6	2	34	2	1	158	0		9	
midgard_s22_B	midgard	22	B	OPP	Core destroyed	203	v523	504	0	-4	0	0	500		0.0	9	38	3	11	14	2	34	4	0		0		7	
midgard_s23_A	midgard	23	A	OPP	Core destroyed	282	v523	936	428	-8	72	0	428	0.0	0.4573	9	25	5	10	15	2	43	4	1	184	0		7	
midgard_s23_B	midgard	23	B	US	Titanium collected (tiebreak)	1000	v523	0	0	500	3816	3816	500	1.0		7	35	1	5	6	2	34	2	1	47	0		12	
midgard_s24_A	midgard	24	A	OPP	Core destroyed	441	v523	936	432	-4	2052	1916	364	0.9337	0.4615	6	27	2	4	6	2	34	2	1	61	0		5	
midgard_s24_B	midgard	24	B	US	Core destroyed	689	v523	0	0	500	954	450	-4	0.4717		7	18	5	9	14	3	39	4	2	220	0		22	
nordkap_s22_A	nordkap	22	A	US	Core destroyed	101	v523	0	0	500	504	0	-4	0.0		4	8	0	1	1	0		0	1	40	2	5	11	
nordkap_s22_B	nordkap	22	B	OPP	Core destroyed	586	v523	504	0	-4	576	116	40	0.2014	0.0	14	52	8	15	23	6	9	6	4	136	13	5	22	
nordkap_s23_A	nordkap	23	A	US	Core destroyed	475	v523	0	0	500	3456	2956	0	0.8553		4	10	0	2	2	0		0	1	91	2	5	18	
nordkap_s23_B	nordkap	23	B	OPP	Core destroyed	240	v523	558	54	-4	0	0	500		0.0968	8	28	0	0	0	0		0	0		3	5	7	
nordkap_s24_A	nordkap	24	A	US	Core destroyed	120	v523	612	578	466	504	0	-4	0.0	0.9444	2	5	0	1	1	0		0	1	51	3	5	10	
nordkap_s24_B	nordkap	24	B	OPP	Core destroyed	907	v523	504	0	-4	18	18	500	1.0	0.0	17	57	6	7	13	2	7	2	1	60	7	5	18	
yulerune_s22_A	yulerune	22	A	US	Core destroyed	179	v523	0	0	500	504	0	-4	0.0		7	28	3	13	16	2	19	3	1	123	0		9	
yulerune_s22_B	yulerune	22	B	OPP	Core destroyed	320	v523	504	0	-4	0	0	500		0.0	7	41	2	3	5	1	19	1	0		0		32	
yulerune_s23_A	yulerune	23	A	OPP	Core destroyed	255	v523	504	0	-4	0	0	500		0.0	10	58	1	6	7	1	24	4	0		0		7	
yulerune_s23_B	yulerune	23	B	OPP	Core destroyed	176	v523	504	0	-4	72	0	428	0.0	0.0	5	32	1	12	13	1	19	1	1	168	0		9	
yulerune_s24_A	yulerune	24	A	OPP	Core destroyed	933	v523	504	0	-4	0	0	500		0.0	9	68	0	17	17	2	20	2	0		0		10	
yulerune_s24_B	yulerune	24	B	OPP	Core destroyed	251	v523	504	0	-4	0	0	500		0.0	11	76	0	9	9	1	19	2	0		0		7	
atoll_s25_A	atoll	25	A	OPP	Core destroyed	861	v523	3600	3100	0	0	0	500		0.8611	4	15	0	3	3	1	504	2	0		7	7	7	
atoll_s25_B	atoll	25	B	US	Core destroyed	241	v523	0	0	500	504	0	-4	0.0		3	12	0	2	2	1	144	1	1	162	4	7	57	
atoll_s26_A	atoll	26	A	US	Core destroyed	149	v523	0	0	500	504	0	-4	0.0		5	15	0	2	2	0		0	1	60	5	7	8	
atoll_s26_B	atoll	26	B	OPP	Core destroyed	203	v523	1404	900	-4	0	0	500		0.641	3	12	0	1	1	0		2	0		3	7	8	
atoll_s27_A	atoll	27	A	US	Core destroyed	438	v523	180	180	500	504	0	-4	0.0	1.0	4	16	2	9	11	4	204	7	1	382	4	7	6	
atoll_s27_B	atoll	27	B	US	Core destroyed	380	v523	54	54	500	504	0	-4	0.0	1.0	5	15	0	1	1	0		1	3	204	3	7	8	
drakkarfjord_s25_A	drakkarfjord	25	A	OPP	Core destroyed	716	v523	504	0	-4	0	0	500		0.0	8	105	0	2	2	0		3	0		3	13	30	
drakkarfjord_s25_B	drakkarfjord	25	B	US	Core destroyed	100	v523	0	0	500	504	0	-4	0.0		2	9	0	0	0	0		0	1	44	1	13	18	
drakkarfjord_s26_A	drakkarfjord	26	A	US	Core destroyed	88	v523	0	0	500	504	0	-4	0.0		3	22	0	0	0	0		0	1	32	1	13	10	
drakkarfjord_s26_B	drakkarfjord	26	B	US	Core destroyed	383	v523	0	0	500	1962	1462	0	0.7452		3	13	0	0	0	0		0	1	40	4	13	24	
drakkarfjord_s27_A	drakkarfjord	27	A	US	Core destroyed	211	v523	0	0	500	828	320	-8	0.3865		4	26	0	1	1	0		1	1	85	2	13	16	
drakkarfjord_s27_B	drakkarfjord	27	B	US	Core destroyed	153	v523	0	0	500	504	0	-4	0.0		2	9	0	0	0	0		0	1	68	2	13	22	
glacierkeep_s25_A	glacierkeep	25	A	US	Core destroyed	409	v523	0	0	500	2088	1588	0	0.7605		4	28	0	0	0	0		1	3	49	4	9	12	
glacierkeep_s25_B	glacierkeep	25	B	US	Core destroyed	325	v523	0	0	500	504	0	-4	0.0		7	47	0	0	0	0		1	1	192	2	9	15	
glacierkeep_s26_A	glacierkeep	26	A	US	Core destroyed	120	v523	0	0	500	504	0	-4	0.0		3	16	0	0	0	0		0	1	64	2	9	12	
glacierkeep_s26_B	glacierkeep	26	B	US	Titanium collected (tiebreak)	1000	v523	0	0	500	54	54	500	1.0		10	77	0	0	0	0		2	1	140	2	9	14	
glacierkeep_s27_A	glacierkeep	27	A	OPP	Core destroyed	389	v523	504	0	-4	0	0	500		0.0	13	90	0	0	0	0		1	0		5	9	12	
glacierkeep_s27_B	glacierkeep	27	B	OPP	Titanium stored (tiebreak)	1000	v523	0	0	500	0	0	500			11	109	0	0	0	0		1	0		2	9	7	
midgard_s25_A	midgard	25	A	OPP	Core destroyed	813	v523	504	0	-4	0	0	500		0.0	8	62	1	13	14	1	52	2	0		0		10	
midgard_s25_B	midgard	25	B	US	Core destroyed	293	v523	1044	1026	482	504	0	-4	0.0	0.9828	7	24	4	13	17	3	38	4	1	232	0		8	
midgard_s26_A	midgard	26	A	US	Core destroyed	193	v523	414	414	500	900	392	-8	0.4356	1.0	7	26	4	10	14	2	43	4	1	89	0		8	
midgard_s26_B	midgard	26	B	OPP	Core destroyed	257	v523	504	0	-4	0	0	500		0.0	9	44	3	13	16	2	47	4	0		0		8	
midgard_s27_A	midgard	27	A	US	Core destroyed	305	v523	0	0	500	504	0	-4	0.0		10	32	3	12	15	2	45	3	1	212	0		9	
midgard_s27_B	midgard	27	B	US	Core destroyed	140	v523	414	414	500	792	284	-8	0.3586	1.0	6	26	1	6	7	1	40	3	1	52	0		7	
nordkap_s25_A	nordkap	25	A	US	Core destroyed	277	v523	288	288	500	504	0	-4	0.0	1.0	2	6	1	3	4	2	7	2	1	148	3	5	30	
nordkap_s25_B	nordkap	25	B	OPP	Core destroyed	544	v523	558	54	-4	540	540	500	1.0	0.0968	16	52	7	7	14	6	262	7	2	93	5	5	8	
nordkap_s26_A	nordkap	26	A	US	Core destroyed	277	v523	288	288	500	504	0	-4	0.0	1.0	2	6	1	3	4	2	7	2	1	148	3	5	30	
nordkap_s26_B	nordkap	26	B	OPP	Core destroyed	161	v523	504	0	-4	0	0	500		0.0	9	34	0	2	2	2	9	4	0		3	5	8	
nordkap_s27_A	nordkap	27	A	US	Core destroyed	211	v523	0	0	500	504	0	-4	0.0		3	6	2	3	5	1	81	1	1	155	3	5	13	
nordkap_s27_B	nordkap	27	B	OPP	Core destroyed	313	v523	1296	792	-4	0	0	500		0.6111	3	10	0	3	3	1	9	2	1	112	3	5	11	
yulerune_s25_A	yulerune	25	A	OPP	Core destroyed	466	v523	504	0	-4	0	0	500		0.0	11	81	3	8	11	1	19	2	0		0		30	
yulerune_s25_B	yulerune	25	B	OPP	Core destroyed	374	v523	504	0	-4	0	0	500		0.0	7	40	2	3	5	1	19	1	0		0		24	
yulerune_s26_A	yulerune	26	A	US	Core destroyed	221	v523	0	0	500	504	0	-4	0.0		7	23	1	7	8	1	20	1	1	165	0		8	
yulerune_s26_B	yulerune	26	B	OPP	Core destroyed	224	v523	504	0	-4	108	0	392	0.0	0.0	7	43	3	12	15	1	19	1	1	212	0		8	
yulerune_s27_A	yulerune	27	A	US	Core destroyed	188	v523	1386	1160	274	612	112	0	0.183	0.8369	7	31	2	6	8	1	19	1	1	87	0		7	
yulerune_s27_B	yulerune	27	B	US	Core destroyed	505	v523	270	0	230	504	0	-4	0.0	0.0	4	30	1	14	15	4	21	4	1	408	0		9	
atoll_s28_A	atoll	28	A	US	Core destroyed	398	v523	0	0	500	2466	1958	-8	0.794		4	12	0	2	2	0		1	1	77	6	7	12	
atoll_s28_B	atoll	28	B	US	Core destroyed	190	v523	1566	1548	482	864	364	0	0.4213	0.9885	5	17	0	1	1	0		0	1	94	3	7	6	
atoll_s29_A	atoll	29	A	OPP	Core destroyed	202	v523	918	408	-10	0	0	500		0.4444	5	18	0	2	2	0		1	0		3	7	4	
atoll_s29_B	atoll	29	B	US	Core destroyed	127	v523	594	500	406	504	0	-4	0.0	0.8418	3	12	0	1	1	0		0	1	66	4	7	14	
atoll_s30_A	atoll	30	A	US	Core destroyed	442	v523	0	0	500	1224	708	-16	0.5784		3	12	0	2	2	0		4	2	350	4	7	39	
atoll_s30_B	atoll	30	B	OPP	Core destroyed	721	v523	504	0	-4	0	0	500		0.0	4	11	0	0	0	0		0	0		4	7	3	
drakkarfjord_s28_A	drakkarfjord	28	A	US	Core destroyed	149	v523	0	0	500	756	252	-4	0.3333		3	21	0	1	1	0		0	1	65	3	13	17	
drakkarfjord_s28_B	drakkarfjord	28	B	US	Core destroyed	917	v523	0	0	500	3006	2502	-4	0.8323		6	60	0	0	0	0		0	1	40	1	13	43	
drakkarfjord_s29_A	drakkarfjord	29	A	US	Core destroyed	106	v523	0	0	500	576	76	0	0.1319		3	15	0	0	0	0		0	1	42	1	13	13	
drakkarfjord_s29_B	drakkarfjord	29	B	US	Core destroyed	98	v523	0	0	500	504	0	-4	0.0		2	16	0	0	0	0		0	1	42	1	13	15	
drakkarfjord_s30_A	drakkarfjord	30	A	OPP	Core destroyed	799	v523	2502	1998	-4	252	252	500	1.0	0.7986	9	111	0	1	1	0		1	1	92	6	13	12	
drakkarfjord_s30_B	drakkarfjord	30	B	OPP	Core destroyed	521	v523	504	0	-4	2178	1820	142	0.8356	0.0	4	20	0	0	0	0		0	1	60	2	13	10	
glacierkeep_s28_A	glacierkeep	28	A	US	Core destroyed	322	v523	0	0	500	504	0	-4	0.0		2	13	0	0	0	0		0	2	65	2	9	38	
glacierkeep_s28_B	glacierkeep	28	B	OPP	Core destroyed	936	v523	504	0	-4	108	92	484	0.8519	0.0	15	129	0	0	0	0		2	1	96	3	9	12	
glacierkeep_s29_A	glacierkeep	29	A	OPP	Titanium collected (tiebreak)	1000	v523	0	0	500	1098	1098	500	1.0		15	110	0	1	1	0		2	1	100	3	9	22	
glacierkeep_s29_B	glacierkeep	29	B	OPP	Core destroyed	893	v523	504	0	-4	0	0	500		0.0	8	78	0	0	0	0		0	0		3	9	7	
glacierkeep_s30_A	glacierkeep	30	A	US	Core destroyed	201	v523	90	90	500	504	0	-4	0.0	1.0	4	25	0	0	0	0		2	1	85	2	9	12	
glacierkeep_s30_B	glacierkeep	30	B	US	Harvesters (tiebreak)	1000	v523	0	0	500	0	0	500			11	107	0	0	0	0		3	0		2	9	15	
midgard_s28_A	midgard	28	A	OPP	Titanium collected (tiebreak)	1000	v523	0	0	500	1440	1440	500	1.0		8	46	2	28	30	4	48	5	1	544	0		30	
midgard_s28_B	midgard	28	B	US	Core destroyed	172	v523	1098	1098	500	504	0	-4	0.0	1.0	5	16	2	6	8	2	40	3	1	116	0		9	
midgard_s29_A	midgard	29	A	OPP	Core destroyed	453	v523	504	0	-4	1278	816	38	0.6385	0.0	7	53	3	7	10	2	34	2	1	180	0		8	
midgard_s29_B	midgard	29	B	OPP	Titanium collected (tiebreak)	1000	v523	0	0	500	2034	2034	500	1.0		8	57	1	9	10	1	40	3	2	272	0		19	
midgard_s30_A	midgard	30	A	US	Titanium collected (tiebreak)	1000	v523	0	0	500	324	324	500	1.0		8	30	2	5	7	1	34	2	2	47	0		11	
midgard_s30_B	midgard	30	B	OPP	Core destroyed	665	v523	504	0	-4	1368	1016	148	0.7427	0.0	8	53	2	19	21	2	40	3	1	380	0		9	
nordkap_s28_A	nordkap	28	A	US	Core destroyed	803	v523	180	180	500	504	0	-4	0.0	1.0	9	36	4	13	17	3	671	7	2	626	13	5	8	
nordkap_s28_B	nordkap	28	B	US	Core destroyed	130	v523	990	946	456	504	0	-4	0.0	0.9556	2	5	0	0	0	0		0	2	80	4	5	7	
nordkap_s29_A	nordkap	29	A	OPP	Core destroyed	385	v523	576	72	-4	252	0	248	0.0	0.125	5	11	0	1	1	1	132	1	1	56	3	5	10	
nordkap_s29_B	nordkap	29	B	OPP	Core destroyed	273	v523	918	414	-4	0	0	500		0.451	2	6	1	2	3	2	7	2	0		3	5	10	
nordkap_s30_A	nordkap	30	A	US	Core destroyed	198	v523	198	198	500	504	0	-4	0.0	1.0	5	16	0	1	1	0		1	1	139	3	5	11	
nordkap_s30_B	nordkap	30	B	US	Core destroyed	328	v523	0	0	500	828	328	0	0.3961		13	71	1	5	6	1	9	1	1	236	4	5	11	
yulerune_s28_A	yulerune	28	A	OPP	Core destroyed	221	v523	504	0	-4	0	0	500		0.0	7	26	4	10	14	2	19	2	0		0		11	
yulerune_s28_B	yulerune	28	B	OPP	Core destroyed	180	v523	504	0	-4	0	0	500		0.0	12	54	5	9	14	1	19	1	0		0		5	
yulerune_s29_A	yulerune	29	A	OPP	Core destroyed	249	v523	864	364	0	0	0	500		0.4213	7	37	2	8	10	1	19	1	0		0		9	
yulerune_s29_B	yulerune	29	B	US	Core destroyed	480	v523	0	0	500	666	160	-6	0.2402		8	35	6	13	19	3	23	7	3	391	2	357	15	
yulerune_s30_A	yulerune	30	A	OPP	Core destroyed	293	v523	504	0	-4	270	0	230	0.0	0.0	8	37	4	10	14	1	19	2	1	252	0		11	
yulerune_s30_B	yulerune	30	B	OPP	Core destroyed	203	v523	504	0	-4	0	0	500		0.0	6	30	1	7	8	2	19	3	0		0		6	
atoll_s31_A	atoll	31	A	US	Core destroyed	293	v523	0	0	500	1134	634	0	0.5591		5	20	0	6	6	1	140	1	2	68	2	7	7	
atoll_s31_B	atoll	31	B	OPP	Core destroyed	722	v523	1980	1476	-4	72	72	500	1.0	0.7455	10	17	5	1	6	0		2	1	60	10	7	9	
atoll_s32_A	atoll	32	A	US	Core destroyed	300	v523	0	0	500	504	0	-4	0.0		3	11	0	1	1	0		1	2	264	6	7	9	
atoll_s32_B	atoll	32	B	US	Core destroyed	274	v523	54	54	500	1728	1228	0	0.7106	1.0	4	18	0	3	3	0		1	2	92	2	7	9	
atoll_s33_A	atoll	33	A	US	Core destroyed	606	v523	0	0	500	2232	1732	0	0.776		3	12	0	5	5	2	351	5	2	384	3	7	49	
atoll_s33_B	atoll	33	B	US	Core destroyed	500	v523	1152	1152	500	3978	3464	-14	0.8708	1.0	3	11	0	3	3	0		0	2	60	3	7	12	
drakkarfjord_s31_A	drakkarfjord	31	A	US	Core destroyed	139	v523	0	0	500	684	180	-4	0.2632		2	16	0	1	1	0		0	1	63	1	13	15	
drakkarfjord_s31_B	drakkarfjord	31	B	US	Core destroyed	153	v523	0	0	500	504	0	-4	0.0		2	9	0	0	0	0		0	1	68	2	13	22	
drakkarfjord_s32_A	drakkarfjord	32	A	US	Core destroyed	98	v523	0	0	500	504	0	-4	0.0		3	13	0	0	0	0		0	1	42	1	13	13	
drakkarfjord_s32_B	drakkarfjord	32	B	OPP	Core destroyed	521	v523	504	0	-4	2178	1820	142	0.8356	0.0	4	20	0	0	0	0		0	1	60	2	13	10	
drakkarfjord_s33_A	drakkarfjord	33	A	US	Core destroyed	233	v523	0	0	500	504	0	-4	0.0		4	38	0	2	2	0		2	1	177	1	13	32	
drakkarfjord_s33_B	drakkarfjord	33	B	US	Core destroyed	96	v523	0	0	500	504	0	-4	0.0		3	14	0	0	0	0		0	1	40	1	13	13	
glacierkeep_s31_A	glacierkeep	31	A	US	Core destroyed	119	v523	0	0	500	504	0	-4	0.0		4	29	0	0	0	0		0	1	63	2	9	11	
glacierkeep_s31_B	glacierkeep	31	B	US	Core destroyed	232	v523	0	0	500	504	0	-4	0.0		3	27	0	0	0	0		1	1	176	2	9	24	
glacierkeep_s32_A	glacierkeep	32	A	OPP	Titanium collected (tiebreak)	1000	v523	0	0	500	36	36	500	1.0		6	43	0	1	1	0		5	1	112	3	9	11	
glacierkeep_s32_B	glacierkeep	32	B	OPP	Titanium stored (tiebreak)	1000	v523	0	0	500	0	0	500			4	26	0	0	0	0		1	0		2	9	82	
glacierkeep_s33_A	glacierkeep	33	A	US	Core destroyed	177	v523	0	0	500	504	0	-4	0.0		3	17	0	0	0	0		1	1	71	2	9	11	
glacierkeep_s33_B	glacierkeep	33	B	US	Core destroyed	717	v523	0	0	500	504	0	-4	0.0		6	52	0	0	0	0		0	1	661	3	9	58	
midgard_s31_A	midgard	31	A	US	Titanium collected (tiebreak)	1000	v523	0	0	500	324	324	500	1.0		8	30	2	5	7	1	34	2	2	47	0		11	
midgard_s31_B	midgard	31	B	US	Core destroyed	153	v523	0	0	500	504	0	-4	0.0		7	31	1	6	7	1	42	3	1	90	0		9	
midgard_s32_A	midgard	32	A	OPP	Core destroyed	372	v523	504	0	-4	252	252	500	1.0	0.0	15	68	5	10	15	1	44	3	1	52	0		22	
midgard_s32_B	midgard	32	B	OPP	Core destroyed	661	v523	504	0	-4	0	0	500		0.0	8	28	4	12	16	3	39	5	0		0		10	
midgard_s33_A	midgard	33	A	US	Titanium collected (tiebreak)	1000	v523	0	0	500	2484	2484	500	1.0		6	16	2	6	8	2	41	4	1	240	0		9	
midgard_s33_B	midgard	33	B	OPP	Core destroyed	745	v523	504	0	-4	0	0	500		0.0	8	35	5	17	22	2	42	4	0		0		11	
nordkap_s31_A	nordkap	31	A	OPP	Titanium collected (tiebreak)	1000	v523	0	0	500	144	0	356	0.0		13	58	0	4	4	0		1	1	961	4	5	39	
nordkap_s31_B	nordkap	31	B	US	Core destroyed	325	v523	0	0	500	504	0	-4	0.0		3	8	0	4	4	2	7	2	2	53	3	5	38	
nordkap_s32_A	nordkap	32	A	US	Core destroyed	433	v523	1008	990	482	504	0	-4	0.0	0.9821	2	5	0	1	1	0		2	1	154	4	5	10	
nordkap_s32_B	nordkap	32	B	OPP	Core destroyed	377	v523	504	0	-4	0	0	500		0.0	12	53	1	8	9	3	133	4	0		4	5	13	
nordkap_s33_A	nordkap	33	A	US	Core destroyed	584	v523	0	0	500	3474	2966	-8	0.8538		11	46	4	8	12	3	400	4	2	44	10	5	15	
nordkap_s33_B	nordkap	33	B	OPP	Core destroyed	334	v523	504	0	-4	0	0	500		0.0	9	38	1	1	2	1	40	1	0		4	5	7	
yulerune_s31_A	yulerune	31	A	OPP	Core destroyed	348	v523	792	284	-8	0	0	500		0.3586	11	52	3	7	10	1	19	2	0		0		11	
yulerune_s31_B	yulerune	31	B	OPP	Core destroyed	412	v523	504	0	-4	0	0	500		0.0	18	63	11	17	28	1	19	2	0		0		7	
yulerune_s32_A	yulerune	32	A	OPP	Core destroyed	219	v523	504	0	-4	0	0	500		0.0	12	60	4	6	10	2	27	2	0		0		10	
yulerune_s32_B	yulerune	32	B	OPP	Core destroyed	318	v523	504	0	-4	0	0	500		0.0	8	48	1	13	14	2	19	4	0		0		8	
yulerune_s33_A	yulerune	33	A	OPP	Core destroyed	303	v523	504	0	-4	0	0	500		0.0	9	61	0	11	11	1	19	2	0		0		15	
yulerune_s33_B	yulerune	33	B	US	Core destroyed	188	v523	0	0	500	504	0	-4	0.0		8	46	1	11	12	1	24	1	1	132	0		9	
atoll_s34_A	atoll	34	A	US	Core destroyed	119	v523	0	0	500	522	16	-6	0.0307		4	12	0	2	2	0		0	1	61	5	7	8	
atoll_s34_B	atoll	34	B	OPP	Core destroyed	114	v523	504	0	-4	0	0	500		0.0	5	17	0	1	1	0		1	0		4	7	6	
atoll_s35_A	atoll	35	A	OPP	Core destroyed	202	v523	918	408	-10	0	0	500		0.4444	5	18	0	2	2	0		1	0		3	7	4	
atoll_s35_B	atoll	35	B	OPP	Core destroyed	505	v523	1512	1008	-4	0	0	500		0.6667	9	17	6	1	7	0		5	0		4	7	7	
atoll_s36_A	atoll	36	A	US	Core destroyed	161	v523	792	774	482	504	0	-4	0.0	0.9773	3	12	0	2	2	0		1	1	92	3	7	6	
atoll_s36_B	atoll	36	B	US	Core destroyed	449	v523	36	36	500	882	380	-2	0.4308	1.0	5	15	0	0	0	0		3	1	351	2	7	8	
drakkarfjord_s34_A	drakkarfjord	34	A	US	Core destroyed	98	v523	0	0	500	504	0	-4	0.0		3	13	0	0	0	0		0	1	42	1	13	13	
drakkarfjord_s34_B	drakkarfjord	34	B	US	Core destroyed	153	v523	0	0	500	612	104	-8	0.1699		3	18	0	0	0	0		0	1	85	2	13	16	
drakkarfjord_s35_A	drakkarfjord	35	A	US	Core destroyed	98	v523	0	0	500	504	0	-4	0.0		3	13	0	0	0	0		0	1	42	1	13	13	
drakkarfjord_s35_B	drakkarfjord	35	B	US	Core destroyed	101	v523	0	0	500	504	0	-4	0.0		2	9	0	0	0	0		0	1	45	1	13	18	
drakkarfjord_s36_A	drakkarfjord	36	A	US	Core destroyed	88	v523	0	0	500	504	0	-4	0.0		3	25	0	0	0	0		0	1	32	1	13	10	
drakkarfjord_s36_B	drakkarfjord	36	B	US	Core destroyed	105	v523	0	0	500	558	52	-6	0.0932		3	14	0	0	0	0		0	1	43	1	13	13	
glacierkeep_s34_A	glacierkeep	34	A	US	Core destroyed	129	v523	0	0	500	504	0	-4	0.0		3	17	0	0	0	0		0	1	52	2	9	11	
glacierkeep_s34_B	glacierkeep	34	B	US	Core destroyed	155	v523	0	0	500	504	0	-4	0.0		4	36	0	0	0	0		1	1	99	2	9	14	
glacierkeep_s35_A	glacierkeep	35	A	US	Titanium collected (tiebreak)	1000	v523	0	0	500	288	0	212	0.0		10	85	0	0	0	0		3	1	80	2	9	11	
glacierkeep_s35_B	glacierkeep	35	B	US	Core destroyed	498	v523	0	0	500	504	0	-4	0.0		8	75	0	0	0	0		0	1	442	3	9	17	
glacierkeep_s36_A	glacierkeep	36	A	US	Core destroyed	112	v523	0	0	500	504	0	-4	0.0		3	17	0	0	0	0		0	1	52	2	9	11	
glacierkeep_s36_B	glacierkeep	36	B	US	Core destroyed	256	v523	0	0	500	504	0	-4	0.0		3	24	0	0	0	0		0	1	200	2	9	27	
midgard_s34_A	midgard	34	A	US	Core destroyed	132	v523	0	0	500	774	268	-6	0.3463		6	30	1	5	6	2	34	2	1	46	0		7	
midgard_s34_B	midgard	34	B	US	Core destroyed	231	v523	846	846	500	504	0	-4	0.0	1.0	5	20	1	6	7	1	40	2	1	175	0		9	
midgard_s35_A	midgard	35	A	OPP	Core destroyed	196	v523	504	0	-4	504	504	500	1.0	0.0	8	35	3	4	7	2	34	2	1	57	0		6	
midgard_s35_B	midgard	35	B	OPP	Core destroyed	641	v523	504	0	-4	0	0	500		0.0	8	21	5	6	11	2	40	5	0		0		9	
midgard_s36_A	midgard	36	A	OPP	Core destroyed	312	v523	504	0	-4	0	0	500		0.0	7	19	3	3	6	1	46	4	0		0		13	
midgard_s36_B	midgard	36	B	US	Core destroyed	241	v523	972	954	482	504	0	-4	0.0	0.9815	5	16	1	5	6	1	40	2	1	185	0		20	
nordkap_s34_A	nordkap	34	A	OPP	Titanium collected (tiebreak)	1000	v523	2250	2212	462	954	954	500	1.0	0.9831	9	45	0	12	12	2	17	4	1	44	9	5	15	
nordkap_s34_B	nordkap	34	B	US	Core destroyed	141	v523	414	36	122	504	0	-4	0.0	0.087	3	5	1	1	2	1	9	1	1	40	3	5	11	
nordkap_s35_A	nordkap	35	A	US	Core destroyed	594	v523	0	0	500	1512	1010	-2	0.668		2	6	0	1	1	0		2	1	56	3	5	59	
nordkap_s35_B	nordkap	35	B	US	Core destroyed	782	v523	270	270	500	540	40	0	0.0741	1.0	7	31	1	9	10	1	8	1	2	224	3	5	64	
nordkap_s36_A	nordkap	36	A	US	Core destroyed	624	v523	270	270	500	1476	972	-4	0.6585	1.0	8	36	1	7	8	4	17	5	3	44	3	5	11	
nordkap_s36_B	nordkap	36	B	OPP	Core destroyed	205	v523	684	180	-4	0	0	500		0.2632	3	10	1	5	6	1	8	5	0		4	5	11	
yulerune_s34_A	yulerune	34	A	US	Core destroyed	748	v523	1152	1152	500	504	0	-4	0.0	1.0	10	46	4	12	16	1	19	2	1	692	0		8	
yulerune_s34_B	yulerune	34	B	US	Core destroyed	253	v523	0	0	500	504	0	-4	0.0		6	50	2	22	24	1	19	5	1	197	0		9	
yulerune_s35_A	yulerune	35	A	OPP	Core destroyed	225	v523	504	0	-4	0	0	500		0.0	6	24	3	11	14	1	19	1	0		0		9	
yulerune_s35_B	yulerune	35	B	US	Core destroyed	200	v523	594	252	158	504	0	-4	0.0	0.4242	6	26	2	6	8	1	19	1	1	144	0		10	
yulerune_s36_A	yulerune	36	A	OPP	Core destroyed	281	v523	504	0	-4	450	0	50	0.0	0.0	6	20	2	4	6	1	24	1	1	200	0		9	
yulerune_s36_B	yulerune	36	B	OPP	Core destroyed	374	v523	504	0	-4	0	0	500		0.0	7	40	2	3	5	1	19	1	0		0		24	
atoll_s37_A	atoll	37	A	OPP	Core destroyed	338	v523	936	426	-10	0	0	500		0.4551	5	17	0	0	0	0		6	0		2	7	4	
atoll_s37_B	atoll	37	B	US	Core destroyed	251	v523	1836	1818	482	1296	796	0	0.6142	0.9902	4	15	0	1	1	0		0	2	65	3	7	7	
atoll_s38_A	atoll	38	A	OPP	Core destroyed	220	v523	630	124	-6	0	0	500		0.1968	5	17	0	2	2	0		3	0		4	7	11	
atoll_s38_B	atoll	38	B	US	Core destroyed	152	v523	1170	1152	482	504	0	-4	0.0	0.9846	3	12	0	1	1	0		0	1	96	4	7	6	
atoll_s39_A	atoll	39	A	US	Core destroyed	645	v523	468	172	204	3384	2884	0	0.8522	0.3675	4	16	1	4	5	2	470	3	2	76	8	7	35	
atoll_s39_B	atoll	39	B	OPP	Core destroyed	426	v523	810	296	-14	0	0	500		0.3654	4	16	0	1	1	0		0	0		4	7	9	
drakkarfjord_s37_A	drakkarfjord	37	A	US	Core destroyed	127	v523	0	0	500	504	0	-4	0.0		3	18	0	1	1	0		0	1	71	1	13	12	
drakkarfjord_s37_B	drakkarfjord	37	B	US	Core destroyed	124	v523	0	0	500	756	256	0	0.3386		3	14	0	0	0	0		0	1	40	1	13	14	
drakkarfjord_s38_A	drakkarfjord	38	A	US	Core destroyed	106	v523	0	0	500	630	128	-2	0.2032		3	17	0	0	0	0		0	1	36	1	13	11	
drakkarfjord_s38_B	drakkarfjord	38	B	US	Core destroyed	122	v523	0	0	500	738	232	-6	0.3144		3	14	0	0	0	0		0	1	40	1	13	12	
drakkarfjord_s39_A	drakkarfjord	39	A	OPP	Titanium collected (tiebreak)	1000	v523	0	0	500	0	0	500			11	155	0	4	4	0		2	0		4	13	32	
drakkarfjord_s39_B	drakkarfjord	39	B	US	Core destroyed	123	v523	0	0	500	504	0	-4	0.0		2	9	0	0	0	0		0	1	67	4	13	20	
glacierkeep_s37_A	glacierkeep	37	A	US	Core destroyed	120	v523	0	0	500	504	0	-4	0.0		3	16	0	0	0	0		0	1	64	2	9	12	
glacierkeep_s37_B	glacierkeep	37	B	US	Core destroyed	248	v523	0	0	500	504	0	-4	0.0		3	27	0	0	0	0		1	1	192	2	9	26	
glacierkeep_s38_A	glacierkeep	38	A	US	Core destroyed	111	v523	0	0	500	504	0	-4	0.0		4	20	0	0	0	0		0	1	55	2	9	11	
glacierkeep_s38_B	glacierkeep	38	B	US	Core destroyed	133	v523	0	0	500	504	0	-4	0.0		3	17	0	0	0	0		0	1	76	2	9	16	
glacierkeep_s39_A	glacierkeep	39	A	US	Core destroyed	217	v523	0	0	500	504	0	-4	0.0		5	36	0	0	0	0		0	1	88	2	9	11	
glacierkeep_s39_B	glacierkeep	39	B	US	Harvesters (tiebreak)	1000	v523	0	0	500	0	0	500			11	107	0	0	0	0		3	0		2	9	15	
midgard_s37_A	midgard	37	A	US	Core destroyed	253	v523	0	0	500	504	0	-4	0.0		6	32	2	11	13	4	34	5	1	197	0		10	
midgard_s37_B	midgard	37	B	OPP	Core destroyed	185	v523	576	72	-4	0	0	500		0.125	7	17	3	4	7	1	34	2	0		0		9	
midgard_s38_A	midgard	38	A	OPP	Titanium collected (tiebreak)	1000	v523	0	0	500	1818	1818	500	1.0		12	50	5	13	18	2	73	3	1	392	0		30	
midgard_s38_B	midgard	38	B	OPP	Core destroyed	625	v523	504	0	-4	0	0	500		0.0	9	39	5	12	17	2	40	3	0		0		11	
midgard_s39_A	midgard	39	A	US	Core destroyed	277	v523	342	0	158	504	0	-4	0.0	0.0	9	49	3	10	13	2	34	2	1	184	0		9	
midgard_s39_B	midgard	39	B	OPP	Core destroyed	423	v523	504	0	-4	0	0	500		0.0	8	74	1	35	36	1	40	4	0		0		9	
nordkap_s37_A	nordkap	37	A	US	Core destroyed	185	v523	54	54	500	522	20	-2	0.0383	1.0	5	26	0	3	3	0		0	2	49	2	5	14	
nordkap_s37_B	nordkap	37	B	US	Core destroyed	131	v523	0	0	500	504	0	-4	0.0		3	11	1	1	2	1	7	1	1	53	2	5	11	
nordkap_s38_A	nordkap	38	A	OPP	Core destroyed	323	v523	828	316	-12	432	432	500	1.0	0.3816	7	23	1	1	2	0		1	1	63	2	5	22	
nordkap_s38_B	nordkap	38	B	US	Core destroyed	269	v523	432	36	104	504	0	-4	0.0	0.0833	4	14	1	3	4	1	9	1	1	160	2	5	11	
nordkap_s39_A	nordkap	39	A	US	Core destroyed	174	v523	0	0	500	504	0	-4	0.0		3	8	0	1	1	0		1	1	75	2	5	17	
nordkap_s39_B	nordkap	39	B	US	Core destroyed	172	v523	0	0	500	504	0	-4	0.0		8	29	0	3	3	1	9	1	1	116	3	5	11	
yulerune_s37_A	yulerune	37	A	OPP	Core destroyed	358	v523	504	0	-4	0	0	500		0.0	8	46	0	2	2	1	24	3	0		0		8	
yulerune_s37_B	yulerune	37	B	OPP	Core destroyed	243	v523	504	0	-4	0	0	500		0.0	11	55	4	6	10	1	19	2	0		0		7	
yulerune_s38_A	yulerune	38	A	US	Core destroyed	401	v523	0	0	500	504	0	-4	0.0		8	31	3	8	11	2	19	2	1	304	0		10	
yulerune_s38_B	yulerune	38	B	US	Core destroyed	229	v523	198	0	302	504	0	-4	0.0	0.0	7	39	3	5	8	1	19	2	1	173	0		12	
yulerune_s39_A	yulerune	39	A	OPP	Core destroyed	233	v523	504	0	-4	0	0	500		0.0	6	25	4	9	13	3	19	3	0		0		9	
yulerune_s39_B	yulerune	39	B	OPP	Core destroyed	266	v523	504	0	-4	0	0	500		0.0	13	55	5	9	14	1	19	1	0		0		6	
atoll_s40_A	atoll	40	A	US	Core destroyed	188	v523	0	0	500	504	0	-4	0.0		4	13	0	2	2	0		1	1	132	2	7	26	
atoll_s40_B	atoll	40	B	US	Core destroyed	219	v523	558	558	500	504	0	-4	0.0	1.0	4	13	0	3	3	0		1	1	163	2	7	10	
atoll_s41_A	atoll	41	A	US	Core destroyed	194	v523	450	450	500	612	104	-8	0.1699	1.0	4	12	0	3	3	0		2	1	126	5	7	7	
atoll_s41_B	atoll	41	B	US	Core destroyed	134	v523	126	126	500	522	20	-2	0.0383	1.0	4	14	2	1	3	0		1	1	76	3	7	7	
atoll_s42_A	atoll	42	A	US	Core destroyed	276	v523	0	0	500	1764	1264	0	0.7166		4	12	0	2	2	0		0	2	63	4	7	10	
atoll_s42_B	atoll	42	B	US	Titanium collected (tiebreak)	1000	v523	162	144	482	198	198	500	1.0	0.8889	4	16	1	5	6	13	388	15	2	91	9	7	13	
drakkarfjord_s40_A	drakkarfjord	40	A	US	Core destroyed	89	v523	0	0	500	504	0	-4	0.0		3	17	0	0	0	0		0	1	33	1	13	12	
drakkarfjord_s40_B	drakkarfjord	40	B	US	Core destroyed	600	v523	0	0	500	3708	3208	0	0.8652		4	17	0	0	0	0		0	1	40	1	13	22	
drakkarfjord_s41_A	drakkarfjord	41	A	US	Core destroyed	634	v523	0	0	500	1062	558	-4	0.5254		7	63	0	0	0	0		1	2	33	2	13	24	
drakkarfjord_s41_B	drakkarfjord	41	B	US	Core destroyed	122	v523	0	0	500	738	232	-6	0.3144		3	14	0	0	0	0		0	1	40	1	13	12	
drakkarfjord_s42_A	drakkarfjord	42	A	US	Core destroyed	127	v523	0	0	500	504	0	-4	0.0		3	18	0	1	1	0		0	1	71	1	13	12	
drakkarfjord_s42_B	drakkarfjord	42	B	US	Core destroyed	99	v523	0	0	500	504	0	-4	0.0		3	13	0	0	0	0		0	1	43	1	13	14	
glacierkeep_s40_A	glacierkeep	40	A	US	Core destroyed	110	v523	0	0	500	504	0	-4	0.0		3	15	0	0	0	0		0	1	52	2	9	11	
glacierkeep_s40_B	glacierkeep	40	B	US	Core destroyed	624	v523	0	0	500	1242	738	-4	0.5942		4	24	0	0	0	0		0	2	88	7	9	46	
glacierkeep_s41_A	glacierkeep	41	A	US	Core destroyed	274	v523	0	0	500	1152	648	-4	0.5625		4	27	0	0	0	0		0	2	52	3	9	16	
glacierkeep_s41_B	glacierkeep	41	B	US	Core destroyed	133	v523	0	0	500	504	0	-4	0.0		3	17	0	0	0	0		0	1	76	2	9	16	
glacierkeep_s42_A	glacierkeep	42	A	US	Core destroyed	142	v523	0	0	500	504	0	-4	0.0		2	16	0	0	0	0		1	1	80	2	9	12	
glacierkeep_s42_B	glacierkeep	42	B	OPP	Core destroyed	801	v523	504	0	-4	0	0	500		0.0	10	105	0	0	0	0		1	0		2	9	80	
midgard_s40_A	midgard	40	A	OPP	Core destroyed	146	v523	522	16	-6	0	0	500		0.0307	6	16	2	1	3	2	37	2	0		0		7	
midgard_s40_B	midgard	40	B	OPP	Core destroyed	301	v523	504	0	-4	0	0	500		0.0	7	33	2	9	11	2	34	4	0		0		9	
midgard_s41_A	midgard	41	A	OPP	Core destroyed	135	v523	504	0	-4	558	538	480	0.9642	0.0	7	31	2	1	3	2	34	2	1	47	0		7	
midgard_s41_B	midgard	41	B	US	Core destroyed	209	v523	0	0	500	504	0	-4	0.0		8	43	2	10	12	2	42	3	1	112	0		10	
midgard_s42_A	midgard	42	A	OPP	Core destroyed	220	v523	504	0	-4	666	666	500	1.0	0.0	8	39	2	5	7	1	36	1	1	52	0		5	
midgard_s42_B	midgard	42	B	OPP	Core destroyed	329	v523	504	0	-4	0	0	500		0.0	9	27	5	8	13	2	38	4	0		0		34	
nordkap_s40_A	nordkap	40	A	US	Core destroyed	162	v523	720	714	494	504	0	-4	0.0	0.9917	2	5	0	1	1	0		1	1	106	2	5	13	
nordkap_s40_B	nordkap	40	B	US	Core destroyed	117	v523	0	0	500	504	0	-4	0.0		3	8	1	1	2	2	7	2	1	41	3	5	11	
nordkap_s41_A	nordkap	41	A	US	Core destroyed	296	v523	1278	1110	332	2124	1624	0	0.7646	0.8685	2	7	0	0	0	0		0	1	60	3	5	50	
nordkap_s41_B	nordkap	41	B	US	Core destroyed	782	v523	270	270	500	540	40	0	0.0741	1.0	7	31	1	9	10	1	8	1	2	224	3	5	64	
nordkap_s42_A	nordkap	42	A	US	Core destroyed	156	v523	180	180	500	504	0	-4	0.0	1.0	2	6	0	1	1	0		1	1	83	2	5	26	
nordkap_s42_B	nordkap	42	B	US	Core destroyed	805	v523	0	0	500	1800	1300	0	0.7222		7	29	0	7	7	1	9	1	1	288	4	5	41	
yulerune_s40_A	yulerune	40	A	US	Core destroyed	952	v523	306	306	500	504	0	-4	0.0	1.0	6	31	1	6	7	1	28	5	1	896	0		10	
yulerune_s40_B	yulerune	40	B	US	Core destroyed	397	v523	468	370	402	792	292	0	0.3687	0.7906	11	45	8	12	20	4	19	8	2	311	2	174	6	
yulerune_s41_A	yulerune	41	A	OPP	Titanium collected (tiebreak)	1000	v523	0	0	500	0	0	500			8	23	2	8	10	1	20	2	0		0		13	
yulerune_s41_B	yulerune	41	B	OPP	Core destroyed	284	v523	504	0	-4	0	0	500		0.0	16	53	9	7	16	1	19	1	0		0		10	
yulerune_s42_A	yulerune	42	A	US	Core destroyed	216	v523	0	0	500	504	0	-4	0.0		5	25	1	7	8	1	19	3	2	175	0		10	
yulerune_s42_B	yulerune	42	B	OPP	Core destroyed	252	v523	504	0	-4	0	0	500		0.0	10	72	0	16	16	1	24	2	0		0		6	
atoll_s43_A	atoll	43	A	US	Core destroyed	621	v523	0	0	500	936	434	-2	0.4637		9	32	6	19	25	2	534	6	2	333	5	7	10	
atoll_s43_B	atoll	43	B	US	Core destroyed	184	v523	432	236	304	504	0	-4	0.0	0.5463	5	15	0	3	3	0		0	1	120	4	7	16	
atoll_s44_A	atoll	44	A	US	Core destroyed	323	v523	0	0	500	648	140	-8	0.216		5	23	0	10	10	1	197	3	1	240	2	7	8	
atoll_s44_B	atoll	44	B	OPP	Core destroyed	351	v523	558	54	-4	0	0	500		0.0968	4	15	0	1	1	0		0	0		2	7	56	
atoll_s45_A	atoll	45	A	US	Core destroyed	373	v523	0	0	500	504	0	-4	0.0		5	17	0	2	2	2	268	6	1	317	4	7	6	
atoll_s45_B	atoll	45	B	OPP	Core destroyed	303	v523	828	328	0	0	0	500		0.3961	5	22	0	1	1	0		0	0		6	7	6	
drakkarfjord_s43_A	drakkarfjord	43	A	US	Core destroyed	153	v523	0	0	500	720	220	0	0.3056		2	16	0	0	0	0		0	1	73	1	13	15	
drakkarfjord_s43_B	drakkarfjord	43	B	US	Core destroyed	459	v523	0	0	500	3078	2578	0	0.8376		3	13	0	0	0	0		0	1	40	2	13	13	
drakkarfjord_s44_A	drakkarfjord	44	A	US	Core destroyed	90	v523	0	0	500	504	0	-4	0.0		3	25	0	0	0	0		0	1	34	1	13	10	
drakkarfjord_s44_B	drakkarfjord	44	B	US	Core destroyed	123	v523	0	0	500	504	0	-4	0.0		2	9	0	0	0	0		0	1	67	4	13	20	
drakkarfjord_s45_A	drakkarfjord	45	A	US	Core destroyed	100	v523	0	0	500	504	0	-4	0.0		3	13	0	0	0	0		0	1	44	1	13	12	
drakkarfjord_s45_B	drakkarfjord	45	B	US	Core destroyed	284	v523	0	0	500	1458	958	0	0.6571		3	13	0	0	0	0		0	1	40	2	13	14	
glacierkeep_s43_A	glacierkeep	43	A	US	Core destroyed	898	v523	0	0	500	2754	2246	-8	0.8155		3	23	0	0	0	0		4	2	76	2	9	64	
glacierkeep_s43_B	glacierkeep	43	B	US	Core destroyed	325	v523	0	0	500	504	0	-4	0.0		7	47	0	0	0	0		1	1	192	2	9	15	
glacierkeep_s44_A	glacierkeep	44	A	US	Core destroyed	112	v523	0	0	500	504	0	-4	0.0		3	16	0	0	0	0		0	1	52	2	9	11	
glacierkeep_s44_B	glacierkeep	44	B	US	Core destroyed	341	v523	0	0	500	504	0	-4	0.0		2	18	0	0	0	0		1	1	132	2	9	42	
glacierkeep_s45_A	glacierkeep	45	A	US	Core destroyed	274	v523	0	0	500	1152	648	-4	0.5625		4	27	0	0	0	0		0	2	52	3	9	16	
glacierkeep_s45_B	glacierkeep	45	B	US	Core destroyed	281	v523	0	0	500	504	0	-4	0.0		2	18	0	0	0	0		0	1	116	3	9	35	
midgard_s43_A	midgard	43	A	US	Core destroyed	362	v523	0	0	500	936	432	-4	0.4615		9	36	3	4	7	3	34	4	2	43	0		10	
midgard_s43_B	midgard	43	B	OPP	Core destroyed	837	v523	1746	1242	-4	720	720	500	1.0	0.7113	9	21	6	7	13	2	35	4	1	47	0		8	
midgard_s44_A	midgard	44	A	OPP	Core destroyed	227	v523	504	0	-4	162	162	500	1.0	0.0	9	58	3	10	13	1	41	2	1	50	0		8	
midgard_s44_B	midgard	44	B	US	Core destroyed	294	v523	0	0	500	504	0	-4	0.0		7	31	5	12	17	3	38	5	1	238	0		11	
midgard_s45_A	midgard	45	A	US	Core destroyed	941	v523	0	0	500	504	0	-4	0.0		11	90	4	39	43	5	37	7	2	834	0		20	
midgard_s45_B	midgard	45	B	US	Core destroyed	146	v523	0	0	500	504	0	-4	0.0		7	31	1	6	7	1	42	2	1	90	0		9	
nordkap_s43_A	nordkap	43	A	OPP	Titanium collected (tiebreak)	1000	v523	558	322	264	468	260	292	0.5556	0.5771	15	47	4	6	10	4	20	5	1	101	5	5	11	
nordkap_s43_B	nordkap	43	B	OPP	Core destroyed	172	v523	504	0	-4	0	0	500		0.0	13	54	3	8	11	1	9	1	0		2	5	6	
nordkap_s44_A	nordkap	44	A	OPP	Core destroyed	681	v523	1926	1420	-6	0	0	500		0.7373	19	78	3	13	16	1	229	4	0		2	5	18	
nordkap_s44_B	nordkap	44	B	US	Core destroyed	161	v523	36	0	464	504	0	-4	0.0	0.0	5	21	0	3	3	2	7	2	1	61	4	5	8	
nordkap_s45_A	nordkap	45	A	US	Core destroyed	504	v523	0	0	500	504	0	-4	0.0		7	28	1	4	5	2	96	2	1	448	3	5	10	
nordkap_s45_B	nordkap	45	B	OPP	Core destroyed	920	v523	504	0	-4	414	414	500	1.0	0.0	15	71	4	7	11	1	9	1	2	369	9	5	14	
yulerune_s43_A	yulerune	43	A	OPP	Core destroyed	184	v523	504	0	-4	0	0	500		0.0	10	52	3	9	12	1	19	2	0		0		9	
yulerune_s43_B	yulerune	43	B	US	Core destroyed	242	v523	0	0	500	882	380	-2	0.4308		10	43	3	7	10	3	19	3	2	178	0		10	
yulerune_s44_A	yulerune	44	A	OPP	Titanium collected (tiebreak)	1000	v523	1170	1008	338	324	324	500	1.0	0.8615	10	55	1	9	10	2	19	2	1	337	0		11	
yulerune_s44_B	yulerune	44	B	OPP	Core destroyed	293	v523	504	0	-4	0	0	500		0.0	7	42	2	7	9	1	19	1	0		0		10	
yulerune_s45_A	yulerune	45	A	US	Core destroyed	228	v523	0	0	500	504	0	-4	0.0		5	26	0	6	6	1	19	2	2	132	0		10	
yulerune_s45_B	yulerune	45	B	OPP	Core destroyed	369	v523	504	0	-4	0	0	500		0.0	5	23	2	10	12	1	19	1	0		0		9	
atoll_s46_A	atoll	46	A	OPP	Titanium collected (tiebreak)	1000	v523	0	0	500	0	0	500			18	14	15	3	18	1	17	3	0		5	7	5	
atoll_s46_B	atoll	46	B	US	Core destroyed	168	v523	342	342	500	504	0	-4	0.0	1.0	3	12	0	2	2	0		0	1	112	3	7	24	
atoll_s47_A	atoll	47	A	OPP	Core destroyed	215	v523	504	0	-4	0	0	500		0.0	5	16	0	0	0	0		1	0		4	7	3	
atoll_s47_B	atoll	47	B	OPP	Core destroyed	599	v523	504	0	-4	0	0	500		0.0	10	19	8	7	15	5	505	8	0		9	7	11	
atoll_s48_A	atoll	48	A	US	Core destroyed	300	v523	0	0	500	882	376	-6	0.4263		4	12	0	2	2	0		1	1	202	3	7	7	
atoll_s48_B	atoll	48	B	US	Core destroyed	127	v523	594	500	406	504	0	-4	0.0	0.8418	3	12	0	1	1	0		0	1	66	4	7	14	
drakkarfjord_s46_A	drakkarfjord	46	A	OPP	Core destroyed	447	v523	558	52	-6	0	0	500		0.0932	7	82	0	1	1	0		4	0		2	13	15	
drakkarfjord_s46_B	drakkarfjord	46	B	US	Core destroyed	163	v523	0	0	500	810	304	-6	0.3753		3	17	0	0	0	0		0	1	73	2	13	17	
drakkarfjord_s47_A	drakkarfjord	47	A	US	Core destroyed	100	v523	0	0	500	504	0	-4	0.0		3	13	0	0	0	0		0	1	44	1	13	12	
drakkarfjord_s47_B	drakkarfjord	47	B	US	Core destroyed	600	v523	0	0	500	3708	3208	0	0.8652		4	17	0	0	0	0		0	1	40	1	13	22	
drakkarfjord_s48_A	drakkarfjord	48	A	US	Core destroyed	149	v523	0	0	500	504	0	-4	0.0		2	18	0	2	2	0		0	1	93	2	13	22	
drakkarfjord_s48_B	drakkarfjord	48	B	US	Core destroyed	101	v523	0	0	500	504	0	-4	0.0		2	9	0	0	0	0		0	1	45	1	13	18	
glacierkeep_s46_A	glacierkeep	46	A	US	Core destroyed	144	v523	0	0	500	504	0	-4	0.0		3	24	0	0	0	0		1	1	88	2	9	11	
glacierkeep_s46_B	glacierkeep	46	B	US	Core destroyed	217	v523	0	0	500	504	0	-4	0.0		3	23	0	0	0	0		0	1	108	3	9	12	
glacierkeep_s47_A	glacierkeep	47	A	US	Core destroyed	137	v523	0	0	500	504	0	-4	0.0		4	25	0	0	0	0		0	1	52	2	9	11	
glacierkeep_s47_B	glacierkeep	47	B	US	Harvesters (tiebreak)	1000	v523	0	0	500	0	0	500			9	78	0	0	0	0		1	0		2	9	13	
glacierkeep_s48_A	glacierkeep	48	A	US	Core destroyed	110	v523	0	0	500	504	0	-4	0.0		3	15	0	0	0	0		0	1	52	2	9	11	
glacierkeep_s48_B	glacierkeep	48	B	US	Core destroyed	624	v523	0	0	500	1242	738	-4	0.5942		4	24	0	0	0	0		0	2	88	7	9	46	
midgard_s46_A	midgard	46	A	US	Core destroyed	566	v523	0	0	500	504	0	-4	0.0		7	31	2	8	10	3	48	4	3	172	0		21	
midgard_s46_B	midgard	46	B	US	Core destroyed	917	v523	522	522	500	504	0	-4	0.0	1.0	10	83	2	22	24	2	40	4	1	856	0		11	
midgard_s47_A	midgard	47	A	US	Core destroyed	181	v523	0	0	500	504	0	-4	0.0		7	32	3	6	9	2	34	3	1	120	0		10	
midgard_s47_B	midgard	47	B	US	Core destroyed	173	v523	792	770	478	504	0	-4	0.0	0.9722	6	24	3	9	12	2	40	3	2	128	0		8	
midgard_s48_A	midgard	48	A	US	Core destroyed	167	v523	450	450	500	504	0	-4	0.0	1.0	8	31	3	6	9	1	50	3	1	111	0		9	
midgard_s48_B	midgard	48	B	US	Core destroyed	181	v523	0	0	500	504	0	-4	0.0		7	34	1	12	13	2	37	2	1	115	0		8	
nordkap_s46_A	nordkap	46	A	US	Core destroyed	277	v523	288	288	500	504	0	-4	0.0	1.0	2	6	1	3	4	2	7	2	1	148	3	5	30	
nordkap_s46_B	nordkap	46	B	OPP	Core destroyed	820	v523	504	0	-4	144	144	500	1.0	0.0	10	60	1	5	6	2	9	3	1	169	3	5	35	
nordkap_s47_A	nordkap	47	A	US	Core destroyed	891	v523	0	0	500	1530	1022	-8	0.668		2	6	0	1	1	0		2	1	53	5	5	96	
nordkap_s47_B	nordkap	47	B	US	Core destroyed	109	v523	180	36	356	504	0	-4	0.0	0.2	3	9	1	3	4	2	7	2	1	44	3	5	11	
nordkap_s48_A	nordkap	48	A	OPP	Core destroyed	632	v523	810	296	-14	648	648	500	1.0	0.3654	14	60	2	6	8	1	556	5	1	76	3	5	15	
nordkap_s48_B	nordkap	48	B	US	Core destroyed	165	v523	0	0	500	504	0	-4	0.0		4	9	1	4	5	2	7	2	1	60	3	5	11	
yulerune_s46_A	yulerune	46	A	OPP	Core destroyed	636	v523	504	0	-4	108	54	446	0.5	0.0	19	78	14	25	39	3	19	5	2	294	0		28	
yulerune_s46_B	yulerune	46	B	OPP	Core destroyed	189	v523	504	0	-4	252	0	248	0.0	0.0	4	22	2	9	11	2	19	2	1	152	0		10	
yulerune_s47_A	yulerune	47	A	US	Core destroyed	385	v523	738	738	500	504	0	-4	0.0	1.0	6	25	2	11	13	3	19	3	1	329	5	342	11	
yulerune_s47_B	yulerune	47	B	OPP	Core destroyed	222	v523	504	0	-4	0	0	500		0.0	12	43	8	7	15	2	19	2	0		0		7	
yulerune_s48_A	yulerune	48	A	OPP	Core destroyed	177	v523	504	0	-4	0	0	500		0.0	7	29	1	6	7	1	28	2	0		0		7	
yulerune_s48_B	yulerune	48	B	US	Core destroyed	492	v523	0	0	500	504	0	-4	0.0		5	22	4	7	11	2	19	2	3	232	0		29	
atoll_s49_A	atoll	49	A	US	Core destroyed	261	v523	0	0	500	1350	848	-2	0.6281		5	19	0	4	4	1	77	1	2	140	3	7	17	
atoll_s49_B	atoll	49	B	OPP	Core destroyed	453	v523	504	0	-4	0	0	500		0.0	5	16	0	1	1	1	451	4	0		5	7	8	
atoll_s50_A	atoll	50	A	US	Core destroyed	551	v523	0	0	500	3690	3190	0	0.8645		2	4	1	3	4	0		1	1	68	2	7	6	
atoll_s50_B	atoll	50	B	OPP	Core destroyed	540	v523	504	0	-4	684	684	500	1.0	0.0	4	16	0	1	1	0		1	1	62	5	7	10	
atoll_s51_A	atoll	51	A	US	Core destroyed	364	v523	0	0	500	2592	2092	0	0.8071		4	12	0	1	1	0		1	2	79	4	7	5	
atoll_s51_B	atoll	51	B	US	Core destroyed	251	v523	1836	1818	482	1296	796	0	0.6142	0.9902	4	15	0	1	1	0		0	2	65	3	7	7	
drakkarfjord_s49_A	drakkarfjord	49	A	US	Core destroyed	149	v523	0	0	500	756	252	-4	0.3333		3	21	0	1	1	0		0	1	65	3	13	17	
drakkarfjord_s49_B	drakkarfjord	49	B	US	Core destroyed	122	v523	0	0	500	738	232	-6	0.3144		3	14	0	0	0	0		0	1	40	1	13	12	
drakkarfjord_s50_A	drakkarfjord	50	A	US	Core destroyed	123	v523	0	0	500	648	140	-8	0.216		2	16	0	1	1	0		0	1	51	1	13	16	
drakkarfjord_s50_B	drakkarfjord	50	B	US	Core destroyed	361	v523	0	0	500	1548	1044	-4	0.6744		3	13	0	0	0	0		0	1	40	2	13	25	
drakkarfjord_s51_A	drakkarfjord	51	A	US	Core destroyed	106	v523	0	0	500	630	128	-2	0.2032		3	17	0	0	0	0		0	1	36	1	13	11	
drakkarfjord_s51_B	drakkarfjord	51	B	US	Core destroyed	144	v523	0	0	500	504	0	-4	0.0		3	19	0	0	0	0		0	1	88	1	13	17	
glacierkeep_s49_A	glacierkeep	49	A	US	Core destroyed	172	v523	0	0	500	504	0	-4	0.0		3	27	0	0	0	0		2	1	104	2	9	11	
glacierkeep_s49_B	glacierkeep	49	B	US	Core destroyed	321	v523	0	0	500	504	0	-4	0.0		6	47	0	0	0	0		1	1	192	2	9	15	
glacierkeep_s50_A	glacierkeep	50	A	US	Core destroyed	367	v523	0	0	500	648	144	-4	0.2222		6	42	0	1	1	0		1	3	189	2	9	20	
glacierkeep_s50_B	glacierkeep	50	B	US	Core destroyed	349	v523	0	0	500	666	162	-4	0.2432		3	21	0	0	0	0		0	1	90	2	9	40	
glacierkeep_s51_A	glacierkeep	51	A	US	Core destroyed	112	v523	0	0	500	504	0	-4	0.0		3	15	0	0	0	0		0	1	52	2	9	11	
glacierkeep_s51_B	glacierkeep	51	B	OPP	Core destroyed	617	v523	504	0	-4	0	0	500		0.0	10	82	0	2	2	0		2	1	549	2	9	15	
midgard_s49_A	midgard	49	A	OPP	Core destroyed	246	v523	504	0	-4	0	0	500		0.0	11	48	2	6	8	0		5	0		0		4	
midgard_s49_B	midgard	49	B	OPP	Core destroyed	261	v523	504	0	-4	0	0	500		0.0	12	52	4	13	17	3	38	5	0		0		5	
midgard_s50_A	midgard	50	A	US	Core destroyed	193	v523	414	414	500	900	392	-8	0.4356	1.0	7	26	4	10	14	2	43	4	1	89	0		8	
midgard_s50_B	midgard	50	B	OPP	Core destroyed	389	v523	504	0	-4	486	0	14	0.0	0.0	9	22	6	9	15	2	38	3	1	260	0		25	
midgard_s51_A	midgard	51	A	US	Core destroyed	361	v523	558	72	14	504	0	-4	0.0	0.129	9	25	4	4	8	3	34	4	1	268	0		9	
midgard_s51_B	midgard	51	B	US	Core destroyed	127	v523	0	0	500	720	220	0	0.3056		8	45	2	9	11	2	40	3	1	47	0		7	
nordkap_s49_A	nordkap	49	A	US	Core destroyed	353	v523	0	0	500	612	108	-4	0.1765		2	8	0	3	3	1	23	2	1	92	3	5	49	
nordkap_s49_B	nordkap	49	B	OPP	Core destroyed	240	v523	558	54	-4	0	0	500		0.0968	8	28	0	0	0	0		0	0		3	5	7	
nordkap_s50_A	nordkap	50	A	US	Core destroyed	229	v523	0	0	500	846	340	-6	0.4019		4	10	0	2	2	1	105	1	2	175	3	5	32	
nordkap_s50_B	nordkap	50	B	OPP	Titanium collected (tiebreak)	1000	v523	8550	8550	500	0	0	500		1.0	4	6	1	2	3	1	9	1	0		2	5	8	
nordkap_s51_A	nordkap	51	A	US	Core destroyed	277	v523	288	288	500	504	0	-4	0.0	1.0	2	6	1	3	4	2	7	2	1	148	3	5	30	
nordkap_s51_B	nordkap	51	B	US	Core destroyed	157	v523	774	756	482	504	0	-4	0.0	0.9767	3	9	2	5	7	1	7	1	1	84	3	5	11	
yulerune_s49_A	yulerune	49	A	US	Titanium collected (tiebreak)	1000	v523	0	0	500	0	0	500			6	24	2	6	8	1	19	1	0		0		11	
yulerune_s49_B	yulerune	49	B	OPP	Titanium collected (tiebreak)	1000	v523	0	0	500	0	0	500			7	32	0	6	6	1	20	1	0		0		11	
yulerune_s50_A	yulerune	50	A	OPP	Titanium collected (tiebreak)	1000	v523	486	0	14	0	0	500		0.0	10	60	3	10	13	1	19	1	0		0		9	
yulerune_s50_B	yulerune	50	B	OPP	Core destroyed	254	v523	504	0	-4	0	0	500		0.0	10	46	5	6	11	1	19	2	0		0		8	
yulerune_s51_A	yulerune	51	A	US	Core destroyed	781	v523	0	0	500	504	0	-4	0.0		4	23	1	4	5	1	30	4	1	564	0		13	
yulerune_s51_B	yulerune	51	B	OPP	Core destroyed	176	v523	504	0	-4	72	0	428	0.0	0.0	5	32	1	12	13	1	19	1	1	168	0		9	
atoll_s52_A	atoll	52	A	US	Core destroyed	135	v523	0	0	500	504	0	-4	0.0		4	11	0	1	1	0		2	1	73	3	7	8	
atoll_s52_B	atoll	52	B	US	Core destroyed	128	v523	972	876	404	504	0	-4	0.0	0.9012	3	12	0	1	1	0		0	1	72	3	7	7	
atoll_s53_A	atoll	53	A	OPP	Core destroyed	330	v523	936	434	-2	378	378	500	1.0	0.4637	4	16	0	4	4	0		1	1	72	4	7	10	
atoll_s53_B	atoll	53	B	US	Core destroyed	146	v523	0	0	500	504	0	-4	0.0		3	18	0	1	1	0		1	1	90	3	7	23	
atoll_s54_A	atoll	54	A	US	Core destroyed	148	v523	0	0	500	504	0	-4	0.0		4	12	0	3	3	0		0	1	92	3	7	5	
atoll_s54_B	atoll	54	B	US	Core destroyed	166	v523	0	0	500	846	344	-2	0.4066		5	17	0	2	2	0		0	1	72	4	7	24	
drakkarfjord_s52_A	drakkarfjord	52	A	US	Core destroyed	100	v523	0	0	500	504	0	-4	0.0		2	16	0	0	0	0		0	1	41	1	13	12	
drakkarfjord_s52_B	drakkarfjord	52	B	US	Core destroyed	600	v523	0	0	500	3708	3208	0	0.8652		4	17	0	0	0	0		0	1	40	1	13	22	
drakkarfjord_s53_A	drakkarfjord	53	A	OPP	Core destroyed	800	v523	792	292	0	468	468	500	1.0	0.3687	9	123	0	0	0	0		3	3	89	6	13	19	
drakkarfjord_s53_B	drakkarfjord	53	B	US	Core destroyed	98	v523	0	0	500	504	0	-4	0.0		2	16	0	0	0	0		0	1	42	1	13	15	
drakkarfjord_s54_A	drakkarfjord	54	A	US	Core destroyed	277	v523	0	0	500	504	0	-4	0.0		3	25	0	1	1	0		1	1	81	3	13	33	
drakkarfjord_s54_B	drakkarfjord	54	B	US	Core destroyed	287	v523	0	0	500	1476	970	-6	0.6572		3	13	0	0	0	0		0	1	40	2	13	14	
glacierkeep_s52_A	glacierkeep	52	A	US	Core destroyed	367	v523	0	0	500	648	144	-4	0.2222		6	42	0	1	1	0		1	3	189	2	9	20	
glacierkeep_s52_B	glacierkeep	52	B	US	Core destroyed	901	v523	0	0	500	1998	1494	-4	0.7477		6	60	0	0	0	0		1	1	316	2	9	68	
glacierkeep_s53_A	glacierkeep	53	A	US	Core destroyed	405	v523	0	0	500	1260	752	-8	0.5968		3	27	0	0	0	0		1	1	71	3	9	26	
glacierkeep_s53_B	glacierkeep	53	B	US	Core destroyed	717	v523	0	0	500	504	0	-4	0.0		6	52	0	0	0	0		0	1	661	3	9	58	
glacierkeep_s54_A	glacierkeep	54	A	US	Core destroyed	123	v523	0	0	500	504	0	-4	0.0		3	17	0	0	0	0		0	1	67	2	9	11	
glacierkeep_s54_B	glacierkeep	54	B	US	Core destroyed	132	v523	0	0	500	504	0	-4	0.0		3	17	0	0	0	0		0	1	76	2	9	16	
midgard_s52_A	midgard	52	A	US	Core destroyed	561	v523	252	0	248	504	0	-4	0.0	0.0	8	38	2	10	12	1	50	3	1	468	0		9	
midgard_s52_B	midgard	52	B	US	Core destroyed	233	v523	1350	1308	458	792	288	-4	0.3636	0.9689	6	21	3	6	9	2	34	2	1	51	0		6	
midgard_s53_A	midgard	53	A	US	Core destroyed	305	v523	450	0	50	504	0	-4	0.0	0.0	9	27	6	11	17	3	39	4	1	212	0		10	
midgard_s53_B	midgard	53	B	US	Core destroyed	190	v523	396	354	458	504	0	-4	0.0	0.8939	6	20	4	7	11	2	40	4	1	134	0		8	
midgard_s54_A	midgard	54	A	US	Core destroyed	170	v523	0	0	500	504	0	-4	0.0		8	33	1	12	13	1	48	3	2	129	0		9	
midgard_s54_B	midgard	54	B	OPP	Core destroyed	268	v523	504	0	-4	0	0	500		0.0	10	25	5	5	10	2	35	4	0		0		6	
nordkap_s52_A	nordkap	52	A	US	Core destroyed	582	v523	0	0	500	900	396	-4	0.44		4	12	1	2	3	3	222	5	3	52	6	5	14	
nordkap_s52_B	nordkap	52	B	OPP	Core destroyed	172	v523	504	0	-4	0	0	500		0.0	13	54	3	8	11	1	9	1	0		2	5	6	
nordkap_s53_A	nordkap	53	A	US	Core destroyed	126	v523	360	342	482	504	0	-4	0.0	0.95	2	5	0	1	1	0		0	1	49	4	5	11	
nordkap_s53_B	nordkap	53	B	US	Core destroyed	153	v523	0	0	500	504	0	-4	0.0		4	18	0	3	3	1	9	1	1	64	3	5	11	
nordkap_s54_A	nordkap	54	A	US	Core destroyed	197	v523	198	198	500	504	0	-4	0.0	1.0	5	19	0	1	1	0		1	1	139	3	5	11	
nordkap_s54_B	nordkap	54	B	US	Core destroyed	376	v523	0	0	500	504	0	-4	0.0		3	13	1	2	3	2	7	2	2	68	4	5	39	
yulerune_s52_A	yulerune	52	A	US	Core destroyed	314	v523	234	234	500	504	0	-4	0.0	1.0	5	22	3	7	10	3	19	4	1	258	0		11	
yulerune_s52_B	yulerune	52	B	OPP	Core destroyed	194	v523	648	144	-4	1080	624	44	0.5778	0.2222	8	39	3	1	4	1	19	2	2	110	0		20	
yulerune_s53_A	yulerune	53	A	OPP	Core destroyed	236	v523	504	0	-4	0	0	500		0.0	11	69	0	16	16	1	20	1	0		0		9	
yulerune_s53_B	yulerune	53	B	OPP	Core destroyed	207	v523	504	0	-4	0	0	500		0.0	12	46	6	8	14	1	19	1	0		0		9	
yulerune_s54_A	yulerune	54	A	OPP	Core destroyed	797	v523	504	0	-4	1134	892	258	0.7866	0.0	8	36	3	7	10	2	19	3	1	560	0		16	
yulerune_s54_B	yulerune	54	B	US	Titanium collected (tiebreak)	1000	v523	0	0	500	0	0	500			6	24	2	7	9	2	19	2	0		0		17	
atoll_s55_A	atoll	55	A	US	Core destroyed	573	v523	36	36	500	900	392	-8	0.4356	1.0	6	14	0	0	0	0		4	1	473	4	7	5	
atoll_s55_B	atoll	55	B	OPP	Core destroyed	705	v523	828	324	-4	0	0	500		0.3913	4	16	2	6	8	4	530	6	0		13	7	7	
atoll_s56_A	atoll	56	A	OPP	Core destroyed	294	v523	828	324	-4	414	414	500	1.0	0.3913	4	17	0	0	0	0		0	1	76	3	7	27	
atoll_s56_B	atoll	56	B	US	Core destroyed	500	v523	1152	1152	500	3978	3464	-14	0.8708	1.0	3	11	0	3	3	0		0	2	60	3	7	12	
atoll_s57_A	atoll	57	A	US	Titanium collected (tiebreak)	1000	v523	144	144	500	198	198	500	1.0	1.0	4	24	0	15	15	1	284	5	2	123	3	7	19	
atoll_s57_B	atoll	57	B	OPP	Core destroyed	589	v523	3330	2826	-4	306	0	194	0.0	0.8486	4	16	0	2	2	0		0	4	194	9	7	8	
drakkarfjord_s55_A	drakkarfjord	55	A	US	Core destroyed	103	v523	0	0	500	504	0	-4	0.0		4	26	0	1	1	0		0	1	47	1	13	11	
drakkarfjord_s55_B	drakkarfjord	55	B	US	Core destroyed	121	v523	0	0	500	504	0	-4	0.0		3	19	0	1	1	0		0	1	65	2	13	19	
drakkarfjord_s56_A	drakkarfjord	56	A	US	Core destroyed	88	v523	0	0	500	504	0	-4	0.0		3	25	0	0	0	0		0	1	32	1	13	10	
drakkarfjord_s56_B	drakkarfjord	56	B	US	Core destroyed	459	v523	0	0	500	3078	2578	0	0.8376		3	13	0	0	0	0		0	1	40	2	13	13	
drakkarfjord_s57_A	drakkarfjord	57	A	US	Core destroyed	153	v523	0	0	500	720	220	0	0.3056		2	16	0	0	0	0		0	1	73	1	13	15	
drakkarfjord_s57_B	drakkarfjord	57	B	US	Core destroyed	101	v523	0	0	500	504	0	-4	0.0		2	9	0	0	0	0		0	1	45	1	13	18	
glacierkeep_s55_A	glacierkeep	55	A	US	Core destroyed	143	v523	0	0	500	504	0	-4	0.0		3	20	0	0	0	0		0	2	63	2	9	11	
glacierkeep_s55_B	glacierkeep	55	B	US	Core destroyed	225	v523	0	0	500	504	0	-4	0.0		4	28	0	0	0	0		0	1	113	3	9	12	
glacierkeep_s56_A	glacierkeep	56	A	OPP	Core destroyed	389	v523	504	0	-4	0	0	500		0.0	13	92	0	0	0	0		1	0		8	9	12	
glacierkeep_s56_B	glacierkeep	56	B	US	Titanium collected (tiebreak)	1000	v523	0	0	500	990	990	500	1.0		13	125	0	4	4	0		1	1	60	2	9	15	
glacierkeep_s57_A	glacierkeep	57	A	OPP	Core destroyed	389	v523	504	0	-4	0	0	500		0.0	13	90	0	0	0	0		1	0		4	9	12	
glacierkeep_s57_B	glacierkeep	57	B	US	Titanium collected (tiebreak)	1000	v523	0	0	500	1494	1494	500	1.0		4	23	0	0	0	0		0	1	68	2	9	95	
midgard_s55_A	midgard	55	A	OPP	Core destroyed	222	v523	504	0	-4	630	630	500	1.0	0.0	10	40	4	7	11	2	34	2	1	46	0		7	
midgard_s55_B	midgard	55	B	OPP	Core destroyed	378	v523	504	0	-4	0	0	500		0.0	7	20	4	6	10	3	38	5	0		0		8	
midgard_s56_A	midgard	56	A	OPP	Core destroyed	321	v523	504	0	-4	0	0	500		0.0	7	24	4	11	15	3	39	6	0		0		10	
midgard_s56_B	midgard	56	B	OPP	Core destroyed	148	v523	504	0	-4	0	0	500		0.0	7	21	4	2	6	3	34	3	0		0		7	
midgard_s57_A	midgard	57	A	US	Core destroyed	276	v523	0	0	500	504	0	-4	0.0		7	20	2	4	6	0		1	2	236	0		9	
midgard_s57_B	midgard	57	B	US	Core destroyed	516	v523	0	0	500	900	400	0	0.4444		16	130	11	99	110	11	38	12	1	412	0		6	
nordkap_s55_A	nordkap	55	A	US	Core destroyed	185	v523	738	702	464	504	0	-4	0.0	0.9512	2	6	1	2	3	2	7	2	1	129	3	5	13	
nordkap_s55_B	nordkap	55	B	US	Core destroyed	376	v523	0	0	500	504	0	-4	0.0		3	13	1	2	3	2	7	2	2	68	4	5	39	
nordkap_s56_A	nordkap	56	A	US	Core destroyed	538	v523	0	0	500	504	0	-4	0.0		6	22	2	2	4	2	141	3	2	500	8	5	9	
nordkap_s56_B	nordkap	56	B	OPP	Core destroyed	240	v523	558	54	-4	0	0	500		0.0968	8	28	0	0	0	0		0	0		3	5	7	
nordkap_s57_A	nordkap	57	A	US	Core destroyed	507	v523	126	0	374	1512	1010	-2	0.668	0.0	3	12	1	1	2	1	221	2	1	68	4	5	29	
nordkap_s57_B	nordkap	57	B	US	Core destroyed	269	v523	432	36	104	504	0	-4	0.0	0.0833	4	14	1	3	4	1	9	1	1	160	2	5	11	
yulerune_s55_A	yulerune	55	A	US	Core destroyed	277	v523	0	0	500	504	0	-4	0.0		5	22	2	6	8	2	19	2	1	184	0		10	
yulerune_s55_B	yulerune	55	B	OPP	Core destroyed	180	v523	504	0	-4	0	0	500		0.0	12	54	5	9	14	1	19	1	0		0		5	
yulerune_s56_A	yulerune	56	A	OPP	Core destroyed	221	v523	504	0	-4	0	0	500		0.0	9	24	5	4	9	2	24	2	0		0		12	
yulerune_s56_B	yulerune	56	B	OPP	Core destroyed	312	v523	504	0	-4	0	0	500		0.0	16	57	8	5	13	1	23	1	0		0		7	
yulerune_s57_A	yulerune	57	A	US	Core destroyed	201	v523	0	0	500	504	0	-4	0.0		6	32	0	6	6	1	24	1	2	164	0		10	
yulerune_s57_B	yulerune	57	B	OPP	Core destroyed	200	v523	504	0	-4	0	0	500		0.0	12	39	6	4	10	1	19	1	0		0		5	
atoll_s58_A	atoll	58	A	US	Core destroyed	176	v523	0	0	500	504	0	-4	0.0		4	13	0	2	2	0		0	1	120	2	7	22	
atoll_s58_B	atoll	58	B	US	Core destroyed	278	v523	0	0	500	612	104	-8	0.1699		5	16	0	1	1	0		2	2	180	7	7	9	
atoll_s59_A	atoll	59	A	OPP	Core destroyed	380	v523	1512	1006	-6	360	168	308	0.4667	0.6653	5	17	0	0	0	0		1	1	330	3	7	5	
atoll_s59_B	atoll	59	B	OPP	Core destroyed	362	v523	504	0	-4	0	0	500		0.0	3	6	0	1	1	0		1	0		5	7	8	
atoll_s60_A	atoll	60	A	US	Core destroyed	422	v523	0	0	500	756	240	-16	0.3175		3	12	0	5	5	2	301	5	2	360	5	7	37	
atoll_s60_B	atoll	60	B	US	Core destroyed	251	v523	1836	1818	482	1296	796	0	0.6142	0.9902	4	15	0	1	1	0		0	2	65	3	7	7	
drakkarfjord_s58_A	drakkarfjord	58	A	US	Core destroyed	428	v523	0	0	500	594	92	-2	0.1549		6	73	0	2	2	0		1	1	362	4	13	26	
drakkarfjord_s58_B	drakkarfjord	58	B	US	Core destroyed	383	v523	0	0	500	1962	1462	0	0.7452		3	13	0	0	0	0		0	1	40	4	13	24	
drakkarfjord_s59_A	drakkarfjord	59	A	US	Core destroyed	92	v523	0	0	500	504	0	-4	0.0		3	14	0	0	0	0		0	1	36	1	13	14	
drakkarfjord_s59_B	drakkarfjord	59	B	US	Core destroyed	461	v523	0	0	500	1152	648	-4	0.5625		2	9	0	0	0	0		0	1	76	1	13	52	
drakkarfjord_s60_A	drakkarfjord	60	A	US	Core destroyed	100	v523	0	0	500	504	0	-4	0.0		2	16	0	0	0	0		0	1	41	1	13	12	
drakkarfjord_s60_B	drakkarfjord	60	B	US	Core destroyed	153	v523	0	0	500	612	104	-8	0.1699		3	18	0	0	0	0		0	1	85	2	13	16	
glacierkeep_s58_A	glacierkeep	58	A	US	Core destroyed	127	v523	0	0	500	504	0	-4	0.0		3	17	0	0	0	0		1	1	71	2	9	12	
glacierkeep_s58_B	glacierkeep	58	B	US	Titanium collected (tiebreak)	1000	v523	0	0	500	0	0	500			3	19	0	0	0	0		1	0		3	9	88	
glacierkeep_s59_A	glacierkeep	59	A	US	Core destroyed	180	v523	0	0	500	504	0	-4	0.0		3	18	0	0	0	0		1	1	72	2	9	12	
glacierkeep_s59_B	glacierkeep	59	B	US	Core destroyed	245	v523	0	0	500	504	0	-4	0.0		3	24	0	0	0	0		0	1	112	3	9	22	
glacierkeep_s60_A	glacierkeep	60	A	US	Core destroyed	143	v523	0	0	500	504	0	-4	0.0		4	19	0	0	0	0		0	1	77	2	9	8	
glacierkeep_s60_B	glacierkeep	60	B	OPP	Core destroyed	673	v523	504	0	-4	18	0	482	0.0	0.0	6	40	0	1	1	0		2	1	112	3	9	14	
midgard_s58_A	midgard	58	A	OPP	Titanium collected (tiebreak)	1000	v523	2808	2808	500	0	0	500		1.0	9	36	2	8	10	2	34	3	0		0		8	
midgard_s58_B	midgard	58	B	US	Core destroyed	192	v523	486	476	490	504	0	-4	0.0	0.9794	7	34	2	12	14	3	40	4	1	136	0		10	
midgard_s59_A	midgard	59	A	US	Core destroyed	227	v523	1152	1138	486	504	0	-4	0.0	0.9878	5	16	2	4	6	2	34	2	1	161	0		9	
midgard_s59_B	midgard	59	B	OPP	Titanium collected (tiebreak)	1000	v523	306	306	500	1836	1836	500	1.0	1.0	10	86	1	27	28	1	40	3	1	440	0		9	
midgard_s60_A	midgard	60	A	US	Core destroyed	215	v523	648	642	494	504	0	-4	0.0	0.9907	7	29	2	8	10	1	51	2	1	159	0		9	
midgard_s60_B	midgard	60	B	US	Core destroyed	183	v523	1008	952	444	504	0	-4	0.0	0.9444	7	24	4	10	14	2	38	3	1	127	0		9	
nordkap_s58_A	nordkap	58	A	US	Titanium collected (tiebreak)	1000	v523	3600	3558	458	144	0	356	0.0	0.9883	3	12	0	3	3	1	20	4	1	72	3	5	11	
nordkap_s58_B	nordkap	58	B	OPP	Core destroyed	276	v523	576	72	-4	0	0	500		0.125	7	27	1	1	2	1	7	2	0		3	5	7	
nordkap_s59_A	nordkap	59	A	US	Core destroyed	378	v523	0	0	500	504	0	-4	0.0		7	42	0	8	8	1	19	4	1	322	4	5	21	
nordkap_s59_B	nordkap	59	B	OPP	Core destroyed	165	v523	540	36	-4	0	0	500		0.0667	3	6	1	1	2	2	9	2	0		3	5	11	
nordkap_s60_A	nordkap	60	A	US	Core destroyed	443	v523	0	0	500	2826	2320	-6	0.8209		6	27	1	9	10	4	334	6	3	45	7	5	26	
nordkap_s60_B	nordkap	60	B	US	Core destroyed	277	v523	0	0	500	1260	760	0	0.6032		10	33	4	5	9	3	9	3	3	131	5	5	12	
yulerune_s58_A	yulerune	58	A	OPP	Core destroyed	505	v523	1440	940	0	0	0	500		0.6528	9	47	4	12	16	1	19	3	0		0		11	
yulerune_s58_B	yulerune	58	B	OPP	Core destroyed	161	v523	504	0	-4	0	0	500		0.0	5	18	1	4	5	1	19	2	0		0		9	
yulerune_s59_A	yulerune	59	A	OPP	Core destroyed	342	v523	504	0	-4	0	0	500		0.0	8	42	2	10	12	1	19	1	0		0		9	
yulerune_s59_B	yulerune	59	B	US	Core destroyed	249	v523	324	0	176	504	0	-4	0.0	0.0	4	19	1	5	6	1	19	1	1	156	0		10	
yulerune_s60_A	yulerune	60	A	OPP	Core destroyed	233	v523	918	414	-4	0	0	500		0.451	6	22	4	10	14	2	19	2	0		0		10	
yulerune_s60_B	yulerune	60	B	OPP	Core destroyed	479	v523	828	324	-4	0	0	500		0.3913	8	40	2	2	4	1	19	2	0		0		40	
atoll_s61_A	atoll	61	A	OPP	Titanium collected (tiebreak)	1000	v523	0	0	500	108	108	500	1.0		4	15	0	2	2	0		4	1	219	18	7	24	
atoll_s61_B	atoll	61	B	US	Titanium collected (tiebreak)	1000	v523	0	0	500	0	0	500			4	15	0	2	2	1	88	2	0		2	7	6	
atoll_s62_A	atoll	62	A	US	Core destroyed	567	v523	180	180	500	2682	2180	-2	0.8128	1.0	6	17	0	5	5	2	125	4	2	276	1	7	7	
atoll_s62_B	atoll	62	B	OPP	Core destroyed	327	v523	1044	544	0	0	0	500		0.5211	5	18	0	2	2	0		2	0		2	7	12	
atoll_s63_A	atoll	63	A	US	Core destroyed	180	v523	0	0	500	504	0	-4	0.0		3	13	0	3	3	0		3	1	124	2	7	33	
atoll_s63_B	atoll	63	B	US	Titanium collected (tiebreak)	1000	v523	5670	5670	500	306	0	194	0.0	1.0	4	12	0	1	1	0		1	1	60	3	7	9	
drakkarfjord_s61_A	drakkarfjord	61	A	OPP	Core destroyed	572	v523	504	0	-4	0	0	500		0.0	9	128	0	2	2	0		2	0		5	13	19	
drakkarfjord_s61_B	drakkarfjord	61	B	US	Core destroyed	105	v523	0	0	500	558	52	-6	0.0932		3	14	0	0	0	0		0	1	43	1	13	13	
drakkarfjord_s62_A	drakkarfjord	62	A	US	Core destroyed	90	v523	0	0	500	504	0	-4	0.0		3	25	0	0	0	0		0	1	34	1	13	10	
drakkarfjord_s62_B	drakkarfjord	62	B	US	Core destroyed	140	v523	0	0	500	504	0	-4	0.0		3	19	0	0	0	0		1	1	84	1	13	12	
drakkarfjord_s63_A	drakkarfjord	63	A	US	Core destroyed	100	v523	0	0	500	504	0	-4	0.0		3	13	0	0	0	0		0	1	44	1	13	12	
drakkarfjord_s63_B	drakkarfjord	63	B	US	Core destroyed	287	v523	0	0	500	1476	970	-6	0.6572		3	13	0	0	0	0		0	1	40	2	13	14	
glacierkeep_s61_A	glacierkeep	61	A	US	Core destroyed	169	v523	0	0	500	504	0	-4	0.0		4	24	0	0	0	0		2	1	80	2	9	11	
glacierkeep_s61_B	glacierkeep	61	B	US	Core destroyed	225	v523	0	0	500	504	0	-4	0.0		4	28	0	0	0	0		0	1	113	3	9	12	
glacierkeep_s62_A	glacierkeep	62	A	US	Core destroyed	144	v523	0	0	500	504	0	-4	0.0		3	24	0	0	0	0		1	1	88	2	9	11	
glacierkeep_s62_B	glacierkeep	62	B	OPP	Core destroyed	781	v523	504	0	-4	0	0	500		0.0	8	78	0	0	0	0		0	0		3	9	7	
glacierkeep_s63_A	glacierkeep	63	A	US	Core destroyed	127	v523	0	0	500	504	0	-4	0.0		3	17	0	0	0	0		1	1	71	2	9	12	
glacierkeep_s63_B	glacierkeep	63	B	OPP	Harvesters (tiebreak)	1000	v523	162	0	338	2862	2862	500	1.0	0.0	6	36	0	0	0	0		1	1	112	2	9	21	
midgard_s61_A	midgard	61	A	US	Core destroyed	289	v523	198	0	302	504	0	-4	0.0	0.0	7	22	2	6	8	1	45	2	1	196	0		9	
midgard_s61_B	midgard	61	B	US	Core destroyed	253	v523	666	666	500	756	244	-12	0.3228	1.0	7	33	1	11	12	3	40	4	2	174	0		9	
midgard_s62_A	midgard	62	A	US	Core destroyed	273	v523	648	648	500	504	0	-4	0.0	1.0	7	19	3	11	14	2	41	4	1	217	0		9	
midgard_s62_B	midgard	62	B	US	Core destroyed	567	v523	0	0	500	504	0	-4	0.0		12	39	9	24	33	3	39	4	1	495	0		48	
midgard_s63_A	midgard	63	A	US	Core destroyed	257	v523	0	0	500	504	0	-4	0.0		8	42	2	5	7	1	34	1	1	201	0		13	
midgard_s63_B	midgard	63	B	OPP	Core destroyed	168	v523	504	0	-4	0	0	500		0.0	8	14	6	5	11	3	40	4	0		0		7	
nordkap_s61_A	nordkap	61	A	US	Core destroyed	749	v523	180	180	500	504	0	-4	0.0	1.0	9	40	4	13	17	2	669	6	2	626	11	5	8	
nordkap_s61_B	nordkap	61	B	OPP	Core destroyed	309	v523	504	0	-4	468	0	32	0.0	0.0	4	8	1	3	4	2	7	2	1	64	4	5	10	
nordkap_s62_A	nordkap	62	A	US	Core destroyed	203	v523	0	0	500	1422	920	-2	0.647		4	9	0	1	1	0		0	3	77	3	5	19	
nordkap_s62_B	nordkap	62	B	OPP	Core destroyed	206	v523	504	0	-4	0	0	500		0.0	10	31	2	1	3	1	9	1	0		3	5	7	
nordkap_s63_A	nordkap	63	A	US	Core destroyed	130	v523	486	480	494	504	0	-4	0.0	0.9877	2	5	0	1	1	0		0	1	53	3	5	13	
nordkap_s63_B	nordkap	63	B	US	Core destroyed	141	v523	0	0	500	504	0	-4	0.0		5	12	1	4	5	2	7	2	1	44	3	5	10	
yulerune_s61_A	yulerune	61	A	OPP	Core destroyed	461	v523	504	0	-4	1422	1040	118	0.7314	0.0	7	23	3	6	9	1	19	2	1	164	0		10	
yulerune_s61_B	yulerune	61	B	US	Core destroyed	204	v523	0	0	500	666	164	-2	0.2462		8	42	5	7	12	3	19	3	2	158	0		12	
yulerune_s62_A	yulerune	62	A	US	Core destroyed	280	v523	0	0	500	504	0	-4	0.0		4	18	0	5	5	2	193	4	1	224	0		12	
yulerune_s62_B	yulerune	62	B	OPP	Core destroyed	276	v523	504	0	-4	0	0	500		0.0	13	54	8	16	24	1	19	2	0		0		8	
yulerune_s63_A	yulerune	63	A	US	Core destroyed	408	v523	0	0	500	504	0	-4	0.0		8	66	0	24	24	1	24	4	1	352	0		9	
yulerune_s63_B	yulerune	63	B	US	Core destroyed	877	v523	0	0	500	504	0	-4	0.0		7	27	3	7	10	1	19	1	3	580	0		28	
atoll_s64_A	atoll	64	A	US	Core destroyed	304	v523	72	72	500	900	392	-8	0.4356	1.0	4	15	0	3	3	0		2	1	204	4	7	7	
atoll_s64_B	atoll	64	B	US	Titanium collected (tiebreak)	1000	v523	252	252	500	0	0	500		1.0	5	15	0	0	0	0		4	0		6	7	12	
atoll_s65_A	atoll	65	A	OPP	Core destroyed	420	v523	504	0	-4	0	0	500		0.0	4	20	0	6	6	1	386	3	0		5	7	9	
atoll_s65_B	atoll	65	B	OPP	Titanium collected (tiebreak)	1000	v523	0	0	500	162	0	338	0.0		4	14	0	2	2	0		0	1	94	4	7	6	
atoll_s66_A	atoll	66	A	US	Titanium collected (tiebreak)	1000	v523	0	0	500	7380	7092	212	0.961		4	16	0	3	3	0		2	1	106	2	7	5	
atoll_s66_B	atoll	66	B	OPP	Titanium collected (tiebreak)	1000	v523	0	0	500	0	0	500			4	14	0	0	0	0		1	0		7	7	5	
drakkarfjord_s64_A	drakkarfjord	64	A	US	Core destroyed	224	v523	0	0	500	1692	1192	0	0.7045		3	17	0	0	0	0		1	1	36	1	13	11	
drakkarfjord_s64_B	drakkarfjord	64	B	US	Core destroyed	917	v523	0	0	500	3006	2502	-4	0.8323		6	60	0	0	0	0		0	1	40	1	13	43	
drakkarfjord_s65_A	drakkarfjord	65	A	US	Core destroyed	108	v523	0	0	500	594	88	-6	0.1481		3	17	0	0	0	0		0	1	42	1	13	14	
drakkarfjord_s65_B	drakkarfjord	65	B	US	Core destroyed	122	v523	0	0	500	738	232	-6	0.3144		3	14	0	0	0	0		0	1	40	1	13	12	
drakkarfjord_s66_A	drakkarfjord	66	A	US	Core destroyed	90	v523	0	0	500	504	0	-4	0.0		3	25	0	0	0	0		0	1	34	1	13	10	
drakkarfjord_s66_B	drakkarfjord	66	B	US	Core destroyed	284	v523	0	0	500	1458	958	0	0.6571		3	13	0	0	0	0		0	1	40	2	13	14	
glacierkeep_s64_A	glacierkeep	64	A	US	Core destroyed	127	v523	0	0	500	504	0	-4	0.0		3	17	0	0	0	0		1	1	71	2	9	12	
glacierkeep_s64_B	glacierkeep	64	B	US	Titanium stored (tiebreak)	1000	v523	0	0	500	18	0	482	0.0		3	18	0	0	0	0		1	1	124	2	9	88	
glacierkeep_s65_A	glacierkeep	65	A	US	Core destroyed	172	v523	0	0	500	504	0	-4	0.0		4	19	0	0	0	0		0	1	72	2	9	11	
glacierkeep_s65_B	glacierkeep	65	B	US	Harvesters (tiebreak)	1000	v523	0	0	500	0	0	500			4	24	0	0	0	0		0	0		2	9	110	
glacierkeep_s66_A	glacierkeep	66	A	US	Core destroyed	141	v523	0	0	500	504	0	-4	0.0		4	22	0	0	0	0		0	1	67	2	9	11	
glacierkeep_s66_B	glacierkeep	66	B	US	Core destroyed	245	v523	0	0	500	504	0	-4	0.0		3	24	0	0	0	0		0	1	112	3	9	22	
midgard_s64_A	midgard	64	A	OPP	Core destroyed	241	v523	504	0	-4	0	0	500		0.0	8	32	4	7	11	2	34	3	0		0		6	
midgard_s64_B	midgard	64	B	US	Core destroyed	181	v523	0	0	500	504	4	0	0.0079		7	26	2	8	10	2	34	2	1	105	0		9	
midgard_s65_A	midgard	65	A	US	Core destroyed	957	v523	0	0	500	756	256	0	0.3386		9	54	2	7	9	1	790	3	3	212	0		13	
midgard_s65_B	midgard	65	B	US	Core destroyed	300	v523	342	342	500	990	488	-2	0.4929	1.0	8	47	1	14	15	4	40	5	2	114	0		19	
midgard_s66_A	midgard	66	A	OPP	Core destroyed	222	v523	504	0	-4	630	630	500	1.0	0.0	10	40	4	7	11	2	34	2	1	46	0		7	
midgard_s66_B	midgard	66	B	US	Core destroyed	485	v523	1692	1228	36	504	0	-4	0.0	0.7258	7	44	3	15	18	2	38	4	1	336	0		10	
nordkap_s64_A	nordkap	64	A	US	Core destroyed	309	v523	1242	1224	482	504	0	-4	0.0	0.9855	2	5	0	1	1	0		0	1	69	4	5	11	
nordkap_s64_B	nordkap	64	B	US	Core destroyed	301	v523	1062	748	186	504	0	-4	0.0	0.7043	3	9	1	4	5	3	9	3	1	96	4	5	11	
nordkap_s65_A	nordkap	65	A	US	Core destroyed	433	v523	1008	990	482	504	0	-4	0.0	0.9821	2	5	0	1	1	0		2	1	154	4	5	10	
nordkap_s65_B	nordkap	65	B	OPP	Core destroyed	311	v523	3150	2650	0	0	0	500		0.8413	9	37	1	1	2	1	9	1	0		2	5	6	
nordkap_s66_A	nordkap	66	A	OPP	Titanium collected (tiebreak)	1000	v523	216	0	284	1080	1080	500	1.0	0.0	4	7	0	2	2	0		0	1	72	6	5	80	
nordkap_s66_B	nordkap	66	B	US	Core destroyed	336	v523	0	0	500	756	252	-4	0.3333		4	13	0	2	2	0		0	3	60	3	5	12	
yulerune_s64_A	yulerune	64	A	OPP	Titanium collected (tiebreak)	1000	v523	2700	2700	500	0	0	500		1.0	6	39	1	11	12	1	19	1	0		0		11	
yulerune_s64_B	yulerune	64	B	OPP	Core destroyed	207	v523	504	0	-4	0	0	500		0.0	7	32	5	14	19	2	19	2	0		0		8	
yulerune_s65_A	yulerune	65	A	OPP	Core destroyed	193	v523	504	0	-4	0	0	500		0.0	8	39	4	11	15	1	19	3	0		0		11	
yulerune_s65_B	yulerune	65	B	OPP	Core destroyed	164	v523	504	0	-4	0	0	500		0.0	6	27	3	9	12	1	19	1	0		0		8	
yulerune_s66_A	yulerune	66	A	OPP	Core destroyed	291	v523	504	0	-4	0	0	500		0.0	10	59	1	8	9	1	19	1	0		0		21	
yulerune_s66_B	yulerune	66	B	US	Core destroyed	597	v523	0	0	500	504	0	-4	0.0		5	24	1	6	7	1	24	2	1	488	0		9	
atoll_s67_A	atoll	67	A	US	Core destroyed	403	v523	1152	1152	500	774	270	-4	0.3488	1.0	3	13	0	3	3	0		1	1	200	2	7	54	
atoll_s67_B	atoll	67	B	US	Core destroyed	610	v523	0	0	500	3708	3208	0	0.8652		5	17	0	1	1	0		2	1	198	5	7	8	
atoll_s68_A	atoll	68	A	US	Titanium collected (tiebreak)	1000	v523	0	0	500	0	0	500			5	21	0	1	1	0		7	0		3	7	6	
atoll_s68_B	atoll	68	B	OPP	Core destroyed	649	v523	594	90	-4	0	0	500		0.1515	6	15	0	0	0	0		5	0		8	7	12	
atoll_s69_A	atoll	69	A	OPP	Titanium collected (tiebreak)	1000	v523	54	54	500	0	0	500		1.0	5	14	0	0	0	0		1	0		11	7	7	
atoll_s69_B	atoll	69	B	US	Core destroyed	168	v523	342	342	500	504	0	-4	0.0	1.0	3	12	0	2	2	0		0	1	112	3	7	24	
drakkarfjord_s67_A	drakkarfjord	67	A	OPP	Titanium collected (tiebreak)	1000	v523	108	108	500	720	720	500	1.0	1.0	8	86	0	4	4	1	738	1	2	81	15	13	12	
drakkarfjord_s67_B	drakkarfjord	67	B	US	Titanium collected (tiebreak)	1000	v523	0	0	500	0	0	500			9	104	0	6	6	2	936	2	0		3	13	9	
drakkarfjord_s68_A	drakkarfjord	68	A	US	Core destroyed	112	v523	0	0	500	684	176	-8	0.2573		3	17	0	0	0	0		0	1	36	1	13	11	
drakkarfjord_s68_B	drakkarfjord	68	B	US	Core destroyed	383	v523	0	0	500	1962	1462	0	0.7452		3	13	0	0	0	0		0	1	40	4	13	24	
drakkarfjord_s69_A	drakkarfjord	69	A	US	Core destroyed	98	v523	0	0	500	504	0	-4	0.0		3	13	0	0	0	0		0	1	42	1	13	13	
drakkarfjord_s69_B	drakkarfjord	69	B	OPP	Core destroyed	521	v523	504	0	-4	2178	1820	142	0.8356	0.0	4	20	0	0	0	0		0	1	60	2	13	10	
glacierkeep_s67_A	glacierkeep	67	A	US	Core destroyed	121	v523	0	0	500	504	0	-4	0.0		4	14	0	0	0	0		0	1	59	2	9	11	
glacierkeep_s67_B	glacierkeep	67	B	US	Titanium collected (tiebreak)	1000	v523	0	0	500	1350	1270	420	0.9407		4	25	0	0	0	0		0	1	440	2	9	90	
glacierkeep_s68_A	glacierkeep	68	A	US	Core destroyed	108	v523	0	0	500	504	0	-4	0.0		4	26	0	0	0	0		0	1	52	2	9	11	
glacierkeep_s68_B	glacierkeep	68	B	US	Core destroyed	236	v523	0	0	500	504	0	-4	0.0		3	27	0	0	0	0		1	1	180	2	9	26	
glacierkeep_s69_A	glacierkeep	69	A	US	Core destroyed	145	v523	0	0	500	504	0	-4	0.0		4	17	0	0	0	0		0	1	52	2	9	11	
glacierkeep_s69_B	glacierkeep	69	B	US	Core destroyed	265	v523	0	0	500	504	0	-4	0.0		5	35	0	0	0	0		1	1	156	2	9	13	
midgard_s67_A	midgard	67	A	OPP	Core destroyed	285	v523	504	0	-4	0	0	500		0.0	9	31	3	9	12	2	41	3	0		0		10	
midgard_s67_B	midgard	67	B	OPP	Core destroyed	279	v523	504	0	-4	0	0	500		0.0	11	70	3	15	18	2	39	3	0		0		23	
midgard_s68_A	midgard	68	A	US	Core destroyed	190	v523	612	396	284	504	0	-4	0.0	0.6471	7	30	1	7	8	1	52	3	2	148	0		9	
midgard_s68_B	midgard	68	B	US	Titanium collected (tiebreak)	1000	v523	0	0	500	0	0	500			8	31	5	10	15	3	40	4	0		0		10	
midgard_s69_A	midgard	69	A	OPP	Core destroyed	224	v523	504	0	-4	144	36	392	0.25	0.0	7	35	1	12	13	2	50	3	1	208	0		7	
midgard_s69_B	midgard	69	B	OPP	Core destroyed	185	v523	504	0	-4	0	0	500		0.0	8	23	5	11	16	2	41	3	0		0		9	
nordkap_s67_A	nordkap	67	A	US	Core destroyed	905	v523	126	126	500	1080	576	-4	0.5333	1.0	9	48	0	1	1	0		1	2	108	5	5	36	
nordkap_s67_B	nordkap	67	B	US	Core destroyed	133	v523	702	488	286	504	0	-4	0.0	0.6952	2	6	1	2	3	2	7	2	1	64	4	5	11	
nordkap_s68_A	nordkap	68	A	US	Core destroyed	585	v523	216	216	500	720	212	-8	0.2944	1.0	5	18	0	2	2	1	73	1	2	100	5	5	15	
nordkap_s68_B	nordkap	68	B	US	Core destroyed	157	v523	648	462	314	504	0	-4	0.0	0.713	3	11	1	4	5	1	9	1	1	96	3	5	11	
nordkap_s69_A	nordkap	69	A	US	Core destroyed	104	v523	450	448	498	504	0	-4	0.0	0.9956	2	8	0	0	0	0		0	1	36	2	5	11	
nordkap_s69_B	nordkap	69	B	US	Core destroyed	816	v523	0	0	500	1098	598	0	0.5446		11	37	1	2	3	1	7	2	2	76	3	5	20	
yulerune_s67_A	yulerune	67	A	OPP	Core destroyed	398	v523	1494	988	-6	0	0	500		0.6613	8	49	0	4	4	2	24	2	0		0		16	
yulerune_s67_B	yulerune	67	B	OPP	Titanium collected (tiebreak)	1000	v523	0	0	500	0	0	500			7	37	3	4	7	1	19	2	0		0		10	
yulerune_s68_A	yulerune	68	A	OPP	Titanium collected (tiebreak)	1000	v523	0	0	500	0	0	500			4	13	0	5	5	0		1	0		0		22	
yulerune_s68_B	yulerune	68	B	OPP	Core destroyed	200	v523	504	0	-4	0	0	500		0.0	9	46	4	12	16	1	19	1	0		0		6	
yulerune_s69_A	yulerune	69	A	US	Core destroyed	515	v523	0	0	500	504	0	-4	0.0		7	26	5	11	16	3	19	5	1	459	1	388	15	
yulerune_s69_B	yulerune	69	B	OPP	Core destroyed	141	v523	504	0	-4	0	0	500		0.0	6	29	3	8	11	1	19	2	0		0		7	
atoll_s70_A	atoll	70	A	US	Core destroyed	119	v523	0	0	500	522	16	-6	0.0307		4	12	0	2	2	0		0	1	61	5	7	8	
atoll_s70_B	atoll	70	B	OPP	Core destroyed	279	v523	504	0	-4	216	216	500	1.0	0.0	3	13	0	2	2	0		0	1	60	3	7	13	
atoll_s71_A	atoll	71	A	OPP	Core destroyed	216	v523	864	360	-4	0	0	500		0.4167	4	15	0	0	0	0		1	0		7	7	13	
atoll_s71_B	atoll	71	B	US	Core destroyed	178	v523	1476	1470	494	504	0	-4	0.0	0.9959	3	13	0	1	1	0		0	1	122	3	7	7	
atoll_s72_A	atoll	72	A	US	Core destroyed	460	v523	0	0	500	882	376	-6	0.4263		5	16	0	4	4	2	330	4	2	251	6	7	3	
atoll_s72_B	atoll	72	B	US	Core destroyed	645	v523	450	0	50	576	72	-4	0.125	0.0	4	12	0	1	1	0		0	2	156	5	7	118	
drakkarfjord_s70_A	drakkarfjord	70	A	US	Core destroyed	101	v523	0	0	500	504	0	-4	0.0		2	16	0	0	0	0		0	1	45	1	13	14	
drakkarfjord_s70_B	drakkarfjord	70	B	US	Titanium collected (tiebreak)	1000	v523	0	0	500	0	0	500			9	94	0	0	0	0		0	0		9	13	9	
drakkarfjord_s71_A	drakkarfjord	71	A	US	Core destroyed	89	v523	0	0	500	504	0	-4	0.0		3	17	0	0	0	0		0	1	33	1	13	12	
drakkarfjord_s71_B	drakkarfjord	71	B	US	Core destroyed	123	v523	0	0	500	504	0	-4	0.0		2	9	0	0	0	0		0	1	67	4	13	20	
drakkarfjord_s72_A	drakkarfjord	72	A	US	Core destroyed	153	v523	0	0	500	504	0	-4	0.0		2	16	0	1	1	0		0	1	88	2	13	18	
drakkarfjord_s72_B	drakkarfjord	72	B	US	Core destroyed	153	v523	0	0	500	504	0	-4	0.0		2	9	0	0	0	0		0	1	68	2	13	22	
glacierkeep_s70_A	glacierkeep	70	A	US	Core destroyed	753	v523	0	0	500	810	304	-6	0.3753		10	98	0	0	0	0		1	1	663	3	9	26	
glacierkeep_s70_B	glacierkeep	70	B	US	Core destroyed	132	v523	0	0	500	504	0	-4	0.0		3	17	0	0	0	0		0	1	76	2	9	16	
glacierkeep_s71_A	glacierkeep	71	A	US	Core destroyed	123	v523	0	0	500	504	0	-4	0.0		3	15	0	0	0	0		0	1	67	2	9	12	
glacierkeep_s71_B	glacierkeep	71	B	US	Harvesters (tiebreak)	1000	v523	0	0	500	1818	1818	500	1.0		5	25	0	0	0	0		0	2	84	7	9	62	
glacierkeep_s72_A	glacierkeep	72	A	OPP	Core destroyed	748	v523	594	90	-4	0	0	500		0.1515	16	125	0	0	0	0		3	0		16	9	12	
glacierkeep_s72_B	glacierkeep	72	B	OPP	Harvesters (tiebreak)	1000	v523	0	0	500	324	192	368	0.5926		10	69	0	0	0	0		2	1	122	3	9	14	
midgard_s70_A	midgard	70	A	OPP	Core destroyed	425	v523	504	0	-4	0	0	500		0.0	8	36	5	12	17	2	36	3	0		0		10	
midgard_s70_B	midgard	70	B	US	Core destroyed	161	v523	486	450	464	504	0	-4	0.0	0.9259	7	35	1	9	10	2	40	5	1	105	0		9	
midgard_s71_A	midgard	71	A	US	Core destroyed	257	v523	0	0	500	504	0	-4	0.0		8	42	2	5	7	1	34	1	1	201	0		13	
midgard_s71_B	midgard	71	B	US	Core destroyed	140	v523	414	414	500	792	292	0	0.3687	1.0	6	26	1	6	7	1	40	3	1	52	0		7	
midgard_s72_A	midgard	72	A	OPP	Core destroyed	545	v523	504	0	-4	0	0	500		0.0	8	37	4	21	25	5	34	6	0		0		14	
midgard_s72_B	midgard	72	B	US	Core destroyed	664	v523	0	0	500	864	356	-8	0.412		9	63	3	25	28	3	40	4	1	568	0		8	
nordkap_s70_A	nordkap	70	A	OPP	Core destroyed	301	v523	504	0	-4	288	0	212	0.0	0.0	4	18	0	4	4	1	23	2	1	71	2	5	11	
nordkap_s70_B	nordkap	70	B	OPP	Core destroyed	231	v523	864	364	0	0	0	500		0.4213	13	60	0	1	1	1	9	1	0		5	5	7	
nordkap_s71_A	nordkap	71	A	US	Core destroyed	116	v523	0	0	500	504	0	-4	0.0		5	18	0	1	1	0		0	1	60	3	5	8	
nordkap_s71_B	nordkap	71	B	OPP	Core destroyed	433	v523	504	0	-4	90	0	410	0.0	0.0	3	5	1	1	2	2	7	2	1	45	3	5	11	
nordkap_s72_A	nordkap	72	A	US	Core destroyed	457	v523	54	54	500	1008	506	-2	0.502	1.0	2	8	0	0	0	0		0	2	44	3	5	40	
nordkap_s72_B	nordkap	72	B	US	Core destroyed	491	v523	0	0	500	846	340	-6	0.4019		7	28	3	5	8	2	7	2	3	252	4	5	21	
yulerune_s70_A	yulerune	70	A	US	Core destroyed	661	v523	0	0	500	504	0	-4	0.0		8	54	3	23	26	4	19	5	1	481	0		22	
yulerune_s70_B	yulerune	70	B	OPP	Core destroyed	366	v523	504	0	-4	0	0	500		0.0	15	51	9	13	22	1	19	1	0		0		31	
yulerune_s71_A	yulerune	71	A	US	Titanium collected (tiebreak)	1000	v523	0	0	500	2430	2430	500	1.0		10	39	4	8	12	2	19	5	1	240	0		11	
yulerune_s71_B	yulerune	71	B	OPP	Core destroyed	214	v523	630	120	-10	0	0	500		0.1905	11	53	2	4	6	1	19	2	0		0		19	
yulerune_s72_A	yulerune	72	A	US	Core destroyed	448	v523	0	0	500	504	0	-4	0.0		8	44	3	15	18	1	19	3	1	392	0		10	
yulerune_s72_B	yulerune	72	B	OPP	Core destroyed	247	v523	504	0	-4	0	0	500		0.0	12	35	7	5	12	1	19	1	0		0		14	
atoll_s73_A	atoll	73	A	US	Core destroyed	307	v523	0	0	500	792	276	-16	0.3485		4	13	0	2	2	0		1	2	235	5	7	34	
atoll_s73_B	atoll	73	B	US	Core destroyed	146	v523	972	950	478	504	0	-4	0.0	0.9774	3	12	0	1	1	0		0	1	90	3	7	8	
atoll_s74_A	atoll	74	A	OPP	Core destroyed	160	v523	828	328	0	0	0	500		0.3961	3	13	0	0	0	0		0	0		4	7	2	
atoll_s74_B	atoll	74	B	US	Core destroyed	144	v523	864	862	498	504	0	-4	0.0	0.9977	2	4	0	3	3	0		0	1	88	3	7	10	
atoll_s75_A	atoll	75	A	US	Core destroyed	202	v523	0	0	500	828	328	0	0.3961		4	16	0	2	2	0		2	1	110	3	7	12	
atoll_s75_B	atoll	75	B	OPP	Core destroyed	373	v523	3078	2574	-4	468	468	500	1.0	0.8363	3	12	0	0	0	0		0	1	108	3	7	15	
drakkarfjord_s73_A	drakkarfjord	73	A	US	Core destroyed	101	v523	0	0	500	504	0	-4	0.0		2	16	0	0	0	0		0	1	45	1	13	13	
drakkarfjord_s73_B	drakkarfjord	73	B	US	Core destroyed	98	v523	0	0	500	504	0	-4	0.0		3	19	0	0	0	0		0	1	42	1	13	12	
drakkarfjord_s74_A	drakkarfjord	74	A	OPP	Core destroyed	763	v523	882	376	-6	432	432	500	1.0	0.4263	9	108	0	3	3	0		2	1	115	2	13	17	
drakkarfjord_s74_B	drakkarfjord	74	B	US	Core destroyed	122	v523	0	0	500	738	232	-6	0.3144		3	14	0	0	0	0		0	1	40	1	13	12	
drakkarfjord_s75_A	drakkarfjord	75	A	US	Core destroyed	106	v523	0	0	500	576	76	0	0.1319		3	15	0	0	0	0		0	1	42	1	13	13	
drakkarfjord_s75_B	drakkarfjord	75	B	US	Core destroyed	461	v523	0	0	500	1152	648	-4	0.5625		2	9	0	0	0	0		0	1	76	1	13	52	
glacierkeep_s73_A	glacierkeep	73	A	US	Core destroyed	169	v523	0	0	500	504	0	-4	0.0		3	27	0	0	0	0		1	1	113	2	9	11	
glacierkeep_s73_B	glacierkeep	73	B	US	Core destroyed	457	v523	0	0	500	504	0	-4	0.0		9	75	0	1	1	0		0	1	349	2	9	17	
glacierkeep_s74_A	glacierkeep	74	A	US	Core destroyed	253	v523	0	0	500	792	292	0	0.3687		3	31	0	1	1	0		1	1	107	3	9	11	
glacierkeep_s74_B	glacierkeep	74	B	US	Titanium collected (tiebreak)	1000	v523	0	0	500	0	0	500			4	26	0	0	0	0		1	1	137	3	9	82	
glacierkeep_s75_A	glacierkeep	75	A	OPP	Core destroyed	316	v523	504	0	-4	414	414	500	1.0	0.0	7	64	0	1	1	0		1	1	95	3	9	10	
glacierkeep_s75_B	glacierkeep	75	B	OPP	Core destroyed	893	v523	504	0	-4	0	0	500		0.0	8	78	0	0	0	0		0	0		3	9	7	
midgard_s73_A	midgard	73	A	US	Core destroyed	192	v523	0	0	500	558	54	-4	0.0968		6	21	1	6	7	1	42	3	2	55	0		9	
midgard_s73_B	midgard	73	B	US	Core destroyed	235	v523	1368	1340	472	810	306	-4	0.3778	0.9795	6	21	3	5	8	2	34	2	1	51	0		6	
midgard_s74_A	midgard	74	A	US	Core destroyed	193	v523	0	0	500	504	0	-4	0.0		9	46	2	10	12	2	34	3	2	136	0		9	
midgard_s74_B	midgard	74	B	US	Titanium collected (tiebreak)	1000	v523	0	0	500	0	0	500			7	26	1	8	9	2	40	5	0		0		10	
midgard_s75_A	midgard	75	A	US	Core destroyed	253	v523	0	0	500	504	0	-4	0.0		6	32	2	11	13	4	34	5	1	197	0		10	
midgard_s75_B	midgard	75	B	US	Core destroyed	533	v523	0	0	500	504	0	-4	0.0		7	21	5	11	16	2	39	3	1	364	0		21	
nordkap_s73_A	nordkap	73	A	US	Core destroyed	129	v523	594	576	482	504	0	-4	0.0	0.9697	2	5	0	1	1	0		0	1	56	3	5	14	
nordkap_s73_B	nordkap	73	B	OPP	Core destroyed	142	v523	504	0	-4	0	0	500		0.0	6	23	0	0	0	0		0	0		3	5	6	
nordkap_s74_A	nordkap	74	A	US	Core destroyed	309	v523	1242	1224	482	504	0	-4	0.0	0.9855	2	5	0	1	1	0		0	1	69	4	5	11	
nordkap_s74_B	nordkap	74	B	US	Core destroyed	376	v523	0	0	500	504	0	-4	0.0		3	13	1	2	3	2	7	2	2	68	4	5	39	
nordkap_s75_A	nordkap	75	A	US	Core destroyed	104	v523	450	444	494	504	0	-4	0.0	0.9867	2	8	0	0	0	0		0	1	36	2	5	11	
nordkap_s75_B	nordkap	75	B	US	Core destroyed	325	v523	0	0	500	504	0	-4	0.0		3	8	0	4	4	2	7	2	2	53	3	5	38	
yulerune_s73_A	yulerune	73	A	OPP	Core destroyed	448	v523	504	0	-4	0	0	500		0.0	11	58	3	11	14	1	19	1	0		0		9	
yulerune_s73_B	yulerune	73	B	OPP	Core destroyed	247	v523	504	0	-4	0	0	500		0.0	12	35	7	5	12	1	19	1	0		0		14	
yulerune_s74_A	yulerune	74	A	US	Core destroyed	244	v523	0	0	500	504	0	-4	0.0		7	37	1	4	5	1	19	1	1	167	0		8	
yulerune_s74_B	yulerune	74	B	OPP	Core destroyed	217	v523	828	316	-12	0	0	500		0.3816	6	25	1	1	2	1	19	1	0		0		20	
yulerune_s75_A	yulerune	75	A	OPP	Core destroyed	459	v523	504	0	-4	0	0	500		0.0	17	67	8	13	21	2	19	3	0		0		10	
yulerune_s75_B	yulerune	75	B	OPP	Core destroyed	212	v523	504	0	-4	0	0	500		0.0	11	54	3	16	19	1	19	1	0		0		6	
atoll_s76_A	atoll	76	A	US	Core destroyed	250	v523	1296	1282	486	504	0	-4	0.0	0.9892	2	5	0	4	4	0		0	1	194	5	7	10	
atoll_s76_B	atoll	76	B	OPP	Core destroyed	400	v523	504	0	-4	0	0	500		0.0	5	14	0	1	1	2	210	2	0		2	7	2	
atoll_s77_A	atoll	77	A	US	Core destroyed	266	v523	432	432	500	504	0	-4	0.0	1.0	4	15	0	6	6	2	170	2	2	166	4	7	8	
atoll_s77_B	atoll	77	B	US	Core destroyed	118	v523	648	602	454	504	0	-4	0.0	0.929	3	12	0	1	1	0		0	1	62	4	7	13	
atoll_s78_A	atoll	78	A	US	Core destroyed	292	v523	0	0	500	810	304	-6	0.3753		5	16	0	3	3	0		0	3	217	6	7	12	
atoll_s78_B	atoll	78	B	OPP	Core destroyed	203	v523	1404	900	-4	0	0	500		0.641	3	12	0	1	1	0		2	0		3	7	8	
drakkarfjord_s76_A	drakkarfjord	76	A	US	Core destroyed	88	v523	0	0	500	504	0	-4	0.0		3	25	0	0	0	0		0	1	32	1	13	10	
drakkarfjord_s76_B	drakkarfjord	76	B	US	Core destroyed	144	v523	0	0	500	504	0	-4	0.0		3	19	0	0	0	0		0	1	88	1	13	17	
drakkarfjord_s77_A	drakkarfjord	77	A	US	Core destroyed	95	v523	0	0	500	504	0	-4	0.0		3	14	0	0	0	0		0	1	39	2	13	13	
drakkarfjord_s77_B	drakkarfjord	77	B	US	Core destroyed	101	v523	0	0	500	504	0	-4	0.0		2	9	0	0	0	0		0	1	45	1	13	18	
drakkarfjord_s78_A	drakkarfjord	78	A	US	Core destroyed	123	v523	0	0	500	648	140	-8	0.216		2	16	0	1	1	0		0	1	51	1	13	16	
drakkarfjord_s78_B	drakkarfjord	78	B	US	Titanium collected (tiebreak)	1000	v523	0	0	500	2196	2196	500	1.0		4	14	0	0	0	0		0	1	41	13	13	81	
glacierkeep_s76_A	glacierkeep	76	A	US	Core destroyed	142	v523	0	0	500	504	0	-4	0.0		2	16	0	0	0	0		1	1	80	2	9	12	
glacierkeep_s76_B	glacierkeep	76	B	OPP	Titanium stored (tiebreak)	1000	v523	0	0	500	0	0	500			4	28	0	0	0	0		2	0		2	9	96	
glacierkeep_s77_A	glacierkeep	77	A	US	Core destroyed	210	v523	0	0	500	504	0	-4	0.0		5	49	0	1	1	0		0	2	160	2	9	14	
glacierkeep_s77_B	glacierkeep	77	B	US	Core destroyed	217	v523	0	0	500	504	0	-4	0.0		4	23	0	0	0	0		0	1	108	3	9	12	
glacierkeep_s78_A	glacierkeep	78	A	US	Core destroyed	137	v523	0	0	500	504	0	-4	0.0		4	25	0	0	0	0		0	1	52	2	9	11	
glacierkeep_s78_B	glacierkeep	78	B	US	Core destroyed	132	v523	0	0	500	504	0	-4	0.0		3	17	0	0	0	0		0	1	76	2	9	16	
midgard_s76_A	midgard	76	A	OPP	Core destroyed	337	v523	504	0	-4	234	234	500	1.0	0.0	9	35	3	8	11	3	36	4	1	52	0		9	
midgard_s76_B	midgard	76	B	US	Core destroyed	236	v523	0	0	500	504	0	-4	0.0		11	47	5	14	19	3	38	4	1	180	0		11	
midgard_s77_A	midgard	77	A	US	Core destroyed	340	v523	0	0	500	504	0	-4	0.0		9	31	2	7	9	0		3	1	284	0		9	
midgard_s77_B	midgard	77	B	OPP	Core destroyed	177	v523	504	0	-4	198	198	500	1.0	0.0	10	42	2	3	5	1	33	1	1	46	0		17	
midgard_s78_A	midgard	78	A	US	Core destroyed	245	v523	0	0	500	504	0	-4	0.0		8	32	2	9	11	1	48	2	1	152	0		9	
midgard_s78_B	midgard	78	B	US	Core destroyed	335	v523	1062	1032	470	504	0	-4	0.0	0.9718	7	23	4	10	14	2	38	3	1	279	0		9	
nordkap_s76_A	nordkap	76	A	OPP	Core destroyed	641	v523	558	54	-4	0	0	500		0.0968	11	43	0	1	1	1	503	1	0		3	5	8	
nordkap_s76_B	nordkap	76	B	US	Core destroyed	816	v523	0	0	500	1098	598	0	0.5446		11	37	1	2	3	1	7	2	2	76	3	5	20	
nordkap_s77_A	nordkap	77	A	OPP	Core destroyed	204	v523	882	380	-2	648	328	180	0.5062	0.4308	9	38	0	0	0	0		0	1	112	3	5	13	
nordkap_s77_B	nordkap	77	B	US	Core destroyed	449	v523	900	900	500	2016	1508	-8	0.748	1.0	6	37	0	4	4	1	374	1	6	149	11	5	19	
nordkap_s78_A	nordkap	78	A	US	Core destroyed	353	v523	0	0	500	612	108	-4	0.1765		2	8	0	3	3	1	23	2	1	92	3	5	49	
nordkap_s78_B	nordkap	78	B	OPP	Core destroyed	311	v523	3150	2650	0	0	0	500		0.8413	9	37	1	1	2	1	9	1	0		2	5	6	
yulerune_s76_A	yulerune	76	A	OPP	Core destroyed	151	v523	504	0	-4	0	0	500		0.0	12	41	7	8	15	2	19	2	0		0		5	
yulerune_s76_B	yulerune	76	B	US	Core destroyed	249	v523	306	0	194	504	0	-4	0.0	0.0	5	24	2	6	8	1	23	1	1	156	0		9	
yulerune_s77_A	yulerune	77	A	OPP	Core destroyed	202	v523	504	0	-4	0	0	500		0.0	10	52	2	6	8	2	19	2	0		0		8	
yulerune_s77_B	yulerune	77	B	US	Core destroyed	525	v523	216	0	284	504	0	-4	0.0	0.0	7	44	1	14	15	1	24	1	1	428	0		10	
yulerune_s78_A	yulerune	78	A	US	Core destroyed	228	v523	0	0	500	504	0	-4	0.0		6	29	2	5	7	2	19	4	1	172	1	204	9	
yulerune_s78_B	yulerune	78	B	OPP	Core destroyed	255	v523	504	0	-4	0	0	500		0.0	10	62	0	6	6	1	19	1	0		0		7	
atoll_s79_A	atoll	79	A	US	Core destroyed	124	v523	90	90	500	504	0	-4	0.0	1.0	4	16	0	2	2	0		0	1	68	3	7	4	
atoll_s79_B	atoll	79	B	US	Titanium collected (tiebreak)	1000	v523	3942	3566	124	0	0	500		0.9046	6	63	0	49	49	1	332	7	0		2	7	8	
atoll_s80_A	atoll	80	A	US	Core destroyed	295	v523	0	0	500	1260	756	-4	0.6		4	12	0	2	2	0		0	2	93	3	7	16	
atoll_s80_B	atoll	80	B	OPP	Core destroyed	437	v523	504	0	-4	0	0	500		0.0	5	27	0	1	1	0		1	0		4	7	8	
atoll_s81_A	atoll	81	A	OPP	Core destroyed	268	v523	504	0	-4	0	0	500		0.0	5	16	0	0	0	0		2	0		3	7	6	
atoll_s81_B	atoll	81	B	US	Core destroyed	169	v523	0	0	500	504	0	-4	0.0		3	18	0	1	1	0		3	1	113	3	7	26	
drakkarfjord_s79_A	drakkarfjord	79	A	US	Core destroyed	88	v523	0	0	500	504	0	-4	0.0		3	22	0	0	0	0		0	1	32	1	13	10	
drakkarfjord_s79_B	drakkarfjord	79	B	US	Core destroyed	98	v523	0	0	500	504	0	-4	0.0		3	19	0	0	0	0		0	1	42	1	13	12	
drakkarfjord_s80_A	drakkarfjord	80	A	US	Core destroyed	879	v523	0	0	500	1260	754	-6	0.5984		9	99	0	0	0	0		2	2	33	4	13	20	
drakkarfjord_s80_B	drakkarfjord	80	B	US	Core destroyed	149	v523	0	0	500	504	0	-4	0.0		2	9	0	0	0	0		0	1	68	2	13	21	
drakkarfjord_s81_A	drakkarfjord	81	A	US	Core destroyed	88	v523	0	0	500	504	0	-4	0.0		3	22	0	0	0	0		0	1	32	1	13	10	
drakkarfjord_s81_B	drakkarfjord	81	B	US	Core destroyed	153	v523	0	0	500	504	0	-4	0.0		2	9	0	0	0	0		0	1	68	2	13	22	
glacierkeep_s79_A	glacierkeep	79	A	US	Core destroyed	112	v523	0	0	500	504	0	-4	0.0		3	17	0	0	0	0		0	1	52	2	9	11	
glacierkeep_s79_B	glacierkeep	79	B	OPP	Harvesters (tiebreak)	1000	v523	486	0	14	1602	1386	284	0.8652	0.0	8	68	0	0	0	0		1	2	81	3	9	37	
glacierkeep_s80_A	glacierkeep	80	A	US	Core destroyed	123	v523	0	0	500	504	0	-4	0.0		3	15	0	0	0	0		1	1	67	2	9	11	
glacierkeep_s80_B	glacierkeep	80	B	US	Core destroyed	256	v523	0	0	500	504	0	-4	0.0		3	24	0	0	0	0		0	1	200	2	9	27	
glacierkeep_s81_A	glacierkeep	81	A	US	Core destroyed	123	v523	0	0	500	504	0	-4	0.0		3	17	0	0	0	0		0	1	67	2	9	12	
glacierkeep_s81_B	glacierkeep	81	B	US	Core destroyed	217	v523	0	0	500	504	0	-4	0.0		3	23	0	0	0	0		0	1	108	3	9	12	
midgard_s79_A	midgard	79	A	OPP	Titanium collected (tiebreak)	1000	v523	0	0	500	2736	2736	500	1.0		8	37	1	4	5	1	34	2	1	49	0		32	
midgard_s79_B	midgard	79	B	US	Core destroyed	569	v523	0	0	500	504	0	-4	0.0		8	83	1	29	30	1	40	3	1	444	0		9	
midgard_s80_A	midgard	80	A	US	Core destroyed	605	v523	2304	2150	346	504	0	-4	0.0	0.9332	5	14	3	5	8	1	48	3	1	452	0		9	
midgard_s80_B	midgard	80	B	OPP	Core destroyed	301	v523	504	0	-4	0	0	500		0.0	7	33	2	9	11	2	34	4	0		0		9	
midgard_s81_A	midgard	81	A	OPP	Core destroyed	635	v523	504	0	-4	144	92	448	0.6389	0.0	9	36	2	3	5	1	45	3	1	308	0		10	
midgard_s81_B	midgard	81	B	OPP	Core destroyed	625	v523	504	0	-4	0	0	500		0.0	9	39	5	12	17	2	40	3	0		0		11	
nordkap_s79_A	nordkap	79	A	US	Titanium collected (tiebreak)	1000	v523	0	0	500	3168	3088	420	0.9747		7	31	1	4	5	2	480	2	2	68	11	5	24	
nordkap_s79_B	nordkap	79	B	US	Core destroyed	654	v523	1692	1692	500	504	0	-4	0.0	1.0	6	25	1	7	8	2	9	5	2	610	5	5	21	
nordkap_s80_A	nordkap	80	A	US	Core destroyed	117	v523	18	18	500	504	0	-4	0.0	1.0	3	9	0	1	1	0		0	1	61	3	5	17	
nordkap_s80_B	nordkap	80	B	OPP	Core destroyed	536	v523	504	0	-4	0	0	500		0.0	18	100	0	1	1	1	9	2	0		3	5	9	
nordkap_s81_A	nordkap	81	A	US	Core destroyed	108	v523	0	0	500	504	0	-4	0.0		3	8	0	1	1	0		1	1	51	2	5	14	
nordkap_s81_B	nordkap	81	B	US	Core destroyed	117	v523	0	0	500	504	0	-4	0.0		3	8	1	1	2	2	7	2	1	41	3	5	11	
yulerune_s79_A	yulerune	79	A	US	Core destroyed	533	v523	414	0	86	720	220	0	0.3056	0.0	8	40	2	7	9	2	20	2	3	268	0		14	
yulerune_s79_B	yulerune	79	B	OPP	Core destroyed	208	v523	504	0	-4	0	0	500		0.0	7	48	2	11	13	1	19	1	0		0		8	
yulerune_s80_A	yulerune	80	A	US	Core destroyed	212	v523	0	0	500	684	172	-12	0.2515		4	21	1	10	11	4	19	4	2	148	0		11	
yulerune_s80_B	yulerune	80	B	OPP	Core destroyed	213	v523	504	0	-4	0	0	500		0.0	6	27	1	8	9	1	24	2	0		0		6	
yulerune_s81_A	yulerune	81	A	US	Core destroyed	773	v523	2070	1936	366	504	0	-4	0.0	0.9353	6	22	2	6	8	1	19	2	1	620	0		9	
yulerune_s81_B	yulerune	81	B	OPP	Core destroyed	230	v523	504	0	-4	0	0	500		0.0	9	48	1	5	6	1	49	1	0		0		7	
atoll_s82_A	atoll	82	A	OPP	Core destroyed	157	v523	504	0	-4	0	0	500		0.0	4	17	0	2	2	1	17	2	0		3	7	2	
atoll_s82_B	atoll	82	B	OPP	Core destroyed	191	v523	828	324	-4	180	180	500	1.0	0.3913	4	20	0	0	0	0		2	2	130	2	7	5	
atoll_s83_A	atoll	83	A	US	Core destroyed	606	v523	0	0	500	2232	1732	0	0.776		3	12	0	5	5	2	351	5	2	384	3	7	49	
atoll_s83_B	atoll	83	B	US	Core destroyed	251	v523	1836	1818	482	1296	796	0	0.6142	0.9902	4	15	0	1	1	0		0	2	65	3	7	7	
atoll_s84_A	atoll	84	A	US	Core destroyed	370	v523	468	468	500	1044	540	-4	0.5172	1.0	4	16	0	0	0	0		0	2	76	5	7	42	
atoll_s84_B	atoll	84	B	OPP	Titanium collected (tiebreak)	1000	v523	54	54	500	0	0	500		1.0	5	15	0	0	0	0		0	0		4	7	8	
drakkarfjord_s82_A	drakkarfjord	82	A	US	Core destroyed	92	v523	0	0	500	504	0	-4	0.0		3	14	0	0	0	0		0	1	36	1	13	14	
drakkarfjord_s82_B	drakkarfjord	82	B	US	Core destroyed	101	v523	0	0	500	504	0	-4	0.0		2	9	0	0	0	0		0	1	45	1	13	18	
drakkarfjord_s83_A	drakkarfjord	83	A	US	Core destroyed	101	v523	0	0	500	504	0	-4	0.0		3	16	0	0	0	0		0	1	45	1	13	12	
drakkarfjord_s83_B	drakkarfjord	83	B	US	Core destroyed	600	v523	0	0	500	3708	3208	0	0.8652		4	17	0	0	0	0		0	1	40	1	13	22	
drakkarfjord_s84_A	drakkarfjord	84	A	US	Core destroyed	149	v523	0	0	500	756	252	-4	0.3333		3	21	0	1	1	0		0	1	65	3	13	17	
drakkarfjord_s84_B	drakkarfjord	84	B	US	Core destroyed	461	v523	0	0	500	1152	648	-4	0.5625		2	9	0	0	0	0		0	1	76	1	13	52	
glacierkeep_s82_A	glacierkeep	82	A	US	Core destroyed	151	v523	0	0	500	504	0	-4	0.0		3	20	0	0	0	0		1	1	67	2	9	11	
glacierkeep_s82_B	glacierkeep	82	B	US	Core destroyed	256	v523	0	0	500	504	0	-4	0.0		3	24	0	0	0	0		0	1	200	2	9	27	
glacierkeep_s83_A	glacierkeep	83	A	OPP	Titanium collected (tiebreak)	1000	v523	0	0	500	36	36	500	1.0		6	43	0	1	1	0		5	1	112	3	9	11	
glacierkeep_s83_B	glacierkeep	83	B	US	Titanium collected (tiebreak)	1000	v523	0	0	500	1494	1494	500	1.0		4	23	0	0	0	0		0	1	68	2	9	95	
glacierkeep_s84_A	glacierkeep	84	A	US	Core destroyed	124	v523	0	0	500	504	0	-4	0.0		3	14	0	0	0	0		0	1	68	2	9	12	
glacierkeep_s84_B	glacierkeep	84	B	US	Core destroyed	288	v523	0	0	500	504	0	-4	0.0		3	26	0	0	0	0		0	1	232	2	9	30	
midgard_s82_A	midgard	82	A	US	Core destroyed	201	v523	0	0	500	504	0	-4	0.0		7	38	4	4	8	2	34	2	2	150	0		10	
midgard_s82_B	midgard	82	B	US	Core destroyed	220	v523	468	468	500	504	0	-4	0.0	1.0	6	17	4	7	11	2	38	3	1	164	0		9	
midgard_s83_A	midgard	83	A	US	Core destroyed	170	v523	0	0	500	504	0	-4	0.0		8	33	1	12	13	1	48	3	2	129	0		9	
midgard_s83_B	midgard	83	B	OPP	Core destroyed	208	v523	504	0	-4	828	828	500	1.0	0.0	7	38	2	7	9	2	34	2	1	52	0		7	
midgard_s84_A	midgard	84	A	US	Core destroyed	204	v523	0	0	500	504	0	-4	0.0		6	30	1	5	6	1	37	1	1	148	0		10	
midgard_s84_B	midgard	84	B	OPP	Core destroyed	212	v523	504	0	-4	0	0	500		0.0	13	28	8	10	18	1	44	2	0		0		7	
nordkap_s82_A	nordkap	82	A	US	Core destroyed	210	v523	0	0	500	630	124	-6	0.1968		3	11	0	1	1	0		0	2	171	2	5	21	
nordkap_s82_B	nordkap	82	B	US	Core destroyed	358	v523	90	90	500	504	0	-4	0.0	1.0	6	18	0	2	2	0		0	1	302	4	5	10	
nordkap_s83_A	nordkap	83	A	OPP	Core destroyed	641	v523	558	54	-4	0	0	500		0.0968	11	43	0	1	1	1	503	1	0		3	5	8	
nordkap_s83_B	nordkap	83	B	OPP	Core destroyed	293	v523	558	54	-4	0	0	500		0.0968	12	52	1	3	4	0		1	0		6	5	7	
nordkap_s84_A	nordkap	84	A	US	Core destroyed	641	v523	180	176	496	504	0	-4	0.0	0.9778	9	31	2	1	3	0		4	2	589	7	5	8	
nordkap_s84_B	nordkap	84	B	OPP	Core destroyed	248	v523	504	0	-4	0	0	500		0.0	14	67	3	3	6	1	9	2	0		2	5	8	
yulerune_s82_A	yulerune	82	A	US	Core destroyed	626	v523	576	576	500	504	0	-4	0.0	1.0	5	26	1	10	11	1	19	4	1	570	0		9	
yulerune_s82_B	yulerune	82	B	OPP	Core destroyed	233	v523	504	0	-4	0	0	500		0.0	14	64	6	11	17	2	19	2	0		0		7	
yulerune_s83_A	yulerune	83	A	US	Core destroyed	150	v523	0	0	500	504	0	-4	0.0		7	27	3	12	15	1	19	1	2	97	0		8	
yulerune_s83_B	yulerune	83	B	OPP	Core destroyed	222	v523	504	0	-4	0	0	500		0.0	12	43	8	7	15	2	19	2	0		0		7	
yulerune_s84_A	yulerune	84	A	US	Core destroyed	221	v523	0	0	500	504	0	-4	0.0		7	23	1	7	8	1	20	1	1	165	0		8	
yulerune_s84_B	yulerune	84	B	OPP	Core destroyed	222	v523	504	0	-4	0	0	500		0.0	12	43	8	7	15	2	19	2	0		0		7	
atoll_s85_A	atoll	85	A	US	Core destroyed	116	v523	0	0	500	504	0	-4	0.0		3	11	0	2	2	0		0	1	60	3	7	8	
atoll_s85_B	atoll	85	B	US	Core destroyed	127	v523	594	500	406	504	0	-4	0.0	0.8418	3	12	0	1	1	0		0	1	66	4	7	14	
atoll_s86_A	atoll	86	A	OPP	Core destroyed	293	v523	936	436	0	0	0	500		0.4658	4	16	0	2	2	0		2	0		2	7	6	
atoll_s86_B	atoll	86	B	OPP	Core destroyed	362	v523	504	0	-4	0	0	500		0.0	3	6	0	1	1	0		1	0		5	7	8	
atoll_s87_A	atoll	87	A	US	Core destroyed	551	v523	0	0	500	3690	3190	0	0.8645		2	4	1	3	4	0		1	1	68	2	7	6	
atoll_s87_B	atoll	87	B	US	Core destroyed	314	v523	1206	1206	500	1422	914	-8	0.6428	1.0	3	13	1	3	4	0		0	1	62	3	7	13	
drakkarfjord_s85_A	drakkarfjord	85	A	US	Core destroyed	88	v523	0	0	500	504	0	-4	0.0		3	22	0	0	0	0		0	1	32	1	13	10	
drakkarfjord_s85_B	drakkarfjord	85	B	US	Core destroyed	101	v523	0	0	500	504	0	-4	0.0		2	9	0	0	0	0		0	1	45	1	13	18	
drakkarfjord_s86_A	drakkarfjord	86	A	OPP	Titanium collected (tiebreak)	1000	v523	0	0	500	522	522	500	1.0		10	150	0	1	1	0		0	1	81	9	13	27	
drakkarfjord_s86_B	drakkarfjord	86	B	US	Core destroyed	128	v523	0	0	500	504	0	-4	0.0		3	17	0	0	0	0		0	1	72	1	13	13	
drakkarfjord_s87_A	drakkarfjord	87	A	US	Core destroyed	92	v523	0	0	500	504	0	-4	0.0		3	14	0	0	0	0		0	1	36	1	13	14	
drakkarfjord_s87_B	drakkarfjord	87	B	US	Core destroyed	122	v523	0	0	500	738	232	-6	0.3144		3	14	0	0	0	0		0	1	40	1	13	12	
glacierkeep_s85_A	glacierkeep	85	A	US	Core destroyed	427	v523	0	0	500	504	0	-4	0.0		6	44	0	1	1	0		2	4	112	5	9	11	
glacierkeep_s85_B	glacierkeep	85	B	US	Core destroyed	133	v523	0	0	500	504	0	-4	0.0		3	17	0	0	0	0		0	1	76	2	9	16	
glacierkeep_s86_A	glacierkeep	86	A	US	Core destroyed	189	v523	0	0	500	504	0	-4	0.0		4	23	0	0	0	0		1	1	68	2	9	11	
glacierkeep_s86_B	glacierkeep	86	B	OPP	Core destroyed	768	v523	504	0	-4	18	18	500	1.0	0.0	7	70	0	0	0	0		1	1	124	3	9	21	
glacierkeep_s87_A	glacierkeep	87	A	US	Core destroyed	108	v523	0	0	500	504	0	-4	0.0		4	26	0	0	0	0		0	1	52	2	9	11	
glacierkeep_s87_B	glacierkeep	87	B	US	Core destroyed	325	v523	0	0	500	504	0	-4	0.0		7	47	0	0	0	0		1	1	192	2	9	15	
midgard_s85_A	midgard	85	A	US	Core destroyed	157	v523	558	540	482	504	0	-4	0.0	0.9677	7	30	3	5	8	3	34	3	2	105	0		10	
midgard_s85_B	midgard	85	B	OPP	Core destroyed	341	v523	846	342	-4	1530	1422	392	0.9294	0.4043	5	20	2	9	11	2	40	3	1	47	0		5	
midgard_s86_A	midgard	86	A	OPP	Core destroyed	245	v523	504	0	-4	0	0	500		0.0	7	19	5	7	12	3	39	4	0		0		19	
midgard_s86_B	midgard	86	B	OPP	Core destroyed	151	v523	504	0	-4	0	0	500		0.0	10	23	7	8	15	2	38	4	0		0		6	
midgard_s87_A	midgard	87	A	US	Core destroyed	422	v523	0	0	500	504	0	-4	0.0		9	53	2	22	24	2	34	8	1	366	0		10	
midgard_s87_B	midgard	87	B	US	Titanium collected (tiebreak)	1000	v523	0	0	500	0	0	500			7	20	3	7	10	3	34	4	0		0		11	
nordkap_s85_A	nordkap	85	A	US	Core destroyed	104	v523	450	448	498	504	0	-4	0.0	0.9956	2	8	0	0	0	0		0	1	36	2	5	11	
nordkap_s85_B	nordkap	85	B	US	Core destroyed	262	v523	540	540	500	504	0	-4	0.0	1.0	8	25	2	1	3	2	242	4	6	156	5	5	9	
nordkap_s86_A	nordkap	86	A	US	Titanium collected (tiebreak)	1000	v523	0	0	500	3168	3088	420	0.9747		7	31	1	4	5	2	480	2	2	68	11	5	24	
nordkap_s86_B	nordkap	86	B	US	Core destroyed	130	v523	990	946	456	504	0	-4	0.0	0.9556	2	5	0	0	0	0		0	2	80	4	5	7	
nordkap_s87_A	nordkap	87	A	OPP	Core destroyed	385	v523	576	72	-4	252	0	248	0.0	0.125	5	11	0	1	1	1	132	1	1	56	3	5	10	
nordkap_s87_B	nordkap	87	B	OPP	Core destroyed	427	v523	612	100	-12	198	198	500	1.0	0.1634	16	54	6	3	9	4	9	5	3	109	11	5	16	
yulerune_s85_A	yulerune	85	A	US	Core destroyed	172	v523	450	252	302	504	0	-4	0.0	0.56	5	17	3	6	9	2	19	2	1	116	0		9	
yulerune_s85_B	yulerune	85	B	US	Core destroyed	274	v523	0	0	500	1044	544	0	0.5211		4	19	0	4	4	1	19	1	1	158	0		8	
yulerune_s86_A	yulerune	86	A	US	Core destroyed	483	v523	0	0	500	954	452	-2	0.4738		8	38	1	10	11	2	28	3	1	362	0		12	
yulerune_s86_B	yulerune	86	B	OPP	Core destroyed	197	v523	504	0	-4	0	0	500		0.0	8	31	4	6	10	1	19	1	0		0		6	
yulerune_s87_A	yulerune	87	A	OPP	Core destroyed	402	v523	504	0	-4	0	0	500		0.0	11	76	1	17	18	2	28	3	0		0		23	
yulerune_s87_B	yulerune	87	B	OPP	Core destroyed	170	v523	504	0	-4	0	0	500		0.0	6	24	1	9	10	1	23	1	0		0		15	
atoll_s88_A	atoll	88	A	OPP	Core destroyed	229	v523	864	356	-8	0	0	500		0.412	4	18	0	1	1	0		2	0		2	7	7	
atoll_s88_B	atoll	88	B	US	Core destroyed	425	v523	1170	1170	500	3366	2864	-2	0.8509	1.0	3	11	0	3	3	0		0	2	60	2	7	12	
atoll_s89_A	atoll	89	A	US	Core destroyed	143	v523	0	0	500	504	0	-4	0.0		4	12	0	3	3	0		0	1	84	2	7	12	
atoll_s89_B	atoll	89	B	US	Core destroyed	169	v523	0	0	500	882	380	-2	0.4308		3	12	0	1	1	0		0	1	71	3	7	35	
atoll_s90_A	atoll	90	A	US	Core destroyed	455	v523	1710	1700	490	1134	632	-2	0.5573	0.9942	5	15	0	2	2	0		2	1	288	6	7	8	
atoll_s90_B	atoll	90	B	OPP	Titanium collected (tiebreak)	1000	v523	108	108	500	0	0	500		1.0	4	16	0	0	0	0		3	0		8	7	5	
drakkarfjord_s88_A	drakkarfjord	88	A	US	Core destroyed	100	v523	0	0	500	504	0	-4	0.0		2	16	0	0	0	0		0	1	41	1	13	12	
drakkarfjord_s88_B	drakkarfjord	88	B	US	Core destroyed	121	v523	0	0	500	504	0	-4	0.0		3	19	0	1	1	0		0	1	65	2	13	19	
drakkarfjord_s89_A	drakkarfjord	89	A	US	Core destroyed	174	v523	0	0	500	630	128	-2	0.2032		2	18	0	2	2	0		0	1	104	2	13	24	
drakkarfjord_s89_B	drakkarfjord	89	B	OPP	Core destroyed	521	v523	504	0	-4	2178	1820	142	0.8356	0.0	4	20	0	0	0	0		0	1	60	2	13	10	
drakkarfjord_s90_A	drakkarfjord	90	A	US	Core destroyed	92	v523	0	0	500	504	0	-4	0.0		3	15	0	0	0	0		0	1	36	1	13	12	
drakkarfjord_s90_B	drakkarfjord	90	B	US	Core destroyed	122	v523	0	0	500	738	232	-6	0.3144		3	14	0	0	0	0		0	1	40	1	13	12	
glacierkeep_s88_A	glacierkeep	88	A	US	Core destroyed	143	v523	0	0	500	504	0	-4	0.0		4	19	0	0	0	0		0	1	77	2	9	8	
glacierkeep_s88_B	glacierkeep	88	B	US	Core destroyed	353	v523	0	0	500	504	0	-4	0.0		3	27	0	0	0	0		0	1	297	3	9	42	
glacierkeep_s89_A	glacierkeep	89	A	US	Core destroyed	143	v523	0	0	500	504	0	-4	0.0		4	19	0	0	0	0		0	1	77	2	9	8	
glacierkeep_s89_B	glacierkeep	89	B	US	Core destroyed	337	v523	0	0	500	504	0	-4	0.0		2	18	0	0	0	0		0	1	281	3	9	42	
glacierkeep_s90_A	glacierkeep	90	A	OPP	Core destroyed	413	v523	504	0	-4	0	0	500		0.0	16	133	0	0	0	0		2	0		2	9	8	
glacierkeep_s90_B	glacierkeep	90	B	US	Core destroyed	217	v523	0	0	500	504	0	-4	0.0		3	23	0	0	0	0		0	1	108	3	9	12	
midgard_s88_A	midgard	88	A	US	Core destroyed	505	v523	1854	1544	190	504	0	-4	0.0	0.8328	7	33	2	7	9	2	34	2	1	352	0		8	
midgard_s88_B	midgard	88	B	OPP	Core destroyed	157	v523	576	72	-4	0	0	500		0.125	9	22	4	5	9	1	34	2	0		0		7	
midgard_s89_A	midgard	89	A	US	Titanium collected (tiebreak)	1000	v523	0	0	500	0	0	500			7	17	1	6	7	1	43	5	0		0		10	
midgard_s89_B	midgard	89	B	OPP	Core destroyed	769	v523	504	0	-4	0	0	500		0.0	9	37	5	11	16	2	40	6	0		0		9	
midgard_s90_A	midgard	90	A	OPP	Titanium collected (tiebreak)	1000	v523	0	0	500	0	0	500			6	16	3	3	6	2	36	2	0		0		26	
midgard_s90_B	midgard	90	B	OPP	Core destroyed	300	v523	504	0	-4	0	0	500		0.0	13	43	6	14	20	2	38	3	0		0		9	
nordkap_s88_A	nordkap	88	A	OPP	Core destroyed	604	v523	774	270	-4	1170	1058	388	0.9043	0.3488	8	33	0	1	1	1	17	1	4	44	4	5	13	
nordkap_s88_B	nordkap	88	B	US	Core destroyed	173	v523	918	900	482	504	0	-4	0.0	0.9804	3	9	2	5	7	1	7	1	1	100	3	5	11	
nordkap_s89_A	nordkap	89	A	US	Core destroyed	538	v523	0	0	500	504	0	-4	0.0		6	22	2	2	4	2	141	3	2	500	8	5	9	
nordkap_s89_B	nordkap	89	B	US	Core destroyed	269	v523	432	36	104	504	0	-4	0.0	0.0833	4	14	1	3	4	1	9	1	1	160	2	5	11	
nordkap_s90_A	nordkap	90	A	US	Core destroyed	558	v523	450	0	50	3546	3042	-4	0.8579	0.0	7	28	1	8	9	4	437	4	4	55	10	5	22	
nordkap_s90_B	nordkap	90	B	OPP	Titanium collected (tiebreak)	1000	v523	8406	8406	500	0	0	500		1.0	6	9	2	3	5	1	7	1	0		3	5	7	
yulerune_s88_A	yulerune	88	A	OPP	Core destroyed	397	v523	504	0	-4	360	0	140	0.0	0.0	7	36	2	11	13	2	20	2	1	336	0		11	
yulerune_s88_B	yulerune	88	B	OPP	Core destroyed	369	v523	504	0	-4	0	0	500		0.0	5	23	2	10	12	1	19	1	0		0		9	
yulerune_s89_A	yulerune	89	A	US	Core destroyed	228	v523	738	738	500	504	0	-4	0.0	1.0	6	23	4	6	10	2	19	3	1	172	0		10	
yulerune_s89_B	yulerune	89	B	OPP	Core destroyed	279	v523	504	0	-4	0	0	500		0.0	15	65	7	8	15	1	19	1	0		0		12	
yulerune_s90_A	yulerune	90	A	US	Titanium collected (tiebreak)	1000	v523	1638	1638	500	0	0	500		1.0	9	72	1	32	33	2	28	5	0		0		11	
yulerune_s90_B	yulerune	90	B	OPP	Core destroyed	717	v523	504	0	-4	1872	1832	460	0.9786	0.0	5	33	2	9	11	2	19	2	1	267	0		26	
