tag	map	seed	seat	arm	ours	winner	cond	turn	tracebacks	ours_mined	opp_mined
v527_atoll_s1_A	atoll	1	A	v527	US	_v527collar	Core destroyed	458	0	2830	3800
parent_atoll_s1_A	atoll	1	A	parent	OPP	_v488beltbreak2	Titanium collected (tiebreak)	1000	0	3860	5010
flagoff_atoll_s1_A	atoll	1	A	flagoff	OPP	_v488beltbreak2	Core destroyed	190	0	220	1350
v527_atoll_s1_B	atoll	1	B	v527	US	_v527collar	Core destroyed	191	0	920	500
parent_atoll_s1_B	atoll	1	B	parent	US	parent_arm	Core destroyed	356	0	1750	1750
flagoff_atoll_s1_B	atoll	1	B	flagoff	US	flagoff_arm	Titanium collected (tiebreak)	1000	0	5330	2530
v527_atoll_s2_A	atoll	2	A	v527	US	_v527collar	Core destroyed	364	0	1790	60
parent_atoll_s2_A	atoll	2	A	parent	US	parent_arm	Core destroyed	768	0	4790	3790
flagoff_atoll_s2_A	atoll	2	A	flagoff	US	flagoff_arm	Titanium collected (tiebreak)	1000	0	4970	4630
v527_atoll_s2_B	atoll	2	B	v527	US	_v527collar	Core destroyed	449	0	3010	2210
parent_atoll_s2_B	atoll	2	B	parent	OPP	_v488beltbreak2	Titanium collected (tiebreak)	1000	0	2590	3190
flagoff_atoll_s2_B	atoll	2	B	flagoff	OPP	_v488beltbreak2	Core destroyed	243	0	270	2290
v527_drakkarfjord_s1_A	drakkarfjord	1	A	v527	US	_v527collar	Core destroyed	106	0	410	0
parent_drakkarfjord_s1_A	drakkarfjord	1	A	parent	US	parent_arm	Core destroyed	90	0	280	0
flagoff_drakkarfjord_s1_A	drakkarfjord	1	A	flagoff	US	flagoff_arm	Core destroyed	99	0	390	0
v527_drakkarfjord_s1_B	drakkarfjord	1	B	v527	US	_v527collar	Core destroyed	361	0	1580	0
parent_drakkarfjord_s1_B	drakkarfjord	1	B	parent	US	parent_arm	Core destroyed	101	0	280	0
flagoff_drakkarfjord_s1_B	drakkarfjord	1	B	flagoff	US	flagoff_arm	Core destroyed	101	0	280	0
v527_drakkarfjord_s2_A	drakkarfjord	2	A	v527	OPP	_v488beltbreak2	Core destroyed	458	0	390	5110
parent_drakkarfjord_s2_A	drakkarfjord	2	A	parent	US	parent_arm	Core destroyed	404	0	410	160
flagoff_drakkarfjord_s2_A	drakkarfjord	2	A	flagoff	US	flagoff_arm	Core destroyed	121	0	500	0
v527_drakkarfjord_s2_B	drakkarfjord	2	B	v527	US	_v527collar	Core destroyed	461	0	420	0
parent_drakkarfjord_s2_B	drakkarfjord	2	B	parent	US	parent_arm	Core destroyed	101	0	280	0
flagoff_drakkarfjord_s2_B	drakkarfjord	2	B	flagoff	US	flagoff_arm	Core destroyed	101	0	280	0
v527_glacierkeep_s1_A	glacierkeep	1	A	v527	US	_v527collar	Core destroyed	165	0	350	0
parent_glacierkeep_s1_A	glacierkeep	1	A	parent	US	parent_arm	Core destroyed	195	0	430	0
flagoff_glacierkeep_s1_A	glacierkeep	1	A	flagoff	OPP	_v488beltbreak2	Core destroyed	884	0	220	5540
v527_glacierkeep_s1_B	glacierkeep	1	B	v527	US	_v527collar	Core destroyed	217	0	0	0
parent_glacierkeep_s1_B	glacierkeep	1	B	parent	US	parent_arm	Core destroyed	617	0	0	0
flagoff_glacierkeep_s1_B	glacierkeep	1	B	flagoff	OPP	_v488beltbreak2	Harvesters (tiebreak)	1000	0	0	0
v527_glacierkeep_s2_A	glacierkeep	2	A	v527	US	_v527collar	Core destroyed	129	0	180	0
parent_glacierkeep_s2_A	glacierkeep	2	A	parent	US	parent_arm	Core destroyed	166	0	470	0
flagoff_glacierkeep_s2_A	glacierkeep	2	A	flagoff	US	flagoff_arm	Core destroyed	123	0	330	0
v527_glacierkeep_s2_B	glacierkeep	2	B	v527	US	_v527collar	Core destroyed	617	0	0	0
parent_glacierkeep_s2_B	glacierkeep	2	B	parent	OPP	_v488beltbreak2	Core destroyed	889	0	0	0
flagoff_glacierkeep_s2_B	glacierkeep	2	B	flagoff	US	flagoff_arm	Core destroyed	353	0	370	0
v527_nordkap_s1_A	nordkap	1	A	v527	US	_v527collar	Core destroyed	108	0	420	60
parent_nordkap_s1_A	nordkap	1	A	parent	US	parent_arm	Core destroyed	144	0	380	120
flagoff_nordkap_s1_A	nordkap	1	A	flagoff	US	flagoff_arm	Core destroyed	256	0	440	100
v527_nordkap_s1_B	nordkap	1	B	v527	OPP	_v488beltbreak2	Titanium collected (tiebreak)	1000	0	90	2480
parent_nordkap_s1_B	nordkap	1	B	parent	US	parent_arm	Core destroyed	117	0	270	10
flagoff_nordkap_s1_B	nordkap	1	B	flagoff	US	flagoff_arm	Core destroyed	161	0	90	470
v527_nordkap_s2_A	nordkap	2	A	v527	US	_v527collar	Core destroyed	129	0	300	90
parent_nordkap_s2_A	nordkap	2	A	parent	US	parent_arm	Core destroyed	181	0	450	60
flagoff_nordkap_s2_A	nordkap	2	A	flagoff	US	flagoff_arm	Core destroyed	134	0	310	90
v527_nordkap_s2_B	nordkap	2	B	v527	OPP	_v488beltbreak2	Titanium collected (tiebreak)	1000	0	70	410
parent_nordkap_s2_B	nordkap	2	B	parent	OPP	_v488beltbreak2	Core destroyed	365	0	320	4270
flagoff_nordkap_s2_B	nordkap	2	B	flagoff	OPP	_v488beltbreak2	Titanium collected (tiebreak)	1000	0	70	410
v527_yulerune_s1_A	yulerune	1	A	v527	US	_v527collar	Core destroyed	91	0	250	0
parent_yulerune_s1_A	yulerune	1	A	parent	US	parent_arm	Core destroyed	109	0	190	0
flagoff_yulerune_s1_A	yulerune	1	A	flagoff	US	flagoff_arm	Core destroyed	93	0	220	0
v527_yulerune_s1_B	yulerune	1	B	v527	US	_v527collar	Core destroyed	93	0	160	0
parent_yulerune_s1_B	yulerune	1	B	parent	OPP	_v488beltbreak2	Titanium collected (tiebreak)	1000	0	210	2160
flagoff_yulerune_s1_B	yulerune	1	B	flagoff	US	flagoff_arm	Core destroyed	84	0	210	0
v527_yulerune_s2_A	yulerune	2	A	v527	US	_v527collar	Core destroyed	90	0	490	0
parent_yulerune_s2_A	yulerune	2	A	parent	US	parent_arm	Core destroyed	91	0	250	0
flagoff_yulerune_s2_A	yulerune	2	A	flagoff	OPP	_v488beltbreak2	Core destroyed	733	0	250	2930
v527_yulerune_s2_B	yulerune	2	B	v527	US	_v527collar	Core destroyed	226	0	2840	0
parent_yulerune_s2_B	yulerune	2	B	parent	US	parent_arm	Core destroyed	85	0	170	0
flagoff_yulerune_s2_B	yulerune	2	B	flagoff	US	flagoff_arm	Core destroyed	155	0	250	0
v527_antler_s1_A	antler	1	A	v527	US	_v527collar	Core destroyed	401	0	3020	1130
parent_antler_s1_A	antler	1	A	parent	US	parent_arm	Core destroyed	133	0	900	1040
flagoff_antler_s1_A	antler	1	A	flagoff	US	flagoff_arm	Core destroyed	227	0	1110	1470
v527_antler_s1_B	antler	1	B	v527	US	_v527collar	Core destroyed	308	0	1440	370
parent_antler_s1_B	antler	1	B	parent	US	parent_arm	Core destroyed	109	0	510	100
flagoff_antler_s1_B	antler	1	B	flagoff	OPP	_v488beltbreak2	Titanium collected (tiebreak)	1000	0	2480	7300
v527_antler_s2_A	antler	2	A	v527	US	_v527collar	Core destroyed	231	0	1160	840
parent_antler_s2_A	antler	2	A	parent	OPP	_v488beltbreak2	Core destroyed	154	0	1090	740
flagoff_antler_s2_A	antler	2	A	flagoff	OPP	_v488beltbreak2	Core destroyed	112	0	500	1060
v527_antler_s2_B	antler	2	B	v527	US	_v527collar	Core destroyed	116	0	490	180
parent_antler_s2_B	antler	2	B	parent	OPP	_v488beltbreak2	Core destroyed	247	0	1760	1140
flagoff_antler_s2_B	antler	2	B	flagoff	OPP	_v488beltbreak2	Core destroyed	233	0	640	1970
v527_fjordgate_s1_A	fjordgate	1	A	v527	OPP	_v488beltbreak2	Core destroyed	180	0	60	830
parent_fjordgate_s1_A	fjordgate	1	A	parent	OPP	_v488beltbreak2	Core destroyed	416	0	1060	3920
flagoff_fjordgate_s1_A	fjordgate	1	A	flagoff	US	flagoff_arm	Core destroyed	608	0	1540	60
v527_fjordgate_s1_B	fjordgate	1	B	v527	US	_v527collar	Core destroyed	150	0	690	300
parent_fjordgate_s1_B	fjordgate	1	B	parent	US	parent_arm	Core destroyed	247	0	1430	0
flagoff_fjordgate_s1_B	fjordgate	1	B	flagoff	US	flagoff_arm	Core destroyed	233	0	1000	570
v527_fjordgate_s2_A	fjordgate	2	A	v527	US	_v527collar	Core destroyed	249	0	1460	370
parent_fjordgate_s2_A	fjordgate	2	A	parent	US	parent_arm	Core destroyed	400	0	1290	480
flagoff_fjordgate_s2_A	fjordgate	2	A	flagoff	US	flagoff_arm	Core destroyed	448	0	2200	230
v527_fjordgate_s2_B	fjordgate	2	B	v527	US	_v527collar	Core destroyed	228	0	1050	550
parent_fjordgate_s2_B	fjordgate	2	B	parent	US	parent_arm	Core destroyed	233	0	570	350
flagoff_fjordgate_s2_B	fjordgate	2	B	flagoff	US	flagoff_arm	Core destroyed	281	0	1360	330
v527_midgard_s1_A	midgard	1	A	v527	OPP	_v488beltbreak2	Core destroyed	390	0	680	1500
parent_midgard_s1_A	midgard	1	A	parent	US	parent_arm	Titanium collected (tiebreak)	1000	0	780	630
flagoff_midgard_s1_A	midgard	1	A	flagoff	US	flagoff_arm	Core destroyed	201	0	780	720
v527_midgard_s1_B	midgard	1	B	v527	US	_v527collar	Core destroyed	473	0	700	780
parent_midgard_s1_B	midgard	1	B	parent	US	parent_arm	Core destroyed	678	0	610	800
flagoff_midgard_s1_B	midgard	1	B	flagoff	US	flagoff_arm	Core destroyed	173	0	980	590
v527_midgard_s2_A	midgard	2	A	v527	OPP	_v488beltbreak2	Core destroyed	165	0	700	1070
parent_midgard_s2_A	midgard	2	A	parent	OPP	_v488beltbreak2	Core destroyed	201	0	820	1020
flagoff_midgard_s2_A	midgard	2	A	flagoff	US	flagoff_arm	Core destroyed	300	0	1370	580
v527_midgard_s2_B	midgard	2	B	v527	OPP	_v488beltbreak2	Core destroyed	257	0	590	440
parent_midgard_s2_B	midgard	2	B	parent	US	parent_arm	Core destroyed	993	0	650	790
flagoff_midgard_s2_B	midgard	2	B	flagoff	US	flagoff_arm	Core destroyed	169	0	1160	570
v527_atoll_s3_A	atoll	3	A	v527	OPP	_v488beltbreak2	Core destroyed	179	0	790	830
parent_atoll_s3_A	atoll	3	A	parent	US	parent_arm	Core destroyed	272	0	1330	670
flagoff_atoll_s3_A	atoll	3	A	flagoff	OPP	_v488beltbreak2	Core destroyed	229	0	340	1100
v527_atoll_s3_B	atoll	3	B	v527	US	_v527collar	Core destroyed	142	0	680	430
parent_atoll_s3_B	atoll	3	B	parent	OPP	_v488beltbreak2	Core destroyed	549	0	1480	2710
flagoff_atoll_s3_B	atoll	3	B	flagoff	US	flagoff_arm	Core destroyed	558	0	1720	3060
v527_atoll_s4_A	atoll	4	A	v527	US	_v527collar	Core destroyed	234	0	1140	650
parent_atoll_s4_A	atoll	4	A	parent	US	parent_arm	Core destroyed	137	0	650	210
flagoff_atoll_s4_A	atoll	4	A	flagoff	US	flagoff_arm	Core destroyed	237	0	730	160
v527_atoll_s4_B	atoll	4	B	v527	OPP	_v488beltbreak2	Core destroyed	358	0	460	950
parent_atoll_s4_B	atoll	4	B	parent	OPP	_v488beltbreak2	Core destroyed	539	0	1460	3360
flagoff_atoll_s4_B	atoll	4	B	flagoff	OPP	_v488beltbreak2	Core destroyed	306	0	340	820
v527_drakkarfjord_s3_A	drakkarfjord	3	A	v527	US	_v527collar	Core destroyed	353	0	310	0
parent_drakkarfjord_s3_A	drakkarfjord	3	A	parent	US	parent_arm	Core destroyed	88	0	270	0
flagoff_drakkarfjord_s3_A	drakkarfjord	3	A	flagoff	US	flagoff_arm	Core destroyed	141	0	670	80
v527_drakkarfjord_s3_B	drakkarfjord	3	B	v527	US	_v527collar	Core destroyed	265	0	1040	0
parent_drakkarfjord_s3_B	drakkarfjord	3	B	parent	US	parent_arm	Titanium collected (tiebreak)	1000	0	340	0
flagoff_drakkarfjord_s3_B	drakkarfjord	3	B	flagoff	US	flagoff_arm	Core destroyed	431	0	3460	0
v527_drakkarfjord_s4_A	drakkarfjord	4	A	v527	US	_v527collar	Titanium collected (tiebreak)	1000	0	660	190
parent_drakkarfjord_s4_A	drakkarfjord	4	A	parent	US	parent_arm	Core destroyed	106	0	410	0
flagoff_drakkarfjord_s4_A	drakkarfjord	4	A	flagoff	US	flagoff_arm	Core destroyed	100	0	430	0
v527_drakkarfjord_s4_B	drakkarfjord	4	B	v527	US	_v527collar	Core destroyed	518	0	2530	0
parent_drakkarfjord_s4_B	drakkarfjord	4	B	parent	US	parent_arm	Core destroyed	98	0	300	0
flagoff_drakkarfjord_s4_B	drakkarfjord	4	B	flagoff	US	flagoff_arm	Core destroyed	98	0	320	0
v527_glacierkeep_s3_A	glacierkeep	3	A	v527	US	_v527collar	Core destroyed	162	0	350	130
parent_glacierkeep_s3_A	glacierkeep	3	A	parent	US	parent_arm	Core destroyed	355	0	2440	150
flagoff_glacierkeep_s3_A	glacierkeep	3	A	flagoff	US	flagoff_arm	Core destroyed	143	0	590	0
v527_glacierkeep_s3_B	glacierkeep	3	B	v527	US	_v527collar	Core destroyed	617	0	0	0
parent_glacierkeep_s3_B	glacierkeep	3	B	parent	OPP	_v488beltbreak2	Titanium collected (tiebreak)	1000	0	290	1430
flagoff_glacierkeep_s3_B	glacierkeep	3	B	flagoff	US	flagoff_arm	Core destroyed	477	0	0	0
v527_glacierkeep_s4_A	glacierkeep	4	A	v527	US	_v527collar	Core destroyed	141	0	150	0
parent_glacierkeep_s4_A	glacierkeep	4	A	parent	US	parent_arm	Core destroyed	183	0	400	0
flagoff_glacierkeep_s4_A	glacierkeep	4	A	flagoff	OPP	_v488beltbreak2	Core destroyed	591	0	1120	5680
v527_glacierkeep_s4_B	glacierkeep	4	B	v527	US	_v527collar	Core destroyed	123	0	320	0
parent_glacierkeep_s4_B	glacierkeep	4	B	parent	US	parent_arm	Core destroyed	123	0	320	0
flagoff_glacierkeep_s4_B	glacierkeep	4	B	flagoff	OPP	_v488beltbreak2	Titanium collected (tiebreak)	1000	0	290	1430
v527_nordkap_s3_A	nordkap	3	A	v527	OPP	_v488beltbreak2	Core destroyed	490	0	360	3900
parent_nordkap_s3_A	nordkap	3	A	parent	US	parent_arm	Core destroyed	472	0	2150	390
flagoff_nordkap_s3_A	nordkap	3	A	flagoff	US	flagoff_arm	Core destroyed	189	0	120	120
v527_nordkap_s3_B	nordkap	3	B	v527	OPP	_v488beltbreak2	Core destroyed	185	0	120	10
parent_nordkap_s3_B	nordkap	3	B	parent	US	parent_arm	Core destroyed	217	0	820	130
flagoff_nordkap_s3_B	nordkap	3	B	flagoff	US	flagoff_arm	Core destroyed	317	0	80	320
v527_nordkap_s4_A	nordkap	4	A	v527	US	_v527collar	Core destroyed	145	0	180	50
parent_nordkap_s4_A	nordkap	4	A	parent	US	parent_arm	Core destroyed	257	0	110	80
flagoff_nordkap_s4_A	nordkap	4	A	flagoff	US	flagoff_arm	Core destroyed	515	0	1220	60
v527_nordkap_s4_B	nordkap	4	B	v527	US	_v527collar	Core destroyed	121	0	270	10
parent_nordkap_s4_B	nordkap	4	B	parent	OPP	_v488beltbreak2	Core destroyed	306	0	630	2100
flagoff_nordkap_s4_B	nordkap	4	B	flagoff	OPP	_v488beltbreak2	Core destroyed	272	0	1850	2650
v527_yulerune_s3_A	yulerune	3	A	v527	US	_v527collar	Core destroyed	197	0	200	150
parent_yulerune_s3_A	yulerune	3	A	parent	US	parent_arm	Core destroyed	89	0	210	0
flagoff_yulerune_s3_A	yulerune	3	A	flagoff	US	flagoff_arm	Core destroyed	232	0	250	0
v527_yulerune_s3_B	yulerune	3	B	v527	US	_v527collar	Core destroyed	185	0	170	0
parent_yulerune_s3_B	yulerune	3	B	parent	US	parent_arm	Core destroyed	89	0	210	0
flagoff_yulerune_s3_B	yulerune	3	B	flagoff	US	flagoff_arm	Core destroyed	160	0	500	0
v527_yulerune_s4_A	yulerune	4	A	v527	US	_v527collar	Core destroyed	109	0	230	0
parent_yulerune_s4_A	yulerune	4	A	parent	OPP	_v488beltbreak2	Titanium collected (tiebreak)	1000	0	250	3420
flagoff_yulerune_s4_A	yulerune	4	A	flagoff	OPP	_v488beltbreak2	Core destroyed	489	0	210	110
v527_yulerune_s4_B	yulerune	4	B	v527	US	_v527collar	Core destroyed	140	0	610	0
parent_yulerune_s4_B	yulerune	4	B	parent	US	parent_arm	Core destroyed	140	0	610	0
flagoff_yulerune_s4_B	yulerune	4	B	flagoff	US	flagoff_arm	Core destroyed	224	0	1040	0
v527_antler_s3_A	antler	3	A	v527	US	_v527collar	Core destroyed	219	0	1070	860
parent_antler_s3_A	antler	3	A	parent	US	parent_arm	Core destroyed	145	0	810	540
flagoff_antler_s3_A	antler	3	A	flagoff	US	flagoff_arm	Core destroyed	166	0	1340	180
v527_antler_s3_B	antler	3	B	v527	US	_v527collar	Core destroyed	143	0	480	100
parent_antler_s3_B	antler	3	B	parent	US	parent_arm	Core destroyed	185	0	510	110
flagoff_antler_s3_B	antler	3	B	flagoff	OPP	_v488beltbreak2	Titanium stored (tiebreak)	1000	0	230	230
v527_antler_s4_A	antler	4	A	v527	US	_v527collar	Core destroyed	250	0	1810	1210
parent_antler_s4_A	antler	4	A	parent	US	parent_arm	Core destroyed	264	0	1860	160
flagoff_antler_s4_A	antler	4	A	flagoff	OPP	_v488beltbreak2	Core destroyed	276	0	1430	1350
v527_antler_s4_B	antler	4	B	v527	US	_v527collar	Core destroyed	392	0	3220	3020
parent_antler_s4_B	antler	4	B	parent	US	parent_arm	Core destroyed	458	0	4180	2140
flagoff_antler_s4_B	antler	4	B	flagoff	OPP	_v488beltbreak2	Core destroyed	201	0	610	1450
v527_fjordgate_s3_A	fjordgate	3	A	v527	US	_v527collar	Core destroyed	314	0	810	810
parent_fjordgate_s3_A	fjordgate	3	A	parent	US	parent_arm	Core destroyed	323	0	1090	250
flagoff_fjordgate_s3_A	fjordgate	3	A	flagoff	US	flagoff_arm	Core destroyed	184	0	770	90
v527_fjordgate_s3_B	fjordgate	3	B	v527	OPP	_v488beltbreak2	Core destroyed	155	0	80	180
parent_fjordgate_s3_B	fjordgate	3	B	parent	US	parent_arm	Core destroyed	236	0	1010	0
flagoff_fjordgate_s3_B	fjordgate	3	B	flagoff	OPP	_v488beltbreak2	Core destroyed	269	0	420	1850
v527_fjordgate_s4_A	fjordgate	4	A	v527	US	_v527collar	Core destroyed	237	0	1410	560
parent_fjordgate_s4_A	fjordgate	4	A	parent	OPP	_v488beltbreak2	Core destroyed	134	0	80	380
flagoff_fjordgate_s4_A	fjordgate	4	A	flagoff	US	flagoff_arm	Core destroyed	227	0	1080	370
v527_fjordgate_s4_B	fjordgate	4	B	v527	OPP	_v488beltbreak2	Core destroyed	561	0	60	640
parent_fjordgate_s4_B	fjordgate	4	B	parent	US	parent_arm	Core destroyed	426	0	1040	0
flagoff_fjordgate_s4_B	fjordgate	4	B	flagoff	OPP	_v488beltbreak2	Core destroyed	306	0	1480	2120
v527_midgard_s3_A	midgard	3	A	v527	OPP	_v488beltbreak2	Core destroyed	340	0	730	2680
parent_midgard_s3_A	midgard	3	A	parent	OPP	_v488beltbreak2	Core destroyed	390	0	680	1500
flagoff_midgard_s3_A	midgard	3	A	flagoff	US	flagoff_arm	Core destroyed	436	0	1530	680
v527_midgard_s3_B	midgard	3	B	v527	US	_v527collar	Core destroyed	725	0	680	580
parent_midgard_s3_B	midgard	3	B	parent	OPP	_v488beltbreak2	Core destroyed	131	0	1010	1110
flagoff_midgard_s3_B	midgard	3	B	flagoff	OPP	_v488beltbreak2	Core destroyed	204	0	610	1550
v527_midgard_s4_A	midgard	4	A	v527	US	_v527collar	Core destroyed	273	0	700	800
parent_midgard_s4_A	midgard	4	A	parent	US	parent_arm	Core destroyed	186	0	1960	590
flagoff_midgard_s4_A	midgard	4	A	flagoff	US	flagoff_arm	Core destroyed	258	0	2120	580
v527_midgard_s4_B	midgard	4	B	v527	US	_v527collar	Core destroyed	283	0	2140	660
parent_midgard_s4_B	midgard	4	B	parent	US	parent_arm	Core destroyed	298	0	2260	1600
flagoff_midgard_s4_B	midgard	4	B	flagoff	US	flagoff_arm	Core destroyed	805	0	810	810
v527_atoll_s5_A	atoll	5	A	v527	OPP	_v488beltbreak2	Core destroyed	342	0	960	1680
parent_atoll_s5_A	atoll	5	A	parent	US	parent_arm	Core destroyed	306	0	1680	40
flagoff_atoll_s5_A	atoll	5	A	flagoff	US	flagoff_arm	Core destroyed	797	0	4020	2960
v527_atoll_s5_B	atoll	5	B	v527	US	_v527collar	Core destroyed	471	0	2330	2320
parent_atoll_s5_B	atoll	5	B	parent	OPP	_v488beltbreak2	Core destroyed	212	0	270	1160
flagoff_atoll_s5_B	atoll	5	B	flagoff	OPP	_v488beltbreak2	Core destroyed	177	0	270	1690
v527_atoll_s6_A	atoll	6	A	v527	OPP	_v488beltbreak2	Core destroyed	529	0	1900	3930
parent_atoll_s6_A	atoll	6	A	parent	US	parent_arm	Core destroyed	159	0	760	190
flagoff_atoll_s6_A	atoll	6	A	flagoff	US	flagoff_arm	Core destroyed	574	0	4550	3480
v527_atoll_s6_B	atoll	6	B	v527	OPP	_v488beltbreak2	Core destroyed	534	0	2620	2630
parent_atoll_s6_B	atoll	6	B	parent	US	parent_arm	Core destroyed	158	0	760	430
flagoff_atoll_s6_B	atoll	6	B	flagoff	US	flagoff_arm	Core destroyed	466	0	2300	2120
v527_drakkarfjord_s5_A	drakkarfjord	5	A	v527	US	_v527collar	Core destroyed	121	0	300	0
parent_drakkarfjord_s5_A	drakkarfjord	5	A	parent	US	parent_arm	Core destroyed	116	0	360	90
flagoff_drakkarfjord_s5_A	drakkarfjord	5	A	flagoff	US	flagoff_arm	Core destroyed	91	0	260	0
v527_drakkarfjord_s5_B	drakkarfjord	5	B	v527	US	_v527collar	Core destroyed	96	0	320	0
parent_drakkarfjord_s5_B	drakkarfjord	5	B	parent	US	parent_arm	Core destroyed	917	0	300	0
flagoff_drakkarfjord_s5_B	drakkarfjord	5	B	flagoff	OPP	_v488beltbreak2	Core destroyed	521	0	250	0
v527_drakkarfjord_s6_A	drakkarfjord	6	A	v527	US	_v527collar	Core destroyed	99	0	290	0
parent_drakkarfjord_s6_A	drakkarfjord	6	A	parent	US	parent_arm	Core destroyed	106	0	410	0
flagoff_drakkarfjord_s6_A	drakkarfjord	6	A	flagoff	US	flagoff_arm	Core destroyed	92	0	330	0
v527_drakkarfjord_s6_B	drakkarfjord	6	B	v527	US	_v527collar	Core destroyed	265	0	1040	0
parent_drakkarfjord_s6_B	drakkarfjord	6	B	parent	US	parent_arm	Core destroyed	120	0	380	0
flagoff_drakkarfjord_s6_B	drakkarfjord	6	B	flagoff	US	flagoff_arm	Titanium collected (tiebreak)	1000	0	330	0
v527_glacierkeep_s5_A	glacierkeep	5	A	v527	OPP	_v488beltbreak2	Core destroyed	598	0	1000	5800
parent_glacierkeep_s5_A	glacierkeep	5	A	parent	US	parent_arm	Core destroyed	143	0	590	0
flagoff_glacierkeep_s5_A	glacierkeep	5	A	flagoff	US	flagoff_arm	Core destroyed	201	0	560	0
v527_glacierkeep_s5_B	glacierkeep	5	B	v527	US	_v527collar	Titanium collected (tiebreak)	1000	0	430	0
parent_glacierkeep_s5_B	glacierkeep	5	B	parent	US	parent_arm	Titanium stored (tiebreak)	1000	0	0	0
flagoff_glacierkeep_s5_B	glacierkeep	5	B	flagoff	US	flagoff_arm	Core destroyed	617	0	0	0
v527_glacierkeep_s6_A	glacierkeep	6	A	v527	US	_v527collar	Core destroyed	132	0	530	0
parent_glacierkeep_s6_A	glacierkeep	6	A	parent	US	parent_arm	Core destroyed	110	0	230	0
flagoff_glacierkeep_s6_A	glacierkeep	6	A	flagoff	US	flagoff_arm	Core destroyed	162	0	350	130
v527_glacierkeep_s6_B	glacierkeep	6	B	v527	US	_v527collar	Harvesters (tiebreak)	1000	0	0	0
parent_glacierkeep_s6_B	glacierkeep	6	B	parent	US	parent_arm	Titanium collected (tiebreak)	1000	0	330	0
flagoff_glacierkeep_s6_B	glacierkeep	6	B	flagoff	US	flagoff_arm	Core destroyed	249	0	340	0
v527_nordkap_s5_A	nordkap	5	A	v527	US	_v527collar	Core destroyed	545	0	550	60
parent_nordkap_s5_A	nordkap	5	A	parent	US	parent_arm	Core destroyed	225	0	180	0
flagoff_nordkap_s5_A	nordkap	5	A	flagoff	US	flagoff_arm	Core destroyed	204	0	2290	60
v527_nordkap_s5_B	nordkap	5	B	v527	OPP	_v488beltbreak2	Core destroyed	573	0	110	110
parent_nordkap_s5_B	nordkap	5	B	parent	US	parent_arm	Titanium collected (tiebreak)	1000	0	11400	8180
flagoff_nordkap_s5_B	nordkap	5	B	flagoff	US	flagoff_arm	Core destroyed	290	0	160	50
v527_nordkap_s6_A	nordkap	6	A	v527	OPP	_v488beltbreak2	Core destroyed	426	0	2240	6130
parent_nordkap_s6_A	nordkap	6	A	parent	US	parent_arm	Core destroyed	153	0	250	20
flagoff_nordkap_s6_A	nordkap	6	A	flagoff	US	flagoff_arm	Core destroyed	129	0	300	90
v527_nordkap_s6_B	nordkap	6	B	v527	OPP	_v488beltbreak2	Core destroyed	272	0	130	3270
parent_nordkap_s6_B	nordkap	6	B	parent	US	parent_arm	Core destroyed	225	0	540	90
flagoff_nordkap_s6_B	nordkap	6	B	flagoff	OPP	_v488beltbreak2	Titanium collected (tiebreak)	1000	0	80	2480
v527_yulerune_s5_A	yulerune	5	A	v527	OPP	_v488beltbreak2	Titanium collected (tiebreak)	1000	0	250	3420
parent_yulerune_s5_A	yulerune	5	A	parent	US	parent_arm	Core destroyed	109	0	190	0
flagoff_yulerune_s5_A	yulerune	5	A	flagoff	US	flagoff_arm	Core destroyed	97	0	250	0
v527_yulerune_s5_B	yulerune	5	B	v527	US	_v527collar	Core destroyed	157	0	150	0
parent_yulerune_s5_B	yulerune	5	B	parent	US	parent_arm	Core destroyed	101	0	130	0
flagoff_yulerune_s5_B	yulerune	5	B	flagoff	US	flagoff_arm	Core destroyed	88	0	230	0
v527_yulerune_s6_A	yulerune	6	A	v527	US	_v527collar	Core destroyed	106	0	330	0
parent_yulerune_s6_A	yulerune	6	A	parent	US	parent_arm	Core destroyed	101	0	180	0
flagoff_yulerune_s6_A	yulerune	6	A	flagoff	US	flagoff_arm	Titanium collected (tiebreak)	1000	0	2410	1530
v527_yulerune_s6_B	yulerune	6	B	v527	US	_v527collar	Core destroyed	97	0	170	0
parent_yulerune_s6_B	yulerune	6	B	parent	US	parent_arm	Core destroyed	216	0	2120	0
flagoff_yulerune_s6_B	yulerune	6	B	flagoff	US	flagoff_arm	Core destroyed	688	0	1770	0
v527_antler_s5_A	antler	5	A	v527	US	_v527collar	Core destroyed	278	0	1280	980
parent_antler_s5_A	antler	5	A	parent	US	parent_arm	Core destroyed	433	0	2140	2130
flagoff_antler_s5_A	antler	5	A	flagoff	US	flagoff_arm	Core destroyed	199	0	950	500
v527_antler_s5_B	antler	5	B	v527	OPP	_v488beltbreak2	Core destroyed	351	0	940	1690
parent_antler_s5_B	antler	5	B	parent	US	parent_arm	Core destroyed	144	0	590	630
flagoff_antler_s5_B	antler	5	B	flagoff	US	flagoff_arm	Core destroyed	436	0	3710	870
v527_antler_s6_A	antler	6	A	v527	US	_v527collar	Core destroyed	177	0	510	260
parent_antler_s6_A	antler	6	A	parent	US	parent_arm	Core destroyed	233	0	1180	840
flagoff_antler_s6_A	antler	6	A	flagoff	US	flagoff_arm	Core destroyed	244	0	1290	340
v527_antler_s6_B	antler	6	B	v527	US	_v527collar	Core destroyed	334	0	1120	230
parent_antler_s6_B	antler	6	B	parent	OPP	_v488beltbreak2	Core destroyed	197	0	560	1610
flagoff_antler_s6_B	antler	6	B	flagoff	US	flagoff_arm	Core destroyed	299	0	1970	1270
v527_fjordgate_s5_A	fjordgate	5	A	v527	US	_v527collar	Core destroyed	184	0	770	90
parent_fjordgate_s5_A	fjordgate	5	A	parent	US	parent_arm	Core destroyed	347	0	1220	70
flagoff_fjordgate_s5_A	fjordgate	5	A	flagoff	OPP	_v488beltbreak2	Core destroyed	159	0	380	1000
v527_fjordgate_s5_B	fjordgate	5	B	v527	OPP	_v488beltbreak2	Core destroyed	345	0	70	540
parent_fjordgate_s5_B	fjordgate	5	B	parent	US	parent_arm	Core destroyed	285	0	1670	150
flagoff_fjordgate_s5_B	fjordgate	5	B	flagoff	US	flagoff_arm	Core destroyed	156	0	740	220
v527_fjordgate_s6_A	fjordgate	6	A	v527	US	_v527collar	Core destroyed	193	0	530	220
parent_fjordgate_s6_A	fjordgate	6	A	parent	US	parent_arm	Core destroyed	145	0	680	180
flagoff_fjordgate_s6_A	fjordgate	6	A	flagoff	US	flagoff_arm	Core destroyed	226	0	1190	540
v527_fjordgate_s6_B	fjordgate	6	B	v527	US	_v527collar	Core destroyed	170	0	1140	110
parent_fjordgate_s6_B	fjordgate	6	B	parent	OPP	_v488beltbreak2	Core destroyed	176	0	550	1120
flagoff_fjordgate_s6_B	fjordgate	6	B	flagoff	OPP	_v488beltbreak2	Core destroyed	196	0	930	760
v527_midgard_s5_A	midgard	5	A	v527	US	_v527collar	Titanium collected (tiebreak)	1000	0	2860	440
parent_midgard_s5_A	midgard	5	A	parent	US	parent_arm	Core destroyed	561	0	560	770
flagoff_midgard_s5_A	midgard	5	A	flagoff	OPP	_v488beltbreak2	Core destroyed	187	0	630	1210
v527_midgard_s5_B	midgard	5	B	v527	OPP	_v488beltbreak2	Core destroyed	564	0	740	2270
parent_midgard_s5_B	midgard	5	B	parent	OPP	_v488beltbreak2	Core destroyed	241	0	580	1000
flagoff_midgard_s5_B	midgard	5	B	flagoff	US	flagoff_arm	Core destroyed	231	0	1500	630
v527_midgard_s6_A	midgard	6	A	v527	US	_v527collar	Core destroyed	190	0	1020	640
parent_midgard_s6_A	midgard	6	A	parent	US	parent_arm	Core destroyed	259	0	1090	670
flagoff_midgard_s6_A	midgard	6	A	flagoff	US	flagoff_arm	Core destroyed	617	0	650	960
v527_midgard_s6_B	midgard	6	B	v527	US	_v527collar	Core destroyed	192	0	1500	760
parent_midgard_s6_B	midgard	6	B	parent	OPP	_v488beltbreak2	Core destroyed	382	0	710	2220
flagoff_midgard_s6_B	midgard	6	B	flagoff	OPP	_v488beltbreak2	Core destroyed	481	0	890	530
v527_atoll_s7_A	atoll	7	A	v527	US	_v527collar	Core destroyed	282	0	2440	160
parent_atoll_s7_A	atoll	7	A	parent	US	parent_arm	Core destroyed	293	0	1500	1710
flagoff_atoll_s7_A	atoll	7	A	flagoff	US	flagoff_arm	Core destroyed	197	0	880	920
v527_atoll_s7_B	atoll	7	B	v527	OPP	_v488beltbreak2	Core destroyed	241	0	350	2590
parent_atoll_s7_B	atoll	7	B	parent	OPP	_v488beltbreak2	Core destroyed	325	0	910	2860
flagoff_atoll_s7_B	atoll	7	B	flagoff	US	flagoff_arm	Core destroyed	645	0	310	1650
v527_atoll_s8_A	atoll	8	A	v527	OPP	_v488beltbreak2	Titanium collected (tiebreak)	1000	0	4970	7410
parent_atoll_s8_A	atoll	8	A	parent	US	parent_arm	Core destroyed	144	0	690	220
flagoff_atoll_s8_A	atoll	8	A	flagoff	OPP	_v488beltbreak2	Core destroyed	144	0	240	670
v527_atoll_s8_B	atoll	8	B	v527	US	_v527collar	Core destroyed	446	0	2240	2200
parent_atoll_s8_B	atoll	8	B	parent	US	parent_arm	Core destroyed	560	0	4000	1670
flagoff_atoll_s8_B	atoll	8	B	flagoff	OPP	_v488beltbreak2	Core destroyed	960	0	6180	8370
v527_drakkarfjord_s7_A	drakkarfjord	7	A	v527	US	_v527collar	Core destroyed	101	0	320	0
parent_drakkarfjord_s7_A	drakkarfjord	7	A	parent	US	parent_arm	Core destroyed	101	0	320	0
flagoff_drakkarfjord_s7_A	drakkarfjord	7	A	flagoff	OPP	_v488beltbreak2	Core destroyed	706	0	3800	6860
v527_drakkarfjord_s7_B	drakkarfjord	7	B	v527	US	_v527collar	Core destroyed	917	0	300	0
parent_drakkarfjord_s7_B	drakkarfjord	7	B	parent	OPP	_v488beltbreak2	Core destroyed	521	0	240	0
flagoff_drakkarfjord_s7_B	drakkarfjord	7	B	flagoff	US	flagoff_arm	Core destroyed	244	0	2550	0
v527_drakkarfjord_s8_A	drakkarfjord	8	A	v527	US	_v527collar	Core destroyed	99	0	390	0
parent_drakkarfjord_s8_A	drakkarfjord	8	A	parent	US	parent_arm	Core destroyed	141	0	670	80
flagoff_drakkarfjord_s8_A	drakkarfjord	8	A	flagoff	OPP	_v488beltbreak2	Core destroyed	509	0	460	4140
v527_drakkarfjord_s8_B	drakkarfjord	8	B	v527	US	_v527collar	Core destroyed	461	0	420	0
parent_drakkarfjord_s8_B	drakkarfjord	8	B	parent	US	parent_arm	Core destroyed	101	0	280	0
flagoff_drakkarfjord_s8_B	drakkarfjord	8	B	flagoff	US	flagoff_arm	Core destroyed	475	0	1880	0
v527_glacierkeep_s7_A	glacierkeep	7	A	v527	US	_v527collar	Core destroyed	165	0	140	0
parent_glacierkeep_s7_A	glacierkeep	7	A	parent	US	parent_arm	Core destroyed	153	0	320	110
flagoff_glacierkeep_s7_A	glacierkeep	7	A	flagoff	US	flagoff_arm	Core destroyed	123	0	260	0
v527_glacierkeep_s7_B	glacierkeep	7	B	v527	OPP	_v488beltbreak2	Harvesters (tiebreak)	1000	0	0	0
parent_glacierkeep_s7_B	glacierkeep	7	B	parent	US	parent_arm	Core destroyed	954	0	1220	0
flagoff_glacierkeep_s7_B	glacierkeep	7	B	flagoff	US	flagoff_arm	Core destroyed	249	0	340	0
v527_glacierkeep_s8_A	glacierkeep	8	A	v527	US	_v527collar	Core destroyed	120	0	310	0
parent_glacierkeep_s8_A	glacierkeep	8	A	parent	US	parent_arm	Core destroyed	119	0	380	0
flagoff_glacierkeep_s8_A	glacierkeep	8	A	flagoff	US	flagoff_arm	Core destroyed	153	0	320	110
v527_glacierkeep_s8_B	glacierkeep	8	B	v527	US	_v527collar	Core destroyed	217	0	0	0
parent_glacierkeep_s8_B	glacierkeep	8	B	parent	OPP	_v488beltbreak2	Titanium collected (tiebreak)	1000	0	290	1400
flagoff_glacierkeep_s8_B	glacierkeep	8	B	flagoff	US	flagoff_arm	Core destroyed	197	0	180	0
v527_nordkap_s7_A	nordkap	7	A	v527	US	_v527collar	Core destroyed	145	0	340	60
parent_nordkap_s7_A	nordkap	7	A	parent	US	parent_arm	Core destroyed	129	0	300	90
flagoff_nordkap_s7_A	nordkap	7	A	flagoff	US	flagoff_arm	Core destroyed	285	0	150	110
v527_nordkap_s7_B	nordkap	7	B	v527	US	_v527collar	Core destroyed	514	0	2470	370
parent_nordkap_s7_B	nordkap	7	B	parent	OPP	_v488beltbreak2	Core destroyed	410	0	130	1990
flagoff_nordkap_s7_B	nordkap	7	B	flagoff	OPP	_v488beltbreak2	Core destroyed	146	0	90	830
v527_nordkap_s8_A	nordkap	8	A	v527	US	_v527collar	Core destroyed	173	0	270	70
parent_nordkap_s8_A	nordkap	8	A	parent	US	parent_arm	Core destroyed	464	0	1530	0
flagoff_nordkap_s8_A	nordkap	8	A	flagoff	US	flagoff_arm	Titanium collected (tiebreak)	1000	0	100	60
v527_nordkap_s8_B	nordkap	8	B	v527	US	_v527collar	Core destroyed	141	0	110	130
parent_nordkap_s8_B	nordkap	8	B	parent	OPP	_v488beltbreak2	Core destroyed	497	0	4000	6900
flagoff_nordkap_s8_B	nordkap	8	B	flagoff	OPP	_v488beltbreak2	Core destroyed	204	0	150	1260
v527_yulerune_s7_A	yulerune	7	A	v527	US	_v527collar	Core destroyed	100	0	330	0
parent_yulerune_s7_A	yulerune	7	A	parent	US	parent_arm	Core destroyed	113	0	340	0
flagoff_yulerune_s7_A	yulerune	7	A	flagoff	US	flagoff_arm	Core destroyed	101	0	180	0
v527_yulerune_s7_B	yulerune	7	B	v527	US	_v527collar	Core destroyed	680	0	300	260
parent_yulerune_s7_B	yulerune	7	B	parent	OPP	_v488beltbreak2	Core destroyed	493	0	140	0
flagoff_yulerune_s7_B	yulerune	7	B	flagoff	US	flagoff_arm	Core destroyed	673	0	1180	0
v527_yulerune_s8_A	yulerune	8	A	v527	US	_v527collar	Core destroyed	720	0	230	430
parent_yulerune_s8_A	yulerune	8	A	parent	US	parent_arm	Core destroyed	241	0	1440	0
flagoff_yulerune_s8_A	yulerune	8	A	flagoff	US	flagoff_arm	Core destroyed	87	0	290	0
v527_yulerune_s8_B	yulerune	8	B	v527	US	_v527collar	Core destroyed	85	0	170	0
parent_yulerune_s8_B	yulerune	8	B	parent	US	parent_arm	Titanium collected (tiebreak)	1000	0	320	0
flagoff_yulerune_s8_B	yulerune	8	B	flagoff	US	flagoff_arm	Core destroyed	89	0	420	0
v527_antler_s7_A	antler	7	A	v527	US	_v527collar	Core destroyed	245	0	1230	1720
parent_antler_s7_A	antler	7	A	parent	OPP	_v488beltbreak2	Core destroyed	412	0	2260	2030
flagoff_antler_s7_A	antler	7	A	flagoff	US	flagoff_arm	Core destroyed	287	0	2630	1700
v527_antler_s7_B	antler	7	B	v527	OPP	_v488beltbreak2	Core destroyed	524	0	2570	6200
parent_antler_s7_B	antler	7	B	parent	US	parent_arm	Core destroyed	109	0	510	100
flagoff_antler_s7_B	antler	7	B	flagoff	OPP	_v488beltbreak2	Core destroyed	221	0	1540	1590
v527_antler_s8_A	antler	8	A	v527	US	_v527collar	Core destroyed	136	0	870	900
parent_antler_s8_A	antler	8	A	parent	US	parent_arm	Core destroyed	187	0	1450	800
flagoff_antler_s8_A	antler	8	A	flagoff	OPP	_v488beltbreak2	Core destroyed	241	0	1070	1710
v527_antler_s8_B	antler	8	B	v527	OPP	_v488beltbreak2	Core destroyed	474	0	470	1420
parent_antler_s8_B	antler	8	B	parent	US	parent_arm	Core destroyed	109	0	510	100
flagoff_antler_s8_B	antler	8	B	flagoff	OPP	_v488beltbreak2	Core destroyed	190	0	810	800
v527_fjordgate_s7_A	fjordgate	7	A	v527	US	_v527collar	Core destroyed	240	0	710	90
parent_fjordgate_s7_A	fjordgate	7	A	parent	US	parent_arm	Core destroyed	220	0	1060	700
flagoff_fjordgate_s7_A	fjordgate	7	A	flagoff	US	flagoff_arm	Core destroyed	153	0	720	200
v527_fjordgate_s7_B	fjordgate	7	B	v527	US	_v527collar	Core destroyed	348	0	2270	2460
parent_fjordgate_s7_B	fjordgate	7	B	parent	OPP	_v488beltbreak2	Core destroyed	222	0	1370	880
flagoff_fjordgate_s7_B	fjordgate	7	B	flagoff	OPP	_v488beltbreak2	Core destroyed	188	0	290	530
v527_fjordgate_s8_A	fjordgate	8	A	v527	US	_v527collar	Core destroyed	247	0	1120	60
parent_fjordgate_s8_A	fjordgate	8	A	parent	US	parent_arm	Core destroyed	282	0	1530	310
flagoff_fjordgate_s8_A	fjordgate	8	A	flagoff	US	flagoff_arm	Core destroyed	207	0	920	60
v527_fjordgate_s8_B	fjordgate	8	B	v527	US	_v527collar	Core destroyed	193	0	920	0
parent_fjordgate_s8_B	fjordgate	8	B	parent	OPP	_v488beltbreak2	Core destroyed	454	0	1390	3110
flagoff_fjordgate_s8_B	fjordgate	8	B	flagoff	US	flagoff_arm	Core destroyed	345	0	1680	0
v527_midgard_s7_A	midgard	7	A	v527	OPP	_v488beltbreak2	Core destroyed	312	0	770	1930
parent_midgard_s7_A	midgard	7	A	parent	OPP	_v488beltbreak2	Core destroyed	572	0	590	1930
flagoff_midgard_s7_A	midgard	7	A	flagoff	OPP	_v488beltbreak2	Core destroyed	243	0	560	1510
v527_midgard_s7_B	midgard	7	B	v527	OPP	_v488beltbreak2	Core destroyed	388	0	710	3050
parent_midgard_s7_B	midgard	7	B	parent	US	parent_arm	Titanium collected (tiebreak)	1000	0	840	480
flagoff_midgard_s7_B	midgard	7	B	flagoff	US	flagoff_arm	Core destroyed	146	0	940	690
v527_midgard_s8_A	midgard	8	A	v527	OPP	_v488beltbreak2	Core destroyed	283	0	640	2590
parent_midgard_s8_A	midgard	8	A	parent	OPP	_v488beltbreak2	Core destroyed	222	0	650	1880
flagoff_midgard_s8_A	midgard	8	A	flagoff	US	flagoff_arm	Core destroyed	281	0	610	630
v527_midgard_s8_B	midgard	8	B	v527	US	_v527collar	Core destroyed	517	0	830	1000
parent_midgard_s8_B	midgard	8	B	parent	OPP	_v488beltbreak2	Core destroyed	249	0	710	670
flagoff_midgard_s8_B	midgard	8	B	flagoff	US	flagoff_arm	Titanium collected (tiebreak)	1000	0	740	720
v527_atoll_s9_A	atoll	9	A	v527	OPP	_v488beltbreak2	Titanium collected (tiebreak)	1000	0	4970	14080
parent_atoll_s9_A	atoll	9	A	parent	US	parent_arm	Core destroyed	875	0	7330	4340
flagoff_atoll_s9_A	atoll	9	A	flagoff	US	flagoff_arm	Core destroyed	116	0	610	160
v527_atoll_s9_B	atoll	9	B	v527	US	_v527collar	Core destroyed	824	0	1280	320
parent_atoll_s9_B	atoll	9	B	parent	OPP	_v488beltbreak2	Core destroyed	298	0	1190	1460
flagoff_atoll_s9_B	atoll	9	B	flagoff	OPP	_v488beltbreak2	Core destroyed	120	0	230	570
v527_atoll_s10_A	atoll	10	A	v527	US	_v527collar	Titanium collected (tiebreak)	1000	0	2670	160
parent_atoll_s10_A	atoll	10	A	parent	OPP	_v488beltbreak2	Core destroyed	269	0	770	1290
flagoff_atoll_s10_A	atoll	10	A	flagoff	US	flagoff_arm	Core destroyed	811	0	4340	7690
v527_atoll_s10_B	atoll	10	B	v527	US	_v527collar	Core destroyed	246	0	1200	170
parent_atoll_s10_B	atoll	10	B	parent	OPP	_v488beltbreak2	Core destroyed	400	0	870	1970
flagoff_atoll_s10_B	atoll	10	B	flagoff	OPP	_v488beltbreak2	Core destroyed	601	0	2970	2140
v527_drakkarfjord_s9_A	drakkarfjord	9	A	v527	US	_v527collar	Core destroyed	115	0	340	0
parent_drakkarfjord_s9_A	drakkarfjord	9	A	parent	US	parent_arm	Core destroyed	154	0	660	0
flagoff_drakkarfjord_s9_A	drakkarfjord	9	A	flagoff	US	flagoff_arm	Titanium collected (tiebreak)	1000	0	660	190
v527_drakkarfjord_s9_B	drakkarfjord	9	B	v527	US	_v527collar	Core destroyed	96	0	320	0
parent_drakkarfjord_s9_B	drakkarfjord	9	B	parent	US	parent_arm	Core destroyed	383	0	800	0
flagoff_drakkarfjord_s9_B	drakkarfjord	9	B	flagoff	US	flagoff_arm	Core destroyed	121	0	320	0
v527_drakkarfjord_s10_A	drakkarfjord	10	A	v527	US	_v527collar	Core destroyed	92	0	330	0
parent_drakkarfjord_s10_A	drakkarfjord	10	A	parent	OPP	_v488beltbreak2	Core destroyed	865	0	310	0
flagoff_drakkarfjord_s10_A	drakkarfjord	10	A	flagoff	OPP	_v488beltbreak2	Core destroyed	261	0	530	2230
v527_drakkarfjord_s10_B	drakkarfjord	10	B	v527	US	_v527collar	Core destroyed	100	0	280	0
parent_drakkarfjord_s10_B	drakkarfjord	10	B	parent	US	parent_arm	Core destroyed	98	0	320	0
flagoff_drakkarfjord_s10_B	drakkarfjord	10	B	flagoff	US	flagoff_arm	Core destroyed	101	0	280	0
v527_glacierkeep_s9_A	glacierkeep	9	A	v527	US	_v527collar	Core destroyed	123	0	300	0
parent_glacierkeep_s9_A	glacierkeep	9	A	parent	US	parent_arm	Core destroyed	123	0	330	0
flagoff_glacierkeep_s9_A	glacierkeep	9	A	flagoff	US	flagoff_arm	Core destroyed	812	0	5590	140
v527_glacierkeep_s9_B	glacierkeep	9	B	v527	US	_v527collar	Core destroyed	477	0	0	0
parent_glacierkeep_s9_B	glacierkeep	9	B	parent	US	parent_arm	Core destroyed	249	0	340	0
flagoff_glacierkeep_s9_B	glacierkeep	9	B	flagoff	US	flagoff_arm	Titanium collected (tiebreak)	1000	0	130	0
v527_glacierkeep_s10_A	glacierkeep	10	A	v527	US	_v527collar	Core destroyed	120	0	470	0
parent_glacierkeep_s10_A	glacierkeep	10	A	parent	US	parent_arm	Core destroyed	162	0	350	130
flagoff_glacierkeep_s10_A	glacierkeep	10	A	flagoff	US	flagoff_arm	Core destroyed	205	0	450	0
v527_glacierkeep_s10_B	glacierkeep	10	B	v527	OPP	_v488beltbreak2	Harvesters (tiebreak)	1000	0	0	0
parent_glacierkeep_s10_B	glacierkeep	10	B	parent	US	parent_arm	Titanium collected (tiebreak)	1000	0	130	0
flagoff_glacierkeep_s10_B	glacierkeep	10	B	flagoff	US	flagoff_arm	Titanium collected (tiebreak)	1000	0	200	0
v527_nordkap_s9_A	nordkap	9	A	v527	US	_v527collar	Titanium collected (tiebreak)	1000	0	380	60
parent_nordkap_s9_A	nordkap	9	A	parent	US	parent_arm	Core destroyed	149	0	440	70
flagoff_nordkap_s9_A	nordkap	9	A	flagoff	US	flagoff_arm	Core destroyed	130	0	300	80
v527_nordkap_s9_B	nordkap	9	B	v527	US	_v527collar	Core destroyed	346	0	1960	1560
parent_nordkap_s9_B	nordkap	9	B	parent	US	parent_arm	Core destroyed	346	0	1960	1560
flagoff_nordkap_s9_B	nordkap	9	B	flagoff	US	flagoff_arm	Core destroyed	141	0	110	0
v527_nordkap_s10_A	nordkap	10	A	v527	US	_v527collar	Core destroyed	700	0	3270	70
parent_nordkap_s10_A	nordkap	10	A	parent	US	parent_arm	Titanium collected (tiebreak)	1000	0	90	60
flagoff_nordkap_s10_A	nordkap	10	A	flagoff	US	flagoff_arm	Core destroyed	241	0	110	70
v527_nordkap_s10_B	nordkap	10	B	v527	US	_v527collar	Core destroyed	165	0	90	80
parent_nordkap_s10_B	nordkap	10	B	parent	US	parent_arm	Core destroyed	165	0	90	80
flagoff_nordkap_s10_B	nordkap	10	B	flagoff	OPP	_v488beltbreak2	Core destroyed	309	0	90	60
v527_yulerune_s9_A	yulerune	9	A	v527	US	_v527collar	Core destroyed	105	0	190	0
parent_yulerune_s9_A	yulerune	9	A	parent	US	parent_arm	Core destroyed	88	0	220	0
flagoff_yulerune_s9_A	yulerune	9	A	flagoff	US	flagoff_arm	Core destroyed	88	0	230	0
v527_yulerune_s9_B	yulerune	9	B	v527	US	_v527collar	Core destroyed	388	0	2540	0
parent_yulerune_s9_B	yulerune	9	B	parent	US	parent_arm	Core destroyed	88	0	230	0
flagoff_yulerune_s9_B	yulerune	9	B	flagoff	US	flagoff_arm	Core destroyed	117	0	180	0
v527_yulerune_s10_A	yulerune	10	A	v527	US	_v527collar	Core destroyed	333	0	210	110
parent_yulerune_s10_A	yulerune	10	A	parent	US	parent_arm	Core destroyed	106	0	330	0
flagoff_yulerune_s10_A	yulerune	10	A	flagoff	US	flagoff_arm	Core destroyed	684	0	230	40
v527_yulerune_s10_B	yulerune	10	B	v527	US	_v527collar	Core destroyed	101	0	210	0
parent_yulerune_s10_B	yulerune	10	B	parent	US	parent_arm	Core destroyed	89	0	170	0
flagoff_yulerune_s10_B	yulerune	10	B	flagoff	US	flagoff_arm	Core destroyed	233	0	270	0
v527_antler_s9_A	antler	9	A	v527	US	_v527collar	Core destroyed	248	0	2000	810
parent_antler_s9_A	antler	9	A	parent	US	parent_arm	Core destroyed	120	0	640	560
flagoff_antler_s9_A	antler	9	A	flagoff	OPP	_v488beltbreak2	Core destroyed	229	0	710	1870
v527_antler_s9_B	antler	9	B	v527	OPP	_v488beltbreak2	Core destroyed	132	0	260	1000
parent_antler_s9_B	antler	9	B	parent	US	parent_arm	Core destroyed	553	0	2730	1460
flagoff_antler_s9_B	antler	9	B	flagoff	US	flagoff_arm	Core destroyed	172	0	530	70
v527_antler_s10_A	antler	10	A	v527	US	_v527collar	Core destroyed	237	0	1510	670
parent_antler_s10_A	antler	10	A	parent	US	parent_arm	Core destroyed	200	0	1010	720
flagoff_antler_s10_A	antler	10	A	flagoff	OPP	_v488beltbreak2	Core destroyed	263	0	790	2080
v527_antler_s10_B	antler	10	B	v527	US	_v527collar	Core destroyed	629	0	1560	480
parent_antler_s10_B	antler	10	B	parent	OPP	_v488beltbreak2	Core destroyed	394	0	450	1910
flagoff_antler_s10_B	antler	10	B	flagoff	US	flagoff_arm	Core destroyed	229	0	1420	240
v527_fjordgate_s9_A	fjordgate	9	A	v527	OPP	_v488beltbreak2	Core destroyed	159	0	750	1220
parent_fjordgate_s9_A	fjordgate	9	A	parent	OPP	_v488beltbreak2	Core destroyed	153	0	680	190
flagoff_fjordgate_s9_A	fjordgate	9	A	flagoff	OPP	_v488beltbreak2	Titanium collected (tiebreak)	1000	0	20	2480
v527_fjordgate_s9_B	fjordgate	9	B	v527	US	_v527collar	Core destroyed	280	0	1350	160
parent_fjordgate_s9_B	fjordgate	9	B	parent	US	parent_arm	Core destroyed	207	0	1210	270
flagoff_fjordgate_s9_B	fjordgate	9	B	flagoff	OPP	_v488beltbreak2	Core destroyed	189	0	890	830
v527_fjordgate_s10_A	fjordgate	10	A	v527	US	_v527collar	Core destroyed	152	0	920	0
parent_fjordgate_s10_A	fjordgate	10	A	parent	US	parent_arm	Core destroyed	656	0	350	110
flagoff_fjordgate_s10_A	fjordgate	10	A	flagoff	OPP	_v488beltbreak2	Titanium collected (tiebreak)	1000	0	2530	2590
v527_fjordgate_s10_B	fjordgate	10	B	v527	OPP	_v488beltbreak2	Core destroyed	148	0	160	870
parent_fjordgate_s10_B	fjordgate	10	B	parent	OPP	_v488beltbreak2	Core destroyed	252	0	880	1760
flagoff_fjordgate_s10_B	fjordgate	10	B	flagoff	US	flagoff_arm	Core destroyed	133	0	620	0
v527_midgard_s9_A	midgard	9	A	v527	OPP	_v488beltbreak2	Core destroyed	314	0	590	2130
parent_midgard_s9_A	midgard	9	A	parent	US	parent_arm	Core destroyed	325	0	790	710
flagoff_midgard_s9_A	midgard	9	A	flagoff	US	flagoff_arm	Core destroyed	564	0	2490	760
v527_midgard_s9_B	midgard	9	B	v527	US	_v527collar	Titanium collected (tiebreak)	1000	0	1130	800
parent_midgard_s9_B	midgard	9	B	parent	OPP	_v488beltbreak2	Core destroyed	382	0	710	2220
flagoff_midgard_s9_B	midgard	9	B	flagoff	US	flagoff_arm	Core destroyed	705	0	2200	610
v527_midgard_s10_A	midgard	10	A	v527	OPP	_v488beltbreak2	Titanium collected (tiebreak)	1000	0	860	880
parent_midgard_s10_A	midgard	10	A	parent	US	parent_arm	Core destroyed	170	0	1070	740
flagoff_midgard_s10_A	midgard	10	A	flagoff	US	flagoff_arm	Core destroyed	286	0	2830	1100
v527_midgard_s10_B	midgard	10	B	v527	OPP	_v488beltbreak2	Core destroyed	272	0	890	1280
parent_midgard_s10_B	midgard	10	B	parent	US	parent_arm	Core destroyed	241	0	580	670
flagoff_midgard_s10_B	midgard	10	B	flagoff	US	flagoff_arm	Titanium collected (tiebreak)	1000	0	890	580
v527_atoll_s11_A	atoll	11	A	v527	US	_v527collar	Titanium collected (tiebreak)	1000	0	2670	160
parent_atoll_s11_A	atoll	11	A	parent	OPP	_v488beltbreak2	Titanium collected (tiebreak)	1000	0	260	2590
flagoff_atoll_s11_A	atoll	11	A	flagoff	OPP	_v488beltbreak2	Core destroyed	463	0	240	1320
v527_atoll_s11_B	atoll	11	B	v527	OPP	_v488beltbreak2	Core destroyed	144	0	680	1250
parent_atoll_s11_B	atoll	11	B	parent	US	parent_arm	Core destroyed	122	0	580	350
flagoff_atoll_s11_B	atoll	11	B	flagoff	US	flagoff_arm	Core destroyed	111	0	380	170
v527_atoll_s12_A	atoll	12	A	v527	US	_v527collar	Core destroyed	389	0	1910	1530
parent_atoll_s12_A	atoll	12	A	parent	OPP	_v488beltbreak2	Core destroyed	152	0	280	1300
flagoff_atoll_s12_A	atoll	12	A	flagoff	OPP	_v488beltbreak2	Core destroyed	325	0	1360	3390
v527_atoll_s12_B	atoll	12	B	v527	OPP	_v488beltbreak2	Titanium collected (tiebreak)	1000	0	6330	9720
parent_atoll_s12_B	atoll	12	B	parent	US	parent_arm	Core destroyed	601	0	5550	2530
flagoff_atoll_s12_B	atoll	12	B	flagoff	US	flagoff_arm	Core destroyed	486	0	2400	260
v527_drakkarfjord_s11_A	drakkarfjord	11	A	v527	US	_v527collar	Core destroyed	116	0	340	240
parent_drakkarfjord_s11_A	drakkarfjord	11	A	parent	US	parent_arm	Core destroyed	99	0	290	0
flagoff_drakkarfjord_s11_A	drakkarfjord	11	A	flagoff	US	flagoff_arm	Core destroyed	92	0	340	0
v527_drakkarfjord_s11_B	drakkarfjord	11	B	v527	US	_v527collar	Core destroyed	98	0	300	0
parent_drakkarfjord_s11_B	drakkarfjord	11	B	parent	US	parent_arm	Core destroyed	101	0	280	0
flagoff_drakkarfjord_s11_B	drakkarfjord	11	B	flagoff	US	flagoff_arm	Core destroyed	117	0	360	0
v527_drakkarfjord_s12_A	drakkarfjord	12	A	v527	US	_v527collar	Core destroyed	283	0	480	360
parent_drakkarfjord_s12_A	drakkarfjord	12	A	parent	US	parent_arm	Core destroyed	144	0	410	0
flagoff_drakkarfjord_s12_A	drakkarfjord	12	A	flagoff	US	flagoff_arm	Core destroyed	88	0	280	0
v527_drakkarfjord_s12_B	drakkarfjord	12	B	v527	US	_v527collar	Core destroyed	116	0	340	0
parent_drakkarfjord_s12_B	drakkarfjord	12	B	parent	US	parent_arm	Core destroyed	284	0	3340	0
flagoff_drakkarfjord_s12_B	drakkarfjord	12	B	flagoff	US	flagoff_arm	Core destroyed	544	0	1320	0
v527_glacierkeep_s11_A	glacierkeep	11	A	v527	US	_v527collar	Core destroyed	115	0	350	0
parent_glacierkeep_s11_A	glacierkeep	11	A	parent	OPP	_v488beltbreak2	Core destroyed	591	0	1120	5680
flagoff_glacierkeep_s11_A	glacierkeep	11	A	flagoff	US	flagoff_arm	Core destroyed	173	0	170	0
v527_glacierkeep_s11_B	glacierkeep	11	B	v527	US	_v527collar	Core destroyed	253	0	0	0
parent_glacierkeep_s11_B	glacierkeep	11	B	parent	US	parent_arm	Core destroyed	217	0	0	0
flagoff_glacierkeep_s11_B	glacierkeep	11	B	flagoff	US	flagoff_arm	Titanium collected (tiebreak)	1000	0	200	0
v527_glacierkeep_s12_A	glacierkeep	12	A	v527	US	_v527collar	Core destroyed	110	0	230	0
parent_glacierkeep_s12_A	glacierkeep	12	A	parent	US	parent_arm	Core destroyed	126	0	310	0
flagoff_glacierkeep_s12_A	glacierkeep	12	A	flagoff	US	flagoff_arm	Core destroyed	165	0	150	0
v527_glacierkeep_s12_B	glacierkeep	12	B	v527	US	_v527collar	Core destroyed	333	0	0	0
parent_glacierkeep_s12_B	glacierkeep	12	B	parent	US	parent_arm	Titanium collected (tiebreak)	1000	0	1270	0
flagoff_glacierkeep_s12_B	glacierkeep	12	B	flagoff	US	flagoff_arm	Titanium collected (tiebreak)	1000	0	310	0
v527_nordkap_s11_A	nordkap	11	A	v527	US	_v527collar	Core destroyed	354	0	870	90
parent_nordkap_s11_A	nordkap	11	A	parent	US	parent_arm	Core destroyed	277	0	140	90
flagoff_nordkap_s11_A	nordkap	11	A	flagoff	US	flagoff_arm	Core destroyed	210	0	1170	230
v527_nordkap_s11_B	nordkap	11	B	v527	US	_v527collar	Core destroyed	133	0	310	90
parent_nordkap_s11_B	nordkap	11	B	parent	US	parent_arm	Core destroyed	133	0	310	90
flagoff_nordkap_s11_B	nordkap	11	B	flagoff	US	flagoff_arm	Titanium collected (tiebreak)	1000	0	15320	3450
v527_nordkap_s12_A	nordkap	12	A	v527	US	_v527collar	Core destroyed	241	0	110	70
parent_nordkap_s12_A	nordkap	12	A	parent	OPP	_v488beltbreak2	Core destroyed	211	0	90	2490
flagoff_nordkap_s12_A	nordkap	12	A	flagoff	US	flagoff_arm	Core destroyed	210	0	1170	230
v527_nordkap_s12_B	nordkap	12	B	v527	OPP	_v488beltbreak2	Titanium collected (tiebreak)	1000	0	70	410
parent_nordkap_s12_B	nordkap	12	B	parent	OPP	_v488beltbreak2	Core destroyed	212	0	110	520
flagoff_nordkap_s12_B	nordkap	12	B	flagoff	US	flagoff_arm	Core destroyed	133	0	310	90
v527_yulerune_s11_A	yulerune	11	A	v527	US	_v527collar	Core destroyed	88	0	240	0
parent_yulerune_s11_A	yulerune	11	A	parent	US	parent_arm	Core destroyed	712	0	230	40
flagoff_yulerune_s11_A	yulerune	11	A	flagoff	US	flagoff_arm	Core destroyed	241	0	1440	0
v527_yulerune_s11_B	yulerune	11	B	v527	US	_v527collar	Core destroyed	84	0	210	0
parent_yulerune_s11_B	yulerune	11	B	parent	US	parent_arm	Core destroyed	125	0	200	50
flagoff_yulerune_s11_B	yulerune	11	B	flagoff	US	flagoff_arm	Core destroyed	117	0	180	0
v527_yulerune_s12_A	yulerune	12	A	v527	US	_v527collar	Core destroyed	97	0	230	0
parent_yulerune_s12_A	yulerune	12	A	parent	US	parent_arm	Core destroyed	197	0	200	150
flagoff_yulerune_s12_A	yulerune	12	A	flagoff	OPP	_v488beltbreak2	Core destroyed	425	0	220	160
v527_yulerune_s12_B	yulerune	12	B	v527	US	_v527collar	Core destroyed	88	0	230	0
parent_yulerune_s12_B	yulerune	12	B	parent	US	parent_arm	Core destroyed	474	0	3940	0
flagoff_yulerune_s12_B	yulerune	12	B	flagoff	US	flagoff_arm	Core destroyed	140	0	610	0
v527_antler_s11_A	antler	11	A	v527	US	_v527collar	Core destroyed	199	0	950	500
parent_antler_s11_A	antler	11	A	parent	US	parent_arm	Core destroyed	194	0	2260	720
flagoff_antler_s11_A	antler	11	A	flagoff	US	flagoff_arm	Core destroyed	199	0	950	500
v527_antler_s11_B	antler	11	B	v527	US	_v527collar	Core destroyed	185	0	570	80
parent_antler_s11_B	antler	11	B	parent	US	parent_arm	Core destroyed	316	0	2570	580
flagoff_antler_s11_B	antler	11	B	flagoff	US	flagoff_arm	Core destroyed	114	0	540	110
v527_antler_s12_A	antler	12	A	v527	OPP	_v488beltbreak2	Core destroyed	274	0	840	3030
parent_antler_s12_A	antler	12	A	parent	US	parent_arm	Core destroyed	168	0	1030	520
flagoff_antler_s12_A	antler	12	A	flagoff	US	flagoff_arm	Core destroyed	317	0	3500	1390
v527_antler_s12_B	antler	12	B	v527	US	_v527collar	Core destroyed	149	0	1250	0
parent_antler_s12_B	antler	12	B	parent	US	parent_arm	Core destroyed	207	0	1130	310
flagoff_antler_s12_B	antler	12	B	flagoff	US	flagoff_arm	Core destroyed	141	0	370	80
v527_fjordgate_s11_A	fjordgate	11	A	v527	OPP	_v488beltbreak2	Core destroyed	412	0	140	220
parent_fjordgate_s11_A	fjordgate	11	A	parent	OPP	_v488beltbreak2	Core destroyed	126	0	400	290
flagoff_fjordgate_s11_A	fjordgate	11	A	flagoff	US	flagoff_arm	Core destroyed	246	0	800	0
v527_fjordgate_s11_B	fjordgate	11	B	v527	US	_v527collar	Core destroyed	159	0	1130	0
parent_fjordgate_s11_B	fjordgate	11	B	parent	US	parent_arm	Core destroyed	252	0	1370	630
flagoff_fjordgate_s11_B	fjordgate	11	B	flagoff	US	flagoff_arm	Core destroyed	235	0	580	0
v527_fjordgate_s12_A	fjordgate	12	A	v527	US	_v527collar	Core destroyed	451	0	1190	460
parent_fjordgate_s12_A	fjordgate	12	A	parent	US	parent_arm	Core destroyed	200	0	600	270
flagoff_fjordgate_s12_A	fjordgate	12	A	flagoff	US	flagoff_arm	Core destroyed	179	0	840	150
v527_fjordgate_s12_B	fjordgate	12	B	v527	US	_v527collar	Core destroyed	172	0	260	0
parent_fjordgate_s12_B	fjordgate	12	B	parent	US	parent_arm	Titanium collected (tiebreak)	1000	0	620	390
flagoff_fjordgate_s12_B	fjordgate	12	B	flagoff	US	flagoff_arm	Core destroyed	156	0	740	220
v527_midgard_s11_A	midgard	11	A	v527	OPP	_v488beltbreak2	Core destroyed	338	0	750	2300
parent_midgard_s11_A	midgard	11	A	parent	OPP	_v488beltbreak2	Core destroyed	377	0	680	710
flagoff_midgard_s11_A	midgard	11	A	flagoff	OPP	_v488beltbreak2	Core destroyed	143	0	720	1150
v527_midgard_s11_B	midgard	11	B	v527	US	_v527collar	Core destroyed	347	0	1210	800
parent_midgard_s11_B	midgard	11	B	parent	US	parent_arm	Core destroyed	490	0	720	600
flagoff_midgard_s11_B	midgard	11	B	flagoff	US	flagoff_arm	Core destroyed	216	0	1730	460
v527_midgard_s12_A	midgard	12	A	v527	OPP	_v488beltbreak2	Core destroyed	696	0	550	1920
parent_midgard_s12_A	midgard	12	A	parent	US	parent_arm	Core destroyed	474	0	4590	2810
flagoff_midgard_s12_A	midgard	12	A	flagoff	OPP	_v488beltbreak2	Core destroyed	453	0	710	1210
v527_midgard_s12_B	midgard	12	B	v527	OPP	_v488beltbreak2	Core destroyed	571	0	600	1080
parent_midgard_s12_B	midgard	12	B	parent	US	parent_arm	Titanium collected (tiebreak)	1000	0	950	680
flagoff_midgard_s12_B	midgard	12	B	flagoff	OPP	_v488beltbreak2	Core destroyed	168	0	590	780
v527_atoll_s13_A	atoll	13	A	v527	US	_v527collar	Core destroyed	278	0	2240	1210
parent_atoll_s13_A	atoll	13	A	parent	US	parent_arm	Core destroyed	139	0	660	250
flagoff_atoll_s13_A	atoll	13	A	flagoff	OPP	_v488beltbreak2	Core destroyed	401	0	1610	2190
v527_atoll_s13_B	atoll	13	B	v527	OPP	_v488beltbreak2	Core destroyed	311	0	390	2430
parent_atoll_s13_B	atoll	13	B	parent	OPP	_v488beltbreak2	Core destroyed	175	0	540	1740
flagoff_atoll_s13_B	atoll	13	B	flagoff	OPP	_v488beltbreak2	Core destroyed	235	0	550	1140
v527_atoll_s14_A	atoll	14	A	v527	US	_v527collar	Core destroyed	544	0	2690	2160
parent_atoll_s14_A	atoll	14	A	parent	US	parent_arm	Core destroyed	584	0	2820	2860
flagoff_atoll_s14_A	atoll	14	A	flagoff	OPP	_v488beltbreak2	Core destroyed	343	0	1200	3890
v527_atoll_s14_B	atoll	14	B	v527	OPP	_v488beltbreak2	Core destroyed	413	0	330	2020
parent_atoll_s14_B	atoll	14	B	parent	US	parent_arm	Core destroyed	169	0	810	450
flagoff_atoll_s14_B	atoll	14	B	flagoff	US	flagoff_arm	Core destroyed	347	0	3540	1140
v527_drakkarfjord_s13_A	drakkarfjord	13	A	v527	OPP	_v488beltbreak2	Core destroyed	363	0	1260	3530
parent_drakkarfjord_s13_A	drakkarfjord	13	A	parent	US	parent_arm	Core destroyed	92	0	340	0
flagoff_drakkarfjord_s13_A	drakkarfjord	13	A	flagoff	US	flagoff_arm	Core destroyed	99	0	290	0
v527_drakkarfjord_s13_B	drakkarfjord	13	B	v527	US	_v527collar	Core destroyed	124	0	340	60
parent_drakkarfjord_s13_B	drakkarfjord	13	B	parent	US	parent_arm	Core destroyed	383	0	800	0
flagoff_drakkarfjord_s13_B	drakkarfjord	13	B	flagoff	US	flagoff_arm	Core destroyed	122	0	350	0
v527_drakkarfjord_s14_A	drakkarfjord	14	A	v527	US	_v527collar	Core destroyed	89	0	340	0
parent_drakkarfjord_s14_A	drakkarfjord	14	A	parent	US	parent_arm	Core destroyed	93	0	340	0
flagoff_drakkarfjord_s14_A	drakkarfjord	14	A	flagoff	US	flagoff_arm	Core destroyed	91	0	260	0
v527_drakkarfjord_s14_B	drakkarfjord	14	B	v527	US	_v527collar	Core destroyed	461	0	420	0
parent_drakkarfjord_s14_B	drakkarfjord	14	B	parent	US	parent_arm	Core destroyed	96	0	320	0
flagoff_drakkarfjord_s14_B	drakkarfjord	14	B	flagoff	US	flagoff_arm	Core destroyed	101	0	280	0
v527_glacierkeep_s13_A	glacierkeep	13	A	v527	US	_v527collar	Core destroyed	111	0	240	0
parent_glacierkeep_s13_A	glacierkeep	13	A	parent	US	parent_arm	Core destroyed	111	0	420	0
flagoff_glacierkeep_s13_A	glacierkeep	13	A	flagoff	US	flagoff_arm	Core destroyed	123	0	300	0
v527_glacierkeep_s13_B	glacierkeep	13	B	v527	US	_v527collar	Core destroyed	245	0	0	0
parent_glacierkeep_s13_B	glacierkeep	13	B	parent	US	parent_arm	Core destroyed	143	0	570	0
flagoff_glacierkeep_s13_B	glacierkeep	13	B	flagoff	US	flagoff_arm	Harvesters (tiebreak)	1000	0	0	0
v527_glacierkeep_s14_A	glacierkeep	14	A	v527	US	_v527collar	Core destroyed	110	0	230	0
parent_glacierkeep_s14_A	glacierkeep	14	A	parent	US	parent_arm	Core destroyed	123	0	330	0
flagoff_glacierkeep_s14_A	glacierkeep	14	A	flagoff	US	flagoff_arm	Core destroyed	195	0	430	0
v527_glacierkeep_s14_B	glacierkeep	14	B	v527	US	_v527collar	Core destroyed	277	0	0	0
parent_glacierkeep_s14_B	glacierkeep	14	B	parent	US	parent_arm	Core destroyed	217	0	0	0
flagoff_glacierkeep_s14_B	glacierkeep	14	B	flagoff	US	flagoff_arm	Core destroyed	441	0	0	0
v527_nordkap_s13_A	nordkap	13	A	v527	US	_v527collar	Core destroyed	304	0	750	50
parent_nordkap_s13_A	nordkap	13	A	parent	US	parent_arm	Core destroyed	117	0	270	0
flagoff_nordkap_s13_A	nordkap	13	A	flagoff	US	flagoff_arm	Core destroyed	145	0	180	50
v527_nordkap_s13_B	nordkap	13	B	v527	US	_v527collar	Core destroyed	157	0	370	130
parent_nordkap_s13_B	nordkap	13	B	parent	US	parent_arm	Core destroyed	117	0	170	10
flagoff_nordkap_s13_B	nordkap	13	B	flagoff	OPP	_v488beltbreak2	Core destroyed	337	0	350	130
v527_nordkap_s14_A	nordkap	14	A	v527	US	_v527collar	Core destroyed	485	0	2240	70
parent_nordkap_s14_A	nordkap	14	A	parent	US	parent_arm	Core destroyed	107	0	480	60
flagoff_nordkap_s14_A	nordkap	14	A	flagoff	US	flagoff_arm	Core destroyed	354	0	870	90
v527_nordkap_s14_B	nordkap	14	B	v527	US	_v527collar	Core destroyed	428	0	1050	470
parent_nordkap_s14_B	nordkap	14	B	parent	OPP	_v488beltbreak2	Titanium collected (tiebreak)	1000	0	90	280
flagoff_nordkap_s14_B	nordkap	14	B	flagoff	OPP	_v488beltbreak2	Core destroyed	273	0	110	320
v527_yulerune_s13_A	yulerune	13	A	v527	US	_v527collar	Core destroyed	189	0	250	0
parent_yulerune_s13_A	yulerune	13	A	parent	US	parent_arm	Core destroyed	85	0	210	0
flagoff_yulerune_s13_A	yulerune	13	A	flagoff	US	flagoff_arm	Core destroyed	88	0	220	0
v527_yulerune_s13_B	yulerune	13	B	v527	US	_v527collar	Core destroyed	153	0	240	10
parent_yulerune_s13_B	yulerune	13	B	parent	US	parent_arm	Core destroyed	156	0	670	0
flagoff_yulerune_s13_B	yulerune	13	B	flagoff	US	flagoff_arm	Core destroyed	156	0	470	0
v527_yulerune_s14_A	yulerune	14	A	v527	OPP	_v488beltbreak2	Core destroyed	744	0	280	2910
parent_yulerune_s14_A	yulerune	14	A	parent	US	parent_arm	Core destroyed	97	0	230	0
flagoff_yulerune_s14_A	yulerune	14	A	flagoff	US	flagoff_arm	Core destroyed	678	0	230	0
v527_yulerune_s14_B	yulerune	14	B	v527	US	_v527collar	Core destroyed	189	0	240	0
parent_yulerune_s14_B	yulerune	14	B	parent	US	parent_arm	Core destroyed	96	0	310	0
flagoff_yulerune_s14_B	yulerune	14	B	flagoff	US	flagoff_arm	Core destroyed	190	0	240	110
v527_antler_s13_A	antler	13	A	v527	OPP	_v488beltbreak2	Core destroyed	401	0	1950	3710
parent_antler_s13_A	antler	13	A	parent	US	parent_arm	Core destroyed	258	0	770	920
flagoff_antler_s13_A	antler	13	A	flagoff	US	flagoff_arm	Core destroyed	404	0	3940	430
v527_antler_s13_B	antler	13	B	v527	US	_v527collar	Core destroyed	155	0	380	100
parent_antler_s13_B	antler	13	B	parent	US	parent_arm	Core destroyed	196	0	940	470
flagoff_antler_s13_B	antler	13	B	flagoff	US	flagoff_arm	Titanium collected (tiebreak)	1000	0	230	0
v527_antler_s14_A	antler	14	A	v527	US	_v527collar	Core destroyed	272	0	2410	1460
parent_antler_s14_A	antler	14	A	parent	US	parent_arm	Core destroyed	216	0	1590	340
flagoff_antler_s14_A	antler	14	A	flagoff	US	flagoff_arm	Core destroyed	238	0	1680	1590
v527_antler_s14_B	antler	14	B	v527	US	_v527collar	Core destroyed	172	0	530	70
parent_antler_s14_B	antler	14	B	parent	US	parent_arm	Core destroyed	309	0	1500	360
flagoff_antler_s14_B	antler	14	B	flagoff	US	flagoff_arm	Core destroyed	168	0	960	410
v527_fjordgate_s13_A	fjordgate	13	A	v527	OPP	_v488beltbreak2	Core destroyed	360	0	930	1970
parent_fjordgate_s13_A	fjordgate	13	A	parent	US	parent_arm	Core destroyed	255	0	950	0
flagoff_fjordgate_s13_A	fjordgate	13	A	flagoff	US	flagoff_arm	Core destroyed	314	0	810	810
v527_fjordgate_s13_B	fjordgate	13	B	v527	OPP	_v488beltbreak2	Core destroyed	561	0	60	640
parent_fjordgate_s13_B	fjordgate	13	B	parent	US	parent_arm	Core destroyed	241	0	1630	320
flagoff_fjordgate_s13_B	fjordgate	13	B	flagoff	US	flagoff_arm	Titanium collected (tiebreak)	1000	0	2530	2460
v527_fjordgate_s14_A	fjordgate	14	A	v527	OPP	_v488beltbreak2	Core destroyed	181	0	460	1400
parent_fjordgate_s14_A	fjordgate	14	A	parent	OPP	_v488beltbreak2	Core destroyed	143	0	510	1230
flagoff_fjordgate_s14_A	fjordgate	14	A	flagoff	US	flagoff_arm	Titanium collected (tiebreak)	1000	0	2890	2470
v527_fjordgate_s14_B	fjordgate	14	B	v527	OPP	_v488beltbreak2	Core destroyed	390	0	420	1030
parent_fjordgate_s14_B	fjordgate	14	B	parent	US	parent_arm	Core destroyed	207	0	1120	490
flagoff_fjordgate_s14_B	fjordgate	14	B	flagoff	US	flagoff_arm	Core destroyed	160	0	1310	0
v527_midgard_s13_A	midgard	13	A	v527	US	_v527collar	Core destroyed	269	0	1510	2550
parent_midgard_s13_A	midgard	13	A	parent	OPP	_v488beltbreak2	Core destroyed	305	0	620	1260
flagoff_midgard_s13_A	midgard	13	A	flagoff	OPP	_v488beltbreak2	Core destroyed	167	0	610	1320
v527_midgard_s13_B	midgard	13	B	v527	US	_v527collar	Core destroyed	207	0	1580	920
parent_midgard_s13_B	midgard	13	B	parent	US	parent_arm	Core destroyed	205	0	1780	760
flagoff_midgard_s13_B	midgard	13	B	flagoff	OPP	_v488beltbreak2	Core destroyed	309	0	780	720
v527_midgard_s14_A	midgard	14	A	v527	US	_v527collar	Core destroyed	261	0	2760	820
parent_midgard_s14_A	midgard	14	A	parent	OPP	_v488beltbreak2	Core destroyed	305	0	540	510
flagoff_midgard_s14_A	midgard	14	A	flagoff	US	flagoff_arm	Core destroyed	237	0	990	750
v527_midgard_s14_B	midgard	14	B	v527	OPP	_v488beltbreak2	Core destroyed	196	0	780	1460
parent_midgard_s14_B	midgard	14	B	parent	OPP	_v488beltbreak2	Core destroyed	529	0	730	3870
flagoff_midgard_s14_B	midgard	14	B	flagoff	US	flagoff_arm	Core destroyed	224	0	1770	760
v527_atoll_s15_A	atoll	15	A	v527	US	_v527collar	Core destroyed	412	0	1440	680
parent_atoll_s15_A	atoll	15	A	parent	OPP	_v488beltbreak2	Core destroyed	419	0	2060	2060
flagoff_atoll_s15_A	atoll	15	A	flagoff	US	flagoff_arm	Core destroyed	329	0	2370	320
v527_atoll_s15_B	atoll	15	B	v527	OPP	_v488beltbreak2	Core destroyed	235	0	550	1140
parent_atoll_s15_B	atoll	15	B	parent	US	parent_arm	Core destroyed	142	0	680	430
flagoff_atoll_s15_B	atoll	15	B	flagoff	US	flagoff_arm	Core destroyed	226	0	1650	230
v527_atoll_s16_A	atoll	16	A	v527	OPP	_v488beltbreak2	Core destroyed	504	0	1270	3080
parent_atoll_s16_A	atoll	16	A	parent	OPP	_v488beltbreak2	Core destroyed	504	0	1360	4100
flagoff_atoll_s16_A	atoll	16	A	flagoff	US	flagoff_arm	Core destroyed	266	0	1300	220
v527_atoll_s16_B	atoll	16	B	v527	US	_v527collar	Core destroyed	142	0	680	430
parent_atoll_s16_B	atoll	16	B	parent	US	parent_arm	Core destroyed	445	0	4720	2170
flagoff_atoll_s16_B	atoll	16	B	flagoff	US	flagoff_arm	Core destroyed	466	0	2300	1210
v527_drakkarfjord_s15_A	drakkarfjord	15	A	v527	US	_v527collar	Core destroyed	121	0	500	0
parent_drakkarfjord_s15_A	drakkarfjord	15	A	parent	US	parent_arm	Core destroyed	100	0	430	0
flagoff_drakkarfjord_s15_A	drakkarfjord	15	A	flagoff	US	flagoff_arm	Core destroyed	88	0	320	0
v527_drakkarfjord_s15_B	drakkarfjord	15	B	v527	US	_v527collar	Core destroyed	100	0	280	0
parent_drakkarfjord_s15_B	drakkarfjord	15	B	parent	US	parent_arm	Core destroyed	116	0	340	0
flagoff_drakkarfjord_s15_B	drakkarfjord	15	B	flagoff	US	flagoff_arm	Core destroyed	114	0	340	0
v527_drakkarfjord_s16_A	drakkarfjord	16	A	v527	US	_v527collar	Core destroyed	88	0	270	0
parent_drakkarfjord_s16_A	drakkarfjord	16	A	parent	US	parent_arm	Core destroyed	100	0	430	0
flagoff_drakkarfjord_s16_A	drakkarfjord	16	A	flagoff	US	flagoff_arm	Core destroyed	112	0	420	0
v527_drakkarfjord_s16_B	drakkarfjord	16	B	v527	OPP	_v488beltbreak2	Core destroyed	521	0	250	0
parent_drakkarfjord_s16_B	drakkarfjord	16	B	parent	US	parent_arm	Core destroyed	96	0	320	0
flagoff_drakkarfjord_s16_B	drakkarfjord	16	B	flagoff	US	flagoff_arm	Core destroyed	383	0	800	0
v527_glacierkeep_s15_A	glacierkeep	15	A	v527	US	_v527collar	Core destroyed	120	0	470	0
parent_glacierkeep_s15_A	glacierkeep	15	A	parent	US	parent_arm	Core destroyed	123	0	260	0
flagoff_glacierkeep_s15_A	glacierkeep	15	A	flagoff	US	flagoff_arm	Core destroyed	124	0	280	0
v527_glacierkeep_s15_B	glacierkeep	15	B	v527	US	_v527collar	Harvesters (tiebreak)	1000	0	0	0
parent_glacierkeep_s15_B	glacierkeep	15	B	parent	US	parent_arm	Harvesters (tiebreak)	1000	0	0	0
flagoff_glacierkeep_s15_B	glacierkeep	15	B	flagoff	OPP	_v488beltbreak2	Titanium collected (tiebreak)	1000	0	290	1430
v527_glacierkeep_s16_A	glacierkeep	16	A	v527	OPP	_v488beltbreak2	Core destroyed	311	0	260	2120
parent_glacierkeep_s16_A	glacierkeep	16	A	parent	US	parent_arm	Core destroyed	116	0	450	0
flagoff_glacierkeep_s16_A	glacierkeep	16	A	flagoff	US	flagoff_arm	Core destroyed	116	0	450	0
v527_glacierkeep_s16_B	glacierkeep	16	B	v527	US	_v527collar	Titanium collected (tiebreak)	1000	0	130	0
parent_glacierkeep_s16_B	glacierkeep	16	B	parent	US	parent_arm	Core destroyed	629	0	320	0
flagoff_glacierkeep_s16_B	glacierkeep	16	B	flagoff	OPP	_v488beltbreak2	Harvesters (tiebreak)	1000	0	0	0
v527_nordkap_s15_A	nordkap	15	A	v527	US	_v527collar	Core destroyed	225	0	140	100
parent_nordkap_s15_A	nordkap	15	A	parent	US	parent_arm	Core destroyed	197	0	230	190
flagoff_nordkap_s15_A	nordkap	15	A	flagoff	US	flagoff_arm	Core destroyed	621	0	220	140
v527_nordkap_s15_B	nordkap	15	B	v527	US	_v527collar	Core destroyed	129	0	570	110
parent_nordkap_s15_B	nordkap	15	B	parent	US	parent_arm	Core destroyed	242	0	1150	80
flagoff_nordkap_s15_B	nordkap	15	B	flagoff	OPP	_v488beltbreak2	Core destroyed	161	0	90	100
v527_nordkap_s16_A	nordkap	16	A	v527	US	_v527collar	Core destroyed	351	0	300	330
parent_nordkap_s16_A	nordkap	16	A	parent	US	parent_arm	Core destroyed	133	0	260	60
flagoff_nordkap_s16_A	nordkap	16	A	flagoff	US	flagoff_arm	Core destroyed	406	0	860	350
v527_nordkap_s16_B	nordkap	16	B	v527	OPP	_v488beltbreak2	Core destroyed	573	0	110	110
parent_nordkap_s16_B	nordkap	16	B	parent	OPP	_v488beltbreak2	Core destroyed	567	0	110	1000
flagoff_nordkap_s16_B	nordkap	16	B	flagoff	US	flagoff_arm	Core destroyed	290	0	360	90
v527_yulerune_s15_A	yulerune	15	A	v527	US	_v527collar	Core destroyed	83	0	280	0
parent_yulerune_s15_A	yulerune	15	A	parent	OPP	_v488beltbreak2	Titanium collected (tiebreak)	1000	0	250	3420
flagoff_yulerune_s15_A	yulerune	15	A	flagoff	US	flagoff_arm	Core destroyed	109	0	190	0
v527_yulerune_s15_B	yulerune	15	B	v527	US	_v527collar	Titanium collected (tiebreak)	1000	0	1030	0
parent_yulerune_s15_B	yulerune	15	B	parent	US	parent_arm	Titanium collected (tiebreak)	1000	0	50	0
flagoff_yulerune_s15_B	yulerune	15	B	flagoff	US	flagoff_arm	Core destroyed	83	0	290	0
v527_yulerune_s16_A	yulerune	16	A	v527	OPP	_v488beltbreak2	Core destroyed	489	0	210	110
parent_yulerune_s16_A	yulerune	16	A	parent	US	parent_arm	Titanium collected (tiebreak)	1000	0	320	0
flagoff_yulerune_s16_A	yulerune	16	A	flagoff	US	flagoff_arm	Core destroyed	83	0	280	0
v527_yulerune_s16_B	yulerune	16	B	v527	US	_v527collar	Core destroyed	88	0	230	0
parent_yulerune_s16_B	yulerune	16	B	parent	US	parent_arm	Core destroyed	304	0	1950	0
flagoff_yulerune_s16_B	yulerune	16	B	flagoff	US	flagoff_arm	Core destroyed	304	0	1950	0
v527_antler_s15_A	antler	15	A	v527	US	_v527collar	Core destroyed	333	0	1630	1240
parent_antler_s15_A	antler	15	A	parent	US	parent_arm	Core destroyed	273	0	2010	670
flagoff_antler_s15_A	antler	15	A	flagoff	OPP	_v488beltbreak2	Core destroyed	301	0	2520	2170
v527_antler_s15_B	antler	15	B	v527	OPP	_v488beltbreak2	Core destroyed	141	0	740	1020
parent_antler_s15_B	antler	15	B	parent	US	parent_arm	Core destroyed	144	0	590	630
flagoff_antler_s15_B	antler	15	B	flagoff	US	flagoff_arm	Core destroyed	572	0	1420	480
v527_antler_s16_A	antler	16	A	v527	OPP	_v488beltbreak2	Core destroyed	374	0	2710	3680
parent_antler_s16_A	antler	16	A	parent	OPP	_v488beltbreak2	Core destroyed	169	0	1190	1510
flagoff_antler_s16_A	antler	16	A	flagoff	US	flagoff_arm	Core destroyed	133	0	770	870
v527_antler_s16_B	antler	16	B	v527	OPP	_v488beltbreak2	Core destroyed	284	0	680	3390
parent_antler_s16_B	antler	16	B	parent	US	parent_arm	Core destroyed	169	0	550	0
flagoff_antler_s16_B	antler	16	B	flagoff	US	flagoff_arm	Core destroyed	227	0	1640	670
v527_fjordgate_s15_A	fjordgate	15	A	v527	US	_v527collar	Core destroyed	172	0	700	770
parent_fjordgate_s15_A	fjordgate	15	A	parent	US	parent_arm	Core destroyed	153	0	720	80
flagoff_fjordgate_s15_A	fjordgate	15	A	flagoff	US	flagoff_arm	Core destroyed	300	0	1870	470
v527_fjordgate_s15_B	fjordgate	15	B	v527	US	_v527collar	Core destroyed	426	0	1040	0
parent_fjordgate_s15_B	fjordgate	15	B	parent	US	parent_arm	Core destroyed	287	0	1690	150
flagoff_fjordgate_s15_B	fjordgate	15	B	flagoff	OPP	_v488beltbreak2	Core destroyed	152	0	370	1080
v527_fjordgate_s16_A	fjordgate	16	A	v527	OPP	_v488beltbreak2	Core destroyed	398	0	1800	1760
parent_fjordgate_s16_A	fjordgate	16	A	parent	US	parent_arm	Core destroyed	236	0	1500	0
flagoff_fjordgate_s16_A	fjordgate	16	A	flagoff	OPP	_v488beltbreak2	Core destroyed	95	0	20	530
v527_fjordgate_s16_B	fjordgate	16	B	v527	US	_v527collar	Core destroyed	133	0	300	0
parent_fjordgate_s16_B	fjordgate	16	B	parent	US	parent_arm	Core destroyed	449	0	1790	940
flagoff_fjordgate_s16_B	fjordgate	16	B	flagoff	US	flagoff_arm	Core destroyed	410	0	1250	260
v527_midgard_s15_A	midgard	15	A	v527	OPP	_v488beltbreak2	Core destroyed	493	0	810	1110
parent_midgard_s15_A	midgard	15	A	parent	OPP	_v488beltbreak2	Core destroyed	645	0	580	850
flagoff_midgard_s15_A	midgard	15	A	flagoff	OPP	_v488beltbreak2	Core destroyed	241	0	590	1000
v527_midgard_s15_B	midgard	15	B	v527	OPP	_v488beltbreak2	Core destroyed	329	0	600	800
parent_midgard_s15_B	midgard	15	B	parent	OPP	_v488beltbreak2	Core destroyed	729	0	670	580
flagoff_midgard_s15_B	midgard	15	B	flagoff	OPP	_v488beltbreak2	Titanium collected (tiebreak)	1000	0	650	710
v527_midgard_s16_A	midgard	16	A	v527	US	_v527collar	Core destroyed	509	0	640	940
parent_midgard_s16_A	midgard	16	A	parent	US	parent_arm	Core destroyed	216	0	1110	580
flagoff_midgard_s16_A	midgard	16	A	flagoff	OPP	_v488beltbreak2	Core destroyed	340	0	730	2680
v527_midgard_s16_B	midgard	16	B	v527	US	_v527collar	Core destroyed	503	0	4760	2620
parent_midgard_s16_B	midgard	16	B	parent	US	parent_arm	Core destroyed	241	0	580	670
flagoff_midgard_s16_B	midgard	16	B	flagoff	US	flagoff_arm	Core destroyed	207	0	1620	690
v527_atoll_s17_A	atoll	17	A	v527	OPP	_v488beltbreak2	Titanium collected (tiebreak)	1000	0	5080	11520
parent_atoll_s17_A	atoll	17	A	parent	US	parent_arm	Core destroyed	505	0	2490	290
flagoff_atoll_s17_A	atoll	17	A	flagoff	US	flagoff_arm	Core destroyed	576	0	2900	4810
v527_atoll_s17_B	atoll	17	B	v527	OPP	_v488beltbreak2	Core destroyed	242	0	290	650
parent_atoll_s17_B	atoll	17	B	parent	OPP	_v488beltbreak2	Core destroyed	329	0	900	1620
flagoff_atoll_s17_B	atoll	17	B	flagoff	US	flagoff_arm	Core destroyed	532	0	3860	2510
v527_atoll_s18_A	atoll	18	A	v527	OPP	_v488beltbreak2	Core destroyed	259	0	350	1030
parent_atoll_s18_A	atoll	18	A	parent	US	parent_arm	Core destroyed	119	0	400	100
flagoff_atoll_s18_A	atoll	18	A	flagoff	US	flagoff_arm	Core destroyed	361	0	1000	850
v527_atoll_s18_B	atoll	18	B	v527	OPP	_v488beltbreak2	Core destroyed	350	0	420	960
parent_atoll_s18_B	atoll	18	B	parent	OPP	_v488beltbreak2	Core destroyed	413	0	330	2020
flagoff_atoll_s18_B	atoll	18	B	flagoff	US	flagoff_arm	Core destroyed	149	0	700	410
v527_drakkarfjord_s17_A	drakkarfjord	17	A	v527	US	_v527collar	Core destroyed	233	0	1060	210
parent_drakkarfjord_s17_A	drakkarfjord	17	A	parent	OPP	_v488beltbreak2	Titanium collected (tiebreak)	1000	0	310	370
flagoff_drakkarfjord_s17_A	drakkarfjord	17	A	flagoff	US	flagoff_arm	Core destroyed	115	0	340	0
v527_drakkarfjord_s17_B	drakkarfjord	17	B	v527	US	_v527collar	Core destroyed	96	0	320	0
parent_drakkarfjord_s17_B	drakkarfjord	17	B	parent	US	parent_arm	Core destroyed	691	0	4340	0
flagoff_drakkarfjord_s17_B	drakkarfjord	17	B	flagoff	US	flagoff_arm	Core destroyed	101	0	310	0
v527_drakkarfjord_s18_A	drakkarfjord	18	A	v527	US	_v527collar	Titanium collected (tiebreak)	1000	0	340	260
parent_drakkarfjord_s18_A	drakkarfjord	18	A	parent	US	parent_arm	Core destroyed	88	0	280	0
flagoff_drakkarfjord_s18_A	drakkarfjord	18	A	flagoff	OPP	_v488beltbreak2	Core destroyed	324	0	540	2810
v527_drakkarfjord_s18_B	drakkarfjord	18	B	v527	US	_v527collar	Core destroyed	96	0	320	0
parent_drakkarfjord_s18_B	drakkarfjord	18	B	parent	US	parent_arm	Core destroyed	250	0	2770	0
flagoff_drakkarfjord_s18_B	drakkarfjord	18	B	flagoff	US	flagoff_arm	Core destroyed	544	0	1320	0
v527_glacierkeep_s17_A	glacierkeep	17	A	v527	US	_v527collar	Core destroyed	177	0	670	0
parent_glacierkeep_s17_A	glacierkeep	17	A	parent	OPP	_v488beltbreak2	Core destroyed	332	0	300	3180
flagoff_glacierkeep_s17_A	glacierkeep	17	A	flagoff	US	flagoff_arm	Core destroyed	111	0	420	0
v527_glacierkeep_s17_B	glacierkeep	17	B	v527	US	_v527collar	Core destroyed	329	0	0	0
parent_glacierkeep_s17_B	glacierkeep	17	B	parent	US	parent_arm	Core destroyed	217	0	0	0
flagoff_glacierkeep_s17_B	glacierkeep	17	B	flagoff	OPP	_v488beltbreak2	Core destroyed	785	0	0	0
v527_glacierkeep_s18_A	glacierkeep	18	A	v527	US	_v527collar	Core destroyed	116	0	450	0
parent_glacierkeep_s18_A	glacierkeep	18	A	parent	US	parent_arm	Core destroyed	205	0	450	0
flagoff_glacierkeep_s18_A	glacierkeep	18	A	flagoff	US	flagoff_arm	Core destroyed	112	0	230	0
v527_glacierkeep_s18_B	glacierkeep	18	B	v527	US	_v527collar	Core destroyed	245	0	0	0
parent_glacierkeep_s18_B	glacierkeep	18	B	parent	US	parent_arm	Core destroyed	544	0	1290	0
flagoff_glacierkeep_s18_B	glacierkeep	18	B	flagoff	OPP	_v488beltbreak2	Core destroyed	617	0	320	0
v527_nordkap_s17_A	nordkap	17	A	v527	US	_v527collar	Core destroyed	144	0	380	120
parent_nordkap_s17_A	nordkap	17	A	parent	US	parent_arm	Core destroyed	905	0	120	170
flagoff_nordkap_s17_A	nordkap	17	A	flagoff	OPP	_v488beltbreak2	Core destroyed	852	0	1640	2920
v527_nordkap_s17_B	nordkap	17	B	v527	OPP	_v488beltbreak2	Core destroyed	293	0	90	60
parent_nordkap_s17_B	nordkap	17	B	parent	OPP	_v488beltbreak2	Core destroyed	309	0	90	60
flagoff_nordkap_s17_B	nordkap	17	B	flagoff	US	flagoff_arm	Core destroyed	133	0	310	90
v527_nordkap_s18_A	nordkap	18	A	v527	US	_v527collar	Core destroyed	665	0	540	1470
parent_nordkap_s18_A	nordkap	18	A	parent	US	parent_arm	Core destroyed	297	0	640	110
flagoff_nordkap_s18_A	nordkap	18	A	flagoff	US	flagoff_arm	Core destroyed	529	0	1030	230
v527_nordkap_s18_B	nordkap	18	B	v527	US	_v527collar	Core destroyed	286	0	4190	1830
parent_nordkap_s18_B	nordkap	18	B	parent	OPP	_v488beltbreak2	Titanium collected (tiebreak)	1000	0	120	130
flagoff_nordkap_s18_B	nordkap	18	B	flagoff	OPP	_v488beltbreak2	Core destroyed	172	0	120	1840
v527_yulerune_s17_A	yulerune	17	A	v527	US	_v527collar	Core destroyed	197	0	200	150
parent_yulerune_s17_A	yulerune	17	A	parent	OPP	_v488beltbreak2	Core destroyed	425	0	220	160
flagoff_yulerune_s17_A	yulerune	17	A	flagoff	US	flagoff_arm	Core destroyed	113	0	340	0
v527_yulerune_s17_B	yulerune	17	B	v527	US	_v527collar	Core destroyed	125	0	200	50
parent_yulerune_s17_B	yulerune	17	B	parent	US	parent_arm	Core destroyed	129	0	290	0
flagoff_yulerune_s17_B	yulerune	17	B	flagoff	US	flagoff_arm	Core destroyed	84	0	210	0
v527_yulerune_s18_A	yulerune	18	A	v527	US	_v527collar	Core destroyed	100	0	330	0
parent_yulerune_s18_A	yulerune	18	A	parent	US	parent_arm	Core destroyed	101	0	180	0
flagoff_yulerune_s18_A	yulerune	18	A	flagoff	OPP	_v488beltbreak2	Core destroyed	733	0	250	2930
v527_yulerune_s18_B	yulerune	18	B	v527	US	_v527collar	Core destroyed	157	0	210	110
parent_yulerune_s18_B	yulerune	18	B	parent	US	parent_arm	Core destroyed	614	0	1410	960
flagoff_yulerune_s18_B	yulerune	18	B	flagoff	US	flagoff_arm	Core destroyed	109	0	210	0
v527_antler_s17_A	antler	17	A	v527	OPP	_v488beltbreak2	Core destroyed	621	0	3070	4550
parent_antler_s17_A	antler	17	A	parent	OPP	_v488beltbreak2	Core destroyed	165	0	610	930
flagoff_antler_s17_A	antler	17	A	flagoff	US	flagoff_arm	Core destroyed	133	0	900	1030
v527_antler_s17_B	antler	17	B	v527	OPP	_v488beltbreak2	Core destroyed	262	0	780	1800
parent_antler_s17_B	antler	17	B	parent	US	parent_arm	Core destroyed	172	0	530	70
flagoff_antler_s17_B	antler	17	B	flagoff	US	flagoff_arm	Core destroyed	149	0	1260	0
v527_antler_s18_A	antler	18	A	v527	US	_v527collar	Core destroyed	489	0	2420	2400
parent_antler_s18_A	antler	18	A	parent	OPP	_v488beltbreak2	Core destroyed	138	0	900	1180
flagoff_antler_s18_A	antler	18	A	flagoff	US	flagoff_arm	Core destroyed	268	0	1150	1880
v527_antler_s18_B	antler	18	B	v527	US	_v527collar	Core destroyed	187	0	590	90
parent_antler_s18_B	antler	18	B	parent	US	parent_arm	Core destroyed	311	0	1580	0
flagoff_antler_s18_B	antler	18	B	flagoff	OPP	_v488beltbreak2	Core destroyed	273	0	510	1300
v527_fjordgate_s17_A	fjordgate	17	A	v527	US	_v527collar	Core destroyed	896	0	2430	0
parent_fjordgate_s17_A	fjordgate	17	A	parent	OPP	_v488beltbreak2	Core destroyed	416	0	1060	3920
flagoff_fjordgate_s17_A	fjordgate	17	A	flagoff	OPP	_v488beltbreak2	Core destroyed	185	0	200	470
v527_fjordgate_s17_B	fjordgate	17	B	v527	US	_v527collar	Core destroyed	301	0	840	0
parent_fjordgate_s17_B	fjordgate	17	B	parent	US	parent_arm	Core destroyed	163	0	540	70
flagoff_fjordgate_s17_B	fjordgate	17	B	flagoff	US	flagoff_arm	Core destroyed	195	0	930	110
v527_fjordgate_s18_A	fjordgate	18	A	v527	OPP	_v488beltbreak2	Core destroyed	152	0	720	820
parent_fjordgate_s18_A	fjordgate	18	A	parent	US	parent_arm	Core destroyed	236	0	850	250
flagoff_fjordgate_s18_A	fjordgate	18	A	flagoff	US	flagoff_arm	Core destroyed	755	0	2020	2130
v527_fjordgate_s18_B	fjordgate	18	B	v527	US	_v527collar	Core destroyed	397	0	2250	140
parent_fjordgate_s18_B	fjordgate	18	B	parent	OPP	_v488beltbreak2	Core destroyed	184	0	710	1240
flagoff_fjordgate_s18_B	fjordgate	18	B	flagoff	OPP	_v488beltbreak2	Core destroyed	454	0	1390	3110
v527_midgard_s17_A	midgard	17	A	v527	US	_v527collar	Core destroyed	422	0	2120	690
parent_midgard_s17_A	midgard	17	A	parent	OPP	_v488beltbreak2	Core destroyed	216	0	640	1130
flagoff_midgard_s17_A	midgard	17	A	flagoff	US	flagoff_arm	Core destroyed	196	0	1420	820
v527_midgard_s17_B	midgard	17	B	v527	US	_v527collar	Titanium collected (tiebreak)	1000	0	1030	730
parent_midgard_s17_B	midgard	17	B	parent	US	parent_arm	Core destroyed	161	0	1480	750
flagoff_midgard_s17_B	midgard	17	B	flagoff	US	flagoff_arm	Core destroyed	211	0	1690	1580
v527_midgard_s18_A	midgard	18	A	v527	US	_v527collar	Core destroyed	533	0	940	860
parent_midgard_s18_A	midgard	18	A	parent	US	parent_arm	Core destroyed	193	0	1340	590
flagoff_midgard_s18_A	midgard	18	A	flagoff	OPP	_v488beltbreak2	Titanium collected (tiebreak)	1000	0	610	780
v527_midgard_s18_B	midgard	18	B	v527	OPP	_v488beltbreak2	Titanium collected (tiebreak)	1000	0	640	720
parent_midgard_s18_B	midgard	18	B	parent	OPP	_v488beltbreak2	Core destroyed	161	0	580	1310
flagoff_midgard_s18_B	midgard	18	B	flagoff	US	flagoff_arm	Core destroyed	206	0	1640	490
v527_atoll_s19_A	atoll	19	A	v527	US	_v527collar	Core destroyed	674	0	3270	3310
parent_atoll_s19_A	atoll	19	A	parent	OPP	_v488beltbreak2	Core destroyed	611	0	290	2290
flagoff_atoll_s19_A	atoll	19	A	flagoff	US	flagoff_arm	Core destroyed	530	0	2790	440
v527_atoll_s19_B	atoll	19	B	v527	US	_v527collar	Titanium collected (tiebreak)	1000	0	5760	250
parent_atoll_s19_B	atoll	19	B	parent	US	parent_arm	Core destroyed	191	0	920	500
flagoff_atoll_s19_B	atoll	19	B	flagoff	OPP	_v488beltbreak2	Core destroyed	188	0	1250	880
v527_atoll_s20_A	atoll	20	A	v527	US	_v527collar	Core destroyed	242	0	1610	620
parent_atoll_s20_A	atoll	20	A	parent	US	parent_arm	Core destroyed	567	0	3210	2790
flagoff_atoll_s20_A	atoll	20	A	flagoff	US	flagoff_arm	Core destroyed	285	0	1310	750
v527_atoll_s20_B	atoll	20	B	v527	US	_v527collar	Core destroyed	430	0	2030	3000
parent_atoll_s20_B	atoll	20	B	parent	US	parent_arm	Titanium collected (tiebreak)	1000	0	8700	4970
flagoff_atoll_s20_B	atoll	20	B	flagoff	US	flagoff_arm	Core destroyed	156	0	750	500
v527_drakkarfjord_s19_A	drakkarfjord	19	A	v527	US	_v527collar	Core destroyed	117	0	480	0
parent_drakkarfjord_s19_A	drakkarfjord	19	A	parent	US	parent_arm	Core destroyed	232	0	1440	1470
flagoff_drakkarfjord_s19_A	drakkarfjord	19	A	flagoff	US	flagoff_arm	Core destroyed	100	0	430	0
v527_drakkarfjord_s19_B	drakkarfjord	19	B	v527	US	_v527collar	Core destroyed	96	0	320	0
parent_drakkarfjord_s19_B	drakkarfjord	19	B	parent	US	parent_arm	Core destroyed	101	0	310	0
flagoff_drakkarfjord_s19_B	drakkarfjord	19	B	flagoff	US	flagoff_arm	Core destroyed	122	0	350	0
v527_drakkarfjord_s20_A	drakkarfjord	20	A	v527	US	_v527collar	Core destroyed	141	0	600	0
parent_drakkarfjord_s20_A	drakkarfjord	20	A	parent	US	parent_arm	Core destroyed	99	0	290	0
flagoff_drakkarfjord_s20_A	drakkarfjord	20	A	flagoff	US	flagoff_arm	Core destroyed	99	0	300	0
v527_drakkarfjord_s20_B	drakkarfjord	20	B	v527	US	_v527collar	Core destroyed	518	0	2530	0
parent_drakkarfjord_s20_B	drakkarfjord	20	B	parent	US	parent_arm	Core destroyed	678	0	1660	0
flagoff_drakkarfjord_s20_B	drakkarfjord	20	B	flagoff	US	flagoff_arm	Titanium collected (tiebreak)	1000	0	340	0
v527_glacierkeep_s19_A	glacierkeep	19	A	v527	US	_v527collar	Core destroyed	143	0	410	0
parent_glacierkeep_s19_A	glacierkeep	19	A	parent	US	parent_arm	Core destroyed	110	0	230	0
flagoff_glacierkeep_s19_A	glacierkeep	19	A	flagoff	US	flagoff_arm	Core destroyed	130	0	350	0
v527_glacierkeep_s19_B	glacierkeep	19	B	v527	US	_v527collar	Harvesters (tiebreak)	1000	0	0	0
parent_glacierkeep_s19_B	glacierkeep	19	B	parent	US	parent_arm	Core destroyed	477	0	0	0
flagoff_glacierkeep_s19_B	glacierkeep	19	B	flagoff	OPP	_v488beltbreak2	Core destroyed	579	0	0	1130
v527_glacierkeep_s20_A	glacierkeep	20	A	v527	US	_v527collar	Core destroyed	111	0	310	0
parent_glacierkeep_s20_A	glacierkeep	20	A	parent	OPP	_v488beltbreak2	Core destroyed	277	0	140	0
flagoff_glacierkeep_s20_A	glacierkeep	20	A	flagoff	US	flagoff_arm	Core destroyed	143	0	590	0
v527_glacierkeep_s20_B	glacierkeep	20	B	v527	US	_v527collar	Core destroyed	617	0	0	0
parent_glacierkeep_s20_B	glacierkeep	20	B	parent	US	parent_arm	Harvesters (tiebreak)	1000	0	0	0
flagoff_glacierkeep_s20_B	glacierkeep	20	B	flagoff	US	flagoff_arm	Core destroyed	217	0	0	0
v527_nordkap_s19_A	nordkap	19	A	v527	US	_v527collar	Core destroyed	127	0	580	70
parent_nordkap_s19_A	nordkap	19	A	parent	US	parent_arm	Core destroyed	102	0	290	110
flagoff_nordkap_s19_A	nordkap	19	A	flagoff	US	flagoff_arm	Core destroyed	134	0	310	100
v527_nordkap_s19_B	nordkap	19	B	v527	OPP	_v488beltbreak2	Core destroyed	204	0	150	1260
parent_nordkap_s19_B	nordkap	19	B	parent	OPP	_v488beltbreak2	Core destroyed	761	0	1880	90
flagoff_nordkap_s19_B	nordkap	19	B	flagoff	US	flagoff_arm	Core destroyed	489	0	2600	3050
v527_nordkap_s20_A	nordkap	20	A	v527	US	_v527collar	Core destroyed	129	0	300	90
parent_nordkap_s20_A	nordkap	20	A	parent	US	parent_arm	Core destroyed	427	0	1810	0
flagoff_nordkap_s20_A	nordkap	20	A	flagoff	US	flagoff_arm	Core destroyed	296	0	1380	1390
v527_nordkap_s20_B	nordkap	20	B	v527	US	_v527collar	Core destroyed	509	0	130	190
parent_nordkap_s20_B	nordkap	20	B	parent	US	parent_arm	Core destroyed	137	0	320	140
flagoff_nordkap_s20_B	nordkap	20	B	flagoff	OPP	_v488beltbreak2	Core destroyed	240	0	140	1230
v527_yulerune_s19_A	yulerune	19	A	v527	US	_v527collar	Titanium collected (tiebreak)	1000	0	2410	1530
parent_yulerune_s19_A	yulerune	19	A	parent	US	parent_arm	Core destroyed	83	0	250	0
flagoff_yulerune_s19_A	yulerune	19	A	flagoff	US	flagoff_arm	Core destroyed	173	0	200	40
v527_yulerune_s19_B	yulerune	19	B	v527	US	_v527collar	Core destroyed	337	0	280	0
parent_yulerune_s19_B	yulerune	19	B	parent	US	parent_arm	Core destroyed	233	0	270	0
flagoff_yulerune_s19_B	yulerune	19	B	flagoff	US	flagoff_arm	Core destroyed	96	0	310	0
v527_yulerune_s20_A	yulerune	20	A	v527	US	_v527collar	Core destroyed	720	0	230	430
parent_yulerune_s20_A	yulerune	20	A	parent	US	parent_arm	Core destroyed	91	0	250	0
flagoff_yulerune_s20_A	yulerune	20	A	flagoff	US	flagoff_arm	Core destroyed	106	0	330	0
v527_yulerune_s20_B	yulerune	20	B	v527	US	_v527collar	Core destroyed	89	0	230	0
parent_yulerune_s20_B	yulerune	20	B	parent	US	parent_arm	Core destroyed	96	0	310	0
flagoff_yulerune_s20_B	yulerune	20	B	flagoff	US	flagoff_arm	Core destroyed	153	0	240	10
v527_antler_s19_A	antler	19	A	v527	US	_v527collar	Core destroyed	298	0	3070	1320
parent_antler_s19_A	antler	19	A	parent	US	parent_arm	Core destroyed	201	0	1450	960
flagoff_antler_s19_A	antler	19	A	flagoff	US	flagoff_arm	Core destroyed	273	0	2820	650
v527_antler_s19_B	antler	19	B	v527	OPP	_v488beltbreak2	Titanium collected (tiebreak)	1000	0	2480	4940
parent_antler_s19_B	antler	19	B	parent	US	parent_arm	Core destroyed	161	0	770	250
flagoff_antler_s19_B	antler	19	B	flagoff	OPP	_v488beltbreak2	Core destroyed	189	0	330	470
v527_antler_s20_A	antler	20	A	v527	US	_v527collar	Core destroyed	300	0	2180	950
parent_antler_s20_A	antler	20	A	parent	US	parent_arm	Core destroyed	219	0	1070	860
flagoff_antler_s20_A	antler	20	A	flagoff	US	flagoff_arm	Core destroyed	173	0	420	540
v527_antler_s20_B	antler	20	B	v527	US	_v527collar	Titanium collected (tiebreak)	1000	0	200	80
parent_antler_s20_B	antler	20	B	parent	US	parent_arm	Titanium collected (tiebreak)	1000	0	200	80
flagoff_antler_s20_B	antler	20	B	flagoff	US	flagoff_arm	Core destroyed	193	0	480	200
v527_fjordgate_s19_A	fjordgate	19	A	v527	OPP	_v488beltbreak2	Core destroyed	539	0	1640	1460
parent_fjordgate_s19_A	fjordgate	19	A	parent	OPP	_v488beltbreak2	Core destroyed	146	0	420	1210
flagoff_fjordgate_s19_A	fjordgate	19	A	flagoff	US	flagoff_arm	Core destroyed	169	0	780	20
v527_fjordgate_s19_B	fjordgate	19	B	v527	US	_v527collar	Core destroyed	202	0	1200	0
parent_fjordgate_s19_B	fjordgate	19	B	parent	US	parent_arm	Core destroyed	152	0	520	0
flagoff_fjordgate_s19_B	fjordgate	19	B	flagoff	OPP	_v488beltbreak2	Core destroyed	173	0	820	70
v527_fjordgate_s20_A	fjordgate	20	A	v527	US	_v527collar	Core destroyed	134	0	630	180
parent_fjordgate_s20_A	fjordgate	20	A	parent	US	parent_arm	Core destroyed	323	0	1090	250
flagoff_fjordgate_s20_A	fjordgate	20	A	flagoff	OPP	_v488beltbreak2	Core destroyed	181	0	580	1150
v527_fjordgate_s20_B	fjordgate	20	B	v527	US	_v527collar	Core destroyed	163	0	520	290
parent_fjordgate_s20_B	fjordgate	20	B	parent	US	parent_arm	Core destroyed	284	0	1790	600
flagoff_fjordgate_s20_B	fjordgate	20	B	flagoff	OPP	_v488beltbreak2	Titanium collected (tiebreak)	1000	0	120	600
v527_midgard_s19_A	midgard	19	A	v527	US	_v527collar	Core destroyed	192	0	1800	520
parent_midgard_s19_A	midgard	19	A	parent	US	parent_arm	Core destroyed	404	0	2920	580
flagoff_midgard_s19_A	midgard	19	A	flagoff	US	flagoff_arm	Core destroyed	215	0	1640	710
v527_midgard_s19_B	midgard	19	B	v527	US	_v527collar	Core destroyed	273	0	670	610
parent_midgard_s19_B	midgard	19	B	parent	US	parent_arm	Titanium collected (tiebreak)	1000	0	970	610
flagoff_midgard_s19_B	midgard	19	B	flagoff	US	flagoff_arm	Core destroyed	168	0	1270	640
v527_midgard_s20_A	midgard	20	A	v527	US	_v527collar	Core destroyed	212	0	1240	410
parent_midgard_s20_A	midgard	20	A	parent	OPP	_v488beltbreak2	Core destroyed	429	0	2450	1610
flagoff_midgard_s20_A	midgard	20	A	flagoff	US	flagoff_arm	Core destroyed	417	0	720	680
v527_midgard_s20_B	midgard	20	B	v527	US	_v527collar	Core destroyed	168	0	1200	680
parent_midgard_s20_B	midgard	20	B	parent	US	parent_arm	Core destroyed	183	0	1730	760
flagoff_midgard_s20_B	midgard	20	B	flagoff	US	flagoff_arm	Titanium collected (tiebreak)	1000	0	650	520
v527_atoll_s21_A	atoll	21	A	v527	US	_v527collar	Core destroyed	277	0	260	140
parent_atoll_s21_A	atoll	21	A	parent	OPP	_v488beltbreak2	Core destroyed	343	0	1200	3890
flagoff_atoll_s21_A	atoll	21	A	flagoff	US	flagoff_arm	Core destroyed	674	0	3270	3310
v527_atoll_s21_B	atoll	21	B	v527	US	_v527collar	Core destroyed	191	0	920	500
parent_atoll_s21_B	atoll	21	B	parent	US	parent_arm	Core destroyed	234	0	1140	750
flagoff_atoll_s21_B	atoll	21	B	flagoff	OPP	_v488beltbreak2	Core destroyed	479	0	2230	3370
v527_atoll_s22_A	atoll	22	A	v527	OPP	_v488beltbreak2	Titanium collected (tiebreak)	1000	0	3030	12070
parent_atoll_s22_A	atoll	22	A	parent	OPP	_v488beltbreak2	Core destroyed	419	0	2060	2060
flagoff_atoll_s22_A	atoll	22	A	flagoff	US	flagoff_arm	Core destroyed	295	0	990	160
v527_atoll_s22_B	atoll	22	B	v527	OPP	_v488beltbreak2	Core destroyed	329	0	900	1620
parent_atoll_s22_B	atoll	22	B	parent	OPP	_v488beltbreak2	Core destroyed	285	0	270	1380
flagoff_atoll_s22_B	atoll	22	B	flagoff	US	flagoff_arm	Core destroyed	329	0	1600	1180
v527_drakkarfjord_s21_A	drakkarfjord	21	A	v527	US	_v527collar	Core destroyed	88	0	280	0
parent_drakkarfjord_s21_A	drakkarfjord	21	A	parent	US	parent_arm	Core destroyed	117	0	480	0
flagoff_drakkarfjord_s21_A	drakkarfjord	21	A	flagoff	US	flagoff_arm	Core destroyed	116	0	350	240
v527_drakkarfjord_s21_B	drakkarfjord	21	B	v527	US	_v527collar	Core destroyed	461	0	420	0
parent_drakkarfjord_s21_B	drakkarfjord	21	B	parent	US	parent_arm	Core destroyed	98	0	300	0
flagoff_drakkarfjord_s21_B	drakkarfjord	21	B	flagoff	US	flagoff_arm	Core destroyed	600	0	1550	0
v527_drakkarfjord_s22_A	drakkarfjord	22	A	v527	US	_v527collar	Core destroyed	121	0	300	0
parent_drakkarfjord_s22_A	drakkarfjord	22	A	parent	US	parent_arm	Core destroyed	93	0	340	0
flagoff_drakkarfjord_s22_A	drakkarfjord	22	A	flagoff	US	flagoff_arm	Core destroyed	141	0	670	80
v527_drakkarfjord_s22_B	drakkarfjord	22	B	v527	US	_v527collar	Core destroyed	268	0	1090	0
parent_drakkarfjord_s22_B	drakkarfjord	22	B	parent	US	parent_arm	Core destroyed	678	0	1660	0
flagoff_drakkarfjord_s22_B	drakkarfjord	22	B	flagoff	US	flagoff_arm	Core destroyed	287	0	1480	0
v527_glacierkeep_s21_A	glacierkeep	21	A	v527	US	_v527collar	Core destroyed	177	0	170	0
parent_glacierkeep_s21_A	glacierkeep	21	A	parent	US	parent_arm	Core destroyed	116	0	450	0
flagoff_glacierkeep_s21_A	glacierkeep	21	A	flagoff	US	flagoff_arm	Core destroyed	119	0	300	0
v527_glacierkeep_s21_B	glacierkeep	21	B	v527	OPP	_v488beltbreak2	Titanium collected (tiebreak)	1000	0	290	1430
parent_glacierkeep_s21_B	glacierkeep	21	B	parent	US	parent_arm	Core destroyed	197	0	180	0
flagoff_glacierkeep_s21_B	glacierkeep	21	B	flagoff	US	flagoff_arm	Core destroyed	329	0	0	0
v527_glacierkeep_s22_A	glacierkeep	22	A	v527	OPP	_v488beltbreak2	Core destroyed	740	0	210	0
parent_glacierkeep_s22_A	glacierkeep	22	A	parent	US	parent_arm	Core destroyed	131	0	280	0
flagoff_glacierkeep_s22_A	glacierkeep	22	A	flagoff	US	flagoff_arm	Core destroyed	123	0	260	0
v527_glacierkeep_s22_B	glacierkeep	22	B	v527	US	_v527collar	Core destroyed	353	0	370	0
parent_glacierkeep_s22_B	glacierkeep	22	B	parent	US	parent_arm	Core destroyed	145	0	300	0
flagoff_glacierkeep_s22_B	glacierkeep	22	B	flagoff	US	flagoff_arm	Core destroyed	225	0	0	0
v527_nordkap_s21_A	nordkap	21	A	v527	US	_v527collar	Core destroyed	104	0	240	0
parent_nordkap_s21_A	nordkap	21	A	parent	US	parent_arm	Core destroyed	708	0	3370	70
flagoff_nordkap_s21_A	nordkap	21	A	flagoff	US	flagoff_arm	Core destroyed	443	0	1720	630
v527_nordkap_s21_B	nordkap	21	B	v527	US	_v527collar	Core destroyed	137	0	320	140
parent_nordkap_s21_B	nordkap	21	B	parent	OPP	_v488beltbreak2	Core destroyed	349	0	110	50
flagoff_nordkap_s21_B	nordkap	21	B	flagoff	US	flagoff_arm	Core destroyed	241	0	90	60
v527_nordkap_s22_A	nordkap	22	A	v527	US	_v527collar	Core destroyed	265	0	740	90
parent_nordkap_s22_A	nordkap	22	A	parent	US	parent_arm	Core destroyed	256	0	440	100
flagoff_nordkap_s22_A	nordkap	22	A	flagoff	US	flagoff_arm	Core destroyed	425	0	560	50
v527_nordkap_s22_B	nordkap	22	B	v527	US	_v527collar	Core destroyed	220	0	800	300
parent_nordkap_s22_B	nordkap	22	B	parent	US	parent_arm	Core destroyed	608	0	2500	1580
flagoff_nordkap_s22_B	nordkap	22	B	flagoff	US	flagoff_arm	Core destroyed	365	0	190	90
v527_yulerune_s21_A	yulerune	21	A	v527	OPP	_v488beltbreak2	Core destroyed	733	0	250	2930
parent_yulerune_s21_A	yulerune	21	A	parent	US	parent_arm	Core destroyed	109	0	190	0
flagoff_yulerune_s21_A	yulerune	21	A	flagoff	US	flagoff_arm	Core destroyed	101	0	180	0
v527_yulerune_s21_B	yulerune	21	B	v527	US	_v527collar	Core destroyed	434	0	2600	430
parent_yulerune_s21_B	yulerune	21	B	parent	US	parent_arm	Core destroyed	233	0	270	0
flagoff_yulerune_s21_B	yulerune	21	B	flagoff	US	flagoff_arm	Core destroyed	83	0	290	0
v527_yulerune_s22_A	yulerune	22	A	v527	US	_v527collar	Core destroyed	720	0	230	430
parent_yulerune_s22_A	yulerune	22	A	parent	US	parent_arm	Core destroyed	93	0	220	0
flagoff_yulerune_s22_A	yulerune	22	A	flagoff	US	flagoff_arm	Titanium collected (tiebreak)	1000	0	230	0
v527_yulerune_s22_B	yulerune	22	B	v527	US	_v527collar	Core destroyed	117	0	220	50
parent_yulerune_s22_B	yulerune	22	B	parent	US	parent_arm	Core destroyed	155	0	250	0
flagoff_yulerune_s22_B	yulerune	22	B	flagoff	US	flagoff_arm	Core destroyed	581	0	3490	1680
v527_antler_s21_A	antler	21	A	v527	US	_v527collar	Core destroyed	172	0	1060	530
parent_antler_s21_A	antler	21	A	parent	US	parent_arm	Core destroyed	189	0	1340	840
flagoff_antler_s21_A	antler	21	A	flagoff	OPP	_v488beltbreak2	Core destroyed	231	0	1140	1860
v527_antler_s21_B	antler	21	B	v527	US	_v527collar	Core destroyed	507	0	2440	1470
parent_antler_s21_B	antler	21	B	parent	US	parent_arm	Core destroyed	308	0	1440	370
flagoff_antler_s21_B	antler	21	B	flagoff	US	flagoff_arm	Core destroyed	165	0	1150	510
v527_antler_s22_A	antler	22	A	v527	US	_v527collar	Core destroyed	154	0	1540	460
parent_antler_s22_A	antler	22	A	parent	OPP	_v488beltbreak2	Core destroyed	331	0	2920	1810
flagoff_antler_s22_A	antler	22	A	flagoff	US	flagoff_arm	Core destroyed	200	0	1010	720
v527_antler_s22_B	antler	22	B	v527	US	_v527collar	Core destroyed	196	0	940	470
parent_antler_s22_B	antler	22	B	parent	OPP	_v488beltbreak2	Core destroyed	289	0	900	1300
flagoff_antler_s22_B	antler	22	B	flagoff	US	flagoff_arm	Core destroyed	274	0	860	500
v527_fjordgate_s21_A	fjordgate	21	A	v527	OPP	_v488beltbreak2	Core destroyed	182	0	60	430
parent_fjordgate_s21_A	fjordgate	21	A	parent	US	parent_arm	Core destroyed	232	0	1550	40
flagoff_fjordgate_s21_A	fjordgate	21	A	flagoff	OPP	_v488beltbreak2	Core destroyed	178	0	510	920
v527_fjordgate_s21_B	fjordgate	21	B	v527	US	_v527collar	Core destroyed	232	0	570	350
parent_fjordgate_s21_B	fjordgate	21	B	parent	US	parent_arm	Core destroyed	155	0	940	0
flagoff_fjordgate_s21_B	fjordgate	21	B	flagoff	US	flagoff_arm	Core destroyed	199	0	750	520
v527_fjordgate_s22_A	fjordgate	22	A	v527	OPP	_v488beltbreak2	Core destroyed	131	0	370	570
parent_fjordgate_s22_A	fjordgate	22	A	parent	OPP	_v488beltbreak2	Core destroyed	253	0	620	1970
flagoff_fjordgate_s22_A	fjordgate	22	A	flagoff	US	flagoff_arm	Core destroyed	252	0	620	980
v527_fjordgate_s22_B	fjordgate	22	B	v527	US	_v527collar	Core destroyed	218	0	1200	440
parent_fjordgate_s22_B	fjordgate	22	B	parent	US	parent_arm	Core destroyed	290	0	710	20
flagoff_fjordgate_s22_B	fjordgate	22	B	flagoff	US	flagoff_arm	Core destroyed	290	0	710	20
v527_midgard_s21_A	midgard	21	A	v527	OPP	_v488beltbreak2	Core destroyed	372	0	790	4350
parent_midgard_s21_A	midgard	21	A	parent	OPP	_v488beltbreak2	Titanium collected (tiebreak)	1000	0	700	3390
flagoff_midgard_s21_A	midgard	21	A	flagoff	OPP	_v488beltbreak2	Core destroyed	196	0	700	1510
v527_midgard_s21_B	midgard	21	B	v527	OPP	_v488beltbreak2	Core destroyed	628	0	800	610
parent_midgard_s21_B	midgard	21	B	parent	US	parent_arm	Core destroyed	537	0	740	730
flagoff_midgard_s21_B	midgard	21	B	flagoff	US	flagoff_arm	Core destroyed	832	0	1890	500
v527_midgard_s22_A	midgard	22	A	v527	OPP	_v488beltbreak2	Core destroyed	167	0	610	1320
parent_midgard_s22_A	midgard	22	A	parent	US	parent_arm	Titanium collected (tiebreak)	1000	0	1950	1150
flagoff_midgard_s22_A	midgard	22	A	flagoff	OPP	_v488beltbreak2	Core destroyed	222	0	650	1880
v527_midgard_s22_B	midgard	22	B	v527	OPP	_v488beltbreak2	Core destroyed	953	0	820	680
parent_midgard_s22_B	midgard	22	B	parent	OPP	_v488beltbreak2	Core destroyed	644	0	4840	4770
flagoff_midgard_s22_B	midgard	22	B	flagoff	US	flagoff_arm	Core destroyed	454	0	920	620
v527_atoll_s23_A	atoll	23	A	v527	US	_v527collar	Core destroyed	580	0	1610	260
parent_atoll_s23_A	atoll	23	A	parent	OPP	_v488beltbreak2	Titanium collected (tiebreak)	1000	0	2610	2790
flagoff_atoll_s23_A	atoll	23	A	flagoff	US	flagoff_arm	Core destroyed	189	0	610	330
v527_atoll_s23_B	atoll	23	B	v527	US	_v527collar	Core destroyed	398	0	1550	1230
parent_atoll_s23_B	atoll	23	B	parent	US	parent_arm	Core destroyed	138	0	660	420
flagoff_atoll_s23_B	atoll	23	B	flagoff	OPP	_v488beltbreak2	Core destroyed	243	0	270	2290
v527_atoll_s24_A	atoll	24	A	v527	OPP	_v488beltbreak2	Core destroyed	350	0	990	2550
parent_atoll_s24_A	atoll	24	A	parent	OPP	_v488beltbreak2	Core destroyed	429	0	1260	4030
flagoff_atoll_s24_A	atoll	24	A	flagoff	US	flagoff_arm	Titanium collected (tiebreak)	1000	0	2670	160
v527_atoll_s24_B	atoll	24	B	v527	OPP	_v488beltbreak2	Core destroyed	202	0	240	730
parent_atoll_s24_B	atoll	24	B	parent	US	parent_arm	Core destroyed	560	0	4000	1670
flagoff_atoll_s24_B	atoll	24	B	flagoff	US	flagoff_arm	Core destroyed	238	0	1100	2100
v527_drakkarfjord_s23_A	drakkarfjord	23	A	v527	US	_v527collar	Core destroyed	92	0	340	0
parent_drakkarfjord_s23_A	drakkarfjord	23	A	parent	US	parent_arm	Core destroyed	89	0	340	0
flagoff_drakkarfjord_s23_A	drakkarfjord	23	A	flagoff	US	flagoff_arm	Core destroyed	100	0	430	0
v527_drakkarfjord_s23_B	drakkarfjord	23	B	v527	US	_v527collar	Core destroyed	121	0	320	0
parent_drakkarfjord_s23_B	drakkarfjord	23	B	parent	US	parent_arm	Core destroyed	122	0	350	0
flagoff_drakkarfjord_s23_B	drakkarfjord	23	B	flagoff	US	flagoff_arm	Core destroyed	114	0	340	0
v527_drakkarfjord_s24_A	drakkarfjord	24	A	v527	US	_v527collar	Core destroyed	116	0	340	240
parent_drakkarfjord_s24_A	drakkarfjord	24	A	parent	US	parent_arm	Core destroyed	89	0	340	0
flagoff_drakkarfjord_s24_A	drakkarfjord	24	A	flagoff	US	flagoff_arm	Core destroyed	92	0	340	0
v527_drakkarfjord_s24_B	drakkarfjord	24	B	v527	US	_v527collar	Core destroyed	96	0	320	0
parent_drakkarfjord_s24_B	drakkarfjord	24	B	parent	US	parent_arm	Core destroyed	98	0	300	0
flagoff_drakkarfjord_s24_B	drakkarfjord	24	B	flagoff	US	flagoff_arm	Core destroyed	127	0	330	0
v527_glacierkeep_s23_A	glacierkeep	23	A	v527	US	_v527collar	Core destroyed	112	0	230	0
parent_glacierkeep_s23_A	glacierkeep	23	A	parent	US	parent_arm	Core destroyed	112	0	230	0
flagoff_glacierkeep_s23_A	glacierkeep	23	A	flagoff	US	flagoff_arm	Core destroyed	123	0	320	0
v527_glacierkeep_s23_B	glacierkeep	23	B	v527	US	_v527collar	Core destroyed	123	0	320	0
parent_glacierkeep_s23_B	glacierkeep	23	B	parent	US	parent_arm	Core destroyed	133	0	520	0
flagoff_glacierkeep_s23_B	glacierkeep	23	B	flagoff	US	flagoff_arm	Core destroyed	217	0	0	0
v527_glacierkeep_s24_A	glacierkeep	24	A	v527	US	_v527collar	Core destroyed	143	0	410	0
parent_glacierkeep_s24_A	glacierkeep	24	A	parent	US	parent_arm	Core destroyed	161	0	170	0
flagoff_glacierkeep_s24_A	glacierkeep	24	A	flagoff	US	flagoff_arm	Core destroyed	141	0	150	0
v527_glacierkeep_s24_B	glacierkeep	24	B	v527	US	_v527collar	Core destroyed	245	0	0	0
parent_glacierkeep_s24_B	glacierkeep	24	B	parent	US	parent_arm	Core destroyed	585	0	160	0
flagoff_glacierkeep_s24_B	glacierkeep	24	B	flagoff	US	flagoff_arm	Core destroyed	159	0	330	0
v527_nordkap_s23_A	nordkap	23	A	v527	US	_v527collar	Core destroyed	144	0	660	80
parent_nordkap_s23_A	nordkap	23	A	parent	US	parent_arm	Core destroyed	173	0	270	70
flagoff_nordkap_s23_A	nordkap	23	A	flagoff	US	flagoff_arm	Core destroyed	277	0	190	190
v527_nordkap_s23_B	nordkap	23	B	v527	OPP	_v488beltbreak2	Core destroyed	761	0	1880	90
parent_nordkap_s23_B	nordkap	23	B	parent	US	parent_arm	Core destroyed	129	0	570	110
flagoff_nordkap_s23_B	nordkap	23	B	flagoff	US	flagoff_arm	Core destroyed	141	0	110	130
v527_nordkap_s24_A	nordkap	24	A	v527	US	_v527collar	Core destroyed	161	0	260	0
parent_nordkap_s24_A	nordkap	24	A	parent	US	parent_arm	Titanium collected (tiebreak)	1000	0	100	60
flagoff_nordkap_s24_A	nordkap	24	A	flagoff	US	flagoff_arm	Core destroyed	277	0	190	190
v527_nordkap_s24_B	nordkap	24	B	v527	US	_v527collar	Core destroyed	565	0	3170	1840
parent_nordkap_s24_B	nordkap	24	B	parent	US	parent_arm	Core destroyed	241	0	90	60
flagoff_nordkap_s24_B	nordkap	24	B	flagoff	OPP	_v488beltbreak2	Core destroyed	309	0	90	60
v527_yulerune_s23_A	yulerune	23	A	v527	OPP	_v488beltbreak2	Titanium collected (tiebreak)	1000	0	250	3420
parent_yulerune_s23_A	yulerune	23	A	parent	US	parent_arm	Core destroyed	85	0	210	0
flagoff_yulerune_s23_A	yulerune	23	A	flagoff	OPP	_v488beltbreak2	Core destroyed	425	0	220	160
v527_yulerune_s23_B	yulerune	23	B	v527	US	_v527collar	Core destroyed	193	0	270	0
parent_yulerune_s23_B	yulerune	23	B	parent	US	parent_arm	Core destroyed	92	0	270	0
flagoff_yulerune_s23_B	yulerune	23	B	flagoff	US	flagoff_arm	Core destroyed	190	0	240	110
v527_yulerune_s24_A	yulerune	24	A	v527	US	_v527collar	Core destroyed	91	0	250	0
parent_yulerune_s24_A	yulerune	24	A	parent	US	parent_arm	Core destroyed	102	0	260	0
flagoff_yulerune_s24_A	yulerune	24	A	flagoff	US	flagoff_arm	Core destroyed	97	0	230	0
v527_yulerune_s24_B	yulerune	24	B	v527	US	_v527collar	Core destroyed	88	0	250	0
parent_yulerune_s24_B	yulerune	24	B	parent	US	parent_arm	Core destroyed	105	0	150	0
flagoff_yulerune_s24_B	yulerune	24	B	flagoff	US	flagoff_arm	Core destroyed	89	0	170	0
v527_antler_s23_A	antler	23	A	v527	OPP	_v488beltbreak2	Core destroyed	440	0	2510	2220
parent_antler_s23_A	antler	23	A	parent	US	parent_arm	Core destroyed	128	0	840	300
flagoff_antler_s23_A	antler	23	A	flagoff	US	flagoff_arm	Core destroyed	211	0	1030	600
v527_antler_s23_B	antler	23	B	v527	OPP	_v488beltbreak2	Core destroyed	125	0	300	550
parent_antler_s23_B	antler	23	B	parent	US	parent_arm	Core destroyed	250	0	1390	50
flagoff_antler_s23_B	antler	23	B	flagoff	US	flagoff_arm	Core destroyed	219	0	2220	530
v527_antler_s24_A	antler	24	A	v527	US	_v527collar	Core destroyed	429	0	3470	1300
parent_antler_s24_A	antler	24	A	parent	US	parent_arm	Core destroyed	131	0	420	230
flagoff_antler_s24_A	antler	24	A	flagoff	US	flagoff_arm	Titanium collected (tiebreak)	1000	0	2720	260
v527_antler_s24_B	antler	24	B	v527	US	_v527collar	Core destroyed	277	0	1740	490
parent_antler_s24_B	antler	24	B	parent	OPP	_v488beltbreak2	Core destroyed	601	0	1740	120
flagoff_antler_s24_B	antler	24	B	flagoff	US	flagoff_arm	Core destroyed	534	0	1540	2160
v527_fjordgate_s23_A	fjordgate	23	A	v527	US	_v527collar	Core destroyed	193	0	530	220
parent_fjordgate_s23_A	fjordgate	23	A	parent	US	parent_arm	Titanium collected (tiebreak)	1000	0	5580	190
flagoff_fjordgate_s23_A	fjordgate	23	A	flagoff	US	flagoff_arm	Core destroyed	344	0	1690	340
v527_fjordgate_s23_B	fjordgate	23	B	v527	OPP	_v488beltbreak2	Core destroyed	306	0	260	1460
parent_fjordgate_s23_B	fjordgate	23	B	parent	US	parent_arm	Core destroyed	664	0	1640	680
flagoff_fjordgate_s23_B	fjordgate	23	B	flagoff	OPP	_v488beltbreak2	Core destroyed	245	0	980	1260
v527_fjordgate_s24_A	fjordgate	24	A	v527	US	_v527collar	Core destroyed	249	0	1460	370
parent_fjordgate_s24_A	fjordgate	24	A	parent	OPP	_v488beltbreak2	Core destroyed	183	0	650	860
flagoff_fjordgate_s24_A	fjordgate	24	A	flagoff	OPP	_v488beltbreak2	Core destroyed	95	0	20	520
v527_fjordgate_s24_B	fjordgate	24	B	v527	US	_v527collar	Core destroyed	164	0	1150	0
parent_fjordgate_s24_B	fjordgate	24	B	parent	US	parent_arm	Core destroyed	155	0	950	0
flagoff_fjordgate_s24_B	fjordgate	24	B	flagoff	OPP	_v488beltbreak2	Core destroyed	167	0	780	1110
v527_midgard_s23_A	midgard	23	A	v527	OPP	_v488beltbreak2	Core destroyed	557	0	650	860
parent_midgard_s23_A	midgard	23	A	parent	OPP	_v488beltbreak2	Core destroyed	167	0	1180	1450
flagoff_midgard_s23_A	midgard	23	A	flagoff	US	flagoff_arm	Core destroyed	362	0	1350	640
v527_midgard_s23_B	midgard	23	B	v527	US	_v527collar	Core destroyed	351	0	2670	2020
parent_midgard_s23_B	midgard	23	B	parent	US	parent_arm	Core destroyed	358	0	3450	1950
flagoff_midgard_s23_B	midgard	23	B	flagoff	US	flagoff_arm	Core destroyed	198	0	1810	720
v527_midgard_s24_A	midgard	24	A	v527	US	_v527collar	Core destroyed	176	0	1590	570
parent_midgard_s24_A	midgard	24	A	parent	OPP	_v488beltbreak2	Core destroyed	384	0	680	1350
flagoff_midgard_s24_A	midgard	24	A	flagoff	OPP	_v488beltbreak2	Core destroyed	285	0	660	630
v527_midgard_s24_B	midgard	24	B	v527	OPP	_v488beltbreak2	Core destroyed	569	0	820	910
parent_midgard_s24_B	midgard	24	B	parent	OPP	_v488beltbreak2	Core destroyed	360	0	730	2710
flagoff_midgard_s24_B	midgard	24	B	flagoff	OPP	_v488beltbreak2	Core destroyed	493	0	1460	940
v527_atoll_s25_A	atoll	25	A	v527	OPP	_v488beltbreak2	Core destroyed	471	0	2680	5540
parent_atoll_s25_A	atoll	25	A	parent	OPP	_v488beltbreak2	Core destroyed	452	0	3370	2220
flagoff_atoll_s25_A	atoll	25	A	flagoff	US	flagoff_arm	Core destroyed	464	0	1700	470
v527_atoll_s25_B	atoll	25	B	v527	OPP	_v488beltbreak2	Titanium collected (tiebreak)	1000	0	4920	4940
parent_atoll_s25_B	atoll	25	B	parent	US	parent_arm	Core destroyed	169	0	810	450
flagoff_atoll_s25_B	atoll	25	B	flagoff	US	flagoff_arm	Core destroyed	160	0	760	450
v527_atoll_s26_A	atoll	26	A	v527	OPP	_v488beltbreak2	Core destroyed	292	0	240	900
parent_atoll_s26_A	atoll	26	A	parent	OPP	_v488beltbreak2	Titanium collected (tiebreak)	1000	0	4970	9170
flagoff_atoll_s26_A	atoll	26	A	flagoff	US	flagoff_arm	Core destroyed	505	0	2490	50
v527_atoll_s26_B	atoll	26	B	v527	OPP	_v488beltbreak2	Titanium collected (tiebreak)	1000	0	570	2590
parent_atoll_s26_B	atoll	26	B	parent	OPP	_v488beltbreak2	Core destroyed	217	0	250	590
flagoff_atoll_s26_B	atoll	26	B	flagoff	US	flagoff_arm	Core destroyed	292	0	1420	580
v527_drakkarfjord_s25_A	drakkarfjord	25	A	v527	US	_v527collar	Core destroyed	93	0	340	0
parent_drakkarfjord_s25_A	drakkarfjord	25	A	parent	US	parent_arm	Core destroyed	100	0	430	0
flagoff_drakkarfjord_s25_A	drakkarfjord	25	A	flagoff	US	flagoff_arm	Core destroyed	89	0	340	0
v527_drakkarfjord_s25_B	drakkarfjord	25	B	v527	US	_v527collar	Core destroyed	101	0	280	0
parent_drakkarfjord_s25_B	drakkarfjord	25	B	parent	US	parent_arm	Core destroyed	122	0	350	0
flagoff_drakkarfjord_s25_B	drakkarfjord	25	B	flagoff	US	flagoff_arm	Core destroyed	100	0	280	0
v527_drakkarfjord_s26_A	drakkarfjord	26	A	v527	US	_v527collar	Titanium collected (tiebreak)	1000	0	300	0
parent_drakkarfjord_s26_A	drakkarfjord	26	A	parent	US	parent_arm	Core destroyed	137	0	580	0
flagoff_drakkarfjord_s26_A	drakkarfjord	26	A	flagoff	US	flagoff_arm	Core destroyed	91	0	260	0
v527_drakkarfjord_s26_B	drakkarfjord	26	B	v527	US	_v527collar	Core destroyed	461	0	420	0
parent_drakkarfjord_s26_B	drakkarfjord	26	B	parent	US	parent_arm	Core destroyed	101	0	280	0
flagoff_drakkarfjord_s26_B	drakkarfjord	26	B	flagoff	US	flagoff_arm	Core destroyed	101	0	280	0
v527_glacierkeep_s25_A	glacierkeep	25	A	v527	US	_v527collar	Core destroyed	110	0	230	0
parent_glacierkeep_s25_A	glacierkeep	25	A	parent	US	parent_arm	Core destroyed	105	0	130	0
flagoff_glacierkeep_s25_A	glacierkeep	25	A	flagoff	US	flagoff_arm	Core destroyed	162	0	350	130
v527_glacierkeep_s25_B	glacierkeep	25	B	v527	US	_v527collar	Core destroyed	217	0	0	0
parent_glacierkeep_s25_B	glacierkeep	25	B	parent	US	parent_arm	Titanium collected (tiebreak)	1000	0	130	0
flagoff_glacierkeep_s25_B	glacierkeep	25	B	flagoff	OPP	_v488beltbreak2	Core destroyed	789	0	0	0
v527_glacierkeep_s26_A	glacierkeep	26	A	v527	US	_v527collar	Core destroyed	281	0	270	0
parent_glacierkeep_s26_A	glacierkeep	26	A	parent	US	parent_arm	Core destroyed	173	0	490	0
flagoff_glacierkeep_s26_A	glacierkeep	26	A	flagoff	US	flagoff_arm	Core destroyed	205	0	450	0
v527_glacierkeep_s26_B	glacierkeep	26	B	v527	OPP	_v488beltbreak2	Titanium collected (tiebreak)	1000	0	290	1430
parent_glacierkeep_s26_B	glacierkeep	26	B	parent	US	parent_arm	Core destroyed	245	0	0	0
flagoff_glacierkeep_s26_B	glacierkeep	26	B	flagoff	US	flagoff_arm	Core destroyed	123	0	320	0
v527_nordkap_s25_A	nordkap	25	A	v527	US	_v527collar	Core destroyed	735	0	3720	70
parent_nordkap_s25_A	nordkap	25	A	parent	US	parent_arm	Core destroyed	603	0	2180	460
flagoff_nordkap_s25_A	nordkap	25	A	flagoff	US	flagoff_arm	Core destroyed	433	0	1070	90
v527_nordkap_s25_B	nordkap	25	B	v527	OPP	_v488beltbreak2	Core destroyed	271	0	190	1670
parent_nordkap_s25_B	nordkap	25	B	parent	OPP	_v488beltbreak2	Core destroyed	826	0	90	340
flagoff_nordkap_s25_B	nordkap	25	B	flagoff	OPP	_v488beltbreak2	Core destroyed	248	0	90	2730
v527_nordkap_s26_A	nordkap	26	A	v527	US	_v527collar	Core destroyed	315	0	3080	840
parent_nordkap_s26_A	nordkap	26	A	parent	US	parent_arm	Core destroyed	533	0	1350	100
flagoff_nordkap_s26_A	nordkap	26	A	flagoff	US	flagoff_arm	Core destroyed	569	0	3520	8690
v527_nordkap_s26_B	nordkap	26	B	v527	US	_v527collar	Core destroyed	117	0	260	10
parent_nordkap_s26_B	nordkap	26	B	parent	US	parent_arm	Core destroyed	217	0	520	10
flagoff_nordkap_s26_B	nordkap	26	B	flagoff	OPP	_v488beltbreak2	Titanium collected (tiebreak)	1000	0	130	150
v527_yulerune_s25_A	yulerune	25	A	v527	US	_v527collar	Core destroyed	83	0	310	0
parent_yulerune_s25_A	yulerune	25	A	parent	US	parent_arm	Core destroyed	89	0	210	0
flagoff_yulerune_s25_A	yulerune	25	A	flagoff	OPP	_v488beltbreak2	Core destroyed	636	0	230	770
v527_yulerune_s25_B	yulerune	25	B	v527	US	_v527collar	Core destroyed	614	0	1410	960
parent_yulerune_s25_B	yulerune	25	B	parent	US	parent_arm	Core destroyed	216	0	2120	0
flagoff_yulerune_s25_B	yulerune	25	B	flagoff	US	flagoff_arm	Core destroyed	140	0	610	0
v527_yulerune_s26_A	yulerune	26	A	v527	US	_v527collar	Core destroyed	101	0	180	0
parent_yulerune_s26_A	yulerune	26	A	parent	OPP	_v488beltbreak2	Core destroyed	733	0	250	2930
flagoff_yulerune_s26_A	yulerune	26	A	flagoff	OPP	_v488beltbreak2	Core destroyed	489	0	210	110
v527_yulerune_s26_B	yulerune	26	B	v527	US	_v527collar	Titanium collected (tiebreak)	1000	0	4660	2460
parent_yulerune_s26_B	yulerune	26	B	parent	US	parent_arm	Core destroyed	145	0	430	0
flagoff_yulerune_s26_B	yulerune	26	B	flagoff	US	flagoff_arm	Core destroyed	242	0	1980	0
v527_antler_s25_A	antler	25	A	v527	US	_v527collar	Core destroyed	246	0	2460	580
parent_antler_s25_A	antler	25	A	parent	OPP	_v488beltbreak2	Core destroyed	159	0	440	1400
flagoff_antler_s25_A	antler	25	A	flagoff	OPP	_v488beltbreak2	Core destroyed	179	0	950	1240
v527_antler_s25_B	antler	25	B	v527	OPP	_v488beltbreak2	Core destroyed	188	0	180	1730
parent_antler_s25_B	antler	25	B	parent	US	parent_arm	Core destroyed	141	0	370	80
flagoff_antler_s25_B	antler	25	B	flagoff	US	flagoff_arm	Core destroyed	168	0	680	400
v527_antler_s26_A	antler	26	A	v527	US	_v527collar	Core destroyed	342	0	2100	2000
parent_antler_s26_A	antler	26	A	parent	US	parent_arm	Core destroyed	216	0	1680	430
flagoff_antler_s26_A	antler	26	A	flagoff	US	flagoff_arm	Core destroyed	261	0	2020	350
v527_antler_s26_B	antler	26	B	v527	OPP	_v488beltbreak2	Core destroyed	570	0	4040	1460
parent_antler_s26_B	antler	26	B	parent	OPP	_v488beltbreak2	Core destroyed	235	0	580	1620
flagoff_antler_s26_B	antler	26	B	flagoff	OPP	_v488beltbreak2	Core destroyed	655	0	260	1590
v527_fjordgate_s25_A	fjordgate	25	A	v527	US	_v527collar	Titanium collected (tiebreak)	1000	0	2890	2470
parent_fjordgate_s25_A	fjordgate	25	A	parent	OPP	_v488beltbreak2	Core destroyed	128	0	80	490
flagoff_fjordgate_s25_A	fjordgate	25	A	flagoff	OPP	_v488beltbreak2	Core destroyed	162	0	50	740
v527_fjordgate_s25_B	fjordgate	25	B	v527	US	_v527collar	Core destroyed	602	0	4100	2400
parent_fjordgate_s25_B	fjordgate	25	B	parent	US	parent_arm	Core destroyed	228	0	1050	480
flagoff_fjordgate_s25_B	fjordgate	25	B	flagoff	US	flagoff_arm	Core destroyed	185	0	1350	480
v527_fjordgate_s26_A	fjordgate	26	A	v527	US	_v527collar	Core destroyed	132	0	620	170
parent_fjordgate_s26_A	fjordgate	26	A	parent	US	parent_arm	Core destroyed	247	0	1110	300
flagoff_fjordgate_s26_A	fjordgate	26	A	flagoff	US	flagoff_arm	Core destroyed	261	0	710	250
v527_fjordgate_s26_B	fjordgate	26	B	v527	US	_v527collar	Core destroyed	187	0	460	200
parent_fjordgate_s26_B	fjordgate	26	B	parent	US	parent_arm	Core destroyed	199	0	1130	260
flagoff_fjordgate_s26_B	fjordgate	26	B	flagoff	US	flagoff_arm	Core destroyed	161	0	940	0
v527_midgard_s25_A	midgard	25	A	v527	OPP	_v488beltbreak2	Core destroyed	187	0	760	920
parent_midgard_s25_A	midgard	25	A	parent	US	parent_arm	Core destroyed	231	0	870	650
flagoff_midgard_s25_A	midgard	25	A	flagoff	US	flagoff_arm	Core destroyed	195	0	1460	710
v527_midgard_s25_B	midgard	25	B	v527	OPP	_v488beltbreak2	Core destroyed	151	0	610	800
parent_midgard_s25_B	midgard	25	B	parent	US	parent_arm	Core destroyed	321	0	1710	630
flagoff_midgard_s25_B	midgard	25	B	flagoff	OPP	_v488beltbreak2	Core destroyed	278	0	940	1120
v527_midgard_s26_A	midgard	26	A	v527	US	_v527collar	Core destroyed	147	0	1060	470
parent_midgard_s26_A	midgard	26	A	parent	OPP	_v488beltbreak2	Core destroyed	297	0	750	490
flagoff_midgard_s26_A	midgard	26	A	flagoff	US	flagoff_arm	Core destroyed	187	0	1570	560
v527_midgard_s26_B	midgard	26	B	v527	US	_v527collar	Core destroyed	500	0	1710	680
parent_midgard_s26_B	midgard	26	B	parent	US	parent_arm	Core destroyed	584	0	2030	830
flagoff_midgard_s26_B	midgard	26	B	flagoff	OPP	_v488beltbreak2	Core destroyed	278	0	940	1120
v527_atoll_s27_A	atoll	27	A	v527	OPP	_v488beltbreak2	Core destroyed	448	0	2200	3560
parent_atoll_s27_A	atoll	27	A	parent	US	parent_arm	Core destroyed	246	0	1750	180
flagoff_atoll_s27_A	atoll	27	A	flagoff	US	flagoff_arm	Core destroyed	424	0	1290	150
v527_atoll_s27_B	atoll	27	B	v527	OPP	_v488beltbreak2	Core destroyed	344	0	320	550
parent_atoll_s27_B	atoll	27	B	parent	OPP	_v488beltbreak2	Core destroyed	688	0	1810	2290
flagoff_atoll_s27_B	atoll	27	B	flagoff	OPP	_v488beltbreak2	Core destroyed	488	0	670	2040
v527_atoll_s28_A	atoll	28	A	v527	US	_v527collar	Core destroyed	148	0	710	260
parent_atoll_s28_A	atoll	28	A	parent	OPP	_v488beltbreak2	Titanium collected (tiebreak)	1000	0	5380	11390
flagoff_atoll_s28_A	atoll	28	A	flagoff	OPP	_v488beltbreak2	Core destroyed	546	0	2290	2700
v527_atoll_s28_B	atoll	28	B	v527	OPP	_v488beltbreak2	Core destroyed	325	0	910	2860
parent_atoll_s28_B	atoll	28	B	parent	OPP	_v488beltbreak2	Core destroyed	453	0	2130	1180
flagoff_atoll_s28_B	atoll	28	B	flagoff	US	flagoff_arm	Core destroyed	122	0	580	370
v527_drakkarfjord_s27_A	drakkarfjord	27	A	v527	US	_v527collar	Core destroyed	106	0	410	0
parent_drakkarfjord_s27_A	drakkarfjord	27	A	parent	US	parent_arm	Core destroyed	93	0	340	0
flagoff_drakkarfjord_s27_A	drakkarfjord	27	A	flagoff	US	flagoff_arm	Core destroyed	141	0	670	80
v527_drakkarfjord_s27_B	drakkarfjord	27	B	v527	US	_v527collar	Core destroyed	361	0	1580	0
parent_drakkarfjord_s27_B	drakkarfjord	27	B	parent	US	parent_arm	Core destroyed	461	0	420	0
flagoff_drakkarfjord_s27_B	drakkarfjord	27	B	flagoff	US	flagoff_arm	Titanium collected (tiebreak)	1000	0	340	0
v527_drakkarfjord_s28_A	drakkarfjord	28	A	v527	US	_v527collar	Core destroyed	99	0	300	0
parent_drakkarfjord_s28_A	drakkarfjord	28	A	parent	US	parent_arm	Core destroyed	106	0	410	0
flagoff_drakkarfjord_s28_A	drakkarfjord	28	A	flagoff	US	flagoff_arm	Core destroyed	100	0	430	0
v527_drakkarfjord_s28_B	drakkarfjord	28	B	v527	US	_v527collar	Core destroyed	98	0	320	0
parent_drakkarfjord_s28_B	drakkarfjord	28	B	parent	US	parent_arm	Core destroyed	120	0	380	0
flagoff_drakkarfjord_s28_B	drakkarfjord	28	B	flagoff	US	flagoff_arm	Core destroyed	124	0	340	60
v527_glacierkeep_s27_A	glacierkeep	27	A	v527	US	_v527collar	Core destroyed	128	0	330	0
parent_glacierkeep_s27_A	glacierkeep	27	A	parent	US	parent_arm	Core destroyed	128	0	340	0
flagoff_glacierkeep_s27_A	glacierkeep	27	A	flagoff	US	flagoff_arm	Core destroyed	110	0	230	0
v527_glacierkeep_s27_B	glacierkeep	27	B	v527	OPP	_v488beltbreak2	Core destroyed	889	0	0	0
parent_glacierkeep_s27_B	glacierkeep	27	B	parent	US	parent_arm	Core destroyed	617	0	0	0
flagoff_glacierkeep_s27_B	glacierkeep	27	B	flagoff	US	flagoff_arm	Core destroyed	285	0	110	0
v527_glacierkeep_s28_A	glacierkeep	28	A	v527	US	_v527collar	Core destroyed	110	0	230	0
parent_glacierkeep_s28_A	glacierkeep	28	A	parent	US	parent_arm	Core destroyed	123	0	300	0
flagoff_glacierkeep_s28_A	glacierkeep	28	A	flagoff	US	flagoff_arm	Core destroyed	110	0	230	0
v527_glacierkeep_s28_B	glacierkeep	28	B	v527	US	_v527collar	Titanium collected (tiebreak)	1000	0	1270	0
parent_glacierkeep_s28_B	glacierkeep	28	B	parent	US	parent_arm	Core destroyed	357	0	0	0
flagoff_glacierkeep_s28_B	glacierkeep	28	B	flagoff	OPP	_v488beltbreak2	Core destroyed	954	0	0	0
v527_nordkap_s27_A	nordkap	27	A	v527	US	_v527collar	Core destroyed	301	0	150	140
parent_nordkap_s27_A	nordkap	27	A	parent	US	parent_arm	Core destroyed	111	0	360	110
flagoff_nordkap_s27_A	nordkap	27	A	flagoff	US	flagoff_arm	Core destroyed	261	0	260	20
v527_nordkap_s27_B	nordkap	27	B	v527	OPP	_v488beltbreak2	Core destroyed	248	0	90	2730
parent_nordkap_s27_B	nordkap	27	B	parent	US	parent_arm	Core destroyed	365	0	70	320
flagoff_nordkap_s27_B	nordkap	27	B	flagoff	US	flagoff_arm	Core destroyed	109	0	250	10
v527_nordkap_s28_A	nordkap	28	A	v527	US	_v527collar	Core destroyed	151	0	220	20
parent_nordkap_s28_A	nordkap	28	A	parent	US	parent_arm	Core destroyed	671	0	2810	510
flagoff_nordkap_s28_A	nordkap	28	A	flagoff	US	flagoff_arm	Core destroyed	139	0	380	90
v527_nordkap_s28_B	nordkap	28	B	v527	OPP	_v488beltbreak2	Core destroyed	871	0	120	1200
parent_nordkap_s28_B	nordkap	28	B	parent	OPP	_v488beltbreak2	Core destroyed	700	0	150	920
flagoff_nordkap_s28_B	nordkap	28	B	flagoff	OPP	_v488beltbreak2	Core destroyed	309	0	90	60
v527_yulerune_s27_A	yulerune	27	A	v527	OPP	_v488beltbreak2	Core destroyed	425	0	220	160
parent_yulerune_s27_A	yulerune	27	A	parent	OPP	_v488beltbreak2	Core destroyed	509	0	210	640
flagoff_yulerune_s27_A	yulerune	27	A	flagoff	US	flagoff_arm	Core destroyed	106	0	330	0
v527_yulerune_s27_B	yulerune	27	B	v527	US	_v527collar	Core destroyed	236	0	3070	0
parent_yulerune_s27_B	yulerune	27	B	parent	US	parent_arm	Core destroyed	319	0	560	0
flagoff_yulerune_s27_B	yulerune	27	B	flagoff	US	flagoff_arm	Core destroyed	84	0	210	0
v527_yulerune_s28_A	yulerune	28	A	v527	US	_v527collar	Core destroyed	113	0	340	0
parent_yulerune_s28_A	yulerune	28	A	parent	US	parent_arm	Core destroyed	102	0	260	0
flagoff_yulerune_s28_A	yulerune	28	A	flagoff	US	flagoff_arm	Core destroyed	360	0	2750	0
v527_yulerune_s28_B	yulerune	28	B	v527	US	_v527collar	Core destroyed	147	0	240	110
parent_yulerune_s28_B	yulerune	28	B	parent	US	parent_arm	Core destroyed	117	0	220	50
flagoff_yulerune_s28_B	yulerune	28	B	flagoff	OPP	_v488beltbreak2	Core destroyed	778	0	250	0
v527_antler_s27_A	antler	27	A	v527	US	_v527collar	Core destroyed	199	0	950	500
parent_antler_s27_A	antler	27	A	parent	US	parent_arm	Core destroyed	357	0	2200	950
flagoff_antler_s27_A	antler	27	A	flagoff	US	flagoff_arm	Core destroyed	160	0	760	610
v527_antler_s27_B	antler	27	B	v527	OPP	_v488beltbreak2	Core destroyed	219	0	540	2340
parent_antler_s27_B	antler	27	B	parent	OPP	_v488beltbreak2	Core destroyed	171	0	410	1720
flagoff_antler_s27_B	antler	27	B	flagoff	OPP	_v488beltbreak2	Core destroyed	281	0	610	1880
v527_antler_s28_A	antler	28	A	v527	OPP	_v488beltbreak2	Core destroyed	404	0	2050	2920
parent_antler_s28_A	antler	28	A	parent	OPP	_v488beltbreak2	Core destroyed	345	0	1300	2520
flagoff_antler_s28_A	antler	28	A	flagoff	US	flagoff_arm	Core destroyed	211	0	1030	600
v527_antler_s28_B	antler	28	B	v527	US	_v527collar	Core destroyed	157	0	910	100
parent_antler_s28_B	antler	28	B	parent	OPP	_v488beltbreak2	Core destroyed	362	0	2010	3130
flagoff_antler_s28_B	antler	28	B	flagoff	OPP	_v488beltbreak2	Core destroyed	349	0	1840	2820
v527_fjordgate_s27_A	fjordgate	27	A	v527	US	_v527collar	Core destroyed	247	0	1110	300
parent_fjordgate_s27_A	fjordgate	27	A	parent	US	parent_arm	Core destroyed	222	0	1450	0
flagoff_fjordgate_s27_A	fjordgate	27	A	flagoff	US	flagoff_arm	Core destroyed	155	0	960	30
v527_fjordgate_s27_B	fjordgate	27	B	v527	OPP	_v488beltbreak2	Core destroyed	349	0	70	450
parent_fjordgate_s27_B	fjordgate	27	B	parent	OPP	_v488beltbreak2	Core destroyed	645	0	2350	2740
flagoff_fjordgate_s27_B	fjordgate	27	B	flagoff	OPP	_v488beltbreak2	Core destroyed	123	0	120	710
v527_fjordgate_s28_A	fjordgate	28	A	v527	US	_v527collar	Core destroyed	154	0	910	130
parent_fjordgate_s28_A	fjordgate	28	A	parent	US	parent_arm	Core destroyed	210	0	1470	970
flagoff_fjordgate_s28_A	fjordgate	28	A	flagoff	OPP	_v488beltbreak2	Core destroyed	98	0	440	360
v527_fjordgate_s28_B	fjordgate	28	B	v527	US	_v527collar	Core destroyed	176	0	1370	0
parent_fjordgate_s28_B	fjordgate	28	B	parent	US	parent_arm	Core destroyed	237	0	1580	200
flagoff_fjordgate_s28_B	fjordgate	28	B	flagoff	US	flagoff_arm	Core destroyed	172	0	810	100
v527_midgard_s27_A	midgard	27	A	v527	OPP	_v488beltbreak2	Core destroyed	605	0	570	1070
parent_midgard_s27_A	midgard	27	A	parent	OPP	_v488beltbreak2	Core destroyed	222	0	650	1880
flagoff_midgard_s27_A	midgard	27	A	flagoff	US	flagoff_arm	Core destroyed	249	0	950	710
v527_midgard_s27_B	midgard	27	B	v527	US	_v527collar	Titanium collected (tiebreak)	1000	0	760	640
parent_midgard_s27_B	midgard	27	B	parent	US	parent_arm	Core destroyed	273	0	1220	520
flagoff_midgard_s27_B	midgard	27	B	flagoff	US	flagoff_arm	Titanium collected (tiebreak)	1000	0	1130	500
v527_midgard_s28_A	midgard	28	A	v527	OPP	_v488beltbreak2	Core destroyed	184	0	850	1190
parent_midgard_s28_A	midgard	28	A	parent	OPP	_v488beltbreak2	Titanium collected (tiebreak)	1000	0	510	3280
flagoff_midgard_s28_A	midgard	28	A	flagoff	OPP	_v488beltbreak2	Core destroyed	546	0	660	3320
v527_midgard_s28_B	midgard	28	B	v527	OPP	_v488beltbreak2	Core destroyed	290	0	570	1420
parent_midgard_s28_B	midgard	28	B	parent	US	parent_arm	Core destroyed	177	0	800	620
flagoff_midgard_s28_B	midgard	28	B	flagoff	US	flagoff_arm	Titanium collected (tiebreak)	1000	0	1130	500
