Update available: 2.3.6 -> 2.3.8. Run: pip install --upgrade fcode
TWIN517 76 at (15, 6) hold 0 live 1 floor 4 rebuy 24 ti 11 cost 72 n 1
FIREDISC517 77 at (15, 6) hp 500 ti 11 ammo 24 win 0 shots 0 net None code 0 twin 0 peer 0 pub 1 hold 0 held 0 heldfund 0 resets 0 viol 0
FIREDISC517 78 at (15, 6) hp 482 ti 11 ammo 14 win 1 shots 1 net None code 0 twin 0 peer 0 pub 1 hold 0 held 0 heldfund 0 resets 0 viol 0
FIREDISC517 79 at (15, 6) hp 482 ti 11 ammo 14 win 1 shots 1 net None code 0 twin 0 peer 0 pub 1 hold 0 held 0 heldfund 0 resets 0 viol 0
FIREDISC517 80 at (15, 6) hp 464 ti 14 ammo 11 win 2 shots 2 net None code 0 twin 0 peer 0 pub 1 hold 0 held 0 heldfund 0 resets 0 viol 0
FIREDISC517 81 at (15, 6) hp 464 ti 14 ammo 11 win 2 shots 2 net None code 0 twin 0 peer 0 pub 1 hold 0 held 0 heldfund 0 resets 0 viol 0
FIREDISC517 82 at (15, 6) hp 446 ti 14 ammo 1 win 3 shots 3 net None code 0 twin 0 peer 0 pub 1 hold 0 held 0 heldfund 0 resets 0 viol 0
FIREDISC517 83 at (15, 6) hp 446 ti 14 ammo 1 win 3 shots 3 net None code 0 twin 0 peer 0 pub 1 hold 0 held 0 heldfund 0 resets 0 viol 0
FIREDISC517 84 at (15, 6) hp 446 ti 14 ammo 11 win 3 shots 3 net None code 0 twin 0 peer 0 pub 1 hold 0 held 0 heldfund 0 resets 0 viol 0
FIREDISC517 85 at (15, 6) hp 428 ti 14 ammo 1 win 4 shots 4 net 72 code 6 twin 0 peer 0 pub 1 hold 0 held 0 heldfund 0 resets 0 viol 0
FIREDISC517 86 at (15, 6) hp 428 ti 14 ammo 1 win 4 shots 4 net 72 code 6 twin 0 peer 0 pub 1 hold 0 held 0 heldfund 0 resets 0 viol 0
FIREDISC517 87 at (15, 6) hp 428 ti 14 ammo 1 win 4 shots 4 net 72 code 6 twin 0 peer 0 pub 1 hold 0 held 0 heldfund 0 resets 0 viol 0
FIREDISC517 88 at (15, 6) hp 428 ti 14 ammo 11 win 4 shots 4 net 72 code 6 twin 0 peer 0 pub 1 hold 0 held 0 heldfund 0 resets 0 viol 0
FIREDISC517 89 at (15, 6) hp 410 ti 14 ammo 1 win 4 shots 5 net 72 code 6 twin 0 peer 0 pub 1 hold 0 held 0 heldfund 0 resets 0 viol 0
FIREDISC517 90 at (15, 6) hp 410 ti 14 ammo 1 win 4 shots 5 net 72 code 6 twin 0 peer 0 pub 1 hold 0 held 0 heldfund 0 resets 0 viol 0
FIREDISC517 91 at (15, 6) hp 410 ti 14 ammo 1 win 4 shots 5 net 72 code 6 twin 0 peer 0 pub 1 hold 0 held 0 heldfund 0 resets 0 viol 0
FIREDISC517 92 at (15, 6) hp 410 ti 14 ammo 11 win 4 shots 5 net 72 code 6 twin 0 peer 0 pub 1 hold 0 held 0 heldfund 0 resets 0 viol 0
FIREDISC517 93 at (15, 6) hp 392 ti 14 ammo 1 win 4 shots 6 net 72 code 6 twin 0 peer 0 pub 1 hold 0 held 0 heldfund 0 resets 0 viol 0
FIREDISC517 94 at (15, 6) hp 392 ti 14 ammo 1 win 4 shots 6 net 72 code 6 twin 0 peer 0 pub 1 hold 0 held 0 heldfund 0 resets 0 viol 0
FIREDISC517 95 at (15, 6) hp 392 ti 14 ammo 1 win 4 shots 6 net 72 code 6 twin 0 peer 0 pub 1 hold 0 held 0 heldfund 0 resets 0 viol 0
FIREDISC517 96 at (15, 6) hp 392 ti 14 ammo 11 win 4 shots 6 net 72 code 6 twin 0 peer 0 pub 1 hold 0 held 0 heldfund 0 resets 0 viol 0
FIREDISC517 97 at (15, 6) hp 374 ti 14 ammo 1 win 4 shots 7 net 72 code 6 twin 0 peer 0 pub 1 hold 0 held 0 heldfund 0 resets 0 viol 0
FIREDISC517 98 at (15, 6) hp 374 ti 14 ammo 1 win 4 shots 7 net 72 code 6 twin 0 peer 0 pub 1 hold 0 held 0 heldfund 0 resets 0 viol 0
FIREDISC517 99 at (15, 6) hp 374 ti 14 ammo 1 win 4 shots 7 net 72 code 6 twin 0 peer 0 pub 1 hold 0 held 0 heldfund 0 resets 0 viol 0
FIREDISC517 100 at (15, 6) hp 374 ti 14 ammo 11 win 4 shots 7 net 72 code 6 twin 0 peer 0 pub 1 hold 0 held 0 heldfund 0 resets 0 viol 0
FIREDISC517 101 at (15, 6) hp 356 ti 14 ammo 1 win 4 shots 8 net 72 code 6 twin 0 peer 0 pub 1 hold 0 held 0 heldfund 0 resets 0 viol 0
FIREDISC517 102 at (15, 6) hp 360 ti 14 ammo 1 win 4 shots 8 net 68 code 6 twin 0 peer 0 pub 1 hold 0 held 0 heldfund 0 resets 0 viol 0
FIREDISC517 103 at (15, 6) hp 364 ti 14 ammo 1 win 4 shots 8 net 64 code 6 twin 0 peer 0 pub 1 hold 0 held 0 heldfund 0 resets 0 viol 0
FIREDISC517 104 at (15, 6) hp 368 ti 14 ammo 11 win 4 shots 8 net 60 code 6 twin 0 peer 0 pub 1 hold 0 held 0 heldfund 0 resets 0 viol 0
FIREDISC517 105 at (15, 6) hp 354 ti 14 ammo 1 win 4 shots 9 net 56 code 6 twin 0 peer 0 pub 1 hold 0 held 0 heldfund 0 resets 0 viol 0
FIREDISC517 106 at (15, 6) hp 358 ti 14 ammo 1 win 4 shots 9 net 52 code 6 twin 0 peer 0 pub 1 hold 0 held 0 heldfund 0 resets 0 viol 0
FIREDISC517 107 at (15, 6) hp 362 ti 14 ammo 1 win 4 shots 9 net 48 code 5 twin 0 peer 0 pub 1 hold 0 held 0 heldfund 0 resets 0 viol 0
FIREDISC517 108 at (15, 6) hp 366 ti 14 ammo 11 win 4 shots 9 net 44 code 5 twin 0 peer 0 pub 1 hold 0 held 0 heldfund 0 resets 0 viol 0
FIREDISC517 109 at (15, 6) hp 352 ti 14 ammo 1 win 4 shots 10 net 40 code 5 twin 0 peer 0 pub 1 hold 0 held 0 heldfund 0 resets 0 viol 0
FIREDISC517 110 at (15, 6) hp 356 ti 7 ammo 1 win 4 shots 10 net 36 code 5 twin 0 peer 0 pub 1 hold 0 held 0 heldfund 0 resets 0 viol 0
FIREDISC517 111 at (15, 6) hp 360 ti 7 ammo 1 win 4 shots 10 net 32 code 5 twin 0 peer 0 pub 1 hold 0 held 0 heldfund 0 resets 0 viol 0
FIREDISC517 112 at (15, 6) hp 364 ti 14 ammo 4 win 4 shots 10 net 28 code 5 twin 0 peer 0 pub 1 hold 0 held 0 heldfund 0 resets 0 viol 0
FIREDISC517 113 at (15, 6) hp 368 ti 14 ammo 4 win 4 shots 10 net 24 code 4 twin 0 peer 0 pub 1 hold 0 held 0 heldfund 0 resets 0 viol 0
FIREDISC517 114 at (15, 6) hp 372 ti 14 ammo 4 win 4 shots 10 net 20 code 4 twin 0 peer 0 pub 1 hold 0 held 0 heldfund 0 resets 0 viol 0
FIREDISC517 115 at (15, 6) hp 376 ti 14 ammo 4 win 4 shots 10 net 16 code 4 twin 0 peer 0 pub 1 hold 0 held 0 heldfund 0 resets 0 viol 0
FIREDISC517 116 at (15, 6) hp 380 ti 14 ammo 14 win 4 shots 10 net 12 code 3 twin 0 peer 0 pub 1 hold 0 held 0 heldfund 0 resets 0 viol 0
FIREDISC517 117 at (15, 6) hp 366 ti 14 ammo 4 win 4 shots 11 net 8 code 3 twin 0 peer 0 pub 1 hold 0 held 0 heldfund 0 resets 0 viol 0
FIREDISC517 118 at (15, 6) hp 370 ti 14 ammo 4 win 4 shots 11 net 4 code 2 twin 0 peer 0 pub 1 hold 0 held 0 heldfund 0 resets 0 viol 0
FIREDISC517 119 at (15, 6) hp 374 ti 14 ammo 4 win 4 shots 11 net 0 code 1 twin 0 peer 0 pub 1 hold 1 held 0 heldfund 0 resets 0 viol 0
FIREDISC517 120 at (15, 6) hp 378 ti 14 ammo 14 win 4 shots 11 net -4 code 1 twin 0 peer 0 pub 1 hold 1 held 0 heldfund 0 resets 0 viol 0
FIREDISC517 121 at (15, 6) hp 382 ti 14 ammo 14 win 4 shots 11 net -8 code 1 twin 0 peer 0 pub 1 hold 1 held 1 heldfund 1 resets 0 viol 0
FIREDISC517 122 at (15, 6) hp 386 ti 14 ammo 14 win 4 shots 11 net -12 code 1 twin 0 peer 0 pub 1 hold 1 held 2 heldfund 2 resets 0 viol 0
FIREDISC517 123 at (15, 6) hp 390 ti 14 ammo 14 win 4 shots 11 net -16 code 1 twin 0 peer 0 pub 1 hold 1 held 3 heldfund 3 resets 0 viol 0
FIREDISC517 124 at (15, 6) hp 394 ti 14 ammo 24 win 4 shots 11 net -20 code 1 twin 0 peer 0 pub 1 hold 1 held 4 heldfund 4 resets 0 viol 0
FIREDISC517 125 at (15, 6) hp 398 ti 14 ammo 24 win 4 shots 11 net -24 code 1 twin 0 peer 0 pub 1 hold 1 held 5 heldfund 5 resets 0 viol 0
FIREDISC517 126 at (15, 6) hp 402 ti 14 ammo 24 win 4 shots 11 net -28 code 1 twin 0 peer 0 pub 1 hold 1 held 6 heldfund 6 resets 0 viol 0
FIREDISC517 127 at (15, 6) hp 406 ti 7 ammo 24 win 4 shots 11 net -32 code 1 twin 0 peer 0 pub 1 hold 1 held 7 heldfund 7 resets 0 viol 0
FIREDISC517 128 at (15, 6) hp 410 ti 14 ammo 27 win 4 shots 11 net -36 code 1 twin 0 peer 0 pub 1 hold 1 held 8 heldfund 8 resets 0 viol 0
FIREDISC517 129 at (15, 6) hp 414 ti 14 ammo 27 win 4 shots 11 net -40 code 1 twin 0 peer 0 pub 1 hold 1 held 9 heldfund 9 resets 0 viol 0
FIREDISC517 130 at (15, 6) hp 418 ti 14 ammo 27 win 4 shots 11 net -44 code 1 twin 0 peer 0 pub 1 hold 1 held 10 heldfund 10 resets 0 viol 0
FIREDISC517 131 at (15, 6) hp 422 ti 14 ammo 27 win 4 shots 11 net -48 code 1 twin 0 peer 0 pub 1 hold 1 held 11 heldfund 11 resets 0 viol 0
FIREDISC517 132 at (15, 6) hp 426 ti 14 ammo 37 win 4 shots 11 net -52 code 1 twin 0 peer 0 pub 1 hold 1 held 12 heldfund 12 resets 0 viol 0
FIREDISC517 133 at (15, 6) hp 430 ti 14 ammo 37 win 4 shots 11 net -56 code 1 twin 0 peer 0 pub 1 hold 1 held 13 heldfund 13 resets 0 viol 0
FIREDISC517 134 at (15, 6) hp 434 ti 14 ammo 37 win 4 shots 11 net -60 code 1 twin 0 peer 0 pub 1 hold 1 held 14 heldfund 14 resets 0 viol 0
FIREDISC517 135 at (15, 6) hp 438 ti 14 ammo 37 win 4 shots 11 net -64 code 1 twin 0 peer 0 pub 1 hold 1 held 15 heldfund 15 resets 0 viol 0
FIREDISC517 136 at (15, 6) hp 442 ti 14 ammo 47 win 4 shots 11 net -68 code 1 twin 0 peer 0 pub 1 hold 1 held 16 heldfund 16 resets 0 viol 0
FIREDISC517 137 at (15, 6) hp 446 ti 14 ammo 47 win 4 shots 11 net -72 code 1 twin 0 peer 0 pub 1 hold 1 held 17 heldfund 17 resets 0 viol 0
FIREDISC517 138 at (15, 6) hp 450 ti 7 ammo 47 win 4 shots 11 net -76 code 1 twin 0 peer 0 pub 1 hold 1 held 18 heldfund 18 resets 0 viol 0
FIREDISC517 139 at (15, 6) hp 454 ti 7 ammo 47 win 4 shots 11 net -80 code 1 twin 0 peer 0 pub 1 hold 1 held 19 heldfund 19 resets 0 viol 0
FIREDISC517 140 at (15, 6) hp 458 ti 14 ammo 50 win 4 shots 11 net -84 code 1 twin 0 peer 0 pub 1 hold 1 held 20 heldfund 20 resets 0 viol 0
FIREDISC517 141 at (15, 6) hp 462 ti 14 ammo 50 win 4 shots 11 net -88 code 1 twin 0 peer 0 pub 1 hold 1 held 21 heldfund 21 resets 0 viol 0
FIREDISC517 142 at (15, 6) hp 466 ti 14 ammo 50 win 4 shots 11 net -92 code 1 twin 0 peer 0 pub 1 hold 1 held 22 heldfund 22 resets 0 viol 0
FIREDISC517 143 at (15, 6) hp 470 ti 14 ammo 50 win 0 shots 11 net -96 code 1 twin 0 peer 0 pub 1 hold 0 held 23 heldfund 23 resets 1 viol 0
FIREDISC517 144 at (15, 6) hp 456 ti 14 ammo 50 win 1 shots 12 net None code 0 twin 0 peer 0 pub 1 hold 0 held 23 heldfund 23 resets 1 viol 0
FIREDISC517 145 at (15, 6) hp 460 ti 14 ammo 50 win 1 shots 12 net None code 0 twin 0 peer 0 pub 1 hold 0 held 23 heldfund 23 resets 1 viol 0
FIREDISC517 146 at (15, 6) hp 446 ti 14 ammo 40 win 2 shots 13 net None code 0 twin 0 peer 0 pub 1 hold 0 held 23 heldfund 23 resets 1 viol 0
FIREDISC517 147 at (15, 6) hp 450 ti 14 ammo 40 win 2 shots 13 net None code 0 twin 0 peer 0 pub 1 hold 0 held 23 heldfund 23 resets 1 viol 0
FIREDISC517 148 at (15, 6) hp 436 ti 14 ammo 40 win 3 shots 14 net None code 0 twin 0 peer 0 pub 1 hold 0 held 23 heldfund 23 resets 1 viol 0
FIREDISC517 149 at (15, 6) hp 440 ti 14 ammo 40 win 3 shots 14 net None code 0 twin 0 peer 0 pub 1 hold 0 held 23 heldfund 23 resets 1 viol 0
FIREDISC517 150 at (15, 6) hp 426 ti 7 ammo 30 win 4 shots 15 net 44 code 5 twin 0 peer 0 pub 1 hold 0 held 23 heldfund 23 resets 1 viol 0
FIREDISC517 151 at (15, 6) hp 430 ti 7 ammo 30 win 4 shots 15 net 40 code 5 twin 0 peer 0 pub 1 hold 0 held 23 heldfund 23 resets 1 viol 0
FIREDISC517 152 at (15, 6) hp 416 ti 14 ammo 23 win 4 shots 16 net 44 code 5 twin 0 peer 0 pub 1 hold 0 held 23 heldfund 23 resets 1 viol 0
FIREDISC517 153 at (15, 6) hp 420 ti 14 ammo 23 win 4 shots 16 net 40 code 5 twin 0 peer 0 pub 1 hold 0 held 23 heldfund 23 resets 1 viol 0
FIREDISC517 154 at (15, 6) hp 406 ti 14 ammo 13 win 4 shots 17 net 44 code 5 twin 0 peer 0 pub 1 hold 0 held 23 heldfund 23 resets 1 viol 0
FIREDISC517 155 at (15, 6) hp 410 ti 14 ammo 13 win 4 shots 17 net 40 code 5 twin 0 peer 0 pub 1 hold 0 held 23 heldfund 23 resets 1 viol 0
FIREDISC517 156 at (15, 6) hp 396 ti 14 ammo 13 win 4 shots 18 net 44 code 5 twin 0 peer 0 pub 1 hold 0 held 23 heldfund 23 resets 1 viol 0
FIREDISC517 157 at (15, 6) hp 400 ti 14 ammo 13 win 4 shots 18 net 40 code 5 twin 0 peer 0 pub 1 hold 0 held 23 heldfund 23 resets 1 viol 0
FIREDISC517 158 at (15, 6) hp 386 ti 14 ammo 3 win 4 shots 19 net 44 code 5 twin 0 peer 0 pub 1 hold 0 held 23 heldfund 23 resets 1 viol 0
FIREDISC517 159 at (15, 6) hp 390 ti 14 ammo 3 win 4 shots 19 net 40 code 5 twin 0 peer 0 pub 1 hold 0 held 23 heldfund 23 resets 1 viol 0
FIREDISC517 160 at (15, 6) hp 394 ti 14 ammo 13 win 4 shots 19 net 36 code 5 twin 0 peer 0 pub 1 hold 0 held 23 heldfund 23 resets 1 viol 0
FIREDISC517 161 at (15, 6) hp 380 ti 14 ammo 3 win 4 shots 20 net 40 code 5 twin 0 peer 0 pub 1 hold 0 held 23 heldfund 23 resets 1 viol 0
FIREDISC517 162 at (15, 6) hp 384 ti 7 ammo 3 win 4 shots 20 net 36 code 5 twin 0 peer 0 pub 1 hold 0 held 23 heldfund 23 resets 1 viol 0
FIREDISC517 163 at (15, 6) hp 388 ti 7 ammo 3 win 4 shots 20 net 32 code 5 twin 0 peer 0 pub 1 hold 0 held 23 heldfund 23 resets 1 viol 0
FIREDISC517 164 at (15, 6) hp 392 ti 14 ammo 6 win 4 shots 20 net 28 code 5 twin 0 peer 0 pub 1 hold 0 held 23 heldfund 23 resets 1 viol 0
FIREDISC517 165 at (15, 6) hp 396 ti 14 ammo 6 win 4 shots 20 net 24 code 4 twin 0 peer 0 pub 1 hold 0 held 23 heldfund 23 resets 1 viol 0
FIREDISC517 166 at (15, 6) hp 400 ti 14 ammo 6 win 4 shots 20 net 20 code 4 twin 0 peer 0 pub 1 hold 0 held 23 heldfund 23 resets 1 viol 0
FIREDISC517 167 at (15, 6) hp 404 ti 14 ammo 6 win 4 shots 20 net 16 code 4 twin 0 peer 0 pub 1 hold 0 held 23 heldfund 23 resets 1 viol 0
FIREDISC517 168 at (15, 6) hp 408 ti 14 ammo 16 win 4 shots 20 net 12 code 3 twin 0 peer 0 pub 1 hold 0 held 23 heldfund 23 resets 1 viol 0
FIREDISC517 169 at (15, 6) hp 394 ti 14 ammo 6 win 4 shots 21 net 16 code 4 twin 0 peer 0 pub 1 hold 0 held 23 heldfund 23 resets 1 viol 0
FIREDISC517 170 at (15, 6) hp 398 ti 14 ammo 6 win 4 shots 21 net 12 code 3 twin 0 peer 0 pub 1 hold 0 held 23 heldfund 23 resets 1 viol 0
FIREDISC517 171 at (15, 6) hp 402 ti 14 ammo 6 win 4 shots 21 net 8 code 3 twin 0 peer 0 pub 1 hold 0 held 23 heldfund 23 resets 1 viol 0
FIREDISC517 172 at (15, 6) hp 406 ti 14 ammo 16 win 4 shots 21 net 4 code 2 twin 0 peer 0 pub 1 hold 0 held 23 heldfund 23 resets 1 viol 0
FIREDISC517 173 at (15, 6) hp 392 ti 14 ammo 6 win 4 shots 22 net 8 code 3 twin 0 peer 0 pub 1 hold 0 held 23 heldfund 23 resets 1 viol 0
FIREDISC517 174 at (15, 6) hp 396 ti 14 ammo 6 win 4 shots 22 net 4 code 2 twin 0 peer 0 pub 1 hold 0 held 23 heldfund 23 resets 1 viol 0
FIREDISC517 175 at (15, 6) hp 400 ti 14 ammo 6 win 4 shots 22 net 0 code 1 twin 0 peer 0 pub 1 hold 1 held 23 heldfund 23 resets 1 viol 0
FIREDISC517 176 at (15, 6) hp 404 ti 14 ammo 16 win 4 shots 22 net -4 code 1 twin 0 peer 0 pub 1 hold 1 held 23 heldfund 23 resets 1 viol 0
FIREDISC517 177 at (15, 6) hp 408 ti 14 ammo 16 win 4 shots 22 net -8 code 1 twin 0 peer 0 pub 1 hold 1 held 24 heldfund 24 resets 1 viol 0
FIREDISC517 178 at (15, 6) hp 412 ti 7 ammo 16 win 4 shots 22 net -12 code 1 twin 0 peer 0 pub 1 hold 1 held 25 heldfund 25 resets 1 viol 0
FIREDISC517 179 at (15, 6) hp 416 ti 7 ammo 16 win 4 shots 22 net -16 code 1 twin 0 peer 0 pub 1 hold 1 held 26 heldfund 26 resets 1 viol 0
FIREDISC517 180 at (15, 6) hp 420 ti 14 ammo 19 win 4 shots 22 net -20 code 1 twin 0 peer 0 pub 1 hold 1 held 27 heldfund 27 resets 1 viol 0
FIREDISC517 181 at (15, 6) hp 424 ti 14 ammo 19 win 4 shots 22 net -24 code 1 twin 0 peer 0 pub 1 hold 1 held 28 heldfund 28 resets 1 viol 0
FIREDISC517 182 at (15, 6) hp 428 ti 14 ammo 19 win 4 shots 22 net -28 code 1 twin 0 peer 0 pub 1 hold 1 held 29 heldfund 29 resets 1 viol 0
FIREDISC517 183 at (15, 6) hp 432 ti 14 ammo 19 win 4 shots 22 net -32 code 1 twin 0 peer 0 pub 1 hold 1 held 30 heldfund 30 resets 1 viol 0
FIREDISC517 184 at (15, 6) hp 436 ti 14 ammo 29 win 4 shots 22 net -36 code 1 twin 0 peer 0 pub 1 hold 1 held 31 heldfund 31 resets 1 viol 0
FIREDISC517 185 at (15, 6) hp 440 ti 14 ammo 29 win 4 shots 22 net -40 code 1 twin 0 peer 0 pub 1 hold 1 held 32 heldfund 32 resets 1 viol 0
FIREDISC517 186 at (15, 6) hp 444 ti 14 ammo 29 win 4 shots 22 net -44 code 1 twin 0 peer 0 pub 1 hold 1 held 33 heldfund 33 resets 1 viol 0
FIREDISC517 187 at (15, 6) hp 448 ti 14 ammo 29 win 4 shots 22 net -48 code 1 twin 0 peer 0 pub 1 hold 1 held 34 heldfund 34 resets 1 viol 0
FIREDISC517 188 at (15, 6) hp 452 ti 14 ammo 39 win 4 shots 22 net -52 code 1 twin 0 peer 0 pub 1 hold 1 held 35 heldfund 35 resets 1 viol 0
FIREDISC517 189 at (15, 6) hp 456 ti 14 ammo 39 win 4 shots 22 net -56 code 1 twin 0 peer 0 pub 1 hold 1 held 36 heldfund 36 resets 1 viol 0
FIREDISC517 190 at (15, 6) hp 460 ti 7 ammo 39 win 4 shots 22 net -60 code 1 twin 0 peer 0 pub 1 hold 1 held 37 heldfund 37 resets 1 viol 0
FIREDISC517 191 at (15, 6) hp 464 ti 7 ammo 39 win 4 shots 22 net -64 code 1 twin 0 peer 0 pub 1 hold 1 held 38 heldfund 38 resets 1 viol 0
FIREDISC517 192 at (15, 6) hp 468 ti 14 ammo 42 win 4 shots 22 net -68 code 1 twin 0 peer 0 pub 1 hold 1 held 39 heldfund 39 resets 1 viol 0
FIREDISC517 193 at (15, 6) hp 472 ti 14 ammo 42 win 4 shots 22 net -72 code 1 twin 0 peer 0 pub 1 hold 1 held 40 heldfund 40 resets 1 viol 0
FIREDISC517 194 at (15, 6) hp 476 ti 14 ammo 42 win 4 shots 22 net -76 code 1 twin 0 peer 0 pub 1 hold 1 held 41 heldfund 41 resets 1 viol 0
FIREDISC517 195 at (15, 6) hp 480 ti 14 ammo 42 win 4 shots 22 net -80 code 1 twin 0 peer 0 pub 1 hold 1 held 42 heldfund 42 resets 1 viol 0
FIREDISC517 196 at (15, 6) hp 484 ti 14 ammo 52 win 4 shots 22 net -84 code 1 twin 0 peer 0 pub 1 hold 1 held 43 heldfund 43 resets 1 viol 0
FIREDISC517 197 at (15, 6) hp 488 ti 14 ammo 52 win 4 shots 22 net -88 code 1 twin 0 peer 0 pub 1 hold 1 held 44 heldfund 44 resets 1 viol 0
FIREDISC517 198 at (15, 6) hp 492 ti 14 ammo 52 win 4 shots 22 net -92 code 1 twin 0 peer 0 pub 1 hold 1 held 45 heldfund 45 resets 1 viol 0
FIREDISC517 199 at (15, 6) hp 496 ti 14 ammo 52 win 0 shots 22 net -96 code 1 twin 0 peer 0 pub 1 hold 0 held 46 heldfund 46 resets 2 viol 0
FIREDISC517 200 at (15, 6) hp 482 ti 14 ammo 52 win 1 shots 23 net None code 0 twin 0 peer 0 pub 1 hold 0 held 46 heldfund 46 resets 2 viol 0
FIREDISC517 201 at (15, 6) hp 486 ti 14 ammo 52 win 1 shots 23 net None code 0 twin 0 peer 0 pub 1 hold 0 held 46 heldfund 46 resets 2 viol 0
FIREDISC517 202 at (15, 6) hp 472 ti 7 ammo 42 win 2 shots 24 net None code 0 twin 0 peer 0 pub 1 hold 0 held 46 heldfund 46 resets 2 viol 0
FIREDISC517 203 at (15, 6) hp 476 ti 7 ammo 42 win 2 shots 24 net None code 0 twin 0 peer 0 pub 1 hold 0 held 46 heldfund 46 resets 2 viol 0
FIREDISC517 204 at (15, 6) hp 462 ti 14 ammo 35 win 3 shots 25 net None code 0 twin 0 peer 0 pub 1 hold 0 held 46 heldfund 46 resets 2 viol 0
FIREDISC517 205 at (15, 6) hp 466 ti 14 ammo 35 win 3 shots 25 net None code 0 twin 0 peer 0 pub 1 hold 0 held 46 heldfund 46 resets 2 viol 0
FIREDISC517 206 at (15, 6) hp 452 ti 14 ammo 25 win 4 shots 26 net 44 code 5 twin 0 peer 0 pub 1 hold 0 held 46 heldfund 46 resets 2 viol 0
FIREDISC517 207 at (15, 6) hp 456 ti 14 ammo 25 win 4 shots 26 net 40 code 5 twin 0 peer 0 pub 1 hold 0 held 46 heldfund 46 resets 2 viol 0
FIREDISC517 208 at (15, 6) hp 442 ti 14 ammo 25 win 4 shots 27 net 44 code 5 twin 0 peer 0 pub 1 hold 0 held 46 heldfund 46 resets 2 viol 0
FIREDISC517 209 at (15, 6) hp 446 ti 14 ammo 25 win 4 shots 27 net 40 code 5 twin 0 peer 0 pub 1 hold 0 held 46 heldfund 46 resets 2 viol 0
FIREDISC517 210 at (15, 6) hp 432 ti 14 ammo 15 win 4 shots 28 net 44 code 5 twin 0 peer 0 pub 1 hold 0 held 46 heldfund 46 resets 2 viol 0
FIREDISC517 211 at (15, 6) hp 436 ti 14 ammo 15 win 4 shots 28 net 40 code 5 twin 0 peer 0 pub 1 hold 0 held 46 heldfund 46 resets 2 viol 0
FIREDISC517 212 at (15, 6) hp 422 ti 14 ammo 15 win 4 shots 29 net 44 code 5 twin 0 peer 0 pub 1 hold 0 held 46 heldfund 46 resets 2 viol 0
FIREDISC517 213 at (15, 6) hp 426 ti 14 ammo 15 win 4 shots 29 net 40 code 5 twin 0 peer 0 pub 1 hold 0 held 46 heldfund 46 resets 2 viol 0
FIREDISC517 214 at (15, 6) hp 412 ti 14 ammo 5 win 4 shots 30 net 44 code 5 twin 0 peer 0 pub 1 hold 0 held 46 heldfund 46 resets 2 viol 0
FIREDISC517 215 at (15, 6) hp 416 ti 14 ammo 5 win 4 shots 30 net 40 code 5 twin 0 peer 0 pub 1 hold 0 held 46 heldfund 46 resets 2 viol 0
FIREDISC517 216 at (15, 6) hp 420 ti 14 ammo 15 win 4 shots 30 net 36 code 5 twin 0 peer 0 pub 1 hold 0 held 46 heldfund 46 resets 2 viol 0
FIREDISC517 217 at (15, 6) hp 406 ti 14 ammo 5 win 4 shots 31 net 40 code 5 twin 0 peer 0 pub 1 hold 0 held 46 heldfund 46 resets 2 viol 0
FIREDISC517 218 at (15, 6) hp 410 ti 7 ammo 5 win 4 shots 31 net 36 code 5 twin 0 peer 0 pub 1 hold 0 held 46 heldfund 46 resets 2 viol 0
FIREDISC517 219 at (15, 6) hp 414 ti 7 ammo 5 win 4 shots 31 net 32 code 5 twin 0 peer 0 pub 1 hold 0 held 46 heldfund 46 resets 2 viol 0
FIREDISC517 220 at (15, 6) hp 418 ti 14 ammo 8 win 4 shots 31 net 28 code 5 twin 0 peer 0 pub 1 hold 0 held 46 heldfund 46 resets 2 viol 0
FIREDISC517 221 at (15, 6) hp 422 ti 14 ammo 8 win 4 shots 31 net 24 code 4 twin 0 peer 0 pub 1 hold 0 held 46 heldfund 46 resets 2 viol 0
FIREDISC517 222 at (15, 6) hp 426 ti 14 ammo 8 win 4 shots 31 net 20 code 4 twin 0 peer 0 pub 1 hold 0 held 46 heldfund 46 resets 2 viol 0
FIREDISC517 223 at (15, 6) hp 430 ti 14 ammo 8 win 4 shots 31 net 16 code 4 twin 0 peer 0 pub 1 hold 0 held 46 heldfund 46 resets 2 viol 0
FIREDISC517 224 at (15, 6) hp 434 ti 14 ammo 18 win 4 shots 31 net 12 code 3 twin 0 peer 0 pub 1 hold 0 held 46 heldfund 46 resets 2 viol 0
FIREDISC517 225 at (15, 6) hp 420 ti 14 ammo 8 win 4 shots 32 net 16 code 4 twin 0 peer 0 pub 1 hold 0 held 46 heldfund 46 resets 2 viol 0
FIREDISC517 226 at (15, 6) hp 424 ti 14 ammo 8 win 4 shots 32 net 12 code 3 twin 0 peer 0 pub 1 hold 0 held 46 heldfund 46 resets 2 viol 0
FIREDISC517 227 at (15, 6) hp 428 ti 14 ammo 8 win 4 shots 32 net 8 code 3 twin 0 peer 0 pub 1 hold 0 held 46 heldfund 46 resets 2 viol 0
FIREDISC517 228 at (15, 6) hp 432 ti 14 ammo 18 win 4 shots 32 net 4 code 2 twin 0 peer 0 pub 1 hold 0 held 46 heldfund 46 resets 2 viol 0
FIREDISC517 229 at (15, 6) hp 418 ti 14 ammo 8 win 4 shots 33 net 8 code 3 twin 0 peer 0 pub 1 hold 0 held 46 heldfund 46 resets 2 viol 0
FIREDISC517 230 at (15, 6) hp 422 ti 7 ammo 8 win 4 shots 33 net 4 code 2 twin 0 peer 0 pub 1 hold 0 held 46 heldfund 46 resets 2 viol 0
FIREDISC517 231 at (15, 6) hp 426 ti 7 ammo 8 win 4 shots 33 net 0 code 1 twin 0 peer 0 pub 1 hold 1 held 46 heldfund 46 resets 2 viol 0
FIREDISC517 232 at (15, 6) hp 430 ti 14 ammo 11 win 4 shots 33 net -4 code 1 twin 0 peer 0 pub 1 hold 1 held 46 heldfund 46 resets 2 viol 0
FIREDISC517 233 at (15, 6) hp 434 ti 14 ammo 11 win 4 shots 33 net -8 code 1 twin 0 peer 0 pub 1 hold 1 held 47 heldfund 47 resets 2 viol 0
FIREDISC517 234 at (15, 6) hp 438 ti 14 ammo 11 win 4 shots 33 net -12 code 1 twin 0 peer 0 pub 1 hold 1 held 48 heldfund 48 resets 2 viol 0
FIREDISC517 235 at (15, 6) hp 442 ti 14 ammo 11 win 4 shots 33 net -16 code 1 twin 0 peer 0 pub 1 hold 1 held 49 heldfund 49 resets 2 viol 0
FIREDISC517 236 at (15, 6) hp 446 ti 14 ammo 21 win 4 shots 33 net -20 code 1 twin 0 peer 0 pub 1 hold 1 held 50 heldfund 50 resets 2 viol 0
FIREDISC517 237 at (15, 6) hp 450 ti 14 ammo 21 win 4 shots 33 net -24 code 1 twin 0 peer 0 pub 1 hold 1 held 51 heldfund 51 resets 2 viol 0
FIREDISC517 238 at (15, 6) hp 454 ti 14 ammo 21 win 4 shots 33 net -28 code 1 twin 0 peer 0 pub 1 hold 1 held 52 heldfund 52 resets 2 viol 0
FIREDISC517 239 at (15, 6) hp 458 ti 14 ammo 21 win 4 shots 33 net -32 code 1 twin 0 peer 0 pub 1 hold 1 held 53 heldfund 53 resets 2 viol 0
FIREDISC517 240 at (15, 6) hp 462 ti 14 ammo 31 win 4 shots 33 net -36 code 1 twin 0 peer 0 pub 1 hold 1 held 54 heldfund 54 resets 2 viol 0
FIREDISC517 241 at (15, 6) hp 466 ti 14 ammo 31 win 4 shots 33 net -40 code 1 twin 0 peer 0 pub 1 hold 1 held 55 heldfund 55 resets 2 viol 0
FIREDISC517 242 at (15, 6) hp 470 ti 7 ammo 31 win 4 shots 33 net -44 code 1 twin 0 peer 0 pub 1 hold 1 held 56 heldfund 56 resets 2 viol 0
FIREDISC517 243 at (15, 6) hp 474 ti 7 ammo 31 win 4 shots 33 net -48 code 1 twin 0 peer 0 pub 1 hold 1 held 57 heldfund 57 resets 2 viol 0
FIREDISC517 244 at (15, 6) hp 478 ti 14 ammo 34 win 4 shots 33 net -52 code 1 twin 0 peer 0 pub 1 hold 1 held 58 heldfund 58 resets 2 viol 0
FIREDISC517 245 at (15, 6) hp 482 ti 14 ammo 34 win 4 shots 33 net -56 code 1 twin 0 peer 0 pub 1 hold 1 held 59 heldfund 59 resets 2 viol 0
FIREDISC517 246 at (15, 6) hp 486 ti 14 ammo 34 win 4 shots 33 net -60 code 1 twin 0 peer 0 pub 1 hold 1 held 60 heldfund 60 resets 2 viol 0
FIREDISC517 247 at (15, 6) hp 490 ti 14 ammo 34 win 4 shots 33 net -64 code 1 twin 0 peer 0 pub 1 hold 1 held 61 heldfund 61 resets 2 viol 0
FIREDISC517 248 at (15, 6) hp 494 ti 14 ammo 44 win 4 shots 33 net -68 code 1 twin 0 peer 0 pub 1 hold 1 held 62 heldfund 62 resets 2 viol 0
FIREDISC517 249 at (15, 6) hp 498 ti 14 ammo 44 win 4 shots 33 net -72 code 1 twin 0 peer 0 pub 1 hold 1 held 63 heldfund 63 resets 2 viol 0
FIREDISC517 250 at (15, 6) hp 500 ti 14 ammo 44 win 4 shots 33 net -74 code 1 twin 0 peer 0 pub 1 hold 1 held 64 heldfund 64 resets 2 viol 0
FIREDISC517 251 at (15, 6) hp 500 ti 14 ammo 44 win 4 shots 33 net -74 code 1 twin 0 peer 0 pub 1 hold 1 held 65 heldfund 65 resets 2 viol 0
FIREDISC517 252 at (15, 6) hp 500 ti 14 ammo 54 win 4 shots 33 net -74 code 1 twin 0 peer 0 pub 1 hold 1 held 66 heldfund 66 resets 2 viol 0
FIREDISC517 253 at (15, 6) hp 500 ti 14 ammo 54 win 4 shots 33 net -74 code 1 twin 0 peer 0 pub 1 hold 1 held 67 heldfund 67 resets 2 viol 0
FIREDISC517 254 at (15, 6) hp 500 ti 14 ammo 54 win 4 shots 33 net -74 code 1 twin 0 peer 0 pub 1 hold 1 held 68 heldfund 68 resets 2 viol 0
FIREDISC517 255 at (15, 6) hp 500 ti 14 ammo 54 win 0 shots 33 net -74 code 1 twin 0 peer 0 pub 1 hold 0 held 69 heldfund 69 resets 3 viol 0
FIREDISC517 256 at (15, 6) hp 482 ti 14 ammo 54 win 1 shots 34 net None code 0 twin 0 peer 0 pub 1 hold 0 held 69 heldfund 69 resets 3 viol 0
FIREDISC517 257 at (15, 6) hp 486 ti 14 ammo 54 win 1 shots 34 net None code 0 twin 0 peer 0 pub 1 hold 0 held 69 heldfund 69 resets 3 viol 0
FIREDISC517 258 at (15, 6) hp 472 ti 7 ammo 44 win 2 shots 35 net None code 0 twin 0 peer 0 pub 1 hold 0 held 69 heldfund 69 resets 3 viol 0
FIREDISC517 259 at (15, 6) hp 476 ti 7 ammo 44 win 2 shots 35 net None code 0 twin 0 peer 0 pub 1 hold 0 held 69 heldfund 69 resets 3 viol 0
FIREDISC517 260 at (15, 6) hp 462 ti 14 ammo 37 win 3 shots 36 net None code 0 twin 0 peer 0 pub 1 hold 0 held 69 heldfund 69 resets 3 viol 0
FIREDISC517 261 at (15, 6) hp 466 ti 7 ammo 37 win 3 shots 36 net None code 0 twin 0 peer 0 pub 1 hold 0 held 69 heldfund 69 resets 3 viol 0
FIREDISC517 262 at (15, 6) hp 452 ti 7 ammo 27 win 4 shots 37 net 48 code 5 twin 0 peer 0 pub 1 hold 0 held 69 heldfund 69 resets 3 viol 0
FIREDISC517 263 at (15, 6) hp 456 ti 7 ammo 27 win 4 shots 37 net 44 code 5 twin 0 peer 0 pub 1 hold 0 held 69 heldfund 69 resets 3 viol 0
FIREDISC517 264 at (15, 6) hp 442 ti 14 ammo 20 win 4 shots 38 net 44 code 5 twin 0 peer 0 pub 1 hold 0 held 69 heldfund 69 resets 3 viol 0
FIREDISC517 265 at (15, 6) hp 446 ti 14 ammo 20 win 4 shots 38 net 40 code 5 twin 0 peer 0 pub 1 hold 0 held 69 heldfund 69 resets 3 viol 0
FIREDISC517 266 at (15, 6) hp 432 ti 14 ammo 10 win 4 shots 39 net 44 code 5 twin 0 peer 0 pub 1 hold 0 held 69 heldfund 69 resets 3 viol 0
FIREDISC517 267 at (15, 6) hp 436 ti 14 ammo 10 win 4 shots 39 net 40 code 5 twin 0 peer 0 pub 1 hold 0 held 69 heldfund 69 resets 3 viol 0
FIREDISC517 268 at (15, 6) hp 422 ti 14 ammo 10 win 4 shots 40 net 44 code 5 twin 0 peer 0 pub 1 hold 0 held 69 heldfund 69 resets 3 viol 0
FIREDISC517 269 at (15, 6) hp 426 ti 14 ammo 10 win 4 shots 40 net 40 code 5 twin 0 peer 0 pub 1 hold 0 held 69 heldfund 69 resets 3 viol 0
FIREDISC517 270 at (15, 6) hp 412 ti 14 ammo 0 win 4 shots 41 net 44 code 5 twin 0 peer 0 pub 1 hold 0 held 69 heldfund 69 resets 3 viol 0
FIREDISC517 271 at (15, 6) hp 416 ti 14 ammo 0 win 4 shots 41 net 40 code 5 twin 0 peer 0 pub 1 hold 0 held 69 heldfund 69 resets 3 viol 0
FIREDISC517 272 at (15, 6) hp 420 ti 14 ammo 10 win 4 shots 41 net 36 code 5 twin 0 peer 0 pub 1 hold 0 held 69 heldfund 69 resets 3 viol 0
FIREDISC517 273 at (15, 6) hp 406 ti 14 ammo 0 win 4 shots 42 net 40 code 5 twin 0 peer 0 pub 1 hold 0 held 69 heldfund 69 resets 3 viol 0
FIREDISC517 274 at (15, 6) hp 410 ti 7 ammo 0 win 4 shots 42 net 36 code 5 twin 0 peer 0 pub 1 hold 0 held 69 heldfund 69 resets 3 viol 0
FIREDISC517 275 at (15, 6) hp 414 ti 7 ammo 0 win 4 shots 42 net 32 code 5 twin 0 peer 0 pub 1 hold 0 held 69 heldfund 69 resets 3 viol 0
FIREDISC517 276 at (15, 6) hp 418 ti 14 ammo 3 win 4 shots 42 net 28 code 5 twin 0 peer 0 pub 1 hold 0 held 69 heldfund 69 resets 3 viol 0
FIREDISC517 277 at (15, 6) hp 422 ti 14 ammo 3 win 4 shots 42 net 24 code 4 twin 0 peer 0 pub 1 hold 0 held 69 heldfund 69 resets 3 viol 0
FIREDISC517 278 at (15, 6) hp 426 ti 14 ammo 3 win 4 shots 42 net 20 code 4 twin 0 peer 0 pub 1 hold 0 held 69 heldfund 69 resets 3 viol 0
FIREDISC517 279 at (15, 6) hp 430 ti 14 ammo 3 win 4 shots 42 net 16 code 4 twin 0 peer 0 pub 1 hold 0 held 69 heldfund 69 resets 3 viol 0
FIREDISC517 280 at (15, 6) hp 434 ti 14 ammo 13 win 4 shots 42 net 12 code 3 twin 0 peer 0 pub 1 hold 0 held 69 heldfund 69 resets 3 viol 0
FIREDISC517 281 at (15, 6) hp 420 ti 14 ammo 3 win 4 shots 43 net 16 code 4 twin 0 peer 0 pub 1 hold 0 held 69 heldfund 69 resets 3 viol 0
FIREDISC517 282 at (15, 6) hp 424 ti 14 ammo 3 win 4 shots 43 net 12 code 3 twin 0 peer 0 pub 1 hold 0 held 69 heldfund 69 resets 3 viol 0
FIREDISC517 283 at (15, 6) hp 428 ti 14 ammo 3 win 4 shots 43 net 8 code 3 twin 0 peer 0 pub 1 hold 0 held 69 heldfund 69 resets 3 viol 0
FIREDISC517 284 at (15, 6) hp 432 ti 14 ammo 13 win 4 shots 43 net 4 code 2 twin 0 peer 0 pub 1 hold 0 held 69 heldfund 69 resets 3 viol 0
FIREDISC517 285 at (15, 6) hp 418 ti 14 ammo 3 win 4 shots 44 net 8 code 3 twin 0 peer 0 pub 1 hold 0 held 69 heldfund 69 resets 3 viol 0
FIREDISC517 286 at (15, 6) hp 422 ti 7 ammo 3 win 4 shots 44 net 4 code 2 twin 0 peer 0 pub 1 hold 0 held 69 heldfund 69 resets 3 viol 0
FIREDISC517 287 at (15, 6) hp 426 ti 7 ammo 3 win 4 shots 44 net 0 code 1 twin 0 peer 0 pub 1 hold 1 held 69 heldfund 69 resets 3 viol 0
FIREDISC517 288 at (15, 6) hp 430 ti 14 ammo 6 win 4 shots 44 net -4 code 1 twin 0 peer 0 pub 1 hold 1 held 69 heldfund 69 resets 3 viol 0
FIREDISC517 289 at (15, 6) hp 434 ti 14 ammo 6 win 4 shots 44 net -8 code 1 twin 0 peer 0 pub 1 hold 1 held 69 heldfund 69 resets 3 viol 0
FIREDISC517 290 at (15, 6) hp 438 ti 14 ammo 6 win 4 shots 44 net -12 code 1 twin 0 peer 0 pub 1 hold 1 held 69 heldfund 69 resets 3 viol 0
FIREDISC517 291 at (15, 6) hp 442 ti 14 ammo 6 win 4 shots 44 net -16 code 1 twin 0 peer 0 pub 1 hold 1 held 69 heldfund 69 resets 3 viol 0
FIREDISC517 292 at (15, 6) hp 446 ti 14 ammo 16 win 4 shots 44 net -20 code 1 twin 0 peer 0 pub 1 hold 1 held 69 heldfund 69 resets 3 viol 0
FIREDISC517 293 at (15, 6) hp 450 ti 14 ammo 16 win 4 shots 44 net -24 code 1 twin 0 peer 0 pub 1 hold 1 held 70 heldfund 70 resets 3 viol 0
FIREDISC517 294 at (15, 6) hp 454 ti 14 ammo 16 win 4 shots 44 net -28 code 1 twin 0 peer 0 pub 1 hold 1 held 71 heldfund 71 resets 3 viol 0
FIREDISC517 295 at (15, 6) hp 458 ti 14 ammo 16 win 4 shots 44 net -32 code 1 twin 0 peer 0 pub 1 hold 1 held 72 heldfund 72 resets 3 viol 0
FIREDISC517 296 at (15, 6) hp 462 ti 14 ammo 26 win 4 shots 44 net -36 code 1 twin 0 peer 0 pub 1 hold 1 held 73 heldfund 73 resets 3 viol 0
FIREDISC517 297 at (15, 6) hp 466 ti 14 ammo 26 win 4 shots 44 net -40 code 1 twin 0 peer 0 pub 1 hold 1 held 74 heldfund 74 resets 3 viol 0
FIREDISC517 298 at (15, 6) hp 470 ti 7 ammo 26 win 4 shots 44 net -44 code 1 twin 0 peer 0 pub 1 hold 1 held 75 heldfund 75 resets 3 viol 0
FIREDISC517 299 at (15, 6) hp 474 ti 7 ammo 26 win 4 shots 44 net -48 code 1 twin 0 peer 0 pub 1 hold 1 held 76 heldfund 76 resets 3 viol 0
FIREDISC517 300 at (15, 6) hp 478 ti 14 ammo 29 win 4 shots 44 net -52 code 1 twin 0 peer 0 pub 1 hold 1 held 77 heldfund 77 resets 3 viol 0
FIREDISC517 301 at (15, 6) hp 482 ti 14 ammo 29 win 4 shots 44 net -56 code 1 twin 0 peer 0 pub 1 hold 1 held 78 heldfund 78 resets 3 viol 0
FIREDISC517 302 at (15, 6) hp 486 ti 14 ammo 29 win 4 shots 44 net -60 code 1 twin 0 peer 0 pub 1 hold 1 held 79 heldfund 79 resets 3 viol 0
FIREDISC517 303 at (15, 6) hp 490 ti 14 ammo 29 win 4 shots 44 net -64 code 1 twin 0 peer 0 pub 1 hold 1 held 80 heldfund 80 resets 3 viol 0
FIREDISC517 304 at (15, 6) hp 494 ti 14 ammo 39 win 4 shots 44 net -68 code 1 twin 0 peer 0 pub 1 hold 1 held 81 heldfund 81 resets 3 viol 0
FIREDISC517 305 at (15, 6) hp 498 ti 14 ammo 39 win 4 shots 44 net -72 code 1 twin 0 peer 0 pub 1 hold 1 held 82 heldfund 82 resets 3 viol 0
FIREDISC517 306 at (15, 6) hp 500 ti 14 ammo 39 win 4 shots 44 net -74 code 1 twin 0 peer 0 pub 1 hold 1 held 83 heldfund 83 resets 3 viol 0
FIREDISC517 307 at (15, 6) hp 500 ti 14 ammo 39 win 4 shots 44 net -74 code 1 twin 0 peer 0 pub 1 hold 1 held 84 heldfund 84 resets 3 viol 0
FIREDISC517 308 at (15, 6) hp 500 ti 14 ammo 49 win 4 shots 44 net -74 code 1 twin 0 peer 0 pub 1 hold 1 held 85 heldfund 85 resets 3 viol 0
FIREDISC517 309 at (15, 6) hp 500 ti 14 ammo 39 win 4 shots 44 net -74 code 1 twin 0 peer 0 pub 1 hold 1 held 86 heldfund 86 resets 3 viol 0
FIREDISC517 310 at (15, 6) hp 500 ti 14 ammo 39 win 4 shots 44 net -74 code 1 twin 0 peer 0 pub 1 hold 1 held 86 heldfund 86 resets 3 viol 0
FIREDISC517 311 at (15, 6) hp 500 ti 14 ammo 39 win 0 shots 44 net -74 code 1 twin 0 peer 0 pub 1 hold 0 held 87 heldfund 87 resets 4 viol 0
FIREDISC517 312 at (15, 6) hp 482 ti 14 ammo 39 win 1 shots 45 net None code 0 twin 0 peer 0 pub 1 hold 0 held 87 heldfund 87 resets 4 viol 0
FIREDISC517 313 at (15, 6) hp 486 ti 14 ammo 39 win 1 shots 45 net None code 0 twin 0 peer 0 pub 1 hold 0 held 87 heldfund 87 resets 4 viol 0
FIREDISC517 314 at (15, 6) hp 472 ti 7 ammo 29 win 2 shots 46 net None code 0 twin 0 peer 0 pub 1 hold 0 held 87 heldfund 87 resets 4 viol 0
FIREDISC517 315 at (15, 6) hp 476 ti 7 ammo 29 win 2 shots 46 net None code 0 twin 0 peer 0 pub 1 hold 0 held 87 heldfund 87 resets 4 viol 0
FIREDISC517 316 at (15, 6) hp 462 ti 14 ammo 22 win 3 shots 47 net None code 0 twin 0 peer 0 pub 1 hold 0 held 87 heldfund 87 resets 4 viol 0
FIREDISC517 317 at (15, 6) hp 466 ti 14 ammo 22 win 3 shots 47 net None code 0 twin 0 peer 0 pub 1 hold 0 held 87 heldfund 87 resets 4 viol 0
FIREDISC517 318 at (15, 6) hp 452 ti 14 ammo 12 win 4 shots 48 net 48 code 5 twin 0 peer 0 pub 1 hold 0 held 87 heldfund 87 resets 4 viol 0
FIREDISC517 319 at (15, 6) hp 456 ti 14 ammo 12 win 4 shots 48 net 44 code 5 twin 0 peer 0 pub 1 hold 0 held 87 heldfund 87 resets 4 viol 0
FIREDISC517 320 at (15, 6) hp 442 ti 14 ammo 12 win 4 shots 49 net 44 code 5 twin 0 peer 0 pub 1 hold 0 held 87 heldfund 87 resets 4 viol 0
FIREDISC517 321 at (15, 6) hp 446 ti 14 ammo 12 win 4 shots 49 net 40 code 5 twin 0 peer 0 pub 1 hold 0 held 87 heldfund 87 resets 4 viol 0
FIREDISC517 322 at (15, 6) hp 432 ti 14 ammo 2 win 4 shots 50 net 44 code 5 twin 0 peer 0 pub 1 hold 0 held 87 heldfund 87 resets 4 viol 0
FIREDISC517 323 at (15, 6) hp 436 ti 14 ammo 2 win 4 shots 50 net 40 code 5 twin 0 peer 0 pub 1 hold 0 held 87 heldfund 87 resets 4 viol 0
FIREDISC517 324 at (15, 6) hp 440 ti 14 ammo 12 win 4 shots 50 net 36 code 5 twin 0 peer 0 pub 1 hold 0 held 87 heldfund 87 resets 4 viol 0
FIREDISC517 325 at (15, 6) hp 426 ti 14 ammo 2 win 4 shots 51 net 40 code 5 twin 0 peer 0 pub 1 hold 0 held 87 heldfund 87 resets 4 viol 0
FIREDISC517 326 at (15, 6) hp 430 ti 14 ammo 2 win 4 shots 51 net 36 code 5 twin 0 peer 0 pub 1 hold 0 held 87 heldfund 87 resets 4 viol 0
FIREDISC517 327 at (15, 6) hp 434 ti 14 ammo 2 win 4 shots 51 net 32 code 5 twin 0 peer 0 pub 1 hold 0 held 87 heldfund 87 resets 4 viol 0
FIREDISC517 328 at (15, 6) hp 438 ti 14 ammo 12 win 4 shots 51 net 28 code 5 twin 0 peer 0 pub 1 hold 0 held 87 heldfund 87 resets 4 viol 0
FIREDISC517 329 at (15, 6) hp 424 ti 14 ammo 2 win 4 shots 52 net 32 code 5 twin 0 peer 0 pub 1 hold 0 held 87 heldfund 87 resets 4 viol 0
FIREDISC517 330 at (15, 6) hp 428 ti 7 ammo 2 win 4 shots 52 net 28 code 5 twin 0 peer 0 pub 1 hold 0 held 87 heldfund 87 resets 4 viol 0
FIREDISC517 331 at (15, 6) hp 432 ti 7 ammo 2 win 4 shots 52 net 24 code 4 twin 0 peer 0 pub 1 hold 0 held 87 heldfund 87 resets 4 viol 0
FIREDISC517 332 at (15, 6) hp 436 ti 14 ammo 5 win 4 shots 52 net 20 code 4 twin 0 peer 0 pub 1 hold 0 held 87 heldfund 87 resets 4 viol 0
FIREDISC517 333 at (15, 6) hp 440 ti 14 ammo 5 win 4 shots 52 net 16 code 4 twin 0 peer 0 pub 1 hold 0 held 87 heldfund 87 resets 4 viol 0
FIREDISC517 334 at (15, 6) hp 444 ti 14 ammo 5 win 4 shots 52 net 12 code 3 twin 0 peer 0 pub 1 hold 0 held 87 heldfund 87 resets 4 viol 0
FIREDISC517 335 at (15, 6) hp 448 ti 14 ammo 5 win 4 shots 52 net 8 code 3 twin 0 peer 0 pub 1 hold 0 held 87 heldfund 87 resets 4 viol 0
FIREDISC517 336 at (15, 6) hp 452 ti 14 ammo 15 win 4 shots 52 net 4 code 2 twin 0 peer 0 pub 1 hold 0 held 87 heldfund 87 resets 4 viol 0
FIREDISC517 337 at (15, 6) hp 438 ti 14 ammo 5 win 4 shots 53 net 8 code 3 twin 0 peer 0 pub 1 hold 0 held 87 heldfund 87 resets 4 viol 0
FIREDISC517 338 at (15, 6) hp 442 ti 14 ammo 5 win 4 shots 53 net 4 code 2 twin 0 peer 0 pub 1 hold 0 held 87 heldfund 87 resets 4 viol 0
FIREDISC517 339 at (15, 6) hp 446 ti 14 ammo 5 win 4 shots 53 net 0 code 1 twin 0 peer 0 pub 1 hold 1 held 87 heldfund 87 resets 4 viol 0
FIREDISC517 340 at (15, 6) hp 450 ti 14 ammo 15 win 4 shots 53 net -4 code 1 twin 0 peer 0 pub 1 hold 1 held 87 heldfund 87 resets 4 viol 0
FIREDISC517 341 at (15, 6) hp 454 ti 14 ammo 15 win 4 shots 53 net -8 code 1 twin 0 peer 0 pub 1 hold 1 held 88 heldfund 88 resets 4 viol 0
FIREDISC517 342 at (15, 6) hp 458 ti 7 ammo 15 win 4 shots 53 net -12 code 1 twin 0 peer 0 pub 1 hold 1 held 89 heldfund 89 resets 4 viol 0
FIREDISC517 343 at (15, 6) hp 462 ti 7 ammo 15 win 4 shots 53 net -16 code 1 twin 0 peer 0 pub 1 hold 1 held 90 heldfund 90 resets 4 viol 0
FIREDISC517 344 at (15, 6) hp 466 ti 14 ammo 18 win 4 shots 53 net -20 code 1 twin 0 peer 0 pub 1 hold 1 held 91 heldfund 91 resets 4 viol 0
FIREDISC517 345 at (15, 6) hp 470 ti 14 ammo 18 win 4 shots 53 net -24 code 1 twin 0 peer 0 pub 1 hold 1 held 92 heldfund 92 resets 4 viol 0
FIREDISC517 346 at (15, 6) hp 474 ti 14 ammo 18 win 4 shots 53 net -28 code 1 twin 0 peer 0 pub 1 hold 1 held 93 heldfund 93 resets 4 viol 0
FIREDISC517 347 at (15, 6) hp 478 ti 14 ammo 18 win 4 shots 53 net -32 code 1 twin 0 peer 0 pub 1 hold 1 held 94 heldfund 94 resets 4 viol 0
FIREDISC517 348 at (15, 6) hp 482 ti 14 ammo 28 win 4 shots 53 net -36 code 1 twin 0 peer 0 pub 1 hold 1 held 95 heldfund 95 resets 4 viol 0
FIREDISC517 349 at (15, 6) hp 486 ti 14 ammo 28 win 4 shots 53 net -40 code 1 twin 0 peer 0 pub 1 hold 1 held 96 heldfund 96 resets 4 viol 0
FIREDISC517 350 at (15, 6) hp 490 ti 14 ammo 28 win 4 shots 53 net -44 code 1 twin 0 peer 0 pub 1 hold 1 held 97 heldfund 97 resets 4 viol 0
FIREDISC517 351 at (15, 6) hp 494 ti 14 ammo 28 win 4 shots 53 net -48 code 1 twin 0 peer 0 pub 1 hold 1 held 98 heldfund 98 resets 4 viol 0
FIREDISC517 352 at (15, 6) hp 498 ti 14 ammo 38 win 4 shots 53 net -52 code 1 twin 0 peer 0 pub 1 hold 1 held 99 heldfund 99 resets 4 viol 0
FIREDISC517 353 at (15, 6) hp 500 ti 14 ammo 38 win 4 shots 53 net -54 code 1 twin 0 peer 0 pub 1 hold 1 held 100 heldfund 100 resets 4 viol 0
FIREDISC517 354 at (15, 6) hp 500 ti 7 ammo 38 win 4 shots 53 net -54 code 1 twin 0 peer 0 pub 1 hold 1 held 101 heldfund 101 resets 4 viol 0
FIREDISC517 355 at (15, 6) hp 500 ti 7 ammo 38 win 4 shots 53 net -54 code 1 twin 0 peer 0 pub 1 hold 1 held 102 heldfund 102 resets 4 viol 0
FIREDISC517 356 at (15, 6) hp 500 ti 14 ammo 41 win 4 shots 53 net -54 code 1 twin 0 peer 0 pub 1 hold 1 held 103 heldfund 103 resets 4 viol 0
FIREDISC517 357 at (15, 6) hp 500 ti 14 ammo 41 win 4 shots 53 net -54 code 1 twin 0 peer 0 pub 1 hold 1 held 104 heldfund 104 resets 4 viol 0
FIREDISC517 358 at (15, 6) hp 500 ti 14 ammo 41 win 4 shots 53 net -54 code 1 twin 0 peer 0 pub 1 hold 1 held 105 heldfund 105 resets 4 viol 0
FIREDISC517 359 at (15, 6) hp 500 ti 14 ammo 41 win 4 shots 53 net -54 code 1 twin 0 peer 0 pub 1 hold 1 held 106 heldfund 106 resets 4 viol 0
FIREDISC517 360 at (15, 6) hp 500 ti 14 ammo 51 win 4 shots 53 net -54 code 1 twin 0 peer 0 pub 1 hold 1 held 107 heldfund 107 resets 4 viol 0
FIREDISC517 361 at (15, 6) hp 500 ti 7 ammo 51 win 4 shots 53 net -54 code 1 twin 0 peer 0 pub 1 hold 1 held 108 heldfund 108 resets 4 viol 0
FIREDISC517 362 at (15, 6) hp 500 ti 7 ammo 51 win 4 shots 53 net -54 code 1 twin 0 peer 0 pub 1 hold 1 held 109 heldfund 109 resets 4 viol 0
FIREDISC517 363 at (15, 6) hp 500 ti 7 ammo 51 win 0 shots 53 net -54 code 1 twin 0 peer 0 pub 1 hold 0 held 110 heldfund 110 resets 5 viol 0
FIREDISC517 364 at (15, 6) hp 482 ti 14 ammo 44 win 1 shots 54 net None code 0 twin 0 peer 0 pub 1 hold 0 held 110 heldfund 110 resets 5 viol 0
FIREDISC517 365 at (15, 6) hp 482 ti 14 ammo 44 win 1 shots 54 net None code 0 twin 0 peer 0 pub 1 hold 0 held 110 heldfund 110 resets 5 viol 0
FIREDISC517 366 at (15, 6) hp 464 ti 14 ammo 34 win 2 shots 55 net None code 0 twin 0 peer 0 pub 1 hold 0 held 110 heldfund 110 resets 5 viol 0
FIREDISC517 367 at (15, 6) hp 464 ti 14 ammo 34 win 2 shots 55 net None code 0 twin 0 peer 0 pub 1 hold 0 held 110 heldfund 110 resets 5 viol 0
FIREDISC517 368 at (15, 6) hp 446 ti 14 ammo 34 win 3 shots 56 net None code 0 twin 0 peer 0 pub 1 hold 0 held 110 heldfund 110 resets 5 viol 0
FIREDISC517 369 at (15, 6) hp 446 ti 14 ammo 34 win 3 shots 56 net None code 0 twin 0 peer 0 pub 1 hold 0 held 110 heldfund 110 resets 5 viol 0
FIREDISC517 370 at (15, 6) hp 428 ti 14 ammo 24 win 4 shots 57 net 72 code 6 twin 0 peer 0 pub 1 hold 0 held 110 heldfund 110 resets 5 viol 0
FIREDISC517 371 at (15, 6) hp 428 ti 14 ammo 24 win 4 shots 57 net 72 code 6 twin 0 peer 0 pub 1 hold 0 held 110 heldfund 110 resets 5 viol 0
FIREDISC517 372 at (15, 6) hp 410 ti 14 ammo 24 win 4 shots 58 net 72 code 6 twin 0 peer 0 pub 1 hold 0 held 110 heldfund 110 resets 5 viol 0
FIREDISC517 373 at (15, 6) hp 410 ti 14 ammo 24 win 4 shots 58 net 72 code 6 twin 0 peer 0 pub 1 hold 0 held 110 heldfund 110 resets 5 viol 0
FIREDISC517 374 at (15, 6) hp 392 ti 14 ammo 14 win 4 shots 59 net 72 code 6 twin 0 peer 0 pub 1 hold 0 held 110 heldfund 110 resets 5 viol 0
FIREDISC517 375 at (15, 6) hp 392 ti 14 ammo 14 win 4 shots 59 net 72 code 6 twin 0 peer 0 pub 1 hold 0 held 110 heldfund 110 resets 5 viol 0
FIREDISC517 376 at (15, 6) hp 374 ti 14 ammo 14 win 4 shots 60 net 72 code 6 twin 0 peer 0 pub 1 hold 0 held 110 heldfund 110 resets 5 viol 0
FIREDISC517 377 at (15, 6) hp 374 ti 14 ammo 14 win 4 shots 60 net 72 code 6 twin 0 peer 0 pub 1 hold 0 held 110 heldfund 110 resets 5 viol 0
FIREDISC517 378 at (15, 6) hp 360 ti 14 ammo 4 win 4 shots 61 net 68 code 6 twin 0 peer 0 pub 1 hold 0 held 110 heldfund 110 resets 5 viol 0
FIREDISC517 379 at (15, 6) hp 364 ti 14 ammo 4 win 4 shots 61 net 64 code 6 twin 0 peer 0 pub 1 hold 0 held 110 heldfund 110 resets 5 viol 0
FIREDISC517 380 at (15, 6) hp 368 ti 14 ammo 14 win 4 shots 61 net 60 code 6 twin 0 peer 0 pub 1 hold 0 held 110 heldfund 110 resets 5 viol 0
FIREDISC517 381 at (15, 6) hp 354 ti 7 ammo 4 win 4 shots 62 net 56 code 6 twin 0 peer 0 pub 1 hold 0 held 110 heldfund 110 resets 5 viol 0
FIREDISC517 382 at (15, 6) hp 358 ti 7 ammo 4 win 4 shots 62 net 52 code 6 twin 0 peer 0 pub 1 hold 0 held 110 heldfund 110 resets 5 viol 0
FIREDISC517 383 at (15, 6) hp 362 ti 7 ammo 4 win 4 shots 62 net 48 code 5 twin 0 peer 0 pub 1 hold 0 held 110 heldfund 110 resets 5 viol 0
FIREDISC517 384 at (15, 6) hp 366 ti 7 ammo 7 win 4 shots 62 net 44 code 5 twin 0 peer 0 pub 1 hold 0 held 110 heldfund 110 resets 5 viol 0
FIREDISC517 385 at (15, 6) hp 370 ti 7 ammo 7 win 4 shots 62 net 40 code 5 twin 0 peer 0 pub 1 hold 0 held 110 heldfund 110 resets 5 viol 0
FIREDISC517 386 at (15, 6) hp 374 ti 7 ammo 7 win 4 shots 62 net 36 code 5 twin 0 peer 0 pub 1 hold 0 held 110 heldfund 110 resets 5 viol 0
FIREDISC517 387 at (15, 6) hp 378 ti 7 ammo 7 win 4 shots 62 net 32 code 5 twin 0 peer 0 pub 1 hold 0 held 110 heldfund 110 resets 5 viol 0
FIREDISC517 388 at (15, 6) hp 382 ti 14 ammo 10 win 4 shots 62 net 28 code 5 twin 0 peer 0 pub 1 hold 0 held 110 heldfund 110 resets 5 viol 0
FIREDISC517 389 at (15, 6) hp 368 ti 14 ammo 0 win 4 shots 63 net 24 code 4 twin 0 peer 0 pub 1 hold 0 held 110 heldfund 110 resets 5 viol 0
FIREDISC517 390 at (15, 6) hp 372 ti 14 ammo 0 win 4 shots 63 net 20 code 4 twin 0 peer 0 pub 1 hold 0 held 110 heldfund 110 resets 5 viol 0
FIREDISC517 391 at (15, 6) hp 376 ti 14 ammo 0 win 4 shots 63 net 16 code 4 twin 0 peer 0 pub 1 hold 0 held 110 heldfund 110 resets 5 viol 0
FIREDISC517 392 at (15, 6) hp 380 ti 14 ammo 10 win 4 shots 63 net 12 code 3 twin 0 peer 0 pub 1 hold 0 held 110 heldfund 110 resets 5 viol 0
FIREDISC517 393 at (15, 6) hp 366 ti 14 ammo 0 win 4 shots 64 net 8 code 3 twin 0 peer 0 pub 1 hold 0 held 110 heldfund 110 resets 5 viol 0
FIREDISC517 394 at (15, 6) hp 370 ti 7 ammo 0 win 4 shots 64 net 4 code 2 twin 0 peer 0 pub 1 hold 0 held 110 heldfund 110 resets 5 viol 0
FIREDISC517 395 at (15, 6) hp 374 ti 7 ammo 0 win 4 shots 64 net 0 code 1 twin 0 peer 0 pub 1 hold 1 held 110 heldfund 110 resets 5 viol 0
FIREDISC517 396 at (15, 6) hp 378 ti 14 ammo 3 win 4 shots 64 net -4 code 1 twin 0 peer 0 pub 1 hold 1 held 110 heldfund 110 resets 5 viol 0
FIREDISC517 397 at (15, 6) hp 382 ti 14 ammo 3 win 4 shots 64 net -8 code 1 twin 0 peer 0 pub 1 hold 1 held 110 heldfund 110 resets 5 viol 0
FIREDISC517 398 at (15, 6) hp 386 ti 14 ammo 3 win 4 shots 64 net -12 code 1 twin 0 peer 0 pub 1 hold 1 held 110 heldfund 110 resets 5 viol 0
FIREDISC517 399 at (15, 6) hp 390 ti 14 ammo 3 win 4 shots 64 net -16 code 1 twin 0 peer 0 pub 1 hold 1 held 110 heldfund 110 resets 5 viol 0
FIREDISC517 400 at (15, 6) hp 394 ti 14 ammo 13 win 4 shots 64 net -20 code 1 twin 0 peer 0 pub 1 hold 1 held 110 heldfund 110 resets 5 viol 0
FIREDISC517 401 at (15, 6) hp 398 ti 14 ammo 13 win 4 shots 64 net -24 code 1 twin 0 peer 0 pub 1 hold 1 held 111 heldfund 111 resets 5 viol 0
FIREDISC517 402 at (15, 6) hp 402 ti 14 ammo 13 win 4 shots 64 net -28 code 1 twin 0 peer 0 pub 1 hold 1 held 112 heldfund 112 resets 5 viol 0
FIREDISC517 403 at (15, 6) hp 406 ti 14 ammo 13 win 4 shots 64 net -32 code 1 twin 0 peer 0 pub 1 hold 1 held 113 heldfund 113 resets 5 viol 0
FIREDISC517 404 at (15, 6) hp 410 ti 14 ammo 23 win 4 shots 64 net -36 code 1 twin 0 peer 0 pub 1 hold 1 held 114 heldfund 114 resets 5 viol 0
FIREDISC517 405 at (15, 6) hp 414 ti 14 ammo 23 win 4 shots 64 net -40 code 1 twin 0 peer 0 pub 1 hold 1 held 115 heldfund 115 resets 5 viol 0
FIREDISC517 406 at (15, 6) hp 418 ti 7 ammo 23 win 4 shots 64 net -44 code 1 twin 0 peer 0 pub 1 hold 1 held 116 heldfund 116 resets 5 viol 0
FIREDISC517 407 at (15, 6) hp 422 ti 7 ammo 23 win 4 shots 64 net -48 code 1 twin 0 peer 0 pub 1 hold 1 held 117 heldfund 117 resets 5 viol 0
FIREDISC517 408 at (15, 6) hp 426 ti 14 ammo 26 win 4 shots 64 net -52 code 1 twin 0 peer 0 pub 1 hold 1 held 118 heldfund 118 resets 5 viol 0
FIREDISC517 409 at (15, 6) hp 430 ti 14 ammo 26 win 4 shots 64 net -56 code 1 twin 0 peer 0 pub 1 hold 1 held 119 heldfund 119 resets 5 viol 0
FIREDISC517 410 at (15, 6) hp 434 ti 14 ammo 26 win 4 shots 64 net -60 code 1 twin 0 peer 0 pub 1 hold 1 held 120 heldfund 120 resets 5 viol 0
FIREDISC517 411 at (15, 6) hp 438 ti 14 ammo 26 win 4 shots 64 net -64 code 1 twin 0 peer 0 pub 1 hold 1 held 121 heldfund 121 resets 5 viol 0
FIREDISC517 412 at (15, 6) hp 442 ti 14 ammo 36 win 4 shots 64 net -68 code 1 twin 0 peer 0 pub 1 hold 1 held 122 heldfund 122 resets 5 viol 0
FIREDISC517 413 at (15, 6) hp 446 ti 14 ammo 36 win 4 shots 64 net -72 code 1 twin 0 peer 0 pub 1 hold 1 held 123 heldfund 123 resets 5 viol 0
FIREDISC517 414 at (15, 6) hp 450 ti 14 ammo 36 win 4 shots 64 net -76 code 1 twin 0 peer 0 pub 1 hold 1 held 124 heldfund 124 resets 5 viol 0
FIREDISC517 415 at (15, 6) hp 454 ti 14 ammo 36 win 4 shots 64 net -80 code 1 twin 0 peer 0 pub 1 hold 1 held 125 heldfund 125 resets 5 viol 0
FIREDISC517 416 at (15, 6) hp 458 ti 14 ammo 46 win 4 shots 64 net -84 code 1 twin 0 peer 0 pub 1 hold 1 held 126 heldfund 126 resets 5 viol 0
FIREDISC517 417 at (15, 6) hp 462 ti 14 ammo 46 win 4 shots 64 net -88 code 1 twin 0 peer 0 pub 1 hold 1 held 127 heldfund 127 resets 5 viol 0
FIREDISC517 418 at (15, 6) hp 466 ti 7 ammo 46 win 4 shots 64 net -92 code 1 twin 0 peer 0 pub 1 hold 1 held 128 heldfund 128 resets 5 viol 0
FIREDISC517 419 at (15, 6) hp 470 ti 7 ammo 46 win 0 shots 64 net -96 code 1 twin 0 peer 0 pub 1 hold 0 held 129 heldfund 129 resets 6 viol 0
FIREDISC517 420 at (15, 6) hp 456 ti 14 ammo 39 win 1 shots 65 net None code 0 twin 0 peer 0 pub 1 hold 0 held 129 heldfund 129 resets 6 viol 0
FIREDISC517 421 at (15, 6) hp 460 ti 14 ammo 39 win 1 shots 65 net None code 0 twin 0 peer 0 pub 1 hold 0 held 129 heldfund 129 resets 6 viol 0
FIREDISC517 422 at (15, 6) hp 446 ti 14 ammo 29 win 2 shots 66 net None code 0 twin 0 peer 0 pub 1 hold 0 held 129 heldfund 129 resets 6 viol 0
FIREDISC517 423 at (15, 6) hp 450 ti 14 ammo 29 win 2 shots 66 net None code 0 twin 0 peer 0 pub 1 hold 0 held 129 heldfund 129 resets 6 viol 0
FIREDISC517 424 at (15, 6) hp 436 ti 14 ammo 29 win 3 shots 67 net None code 0 twin 0 peer 0 pub 1 hold 0 held 129 heldfund 129 resets 6 viol 0
FIREDISC517 425 at (15, 6) hp 440 ti 14 ammo 29 win 3 shots 67 net None code 0 twin 0 peer 0 pub 1 hold 0 held 129 heldfund 129 resets 6 viol 0
FIREDISC517 426 at (15, 6) hp 426 ti 14 ammo 19 win 4 shots 68 net 44 code 5 twin 0 peer 0 pub 1 hold 0 held 129 heldfund 129 resets 6 viol 0
FIREDISC517 427 at (15, 6) hp 430 ti 14 ammo 19 win 4 shots 68 net 40 code 5 twin 0 peer 0 pub 1 hold 0 held 129 heldfund 129 resets 6 viol 0
FIREDISC517 428 at (15, 6) hp 416 ti 14 ammo 19 win 4 shots 69 net 44 code 5 twin 0 peer 0 pub 1 hold 0 held 129 heldfund 129 resets 6 viol 0
FIREDISC517 429 at (15, 6) hp 420 ti 14 ammo 19 win 4 shots 69 net 40 code 5 twin 0 peer 0 pub 1 hold 0 held 129 heldfund 129 resets 6 viol 0
FIREDISC517 430 at (15, 6) hp 406 ti 14 ammo 9 win 4 shots 70 net 44 code 5 twin 0 peer 0 pub 1 hold 0 held 129 heldfund 129 resets 6 viol 0
FIREDISC517 431 at (15, 6) hp 410 ti 14 ammo 9 win 4 shots 70 net 40 code 5 twin 0 peer 0 pub 1 hold 0 held 129 heldfund 129 resets 6 viol 0
FIREDISC517 432 at (15, 6) hp 414 ti 14 ammo 19 win 4 shots 70 net 36 code 5 twin 0 peer 0 pub 1 hold 0 held 129 heldfund 129 resets 6 viol 0
FIREDISC517 433 at (15, 6) hp 400 ti 14 ammo 9 win 4 shots 71 net 40 code 5 twin 0 peer 0 pub 1 hold 0 held 129 heldfund 129 resets 6 viol 0
FIREDISC517 434 at (15, 6) hp 404 ti 7 ammo 9 win 4 shots 71 net 36 code 5 twin 0 peer 0 pub 1 hold 0 held 129 heldfund 129 resets 6 viol 0
FIREDISC517 435 at (15, 6) hp 408 ti 7 ammo 9 win 4 shots 71 net 32 code 5 twin 0 peer 0 pub 1 hold 0 held 129 heldfund 129 resets 6 viol 0
FIREDISC517 436 at (15, 6) hp 412 ti 14 ammo 12 win 4 shots 71 net 28 code 5 twin 0 peer 0 pub 1 hold 0 held 129 heldfund 129 resets 6 viol 0
FIREDISC517 437 at (15, 6) hp 398 ti 14 ammo 2 win 4 shots 72 net 32 code 5 twin 0 peer 0 pub 1 hold 0 held 129 heldfund 129 resets 6 viol 0
FIREDISC517 438 at (15, 6) hp 402 ti 14 ammo 2 win 4 shots 72 net 28 code 5 twin 0 peer 0 pub 1 hold 0 held 129 heldfund 129 resets 6 viol 0
FIREDISC517 439 at (15, 6) hp 406 ti 14 ammo 2 win 4 shots 72 net 24 code 4 twin 0 peer 0 pub 1 hold 0 held 129 heldfund 129 resets 6 viol 0
FIREDISC517 440 at (15, 6) hp 410 ti 14 ammo 12 win 4 shots 72 net 20 code 4 twin 0 peer 0 pub 1 hold 0 held 129 heldfund 129 resets 6 viol 0
FIREDISC517 441 at (15, 6) hp 396 ti 14 ammo 2 win 4 shots 73 net 24 code 4 twin 0 peer 0 pub 1 hold 0 held 129 heldfund 129 resets 6 viol 0
FIREDISC517 442 at (15, 6) hp 400 ti 14 ammo 2 win 4 shots 73 net 20 code 4 twin 0 peer 0 pub 1 hold 0 held 129 heldfund 129 resets 6 viol 0
FIREDISC517 443 at (15, 6) hp 404 ti 14 ammo 2 win 4 shots 73 net 16 code 4 twin 0 peer 0 pub 1 hold 0 held 129 heldfund 129 resets 6 viol 0
FIREDISC517 444 at (15, 6) hp 408 ti 14 ammo 12 win 4 shots 73 net 12 code 3 twin 0 peer 0 pub 1 hold 0 held 129 heldfund 129 resets 6 viol 0
FIREDISC517 445 at (15, 6) hp 394 ti 14 ammo 2 win 4 shots 74 net 20 code 4 twin 0 peer 0 pub 1 hold 0 held 129 heldfund 129 resets 6 viol 0
FIREDISC517 446 at (15, 6) hp 398 ti 7 ammo 2 win 4 shots 74 net 16 code 4 twin 0 peer 0 pub 1 hold 0 held 129 heldfund 129 resets 6 viol 0
FIREDISC517 447 at (15, 6) hp 402 ti 7 ammo 2 win 4 shots 74 net 12 code 3 twin 0 peer 0 pub 1 hold 0 held 129 heldfund 129 resets 6 viol 0
FIREDISC517 448 at (15, 6) hp 406 ti 14 ammo 5 win 4 shots 74 net 8 code 3 twin 0 peer 0 pub 1 hold 0 held 129 heldfund 129 resets 6 viol 0
FIREDISC517 449 at (15, 6) hp 410 ti 14 ammo 5 win 4 shots 74 net 4 code 2 twin 0 peer 0 pub 1 hold 0 held 129 heldfund 129 resets 6 viol 0
FIREDISC517 450 at (15, 6) hp 414 ti 14 ammo 5 win 4 shots 74 net 0 code 1 twin 0 peer 0 pub 1 hold 1 held 129 heldfund 129 resets 6 viol 0
FIREDISC517 451 at (15, 6) hp 418 ti 14 ammo 5 win 4 shots 74 net -4 code 1 twin 0 peer 0 pub 1 hold 1 held 129 heldfund 129 resets 6 viol 0
FIREDISC517 452 at (15, 6) hp 422 ti 14 ammo 15 win 4 shots 74 net -8 code 1 twin 0 peer 0 pub 1 hold 1 held 129 heldfund 129 resets 6 viol 0
FIREDISC517 453 at (15, 6) hp 426 ti 14 ammo 15 win 4 shots 74 net -12 code 1 twin 0 peer 0 pub 1 hold 1 held 130 heldfund 130 resets 6 viol 0
FIREDISC517 454 at (15, 6) hp 430 ti 14 ammo 15 win 4 shots 74 net -16 code 1 twin 0 peer 0 pub 1 hold 1 held 131 heldfund 131 resets 6 viol 0
FIREDISC517 455 at (15, 6) hp 434 ti 14 ammo 15 win 4 shots 74 net -20 code 1 twin 0 peer 0 pub 1 hold 1 held 132 heldfund 132 resets 6 viol 0
FIREDISC517 456 at (15, 6) hp 438 ti 14 ammo 25 win 4 shots 74 net -24 code 1 twin 0 peer 0 pub 1 hold 1 held 133 heldfund 133 resets 6 viol 0
FIREDISC517 457 at (15, 6) hp 442 ti 14 ammo 25 win 4 shots 74 net -28 code 1 twin 0 peer 0 pub 1 hold 1 held 134 heldfund 134 resets 6 viol 0
FIREDISC517 458 at (15, 6) hp 446 ti 7 ammo 25 win 4 shots 74 net -32 code 1 twin 0 peer 0 pub 1 hold 1 held 135 heldfund 135 resets 6 viol 0
FIREDISC517 459 at (15, 6) hp 450 ti 7 ammo 25 win 4 shots 74 net -36 code 1 twin 0 peer 0 pub 1 hold 1 held 136 heldfund 136 resets 6 viol 0
FIREDISC517 460 at (15, 6) hp 454 ti 14 ammo 28 win 4 shots 74 net -40 code 1 twin 0 peer 0 pub 1 hold 1 held 137 heldfund 137 resets 6 viol 0
FIREDISC517 461 at (15, 6) hp 458 ti 14 ammo 28 win 4 shots 74 net -44 code 1 twin 0 peer 0 pub 1 hold 1 held 138 heldfund 138 resets 6 viol 0
FIREDISC517 462 at (15, 6) hp 462 ti 14 ammo 28 win 4 shots 74 net -48 code 1 twin 0 peer 0 pub 1 hold 1 held 139 heldfund 139 resets 6 viol 0
FIREDISC517 463 at (15, 6) hp 466 ti 14 ammo 28 win 4 shots 74 net -52 code 1 twin 0 peer 0 pub 1 hold 1 held 140 heldfund 140 resets 6 viol 0
FIREDISC517 464 at (15, 6) hp 470 ti 14 ammo 38 win 4 shots 74 net -56 code 1 twin 0 peer 0 pub 1 hold 1 held 141 heldfund 141 resets 6 viol 0
FIREDISC517 465 at (15, 6) hp 474 ti 14 ammo 38 win 4 shots 74 net -60 code 1 twin 0 peer 0 pub 1 hold 1 held 142 heldfund 142 resets 6 viol 0
FIREDISC517 466 at (15, 6) hp 478 ti 14 ammo 38 win 4 shots 74 net -64 code 1 twin 0 peer 0 pub 1 hold 1 held 143 heldfund 143 resets 6 viol 0
FIREDISC517 467 at (15, 6) hp 482 ti 14 ammo 38 win 4 shots 74 net -68 code 1 twin 0 peer 0 pub 1 hold 1 held 144 heldfund 144 resets 6 viol 0
FIREDISC517 468 at (15, 6) hp 486 ti 14 ammo 48 win 4 shots 74 net -72 code 1 twin 0 peer 0 pub 1 hold 1 held 145 heldfund 145 resets 6 viol 0
FIREDISC517 469 at (15, 6) hp 490 ti 14 ammo 48 win 4 shots 74 net -76 code 1 twin 0 peer 0 pub 1 hold 1 held 146 heldfund 146 resets 6 viol 0
FIREDISC517 470 at (15, 6) hp 494 ti 14 ammo 48 win 4 shots 74 net -80 code 1 twin 0 peer 0 pub 1 hold 1 held 147 heldfund 147 resets 6 viol 0
FIREDISC517 471 at (15, 6) hp 498 ti 14 ammo 48 win 4 shots 74 net -84 code 1 twin 0 peer 0 pub 1 hold 1 held 148 heldfund 148 resets 6 viol 0
FIREDISC517 472 at (15, 6) hp 500 ti 14 ammo 58 win 4 shots 74 net -86 code 1 twin 0 peer 0 pub 1 hold 1 held 149 heldfund 149 resets 6 viol 0
FIREDISC517 473 at (15, 6) hp 500 ti 14 ammo 58 win 4 shots 74 net -86 code 1 twin 0 peer 0 pub 1 hold 1 held 150 heldfund 150 resets 6 viol 0
FIREDISC517 474 at (15, 6) hp 500 ti 14 ammo 58 win 0 shots 74 net -86 code 1 twin 0 peer 0 pub 1 hold 0 held 151 heldfund 151 resets 7 viol 0
FIREDISC517 475 at (15, 6) hp 486 ti 14 ammo 48 win 1 shots 75 net None code 0 twin 0 peer 0 pub 1 hold 0 held 151 heldfund 151 resets 7 viol 0
FIREDISC517 476 at (15, 6) hp 490 ti 7 ammo 58 win 1 shots 75 net None code 0 twin 0 peer 0 pub 1 hold 0 held 151 heldfund 151 resets 7 viol 0
FIREDISC517 477 at (15, 6) hp 476 ti 7 ammo 48 win 2 shots 76 net None code 0 twin 0 peer 0 pub 1 hold 0 held 151 heldfund 151 resets 7 viol 0
FIREDISC517 478 at (15, 6) hp 480 ti 7 ammo 48 win 2 shots 76 net None code 0 twin 0 peer 0 pub 1 hold 0 held 151 heldfund 151 resets 7 viol 0
FIREDISC517 479 at (15, 6) hp 466 ti 7 ammo 38 win 3 shots 77 net None code 0 twin 0 peer 0 pub 1 hold 0 held 151 heldfund 151 resets 7 viol 0
FIREDISC517 480 at (15, 6) hp 470 ti 14 ammo 41 win 3 shots 77 net None code 0 twin 0 peer 0 pub 1 hold 0 held 151 heldfund 151 resets 7 viol 0
FIREDISC517 481 at (15, 6) hp 456 ti 14 ammo 31 win 4 shots 78 net 44 code 5 twin 0 peer 0 pub 1 hold 0 held 151 heldfund 151 resets 7 viol 0
FIREDISC517 482 at (15, 6) hp 460 ti 14 ammo 31 win 4 shots 78 net 40 code 5 twin 0 peer 0 pub 1 hold 0 held 151 heldfund 151 resets 7 viol 0
FIREDISC517 483 at (15, 6) hp 446 ti 14 ammo 21 win 4 shots 79 net 44 code 5 twin 0 peer 0 pub 1 hold 0 held 151 heldfund 151 resets 7 viol 0
FIREDISC517 484 at (15, 6) hp 450 ti 14 ammo 31 win 4 shots 79 net 40 code 5 twin 0 peer 0 pub 1 hold 0 held 151 heldfund 151 resets 7 viol 0
FIREDISC517 485 at (15, 6) hp 436 ti 14 ammo 21 win 4 shots 80 net 44 code 5 twin 0 peer 0 pub 1 hold 0 held 151 heldfund 151 resets 7 viol 0
FIREDISC517 486 at (15, 6) hp 440 ti 7 ammo 21 win 4 shots 80 net 40 code 5 twin 0 peer 0 pub 1 hold 0 held 151 heldfund 151 resets 7 viol 0
FIREDISC517 487 at (15, 6) hp 426 ti 7 ammo 11 win 4 shots 81 net 44 code 5 twin 0 peer 0 pub 1 hold 0 held 151 heldfund 151 resets 7 viol 0
FIREDISC517 488 at (15, 6) hp 430 ti 14 ammo 14 win 4 shots 81 net 40 code 5 twin 0 peer 0 pub 1 hold 0 held 151 heldfund 151 resets 7 viol 0
FIREDISC517 489 at (15, 6) hp 416 ti 14 ammo 4 win 4 shots 82 net 44 code 5 twin 0 peer 0 pub 1 hold 0 held 151 heldfund 151 resets 7 viol 0
FIREDISC517 490 at (15, 6) hp 420 ti 14 ammo 4 win 4 shots 82 net 40 code 5 twin 0 peer 0 pub 1 hold 0 held 151 heldfund 151 resets 7 viol 0
FIREDISC517 491 at (15, 6) hp 424 ti 14 ammo 4 win 4 shots 82 net 36 code 5 twin 0 peer 0 pub 1 hold 0 held 151 heldfund 151 resets 7 viol 0
FIREDISC517 492 at (15, 6) hp 428 ti 14 ammo 14 win 4 shots 82 net 32 code 5 twin 0 peer 0 pub 1 hold 0 held 151 heldfund 151 resets 7 viol 0
FIREDISC517 493 at (15, 6) hp 414 ti 14 ammo 4 win 4 shots 83 net 36 code 5 twin 0 peer 0 pub 1 hold 0 held 151 heldfund 151 resets 7 viol 0
FIREDISC517 494 at (15, 6) hp 418 ti 14 ammo 4 win 4 shots 83 net 32 code 5 twin 0 peer 0 pub 1 hold 0 held 151 heldfund 151 resets 7 viol 0
FIREDISC517 495 at (15, 6) hp 422 ti 14 ammo 4 win 4 shots 83 net 28 code 5 twin 0 peer 0 pub 1 hold 0 held 151 heldfund 151 resets 7 viol 0
FIREDISC517 496 at (15, 6) hp 426 ti 14 ammo 14 win 4 shots 83 net 24 code 4 twin 0 peer 0 pub 1 hold 0 held 151 heldfund 151 resets 7 viol 0
FIREDISC517 497 at (15, 6) hp 412 ti 14 ammo 4 win 4 shots 84 net 28 code 5 twin 0 peer 0 pub 1 hold 0 held 151 heldfund 151 resets 7 viol 0
FIREDISC517 498 at (15, 6) hp 416 ti 7 ammo 4 win 4 shots 84 net 24 code 4 twin 0 peer 0 pub 1 hold 0 held 151 heldfund 151 resets 7 viol 0
FIREDISC517 499 at (15, 6) hp 420 ti 7 ammo 4 win 4 shots 84 net 20 code 4 twin 0 peer 0 pub 1 hold 0 held 151 heldfund 151 resets 7 viol 0
FIREDISC517 500 at (15, 6) hp 424 ti 14 ammo 7 win 4 shots 84 net 16 code 4 twin 0 peer 0 pub 1 hold 0 held 151 heldfund 151 resets 7 viol 0
FIREDISC517 501 at (15, 6) hp 428 ti 14 ammo 7 win 4 shots 84 net 12 code 3 twin 0 peer 0 pub 1 hold 0 held 151 heldfund 151 resets 7 viol 0
FIREDISC517 502 at (15, 6) hp 432 ti 14 ammo 7 win 4 shots 84 net 8 code 3 twin 0 peer 0 pub 1 hold 0 held 151 heldfund 151 resets 7 viol 0
FIREDISC517 503 at (15, 6) hp 436 ti 14 ammo 7 win 4 shots 84 net 4 code 2 twin 0 peer 0 pub 1 hold 0 held 151 heldfund 151 resets 7 viol 0
FIREDISC517 504 at (15, 6) hp 440 ti 14 ammo 17 win 4 shots 84 net 0 code 1 twin 0 peer 0 pub 1 hold 1 held 151 heldfund 151 resets 7 viol 0
FIREDISC517 505 at (15, 6) hp 444 ti 14 ammo 17 win 4 shots 84 net -4 code 1 twin 0 peer 0 pub 1 hold 1 held 152 heldfund 152 resets 7 viol 0
FIREDISC517 506 at (15, 6) hp 448 ti 14 ammo 17 win 4 shots 84 net -8 code 1 twin 0 peer 0 pub 1 hold 1 held 153 heldfund 153 resets 7 viol 0
FIREDISC517 507 at (15, 6) hp 452 ti 14 ammo 17 win 4 shots 84 net -12 code 1 twin 0 peer 0 pub 1 hold 1 held 154 heldfund 154 resets 7 viol 0
FIREDISC517 508 at (15, 6) hp 456 ti 14 ammo 27 win 4 shots 84 net -16 code 1 twin 0 peer 0 pub 1 hold 1 held 155 heldfund 155 resets 7 viol 0
FIREDISC517 509 at (15, 6) hp 460 ti 14 ammo 27 win 4 shots 84 net -20 code 1 twin 0 peer 0 pub 1 hold 1 held 156 heldfund 156 resets 7 viol 0
FIREDISC517 510 at (15, 6) hp 464 ti 7 ammo 27 win 4 shots 84 net -24 code 1 twin 0 peer 0 pub 1 hold 1 held 157 heldfund 157 resets 7 viol 0
FIREDISC517 511 at (15, 6) hp 468 ti 7 ammo 27 win 4 shots 84 net -28 code 1 twin 0 peer 0 pub 1 hold 1 held 158 heldfund 158 resets 7 viol 0
FIREDISC517 512 at (15, 6) hp 472 ti 14 ammo 30 win 4 shots 84 net -32 code 1 twin 0 peer 0 pub 1 hold 1 held 159 heldfund 159 resets 7 viol 0
FIREDISC517 513 at (15, 6) hp 476 ti 14 ammo 30 win 4 shots 84 net -36 code 1 twin 0 peer 0 pub 1 hold 1 held 160 heldfund 160 resets 7 viol 0
FIREDISC517 514 at (15, 6) hp 480 ti 14 ammo 30 win 4 shots 84 net -40 code 1 twin 0 peer 0 pub 1 hold 1 held 161 heldfund 161 resets 7 viol 0
FIREDISC517 515 at (15, 6) hp 484 ti 14 ammo 30 win 4 shots 84 net -44 code 1 twin 0 peer 0 pub 1 hold 1 held 162 heldfund 162 resets 7 viol 0
FIREDISC517 516 at (15, 6) hp 488 ti 14 ammo 40 win 4 shots 84 net -48 code 1 twin 0 peer 0 pub 1 hold 1 held 163 heldfund 163 resets 7 viol 0
FIREDISC517 517 at (15, 6) hp 492 ti 14 ammo 40 win 4 shots 84 net -52 code 1 twin 0 peer 0 pub 1 hold 1 held 164 heldfund 164 resets 7 viol 0
FIREDISC517 518 at (15, 6) hp 496 ti 14 ammo 40 win 4 shots 84 net -56 code 1 twin 0 peer 0 pub 1 hold 1 held 165 heldfund 165 resets 7 viol 0
FIREDISC517 519 at (15, 6) hp 500 ti 14 ammo 40 win 4 shots 84 net -60 code 1 twin 0 peer 0 pub 1 hold 1 held 166 heldfund 166 resets 7 viol 0
FIREDISC517 520 at (15, 6) hp 500 ti 14 ammo 50 win 4 shots 84 net -60 code 1 twin 0 peer 0 pub 1 hold 1 held 167 heldfund 167 resets 7 viol 0
FIREDISC517 521 at (15, 6) hp 500 ti 14 ammo 50 win 4 shots 84 net -60 code 1 twin 0 peer 0 pub 1 hold 1 held 168 heldfund 168 resets 7 viol 0
FIREDISC517 522 at (15, 6) hp 500 ti 14 ammo 50 win 4 shots 84 net -60 code 1 twin 0 peer 0 pub 1 hold 1 held 169 heldfund 169 resets 7 viol 0
FIREDISC517 523 at (15, 6) hp 500 ti 14 ammo 50 win 4 shots 84 net -60 code 1 twin 0 peer 0 pub 1 hold 1 held 170 heldfund 170 resets 7 viol 0
FIREDISC517 524 at (15, 6) hp 500 ti 14 ammo 60 win 4 shots 84 net -60 code 1 twin 0 peer 0 pub 1 hold 1 held 171 heldfund 171 resets 7 viol 0
FIREDISC517 525 at (15, 6) hp 500 ti 14 ammo 60 win 4 shots 84 net -60 code 1 twin 0 peer 0 pub 1 hold 1 held 172 heldfund 172 resets 7 viol 0
FIREDISC517 526 at (15, 6) hp 500 ti 7 ammo 60 win 4 shots 84 net -60 code 1 twin 0 peer 0 pub 1 hold 1 held 173 heldfund 173 resets 7 viol 0
FIREDISC517 527 at (15, 6) hp 500 ti 7 ammo 60 win 4 shots 84 net -60 code 1 twin 0 peer 0 pub 1 hold 1 held 174 heldfund 174 resets 7 viol 0
FIREDISC517 528 at (15, 6) hp 500 ti 7 ammo 63 win 0 shots 84 net -60 code 1 twin 0 peer 0 pub 1 hold 0 held 175 heldfund 175 resets 8 viol 0
FIREDISC517 529 at (15, 6) hp 482 ti 7 ammo 53 win 1 shots 85 net None code 0 twin 0 peer 0 pub 1 hold 0 held 175 heldfund 175 resets 8 viol 0
FIREDISC517 530 at (15, 6) hp 482 ti 7 ammo 53 win 1 shots 85 net None code 0 twin 0 peer 0 pub 1 hold 0 held 175 heldfund 175 resets 8 viol 0
FIREDISC517 531 at (15, 6) hp 464 ti 7 ammo 43 win 2 shots 86 net None code 0 twin 0 peer 0 pub 1 hold 0 held 175 heldfund 175 resets 8 viol 0
FIREDISC517 532 at (15, 6) hp 464 ti 14 ammo 46 win 2 shots 86 net None code 0 twin 0 peer 0 pub 1 hold 0 held 175 heldfund 175 resets 8 viol 0
FIREDISC517 533 at (15, 6) hp 446 ti 14 ammo 36 win 3 shots 87 net None code 0 twin 0 peer 0 pub 1 hold 0 held 175 heldfund 175 resets 8 viol 0
FIREDISC517 534 at (15, 6) hp 446 ti 14 ammo 36 win 3 shots 87 net None code 0 twin 0 peer 0 pub 1 hold 0 held 175 heldfund 175 resets 8 viol 0
FIREDISC517 535 at (15, 6) hp 428 ti 14 ammo 26 win 4 shots 88 net 72 code 6 twin 0 peer 0 pub 1 hold 0 held 175 heldfund 175 resets 8 viol 0
FIREDISC517 536 at (15, 6) hp 428 ti 14 ammo 36 win 4 shots 88 net 72 code 6 twin 0 peer 0 pub 1 hold 0 held 175 heldfund 175 resets 8 viol 0
FIREDISC517 537 at (15, 6) hp 410 ti 14 ammo 26 win 4 shots 89 net 72 code 6 twin 0 peer 0 pub 1 hold 0 held 175 heldfund 175 resets 8 viol 0
FIREDISC517 538 at (15, 6) hp 410 ti 14 ammo 26 win 4 shots 89 net 72 code 6 twin 0 peer 0 pub 1 hold 0 held 175 heldfund 175 resets 8 viol 0
FIREDISC517 539 at (15, 6) hp 392 ti 14 ammo 16 win 4 shots 90 net 72 code 6 twin 0 peer 0 pub 1 hold 0 held 175 heldfund 175 resets 8 viol 0
FIREDISC517 540 at (15, 6) hp 392 ti 14 ammo 26 win 4 shots 90 net 72 code 6 twin 0 peer 0 pub 1 hold 0 held 175 heldfund 175 resets 8 viol 0
FIREDISC517 541 at (15, 6) hp 374 ti 14 ammo 16 win 4 shots 91 net 72 code 6 twin 0 peer 0 pub 1 hold 0 held 175 heldfund 175 resets 8 viol 0
FIREDISC517 542 at (15, 6) hp 374 ti 14 ammo 16 win 4 shots 91 net 72 code 6 twin 0 peer 0 pub 1 hold 0 held 175 heldfund 175 resets 8 viol 0
FIREDISC517 543 at (15, 6) hp 360 ti 14 ammo 6 win 4 shots 92 net 68 code 6 twin 0 peer 0 pub 1 hold 0 held 175 heldfund 175 resets 8 viol 0
FIREDISC517 544 at (15, 6) hp 364 ti 14 ammo 16 win 4 shots 92 net 64 code 6 twin 0 peer 0 pub 1 hold 0 held 175 heldfund 175 resets 8 viol 0
FIREDISC517 545 at (15, 6) hp 350 ti 14 ammo 6 win 4 shots 93 net 60 code 6 twin 0 peer 0 pub 1 hold 0 held 175 heldfund 175 resets 8 viol 0
FIREDISC517 546 at (15, 6) hp 354 ti 7 ammo 6 win 4 shots 93 net 56 code 6 twin 0 peer 0 pub 1 hold 0 held 175 heldfund 175 resets 8 viol 0
FIREDISC517 547 at (15, 6) hp 358 ti 7 ammo 6 win 4 shots 93 net 52 code 6 twin 0 peer 0 pub 1 hold 0 held 175 heldfund 175 resets 8 viol 0
FIREDISC517 548 at (15, 6) hp 362 ti 14 ammo 9 win 4 shots 93 net 48 code 5 twin 0 peer 0 pub 1 hold 0 held 175 heldfund 175 resets 8 viol 0
FIREDISC517 549 at (15, 6) hp 366 ti 14 ammo 9 win 4 shots 93 net 44 code 5 twin 0 peer 0 pub 1 hold 0 held 175 heldfund 175 resets 8 viol 0
FIREDISC517 550 at (15, 6) hp 370 ti 14 ammo 9 win 4 shots 93 net 40 code 5 twin 0 peer 0 pub 1 hold 0 held 175 heldfund 175 resets 8 viol 0
FIREDISC517 551 at (15, 6) hp 374 ti 14 ammo 9 win 4 shots 93 net 36 code 5 twin 0 peer 0 pub 1 hold 0 held 175 heldfund 175 resets 8 viol 0
FIREDISC517 552 at (15, 6) hp 378 ti 14 ammo 19 win 4 shots 93 net 32 code 5 twin 0 peer 0 pub 1 hold 0 held 175 heldfund 175 resets 8 viol 0
FIREDISC517 553 at (15, 6) hp 364 ti 14 ammo 9 win 4 shots 94 net 28 code 5 twin 0 peer 0 pub 1 hold 0 held 175 heldfund 175 resets 8 viol 0
FIREDISC517 554 at (15, 6) hp 368 ti 7 ammo 9 win 4 shots 94 net 24 code 4 twin 0 peer 0 pub 1 hold 0 held 175 heldfund 175 resets 8 viol 0
FIREDISC517 555 at (15, 6) hp 372 ti 7 ammo 9 win 4 shots 94 net 20 code 4 twin 0 peer 0 pub 1 hold 0 held 175 heldfund 175 resets 8 viol 0
FIREDISC517 556 at (15, 6) hp 376 ti 14 ammo 12 win 4 shots 94 net 16 code 4 twin 0 peer 0 pub 1 hold 0 held 175 heldfund 175 resets 8 viol 0
FIREDISC517 557 at (15, 6) hp 362 ti 14 ammo 2 win 4 shots 95 net 12 code 3 twin 0 peer 0 pub 1 hold 0 held 175 heldfund 175 resets 8 viol 0
FIREDISC517 558 at (15, 6) hp 366 ti 14 ammo 2 win 4 shots 95 net 8 code 3 twin 0 peer 0 pub 1 hold 0 held 175 heldfund 175 resets 8 viol 0
FIREDISC517 559 at (15, 6) hp 370 ti 14 ammo 2 win 4 shots 95 net 4 code 2 twin 0 peer 0 pub 1 hold 0 held 175 heldfund 175 resets 8 viol 0
FIREDISC517 560 at (15, 6) hp 374 ti 14 ammo 12 win 4 shots 95 net 0 code 1 twin 0 peer 0 pub 1 hold 1 held 175 heldfund 175 resets 8 viol 0
FIREDISC517 561 at (15, 6) hp 378 ti 14 ammo 12 win 4 shots 95 net -4 code 1 twin 0 peer 0 pub 1 hold 1 held 176 heldfund 176 resets 8 viol 0
FIREDISC517 562 at (15, 6) hp 382 ti 14 ammo 12 win 4 shots 95 net -8 code 1 twin 0 peer 0 pub 1 hold 1 held 177 heldfund 177 resets 8 viol 0
FIREDISC517 563 at (15, 6) hp 386 ti 14 ammo 12 win 4 shots 95 net -12 code 1 twin 0 peer 0 pub 1 hold 1 held 178 heldfund 178 resets 8 viol 0
FIREDISC517 564 at (15, 6) hp 390 ti 14 ammo 22 win 4 shots 95 net -16 code 1 twin 0 peer 0 pub 1 hold 1 held 179 heldfund 179 resets 8 viol 0
FIREDISC517 565 at (15, 6) hp 394 ti 14 ammo 22 win 4 shots 95 net -20 code 1 twin 0 peer 0 pub 1 hold 1 held 180 heldfund 180 resets 8 viol 0
FIREDISC517 566 at (15, 6) hp 398 ti 14 ammo 22 win 4 shots 95 net -24 code 1 twin 0 peer 0 pub 1 hold 1 held 181 heldfund 181 resets 8 viol 0
FIREDISC517 567 at (15, 6) hp 402 ti 14 ammo 22 win 4 shots 95 net -28 code 1 twin 0 peer 0 pub 1 hold 1 held 182 heldfund 182 resets 8 viol 0
FIREDISC517 568 at (15, 6) hp 406 ti 14 ammo 32 win 4 shots 95 net -32 code 1 twin 0 peer 0 pub 1 hold 1 held 183 heldfund 183 resets 8 viol 0
FIREDISC517 569 at (15, 6) hp 410 ti 14 ammo 32 win 4 shots 95 net -36 code 1 twin 0 peer 0 pub 1 hold 1 held 184 heldfund 184 resets 8 viol 0
FIREDISC517 570 at (15, 6) hp 414 ti 7 ammo 32 win 4 shots 95 net -40 code 1 twin 0 peer 0 pub 1 hold 1 held 185 heldfund 185 resets 8 viol 0
FIREDISC517 571 at (15, 6) hp 418 ti 7 ammo 32 win 4 shots 95 net -44 code 1 twin 0 peer 0 pub 1 hold 1 held 186 heldfund 186 resets 8 viol 0
FIREDISC517 572 at (15, 6) hp 422 ti 14 ammo 35 win 4 shots 95 net -48 code 1 twin 0 peer 0 pub 1 hold 1 held 187 heldfund 187 resets 8 viol 0
FIREDISC517 573 at (15, 6) hp 426 ti 14 ammo 35 win 4 shots 95 net -52 code 1 twin 0 peer 0 pub 1 hold 1 held 188 heldfund 188 resets 8 viol 0
FIREDISC517 574 at (15, 6) hp 430 ti 14 ammo 35 win 4 shots 95 net -56 code 1 twin 0 peer 0 pub 1 hold 1 held 189 heldfund 189 resets 8 viol 0
FIREDISC517 575 at (15, 6) hp 434 ti 14 ammo 35 win 4 shots 95 net -60 code 1 twin 0 peer 0 pub 1 hold 1 held 190 heldfund 190 resets 8 viol 0
FIREDISC517 576 at (15, 6) hp 438 ti 14 ammo 45 win 4 shots 95 net -64 code 1 twin 0 peer 0 pub 1 hold 1 held 191 heldfund 191 resets 8 viol 0
FIREDISC517 577 at (15, 6) hp 442 ti 14 ammo 45 win 4 shots 95 net -68 code 1 twin 0 peer 0 pub 1 hold 1 held 192 heldfund 192 resets 8 viol 0
FIREDISC517 578 at (15, 6) hp 446 ti 14 ammo 45 win 4 shots 95 net -72 code 1 twin 0 peer 0 pub 1 hold 1 held 193 heldfund 193 resets 8 viol 0
FIREDISC517 579 at (15, 6) hp 450 ti 14 ammo 45 win 4 shots 95 net -76 code 1 twin 0 peer 0 pub 1 hold 1 held 194 heldfund 194 resets 8 viol 0
FIREDISC517 580 at (15, 6) hp 454 ti 14 ammo 55 win 4 shots 95 net -80 code 1 twin 0 peer 0 pub 1 hold 1 held 195 heldfund 195 resets 8 viol 0
FIREDISC517 581 at (15, 6) hp 458 ti 14 ammo 55 win 4 shots 95 net -84 code 1 twin 0 peer 0 pub 1 hold 1 held 196 heldfund 196 resets 8 viol 0
FIREDISC517 582 at (15, 6) hp 462 ti 7 ammo 55 win 4 shots 95 net -88 code 1 twin 0 peer 0 pub 1 hold 1 held 197 heldfund 197 resets 8 viol 0
FIREDISC517 583 at (15, 6) hp 466 ti 7 ammo 55 win 4 shots 95 net -92 code 1 twin 0 peer 0 pub 1 hold 1 held 198 heldfund 198 resets 8 viol 0
FIREDISC517 584 at (15, 6) hp 470 ti 14 ammo 58 win 0 shots 95 net -96 code 1 twin 0 peer 0 pub 1 hold 0 held 199 heldfund 199 resets 9 viol 0
FIREDISC517 585 at (15, 6) hp 456 ti 14 ammo 48 win 1 shots 96 net None code 0 twin 0 peer 0 pub 1 hold 0 held 199 heldfund 199 resets 9 viol 0
FIREDISC517 586 at (15, 6) hp 460 ti 14 ammo 48 win 1 shots 96 net None code 0 twin 0 peer 0 pub 1 hold 0 held 199 heldfund 199 resets 9 viol 0
FIREDISC517 587 at (15, 6) hp 446 ti 14 ammo 38 win 2 shots 97 net None code 0 twin 0 peer 0 pub 1 hold 0 held 199 heldfund 199 resets 9 viol 0
FIREDISC517 588 at (15, 6) hp 450 ti 14 ammo 48 win 2 shots 97 net None code 0 twin 0 peer 0 pub 1 hold 0 held 199 heldfund 199 resets 9 viol 0
FIREDISC517 589 at (15, 6) hp 436 ti 14 ammo 38 win 3 shots 98 net None code 0 twin 0 peer 0 pub 1 hold 0 held 199 heldfund 199 resets 9 viol 0
FIREDISC517 590 at (15, 6) hp 440 ti 14 ammo 38 win 3 shots 98 net None code 0 twin 0 peer 0 pub 1 hold 0 held 199 heldfund 199 resets 9 viol 0
FIREDISC517 591 at (15, 6) hp 426 ti 14 ammo 28 win 4 shots 99 net 44 code 5 twin 0 peer 0 pub 1 hold 0 held 199 heldfund 199 resets 9 viol 0
FIREDISC517 592 at (15, 6) hp 430 ti 14 ammo 38 win 4 shots 99 net 40 code 5 twin 0 peer 0 pub 1 hold 0 held 199 heldfund 199 resets 9 viol 0
FIREDISC517 593 at (15, 6) hp 416 ti 14 ammo 28 win 4 shots 100 net 44 code 5 twin 0 peer 0 pub 1 hold 0 held 199 heldfund 199 resets 9 viol 0
FIREDISC517 594 at (15, 6) hp 420 ti 7 ammo 28 win 4 shots 100 net 40 code 5 twin 0 peer 0 pub 1 hold 0 held 199 heldfund 199 resets 9 viol 0
FIREDISC517 595 at (15, 6) hp 406 ti 7 ammo 18 win 4 shots 101 net 44 code 5 twin 0 peer 0 pub 1 hold 0 held 199 heldfund 199 resets 9 viol 0
FIREDISC517 596 at (15, 6) hp 410 ti 14 ammo 21 win 4 shots 101 net 40 code 5 twin 0 peer 0 pub 1 hold 0 held 199 heldfund 199 resets 9 viol 0
FIREDISC517 597 at (15, 6) hp 396 ti 14 ammo 11 win 4 shots 102 net 44 code 5 twin 0 peer 0 pub 1 hold 0 held 199 heldfund 199 resets 9 viol 0
FIREDISC517 598 at (15, 6) hp 400 ti 14 ammo 11 win 4 shots 102 net 40 code 5 twin 0 peer 0 pub 1 hold 0 held 199 heldfund 199 resets 9 viol 0
FIREDISC517 599 at (15, 6) hp 386 ti 14 ammo 1 win 4 shots 103 net 44 code 5 twin 0 peer 0 pub 1 hold 0 held 199 heldfund 199 resets 9 viol 0
FIREDISC517 600 at (15, 6) hp 390 ti 14 ammo 11 win 4 shots 103 net 40 code 5 twin 0 peer 0 pub 1 hold 0 held 199 heldfund 199 resets 9 viol 0
FIREDISC517 601 at (15, 6) hp 376 ti 14 ammo 1 win 4 shots 104 net 44 code 5 twin 0 peer 0 pub 1 hold 0 held 199 heldfund 199 resets 9 viol 0
FIREDISC517 602 at (15, 6) hp 380 ti 14 ammo 1 win 4 shots 104 net 40 code 5 twin 0 peer 0 pub 1 hold 0 held 199 heldfund 199 resets 9 viol 0
FIREDISC517 603 at (15, 6) hp 384 ti 14 ammo 1 win 4 shots 104 net 36 code 5 twin 0 peer 0 pub 1 hold 0 held 199 heldfund 199 resets 9 viol 0
FIREDISC517 604 at (15, 6) hp 388 ti 14 ammo 11 win 4 shots 104 net 32 code 5 twin 0 peer 0 pub 1 hold 0 held 199 heldfund 199 resets 9 viol 0
FIREDISC517 605 at (15, 6) hp 374 ti 14 ammo 1 win 4 shots 105 net 36 code 5 twin 0 peer 0 pub 1 hold 0 held 199 heldfund 199 resets 9 viol 0
FIREDISC517 606 at (15, 6) hp 378 ti 14 ammo 1 win 4 shots 105 net 32 code 5 twin 0 peer 0 pub 1 hold 0 held 199 heldfund 199 resets 9 viol 0
FIREDISC517 607 at (15, 6) hp 382 ti 14 ammo 1 win 4 shots 105 net 28 code 5 twin 0 peer 0 pub 1 hold 0 held 199 heldfund 199 resets 9 viol 0
FIREDISC517 608 at (15, 6) hp 386 ti 14 ammo 11 win 4 shots 105 net 24 code 4 twin 0 peer 0 pub 1 hold 0 held 199 heldfund 199 resets 9 viol 0
FIREDISC517 609 at (15, 6) hp 372 ti 14 ammo 1 win 4 shots 106 net 28 code 5 twin 0 peer 0 pub 1 hold 0 held 199 heldfund 199 resets 9 viol 0
FIREDISC517 610 at (15, 6) hp 376 ti 7 ammo 1 win 4 shots 106 net 24 code 4 twin 0 peer 0 pub 1 hold 0 held 199 heldfund 199 resets 9 viol 0
FIREDISC517 611 at (15, 6) hp 380 ti 7 ammo 1 win 4 shots 106 net 20 code 4 twin 0 peer 0 pub 1 hold 0 held 199 heldfund 199 resets 9 viol 0
FIREDISC517 612 at (15, 6) hp 384 ti 14 ammo 4 win 4 shots 106 net 16 code 4 twin 0 peer 0 pub 1 hold 0 held 199 heldfund 199 resets 9 viol 0
FIREDISC517 613 at (15, 6) hp 388 ti 14 ammo 4 win 4 shots 106 net 12 code 3 twin 0 peer 0 pub 1 hold 0 held 199 heldfund 199 resets 9 viol 0
FIREDISC517 614 at (15, 6) hp 392 ti 14 ammo 4 win 4 shots 106 net 8 code 3 twin 0 peer 0 pub 1 hold 0 held 199 heldfund 199 resets 9 viol 0
FIREDISC517 615 at (15, 6) hp 396 ti 14 ammo 4 win 4 shots 106 net 4 code 2 twin 0 peer 0 pub 1 hold 0 held 199 heldfund 199 resets 9 viol 0
FIREDISC517 616 at (15, 6) hp 400 ti 14 ammo 14 win 4 shots 106 net 0 code 1 twin 0 peer 0 pub 1 hold 1 held 199 heldfund 199 resets 9 viol 0
FIREDISC517 617 at (15, 6) hp 404 ti 14 ammo 14 win 4 shots 106 net -4 code 1 twin 0 peer 0 pub 1 hold 1 held 200 heldfund 200 resets 9 viol 0
FIREDISC517 618 at (15, 6) hp 408 ti 14 ammo 14 win 4 shots 106 net -8 code 1 twin 0 peer 0 pub 1 hold 1 held 201 heldfund 201 resets 9 viol 0
FIREDISC517 619 at (15, 6) hp 412 ti 14 ammo 14 win 4 shots 106 net -12 code 1 twin 0 peer 0 pub 1 hold 1 held 202 heldfund 202 resets 9 viol 0
FIREDISC517 620 at (15, 6) hp 416 ti 14 ammo 24 win 4 shots 106 net -16 code 1 twin 0 peer 0 pub 1 hold 1 held 203 heldfund 203 resets 9 viol 0
FIREDISC517 621 at (15, 6) hp 420 ti 14 ammo 24 win 4 shots 106 net -20 code 1 twin 0 peer 0 pub 1 hold 1 held 204 heldfund 204 resets 9 viol 0
FIREDISC517 622 at (15, 6) hp 424 ti 7 ammo 24 win 4 shots 106 net -24 code 1 twin 0 peer 0 pub 1 hold 1 held 205 heldfund 205 resets 9 viol 0
FIREDISC517 623 at (15, 6) hp 428 ti 7 ammo 24 win 4 shots 106 net -28 code 1 twin 0 peer 0 pub 1 hold 1 held 206 heldfund 206 resets 9 viol 0
FIREDISC517 624 at (15, 6) hp 432 ti 14 ammo 27 win 4 shots 106 net -32 code 1 twin 0 peer 0 pub 1 hold 1 held 207 heldfund 207 resets 9 viol 0
FIREDISC517 625 at (15, 6) hp 436 ti 14 ammo 27 win 4 shots 106 net -36 code 1 twin 0 peer 0 pub 1 hold 1 held 208 heldfund 208 resets 9 viol 0
FIREDISC517 626 at (15, 6) hp 440 ti 14 ammo 27 win 4 shots 106 net -40 code 1 twin 0 peer 0 pub 1 hold 1 held 209 heldfund 209 resets 9 viol 0
FIREDISC517 627 at (15, 6) hp 444 ti 14 ammo 27 win 4 shots 106 net -44 code 1 twin 0 peer 0 pub 1 hold 1 held 210 heldfund 210 resets 9 viol 0
FIREDISC517 628 at (15, 6) hp 448 ti 14 ammo 37 win 4 shots 106 net -48 code 1 twin 0 peer 0 pub 1 hold 1 held 211 heldfund 211 resets 9 viol 0
FIREDISC517 629 at (15, 6) hp 452 ti 14 ammo 37 win 4 shots 106 net -52 code 1 twin 0 peer 0 pub 1 hold 1 held 212 heldfund 212 resets 9 viol 0
FIREDISC517 630 at (15, 6) hp 456 ti 14 ammo 37 win 4 shots 106 net -56 code 1 twin 0 peer 0 pub 1 hold 1 held 213 heldfund 213 resets 9 viol 0
FIREDISC517 631 at (15, 6) hp 460 ti 14 ammo 37 win 4 shots 106 net -60 code 1 twin 0 peer 0 pub 1 hold 1 held 214 heldfund 214 resets 9 viol 0
FIREDISC517 632 at (15, 6) hp 464 ti 14 ammo 47 win 4 shots 106 net -64 code 1 twin 0 peer 0 pub 1 hold 1 held 215 heldfund 215 resets 9 viol 0
FIREDISC517 633 at (15, 6) hp 468 ti 14 ammo 47 win 4 shots 106 net -68 code 1 twin 0 peer 0 pub 1 hold 1 held 216 heldfund 216 resets 9 viol 0
FIREDISC517 634 at (15, 6) hp 472 ti 7 ammo 47 win 4 shots 106 net -72 code 1 twin 0 peer 0 pub 1 hold 1 held 217 heldfund 217 resets 9 viol 0
FIREDISC517 635 at (15, 6) hp 476 ti 7 ammo 47 win 4 shots 106 net -76 code 1 twin 0 peer 0 pub 1 hold 1 held 218 heldfund 218 resets 9 viol 0
FIREDISC517 636 at (15, 6) hp 480 ti 14 ammo 50 win 4 shots 106 net -80 code 1 twin 0 peer 0 pub 1 hold 1 held 219 heldfund 219 resets 9 viol 0
FIREDISC517 637 at (15, 6) hp 484 ti 14 ammo 50 win 4 shots 106 net -84 code 1 twin 0 peer 0 pub 1 hold 1 held 220 heldfund 220 resets 9 viol 0
FIREDISC517 638 at (15, 6) hp 488 ti 14 ammo 50 win 4 shots 106 net -88 code 1 twin 0 peer 0 pub 1 hold 1 held 221 heldfund 221 resets 9 viol 0
FIREDISC517 639 at (15, 6) hp 492 ti 14 ammo 50 win 4 shots 106 net -92 code 1 twin 0 peer 0 pub 1 hold 1 held 222 heldfund 222 resets 9 viol 0
FIREDISC517 640 at (15, 6) hp 496 ti 14 ammo 60 win 0 shots 106 net -96 code 1 twin 0 peer 0 pub 1 hold 0 held 223 heldfund 223 resets 10 viol 0
FIREDISC517 641 at (15, 6) hp 482 ti 14 ammo 50 win 1 shots 107 net None code 0 twin 0 peer 0 pub 1 hold 0 held 223 heldfund 223 resets 10 viol 0
FIREDISC517 642 at (15, 6) hp 486 ti 14 ammo 50 win 1 shots 107 net None code 0 twin 0 peer 0 pub 1 hold 0 held 223 heldfund 223 resets 10 viol 0
FIREDISC517 643 at (15, 6) hp 472 ti 14 ammo 40 win 2 shots 108 net None code 0 twin 0 peer 0 pub 1 hold 0 held 223 heldfund 223 resets 10 viol 0
FIREDISC517 644 at (15, 6) hp 476 ti 14 ammo 50 win 2 shots 108 net None code 0 twin 0 peer 0 pub 1 hold 0 held 223 heldfund 223 resets 10 viol 0
FIREDISC517 645 at (15, 6) hp 462 ti 14 ammo 40 win 3 shots 109 net None code 0 twin 0 peer 0 pub 1 hold 0 held 223 heldfund 223 resets 10 viol 0
FIREDISC517 646 at (15, 6) hp 466 ti 14 ammo 40 win 3 shots 109 net None code 0 twin 0 peer 0 pub 1 hold 0 held 223 heldfund 223 resets 10 viol 0
FIREDISC517 647 at (15, 6) hp 452 ti 14 ammo 30 win 4 shots 110 net 44 code 5 twin 0 peer 0 pub 1 hold 0 held 223 heldfund 223 resets 10 viol 0
FIREDISC517 648 at (15, 6) hp 456 ti 14 ammo 40 win 4 shots 110 net 40 code 5 twin 0 peer 0 pub 1 hold 0 held 223 heldfund 223 resets 10 viol 0
FIREDISC517 649 at (15, 6) hp 442 ti 14 ammo 30 win 4 shots 111 net 44 code 5 twin 0 peer 0 pub 1 hold 0 held 223 heldfund 223 resets 10 viol 0
FIREDISC517 650 at (15, 6) hp 446 ti 7 ammo 30 win 4 shots 111 net 40 code 5 twin 0 peer 0 pub 1 hold 0 held 223 heldfund 223 resets 10 viol 0
FIREDISC517 651 at (15, 6) hp 432 ti 7 ammo 20 win 4 shots 112 net 44 code 5 twin 0 peer 0 pub 1 hold 0 held 223 heldfund 223 resets 10 viol 0
FIREDISC517 652 at (15, 6) hp 436 ti 14 ammo 23 win 4 shots 112 net 40 code 5 twin 0 peer 0 pub 1 hold 0 held 223 heldfund 223 resets 10 viol 0
FIREDISC517 653 at (15, 6) hp 422 ti 14 ammo 13 win 4 shots 113 net 44 code 5 twin 0 peer 0 pub 1 hold 0 held 223 heldfund 223 resets 10 viol 0
FIREDISC517 654 at (15, 6) hp 426 ti 14 ammo 13 win 4 shots 113 net 40 code 5 twin 0 peer 0 pub 1 hold 0 held 223 heldfund 223 resets 10 viol 0
FIREDISC517 655 at (15, 6) hp 412 ti 14 ammo 3 win 4 shots 114 net 44 code 5 twin 0 peer 0 pub 1 hold 0 held 223 heldfund 223 resets 10 viol 0
FIREDISC517 656 at (15, 6) hp 416 ti 14 ammo 13 win 4 shots 114 net 40 code 5 twin 0 peer 0 pub 1 hold 0 held 223 heldfund 223 resets 10 viol 0
FIREDISC517 657 at (15, 6) hp 402 ti 14 ammo 3 win 4 shots 115 net 44 code 5 twin 0 peer 0 pub 1 hold 0 held 223 heldfund 223 resets 10 viol 0
FIREDISC517 658 at (15, 6) hp 406 ti 14 ammo 3 win 4 shots 115 net 40 code 5 twin 0 peer 0 pub 1 hold 0 held 223 heldfund 223 resets 10 viol 0
FIREDISC517 659 at (15, 6) hp 410 ti 14 ammo 3 win 4 shots 115 net 36 code 5 twin 0 peer 0 pub 1 hold 0 held 223 heldfund 223 resets 10 viol 0
FIREDISC517 660 at (15, 6) hp 414 ti 14 ammo 13 win 4 shots 115 net 32 code 5 twin 0 peer 0 pub 1 hold 0 held 223 heldfund 223 resets 10 viol 0
FIREDISC517 661 at (15, 6) hp 400 ti 14 ammo 3 win 4 shots 116 net 36 code 5 twin 0 peer 0 pub 1 hold 0 held 223 heldfund 223 resets 10 viol 0
FIREDISC517 662 at (15, 6) hp 404 ti 7 ammo 3 win 4 shots 116 net 32 code 5 twin 0 peer 0 pub 1 hold 0 held 223 heldfund 223 resets 10 viol 0
FIREDISC517 663 at (15, 6) hp 408 ti 7 ammo 3 win 4 shots 116 net 28 code 5 twin 0 peer 0 pub 1 hold 0 held 223 heldfund 223 resets 10 viol 0
FIREDISC517 664 at (15, 6) hp 412 ti 14 ammo 6 win 4 shots 116 net 24 code 4 twin 0 peer 0 pub 1 hold 0 held 223 heldfund 223 resets 10 viol 0
FIREDISC517 665 at (15, 6) hp 416 ti 14 ammo 6 win 4 shots 116 net 20 code 4 twin 0 peer 0 pub 1 hold 0 held 223 heldfund 223 resets 10 viol 0
FIREDISC517 666 at (15, 6) hp 420 ti 14 ammo 6 win 4 shots 116 net 16 code 4 twin 0 peer 0 pub 1 hold 0 held 223 heldfund 223 resets 10 viol 0
FIREDISC517 667 at (15, 6) hp 424 ti 14 ammo 6 win 4 shots 116 net 12 code 3 twin 0 peer 0 pub 1 hold 0 held 223 heldfund 223 resets 10 viol 0
FIREDISC517 668 at (15, 6) hp 428 ti 14 ammo 16 win 4 shots 116 net 8 code 3 twin 0 peer 0 pub 1 hold 0 held 223 heldfund 223 resets 10 viol 0
FIREDISC517 669 at (15, 6) hp 414 ti 14 ammo 6 win 4 shots 117 net 12 code 3 twin 0 peer 0 pub 1 hold 0 held 223 heldfund 223 resets 10 viol 0
FIREDISC517 670 at (15, 6) hp 418 ti 14 ammo 6 win 4 shots 117 net 8 code 3 twin 0 peer 0 pub 1 hold 0 held 223 heldfund 223 resets 10 viol 0
FIREDISC517 671 at (15, 6) hp 422 ti 14 ammo 6 win 4 shots 117 net 4 code 2 twin 0 peer 0 pub 1 hold 0 held 223 heldfund 223 resets 10 viol 0
FIREDISC517 672 at (15, 6) hp 426 ti 14 ammo 16 win 4 shots 117 net 0 code 1 twin 0 peer 0 pub 1 hold 1 held 223 heldfund 223 resets 10 viol 0
FIREDISC517 673 at (15, 6) hp 430 ti 14 ammo 16 win 4 shots 117 net -4 code 1 twin 0 peer 0 pub 1 hold 1 held 224 heldfund 224 resets 10 viol 0
FIREDISC517 674 at (15, 6) hp 434 ti 7 ammo 16 win 4 shots 117 net -8 code 1 twin 0 peer 0 pub 1 hold 1 held 225 heldfund 225 resets 10 viol 0
FIREDISC517 675 at (15, 6) hp 438 ti 7 ammo 16 win 4 shots 117 net -12 code 1 twin 0 peer 0 pub 1 hold 1 held 226 heldfund 226 resets 10 viol 0
FIREDISC517 676 at (15, 6) hp 442 ti 14 ammo 19 win 4 shots 117 net -16 code 1 twin 0 peer 0 pub 1 hold 1 held 227 heldfund 227 resets 10 viol 0
FIREDISC517 677 at (15, 6) hp 446 ti 14 ammo 19 win 4 shots 117 net -20 code 1 twin 0 peer 0 pub 1 hold 1 held 228 heldfund 228 resets 10 viol 0
FIREDISC517 678 at (15, 6) hp 450 ti 14 ammo 19 win 4 shots 117 net -24 code 1 twin 0 peer 0 pub 1 hold 1 held 229 heldfund 229 resets 10 viol 0
FIREDISC517 679 at (15, 6) hp 454 ti 14 ammo 19 win 4 shots 117 net -28 code 1 twin 0 peer 0 pub 1 hold 1 held 230 heldfund 230 resets 10 viol 0
FIREDISC517 680 at (15, 6) hp 458 ti 14 ammo 29 win 4 shots 117 net -32 code 1 twin 0 peer 0 pub 1 hold 1 held 231 heldfund 231 resets 10 viol 0
FIREDISC517 681 at (15, 6) hp 462 ti 14 ammo 29 win 4 shots 117 net -36 code 1 twin 0 peer 0 pub 1 hold 1 held 232 heldfund 232 resets 10 viol 0
FIREDISC517 682 at (15, 6) hp 466 ti 14 ammo 29 win 4 shots 117 net -40 code 1 twin 0 peer 0 pub 1 hold 1 held 233 heldfund 233 resets 10 viol 0
FIREDISC517 683 at (15, 6) hp 470 ti 14 ammo 29 win 4 shots 117 net -44 code 1 twin 0 peer 0 pub 1 hold 1 held 234 heldfund 234 resets 10 viol 0
FIREDISC517 684 at (15, 6) hp 474 ti 14 ammo 39 win 4 shots 117 net -48 code 1 twin 0 peer 0 pub 1 hold 1 held 235 heldfund 235 resets 10 viol 0
FIREDISC517 685 at (15, 6) hp 478 ti 14 ammo 39 win 4 shots 117 net -52 code 1 twin 0 peer 0 pub 1 hold 1 held 236 heldfund 236 resets 10 viol 0
FIREDISC517 686 at (15, 6) hp 482 ti 14 ammo 39 win 4 shots 117 net -56 code 1 twin 0 peer 0 pub 1 hold 1 held 237 heldfund 237 resets 10 viol 0
FIREDISC517 687 at (15, 6) hp 486 ti 14 ammo 39 win 4 shots 117 net -60 code 1 twin 0 peer 0 pub 1 hold 1 held 238 heldfund 238 resets 10 viol 0
FIREDISC517 688 at (15, 6) hp 490 ti 14 ammo 49 win 4 shots 117 net -64 code 1 twin 0 peer 0 pub 1 hold 1 held 239 heldfund 239 resets 10 viol 0
FIREDISC517 689 at (15, 6) hp 494 ti 14 ammo 49 win 4 shots 117 net -68 code 1 twin 0 peer 0 pub 1 hold 1 held 240 heldfund 240 resets 10 viol 0
FIREDISC517 690 at (15, 6) hp 498 ti 7 ammo 49 win 4 shots 117 net -72 code 1 twin 0 peer 0 pub 1 hold 1 held 241 heldfund 241 resets 10 viol 0
FIREDISC517 691 at (15, 6) hp 500 ti 7 ammo 49 win 4 shots 117 net -74 code 1 twin 0 peer 0 pub 1 hold 1 held 242 heldfund 242 resets 10 viol 0
FIREDISC517 692 at (15, 6) hp 500 ti 14 ammo 52 win 4 shots 117 net -74 code 1 twin 0 peer 0 pub 1 hold 1 held 243 heldfund 243 resets 10 viol 0
FIREDISC517 693 at (15, 6) hp 500 ti 14 ammo 52 win 4 shots 117 net -74 code 1 twin 0 peer 0 pub 1 hold 1 held 244 heldfund 244 resets 10 viol 0
FIREDISC517 694 at (15, 6) hp 500 ti 14 ammo 52 win 4 shots 117 net -74 code 1 twin 0 peer 0 pub 1 hold 1 held 245 heldfund 245 resets 10 viol 0
FIREDISC517 695 at (15, 6) hp 500 ti 14 ammo 52 win 4 shots 117 net -74 code 1 twin 0 peer 0 pub 1 hold 1 held 246 heldfund 246 resets 10 viol 0
FIREDISC517 696 at (15, 6) hp 500 ti 14 ammo 62 win 0 shots 117 net -74 code 1 twin 0 peer 0 pub 1 hold 0 held 247 heldfund 247 resets 11 viol 0
FIREDISC517 697 at (15, 6) hp 486 ti 14 ammo 52 win 1 shots 118 net None code 0 twin 0 peer 0 pub 1 hold 0 held 247 heldfund 247 resets 11 viol 0
FIREDISC517 698 at (15, 6) hp 490 ti 7 ammo 52 win 1 shots 118 net None code 0 twin 0 peer 0 pub 1 hold 0 held 247 heldfund 247 resets 11 viol 0
FIREDISC517 699 at (15, 6) hp 476 ti 7 ammo 42 win 2 shots 119 net None code 0 twin 0 peer 0 pub 1 hold 0 held 247 heldfund 247 resets 11 viol 0
FIREDISC517 700 at (15, 6) hp 480 ti 14 ammo 45 win 2 shots 119 net None code 0 twin 0 peer 0 pub 1 hold 0 held 247 heldfund 247 resets 11 viol 0
FIREDISC517 701 at (15, 6) hp 466 ti 14 ammo 35 win 3 shots 120 net None code 0 twin 0 peer 0 pub 1 hold 0 held 247 heldfund 247 resets 11 viol 0
FIREDISC517 702 at (15, 6) hp 470 ti 14 ammo 35 win 3 shots 120 net None code 0 twin 0 peer 0 pub 1 hold 0 held 247 heldfund 247 resets 11 viol 0
FIREDISC517 703 at (15, 6) hp 456 ti 14 ammo 25 win 4 shots 121 net 44 code 5 twin 0 peer 0 pub 1 hold 0 held 247 heldfund 247 resets 11 viol 0
FIREDISC517 704 at (15, 6) hp 460 ti 14 ammo 35 win 4 shots 121 net 40 code 5 twin 0 peer 0 pub 1 hold 0 held 247 heldfund 247 resets 11 viol 0
FIREDISC517 705 at (15, 6) hp 446 ti 14 ammo 25 win 4 shots 122 net 44 code 5 twin 0 peer 0 pub 1 hold 0 held 247 heldfund 247 resets 11 viol 0
FIREDISC517 706 at (15, 6) hp 450 ti 14 ammo 25 win 4 shots 122 net 40 code 5 twin 0 peer 0 pub 1 hold 0 held 247 heldfund 247 resets 11 viol 0
FIREDISC517 707 at (15, 6) hp 436 ti 14 ammo 15 win 4 shots 123 net 44 code 5 twin 0 peer 0 pub 1 hold 0 held 247 heldfund 247 resets 11 viol 0
FIREDISC517 708 at (15, 6) hp 440 ti 14 ammo 25 win 4 shots 123 net 40 code 5 twin 0 peer 0 pub 1 hold 0 held 247 heldfund 247 resets 11 viol 0
FIREDISC517 709 at (15, 6) hp 426 ti 14 ammo 15 win 4 shots 124 net 44 code 5 twin 0 peer 0 pub 1 hold 0 held 247 heldfund 247 resets 11 viol 0
FIREDISC517 710 at (15, 6) hp 430 ti 14 ammo 15 win 4 shots 124 net 40 code 5 twin 0 peer 0 pub 1 hold 0 held 247 heldfund 247 resets 11 viol 0
FIREDISC517 711 at (15, 6) hp 416 ti 14 ammo 5 win 4 shots 125 net 44 code 5 twin 0 peer 0 pub 1 hold 0 held 247 heldfund 247 resets 11 viol 0
FIREDISC517 712 at (15, 6) hp 420 ti 14 ammo 15 win 4 shots 125 net 40 code 5 twin 0 peer 0 pub 1 hold 0 held 247 heldfund 247 resets 11 viol 0
FIREDISC517 713 at (15, 6) hp 406 ti 14 ammo 5 win 4 shots 126 net 44 code 5 twin 0 peer 0 pub 1 hold 0 held 247 heldfund 247 resets 11 viol 0
FIREDISC517 714 at (15, 6) hp 410 ti 7 ammo 5 win 4 shots 126 net 40 code 5 twin 0 peer 0 pub 1 hold 0 held 247 heldfund 247 resets 11 viol 0
FIREDISC517 715 at (15, 6) hp 414 ti 7 ammo 5 win 4 shots 126 net 36 code 5 twin 0 peer 0 pub 1 hold 0 held 247 heldfund 247 resets 11 viol 0
FIREDISC517 716 at (15, 6) hp 418 ti 14 ammo 8 win 4 shots 126 net 32 code 5 twin 0 peer 0 pub 1 hold 0 held 247 heldfund 247 resets 11 viol 0
FIREDISC517 717 at (15, 6) hp 422 ti 14 ammo 8 win 4 shots 126 net 28 code 5 twin 0 peer 0 pub 1 hold 0 held 247 heldfund 247 resets 11 viol 0
FIREDISC517 718 at (15, 6) hp 426 ti 14 ammo 8 win 4 shots 126 net 24 code 4 twin 0 peer 0 pub 1 hold 0 held 247 heldfund 247 resets 11 viol 0
FIREDISC517 719 at (15, 6) hp 430 ti 14 ammo 8 win 4 shots 126 net 20 code 4 twin 0 peer 0 pub 1 hold 0 held 247 heldfund 247 resets 11 viol 0
FIREDISC517 720 at (15, 6) hp 434 ti 14 ammo 18 win 4 shots 126 net 16 code 4 twin 0 peer 0 pub 1 hold 0 held 247 heldfund 247 resets 11 viol 0
FIREDISC517 721 at (15, 6) hp 420 ti 14 ammo 8 win 4 shots 127 net 20 code 4 twin 0 peer 0 pub 1 hold 0 held 247 heldfund 247 resets 11 viol 0
FIREDISC517 722 at (15, 6) hp 424 ti 14 ammo 8 win 4 shots 127 net 16 code 4 twin 0 peer 0 pub 1 hold 0 held 247 heldfund 247 resets 11 viol 0
FIREDISC517 723 at (15, 6) hp 428 ti 14 ammo 8 win 4 shots 127 net 12 code 3 twin 0 peer 0 pub 1 hold 0 held 247 heldfund 247 resets 11 viol 0
FIREDISC517 724 at (15, 6) hp 432 ti 14 ammo 18 win 4 shots 127 net 8 code 3 twin 0 peer 0 pub 1 hold 0 held 247 heldfund 247 resets 11 viol 0
FIREDISC517 725 at (15, 6) hp 418 ti 14 ammo 8 win 4 shots 128 net 12 code 3 twin 0 peer 0 pub 1 hold 0 held 247 heldfund 247 resets 11 viol 0
FIREDISC517 726 at (15, 6) hp 422 ti 7 ammo 8 win 4 shots 128 net 8 code 3 twin 0 peer 0 pub 1 hold 0 held 247 heldfund 247 resets 11 viol 0
FIREDISC517 727 at (15, 6) hp 426 ti 7 ammo 8 win 4 shots 128 net 4 code 2 twin 0 peer 0 pub 1 hold 0 held 247 heldfund 247 resets 11 viol 0
FIREDISC517 728 at (15, 6) hp 430 ti 14 ammo 11 win 4 shots 128 net 0 code 1 twin 0 peer 0 pub 1 hold 1 held 247 heldfund 247 resets 11 viol 0
FIREDISC517 729 at (15, 6) hp 434 ti 14 ammo 11 win 4 shots 128 net -4 code 1 twin 0 peer 0 pub 1 hold 1 held 248 heldfund 248 resets 11 viol 0
FIREDISC517 730 at (15, 6) hp 438 ti 14 ammo 11 win 4 shots 128 net -8 code 1 twin 0 peer 0 pub 1 hold 1 held 249 heldfund 249 resets 11 viol 0
FIREDISC517 731 at (15, 6) hp 442 ti 14 ammo 11 win 4 shots 128 net -12 code 1 twin 0 peer 0 pub 1 hold 1 held 250 heldfund 250 resets 11 viol 0
FIREDISC517 732 at (15, 6) hp 446 ti 14 ammo 21 win 4 shots 128 net -16 code 1 twin 0 peer 0 pub 1 hold 1 held 251 heldfund 251 resets 11 viol 0
FIREDISC517 733 at (15, 6) hp 450 ti 14 ammo 21 win 4 shots 128 net -20 code 1 twin 0 peer 0 pub 1 hold 1 held 252 heldfund 252 resets 11 viol 0
FIREDISC517 734 at (15, 6) hp 454 ti 14 ammo 21 win 4 shots 128 net -24 code 1 twin 0 peer 0 pub 1 hold 1 held 253 heldfund 253 resets 11 viol 0
FIREDISC517 735 at (15, 6) hp 458 ti 14 ammo 21 win 4 shots 128 net -28 code 1 twin 0 peer 0 pub 1 hold 1 held 254 heldfund 254 resets 11 viol 0
FIREDISC517 736 at (15, 6) hp 462 ti 14 ammo 31 win 4 shots 128 net -32 code 1 twin 0 peer 0 pub 1 hold 1 held 255 heldfund 255 resets 11 viol 0
FIREDISC517 737 at (15, 6) hp 466 ti 14 ammo 31 win 4 shots 128 net -36 code 1 twin 0 peer 0 pub 1 hold 1 held 256 heldfund 256 resets 11 viol 0
FIREDISC517 738 at (15, 6) hp 470 ti 7 ammo 31 win 4 shots 128 net -40 code 1 twin 0 peer 0 pub 1 hold 1 held 257 heldfund 257 resets 11 viol 0
FIREDISC517 739 at (15, 6) hp 474 ti 7 ammo 31 win 4 shots 128 net -44 code 1 twin 0 peer 0 pub 1 hold 1 held 258 heldfund 258 resets 11 viol 0
FIREDISC517 740 at (15, 6) hp 478 ti 14 ammo 34 win 4 shots 128 net -48 code 1 twin 0 peer 0 pub 1 hold 1 held 259 heldfund 259 resets 11 viol 0
FIREDISC517 741 at (15, 6) hp 482 ti 14 ammo 34 win 4 shots 128 net -52 code 1 twin 0 peer 0 pub 1 hold 1 held 260 heldfund 260 resets 11 viol 0
FIREDISC517 742 at (15, 6) hp 486 ti 14 ammo 34 win 4 shots 128 net -56 code 1 twin 0 peer 0 pub 1 hold 1 held 261 heldfund 261 resets 11 viol 0
FIREDISC517 743 at (15, 6) hp 490 ti 14 ammo 34 win 4 shots 128 net -60 code 1 twin 0 peer 0 pub 1 hold 1 held 262 heldfund 262 resets 11 viol 0
FIREDISC517 744 at (15, 6) hp 494 ti 14 ammo 44 win 4 shots 128 net -64 code 1 twin 0 peer 0 pub 1 hold 1 held 263 heldfund 263 resets 11 viol 0
FIREDISC517 745 at (15, 6) hp 498 ti 14 ammo 44 win 4 shots 128 net -68 code 1 twin 0 peer 0 pub 1 hold 1 held 264 heldfund 264 resets 11 viol 0
FIREDISC517 746 at (15, 6) hp 500 ti 14 ammo 44 win 4 shots 128 net -70 code 1 twin 0 peer 0 pub 1 hold 1 held 265 heldfund 265 resets 11 viol 0
FIREDISC517 747 at (15, 6) hp 500 ti 14 ammo 44 win 4 shots 128 net -70 code 1 twin 0 peer 0 pub 1 hold 1 held 266 heldfund 266 resets 11 viol 0
FIREDISC517 748 at (15, 6) hp 500 ti 14 ammo 54 win 4 shots 128 net -70 code 1 twin 0 peer 0 pub 1 hold 1 held 267 heldfund 267 resets 11 viol 0
FIREDISC517 749 at (15, 6) hp 500 ti 14 ammo 54 win 4 shots 128 net -70 code 1 twin 0 peer 0 pub 1 hold 1 held 268 heldfund 268 resets 11 viol 0
FIREDISC517 750 at (15, 6) hp 500 ti 14 ammo 54 win 4 shots 128 net -70 code 1 twin 0 peer 0 pub 1 hold 1 held 269 heldfund 269 resets 11 viol 0
FIREDISC517 751 at (15, 6) hp 500 ti 14 ammo 54 win 4 shots 128 net -70 code 1 twin 0 peer 0 pub 1 hold 1 held 270 heldfund 270 resets 11 viol 0
FIREDISC517 752 at (15, 6) hp 500 ti 14 ammo 64 win 0 shots 128 net -70 code 1 twin 0 peer 0 pub 1 hold 0 held 271 heldfund 271 resets 12 viol 0
FIREDISC517 753 at (15, 6) hp 482 ti 7 ammo 54 win 1 shots 129 net None code 0 twin 0 peer 0 pub 1 hold 0 held 271 heldfund 271 resets 12 viol 0
FIREDISC517 754 at (15, 6) hp 482 ti 7 ammo 54 win 1 shots 129 net None code 0 twin 0 peer 0 pub 1 hold 0 held 271 heldfund 271 resets 12 viol 0
FIREDISC517 755 at (15, 6) hp 464 ti 0 ammo 44 win 2 shots 130 net None code 0 twin 0 peer 0 pub 1 hold 0 held 271 heldfund 271 resets 12 viol 0
FIREDISC517 756 at (15, 6) hp 464 ti 10 ammo 44 win 2 shots 130 net None code 0 twin 0 peer 0 pub 1 hold 0 held 271 heldfund 271 resets 12 viol 0
FIREDISC517 757 at (15, 6) hp 446 ti 10 ammo 34 win 3 shots 131 net None code 0 twin 0 peer 0 pub 1 hold 0 held 271 heldfund 271 resets 12 viol 0
FIREDISC517 758 at (15, 6) hp 446 ti 3 ammo 34 win 3 shots 131 net None code 0 twin 0 peer 0 pub 1 hold 0 held 271 heldfund 271 resets 12 viol 0
FIREDISC517 759 at (15, 6) hp 428 ti 3 ammo 24 win 4 shots 132 net 72 code 6 twin 0 peer 0 pub 1 hold 0 held 271 heldfund 271 resets 12 viol 0
FIREDISC517 760 at (15, 6) hp 428 ti 13 ammo 24 win 4 shots 132 net 72 code 6 twin 0 peer 0 pub 1 hold 0 held 271 heldfund 271 resets 12 viol 0
FIREDISC517 761 at (15, 6) hp 410 ti 13 ammo 14 win 4 shots 133 net 72 code 6 twin 0 peer 0 pub 1 hold 0 held 271 heldfund 271 resets 12 viol 0
FIREDISC517 762 at (15, 6) hp 410 ti 13 ammo 14 win 4 shots 133 net 72 code 6 twin 0 peer 0 pub 1 hold 0 held 271 heldfund 271 resets 12 viol 0
FIREDISC517 763 at (15, 6) hp 392 ti 13 ammo 4 win 4 shots 134 net 72 code 6 twin 0 peer 0 pub 1 hold 0 held 271 heldfund 271 resets 12 viol 0
FIREDISC517 764 at (15, 6) hp 392 ti 14 ammo 13 win 4 shots 134 net 72 code 6 twin 0 peer 0 pub 1 hold 0 held 271 heldfund 271 resets 12 viol 0
FIREDISC517 765 at (15, 6) hp 374 ti 12 ammo 5 win 4 shots 135 net 72 code 6 twin 0 peer 0 pub 1 hold 0 held 271 heldfund 271 resets 12 viol 0
FIREDISC517 766 at (15, 6) hp 374 ti 12 ammo 5 win 4 shots 135 net 72 code 6 twin 0 peer 0 pub 1 hold 0 held 271 heldfund 271 resets 12 viol 0
FIREDISC517 767 at (15, 6) hp 374 ti 12 ammo 5 win 4 shots 135 net 72 code 6 twin 0 peer 0 pub 1 hold 0 held 271 heldfund 271 resets 12 viol 0
FIREDISC517 768 at (15, 6) hp 374 ti 12 ammo 15 win 4 shots 135 net 72 code 6 twin 0 peer 0 pub 1 hold 0 held 271 heldfund 271 resets 12 viol 0
FIREDISC517 769 at (15, 6) hp 356 ti 12 ammo 5 win 4 shots 136 net 72 code 6 twin 0 peer 0 pub 1 hold 0 held 271 heldfund 271 resets 12 viol 0
FIREDISC517 770 at (15, 6) hp 356 ti 12 ammo 5 win 4 shots 136 net 72 code 6 twin 0 peer 0 pub 1 hold 0 held 271 heldfund 271 resets 12 viol 0
FIREDISC517 771 at (15, 6) hp 356 ti 12 ammo 5 win 4 shots 136 net 72 code 6 twin 0 peer 0 pub 1 hold 0 held 271 heldfund 271 resets 12 viol 0
FIREDISC517 772 at (15, 6) hp 356 ti 12 ammo 15 win 4 shots 136 net 72 code 6 twin 0 peer 0 pub 1 hold 0 held 271 heldfund 271 resets 12 viol 0
FIREDISC517 773 at (15, 6) hp 338 ti 12 ammo 5 win 4 shots 137 net 72 code 6 twin 0 peer 0 pub 1 hold 0 held 271 heldfund 271 resets 12 viol 0
FIREDISC517 774 at (15, 6) hp 338 ti 12 ammo 5 win 4 shots 137 net 72 code 6 twin 0 peer 0 pub 1 hold 0 held 271 heldfund 271 resets 12 viol 0
FIREDISC517 775 at (15, 6) hp 338 ti 12 ammo 5 win 4 shots 137 net 72 code 6 twin 0 peer 0 pub 1 hold 0 held 271 heldfund 271 resets 12 viol 0
FIREDISC517 776 at (15, 6) hp 338 ti 12 ammo 15 win 4 shots 137 net 72 code 6 twin 0 peer 0 pub 1 hold 0 held 271 heldfund 271 resets 12 viol 0
FIREDISC517 777 at (15, 6) hp 320 ti 12 ammo 5 win 4 shots 138 net 72 code 6 twin 0 peer 0 pub 1 hold 0 held 271 heldfund 271 resets 12 viol 0
FIREDISC517 778 at (15, 6) hp 320 ti 12 ammo 5 win 4 shots 138 net 72 code 6 twin 0 peer 0 pub 1 hold 0 held 271 heldfund 271 resets 12 viol 0
FIREDISC517 779 at (15, 6) hp 320 ti 12 ammo 5 win 4 shots 138 net 72 code 6 twin 0 peer 0 pub 1 hold 0 held 271 heldfund 271 resets 12 viol 0
FIREDISC517 780 at (15, 6) hp 320 ti 12 ammo 15 win 4 shots 138 net 72 code 6 twin 0 peer 0 pub 1 hold 0 held 271 heldfund 271 resets 12 viol 0
FIREDISC517 781 at (15, 6) hp 302 ti 12 ammo 5 win 4 shots 139 net 72 code 6 twin 0 peer 0 pub 1 hold 0 held 271 heldfund 271 resets 12 viol 0
FIREDISC517 782 at (15, 6) hp 302 ti 12 ammo 5 win 4 shots 139 net 72 code 6 twin 0 peer 0 pub 1 hold 0 held 271 heldfund 271 resets 12 viol 0
FIREDISC517 783 at (15, 6) hp 302 ti 12 ammo 5 win 4 shots 139 net 72 code 6 twin 0 peer 0 pub 1 hold 0 held 271 heldfund 271 resets 12 viol 0
FIREDISC517 784 at (15, 6) hp 302 ti 12 ammo 15 win 4 shots 139 net 72 code 6 twin 0 peer 0 pub 1 hold 0 held 271 heldfund 271 resets 12 viol 0
FIREDISC517 785 at (15, 6) hp 284 ti 12 ammo 5 win 4 shots 140 net 72 code 6 twin 0 peer 0 pub 1 hold 0 held 271 heldfund 271 resets 12 viol 0
FIREDISC517 786 at (15, 6) hp 284 ti 12 ammo 5 win 4 shots 140 net 72 code 6 twin 0 peer 0 pub 1 hold 0 held 271 heldfund 271 resets 12 viol 0
FIREDISC517 787 at (15, 6) hp 288 ti 12 ammo 5 win 4 shots 140 net 68 code 6 twin 0 peer 0 pub 1 hold 0 held 271 heldfund 271 resets 12 viol 0
FIREDISC517 788 at (15, 6) hp 292 ti 12 ammo 15 win 4 shots 140 net 64 code 6 twin 0 peer 0 pub 1 hold 0 held 271 heldfund 271 resets 12 viol 0
FIREDISC517 789 at (15, 6) hp 278 ti 12 ammo 5 win 4 shots 141 net 60 code 6 twin 0 peer 0 pub 1 hold 0 held 271 heldfund 271 resets 12 viol 0
FIREDISC517 790 at (15, 6) hp 282 ti 12 ammo 5 win 4 shots 141 net 56 code 6 twin 0 peer 0 pub 1 hold 0 held 271 heldfund 271 resets 12 viol 0
FIREDISC517 791 at (15, 6) hp 286 ti 12 ammo 5 win 4 shots 141 net 52 code 6 twin 0 peer 0 pub 1 hold 0 held 271 heldfund 271 resets 12 viol 0
FIREDISC517 792 at (15, 6) hp 290 ti 12 ammo 15 win 4 shots 141 net 48 code 5 twin 0 peer 0 pub 1 hold 0 held 271 heldfund 271 resets 12 viol 0
FIREDISC517 793 at (15, 6) hp 276 ti 12 ammo 5 win 4 shots 142 net 44 code 5 twin 0 peer 0 pub 1 hold 0 held 271 heldfund 271 resets 12 viol 0
FIREDISC517 794 at (15, 6) hp 280 ti 12 ammo 5 win 4 shots 142 net 40 code 5 twin 0 peer 0 pub 1 hold 0 held 271 heldfund 271 resets 12 viol 0
FIREDISC517 795 at (15, 6) hp 284 ti 12 ammo 5 win 4 shots 142 net 36 code 5 twin 0 peer 0 pub 1 hold 0 held 271 heldfund 271 resets 12 viol 0
FIREDISC517 796 at (15, 6) hp 288 ti 12 ammo 15 win 4 shots 142 net 32 code 5 twin 0 peer 0 pub 1 hold 0 held 271 heldfund 271 resets 12 viol 0
FIREDISC517 797 at (15, 6) hp 274 ti 12 ammo 5 win 4 shots 143 net 28 code 5 twin 0 peer 0 pub 1 hold 0 held 271 heldfund 271 resets 12 viol 0
FIREDISC517 798 at (15, 6) hp 278 ti 12 ammo 5 win 4 shots 143 net 24 code 4 twin 0 peer 0 pub 1 hold 0 held 271 heldfund 271 resets 12 viol 0
FIREDISC517 799 at (15, 6) hp 282 ti 12 ammo 5 win 4 shots 143 net 20 code 4 twin 0 peer 0 pub 1 hold 0 held 271 heldfund 271 resets 12 viol 0
FIREDISC517 800 at (15, 6) hp 286 ti 12 ammo 15 win 4 shots 143 net 16 code 4 twin 0 peer 0 pub 1 hold 0 held 271 heldfund 271 resets 12 viol 0
FIREDISC517 801 at (15, 6) hp 272 ti 12 ammo 5 win 4 shots 144 net 20 code 4 twin 0 peer 0 pub 1 hold 0 held 271 heldfund 271 resets 12 viol 0
FIREDISC517 802 at (15, 6) hp 276 ti 12 ammo 5 win 4 shots 144 net 16 code 4 twin 0 peer 0 pub 1 hold 0 held 271 heldfund 271 resets 12 viol 0
FIREDISC517 803 at (15, 6) hp 280 ti 12 ammo 5 win 4 shots 144 net 12 code 3 twin 0 peer 0 pub 1 hold 0 held 271 heldfund 271 resets 12 viol 0
FIREDISC517 804 at (15, 6) hp 284 ti 12 ammo 15 win 4 shots 144 net 8 code 3 twin 0 peer 0 pub 1 hold 0 held 271 heldfund 271 resets 12 viol 0
FIREDISC517 805 at (15, 6) hp 270 ti 12 ammo 5 win 4 shots 145 net 20 code 4 twin 0 peer 0 pub 1 hold 0 held 271 heldfund 271 resets 12 viol 0
FIREDISC517 806 at (15, 6) hp 274 ti 12 ammo 5 win 4 shots 145 net 16 code 4 twin 0 peer 0 pub 1 hold 0 held 271 heldfund 271 resets 12 viol 0
FIREDISC517 807 at (15, 6) hp 278 ti 12 ammo 5 win 4 shots 145 net 12 code 3 twin 0 peer 0 pub 1 hold 0 held 271 heldfund 271 resets 12 viol 0
FIREDISC517 808 at (15, 6) hp 282 ti 12 ammo 15 win 4 shots 145 net 8 code 3 twin 0 peer 0 pub 1 hold 0 held 271 heldfund 271 resets 12 viol 0
FIREDISC517 809 at (15, 6) hp 268 ti 12 ammo 5 win 4 shots 146 net 20 code 4 twin 0 peer 0 pub 1 hold 0 held 271 heldfund 271 resets 12 viol 0
FIREDISC517 810 at (15, 6) hp 272 ti 12 ammo 5 win 4 shots 146 net 16 code 4 twin 0 peer 0 pub 1 hold 0 held 271 heldfund 271 resets 12 viol 0
FIREDISC517 811 at (15, 6) hp 276 ti 12 ammo 5 win 4 shots 146 net 12 code 3 twin 0 peer 0 pub 1 hold 0 held 271 heldfund 271 resets 12 viol 0
FIREDISC517 812 at (15, 6) hp 280 ti 12 ammo 15 win 4 shots 146 net 8 code 3 twin 0 peer 0 pub 1 hold 0 held 271 heldfund 271 resets 12 viol 0
FIREDISC517 813 at (15, 6) hp 266 ti 12 ammo 5 win 4 shots 147 net 20 code 4 twin 0 peer 0 pub 1 hold 0 held 271 heldfund 271 resets 12 viol 0
FIREDISC517 814 at (15, 6) hp 270 ti 12 ammo 5 win 4 shots 147 net 16 code 4 twin 0 peer 0 pub 1 hold 0 held 271 heldfund 271 resets 12 viol 0
FIREDISC517 815 at (15, 6) hp 274 ti 12 ammo 5 win 4 shots 147 net 12 code 3 twin 0 peer 0 pub 1 hold 0 held 271 heldfund 271 resets 12 viol 0
FIREDISC517 816 at (15, 6) hp 278 ti 12 ammo 15 win 4 shots 147 net 8 code 3 twin 0 peer 0 pub 1 hold 0 held 271 heldfund 271 resets 12 viol 0
FIREDISC517 817 at (15, 6) hp 264 ti 12 ammo 5 win 4 shots 148 net 20 code 4 twin 0 peer 0 pub 1 hold 0 held 271 heldfund 271 resets 12 viol 0
FIREDISC517 818 at (15, 6) hp 268 ti 12 ammo 5 win 4 shots 148 net 16 code 4 twin 0 peer 0 pub 1 hold 0 held 271 heldfund 271 resets 12 viol 0
FIREDISC517 819 at (15, 6) hp 272 ti 12 ammo 5 win 4 shots 148 net 12 code 3 twin 0 peer 0 pub 1 hold 0 held 271 heldfund 271 resets 12 viol 0
FIREDISC517 820 at (15, 6) hp 276 ti 12 ammo 15 win 4 shots 148 net 8 code 3 twin 0 peer 0 pub 1 hold 0 held 271 heldfund 271 resets 12 viol 0
FIREDISC517 821 at (15, 6) hp 262 ti 12 ammo 5 win 4 shots 149 net 20 code 4 twin 0 peer 0 pub 1 hold 0 held 271 heldfund 271 resets 12 viol 0
FIREDISC517 822 at (15, 6) hp 266 ti 12 ammo 5 win 4 shots 149 net 16 code 4 twin 0 peer 0 pub 1 hold 0 held 271 heldfund 271 resets 12 viol 0
FIREDISC517 823 at (15, 6) hp 270 ti 12 ammo 5 win 4 shots 149 net 12 code 3 twin 0 peer 0 pub 1 hold 0 held 271 heldfund 271 resets 12 viol 0
FIREDISC517 824 at (15, 6) hp 274 ti 12 ammo 15 win 4 shots 149 net 8 code 3 twin 0 peer 0 pub 1 hold 0 held 271 heldfund 271 resets 12 viol 0
FIREDISC517 825 at (15, 6) hp 260 ti 12 ammo 5 win 4 shots 150 net 20 code 4 twin 0 peer 0 pub 1 hold 0 held 271 heldfund 271 resets 12 viol 0
FIREDISC517 826 at (15, 6) hp 264 ti 12 ammo 5 win 4 shots 150 net 16 code 4 twin 0 peer 0 pub 1 hold 0 held 271 heldfund 271 resets 12 viol 0
FIREDISC517 827 at (15, 6) hp 268 ti 12 ammo 5 win 4 shots 150 net 12 code 3 twin 0 peer 0 pub 1 hold 0 held 271 heldfund 271 resets 12 viol 0
FIREDISC517 828 at (15, 6) hp 272 ti 12 ammo 15 win 4 shots 150 net 8 code 3 twin 0 peer 0 pub 1 hold 0 held 271 heldfund 271 resets 12 viol 0
FIREDISC517 829 at (15, 6) hp 258 ti 12 ammo 5 win 4 shots 151 net 20 code 4 twin 0 peer 0 pub 1 hold 0 held 271 heldfund 271 resets 12 viol 0
FIREDISC517 830 at (15, 6) hp 262 ti 12 ammo 5 win 4 shots 151 net 16 code 4 twin 0 peer 0 pub 1 hold 0 held 271 heldfund 271 resets 12 viol 0
FIREDISC517 831 at (15, 6) hp 266 ti 12 ammo 5 win 4 shots 151 net 12 code 3 twin 0 peer 0 pub 1 hold 0 held 271 heldfund 271 resets 12 viol 0
FIREDISC517 832 at (15, 6) hp 270 ti 12 ammo 15 win 4 shots 151 net 8 code 3 twin 0 peer 0 pub 1 hold 0 held 271 heldfund 271 resets 12 viol 0
FIREDISC517 833 at (15, 6) hp 256 ti 12 ammo 5 win 4 shots 152 net 20 code 4 twin 0 peer 0 pub 1 hold 0 held 271 heldfund 271 resets 12 viol 0
FIREDISC517 834 at (15, 6) hp 260 ti 12 ammo 5 win 4 shots 152 net 16 code 4 twin 0 peer 0 pub 1 hold 0 held 271 heldfund 271 resets 12 viol 0
FIREDISC517 835 at (15, 6) hp 264 ti 12 ammo 5 win 4 shots 152 net 12 code 3 twin 0 peer 0 pub 1 hold 0 held 271 heldfund 271 resets 12 viol 0
FIREDISC517 836 at (15, 6) hp 268 ti 12 ammo 15 win 4 shots 152 net 8 code 3 twin 0 peer 0 pub 1 hold 0 held 271 heldfund 271 resets 12 viol 0
FIREDISC517 837 at (15, 6) hp 254 ti 12 ammo 5 win 4 shots 153 net 20 code 4 twin 0 peer 0 pub 1 hold 0 held 271 heldfund 271 resets 12 viol 0
FIREDISC517 838 at (15, 6) hp 258 ti 12 ammo 5 win 4 shots 153 net 16 code 4 twin 0 peer 0 pub 1 hold 0 held 271 heldfund 271 resets 12 viol 0
FIREDISC517 839 at (15, 6) hp 262 ti 12 ammo 5 win 4 shots 153 net 12 code 3 twin 0 peer 0 pub 1 hold 0 held 271 heldfund 271 resets 12 viol 0
FIREDISC517 840 at (15, 6) hp 266 ti 12 ammo 15 win 4 shots 153 net 8 code 3 twin 0 peer 0 pub 1 hold 0 held 271 heldfund 271 resets 12 viol 0
FIREDISC517 841 at (15, 6) hp 252 ti 12 ammo 5 win 4 shots 154 net 20 code 4 twin 0 peer 0 pub 1 hold 0 held 271 heldfund 271 resets 12 viol 0
FIREDISC517 842 at (15, 6) hp 256 ti 12 ammo 5 win 4 shots 154 net 16 code 4 twin 0 peer 0 pub 1 hold 0 held 271 heldfund 271 resets 12 viol 0
FIREDISC517 843 at (15, 6) hp 260 ti 12 ammo 5 win 4 shots 154 net 12 code 3 twin 0 peer 0 pub 1 hold 0 held 271 heldfund 271 resets 12 viol 0
FIREDISC517 844 at (15, 6) hp 264 ti 12 ammo 15 win 4 shots 154 net 8 code 3 twin 0 peer 0 pub 1 hold 0 held 271 heldfund 271 resets 12 viol 0
FIREDISC517 845 at (15, 6) hp 250 ti 12 ammo 5 win 4 shots 155 net 20 code 4 twin 0 peer 0 pub 1 hold 0 held 271 heldfund 271 resets 12 viol 0
FIREDISC517 846 at (15, 6) hp 254 ti 12 ammo 5 win 4 shots 155 net 16 code 4 twin 0 peer 0 pub 1 hold 0 held 271 heldfund 271 resets 12 viol 0
FIREDISC517 847 at (15, 6) hp 258 ti 12 ammo 5 win 4 shots 155 net 12 code 3 twin 0 peer 0 pub 1 hold 0 held 271 heldfund 271 resets 12 viol 0
FIREDISC517 848 at (15, 6) hp 262 ti 12 ammo 15 win 4 shots 155 net 8 code 3 twin 0 peer 0 pub 1 hold 0 held 271 heldfund 271 resets 12 viol 0
FIREDISC517 849 at (15, 6) hp 248 ti 12 ammo 5 win 4 shots 156 net 20 code 4 twin 0 peer 0 pub 1 hold 0 held 271 heldfund 271 resets 12 viol 0
FIREDISC517 850 at (15, 6) hp 252 ti 12 ammo 5 win 4 shots 156 net 16 code 4 twin 0 peer 0 pub 1 hold 0 held 271 heldfund 271 resets 12 viol 0
FIREDISC517 851 at (15, 6) hp 256 ti 12 ammo 5 win 4 shots 156 net 12 code 3 twin 0 peer 0 pub 1 hold 0 held 271 heldfund 271 resets 12 viol 0
FIREDISC517 852 at (15, 6) hp 260 ti 12 ammo 15 win 4 shots 156 net 8 code 3 twin 0 peer 0 pub 1 hold 0 held 271 heldfund 271 resets 12 viol 0
FIREDISC517 853 at (15, 6) hp 246 ti 12 ammo 5 win 4 shots 157 net 20 code 4 twin 0 peer 0 pub 1 hold 0 held 271 heldfund 271 resets 12 viol 0
FIREDISC517 854 at (15, 6) hp 250 ti 12 ammo 5 win 4 shots 157 net 16 code 4 twin 0 peer 0 pub 1 hold 0 held 271 heldfund 271 resets 12 viol 0
FIREDISC517 855 at (15, 6) hp 254 ti 12 ammo 5 win 4 shots 157 net 12 code 3 twin 0 peer 0 pub 1 hold 0 held 271 heldfund 271 resets 12 viol 0
FIREDISC517 856 at (15, 6) hp 258 ti 12 ammo 15 win 4 shots 157 net 8 code 3 twin 0 peer 0 pub 1 hold 0 held 271 heldfund 271 resets 12 viol 0
FIREDISC517 857 at (15, 6) hp 244 ti 12 ammo 5 win 4 shots 158 net 20 code 4 twin 0 peer 0 pub 1 hold 0 held 271 heldfund 271 resets 12 viol 0
FIREDISC517 858 at (15, 6) hp 248 ti 12 ammo 5 win 4 shots 158 net 16 code 4 twin 0 peer 0 pub 1 hold 0 held 271 heldfund 271 resets 12 viol 0
FIREDISC517 859 at (15, 6) hp 252 ti 12 ammo 5 win 4 shots 158 net 12 code 3 twin 0 peer 0 pub 1 hold 0 held 271 heldfund 271 resets 12 viol 0
FIREDISC517 860 at (15, 6) hp 256 ti 12 ammo 15 win 4 shots 158 net 8 code 3 twin 0 peer 0 pub 1 hold 0 held 271 heldfund 271 resets 12 viol 0
FIREDISC517 861 at (15, 6) hp 242 ti 12 ammo 5 win 4 shots 159 net 20 code 4 twin 0 peer 0 pub 1 hold 0 held 271 heldfund 271 resets 12 viol 0
FIREDISC517 862 at (15, 6) hp 246 ti 12 ammo 5 win 4 shots 159 net 16 code 4 twin 0 peer 0 pub 1 hold 0 held 271 heldfund 271 resets 12 viol 0
FIREDISC517 863 at (15, 6) hp 250 ti 12 ammo 5 win 4 shots 159 net 12 code 3 twin 0 peer 0 pub 1 hold 0 held 271 heldfund 271 resets 12 viol 0
FIREDISC517 864 at (15, 6) hp 254 ti 12 ammo 15 win 4 shots 159 net 8 code 3 twin 0 peer 0 pub 1 hold 0 held 271 heldfund 271 resets 12 viol 0
FIREDISC517 865 at (15, 6) hp 240 ti 12 ammo 5 win 4 shots 160 net 20 code 4 twin 0 peer 0 pub 1 hold 0 held 271 heldfund 271 resets 12 viol 0
FIREDISC517 866 at (15, 6) hp 244 ti 12 ammo 5 win 4 shots 160 net 16 code 4 twin 0 peer 0 pub 1 hold 0 held 271 heldfund 271 resets 12 viol 0
FIREDISC517 867 at (15, 6) hp 248 ti 12 ammo 5 win 4 shots 160 net 12 code 3 twin 0 peer 0 pub 1 hold 0 held 271 heldfund 271 resets 12 viol 0
FIREDISC517 868 at (15, 6) hp 252 ti 12 ammo 15 win 4 shots 160 net 8 code 3 twin 0 peer 0 pub 1 hold 0 held 271 heldfund 271 resets 12 viol 0
FIREDISC517 869 at (15, 6) hp 238 ti 12 ammo 5 win 4 shots 161 net 20 code 4 twin 0 peer 0 pub 1 hold 0 held 271 heldfund 271 resets 12 viol 0
FIREDISC517 870 at (15, 6) hp 242 ti 12 ammo 5 win 4 shots 161 net 16 code 4 twin 0 peer 0 pub 1 hold 0 held 271 heldfund 271 resets 12 viol 0
FIREDISC517 871 at (15, 6) hp 246 ti 12 ammo 5 win 4 shots 161 net 12 code 3 twin 0 peer 0 pub 1 hold 0 held 271 heldfund 271 resets 12 viol 0
FIREDISC517 872 at (15, 6) hp 250 ti 12 ammo 15 win 4 shots 161 net 8 code 3 twin 0 peer 0 pub 1 hold 0 held 271 heldfund 271 resets 12 viol 0
FIREDISC517 873 at (15, 6) hp 236 ti 12 ammo 5 win 4 shots 162 net 20 code 4 twin 0 peer 0 pub 1 hold 0 held 271 heldfund 271 resets 12 viol 0
FIREDISC517 874 at (15, 6) hp 240 ti 12 ammo 5 win 4 shots 162 net 16 code 4 twin 0 peer 0 pub 1 hold 0 held 271 heldfund 271 resets 12 viol 0
FIREDISC517 875 at (15, 6) hp 244 ti 12 ammo 5 win 4 shots 162 net 12 code 3 twin 0 peer 0 pub 1 hold 0 held 271 heldfund 271 resets 12 viol 0
FIREDISC517 876 at (15, 6) hp 248 ti 12 ammo 15 win 4 shots 162 net 8 code 3 twin 0 peer 0 pub 1 hold 0 held 271 heldfund 271 resets 12 viol 0
FIREDISC517 877 at (15, 6) hp 234 ti 12 ammo 5 win 4 shots 163 net 20 code 4 twin 0 peer 0 pub 1 hold 0 held 271 heldfund 271 resets 12 viol 0
FIREDISC517 878 at (15, 6) hp 238 ti 12 ammo 5 win 4 shots 163 net 16 code 4 twin 0 peer 0 pub 1 hold 0 held 271 heldfund 271 resets 12 viol 0
FIREDISC517 879 at (15, 6) hp 242 ti 12 ammo 5 win 4 shots 163 net 12 code 3 twin 0 peer 0 pub 1 hold 0 held 271 heldfund 271 resets 12 viol 0
FIREDISC517 880 at (15, 6) hp 246 ti 12 ammo 15 win 4 shots 163 net 8 code 3 twin 0 peer 0 pub 1 hold 0 held 271 heldfund 271 resets 12 viol 0
FIREDISC517 881 at (15, 6) hp 232 ti 12 ammo 5 win 4 shots 164 net 20 code 4 twin 0 peer 0 pub 1 hold 0 held 271 heldfund 271 resets 12 viol 0
FIREDISC517 882 at (15, 6) hp 236 ti 12 ammo 5 win 4 shots 164 net 16 code 4 twin 0 peer 0 pub 1 hold 0 held 271 heldfund 271 resets 12 viol 0
FIREDISC517 883 at (15, 6) hp 240 ti 12 ammo 5 win 4 shots 164 net 12 code 3 twin 0 peer 0 pub 1 hold 0 held 271 heldfund 271 resets 12 viol 0
FIREDISC517 884 at (15, 6) hp 244 ti 12 ammo 15 win 4 shots 164 net 8 code 3 twin 0 peer 0 pub 1 hold 0 held 271 heldfund 271 resets 12 viol 0
FIREDISC517 885 at (15, 6) hp 230 ti 12 ammo 5 win 4 shots 165 net 20 code 4 twin 0 peer 0 pub 1 hold 0 held 271 heldfund 271 resets 12 viol 0
FIREDISC517 886 at (15, 6) hp 234 ti 12 ammo 5 win 4 shots 165 net 16 code 4 twin 0 peer 0 pub 1 hold 0 held 271 heldfund 271 resets 12 viol 0
FIREDISC517 887 at (15, 6) hp 238 ti 12 ammo 5 win 4 shots 165 net 12 code 3 twin 0 peer 0 pub 1 hold 0 held 271 heldfund 271 resets 12 viol 0
FIREDISC517 888 at (15, 6) hp 242 ti 12 ammo 15 win 4 shots 165 net 8 code 3 twin 0 peer 0 pub 1 hold 0 held 271 heldfund 271 resets 12 viol 0
FIREDISC517 889 at (15, 6) hp 228 ti 12 ammo 5 win 4 shots 166 net 20 code 4 twin 0 peer 0 pub 1 hold 0 held 271 heldfund 271 resets 12 viol 0
FIREDISC517 890 at (15, 6) hp 232 ti 12 ammo 5 win 4 shots 166 net 16 code 4 twin 0 peer 0 pub 1 hold 0 held 271 heldfund 271 resets 12 viol 0
FIREDISC517 891 at (15, 6) hp 236 ti 12 ammo 5 win 4 shots 166 net 12 code 3 twin 0 peer 0 pub 1 hold 0 held 271 heldfund 271 resets 12 viol 0
FIREDISC517 892 at (15, 6) hp 240 ti 12 ammo 15 win 4 shots 166 net 8 code 3 twin 0 peer 0 pub 1 hold 0 held 271 heldfund 271 resets 12 viol 0
FIREDISC517 893 at (15, 6) hp 226 ti 12 ammo 5 win 4 shots 167 net 20 code 4 twin 0 peer 0 pub 1 hold 0 held 271 heldfund 271 resets 12 viol 0
FIREDISC517 894 at (15, 6) hp 234 ti 12 ammo 5 win 4 shots 167 net 12 code 3 twin 0 peer 0 pub 1 hold 0 held 271 heldfund 271 resets 12 viol 0
FIREDISC517 895 at (15, 6) hp 242 ti 12 ammo 5 win 4 shots 167 net 4 code 2 twin 0 peer 0 pub 1 hold 0 held 271 heldfund 271 resets 12 viol 0
FIREDISC517 896 at (15, 6) hp 250 ti 12 ammo 15 win 4 shots 167 net -4 code 1 twin 0 peer 0 pub 1 hold 1 held 271 heldfund 271 resets 12 viol 0
FIREDISC517 897 at (15, 6) hp 258 ti 12 ammo 5 win 4 shots 167 net -12 code 1 twin 0 peer 0 pub 1 hold 1 held 272 heldfund 272 resets 12 viol 0
FIREDISC517 898 at (15, 6) hp 266 ti 12 ammo 5 win 4 shots 167 net -20 code 1 twin 0 peer 0 pub 1 hold 1 held 272 heldfund 272 resets 12 viol 0
FIREDISC517 899 at (15, 6) hp 274 ti 12 ammo 5 win 4 shots 167 net -28 code 1 twin 0 peer 0 pub 1 hold 1 held 272 heldfund 272 resets 12 viol 0
FIREDISC517 900 at (15, 6) hp 282 ti 12 ammo 15 win 4 shots 167 net -36 code 1 twin 0 peer 0 pub 1 hold 1 held 272 heldfund 272 resets 12 viol 0
FIREDISC517 901 at (15, 6) hp 290 ti 12 ammo 5 win 4 shots 167 net -44 code 1 twin 0 peer 0 pub 1 hold 1 held 273 heldfund 273 resets 12 viol 0
FIREDISC517 902 at (15, 6) hp 298 ti 12 ammo 5 win 4 shots 167 net -52 code 1 twin 0 peer 0 pub 1 hold 1 held 273 heldfund 273 resets 12 viol 0
FIREDISC517 903 at (15, 6) hp 306 ti 12 ammo 5 win 4 shots 167 net -60 code 1 twin 0 peer 0 pub 1 hold 1 held 273 heldfund 273 resets 12 viol 0
FIREDISC517 904 at (15, 6) hp 314 ti 12 ammo 15 win 4 shots 167 net -68 code 1 twin 0 peer 0 pub 1 hold 1 held 273 heldfund 273 resets 12 viol 0
FIREDISC517 905 at (15, 6) hp 318 ti 12 ammo 5 win 4 shots 167 net -72 code 1 twin 0 peer 0 pub 1 hold 1 held 274 heldfund 274 resets 12 viol 0
FIREDISC517 906 at (15, 6) hp 322 ti 12 ammo 5 win 4 shots 167 net -76 code 1 twin 0 peer 0 pub 1 hold 1 held 274 heldfund 274 resets 12 viol 0
FIREDISC517 907 at (15, 6) hp 326 ti 12 ammo 5 win 4 shots 167 net -80 code 1 twin 0 peer 0 pub 1 hold 1 held 274 heldfund 274 resets 12 viol 0
FIREDISC517 908 at (15, 6) hp 330 ti 12 ammo 15 win 4 shots 167 net -84 code 1 twin 0 peer 0 pub 1 hold 1 held 274 heldfund 274 resets 12 viol 0
FIREDISC517 909 at (15, 6) hp 334 ti 12 ammo 15 win 4 shots 167 net -88 code 1 twin 0 peer 0 pub 1 hold 1 held 275 heldfund 275 resets 12 viol 0
FIREDISC517 910 at (15, 6) hp 338 ti 12 ammo 15 win 4 shots 167 net -92 code 1 twin 0 peer 0 pub 1 hold 1 held 276 heldfund 276 resets 12 viol 0
FIREDISC517 911 at (15, 6) hp 342 ti 12 ammo 15 win 4 shots 167 net -96 code 1 twin 0 peer 0 pub 1 hold 1 held 277 heldfund 277 resets 12 viol 0
FIREDISC517 912 at (15, 6) hp 346 ti 12 ammo 25 win 4 shots 167 net -100 code 1 twin 0 peer 0 pub 1 hold 1 held 278 heldfund 278 resets 12 viol 0
FIREDISC517 913 at (15, 6) hp 350 ti 12 ammo 25 win 4 shots 167 net -104 code 1 twin 0 peer 0 pub 1 hold 1 held 279 heldfund 279 resets 12 viol 0
FIREDISC517 914 at (15, 6) hp 354 ti 12 ammo 25 win 4 shots 167 net -108 code 1 twin 0 peer 0 pub 1 hold 1 held 280 heldfund 280 resets 12 viol 0
FIREDISC517 915 at (15, 6) hp 358 ti 12 ammo 25 win 4 shots 167 net -112 code 1 twin 0 peer 0 pub 1 hold 1 held 281 heldfund 281 resets 12 viol 0
FIREDISC517 916 at (15, 6) hp 362 ti 12 ammo 35 win 4 shots 167 net -116 code 1 twin 0 peer 0 pub 1 hold 1 held 282 heldfund 282 resets 12 viol 0
FIREDISC517 917 at (15, 6) hp 366 ti 12 ammo 35 win 4 shots 167 net -120 code 1 twin 0 peer 0 pub 1 hold 1 held 283 heldfund 283 resets 12 viol 0
FIREDISC517 918 at (15, 6) hp 370 ti 12 ammo 35 win 4 shots 167 net -124 code 1 twin 0 peer 0 pub 1 hold 1 held 284 heldfund 284 resets 12 viol 0
FIREDISC517 919 at (15, 6) hp 374 ti 12 ammo 35 win 4 shots 167 net -128 code 1 twin 0 peer 0 pub 1 hold 1 held 285 heldfund 285 resets 12 viol 0
FIREDISC517 920 at (15, 6) hp 378 ti 12 ammo 45 win 0 shots 167 net -132 code 1 twin 0 peer 0 pub 1 hold 0 held 286 heldfund 286 resets 13 viol 0
FIREDISC517 921 at (15, 6) hp 364 ti 12 ammo 35 win 1 shots 168 net None code 0 twin 0 peer 0 pub 1 hold 0 held 286 heldfund 286 resets 13 viol 0
FIREDISC517 922 at (15, 6) hp 368 ti 12 ammo 35 win 1 shots 168 net None code 0 twin 0 peer 0 pub 1 hold 0 held 286 heldfund 286 resets 13 viol 0
FIREDISC517 923 at (15, 6) hp 354 ti 12 ammo 25 win 2 shots 169 net None code 0 twin 0 peer 0 pub 1 hold 0 held 286 heldfund 286 resets 13 viol 0
FIREDISC517 924 at (15, 6) hp 358 ti 12 ammo 35 win 2 shots 169 net None code 0 twin 0 peer 0 pub 1 hold 0 held 286 heldfund 286 resets 13 viol 0
FIREDISC517 925 at (15, 6) hp 344 ti 12 ammo 25 win 3 shots 170 net None code 0 twin 0 peer 0 pub 1 hold 0 held 286 heldfund 286 resets 13 viol 0
FIREDISC517 926 at (15, 6) hp 348 ti 12 ammo 25 win 3 shots 170 net None code 0 twin 0 peer 0 pub 1 hold 0 held 286 heldfund 286 resets 13 viol 0
FIREDISC517 927 at (15, 6) hp 334 ti 12 ammo 15 win 4 shots 171 net 44 code 5 twin 0 peer 0 pub 1 hold 0 held 286 heldfund 286 resets 13 viol 0
FIREDISC517 928 at (15, 6) hp 338 ti 12 ammo 25 win 4 shots 171 net 40 code 5 twin 0 peer 0 pub 1 hold 0 held 286 heldfund 286 resets 13 viol 0
FIREDISC517 929 at (15, 6) hp 324 ti 12 ammo 15 win 4 shots 172 net 44 code 5 twin 0 peer 0 pub 1 hold 0 held 286 heldfund 286 resets 13 viol 0
FIREDISC517 930 at (15, 6) hp 328 ti 12 ammo 15 win 4 shots 172 net 40 code 5 twin 0 peer 0 pub 1 hold 0 held 286 heldfund 286 resets 13 viol 0
FIREDISC517 931 at (15, 6) hp 314 ti 12 ammo 5 win 4 shots 173 net 44 code 5 twin 0 peer 0 pub 1 hold 0 held 286 heldfund 286 resets 13 viol 0
FIREDISC517 932 at (15, 6) hp 318 ti 12 ammo 15 win 4 shots 173 net 40 code 5 twin 0 peer 0 pub 1 hold 0 held 286 heldfund 286 resets 13 viol 0
FIREDISC517 933 at (15, 6) hp 304 ti 12 ammo 5 win 4 shots 174 net 44 code 5 twin 0 peer 0 pub 1 hold 0 held 286 heldfund 286 resets 13 viol 0
FIREDISC517 934 at (15, 6) hp 308 ti 12 ammo 5 win 4 shots 174 net 40 code 5 twin 0 peer 0 pub 1 hold 0 held 286 heldfund 286 resets 13 viol 0
FIREDISC517 935 at (15, 6) hp 312 ti 12 ammo 5 win 4 shots 174 net 36 code 5 twin 0 peer 0 pub 1 hold 0 held 286 heldfund 286 resets 13 viol 0
FIREDISC517 936 at (15, 6) hp 316 ti 12 ammo 15 win 4 shots 174 net 32 code 5 twin 0 peer 0 pub 1 hold 0 held 286 heldfund 286 resets 13 viol 0
FIREDISC517 937 at (15, 6) hp 302 ti 12 ammo 5 win 4 shots 175 net 36 code 5 twin 0 peer 0 pub 1 hold 0 held 286 heldfund 286 resets 13 viol 0
FIREDISC517 938 at (15, 6) hp 306 ti 12 ammo 5 win 4 shots 175 net 32 code 5 twin 0 peer 0 pub 1 hold 0 held 286 heldfund 286 resets 13 viol 0
FIREDISC517 939 at (15, 6) hp 310 ti 12 ammo 5 win 4 shots 175 net 28 code 5 twin 0 peer 0 pub 1 hold 0 held 286 heldfund 286 resets 13 viol 0
FIREDISC517 940 at (15, 6) hp 314 ti 12 ammo 15 win 4 shots 175 net 24 code 4 twin 0 peer 0 pub 1 hold 0 held 286 heldfund 286 resets 13 viol 0
FIREDISC517 941 at (15, 6) hp 300 ti 12 ammo 5 win 4 shots 176 net 28 code 5 twin 0 peer 0 pub 1 hold 0 held 286 heldfund 286 resets 13 viol 0
FIREDISC517 942 at (15, 6) hp 304 ti 12 ammo 5 win 4 shots 176 net 24 code 4 twin 0 peer 0 pub 1 hold 0 held 286 heldfund 286 resets 13 viol 0
FIREDISC517 943 at (15, 6) hp 308 ti 12 ammo 5 win 4 shots 176 net 20 code 4 twin 0 peer 0 pub 1 hold 0 held 286 heldfund 286 resets 13 viol 0
FIREDISC517 944 at (15, 6) hp 312 ti 12 ammo 15 win 4 shots 176 net 16 code 4 twin 0 peer 0 pub 1 hold 0 held 286 heldfund 286 resets 13 viol 0
FIREDISC517 945 at (15, 6) hp 298 ti 12 ammo 5 win 4 shots 177 net 20 code 4 twin 0 peer 0 pub 1 hold 0 held 286 heldfund 286 resets 13 viol 0
FIREDISC517 946 at (15, 6) hp 302 ti 12 ammo 5 win 4 shots 177 net 16 code 4 twin 0 peer 0 pub 1 hold 0 held 286 heldfund 286 resets 13 viol 0
FIREDISC517 947 at (15, 6) hp 306 ti 12 ammo 5 win 4 shots 177 net 12 code 3 twin 0 peer 0 pub 1 hold 0 held 286 heldfund 286 resets 13 viol 0
FIREDISC517 948 at (15, 6) hp 310 ti 12 ammo 15 win 4 shots 177 net 8 code 3 twin 0 peer 0 pub 1 hold 0 held 286 heldfund 286 resets 13 viol 0
FIREDISC517 949 at (15, 6) hp 296 ti 12 ammo 5 win 4 shots 178 net 20 code 4 twin 0 peer 0 pub 1 hold 0 held 286 heldfund 286 resets 13 viol 0
FIREDISC517 950 at (15, 6) hp 300 ti 12 ammo 5 win 4 shots 178 net 16 code 4 twin 0 peer 0 pub 1 hold 0 held 286 heldfund 286 resets 13 viol 0
FIREDISC517 951 at (15, 6) hp 304 ti 12 ammo 5 win 4 shots 178 net 12 code 3 twin 0 peer 0 pub 1 hold 0 held 286 heldfund 286 resets 13 viol 0
FIREDISC517 952 at (15, 6) hp 308 ti 12 ammo 15 win 4 shots 178 net 8 code 3 twin 0 peer 0 pub 1 hold 0 held 286 heldfund 286 resets 13 viol 0
FIREDISC517 953 at (15, 6) hp 294 ti 12 ammo 5 win 4 shots 179 net 20 code 4 twin 0 peer 0 pub 1 hold 0 held 286 heldfund 286 resets 13 viol 0
FIREDISC517 954 at (15, 6) hp 298 ti 12 ammo 5 win 4 shots 179 net 16 code 4 twin 0 peer 0 pub 1 hold 0 held 286 heldfund 286 resets 13 viol 0
FIREDISC517 955 at (15, 6) hp 302 ti 12 ammo 5 win 4 shots 179 net 12 code 3 twin 0 peer 0 pub 1 hold 0 held 286 heldfund 286 resets 13 viol 0
FIREDISC517 956 at (15, 6) hp 306 ti 12 ammo 15 win 4 shots 179 net 8 code 3 twin 0 peer 0 pub 1 hold 0 held 286 heldfund 286 resets 13 viol 0
FIREDISC517 957 at (15, 6) hp 292 ti 12 ammo 5 win 4 shots 180 net 20 code 4 twin 0 peer 0 pub 1 hold 0 held 286 heldfund 286 resets 13 viol 0
FIREDISC517 958 at (15, 6) hp 296 ti 12 ammo 5 win 4 shots 180 net 16 code 4 twin 0 peer 0 pub 1 hold 0 held 286 heldfund 286 resets 13 viol 0
FIREDISC517 959 at (15, 6) hp 300 ti 12 ammo 5 win 4 shots 180 net 12 code 3 twin 0 peer 0 pub 1 hold 0 held 286 heldfund 286 resets 13 viol 0
FIREDISC517 960 at (15, 6) hp 304 ti 22 ammo 5 win 4 shots 180 net 8 code 3 twin 0 peer 0 pub 1 hold 0 held 286 heldfund 286 resets 13 viol 0
FIREDISC517 961 at (15, 6) hp 308 ti 22 ammo 5 win 4 shots 180 net 4 code 2 twin 0 peer 0 pub 1 hold 0 held 286 heldfund 286 resets 13 viol 0
FIREDISC517 962 at (15, 6) hp 312 ti 22 ammo 5 win 4 shots 180 net 0 code 1 twin 0 peer 0 pub 1 hold 1 held 286 heldfund 286 resets 13 viol 0
FIREDISC517 963 at (15, 6) hp 316 ti 22 ammo 5 win 4 shots 180 net -4 code 1 twin 0 peer 0 pub 1 hold 1 held 286 heldfund 286 resets 13 viol 0
FIREDISC517 964 at (15, 6) hp 320 ti 32 ammo 5 win 4 shots 180 net -8 code 1 twin 0 peer 0 pub 1 hold 1 held 286 heldfund 286 resets 13 viol 0
FIREDISC517 965 at (15, 6) hp 324 ti 32 ammo 5 win 4 shots 180 net -12 code 1 twin 0 peer 0 pub 1 hold 1 held 286 heldfund 286 resets 13 viol 0
FIREDISC517 966 at (15, 6) hp 328 ti 32 ammo 5 win 4 shots 180 net -16 code 1 twin 0 peer 0 pub 1 hold 1 held 286 heldfund 286 resets 13 viol 0
FIREDISC517 967 at (15, 6) hp 332 ti 32 ammo 5 win 4 shots 180 net -20 code 1 twin 0 peer 0 pub 1 hold 1 held 286 heldfund 286 resets 13 viol 0
FIREDISC517 968 at (15, 6) hp 336 ti 42 ammo 5 win 4 shots 180 net -24 code 1 twin 0 peer 0 pub 1 hold 1 held 286 heldfund 286 resets 13 viol 0
FIREDISC517 969 at (15, 6) hp 340 ti 42 ammo 5 win 4 shots 180 net -28 code 1 twin 0 peer 0 pub 1 hold 1 held 286 heldfund 286 resets 13 viol 0
FIREDISC517 970 at (15, 6) hp 344 ti 42 ammo 5 win 4 shots 180 net -32 code 1 twin 0 peer 0 pub 1 hold 1 held 286 heldfund 286 resets 13 viol 0
FIREDISC517 971 at (15, 6) hp 348 ti 42 ammo 5 win 4 shots 180 net -36 code 1 twin 0 peer 0 pub 1 hold 1 held 286 heldfund 286 resets 13 viol 0
FIREDISC517 972 at (15, 6) hp 352 ti 8 ammo 5 win 4 shots 180 net -40 code 1 twin 0 peer 0 pub 1 hold 1 held 286 heldfund 286 resets 13 viol 0
FIREDISC517 973 at (15, 6) hp 356 ti 8 ammo 5 win 4 shots 180 net -44 code 1 twin 0 peer 0 pub 1 hold 1 held 286 heldfund 286 resets 13 viol 0
FIREDISC517 974 at (15, 6) hp 360 ti 8 ammo 5 win 4 shots 180 net -48 code 1 twin 0 peer 0 pub 1 hold 1 held 286 heldfund 286 resets 13 viol 0
FIREDISC517 975 at (15, 6) hp 364 ti 8 ammo 5 win 4 shots 180 net -52 code 1 twin 0 peer 0 pub 1 hold 1 held 286 heldfund 286 resets 13 viol 0
FIREDISC517 976 at (15, 6) hp 368 ti 18 ammo 5 win 4 shots 180 net -56 code 1 twin 0 peer 0 pub 1 hold 1 held 286 heldfund 286 resets 13 viol 0
FIREDISC517 977 at (15, 6) hp 372 ti 18 ammo 5 win 4 shots 180 net -60 code 1 twin 0 peer 0 pub 1 hold 1 held 286 heldfund 286 resets 13 viol 0
FIREDISC517 978 at (15, 6) hp 376 ti 18 ammo 5 win 4 shots 180 net -64 code 1 twin 0 peer 0 pub 1 hold 1 held 286 heldfund 286 resets 13 viol 0
FIREDISC517 979 at (15, 6) hp 380 ti 18 ammo 5 win 4 shots 180 net -68 code 1 twin 0 peer 0 pub 1 hold 1 held 286 heldfund 286 resets 13 viol 0
FIREDISC517 980 at (15, 6) hp 384 ti 28 ammo 5 win 4 shots 180 net -72 code 1 twin 0 peer 0 pub 1 hold 1 held 286 heldfund 286 resets 13 viol 0
FIREDISC517 981 at (15, 6) hp 388 ti 28 ammo 5 win 4 shots 180 net -76 code 1 twin 0 peer 0 pub 1 hold 1 held 286 heldfund 286 resets 13 viol 0
FIREDISC517 982 at (15, 6) hp 392 ti 28 ammo 5 win 4 shots 180 net -80 code 1 twin 0 peer 0 pub 1 hold 1 held 286 heldfund 286 resets 13 viol 0
FIREDISC517 983 at (15, 6) hp 396 ti 28 ammo 5 win 4 shots 180 net -84 code 1 twin 0 peer 0 pub 1 hold 1 held 286 heldfund 286 resets 13 viol 0
FIREDISC517 984 at (15, 6) hp 400 ti 38 ammo 5 win 4 shots 180 net -88 code 1 twin 0 peer 0 pub 1 hold 1 held 286 heldfund 286 resets 13 viol 0
FIREDISC517 985 at (15, 6) hp 404 ti 38 ammo 5 win 4 shots 180 net -92 code 1 twin 0 peer 0 pub 1 hold 1 held 286 heldfund 286 resets 13 viol 0
FIREDISC517 986 at (15, 6) hp 408 ti 38 ammo 5 win 0 shots 180 net -96 code 1 twin 0 peer 0 pub 1 hold 0 held 286 heldfund 286 resets 14 viol 0
FIREDISC517 987 at (15, 6) hp 412 ti 38 ammo 5 win 0 shots 180 net None code 0 twin 0 peer 0 pub 1 hold 0 held 286 heldfund 286 resets 14 viol 0
FIREDISC517 988 at (15, 6) hp 416 ti 3 ammo 5 win 0 shots 180 net None code 0 twin 0 peer 0 pub 1 hold 0 held 286 heldfund 286 resets 14 viol 0
FIREDISC517 989 at (15, 6) hp 420 ti 3 ammo 5 win 0 shots 180 net None code 0 twin 0 peer 0 pub 1 hold 0 held 286 heldfund 286 resets 14 viol 0
FIREDISC517 990 at (15, 6) hp 424 ti 3 ammo 5 win 0 shots 180 net None code 0 twin 0 peer 0 pub 1 hold 0 held 286 heldfund 286 resets 14 viol 0
FIREDISC517 991 at (15, 6) hp 428 ti 3 ammo 5 win 0 shots 180 net None code 0 twin 0 peer 0 pub 1 hold 0 held 286 heldfund 286 resets 14 viol 0
FIREDISC517 992 at (15, 6) hp 432 ti 13 ammo 5 win 0 shots 180 net None code 0 twin 0 peer 0 pub 1 hold 0 held 286 heldfund 286 resets 14 viol 0
FIREDISC517 993 at (15, 6) hp 436 ti 13 ammo 5 win 0 shots 180 net None code 0 twin 0 peer 0 pub 1 hold 0 held 286 heldfund 286 resets 14 viol 0
FIREDISC517 994 at (15, 6) hp 440 ti 13 ammo 5 win 0 shots 180 net None code 0 twin 0 peer 0 pub 1 hold 0 held 286 heldfund 286 resets 14 viol 0
FIREDISC517 995 at (15, 6) hp 444 ti 13 ammo 5 win 0 shots 180 net None code 0 twin 0 peer 0 pub 1 hold 0 held 286 heldfund 286 resets 14 viol 0
FIREDISC517 996 at (15, 6) hp 448 ti 23 ammo 5 win 0 shots 180 net None code 0 twin 0 peer 0 pub 1 hold 0 held 286 heldfund 286 resets 14 viol 0
FIREDISC517 997 at (15, 6) hp 452 ti 23 ammo 5 win 0 shots 180 net None code 0 twin 0 peer 0 pub 1 hold 0 held 286 heldfund 286 resets 14 viol 0
FIREDISC517 998 at (15, 6) hp 456 ti 23 ammo 5 win 0 shots 180 net None code 0 twin 0 peer 0 pub 1 hold 0 held 286 heldfund 286 resets 14 viol 0
FIREDISC517 999 at (15, 6) hp 460 ti 23 ammo 5 win 0 shots 180 net None code 0 twin 0 peer 0 pub 1 hold 0 held 286 heldfund 286 resets 14 viol 0
