Update available: 2.3.6 -> 2.3.8. Run: pip install --upgrade fcode
RC MAP w 30 h 30 ours 14,26 theirs 14,2
RC SEAT 1 id 4 seat 0
RC POS 1 id 4 seat 0 role raid fs 1 body 1 pos 14,25 stuck 0
RC POS 2 id 4 seat 0 role raid fs 1 body 1 pos 14,25 stuck 1
RC SEAT 2 id 6 seat 1
RC POS 2 id 6 seat 1 role expand fs 0 body 1 pos 13,25 stuck 0
V528 PICK r 2 id 6 tgt 14,15 cs 44 bs 44 reg 0 cc 11 bc 11 cands 6 banned 0 regall 0 seat 1
RC WALK 2 id 6 role expand pos 13,25 tgt 14,15 want NORTH
RC POS 3 id 4 seat 0 role raid fs 1 body 1 pos 14,25 stuck 2
RC POS 3 id 6 seat 1 role expand fs 0 body 1 pos 13,24 stuck 0
RC WALK 3 id 6 role expand pos 13,24 tgt 14,15 want NORTH
RC SEAT 3 id 8 seat 2
RC POS 3 id 8 seat 2 role expand fs 0 body 1 pos 13,26 stuck 0
V528 PICK r 3 id 8 tgt 23,21 cs 51 bs 51 reg 0 cc 12 bc 12 cands 6 banned 0 regall 0 seat 2
RC WALK 3 id 8 role expand pos 13,26 tgt 23,21 want NORTH
RC POS 4 id 4 seat 0 role raid fs 1 body 1 pos 14,25 stuck 3
RC POS 4 id 6 seat 1 role expand fs 0 body 1 pos 13,23 stuck 0
RC WALK 4 id 6 role expand pos 13,23 tgt 14,15 want NORTH
RC POS 4 id 8 seat 2 role expand fs 0 body 1 pos 13,25 stuck 0
RC WALK 4 id 8 role expand pos 13,25 tgt 23,21 want NORTH
RC SEAT 4 id 10 seat 3
RC POS 4 id 10 seat 3 role raid fs 1 body 2 pos 15,25 stuck 0
RC POS 5 id 4 seat 0 role raid fs 1 body 1 pos 14,25 stuck 4
RC POS 5 id 6 seat 1 role expand fs 0 body 1 pos 13,22 stuck 0
RC WALK 5 id 6 role expand pos 13,22 tgt 14,15 want NORTH
RC POS 5 id 8 seat 2 role expand fs 0 body 1 pos 13,24 stuck 0
RC WALK 5 id 8 role expand pos 13,24 tgt 23,21 want NORTH
RC POS 5 id 10 seat 3 role raid fs 1 body 2 pos 15,24 stuck 0
RC POS 6 id 4 seat 0 role raid fs 1 body 1 pos 14,25 stuck 5
RC POS 6 id 6 seat 1 role expand fs 0 body 1 pos 13,21 stuck 0
RC WALK 6 id 6 role expand pos 13,21 tgt 14,15 want NORTH
RC POS 6 id 8 seat 2 role expand fs 0 body 1 pos 13,23 stuck 0
RC WALK 6 id 8 role expand pos 13,23 tgt 23,21 want EAST
RC POS 6 id 10 seat 3 role raid fs 1 body 2 pos 15,23 stuck 0
RC POS 7 id 4 seat 0 role raid fs 1 body 1 pos 15,19 stuck 0
RC POS 7 id 6 seat 1 role expand fs 0 body 1 pos 13,20 stuck 0
RC WALK 7 id 6 role expand pos 13,20 tgt 14,15 want NORTH
RC POS 7 id 8 seat 2 role expand fs 0 body 1 pos 14,23 stuck 0
RC WALK 7 id 8 role expand pos 14,23 tgt 23,21 want NORTH
RC POS 7 id 10 seat 3 role raid fs 1 body 2 pos 15,23 stuck 1
RC POS 8 id 4 seat 0 role raid fs 1 body 1 pos 15,19 stuck 1
RC POS 8 id 6 seat 1 role expand fs 0 body 1 pos 13,19 stuck 0
RC WALK 8 id 6 role expand pos 13,19 tgt 14,16 want WEST
RC POS 8 id 8 seat 2 role expand fs 0 body 1 pos 14,22 stuck 0
RC WALK 8 id 8 role expand pos 14,22 tgt 23,21 want EAST
RC POS 8 id 10 seat 3 role raid fs 1 body 2 pos 14,19 stuck 0
RC POS 9 id 4 seat 0 role raid fs 1 body 1 pos 16,13 stuck 0
RC POS 9 id 6 seat 1 role expand fs 0 body 1 pos 12,19 stuck 0
RC WALK 9 id 6 role expand pos 12,19 tgt 14,16 want WEST
RC POS 9 id 8 seat 2 role expand fs 0 body 1 pos 15,22 stuck 0
RC WALK 9 id 8 role expand pos 15,22 tgt 23,21 want EAST
RC POS 9 id 10 seat 3 role raid fs 1 body 2 pos 14,18 stuck 0
RC POS 10 id 4 seat 0 role raid fs 1 body 1 pos 16,13 stuck 1
RC POS 10 id 6 seat 1 role expand fs 0 body 1 pos 11,19 stuck 0
RC WALK 10 id 6 role expand pos 11,19 tgt 14,16 want EAST
RC POS 10 id 8 seat 2 role expand fs 0 body 1 pos 16,22 stuck 0
RC WALK 10 id 8 role expand pos 16,22 tgt 23,21 want EAST
RC POS 10 id 10 seat 3 role raid fs 1 body 2 pos 14,13 stuck 0
RC WALK 10 id 10 role raid pos 14,13 tgt 15,13 want EAST
RC POS 11 id 4 seat 0 role raid fs 1 body 1 pos 16,7 stuck 0
RC POS 11 id 6 seat 1 role expand fs 0 body 1 pos 12,19 stuck 0
RC WALK 11 id 6 role expand pos 12,19 tgt 14,16 want EAST
RC POS 11 id 8 seat 2 role expand fs 0 body 1 pos 17,22 stuck 0
RC WALK 11 id 8 role expand pos 17,22 tgt 23,21 want EAST
RC POS 11 id 10 seat 3 role raid fs 1 body 2 pos 15,13 stuck 0
RC POS 12 id 4 seat 0 role raid fs 1 body 1 pos 16,7 stuck 1
RC POS 12 id 6 seat 1 role expand fs 0 body 1 pos 13,19 stuck 0
RC WALK 12 id 6 role expand pos 13,19 tgt 14,16 want EAST
RC POS 12 id 8 seat 2 role expand fs 0 body 1 pos 18,22 stuck 0
RC WALK 12 id 8 role expand pos 18,22 tgt 23,21 want EAST
RC POS 12 id 10 seat 3 role raid fs 1 body 2 pos 15,7 stuck 0
RC POS 13 id 4 seat 0 role raid fs 1 body 1 pos 15,1 stuck 0
RC POS 13 id 6 seat 1 role expand fs 0 body 1 pos 14,19 stuck 0
RC WALK 13 id 6 role expand pos 14,19 tgt 14,16 want NORTH
RC POS 13 id 8 seat 2 role expand fs 0 body 1 pos 19,22 stuck 0
RC WALK 13 id 8 role expand pos 19,22 tgt 22,21 want EAST
RC POS 13 id 10 seat 3 role raid fs 1 body 2 pos 15,6 stuck 0
RC POS 14 id 4 seat 0 role raid fs 1 body 1 pos 15,1 stuck 1
RC WALK 14 id 4 role raid pos 15,1 tgt 16,1 want EAST
RC POS 14 id 6 seat 1 role expand fs 0 body 1 pos 14,18 stuck 0
RC WALK 14 id 6 role expand pos 14,18 tgt 14,16 want NORTH
RC POS 14 id 8 seat 2 role expand fs 0 body 1 pos 20,22 stuck 0
RC WALK 14 id 8 role expand pos 20,22 tgt 22,21 want EAST
RC POS 14 id 10 seat 3 role raid fs 1 body 2 pos 13,3 stuck 0
RC POS 15 id 4 seat 0 role raid fs 1 body 1 pos 16,1 stuck 0
RC POS 15 id 6 seat 1 role expand fs 0 body 1 pos 14,17 stuck 0
RC WALK 15 id 6 role expand pos 14,17 tgt 14,16 want NORTH
RC POS 15 id 8 seat 2 role expand fs 0 body 1 pos 21,22 stuck 0
RC WALK 15 id 8 role expand pos 21,22 tgt 22,21 want EAST
RC POS 15 id 10 seat 3 role raid fs 1 body 2 pos 13,3 stuck 1
RC WALK 15 id 10 role raid pos 13,3 tgt 13,4 want SOUTH
RC SEAT 15 id 18 seat 4
RC POS 15 id 18 seat 4 role defend fs 0 body 1 pos 14,28 stuck 0
RC WALK 15 id 18 role defend pos 14,28 tgt 11,29 want WEST
RC POS 16 id 4 seat 0 role raid fs 1 body 1 pos 16,1 stuck 1
RC POS 16 id 6 seat 1 role expand fs 0 body 1 pos 14,16 stuck 0
V528 CONN r 16 id 6 at 14,15 chosen 10 best 10 regret 0 cands 5 role expand seat 1
RC POS 16 id 8 seat 2 role expand fs 0 body 1 pos 22,22 stuck 0
RC WALK 16 id 8 role expand pos 22,22 tgt 22,21 want NORTH
RC POS 16 id 10 seat 3 role raid fs 1 body 2 pos 13,4 stuck 0
RC POS 16 id 18 seat 4 role defend fs 0 body 1 pos 13,28 stuck 0
RC WALK 16 id 18 role defend pos 13,28 tgt 11,29 want WEST
RC POS 17 id 4 seat 0 role raid fs 1 body 1 pos 16,1 stuck 2
RC WALK 17 id 4 role raid pos 16,1 tgt 16,4 want EAST
RC POS 17 id 6 seat 1 role expand fs 0 body 1 pos 14,16 stuck 1
RC POS 17 id 8 seat 2 role expand fs 0 body 1 pos 22,21 stuck 0
V528 CONN r 17 id 8 at 23,21 chosen 12 best 12 regret 0 cands 5 role expand seat 2
RC POS 17 id 10 seat 3 role raid fs 1 body 2 pos 13,4 stuck 1
RC POS 17 id 18 seat 4 role defend fs 0 body 1 pos 12,28 stuck 0
RC WALK 17 id 18 role defend pos 12,28 tgt 11,29 want WEST
RC POS 18 id 4 seat 0 role raid fs 1 body 1 pos 17,1 stuck 0
RC WALK 18 id 4 role raid pos 17,1 tgt 16,1 want WEST
RC POS 18 id 6 seat 1 role expand fs 0 body 1 pos 14,16 stuck 2
RC POS 18 id 8 seat 2 role expand fs 0 body 1 pos 22,21 stuck 1
RC POS 18 id 10 seat 3 role raid fs 1 body 2 pos 13,4 stuck 2
RC WALK 18 id 10 role raid pos 13,4 tgt 16,4 want SOUTH
RC POS 18 id 18 seat 4 role defend fs 0 body 1 pos 11,28 stuck 0
RC WALK 18 id 18 role defend pos 11,28 tgt 11,29 want SOUTH
RC POS 19 id 4 seat 0 role raid fs 1 body 1 pos 16,1 stuck 0
RC POS 19 id 6 seat 1 role expand fs 0 body 1 pos 14,17 stuck 0
RC POS 19 id 8 seat 2 role expand fs 0 body 1 pos 22,21 stuck 2
RC POS 19 id 10 seat 3 role raid fs 1 body 2 pos 13,5 stuck 0
RC WALK 19 id 10 role raid pos 13,5 tgt 16,4 want EAST
RC POS 19 id 18 seat 4 role defend fs 0 body 1 pos 11,29 stuck 0
RC WALK 19 id 18 role defend pos 11,29 tgt 13,27 want EAST
RC POS 20 id 4 seat 0 role raid fs 1 body 1 pos 16,1 stuck 1
RC WALK 20 id 4 role raid pos 16,1 tgt 16,4 want EAST
RC POS 20 id 6 seat 1 role expand fs 0 body 1 pos 14,17 stuck 1
RC POS 20 id 8 seat 2 role expand fs 0 body 1 pos 21,21 stuck 0
RC POS 20 id 10 seat 3 role raid fs 1 body 2 pos 14,5 stuck 0
RC WALK 20 id 10 role raid pos 14,5 tgt 16,4 want EAST
RC POS 20 id 18 seat 4 role defend fs 0 body 1 pos 12,29 stuck 0
RC WALK 20 id 18 role defend pos 12,29 tgt 13,27 want NORTH
RC POS 21 id 4 seat 0 role raid fs 1 body 1 pos 17,1 stuck 0
RC WALK 21 id 4 role raid pos 17,1 tgt 17,3 want SOUTH
RC POS 21 id 6 seat 1 role expand fs 0 body 1 pos 14,17 stuck 2
RC WALK 21 id 6 role expand pos 14,17 tgt 14,19 want SOUTH
RC POS 21 id 8 seat 2 role expand fs 0 body 1 pos 21,21 stuck 1
RC POS 21 id 10 seat 3 role raid fs 1 body 2 pos 15,5 stuck 0
RC POS 21 id 18 seat 4 role defend fs 0 body 1 pos 12,28 stuck 0
RC WALK 21 id 18 role defend pos 12,28 tgt 13,27 want EAST
RC POS 22 id 4 seat 0 role raid fs 1 body 1 pos 17,2 stuck 0
RC WALK 22 id 4 role raid pos 17,2 tgt 17,3 want SOUTH
RC POS 22 id 6 seat 1 role expand fs 0 body 1 pos 14,18 stuck 0
RC POS 22 id 8 seat 2 role expand fs 0 body 1 pos 21,21 stuck 2
RC WALK 22 id 8 role expand pos 21,21 tgt 19,21 want WEST
RC POS 22 id 10 seat 3 role raid fs 1 body 2 pos 14,5 stuck 0
RC WALK 22 id 10 role raid pos 14,5 tgt 16,4 want EAST
RC POS 22 id 18 seat 4 role defend fs 0 body 1 pos 13,28 stuck 0
RC WALK 22 id 18 role defend pos 13,28 tgt 13,27 want NORTH
RC POS 23 id 4 seat 0 role raid fs 1 body 1 pos 17,3 stuck 0
RC POS 23 id 6 seat 1 role expand fs 0 body 1 pos 14,18 stuck 1
RC WALK 23 id 6 role expand pos 14,18 tgt 14,20 want SOUTH
RC POS 23 id 8 seat 2 role expand fs 0 body 1 pos 20,21 stuck 0
RC WALK 23 id 8 role expand pos 20,21 tgt 14,26 want WEST
RC POS 23 id 10 seat 3 role raid fs 1 body 2 pos 15,5 stuck 0
RC POS 24 id 4 seat 0 role raid fs 1 body 1 pos 17,3 stuck 1
RC POS 24 id 6 seat 1 role expand fs 0 body 1 pos 14,19 stuck 0
RC POS 24 id 8 seat 2 role expand fs 0 body 1 pos 19,21 stuck 0
RC WALK 24 id 8 role expand pos 19,21 tgt 14,26 want WEST
RC POS 24 id 10 seat 3 role raid fs 1 body 2 pos 14,5 stuck 0
RC WALK 24 id 10 role raid pos 14,5 tgt 16,4 want EAST
RC POS 25 id 4 seat 0 role raid fs 1 body 1 pos 17,3 stuck 2
RC WALK 25 id 4 role raid pos 17,3 tgt 16,4 want SOUTH
RC POS 25 id 6 seat 1 role expand fs 0 body 1 pos 14,19 stuck 1
RC POS 25 id 8 seat 2 role expand fs 0 body 1 pos 18,21 stuck 0
RC WALK 25 id 8 role expand pos 18,21 tgt 14,26 want SOUTH
RC POS 25 id 10 seat 3 role raid fs 1 body 2 pos 15,5 stuck 0
RC WALK 25 id 10 role raid pos 15,5 tgt 16,4 want EAST
RC POS 26 id 4 seat 0 role raid fs 1 body 1 pos 17,4 stuck 0
RC WALK 26 id 4 role raid pos 17,4 tgt 16,4 want WEST
RC POS 26 id 6 seat 1 role expand fs 0 body 1 pos 14,19 stuck 2
RC POS 26 id 8 seat 2 role expand fs 0 body 1 pos 18,22 stuck 0
RC WALK 26 id 8 role expand pos 18,22 tgt 15,25 want WEST
RC POS 26 id 10 seat 3 role raid fs 1 body 2 pos 16,5 stuck 0
RC WALK 26 id 10 role raid pos 16,5 tgt 16,1 want EAST
RC POS 27 id 4 seat 0 role raid fs 1 body 1 pos 16,4 stuck 0
RC POS 27 id 6 seat 1 role expand fs 0 body 1 pos 14,19 stuck 3
RC POS 27 id 8 seat 2 role expand fs 0 body 1 pos 17,22 stuck 0
RC WALK 27 id 8 role expand pos 17,22 tgt 15,25 want SOUTH
RC POS 27 id 10 seat 3 role raid fs 1 body 2 pos 17,5 stuck 0
RC WALK 27 id 10 role raid pos 17,5 tgt 16,1 want NORTH
RC POS 28 id 4 seat 0 role raid fs 1 body 1 pos 16,4 stuck 1
RC POS 28 id 6 seat 1 role expand fs 0 body 1 pos 14,19 stuck 4
RC POS 28 id 8 seat 2 role expand fs 0 body 1 pos 17,23 stuck 0
RC WALK 28 id 8 role expand pos 17,23 tgt 14,25 want WEST
RC POS 28 id 10 seat 3 role raid fs 1 body 2 pos 17,4 stuck 0
RC WALK 28 id 10 role raid pos 17,4 tgt 16,1 want NORTH
RC POS 29 id 4 seat 0 role raid fs 1 body 1 pos 16,4 stuck 2
RC WALK 29 id 4 role raid pos 16,4 tgt 16,1 want EAST
RC POS 29 id 6 seat 1 role expand fs 0 body 1 pos 14,19 stuck 5
RC POS 29 id 8 seat 2 role expand fs 0 body 1 pos 16,23 stuck 0
RC WALK 29 id 8 role expand pos 16,23 tgt 14,25 want WEST
RC POS 29 id 10 seat 3 role raid fs 1 body 2 pos 17,3 stuck 0
RC WALK 29 id 10 role raid pos 17,3 tgt 16,1 want NORTH
RC POS 30 id 4 seat 0 role raid fs 1 body 1 pos 17,4 stuck 0
RC WALK 30 id 4 role raid pos 17,4 tgt 16,1 want NORTH
RC POS 30 id 6 seat 1 role expand fs 0 body 1 pos 14,19 stuck 6
RC POS 30 id 8 seat 2 role expand fs 0 body 1 pos 15,23 stuck 0
RC WALK 30 id 8 role expand pos 15,23 tgt 14,25 want SOUTH
RC POS 30 id 10 seat 3 role raid fs 1 body 2 pos 17,2 stuck 0
RC WALK 30 id 10 role raid pos 17,2 tgt 16,1 want NORTH
RC POS 31 id 4 seat 0 role raid fs 1 body 1 pos 17,3 stuck 0
RC WALK 31 id 4 role raid pos 17,3 tgt 16,1 want NORTH
RC POS 31 id 6 seat 1 role expand fs 0 body 1 pos 14,19 stuck 7
RC POS 31 id 8 seat 2 role expand fs 0 body 1 pos 15,24 stuck 0
RC WALK 31 id 8 role expand pos 15,24 tgt 14,25 want WEST
RC POS 31 id 10 seat 3 role raid fs 1 body 2 pos 17,1 stuck 0
RC WALK 31 id 10 role raid pos 17,1 tgt 16,1 want WEST
RC POS 32 id 4 seat 0 role raid fs 1 body 1 pos 17,2 stuck 0
RC WALK 32 id 4 role raid pos 17,2 tgt 13,0 want EAST
RC POS 32 id 6 seat 1 role expand fs 0 body 1 pos 14,19 stuck 8
RC POS 32 id 8 seat 2 role expand fs 0 body 1 pos 14,24 stuck 0
RC WALK 32 id 8 role expand pos 14,24 tgt 19,21 want NORTH
RC POS 32 id 10 seat 3 role raid fs 1 body 2 pos 16,1 stuck 0
RC POS 32 id 18 seat 4 role defend fs 0 body 1 pos 13,27 stuck 9
RC WALK 32 id 18 role defend pos 13,27 tgt 15,24 want NORTH
RC POS 33 id 4 seat 0 role raid fs 1 body 1 pos 18,2 stuck 0
RC WALK 33 id 4 role raid pos 18,2 tgt 13,2 want WEST
RC POS 33 id 6 seat 1 role expand fs 0 body 1 pos 14,19 stuck 9
RC WALK 33 id 6 role expand pos 14,19 tgt 14,21 want SOUTH
RC POS 33 id 8 seat 2 role expand fs 0 body 1 pos 14,23 stuck 0
RC WALK 33 id 8 role expand pos 14,23 tgt 19,21 want EAST
RC POS 33 id 10 seat 3 role raid fs 1 body 2 pos 16,1 stuck 1
RC POS 33 id 18 seat 4 role defend fs 0 body 1 pos 13,26 stuck 0
RC WALK 33 id 18 role defend pos 13,26 tgt 14,24 want NORTH
RC POS 34 id 4 seat 0 role raid fs 1 body 1 pos 17,2 stuck 0
RC WALK 34 id 4 role raid pos 17,2 tgt 13,0 want EAST
RC POS 34 id 6 seat 1 role expand fs 0 body 1 pos 14,20 stuck 0
RC POS 34 id 8 seat 2 role expand fs 0 body 1 pos 15,23 stuck 0
RC WALK 34 id 8 role expand pos 15,23 tgt 19,21 want EAST
RC POS 34 id 10 seat 3 role raid fs 1 body 2 pos 16,1 stuck 2
RC POS 34 id 18 seat 4 role defend fs 0 body 1 pos 13,25 stuck 0
RC WALK 34 id 18 role defend pos 13,25 tgt 13,24 want CENTRE
RC POS 35 id 4 seat 0 role raid fs 1 body 1 pos 18,2 stuck 0
RC WALK 35 id 4 role raid pos 18,2 tgt 13,2 want WEST
RC POS 35 id 6 seat 1 role expand fs 0 body 1 pos 14,20 stuck 1
RC POS 35 id 8 seat 2 role expand fs 0 body 1 pos 16,23 stuck 0
RC WALK 35 id 8 role expand pos 16,23 tgt 19,21 want EAST
RC POS 35 id 10 seat 3 role raid fs 1 body 2 pos 16,1 stuck 3
RC POS 35 id 18 seat 4 role defend fs 0 body 1 pos 13,25 stuck 1
RC WALK 35 id 18 role defend pos 13,25 tgt 13,24 want CENTRE
RC POS 36 id 4 seat 0 role raid fs 1 body 1 pos 17,2 stuck 0
RC WALK 36 id 4 role raid pos 17,2 tgt 13,0 want EAST
RC POS 36 id 6 seat 1 role expand fs 0 body 1 pos 14,20 stuck 2
RC POS 36 id 8 seat 2 role expand fs 0 body 1 pos 17,23 stuck 0
RC WALK 36 id 8 role expand pos 17,23 tgt 19,21 want EAST
RC POS 36 id 10 seat 3 role raid fs 1 body 2 pos 16,1 stuck 4
RC POS 36 id 18 seat 4 role defend fs 0 body 1 pos 13,25 stuck 2
RC WALK 36 id 18 role defend pos 13,25 tgt 13,24 want CENTRE
RC POS 37 id 4 seat 0 role raid fs 1 body 1 pos 18,2 stuck 0
RC WALK 37 id 4 role raid pos 18,2 tgt 13,2 want WEST
RC POS 37 id 6 seat 1 role expand fs 0 body 1 pos 14,20 stuck 3
RC WALK 37 id 6 role expand pos 14,20 tgt 14,22 want SOUTH
RC POS 37 id 8 seat 2 role expand fs 0 body 1 pos 18,23 stuck 0
RC WALK 37 id 8 role expand pos 18,23 tgt 19,21 want NORTH
RC POS 37 id 10 seat 3 role raid fs 1 body 2 pos 16,1 stuck 5
RC WALK 37 id 10 role raid pos 16,1 tgt 17,4 want EAST
RC POS 37 id 18 seat 4 role defend fs 0 body 1 pos 13,25 stuck 3
RC WALK 37 id 18 role defend pos 13,25 tgt 12,24 want WEST
RC POS 38 id 4 seat 0 role raid fs 1 body 1 pos 17,2 stuck 0
RC WALK 38 id 4 role raid pos 17,2 tgt 17,4 want SOUTH
RC POS 38 id 6 seat 1 role expand fs 0 body 1 pos 14,21 stuck 0
RC POS 38 id 8 seat 2 role expand fs 0 body 1 pos 18,22 stuck 0
RC WALK 38 id 8 role expand pos 18,22 tgt 19,21 want EAST
RC POS 38 id 10 seat 3 role raid fs 1 body 2 pos 17,1 stuck 0
RC WALK 38 id 10 role raid pos 17,1 tgt 17,4 want EAST
RC POS 38 id 18 seat 4 role defend fs 0 body 1 pos 12,25 stuck 0
RC WALK 38 id 18 role defend pos 12,25 tgt 13,24 want EAST
RC POS 39 id 4 seat 0 role raid fs 1 body 1 pos 17,3 stuck 0
RC WALK 39 id 4 role raid pos 17,3 tgt 17,4 want SOUTH
RC POS 39 id 6 seat 1 role expand fs 0 body 1 pos 14,21 stuck 1
RC POS 39 id 8 seat 2 role expand fs 0 body 1 pos 19,22 stuck 0
RC POS 39 id 10 seat 3 role raid fs 1 body 2 pos 18,1 stuck 0
RC WALK 39 id 10 role raid pos 18,1 tgt 13,1 want SOUTH
RC POS 39 id 18 seat 4 role defend fs 0 body 1 pos 13,25 stuck 0
RC WALK 39 id 18 role defend pos 13,25 tgt 13,24 want NORTH
RC POS 40 id 4 seat 0 role raid fs 1 body 1 pos 17,4 stuck 0
RC POS 40 id 6 seat 1 role expand fs 0 body 1 pos 14,21 stuck 2
RC POS 40 id 8 seat 2 role expand fs 0 body 1 pos 19,22 stuck 1
RC POS 40 id 10 seat 3 role raid fs 1 body 2 pos 18,2 stuck 0
RC WALK 40 id 10 role raid pos 18,2 tgt 13,2 want SOUTH
RC POS 40 id 18 seat 4 role defend fs 0 body 1 pos 13,24 stuck 0
RC WALK 40 id 18 role defend pos 13,24 tgt 8,27 want WEST
RC POS 41 id 4 seat 0 role raid fs 1 body 1 pos 17,4 stuck 1
RC WALK 41 id 4 role raid pos 17,4 tgt 13,5 want SOUTH
RC POS 41 id 6 seat 1 role expand fs 0 body 1 pos 14,21 stuck 3
RC WALK 41 id 6 role expand pos 14,21 tgt 14,23 want SOUTH
RC POS 41 id 8 seat 2 role expand fs 0 body 1 pos 19,22 stuck 2
RC POS 41 id 10 seat 3 role raid fs 1 body 2 pos 18,3 stuck 0
RC WALK 41 id 10 role raid pos 18,3 tgt 13,3 want SOUTH
RC POS 41 id 18 seat 4 role defend fs 0 body 1 pos 12,24 stuck 0
RC WALK 41 id 18 role defend pos 12,24 tgt 8,27 want WEST
RC POS 42 id 4 seat 0 role raid fs 1 body 1 pos 17,5 stuck 0
RC WALK 42 id 4 role raid pos 17,5 tgt 14,1 want NORTH
RC POS 42 id 6 seat 1 role expand fs 0 body 1 pos 14,22 stuck 0
RC POS 42 id 8 seat 2 role expand fs 0 body 1 pos 19,22 stuck 3
RC POS 42 id 10 seat 3 role raid fs 1 body 2 pos 18,4 stuck 0
RC WALK 42 id 10 role raid pos 18,4 tgt 13,4 want SOUTH
RC POS 42 id 18 seat 4 role defend fs 0 body 1 pos 11,24 stuck 0
RC WALK 42 id 18 role defend pos 11,24 tgt 8,27 want WEST
RC POS 43 id 4 seat 0 role raid fs 1 body 1 pos 17,4 stuck 0
RC WALK 43 id 4 role raid pos 17,4 tgt 13,5 want SOUTH
RC POS 43 id 6 seat 1 role expand fs 0 body 1 pos 14,22 stuck 1
RC POS 43 id 8 seat 2 role expand fs 0 body 1 pos 19,22 stuck 4
RC POS 43 id 10 seat 3 role raid fs 1 body 2 pos 18,5 stuck 0
RC WALK 43 id 10 role raid pos 18,5 tgt 13,4 want SOUTH
RC POS 43 id 18 seat 4 role defend fs 0 body 1 pos 10,24 stuck 0
RC WALK 43 id 18 role defend pos 10,24 tgt 8,27 want SOUTH
RC POS 44 id 4 seat 0 role raid fs 1 body 1 pos 17,5 stuck 0
RC WALK 44 id 4 role raid pos 17,5 tgt 14,1 want NORTH
RC POS 44 id 6 seat 1 role expand fs 0 body 1 pos 14,22 stuck 2
RC POS 44 id 8 seat 2 role expand fs 0 body 1 pos 19,22 stuck 5
RC POS 44 id 10 seat 3 role raid fs 1 body 2 pos 18,6 stuck 0
RC WALK 44 id 10 role raid pos 18,6 tgt 13,4 want WEST
RC POS 44 id 18 seat 4 role defend fs 0 body 1 pos 10,25 stuck 0
RC WALK 44 id 18 role defend pos 10,25 tgt 8,27 want WEST
RC POS 45 id 4 seat 0 role raid fs 1 body 1 pos 17,4 stuck 0
RC WALK 45 id 4 role raid pos 17,4 tgt 13,5 want SOUTH
RC POS 45 id 6 seat 1 role expand fs 0 body 1 pos 14,22 stuck 3
RC WALK 45 id 6 role expand pos 14,22 tgt 14,24 want SOUTH
RC POS 45 id 8 seat 2 role expand fs 0 body 1 pos 19,22 stuck 6
RC POS 45 id 10 seat 3 role raid fs 1 body 2 pos 17,6 stuck 0
RC WALK 45 id 10 role raid pos 17,6 tgt 13,4 want WEST
RC POS 45 id 18 seat 4 role defend fs 0 body 1 pos 9,25 stuck 0
RC WALK 45 id 18 role defend pos 9,25 tgt 8,27 want SOUTH
RC POS 46 id 4 seat 0 role raid fs 1 body 1 pos 17,5 stuck 0
RC WALK 46 id 4 role raid pos 17,5 tgt 14,1 want NORTH
RC POS 46 id 6 seat 1 role expand fs 0 body 1 pos 14,23 stuck 0
RC POS 46 id 8 seat 2 role expand fs 0 body 1 pos 19,22 stuck 7
RC POS 46 id 10 seat 3 role raid fs 1 body 2 pos 16,6 stuck 0
RC WALK 46 id 10 role raid pos 16,6 tgt 16,1 want NORTH
RC POS 46 id 18 seat 4 role defend fs 0 body 1 pos 9,26 stuck 0
RC WALK 46 id 18 role defend pos 9,26 tgt 8,27 want WEST
RC POS 47 id 4 seat 0 role raid fs 1 body 1 pos 17,4 stuck 0
RC WALK 47 id 4 role raid pos 17,4 tgt 13,5 want SOUTH
RC POS 47 id 6 seat 1 role expand fs 0 body 1 pos 14,23 stuck 1
RC POS 47 id 8 seat 2 role expand fs 0 body 1 pos 19,22 stuck 8
RC POS 47 id 10 seat 3 role raid fs 1 body 2 pos 16,5 stuck 0
RC WALK 47 id 10 role raid pos 16,5 tgt 13,5 want WEST
RC POS 47 id 18 seat 4 role defend fs 0 body 1 pos 8,26 stuck 0
RC WALK 47 id 18 role defend pos 8,26 tgt 8,27 want SOUTH
RC POS 48 id 4 seat 0 role raid fs 1 body 1 pos 17,5 stuck 0
RC WALK 48 id 4 role raid pos 17,5 tgt 14,1 want NORTH
RC POS 48 id 6 seat 1 role expand fs 0 body 1 pos 14,23 stuck 2
RC POS 48 id 8 seat 2 role expand fs 0 body 1 pos 19,22 stuck 9
RC POS 48 id 10 seat 3 role raid fs 1 body 2 pos 15,5 stuck 0
RC WALK 48 id 10 role raid pos 15,5 tgt 13,5 want WEST
RC POS 48 id 18 seat 4 role defend fs 0 body 1 pos 8,27 stuck 0
RC WALK 48 id 18 role defend pos 8,27 tgt 8,24 want NORTH
RC POS 49 id 4 seat 0 role raid fs 1 body 1 pos 17,4 stuck 0
RC WALK 49 id 4 role raid pos 17,4 tgt 13,5 want SOUTH
RC POS 49 id 6 seat 1 role expand fs 0 body 1 pos 14,23 stuck 3
RC WALK 49 id 6 role expand pos 14,23 tgt 14,25 want SOUTH
RC POS 49 id 8 seat 2 role expand fs 0 body 1 pos 19,22 stuck 10
RC WALK 49 id 8 role expand pos 19,22 tgt 18,21 want WEST
RC POS 49 id 10 seat 3 role raid fs 1 body 2 pos 14,5 stuck 0
RC WALK 49 id 10 role raid pos 14,5 tgt 13,5 want WEST
RC POS 49 id 18 seat 4 role defend fs 0 body 1 pos 8,26 stuck 0
RC WALK 49 id 18 role defend pos 8,26 tgt 8,24 want NORTH
RC POS 50 id 4 seat 0 role raid fs 1 body 1 pos 17,5 stuck 0
RC WALK 50 id 4 role raid pos 17,5 tgt 14,1 want NORTH
RC POS 50 id 6 seat 1 role expand fs 0 body 1 pos 14,24 stuck 0
RC POS 50 id 8 seat 2 role expand fs 0 body 1 pos 18,22 stuck 0
RC POS 50 id 10 seat 3 role raid fs 1 body 2 pos 13,5 stuck 0
RC POS 50 id 18 seat 4 role defend fs 0 body 1 pos 8,25 stuck 0
RC WALK 50 id 18 role defend pos 8,25 tgt 8,24 want NORTH
RC POS 51 id 4 seat 0 role raid fs 1 body 1 pos 17,4 stuck 0
RC WALK 51 id 4 role raid pos 17,4 tgt 12,4 want SOUTH
RC POS 51 id 6 seat 1 role expand fs 0 body 1 pos 14,24 stuck 1
RC POS 51 id 8 seat 2 role expand fs 0 body 1 pos 18,22 stuck 1
RC POS 51 id 10 seat 3 role raid fs 1 body 2 pos 13,5 stuck 1
RC POS 51 id 18 seat 4 role defend fs 0 body 1 pos 8,24 stuck 0
RC WALK 51 id 18 role defend pos 8,24 tgt 7,21 want NORTH
RC POS 52 id 4 seat 0 role raid fs 1 body 1 pos 17,5 stuck 0
RC WALK 52 id 4 role raid pos 17,5 tgt 14,1 want NORTH
RC POS 52 id 6 seat 1 role expand fs 0 body 1 pos 14,24 stuck 2
RC POS 52 id 8 seat 2 role expand fs 0 body 1 pos 18,22 stuck 2
RC POS 52 id 10 seat 3 role raid fs 1 body 2 pos 13,5 stuck 2
RC POS 52 id 18 seat 4 role defend fs 0 body 1 pos 8,23 stuck 0
RC WALK 52 id 18 role defend pos 8,23 tgt 7,21 want NORTH
RC POS 53 id 4 seat 0 role raid fs 1 body 1 pos 17,4 stuck 0
RC WALK 53 id 4 role raid pos 17,4 tgt 12,4 want SOUTH
RC POS 53 id 6 seat 1 role expand fs 0 body 1 pos 14,24 stuck 3
RC WALK 53 id 6 role expand pos 14,24 tgt 14,25 want SOUTH
RC POS 53 id 8 seat 2 role expand fs 0 body 1 pos 18,22 stuck 3
RC WALK 53 id 8 role expand pos 18,22 tgt 17,21 want WEST
RC POS 53 id 10 seat 3 role raid fs 1 body 2 pos 13,5 stuck 3
RC POS 53 id 18 seat 4 role defend fs 0 body 1 pos 8,22 stuck 0
RC WALK 53 id 18 role defend pos 8,22 tgt 7,21 want WEST
RC POS 54 id 4 seat 0 role raid fs 1 body 1 pos 17,5 stuck 0
RC WALK 54 id 4 role raid pos 17,5 tgt 14,1 want NORTH
RC POS 54 id 6 seat 1 role expand fs 0 body 1 pos 14,25 stuck 0
V528 PICK r 54 id 6 tgt 14,15 cs 22 bs 22 reg 0 cc 4 bc 4 cands 6 banned 0 regall 0 seat 1
RC WALK 54 id 6 role expand pos 14,25 tgt 14,15 want NORTH
RC POS 54 id 8 seat 2 role expand fs 0 body 1 pos 17,22 stuck 0
RC POS 54 id 10 seat 3 role raid fs 1 body 2 pos 13,5 stuck 4
RC POS 54 id 18 seat 4 role defend fs 0 body 1 pos 7,22 stuck 0
RC WALK 54 id 18 role defend pos 7,22 tgt 7,21 want NORTH
RC POS 55 id 4 seat 0 role raid fs 1 body 1 pos 17,4 stuck 0
RC WALK 55 id 4 role raid pos 17,4 tgt 12,4 want SOUTH
RC POS 55 id 6 seat 1 role expand fs 0 body 1 pos 14,24 stuck 0
RC WALK 55 id 6 role expand pos 14,24 tgt 14,15 want NORTH
RC POS 55 id 8 seat 2 role expand fs 0 body 1 pos 17,22 stuck 1
RC WALK 55 id 8 role expand pos 17,22 tgt 16,21 want WEST
RC POS 55 id 10 seat 3 role raid fs 1 body 2 pos 13,5 stuck 5
RC POS 55 id 18 seat 4 role defend fs 0 body 1 pos 7,21 stuck 0
RC WALK 55 id 18 role defend pos 7,21 tgt 6,21 want WEST
RC POS 56 id 4 seat 0 role raid fs 1 body 1 pos 17,5 stuck 0
RC WALK 56 id 4 role raid pos 17,5 tgt 14,1 want NORTH
RC POS 56 id 6 seat 1 role expand fs 0 body 1 pos 14,23 stuck 0
RC WALK 56 id 6 role expand pos 14,23 tgt 14,15 want NORTH
RC POS 56 id 8 seat 2 role expand fs 0 body 1 pos 16,22 stuck 0
RC POS 56 id 10 seat 3 role raid fs 1 body 2 pos 13,5 stuck 6
RC WALK 56 id 10 role raid pos 13,5 tgt 13,0 want WEST
RC POS 56 id 18 seat 4 role defend fs 0 body 1 pos 6,21 stuck 0
RC WALK 56 id 18 role defend pos 6,21 tgt 7,21 want EAST
RC POS 57 id 4 seat 0 role raid fs 1 body 1 pos 17,4 stuck 0
RC WALK 57 id 4 role raid pos 17,4 tgt 13,0 want SOUTH
RC POS 57 id 6 seat 1 role expand fs 0 body 1 pos 14,22 stuck 0
RC WALK 57 id 6 role expand pos 14,22 tgt 14,15 want NORTH
RC POS 57 id 8 seat 2 role expand fs 0 body 1 pos 16,22 stuck 1
RC POS 57 id 10 seat 3 role raid fs 1 body 2 pos 12,5 stuck 0
RC WALK 57 id 10 role raid pos 12,5 tgt 12,1 want WEST
RC POS 57 id 18 seat 4 role defend fs 0 body 1 pos 7,21 stuck 0
RC WALK 57 id 18 role defend pos 7,21 tgt 6,21 want WEST
RC POS 58 id 4 seat 0 role raid fs 1 body 1 pos 17,5 stuck 0
RC WALK 58 id 4 role raid pos 17,5 tgt 14,1 want NORTH
RC POS 58 id 6 seat 1 role expand fs 0 body 1 pos 14,21 stuck 0
RC WALK 58 id 6 role expand pos 14,21 tgt 14,15 want NORTH
RC POS 58 id 8 seat 2 role expand fs 0 body 1 pos 16,23 stuck 0
RC POS 58 id 10 seat 3 role raid fs 1 body 2 pos 11,5 stuck 0
RC WALK 58 id 10 role raid pos 11,5 tgt 12,1 want NORTH
RC POS 58 id 18 seat 4 role defend fs 0 body 1 pos 6,21 stuck 0
RC WALK 58 id 18 role defend pos 6,21 tgt 7,21 want EAST
RC POS 59 id 4 seat 0 role raid fs 1 body 1 pos 17,4 stuck 0
RC WALK 59 id 4 role raid pos 17,4 tgt 13,0 want SOUTH
RC POS 59 id 6 seat 1 role expand fs 0 body 1 pos 14,20 stuck 0
RC WALK 59 id 6 role expand pos 14,20 tgt 14,15 want NORTH
RC POS 59 id 8 seat 2 role expand fs 0 body 1 pos 16,23 stuck 1
RC POS 59 id 10 seat 3 role raid fs 1 body 2 pos 11,4 stuck 0
RC WALK 59 id 10 role raid pos 11,4 tgt 12,1 want NORTH
RC POS 59 id 18 seat 4 role defend fs 0 body 1 pos 7,21 stuck 0
RC WALK 59 id 18 role defend pos 7,21 tgt 6,21 want WEST
RC POS 60 id 4 seat 0 role raid fs 1 body 1 pos 17,5 stuck 0
RC WALK 60 id 4 role raid pos 17,5 tgt 14,1 want NORTH
RC POS 60 id 6 seat 1 role expand fs 0 body 1 pos 14,19 stuck 0
RC WALK 60 id 6 role expand pos 14,19 tgt 14,16 want NORTH
RC POS 60 id 8 seat 2 role expand fs 0 body 1 pos 16,24 stuck 0
RC POS 60 id 10 seat 3 role raid fs 1 body 2 pos 11,3 stuck 0
RC WALK 60 id 10 role raid pos 11,3 tgt 12,1 want NORTH
RC POS 60 id 18 seat 4 role defend fs 0 body 1 pos 6,21 stuck 0
RC WALK 60 id 18 role defend pos 6,21 tgt 7,21 want EAST
RC POS 61 id 4 seat 0 role raid fs 1 body 1 pos 17,4 stuck 0
RC WALK 61 id 4 role raid pos 17,4 tgt 13,0 want SOUTH
RC POS 61 id 6 seat 1 role expand fs 0 body 1 pos 14,18 stuck 0
RC WALK 61 id 6 role expand pos 14,18 tgt 14,16 want NORTH
RC POS 61 id 8 seat 2 role expand fs 0 body 1 pos 16,24 stuck 1
RC POS 61 id 10 seat 3 role raid fs 1 body 2 pos 11,2 stuck 0
RC WALK 61 id 10 role raid pos 11,2 tgt 12,1 want EAST
RC POS 61 id 18 seat 4 role defend fs 0 body 1 pos 7,21 stuck 0
RC WALK 61 id 18 role defend pos 7,21 tgt 6,21 want WEST
RC POS 62 id 4 seat 0 role raid fs 1 body 1 pos 17,5 stuck 0
RC WALK 62 id 4 role raid pos 17,5 tgt 14,1 want NORTH
RC POS 62 id 6 seat 1 role expand fs 0 body 1 pos 14,17 stuck 0
RC WALK 62 id 6 role expand pos 14,17 tgt 14,16 want NORTH
RC POS 62 id 8 seat 2 role expand fs 0 body 1 pos 16,25 stuck 0
RC POS 62 id 10 seat 3 role raid fs 1 body 2 pos 12,2 stuck 0
RC WALK 62 id 10 role raid pos 12,2 tgt 12,1 want NORTH
RC POS 62 id 18 seat 4 role defend fs 0 body 1 pos 6,21 stuck 0
RC WALK 62 id 18 role defend pos 6,21 tgt 7,21 want EAST
RC POS 63 id 4 seat 0 role raid fs 1 body 1 pos 17,4 stuck 0
RC WALK 63 id 4 role raid pos 17,4 tgt 13,0 want SOUTH
RC POS 63 id 6 seat 1 role expand fs 0 body 1 pos 14,16 stuck 0
V528 PICK r 63 id 6 tgt 14,14 cs 11 bs 11 reg 0 cc 3 bc 3 cands 5 banned 0 regall 0 seat 1
RC WALK 63 id 6 role expand pos 14,16 tgt 13,14 want WEST
RC POS 63 id 8 seat 2 role expand fs 0 body 1 pos 16,25 stuck 1
RC POS 63 id 10 seat 3 role raid fs 1 body 2 pos 12,1 stuck 0
RC POS 63 id 18 seat 4 role defend fs 0 body 1 pos 7,21 stuck 0
RC WALK 63 id 18 role defend pos 7,21 tgt 6,21 want WEST
RC POS 64 id 4 seat 0 role raid fs 1 body 1 pos 17,5 stuck 0
RC WALK 64 id 4 role raid pos 17,5 tgt 14,1 want NORTH
RC POS 64 id 6 seat 1 role expand fs 0 body 1 pos 13,16 stuck 0
RC WALK 64 id 6 role expand pos 13,16 tgt 13,14 want NORTH
RC POS 64 id 8 seat 2 role expand fs 0 body 1 pos 16,24 stuck 0
RC POS 64 id 10 seat 3 role raid fs 1 body 2 pos 12,1 stuck 1
RC WALK 64 id 10 role raid pos 12,1 tgt 17,4 want WEST
RC POS 64 id 18 seat 4 role defend fs 0 body 1 pos 6,21 stuck 0
RC WALK 64 id 18 role defend pos 6,21 tgt 7,21 want EAST
RC POS 65 id 4 seat 0 role raid fs 1 body 1 pos 17,4 stuck 0
RC WALK 65 id 4 role raid pos 17,4 tgt 13,0 want SOUTH
RC POS 65 id 6 seat 1 role expand fs 0 body 1 pos 13,15 stuck 0
RC WALK 65 id 6 role expand pos 13,15 tgt 13,14 want NORTH
RC POS 65 id 8 seat 2 role expand fs 0 body 1 pos 16,24 stuck 1
RC WALK 65 id 8 role expand pos 16,24 tgt 16,26 want SOUTH
RC POS 65 id 10 seat 3 role raid fs 1 body 2 pos 11,1 stuck 0
RC WALK 65 id 10 role raid pos 11,1 tgt 16,1 want EAST
RC POS 65 id 18 seat 4 role defend fs 0 body 1 pos 7,21 stuck 0
RC WALK 65 id 18 role defend pos 7,21 tgt 6,21 want WEST
RC POS 66 id 4 seat 0 role raid fs 1 body 1 pos 17,5 stuck 0
RC WALK 66 id 4 role raid pos 17,5 tgt 14,1 want NORTH
RC POS 66 id 6 seat 1 role expand fs 0 body 1 pos 13,14 stuck 0
V528 PICK r 66 id 6 tgt 14,14 cs 10 bs 10 reg 0 cc 3 bc 3 cands 5 banned 0 regall 0 seat 1
RC WALK 66 id 6 role expand pos 13,14 tgt 14,14 want EAST
RC POS 66 id 8 seat 2 role expand fs 0 body 1 pos 16,25 stuck 0
RC WALK 66 id 8 role expand pos 16,25 tgt 16,26 want CENTRE
RC POS 66 id 10 seat 3 role raid fs 1 body 2 pos 12,1 stuck 0
RC WALK 66 id 10 role raid pos 12,1 tgt 17,4 want WEST
RC POS 66 id 18 seat 4 role defend fs 0 body 1 pos 6,21 stuck 0
RC WALK 66 id 18 role defend pos 6,21 tgt 7,21 want EAST
RC POS 67 id 4 seat 0 role raid fs 1 body 1 pos 17,4 stuck 0
RC WALK 67 id 4 role raid pos 17,4 tgt 13,0 want SOUTH
RC POS 67 id 6 seat 1 role expand fs 0 body 1 pos 14,14 stuck 0
V528 PICK r 67 id 6 tgt 14,14 cs 9 bs 9 reg 0 cc 3 bc 3 cands 5 banned 0 regall 0 seat 1
RC WALK 67 id 6 role expand pos 14,14 tgt 16,14 want EAST
RC POS 67 id 8 seat 2 role expand fs 0 body 1 pos 16,25 stuck 1
RC WALK 67 id 8 role expand pos 16,25 tgt 16,26 want CENTRE
RC POS 67 id 10 seat 3 role raid fs 1 body 2 pos 11,1 stuck 0
RC WALK 67 id 10 role raid pos 11,1 tgt 16,1 want EAST
RC POS 67 id 18 seat 4 role defend fs 0 body 1 pos 7,21 stuck 0
RC WALK 67 id 18 role defend pos 7,21 tgt 6,21 want WEST
RC POS 68 id 4 seat 0 role raid fs 1 body 1 pos 17,5 stuck 0
RC WALK 68 id 4 role raid pos 17,5 tgt 14,1 want NORTH
RC POS 68 id 6 seat 1 role expand fs 0 body 1 pos 15,14 stuck 0
RC WALK 68 id 6 role expand pos 15,14 tgt 15,16 want SOUTH
RC POS 68 id 8 seat 2 role expand fs 0 body 1 pos 16,25 stuck 2
RC WALK 68 id 8 role expand pos 16,25 tgt 16,26 want CENTRE
RC POS 68 id 10 seat 3 role raid fs 1 body 2 pos 12,1 stuck 0
RC WALK 68 id 10 role raid pos 12,1 tgt 17,4 want WEST
RC POS 68 id 18 seat 4 role defend fs 0 body 1 pos 6,21 stuck 0
RC WALK 68 id 18 role defend pos 6,21 tgt 7,21 want EAST
RC POS 69 id 4 seat 0 role raid fs 1 body 1 pos 17,4 stuck 0
RC WALK 69 id 4 role raid pos 17,4 tgt 13,0 want SOUTH
RC POS 69 id 6 seat 1 role expand fs 0 body 1 pos 15,15 stuck 0
RC WALK 69 id 6 role expand pos 15,15 tgt 13,14 want NORTH
RC POS 69 id 8 seat 2 role expand fs 0 body 1 pos 16,25 stuck 3
RC WALK 69 id 8 role expand pos 16,25 tgt 16,26 want CENTRE
RC POS 69 id 10 seat 3 role raid fs 1 body 2 pos 11,1 stuck 0
RC WALK 69 id 10 role raid pos 11,1 tgt 16,1 want SOUTH
RC POS 69 id 18 seat 4 role defend fs 0 body 1 pos 7,21 stuck 0
RC WALK 69 id 18 role defend pos 7,21 tgt 6,21 want WEST
RC POS 70 id 4 seat 0 role raid fs 1 body 1 pos 17,5 stuck 0
RC WALK 70 id 4 role raid pos 17,5 tgt 14,1 want NORTH
RC POS 70 id 6 seat 1 role expand fs 0 body 1 pos 15,14 stuck 0
RC WALK 70 id 6 role expand pos 15,14 tgt 13,14 want WEST
RC POS 70 id 8 seat 2 role expand fs 0 body 1 pos 16,25 stuck 4
RC WALK 70 id 8 role expand pos 16,25 tgt 16,26 want CENTRE
RC POS 70 id 10 seat 3 role raid fs 1 body 2 pos 11,2 stuck 0
RC WALK 70 id 10 role raid pos 11,2 tgt 16,2 want EAST
RC POS 70 id 18 seat 4 role defend fs 0 body 1 pos 6,21 stuck 0
RC WALK 70 id 18 role defend pos 6,21 tgt 7,21 want EAST
RC POS 71 id 4 seat 0 role raid fs 1 body 1 pos 17,4 stuck 0
RC WALK 71 id 4 role raid pos 17,4 tgt 13,0 want SOUTH
RC POS 71 id 6 seat 1 role expand fs 0 body 1 pos 14,14 stuck 0
RC WALK 71 id 6 role expand pos 14,14 tgt 15,16 want WEST
RC POS 71 id 8 seat 2 role expand fs 0 body 1 pos 16,25 stuck 5
V528 PICK r 71 id 8 tgt 23,21 cs 26 bs 26 reg 0 cc 5 bc 5 cands 6 banned 0 regall 0 seat 2
RC WALK 71 id 8 role expand pos 16,25 tgt 23,21 want EAST
RC POS 71 id 10 seat 3 role raid fs 1 body 2 pos 12,2 stuck 0
RC POS 71 id 18 seat 4 role defend fs 0 body 1 pos 7,21 stuck 0
RC WALK 71 id 18 role defend pos 7,21 tgt 6,21 want WEST
RC POS 72 id 4 seat 0 role raid fs 1 body 1 pos 17,5 stuck 0
RC WALK 72 id 4 role raid pos 17,5 tgt 14,1 want NORTH
RC POS 72 id 6 seat 1 role expand fs 0 body 1 pos 13,14 stuck 0
RC WALK 72 id 6 role expand pos 13,14 tgt 14,14 want EAST
RC POS 72 id 8 seat 2 role expand fs 0 body 1 pos 17,25 stuck 0
RC WALK 72 id 8 role expand pos 17,25 tgt 23,21 want EAST
RC POS 72 id 10 seat 3 role raid fs 1 body 2 pos 12,2 stuck 1
RC WALK 72 id 10 role raid pos 12,2 tgt 16,1 want WEST
RC POS 72 id 18 seat 4 role defend fs 0 body 1 pos 6,21 stuck 0
RC WALK 72 id 18 role defend pos 6,21 tgt 7,21 want EAST
RC POS 73 id 4 seat 0 role raid fs 1 body 1 pos 17,4 stuck 0
RC WALK 73 id 4 role raid pos 17,4 tgt 13,0 want SOUTH
RC POS 73 id 6 seat 1 role expand fs 0 body 1 pos 14,14 stuck 0
V528 PICK r 73 id 6 tgt 14,14 cs 15 bs 15 reg 0 cc 5 bc 5 cands 5 banned 0 regall 0 seat 1
RC WALK 73 id 6 role expand pos 14,14 tgt 16,14 want EAST
RC POS 73 id 8 seat 2 role expand fs 0 body 1 pos 18,25 stuck 0
RC WALK 73 id 8 role expand pos 18,25 tgt 23,21 want EAST
RC POS 73 id 10 seat 3 role raid fs 1 body 2 pos 11,2 stuck 0
RC WALK 73 id 10 role raid pos 11,2 tgt 16,2 want SOUTH
RC POS 73 id 18 seat 4 role defend fs 0 body 1 pos 7,21 stuck 0
RC WALK 73 id 18 role defend pos 7,21 tgt 6,21 want WEST
RC POS 74 id 4 seat 0 role raid fs 1 body 1 pos 17,5 stuck 0
RC WALK 74 id 4 role raid pos 17,5 tgt 14,1 want NORTH
RC POS 74 id 6 seat 1 role expand fs 0 body 1 pos 15,14 stuck 0
RC WALK 74 id 6 role expand pos 15,14 tgt 15,15 want SOUTH
RC POS 74 id 8 seat 2 role expand fs 0 body 1 pos 19,25 stuck 0
RC WALK 74 id 8 role expand pos 19,25 tgt 23,21 want EAST
RC POS 74 id 10 seat 3 role raid fs 1 body 2 pos 11,3 stuck 0
RC WALK 74 id 10 role raid pos 11,3 tgt 16,3 want SOUTH
RC POS 74 id 18 seat 4 role defend fs 0 body 1 pos 6,21 stuck 0
RC WALK 74 id 18 role defend pos 6,21 tgt 7,21 want EAST
RC POS 75 id 4 seat 0 role raid fs 1 body 1 pos 17,4 stuck 0
RC WALK 75 id 4 role raid pos 17,4 tgt 13,0 want SOUTH
RC POS 75 id 6 seat 1 role expand fs 0 body 1 pos 15,15 stuck 0
V528 PICK r 75 id 6 tgt 14,14 cs 17 bs 17 reg 0 cc 5 bc 5 cands 5 banned 0 regall 0 seat 1
RC WALK 75 id 6 role expand pos 15,15 tgt 13,14 want NORTH
RC POS 75 id 8 seat 2 role expand fs 0 body 1 pos 20,25 stuck 0
RC WALK 75 id 8 role expand pos 20,25 tgt 23,21 want NORTH
RC POS 75 id 10 seat 3 role raid fs 1 body 2 pos 11,4 stuck 0
RC WALK 75 id 10 role raid pos 11,4 tgt 16,4 want EAST
RC POS 75 id 18 seat 4 role defend fs 0 body 1 pos 7,21 stuck 0
RC WALK 75 id 18 role defend pos 7,21 tgt 6,21 want WEST
RC POS 76 id 4 seat 0 role raid fs 1 body 1 pos 17,5 stuck 0
RC WALK 76 id 4 role raid pos 17,5 tgt 14,1 want NORTH
RC POS 76 id 6 seat 1 role expand fs 0 body 1 pos 15,14 stuck 0
RC WALK 76 id 6 role expand pos 15,14 tgt 13,14 want WEST
RC POS 76 id 8 seat 2 role expand fs 0 body 1 pos 20,24 stuck 0
RC WALK 76 id 8 role expand pos 20,24 tgt 22,21 want NORTH
RC POS 76 id 10 seat 3 role raid fs 1 body 2 pos 12,4 stuck 0
RC WALK 76 id 10 role raid pos 12,4 tgt 16,1 want SOUTH
RC POS 76 id 18 seat 4 role defend fs 0 body 1 pos 6,21 stuck 0
RC WALK 76 id 18 role defend pos 6,21 tgt 7,21 want EAST
RC POS 77 id 4 seat 0 role raid fs 1 body 1 pos 17,4 stuck 0
RC WALK 77 id 4 role raid pos 17,4 tgt 16,1 want NORTH
RC POS 77 id 6 seat 1 role expand fs 0 body 1 pos 14,14 stuck 0
RC WALK 77 id 6 role expand pos 14,14 tgt 15,16 want WEST
RC POS 77 id 8 seat 2 role expand fs 0 body 1 pos 20,23 stuck 0
RC WALK 77 id 8 role expand pos 20,23 tgt 22,21 want EAST
RC POS 77 id 10 seat 3 role raid fs 1 body 2 pos 12,5 stuck 0
RC WALK 77 id 10 role raid pos 12,5 tgt 15,0 want NORTH
RC POS 77 id 18 seat 4 role defend fs 0 body 1 pos 7,21 stuck 0
RC WALK 77 id 18 role defend pos 7,21 tgt 6,21 want WEST
RC POS 78 id 4 seat 0 role raid fs 1 body 1 pos 17,3 stuck 0
RC WALK 78 id 4 role raid pos 17,3 tgt 16,1 want NORTH
RC POS 78 id 6 seat 1 role expand fs 0 body 1 pos 13,14 stuck 0
RC WALK 78 id 6 role expand pos 13,14 tgt 14,14 want EAST
RC POS 78 id 8 seat 2 role expand fs 0 body 1 pos 21,23 stuck 0
RC WALK 78 id 8 role expand pos 21,23 tgt 22,21 want NORTH
RC POS 78 id 10 seat 3 role raid fs 1 body 2 pos 12,4 stuck 0
RC WALK 78 id 10 role raid pos 12,4 tgt 15,0 want WEST
RC POS 78 id 18 seat 4 role defend fs 0 body 1 pos 6,21 stuck 0
RC WALK 78 id 18 role defend pos 6,21 tgt 7,21 want EAST
RC POS 79 id 4 seat 0 role raid fs 1 body 1 pos 17,2 stuck 0
RC WALK 79 id 4 role raid pos 17,2 tgt 16,1 want NORTH
RC POS 79 id 6 seat 1 role expand fs 0 body 1 pos 14,14 stuck 0
V528 PICK r 79 id 6 tgt 14,14 cs 15 bs 15 reg 0 cc 5 bc 5 cands 5 banned 0 regall 0 seat 1
RC WALK 79 id 6 role expand pos 14,14 tgt 13,14 want WEST
RC POS 79 id 8 seat 2 role expand fs 0 body 1 pos 21,22 stuck 0
RC WALK 79 id 8 role expand pos 21,22 tgt 22,21 want EAST
RC POS 79 id 10 seat 3 role raid fs 1 body 2 pos 11,4 stuck 0
RC WALK 79 id 10 role raid pos 11,4 tgt 16,4 want EAST
RC POS 79 id 18 seat 4 role defend fs 0 body 1 pos 7,21 stuck 0
RC WALK 79 id 18 role defend pos 7,21 tgt 6,21 want WEST
RC POS 80 id 4 seat 0 role raid fs 1 body 1 pos 17,1 stuck 0
RC WALK 80 id 4 role raid pos 17,1 tgt 16,1 want WEST
RC POS 80 id 6 seat 1 role expand fs 0 body 1 pos 13,14 stuck 0
V528 PICK r 80 id 6 tgt 14,14 cs 16 bs 16 reg 0 cc 5 bc 5 cands 5 banned 0 regall 0 seat 1
RC WALK 80 id 6 role expand pos 13,14 tgt 14,14 want EAST
RC POS 80 id 8 seat 2 role expand fs 0 body 1 pos 22,22 stuck 0
RC WALK 80 id 8 role expand pos 22,22 tgt 22,21 want NORTH
RC POS 80 id 10 seat 3 role raid fs 1 body 2 pos 12,4 stuck 0
RC WALK 80 id 10 role raid pos 12,4 tgt 15,0 want WEST
RC POS 80 id 18 seat 4 role defend fs 0 body 1 pos 6,21 stuck 0
RC WALK 80 id 18 role defend pos 6,21 tgt 7,21 want EAST
RC POS 81 id 4 seat 0 role raid fs 1 body 1 pos 16,1 stuck 0
RC POS 81 id 6 seat 1 role expand fs 0 body 1 pos 14,14 stuck 0
V528 PICK r 81 id 6 tgt 14,14 cs 15 bs 15 reg 0 cc 5 bc 5 cands 5 banned 0 regall 0 seat 1
RC WALK 81 id 6 role expand pos 14,14 tgt 16,14 want EAST
RC POS 81 id 8 seat 2 role expand fs 0 body 1 pos 22,21 stuck 0
V528 PICK r 81 id 8 tgt 20,14 cs 33 bs 33 reg 0 cc 8 bc 8 cands 5 banned 0 regall 0 seat 2
RC WALK 81 id 8 role expand pos 22,21 tgt 20,14 want NORTH
RC POS 81 id 10 seat 3 role raid fs 1 body 2 pos 11,4 stuck 0
RC WALK 81 id 10 role raid pos 11,4 tgt 16,4 want EAST
RC POS 81 id 18 seat 4 role defend fs 0 body 1 pos 7,21 stuck 0
RC WALK 81 id 18 role defend pos 7,21 tgt 6,21 want WEST
RC POS 82 id 4 seat 0 role raid fs 1 body 1 pos 16,1 stuck 1
RC POS 82 id 6 seat 1 role expand fs 0 body 1 pos 15,14 stuck 0
RC WALK 82 id 6 role expand pos 15,14 tgt 15,15 want SOUTH
RC POS 82 id 8 seat 2 role expand fs 0 body 1 pos 22,20 stuck 0
RC WALK 82 id 8 role expand pos 22,20 tgt 20,14 want NORTH
RC POS 82 id 10 seat 3 role raid fs 1 body 2 pos 12,4 stuck 0
RC WALK 82 id 10 role raid pos 12,4 tgt 16,1 want SOUTH
RC POS 82 id 18 seat 4 role defend fs 0 body 1 pos 6,21 stuck 0
RC WALK 82 id 18 role defend pos 6,21 tgt 7,21 want EAST
RC POS 83 id 4 seat 0 role raid fs 1 body 1 pos 16,1 stuck 2
RC POS 83 id 6 seat 1 role expand fs 0 body 1 pos 15,15 stuck 0
V528 PICK r 83 id 6 tgt 14,14 cs 17 bs 17 reg 0 cc 5 bc 5 cands 5 banned 0 regall 0 seat 1
RC WALK 83 id 6 role expand pos 15,15 tgt 13,14 want NORTH
RC POS 83 id 8 seat 2 role expand fs 0 body 1 pos 22,19 stuck 0
RC WALK 83 id 8 role expand pos 22,19 tgt 20,14 want NORTH
RC POS 83 id 10 seat 3 role raid fs 1 body 2 pos 12,5 stuck 0
RC WALK 83 id 10 role raid pos 12,5 tgt 15,0 want NORTH
RC POS 83 id 18 seat 4 role defend fs 0 body 1 pos 7,21 stuck 0
RC WALK 83 id 18 role defend pos 7,21 tgt 6,21 want WEST
RC POS 84 id 4 seat 0 role raid fs 1 body 1 pos 16,1 stuck 3
RC POS 84 id 6 seat 1 role expand fs 0 body 1 pos 15,14 stuck 0
RC WALK 84 id 6 role expand pos 15,14 tgt 13,14 want WEST
RC POS 84 id 8 seat 2 role expand fs 0 body 1 pos 22,18 stuck 0
RC WALK 84 id 8 role expand pos 22,18 tgt 20,14 want NORTH
RC POS 84 id 10 seat 3 role raid fs 1 body 2 pos 12,4 stuck 0
RC WALK 84 id 10 role raid pos 12,4 tgt 16,1 want SOUTH
RC POS 84 id 18 seat 4 role defend fs 0 body 1 pos 6,21 stuck 0
RC WALK 84 id 18 role defend pos 6,21 tgt 7,21 want EAST
RC POS 85 id 4 seat 0 role raid fs 1 body 1 pos 16,1 stuck 4
RC POS 85 id 6 seat 1 role expand fs 0 body 1 pos 14,14 stuck 0
RC WALK 85 id 6 role expand pos 14,14 tgt 15,16 want WEST
RC POS 85 id 8 seat 2 role expand fs 0 body 1 pos 22,17 stuck 0
RC WALK 85 id 8 role expand pos 22,17 tgt 19,14 want WEST
RC POS 85 id 10 seat 3 role raid fs 1 body 2 pos 12,5 stuck 0
RC WALK 85 id 10 role raid pos 12,5 tgt 15,0 want NORTH
RC POS 85 id 18 seat 4 role defend fs 0 body 1 pos 7,21 stuck 0
RC WALK 85 id 18 role defend pos 7,21 tgt 6,21 want WEST
RC POS 86 id 4 seat 0 role raid fs 1 body 1 pos 16,1 stuck 5
RC POS 86 id 6 seat 1 role expand fs 0 body 1 pos 13,14 stuck 0
RC WALK 86 id 6 role expand pos 13,14 tgt 14,14 want EAST
RC POS 86 id 8 seat 2 role expand fs 0 body 1 pos 21,17 stuck 0
RC WALK 86 id 8 role expand pos 21,17 tgt 19,14 want NORTH
RC POS 86 id 10 seat 3 role raid fs 1 body 2 pos 12,4 stuck 0
RC WALK 86 id 10 role raid pos 12,4 tgt 16,1 want SOUTH
RC POS 86 id 18 seat 4 role defend fs 0 body 1 pos 6,21 stuck 0
RC WALK 86 id 18 role defend pos 6,21 tgt 7,21 want EAST
RC POS 87 id 4 seat 0 role raid fs 1 body 1 pos 16,1 stuck 6
RC POS 87 id 6 seat 1 role expand fs 0 body 1 pos 14,14 stuck 0
V528 PICK r 87 id 6 tgt 14,14 cs 9 bs 9 reg 0 cc 3 bc 3 cands 5 banned 0 regall 0 seat 1
RC WALK 87 id 6 role expand pos 14,14 tgt 13,14 want WEST
RC POS 87 id 8 seat 2 role expand fs 0 body 1 pos 21,16 stuck 0
RC WALK 87 id 8 role expand pos 21,16 tgt 19,15 want WEST
RC POS 87 id 10 seat 3 role raid fs 1 body 2 pos 12,5 stuck 0
RC WALK 87 id 10 role raid pos 12,5 tgt 15,0 want NORTH
RC POS 87 id 18 seat 4 role defend fs 0 body 1 pos 7,21 stuck 0
RC WALK 87 id 18 role defend pos 7,21 tgt 6,21 want WEST
RC POS 88 id 4 seat 0 role raid fs 1 body 1 pos 16,1 stuck 7
RC POS 88 id 6 seat 1 role expand fs 0 body 1 pos 13,14 stuck 0
V528 PICK r 88 id 6 tgt 14,14 cs 10 bs 10 reg 0 cc 3 bc 3 cands 5 banned 0 regall 0 seat 1
RC WALK 88 id 6 role expand pos 13,14 tgt 14,14 want EAST
RC POS 88 id 8 seat 2 role expand fs 0 body 1 pos 20,16 stuck 0
RC WALK 88 id 8 role expand pos 20,16 tgt 19,15 want WEST
RC POS 88 id 10 seat 3 role raid fs 1 body 2 pos 12,4 stuck 0
RC WALK 88 id 10 role raid pos 12,4 tgt 16,1 want SOUTH
RC POS 88 id 18 seat 4 role defend fs 0 body 1 pos 6,21 stuck 0
RC WALK 88 id 18 role defend pos 6,21 tgt 7,21 want EAST
RC POS 89 id 4 seat 0 role raid fs 1 body 1 pos 16,1 stuck 8
RC POS 89 id 6 seat 1 role expand fs 0 body 1 pos 14,14 stuck 0
V528 PICK r 89 id 6 tgt 14,14 cs 9 bs 9 reg 0 cc 3 bc 3 cands 5 banned 0 regall 0 seat 1
RC WALK 89 id 6 role expand pos 14,14 tgt 16,14 want EAST
RC POS 89 id 8 seat 2 role expand fs 0 body 1 pos 19,16 stuck 0
RC WALK 89 id 8 role expand pos 19,16 tgt 19,15 want NORTH
RC POS 89 id 10 seat 3 role raid fs 1 body 2 pos 12,5 stuck 0
RC WALK 89 id 10 role raid pos 12,5 tgt 15,0 want WEST
RC POS 89 id 18 seat 4 role defend fs 0 body 1 pos 7,21 stuck 0
RC WALK 89 id 18 role defend pos 7,21 tgt 6,21 want WEST
RC POS 90 id 4 seat 0 role raid fs 1 body 1 pos 16,1 stuck 9
RC POS 90 id 6 seat 1 role expand fs 0 body 1 pos 15,14 stuck 0
RC WALK 90 id 6 role expand pos 15,14 tgt 15,15 want SOUTH
RC POS 90 id 8 seat 2 role expand fs 0 body 1 pos 19,15 stuck 0
V528 PICK r 90 id 8 tgt 23,21 cs 13 bs 13 reg 0 cc 1 bc 1 cands 6 banned 0 regall 0 seat 2
RC WALK 90 id 8 role expand pos 19,15 tgt 20,15 want EAST
RC POS 90 id 10 seat 3 role raid fs 1 body 2 pos 11,5 stuck 0
RC WALK 90 id 10 role raid pos 11,5 tgt 16,4 want EAST
RC POS 90 id 18 seat 4 role defend fs 0 body 1 pos 6,21 stuck 0
RC WALK 90 id 18 role defend pos 6,21 tgt 7,21 want EAST
RC POS 91 id 4 seat 0 role raid fs 1 body 1 pos 16,1 stuck 10
RC POS 91 id 6 seat 1 role expand fs 0 body 1 pos 15,15 stuck 0
V528 PICK r 91 id 6 tgt 14,14 cs 11 bs 11 reg 0 cc 3 bc 3 cands 5 banned 0 regall 0 seat 1
RC WALK 91 id 6 role expand pos 15,15 tgt 13,14 want NORTH
RC POS 91 id 8 seat 2 role expand fs 0 body 1 pos 20,15 stuck 0
V528 PICK r 91 id 8 tgt 23,21 cs 12 bs 12 reg 0 cc 1 bc 1 cands 6 banned 0 regall 0 seat 2
RC WALK 91 id 8 role expand pos 20,15 tgt 19,14 want WEST
RC POS 91 id 10 seat 3 role raid fs 1 body 2 pos 12,5 stuck 0
RC WALK 91 id 10 role raid pos 12,5 tgt 15,0 want WEST
RC POS 91 id 18 seat 4 role defend fs 0 body 1 pos 7,21 stuck 0
RC WALK 91 id 18 role defend pos 7,21 tgt 6,21 want WEST
RC POS 92 id 4 seat 0 role raid fs 1 body 1 pos 16,1 stuck 11
RC POS 92 id 6 seat 1 role expand fs 0 body 1 pos 15,14 stuck 0
RC WALK 92 id 6 role expand pos 15,14 tgt 13,14 want WEST
RC POS 92 id 8 seat 2 role expand fs 0 body 1 pos 19,15 stuck 0
RC WALK 92 id 8 role expand pos 19,15 tgt 20,15 want EAST
RC POS 92 id 10 seat 3 role raid fs 1 body 2 pos 11,5 stuck 0
RC WALK 92 id 10 role raid pos 11,5 tgt 16,4 want EAST
RC POS 92 id 18 seat 4 role defend fs 0 body 1 pos 6,21 stuck 0
RC WALK 92 id 18 role defend pos 6,21 tgt 7,21 want EAST
RC POS 93 id 4 seat 0 role raid fs 1 body 1 pos 16,1 stuck 12
RC POS 93 id 6 seat 1 role expand fs 0 body 1 pos 14,14 stuck 0
RC WALK 93 id 6 role expand pos 14,14 tgt 15,16 want WEST
RC POS 93 id 8 seat 2 role expand fs 0 body 1 pos 20,15 stuck 0
V528 PICK r 93 id 8 tgt 23,21 cs 12 bs 12 reg 0 cc 1 bc 1 cands 6 banned 0 regall 0 seat 2
RC WALK 93 id 8 role expand pos 20,15 tgt 19,14 want WEST
RC POS 93 id 10 seat 3 role raid fs 1 body 2 pos 12,5 stuck 0
RC WALK 93 id 10 role raid pos 12,5 tgt 15,0 want WEST
RC POS 93 id 18 seat 4 role defend fs 0 body 1 pos 7,21 stuck 0
RC WALK 93 id 18 role defend pos 7,21 tgt 6,21 want WEST
RC POS 94 id 4 seat 0 role raid fs 1 body 1 pos 16,1 stuck 13
RC POS 94 id 6 seat 1 role expand fs 0 body 1 pos 13,14 stuck 0
RC WALK 94 id 6 role expand pos 13,14 tgt 14,14 want EAST
RC POS 94 id 8 seat 2 role expand fs 0 body 1 pos 19,15 stuck 0
RC WALK 94 id 8 role expand pos 19,15 tgt 20,15 want EAST
RC POS 94 id 10 seat 3 role raid fs 1 body 2 pos 11,5 stuck 0
RC WALK 94 id 10 role raid pos 11,5 tgt 16,4 want EAST
RC POS 94 id 18 seat 4 role defend fs 0 body 1 pos 6,21 stuck 0
RC WALK 94 id 18 role defend pos 6,21 tgt 7,21 want EAST
RC POS 95 id 4 seat 0 role raid fs 1 body 1 pos 16,1 stuck 14
RC POS 95 id 6 seat 1 role expand fs 0 body 1 pos 14,14 stuck 0
V528 PICK r 95 id 6 tgt 14,14 cs 9 bs 9 reg 0 cc 3 bc 3 cands 5 banned 0 regall 0 seat 1
RC WALK 95 id 6 role expand pos 14,14 tgt 13,14 want WEST
RC POS 95 id 8 seat 2 role expand fs 0 body 1 pos 20,15 stuck 0
V528 PICK r 95 id 8 tgt 23,21 cs 12 bs 12 reg 0 cc 1 bc 1 cands 6 banned 0 regall 0 seat 2
RC WALK 95 id 8 role expand pos 20,15 tgt 19,14 want WEST
RC POS 95 id 10 seat 3 role raid fs 1 body 2 pos 12,5 stuck 0
RC WALK 95 id 10 role raid pos 12,5 tgt 15,0 want NORTH
RC POS 95 id 18 seat 4 role defend fs 0 body 1 pos 7,21 stuck 0
RC WALK 95 id 18 role defend pos 7,21 tgt 6,21 want WEST
RC POS 96 id 4 seat 0 role raid fs 1 body 1 pos 16,1 stuck 15
RC POS 96 id 6 seat 1 role expand fs 0 body 1 pos 13,14 stuck 0
V528 PICK r 96 id 6 tgt 14,14 cs 16 bs 16 reg 0 cc 5 bc 5 cands 5 banned 0 regall 0 seat 1
RC WALK 96 id 6 role expand pos 13,14 tgt 14,14 want EAST
RC POS 96 id 8 seat 2 role expand fs 0 body 1 pos 19,15 stuck 0
RC WALK 96 id 8 role expand pos 19,15 tgt 20,15 want EAST
RC POS 96 id 10 seat 3 role raid fs 1 body 2 pos 12,4 stuck 0
RC WALK 96 id 10 role raid pos 12,4 tgt 16,1 want SOUTH
RC POS 96 id 18 seat 4 role defend fs 0 body 1 pos 6,21 stuck 0
RC WALK 96 id 18 role defend pos 6,21 tgt 7,21 want EAST
RC POS 97 id 4 seat 0 role raid fs 1 body 1 pos 16,1 stuck 16
RC POS 97 id 6 seat 1 role expand fs 0 body 1 pos 14,14 stuck 0
V528 PICK r 97 id 6 tgt 14,14 cs 15 bs 15 reg 0 cc 5 bc 5 cands 5 banned 0 regall 0 seat 1
RC WALK 97 id 6 role expand pos 14,14 tgt 16,14 want EAST
RC POS 97 id 8 seat 2 role expand fs 0 body 1 pos 20,15 stuck 0
V528 PICK r 97 id 8 tgt 23,21 cs 12 bs 12 reg 0 cc 1 bc 1 cands 6 banned 0 regall 0 seat 2
RC WALK 97 id 8 role expand pos 20,15 tgt 19,14 want WEST
RC POS 97 id 10 seat 3 role raid fs 1 body 2 pos 12,5 stuck 0
RC WALK 97 id 10 role raid pos 12,5 tgt 15,0 want NORTH
RC POS 97 id 18 seat 4 role defend fs 0 body 1 pos 7,21 stuck 0
RC WALK 97 id 18 role defend pos 7,21 tgt 6,21 want WEST
RC POS 98 id 4 seat 0 role raid fs 1 body 1 pos 16,1 stuck 17
RC POS 98 id 6 seat 1 role expand fs 0 body 1 pos 15,14 stuck 0
RC WALK 98 id 6 role expand pos 15,14 tgt 15,15 want SOUTH
RC POS 98 id 8 seat 2 role expand fs 0 body 1 pos 19,15 stuck 0
RC WALK 98 id 8 role expand pos 19,15 tgt 20,15 want EAST
RC POS 98 id 10 seat 3 role raid fs 1 body 2 pos 12,4 stuck 0
RC WALK 98 id 10 role raid pos 12,4 tgt 16,1 want SOUTH
RC POS 98 id 18 seat 4 role defend fs 0 body 1 pos 6,21 stuck 0
RC WALK 98 id 18 role defend pos 6,21 tgt 7,21 want EAST
RC POS 99 id 4 seat 0 role raid fs 1 body 1 pos 16,1 stuck 18
RC POS 99 id 6 seat 1 role expand fs 0 body 1 pos 15,15 stuck 0
V528 PICK r 99 id 6 tgt 14,14 cs 17 bs 17 reg 0 cc 5 bc 5 cands 5 banned 0 regall 0 seat 1
RC WALK 99 id 6 role expand pos 15,15 tgt 13,14 want NORTH
RC POS 99 id 8 seat 2 role expand fs 0 body 1 pos 20,15 stuck 0
V528 PICK r 99 id 8 tgt 23,21 cs 12 bs 12 reg 0 cc 1 bc 1 cands 6 banned 0 regall 0 seat 2
RC WALK 99 id 8 role expand pos 20,15 tgt 19,14 want WEST
RC POS 99 id 10 seat 3 role raid fs 1 body 2 pos 12,5 stuck 0
RC WALK 99 id 10 role raid pos 12,5 tgt 15,0 want NORTH
RC POS 99 id 18 seat 4 role defend fs 0 body 1 pos 7,21 stuck 0
RC WALK 99 id 18 role defend pos 7,21 tgt 6,21 want WEST
RC POS 100 id 4 seat 0 role raid fs 1 body 1 pos 16,1 stuck 19
RC POS 100 id 6 seat 1 role expand fs 0 body 1 pos 15,14 stuck 0
RC WALK 100 id 6 role expand pos 15,14 tgt 13,14 want WEST
RC POS 100 id 8 seat 2 role expand fs 0 body 1 pos 19,15 stuck 0
RC WALK 100 id 8 role expand pos 19,15 tgt 20,15 want EAST
RC POS 100 id 10 seat 3 role raid fs 1 body 2 pos 12,4 stuck 0
RC WALK 100 id 10 role raid pos 12,4 tgt 16,1 want SOUTH
RC POS 100 id 18 seat 4 role defend fs 0 body 1 pos 6,21 stuck 0
RC WALK 100 id 18 role defend pos 6,21 tgt 7,21 want EAST
RC POS 101 id 4 seat 0 role raid fs 1 body 1 pos 16,1 stuck 20
RC POS 101 id 6 seat 1 role expand fs 0 body 1 pos 14,14 stuck 0
RC WALK 101 id 6 role expand pos 14,14 tgt 15,16 want WEST
RC POS 101 id 8 seat 2 role expand fs 0 body 1 pos 20,15 stuck 0
V528 PICK r 101 id 8 tgt 23,21 cs 12 bs 12 reg 0 cc 1 bc 1 cands 6 banned 0 regall 0 seat 2
RC WALK 101 id 8 role expand pos 20,15 tgt 19,14 want WEST
RC POS 101 id 10 seat 3 role raid fs 1 body 2 pos 12,5 stuck 0
RC WALK 101 id 10 role raid pos 12,5 tgt 15,0 want NORTH
RC POS 101 id 18 seat 4 role defend fs 0 body 1 pos 7,21 stuck 0
RC WALK 101 id 18 role defend pos 7,21 tgt 6,21 want WEST
RC POS 102 id 4 seat 0 role raid fs 1 body 1 pos 16,1 stuck 21
RC POS 102 id 6 seat 1 role expand fs 0 body 1 pos 13,14 stuck 0
RC WALK 102 id 6 role expand pos 13,14 tgt 14,14 want EAST
RC POS 102 id 8 seat 2 role expand fs 0 body 1 pos 19,15 stuck 0
RC WALK 102 id 8 role expand pos 19,15 tgt 20,15 want EAST
RC POS 102 id 10 seat 3 role raid fs 1 body 2 pos 12,4 stuck 0
RC WALK 102 id 10 role raid pos 12,4 tgt 16,1 want SOUTH
RC POS 102 id 18 seat 4 role defend fs 0 body 1 pos 6,21 stuck 0
RC WALK 102 id 18 role defend pos 6,21 tgt 7,21 want EAST
RC POS 103 id 4 seat 0 role raid fs 1 body 1 pos 16,1 stuck 22
RC POS 103 id 6 seat 1 role expand fs 0 body 1 pos 14,14 stuck 0
V528 PICK r 103 id 6 tgt 14,14 cs 15 bs 15 reg 0 cc 5 bc 5 cands 5 banned 0 regall 0 seat 1
RC WALK 103 id 6 role expand pos 14,14 tgt 13,14 want WEST
RC POS 103 id 8 seat 2 role expand fs 0 body 1 pos 20,15 stuck 0
V528 PICK r 103 id 8 tgt 23,21 cs 12 bs 12 reg 0 cc 1 bc 1 cands 6 banned 0 regall 0 seat 2
RC WALK 103 id 8 role expand pos 20,15 tgt 19,14 want WEST
RC POS 103 id 10 seat 3 role raid fs 1 body 2 pos 12,5 stuck 0
RC WALK 103 id 10 role raid pos 12,5 tgt 15,0 want NORTH
RC POS 103 id 18 seat 4 role defend fs 0 body 1 pos 7,21 stuck 0
RC WALK 103 id 18 role defend pos 7,21 tgt 6,21 want WEST
RC POS 104 id 4 seat 0 role raid fs 1 body 1 pos 16,1 stuck 23
RC POS 104 id 6 seat 1 role expand fs 0 body 1 pos 13,14 stuck 0
V528 PICK r 104 id 6 tgt 14,14 cs 16 bs 16 reg 0 cc 5 bc 5 cands 5 banned 0 regall 0 seat 1
RC WALK 104 id 6 role expand pos 13,14 tgt 14,14 want EAST
RC POS 104 id 8 seat 2 role expand fs 0 body 1 pos 19,15 stuck 0
RC WALK 104 id 8 role expand pos 19,15 tgt 20,15 want EAST
RC POS 104 id 10 seat 3 role raid fs 1 body 2 pos 12,4 stuck 0
RC WALK 104 id 10 role raid pos 12,4 tgt 16,1 want SOUTH
RC POS 104 id 18 seat 4 role defend fs 0 body 1 pos 6,21 stuck 0
RC WALK 104 id 18 role defend pos 6,21 tgt 7,21 want EAST
RC POS 105 id 4 seat 0 role raid fs 1 body 1 pos 16,1 stuck 24
RC POS 105 id 6 seat 1 role expand fs 0 body 1 pos 14,14 stuck 0
V528 PICK r 105 id 6 tgt 14,14 cs 15 bs 15 reg 0 cc 5 bc 5 cands 5 banned 0 regall 0 seat 1
RC WALK 105 id 6 role expand pos 14,14 tgt 16,14 want EAST
RC POS 105 id 8 seat 2 role expand fs 0 body 1 pos 20,15 stuck 0
V528 PICK r 105 id 8 tgt 23,21 cs 12 bs 12 reg 0 cc 1 bc 1 cands 6 banned 0 regall 0 seat 2
RC WALK 105 id 8 role expand pos 20,15 tgt 19,14 want WEST
RC POS 105 id 10 seat 3 role raid fs 1 body 2 pos 12,5 stuck 0
RC WALK 105 id 10 role raid pos 12,5 tgt 15,0 want NORTH
RC POS 105 id 18 seat 4 role defend fs 0 body 1 pos 7,21 stuck 0
RC WALK 105 id 18 role defend pos 7,21 tgt 6,21 want WEST
RC POS 106 id 4 seat 0 role raid fs 1 body 1 pos 16,1 stuck 25
RC POS 106 id 6 seat 1 role expand fs 0 body 1 pos 15,14 stuck 0
RC WALK 106 id 6 role expand pos 15,14 tgt 15,15 want SOUTH
RC POS 106 id 8 seat 2 role expand fs 0 body 1 pos 19,15 stuck 0
RC WALK 106 id 8 role expand pos 19,15 tgt 20,15 want EAST
RC POS 106 id 10 seat 3 role raid fs 1 body 2 pos 12,4 stuck 0
RC WALK 106 id 10 role raid pos 12,4 tgt 16,1 want SOUTH
RC POS 106 id 18 seat 4 role defend fs 0 body 1 pos 6,21 stuck 0
RC WALK 106 id 18 role defend pos 6,21 tgt 7,21 want EAST
RC POS 107 id 4 seat 0 role raid fs 1 body 1 pos 16,1 stuck 26
RC POS 107 id 6 seat 1 role expand fs 0 body 1 pos 15,15 stuck 0
V528 PICK r 107 id 6 tgt 14,14 cs 17 bs 17 reg 0 cc 5 bc 5 cands 5 banned 0 regall 0 seat 1
RC WALK 107 id 6 role expand pos 15,15 tgt 13,14 want NORTH
RC POS 107 id 8 seat 2 role expand fs 0 body 1 pos 20,15 stuck 0
V528 PICK r 107 id 8 tgt 23,21 cs 12 bs 12 reg 0 cc 1 bc 1 cands 6 banned 0 regall 0 seat 2
RC WALK 107 id 8 role expand pos 20,15 tgt 19,14 want WEST
RC POS 107 id 10 seat 3 role raid fs 1 body 2 pos 12,5 stuck 0
RC WALK 107 id 10 role raid pos 12,5 tgt 15,0 want NORTH
RC POS 107 id 18 seat 4 role defend fs 0 body 1 pos 7,21 stuck 0
RC WALK 107 id 18 role defend pos 7,21 tgt 6,21 want WEST
RC POS 108 id 4 seat 0 role raid fs 1 body 1 pos 16,1 stuck 27
RC POS 108 id 6 seat 1 role expand fs 0 body 1 pos 15,14 stuck 0
RC WALK 108 id 6 role expand pos 15,14 tgt 13,14 want WEST
RC POS 108 id 8 seat 2 role expand fs 0 body 1 pos 19,15 stuck 0
RC WALK 108 id 8 role expand pos 19,15 tgt 20,15 want EAST
RC POS 108 id 10 seat 3 role raid fs 1 body 2 pos 12,4 stuck 0
RC WALK 108 id 10 role raid pos 12,4 tgt 16,1 want SOUTH
RC POS 108 id 18 seat 4 role defend fs 0 body 1 pos 6,21 stuck 0
RC WALK 108 id 18 role defend pos 6,21 tgt 7,21 want EAST
RC POS 109 id 4 seat 0 role raid fs 1 body 1 pos 16,1 stuck 28
RC POS 109 id 6 seat 1 role expand fs 0 body 1 pos 14,14 stuck 0
RC WALK 109 id 6 role expand pos 14,14 tgt 15,16 want WEST
RC POS 109 id 8 seat 2 role expand fs 0 body 1 pos 20,15 stuck 0
V528 PICK r 109 id 8 tgt 23,21 cs 12 bs 12 reg 0 cc 1 bc 1 cands 6 banned 0 regall 0 seat 2
RC WALK 109 id 8 role expand pos 20,15 tgt 19,14 want WEST
RC POS 109 id 10 seat 3 role raid fs 1 body 2 pos 12,5 stuck 0
RC WALK 109 id 10 role raid pos 12,5 tgt 15,0 want NORTH
RC POS 109 id 18 seat 4 role defend fs 0 body 1 pos 7,21 stuck 0
RC WALK 109 id 18 role defend pos 7,21 tgt 6,21 want WEST
RC POS 110 id 4 seat 0 role raid fs 1 body 1 pos 16,1 stuck 29
RC POS 110 id 6 seat 1 role expand fs 0 body 1 pos 13,14 stuck 0
RC WALK 110 id 6 role expand pos 13,14 tgt 14,14 want EAST
RC POS 110 id 8 seat 2 role expand fs 0 body 1 pos 19,15 stuck 0
RC WALK 110 id 8 role expand pos 19,15 tgt 20,15 want EAST
RC POS 110 id 10 seat 3 role raid fs 1 body 2 pos 12,4 stuck 0
RC WALK 110 id 10 role raid pos 12,4 tgt 16,1 want SOUTH
RC POS 110 id 18 seat 4 role defend fs 0 body 1 pos 6,21 stuck 0
RC WALK 110 id 18 role defend pos 6,21 tgt 7,21 want EAST
RC POS 111 id 4 seat 0 role raid fs 1 body 1 pos 16,1 stuck 30
RC POS 111 id 6 seat 1 role expand fs 0 body 1 pos 14,14 stuck 0
V528 PICK r 111 id 6 tgt 14,14 cs 9 bs 9 reg 0 cc 3 bc 3 cands 5 banned 0 regall 0 seat 1
RC WALK 111 id 6 role expand pos 14,14 tgt 13,14 want WEST
RC POS 111 id 8 seat 2 role expand fs 0 body 1 pos 20,15 stuck 0
V528 PICK r 111 id 8 tgt 23,21 cs 12 bs 12 reg 0 cc 1 bc 1 cands 6 banned 0 regall 0 seat 2
RC WALK 111 id 8 role expand pos 20,15 tgt 19,14 want WEST
RC POS 111 id 10 seat 3 role raid fs 1 body 2 pos 12,5 stuck 0
RC WALK 111 id 10 role raid pos 12,5 tgt 15,0 want NORTH
RC POS 111 id 18 seat 4 role defend fs 0 body 1 pos 7,21 stuck 0
RC WALK 111 id 18 role defend pos 7,21 tgt 6,21 want WEST
RC POS 112 id 4 seat 0 role raid fs 1 body 1 pos 16,1 stuck 31
RC POS 112 id 6 seat 1 role expand fs 0 body 1 pos 13,14 stuck 0
V528 PICK r 112 id 6 tgt 14,14 cs 10 bs 10 reg 0 cc 3 bc 3 cands 5 banned 0 regall 0 seat 1
RC WALK 112 id 6 role expand pos 13,14 tgt 14,14 want EAST
RC POS 112 id 8 seat 2 role expand fs 0 body 1 pos 19,15 stuck 0
RC WALK 112 id 8 role expand pos 19,15 tgt 20,15 want EAST
RC POS 112 id 10 seat 3 role raid fs 1 body 2 pos 12,4 stuck 0
RC WALK 112 id 10 role raid pos 12,4 tgt 16,1 want SOUTH
RC POS 112 id 18 seat 4 role defend fs 0 body 1 pos 6,21 stuck 0
RC WALK 112 id 18 role defend pos 6,21 tgt 7,21 want EAST
RC POS 113 id 4 seat 0 role raid fs 1 body 1 pos 16,1 stuck 32
RC POS 113 id 6 seat 1 role expand fs 0 body 1 pos 14,14 stuck 0
V528 PICK r 113 id 6 tgt 14,14 cs 9 bs 9 reg 0 cc 3 bc 3 cands 5 banned 0 regall 0 seat 1
RC WALK 113 id 6 role expand pos 14,14 tgt 16,14 want EAST
RC POS 113 id 8 seat 2 role expand fs 0 body 1 pos 20,15 stuck 0
V528 PICK r 113 id 8 tgt 23,21 cs 12 bs 12 reg 0 cc 1 bc 1 cands 6 banned 0 regall 0 seat 2
RC WALK 113 id 8 role expand pos 20,15 tgt 19,14 want WEST
RC POS 113 id 10 seat 3 role raid fs 1 body 2 pos 12,5 stuck 0
RC WALK 113 id 10 role raid pos 12,5 tgt 15,0 want NORTH
RC POS 113 id 18 seat 4 role defend fs 0 body 1 pos 7,21 stuck 0
RC WALK 113 id 18 role defend pos 7,21 tgt 6,21 want WEST
RC POS 114 id 4 seat 0 role raid fs 1 body 1 pos 16,1 stuck 33
RC POS 114 id 6 seat 1 role expand fs 0 body 1 pos 15,14 stuck 0
RC WALK 114 id 6 role expand pos 15,14 tgt 15,15 want SOUTH
RC POS 114 id 8 seat 2 role expand fs 0 body 1 pos 19,15 stuck 0
RC WALK 114 id 8 role expand pos 19,15 tgt 20,15 want EAST
RC POS 114 id 10 seat 3 role raid fs 1 body 2 pos 12,4 stuck 0
RC WALK 114 id 10 role raid pos 12,4 tgt 16,1 want SOUTH
RC POS 114 id 18 seat 4 role defend fs 0 body 1 pos 6,21 stuck 0
RC WALK 114 id 18 role defend pos 6,21 tgt 7,21 want EAST
RC POS 115 id 4 seat 0 role raid fs 1 body 1 pos 16,1 stuck 34
RC POS 115 id 6 seat 1 role expand fs 0 body 1 pos 15,15 stuck 0
V528 PICK r 115 id 6 tgt 14,14 cs 11 bs 11 reg 0 cc 3 bc 3 cands 5 banned 0 regall 0 seat 1
RC WALK 115 id 6 role expand pos 15,15 tgt 13,14 want NORTH
RC POS 115 id 8 seat 2 role expand fs 0 body 1 pos 20,15 stuck 0
V528 PICK r 115 id 8 tgt 23,21 cs 12 bs 12 reg 0 cc 1 bc 1 cands 6 banned 0 regall 0 seat 2
RC WALK 115 id 8 role expand pos 20,15 tgt 19,14 want WEST
RC POS 115 id 10 seat 3 role raid fs 1 body 2 pos 12,5 stuck 0
RC WALK 115 id 10 role raid pos 12,5 tgt 15,0 want WEST
RC POS 115 id 18 seat 4 role defend fs 0 body 1 pos 7,21 stuck 0
RC WALK 115 id 18 role defend pos 7,21 tgt 6,21 want WEST
RC POS 116 id 4 seat 0 role raid fs 1 body 1 pos 16,1 stuck 35
RC POS 116 id 6 seat 1 role expand fs 0 body 1 pos 15,14 stuck 0
RC WALK 116 id 6 role expand pos 15,14 tgt 13,14 want WEST
RC POS 116 id 8 seat 2 role expand fs 0 body 1 pos 19,15 stuck 0
RC WALK 116 id 8 role expand pos 19,15 tgt 20,15 want EAST
RC POS 116 id 10 seat 3 role raid fs 1 body 2 pos 11,5 stuck 0
RC WALK 116 id 10 role raid pos 11,5 tgt 16,4 want EAST
RC POS 116 id 18 seat 4 role defend fs 0 body 1 pos 6,21 stuck 0
RC WALK 116 id 18 role defend pos 6,21 tgt 7,21 want EAST
RC POS 117 id 4 seat 0 role raid fs 1 body 1 pos 16,1 stuck 36
RC POS 117 id 6 seat 1 role expand fs 0 body 1 pos 14,14 stuck 0
RC WALK 117 id 6 role expand pos 14,14 tgt 15,16 want WEST
RC POS 117 id 8 seat 2 role expand fs 0 body 1 pos 20,15 stuck 0
V528 PICK r 117 id 8 tgt 23,21 cs 12 bs 12 reg 0 cc 1 bc 1 cands 6 banned 0 regall 0 seat 2
RC WALK 117 id 8 role expand pos 20,15 tgt 19,14 want WEST
RC POS 117 id 10 seat 3 role raid fs 1 body 2 pos 12,5 stuck 0
RC WALK 117 id 10 role raid pos 12,5 tgt 15,0 want WEST
RC POS 117 id 18 seat 4 role defend fs 0 body 1 pos 7,21 stuck 0
RC WALK 117 id 18 role defend pos 7,21 tgt 6,21 want WEST
RC POS 118 id 4 seat 0 role raid fs 1 body 1 pos 16,1 stuck 37
RC POS 118 id 6 seat 1 role expand fs 0 body 1 pos 13,14 stuck 0
RC WALK 118 id 6 role expand pos 13,14 tgt 14,14 want EAST
RC POS 118 id 8 seat 2 role expand fs 0 body 1 pos 19,15 stuck 0
RC WALK 118 id 8 role expand pos 19,15 tgt 20,15 want EAST
RC POS 118 id 10 seat 3 role raid fs 1 body 2 pos 11,5 stuck 0
RC WALK 118 id 10 role raid pos 11,5 tgt 16,4 want EAST
RC POS 118 id 18 seat 4 role defend fs 0 body 1 pos 6,21 stuck 0
RC WALK 118 id 18 role defend pos 6,21 tgt 7,21 want EAST
RC POS 119 id 4 seat 0 role raid fs 1 body 1 pos 16,1 stuck 38
RC POS 119 id 6 seat 1 role expand fs 0 body 1 pos 14,14 stuck 0
V528 PICK r 119 id 6 tgt 14,14 cs 9 bs 9 reg 0 cc 3 bc 3 cands 5 banned 0 regall 0 seat 1
RC WALK 119 id 6 role expand pos 14,14 tgt 13,14 want WEST
RC POS 119 id 8 seat 2 role expand fs 0 body 1 pos 20,15 stuck 0
V528 PICK r 119 id 8 tgt 23,21 cs 12 bs 12 reg 0 cc 1 bc 1 cands 6 banned 0 regall 0 seat 2
RC WALK 119 id 8 role expand pos 20,15 tgt 19,14 want WEST
RC POS 119 id 10 seat 3 role raid fs 1 body 2 pos 12,5 stuck 0
RC WALK 119 id 10 role raid pos 12,5 tgt 15,0 want WEST
RC POS 119 id 18 seat 4 role defend fs 0 body 1 pos 7,21 stuck 0
RC WALK 119 id 18 role defend pos 7,21 tgt 6,21 want WEST
RC POS 120 id 4 seat 0 role raid fs 1 body 1 pos 16,1 stuck 39
RC POS 120 id 6 seat 1 role expand fs 0 body 1 pos 13,14 stuck 0
V528 PICK r 120 id 6 tgt 14,14 cs 16 bs 16 reg 0 cc 5 bc 5 cands 5 banned 0 regall 0 seat 1
RC WALK 120 id 6 role expand pos 13,14 tgt 14,14 want EAST
RC POS 120 id 8 seat 2 role expand fs 0 body 1 pos 19,15 stuck 0
RC WALK 120 id 8 role expand pos 19,15 tgt 20,15 want EAST
RC POS 120 id 10 seat 3 role raid fs 1 body 2 pos 11,5 stuck 0
RC WALK 120 id 10 role raid pos 11,5 tgt 16,4 want SOUTH
RC POS 120 id 18 seat 4 role defend fs 0 body 1 pos 6,21 stuck 0
RC WALK 120 id 18 role defend pos 6,21 tgt 7,21 want EAST
RC POS 121 id 4 seat 0 role raid fs 1 body 1 pos 16,1 stuck 40
RC POS 121 id 6 seat 1 role expand fs 0 body 1 pos 14,14 stuck 0
V528 PICK r 121 id 6 tgt 14,14 cs 15 bs 15 reg 0 cc 5 bc 5 cands 5 banned 0 regall 0 seat 1
RC WALK 121 id 6 role expand pos 14,14 tgt 16,14 want EAST
RC POS 121 id 8 seat 2 role expand fs 0 body 1 pos 20,15 stuck 0
V528 PICK r 121 id 8 tgt 23,21 cs 12 bs 12 reg 0 cc 1 bc 1 cands 6 banned 0 regall 0 seat 2
RC WALK 121 id 8 role expand pos 20,15 tgt 19,14 want WEST
RC POS 121 id 10 seat 3 role raid fs 1 body 2 pos 11,6 stuck 0
RC WALK 121 id 10 role raid pos 11,6 tgt 12,1 want NORTH
RC POS 121 id 18 seat 4 role defend fs 0 body 1 pos 7,21 stuck 0
RC WALK 121 id 18 role defend pos 7,21 tgt 6,21 want WEST
RC POS 122 id 4 seat 0 role raid fs 1 body 1 pos 16,1 stuck 41
RC POS 122 id 6 seat 1 role expand fs 0 body 1 pos 15,14 stuck 0
RC WALK 122 id 6 role expand pos 15,14 tgt 15,15 want SOUTH
RC POS 122 id 8 seat 2 role expand fs 0 body 1 pos 19,15 stuck 0
RC WALK 122 id 8 role expand pos 19,15 tgt 20,15 want EAST
RC POS 122 id 10 seat 3 role raid fs 1 body 2 pos 11,5 stuck 0
RC WALK 122 id 10 role raid pos 11,5 tgt 16,4 want EAST
RC POS 122 id 18 seat 4 role defend fs 0 body 1 pos 6,21 stuck 0
RC WALK 122 id 18 role defend pos 6,21 tgt 7,21 want EAST
RC POS 123 id 4 seat 0 role raid fs 1 body 1 pos 16,1 stuck 42
RC POS 123 id 6 seat 1 role expand fs 0 body 1 pos 15,15 stuck 0
V528 PICK r 123 id 6 tgt 14,14 cs 17 bs 17 reg 0 cc 5 bc 5 cands 5 banned 0 regall 0 seat 1
RC WALK 123 id 6 role expand pos 15,15 tgt 13,14 want NORTH
RC POS 123 id 8 seat 2 role expand fs 0 body 1 pos 20,15 stuck 0
V528 PICK r 123 id 8 tgt 23,21 cs 12 bs 12 reg 0 cc 1 bc 1 cands 6 banned 0 regall 0 seat 2
RC WALK 123 id 8 role expand pos 20,15 tgt 19,14 want WEST
RC POS 123 id 10 seat 3 role raid fs 1 body 2 pos 12,5 stuck 0
RC WALK 123 id 10 role raid pos 12,5 tgt 15,0 want NORTH
RC POS 123 id 18 seat 4 role defend fs 0 body 1 pos 7,21 stuck 0
RC WALK 123 id 18 role defend pos 7,21 tgt 6,21 want WEST
RC POS 124 id 4 seat 0 role raid fs 1 body 1 pos 16,1 stuck 43
RC POS 124 id 6 seat 1 role expand fs 0 body 1 pos 15,14 stuck 0
RC WALK 124 id 6 role expand pos 15,14 tgt 13,14 want WEST
RC POS 124 id 8 seat 2 role expand fs 0 body 1 pos 19,15 stuck 0
RC WALK 124 id 8 role expand pos 19,15 tgt 20,15 want EAST
RC POS 124 id 10 seat 3 role raid fs 1 body 2 pos 12,4 stuck 0
RC WALK 124 id 10 role raid pos 12,4 tgt 16,1 want WEST
RC POS 124 id 18 seat 4 role defend fs 0 body 1 pos 6,21 stuck 0
RC WALK 124 id 18 role defend pos 6,21 tgt 7,21 want EAST
RC POS 125 id 4 seat 0 role raid fs 1 body 1 pos 16,1 stuck 44
RC POS 125 id 6 seat 1 role expand fs 0 body 1 pos 14,14 stuck 0
RC WALK 125 id 6 role expand pos 14,14 tgt 15,16 want WEST
RC POS 125 id 8 seat 2 role expand fs 0 body 1 pos 20,15 stuck 0
V528 PICK r 125 id 8 tgt 23,21 cs 12 bs 12 reg 0 cc 1 bc 1 cands 6 banned 0 regall 0 seat 2
RC WALK 125 id 8 role expand pos 20,15 tgt 19,14 want WEST
RC POS 125 id 10 seat 3 role raid fs 1 body 2 pos 11,4 stuck 0
RC WALK 125 id 10 role raid pos 11,4 tgt 16,4 want EAST
RC POS 125 id 18 seat 4 role defend fs 0 body 1 pos 7,21 stuck 0
RC WALK 125 id 18 role defend pos 7,21 tgt 6,21 want WEST
RC POS 126 id 4 seat 0 role raid fs 1 body 1 pos 16,1 stuck 45
RC POS 126 id 6 seat 1 role expand fs 0 body 1 pos 13,14 stuck 0
RC WALK 126 id 6 role expand pos 13,14 tgt 14,14 want EAST
RC POS 126 id 8 seat 2 role expand fs 0 body 1 pos 19,15 stuck 0
RC WALK 126 id 8 role expand pos 19,15 tgt 20,15 want EAST
RC POS 126 id 10 seat 3 role raid fs 1 body 2 pos 12,4 stuck 0
RC WALK 126 id 10 role raid pos 12,4 tgt 16,1 want WEST
RC POS 126 id 18 seat 4 role defend fs 0 body 1 pos 6,21 stuck 0
RC WALK 126 id 18 role defend pos 6,21 tgt 7,21 want EAST
RC POS 127 id 4 seat 0 role raid fs 1 body 1 pos 16,1 stuck 46
RC POS 127 id 6 seat 1 role expand fs 0 body 1 pos 14,14 stuck 0
V528 PICK r 127 id 6 tgt 14,14 cs 15 bs 15 reg 0 cc 5 bc 5 cands 5 banned 0 regall 0 seat 1
RC WALK 127 id 6 role expand pos 14,14 tgt 13,14 want WEST
RC POS 127 id 8 seat 2 role expand fs 0 body 1 pos 20,15 stuck 0
V528 PICK r 127 id 8 tgt 23,21 cs 12 bs 12 reg 0 cc 1 bc 1 cands 6 banned 0 regall 0 seat 2
RC WALK 127 id 8 role expand pos 20,15 tgt 19,14 want WEST
RC POS 127 id 10 seat 3 role raid fs 1 body 2 pos 11,4 stuck 0
RC WALK 127 id 10 role raid pos 11,4 tgt 16,4 want EAST
RC POS 127 id 18 seat 4 role defend fs 0 body 1 pos 7,21 stuck 0
RC WALK 127 id 18 role defend pos 7,21 tgt 6,21 want WEST
RC POS 128 id 4 seat 0 role raid fs 1 body 1 pos 16,1 stuck 47
RC POS 128 id 6 seat 1 role expand fs 0 body 1 pos 13,14 stuck 0
V528 PICK r 128 id 6 tgt 14,14 cs 16 bs 16 reg 0 cc 5 bc 5 cands 5 banned 0 regall 0 seat 1
RC WALK 128 id 6 role expand pos 13,14 tgt 14,14 want EAST
RC POS 128 id 8 seat 2 role expand fs 0 body 1 pos 19,15 stuck 0
RC WALK 128 id 8 role expand pos 19,15 tgt 20,15 want EAST
RC POS 128 id 10 seat 3 role raid fs 1 body 2 pos 12,4 stuck 0
RC WALK 128 id 10 role raid pos 12,4 tgt 16,1 want WEST
RC POS 128 id 18 seat 4 role defend fs 0 body 1 pos 6,21 stuck 0
RC WALK 128 id 18 role defend pos 6,21 tgt 7,21 want EAST
RC POS 129 id 4 seat 0 role raid fs 1 body 1 pos 16,1 stuck 48
RC POS 129 id 6 seat 1 role expand fs 0 body 1 pos 14,14 stuck 0
V528 PICK r 129 id 6 tgt 14,14 cs 15 bs 15 reg 0 cc 5 bc 5 cands 5 banned 0 regall 0 seat 1
RC WALK 129 id 6 role expand pos 14,14 tgt 16,14 want EAST
RC POS 129 id 8 seat 2 role expand fs 0 body 1 pos 20,15 stuck 0
V528 PICK r 129 id 8 tgt 23,21 cs 12 bs 12 reg 0 cc 1 bc 1 cands 6 banned 0 regall 0 seat 2
RC WALK 129 id 8 role expand pos 20,15 tgt 19,14 want WEST
RC POS 129 id 10 seat 3 role raid fs 1 body 2 pos 11,4 stuck 0
RC WALK 129 id 10 role raid pos 11,4 tgt 16,4 want EAST
RC POS 129 id 18 seat 4 role defend fs 0 body 1 pos 7,21 stuck 0
RC WALK 129 id 18 role defend pos 7,21 tgt 6,21 want WEST
RC POS 130 id 4 seat 0 role raid fs 1 body 1 pos 16,1 stuck 49
RC POS 130 id 6 seat 1 role expand fs 0 body 1 pos 15,14 stuck 0
RC WALK 130 id 6 role expand pos 15,14 tgt 15,15 want SOUTH
RC POS 130 id 8 seat 2 role expand fs 0 body 1 pos 19,15 stuck 0
RC WALK 130 id 8 role expand pos 19,15 tgt 20,15 want EAST
RC POS 130 id 10 seat 3 role raid fs 1 body 2 pos 12,4 stuck 0
RC WALK 130 id 10 role raid pos 12,4 tgt 16,1 want WEST
RC POS 130 id 18 seat 4 role defend fs 0 body 1 pos 6,21 stuck 0
RC WALK 130 id 18 role defend pos 6,21 tgt 7,21 want EAST
RC POS 131 id 4 seat 0 role raid fs 1 body 1 pos 16,1 stuck 50
RC POS 131 id 6 seat 1 role expand fs 0 body 1 pos 15,15 stuck 0
V528 PICK r 131 id 6 tgt 14,14 cs 17 bs 17 reg 0 cc 5 bc 5 cands 5 banned 0 regall 0 seat 1
RC WALK 131 id 6 role expand pos 15,15 tgt 13,14 want NORTH
RC POS 131 id 8 seat 2 role expand fs 0 body 1 pos 20,15 stuck 0
V528 PICK r 131 id 8 tgt 23,21 cs 12 bs 12 reg 0 cc 1 bc 1 cands 6 banned 0 regall 0 seat 2
RC WALK 131 id 8 role expand pos 20,15 tgt 19,14 want WEST
RC POS 131 id 10 seat 3 role raid fs 1 body 2 pos 11,4 stuck 0
RC WALK 131 id 10 role raid pos 11,4 tgt 16,4 want EAST
RC POS 131 id 18 seat 4 role defend fs 0 body 1 pos 7,21 stuck 0
RC WALK 131 id 18 role defend pos 7,21 tgt 6,21 want WEST
RC POS 132 id 4 seat 0 role raid fs 1 body 1 pos 16,1 stuck 51
RC POS 132 id 6 seat 1 role expand fs 0 body 1 pos 15,14 stuck 0
RC WALK 132 id 6 role expand pos 15,14 tgt 13,14 want WEST
RC POS 132 id 8 seat 2 role expand fs 0 body 1 pos 19,15 stuck 0
RC WALK 132 id 8 role expand pos 19,15 tgt 20,15 want EAST
RC POS 132 id 10 seat 3 role raid fs 1 body 2 pos 12,4 stuck 0
RC WALK 132 id 10 role raid pos 12,4 tgt 16,1 want WEST
RC POS 132 id 18 seat 4 role defend fs 0 body 1 pos 6,21 stuck 0
RC WALK 132 id 18 role defend pos 6,21 tgt 7,21 want EAST
RC POS 133 id 4 seat 0 role raid fs 1 body 1 pos 16,1 stuck 52
RC POS 133 id 6 seat 1 role expand fs 0 body 1 pos 14,14 stuck 0
RC WALK 133 id 6 role expand pos 14,14 tgt 15,16 want WEST
RC POS 133 id 8 seat 2 role expand fs 0 body 1 pos 20,15 stuck 0
V528 PICK r 133 id 8 tgt 23,21 cs 12 bs 12 reg 0 cc 1 bc 1 cands 6 banned 0 regall 0 seat 2
RC WALK 133 id 8 role expand pos 20,15 tgt 19,14 want WEST
RC POS 133 id 10 seat 3 role raid fs 1 body 2 pos 11,4 stuck 0
RC WALK 133 id 10 role raid pos 11,4 tgt 16,4 want EAST
RC POS 133 id 18 seat 4 role defend fs 0 body 1 pos 7,21 stuck 0
RC WALK 133 id 18 role defend pos 7,21 tgt 6,21 want WEST
RC POS 134 id 4 seat 0 role raid fs 1 body 1 pos 16,1 stuck 53
RC POS 134 id 6 seat 1 role expand fs 0 body 1 pos 13,14 stuck 0
RC WALK 134 id 6 role expand pos 13,14 tgt 14,14 want EAST
RC POS 134 id 8 seat 2 role expand fs 0 body 1 pos 19,15 stuck 0
RC WALK 134 id 8 role expand pos 19,15 tgt 20,15 want EAST
RC POS 134 id 10 seat 3 role raid fs 1 body 2 pos 12,4 stuck 0
RC WALK 134 id 10 role raid pos 12,4 tgt 16,1 want WEST
RC POS 134 id 18 seat 4 role defend fs 0 body 1 pos 6,21 stuck 0
RC WALK 134 id 18 role defend pos 6,21 tgt 7,21 want EAST
RC POS 135 id 4 seat 0 role raid fs 1 body 1 pos 16,1 stuck 54
RC POS 135 id 6 seat 1 role expand fs 0 body 1 pos 14,14 stuck 0
V528 PICK r 135 id 6 tgt 14,14 cs 9 bs 9 reg 0 cc 3 bc 3 cands 5 banned 0 regall 0 seat 1
RC WALK 135 id 6 role expand pos 14,14 tgt 13,14 want WEST
RC POS 135 id 8 seat 2 role expand fs 0 body 1 pos 20,15 stuck 0
V528 PICK r 135 id 8 tgt 23,21 cs 12 bs 12 reg 0 cc 1 bc 1 cands 6 banned 0 regall 0 seat 2
RC WALK 135 id 8 role expand pos 20,15 tgt 19,14 want WEST
RC POS 135 id 10 seat 3 role raid fs 1 body 2 pos 11,4 stuck 0
RC WALK 135 id 10 role raid pos 11,4 tgt 16,4 want EAST
RC POS 135 id 18 seat 4 role defend fs 0 body 1 pos 7,21 stuck 0
RC WALK 135 id 18 role defend pos 7,21 tgt 6,21 want WEST
RC POS 136 id 4 seat 0 role raid fs 1 body 1 pos 16,1 stuck 55
RC POS 136 id 6 seat 1 role expand fs 0 body 1 pos 13,14 stuck 0
V528 PICK r 136 id 6 tgt 14,14 cs 10 bs 10 reg 0 cc 3 bc 3 cands 5 banned 0 regall 0 seat 1
RC WALK 136 id 6 role expand pos 13,14 tgt 14,14 want EAST
RC POS 136 id 8 seat 2 role expand fs 0 body 1 pos 19,15 stuck 0
RC WALK 136 id 8 role expand pos 19,15 tgt 20,15 want EAST
RC POS 136 id 10 seat 3 role raid fs 1 body 2 pos 12,4 stuck 0
RC WALK 136 id 10 role raid pos 12,4 tgt 16,1 want WEST
RC POS 136 id 18 seat 4 role defend fs 0 body 1 pos 6,21 stuck 0
RC WALK 136 id 18 role defend pos 6,21 tgt 7,21 want EAST
RC POS 137 id 4 seat 0 role raid fs 1 body 1 pos 16,1 stuck 56
RC POS 137 id 6 seat 1 role expand fs 0 body 1 pos 14,14 stuck 0
V528 PICK r 137 id 6 tgt 14,14 cs 9 bs 9 reg 0 cc 3 bc 3 cands 5 banned 0 regall 0 seat 1
RC WALK 137 id 6 role expand pos 14,14 tgt 16,14 want EAST
RC POS 137 id 8 seat 2 role expand fs 0 body 1 pos 20,15 stuck 0
V528 PICK r 137 id 8 tgt 23,21 cs 12 bs 12 reg 0 cc 1 bc 1 cands 6 banned 0 regall 0 seat 2
RC WALK 137 id 8 role expand pos 20,15 tgt 19,14 want WEST
RC POS 137 id 10 seat 3 role raid fs 1 body 2 pos 11,4 stuck 0
RC WALK 137 id 10 role raid pos 11,4 tgt 16,4 want EAST
RC POS 137 id 18 seat 4 role defend fs 0 body 1 pos 7,21 stuck 0
RC WALK 137 id 18 role defend pos 7,21 tgt 6,21 want WEST
RC POS 138 id 4 seat 0 role raid fs 1 body 1 pos 16,1 stuck 57
RC POS 138 id 6 seat 1 role expand fs 0 body 1 pos 15,14 stuck 0
RC WALK 138 id 6 role expand pos 15,14 tgt 15,15 want SOUTH
RC POS 138 id 8 seat 2 role expand fs 0 body 1 pos 19,15 stuck 0
RC WALK 138 id 8 role expand pos 19,15 tgt 20,15 want EAST
RC POS 138 id 10 seat 3 role raid fs 1 body 2 pos 12,4 stuck 0
RC WALK 138 id 10 role raid pos 12,4 tgt 16,1 want WEST
RC POS 138 id 18 seat 4 role defend fs 0 body 1 pos 6,21 stuck 0
RC WALK 138 id 18 role defend pos 6,21 tgt 7,21 want EAST
RC POS 139 id 4 seat 0 role raid fs 1 body 1 pos 16,1 stuck 58
RC POS 139 id 6 seat 1 role expand fs 0 body 1 pos 15,15 stuck 0
V528 PICK r 139 id 6 tgt 14,14 cs 11 bs 11 reg 0 cc 3 bc 3 cands 5 banned 0 regall 0 seat 1
RC WALK 139 id 6 role expand pos 15,15 tgt 13,14 want NORTH
RC POS 139 id 8 seat 2 role expand fs 0 body 1 pos 20,15 stuck 0
V528 PICK r 139 id 8 tgt 23,21 cs 12 bs 12 reg 0 cc 1 bc 1 cands 6 banned 0 regall 0 seat 2
RC WALK 139 id 8 role expand pos 20,15 tgt 19,14 want WEST
RC POS 139 id 10 seat 3 role raid fs 1 body 2 pos 11,4 stuck 0
RC WALK 139 id 10 role raid pos 11,4 tgt 16,4 want EAST
RC POS 139 id 18 seat 4 role defend fs 0 body 1 pos 7,21 stuck 0
RC WALK 139 id 18 role defend pos 7,21 tgt 6,21 want WEST
RC POS 140 id 4 seat 0 role raid fs 1 body 1 pos 16,1 stuck 59
RC POS 140 id 6 seat 1 role expand fs 0 body 1 pos 15,14 stuck 0
RC WALK 140 id 6 role expand pos 15,14 tgt 13,14 want WEST
RC POS 140 id 8 seat 2 role expand fs 0 body 1 pos 19,15 stuck 0
RC WALK 140 id 8 role expand pos 19,15 tgt 20,15 want EAST
RC POS 140 id 10 seat 3 role raid fs 1 body 2 pos 12,4 stuck 0
RC WALK 140 id 10 role raid pos 12,4 tgt 16,1 want SOUTH
RC POS 140 id 18 seat 4 role defend fs 0 body 1 pos 6,21 stuck 0
RC WALK 140 id 18 role defend pos 6,21 tgt 7,21 want EAST
RC POS 141 id 4 seat 0 role raid fs 1 body 1 pos 16,1 stuck 60
RC POS 141 id 6 seat 1 role expand fs 0 body 1 pos 14,14 stuck 0
RC WALK 141 id 6 role expand pos 14,14 tgt 15,16 want WEST
RC POS 141 id 8 seat 2 role expand fs 0 body 1 pos 20,15 stuck 0
V528 PICK r 141 id 8 tgt 23,21 cs 12 bs 12 reg 0 cc 1 bc 1 cands 6 banned 0 regall 0 seat 2
RC WALK 141 id 8 role expand pos 20,15 tgt 19,14 want WEST
RC POS 141 id 10 seat 3 role raid fs 1 body 2 pos 12,5 stuck 0
RC WALK 141 id 10 role raid pos 12,5 tgt 15,0 want NORTH
RC POS 141 id 18 seat 4 role defend fs 0 body 1 pos 7,21 stuck 0
RC WALK 141 id 18 role defend pos 7,21 tgt 6,21 want WEST
RC POS 142 id 4 seat 0 role raid fs 1 body 1 pos 16,1 stuck 61
RC POS 142 id 6 seat 1 role expand fs 0 body 1 pos 13,14 stuck 0
RC WALK 142 id 6 role expand pos 13,14 tgt 14,14 want EAST
RC POS 142 id 8 seat 2 role expand fs 0 body 1 pos 19,15 stuck 0
RC WALK 142 id 8 role expand pos 19,15 tgt 20,15 want EAST
RC POS 142 id 10 seat 3 role raid fs 1 body 2 pos 12,4 stuck 0
RC WALK 142 id 10 role raid pos 12,4 tgt 16,1 want SOUTH
RC POS 142 id 18 seat 4 role defend fs 0 body 1 pos 6,21 stuck 0
RC WALK 142 id 18 role defend pos 6,21 tgt 7,21 want EAST
RC POS 143 id 4 seat 0 role raid fs 1 body 1 pos 16,1 stuck 62
RC POS 143 id 6 seat 1 role expand fs 0 body 1 pos 14,14 stuck 0
V528 PICK r 143 id 6 tgt 14,14 cs 9 bs 9 reg 0 cc 3 bc 3 cands 5 banned 0 regall 0 seat 1
RC WALK 143 id 6 role expand pos 14,14 tgt 13,14 want WEST
RC POS 143 id 8 seat 2 role expand fs 0 body 1 pos 20,15 stuck 0
V528 PICK r 143 id 8 tgt 23,21 cs 12 bs 12 reg 0 cc 1 bc 1 cands 6 banned 0 regall 0 seat 2
RC WALK 143 id 8 role expand pos 20,15 tgt 19,14 want WEST
RC POS 143 id 10 seat 3 role raid fs 1 body 2 pos 12,5 stuck 0
RC WALK 143 id 10 role raid pos 12,5 tgt 15,0 want NORTH
RC POS 143 id 18 seat 4 role defend fs 0 body 1 pos 7,21 stuck 0
RC WALK 143 id 18 role defend pos 7,21 tgt 6,21 want WEST
RC POS 144 id 4 seat 0 role raid fs 1 body 1 pos 16,1 stuck 63
RC POS 144 id 6 seat 1 role expand fs 0 body 1 pos 13,14 stuck 0
V528 PICK r 144 id 6 tgt 14,14 cs 16 bs 16 reg 0 cc 5 bc 5 cands 5 banned 0 regall 0 seat 1
RC WALK 144 id 6 role expand pos 13,14 tgt 14,14 want EAST
RC POS 144 id 8 seat 2 role expand fs 0 body 1 pos 19,15 stuck 0
RC WALK 144 id 8 role expand pos 19,15 tgt 20,15 want EAST
RC POS 144 id 10 seat 3 role raid fs 1 body 2 pos 12,4 stuck 0
RC WALK 144 id 10 role raid pos 12,4 tgt 16,1 want SOUTH
RC POS 144 id 18 seat 4 role defend fs 0 body 1 pos 6,21 stuck 0
RC WALK 144 id 18 role defend pos 6,21 tgt 7,21 want EAST
RC POS 145 id 4 seat 0 role raid fs 1 body 1 pos 16,1 stuck 64
RC POS 145 id 6 seat 1 role expand fs 0 body 1 pos 14,14 stuck 0
V528 PICK r 145 id 6 tgt 14,14 cs 15 bs 15 reg 0 cc 5 bc 5 cands 5 banned 0 regall 0 seat 1
RC WALK 145 id 6 role expand pos 14,14 tgt 16,14 want EAST
RC POS 145 id 8 seat 2 role expand fs 0 body 1 pos 20,15 stuck 0
V528 PICK r 145 id 8 tgt 23,21 cs 12 bs 12 reg 0 cc 1 bc 1 cands 6 banned 0 regall 0 seat 2
RC WALK 145 id 8 role expand pos 20,15 tgt 19,14 want WEST
RC POS 145 id 10 seat 3 role raid fs 1 body 2 pos 12,5 stuck 0
RC WALK 145 id 10 role raid pos 12,5 tgt 15,0 want NORTH
RC POS 145 id 18 seat 4 role defend fs 0 body 1 pos 7,21 stuck 0
RC WALK 145 id 18 role defend pos 7,21 tgt 6,21 want WEST
RC POS 146 id 4 seat 0 role raid fs 1 body 1 pos 16,1 stuck 65
RC POS 146 id 6 seat 1 role expand fs 0 body 1 pos 15,14 stuck 0
RC WALK 146 id 6 role expand pos 15,14 tgt 15,15 want SOUTH
RC POS 146 id 8 seat 2 role expand fs 0 body 1 pos 19,15 stuck 0
RC WALK 146 id 8 role expand pos 19,15 tgt 20,15 want EAST
RC POS 146 id 10 seat 3 role raid fs 1 body 2 pos 12,4 stuck 0
RC WALK 146 id 10 role raid pos 12,4 tgt 16,1 want SOUTH
RC POS 146 id 18 seat 4 role defend fs 0 body 1 pos 6,21 stuck 0
RC WALK 146 id 18 role defend pos 6,21 tgt 7,21 want EAST
RC POS 147 id 4 seat 0 role raid fs 1 body 1 pos 16,1 stuck 66
RC POS 147 id 6 seat 1 role expand fs 0 body 1 pos 15,15 stuck 0
V528 PICK r 147 id 6 tgt 14,14 cs 17 bs 17 reg 0 cc 5 bc 5 cands 5 banned 0 regall 0 seat 1
RC WALK 147 id 6 role expand pos 15,15 tgt 13,14 want NORTH
RC POS 147 id 8 seat 2 role expand fs 0 body 1 pos 20,15 stuck 0
V528 PICK r 147 id 8 tgt 23,21 cs 12 bs 12 reg 0 cc 1 bc 1 cands 6 banned 0 regall 0 seat 2
RC WALK 147 id 8 role expand pos 20,15 tgt 19,14 want WEST
RC POS 147 id 10 seat 3 role raid fs 1 body 2 pos 12,5 stuck 0
RC WALK 147 id 10 role raid pos 12,5 tgt 15,0 want NORTH
RC POS 147 id 18 seat 4 role defend fs 0 body 1 pos 7,21 stuck 0
RC WALK 147 id 18 role defend pos 7,21 tgt 6,21 want WEST
RC POS 148 id 4 seat 0 role raid fs 1 body 1 pos 16,1 stuck 67
RC POS 148 id 6 seat 1 role expand fs 0 body 1 pos 15,14 stuck 0
RC WALK 148 id 6 role expand pos 15,14 tgt 13,14 want WEST
RC POS 148 id 8 seat 2 role expand fs 0 body 1 pos 19,15 stuck 0
RC WALK 148 id 8 role expand pos 19,15 tgt 20,15 want EAST
RC POS 148 id 10 seat 3 role raid fs 1 body 2 pos 12,4 stuck 0
RC WALK 148 id 10 role raid pos 12,4 tgt 16,1 want SOUTH
RC POS 148 id 18 seat 4 role defend fs 0 body 1 pos 6,21 stuck 0
RC WALK 148 id 18 role defend pos 6,21 tgt 7,21 want EAST
RC POS 149 id 4 seat 0 role raid fs 1 body 1 pos 16,1 stuck 68
RC POS 149 id 6 seat 1 role expand fs 0 body 1 pos 14,14 stuck 0
RC WALK 149 id 6 role expand pos 14,14 tgt 15,16 want WEST
RC POS 149 id 8 seat 2 role expand fs 0 body 1 pos 20,15 stuck 0
V528 PICK r 149 id 8 tgt 23,21 cs 12 bs 12 reg 0 cc 1 bc 1 cands 6 banned 0 regall 0 seat 2
RC WALK 149 id 8 role expand pos 20,15 tgt 19,14 want WEST
RC POS 149 id 10 seat 3 role raid fs 1 body 2 pos 12,5 stuck 0
RC WALK 149 id 10 role raid pos 12,5 tgt 15,0 want NORTH
RC POS 149 id 18 seat 4 role defend fs 0 body 1 pos 7,21 stuck 0
RC WALK 149 id 18 role defend pos 7,21 tgt 6,21 want WEST
RC POS 150 id 4 seat 0 role raid fs 1 body 1 pos 16,1 stuck 69
RC POS 150 id 6 seat 1 role expand fs 0 body 1 pos 13,14 stuck 0
RC WALK 150 id 6 role expand pos 13,14 tgt 14,14 want EAST
RC POS 150 id 8 seat 2 role expand fs 0 body 1 pos 19,15 stuck 0
RC WALK 150 id 8 role expand pos 19,15 tgt 20,15 want EAST
RC POS 150 id 10 seat 3 role raid fs 1 body 2 pos 12,4 stuck 0
RC WALK 150 id 10 role raid pos 12,4 tgt 16,1 want SOUTH
RC POS 150 id 18 seat 4 role defend fs 0 body 1 pos 6,21 stuck 0
RC WALK 150 id 18 role defend pos 6,21 tgt 7,21 want EAST
RC POS 151 id 4 seat 0 role raid fs 1 body 1 pos 16,1 stuck 70
RC POS 151 id 6 seat 1 role expand fs 0 body 1 pos 14,14 stuck 0
V528 PICK r 151 id 6 tgt 14,14 cs 15 bs 15 reg 0 cc 5 bc 5 cands 5 banned 0 regall 0 seat 1
RC WALK 151 id 6 role expand pos 14,14 tgt 13,14 want WEST
RC POS 151 id 8 seat 2 role expand fs 0 body 1 pos 20,15 stuck 0
V528 PICK r 151 id 8 tgt 23,21 cs 12 bs 12 reg 0 cc 1 bc 1 cands 6 banned 0 regall 0 seat 2
RC WALK 151 id 8 role expand pos 20,15 tgt 19,14 want WEST
RC POS 151 id 10 seat 3 role raid fs 1 body 2 pos 12,5 stuck 0
RC WALK 151 id 10 role raid pos 12,5 tgt 15,0 want NORTH
RC POS 151 id 18 seat 4 role defend fs 0 body 1 pos 7,21 stuck 0
RC WALK 151 id 18 role defend pos 7,21 tgt 6,21 want WEST
RC POS 152 id 4 seat 0 role raid fs 1 body 1 pos 16,1 stuck 71
RC POS 152 id 6 seat 1 role expand fs 0 body 1 pos 13,14 stuck 0
V528 PICK r 152 id 6 tgt 14,14 cs 16 bs 16 reg 0 cc 5 bc 5 cands 5 banned 0 regall 0 seat 1
RC WALK 152 id 6 role expand pos 13,14 tgt 14,14 want EAST
RC POS 152 id 8 seat 2 role expand fs 0 body 1 pos 19,15 stuck 0
RC WALK 152 id 8 role expand pos 19,15 tgt 20,15 want EAST
RC POS 152 id 10 seat 3 role raid fs 1 body 2 pos 12,4 stuck 0
RC WALK 152 id 10 role raid pos 12,4 tgt 16,1 want SOUTH
RC POS 152 id 18 seat 4 role defend fs 0 body 1 pos 6,21 stuck 0
RC WALK 152 id 18 role defend pos 6,21 tgt 7,21 want EAST
RC POS 153 id 4 seat 0 role raid fs 1 body 1 pos 16,1 stuck 72
RC POS 153 id 6 seat 1 role expand fs 0 body 1 pos 14,14 stuck 0
V528 PICK r 153 id 6 tgt 14,14 cs 15 bs 15 reg 0 cc 5 bc 5 cands 5 banned 0 regall 0 seat 1
RC WALK 153 id 6 role expand pos 14,14 tgt 16,14 want EAST
RC POS 153 id 8 seat 2 role expand fs 0 body 1 pos 20,15 stuck 0
V528 PICK r 153 id 8 tgt 23,21 cs 12 bs 12 reg 0 cc 1 bc 1 cands 6 banned 0 regall 0 seat 2
RC WALK 153 id 8 role expand pos 20,15 tgt 19,14 want WEST
RC POS 153 id 10 seat 3 role raid fs 1 body 2 pos 12,5 stuck 0
RC WALK 153 id 10 role raid pos 12,5 tgt 15,0 want NORTH
RC POS 153 id 18 seat 4 role defend fs 0 body 1 pos 7,21 stuck 0
RC WALK 153 id 18 role defend pos 7,21 tgt 6,21 want WEST
RC POS 154 id 4 seat 0 role raid fs 1 body 1 pos 16,1 stuck 73
RC POS 154 id 6 seat 1 role expand fs 0 body 1 pos 15,14 stuck 0
RC WALK 154 id 6 role expand pos 15,14 tgt 15,15 want SOUTH
RC POS 154 id 8 seat 2 role expand fs 0 body 1 pos 19,15 stuck 0
RC WALK 154 id 8 role expand pos 19,15 tgt 20,15 want EAST
RC POS 154 id 10 seat 3 role raid fs 1 body 2 pos 12,4 stuck 0
RC WALK 154 id 10 role raid pos 12,4 tgt 16,1 want SOUTH
RC POS 154 id 18 seat 4 role defend fs 0 body 1 pos 6,21 stuck 0
RC WALK 154 id 18 role defend pos 6,21 tgt 7,21 want EAST
RC POS 155 id 4 seat 0 role raid fs 1 body 1 pos 16,1 stuck 74
RC POS 155 id 6 seat 1 role expand fs 0 body 1 pos 15,15 stuck 0
V528 PICK r 155 id 6 tgt 14,14 cs 17 bs 17 reg 0 cc 5 bc 5 cands 5 banned 0 regall 0 seat 1
RC WALK 155 id 6 role expand pos 15,15 tgt 13,14 want NORTH
RC POS 155 id 8 seat 2 role expand fs 0 body 1 pos 20,15 stuck 0
V528 PICK r 155 id 8 tgt 23,21 cs 12 bs 12 reg 0 cc 1 bc 1 cands 6 banned 0 regall 0 seat 2
RC WALK 155 id 8 role expand pos 20,15 tgt 19,14 want WEST
RC POS 155 id 10 seat 3 role raid fs 1 body 2 pos 12,5 stuck 0
RC WALK 155 id 10 role raid pos 12,5 tgt 15,0 want NORTH
RC POS 155 id 18 seat 4 role defend fs 0 body 1 pos 7,21 stuck 0
RC WALK 155 id 18 role defend pos 7,21 tgt 6,21 want WEST
RC POS 156 id 4 seat 0 role raid fs 1 body 1 pos 16,1 stuck 75
RC POS 156 id 6 seat 1 role expand fs 0 body 1 pos 15,14 stuck 0
RC WALK 156 id 6 role expand pos 15,14 tgt 13,14 want WEST
RC POS 156 id 8 seat 2 role expand fs 0 body 1 pos 19,15 stuck 0
RC WALK 156 id 8 role expand pos 19,15 tgt 20,15 want EAST
RC POS 156 id 10 seat 3 role raid fs 1 body 2 pos 12,4 stuck 0
RC WALK 156 id 10 role raid pos 12,4 tgt 16,1 want SOUTH
RC POS 156 id 18 seat 4 role defend fs 0 body 1 pos 6,21 stuck 0
RC WALK 156 id 18 role defend pos 6,21 tgt 7,21 want EAST
RC POS 157 id 4 seat 0 role raid fs 1 body 1 pos 16,1 stuck 76
RC POS 157 id 6 seat 1 role expand fs 0 body 1 pos 14,14 stuck 0
RC WALK 157 id 6 role expand pos 14,14 tgt 15,16 want WEST
RC POS 157 id 8 seat 2 role expand fs 0 body 1 pos 20,15 stuck 0
V528 PICK r 157 id 8 tgt 23,21 cs 12 bs 12 reg 0 cc 1 bc 1 cands 6 banned 0 regall 0 seat 2
RC WALK 157 id 8 role expand pos 20,15 tgt 19,14 want WEST
RC POS 157 id 10 seat 3 role raid fs 1 body 2 pos 12,5 stuck 0
RC WALK 157 id 10 role raid pos 12,5 tgt 15,0 want NORTH
RC POS 157 id 18 seat 4 role defend fs 0 body 1 pos 7,21 stuck 0
RC WALK 157 id 18 role defend pos 7,21 tgt 6,21 want WEST
RC POS 158 id 4 seat 0 role raid fs 1 body 1 pos 16,1 stuck 77
RC POS 158 id 6 seat 1 role expand fs 0 body 1 pos 13,14 stuck 0
RC WALK 158 id 6 role expand pos 13,14 tgt 14,14 want EAST
RC POS 158 id 8 seat 2 role expand fs 0 body 1 pos 19,15 stuck 0
RC WALK 158 id 8 role expand pos 19,15 tgt 20,15 want EAST
RC POS 158 id 10 seat 3 role raid fs 1 body 2 pos 12,4 stuck 0
RC WALK 158 id 10 role raid pos 12,4 tgt 16,1 want SOUTH
RC POS 158 id 18 seat 4 role defend fs 0 body 1 pos 6,21 stuck 0
RC WALK 158 id 18 role defend pos 6,21 tgt 7,21 want EAST
RC POS 159 id 4 seat 0 role raid fs 1 body 1 pos 16,1 stuck 78
RC POS 159 id 6 seat 1 role expand fs 0 body 1 pos 14,14 stuck 0
V528 PICK r 159 id 6 tgt 14,14 cs 9 bs 9 reg 0 cc 3 bc 3 cands 5 banned 0 regall 0 seat 1
RC WALK 159 id 6 role expand pos 14,14 tgt 13,14 want WEST
RC POS 159 id 8 seat 2 role expand fs 0 body 1 pos 20,15 stuck 0
V528 PICK r 159 id 8 tgt 23,21 cs 12 bs 12 reg 0 cc 1 bc 1 cands 6 banned 0 regall 0 seat 2
RC WALK 159 id 8 role expand pos 20,15 tgt 19,14 want WEST
RC POS 159 id 10 seat 3 role raid fs 1 body 2 pos 12,5 stuck 0
RC WALK 159 id 10 role raid pos 12,5 tgt 15,0 want NORTH
RC POS 159 id 18 seat 4 role defend fs 0 body 1 pos 7,21 stuck 0
RC WALK 159 id 18 role defend pos 7,21 tgt 6,21 want WEST
RC POS 160 id 4 seat 0 role raid fs 1 body 1 pos 16,1 stuck 79
RC POS 160 id 6 seat 1 role expand fs 0 body 1 pos 13,14 stuck 0
V528 PICK r 160 id 6 tgt 14,14 cs 10 bs 10 reg 0 cc 3 bc 3 cands 5 banned 0 regall 0 seat 1
RC WALK 160 id 6 role expand pos 13,14 tgt 14,14 want EAST
RC POS 160 id 8 seat 2 role expand fs 0 body 1 pos 19,15 stuck 0
RC WALK 160 id 8 role expand pos 19,15 tgt 20,15 want EAST
RC POS 160 id 10 seat 3 role raid fs 1 body 2 pos 12,4 stuck 0
RC WALK 160 id 10 role raid pos 12,4 tgt 16,1 want SOUTH
RC POS 160 id 18 seat 4 role defend fs 0 body 1 pos 6,21 stuck 0
RC WALK 160 id 18 role defend pos 6,21 tgt 7,21 want EAST
RC POS 161 id 4 seat 0 role raid fs 1 body 1 pos 16,1 stuck 80
RC POS 161 id 6 seat 1 role expand fs 0 body 1 pos 14,14 stuck 0
V528 PICK r 161 id 6 tgt 14,14 cs 9 bs 9 reg 0 cc 3 bc 3 cands 5 banned 0 regall 0 seat 1
RC WALK 161 id 6 role expand pos 14,14 tgt 16,14 want EAST
RC POS 161 id 8 seat 2 role expand fs 0 body 1 pos 20,15 stuck 0
V528 PICK r 161 id 8 tgt 23,21 cs 12 bs 12 reg 0 cc 1 bc 1 cands 6 banned 0 regall 0 seat 2
RC WALK 161 id 8 role expand pos 20,15 tgt 19,14 want WEST
RC POS 161 id 10 seat 3 role raid fs 1 body 2 pos 12,5 stuck 0
RC WALK 161 id 10 role raid pos 12,5 tgt 15,0 want NORTH
RC POS 161 id 18 seat 4 role defend fs 0 body 1 pos 7,21 stuck 0
RC WALK 161 id 18 role defend pos 7,21 tgt 6,21 want WEST
RC POS 162 id 4 seat 0 role raid fs 1 body 1 pos 16,1 stuck 81
RC POS 162 id 6 seat 1 role expand fs 0 body 1 pos 15,14 stuck 0
RC WALK 162 id 6 role expand pos 15,14 tgt 15,15 want SOUTH
RC POS 162 id 8 seat 2 role expand fs 0 body 1 pos 19,15 stuck 0
RC WALK 162 id 8 role expand pos 19,15 tgt 20,15 want EAST
RC POS 162 id 10 seat 3 role raid fs 1 body 2 pos 12,4 stuck 0
RC WALK 162 id 10 role raid pos 12,4 tgt 16,1 want SOUTH
RC POS 162 id 18 seat 4 role defend fs 0 body 1 pos 6,21 stuck 0
RC WALK 162 id 18 role defend pos 6,21 tgt 7,21 want EAST
RC POS 163 id 4 seat 0 role raid fs 1 body 1 pos 16,1 stuck 82
RC POS 163 id 6 seat 1 role expand fs 0 body 1 pos 15,15 stuck 0
V528 PICK r 163 id 6 tgt 14,14 cs 11 bs 11 reg 0 cc 3 bc 3 cands 5 banned 0 regall 0 seat 1
RC WALK 163 id 6 role expand pos 15,15 tgt 13,14 want NORTH
RC POS 163 id 8 seat 2 role expand fs 0 body 1 pos 20,15 stuck 0
V528 PICK r 163 id 8 tgt 23,21 cs 12 bs 12 reg 0 cc 1 bc 1 cands 6 banned 0 regall 0 seat 2
RC WALK 163 id 8 role expand pos 20,15 tgt 19,14 want WEST
RC POS 163 id 10 seat 3 role raid fs 1 body 2 pos 12,5 stuck 0
RC WALK 163 id 10 role raid pos 12,5 tgt 15,0 want NORTH
RC POS 163 id 18 seat 4 role defend fs 0 body 1 pos 7,21 stuck 0
RC WALK 163 id 18 role defend pos 7,21 tgt 6,21 want WEST
RC POS 164 id 4 seat 0 role raid fs 1 body 1 pos 16,1 stuck 83
RC POS 164 id 6 seat 1 role expand fs 0 body 1 pos 15,14 stuck 0
RC WALK 164 id 6 role expand pos 15,14 tgt 13,14 want WEST
RC POS 164 id 8 seat 2 role expand fs 0 body 1 pos 19,15 stuck 0
RC WALK 164 id 8 role expand pos 19,15 tgt 20,15 want EAST
RC POS 164 id 10 seat 3 role raid fs 1 body 2 pos 12,4 stuck 0
RC WALK 164 id 10 role raid pos 12,4 tgt 16,1 want SOUTH
RC POS 164 id 18 seat 4 role defend fs 0 body 1 pos 6,21 stuck 0
RC WALK 164 id 18 role defend pos 6,21 tgt 7,21 want EAST
RC POS 165 id 4 seat 0 role raid fs 1 body 1 pos 16,1 stuck 84
RC POS 165 id 6 seat 1 role expand fs 0 body 1 pos 14,14 stuck 0
RC WALK 165 id 6 role expand pos 14,14 tgt 15,16 want WEST
RC POS 165 id 8 seat 2 role expand fs 0 body 1 pos 20,15 stuck 0
V528 PICK r 165 id 8 tgt 23,21 cs 12 bs 12 reg 0 cc 1 bc 1 cands 6 banned 0 regall 0 seat 2
RC WALK 165 id 8 role expand pos 20,15 tgt 19,14 want WEST
RC POS 165 id 10 seat 3 role raid fs 1 body 2 pos 12,5 stuck 0
RC WALK 165 id 10 role raid pos 12,5 tgt 15,0 want NORTH
RC POS 165 id 18 seat 4 role defend fs 0 body 1 pos 7,21 stuck 0
RC WALK 165 id 18 role defend pos 7,21 tgt 6,21 want WEST
RC POS 166 id 4 seat 0 role raid fs 1 body 1 pos 16,1 stuck 85
RC POS 166 id 6 seat 1 role expand fs 0 body 1 pos 13,14 stuck 0
RC WALK 166 id 6 role expand pos 13,14 tgt 14,14 want EAST
RC POS 166 id 8 seat 2 role expand fs 0 body 1 pos 19,15 stuck 0
RC WALK 166 id 8 role expand pos 19,15 tgt 20,15 want EAST
RC POS 166 id 10 seat 3 role raid fs 1 body 2 pos 12,4 stuck 0
RC WALK 166 id 10 role raid pos 12,4 tgt 16,1 want SOUTH
RC POS 166 id 18 seat 4 role defend fs 0 body 1 pos 6,21 stuck 0
RC WALK 166 id 18 role defend pos 6,21 tgt 7,21 want EAST
RC POS 167 id 4 seat 0 role raid fs 1 body 1 pos 16,1 stuck 86
RC POS 167 id 6 seat 1 role expand fs 0 body 1 pos 14,14 stuck 0
V528 PICK r 167 id 6 tgt 14,14 cs 9 bs 9 reg 0 cc 3 bc 3 cands 5 banned 0 regall 0 seat 1
RC WALK 167 id 6 role expand pos 14,14 tgt 13,14 want WEST
RC POS 167 id 8 seat 2 role expand fs 0 body 1 pos 20,15 stuck 0
V528 PICK r 167 id 8 tgt 23,21 cs 12 bs 12 reg 0 cc 1 bc 1 cands 6 banned 0 regall 0 seat 2
RC WALK 167 id 8 role expand pos 20,15 tgt 19,14 want WEST
RC POS 167 id 10 seat 3 role raid fs 1 body 2 pos 12,5 stuck 0
RC WALK 167 id 10 role raid pos 12,5 tgt 15,0 want NORTH
RC POS 167 id 18 seat 4 role defend fs 0 body 1 pos 7,21 stuck 0
RC WALK 167 id 18 role defend pos 7,21 tgt 6,21 want WEST
RC POS 168 id 4 seat 0 role raid fs 1 body 1 pos 16,1 stuck 87
RC POS 168 id 6 seat 1 role expand fs 0 body 1 pos 13,14 stuck 0
V528 PICK r 168 id 6 tgt 14,14 cs 16 bs 16 reg 0 cc 5 bc 5 cands 5 banned 0 regall 0 seat 1
RC WALK 168 id 6 role expand pos 13,14 tgt 14,14 want EAST
RC POS 168 id 8 seat 2 role expand fs 0 body 1 pos 19,15 stuck 0
RC WALK 168 id 8 role expand pos 19,15 tgt 20,15 want EAST
RC POS 168 id 10 seat 3 role raid fs 1 body 2 pos 12,4 stuck 0
RC WALK 168 id 10 role raid pos 12,4 tgt 16,1 want SOUTH
RC POS 168 id 18 seat 4 role defend fs 0 body 1 pos 6,21 stuck 0
RC WALK 168 id 18 role defend pos 6,21 tgt 7,21 want EAST
RC POS 169 id 4 seat 0 role raid fs 1 body 1 pos 16,1 stuck 88
RC POS 169 id 6 seat 1 role expand fs 0 body 1 pos 14,14 stuck 0
V528 PICK r 169 id 6 tgt 14,14 cs 15 bs 15 reg 0 cc 5 bc 5 cands 5 banned 0 regall 0 seat 1
RC WALK 169 id 6 role expand pos 14,14 tgt 16,14 want EAST
RC POS 169 id 8 seat 2 role expand fs 0 body 1 pos 20,15 stuck 0
V528 PICK r 169 id 8 tgt 23,21 cs 12 bs 12 reg 0 cc 1 bc 1 cands 6 banned 0 regall 0 seat 2
RC WALK 169 id 8 role expand pos 20,15 tgt 19,14 want WEST
RC POS 169 id 10 seat 3 role raid fs 1 body 2 pos 12,5 stuck 0
RC WALK 169 id 10 role raid pos 12,5 tgt 15,0 want NORTH
RC POS 169 id 18 seat 4 role defend fs 0 body 1 pos 7,21 stuck 0
RC WALK 169 id 18 role defend pos 7,21 tgt 6,21 want WEST
RC POS 170 id 4 seat 0 role raid fs 1 body 1 pos 16,1 stuck 89
RC POS 170 id 6 seat 1 role expand fs 0 body 1 pos 15,14 stuck 0
RC WALK 170 id 6 role expand pos 15,14 tgt 15,15 want SOUTH
RC POS 170 id 8 seat 2 role expand fs 0 body 1 pos 19,15 stuck 0
RC WALK 170 id 8 role expand pos 19,15 tgt 20,15 want EAST
RC POS 170 id 10 seat 3 role raid fs 1 body 2 pos 12,4 stuck 0
RC WALK 170 id 10 role raid pos 12,4 tgt 16,1 want SOUTH
RC POS 170 id 18 seat 4 role defend fs 0 body 1 pos 6,21 stuck 0
RC WALK 170 id 18 role defend pos 6,21 tgt 7,21 want EAST
RC POS 171 id 4 seat 0 role raid fs 1 body 1 pos 16,1 stuck 90
RC POS 171 id 6 seat 1 role expand fs 0 body 1 pos 15,15 stuck 0
V528 PICK r 171 id 6 tgt 14,14 cs 17 bs 17 reg 0 cc 5 bc 5 cands 5 banned 0 regall 0 seat 1
RC WALK 171 id 6 role expand pos 15,15 tgt 13,14 want NORTH
RC POS 171 id 8 seat 2 role expand fs 0 body 1 pos 20,15 stuck 0
V528 PICK r 171 id 8 tgt 23,21 cs 12 bs 12 reg 0 cc 1 bc 1 cands 6 banned 0 regall 0 seat 2
RC WALK 171 id 8 role expand pos 20,15 tgt 19,14 want WEST
RC POS 171 id 10 seat 3 role raid fs 1 body 2 pos 12,5 stuck 0
RC WALK 171 id 10 role raid pos 12,5 tgt 15,0 want NORTH
RC POS 171 id 18 seat 4 role defend fs 0 body 1 pos 7,21 stuck 0
RC WALK 171 id 18 role defend pos 7,21 tgt 6,21 want WEST
RC POS 172 id 4 seat 0 role raid fs 1 body 1 pos 16,1 stuck 91
RC POS 172 id 6 seat 1 role expand fs 0 body 1 pos 15,14 stuck 0
RC WALK 172 id 6 role expand pos 15,14 tgt 13,14 want WEST
RC POS 172 id 8 seat 2 role expand fs 0 body 1 pos 19,15 stuck 0
RC WALK 172 id 8 role expand pos 19,15 tgt 20,15 want EAST
RC POS 172 id 10 seat 3 role raid fs 1 body 2 pos 12,4 stuck 0
RC WALK 172 id 10 role raid pos 12,4 tgt 16,1 want SOUTH
RC POS 172 id 18 seat 4 role defend fs 0 body 1 pos 6,21 stuck 0
RC WALK 172 id 18 role defend pos 6,21 tgt 7,21 want EAST
RC POS 173 id 4 seat 0 role raid fs 1 body 1 pos 16,1 stuck 92
RC POS 173 id 6 seat 1 role expand fs 0 body 1 pos 14,14 stuck 0
RC WALK 173 id 6 role expand pos 14,14 tgt 15,16 want WEST
RC POS 173 id 8 seat 2 role expand fs 0 body 1 pos 20,15 stuck 0
V528 PICK r 173 id 8 tgt 23,21 cs 12 bs 12 reg 0 cc 1 bc 1 cands 6 banned 0 regall 0 seat 2
RC WALK 173 id 8 role expand pos 20,15 tgt 19,14 want WEST
RC POS 173 id 10 seat 3 role raid fs 1 body 2 pos 12,5 stuck 0
RC WALK 173 id 10 role raid pos 12,5 tgt 15,0 want NORTH
RC POS 173 id 18 seat 4 role defend fs 0 body 1 pos 7,21 stuck 0
RC WALK 173 id 18 role defend pos 7,21 tgt 6,21 want WEST
RC POS 174 id 4 seat 0 role raid fs 1 body 1 pos 16,1 stuck 93
RC POS 174 id 6 seat 1 role expand fs 0 body 1 pos 13,14 stuck 0
RC WALK 174 id 6 role expand pos 13,14 tgt 14,14 want EAST
RC POS 174 id 8 seat 2 role expand fs 0 body 1 pos 19,15 stuck 0
RC WALK 174 id 8 role expand pos 19,15 tgt 20,15 want EAST
RC POS 174 id 10 seat 3 role raid fs 1 body 2 pos 12,4 stuck 0
RC WALK 174 id 10 role raid pos 12,4 tgt 16,1 want SOUTH
RC POS 174 id 18 seat 4 role defend fs 0 body 1 pos 6,21 stuck 0
RC WALK 174 id 18 role defend pos 6,21 tgt 7,21 want EAST
RC POS 175 id 4 seat 0 role raid fs 1 body 1 pos 16,1 stuck 94
RC POS 175 id 6 seat 1 role expand fs 0 body 1 pos 14,14 stuck 0
V528 PICK r 175 id 6 tgt 14,14 cs 15 bs 15 reg 0 cc 5 bc 5 cands 5 banned 0 regall 0 seat 1
RC WALK 175 id 6 role expand pos 14,14 tgt 13,14 want WEST
RC POS 175 id 8 seat 2 role expand fs 0 body 1 pos 20,15 stuck 0
V528 PICK r 175 id 8 tgt 23,21 cs 12 bs 12 reg 0 cc 1 bc 1 cands 6 banned 0 regall 0 seat 2
RC WALK 175 id 8 role expand pos 20,15 tgt 19,14 want WEST
RC POS 175 id 10 seat 3 role raid fs 1 body 2 pos 12,5 stuck 0
RC WALK 175 id 10 role raid pos 12,5 tgt 15,0 want NORTH
RC POS 175 id 18 seat 4 role defend fs 0 body 1 pos 7,21 stuck 0
RC WALK 175 id 18 role defend pos 7,21 tgt 6,21 want WEST
RC POS 176 id 4 seat 0 role raid fs 1 body 1 pos 16,1 stuck 95
RC POS 176 id 6 seat 1 role expand fs 0 body 1 pos 13,14 stuck 0
V528 PICK r 176 id 6 tgt 14,14 cs 16 bs 16 reg 0 cc 5 bc 5 cands 5 banned 0 regall 0 seat 1
RC WALK 176 id 6 role expand pos 13,14 tgt 14,14 want EAST
RC POS 176 id 8 seat 2 role expand fs 0 body 1 pos 19,15 stuck 0
RC WALK 176 id 8 role expand pos 19,15 tgt 20,15 want EAST
RC POS 176 id 10 seat 3 role raid fs 1 body 2 pos 12,4 stuck 0
RC WALK 176 id 10 role raid pos 12,4 tgt 16,1 want SOUTH
RC POS 176 id 18 seat 4 role defend fs 0 body 1 pos 6,21 stuck 0
RC WALK 176 id 18 role defend pos 6,21 tgt 7,21 want EAST
RC POS 177 id 4 seat 0 role raid fs 1 body 1 pos 16,1 stuck 96
RC POS 177 id 6 seat 1 role expand fs 0 body 1 pos 14,14 stuck 0
V528 PICK r 177 id 6 tgt 14,14 cs 15 bs 15 reg 0 cc 5 bc 5 cands 5 banned 0 regall 0 seat 1
RC WALK 177 id 6 role expand pos 14,14 tgt 16,14 want EAST
RC POS 177 id 8 seat 2 role expand fs 0 body 1 pos 20,15 stuck 0
V528 PICK r 177 id 8 tgt 23,21 cs 12 bs 12 reg 0 cc 1 bc 1 cands 6 banned 0 regall 0 seat 2
RC WALK 177 id 8 role expand pos 20,15 tgt 19,14 want WEST
RC POS 177 id 10 seat 3 role raid fs 1 body 2 pos 12,5 stuck 0
RC WALK 177 id 10 role raid pos 12,5 tgt 15,0 want NORTH
RC POS 177 id 18 seat 4 role defend fs 0 body 1 pos 7,21 stuck 0
RC WALK 177 id 18 role defend pos 7,21 tgt 6,21 want WEST
RC POS 178 id 4 seat 0 role raid fs 1 body 1 pos 16,1 stuck 97
RC POS 178 id 6 seat 1 role expand fs 0 body 1 pos 15,14 stuck 0
RC WALK 178 id 6 role expand pos 15,14 tgt 15,15 want SOUTH
RC POS 178 id 8 seat 2 role expand fs 0 body 1 pos 19,15 stuck 0
RC WALK 178 id 8 role expand pos 19,15 tgt 20,15 want EAST
RC POS 178 id 10 seat 3 role raid fs 1 body 2 pos 12,4 stuck 0
RC WALK 178 id 10 role raid pos 12,4 tgt 16,1 want SOUTH
RC POS 178 id 18 seat 4 role defend fs 0 body 1 pos 6,21 stuck 0
RC WALK 178 id 18 role defend pos 6,21 tgt 7,21 want EAST
RC POS 179 id 4 seat 0 role raid fs 1 body 1 pos 16,1 stuck 98
RC POS 179 id 6 seat 1 role expand fs 0 body 1 pos 15,15 stuck 0
V528 PICK r 179 id 6 tgt 14,14 cs 17 bs 17 reg 0 cc 5 bc 5 cands 5 banned 0 regall 0 seat 1
RC WALK 179 id 6 role expand pos 15,15 tgt 13,14 want NORTH
RC POS 179 id 8 seat 2 role expand fs 0 body 1 pos 20,15 stuck 0
V528 PICK r 179 id 8 tgt 23,21 cs 12 bs 12 reg 0 cc 1 bc 1 cands 6 banned 0 regall 0 seat 2
RC WALK 179 id 8 role expand pos 20,15 tgt 19,14 want WEST
RC POS 179 id 10 seat 3 role raid fs 1 body 2 pos 12,5 stuck 0
RC WALK 179 id 10 role raid pos 12,5 tgt 15,0 want NORTH
RC POS 179 id 18 seat 4 role defend fs 0 body 1 pos 7,21 stuck 0
RC WALK 179 id 18 role defend pos 7,21 tgt 6,21 want WEST
RC POS 180 id 4 seat 0 role raid fs 1 body 1 pos 16,1 stuck 99
RC POS 180 id 6 seat 1 role expand fs 0 body 1 pos 15,14 stuck 0
RC WALK 180 id 6 role expand pos 15,14 tgt 13,14 want WEST
RC POS 180 id 8 seat 2 role expand fs 0 body 1 pos 19,15 stuck 0
RC WALK 180 id 8 role expand pos 19,15 tgt 20,15 want EAST
RC POS 180 id 10 seat 3 role raid fs 1 body 2 pos 12,4 stuck 0
RC WALK 180 id 10 role raid pos 12,4 tgt 16,1 want SOUTH
RC POS 180 id 18 seat 4 role defend fs 0 body 1 pos 6,21 stuck 0
RC WALK 180 id 18 role defend pos 6,21 tgt 7,21 want EAST
RC POS 181 id 4 seat 0 role raid fs 1 body 1 pos 16,1 stuck 100
RC POS 181 id 6 seat 1 role expand fs 0 body 1 pos 14,14 stuck 0
RC WALK 181 id 6 role expand pos 14,14 tgt 15,16 want WEST
RC POS 181 id 8 seat 2 role expand fs 0 body 1 pos 20,15 stuck 0
V528 PICK r 181 id 8 tgt 23,21 cs 12 bs 12 reg 0 cc 1 bc 1 cands 6 banned 0 regall 0 seat 2
RC WALK 181 id 8 role expand pos 20,15 tgt 19,14 want WEST
RC POS 181 id 10 seat 3 role raid fs 1 body 2 pos 12,5 stuck 0
RC WALK 181 id 10 role raid pos 12,5 tgt 15,0 want NORTH
RC POS 181 id 18 seat 4 role defend fs 0 body 1 pos 7,21 stuck 0
RC WALK 181 id 18 role defend pos 7,21 tgt 6,21 want WEST
RC POS 182 id 4 seat 0 role raid fs 1 body 1 pos 16,1 stuck 101
RC POS 182 id 6 seat 1 role expand fs 0 body 1 pos 13,14 stuck 0
RC WALK 182 id 6 role expand pos 13,14 tgt 14,14 want EAST
RC POS 182 id 8 seat 2 role expand fs 0 body 1 pos 19,15 stuck 0
RC WALK 182 id 8 role expand pos 19,15 tgt 20,15 want EAST
RC POS 182 id 10 seat 3 role raid fs 1 body 2 pos 12,4 stuck 0
RC WALK 182 id 10 role raid pos 12,4 tgt 16,1 want SOUTH
RC POS 182 id 18 seat 4 role defend fs 0 body 1 pos 6,21 stuck 0
RC WALK 182 id 18 role defend pos 6,21 tgt 7,21 want EAST
RC POS 183 id 4 seat 0 role raid fs 1 body 1 pos 16,1 stuck 102
RC POS 183 id 6 seat 1 role expand fs 0 body 1 pos 14,14 stuck 0
V528 PICK r 183 id 6 tgt 14,14 cs 9 bs 9 reg 0 cc 3 bc 3 cands 5 banned 0 regall 0 seat 1
RC WALK 183 id 6 role expand pos 14,14 tgt 13,14 want WEST
RC POS 183 id 8 seat 2 role expand fs 0 body 1 pos 20,15 stuck 0
V528 PICK r 183 id 8 tgt 23,21 cs 12 bs 12 reg 0 cc 1 bc 1 cands 6 banned 0 regall 0 seat 2
RC WALK 183 id 8 role expand pos 20,15 tgt 19,14 want WEST
RC POS 183 id 10 seat 3 role raid fs 1 body 2 pos 12,5 stuck 0
RC WALK 183 id 10 role raid pos 12,5 tgt 15,0 want NORTH
RC POS 183 id 18 seat 4 role defend fs 0 body 1 pos 7,21 stuck 0
RC WALK 183 id 18 role defend pos 7,21 tgt 6,21 want WEST
RC POS 184 id 4 seat 0 role raid fs 1 body 1 pos 16,1 stuck 103
RC POS 184 id 6 seat 1 role expand fs 0 body 1 pos 13,14 stuck 0
V528 PICK r 184 id 6 tgt 14,14 cs 10 bs 10 reg 0 cc 3 bc 3 cands 5 banned 0 regall 0 seat 1
RC WALK 184 id 6 role expand pos 13,14 tgt 14,14 want EAST
RC POS 184 id 8 seat 2 role expand fs 0 body 1 pos 19,15 stuck 0
RC WALK 184 id 8 role expand pos 19,15 tgt 20,15 want EAST
RC POS 184 id 10 seat 3 role raid fs 1 body 2 pos 12,4 stuck 0
RC WALK 184 id 10 role raid pos 12,4 tgt 16,1 want SOUTH
RC POS 184 id 18 seat 4 role defend fs 0 body 1 pos 6,21 stuck 0
RC WALK 184 id 18 role defend pos 6,21 tgt 7,21 want EAST
RC POS 185 id 4 seat 0 role raid fs 1 body 1 pos 16,1 stuck 104
RC POS 185 id 6 seat 1 role expand fs 0 body 1 pos 14,14 stuck 0
V528 PICK r 185 id 6 tgt 14,14 cs 9 bs 9 reg 0 cc 3 bc 3 cands 5 banned 0 regall 0 seat 1
RC WALK 185 id 6 role expand pos 14,14 tgt 16,14 want EAST
RC POS 185 id 8 seat 2 role expand fs 0 body 1 pos 20,15 stuck 0
V528 PICK r 185 id 8 tgt 23,21 cs 12 bs 12 reg 0 cc 1 bc 1 cands 6 banned 0 regall 0 seat 2
RC WALK 185 id 8 role expand pos 20,15 tgt 19,14 want WEST
RC POS 185 id 10 seat 3 role raid fs 1 body 2 pos 12,5 stuck 0
RC WALK 185 id 10 role raid pos 12,5 tgt 15,0 want NORTH
RC POS 185 id 18 seat 4 role defend fs 0 body 1 pos 7,21 stuck 0
RC WALK 185 id 18 role defend pos 7,21 tgt 6,21 want WEST
RC POS 186 id 4 seat 0 role raid fs 1 body 1 pos 16,1 stuck 105
RC POS 186 id 6 seat 1 role expand fs 0 body 1 pos 15,14 stuck 0
RC WALK 186 id 6 role expand pos 15,14 tgt 15,15 want SOUTH
RC POS 186 id 8 seat 2 role expand fs 0 body 1 pos 19,15 stuck 0
RC WALK 186 id 8 role expand pos 19,15 tgt 20,15 want EAST
RC POS 186 id 10 seat 3 role raid fs 1 body 2 pos 12,4 stuck 0
RC WALK 186 id 10 role raid pos 12,4 tgt 16,1 want SOUTH
RC POS 186 id 18 seat 4 role defend fs 0 body 1 pos 6,21 stuck 0
RC WALK 186 id 18 role defend pos 6,21 tgt 7,21 want EAST
RC POS 187 id 4 seat 0 role raid fs 1 body 1 pos 16,1 stuck 106
RC POS 187 id 6 seat 1 role expand fs 0 body 1 pos 15,15 stuck 0
V528 PICK r 187 id 6 tgt 14,14 cs 11 bs 11 reg 0 cc 3 bc 3 cands 5 banned 0 regall 0 seat 1
RC WALK 187 id 6 role expand pos 15,15 tgt 13,14 want NORTH
RC POS 187 id 8 seat 2 role expand fs 0 body 1 pos 20,15 stuck 0
V528 PICK r 187 id 8 tgt 23,21 cs 12 bs 12 reg 0 cc 1 bc 1 cands 6 banned 0 regall 0 seat 2
RC WALK 187 id 8 role expand pos 20,15 tgt 19,14 want WEST
RC POS 187 id 10 seat 3 role raid fs 1 body 2 pos 12,5 stuck 0
RC WALK 187 id 10 role raid pos 12,5 tgt 15,0 want NORTH
RC POS 187 id 18 seat 4 role defend fs 0 body 1 pos 7,21 stuck 0
RC WALK 187 id 18 role defend pos 7,21 tgt 6,21 want WEST
RC POS 188 id 4 seat 0 role raid fs 1 body 1 pos 16,1 stuck 107
RC POS 188 id 6 seat 1 role expand fs 0 body 1 pos 15,14 stuck 0
RC WALK 188 id 6 role expand pos 15,14 tgt 13,14 want WEST
RC POS 188 id 8 seat 2 role expand fs 0 body 1 pos 19,15 stuck 0
RC WALK 188 id 8 role expand pos 19,15 tgt 20,15 want EAST
RC POS 188 id 10 seat 3 role raid fs 1 body 2 pos 12,4 stuck 0
RC WALK 188 id 10 role raid pos 12,4 tgt 16,1 want SOUTH
RC POS 188 id 18 seat 4 role defend fs 0 body 1 pos 6,21 stuck 0
RC WALK 188 id 18 role defend pos 6,21 tgt 7,21 want EAST
