Update available: 2.3.6 -> 2.3.8. Run: pip install --upgrade fcode
RC MAP w 20 h 26 ours 9,6 theirs 9,18
RC SEAT 1 id 3 seat 0
RC POS 1 id 3 seat 0 role raid fs 1 body 1 pos 9,8 stuck 0
RC POS 2 id 3 seat 0 role raid fs 1 body 1 pos 9,8 stuck 1
RC SEAT 2 id 5 seat 1
RC POS 2 id 5 seat 1 role expand fs 0 body 1 pos 9,5 stuck 0
RC WALK 2 id 5 role expand pos 9,5 tgt 9,3 want NORTH
RC POS 3 id 3 seat 0 role raid fs 1 body 1 pos 9,8 stuck 2
RC POS 3 id 5 seat 1 role expand fs 0 body 1 pos 9,4 stuck 0
RC WALK 3 id 5 role expand pos 9,4 tgt 9,3 want NORTH
RC SEAT 3 id 7 seat 2
RC POS 3 id 7 seat 2 role expand fs 0 body 1 pos 8,5 stuck 0
RC WALK 3 id 7 role expand pos 8,5 tgt 10,11 want SOUTH
RC POS 4 id 3 seat 0 role raid fs 1 body 1 pos 9,8 stuck 3
RC POS 4 id 5 seat 1 role expand fs 0 body 1 pos 9,3 stuck 0
V528 CONN r 4 id 5 at 9,2 chosen 4 best 3 regret 1 cands 5 role expand seat 1
RC POS 4 id 7 seat 2 role expand fs 0 body 1 pos 8,6 stuck 0
RC WALK 4 id 7 role expand pos 8,6 tgt 10,11 want SOUTH
RC SEAT 4 id 9 seat 3
RC POS 4 id 9 seat 3 role raid fs 1 body 2 pos 8,8 stuck 0
RC POS 5 id 3 seat 0 role raid fs 1 body 1 pos 9,8 stuck 4
RC POS 5 id 5 seat 1 role expand fs 0 body 1 pos 9,3 stuck 1
RC POS 5 id 7 seat 2 role expand fs 0 body 1 pos 8,7 stuck 0
RC WALK 5 id 7 role expand pos 8,7 tgt 10,10 want WEST
RC POS 5 id 9 seat 3 role raid fs 1 body 2 pos 8,8 stuck 1
RC POS 6 id 3 seat 0 role raid fs 1 body 1 pos 9,8 stuck 5
RC POS 6 id 5 seat 1 role expand fs 0 body 1 pos 9,3 stuck 2
RC POS 6 id 7 seat 2 role expand fs 0 body 1 pos 7,7 stuck 0
RC WALK 6 id 7 role expand pos 7,7 tgt 10,10 want SOUTH
RC POS 6 id 9 seat 3 role raid fs 1 body 2 pos 8,9 stuck 0
RC POS 7 id 3 seat 0 role raid fs 1 body 1 pos 9,14 stuck 0
RC POS 7 id 5 seat 1 role expand fs 0 body 1 pos 9,4 stuck 0
RC POS 7 id 7 seat 2 role expand fs 0 body 1 pos 7,8 stuck 0
RC WALK 7 id 7 role expand pos 7,8 tgt 10,10 want EAST
RC POS 7 id 9 seat 3 role raid fs 1 body 2 pos 8,9 stuck 1
RC POS 8 id 3 seat 0 role raid fs 1 body 1 pos 9,14 stuck 1
RC POS 8 id 5 seat 1 role expand fs 0 body 1 pos 9,4 stuck 1
RC POS 8 id 7 seat 2 role expand fs 0 body 1 pos 8,8 stuck 0
RC WALK 8 id 7 role expand pos 8,8 tgt 10,10 want EAST
RC POS 8 id 9 seat 3 role raid fs 1 body 2 pos 8,14 stuck 0
RC POS 9 id 3 seat 0 role raid fs 1 body 1 pos 9,14 stuck 2
RC POS 9 id 5 seat 1 role expand fs 0 body 1 pos 9,4 stuck 2
RC WALK 9 id 5 role expand pos 9,4 tgt 9,3 want NORTH
RC POS 9 id 7 seat 2 role expand fs 0 body 1 pos 9,8 stuck 0
RC WALK 9 id 7 role expand pos 9,8 tgt 10,10 want SOUTH
RC POS 9 id 9 seat 3 role raid fs 1 body 2 pos 8,14 stuck 1
RC POS 10 id 3 seat 0 role raid fs 1 body 1 pos 8,19 stuck 0
RC POS 10 id 5 seat 1 role expand fs 0 body 1 pos 9,3 stuck 0
RC WALK 10 id 5 role expand pos 9,3 tgt 14,7 want EAST
RC POS 10 id 7 seat 2 role expand fs 0 body 1 pos 9,9 stuck 0
RC WALK 10 id 7 role expand pos 9,9 tgt 9,8 want NORTH
RC POS 10 id 9 seat 3 role raid fs 1 body 2 pos 8,14 stuck 2
RC POS 11 id 3 seat 0 role raid fs 1 body 1 pos 8,19 stuck 1
RC WALK 11 id 3 role raid pos 8,19 tgt 11,17 want SOUTH
RC POS 11 id 5 seat 1 role expand fs 0 body 1 pos 10,3 stuck 0
RC WALK 11 id 5 role expand pos 10,3 tgt 14,7 want EAST
RC POS 11 id 9 seat 3 role raid fs 1 body 2 pos 9,17 stuck 0
RC POS 12 id 3 seat 0 role raid fs 1 body 1 pos 8,20 stuck 0
RC POS 12 id 5 seat 1 role expand fs 0 body 1 pos 11,3 stuck 0
RC WALK 12 id 5 role expand pos 11,3 tgt 14,7 want SOUTH
RC POS 12 id 9 seat 3 role raid fs 1 body 2 pos 9,17 stuck 1
RC POS 13 id 3 seat 0 role raid fs 1 body 1 pos 8,20 stuck 1
RC POS 13 id 5 seat 1 role expand fs 0 body 1 pos 11,4 stuck 0
RC WALK 13 id 5 role expand pos 11,4 tgt 14,6 want EAST
RC POS 13 id 9 seat 3 role raid fs 1 body 2 pos 9,17 stuck 2
RC POS 14 id 3 seat 0 role raid fs 1 body 1 pos 8,20 stuck 2
RC WALK 14 id 3 role raid pos 8,20 tgt 10,16 want SOUTH
RC POS 14 id 5 seat 1 role expand fs 0 body 1 pos 12,4 stuck 0
RC WALK 14 id 5 role expand pos 12,4 tgt 14,6 want EAST
RC POS 14 id 9 seat 3 role raid fs 1 body 2 pos 9,17 stuck 3
RC POS 15 id 3 seat 0 role raid fs 1 body 1 pos 8,21 stuck 0
RC WALK 15 id 3 role raid pos 8,21 tgt 10,16 want NORTH
RC POS 15 id 5 seat 1 role expand fs 0 body 1 pos 13,4 stuck 0
RC WALK 15 id 5 role expand pos 13,4 tgt 10,5 want WEST
RC POS 15 id 9 seat 3 role raid fs 1 body 2 pos 9,17 stuck 4
RC POS 16 id 3 seat 0 role raid fs 1 body 1 pos 8,20 stuck 0
RC POS 16 id 5 seat 1 role expand fs 0 body 1 pos 12,4 stuck 0
RC WALK 16 id 5 role expand pos 12,4 tgt 14,6 want EAST
RC POS 16 id 9 seat 3 role raid fs 1 body 2 pos 9,17 stuck 5
RC POS 17 id 3 seat 0 role raid fs 1 body 1 pos 8,20 stuck 1
RC WALK 17 id 3 role raid pos 8,20 tgt 10,16 want SOUTH
RC POS 17 id 5 seat 1 role expand fs 0 body 1 pos 13,4 stuck 0
RC WALK 17 id 5 role expand pos 13,4 tgt 10,5 want WEST
RC POS 17 id 9 seat 3 role raid fs 1 body 2 pos 9,17 stuck 6
RC POS 18 id 3 seat 0 role raid fs 1 body 1 pos 8,21 stuck 0
RC WALK 18 id 3 role raid pos 8,21 tgt 10,16 want NORTH
RC POS 18 id 5 seat 1 role expand fs 0 body 1 pos 12,4 stuck 0
RC WALK 18 id 5 role expand pos 12,4 tgt 10,5 want WEST
RC POS 18 id 9 seat 3 role raid fs 1 body 2 pos 9,17 stuck 7
RC POS 19 id 3 seat 0 role raid fs 1 body 1 pos 8,20 stuck 0
RC WALK 19 id 3 role raid pos 8,20 tgt 11,20 want SOUTH
RC POS 19 id 5 seat 1 role expand fs 0 body 1 pos 11,4 stuck 0
RC WALK 19 id 5 role expand pos 11,4 tgt 10,5 want WEST
RC POS 19 id 9 seat 3 role raid fs 1 body 2 pos 9,17 stuck 8
RC POS 20 id 3 seat 0 role raid fs 1 body 1 pos 8,21 stuck 0
RC WALK 20 id 3 role raid pos 8,21 tgt 10,21 want EAST
RC POS 20 id 5 seat 1 role expand fs 0 body 1 pos 10,4 stuck 0
RC WALK 20 id 5 role expand pos 10,4 tgt 10,5 want SOUTH
RC POS 20 id 9 seat 3 role raid fs 1 body 2 pos 9,17 stuck 9
RC POS 21 id 3 seat 0 role raid fs 1 body 1 pos 9,21 stuck 0
RC WALK 21 id 3 role raid pos 9,21 tgt 10,21 want EAST
RC POS 21 id 9 seat 3 role raid fs 1 body 2 pos 9,17 stuck 10
RC POS 22 id 3 seat 0 role raid fs 1 body 1 pos 10,21 stuck 0
RC POS 22 id 9 seat 3 role raid fs 1 body 2 pos 9,17 stuck 11
RC POS 23 id 3 seat 0 role raid fs 1 body 1 pos 10,21 stuck 1
RC WALK 23 id 3 role raid pos 10,21 tgt 11,20 want EAST
RC POS 23 id 9 seat 3 role raid fs 1 body 2 pos 9,17 stuck 12
RC POS 24 id 3 seat 0 role raid fs 1 body 1 pos 11,21 stuck 0
RC WALK 24 id 3 role raid pos 11,21 tgt 11,20 want NORTH
RC POS 24 id 9 seat 3 role raid fs 1 body 2 pos 9,17 stuck 13
RC POS 25 id 3 seat 0 role raid fs 1 body 1 pos 11,20 stuck 0
RC POS 25 id 9 seat 3 role raid fs 1 body 2 pos 9,17 stuck 14
RC POS 26 id 3 seat 0 role raid fs 1 body 1 pos 11,20 stuck 1
RC WALK 26 id 3 role raid pos 11,20 tgt 8,20 want SOUTH
RC POS 26 id 9 seat 3 role raid fs 1 body 2 pos 9,17 stuck 15
RC POS 27 id 3 seat 0 role raid fs 1 body 1 pos 11,21 stuck 0
RC WALK 27 id 3 role raid pos 11,21 tgt 11,17 want NORTH
RC POS 27 id 9 seat 3 role raid fs 1 body 2 pos 9,17 stuck 16
RC POS 28 id 3 seat 0 role raid fs 1 body 1 pos 11,20 stuck 0
RC WALK 28 id 3 role raid pos 11,20 tgt 11,17 want EAST
RC POS 28 id 9 seat 3 role raid fs 1 body 2 pos 9,17 stuck 17
RC POS 29 id 3 seat 0 role raid fs 1 body 1 pos 12,20 stuck 0
RC WALK 29 id 3 role raid pos 12,20 tgt 11,17 want EAST
RC POS 29 id 9 seat 3 role raid fs 1 body 2 pos 9,17 stuck 18
RC POS 30 id 3 seat 0 role raid fs 1 body 1 pos 13,20 stuck 0
RC WALK 30 id 3 role raid pos 13,20 tgt 11,17 want NORTH
RC POS 30 id 9 seat 3 role raid fs 1 body 2 pos 9,17 stuck 19
RC POS 31 id 3 seat 0 role raid fs 1 body 1 pos 13,19 stuck 0
RC WALK 31 id 3 role raid pos 13,19 tgt 11,17 want NORTH
RC POS 31 id 9 seat 3 role raid fs 1 body 2 pos 9,17 stuck 20
RC POS 32 id 3 seat 0 role raid fs 1 body 1 pos 13,18 stuck 0
RC WALK 32 id 3 role raid pos 13,18 tgt 11,17 want WEST
RC POS 32 id 9 seat 3 role raid fs 1 body 2 pos 9,17 stuck 21
RC POS 33 id 3 seat 0 role raid fs 1 body 1 pos 12,18 stuck 0
RC WALK 33 id 3 role raid pos 12,18 tgt 11,17 want WEST
RC POS 33 id 9 seat 3 role raid fs 1 body 2 pos 9,17 stuck 22
RC POS 34 id 3 seat 0 role raid fs 1 body 1 pos 11,18 stuck 0
RC POS 34 id 9 seat 3 role raid fs 1 body 2 pos 9,17 stuck 23
RC POS 35 id 3 seat 0 role raid fs 1 body 1 pos 11,18 stuck 1
RC WALK 35 id 3 role raid pos 11,18 tgt 11,17 want NORTH
RC POS 35 id 9 seat 3 role raid fs 1 body 2 pos 9,17 stuck 24
RC POS 36 id 3 seat 0 role raid fs 1 body 1 pos 11,17 stuck 0
RC POS 36 id 7 seat 2 role expand fs 0 body 1 pos 9,8 stuck 25
RC WALK 36 id 7 role expand pos 9,8 tgt 2,6 want WEST
RC POS 36 id 9 seat 3 role raid fs 1 body 2 pos 9,17 stuck 25
RC POS 37 id 3 seat 0 role raid fs 1 body 1 pos 11,17 stuck 1
RC POS 37 id 7 seat 2 role expand fs 0 body 1 pos 8,8 stuck 0
RC WALK 37 id 7 role expand pos 8,8 tgt 9,8 want EAST
RC POS 37 id 9 seat 3 role raid fs 1 body 2 pos 9,17 stuck 26
RC POS 38 id 3 seat 0 role raid fs 1 body 1 pos 11,17 stuck 2
RC POS 38 id 9 seat 3 role raid fs 1 body 2 pos 9,17 stuck 27
RC POS 39 id 3 seat 0 role raid fs 1 body 1 pos 11,17 stuck 3
RC POS 39 id 9 seat 3 role raid fs 1 body 2 pos 9,17 stuck 28
RC POS 40 id 3 seat 0 role raid fs 1 body 1 pos 11,17 stuck 4
RC POS 40 id 5 seat 1 role expand fs 0 body 1 pos 10,5 stuck 19
RC WALK 40 id 5 role expand pos 10,5 tgt 14,6 want NORTH
RC POS 40 id 7 seat 2 role expand fs 0 body 1 pos 9,8 stuck 2
RC WALK 40 id 7 role expand pos 9,8 tgt 2,6 want WEST
RC POS 40 id 9 seat 3 role raid fs 1 body 2 pos 9,17 stuck 29
RC POS 41 id 3 seat 0 role raid fs 1 body 1 pos 11,17 stuck 5
RC POS 41 id 5 seat 1 role expand fs 0 body 1 pos 10,4 stuck 0
RC WALK 41 id 5 role expand pos 10,4 tgt 14,6 want EAST
RC POS 41 id 7 seat 2 role expand fs 0 body 1 pos 8,8 stuck 0
RC WALK 41 id 7 role expand pos 8,8 tgt 9,8 want EAST
RC POS 41 id 9 seat 3 role raid fs 1 body 2 pos 9,17 stuck 30
RC POS 42 id 3 seat 0 role raid fs 1 body 1 pos 11,17 stuck 6
RC POS 42 id 5 seat 1 role expand fs 0 body 1 pos 11,4 stuck 0
RC WALK 42 id 5 role expand pos 11,4 tgt 14,6 want EAST
RC POS 42 id 9 seat 3 role raid fs 1 body 2 pos 9,17 stuck 31
RC POS 43 id 3 seat 0 role raid fs 1 body 1 pos 11,17 stuck 7
RC POS 43 id 5 seat 1 role expand fs 0 body 1 pos 12,4 stuck 0
RC WALK 43 id 5 role expand pos 12,4 tgt 14,6 want EAST
RC POS 43 id 9 seat 3 role raid fs 1 body 2 pos 9,17 stuck 32
RC POS 44 id 3 seat 0 role raid fs 1 body 1 pos 11,17 stuck 8
RC POS 44 id 5 seat 1 role expand fs 0 body 1 pos 13,4 stuck 0
RC WALK 44 id 5 role expand pos 13,4 tgt 14,6 want SOUTH
RC POS 44 id 9 seat 3 role raid fs 1 body 2 pos 9,17 stuck 33
RC POS 45 id 3 seat 0 role raid fs 1 body 1 pos 11,17 stuck 9
RC POS 45 id 5 seat 1 role expand fs 0 body 1 pos 13,5 stuck 0
RC WALK 45 id 5 role expand pos 13,5 tgt 14,6 want EAST
RC POS 45 id 9 seat 3 role raid fs 1 body 2 pos 9,17 stuck 34
RC POS 46 id 3 seat 0 role raid fs 1 body 1 pos 11,17 stuck 10
RC POS 46 id 5 seat 1 role expand fs 0 body 1 pos 14,5 stuck 0
RC WALK 46 id 5 role expand pos 14,5 tgt 14,6 want SOUTH
RC POS 46 id 9 seat 3 role raid fs 1 body 2 pos 9,17 stuck 35
RC POS 47 id 3 seat 0 role raid fs 1 body 1 pos 11,17 stuck 11
RC POS 47 id 5 seat 1 role expand fs 0 body 1 pos 14,6 stuck 0
RC WALK 47 id 5 role expand pos 14,6 tgt 14,7 want SOUTH
RC POS 47 id 9 seat 3 role raid fs 1 body 2 pos 9,17 stuck 36
RC POS 48 id 3 seat 0 role raid fs 1 body 1 pos 11,17 stuck 12
RC POS 48 id 5 seat 1 role expand fs 0 body 1 pos 14,7 stuck 0
RC WALK 48 id 5 role expand pos 14,7 tgt 9,2 want WEST
RC POS 48 id 9 seat 3 role raid fs 1 body 2 pos 9,17 stuck 37
RC POS 49 id 3 seat 0 role raid fs 1 body 1 pos 11,17 stuck 13
RC POS 49 id 5 seat 1 role expand fs 0 body 1 pos 13,7 stuck 0
RC WALK 49 id 5 role expand pos 13,7 tgt 14,6 want EAST
RC POS 49 id 9 seat 3 role raid fs 1 body 2 pos 9,17 stuck 38
RC POS 50 id 3 seat 0 role raid fs 1 body 1 pos 11,17 stuck 14
RC POS 50 id 5 seat 1 role expand fs 0 body 1 pos 14,7 stuck 0
RC WALK 50 id 5 role expand pos 14,7 tgt 9,6 want WEST
RC POS 50 id 9 seat 3 role raid fs 1 body 2 pos 9,17 stuck 39
RC POS 51 id 3 seat 0 role raid fs 1 body 1 pos 11,17 stuck 15
RC POS 51 id 5 seat 1 role expand fs 0 body 1 pos 13,7 stuck 0
RC WALK 51 id 5 role expand pos 13,7 tgt 9,5 want WEST
RC POS 51 id 9 seat 3 role raid fs 1 body 2 pos 9,17 stuck 40
RC POS 52 id 3 seat 0 role raid fs 1 body 1 pos 11,17 stuck 16
RC POS 52 id 5 seat 1 role expand fs 0 body 1 pos 12,7 stuck 0
RC WALK 52 id 5 role expand pos 12,7 tgt 9,5 want NORTH
RC POS 52 id 9 seat 3 role raid fs 1 body 2 pos 9,17 stuck 41
RC POS 53 id 3 seat 0 role raid fs 1 body 1 pos 11,17 stuck 17
RC POS 53 id 5 seat 1 role expand fs 0 body 1 pos 12,6 stuck 0
RC WALK 53 id 5 role expand pos 12,6 tgt 9,5 want NORTH
RC POS 53 id 9 seat 3 role raid fs 1 body 2 pos 9,17 stuck 42
RC POS 54 id 3 seat 0 role raid fs 1 body 1 pos 11,17 stuck 18
RC POS 54 id 5 seat 1 role expand fs 0 body 1 pos 12,5 stuck 0
RC WALK 54 id 5 role expand pos 12,5 tgt 9,5 want WEST
RC POS 54 id 9 seat 3 role raid fs 1 body 2 pos 9,17 stuck 43
RC POS 55 id 3 seat 0 role raid fs 1 body 1 pos 11,17 stuck 19
RC POS 55 id 5 seat 1 role expand fs 0 body 1 pos 11,5 stuck 0
RC WALK 55 id 5 role expand pos 11,5 tgt 9,5 want NORTH
RC POS 55 id 9 seat 3 role raid fs 1 body 2 pos 9,17 stuck 44
RC POS 56 id 3 seat 0 role raid fs 1 body 1 pos 11,17 stuck 20
RC POS 56 id 5 seat 1 role expand fs 0 body 1 pos 11,4 stuck 0
RC WALK 56 id 5 role expand pos 11,4 tgt 9,5 want WEST
RC POS 56 id 9 seat 3 role raid fs 1 body 2 pos 9,17 stuck 45
RC POS 57 id 3 seat 0 role raid fs 1 body 1 pos 11,17 stuck 21
RC POS 57 id 5 seat 1 role expand fs 0 body 1 pos 10,4 stuck 0
RC WALK 57 id 5 role expand pos 10,4 tgt 9,5 want WEST
RC POS 57 id 9 seat 3 role raid fs 1 body 2 pos 9,17 stuck 46
RC POS 58 id 3 seat 0 role raid fs 1 body 1 pos 11,17 stuck 22
RC POS 58 id 5 seat 1 role expand fs 0 body 1 pos 9,4 stuck 0
RC WALK 58 id 5 role expand pos 9,4 tgt 9,5 want SOUTH
RC POS 58 id 9 seat 3 role raid fs 1 body 2 pos 9,17 stuck 47
RC POS 59 id 3 seat 0 role raid fs 1 body 1 pos 11,17 stuck 23
RC POS 59 id 9 seat 3 role raid fs 1 body 2 pos 9,17 stuck 48
RC POS 60 id 3 seat 0 role raid fs 1 body 1 pos 11,17 stuck 24
RC POS 60 id 9 seat 3 role raid fs 1 body 2 pos 9,17 stuck 49
RC POS 61 id 3 seat 0 role raid fs 1 body 1 pos 11,17 stuck 25
RC POS 61 id 9 seat 3 role raid fs 1 body 2 pos 9,17 stuck 50
RC POS 62 id 3 seat 0 role raid fs 1 body 1 pos 11,17 stuck 26
RC POS 62 id 9 seat 3 role raid fs 1 body 2 pos 9,17 stuck 51
RC POS 63 id 3 seat 0 role raid fs 1 body 1 pos 11,17 stuck 27
RC POS 63 id 9 seat 3 role raid fs 1 body 2 pos 9,17 stuck 52
RC POS 64 id 3 seat 0 role raid fs 1 body 1 pos 11,17 stuck 28
RC POS 64 id 9 seat 3 role raid fs 1 body 2 pos 9,17 stuck 53
RC POS 65 id 3 seat 0 role raid fs 1 body 1 pos 11,17 stuck 29
RC POS 65 id 9 seat 3 role raid fs 1 body 2 pos 9,17 stuck 54
RC POS 66 id 3 seat 0 role raid fs 1 body 1 pos 11,17 stuck 30
RC POS 66 id 9 seat 3 role raid fs 1 body 2 pos 9,17 stuck 55
RC POS 67 id 3 seat 0 role raid fs 1 body 1 pos 11,17 stuck 31
RC POS 67 id 9 seat 3 role raid fs 1 body 2 pos 9,17 stuck 56
RC POS 68 id 3 seat 0 role raid fs 1 body 1 pos 11,17 stuck 32
RC POS 68 id 7 seat 2 role expand fs 0 body 1 pos 9,8 stuck 26
RC WALK 68 id 7 role expand pos 9,8 tgt 10,10 want SOUTH
RC POS 68 id 9 seat 3 role raid fs 1 body 2 pos 9,17 stuck 57
RC POS 69 id 3 seat 0 role raid fs 1 body 1 pos 11,17 stuck 33
RC POS 69 id 5 seat 1 role expand fs 0 body 1 pos 9,5 stuck 10
RC WALK 69 id 5 role expand pos 9,5 tgt 14,7 want NORTH
RC POS 69 id 7 seat 2 role expand fs 0 body 1 pos 9,9 stuck 0
RC WALK 69 id 7 role expand pos 9,9 tgt 10,10 want EAST
RC POS 69 id 9 seat 3 role raid fs 1 body 2 pos 9,17 stuck 58
RC WALK 69 id 9 role raid pos 9,17 tgt 11,18 want EAST
RC POS 70 id 3 seat 0 role raid fs 1 body 1 pos 11,17 stuck 34
RC POS 70 id 5 seat 1 role expand fs 0 body 1 pos 9,4 stuck 0
RC WALK 70 id 5 role expand pos 9,4 tgt 14,7 want EAST
RC POS 70 id 7 seat 2 role expand fs 0 body 1 pos 10,9 stuck 0
RC WALK 70 id 7 role expand pos 10,9 tgt 10,10 want SOUTH
RC POS 70 id 9 seat 3 role raid fs 1 body 2 pos 9,17 stuck 60
RC WALK 70 id 9 role raid pos 9,17 tgt 11,18 want EAST
RC POS 71 id 3 seat 0 role raid fs 1 body 1 pos 11,17 stuck 35
RC POS 71 id 5 seat 1 role expand fs 0 body 1 pos 10,4 stuck 0
RC WALK 71 id 5 role expand pos 10,4 tgt 14,7 want EAST
RC POS 71 id 7 seat 2 role expand fs 0 body 1 pos 10,10 stuck 0
RC WALK 71 id 7 role expand pos 10,10 tgt 10,11 want SOUTH
RC POS 71 id 9 seat 3 role raid fs 1 body 2 pos 9,17 stuck 62
RC WALK 71 id 9 role raid pos 9,17 tgt 11,18 want EAST
RC POS 72 id 3 seat 0 role raid fs 1 body 1 pos 11,17 stuck 36
RC POS 72 id 5 seat 1 role expand fs 0 body 1 pos 11,4 stuck 0
RC WALK 72 id 5 role expand pos 11,4 tgt 14,6 want EAST
RC POS 72 id 7 seat 2 role expand fs 0 body 1 pos 10,11 stuck 0
RC WALK 72 id 7 role expand pos 10,11 tgt 12,12 want EAST
RC POS 72 id 9 seat 3 role raid fs 1 body 2 pos 9,17 stuck 64
RC WALK 72 id 9 role raid pos 9,17 tgt 11,18 want EAST
RC POS 73 id 3 seat 0 role raid fs 1 body 1 pos 11,17 stuck 37
RC POS 73 id 5 seat 1 role expand fs 0 body 1 pos 12,4 stuck 0
RC WALK 73 id 5 role expand pos 12,4 tgt 14,6 want EAST
RC POS 73 id 7 seat 2 role expand fs 0 body 1 pos 11,11 stuck 0
RC WALK 73 id 7 role expand pos 11,11 tgt 12,12 want EAST
RC POS 73 id 9 seat 3 role raid fs 1 body 2 pos 9,17 stuck 66
RC WALK 73 id 9 role raid pos 9,17 tgt 11,18 want EAST
RC POS 74 id 3 seat 0 role raid fs 1 body 1 pos 11,17 stuck 38
RC POS 74 id 5 seat 1 role expand fs 0 body 1 pos 13,4 stuck 0
RC WALK 74 id 5 role expand pos 13,4 tgt 14,6 want SOUTH
RC POS 74 id 7 seat 2 role expand fs 0 body 1 pos 12,11 stuck 0
RC WALK 74 id 7 role expand pos 12,11 tgt 12,12 want SOUTH
RC POS 74 id 9 seat 3 role raid fs 1 body 2 pos 9,17 stuck 68
RC WALK 74 id 9 role raid pos 9,17 tgt 11,18 want EAST
RC POS 75 id 3 seat 0 role raid fs 1 body 1 pos 11,17 stuck 39
RC POS 75 id 5 seat 1 role expand fs 0 body 1 pos 13,5 stuck 0
RC WALK 75 id 5 role expand pos 13,5 tgt 14,6 want EAST
RC POS 75 id 7 seat 2 role expand fs 0 body 1 pos 12,12 stuck 0
RC WALK 75 id 7 role expand pos 12,12 tgt 11,12 want WEST
RC POS 75 id 9 seat 3 role raid fs 1 body 2 pos 9,17 stuck 70
RC WALK 75 id 9 role raid pos 9,17 tgt 11,18 want EAST
RC POS 76 id 3 seat 0 role raid fs 1 body 1 pos 11,17 stuck 40
RC POS 76 id 5 seat 1 role expand fs 0 body 1 pos 14,5 stuck 0
RC WALK 76 id 5 role expand pos 14,5 tgt 14,6 want SOUTH
RC POS 76 id 7 seat 2 role expand fs 0 body 1 pos 11,12 stuck 0
RC WALK 76 id 7 role expand pos 11,12 tgt 11,11 want NORTH
RC POS 76 id 9 seat 3 role raid fs 1 body 2 pos 9,17 stuck 72
RC WALK 76 id 9 role raid pos 9,17 tgt 11,18 want EAST
RC POS 77 id 3 seat 0 role raid fs 1 body 1 pos 11,17 stuck 41
RC WALK 77 id 3 role raid pos 11,17 tgt 11,18 want SOUTH
RC POS 77 id 5 seat 1 role expand fs 0 body 1 pos 14,6 stuck 0
RC WALK 77 id 5 role expand pos 14,6 tgt 14,7 want SOUTH
RC POS 77 id 7 seat 2 role expand fs 0 body 1 pos 11,11 stuck 0
RC WALK 77 id 7 role expand pos 11,11 tgt 11,12 want SOUTH
RC POS 77 id 9 seat 3 role raid fs 1 body 2 pos 9,17 stuck 74
RC WALK 77 id 9 role raid pos 9,17 tgt 11,17 want EAST
RC POS 78 id 3 seat 0 role raid fs 1 body 1 pos 11,18 stuck 0
RC POS 78 id 5 seat 1 role expand fs 0 body 1 pos 14,7 stuck 0
RC WALK 78 id 5 role expand pos 14,7 tgt 9,2 want WEST
RC POS 78 id 7 seat 2 role expand fs 0 body 1 pos 11,12 stuck 0
RC WALK 78 id 7 role expand pos 11,12 tgt 11,11 want NORTH
RC POS 78 id 9 seat 3 role raid fs 1 body 2 pos 9,17 stuck 76
RC WALK 78 id 9 role raid pos 9,17 tgt 11,17 want EAST
RC POS 79 id 3 seat 0 role raid fs 1 body 1 pos 11,18 stuck 1
RC WALK 79 id 3 role raid pos 11,18 tgt 8,20 want EAST
RC POS 79 id 5 seat 1 role expand fs 0 body 1 pos 13,7 stuck 0
RC WALK 79 id 5 role expand pos 13,7 tgt 14,6 want EAST
RC POS 79 id 7 seat 2 role expand fs 0 body 1 pos 11,11 stuck 0
RC WALK 79 id 7 role expand pos 11,11 tgt 11,12 want SOUTH
RC POS 79 id 9 seat 3 role raid fs 1 body 2 pos 9,17 stuck 78
RC WALK 79 id 9 role raid pos 9,17 tgt 11,17 want EAST
RC POS 80 id 3 seat 0 role raid fs 1 body 1 pos 12,18 stuck 0
RC POS 80 id 5 seat 1 role expand fs 0 body 1 pos 14,7 stuck 0
RC WALK 80 id 5 role expand pos 14,7 tgt 14,6 want NORTH
RC POS 80 id 7 seat 2 role expand fs 0 body 1 pos 11,12 stuck 0
RC WALK 80 id 7 role expand pos 11,12 tgt 11,11 want NORTH
RC POS 80 id 9 seat 3 role raid fs 1 body 2 pos 9,17 stuck 80
RC WALK 80 id 9 role raid pos 9,17 tgt 11,17 want EAST
RC POS 81 id 3 seat 0 role raid fs 1 body 1 pos 12,18 stuck 1
RC POS 81 id 5 seat 1 role expand fs 0 body 1 pos 14,6 stuck 0
RC WALK 81 id 5 role expand pos 14,6 tgt 14,7 want SOUTH
RC POS 81 id 7 seat 2 role expand fs 0 body 1 pos 11,11 stuck 0
RC WALK 81 id 7 role expand pos 11,11 tgt 11,12 want SOUTH
RC POS 81 id 9 seat 3 role raid fs 1 body 2 pos 9,17 stuck 82
RC WALK 81 id 9 role raid pos 9,17 tgt 11,17 want EAST
RC POS 82 id 3 seat 0 role raid fs 1 body 1 pos 12,18 stuck 2
RC POS 82 id 5 seat 1 role expand fs 0 body 1 pos 14,7 stuck 0
RC WALK 82 id 5 role expand pos 14,7 tgt 9,2 want WEST
RC POS 82 id 7 seat 2 role expand fs 0 body 1 pos 11,12 stuck 0
RC WALK 82 id 7 role expand pos 11,12 tgt 11,11 want NORTH
RC POS 82 id 9 seat 3 role raid fs 1 body 2 pos 9,17 stuck 84
RC WALK 82 id 9 role raid pos 9,17 tgt 8,20 want SOUTH
RC POS 83 id 3 seat 0 role raid fs 1 body 1 pos 12,18 stuck 3
RC WALK 83 id 3 role raid pos 12,18 tgt 11,20 want EAST
RC POS 83 id 5 seat 1 role expand fs 0 body 1 pos 13,7 stuck 0
RC WALK 83 id 5 role expand pos 13,7 tgt 14,6 want EAST
RC POS 83 id 7 seat 2 role expand fs 0 body 1 pos 11,11 stuck 0
RC WALK 83 id 7 role expand pos 11,11 tgt 11,12 want SOUTH
RC POS 83 id 9 seat 3 role raid fs 1 body 2 pos 9,17 stuck 86
RC WALK 83 id 9 role raid pos 9,17 tgt 8,20 want SOUTH
RC POS 84 id 3 seat 0 role raid fs 1 body 1 pos 13,18 stuck 0
RC WALK 84 id 3 role raid pos 13,18 tgt 11,20 want SOUTH
RC POS 84 id 5 seat 1 role expand fs 0 body 1 pos 14,7 stuck 0
RC WALK 84 id 5 role expand pos 14,7 tgt 14,6 want NORTH
RC POS 84 id 7 seat 2 role expand fs 0 body 1 pos 11,12 stuck 0
RC WALK 84 id 7 role expand pos 11,12 tgt 11,11 want NORTH
RC POS 84 id 9 seat 3 role raid fs 1 body 2 pos 9,17 stuck 88
RC WALK 84 id 9 role raid pos 9,17 tgt 8,20 want SOUTH
RC POS 85 id 3 seat 0 role raid fs 1 body 1 pos 13,19 stuck 0
RC WALK 85 id 3 role raid pos 13,19 tgt 11,20 want SOUTH
RC POS 85 id 5 seat 1 role expand fs 0 body 1 pos 14,6 stuck 0
RC WALK 85 id 5 role expand pos 14,6 tgt 14,7 want SOUTH
RC POS 85 id 7 seat 2 role expand fs 0 body 1 pos 11,11 stuck 0
RC WALK 85 id 7 role expand pos 11,11 tgt 11,12 want SOUTH
RC POS 85 id 9 seat 3 role raid fs 1 body 2 pos 9,17 stuck 90
RC WALK 85 id 9 role raid pos 9,17 tgt 8,20 want SOUTH
RC POS 86 id 3 seat 0 role raid fs 1 body 1 pos 13,20 stuck 0
RC WALK 86 id 3 role raid pos 13,20 tgt 11,20 want WEST
RC POS 86 id 5 seat 1 role expand fs 0 body 1 pos 14,7 stuck 0
RC WALK 86 id 5 role expand pos 14,7 tgt 9,2 want WEST
RC POS 86 id 7 seat 2 role expand fs 0 body 1 pos 11,12 stuck 0
RC WALK 86 id 7 role expand pos 11,12 tgt 11,11 want NORTH
RC POS 86 id 9 seat 3 role raid fs 1 body 2 pos 9,17 stuck 92
RC WALK 86 id 9 role raid pos 9,17 tgt 8,20 want SOUTH
RC POS 87 id 3 seat 0 role raid fs 1 body 1 pos 12,20 stuck 0
RC WALK 87 id 3 role raid pos 12,20 tgt 11,20 want WEST
RC POS 87 id 5 seat 1 role expand fs 0 body 1 pos 13,7 stuck 0
RC WALK 87 id 5 role expand pos 13,7 tgt 14,6 want EAST
RC POS 87 id 7 seat 2 role expand fs 0 body 1 pos 11,11 stuck 0
RC WALK 87 id 7 role expand pos 11,11 tgt 11,12 want SOUTH
RC POS 87 id 9 seat 3 role raid fs 1 body 2 pos 9,17 stuck 94
RC WALK 87 id 9 role raid pos 9,17 tgt 8,20 want SOUTH
RC POS 88 id 3 seat 0 role raid fs 1 body 1 pos 11,20 stuck 0
RC POS 88 id 5 seat 1 role expand fs 0 body 1 pos 14,7 stuck 0
RC WALK 88 id 5 role expand pos 14,7 tgt 14,6 want NORTH
RC POS 88 id 7 seat 2 role expand fs 0 body 1 pos 11,12 stuck 0
RC WALK 88 id 7 role expand pos 11,12 tgt 11,11 want NORTH
RC POS 88 id 9 seat 3 role raid fs 1 body 2 pos 9,17 stuck 96
RC WALK 88 id 9 role raid pos 9,17 tgt 8,20 want SOUTH
RC POS 89 id 3 seat 0 role raid fs 1 body 1 pos 11,20 stuck 1
RC WALK 89 id 3 role raid pos 11,20 tgt 8,20 want SOUTH
RC POS 89 id 5 seat 1 role expand fs 0 body 1 pos 14,6 stuck 0
RC WALK 89 id 5 role expand pos 14,6 tgt 14,7 want SOUTH
RC POS 89 id 7 seat 2 role expand fs 0 body 1 pos 11,11 stuck 0
RC WALK 89 id 7 role expand pos 11,11 tgt 11,12 want SOUTH
RC POS 89 id 9 seat 3 role raid fs 1 body 2 pos 9,17 stuck 98
RC WALK 89 id 9 role raid pos 9,17 tgt 8,20 want SOUTH
RC POS 90 id 3 seat 0 role raid fs 1 body 1 pos 11,21 stuck 0
RC WALK 90 id 3 role raid pos 11,21 tgt 8,20 want WEST
RC POS 90 id 5 seat 1 role expand fs 0 body 1 pos 14,7 stuck 0
RC WALK 90 id 5 role expand pos 14,7 tgt 9,2 want WEST
RC POS 90 id 7 seat 2 role expand fs 0 body 1 pos 11,12 stuck 0
RC WALK 90 id 7 role expand pos 11,12 tgt 11,11 want NORTH
RC POS 90 id 9 seat 3 role raid fs 1 body 2 pos 9,17 stuck 100
RC WALK 90 id 9 role raid pos 9,17 tgt 8,20 want SOUTH
RC POS 91 id 3 seat 0 role raid fs 1 body 1 pos 10,21 stuck 0
RC WALK 91 id 3 role raid pos 10,21 tgt 11,20 want EAST
RC POS 91 id 5 seat 1 role expand fs 0 body 1 pos 13,7 stuck 0
RC WALK 91 id 5 role expand pos 13,7 tgt 14,6 want EAST
RC POS 91 id 7 seat 2 role expand fs 0 body 1 pos 11,11 stuck 0
RC WALK 91 id 7 role expand pos 11,11 tgt 11,12 want SOUTH
RC POS 91 id 9 seat 3 role raid fs 1 body 2 pos 9,17 stuck 102
RC WALK 91 id 9 role raid pos 9,17 tgt 8,20 want SOUTH
RC POS 92 id 3 seat 0 role raid fs 1 body 1 pos 11,21 stuck 0
RC WALK 92 id 3 role raid pos 11,21 tgt 11,20 want NORTH
RC POS 92 id 5 seat 1 role expand fs 0 body 1 pos 14,7 stuck 0
RC WALK 92 id 5 role expand pos 14,7 tgt 14,6 want NORTH
RC POS 92 id 7 seat 2 role expand fs 0 body 1 pos 11,12 stuck 0
RC WALK 92 id 7 role expand pos 11,12 tgt 11,11 want NORTH
RC POS 92 id 9 seat 3 role raid fs 1 body 2 pos 9,17 stuck 104
RC WALK 92 id 9 role raid pos 9,17 tgt 8,20 want SOUTH
RC POS 93 id 3 seat 0 role raid fs 1 body 1 pos 11,20 stuck 0
RC POS 93 id 5 seat 1 role expand fs 0 body 1 pos 14,6 stuck 0
RC WALK 93 id 5 role expand pos 14,6 tgt 14,7 want SOUTH
RC POS 93 id 7 seat 2 role expand fs 0 body 1 pos 11,11 stuck 0
RC WALK 93 id 7 role expand pos 11,11 tgt 11,12 want SOUTH
RC POS 93 id 9 seat 3 role raid fs 1 body 2 pos 9,17 stuck 106
RC WALK 93 id 9 role raid pos 9,17 tgt 8,20 want SOUTH
RC POS 94 id 3 seat 0 role raid fs 1 body 1 pos 11,20 stuck 1
RC WALK 94 id 3 role raid pos 11,20 tgt 8,20 want SOUTH
RC POS 94 id 5 seat 1 role expand fs 0 body 1 pos 14,7 stuck 0
RC WALK 94 id 5 role expand pos 14,7 tgt 9,2 want WEST
RC POS 94 id 7 seat 2 role expand fs 0 body 1 pos 11,12 stuck 0
RC WALK 94 id 7 role expand pos 11,12 tgt 11,11 want NORTH
RC POS 94 id 9 seat 3 role raid fs 1 body 2 pos 9,17 stuck 108
RC WALK 94 id 9 role raid pos 9,17 tgt 8,20 want SOUTH
RC POS 95 id 3 seat 0 role raid fs 1 body 1 pos 11,21 stuck 0
RC WALK 95 id 3 role raid pos 11,21 tgt 8,20 want WEST
RC POS 95 id 5 seat 1 role expand fs 0 body 1 pos 13,7 stuck 0
RC WALK 95 id 5 role expand pos 13,7 tgt 14,6 want EAST
RC POS 95 id 7 seat 2 role expand fs 0 body 1 pos 11,11 stuck 0
RC WALK 95 id 7 role expand pos 11,11 tgt 11,12 want SOUTH
RC POS 95 id 9 seat 3 role raid fs 1 body 2 pos 9,17 stuck 110
RC WALK 95 id 9 role raid pos 9,17 tgt 8,20 want SOUTH
RC POS 96 id 3 seat 0 role raid fs 1 body 1 pos 10,21 stuck 0
RC WALK 96 id 3 role raid pos 10,21 tgt 11,20 want EAST
RC POS 96 id 5 seat 1 role expand fs 0 body 1 pos 14,7 stuck 0
RC WALK 96 id 5 role expand pos 14,7 tgt 14,6 want NORTH
RC POS 96 id 7 seat 2 role expand fs 0 body 1 pos 11,12 stuck 0
RC WALK 96 id 7 role expand pos 11,12 tgt 11,11 want NORTH
RC POS 96 id 9 seat 3 role raid fs 1 body 2 pos 9,17 stuck 112
RC WALK 96 id 9 role raid pos 9,17 tgt 8,20 want SOUTH
RC POS 97 id 3 seat 0 role raid fs 1 body 1 pos 11,21 stuck 0
RC WALK 97 id 3 role raid pos 11,21 tgt 11,20 want NORTH
RC POS 97 id 5 seat 1 role expand fs 0 body 1 pos 14,6 stuck 0
RC WALK 97 id 5 role expand pos 14,6 tgt 14,7 want SOUTH
RC POS 97 id 7 seat 2 role expand fs 0 body 1 pos 11,11 stuck 0
RC WALK 97 id 7 role expand pos 11,11 tgt 11,12 want SOUTH
RC POS 97 id 9 seat 3 role raid fs 1 body 2 pos 9,17 stuck 114
RC WALK 97 id 9 role raid pos 9,17 tgt 8,20 want SOUTH
RC POS 98 id 3 seat 0 role raid fs 1 body 1 pos 11,20 stuck 0
RC POS 98 id 5 seat 1 role expand fs 0 body 1 pos 14,7 stuck 0
RC WALK 98 id 5 role expand pos 14,7 tgt 9,2 want WEST
RC POS 98 id 7 seat 2 role expand fs 0 body 1 pos 11,12 stuck 0
RC WALK 98 id 7 role expand pos 11,12 tgt 11,11 want NORTH
RC POS 98 id 9 seat 3 role raid fs 1 body 2 pos 9,17 stuck 116
RC WALK 98 id 9 role raid pos 9,17 tgt 8,20 want SOUTH
RC POS 99 id 3 seat 0 role raid fs 1 body 1 pos 11,20 stuck 1
RC WALK 99 id 3 role raid pos 11,20 tgt 8,20 want SOUTH
RC POS 99 id 5 seat 1 role expand fs 0 body 1 pos 13,7 stuck 0
RC WALK 99 id 5 role expand pos 13,7 tgt 14,6 want EAST
RC POS 99 id 7 seat 2 role expand fs 0 body 1 pos 11,11 stuck 0
RC WALK 99 id 7 role expand pos 11,11 tgt 11,12 want SOUTH
RC POS 99 id 9 seat 3 role raid fs 1 body 2 pos 9,17 stuck 118
RC WALK 99 id 9 role raid pos 9,17 tgt 8,20 want SOUTH
RC POS 100 id 3 seat 0 role raid fs 1 body 1 pos 11,21 stuck 0
RC WALK 100 id 3 role raid pos 11,21 tgt 8,20 want WEST
RC POS 100 id 5 seat 1 role expand fs 0 body 1 pos 14,7 stuck 0
RC WALK 100 id 5 role expand pos 14,7 tgt 14,6 want NORTH
RC POS 100 id 7 seat 2 role expand fs 0 body 1 pos 11,12 stuck 0
RC WALK 100 id 7 role expand pos 11,12 tgt 11,11 want NORTH
RC POS 100 id 9 seat 3 role raid fs 1 body 2 pos 9,17 stuck 120
RC WALK 100 id 9 role raid pos 9,17 tgt 8,20 want SOUTH
RC POS 101 id 3 seat 0 role raid fs 1 body 1 pos 10,21 stuck 0
RC WALK 101 id 3 role raid pos 10,21 tgt 11,20 want EAST
RC POS 101 id 5 seat 1 role expand fs 0 body 1 pos 14,6 stuck 0
RC WALK 101 id 5 role expand pos 14,6 tgt 14,7 want SOUTH
RC POS 101 id 7 seat 2 role expand fs 0 body 1 pos 11,11 stuck 0
RC WALK 101 id 7 role expand pos 11,11 tgt 11,12 want SOUTH
RC POS 101 id 9 seat 3 role raid fs 1 body 2 pos 9,17 stuck 122
RC WALK 101 id 9 role raid pos 9,17 tgt 8,20 want SOUTH
RC POS 102 id 3 seat 0 role raid fs 1 body 1 pos 11,21 stuck 0
RC WALK 102 id 3 role raid pos 11,21 tgt 11,20 want NORTH
RC POS 102 id 5 seat 1 role expand fs 0 body 1 pos 14,7 stuck 0
RC WALK 102 id 5 role expand pos 14,7 tgt 9,2 want WEST
RC POS 102 id 7 seat 2 role expand fs 0 body 1 pos 11,12 stuck 0
RC WALK 102 id 7 role expand pos 11,12 tgt 11,11 want NORTH
RC POS 102 id 9 seat 3 role raid fs 1 body 2 pos 9,17 stuck 124
RC WALK 102 id 9 role raid pos 9,17 tgt 8,20 want SOUTH
RC POS 103 id 3 seat 0 role raid fs 1 body 1 pos 11,20 stuck 0
RC POS 103 id 5 seat 1 role expand fs 0 body 1 pos 13,7 stuck 0
RC WALK 103 id 5 role expand pos 13,7 tgt 14,6 want EAST
RC POS 103 id 7 seat 2 role expand fs 0 body 1 pos 11,11 stuck 0
RC WALK 103 id 7 role expand pos 11,11 tgt 11,12 want SOUTH
RC POS 103 id 9 seat 3 role raid fs 1 body 2 pos 9,17 stuck 126
RC WALK 103 id 9 role raid pos 9,17 tgt 8,20 want SOUTH
RC POS 104 id 3 seat 0 role raid fs 1 body 1 pos 11,20 stuck 1
RC WALK 104 id 3 role raid pos 11,20 tgt 8,20 want SOUTH
RC POS 104 id 5 seat 1 role expand fs 0 body 1 pos 14,7 stuck 0
RC WALK 104 id 5 role expand pos 14,7 tgt 14,6 want NORTH
RC POS 104 id 7 seat 2 role expand fs 0 body 1 pos 11,12 stuck 0
RC WALK 104 id 7 role expand pos 11,12 tgt 11,11 want NORTH
RC POS 104 id 9 seat 3 role raid fs 1 body 2 pos 9,17 stuck 128
RC WALK 104 id 9 role raid pos 9,17 tgt 8,20 want SOUTH
RC POS 105 id 3 seat 0 role raid fs 1 body 1 pos 11,21 stuck 0
RC WALK 105 id 3 role raid pos 11,21 tgt 8,20 want WEST
RC POS 105 id 5 seat 1 role expand fs 0 body 1 pos 14,6 stuck 0
RC WALK 105 id 5 role expand pos 14,6 tgt 14,7 want SOUTH
RC POS 105 id 7 seat 2 role expand fs 0 body 1 pos 11,11 stuck 0
RC WALK 105 id 7 role expand pos 11,11 tgt 11,12 want SOUTH
RC POS 105 id 9 seat 3 role raid fs 1 body 2 pos 9,17 stuck 130
RC WALK 105 id 9 role raid pos 9,17 tgt 8,20 want SOUTH
RC POS 106 id 3 seat 0 role raid fs 1 body 1 pos 10,21 stuck 0
RC WALK 106 id 3 role raid pos 10,21 tgt 11,20 want EAST
RC POS 106 id 5 seat 1 role expand fs 0 body 1 pos 14,7 stuck 0
RC WALK 106 id 5 role expand pos 14,7 tgt 9,2 want WEST
RC POS 106 id 7 seat 2 role expand fs 0 body 1 pos 11,12 stuck 0
RC WALK 106 id 7 role expand pos 11,12 tgt 11,11 want NORTH
RC POS 106 id 9 seat 3 role raid fs 1 body 2 pos 9,17 stuck 132
RC WALK 106 id 9 role raid pos 9,17 tgt 8,20 want SOUTH
RC POS 107 id 3 seat 0 role raid fs 1 body 1 pos 11,21 stuck 0
RC WALK 107 id 3 role raid pos 11,21 tgt 11,20 want NORTH
RC POS 107 id 5 seat 1 role expand fs 0 body 1 pos 13,7 stuck 0
RC WALK 107 id 5 role expand pos 13,7 tgt 14,6 want EAST
RC POS 107 id 7 seat 2 role expand fs 0 body 1 pos 11,11 stuck 0
RC WALK 107 id 7 role expand pos 11,11 tgt 11,12 want SOUTH
RC POS 107 id 9 seat 3 role raid fs 1 body 2 pos 9,17 stuck 134
RC WALK 107 id 9 role raid pos 9,17 tgt 8,20 want SOUTH
RC POS 108 id 3 seat 0 role raid fs 1 body 1 pos 11,20 stuck 0
RC POS 108 id 5 seat 1 role expand fs 0 body 1 pos 14,7 stuck 0
RC WALK 108 id 5 role expand pos 14,7 tgt 14,6 want NORTH
RC POS 108 id 7 seat 2 role expand fs 0 body 1 pos 11,12 stuck 0
RC WALK 108 id 7 role expand pos 11,12 tgt 11,11 want NORTH
RC POS 108 id 9 seat 3 role raid fs 1 body 2 pos 9,17 stuck 136
RC WALK 108 id 9 role raid pos 9,17 tgt 8,20 want SOUTH
RC POS 109 id 3 seat 0 role raid fs 1 body 1 pos 11,20 stuck 1
RC WALK 109 id 3 role raid pos 11,20 tgt 8,20 want SOUTH
RC POS 109 id 5 seat 1 role expand fs 0 body 1 pos 14,6 stuck 0
RC WALK 109 id 5 role expand pos 14,6 tgt 14,7 want SOUTH
RC POS 109 id 7 seat 2 role expand fs 0 body 1 pos 11,11 stuck 0
RC WALK 109 id 7 role expand pos 11,11 tgt 11,12 want SOUTH
RC POS 109 id 9 seat 3 role raid fs 1 body 2 pos 9,17 stuck 138
RC WALK 109 id 9 role raid pos 9,17 tgt 8,20 want SOUTH
RC POS 110 id 3 seat 0 role raid fs 1 body 1 pos 11,21 stuck 0
RC WALK 110 id 3 role raid pos 11,21 tgt 8,20 want WEST
RC POS 110 id 5 seat 1 role expand fs 0 body 1 pos 14,7 stuck 0
RC WALK 110 id 5 role expand pos 14,7 tgt 9,2 want WEST
RC POS 110 id 7 seat 2 role expand fs 0 body 1 pos 11,12 stuck 0
RC WALK 110 id 7 role expand pos 11,12 tgt 11,11 want NORTH
RC POS 110 id 9 seat 3 role raid fs 1 body 2 pos 9,17 stuck 140
RC WALK 110 id 9 role raid pos 9,17 tgt 8,20 want SOUTH
RC POS 111 id 3 seat 0 role raid fs 1 body 1 pos 10,21 stuck 0
RC WALK 111 id 3 role raid pos 10,21 tgt 11,20 want EAST
RC POS 111 id 5 seat 1 role expand fs 0 body 1 pos 13,7 stuck 0
RC WALK 111 id 5 role expand pos 13,7 tgt 14,6 want EAST
RC POS 111 id 7 seat 2 role expand fs 0 body 1 pos 11,11 stuck 0
RC WALK 111 id 7 role expand pos 11,11 tgt 11,12 want SOUTH
RC POS 111 id 9 seat 3 role raid fs 1 body 2 pos 9,17 stuck 142
RC WALK 111 id 9 role raid pos 9,17 tgt 8,20 want SOUTH
RC POS 112 id 3 seat 0 role raid fs 1 body 1 pos 11,21 stuck 0
RC WALK 112 id 3 role raid pos 11,21 tgt 11,20 want NORTH
RC POS 112 id 5 seat 1 role expand fs 0 body 1 pos 14,7 stuck 0
RC WALK 112 id 5 role expand pos 14,7 tgt 14,6 want NORTH
RC POS 112 id 7 seat 2 role expand fs 0 body 1 pos 11,12 stuck 0
V528 CONN r 112 id 7 at 11,13 chosen 8 best 7 regret 1 cands 5 role expand seat 2
RC WALK 112 id 7 role expand pos 11,12 tgt 12,13 want EAST
RC POS 112 id 9 seat 3 role raid fs 1 body 2 pos 9,17 stuck 144
RC WALK 112 id 9 role raid pos 9,17 tgt 8,20 want SOUTH
RC POS 113 id 3 seat 0 role raid fs 1 body 1 pos 11,20 stuck 0
RC POS 113 id 5 seat 1 role expand fs 0 body 1 pos 14,6 stuck 0
RC WALK 113 id 5 role expand pos 14,6 tgt 14,7 want SOUTH
RC POS 113 id 7 seat 2 role expand fs 0 body 1 pos 11,12 stuck 2
RC WALK 113 id 7 role expand pos 11,12 tgt 12,13 want EAST
RC POS 113 id 9 seat 3 role raid fs 1 body 2 pos 9,17 stuck 146
RC WALK 113 id 9 role raid pos 9,17 tgt 8,20 want SOUTH
RC POS 114 id 3 seat 0 role raid fs 1 body 1 pos 11,20 stuck 1
RC WALK 114 id 3 role raid pos 11,20 tgt 8,20 want SOUTH
RC POS 114 id 5 seat 1 role expand fs 0 body 1 pos 14,7 stuck 0
RC WALK 114 id 5 role expand pos 14,7 tgt 9,2 want WEST
RC POS 114 id 7 seat 2 role expand fs 0 body 1 pos 12,12 stuck 0
RC POS 114 id 9 seat 3 role raid fs 1 body 2 pos 9,17 stuck 148
RC WALK 114 id 9 role raid pos 9,17 tgt 8,20 want SOUTH
RC POS 115 id 3 seat 0 role raid fs 1 body 1 pos 11,21 stuck 0
RC WALK 115 id 3 role raid pos 11,21 tgt 8,20 want WEST
RC POS 115 id 5 seat 1 role expand fs 0 body 1 pos 13,7 stuck 0
RC WALK 115 id 5 role expand pos 13,7 tgt 14,6 want EAST
RC POS 115 id 7 seat 2 role expand fs 0 body 1 pos 12,12 stuck 1
RC POS 115 id 9 seat 3 role raid fs 1 body 2 pos 9,17 stuck 150
RC WALK 115 id 9 role raid pos 9,17 tgt 8,20 want SOUTH
RC POS 116 id 3 seat 0 role raid fs 1 body 1 pos 10,21 stuck 0
RC WALK 116 id 3 role raid pos 10,21 tgt 11,20 want EAST
RC POS 116 id 5 seat 1 role expand fs 0 body 1 pos 14,7 stuck 0
RC WALK 116 id 5 role expand pos 14,7 tgt 14,6 want NORTH
RC POS 116 id 7 seat 2 role expand fs 0 body 1 pos 12,11 stuck 0
RC POS 116 id 9 seat 3 role raid fs 1 body 2 pos 9,17 stuck 152
RC WALK 116 id 9 role raid pos 9,17 tgt 8,20 want SOUTH
RC POS 117 id 3 seat 0 role raid fs 1 body 1 pos 11,21 stuck 0
RC WALK 117 id 3 role raid pos 11,21 tgt 11,20 want NORTH
RC POS 117 id 5 seat 1 role expand fs 0 body 1 pos 14,6 stuck 0
RC WALK 117 id 5 role expand pos 14,6 tgt 14,7 want SOUTH
RC POS 117 id 7 seat 2 role expand fs 0 body 1 pos 12,11 stuck 1
RC POS 117 id 9 seat 3 role raid fs 1 body 2 pos 9,17 stuck 154
RC WALK 117 id 9 role raid pos 9,17 tgt 8,20 want SOUTH
RC POS 118 id 3 seat 0 role raid fs 1 body 1 pos 11,20 stuck 0
RC POS 118 id 5 seat 1 role expand fs 0 body 1 pos 14,7 stuck 0
RC WALK 118 id 5 role expand pos 14,7 tgt 9,2 want WEST
RC POS 118 id 7 seat 2 role expand fs 0 body 1 pos 12,10 stuck 0
RC POS 118 id 9 seat 3 role raid fs 1 body 2 pos 9,17 stuck 156
RC WALK 118 id 9 role raid pos 9,17 tgt 8,20 want SOUTH
RC POS 119 id 3 seat 0 role raid fs 1 body 1 pos 11,20 stuck 1
RC WALK 119 id 3 role raid pos 11,20 tgt 8,20 want SOUTH
RC POS 119 id 5 seat 1 role expand fs 0 body 1 pos 13,7 stuck 0
RC WALK 119 id 5 role expand pos 13,7 tgt 14,6 want EAST
RC POS 119 id 7 seat 2 role expand fs 0 body 1 pos 12,10 stuck 1
RC POS 119 id 9 seat 3 role raid fs 1 body 2 pos 9,17 stuck 158
RC WALK 119 id 9 role raid pos 9,17 tgt 8,20 want SOUTH
RC POS 120 id 3 seat 0 role raid fs 1 body 1 pos 11,21 stuck 0
RC WALK 120 id 3 role raid pos 11,21 tgt 8,20 want WEST
RC POS 120 id 5 seat 1 role expand fs 0 body 1 pos 14,7 stuck 0
RC WALK 120 id 5 role expand pos 14,7 tgt 14,6 want NORTH
RC POS 120 id 7 seat 2 role expand fs 0 body 1 pos 12,9 stuck 0
RC POS 120 id 9 seat 3 role raid fs 1 body 2 pos 9,17 stuck 160
RC WALK 120 id 9 role raid pos 9,17 tgt 8,20 want SOUTH
RC POS 121 id 3 seat 0 role raid fs 1 body 1 pos 10,21 stuck 0
RC WALK 121 id 3 role raid pos 10,21 tgt 11,20 want EAST
RC POS 121 id 5 seat 1 role expand fs 0 body 1 pos 14,6 stuck 0
RC WALK 121 id 5 role expand pos 14,6 tgt 14,7 want SOUTH
RC POS 121 id 7 seat 2 role expand fs 0 body 1 pos 12,9 stuck 1
RC POS 121 id 9 seat 3 role raid fs 1 body 2 pos 9,17 stuck 162
RC WALK 121 id 9 role raid pos 9,17 tgt 8,20 want SOUTH
RC POS 122 id 3 seat 0 role raid fs 1 body 1 pos 11,21 stuck 0
RC WALK 122 id 3 role raid pos 11,21 tgt 11,20 want NORTH
RC POS 122 id 5 seat 1 role expand fs 0 body 1 pos 14,7 stuck 0
RC WALK 122 id 5 role expand pos 14,7 tgt 9,2 want WEST
RC POS 122 id 7 seat 2 role expand fs 0 body 1 pos 12,8 stuck 0
RC POS 122 id 9 seat 3 role raid fs 1 body 2 pos 9,17 stuck 164
RC WALK 122 id 9 role raid pos 9,17 tgt 8,20 want SOUTH
RC POS 123 id 3 seat 0 role raid fs 1 body 1 pos 11,20 stuck 0
RC POS 123 id 5 seat 1 role expand fs 0 body 1 pos 13,7 stuck 0
RC WALK 123 id 5 role expand pos 13,7 tgt 14,6 want EAST
RC POS 123 id 7 seat 2 role expand fs 0 body 1 pos 12,8 stuck 1
RC POS 123 id 9 seat 3 role raid fs 1 body 2 pos 9,17 stuck 166
RC WALK 123 id 9 role raid pos 9,17 tgt 8,20 want SOUTH
RC POS 124 id 3 seat 0 role raid fs 1 body 1 pos 11,20 stuck 1
RC WALK 124 id 3 role raid pos 11,20 tgt 8,20 want SOUTH
RC POS 124 id 5 seat 1 role expand fs 0 body 1 pos 14,7 stuck 0
RC WALK 124 id 5 role expand pos 14,7 tgt 14,6 want NORTH
RC POS 124 id 7 seat 2 role expand fs 0 body 1 pos 12,7 stuck 0
RC POS 124 id 9 seat 3 role raid fs 1 body 2 pos 9,17 stuck 168
RC WALK 124 id 9 role raid pos 9,17 tgt 8,20 want SOUTH
RC POS 125 id 3 seat 0 role raid fs 1 body 1 pos 11,21 stuck 0
RC WALK 125 id 3 role raid pos 11,21 tgt 8,20 want WEST
RC POS 125 id 5 seat 1 role expand fs 0 body 1 pos 14,6 stuck 0
RC WALK 125 id 5 role expand pos 14,6 tgt 14,7 want SOUTH
RC POS 125 id 7 seat 2 role expand fs 0 body 1 pos 12,7 stuck 1
RC POS 125 id 9 seat 3 role raid fs 1 body 2 pos 9,17 stuck 170
RC WALK 125 id 9 role raid pos 9,17 tgt 8,20 want SOUTH
RC POS 126 id 3 seat 0 role raid fs 1 body 1 pos 10,21 stuck 0
RC WALK 126 id 3 role raid pos 10,21 tgt 11,20 want EAST
RC POS 126 id 5 seat 1 role expand fs 0 body 1 pos 14,7 stuck 0
RC WALK 126 id 5 role expand pos 14,7 tgt 9,2 want WEST
RC POS 126 id 7 seat 2 role expand fs 0 body 1 pos 12,6 stuck 0
RC POS 126 id 9 seat 3 role raid fs 1 body 2 pos 9,17 stuck 172
RC WALK 126 id 9 role raid pos 9,17 tgt 8,20 want SOUTH
RC POS 127 id 3 seat 0 role raid fs 1 body 1 pos 11,21 stuck 0
RC WALK 127 id 3 role raid pos 11,21 tgt 11,20 want NORTH
RC POS 127 id 5 seat 1 role expand fs 0 body 1 pos 13,7 stuck 0
RC WALK 127 id 5 role expand pos 13,7 tgt 14,6 want EAST
RC POS 127 id 7 seat 2 role expand fs 0 body 1 pos 12,6 stuck 1
RC WALK 127 id 7 role expand pos 12,6 tgt 11,7 want SOUTH
RC POS 127 id 9 seat 3 role raid fs 1 body 2 pos 9,17 stuck 174
RC WALK 127 id 9 role raid pos 9,17 tgt 8,20 want SOUTH
RC POS 128 id 3 seat 0 role raid fs 1 body 1 pos 11,20 stuck 0
RC POS 128 id 5 seat 1 role expand fs 0 body 1 pos 14,7 stuck 0
RC WALK 128 id 5 role expand pos 14,7 tgt 14,6 want NORTH
RC POS 128 id 7 seat 2 role expand fs 0 body 1 pos 12,7 stuck 0
RC WALK 128 id 7 role expand pos 12,7 tgt 11,7 want CENTRE
RC POS 128 id 9 seat 3 role raid fs 1 body 2 pos 9,17 stuck 176
RC WALK 128 id 9 role raid pos 9,17 tgt 8,20 want SOUTH
RC POS 129 id 3 seat 0 role raid fs 1 body 1 pos 11,20 stuck 1
RC WALK 129 id 3 role raid pos 11,20 tgt 8,20 want SOUTH
RC POS 129 id 5 seat 1 role expand fs 0 body 1 pos 14,6 stuck 0
RC WALK 129 id 5 role expand pos 14,6 tgt 14,7 want SOUTH
RC POS 129 id 7 seat 2 role expand fs 0 body 1 pos 12,7 stuck 1
RC WALK 129 id 7 role expand pos 12,7 tgt 11,7 want CENTRE
RC POS 129 id 9 seat 3 role raid fs 1 body 2 pos 9,17 stuck 178
RC WALK 129 id 9 role raid pos 9,17 tgt 8,20 want SOUTH
RC POS 130 id 3 seat 0 role raid fs 1 body 1 pos 11,21 stuck 0
RC WALK 130 id 3 role raid pos 11,21 tgt 8,20 want WEST
RC POS 130 id 5 seat 1 role expand fs 0 body 1 pos 14,7 stuck 0
RC WALK 130 id 5 role expand pos 14,7 tgt 9,2 want WEST
RC POS 130 id 7 seat 2 role expand fs 0 body 1 pos 12,7 stuck 2
RC WALK 130 id 7 role expand pos 12,7 tgt 11,7 want CENTRE
RC POS 130 id 9 seat 3 role raid fs 1 body 2 pos 9,17 stuck 180
RC WALK 130 id 9 role raid pos 9,17 tgt 8,20 want SOUTH
RC POS 131 id 3 seat 0 role raid fs 1 body 1 pos 10,21 stuck 0
RC WALK 131 id 3 role raid pos 10,21 tgt 11,20 want EAST
RC POS 131 id 5 seat 1 role expand fs 0 body 1 pos 13,7 stuck 0
RC WALK 131 id 5 role expand pos 13,7 tgt 14,6 want EAST
RC POS 131 id 7 seat 2 role expand fs 0 body 1 pos 12,7 stuck 3
RC WALK 131 id 7 role expand pos 12,7 tgt 11,7 want CENTRE
RC POS 131 id 9 seat 3 role raid fs 1 body 2 pos 9,17 stuck 182
RC WALK 131 id 9 role raid pos 9,17 tgt 8,20 want SOUTH
RC POS 132 id 3 seat 0 role raid fs 1 body 1 pos 11,21 stuck 0
RC WALK 132 id 3 role raid pos 11,21 tgt 11,20 want NORTH
RC POS 132 id 5 seat 1 role expand fs 0 body 1 pos 14,7 stuck 0
RC WALK 132 id 5 role expand pos 14,7 tgt 14,6 want NORTH
RC POS 132 id 7 seat 2 role expand fs 0 body 1 pos 12,7 stuck 4
RC WALK 132 id 7 role expand pos 12,7 tgt 11,7 want CENTRE
RC POS 132 id 9 seat 3 role raid fs 1 body 2 pos 9,17 stuck 184
RC WALK 132 id 9 role raid pos 9,17 tgt 8,20 want SOUTH
RC POS 133 id 3 seat 0 role raid fs 1 body 1 pos 11,20 stuck 0
RC POS 133 id 5 seat 1 role expand fs 0 body 1 pos 14,6 stuck 0
RC WALK 133 id 5 role expand pos 14,6 tgt 14,7 want SOUTH
RC POS 133 id 7 seat 2 role expand fs 0 body 1 pos 12,7 stuck 5
RC WALK 133 id 7 role expand pos 12,7 tgt 10,11 want SOUTH
RC POS 133 id 9 seat 3 role raid fs 1 body 2 pos 9,17 stuck 186
RC WALK 133 id 9 role raid pos 9,17 tgt 8,20 want SOUTH
RC POS 134 id 3 seat 0 role raid fs 1 body 1 pos 11,20 stuck 1
RC WALK 134 id 3 role raid pos 11,20 tgt 8,20 want SOUTH
RC POS 134 id 5 seat 1 role expand fs 0 body 1 pos 14,7 stuck 0
RC WALK 134 id 5 role expand pos 14,7 tgt 9,2 want WEST
RC POS 134 id 7 seat 2 role expand fs 0 body 1 pos 12,8 stuck 0
RC WALK 134 id 7 role expand pos 12,8 tgt 10,11 want SOUTH
RC POS 134 id 9 seat 3 role raid fs 1 body 2 pos 9,17 stuck 188
RC WALK 134 id 9 role raid pos 9,17 tgt 8,20 want SOUTH
RC POS 135 id 3 seat 0 role raid fs 1 body 1 pos 11,21 stuck 0
RC WALK 135 id 3 role raid pos 11,21 tgt 8,20 want WEST
RC POS 135 id 5 seat 1 role expand fs 0 body 1 pos 13,7 stuck 0
RC WALK 135 id 5 role expand pos 13,7 tgt 14,6 want EAST
RC POS 135 id 7 seat 2 role expand fs 0 body 1 pos 12,9 stuck 0
RC WALK 135 id 7 role expand pos 12,9 tgt 10,11 want WEST
RC POS 135 id 9 seat 3 role raid fs 1 body 2 pos 9,17 stuck 190
RC WALK 135 id 9 role raid pos 9,17 tgt 8,20 want SOUTH
RC POS 136 id 3 seat 0 role raid fs 1 body 1 pos 10,21 stuck 0
RC WALK 136 id 3 role raid pos 10,21 tgt 8,20 want WEST
RC POS 136 id 5 seat 1 role expand fs 0 body 1 pos 14,7 stuck 0
RC WALK 136 id 5 role expand pos 14,7 tgt 14,6 want NORTH
RC POS 136 id 7 seat 2 role expand fs 0 body 1 pos 11,9 stuck 0
RC WALK 136 id 7 role expand pos 11,9 tgt 10,11 want SOUTH
RC POS 136 id 9 seat 3 role raid fs 1 body 2 pos 9,17 stuck 192
RC WALK 136 id 9 role raid pos 9,17 tgt 8,20 want SOUTH
RC POS 137 id 3 seat 0 role raid fs 1 body 1 pos 9,21 stuck 0
RC WALK 137 id 3 role raid pos 9,21 tgt 8,20 want WEST
RC POS 137 id 5 seat 1 role expand fs 0 body 1 pos 14,6 stuck 0
RC WALK 137 id 5 role expand pos 14,6 tgt 14,7 want SOUTH
RC POS 137 id 7 seat 2 role expand fs 0 body 1 pos 11,10 stuck 0
RC WALK 137 id 7 role expand pos 11,10 tgt 10,11 want WEST
RC POS 137 id 9 seat 3 role raid fs 1 body 2 pos 9,17 stuck 194
RC WALK 137 id 9 role raid pos 9,17 tgt 8,20 want SOUTH
RC POS 138 id 3 seat 0 role raid fs 1 body 1 pos 8,21 stuck 0
RC WALK 138 id 3 role raid pos 8,21 tgt 8,20 want NORTH
RC POS 138 id 5 seat 1 role expand fs 0 body 1 pos 14,7 stuck 0
RC WALK 138 id 5 role expand pos 14,7 tgt 9,2 want WEST
RC POS 138 id 7 seat 2 role expand fs 0 body 1 pos 10,10 stuck 0
RC WALK 138 id 7 role expand pos 10,10 tgt 10,11 want SOUTH
RC POS 138 id 9 seat 3 role raid fs 1 body 2 pos 9,17 stuck 196
RC WALK 138 id 9 role raid pos 9,17 tgt 11,20 want SOUTH
RC POS 139 id 3 seat 0 role raid fs 1 body 1 pos 8,20 stuck 0
RC POS 139 id 5 seat 1 role expand fs 0 body 1 pos 13,7 stuck 0
RC WALK 139 id 5 role expand pos 13,7 tgt 14,6 want EAST
RC POS 139 id 7 seat 2 role expand fs 0 body 1 pos 10,11 stuck 0
RC WALK 139 id 7 role expand pos 10,11 tgt 12,12 want EAST
RC POS 139 id 9 seat 3 role raid fs 1 body 2 pos 9,17 stuck 198
RC WALK 139 id 9 role raid pos 9,17 tgt 11,20 want SOUTH
RC POS 140 id 3 seat 0 role raid fs 1 body 1 pos 8,20 stuck 1
RC WALK 140 id 3 role raid pos 8,20 tgt 11,20 want SOUTH
RC POS 140 id 5 seat 1 role expand fs 0 body 1 pos 14,7 stuck 0
RC WALK 140 id 5 role expand pos 14,7 tgt 14,6 want NORTH
RC POS 140 id 7 seat 2 role expand fs 0 body 1 pos 11,11 stuck 0
RC WALK 140 id 7 role expand pos 11,11 tgt 12,12 want EAST
RC POS 140 id 9 seat 3 role raid fs 1 body 2 pos 9,17 stuck 200
RC WALK 140 id 9 role raid pos 9,17 tgt 11,20 want SOUTH
RC POS 141 id 3 seat 0 role raid fs 1 body 1 pos 8,21 stuck 0
RC WALK 141 id 3 role raid pos 8,21 tgt 11,20 want EAST
RC POS 141 id 5 seat 1 role expand fs 0 body 1 pos 14,6 stuck 0
RC WALK 141 id 5 role expand pos 14,6 tgt 14,7 want SOUTH
RC POS 141 id 7 seat 2 role expand fs 0 body 1 pos 12,11 stuck 0
RC WALK 141 id 7 role expand pos 12,11 tgt 12,12 want SOUTH
RC POS 141 id 9 seat 3 role raid fs 1 body 2 pos 9,17 stuck 202
RC WALK 141 id 9 role raid pos 9,17 tgt 11,20 want SOUTH
RC POS 142 id 3 seat 0 role raid fs 1 body 1 pos 9,21 stuck 0
RC WALK 142 id 3 role raid pos 9,21 tgt 11,20 want EAST
RC POS 142 id 5 seat 1 role expand fs 0 body 1 pos 14,7 stuck 0
RC WALK 142 id 5 role expand pos 14,7 tgt 9,2 want WEST
RC POS 142 id 7 seat 2 role expand fs 0 body 1 pos 12,12 stuck 0
RC WALK 142 id 7 role expand pos 12,12 tgt 11,12 want WEST
RC POS 142 id 9 seat 3 role raid fs 1 body 2 pos 9,17 stuck 204
RC WALK 142 id 9 role raid pos 9,17 tgt 11,20 want SOUTH
RC POS 143 id 3 seat 0 role raid fs 1 body 1 pos 10,21 stuck 0
RC WALK 143 id 3 role raid pos 10,21 tgt 11,20 want EAST
RC POS 143 id 5 seat 1 role expand fs 0 body 1 pos 13,7 stuck 0
RC WALK 143 id 5 role expand pos 13,7 tgt 14,6 want EAST
RC POS 143 id 7 seat 2 role expand fs 0 body 1 pos 11,12 stuck 0
RC WALK 143 id 7 role expand pos 11,12 tgt 11,11 want NORTH
RC POS 143 id 9 seat 3 role raid fs 1 body 2 pos 9,17 stuck 206
RC WALK 143 id 9 role raid pos 9,17 tgt 11,20 want SOUTH
RC POS 144 id 3 seat 0 role raid fs 1 body 1 pos 11,21 stuck 0
RC WALK 144 id 3 role raid pos 11,21 tgt 11,20 want NORTH
RC POS 144 id 5 seat 1 role expand fs 0 body 1 pos 14,7 stuck 0
RC WALK 144 id 5 role expand pos 14,7 tgt 14,6 want NORTH
RC POS 144 id 7 seat 2 role expand fs 0 body 1 pos 11,11 stuck 0
RC WALK 144 id 7 role expand pos 11,11 tgt 11,12 want SOUTH
RC POS 144 id 9 seat 3 role raid fs 1 body 2 pos 9,17 stuck 208
RC POS 145 id 3 seat 0 role raid fs 1 body 1 pos 11,20 stuck 0
RC POS 145 id 5 seat 1 role expand fs 0 body 1 pos 14,6 stuck 0
RC WALK 145 id 5 role expand pos 14,6 tgt 14,7 want SOUTH
RC POS 145 id 7 seat 2 role expand fs 0 body 1 pos 11,12 stuck 0
RC WALK 145 id 7 role expand pos 11,12 tgt 11,11 want NORTH
RC POS 145 id 9 seat 3 role raid fs 1 body 2 pos 9,17 stuck 209
RC WALK 145 id 9 role raid pos 9,17 tgt 8,20 want SOUTH
RC POS 146 id 3 seat 0 role raid fs 1 body 1 pos 11,20 stuck 1
RC WALK 146 id 3 role raid pos 11,20 tgt 8,20 want SOUTH
RC POS 146 id 5 seat 1 role expand fs 0 body 1 pos 14,7 stuck 0
RC WALK 146 id 5 role expand pos 14,7 tgt 9,2 want WEST
RC POS 146 id 7 seat 2 role expand fs 0 body 1 pos 11,11 stuck 0
RC WALK 146 id 7 role expand pos 11,11 tgt 11,12 want SOUTH
RC POS 146 id 9 seat 3 role raid fs 1 body 2 pos 9,17 stuck 211
RC WALK 146 id 9 role raid pos 9,17 tgt 8,20 want SOUTH
RC POS 147 id 3 seat 0 role raid fs 1 body 1 pos 11,21 stuck 0
RC WALK 147 id 3 role raid pos 11,21 tgt 8,20 want WEST
RC POS 147 id 5 seat 1 role expand fs 0 body 1 pos 13,7 stuck 0
RC WALK 147 id 5 role expand pos 13,7 tgt 14,6 want EAST
RC POS 147 id 7 seat 2 role expand fs 0 body 1 pos 11,12 stuck 0
RC WALK 147 id 7 role expand pos 11,12 tgt 11,11 want NORTH
RC POS 147 id 9 seat 3 role raid fs 1 body 2 pos 9,17 stuck 213
RC WALK 147 id 9 role raid pos 9,17 tgt 8,20 want SOUTH
RC POS 148 id 3 seat 0 role raid fs 1 body 1 pos 10,21 stuck 0
RC WALK 148 id 3 role raid pos 10,21 tgt 8,20 want WEST
RC POS 148 id 5 seat 1 role expand fs 0 body 1 pos 14,7 stuck 0
RC WALK 148 id 5 role expand pos 14,7 tgt 14,6 want NORTH
RC POS 148 id 7 seat 2 role expand fs 0 body 1 pos 11,11 stuck 0
RC WALK 148 id 7 role expand pos 11,11 tgt 11,12 want SOUTH
RC POS 148 id 9 seat 3 role raid fs 1 body 2 pos 9,17 stuck 215
RC WALK 148 id 9 role raid pos 9,17 tgt 8,20 want SOUTH
RC POS 149 id 3 seat 0 role raid fs 1 body 1 pos 9,21 stuck 0
RC WALK 149 id 3 role raid pos 9,21 tgt 8,20 want WEST
RC POS 149 id 5 seat 1 role expand fs 0 body 1 pos 14,6 stuck 0
RC WALK 149 id 5 role expand pos 14,6 tgt 14,7 want SOUTH
RC POS 149 id 7 seat 2 role expand fs 0 body 1 pos 11,12 stuck 0
RC WALK 149 id 7 role expand pos 11,12 tgt 11,11 want NORTH
RC POS 149 id 9 seat 3 role raid fs 1 body 2 pos 9,17 stuck 217
RC WALK 149 id 9 role raid pos 9,17 tgt 8,20 want SOUTH
RC POS 150 id 3 seat 0 role raid fs 1 body 1 pos 8,21 stuck 0
RC WALK 150 id 3 role raid pos 8,21 tgt 8,20 want NORTH
RC POS 150 id 5 seat 1 role expand fs 0 body 1 pos 14,7 stuck 0
RC WALK 150 id 5 role expand pos 14,7 tgt 9,2 want WEST
RC POS 150 id 7 seat 2 role expand fs 0 body 1 pos 11,11 stuck 0
RC WALK 150 id 7 role expand pos 11,11 tgt 11,12 want SOUTH
RC POS 150 id 9 seat 3 role raid fs 1 body 2 pos 9,17 stuck 219
RC WALK 150 id 9 role raid pos 9,17 tgt 7,19 want WEST
RC POS 151 id 3 seat 0 role raid fs 1 body 1 pos 8,20 stuck 0
RC POS 151 id 5 seat 1 role expand fs 0 body 1 pos 13,7 stuck 0
RC WALK 151 id 5 role expand pos 13,7 tgt 14,6 want EAST
RC POS 151 id 7 seat 2 role expand fs 0 body 1 pos 11,12 stuck 0
RC WALK 151 id 7 role expand pos 11,12 tgt 11,11 want NORTH
RC POS 151 id 9 seat 3 role raid fs 1 body 2 pos 9,17 stuck 221
RC WALK 151 id 9 role raid pos 9,17 tgt 11,16 want EAST
RC POS 152 id 3 seat 0 role raid fs 1 body 1 pos 8,20 stuck 1
RC WALK 152 id 3 role raid pos 8,20 tgt 11,16 want WEST
RC POS 152 id 5 seat 1 role expand fs 0 body 1 pos 14,7 stuck 0
RC WALK 152 id 5 role expand pos 14,7 tgt 14,6 want NORTH
RC POS 152 id 7 seat 2 role expand fs 0 body 1 pos 11,11 stuck 0
RC WALK 152 id 7 role expand pos 11,11 tgt 11,12 want SOUTH
RC POS 152 id 9 seat 3 role raid fs 1 body 2 pos 9,17 stuck 223
RC WALK 152 id 9 role raid pos 9,17 tgt 11,16 want EAST
RC POS 153 id 3 seat 0 role raid fs 1 body 1 pos 7,20 stuck 0
RC POS 153 id 5 seat 1 role expand fs 0 body 1 pos 14,6 stuck 0
RC WALK 153 id 5 role expand pos 14,6 tgt 14,7 want SOUTH
RC POS 153 id 7 seat 2 role expand fs 0 body 1 pos 11,12 stuck 0
RC WALK 153 id 7 role expand pos 11,12 tgt 11,11 want NORTH
RC POS 153 id 9 seat 3 role raid fs 1 body 2 pos 9,17 stuck 225
RC WALK 153 id 9 role raid pos 9,17 tgt 11,16 want EAST
RC POS 154 id 3 seat 0 role raid fs 1 body 1 pos 7,20 stuck 1
RC WALK 154 id 3 role raid pos 7,20 tgt 11,16 want SOUTH
RC POS 154 id 5 seat 1 role expand fs 0 body 1 pos 14,7 stuck 0
RC WALK 154 id 5 role expand pos 14,7 tgt 9,2 want WEST
RC POS 154 id 7 seat 2 role expand fs 0 body 1 pos 11,11 stuck 0
RC WALK 154 id 7 role expand pos 11,11 tgt 11,12 want SOUTH
RC POS 154 id 9 seat 3 role raid fs 1 body 2 pos 9,17 stuck 227
RC WALK 154 id 9 role raid pos 9,17 tgt 11,16 want EAST
RC POS 155 id 3 seat 0 role raid fs 1 body 1 pos 7,21 stuck 0
RC WALK 155 id 3 role raid pos 7,21 tgt 10,16 want NORTH
RC POS 155 id 5 seat 1 role expand fs 0 body 1 pos 13,7 stuck 0
RC WALK 155 id 5 role expand pos 13,7 tgt 14,6 want EAST
RC POS 155 id 7 seat 2 role expand fs 0 body 1 pos 11,12 stuck 0
RC WALK 155 id 7 role expand pos 11,12 tgt 11,11 want NORTH
RC POS 155 id 9 seat 3 role raid fs 1 body 2 pos 9,17 stuck 229
RC WALK 155 id 9 role raid pos 9,17 tgt 11,16 want EAST
RC POS 156 id 3 seat 0 role raid fs 1 body 1 pos 7,20 stuck 0
RC WALK 156 id 3 role raid pos 7,20 tgt 11,16 want SOUTH
RC POS 156 id 5 seat 1 role expand fs 0 body 1 pos 14,7 stuck 0
RC WALK 156 id 5 role expand pos 14,7 tgt 14,6 want NORTH
RC POS 156 id 7 seat 2 role expand fs 0 body 1 pos 11,11 stuck 0
RC WALK 156 id 7 role expand pos 11,11 tgt 11,12 want SOUTH
RC POS 156 id 9 seat 3 role raid fs 1 body 2 pos 9,17 stuck 231
RC WALK 156 id 9 role raid pos 9,17 tgt 11,16 want EAST
RC POS 157 id 3 seat 0 role raid fs 1 body 1 pos 7,21 stuck 0
RC WALK 157 id 3 role raid pos 7,21 tgt 10,16 want NORTH
RC POS 157 id 5 seat 1 role expand fs 0 body 1 pos 14,6 stuck 0
RC WALK 157 id 5 role expand pos 14,6 tgt 14,7 want SOUTH
RC POS 157 id 7 seat 2 role expand fs 0 body 1 pos 11,12 stuck 0
RC WALK 157 id 7 role expand pos 11,12 tgt 11,11 want NORTH
RC POS 157 id 9 seat 3 role raid fs 1 body 2 pos 9,17 stuck 233
RC WALK 157 id 9 role raid pos 9,17 tgt 7,19 want WEST
RC POS 158 id 3 seat 0 role raid fs 1 body 1 pos 7,20 stuck 0
RC WALK 158 id 3 role raid pos 7,20 tgt 7,19 want NORTH
RC POS 158 id 5 seat 1 role expand fs 0 body 1 pos 14,7 stuck 0
RC WALK 158 id 5 role expand pos 14,7 tgt 9,2 want WEST
RC POS 158 id 7 seat 2 role expand fs 0 body 1 pos 11,11 stuck 0
RC WALK 158 id 7 role expand pos 11,11 tgt 11,12 want SOUTH
RC POS 158 id 9 seat 3 role raid fs 1 body 2 pos 9,17 stuck 235
RC POS 159 id 3 seat 0 role raid fs 1 body 1 pos 7,19 stuck 0
RC POS 159 id 5 seat 1 role expand fs 0 body 1 pos 13,7 stuck 0
RC WALK 159 id 5 role expand pos 13,7 tgt 14,6 want EAST
RC POS 159 id 7 seat 2 role expand fs 0 body 1 pos 11,12 stuck 0
RC WALK 159 id 7 role expand pos 11,12 tgt 11,11 want NORTH
RC POS 159 id 9 seat 3 role raid fs 1 body 2 pos 9,17 stuck 236
RC WALK 159 id 9 role raid pos 9,17 tgt 11,16 want EAST
RC POS 160 id 3 seat 0 role raid fs 1 body 1 pos 7,19 stuck 1
RC WALK 160 id 3 role raid pos 7,19 tgt 11,16 want NORTH
RC POS 160 id 5 seat 1 role expand fs 0 body 1 pos 14,7 stuck 0
RC WALK 160 id 5 role expand pos 14,7 tgt 14,6 want NORTH
RC POS 160 id 7 seat 2 role expand fs 0 body 1 pos 11,11 stuck 0
RC WALK 160 id 7 role expand pos 11,11 tgt 11,12 want SOUTH
RC POS 160 id 9 seat 3 role raid fs 1 body 2 pos 9,17 stuck 238
RC WALK 160 id 9 role raid pos 9,17 tgt 11,16 want EAST
RC POS 161 id 3 seat 0 role raid fs 1 body 1 pos 7,18 stuck 0
RC WALK 161 id 3 role raid pos 7,18 tgt 11,16 want NORTH
RC POS 161 id 5 seat 1 role expand fs 0 body 1 pos 14,6 stuck 0
RC WALK 161 id 5 role expand pos 14,6 tgt 14,7 want SOUTH
RC POS 161 id 7 seat 2 role expand fs 0 body 1 pos 11,12 stuck 0
RC WALK 161 id 7 role expand pos 11,12 tgt 11,11 want NORTH
RC POS 161 id 9 seat 3 role raid fs 1 body 2 pos 9,17 stuck 240
RC WALK 161 id 9 role raid pos 9,17 tgt 11,16 want EAST
RC POS 162 id 3 seat 0 role raid fs 1 body 1 pos 7,17 stuck 0
RC WALK 162 id 3 role raid pos 7,17 tgt 11,16 want NORTH
RC POS 162 id 5 seat 1 role expand fs 0 body 1 pos 14,7 stuck 0
RC WALK 162 id 5 role expand pos 14,7 tgt 9,2 want WEST
RC POS 162 id 7 seat 2 role expand fs 0 body 1 pos 11,11 stuck 0
RC WALK 162 id 7 role expand pos 11,11 tgt 11,12 want SOUTH
RC POS 162 id 9 seat 3 role raid fs 1 body 2 pos 9,17 stuck 242
RC WALK 162 id 9 role raid pos 9,17 tgt 11,16 want EAST
RC POS 163 id 3 seat 0 role raid fs 1 body 1 pos 7,16 stuck 0
RC WALK 163 id 3 role raid pos 7,16 tgt 11,20 want SOUTH
RC POS 163 id 5 seat 1 role expand fs 0 body 1 pos 13,7 stuck 0
RC WALK 163 id 5 role expand pos 13,7 tgt 14,6 want EAST
RC POS 163 id 7 seat 2 role expand fs 0 body 1 pos 11,12 stuck 0
RC WALK 163 id 7 role expand pos 11,12 tgt 11,11 want NORTH
RC POS 163 id 9 seat 3 role raid fs 1 body 2 pos 9,17 stuck 244
RC WALK 163 id 9 role raid pos 9,17 tgt 11,16 want EAST
RC POS 164 id 3 seat 0 role raid fs 1 body 1 pos 7,17 stuck 0
RC WALK 164 id 3 role raid pos 7,17 tgt 11,16 want NORTH
RC POS 164 id 5 seat 1 role expand fs 0 body 1 pos 14,7 stuck 0
RC WALK 164 id 5 role expand pos 14,7 tgt 14,6 want NORTH
RC POS 164 id 7 seat 2 role expand fs 0 body 1 pos 11,11 stuck 0
RC WALK 164 id 7 role expand pos 11,11 tgt 11,12 want SOUTH
RC POS 164 id 9 seat 3 role raid fs 1 body 2 pos 9,17 stuck 246
RC WALK 164 id 9 role raid pos 9,17 tgt 11,16 want EAST
RC POS 165 id 3 seat 0 role raid fs 1 body 1 pos 7,16 stuck 0
RC WALK 165 id 3 role raid pos 7,16 tgt 11,20 want SOUTH
RC POS 165 id 5 seat 1 role expand fs 0 body 1 pos 14,6 stuck 0
RC WALK 165 id 5 role expand pos 14,6 tgt 14,7 want SOUTH
RC POS 165 id 7 seat 2 role expand fs 0 body 1 pos 11,12 stuck 0
RC WALK 165 id 7 role expand pos 11,12 tgt 11,11 want NORTH
RC POS 165 id 9 seat 3 role raid fs 1 body 2 pos 9,17 stuck 248
RC WALK 165 id 9 role raid pos 9,17 tgt 7,19 want WEST
RC POS 166 id 3 seat 0 role raid fs 1 body 1 pos 7,17 stuck 0
RC WALK 166 id 3 role raid pos 7,17 tgt 7,19 want SOUTH
RC POS 166 id 5 seat 1 role expand fs 0 body 1 pos 14,7 stuck 0
RC WALK 166 id 5 role expand pos 14,7 tgt 9,2 want WEST
RC POS 166 id 7 seat 2 role expand fs 0 body 1 pos 11,11 stuck 0
RC WALK 166 id 7 role expand pos 11,11 tgt 11,12 want SOUTH
RC POS 166 id 9 seat 3 role raid fs 1 body 2 pos 9,17 stuck 250
RC WALK 166 id 9 role raid pos 9,17 tgt 7,19 want WEST
RC POS 167 id 3 seat 0 role raid fs 1 body 1 pos 7,18 stuck 0
RC WALK 167 id 3 role raid pos 7,18 tgt 7,19 want SOUTH
RC POS 167 id 5 seat 1 role expand fs 0 body 1 pos 13,7 stuck 0
RC WALK 167 id 5 role expand pos 13,7 tgt 14,6 want EAST
RC POS 167 id 7 seat 2 role expand fs 0 body 1 pos 11,12 stuck 0
RC WALK 167 id 7 role expand pos 11,12 tgt 11,11 want NORTH
RC POS 167 id 9 seat 3 role raid fs 1 body 2 pos 9,17 stuck 252
RC POS 168 id 3 seat 0 role raid fs 1 body 1 pos 7,19 stuck 0
RC POS 168 id 5 seat 1 role expand fs 0 body 1 pos 14,7 stuck 0
RC WALK 168 id 5 role expand pos 14,7 tgt 14,6 want NORTH
RC POS 168 id 7 seat 2 role expand fs 0 body 1 pos 11,11 stuck 0
RC WALK 168 id 7 role expand pos 11,11 tgt 11,12 want SOUTH
RC POS 168 id 9 seat 3 role raid fs 1 body 2 pos 9,17 stuck 253
RC POS 169 id 3 seat 0 role raid fs 1 body 1 pos 7,19 stuck 1
RC POS 169 id 5 seat 1 role expand fs 0 body 1 pos 14,6 stuck 0
RC WALK 169 id 5 role expand pos 14,6 tgt 14,7 want SOUTH
RC POS 169 id 7 seat 2 role expand fs 0 body 1 pos 11,12 stuck 0
RC WALK 169 id 7 role expand pos 11,12 tgt 11,11 want NORTH
RC POS 169 id 9 seat 3 role raid fs 1 body 2 pos 9,17 stuck 254
RC WALK 169 id 9 role raid pos 9,17 tgt 11,16 want EAST
RC POS 170 id 3 seat 0 role raid fs 1 body 1 pos 7,19 stuck 2
RC WALK 170 id 3 role raid pos 7,19 tgt 11,16 want NORTH
RC POS 170 id 5 seat 1 role expand fs 0 body 1 pos 14,7 stuck 0
RC WALK 170 id 5 role expand pos 14,7 tgt 9,2 want WEST
RC POS 170 id 7 seat 2 role expand fs 0 body 1 pos 11,11 stuck 0
RC WALK 170 id 7 role expand pos 11,11 tgt 11,12 want SOUTH
RC POS 170 id 9 seat 3 role raid fs 1 body 2 pos 9,17 stuck 256
RC WALK 170 id 9 role raid pos 9,17 tgt 11,16 want EAST
RC POS 171 id 3 seat 0 role raid fs 1 body 1 pos 7,18 stuck 0
RC WALK 171 id 3 role raid pos 7,18 tgt 11,16 want NORTH
RC POS 171 id 5 seat 1 role expand fs 0 body 1 pos 13,7 stuck 0
RC WALK 171 id 5 role expand pos 13,7 tgt 14,6 want EAST
RC POS 171 id 7 seat 2 role expand fs 0 body 1 pos 11,12 stuck 0
RC WALK 171 id 7 role expand pos 11,12 tgt 11,11 want NORTH
RC POS 171 id 9 seat 3 role raid fs 1 body 2 pos 9,17 stuck 258
RC WALK 171 id 9 role raid pos 9,17 tgt 11,16 want EAST
RC POS 172 id 3 seat 0 role raid fs 1 body 1 pos 7,17 stuck 0
RC WALK 172 id 3 role raid pos 7,17 tgt 11,16 want NORTH
RC POS 172 id 5 seat 1 role expand fs 0 body 1 pos 14,7 stuck 0
RC WALK 172 id 5 role expand pos 14,7 tgt 14,6 want NORTH
RC POS 172 id 7 seat 2 role expand fs 0 body 1 pos 11,11 stuck 0
RC WALK 172 id 7 role expand pos 11,11 tgt 11,12 want SOUTH
RC POS 172 id 9 seat 3 role raid fs 1 body 2 pos 9,17 stuck 260
RC WALK 172 id 9 role raid pos 9,17 tgt 11,16 want EAST
RC POS 173 id 3 seat 0 role raid fs 1 body 1 pos 7,16 stuck 0
RC WALK 173 id 3 role raid pos 7,16 tgt 11,20 want SOUTH
RC POS 173 id 5 seat 1 role expand fs 0 body 1 pos 14,6 stuck 0
RC WALK 173 id 5 role expand pos 14,6 tgt 14,7 want SOUTH
RC POS 173 id 7 seat 2 role expand fs 0 body 1 pos 11,12 stuck 0
RC WALK 173 id 7 role expand pos 11,12 tgt 11,11 want NORTH
RC POS 173 id 9 seat 3 role raid fs 1 body 2 pos 9,17 stuck 262
RC WALK 173 id 9 role raid pos 9,17 tgt 11,16 want EAST
RC POS 174 id 3 seat 0 role raid fs 1 body 1 pos 7,17 stuck 0
RC WALK 174 id 3 role raid pos 7,17 tgt 11,16 want NORTH
RC POS 174 id 5 seat 1 role expand fs 0 body 1 pos 14,7 stuck 0
RC WALK 174 id 5 role expand pos 14,7 tgt 9,2 want WEST
RC POS 174 id 7 seat 2 role expand fs 0 body 1 pos 11,11 stuck 0
RC WALK 174 id 7 role expand pos 11,11 tgt 11,12 want SOUTH
RC POS 174 id 9 seat 3 role raid fs 1 body 2 pos 9,17 stuck 264
RC WALK 174 id 9 role raid pos 9,17 tgt 11,16 want EAST
RC POS 175 id 3 seat 0 role raid fs 1 body 1 pos 7,16 stuck 0
RC WALK 175 id 3 role raid pos 7,16 tgt 11,20 want SOUTH
RC POS 175 id 5 seat 1 role expand fs 0 body 1 pos 13,7 stuck 0
RC WALK 175 id 5 role expand pos 13,7 tgt 14,6 want EAST
RC POS 175 id 7 seat 2 role expand fs 0 body 1 pos 11,12 stuck 0
RC WALK 175 id 7 role expand pos 11,12 tgt 11,11 want NORTH
RC POS 175 id 9 seat 3 role raid fs 1 body 2 pos 9,17 stuck 266
RC WALK 175 id 9 role raid pos 9,17 tgt 11,16 want EAST
RC POS 176 id 3 seat 0 role raid fs 1 body 1 pos 7,17 stuck 0
RC WALK 176 id 3 role raid pos 7,17 tgt 11,16 want NORTH
RC POS 176 id 5 seat 1 role expand fs 0 body 1 pos 14,7 stuck 0
RC WALK 176 id 5 role expand pos 14,7 tgt 14,6 want NORTH
RC POS 176 id 7 seat 2 role expand fs 0 body 1 pos 11,11 stuck 0
RC WALK 176 id 7 role expand pos 11,11 tgt 11,12 want SOUTH
RC POS 176 id 9 seat 3 role raid fs 1 body 2 pos 9,17 stuck 268
RC WALK 176 id 9 role raid pos 9,17 tgt 11,16 want EAST
RC POS 177 id 3 seat 0 role raid fs 1 body 1 pos 7,16 stuck 0
RC WALK 177 id 3 role raid pos 7,16 tgt 11,20 want SOUTH
RC POS 177 id 5 seat 1 role expand fs 0 body 1 pos 14,6 stuck 0
RC WALK 177 id 5 role expand pos 14,6 tgt 14,7 want SOUTH
RC POS 177 id 7 seat 2 role expand fs 0 body 1 pos 11,12 stuck 0
RC WALK 177 id 7 role expand pos 11,12 tgt 11,11 want NORTH
RC POS 177 id 9 seat 3 role raid fs 1 body 2 pos 9,17 stuck 270
RC WALK 177 id 9 role raid pos 9,17 tgt 7,19 want WEST
RC POS 178 id 3 seat 0 role raid fs 1 body 1 pos 7,17 stuck 0
RC WALK 178 id 3 role raid pos 7,17 tgt 7,19 want SOUTH
RC POS 178 id 5 seat 1 role expand fs 0 body 1 pos 14,7 stuck 0
RC WALK 178 id 5 role expand pos 14,7 tgt 9,2 want WEST
RC POS 178 id 7 seat 2 role expand fs 0 body 1 pos 11,11 stuck 0
RC WALK 178 id 7 role expand pos 11,11 tgt 11,12 want SOUTH
RC POS 178 id 9 seat 3 role raid fs 1 body 2 pos 9,17 stuck 272
RC WALK 178 id 9 role raid pos 9,17 tgt 7,19 want WEST
RC POS 179 id 3 seat 0 role raid fs 1 body 1 pos 7,18 stuck 0
RC WALK 179 id 3 role raid pos 7,18 tgt 7,19 want SOUTH
RC POS 179 id 5 seat 1 role expand fs 0 body 1 pos 13,7 stuck 0
RC WALK 179 id 5 role expand pos 13,7 tgt 14,6 want EAST
RC POS 179 id 7 seat 2 role expand fs 0 body 1 pos 11,12 stuck 0
RC WALK 179 id 7 role expand pos 11,12 tgt 11,11 want NORTH
RC POS 179 id 9 seat 3 role raid fs 1 body 2 pos 9,17 stuck 274
RC POS 180 id 3 seat 0 role raid fs 1 body 1 pos 7,19 stuck 0
RC POS 180 id 5 seat 1 role expand fs 0 body 1 pos 14,7 stuck 0
RC WALK 180 id 5 role expand pos 14,7 tgt 14,6 want NORTH
RC POS 180 id 7 seat 2 role expand fs 0 body 1 pos 11,11 stuck 0
RC WALK 180 id 7 role expand pos 11,11 tgt 11,12 want SOUTH
RC POS 180 id 9 seat 3 role raid fs 1 body 2 pos 9,17 stuck 275
RC WALK 180 id 9 role raid pos 9,17 tgt 11,16 want EAST
RC POS 181 id 3 seat 0 role raid fs 1 body 1 pos 7,19 stuck 1
RC POS 181 id 5 seat 1 role expand fs 0 body 1 pos 14,6 stuck 0
RC WALK 181 id 5 role expand pos 14,6 tgt 14,7 want SOUTH
RC POS 181 id 7 seat 2 role expand fs 0 body 1 pos 11,12 stuck 0
RC WALK 181 id 7 role expand pos 11,12 tgt 11,11 want NORTH
RC POS 181 id 9 seat 3 role raid fs 1 body 2 pos 9,17 stuck 277
RC WALK 181 id 9 role raid pos 9,17 tgt 11,16 want EAST
RC POS 182 id 3 seat 0 role raid fs 1 body 1 pos 7,20 stuck 0
RC WALK 182 id 3 role raid pos 7,20 tgt 11,16 want SOUTH
RC POS 182 id 5 seat 1 role expand fs 0 body 1 pos 14,7 stuck 0
RC WALK 182 id 5 role expand pos 14,7 tgt 9,2 want WEST
RC POS 182 id 7 seat 2 role expand fs 0 body 1 pos 11,11 stuck 0
RC WALK 182 id 7 role expand pos 11,11 tgt 11,12 want SOUTH
RC POS 182 id 9 seat 3 role raid fs 1 body 2 pos 9,17 stuck 279
RC WALK 182 id 9 role raid pos 9,17 tgt 11,16 want EAST
RC POS 183 id 3 seat 0 role raid fs 1 body 1 pos 7,21 stuck 0
RC WALK 183 id 3 role raid pos 7,21 tgt 10,16 want NORTH
RC POS 183 id 5 seat 1 role expand fs 0 body 1 pos 13,7 stuck 0
RC WALK 183 id 5 role expand pos 13,7 tgt 14,6 want EAST
RC POS 183 id 7 seat 2 role expand fs 0 body 1 pos 11,12 stuck 0
RC WALK 183 id 7 role expand pos 11,12 tgt 11,11 want NORTH
RC POS 183 id 9 seat 3 role raid fs 1 body 2 pos 9,17 stuck 281
RC WALK 183 id 9 role raid pos 9,17 tgt 11,16 want EAST
RC POS 184 id 3 seat 0 role raid fs 1 body 1 pos 7,20 stuck 0
RC WALK 184 id 3 role raid pos 7,20 tgt 11,16 want SOUTH
RC POS 184 id 5 seat 1 role expand fs 0 body 1 pos 14,7 stuck 0
RC WALK 184 id 5 role expand pos 14,7 tgt 14,6 want NORTH
RC POS 184 id 7 seat 2 role expand fs 0 body 1 pos 11,11 stuck 0
RC WALK 184 id 7 role expand pos 11,11 tgt 11,12 want SOUTH
RC POS 184 id 9 seat 3 role raid fs 1 body 2 pos 9,17 stuck 283
RC WALK 184 id 9 role raid pos 9,17 tgt 11,16 want EAST
RC POS 185 id 3 seat 0 role raid fs 1 body 1 pos 7,21 stuck 0
RC WALK 185 id 3 role raid pos 7,21 tgt 10,16 want NORTH
RC POS 185 id 5 seat 1 role expand fs 0 body 1 pos 14,6 stuck 0
RC WALK 185 id 5 role expand pos 14,6 tgt 14,7 want SOUTH
RC POS 185 id 7 seat 2 role expand fs 0 body 1 pos 11,12 stuck 0
RC WALK 185 id 7 role expand pos 11,12 tgt 11,11 want NORTH
RC POS 185 id 9 seat 3 role raid fs 1 body 2 pos 9,17 stuck 285
RC WALK 185 id 9 role raid pos 9,17 tgt 11,16 want EAST
RC POS 186 id 3 seat 0 role raid fs 1 body 1 pos 7,20 stuck 0
RC WALK 186 id 3 role raid pos 7,20 tgt 11,16 want SOUTH
RC POS 186 id 5 seat 1 role expand fs 0 body 1 pos 14,7 stuck 0
RC WALK 186 id 5 role expand pos 14,7 tgt 9,2 want WEST
RC POS 186 id 7 seat 2 role expand fs 0 body 1 pos 11,11 stuck 0
RC WALK 186 id 7 role expand pos 11,11 tgt 11,12 want SOUTH
RC POS 186 id 9 seat 3 role raid fs 1 body 2 pos 9,17 stuck 287
RC WALK 186 id 9 role raid pos 9,17 tgt 11,16 want EAST
RC POS 187 id 3 seat 0 role raid fs 1 body 1 pos 7,21 stuck 0
RC WALK 187 id 3 role raid pos 7,21 tgt 10,16 want NORTH
RC POS 187 id 5 seat 1 role expand fs 0 body 1 pos 13,7 stuck 0
RC WALK 187 id 5 role expand pos 13,7 tgt 14,6 want EAST
RC POS 187 id 7 seat 2 role expand fs 0 body 1 pos 11,12 stuck 0
RC WALK 187 id 7 role expand pos 11,12 tgt 11,11 want NORTH
RC POS 187 id 9 seat 3 role raid fs 1 body 2 pos 9,17 stuck 289
RC WALK 187 id 9 role raid pos 9,17 tgt 11,16 want EAST
RC POS 188 id 3 seat 0 role raid fs 1 body 1 pos 7,20 stuck 0
RC WALK 188 id 3 role raid pos 7,20 tgt 11,16 want SOUTH
RC POS 188 id 5 seat 1 role expand fs 0 body 1 pos 14,7 stuck 0
RC WALK 188 id 5 role expand pos 14,7 tgt 14,6 want NORTH
RC POS 188 id 7 seat 2 role expand fs 0 body 1 pos 11,11 stuck 0
RC WALK 188 id 7 role expand pos 11,11 tgt 11,12 want SOUTH
RC POS 188 id 9 seat 3 role raid fs 1 body 2 pos 9,17 stuck 291
RC WALK 188 id 9 role raid pos 9,17 tgt 11,16 want EAST
RC POS 189 id 3 seat 0 role raid fs 1 body 1 pos 7,21 stuck 0
RC WALK 189 id 3 role raid pos 7,21 tgt 10,16 want NORTH
RC POS 189 id 5 seat 1 role expand fs 0 body 1 pos 14,6 stuck 0
RC WALK 189 id 5 role expand pos 14,6 tgt 14,7 want SOUTH
RC POS 189 id 7 seat 2 role expand fs 0 body 1 pos 11,12 stuck 0
RC WALK 189 id 7 role expand pos 11,12 tgt 11,11 want NORTH
RC POS 189 id 9 seat 3 role raid fs 1 body 2 pos 9,17 stuck 293
RC WALK 189 id 9 role raid pos 9,17 tgt 7,19 want WEST
RC POS 190 id 3 seat 0 role raid fs 1 body 1 pos 7,20 stuck 0
RC WALK 190 id 3 role raid pos 7,20 tgt 7,19 want NORTH
RC POS 190 id 5 seat 1 role expand fs 0 body 1 pos 14,7 stuck 0
RC WALK 190 id 5 role expand pos 14,7 tgt 9,2 want WEST
RC POS 190 id 7 seat 2 role expand fs 0 body 1 pos 11,11 stuck 0
RC WALK 190 id 7 role expand pos 11,11 tgt 11,12 want SOUTH
RC POS 190 id 9 seat 3 role raid fs 1 body 2 pos 9,17 stuck 295
RC POS 191 id 3 seat 0 role raid fs 1 body 1 pos 7,19 stuck 0
RC POS 191 id 5 seat 1 role expand fs 0 body 1 pos 13,7 stuck 0
RC WALK 191 id 5 role expand pos 13,7 tgt 14,6 want EAST
RC POS 191 id 7 seat 2 role expand fs 0 body 1 pos 11,12 stuck 0
RC WALK 191 id 7 role expand pos 11,12 tgt 11,11 want NORTH
RC POS 191 id 9 seat 3 role raid fs 1 body 2 pos 9,17 stuck 296
RC WALK 191 id 9 role raid pos 9,17 tgt 7,19 want WEST
RC POS 192 id 3 seat 0 role raid fs 1 body 1 pos 7,20 stuck 0
RC WALK 192 id 3 role raid pos 7,20 tgt 7,19 want NORTH
RC POS 192 id 5 seat 1 role expand fs 0 body 1 pos 14,7 stuck 0
RC WALK 192 id 5 role expand pos 14,7 tgt 14,6 want NORTH
RC POS 192 id 7 seat 2 role expand fs 0 body 1 pos 11,11 stuck 0
RC WALK 192 id 7 role expand pos 11,11 tgt 11,12 want SOUTH
RC POS 192 id 9 seat 3 role raid fs 1 body 2 pos 9,17 stuck 298
RC POS 193 id 5 seat 1 role expand fs 0 body 1 pos 14,6 stuck 0
RC WALK 193 id 5 role expand pos 14,6 tgt 14,7 want SOUTH
RC POS 193 id 7 seat 2 role expand fs 0 body 1 pos 11,12 stuck 0
RC WALK 193 id 7 role expand pos 11,12 tgt 11,11 want NORTH
RC POS 193 id 9 seat 3 role raid fs 1 body 2 pos 9,17 stuck 299
RC WALK 193 id 9 role raid pos 9,17 tgt 7,19 want WEST
RC POS 194 id 5 seat 1 role expand fs 0 body 1 pos 14,7 stuck 0
RC WALK 194 id 5 role expand pos 14,7 tgt 9,2 want WEST
RC POS 194 id 7 seat 2 role expand fs 0 body 1 pos 11,11 stuck 0
RC WALK 194 id 7 role expand pos 11,11 tgt 11,12 want SOUTH
RC POS 194 id 9 seat 3 role raid fs 1 body 2 pos 9,17 stuck 301
RC WALK 194 id 9 role raid pos 9,17 tgt 7,19 want WEST
RC POS 195 id 5 seat 1 role expand fs 0 body 1 pos 13,7 stuck 0
RC WALK 195 id 5 role expand pos 13,7 tgt 14,6 want EAST
RC POS 195 id 7 seat 2 role expand fs 0 body 1 pos 11,12 stuck 0
RC WALK 195 id 7 role expand pos 11,12 tgt 11,11 want NORTH
RC POS 195 id 9 seat 3 role raid fs 1 body 2 pos 9,17 stuck 303
RC WALK 195 id 9 role raid pos 9,17 tgt 7,19 want WEST
RC POS 196 id 5 seat 1 role expand fs 0 body 1 pos 14,7 stuck 0
RC WALK 196 id 5 role expand pos 14,7 tgt 14,6 want NORTH
RC POS 196 id 7 seat 2 role expand fs 0 body 1 pos 11,11 stuck 0
RC WALK 196 id 7 role expand pos 11,11 tgt 11,12 want SOUTH
RC POS 196 id 9 seat 3 role raid fs 1 body 2 pos 9,17 stuck 305
RC WALK 196 id 9 role raid pos 9,17 tgt 7,19 want WEST
RC POS 197 id 5 seat 1 role expand fs 0 body 1 pos 14,6 stuck 0
RC WALK 197 id 5 role expand pos 14,6 tgt 14,7 want SOUTH
RC POS 197 id 7 seat 2 role expand fs 0 body 1 pos 11,12 stuck 0
RC WALK 197 id 7 role expand pos 11,12 tgt 11,11 want NORTH
RC POS 197 id 9 seat 3 role raid fs 1 body 2 pos 9,17 stuck 307
RC WALK 197 id 9 role raid pos 9,17 tgt 11,20 want SOUTH
RC POS 198 id 5 seat 1 role expand fs 0 body 1 pos 14,7 stuck 0
RC WALK 198 id 5 role expand pos 14,7 tgt 9,2 want WEST
RC POS 198 id 7 seat 2 role expand fs 0 body 1 pos 11,11 stuck 0
RC WALK 198 id 7 role expand pos 11,11 tgt 11,12 want SOUTH
RC POS 198 id 9 seat 3 role raid fs 1 body 2 pos 9,17 stuck 309
RC WALK 198 id 9 role raid pos 9,17 tgt 11,20 want SOUTH
RC POS 199 id 5 seat 1 role expand fs 0 body 1 pos 13,7 stuck 0
RC WALK 199 id 5 role expand pos 13,7 tgt 14,6 want EAST
RC POS 199 id 7 seat 2 role expand fs 0 body 1 pos 11,12 stuck 0
RC WALK 199 id 7 role expand pos 11,12 tgt 11,11 want NORTH
RC POS 199 id 9 seat 3 role raid fs 1 body 2 pos 9,17 stuck 311
RC WALK 199 id 9 role raid pos 9,17 tgt 11,20 want SOUTH
RC POS 200 id 5 seat 1 role expand fs 0 body 1 pos 14,7 stuck 0
RC WALK 200 id 5 role expand pos 14,7 tgt 14,6 want NORTH
RC POS 200 id 7 seat 2 role expand fs 0 body 1 pos 11,11 stuck 0
RC WALK 200 id 7 role expand pos 11,11 tgt 11,12 want SOUTH
RC POS 200 id 9 seat 3 role raid fs 1 body 2 pos 9,17 stuck 313
RC WALK 200 id 9 role raid pos 9,17 tgt 11,20 want SOUTH
RC POS 201 id 5 seat 1 role expand fs 0 body 1 pos 14,6 stuck 0
RC WALK 201 id 5 role expand pos 14,6 tgt 14,7 want SOUTH
RC POS 201 id 7 seat 2 role expand fs 0 body 1 pos 11,12 stuck 0
RC WALK 201 id 7 role expand pos 11,12 tgt 11,11 want NORTH
RC POS 201 id 9 seat 3 role raid fs 1 body 2 pos 9,17 stuck 315
RC WALK 201 id 9 role raid pos 9,17 tgt 11,20 want SOUTH
RC POS 202 id 5 seat 1 role expand fs 0 body 1 pos 14,7 stuck 0
RC WALK 202 id 5 role expand pos 14,7 tgt 9,2 want WEST
RC POS 202 id 7 seat 2 role expand fs 0 body 1 pos 11,11 stuck 0
RC WALK 202 id 7 role expand pos 11,11 tgt 11,12 want SOUTH
RC POS 202 id 9 seat 3 role raid fs 1 body 2 pos 9,17 stuck 317
RC WALK 202 id 9 role raid pos 9,17 tgt 11,20 want SOUTH
RC POS 203 id 5 seat 1 role expand fs 0 body 1 pos 13,7 stuck 0
RC WALK 203 id 5 role expand pos 13,7 tgt 14,6 want EAST
RC POS 203 id 7 seat 2 role expand fs 0 body 1 pos 11,12 stuck 0
RC WALK 203 id 7 role expand pos 11,12 tgt 11,11 want NORTH
RC POS 203 id 9 seat 3 role raid fs 1 body 2 pos 9,17 stuck 319
RC WALK 203 id 9 role raid pos 9,17 tgt 11,20 want SOUTH
RC POS 204 id 5 seat 1 role expand fs 0 body 1 pos 14,7 stuck 0
RC WALK 204 id 5 role expand pos 14,7 tgt 14,6 want NORTH
RC POS 204 id 7 seat 2 role expand fs 0 body 1 pos 11,11 stuck 0
RC WALK 204 id 7 role expand pos 11,11 tgt 11,12 want SOUTH
RC POS 204 id 9 seat 3 role raid fs 1 body 2 pos 9,17 stuck 321
RC WALK 204 id 9 role raid pos 9,17 tgt 11,20 want SOUTH
RC POS 205 id 5 seat 1 role expand fs 0 body 1 pos 14,6 stuck 0
RC WALK 205 id 5 role expand pos 14,6 tgt 14,7 want SOUTH
RC POS 205 id 7 seat 2 role expand fs 0 body 1 pos 11,12 stuck 0
RC WALK 205 id 7 role expand pos 11,12 tgt 11,11 want NORTH
RC POS 205 id 9 seat 3 role raid fs 1 body 2 pos 9,17 stuck 323
RC WALK 205 id 9 role raid pos 9,17 tgt 11,20 want SOUTH
RC POS 206 id 5 seat 1 role expand fs 0 body 1 pos 14,7 stuck 0
RC WALK 206 id 5 role expand pos 14,7 tgt 9,2 want WEST
RC POS 206 id 7 seat 2 role expand fs 0 body 1 pos 11,11 stuck 0
RC WALK 206 id 7 role expand pos 11,11 tgt 11,12 want SOUTH
RC POS 206 id 9 seat 3 role raid fs 1 body 2 pos 9,17 stuck 325
RC WALK 206 id 9 role raid pos 9,17 tgt 11,20 want SOUTH
RC POS 207 id 5 seat 1 role expand fs 0 body 1 pos 13,7 stuck 0
RC WALK 207 id 5 role expand pos 13,7 tgt 14,6 want EAST
RC POS 207 id 7 seat 2 role expand fs 0 body 1 pos 11,12 stuck 0
RC WALK 207 id 7 role expand pos 11,12 tgt 11,11 want NORTH
RC POS 207 id 9 seat 3 role raid fs 1 body 2 pos 9,17 stuck 327
RC WALK 207 id 9 role raid pos 9,17 tgt 11,20 want SOUTH
RC POS 208 id 5 seat 1 role expand fs 0 body 1 pos 14,7 stuck 0
RC WALK 208 id 5 role expand pos 14,7 tgt 14,6 want NORTH
RC POS 208 id 7 seat 2 role expand fs 0 body 1 pos 11,11 stuck 0
RC WALK 208 id 7 role expand pos 11,11 tgt 11,12 want SOUTH
RC POS 208 id 9 seat 3 role raid fs 1 body 2 pos 9,17 stuck 329
RC WALK 208 id 9 role raid pos 9,17 tgt 11,20 want SOUTH
RC POS 209 id 5 seat 1 role expand fs 0 body 1 pos 14,6 stuck 0
RC WALK 209 id 5 role expand pos 14,6 tgt 14,7 want SOUTH
RC POS 209 id 7 seat 2 role expand fs 0 body 1 pos 11,12 stuck 0
RC WALK 209 id 7 role expand pos 11,12 tgt 11,11 want NORTH
RC POS 209 id 9 seat 3 role raid fs 1 body 2 pos 9,17 stuck 331
RC WALK 209 id 9 role raid pos 9,17 tgt 11,20 want SOUTH
RC POS 210 id 5 seat 1 role expand fs 0 body 1 pos 14,7 stuck 0
RC WALK 210 id 5 role expand pos 14,7 tgt 9,2 want WEST
RC POS 210 id 7 seat 2 role expand fs 0 body 1 pos 11,11 stuck 0
RC WALK 210 id 7 role expand pos 11,11 tgt 11,12 want SOUTH
RC POS 210 id 9 seat 3 role raid fs 1 body 2 pos 9,17 stuck 333
RC WALK 210 id 9 role raid pos 9,17 tgt 11,20 want SOUTH
RC POS 211 id 5 seat 1 role expand fs 0 body 1 pos 13,7 stuck 0
RC WALK 211 id 5 role expand pos 13,7 tgt 14,6 want EAST
RC POS 211 id 7 seat 2 role expand fs 0 body 1 pos 11,12 stuck 0
RC WALK 211 id 7 role expand pos 11,12 tgt 11,11 want NORTH
RC POS 211 id 9 seat 3 role raid fs 1 body 2 pos 9,17 stuck 335
RC WALK 211 id 9 role raid pos 9,17 tgt 11,20 want SOUTH
RC POS 212 id 5 seat 1 role expand fs 0 body 1 pos 14,7 stuck 0
RC WALK 212 id 5 role expand pos 14,7 tgt 14,6 want NORTH
RC POS 212 id 7 seat 2 role expand fs 0 body 1 pos 11,11 stuck 0
RC WALK 212 id 7 role expand pos 11,11 tgt 11,12 want SOUTH
RC POS 212 id 9 seat 3 role raid fs 1 body 2 pos 9,17 stuck 337
RC WALK 212 id 9 role raid pos 9,17 tgt 11,20 want SOUTH
RC POS 213 id 5 seat 1 role expand fs 0 body 1 pos 14,6 stuck 0
RC WALK 213 id 5 role expand pos 14,6 tgt 14,7 want SOUTH
RC POS 213 id 7 seat 2 role expand fs 0 body 1 pos 11,12 stuck 0
RC WALK 213 id 7 role expand pos 11,12 tgt 11,11 want NORTH
RC POS 213 id 9 seat 3 role raid fs 1 body 2 pos 9,17 stuck 339
RC WALK 213 id 9 role raid pos 9,17 tgt 11,20 want SOUTH
RC POS 214 id 5 seat 1 role expand fs 0 body 1 pos 14,7 stuck 0
RC WALK 214 id 5 role expand pos 14,7 tgt 9,2 want WEST
RC POS 214 id 7 seat 2 role expand fs 0 body 1 pos 11,11 stuck 0
RC WALK 214 id 7 role expand pos 11,11 tgt 11,12 want SOUTH
RC POS 214 id 9 seat 3 role raid fs 1 body 2 pos 9,17 stuck 341
RC WALK 214 id 9 role raid pos 9,17 tgt 11,20 want SOUTH
RC POS 215 id 5 seat 1 role expand fs 0 body 1 pos 13,7 stuck 0
RC WALK 215 id 5 role expand pos 13,7 tgt 14,6 want EAST
RC POS 215 id 7 seat 2 role expand fs 0 body 1 pos 11,12 stuck 0
RC WALK 215 id 7 role expand pos 11,12 tgt 11,11 want NORTH
RC POS 215 id 9 seat 3 role raid fs 1 body 2 pos 9,17 stuck 343
RC WALK 215 id 9 role raid pos 9,17 tgt 11,20 want SOUTH
RC POS 216 id 5 seat 1 role expand fs 0 body 1 pos 14,7 stuck 0
RC WALK 216 id 5 role expand pos 14,7 tgt 14,6 want NORTH
RC POS 216 id 7 seat 2 role expand fs 0 body 1 pos 11,11 stuck 0
RC WALK 216 id 7 role expand pos 11,11 tgt 11,12 want SOUTH
RC POS 216 id 9 seat 3 role raid fs 1 body 2 pos 9,17 stuck 345
RC WALK 216 id 9 role raid pos 9,17 tgt 11,20 want SOUTH
RC POS 217 id 5 seat 1 role expand fs 0 body 1 pos 14,6 stuck 0
RC WALK 217 id 5 role expand pos 14,6 tgt 14,7 want SOUTH
RC POS 217 id 7 seat 2 role expand fs 0 body 1 pos 11,12 stuck 0
RC WALK 217 id 7 role expand pos 11,12 tgt 11,11 want NORTH
RC POS 217 id 9 seat 3 role raid fs 1 body 2 pos 9,17 stuck 347
RC WALK 217 id 9 role raid pos 9,17 tgt 11,20 want SOUTH
RC POS 218 id 5 seat 1 role expand fs 0 body 1 pos 14,7 stuck 0
RC WALK 218 id 5 role expand pos 14,7 tgt 9,2 want WEST
RC POS 218 id 7 seat 2 role expand fs 0 body 1 pos 11,11 stuck 0
RC WALK 218 id 7 role expand pos 11,11 tgt 11,12 want SOUTH
RC POS 218 id 9 seat 3 role raid fs 1 body 2 pos 9,17 stuck 349
RC WALK 218 id 9 role raid pos 9,17 tgt 11,20 want SOUTH
RC POS 219 id 5 seat 1 role expand fs 0 body 1 pos 13,7 stuck 0
RC WALK 219 id 5 role expand pos 13,7 tgt 14,6 want EAST
RC POS 219 id 7 seat 2 role expand fs 0 body 1 pos 11,12 stuck 0
RC WALK 219 id 7 role expand pos 11,12 tgt 11,11 want NORTH
RC POS 219 id 9 seat 3 role raid fs 1 body 2 pos 9,17 stuck 351
RC WALK 219 id 9 role raid pos 9,17 tgt 11,20 want SOUTH
RC POS 220 id 5 seat 1 role expand fs 0 body 1 pos 14,7 stuck 0
RC WALK 220 id 5 role expand pos 14,7 tgt 14,6 want NORTH
RC POS 220 id 7 seat 2 role expand fs 0 body 1 pos 11,11 stuck 0
RC WALK 220 id 7 role expand pos 11,11 tgt 11,12 want SOUTH
RC POS 220 id 9 seat 3 role raid fs 1 body 2 pos 9,17 stuck 353
RC WALK 220 id 9 role raid pos 9,17 tgt 11,20 want SOUTH
RC POS 221 id 5 seat 1 role expand fs 0 body 1 pos 14,6 stuck 0
RC WALK 221 id 5 role expand pos 14,6 tgt 14,7 want SOUTH
RC POS 221 id 7 seat 2 role expand fs 0 body 1 pos 11,12 stuck 0
RC WALK 221 id 7 role expand pos 11,12 tgt 11,11 want NORTH
RC POS 221 id 9 seat 3 role raid fs 1 body 2 pos 9,17 stuck 355
RC WALK 221 id 9 role raid pos 9,17 tgt 11,20 want SOUTH
RC POS 222 id 5 seat 1 role expand fs 0 body 1 pos 14,7 stuck 0
RC WALK 222 id 5 role expand pos 14,7 tgt 9,2 want WEST
RC POS 222 id 7 seat 2 role expand fs 0 body 1 pos 11,11 stuck 0
RC WALK 222 id 7 role expand pos 11,11 tgt 11,12 want SOUTH
RC POS 222 id 9 seat 3 role raid fs 1 body 2 pos 9,17 stuck 357
RC WALK 222 id 9 role raid pos 9,17 tgt 11,20 want SOUTH
RC POS 223 id 5 seat 1 role expand fs 0 body 1 pos 13,7 stuck 0
RC WALK 223 id 5 role expand pos 13,7 tgt 14,6 want EAST
RC POS 223 id 7 seat 2 role expand fs 0 body 1 pos 11,12 stuck 0
RC WALK 223 id 7 role expand pos 11,12 tgt 11,11 want NORTH
RC POS 223 id 9 seat 3 role raid fs 1 body 2 pos 9,17 stuck 359
RC WALK 223 id 9 role raid pos 9,17 tgt 11,20 want SOUTH
RC POS 224 id 5 seat 1 role expand fs 0 body 1 pos 14,7 stuck 0
RC WALK 224 id 5 role expand pos 14,7 tgt 14,6 want NORTH
RC POS 224 id 7 seat 2 role expand fs 0 body 1 pos 11,11 stuck 0
RC WALK 224 id 7 role expand pos 11,11 tgt 11,12 want SOUTH
RC POS 224 id 9 seat 3 role raid fs 1 body 2 pos 9,17 stuck 361
RC WALK 224 id 9 role raid pos 9,17 tgt 11,20 want SOUTH
RC POS 225 id 5 seat 1 role expand fs 0 body 1 pos 14,6 stuck 0
RC WALK 225 id 5 role expand pos 14,6 tgt 14,7 want SOUTH
RC POS 225 id 7 seat 2 role expand fs 0 body 1 pos 11,12 stuck 0
RC WALK 225 id 7 role expand pos 11,12 tgt 11,11 want NORTH
RC POS 225 id 9 seat 3 role raid fs 1 body 2 pos 9,17 stuck 363
RC WALK 225 id 9 role raid pos 9,17 tgt 11,20 want SOUTH
RC POS 226 id 5 seat 1 role expand fs 0 body 1 pos 14,7 stuck 0
RC WALK 226 id 5 role expand pos 14,7 tgt 9,2 want WEST
RC POS 226 id 7 seat 2 role expand fs 0 body 1 pos 11,11 stuck 0
RC WALK 226 id 7 role expand pos 11,11 tgt 11,12 want SOUTH
RC POS 226 id 9 seat 3 role raid fs 1 body 2 pos 9,17 stuck 365
RC WALK 226 id 9 role raid pos 9,17 tgt 11,20 want SOUTH
RC POS 227 id 5 seat 1 role expand fs 0 body 1 pos 13,7 stuck 0
RC WALK 227 id 5 role expand pos 13,7 tgt 14,6 want EAST
RC POS 227 id 7 seat 2 role expand fs 0 body 1 pos 11,12 stuck 0
RC WALK 227 id 7 role expand pos 11,12 tgt 11,11 want NORTH
RC POS 227 id 9 seat 3 role raid fs 1 body 2 pos 9,17 stuck 367
RC WALK 227 id 9 role raid pos 9,17 tgt 11,20 want SOUTH
RC POS 228 id 5 seat 1 role expand fs 0 body 1 pos 14,7 stuck 0
RC WALK 228 id 5 role expand pos 14,7 tgt 14,6 want NORTH
RC POS 228 id 7 seat 2 role expand fs 0 body 1 pos 11,11 stuck 0
RC WALK 228 id 7 role expand pos 11,11 tgt 11,12 want SOUTH
RC POS 228 id 9 seat 3 role raid fs 1 body 2 pos 9,17 stuck 369
RC WALK 228 id 9 role raid pos 9,17 tgt 11,20 want SOUTH
RC POS 229 id 5 seat 1 role expand fs 0 body 1 pos 14,6 stuck 0
RC WALK 229 id 5 role expand pos 14,6 tgt 14,7 want SOUTH
RC POS 229 id 7 seat 2 role expand fs 0 body 1 pos 11,12 stuck 0
RC WALK 229 id 7 role expand pos 11,12 tgt 11,11 want NORTH
RC POS 229 id 9 seat 3 role raid fs 1 body 2 pos 9,17 stuck 371
RC WALK 229 id 9 role raid pos 9,17 tgt 11,20 want SOUTH
RC POS 230 id 5 seat 1 role expand fs 0 body 1 pos 14,7 stuck 0
RC WALK 230 id 5 role expand pos 14,7 tgt 9,2 want WEST
RC POS 230 id 7 seat 2 role expand fs 0 body 1 pos 11,11 stuck 0
RC WALK 230 id 7 role expand pos 11,11 tgt 11,12 want SOUTH
RC POS 230 id 9 seat 3 role raid fs 1 body 2 pos 9,17 stuck 373
RC WALK 230 id 9 role raid pos 9,17 tgt 11,20 want SOUTH
RC POS 231 id 5 seat 1 role expand fs 0 body 1 pos 13,7 stuck 0
RC WALK 231 id 5 role expand pos 13,7 tgt 14,6 want EAST
RC POS 231 id 7 seat 2 role expand fs 0 body 1 pos 11,12 stuck 0
RC WALK 231 id 7 role expand pos 11,12 tgt 11,11 want NORTH
RC POS 231 id 9 seat 3 role raid fs 1 body 2 pos 9,17 stuck 375
RC WALK 231 id 9 role raid pos 9,17 tgt 11,20 want SOUTH
RC POS 232 id 5 seat 1 role expand fs 0 body 1 pos 14,7 stuck 0
RC WALK 232 id 5 role expand pos 14,7 tgt 14,6 want NORTH
RC POS 232 id 7 seat 2 role expand fs 0 body 1 pos 11,11 stuck 0
RC WALK 232 id 7 role expand pos 11,11 tgt 11,12 want SOUTH
RC POS 232 id 9 seat 3 role raid fs 1 body 2 pos 9,17 stuck 377
RC WALK 232 id 9 role raid pos 9,17 tgt 11,20 want SOUTH
RC POS 233 id 5 seat 1 role expand fs 0 body 1 pos 14,6 stuck 0
RC WALK 233 id 5 role expand pos 14,6 tgt 14,7 want SOUTH
RC POS 233 id 7 seat 2 role expand fs 0 body 1 pos 11,12 stuck 0
RC WALK 233 id 7 role expand pos 11,12 tgt 11,11 want NORTH
RC POS 233 id 9 seat 3 role raid fs 1 body 2 pos 9,17 stuck 379
RC WALK 233 id 9 role raid pos 9,17 tgt 11,20 want SOUTH
RC POS 234 id 5 seat 1 role expand fs 0 body 1 pos 14,7 stuck 0
RC WALK 234 id 5 role expand pos 14,7 tgt 9,2 want WEST
RC POS 234 id 7 seat 2 role expand fs 0 body 1 pos 11,11 stuck 0
RC WALK 234 id 7 role expand pos 11,11 tgt 11,12 want SOUTH
RC POS 234 id 9 seat 3 role raid fs 1 body 2 pos 9,17 stuck 381
RC WALK 234 id 9 role raid pos 9,17 tgt 11,20 want SOUTH
RC POS 235 id 5 seat 1 role expand fs 0 body 1 pos 13,7 stuck 0
RC WALK 235 id 5 role expand pos 13,7 tgt 14,6 want EAST
RC POS 235 id 7 seat 2 role expand fs 0 body 1 pos 11,12 stuck 0
RC WALK 235 id 7 role expand pos 11,12 tgt 11,11 want NORTH
RC POS 235 id 9 seat 3 role raid fs 1 body 2 pos 9,17 stuck 383
RC WALK 235 id 9 role raid pos 9,17 tgt 11,20 want SOUTH
RC POS 236 id 5 seat 1 role expand fs 0 body 1 pos 14,7 stuck 0
RC WALK 236 id 5 role expand pos 14,7 tgt 14,6 want NORTH
RC POS 236 id 7 seat 2 role expand fs 0 body 1 pos 11,11 stuck 0
RC WALK 236 id 7 role expand pos 11,11 tgt 11,12 want SOUTH
RC POS 236 id 9 seat 3 role raid fs 1 body 2 pos 9,17 stuck 385
RC WALK 236 id 9 role raid pos 9,17 tgt 11,20 want SOUTH
RC POS 237 id 5 seat 1 role expand fs 0 body 1 pos 14,6 stuck 0
RC WALK 237 id 5 role expand pos 14,6 tgt 14,7 want SOUTH
RC POS 237 id 7 seat 2 role expand fs 0 body 1 pos 11,12 stuck 0
RC WALK 237 id 7 role expand pos 11,12 tgt 11,11 want NORTH
RC POS 237 id 9 seat 3 role raid fs 1 body 2 pos 9,17 stuck 387
RC WALK 237 id 9 role raid pos 9,17 tgt 11,20 want SOUTH
RC POS 238 id 5 seat 1 role expand fs 0 body 1 pos 14,7 stuck 0
RC WALK 238 id 5 role expand pos 14,7 tgt 9,2 want WEST
RC POS 238 id 7 seat 2 role expand fs 0 body 1 pos 11,11 stuck 0
RC WALK 238 id 7 role expand pos 11,11 tgt 11,12 want SOUTH
RC POS 238 id 9 seat 3 role raid fs 1 body 2 pos 9,17 stuck 389
RC WALK 238 id 9 role raid pos 9,17 tgt 11,20 want SOUTH
RC POS 239 id 5 seat 1 role expand fs 0 body 1 pos 13,7 stuck 0
RC WALK 239 id 5 role expand pos 13,7 tgt 14,6 want EAST
RC POS 239 id 7 seat 2 role expand fs 0 body 1 pos 11,12 stuck 0
RC WALK 239 id 7 role expand pos 11,12 tgt 11,11 want NORTH
RC POS 239 id 9 seat 3 role raid fs 1 body 2 pos 9,17 stuck 391
RC WALK 239 id 9 role raid pos 9,17 tgt 11,20 want SOUTH
RC POS 240 id 5 seat 1 role expand fs 0 body 1 pos 14,7 stuck 0
RC WALK 240 id 5 role expand pos 14,7 tgt 14,6 want NORTH
RC POS 240 id 7 seat 2 role expand fs 0 body 1 pos 11,11 stuck 0
RC WALK 240 id 7 role expand pos 11,11 tgt 11,12 want SOUTH
RC POS 240 id 9 seat 3 role raid fs 1 body 2 pos 9,17 stuck 393
RC WALK 240 id 9 role raid pos 9,17 tgt 11,20 want SOUTH
RC POS 241 id 5 seat 1 role expand fs 0 body 1 pos 14,6 stuck 0
RC WALK 241 id 5 role expand pos 14,6 tgt 14,7 want SOUTH
RC POS 241 id 7 seat 2 role expand fs 0 body 1 pos 11,12 stuck 0
RC WALK 241 id 7 role expand pos 11,12 tgt 11,11 want NORTH
RC POS 241 id 9 seat 3 role raid fs 1 body 2 pos 9,17 stuck 395
RC WALK 241 id 9 role raid pos 9,17 tgt 11,20 want SOUTH
RC POS 242 id 5 seat 1 role expand fs 0 body 1 pos 14,7 stuck 0
RC WALK 242 id 5 role expand pos 14,7 tgt 9,2 want WEST
RC POS 242 id 7 seat 2 role expand fs 0 body 1 pos 11,11 stuck 0
RC WALK 242 id 7 role expand pos 11,11 tgt 11,12 want SOUTH
RC POS 242 id 9 seat 3 role raid fs 1 body 2 pos 9,17 stuck 397
RC WALK 242 id 9 role raid pos 9,17 tgt 11,20 want SOUTH
RC POS 243 id 5 seat 1 role expand fs 0 body 1 pos 13,7 stuck 0
RC WALK 243 id 5 role expand pos 13,7 tgt 14,6 want EAST
RC POS 243 id 7 seat 2 role expand fs 0 body 1 pos 11,12 stuck 0
RC WALK 243 id 7 role expand pos 11,12 tgt 11,11 want NORTH
RC POS 243 id 9 seat 3 role raid fs 1 body 2 pos 9,17 stuck 399
RC WALK 243 id 9 role raid pos 9,17 tgt 11,20 want SOUTH
RC POS 244 id 5 seat 1 role expand fs 0 body 1 pos 14,7 stuck 0
RC WALK 244 id 5 role expand pos 14,7 tgt 14,6 want NORTH
RC POS 244 id 7 seat 2 role expand fs 0 body 1 pos 11,11 stuck 0
RC WALK 244 id 7 role expand pos 11,11 tgt 11,12 want SOUTH
RC POS 244 id 9 seat 3 role raid fs 1 body 2 pos 9,17 stuck 401
RC WALK 244 id 9 role raid pos 9,17 tgt 7,19 want WEST
RC POS 245 id 5 seat 1 role expand fs 0 body 1 pos 14,6 stuck 0
RC WALK 245 id 5 role expand pos 14,6 tgt 14,7 want SOUTH
RC POS 245 id 7 seat 2 role expand fs 0 body 1 pos 11,12 stuck 0
RC WALK 245 id 7 role expand pos 11,12 tgt 11,11 want NORTH
RC POS 245 id 9 seat 3 role raid fs 1 body 2 pos 9,17 stuck 403
RC WALK 245 id 9 role raid pos 9,17 tgt 7,19 want WEST
RC POS 246 id 5 seat 1 role expand fs 0 body 1 pos 14,7 stuck 0
RC WALK 246 id 5 role expand pos 14,7 tgt 9,2 want WEST
RC POS 246 id 7 seat 2 role expand fs 0 body 1 pos 11,11 stuck 0
RC WALK 246 id 7 role expand pos 11,11 tgt 11,12 want SOUTH
RC POS 246 id 9 seat 3 role raid fs 1 body 2 pos 9,17 stuck 405
RC WALK 246 id 9 role raid pos 9,17 tgt 7,19 want WEST
RC POS 247 id 5 seat 1 role expand fs 0 body 1 pos 13,7 stuck 0
RC WALK 247 id 5 role expand pos 13,7 tgt 14,6 want EAST
RC POS 247 id 7 seat 2 role expand fs 0 body 1 pos 11,12 stuck 0
RC WALK 247 id 7 role expand pos 11,12 tgt 11,11 want NORTH
RC POS 247 id 9 seat 3 role raid fs 1 body 2 pos 9,17 stuck 407
RC WALK 247 id 9 role raid pos 9,17 tgt 11,20 want SOUTH
RC POS 248 id 5 seat 1 role expand fs 0 body 1 pos 14,7 stuck 0
RC WALK 248 id 5 role expand pos 14,7 tgt 14,6 want NORTH
RC POS 248 id 7 seat 2 role expand fs 0 body 1 pos 11,11 stuck 0
RC WALK 248 id 7 role expand pos 11,11 tgt 11,12 want SOUTH
RC POS 248 id 9 seat 3 role raid fs 1 body 2 pos 9,17 stuck 409
RC WALK 248 id 9 role raid pos 9,17 tgt 11,20 want SOUTH
RC POS 249 id 5 seat 1 role expand fs 0 body 1 pos 14,6 stuck 0
RC WALK 249 id 5 role expand pos 14,6 tgt 14,7 want SOUTH
RC POS 249 id 7 seat 2 role expand fs 0 body 1 pos 11,12 stuck 0
RC WALK 249 id 7 role expand pos 11,12 tgt 11,11 want NORTH
RC POS 249 id 9 seat 3 role raid fs 1 body 2 pos 9,17 stuck 411
RC WALK 249 id 9 role raid pos 9,17 tgt 11,20 want SOUTH
RC POS 250 id 5 seat 1 role expand fs 0 body 1 pos 14,7 stuck 0
RC WALK 250 id 5 role expand pos 14,7 tgt 9,2 want WEST
RC POS 250 id 7 seat 2 role expand fs 0 body 1 pos 11,11 stuck 0
RC WALK 250 id 7 role expand pos 11,11 tgt 11,12 want SOUTH
RC POS 250 id 9 seat 3 role raid fs 1 body 2 pos 9,17 stuck 413
RC WALK 250 id 9 role raid pos 9,17 tgt 11,20 want SOUTH
RC POS 251 id 5 seat 1 role expand fs 0 body 1 pos 13,7 stuck 0
RC WALK 251 id 5 role expand pos 13,7 tgt 14,6 want EAST
RC POS 251 id 7 seat 2 role expand fs 0 body 1 pos 11,12 stuck 0
RC WALK 251 id 7 role expand pos 11,12 tgt 11,11 want NORTH
RC POS 251 id 9 seat 3 role raid fs 1 body 2 pos 9,17 stuck 415
RC WALK 251 id 9 role raid pos 9,17 tgt 11,20 want SOUTH
RC POS 252 id 5 seat 1 role expand fs 0 body 1 pos 14,7 stuck 0
RC WALK 252 id 5 role expand pos 14,7 tgt 14,6 want NORTH
RC POS 252 id 7 seat 2 role expand fs 0 body 1 pos 11,11 stuck 0
RC WALK 252 id 7 role expand pos 11,11 tgt 11,12 want SOUTH
RC POS 252 id 9 seat 3 role raid fs 1 body 2 pos 9,17 stuck 417
RC WALK 252 id 9 role raid pos 9,17 tgt 11,20 want SOUTH
RC POS 253 id 5 seat 1 role expand fs 0 body 1 pos 14,6 stuck 0
RC WALK 253 id 5 role expand pos 14,6 tgt 14,7 want SOUTH
RC POS 253 id 7 seat 2 role expand fs 0 body 1 pos 11,12 stuck 0
RC WALK 253 id 7 role expand pos 11,12 tgt 11,11 want NORTH
RC POS 253 id 9 seat 3 role raid fs 1 body 2 pos 9,17 stuck 419
RC WALK 253 id 9 role raid pos 9,17 tgt 11,20 want SOUTH
RC POS 254 id 5 seat 1 role expand fs 0 body 1 pos 14,7 stuck 0
RC WALK 254 id 5 role expand pos 14,7 tgt 9,2 want WEST
RC POS 254 id 7 seat 2 role expand fs 0 body 1 pos 11,11 stuck 0
RC WALK 254 id 7 role expand pos 11,11 tgt 11,12 want SOUTH
RC POS 254 id 9 seat 3 role raid fs 1 body 2 pos 9,17 stuck 421
RC WALK 254 id 9 role raid pos 9,17 tgt 11,20 want SOUTH
RC POS 255 id 5 seat 1 role expand fs 0 body 1 pos 13,7 stuck 0
RC WALK 255 id 5 role expand pos 13,7 tgt 14,6 want EAST
RC POS 255 id 7 seat 2 role expand fs 0 body 1 pos 11,12 stuck 0
RC WALK 255 id 7 role expand pos 11,12 tgt 11,11 want NORTH
RC POS 255 id 9 seat 3 role raid fs 1 body 2 pos 9,17 stuck 423
RC WALK 255 id 9 role raid pos 9,17 tgt 11,20 want SOUTH
RC POS 256 id 5 seat 1 role expand fs 0 body 1 pos 14,7 stuck 0
RC WALK 256 id 5 role expand pos 14,7 tgt 14,6 want NORTH
RC POS 256 id 7 seat 2 role expand fs 0 body 1 pos 11,11 stuck 0
RC WALK 256 id 7 role expand pos 11,11 tgt 11,12 want SOUTH
RC POS 256 id 9 seat 3 role raid fs 1 body 2 pos 9,17 stuck 425
RC WALK 256 id 9 role raid pos 9,17 tgt 11,20 want SOUTH
RC POS 257 id 5 seat 1 role expand fs 0 body 1 pos 14,6 stuck 0
RC WALK 257 id 5 role expand pos 14,6 tgt 14,7 want SOUTH
RC POS 257 id 7 seat 2 role expand fs 0 body 1 pos 11,12 stuck 0
RC WALK 257 id 7 role expand pos 11,12 tgt 11,11 want NORTH
RC POS 257 id 9 seat 3 role raid fs 1 body 2 pos 9,17 stuck 427
RC WALK 257 id 9 role raid pos 9,17 tgt 11,20 want SOUTH
RC POS 258 id 5 seat 1 role expand fs 0 body 1 pos 14,7 stuck 0
RC WALK 258 id 5 role expand pos 14,7 tgt 9,2 want WEST
RC POS 258 id 7 seat 2 role expand fs 0 body 1 pos 11,11 stuck 0
RC WALK 258 id 7 role expand pos 11,11 tgt 11,12 want SOUTH
RC POS 258 id 9 seat 3 role raid fs 1 body 2 pos 9,17 stuck 429
RC WALK 258 id 9 role raid pos 9,17 tgt 11,20 want SOUTH
RC POS 259 id 5 seat 1 role expand fs 0 body 1 pos 13,7 stuck 0
RC WALK 259 id 5 role expand pos 13,7 tgt 14,6 want EAST
RC POS 259 id 7 seat 2 role expand fs 0 body 1 pos 11,12 stuck 0
RC WALK 259 id 7 role expand pos 11,12 tgt 12,13 want EAST
RC POS 259 id 9 seat 3 role raid fs 1 body 2 pos 9,17 stuck 431
RC WALK 259 id 9 role raid pos 9,17 tgt 11,20 want SOUTH
RC POS 260 id 5 seat 1 role expand fs 0 body 1 pos 14,7 stuck 0
RC WALK 260 id 5 role expand pos 14,7 tgt 14,6 want NORTH
RC POS 260 id 7 seat 2 role expand fs 0 body 1 pos 12,12 stuck 0
RC WALK 260 id 7 role expand pos 12,12 tgt 12,13 want SOUTH
RC POS 260 id 9 seat 3 role raid fs 1 body 2 pos 9,17 stuck 433
RC WALK 260 id 9 role raid pos 9,17 tgt 11,20 want SOUTH
RC POS 261 id 5 seat 1 role expand fs 0 body 1 pos 14,6 stuck 0
RC WALK 261 id 5 role expand pos 14,6 tgt 14,7 want SOUTH
RC POS 261 id 7 seat 2 role expand fs 0 body 1 pos 12,13 stuck 0
RC WALK 261 id 7 role expand pos 12,13 tgt 11,13 want WEST
RC POS 261 id 9 seat 3 role raid fs 1 body 2 pos 9,17 stuck 435
RC WALK 261 id 9 role raid pos 9,17 tgt 11,20 want SOUTH
RC POS 262 id 5 seat 1 role expand fs 0 body 1 pos 14,7 stuck 0
RC WALK 262 id 5 role expand pos 14,7 tgt 9,2 want WEST
RC POS 262 id 7 seat 2 role expand fs 0 body 1 pos 11,13 stuck 0
RC WALK 262 id 7 role expand pos 11,13 tgt 11,11 want NORTH
RC POS 262 id 9 seat 3 role raid fs 1 body 2 pos 9,17 stuck 437
RC WALK 262 id 9 role raid pos 9,17 tgt 11,20 want SOUTH
RC POS 263 id 5 seat 1 role expand fs 0 body 1 pos 13,7 stuck 0
RC WALK 263 id 5 role expand pos 13,7 tgt 14,6 want EAST
RC POS 263 id 7 seat 2 role expand fs 0 body 1 pos 11,12 stuck 0
RC WALK 263 id 7 role expand pos 11,12 tgt 12,13 want EAST
RC POS 263 id 9 seat 3 role raid fs 1 body 2 pos 9,17 stuck 439
RC WALK 263 id 9 role raid pos 9,17 tgt 11,20 want SOUTH
RC POS 264 id 5 seat 1 role expand fs 0 body 1 pos 14,7 stuck 0
RC WALK 264 id 5 role expand pos 14,7 tgt 14,6 want NORTH
RC POS 264 id 7 seat 2 role expand fs 0 body 1 pos 12,12 stuck 0
RC WALK 264 id 7 role expand pos 12,12 tgt 12,13 want SOUTH
RC POS 264 id 9 seat 3 role raid fs 1 body 2 pos 9,17 stuck 441
RC WALK 264 id 9 role raid pos 9,17 tgt 11,20 want SOUTH
RC POS 265 id 5 seat 1 role expand fs 0 body 1 pos 14,6 stuck 0
RC WALK 265 id 5 role expand pos 14,6 tgt 14,7 want SOUTH
RC POS 265 id 7 seat 2 role expand fs 0 body 1 pos 12,13 stuck 0
RC WALK 265 id 7 role expand pos 12,13 tgt 11,13 want WEST
RC POS 265 id 9 seat 3 role raid fs 1 body 2 pos 9,17 stuck 443
RC WALK 265 id 9 role raid pos 9,17 tgt 11,20 want SOUTH
RC POS 266 id 5 seat 1 role expand fs 0 body 1 pos 14,7 stuck 0
RC WALK 266 id 5 role expand pos 14,7 tgt 9,2 want WEST
RC POS 266 id 7 seat 2 role expand fs 0 body 1 pos 11,13 stuck 0
RC WALK 266 id 7 role expand pos 11,13 tgt 11,11 want NORTH
RC POS 266 id 9 seat 3 role raid fs 1 body 2 pos 9,17 stuck 445
RC WALK 266 id 9 role raid pos 9,17 tgt 11,20 want SOUTH
RC POS 267 id 5 seat 1 role expand fs 0 body 1 pos 13,7 stuck 0
RC WALK 267 id 5 role expand pos 13,7 tgt 14,6 want EAST
RC POS 267 id 7 seat 2 role expand fs 0 body 1 pos 11,12 stuck 0
RC WALK 267 id 7 role expand pos 11,12 tgt 12,13 want EAST
RC POS 267 id 9 seat 3 role raid fs 1 body 2 pos 9,17 stuck 447
RC WALK 267 id 9 role raid pos 9,17 tgt 11,20 want SOUTH
RC POS 268 id 5 seat 1 role expand fs 0 body 1 pos 14,7 stuck 0
RC WALK 268 id 5 role expand pos 14,7 tgt 14,6 want NORTH
RC POS 268 id 7 seat 2 role expand fs 0 body 1 pos 12,12 stuck 0
RC WALK 268 id 7 role expand pos 12,12 tgt 12,13 want SOUTH
RC POS 268 id 9 seat 3 role raid fs 1 body 2 pos 9,17 stuck 449
RC WALK 268 id 9 role raid pos 9,17 tgt 11,20 want SOUTH
RC POS 269 id 5 seat 1 role expand fs 0 body 1 pos 14,6 stuck 0
RC WALK 269 id 5 role expand pos 14,6 tgt 14,7 want SOUTH
RC POS 269 id 7 seat 2 role expand fs 0 body 1 pos 12,13 stuck 0
RC WALK 269 id 7 role expand pos 12,13 tgt 11,13 want WEST
RC POS 269 id 9 seat 3 role raid fs 1 body 2 pos 9,17 stuck 451
RC WALK 269 id 9 role raid pos 9,17 tgt 11,20 want SOUTH
RC POS 270 id 5 seat 1 role expand fs 0 body 1 pos 14,7 stuck 0
RC WALK 270 id 5 role expand pos 14,7 tgt 9,2 want WEST
RC POS 270 id 7 seat 2 role expand fs 0 body 1 pos 11,13 stuck 0
RC WALK 270 id 7 role expand pos 11,13 tgt 11,11 want NORTH
RC POS 270 id 9 seat 3 role raid fs 1 body 2 pos 9,17 stuck 453
RC WALK 270 id 9 role raid pos 9,17 tgt 11,20 want SOUTH
RC POS 271 id 5 seat 1 role expand fs 0 body 1 pos 13,7 stuck 0
RC WALK 271 id 5 role expand pos 13,7 tgt 14,6 want EAST
RC POS 271 id 7 seat 2 role expand fs 0 body 1 pos 11,12 stuck 0
RC WALK 271 id 7 role expand pos 11,12 tgt 12,13 want EAST
RC POS 271 id 9 seat 3 role raid fs 1 body 2 pos 9,17 stuck 455
RC WALK 271 id 9 role raid pos 9,17 tgt 11,20 want SOUTH
RC POS 272 id 5 seat 1 role expand fs 0 body 1 pos 14,7 stuck 0
RC WALK 272 id 5 role expand pos 14,7 tgt 14,6 want NORTH
RC POS 272 id 7 seat 2 role expand fs 0 body 1 pos 12,12 stuck 0
RC WALK 272 id 7 role expand pos 12,12 tgt 12,13 want SOUTH
RC POS 272 id 9 seat 3 role raid fs 1 body 2 pos 9,17 stuck 457
RC WALK 272 id 9 role raid pos 9,17 tgt 11,20 want SOUTH
RC POS 273 id 5 seat 1 role expand fs 0 body 1 pos 14,6 stuck 0
RC WALK 273 id 5 role expand pos 14,6 tgt 14,7 want SOUTH
RC POS 273 id 7 seat 2 role expand fs 0 body 1 pos 12,13 stuck 0
RC WALK 273 id 7 role expand pos 12,13 tgt 11,13 want WEST
RC POS 273 id 9 seat 3 role raid fs 1 body 2 pos 9,17 stuck 459
RC WALK 273 id 9 role raid pos 9,17 tgt 11,20 want SOUTH
RC POS 274 id 5 seat 1 role expand fs 0 body 1 pos 14,7 stuck 0
RC WALK 274 id 5 role expand pos 14,7 tgt 9,2 want WEST
RC POS 274 id 7 seat 2 role expand fs 0 body 1 pos 11,13 stuck 0
RC WALK 274 id 7 role expand pos 11,13 tgt 11,11 want NORTH
RC POS 274 id 9 seat 3 role raid fs 1 body 2 pos 9,17 stuck 461
RC WALK 274 id 9 role raid pos 9,17 tgt 11,20 want SOUTH
RC POS 275 id 5 seat 1 role expand fs 0 body 1 pos 13,7 stuck 0
RC WALK 275 id 5 role expand pos 13,7 tgt 14,6 want EAST
RC POS 275 id 7 seat 2 role expand fs 0 body 1 pos 11,12 stuck 0
RC WALK 275 id 7 role expand pos 11,12 tgt 12,13 want EAST
RC POS 275 id 9 seat 3 role raid fs 1 body 2 pos 9,17 stuck 463
RC WALK 275 id 9 role raid pos 9,17 tgt 11,20 want SOUTH
RC POS 276 id 5 seat 1 role expand fs 0 body 1 pos 14,7 stuck 0
RC WALK 276 id 5 role expand pos 14,7 tgt 14,6 want NORTH
RC POS 276 id 7 seat 2 role expand fs 0 body 1 pos 12,12 stuck 0
RC WALK 276 id 7 role expand pos 12,12 tgt 12,13 want SOUTH
RC POS 276 id 9 seat 3 role raid fs 1 body 2 pos 9,17 stuck 465
RC WALK 276 id 9 role raid pos 9,17 tgt 11,20 want SOUTH
RC POS 277 id 5 seat 1 role expand fs 0 body 1 pos 14,6 stuck 0
RC WALK 277 id 5 role expand pos 14,6 tgt 14,7 want SOUTH
RC POS 277 id 7 seat 2 role expand fs 0 body 1 pos 12,13 stuck 0
RC WALK 277 id 7 role expand pos 12,13 tgt 11,13 want WEST
RC POS 277 id 9 seat 3 role raid fs 1 body 2 pos 9,17 stuck 467
RC WALK 277 id 9 role raid pos 9,17 tgt 11,20 want SOUTH
RC POS 278 id 5 seat 1 role expand fs 0 body 1 pos 14,7 stuck 0
RC WALK 278 id 5 role expand pos 14,7 tgt 9,2 want WEST
RC POS 278 id 7 seat 2 role expand fs 0 body 1 pos 11,13 stuck 0
RC WALK 278 id 7 role expand pos 11,13 tgt 11,11 want NORTH
RC POS 278 id 9 seat 3 role raid fs 1 body 2 pos 9,17 stuck 469
RC WALK 278 id 9 role raid pos 9,17 tgt 11,20 want SOUTH
RC POS 279 id 5 seat 1 role expand fs 0 body 1 pos 13,7 stuck 0
RC WALK 279 id 5 role expand pos 13,7 tgt 14,6 want EAST
RC POS 279 id 7 seat 2 role expand fs 0 body 1 pos 11,12 stuck 0
RC WALK 279 id 7 role expand pos 11,12 tgt 12,13 want EAST
RC POS 279 id 9 seat 3 role raid fs 1 body 2 pos 9,17 stuck 471
RC WALK 279 id 9 role raid pos 9,17 tgt 11,20 want SOUTH
RC POS 280 id 5 seat 1 role expand fs 0 body 1 pos 14,7 stuck 0
RC WALK 280 id 5 role expand pos 14,7 tgt 14,6 want NORTH
RC POS 280 id 7 seat 2 role expand fs 0 body 1 pos 12,12 stuck 0
RC WALK 280 id 7 role expand pos 12,12 tgt 12,13 want SOUTH
RC POS 280 id 9 seat 3 role raid fs 1 body 2 pos 9,17 stuck 473
RC WALK 280 id 9 role raid pos 9,17 tgt 11,20 want SOUTH
