tag	map	seed	seat	ours	cond	turn	arm	n_seats	seats_sealed	first_seal	last_seal	closure_round	closure_cum_round	atring_rounds	atring2_rounds	two_body_share	seal_rate	sealed_by_bldg	sealed_by_body	seat_first_rounds	rounds	our_team	enemy_core
atoll_s1_A	atoll	1	A	US	Core destroyed	624	flagoff	8	6	8	73	-1	-1	276	38	0.1377	2.174	5	1	36,73,8,65,51,57	624	0	14,2
atoll_s1_B	atoll	1	B	OPP	Titanium collected (tiebreak)	1000	flagoff	8	6	7	72	-1	-1	996	27	0.0271	0.602	6	0	52,9,72,7,15,64	1000	1	2,14
atoll_s2_A	atoll	2	A	US	Titanium collected (tiebreak)	1000	flagoff	8	5	7	47	-1	-1	61	15	0.2459	8.197	5	0	47,7,9,16,12	1000	0	14,2
atoll_s2_B	atoll	2	B	US	Core destroyed	374	flagoff	8	7	13	275	-1	-1	241	21	0.0871	2.905	6	1	255,275,247,34,56,15,13	374	1	2,14
atoll_s3_A	atoll	3	A	OPP	Core destroyed	151	flagoff	8	5	7	144	-1	-1	46	0	0.0	10.87	4	1	16,7,11,144,143	151	0	14,2
atoll_s3_B	atoll	3	B	OPP	Core destroyed	380	flagoff	8	0	-1	-1	-1	-1	42	3	0.0714	0.0	0	0		380	1	2,14
drakkarfjord_s1_A	drakkarfjord	1	A	US	Core destroyed	568	flagoff	8	8	10	158	-1	158	187	10	0.0535	4.278	7	1	10,11,31,158,33,43,36,40	568	0	26,4
drakkarfjord_s1_B	drakkarfjord	1	B	US	Core destroyed	471	flagoff	8	8	10	46	107	46	274	108	0.3942	2.92	6	2	46,42,10,36,11,35,17,21	471	1	2,24
drakkarfjord_s2_A	drakkarfjord	2	A	OPP	Core destroyed	789	flagoff	8	7	10	43	-1	-1	141	18	0.1277	4.965	6	1	10,11,31,33,43,36,40	789	0	26,4
drakkarfjord_s2_B	drakkarfjord	2	B	OPP	Core destroyed	454	flagoff	8	4	10	45	-1	-1	74	0	0.0	5.405	3	1	45,14,11,10	454	1	2,24
drakkarfjord_s3_A	drakkarfjord	3	A	OPP	Core destroyed	357	flagoff	8	7	10	43	-1	-1	78	0	0.0	8.974	6	1	10,11,31,33,43,36,40	357	0	26,4
drakkarfjord_s3_B	drakkarfjord	3	B	US	Core destroyed	257	flagoff	8	8	10	43	43	43	179	105	0.5866	4.469	7	1	38,40,32,43,20,14,11,10	257	1	2,24
glacierkeep_s1_A	glacierkeep	1	A	OPP	Core destroyed	473	flagoff	8	8	9	51	69	51	228	70	0.307	3.509	8	0	46,48,28,51,17,10,14,9	473	0	14,26
glacierkeep_s1_B	glacierkeep	1	B	OPP	Core destroyed	533	flagoff	8	8	9	36	44	36	130	64	0.4923	6.154	8	0	36,32,14,29,9,25,10,22	533	1	14,2
glacierkeep_s2_A	glacierkeep	2	A	US	Core destroyed	313	flagoff	8	8	9	60	-1	60	297	169	0.569	2.694	7	1	43,57,18,60,17,10,14,9	313	0	14,26
glacierkeep_s2_B	glacierkeep	2	B	US	Core destroyed	301	flagoff	8	8	9	36	44	36	295	63	0.2136	2.712	8	0	36,32,14,29,9,25,10,22	301	1	14,2
glacierkeep_s3_A	glacierkeep	3	A	US	Core destroyed	193	flagoff	8	8	9	57	57	57	143	91	0.6364	5.594	8	0	57,53,28,50,17,10,14,9	193	0	14,26
glacierkeep_s3_B	glacierkeep	3	B	US	Core destroyed	205	flagoff	8	8	9	36	56	36	199	62	0.3116	4.02	8	0	36,32,14,29,9,25,10,22	205	1	14,2
midgard_s1_A	midgard	1	A	OPP	Core destroyed	243	flagoff	8	6	50	112	-1	-1	120	38	0.3167	5.0	6	0	64,63,112,59,50,56	243	0	26,26
midgard_s1_B	midgard	1	B	US	Core destroyed	239	flagoff	8	6	53	85	-1	-1	195	192	0.9846	3.077	6	0	63,67,60,85,55,53	239	1	2,2
midgard_s2_A	midgard	2	A	OPP	Core destroyed	220	flagoff	8	6	56	93	-1	-1	169	140	0.8284	3.55	5	1	56,93,60,66,73,69	220	0	26,26
midgard_s2_B	midgard	2	B	OPP	Titanium collected (tiebreak)	1000	flagoff	8	6	56	96	-1	-1	950	950	1.0	0.632	4	2	60,56,63,67,96,80	1000	1	2,2
midgard_s3_A	midgard	3	A	OPP	Core destroyed	531	flagoff	8	6	52	120	-1	-1	274	197	0.719	2.19	6	0	52,64,112,74,120,73	531	0	26,26
midgard_s3_B	midgard	3	B	US	Core destroyed	277	flagoff	8	6	55	85	-1	-1	232	229	0.9871	2.586	4	2	59,55,62,60,84,85	277	1	2,2
nordkap_s1_A	nordkap	1	A	OPP	Core destroyed	203	flagoff	8	6	4	66	-1	-1	85	57	0.6706	7.059	4	2	61,63,32,66,4,9	203	0	9,18
nordkap_s1_B	nordkap	1	B	OPP	Core destroyed	310	flagoff	8	4	5	28	-1	-1	199	65	0.3266	2.01	3	1	26,28,5,6	310	1	9,6
nordkap_s2_A	nordkap	2	A	US	Core destroyed	569	flagoff	8	8	5	41	41	41	383	161	0.4204	2.089	8	0	31,33,23,36,18,6,41,5	569	0	9,18
nordkap_s2_B	nordkap	2	B	US	Core destroyed	165	flagoff	8	7	4	25	-1	-1	163	149	0.9141	4.294	6	1	25,5,24,4,18,8,15	165	1	9,6
nordkap_s3_A	nordkap	3	A	OPP	Titanium collected (tiebreak)	1000	flagoff	8	8	5	87	229	87	286	206	0.7203	2.797	7	1	20,19,22,11,58,5,87,6	1000	0	9,18
nordkap_s3_B	nordkap	3	B	OPP	Core destroyed	448	flagoff	8	7	4	34	-1	-1	251	101	0.4024	2.789	5	2	16,15,5,20,4,34,26	448	1	9,6
yulerune_s1_A	yulerune	1	A	OPP	Titanium collected (tiebreak)	1000	flagoff	8	6	32	45	-1	-1	288	71	0.2465	2.083	5	1	32,44,34,45,36,42	1000	0	16,9
yulerune_s1_B	yulerune	1	B	OPP	Core destroyed	180	flagoff	8	7	31	65	-1	-1	155	142	0.9161	4.516	4	3	41,47,65,50,58,31,33	180	1	2,9
yulerune_s2_A	yulerune	2	A	US	Core destroyed	934	flagoff	8	5	38	48	-1	-1	909	902	0.9923	0.55	5	0	38,42,43,48,48	934	0	16,9
yulerune_s2_B	yulerune	2	B	OPP	Core destroyed	389	flagoff	8	6	41	71	-1	-1	363	351	0.9669	1.653	6	0	60,55,52,71,50,41	389	1	2,9
yulerune_s3_A	yulerune	3	A	OPP	Core destroyed	257	flagoff	8	5	32	48	-1	-1	158	104	0.6582	3.165	5	0	32,40,34,43,48	257	0	16,9
yulerune_s3_B	yulerune	3	B	OPP	Core destroyed	286	flagoff	8	6	32	54	-1	-1	162	99	0.6111	3.704	5	1	54,47,53,44,38,32	286	1	2,9
atoll_s28_A	atoll	28	A	US	Core destroyed	646	flagoff	8	6	7	172	-1	-1	581	57	0.0981	1.033	5	1	172,7,8,13,23,21	646	0	14,2
atoll_s28_B	atoll	28	B	US	Core destroyed	247	flagoff	8	6	7	180	-1	-1	173	39	0.2254	3.468	6	0	15,180,9,19,7,31	247	1	2,14
atoll_s29_A	atoll	29	A	US	Core destroyed	939	flagoff	8	5	8	892	-1	-1	111	40	0.3604	4.505	2	3	92,8,9,892,890	939	0	14,2
atoll_s29_B	atoll	29	B	OPP	Core destroyed	186	flagoff	8	5	8	35	-1	-1	126	52	0.4127	3.968	4	1	20,35,12,32,8	186	1	2,14
atoll_s30_A	atoll	30	A	US	Core destroyed	355	flagoff	8	8	7	266	290	266	270	14	0.0519	2.963	7	1	207,46,266,7,148,8,128,124	355	0	14,2
atoll_s30_B	atoll	30	B	OPP	Core destroyed	315	flagoff	8	0	-1	-1	-1	-1	57	3	0.0526	0.0	0	0		315	1	2,14
drakkarfjord_s28_A	drakkarfjord	28	A	US	Core destroyed	387	flagoff	8	8	10	230	-1	230	216	0	0.0	3.704	7	1	10,11,31,230,33,43,36,40	387	0	26,4
drakkarfjord_s28_B	drakkarfjord	28	B	US	Core destroyed	128	flagoff	8	8	10	87	87	87	85	0	0.0	9.412	7	1	84,77,87,74,20,14,11,10	128	1	2,24
drakkarfjord_s29_A	drakkarfjord	29	A	US	Core destroyed	268	flagoff	8	8	10	78	119	78	253	23	0.0909	3.162	7	1	10,11,30,78,32,44,35,41	268	0	26,4
drakkarfjord_s29_B	drakkarfjord	29	B	OPP	Core destroyed	281	flagoff	8	3	10	14	-1	-1	44	0	0.0	6.818	2	1	14,11,10	281	1	2,24
drakkarfjord_s30_A	drakkarfjord	30	A	US	Core destroyed	206	flagoff	8	8	10	53	53	53	188	48	0.2553	4.255	7	1	10,11,53,31,49,35,46,38	206	0	26,4
drakkarfjord_s30_B	drakkarfjord	30	B	US	Core destroyed	236	flagoff	8	8	10	81	81	81	193	0	0.0	4.145	7	1	74,78,71,81,20,14,11,10	236	1	2,24
glacierkeep_s28_A	glacierkeep	28	A	US	Titanium collected (tiebreak)	1000	flagoff	8	8	9	40	43	40	994	102	0.1026	0.805	8	0	35,37,21,40,17,10,14,9	1000	0	14,26
glacierkeep_s28_B	glacierkeep	28	B	US	Core destroyed	253	flagoff	8	8	9	61	61	61	247	54	0.2186	3.239	8	0	33,29,61,26,9,22,10,19	253	1	14,2
glacierkeep_s29_A	glacierkeep	29	A	OPP	Core destroyed	376	flagoff	8	8	9	55	-1	55	49	0	0.0	16.327	7	1	42,46,18,55,17,10,14,9	376	0	14,26
glacierkeep_s29_B	glacierkeep	29	B	US	Titanium collected (tiebreak)	1000	flagoff	8	8	9	36	46	36	206	132	0.6408	3.883	8	0	36,32,14,29,9,25,10,22	1000	1	14,2
glacierkeep_s30_A	glacierkeep	30	A	US	Core destroyed	128	flagoff	8	8	9	47	47	47	122	36	0.2951	6.557	8	0	42,44,27,47,17,10,14,9	128	0	14,26
glacierkeep_s30_B	glacierkeep	30	B	US	Core destroyed	245	flagoff	8	8	9	36	51	36	239	211	0.8828	3.347	8	0	36,32,14,29,9,25,10,22	245	1	14,2
midgard_s28_A	midgard	28	A	OPP	Core destroyed	184	flagoff	8	4	47	93	-1	-1	144	63	0.4375	2.778	4	0	47,51,56,93	184	0	26,26
midgard_s28_B	midgard	28	B	US	Core destroyed	199	flagoff	8	6	57	99	-1	-1	152	150	0.9868	3.947	6	0	64,60,65,57,99,73	199	1	2,2
midgard_s29_A	midgard	29	A	OPP	Core destroyed	156	flagoff	8	5	51	66	-1	-1	37	13	0.3514	13.514	5	0	51,55,59,66,62	156	0	26,26
midgard_s29_B	midgard	29	B	OPP	Core destroyed	258	flagoff	8	7	54	108	-1	-1	212	210	0.9906	3.302	5	2	57,54,60,108,56,99,71	258	1	2,2
midgard_s30_A	midgard	30	A	US	Core destroyed	441	flagoff	8	7	58	104	-1	-1	390	388	0.9949	1.795	4	3	58,70,62,104,68,93,89	441	0	26,26
midgard_s30_B	midgard	30	B	US	Core destroyed	210	flagoff	8	6	55	80	-1	-1	165	158	0.9576	3.636	6	0	62,66,59,55,80,73	210	1	2,2
nordkap_s28_A	nordkap	28	A	US	Core destroyed	164	flagoff	8	8	4	71	71	71	162	57	0.3519	4.938	5	3	42,32,44,36,19,4,71,12	164	0	9,18
nordkap_s28_B	nordkap	28	B	OPP	Core destroyed	373	flagoff	8	6	4	83	-1	-1	197	107	0.5431	3.046	4	2	83,5,4,53,8,15	373	1	9,6
nordkap_s29_A	nordkap	29	A	OPP	Core destroyed	375	flagoff	8	7	4	42	-1	-1	218	66	0.3028	3.211	6	1	27,25,42,22,20,5,4	375	0	9,18
nordkap_s29_B	nordkap	29	B	US	Core destroyed	203	flagoff	8	8	5	48	48	48	201	188	0.9353	3.98	8	0	16,18,10,21,5,48,6,34	203	1	9,6
nordkap_s30_A	nordkap	30	A	OPP	Core destroyed	441	flagoff	8	7	8	144	-1	-1	152	22	0.1447	4.605	6	1	41,47,142,9,144,8,57	441	0	9,18
nordkap_s30_B	nordkap	30	B	US	Core destroyed	447	flagoff	8	8	5	77	77	77	445	204	0.4584	1.798	7	1	16,18,10,45,5,61,6,77	447	1	9,6
yulerune_s28_A	yulerune	28	A	US	Core destroyed	400	flagoff	8	7	32	70	-1	-1	375	368	0.9813	1.867	6	1	32,70,38,38,42,41,44	400	0	16,9
yulerune_s28_B	yulerune	28	B	OPP	Core destroyed	281	flagoff	8	7	33	74	-1	-1	128	108	0.8438	5.469	6	1	40,50,54,49,43,33,74	281	1	2,9
yulerune_s29_A	yulerune	29	A	US	Core destroyed	335	flagoff	8	5	30	46	-1	-1	144	69	0.4792	3.472	5	0	30,38,42,45,46	335	0	16,9
yulerune_s29_B	yulerune	29	B	OPP	Core destroyed	124	flagoff	8	6	33	67	-1	-1	97	90	0.9278	6.186	6	0	33,52,67,49,45,37	124	1	2,9
yulerune_s30_A	yulerune	30	A	OPP	Harvesters (tiebreak)	1000	flagoff	8	5	32	44	-1	-1	975	968	0.9928	0.513	5	0	32,44,34,39,43	1000	0	16,9
yulerune_s30_B	yulerune	30	B	OPP	Core destroyed	309	flagoff	8	6	36	88	-1	-1	152	64	0.4211	3.947	6	0	43,47,48,88,36,39	309	1	2,9
atoll_s31_A	atoll	31	A	US	Core destroyed	223	flagoff	8	2	8	9	-1	-1	21	0	0.0	9.524	2	0	8,9	223	0	14,2
atoll_s31_B	atoll	31	B	OPP	Core destroyed	323	flagoff	8	7	7	52	-1	-1	114	36	0.3158	6.14	7	0	35,52,11,45,7,28,37	323	1	2,14
atoll_s32_A	atoll	32	A	US	Titanium collected (tiebreak)	1000	flagoff	8	6	12	314	-1	-1	828	74	0.0894	0.725	5	1	37,12,111,49,298,314	1000	0	14,2
atoll_s32_B	atoll	32	B	US	Core destroyed	141	flagoff	8	6	7	40	-1	-1	68	33	0.4853	8.824	6	0	15,40,9,20,7,32	141	1	2,14
atoll_s33_A	atoll	33	A	US	Core destroyed	420	flagoff	8	5	7	253	-1	-1	275	15	0.0545	1.818	3	2	94,10,174,7,253	420	0	14,2
atoll_s33_B	atoll	33	B	OPP	Core destroyed	241	flagoff	8	7	40	219	-1	-1	218	55	0.2523	3.211	7	0	72,68,78,61,219,40,42	241	1	2,14
drakkarfjord_s31_A	drakkarfjord	31	A	US	Core destroyed	800	flagoff	8	5	10	240	-1	-1	156	0	0.0	3.205	2	3	10,11,237,239,240	800	0	26,4
drakkarfjord_s31_B	drakkarfjord	31	B	OPP	Core destroyed	338	flagoff	8	4	10	45	-1	-1	74	0	0.0	5.405	3	1	45,14,11,10	338	1	2,24
drakkarfjord_s32_A	drakkarfjord	32	A	US	Core destroyed	448	flagoff	8	8	10	230	-1	230	249	1	0.004	3.213	7	1	10,11,31,230,33,43,36,40	448	0	26,4
drakkarfjord_s32_B	drakkarfjord	32	B	US	Core destroyed	325	flagoff	8	8	10	46	107	46	233	108	0.4635	3.433	6	2	46,42,10,36,11,35,17,21	325	1	2,24
drakkarfjord_s33_A	drakkarfjord	33	A	US	Core destroyed	276	flagoff	8	8	10	38	-1	38	268	13	0.0485	2.985	6	2	10,11,38,21,34,22,31,27	276	0	26,4
drakkarfjord_s33_B	drakkarfjord	33	B	US	Core destroyed	145	flagoff	8	8	10	46	46	46	92	0	0.0	8.696	7	1	40,36,46,33,21,14,11,10	145	1	2,24
glacierkeep_s31_A	glacierkeep	31	A	US	Core destroyed	313	flagoff	8	8	9	60	-1	60	297	169	0.569	2.694	7	1	43,57,18,60,17,10,14,9	313	0	14,26
glacierkeep_s31_B	glacierkeep	31	B	US	Core destroyed	345	flagoff	8	8	9	59	59	59	243	57	0.2346	3.292	8	0	33,29,59,26,9,22,10,19	345	1	14,2
glacierkeep_s32_A	glacierkeep	32	A	US	Core destroyed	217	flagoff	8	8	9	41	41	41	211	186	0.8815	3.791	8	0	36,38,21,41,17,10,14,9	217	0	14,26
glacierkeep_s32_B	glacierkeep	32	B	US	Core destroyed	193	flagoff	8	8	9	36	54	36	187	158	0.8449	4.278	8	0	36,32,14,29,9,25,10,22	193	1	14,2
glacierkeep_s33_A	glacierkeep	33	A	US	Core destroyed	125	flagoff	8	8	9	41	41	41	119	92	0.7731	6.723	8	0	36,38,21,41,17,10,14,9	125	0	14,26
glacierkeep_s33_B	glacierkeep	33	B	OPP	Core destroyed	598	flagoff	8	8	9	122	131	122	384	31	0.0807	2.083	8	0	122,44,20,48,9,54,10,57	598	1	14,2
midgard_s31_A	midgard	31	A	US	Core destroyed	336	flagoff	8	6	51	80	-1	-1	292	170	0.5822	2.055	6	0	51,80,55,59,66,62	336	0	26,26
midgard_s31_B	midgard	31	B	US	Titanium collected (tiebreak)	1000	flagoff	8	7	53	84	-1	-1	954	951	0.9969	0.734	5	2	66,60,64,84,61,81,53	1000	1	2,2
midgard_s32_A	midgard	32	A	OPP	Core destroyed	285	flagoff	8	7	51	100	-1	-1	241	237	0.9834	2.905	6	1	51,80,55,100,59,66,62	285	0	26,26
midgard_s32_B	midgard	32	B	US	Core destroyed	593	flagoff	8	7	56	86	-1	-1	548	544	0.9927	1.277	6	1	61,56,63,59,86,82,75	593	1	2,2
midgard_s33_A	midgard	33	A	US	Core destroyed	161	flagoff	8	6	51	80	-1	-1	117	107	0.9145	5.128	6	0	51,80,55,59,66,62	161	0	26,26
midgard_s33_B	midgard	33	B	US	Core destroyed	168	flagoff	8	7	56	124	-1	-1	123	117	0.9512	5.691	5	2	62,56,65,69,124,90,82	168	1	2,2
nordkap_s31_A	nordkap	31	A	US	Core destroyed	268	flagoff	8	6	5	24	-1	-1	236	65	0.2754	2.542	6	0	19,24,14,6,10,5	268	0	9,18
nordkap_s31_B	nordkap	31	B	US	Core destroyed	213	flagoff	8	8	4	60	60	60	211	198	0.9384	3.791	7	1	20,24,5,27,4,52,8,60	213	1	9,6
nordkap_s32_A	nordkap	32	A	US	Core destroyed	196	flagoff	8	7	4	108	-1	-1	194	181	0.933	3.608	5	2	15,14,5,101,4,108,7	196	0	9,18
nordkap_s32_B	nordkap	32	B	OPP	Core destroyed	196	flagoff	8	6	5	25	-1	-1	126	86	0.6825	4.762	6	0	25,21,16,6,5,11	196	1	9,6
nordkap_s33_A	nordkap	33	A	US	Core destroyed	353	flagoff	8	8	4	57	-1	57	167	111	0.6647	4.79	7	1	29,25,34,22,57,20,5,4	353	0	9,18
nordkap_s33_B	nordkap	33	B	US	Core destroyed	129	flagoff	8	7	5	27	-1	-1	127	113	0.8898	5.512	7	0	27,23,20,5,18,6,13	129	1	9,6
yulerune_s31_A	yulerune	31	A	OPP	Core destroyed	429	flagoff	8	6	34	61	-1	-1	404	395	0.9777	1.485	6	0	34,44,56,50,61,54	429	0	16,9
yulerune_s31_B	yulerune	31	B	US	Core destroyed	372	flagoff	8	6	34	49	-1	-1	351	295	0.8405	1.709	5	1	45,49,42,48,44,34	372	1	2,9
yulerune_s32_A	yulerune	32	A	US	Core destroyed	332	flagoff	8	6	32	44	-1	-1	307	302	0.9837	1.954	5	1	32,38,37,42,40,44	332	0	16,9
yulerune_s32_B	yulerune	32	B	OPP	Core destroyed	140	flagoff	8	6	30	61	-1	-1	116	107	0.9224	5.172	6	0	49,45,41,61,38,30	140	1	2,9
yulerune_s33_A	yulerune	33	A	US	Core destroyed	427	flagoff	8	7	36	72	-1	-1	405	393	0.9704	1.728	6	1	36,72,50,40,52,43,49	427	0	16,9
yulerune_s33_B	yulerune	33	B	OPP	Core destroyed	241	flagoff	8	6	35	76	-1	-1	67	49	0.7313	8.955	5	1	43,47,76,42,35,39	241	1	2,9
atoll_s34_A	atoll	34	A	US	Titanium collected (tiebreak)	1000	flagoff	8	6	12	58	-1	-1	132	18	0.1364	4.545	6	0	38,58,12,14,21,17	1000	0	14,2
atoll_s34_B	atoll	34	B	OPP	Core destroyed	172	flagoff	8	1	46	46	-1	-1	34	0	0.0	2.941	1	0	46	172	1	2,14
atoll_s35_A	atoll	35	A	US	Core destroyed	458	flagoff	8	5	10	116	-1	-1	392	60	0.1531	1.276	4	1	12,10,36,116,115	458	0	14,2
atoll_s35_B	atoll	35	B	OPP	Core destroyed	214	flagoff	8	7	7	75	-1	-1	80	44	0.55	8.75	7	0	43,75,11,46,7,30,38	214	1	2,14
atoll_s36_A	atoll	36	A	OPP	Core destroyed	168	flagoff	8	6	7	129	-1	-1	92	0	0.0	6.522	5	1	10,7,129,100,105,101	168	0	14,2
atoll_s36_B	atoll	36	B	US	Core destroyed	248	flagoff	8	6	11	187	-1	-1	195	54	0.2769	3.077	6	0	183,38,187,28,11,13	248	1	2,14
drakkarfjord_s34_A	drakkarfjord	34	A	US	Titanium collected (tiebreak)	1000	flagoff	8	7	10	43	-1	-1	81	0	0.0	8.642	6	1	10,11,31,33,43,36,40	1000	0	26,4
drakkarfjord_s34_B	drakkarfjord	34	B	OPP	Core destroyed	712	flagoff	8	3	10	14	-1	-1	116	0	0.0	2.586	2	1	14,11,10	712	1	2,24
drakkarfjord_s35_A	drakkarfjord	35	A	US	Core destroyed	596	flagoff	8	8	10	37	42	37	588	191	0.3248	1.361	7	1	10,11,37,18,33,22,30,26	596	0	26,4
drakkarfjord_s35_B	drakkarfjord	35	B	US	Core destroyed	126	flagoff	8	8	10	48	48	48	118	0	0.0	6.78	7	1	40,36,48,33,21,14,11,10	126	1	2,24
drakkarfjord_s36_A	drakkarfjord	36	A	US	Core destroyed	453	flagoff	8	8	10	71	167	71	445	32	0.0719	1.798	7	1	10,11,31,71,33,43,36,40	453	0	26,4
drakkarfjord_s36_B	drakkarfjord	36	B	US	Titanium collected (tiebreak)	1000	flagoff	8	3	10	14	-1	-1	115	0	0.0	2.609	2	1	14,11,10	1000	1	2,24
glacierkeep_s34_A	glacierkeep	34	A	US	Titanium collected (tiebreak)	1000	flagoff	8	8	9	64	75	64	258	160	0.6202	3.101	7	1	51,61,18,64,17,10,14,9	1000	0	14,26
glacierkeep_s34_B	glacierkeep	34	B	US	Titanium collected (tiebreak)	1000	flagoff	8	8	10	42	42	42	94	0	0.0	8.511	8	0	34,30,42,27,10,23,11,20	1000	1	14,2
glacierkeep_s35_A	glacierkeep	35	A	US	Core destroyed	163	flagoff	8	8	9	50	50	50	157	50	0.3185	5.096	8	0	44,47,29,50,17,10,14,9	163	0	14,26
glacierkeep_s35_B	glacierkeep	35	B	US	Core destroyed	297	flagoff	8	8	9	40	48	40	190	83	0.4368	4.211	8	0	28,30,20,33,9,37,10,40	297	1	14,2
glacierkeep_s36_A	glacierkeep	36	A	US	Core destroyed	181	flagoff	8	8	9	57	57	57	175	63	0.36	4.571	8	0	47,54,21,57,17,10,14,9	181	0	14,26
glacierkeep_s36_B	glacierkeep	36	B	US	Core destroyed	241	flagoff	8	8	9	36	44	36	182	58	0.3187	4.396	8	0	36,32,14,29,9,25,10,22	241	1	14,2
midgard_s34_A	midgard	34	A	US	Core destroyed	240	flagoff	8	7	57	110	-1	-1	194	190	0.9794	3.608	4	3	57,102,57,110,67,73,65	240	0	26,26
midgard_s34_B	midgard	34	B	US	Core destroyed	385	flagoff	8	7	55	102	-1	-1	340	331	0.9735	2.059	6	1	62,66,59,55,84,102,71	385	1	2,2
midgard_s35_A	midgard	35	A	US	Core destroyed	196	flagoff	8	7	54	98	-1	-1	150	148	0.9867	4.667	6	1	54,85,58,98,64,71,67	196	0	26,26
midgard_s35_B	midgard	35	B	OPP	Core destroyed	801	flagoff	8	6	49	80	-1	-1	763	752	0.9856	0.786	6	0	56,60,53,49,80,68	801	1	2,2
midgard_s36_A	midgard	36	A	OPP	Core destroyed	390	flagoff	8	6	53	82	-1	-1	344	340	0.9884	1.744	6	0	53,82,57,61,68,64	390	0	26,26
midgard_s36_B	midgard	36	B	OPP	Core destroyed	298	flagoff	8	4	54	67	-1	-1	251	251	1.0	1.594	3	1	67,54,63,57	298	1	2,2
nordkap_s34_A	nordkap	34	A	US	Core destroyed	374	flagoff	8	7	5	40	-1	-1	228	87	0.3816	3.07	7	0	31,33,16,40,6,10,5	374	0	9,18
nordkap_s34_B	nordkap	34	B	US	Core destroyed	383	flagoff	8	8	9	33	33	33	381	365	0.958	2.1	8	0	17,19,11,22,9,26,33,29	383	1	9,6
nordkap_s35_A	nordkap	35	A	OPP	Core destroyed	430	flagoff	8	5	5	73	-1	-1	428	144	0.3364	1.168	4	1	29,31,6,73,5	430	0	9,18
nordkap_s35_B	nordkap	35	B	OPP	Core destroyed	477	flagoff	8	5	4	24	-1	-1	241	139	0.5768	2.075	4	1	24,5,4,8,15	477	1	9,6
nordkap_s36_A	nordkap	36	A	OPP	Core destroyed	337	flagoff	8	6	5	28	-1	-1	106	15	0.1415	5.66	6	0	22,18,28,15,6,5	337	0	9,18
nordkap_s36_B	nordkap	36	B	US	Core destroyed	144	flagoff	8	7	5	38	-1	-1	142	129	0.9085	4.93	7	0	16,18,10,38,5,6,32	144	1	9,6
yulerune_s34_A	yulerune	34	A	US	Core destroyed	183	flagoff	8	7	36	76	-1	-1	161	152	0.9441	4.348	6	1	36,76,44,37,50,43,51	183	0	16,9
yulerune_s34_B	yulerune	34	B	US	Core destroyed	312	flagoff	8	7	37	81	-1	-1	287	281	0.9791	2.439	5	2	45,50,42,53,81,52,37	312	1	2,9
yulerune_s35_A	yulerune	35	A	US	Core destroyed	219	flagoff	8	5	31	51	-1	-1	197	186	0.9442	2.538	5	0	31,46,44,43,51	219	0	16,9
yulerune_s35_B	yulerune	35	B	OPP	Core destroyed	264	flagoff	8	6	37	46	-1	-1	113	94	0.8319	5.31	6	0	46,44,41,41,37,39	264	1	2,9
yulerune_s36_A	yulerune	36	A	US	Core destroyed	172	flagoff	8	7	28	71	-1	-1	150	142	0.9467	4.667	6	1	30,71,35,28,41,48,44	172	0	16,9
yulerune_s36_B	yulerune	36	B	US	Core destroyed	289	flagoff	8	7	35	88	-1	-1	264	177	0.6705	2.652	6	1	49,45,46,42,35,40,88	289	1	2,9
atoll_s37_A	atoll	37	A	OPP	Core destroyed	388	flagoff	8	2	8	9	-1	-1	20	0	0.0	10.0	2	0	8,9	388	0	14,2
atoll_s37_B	atoll	37	B	OPP	Core destroyed	988	flagoff	8	4	7	34	-1	-1	72	17	0.2361	5.556	4	0	34,9,7,15	988	1	2,14
atoll_s38_A	atoll	38	A	OPP	Core destroyed	267	flagoff	8	5	7	43	-1	-1	67	16	0.2388	7.463	5	0	43,7,9,16,12	267	0	14,2
atoll_s38_B	atoll	38	B	OPP	Core destroyed	774	flagoff	8	6	7	158	-1	-1	257	47	0.1829	2.335	4	2	52,158,28,7,10,20	774	1	2,14
atoll_s39_A	atoll	39	A	OPP	Core destroyed	339	flagoff	8	5	7	82	-1	-1	116	12	0.1034	4.31	5	0	31,26,7,10,82	339	0	14,2
atoll_s39_B	atoll	39	B	OPP	Core destroyed	215	flagoff	8	4	68	89	-1	-1	58	9	0.1552	6.897	4	0	69,68,78,89	215	1	2,14
drakkarfjord_s37_A	drakkarfjord	37	A	OPP	Core destroyed	986	flagoff	8	7	10	43	-1	-1	146	33	0.226	4.795	6	1	10,11,31,33,43,36,40	986	0	26,4
drakkarfjord_s37_B	drakkarfjord	37	B	US	Core destroyed	616	flagoff	8	8	10	460	-1	460	186	0	0.0	4.301	7	1	460,166,44,163,91,14,11,10	616	1	2,24
drakkarfjord_s38_A	drakkarfjord	38	A	US	Core destroyed	268	flagoff	8	7	10	63	-1	-1	224	0	0.0	3.125	6	1	10,11,29,31,63,34,42	268	0	26,4
drakkarfjord_s38_B	drakkarfjord	38	B	OPP	Titanium collected (tiebreak)	1000	flagoff	8	8	10	46	46	46	444	0	0.0	1.802	7	1	40,36,46,33,21,14,11,10	1000	1	2,24
drakkarfjord_s39_A	drakkarfjord	39	A	US	Core destroyed	558	flagoff	8	8	10	233	-1	233	302	0	0.0	2.649	7	1	10,11,31,233,33,43,36,40	558	0	26,4
drakkarfjord_s39_B	drakkarfjord	39	B	US	Core destroyed	173	flagoff	8	8	10	46	46	46	165	0	0.0	4.848	7	1	40,36,46,33,21,14,11,10	173	1	2,24
glacierkeep_s37_A	glacierkeep	37	A	US	Core destroyed	261	flagoff	8	8	10	49	49	49	255	75	0.2941	3.137	8	0	44,46,30,49,18,11,15,10	261	0	14,26
glacierkeep_s37_B	glacierkeep	37	B	US	Core destroyed	189	flagoff	8	8	9	44	46	44	183	46	0.2514	4.372	8	0	33,29,44,26,9,22,10,19	189	1	14,2
glacierkeep_s38_A	glacierkeep	38	A	US	Core destroyed	725	flagoff	8	8	9	57	57	57	719	124	0.1725	1.113	8	0	57,53,23,50,19,10,14,9	725	0	14,26
glacierkeep_s38_B	glacierkeep	38	B	US	Core destroyed	365	flagoff	8	8	8	29	39	29	130	58	0.4462	6.154	6	2	29,25,9,22,8,18,11,12	365	1	14,2
glacierkeep_s39_A	glacierkeep	39	A	US	Core destroyed	157	flagoff	8	8	9	55	55	55	151	120	0.7947	5.298	8	0	50,52,21,55,17,10,14,9	157	0	14,26
glacierkeep_s39_B	glacierkeep	39	B	US	Core destroyed	280	flagoff	8	8	10	37	37	37	230	0	0.0	3.478	8	0	37,33,15,30,10,26,11,23	280	1	14,2
midgard_s37_A	midgard	37	A	OPP	Core destroyed	220	flagoff	8	6	56	93	-1	-1	169	140	0.8284	3.55	5	1	56,93,60,66,73,69	220	0	26,26
midgard_s37_B	midgard	37	B	US	Core destroyed	307	flagoff	8	7	52	89	-1	-1	263	261	0.9924	2.662	6	1	60,52,62,89,56,81,69	307	1	2,2
midgard_s38_A	midgard	38	A	OPP	Core destroyed	241	flagoff	8	7	54	101	-1	-1	195	193	0.9897	3.59	5	2	54,101,85,58,64,71,67	241	0	26,26
midgard_s38_B	midgard	38	B	US	Core destroyed	283	flagoff	8	6	56	91	-1	-1	238	233	0.979	2.521	6	0	60,56,62,56,91,79	283	1	2,2
midgard_s39_A	midgard	39	A	OPP	Core destroyed	384	flagoff	8	6	57	84	-1	-1	180	44	0.2444	3.333	6	0	62,84,57,63,70,66	384	0	26,26
midgard_s39_B	midgard	39	B	US	Core destroyed	146	flagoff	8	6	55	88	-1	-1	101	99	0.9802	5.941	6	0	62,66,59,55,88,75	146	1	2,2
nordkap_s37_A	nordkap	37	A	OPP	Core destroyed	507	flagoff	8	8	4	62	-1	62	380	128	0.3368	2.105	7	1	27,25,42,22,62,20,5,4	507	0	9,18
nordkap_s37_B	nordkap	37	B	OPP	Core destroyed	211	flagoff	8	6	5	36	-1	-1	154	132	0.8571	3.896	6	0	32,36,28,5,6,21	211	1	9,6
nordkap_s38_A	nordkap	38	A	US	Core destroyed	158	flagoff	8	8	4	37	61	37	156	142	0.9103	5.128	6	2	27,33,23,5,37,4,8,7	158	0	9,18
nordkap_s38_B	nordkap	38	B	US	Core destroyed	665	flagoff	8	8	5	48	-1	48	593	422	0.7116	1.349	7	1	27,23,48,20,5,18,6,13	665	1	9,6
nordkap_s39_A	nordkap	39	A	OPP	Core destroyed	162	flagoff	8	4	5	62	-1	-1	160	134	0.8375	2.5	4	0	37,62,6,5	162	0	9,18
nordkap_s39_B	nordkap	39	B	US	Core destroyed	524	flagoff	8	8	5	102	116	102	496	385	0.7762	1.613	8	0	19,21,10,24,5,59,6,102	524	1	9,6
yulerune_s37_A	yulerune	37	A	OPP	Core destroyed	169	flagoff	8	5	38	57	-1	-1	144	136	0.9444	3.472	5	0	38,44,57,54,50	169	0	16,9
yulerune_s37_B	yulerune	37	B	OPP	Titanium collected (tiebreak)	1000	flagoff	8	7	32	372	-1	-1	975	967	0.9918	0.718	6	1	49,44,52,41,38,32,372	1000	1	2,9
yulerune_s38_A	yulerune	38	A	US	Core destroyed	282	flagoff	8	6	32	48	-1	-1	257	252	0.9805	2.335	6	0	32,35,48,37,45,40	282	0	16,9
yulerune_s38_B	yulerune	38	B	OPP	Titanium collected (tiebreak)	1000	flagoff	8	7	35	74	-1	-1	975	970	0.9949	0.718	6	1	45,44,40,41,35,38,74	1000	1	2,9
yulerune_s39_A	yulerune	39	A	OPP	Core destroyed	193	flagoff	8	5	32	44	-1	-1	168	161	0.9583	2.976	5	0	32,38,38,41,44	193	0	16,9
yulerune_s39_B	yulerune	39	B	US	Core destroyed	491	flagoff	8	7	36	89	-1	-1	460	450	0.9783	1.522	6	1	49,51,89,48,63,36,41	491	1	2,9
atoll_s40_A	atoll	40	A	US	Core destroyed	533	flagoff	8	6	8	113	-1	-1	504	0	0.0	1.19	5	1	10,8,113,109,79,86	533	0	14,2
atoll_s40_B	atoll	40	B	US	Core destroyed	196	flagoff	8	7	8	65	-1	-1	192	151	0.7865	3.646	7	0	23,41,15,35,8,9,65	196	1	2,14
atoll_s41_A	atoll	41	A	US	Core destroyed	317	flagoff	8	6	7	59	-1	-1	198	81	0.4091	3.03	6	0	40,59,7,9,16,12	317	0	14,2
atoll_s41_B	atoll	41	B	US	Core destroyed	772	flagoff	8	6	7	38	-1	-1	287	88	0.3066	2.091	6	0	15,38,9,22,7,32	772	1	2,14
atoll_s42_A	atoll	42	A	OPP	Core destroyed	431	flagoff	8	5	7	201	-1	-1	143	10	0.0699	3.497	3	2	7,8,36,116,201	431	0	14,2
atoll_s42_B	atoll	42	B	US	Core destroyed	142	flagoff	8	6	7	40	-1	-1	118	61	0.5169	5.085	6	0	15,40,9,20,7,35	142	1	2,14
drakkarfjord_s40_A	drakkarfjord	40	A	US	Core destroyed	453	flagoff	8	8	10	71	167	71	445	32	0.0719	1.798	7	1	10,11,31,71,33,43,36,40	453	0	26,4
drakkarfjord_s40_B	drakkarfjord	40	B	OPP	Core destroyed	966	flagoff	8	8	10	75	75	75	180	0	0.0	4.444	7	1	48,51,40,75,34,14,11,10	966	1	2,24
drakkarfjord_s41_A	drakkarfjord	41	A	US	Core destroyed	453	flagoff	8	8	10	71	167	71	445	32	0.0719	1.798	7	1	10,11,31,71,33,43,36,40	453	0	26,4
drakkarfjord_s41_B	drakkarfjord	41	B	US	Core destroyed	192	flagoff	8	8	10	81	81	81	148	0	0.0	5.405	7	1	74,78,71,81,20,14,11,10	192	1	2,24
drakkarfjord_s42_A	drakkarfjord	42	A	OPP	Core destroyed	513	flagoff	8	7	10	43	-1	-1	142	4	0.0282	4.93	6	1	10,11,31,33,43,36,40	513	0	26,4
drakkarfjord_s42_B	drakkarfjord	42	B	OPP	Core destroyed	829	flagoff	8	4	10	191	-1	-1	200	9	0.045	2.0	3	1	191,14,11,10	829	1	2,24
glacierkeep_s40_A	glacierkeep	40	A	US	Core destroyed	169	flagoff	8	8	9	40	40	40	163	137	0.8405	4.908	8	0	35,37,21,40,17,10,14,9	169	0	14,26
glacierkeep_s40_B	glacierkeep	40	B	US	Core destroyed	281	flagoff	8	8	9	36	44	36	176	117	0.6648	4.545	8	0	36,32,14,29,9,25,10,22	281	1	14,2
glacierkeep_s41_A	glacierkeep	41	A	US	Core destroyed	225	flagoff	8	8	9	59	59	59	219	190	0.8676	3.653	8	0	59,55,21,52,17,10,14,9	225	0	14,26
glacierkeep_s41_B	glacierkeep	41	B	US	Core destroyed	165	flagoff	8	8	9	45	53	45	130	61	0.4692	6.154	8	0	33,35,20,38,9,42,10,45	165	1	14,2
glacierkeep_s42_A	glacierkeep	42	A	US	Core destroyed	633	flagoff	8	8	9	41	41	41	627	472	0.7528	1.276	8	0	36,38,21,41,17,10,14,9	633	0	14,26
glacierkeep_s42_B	glacierkeep	42	B	US	Core destroyed	305	flagoff	8	8	9	36	44	36	299	63	0.2107	2.676	8	0	36,32,14,29,9,25,10,22	305	1	14,2
midgard_s40_A	midgard	40	A	US	Core destroyed	176	flagoff	8	6	53	100	-1	-1	130	123	0.9462	4.615	6	0	53,72,100,96,85,93	176	0	26,26
midgard_s40_B	midgard	40	B	US	Core destroyed	198	flagoff	8	6	55	86	-1	-1	153	150	0.9804	3.922	6	0	62,66,59,55,86,68	198	1	2,2
midgard_s41_A	midgard	41	A	OPP	Core destroyed	372	flagoff	8	6	52	94	-1	-1	153	134	0.8758	3.922	6	0	52,56,94,60,67,63	372	0	26,26
midgard_s41_B	midgard	41	B	US	Titanium collected (tiebreak)	1000	flagoff	8	6	56	91	-1	-1	952	948	0.9958	0.63	6	0	67,64,64,60,91,56	1000	1	2,2
midgard_s42_A	midgard	42	A	OPP	Core destroyed	333	flagoff	8	6	57	84	-1	-1	282	275	0.9752	2.128	6	0	76,84,72,68,57,65	333	0	26,26
midgard_s42_B	midgard	42	B	US	Core destroyed	207	flagoff	8	6	56	106	-1	-1	157	153	0.9745	3.822	5	1	60,56,63,64,106,94	207	1	2,2
nordkap_s40_A	nordkap	40	A	US	Core destroyed	256	flagoff	8	7	5	96	-1	-1	254	242	0.9528	2.756	6	1	24,31,21,35,96,6,5	256	0	9,18
nordkap_s40_B	nordkap	40	B	US	Core destroyed	309	flagoff	8	8	5	47	47	47	307	293	0.9544	2.606	7	1	16,18,10,36,5,47,6,30	309	1	9,6
nordkap_s41_A	nordkap	41	A	OPP	Core destroyed	141	flagoff	8	6	5	93	-1	-1	99	76	0.7677	6.061	6	0	27,93,24,6,71,5	141	0	9,18
nordkap_s41_B	nordkap	41	B	US	Core destroyed	145	flagoff	8	8	5	70	70	70	143	127	0.8881	5.594	7	1	70,65,10,27,5,45,19,20	145	1	9,6
nordkap_s42_A	nordkap	42	A	US	Core destroyed	193	flagoff	8	7	5	80	-1	-1	191	176	0.9215	3.665	7	0	75,77,22,80,6,10,5	193	0	9,18
nordkap_s42_B	nordkap	42	B	US	Core destroyed	399	flagoff	8	8	5	86	-1	86	397	382	0.9622	2.015	7	1	20,22,52,86,5,24,6,23	399	1	9,6
yulerune_s40_A	yulerune	40	A	US	Core destroyed	228	flagoff	8	7	40	81	-1	-1	200	195	0.975	3.5	6	1	40,81,44,46,51,48,53	228	0	16,9
yulerune_s40_B	yulerune	40	B	US	Core destroyed	403	flagoff	8	6	31	63	-1	-1	379	193	0.5092	1.583	5	1	50,46,43,63,37,31	403	1	2,9
yulerune_s41_A	yulerune	41	A	OPP	Core destroyed	253	flagoff	8	5	35	52	-1	-1	225	217	0.9644	2.222	5	0	43,52,35,38,48	253	0	16,9
yulerune_s41_B	yulerune	41	B	US	Core destroyed	297	flagoff	8	7	34	74	-1	-1	273	268	0.9817	2.564	5	2	54,60,63,53,34,39,74	297	1	2,9
yulerune_s42_A	yulerune	42	A	OPP	Core destroyed	303	flagoff	8	6	32	42	-1	-1	240	72	0.3	2.5	6	0	32,38,33,42,36,41	303	0	16,9
yulerune_s42_B	yulerune	42	B	OPP	Core destroyed	141	flagoff	8	6	30	41	-1	-1	119	116	0.9748	5.042	5	1	41,35,34,36,31,30	141	1	2,9
atoll_s43_A	atoll	43	A	OPP	Core destroyed	785	flagoff	8	4	8	189	-1	-1	124	1	0.0081	3.226	1	3	8,9,189,188	785	0	14,2
atoll_s43_B	atoll	43	B	OPP	Core destroyed	353	flagoff	8	5	7	347	-1	-1	71	20	0.2817	7.042	4	1	347,26,7,8,9	353	1	2,14
atoll_s44_A	atoll	44	A	US	Core destroyed	552	flagoff	8	4	8	492	-1	-1	80	16	0.2	5.0	3	1	492,161,8,9	552	0	14,2
atoll_s44_B	atoll	44	B	OPP	Core destroyed	194	flagoff	8	7	7	45	-1	-1	96	51	0.5312	7.292	7	0	45,36,38,7,43,8,26	194	1	2,14
atoll_s45_A	atoll	45	A	US	Core destroyed	568	flagoff	8	3	10	82	-1	-1	564	67	0.1188	0.532	3	0	15,10,82	568	0	14,2
atoll_s45_B	atoll	45	B	OPP	Core destroyed	166	flagoff	8	3	8	44	-1	-1	40	0	0.0	7.5	2	1	44,8,9	166	1	2,14
drakkarfjord_s43_A	drakkarfjord	43	A	OPP	Core destroyed	267	flagoff	8	5	10	258	-1	-1	111	0	0.0	4.505	4	1	10,11,258,255,243	267	0	26,4
drakkarfjord_s43_B	drakkarfjord	43	B	US	Core destroyed	137	flagoff	8	6	10	76	-1	-1	94	0	0.0	6.383	5	1	76,73,20,14,11,10	137	1	2,24
drakkarfjord_s44_A	drakkarfjord	44	A	US	Core destroyed	173	flagoff	8	8	10	65	75	65	165	0	0.0	4.848	7	1	10,11,25,65,27,37,30,34	173	0	26,4
drakkarfjord_s44_B	drakkarfjord	44	B	US	Core destroyed	161	flagoff	8	8	10	46	46	46	153	0	0.0	5.229	7	1	40,36,46,33,21,14,11,10	161	1	2,24
drakkarfjord_s45_A	drakkarfjord	45	A	OPP	Core destroyed	649	flagoff	8	7	10	43	-1	-1	132	0	0.0	5.303	6	1	10,11,31,33,43,36,40	649	0	26,4
drakkarfjord_s45_B	drakkarfjord	45	B	US	Titanium collected (tiebreak)	1000	flagoff	8	8	10	70	179	70	141	0	0.0	5.674	7	1	64,66,29,70,58,14,11,10	1000	1	2,24
glacierkeep_s43_A	glacierkeep	43	A	US	Core destroyed	146	flagoff	8	8	9	46	46	46	140	114	0.8143	5.714	8	0	41,43,23,46,19,10,14,9	146	0	14,26
glacierkeep_s43_B	glacierkeep	43	B	US	Core destroyed	709	flagoff	8	8	9	36	49	36	703	318	0.4523	1.138	8	0	36,32,14,29,9,25,10,22	709	1	14,2
glacierkeep_s44_A	glacierkeep	44	A	US	Core destroyed	629	flagoff	8	8	9	55	-1	55	141	52	0.3688	5.674	7	1	42,46,18,55,17,10,14,9	629	0	14,26
glacierkeep_s44_B	glacierkeep	44	B	US	Core destroyed	185	flagoff	8	8	9	45	53	45	134	91	0.6791	5.97	8	0	33,35,20,38,9,42,10,45	185	1	14,2
glacierkeep_s45_A	glacierkeep	45	A	US	Core destroyed	124	flagoff	8	8	9	55	55	55	118	94	0.7966	6.78	8	0	55,48,23,45,19,10,14,9	124	0	14,26
glacierkeep_s45_B	glacierkeep	45	B	US	Core destroyed	185	flagoff	8	8	9	45	53	45	139	79	0.5683	5.755	8	0	33,35,20,38,9,42,10,45	185	1	14,2
midgard_s43_A	midgard	43	A	US	Core destroyed	422	flagoff	8	7	53	101	-1	-1	376	297	0.7899	1.862	4	3	53,98,64,101,70,55,62	422	0	26,26
midgard_s43_B	midgard	43	B	OPP	Core destroyed	300	flagoff	8	7	54	102	-1	-1	123	95	0.7724	5.691	5	2	61,54,64,102,58,89,54	300	1	2,2
midgard_s44_A	midgard	44	A	US	Core destroyed	381	flagoff	8	7	52	83	-1	-1	336	309	0.9196	2.083	5	2	52,77,56,83,60,65,63	381	0	26,26
midgard_s44_B	midgard	44	B	US	Core destroyed	259	flagoff	8	7	59	99	-1	-1	211	208	0.9858	3.318	6	1	63,59,66,97,61,92,99	259	1	2,2
midgard_s45_A	midgard	45	A	OPP	Core destroyed	598	flagoff	8	7	58	121	-1	-1	263	228	0.8669	2.662	6	1	58,88,62,121,66,73,69	598	0	26,26
midgard_s45_B	midgard	45	B	OPP	Core destroyed	561	flagoff	8	7	55	102	-1	-1	511	232	0.454	1.37	6	1	66,62,63,102,59,82,55	561	1	2,2
nordkap_s43_A	nordkap	43	A	OPP	Core destroyed	175	flagoff	8	5	5	96	-1	-1	173	94	0.5434	2.89	5	0	39,36,6,96,5	175	0	9,18
nordkap_s43_B	nordkap	43	B	US	Core destroyed	314	flagoff	8	6	5	27	-1	-1	312	300	0.9615	1.923	6	0	27,21,10,24,5,6	314	1	9,6
nordkap_s44_A	nordkap	44	A	US	Core destroyed	377	flagoff	8	8	4	60	60	60	375	365	0.9733	2.133	6	2	23,30,22,5,60,4,8,7	377	0	9,18
nordkap_s44_B	nordkap	44	B	US	Core destroyed	215	flagoff	8	7	5	50	-1	-1	213	202	0.9484	3.286	7	0	16,18,10,20,5,6,50	215	1	9,6
nordkap_s45_A	nordkap	45	A	US	Harvesters (tiebreak)	1000	flagoff	8	7	4	181	-1	-1	998	983	0.985	0.701	6	1	18,14,5,163,4,181,7	1000	0	9,18
nordkap_s45_B	nordkap	45	B	US	Core destroyed	213	flagoff	8	7	5	29	-1	-1	211	197	0.9336	3.318	5	2	27,25,29,5,15,8,9	213	1	9,6
yulerune_s43_A	yulerune	43	A	US	Core destroyed	312	flagoff	8	6	30	59	-1	-1	290	281	0.969	2.069	6	0	30,38,59,42,54,47	312	0	16,9
yulerune_s43_B	yulerune	43	B	OPP	Titanium collected (tiebreak)	1000	flagoff	8	6	36	64	-1	-1	975	969	0.9938	0.615	6	0	46,41,38,64,36,41	1000	1	2,9
yulerune_s44_A	yulerune	44	A	OPP	Core destroyed	720	flagoff	8	5	31	42	-1	-1	399	335	0.8396	1.253	5	0	39,42,31,34,42	720	0	16,9
yulerune_s44_B	yulerune	44	B	US	Core destroyed	458	flagoff	8	6	36	58	-1	-1	421	355	0.8432	1.425	6	0	43,46,47,58,36,39	458	1	2,9
yulerune_s45_A	yulerune	45	A	US	Core destroyed	561	flagoff	8	5	36	54	-1	-1	533	387	0.7261	0.938	5	0	36,44,53,54,50	561	0	16,9
yulerune_s45_B	yulerune	45	B	OPP	Core destroyed	366	flagoff	8	7	36	70	-1	-1	341	193	0.566	2.053	5	2	50,47,70,48,61,36,40	366	1	2,9
atoll_s46_A	atoll	46	A	US	Core destroyed	895	flagoff	8	4	7	128	-1	-1	473	79	0.167	0.846	3	1	128,7,8,36	895	0	14,2
atoll_s46_B	atoll	46	B	OPP	Core destroyed	163	flagoff	8	3	59	69	-1	-1	128	2	0.0156	2.344	3	0	69,59,61	163	1	2,14
atoll_s47_A	atoll	47	A	OPP	Core destroyed	388	flagoff	8	2	8	9	-1	-1	20	0	0.0	10.0	2	0	8,9	388	0	14,2
atoll_s47_B	atoll	47	B	OPP	Core destroyed	642	flagoff	8	5	8	570	-1	-1	206	53	0.2573	2.427	5	0	10,570,8,16,80	642	1	2,14
atoll_s48_A	atoll	48	A	US	Core destroyed	372	flagoff	8	5	8	54	-1	-1	368	8	0.0217	1.359	5	0	10,8,50,37,54	372	0	14,2
atoll_s48_B	atoll	48	B	US	Core destroyed	154	flagoff	8	6	7	47	-1	-1	150	43	0.2867	4.0	6	0	39,47,36,7,8,21	154	1	2,14
drakkarfjord_s46_A	drakkarfjord	46	A	US	Core destroyed	240	flagoff	8	8	10	37	42	37	232	176	0.7586	3.448	7	1	10,11,37,18,33,22,30,26	240	0	26,4
drakkarfjord_s46_B	drakkarfjord	46	B	OPP	Core destroyed	359	flagoff	8	4	10	56	-1	-1	59	0	0.0	6.78	3	1	56,14,11,10	359	1	2,24
drakkarfjord_s47_A	drakkarfjord	47	A	OPP	Titanium collected (tiebreak)	1000	flagoff	8	7	10	43	-1	-1	74	2	0.027	9.459	6	1	10,11,31,33,43,36,40	1000	0	26,4
drakkarfjord_s47_B	drakkarfjord	47	B	US	Core destroyed	163	flagoff	8	8	10	46	46	46	155	0	0.0	5.161	7	1	40,36,46,33,21,14,11,10	163	1	2,24
drakkarfjord_s48_A	drakkarfjord	48	A	OPP	Core destroyed	556	flagoff	8	7	10	43	-1	-1	132	0	0.0	5.303	6	1	10,11,31,33,43,36,40	556	0	26,4
drakkarfjord_s48_B	drakkarfjord	48	B	OPP	Titanium collected (tiebreak)	1000	flagoff	8	8	10	118	-1	118	312	0	0.0	2.564	7	1	113,115,45,118,98,14,11,10	1000	1	2,24
glacierkeep_s46_A	glacierkeep	46	A	US	Core destroyed	266	flagoff	8	8	9	49	49	49	260	202	0.7769	3.077	8	0	44,46,23,49,19,10,14,9	266	0	14,26
glacierkeep_s46_B	glacierkeep	46	B	US	Core destroyed	293	flagoff	8	8	9	36	48	36	207	100	0.4831	3.865	8	0	36,32,14,29,9,25,10,22	293	1	14,2
glacierkeep_s47_A	glacierkeep	47	A	US	Core destroyed	183	flagoff	8	8	9	63	63	63	162	0	0.0	4.938	7	1	45,63,18,60,17,10,14,9	183	0	14,26
glacierkeep_s47_B	glacierkeep	47	B	US	Titanium collected (tiebreak)	1000	flagoff	8	8	9	36	44	36	162	59	0.3642	4.938	8	0	36,32,14,29,9,25,10,22	1000	1	14,2
glacierkeep_s48_A	glacierkeep	48	A	US	Titanium collected (tiebreak)	1000	flagoff	8	8	9	61	-1	61	985	0	0.0	0.812	7	1	41,45,18,61,17,10,14,9	1000	0	14,26
glacierkeep_s48_B	glacierkeep	48	B	US	Core destroyed	217	flagoff	8	8	9	52	52	52	211	181	0.8578	3.791	8	0	52,42,20,43,9,47,10,50	217	1	14,2
midgard_s46_A	midgard	46	A	US	Core destroyed	433	flagoff	8	7	54	100	-1	-1	387	381	0.9845	1.809	5	2	54,94,58,100,64,71,67	433	0	26,26
midgard_s46_B	midgard	46	B	OPP	Core destroyed	221	flagoff	8	7	56	100	-1	-1	174	171	0.9828	4.023	5	2	60,56,63,100,62,89,68	221	1	2,2
midgard_s47_A	midgard	47	A	OPP	Core destroyed	180	flagoff	8	7	54	163	-1	-1	131	127	0.9695	5.344	7	0	54,70,129,163,70,80,73	180	0	26,26
midgard_s47_B	midgard	47	B	OPP	Core destroyed	161	flagoff	8	4	54	69	-1	-1	115	112	0.9739	3.478	4	0	66,69,58,54	161	1	2,2
midgard_s48_A	midgard	48	A	US	Core destroyed	362	flagoff	8	6	50	81	-1	-1	317	158	0.4984	1.893	6	0	50,81,54,60,67,63	362	0	26,26
midgard_s48_B	midgard	48	B	OPP	Core destroyed	628	flagoff	8	6	53	105	-1	-1	583	166	0.2847	1.029	6	0	60,56,63,57,105,53	628	1	2,2
nordkap_s46_A	nordkap	46	A	OPP	Core destroyed	328	flagoff	8	6	8	46	-1	-1	296	121	0.4088	2.027	5	1	29,36,26,9,8,46	328	0	9,18
nordkap_s46_B	nordkap	46	B	US	Core destroyed	128	flagoff	8	8	5	59	-1	59	126	112	0.8889	6.349	7	1	22,24,10,24,5,54,6,59	128	1	9,6
nordkap_s47_A	nordkap	47	A	OPP	Core destroyed	169	flagoff	8	6	4	34	-1	-1	167	88	0.5269	3.593	4	2	24,31,21,34,4,9	169	0	9,18
nordkap_s47_B	nordkap	47	B	US	Core destroyed	409	flagoff	8	8	5	112	112	112	407	388	0.9533	1.966	8	0	62,64,112,101,5,72,6,75	409	1	9,6
nordkap_s48_A	nordkap	48	A	OPP	Core destroyed	314	flagoff	8	7	4	36	-1	-1	264	237	0.8977	2.652	5	2	34,36,5,18,4,8,7	314	0	9,18
nordkap_s48_B	nordkap	48	B	OPP	Core destroyed	278	flagoff	8	7	5	71	-1	-1	134	70	0.5224	5.224	7	0	28,24,31,71,5,6,20	278	1	9,6
yulerune_s46_A	yulerune	46	A	OPP	Core destroyed	193	flagoff	8	5	31	42	-1	-1	168	161	0.9583	2.976	5	0	38,42,31,34,42	193	0	16,9
yulerune_s46_B	yulerune	46	B	US	Core destroyed	292	flagoff	8	6	32	58	-1	-1	267	265	0.9925	2.247	5	1	43,38,35,58,33,32	292	1	2,9
yulerune_s47_A	yulerune	47	A	US	Core destroyed	216	flagoff	8	6	36	56	-1	-1	191	184	0.9634	3.141	6	0	36,42,56,46,53,49	216	0	16,9
yulerune_s47_B	yulerune	47	B	US	Core destroyed	165	flagoff	8	6	32	55	-1	-1	140	131	0.9357	4.286	6	0	54,46,55,42,38,32	165	1	2,9
yulerune_s48_A	yulerune	48	A	OPP	Core destroyed	236	flagoff	8	5	35	53	-1	-1	162	71	0.4383	3.086	5	0	35,46,46,49,53	236	0	16,9
yulerune_s48_B	yulerune	48	B	US	Core destroyed	219	flagoff	8	7	31	71	-1	-1	198	193	0.9747	3.535	6	1	41,36,40,33,71,31,34	219	1	2,9
atoll_s49_A	atoll	49	A	OPP	Core destroyed	189	flagoff	8	5	7	23	-1	-1	106	11	0.1038	4.717	5	0	7,8,13,23,21	189	0	14,2
atoll_s49_B	atoll	49	B	US	Core destroyed	208	flagoff	8	6	7	40	-1	-1	204	85	0.4167	2.941	5	1	36,40,33,7,8,21	208	1	2,14
atoll_s50_A	atoll	50	A	OPP	Core destroyed	879	flagoff	8	3	8	234	-1	-1	152	18	0.1184	1.974	2	1	10,8,234	879	0	14,2
atoll_s50_B	atoll	50	B	OPP	Core destroyed	310	flagoff	8	6	8	220	-1	-1	177	11	0.0621	3.39	5	1	199,220,150,202,8,62	310	1	2,14
atoll_s51_A	atoll	51	A	US	Core destroyed	413	flagoff	8	6	8	355	-1	-1	188	10	0.0532	3.191	5	1	10,8,355,351,317,326	413	0	14,2
atoll_s51_B	atoll	51	B	OPP	Core destroyed	186	flagoff	8	8	8	179	-1	179	156	51	0.3269	5.128	7	1	20,35,12,32,8,179,146,148	186	1	2,14
drakkarfjord_s49_A	drakkarfjord	49	A	US	Core destroyed	249	flagoff	8	8	10	65	72	65	228	83	0.364	3.509	7	1	10,11,25,65,27,37,30,34	249	0	26,4
drakkarfjord_s49_B	drakkarfjord	49	B	US	Core destroyed	123	flagoff	8	8	10	46	46	46	115	0	0.0	6.957	7	1	40,36,46,33,21,14,11,10	123	1	2,24
drakkarfjord_s50_A	drakkarfjord	50	A	OPP	Core destroyed	437	flagoff	8	2	10	11	-1	-1	102	0	0.0	1.961	1	1	10,11	437	0	26,4
drakkarfjord_s50_B	drakkarfjord	50	B	US	Core destroyed	144	flagoff	8	8	10	48	48	48	136	0	0.0	5.882	7	1	40,36,48,33,21,14,11,10	144	1	2,24
drakkarfjord_s51_A	drakkarfjord	51	A	OPP	Titanium collected (tiebreak)	1000	flagoff	8	8	10	65	-1	65	79	0	0.0	10.127	6	2	10,11,25,65,27,37,30,34	1000	0	26,4
drakkarfjord_s51_B	drakkarfjord	51	B	US	Core destroyed	997	flagoff	8	8	10	70	179	70	202	0	0.0	3.96	7	1	64,66,29,70,58,14,11,10	997	1	2,24
glacierkeep_s49_A	glacierkeep	49	A	US	Core destroyed	112	flagoff	8	8	9	44	44	44	106	51	0.4811	7.547	8	0	36,40,21,44,17,10,14,9	112	0	14,26
glacierkeep_s49_B	glacierkeep	49	B	US	Core destroyed	565	flagoff	8	8	9	41	46	41	454	60	0.1322	1.762	8	0	36,38,20,41,9,40,10,39	565	1	14,2
glacierkeep_s50_A	glacierkeep	50	A	US	Core destroyed	380	flagoff	8	8	9	47	56	47	189	0	0.0	4.233	7	1	40,44,18,47,17,10,14,9	380	0	14,26
glacierkeep_s50_B	glacierkeep	50	B	US	Core destroyed	185	flagoff	8	8	9	36	60	36	179	148	0.8268	4.469	8	0	36,32,14,29,9,25,10,22	185	1	14,2
glacierkeep_s51_A	glacierkeep	51	A	US	Core destroyed	201	flagoff	8	8	9	48	48	48	195	170	0.8718	4.103	8	0	43,45,21,48,17,10,14,9	201	0	14,26
glacierkeep_s51_B	glacierkeep	51	B	US	Titanium collected (tiebreak)	1000	flagoff	8	8	9	36	48	36	223	171	0.7668	3.587	8	0	36,32,14,29,9,25,10,22	1000	1	14,2
midgard_s49_A	midgard	49	A	OPP	Core destroyed	153	flagoff	8	5	49	71	-1	-1	109	104	0.9541	4.587	4	1	49,61,66,71,65	153	0	26,26
midgard_s49_B	midgard	49	B	OPP	Core destroyed	277	flagoff	8	4	56	68	-1	-1	45	33	0.7333	8.889	4	0	60,56,63,68	277	1	2,2
midgard_s50_A	midgard	50	A	OPP	Core destroyed	297	flagoff	8	7	57	97	-1	-1	249	245	0.9839	2.811	6	1	72,80,68,97,64,57,61	297	0	26,26
midgard_s50_B	midgard	50	B	US	Core destroyed	257	flagoff	8	7	54	89	-1	-1	210	210	1.0	3.333	5	2	61,54,63,57,79,89,83	257	1	2,2
midgard_s51_A	midgard	51	A	US	Titanium collected (tiebreak)	1000	flagoff	8	7	51	85	-1	-1	957	953	0.9958	0.731	5	2	51,85,55,79,59,66,62	1000	0	26,26
midgard_s51_B	midgard	51	B	US	Core destroyed	176	flagoff	8	6	55	123	-1	-1	131	126	0.9618	4.58	5	1	62,66,59,55,123,73	176	1	2,2
nordkap_s49_A	nordkap	49	A	OPP	Core destroyed	226	flagoff	8	5	5	23	-1	-1	86	15	0.1744	5.814	5	0	23,15,6,10,5	226	0	9,18
nordkap_s49_B	nordkap	49	B	US	Core destroyed	481	flagoff	8	8	5	48	-1	48	479	392	0.8184	1.67	7	1	28,24,48,20,5,18,6,13	481	1	9,6
nordkap_s50_A	nordkap	50	A	OPP	Core destroyed	837	flagoff	8	8	5	99	416	99	835	774	0.9269	0.958	7	1	22,96,18,99,88,5,15,6	837	0	9,18
nordkap_s50_B	nordkap	50	B	US	Titanium collected (tiebreak)	1000	flagoff	8	7	5	80	-1	-1	998	985	0.987	0.701	6	1	20,22,12,80,5,8,36	1000	1	9,6
nordkap_s51_A	nordkap	51	A	OPP	Core destroyed	519	flagoff	8	8	5	73	125	73	340	125	0.3676	2.353	7	1	20,19,23,11,53,5,73,6	519	0	9,18
nordkap_s51_B	nordkap	51	B	US	Core destroyed	180	flagoff	8	7	5	38	-1	-1	178	164	0.9213	3.933	7	0	16,18,10,38,5,6,32	180	1	9,6
yulerune_s49_A	yulerune	49	A	OPP	Core destroyed	193	flagoff	8	5	31	42	-1	-1	168	161	0.9583	2.976	5	0	38,42,31,34,42	193	0	16,9
yulerune_s49_B	yulerune	49	B	OPP	Core destroyed	357	flagoff	8	6	32	48	-1	-1	158	89	0.5633	3.797	6	0	45,40,48,37,35,32	357	1	2,9
yulerune_s50_A	yulerune	50	A	OPP	Core destroyed	197	flagoff	8	5	35	55	-1	-1	175	114	0.6514	2.857	5	0	42,48,35,38,55	197	0	16,9
yulerune_s50_B	yulerune	50	B	OPP	Core destroyed	545	flagoff	8	7	32	72	-1	-1	520	519	0.9981	1.346	5	2	42,36,34,37,32,32,72	545	1	2,9
yulerune_s51_A	yulerune	51	A	US	Core destroyed	252	flagoff	8	6	34	48	-1	-1	226	221	0.9779	2.655	5	1	34,44,41,48,40,45	252	0	16,9
yulerune_s51_B	yulerune	51	B	OPP	Core destroyed	281	flagoff	8	7	33	74	-1	-1	128	108	0.8438	5.469	6	1	40,50,54,49,43,33,74	281	1	2,9
atoll_s52_A	atoll	52	A	OPP	Core destroyed	486	flagoff	8	4	8	269	-1	-1	111	13	0.1171	3.604	3	1	10,8,48,269	486	0	14,2
atoll_s52_B	atoll	52	B	OPP	Titanium collected (tiebreak)	1000	flagoff	8	4	13	56	-1	-1	155	21	0.1355	2.581	4	0	34,56,15,13	1000	1	2,14
atoll_s53_A	atoll	53	A	US	Core destroyed	419	flagoff	8	6	7	84	-1	-1	415	312	0.7518	1.446	6	0	31,26,7,84,10,76	419	0	14,2
atoll_s53_B	atoll	53	B	OPP	Core destroyed	422	flagoff	8	6	13	74	-1	-1	188	51	0.2713	3.191	6	0	74,71,32,36,15,13	422	1	2,14
atoll_s54_A	atoll	54	A	US	Core destroyed	160	flagoff	8	8	7	100	100	100	140	35	0.25	5.714	6	2	16,7,74,11,89,100,93,97	160	0	14,2
atoll_s54_B	atoll	54	B	US	Core destroyed	400	flagoff	8	7	7	51	-1	-1	135	92	0.6815	5.185	7	0	51,40,30,7,40,8,26	400	1	2,14
drakkarfjord_s52_A	drakkarfjord	52	A	US	Core destroyed	239	flagoff	8	8	10	37	42	37	146	0	0.0	5.479	7	1	10,11,37,18,33,22,30,26	239	0	26,4
drakkarfjord_s52_B	drakkarfjord	52	B	US	Titanium collected (tiebreak)	1000	flagoff	8	8	10	35	40	35	398	12	0.0302	2.01	6	2	35,31,10,28,11,24,17,21	1000	1	2,24
drakkarfjord_s53_A	drakkarfjord	53	A	US	Core destroyed	178	flagoff	8	8	10	77	-1	77	170	0	0.0	4.706	7	1	10,11,25,77,27,37,30,34	178	0	26,4
drakkarfjord_s53_B	drakkarfjord	53	B	US	Core destroyed	153	flagoff	8	8	10	87	87	87	110	0	0.0	7.273	7	1	84,77,87,74,20,14,11,10	153	1	2,24
drakkarfjord_s54_A	drakkarfjord	54	A	OPP	Core destroyed	775	flagoff	8	8	10	37	42	37	408	220	0.5392	1.961	7	1	10,11,37,18,33,22,30,26	775	0	26,4
drakkarfjord_s54_B	drakkarfjord	54	B	OPP	Core destroyed	359	flagoff	8	4	10	56	-1	-1	59	0	0.0	6.78	3	1	56,14,11,10	359	1	2,24
glacierkeep_s52_A	glacierkeep	52	A	US	Core destroyed	174	flagoff	8	8	9	44	44	44	168	59	0.3512	4.762	8	0	39,41,29,44,17,10,14,9	174	0	14,26
glacierkeep_s52_B	glacierkeep	52	B	US	Core destroyed	405	flagoff	8	8	9	61	61	61	399	60	0.1504	2.005	8	0	33,29,61,26,9,22,10,19	405	1	14,2
glacierkeep_s53_A	glacierkeep	53	A	US	Titanium collected (tiebreak)	1000	flagoff	8	8	10	70	70	70	975	1	0.001	0.821	8	0	52,56,48,59,70,11,15,10	1000	0	14,26
glacierkeep_s53_B	glacierkeep	53	B	OPP	Core destroyed	656	flagoff	8	8	9	36	36	36	249	116	0.4659	3.213	8	0	36,32,14,29,9,25,10,22	656	1	14,2
glacierkeep_s54_A	glacierkeep	54	A	US	Core destroyed	249	flagoff	8	8	9	63	63	63	228	0	0.0	3.509	7	1	45,63,18,60,17,10,14,9	249	0	14,26
glacierkeep_s54_B	glacierkeep	54	B	US	Core destroyed	169	flagoff	8	8	9	59	59	59	163	46	0.2822	4.908	8	0	33,29,59,26,9,22,10,19	169	1	14,2
midgard_s52_A	midgard	52	A	US	Core destroyed	215	flagoff	8	7	58	90	-1	-1	165	155	0.9394	4.242	5	2	58,88,62,90,68,75,71	215	0	26,26
midgard_s52_B	midgard	52	B	OPP	Core destroyed	248	flagoff	8	5	62	169	-1	-1	148	0	0.0	3.378	5	0	69,62,72,76,169	248	1	2,2
midgard_s53_A	midgard	53	A	US	Core destroyed	356	flagoff	8	6	52	75	-1	-1	312	221	0.7083	1.923	6	0	52,75,56,60,60,63	356	0	26,26
midgard_s53_B	midgard	53	B	OPP	Core destroyed	218	flagoff	8	7	58	86	-1	-1	171	142	0.8304	4.094	6	1	70,70,66,86,58,83,73	218	1	2,2
midgard_s54_A	midgard	54	A	US	Core destroyed	612	flagoff	8	6	54	85	-1	-1	566	283	0.5	1.06	6	0	54,85,58,63,71,66	612	0	26,26
midgard_s54_B	midgard	54	B	US	Core destroyed	685	flagoff	8	7	55	124	-1	-1	640	637	0.9953	1.094	6	1	63,67,60,124,55,82,96	685	1	2,2
nordkap_s52_A	nordkap	52	A	OPP	Core destroyed	236	flagoff	8	7	5	48	-1	-1	158	86	0.5443	4.43	7	0	43,45,19,48,5,15,6	236	0	9,18
nordkap_s52_B	nordkap	52	B	US	Core destroyed	231	flagoff	8	7	5	56	-1	-1	229	216	0.9432	3.057	7	0	16,18,10,21,5,6,56	231	1	9,6
nordkap_s53_A	nordkap	53	A	OPP	Core destroyed	330	flagoff	8	7	5	32	-1	-1	246	96	0.3902	2.846	7	0	27,29,19,32,5,15,6	330	0	9,18
nordkap_s53_B	nordkap	53	B	US	Core destroyed	213	flagoff	8	7	5	29	-1	-1	211	198	0.9384	3.318	7	0	16,18,10,29,5,6,24	213	1	9,6
nordkap_s54_A	nordkap	54	A	OPP	Core destroyed	189	flagoff	8	6	8	107	-1	-1	187	87	0.4652	3.209	3	3	104,102,106,107,68,8	189	0	9,18
nordkap_s54_B	nordkap	54	B	US	Core destroyed	280	flagoff	8	8	5	51	52	51	248	162	0.6532	3.226	8	0	27,23,51,20,5,18,6,13	280	1	9,6
yulerune_s52_A	yulerune	52	A	US	Core destroyed	191	flagoff	8	6	28	59	-1	-1	169	143	0.8462	3.55	6	0	37,47,28,59,31,58	191	0	16,9
yulerune_s52_B	yulerune	52	B	OPP	Titanium collected (tiebreak)	1000	flagoff	8	7	32	372	-1	-1	975	967	0.9918	0.718	6	1	49,44,52,41,38,32,372	1000	1	2,9
yulerune_s53_A	yulerune	53	A	US	Core destroyed	277	flagoff	8	6	32	45	-1	-1	252	244	0.9683	2.381	6	0	32,38,44,42,43,45	277	0	16,9
yulerune_s53_B	yulerune	53	B	OPP	Core destroyed	173	flagoff	8	6	28	52	-1	-1	152	44	0.2895	3.947	5	1	40,45,52,42,38,28	173	1	2,9
yulerune_s54_A	yulerune	54	A	OPP	Core destroyed	184	flagoff	8	5	32	64	-1	-1	159	153	0.9623	3.145	5	0	32,40,64,60,52	184	0	16,9
yulerune_s54_B	yulerune	54	B	OPP	Core destroyed	223	flagoff	8	6	39	74	-1	-1	198	33	0.1667	3.03	6	0	62,56,51,74,53,39	223	1	2,9
atoll_s55_A	atoll	55	A	OPP	Core destroyed	203	flagoff	8	6	8	48	-1	-1	59	7	0.1186	10.169	5	1	48,8,16,18,22,21	203	0	14,2
atoll_s55_B	atoll	55	B	OPP	Core destroyed	164	flagoff	8	4	7	47	-1	-1	85	10	0.1176	4.706	4	0	17,47,7,39	164	1	2,14
atoll_s56_A	atoll	56	A	OPP	Core destroyed	237	flagoff	8	5	8	46	-1	-1	91	4	0.044	5.495	5	0	12,8,42,46,41	237	0	14,2
atoll_s56_B	atoll	56	B	OPP	Core destroyed	193	flagoff	8	7	7	146	-1	-1	102	19	0.1863	6.863	5	2	84,146,33,7,44,8,12	193	1	2,14
atoll_s57_A	atoll	57	A	US	Core destroyed	230	flagoff	8	6	10	114	-1	-1	226	161	0.7124	2.655	6	0	12,10,46,104,114,108	230	0	14,2
atoll_s57_B	atoll	57	B	OPP	Core destroyed	233	flagoff	8	7	7	63	-1	-1	132	57	0.4318	5.303	7	0	35,63,11,39,7,28,37	233	1	2,14
drakkarfjord_s55_A	drakkarfjord	55	A	US	Titanium collected (tiebreak)	1000	flagoff	8	8	10	113	-1	113	183	10	0.0546	4.372	7	1	10,11,29,113,31,57,34,42	1000	0	26,4
drakkarfjord_s55_B	drakkarfjord	55	B	US	Core destroyed	173	flagoff	8	8	10	46	46	46	165	0	0.0	4.848	7	1	40,36,46,33,21,14,11,10	173	1	2,24
drakkarfjord_s56_A	drakkarfjord	56	A	OPP	Core destroyed	881	flagoff	8	7	10	43	-1	-1	134	0	0.0	5.224	6	1	10,11,31,33,43,36,40	881	0	26,4
drakkarfjord_s56_B	drakkarfjord	56	B	OPP	Core destroyed	790	flagoff	8	8	10	75	75	75	180	0	0.0	4.444	7	1	48,51,40,75,34,14,11,10	790	1	2,24
drakkarfjord_s57_A	drakkarfjord	57	A	OPP	Titanium collected (tiebreak)	1000	flagoff	8	8	10	563	-1	563	187	0	0.0	4.278	7	1	10,11,31,563,33,43,36,40	1000	0	26,4
drakkarfjord_s57_B	drakkarfjord	57	B	US	Core destroyed	173	flagoff	8	8	10	46	46	46	165	0	0.0	4.848	7	1	40,36,46,33,21,14,11,10	173	1	2,24
glacierkeep_s55_A	glacierkeep	55	A	US	Core destroyed	343	flagoff	8	8	10	73	73	73	219	35	0.1598	3.653	8	0	44,56,43,59,73,11,15,10	343	0	14,26
glacierkeep_s55_B	glacierkeep	55	B	US	Core destroyed	245	flagoff	8	8	9	36	51	36	239	142	0.5941	3.347	8	0	36,32,14,29,9,25,10,22	245	1	14,2
glacierkeep_s56_A	glacierkeep	56	A	US	Core destroyed	173	flagoff	8	8	10	54	54	54	167	140	0.8383	4.79	8	0	49,51,30,54,18,11,15,10	173	0	14,26
glacierkeep_s56_B	glacierkeep	56	B	OPP	Core destroyed	861	flagoff	8	8	9	36	44	36	154	84	0.5455	5.195	8	0	36,32,14,29,9,25,10,22	861	1	14,2
glacierkeep_s57_A	glacierkeep	57	A	US	Core destroyed	221	flagoff	8	8	9	59	59	59	206	0	0.0	3.883	7	1	52,56,18,59,17,10,14,9	221	0	14,26
glacierkeep_s57_B	glacierkeep	57	B	US	Titanium collected (tiebreak)	1000	flagoff	8	8	9	36	59	36	994	85	0.0855	0.805	8	0	36,32,14,29,9,25,10,22	1000	1	14,2
midgard_s55_A	midgard	55	A	US	Core destroyed	210	flagoff	8	6	57	76	-1	-1	160	152	0.95	3.75	6	0	76,76,72,68,57,65	210	0	26,26
midgard_s55_B	midgard	55	B	OPP	Core destroyed	262	flagoff	8	5	57	82	-1	-1	94	58	0.617	5.319	5	0	61,57,63,57,82	262	1	2,2
midgard_s56_A	midgard	56	A	OPP	Core destroyed	696	flagoff	8	7	51	96	-1	-1	652	640	0.9816	1.074	5	2	51,96,59,96,65,72,68	696	0	26,26
midgard_s56_B	midgard	56	B	OPP	Core destroyed	493	flagoff	8	6	55	356	-1	-1	446	443	0.9933	1.345	5	1	101,106,98,356,69,55	493	1	2,2
midgard_s57_A	midgard	57	A	OPP	Core destroyed	272	flagoff	8	6	52	97	-1	-1	228	219	0.9605	2.632	5	1	52,60,97,65,72,68	272	0	26,26
midgard_s57_B	midgard	57	B	OPP	Core destroyed	262	flagoff	8	5	57	82	-1	-1	94	58	0.617	5.319	5	0	61,57,63,57,82	262	1	2,2
nordkap_s55_A	nordkap	55	A	US	Titanium collected (tiebreak)	1000	flagoff	8	8	5	44	44	44	998	528	0.5291	0.802	8	0	20,24,17,31,18,6,44,5	1000	0	9,18
nordkap_s55_B	nordkap	55	B	US	Core destroyed	318	flagoff	8	8	5	44	50	44	316	304	0.962	2.532	8	0	44,34,17,37,5,24,6,22	318	1	9,6
nordkap_s56_A	nordkap	56	A	US	Core destroyed	704	flagoff	8	7	4	25	-1	-1	614	432	0.7036	1.14	6	1	24,25,23,22,20,5,4	704	0	9,18
nordkap_s56_B	nordkap	56	B	US	Core destroyed	224	flagoff	8	7	5	69	-1	-1	222	172	0.7748	3.153	6	1	42,40,52,23,5,6,69	224	1	9,6
nordkap_s57_A	nordkap	57	A	OPP	Core destroyed	512	flagoff	8	7	5	62	-1	-1	262	31	0.1183	2.672	7	0	53,55,16,62,6,10,5	512	0	9,18
nordkap_s57_B	nordkap	57	B	US	Core destroyed	185	flagoff	8	8	5	90	90	90	183	169	0.9235	4.372	8	0	36,28,40,74,5,90,6,19	185	1	9,6
yulerune_s55_A	yulerune	55	A	US	Core destroyed	193	flagoff	8	7	32	70	-1	-1	168	160	0.9524	4.167	6	1	32,70,38,39,42,42,44	193	0	16,9
yulerune_s55_B	yulerune	55	B	OPP	Core destroyed	327	flagoff	8	6	39	94	-1	-1	109	100	0.9174	5.505	5	1	57,53,94,50,43,39	327	1	2,9
yulerune_s56_A	yulerune	56	A	OPP	Core destroyed	193	flagoff	8	5	31	42	-1	-1	168	161	0.9583	2.976	5	0	38,42,31,34,42	193	0	16,9
yulerune_s56_B	yulerune	56	B	OPP	Core destroyed	268	flagoff	8	7	32	100	-1	-1	243	236	0.9712	2.881	5	2	40,44,100,43,72,39,32	268	1	2,9
yulerune_s57_A	yulerune	57	A	OPP	Core destroyed	349	flagoff	8	6	34	56	-1	-1	322	315	0.9783	1.863	6	0	34,43,56,45,53,48	349	0	16,9
yulerune_s57_B	yulerune	57	B	OPP	Titanium collected (tiebreak)	1000	flagoff	8	6	32	58	-1	-1	975	967	0.9918	0.615	6	0	55,48,58,43,38,32	1000	1	2,9
atoll_s4_A	atoll	4	A	US	Core destroyed	603	flagoff	8	5	7	23	-1	-1	187	15	0.0802	2.674	5	0	7,8,13,23,21	603	0	14,2
atoll_s4_B	atoll	4	B	OPP	Core destroyed	174	flagoff	8	1	67	67	-1	-1	30	0	0.0	3.333	1	0	67	174	1	2,14
atoll_s5_A	atoll	5	A	US	Core destroyed	485	flagoff	8	6	8	160	-1	-1	140	22	0.1571	4.286	6	0	10,8,99,153,160,156	485	0	14,2
atoll_s5_B	atoll	5	B	OPP	Core destroyed	152	flagoff	8	5	7	35	-1	-1	45	15	0.3333	11.111	4	1	35,22,7,8,9	152	1	2,14
atoll_s6_A	atoll	6	A	US	Core destroyed	205	flagoff	8	6	7	75	-1	-1	201	3	0.0149	2.985	6	0	48,42,75,7,9,58	205	0	14,2
atoll_s6_B	atoll	6	B	US	Core destroyed	190	flagoff	8	6	7	43	-1	-1	186	55	0.2957	3.226	6	0	39,43,36,7,8,21	190	1	2,14
drakkarfjord_s4_A	drakkarfjord	4	A	US	Titanium collected (tiebreak)	1000	flagoff	8	3	10	172	-1	-1	85	0	0.0	3.529	2	1	10,11,172	1000	0	26,4
drakkarfjord_s4_B	drakkarfjord	4	B	US	Core destroyed	129	flagoff	8	8	10	46	46	46	121	0	0.0	6.612	7	1	40,36,46,33,21,14,11,10	129	1	2,24
drakkarfjord_s5_A	drakkarfjord	5	A	OPP	Core destroyed	343	flagoff	8	7	10	43	-1	-1	211	9	0.0427	3.318	6	1	10,11,31,33,43,36,40	343	0	26,4
drakkarfjord_s5_B	drakkarfjord	5	B	US	Core destroyed	123	flagoff	8	8	10	46	46	46	115	0	0.0	6.957	7	1	40,36,46,33,21,14,11,10	123	1	2,24
drakkarfjord_s6_A	drakkarfjord	6	A	US	Core destroyed	417	flagoff	8	8	10	93	-1	93	182	20	0.1099	4.396	7	1	10,11,31,93,33,43,36,40	417	0	26,4
drakkarfjord_s6_B	drakkarfjord	6	B	US	Core destroyed	126	flagoff	8	8	10	48	48	48	118	0	0.0	6.78	7	1	40,36,48,33,21,14,11,10	126	1	2,24
glacierkeep_s4_A	glacierkeep	4	A	US	Core destroyed	132	flagoff	8	8	9	43	43	43	126	97	0.7698	6.349	8	0	36,38,21,43,17,10,14,9	132	0	14,26
glacierkeep_s4_B	glacierkeep	4	B	OPP	Core destroyed	656	flagoff	8	8	9	36	36	36	249	116	0.4659	3.213	8	0	36,32,14,29,9,25,10,22	656	1	14,2
glacierkeep_s5_A	glacierkeep	5	A	US	Core destroyed	229	flagoff	8	8	9	67	81	67	107	0	0.0	7.477	7	1	58,64,18,67,17,10,14,9	229	0	14,26
glacierkeep_s5_B	glacierkeep	5	B	US	Core destroyed	185	flagoff	8	8	9	36	49	36	179	149	0.8324	4.469	8	0	36,32,14,29,9,25,10,22	185	1	14,2
glacierkeep_s6_A	glacierkeep	6	A	US	Core destroyed	160	flagoff	8	8	9	43	43	43	154	46	0.2987	5.195	8	0	36,38,21,43,17,10,14,9	160	0	14,26
glacierkeep_s6_B	glacierkeep	6	B	US	Core destroyed	237	flagoff	8	8	9	36	60	36	231	49	0.2121	3.463	8	0	36,32,14,29,9,25,10,22	237	1	14,2
midgard_s4_A	midgard	4	A	US	Core destroyed	233	flagoff	8	7	51	99	-1	-1	189	182	0.963	3.704	5	2	51,96,55,99,59,80,62	233	0	26,26
midgard_s4_B	midgard	4	B	US	Core destroyed	198	flagoff	8	7	57	89	-1	-1	153	151	0.9869	4.575	5	2	61,57,64,57,89,82,79	198	1	2,2
midgard_s5_A	midgard	5	A	US	Core destroyed	533	flagoff	8	6	55	96	-1	-1	487	423	0.8686	1.232	6	0	55,96,67,71,79,74	533	0	26,26
midgard_s5_B	midgard	5	B	OPP	Core destroyed	204	flagoff	8	5	53	70	-1	-1	128	83	0.6484	3.906	5	0	66,70,63,57,53	204	1	2,2
midgard_s6_A	midgard	6	A	OPP	Core destroyed	243	flagoff	8	6	50	112	-1	-1	120	38	0.3167	5.0	6	0	64,63,112,59,50,56	243	0	26,26
midgard_s6_B	midgard	6	B	US	Core destroyed	201	flagoff	8	6	52	95	-1	-1	156	148	0.9487	3.846	5	1	65,61,62,95,57,52	201	1	2,2
nordkap_s4_A	nordkap	4	A	OPP	Core destroyed	205	flagoff	8	3	8	27	-1	-1	46	10	0.2174	6.522	2	1	9,8,27	205	0	9,18
nordkap_s4_B	nordkap	4	B	US	Core destroyed	185	flagoff	8	8	5	90	90	90	183	169	0.9235	4.372	8	0	36,28,40,74,5,90,6,19	185	1	9,6
nordkap_s5_A	nordkap	5	A	OPP	Core destroyed	196	flagoff	8	5	5	96	-1	-1	124	95	0.7661	4.032	5	0	25,22,6,96,5	196	0	9,18
nordkap_s5_B	nordkap	5	B	US	Core destroyed	344	flagoff	8	8	5	55	55	55	342	290	0.848	2.339	8	0	22,24,10,28,5,55,6,24	344	1	9,6
nordkap_s6_A	nordkap	6	A	US	Core destroyed	807	flagoff	8	7	5	28	-1	-1	277	57	0.2058	2.527	7	0	21,25,18,28,17,6,5	807	0	9,18
nordkap_s6_B	nordkap	6	B	US	Core destroyed	204	flagoff	8	6	5	69	-1	-1	202	172	0.8515	2.97	6	0	43,45,69,5,6,56	204	1	9,6
yulerune_s4_A	yulerune	4	A	OPP	Core destroyed	222	flagoff	8	5	34	52	-1	-1	184	175	0.9511	2.717	5	0	34,42,44,49,52	222	0	16,9
yulerune_s4_B	yulerune	4	B	US	Core destroyed	597	flagoff	8	7	31	88	-1	-1	574	572	0.9965	1.22	5	2	41,47,88,58,65,31,33	597	1	2,9
yulerune_s5_A	yulerune	5	A	OPP	Titanium collected (tiebreak)	1000	flagoff	8	6	31	59	-1	-1	974	965	0.9908	0.616	6	0	44,50,31,59,34,56	1000	0	16,9
yulerune_s5_B	yulerune	5	B	OPP	Core destroyed	400	flagoff	8	7	36	85	-1	-1	268	250	0.9328	2.612	6	1	44,48,64,48,85,36,41	400	1	2,9
yulerune_s6_A	yulerune	6	A	US	Core destroyed	427	flagoff	8	7	36	72	-1	-1	405	393	0.9704	1.728	6	1	36,72,50,40,52,43,49	427	0	16,9
yulerune_s6_B	yulerune	6	B	US	Titanium collected (tiebreak)	1000	flagoff	8	7	32	71	-1	-1	975	682	0.6995	0.718	5	2	54,49,71,46,69,36,32	1000	1	2,9
atoll_s58_A	atoll	58	A	US	Core destroyed	610	flagoff	8	6	8	135	-1	-1	197	55	0.2792	3.046	4	2	135,132,8,9,60,61	610	0	14,2
atoll_s58_B	atoll	58	B	OPP	Core destroyed	437	flagoff	8	0	-1	-1	-1	-1	65	1	0.0154	0.0	0	0		437	1	2,14
atoll_s59_A	atoll	59	A	US	Core destroyed	808	flagoff	8	4	21	102	-1	-1	566	83	0.1466	0.707	3	1	21,102,95,96	808	0	14,2
atoll_s59_B	atoll	59	B	US	Core destroyed	206	flagoff	8	4	43	104	-1	-1	88	0	0.0	4.545	2	2	104,100,44,43	206	1	2,14
atoll_s60_A	atoll	60	A	OPP	Core destroyed	433	flagoff	8	7	7	151	-1	-1	168	10	0.0595	4.167	7	0	16,7,54,11,147,151,146	433	0	14,2
atoll_s60_B	atoll	60	B	OPP	Core destroyed	422	flagoff	8	5	8	211	-1	-1	99	31	0.3131	5.051	5	0	88,211,66,8,62	422	1	2,14
drakkarfjord_s58_A	drakkarfjord	58	A	OPP	Titanium collected (tiebreak)	1000	flagoff	8	6	10	42	-1	-1	77	0	0.0	7.792	5	1	10,11,29,31,34,42	1000	0	26,4
drakkarfjord_s58_B	drakkarfjord	58	B	US	Core destroyed	126	flagoff	8	8	10	48	48	48	118	0	0.0	6.78	7	1	40,36,48,33,21,14,11,10	126	1	2,24
drakkarfjord_s59_A	drakkarfjord	59	A	US	Core destroyed	359	flagoff	8	8	10	308	-1	308	123	0	0.0	6.504	7	1	10,11,31,308,33,43,36,40	359	0	26,4
drakkarfjord_s59_B	drakkarfjord	59	B	US	Core destroyed	143	flagoff	8	8	10	48	48	48	135	0	0.0	5.926	7	1	40,36,48,33,21,14,11,10	143	1	2,24
drakkarfjord_s60_A	drakkarfjord	60	A	US	Core destroyed	334	flagoff	8	8	10	93	-1	93	178	20	0.1124	4.494	7	1	10,11,31,93,33,43,36,40	334	0	26,4
drakkarfjord_s60_B	drakkarfjord	60	B	US	Core destroyed	148	flagoff	8	8	10	35	-1	35	140	78	0.5571	5.714	6	2	35,31,10,25,11,24,17,21	148	1	2,24
glacierkeep_s58_A	glacierkeep	58	A	US	Core destroyed	725	flagoff	8	8	9	57	57	57	719	124	0.1725	1.113	8	0	57,53,23,50,19,10,14,9	725	0	14,26
glacierkeep_s58_B	glacierkeep	58	B	OPP	Harvesters (tiebreak)	1000	flagoff	8	8	9	50	50	50	336	55	0.1637	2.381	8	0	36,32,50,26,10,22,9,19	1000	1	14,2
glacierkeep_s59_A	glacierkeep	59	A	US	Core destroyed	217	flagoff	8	8	10	49	49	49	211	182	0.8626	3.791	8	0	45,47,30,49,18,11,15,10	217	0	14,26
glacierkeep_s59_B	glacierkeep	59	B	OPP	Core destroyed	449	flagoff	8	8	9	36	44	36	134	68	0.5075	5.97	8	0	36,32,14,29,9,25,10,22	449	1	14,2
glacierkeep_s60_A	glacierkeep	60	A	US	Core destroyed	173	flagoff	8	8	9	55	55	55	167	74	0.4431	4.79	8	0	55,51,28,48,17,10,14,9	173	0	14,26
glacierkeep_s60_B	glacierkeep	60	B	OPP	Core destroyed	453	flagoff	8	8	9	44	54	44	114	62	0.5439	7.018	8	0	33,35,20,38,9,42,10,44	453	1	14,2
midgard_s58_A	midgard	58	A	OPP	Core destroyed	135	flagoff	8	5	51	66	-1	-1	92	87	0.9457	5.435	5	0	51,55,59,66,62	135	0	26,26
midgard_s58_B	midgard	58	B	OPP	Core destroyed	359	flagoff	8	6	54	80	-1	-1	178	140	0.7865	3.371	5	1	58,54,61,63,80,80	359	1	2,2
midgard_s59_A	midgard	59	A	US	Core destroyed	303	flagoff	8	6	54	108	-1	-1	257	193	0.751	2.335	6	0	54,108,58,71,79,74	303	0	26,26
midgard_s59_B	midgard	59	B	US	Core destroyed	192	flagoff	8	6	58	83	-1	-1	147	145	0.9864	4.082	6	0	65,69,62,58,83,66	192	1	2,2
midgard_s60_A	midgard	60	A	US	Core destroyed	207	flagoff	8	7	50	82	-1	-1	165	161	0.9758	4.242	5	2	50,68,54,82,60,67,63	207	0	26,26
midgard_s60_B	midgard	60	B	OPP	Core destroyed	224	flagoff	8	6	56	81	-1	-1	145	105	0.7241	4.138	6	0	65,58,66,81,60,56	224	1	2,2
nordkap_s58_A	nordkap	58	A	US	Core destroyed	620	flagoff	8	8	8	423	560	423	417	121	0.2902	1.918	7	1	28,35,25,9,370,8,423,404	620	0	9,18
nordkap_s58_B	nordkap	58	B	US	Core destroyed	536	flagoff	8	8	9	28	28	28	513	384	0.7485	1.559	8	0	17,19,11,22,9,24,28,23	536	1	9,6
nordkap_s59_A	nordkap	59	A	OPP	Core destroyed	196	flagoff	8	4	8	63	-1	-1	60	16	0.2667	6.667	3	1	63,58,9,8	196	0	9,18
nordkap_s59_B	nordkap	59	B	OPP	Core destroyed	322	flagoff	8	5	5	56	-1	-1	252	138	0.5476	1.984	5	0	19,21,5,56,6	322	1	9,6
nordkap_s60_A	nordkap	60	A	OPP	Core destroyed	139	flagoff	8	4	5	43	-1	-1	84	47	0.5595	4.762	4	0	43,40,6,5	139	0	9,18
nordkap_s60_B	nordkap	60	B	US	Core destroyed	300	flagoff	8	8	5	65	65	65	298	84	0.2819	2.685	7	1	16,18,10,44,5,50,6,65	300	1	9,6
yulerune_s58_A	yulerune	58	A	US	Core destroyed	217	flagoff	8	7	32	67	-1	-1	192	184	0.9583	3.646	6	1	32,67,38,39,42,42,45	217	0	16,9
yulerune_s58_B	yulerune	58	B	OPP	Core destroyed	161	flagoff	8	7	30	64	-1	-1	137	130	0.9489	5.109	5	2	49,44,64,42,60,38,30	161	1	2,9
yulerune_s59_A	yulerune	59	A	US	Core destroyed	386	flagoff	8	7	32	67	-1	-1	361	349	0.9668	1.939	6	1	32,67,38,42,42,48,47	386	0	16,9
yulerune_s59_B	yulerune	59	B	OPP	Core destroyed	121	flagoff	8	7	40	96	-1	-1	96	86	0.8958	7.292	5	2	55,59,96,56,77,50,40	121	1	2,9
yulerune_s60_A	yulerune	60	A	OPP	Core destroyed	342	flagoff	8	5	34	48	-1	-1	317	307	0.9685	1.577	5	0	34,44,41,44,48	342	0	16,9
yulerune_s60_B	yulerune	60	B	OPP	Core destroyed	370	flagoff	8	6	33	55	-1	-1	142	102	0.7183	4.225	6	0	33,52,55,49,45,37	370	1	2,9
atoll_s61_A	atoll	61	A	OPP	Core destroyed	831	flagoff	8	5	8	260	-1	-1	184	12	0.0652	2.717	1	4	92,8,9,259,260	831	0	14,2
atoll_s61_B	atoll	61	B	OPP	Core destroyed	728	flagoff	8	5	8	316	-1	-1	146	26	0.1781	3.425	5	0	316,10,8,16,80	728	1	2,14
atoll_s62_A	atoll	62	A	OPP	Core destroyed	367	flagoff	8	4	7	16	-1	-1	53	0	0.0	7.547	4	0	7,9,16,12	367	0	14,2
atoll_s62_B	atoll	62	B	OPP	Core destroyed	138	flagoff	8	7	7	57	-1	-1	68	41	0.6029	10.294	7	0	35,57,11,43,7,29,35	138	1	2,14
atoll_s63_A	atoll	63	A	US	Core destroyed	205	flagoff	8	6	7	75	-1	-1	201	3	0.0149	2.985	6	0	48,42,75,7,9,58	205	0	14,2
atoll_s63_B	atoll	63	B	OPP	Core destroyed	164	flagoff	8	6	7	49	-1	-1	69	17	0.2464	8.696	6	0	37,32,49,7,8,12	164	1	2,14
drakkarfjord_s61_A	drakkarfjord	61	A	US	Core destroyed	158	flagoff	8	8	10	37	42	37	150	0	0.0	5.333	7	1	10,11,37,18,33,22,30,26	158	0	26,4
drakkarfjord_s61_B	drakkarfjord	61	B	US	Core destroyed	171	flagoff	8	8	10	46	46	46	163	0	0.0	4.908	7	1	40,36,46,33,21,14,11,10	171	1	2,24
drakkarfjord_s62_A	drakkarfjord	62	A	US	Core destroyed	498	flagoff	8	8	10	109	115	109	266	79	0.297	3.008	6	2	10,11,30,109,32,44,35,41	498	0	26,4
drakkarfjord_s62_B	drakkarfjord	62	B	OPP	Titanium collected (tiebreak)	1000	flagoff	8	8	10	48	48	48	889	0	0.0	0.9	7	1	40,36,48,33,21,14,11,10	1000	1	2,24
drakkarfjord_s63_A	drakkarfjord	63	A	US	Core destroyed	170	flagoff	8	8	10	37	42	37	160	48	0.3	5.0	7	1	10,11,37,18,33,22,30,26	170	0	26,4
drakkarfjord_s63_B	drakkarfjord	63	B	US	Core destroyed	230	flagoff	8	8	10	151	158	151	222	146	0.6577	3.604	6	2	151,110,45,107,138,14,11,10	230	1	2,24
glacierkeep_s61_A	glacierkeep	61	A	OPP	Core destroyed	473	flagoff	8	8	9	51	69	51	228	70	0.307	3.509	8	0	46,48,28,51,17,10,14,9	473	0	14,26
glacierkeep_s61_B	glacierkeep	61	B	US	Core destroyed	177	flagoff	8	8	9	36	62	36	171	139	0.8129	4.678	8	0	36,32,14,29,9,25,10,22	177	1	14,2
glacierkeep_s62_A	glacierkeep	62	A	US	Core destroyed	413	flagoff	8	8	9	59	59	59	407	73	0.1794	1.966	8	0	59,55,28,52,17,10,14,9	413	0	14,26
glacierkeep_s62_B	glacierkeep	62	B	OPP	Titanium collected (tiebreak)	1000	flagoff	8	8	9	36	44	36	249	88	0.3534	3.213	8	0	36,32,14,29,9,25,10,22	1000	1	14,2
glacierkeep_s63_A	glacierkeep	63	A	OPP	Core destroyed	816	flagoff	8	8	9	57	57	57	198	160	0.8081	4.04	8	0	57,53,23,50,19,10,14,9	816	0	14,26
glacierkeep_s63_B	glacierkeep	63	B	OPP	Titanium collected (tiebreak)	1000	flagoff	8	8	9	36	36	36	213	117	0.5493	3.756	8	0	36,32,14,29,9,25,10,22	1000	1	14,2
midgard_s61_A	midgard	61	A	US	Core destroyed	213	flagoff	8	7	55	104	-1	-1	170	165	0.9706	4.118	6	1	55,86,59,104,65,72,68	213	0	26,26
midgard_s61_B	midgard	61	B	OPP	Core destroyed	297	flagoff	8	7	56	109	-1	-1	250	247	0.988	2.8	6	1	60,56,63,67,89,109,76	297	1	2,2
midgard_s62_A	midgard	62	A	OPP	Core destroyed	282	flagoff	8	6	54	93	-1	-1	104	64	0.6154	5.769	5	1	54,93,62,70,77,73	282	0	26,26
midgard_s62_B	midgard	62	B	US	Core destroyed	212	flagoff	8	8	55	116	-1	116	165	165	1.0	4.848	5	3	61,55,64,116,57,110,91,88	212	1	2,2
midgard_s63_A	midgard	63	A	US	Core destroyed	261	flagoff	8	6	47	108	-1	-1	221	75	0.3394	2.715	6	0	47,108,51,63,92,66	261	0	26,26
midgard_s63_B	midgard	63	B	US	Core destroyed	196	flagoff	8	6	55	86	-1	-1	151	148	0.9801	3.974	6	0	62,66,59,55,86,68	196	1	2,2
nordkap_s61_A	nordkap	61	A	US	Core destroyed	329	flagoff	8	8	4	27	43	27	327	317	0.9694	2.446	6	2	25,27,18,5,14,4,8,7	329	0	9,18
nordkap_s61_B	nordkap	61	B	US	Core destroyed	185	flagoff	8	8	5	77	77	77	183	167	0.9126	4.372	6	2	20,22,10,77,5,46,6,49	185	1	9,6
nordkap_s62_A	nordkap	62	A	OPP	Core destroyed	169	flagoff	8	2	5	6	-1	-1	167	157	0.9401	1.198	2	0	6,5	169	0	9,18
nordkap_s62_B	nordkap	62	B	US	Core destroyed	435	flagoff	8	7	4	82	-1	-1	433	306	0.7067	1.617	6	1	82,29,5,48,4,8,15	435	1	9,6
nordkap_s63_A	nordkap	63	A	OPP	Core destroyed	293	flagoff	8	7	5	34	-1	-1	122	48	0.3934	5.738	7	0	27,29,16,34,6,10,5	293	0	9,18
nordkap_s63_B	nordkap	63	B	OPP	Core destroyed	364	flagoff	8	8	5	318	-1	318	227	154	0.6784	3.524	7	1	16,18,10,21,5,52,6,318	364	1	9,6
yulerune_s61_A	yulerune	61	A	OPP	Core destroyed	177	flagoff	8	6	32	49	-1	-1	152	146	0.9605	3.947	4	2	32,46,40,49,39,44	177	0	16,9
yulerune_s61_B	yulerune	61	B	OPP	Core destroyed	197	flagoff	8	6	38	61	-1	-1	54	39	0.7222	11.111	6	0	48,48,45,61,38,40	197	1	2,9
yulerune_s62_A	yulerune	62	A	OPP	Core destroyed	287	flagoff	8	5	34	69	-1	-1	136	114	0.8382	3.676	5	0	34,43,40,69,65	287	0	16,9
yulerune_s62_B	yulerune	62	B	OPP	Core destroyed	139	flagoff	8	6	34	76	-1	-1	111	81	0.7297	5.405	6	0	38,76,56,61,34,39	139	1	2,9
yulerune_s63_A	yulerune	63	A	OPP	Core destroyed	201	flagoff	8	6	31	56	-1	-1	177	166	0.9379	3.39	6	0	31,38,44,42,50,56	201	0	16,9
yulerune_s63_B	yulerune	63	B	US	Core destroyed	289	flagoff	8	7	35	88	-1	-1	264	177	0.6705	2.652	6	1	49,45,46,42,35,40,88	289	1	2,9
atoll_s64_A	atoll	64	A	US	Core destroyed	442	flagoff	8	5	121	196	-1	-1	261	93	0.3563	1.916	1	4	124,121,196,173,170	442	0	14,2
atoll_s64_B	atoll	64	B	US	Core destroyed	602	flagoff	8	5	8	47	-1	-1	542	146	0.2694	0.923	4	1	47,8,46,9,18	602	1	2,14
atoll_s65_A	atoll	65	A	US	Core destroyed	858	flagoff	8	5	8	158	-1	-1	213	1	0.0047	2.347	4	1	12,8,104,158,153	858	0	14,2
atoll_s65_B	atoll	65	B	OPP	Core destroyed	232	flagoff	8	6	7	45	-1	-1	92	40	0.4348	6.522	5	1	45,9,39,7,21,26	232	1	2,14
atoll_s66_A	atoll	66	A	US	Core destroyed	182	flagoff	8	5	9	42	-1	-1	178	22	0.1236	2.809	5	0	13,9,31,42,41	182	0	14,2
atoll_s66_B	atoll	66	B	OPP	Titanium collected (tiebreak)	1000	flagoff	8	5	10	40	-1	-1	114	10	0.0877	4.386	5	0	25,40,12,37,10	1000	1	2,14
drakkarfjord_s64_A	drakkarfjord	64	A	US	Core destroyed	164	flagoff	8	8	10	36	41	36	156	100	0.641	5.128	7	1	10,11,36,18,32,22,29,25	164	0	26,4
drakkarfjord_s64_B	drakkarfjord	64	B	US	Core destroyed	157	flagoff	8	8	10	95	107	95	149	9	0.0604	5.369	6	2	90,92,32,95,31,14,11,10	157	1	2,24
drakkarfjord_s65_A	drakkarfjord	65	A	US	Core destroyed	209	flagoff	8	8	10	144	156	144	200	49	0.245	4.0	6	2	10,11,29,144,31,57,34,42	209	0	26,4
drakkarfjord_s65_B	drakkarfjord	65	B	US	Core destroyed	123	flagoff	8	8	10	48	48	48	115	0	0.0	6.957	7	1	40,36,48,33,21,14,11,10	123	1	2,24
drakkarfjord_s66_A	drakkarfjord	66	A	US	Core destroyed	466	flagoff	8	8	10	233	-1	233	242	0	0.0	3.306	7	1	10,11,31,233,33,43,36,40	466	0	26,4
drakkarfjord_s66_B	drakkarfjord	66	B	US	Core destroyed	171	flagoff	8	8	10	46	46	46	163	0	0.0	4.908	7	1	40,36,46,33,21,14,11,10	171	1	2,24
glacierkeep_s64_A	glacierkeep	64	A	US	Titanium collected (tiebreak)	1000	flagoff	8	8	9	56	56	56	443	130	0.2935	1.806	8	0	51,53,21,56,17,10,14,9	1000	0	14,26
glacierkeep_s64_B	glacierkeep	64	B	US	Core destroyed	165	flagoff	8	8	9	45	53	45	130	61	0.4692	6.154	8	0	33,35,20,38,9,42,10,45	165	1	14,2
glacierkeep_s65_A	glacierkeep	65	A	US	Core destroyed	265	flagoff	8	8	9	55	55	55	259	96	0.3707	3.089	8	0	55,51,21,48,17,10,14,9	265	0	14,26
glacierkeep_s65_B	glacierkeep	65	B	US	Core destroyed	185	flagoff	8	8	9	36	49	36	158	124	0.7848	5.063	8	0	36,32,14,29,9,25,10,22	185	1	14,2
glacierkeep_s66_A	glacierkeep	66	A	OPP	Core destroyed	572	flagoff	8	8	9	49	62	49	102	64	0.6275	7.843	8	0	44,46,28,49,17,10,14,9	572	0	14,26
glacierkeep_s66_B	glacierkeep	66	B	US	Core destroyed	193	flagoff	8	8	9	36	54	36	187	160	0.8556	4.278	8	0	36,32,14,29,9,25,10,22	193	1	14,2
midgard_s64_A	midgard	64	A	US	Core destroyed	413	flagoff	8	6	51	80	-1	-1	369	362	0.981	1.626	6	0	51,80,55,59,66,62	413	0	26,26
midgard_s64_B	midgard	64	B	OPP	Core destroyed	769	flagoff	8	6	56	96	-1	-1	243	156	0.642	2.469	6	0	65,58,68,96,60,56	769	1	2,2
midgard_s65_A	midgard	65	A	US	Core destroyed	321	flagoff	8	7	52	83	-1	-1	276	272	0.9855	2.536	5	2	52,79,56,83,60,67,63	321	0	26,26
midgard_s65_B	midgard	65	B	OPP	Core destroyed	133	flagoff	8	7	54	127	-1	-1	86	85	0.9884	8.14	5	2	61,54,64,127,58,106,54	133	1	2,2
midgard_s66_A	midgard	66	A	US	Core destroyed	161	flagoff	8	6	51	80	-1	-1	117	107	0.9145	5.128	6	0	51,80,55,59,66,62	161	0	26,26
midgard_s66_B	midgard	66	B	US	Core destroyed	231	flagoff	8	6	55	80	-1	-1	186	180	0.9677	3.226	6	0	62,66,59,55,80,68	231	1	2,2
nordkap_s64_A	nordkap	64	A	US	Core destroyed	225	flagoff	8	8	5	131	131	131	223	213	0.9552	3.587	7	1	97,85,62,131,27,6,56,5	225	0	9,18
nordkap_s64_B	nordkap	64	B	OPP	Core destroyed	330	flagoff	8	6	4	48	-1	-1	328	181	0.5518	1.829	5	1	24,5,4,48,8,15	330	1	9,6
nordkap_s65_A	nordkap	65	A	US	Core destroyed	762	flagoff	8	8	4	245	-1	245	760	747	0.9829	1.053	6	2	31,25,28,22,245,20,5,4	762	0	9,18
nordkap_s65_B	nordkap	65	B	OPP	Core destroyed	249	flagoff	8	6	5	27	-1	-1	247	157	0.6356	2.429	6	0	27,22,19,5,6,13	249	1	9,6
nordkap_s66_A	nordkap	66	A	OPP	Core destroyed	174	flagoff	8	4	5	28	-1	-1	172	57	0.3314	2.326	4	0	23,28,6,5	174	0	9,18
nordkap_s66_B	nordkap	66	B	US	Core destroyed	185	flagoff	8	8	5	32	35	32	183	167	0.9126	4.372	6	2	26,32,28,24,5,16,8,9	185	1	9,6
yulerune_s64_A	yulerune	64	A	US	Core destroyed	633	flagoff	8	5	34	61	-1	-1	606	603	0.995	0.825	5	0	34,41,61,61,55	633	0	16,9
yulerune_s64_B	yulerune	64	B	OPP	Core destroyed	230	flagoff	8	5	39	59	-1	-1	74	62	0.8378	6.757	5	0	59,55,52,44,39	230	1	2,9
yulerune_s65_A	yulerune	65	A	OPP	Core destroyed	660	flagoff	8	5	31	49	-1	-1	426	333	0.7817	1.174	5	0	41,42,31,34,49	660	0	16,9
yulerune_s65_B	yulerune	65	B	OPP	Core destroyed	265	flagoff	8	7	34	61	-1	-1	240	236	0.9833	2.917	6	1	39,39,36,36,34,46,61	265	1	2,9
yulerune_s66_A	yulerune	66	A	US	Core destroyed	272	flagoff	8	7	39	64	-1	-1	241	236	0.9793	2.905	6	1	43,64,42,40,44,39,47	272	0	16,9
yulerune_s66_B	yulerune	66	B	OPP	Core destroyed	208	flagoff	8	7	34	54	-1	-1	183	180	0.9836	3.825	5	2	44,39,54,36,54,34,41	208	1	2,9
atoll_s67_A	atoll	67	A	US	Core destroyed	611	flagoff	8	7	7	221	-1	-1	189	38	0.2011	3.704	6	1	130,10,7,191,220,163,221	611	0	14,2
atoll_s67_B	atoll	67	B	OPP	Core destroyed	128	flagoff	8	5	7	53	-1	-1	124	58	0.4677	4.032	5	0	11,53,7,33,45	128	1	2,14
atoll_s68_A	atoll	68	A	US	Titanium collected (tiebreak)	1000	flagoff	8	6	8	73	-1	-1	145	33	0.2276	4.138	5	1	36,73,8,65,51,57	1000	0	14,2
atoll_s68_B	atoll	68	B	US	Core destroyed	159	flagoff	8	6	7	87	-1	-1	150	10	0.0667	4.0	6	0	15,40,9,87,7,79	159	1	2,14
atoll_s69_A	atoll	69	A	US	Core destroyed	496	flagoff	8	7	8	65	-1	-1	352	62	0.1761	1.989	7	0	10,8,65,34,38,51,44	496	0	14,2
atoll_s69_B	atoll	69	B	US	Core destroyed	212	flagoff	8	6	7	46	-1	-1	97	48	0.4948	6.186	6	0	38,46,35,7,8,21	212	1	2,14
drakkarfjord_s67_A	drakkarfjord	67	A	OPP	Core destroyed	626	flagoff	8	7	10	43	-1	-1	97	2	0.0206	7.216	6	1	10,11,31,33,43,36,40	626	0	26,4
drakkarfjord_s67_B	drakkarfjord	67	B	US	Core destroyed	129	flagoff	8	8	10	46	46	46	121	0	0.0	6.612	7	1	40,36,46,33,21,14,11,10	129	1	2,24
drakkarfjord_s68_A	drakkarfjord	68	A	US	Core destroyed	194	flagoff	8	8	10	37	42	37	186	130	0.6989	4.301	7	1	10,11,37,18,33,22,30,26	194	0	26,4
drakkarfjord_s68_B	drakkarfjord	68	B	US	Core destroyed	778	flagoff	8	8	10	35	40	35	393	4	0.0102	2.036	6	2	35,31,10,28,11,24,17,21	778	1	2,24
drakkarfjord_s69_A	drakkarfjord	69	A	OPP	Core destroyed	920	flagoff	8	7	10	43	-1	-1	172	25	0.1453	4.07	6	1	10,11,31,33,43,36,40	920	0	26,4
drakkarfjord_s69_B	drakkarfjord	69	B	US	Core destroyed	161	flagoff	8	8	10	46	46	46	153	0	0.0	5.229	7	1	40,36,46,33,21,14,11,10	161	1	2,24
glacierkeep_s67_A	glacierkeep	67	A	US	Core destroyed	269	flagoff	8	8	9	41	41	41	263	63	0.2395	3.042	8	0	36,38,21,41,17,10,14,9	269	0	14,26
glacierkeep_s67_B	glacierkeep	67	B	OPP	Core destroyed	829	flagoff	8	8	9	36	48	36	182	149	0.8187	4.396	8	0	36,32,14,29,9,25,10,22	829	1	14,2
glacierkeep_s68_A	glacierkeep	68	A	US	Core destroyed	160	flagoff	8	8	10	50	50	50	154	128	0.8312	5.195	8	0	45,47,30,50,18,11,15,10	160	0	14,26
glacierkeep_s68_B	glacierkeep	68	B	US	Core destroyed	185	flagoff	8	8	9	36	60	36	179	148	0.8268	4.469	8	0	36,32,14,29,9,25,10,22	185	1	14,2
glacierkeep_s69_A	glacierkeep	69	A	US	Core destroyed	217	flagoff	8	8	9	41	41	41	211	186	0.8815	3.791	8	0	36,38,21,41,17,10,14,9	217	0	14,26
glacierkeep_s69_B	glacierkeep	69	B	US	Core destroyed	897	flagoff	8	8	9	36	46	36	194	140	0.7216	4.124	8	0	36,32,14,29,9,25,10,22	897	1	14,2
midgard_s67_A	midgard	67	A	US	Core destroyed	292	flagoff	8	7	52	96	-1	-1	248	221	0.8911	2.823	5	2	52,80,56,96,60,67,63	292	0	26,26
midgard_s67_B	midgard	67	B	US	Core destroyed	832	flagoff	8	7	52	92	-1	-1	787	780	0.9911	0.889	6	1	68,64,62,56,80,92,52	832	1	2,2
midgard_s68_A	midgard	68	A	OPP	Core destroyed	165	flagoff	8	6	49	130	-1	-1	121	118	0.9752	4.959	5	1	49,53,130,59,74,68	165	0	26,26
midgard_s68_B	midgard	68	B	US	Core destroyed	236	flagoff	8	6	54	86	-1	-1	189	187	0.9894	3.175	6	0	68,72,65,58,86,54	236	1	2,2
midgard_s69_A	midgard	69	A	US	Core destroyed	362	flagoff	8	6	50	81	-1	-1	317	158	0.4984	1.893	6	0	50,81,54,60,67,63	362	0	26,26
midgard_s69_B	midgard	69	B	US	Core destroyed	189	flagoff	8	7	52	100	-1	-1	144	138	0.9583	4.861	6	1	68,72,60,100,56,86,52	189	1	2,2
nordkap_s67_A	nordkap	67	A	OPP	Core destroyed	197	flagoff	8	3	8	27	-1	-1	45	10	0.2222	6.667	2	1	9,8,27	197	0	9,18
nordkap_s67_B	nordkap	67	B	US	Core destroyed	116	flagoff	8	7	4	36	-1	-1	114	103	0.9035	6.14	6	1	13,15,5,18,4,36,27	116	1	9,6
nordkap_s68_A	nordkap	68	A	US	Core destroyed	506	flagoff	8	8	5	68	88	68	504	449	0.8909	1.587	8	0	23,30,20,37,48,6,68,5	506	0	9,18
nordkap_s68_B	nordkap	68	B	OPP	Core destroyed	183	flagoff	8	4	5	34	-1	-1	87	52	0.5977	4.598	4	0	34,23,5,6	183	1	9,6
nordkap_s69_A	nordkap	69	A	OPP	Core destroyed	204	flagoff	8	8	5	198	198	198	202	193	0.9554	3.96	7	1	21,25,18,28,17,6,198,5	204	0	9,18
nordkap_s69_B	nordkap	69	B	US	Core destroyed	344	flagoff	8	5	5	31	-1	-1	268	162	0.6045	1.866	5	0	31,25,26,5,6	344	1	9,6
yulerune_s67_A	yulerune	67	A	OPP	Core destroyed	137	flagoff	8	5	38	59	-1	-1	111	104	0.9369	4.505	5	0	38,44,59,56,52	137	0	16,9
yulerune_s67_B	yulerune	67	B	OPP	Core destroyed	141	flagoff	8	6	30	41	-1	-1	119	116	0.9748	5.042	5	1	41,35,34,36,31,30	141	1	2,9
yulerune_s68_A	yulerune	68	A	US	Core destroyed	235	flagoff	8	7	30	74	-1	-1	213	204	0.9577	3.286	6	1	30,74,38,39,42,38,44	235	0	16,9
yulerune_s68_B	yulerune	68	B	US	Core destroyed	315	flagoff	8	7	43	80	-1	-1	278	275	0.9892	2.518	5	2	48,52,80,51,70,49,43	315	1	2,9
yulerune_s69_A	yulerune	69	A	US	Core destroyed	261	flagoff	8	7	32	66	-1	-1	236	230	0.9746	2.966	6	1	32,66,44,34,46,39,43	261	0	16,9
yulerune_s69_B	yulerune	69	B	US	Core destroyed	198	flagoff	8	6	31	61	-1	-1	174	161	0.9253	3.448	5	1	49,45,61,42,38,31	198	1	2,9
atoll_s70_A	atoll	70	A	OPP	Core destroyed	364	flagoff	8	2	8	9	-1	-1	23	0	0.0	8.696	2	0	8,9	364	0	14,2
atoll_s70_B	atoll	70	B	US	Core destroyed	929	flagoff	8	6	7	827	-1	-1	925	289	0.3124	0.649	6	0	15,9,42,7,827,34	929	1	2,14
atoll_s71_A	atoll	71	A	OPP	Core destroyed	349	flagoff	8	6	7	123	-1	-1	126	50	0.3968	4.762	5	1	16,11,7,46,123,44	349	0	14,2
atoll_s71_B	atoll	71	B	US	Core destroyed	196	flagoff	8	7	8	65	-1	-1	192	151	0.7865	3.646	7	0	23,41,15,35,8,9,65	196	1	2,14
atoll_s72_A	atoll	72	A	US	Core destroyed	162	flagoff	8	7	10	68	-1	-1	158	134	0.8481	4.43	7	0	41,39,68,10,12,52,24	162	0	14,2
atoll_s72_B	atoll	72	B	OPP	Core destroyed	192	flagoff	8	6	7	48	-1	-1	62	17	0.2742	9.677	6	0	36,31,48,7,8,12	192	1	2,14
drakkarfjord_s70_A	drakkarfjord	70	A	US	Core destroyed	358	flagoff	8	7	10	328	-1	-1	273	33	0.1209	2.564	6	1	10,11,322,298,121,328,104	358	0	26,4
drakkarfjord_s70_B	drakkarfjord	70	B	US	Titanium collected (tiebreak)	1000	flagoff	8	8	10	70	179	70	141	0	0.0	5.674	7	1	64,66,29,70,58,14,11,10	1000	1	2,24
drakkarfjord_s71_A	drakkarfjord	71	A	US	Core destroyed	249	flagoff	8	8	10	65	72	65	228	83	0.364	3.509	7	1	10,11,25,65,27,37,30,34	249	0	26,4
drakkarfjord_s71_B	drakkarfjord	71	B	US	Core destroyed	193	flagoff	8	8	10	48	48	48	185	0	0.0	4.324	7	1	40,36,48,33,21,14,11,10	193	1	2,24
drakkarfjord_s72_A	drakkarfjord	72	A	OPP	Core destroyed	792	flagoff	8	7	10	43	-1	-1	203	0	0.0	3.448	6	1	10,11,31,33,43,36,40	792	0	26,4
drakkarfjord_s72_B	drakkarfjord	72	B	US	Core destroyed	143	flagoff	8	8	10	48	48	48	135	0	0.0	5.926	7	1	40,36,48,33,21,14,11,10	143	1	2,24
glacierkeep_s70_A	glacierkeep	70	A	US	Core destroyed	217	flagoff	8	8	9	41	41	41	211	186	0.8815	3.791	8	0	36,38,21,41,17,10,14,9	217	0	14,26
glacierkeep_s70_B	glacierkeep	70	B	US	Core destroyed	157	flagoff	8	8	9	36	49	36	151	45	0.298	5.298	8	0	36,32,14,29,9,25,10,22	157	1	14,2
glacierkeep_s71_A	glacierkeep	71	A	US	Core destroyed	133	flagoff	8	8	9	44	44	44	127	102	0.8031	6.299	8	0	39,41,29,44,17,10,14,9	133	0	14,26
glacierkeep_s71_B	glacierkeep	71	B	OPP	Core destroyed	533	flagoff	8	8	9	36	44	36	130	64	0.4923	6.154	8	0	36,32,14,29,9,25,10,22	533	1	14,2
glacierkeep_s72_A	glacierkeep	72	A	US	Core destroyed	269	flagoff	8	8	9	41	41	41	263	63	0.2395	3.042	8	0	36,38,21,41,17,10,14,9	269	0	14,26
glacierkeep_s72_B	glacierkeep	72	B	US	Core destroyed	185	flagoff	8	8	9	36	49	36	179	152	0.8492	4.469	8	0	36,32,14,29,9,25,10,22	185	1	14,2
midgard_s70_A	midgard	70	A	US	Core destroyed	341	flagoff	8	6	54	85	-1	-1	295	293	0.9932	2.034	6	0	54,85,58,64,71,67	341	0	26,26
midgard_s70_B	midgard	70	B	US	Core destroyed	166	flagoff	8	7	52	110	-1	-1	121	118	0.9752	5.785	6	1	63,83,60,110,56,99,52	166	1	2,2
midgard_s71_A	midgard	71	A	OPP	Core destroyed	201	flagoff	8	7	54	136	-1	-1	155	150	0.9677	4.516	6	1	54,118,63,136,65,75,68	201	0	26,26
midgard_s71_B	midgard	71	B	OPP	Core destroyed	309	flagoff	8	7	57	120	-1	-1	262	258	0.9847	2.672	4	3	61,57,63,71,120,82,84	309	1	2,2
midgard_s72_A	midgard	72	A	US	Core destroyed	254	flagoff	8	7	51	105	-1	-1	210	207	0.9857	3.333	6	1	51,80,55,105,59,66,62	254	0	26,26
midgard_s72_B	midgard	72	B	US	Core destroyed	371	flagoff	8	6	54	86	-1	-1	324	312	0.963	1.852	6	0	68,72,65,58,86,54	371	1	2,2
nordkap_s70_A	nordkap	70	A	OPP	Core destroyed	362	flagoff	8	7	5	32	-1	-1	115	75	0.6522	6.087	7	0	27,29,19,32,5,15,6	362	0	9,18
nordkap_s70_B	nordkap	70	B	US	Core destroyed	205	flagoff	8	8	5	86	95	86	203	190	0.936	3.941	7	1	36,28,39,66,5,86,6,20	205	1	9,6
nordkap_s71_A	nordkap	71	A	US	Core destroyed	401	flagoff	8	7	4	33	-1	-1	399	341	0.8546	1.754	5	2	22,30,23,33,16,4,12	401	0	9,18
nordkap_s71_B	nordkap	71	B	OPP	Core destroyed	363	flagoff	8	6	5	55	-1	-1	158	89	0.5633	3.797	6	0	20,22,5,38,6,55	363	1	9,6
nordkap_s72_A	nordkap	72	A	US	Core destroyed	348	flagoff	8	8	4	105	105	105	346	336	0.9711	2.312	5	3	100,102,93,105,85,4,89,9	348	0	9,18
nordkap_s72_B	nordkap	72	B	US	Core destroyed	144	flagoff	8	7	4	40	-1	-1	142	128	0.9014	4.93	6	1	13,15,5,18,4,40,24	144	1	9,6
yulerune_s70_A	yulerune	70	A	OPP	Core destroyed	693	flagoff	8	5	37	48	-1	-1	668	661	0.9895	0.749	5	0	38,45,37,40,48	693	0	16,9
yulerune_s70_B	yulerune	70	B	OPP	Core destroyed	315	flagoff	8	7	34	73	-1	-1	74	53	0.7162	9.459	4	3	48,44,73,35,58,34,40	315	1	2,9
yulerune_s71_A	yulerune	71	A	US	Core destroyed	261	flagoff	8	7	32	66	-1	-1	236	230	0.9746	2.966	6	1	32,66,44,34,46,39,43	261	0	16,9
yulerune_s71_B	yulerune	71	B	OPP	Core destroyed	336	flagoff	8	6	32	51	-1	-1	103	56	0.5437	5.825	6	0	48,44,51,41,37,32	336	1	2,9
yulerune_s72_A	yulerune	72	A	US	Core destroyed	890	flagoff	8	6	31	52	-1	-1	459	323	0.7037	1.307	6	0	31,34,52,42,49,45	890	0	16,9
yulerune_s72_B	yulerune	72	B	US	Core destroyed	377	flagoff	8	7	34	101	-1	-1	350	344	0.9829	2.0	6	1	48,51,48,63,44,34,101	377	1	2,9
atoll_s73_A	atoll	73	A	OPP	Core destroyed	332	flagoff	8	8	7	131	-1	131	328	108	0.3293	2.439	8	0	31,26,113,7,131,10,50,48	332	0	14,2
atoll_s73_B	atoll	73	B	OPP	Core destroyed	251	flagoff	8	5	65	75	-1	-1	226	48	0.2124	2.212	3	2	66,65,75,71,72	251	1	2,14
atoll_s74_A	atoll	74	A	OPP	Core destroyed	620	flagoff	8	3	21	218	-1	-1	528	19	0.036	0.568	3	0	21,215,218	620	0	14,2
atoll_s74_B	atoll	74	B	US	Core destroyed	190	flagoff	8	6	7	43	-1	-1	186	55	0.2957	3.226	6	0	39,43,36,7,8,21	190	1	2,14
atoll_s75_A	atoll	75	A	US	Core destroyed	401	flagoff	8	5	9	43	-1	-1	397	156	0.3929	1.259	5	0	13,9,28,43,42	401	0	14,2
atoll_s75_B	atoll	75	B	OPP	Core destroyed	223	flagoff	8	3	36	64	-1	-1	45	14	0.3111	6.667	1	2	64,36,49	223	1	2,14
drakkarfjord_s73_A	drakkarfjord	73	A	OPP	Core destroyed	281	flagoff	8	2	10	11	-1	-1	76	0	0.0	2.632	1	1	10,11	281	0	26,4
drakkarfjord_s73_B	drakkarfjord	73	B	OPP	Core destroyed	281	flagoff	8	3	10	14	-1	-1	44	0	0.0	6.818	2	1	14,11,10	281	1	2,24
drakkarfjord_s74_A	drakkarfjord	74	A	OPP	Core destroyed	549	flagoff	8	7	10	43	-1	-1	74	0	0.0	9.459	6	1	10,11,31,33,43,36,40	549	0	26,4
drakkarfjord_s74_B	drakkarfjord	74	B	US	Core destroyed	152	flagoff	8	8	10	46	46	46	144	0	0.0	5.556	7	1	40,36,46,33,21,14,11,10	152	1	2,24
drakkarfjord_s75_A	drakkarfjord	75	A	US	Core destroyed	544	flagoff	8	8	10	37	42	37	536	480	0.8955	1.493	7	1	10,11,37,18,33,22,30,26	544	0	26,4
drakkarfjord_s75_B	drakkarfjord	75	B	US	Core destroyed	192	flagoff	8	8	10	86	86	86	149	0	0.0	5.369	7	1	83,76,86,73,20,14,11,10	192	1	2,24
glacierkeep_s73_A	glacierkeep	73	A	US	Core destroyed	725	flagoff	8	8	9	57	57	57	719	124	0.1725	1.113	8	0	57,53,23,50,19,10,14,9	725	0	14,26
glacierkeep_s73_B	glacierkeep	73	B	US	Core destroyed	185	flagoff	8	8	9	45	53	45	139	79	0.5683	5.755	8	0	33,35,20,38,9,42,10,45	185	1	14,2
glacierkeep_s74_A	glacierkeep	74	A	US	Core destroyed	725	flagoff	8	8	9	57	57	57	719	124	0.1725	1.113	8	0	57,53,23,50,19,10,14,9	725	0	14,26
glacierkeep_s74_B	glacierkeep	74	B	US	Core destroyed	525	flagoff	8	8	9	36	49	36	350	40	0.1143	2.286	8	0	36,32,14,29,9,25,10,22	525	1	14,2
glacierkeep_s75_A	glacierkeep	75	A	US	Core destroyed	193	flagoff	8	8	9	61	61	61	175	0	0.0	4.571	7	1	44,60,18,61,17,10,14,9	193	0	14,26
glacierkeep_s75_B	glacierkeep	75	B	US	Core destroyed	517	flagoff	8	8	9	60	60	60	209	59	0.2823	3.828	8	0	33,29,60,26,9,22,10,19	517	1	14,2
midgard_s73_A	midgard	73	A	US	Core destroyed	301	flagoff	8	7	53	97	-1	-1	256	251	0.9805	2.734	5	2	53,89,57,97,61,68,64	301	0	26,26
midgard_s73_B	midgard	73	B	US	Core destroyed	697	flagoff	8	6	56	123	-1	-1	650	648	0.9969	0.923	6	0	60,56,63,123,57,79	697	1	2,2
midgard_s74_A	midgard	74	A	US	Core destroyed	301	flagoff	8	6	59	85	-1	-1	248	242	0.9758	2.419	6	0	78,85,74,70,59,67	301	0	26,26
midgard_s74_B	midgard	74	B	US	Titanium collected (tiebreak)	1000	flagoff	8	6	54	73	-1	-1	954	952	0.9979	0.629	6	0	57,54,60,58,73,54	1000	1	2,2
midgard_s75_A	midgard	75	A	OPP	Core destroyed	732	flagoff	8	7	50	103	-1	-1	689	581	0.8433	1.016	6	1	50,88,54,103,60,59,63	732	0	26,26
midgard_s75_B	midgard	75	B	US	Titanium collected (tiebreak)	1000	flagoff	8	6	54	74	-1	-1	953	952	0.999	0.63	5	1	68,65,65,74,61,54	1000	1	2,2
nordkap_s73_A	nordkap	73	A	OPP	Core destroyed	288	flagoff	8	2	8	68	-1	-1	104	64	0.6154	1.923	2	0	68,8	288	0	9,18
nordkap_s73_B	nordkap	73	B	US	Core destroyed	156	flagoff	8	8	5	64	66	64	154	140	0.9091	5.195	7	1	22,24,10,24,5,59,6,64	156	1	9,6
nordkap_s74_A	nordkap	74	A	OPP	Core destroyed	402	flagoff	8	8	4	55	55	55	201	145	0.7214	3.98	6	2	25,25,24,22,55,20,5,4	402	0	9,18
nordkap_s74_B	nordkap	74	B	US	Core destroyed	160	flagoff	8	8	5	64	66	64	158	141	0.8924	5.063	7	1	16,18,10,21,5,53,6,64	160	1	9,6
nordkap_s75_A	nordkap	75	A	OPP	Core destroyed	346	flagoff	8	7	4	25	-1	-1	248	160	0.6452	2.823	6	1	23,25,20,22,20,5,4	346	0	9,18
nordkap_s75_B	nordkap	75	B	US	Core destroyed	354	flagoff	8	8	5	52	52	52	352	335	0.9517	2.273	8	0	16,18,10,21,5,39,6,52	354	1	9,6
yulerune_s73_A	yulerune	73	A	US	Titanium collected (tiebreak)	1000	flagoff	8	7	38	80	-1	-1	974	965	0.9908	0.719	6	1	38,80,44,59,48,55,52	1000	0	16,9
yulerune_s73_B	yulerune	73	B	OPP	Core destroyed	194	flagoff	8	7	38	92	-1	-1	169	161	0.9527	4.142	6	1	51,51,46,48,92,44,38	194	1	2,9
yulerune_s74_A	yulerune	74	A	OPP	Core destroyed	357	flagoff	8	5	39	50	-1	-1	332	320	0.9639	1.506	5	0	39,45,45,50,50	357	0	16,9
yulerune_s74_B	yulerune	74	B	US	Core destroyed	873	flagoff	8	7	31	65	-1	-1	848	847	0.9988	0.825	6	1	41,36,31,33,65,31,33	873	1	2,9
yulerune_s75_A	yulerune	75	A	US	Core destroyed	137	flagoff	8	6	30	47	-1	-1	115	103	0.8957	5.217	5	1	30,38,42,42,44,47	137	0	16,9
yulerune_s75_B	yulerune	75	B	OPP	Core destroyed	315	flagoff	8	6	39	94	-1	-1	109	100	0.9174	5.505	5	1	57,53,94,50,43,39	315	1	2,9
atoll_s76_A	atoll	76	A	US	Core destroyed	380	flagoff	8	7	8	229	-1	-1	237	35	0.1477	2.954	7	0	10,8,229,38,46,52,48	380	0	14,2
atoll_s76_B	atoll	76	B	OPP	Core destroyed	288	flagoff	8	6	7	86	-1	-1	155	79	0.5097	3.871	5	1	86,61,28,7,10,20	288	1	2,14
atoll_s77_A	atoll	77	A	US	Core destroyed	214	flagoff	8	5	9	40	-1	-1	210	27	0.1286	2.381	5	0	13,9,29,40,39	214	0	14,2
atoll_s77_B	atoll	77	B	OPP	Core destroyed	146	flagoff	8	4	7	22	-1	-1	39	10	0.2564	10.256	3	1	22,7,8,9	146	1	2,14
atoll_s78_A	atoll	78	A	OPP	Core destroyed	231	flagoff	8	2	7	10	-1	-1	44	7	0.1591	4.545	1	1	10,7	231	0	14,2
atoll_s78_B	atoll	78	B	OPP	Core destroyed	546	flagoff	8	3	7	36	-1	-1	93	20	0.2151	3.226	3	0	17,7,36	546	1	2,14
drakkarfjord_s76_A	drakkarfjord	76	A	OPP	Core destroyed	346	flagoff	8	8	10	38	-1	38	196	130	0.6633	4.082	6	2	10,11,38,21,34,22,31,27	346	0	26,4
drakkarfjord_s76_B	drakkarfjord	76	B	US	Core destroyed	145	flagoff	8	8	10	46	46	46	92	0	0.0	8.696	7	1	40,36,46,33,21,14,11,10	145	1	2,24
drakkarfjord_s77_A	drakkarfjord	77	A	US	Core destroyed	445	flagoff	8	8	10	37	42	37	437	48	0.1098	1.831	7	1	10,11,37,18,33,22,30,26	445	0	26,4
drakkarfjord_s77_B	drakkarfjord	77	B	US	Core destroyed	129	flagoff	8	8	10	46	46	46	121	0	0.0	6.612	7	1	40,36,46,33,21,14,11,10	129	1	2,24
drakkarfjord_s78_A	drakkarfjord	78	A	OPP	Titanium collected (tiebreak)	1000	flagoff	8	8	10	73	82	73	283	55	0.1943	2.827	7	1	10,11,30,73,32,44,35,41	1000	0	26,4
drakkarfjord_s78_B	drakkarfjord	78	B	US	Core destroyed	145	flagoff	8	8	10	46	46	46	92	0	0.0	8.696	7	1	40,36,46,33,21,14,11,10	145	1	2,24
glacierkeep_s76_A	glacierkeep	76	A	US	Core destroyed	140	flagoff	8	8	9	47	47	47	134	46	0.3433	5.97	8	0	42,44,27,47,17,10,14,9	140	0	14,26
glacierkeep_s76_B	glacierkeep	76	B	OPP	Titanium collected (tiebreak)	1000	flagoff	8	8	9	41	46	41	171	93	0.5439	4.678	8	0	33,29,41,26,9,22,10,19	1000	1	14,2
glacierkeep_s77_A	glacierkeep	77	A	US	Core destroyed	413	flagoff	8	8	9	59	59	59	407	73	0.1794	1.966	8	0	59,55,28,52,17,10,14,9	413	0	14,26
glacierkeep_s77_B	glacierkeep	77	B	US	Core destroyed	269	flagoff	8	8	9	41	46	41	263	174	0.6616	3.042	8	0	33,29,41,26,9,22,10,19	269	1	14,2
glacierkeep_s78_A	glacierkeep	78	A	OPP	Core destroyed	405	flagoff	8	8	9	55	55	55	118	77	0.6525	6.78	8	0	55,51,28,48,17,10,14,9	405	0	14,26
glacierkeep_s78_B	glacierkeep	78	B	US	Core destroyed	177	flagoff	8	8	9	36	56	36	171	143	0.8363	4.678	8	0	36,32,14,29,9,25,10,22	177	1	14,2
midgard_s76_A	midgard	76	A	OPP	Core destroyed	197	flagoff	8	6	54	129	-1	-1	151	120	0.7947	3.974	5	1	54,58,129,64,88,68	197	0	26,26
midgard_s76_B	midgard	76	B	OPP	Core destroyed	204	flagoff	8	5	55	83	-1	-1	159	154	0.9686	3.145	4	1	60,56,63,55,83	204	1	2,2
midgard_s77_A	midgard	77	A	US	Core destroyed	160	flagoff	8	6	54	83	-1	-1	114	107	0.9386	5.263	6	0	54,83,58,62,69,65	160	0	26,26
midgard_s77_B	midgard	77	B	US	Core destroyed	253	flagoff	8	5	53	88	-1	-1	207	48	0.2319	2.415	5	0	84,88,63,57,53	253	1	2,2
midgard_s78_A	midgard	78	A	OPP	Core destroyed	226	flagoff	8	5	53	73	-1	-1	68	40	0.5882	7.353	5	0	53,57,65,73,68	226	0	26,26
midgard_s78_B	midgard	78	B	US	Titanium collected (tiebreak)	1000	flagoff	8	6	56	288	-1	-1	811	461	0.5684	0.74	6	0	63,67,60,56,96,288	1000	1	2,2
nordkap_s76_A	nordkap	76	A	OPP	Core destroyed	346	flagoff	8	7	4	56	-1	-1	344	334	0.9709	2.035	5	2	17,13,23,8,7,56,4	346	0	9,18
nordkap_s76_B	nordkap	76	B	US	Core destroyed	173	flagoff	8	8	5	57	57	57	171	155	0.9064	4.678	6	2	20,22,10,57,5,42,6,25	173	1	9,6
nordkap_s77_A	nordkap	77	A	US	Core destroyed	169	flagoff	8	8	4	80	80	80	167	157	0.9401	4.79	5	3	31,35,27,39,16,4,80,9	169	0	9,18
nordkap_s77_B	nordkap	77	B	US	Core destroyed	649	flagoff	8	5	5	558	-1	-1	647	268	0.4142	0.773	5	0	20,22,558,5,6	649	1	9,6
nordkap_s78_A	nordkap	78	A	US	Core destroyed	511	flagoff	8	7	5	64	-1	-1	509	270	0.5305	1.375	7	0	64,61,16,52,6,10,5	511	0	9,18
nordkap_s78_B	nordkap	78	B	US	Core destroyed	148	flagoff	8	7	4	39	-1	-1	146	126	0.863	4.795	6	1	13,15,5,18,4,39,27	148	1	9,6
yulerune_s76_A	yulerune	76	A	US	Core destroyed	126	flagoff	8	6	31	45	-1	-1	102	100	0.9804	5.882	6	0	31,32,34,45,41,44	126	0	16,9
yulerune_s76_B	yulerune	76	B	OPP	Core destroyed	240	flagoff	8	5	39	59	-1	-1	74	62	0.8378	6.757	5	0	59,55,52,44,39	240	1	2,9
yulerune_s77_A	yulerune	77	A	OPP	Core destroyed	169	flagoff	8	5	38	57	-1	-1	144	136	0.9444	3.472	5	0	38,44,57,54,50	169	0	16,9
yulerune_s77_B	yulerune	77	B	US	Core destroyed	479	flagoff	8	6	36	58	-1	-1	442	374	0.8462	1.357	6	0	43,46,47,58,36,39	479	1	2,9
yulerune_s78_A	yulerune	78	A	OPP	Core destroyed	156	flagoff	8	7	34	86	-1	-1	131	119	0.9084	5.344	6	1	34,86,44,46,48,52,51	156	0	16,9
yulerune_s78_B	yulerune	78	B	OPP	Core destroyed	229	flagoff	8	6	32	73	-1	-1	204	196	0.9608	2.941	6	0	42,46,73,49,40,32	229	1	2,9
atoll_s79_A	atoll	79	A	OPP	Core destroyed	419	flagoff	8	6	7	63	-1	-1	101	4	0.0396	5.941	6	0	44,63,7,9,16,12	419	0	14,2
atoll_s79_B	atoll	79	B	OPP	Core destroyed	219	flagoff	8	7	8	177	-1	-1	141	53	0.3759	4.965	5	2	20,35,15,31,8,172,177	219	1	2,14
atoll_s80_A	atoll	80	A	OPP	Core destroyed	550	flagoff	8	2	7	8	-1	-1	38	3	0.0789	5.263	1	1	7,8	550	0	14,2
atoll_s80_B	atoll	80	B	US	Core destroyed	354	flagoff	8	6	8	290	-1	-1	225	23	0.1022	2.667	5	1	251,290,242,126,8,49	354	1	2,14
atoll_s81_A	atoll	81	A	OPP	Core destroyed	549	flagoff	8	6	7	63	-1	-1	170	17	0.1	3.529	6	0	43,63,7,9,16,12	549	0	14,2
atoll_s81_B	atoll	81	B	OPP	Core destroyed	299	flagoff	8	6	10	63	-1	-1	134	26	0.194	4.478	4	2	27,15,63,14,10,11	299	1	2,14
drakkarfjord_s79_A	drakkarfjord	79	A	US	Titanium collected (tiebreak)	1000	flagoff	8	7	10	43	-1	-1	162	0	0.0	4.321	6	1	10,11,31,33,43,36,40	1000	0	26,4
drakkarfjord_s79_B	drakkarfjord	79	B	US	Core destroyed	908	flagoff	8	5	10	79	-1	-1	277	17	0.0614	1.805	4	1	52,79,14,11,10	908	1	2,24
drakkarfjord_s80_A	drakkarfjord	80	A	OPP	Titanium collected (tiebreak)	1000	flagoff	8	8	10	65	-1	65	80	0	0.0	10.0	6	2	10,11,25,65,27,37,30,34	1000	0	26,4
drakkarfjord_s80_B	drakkarfjord	80	B	US	Core destroyed	142	flagoff	8	8	10	48	48	48	134	0	0.0	5.97	7	1	40,36,48,33,21,14,11,10	142	1	2,24
drakkarfjord_s81_A	drakkarfjord	81	A	OPP	Core destroyed	616	flagoff	8	8	10	38	-1	38	139	2	0.0144	5.755	6	2	10,11,38,21,34,22,31,27	616	0	26,4
drakkarfjord_s81_B	drakkarfjord	81	B	US	Core destroyed	173	flagoff	8	8	10	46	46	46	165	0	0.0	4.848	7	1	40,36,46,33,21,14,11,10	173	1	2,24
glacierkeep_s79_A	glacierkeep	79	A	US	Core destroyed	169	flagoff	8	8	9	45	45	45	163	138	0.8466	4.908	7	1	40,42,23,45,19,10,14,9	169	0	14,26
glacierkeep_s79_B	glacierkeep	79	B	US	Core destroyed	193	flagoff	8	8	9	36	54	36	187	156	0.8342	4.278	8	0	36,32,14,29,9,25,10,22	193	1	14,2
glacierkeep_s80_A	glacierkeep	80	A	US	Core destroyed	363	flagoff	8	8	10	74	74	74	163	66	0.4049	4.908	8	0	56,60,55,63,74,11,15,10	363	0	14,26
glacierkeep_s80_B	glacierkeep	80	B	OPP	Core destroyed	817	flagoff	8	8	9	54	54	54	411	50	0.1217	1.946	8	0	33,29,54,26,10,22,9,19	817	1	14,2
glacierkeep_s81_A	glacierkeep	81	A	OPP	Core destroyed	405	flagoff	8	8	9	55	55	55	118	77	0.6525	6.78	8	0	55,51,28,48,17,10,14,9	405	0	14,26
glacierkeep_s81_B	glacierkeep	81	B	US	Core destroyed	280	flagoff	8	8	10	37	37	37	230	0	0.0	3.478	8	0	37,33,15,30,10,26,11,23	280	1	14,2
midgard_s79_A	midgard	79	A	US	Core destroyed	277	flagoff	8	6	55	110	-1	-1	229	100	0.4367	2.62	6	0	55,59,110,65,72,68	277	0	26,26
midgard_s79_B	midgard	79	B	US	Core destroyed	213	flagoff	8	5	57	66	-1	-1	167	164	0.982	2.994	5	0	66,60,63,57,66	213	1	2,2
midgard_s80_A	midgard	80	A	OPP	Core destroyed	247	flagoff	8	6	54	122	-1	-1	86	47	0.5465	6.977	5	1	54,58,122,68,75,71	247	0	26,26
midgard_s80_B	midgard	80	B	OPP	Core destroyed	380	flagoff	8	6	58	100	-1	-1	133	112	0.8421	4.511	5	1	65,64,62,58,80,100	380	1	2,2
midgard_s81_A	midgard	81	A	US	Core destroyed	285	flagoff	8	7	53	104	-1	-1	240	235	0.9792	2.917	5	2	53,90,63,104,65,75,68	285	0	26,26
midgard_s81_B	midgard	81	B	US	Core destroyed	169	flagoff	8	7	53	98	-1	-1	124	118	0.9516	5.645	5	2	72,77,69,98,57,90,53	169	1	2,2
nordkap_s79_A	nordkap	79	A	US	Core destroyed	174	flagoff	8	8	5	49	71	49	171	127	0.7427	4.678	8	0	21,23,14,26,49,6,10,5	174	0	9,18
nordkap_s79_B	nordkap	79	B	US	Core destroyed	213	flagoff	8	8	5	70	70	70	211	197	0.9336	3.791	5	3	18,19,12,51,5,70,8,36	213	1	9,6
nordkap_s80_A	nordkap	80	A	OPP	Core destroyed	718	flagoff	8	8	5	112	-1	112	695	356	0.5122	1.151	6	2	20,19,20,11,83,5,112,6	718	0	9,18
nordkap_s80_B	nordkap	80	B	OPP	Core destroyed	210	flagoff	8	7	5	32	-1	-1	208	129	0.6202	3.365	7	0	32,28,32,5,24,6,16	210	1	9,6
nordkap_s81_A	nordkap	81	A	OPP	Core destroyed	248	flagoff	8	6	5	66	-1	-1	110	86	0.7818	5.455	5	1	22,18,66,5,15,6	248	0	9,18
nordkap_s81_B	nordkap	81	B	OPP	Titanium collected (tiebreak)	1000	flagoff	8	7	5	81	-1	-1	998	318	0.3186	0.701	7	0	20,24,70,5,54,6,81	1000	1	9,6
yulerune_s79_A	yulerune	79	A	OPP	Core destroyed	249	flagoff	8	5	32	64	-1	-1	224	217	0.9688	2.232	5	0	32,38,64,61,55	249	0	16,9
yulerune_s79_B	yulerune	79	B	OPP	Core destroyed	197	flagoff	8	6	38	61	-1	-1	54	39	0.7222	11.111	6	0	48,48,45,61,38,40	197	1	2,9
yulerune_s80_A	yulerune	80	A	OPP	Core destroyed	469	flagoff	8	6	33	44	-1	-1	441	42	0.0952	1.361	6	0	44,33,40,35,43,38	469	0	16,9
yulerune_s80_B	yulerune	80	B	US	Core destroyed	285	flagoff	8	6	38	50	-1	-1	218	69	0.3165	2.752	6	0	45,50,42,48,42,38	285	1	2,9
yulerune_s81_A	yulerune	81	A	OPP	Core destroyed	264	flagoff	8	5	34	46	-1	-1	124	54	0.4355	4.032	5	0	34,46,38,41,45	264	0	16,9
yulerune_s81_B	yulerune	81	B	OPP	Core destroyed	445	flagoff	8	6	32	49	-1	-1	420	154	0.3667	1.429	5	1	47,43,49,40,36,32	445	1	2,9
atoll_s82_A	atoll	82	A	OPP	Core destroyed	197	flagoff	8	1	21	21	-1	-1	158	49	0.3101	0.633	1	0	21	197	0	14,2
atoll_s82_B	atoll	82	B	US	Core destroyed	208	flagoff	8	6	7	40	-1	-1	204	85	0.4167	2.941	5	1	36,40,33,7,8,21	208	1	2,14
atoll_s83_A	atoll	83	A	OPP	Core destroyed	450	flagoff	8	2	7	10	-1	-1	88	9	0.1023	2.273	1	1	10,7	450	0	14,2
atoll_s83_B	atoll	83	B	OPP	Core destroyed	192	flagoff	8	7	7	46	-1	-1	82	29	0.3537	8.537	7	0	26,46,20,30,7,8,41	192	1	2,14
atoll_s84_A	atoll	84	A	US	Titanium collected (tiebreak)	1000	flagoff	8	4	8	174	-1	-1	165	26	0.1576	2.424	2	2	12,8,104,174	1000	0	14,2
atoll_s84_B	atoll	84	B	OPP	Core destroyed	219	flagoff	8	5	8	35	-1	-1	122	53	0.4344	4.098	5	0	20,35,15,31,8	219	1	2,14
drakkarfjord_s82_A	drakkarfjord	82	A	OPP	Core destroyed	695	flagoff	8	6	10	42	-1	-1	203	30	0.1478	2.956	5	1	10,11,29,31,34,42	695	0	26,4
drakkarfjord_s82_B	drakkarfjord	82	B	US	Core destroyed	148	flagoff	8	8	10	35	-1	35	140	78	0.5571	5.714	6	2	35,31,10,25,11,24,17,21	148	1	2,24
drakkarfjord_s83_A	drakkarfjord	83	A	OPP	Core destroyed	546	flagoff	8	7	10	99	-1	-1	147	50	0.3401	4.762	5	2	10,11,29,31,99,34,42	546	0	26,4
drakkarfjord_s83_B	drakkarfjord	83	B	US	Core destroyed	123	flagoff	8	8	10	48	48	48	115	0	0.0	6.957	7	1	40,36,48,33,21,14,11,10	123	1	2,24
drakkarfjord_s84_A	drakkarfjord	84	A	US	Core destroyed	208	flagoff	8	8	10	61	80	61	200	0	0.0	4.0	7	1	10,11,25,61,27,37,30,34	208	0	26,4
drakkarfjord_s84_B	drakkarfjord	84	B	US	Core destroyed	123	flagoff	8	8	10	48	48	48	115	0	0.0	6.957	7	1	40,36,48,33,21,14,11,10	123	1	2,24
glacierkeep_s82_A	glacierkeep	82	A	US	Core destroyed	185	flagoff	8	8	9	44	44	44	179	155	0.8659	4.469	8	0	39,41,29,44,17,10,14,9	185	0	14,26
glacierkeep_s82_B	glacierkeep	82	B	US	Core destroyed	301	flagoff	8	8	9	36	44	36	295	63	0.2136	2.712	8	0	36,32,14,29,9,25,10,22	301	1	14,2
glacierkeep_s83_A	glacierkeep	83	A	US	Core destroyed	205	flagoff	8	8	9	62	62	62	199	173	0.8693	4.02	8	0	62,55,21,52,17,10,14,9	205	0	14,26
glacierkeep_s83_B	glacierkeep	83	B	OPP	Titanium collected (tiebreak)	1000	flagoff	8	8	9	36	44	36	249	88	0.3534	3.213	8	0	36,32,14,29,9,25,10,22	1000	1	14,2
glacierkeep_s84_A	glacierkeep	84	A	US	Core destroyed	217	flagoff	8	8	9	62	62	62	211	79	0.3744	3.791	7	1	62,57,21,54,17,10,14,9	217	0	14,26
glacierkeep_s84_B	glacierkeep	84	B	US	Titanium collected (tiebreak)	1000	flagoff	8	8	8	29	39	29	994	121	0.1217	0.805	6	2	29,25,9,22,8,18,11,12	1000	1	14,2
midgard_s82_A	midgard	82	A	US	Core destroyed	465	flagoff	8	7	60	148	-1	-1	414	406	0.9807	1.691	5	2	95,148,60,128,64,71,67	465	0	26,26
midgard_s82_B	midgard	82	B	OPP	Core destroyed	204	flagoff	8	5	55	83	-1	-1	159	154	0.9686	3.145	4	1	60,56,63,55,83	204	1	2,2
midgard_s83_A	midgard	83	A	US	Core destroyed	605	flagoff	8	6	51	73	-1	-1	561	558	0.9947	1.07	6	0	51,55,73,61,57,61	605	0	26,26
midgard_s83_B	midgard	83	B	US	Core destroyed	174	flagoff	8	8	57	137	137	137	127	126	0.9921	6.299	4	4	65,57,64,137,59,132,88,82	174	1	2,2
midgard_s84_A	midgard	84	A	OPP	Core destroyed	167	flagoff	8	7	52	132	-1	-1	122	119	0.9754	5.738	5	2	52,94,63,132,65,75,68	167	0	26,26
midgard_s84_B	midgard	84	B	US	Core destroyed	164	flagoff	8	6	55	92	-1	-1	116	114	0.9828	5.172	5	1	68,62,65,92,59,55	164	1	2,2
nordkap_s82_A	nordkap	82	A	US	Core destroyed	482	flagoff	8	8	4	42	42	42	398	197	0.495	2.01	6	2	23,25,42,5,14,4,8,7	482	0	9,18
nordkap_s82_B	nordkap	82	B	US	Core destroyed	125	flagoff	8	8	5	30	39	30	123	110	0.8943	6.504	8	0	16,18,10,21,5,25,6,30	125	1	9,6
nordkap_s83_A	nordkap	83	A	US	Core destroyed	369	flagoff	8	7	4	216	-1	-1	203	113	0.5567	3.448	5	2	216,212,23,5,4,8,7	369	0	9,18
nordkap_s83_B	nordkap	83	B	US	Titanium collected (tiebreak)	1000	flagoff	8	8	5	40	40	40	998	983	0.985	0.802	7	1	20,22,10,34,5,40,6,23	1000	1	9,6
nordkap_s84_A	nordkap	84	A	OPP	Core destroyed	513	flagoff	8	8	5	60	-1	60	511	244	0.4775	1.566	8	0	27,29,16,34,60,6,10,5	513	0	9,18
nordkap_s84_B	nordkap	84	B	US	Core destroyed	121	flagoff	8	8	5	110	110	110	119	101	0.8487	6.723	7	1	19,21,110,38,5,41,6,40	121	1	9,6
yulerune_s82_A	yulerune	82	A	OPP	Core destroyed	193	flagoff	8	5	31	42	-1	-1	168	161	0.9583	2.976	5	0	38,42,31,34,42	193	0	16,9
yulerune_s82_B	yulerune	82	B	OPP	Core destroyed	629	flagoff	8	6	33	72	-1	-1	602	595	0.9884	0.997	6	0	33,54,51,72,45,37	629	1	2,9
yulerune_s83_A	yulerune	83	A	OPP	Core destroyed	156	flagoff	8	7	34	86	-1	-1	131	119	0.9084	5.344	6	1	34,86,44,46,48,52,51	156	0	16,9
yulerune_s83_B	yulerune	83	B	OPP	Core destroyed	188	flagoff	8	7	35	92	-1	-1	163	158	0.9693	4.294	6	1	45,47,40,44,92,35,38	188	1	2,9
yulerune_s84_A	yulerune	84	A	OPP	Core destroyed	377	flagoff	8	7	34	67	-1	-1	350	346	0.9886	2.0	6	1	34,67,44,48,45,53,48	377	0	16,9
yulerune_s84_B	yulerune	84	B	OPP	Core destroyed	248	flagoff	8	6	40	80	-1	-1	101	45	0.4455	5.941	5	1	47,51,54,80,48,40	248	1	2,9
atoll_s85_A	atoll	85	A	OPP	Core destroyed	190	flagoff	8	3	7	36	-1	-1	25	0	0.0	12.0	3	0	7,8,36	190	0	14,2
atoll_s85_B	atoll	85	B	OPP	Core destroyed	192	flagoff	8	7	7	46	-1	-1	82	29	0.3537	8.537	7	0	26,46,20,30,7,8,41	192	1	2,14
atoll_s86_A	atoll	86	A	OPP	Core destroyed	466	flagoff	8	3	7	215	-1	-1	75	5	0.0667	4.0	1	2	10,7,215	466	0	14,2
atoll_s86_B	atoll	86	B	OPP	Core destroyed	774	flagoff	8	6	10	283	-1	-1	407	195	0.4791	1.474	5	1	25,40,12,37,10,283	774	1	2,14
atoll_s87_A	atoll	87	A	OPP	Core destroyed	406	flagoff	8	4	7	16	-1	-1	125	4	0.032	3.2	4	0	7,9,16,12	406	0	14,2
atoll_s87_B	atoll	87	B	OPP	Core destroyed	353	flagoff	8	5	7	347	-1	-1	71	20	0.2817	7.042	4	1	347,26,7,8,9	353	1	2,14
drakkarfjord_s85_A	drakkarfjord	85	A	OPP	Core destroyed	747	flagoff	8	3	10	251	-1	-1	121	0	0.0	2.479	2	1	10,11,251	747	0	26,4
drakkarfjord_s85_B	drakkarfjord	85	B	US	Core destroyed	198	flagoff	8	8	10	34	-1	34	144	0	0.0	5.556	6	2	34,30,10,25,11,24,17,21	198	1	2,24
drakkarfjord_s86_A	drakkarfjord	86	A	OPP	Core destroyed	752	flagoff	8	7	10	43	-1	-1	79	0	0.0	8.861	6	1	10,11,31,33,43,36,40	752	0	26,4
drakkarfjord_s86_B	drakkarfjord	86	B	US	Core destroyed	143	flagoff	8	8	10	46	46	46	135	0	0.0	5.926	7	1	40,36,46,33,21,14,11,10	143	1	2,24
drakkarfjord_s87_A	drakkarfjord	87	A	US	Core destroyed	221	flagoff	8	8	10	103	115	103	212	13	0.0613	3.774	7	1	10,11,29,103,31,57,34,42	221	0	26,4
drakkarfjord_s87_B	drakkarfjord	87	B	US	Core destroyed	325	flagoff	8	8	10	46	107	46	239	108	0.4519	3.347	6	2	46,42,10,36,11,35,17,21	325	1	2,24
glacierkeep_s85_A	glacierkeep	85	A	US	Titanium collected (tiebreak)	1000	flagoff	8	8	9	56	67	56	160	0	0.0	5.0	6	2	43,53,18,56,17,10,14,9	1000	0	14,26
glacierkeep_s85_B	glacierkeep	85	B	US	Core destroyed	933	flagoff	8	8	9	36	44	36	202	158	0.7822	3.96	8	0	36,32,14,29,9,25,10,22	933	1	14,2
glacierkeep_s86_A	glacierkeep	86	A	US	Titanium collected (tiebreak)	1000	flagoff	8	8	9	56	56	56	443	130	0.2935	1.806	8	0	51,53,21,56,17,10,14,9	1000	0	14,26
glacierkeep_s86_B	glacierkeep	86	B	US	Core destroyed	276	flagoff	8	8	9	36	49	36	250	131	0.524	3.2	8	0	36,32,14,29,9,25,10,22	276	1	14,2
glacierkeep_s87_A	glacierkeep	87	A	US	Core destroyed	213	flagoff	8	8	9	40	40	40	207	174	0.8406	3.865	8	0	35,37,21,40,17,10,14,9	213	0	14,26
glacierkeep_s87_B	glacierkeep	87	B	US	Core destroyed	209	flagoff	8	8	8	35	51	35	203	175	0.8621	3.941	6	2	35,31,9,28,8,26,11,12	209	1	14,2
midgard_s85_A	midgard	85	A	US	Core destroyed	577	flagoff	8	6	52	87	-1	-1	532	200	0.3759	1.128	6	0	52,87,63,65,73,68	577	0	26,26
midgard_s85_B	midgard	85	B	OPP	Core destroyed	644	flagoff	8	4	54	65	-1	-1	596	596	1.0	0.671	4	0	65,62,58,54	644	1	2,2
midgard_s86_A	midgard	86	A	OPP	Core destroyed	272	flagoff	8	5	54	71	-1	-1	69	41	0.5942	7.246	5	0	54,58,64,71,67	272	0	26,26
midgard_s86_B	midgard	86	B	US	Core destroyed	401	flagoff	8	7	55	133	-1	-1	356	352	0.9888	1.966	6	1	62,66,59,55,84,133,80	401	1	2,2
midgard_s87_A	midgard	87	A	OPP	Core destroyed	243	flagoff	8	5	54	62	-1	-1	76	44	0.5789	6.579	4	1	54,58,62,55,62	243	0	26,26
midgard_s87_B	midgard	87	B	OPP	Core destroyed	339	flagoff	8	6	55	91	-1	-1	133	30	0.2256	4.511	6	0	69,63,68,91,59,55	339	1	2,2
nordkap_s85_A	nordkap	85	A	OPP	Core destroyed	511	flagoff	8	7	5	36	-1	-1	408	45	0.1103	1.716	7	0	26,33,23,36,17,6,5	511	0	9,18
nordkap_s85_B	nordkap	85	B	OPP	Core destroyed	197	flagoff	8	6	5	47	-1	-1	159	136	0.8553	3.774	5	1	16,18,10,47,5,6	197	1	9,6
nordkap_s86_A	nordkap	86	A	OPP	Core destroyed	148	flagoff	8	4	5	15	-1	-1	70	24	0.3429	5.714	4	0	15,6,10,5	148	0	9,18
nordkap_s86_B	nordkap	86	B	OPP	Core destroyed	477	flagoff	8	8	9	44	44	44	475	390	0.8211	1.684	8	0	17,20,11,24,9,37,44,40	477	1	9,6
nordkap_s87_A	nordkap	87	A	OPP	Core destroyed	314	flagoff	8	8	5	181	-1	181	148	52	0.3514	5.405	8	0	27,29,16,34,181,6,10,5	314	0	9,18
nordkap_s87_B	nordkap	87	B	US	Core destroyed	185	flagoff	8	7	5	56	-1	-1	183	169	0.9235	3.825	7	0	18,20,12,56,5,8,28	185	1	9,6
yulerune_s85_A	yulerune	85	A	US	Core destroyed	337	flagoff	8	7	36	101	-1	-1	312	306	0.9808	2.244	6	1	36,101,51,40,56,48,54	337	0	16,9
yulerune_s85_B	yulerune	85	B	OPP	Core destroyed	361	flagoff	8	6	32	48	-1	-1	158	89	0.5633	3.797	6	0	45,40,48,37,35,32	361	1	2,9
yulerune_s86_A	yulerune	86	A	US	Core destroyed	280	flagoff	8	6	32	48	-1	-1	255	250	0.9804	2.353	6	0	32,35,48,37,45,40	280	0	16,9
yulerune_s86_B	yulerune	86	B	OPP	Core destroyed	309	flagoff	8	6	36	88	-1	-1	152	64	0.4211	3.947	6	0	43,47,48,88,36,39	309	1	2,9
yulerune_s87_A	yulerune	87	A	OPP	Core destroyed	533	flagoff	8	5	39	52	-1	-1	508	114	0.2244	0.984	5	0	52,48,40,39,44	533	0	16,9
yulerune_s87_B	yulerune	87	B	OPP	Core destroyed	233	flagoff	8	7	32	124	-1	-1	207	202	0.9758	3.382	6	1	36,53,65,50,124,42,32	233	1	2,9
atoll_s7_A	atoll	7	A	OPP	Core destroyed	502	flagoff	8	6	7	317	-1	-1	241	40	0.166	2.49	6	0	16,7,11,312,317,313	502	0	14,2
atoll_s7_B	atoll	7	B	OPP	Core destroyed	214	flagoff	8	6	7	46	-1	-1	168	44	0.2619	3.571	6	0	43,11,46,7,30,38	214	1	2,14
atoll_s8_A	atoll	8	A	OPP	Core destroyed	313	flagoff	8	6	10	78	-1	-1	309	270	0.8738	1.942	6	0	15,10,78,54,65,57	313	0	14,2
atoll_s8_B	atoll	8	B	US	Core destroyed	196	flagoff	8	7	8	65	-1	-1	192	151	0.7865	3.646	7	0	23,41,15,35,8,9,65	196	1	2,14
atoll_s9_A	atoll	9	A	US	Core destroyed	499	flagoff	8	7	8	63	-1	-1	211	16	0.0758	3.318	7	0	10,8,63,40,42,49,45	499	0	14,2
atoll_s9_B	atoll	9	B	OPP	Core destroyed	268	flagoff	8	3	8	16	-1	-1	90	11	0.1222	3.333	3	0	10,8,16	268	1	2,14
drakkarfjord_s7_A	drakkarfjord	7	A	OPP	Titanium collected (tiebreak)	1000	flagoff	8	7	10	43	-1	-1	74	2	0.027	9.459	6	1	10,11,31,33,43,36,40	1000	0	26,4
drakkarfjord_s7_B	drakkarfjord	7	B	US	Core destroyed	171	flagoff	8	8	10	46	46	46	163	0	0.0	4.908	7	1	40,36,46,33,21,14,11,10	171	1	2,24
drakkarfjord_s8_A	drakkarfjord	8	A	US	Core destroyed	445	flagoff	8	8	10	37	42	37	437	48	0.1098	1.831	7	1	10,11,37,18,33,22,30,26	445	0	26,4
drakkarfjord_s8_B	drakkarfjord	8	B	OPP	Core destroyed	281	flagoff	8	3	10	14	-1	-1	44	0	0.0	6.818	2	1	14,11,10	281	1	2,24
drakkarfjord_s9_A	drakkarfjord	9	A	US	Core destroyed	152	flagoff	8	8	10	37	42	37	144	0	0.0	5.556	7	1	10,11,37,18,33,22,30,26	152	0	26,4
drakkarfjord_s9_B	drakkarfjord	9	B	US	Core destroyed	409	flagoff	8	8	10	100	100	100	217	0	0.0	3.687	6	2	35,37,100,40,19,13,17,10	409	1	2,24
glacierkeep_s7_A	glacierkeep	7	A	OPP	Core destroyed	540	flagoff	8	8	9	56	56	56	122	67	0.5492	6.557	8	0	56,52,28,49,17,10,14,9	540	0	14,26
glacierkeep_s7_B	glacierkeep	7	B	US	Core destroyed	237	flagoff	8	8	9	36	49	36	231	195	0.8442	3.463	8	0	36,32,14,29,9,25,10,22	237	1	14,2
glacierkeep_s8_A	glacierkeep	8	A	US	Core destroyed	301	flagoff	8	8	9	41	41	41	295	73	0.2475	2.712	8	0	36,38,21,41,17,10,14,9	301	0	14,26
glacierkeep_s8_B	glacierkeep	8	B	OPP	Core destroyed	449	flagoff	8	8	9	36	44	36	134	68	0.5075	5.97	8	0	36,32,14,29,9,25,10,22	449	1	14,2
glacierkeep_s9_A	glacierkeep	9	A	US	Core destroyed	281	flagoff	8	8	10	50	50	50	275	66	0.24	2.909	8	0	45,47,30,50,18,11,15,10	281	0	14,26
glacierkeep_s9_B	glacierkeep	9	B	OPP	Titanium collected (tiebreak)	1000	flagoff	8	8	9	36	44	36	253	88	0.3478	3.162	8	0	36,32,14,29,9,25,10,22	1000	1	14,2
midgard_s7_A	midgard	7	A	OPP	Core destroyed	337	flagoff	8	7	61	136	-1	-1	286	282	0.986	2.448	5	2	100,136,61,132,65,72,68	337	0	26,26
midgard_s7_B	midgard	7	B	US	Core destroyed	184	flagoff	8	7	55	102	-1	-1	139	135	0.9712	5.036	6	1	61,55,59,102,55,86,65	184	1	2,2
midgard_s8_A	midgard	8	A	US	Core destroyed	465	flagoff	8	7	60	148	-1	-1	414	406	0.9807	1.691	5	2	95,148,60,128,64,71,67	465	0	26,26
midgard_s8_B	midgard	8	B	US	Core destroyed	161	flagoff	8	7	55	100	-1	-1	116	112	0.9655	6.034	6	1	62,66,59,55,80,100,83	161	1	2,2
midgard_s9_A	midgard	9	A	US	Titanium collected (tiebreak)	1000	flagoff	8	7	50	83	-1	-1	958	948	0.9896	0.731	5	2	50,78,56,83,58,63,61	1000	0	26,26
midgard_s9_B	midgard	9	B	US	Core destroyed	190	flagoff	8	6	55	82	-1	-1	145	141	0.9724	4.138	6	0	64,68,61,55,82,82	190	1	2,2
nordkap_s7_A	nordkap	7	A	OPP	Core destroyed	196	flagoff	8	4	8	63	-1	-1	60	16	0.2667	6.667	3	1	63,58,9,8	196	0	9,18
nordkap_s7_B	nordkap	7	B	OPP	Core destroyed	244	flagoff	8	6	5	57	-1	-1	157	82	0.5223	3.822	5	1	35,28,29,5,57,6	244	1	9,6
nordkap_s8_A	nordkap	8	A	OPP	Core destroyed	177	flagoff	8	2	5	6	-1	-1	118	44	0.3729	1.695	2	0	6,5	177	0	9,18
nordkap_s8_B	nordkap	8	B	OPP	Core destroyed	522	flagoff	8	6	5	42	-1	-1	339	206	0.6077	1.77	6	0	22,24,10,5,42,6	522	1	9,6
nordkap_s9_A	nordkap	9	A	US	Core destroyed	226	flagoff	8	7	4	25	-1	-1	224	213	0.9509	3.125	6	1	23,25,22,22,20,5,4	226	0	9,18
nordkap_s9_B	nordkap	9	B	US	Core destroyed	174	flagoff	8	7	4	26	-1	-1	172	137	0.7965	4.07	5	2	13,15,5,18,4,26,20	174	1	9,6
yulerune_s7_A	yulerune	7	A	OPP	Core destroyed	309	flagoff	8	5	34	65	-1	-1	98	78	0.7959	5.102	5	0	34,44,65,62,56	309	0	16,9
yulerune_s7_B	yulerune	7	B	OPP	Core destroyed	417	flagoff	8	7	32	98	-1	-1	391	380	0.9719	1.79	5	2	36,57,98,54,80,49,32	417	1	2,9
yulerune_s8_A	yulerune	8	A	US	Core destroyed	293	flagoff	8	6	38	47	-1	-1	269	260	0.9665	2.23	5	1	38,42,39,45,42,47	293	0	16,9
yulerune_s8_B	yulerune	8	B	OPP	Core destroyed	226	flagoff	8	6	39	94	-1	-1	112	55	0.4911	5.357	5	1	57,53,50,94,46,39	226	1	2,9
yulerune_s9_A	yulerune	9	A	OPP	Core destroyed	197	flagoff	8	5	36	46	-1	-1	172	168	0.9767	2.907	5	0	38,36,40,45,46	197	0	16,9
yulerune_s9_B	yulerune	9	B	OPP	Core destroyed	220	flagoff	8	6	32	65	-1	-1	123	85	0.6911	4.878	5	1	54,59,36,35,32,65	220	1	2,9
atoll_s88_A	atoll	88	A	OPP	Core destroyed	162	flagoff	8	4	8	38	-1	-1	76	4	0.0526	5.263	4	0	10,8,35,38	162	0	14,2
atoll_s88_B	atoll	88	B	OPP	Core destroyed	175	flagoff	8	6	7	49	-1	-1	84	17	0.2024	7.143	6	0	36,31,49,7,8,12	175	1	2,14
atoll_s89_A	atoll	89	A	US	Core destroyed	187	flagoff	8	7	10	113	-1	-1	183	157	0.8579	3.825	7	0	44,40,113,10,12,58,24	187	0	14,2
atoll_s89_B	atoll	89	B	OPP	Titanium collected (tiebreak)	1000	flagoff	8	3	8	44	-1	-1	75	10	0.1333	4.0	2	1	9,8,44	1000	1	2,14
atoll_s90_A	atoll	90	A	US	Core destroyed	355	flagoff	8	8	7	266	290	266	270	14	0.0519	2.963	7	1	207,46,266,7,148,8,128,124	355	0	14,2
atoll_s90_B	atoll	90	B	OPP	Core destroyed	209	flagoff	8	7	7	114	-1	-1	136	29	0.2132	5.147	6	1	47,52,114,28,7,10,20	209	1	2,14
drakkarfjord_s88_A	drakkarfjord	88	A	US	Core destroyed	173	flagoff	8	8	10	65	75	65	165	0	0.0	4.848	7	1	10,11,25,65,27,37,30,34	173	0	26,4
drakkarfjord_s88_B	drakkarfjord	88	B	US	Core destroyed	332	flagoff	8	8	10	46	107	46	233	108	0.4635	3.433	6	2	46,42,10,36,11,35,17,21	332	1	2,24
drakkarfjord_s89_A	drakkarfjord	89	A	US	Core destroyed	182	flagoff	8	8	10	37	42	37	174	0	0.0	4.598	7	1	10,11,37,18,33,22,30,26	182	0	26,4
drakkarfjord_s89_B	drakkarfjord	89	B	US	Core destroyed	173	flagoff	8	8	10	74	-1	74	165	0	0.0	4.848	7	1	48,50,40,74,34,14,11,10	173	1	2,24
drakkarfjord_s90_A	drakkarfjord	90	A	OPP	Titanium collected (tiebreak)	1000	flagoff	8	7	10	43	-1	-1	84	0	0.0	8.333	6	1	10,11,31,33,43,36,40	1000	0	26,4
drakkarfjord_s90_B	drakkarfjord	90	B	US	Core destroyed	308	flagoff	8	8	10	46	107	46	300	108	0.36	2.667	6	2	46,42,10,36,11,35,17,21	308	1	2,24
glacierkeep_s88_A	glacierkeep	88	A	US	Core destroyed	161	flagoff	8	8	10	46	46	46	155	128	0.8258	5.161	8	0	39,43,22,46,18,11,15,10	161	0	14,26
glacierkeep_s88_B	glacierkeep	88	B	OPP	Core destroyed	825	flagoff	8	8	9	45	58	45	427	57	0.1335	1.874	8	0	33,35,20,38,9,42,10,45	825	1	14,2
glacierkeep_s89_A	glacierkeep	89	A	US	Core destroyed	414	flagoff	8	8	9	64	-1	64	395	0	0.0	2.025	7	1	45,61,18,64,17,10,14,9	414	0	14,26
glacierkeep_s89_B	glacierkeep	89	B	OPP	Core destroyed	825	flagoff	8	8	9	45	58	45	427	57	0.1335	1.874	8	0	33,35,20,38,9,42,10,45	825	1	14,2
glacierkeep_s90_A	glacierkeep	90	A	US	Core destroyed	181	flagoff	8	8	9	58	58	58	175	148	0.8457	4.571	8	0	58,54,23,51,19,10,14,9	181	0	14,26
glacierkeep_s90_B	glacierkeep	90	B	US	Core destroyed	217	flagoff	8	8	9	52	52	52	211	181	0.8578	3.791	8	0	52,42,20,43,9,47,10,50	217	1	14,2
midgard_s88_A	midgard	88	A	US	Core destroyed	147	flagoff	8	7	54	91	-1	-1	105	101	0.9619	6.667	7	0	54,91,58,70,64,71,67	147	0	26,26
midgard_s88_B	midgard	88	B	OPP	Core destroyed	225	flagoff	8	7	52	91	-1	-1	181	176	0.9724	3.867	5	2	63,59,60,91,56,81,52	225	1	2,2
midgard_s89_A	midgard	89	A	US	Core destroyed	202	flagoff	8	7	53	87	-1	-1	157	156	0.9936	4.459	6	1	53,73,57,87,61,58,63	202	0	26,26
midgard_s89_B	midgard	89	B	US	Core destroyed	351	flagoff	8	3	57	69	-1	-1	306	0	0.0	0.98	3	0	69,65,57	351	1	2,2
midgard_s90_A	midgard	90	A	US	Core destroyed	276	flagoff	8	6	54	89	-1	-1	230	218	0.9478	2.609	6	0	54,89,58,64,71,67	276	0	26,26
midgard_s90_B	midgard	90	B	US	Core destroyed	256	flagoff	8	7	49	131	-1	-1	218	208	0.9541	3.211	6	1	56,58,53,49,82,131,115	256	1	2,2
nordkap_s88_A	nordkap	88	A	OPP	Core destroyed	197	flagoff	8	3	8	27	-1	-1	45	10	0.2222	6.667	2	1	9,8,27	197	0	9,18
nordkap_s88_B	nordkap	88	B	US	Core destroyed	358	flagoff	8	8	5	42	46	42	356	339	0.9522	2.247	8	0	42,34,17,37,5,26,6,25	358	1	9,6
nordkap_s89_A	nordkap	89	A	OPP	Core destroyed	197	flagoff	8	6	8	73	-1	-1	66	5	0.0758	9.091	5	1	54,59,51,9,8,73	197	0	9,18
nordkap_s89_B	nordkap	89	B	OPP	Core destroyed	184	flagoff	8	5	5	37	-1	-1	89	32	0.3596	5.618	5	0	37,23,29,5,6	184	1	9,6
nordkap_s90_A	nordkap	90	A	OPP	Core destroyed	196	flagoff	8	4	8	63	-1	-1	60	16	0.2667	6.667	3	1	63,58,9,8	196	0	9,18
nordkap_s90_B	nordkap	90	B	OPP	Core destroyed	292	flagoff	8	5	5	91	-1	-1	193	74	0.3834	2.591	5	0	43,91,5,6,23	292	1	9,6
yulerune_s88_A	yulerune	88	A	OPP	Core destroyed	141	flagoff	8	5	38	57	-1	-1	116	108	0.931	4.31	5	0	38,44,57,54,50	141	0	16,9
yulerune_s88_B	yulerune	88	B	US	Core destroyed	597	flagoff	8	7	31	88	-1	-1	574	572	0.9965	1.22	5	2	41,47,88,58,65,31,33	597	1	2,9
yulerune_s89_A	yulerune	89	A	OPP	Core destroyed	356	flagoff	8	5	32	49	-1	-1	330	322	0.9758	1.515	5	0	41,43,32,35,49	356	0	16,9
yulerune_s89_B	yulerune	89	B	OPP	Core destroyed	316	flagoff	8	6	32	51	-1	-1	291	287	0.9863	2.062	5	1	48,44,51,41,36,32	316	1	2,9
yulerune_s90_A	yulerune	90	A	OPP	Core destroyed	381	flagoff	8	6	38	59	-1	-1	355	183	0.5155	1.69	6	0	38,44,59,49,56,52	381	0	16,9
yulerune_s90_B	yulerune	90	B	US	Harvesters (tiebreak)	1000	flagoff	8	7	36	82	-1	-1	974	969	0.9949	0.719	6	1	48,46,43,58,36,40,82	1000	1	2,9
atoll_s91_A	atoll	91	A	OPP	Core destroyed	498	flagoff	8	2	7	10	-1	-1	73	5	0.0685	2.74	1	1	10,7	498	0	14,2
atoll_s91_B	atoll	91	B	OPP	Core destroyed	186	flagoff	8	5	8	35	-1	-1	133	51	0.3835	3.759	4	1	20,35,12,32,8	186	1	2,14
atoll_s92_A	atoll	92	A	US	Titanium collected (tiebreak)	1000	flagoff	8	4	8	784	-1	-1	608	156	0.2566	0.658	2	2	92,784,8,9	1000	0	14,2
atoll_s92_B	atoll	92	B	US	Core destroyed	492	flagoff	8	7	7	427	-1	-1	180	38	0.2111	3.889	5	2	406,427,11,412,7,30,35	492	1	2,14
atoll_s93_A	atoll	93	A	US	Core destroyed	214	flagoff	8	5	9	40	-1	-1	210	27	0.1286	2.381	5	0	13,9,29,40,39	214	0	14,2
atoll_s93_B	atoll	93	B	OPP	Core destroyed	226	flagoff	8	5	11	180	-1	-1	85	5	0.0588	5.882	5	0	176,30,180,11,13	226	1	2,14
drakkarfjord_s91_A	drakkarfjord	91	A	US	Titanium collected (tiebreak)	1000	flagoff	8	7	10	43	-1	-1	134	0	0.0	5.224	6	1	10,11,31,33,43,36,40	1000	0	26,4
drakkarfjord_s91_B	drakkarfjord	91	B	US	Titanium collected (tiebreak)	1000	flagoff	8	8	10	70	179	70	141	0	0.0	5.674	7	1	64,66,29,70,58,14,11,10	1000	1	2,24
drakkarfjord_s92_A	drakkarfjord	92	A	US	Core destroyed	198	flagoff	8	8	10	37	42	37	190	0	0.0	4.211	7	1	10,11,37,18,33,22,30,26	198	0	26,4
drakkarfjord_s92_B	drakkarfjord	92	B	OPP	Titanium collected (tiebreak)	1000	flagoff	8	8	10	70	179	70	161	0	0.0	4.969	7	1	64,66,29,70,58,14,11,10	1000	1	2,24
drakkarfjord_s93_A	drakkarfjord	93	A	US	Core destroyed	235	flagoff	8	8	10	71	168	71	227	32	0.141	3.524	7	1	10,11,31,71,33,43,36,40	235	0	26,4
drakkarfjord_s93_B	drakkarfjord	93	B	US	Core destroyed	161	flagoff	8	8	10	46	46	46	153	0	0.0	5.229	7	1	40,36,46,33,21,14,11,10	161	1	2,24
glacierkeep_s91_A	glacierkeep	91	A	US	Core destroyed	377	flagoff	8	8	9	46	46	46	371	116	0.3127	2.156	8	0	41,43,23,46,19,10,14,9	377	0	14,26
glacierkeep_s91_B	glacierkeep	91	B	US	Core destroyed	217	flagoff	8	8	9	52	52	52	211	181	0.8578	3.791	8	0	52,42,20,43,9,47,10,50	217	1	14,2
glacierkeep_s92_A	glacierkeep	92	A	US	Core destroyed	129	flagoff	8	8	9	44	44	44	123	54	0.439	6.504	8	0	36,40,21,44,17,10,14,9	129	0	14,26
glacierkeep_s92_B	glacierkeep	92	B	OPP	Core destroyed	437	flagoff	8	8	9	36	44	36	138	69	0.5	5.797	8	0	36,32,14,29,9,25,10,22	437	1	14,2
glacierkeep_s93_A	glacierkeep	93	A	US	Core destroyed	383	flagoff	8	8	10	71	71	71	350	0	0.0	2.286	7	1	52,57,51,60,71,11,15,10	383	0	14,26
glacierkeep_s93_B	glacierkeep	93	B	US	Core destroyed	241	flagoff	8	8	9	36	44	36	182	59	0.3242	4.396	8	0	36,32,14,29,9,25,10,22	241	1	14,2
midgard_s91_A	midgard	91	A	OPP	Titanium collected (tiebreak)	1000	flagoff	8	7	49	110	-1	-1	958	954	0.9958	0.731	6	1	49,92,53,110,69,77,72	1000	0	26,26
midgard_s91_B	midgard	91	B	OPP	Titanium collected (tiebreak)	1000	flagoff	8	7	55	118	-1	-1	955	952	0.9969	0.733	6	1	63,71,59,55,92,118,72	1000	1	2,2
midgard_s92_A	midgard	92	A	US	Core destroyed	362	flagoff	8	6	53	84	-1	-1	320	316	0.9875	1.875	6	0	53,84,57,63,70,66	362	0	26,26
midgard_s92_B	midgard	92	B	US	Core destroyed	211	flagoff	8	5	52	172	-1	-1	166	163	0.9819	3.012	4	1	167,172,63,61,52	211	1	2,2
midgard_s93_A	midgard	93	A	US	Core destroyed	195	flagoff	8	6	49	92	-1	-1	153	123	0.8039	3.922	6	0	49,58,92,73,80,76	195	0	26,26
midgard_s93_B	midgard	93	B	US	Titanium collected (tiebreak)	1000	flagoff	8	6	61	100	-1	-1	954	947	0.9927	0.629	6	0	69,83,66,61,100,72	1000	1	2,2
nordkap_s91_A	nordkap	91	A	US	Core destroyed	325	flagoff	8	8	5	71	-1	71	158	60	0.3797	5.063	8	0	30,32,16,39,71,6,10,5	325	0	9,18
nordkap_s91_B	nordkap	91	B	US	Core destroyed	246	flagoff	8	8	5	51	51	51	244	221	0.9057	3.279	5	3	16,18,10,27,5,51,6,24	246	1	9,6
nordkap_s92_A	nordkap	92	A	US	Core destroyed	240	flagoff	8	8	4	84	118	84	238	192	0.8067	3.361	5	3	17,13,19,8,77,7,84,4	240	0	9,18
nordkap_s92_B	nordkap	92	B	US	Core destroyed	382	flagoff	8	8	5	65	-1	65	380	337	0.8868	2.105	8	0	31,24,34,42,5,65,6,20	382	1	9,6
nordkap_s93_A	nordkap	93	A	US	Core destroyed	276	flagoff	8	8	4	49	-1	49	219	66	0.3014	3.653	7	1	29,25,35,22,49,20,5,4	276	0	9,18
nordkap_s93_B	nordkap	93	B	US	Core destroyed	144	flagoff	8	7	5	57	-1	-1	142	128	0.9014	4.93	7	0	19,21,52,5,57,6,54	144	1	9,6
yulerune_s91_A	yulerune	91	A	US	Core destroyed	183	flagoff	8	7	36	76	-1	-1	161	152	0.9441	4.348	6	1	36,76,44,37,50,43,51	183	0	16,9
yulerune_s91_B	yulerune	91	B	US	Core destroyed	465	flagoff	8	6	33	55	-1	-1	439	431	0.9818	1.367	6	0	34,55,33,52,52,44	465	1	2,9
yulerune_s92_A	yulerune	92	A	OPP	Core destroyed	749	flagoff	8	7	36	74	-1	-1	720	709	0.9847	0.972	6	1	36,74,44,48,48,54,51	749	0	16,9
yulerune_s92_B	yulerune	92	B	OPP	Core destroyed	336	flagoff	8	6	32	51	-1	-1	103	56	0.5437	5.825	6	0	48,44,51,41,37,32	336	1	2,9
yulerune_s93_A	yulerune	93	A	OPP	Core destroyed	515	flagoff	8	5	34	48	-1	-1	490	480	0.9796	1.02	5	0	34,44,41,44,48	515	0	16,9
yulerune_s93_B	yulerune	93	B	OPP	Titanium collected (tiebreak)	1000	flagoff	8	7	28	67	-1	-1	979	973	0.9939	0.715	5	2	43,38,35,53,33,28,67	1000	1	2,9
atoll_s94_A	atoll	94	A	OPP	Core destroyed	301	flagoff	8	4	7	113	-1	-1	49	0	0.0	8.163	2	2	46,113,7,8	301	0	14,2
atoll_s94_B	atoll	94	B	OPP	Core destroyed	191	flagoff	8	6	8	159	-1	-1	145	3	0.0207	4.138	6	0	114,46,8,159,9,18	191	1	2,14
atoll_s95_A	atoll	95	A	US	Core destroyed	468	flagoff	8	5	9	42	-1	-1	464	22	0.0474	1.078	5	0	13,9,29,42,41	468	0	14,2
atoll_s95_B	atoll	95	B	OPP	Core destroyed	234	flagoff	8	2	46	63	-1	-1	74	2	0.027	2.703	1	1	63,46	234	1	2,14
atoll_s96_A	atoll	96	A	US	Core destroyed	355	flagoff	8	8	7	266	290	266	270	14	0.0519	2.963	7	1	207,46,266,7,148,8,128,124	355	0	14,2
atoll_s96_B	atoll	96	B	OPP	Core destroyed	186	flagoff	8	5	8	35	-1	-1	126	57	0.4524	3.968	4	1	20,35,12,32,8	186	1	2,14
drakkarfjord_s94_A	drakkarfjord	94	A	US	Titanium collected (tiebreak)	1000	flagoff	8	8	10	408	-1	408	229	0	0.0	3.493	7	1	10,11,31,408,33,43,36,40	1000	0	26,4
drakkarfjord_s94_B	drakkarfjord	94	B	US	Core destroyed	129	flagoff	8	8	10	46	46	46	121	0	0.0	6.612	7	1	40,36,46,33,21,14,11,10	129	1	2,24
drakkarfjord_s95_A	drakkarfjord	95	A	US	Core destroyed	173	flagoff	8	8	10	65	75	65	165	0	0.0	4.848	7	1	10,11,25,65,27,37,30,34	173	0	26,4
drakkarfjord_s95_B	drakkarfjord	95	B	OPP	Core destroyed	964	flagoff	8	8	10	75	75	75	180	0	0.0	4.444	7	1	48,51,40,75,34,14,11,10	964	1	2,24
drakkarfjord_s96_A	drakkarfjord	96	A	OPP	Core destroyed	492	flagoff	8	7	10	43	-1	-1	113	0	0.0	6.195	6	1	10,11,31,33,43,36,40	492	0	26,4
drakkarfjord_s96_B	drakkarfjord	96	B	OPP	Core destroyed	727	flagoff	8	4	10	44	-1	-1	243	0	0.0	1.646	3	1	44,14,11,10	727	1	2,24
glacierkeep_s94_A	glacierkeep	94	A	US	Core destroyed	293	flagoff	8	8	9	52	52	52	287	262	0.9129	2.787	8	0	47,49,29,52,17,10,14,9	293	0	14,26
glacierkeep_s94_B	glacierkeep	94	B	US	Titanium collected (tiebreak)	1000	flagoff	8	8	9	36	47	36	646	63	0.0975	1.238	8	0	36,32,14,29,9,25,10,22	1000	1	14,2
glacierkeep_s95_A	glacierkeep	95	A	US	Core destroyed	140	flagoff	8	8	9	47	47	47	134	46	0.3433	5.97	8	0	42,44,27,47,17,10,14,9	140	0	14,26
glacierkeep_s95_B	glacierkeep	95	B	US	Core destroyed	193	flagoff	8	8	9	36	54	36	187	158	0.8449	4.278	8	0	36,32,14,29,9,25,10,22	193	1	14,2
glacierkeep_s96_A	glacierkeep	96	A	US	Core destroyed	313	flagoff	8	8	9	60	-1	60	297	169	0.569	2.694	7	1	43,57,18,60,17,10,14,9	313	0	14,26
glacierkeep_s96_B	glacierkeep	96	B	US	Core destroyed	325	flagoff	8	8	9	36	49	36	228	166	0.7281	3.509	8	0	36,32,14,29,9,25,10,22	325	1	14,2
midgard_s94_A	midgard	94	A	OPP	Core destroyed	161	flagoff	8	7	53	112	-1	-1	116	111	0.9569	6.034	5	2	53,106,66,112,68,78,72	161	0	26,26
midgard_s94_B	midgard	94	B	OPP	Core destroyed	401	flagoff	8	5	60	228	-1	-1	354	351	0.9915	1.412	5	0	88,99,60,228,75	401	1	2,2
midgard_s95_A	midgard	95	A	US	Core destroyed	461	flagoff	8	6	54	85	-1	-1	415	409	0.9855	1.446	6	0	54,85,58,64,71,67	461	0	26,26
midgard_s95_B	midgard	95	B	OPP	Core destroyed	177	flagoff	8	6	49	128	-1	-1	139	126	0.9065	4.317	5	1	56,73,53,92,49,128	177	1	2,2
midgard_s96_A	midgard	96	A	OPP	Core destroyed	241	flagoff	8	7	53	101	-1	-1	195	194	0.9949	3.59	5	2	53,97,57,101,63,54,62	241	0	26,26
midgard_s96_B	midgard	96	B	US	Core destroyed	231	flagoff	8	6	55	80	-1	-1	186	180	0.9677	3.226	6	0	62,66,59,55,80,68	231	1	2,2
nordkap_s94_A	nordkap	94	A	OPP	Core destroyed	405	flagoff	8	6	5	20	-1	-1	221	142	0.6425	2.715	5	1	20,19,19,11,5,6	405	0	9,18
nordkap_s94_B	nordkap	94	B	US	Core destroyed	257	flagoff	8	7	5	83	-1	-1	255	242	0.949	2.745	7	0	20,22,83,40,5,6,27	257	1	9,6
nordkap_s95_A	nordkap	95	A	US	Core destroyed	376	flagoff	8	7	5	102	-1	-1	374	359	0.9599	1.872	7	0	44,34,47,26,6,102,5	376	0	9,18
nordkap_s95_B	nordkap	95	B	US	Core destroyed	577	flagoff	8	7	4	26	-1	-1	575	538	0.9357	1.217	5	2	13,15,5,18,4,26,20	577	1	9,6
nordkap_s96_A	nordkap	96	A	OPP	Core destroyed	217	flagoff	8	6	5	22	-1	-1	146	115	0.7877	4.11	5	1	20,19,22,11,5,6	217	0	9,18
nordkap_s96_B	nordkap	96	B	US	Core destroyed	215	flagoff	8	8	5	72	-1	72	213	199	0.9343	3.756	8	0	36,28,39,41,5,72,6,19	215	1	9,6
yulerune_s94_A	yulerune	94	A	US	Core destroyed	390	flagoff	8	5	32	44	-1	-1	365	359	0.9836	1.37	5	0	32,44,34,39,43	390	0	16,9
yulerune_s94_B	yulerune	94	B	OPP	Core destroyed	220	flagoff	8	7	30	93	-1	-1	198	190	0.9596	3.535	6	1	48,40,51,37,38,30,93	220	1	2,9
yulerune_s95_A	yulerune	95	A	OPP	Core destroyed	477	flagoff	8	5	37	54	-1	-1	452	448	0.9912	1.106	5	0	43,47,38,37,54	477	0	16,9
yulerune_s95_B	yulerune	95	B	OPP	Core destroyed	213	flagoff	8	6	28	69	-1	-1	192	186	0.9688	3.125	5	1	47,43,69,40,33,28	213	1	2,9
yulerune_s96_A	yulerune	96	A	US	Core destroyed	135	flagoff	8	6	32	51	-1	-1	110	108	0.9818	5.455	6	0	32,38,51,42,50,46	135	0	16,9
yulerune_s96_B	yulerune	96	B	US	Core destroyed	865	flagoff	8	7	32	78	-1	-1	840	840	1.0	0.833	6	1	45,47,34,44,78,36,32	865	1	2,9
atoll_s97_A	atoll	97	A	US	Core destroyed	379	flagoff	8	5	9	43	-1	-1	368	132	0.3587	1.359	5	0	13,9,28,43,42	379	0	14,2
atoll_s97_B	atoll	97	B	OPP	Core destroyed	214	flagoff	8	6	7	46	-1	-1	168	44	0.2619	3.571	6	0	43,11,46,7,30,38	214	1	2,14
atoll_s98_A	atoll	98	A	OPP	Core destroyed	772	flagoff	8	7	7	68	-1	-1	142	34	0.2394	4.93	7	0	54,7,8,68,37,48,40	772	0	14,2
atoll_s98_B	atoll	98	B	OPP	Core destroyed	493	flagoff	8	7	7	63	-1	-1	87	38	0.4368	8.046	7	0	26,63,20,30,7,8,36	493	1	2,14
atoll_s99_A	atoll	99	A	OPP	Core destroyed	388	flagoff	8	2	8	9	-1	-1	20	0	0.0	10.0	2	0	8,9	388	0	14,2
atoll_s99_B	atoll	99	B	US	Core destroyed	135	flagoff	8	6	7	88	-1	-1	131	40	0.3053	4.58	6	0	15,41,9,88,7,80	135	1	2,14
drakkarfjord_s97_A	drakkarfjord	97	A	US	Core destroyed	764	flagoff	8	8	10	37	42	37	756	700	0.9259	1.058	7	1	10,11,37,18,33,22,30,26	764	0	26,4
drakkarfjord_s97_B	drakkarfjord	97	B	OPP	Titanium collected (tiebreak)	1000	flagoff	8	8	10	70	179	70	158	0	0.0	5.063	7	1	64,66,29,70,58,14,11,10	1000	1	2,24
drakkarfjord_s98_A	drakkarfjord	98	A	US	Core destroyed	208	flagoff	8	8	10	61	80	61	200	0	0.0	4.0	7	1	10,11,25,61,27,37,30,34	208	0	26,4
drakkarfjord_s98_B	drakkarfjord	98	B	US	Core destroyed	514	flagoff	8	8	10	231	-1	231	196	9	0.0459	4.082	4	4	223,224,32,231,31,14,11,10	514	1	2,24
drakkarfjord_s99_A	drakkarfjord	99	A	US	Core destroyed	132	flagoff	8	8	10	36	41	36	124	70	0.5645	6.452	7	1	10,11,36,18,32,22,29,25	132	0	26,4
drakkarfjord_s99_B	drakkarfjord	99	B	US	Core destroyed	123	flagoff	8	8	10	48	48	48	115	0	0.0	6.957	7	1	40,36,48,33,21,14,11,10	123	1	2,24
glacierkeep_s97_A	glacierkeep	97	A	OPP	Titanium collected (tiebreak)	1000	flagoff	8	8	9	63	-1	63	346	0	0.0	2.312	7	1	44,62,18,63,17,10,14,9	1000	0	14,26
glacierkeep_s97_B	glacierkeep	97	B	US	Core destroyed	912	flagoff	8	8	9	36	49	36	330	132	0.4	2.424	8	0	36,32,14,29,9,25,10,22	912	1	14,2
glacierkeep_s98_A	glacierkeep	98	A	US	Core destroyed	329	flagoff	8	8	9	50	50	50	323	67	0.2074	2.477	8	0	44,47,29,50,17,10,14,9	329	0	14,26
glacierkeep_s98_B	glacierkeep	98	B	US	Core destroyed	257	flagoff	8	8	9	44	50	44	251	61	0.243	3.187	8	0	33,35,20,38,9,41,10,44	257	1	14,2
glacierkeep_s99_A	glacierkeep	99	A	US	Core destroyed	128	flagoff	8	8	9	40	40	40	122	96	0.7869	6.557	8	0	35,37,21,40,17,10,14,9	128	0	14,26
glacierkeep_s99_B	glacierkeep	99	B	US	Core destroyed	253	flagoff	8	8	9	45	58	45	247	53	0.2146	3.239	8	0	33,35,20,38,9,42,10,45	253	1	14,2
midgard_s97_A	midgard	97	A	US	Core destroyed	174	flagoff	8	6	54	88	-1	-1	128	124	0.9688	4.688	6	0	54,58,88,62,60,65	174	0	26,26
midgard_s97_B	midgard	97	B	OPP	Core destroyed	272	flagoff	8	6	53	125	-1	-1	226	80	0.354	2.655	5	1	60,53,63,67,125,81	272	1	2,2
midgard_s98_A	midgard	98	A	OPP	Core destroyed	309	flagoff	8	2	51	56	-1	-1	265	22	0.083	0.755	2	0	51,56	309	0	26,26
midgard_s98_B	midgard	98	B	OPP	Core destroyed	167	flagoff	8	6	52	96	-1	-1	123	122	0.9919	4.878	5	1	60,52,63,80,54,96	167	1	2,2
midgard_s99_A	midgard	99	A	US	Titanium collected (tiebreak)	1000	flagoff	8	7	51	108	-1	-1	956	950	0.9937	0.732	6	1	51,87,55,108,65,72,68	1000	0	26,26
midgard_s99_B	midgard	99	B	OPP	Core destroyed	337	flagoff	8	7	52	123	-1	-1	293	288	0.9829	2.389	6	1	65,60,63,123,56,94,52	337	1	2,2
nordkap_s97_A	nordkap	97	A	OPP	Core destroyed	253	flagoff	8	6	8	65	-1	-1	60	0	0.0	10.0	5	1	46,51,43,9,8,65	253	0	9,18
nordkap_s97_B	nordkap	97	B	US	Core destroyed	148	flagoff	8	7	4	39	-1	-1	146	126	0.863	4.795	6	1	13,15,5,18,4,39,27	148	1	9,6
nordkap_s98_A	nordkap	98	A	OPP	Core destroyed	187	flagoff	8	7	5	38	-1	-1	156	59	0.3782	4.487	7	0	27,31,16,38,6,10,5	187	0	9,18
nordkap_s98_B	nordkap	98	B	US	Core destroyed	577	flagoff	8	7	4	26	-1	-1	575	538	0.9357	1.217	5	2	13,15,5,18,4,26,20	577	1	9,6
nordkap_s99_A	nordkap	99	A	OPP	Core destroyed	131	flagoff	8	5	4	18	-1	-1	129	117	0.907	3.876	4	1	18,14,5,4,7	131	0	9,18
nordkap_s99_B	nordkap	99	B	US	Core destroyed	156	flagoff	8	8	5	64	66	64	154	140	0.9091	5.195	7	1	22,24,10,24,5,59,6,64	156	1	9,6
yulerune_s97_A	yulerune	97	A	OPP	Core destroyed	215	flagoff	8	6	38	48	-1	-1	193	105	0.544	3.109	5	1	38,42,42,48,44,47	215	0	16,9
yulerune_s97_B	yulerune	97	B	OPP	Core destroyed	342	flagoff	8	7	32	71	-1	-1	317	311	0.9811	2.208	5	2	54,47,71,44,67,38,32	342	1	2,9
yulerune_s98_A	yulerune	98	A	OPP	Core destroyed	160	flagoff	8	5	34	57	-1	-1	133	128	0.9624	3.759	5	0	34,42,40,57,52	160	0	16,9
yulerune_s98_B	yulerune	98	B	US	Core destroyed	314	flagoff	8	6	32	94	-1	-1	151	64	0.4238	3.974	6	0	49,51,48,94,36,32	314	1	2,9
yulerune_s99_A	yulerune	99	A	US	Core destroyed	216	flagoff	8	6	36	56	-1	-1	191	184	0.9634	3.141	6	0	36,42,56,46,53,49	216	0	16,9
yulerune_s99_B	yulerune	99	B	OPP	Core destroyed	238	flagoff	8	6	51	100	-1	-1	162	74	0.4568	3.704	6	0	64,68,62,100,58,51	238	1	2,9
atoll_s100_A	atoll	100	A	OPP	Core destroyed	465	flagoff	8	6	7	123	-1	-1	126	50	0.3968	4.762	5	1	16,11,7,46,123,44	465	0	14,2
atoll_s100_B	atoll	100	B	OPP	Core destroyed	234	flagoff	8	4	7	34	-1	-1	91	9	0.0989	4.396	4	0	34,9,7,15	234	1	2,14
atoll_s101_A	atoll	101	A	OPP	Core destroyed	504	flagoff	8	4	7	16	-1	-1	54	0	0.0	7.407	4	0	7,9,16,12	504	0	14,2
atoll_s101_B	atoll	101	B	OPP	Core destroyed	278	flagoff	8	4	10	15	-1	-1	48	0	0.0	8.333	2	2	15,14,10,11	278	1	2,14
atoll_s102_A	atoll	102	A	OPP	Core destroyed	318	flagoff	8	2	8	9	-1	-1	27	0	0.0	7.407	2	0	8,9	318	0	14,2
atoll_s102_B	atoll	102	B	US	Core destroyed	349	flagoff	8	5	7	52	-1	-1	227	8	0.0352	2.203	5	0	52,50,7,8,29	349	1	2,14
drakkarfjord_s100_A	drakkarfjord	100	A	OPP	Core destroyed	257	flagoff	8	7	10	44	-1	-1	75	0	0.0	9.333	6	1	10,11,30,32,44,35,41	257	0	26,4
drakkarfjord_s100_B	drakkarfjord	100	B	US	Core destroyed	137	flagoff	8	8	10	46	46	46	129	0	0.0	6.202	7	1	40,36,46,33,21,14,11,10	137	1	2,24
drakkarfjord_s101_A	drakkarfjord	101	A	OPP	Core destroyed	594	flagoff	8	8	10	586	-1	586	134	22	0.1642	5.97	7	1	10,11,31,586,33,43,36,40	594	0	26,4
drakkarfjord_s101_B	drakkarfjord	101	B	US	Core destroyed	979	flagoff	8	8	10	98	98	98	552	54	0.0978	1.449	5	3	35,37,98,40,19,13,17,10	979	1	2,24
drakkarfjord_s102_A	drakkarfjord	102	A	US	Titanium collected (tiebreak)	1000	flagoff	8	7	10	43	-1	-1	595	34	0.0571	1.176	6	1	10,11,31,33,43,36,40	1000	0	26,4
drakkarfjord_s102_B	drakkarfjord	102	B	OPP	Core destroyed	504	flagoff	8	7	10	132	-1	-1	161	87	0.5404	4.348	6	1	132,93,48,90,14,11,10	504	1	2,24
glacierkeep_s100_A	glacierkeep	100	A	US	Core destroyed	213	flagoff	8	8	9	51	51	51	207	138	0.6667	3.865	8	0	51,51,21,48,17,10,14,9	213	0	14,26
glacierkeep_s100_B	glacierkeep	100	B	OPP	Core destroyed	533	flagoff	8	8	9	36	44	36	130	64	0.4923	6.154	8	0	36,32,14,29,9,25,10,22	533	1	14,2
glacierkeep_s101_A	glacierkeep	101	A	US	Titanium collected (tiebreak)	1000	flagoff	8	8	9	42	47	42	307	253	0.8241	2.606	8	0	37,39,21,42,17,10,14,9	1000	0	14,26
glacierkeep_s101_B	glacierkeep	101	B	US	Core destroyed	253	flagoff	8	8	9	45	52	45	247	59	0.2389	3.239	8	0	33,35,20,38,9,42,10,45	253	1	14,2
glacierkeep_s102_A	glacierkeep	102	A	US	Core destroyed	171	flagoff	8	8	9	56	56	56	165	101	0.6121	4.848	8	0	56,54,21,51,17,10,14,9	171	0	14,26
glacierkeep_s102_B	glacierkeep	102	B	OPP	Core destroyed	612	flagoff	8	8	9	36	44	36	322	58	0.1801	2.484	8	0	36,32,14,29,9,25,10,22	612	1	14,2
midgard_s100_A	midgard	100	A	OPP	Core destroyed	285	flagoff	8	7	51	100	-1	-1	241	237	0.9834	2.905	6	1	51,80,55,100,59,66,62	285	0	26,26
midgard_s100_B	midgard	100	B	OPP	Core destroyed	626	flagoff	8	6	56	97	-1	-1	96	48	0.5	6.25	6	0	63,64,60,56,97,76	626	1	2,2
midgard_s101_A	midgard	101	A	US	Core destroyed	417	flagoff	8	7	52	104	-1	-1	373	362	0.9705	1.877	6	1	52,86,56,104,60,62,63	417	0	26,26
midgard_s101_B	midgard	101	B	OPP	Core destroyed	625	flagoff	8	6	52	83	-1	-1	191	124	0.6492	3.141	6	0	68,64,62,56,83,52	625	1	2,2
midgard_s102_A	midgard	102	A	OPP	Core destroyed	377	flagoff	8	7	53	108	-1	-1	332	329	0.991	2.108	6	1	53,90,57,108,61,68,64	377	0	26,26
midgard_s102_B	midgard	102	B	OPP	Core destroyed	196	flagoff	8	5	51	68	-1	-1	152	59	0.3882	3.289	5	0	64,68,61,55,51	196	1	2,2
nordkap_s100_A	nordkap	100	A	OPP	Core destroyed	445	flagoff	8	8	5	47	47	47	196	111	0.5663	4.082	8	0	23,28,16,37,47,6,10,5	445	0	9,18
nordkap_s100_B	nordkap	100	B	US	Core destroyed	210	flagoff	8	7	4	108	-1	-1	208	187	0.899	3.365	6	1	108,39,5,47,4,8,39	210	1	9,6
nordkap_s101_A	nordkap	101	A	US	Core destroyed	241	flagoff	8	8	4	60	60	60	239	226	0.9456	3.347	6	2	23,60,54,5,28,4,8,7	241	0	9,18
nordkap_s101_B	nordkap	101	B	OPP	Core destroyed	278	flagoff	8	7	5	71	-1	-1	134	70	0.5224	5.224	7	0	28,24,31,71,5,6,20	278	1	9,6
nordkap_s102_A	nordkap	102	A	OPP	Core destroyed	161	flagoff	8	4	5	42	-1	-1	116	103	0.8879	3.448	4	0	42,39,6,5	161	0	9,18
nordkap_s102_B	nordkap	102	B	US	Core destroyed	151	flagoff	8	8	4	31	31	31	149	138	0.9262	5.369	7	1	20,24,5,31,4,28,8,24	151	1	9,6
yulerune_s100_A	yulerune	100	A	OPP	Core destroyed	264	flagoff	8	6	39	63	-1	-1	119	93	0.7815	5.042	6	0	39,44,63,52,60,48	264	0	16,9
yulerune_s100_B	yulerune	100	B	OPP	Core destroyed	251	flagoff	8	6	32	70	-1	-1	99	65	0.6566	6.061	5	1	40,45,70,42,38,32	251	1	2,9
yulerune_s101_A	yulerune	101	A	OPP	Core destroyed	577	flagoff	8	5	38	57	-1	-1	552	545	0.9873	0.906	5	0	38,44,57,54,50	577	0	16,9
yulerune_s101_B	yulerune	101	B	OPP	Core destroyed	282	flagoff	8	6	30	61	-1	-1	118	85	0.7203	5.085	5	1	36,42,61,40,32,30	282	1	2,9
yulerune_s102_A	yulerune	102	A	OPP	Core destroyed	253	flagoff	8	5	35	52	-1	-1	225	217	0.9644	2.222	5	0	43,52,35,38,48	253	0	16,9
yulerune_s102_B	yulerune	102	B	OPP	Core destroyed	266	flagoff	8	6	39	57	-1	-1	83	53	0.6386	7.229	6	0	46,52,41,55,57,39	266	1	2,9
atoll_s103_A	atoll	103	A	US	Core destroyed	248	flagoff	8	6	8	65	-1	-1	244	57	0.2336	2.459	6	0	8,65,55,42,52,45	248	0	14,2
atoll_s103_B	atoll	103	B	OPP	Core destroyed	152	flagoff	8	4	8	48	-1	-1	116	28	0.2414	3.448	4	0	48,8,9,18	152	1	2,14
atoll_s104_A	atoll	104	A	US	Core destroyed	245	flagoff	8	8	8	139	156	139	241	219	0.9087	3.32	8	0	123,8,139,105,60,51,55,49	245	0	14,2
atoll_s104_B	atoll	104	B	OPP	Core destroyed	219	flagoff	8	5	8	35	-1	-1	122	53	0.4344	4.098	5	0	20,35,15,31,8	219	1	2,14
atoll_s105_A	atoll	105	A	US	Core destroyed	929	flagoff	8	5	8	892	-1	-1	101	28	0.2772	4.95	2	3	92,8,9,892,890	929	0	14,2
atoll_s105_B	atoll	105	B	OPP	Core destroyed	477	flagoff	8	4	7	34	-1	-1	51	9	0.1765	7.843	4	0	34,9,7,15	477	1	2,14
drakkarfjord_s103_A	drakkarfjord	103	A	US	Core destroyed	926	flagoff	8	7	10	43	-1	-1	261	177	0.6782	2.682	6	1	10,11,31,33,43,36,40	926	0	26,4
drakkarfjord_s103_B	drakkarfjord	103	B	US	Core destroyed	143	flagoff	8	8	10	48	48	48	135	0	0.0	5.926	7	1	40,36,48,33,21,14,11,10	143	1	2,24
drakkarfjord_s104_A	drakkarfjord	104	A	OPP	Core destroyed	569	flagoff	8	8	10	58	-1	58	137	0	0.0	5.839	7	1	10,11,25,58,27,37,30,34	569	0	26,4
drakkarfjord_s104_B	drakkarfjord	104	B	OPP	Core destroyed	307	flagoff	8	5	10	32	-1	-1	102	0	0.0	4.902	3	2	32,31,14,11,10	307	1	2,24
drakkarfjord_s105_A	drakkarfjord	105	A	US	Core destroyed	324	flagoff	8	8	10	79	124	79	182	0	0.0	4.396	7	1	10,11,31,79,33,43,36,40	324	0	26,4
drakkarfjord_s105_B	drakkarfjord	105	B	US	Core destroyed	795	flagoff	8	8	10	304	304	304	198	22	0.1111	4.04	6	2	35,37,304,40,19,13,17,10	795	1	2,24
glacierkeep_s103_A	glacierkeep	103	A	US	Titanium collected (tiebreak)	1000	flagoff	8	8	10	66	66	66	86	9	0.1047	9.302	8	0	43,51,42,54,66,11,15,10	1000	0	14,26
glacierkeep_s103_B	glacierkeep	103	B	US	Core destroyed	257	flagoff	8	8	10	42	42	42	251	0	0.0	3.187	8	0	34,30,42,27,10,23,11,20	257	1	14,2
glacierkeep_s104_A	glacierkeep	104	A	US	Core destroyed	321	flagoff	8	8	9	42	48	42	315	284	0.9016	2.54	8	0	37,39,21,42,17,10,14,9	321	0	14,26
glacierkeep_s104_B	glacierkeep	104	B	US	Core destroyed	165	flagoff	8	8	9	45	53	45	130	61	0.4692	6.154	8	0	33,35,20,38,9,42,10,45	165	1	14,2
glacierkeep_s105_A	glacierkeep	105	A	US	Core destroyed	241	flagoff	8	8	10	50	50	50	235	50	0.2128	3.404	8	0	45,47,30,50,18,11,15,10	241	0	14,26
glacierkeep_s105_B	glacierkeep	105	B	US	Core destroyed	185	flagoff	8	8	9	40	48	40	161	74	0.4596	4.969	8	0	28,30,20,33,9,37,10,40	185	1	14,2
midgard_s103_A	midgard	103	A	US	Core destroyed	143	flagoff	8	7	53	93	-1	-1	97	96	0.9897	7.216	6	1	53,81,57,93,63,54,62	143	0	26,26
midgard_s103_B	midgard	103	B	US	Core destroyed	167	flagoff	8	7	52	110	-1	-1	122	119	0.9754	5.738	6	1	63,83,60,110,56,99,52	167	1	2,2
midgard_s104_A	midgard	104	A	OPP	Titanium collected (tiebreak)	1000	flagoff	8	6	51	109	-1	-1	956	852	0.8912	0.628	5	1	51,109,55,59,80,76	1000	0	26,26
midgard_s104_B	midgard	104	B	US	Core destroyed	294	flagoff	8	6	53	91	-1	-1	249	245	0.9839	2.41	6	0	69,56,64,91,58,53	294	1	2,2
midgard_s105_A	midgard	105	A	US	Core destroyed	765	flagoff	8	6	49	87	-1	-1	723	716	0.9903	0.83	5	1	49,87,62,66,73,69	765	0	26,26
midgard_s105_B	midgard	105	B	OPP	Core destroyed	389	flagoff	8	7	54	100	-1	-1	342	86	0.2515	2.047	5	2	61,54,64,60,82,100,92	389	1	2,2
nordkap_s103_A	nordkap	103	A	US	Core destroyed	317	flagoff	8	8	5	49	-1	49	315	303	0.9619	2.54	7	1	22,26,21,33,18,6,49,5	317	0	9,18
nordkap_s103_B	nordkap	103	B	US	Core destroyed	953	flagoff	8	8	5	143	143	143	615	187	0.3041	1.301	8	0	20,22,143,76,5,45,6,70	953	1	9,6
nordkap_s104_A	nordkap	104	A	US	Core destroyed	382	flagoff	8	7	5	32	-1	-1	377	282	0.748	1.857	7	0	27,29,19,32,18,6,5	382	0	9,18
nordkap_s104_B	nordkap	104	B	OPP	Core destroyed	644	flagoff	8	8	5	54	54	54	567	508	0.8959	1.411	8	0	16,18,10,21,5,54,6,45	644	1	9,6
nordkap_s105_A	nordkap	105	A	OPP	Core destroyed	248	flagoff	8	6	5	35	-1	-1	114	57	0.5	5.263	6	0	28,32,35,22,6,5	248	0	9,18
nordkap_s105_B	nordkap	105	B	OPP	Core destroyed	502	flagoff	8	7	5	81	-1	-1	444	312	0.7027	1.577	7	0	20,24,70,5,54,6,81	502	1	9,6
yulerune_s103_A	yulerune	103	A	US	Core destroyed	221	flagoff	8	7	36	79	-1	-1	196	186	0.949	3.571	6	1	36,79,44,47,46,52,49	221	0	16,9
yulerune_s103_B	yulerune	103	B	US	Core destroyed	198	flagoff	8	6	31	51	-1	-1	172	165	0.9593	3.488	6	0	43,48,31,51,48,40	198	1	2,9
yulerune_s104_A	yulerune	104	A	OPP	Core destroyed	176	flagoff	8	6	32	49	-1	-1	151	143	0.947	3.974	4	2	32,46,39,49,42,46	176	0	16,9
yulerune_s104_B	yulerune	104	B	OPP	Core destroyed	629	flagoff	8	6	33	72	-1	-1	602	595	0.9884	0.997	6	0	33,54,51,72,45,37	629	1	2,9
yulerune_s105_A	yulerune	105	A	US	Core destroyed	134	flagoff	8	7	28	66	-1	-1	112	106	0.9464	6.25	6	1	51,66,33,28,35,43,38	134	0	16,9
yulerune_s105_B	yulerune	105	B	US	Core destroyed	251	flagoff	8	6	34	64	-1	-1	228	208	0.9123	2.632	6	0	53,56,52,57,34,64	251	1	2,9
atoll_s106_A	atoll	106	A	US	Core destroyed	170	flagoff	8	3	7	16	-1	-1	79	0	0.0	3.797	3	0	16,7,11	170	0	14,2
atoll_s106_B	atoll	106	B	OPP	Core destroyed	388	flagoff	8	4	7	34	-1	-1	62	6	0.0968	6.452	4	0	34,9,7,15	388	1	2,14
atoll_s107_A	atoll	107	A	US	Core destroyed	158	flagoff	8	6	8	63	-1	-1	154	24	0.1558	3.896	6	0	10,8,48,63,43,60	158	0	14,2
atoll_s107_B	atoll	107	B	OPP	Core destroyed	136	flagoff	8	4	7	22	-1	-1	50	10	0.2	8.0	3	1	22,7,8,9	136	1	2,14
atoll_s108_A	atoll	108	A	OPP	Core destroyed	388	flagoff	8	2	8	9	-1	-1	20	0	0.0	10.0	2	0	8,9	388	0	14,2
atoll_s108_B	atoll	108	B	OPP	Titanium collected (tiebreak)	1000	flagoff	8	3	57	402	-1	-1	362	6	0.0166	0.829	1	2	402,57,58	1000	1	2,14
drakkarfjord_s106_A	drakkarfjord	106	A	US	Titanium collected (tiebreak)	1000	flagoff	8	7	10	43	-1	-1	142	1	0.007	4.93	6	1	10,11,31,33,43,36,40	1000	0	26,4
drakkarfjord_s106_B	drakkarfjord	106	B	OPP	Titanium collected (tiebreak)	1000	flagoff	8	8	10	87	99	87	223	45	0.2018	3.587	6	2	82,84,32,87,31,14,11,10	1000	1	2,24
drakkarfjord_s107_A	drakkarfjord	107	A	OPP	Core destroyed	346	flagoff	8	8	10	38	-1	38	196	130	0.6633	4.082	6	2	10,11,38,21,34,22,31,27	346	0	26,4
drakkarfjord_s107_B	drakkarfjord	107	B	US	Core destroyed	173	flagoff	8	8	10	46	46	46	165	0	0.0	4.848	7	1	40,36,46,33,21,14,11,10	173	1	2,24
drakkarfjord_s108_A	drakkarfjord	108	A	US	Core destroyed	374	flagoff	8	8	10	90	96	90	264	0	0.0	3.03	7	1	10,11,25,90,27,37,30,34	374	0	26,4
drakkarfjord_s108_B	drakkarfjord	108	B	US	Core destroyed	129	flagoff	8	8	10	48	48	48	121	0	0.0	6.612	7	1	40,36,48,33,21,14,11,10	129	1	2,24
glacierkeep_s106_A	glacierkeep	106	A	US	Titanium collected (tiebreak)	1000	flagoff	8	8	9	42	47	42	307	253	0.8241	2.606	8	0	37,39,21,42,17,10,14,9	1000	0	14,26
glacierkeep_s106_B	glacierkeep	106	B	US	Core destroyed	185	flagoff	8	8	9	45	53	45	139	79	0.5683	5.755	8	0	33,35,20,38,9,42,10,45	185	1	14,2
glacierkeep_s107_A	glacierkeep	107	A	US	Core destroyed	125	flagoff	8	8	9	44	44	44	119	60	0.5042	6.723	8	0	36,40,21,44,17,10,14,9	125	0	14,26
glacierkeep_s107_B	glacierkeep	107	B	US	Core destroyed	177	flagoff	8	8	9	36	54	36	171	140	0.8187	4.678	8	0	36,32,14,29,9,25,10,22	177	1	14,2
glacierkeep_s108_A	glacierkeep	108	A	US	Core destroyed	265	flagoff	8	8	9	55	55	55	259	96	0.3707	3.089	8	0	55,51,21,48,17,10,14,9	265	0	14,26
glacierkeep_s108_B	glacierkeep	108	B	US	Core destroyed	257	flagoff	8	8	9	44	46	44	251	59	0.2351	3.187	8	0	33,29,44,26,9,22,10,19	257	1	14,2
midgard_s106_A	midgard	106	A	US	Core destroyed	241	flagoff	8	7	54	102	-1	-1	195	191	0.9795	3.59	6	1	54,89,58,102,63,73,66	241	0	26,26
midgard_s106_B	midgard	106	B	US	Core destroyed	316	flagoff	8	6	53	89	-1	-1	273	268	0.9817	2.198	6	0	63,59,61,53,89,66	316	1	2,2
midgard_s107_A	midgard	107	A	US	Core destroyed	833	flagoff	8	6	49	93	-1	-1	791	780	0.9861	0.759	6	0	49,93,60,64,61,66	833	0	26,26
midgard_s107_B	midgard	107	B	OPP	Core destroyed	571	flagoff	8	6	55	92	-1	-1	369	99	0.2683	1.626	6	0	62,66,59,55,84,92	571	1	2,2
midgard_s108_A	midgard	108	A	OPP	Titanium collected (tiebreak)	1000	flagoff	8	7	49	110	-1	-1	958	954	0.9958	0.731	6	1	49,92,53,110,69,77,72	1000	0	26,26
midgard_s108_B	midgard	108	B	OPP	Core destroyed	628	flagoff	8	6	53	105	-1	-1	583	166	0.2847	1.029	6	0	60,56,63,57,105,53	628	1	2,2
nordkap_s106_A	nordkap	106	A	OPP	Core destroyed	837	flagoff	8	8	5	99	416	99	835	774	0.9269	0.958	7	1	22,96,18,99,88,5,15,6	837	0	9,18
nordkap_s106_B	nordkap	106	B	US	Titanium collected (tiebreak)	1000	flagoff	8	6	4	39	-1	-1	998	983	0.985	0.601	5	1	24,5,25,4,8,39	1000	1	9,6
nordkap_s107_A	nordkap	107	A	US	Core destroyed	407	flagoff	8	8	5	77	-1	77	196	102	0.5204	4.082	8	0	72,74,14,77,66,6,10,5	407	0	9,18
nordkap_s107_B	nordkap	107	B	US	Core destroyed	521	flagoff	8	8	5	47	62	47	519	503	0.9692	1.541	8	0	47,41,17,31,5,25,6,24	521	1	9,6
nordkap_s108_A	nordkap	108	A	OPP	Core destroyed	513	flagoff	8	8	4	83	84	83	357	292	0.8179	2.241	7	1	28,83,23,5,65,4,63,13	513	0	9,18
nordkap_s108_B	nordkap	108	B	US	Core destroyed	394	flagoff	8	8	5	64	105	64	392	330	0.8418	2.041	7	1	26,23,64,20,5,18,6,13	394	1	9,6
yulerune_s106_A	yulerune	106	A	US	Core destroyed	297	flagoff	8	7	32	69	-1	-1	272	265	0.9743	2.574	6	1	32,69,38,39,44,44,44	297	0	16,9
yulerune_s106_B	yulerune	106	B	OPP	Core destroyed	427	flagoff	8	6	31	46	-1	-1	169	52	0.3077	3.55	6	0	45,46,31,43,39,33	427	1	2,9
yulerune_s107_A	yulerune	107	A	US	Titanium collected (tiebreak)	1000	flagoff	8	6	31	51	-1	-1	976	661	0.6773	0.615	6	0	31,38,51,35,48,40	1000	0	16,9
yulerune_s107_B	yulerune	107	B	OPP	Core destroyed	180	flagoff	8	7	39	112	-1	-1	155	145	0.9355	4.516	5	2	44,48,112,49,96,45,39	180	1	2,9
yulerune_s108_A	yulerune	108	A	US	Core destroyed	212	flagoff	8	6	31	53	-1	-1	186	181	0.9731	3.226	6	0	42,53,31,49,34,46	212	0	16,9
yulerune_s108_B	yulerune	108	B	OPP	Core destroyed	222	flagoff	8	5	39	52	-1	-1	55	44	0.8	9.091	5	0	43,49,52,44,39	222	1	2,9
atoll_s109_A	atoll	109	A	OPP	Core destroyed	256	flagoff	8	1	21	21	-1	-1	111	9	0.0811	0.901	1	0	21	256	0	14,2
atoll_s109_B	atoll	109	B	OPP	Core destroyed	130	flagoff	8	5	7	29	-1	-1	96	13	0.1354	5.208	5	0	29,21,7,8,12	130	1	2,14
atoll_s110_A	atoll	110	A	OPP	Titanium collected (tiebreak)	1000	flagoff	8	3	7	36	-1	-1	86	9	0.1047	3.488	3	0	7,8,36	1000	0	14,2
atoll_s110_B	atoll	110	B	US	Core destroyed	212	flagoff	8	6	7	46	-1	-1	97	48	0.4948	6.186	6	0	38,46,35,7,8,21	212	1	2,14
atoll_s111_A	atoll	111	A	OPP	Core destroyed	256	flagoff	8	1	21	21	-1	-1	111	9	0.0811	0.901	1	0	21	256	0	14,2
atoll_s111_B	atoll	111	B	OPP	Core destroyed	180	flagoff	8	4	7	31	-1	-1	63	24	0.381	6.349	4	0	31,9,7,15	180	1	2,14
drakkarfjord_s109_A	drakkarfjord	109	A	US	Core destroyed	205	flagoff	8	8	10	65	78	65	148	0	0.0	5.405	7	1	10,11,25,65,27,37,30,34	205	0	26,4
drakkarfjord_s109_B	drakkarfjord	109	B	US	Core destroyed	126	flagoff	8	8	10	48	48	48	118	0	0.0	6.78	7	1	40,36,48,33,21,14,11,10	126	1	2,24
drakkarfjord_s110_A	drakkarfjord	110	A	US	Core destroyed	206	flagoff	8	8	10	53	53	53	188	48	0.2553	4.255	7	1	10,11,53,31,49,35,46,38	206	0	26,4
drakkarfjord_s110_B	drakkarfjord	110	B	OPP	Core destroyed	780	flagoff	8	8	10	75	75	75	180	0	0.0	4.444	7	1	48,51,40,75,34,14,11,10	780	1	2,24
drakkarfjord_s111_A	drakkarfjord	111	A	OPP	Core destroyed	470	flagoff	8	6	10	42	-1	-1	174	23	0.1322	3.448	5	1	10,11,29,31,34,42	470	0	26,4
drakkarfjord_s111_B	drakkarfjord	111	B	US	Core destroyed	137	flagoff	8	6	10	76	-1	-1	94	0	0.0	6.383	5	1	76,73,20,14,11,10	137	1	2,24
glacierkeep_s109_A	glacierkeep	109	A	US	Titanium collected (tiebreak)	1000	flagoff	8	8	9	67	78	67	79	0	0.0	10.127	7	1	54,64,18,67,17,10,14,9	1000	0	14,26
glacierkeep_s109_B	glacierkeep	109	B	US	Core destroyed	517	flagoff	8	8	9	60	60	60	209	60	0.2871	3.828	8	0	33,29,60,26,9,22,10,19	517	1	14,2
glacierkeep_s110_A	glacierkeep	110	A	US	Core destroyed	369	flagoff	8	8	9	61	61	61	350	12	0.0343	2.286	7	1	47,58,18,61,17,10,14,9	369	0	14,26
glacierkeep_s110_B	glacierkeep	110	B	US	Core destroyed	280	flagoff	8	8	10	37	37	37	230	0	0.0	3.478	8	0	37,33,15,30,10,26,11,23	280	1	14,2
glacierkeep_s111_A	glacierkeep	111	A	OPP	Core destroyed	729	flagoff	8	8	9	57	57	57	708	10	0.0141	1.13	7	1	49,54,18,57,17,10,14,9	729	0	14,26
glacierkeep_s111_B	glacierkeep	111	B	OPP	Titanium stored (tiebreak)	1000	flagoff	8	8	10	42	42	42	994	0	0.0	0.805	8	0	34,30,42,27,10,23,11,20	1000	1	14,2
midgard_s109_A	midgard	109	A	US	Core destroyed	436	flagoff	8	7	50	122	-1	-1	394	373	0.9467	1.777	6	1	50,102,54,122,69,78,68	436	0	26,26
midgard_s109_B	midgard	109	B	OPP	Core destroyed	213	flagoff	8	7	58	107	-1	-1	167	163	0.976	4.192	4	3	70,75,68,107,58,95,98	213	1	2,2
midgard_s110_A	midgard	110	A	OPP	Core destroyed	837	flagoff	8	6	59	74	-1	-1	795	481	0.605	0.755	6	0	59,63,60,70,74,69	837	0	26,26
midgard_s110_B	midgard	110	B	US	Core destroyed	196	flagoff	8	6	55	86	-1	-1	151	148	0.9801	3.974	6	0	62,66,59,55,86,68	196	1	2,2
midgard_s111_A	midgard	111	A	OPP	Core destroyed	646	flagoff	8	6	58	116	-1	-1	597	594	0.995	1.005	6	0	58,116,62,68,78,71	646	0	26,26
midgard_s111_B	midgard	111	B	US	Core destroyed	385	flagoff	8	7	55	102	-1	-1	340	331	0.9735	2.059	6	1	62,66,59,55,84,102,71	385	1	2,2
nordkap_s109_A	nordkap	109	A	OPP	Core destroyed	565	flagoff	8	6	8	60	-1	-1	233	12	0.0515	2.575	5	1	37,42,36,48,60,8	565	0	9,18
nordkap_s109_B	nordkap	109	B	OPP	Core destroyed	247	flagoff	8	6	5	42	-1	-1	117	70	0.5983	5.128	6	0	16,18,10,42,5,6	247	1	9,6
nordkap_s110_A	nordkap	110	A	US	Core destroyed	740	flagoff	8	8	4	84	84	84	566	347	0.6131	1.413	6	2	23,31,20,34,16,4,84,12	740	0	9,18
nordkap_s110_B	nordkap	110	B	OPP	Core destroyed	364	flagoff	8	8	5	318	-1	318	227	154	0.6784	3.524	7	1	16,18,10,21,5,52,6,318	364	1	9,6
nordkap_s111_A	nordkap	111	A	OPP	Core destroyed	249	flagoff	8	7	4	28	-1	-1	102	28	0.2745	6.863	6	1	28,25,23,22,20,5,4	249	0	9,18
nordkap_s111_B	nordkap	111	B	US	Core destroyed	381	flagoff	8	8	5	35	37	35	379	368	0.971	2.111	8	0	16,18,10,21,5,27,6,35	381	1	9,6
yulerune_s109_A	yulerune	109	A	OPP	Core destroyed	236	flagoff	8	5	31	52	-1	-1	133	53	0.3985	3.759	5	0	41,48,31,51,52	236	0	16,9
yulerune_s109_B	yulerune	109	B	US	Core destroyed	285	flagoff	8	6	38	50	-1	-1	218	69	0.3165	2.752	6	0	45,50,42,48,42,38	285	1	2,9
yulerune_s110_A	yulerune	110	A	OPP	Core destroyed	193	flagoff	8	5	31	42	-1	-1	168	161	0.9583	2.976	5	0	38,42,31,34,42	193	0	16,9
yulerune_s110_B	yulerune	110	B	OPP	Core destroyed	453	flagoff	8	7	32	69	-1	-1	428	254	0.5935	1.636	6	1	49,44,46,45,69,38,32	453	1	2,9
yulerune_s111_A	yulerune	111	A	OPP	Core destroyed	238	flagoff	8	6	31	51	-1	-1	214	203	0.9486	2.804	6	0	31,51,34,51,43,48	238	0	16,9
yulerune_s111_B	yulerune	111	B	OPP	Core destroyed	220	flagoff	8	7	30	93	-1	-1	198	190	0.9596	3.535	6	1	48,40,51,37,38,30,93	220	1	2,9
atoll_s112_A	atoll	112	A	OPP	Titanium collected (tiebreak)	1000	flagoff	8	5	10	133	-1	-1	176	22	0.125	2.841	4	1	11,10,133,37,36	1000	0	14,2
atoll_s112_B	atoll	112	B	OPP	Core destroyed	256	flagoff	8	7	7	58	-1	-1	81	29	0.358	8.642	7	0	26,58,20,30,7,8,39	256	1	2,14
atoll_s113_A	atoll	113	A	US	Core destroyed	187	flagoff	8	7	10	113	-1	-1	183	157	0.8579	3.825	7	0	44,40,113,10,12,58,24	187	0	14,2
atoll_s113_B	atoll	113	B	OPP	Core destroyed	341	flagoff	8	6	7	37	-1	-1	215	24	0.1116	2.791	6	0	15,37,9,22,7,32	341	1	2,14
atoll_s114_A	atoll	114	A	OPP	Core destroyed	505	flagoff	8	3	7	119	-1	-1	240	91	0.3792	1.25	3	0	14,7,119	505	0	14,2
atoll_s114_B	atoll	114	B	OPP	Core destroyed	128	flagoff	8	1	8	8	-1	-1	33	4	0.1212	3.03	1	0	8	128	1	2,14
drakkarfjord_s112_A	drakkarfjord	112	A	OPP	Core destroyed	482	flagoff	8	3	10	440	-1	-1	141	0	0.0	2.128	2	1	10,11,440	482	0	26,4
drakkarfjord_s112_B	drakkarfjord	112	B	OPP	Core destroyed	309	flagoff	8	5	10	32	-1	-1	102	0	0.0	4.902	3	2	32,31,14,11,10	309	1	2,24
drakkarfjord_s113_A	drakkarfjord	113	A	US	Core destroyed	169	flagoff	8	8	10	68	-1	68	133	0	0.0	6.015	7	1	10,11,31,68,33,43,36,40	169	0	26,4
drakkarfjord_s113_B	drakkarfjord	113	B	OPP	Core destroyed	325	flagoff	8	4	10	45	-1	-1	74	0	0.0	5.405	3	1	45,14,11,10	325	1	2,24
drakkarfjord_s114_A	drakkarfjord	114	A	OPP	Core destroyed	805	flagoff	8	7	10	43	-1	-1	109	0	0.0	6.422	6	1	10,11,31,33,43,36,40	805	0	26,4
drakkarfjord_s114_B	drakkarfjord	114	B	US	Core destroyed	173	flagoff	8	8	10	74	-1	74	165	0	0.0	4.848	7	1	48,50,40,74,34,14,11,10	173	1	2,24
glacierkeep_s112_A	glacierkeep	112	A	OPP	Titanium collected (tiebreak)	1000	flagoff	8	8	9	63	-1	63	346	0	0.0	2.312	7	1	44,62,18,63,17,10,14,9	1000	0	14,26
glacierkeep_s112_B	glacierkeep	112	B	US	Core destroyed	277	flagoff	8	8	9	36	49	36	271	60	0.2214	2.952	8	0	36,32,14,29,9,25,10,22	277	1	14,2
glacierkeep_s113_A	glacierkeep	113	A	US	Core destroyed	377	flagoff	8	8	9	46	46	46	371	116	0.3127	2.156	8	0	41,43,23,46,19,10,14,9	377	0	14,26
glacierkeep_s113_B	glacierkeep	113	B	US	Titanium collected (tiebreak)	1000	flagoff	8	8	9	61	61	61	239	61	0.2552	3.347	8	0	33,29,61,26,9,22,10,19	1000	1	14,2
glacierkeep_s114_A	glacierkeep	114	A	US	Core destroyed	237	flagoff	8	8	10	44	44	44	231	200	0.8658	3.463	8	0	39,41,22,44,18,11,15,10	237	0	14,26
glacierkeep_s114_B	glacierkeep	114	B	US	Core destroyed	177	flagoff	8	8	9	36	62	36	171	139	0.8129	4.678	8	0	36,32,14,29,9,25,10,22	177	1	14,2
midgard_s112_A	midgard	112	A	US	Core destroyed	174	flagoff	8	6	51	80	-1	-1	130	127	0.9769	4.615	6	0	51,80,55,59,66,62	174	0	26,26
midgard_s112_B	midgard	112	B	OPP	Core destroyed	508	flagoff	8	6	57	107	-1	-1	88	57	0.6477	6.818	6	0	72,76,68,65,57,107	508	1	2,2
midgard_s113_A	midgard	113	A	US	Core destroyed	212	flagoff	8	7	49	83	-1	-1	171	161	0.9415	4.094	5	2	49,72,53,83,59,61,62	212	0	26,26
midgard_s113_B	midgard	113	B	OPP	Core destroyed	308	flagoff	8	7	55	92	-1	-1	263	256	0.9734	2.662	6	1	62,66,59,55,84,92,90	308	1	2,2
midgard_s114_A	midgard	114	A	US	Core destroyed	196	flagoff	8	7	53	101	-1	-1	151	148	0.9801	4.636	5	2	53,97,57,101,61,58,63	196	0	26,26
midgard_s114_B	midgard	114	B	US	Titanium collected (tiebreak)	1000	flagoff	8	7	54	189	-1	-1	954	952	0.9979	0.734	7	0	57,54,60,128,56,189,72	1000	1	2,2
nordkap_s112_A	nordkap	112	A	US	Core destroyed	417	flagoff	8	8	5	71	88	71	415	405	0.9759	1.928	7	1	22,66,21,71,44,6,54,5	417	0	9,18
nordkap_s112_B	nordkap	112	B	US	Core destroyed	164	flagoff	8	8	5	66	-1	66	162	149	0.9198	4.938	7	1	32,28,35,50,5,66,6,20	164	1	9,6
nordkap_s113_A	nordkap	113	A	OPP	Core destroyed	314	flagoff	8	7	4	36	-1	-1	264	237	0.8977	2.652	5	2	34,36,5,18,4,8,7	314	0	9,18
nordkap_s113_B	nordkap	113	B	US	Core destroyed	213	flagoff	8	7	5	29	-1	-1	211	197	0.9336	3.318	5	2	27,25,29,5,15,8,9	213	1	9,6
nordkap_s114_A	nordkap	114	A	US	Core destroyed	296	flagoff	8	8	4	172	174	172	294	227	0.7721	2.721	6	2	23,19,19,8,141,7,172,4	296	0	9,18
nordkap_s114_B	nordkap	114	B	OPP	Core destroyed	330	flagoff	8	5	5	29	-1	-1	150	98	0.6533	3.333	5	0	29,23,24,5,6	330	1	9,6
yulerune_s112_A	yulerune	112	A	OPP	Core destroyed	577	flagoff	8	5	38	57	-1	-1	552	545	0.9873	0.906	5	0	38,44,57,54,50	577	0	16,9
yulerune_s112_B	yulerune	112	B	US	Core destroyed	310	flagoff	8	7	32	71	-1	-1	285	279	0.9789	2.456	5	2	54,49,71,46,69,36,32	310	1	2,9
yulerune_s113_A	yulerune	113	A	OPP	Core destroyed	401	flagoff	8	5	32	52	-1	-1	376	364	0.9681	1.33	4	1	32,38,52,49,45	401	0	16,9
yulerune_s113_B	yulerune	113	B	US	Core destroyed	479	flagoff	8	6	36	58	-1	-1	442	374	0.8462	1.357	6	0	43,46,47,58,36,39	479	1	2,9
yulerune_s114_A	yulerune	114	A	US	Core destroyed	205	flagoff	8	7	32	67	-1	-1	180	171	0.95	3.889	6	1	32,67,38,43,42,41,45	205	0	16,9
yulerune_s114_B	yulerune	114	B	OPP	Core destroyed	184	flagoff	8	7	31	80	-1	-1	159	72	0.4528	4.403	6	1	39,36,34,33,31,32,80	184	1	2,9
atoll_s115_A	atoll	115	A	OPP	Core destroyed	332	flagoff	8	2	8	12	-1	-1	22	3	0.1364	9.091	2	0	12,8	332	0	14,2
atoll_s115_B	atoll	115	B	US	Core destroyed	212	flagoff	8	6	7	46	-1	-1	208	67	0.3221	2.885	6	0	38,46,35,7,8,21	212	1	2,14
atoll_s116_A	atoll	116	A	US	Core destroyed	248	flagoff	8	6	8	65	-1	-1	244	57	0.2336	2.459	6	0	8,65,55,42,52,45	248	0	14,2
atoll_s116_B	atoll	116	B	US	Core destroyed	159	flagoff	8	6	7	87	-1	-1	150	10	0.0667	4.0	6	0	15,40,9,87,7,79	159	1	2,14
atoll_s117_A	atoll	117	A	US	Core destroyed	306	flagoff	8	7	10	221	-1	-1	302	104	0.3444	2.318	7	0	36,221,61,10,12,48,24	306	0	14,2
atoll_s117_B	atoll	117	B	OPP	Core destroyed	186	flagoff	8	5	8	35	-1	-1	130	51	0.3923	3.846	4	1	20,35,12,32,8	186	1	2,14
drakkarfjord_s115_A	drakkarfjord	115	A	US	Core destroyed	544	flagoff	8	8	10	37	42	37	536	480	0.8955	1.493	7	1	10,11,37,18,33,22,30,26	544	0	26,4
drakkarfjord_s115_B	drakkarfjord	115	B	US	Core destroyed	129	flagoff	8	8	10	46	46	46	121	0	0.0	6.612	7	1	40,36,46,33,21,14,11,10	129	1	2,24
drakkarfjord_s116_A	drakkarfjord	116	A	OPP	Core destroyed	214	flagoff	8	7	10	37	-1	-1	133	0	0.0	5.263	6	1	10,11,25,27,37,30,34	214	0	26,4
drakkarfjord_s116_B	drakkarfjord	116	B	US	Core destroyed	143	flagoff	8	8	10	46	46	46	135	0	0.0	5.926	7	1	40,36,46,33,21,14,11,10	143	1	2,24
drakkarfjord_s117_A	drakkarfjord	117	A	OPP	Core destroyed	472	flagoff	8	8	10	58	-1	58	130	0	0.0	6.154	7	1	10,11,25,58,27,37,30,34	472	0	26,4
drakkarfjord_s117_B	drakkarfjord	117	B	OPP	Harvesters (tiebreak)	1000	flagoff	8	8	10	206	-1	206	652	0	0.0	1.227	7	1	206,147,44,144,83,14,11,10	1000	1	2,24
glacierkeep_s115_A	glacierkeep	115	A	US	Core destroyed	221	flagoff	8	8	10	49	49	49	215	71	0.3302	3.721	8	0	45,47,30,49,18,11,15,10	221	0	14,26
glacierkeep_s115_B	glacierkeep	115	B	US	Core destroyed	173	flagoff	8	8	9	45	53	45	151	114	0.755	5.298	8	0	33,35,20,38,9,42,10,45	173	1	14,2
glacierkeep_s116_A	glacierkeep	116	A	US	Core destroyed	173	flagoff	8	8	9	55	55	55	167	143	0.8563	4.79	8	0	55,48,23,45,19,10,14,9	173	0	14,26
glacierkeep_s116_B	glacierkeep	116	B	US	Core destroyed	469	flagoff	8	8	9	36	49	36	463	433	0.9352	1.728	8	0	36,32,14,29,9,25,10,22	469	1	14,2
glacierkeep_s117_A	glacierkeep	117	A	US	Core destroyed	181	flagoff	8	8	9	47	47	47	175	148	0.8457	4.571	8	0	42,44,23,47,19,10,14,9	181	0	14,26
glacierkeep_s117_B	glacierkeep	117	B	US	Core destroyed	565	flagoff	8	8	9	41	46	41	454	60	0.1322	1.762	8	0	36,38,20,41,9,40,10,39	565	1	14,2
midgard_s115_A	midgard	115	A	US	Core destroyed	545	flagoff	8	7	53	98	-1	-1	499	495	0.992	1.403	6	1	53,83,57,98,63,70,66	545	0	26,26
midgard_s115_B	midgard	115	B	US	Core destroyed	292	flagoff	8	7	56	96	-1	-1	241	238	0.9876	2.905	5	2	70,72,68,96,60,85,56	292	1	2,2
midgard_s116_A	midgard	116	A	OPP	Core destroyed	285	flagoff	8	6	52	96	-1	-1	108	67	0.6204	5.556	6	0	52,96,61,68,75,71	285	0	26,26
midgard_s116_B	midgard	116	B	OPP	Core destroyed	408	flagoff	8	7	48	104	-1	-1	272	230	0.8456	2.574	5	2	56,74,53,104,48,87,63	408	1	2,2
midgard_s117_A	midgard	117	A	US	Core destroyed	257	flagoff	8	6	53	111	-1	-1	211	207	0.981	2.844	5	1	53,111,62,89,93,87	257	0	26,26
midgard_s117_B	midgard	117	B	US	Core destroyed	201	flagoff	8	6	56	90	-1	-1	156	154	0.9872	3.846	6	0	63,67,60,56,81,90	201	1	2,2
nordkap_s115_A	nordkap	115	A	OPP	Core destroyed	224	flagoff	8	7	5	44	-1	-1	134	55	0.4104	5.224	7	0	42,44,16,43,6,10,5	224	0	9,18
nordkap_s115_B	nordkap	115	B	OPP	Core destroyed	522	flagoff	8	6	5	42	-1	-1	339	206	0.6077	1.77	6	0	22,24,10,5,42,6	522	1	9,6
nordkap_s116_A	nordkap	116	A	OPP	Core destroyed	228	flagoff	8	2	5	6	-1	-1	132	95	0.7197	1.515	2	0	6,5	228	0	9,18
nordkap_s116_B	nordkap	116	B	US	Core destroyed	113	flagoff	8	8	4	33	33	33	111	97	0.8739	7.207	7	1	17,20,5,26,4,30,8,33	113	1	9,6
nordkap_s117_A	nordkap	117	A	OPP	Core destroyed	288	flagoff	8	6	8	96	-1	-1	246	173	0.7033	2.439	6	0	80,93,43,96,9,8	288	0	9,18
nordkap_s117_B	nordkap	117	B	US	Core destroyed	125	flagoff	8	8	5	30	39	30	123	110	0.8943	6.504	8	0	16,18,10,21,5,25,6,30	125	1	9,6
yulerune_s115_A	yulerune	115	A	OPP	Core destroyed	238	flagoff	8	6	31	51	-1	-1	214	203	0.9486	2.804	6	0	31,51,34,51,43,48	238	0	16,9
yulerune_s115_B	yulerune	115	B	US	Core destroyed	236	flagoff	8	6	34	64	-1	-1	213	193	0.9061	2.817	6	0	53,56,52,57,34,64	236	1	2,9
yulerune_s116_A	yulerune	116	A	US	Core destroyed	269	flagoff	8	7	31	76	-1	-1	245	244	0.9959	2.857	6	1	31,76,32,34,40,41,43	269	0	16,9
yulerune_s116_B	yulerune	116	B	US	Core destroyed	464	flagoff	8	6	36	58	-1	-1	427	362	0.8478	1.405	6	0	43,46,47,58,36,39	464	1	2,9
yulerune_s117_A	yulerune	117	A	US	Core destroyed	191	flagoff	8	6	31	43	-1	-1	169	147	0.8698	3.55	6	0	32,31,34,41,39,43	191	0	16,9
yulerune_s117_B	yulerune	117	B	OPP	Core destroyed	405	flagoff	8	6	34	53	-1	-1	380	377	0.9921	1.579	6	0	42,37,34,53,50,41	405	1	2,9
atoll_s10_A	atoll	10	A	OPP	Core destroyed	466	flagoff	8	3	7	215	-1	-1	75	5	0.0667	4.0	1	2	10,7,215	466	0	14,2
atoll_s10_B	atoll	10	B	OPP	Core destroyed	392	flagoff	8	7	10	365	-1	-1	187	31	0.1658	3.743	6	1	25,40,12,37,10,365,302	392	1	2,14
atoll_s11_A	atoll	11	A	OPP	Core destroyed	680	flagoff	8	6	8	295	-1	-1	318	54	0.1698	1.887	4	2	10,8,295,127,89,129	680	0	14,2
atoll_s11_B	atoll	11	B	OPP	Core destroyed	430	flagoff	8	7	8	71	-1	-1	251	159	0.6335	2.789	7	0	71,59,70,42,8,9,15	430	1	2,14
atoll_s12_A	atoll	12	A	OPP	Core destroyed	237	flagoff	8	5	8	22	-1	-1	54	11	0.2037	9.259	4	1	8,16,18,22,21	237	0	14,2
atoll_s12_B	atoll	12	B	US	Core destroyed	454	flagoff	8	5	10	45	-1	-1	270	12	0.0444	1.852	5	0	25,45,12,37,10	454	1	2,14
drakkarfjord_s10_A	drakkarfjord	10	A	OPP	Titanium collected (tiebreak)	1000	flagoff	8	7	10	43	-1	-1	150	0	0.0	4.667	6	1	10,11,31,33,43,36,40	1000	0	26,4
drakkarfjord_s10_B	drakkarfjord	10	B	US	Core destroyed	123	flagoff	8	8	10	46	46	46	115	0	0.0	6.957	7	1	40,36,46,33,21,14,11,10	123	1	2,24
drakkarfjord_s11_A	drakkarfjord	11	A	US	Core destroyed	605	flagoff	8	8	10	86	-1	86	290	0	0.0	2.759	7	1	10,11,31,86,33,44,36,41	605	0	26,4
drakkarfjord_s11_B	drakkarfjord	11	B	US	Core destroyed	161	flagoff	8	8	10	46	46	46	153	0	0.0	5.229	7	1	40,36,46,33,21,14,11,10	161	1	2,24
drakkarfjord_s12_A	drakkarfjord	12	A	OPP	Core destroyed	432	flagoff	8	7	10	43	-1	-1	128	0	0.0	5.469	6	1	10,11,31,33,43,36,40	432	0	26,4
drakkarfjord_s12_B	drakkarfjord	12	B	OPP	Core destroyed	358	flagoff	8	6	10	138	-1	-1	122	0	0.0	4.918	5	1	138,45,135,14,11,10	358	1	2,24
glacierkeep_s10_A	glacierkeep	10	A	US	Titanium collected (tiebreak)	1000	flagoff	8	8	9	63	91	63	287	128	0.446	2.787	8	0	63,56,21,53,17,10,14,9	1000	0	14,26
glacierkeep_s10_B	glacierkeep	10	B	US	Core destroyed	257	flagoff	8	8	9	44	46	44	251	59	0.2351	3.187	8	0	33,29,44,26,9,22,10,19	257	1	14,2
glacierkeep_s11_A	glacierkeep	11	A	OPP	Core destroyed	609	flagoff	8	8	9	46	46	46	141	71	0.5035	5.674	8	0	40,43,25,46,17,10,14,9	609	0	14,26
glacierkeep_s11_B	glacierkeep	11	B	US	Core destroyed	276	flagoff	8	8	9	36	49	36	250	131	0.524	3.2	8	0	36,32,14,29,9,25,10,22	276	1	14,2
glacierkeep_s12_A	glacierkeep	12	A	OPP	Core destroyed	747	flagoff	8	8	10	46	46	46	398	313	0.7864	2.01	8	0	39,43,22,46,18,11,15,10	747	0	14,26
glacierkeep_s12_B	glacierkeep	12	B	US	Titanium collected (tiebreak)	1000	flagoff	8	8	9	36	44	36	150	57	0.38	5.333	8	0	36,32,14,29,9,25,10,22	1000	1	14,2
midgard_s10_A	midgard	10	A	OPP	Core destroyed	301	flagoff	8	4	52	74	-1	-1	259	255	0.9846	1.544	4	0	52,56,60,74	301	0	26,26
midgard_s10_B	midgard	10	B	US	Core destroyed	161	flagoff	8	7	55	100	-1	-1	116	112	0.9655	6.034	6	1	62,66,59,55,80,100,83	161	1	2,2
midgard_s11_A	midgard	11	A	US	Core destroyed	210	flagoff	8	6	57	76	-1	-1	160	152	0.95	3.75	6	0	76,76,72,68,57,65	210	0	26,26
midgard_s11_B	midgard	11	B	US	Titanium collected (tiebreak)	1000	flagoff	8	6	54	73	-1	-1	954	952	0.9979	0.629	6	0	57,54,60,58,73,54	1000	1	2,2
midgard_s12_A	midgard	12	A	OPP	Core destroyed	237	flagoff	8	7	52	84	-1	-1	193	185	0.9585	3.627	5	2	52,79,56,84,60,67,64	237	0	26,26
midgard_s12_B	midgard	12	B	OPP	Core destroyed	249	flagoff	8	7	54	96	-1	-1	203	201	0.9901	3.448	4	3	57,54,60,96,56,89,64	249	1	2,2
nordkap_s10_A	nordkap	10	A	OPP	Core destroyed	213	flagoff	8	4	5	15	-1	-1	151	91	0.6026	2.649	4	0	15,6,10,5	213	0	9,18
nordkap_s10_B	nordkap	10	B	OPP	Core destroyed	297	flagoff	8	5	5	32	-1	-1	266	118	0.4436	1.88	4	1	24,26,5,6,32	297	1	9,6
nordkap_s11_A	nordkap	11	A	US	Core destroyed	240	flagoff	8	7	5	137	-1	-1	238	227	0.9538	2.941	7	0	114,102,50,137,21,6,5	240	0	9,18
nordkap_s11_B	nordkap	11	B	US	Core destroyed	325	flagoff	8	7	5	53	-1	-1	222	132	0.5946	3.153	7	0	25,25,43,5,53,6,32	325	1	9,6
nordkap_s12_A	nordkap	12	A	US	Core destroyed	412	flagoff	8	8	5	57	158	57	378	305	0.8069	2.116	7	1	23,27,22,34,19,6,57,5	412	0	9,18
nordkap_s12_B	nordkap	12	B	US	Core destroyed	344	flagoff	8	5	4	23	-1	-1	244	85	0.3484	2.049	4	1	23,5,4,8,15	344	1	9,6
yulerune_s10_A	yulerune	10	A	US	Core destroyed	261	flagoff	8	7	32	66	-1	-1	236	230	0.9746	2.966	6	1	32,66,44,34,46,39,43	261	0	16,9
yulerune_s10_B	yulerune	10	B	US	Core destroyed	168	flagoff	8	6	32	52	-1	-1	146	134	0.9178	4.11	5	1	42,45,52,42,38,32	168	1	2,9
yulerune_s11_A	yulerune	11	A	US	Core destroyed	332	flagoff	8	5	38	57	-1	-1	307	301	0.9805	1.629	5	0	38,44,57,54,50	332	0	16,9
yulerune_s11_B	yulerune	11	B	OPP	Core destroyed	246	flagoff	8	6	36	73	-1	-1	84	44	0.5238	7.143	6	0	48,53,73,56,36,40	246	1	2,9
yulerune_s12_A	yulerune	12	A	US	Core destroyed	573	flagoff	8	5	32	47	-1	-1	548	544	0.9927	0.912	5	0	32,38,35,40,47	573	0	16,9
yulerune_s12_B	yulerune	12	B	OPP	Core destroyed	310	flagoff	8	7	32	63	-1	-1	285	160	0.5614	2.456	5	2	44,37,63,34,60,32,40	310	1	2,9
atoll_s13_A	atoll	13	A	US	Core destroyed	416	flagoff	8	6	7	222	-1	-1	341	269	0.7889	1.76	4	2	97,10,170,7,175,222	416	0	14,2
atoll_s13_B	atoll	13	B	OPP	Core destroyed	375	flagoff	8	6	8	86	-1	-1	192	8	0.0417	3.125	5	1	60,9,66,8,79,86	375	1	2,14
atoll_s14_A	atoll	14	A	US	Core destroyed	251	flagoff	8	7	8	137	-1	-1	247	9	0.0364	2.834	6	1	10,8,49,68,43,137,114	251	0	14,2
atoll_s14_B	atoll	14	B	OPP	Core destroyed	256	flagoff	8	2	46	63	-1	-1	74	2	0.027	2.703	1	1	63,46	256	1	2,14
atoll_s15_A	atoll	15	A	US	Core destroyed	621	flagoff	8	5	7	409	-1	-1	332	42	0.1265	1.506	5	0	16,7,405,11,409	621	0	14,2
atoll_s15_B	atoll	15	B	US	Core destroyed	164	flagoff	8	7	7	46	-1	-1	160	33	0.2062	4.375	7	0	26,46,20,30,7,8,38	164	1	2,14
drakkarfjord_s13_A	drakkarfjord	13	A	OPP	Core destroyed	357	flagoff	8	7	10	43	-1	-1	78	0	0.0	8.974	6	1	10,11,31,33,43,36,40	357	0	26,4
drakkarfjord_s13_B	drakkarfjord	13	B	US	Core destroyed	192	flagoff	8	8	10	81	81	81	148	0	0.0	5.405	7	1	74,78,71,81,20,14,11,10	192	1	2,24
drakkarfjord_s14_A	drakkarfjord	14	A	US	Titanium collected (tiebreak)	1000	flagoff	8	8	10	308	-1	308	195	4	0.0205	4.103	7	1	10,11,31,308,33,43,36,40	1000	0	26,4
drakkarfjord_s14_B	drakkarfjord	14	B	US	Core destroyed	249	flagoff	8	8	10	46	-1	46	241	177	0.7344	3.32	6	2	46,42,10,36,11,35,17,21	249	1	2,24
drakkarfjord_s15_A	drakkarfjord	15	A	OPP	Core destroyed	647	flagoff	8	7	10	43	-1	-1	218	65	0.2982	3.211	6	1	10,11,31,33,43,36,40	647	0	26,4
drakkarfjord_s15_B	drakkarfjord	15	B	US	Core destroyed	171	flagoff	8	8	10	46	46	46	163	0	0.0	4.908	7	1	40,36,46,33,21,14,11,10	171	1	2,24
glacierkeep_s13_A	glacierkeep	13	A	US	Titanium collected (tiebreak)	1000	flagoff	8	8	9	59	-1	59	357	4	0.0112	2.241	7	1	46,56,18,59,17,10,14,9	1000	0	14,26
glacierkeep_s13_B	glacierkeep	13	B	US	Core destroyed	293	flagoff	8	8	9	36	48	36	207	100	0.4831	3.865	8	0	36,32,14,29,9,25,10,22	293	1	14,2
glacierkeep_s14_A	glacierkeep	14	A	US	Core destroyed	216	flagoff	8	8	10	49	49	49	210	181	0.8619	3.81	8	0	45,47,30,49,18,11,15,10	216	0	14,26
glacierkeep_s14_B	glacierkeep	14	B	US	Core destroyed	697	flagoff	8	8	9	50	50	50	277	214	0.7726	2.888	8	0	36,32,50,28,10,22,9,19	697	1	14,2
glacierkeep_s15_A	glacierkeep	15	A	US	Core destroyed	169	flagoff	8	8	9	45	45	45	163	138	0.8466	4.908	7	1	40,42,23,45,19,10,14,9	169	0	14,26
glacierkeep_s15_B	glacierkeep	15	B	US	Core destroyed	933	flagoff	8	8	9	36	44	36	202	158	0.7822	3.96	8	0	36,32,14,29,9,25,10,22	933	1	14,2
midgard_s13_A	midgard	13	A	US	Core destroyed	237	flagoff	8	6	59	80	-1	-1	188	178	0.9468	3.191	5	1	74,70,80,66,59,63	237	0	26,26
midgard_s13_B	midgard	13	B	OPP	Core destroyed	218	flagoff	8	7	58	86	-1	-1	171	142	0.8304	4.094	6	1	70,70,66,86,58,83,73	218	1	2,2
midgard_s14_A	midgard	14	A	US	Core destroyed	289	flagoff	8	7	53	102	-1	-1	243	240	0.9877	2.881	6	1	53,90,57,102,69,76,72	289	0	26,26
midgard_s14_B	midgard	14	B	OPP	Core destroyed	218	flagoff	8	7	58	86	-1	-1	171	142	0.8304	4.094	6	1	70,70,66,86,58,83,73	218	1	2,2
midgard_s15_A	midgard	15	A	US	Core destroyed	385	flagoff	8	7	53	103	-1	-1	339	336	0.9912	2.065	5	2	53,96,57,103,63,70,66	385	0	26,26
midgard_s15_B	midgard	15	B	US	Core destroyed	280	flagoff	8	6	55	80	-1	-1	235	163	0.6936	2.553	6	0	62,66,59,55,80,77	280	1	2,2
nordkap_s13_A	nordkap	13	A	US	Core destroyed	349	flagoff	8	8	5	68	68	68	347	320	0.9222	2.305	8	0	47,65,22,68,43,6,10,5	349	0	9,18
nordkap_s13_B	nordkap	13	B	OPP	Core destroyed	216	flagoff	8	5	5	79	-1	-1	108	81	0.75	4.63	5	0	79,67,5,6,21	216	1	9,6
nordkap_s14_A	nordkap	14	A	OPP	Core destroyed	159	flagoff	8	4	5	43	-1	-1	125	113	0.904	3.2	4	0	43,39,6,5	159	0	9,18
nordkap_s14_B	nordkap	14	B	US	Core destroyed	214	flagoff	8	8	5	35	35	35	212	176	0.8302	3.774	7	1	32,30,35,21,5,15,8,9	214	1	9,6
nordkap_s15_A	nordkap	15	A	US	Titanium collected (tiebreak)	1000	flagoff	8	8	5	44	49	44	293	156	0.5324	2.73	8	0	21,25,18,32,18,6,44,5	1000	0	9,18
nordkap_s15_B	nordkap	15	B	OPP	Core destroyed	227	flagoff	8	6	5	143	-1	-1	173	70	0.4046	3.468	6	0	16,18,10,5,143,6	227	1	9,6
yulerune_s13_A	yulerune	13	A	OPP	Core destroyed	290	flagoff	8	5	30	48	-1	-1	189	157	0.8307	2.646	5	0	30,38,41,47,48	290	0	16,9
yulerune_s13_B	yulerune	13	B	OPP	Core destroyed	213	flagoff	8	7	32	54	-1	-1	189	187	0.9894	3.704	5	2	42,37,54,34,54,32,43	213	1	2,9
yulerune_s14_A	yulerune	14	A	OPP	Titanium collected (tiebreak)	1000	flagoff	8	6	32	52	-1	-1	975	973	0.9979	0.615	6	0	32,34,52,42,49,45	1000	0	16,9
yulerune_s14_B	yulerune	14	B	OPP	Core destroyed	159	flagoff	8	5	39	55	-1	-1	133	34	0.2556	3.759	5	0	55,51,48,43,39	159	1	2,9
yulerune_s15_A	yulerune	15	A	US	Core destroyed	176	flagoff	8	7	37	90	-1	-1	151	146	0.9669	4.636	5	2	37,90,45,41,51,43,50	176	0	16,9
yulerune_s15_B	yulerune	15	B	US	Core destroyed	173	flagoff	8	6	33	58	-1	-1	146	138	0.9452	4.11	5	1	33,52,58,49,45,37	173	1	2,9
atoll_s16_A	atoll	16	A	OPP	Core destroyed	367	flagoff	8	4	7	16	-1	-1	53	0	0.0	7.547	4	0	7,9,16,12	367	0	14,2
atoll_s16_B	atoll	16	B	OPP	Core destroyed	128	flagoff	8	2	48	49	-1	-1	45	0	0.0	4.444	2	0	49,48	128	1	2,14
atoll_s17_A	atoll	17	A	OPP	Core destroyed	549	flagoff	8	6	7	63	-1	-1	170	17	0.1	3.529	6	0	43,63,7,9,16,12	549	0	14,2
atoll_s17_B	atoll	17	B	US	Core destroyed	158	flagoff	8	6	7	43	-1	-1	154	38	0.2468	3.896	6	0	39,43,36,7,8,21	158	1	2,14
atoll_s18_A	atoll	18	A	US	Core destroyed	370	flagoff	8	6	7	48	-1	-1	366	86	0.235	1.639	5	1	7,33,48,14,18,17	370	0	14,2
atoll_s18_B	atoll	18	B	OPP	Core destroyed	186	flagoff	8	5	8	35	-1	-1	118	51	0.4322	4.237	4	1	20,35,12,32,8	186	1	2,14
drakkarfjord_s16_A	drakkarfjord	16	A	OPP	Titanium collected (tiebreak)	1000	flagoff	8	8	10	132	-1	132	992	77	0.0776	0.806	6	2	10,11,31,132,33,43,36,40	1000	0	26,4
drakkarfjord_s16_B	drakkarfjord	16	B	US	Core destroyed	469	flagoff	8	8	10	46	46	46	461	0	0.0	1.735	7	1	40,36,46,33,21,14,11,10	469	1	2,24
drakkarfjord_s17_A	drakkarfjord	17	A	US	Core destroyed	191	flagoff	8	8	10	77	105	77	183	23	0.1257	4.372	7	1	10,11,31,77,33,43,36,40	191	0	26,4
drakkarfjord_s17_B	drakkarfjord	17	B	US	Core destroyed	171	flagoff	8	8	10	46	46	46	163	0	0.0	4.908	7	1	40,36,46,33,21,14,11,10	171	1	2,24
drakkarfjord_s18_A	drakkarfjord	18	A	OPP	Core destroyed	758	flagoff	8	2	10	11	-1	-1	105	0	0.0	1.905	1	1	10,11	758	0	26,4
drakkarfjord_s18_B	drakkarfjord	18	B	US	Core destroyed	325	flagoff	8	8	10	46	107	46	233	108	0.4635	3.433	6	2	46,42,10,36,11,35,17,21	325	1	2,24
glacierkeep_s16_A	glacierkeep	16	A	US	Core destroyed	201	flagoff	8	8	9	49	49	49	195	55	0.2821	4.103	8	0	44,46,29,49,17,10,14,9	201	0	14,26
glacierkeep_s16_B	glacierkeep	16	B	US	Titanium collected (tiebreak)	1000	flagoff	8	8	9	41	46	41	994	89	0.0895	0.805	8	0	33,29,41,26,9,22,10,19	1000	1	14,2
glacierkeep_s17_A	glacierkeep	17	A	US	Core destroyed	205	flagoff	8	8	9	47	47	47	199	172	0.8643	4.02	8	0	42,44,23,47,19,10,14,9	205	0	14,26
glacierkeep_s17_B	glacierkeep	17	B	US	Core destroyed	165	flagoff	8	8	9	45	53	45	130	61	0.4692	6.154	8	0	33,35,20,38,9,42,10,45	165	1	14,2
glacierkeep_s18_A	glacierkeep	18	A	US	Titanium collected (tiebreak)	1000	flagoff	8	8	9	60	60	60	982	4	0.0041	0.815	7	1	46,57,18,60,17,10,14,9	1000	0	14,26
glacierkeep_s18_B	glacierkeep	18	B	US	Core destroyed	185	flagoff	8	8	9	36	49	36	158	122	0.7722	5.063	8	0	36,32,14,29,9,25,10,22	185	1	14,2
midgard_s16_A	midgard	16	A	US	Core destroyed	209	flagoff	8	7	52	101	-1	-1	166	154	0.9277	4.217	5	2	65,98,65,101,59,52,56	209	0	26,26
midgard_s16_B	midgard	16	B	OPP	Core destroyed	412	flagoff	8	6	59	85	-1	-1	283	237	0.8375	2.12	6	0	64,71,61,59,85,82	412	1	2,2
midgard_s17_A	midgard	17	A	US	Core destroyed	252	flagoff	8	7	54	113	-1	-1	206	203	0.9854	3.398	5	2	54,105,58,113,80,88,83	252	0	26,26
midgard_s17_B	midgard	17	B	US	Core destroyed	213	flagoff	8	5	57	66	-1	-1	167	164	0.982	2.994	5	0	66,60,63,57,66	213	1	2,2
midgard_s18_A	midgard	18	A	OPP	Core destroyed	232	flagoff	8	7	53	121	-1	-1	187	182	0.9733	3.743	5	2	53,105,57,121,61,68,64	232	0	26,26
midgard_s18_B	midgard	18	B	OPP	Core destroyed	280	flagoff	8	7	54	87	-1	-1	132	93	0.7045	5.303	5	2	61,54,63,57,80,87,80	280	1	2,2
nordkap_s16_A	nordkap	16	A	OPP	Core destroyed	221	flagoff	8	7	5	28	-1	-1	54	31	0.5741	12.963	7	0	23,25,15,28,6,10,5	221	0	9,18
nordkap_s16_B	nordkap	16	B	US	Core destroyed	357	flagoff	8	6	5	327	-1	-1	308	174	0.5649	1.948	6	0	29,24,25,5,6,327	357	1	9,6
nordkap_s17_A	nordkap	17	A	US	Core destroyed	465	flagoff	8	8	4	60	60	60	417	286	0.6859	1.918	6	2	23,60,55,5,28,4,8,7	465	0	9,18
nordkap_s17_B	nordkap	17	B	OPP	Core destroyed	482	flagoff	8	4	5	28	-1	-1	204	55	0.2696	1.961	3	1	26,28,5,6	482	1	9,6
nordkap_s18_A	nordkap	18	A	OPP	Core destroyed	417	flagoff	8	8	4	27	39	27	266	234	0.8797	3.008	6	2	25,27,19,5,14,4,8,7	417	0	9,18
nordkap_s18_B	nordkap	18	B	OPP	Core destroyed	227	flagoff	8	6	5	60	-1	-1	158	98	0.6203	3.797	6	0	16,28,60,5,6,36	227	1	9,6
yulerune_s16_A	yulerune	16	A	US	Core destroyed	247	flagoff	8	7	39	71	-1	-1	216	212	0.9815	3.241	6	1	46,71,42,40,44,39,47	247	0	16,9
yulerune_s16_B	yulerune	16	B	US	Core destroyed	237	flagoff	8	6	34	64	-1	-1	214	194	0.9065	2.804	6	0	53,56,52,57,34,64	237	1	2,9
yulerune_s17_A	yulerune	17	A	OPP	Core destroyed	357	flagoff	8	5	39	50	-1	-1	332	320	0.9639	1.506	5	0	39,45,45,50,50	357	0	16,9
yulerune_s17_B	yulerune	17	B	OPP	Core destroyed	445	flagoff	8	6	32	49	-1	-1	420	154	0.3667	1.429	5	1	47,43,49,40,36,32	445	1	2,9
yulerune_s18_A	yulerune	18	A	US	Core destroyed	579	flagoff	8	5	32	43	-1	-1	554	548	0.9892	0.903	5	0	32,43,34,39,43	579	0	16,9
yulerune_s18_B	yulerune	18	B	OPP	Core destroyed	389	flagoff	8	6	41	71	-1	-1	363	351	0.9669	1.653	6	0	60,55,52,71,50,41	389	1	2,9
atoll_s19_A	atoll	19	A	OPP	Titanium collected (tiebreak)	1000	flagoff	8	5	7	194	-1	-1	141	5	0.0355	3.546	3	2	16,7,11,194,97	1000	0	14,2
atoll_s19_B	atoll	19	B	US	Titanium collected (tiebreak)	1000	flagoff	8	4	8	38	-1	-1	194	7	0.0361	2.062	4	0	10,38,8,30	1000	1	2,14
atoll_s20_A	atoll	20	A	US	Core destroyed	233	flagoff	8	6	8	90	-1	-1	229	84	0.3668	2.62	6	0	13,8,90,48,84,70	233	0	14,2
atoll_s20_B	atoll	20	B	OPP	Core destroyed	164	flagoff	8	4	7	47	-1	-1	85	10	0.1176	4.706	4	0	17,47,7,39	164	1	2,14
atoll_s21_A	atoll	21	A	US	Core destroyed	180	flagoff	8	6	8	120	-1	-1	176	25	0.142	3.409	6	0	106,8,77,120,65,69	180	0	14,2
atoll_s21_B	atoll	21	B	US	Core destroyed	857	flagoff	8	6	8	794	-1	-1	189	73	0.3862	3.175	6	0	794,62,8,93,47,49	857	1	2,14
drakkarfjord_s19_A	drakkarfjord	19	A	US	Core destroyed	129	flagoff	8	8	10	37	42	37	121	65	0.5372	6.612	7	1	10,11,37,18,33,22,30,26	129	0	26,4
drakkarfjord_s19_B	drakkarfjord	19	B	US	Core destroyed	173	flagoff	8	8	10	46	46	46	165	0	0.0	4.848	7	1	40,36,46,33,21,14,11,10	173	1	2,24
drakkarfjord_s20_A	drakkarfjord	20	A	US	Core destroyed	498	flagoff	8	8	10	109	115	109	266	79	0.297	3.008	6	2	10,11,30,109,32,44,35,41	498	0	26,4
drakkarfjord_s20_B	drakkarfjord	20	B	US	Core destroyed	576	flagoff	8	7	10	166	-1	-1	283	0	0.0	2.473	6	1	166,44,163,91,14,11,10	576	1	2,24
drakkarfjord_s21_A	drakkarfjord	21	A	OPP	Core destroyed	801	flagoff	8	7	10	99	-1	-1	212	50	0.2358	3.302	5	2	10,11,29,31,99,34,42	801	0	26,4
drakkarfjord_s21_B	drakkarfjord	21	B	US	Titanium collected (tiebreak)	1000	flagoff	8	8	10	35	40	35	419	10	0.0239	1.909	6	2	35,31,10,28,11,24,17,21	1000	1	2,24
glacierkeep_s19_A	glacierkeep	19	A	OPP	Core destroyed	626	flagoff	8	8	9	48	48	48	179	63	0.352	4.469	7	1	40,44,21,48,17,10,14,9	626	0	14,26
glacierkeep_s19_B	glacierkeep	19	B	US	Core destroyed	205	flagoff	8	8	9	36	56	36	199	62	0.3116	4.02	8	0	36,32,14,29,9,25,10,22	205	1	14,2
glacierkeep_s20_A	glacierkeep	20	A	US	Titanium collected (tiebreak)	813	flagoff	8	8	9	42	42	42	329	76	0.231	2.432	8	0	37,39,21,42,17,10,14,9	813	0	14,26
glacierkeep_s20_B	glacierkeep	20	B	US	Core destroyed	245	flagoff	8	8	9	36	49	36	239	86	0.3598	3.347	8	0	36,32,14,29,9,25,10,22	245	1	14,2
glacierkeep_s21_A	glacierkeep	21	A	US	Core destroyed	289	flagoff	8	8	9	41	41	41	283	256	0.9046	2.827	8	0	36,38,21,41,17,10,14,9	289	0	14,26
glacierkeep_s21_B	glacierkeep	21	B	US	Titanium collected (tiebreak)	1000	flagoff	8	8	9	41	42	41	395	42	0.1063	2.025	8	0	33,29,41,26,9,22,10,19	1000	1	14,2
midgard_s19_A	midgard	19	A	OPP	Core destroyed	465	flagoff	8	7	52	81	-1	-1	217	147	0.6774	3.226	5	2	52,77,56,81,60,65,63	465	0	26,26
midgard_s19_B	midgard	19	B	US	Core destroyed	182	flagoff	8	6	59	95	-1	-1	136	133	0.9779	4.412	5	1	71,76,68,59,90,95	182	1	2,2
midgard_s20_A	midgard	20	A	OPP	Core destroyed	493	flagoff	8	7	51	139	-1	-1	449	173	0.3853	1.559	5	2	51,132,55,139,69,117,79	493	0	26,26
midgard_s20_B	midgard	20	B	US	Core destroyed	184	flagoff	8	6	57	81	-1	-1	136	133	0.9779	4.412	4	2	61,57,64,64,81,76	184	1	2,2
midgard_s21_A	midgard	21	A	US	Core destroyed	162	flagoff	8	7	52	90	-1	-1	118	109	0.9237	5.932	6	1	52,75,56,90,60,60,63	162	0	26,26
midgard_s21_B	midgard	21	B	OPP	Core destroyed	135	flagoff	8	5	52	68	-1	-1	91	82	0.9011	5.495	5	0	68,67,65,57,52	135	1	2,2
nordkap_s19_A	nordkap	19	A	OPP	Titanium collected (tiebreak)	1000	flagoff	8	7	5	34	-1	-1	998	988	0.99	0.701	7	0	24,31,21,34,17,6,5	1000	0	9,18
nordkap_s19_B	nordkap	19	B	OPP	Core destroyed	314	flagoff	8	8	5	109	109	109	201	140	0.6965	3.98	7	1	16,18,10,53,5,109,6,40	314	1	9,6
nordkap_s20_A	nordkap	20	A	US	Core destroyed	412	flagoff	8	8	5	57	158	57	378	305	0.8069	2.116	7	1	23,27,22,34,19,6,57,5	412	0	9,18
nordkap_s20_B	nordkap	20	B	OPP	Core destroyed	162	flagoff	8	6	5	25	-1	-1	93	62	0.6667	6.452	6	0	25,21,16,6,5,11	162	1	9,6
nordkap_s21_A	nordkap	21	A	OPP	Core destroyed	162	flagoff	8	5	5	40	-1	-1	160	70	0.4375	3.125	5	0	31,37,40,6,5	162	0	9,18
nordkap_s21_B	nordkap	21	B	OPP	Core destroyed	331	flagoff	8	5	5	56	-1	-1	233	138	0.5923	2.146	5	0	19,21,5,56,6	331	1	9,6
yulerune_s19_A	yulerune	19	A	US	Core destroyed	133	flagoff	8	7	28	66	-1	-1	111	105	0.9459	6.306	6	1	51,66,33,28,35,43,38	133	0	16,9
yulerune_s19_B	yulerune	19	B	US	Core destroyed	229	flagoff	8	6	32	68	-1	-1	204	196	0.9608	2.941	6	0	53,47,44,68,38,32	229	1	2,9
yulerune_s20_A	yulerune	20	A	US	Core destroyed	309	flagoff	8	6	29	45	-1	-1	270	232	0.8593	2.222	6	0	29,38,41,42,44,45	309	0	16,9
yulerune_s20_B	yulerune	20	B	OPP	Core destroyed	249	flagoff	8	6	36	55	-1	-1	221	211	0.9548	2.715	6	0	44,48,55,51,36,39	249	1	2,9
yulerune_s21_A	yulerune	21	A	US	Core destroyed	244	flagoff	8	6	32	46	-1	-1	219	212	0.968	2.74	5	1	32,38,39,46,41,44	244	0	16,9
yulerune_s21_B	yulerune	21	B	OPP	Core destroyed	400	flagoff	8	7	36	85	-1	-1	268	250	0.9328	2.612	6	1	44,48,64,48,85,36,41	400	1	2,9
atoll_s22_A	atoll	22	A	US	Core destroyed	337	flagoff	8	5	7	307	-1	-1	204	3	0.0147	2.451	4	1	194,43,7,307,9	337	0	14,2
atoll_s22_B	atoll	22	B	OPP	Core destroyed	206	flagoff	8	7	7	59	-1	-1	95	24	0.2526	7.368	6	1	55,59,9,42,7,21,26	206	1	2,14
atoll_s23_A	atoll	23	A	US	Titanium collected (tiebreak)	1000	flagoff	8	5	7	123	-1	-1	244	6	0.0246	2.049	4	1	10,123,7,77,73	1000	0	14,2
atoll_s23_B	atoll	23	B	US	Core destroyed	600	flagoff	8	8	7	420	-1	420	309	199	0.644	2.589	7	1	51,55,9,30,7,420,17,22	600	1	2,14
atoll_s24_A	atoll	24	A	US	Core destroyed	161	flagoff	8	8	8	69	69	69	157	77	0.4904	5.096	7	1	13,8,61,42,69,44,52,47	161	0	14,2
atoll_s24_B	atoll	24	B	OPP	Titanium collected (tiebreak)	1000	flagoff	8	5	7	61	-1	-1	374	32	0.0856	1.337	4	1	61,26,7,8,9	1000	1	2,14
drakkarfjord_s22_A	drakkarfjord	22	A	US	Core destroyed	513	flagoff	8	4	10	338	-1	-1	206	17	0.0825	1.942	2	2	10,11,338,104	513	0	26,4
drakkarfjord_s22_B	drakkarfjord	22	B	US	Core destroyed	163	flagoff	8	8	10	46	46	46	155	0	0.0	5.161	7	1	40,36,46,33,21,14,11,10	163	1	2,24
drakkarfjord_s23_A	drakkarfjord	23	A	OPP	Titanium collected (tiebreak)	1000	flagoff	8	8	10	37	42	37	268	104	0.3881	2.985	7	1	10,11,37,18,33,22,30,26	1000	0	26,4
drakkarfjord_s23_B	drakkarfjord	23	B	OPP	Core destroyed	308	flagoff	8	3	10	14	-1	-1	47	0	0.0	6.383	2	1	14,11,10	308	1	2,24
drakkarfjord_s24_A	drakkarfjord	24	A	US	Core destroyed	496	flagoff	8	8	10	74	170	74	488	37	0.0758	1.639	7	1	10,11,31,74,33,43,36,40	496	0	26,4
drakkarfjord_s24_B	drakkarfjord	24	B	US	Core destroyed	997	flagoff	8	8	10	70	179	70	202	0	0.0	3.96	7	1	64,66,29,70,58,14,11,10	997	1	2,24
glacierkeep_s22_A	glacierkeep	22	A	US	Core destroyed	313	flagoff	8	8	9	60	-1	60	297	169	0.569	2.694	7	1	43,57,18,60,17,10,14,9	313	0	14,26
glacierkeep_s22_B	glacierkeep	22	B	US	Core destroyed	245	flagoff	8	8	9	36	49	36	239	66	0.2762	3.347	8	0	36,32,14,29,9,25,10,22	245	1	14,2
glacierkeep_s23_A	glacierkeep	23	A	US	Core destroyed	128	flagoff	8	8	9	47	47	47	122	36	0.2951	6.557	8	0	42,44,27,47,17,10,14,9	128	0	14,26
glacierkeep_s23_B	glacierkeep	23	B	US	Titanium collected (tiebreak)	1000	flagoff	8	8	9	41	46	41	994	89	0.0895	0.805	8	0	33,29,41,26,9,22,10,19	1000	1	14,2
glacierkeep_s24_A	glacierkeep	24	A	US	Titanium collected (tiebreak)	1000	flagoff	8	8	9	44	44	44	994	969	0.9748	0.805	8	0	39,41,29,44,17,10,14,9	1000	0	14,26
glacierkeep_s24_B	glacierkeep	24	B	US	Titanium collected (tiebreak)	1000	flagoff	8	8	9	45	61	45	748	56	0.0749	1.07	8	0	33,35,20,38,9,42,10,45	1000	1	14,2
midgard_s22_A	midgard	22	A	US	Core destroyed	362	flagoff	8	6	53	84	-1	-1	320	316	0.9875	1.875	6	0	53,84,57,63,70,66	362	0	26,26
midgard_s22_B	midgard	22	B	US	Core destroyed	191	flagoff	8	6	54	77	-1	-1	144	143	0.9931	4.167	6	0	61,54,64,68,77,54	191	1	2,2
midgard_s23_A	midgard	23	A	US	Core destroyed	256	flagoff	8	6	59	100	-1	-1	204	195	0.9559	2.941	6	0	100,96,89,90,59,86	256	0	26,26
midgard_s23_B	midgard	23	B	US	Core destroyed	292	flagoff	8	7	56	96	-1	-1	241	238	0.9876	2.905	5	2	70,72,68,96,60,85,56	292	1	2,2
midgard_s24_A	midgard	24	A	OPP	Core destroyed	135	flagoff	8	5	49	66	-1	-1	93	89	0.957	5.376	5	0	49,53,59,66,62	135	0	26,26
midgard_s24_B	midgard	24	B	US	Core destroyed	192	flagoff	8	6	57	86	-1	-1	147	143	0.9728	4.082	6	0	68,72,65,57,86,73	192	1	2,2
nordkap_s22_A	nordkap	22	A	OPP	Core destroyed	877	flagoff	8	8	5	97	-1	97	875	416	0.4754	0.914	7	1	22,18,29,15,51,6,97,5	877	0	9,18
nordkap_s22_B	nordkap	22	B	OPP	Titanium collected (tiebreak)	1000	flagoff	8	7	4	34	-1	-1	419	225	0.537	1.671	5	2	16,15,5,20,4,34,26	1000	1	9,6
nordkap_s23_A	nordkap	23	A	OPP	Core destroyed	182	flagoff	8	6	5	161	-1	-1	119	67	0.563	5.042	6	0	22,18,161,5,15,6	182	0	9,18
nordkap_s23_B	nordkap	23	B	OPP	Core destroyed	370	flagoff	8	5	5	30	-1	-1	335	89	0.2657	1.493	5	0	30,25,26,5,6	370	1	9,6
nordkap_s24_A	nordkap	24	A	US	Core destroyed	280	flagoff	8	7	5	104	-1	-1	278	266	0.9568	2.518	6	1	24,31,21,35,104,6,5	280	0	9,18
nordkap_s24_B	nordkap	24	B	US	Core destroyed	189	flagoff	8	7	5	56	-1	-1	187	171	0.9144	3.743	6	1	16,18,10,5,41,6,56	189	1	9,6
yulerune_s22_A	yulerune	22	A	US	Core destroyed	216	flagoff	8	6	36	56	-1	-1	191	184	0.9634	3.141	6	0	36,42,56,46,53,49	216	0	16,9
yulerune_s22_B	yulerune	22	B	OPP	Core destroyed	180	flagoff	8	7	39	112	-1	-1	155	145	0.9355	4.516	5	2	44,48,112,49,96,45,39	180	1	2,9
yulerune_s23_A	yulerune	23	A	US	Core destroyed	533	flagoff	8	5	37	48	-1	-1	508	501	0.9862	0.984	5	0	39,45,37,40,48	533	0	16,9
yulerune_s23_B	yulerune	23	B	US	Core destroyed	172	flagoff	8	7	31	82	-1	-1	150	136	0.9067	4.667	6	1	42,45,82,42,71,38,31	172	1	2,9
yulerune_s24_A	yulerune	24	A	OPP	Core destroyed	177	flagoff	8	5	36	56	-1	-1	155	146	0.9419	3.226	5	0	36,44,56,53,47	177	0	16,9
yulerune_s24_B	yulerune	24	B	OPP	Core destroyed	256	flagoff	8	6	35	84	-1	-1	94	49	0.5213	6.383	6	0	42,47,84,42,35,38	256	1	2,9
atoll_s25_A	atoll	25	A	US	Core destroyed	197	flagoff	8	7	7	63	-1	-1	193	172	0.8912	3.627	7	0	36,31,63,7,10,26,24	197	0	14,2
atoll_s25_B	atoll	25	B	US	Core destroyed	196	flagoff	8	7	8	65	-1	-1	192	151	0.7865	3.646	7	0	23,41,15,35,8,9,65	196	1	2,14
atoll_s26_A	atoll	26	A	OPP	Core destroyed	735	flagoff	8	4	7	127	-1	-1	103	8	0.0777	3.883	1	3	10,7,127,117	735	0	14,2
atoll_s26_B	atoll	26	B	OPP	Titanium collected (tiebreak)	1000	flagoff	8	7	8	162	-1	-1	940	27	0.0287	0.745	6	1	46,48,39,162,8,9,10	1000	1	2,14
atoll_s27_A	atoll	27	A	US	Core destroyed	510	flagoff	8	4	10	101	-1	-1	155	3	0.0194	2.581	4	0	15,10,55,101	510	0	14,2
atoll_s27_B	atoll	27	B	OPP	Titanium collected (tiebreak)	1000	flagoff	8	7	7	73	-1	-1	112	54	0.4821	6.25	7	0	44,73,11,48,7,30,39	1000	1	2,14
drakkarfjord_s25_A	drakkarfjord	25	A	OPP	Core destroyed	722	flagoff	8	6	10	42	-1	-1	438	174	0.3973	1.37	5	1	10,11,29,31,34,42	722	0	26,4
drakkarfjord_s25_B	drakkarfjord	25	B	OPP	Core destroyed	440	flagoff	8	4	10	353	-1	-1	118	0	0.0	3.39	3	1	353,14,11,10	440	1	2,24
drakkarfjord_s26_A	drakkarfjord	26	A	OPP	Core destroyed	540	flagoff	8	7	10	43	-1	-1	95	3	0.0316	7.368	6	1	10,11,31,33,43,36,40	540	0	26,4
drakkarfjord_s26_B	drakkarfjord	26	B	US	Core destroyed	148	flagoff	8	8	10	35	-1	35	140	78	0.5571	5.714	6	2	35,31,10,25,11,24,17,21	148	1	2,24
drakkarfjord_s27_A	drakkarfjord	27	A	US	Core destroyed	132	flagoff	8	8	10	36	41	36	124	70	0.5645	6.452	7	1	10,11,36,18,32,22,29,25	132	0	26,4
drakkarfjord_s27_B	drakkarfjord	27	B	US	Titanium collected (tiebreak)	1000	flagoff	8	8	10	47	47	47	992	0	0.0	0.806	7	1	40,36,47,33,21,14,11,10	1000	1	2,24
glacierkeep_s25_A	glacierkeep	25	A	US	Core destroyed	312	flagoff	8	8	9	49	49	49	275	104	0.3782	2.909	8	0	47,49,28,48,17,10,14,9	312	0	14,26
glacierkeep_s25_B	glacierkeep	25	B	US	Core destroyed	257	flagoff	8	8	9	44	46	44	251	59	0.2351	3.187	8	0	33,29,44,26,9,22,10,19	257	1	14,2
glacierkeep_s26_A	glacierkeep	26	A	US	Titanium collected (tiebreak)	1000	flagoff	8	8	9	54	54	54	362	75	0.2072	2.21	8	0	49,51,21,54,17,10,14,9	1000	0	14,26
glacierkeep_s26_B	glacierkeep	26	B	US	Core destroyed	325	flagoff	8	8	9	36	65	36	319	121	0.3793	2.508	8	0	36,32,14,29,9,25,10,22	325	1	14,2
glacierkeep_s27_A	glacierkeep	27	A	US	Core destroyed	413	flagoff	8	8	9	59	59	59	407	73	0.1794	1.966	8	0	59,55,28,52,17,10,14,9	413	0	14,26
glacierkeep_s27_B	glacierkeep	27	B	US	Titanium collected (tiebreak)	1000	flagoff	8	8	9	36	44	36	163	73	0.4479	4.908	8	0	36,32,14,29,9,25,10,22	1000	1	14,2
midgard_s25_A	midgard	25	A	OPP	Core destroyed	201	flagoff	8	4	54	75	-1	-1	155	138	0.8903	2.581	4	0	54,58,64,75	201	0	26,26
midgard_s25_B	midgard	25	B	OPP	Core destroyed	272	flagoff	8	7	52	125	-1	-1	227	131	0.5771	3.084	5	2	60,56,63,125,64,95,52	272	1	2,2
midgard_s26_A	midgard	26	A	OPP	Core destroyed	582	flagoff	8	6	53	82	-1	-1	76	13	0.1711	7.895	6	0	53,82,57,61,68,64	582	0	26,26
midgard_s26_B	midgard	26	B	US	Core destroyed	689	flagoff	8	7	56	105	-1	-1	644	638	0.9907	1.087	5	2	63,67,60,105,56,94,67	689	1	2,2
midgard_s27_A	midgard	27	A	OPP	Core destroyed	372	flagoff	8	7	49	132	-1	-1	277	200	0.722	2.527	5	2	49,132,54,92,59,72,63	372	0	26,26
midgard_s27_B	midgard	27	B	US	Core destroyed	423	flagoff	8	6	53	90	-1	-1	245	66	0.2694	2.449	6	0	60,55,63,61,90,53	423	1	2,2
nordkap_s25_A	nordkap	25	A	US	Core destroyed	405	flagoff	8	8	5	77	335	77	305	185	0.6066	2.623	8	0	72,74,14,77,66,6,10,5	405	0	9,18
nordkap_s25_B	nordkap	25	B	US	Core destroyed	281	flagoff	8	5	4	24	-1	-1	235	66	0.2809	2.128	4	1	24,5,4,8,15	281	1	9,6
nordkap_s26_A	nordkap	26	A	US	Core destroyed	388	flagoff	8	8	4	109	-1	109	358	247	0.6899	2.235	7	1	27,25,70,22,109,20,5,4	388	0	9,18
nordkap_s26_B	nordkap	26	B	OPP	Core destroyed	536	flagoff	8	6	5	34	-1	-1	348	254	0.7299	1.724	6	0	16,26,34,5,6,21	536	1	9,6
nordkap_s27_A	nordkap	27	A	US	Core destroyed	220	flagoff	8	8	4	96	96	96	218	208	0.9541	3.67	4	4	22,30,19,35,16,4,96,9	220	0	9,18
nordkap_s27_B	nordkap	27	B	US	Core destroyed	144	flagoff	8	7	5	41	-1	-1	142	132	0.9296	4.93	7	0	16,18,10,41,5,6,28	144	1	9,6
yulerune_s25_A	yulerune	25	A	OPP	Core destroyed	448	flagoff	8	7	32	141	-1	-1	123	73	0.5935	5.691	6	1	32,141,44,34,46,54,49	448	0	16,9
yulerune_s25_B	yulerune	25	B	US	Core destroyed	593	flagoff	8	6	41	75	-1	-1	568	558	0.9824	1.056	6	0	47,51,75,54,50,41	593	1	2,9
yulerune_s26_A	yulerune	26	A	US	Core destroyed	456	flagoff	8	6	39	61	-1	-1	429	423	0.986	1.399	6	0	39,46,59,54,61,57	456	0	16,9
yulerune_s26_B	yulerune	26	B	OPP	Core destroyed	173	flagoff	8	5	40	63	-1	-1	148	138	0.9324	3.378	4	1	63,62,57,46,40	173	1	2,9
yulerune_s27_A	yulerune	27	A	OPP	Titanium collected (tiebreak)	1000	flagoff	8	6	28	56	-1	-1	978	973	0.9949	0.613	6	0	35,33,28,48,56,51	1000	0	16,9
yulerune_s27_B	yulerune	27	B	US	Core destroyed	320	flagoff	8	6	33	46	-1	-1	167	94	0.5629	3.593	6	0	43,39,46,35,33,38	320	1	2,9
