tag	map	seed	seat	ours	cond	turn	arm	game_rounds	game_jumps	eid	birth	pos	dsq_core	dsq_centre	n_seats	coverage	coverage_ferry	best_cov_site	lifetime	died	death_round	n_launch	n_launch_seat	ever_launched
atoll_s1_A	atoll	1	A	US	Core destroyed	624	flagoff	624	23	25	6	12,3	1	6.5	8	2	2	2	16	1	22	5	1	1
atoll_s1_A	atoll	1	A	US	Core destroyed	624	flagoff	624	23	190	116	11,3	4	12.5	8	0	0	2	1	1	117	1	0	1
atoll_s1_A	atoll	1	A	US	Core destroyed	624	flagoff	624	23	228	151	15,8	25	30.5	8	0	0	2	1	1	152	1	0	1
atoll_s1_A	atoll	1	A	US	Core destroyed	624	flagoff	624	23	295	209	12,7	17	26.5	8	0	0	2	1	1	210	1	0	1
atoll_s1_A	atoll	1	A	US	Core destroyed	624	flagoff	624	23	320	230	15,8	25	30.5	8	0	0	2	1	1	231	1	0	1
atoll_s2_A	atoll	2	A	US	Titanium collected (tiebreak)	1000	flagoff	1000	768	53	18	16,1	2	4.5	8	2	2	2	982	0	-1	3	0	1
atoll_s2_A	atoll	2	A	US	Titanium collected (tiebreak)	1000	flagoff	1000	768	231	119	10,7	25	40.5	8	0	0	2	1	1	120	1	0	1
atoll_s2_B	atoll	2	B	US	Core destroyed	374	flagoff	374	51	24	6	4,13	2	4.5	8	2	2	2	218	1	224	38	15	1
atoll_s2_B	atoll	2	B	US	Core destroyed	374	flagoff	374	51	340	207	7,10	25	40.5	8	0	0	2	1	1	208	1	0	1
atoll_s2_B	atoll	2	B	US	Core destroyed	374	flagoff	374	51	405	245	7,10	25	40.5	8	0	0	2	1	1	246	1	0	1
atoll_s2_B	atoll	2	B	US	Core destroyed	374	flagoff	374	51	441	266	0,14	1	6.5	8	2	2	2	108	0	-1	2	0	1
atoll_s3_A	atoll	3	A	OPP	Core destroyed	151	flagoff	151	11	28	8	13,5	5	8.5	8	1	1	2	2	1	10	1	0	1
atoll_s3_A	atoll	3	A	OPP	Core destroyed	151	flagoff	151	11	36	12	13,5	5	8.5	8	1	1	2	4	1	16	2	0	1
atoll_s3_B	atoll	3	B	OPP	Core destroyed	380	flagoff	380	44	21	6	4,13	2	4.5	8	2	2	2	221	1	227	32	5	1
drakkarfjord_s1_A	drakkarfjord	1	A	US	Core destroyed	568	flagoff	568	66	15	9	22,8	18	32.5	8	0	0	2	1	1	10	1	0	1
drakkarfjord_s1_A	drakkarfjord	1	A	US	Core destroyed	568	flagoff	568	66	662	235	24,4	1	6.5	8	2	2	2	36	1	271	5	2	1
drakkarfjord_s1_A	drakkarfjord	1	A	US	Core destroyed	568	flagoff	568	66	763	274	28,8	10	14.5	8	0	0	2	1	1	275	1	0	1
drakkarfjord_s1_A	drakkarfjord	1	A	US	Core destroyed	568	flagoff	568	66	859	313	23,7	8	18.5	8	0	0	2	1	1	314	1	0	1
drakkarfjord_s1_B	drakkarfjord	1	B	US	Core destroyed	471	flagoff	471	11	15	9	6,20	18	32.5	8	0	0	2	1	1	10	1	0	1
drakkarfjord_s1_B	drakkarfjord	1	B	US	Core destroyed	471	flagoff	471	11	685	416	6,21	13	24.5	8	0	0	2	1	1	417	1	0	1
drakkarfjord_s2_A	drakkarfjord	2	A	OPP	Core destroyed	789	flagoff	789	39	15	9	22,8	18	32.5	8	0	0	2	1	1	10	1	0	1
drakkarfjord_s2_A	drakkarfjord	2	A	OPP	Core destroyed	789	flagoff	789	39	711	225	21,8	25	42.5	8	0	0	2	1	1	226	1	0	1
drakkarfjord_s2_A	drakkarfjord	2	A	OPP	Core destroyed	789	flagoff	789	39	777	245	24,4	1	6.5	8	2	2	2	544	0	-1	10	6	1
drakkarfjord_s2_A	drakkarfjord	2	A	OPP	Core destroyed	789	flagoff	789	39	1577	505	24,7	5	12.5	8	0	0	2	4	1	509	1	0	1
drakkarfjord_s2_B	drakkarfjord	2	B	OPP	Core destroyed	454	flagoff	454	5	15	9	7,21	20	32.5	8	0	0	2	1	1	10	1	0	1
drakkarfjord_s3_A	drakkarfjord	3	A	OPP	Core destroyed	357	flagoff	357	6	15	9	22,8	18	32.5	8	0	0	2	1	1	10	1	0	1
drakkarfjord_s3_B	drakkarfjord	3	B	US	Core destroyed	257	flagoff	257	8	15	9	7,21	20	32.5	8	0	0	2	1	1	10	1	0	1
glacierkeep_s1_A	glacierkeep	1	A	OPP	Core destroyed	473	flagoff	473	4	14	7	16,23	5	14.5	8	0	0	2	1	1	8	1	0	1
glacierkeep_s1_B	glacierkeep	1	B	OPP	Core destroyed	533	flagoff	533	4	14	7	16,6	10	14.5	8	0	0	2	1	1	8	1	0	1
glacierkeep_s2_A	glacierkeep	2	A	US	Core destroyed	313	flagoff	313	4	14	7	16,23	5	14.5	8	0	0	2	1	1	8	1	0	1
glacierkeep_s2_B	glacierkeep	2	B	US	Core destroyed	301	flagoff	301	14	14	7	16,6	10	14.5	8	0	0	2	1	1	8	1	0	1
glacierkeep_s2_B	glacierkeep	2	B	US	Core destroyed	301	flagoff	301	14	87	160	15,0	1	6.5	8	2	2	2	141	0	-1	10	1	1
glacierkeep_s3_A	glacierkeep	3	A	US	Core destroyed	193	flagoff	193	4	14	7	16,23	5	14.5	8	0	0	2	1	1	8	1	0	1
glacierkeep_s3_B	glacierkeep	3	B	US	Core destroyed	205	flagoff	205	4	14	7	16,6	10	14.5	8	0	0	2	1	1	8	1	0	1
nordkap_s1_A	nordkap	1	A	OPP	Core destroyed	203	flagoff	203	3	11	3	10,15	4	12.5	8	0	0	2	1	1	4	1	0	1
nordkap_s1_A	nordkap	1	A	OPP	Core destroyed	203	flagoff	203	3	28	10	12,19	4	6.5	8	2	2	2	2	1	12	1	0	1
nordkap_s1_B	nordkap	1	B	OPP	Core destroyed	310	flagoff	310	3	11	3	10,10	9	12.5	8	0	0	2	1	1	4	1	0	1
nordkap_s1_B	nordkap	1	B	OPP	Core destroyed	310	flagoff	310	3	23	8	11,5	2	4.5	8	2	2	2	2	1	10	0	0	0
nordkap_s2_A	nordkap	2	A	US	Core destroyed	569	flagoff	569	4	11	3	10,15	4	12.5	8	0	0	2	1	1	4	1	0	1
nordkap_s2_A	nordkap	2	A	US	Core destroyed	569	flagoff	569	4	274	501	12,14	13	26.5	8	0	0	2	1	1	502	1	0	1
nordkap_s2_A	nordkap	2	A	US	Core destroyed	569	flagoff	569	4	340	548	12,20	5	8.5	8	1	1	2	21	0	-1	1	1	1
nordkap_s2_B	nordkap	2	B	US	Core destroyed	165	flagoff	165	2	11	3	10,10	9	12.5	8	0	0	2	1	1	4	1	0	1
nordkap_s3_A	nordkap	3	A	OPP	Titanium collected (tiebreak)	1000	flagoff	1000	220	11	3	10,15	4	12.5	8	0	0	2	1	1	4	1	0	1
nordkap_s3_A	nordkap	3	A	OPP	Titanium collected (tiebreak)	1000	flagoff	1000	220	24	8	11,20	2	4.5	8	2	2	2	3	1	11	1	0	1
nordkap_s3_A	nordkap	3	A	OPP	Titanium collected (tiebreak)	1000	flagoff	1000	220	135	112	7,18	1	6.5	8	2	2	2	888	0	-1	215	0	1
nordkap_s3_B	nordkap	3	B	OPP	Core destroyed	448	flagoff	448	4	11	3	10,10	9	12.5	8	0	0	2	1	1	4	1	0	1
nordkap_s3_B	nordkap	3	B	OPP	Core destroyed	448	flagoff	448	4	130	88	12,6	4	6.5	8	2	2	2	7	1	95	0	0	0
atoll_s28_A	atoll	28	A	US	Core destroyed	646	flagoff	646	86	28	10	13,4	2	4.5	8	2	2	2	2	1	12	0	0	0
atoll_s28_A	atoll	28	A	US	Core destroyed	646	flagoff	646	86	38	14	14,5	4	6.5	8	2	2	2	632	0	-1	82	3	1
atoll_s28_A	atoll	28	A	US	Core destroyed	646	flagoff	646	86	271	171	12,7	17	26.5	8	0	0	2	1	1	172	1	0	1
atoll_s28_B	atoll	28	B	US	Core destroyed	247	flagoff	247	6	238	166	4,8	26	44.5	8	0	0	2	1	1	167	1	0	1
atoll_s29_A	atoll	29	A	US	Core destroyed	939	flagoff	939	87	22	6	14,5	4	6.5	8	2	2	2	53	1	59	22	0	1
atoll_s29_A	atoll	29	A	US	Core destroyed	939	flagoff	939	87	1143	889	12,6	10	18.5	8	0	0	2	1	1	890	1	0	1
atoll_s29_B	atoll	29	B	OPP	Core destroyed	186	flagoff	186	18	24	6	4,13	2	4.5	8	2	2	2	180	0	-1	15	3	1
atoll_s30_A	atoll	30	A	US	Core destroyed	355	flagoff	355	73	25	9	14,5	4	6.5	8	2	2	2	346	0	-1	69	0	1
atoll_s30_B	atoll	30	B	OPP	Core destroyed	315	flagoff	315	42	21	6	4,13	2	4.5	8	2	2	2	221	1	227	32	5	1
drakkarfjord_s28_A	drakkarfjord	28	A	US	Core destroyed	387	flagoff	387	15	15	9	22,8	18	32.5	8	0	0	2	1	1	10	1	0	1
drakkarfjord_s28_A	drakkarfjord	28	A	US	Core destroyed	387	flagoff	387	15	389	226	25,6	2	4.5	8	2	2	2	3	1	229	0	0	0
drakkarfjord_s28_A	drakkarfjord	28	A	US	Core destroyed	387	flagoff	387	15	616	323	24,4	1	6.5	8	2	2	2	64	0	-1	4	2	1
drakkarfjord_s28_B	drakkarfjord	28	B	US	Core destroyed	128	flagoff	128	5	15	9	7,21	20	32.5	8	0	0	2	1	1	10	1	0	1
drakkarfjord_s29_A	drakkarfjord	29	A	US	Core destroyed	268	flagoff	268	27	15	9	22,8	18	32.5	8	0	0	2	1	1	10	1	0	1
drakkarfjord_s29_A	drakkarfjord	29	A	US	Core destroyed	268	flagoff	268	27	120	50	27,7	4	6.5	8	2	2	2	218	0	-1	22	0	1
drakkarfjord_s29_B	drakkarfjord	29	B	OPP	Core destroyed	281	flagoff	281	5	15	9	7,21	20	32.5	8	0	0	2	1	1	10	1	0	1
drakkarfjord_s30_A	drakkarfjord	30	A	US	Core destroyed	206	flagoff	206	5	15	9	22,8	18	32.5	8	0	0	2	1	1	10	1	0	1
drakkarfjord_s30_A	drakkarfjord	30	A	US	Core destroyed	206	flagoff	206	5	225	169	27,2	1	6.5	8	2	2	2	37	0	-1	0	0	0
drakkarfjord_s30_B	drakkarfjord	30	B	US	Core destroyed	236	flagoff	236	5	15	9	7,21	20	32.5	8	0	0	2	1	1	10	1	0	1
glacierkeep_s28_A	glacierkeep	28	A	US	Titanium collected (tiebreak)	1000	flagoff	1000	4	14	7	16,23	5	14.5	8	0	0	2	1	1	8	1	0	1
glacierkeep_s28_B	glacierkeep	28	B	US	Core destroyed	253	flagoff	253	7	14	7	16,6	10	14.5	8	0	0	2	1	1	8	1	0	1
glacierkeep_s28_B	glacierkeep	28	B	US	Core destroyed	253	flagoff	253	7	125	154	14,0	1	6.5	8	2	2	2	99	0	-1	3	3	1
glacierkeep_s29_A	glacierkeep	29	A	OPP	Core destroyed	376	flagoff	376	4	14	7	16,23	5	14.5	8	0	0	2	1	1	8	1	0	1
glacierkeep_s29_B	glacierkeep	29	B	US	Titanium collected (tiebreak)	1000	flagoff	1000	4	14	7	17,6	13	18.5	8	0	0	2	1	1	8	1	0	1
glacierkeep_s30_A	glacierkeep	30	A	US	Core destroyed	128	flagoff	128	4	14	7	15,23	4	12.5	8	0	0	2	1	1	8	1	0	1
glacierkeep_s30_B	glacierkeep	30	B	US	Core destroyed	245	flagoff	245	6	14	7	16,6	10	14.5	8	0	0	2	1	1	8	1	0	1
glacierkeep_s30_B	glacierkeep	30	B	US	Core destroyed	245	flagoff	245	6	116	142	14,0	1	6.5	8	2	2	2	103	0	-1	2	1	1
nordkap_s28_A	nordkap	28	A	US	Core destroyed	164	flagoff	164	3	11	3	10,15	4	12.5	8	0	0	2	1	1	4	1	0	1
nordkap_s28_A	nordkap	28	A	US	Core destroyed	164	flagoff	164	3	27	8	11,20	2	4.5	8	2	2	2	2	1	10	1	0	1
nordkap_s28_B	nordkap	28	B	OPP	Core destroyed	373	flagoff	373	98	11	3	10,10	9	12.5	8	0	0	2	1	1	4	1	0	1
nordkap_s28_B	nordkap	28	B	OPP	Core destroyed	373	flagoff	373	98	67	24	11,9	5	8.5	8	1	1	2	349	0	-1	82	4	1
nordkap_s28_B	nordkap	28	B	OPP	Core destroyed	373	flagoff	373	98	953	306	10,12	25	30.5	8	0	0	2	1	1	307	1	0	1
nordkap_s29_A	nordkap	29	A	OPP	Core destroyed	375	flagoff	375	6	11	3	10,15	4	12.5	8	0	0	2	1	1	4	1	0	1
nordkap_s29_A	nordkap	29	A	OPP	Core destroyed	375	flagoff	375	6	506	209	4,16	17	36.5	8	0	0	2	1	1	210	1	0	1
nordkap_s29_B	nordkap	29	B	US	Core destroyed	203	flagoff	203	23	11	3	10,10	9	12.5	8	0	0	2	1	1	4	1	0	1
nordkap_s29_B	nordkap	29	B	US	Core destroyed	203	flagoff	203	23	96	114	12,6	4	6.5	8	2	2	2	89	0	-1	21	0	1
nordkap_s30_A	nordkap	30	A	OPP	Core destroyed	441	flagoff	441	13	11	3	10,15	4	12.5	8	0	0	2	1	1	4	1	0	1
nordkap_s30_A	nordkap	30	A	OPP	Core destroyed	441	flagoff	441	13	19	6	10,21	4	6.5	8	2	2	2	435	0	-1	10	1	1
nordkap_s30_B	nordkap	30	B	US	Core destroyed	447	flagoff	447	35	11	3	10,10	9	12.5	8	0	0	2	1	1	4	1	0	1
nordkap_s30_B	nordkap	30	B	US	Core destroyed	447	flagoff	447	35	93	36	11,9	5	8.5	8	1	1	2	411	0	-1	33	0	1
atoll_s31_A	atoll	31	A	US	Core destroyed	223	flagoff	223	31	21	6	14,5	4	6.5	8	2	2	2	3	1	9	2	1	1
atoll_s31_A	atoll	31	A	US	Core destroyed	223	flagoff	223	31	41	13	12,3	1	6.5	8	2	2	2	210	0	-1	27	0	1
atoll_s31_B	atoll	31	B	OPP	Core destroyed	323	flagoff	323	6	108	50	0,14	1	6.5	8	2	2	2	273	0	-1	0	0	0
atoll_s32_A	atoll	32	A	US	Titanium collected (tiebreak)	1000	flagoff	1000	323	27	10	13,4	2	4.5	8	2	2	2	2	1	12	1	0	1
atoll_s32_A	atoll	32	A	US	Titanium collected (tiebreak)	1000	flagoff	1000	323	33	13	12,2	1	6.5	8	2	2	2	987	0	-1	151	33	1
atoll_s32_A	atoll	32	A	US	Titanium collected (tiebreak)	1000	flagoff	1000	323	390	284	13,7	17	22.5	8	0	0	2	1	1	285	1	0	1
atoll_s32_A	atoll	32	A	US	Titanium collected (tiebreak)	1000	flagoff	1000	323	405	297	15,7	16	20.5	8	0	0	2	1	1	298	1	0	1
atoll_s33_A	atoll	33	A	US	Core destroyed	420	flagoff	420	17	27	8	14,5	4	6.5	8	2	2	2	2	1	10	1	1	1
atoll_s33_A	atoll	33	A	US	Core destroyed	420	flagoff	420	17	39	12	12,4	2	8.5	8	1	1	2	44	1	56	12	0	1
atoll_s33_A	atoll	33	A	US	Core destroyed	420	flagoff	420	17	172	93	12,7	17	26.5	8	0	0	2	1	1	94	1	0	1
atoll_s33_B	atoll	33	B	OPP	Core destroyed	241	flagoff	241	33	21	6	4,13	2	4.5	8	2	2	2	235	0	-1	29	4	1
drakkarfjord_s31_A	drakkarfjord	31	A	US	Core destroyed	800	flagoff	800	80	15	9	22,8	18	32.5	8	0	0	2	1	1	10	1	0	1
drakkarfjord_s31_A	drakkarfjord	31	A	US	Core destroyed	800	flagoff	800	80	819	235	23,7	8	18.5	8	0	0	2	1	1	236	1	0	1
drakkarfjord_s31_B	drakkarfjord	31	B	OPP	Core destroyed	338	flagoff	338	5	15	9	7,21	20	32.5	8	0	0	2	1	1	10	1	0	1
drakkarfjord_s32_A	drakkarfjord	32	A	US	Core destroyed	448	flagoff	448	21	15	9	22,8	18	32.5	8	0	0	2	1	1	10	1	0	1
drakkarfjord_s32_A	drakkarfjord	32	A	US	Core destroyed	448	flagoff	448	21	389	226	25,6	2	4.5	8	2	2	2	3	1	229	0	0	0
drakkarfjord_s32_A	drakkarfjord	32	A	US	Core destroyed	448	flagoff	448	21	685	352	24,4	1	6.5	8	2	2	2	29	1	381	7	3	1
drakkarfjord_s32_B	drakkarfjord	32	B	US	Core destroyed	325	flagoff	325	8	15	9	6,20	18	32.5	8	0	0	2	1	1	10	1	0	1
drakkarfjord_s32_B	drakkarfjord	32	B	US	Core destroyed	325	flagoff	325	8	426	256	7,21	20	32.5	8	0	0	2	1	1	257	1	0	1
drakkarfjord_s33_A	drakkarfjord	33	A	US	Core destroyed	276	flagoff	276	12	15	9	22,8	18	32.5	8	0	0	2	1	1	10	1	0	1
drakkarfjord_s33_A	drakkarfjord	33	A	US	Core destroyed	276	flagoff	276	12	171	81	24,4	1	6.5	8	2	2	2	195	0	-1	7	0	1
drakkarfjord_s33_B	drakkarfjord	33	B	US	Core destroyed	145	flagoff	145	5	15	9	7,21	20	32.5	8	0	0	2	1	1	10	1	0	1
glacierkeep_s31_A	glacierkeep	31	A	US	Core destroyed	313	flagoff	313	4	14	7	16,23	5	14.5	8	0	0	2	1	1	8	1	0	1
glacierkeep_s31_B	glacierkeep	31	B	US	Core destroyed	345	flagoff	345	4	14	7	16,6	10	14.5	8	0	0	2	1	1	8	1	0	1
glacierkeep_s32_A	glacierkeep	32	A	US	Core destroyed	217	flagoff	217	4	14	7	15,23	4	12.5	8	0	0	2	1	1	8	1	0	1
glacierkeep_s32_B	glacierkeep	32	B	US	Core destroyed	193	flagoff	193	4	14	7	16,6	10	14.5	8	0	0	2	1	1	8	1	0	1
glacierkeep_s33_A	glacierkeep	33	A	US	Core destroyed	125	flagoff	125	4	14	7	15,23	4	12.5	8	0	0	2	1	1	8	1	0	1
glacierkeep_s33_B	glacierkeep	33	B	OPP	Core destroyed	598	flagoff	598	10	14	7	16,6	10	14.5	8	0	0	2	1	1	8	1	0	1
glacierkeep_s33_B	glacierkeep	33	B	OPP	Core destroyed	598	flagoff	598	10	166	332	14,0	1	6.5	8	2	2	2	266	0	-1	0	0	0
glacierkeep_s33_B	glacierkeep	33	B	OPP	Core destroyed	598	flagoff	598	10	167	352	13,4	2	4.5	8	2	2	2	28	1	380	6	0	1
nordkap_s31_A	nordkap	31	A	US	Core destroyed	268	flagoff	268	2	11	3	10,15	4	12.5	8	0	0	2	1	1	4	1	0	1
nordkap_s31_B	nordkap	31	B	US	Core destroyed	213	flagoff	213	2	11	3	10,10	9	12.5	8	0	0	2	1	1	4	1	0	1
nordkap_s31_B	nordkap	31	B	US	Core destroyed	213	flagoff	213	2	82	53	11,9	5	8.5	8	1	1	2	160	0	-1	0	0	0
nordkap_s32_A	nordkap	32	A	US	Core destroyed	196	flagoff	196	2	11	3	10,15	4	12.5	8	0	0	2	1	1	4	1	0	1
nordkap_s32_B	nordkap	32	B	OPP	Core destroyed	196	flagoff	196	2	11	3	10,10	9	12.5	8	0	0	2	1	1	4	1	0	1
nordkap_s32_B	nordkap	32	B	OPP	Core destroyed	196	flagoff	196	2	22	8	11,5	2	4.5	8	2	2	2	2	1	10	0	0	0
nordkap_s33_A	nordkap	33	A	US	Core destroyed	353	flagoff	353	3	11	3	10,15	4	12.5	8	0	0	2	1	1	4	1	0	1
nordkap_s33_B	nordkap	33	B	US	Core destroyed	129	flagoff	129	23	11	3	10,10	9	12.5	8	0	0	2	1	1	4	1	0	1
nordkap_s33_B	nordkap	33	B	US	Core destroyed	129	flagoff	129	23	89	48	12,6	4	6.5	8	2	2	2	81	0	-1	21	0	1
yulerune_s33_A	yulerune	33	A	US	Core destroyed	427	flagoff	427	68	420	220	14,4	17	36.5	8	0	0	2	207	0	-1	2	0	1
yulerune_s33_A	yulerune	33	A	US	Core destroyed	427	flagoff	427	68	428	233	14,8	2	8.5	8	1	1	2	194	0	-1	4	0	1
yulerune_s33_A	yulerune	33	A	US	Core destroyed	427	flagoff	427	68	435	244	14,12	5	12.5	8	0	0	2	183	0	-1	0	0	0
atoll_s34_A	atoll	34	A	US	Titanium collected (tiebreak)	1000	flagoff	1000	189	18	6	13,4	2	4.5	8	2	2	2	994	0	-1	147	2	1
atoll_s34_A	atoll	34	A	US	Titanium collected (tiebreak)	1000	flagoff	1000	189	63	23	16,1	2	4.5	8	2	2	2	977	0	-1	16	1	1
atoll_s34_B	atoll	34	B	OPP	Core destroyed	172	flagoff	172	16	23	6	5,14	4	6.5	8	2	2	2	166	0	-1	13	4	1
atoll_s35_A	atoll	35	A	US	Core destroyed	458	flagoff	458	10	28	7	12,4	2	8.5	8	1	1	2	8	1	15	2	0	1
atoll_s35_A	atoll	35	A	US	Core destroyed	458	flagoff	458	10	52	18	14,0	1	6.5	8	2	2	2	11	1	29	0	0	0
atoll_s35_A	atoll	35	A	US	Core destroyed	458	flagoff	458	10	153	62	13,0	2	8.5	8	1	1	2	5	1	67	0	0	0
atoll_s35_A	atoll	35	A	US	Core destroyed	458	flagoff	458	10	191	92	13,0	2	8.5	8	1	1	2	4	1	96	1	0	1
atoll_s35_A	atoll	35	A	US	Core destroyed	458	flagoff	458	10	217	114	12,6	10	18.5	8	0	0	2	1	1	115	1	0	1
atoll_s35_A	atoll	35	A	US	Core destroyed	458	flagoff	458	10	342	229	10,7	25	40.5	8	0	0	2	1	1	230	1	0	1
atoll_s36_A	atoll	36	A	OPP	Core destroyed	168	flagoff	168	15	27	8	14,5	4	6.5	8	2	2	2	2	1	10	1	1	1
atoll_s36_A	atoll	36	A	OPP	Core destroyed	168	flagoff	168	15	39	12	12,4	2	8.5	8	1	1	2	156	0	-1	9	0	1
atoll_s36_A	atoll	36	A	OPP	Core destroyed	168	flagoff	168	15	204	126	14,0	1	6.5	8	2	2	2	42	0	-1	0	0	0
atoll_s36_B	atoll	36	B	US	Core destroyed	248	flagoff	248	9	265	178	0,14	1	6.5	8	2	2	2	70	0	-1	1	1	1
drakkarfjord_s34_A	drakkarfjord	34	A	US	Titanium collected (tiebreak)	1000	flagoff	1000	446	15	9	22,8	18	32.5	8	0	0	2	1	1	10	1	0	1
drakkarfjord_s34_A	drakkarfjord	34	A	US	Titanium collected (tiebreak)	1000	flagoff	1000	446	819	243	21,8	25	42.5	8	0	0	2	1	1	244	1	0	1
drakkarfjord_s34_B	drakkarfjord	34	B	OPP	Core destroyed	712	flagoff	712	417	15	9	7,21	20	32.5	8	0	0	2	1	1	10	1	0	1
drakkarfjord_s34_B	drakkarfjord	34	B	OPP	Core destroyed	712	flagoff	712	417	2399	706	7,21	20	32.5	8	0	0	2	1	1	707	1	0	1
drakkarfjord_s35_A	drakkarfjord	35	A	US	Core destroyed	596	flagoff	596	5	15	9	22,8	18	32.5	8	0	0	2	1	1	10	1	0	1
drakkarfjord_s35_B	drakkarfjord	35	B	US	Core destroyed	126	flagoff	126	5	15	9	7,21	20	32.5	8	0	0	2	1	1	10	1	0	1
drakkarfjord_s36_A	drakkarfjord	36	A	US	Core destroyed	453	flagoff	453	5	15	9	22,8	18	32.5	8	0	0	2	1	1	10	1	0	1
drakkarfjord_s36_A	drakkarfjord	36	A	US	Core destroyed	453	flagoff	453	5	306	264	24,4	1	6.5	8	2	2	2	189	0	-1	0	0	0
drakkarfjord_s36_B	drakkarfjord	36	B	US	Titanium collected (tiebreak)	1000	flagoff	1000	842	15	9	7,21	20	32.5	8	0	0	2	1	1	10	1	0	1
glacierkeep_s34_A	glacierkeep	34	A	US	Titanium collected (tiebreak)	1000	flagoff	1000	4	14	7	16,23	5	14.5	8	0	0	2	1	1	8	1	0	1
glacierkeep_s34_B	glacierkeep	34	B	US	Titanium collected (tiebreak)	1000	flagoff	1000	4	14	8	17,6	13	18.5	8	0	0	2	1	1	9	1	0	1
glacierkeep_s35_A	glacierkeep	35	A	US	Core destroyed	163	flagoff	163	4	14	7	15,23	4	12.5	8	0	0	2	1	1	8	1	0	1
glacierkeep_s35_B	glacierkeep	35	B	US	Core destroyed	297	flagoff	297	28	14	7	16,6	10	14.5	8	0	0	2	1	1	8	1	0	1
glacierkeep_s35_B	glacierkeep	35	B	US	Core destroyed	297	flagoff	297	28	111	186	14,0	1	6.5	8	2	2	2	111	0	-1	24	2	1
glacierkeep_s36_A	glacierkeep	36	A	US	Core destroyed	181	flagoff	181	4	14	7	15,23	4	12.5	8	0	0	2	1	1	8	1	0	1
glacierkeep_s36_B	glacierkeep	36	B	US	Core destroyed	241	flagoff	241	4	14	7	16,6	10	14.5	8	0	0	2	1	1	8	1	0	1
nordkap_s34_A	nordkap	34	A	US	Core destroyed	374	flagoff	374	4	11	3	10,15	4	12.5	8	0	0	2	1	1	4	1	0	1
nordkap_s34_B	nordkap	34	B	US	Core destroyed	383	flagoff	383	2	11	3	10,10	9	12.5	8	0	0	2	1	1	4	1	0	1
nordkap_s34_B	nordkap	34	B	US	Core destroyed	383	flagoff	383	2	72	60	11,4	2	8.5	8	1	1	2	4	1	64	0	0	0
nordkap_s35_A	nordkap	35	A	OPP	Core destroyed	430	flagoff	430	87	11	3	10,15	4	12.5	8	0	0	2	1	1	4	1	0	1
nordkap_s35_A	nordkap	35	A	OPP	Core destroyed	430	flagoff	430	87	29	10	12,19	4	6.5	8	2	2	2	420	0	-1	85	0	1
nordkap_s35_B	nordkap	35	B	OPP	Core destroyed	477	flagoff	477	122	11	3	10,10	9	12.5	8	0	0	2	1	1	4	1	0	1
nordkap_s35_B	nordkap	35	B	OPP	Core destroyed	477	flagoff	477	122	272	108	11,11	17	22.5	8	0	0	2	1	1	109	1	0	1
nordkap_s35_B	nordkap	35	B	OPP	Core destroyed	477	flagoff	477	122	467	178	11,9	5	8.5	8	1	1	2	19	1	197	1	0	1
nordkap_s35_B	nordkap	35	B	OPP	Core destroyed	477	flagoff	477	122	651	259	5,9	13	26.5	8	0	0	2	143	1	402	44	0	1
nordkap_s35_B	nordkap	35	B	OPP	Core destroyed	477	flagoff	477	122	1022	404	11,10	10	14.5	8	0	0	2	1	1	405	1	0	1
nordkap_s36_A	nordkap	36	A	OPP	Core destroyed	337	flagoff	337	5	11	3	10,15	4	12.5	8	0	0	2	1	1	4	1	0	1
nordkap_s36_B	nordkap	36	B	US	Core destroyed	144	flagoff	144	2	11	3	10,10	9	12.5	8	0	0	2	1	1	4	1	0	1
atoll_s37_A	atoll	37	A	OPP	Core destroyed	388	flagoff	388	46	21	6	14,5	4	6.5	8	2	2	2	3	1	9	2	1	1
atoll_s37_A	atoll	37	A	OPP	Core destroyed	388	flagoff	388	46	40	13	12,3	1	6.5	8	2	2	2	375	0	-1	42	1	1
atoll_s38_A	atoll	38	A	OPP	Core destroyed	267	flagoff	267	4	53	18	16,1	2	4.5	8	2	2	2	249	0	-1	2	1	1
atoll_s38_B	atoll	38	B	OPP	Core destroyed	774	flagoff	774	220	140	86	0,15	1	6.5	8	2	2	2	688	0	-1	6	1	1
atoll_s39_A	atoll	39	A	OPP	Core destroyed	339	flagoff	339	8	27	8	13,5	5	8.5	8	1	1	2	3	1	11	1	0	1
atoll_s39_A	atoll	39	A	OPP	Core destroyed	339	flagoff	339	8	48	20	16,4	2	4.5	8	2	2	2	89	1	109	2	0	1
atoll_s39_A	atoll	39	A	OPP	Core destroyed	339	flagoff	339	8	303	140	16,4	2	4.5	8	2	2	2	5	1	145	0	0	0
atoll_s39_B	atoll	39	B	OPP	Core destroyed	215	flagoff	215	24	21	6	4,13	2	4.5	8	2	2	2	209	0	-1	20	5	1
drakkarfjord_s37_A	drakkarfjord	37	A	OPP	Core destroyed	986	flagoff	986	125	15	9	22,8	18	32.5	8	0	0	2	1	1	10	1	0	1
drakkarfjord_s37_A	drakkarfjord	37	A	OPP	Core destroyed	986	flagoff	986	125	668	236	23,7	8	18.5	8	0	0	2	1	1	237	1	0	1
drakkarfjord_s37_A	drakkarfjord	37	A	OPP	Core destroyed	986	flagoff	986	125	1886	763	22,9	25	40.5	8	0	0	2	1	1	764	1	0	1
drakkarfjord_s37_A	drakkarfjord	37	A	OPP	Core destroyed	986	flagoff	986	125	2254	936	22,8	18	32.5	8	0	0	2	1	1	937	1	0	1
drakkarfjord_s37_B	drakkarfjord	37	B	US	Core destroyed	616	flagoff	616	11	15	9	7,21	20	32.5	8	0	0	2	1	1	10	1	0	1
drakkarfjord_s38_A	drakkarfjord	38	A	US	Core destroyed	268	flagoff	268	6	15	9	22,8	18	32.5	8	0	0	2	1	1	10	1	0	1
drakkarfjord_s38_A	drakkarfjord	38	A	US	Core destroyed	268	flagoff	268	6	123	53	24,4	1	6.5	8	2	2	2	12	1	65	1	0	1
drakkarfjord_s38_B	drakkarfjord	38	B	OPP	Titanium collected (tiebreak)	1000	flagoff	1000	6	15	9	7,21	20	32.5	8	0	0	2	1	1	10	1	0	1
drakkarfjord_s38_B	drakkarfjord	38	B	OPP	Titanium collected (tiebreak)	1000	flagoff	1000	6	206	224	1,22	2	8.5	8	1	1	2	4	1	228	1	1	1
drakkarfjord_s38_B	drakkarfjord	38	B	OPP	Titanium collected (tiebreak)	1000	flagoff	1000	6	216	320	1,22	2	8.5	8	1	1	2	4	1	324	0	0	0
drakkarfjord_s39_A	drakkarfjord	39	A	US	Core destroyed	558	flagoff	558	63	15	9	22,8	18	32.5	8	0	0	2	1	1	10	1	0	1
drakkarfjord_s39_A	drakkarfjord	39	A	US	Core destroyed	558	flagoff	558	63	612	317	24,4	1	6.5	8	2	2	2	76	1	393	20	11	1
drakkarfjord_s39_A	drakkarfjord	39	A	US	Core destroyed	558	flagoff	558	63	927	488	23,8	13	24.5	8	0	0	2	1	1	489	1	0	1
drakkarfjord_s39_A	drakkarfjord	39	A	US	Core destroyed	558	flagoff	558	63	952	500	24,4	1	6.5	8	2	2	2	58	0	-1	22	11	1
drakkarfjord_s39_B	drakkarfjord	39	B	US	Core destroyed	173	flagoff	173	5	15	9	7,21	20	32.5	8	0	0	2	1	1	10	1	0	1
glacierkeep_s37_A	glacierkeep	37	A	US	Core destroyed	261	flagoff	261	4	14	8	15,23	4	12.5	8	0	0	2	1	1	9	1	0	1
glacierkeep_s37_B	glacierkeep	37	B	US	Core destroyed	189	flagoff	189	4	14	7	16,6	10	14.5	8	0	0	2	1	1	8	1	0	1
glacierkeep_s38_A	glacierkeep	38	A	US	Core destroyed	725	flagoff	725	36	14	7	16,23	5	14.5	8	0	0	2	1	1	8	1	0	1
glacierkeep_s38_A	glacierkeep	38	A	US	Core destroyed	725	flagoff	725	36	128	221	14,24	1	6.5	8	2	2	2	504	0	-1	32	0	1
glacierkeep_s38_A	glacierkeep	38	A	US	Core destroyed	725	flagoff	725	36	161	630	13,28	2	4.5	8	2	2	2	20	1	650	0	0	0
glacierkeep_s38_B	glacierkeep	38	B	US	Core destroyed	365	flagoff	365	4	14	7	16,6	10	14.5	8	0	0	2	1	1	8	1	0	1
glacierkeep_s39_A	glacierkeep	39	A	US	Core destroyed	157	flagoff	157	4	14	7	16,23	5	14.5	8	0	0	2	1	1	8	1	0	1
glacierkeep_s39_B	glacierkeep	39	B	US	Core destroyed	280	flagoff	280	4	14	8	17,6	13	18.5	8	0	0	2	1	1	9	1	0	1
nordkap_s37_A	nordkap	37	A	OPP	Core destroyed	507	flagoff	507	26	11	3	10,15	4	12.5	8	0	0	2	1	1	4	1	0	1
nordkap_s37_A	nordkap	37	A	OPP	Core destroyed	507	flagoff	507	26	118	56	11,16	2	8.5	8	1	1	2	2	1	58	0	0	0
nordkap_s37_A	nordkap	37	A	OPP	Core destroyed	507	flagoff	507	26	466	241	7,13	17	36.5	8	0	0	2	1	1	242	1	0	1
nordkap_s37_B	nordkap	37	B	OPP	Core destroyed	211	flagoff	211	2	11	3	10,10	9	12.5	8	0	0	2	1	1	4	1	0	1
nordkap_s37_B	nordkap	37	B	OPP	Core destroyed	211	flagoff	211	2	23	8	11,5	2	4.5	8	2	2	2	2	1	10	0	0	0
nordkap_s38_A	nordkap	38	A	US	Core destroyed	158	flagoff	158	24	11	3	10,15	4	12.5	8	0	0	2	1	1	4	1	0	1
nordkap_s38_A	nordkap	38	A	US	Core destroyed	158	flagoff	158	24	80	71	9,21	4	6.5	8	2	2	2	87	0	-1	22	2	1
nordkap_s38_B	nordkap	38	B	US	Core destroyed	665	flagoff	665	5	11	3	10,10	9	12.5	8	0	0	2	1	1	4	1	0	1
nordkap_s38_B	nordkap	38	B	US	Core destroyed	665	flagoff	665	5	587	576	10,12	25	30.5	8	0	0	2	1	1	577	1	0	1
nordkap_s39_A	nordkap	39	A	OPP	Core destroyed	162	flagoff	162	2	11	3	10,15	4	12.5	8	0	0	2	1	1	4	1	0	1
nordkap_s39_B	nordkap	39	B	US	Core destroyed	524	flagoff	524	2	11	3	10,10	9	12.5	8	0	0	2	1	1	4	1	0	1
nordkap_s39_B	nordkap	39	B	US	Core destroyed	524	flagoff	524	2	176	269	9,9	4	6.5	8	2	2	2	255	0	-1	0	0	0
atoll_s40_A	atoll	40	A	US	Core destroyed	533	flagoff	533	7	17	5	12,4	2	8.5	8	1	1	2	4	1	9	1	1	1
atoll_s40_A	atoll	40	A	US	Core destroyed	533	flagoff	533	7	46	19	13,0	2	8.5	8	1	1	2	514	0	-1	2	1	1
atoll_s40_A	atoll	40	A	US	Core destroyed	533	flagoff	533	7	126	78	16,7	17	22.5	8	0	0	2	1	1	79	1	0	1
atoll_s40_B	atoll	40	B	US	Core destroyed	196	flagoff	196	30	23	6	3,12	1	6.5	8	2	2	2	190	0	-1	28	1	1
atoll_s41_A	atoll	41	A	US	Core destroyed	317	flagoff	317	31	53	18	16,1	2	4.5	8	2	2	2	299	0	-1	5	1	1
atoll_s41_B	atoll	41	B	US	Core destroyed	772	flagoff	772	38	45	18	0,16	2	8.5	8	1	1	2	4	1	22	1	0	1
atoll_s41_B	atoll	41	B	US	Core destroyed	772	flagoff	772	38	60	24	0,16	2	8.5	8	1	1	2	2	1	26	0	0	0
atoll_s41_B	atoll	41	B	US	Core destroyed	772	flagoff	772	38	154	112	5,11	8	18.5	8	0	0	2	1	1	113	1	0	1
atoll_s41_B	atoll	41	B	US	Core destroyed	772	flagoff	772	38	161	124	4,16	2	4.5	8	2	2	2	16	1	140	0	0	0
atoll_s41_B	atoll	41	B	US	Core destroyed	772	flagoff	772	38	367	409	7,13	17	22.5	8	0	0	2	1	1	410	1	0	1
atoll_s41_B	atoll	41	B	US	Core destroyed	772	flagoff	772	38	507	568	5,10	13	26.5	8	0	0	2	1	1	569	1	0	1
atoll_s41_B	atoll	41	B	US	Core destroyed	772	flagoff	772	38	552	622	7,14	16	20.5	8	0	0	2	1	1	623	1	0	1
atoll_s41_B	atoll	41	B	US	Core destroyed	772	flagoff	772	38	657	747	4,11	5	14.5	8	0	0	2	1	1	748	1	0	1
atoll_s42_A	atoll	42	A	OPP	Core destroyed	431	flagoff	431	31	36	11	12,2	1	6.5	8	2	2	2	67	1	78	8	0	1
atoll_s42_A	atoll	42	A	OPP	Core destroyed	431	flagoff	431	31	187	90	12,4	2	8.5	8	1	1	2	5	1	95	2	0	1
atoll_s42_A	atoll	42	A	OPP	Core destroyed	431	flagoff	431	31	245	115	13,6	10	14.5	8	0	0	2	1	1	116	1	0	1
atoll_s42_A	atoll	42	A	OPP	Core destroyed	431	flagoff	431	31	278	130	16,1	2	4.5	8	2	2	2	301	0	-1	6	6	1
atoll_s42_A	atoll	42	A	OPP	Core destroyed	431	flagoff	431	31	420	200	13,7	17	22.5	8	0	0	2	1	1	201	1	0	1
atoll_s42_A	atoll	42	A	OPP	Core destroyed	431	flagoff	431	31	532	258	11,5	8	18.5	8	0	0	2	1	1	259	1	0	1
atoll_s42_B	atoll	42	B	US	Core destroyed	142	flagoff	142	4	115	62	5,15	4	6.5	8	2	2	2	80	0	-1	2	0	1
drakkarfjord_s40_A	drakkarfjord	40	A	US	Core destroyed	453	flagoff	453	5	15	9	22,8	18	32.5	8	0	0	2	1	1	10	1	0	1
drakkarfjord_s40_A	drakkarfjord	40	A	US	Core destroyed	453	flagoff	453	5	306	264	24,4	1	6.5	8	2	2	2	189	0	-1	0	0	0
drakkarfjord_s40_B	drakkarfjord	40	B	OPP	Core destroyed	966	flagoff	966	5	15	9	7,21	20	32.5	8	0	0	2	1	1	10	1	0	1
drakkarfjord_s41_A	drakkarfjord	41	A	US	Core destroyed	453	flagoff	453	5	15	9	22,8	18	32.5	8	0	0	2	1	1	10	1	0	1
drakkarfjord_s41_A	drakkarfjord	41	A	US	Core destroyed	453	flagoff	453	5	306	264	24,4	1	6.5	8	2	2	2	189	0	-1	0	0	0
drakkarfjord_s41_B	drakkarfjord	41	B	US	Core destroyed	192	flagoff	192	5	15	9	7,21	20	32.5	8	0	0	2	1	1	10	1	0	1
drakkarfjord_s42_A	drakkarfjord	42	A	OPP	Core destroyed	513	flagoff	513	27	15	9	22,8	18	32.5	8	0	0	2	1	1	10	1	0	1
drakkarfjord_s42_A	drakkarfjord	42	A	OPP	Core destroyed	513	flagoff	513	27	931	304	28,7	5	8.5	8	1	1	2	209	0	-1	2	1	1
drakkarfjord_s42_B	drakkarfjord	42	B	OPP	Core destroyed	829	flagoff	829	316	15	9	7,21	20	32.5	8	0	0	2	1	1	10	1	0	1
drakkarfjord_s42_B	drakkarfjord	42	B	OPP	Core destroyed	829	flagoff	829	316	863	264	7,21	20	32.5	8	0	0	2	1	1	265	1	0	1
drakkarfjord_s42_B	drakkarfjord	42	B	OPP	Core destroyed	829	flagoff	829	316	1038	312	7,21	20	32.5	8	0	0	2	1	1	313	1	0	1
drakkarfjord_s42_B	drakkarfjord	42	B	OPP	Core destroyed	829	flagoff	829	316	1194	352	6,22	10	18.5	8	0	0	2	1	1	353	1	0	1
drakkarfjord_s42_B	drakkarfjord	42	B	OPP	Core destroyed	829	flagoff	829	316	1329	389	6,22	10	18.5	8	0	0	2	1	1	390	1	0	1
drakkarfjord_s42_B	drakkarfjord	42	B	OPP	Core destroyed	829	flagoff	829	316	1807	537	6,21	13	24.5	8	0	0	2	1	1	538	1	0	1
glacierkeep_s40_A	glacierkeep	40	A	US	Core destroyed	169	flagoff	169	4	14	7	16,23	5	14.5	8	0	0	2	1	1	8	1	0	1
glacierkeep_s40_B	glacierkeep	40	B	US	Core destroyed	281	flagoff	281	8	14	7	16,6	10	14.5	8	0	0	2	1	1	8	1	0	1
glacierkeep_s40_B	glacierkeep	40	B	US	Core destroyed	281	flagoff	281	8	102	152	15,0	1	6.5	8	2	2	2	129	0	-1	4	0	1
glacierkeep_s41_A	glacierkeep	41	A	US	Core destroyed	225	flagoff	225	4	14	7	15,23	4	12.5	8	0	0	2	1	1	8	1	0	1
glacierkeep_s41_B	glacierkeep	41	B	US	Core destroyed	165	flagoff	165	4	14	7	16,6	10	14.5	8	0	0	2	1	1	8	1	0	1
glacierkeep_s42_A	glacierkeep	42	A	US	Core destroyed	633	flagoff	633	30	14	7	15,23	4	12.5	8	0	0	2	1	1	8	1	0	1
glacierkeep_s42_A	glacierkeep	42	A	US	Core destroyed	633	flagoff	633	30	131	225	12,26	1	6.5	8	2	2	2	408	0	-1	26	0	1
glacierkeep_s42_B	glacierkeep	42	B	US	Core destroyed	305	flagoff	305	17	14	7	16,6	10	14.5	8	0	0	2	1	1	8	1	0	1
glacierkeep_s42_B	glacierkeep	42	B	US	Core destroyed	305	flagoff	305	17	87	160	15,0	1	6.5	8	2	2	2	145	0	-1	13	1	1
nordkap_s40_A	nordkap	40	A	US	Core destroyed	256	flagoff	256	2	11	3	10,15	4	12.5	8	0	0	2	1	1	4	1	0	1
nordkap_s40_A	nordkap	40	A	US	Core destroyed	256	flagoff	256	2	30	10	12,19	4	6.5	8	2	2	2	2	1	12	0	0	0
nordkap_s40_B	nordkap	40	B	US	Core destroyed	309	flagoff	309	2	11	3	10,10	9	12.5	8	0	0	2	1	1	4	1	0	1
nordkap_s41_A	nordkap	41	A	OPP	Core destroyed	141	flagoff	141	9	11	3	10,15	4	12.5	8	0	0	2	1	1	4	1	0	1
nordkap_s41_A	nordkap	41	A	OPP	Core destroyed	141	flagoff	141	9	25	8	10,21	4	6.5	8	2	2	2	6	1	14	1	0	1
nordkap_s41_A	nordkap	41	A	OPP	Core destroyed	141	flagoff	141	9	132	88	9,16	1	6.5	8	2	2	2	53	0	-1	6	1	1
nordkap_s41_B	nordkap	41	B	US	Core destroyed	145	flagoff	145	3	11	3	10,10	9	12.5	8	0	0	2	1	1	4	1	0	1
nordkap_s41_B	nordkap	41	B	US	Core destroyed	145	flagoff	145	3	18	7	11,5	2	4.5	8	2	2	2	2	1	9	1	0	1
nordkap_s42_A	nordkap	42	A	US	Core destroyed	193	flagoff	193	2	11	3	10,15	4	12.5	8	0	0	2	1	1	4	1	0	1
nordkap_s42_A	nordkap	42	A	US	Core destroyed	193	flagoff	193	2	80	84	7,19	1	6.5	8	2	2	2	109	0	-1	0	0	0
nordkap_s42_B	nordkap	42	B	US	Core destroyed	399	flagoff	399	56	11	3	10,10	9	12.5	8	0	0	2	1	1	4	1	0	1
nordkap_s42_B	nordkap	42	B	US	Core destroyed	399	flagoff	399	56	76	44	10,4	1	6.5	8	2	2	2	355	0	-1	5	0	1
nordkap_s42_B	nordkap	42	B	US	Core destroyed	399	flagoff	399	56	160	91	8,9	5	8.5	8	1	1	2	308	0	-1	49	0	1
atoll_s43_A	atoll	43	A	OPP	Core destroyed	785	flagoff	785	125	22	6	14,5	4	6.5	8	2	2	2	55	1	61	22	0	1
atoll_s43_A	atoll	43	A	OPP	Core destroyed	785	flagoff	785	125	325	208	16,1	2	4.5	8	2	2	2	22	1	230	1	0	1
atoll_s43_A	atoll	43	A	OPP	Core destroyed	785	flagoff	785	125	1107	728	13,6	10	14.5	8	0	0	2	1	1	729	1	0	1
atoll_s44_A	atoll	44	A	US	Core destroyed	552	flagoff	552	106	22	6	14,5	4	6.5	8	2	2	2	189	1	195	100	1	1
atoll_s44_B	atoll	44	B	OPP	Core destroyed	194	flagoff	194	2	85	40	4,17	5	8.5	8	1	1	2	154	0	-1	0	0	0
atoll_s45_A	atoll	45	A	US	Core destroyed	568	flagoff	568	80	22	6	13,4	2	4.5	8	2	2	2	5	1	11	2	0	1
atoll_s45_A	atoll	45	A	US	Core destroyed	568	flagoff	568	80	41	12	13,4	2	4.5	8	2	2	2	3	1	15	0	0	0
atoll_s45_A	atoll	45	A	US	Core destroyed	568	flagoff	568	80	50	16	12,3	1	6.5	8	2	2	2	552	0	-1	76	0	1
atoll_s45_B	atoll	45	B	OPP	Core destroyed	166	flagoff	166	16	23	6	5,14	4	6.5	8	2	2	2	55	1	61	14	2	1
drakkarfjord_s43_A	drakkarfjord	43	A	OPP	Core destroyed	267	flagoff	267	10	15	9	22,8	18	32.5	8	0	0	2	1	1	10	1	0	1
drakkarfjord_s43_B	drakkarfjord	43	B	US	Core destroyed	137	flagoff	137	5	15	9	7,21	20	32.5	8	0	0	2	1	1	10	1	0	1
drakkarfjord_s44_A	drakkarfjord	44	A	US	Core destroyed	173	flagoff	173	11	15	9	22,8	18	32.5	8	0	0	2	1	1	10	1	0	1
drakkarfjord_s44_A	drakkarfjord	44	A	US	Core destroyed	173	flagoff	173	11	93	39	27,7	4	6.5	8	2	2	2	134	0	-1	6	0	1
drakkarfjord_s44_B	drakkarfjord	44	B	US	Core destroyed	161	flagoff	161	5	15	9	7,21	20	32.5	8	0	0	2	1	1	10	1	0	1
drakkarfjord_s45_A	drakkarfjord	45	A	OPP	Core destroyed	649	flagoff	649	106	15	9	22,8	18	32.5	8	0	0	2	1	1	10	1	0	1
drakkarfjord_s45_A	drakkarfjord	45	A	OPP	Core destroyed	649	flagoff	649	106	718	264	23,8	13	24.5	8	0	0	2	1	1	265	1	0	1
drakkarfjord_s45_B	drakkarfjord	45	B	US	Titanium collected (tiebreak)	1000	flagoff	1000	35	15	9	7,21	20	32.5	8	0	0	2	1	1	10	1	0	1
glacierkeep_s43_A	glacierkeep	43	A	US	Core destroyed	146	flagoff	146	4	14	7	15,23	4	12.5	8	0	0	2	1	1	8	1	0	1
glacierkeep_s43_B	glacierkeep	43	B	US	Core destroyed	709	flagoff	709	6	14	7	16,6	10	14.5	8	0	0	2	1	1	8	1	0	1
glacierkeep_s43_B	glacierkeep	43	B	US	Core destroyed	709	flagoff	709	6	120	232	14,0	1	6.5	8	2	2	2	477	0	-1	2	2	1
glacierkeep_s43_B	glacierkeep	43	B	US	Core destroyed	709	flagoff	709	6	158	317	16,4	2	4.5	8	2	2	2	392	0	-1	0	0	0
glacierkeep_s44_A	glacierkeep	44	A	US	Core destroyed	629	flagoff	629	6	14	7	16,23	5	14.5	8	0	0	2	1	1	8	1	0	1
glacierkeep_s44_B	glacierkeep	44	B	US	Core destroyed	185	flagoff	185	4	14	7	16,6	10	14.5	8	0	0	2	1	1	8	1	0	1
glacierkeep_s44_B	glacierkeep	44	B	US	Core destroyed	185	flagoff	185	4	110	69	15,0	1	6.5	8	2	2	2	116	0	-1	0	0	0
glacierkeep_s45_A	glacierkeep	45	A	US	Core destroyed	124	flagoff	124	4	14	7	16,23	5	14.5	8	0	0	2	1	1	8	1	0	1
glacierkeep_s45_B	glacierkeep	45	B	US	Core destroyed	185	flagoff	185	4	14	7	16,6	10	14.5	8	0	0	2	1	1	8	1	0	1
glacierkeep_s45_B	glacierkeep	45	B	US	Core destroyed	185	flagoff	185	4	110	69	15,0	1	6.5	8	2	2	2	116	0	-1	0	0	0
nordkap_s43_A	nordkap	43	A	OPP	Core destroyed	175	flagoff	175	16	11	3	10,15	4	12.5	8	0	0	2	1	1	4	1	0	1
nordkap_s43_A	nordkap	43	A	OPP	Core destroyed	175	flagoff	175	16	31	10	12,19	4	6.5	8	2	2	2	165	0	-1	14	2	1
nordkap_s43_B	nordkap	43	B	US	Core destroyed	314	flagoff	314	2	11	3	10,10	9	12.5	8	0	0	2	1	1	4	1	0	1
nordkap_s44_A	nordkap	44	A	US	Core destroyed	377	flagoff	377	62	11	3	10,15	4	12.5	8	0	0	2	1	1	4	1	0	1
nordkap_s44_A	nordkap	44	A	US	Core destroyed	377	flagoff	377	62	98	239	10,21	4	6.5	8	2	2	2	138	0	-1	60	5	1
nordkap_s44_B	nordkap	44	B	US	Core destroyed	215	flagoff	215	2	11	3	10,10	9	12.5	8	0	0	2	1	1	4	1	0	1
nordkap_s44_B	nordkap	44	B	US	Core destroyed	215	flagoff	215	2	66	56	12,7	4	6.5	8	2	2	2	159	0	-1	0	0	0
nordkap_s45_A	nordkap	45	A	US	Harvesters (tiebreak)	1000	flagoff	1000	2	11	3	10,15	4	12.5	8	0	0	2	1	1	4	1	0	1
nordkap_s45_B	nordkap	45	B	US	Core destroyed	213	flagoff	213	2	11	3	10,10	9	12.5	8	0	0	2	1	1	4	1	0	1
yulerune_s44_B	yulerune	44	B	US	Core destroyed	458	flagoff	458	25	484	372	5,13	13	18.5	8	0	0	2	21	1	393	4	0	1
atoll_s46_A	atoll	46	A	US	Core destroyed	895	flagoff	895	16	36	11	12,2	1	6.5	8	2	2	2	67	1	78	8	0	1
atoll_s46_A	atoll	46	A	US	Core destroyed	895	flagoff	895	16	246	115	15,6	9	12.5	8	0	0	2	1	1	116	1	0	1
atoll_s46_B	atoll	46	B	OPP	Core destroyed	163	flagoff	163	31	22	6	4,13	2	4.5	8	2	2	2	157	0	-1	29	3	1
atoll_s47_A	atoll	47	A	OPP	Core destroyed	388	flagoff	388	46	21	6	14,5	4	6.5	8	2	2	2	3	1	9	2	1	1
atoll_s47_A	atoll	47	A	OPP	Core destroyed	388	flagoff	388	46	40	13	12,3	1	6.5	8	2	2	2	375	0	-1	42	1	1
atoll_s47_B	atoll	47	B	OPP	Core destroyed	642	flagoff	642	42	21	5	5,13	5	8.5	8	1	1	2	14	1	19	6	3	1
atoll_s47_B	atoll	47	B	OPP	Core destroyed	642	flagoff	642	42	50	20	5,13	5	8.5	8	1	1	2	24	1	44	5	0	1
atoll_s47_B	atoll	47	B	OPP	Core destroyed	642	flagoff	642	42	642	541	7,10	25	40.5	8	0	0	2	1	1	542	1	0	1
atoll_s48_A	atoll	48	A	US	Core destroyed	372	flagoff	372	13	21	6	13,4	2	4.5	8	2	2	2	3	1	9	0	0	0
atoll_s48_A	atoll	48	A	US	Core destroyed	372	flagoff	372	13	39	12	12,2	1	6.5	8	2	2	2	360	0	-1	11	0	1
atoll_s48_B	atoll	48	B	US	Core destroyed	154	flagoff	154	3	41	18	4,13	2	4.5	8	2	2	2	2	1	20	1	0	1
drakkarfjord_s46_A	drakkarfjord	46	A	US	Core destroyed	240	flagoff	240	5	15	9	22,8	18	32.5	8	0	0	2	1	1	10	1	0	1
drakkarfjord_s46_B	drakkarfjord	46	B	OPP	Core destroyed	359	flagoff	359	133	15	9	7,21	20	32.5	8	0	0	2	1	1	10	1	0	1
drakkarfjord_s46_B	drakkarfjord	46	B	OPP	Core destroyed	359	flagoff	359	133	107	45	2,22	1	6.5	8	2	2	2	314	0	-1	127	3	1
drakkarfjord_s47_A	drakkarfjord	47	A	OPP	Titanium collected (tiebreak)	1000	flagoff	1000	7	15	9	22,8	18	32.5	8	0	0	2	1	1	10	1	0	1
drakkarfjord_s47_B	drakkarfjord	47	B	US	Core destroyed	163	flagoff	163	5	15	9	7,21	20	32.5	8	0	0	2	1	1	10	1	0	1
drakkarfjord_s48_A	drakkarfjord	48	A	OPP	Core destroyed	556	flagoff	556	180	15	9	22,8	18	32.5	8	0	0	2	1	1	10	1	0	1
drakkarfjord_s48_A	drakkarfjord	48	A	OPP	Core destroyed	556	flagoff	556	180	642	223	24,4	1	6.5	8	2	2	2	10	1	233	0	0	0
drakkarfjord_s48_B	drakkarfjord	48	B	OPP	Titanium collected (tiebreak)	1000	flagoff	1000	98	15	9	7,21	20	32.5	8	0	0	2	1	1	10	1	0	1
drakkarfjord_s48_B	drakkarfjord	48	B	OPP	Titanium collected (tiebreak)	1000	flagoff	1000	98	301	168	5,24	4	6.5	8	2	2	2	832	0	-1	93	85	1
glacierkeep_s46_A	glacierkeep	46	A	US	Core destroyed	266	flagoff	266	4	14	7	16,23	5	14.5	8	0	0	2	1	1	8	1	0	1
glacierkeep_s46_B	glacierkeep	46	B	US	Core destroyed	293	flagoff	293	56	14	7	16,6	10	14.5	8	0	0	2	1	1	8	1	0	1
glacierkeep_s46_B	glacierkeep	46	B	US	Core destroyed	293	flagoff	293	56	85	185	15,0	1	6.5	8	2	2	2	108	0	-1	52	12	1
glacierkeep_s47_A	glacierkeep	47	A	US	Core destroyed	183	flagoff	183	4	14	7	16,23	5	14.5	8	0	0	2	1	1	8	1	0	1
glacierkeep_s47_B	glacierkeep	47	B	US	Titanium collected (tiebreak)	1000	flagoff	1000	4	14	7	16,6	10	14.5	8	0	0	2	1	1	8	1	0	1
glacierkeep_s48_A	glacierkeep	48	A	US	Titanium collected (tiebreak)	1000	flagoff	1000	4	14	7	16,23	5	14.5	8	0	0	2	1	1	8	1	0	1
glacierkeep_s48_B	glacierkeep	48	B	US	Core destroyed	217	flagoff	217	5	14	7	16,6	10	14.5	8	0	0	2	1	1	8	1	0	1
glacierkeep_s48_B	glacierkeep	48	B	US	Core destroyed	217	flagoff	217	5	90	89	15,5	4	6.5	8	2	2	2	128	0	-1	1	0	1
nordkap_s46_A	nordkap	46	A	OPP	Core destroyed	328	flagoff	328	71	11	3	10,15	4	12.5	8	0	0	2	1	1	4	1	0	1
nordkap_s46_A	nordkap	46	A	OPP	Core destroyed	328	flagoff	328	71	19	6	10,21	4	6.5	8	2	2	2	322	0	-1	69	1	1
nordkap_s46_B	nordkap	46	B	US	Core destroyed	128	flagoff	128	14	11	3	10,10	9	12.5	8	0	0	2	1	1	4	1	0	1
nordkap_s46_B	nordkap	46	B	US	Core destroyed	128	flagoff	128	14	77	60	12,6	4	6.5	8	2	2	2	68	0	-1	12	0	1
nordkap_s47_A	nordkap	47	A	OPP	Core destroyed	169	flagoff	169	3	11	3	10,15	4	12.5	8	0	0	2	1	1	4	1	0	1
nordkap_s47_A	nordkap	47	A	OPP	Core destroyed	169	flagoff	169	3	28	10	12,19	4	6.5	8	2	2	2	2	1	12	1	0	1
nordkap_s47_B	nordkap	47	B	US	Core destroyed	409	flagoff	409	41	11	3	10,10	9	12.5	8	0	0	2	1	1	4	1	0	1
nordkap_s47_B	nordkap	47	B	US	Core destroyed	409	flagoff	409	41	32	10	10,4	1	6.5	8	2	2	2	399	0	-1	24	0	1
nordkap_s47_B	nordkap	47	B	US	Core destroyed	409	flagoff	409	41	218	154	8,9	5	8.5	8	1	1	2	255	0	-1	15	0	1
nordkap_s48_A	nordkap	48	A	OPP	Core destroyed	314	flagoff	314	2	11	3	10,15	4	12.5	8	0	0	2	1	1	4	1	0	1
nordkap_s48_B	nordkap	48	B	OPP	Core destroyed	278	flagoff	278	2	11	3	10,10	9	12.5	8	0	0	2	1	1	4	1	0	1
atoll_s49_A	atoll	49	A	OPP	Core destroyed	189	flagoff	189	37	28	10	13,4	2	4.5	8	2	2	2	2	1	12	0	0	0
atoll_s49_A	atoll	49	A	OPP	Core destroyed	189	flagoff	189	37	38	14	14,5	4	6.5	8	2	2	2	80	1	94	34	0	1
atoll_s49_B	atoll	49	B	US	Core destroyed	208	flagoff	208	16	42	18	4,13	2	4.5	8	2	2	2	2	1	20	1	0	1
atoll_s49_B	atoll	49	B	US	Core destroyed	208	flagoff	208	16	112	86	5,14	4	6.5	8	2	2	2	122	0	-1	11	0	1
atoll_s49_B	atoll	49	B	US	Core destroyed	208	flagoff	208	16	124	99	0,14	1	6.5	8	2	2	2	109	0	-1	2	0	1
atoll_s50_A	atoll	50	A	OPP	Core destroyed	879	flagoff	879	22	20	6	13,4	2	4.5	8	2	2	2	4	1	10	1	0	1
atoll_s50_A	atoll	50	A	OPP	Core destroyed	879	flagoff	879	22	50	20	13,0	2	8.5	8	1	1	2	859	0	-1	14	2	1
atoll_s50_A	atoll	50	A	OPP	Core destroyed	879	flagoff	879	22	215	129	15,6	9	12.5	8	0	0	2	1	1	130	1	0	1
atoll_s50_B	atoll	50	B	OPP	Core destroyed	310	flagoff	310	12	24	7	5,15	4	6.5	8	2	2	2	9	1	16	4	1	1
atoll_s50_B	atoll	50	B	OPP	Core destroyed	310	flagoff	310	12	43	17	5,15	4	6.5	8	2	2	2	3	1	20	1	0	1
atoll_s50_B	atoll	50	B	OPP	Core destroyed	310	flagoff	310	12	359	198	4,10	10	22.5	8	0	0	2	1	1	199	1	0	1
atoll_s50_B	atoll	50	B	OPP	Core destroyed	310	flagoff	310	12	395	218	0,16	2	8.5	8	1	1	2	92	0	-1	0	0	0
atoll_s51_A	atoll	51	A	US	Core destroyed	413	flagoff	413	35	20	6	13,4	2	4.5	8	2	2	2	4	1	10	1	0	1
atoll_s51_A	atoll	51	A	US	Core destroyed	413	flagoff	413	35	50	20	13,0	2	8.5	8	1	1	2	393	0	-1	26	0	1
atoll_s51_A	atoll	51	A	US	Core destroyed	413	flagoff	413	35	384	268	12,5	5	12.5	8	0	0	2	3	1	271	1	0	1
atoll_s51_A	atoll	51	A	US	Core destroyed	413	flagoff	413	35	446	316	15,7	16	20.5	8	0	0	2	1	1	317	1	0	1
atoll_s51_B	atoll	51	B	OPP	Core destroyed	186	flagoff	186	15	24	6	4,13	2	4.5	8	2	2	2	180	0	-1	11	3	1
drakkarfjord_s49_A	drakkarfjord	49	A	US	Core destroyed	249	flagoff	249	29	15	9	22,8	18	32.5	8	0	0	2	1	1	10	1	0	1
drakkarfjord_s49_A	drakkarfjord	49	A	US	Core destroyed	249	flagoff	249	29	93	39	27,7	4	6.5	8	2	2	2	210	0	-1	24	0	1
drakkarfjord_s49_B	drakkarfjord	49	B	US	Core destroyed	123	flagoff	123	5	15	9	7,21	20	32.5	8	0	0	2	1	1	10	1	0	1
drakkarfjord_s50_A	drakkarfjord	50	A	OPP	Core destroyed	437	flagoff	437	75	15	9	22,8	18	32.5	8	0	0	2	1	1	10	1	0	1
drakkarfjord_s50_A	drakkarfjord	50	A	OPP	Core destroyed	437	flagoff	437	75	501	159	22,9	25	40.5	8	0	0	2	1	1	160	1	0	1
drakkarfjord_s50_A	drakkarfjord	50	A	OPP	Core destroyed	437	flagoff	437	75	877	252	23,7	8	18.5	8	0	0	2	1	1	253	1	0	1
drakkarfjord_s50_A	drakkarfjord	50	A	OPP	Core destroyed	437	flagoff	437	75	1133	318	22,9	25	40.5	8	0	0	2	1	1	319	1	0	1
drakkarfjord_s50_B	drakkarfjord	50	B	US	Core destroyed	144	flagoff	144	5	15	9	7,21	20	32.5	8	0	0	2	1	1	10	1	0	1
drakkarfjord_s51_A	drakkarfjord	51	A	OPP	Titanium collected (tiebreak)	1000	flagoff	1000	724	15	9	22,8	18	32.5	8	0	0	2	1	1	10	1	0	1
drakkarfjord_s51_A	drakkarfjord	51	A	OPP	Titanium collected (tiebreak)	1000	flagoff	1000	724	93	39	27,7	4	6.5	8	2	2	2	961	0	-1	223	94	1
drakkarfjord_s51_B	drakkarfjord	51	B	US	Core destroyed	997	flagoff	997	36	15	9	7,21	20	32.5	8	0	0	2	1	1	10	1	0	1
drakkarfjord_s51_B	drakkarfjord	51	B	US	Core destroyed	997	flagoff	997	36	763	912	5,25	4	6.5	8	2	2	2	85	0	-1	1	0	1
glacierkeep_s49_A	glacierkeep	49	A	US	Core destroyed	112	flagoff	112	4	14	7	16,23	5	14.5	8	0	0	2	1	1	8	1	0	1
glacierkeep_s49_B	glacierkeep	49	B	US	Core destroyed	565	flagoff	565	4	14	7	16,6	10	14.5	8	0	0	2	1	1	8	1	0	1
glacierkeep_s50_A	glacierkeep	50	A	US	Core destroyed	380	flagoff	380	21	14	7	16,23	5	14.5	8	0	0	2	1	1	8	1	0	1
glacierkeep_s50_A	glacierkeep	50	A	US	Core destroyed	380	flagoff	380	21	685	332	15,24	1	6.5	8	2	2	2	4	1	336	1	1	1
glacierkeep_s50_A	glacierkeep	50	A	US	Core destroyed	380	flagoff	380	21	706	338	15,24	1	6.5	8	2	2	2	6	1	344	2	0	1
glacierkeep_s50_A	glacierkeep	50	A	US	Core destroyed	380	flagoff	380	21	725	344	15,24	1	6.5	8	2	2	2	8	1	352	2	0	1
glacierkeep_s50_A	glacierkeep	50	A	US	Core destroyed	380	flagoff	380	21	748	352	15,24	1	6.5	8	2	2	2	8	1	360	2	0	1
glacierkeep_s50_A	glacierkeep	50	A	US	Core destroyed	380	flagoff	380	21	770	360	15,24	1	6.5	8	2	2	2	8	1	368	2	0	1
glacierkeep_s50_A	glacierkeep	50	A	US	Core destroyed	380	flagoff	380	21	792	368	15,24	1	6.5	8	2	2	2	8	1	376	2	0	1
glacierkeep_s50_A	glacierkeep	50	A	US	Core destroyed	380	flagoff	380	21	815	376	15,24	1	6.5	8	2	2	2	4	0	-1	1	0	1
glacierkeep_s50_B	glacierkeep	50	B	US	Core destroyed	185	flagoff	185	4	14	7	16,6	10	14.5	8	0	0	2	1	1	8	1	0	1
glacierkeep_s51_A	glacierkeep	51	A	US	Core destroyed	201	flagoff	201	4	14	7	15,23	4	12.5	8	0	0	2	1	1	8	1	0	1
glacierkeep_s51_B	glacierkeep	51	B	US	Titanium collected (tiebreak)	1000	flagoff	1000	4	14	7	16,6	10	14.5	8	0	0	2	1	1	8	1	0	1
nordkap_s49_A	nordkap	49	A	OPP	Core destroyed	226	flagoff	226	2	11	3	10,15	4	12.5	8	0	0	2	1	1	4	1	0	1
nordkap_s49_B	nordkap	49	B	US	Core destroyed	481	flagoff	481	2	11	3	10,10	9	12.5	8	0	0	2	1	1	4	1	0	1
nordkap_s50_A	nordkap	50	A	OPP	Core destroyed	837	flagoff	837	107	11	3	10,15	4	12.5	8	0	0	2	1	1	4	1	0	1
nordkap_s50_A	nordkap	50	A	OPP	Core destroyed	837	flagoff	837	107	23	8	12,19	4	6.5	8	2	2	2	318	1	326	88	3	1
nordkap_s50_A	nordkap	50	A	OPP	Core destroyed	837	flagoff	837	107	115	352	8,16	2	8.5	8	1	1	2	485	0	-1	9	0	1
nordkap_s50_A	nordkap	50	A	OPP	Core destroyed	837	flagoff	837	107	120	407	12,20	5	8.5	8	1	1	2	117	1	524	8	0	1
nordkap_s50_B	nordkap	50	B	US	Titanium collected (tiebreak)	1000	flagoff	1000	7	11	3	10,10	9	12.5	8	0	0	2	1	1	4	1	0	1
nordkap_s50_B	nordkap	50	B	US	Titanium collected (tiebreak)	1000	flagoff	1000	7	144	164	8,8	2	4.5	8	2	2	2	16	1	180	2	0	1
nordkap_s50_B	nordkap	50	B	US	Titanium collected (tiebreak)	1000	flagoff	1000	7	159	181	8,8	2	4.5	8	2	2	2	19	1	200	1	0	1
nordkap_s50_B	nordkap	50	B	US	Titanium collected (tiebreak)	1000	flagoff	1000	7	186	212	8,8	2	4.5	8	2	2	2	8	1	220	0	0	0
nordkap_s50_B	nordkap	50	B	US	Titanium collected (tiebreak)	1000	flagoff	1000	7	209	240	8,8	2	4.5	8	2	2	2	2	1	242	0	0	0
nordkap_s50_B	nordkap	50	B	US	Titanium collected (tiebreak)	1000	flagoff	1000	7	216	248	8,8	2	4.5	8	2	2	2	2	1	250	1	0	1
nordkap_s50_B	nordkap	50	B	US	Titanium collected (tiebreak)	1000	flagoff	1000	7	228	262	8,8	2	4.5	8	2	2	2	2	1	264	0	0	0
nordkap_s50_B	nordkap	50	B	US	Titanium collected (tiebreak)	1000	flagoff	1000	7	233	268	8,8	2	4.5	8	2	2	2	2	1	270	0	0	0
nordkap_s50_B	nordkap	50	B	US	Titanium collected (tiebreak)	1000	flagoff	1000	7	240	275	8,8	2	4.5	8	2	2	2	2	1	277	0	0	0
nordkap_s50_B	nordkap	50	B	US	Titanium collected (tiebreak)	1000	flagoff	1000	7	244	280	8,8	2	4.5	8	2	2	2	2	1	282	0	0	0
nordkap_s50_B	nordkap	50	B	US	Titanium collected (tiebreak)	1000	flagoff	1000	7	256	294	8,8	2	4.5	8	2	2	2	2	1	296	0	0	0
nordkap_s50_B	nordkap	50	B	US	Titanium collected (tiebreak)	1000	flagoff	1000	7	259	297	8,8	2	4.5	8	2	2	2	3	1	300	0	0	0
nordkap_s50_B	nordkap	50	B	US	Titanium collected (tiebreak)	1000	flagoff	1000	7	265	304	8,8	2	4.5	8	2	2	2	2	1	306	0	0	0
nordkap_s50_B	nordkap	50	B	US	Titanium collected (tiebreak)	1000	flagoff	1000	7	269	308	8,8	2	4.5	8	2	2	2	2	1	310	0	0	0
nordkap_s50_B	nordkap	50	B	US	Titanium collected (tiebreak)	1000	flagoff	1000	7	275	314	8,8	2	4.5	8	2	2	2	2	1	316	0	0	0
nordkap_s50_B	nordkap	50	B	US	Titanium collected (tiebreak)	1000	flagoff	1000	7	280	320	8,8	2	4.5	8	2	2	2	2	1	322	0	0	0
nordkap_s50_B	nordkap	50	B	US	Titanium collected (tiebreak)	1000	flagoff	1000	7	286	326	8,8	2	4.5	8	2	2	2	2	1	328	0	0	0
nordkap_s50_B	nordkap	50	B	US	Titanium collected (tiebreak)	1000	flagoff	1000	7	291	332	8,8	2	4.5	8	2	2	2	2	1	334	0	0	0
nordkap_s50_B	nordkap	50	B	US	Titanium collected (tiebreak)	1000	flagoff	1000	7	297	338	8,8	2	4.5	8	2	2	2	2	1	340	0	0	0
nordkap_s50_B	nordkap	50	B	US	Titanium collected (tiebreak)	1000	flagoff	1000	7	302	344	8,8	2	4.5	8	2	2	2	4	1	348	0	0	0
nordkap_s50_B	nordkap	50	B	US	Titanium collected (tiebreak)	1000	flagoff	1000	7	308	350	8,8	2	4.5	8	2	2	2	6	1	356	0	0	0
nordkap_s50_B	nordkap	50	B	US	Titanium collected (tiebreak)	1000	flagoff	1000	7	314	357	8,8	2	4.5	8	2	2	2	7	1	364	0	0	0
nordkap_s50_B	nordkap	50	B	US	Titanium collected (tiebreak)	1000	flagoff	1000	7	321	365	8,8	2	4.5	8	2	2	2	7	1	372	0	0	0
nordkap_s50_B	nordkap	50	B	US	Titanium collected (tiebreak)	1000	flagoff	1000	7	330	374	8,8	2	4.5	8	2	2	2	6	1	380	0	0	0
nordkap_s50_B	nordkap	50	B	US	Titanium collected (tiebreak)	1000	flagoff	1000	7	340	382	8,8	2	4.5	8	2	2	2	6	1	388	0	0	0
nordkap_s50_B	nordkap	50	B	US	Titanium collected (tiebreak)	1000	flagoff	1000	7	349	390	8,8	2	4.5	8	2	2	2	6	1	396	0	0	0
nordkap_s50_B	nordkap	50	B	US	Titanium collected (tiebreak)	1000	flagoff	1000	7	355	397	8,8	2	4.5	8	2	2	2	7	1	404	0	0	0
nordkap_s50_B	nordkap	50	B	US	Titanium collected (tiebreak)	1000	flagoff	1000	7	362	405	8,8	2	4.5	8	2	2	2	7	1	412	0	0	0
nordkap_s50_B	nordkap	50	B	US	Titanium collected (tiebreak)	1000	flagoff	1000	7	371	414	8,8	2	4.5	8	2	2	2	6	1	420	0	0	0
nordkap_s50_B	nordkap	50	B	US	Titanium collected (tiebreak)	1000	flagoff	1000	7	387	424	8,8	2	4.5	8	2	2	2	4	1	428	0	0	0
nordkap_s50_B	nordkap	50	B	US	Titanium collected (tiebreak)	1000	flagoff	1000	7	401	434	8,8	2	4.5	8	2	2	2	2	1	436	0	0	0
nordkap_s50_B	nordkap	50	B	US	Titanium collected (tiebreak)	1000	flagoff	1000	7	408	440	8,8	2	4.5	8	2	2	2	4	1	444	0	0	0
nordkap_s50_B	nordkap	50	B	US	Titanium collected (tiebreak)	1000	flagoff	1000	7	415	446	8,8	2	4.5	8	2	2	2	6	1	452	0	0	0
nordkap_s50_B	nordkap	50	B	US	Titanium collected (tiebreak)	1000	flagoff	1000	7	421	453	8,8	2	4.5	8	2	2	2	7	1	460	0	0	0
nordkap_s50_B	nordkap	50	B	US	Titanium collected (tiebreak)	1000	flagoff	1000	7	428	461	8,8	2	4.5	8	2	2	2	7	1	468	0	0	0
nordkap_s50_B	nordkap	50	B	US	Titanium collected (tiebreak)	1000	flagoff	1000	7	435	469	8,8	2	4.5	8	2	2	2	7	1	476	0	0	0
nordkap_s50_B	nordkap	50	B	US	Titanium collected (tiebreak)	1000	flagoff	1000	7	444	478	8,8	2	4.5	8	2	2	2	6	1	484	0	0	0
nordkap_s50_B	nordkap	50	B	US	Titanium collected (tiebreak)	1000	flagoff	1000	7	453	486	8,8	2	4.5	8	2	2	2	6	1	492	0	0	0
nordkap_s50_B	nordkap	50	B	US	Titanium collected (tiebreak)	1000	flagoff	1000	7	459	493	8,8	2	4.5	8	2	2	2	7	1	500	0	0	0
nordkap_s50_B	nordkap	50	B	US	Titanium collected (tiebreak)	1000	flagoff	1000	7	466	501	8,8	2	4.5	8	2	2	2	7	1	508	0	0	0
nordkap_s50_B	nordkap	50	B	US	Titanium collected (tiebreak)	1000	flagoff	1000	7	473	509	8,8	2	4.5	8	2	2	2	7	1	516	0	0	0
nordkap_s50_B	nordkap	50	B	US	Titanium collected (tiebreak)	1000	flagoff	1000	7	480	517	8,8	2	4.5	8	2	2	2	7	1	524	0	0	0
nordkap_s50_B	nordkap	50	B	US	Titanium collected (tiebreak)	1000	flagoff	1000	7	487	525	8,8	2	4.5	8	2	2	2	7	1	532	0	0	0
nordkap_s50_B	nordkap	50	B	US	Titanium collected (tiebreak)	1000	flagoff	1000	7	495	533	8,8	2	4.5	8	2	2	2	7	1	540	0	0	0
nordkap_s50_B	nordkap	50	B	US	Titanium collected (tiebreak)	1000	flagoff	1000	7	507	541	8,8	2	4.5	8	2	2	2	7	1	548	0	0	0
nordkap_s50_B	nordkap	50	B	US	Titanium collected (tiebreak)	1000	flagoff	1000	7	517	549	8,8	2	4.5	8	2	2	2	7	1	556	0	0	0
nordkap_s50_B	nordkap	50	B	US	Titanium collected (tiebreak)	1000	flagoff	1000	7	524	557	8,8	2	4.5	8	2	2	2	7	1	564	0	0	0
nordkap_s50_B	nordkap	50	B	US	Titanium collected (tiebreak)	1000	flagoff	1000	7	531	565	8,8	2	4.5	8	2	2	2	7	1	572	0	0	0
nordkap_s50_B	nordkap	50	B	US	Titanium collected (tiebreak)	1000	flagoff	1000	7	538	573	8,8	2	4.5	8	2	2	2	7	1	580	0	0	0
nordkap_s50_B	nordkap	50	B	US	Titanium collected (tiebreak)	1000	flagoff	1000	7	546	581	8,8	2	4.5	8	2	2	2	7	1	588	0	0	0
nordkap_s50_B	nordkap	50	B	US	Titanium collected (tiebreak)	1000	flagoff	1000	7	562	592	8,8	2	4.5	8	2	2	2	4	1	596	0	0	0
nordkap_s50_B	nordkap	50	B	US	Titanium collected (tiebreak)	1000	flagoff	1000	7	569	598	8,8	2	4.5	8	2	2	2	6	1	604	0	0	0
nordkap_s50_B	nordkap	50	B	US	Titanium collected (tiebreak)	1000	flagoff	1000	7	577	605	8,8	2	4.5	8	2	2	2	7	1	612	0	0	0
nordkap_s50_B	nordkap	50	B	US	Titanium collected (tiebreak)	1000	flagoff	1000	7	586	613	8,8	2	4.5	8	2	2	2	7	1	620	0	0	0
nordkap_s50_B	nordkap	50	B	US	Titanium collected (tiebreak)	1000	flagoff	1000	7	595	621	8,8	2	4.5	8	2	2	2	7	1	628	0	0	0
nordkap_s50_B	nordkap	50	B	US	Titanium collected (tiebreak)	1000	flagoff	1000	7	608	629	8,8	2	4.5	8	2	2	2	7	1	636	0	0	0
nordkap_s50_B	nordkap	50	B	US	Titanium collected (tiebreak)	1000	flagoff	1000	7	620	637	8,8	2	4.5	8	2	2	2	7	1	644	0	0	0
nordkap_s50_B	nordkap	50	B	US	Titanium collected (tiebreak)	1000	flagoff	1000	7	629	645	8,8	2	4.5	8	2	2	2	7	1	652	0	0	0
nordkap_s50_B	nordkap	50	B	US	Titanium collected (tiebreak)	1000	flagoff	1000	7	639	653	8,8	2	4.5	8	2	2	2	11	1	664	0	0	0
nordkap_s50_B	nordkap	50	B	US	Titanium collected (tiebreak)	1000	flagoff	1000	7	654	665	8,8	2	4.5	8	2	2	2	7	1	672	0	0	0
nordkap_s50_B	nordkap	50	B	US	Titanium collected (tiebreak)	1000	flagoff	1000	7	663	673	8,8	2	4.5	8	2	2	2	7	1	680	0	0	0
nordkap_s50_B	nordkap	50	B	US	Titanium collected (tiebreak)	1000	flagoff	1000	7	676	681	8,8	2	4.5	8	2	2	2	7	1	688	0	0	0
nordkap_s50_B	nordkap	50	B	US	Titanium collected (tiebreak)	1000	flagoff	1000	7	688	689	8,8	2	4.5	8	2	2	2	7	1	696	0	0	0
nordkap_s50_B	nordkap	50	B	US	Titanium collected (tiebreak)	1000	flagoff	1000	7	699	697	8,8	2	4.5	8	2	2	2	7	1	704	0	0	0
nordkap_s50_B	nordkap	50	B	US	Titanium collected (tiebreak)	1000	flagoff	1000	7	713	706	8,8	2	4.5	8	2	2	2	6	1	712	0	0	0
nordkap_s50_B	nordkap	50	B	US	Titanium collected (tiebreak)	1000	flagoff	1000	7	722	713	8,8	2	4.5	8	2	2	2	7	1	720	0	0	0
nordkap_s50_B	nordkap	50	B	US	Titanium collected (tiebreak)	1000	flagoff	1000	7	738	724	8,8	2	4.5	8	2	2	2	4	1	728	0	0	0
nordkap_s50_B	nordkap	50	B	US	Titanium collected (tiebreak)	1000	flagoff	1000	7	747	730	8,8	2	4.5	8	2	2	2	6	1	736	0	0	0
nordkap_s50_B	nordkap	50	B	US	Titanium collected (tiebreak)	1000	flagoff	1000	7	756	737	8,8	2	4.5	8	2	2	2	7	1	744	0	0	0
nordkap_s50_B	nordkap	50	B	US	Titanium collected (tiebreak)	1000	flagoff	1000	7	767	745	8,8	2	4.5	8	2	2	2	7	1	752	0	0	0
nordkap_s50_B	nordkap	50	B	US	Titanium collected (tiebreak)	1000	flagoff	1000	7	779	753	8,8	2	4.5	8	2	2	2	7	1	760	0	0	0
nordkap_s50_B	nordkap	50	B	US	Titanium collected (tiebreak)	1000	flagoff	1000	7	796	761	8,8	2	4.5	8	2	2	2	7	1	768	0	0	0
nordkap_s50_B	nordkap	50	B	US	Titanium collected (tiebreak)	1000	flagoff	1000	7	812	769	8,8	2	4.5	8	2	2	2	7	1	776	0	0	0
nordkap_s50_B	nordkap	50	B	US	Titanium collected (tiebreak)	1000	flagoff	1000	7	828	777	8,8	2	4.5	8	2	2	2	7	1	784	0	0	0
nordkap_s50_B	nordkap	50	B	US	Titanium collected (tiebreak)	1000	flagoff	1000	7	840	785	8,8	2	4.5	8	2	2	2	7	1	792	0	0	0
nordkap_s50_B	nordkap	50	B	US	Titanium collected (tiebreak)	1000	flagoff	1000	7	852	793	8,8	2	4.5	8	2	2	2	7	1	800	0	0	0
nordkap_s50_B	nordkap	50	B	US	Titanium collected (tiebreak)	1000	flagoff	1000	7	872	802	8,8	2	4.5	8	2	2	2	6	1	808	0	0	0
nordkap_s50_B	nordkap	50	B	US	Titanium collected (tiebreak)	1000	flagoff	1000	7	903	819	8,8	2	4.5	8	2	2	2	2	1	821	0	0	0
nordkap_s50_B	nordkap	50	B	US	Titanium collected (tiebreak)	1000	flagoff	1000	7	912	824	8,8	2	4.5	8	2	2	2	2	1	826	0	0	0
nordkap_s50_B	nordkap	50	B	US	Titanium collected (tiebreak)	1000	flagoff	1000	7	922	831	8,8	2	4.5	8	2	2	2	2	1	833	0	0	0
nordkap_s50_B	nordkap	50	B	US	Titanium collected (tiebreak)	1000	flagoff	1000	7	929	836	8,8	2	4.5	8	2	2	2	4	1	840	0	0	0
nordkap_s50_B	nordkap	50	B	US	Titanium collected (tiebreak)	1000	flagoff	1000	7	939	843	8,8	2	4.5	8	2	2	2	5	1	848	0	0	0
nordkap_s50_B	nordkap	50	B	US	Titanium collected (tiebreak)	1000	flagoff	1000	7	947	849	8,8	2	4.5	8	2	2	2	7	1	856	0	0	0
nordkap_s50_B	nordkap	50	B	US	Titanium collected (tiebreak)	1000	flagoff	1000	7	972	866	8,8	2	4.5	8	2	2	2	2	1	868	0	0	0
nordkap_s50_B	nordkap	50	B	US	Titanium collected (tiebreak)	1000	flagoff	1000	7	980	872	8,8	2	4.5	8	2	2	2	2	1	874	0	0	0
nordkap_s50_B	nordkap	50	B	US	Titanium collected (tiebreak)	1000	flagoff	1000	7	990	879	8,8	2	4.5	8	2	2	2	2	1	881	0	0	0
nordkap_s50_B	nordkap	50	B	US	Titanium collected (tiebreak)	1000	flagoff	1000	7	997	884	8,8	2	4.5	8	2	2	2	4	1	888	0	0	0
nordkap_s50_B	nordkap	50	B	US	Titanium collected (tiebreak)	1000	flagoff	1000	7	1008	892	8,8	2	4.5	8	2	2	2	4	1	896	0	0	0
nordkap_s50_B	nordkap	50	B	US	Titanium collected (tiebreak)	1000	flagoff	1000	7	1017	898	8,8	2	4.5	8	2	2	2	6	1	904	0	0	0
nordkap_s50_B	nordkap	50	B	US	Titanium collected (tiebreak)	1000	flagoff	1000	7	1026	905	8,8	2	4.5	8	2	2	2	7	1	912	0	0	0
nordkap_s50_B	nordkap	50	B	US	Titanium collected (tiebreak)	1000	flagoff	1000	7	1037	913	8,8	2	4.5	8	2	2	2	7	1	920	0	0	0
nordkap_s50_B	nordkap	50	B	US	Titanium collected (tiebreak)	1000	flagoff	1000	7	1048	921	8,8	2	4.5	8	2	2	2	7	1	928	0	0	0
nordkap_s50_B	nordkap	50	B	US	Titanium collected (tiebreak)	1000	flagoff	1000	7	1059	929	8,8	2	4.5	8	2	2	2	7	1	936	0	0	0
nordkap_s50_B	nordkap	50	B	US	Titanium collected (tiebreak)	1000	flagoff	1000	7	1071	937	8,8	2	4.5	8	2	2	2	7	1	944	0	0	0
nordkap_s50_B	nordkap	50	B	US	Titanium collected (tiebreak)	1000	flagoff	1000	7	1094	948	8,8	2	4.5	8	2	2	2	4	1	952	0	0	0
nordkap_s50_B	nordkap	50	B	US	Titanium collected (tiebreak)	1000	flagoff	1000	7	1102	953	8,8	2	4.5	8	2	2	2	27	1	980	1	0	1
nordkap_s50_B	nordkap	50	B	US	Titanium collected (tiebreak)	1000	flagoff	1000	7	1148	981	8,8	2	4.5	8	2	2	2	7	1	988	0	0	0
nordkap_s50_B	nordkap	50	B	US	Titanium collected (tiebreak)	1000	flagoff	1000	7	1161	989	8,8	2	4.5	8	2	2	2	7	1	996	0	0	0
nordkap_s50_B	nordkap	50	B	US	Titanium collected (tiebreak)	1000	flagoff	1000	7	1174	997	8,8	2	4.5	8	2	2	2	3	0	-1	0	0	0
nordkap_s51_A	nordkap	51	A	OPP	Core destroyed	519	flagoff	519	7	11	3	10,15	4	12.5	8	0	0	2	1	1	4	1	0	1
nordkap_s51_A	nordkap	51	A	OPP	Core destroyed	519	flagoff	519	7	24	8	11,20	2	4.5	8	2	2	2	3	1	11	1	0	1
nordkap_s51_A	nordkap	51	A	OPP	Core destroyed	519	flagoff	519	7	479	389	11,12	26	44.5	8	0	0	2	1	1	390	1	0	1
nordkap_s51_A	nordkap	51	A	OPP	Core destroyed	519	flagoff	519	7	524	431	11,12	26	44.5	8	0	0	2	1	1	432	1	0	1
nordkap_s51_A	nordkap	51	A	OPP	Core destroyed	519	flagoff	519	7	577	479	11,12	26	44.5	8	0	0	2	1	1	480	1	0	1
nordkap_s51_A	nordkap	51	A	OPP	Core destroyed	519	flagoff	519	7	609	513	11,12	26	44.5	8	0	0	2	1	1	514	1	0	1
nordkap_s51_B	nordkap	51	B	US	Core destroyed	180	flagoff	180	2	11	3	10,10	9	12.5	8	0	0	2	1	1	4	1	0	1
atoll_s52_A	atoll	52	A	OPP	Core destroyed	486	flagoff	486	24	21	6	13,4	2	4.5	8	2	2	2	3	1	9	0	0	0
atoll_s52_A	atoll	52	A	OPP	Core destroyed	486	flagoff	486	24	39	12	12,2	1	6.5	8	2	2	2	81	1	93	10	0	1
atoll_s52_A	atoll	52	A	OPP	Core destroyed	486	flagoff	486	24	578	259	10,7	25	40.5	8	0	0	2	1	1	260	1	0	1
atoll_s52_A	atoll	52	A	OPP	Core destroyed	486	flagoff	486	24	601	268	12,6	10	18.5	8	0	0	2	1	1	269	1	0	1
atoll_s52_A	atoll	52	A	OPP	Core destroyed	486	flagoff	486	24	677	304	12,7	17	26.5	8	0	0	2	1	1	305	1	0	1
atoll_s52_A	atoll	52	A	OPP	Core destroyed	486	flagoff	486	24	869	404	10,4	10	22.5	8	0	0	2	1	1	405	1	0	1
atoll_s52_A	atoll	52	A	OPP	Core destroyed	486	flagoff	486	24	980	466	10,3	9	20.5	8	0	0	2	1	1	467	1	0	1
atoll_s52_B	atoll	52	B	OPP	Titanium collected (tiebreak)	1000	flagoff	1000	688	24	6	4,13	2	4.5	8	2	2	2	994	0	-1	69	33	1
atoll_s53_A	atoll	53	A	US	Core destroyed	419	flagoff	419	15	27	8	13,5	5	8.5	8	1	1	2	3	1	11	1	0	1
atoll_s53_A	atoll	53	A	US	Core destroyed	419	flagoff	419	15	48	20	16,4	2	4.5	8	2	2	2	399	0	-1	12	0	1
atoll_s53_B	atoll	53	B	OPP	Core destroyed	422	flagoff	422	56	24	6	4,13	2	4.5	8	2	2	2	198	1	204	37	7	1
atoll_s53_B	atoll	53	B	OPP	Core destroyed	422	flagoff	422	56	359	197	5,10	13	26.5	8	0	0	2	1	1	198	1	0	1
atoll_s53_B	atoll	53	B	OPP	Core destroyed	422	flagoff	422	56	418	233	7,10	25	40.5	8	0	0	2	1	1	234	1	0	1
atoll_s53_B	atoll	53	B	OPP	Core destroyed	422	flagoff	422	56	581	332	2,11	4	12.5	8	0	0	2	1	1	333	1	0	1
atoll_s53_B	atoll	53	B	OPP	Core destroyed	422	flagoff	422	56	639	368	2,11	4	12.5	8	0	0	2	1	1	369	1	0	1
atoll_s53_B	atoll	53	B	OPP	Core destroyed	422	flagoff	422	56	716	416	2,11	4	12.5	8	0	0	2	1	1	417	1	0	1
atoll_s54_A	atoll	54	A	US	Core destroyed	160	flagoff	160	22	29	8	13,5	5	8.5	8	1	1	2	2	1	10	1	0	1
atoll_s54_A	atoll	54	A	US	Core destroyed	160	flagoff	160	22	39	12	13,5	5	8.5	8	1	1	2	2	1	14	0	0	0
atoll_s54_A	atoll	54	A	US	Core destroyed	160	flagoff	160	22	46	17	12,3	1	6.5	8	2	2	2	135	1	152	19	0	1
drakkarfjord_s52_A	drakkarfjord	52	A	US	Core destroyed	239	flagoff	239	5	15	9	22,8	18	32.5	8	0	0	2	1	1	10	1	0	1
drakkarfjord_s52_B	drakkarfjord	52	B	US	Titanium collected (tiebreak)	1000	flagoff	1000	72	15	9	6,20	18	32.5	8	0	0	2	1	1	10	1	0	1
drakkarfjord_s52_B	drakkarfjord	52	B	US	Titanium collected (tiebreak)	1000	flagoff	1000	72	558	510	7,21	20	32.5	8	0	0	2	1	1	511	1	0	1
drakkarfjord_s52_B	drakkarfjord	52	B	US	Titanium collected (tiebreak)	1000	flagoff	1000	72	731	612	7,21	20	32.5	8	0	0	2	1	1	613	1	0	1
drakkarfjord_s52_B	drakkarfjord	52	B	US	Titanium collected (tiebreak)	1000	flagoff	1000	72	795	647	7,20	25	40.5	8	0	0	2	1	1	648	1	0	1
drakkarfjord_s52_B	drakkarfjord	52	B	US	Titanium collected (tiebreak)	1000	flagoff	1000	72	872	694	4,20	10	22.5	8	0	0	2	15	1	709	1	0	1
drakkarfjord_s52_B	drakkarfjord	52	B	US	Titanium collected (tiebreak)	1000	flagoff	1000	72	1053	820	6,20	18	32.5	8	0	0	2	41	1	861	0	0	0
drakkarfjord_s52_B	drakkarfjord	52	B	US	Titanium collected (tiebreak)	1000	flagoff	1000	72	1305	973	7,27	20	26.5	8	0	0	2	27	0	-1	0	0	0
drakkarfjord_s52_B	drakkarfjord	52	B	US	Titanium collected (tiebreak)	1000	flagoff	1000	72	1312	978	3,27	4	6.5	8	2	2	2	22	0	-1	0	0	0
drakkarfjord_s52_B	drakkarfjord	52	B	US	Titanium collected (tiebreak)	1000	flagoff	1000	72	1327	989	0,22	2	12.5	8	0	0	2	11	0	-1	0	0	0
drakkarfjord_s53_A	drakkarfjord	53	A	US	Core destroyed	178	flagoff	178	15	15	9	22,8	18	32.5	8	0	0	2	1	1	10	1	0	1
drakkarfjord_s53_A	drakkarfjord	53	A	US	Core destroyed	178	flagoff	178	15	96	39	27,7	4	6.5	8	2	2	2	139	0	-1	10	1	1
drakkarfjord_s53_B	drakkarfjord	53	B	US	Core destroyed	153	flagoff	153	5	15	9	7,21	20	32.5	8	0	0	2	1	1	10	1	0	1
drakkarfjord_s54_A	drakkarfjord	54	A	OPP	Core destroyed	775	flagoff	775	71	15	9	22,8	18	32.5	8	0	0	2	1	1	10	1	0	1
drakkarfjord_s54_A	drakkarfjord	54	A	OPP	Core destroyed	775	flagoff	775	71	191	184	24,5	1	6.5	8	2	2	2	591	0	-1	66	1	1
drakkarfjord_s54_B	drakkarfjord	54	B	OPP	Core destroyed	359	flagoff	359	133	15	9	7,21	20	32.5	8	0	0	2	1	1	10	1	0	1
drakkarfjord_s54_B	drakkarfjord	54	B	OPP	Core destroyed	359	flagoff	359	133	107	45	2,22	1	6.5	8	2	2	2	314	0	-1	127	3	1
glacierkeep_s52_A	glacierkeep	52	A	US	Core destroyed	174	flagoff	174	4	14	7	16,23	5	14.5	8	0	0	2	1	1	8	1	0	1
glacierkeep_s52_B	glacierkeep	52	B	US	Core destroyed	405	flagoff	405	4	14	7	17,6	13	18.5	8	0	0	2	1	1	8	1	0	1
glacierkeep_s53_A	glacierkeep	53	A	US	Titanium collected (tiebreak)	1000	flagoff	1000	4	14	8	17,23	8	18.5	8	0	0	2	1	1	9	1	0	1
glacierkeep_s53_B	glacierkeep	53	B	OPP	Core destroyed	656	flagoff	656	4	14	7	16,6	10	14.5	8	0	0	2	1	1	8	1	0	1
glacierkeep_s54_A	glacierkeep	54	A	US	Core destroyed	249	flagoff	249	4	14	7	16,23	5	14.5	8	0	0	2	1	1	8	1	0	1
glacierkeep_s54_B	glacierkeep	54	B	US	Core destroyed	169	flagoff	169	4	14	7	17,6	13	18.5	8	0	0	2	1	1	8	1	0	1
nordkap_s52_A	nordkap	52	A	OPP	Core destroyed	236	flagoff	236	46	11	3	10,15	4	12.5	8	0	0	2	1	1	4	1	0	1
nordkap_s52_A	nordkap	52	A	OPP	Core destroyed	236	flagoff	236	46	23	8	12,19	4	6.5	8	2	2	2	120	1	128	41	4	1
nordkap_s52_B	nordkap	52	B	US	Core destroyed	231	flagoff	231	2	11	3	10,10	9	12.5	8	0	0	2	1	1	4	1	0	1
nordkap_s52_B	nordkap	52	B	US	Core destroyed	231	flagoff	231	2	90	100	12,7	4	6.5	8	2	2	2	131	0	-1	0	0	0
nordkap_s53_A	nordkap	53	A	OPP	Core destroyed	330	flagoff	330	27	11	3	10,15	4	12.5	8	0	0	2	1	1	4	1	0	1
nordkap_s53_A	nordkap	53	A	OPP	Core destroyed	330	flagoff	330	27	23	8	12,19	4	6.5	8	2	2	2	66	1	74	24	2	1
nordkap_s53_A	nordkap	53	A	OPP	Core destroyed	330	flagoff	330	27	739	327	8,13	17	32.5	8	0	0	2	1	1	328	1	0	1
nordkap_s53_B	nordkap	53	B	US	Core destroyed	213	flagoff	213	5	11	3	10,10	9	12.5	8	0	0	2	1	1	4	1	0	1
nordkap_s53_B	nordkap	53	B	US	Core destroyed	213	flagoff	213	5	105	148	8,9	5	8.5	8	1	1	2	65	0	-1	3	0	1
nordkap_s54_A	nordkap	54	A	OPP	Core destroyed	189	flagoff	189	12	11	3	10,15	4	12.5	8	0	0	2	1	1	4	1	0	1
nordkap_s54_A	nordkap	54	A	OPP	Core destroyed	189	flagoff	189	12	17	6	11,20	2	4.5	8	2	2	2	183	0	-1	10	0	1
nordkap_s54_B	nordkap	54	B	US	Core destroyed	280	flagoff	280	6	11	3	10,10	9	12.5	8	0	0	2	1	1	4	1	0	1
nordkap_s54_B	nordkap	54	B	US	Core destroyed	280	flagoff	280	6	335	216	12,6	4	6.5	8	2	2	2	64	0	-1	4	0	1
atoll_s55_A	atoll	55	A	OPP	Core destroyed	203	flagoff	203	5	21	6	13,4	2	4.5	8	2	2	2	7	1	13	1	0	1
atoll_s55_A	atoll	55	A	OPP	Core destroyed	203	flagoff	203	5	39	14	13,4	2	4.5	8	2	2	2	3	1	17	2	1	1
atoll_s55_B	atoll	55	B	OPP	Core destroyed	164	flagoff	164	14	28	8	2,12	1	6.5	8	2	2	2	156	0	-1	12	0	1
atoll_s56_A	atoll	56	A	OPP	Core destroyed	237	flagoff	237	8	19	5	12,4	2	8.5	8	1	1	2	14	1	19	4	0	1
atoll_s56_B	atoll	56	B	OPP	Core destroyed	193	flagoff	193	8	50	18	3,17	4	6.5	8	2	2	2	19	1	37	2	0	1
atoll_s56_B	atoll	56	B	OPP	Core destroyed	193	flagoff	193	8	89	38	3,17	4	6.5	8	2	2	2	4	1	42	0	0	0
atoll_s56_B	atoll	56	B	OPP	Core destroyed	193	flagoff	193	8	102	45	3,17	4	6.5	8	2	2	2	19	1	64	0	0	0
atoll_s57_A	atoll	57	A	US	Core destroyed	230	flagoff	230	5	28	7	12,4	2	8.5	8	1	1	2	8	1	15	2	0	1
atoll_s57_A	atoll	57	A	US	Core destroyed	230	flagoff	230	5	52	18	14,0	1	6.5	8	2	2	2	11	1	29	0	0	0
atoll_s57_A	atoll	57	A	US	Core destroyed	230	flagoff	230	5	80	32	14,0	1	6.5	8	2	2	2	198	0	-1	1	1	1
drakkarfjord_s55_A	drakkarfjord	55	A	US	Titanium collected (tiebreak)	1000	flagoff	1000	474	15	9	22,8	18	32.5	8	0	0	2	1	1	10	1	0	1
drakkarfjord_s55_A	drakkarfjord	55	A	US	Titanium collected (tiebreak)	1000	flagoff	1000	474	680	221	24,4	1	6.5	8	2	2	2	10	1	231	2	1	1
drakkarfjord_s55_A	drakkarfjord	55	A	US	Titanium collected (tiebreak)	1000	flagoff	1000	474	842	266	23,8	13	24.5	8	0	0	2	1	1	267	1	0	1
drakkarfjord_s55_A	drakkarfjord	55	A	US	Titanium collected (tiebreak)	1000	flagoff	1000	474	1071	329	24,7	5	12.5	8	0	0	2	3	1	332	1	0	1
drakkarfjord_s55_A	drakkarfjord	55	A	US	Titanium collected (tiebreak)	1000	flagoff	1000	474	1617	485	23,7	8	18.5	8	0	0	2	1	1	486	1	0	1
drakkarfjord_s55_B	drakkarfjord	55	B	US	Core destroyed	173	flagoff	173	5	15	9	7,21	20	32.5	8	0	0	2	1	1	10	1	0	1
drakkarfjord_s56_A	drakkarfjord	56	A	OPP	Core destroyed	881	flagoff	881	498	15	9	22,8	18	32.5	8	0	0	2	1	1	10	1	0	1
drakkarfjord_s56_A	drakkarfjord	56	A	OPP	Core destroyed	881	flagoff	881	498	679	210	23,8	13	24.5	8	0	0	2	1	1	211	1	0	1
drakkarfjord_s56_A	drakkarfjord	56	A	OPP	Core destroyed	881	flagoff	881	498	824	256	24,7	5	12.5	8	0	0	2	1	1	257	0	0	0
drakkarfjord_s56_A	drakkarfjord	56	A	OPP	Core destroyed	881	flagoff	881	498	2137	815	21,4	16	30.5	8	0	0	2	66	0	-1	5	0	1
drakkarfjord_s56_B	drakkarfjord	56	B	OPP	Core destroyed	790	flagoff	790	5	15	9	7,21	20	32.5	8	0	0	2	1	1	10	1	0	1
drakkarfjord_s57_A	drakkarfjord	57	A	OPP	Titanium collected (tiebreak)	1000	flagoff	1000	156	15	9	22,8	18	32.5	8	0	0	2	1	1	10	1	0	1
drakkarfjord_s57_A	drakkarfjord	57	A	OPP	Titanium collected (tiebreak)	1000	flagoff	1000	156	849	356	22,9	25	40.5	8	0	0	2	1	1	357	1	0	1
drakkarfjord_s57_A	drakkarfjord	57	A	OPP	Titanium collected (tiebreak)	1000	flagoff	1000	156	1475	768	22,1	13	32.5	8	0	0	2	41	1	809	0	0	0
drakkarfjord_s57_A	drakkarfjord	57	A	OPP	Titanium collected (tiebreak)	1000	flagoff	1000	156	1786	984	24,7	5	12.5	8	0	0	2	16	0	-1	0	0	0
drakkarfjord_s57_B	drakkarfjord	57	B	US	Core destroyed	173	flagoff	173	5	15	9	7,21	20	32.5	8	0	0	2	1	1	10	1	0	1
glacierkeep_s55_A	glacierkeep	55	A	US	Core destroyed	343	flagoff	343	6	14	8	17,23	8	18.5	8	0	0	2	1	1	9	1	0	1
glacierkeep_s55_A	glacierkeep	55	A	US	Core destroyed	343	flagoff	343	6	480	272	16,23	5	14.5	8	0	0	2	1	1	273	1	0	1
glacierkeep_s55_B	glacierkeep	55	B	US	Core destroyed	245	flagoff	245	9	14	7	16,6	10	14.5	8	0	0	2	1	1	8	1	0	1
glacierkeep_s55_B	glacierkeep	55	B	US	Core destroyed	245	flagoff	245	9	115	143	14,0	1	6.5	8	2	2	2	102	0	-1	5	1	1
glacierkeep_s56_A	glacierkeep	56	A	US	Core destroyed	173	flagoff	173	4	14	8	15,23	4	12.5	8	0	0	2	1	1	9	1	0	1
glacierkeep_s56_B	glacierkeep	56	B	OPP	Core destroyed	861	flagoff	861	4	14	7	16,6	10	14.5	8	0	0	2	1	1	8	1	0	1
glacierkeep_s57_A	glacierkeep	57	A	US	Core destroyed	221	flagoff	221	4	14	7	16,23	5	14.5	8	0	0	2	1	1	8	1	0	1
glacierkeep_s57_B	glacierkeep	57	B	US	Titanium collected (tiebreak)	1000	flagoff	1000	4	14	7	16,6	10	14.5	8	0	0	2	1	1	8	1	0	1
nordkap_s55_A	nordkap	55	A	US	Titanium collected (tiebreak)	1000	flagoff	1000	18	11	3	10,15	4	12.5	8	0	0	2	1	1	4	1	0	1
nordkap_s55_A	nordkap	55	A	US	Titanium collected (tiebreak)	1000	flagoff	1000	18	87	39	11,17	2	4.5	8	2	2	2	961	0	-1	16	0	1
nordkap_s55_B	nordkap	55	B	US	Core destroyed	318	flagoff	318	2	11	3	10,10	9	12.5	8	0	0	2	1	1	4	1	0	1
nordkap_s56_A	nordkap	56	A	US	Core destroyed	704	flagoff	704	7	11	3	10,15	4	12.5	8	0	0	2	1	1	4	1	0	1
nordkap_s56_A	nordkap	56	A	US	Core destroyed	704	flagoff	704	7	420	386	7,13	17	36.5	8	0	0	2	1	1	387	1	0	1
nordkap_s56_A	nordkap	56	A	US	Core destroyed	704	flagoff	704	7	453	408	10,16	1	6.5	8	2	2	2	8	1	416	0	0	0
nordkap_s56_A	nordkap	56	A	US	Core destroyed	704	flagoff	704	7	561	455	13,15	13	24.5	8	0	0	2	1	1	456	1	0	1
nordkap_s56_A	nordkap	56	A	US	Core destroyed	704	flagoff	704	7	582	466	12,19	4	6.5	8	2	2	2	238	0	-1	1	1	1
nordkap_s56_A	nordkap	56	A	US	Core destroyed	704	flagoff	704	7	635	491	12,14	13	26.5	8	0	0	2	1	1	492	1	0	1
nordkap_s56_B	nordkap	56	B	US	Core destroyed	224	flagoff	224	2	11	3	10,10	9	12.5	8	0	0	2	1	1	4	1	0	1
nordkap_s56_B	nordkap	56	B	US	Core destroyed	224	flagoff	224	2	33	12	8,4	2	8.5	8	1	1	2	212	0	-1	0	0	0
nordkap_s57_A	nordkap	57	A	OPP	Core destroyed	512	flagoff	512	7	11	3	10,15	4	12.5	8	0	0	2	1	1	4	1	0	1
nordkap_s57_A	nordkap	57	A	OPP	Core destroyed	512	flagoff	512	7	1357	503	12,15	8	18.5	8	0	0	2	1	1	504	1	0	1
nordkap_s57_B	nordkap	57	B	US	Core destroyed	185	flagoff	185	15	11	3	10,10	9	12.5	8	0	0	2	1	1	4	1	0	1
nordkap_s57_B	nordkap	57	B	US	Core destroyed	185	flagoff	185	15	130	105	11,5	2	4.5	8	2	2	2	7	1	112	0	0	0
nordkap_s57_B	nordkap	57	B	US	Core destroyed	185	flagoff	185	15	137	116	12,6	4	6.5	8	2	2	2	69	0	-1	13	0	1
atoll_s4_A	atoll	4	A	US	Core destroyed	603	flagoff	603	72	28	10	13,4	2	4.5	8	2	2	2	2	1	12	0	0	0
atoll_s4_A	atoll	4	A	US	Core destroyed	603	flagoff	603	72	38	14	14,5	4	6.5	8	2	2	2	589	0	-1	70	2	1
atoll_s4_B	atoll	4	B	OPP	Core destroyed	174	flagoff	174	32	22	6	4,13	2	4.5	8	2	2	2	168	0	-1	30	3	1
atoll_s5_A	atoll	5	A	US	Core destroyed	485	flagoff	485	36	21	6	13,4	2	4.5	8	2	2	2	4	1	10	1	0	1
atoll_s5_A	atoll	5	A	US	Core destroyed	485	flagoff	485	36	40	12	12,2	1	6.5	8	2	2	2	122	1	134	31	0	1
atoll_s6_A	atoll	6	A	US	Core destroyed	205	flagoff	205	30	29	10	14,5	4	6.5	8	2	2	2	3	1	13	1	0	1
atoll_s6_A	atoll	6	A	US	Core destroyed	205	flagoff	205	30	40	14	16,4	2	4.5	8	2	2	2	191	0	-1	27	0	1
atoll_s6_B	atoll	6	B	US	Core destroyed	190	flagoff	190	3	41	18	4,13	2	4.5	8	2	2	2	2	1	20	1	0	1
atoll_s6_B	atoll	6	B	US	Core destroyed	190	flagoff	190	3	90	58	5,14	4	6.5	8	2	2	2	132	0	-1	0	0	0
drakkarfjord_s4_A	drakkarfjord	4	A	US	Titanium collected (tiebreak)	1000	flagoff	1000	1122	15	9	22,8	18	32.5	8	0	0	2	1	1	10	1	0	1
drakkarfjord_s4_A	drakkarfjord	4	A	US	Titanium collected (tiebreak)	1000	flagoff	1000	1122	3150	811	20,4	25	42.5	8	0	0	2	41	1	852	0	0	0
drakkarfjord_s4_B	drakkarfjord	4	B	US	Core destroyed	129	flagoff	129	5	15	9	7,21	20	32.5	8	0	0	2	1	1	10	1	0	1
drakkarfjord_s5_A	drakkarfjord	5	A	OPP	Core destroyed	343	flagoff	343	5	15	9	22,8	18	32.5	8	0	0	2	1	1	10	1	0	1
drakkarfjord_s5_B	drakkarfjord	5	B	US	Core destroyed	123	flagoff	123	5	15	9	7,21	20	32.5	8	0	0	2	1	1	10	1	0	1
drakkarfjord_s6_A	drakkarfjord	6	A	US	Core destroyed	417	flagoff	417	11	15	9	22,8	18	32.5	8	0	0	2	1	1	10	1	0	1
drakkarfjord_s6_B	drakkarfjord	6	B	US	Core destroyed	126	flagoff	126	5	15	9	7,21	20	32.5	8	0	0	2	1	1	10	1	0	1
glacierkeep_s4_A	glacierkeep	4	A	US	Core destroyed	132	flagoff	132	4	14	7	15,23	4	12.5	8	0	0	2	1	1	8	1	0	1
glacierkeep_s4_B	glacierkeep	4	B	OPP	Core destroyed	656	flagoff	656	4	14	7	16,6	10	14.5	8	0	0	2	1	1	8	1	0	1
glacierkeep_s5_A	glacierkeep	5	A	US	Core destroyed	229	flagoff	229	4	14	7	16,23	5	14.5	8	0	0	2	1	1	8	1	0	1
glacierkeep_s5_B	glacierkeep	5	B	US	Core destroyed	185	flagoff	185	4	14	7	16,6	10	14.5	8	0	0	2	1	1	8	1	0	1
glacierkeep_s6_A	glacierkeep	6	A	US	Core destroyed	160	flagoff	160	4	14	7	15,23	4	12.5	8	0	0	2	1	1	8	1	0	1
glacierkeep_s6_B	glacierkeep	6	B	US	Core destroyed	237	flagoff	237	4	14	7	16,6	10	14.5	8	0	0	2	1	1	8	1	0	1
nordkap_s4_A	nordkap	4	A	OPP	Core destroyed	205	flagoff	205	48	11	3	10,15	4	12.5	8	0	0	2	1	1	4	1	0	1
nordkap_s4_A	nordkap	4	A	OPP	Core destroyed	205	flagoff	205	48	19	6	10,21	4	6.5	8	2	2	2	199	0	-1	46	0	1
nordkap_s4_B	nordkap	4	B	US	Core destroyed	185	flagoff	185	15	11	3	10,10	9	12.5	8	0	0	2	1	1	4	1	0	1
nordkap_s4_B	nordkap	4	B	US	Core destroyed	185	flagoff	185	15	130	105	11,5	2	4.5	8	2	2	2	7	1	112	0	0	0
nordkap_s4_B	nordkap	4	B	US	Core destroyed	185	flagoff	185	15	137	116	12,6	4	6.5	8	2	2	2	69	0	-1	13	0	1
nordkap_s5_A	nordkap	5	A	OPP	Core destroyed	196	flagoff	196	2	11	3	10,15	4	12.5	8	0	0	2	1	1	4	1	0	1
nordkap_s5_B	nordkap	5	B	US	Core destroyed	344	flagoff	344	2	11	3	10,10	9	12.5	8	0	0	2	1	1	4	1	0	1
nordkap_s6_A	nordkap	6	A	US	Core destroyed	807	flagoff	807	184	11	3	10,15	4	12.5	8	0	0	2	1	1	4	1	0	1
nordkap_s6_A	nordkap	6	A	US	Core destroyed	807	flagoff	807	184	29	10	12,19	4	6.5	8	2	2	2	2	1	12	0	0	0
nordkap_s6_B	nordkap	6	B	US	Core destroyed	204	flagoff	204	34	11	3	10,10	9	12.5	8	0	0	2	1	1	4	1	0	1
nordkap_s6_B	nordkap	6	B	US	Core destroyed	204	flagoff	204	34	32	10	10,4	1	6.5	8	2	2	2	194	0	-1	30	0	1
nordkap_s6_B	nordkap	6	B	US	Core destroyed	204	flagoff	204	34	309	146	11,11	17	22.5	8	0	0	2	1	1	147	1	0	1
yulerune_s6_A	yulerune	6	A	US	Core destroyed	427	flagoff	427	68	420	220	14,4	17	36.5	8	0	0	2	207	0	-1	2	0	1
yulerune_s6_A	yulerune	6	A	US	Core destroyed	427	flagoff	427	68	428	233	14,8	2	8.5	8	1	1	2	194	0	-1	4	0	1
yulerune_s6_A	yulerune	6	A	US	Core destroyed	427	flagoff	427	68	435	244	14,12	5	12.5	8	0	0	2	183	0	-1	0	0	0
yulerune_s6_B	yulerune	6	B	US	Titanium collected (tiebreak)	1000	flagoff	1000	291	782	394	0,7	2	12.5	8	0	0	2	606	0	-1	0	0	0
yulerune_s6_B	yulerune	6	B	US	Titanium collected (tiebreak)	1000	flagoff	1000	291	796	404	1,11	2	4.5	8	2	2	2	596	0	-1	0	0	0
atoll_s58_A	atoll	58	A	US	Core destroyed	610	flagoff	610	235	22	6	14,5	4	6.5	8	2	2	2	604	0	-1	180	8	1
atoll_s58_A	atoll	58	A	US	Core destroyed	610	flagoff	610	235	135	59	15,7	16	20.5	8	0	0	2	1	1	60	0	0	0
atoll_s58_A	atoll	58	A	US	Core destroyed	610	flagoff	610	235	339	198	10,7	25	40.5	8	0	0	2	1	1	199	1	0	1
atoll_s58_A	atoll	58	A	US	Core destroyed	610	flagoff	610	235	374	222	10,7	25	40.5	8	0	0	2	1	1	223	1	0	1
atoll_s58_A	atoll	58	A	US	Core destroyed	610	flagoff	610	235	432	262	12,4	2	8.5	8	1	1	2	2	1	264	0	0	0
atoll_s58_A	atoll	58	A	US	Core destroyed	610	flagoff	610	235	434	264	12,3	1	6.5	8	2	2	2	3	1	267	0	0	0
atoll_s58_A	atoll	58	A	US	Core destroyed	610	flagoff	610	235	654	424	10,7	25	40.5	8	0	0	2	16	1	440	1	0	1
atoll_s58_A	atoll	58	A	US	Core destroyed	610	flagoff	610	235	663	429	12,6	10	18.5	8	0	0	2	1	1	430	1	0	1
atoll_s58_A	atoll	58	A	US	Core destroyed	610	flagoff	610	235	668	431	17,7	20	26.5	8	0	0	2	1	1	432	1	0	1
atoll_s58_A	atoll	58	A	US	Core destroyed	610	flagoff	610	235	672	433	17,7	20	26.5	8	0	0	2	1	1	434	1	0	1
atoll_s58_A	atoll	58	A	US	Core destroyed	610	flagoff	610	235	676	435	17,7	20	26.5	8	0	0	2	1	1	436	1	0	1
atoll_s58_A	atoll	58	A	US	Core destroyed	610	flagoff	610	235	679	437	16,7	17	22.5	8	0	0	2	1	1	438	1	0	1
atoll_s58_B	atoll	58	B	OPP	Core destroyed	437	flagoff	437	111	21	6	4,13	2	4.5	8	2	2	2	431	0	-1	96	16	1
atoll_s59_A	atoll	59	A	US	Core destroyed	808	flagoff	808	49	25	7	12,4	2	8.5	8	1	1	2	801	0	-1	31	0	1
atoll_s59_A	atoll	59	A	US	Core destroyed	808	flagoff	808	49	241	128	16,6	10	14.5	8	0	0	2	1	1	129	1	0	1
atoll_s59_A	atoll	59	A	US	Core destroyed	808	flagoff	808	49	314	186	12,7	17	26.5	8	0	0	2	1	1	187	1	0	1
atoll_s59_A	atoll	59	A	US	Core destroyed	808	flagoff	808	49	394	256	10,2	9	20.5	8	0	0	2	1	1	257	1	0	1
atoll_s59_B	atoll	59	B	US	Core destroyed	206	flagoff	206	38	23	6	5,14	4	6.5	8	2	2	2	200	0	-1	34	2	1
atoll_s60_A	atoll	60	A	OPP	Core destroyed	433	flagoff	433	73	29	8	13,5	5	8.5	8	1	1	2	2	1	10	1	0	1
atoll_s60_A	atoll	60	A	OPP	Core destroyed	433	flagoff	433	73	39	12	13,5	5	8.5	8	1	1	2	2	1	14	0	0	0
atoll_s60_A	atoll	60	A	OPP	Core destroyed	433	flagoff	433	73	46	17	12,3	1	6.5	8	2	2	2	416	0	-1	68	0	1
atoll_s60_B	atoll	60	B	OPP	Core destroyed	422	flagoff	422	8	24	7	5,15	4	6.5	8	2	2	2	9	1	16	4	1	1
atoll_s60_B	atoll	60	B	OPP	Core destroyed	422	flagoff	422	8	43	17	5,15	4	6.5	8	2	2	2	3	1	20	1	0	1
drakkarfjord_s58_A	drakkarfjord	58	A	OPP	Titanium collected (tiebreak)	1000	flagoff	1000	930	15	9	22,8	18	32.5	8	0	0	2	1	1	10	1	0	1
drakkarfjord_s58_A	drakkarfjord	58	A	OPP	Titanium collected (tiebreak)	1000	flagoff	1000	930	498	156	22,8	18	32.5	8	0	0	2	1	1	157	1	0	1
drakkarfjord_s58_A	drakkarfjord	58	A	OPP	Titanium collected (tiebreak)	1000	flagoff	1000	930	2738	849	25,4	1	2.5	8	2	3	2	1	1	850	0	0	0
drakkarfjord_s58_A	drakkarfjord	58	A	OPP	Titanium collected (tiebreak)	1000	flagoff	1000	930	2743	850	25,4	1	2.5	8	2	3	2	2	1	852	0	0	0
drakkarfjord_s58_B	drakkarfjord	58	B	US	Core destroyed	126	flagoff	126	5	15	9	7,21	20	32.5	8	0	0	2	1	1	10	1	0	1
drakkarfjord_s59_A	drakkarfjord	59	A	US	Core destroyed	359	flagoff	359	30	15	9	22,8	18	32.5	8	0	0	2	1	1	10	1	0	1
drakkarfjord_s59_B	drakkarfjord	59	B	US	Core destroyed	143	flagoff	143	5	15	9	7,21	20	32.5	8	0	0	2	1	1	10	1	0	1
drakkarfjord_s60_A	drakkarfjord	60	A	US	Core destroyed	334	flagoff	334	11	15	9	22,8	18	32.5	8	0	0	2	1	1	10	1	0	1
drakkarfjord_s60_A	drakkarfjord	60	A	US	Core destroyed	334	flagoff	334	11	640	267	24,4	1	6.5	8	2	2	2	67	0	-1	4	0	1
drakkarfjord_s60_B	drakkarfjord	60	B	US	Core destroyed	148	flagoff	148	5	15	9	6,20	18	32.5	8	0	0	2	1	1	10	1	0	1
glacierkeep_s58_A	glacierkeep	58	A	US	Core destroyed	725	flagoff	725	36	14	7	16,23	5	14.5	8	0	0	2	1	1	8	1	0	1
glacierkeep_s58_A	glacierkeep	58	A	US	Core destroyed	725	flagoff	725	36	128	221	14,24	1	6.5	8	2	2	2	504	0	-1	32	0	1
glacierkeep_s58_A	glacierkeep	58	A	US	Core destroyed	725	flagoff	725	36	161	630	13,28	2	4.5	8	2	2	2	20	1	650	0	0	0
glacierkeep_s58_B	glacierkeep	58	B	OPP	Harvesters (tiebreak)	1000	flagoff	1000	5	14	7	16,6	10	14.5	8	0	0	2	1	1	8	1	0	1
glacierkeep_s59_A	glacierkeep	59	A	US	Core destroyed	217	flagoff	217	4	14	8	15,23	4	12.5	8	0	0	2	1	1	9	1	0	1
glacierkeep_s59_B	glacierkeep	59	B	OPP	Core destroyed	449	flagoff	449	4	14	7	16,6	10	14.5	8	0	0	2	1	1	8	1	0	1
glacierkeep_s60_A	glacierkeep	60	A	US	Core destroyed	173	flagoff	173	4	14	7	16,23	5	14.5	8	0	0	2	1	1	8	1	0	1
glacierkeep_s60_B	glacierkeep	60	B	OPP	Core destroyed	453	flagoff	453	4	14	7	16,6	10	14.5	8	0	0	2	1	1	8	1	0	1
nordkap_s58_A	nordkap	58	A	US	Core destroyed	620	flagoff	620	123	11	3	10,15	4	12.5	8	0	0	2	1	1	4	1	0	1
nordkap_s58_A	nordkap	58	A	US	Core destroyed	620	flagoff	620	123	19	6	10,21	4	6.5	8	2	2	2	614	0	-1	119	1	1
nordkap_s58_A	nordkap	58	A	US	Core destroyed	620	flagoff	620	123	595	566	7,18	1	6.5	8	2	2	2	54	0	-1	0	0	0
nordkap_s58_B	nordkap	58	B	US	Core destroyed	536	flagoff	536	4	11	3	10,10	9	12.5	8	0	0	2	1	1	4	1	0	1
nordkap_s58_B	nordkap	58	B	US	Core destroyed	536	flagoff	536	4	185	386	12,11	20	26.5	8	0	0	2	1	1	387	1	0	1
nordkap_s58_B	nordkap	58	B	US	Core destroyed	536	flagoff	536	4	474	491	5,2	18	40.5	8	0	0	2	41	1	532	0	0	0
nordkap_s59_A	nordkap	59	A	OPP	Core destroyed	196	flagoff	196	17	11	3	10,15	4	12.5	8	0	0	2	1	1	4	1	0	1
nordkap_s59_A	nordkap	59	A	OPP	Core destroyed	196	flagoff	196	17	19	6	10,21	4	6.5	8	2	2	2	190	0	-1	14	1	1
nordkap_s59_B	nordkap	59	B	OPP	Core destroyed	322	flagoff	322	8	11	3	10,10	9	12.5	8	0	0	2	1	1	4	1	0	1
nordkap_s59_B	nordkap	59	B	OPP	Core destroyed	322	flagoff	322	8	83	36	11,9	5	8.5	8	1	1	2	11	1	47	4	0	1
nordkap_s59_B	nordkap	59	B	OPP	Core destroyed	322	flagoff	322	8	110	48	11,8	2	4.5	8	2	2	2	10	1	58	2	0	1
nordkap_s60_A	nordkap	60	A	OPP	Core destroyed	139	flagoff	139	3	11	3	10,15	4	12.5	8	0	0	2	1	1	4	1	0	1
nordkap_s60_A	nordkap	60	A	OPP	Core destroyed	139	flagoff	139	3	31	10	12,19	4	6.5	8	2	2	2	129	0	-1	1	1	1
nordkap_s60_B	nordkap	60	B	US	Core destroyed	300	flagoff	300	65	11	3	10,10	9	12.5	8	0	0	2	1	1	4	1	0	1
nordkap_s60_B	nordkap	60	B	US	Core destroyed	300	flagoff	300	65	76	32	11,9	5	8.5	8	1	1	2	268	0	-1	63	0	1
atoll_s61_A	atoll	61	A	OPP	Core destroyed	831	flagoff	831	333	22	6	14,5	4	6.5	8	2	2	2	53	1	59	22	0	1
atoll_s61_A	atoll	61	A	OPP	Core destroyed	831	flagoff	831	333	362	258	11,3	4	12.5	8	0	0	2	1	1	259	1	0	1
atoll_s61_A	atoll	61	A	OPP	Core destroyed	831	flagoff	831	333	432	321	12,6	10	18.5	8	0	0	2	1	1	322	1	0	1
atoll_s61_A	atoll	61	A	OPP	Core destroyed	831	flagoff	831	333	538	416	12,6	10	18.5	8	0	0	2	1	1	417	1	0	1
atoll_s61_A	atoll	61	A	OPP	Core destroyed	831	flagoff	831	333	582	455	12,6	10	18.5	8	0	0	2	1	1	456	1	0	1
atoll_s61_A	atoll	61	A	OPP	Core destroyed	831	flagoff	831	333	983	818	12,6	10	18.5	8	0	0	2	1	1	819	1	0	1
atoll_s61_B	atoll	61	B	OPP	Core destroyed	728	flagoff	728	28	21	5	5,13	5	8.5	8	1	1	2	14	1	19	6	3	1
atoll_s61_B	atoll	61	B	OPP	Core destroyed	728	flagoff	728	28	50	20	5,13	5	8.5	8	1	1	2	24	1	44	5	0	1
atoll_s61_B	atoll	61	B	OPP	Core destroyed	728	flagoff	728	28	395	291	7,10	25	40.5	8	0	0	2	1	1	292	1	0	1
atoll_s61_B	atoll	61	B	OPP	Core destroyed	728	flagoff	728	28	550	420	7,10	25	40.5	8	0	0	2	1	1	421	1	0	1
atoll_s61_B	atoll	61	B	OPP	Core destroyed	728	flagoff	728	28	661	512	7,10	25	40.5	8	0	0	2	1	1	513	1	0	1
atoll_s62_A	atoll	62	A	OPP	Core destroyed	367	flagoff	367	3	53	18	16,1	2	4.5	8	2	2	2	349	0	-1	1	0	1
atoll_s62_B	atoll	62	B	OPP	Core destroyed	138	flagoff	138	2	103	44	0,14	1	6.5	8	2	2	2	94	0	-1	0	0	0
atoll_s63_A	atoll	63	A	US	Core destroyed	205	flagoff	205	30	29	10	14,5	4	6.5	8	2	2	2	3	1	13	1	0	1
atoll_s63_A	atoll	63	A	US	Core destroyed	205	flagoff	205	30	40	14	16,4	2	4.5	8	2	2	2	191	0	-1	27	0	1
atoll_s63_B	atoll	63	B	OPP	Core destroyed	164	flagoff	164	8	50	18	3,17	4	6.5	8	2	2	2	35	1	53	6	0	1
drakkarfjord_s61_A	drakkarfjord	61	A	US	Core destroyed	158	flagoff	158	5	15	9	22,8	18	32.5	8	0	0	2	1	1	10	1	0	1
drakkarfjord_s61_B	drakkarfjord	61	B	US	Core destroyed	171	flagoff	171	5	15	9	7,21	20	32.5	8	0	0	2	1	1	10	1	0	1
drakkarfjord_s62_A	drakkarfjord	62	A	US	Core destroyed	498	flagoff	498	10	15	9	22,8	18	32.5	8	0	0	2	1	1	10	1	0	1
drakkarfjord_s62_A	drakkarfjord	62	A	US	Core destroyed	498	flagoff	498	10	449	389	23,7	8	18.5	8	0	0	2	1	1	390	1	0	1
drakkarfjord_s62_B	drakkarfjord	62	B	OPP	Titanium collected (tiebreak)	1000	flagoff	1000	5	15	9	7,21	20	32.5	8	0	0	2	1	1	10	1	0	1
drakkarfjord_s63_A	drakkarfjord	63	A	US	Core destroyed	170	flagoff	170	5	15	9	22,8	18	32.5	8	0	0	2	1	1	10	1	0	1
drakkarfjord_s63_B	drakkarfjord	63	B	US	Core destroyed	230	flagoff	230	18	15	9	7,21	20	32.5	8	0	0	2	1	1	10	1	0	1
drakkarfjord_s63_B	drakkarfjord	63	B	US	Core destroyed	230	flagoff	230	18	359	134	4,22	2	8.5	8	1	1	2	96	0	-1	13	0	1
glacierkeep_s61_A	glacierkeep	61	A	OPP	Core destroyed	473	flagoff	473	4	14	7	16,23	5	14.5	8	0	0	2	1	1	8	1	0	1
glacierkeep_s61_B	glacierkeep	61	B	US	Core destroyed	177	flagoff	177	4	14	7	16,6	10	14.5	8	0	0	2	1	1	8	1	0	1
glacierkeep_s62_A	glacierkeep	62	A	US	Core destroyed	413	flagoff	413	4	14	7	16,23	5	14.5	8	0	0	2	1	1	8	1	0	1
glacierkeep_s62_B	glacierkeep	62	B	OPP	Titanium collected (tiebreak)	1000	flagoff	1000	14	14	7	16,6	10	14.5	8	0	0	2	1	1	8	1	0	1
glacierkeep_s62_B	glacierkeep	62	B	OPP	Titanium collected (tiebreak)	1000	flagoff	1000	14	603	962	16,7	17	22.5	8	0	0	2	1	1	963	1	0	1
glacierkeep_s63_A	glacierkeep	63	A	OPP	Core destroyed	816	flagoff	816	4	14	7	16,23	5	14.5	8	0	0	2	1	1	8	1	0	1
glacierkeep_s63_B	glacierkeep	63	B	OPP	Titanium collected (tiebreak)	1000	flagoff	1000	4	14	7	16,6	10	14.5	8	0	0	2	1	1	8	1	0	1
nordkap_s61_A	nordkap	61	A	US	Core destroyed	329	flagoff	329	53	11	3	10,15	4	12.5	8	0	0	2	1	1	4	1	0	1
nordkap_s61_A	nordkap	61	A	US	Core destroyed	329	flagoff	329	53	90	128	9,21	4	6.5	8	2	2	2	201	0	-1	51	0	1
nordkap_s61_B	nordkap	61	B	US	Core destroyed	185	flagoff	185	2	11	3	10,10	9	12.5	8	0	0	2	1	1	4	1	0	1
nordkap_s61_B	nordkap	61	B	US	Core destroyed	185	flagoff	185	2	93	93	12,7	4	6.5	8	2	2	2	92	0	-1	0	0	0
nordkap_s62_A	nordkap	62	A	OPP	Core destroyed	169	flagoff	169	3	11	3	10,15	4	12.5	8	0	0	2	1	1	4	1	0	1
nordkap_s62_A	nordkap	62	A	OPP	Core destroyed	169	flagoff	169	3	25	8	10,21	4	6.5	8	2	2	2	6	1	14	1	0	1
nordkap_s62_B	nordkap	62	B	US	Core destroyed	435	flagoff	435	15	11	3	10,10	9	12.5	8	0	0	2	1	1	4	1	0	1
nordkap_s62_B	nordkap	62	B	US	Core destroyed	435	flagoff	435	15	83	32	8,9	5	8.5	8	1	1	2	403	0	-1	13	1	1
nordkap_s63_A	nordkap	63	A	OPP	Core destroyed	293	flagoff	293	3	11	3	10,15	4	12.5	8	0	0	2	1	1	4	1	0	1
nordkap_s63_B	nordkap	63	B	OPP	Core destroyed	364	flagoff	364	8	11	3	10,10	9	12.5	8	0	0	2	1	1	4	1	0	1
nordkap_s63_B	nordkap	63	B	OPP	Core destroyed	364	flagoff	364	8	114	53	11,8	2	4.5	8	2	2	2	11	1	64	4	0	1
atoll_s64_A	atoll	64	A	US	Core destroyed	442	flagoff	442	33	20	6	13,4	2	4.5	8	2	2	2	80	1	86	22	2	1
atoll_s64_A	atoll	64	A	US	Core destroyed	442	flagoff	442	33	249	120	10,7	25	40.5	8	0	0	2	1	1	121	1	0	1
atoll_s64_A	atoll	64	A	US	Core destroyed	442	flagoff	442	33	359	184	17,1	5	8.5	8	1	1	2	258	0	-1	2	1	1
atoll_s64_A	atoll	64	A	US	Core destroyed	442	flagoff	442	33	574	312	15,6	9	12.5	8	0	0	2	1	1	313	1	0	1
atoll_s64_B	atoll	64	B	US	Core destroyed	602	flagoff	602	32	24	6	3,12	1	6.5	8	2	2	2	3	1	9	1	1	1
atoll_s64_B	atoll	64	B	US	Core destroyed	602	flagoff	602	32	41	13	5,14	4	6.5	8	2	2	2	589	0	-1	25	0	1
atoll_s64_B	atoll	64	B	US	Core destroyed	602	flagoff	602	32	210	134	7,10	25	40.5	8	0	0	2	1	1	135	1	0	1
atoll_s65_A	atoll	65	A	US	Core destroyed	858	flagoff	858	33	19	5	12,4	2	8.5	8	1	1	2	14	1	19	4	0	1
atoll_s65_A	atoll	65	A	US	Core destroyed	858	flagoff	858	33	572	276	15,6	9	12.5	8	0	0	2	1	1	277	1	0	1
atoll_s65_A	atoll	65	A	US	Core destroyed	858	flagoff	858	33	771	394	16,6	10	14.5	8	0	0	2	1	1	395	1	0	1
atoll_s65_A	atoll	65	A	US	Core destroyed	858	flagoff	858	33	987	526	15,6	9	12.5	8	0	0	2	1	1	527	1	0	1
atoll_s65_A	atoll	65	A	US	Core destroyed	858	flagoff	858	33	1255	697	12,5	5	12.5	8	0	0	2	1	1	698	0	0	0
atoll_s65_A	atoll	65	A	US	Core destroyed	858	flagoff	858	33	1258	698	12,5	5	12.5	8	0	0	2	2	1	700	0	0	0
atoll_s65_A	atoll	65	A	US	Core destroyed	858	flagoff	858	33	1346	755	13,7	17	22.5	8	0	0	2	1	1	756	1	0	1
atoll_s66_A	atoll	66	A	US	Core destroyed	182	flagoff	182	28	27	10	15,5	4	6.5	8	2	2	2	172	0	-1	25	0	1
atoll_s66_A	atoll	66	A	US	Core destroyed	182	flagoff	182	28	46	18	12,2	1	6.5	8	2	2	2	2	1	20	0	0	0
atoll_s66_A	atoll	66	A	US	Core destroyed	182	flagoff	182	28	101	46	14,0	1	6.5	8	2	2	2	4	1	50	1	0	1
atoll_s66_B	atoll	66	B	OPP	Titanium collected (tiebreak)	1000	flagoff	1000	38	19	6	4,13	2	4.5	8	2	2	2	3	1	9	2	0	1
atoll_s66_B	atoll	66	B	OPP	Titanium collected (tiebreak)	1000	flagoff	1000	38	38	13	3,12	1	6.5	8	2	2	2	94	1	107	30	0	1
atoll_s66_B	atoll	66	B	OPP	Titanium collected (tiebreak)	1000	flagoff	1000	38	182	119	7,10	25	40.5	8	0	0	2	1	1	120	1	0	1
drakkarfjord_s64_A	drakkarfjord	64	A	US	Core destroyed	164	flagoff	164	8	15	9	22,8	18	32.5	8	0	0	2	1	1	10	1	0	1
drakkarfjord_s64_A	drakkarfjord	64	A	US	Core destroyed	164	flagoff	164	8	203	144	24,4	1	6.5	8	2	2	2	20	0	-1	3	2	1
drakkarfjord_s64_B	drakkarfjord	64	B	US	Core destroyed	157	flagoff	157	13	15	9	7,21	20	32.5	8	0	0	2	1	1	10	1	0	1
drakkarfjord_s64_B	drakkarfjord	64	B	US	Core destroyed	157	flagoff	157	13	152	59	2,22	1	6.5	8	2	2	2	98	0	-1	8	0	1
drakkarfjord_s65_A	drakkarfjord	65	A	US	Core destroyed	209	flagoff	209	7	15	9	22,8	18	32.5	8	0	0	2	1	1	10	1	0	1
drakkarfjord_s65_A	drakkarfjord	65	A	US	Core destroyed	209	flagoff	209	7	225	90	24,5	1	6.5	8	2	2	2	119	0	-1	2	0	1
drakkarfjord_s65_B	drakkarfjord	65	B	US	Core destroyed	123	flagoff	123	5	15	9	7,21	20	32.5	8	0	0	2	1	1	10	1	0	1
drakkarfjord_s66_A	drakkarfjord	66	A	US	Core destroyed	466	flagoff	466	54	15	9	22,8	18	32.5	8	0	0	2	1	1	10	1	0	1
drakkarfjord_s66_A	drakkarfjord	66	A	US	Core destroyed	466	flagoff	466	54	612	317	24,4	1	6.5	8	2	2	2	140	1	457	34	17	1
drakkarfjord_s66_A	drakkarfjord	66	A	US	Core destroyed	466	flagoff	466	54	774	395	23,7	8	18.5	8	0	0	2	1	1	396	1	0	1
drakkarfjord_s66_A	drakkarfjord	66	A	US	Core destroyed	466	flagoff	466	54	893	464	24,4	1	6.5	8	2	2	2	2	0	-1	1	1	1
drakkarfjord_s66_B	drakkarfjord	66	B	US	Core destroyed	171	flagoff	171	5	15	9	7,21	20	32.5	8	0	0	2	1	1	10	1	0	1
glacierkeep_s64_A	glacierkeep	64	A	US	Titanium collected (tiebreak)	1000	flagoff	1000	30	14	7	16,23	5	14.5	8	0	0	2	1	1	8	1	0	1
glacierkeep_s64_A	glacierkeep	64	A	US	Titanium collected (tiebreak)	1000	flagoff	1000	30	235	508	17,27	4	6.5	8	2	2	2	492	0	-1	20	0	1
glacierkeep_s64_A	glacierkeep	64	A	US	Titanium collected (tiebreak)	1000	flagoff	1000	30	244	640	19,25	17	22.5	8	0	0	2	1	1	641	1	0	1
glacierkeep_s64_B	glacierkeep	64	B	US	Core destroyed	165	flagoff	165	4	14	7	16,6	10	14.5	8	0	0	2	1	1	8	1	0	1
glacierkeep_s65_A	glacierkeep	65	A	US	Core destroyed	265	flagoff	265	4	14	7	15,23	4	12.5	8	0	0	2	1	1	8	1	0	1
glacierkeep_s65_B	glacierkeep	65	B	US	Core destroyed	185	flagoff	185	4	14	7	16,6	10	14.5	8	0	0	2	1	1	8	1	0	1
glacierkeep_s66_A	glacierkeep	66	A	OPP	Core destroyed	572	flagoff	572	4	14	7	16,23	5	14.5	8	0	0	2	1	1	8	1	0	1
glacierkeep_s66_B	glacierkeep	66	B	US	Core destroyed	193	flagoff	193	4	14	7	16,6	10	14.5	8	0	0	2	1	1	8	1	0	1
nordkap_s64_A	nordkap	64	A	US	Core destroyed	225	flagoff	225	16	11	3	10,15	4	12.5	8	0	0	2	1	1	4	1	0	1
nordkap_s64_A	nordkap	64	A	US	Core destroyed	225	flagoff	225	16	29	10	12,19	4	6.5	8	2	2	2	215	0	-1	8	0	1
nordkap_s64_A	nordkap	64	A	US	Core destroyed	225	flagoff	225	16	114	75	7,19	1	6.5	8	2	2	2	150	0	-1	6	0	1
nordkap_s64_B	nordkap	64	B	OPP	Core destroyed	330	flagoff	330	2	11	3	10,10	9	12.5	8	0	0	2	1	1	4	1	0	1
nordkap_s65_A	nordkap	65	A	US	Core destroyed	762	flagoff	762	3	11	3	10,15	4	12.5	8	0	0	2	1	1	4	1	0	1
nordkap_s65_A	nordkap	65	A	US	Core destroyed	762	flagoff	762	3	122	153	11,17	2	4.5	8	2	2	2	27	1	180	1	0	1
nordkap_s65_B	nordkap	65	B	OPP	Core destroyed	249	flagoff	249	2	11	3	10,10	9	12.5	8	0	0	2	1	1	4	1	0	1
nordkap_s66_A	nordkap	66	A	OPP	Core destroyed	174	flagoff	174	2	11	3	10,15	4	12.5	8	0	0	2	1	1	4	1	0	1
nordkap_s66_A	nordkap	66	A	OPP	Core destroyed	174	flagoff	174	2	32	10	12,19	4	6.5	8	2	2	2	2	1	12	0	0	0
nordkap_s66_B	nordkap	66	B	US	Core destroyed	185	flagoff	185	2	11	3	10,10	9	12.5	8	0	0	2	1	1	4	1	0	1
nordkap_s66_B	nordkap	66	B	US	Core destroyed	185	flagoff	185	2	111	116	7,7	1	6.5	8	2	2	2	69	0	-1	0	0	0
atoll_s67_A	atoll	67	A	US	Core destroyed	611	flagoff	611	201	27	8	14,5	4	6.5	8	2	2	2	2	1	10	1	1	1
atoll_s67_A	atoll	67	A	US	Core destroyed	611	flagoff	611	201	39	12	12,4	2	8.5	8	1	1	2	599	0	-1	186	0	1
atoll_s67_A	atoll	67	A	US	Core destroyed	611	flagoff	611	201	346	216	12,7	17	26.5	8	0	0	2	1	1	217	1	0	1
atoll_s67_A	atoll	67	A	US	Core destroyed	611	flagoff	611	201	388	248	13,7	17	22.5	8	0	0	2	1	1	249	1	0	1
atoll_s67_A	atoll	67	A	US	Core destroyed	611	flagoff	611	201	863	565	13,7	17	22.5	8	0	0	2	1	1	566	1	0	1
atoll_s67_B	atoll	67	B	OPP	Core destroyed	128	flagoff	128	4	227	120	5,12	5	12.5	8	0	0	2	8	0	-1	1	0	1
atoll_s68_A	atoll	68	A	US	Titanium collected (tiebreak)	1000	flagoff	1000	400	25	6	12,3	1	6.5	8	2	2	2	16	1	22	5	1	1
atoll_s68_B	atoll	68	B	US	Core destroyed	159	flagoff	159	3	51	20	0,16	2	8.5	8	1	1	2	139	0	-1	1	0	1
atoll_s69_A	atoll	69	A	US	Core destroyed	496	flagoff	496	26	17	5	12,4	2	8.5	8	1	1	2	4	1	9	1	1	1
atoll_s69_A	atoll	69	A	US	Core destroyed	496	flagoff	496	26	46	19	13,0	2	8.5	8	1	1	2	477	0	-1	4	2	1
atoll_s69_A	atoll	69	A	US	Core destroyed	496	flagoff	496	26	228	182	13,6	10	14.5	8	0	0	2	1	1	183	1	0	1
atoll_s69_A	atoll	69	A	US	Core destroyed	496	flagoff	496	26	264	241	13,7	17	22.5	8	0	0	2	1	1	242	1	0	1
atoll_s69_A	atoll	69	A	US	Core destroyed	496	flagoff	496	26	284	274	10,7	25	40.5	8	0	0	2	1	1	275	1	0	1
atoll_s69_A	atoll	69	A	US	Core destroyed	496	flagoff	496	26	321	334	16,5	5	8.5	8	1	1	2	3	1	337	0	0	0
atoll_s69_A	atoll	69	A	US	Core destroyed	496	flagoff	496	26	361	398	16,6	10	14.5	8	0	0	2	1	1	399	1	0	1
atoll_s69_B	atoll	69	B	US	Core destroyed	212	flagoff	212	5	41	18	4,13	2	4.5	8	2	2	2	2	1	20	1	0	1
atoll_s69_B	atoll	69	B	US	Core destroyed	212	flagoff	212	5	92	60	5,14	4	6.5	8	2	2	2	152	0	-1	2	0	1
drakkarfjord_s67_A	drakkarfjord	67	A	OPP	Core destroyed	626	flagoff	626	268	15	9	22,8	18	32.5	8	0	0	2	1	1	10	1	0	1
drakkarfjord_s67_B	drakkarfjord	67	B	US	Core destroyed	129	flagoff	129	5	15	9	7,21	20	32.5	8	0	0	2	1	1	10	1	0	1
drakkarfjord_s68_A	drakkarfjord	68	A	US	Core destroyed	194	flagoff	194	5	15	9	22,8	18	32.5	8	0	0	2	1	1	10	1	0	1
drakkarfjord_s68_B	drakkarfjord	68	B	US	Core destroyed	778	flagoff	778	59	15	9	6,20	18	32.5	8	0	0	2	1	1	10	1	0	1
drakkarfjord_s68_B	drakkarfjord	68	B	US	Core destroyed	778	flagoff	778	59	558	510	4,21	5	14.5	8	0	0	2	1	1	511	1	0	1
drakkarfjord_s68_B	drakkarfjord	68	B	US	Core destroyed	778	flagoff	778	59	627	549	7,20	25	40.5	8	0	0	2	1	1	550	1	0	1
drakkarfjord_s68_B	drakkarfjord	68	B	US	Core destroyed	778	flagoff	778	59	788	647	6,21	13	24.5	8	0	0	2	1	1	648	1	0	1
drakkarfjord_s68_B	drakkarfjord	68	B	US	Core destroyed	778	flagoff	778	59	851	681	7,21	20	32.5	8	0	0	2	1	1	682	1	0	1
drakkarfjord_s68_B	drakkarfjord	68	B	US	Core destroyed	778	flagoff	778	59	875	698	1,19	17	32.5	8	0	0	2	41	1	739	0	0	0
drakkarfjord_s68_B	drakkarfjord	68	B	US	Core destroyed	778	flagoff	778	59	912	717	6,22	10	18.5	8	0	0	2	1	1	718	1	0	1
drakkarfjord_s68_B	drakkarfjord	68	B	US	Core destroyed	778	flagoff	778	59	974	764	1,22	2	8.5	8	1	1	2	14	0	-1	0	0	0
drakkarfjord_s69_A	drakkarfjord	69	A	OPP	Core destroyed	920	flagoff	920	343	15	9	22,8	18	32.5	8	0	0	2	1	1	10	1	0	1
drakkarfjord_s69_A	drakkarfjord	69	A	OPP	Core destroyed	920	flagoff	920	343	447	155	24,7	5	12.5	8	0	0	2	6	1	161	0	0	0
drakkarfjord_s69_A	drakkarfjord	69	A	OPP	Core destroyed	920	flagoff	920	343	508	171	24,4	1	6.5	8	2	2	2	749	0	-1	20	8	1
drakkarfjord_s69_A	drakkarfjord	69	A	OPP	Core destroyed	920	flagoff	920	343	822	263	24,8	10	18.5	8	0	0	2	1	1	264	1	0	1
drakkarfjord_s69_A	drakkarfjord	69	A	OPP	Core destroyed	920	flagoff	920	343	920	301	24,8	10	18.5	8	0	0	2	1	1	302	1	0	1
drakkarfjord_s69_A	drakkarfjord	69	A	OPP	Core destroyed	920	flagoff	920	343	1004	334	24,8	10	18.5	8	0	0	2	1	1	335	1	0	1
drakkarfjord_s69_A	drakkarfjord	69	A	OPP	Core destroyed	920	flagoff	920	343	1093	370	24,8	10	18.5	8	0	0	2	1	1	371	1	0	1
drakkarfjord_s69_A	drakkarfjord	69	A	OPP	Core destroyed	920	flagoff	920	343	1173	403	24,8	10	18.5	8	0	0	2	1	1	404	1	0	1
drakkarfjord_s69_A	drakkarfjord	69	A	OPP	Core destroyed	920	flagoff	920	343	2119	880	24,7	5	12.5	8	0	0	2	6	1	886	0	0	0
drakkarfjord_s69_B	drakkarfjord	69	B	US	Core destroyed	161	flagoff	161	5	15	9	7,21	20	32.5	8	0	0	2	1	1	10	1	0	1
glacierkeep_s67_A	glacierkeep	67	A	US	Core destroyed	269	flagoff	269	4	14	7	15,23	4	12.5	8	0	0	2	1	1	8	1	0	1
glacierkeep_s67_B	glacierkeep	67	B	OPP	Core destroyed	829	flagoff	829	4	14	7	16,6	10	14.5	8	0	0	2	1	1	8	1	0	1
glacierkeep_s68_A	glacierkeep	68	A	US	Core destroyed	160	flagoff	160	4	14	8	17,23	8	18.5	8	0	0	2	1	1	9	1	0	1
glacierkeep_s68_B	glacierkeep	68	B	US	Core destroyed	185	flagoff	185	4	14	7	16,6	10	14.5	8	0	0	2	1	1	8	1	0	1
glacierkeep_s69_A	glacierkeep	69	A	US	Core destroyed	217	flagoff	217	4	14	7	15,23	4	12.5	8	0	0	2	1	1	8	1	0	1
glacierkeep_s69_B	glacierkeep	69	B	US	Core destroyed	897	flagoff	897	4	14	7	17,6	13	18.5	8	0	0	2	1	1	8	1	0	1
nordkap_s67_A	nordkap	67	A	OPP	Core destroyed	197	flagoff	197	47	11	3	10,15	4	12.5	8	0	0	2	1	1	4	1	0	1
nordkap_s67_A	nordkap	67	A	OPP	Core destroyed	197	flagoff	197	47	19	6	10,21	4	6.5	8	2	2	2	191	0	-1	45	0	1
nordkap_s67_B	nordkap	67	B	US	Core destroyed	116	flagoff	116	37	11	3	10,10	9	12.5	8	0	0	2	1	1	4	1	0	1
nordkap_s67_B	nordkap	67	B	US	Core destroyed	116	flagoff	116	37	76	48	11,4	2	8.5	8	1	1	2	68	0	-1	35	0	1
nordkap_s68_A	nordkap	68	A	US	Core destroyed	506	flagoff	506	49	11	3	10,15	4	12.5	8	0	0	2	1	1	4	1	0	1
nordkap_s68_A	nordkap	68	A	US	Core destroyed	506	flagoff	506	49	75	44	12,17	5	8.5	8	1	1	2	462	0	-1	42	0	1
nordkap_s68_A	nordkap	68	A	US	Core destroyed	506	flagoff	506	49	413	395	9,14	9	20.5	8	0	0	2	12	1	407	3	0	1
nordkap_s68_A	nordkap	68	A	US	Core destroyed	506	flagoff	506	49	551	502	12,15	8	18.5	8	0	0	2	1	1	503	1	0	1
nordkap_s68_B	nordkap	68	B	OPP	Core destroyed	183	flagoff	183	2	11	3	10,10	9	12.5	8	0	0	2	1	1	4	1	0	1
nordkap_s69_A	nordkap	69	A	OPP	Core destroyed	204	flagoff	204	2	11	3	10,15	4	12.5	8	0	0	2	1	1	4	1	0	1
nordkap_s69_A	nordkap	69	A	OPP	Core destroyed	204	flagoff	204	2	29	10	12,19	4	6.5	8	2	2	2	2	1	12	0	0	0
nordkap_s69_B	nordkap	69	B	US	Core destroyed	344	flagoff	344	43	11	3	10,10	9	12.5	8	0	0	2	1	1	4	1	0	1
nordkap_s69_B	nordkap	69	B	US	Core destroyed	344	flagoff	344	43	338	190	10,12	25	30.5	8	0	0	2	1	1	191	1	0	1
nordkap_s69_B	nordkap	69	B	US	Core destroyed	344	flagoff	344	43	351	195	12,6	4	6.5	8	2	2	2	8	1	203	0	0	0
nordkap_s69_B	nordkap	69	B	US	Core destroyed	344	flagoff	344	43	464	241	9,9	4	6.5	8	2	2	2	18	1	259	0	0	0
nordkap_s69_B	nordkap	69	B	US	Core destroyed	344	flagoff	344	43	515	263	10,9	4	6.5	8	2	2	2	11	1	274	0	0	0
nordkap_s69_B	nordkap	69	B	US	Core destroyed	344	flagoff	344	43	580	284	8,4	2	8.5	8	1	1	2	60	0	-1	34	0	1
nordkap_s69_B	nordkap	69	B	US	Core destroyed	344	flagoff	344	43	627	304	10,12	25	30.5	8	0	0	2	1	1	305	1	0	1
nordkap_s69_B	nordkap	69	B	US	Core destroyed	344	flagoff	344	43	648	315	9,9	4	6.5	8	2	2	2	6	1	321	1	1	1
atoll_s70_A	atoll	70	A	OPP	Core destroyed	364	flagoff	364	47	21	6	14,5	4	6.5	8	2	2	2	3	1	9	2	1	1
atoll_s70_A	atoll	70	A	OPP	Core destroyed	364	flagoff	364	47	40	13	12,3	1	6.5	8	2	2	2	351	0	-1	43	0	1
atoll_s70_B	atoll	70	B	US	Core destroyed	929	flagoff	929	27	45	16	0,15	1	6.5	8	2	2	2	913	0	-1	1	0	1
atoll_s70_B	atoll	70	B	US	Core destroyed	929	flagoff	929	27	455	641	7,12	17	26.5	8	0	0	2	1	1	642	1	0	1
atoll_s70_B	atoll	70	B	US	Core destroyed	929	flagoff	929	27	502	726	5,9	20	36.5	8	0	0	2	1	1	727	1	0	1
atoll_s70_B	atoll	70	B	US	Core destroyed	929	flagoff	929	27	545	805	5,13	5	8.5	8	1	1	2	124	0	-1	1	0	1
atoll_s71_A	atoll	71	A	OPP	Core destroyed	349	flagoff	349	78	26	8	15,5	4	6.5	8	2	2	2	341	0	-1	71	24	1
atoll_s71_A	atoll	71	A	OPP	Core destroyed	349	flagoff	349	78	217	121	13,7	17	22.5	8	0	0	2	1	1	122	1	0	1
atoll_s71_B	atoll	71	B	US	Core destroyed	196	flagoff	196	30	23	6	3,12	1	6.5	8	2	2	2	190	0	-1	28	1	1
atoll_s72_A	atoll	72	A	US	Core destroyed	162	flagoff	162	22	29	8	13,4	2	4.5	8	2	2	2	154	0	-1	20	4	1
atoll_s72_B	atoll	72	B	OPP	Core destroyed	192	flagoff	192	8	51	18	3,17	4	6.5	8	2	2	2	34	1	52	6	0	1
drakkarfjord_s70_A	drakkarfjord	70	A	US	Core destroyed	358	flagoff	358	19	15	9	22,8	18	32.5	8	0	0	2	1	1	10	1	0	1
drakkarfjord_s70_A	drakkarfjord	70	A	US	Core destroyed	358	flagoff	358	19	542	211	23,8	13	24.5	8	0	0	2	1	1	212	1	0	1
drakkarfjord_s70_A	drakkarfjord	70	A	US	Core destroyed	358	flagoff	358	19	717	296	28,8	10	14.5	8	0	0	2	1	1	297	1	0	1
drakkarfjord_s70_A	drakkarfjord	70	A	US	Core destroyed	358	flagoff	358	19	733	304	27,2	1	6.5	8	2	2	2	54	0	-1	1	0	1
drakkarfjord_s70_B	drakkarfjord	70	B	US	Titanium collected (tiebreak)	1000	flagoff	1000	35	15	9	7,21	20	32.5	8	0	0	2	1	1	10	1	0	1
drakkarfjord_s71_A	drakkarfjord	71	A	US	Core destroyed	249	flagoff	249	29	15	9	22,8	18	32.5	8	0	0	2	1	1	10	1	0	1
drakkarfjord_s71_A	drakkarfjord	71	A	US	Core destroyed	249	flagoff	249	29	93	39	27,7	4	6.5	8	2	2	2	210	0	-1	24	0	1
drakkarfjord_s71_B	drakkarfjord	71	B	US	Core destroyed	193	flagoff	193	5	15	9	7,21	20	32.5	8	0	0	2	1	1	10	1	0	1
drakkarfjord_s72_A	drakkarfjord	72	A	OPP	Core destroyed	792	flagoff	792	37	15	9	22,8	18	32.5	8	0	0	2	1	1	10	1	0	1
drakkarfjord_s72_A	drakkarfjord	72	A	OPP	Core destroyed	792	flagoff	792	37	831	276	22,8	18	32.5	8	0	0	2	1	1	277	1	0	1
drakkarfjord_s72_B	drakkarfjord	72	B	US	Core destroyed	143	flagoff	143	5	15	9	7,21	20	32.5	8	0	0	2	1	1	10	1	0	1
glacierkeep_s70_A	glacierkeep	70	A	US	Core destroyed	217	flagoff	217	4	14	7	15,23	4	12.5	8	0	0	2	1	1	8	1	0	1
glacierkeep_s70_B	glacierkeep	70	B	US	Core destroyed	157	flagoff	157	4	14	7	16,6	10	14.5	8	0	0	2	1	1	8	1	0	1
glacierkeep_s71_A	glacierkeep	71	A	US	Core destroyed	133	flagoff	133	4	14	7	16,23	5	14.5	8	0	0	2	1	1	8	1	0	1
glacierkeep_s71_B	glacierkeep	71	B	OPP	Core destroyed	533	flagoff	533	4	14	7	16,6	10	14.5	8	0	0	2	1	1	8	1	0	1
glacierkeep_s72_A	glacierkeep	72	A	US	Core destroyed	269	flagoff	269	4	14	7	15,23	4	12.5	8	0	0	2	1	1	8	1	0	1
glacierkeep_s72_B	glacierkeep	72	B	US	Core destroyed	185	flagoff	185	4	14	7	16,6	10	14.5	8	0	0	2	1	1	8	1	0	1
nordkap_s70_A	nordkap	70	A	OPP	Core destroyed	362	flagoff	362	564	11	3	10,15	4	12.5	8	0	0	2	1	1	4	1	0	1
nordkap_s70_A	nordkap	70	A	OPP	Core destroyed	362	flagoff	362	564	23	8	12,19	4	6.5	8	2	2	2	354	0	-1	310	7	1
nordkap_s70_A	nordkap	70	A	OPP	Core destroyed	362	flagoff	362	564	83	54	8,20	2	4.5	8	2	2	2	308	0	-1	252	0	1
nordkap_s70_B	nordkap	70	B	US	Core destroyed	205	flagoff	205	3	11	3	10,10	9	12.5	8	0	0	2	1	1	4	1	0	1
nordkap_s70_B	nordkap	70	B	US	Core destroyed	205	flagoff	205	3	131	112	12,8	5	8.5	8	1	1	2	93	0	-1	1	0	1
nordkap_s71_A	nordkap	71	A	US	Core destroyed	401	flagoff	401	3	11	3	10,15	4	12.5	8	0	0	2	1	1	4	1	0	1
nordkap_s71_A	nordkap	71	A	US	Core destroyed	401	flagoff	401	3	27	8	11,20	2	4.5	8	2	2	2	2	1	10	1	0	1
nordkap_s71_A	nordkap	71	A	US	Core destroyed	401	flagoff	401	3	178	244	8,21	5	8.5	8	1	1	2	157	0	-1	0	0	0
nordkap_s71_B	nordkap	71	B	OPP	Core destroyed	363	flagoff	363	67	11	3	10,10	9	12.5	8	0	0	2	1	1	4	1	0	1
nordkap_s71_B	nordkap	71	B	OPP	Core destroyed	363	flagoff	363	67	131	56	12,8	5	8.5	8	1	1	2	307	0	-1	64	0	1
nordkap_s72_A	nordkap	72	A	US	Core destroyed	348	flagoff	348	3	11	3	10,15	4	12.5	8	0	0	2	1	1	4	1	0	1
nordkap_s72_A	nordkap	72	A	US	Core destroyed	348	flagoff	348	3	28	10	12,19	4	6.5	8	2	2	2	2	1	12	1	0	1
nordkap_s72_A	nordkap	72	A	US	Core destroyed	348	flagoff	348	3	75	96	9,16	1	6.5	8	2	2	2	252	0	-1	0	0	0
nordkap_s72_B	nordkap	72	B	US	Core destroyed	144	flagoff	144	2	11	3	10,10	9	12.5	8	0	0	2	1	1	4	1	0	1
nordkap_s72_B	nordkap	72	B	US	Core destroyed	144	flagoff	144	2	82	56	11,4	2	8.5	8	1	1	2	88	0	-1	0	0	0
yulerune_s72_A	yulerune	72	A	US	Core destroyed	890	flagoff	890	33	375	575	19,4	20	36.5	8	0	0	2	5	1	580	0	0	0
atoll_s73_A	atoll	73	A	OPP	Core destroyed	332	flagoff	332	3	27	8	13,5	5	8.5	8	1	1	2	3	1	11	1	0	1
atoll_s73_A	atoll	73	A	OPP	Core destroyed	332	flagoff	332	3	48	20	16,4	2	4.5	8	2	2	2	312	0	-1	0	0	0
atoll_s73_B	atoll	73	B	OPP	Core destroyed	251	flagoff	251	17	21	6	4,13	2	4.5	8	2	2	2	64	1	70	14	4	1
atoll_s74_A	atoll	74	A	OPP	Core destroyed	620	flagoff	620	21	25	7	12,4	2	8.5	8	1	1	2	87	1	94	15	0	1
atoll_s74_A	atoll	74	A	OPP	Core destroyed	620	flagoff	620	21	431	206	10,3	9	20.5	8	0	0	2	1	1	207	1	0	1
atoll_s74_B	atoll	74	B	US	Core destroyed	190	flagoff	190	3	41	18	4,13	2	4.5	8	2	2	2	2	1	20	1	0	1
atoll_s74_B	atoll	74	B	US	Core destroyed	190	flagoff	190	3	90	58	5,14	4	6.5	8	2	2	2	132	0	-1	0	0	0
atoll_s75_A	atoll	75	A	US	Core destroyed	401	flagoff	401	36	27	10	15,5	4	6.5	8	2	2	2	391	0	-1	29	0	1
atoll_s75_A	atoll	75	A	US	Core destroyed	401	flagoff	401	36	46	18	12,2	1	6.5	8	2	2	2	2	1	20	0	0	0
atoll_s75_B	atoll	75	B	OPP	Core destroyed	223	flagoff	223	13	21	6	4,13	2	4.5	8	2	2	2	37	1	43	10	5	1
drakkarfjord_s73_A	drakkarfjord	73	A	OPP	Core destroyed	281	flagoff	281	13	15	9	22,8	18	32.5	8	0	0	2	1	1	10	1	0	1
drakkarfjord_s73_A	drakkarfjord	73	A	OPP	Core destroyed	281	flagoff	281	13	878	276	22,8	18	32.5	8	0	0	2	1	1	277	1	0	1
drakkarfjord_s73_B	drakkarfjord	73	B	OPP	Core destroyed	281	flagoff	281	5	15	9	7,21	20	32.5	8	0	0	2	1	1	10	1	0	1
drakkarfjord_s74_A	drakkarfjord	74	A	OPP	Core destroyed	549	flagoff	549	5	15	9	22,8	18	32.5	8	0	0	2	1	1	10	1	0	1
drakkarfjord_s74_B	drakkarfjord	74	B	US	Core destroyed	152	flagoff	152	5	15	9	7,21	20	32.5	8	0	0	2	1	1	10	1	0	1
drakkarfjord_s75_A	drakkarfjord	75	A	US	Core destroyed	544	flagoff	544	5	15	9	22,8	18	32.5	8	0	0	2	1	1	10	1	0	1
drakkarfjord_s75_B	drakkarfjord	75	B	US	Core destroyed	192	flagoff	192	5	15	9	7,21	20	32.5	8	0	0	2	1	1	10	1	0	1
glacierkeep_s73_A	glacierkeep	73	A	US	Core destroyed	725	flagoff	725	36	14	7	16,23	5	14.5	8	0	0	2	1	1	8	1	0	1
glacierkeep_s73_A	glacierkeep	73	A	US	Core destroyed	725	flagoff	725	36	128	221	14,24	1	6.5	8	2	2	2	504	0	-1	32	0	1
glacierkeep_s73_A	glacierkeep	73	A	US	Core destroyed	725	flagoff	725	36	161	630	13,28	2	4.5	8	2	2	2	20	1	650	0	0	0
glacierkeep_s73_B	glacierkeep	73	B	US	Core destroyed	185	flagoff	185	4	14	7	16,6	10	14.5	8	0	0	2	1	1	8	1	0	1
glacierkeep_s73_B	glacierkeep	73	B	US	Core destroyed	185	flagoff	185	4	110	69	15,0	1	6.5	8	2	2	2	116	0	-1	0	0	0
glacierkeep_s74_A	glacierkeep	74	A	US	Core destroyed	725	flagoff	725	36	14	7	16,23	5	14.5	8	0	0	2	1	1	8	1	0	1
glacierkeep_s74_A	glacierkeep	74	A	US	Core destroyed	725	flagoff	725	36	128	221	14,24	1	6.5	8	2	2	2	504	0	-1	32	0	1
glacierkeep_s74_A	glacierkeep	74	A	US	Core destroyed	725	flagoff	725	36	161	630	13,28	2	4.5	8	2	2	2	20	1	650	0	0	0
glacierkeep_s74_B	glacierkeep	74	B	US	Core destroyed	525	flagoff	525	61	14	7	16,6	10	14.5	8	0	0	2	1	1	8	1	0	1
glacierkeep_s74_B	glacierkeep	74	B	US	Core destroyed	525	flagoff	525	61	114	229	15,0	1	6.5	8	2	2	2	42	1	271	14	4	1
glacierkeep_s74_B	glacierkeep	74	B	US	Core destroyed	525	flagoff	525	61	131	293	15,5	4	6.5	8	2	2	2	232	0	-1	43	0	1
glacierkeep_s75_A	glacierkeep	75	A	US	Core destroyed	193	flagoff	193	4	14	7	16,23	5	14.5	8	0	0	2	1	1	8	1	0	1
glacierkeep_s75_B	glacierkeep	75	B	US	Core destroyed	517	flagoff	517	10	14	7	15,6	9	12.5	8	0	0	2	1	1	8	1	0	1
glacierkeep_s75_B	glacierkeep	75	B	US	Core destroyed	517	flagoff	517	10	95	168	15,0	1	6.5	8	2	2	2	349	0	-1	6	3	1
nordkap_s73_A	nordkap	73	A	OPP	Core destroyed	288	flagoff	288	9	11	3	10,15	4	12.5	8	0	0	2	1	1	4	1	0	1
nordkap_s73_A	nordkap	73	A	OPP	Core destroyed	288	flagoff	288	9	17	6	11,20	2	4.5	8	2	2	2	282	0	-1	7	0	1
nordkap_s73_B	nordkap	73	B	US	Core destroyed	156	flagoff	156	6	11	3	10,10	9	12.5	8	0	0	2	1	1	4	1	0	1
nordkap_s73_B	nordkap	73	B	US	Core destroyed	156	flagoff	156	6	97	88	12,7	4	6.5	8	2	2	2	68	0	-1	4	0	1
nordkap_s74_A	nordkap	74	A	OPP	Core destroyed	402	flagoff	402	28	11	3	10,15	4	12.5	8	0	0	2	1	1	4	1	0	1
nordkap_s74_A	nordkap	74	A	OPP	Core destroyed	402	flagoff	402	28	102	64	9,16	1	6.5	8	2	2	2	338	0	-1	26	1	1
nordkap_s74_B	nordkap	74	B	US	Core destroyed	160	flagoff	160	26	11	3	10,10	9	12.5	8	0	0	2	1	1	4	1	0	1
nordkap_s74_B	nordkap	74	B	US	Core destroyed	160	flagoff	160	26	74	74	12,6	4	6.5	8	2	2	2	86	0	-1	24	0	1
nordkap_s75_A	nordkap	75	A	OPP	Core destroyed	346	flagoff	346	2	11	3	10,15	4	12.5	8	0	0	2	1	1	4	1	0	1
nordkap_s75_B	nordkap	75	B	US	Core destroyed	354	flagoff	354	69	11	3	10,10	9	12.5	8	0	0	2	1	1	4	1	0	1
nordkap_s75_B	nordkap	75	B	US	Core destroyed	354	flagoff	354	69	78	28	11,9	5	8.5	8	1	1	2	326	0	-1	67	0	1
atoll_s76_A	atoll	76	A	US	Core destroyed	380	flagoff	380	13	17	5	12,4	2	8.5	8	1	1	2	4	1	9	3	1	1
atoll_s76_A	atoll	76	A	US	Core destroyed	380	flagoff	380	13	36	15	13,0	2	8.5	8	1	1	2	365	0	-1	4	0	1
atoll_s76_A	atoll	76	A	US	Core destroyed	380	flagoff	380	13	329	218	9,3	16	30.5	8	0	0	2	1	1	219	1	0	1
atoll_s76_B	atoll	76	B	OPP	Core destroyed	288	flagoff	288	6	80	40	0,16	2	8.5	8	1	1	2	44	1	84	3	1	1
atoll_s77_A	atoll	77	A	US	Core destroyed	214	flagoff	214	28	27	10	15,5	4	6.5	8	2	2	2	204	0	-1	26	0	1
atoll_s77_A	atoll	77	A	US	Core destroyed	214	flagoff	214	28	46	18	12,2	1	6.5	8	2	2	2	2	1	20	0	0	0
atoll_s78_A	atoll	78	A	OPP	Core destroyed	231	flagoff	231	18	27	8	14,5	4	6.5	8	2	2	2	2	1	10	1	1	1
atoll_s78_A	atoll	78	A	OPP	Core destroyed	231	flagoff	231	18	39	12	12,4	2	8.5	8	1	1	2	219	0	-1	15	0	1
atoll_s78_B	atoll	78	B	OPP	Core destroyed	546	flagoff	546	40	28	8	2,12	1	6.5	8	2	2	2	538	0	-1	35	1	1
drakkarfjord_s76_A	drakkarfjord	76	A	OPP	Core destroyed	346	flagoff	346	5	15	9	22,8	18	32.5	8	0	0	2	1	1	10	1	0	1
drakkarfjord_s76_B	drakkarfjord	76	B	US	Core destroyed	145	flagoff	145	5	15	9	7,21	20	32.5	8	0	0	2	1	1	10	1	0	1
drakkarfjord_s77_A	drakkarfjord	77	A	US	Core destroyed	445	flagoff	445	5	15	9	22,8	18	32.5	8	0	0	2	1	1	10	1	0	1
drakkarfjord_s77_B	drakkarfjord	77	B	US	Core destroyed	129	flagoff	129	5	15	9	7,21	20	32.5	8	0	0	2	1	1	10	1	0	1
drakkarfjord_s78_A	drakkarfjord	78	A	OPP	Titanium collected (tiebreak)	1000	flagoff	1000	101	15	9	22,8	18	32.5	8	0	0	2	1	1	10	1	0	1
drakkarfjord_s78_A	drakkarfjord	78	A	OPP	Titanium collected (tiebreak)	1000	flagoff	1000	101	120	50	27,7	4	6.5	8	2	2	2	837	1	887	90	0	1
drakkarfjord_s78_A	drakkarfjord	78	A	OPP	Titanium collected (tiebreak)	1000	flagoff	1000	101	689	855	22,1	13	32.5	8	0	0	2	41	1	896	0	0	0
drakkarfjord_s78_B	drakkarfjord	78	B	US	Core destroyed	145	flagoff	145	5	15	9	7,21	20	32.5	8	0	0	2	1	1	10	1	0	1
glacierkeep_s76_A	glacierkeep	76	A	US	Core destroyed	140	flagoff	140	4	14	7	15,23	4	12.5	8	0	0	2	1	1	8	1	0	1
glacierkeep_s76_B	glacierkeep	76	B	OPP	Titanium collected (tiebreak)	1000	flagoff	1000	73	14	7	16,6	10	14.5	8	0	0	2	1	1	8	1	0	1
glacierkeep_s76_B	glacierkeep	76	B	OPP	Titanium collected (tiebreak)	1000	flagoff	1000	73	77	156	15,0	1	6.5	8	2	2	2	844	0	-1	69	1	1
glacierkeep_s77_A	glacierkeep	77	A	US	Core destroyed	413	flagoff	413	4	14	7	16,23	5	14.5	8	0	0	2	1	1	8	1	0	1
glacierkeep_s77_B	glacierkeep	77	B	US	Core destroyed	269	flagoff	269	24	14	7	16,6	10	14.5	8	0	0	2	1	1	8	1	0	1
glacierkeep_s77_B	glacierkeep	77	B	US	Core destroyed	269	flagoff	269	24	81	148	15,0	1	6.5	8	2	2	2	121	0	-1	20	3	1
glacierkeep_s78_A	glacierkeep	78	A	OPP	Core destroyed	405	flagoff	405	4	14	7	16,23	5	14.5	8	0	0	2	1	1	8	1	0	1
glacierkeep_s78_B	glacierkeep	78	B	US	Core destroyed	177	flagoff	177	4	14	7	16,6	10	14.5	8	0	0	2	1	1	8	1	0	1
nordkap_s76_A	nordkap	76	A	OPP	Core destroyed	346	flagoff	346	2	11	3	11,14	10	22.5	8	0	0	2	1	1	4	1	0	1
nordkap_s76_B	nordkap	76	B	US	Core destroyed	173	flagoff	173	3	11	3	10,10	9	12.5	8	0	0	2	1	1	4	1	0	1
nordkap_s76_B	nordkap	76	B	US	Core destroyed	173	flagoff	173	3	87	85	12,7	4	6.5	8	2	2	2	88	0	-1	1	0	1
nordkap_s77_A	nordkap	77	A	US	Core destroyed	169	flagoff	169	3	11	3	10,15	4	12.5	8	0	0	2	1	1	4	1	0	1
nordkap_s77_A	nordkap	77	A	US	Core destroyed	169	flagoff	169	3	28	10	12,19	4	6.5	8	2	2	2	2	1	12	1	0	1
nordkap_s77_B	nordkap	77	B	US	Core destroyed	649	flagoff	649	5	11	3	10,10	9	12.5	8	0	0	2	1	1	4	1	0	1
nordkap_s77_B	nordkap	77	B	US	Core destroyed	649	flagoff	649	5	699	556	8,12	26	32.5	8	0	0	2	1	1	557	1	0	1
nordkap_s77_B	nordkap	77	B	US	Core destroyed	649	flagoff	649	5	795	624	13,11	25	32.5	8	0	0	2	25	0	-1	0	0	0
nordkap_s78_A	nordkap	78	A	US	Core destroyed	511	flagoff	511	42	11	3	10,15	4	12.5	8	0	0	2	1	1	4	1	0	1
nordkap_s78_A	nordkap	78	A	US	Core destroyed	511	flagoff	511	42	422	379	8,12	26	44.5	8	0	0	2	1	1	380	1	0	1
nordkap_s78_A	nordkap	78	A	US	Core destroyed	511	flagoff	511	42	439	390	8,13	17	32.5	8	0	0	2	28	1	418	1	0	1
nordkap_s78_A	nordkap	78	A	US	Core destroyed	511	flagoff	511	42	454	396	7,17	2	8.5	8	1	1	2	115	0	-1	12	0	1
nordkap_s78_A	nordkap	78	A	US	Core destroyed	511	flagoff	511	42	463	402	6,21	8	18.5	8	0	0	2	109	0	-1	18	0	1
nordkap_s78_A	nordkap	78	A	US	Core destroyed	511	flagoff	511	42	566	445	11,16	2	8.5	8	1	1	2	66	0	-1	5	0	1
nordkap_s78_B	nordkap	78	B	US	Core destroyed	148	flagoff	148	2	11	3	10,10	9	12.5	8	0	0	2	1	1	4	1	0	1
yulerune_s77_B	yulerune	77	B	US	Core destroyed	479	flagoff	479	25	485	372	5,13	13	18.5	8	0	0	2	21	1	393	4	0	1
atoll_s79_A	atoll	79	A	OPP	Core destroyed	419	flagoff	419	179	53	18	16,1	2	4.5	8	2	2	2	401	0	-1	2	0	1
atoll_s79_A	atoll	79	A	OPP	Core destroyed	419	flagoff	419	179	156	85	15,6	9	12.5	8	0	0	2	1	1	86	1	0	1
atoll_s79_A	atoll	79	A	OPP	Core destroyed	419	flagoff	419	179	267	160	16,5	5	8.5	8	1	1	2	15	1	175	0	0	0
atoll_s79_A	atoll	79	A	OPP	Core destroyed	419	flagoff	419	179	605	406	10,5	13	26.5	8	0	0	2	1	1	407	1	0	1
atoll_s79_B	atoll	79	B	OPP	Core destroyed	219	flagoff	219	24	24	6	4,13	2	4.5	8	2	2	2	136	1	142	21	1	1
atoll_s80_A	atoll	80	A	OPP	Core destroyed	550	flagoff	550	210	27	9	14,5	4	6.5	8	2	2	2	541	0	-1	179	0	1
atoll_s80_B	atoll	80	B	US	Core destroyed	354	flagoff	354	12	24	7	5,15	4	6.5	8	2	2	2	9	1	16	4	1	1
atoll_s80_B	atoll	80	B	US	Core destroyed	354	flagoff	354	12	43	17	5,15	4	6.5	8	2	2	2	3	1	20	1	0	1
atoll_s81_A	atoll	81	A	OPP	Core destroyed	549	flagoff	549	5	53	18	16,1	2	4.5	8	2	2	2	531	0	-1	3	0	1
atoll_s81_B	atoll	81	B	OPP	Core destroyed	299	flagoff	299	111	28	7	5,13	5	8.5	8	1	1	2	4	1	11	2	0	1
atoll_s81_B	atoll	81	B	OPP	Core destroyed	299	flagoff	299	111	39	12	5,14	4	6.5	8	2	2	2	3	1	15	1	0	1
atoll_s81_B	atoll	81	B	OPP	Core destroyed	299	flagoff	299	111	47	18	2,12	1	6.5	8	2	2	2	281	0	-1	105	17	1
drakkarfjord_s79_A	drakkarfjord	79	A	US	Titanium collected (tiebreak)	1000	flagoff	1000	175	15	9	22,8	18	32.5	8	0	0	2	1	1	10	1	0	1
drakkarfjord_s79_A	drakkarfjord	79	A	US	Titanium collected (tiebreak)	1000	flagoff	1000	175	792	259	24,7	5	12.5	8	0	0	2	375	1	634	10	0	1
drakkarfjord_s79_A	drakkarfjord	79	A	US	Titanium collected (tiebreak)	1000	flagoff	1000	175	898	295	23,8	13	24.5	8	0	0	2	1	1	296	1	0	1
drakkarfjord_s79_A	drakkarfjord	79	A	US	Titanium collected (tiebreak)	1000	flagoff	1000	175	1197	397	22,8	18	32.5	8	0	0	2	1	1	398	1	0	1
drakkarfjord_s79_A	drakkarfjord	79	A	US	Titanium collected (tiebreak)	1000	flagoff	1000	175	1790	650	24,9	17	26.5	8	0	0	2	1	1	651	1	0	1
drakkarfjord_s79_A	drakkarfjord	79	A	US	Titanium collected (tiebreak)	1000	flagoff	1000	175	1951	736	22,7	13	26.5	8	0	0	2	1	1	737	1	0	1
drakkarfjord_s79_A	drakkarfjord	79	A	US	Titanium collected (tiebreak)	1000	flagoff	1000	175	2055	791	22,7	13	26.5	8	0	0	2	1	1	792	1	0	1
drakkarfjord_s79_A	drakkarfjord	79	A	US	Titanium collected (tiebreak)	1000	flagoff	1000	175	2343	934	22,7	13	26.5	8	0	0	2	1	1	935	1	0	1
drakkarfjord_s79_B	drakkarfjord	79	B	US	Core destroyed	908	flagoff	908	101	15	9	7,21	20	32.5	8	0	0	2	1	1	10	1	0	1
drakkarfjord_s79_B	drakkarfjord	79	B	US	Core destroyed	908	flagoff	908	101	98	43	2,22	1	6.5	8	2	2	2	865	0	-1	52	3	1
drakkarfjord_s79_B	drakkarfjord	79	B	US	Core destroyed	908	flagoff	908	101	506	688	7,21	20	32.5	8	0	0	2	41	1	729	0	0	0
drakkarfjord_s80_A	drakkarfjord	80	A	OPP	Titanium collected (tiebreak)	1000	flagoff	1000	97	15	9	22,8	18	32.5	8	0	0	2	1	1	10	1	0	1
drakkarfjord_s80_A	drakkarfjord	80	A	OPP	Titanium collected (tiebreak)	1000	flagoff	1000	97	93	39	27,7	4	6.5	8	2	2	2	961	0	-1	59	14	1
drakkarfjord_s80_B	drakkarfjord	80	B	US	Core destroyed	142	flagoff	142	5	15	9	7,21	20	32.5	8	0	0	2	1	1	10	1	0	1
drakkarfjord_s81_A	drakkarfjord	81	A	OPP	Core destroyed	616	flagoff	616	15	15	9	22,8	18	32.5	8	0	0	2	1	1	10	1	0	1
drakkarfjord_s81_A	drakkarfjord	81	A	OPP	Core destroyed	616	flagoff	616	15	812	249	22,9	25	40.5	8	0	0	2	1	1	250	1	0	1
drakkarfjord_s81_A	drakkarfjord	81	A	OPP	Core destroyed	616	flagoff	616	15	1001	321	22,8	18	32.5	8	0	0	2	1	1	322	1	0	1
drakkarfjord_s81_B	drakkarfjord	81	B	US	Core destroyed	173	flagoff	173	5	15	9	7,21	20	32.5	8	0	0	2	1	1	10	1	0	1
glacierkeep_s79_A	glacierkeep	79	A	US	Core destroyed	169	flagoff	169	4	14	7	15,23	4	12.5	8	0	0	2	1	1	8	1	0	1
glacierkeep_s79_B	glacierkeep	79	B	US	Core destroyed	193	flagoff	193	4	14	7	16,6	10	14.5	8	0	0	2	1	1	8	1	0	1
glacierkeep_s80_A	glacierkeep	80	A	US	Core destroyed	363	flagoff	363	6	14	8	17,23	8	18.5	8	0	0	2	1	1	9	1	0	1
glacierkeep_s80_B	glacierkeep	80	B	OPP	Core destroyed	817	flagoff	817	4	14	7	16,6	10	14.5	8	0	0	2	1	1	8	1	0	1
glacierkeep_s81_A	glacierkeep	81	A	OPP	Core destroyed	405	flagoff	405	4	14	7	16,23	5	14.5	8	0	0	2	1	1	8	1	0	1
glacierkeep_s81_B	glacierkeep	81	B	US	Core destroyed	280	flagoff	280	4	14	8	15,6	9	12.5	8	0	0	2	1	1	9	1	0	1
nordkap_s79_A	nordkap	79	A	US	Core destroyed	174	flagoff	174	22	11	3	10,15	4	12.5	8	0	0	2	1	1	4	1	0	1
nordkap_s79_A	nordkap	79	A	US	Core destroyed	174	flagoff	174	22	126	99	12,19	4	6.5	8	2	2	2	75	0	-1	20	10	1
nordkap_s79_B	nordkap	79	B	US	Core destroyed	213	flagoff	213	3	11	3	10,10	9	12.5	8	0	0	2	1	1	4	1	0	1
nordkap_s79_B	nordkap	79	B	US	Core destroyed	213	flagoff	213	3	91	121	12,7	4	6.5	8	2	2	2	92	0	-1	1	0	1
nordkap_s80_A	nordkap	80	A	OPP	Core destroyed	718	flagoff	718	12	11	3	10,15	4	12.5	8	0	0	2	1	1	4	1	0	1
nordkap_s80_A	nordkap	80	A	OPP	Core destroyed	718	flagoff	718	12	24	8	11,20	2	4.5	8	2	2	2	3	1	11	1	0	1
nordkap_s80_A	nordkap	80	A	OPP	Core destroyed	718	flagoff	718	12	120	189	10,16	1	6.5	8	2	2	2	11	1	200	2	0	1
nordkap_s80_A	nordkap	80	A	OPP	Core destroyed	718	flagoff	718	12	122	209	10,16	1	6.5	8	2	2	2	15	1	224	0	0	0
nordkap_s80_B	nordkap	80	B	OPP	Core destroyed	210	flagoff	210	2	11	3	10,10	9	12.5	8	0	0	2	1	1	4	1	0	1
nordkap_s81_A	nordkap	81	A	OPP	Core destroyed	248	flagoff	248	116	11	3	10,15	4	12.5	8	0	0	2	1	1	4	1	0	1
nordkap_s81_A	nordkap	81	A	OPP	Core destroyed	248	flagoff	248	116	23	8	12,19	4	6.5	8	2	2	2	240	0	-1	114	11	1
nordkap_s81_B	nordkap	81	B	OPP	Titanium collected (tiebreak)	1000	flagoff	1000	48	11	3	10,10	9	12.5	8	0	0	2	1	1	4	1	0	1
nordkap_s81_B	nordkap	81	B	OPP	Titanium collected (tiebreak)	1000	flagoff	1000	48	146	68	8,9	5	8.5	8	1	1	2	932	0	-1	43	0	1
atoll_s82_A	atoll	82	A	OPP	Core destroyed	197	flagoff	197	28	25	7	12,4	2	8.5	8	1	1	2	190	0	-1	26	0	1
atoll_s82_B	atoll	82	B	US	Core destroyed	208	flagoff	208	16	42	18	4,13	2	4.5	8	2	2	2	2	1	20	1	0	1
atoll_s82_B	atoll	82	B	US	Core destroyed	208	flagoff	208	16	112	86	5,14	4	6.5	8	2	2	2	122	0	-1	11	0	1
atoll_s82_B	atoll	82	B	US	Core destroyed	208	flagoff	208	16	124	99	0,14	1	6.5	8	2	2	2	109	0	-1	2	0	1
atoll_s83_A	atoll	83	A	OPP	Core destroyed	450	flagoff	450	25	27	8	14,5	4	6.5	8	2	2	2	2	1	10	1	1	1
atoll_s83_A	atoll	83	A	OPP	Core destroyed	450	flagoff	450	25	39	12	12,4	2	8.5	8	1	1	2	81	1	93	9	0	1
atoll_s83_A	atoll	83	A	OPP	Core destroyed	450	flagoff	450	25	197	110	16,6	10	14.5	8	0	0	2	1	1	111	1	0	1
atoll_s83_A	atoll	83	A	OPP	Core destroyed	450	flagoff	450	25	240	133	14,0	1	6.5	8	2	2	2	2	1	135	0	0	0
atoll_s83_A	atoll	83	A	OPP	Core destroyed	450	flagoff	450	25	440	235	10,5	13	26.5	8	0	0	2	1	1	236	1	0	1
atoll_s83_B	atoll	83	B	OPP	Core destroyed	192	flagoff	192	7	88	38	0,16	2	8.5	8	1	1	2	154	0	-1	5	0	1
atoll_s84_A	atoll	84	A	US	Titanium collected (tiebreak)	1000	flagoff	1000	51	19	5	12,4	2	8.5	8	1	1	2	14	1	19	4	0	1
atoll_s84_A	atoll	84	A	US	Titanium collected (tiebreak)	1000	flagoff	1000	51	398	173	15,7	16	20.5	8	0	0	2	1	1	174	1	0	1
atoll_s84_B	atoll	84	B	OPP	Core destroyed	219	flagoff	219	24	24	6	4,13	2	4.5	8	2	2	2	136	1	142	21	1	1
drakkarfjord_s82_A	drakkarfjord	82	A	OPP	Core destroyed	695	flagoff	695	68	15	9	22,8	18	32.5	8	0	0	2	1	1	10	1	0	1
drakkarfjord_s82_A	drakkarfjord	82	A	OPP	Core destroyed	695	flagoff	695	68	804	242	23,7	8	18.5	8	0	0	2	1	1	243	1	0	1
drakkarfjord_s82_B	drakkarfjord	82	B	US	Core destroyed	148	flagoff	148	5	15	9	6,20	18	32.5	8	0	0	2	1	1	10	1	0	1
drakkarfjord_s83_A	drakkarfjord	83	A	OPP	Core destroyed	546	flagoff	546	200	15	9	22,8	18	32.5	8	0	0	2	1	1	10	1	0	1
drakkarfjord_s83_A	drakkarfjord	83	A	OPP	Core destroyed	546	flagoff	546	200	944	296	23,7	8	18.5	8	0	0	2	1	1	297	1	0	1
drakkarfjord_s83_B	drakkarfjord	83	B	US	Core destroyed	123	flagoff	123	5	15	9	7,21	20	32.5	8	0	0	2	1	1	10	1	0	1
drakkarfjord_s84_A	drakkarfjord	84	A	US	Core destroyed	208	flagoff	208	46	15	9	22,8	18	32.5	8	0	0	2	1	1	10	1	0	1
drakkarfjord_s84_A	drakkarfjord	84	A	US	Core destroyed	208	flagoff	208	46	92	39	27,7	4	6.5	8	2	2	2	169	0	-1	23	0	1
drakkarfjord_s84_A	drakkarfjord	84	A	US	Core destroyed	208	flagoff	208	46	204	100	24,4	1	6.5	8	2	2	2	108	0	-1	18	0	1
drakkarfjord_s84_B	drakkarfjord	84	B	US	Core destroyed	123	flagoff	123	5	15	9	7,21	20	32.5	8	0	0	2	1	1	10	1	0	1
glacierkeep_s82_A	glacierkeep	82	A	US	Core destroyed	185	flagoff	185	4	14	7	16,23	5	14.5	8	0	0	2	1	1	8	1	0	1
glacierkeep_s82_B	glacierkeep	82	B	US	Core destroyed	301	flagoff	301	14	14	7	16,6	10	14.5	8	0	0	2	1	1	8	1	0	1
glacierkeep_s82_B	glacierkeep	82	B	US	Core destroyed	301	flagoff	301	14	87	160	15,0	1	6.5	8	2	2	2	141	0	-1	10	1	1
glacierkeep_s83_A	glacierkeep	83	A	US	Core destroyed	205	flagoff	205	4	14	7	16,23	5	14.5	8	0	0	2	1	1	8	1	0	1
glacierkeep_s83_B	glacierkeep	83	B	OPP	Titanium collected (tiebreak)	1000	flagoff	1000	14	14	7	16,6	10	14.5	8	0	0	2	1	1	8	1	0	1
glacierkeep_s83_B	glacierkeep	83	B	OPP	Titanium collected (tiebreak)	1000	flagoff	1000	14	603	962	16,7	17	22.5	8	0	0	2	1	1	963	1	0	1
glacierkeep_s84_A	glacierkeep	84	A	US	Core destroyed	217	flagoff	217	4	14	7	16,23	5	14.5	8	0	0	2	1	1	8	1	0	1
glacierkeep_s84_B	glacierkeep	84	B	US	Titanium collected (tiebreak)	1000	flagoff	1000	4	14	7	16,6	10	14.5	8	0	0	2	1	1	8	1	0	1
nordkap_s82_A	nordkap	82	A	US	Core destroyed	482	flagoff	482	8	11	3	10,15	4	12.5	8	0	0	2	1	1	4	1	0	1
nordkap_s82_A	nordkap	82	A	US	Core destroyed	482	flagoff	482	8	361	325	10,13	16	30.5	8	0	0	2	1	1	326	1	0	1
nordkap_s82_A	nordkap	82	A	US	Core destroyed	482	flagoff	482	8	428	356	12,14	13	26.5	8	0	0	2	1	1	357	1	0	1
nordkap_s82_A	nordkap	82	A	US	Core destroyed	482	flagoff	482	8	550	412	10,13	16	30.5	8	0	0	2	1	1	413	1	0	1
nordkap_s82_B	nordkap	82	B	US	Core destroyed	125	flagoff	125	2	11	3	10,10	9	12.5	8	0	0	2	1	1	4	1	0	1
nordkap_s83_A	nordkap	83	A	US	Core destroyed	369	flagoff	369	5	11	3	10,15	4	12.5	8	0	0	2	1	1	4	1	0	1
nordkap_s83_A	nordkap	83	A	US	Core destroyed	369	flagoff	369	5	289	189	12,17	5	8.5	8	1	1	2	180	0	-1	2	0	1
nordkap_s83_B	nordkap	83	B	US	Titanium collected (tiebreak)	1000	flagoff	1000	43	11	3	10,10	9	12.5	8	0	0	2	1	1	4	1	0	1
nordkap_s83_B	nordkap	83	B	US	Titanium collected (tiebreak)	1000	flagoff	1000	43	146	212	12,6	4	6.5	8	2	2	2	4	1	216	0	0	0
nordkap_s83_B	nordkap	83	B	US	Titanium collected (tiebreak)	1000	flagoff	1000	43	150	224	12,6	4	6.5	8	2	2	2	4	1	228	1	0	1
nordkap_s83_B	nordkap	83	B	US	Titanium collected (tiebreak)	1000	flagoff	1000	43	156	240	12,6	4	6.5	8	2	2	2	4	1	244	0	0	0
nordkap_s83_B	nordkap	83	B	US	Titanium collected (tiebreak)	1000	flagoff	1000	43	161	252	12,6	4	6.5	8	2	2	2	4	1	256	0	0	0
nordkap_s83_B	nordkap	83	B	US	Titanium collected (tiebreak)	1000	flagoff	1000	43	165	264	12,6	4	6.5	8	2	2	2	4	1	268	0	0	0
nordkap_s83_B	nordkap	83	B	US	Titanium collected (tiebreak)	1000	flagoff	1000	43	170	276	12,6	4	6.5	8	2	2	2	4	1	280	0	0	0
nordkap_s83_B	nordkap	83	B	US	Titanium collected (tiebreak)	1000	flagoff	1000	43	174	288	12,6	4	6.5	8	2	2	2	4	1	292	1	0	1
nordkap_s83_B	nordkap	83	B	US	Titanium collected (tiebreak)	1000	flagoff	1000	43	179	300	12,6	4	6.5	8	2	2	2	4	1	304	0	0	0
nordkap_s83_B	nordkap	83	B	US	Titanium collected (tiebreak)	1000	flagoff	1000	43	183	312	12,6	4	6.5	8	2	2	2	4	1	316	1	0	1
nordkap_s83_B	nordkap	83	B	US	Titanium collected (tiebreak)	1000	flagoff	1000	43	188	324	12,6	4	6.5	8	2	2	2	4	1	328	0	0	0
nordkap_s83_B	nordkap	83	B	US	Titanium collected (tiebreak)	1000	flagoff	1000	43	192	336	12,6	4	6.5	8	2	2	2	4	1	340	1	0	1
nordkap_s83_B	nordkap	83	B	US	Titanium collected (tiebreak)	1000	flagoff	1000	43	198	350	12,6	4	6.5	8	2	2	2	6	1	356	1	0	1
nordkap_s83_B	nordkap	83	B	US	Titanium collected (tiebreak)	1000	flagoff	1000	43	201	360	12,6	4	6.5	8	2	2	2	4	1	364	0	0	0
nordkap_s83_B	nordkap	83	B	US	Titanium collected (tiebreak)	1000	flagoff	1000	43	206	372	12,6	4	6.5	8	2	2	2	4	1	376	1	0	1
nordkap_s83_B	nordkap	83	B	US	Titanium collected (tiebreak)	1000	flagoff	1000	43	210	384	12,6	4	6.5	8	2	2	2	4	1	388	1	0	1
nordkap_s83_B	nordkap	83	B	US	Titanium collected (tiebreak)	1000	flagoff	1000	43	215	396	12,6	4	6.5	8	2	2	2	4	1	400	1	0	1
nordkap_s83_B	nordkap	83	B	US	Titanium collected (tiebreak)	1000	flagoff	1000	43	221	412	12,6	4	6.5	8	2	2	2	4	1	416	1	0	1
nordkap_s83_B	nordkap	83	B	US	Titanium collected (tiebreak)	1000	flagoff	1000	43	225	424	12,6	4	6.5	8	2	2	2	4	1	428	1	0	1
nordkap_s83_B	nordkap	83	B	US	Titanium collected (tiebreak)	1000	flagoff	1000	43	230	436	12,6	4	6.5	8	2	2	2	4	1	440	1	0	1
nordkap_s83_B	nordkap	83	B	US	Titanium collected (tiebreak)	1000	flagoff	1000	43	234	448	12,6	4	6.5	8	2	2	2	4	1	452	1	0	1
nordkap_s83_B	nordkap	83	B	US	Titanium collected (tiebreak)	1000	flagoff	1000	43	239	460	12,6	4	6.5	8	2	2	2	4	1	464	1	0	1
nordkap_s83_B	nordkap	83	B	US	Titanium collected (tiebreak)	1000	flagoff	1000	43	243	472	12,6	4	6.5	8	2	2	2	4	1	476	1	0	1
nordkap_s83_B	nordkap	83	B	US	Titanium collected (tiebreak)	1000	flagoff	1000	43	248	484	12,6	4	6.5	8	2	2	2	4	1	488	1	0	1
nordkap_s83_B	nordkap	83	B	US	Titanium collected (tiebreak)	1000	flagoff	1000	43	252	496	12,6	4	6.5	8	2	2	2	4	1	500	1	0	1
nordkap_s83_B	nordkap	83	B	US	Titanium collected (tiebreak)	1000	flagoff	1000	43	257	508	12,6	4	6.5	8	2	2	2	4	1	512	1	0	1
nordkap_s83_B	nordkap	83	B	US	Titanium collected (tiebreak)	1000	flagoff	1000	43	261	520	12,6	4	6.5	8	2	2	2	4	1	524	1	0	1
nordkap_s83_B	nordkap	83	B	US	Titanium collected (tiebreak)	1000	flagoff	1000	43	266	532	12,6	4	6.5	8	2	2	2	4	1	536	1	0	1
nordkap_s83_B	nordkap	83	B	US	Titanium collected (tiebreak)	1000	flagoff	1000	43	270	544	12,6	4	6.5	8	2	2	2	4	1	548	1	0	1
nordkap_s83_B	nordkap	83	B	US	Titanium collected (tiebreak)	1000	flagoff	1000	43	275	556	12,6	4	6.5	8	2	2	2	4	1	560	1	0	1
nordkap_s83_B	nordkap	83	B	US	Titanium collected (tiebreak)	1000	flagoff	1000	43	279	568	12,6	4	6.5	8	2	2	2	4	1	572	1	0	1
nordkap_s83_B	nordkap	83	B	US	Titanium collected (tiebreak)	1000	flagoff	1000	43	284	580	12,6	4	6.5	8	2	2	2	4	1	584	1	0	1
nordkap_s83_B	nordkap	83	B	US	Titanium collected (tiebreak)	1000	flagoff	1000	43	290	596	12,6	4	6.5	8	2	2	2	4	1	600	1	0	1
nordkap_s83_B	nordkap	83	B	US	Titanium collected (tiebreak)	1000	flagoff	1000	43	294	608	12,6	4	6.5	8	2	2	2	4	1	612	1	0	1
nordkap_s83_B	nordkap	83	B	US	Titanium collected (tiebreak)	1000	flagoff	1000	43	299	620	12,6	4	6.5	8	2	2	2	4	1	624	1	0	1
nordkap_s83_B	nordkap	83	B	US	Titanium collected (tiebreak)	1000	flagoff	1000	43	303	632	12,6	4	6.5	8	2	2	2	4	1	636	2	0	1
nordkap_s83_B	nordkap	83	B	US	Titanium collected (tiebreak)	1000	flagoff	1000	43	311	652	12,6	4	6.5	8	2	2	2	4	1	656	1	0	1
nordkap_s83_B	nordkap	83	B	US	Titanium collected (tiebreak)	1000	flagoff	1000	43	315	664	12,6	4	6.5	8	2	2	2	4	1	668	2	0	1
nordkap_s83_B	nordkap	83	B	US	Titanium collected (tiebreak)	1000	flagoff	1000	43	323	682	12,6	4	6.5	8	2	2	2	6	1	688	1	0	1
nordkap_s83_B	nordkap	83	B	US	Titanium collected (tiebreak)	1000	flagoff	1000	43	326	692	12,6	4	6.5	8	2	2	2	4	1	696	1	0	1
nordkap_s83_B	nordkap	83	B	US	Titanium collected (tiebreak)	1000	flagoff	1000	43	330	704	12,6	4	6.5	8	2	2	2	4	1	708	1	0	1
nordkap_s83_B	nordkap	83	B	US	Titanium collected (tiebreak)	1000	flagoff	1000	43	335	716	12,6	4	6.5	8	2	2	2	4	1	720	1	0	1
nordkap_s83_B	nordkap	83	B	US	Titanium collected (tiebreak)	1000	flagoff	1000	43	339	728	12,6	4	6.5	8	2	2	2	4	1	732	1	0	1
nordkap_s83_B	nordkap	83	B	US	Titanium collected (tiebreak)	1000	flagoff	1000	43	344	740	12,6	4	6.5	8	2	2	2	4	1	744	1	0	1
nordkap_s83_B	nordkap	83	B	US	Titanium collected (tiebreak)	1000	flagoff	1000	43	348	752	12,6	4	6.5	8	2	2	2	4	1	756	0	0	0
nordkap_s83_B	nordkap	83	B	US	Titanium collected (tiebreak)	1000	flagoff	1000	43	351	760	12,6	4	6.5	8	2	2	2	4	1	764	1	0	1
nordkap_s83_B	nordkap	83	B	US	Titanium collected (tiebreak)	1000	flagoff	1000	43	357	776	12,6	4	6.5	8	2	2	2	4	1	780	1	0	1
nordkap_s83_B	nordkap	83	B	US	Titanium collected (tiebreak)	1000	flagoff	1000	43	360	784	12,6	4	6.5	8	2	2	2	4	1	788	0	0	0
nordkap_s83_B	nordkap	83	B	US	Titanium collected (tiebreak)	1000	flagoff	1000	43	365	796	12,6	4	6.5	8	2	2	2	4	1	800	0	0	0
nordkap_s83_B	nordkap	83	B	US	Titanium collected (tiebreak)	1000	flagoff	1000	43	369	808	12,6	4	6.5	8	2	2	2	4	1	812	0	0	0
nordkap_s83_B	nordkap	83	B	US	Titanium collected (tiebreak)	1000	flagoff	1000	43	374	820	12,6	4	6.5	8	2	2	2	4	1	824	0	0	0
nordkap_s83_B	nordkap	83	B	US	Titanium collected (tiebreak)	1000	flagoff	1000	43	378	832	12,6	4	6.5	8	2	2	2	4	1	836	0	0	0
nordkap_s83_B	nordkap	83	B	US	Titanium collected (tiebreak)	1000	flagoff	1000	43	383	844	12,6	4	6.5	8	2	2	2	4	1	848	0	0	0
nordkap_s83_B	nordkap	83	B	US	Titanium collected (tiebreak)	1000	flagoff	1000	43	387	856	12,6	4	6.5	8	2	2	2	4	1	860	0	0	0
nordkap_s83_B	nordkap	83	B	US	Titanium collected (tiebreak)	1000	flagoff	1000	43	392	868	12,6	4	6.5	8	2	2	2	4	1	872	0	0	0
nordkap_s83_B	nordkap	83	B	US	Titanium collected (tiebreak)	1000	flagoff	1000	43	396	880	12,6	4	6.5	8	2	2	2	4	1	884	0	0	0
nordkap_s83_B	nordkap	83	B	US	Titanium collected (tiebreak)	1000	flagoff	1000	43	401	892	12,6	4	6.5	8	2	2	2	4	1	896	1	0	1
nordkap_s83_B	nordkap	83	B	US	Titanium collected (tiebreak)	1000	flagoff	1000	43	407	906	12,6	4	6.5	8	2	2	2	6	1	912	0	0	0
nordkap_s83_B	nordkap	83	B	US	Titanium collected (tiebreak)	1000	flagoff	1000	43	410	916	12,6	4	6.5	8	2	2	2	4	1	920	0	0	0
nordkap_s83_B	nordkap	83	B	US	Titanium collected (tiebreak)	1000	flagoff	1000	43	414	928	12,6	4	6.5	8	2	2	2	4	1	932	0	0	0
nordkap_s83_B	nordkap	83	B	US	Titanium collected (tiebreak)	1000	flagoff	1000	43	417	936	12,6	4	6.5	8	2	2	2	4	1	940	0	0	0
nordkap_s83_B	nordkap	83	B	US	Titanium collected (tiebreak)	1000	flagoff	1000	43	423	952	12,6	4	6.5	8	2	2	2	4	1	956	1	0	1
nordkap_s84_A	nordkap	84	A	OPP	Core destroyed	513	flagoff	513	2	11	3	10,15	4	12.5	8	0	0	2	1	1	4	1	0	1
nordkap_s84_B	nordkap	84	B	US	Core destroyed	121	flagoff	121	11	11	3	10,10	9	12.5	8	0	0	2	1	1	4	1	0	1
nordkap_s84_B	nordkap	84	B	US	Core destroyed	121	flagoff	121	11	95	54	8,4	2	8.5	8	1	1	2	67	0	-1	9	0	1
atoll_s85_A	atoll	85	A	OPP	Core destroyed	190	flagoff	190	8	36	11	12,2	1	6.5	8	2	2	2	49	1	60	6	0	1
atoll_s85_B	atoll	85	B	OPP	Core destroyed	192	flagoff	192	7	88	38	0,16	2	8.5	8	1	1	2	154	0	-1	5	0	1
atoll_s86_A	atoll	86	A	OPP	Core destroyed	466	flagoff	466	21	27	8	14,5	4	6.5	8	2	2	2	2	1	10	1	1	1
atoll_s86_A	atoll	86	A	OPP	Core destroyed	466	flagoff	466	21	39	12	12,4	2	8.5	8	1	1	2	81	1	93	9	0	1
atoll_s86_A	atoll	86	A	OPP	Core destroyed	466	flagoff	466	21	197	110	16,6	10	14.5	8	0	0	2	1	1	111	1	0	1
atoll_s86_A	atoll	86	A	OPP	Core destroyed	466	flagoff	466	21	240	133	14,0	1	6.5	8	2	2	2	2	1	135	0	0	0
atoll_s86_B	atoll	86	B	OPP	Core destroyed	774	flagoff	774	231	19	6	4,13	2	4.5	8	2	2	2	3	1	9	2	0	1
atoll_s86_B	atoll	86	B	OPP	Core destroyed	774	flagoff	774	231	38	13	3,12	1	6.5	8	2	2	2	94	1	107	30	0	1
atoll_s86_B	atoll	86	B	OPP	Core destroyed	774	flagoff	774	231	182	119	7,10	25	40.5	8	0	0	2	1	1	120	1	0	1
atoll_s86_B	atoll	86	B	OPP	Core destroyed	774	flagoff	774	231	368	282	8,12	26	36.5	8	0	0	2	1	1	283	1	0	1
atoll_s86_B	atoll	86	B	OPP	Core destroyed	774	flagoff	774	231	581	474	7,12	17	26.5	8	0	0	2	1	1	475	0	0	0
atoll_s86_B	atoll	86	B	OPP	Core destroyed	774	flagoff	774	231	666	526	5,10	13	26.5	8	0	0	2	1	1	527	1	0	1
atoll_s87_A	atoll	87	A	OPP	Core destroyed	406	flagoff	406	21	53	18	16,1	2	4.5	8	2	2	2	388	0	-1	3	2	1
atoll_s87_A	atoll	87	A	OPP	Core destroyed	406	flagoff	406	21	245	131	9,3	16	30.5	8	0	0	2	1	1	132	1	0	1
atoll_s87_A	atoll	87	A	OPP	Core destroyed	406	flagoff	406	21	376	196	13,5	5	8.5	8	1	1	2	4	1	200	0	0	0
atoll_s87_A	atoll	87	A	OPP	Core destroyed	406	flagoff	406	21	534	280	16,5	5	8.5	8	1	1	2	3	1	283	1	0	1
drakkarfjord_s85_A	drakkarfjord	85	A	OPP	Core destroyed	747	flagoff	747	340	15	9	22,8	18	32.5	8	0	0	2	1	1	10	1	0	1
drakkarfjord_s85_A	drakkarfjord	85	A	OPP	Core destroyed	747	flagoff	747	340	578	180	23,8	13	24.5	8	0	0	2	1	1	181	1	0	1
drakkarfjord_s85_A	drakkarfjord	85	A	OPP	Core destroyed	747	flagoff	747	340	995	308	23,8	13	24.5	8	0	0	2	1	1	309	1	0	1
drakkarfjord_s85_A	drakkarfjord	85	A	OPP	Core destroyed	747	flagoff	747	340	1124	348	24,7	5	12.5	8	0	0	2	399	0	-1	14	0	1
drakkarfjord_s85_B	drakkarfjord	85	B	US	Core destroyed	198	flagoff	198	5	15	9	6,20	18	32.5	8	0	0	2	1	1	10	1	0	1
drakkarfjord_s86_A	drakkarfjord	86	A	OPP	Core destroyed	752	flagoff	752	8	15	9	22,8	18	32.5	8	0	0	2	1	1	10	1	0	1
drakkarfjord_s86_B	drakkarfjord	86	B	US	Core destroyed	143	flagoff	143	5	15	9	7,21	20	32.5	8	0	0	2	1	1	10	1	0	1
drakkarfjord_s87_A	drakkarfjord	87	A	US	Core destroyed	221	flagoff	221	5	15	9	22,8	18	32.5	8	0	0	2	1	1	10	1	0	1
drakkarfjord_s87_B	drakkarfjord	87	B	US	Core destroyed	325	flagoff	325	8	15	9	6,20	18	32.5	8	0	0	2	1	1	10	1	0	1
glacierkeep_s85_A	glacierkeep	85	A	US	Titanium collected (tiebreak)	1000	flagoff	1000	6	14	7	16,23	5	14.5	8	0	0	2	1	1	8	1	0	1
glacierkeep_s85_B	glacierkeep	85	B	US	Core destroyed	933	flagoff	933	4	14	7	16,6	10	14.5	8	0	0	2	1	1	8	1	0	1
glacierkeep_s86_A	glacierkeep	86	A	US	Titanium collected (tiebreak)	1000	flagoff	1000	30	14	7	16,23	5	14.5	8	0	0	2	1	1	8	1	0	1
glacierkeep_s86_A	glacierkeep	86	A	US	Titanium collected (tiebreak)	1000	flagoff	1000	30	235	508	17,27	4	6.5	8	2	2	2	492	0	-1	20	0	1
glacierkeep_s86_A	glacierkeep	86	A	US	Titanium collected (tiebreak)	1000	flagoff	1000	30	244	640	19,25	17	22.5	8	0	0	2	1	1	641	1	0	1
glacierkeep_s86_B	glacierkeep	86	B	US	Core destroyed	276	flagoff	276	5	14	7	16,6	10	14.5	8	0	0	2	1	1	8	1	0	1
glacierkeep_s86_B	glacierkeep	86	B	US	Core destroyed	276	flagoff	276	5	100	232	15,5	4	6.5	8	2	2	2	44	0	-1	1	1	1
glacierkeep_s87_A	glacierkeep	87	A	US	Core destroyed	213	flagoff	213	4	14	7	16,23	5	14.5	8	0	0	2	1	1	8	1	0	1
glacierkeep_s87_B	glacierkeep	87	B	US	Core destroyed	209	flagoff	209	6	14	7	16,6	10	14.5	8	0	0	2	1	1	8	1	0	1
glacierkeep_s87_B	glacierkeep	87	B	US	Core destroyed	209	flagoff	209	6	72	84	12,1	2	8.5	8	1	1	2	125	0	-1	2	0	1
nordkap_s85_A	nordkap	85	A	OPP	Core destroyed	511	flagoff	511	2	11	3	10,15	4	12.5	8	0	0	2	1	1	4	1	0	1
nordkap_s85_A	nordkap	85	A	OPP	Core destroyed	511	flagoff	511	2	29	10	12,19	4	6.5	8	2	2	2	2	1	12	0	0	0
nordkap_s85_B	nordkap	85	B	OPP	Core destroyed	197	flagoff	197	31	11	3	10,10	9	12.5	8	0	0	2	1	1	4	1	0	1
nordkap_s85_B	nordkap	85	B	OPP	Core destroyed	197	flagoff	197	31	99	48	8,8	2	4.5	8	2	2	2	149	0	-1	29	0	1
nordkap_s86_A	nordkap	86	A	OPP	Core destroyed	148	flagoff	148	2	11	3	10,15	4	12.5	8	0	0	2	1	1	4	1	0	1
nordkap_s86_B	nordkap	86	B	OPP	Core destroyed	477	flagoff	477	5	11	3	10,10	9	12.5	8	0	0	2	1	1	4	1	0	1
nordkap_s86_B	nordkap	86	B	OPP	Core destroyed	477	flagoff	477	5	75	198	10,9	4	6.5	8	2	2	2	18	1	216	3	1	1
nordkap_s87_A	nordkap	87	A	OPP	Core destroyed	314	flagoff	314	3	11	3	10,15	4	12.5	8	0	0	2	1	1	4	1	0	1
nordkap_s87_B	nordkap	87	B	US	Core destroyed	185	flagoff	185	2	11	3	10,10	9	12.5	8	0	0	2	1	1	4	1	0	1
atoll_s7_A	atoll	7	A	OPP	Core destroyed	502	flagoff	502	51	28	8	13,5	5	8.5	8	1	1	2	2	1	10	1	0	1
atoll_s7_A	atoll	7	A	OPP	Core destroyed	502	flagoff	502	51	36	12	13,5	5	8.5	8	1	1	2	4	1	16	2	0	1
atoll_s7_A	atoll	7	A	OPP	Core destroyed	502	flagoff	502	51	405	357	17,4	5	8.5	8	1	1	2	145	0	-1	0	0	0
atoll_s7_A	atoll	7	A	OPP	Core destroyed	502	flagoff	502	51	436	392	13,7	17	22.5	8	0	0	2	1	1	393	1	0	1
atoll_s7_B	atoll	7	B	OPP	Core destroyed	214	flagoff	214	2	108	54	0,15	1	6.5	8	2	2	2	35	1	89	0	0	0
atoll_s8_A	atoll	8	A	OPP	Core destroyed	313	flagoff	313	6	22	6	13,4	2	4.5	8	2	2	2	5	1	11	2	0	1
atoll_s8_A	atoll	8	A	OPP	Core destroyed	313	flagoff	313	6	41	12	13,4	2	4.5	8	2	2	2	3	1	15	0	0	0
atoll_s8_A	atoll	8	A	OPP	Core destroyed	313	flagoff	313	6	50	16	12,3	1	6.5	8	2	2	2	297	0	-1	2	0	1
atoll_s8_B	atoll	8	B	US	Core destroyed	196	flagoff	196	30	23	6	3,12	1	6.5	8	2	2	2	190	0	-1	28	1	1
atoll_s9_A	atoll	9	A	US	Core destroyed	499	flagoff	499	50	17	5	12,4	2	8.5	8	1	1	2	4	1	9	1	1	1
atoll_s9_A	atoll	9	A	US	Core destroyed	499	flagoff	499	50	46	19	13,0	2	8.5	8	1	1	2	480	0	-1	9	3	1
atoll_s9_A	atoll	9	A	US	Core destroyed	499	flagoff	499	50	221	135	16,6	10	14.5	8	0	0	2	1	1	136	1	0	1
atoll_s9_A	atoll	9	A	US	Core destroyed	499	flagoff	499	50	257	159	13,7	17	22.5	8	0	0	2	1	1	160	1	0	1
atoll_s9_A	atoll	9	A	US	Core destroyed	499	flagoff	499	50	378	248	12,4	2	8.5	8	1	1	2	1	1	249	0	0	0
atoll_s9_A	atoll	9	A	US	Core destroyed	499	flagoff	499	50	697	447	13,7	17	22.5	8	0	0	2	1	1	448	1	0	1
atoll_s9_A	atoll	9	A	US	Core destroyed	499	flagoff	499	50	725	464	16,4	2	4.5	8	2	2	2	35	0	-1	14	2	1
atoll_s9_A	atoll	9	A	US	Core destroyed	499	flagoff	499	50	774	495	11,3	4	12.5	8	0	0	2	1	1	496	1	0	1
atoll_s9_B	atoll	9	B	OPP	Core destroyed	268	flagoff	268	13	21	5	5,13	5	8.5	8	1	1	2	14	1	19	6	3	1
atoll_s9_B	atoll	9	B	OPP	Core destroyed	268	flagoff	268	13	51	20	5,13	5	8.5	8	1	1	2	24	1	44	5	0	1
drakkarfjord_s7_A	drakkarfjord	7	A	OPP	Titanium collected (tiebreak)	1000	flagoff	1000	7	15	9	22,8	18	32.5	8	0	0	2	1	1	10	1	0	1
drakkarfjord_s7_B	drakkarfjord	7	B	US	Core destroyed	171	flagoff	171	5	15	9	7,21	20	32.5	8	0	0	2	1	1	10	1	0	1
drakkarfjord_s8_A	drakkarfjord	8	A	US	Core destroyed	445	flagoff	445	5	15	9	22,8	18	32.5	8	0	0	2	1	1	10	1	0	1
drakkarfjord_s8_B	drakkarfjord	8	B	OPP	Core destroyed	281	flagoff	281	5	15	9	7,21	20	32.5	8	0	0	2	1	1	10	1	0	1
drakkarfjord_s9_A	drakkarfjord	9	A	US	Core destroyed	152	flagoff	152	5	15	9	22,8	18	32.5	8	0	0	2	1	1	10	1	0	1
drakkarfjord_s9_B	drakkarfjord	9	B	US	Core destroyed	409	flagoff	409	8	15	9	7,21	20	32.5	8	0	0	2	1	1	10	1	0	1
drakkarfjord_s9_B	drakkarfjord	9	B	US	Core destroyed	409	flagoff	409	8	218	292	7,21	20	32.5	8	0	0	2	1	1	293	1	0	1
glacierkeep_s7_A	glacierkeep	7	A	OPP	Core destroyed	540	flagoff	540	4	14	7	16,23	5	14.5	8	0	0	2	1	1	8	1	0	1
glacierkeep_s7_B	glacierkeep	7	B	US	Core destroyed	237	flagoff	237	4	14	7	16,6	10	14.5	8	0	0	2	1	1	8	1	0	1
glacierkeep_s8_A	glacierkeep	8	A	US	Core destroyed	301	flagoff	301	4	14	7	15,23	4	12.5	8	0	0	2	1	1	8	1	0	1
glacierkeep_s8_B	glacierkeep	8	B	OPP	Core destroyed	449	flagoff	449	4	14	7	16,6	10	14.5	8	0	0	2	1	1	8	1	0	1
glacierkeep_s9_A	glacierkeep	9	A	US	Core destroyed	281	flagoff	281	4	14	8	17,23	8	18.5	8	0	0	2	1	1	9	1	0	1
glacierkeep_s9_B	glacierkeep	9	B	OPP	Titanium collected (tiebreak)	1000	flagoff	1000	14	14	7	16,6	10	14.5	8	0	0	2	1	1	8	1	0	1
glacierkeep_s9_B	glacierkeep	9	B	OPP	Titanium collected (tiebreak)	1000	flagoff	1000	14	606	964	15,7	16	20.5	8	0	0	2	1	1	965	0	0	0
nordkap_s7_A	nordkap	7	A	OPP	Core destroyed	196	flagoff	196	17	11	3	10,15	4	12.5	8	0	0	2	1	1	4	1	0	1
nordkap_s7_A	nordkap	7	A	OPP	Core destroyed	196	flagoff	196	17	19	6	10,21	4	6.5	8	2	2	2	190	0	-1	14	1	1
nordkap_s7_B	nordkap	7	B	OPP	Core destroyed	244	flagoff	244	2	11	3	10,10	9	12.5	8	0	0	2	1	1	4	1	0	1
nordkap_s8_A	nordkap	8	A	OPP	Core destroyed	177	flagoff	177	2	11	3	10,15	4	12.5	8	0	0	2	1	1	4	1	0	1
nordkap_s8_B	nordkap	8	B	OPP	Core destroyed	522	flagoff	522	2	11	3	10,10	9	12.5	8	0	0	2	1	1	4	1	0	1
nordkap_s9_A	nordkap	9	A	US	Core destroyed	226	flagoff	226	2	11	3	10,15	4	12.5	8	0	0	2	1	1	4	1	0	1
nordkap_s9_B	nordkap	9	B	US	Core destroyed	174	flagoff	174	2	11	3	10,10	9	12.5	8	0	0	2	1	1	4	1	0	1
atoll_s88_A	atoll	88	A	OPP	Core destroyed	162	flagoff	162	16	17	5	12,4	2	8.5	8	1	1	2	4	1	9	3	1	1
atoll_s88_A	atoll	88	A	OPP	Core destroyed	162	flagoff	162	16	36	15	13,0	2	8.5	8	1	1	2	147	0	-1	10	0	1
atoll_s88_B	atoll	88	B	OPP	Core destroyed	175	flagoff	175	8	50	18	3,17	4	6.5	8	2	2	2	35	1	53	6	0	1
atoll_s89_A	atoll	89	A	US	Core destroyed	187	flagoff	187	26	29	8	13,4	2	4.5	8	2	2	2	179	0	-1	24	4	1
atoll_s89_B	atoll	89	B	OPP	Titanium collected (tiebreak)	1000	flagoff	1000	697	24	6	3,12	1	6.5	8	2	2	2	994	0	-1	432	46	1
atoll_s90_A	atoll	90	A	US	Core destroyed	355	flagoff	355	73	25	9	14,5	4	6.5	8	2	2	2	346	0	-1	69	0	1
atoll_s90_B	atoll	90	B	OPP	Core destroyed	209	flagoff	209	7	95	50	0,14	1	6.5	8	2	2	2	50	1	100	5	0	1
drakkarfjord_s88_A	drakkarfjord	88	A	US	Core destroyed	173	flagoff	173	11	15	9	22,8	18	32.5	8	0	0	2	1	1	10	1	0	1
drakkarfjord_s88_A	drakkarfjord	88	A	US	Core destroyed	173	flagoff	173	11	93	39	27,7	4	6.5	8	2	2	2	134	0	-1	6	0	1
drakkarfjord_s88_B	drakkarfjord	88	B	US	Core destroyed	332	flagoff	332	7	15	9	6,20	18	32.5	8	0	0	2	1	1	10	1	0	1
drakkarfjord_s89_A	drakkarfjord	89	A	US	Core destroyed	182	flagoff	182	5	15	9	22,8	18	32.5	8	0	0	2	1	1	10	1	0	1
drakkarfjord_s89_B	drakkarfjord	89	B	US	Core destroyed	173	flagoff	173	5	15	9	7,21	20	32.5	8	0	0	2	1	1	10	1	0	1
drakkarfjord_s90_A	drakkarfjord	90	A	OPP	Titanium collected (tiebreak)	1000	flagoff	1000	405	15	9	22,8	18	32.5	8	0	0	2	1	1	10	1	0	1
drakkarfjord_s90_A	drakkarfjord	90	A	OPP	Titanium collected (tiebreak)	1000	flagoff	1000	405	842	280	22,8	18	32.5	8	0	0	2	1	1	281	1	0	1
drakkarfjord_s90_B	drakkarfjord	90	B	US	Core destroyed	308	flagoff	308	5	15	9	6,20	18	32.5	8	0	0	2	1	1	10	1	0	1
glacierkeep_s88_A	glacierkeep	88	A	US	Core destroyed	161	flagoff	161	4	14	8	15,23	4	12.5	8	0	0	2	1	1	9	1	0	1
glacierkeep_s88_B	glacierkeep	88	B	OPP	Core destroyed	825	flagoff	825	8	14	7	16,6	10	14.5	8	0	0	2	1	1	8	1	0	1
glacierkeep_s88_B	glacierkeep	88	B	OPP	Core destroyed	825	flagoff	825	8	124	160	12,3	1	6.5	8	2	2	2	665	0	-1	2	0	1
glacierkeep_s88_B	glacierkeep	88	B	OPP	Core destroyed	825	flagoff	825	8	140	396	15,0	1	6.5	8	2	2	2	429	0	-1	2	1	1
glacierkeep_s89_A	glacierkeep	89	A	US	Core destroyed	414	flagoff	414	4	14	7	16,23	5	14.5	8	0	0	2	1	1	8	1	0	1
glacierkeep_s89_B	glacierkeep	89	B	OPP	Core destroyed	825	flagoff	825	8	14	7	16,6	10	14.5	8	0	0	2	1	1	8	1	0	1
glacierkeep_s89_B	glacierkeep	89	B	OPP	Core destroyed	825	flagoff	825	8	124	160	12,3	1	6.5	8	2	2	2	665	0	-1	2	0	1
glacierkeep_s89_B	glacierkeep	89	B	OPP	Core destroyed	825	flagoff	825	8	140	396	15,0	1	6.5	8	2	2	2	429	0	-1	2	1	1
glacierkeep_s90_A	glacierkeep	90	A	US	Core destroyed	181	flagoff	181	4	14	7	16,23	5	14.5	8	0	0	2	1	1	8	1	0	1
glacierkeep_s90_B	glacierkeep	90	B	US	Core destroyed	217	flagoff	217	5	14	7	16,6	10	14.5	8	0	0	2	1	1	8	1	0	1
glacierkeep_s90_B	glacierkeep	90	B	US	Core destroyed	217	flagoff	217	5	90	89	15,5	4	6.5	8	2	2	2	128	0	-1	1	0	1
nordkap_s88_A	nordkap	88	A	OPP	Core destroyed	197	flagoff	197	47	11	3	10,15	4	12.5	8	0	0	2	1	1	4	1	0	1
nordkap_s88_A	nordkap	88	A	OPP	Core destroyed	197	flagoff	197	47	19	6	10,21	4	6.5	8	2	2	2	191	0	-1	45	0	1
nordkap_s88_B	nordkap	88	B	US	Core destroyed	358	flagoff	358	2	11	3	10,10	9	12.5	8	0	0	2	1	1	4	1	0	1
nordkap_s89_A	nordkap	89	A	OPP	Core destroyed	197	flagoff	197	19	11	3	10,15	4	12.5	8	0	0	2	1	1	4	1	0	1
nordkap_s89_A	nordkap	89	A	OPP	Core destroyed	197	flagoff	197	19	19	6	10,21	4	6.5	8	2	2	2	191	0	-1	17	1	1
nordkap_s89_B	nordkap	89	B	OPP	Core destroyed	184	flagoff	184	4	11	3	10,10	9	12.5	8	0	0	2	1	1	4	1	0	1
nordkap_s89_B	nordkap	89	B	OPP	Core destroyed	184	flagoff	184	4	243	133	7,10	10	18.5	8	0	0	2	1	1	134	1	0	1
nordkap_s90_A	nordkap	90	A	OPP	Core destroyed	196	flagoff	196	17	11	3	10,15	4	12.5	8	0	0	2	1	1	4	1	0	1
nordkap_s90_A	nordkap	90	A	OPP	Core destroyed	196	flagoff	196	17	19	6	10,21	4	6.5	8	2	2	2	190	0	-1	14	1	1
nordkap_s90_B	nordkap	90	B	OPP	Core destroyed	292	flagoff	292	3	11	3	10,10	9	12.5	8	0	0	2	1	1	4	1	0	1
atoll_s91_A	atoll	91	A	OPP	Core destroyed	498	flagoff	498	22	27	8	14,5	4	6.5	8	2	2	2	2	1	10	1	1	1
atoll_s91_A	atoll	91	A	OPP	Core destroyed	498	flagoff	498	22	39	12	12,4	2	8.5	8	1	1	2	81	1	93	9	0	1
atoll_s91_A	atoll	91	A	OPP	Core destroyed	498	flagoff	498	22	197	110	16,6	10	14.5	8	0	0	2	1	1	111	1	0	1
atoll_s91_A	atoll	91	A	OPP	Core destroyed	498	flagoff	498	22	240	133	14,0	1	6.5	8	2	2	2	2	1	135	0	0	0
atoll_s91_A	atoll	91	A	OPP	Core destroyed	498	flagoff	498	22	440	235	10,5	13	26.5	8	0	0	2	1	1	236	1	0	1
atoll_s91_B	atoll	91	B	OPP	Core destroyed	186	flagoff	186	18	24	6	4,13	2	4.5	8	2	2	2	180	0	-1	12	3	1
atoll_s91_B	atoll	91	B	OPP	Core destroyed	186	flagoff	186	18	240	174	4,12	2	8.5	8	1	1	2	3	1	177	0	0	0
atoll_s92_A	atoll	92	A	US	Titanium collected (tiebreak)	1000	flagoff	1000	113	22	6	14,5	4	6.5	8	2	2	2	53	1	59	22	0	1
atoll_s92_A	atoll	92	A	US	Titanium collected (tiebreak)	1000	flagoff	1000	113	544	424	10,0	10	26.5	8	0	0	2	41	1	465	0	0	0
atoll_s92_A	atoll	92	A	US	Titanium collected (tiebreak)	1000	flagoff	1000	113	591	466	9,0	17	36.5	8	0	0	2	41	1	507	0	0	0
atoll_s92_A	atoll	92	A	US	Titanium collected (tiebreak)	1000	flagoff	1000	113	641	508	8,0	26	48.5	8	0	0	2	41	1	549	0	0	0
atoll_s92_A	atoll	92	A	US	Titanium collected (tiebreak)	1000	flagoff	1000	113	688	550	9,0	17	36.5	8	0	0	2	41	1	591	0	0	0
atoll_s92_A	atoll	92	A	US	Titanium collected (tiebreak)	1000	flagoff	1000	113	733	592	8,0	26	48.5	8	0	0	2	41	1	633	0	0	0
atoll_s92_A	atoll	92	A	US	Titanium collected (tiebreak)	1000	flagoff	1000	113	788	634	9,0	17	36.5	8	0	0	2	41	1	675	0	0	0
atoll_s92_A	atoll	92	A	US	Titanium collected (tiebreak)	1000	flagoff	1000	113	870	696	15,8	25	30.5	8	0	0	2	1	1	697	1	0	1
atoll_s92_B	atoll	92	B	US	Core destroyed	492	flagoff	492	5	521	405	5,11	8	18.5	8	0	0	2	1	1	406	1	0	1
atoll_s92_B	atoll	92	B	US	Core destroyed	492	flagoff	492	5	545	424	0,14	1	6.5	8	2	2	2	68	0	-1	1	0	1
atoll_s93_A	atoll	93	A	US	Core destroyed	214	flagoff	214	28	27	10	15,5	4	6.5	8	2	2	2	204	0	-1	26	0	1
atoll_s93_A	atoll	93	A	US	Core destroyed	214	flagoff	214	28	46	18	12,2	1	6.5	8	2	2	2	2	1	20	0	0	0
atoll_s93_B	atoll	93	B	OPP	Core destroyed	226	flagoff	226	4	265	173	2,17	4	6.5	8	2	2	2	53	0	-1	0	0	0
drakkarfjord_s91_A	drakkarfjord	91	A	US	Titanium collected (tiebreak)	1000	flagoff	1000	884	15	9	22,8	18	32.5	8	0	0	2	1	1	10	1	0	1
drakkarfjord_s91_A	drakkarfjord	91	A	US	Titanium collected (tiebreak)	1000	flagoff	1000	884	1491	500	24,7	5	12.5	8	0	0	2	51	1	551	1	0	1
drakkarfjord_s91_A	drakkarfjord	91	A	US	Titanium collected (tiebreak)	1000	flagoff	1000	884	1708	570	23,8	13	24.5	8	0	0	2	1	1	571	1	0	1
drakkarfjord_s91_B	drakkarfjord	91	B	US	Titanium collected (tiebreak)	1000	flagoff	1000	35	15	9	7,21	20	32.5	8	0	0	2	1	1	10	1	0	1
drakkarfjord_s92_A	drakkarfjord	92	A	US	Core destroyed	198	flagoff	198	5	15	9	22,8	18	32.5	8	0	0	2	1	1	10	1	0	1
drakkarfjord_s92_B	drakkarfjord	92	B	OPP	Titanium collected (tiebreak)	1000	flagoff	1000	38	15	9	7,21	20	32.5	8	0	0	2	1	1	10	1	0	1
drakkarfjord_s92_B	drakkarfjord	92	B	OPP	Titanium collected (tiebreak)	1000	flagoff	1000	38	810	944	6,21	13	24.5	8	0	0	2	1	1	945	1	0	1
drakkarfjord_s92_B	drakkarfjord	92	B	OPP	Titanium collected (tiebreak)	1000	flagoff	1000	38	841	962	5,25	4	6.5	8	2	2	2	38	0	-1	0	0	0
drakkarfjord_s93_A	drakkarfjord	93	A	US	Core destroyed	235	flagoff	235	5	15	9	22,8	18	32.5	8	0	0	2	1	1	10	1	0	1
drakkarfjord_s93_B	drakkarfjord	93	B	US	Core destroyed	161	flagoff	161	5	15	9	7,21	20	32.5	8	0	0	2	1	1	10	1	0	1
glacierkeep_s91_A	glacierkeep	91	A	US	Core destroyed	377	flagoff	377	4	14	7	16,23	5	14.5	8	0	0	2	1	1	8	1	0	1
glacierkeep_s91_B	glacierkeep	91	B	US	Core destroyed	217	flagoff	217	5	14	7	16,6	10	14.5	8	0	0	2	1	1	8	1	0	1
glacierkeep_s91_B	glacierkeep	91	B	US	Core destroyed	217	flagoff	217	5	90	89	15,5	4	6.5	8	2	2	2	128	0	-1	1	0	1
glacierkeep_s92_A	glacierkeep	92	A	US	Core destroyed	129	flagoff	129	4	14	7	16,23	5	14.5	8	0	0	2	1	1	8	1	0	1
glacierkeep_s92_B	glacierkeep	92	B	OPP	Core destroyed	437	flagoff	437	4	14	7	16,6	10	14.5	8	0	0	2	1	1	8	1	0	1
glacierkeep_s93_A	glacierkeep	93	A	US	Core destroyed	383	flagoff	383	4	14	8	17,23	8	18.5	8	0	0	2	1	1	9	1	0	1
glacierkeep_s93_B	glacierkeep	93	B	US	Core destroyed	241	flagoff	241	4	14	7	16,6	10	14.5	8	0	0	2	1	1	8	1	0	1
nordkap_s91_A	nordkap	91	A	US	Core destroyed	325	flagoff	325	6	11	3	10,15	4	12.5	8	0	0	2	1	1	4	1	0	1
nordkap_s91_A	nordkap	91	A	US	Core destroyed	325	flagoff	325	6	413	312	10,13	16	30.5	8	0	0	2	1	1	313	1	0	1
nordkap_s91_B	nordkap	91	B	US	Core destroyed	246	flagoff	246	9	11	3	10,10	9	12.5	8	0	0	2	1	1	4	1	0	1
nordkap_s91_B	nordkap	91	B	US	Core destroyed	246	flagoff	246	9	104	76	11,9	5	8.5	8	1	1	2	82	1	158	7	0	1
nordkap_s92_A	nordkap	92	A	US	Core destroyed	240	flagoff	240	3	11	3	11,14	10	22.5	8	0	0	2	1	1	4	1	0	1
nordkap_s92_A	nordkap	92	A	US	Core destroyed	240	flagoff	240	3	94	90	12,20	5	8.5	8	1	1	2	150	0	-1	1	0	1
nordkap_s92_B	nordkap	92	B	US	Core destroyed	382	flagoff	382	2	11	3	10,10	9	12.5	8	0	0	2	1	1	4	1	0	1
nordkap_s93_A	nordkap	93	A	US	Core destroyed	276	flagoff	276	4	11	3	10,15	4	12.5	8	0	0	2	1	1	4	1	0	1
nordkap_s93_A	nordkap	93	A	US	Core destroyed	276	flagoff	276	4	310	215	11,15	5	14.5	8	0	0	2	1	1	216	1	0	1
nordkap_s93_B	nordkap	93	B	US	Core destroyed	144	flagoff	144	4	11	3	10,10	9	12.5	8	0	0	2	1	1	4	1	0	1
nordkap_s93_B	nordkap	93	B	US	Core destroyed	144	flagoff	144	4	102	48	11,9	5	8.5	8	1	1	2	96	0	-1	2	0	1
atoll_s94_A	atoll	94	A	OPP	Core destroyed	301	flagoff	301	39	27	9	14,5	4	6.5	8	2	2	2	102	1	111	33	0	1
atoll_s94_A	atoll	94	A	OPP	Core destroyed	301	flagoff	301	39	158	112	10,4	10	22.5	8	0	0	2	1	1	113	1	0	1
atoll_s94_B	atoll	94	B	OPP	Core destroyed	191	flagoff	191	24	24	6	3,12	1	6.5	8	2	2	2	3	1	9	1	1	1
atoll_s94_B	atoll	94	B	OPP	Core destroyed	191	flagoff	191	24	40	13	5,14	4	6.5	8	2	2	2	178	0	-1	19	0	1
atoll_s94_B	atoll	94	B	OPP	Core destroyed	191	flagoff	191	24	191	104	2,11	4	12.5	8	0	0	2	1	1	105	1	0	1
atoll_s95_A	atoll	95	A	US	Core destroyed	468	flagoff	468	30	27	10	15,5	4	6.5	8	2	2	2	458	0	-1	28	0	1
atoll_s95_A	atoll	95	A	US	Core destroyed	468	flagoff	468	30	46	18	12,2	1	6.5	8	2	2	2	2	1	20	0	0	0
atoll_s95_B	atoll	95	B	OPP	Core destroyed	234	flagoff	234	15	21	6	4,13	2	4.5	8	2	2	2	46	1	52	12	5	1
atoll_s96_A	atoll	96	A	US	Core destroyed	355	flagoff	355	73	25	9	14,5	4	6.5	8	2	2	2	346	0	-1	69	0	1
atoll_s96_B	atoll	96	B	OPP	Core destroyed	186	flagoff	186	18	24	6	4,13	2	4.5	8	2	2	2	180	0	-1	15	3	1
drakkarfjord_s94_A	drakkarfjord	94	A	US	Titanium collected (tiebreak)	1000	flagoff	1000	49	15	9	22,8	18	32.5	8	0	0	2	1	1	10	1	0	1
drakkarfjord_s94_A	drakkarfjord	94	A	US	Titanium collected (tiebreak)	1000	flagoff	1000	49	799	290	24,4	1	6.5	8	2	2	2	38	1	328	2	0	1
drakkarfjord_s94_A	drakkarfjord	94	A	US	Titanium collected (tiebreak)	1000	flagoff	1000	49	1254	517	22,8	18	32.5	8	0	0	2	1	1	518	1	0	1
drakkarfjord_s94_A	drakkarfjord	94	A	US	Titanium collected (tiebreak)	1000	flagoff	1000	49	1330	556	22,9	25	40.5	8	0	0	2	1	1	557	1	0	1
drakkarfjord_s94_A	drakkarfjord	94	A	US	Titanium collected (tiebreak)	1000	flagoff	1000	49	1399	594	22,9	25	40.5	8	0	0	2	1	1	595	1	0	1
drakkarfjord_s94_A	drakkarfjord	94	A	US	Titanium collected (tiebreak)	1000	flagoff	1000	49	1478	637	22,8	18	32.5	8	0	0	2	1	1	638	1	0	1
drakkarfjord_s94_A	drakkarfjord	94	A	US	Titanium collected (tiebreak)	1000	flagoff	1000	49	1542	670	22,8	18	32.5	8	0	0	2	1	1	671	1	0	1
drakkarfjord_s94_A	drakkarfjord	94	A	US	Titanium collected (tiebreak)	1000	flagoff	1000	49	2053	949	24,1	5	18.5	8	0	0	2	41	1	990	0	0	0
drakkarfjord_s94_B	drakkarfjord	94	B	US	Core destroyed	129	flagoff	129	5	15	9	7,21	20	32.5	8	0	0	2	1	1	10	1	0	1
drakkarfjord_s95_A	drakkarfjord	95	A	US	Core destroyed	173	flagoff	173	11	15	9	22,8	18	32.5	8	0	0	2	1	1	10	1	0	1
drakkarfjord_s95_A	drakkarfjord	95	A	US	Core destroyed	173	flagoff	173	11	93	39	27,7	4	6.5	8	2	2	2	134	0	-1	6	0	1
drakkarfjord_s95_B	drakkarfjord	95	B	OPP	Core destroyed	964	flagoff	964	5	15	9	7,21	20	32.5	8	0	0	2	1	1	10	1	0	1
drakkarfjord_s96_A	drakkarfjord	96	A	OPP	Core destroyed	492	flagoff	492	42	15	9	22,8	18	32.5	8	0	0	2	1	1	10	1	0	1
drakkarfjord_s96_B	drakkarfjord	96	B	OPP	Core destroyed	727	flagoff	727	157	15	9	7,21	20	32.5	8	0	0	2	1	1	10	1	0	1
drakkarfjord_s96_B	drakkarfjord	96	B	OPP	Core destroyed	727	flagoff	727	157	1114	399	5,22	5	12.5	8	0	0	2	6	1	405	0	0	0
glacierkeep_s94_A	glacierkeep	94	A	US	Core destroyed	293	flagoff	293	4	14	7	15,23	4	12.5	8	0	0	2	1	1	8	1	0	1
glacierkeep_s94_B	glacierkeep	94	B	US	Titanium collected (tiebreak)	1000	flagoff	1000	8	14	7	16,6	10	14.5	8	0	0	2	1	1	8	1	0	1
glacierkeep_s95_A	glacierkeep	95	A	US	Core destroyed	140	flagoff	140	4	14	7	15,23	4	12.5	8	0	0	2	1	1	8	1	0	1
glacierkeep_s95_B	glacierkeep	95	B	US	Core destroyed	193	flagoff	193	4	14	7	16,6	10	14.5	8	0	0	2	1	1	8	1	0	1
glacierkeep_s96_A	glacierkeep	96	A	US	Core destroyed	313	flagoff	313	4	14	7	16,23	5	14.5	8	0	0	2	1	1	8	1	0	1
glacierkeep_s96_B	glacierkeep	96	B	US	Core destroyed	325	flagoff	325	4	14	7	16,6	10	14.5	8	0	0	2	1	1	8	1	0	1
nordkap_s94_A	nordkap	94	A	OPP	Core destroyed	405	flagoff	405	5	11	3	10,15	4	12.5	8	0	0	2	1	1	4	1	0	1
nordkap_s94_A	nordkap	94	A	OPP	Core destroyed	405	flagoff	405	5	24	8	11,20	2	4.5	8	2	2	2	3	1	11	1	0	1
nordkap_s94_B	nordkap	94	B	US	Core destroyed	257	flagoff	257	2	11	3	10,10	9	12.5	8	0	0	2	1	1	4	1	0	1
nordkap_s95_A	nordkap	95	A	US	Core destroyed	376	flagoff	376	2	11	3	10,15	4	12.5	8	0	0	2	1	1	4	1	0	1
nordkap_s95_A	nordkap	95	A	US	Core destroyed	376	flagoff	376	2	29	10	12,19	4	6.5	8	2	2	2	366	0	-1	0	0	0
nordkap_s95_B	nordkap	95	B	US	Core destroyed	577	flagoff	577	2	11	3	10,10	9	12.5	8	0	0	2	1	1	4	1	0	1
nordkap_s96_A	nordkap	96	A	OPP	Core destroyed	217	flagoff	217	3	11	3	10,15	4	12.5	8	0	0	2	1	1	4	1	0	1
nordkap_s96_A	nordkap	96	A	OPP	Core destroyed	217	flagoff	217	3	24	8	11,20	2	4.5	8	2	2	2	3	1	11	1	0	1
nordkap_s96_B	nordkap	96	B	US	Core destroyed	215	flagoff	215	2	11	3	10,10	9	12.5	8	0	0	2	1	1	4	1	0	1
yulerune_s94_A	yulerune	94	A	US	Core destroyed	390	flagoff	390	0	609	363	14,7	2	12.5	8	0	0	2	27	0	-1	0	0	0
atoll_s97_A	atoll	97	A	US	Core destroyed	379	flagoff	379	33	27	10	15,5	4	6.5	8	2	2	2	369	0	-1	26	0	1
atoll_s97_A	atoll	97	A	US	Core destroyed	379	flagoff	379	33	46	18	12,2	1	6.5	8	2	2	2	2	1	20	0	0	0
atoll_s97_B	atoll	97	B	OPP	Core destroyed	214	flagoff	214	2	108	54	0,15	1	6.5	8	2	2	2	35	1	89	0	0	0
atoll_s98_A	atoll	98	A	OPP	Core destroyed	772	flagoff	772	182	36	11	12,2	1	6.5	8	2	2	2	761	0	-1	146	0	1
atoll_s99_A	atoll	99	A	OPP	Core destroyed	388	flagoff	388	46	21	6	14,5	4	6.5	8	2	2	2	3	1	9	2	1	1
atoll_s99_A	atoll	99	A	OPP	Core destroyed	388	flagoff	388	46	40	13	12,3	1	6.5	8	2	2	2	375	0	-1	42	1	1
atoll_s99_B	atoll	99	B	US	Core destroyed	135	flagoff	135	3	51	20	0,16	2	8.5	8	1	1	2	115	0	-1	1	0	1
drakkarfjord_s97_A	drakkarfjord	97	A	US	Core destroyed	764	flagoff	764	5	15	9	22,8	18	32.5	8	0	0	2	1	1	10	1	0	1
drakkarfjord_s97_B	drakkarfjord	97	B	OPP	Titanium collected (tiebreak)	1000	flagoff	1000	38	15	9	7,21	20	32.5	8	0	0	2	1	1	10	1	0	1
drakkarfjord_s97_B	drakkarfjord	97	B	OPP	Titanium collected (tiebreak)	1000	flagoff	1000	38	842	962	5,25	4	6.5	8	2	2	2	38	0	-1	0	0	0
drakkarfjord_s98_A	drakkarfjord	98	A	US	Core destroyed	208	flagoff	208	46	15	9	22,8	18	32.5	8	0	0	2	1	1	10	1	0	1
drakkarfjord_s98_A	drakkarfjord	98	A	US	Core destroyed	208	flagoff	208	46	92	39	27,7	4	6.5	8	2	2	2	169	0	-1	23	0	1
drakkarfjord_s98_A	drakkarfjord	98	A	US	Core destroyed	208	flagoff	208	46	204	100	24,4	1	6.5	8	2	2	2	108	0	-1	18	0	1
drakkarfjord_s98_B	drakkarfjord	98	B	US	Core destroyed	514	flagoff	514	33	15	9	7,21	20	32.5	8	0	0	2	1	1	10	1	0	1
drakkarfjord_s98_B	drakkarfjord	98	B	US	Core destroyed	514	flagoff	514	33	415	160	7,21	20	32.5	8	0	0	2	1	1	161	1	0	1
drakkarfjord_s98_B	drakkarfjord	98	B	US	Core destroyed	514	flagoff	514	33	624	222	5,21	8	18.5	8	0	0	2	1	1	223	1	0	1
drakkarfjord_s98_B	drakkarfjord	98	B	US	Core destroyed	514	flagoff	514	33	965	332	6,21	13	24.5	8	0	0	2	1	1	333	1	0	1
drakkarfjord_s98_B	drakkarfjord	98	B	US	Core destroyed	514	flagoff	514	33	1102	382	7,21	20	32.5	8	0	0	2	1	1	383	1	0	1
drakkarfjord_s98_B	drakkarfjord	98	B	US	Core destroyed	514	flagoff	514	33	1417	484	7,20	25	40.5	8	0	0	2	1	1	485	1	0	1
drakkarfjord_s99_A	drakkarfjord	99	A	US	Core destroyed	132	flagoff	132	5	15	9	22,8	18	32.5	8	0	0	2	1	1	10	1	0	1
drakkarfjord_s99_B	drakkarfjord	99	B	US	Core destroyed	123	flagoff	123	5	15	9	7,21	20	32.5	8	0	0	2	1	1	10	1	0	1
glacierkeep_s97_A	glacierkeep	97	A	OPP	Titanium collected (tiebreak)	1000	flagoff	1000	7	14	7	16,23	5	14.5	8	0	0	2	1	1	8	1	0	1
glacierkeep_s97_B	glacierkeep	97	B	US	Core destroyed	912	flagoff	912	30	14	7	16,6	10	14.5	8	0	0	2	1	1	8	1	0	1
glacierkeep_s97_B	glacierkeep	97	B	US	Core destroyed	912	flagoff	912	30	120	179	14,0	1	6.5	8	2	2	2	733	0	-1	25	6	1
glacierkeep_s98_A	glacierkeep	98	A	US	Core destroyed	329	flagoff	329	4	14	7	15,23	4	12.5	8	0	0	2	1	1	8	1	0	1
glacierkeep_s98_B	glacierkeep	98	B	US	Core destroyed	257	flagoff	257	47	14	7	16,6	10	14.5	8	0	0	2	1	1	8	1	0	1
glacierkeep_s98_B	glacierkeep	98	B	US	Core destroyed	257	flagoff	257	47	124	152	15,0	1	6.5	8	2	2	2	105	0	-1	43	8	1
glacierkeep_s99_A	glacierkeep	99	A	US	Core destroyed	128	flagoff	128	4	14	7	16,23	5	14.5	8	0	0	2	1	1	8	1	0	1
glacierkeep_s99_B	glacierkeep	99	B	US	Core destroyed	253	flagoff	253	42	14	7	16,6	10	14.5	8	0	0	2	1	1	8	1	0	1
glacierkeep_s99_B	glacierkeep	99	B	US	Core destroyed	253	flagoff	253	42	124	152	15,0	1	6.5	8	2	2	2	101	0	-1	38	12	1
nordkap_s97_A	nordkap	97	A	OPP	Core destroyed	253	flagoff	253	56	11	3	10,15	4	12.5	8	0	0	2	1	1	4	1	0	1
nordkap_s97_A	nordkap	97	A	OPP	Core destroyed	253	flagoff	253	56	19	6	10,21	4	6.5	8	2	2	2	247	0	-1	54	1	1
nordkap_s97_B	nordkap	97	B	US	Core destroyed	148	flagoff	148	2	11	3	10,10	9	12.5	8	0	0	2	1	1	4	1	0	1
nordkap_s98_A	nordkap	98	A	OPP	Core destroyed	187	flagoff	187	2	11	3	10,15	4	12.5	8	0	0	2	1	1	4	1	0	1
nordkap_s98_B	nordkap	98	B	US	Core destroyed	577	flagoff	577	2	11	3	10,10	9	12.5	8	0	0	2	1	1	4	1	0	1
nordkap_s99_A	nordkap	99	A	OPP	Core destroyed	131	flagoff	131	2	11	3	10,15	4	12.5	8	0	0	2	1	1	4	1	0	1
nordkap_s99_B	nordkap	99	B	US	Core destroyed	156	flagoff	156	6	11	3	10,10	9	12.5	8	0	0	2	1	1	4	1	0	1
nordkap_s99_B	nordkap	99	B	US	Core destroyed	156	flagoff	156	6	97	88	12,7	4	6.5	8	2	2	2	68	0	-1	4	0	1
atoll_s100_A	atoll	100	A	OPP	Core destroyed	465	flagoff	465	85	26	8	15,5	4	6.5	8	2	2	2	457	0	-1	78	27	1
atoll_s100_A	atoll	100	A	OPP	Core destroyed	465	flagoff	465	85	217	121	13,7	17	22.5	8	0	0	2	1	1	122	1	0	1
atoll_s100_B	atoll	100	B	OPP	Core destroyed	234	flagoff	234	3	347	212	5,11	8	18.5	8	0	0	2	1	1	213	1	0	1
atoll_s101_A	atoll	101	A	OPP	Core destroyed	504	flagoff	504	5	53	18	16,1	2	4.5	8	2	2	2	486	0	-1	2	1	1
atoll_s101_B	atoll	101	B	OPP	Core destroyed	278	flagoff	278	74	28	7	5,13	5	8.5	8	1	1	2	4	1	11	2	0	1
atoll_s101_B	atoll	101	B	OPP	Core destroyed	278	flagoff	278	74	39	12	5,14	4	6.5	8	2	2	2	3	1	15	1	0	1
atoll_s101_B	atoll	101	B	OPP	Core destroyed	278	flagoff	278	74	45	16	4,13	2	4.5	8	2	2	2	2	1	18	1	0	1
atoll_s101_B	atoll	101	B	OPP	Core destroyed	278	flagoff	278	74	61	24	0,14	1	6.5	8	2	2	2	254	0	-1	68	1	1
atoll_s102_A	atoll	102	A	OPP	Core destroyed	318	flagoff	318	43	21	6	14,5	4	6.5	8	2	2	2	3	1	9	2	1	1
atoll_s102_A	atoll	102	A	OPP	Core destroyed	318	flagoff	318	43	40	13	12,3	1	6.5	8	2	2	2	305	0	-1	39	0	1
atoll_s102_B	atoll	102	B	US	Core destroyed	349	flagoff	349	5	52	24	4,17	5	8.5	8	1	1	2	325	0	-1	0	0	0
atoll_s102_B	atoll	102	B	US	Core destroyed	349	flagoff	349	5	335	273	0,14	1	6.5	8	2	2	2	76	0	-1	0	0	0
drakkarfjord_s100_A	drakkarfjord	100	A	OPP	Core destroyed	257	flagoff	257	5	15	9	22,8	18	32.5	8	0	0	2	1	1	10	1	0	1
drakkarfjord_s100_B	drakkarfjord	100	B	US	Core destroyed	137	flagoff	137	5	15	9	7,21	20	32.5	8	0	0	2	1	1	10	1	0	1
drakkarfjord_s101_A	drakkarfjord	101	A	OPP	Core destroyed	594	flagoff	594	248	15	9	22,8	18	32.5	8	0	0	2	1	1	10	1	0	1
drakkarfjord_s101_B	drakkarfjord	101	B	US	Core destroyed	979	flagoff	979	54	15	9	7,21	20	32.5	8	0	0	2	1	1	10	1	0	1
drakkarfjord_s101_B	drakkarfjord	101	B	US	Core destroyed	979	flagoff	979	54	202	157	7,21	20	32.5	8	0	0	2	1	1	158	1	0	1
drakkarfjord_s101_B	drakkarfjord	101	B	US	Core destroyed	979	flagoff	979	54	340	345	7,21	20	32.5	8	0	0	2	1	1	346	1	0	1
drakkarfjord_s101_B	drakkarfjord	101	B	US	Core destroyed	979	flagoff	979	54	372	404	7,21	20	32.5	8	0	0	2	1	1	405	1	0	1
drakkarfjord_s101_B	drakkarfjord	101	B	US	Core destroyed	979	flagoff	979	54	411	460	7,20	25	40.5	8	0	0	2	1	1	461	1	0	1
drakkarfjord_s101_B	drakkarfjord	101	B	US	Core destroyed	979	flagoff	979	54	439	524	7,21	20	32.5	8	0	0	2	1	1	525	1	0	1
drakkarfjord_s102_A	drakkarfjord	102	A	US	Titanium collected (tiebreak)	1000	flagoff	1000	56	15	9	22,8	18	32.5	8	0	0	2	1	1	10	1	0	1
drakkarfjord_s102_A	drakkarfjord	102	A	US	Titanium collected (tiebreak)	1000	flagoff	1000	56	668	236	23,7	8	18.5	8	0	0	2	1	1	237	1	0	1
drakkarfjord_s102_A	drakkarfjord	102	A	US	Titanium collected (tiebreak)	1000	flagoff	1000	56	1385	466	23,8	13	24.5	8	0	0	2	1	1	467	1	0	1
drakkarfjord_s102_B	drakkarfjord	102	B	OPP	Core destroyed	504	flagoff	504	5	15	9	7,21	20	32.5	8	0	0	2	1	1	10	1	0	1
glacierkeep_s100_A	glacierkeep	100	A	US	Core destroyed	213	flagoff	213	4	14	7	16,23	5	14.5	8	0	0	2	1	1	8	1	0	1
glacierkeep_s100_B	glacierkeep	100	B	OPP	Core destroyed	533	flagoff	533	4	14	7	16,6	10	14.5	8	0	0	2	1	1	8	1	0	1
glacierkeep_s101_A	glacierkeep	101	A	US	Titanium collected (tiebreak)	1000	flagoff	1000	37	14	7	15,23	4	12.5	8	0	0	2	1	1	8	1	0	1
glacierkeep_s101_A	glacierkeep	101	A	US	Titanium collected (tiebreak)	1000	flagoff	1000	37	120	272	15,24	1	6.5	8	2	2	2	152	1	424	33	1	1
glacierkeep_s101_B	glacierkeep	101	B	US	Core destroyed	253	flagoff	253	4	14	7	16,6	10	14.5	8	0	0	2	1	1	8	1	0	1
glacierkeep_s101_B	glacierkeep	101	B	US	Core destroyed	253	flagoff	253	4	108	68	15,0	1	6.5	8	2	2	2	185	0	-1	0	0	0
glacierkeep_s102_A	glacierkeep	102	A	US	Core destroyed	171	flagoff	171	4	14	7	15,23	4	12.5	8	0	0	2	1	1	8	1	0	1
glacierkeep_s102_B	glacierkeep	102	B	OPP	Core destroyed	612	flagoff	612	166	14	7	16,6	10	14.5	8	0	0	2	1	1	8	1	0	1
glacierkeep_s102_B	glacierkeep	102	B	OPP	Core destroyed	612	flagoff	612	166	88	162	14,0	1	6.5	8	2	2	2	383	1	545	155	19	1
nordkap_s100_A	nordkap	100	A	OPP	Core destroyed	445	flagoff	445	2	11	3	10,15	4	12.5	8	0	0	2	1	1	4	1	0	1
nordkap_s100_B	nordkap	100	B	US	Core destroyed	210	flagoff	210	28	11	3	10,10	9	12.5	8	0	0	2	1	1	4	1	0	1
nordkap_s100_B	nordkap	100	B	US	Core destroyed	210	flagoff	210	28	143	100	7,6	1	6.5	8	2	2	2	110	0	-1	26	4	1
nordkap_s101_A	nordkap	101	A	US	Core destroyed	241	flagoff	241	2	11	3	10,15	4	12.5	8	0	0	2	1	1	4	1	0	1
nordkap_s101_B	nordkap	101	B	OPP	Core destroyed	278	flagoff	278	2	11	3	10,10	9	12.5	8	0	0	2	1	1	4	1	0	1
nordkap_s102_A	nordkap	102	A	OPP	Core destroyed	161	flagoff	161	12	11	3	10,15	4	12.5	8	0	0	2	1	1	4	1	0	1
nordkap_s102_A	nordkap	102	A	OPP	Core destroyed	161	flagoff	161	12	31	10	12,19	4	6.5	8	2	2	2	92	1	102	10	1	1
nordkap_s102_B	nordkap	102	B	US	Core destroyed	151	flagoff	151	8	11	3	10,10	9	12.5	8	0	0	2	1	1	4	1	0	1
nordkap_s102_B	nordkap	102	B	US	Core destroyed	151	flagoff	151	8	88	62	12,6	4	6.5	8	2	2	2	89	0	-1	6	0	1
atoll_s103_A	atoll	103	A	US	Core destroyed	248	flagoff	248	78	23	7	12,2	1	6.5	8	2	2	2	241	0	-1	76	3	1
atoll_s103_B	atoll	103	B	OPP	Core destroyed	152	flagoff	152	24	24	6	3,12	1	6.5	8	2	2	2	3	1	9	1	1	1
atoll_s103_B	atoll	103	B	OPP	Core destroyed	152	flagoff	152	24	40	13	5,14	4	6.5	8	2	2	2	139	0	-1	20	0	1
atoll_s104_A	atoll	104	A	US	Core destroyed	245	flagoff	245	38	23	7	12,2	1	6.5	8	2	2	2	238	0	-1	36	10	1
atoll_s104_B	atoll	104	B	OPP	Core destroyed	219	flagoff	219	24	24	6	4,13	2	4.5	8	2	2	2	136	1	142	21	1	1
atoll_s105_A	atoll	105	A	US	Core destroyed	929	flagoff	929	72	22	6	14,5	4	6.5	8	2	2	2	53	1	59	22	0	1
atoll_s105_A	atoll	105	A	US	Core destroyed	929	flagoff	929	72	1143	889	12,6	10	18.5	8	0	0	2	1	1	890	1	0	1
drakkarfjord_s103_A	drakkarfjord	103	A	US	Core destroyed	926	flagoff	926	286	15	9	22,8	18	32.5	8	0	0	2	1	1	10	1	0	1
drakkarfjord_s103_A	drakkarfjord	103	A	US	Core destroyed	926	flagoff	926	286	452	155	23,7	8	18.5	8	0	0	2	1	1	156	1	0	1
drakkarfjord_s103_A	drakkarfjord	103	A	US	Core destroyed	926	flagoff	926	286	1840	738	23,8	13	24.5	8	0	0	2	1	1	739	1	0	1
drakkarfjord_s103_B	drakkarfjord	103	B	US	Core destroyed	143	flagoff	143	5	15	9	7,21	20	32.5	8	0	0	2	1	1	10	1	0	1
drakkarfjord_s104_A	drakkarfjord	104	A	OPP	Core destroyed	569	flagoff	569	118	15	9	22,8	18	32.5	8	0	0	2	1	1	10	1	0	1
drakkarfjord_s104_A	drakkarfjord	104	A	OPP	Core destroyed	569	flagoff	569	118	96	39	27,7	4	6.5	8	2	2	2	530	0	-1	102	1	1
drakkarfjord_s104_B	drakkarfjord	104	B	OPP	Core destroyed	307	flagoff	307	5	15	9	7,21	20	32.5	8	0	0	2	1	1	10	1	0	1
drakkarfjord_s105_A	drakkarfjord	105	A	US	Core destroyed	324	flagoff	324	11	15	9	22,8	18	32.5	8	0	0	2	1	1	10	1	0	1
drakkarfjord_s105_A	drakkarfjord	105	A	US	Core destroyed	324	flagoff	324	11	572	304	24,5	1	6.5	8	2	2	2	20	0	-1	3	1	1
drakkarfjord_s105_B	drakkarfjord	105	B	US	Core destroyed	795	flagoff	795	30	15	9	7,21	20	32.5	8	0	0	2	1	1	10	1	0	1
drakkarfjord_s105_B	drakkarfjord	105	B	US	Core destroyed	795	flagoff	795	30	451	289	1,22	2	8.5	8	1	1	2	506	0	-1	11	0	1
drakkarfjord_s105_B	drakkarfjord	105	B	US	Core destroyed	795	flagoff	795	30	562	421	5,22	5	12.5	8	0	0	2	4	1	425	1	0	1
glacierkeep_s103_A	glacierkeep	103	A	US	Titanium collected (tiebreak)	1000	flagoff	1000	5	14	8	17,23	8	18.5	8	0	0	2	1	1	9	1	0	1
glacierkeep_s103_B	glacierkeep	103	B	US	Core destroyed	257	flagoff	257	14	14	8	17,6	13	18.5	8	0	0	2	1	1	9	1	0	1
glacierkeep_s103_B	glacierkeep	103	B	US	Core destroyed	257	flagoff	257	14	116	152	15,0	1	6.5	8	2	2	2	105	0	-1	10	1	1
glacierkeep_s104_A	glacierkeep	104	A	US	Core destroyed	321	flagoff	321	4	14	7	15,23	4	12.5	8	0	0	2	1	1	8	1	0	1
glacierkeep_s104_B	glacierkeep	104	B	US	Core destroyed	165	flagoff	165	4	14	7	16,6	10	14.5	8	0	0	2	1	1	8	1	0	1
glacierkeep_s105_A	glacierkeep	105	A	US	Core destroyed	241	flagoff	241	4	14	8	17,23	8	18.5	8	0	0	2	1	1	9	1	0	1
glacierkeep_s105_B	glacierkeep	105	B	US	Core destroyed	185	flagoff	185	13	14	7	16,6	10	14.5	8	0	0	2	1	1	8	1	0	1
glacierkeep_s105_B	glacierkeep	105	B	US	Core destroyed	185	flagoff	185	13	96	64	15,0	1	6.5	8	2	2	2	121	0	-1	9	0	1
nordkap_s103_A	nordkap	103	A	US	Core destroyed	317	flagoff	317	10	11	3	10,15	4	12.5	8	0	0	2	1	1	4	1	0	1
nordkap_s103_A	nordkap	103	A	US	Core destroyed	317	flagoff	317	10	80	47	12,17	5	8.5	8	1	1	2	270	0	-1	6	0	1
nordkap_s103_A	nordkap	103	A	US	Core destroyed	317	flagoff	317	10	114	145	9,21	4	6.5	8	2	2	2	172	0	-1	2	0	1
nordkap_s103_B	nordkap	103	B	US	Core destroyed	953	flagoff	953	128	11	3	10,10	9	12.5	8	0	0	2	1	1	4	1	0	1
nordkap_s103_B	nordkap	103	B	US	Core destroyed	953	flagoff	953	128	121	52	12,8	5	8.5	8	1	1	2	901	0	-1	122	0	1
nordkap_s104_A	nordkap	104	A	US	Core destroyed	382	flagoff	382	2	11	3	10,15	4	12.5	8	0	0	2	1	1	4	1	0	1
nordkap_s104_A	nordkap	104	A	US	Core destroyed	382	flagoff	382	2	292	269	11,17	2	4.5	8	2	2	2	3	1	272	0	0	0
nordkap_s104_A	nordkap	104	A	US	Core destroyed	382	flagoff	382	2	511	364	8,14	10	22.5	8	0	0	2	18	0	-1	0	0	0
nordkap_s104_B	nordkap	104	B	OPP	Core destroyed	644	flagoff	644	2	11	3	10,10	9	12.5	8	0	0	2	1	1	4	1	0	1
nordkap_s105_A	nordkap	105	A	OPP	Core destroyed	248	flagoff	248	2	11	3	10,15	4	12.5	8	0	0	2	1	1	4	1	0	1
nordkap_s105_A	nordkap	105	A	OPP	Core destroyed	248	flagoff	248	2	32	10	12,19	4	6.5	8	2	2	2	2	1	12	0	0	0
nordkap_s105_B	nordkap	105	B	OPP	Core destroyed	502	flagoff	502	37	11	3	10,10	9	12.5	8	0	0	2	1	1	4	1	0	1
nordkap_s105_B	nordkap	105	B	OPP	Core destroyed	502	flagoff	502	37	146	68	8,9	5	8.5	8	1	1	2	434	0	-1	32	0	1
nordkap_s105_B	nordkap	105	B	OPP	Core destroyed	502	flagoff	502	37	464	389	8,11	17	22.5	8	0	0	2	1	1	390	1	0	1
atoll_s106_A	atoll	106	A	US	Core destroyed	170	flagoff	170	9	28	8	13,5	5	8.5	8	1	1	2	2	1	10	1	0	1
atoll_s106_A	atoll	106	A	US	Core destroyed	170	flagoff	170	9	36	12	13,5	5	8.5	8	1	1	2	4	1	16	2	0	1
atoll_s106_A	atoll	106	A	US	Core destroyed	170	flagoff	170	9	163	80	17,5	8	12.5	8	0	0	2	90	0	-1	2	0	1
atoll_s107_A	atoll	107	A	US	Core destroyed	158	flagoff	158	15	21	6	13,4	2	4.5	8	2	2	2	3	1	9	0	0	0
atoll_s107_A	atoll	107	A	US	Core destroyed	158	flagoff	158	15	39	12	12,2	1	6.5	8	2	2	2	146	0	-1	13	0	1
atoll_s108_A	atoll	108	A	OPP	Core destroyed	388	flagoff	388	46	21	6	14,5	4	6.5	8	2	2	2	3	1	9	2	1	1
atoll_s108_A	atoll	108	A	OPP	Core destroyed	388	flagoff	388	46	40	13	12,3	1	6.5	8	2	2	2	375	0	-1	42	1	1
atoll_s108_B	atoll	108	B	OPP	Titanium collected (tiebreak)	1000	flagoff	1000	25	22	6	4,13	2	4.5	8	2	2	2	72	1	78	15	3	1
atoll_s108_B	atoll	108	B	OPP	Titanium collected (tiebreak)	1000	flagoff	1000	25	727	400	5,10	13	26.5	8	0	0	2	1	1	401	1	0	1
drakkarfjord_s106_A	drakkarfjord	106	A	US	Titanium collected (tiebreak)	1000	flagoff	1000	497	15	9	22,8	18	32.5	8	0	0	2	1	1	10	1	0	1
drakkarfjord_s106_A	drakkarfjord	106	A	US	Titanium collected (tiebreak)	1000	flagoff	1000	497	958	315	24,4	1	6.5	8	2	2	2	72	1	387	1	0	1
drakkarfjord_s106_A	drakkarfjord	106	A	US	Titanium collected (tiebreak)	1000	flagoff	1000	497	1287	408	28,7	5	8.5	8	1	1	2	592	0	-1	72	0	1
drakkarfjord_s106_A	drakkarfjord	106	A	US	Titanium collected (tiebreak)	1000	flagoff	1000	497	1408	448	23,8	13	24.5	8	0	0	2	44	1	492	1	0	1
drakkarfjord_s106_B	drakkarfjord	106	B	OPP	Titanium collected (tiebreak)	1000	flagoff	1000	34	15	9	7,21	20	32.5	8	0	0	2	1	1	10	1	0	1
drakkarfjord_s106_B	drakkarfjord	106	B	OPP	Titanium collected (tiebreak)	1000	flagoff	1000	34	618	425	5,25	4	6.5	8	2	2	2	3	1	428	0	0	0
drakkarfjord_s106_B	drakkarfjord	106	B	OPP	Titanium collected (tiebreak)	1000	flagoff	1000	34	629	430	5,25	4	6.5	8	2	2	2	3	1	433	0	0	0
drakkarfjord_s106_B	drakkarfjord	106	B	OPP	Titanium collected (tiebreak)	1000	flagoff	1000	34	641	436	5,25	4	6.5	8	2	2	2	3	1	439	1	0	1
drakkarfjord_s106_B	drakkarfjord	106	B	OPP	Titanium collected (tiebreak)	1000	flagoff	1000	34	876	533	7,21	20	32.5	8	0	0	2	1	1	534	1	0	1
drakkarfjord_s106_B	drakkarfjord	106	B	OPP	Titanium collected (tiebreak)	1000	flagoff	1000	34	965	568	7,20	25	40.5	8	0	0	2	1	1	569	1	0	1
drakkarfjord_s106_B	drakkarfjord	106	B	OPP	Titanium collected (tiebreak)	1000	flagoff	1000	34	1031	597	5,25	4	6.5	8	2	2	2	3	1	600	2	2	1
drakkarfjord_s106_B	drakkarfjord	106	B	OPP	Titanium collected (tiebreak)	1000	flagoff	1000	34	1040	600	5,25	4	6.5	8	2	2	2	4	1	604	3	1	1
drakkarfjord_s106_B	drakkarfjord	106	B	OPP	Titanium collected (tiebreak)	1000	flagoff	1000	34	1051	605	5,25	4	6.5	8	2	2	2	3	1	608	1	0	1
drakkarfjord_s106_B	drakkarfjord	106	B	OPP	Titanium collected (tiebreak)	1000	flagoff	1000	34	1242	679	6,22	10	18.5	8	0	0	2	1	1	680	1	0	1
drakkarfjord_s107_A	drakkarfjord	107	A	OPP	Core destroyed	346	flagoff	346	5	15	9	22,8	18	32.5	8	0	0	2	1	1	10	1	0	1
drakkarfjord_s107_B	drakkarfjord	107	B	US	Core destroyed	173	flagoff	173	5	15	9	7,21	20	32.5	8	0	0	2	1	1	10	1	0	1
drakkarfjord_s108_A	drakkarfjord	108	A	US	Core destroyed	374	flagoff	374	40	15	9	22,8	18	32.5	8	0	0	2	1	1	10	1	0	1
drakkarfjord_s108_A	drakkarfjord	108	A	US	Core destroyed	374	flagoff	374	40	94	39	27,7	4	6.5	8	2	2	2	335	0	-1	35	1	1
drakkarfjord_s108_B	drakkarfjord	108	B	US	Core destroyed	129	flagoff	129	5	15	9	7,21	20	32.5	8	0	0	2	1	1	10	1	0	1
glacierkeep_s106_A	glacierkeep	106	A	US	Titanium collected (tiebreak)	1000	flagoff	1000	37	14	7	15,23	4	12.5	8	0	0	2	1	1	8	1	0	1
glacierkeep_s106_A	glacierkeep	106	A	US	Titanium collected (tiebreak)	1000	flagoff	1000	37	120	272	15,24	1	6.5	8	2	2	2	152	1	424	33	1	1
glacierkeep_s106_B	glacierkeep	106	B	US	Core destroyed	185	flagoff	185	4	14	7	16,6	10	14.5	8	0	0	2	1	1	8	1	0	1
glacierkeep_s106_B	glacierkeep	106	B	US	Core destroyed	185	flagoff	185	4	110	69	15,0	1	6.5	8	2	2	2	116	0	-1	0	0	0
glacierkeep_s107_A	glacierkeep	107	A	US	Core destroyed	125	flagoff	125	4	14	7	16,23	5	14.5	8	0	0	2	1	1	8	1	0	1
glacierkeep_s107_B	glacierkeep	107	B	US	Core destroyed	177	flagoff	177	4	14	7	16,6	10	14.5	8	0	0	2	1	1	8	1	0	1
glacierkeep_s108_A	glacierkeep	108	A	US	Core destroyed	265	flagoff	265	4	14	7	15,23	4	12.5	8	0	0	2	1	1	8	1	0	1
glacierkeep_s108_B	glacierkeep	108	B	US	Core destroyed	257	flagoff	257	36	14	7	16,6	10	14.5	8	0	0	2	1	1	8	1	0	1
glacierkeep_s108_B	glacierkeep	108	B	US	Core destroyed	257	flagoff	257	36	123	164	15,0	1	6.5	8	2	2	2	93	0	-1	32	3	1
nordkap_s106_A	nordkap	106	A	OPP	Core destroyed	837	flagoff	837	107	11	3	10,15	4	12.5	8	0	0	2	1	1	4	1	0	1
nordkap_s106_A	nordkap	106	A	OPP	Core destroyed	837	flagoff	837	107	23	8	12,19	4	6.5	8	2	2	2	318	1	326	88	3	1
nordkap_s106_A	nordkap	106	A	OPP	Core destroyed	837	flagoff	837	107	115	352	8,16	2	8.5	8	1	1	2	485	0	-1	9	0	1
nordkap_s106_A	nordkap	106	A	OPP	Core destroyed	837	flagoff	837	107	120	407	12,20	5	8.5	8	1	1	2	117	1	524	8	0	1
nordkap_s106_B	nordkap	106	B	US	Titanium collected (tiebreak)	1000	flagoff	1000	2	11	3	10,10	9	12.5	8	0	0	2	1	1	4	1	0	1
nordkap_s107_A	nordkap	107	A	US	Core destroyed	407	flagoff	407	46	11	3	10,15	4	12.5	8	0	0	2	1	1	4	1	0	1
nordkap_s107_A	nordkap	107	A	US	Core destroyed	407	flagoff	407	46	113	101	12,19	4	6.5	8	2	2	2	306	0	-1	32	3	1
nordkap_s107_A	nordkap	107	A	US	Core destroyed	407	flagoff	407	46	416	319	10,15	4	12.5	8	0	0	2	1	1	320	1	0	1
nordkap_s107_A	nordkap	107	A	US	Core destroyed	407	flagoff	407	46	460	344	10,15	4	12.5	8	0	0	2	1	1	345	1	0	1
nordkap_s107_A	nordkap	107	A	US	Core destroyed	407	flagoff	407	46	540	394	10,15	4	12.5	8	0	0	2	1	1	395	1	0	1
nordkap_s107_B	nordkap	107	B	US	Core destroyed	521	flagoff	521	2	11	3	10,10	9	12.5	8	0	0	2	1	1	4	1	0	1
nordkap_s108_A	nordkap	108	A	OPP	Core destroyed	513	flagoff	513	7	11	3	10,15	4	12.5	8	0	0	2	1	1	4	1	0	1
nordkap_s108_A	nordkap	108	A	OPP	Core destroyed	513	flagoff	513	7	27	9	11,20	2	4.5	8	2	2	2	504	0	-1	5	0	1
nordkap_s108_B	nordkap	108	B	US	Core destroyed	394	flagoff	394	41	11	3	10,10	9	12.5	8	0	0	2	1	1	4	1	0	1
nordkap_s108_B	nordkap	108	B	US	Core destroyed	394	flagoff	394	41	315	218	10,12	25	30.5	8	0	0	2	1	1	219	1	0	1
nordkap_s108_B	nordkap	108	B	US	Core destroyed	394	flagoff	394	41	495	278	7,10	10	18.5	8	0	0	2	1	1	279	1	0	1
nordkap_s108_B	nordkap	108	B	US	Core destroyed	394	flagoff	394	41	565	304	5,2	18	40.5	8	0	0	2	41	1	345	0	0	0
nordkap_s108_B	nordkap	108	B	US	Core destroyed	394	flagoff	394	41	586	311	10,3	4	12.5	8	0	0	2	83	0	-1	35	0	1
atoll_s109_A	atoll	109	A	OPP	Core destroyed	256	flagoff	256	69	25	7	12,4	2	8.5	8	1	1	2	249	0	-1	65	0	1
atoll_s109_B	atoll	109	B	OPP	Core destroyed	130	flagoff	130	9	50	18	3,17	4	6.5	8	2	2	2	39	1	57	7	0	1
atoll_s110_A	atoll	110	A	OPP	Titanium collected (tiebreak)	1000	flagoff	1000	19	36	11	12,2	1	6.5	8	2	2	2	67	1	78	8	0	1
atoll_s110_A	atoll	110	A	OPP	Titanium collected (tiebreak)	1000	flagoff	1000	19	254	120	12,7	17	26.5	8	0	0	2	1	1	121	1	0	1
atoll_s110_B	atoll	110	B	US	Core destroyed	212	flagoff	212	5	41	18	4,13	2	4.5	8	2	2	2	2	1	20	1	0	1
atoll_s110_B	atoll	110	B	US	Core destroyed	212	flagoff	212	5	92	60	5,14	4	6.5	8	2	2	2	152	0	-1	2	0	1
atoll_s111_A	atoll	111	A	OPP	Core destroyed	256	flagoff	256	69	25	7	12,4	2	8.5	8	1	1	2	249	0	-1	65	0	1
drakkarfjord_s109_A	drakkarfjord	109	A	US	Core destroyed	205	flagoff	205	46	15	9	22,8	18	32.5	8	0	0	2	1	1	10	1	0	1
drakkarfjord_s109_A	drakkarfjord	109	A	US	Core destroyed	205	flagoff	205	46	93	39	27,7	4	6.5	8	2	2	2	166	0	-1	21	0	1
drakkarfjord_s109_A	drakkarfjord	109	A	US	Core destroyed	205	flagoff	205	46	242	133	24,4	1	6.5	8	2	2	2	72	0	-1	20	0	1
drakkarfjord_s109_B	drakkarfjord	109	B	US	Core destroyed	126	flagoff	126	5	15	9	7,21	20	32.5	8	0	0	2	1	1	10	1	0	1
drakkarfjord_s110_A	drakkarfjord	110	A	US	Core destroyed	206	flagoff	206	5	15	9	22,8	18	32.5	8	0	0	2	1	1	10	1	0	1
drakkarfjord_s110_A	drakkarfjord	110	A	US	Core destroyed	206	flagoff	206	5	225	169	27,2	1	6.5	8	2	2	2	37	0	-1	0	0	0
drakkarfjord_s110_B	drakkarfjord	110	B	OPP	Core destroyed	780	flagoff	780	5	15	9	7,21	20	32.5	8	0	0	2	1	1	10	1	0	1
drakkarfjord_s111_A	drakkarfjord	111	A	OPP	Core destroyed	470	flagoff	470	44	15	9	22,8	18	32.5	8	0	0	2	1	1	10	1	0	1
drakkarfjord_s111_A	drakkarfjord	111	A	OPP	Core destroyed	470	flagoff	470	44	804	242	23,7	8	18.5	8	0	0	2	1	1	243	1	0	1
drakkarfjord_s111_B	drakkarfjord	111	B	US	Core destroyed	137	flagoff	137	5	15	9	7,21	20	32.5	8	0	0	2	1	1	10	1	0	1
glacierkeep_s109_A	glacierkeep	109	A	US	Titanium collected (tiebreak)	1000	flagoff	1000	5	14	7	16,23	5	14.5	8	0	0	2	1	1	8	1	0	1
glacierkeep_s109_B	glacierkeep	109	B	US	Core destroyed	517	flagoff	517	10	14	7	15,6	9	12.5	8	0	0	2	1	1	8	1	0	1
glacierkeep_s109_B	glacierkeep	109	B	US	Core destroyed	517	flagoff	517	10	95	168	15,0	1	6.5	8	2	2	2	349	0	-1	6	3	1
glacierkeep_s110_A	glacierkeep	110	A	US	Core destroyed	369	flagoff	369	4	14	7	16,23	5	14.5	8	0	0	2	1	1	8	1	0	1
glacierkeep_s110_B	glacierkeep	110	B	US	Core destroyed	280	flagoff	280	4	14	8	15,6	9	12.5	8	0	0	2	1	1	9	1	0	1
glacierkeep_s111_A	glacierkeep	111	A	OPP	Core destroyed	729	flagoff	729	4	14	7	16,23	5	14.5	8	0	0	2	1	1	8	1	0	1
glacierkeep_s111_B	glacierkeep	111	B	OPP	Titanium stored (tiebreak)	1000	flagoff	1000	4	14	8	17,6	13	18.5	8	0	0	2	1	1	9	1	0	1
nordkap_s109_A	nordkap	109	A	OPP	Core destroyed	565	flagoff	565	76	11	3	10,15	4	12.5	8	0	0	2	1	1	4	1	0	1
nordkap_s109_A	nordkap	109	A	OPP	Core destroyed	565	flagoff	565	76	17	6	11,20	2	4.5	8	2	2	2	559	0	-1	74	0	1
nordkap_s109_B	nordkap	109	B	OPP	Core destroyed	247	flagoff	247	55	11	3	10,10	9	12.5	8	0	0	2	1	1	4	1	0	1
nordkap_s109_B	nordkap	109	B	OPP	Core destroyed	247	flagoff	247	55	65	24	8,9	5	8.5	8	1	1	2	223	0	-1	52	3	1
nordkap_s110_A	nordkap	110	A	US	Core destroyed	740	flagoff	740	10	11	3	10,15	4	12.5	8	0	0	2	1	1	4	1	0	1
nordkap_s110_A	nordkap	110	A	US	Core destroyed	740	flagoff	740	10	27	8	11,20	2	4.5	8	2	2	2	2	1	10	1	0	1
nordkap_s110_A	nordkap	110	A	US	Core destroyed	740	flagoff	740	10	373	438	4,22	25	42.5	8	0	0	2	41	1	479	0	0	0
nordkap_s110_A	nordkap	110	A	US	Core destroyed	740	flagoff	740	10	382	444	12,13	20	36.5	8	0	0	2	1	1	445	1	0	1
nordkap_s110_A	nordkap	110	A	US	Core destroyed	740	flagoff	740	10	438	470	7,18	1	6.5	8	2	2	2	270	0	-1	3	1	1
nordkap_s110_A	nordkap	110	A	US	Core destroyed	740	flagoff	740	10	793	671	14,19	16	20.5	8	0	0	2	41	1	712	0	0	0
nordkap_s110_B	nordkap	110	B	OPP	Core destroyed	364	flagoff	364	8	11	3	10,10	9	12.5	8	0	0	2	1	1	4	1	0	1
nordkap_s110_B	nordkap	110	B	OPP	Core destroyed	364	flagoff	364	8	114	53	11,8	2	4.5	8	2	2	2	11	1	64	4	0	1
nordkap_s111_A	nordkap	111	A	OPP	Core destroyed	249	flagoff	249	2	11	3	10,15	4	12.5	8	0	0	2	1	1	4	1	0	1
nordkap_s111_B	nordkap	111	B	US	Core destroyed	381	flagoff	381	2	11	3	10,10	9	12.5	8	0	0	2	1	1	4	1	0	1
atoll_s112_A	atoll	112	A	OPP	Titanium collected (tiebreak)	1000	flagoff	1000	28	21	7	12,2	1	6.5	8	2	2	2	13	1	20	6	0	1
atoll_s112_A	atoll	112	A	OPP	Titanium collected (tiebreak)	1000	flagoff	1000	28	229	102	16,6	10	14.5	8	0	0	2	1	1	103	1	0	1
atoll_s112_A	atoll	112	A	OPP	Titanium collected (tiebreak)	1000	flagoff	1000	28	300	136	16,1	2	4.5	8	2	2	2	47	1	183	2	2	1
atoll_s112_B	atoll	112	B	OPP	Core destroyed	256	flagoff	256	28	103	50	2,12	1	6.5	8	2	2	2	206	0	-1	26	11	1
atoll_s113_A	atoll	113	A	US	Core destroyed	187	flagoff	187	26	29	8	13,4	2	4.5	8	2	2	2	179	0	-1	24	4	1
atoll_s113_B	atoll	113	B	OPP	Core destroyed	341	flagoff	341	5	45	18	0,16	2	8.5	8	1	1	2	4	1	22	1	0	1
atoll_s113_B	atoll	113	B	OPP	Core destroyed	341	flagoff	341	5	60	24	0,16	2	8.5	8	1	1	2	2	1	26	0	0	0
atoll_s114_A	atoll	114	A	OPP	Core destroyed	505	flagoff	505	37	30	9	12,3	1	6.5	8	2	2	2	496	0	-1	34	1	1
atoll_s114_B	atoll	114	B	OPP	Core destroyed	128	flagoff	128	33	21	6	4,13	2	4.5	8	2	2	2	122	0	-1	29	5	1
drakkarfjord_s112_A	drakkarfjord	112	A	OPP	Core destroyed	482	flagoff	482	6	15	9	22,8	18	32.5	8	0	0	2	1	1	10	1	0	1
drakkarfjord_s112_B	drakkarfjord	112	B	OPP	Core destroyed	309	flagoff	309	6	15	9	7,21	20	32.5	8	0	0	2	1	1	10	1	0	1
drakkarfjord_s113_A	drakkarfjord	113	A	US	Core destroyed	169	flagoff	169	12	15	9	22,8	18	32.5	8	0	0	2	1	1	10	1	0	1
drakkarfjord_s113_A	drakkarfjord	113	A	US	Core destroyed	169	flagoff	169	12	116	51	27,7	4	6.5	8	2	2	2	118	0	-1	7	0	1
drakkarfjord_s113_B	drakkarfjord	113	B	OPP	Core destroyed	325	flagoff	325	5	15	9	7,21	20	32.5	8	0	0	2	1	1	10	1	0	1
drakkarfjord_s114_A	drakkarfjord	114	A	OPP	Core destroyed	805	flagoff	805	160	15	9	22,8	18	32.5	8	0	0	2	1	1	10	1	0	1
drakkarfjord_s114_A	drakkarfjord	114	A	OPP	Core destroyed	805	flagoff	805	160	732	239	22,8	18	32.5	8	0	0	2	1	1	240	0	0	0
drakkarfjord_s114_A	drakkarfjord	114	A	OPP	Core destroyed	805	flagoff	805	160	865	288	22,8	18	32.5	8	0	0	2	1	1	289	0	0	0
drakkarfjord_s114_B	drakkarfjord	114	B	US	Core destroyed	173	flagoff	173	5	15	9	7,21	20	32.5	8	0	0	2	1	1	10	1	0	1
glacierkeep_s112_A	glacierkeep	112	A	OPP	Titanium collected (tiebreak)	1000	flagoff	1000	7	14	7	16,23	5	14.5	8	0	0	2	1	1	8	1	0	1
glacierkeep_s112_B	glacierkeep	112	B	US	Core destroyed	277	flagoff	277	11	14	7	16,6	10	14.5	8	0	0	2	1	1	8	1	0	1
glacierkeep_s112_B	glacierkeep	112	B	US	Core destroyed	277	flagoff	277	11	119	182	14,0	1	6.5	8	2	2	2	95	0	-1	7	7	1
glacierkeep_s113_A	glacierkeep	113	A	US	Core destroyed	377	flagoff	377	4	14	7	16,23	5	14.5	8	0	0	2	1	1	8	1	0	1
glacierkeep_s113_B	glacierkeep	113	B	US	Titanium collected (tiebreak)	1000	flagoff	1000	4	14	7	17,6	13	18.5	8	0	0	2	1	1	8	1	0	1
glacierkeep_s114_A	glacierkeep	114	A	US	Core destroyed	237	flagoff	237	4	14	8	15,23	4	12.5	8	0	0	2	1	1	9	1	0	1
glacierkeep_s114_B	glacierkeep	114	B	US	Core destroyed	177	flagoff	177	4	14	7	16,6	10	14.5	8	0	0	2	1	1	8	1	0	1
nordkap_s112_A	nordkap	112	A	US	Core destroyed	417	flagoff	417	88	11	3	10,15	4	12.5	8	0	0	2	1	1	4	1	0	1
nordkap_s112_A	nordkap	112	A	US	Core destroyed	417	flagoff	417	88	104	52	12,17	5	8.5	8	1	1	2	365	0	-1	25	0	1
nordkap_s112_A	nordkap	112	A	US	Core destroyed	417	flagoff	417	88	139	176	10,21	4	6.5	8	2	2	2	241	0	-1	61	0	1
nordkap_s112_B	nordkap	112	B	US	Core destroyed	164	flagoff	164	2	11	3	10,10	9	12.5	8	0	0	2	1	1	4	1	0	1
nordkap_s113_A	nordkap	113	A	OPP	Core destroyed	314	flagoff	314	2	11	3	10,15	4	12.5	8	0	0	2	1	1	4	1	0	1
nordkap_s113_B	nordkap	113	B	US	Core destroyed	213	flagoff	213	2	11	3	10,10	9	12.5	8	0	0	2	1	1	4	1	0	1
nordkap_s114_A	nordkap	114	A	US	Core destroyed	296	flagoff	296	7	11	3	11,14	10	22.5	8	0	0	2	1	1	4	1	0	1
nordkap_s114_A	nordkap	114	A	US	Core destroyed	296	flagoff	296	7	27	10	9,21	4	6.5	8	2	2	2	286	0	-1	5	0	1
nordkap_s114_B	nordkap	114	B	OPP	Core destroyed	330	flagoff	330	2	11	3	10,10	9	12.5	8	0	0	2	1	1	4	1	0	1
yulerune_s113_B	yulerune	113	B	US	Core destroyed	479	flagoff	479	25	485	372	5,13	13	18.5	8	0	0	2	21	1	393	4	0	1
atoll_s115_A	atoll	115	A	OPP	Core destroyed	332	flagoff	332	7	19	5	12,4	2	8.5	8	1	1	2	14	1	19	4	0	1
atoll_s115_B	atoll	115	B	US	Core destroyed	212	flagoff	212	3	41	18	4,13	2	4.5	8	2	2	2	2	1	20	1	0	1
atoll_s115_B	atoll	115	B	US	Core destroyed	212	flagoff	212	3	121	92	5,14	4	6.5	8	2	2	2	120	0	-1	0	0	0
atoll_s115_B	atoll	115	B	US	Core destroyed	212	flagoff	212	3	132	104	1,12	2	8.5	8	1	1	2	108	0	-1	0	0	0
atoll_s116_A	atoll	116	A	US	Core destroyed	248	flagoff	248	78	23	7	12,2	1	6.5	8	2	2	2	241	0	-1	76	3	1
atoll_s116_B	atoll	116	B	US	Core destroyed	159	flagoff	159	3	51	20	0,16	2	8.5	8	1	1	2	139	0	-1	1	0	1
atoll_s117_A	atoll	117	A	US	Core destroyed	306	flagoff	306	53	29	8	13,4	2	4.5	8	2	2	2	298	0	-1	49	6	1
atoll_s117_B	atoll	117	B	OPP	Core destroyed	186	flagoff	186	18	24	6	4,13	2	4.5	8	2	2	2	180	0	-1	12	3	1
drakkarfjord_s115_A	drakkarfjord	115	A	US	Core destroyed	544	flagoff	544	5	15	9	22,8	18	32.5	8	0	0	2	1	1	10	1	0	1
drakkarfjord_s115_B	drakkarfjord	115	B	US	Core destroyed	129	flagoff	129	5	15	9	7,21	20	32.5	8	0	0	2	1	1	10	1	0	1
drakkarfjord_s116_A	drakkarfjord	116	A	OPP	Core destroyed	214	flagoff	214	43	15	9	22,8	18	32.5	8	0	0	2	1	1	10	1	0	1
drakkarfjord_s116_A	drakkarfjord	116	A	OPP	Core destroyed	214	flagoff	214	43	96	39	27,7	4	6.5	8	2	2	2	175	0	-1	38	9	1
drakkarfjord_s116_B	drakkarfjord	116	B	US	Core destroyed	143	flagoff	143	5	15	9	7,21	20	32.5	8	0	0	2	1	1	10	1	0	1
drakkarfjord_s117_A	drakkarfjord	117	A	OPP	Core destroyed	472	flagoff	472	88	15	9	22,8	18	32.5	8	0	0	2	1	1	10	1	0	1
drakkarfjord_s117_A	drakkarfjord	117	A	OPP	Core destroyed	472	flagoff	472	88	96	39	27,7	4	6.5	8	2	2	2	433	0	-1	83	1	1
drakkarfjord_s117_B	drakkarfjord	117	B	OPP	Harvesters (tiebreak)	1000	flagoff	1000	102	15	9	7,21	20	32.5	8	0	0	2	1	1	10	1	0	1
drakkarfjord_s117_B	drakkarfjord	117	B	OPP	Harvesters (tiebreak)	1000	flagoff	1000	102	143	60	2,22	1	6.5	8	2	2	2	940	0	-1	95	0	1
glacierkeep_s115_A	glacierkeep	115	A	US	Core destroyed	221	flagoff	221	4	14	8	17,23	8	18.5	8	0	0	2	1	1	9	1	0	1
glacierkeep_s115_B	glacierkeep	115	B	US	Core destroyed	173	flagoff	173	8	14	7	16,6	10	14.5	8	0	0	2	1	1	8	1	0	1
glacierkeep_s115_B	glacierkeep	115	B	US	Core destroyed	173	flagoff	173	8	103	65	15,0	1	6.5	8	2	2	2	108	0	-1	4	0	1
glacierkeep_s116_A	glacierkeep	116	A	US	Core destroyed	173	flagoff	173	4	14	7	16,23	5	14.5	8	0	0	2	1	1	8	1	0	1
glacierkeep_s116_B	glacierkeep	116	B	US	Core destroyed	469	flagoff	469	4	14	7	16,6	10	14.5	8	0	0	2	1	1	8	1	0	1
glacierkeep_s117_A	glacierkeep	117	A	US	Core destroyed	181	flagoff	181	4	14	7	16,23	5	14.5	8	0	0	2	1	1	8	1	0	1
glacierkeep_s117_B	glacierkeep	117	B	US	Core destroyed	565	flagoff	565	4	14	7	16,6	10	14.5	8	0	0	2	1	1	8	1	0	1
nordkap_s115_A	nordkap	115	A	OPP	Core destroyed	224	flagoff	224	2	11	3	10,15	4	12.5	8	0	0	2	1	1	4	1	0	1
nordkap_s115_B	nordkap	115	B	OPP	Core destroyed	522	flagoff	522	2	11	3	10,10	9	12.5	8	0	0	2	1	1	4	1	0	1
nordkap_s116_A	nordkap	116	A	OPP	Core destroyed	228	flagoff	228	2	11	3	10,15	4	12.5	8	0	0	2	1	1	4	1	0	1
nordkap_s116_B	nordkap	116	B	US	Core destroyed	113	flagoff	113	2	11	3	10,10	9	12.5	8	0	0	2	1	1	4	1	0	1
nordkap_s117_A	nordkap	117	A	OPP	Core destroyed	288	flagoff	288	44	11	3	10,15	4	12.5	8	0	0	2	1	1	4	1	0	1
nordkap_s117_A	nordkap	117	A	OPP	Core destroyed	288	flagoff	288	44	19	6	12,19	4	6.5	8	2	2	2	282	0	-1	42	10	1
nordkap_s117_B	nordkap	117	B	US	Core destroyed	125	flagoff	125	2	11	3	10,10	9	12.5	8	0	0	2	1	1	4	1	0	1
yulerune_s116_B	yulerune	116	B	US	Core destroyed	464	flagoff	464	26	485	372	5,13	13	18.5	8	0	0	2	21	1	393	4	0	1
atoll_s10_A	atoll	10	A	OPP	Core destroyed	466	flagoff	466	21	27	8	14,5	4	6.5	8	2	2	2	2	1	10	1	1	1
atoll_s10_A	atoll	10	A	OPP	Core destroyed	466	flagoff	466	21	39	12	12,4	2	8.5	8	1	1	2	81	1	93	9	0	1
atoll_s10_A	atoll	10	A	OPP	Core destroyed	466	flagoff	466	21	197	110	16,6	10	14.5	8	0	0	2	1	1	111	1	0	1
atoll_s10_A	atoll	10	A	OPP	Core destroyed	466	flagoff	466	21	240	133	14,0	1	6.5	8	2	2	2	2	1	135	0	0	0
atoll_s10_B	atoll	10	B	OPP	Core destroyed	392	flagoff	392	42	19	6	4,13	2	4.5	8	2	2	2	3	1	9	2	0	1
atoll_s10_B	atoll	10	B	OPP	Core destroyed	392	flagoff	392	42	38	13	3,12	1	6.5	8	2	2	2	94	1	107	30	0	1
atoll_s10_B	atoll	10	B	OPP	Core destroyed	392	flagoff	392	42	167	107	7,10	25	40.5	8	0	0	2	1	1	108	1	0	1
atoll_s10_B	atoll	10	B	OPP	Core destroyed	392	flagoff	392	42	416	294	5,13	5	8.5	8	1	1	2	3	1	297	0	0	0
atoll_s10_B	atoll	10	B	OPP	Core destroyed	392	flagoff	392	42	423	297	6,15	9	12.5	8	0	0	2	1	1	298	1	0	1
atoll_s11_A	atoll	11	A	OPP	Core destroyed	680	flagoff	680	130	21	6	13,4	2	4.5	8	2	2	2	4	1	10	1	0	1
atoll_s11_A	atoll	11	A	OPP	Core destroyed	680	flagoff	680	130	40	12	12,2	1	6.5	8	2	2	2	53	1	65	12	0	1
atoll_s11_A	atoll	11	A	OPP	Core destroyed	680	flagoff	680	130	369	218	12,7	17	26.5	8	0	0	2	1	1	219	1	0	1
atoll_s11_A	atoll	11	A	OPP	Core destroyed	680	flagoff	680	130	395	236	15,5	4	6.5	8	2	2	2	3	1	239	1	0	1
atoll_s11_A	atoll	11	A	OPP	Core destroyed	680	flagoff	680	130	404	242	15,5	4	6.5	8	2	2	2	2	1	244	1	0	1
atoll_s11_A	atoll	11	A	OPP	Core destroyed	680	flagoff	680	130	443	268	15,5	4	6.5	8	2	2	2	2	1	270	0	0	0
atoll_s11_A	atoll	11	A	OPP	Core destroyed	680	flagoff	680	130	449	272	16,5	5	8.5	8	1	1	2	408	0	-1	103	1	1
atoll_s11_A	atoll	11	A	OPP	Core destroyed	680	flagoff	680	130	1090	632	10,7	25	40.5	8	0	0	2	1	1	633	1	0	1
atoll_s11_B	atoll	11	B	OPP	Core destroyed	430	flagoff	430	12	20	6	3,12	1	6.5	8	2	2	2	3	1	9	1	1	1
atoll_s11_B	atoll	11	B	OPP	Core destroyed	430	flagoff	430	12	101	39	1,11	5	14.5	8	0	0	2	1	1	40	1	0	1
atoll_s11_B	atoll	11	B	OPP	Core destroyed	430	flagoff	430	12	115	45	0,16	2	8.5	8	1	1	2	385	0	-1	0	0	0
atoll_s11_B	atoll	11	B	OPP	Core destroyed	430	flagoff	430	12	248	264	2,10	9	20.5	8	0	0	2	1	1	265	1	0	1
atoll_s11_B	atoll	11	B	OPP	Core destroyed	430	flagoff	430	12	264	332	2,10	9	20.5	8	0	0	2	1	1	333	1	0	1
atoll_s11_B	atoll	11	B	OPP	Core destroyed	430	flagoff	430	12	295	408	2,10	9	20.5	8	0	0	2	1	1	409	1	0	1
atoll_s12_A	atoll	12	A	OPP	Core destroyed	237	flagoff	237	5	21	6	13,4	2	4.5	8	2	2	2	7	1	13	1	0	1
atoll_s12_A	atoll	12	A	OPP	Core destroyed	237	flagoff	237	5	39	14	13,4	2	4.5	8	2	2	2	3	1	17	2	1	1
atoll_s12_B	atoll	12	B	US	Core destroyed	454	flagoff	454	110	19	6	4,13	2	4.5	8	2	2	2	3	1	9	2	0	1
atoll_s12_B	atoll	12	B	US	Core destroyed	454	flagoff	454	110	38	13	3,12	1	6.5	8	2	2	2	333	1	346	57	0	1
drakkarfjord_s10_A	drakkarfjord	10	A	OPP	Titanium collected (tiebreak)	1000	flagoff	1000	615	15	9	22,8	18	32.5	8	0	0	2	1	1	10	1	0	1
drakkarfjord_s10_A	drakkarfjord	10	A	OPP	Titanium collected (tiebreak)	1000	flagoff	1000	615	643	203	23,8	13	24.5	8	0	0	2	1	1	204	1	0	1
drakkarfjord_s10_A	drakkarfjord	10	A	OPP	Titanium collected (tiebreak)	1000	flagoff	1000	615	675	214	24,4	1	6.5	8	2	2	2	2	1	216	1	0	1
drakkarfjord_s10_A	drakkarfjord	10	A	OPP	Titanium collected (tiebreak)	1000	flagoff	1000	615	893	292	24,4	1	6.5	8	2	2	2	2	1	294	0	0	0
drakkarfjord_s10_A	drakkarfjord	10	A	OPP	Titanium collected (tiebreak)	1000	flagoff	1000	615	1027	346	24,7	5	12.5	8	0	0	2	11	1	357	2	0	1
drakkarfjord_s10_A	drakkarfjord	10	A	OPP	Titanium collected (tiebreak)	1000	flagoff	1000	615	1310	460	23,8	13	24.5	8	0	0	2	1	1	461	1	0	1
drakkarfjord_s10_A	drakkarfjord	10	A	OPP	Titanium collected (tiebreak)	1000	flagoff	1000	615	2064	798	20,4	25	42.5	8	0	0	2	17	1	815	0	0	0
drakkarfjord_s10_A	drakkarfjord	10	A	OPP	Titanium collected (tiebreak)	1000	flagoff	1000	615	2080	807	23,7	8	18.5	8	0	0	2	41	1	848	0	0	0
drakkarfjord_s10_A	drakkarfjord	10	A	OPP	Titanium collected (tiebreak)	1000	flagoff	1000	615	2096	814	28,10	26	32.5	8	0	0	2	41	1	855	0	0	0
drakkarfjord_s10_B	drakkarfjord	10	B	US	Core destroyed	123	flagoff	123	5	15	9	7,21	20	32.5	8	0	0	2	1	1	10	1	0	1
drakkarfjord_s11_A	drakkarfjord	11	A	US	Core destroyed	605	flagoff	605	56	15	9	22,8	18	32.5	8	0	0	2	1	1	10	1	0	1
drakkarfjord_s11_A	drakkarfjord	11	A	US	Core destroyed	605	flagoff	605	56	85	37	28,2	2	8.5	8	1	1	2	568	0	-1	34	0	1
drakkarfjord_s11_A	drakkarfjord	11	A	US	Core destroyed	605	flagoff	605	56	645	420	22,9	25	40.5	8	0	0	2	1	1	421	1	0	1
drakkarfjord_s11_A	drakkarfjord	11	A	US	Core destroyed	605	flagoff	605	56	688	464	24,4	1	6.5	8	2	2	2	141	0	-1	4	0	1
drakkarfjord_s11_B	drakkarfjord	11	B	US	Core destroyed	161	flagoff	161	5	15	9	7,21	20	32.5	8	0	0	2	1	1	10	1	0	1
drakkarfjord_s12_A	drakkarfjord	12	A	OPP	Core destroyed	432	flagoff	432	34	15	9	22,8	18	32.5	8	0	0	2	1	1	10	1	0	1
drakkarfjord_s12_A	drakkarfjord	12	A	OPP	Core destroyed	432	flagoff	432	34	899	292	24,4	1	6.5	8	2	2	2	140	0	-1	15	7	1
drakkarfjord_s12_B	drakkarfjord	12	B	OPP	Core destroyed	358	flagoff	358	5	15	9	7,21	20	32.5	8	0	0	2	1	1	10	1	0	1
glacierkeep_s10_A	glacierkeep	10	A	US	Titanium collected (tiebreak)	1000	flagoff	1000	4	14	7	15,23	4	12.5	8	0	0	2	1	1	8	1	0	1
glacierkeep_s10_B	glacierkeep	10	B	US	Core destroyed	257	flagoff	257	36	14	7	16,6	10	14.5	8	0	0	2	1	1	8	1	0	1
glacierkeep_s10_B	glacierkeep	10	B	US	Core destroyed	257	flagoff	257	36	123	164	15,0	1	6.5	8	2	2	2	93	0	-1	32	3	1
glacierkeep_s11_A	glacierkeep	11	A	OPP	Core destroyed	609	flagoff	609	4	14	7	16,23	5	14.5	8	0	0	2	1	1	8	1	0	1
glacierkeep_s11_B	glacierkeep	11	B	US	Core destroyed	276	flagoff	276	5	14	7	16,6	10	14.5	8	0	0	2	1	1	8	1	0	1
glacierkeep_s11_B	glacierkeep	11	B	US	Core destroyed	276	flagoff	276	5	100	232	15,5	4	6.5	8	2	2	2	44	0	-1	1	1	1
glacierkeep_s12_A	glacierkeep	12	A	OPP	Core destroyed	747	flagoff	747	4	14	8	15,23	4	12.5	8	0	0	2	1	1	9	1	0	1
glacierkeep_s12_B	glacierkeep	12	B	US	Titanium collected (tiebreak)	1000	flagoff	1000	4	14	7	16,6	10	14.5	8	0	0	2	1	1	8	1	0	1
nordkap_s10_A	nordkap	10	A	OPP	Core destroyed	213	flagoff	213	2	11	3	10,15	4	12.5	8	0	0	2	1	1	4	1	0	1
nordkap_s10_B	nordkap	10	B	OPP	Core destroyed	297	flagoff	297	2	11	3	10,10	9	12.5	8	0	0	2	1	1	4	1	0	1
nordkap_s11_A	nordkap	11	A	US	Core destroyed	240	flagoff	240	2	11	3	10,15	4	12.5	8	0	0	2	1	1	4	1	0	1
nordkap_s11_A	nordkap	11	A	US	Core destroyed	240	flagoff	240	2	107	135	7,19	1	6.5	8	2	2	2	105	0	-1	0	0	0
nordkap_s11_B	nordkap	11	B	US	Core destroyed	325	flagoff	325	8	11	3	10,10	9	12.5	8	0	0	2	1	1	4	1	0	1
nordkap_s11_B	nordkap	11	B	US	Core destroyed	325	flagoff	325	8	327	196	11,11	17	22.5	8	0	0	2	1	1	197	1	0	1
nordkap_s11_B	nordkap	11	B	US	Core destroyed	325	flagoff	325	8	343	205	8,4	2	8.5	8	1	1	2	120	0	-1	4	2	1
nordkap_s11_B	nordkap	11	B	US	Core destroyed	325	flagoff	325	8	398	237	11,11	17	22.5	8	0	0	2	1	1	238	1	0	1
nordkap_s12_A	nordkap	12	A	US	Core destroyed	412	flagoff	412	4	11	3	10,15	4	12.5	8	0	0	2	1	1	4	1	0	1
nordkap_s12_A	nordkap	12	A	US	Core destroyed	412	flagoff	412	4	333	319	8,13	17	32.5	8	0	0	2	1	1	320	1	0	1
nordkap_s12_B	nordkap	12	B	US	Core destroyed	344	flagoff	344	11	11	3	10,10	9	12.5	8	0	0	2	1	1	4	1	0	1
nordkap_s12_B	nordkap	12	B	US	Core destroyed	344	flagoff	344	11	406	169	7,10	10	18.5	8	0	0	2	1	1	170	1	0	1
nordkap_s12_B	nordkap	12	B	US	Core destroyed	344	flagoff	344	11	477	193	7,10	10	18.5	8	0	0	2	1	1	194	1	0	1
atoll_s13_A	atoll	13	A	US	Core destroyed	416	flagoff	416	17	27	8	14,5	4	6.5	8	2	2	2	2	1	10	1	1	1
atoll_s13_A	atoll	13	A	US	Core destroyed	416	flagoff	416	17	39	12	12,4	2	8.5	8	1	1	2	44	1	56	12	0	1
atoll_s13_A	atoll	13	A	US	Core destroyed	416	flagoff	416	17	265	172	14,0	1	6.5	8	2	2	2	244	0	-1	0	0	0
atoll_s13_B	atoll	13	B	OPP	Core destroyed	375	flagoff	375	169	24	6	3,12	1	6.5	8	2	2	2	369	0	-1	111	1	1
atoll_s13_B	atoll	13	B	OPP	Core destroyed	375	flagoff	375	169	232	176	5,13	5	8.5	8	1	1	2	199	0	-1	52	0	1
atoll_s14_A	atoll	14	A	US	Core destroyed	251	flagoff	251	22	21	6	13,4	2	4.5	8	2	2	2	3	1	9	0	0	0
atoll_s14_A	atoll	14	A	US	Core destroyed	251	flagoff	251	22	39	12	12,2	1	6.5	8	2	2	2	239	0	-1	19	0	1
atoll_s14_A	atoll	14	A	US	Core destroyed	251	flagoff	251	22	190	148	17,2	4	6.5	8	2	2	2	103	0	-1	1	0	1
atoll_s14_B	atoll	14	B	OPP	Core destroyed	256	flagoff	256	15	21	6	4,13	2	4.5	8	2	2	2	46	1	52	12	5	1
atoll_s15_A	atoll	15	A	US	Core destroyed	621	flagoff	621	97	28	8	13,5	5	8.5	8	1	1	2	2	1	10	1	0	1
atoll_s15_A	atoll	15	A	US	Core destroyed	621	flagoff	621	97	36	12	13,5	5	8.5	8	1	1	2	4	1	16	2	0	1
atoll_s15_A	atoll	15	A	US	Core destroyed	621	flagoff	621	97	690	361	15,6	9	12.5	8	0	0	2	1	1	362	1	0	1
atoll_s15_A	atoll	15	A	US	Core destroyed	621	flagoff	621	97	750	398	14,0	1	6.5	8	2	2	2	223	0	-1	0	0	0
atoll_s15_B	atoll	15	B	US	Core destroyed	164	flagoff	164	2	98	42	0,15	1	6.5	8	2	2	2	122	0	-1	0	0	0
drakkarfjord_s13_A	drakkarfjord	13	A	OPP	Core destroyed	357	flagoff	357	6	15	9	22,8	18	32.5	8	0	0	2	1	1	10	1	0	1
drakkarfjord_s13_B	drakkarfjord	13	B	US	Core destroyed	192	flagoff	192	5	15	9	7,21	20	32.5	8	0	0	2	1	1	10	1	0	1
drakkarfjord_s14_A	drakkarfjord	14	A	US	Titanium collected (tiebreak)	1000	flagoff	1000	662	15	9	22,8	18	32.5	8	0	0	2	1	1	10	1	0	1
drakkarfjord_s14_A	drakkarfjord	14	A	US	Titanium collected (tiebreak)	1000	flagoff	1000	662	657	208	24,4	1	6.5	8	2	2	2	149	1	357	9	5	1
drakkarfjord_s14_A	drakkarfjord	14	A	US	Titanium collected (tiebreak)	1000	flagoff	1000	662	1079	379	24,8	10	18.5	8	0	0	2	1	1	380	1	0	1
drakkarfjord_s14_A	drakkarfjord	14	A	US	Titanium collected (tiebreak)	1000	flagoff	1000	662	1218	451	22,8	18	32.5	8	0	0	2	1	1	452	1	0	1
drakkarfjord_s14_A	drakkarfjord	14	A	US	Titanium collected (tiebreak)	1000	flagoff	1000	662	1437	563	22,9	25	40.5	8	0	0	2	1	1	564	1	0	1
drakkarfjord_s14_A	drakkarfjord	14	A	US	Titanium collected (tiebreak)	1000	flagoff	1000	662	1897	803	28,10	26	32.5	8	0	0	2	41	1	844	0	0	0
drakkarfjord_s14_B	drakkarfjord	14	B	US	Core destroyed	249	flagoff	249	7	15	9	6,20	18	32.5	8	0	0	2	1	1	10	1	0	1
drakkarfjord_s14_B	drakkarfjord	14	B	US	Core destroyed	249	flagoff	249	7	290	194	2,22	1	6.5	8	2	2	2	30	1	224	2	1	1
drakkarfjord_s15_A	drakkarfjord	15	A	OPP	Core destroyed	647	flagoff	647	146	15	9	22,8	18	32.5	8	0	0	2	1	1	10	1	0	1
drakkarfjord_s15_A	drakkarfjord	15	A	OPP	Core destroyed	647	flagoff	647	146	554	190	24,4	1	6.5	8	2	2	2	34	1	224	7	2	1
drakkarfjord_s15_A	drakkarfjord	15	A	OPP	Core destroyed	647	flagoff	647	146	714	240	24,4	1	6.5	8	2	2	2	2	1	242	0	0	0
drakkarfjord_s15_A	drakkarfjord	15	A	OPP	Core destroyed	647	flagoff	647	146	794	272	23,7	8	18.5	8	0	0	2	9	1	281	0	0	0
drakkarfjord_s15_A	drakkarfjord	15	A	OPP	Core destroyed	647	flagoff	647	146	1539	545	22,8	18	32.5	8	0	0	2	10	1	555	1	0	1
drakkarfjord_s15_B	drakkarfjord	15	B	US	Core destroyed	171	flagoff	171	5	15	9	7,21	20	32.5	8	0	0	2	1	1	10	1	0	1
glacierkeep_s13_A	glacierkeep	13	A	US	Titanium collected (tiebreak)	1000	flagoff	1000	7	14	7	16,23	5	14.5	8	0	0	2	1	1	8	1	0	1
glacierkeep_s13_B	glacierkeep	13	B	US	Core destroyed	293	flagoff	293	56	14	7	16,6	10	14.5	8	0	0	2	1	1	8	1	0	1
glacierkeep_s13_B	glacierkeep	13	B	US	Core destroyed	293	flagoff	293	56	85	185	15,0	1	6.5	8	2	2	2	108	0	-1	52	12	1
glacierkeep_s14_A	glacierkeep	14	A	US	Core destroyed	216	flagoff	216	4	14	8	17,23	8	18.5	8	0	0	2	1	1	9	1	0	1
glacierkeep_s14_B	glacierkeep	14	B	US	Core destroyed	697	flagoff	697	5	14	7	16,6	10	14.5	8	0	0	2	1	1	8	1	0	1
glacierkeep_s15_A	glacierkeep	15	A	US	Core destroyed	169	flagoff	169	4	14	7	15,23	4	12.5	8	0	0	2	1	1	8	1	0	1
glacierkeep_s15_B	glacierkeep	15	B	US	Core destroyed	933	flagoff	933	4	14	7	16,6	10	14.5	8	0	0	2	1	1	8	1	0	1
nordkap_s13_A	nordkap	13	A	US	Core destroyed	349	flagoff	349	3	11	3	10,15	4	12.5	8	0	0	2	1	1	4	1	0	1
nordkap_s13_A	nordkap	13	A	US	Core destroyed	349	flagoff	349	3	93	128	9,16	1	6.5	8	2	2	2	221	0	-1	1	0	1
nordkap_s13_B	nordkap	13	B	OPP	Core destroyed	216	flagoff	216	2	11	3	10,10	9	12.5	8	0	0	2	1	1	4	1	0	1
nordkap_s14_A	nordkap	14	A	OPP	Core destroyed	159	flagoff	159	13	11	3	10,15	4	12.5	8	0	0	2	1	1	4	1	0	1
nordkap_s14_A	nordkap	14	A	OPP	Core destroyed	159	flagoff	159	13	31	10	12,19	4	6.5	8	2	2	2	149	0	-1	11	1	1
nordkap_s14_B	nordkap	14	B	US	Core destroyed	214	flagoff	214	2	11	3	10,10	9	12.5	8	0	0	2	1	1	4	1	0	1
nordkap_s15_A	nordkap	15	A	US	Titanium collected (tiebreak)	1000	flagoff	1000	2	11	3	10,15	4	12.5	8	0	0	2	1	1	4	1	0	1
nordkap_s15_B	nordkap	15	B	OPP	Core destroyed	227	flagoff	227	17	11	3	10,10	9	12.5	8	0	0	2	1	1	4	1	0	1
nordkap_s15_B	nordkap	15	B	OPP	Core destroyed	227	flagoff	227	17	65	24	8,9	5	8.5	8	1	1	2	19	1	43	10	4	1
nordkap_s15_B	nordkap	15	B	OPP	Core destroyed	227	flagoff	227	17	374	130	10,12	25	30.5	8	0	0	2	1	1	131	1	0	1
nordkap_s15_B	nordkap	15	B	OPP	Core destroyed	227	flagoff	227	17	583	197	7,10	10	18.5	8	0	0	2	1	1	198	1	0	1
atoll_s16_A	atoll	16	A	OPP	Core destroyed	367	flagoff	367	3	53	18	16,1	2	4.5	8	2	2	2	349	0	-1	1	0	1
atoll_s16_B	atoll	16	B	OPP	Core destroyed	128	flagoff	128	9	23	6	5,14	4	6.5	8	2	2	2	122	0	-1	7	2	1
atoll_s17_A	atoll	17	A	OPP	Core destroyed	549	flagoff	549	5	53	18	16,1	2	4.5	8	2	2	2	531	0	-1	3	0	1
atoll_s17_B	atoll	17	B	US	Core destroyed	158	flagoff	158	3	41	18	4,13	2	4.5	8	2	2	2	2	1	20	1	0	1
atoll_s17_B	atoll	17	B	US	Core destroyed	158	flagoff	158	3	89	54	5,14	4	6.5	8	2	2	2	104	0	-1	0	0	0
atoll_s18_A	atoll	18	A	US	Core destroyed	370	flagoff	370	26	32	9	14,5	4	6.5	8	2	2	2	361	0	-1	23	2	1
atoll_s18_A	atoll	18	A	US	Core destroyed	370	flagoff	370	26	120	50	16,1	2	4.5	8	2	2	2	320	0	-1	1	0	1
atoll_s18_B	atoll	18	B	OPP	Core destroyed	186	flagoff	186	16	24	6	4,13	2	4.5	8	2	2	2	180	0	-1	11	3	1
drakkarfjord_s16_A	drakkarfjord	16	A	OPP	Titanium collected (tiebreak)	1000	flagoff	1000	5	15	9	22,8	18	32.5	8	0	0	2	1	1	10	1	0	1
drakkarfjord_s16_B	drakkarfjord	16	B	US	Core destroyed	469	flagoff	469	5	15	9	7,21	20	32.5	8	0	0	2	1	1	10	1	0	1
drakkarfjord_s16_B	drakkarfjord	16	B	US	Core destroyed	469	flagoff	469	5	199	295	1,22	2	8.5	8	1	1	2	5	1	300	0	0	0
drakkarfjord_s17_A	drakkarfjord	17	A	US	Core destroyed	191	flagoff	191	5	15	9	22,8	18	32.5	8	0	0	2	1	1	10	1	0	1
drakkarfjord_s17_B	drakkarfjord	17	B	US	Core destroyed	171	flagoff	171	5	15	9	7,21	20	32.5	8	0	0	2	1	1	10	1	0	1
drakkarfjord_s18_A	drakkarfjord	18	A	OPP	Core destroyed	758	flagoff	758	13	15	9	22,8	18	32.5	8	0	0	2	1	1	10	1	0	1
drakkarfjord_s18_B	drakkarfjord	18	B	US	Core destroyed	325	flagoff	325	8	15	9	6,20	18	32.5	8	0	0	2	1	1	10	1	0	1
drakkarfjord_s18_B	drakkarfjord	18	B	US	Core destroyed	325	flagoff	325	8	426	256	7,21	20	32.5	8	0	0	2	1	1	257	1	0	1
glacierkeep_s16_A	glacierkeep	16	A	US	Core destroyed	201	flagoff	201	4	14	7	15,23	4	12.5	8	0	0	2	1	1	8	1	0	1
glacierkeep_s16_B	glacierkeep	16	B	US	Titanium collected (tiebreak)	1000	flagoff	1000	4	14	7	16,6	10	14.5	8	0	0	2	1	1	8	1	0	1
glacierkeep_s17_A	glacierkeep	17	A	US	Core destroyed	205	flagoff	205	4	14	7	16,23	5	14.5	8	0	0	2	1	1	8	1	0	1
glacierkeep_s17_B	glacierkeep	17	B	US	Core destroyed	165	flagoff	165	4	14	7	16,6	10	14.5	8	0	0	2	1	1	8	1	0	1
glacierkeep_s18_A	glacierkeep	18	A	US	Titanium collected (tiebreak)	1000	flagoff	1000	4	14	7	16,23	5	14.5	8	0	0	2	1	1	8	1	0	1
glacierkeep_s18_B	glacierkeep	18	B	US	Core destroyed	185	flagoff	185	4	14	7	16,6	10	14.5	8	0	0	2	1	1	8	1	0	1
nordkap_s16_A	nordkap	16	A	OPP	Core destroyed	221	flagoff	221	2	11	3	10,15	4	12.5	8	0	0	2	1	1	4	1	0	1
nordkap_s16_B	nordkap	16	B	US	Core destroyed	357	flagoff	357	6	11	3	10,10	9	12.5	8	0	0	2	1	1	4	1	0	1
nordkap_s16_B	nordkap	16	B	US	Core destroyed	357	flagoff	357	6	560	216	11,11	17	22.5	8	0	0	2	1	1	217	1	0	1
nordkap_s17_A	nordkap	17	A	US	Core destroyed	465	flagoff	465	4	11	3	10,15	4	12.5	8	0	0	2	1	1	4	1	0	1
nordkap_s17_A	nordkap	17	A	US	Core destroyed	465	flagoff	465	4	393	401	12,14	13	26.5	8	0	0	2	1	1	402	1	0	1
nordkap_s17_B	nordkap	17	B	OPP	Core destroyed	482	flagoff	482	6	11	3	10,10	9	12.5	8	0	0	2	1	1	4	1	0	1
nordkap_s17_B	nordkap	17	B	OPP	Core destroyed	482	flagoff	482	6	23	8	11,5	2	4.5	8	2	2	2	2	1	10	0	0	0
nordkap_s18_A	nordkap	18	A	OPP	Core destroyed	417	flagoff	417	2	11	3	10,15	4	12.5	8	0	0	2	1	1	4	1	0	1
nordkap_s18_B	nordkap	18	B	OPP	Core destroyed	227	flagoff	227	2	11	3	10,10	9	12.5	8	0	0	2	1	1	4	1	0	1
yulerune_s18_A	yulerune	18	A	US	Core destroyed	579	flagoff	579	50	347	360	14,7	2	12.5	8	0	0	2	219	0	-1	0	0	0
atoll_s19_A	atoll	19	A	OPP	Titanium collected (tiebreak)	1000	flagoff	1000	217	29	8	13,5	5	8.5	8	1	1	2	2	1	10	1	0	1
atoll_s19_A	atoll	19	A	OPP	Titanium collected (tiebreak)	1000	flagoff	1000	217	39	12	13,5	5	8.5	8	1	1	2	2	1	14	0	0	0
atoll_s19_A	atoll	19	A	OPP	Titanium collected (tiebreak)	1000	flagoff	1000	217	47	17	12,3	1	6.5	8	2	2	2	983	0	-1	110	0	1
atoll_s19_A	atoll	19	A	OPP	Titanium collected (tiebreak)	1000	flagoff	1000	217	154	96	16,7	17	22.5	8	0	0	2	1	1	97	1	0	1
atoll_s19_A	atoll	19	A	OPP	Titanium collected (tiebreak)	1000	flagoff	1000	217	187	131	13,6	10	14.5	8	0	0	2	1	1	132	1	0	1
atoll_s19_A	atoll	19	A	OPP	Titanium collected (tiebreak)	1000	flagoff	1000	217	256	193	12,7	17	26.5	8	0	0	2	1	1	194	1	0	1
atoll_s19_A	atoll	19	A	OPP	Titanium collected (tiebreak)	1000	flagoff	1000	217	303	228	10,7	25	40.5	8	0	0	2	41	1	269	0	0	0
atoll_s19_A	atoll	19	A	OPP	Titanium collected (tiebreak)	1000	flagoff	1000	217	362	270	10,7	25	40.5	8	0	0	2	49	1	319	1	0	1
atoll_s19_A	atoll	19	A	OPP	Titanium collected (tiebreak)	1000	flagoff	1000	217	438	320	10,7	25	40.5	8	0	0	2	680	0	-1	91	0	1
atoll_s19_B	atoll	19	B	US	Titanium collected (tiebreak)	1000	flagoff	1000	54	20	6	4,13	2	4.5	8	2	2	2	3	1	9	1	0	1
atoll_s19_B	atoll	19	B	US	Titanium collected (tiebreak)	1000	flagoff	1000	54	42	17	0,13	2	8.5	8	1	1	2	983	0	-1	29	6	1
atoll_s19_B	atoll	19	B	US	Titanium collected (tiebreak)	1000	flagoff	1000	54	375	253	7,10	25	40.5	8	0	0	2	1	1	254	1	0	1
atoll_s19_B	atoll	19	B	US	Titanium collected (tiebreak)	1000	flagoff	1000	54	434	288	5,14	4	6.5	8	2	2	2	3	1	291	1	0	1
atoll_s19_B	atoll	19	B	US	Titanium collected (tiebreak)	1000	flagoff	1000	54	481	316	4,8	26	44.5	8	0	0	2	1	1	317	1	0	1
atoll_s19_B	atoll	19	B	US	Titanium collected (tiebreak)	1000	flagoff	1000	54	533	348	5,10	13	26.5	8	0	0	2	1	1	349	1	0	1
atoll_s19_B	atoll	19	B	US	Titanium collected (tiebreak)	1000	flagoff	1000	54	555	361	5,14	4	6.5	8	2	2	2	5	1	366	1	0	1
atoll_s19_B	atoll	19	B	US	Titanium collected (tiebreak)	1000	flagoff	1000	54	567	368	5,14	4	6.5	8	2	2	2	5	1	373	0	0	0
atoll_s19_B	atoll	19	B	US	Titanium collected (tiebreak)	1000	flagoff	1000	54	584	378	5,14	4	6.5	8	2	2	2	5	1	383	2	0	1
atoll_s19_B	atoll	19	B	US	Titanium collected (tiebreak)	1000	flagoff	1000	54	599	387	5,14	4	6.5	8	2	2	2	5	1	392	1	0	1
atoll_s19_B	atoll	19	B	US	Titanium collected (tiebreak)	1000	flagoff	1000	54	664	427	7,10	25	40.5	8	0	0	2	1	1	428	1	0	1
atoll_s20_A	atoll	20	A	US	Core destroyed	233	flagoff	233	11	19	5	12,4	2	8.5	8	1	1	2	4	1	9	2	0	1
atoll_s20_A	atoll	20	A	US	Core destroyed	233	flagoff	233	11	34	10	12,3	1	6.5	8	2	2	2	223	0	-1	7	0	1
atoll_s20_B	atoll	20	B	OPP	Core destroyed	164	flagoff	164	14	28	8	2,12	1	6.5	8	2	2	2	156	0	-1	12	0	1
atoll_s21_A	atoll	21	A	US	Core destroyed	180	flagoff	180	82	23	7	12,2	1	6.5	8	2	2	2	173	0	-1	74	20	1
atoll_s21_A	atoll	21	A	US	Core destroyed	180	flagoff	180	82	121	67	15,5	4	6.5	8	2	2	2	113	0	-1	6	0	1
atoll_s21_B	atoll	21	B	US	Core destroyed	857	flagoff	857	90	21	6	4,13	2	4.5	8	2	2	2	851	0	-1	73	29	1
atoll_s21_B	atoll	21	B	US	Core destroyed	857	flagoff	857	90	234	262	5,10	13	26.5	8	0	0	2	1	1	263	1	0	1
atoll_s21_B	atoll	21	B	US	Core destroyed	857	flagoff	857	90	771	780	5,12	5	12.5	8	0	0	2	1	1	781	0	0	0
atoll_s21_B	atoll	21	B	US	Core destroyed	857	flagoff	857	90	774	781	5,12	5	12.5	8	0	0	2	2	1	783	0	0	0
atoll_s21_B	atoll	21	B	US	Core destroyed	857	flagoff	857	90	779	783	4,12	2	8.5	8	1	1	2	4	1	787	0	0	0
atoll_s21_B	atoll	21	B	US	Core destroyed	857	flagoff	857	90	786	787	5,12	5	12.5	8	0	0	2	2	1	789	0	0	0
atoll_s21_B	atoll	21	B	US	Core destroyed	857	flagoff	857	90	789	789	4,12	2	8.5	8	1	1	2	12	1	801	0	0	0
drakkarfjord_s19_A	drakkarfjord	19	A	US	Core destroyed	129	flagoff	129	5	15	9	22,8	18	32.5	8	0	0	2	1	1	10	1	0	1
drakkarfjord_s19_B	drakkarfjord	19	B	US	Core destroyed	173	flagoff	173	5	15	9	7,21	20	32.5	8	0	0	2	1	1	10	1	0	1
drakkarfjord_s20_A	drakkarfjord	20	A	US	Core destroyed	498	flagoff	498	10	15	9	22,8	18	32.5	8	0	0	2	1	1	10	1	0	1
drakkarfjord_s20_A	drakkarfjord	20	A	US	Core destroyed	498	flagoff	498	10	449	389	23,7	8	18.5	8	0	0	2	1	1	390	1	0	1
drakkarfjord_s20_B	drakkarfjord	20	B	US	Core destroyed	576	flagoff	576	8	15	9	7,21	20	32.5	8	0	0	2	1	1	10	1	0	1
drakkarfjord_s20_B	drakkarfjord	20	B	US	Core destroyed	576	flagoff	576	8	484	435	7,20	25	40.5	8	0	0	2	1	1	436	1	0	1
drakkarfjord_s21_A	drakkarfjord	21	A	OPP	Core destroyed	801	flagoff	801	91	15	9	22,8	18	32.5	8	0	0	2	1	1	10	1	0	1
drakkarfjord_s21_A	drakkarfjord	21	A	OPP	Core destroyed	801	flagoff	801	91	762	248	22,8	18	32.5	8	0	0	2	1	1	249	1	0	1
drakkarfjord_s21_A	drakkarfjord	21	A	OPP	Core destroyed	801	flagoff	801	91	950	298	28,7	5	8.5	8	1	1	2	3	1	301	0	0	0
drakkarfjord_s21_A	drakkarfjord	21	A	OPP	Core destroyed	801	flagoff	801	91	966	303	28,7	5	8.5	8	1	1	2	3	1	306	0	0	0
drakkarfjord_s21_B	drakkarfjord	21	B	US	Titanium collected (tiebreak)	1000	flagoff	1000	151	15	9	6,20	18	32.5	8	0	0	2	1	1	10	1	0	1
drakkarfjord_s21_B	drakkarfjord	21	B	US	Titanium collected (tiebreak)	1000	flagoff	1000	151	446	468	7,20	25	40.5	8	0	0	2	1	1	469	1	0	1
drakkarfjord_s21_B	drakkarfjord	21	B	US	Titanium collected (tiebreak)	1000	flagoff	1000	151	558	510	4,21	5	14.5	8	0	0	2	1	1	511	1	0	1
drakkarfjord_s21_B	drakkarfjord	21	B	US	Titanium collected (tiebreak)	1000	flagoff	1000	151	627	549	7,20	25	40.5	8	0	0	2	1	1	550	1	0	1
drakkarfjord_s21_B	drakkarfjord	21	B	US	Titanium collected (tiebreak)	1000	flagoff	1000	151	738	618	6,22	10	18.5	8	0	0	2	1	1	619	1	0	1
drakkarfjord_s21_B	drakkarfjord	21	B	US	Titanium collected (tiebreak)	1000	flagoff	1000	151	872	693	6,22	10	18.5	8	0	0	2	1	1	694	1	0	1
drakkarfjord_s21_B	drakkarfjord	21	B	US	Titanium collected (tiebreak)	1000	flagoff	1000	151	934	730	4,21	5	14.5	8	0	0	2	1	1	731	1	0	1
drakkarfjord_s21_B	drakkarfjord	21	B	US	Titanium collected (tiebreak)	1000	flagoff	1000	151	985	766	4,21	5	14.5	8	0	0	2	1	1	767	1	0	1
drakkarfjord_s21_B	drakkarfjord	21	B	US	Titanium collected (tiebreak)	1000	flagoff	1000	151	1090	839	6,22	10	18.5	8	0	0	2	1	1	840	1	0	1
drakkarfjord_s21_B	drakkarfjord	21	B	US	Titanium collected (tiebreak)	1000	flagoff	1000	151	1318	983	7,27	20	26.5	8	0	0	2	17	0	-1	0	0	0
drakkarfjord_s21_B	drakkarfjord	21	B	US	Titanium collected (tiebreak)	1000	flagoff	1000	151	1324	988	3,27	4	6.5	8	2	2	2	12	0	-1	0	0	0
drakkarfjord_s21_B	drakkarfjord	21	B	US	Titanium collected (tiebreak)	1000	flagoff	1000	151	1340	999	0,22	2	12.5	8	0	0	2	1	0	-1	0	0	0
glacierkeep_s19_A	glacierkeep	19	A	OPP	Core destroyed	626	flagoff	626	4	14	7	15,23	4	12.5	8	0	0	2	1	1	8	1	0	1
glacierkeep_s19_B	glacierkeep	19	B	US	Core destroyed	205	flagoff	205	4	14	7	16,6	10	14.5	8	0	0	2	1	1	8	1	0	1
glacierkeep_s20_A	glacierkeep	20	A	US	Titanium collected (tiebreak)	813	flagoff	813	5	14	7	15,23	4	12.5	8	0	0	2	1	1	8	1	0	1
glacierkeep_s20_B	glacierkeep	20	B	US	Core destroyed	245	flagoff	245	4	14	7	16,6	10	14.5	8	0	0	2	1	1	8	1	0	1
glacierkeep_s21_A	glacierkeep	21	A	US	Core destroyed	289	flagoff	289	4	14	7	15,23	4	12.5	8	0	0	2	1	1	8	1	0	1
glacierkeep_s21_B	glacierkeep	21	B	US	Titanium collected (tiebreak)	1000	flagoff	1000	197	14	7	16,6	10	14.5	8	0	0	2	1	1	8	1	0	1
glacierkeep_s21_B	glacierkeep	21	B	US	Titanium collected (tiebreak)	1000	flagoff	1000	197	114	140	15,0	1	6.5	8	2	2	2	860	0	-1	190	14	1
nordkap_s19_A	nordkap	19	A	OPP	Titanium collected (tiebreak)	1000	flagoff	1000	4	11	3	10,15	4	12.5	8	0	0	2	1	1	4	1	0	1
nordkap_s19_A	nordkap	19	A	OPP	Titanium collected (tiebreak)	1000	flagoff	1000	4	29	10	12,19	4	6.5	8	2	2	2	2	1	12	0	0	0
nordkap_s19_A	nordkap	19	A	OPP	Titanium collected (tiebreak)	1000	flagoff	1000	4	121	128	7,18	1	6.5	8	2	2	2	872	0	-1	2	0	1
nordkap_s19_B	nordkap	19	B	OPP	Core destroyed	314	flagoff	314	2	11	3	10,10	9	12.5	8	0	0	2	1	1	4	1	0	1
nordkap_s20_A	nordkap	20	A	US	Core destroyed	412	flagoff	412	4	11	3	10,15	4	12.5	8	0	0	2	1	1	4	1	0	1
nordkap_s20_A	nordkap	20	A	US	Core destroyed	412	flagoff	412	4	333	319	8,13	17	32.5	8	0	0	2	1	1	320	1	0	1
nordkap_s20_B	nordkap	20	B	OPP	Core destroyed	162	flagoff	162	2	11	3	10,10	9	12.5	8	0	0	2	1	1	4	1	0	1
nordkap_s20_B	nordkap	20	B	OPP	Core destroyed	162	flagoff	162	2	22	8	11,5	2	4.5	8	2	2	2	2	1	10	0	0	0
nordkap_s21_A	nordkap	21	A	OPP	Core destroyed	162	flagoff	162	3	11	3	10,15	4	12.5	8	0	0	2	1	1	4	1	0	1
nordkap_s21_A	nordkap	21	A	OPP	Core destroyed	162	flagoff	162	3	31	10	12,19	4	6.5	8	2	2	2	152	0	-1	1	1	1
nordkap_s21_B	nordkap	21	B	OPP	Core destroyed	331	flagoff	331	8	11	3	10,10	9	12.5	8	0	0	2	1	1	4	1	0	1
nordkap_s21_B	nordkap	21	B	OPP	Core destroyed	331	flagoff	331	8	83	36	11,9	5	8.5	8	1	1	2	11	1	47	4	0	1
nordkap_s21_B	nordkap	21	B	OPP	Core destroyed	331	flagoff	331	8	110	48	11,8	2	4.5	8	2	2	2	10	1	58	2	0	1
atoll_s22_A	atoll	22	A	US	Core destroyed	337	flagoff	337	14	29	10	14,5	4	6.5	8	2	2	2	3	1	13	1	0	1
atoll_s22_A	atoll	22	A	US	Core destroyed	337	flagoff	337	14	40	14	16,4	2	4.5	8	2	2	2	323	0	-1	7	3	1
atoll_s22_B	atoll	22	B	OPP	Core destroyed	206	flagoff	206	7	101	46	0,16	2	8.5	8	1	1	2	21	1	67	1	0	1
atoll_s23_A	atoll	23	A	US	Titanium collected (tiebreak)	1000	flagoff	1000	186	27	8	14,5	4	6.5	8	2	2	2	2	1	10	1	1	1
atoll_s23_A	atoll	23	A	US	Titanium collected (tiebreak)	1000	flagoff	1000	186	39	12	12,4	2	8.5	8	1	1	2	988	0	-1	51	0	1
atoll_s23_B	atoll	23	B	US	Core destroyed	600	flagoff	600	192	79	42	0,16	2	8.5	8	1	1	2	558	0	-1	63	0	1
atoll_s23_B	atoll	23	B	US	Core destroyed	600	flagoff	600	192	394	278	8,12	26	36.5	8	0	0	2	41	1	319	0	0	0
atoll_s23_B	atoll	23	B	US	Core destroyed	600	flagoff	600	192	535	403	7,12	17	26.5	8	0	0	2	1	1	404	1	0	1
atoll_s24_A	atoll	24	A	US	Core destroyed	161	flagoff	161	6	19	5	12,4	2	8.5	8	1	1	2	4	1	9	2	0	1
atoll_s24_A	atoll	24	A	US	Core destroyed	161	flagoff	161	6	34	10	12,3	1	6.5	8	2	2	2	151	0	-1	2	0	1
atoll_s24_B	atoll	24	B	OPP	Titanium collected (tiebreak)	1000	flagoff	1000	269	207	110	7,10	25	40.5	8	0	0	2	1	1	111	1	0	1
drakkarfjord_s22_A	drakkarfjord	22	A	US	Core destroyed	513	flagoff	513	24	15	9	22,8	18	32.5	8	0	0	2	1	1	10	1	0	1
drakkarfjord_s22_A	drakkarfjord	22	A	US	Core destroyed	513	flagoff	513	24	564	193	28,7	5	8.5	8	1	1	2	3	1	196	0	0	0
drakkarfjord_s22_A	drakkarfjord	22	A	US	Core destroyed	513	flagoff	513	24	579	200	28,6	2	4.5	8	2	2	2	3	1	203	0	0	0
drakkarfjord_s22_A	drakkarfjord	22	A	US	Core destroyed	513	flagoff	513	24	589	205	28,6	2	4.5	8	2	2	2	3	1	208	0	0	0
drakkarfjord_s22_A	drakkarfjord	22	A	US	Core destroyed	513	flagoff	513	24	678	251	23,8	13	24.5	8	0	0	2	1	1	252	1	0	1
drakkarfjord_s22_A	drakkarfjord	22	A	US	Core destroyed	513	flagoff	513	24	796	292	23,7	8	18.5	8	0	0	2	1	1	293	1	0	1
drakkarfjord_s22_A	drakkarfjord	22	A	US	Core destroyed	513	flagoff	513	24	910	336	23,7	8	18.5	8	0	0	2	1	1	337	1	0	1
drakkarfjord_s22_B	drakkarfjord	22	B	US	Core destroyed	163	flagoff	163	5	15	9	7,21	20	32.5	8	0	0	2	1	1	10	1	0	1
drakkarfjord_s23_A	drakkarfjord	23	A	OPP	Titanium collected (tiebreak)	1000	flagoff	1000	5	15	9	22,8	18	32.5	8	0	0	2	1	1	10	1	0	1
drakkarfjord_s23_B	drakkarfjord	23	B	OPP	Core destroyed	308	flagoff	308	5	15	9	7,21	20	32.5	8	0	0	2	1	1	10	1	0	1
drakkarfjord_s24_A	drakkarfjord	24	A	US	Core destroyed	496	flagoff	496	77	15	9	22,8	18	32.5	8	0	0	2	1	1	10	1	0	1
drakkarfjord_s24_A	drakkarfjord	24	A	US	Core destroyed	496	flagoff	496	77	138	53	27,7	4	6.5	8	2	2	2	443	0	-1	67	0	1
drakkarfjord_s24_A	drakkarfjord	24	A	US	Core destroyed	496	flagoff	496	77	305	252	24,4	1	6.5	8	2	2	2	244	0	-1	5	0	1
drakkarfjord_s24_B	drakkarfjord	24	B	US	Core destroyed	997	flagoff	997	36	15	9	7,21	20	32.5	8	0	0	2	1	1	10	1	0	1
drakkarfjord_s24_B	drakkarfjord	24	B	US	Core destroyed	997	flagoff	997	36	763	912	5,25	4	6.5	8	2	2	2	85	0	-1	1	0	1
glacierkeep_s22_A	glacierkeep	22	A	US	Core destroyed	313	flagoff	313	4	14	7	16,23	5	14.5	8	0	0	2	1	1	8	1	0	1
glacierkeep_s22_B	glacierkeep	22	B	US	Core destroyed	245	flagoff	245	4	14	7	16,6	10	14.5	8	0	0	2	1	1	8	1	0	1
glacierkeep_s23_A	glacierkeep	23	A	US	Core destroyed	128	flagoff	128	4	14	7	15,23	4	12.5	8	0	0	2	1	1	8	1	0	1
glacierkeep_s23_B	glacierkeep	23	B	US	Titanium collected (tiebreak)	1000	flagoff	1000	4	14	7	16,6	10	14.5	8	0	0	2	1	1	8	1	0	1
glacierkeep_s24_A	glacierkeep	24	A	US	Titanium collected (tiebreak)	1000	flagoff	1000	4	14	7	16,23	5	14.5	8	0	0	2	1	1	8	1	0	1
glacierkeep_s24_B	glacierkeep	24	B	US	Titanium collected (tiebreak)	1000	flagoff	1000	30	14	7	16,6	10	14.5	8	0	0	2	1	1	8	1	0	1
glacierkeep_s24_B	glacierkeep	24	B	US	Titanium collected (tiebreak)	1000	flagoff	1000	30	122	161	12,3	1	6.5	8	2	2	2	839	0	-1	26	0	1
nordkap_s22_A	nordkap	22	A	OPP	Core destroyed	877	flagoff	877	2	11	3	10,15	4	12.5	8	0	0	2	1	1	4	1	0	1
nordkap_s22_B	nordkap	22	B	OPP	Titanium collected (tiebreak)	1000	flagoff	1000	6	11	3	10,10	9	12.5	8	0	0	2	1	1	4	1	0	1
nordkap_s22_B	nordkap	22	B	OPP	Titanium collected (tiebreak)	1000	flagoff	1000	6	130	88	12,6	4	6.5	8	2	2	2	7	1	95	0	0	0
nordkap_s23_A	nordkap	23	A	OPP	Core destroyed	182	flagoff	182	41	11	3	10,15	4	12.5	8	0	0	2	1	1	4	1	0	1
nordkap_s23_A	nordkap	23	A	OPP	Core destroyed	182	flagoff	182	41	23	8	12,19	4	6.5	8	2	2	2	174	0	-1	28	2	1
nordkap_s23_A	nordkap	23	A	OPP	Core destroyed	182	flagoff	182	41	75	51	9,16	1	6.5	8	2	2	2	131	0	-1	10	1	1
nordkap_s23_B	nordkap	23	B	OPP	Core destroyed	370	flagoff	370	2	11	3	10,10	9	12.5	8	0	0	2	1	1	4	1	0	1
nordkap_s24_A	nordkap	24	A	US	Core destroyed	280	flagoff	280	2	11	3	10,15	4	12.5	8	0	0	2	1	1	4	1	0	1
nordkap_s24_A	nordkap	24	A	US	Core destroyed	280	flagoff	280	2	30	10	12,19	4	6.5	8	2	2	2	2	1	12	0	0	0
nordkap_s24_B	nordkap	24	B	US	Core destroyed	189	flagoff	189	3	11	3	10,10	9	12.5	8	0	0	2	1	1	4	1	0	1
nordkap_s24_B	nordkap	24	B	US	Core destroyed	189	flagoff	189	3	117	96	12,7	4	6.5	8	2	2	2	93	0	-1	1	0	1
atoll_s25_A	atoll	25	A	US	Core destroyed	197	flagoff	197	4	27	8	13,5	5	8.5	8	1	1	2	3	1	11	1	0	1
atoll_s25_A	atoll	25	A	US	Core destroyed	197	flagoff	197	4	44	19	16,5	5	8.5	8	1	1	2	178	0	-1	1	0	1
atoll_s25_B	atoll	25	B	US	Core destroyed	196	flagoff	196	30	23	6	3,12	1	6.5	8	2	2	2	190	0	-1	28	1	1
atoll_s26_A	atoll	26	A	OPP	Core destroyed	735	flagoff	735	192	27	8	14,5	4	6.5	8	2	2	2	2	1	10	1	1	1
atoll_s26_A	atoll	26	A	OPP	Core destroyed	735	flagoff	735	192	39	12	12,4	2	8.5	8	1	1	2	723	0	-1	188	0	1
atoll_s26_B	atoll	26	B	OPP	Titanium collected (tiebreak)	1000	flagoff	1000	188	21	5	4,12	2	8.5	8	1	1	2	995	0	-1	185	0	1
atoll_s27_A	atoll	27	A	US	Core destroyed	510	flagoff	510	11	22	6	13,4	2	4.5	8	2	2	2	5	1	11	2	0	1
atoll_s27_A	atoll	27	A	US	Core destroyed	510	flagoff	510	11	41	12	13,4	2	4.5	8	2	2	2	3	1	15	0	0	0
atoll_s27_A	atoll	27	A	US	Core destroyed	510	flagoff	510	11	50	16	12,3	1	6.5	8	2	2	2	494	0	-1	3	0	1
atoll_s27_A	atoll	27	A	US	Core destroyed	510	flagoff	510	11	169	122	10,5	13	26.5	8	0	0	2	1	1	123	1	0	1
atoll_s27_B	atoll	27	B	OPP	Titanium collected (tiebreak)	1000	flagoff	1000	12	140	70	0,14	1	6.5	8	2	2	2	930	0	-1	4	4	1
drakkarfjord_s25_A	drakkarfjord	25	A	OPP	Core destroyed	722	flagoff	722	78	15	9	22,8	18	32.5	8	0	0	2	1	1	10	1	0	1
drakkarfjord_s25_B	drakkarfjord	25	B	OPP	Core destroyed	440	flagoff	440	9	15	9	7,21	20	32.5	8	0	0	2	1	1	10	1	0	1
drakkarfjord_s25_B	drakkarfjord	25	B	OPP	Core destroyed	440	flagoff	440	9	986	332	1,22	2	8.5	8	1	1	2	108	0	-1	0	0	0
drakkarfjord_s26_A	drakkarfjord	26	A	OPP	Core destroyed	540	flagoff	540	267	15	9	22,8	18	32.5	8	0	0	2	1	1	10	1	0	1
drakkarfjord_s26_A	drakkarfjord	26	A	OPP	Core destroyed	540	flagoff	540	267	617	215	22,8	18	32.5	8	0	0	2	41	1	256	0	0	0
drakkarfjord_s26_B	drakkarfjord	26	B	US	Core destroyed	148	flagoff	148	5	15	9	6,20	18	32.5	8	0	0	2	1	1	10	1	0	1
drakkarfjord_s27_A	drakkarfjord	27	A	US	Core destroyed	132	flagoff	132	5	15	9	22,8	18	32.5	8	0	0	2	1	1	10	1	0	1
drakkarfjord_s27_B	drakkarfjord	27	B	US	Titanium collected (tiebreak)	1000	flagoff	1000	7	15	9	7,21	20	32.5	8	0	0	2	1	1	10	1	0	1
drakkarfjord_s27_B	drakkarfjord	27	B	US	Titanium collected (tiebreak)	1000	flagoff	1000	7	177	296	2,22	1	6.5	8	2	2	2	704	0	-1	2	1	1
glacierkeep_s25_A	glacierkeep	25	A	US	Core destroyed	312	flagoff	312	9	14	7	16,23	5	14.5	8	0	0	2	1	1	8	1	0	1
glacierkeep_s25_A	glacierkeep	25	A	US	Core destroyed	312	flagoff	312	9	128	125	12,25	2	8.5	8	1	1	2	187	0	-1	0	0	0
glacierkeep_s25_A	glacierkeep	25	A	US	Core destroyed	312	flagoff	312	9	141	148	16,25	2	4.5	8	2	2	2	4	1	152	0	0	0
glacierkeep_s25_A	glacierkeep	25	A	US	Core destroyed	312	flagoff	312	9	163	175	17,27	4	6.5	8	2	2	2	137	0	-1	5	4	1
glacierkeep_s25_B	glacierkeep	25	B	US	Core destroyed	257	flagoff	257	36	14	7	16,6	10	14.5	8	0	0	2	1	1	8	1	0	1
glacierkeep_s25_B	glacierkeep	25	B	US	Core destroyed	257	flagoff	257	36	123	164	15,0	1	6.5	8	2	2	2	93	0	-1	32	3	1
glacierkeep_s26_A	glacierkeep	26	A	US	Titanium collected (tiebreak)	1000	flagoff	1000	4	14	7	16,23	5	14.5	8	0	0	2	1	1	8	1	0	1
glacierkeep_s26_B	glacierkeep	26	B	US	Core destroyed	325	flagoff	325	5	14	7	16,6	10	14.5	8	0	0	2	1	1	8	1	0	1
glacierkeep_s26_B	glacierkeep	26	B	US	Core destroyed	325	flagoff	325	5	100	266	14,0	1	6.5	8	2	2	2	59	0	-1	1	1	1
glacierkeep_s27_A	glacierkeep	27	A	US	Core destroyed	413	flagoff	413	4	14	7	16,23	5	14.5	8	0	0	2	1	1	8	1	0	1
glacierkeep_s27_B	glacierkeep	27	B	US	Titanium collected (tiebreak)	1000	flagoff	1000	5	14	7	16,6	10	14.5	8	0	0	2	1	1	8	1	0	1
nordkap_s25_A	nordkap	25	A	US	Core destroyed	405	flagoff	405	43	11	3	10,15	4	12.5	8	0	0	2	1	1	4	1	0	1
nordkap_s25_A	nordkap	25	A	US	Core destroyed	405	flagoff	405	43	113	101	12,19	4	6.5	8	2	2	2	304	0	-1	17	3	1
nordkap_s25_A	nordkap	25	A	US	Core destroyed	405	flagoff	405	43	334	245	10,15	4	12.5	8	0	0	2	1	1	246	1	0	1
nordkap_s25_A	nordkap	25	A	US	Core destroyed	405	flagoff	405	43	426	272	12,16	5	12.5	8	0	0	2	133	0	-1	18	0	1
nordkap_s25_A	nordkap	25	A	US	Core destroyed	405	flagoff	405	43	506	295	12,14	13	26.5	8	0	0	2	1	1	296	1	0	1
nordkap_s25_A	nordkap	25	A	US	Core destroyed	405	flagoff	405	43	601	328	12,14	13	26.5	8	0	0	2	1	1	329	1	0	1
nordkap_s25_A	nordkap	25	A	US	Core destroyed	405	flagoff	405	43	640	340	4,16	17	36.5	8	0	0	2	41	1	381	0	0	0
nordkap_s25_A	nordkap	25	A	US	Core destroyed	405	flagoff	405	43	705	357	12,14	13	26.5	8	0	0	2	1	1	358	1	0	1
nordkap_s25_A	nordkap	25	A	US	Core destroyed	405	flagoff	405	43	851	397	12,14	13	26.5	8	0	0	2	1	1	398	1	0	1
nordkap_s25_B	nordkap	25	B	US	Core destroyed	281	flagoff	281	6	11	3	10,10	9	12.5	8	0	0	2	1	1	4	1	0	1
nordkap_s25_B	nordkap	25	B	US	Core destroyed	281	flagoff	281	6	272	108	11,11	17	22.5	8	0	0	2	1	1	109	1	0	1
nordkap_s25_B	nordkap	25	B	US	Core destroyed	281	flagoff	281	6	475	180	12,11	20	26.5	8	0	0	2	1	1	181	1	0	1
nordkap_s26_A	nordkap	26	A	US	Core destroyed	388	flagoff	388	27	11	3	10,15	4	12.5	8	0	0	2	1	1	4	1	0	1
nordkap_s26_A	nordkap	26	A	US	Core destroyed	388	flagoff	388	27	322	227	12,17	5	8.5	8	1	1	2	161	0	-1	23	0	1
nordkap_s26_B	nordkap	26	B	OPP	Core destroyed	536	flagoff	536	7	11	3	10,10	9	12.5	8	0	0	2	1	1	4	1	0	1
nordkap_s27_A	nordkap	27	A	US	Core destroyed	220	flagoff	220	3	11	3	10,15	4	12.5	8	0	0	2	1	1	4	1	0	1
nordkap_s27_A	nordkap	27	A	US	Core destroyed	220	flagoff	220	3	28	10	12,19	4	6.5	8	2	2	2	2	1	12	1	0	1
nordkap_s27_B	nordkap	27	B	US	Core destroyed	144	flagoff	144	2	11	3	10,10	9	12.5	8	0	0	2	1	1	4	1	0	1
